ISO-10303-21;
HEADER;
FILE_DESCRIPTION(('KiCad electronic assembly'),'2;1');
FILE_NAME('IR board.step','2025-03-07T15:44:15',('Pcbnew'),('Kicad'),
  'Open CASCADE STEP processor 7.8','KiCad to STEP converter','Unknown'
  );
FILE_SCHEMA(('AUTOMOTIVE_DESIGN { 1 0 10303 214 1 1 1 1 }'));
ENDSEC;
DATA;
#1 = APPLICATION_PROTOCOL_DEFINITION('international standard',
  'automotive_design',2000,#2);
#2 = APPLICATION_CONTEXT(
  'core data for automotive mechanical design processes');
#3 = SHAPE_DEFINITION_REPRESENTATION(#4,#10);
#4 = PRODUCT_DEFINITION_SHAPE('','',#5);
#5 = PRODUCT_DEFINITION('design','',#6,#9);
#6 = PRODUCT_DEFINITION_FORMATION('','',#7);
#7 = PRODUCT('IR board 1','IR board 1','',(#8));
#8 = PRODUCT_CONTEXT('',#2,'mechanical');
#9 = PRODUCT_DEFINITION_CONTEXT('part definition',#2,'design');
#10 = SHAPE_REPRESENTATION('',(#11,#15,#19,#23,#27,#31,#35,#39,#43,#47,
    #51,#55,#59,#63,#67,#71,#75,#79,#83),#87);
#11 = AXIS2_PLACEMENT_3D('',#12,#13,#14);
#12 = CARTESIAN_POINT('',(0.,0.,0.));
#13 = DIRECTION('',(0.,0.,1.));
#14 = DIRECTION('',(1.,0.,-0.));
#15 = AXIS2_PLACEMENT_3D('',#16,#17,#18);
#16 = CARTESIAN_POINT('',(233.883657,-69.708343,1.65));
#17 = DIRECTION('',(0.,0.,1.));
#18 = DIRECTION('',(-0.707106781187,0.707106781187,0.));
#19 = AXIS2_PLACEMENT_3D('',#20,#21,#22);
#20 = CARTESIAN_POINT('',(197.46,-145.3788,1.65));
#21 = DIRECTION('',(0.,0.,1.));
#22 = DIRECTION('',(1.,0.,0.));
#23 = AXIS2_PLACEMENT_3D('',#24,#25,#26);
#24 = CARTESIAN_POINT('',(245.3788,-102.54,1.65));
#25 = DIRECTION('',(0.,-0.,1.));
#26 = DIRECTION('',(1.110223024625E-16,1.,0.));
#27 = AXIS2_PLACEMENT_3D('',#28,#29,#30);
#28 = CARTESIAN_POINT('',(154.6212,-97.46,1.65));
#29 = DIRECTION('',(-0.,0.,1.));
#30 = DIRECTION('',(1.110223024625E-16,-1.,0.));
#31 = AXIS2_PLACEMENT_3D('',#32,#33,#34);
#32 = CARTESIAN_POINT('',(180.287285,-140.952545,1.65));
#33 = DIRECTION('',(-0.,0.,1.));
#34 = DIRECTION('',(0.923879532511,-0.382683432365,0.));
#35 = AXIS2_PLACEMENT_3D('',#36,#37,#38);
#36 = CARTESIAN_POINT('',(157.103455,-115.018715,1.65));
#37 = DIRECTION('',(-0.,0.,1.));
#38 = DIRECTION('',(0.382683432365,-0.923879532511,0.));
#39 = AXIS2_PLACEMENT_3D('',#40,#41,#42);
#40 = CARTESIAN_POINT('',(242.896545,-84.981285,1.65));
#41 = DIRECTION('',(0.,0.,1.));
#42 = DIRECTION('',(-0.382683432365,0.923879532511,0.));
#43 = AXIS2_PLACEMENT_3D('',#44,#45,#46);
#44 = CARTESIAN_POINT('',(219.712715,-59.047455,1.65));
#45 = DIRECTION('',(0.,0.,1.));
#46 = DIRECTION('',(-0.923879532511,0.382683432365,0.));
#47 = AXIS2_PLACEMENT_3D('',#48,#49,#50);
#48 = CARTESIAN_POINT('',(202.54,-54.6212,1.65));
#49 = DIRECTION('',(0.,0.,1.));
#50 = DIRECTION('',(-1.,1.224646799147E-16,0.));
#51 = AXIS2_PLACEMENT_3D('',#52,#53,#54);
#52 = CARTESIAN_POINT('',(240.952545,-119.712715,1.65));
#53 = DIRECTION('',(0.,-0.,1.));
#54 = DIRECTION('',(0.382683432365,0.923879532511,0.));
#55 = AXIS2_PLACEMENT_3D('',#56,#57,#58);
#56 = CARTESIAN_POINT('',(215.018715,-142.896545,1.65));
#57 = DIRECTION('',(0.,-0.,1.));
#58 = DIRECTION('',(0.923879532511,0.382683432365,0.));
#59 = AXIS2_PLACEMENT_3D('',#60,#61,#62);
#60 = CARTESIAN_POINT('',(230.291657,-133.883657,1.65));
#61 = DIRECTION('',(0.,-0.,1.));
#62 = DIRECTION('',(0.707106781187,0.707106781187,0.));
#63 = AXIS2_PLACEMENT_3D('',#64,#65,#66);
#64 = CARTESIAN_POINT('',(184.981285,-57.103455,1.65));
#65 = DIRECTION('',(0.,0.,1.));
#66 = DIRECTION('',(-0.923879532511,-0.382683432365,0.));
#67 = AXIS2_PLACEMENT_3D('',#68,#69,#70);
#68 = CARTESIAN_POINT('',(166.116343,-130.291657,1.65));
#69 = DIRECTION('',(-0.,0.,1.));
#70 = DIRECTION('',(0.707106781187,-0.707106781187,0.));
#71 = AXIS2_PLACEMENT_3D('',#72,#73,#74);
#72 = CARTESIAN_POINT('',(159.047455,-80.287285,1.65));
#73 = DIRECTION('',(0.,0.,1.));
#74 = DIRECTION('',(-0.382683432365,-0.923879532511,0.));
#75 = AXIS2_PLACEMENT_3D('',#76,#77,#78);
#76 = CARTESIAN_POINT('',(169.708343,-66.116343,1.65));
#77 = DIRECTION('',(0.,0.,1.));
#78 = DIRECTION('',(-0.707106781187,-0.707106781187,0.));
#79 = AXIS2_PLACEMENT_3D('',#80,#81,#82);
#80 = CARTESIAN_POINT('',(194.92,-133.89,-5.E-02));
#81 = DIRECTION('',(0.,-1.224646799147E-16,-1.));
#82 = DIRECTION('',(1.,0.,0.));
#83 = AXIS2_PLACEMENT_3D('',#84,#85,#86);
#84 = CARTESIAN_POINT('',(0.,0.,0.));
#85 = DIRECTION('',(0.,0.,1.));
#86 = DIRECTION('',(1.,0.,-0.));
#87 = ( GEOMETRIC_REPRESENTATION_CONTEXT(3) 
GLOBAL_UNCERTAINTY_ASSIGNED_CONTEXT((#91)) GLOBAL_UNIT_ASSIGNED_CONTEXT(
(#88,#89,#90)) REPRESENTATION_CONTEXT('Context #1',
  '3D Context with UNIT and UNCERTAINTY') );
#88 = ( LENGTH_UNIT() NAMED_UNIT(*) SI_UNIT(.MILLI.,.METRE.) );
#89 = ( NAMED_UNIT(*) PLANE_ANGLE_UNIT() SI_UNIT($,.RADIAN.) );
#90 = ( NAMED_UNIT(*) SI_UNIT($,.STERADIAN.) SOLID_ANGLE_UNIT() );
#91 = UNCERTAINTY_MEASURE_WITH_UNIT(LENGTH_MEASURE(1.E-07),#88,
  'distance_accuracy_value','confusion accuracy');
#92 = PRODUCT_RELATED_PRODUCT_CATEGORY('part',$,(#7));
#93 = SHAPE_DEFINITION_REPRESENTATION(#94,#100);
#94 = PRODUCT_DEFINITION_SHAPE('','',#95);
#95 = PRODUCT_DEFINITION('design','',#96,#99);
#96 = PRODUCT_DEFINITION_FORMATION('','',#97);
#97 = PRODUCT('Vishay_MINICAST-3Pin','Vishay_MINICAST-3Pin','',(#98));
#98 = PRODUCT_CONTEXT('',#2,'mechanical');
#99 = PRODUCT_DEFINITION_CONTEXT('part definition',#2,'design');
#100 = SHAPE_REPRESENTATION('',(#11,#101),#105);
#101 = AXIS2_PLACEMENT_3D('',#102,#103,#104);
#102 = CARTESIAN_POINT('',(0.,0.,0.));
#103 = DIRECTION('',(0.,0.,1.));
#104 = DIRECTION('',(1.,0.,-0.));
#105 = ( GEOMETRIC_REPRESENTATION_CONTEXT(3) 
GLOBAL_UNCERTAINTY_ASSIGNED_CONTEXT((#109)) GLOBAL_UNIT_ASSIGNED_CONTEXT
((#106,#107,#108)) REPRESENTATION_CONTEXT('Context #1',
  '3D Context with UNIT and UNCERTAINTY') );
#106 = ( LENGTH_UNIT() NAMED_UNIT(*) SI_UNIT(.MILLI.,.METRE.) );
#107 = ( NAMED_UNIT(*) PLANE_ANGLE_UNIT() SI_UNIT($,.RADIAN.) );
#108 = ( NAMED_UNIT(*) SI_UNIT($,.STERADIAN.) SOLID_ANGLE_UNIT() );
#109 = UNCERTAINTY_MEASURE_WITH_UNIT(LENGTH_MEASURE(1.E-07),#106,
  'distance_accuracy_value','confusion accuracy');
#110 = CONTEXT_DEPENDENT_SHAPE_REPRESENTATION(#111,#113);
#111 = ( REPRESENTATION_RELATIONSHIP('','',#100,#10) 
REPRESENTATION_RELATIONSHIP_WITH_TRANSFORMATION(#112) 
SHAPE_REPRESENTATION_RELATIONSHIP() );
#112 = ITEM_DEFINED_TRANSFORMATION('','',#11,#15);
#113 = PRODUCT_DEFINITION_SHAPE('Placement','Placement of an item',#114
  );
#114 = NEXT_ASSEMBLY_USAGE_OCCURRENCE('2','U15','',#5,#95,$);
#115 = PRODUCT_RELATED_PRODUCT_CATEGORY('part',$,(#97));
#116 = SHAPE_DEFINITION_REPRESENTATION(#117,#123);
#117 = PRODUCT_DEFINITION_SHAPE('','',#118);
#118 = PRODUCT_DEFINITION('design','',#119,#122);
#119 = PRODUCT_DEFINITION_FORMATION('','',#120);
#120 = PRODUCT('Vishay_MINICAST-3pin','Vishay_MINICAST-3pin','',(#121));
#121 = PRODUCT_CONTEXT('',#2,'mechanical');
#122 = PRODUCT_DEFINITION_CONTEXT('part definition',#2,'design');
#123 = ADVANCED_BREP_SHAPE_REPRESENTATION('',(#11,#124),#2256);
#124 = MANIFOLD_SOLID_BREP('',#125);
#125 = CLOSED_SHELL('',(#126,#166,#215,#240,#363,#430,#447,#464,#476,
    #555,#709,#733,#879,#897,#929,#1075,#1099,#1239,#1263,#1274,#1284,
    #1315,#1419,#1443,#1540,#1562,#1574,#1591,#1608,#1625,#1642,#1659,
    #1676,#1693,#1710,#1727,#1744,#1761,#1778,#1795,#1807,#1824,#1841,
    #1858,#1875,#1892,#1909,#1926,#1943,#1960,#1977,#1994,#2011,#2028,
    #2045,#2062,#2074,#2091,#2113,#2130,#2147,#2159,#2176,#2193,#2210,
    #2227,#2244));
#126 = ADVANCED_FACE('',(#127),#161,.F.);
#127 = FACE_BOUND('',#128,.F.);
#128 = EDGE_LOOP('',(#129,#139,#147,#155));
#129 = ORIENTED_EDGE('',*,*,#130,.F.);
#130 = EDGE_CURVE('',#131,#133,#135,.T.);
#131 = VERTEX_POINT('',#132);
#132 = CARTESIAN_POINT('',(5.04,1.4,3.4));
#133 = VERTEX_POINT('',#134);
#134 = CARTESIAN_POINT('',(5.04,1.4,10.15));
#135 = LINE('',#136,#137);
#136 = CARTESIAN_POINT('',(5.04,1.4,3.4));
#137 = VECTOR('',#138,1.);
#138 = DIRECTION('',(0.,6.661338147751E-16,1.));
#139 = ORIENTED_EDGE('',*,*,#140,.T.);
#140 = EDGE_CURVE('',#131,#141,#143,.T.);
#141 = VERTEX_POINT('',#142);
#142 = CARTESIAN_POINT('',(5.04,-1.4,3.4));
#143 = LINE('',#144,#145);
#144 = CARTESIAN_POINT('',(5.04,1.4,3.4));
#145 = VECTOR('',#146,1.);
#146 = DIRECTION('',(0.,-1.,4.440892098501E-16));
#147 = ORIENTED_EDGE('',*,*,#148,.T.);
#148 = EDGE_CURVE('',#141,#149,#151,.T.);
#149 = VERTEX_POINT('',#150);
#150 = CARTESIAN_POINT('',(5.04,-1.4,10.15));
#151 = LINE('',#152,#153);
#152 = CARTESIAN_POINT('',(5.04,-1.4,3.4));
#153 = VECTOR('',#154,1.);
#154 = DIRECTION('',(0.,6.661338147751E-16,1.));
#155 = ORIENTED_EDGE('',*,*,#156,.F.);
#156 = EDGE_CURVE('',#133,#149,#157,.T.);
#157 = LINE('',#158,#159);
#158 = CARTESIAN_POINT('',(5.04,1.4,10.15));
#159 = VECTOR('',#160,1.);
#160 = DIRECTION('',(0.,-1.,4.440892098501E-16));
#161 = PLANE('',#162);
#162 = AXIS2_PLACEMENT_3D('',#163,#164,#165);
#163 = CARTESIAN_POINT('',(5.04,1.4,3.4));
#164 = DIRECTION('',(-1.,0.,0.));
#165 = DIRECTION('',(0.,6.661338147751E-16,1.));
#166 = ADVANCED_FACE('',(#167),#210,.T.);
#167 = FACE_BOUND('',#168,.T.);
#168 = EDGE_LOOP('',(#169,#170,#178,#186,#195,#203));
#169 = ORIENTED_EDGE('',*,*,#130,.F.);
#170 = ORIENTED_EDGE('',*,*,#171,.F.);
#171 = EDGE_CURVE('',#172,#131,#174,.T.);
#172 = VERTEX_POINT('',#173);
#173 = CARTESIAN_POINT('',(4.E-02,1.4,3.4));
#174 = LINE('',#175,#176);
#175 = CARTESIAN_POINT('',(4.E-02,1.4,3.4));
#176 = VECTOR('',#177,1.);
#177 = DIRECTION('',(1.,0.,0.));
#178 = ORIENTED_EDGE('',*,*,#179,.F.);
#179 = EDGE_CURVE('',#180,#172,#182,.T.);
#180 = VERTEX_POINT('',#181);
#181 = CARTESIAN_POINT('',(4.E-02,1.4,10.15));
#182 = LINE('',#183,#184);
#183 = CARTESIAN_POINT('',(4.E-02,1.4,10.35));
#184 = VECTOR('',#185,1.);
#185 = DIRECTION('',(0.,-6.661338147751E-16,-1.));
#186 = ORIENTED_EDGE('',*,*,#187,.F.);
#187 = EDGE_CURVE('',#188,#180,#190,.T.);
#188 = VERTEX_POINT('',#189);
#189 = CARTESIAN_POINT('',(0.24,1.4,10.35));
#190 = CIRCLE('',#191,0.2);
#191 = AXIS2_PLACEMENT_3D('',#192,#193,#194);
#192 = CARTESIAN_POINT('',(0.24,1.4,10.15));
#193 = DIRECTION('',(0.,-1.,4.440892098501E-16));
#194 = DIRECTION('',(0.,-4.440892098501E-16,-1.));
#195 = ORIENTED_EDGE('',*,*,#196,.F.);
#196 = EDGE_CURVE('',#197,#188,#199,.T.);
#197 = VERTEX_POINT('',#198);
#198 = CARTESIAN_POINT('',(4.84,1.4,10.35));
#199 = LINE('',#200,#201);
#200 = CARTESIAN_POINT('',(5.04,1.4,10.35));
#201 = VECTOR('',#202,1.);
#202 = DIRECTION('',(-1.,0.,0.));
#203 = ORIENTED_EDGE('',*,*,#204,.F.);
#204 = EDGE_CURVE('',#133,#197,#205,.T.);
#205 = CIRCLE('',#206,0.2);
#206 = AXIS2_PLACEMENT_3D('',#207,#208,#209);
#207 = CARTESIAN_POINT('',(4.84,1.4,10.15));
#208 = DIRECTION('',(0.,-1.,4.440892098501E-16));
#209 = DIRECTION('',(0.,-4.440892098501E-16,-1.));
#210 = PLANE('',#211);
#211 = AXIS2_PLACEMENT_3D('',#212,#213,#214);
#212 = CARTESIAN_POINT('',(4.E-02,1.4,3.4));
#213 = DIRECTION('',(0.,1.,-6.661338147751E-16));
#214 = DIRECTION('',(0.,6.661338147751E-16,1.));
#215 = ADVANCED_FACE('',(#216),#235,.T.);
#216 = FACE_BOUND('',#217,.T.);
#217 = EDGE_LOOP('',(#218,#219,#227,#234));
#218 = ORIENTED_EDGE('',*,*,#204,.T.);
#219 = ORIENTED_EDGE('',*,*,#220,.T.);
#220 = EDGE_CURVE('',#197,#221,#223,.T.);
#221 = VERTEX_POINT('',#222);
#222 = CARTESIAN_POINT('',(4.84,-1.4,10.35));
#223 = LINE('',#224,#225);
#224 = CARTESIAN_POINT('',(4.84,1.4,10.35));
#225 = VECTOR('',#226,1.);
#226 = DIRECTION('',(0.,-1.,4.440892098501E-16));
#227 = ORIENTED_EDGE('',*,*,#228,.F.);
#228 = EDGE_CURVE('',#149,#221,#229,.T.);
#229 = CIRCLE('',#230,0.2);
#230 = AXIS2_PLACEMENT_3D('',#231,#232,#233);
#231 = CARTESIAN_POINT('',(4.84,-1.4,10.15));
#232 = DIRECTION('',(0.,-1.,4.440892098501E-16));
#233 = DIRECTION('',(0.,-4.440892098501E-16,-1.));
#234 = ORIENTED_EDGE('',*,*,#156,.F.);
#235 = CYLINDRICAL_SURFACE('',#236,0.2);
#236 = AXIS2_PLACEMENT_3D('',#237,#238,#239);
#237 = CARTESIAN_POINT('',(4.84,1.4,10.15));
#238 = DIRECTION('',(0.,-1.,4.440892098501E-16));
#239 = DIRECTION('',(1.,0.,0.));
#240 = ADVANCED_FACE('',(#241),#358,.F.);
#241 = FACE_BOUND('',#242,.F.);
#242 = EDGE_LOOP('',(#243,#244,#252,#260,#269,#277,#285,#293,#301,#310,
    #318,#326,#334,#342,#351,#357));
#243 = ORIENTED_EDGE('',*,*,#171,.F.);
#244 = ORIENTED_EDGE('',*,*,#245,.T.);
#245 = EDGE_CURVE('',#172,#246,#248,.T.);
#246 = VERTEX_POINT('',#247);
#247 = CARTESIAN_POINT('',(4.E-02,-1.4,3.4));
#248 = LINE('',#249,#250);
#249 = CARTESIAN_POINT('',(4.E-02,1.4,3.4));
#250 = VECTOR('',#251,1.);
#251 = DIRECTION('',(0.,-1.,4.440892098501E-16));
#252 = ORIENTED_EDGE('',*,*,#253,.T.);
#253 = EDGE_CURVE('',#246,#254,#256,.T.);
#254 = VERTEX_POINT('',#255);
#255 = CARTESIAN_POINT('',(0.54,-1.4,3.4));
#256 = LINE('',#257,#258);
#257 = CARTESIAN_POINT('',(4.E-02,-1.4,3.4));
#258 = VECTOR('',#259,1.);
#259 = DIRECTION('',(1.,0.,0.));
#260 = ORIENTED_EDGE('',*,*,#261,.T.);
#261 = EDGE_CURVE('',#254,#262,#264,.T.);
#262 = VERTEX_POINT('',#263);
#263 = CARTESIAN_POINT('',(0.94,-0.2,3.4));
#264 = CIRCLE('',#265,2.);
#265 = AXIS2_PLACEMENT_3D('',#266,#267,#268);
#266 = CARTESIAN_POINT('',(2.54,-1.4,3.4));
#267 = DIRECTION('',(0.,3.330669073875E-16,-1.));
#268 = DIRECTION('',(1.,-3.330669073875E-16,-1.109335647967E-31));
#269 = ORIENTED_EDGE('',*,*,#270,.T.);
#270 = EDGE_CURVE('',#262,#271,#273,.T.);
#271 = VERTEX_POINT('',#272);
#272 = CARTESIAN_POINT('',(0.59,-0.2,3.4));
#273 = LINE('',#274,#275);
#274 = CARTESIAN_POINT('',(0.195,-0.2,3.4));
#275 = VECTOR('',#276,1.);
#276 = DIRECTION('',(-1.,0.,0.));
#277 = ORIENTED_EDGE('',*,*,#278,.F.);
#278 = EDGE_CURVE('',#279,#271,#281,.T.);
#279 = VERTEX_POINT('',#280);
#280 = CARTESIAN_POINT('',(0.59,0.2,3.4));
#281 = LINE('',#282,#283);
#282 = CARTESIAN_POINT('',(0.59,0.8,3.4));
#283 = VECTOR('',#284,1.);
#284 = DIRECTION('',(0.,-1.,4.440892098501E-16));
#285 = ORIENTED_EDGE('',*,*,#286,.F.);
#286 = EDGE_CURVE('',#287,#279,#289,.T.);
#287 = VERTEX_POINT('',#288);
#288 = CARTESIAN_POINT('',(1.19,0.2,3.4));
#289 = LINE('',#290,#291);
#290 = CARTESIAN_POINT('',(0.195,0.2,3.4));
#291 = VECTOR('',#292,1.);
#292 = DIRECTION('',(-1.,0.,0.));
#293 = ORIENTED_EDGE('',*,*,#294,.F.);
#294 = EDGE_CURVE('',#295,#287,#297,.T.);
#295 = VERTEX_POINT('',#296);
#296 = CARTESIAN_POINT('',(1.19,7.563545633737E-02,3.4));
#297 = LINE('',#298,#299);
#298 = CARTESIAN_POINT('',(1.19,0.8,3.4));
#299 = VECTOR('',#300,1.);
#300 = DIRECTION('',(0.,1.,-4.440892098501E-16));
#301 = ORIENTED_EDGE('',*,*,#302,.T.);
#302 = EDGE_CURVE('',#295,#303,#305,.T.);
#303 = VERTEX_POINT('',#304);
#304 = CARTESIAN_POINT('',(3.89,7.563545633737E-02,3.4));
#305 = CIRCLE('',#306,2.);
#306 = AXIS2_PLACEMENT_3D('',#307,#308,#309);
#307 = CARTESIAN_POINT('',(2.54,-1.4,3.4));
#308 = DIRECTION('',(0.,3.330669073875E-16,-1.));
#309 = DIRECTION('',(1.,-3.330669073875E-16,-1.109335647967E-31));
#310 = ORIENTED_EDGE('',*,*,#311,.T.);
#311 = EDGE_CURVE('',#303,#312,#314,.T.);
#312 = VERTEX_POINT('',#313);
#313 = CARTESIAN_POINT('',(3.89,0.2,3.4));
#314 = LINE('',#315,#316);
#315 = CARTESIAN_POINT('',(3.89,0.8,3.4));
#316 = VECTOR('',#317,1.);
#317 = DIRECTION('',(0.,1.,-4.440892098501E-16));
#318 = ORIENTED_EDGE('',*,*,#319,.F.);
#319 = EDGE_CURVE('',#320,#312,#322,.T.);
#320 = VERTEX_POINT('',#321);
#321 = CARTESIAN_POINT('',(4.49,0.2,3.4));
#322 = LINE('',#323,#324);
#323 = CARTESIAN_POINT('',(2.735,0.2,3.4));
#324 = VECTOR('',#325,1.);
#325 = DIRECTION('',(-1.,0.,0.));
#326 = ORIENTED_EDGE('',*,*,#327,.T.);
#327 = EDGE_CURVE('',#320,#328,#330,.T.);
#328 = VERTEX_POINT('',#329);
#329 = CARTESIAN_POINT('',(4.49,-0.2,3.4));
#330 = LINE('',#331,#332);
#331 = CARTESIAN_POINT('',(4.49,0.8,3.4));
#332 = VECTOR('',#333,1.);
#333 = DIRECTION('',(0.,-1.,4.440892098501E-16));
#334 = ORIENTED_EDGE('',*,*,#335,.T.);
#335 = EDGE_CURVE('',#328,#336,#338,.T.);
#336 = VERTEX_POINT('',#337);
#337 = CARTESIAN_POINT('',(4.14,-0.2,3.4));
#338 = LINE('',#339,#340);
#339 = CARTESIAN_POINT('',(2.735,-0.2,3.4));
#340 = VECTOR('',#341,1.);
#341 = DIRECTION('',(-1.,0.,0.));
#342 = ORIENTED_EDGE('',*,*,#343,.T.);
#343 = EDGE_CURVE('',#336,#344,#346,.T.);
#344 = VERTEX_POINT('',#345);
#345 = CARTESIAN_POINT('',(4.54,-1.4,3.4));
#346 = CIRCLE('',#347,2.);
#347 = AXIS2_PLACEMENT_3D('',#348,#349,#350);
#348 = CARTESIAN_POINT('',(2.54,-1.4,3.4));
#349 = DIRECTION('',(0.,3.330669073875E-16,-1.));
#350 = DIRECTION('',(1.,-3.330669073875E-16,-1.109335647967E-31));
#351 = ORIENTED_EDGE('',*,*,#352,.T.);
#352 = EDGE_CURVE('',#344,#141,#353,.T.);
#353 = LINE('',#354,#355);
#354 = CARTESIAN_POINT('',(4.E-02,-1.4,3.4));
#355 = VECTOR('',#356,1.);
#356 = DIRECTION('',(1.,0.,0.));
#357 = ORIENTED_EDGE('',*,*,#140,.F.);
#358 = PLANE('',#359);
#359 = AXIS2_PLACEMENT_3D('',#360,#361,#362);
#360 = CARTESIAN_POINT('',(4.E-02,1.4,3.4));
#361 = DIRECTION('',(0.,4.440892098501E-16,1.));
#362 = DIRECTION('',(1.,0.,-0.));
#363 = ADVANCED_FACE('',(#364),#425,.F.);
#364 = FACE_BOUND('',#365,.F.);
#365 = EDGE_LOOP('',(#366,#367,#368,#369,#377,#386,#395,#401,#402,#410,
    #419));
#366 = ORIENTED_EDGE('',*,*,#228,.F.);
#367 = ORIENTED_EDGE('',*,*,#148,.F.);
#368 = ORIENTED_EDGE('',*,*,#352,.F.);
#369 = ORIENTED_EDGE('',*,*,#370,.T.);
#370 = EDGE_CURVE('',#344,#371,#373,.T.);
#371 = VERTEX_POINT('',#372);
#372 = CARTESIAN_POINT('',(4.54,-1.4,7.6));
#373 = LINE('',#374,#375);
#374 = CARTESIAN_POINT('',(4.54,-1.4,3.4));
#375 = VECTOR('',#376,1.);
#376 = DIRECTION('',(0.,-5.551115123126E-16,1.));
#377 = ORIENTED_EDGE('',*,*,#378,.T.);
#378 = EDGE_CURVE('',#371,#379,#381,.T.);
#379 = VERTEX_POINT('',#380);
#380 = CARTESIAN_POINT('',(2.54,-1.4,9.6));
#381 = CIRCLE('',#382,2.);
#382 = AXIS2_PLACEMENT_3D('',#383,#384,#385);
#383 = CARTESIAN_POINT('',(2.54,-1.4,7.6));
#384 = DIRECTION('',(0.,-1.,-5.551115123126E-16));
#385 = DIRECTION('',(1.,0.,0.));
#386 = ORIENTED_EDGE('',*,*,#387,.F.);
#387 = EDGE_CURVE('',#388,#379,#390,.T.);
#388 = VERTEX_POINT('',#389);
#389 = CARTESIAN_POINT('',(0.54,-1.4,7.6));
#390 = CIRCLE('',#391,2.);
#391 = AXIS2_PLACEMENT_3D('',#392,#393,#394);
#392 = CARTESIAN_POINT('',(2.54,-1.4,7.6));
#393 = DIRECTION('',(0.,1.,-6.661338147751E-16));
#394 = DIRECTION('',(0.,6.661338147751E-16,1.));
#395 = ORIENTED_EDGE('',*,*,#396,.F.);
#396 = EDGE_CURVE('',#254,#388,#397,.T.);
#397 = LINE('',#398,#399);
#398 = CARTESIAN_POINT('',(0.54,-1.4,3.4));
#399 = VECTOR('',#400,1.);
#400 = DIRECTION('',(0.,-3.330669073875E-16,1.));
#401 = ORIENTED_EDGE('',*,*,#253,.F.);
#402 = ORIENTED_EDGE('',*,*,#403,.F.);
#403 = EDGE_CURVE('',#404,#246,#406,.T.);
#404 = VERTEX_POINT('',#405);
#405 = CARTESIAN_POINT('',(4.E-02,-1.4,10.15));
#406 = LINE('',#407,#408);
#407 = CARTESIAN_POINT('',(4.E-02,-1.4,10.35));
#408 = VECTOR('',#409,1.);
#409 = DIRECTION('',(0.,-6.661338147751E-16,-1.));
#410 = ORIENTED_EDGE('',*,*,#411,.F.);
#411 = EDGE_CURVE('',#412,#404,#414,.T.);
#412 = VERTEX_POINT('',#413);
#413 = CARTESIAN_POINT('',(0.24,-1.4,10.35));
#414 = CIRCLE('',#415,0.2);
#415 = AXIS2_PLACEMENT_3D('',#416,#417,#418);
#416 = CARTESIAN_POINT('',(0.24,-1.4,10.15));
#417 = DIRECTION('',(0.,-1.,4.440892098501E-16));
#418 = DIRECTION('',(0.,-4.440892098501E-16,-1.));
#419 = ORIENTED_EDGE('',*,*,#420,.F.);
#420 = EDGE_CURVE('',#221,#412,#421,.T.);
#421 = LINE('',#422,#423);
#422 = CARTESIAN_POINT('',(5.04,-1.4,10.35));
#423 = VECTOR('',#424,1.);
#424 = DIRECTION('',(-1.,0.,0.));
#425 = PLANE('',#426);
#426 = AXIS2_PLACEMENT_3D('',#427,#428,#429);
#427 = CARTESIAN_POINT('',(4.E-02,-1.4,3.4));
#428 = DIRECTION('',(0.,1.,-6.661338147751E-16));
#429 = DIRECTION('',(0.,6.661338147751E-16,1.));
#430 = ADVANCED_FACE('',(#431),#442,.F.);
#431 = FACE_BOUND('',#432,.F.);
#432 = EDGE_LOOP('',(#433,#434,#435,#436));
#433 = ORIENTED_EDGE('',*,*,#196,.F.);
#434 = ORIENTED_EDGE('',*,*,#220,.T.);
#435 = ORIENTED_EDGE('',*,*,#420,.T.);
#436 = ORIENTED_EDGE('',*,*,#437,.F.);
#437 = EDGE_CURVE('',#188,#412,#438,.T.);
#438 = LINE('',#439,#440);
#439 = CARTESIAN_POINT('',(0.24,1.4,10.35));
#440 = VECTOR('',#441,1.);
#441 = DIRECTION('',(0.,-1.,4.440892098501E-16));
#442 = PLANE('',#443);
#443 = AXIS2_PLACEMENT_3D('',#444,#445,#446);
#444 = CARTESIAN_POINT('',(5.04,1.4,10.35));
#445 = DIRECTION('',(0.,-4.440892098501E-16,-1.));
#446 = DIRECTION('',(-1.,-0.,0.));
#447 = ADVANCED_FACE('',(#448),#459,.F.);
#448 = FACE_BOUND('',#449,.F.);
#449 = EDGE_LOOP('',(#450,#451,#457,#458));
#450 = ORIENTED_EDGE('',*,*,#179,.F.);
#451 = ORIENTED_EDGE('',*,*,#452,.T.);
#452 = EDGE_CURVE('',#180,#404,#453,.T.);
#453 = LINE('',#454,#455);
#454 = CARTESIAN_POINT('',(4.E-02,1.4,10.15));
#455 = VECTOR('',#456,1.);
#456 = DIRECTION('',(0.,-1.,4.440892098501E-16));
#457 = ORIENTED_EDGE('',*,*,#403,.T.);
#458 = ORIENTED_EDGE('',*,*,#245,.F.);
#459 = PLANE('',#460);
#460 = AXIS2_PLACEMENT_3D('',#461,#462,#463);
#461 = CARTESIAN_POINT('',(4.E-02,1.4,10.35));
#462 = DIRECTION('',(1.,0.,0.));
#463 = DIRECTION('',(0.,-6.661338147751E-16,-1.));
#464 = ADVANCED_FACE('',(#465),#471,.T.);
#465 = FACE_BOUND('',#466,.T.);
#466 = EDGE_LOOP('',(#467,#468,#469,#470));
#467 = ORIENTED_EDGE('',*,*,#187,.T.);
#468 = ORIENTED_EDGE('',*,*,#452,.T.);
#469 = ORIENTED_EDGE('',*,*,#411,.F.);
#470 = ORIENTED_EDGE('',*,*,#437,.F.);
#471 = CYLINDRICAL_SURFACE('',#472,0.2);
#472 = AXIS2_PLACEMENT_3D('',#473,#474,#475);
#473 = CARTESIAN_POINT('',(0.24,1.4,10.15));
#474 = DIRECTION('',(0.,-1.,4.440892098501E-16));
#475 = DIRECTION('',(0.,4.440892098501E-16,1.));
#476 = ADVANCED_FACE('',(#477,#516),#550,.T.);
#477 = FACE_BOUND('',#478,.T.);
#478 = EDGE_LOOP('',(#479,#485,#486,#494,#500,#501,#509,#515));
#479 = ORIENTED_EDGE('',*,*,#480,.F.);
#480 = EDGE_CURVE('',#254,#344,#481,.T.);
#481 = LINE('',#482,#483);
#482 = CARTESIAN_POINT('',(4.E-02,-1.4,3.4));
#483 = VECTOR('',#484,1.);
#484 = DIRECTION('',(1.,0.,0.));
#485 = ORIENTED_EDGE('',*,*,#261,.T.);
#486 = ORIENTED_EDGE('',*,*,#487,.T.);
#487 = EDGE_CURVE('',#262,#488,#490,.T.);
#488 = VERTEX_POINT('',#489);
#489 = CARTESIAN_POINT('',(1.19,-0.2,3.4));
#490 = LINE('',#491,#492);
#491 = CARTESIAN_POINT('',(1.445,-0.2,3.4));
#492 = VECTOR('',#493,1.);
#493 = DIRECTION('',(1.,0.,0.));
#494 = ORIENTED_EDGE('',*,*,#495,.F.);
#495 = EDGE_CURVE('',#295,#488,#496,.T.);
#496 = LINE('',#497,#498);
#497 = CARTESIAN_POINT('',(1.19,-0.6,3.4));
#498 = VECTOR('',#499,1.);
#499 = DIRECTION('',(0.,-1.,-3.330669073875E-16));
#500 = ORIENTED_EDGE('',*,*,#302,.T.);
#501 = ORIENTED_EDGE('',*,*,#502,.T.);
#502 = EDGE_CURVE('',#303,#503,#505,.T.);
#503 = VERTEX_POINT('',#504);
#504 = CARTESIAN_POINT('',(3.89,-0.2,3.4));
#505 = LINE('',#506,#507);
#506 = CARTESIAN_POINT('',(3.89,-0.6,3.4));
#507 = VECTOR('',#508,1.);
#508 = DIRECTION('',(0.,-1.,-3.330669073875E-16));
#509 = ORIENTED_EDGE('',*,*,#510,.T.);
#510 = EDGE_CURVE('',#503,#336,#511,.T.);
#511 = LINE('',#512,#513);
#512 = CARTESIAN_POINT('',(3.985,-0.2,3.4));
#513 = VECTOR('',#514,1.);
#514 = DIRECTION('',(1.,0.,0.));
#515 = ORIENTED_EDGE('',*,*,#343,.T.);
#516 = FACE_BOUND('',#517,.T.);
#517 = EDGE_LOOP('',(#518,#528,#536,#544));
#518 = ORIENTED_EDGE('',*,*,#519,.F.);
#519 = EDGE_CURVE('',#520,#522,#524,.T.);
#520 = VERTEX_POINT('',#521);
#521 = CARTESIAN_POINT('',(2.19,-0.2,3.4));
#522 = VERTEX_POINT('',#523);
#523 = CARTESIAN_POINT('',(2.19,0.2,3.4));
#524 = LINE('',#525,#526);
#525 = CARTESIAN_POINT('',(2.19,-0.6,3.4));
#526 = VECTOR('',#527,1.);
#527 = DIRECTION('',(0.,1.,3.330669073875E-16));
#528 = ORIENTED_EDGE('',*,*,#529,.T.);
#529 = EDGE_CURVE('',#520,#530,#532,.T.);
#530 = VERTEX_POINT('',#531);
#531 = CARTESIAN_POINT('',(2.89,-0.2,3.4));
#532 = LINE('',#533,#534);
#533 = CARTESIAN_POINT('',(2.715,-0.2,3.4));
#534 = VECTOR('',#535,1.);
#535 = DIRECTION('',(1.,0.,0.));
#536 = ORIENTED_EDGE('',*,*,#537,.F.);
#537 = EDGE_CURVE('',#538,#530,#540,.T.);
#538 = VERTEX_POINT('',#539);
#539 = CARTESIAN_POINT('',(2.89,0.2,3.4));
#540 = LINE('',#541,#542);
#541 = CARTESIAN_POINT('',(2.89,-0.6,3.4));
#542 = VECTOR('',#543,1.);
#543 = DIRECTION('',(0.,-1.,-3.330669073875E-16));
#544 = ORIENTED_EDGE('',*,*,#545,.F.);
#545 = EDGE_CURVE('',#522,#538,#546,.T.);
#546 = LINE('',#547,#548);
#547 = CARTESIAN_POINT('',(2.715,0.2,3.4));
#548 = VECTOR('',#549,1.);
#549 = DIRECTION('',(1.,0.,0.));
#550 = PLANE('',#551);
#551 = AXIS2_PLACEMENT_3D('',#552,#553,#554);
#552 = CARTESIAN_POINT('',(2.54,-1.4,3.4));
#553 = DIRECTION('',(-0.,3.330669073875E-16,-1.));
#554 = DIRECTION('',(1.,-3.441691376338E-16,-1.146313502899E-31));
#555 = ADVANCED_FACE('',(#556),#704,.F.);
#556 = FACE_BOUND('',#557,.F.);
#557 = EDGE_LOOP('',(#558,#569,#577,#585,#593,#601,#609,#617,#625,#633,
    #641,#649,#657,#665,#673,#682,#688,#689,#690,#698));
#558 = ORIENTED_EDGE('',*,*,#559,.F.);
#559 = EDGE_CURVE('',#560,#562,#564,.T.);
#560 = VERTEX_POINT('',#561);
#561 = CARTESIAN_POINT('',(5.43,-0.2,2.35));
#562 = VERTEX_POINT('',#563);
#563 = CARTESIAN_POINT('',(5.18,-0.2,2.6));
#564 = CIRCLE('',#565,0.25);
#565 = AXIS2_PLACEMENT_3D('',#566,#567,#568);
#566 = CARTESIAN_POINT('',(5.18,-0.2,2.35));
#567 = DIRECTION('',(0.,-1.,4.440892098501E-16));
#568 = DIRECTION('',(0.,-4.440892098501E-16,-1.));
#569 = ORIENTED_EDGE('',*,*,#570,.F.);
#570 = EDGE_CURVE('',#571,#560,#573,.T.);
#571 = VERTEX_POINT('',#572);
#572 = CARTESIAN_POINT('',(5.43,-0.2,2.1));
#573 = LINE('',#574,#575);
#574 = CARTESIAN_POINT('',(5.43,-0.2,2.1));
#575 = VECTOR('',#576,1.);
#576 = DIRECTION('',(0.,6.661338147751E-16,1.));
#577 = ORIENTED_EDGE('',*,*,#578,.F.);
#578 = EDGE_CURVE('',#579,#571,#581,.T.);
#579 = VERTEX_POINT('',#580);
#580 = CARTESIAN_POINT('',(5.43,-0.2,1.2));
#581 = LINE('',#582,#583);
#582 = CARTESIAN_POINT('',(5.43,-0.2,1.2));
#583 = VECTOR('',#584,1.);
#584 = DIRECTION('',(0.,6.661338147751E-16,1.));
#585 = ORIENTED_EDGE('',*,*,#586,.T.);
#586 = EDGE_CURVE('',#579,#587,#589,.T.);
#587 = VERTEX_POINT('',#588);
#588 = CARTESIAN_POINT('',(5.505,-0.2,1.2));
#589 = LINE('',#590,#591);
#590 = CARTESIAN_POINT('',(5.43,-0.2,1.2));
#591 = VECTOR('',#592,1.);
#592 = DIRECTION('',(1.,0.,0.));
#593 = ORIENTED_EDGE('',*,*,#594,.F.);
#594 = EDGE_CURVE('',#595,#587,#597,.T.);
#595 = VERTEX_POINT('',#596);
#596 = CARTESIAN_POINT('',(5.505,-0.2,0.1));
#597 = LINE('',#598,#599);
#598 = CARTESIAN_POINT('',(5.505,-0.2,0.1));
#599 = VECTOR('',#600,1.);
#600 = DIRECTION('',(0.,6.661338147751E-16,1.));
#601 = ORIENTED_EDGE('',*,*,#602,.F.);
#602 = EDGE_CURVE('',#603,#595,#605,.T.);
#603 = VERTEX_POINT('',#604);
#604 = CARTESIAN_POINT('',(5.43,-0.2,0.1));
#605 = LINE('',#606,#607);
#606 = CARTESIAN_POINT('',(5.43,-0.2,0.1));
#607 = VECTOR('',#608,1.);
#608 = DIRECTION('',(1.,0.,0.));
#609 = ORIENTED_EDGE('',*,*,#610,.T.);
#610 = EDGE_CURVE('',#603,#611,#613,.T.);
#611 = VERTEX_POINT('',#612);
#612 = CARTESIAN_POINT('',(5.43,-0.2,-3.));
#613 = LINE('',#614,#615);
#614 = CARTESIAN_POINT('',(5.43,-0.2,0.1));
#615 = VECTOR('',#616,1.);
#616 = DIRECTION('',(0.,-6.661338147751E-16,-1.));
#617 = ORIENTED_EDGE('',*,*,#618,.T.);
#618 = EDGE_CURVE('',#611,#619,#621,.T.);
#619 = VERTEX_POINT('',#620);
#620 = CARTESIAN_POINT('',(4.73,-0.2,-3.));
#621 = LINE('',#622,#623);
#622 = CARTESIAN_POINT('',(5.43,-0.2,-3.));
#623 = VECTOR('',#624,1.);
#624 = DIRECTION('',(-1.,0.,0.));
#625 = ORIENTED_EDGE('',*,*,#626,.F.);
#626 = EDGE_CURVE('',#627,#619,#629,.T.);
#627 = VERTEX_POINT('',#628);
#628 = CARTESIAN_POINT('',(4.73,-0.2,0.1));
#629 = LINE('',#630,#631);
#630 = CARTESIAN_POINT('',(4.73,-0.2,0.1));
#631 = VECTOR('',#632,1.);
#632 = DIRECTION('',(0.,-6.661338147751E-16,-1.));
#633 = ORIENTED_EDGE('',*,*,#634,.F.);
#634 = EDGE_CURVE('',#635,#627,#637,.T.);
#635 = VERTEX_POINT('',#636);
#636 = CARTESIAN_POINT('',(4.655,-0.2,0.1));
#637 = LINE('',#638,#639);
#638 = CARTESIAN_POINT('',(4.655,-0.2,0.1));
#639 = VECTOR('',#640,1.);
#640 = DIRECTION('',(1.,0.,0.));
#641 = ORIENTED_EDGE('',*,*,#642,.F.);
#642 = EDGE_CURVE('',#643,#635,#645,.T.);
#643 = VERTEX_POINT('',#644);
#644 = CARTESIAN_POINT('',(4.655,-0.2,1.2));
#645 = LINE('',#646,#647);
#646 = CARTESIAN_POINT('',(4.655,-0.2,1.2));
#647 = VECTOR('',#648,1.);
#648 = DIRECTION('',(0.,-6.661338147751E-16,-1.));
#649 = ORIENTED_EDGE('',*,*,#650,.T.);
#650 = EDGE_CURVE('',#643,#651,#653,.T.);
#651 = VERTEX_POINT('',#652);
#652 = CARTESIAN_POINT('',(4.73,-0.2,1.2));
#653 = LINE('',#654,#655);
#654 = CARTESIAN_POINT('',(4.655,-0.2,1.2));
#655 = VECTOR('',#656,1.);
#656 = DIRECTION('',(1.,0.,0.));
#657 = ORIENTED_EDGE('',*,*,#658,.F.);
#658 = EDGE_CURVE('',#659,#651,#661,.T.);
#659 = VERTEX_POINT('',#660);
#660 = CARTESIAN_POINT('',(4.73,-0.2,2.1));
#661 = LINE('',#662,#663);
#662 = CARTESIAN_POINT('',(4.73,-0.2,2.1));
#663 = VECTOR('',#664,1.);
#664 = DIRECTION('',(0.,-6.661338147751E-16,-1.));
#665 = ORIENTED_EDGE('',*,*,#666,.F.);
#666 = EDGE_CURVE('',#667,#659,#669,.T.);
#667 = VERTEX_POINT('',#668);
#668 = CARTESIAN_POINT('',(4.14,-0.2,2.1));
#669 = LINE('',#670,#671);
#670 = CARTESIAN_POINT('',(3.89,-0.2,2.1));
#671 = VECTOR('',#672,1.);
#672 = DIRECTION('',(1.,3.521700469737E-31,5.286776307739E-16));
#673 = ORIENTED_EDGE('',*,*,#674,.F.);
#674 = EDGE_CURVE('',#675,#667,#677,.T.);
#675 = VERTEX_POINT('',#676);
#676 = CARTESIAN_POINT('',(3.89,-0.2,2.35));
#677 = CIRCLE('',#678,0.25);
#678 = AXIS2_PLACEMENT_3D('',#679,#680,#681);
#679 = CARTESIAN_POINT('',(4.14,-0.2,2.35));
#680 = DIRECTION('',(0.,-1.,4.440892098501E-16));
#681 = DIRECTION('',(0.,-4.440892098501E-16,-1.));
#682 = ORIENTED_EDGE('',*,*,#683,.F.);
#683 = EDGE_CURVE('',#503,#675,#684,.T.);
#684 = LINE('',#685,#686);
#685 = CARTESIAN_POINT('',(3.89,-0.2,3.5));
#686 = VECTOR('',#687,1.);
#687 = DIRECTION('',(0.,-6.661338147751E-16,-1.));
#688 = ORIENTED_EDGE('',*,*,#510,.T.);
#689 = ORIENTED_EDGE('',*,*,#335,.F.);
#690 = ORIENTED_EDGE('',*,*,#691,.F.);
#691 = EDGE_CURVE('',#692,#328,#694,.T.);
#692 = VERTEX_POINT('',#693);
#693 = CARTESIAN_POINT('',(4.49,-0.2,2.6));
#694 = LINE('',#695,#696);
#695 = CARTESIAN_POINT('',(4.49,-0.2,2.6));
#696 = VECTOR('',#697,1.);
#697 = DIRECTION('',(0.,6.661338147751E-16,1.));
#698 = ORIENTED_EDGE('',*,*,#699,.F.);
#699 = EDGE_CURVE('',#562,#692,#700,.T.);
#700 = LINE('',#701,#702);
#701 = CARTESIAN_POINT('',(5.43,-0.2,2.6));
#702 = VECTOR('',#703,1.);
#703 = DIRECTION('',(-1.,0.,0.));
#704 = PLANE('',#705);
#705 = AXIS2_PLACEMENT_3D('',#706,#707,#708);
#706 = CARTESIAN_POINT('',(5.43,-0.2,0.1));
#707 = DIRECTION('',(0.,1.,-6.661338147751E-16));
#708 = DIRECTION('',(0.,6.661338147751E-16,1.));
#709 = ADVANCED_FACE('',(#710),#728,.F.);
#710 = FACE_BOUND('',#711,.F.);
#711 = EDGE_LOOP('',(#712,#720,#726,#727));
#712 = ORIENTED_EDGE('',*,*,#713,.F.);
#713 = EDGE_CURVE('',#714,#320,#716,.T.);
#714 = VERTEX_POINT('',#715);
#715 = CARTESIAN_POINT('',(4.49,0.2,2.6));
#716 = LINE('',#717,#718);
#717 = CARTESIAN_POINT('',(4.49,0.2,2.6));
#718 = VECTOR('',#719,1.);
#719 = DIRECTION('',(0.,6.661338147751E-16,1.));
#720 = ORIENTED_EDGE('',*,*,#721,.T.);
#721 = EDGE_CURVE('',#714,#692,#722,.T.);
#722 = LINE('',#723,#724);
#723 = CARTESIAN_POINT('',(4.49,0.2,2.6));
#724 = VECTOR('',#725,1.);
#725 = DIRECTION('',(0.,-1.,4.440892098501E-16));
#726 = ORIENTED_EDGE('',*,*,#691,.T.);
#727 = ORIENTED_EDGE('',*,*,#327,.F.);
#728 = PLANE('',#729);
#729 = AXIS2_PLACEMENT_3D('',#730,#731,#732);
#730 = CARTESIAN_POINT('',(4.49,0.2,2.6));
#731 = DIRECTION('',(-1.,0.,0.));
#732 = DIRECTION('',(0.,6.661338147751E-16,1.));
#733 = ADVANCED_FACE('',(#734),#874,.T.);
#734 = FACE_BOUND('',#735,.T.);
#735 = EDGE_LOOP('',(#736,#747,#755,#763,#771,#779,#787,#795,#803,#811,
    #819,#827,#835,#843,#851,#860,#866,#867,#868));
#736 = ORIENTED_EDGE('',*,*,#737,.F.);
#737 = EDGE_CURVE('',#738,#740,#742,.T.);
#738 = VERTEX_POINT('',#739);
#739 = CARTESIAN_POINT('',(5.43,0.2,2.35));
#740 = VERTEX_POINT('',#741);
#741 = CARTESIAN_POINT('',(5.18,0.2,2.6));
#742 = CIRCLE('',#743,0.25);
#743 = AXIS2_PLACEMENT_3D('',#744,#745,#746);
#744 = CARTESIAN_POINT('',(5.18,0.2,2.35));
#745 = DIRECTION('',(0.,-1.,4.440892098501E-16));
#746 = DIRECTION('',(0.,-4.440892098501E-16,-1.));
#747 = ORIENTED_EDGE('',*,*,#748,.F.);
#748 = EDGE_CURVE('',#749,#738,#751,.T.);
#749 = VERTEX_POINT('',#750);
#750 = CARTESIAN_POINT('',(5.43,0.2,2.1));
#751 = LINE('',#752,#753);
#752 = CARTESIAN_POINT('',(5.43,0.2,2.1));
#753 = VECTOR('',#754,1.);
#754 = DIRECTION('',(0.,6.661338147751E-16,1.));
#755 = ORIENTED_EDGE('',*,*,#756,.F.);
#756 = EDGE_CURVE('',#757,#749,#759,.T.);
#757 = VERTEX_POINT('',#758);
#758 = CARTESIAN_POINT('',(5.43,0.2,1.2));
#759 = LINE('',#760,#761);
#760 = CARTESIAN_POINT('',(5.43,0.2,1.2));
#761 = VECTOR('',#762,1.);
#762 = DIRECTION('',(0.,6.661338147751E-16,1.));
#763 = ORIENTED_EDGE('',*,*,#764,.T.);
#764 = EDGE_CURVE('',#757,#765,#767,.T.);
#765 = VERTEX_POINT('',#766);
#766 = CARTESIAN_POINT('',(5.505,0.2,1.2));
#767 = LINE('',#768,#769);
#768 = CARTESIAN_POINT('',(5.43,0.2,1.2));
#769 = VECTOR('',#770,1.);
#770 = DIRECTION('',(1.,0.,0.));
#771 = ORIENTED_EDGE('',*,*,#772,.F.);
#772 = EDGE_CURVE('',#773,#765,#775,.T.);
#773 = VERTEX_POINT('',#774);
#774 = CARTESIAN_POINT('',(5.505,0.2,0.1));
#775 = LINE('',#776,#777);
#776 = CARTESIAN_POINT('',(5.505,0.2,0.1));
#777 = VECTOR('',#778,1.);
#778 = DIRECTION('',(0.,6.661338147751E-16,1.));
#779 = ORIENTED_EDGE('',*,*,#780,.F.);
#780 = EDGE_CURVE('',#781,#773,#783,.T.);
#781 = VERTEX_POINT('',#782);
#782 = CARTESIAN_POINT('',(5.43,0.2,0.1));
#783 = LINE('',#784,#785);
#784 = CARTESIAN_POINT('',(5.43,0.2,0.1));
#785 = VECTOR('',#786,1.);
#786 = DIRECTION('',(1.,0.,0.));
#787 = ORIENTED_EDGE('',*,*,#788,.T.);
#788 = EDGE_CURVE('',#781,#789,#791,.T.);
#789 = VERTEX_POINT('',#790);
#790 = CARTESIAN_POINT('',(5.43,0.2,-3.));
#791 = LINE('',#792,#793);
#792 = CARTESIAN_POINT('',(5.43,0.2,0.1));
#793 = VECTOR('',#794,1.);
#794 = DIRECTION('',(0.,-6.661338147751E-16,-1.));
#795 = ORIENTED_EDGE('',*,*,#796,.T.);
#796 = EDGE_CURVE('',#789,#797,#799,.T.);
#797 = VERTEX_POINT('',#798);
#798 = CARTESIAN_POINT('',(4.73,0.2,-3.));
#799 = LINE('',#800,#801);
#800 = CARTESIAN_POINT('',(5.43,0.2,-3.));
#801 = VECTOR('',#802,1.);
#802 = DIRECTION('',(-1.,0.,0.));
#803 = ORIENTED_EDGE('',*,*,#804,.F.);
#804 = EDGE_CURVE('',#805,#797,#807,.T.);
#805 = VERTEX_POINT('',#806);
#806 = CARTESIAN_POINT('',(4.73,0.2,0.1));
#807 = LINE('',#808,#809);
#808 = CARTESIAN_POINT('',(4.73,0.2,0.1));
#809 = VECTOR('',#810,1.);
#810 = DIRECTION('',(0.,-6.661338147751E-16,-1.));
#811 = ORIENTED_EDGE('',*,*,#812,.F.);
#812 = EDGE_CURVE('',#813,#805,#815,.T.);
#813 = VERTEX_POINT('',#814);
#814 = CARTESIAN_POINT('',(4.655,0.2,0.1));
#815 = LINE('',#816,#817);
#816 = CARTESIAN_POINT('',(4.655,0.2,0.1));
#817 = VECTOR('',#818,1.);
#818 = DIRECTION('',(1.,0.,0.));
#819 = ORIENTED_EDGE('',*,*,#820,.F.);
#820 = EDGE_CURVE('',#821,#813,#823,.T.);
#821 = VERTEX_POINT('',#822);
#822 = CARTESIAN_POINT('',(4.655,0.2,1.2));
#823 = LINE('',#824,#825);
#824 = CARTESIAN_POINT('',(4.655,0.2,1.2));
#825 = VECTOR('',#826,1.);
#826 = DIRECTION('',(0.,-6.661338147751E-16,-1.));
#827 = ORIENTED_EDGE('',*,*,#828,.T.);
#828 = EDGE_CURVE('',#821,#829,#831,.T.);
#829 = VERTEX_POINT('',#830);
#830 = CARTESIAN_POINT('',(4.73,0.2,1.2));
#831 = LINE('',#832,#833);
#832 = CARTESIAN_POINT('',(4.655,0.2,1.2));
#833 = VECTOR('',#834,1.);
#834 = DIRECTION('',(1.,0.,0.));
#835 = ORIENTED_EDGE('',*,*,#836,.F.);
#836 = EDGE_CURVE('',#837,#829,#839,.T.);
#837 = VERTEX_POINT('',#838);
#838 = CARTESIAN_POINT('',(4.73,0.2,2.1));
#839 = LINE('',#840,#841);
#840 = CARTESIAN_POINT('',(4.73,0.2,2.1));
#841 = VECTOR('',#842,1.);
#842 = DIRECTION('',(0.,-6.661338147751E-16,-1.));
#843 = ORIENTED_EDGE('',*,*,#844,.F.);
#844 = EDGE_CURVE('',#845,#837,#847,.T.);
#845 = VERTEX_POINT('',#846);
#846 = CARTESIAN_POINT('',(4.14,0.2,2.1));
#847 = LINE('',#848,#849);
#848 = CARTESIAN_POINT('',(3.89,0.2,2.1));
#849 = VECTOR('',#850,1.);
#850 = DIRECTION('',(1.,3.521700469737E-31,5.286776307739E-16));
#851 = ORIENTED_EDGE('',*,*,#852,.F.);
#852 = EDGE_CURVE('',#853,#845,#855,.T.);
#853 = VERTEX_POINT('',#854);
#854 = CARTESIAN_POINT('',(3.89,0.2,2.35));
#855 = CIRCLE('',#856,0.25);
#856 = AXIS2_PLACEMENT_3D('',#857,#858,#859);
#857 = CARTESIAN_POINT('',(4.14,0.2,2.35));
#858 = DIRECTION('',(0.,-1.,4.440892098501E-16));
#859 = DIRECTION('',(0.,-4.440892098501E-16,-1.));
#860 = ORIENTED_EDGE('',*,*,#861,.F.);
#861 = EDGE_CURVE('',#312,#853,#862,.T.);
#862 = LINE('',#863,#864);
#863 = CARTESIAN_POINT('',(3.89,0.2,3.5));
#864 = VECTOR('',#865,1.);
#865 = DIRECTION('',(0.,-6.661338147751E-16,-1.));
#866 = ORIENTED_EDGE('',*,*,#319,.F.);
#867 = ORIENTED_EDGE('',*,*,#713,.F.);
#868 = ORIENTED_EDGE('',*,*,#869,.F.);
#869 = EDGE_CURVE('',#740,#714,#870,.T.);
#870 = LINE('',#871,#872);
#871 = CARTESIAN_POINT('',(5.43,0.2,2.6));
#872 = VECTOR('',#873,1.);
#873 = DIRECTION('',(-1.,0.,0.));
#874 = PLANE('',#875);
#875 = AXIS2_PLACEMENT_3D('',#876,#877,#878);
#876 = CARTESIAN_POINT('',(5.43,0.2,0.1));
#877 = DIRECTION('',(0.,1.,-6.661338147751E-16));
#878 = DIRECTION('',(0.,6.661338147751E-16,1.));
#879 = ADVANCED_FACE('',(#880),#892,.F.);
#880 = FACE_BOUND('',#881,.F.);
#881 = EDGE_LOOP('',(#882,#883,#884,#885,#886));
#882 = ORIENTED_EDGE('',*,*,#861,.F.);
#883 = ORIENTED_EDGE('',*,*,#311,.F.);
#884 = ORIENTED_EDGE('',*,*,#502,.T.);
#885 = ORIENTED_EDGE('',*,*,#683,.T.);
#886 = ORIENTED_EDGE('',*,*,#887,.F.);
#887 = EDGE_CURVE('',#853,#675,#888,.T.);
#888 = LINE('',#889,#890);
#889 = CARTESIAN_POINT('',(3.89,0.2,2.35));
#890 = VECTOR('',#891,1.);
#891 = DIRECTION('',(0.,-1.,4.440892098501E-16));
#892 = PLANE('',#893);
#893 = AXIS2_PLACEMENT_3D('',#894,#895,#896);
#894 = CARTESIAN_POINT('',(3.89,0.2,3.5));
#895 = DIRECTION('',(1.,0.,0.));
#896 = DIRECTION('',(0.,-6.661338147751E-16,-1.));
#897 = ADVANCED_FACE('',(#898),#924,.T.);
#898 = FACE_BOUND('',#899,.T.);
#899 = EDGE_LOOP('',(#900,#908,#909,#910,#918));
#900 = ORIENTED_EDGE('',*,*,#901,.F.);
#901 = EDGE_CURVE('',#287,#902,#904,.T.);
#902 = VERTEX_POINT('',#903);
#903 = CARTESIAN_POINT('',(1.19,0.2,2.35));
#904 = LINE('',#905,#906);
#905 = CARTESIAN_POINT('',(1.19,0.2,3.5));
#906 = VECTOR('',#907,1.);
#907 = DIRECTION('',(0.,-6.661338147751E-16,-1.));
#908 = ORIENTED_EDGE('',*,*,#294,.F.);
#909 = ORIENTED_EDGE('',*,*,#495,.T.);
#910 = ORIENTED_EDGE('',*,*,#911,.T.);
#911 = EDGE_CURVE('',#488,#912,#914,.T.);
#912 = VERTEX_POINT('',#913);
#913 = CARTESIAN_POINT('',(1.19,-0.2,2.35));
#914 = LINE('',#915,#916);
#915 = CARTESIAN_POINT('',(1.19,-0.2,3.5));
#916 = VECTOR('',#917,1.);
#917 = DIRECTION('',(0.,-6.661338147751E-16,-1.));
#918 = ORIENTED_EDGE('',*,*,#919,.F.);
#919 = EDGE_CURVE('',#902,#912,#920,.T.);
#920 = LINE('',#921,#922);
#921 = CARTESIAN_POINT('',(1.19,0.2,2.35));
#922 = VECTOR('',#923,1.);
#923 = DIRECTION('',(0.,-1.,4.440892098501E-16));
#924 = PLANE('',#925);
#925 = AXIS2_PLACEMENT_3D('',#926,#927,#928);
#926 = CARTESIAN_POINT('',(1.19,0.2,3.5));
#927 = DIRECTION('',(1.,0.,0.));
#928 = DIRECTION('',(0.,-6.661338147751E-16,-1.));
#929 = ADVANCED_FACE('',(#930),#1070,.T.);
#930 = FACE_BOUND('',#931,.T.);
#931 = EDGE_LOOP('',(#932,#941,#949,#957,#965,#973,#981,#989,#997,#1005,
    #1013,#1021,#1029,#1037,#1045,#1054,#1062,#1068,#1069));
#932 = ORIENTED_EDGE('',*,*,#933,.F.);
#933 = EDGE_CURVE('',#934,#902,#936,.T.);
#934 = VERTEX_POINT('',#935);
#935 = CARTESIAN_POINT('',(0.94,0.2,2.1));
#936 = CIRCLE('',#937,0.25);
#937 = AXIS2_PLACEMENT_3D('',#938,#939,#940);
#938 = CARTESIAN_POINT('',(0.94,0.2,2.35));
#939 = DIRECTION('',(0.,-1.,4.440892098501E-16));
#940 = DIRECTION('',(0.,-4.440892098501E-16,-1.));
#941 = ORIENTED_EDGE('',*,*,#942,.T.);
#942 = EDGE_CURVE('',#934,#943,#945,.T.);
#943 = VERTEX_POINT('',#944);
#944 = CARTESIAN_POINT('',(0.35,0.2,2.1));
#945 = LINE('',#946,#947);
#946 = CARTESIAN_POINT('',(1.19,0.2,2.1));
#947 = VECTOR('',#948,1.);
#948 = DIRECTION('',(-1.,0.,0.));
#949 = ORIENTED_EDGE('',*,*,#950,.F.);
#950 = EDGE_CURVE('',#951,#943,#953,.T.);
#951 = VERTEX_POINT('',#952);
#952 = CARTESIAN_POINT('',(0.35,0.2,1.2));
#953 = LINE('',#954,#955);
#954 = CARTESIAN_POINT('',(0.35,0.2,1.2));
#955 = VECTOR('',#956,1.);
#956 = DIRECTION('',(0.,6.661338147751E-16,1.));
#957 = ORIENTED_EDGE('',*,*,#958,.T.);
#958 = EDGE_CURVE('',#951,#959,#961,.T.);
#959 = VERTEX_POINT('',#960);
#960 = CARTESIAN_POINT('',(0.425,0.2,1.2));
#961 = LINE('',#962,#963);
#962 = CARTESIAN_POINT('',(0.35,0.2,1.2));
#963 = VECTOR('',#964,1.);
#964 = DIRECTION('',(1.,0.,0.));
#965 = ORIENTED_EDGE('',*,*,#966,.F.);
#966 = EDGE_CURVE('',#967,#959,#969,.T.);
#967 = VERTEX_POINT('',#968);
#968 = CARTESIAN_POINT('',(0.425,0.2,0.1));
#969 = LINE('',#970,#971);
#970 = CARTESIAN_POINT('',(0.425,0.2,0.1));
#971 = VECTOR('',#972,1.);
#972 = DIRECTION('',(0.,6.661338147751E-16,1.));
#973 = ORIENTED_EDGE('',*,*,#974,.F.);
#974 = EDGE_CURVE('',#975,#967,#977,.T.);
#975 = VERTEX_POINT('',#976);
#976 = CARTESIAN_POINT('',(0.35,0.2,0.1));
#977 = LINE('',#978,#979);
#978 = CARTESIAN_POINT('',(0.35,0.2,0.1));
#979 = VECTOR('',#980,1.);
#980 = DIRECTION('',(1.,0.,0.));
#981 = ORIENTED_EDGE('',*,*,#982,.T.);
#982 = EDGE_CURVE('',#975,#983,#985,.T.);
#983 = VERTEX_POINT('',#984);
#984 = CARTESIAN_POINT('',(0.35,0.2,-3.));
#985 = LINE('',#986,#987);
#986 = CARTESIAN_POINT('',(0.35,0.2,0.1));
#987 = VECTOR('',#988,1.);
#988 = DIRECTION('',(0.,-6.661338147751E-16,-1.));
#989 = ORIENTED_EDGE('',*,*,#990,.T.);
#990 = EDGE_CURVE('',#983,#991,#993,.T.);
#991 = VERTEX_POINT('',#992);
#992 = CARTESIAN_POINT('',(-0.35,0.2,-3.));
#993 = LINE('',#994,#995);
#994 = CARTESIAN_POINT('',(0.35,0.2,-3.));
#995 = VECTOR('',#996,1.);
#996 = DIRECTION('',(-1.,0.,0.));
#997 = ORIENTED_EDGE('',*,*,#998,.F.);
#998 = EDGE_CURVE('',#999,#991,#1001,.T.);
#999 = VERTEX_POINT('',#1000);
#1000 = CARTESIAN_POINT('',(-0.35,0.2,0.1));
#1001 = LINE('',#1002,#1003);
#1002 = CARTESIAN_POINT('',(-0.35,0.2,0.1));
#1003 = VECTOR('',#1004,1.);
#1004 = DIRECTION('',(0.,-6.661338147751E-16,-1.));
#1005 = ORIENTED_EDGE('',*,*,#1006,.F.);
#1006 = EDGE_CURVE('',#1007,#999,#1009,.T.);
#1007 = VERTEX_POINT('',#1008);
#1008 = CARTESIAN_POINT('',(-0.425,0.2,0.1));
#1009 = LINE('',#1010,#1011);
#1010 = CARTESIAN_POINT('',(-0.425,0.2,0.1));
#1011 = VECTOR('',#1012,1.);
#1012 = DIRECTION('',(1.,0.,0.));
#1013 = ORIENTED_EDGE('',*,*,#1014,.F.);
#1014 = EDGE_CURVE('',#1015,#1007,#1017,.T.);
#1015 = VERTEX_POINT('',#1016);
#1016 = CARTESIAN_POINT('',(-0.425,0.2,1.2));
#1017 = LINE('',#1018,#1019);
#1018 = CARTESIAN_POINT('',(-0.425,0.2,1.2));
#1019 = VECTOR('',#1020,1.);
#1020 = DIRECTION('',(0.,-6.661338147751E-16,-1.));
#1021 = ORIENTED_EDGE('',*,*,#1022,.T.);
#1022 = EDGE_CURVE('',#1015,#1023,#1025,.T.);
#1023 = VERTEX_POINT('',#1024);
#1024 = CARTESIAN_POINT('',(-0.35,0.2,1.2));
#1025 = LINE('',#1026,#1027);
#1026 = CARTESIAN_POINT('',(-0.425,0.2,1.2));
#1027 = VECTOR('',#1028,1.);
#1028 = DIRECTION('',(1.,0.,0.));
#1029 = ORIENTED_EDGE('',*,*,#1030,.F.);
#1030 = EDGE_CURVE('',#1031,#1023,#1033,.T.);
#1031 = VERTEX_POINT('',#1032);
#1032 = CARTESIAN_POINT('',(-0.35,0.2,2.1));
#1033 = LINE('',#1034,#1035);
#1034 = CARTESIAN_POINT('',(-0.35,0.2,2.1));
#1035 = VECTOR('',#1036,1.);
#1036 = DIRECTION('',(0.,-6.661338147751E-16,-1.));
#1037 = ORIENTED_EDGE('',*,*,#1038,.T.);
#1038 = EDGE_CURVE('',#1031,#1039,#1041,.T.);
#1039 = VERTEX_POINT('',#1040);
#1040 = CARTESIAN_POINT('',(-0.35,0.2,2.35));
#1041 = LINE('',#1042,#1043);
#1042 = CARTESIAN_POINT('',(-0.35,0.2,2.1));
#1043 = VECTOR('',#1044,1.);
#1044 = DIRECTION('',(0.,6.661338147751E-16,1.));
#1045 = ORIENTED_EDGE('',*,*,#1046,.F.);
#1046 = EDGE_CURVE('',#1047,#1039,#1049,.T.);
#1047 = VERTEX_POINT('',#1048);
#1048 = CARTESIAN_POINT('',(-0.1,0.2,2.6));
#1049 = CIRCLE('',#1050,0.25);
#1050 = AXIS2_PLACEMENT_3D('',#1051,#1052,#1053);
#1051 = CARTESIAN_POINT('',(-0.1,0.2,2.35));
#1052 = DIRECTION('',(0.,-1.,4.440892098501E-16));
#1053 = DIRECTION('',(0.,-4.440892098501E-16,-1.));
#1054 = ORIENTED_EDGE('',*,*,#1055,.T.);
#1055 = EDGE_CURVE('',#1047,#1056,#1058,.T.);
#1056 = VERTEX_POINT('',#1057);
#1057 = CARTESIAN_POINT('',(0.59,0.2,2.6));
#1058 = LINE('',#1059,#1060);
#1059 = CARTESIAN_POINT('',(-0.35,0.2,2.6));
#1060 = VECTOR('',#1061,1.);
#1061 = DIRECTION('',(1.,0.,0.));
#1062 = ORIENTED_EDGE('',*,*,#1063,.T.);
#1063 = EDGE_CURVE('',#1056,#279,#1064,.T.);
#1064 = LINE('',#1065,#1066);
#1065 = CARTESIAN_POINT('',(0.59,0.2,2.6));
#1066 = VECTOR('',#1067,1.);
#1067 = DIRECTION('',(0.,6.661338147751E-16,1.));
#1068 = ORIENTED_EDGE('',*,*,#286,.F.);
#1069 = ORIENTED_EDGE('',*,*,#901,.T.);
#1070 = PLANE('',#1071);
#1071 = AXIS2_PLACEMENT_3D('',#1072,#1073,#1074);
#1072 = CARTESIAN_POINT('',(0.35,0.2,0.1));
#1073 = DIRECTION('',(0.,1.,-6.661338147751E-16));
#1074 = DIRECTION('',(0.,6.661338147751E-16,1.));
#1075 = ADVANCED_FACE('',(#1076),#1094,.T.);
#1076 = FACE_BOUND('',#1077,.T.);
#1077 = EDGE_LOOP('',(#1078,#1079,#1087,#1093));
#1078 = ORIENTED_EDGE('',*,*,#1063,.F.);
#1079 = ORIENTED_EDGE('',*,*,#1080,.T.);
#1080 = EDGE_CURVE('',#1056,#1081,#1083,.T.);
#1081 = VERTEX_POINT('',#1082);
#1082 = CARTESIAN_POINT('',(0.59,-0.2,2.6));
#1083 = LINE('',#1084,#1085);
#1084 = CARTESIAN_POINT('',(0.59,0.2,2.6));
#1085 = VECTOR('',#1086,1.);
#1086 = DIRECTION('',(0.,-1.,4.440892098501E-16));
#1087 = ORIENTED_EDGE('',*,*,#1088,.T.);
#1088 = EDGE_CURVE('',#1081,#271,#1089,.T.);
#1089 = LINE('',#1090,#1091);
#1090 = CARTESIAN_POINT('',(0.59,-0.2,2.6));
#1091 = VECTOR('',#1092,1.);
#1092 = DIRECTION('',(0.,6.661338147751E-16,1.));
#1093 = ORIENTED_EDGE('',*,*,#278,.F.);
#1094 = PLANE('',#1095);
#1095 = AXIS2_PLACEMENT_3D('',#1096,#1097,#1098);
#1096 = CARTESIAN_POINT('',(0.59,0.2,2.6));
#1097 = DIRECTION('',(-1.,0.,0.));
#1098 = DIRECTION('',(0.,6.661338147751E-16,1.));
#1099 = ADVANCED_FACE('',(#1100),#1234,.F.);
#1100 = FACE_BOUND('',#1101,.F.);
#1101 = EDGE_LOOP('',(#1102,#1111,#1119,#1127,#1135,#1143,#1151,#1159,
    #1167,#1175,#1183,#1191,#1199,#1207,#1215,#1224,#1230,#1231,#1232,
    #1233));
#1102 = ORIENTED_EDGE('',*,*,#1103,.F.);
#1103 = EDGE_CURVE('',#1104,#912,#1106,.T.);
#1104 = VERTEX_POINT('',#1105);
#1105 = CARTESIAN_POINT('',(0.94,-0.2,2.1));
#1106 = CIRCLE('',#1107,0.25);
#1107 = AXIS2_PLACEMENT_3D('',#1108,#1109,#1110);
#1108 = CARTESIAN_POINT('',(0.94,-0.2,2.35));
#1109 = DIRECTION('',(0.,-1.,4.440892098501E-16));
#1110 = DIRECTION('',(0.,-4.440892098501E-16,-1.));
#1111 = ORIENTED_EDGE('',*,*,#1112,.T.);
#1112 = EDGE_CURVE('',#1104,#1113,#1115,.T.);
#1113 = VERTEX_POINT('',#1114);
#1114 = CARTESIAN_POINT('',(0.35,-0.2,2.1));
#1115 = LINE('',#1116,#1117);
#1116 = CARTESIAN_POINT('',(1.19,-0.2,2.1));
#1117 = VECTOR('',#1118,1.);
#1118 = DIRECTION('',(-1.,0.,0.));
#1119 = ORIENTED_EDGE('',*,*,#1120,.F.);
#1120 = EDGE_CURVE('',#1121,#1113,#1123,.T.);
#1121 = VERTEX_POINT('',#1122);
#1122 = CARTESIAN_POINT('',(0.35,-0.2,1.2));
#1123 = LINE('',#1124,#1125);
#1124 = CARTESIAN_POINT('',(0.35,-0.2,1.2));
#1125 = VECTOR('',#1126,1.);
#1126 = DIRECTION('',(0.,6.661338147751E-16,1.));
#1127 = ORIENTED_EDGE('',*,*,#1128,.T.);
#1128 = EDGE_CURVE('',#1121,#1129,#1131,.T.);
#1129 = VERTEX_POINT('',#1130);
#1130 = CARTESIAN_POINT('',(0.425,-0.2,1.2));
#1131 = LINE('',#1132,#1133);
#1132 = CARTESIAN_POINT('',(0.35,-0.2,1.2));
#1133 = VECTOR('',#1134,1.);
#1134 = DIRECTION('',(1.,0.,0.));
#1135 = ORIENTED_EDGE('',*,*,#1136,.F.);
#1136 = EDGE_CURVE('',#1137,#1129,#1139,.T.);
#1137 = VERTEX_POINT('',#1138);
#1138 = CARTESIAN_POINT('',(0.425,-0.2,0.1));
#1139 = LINE('',#1140,#1141);
#1140 = CARTESIAN_POINT('',(0.425,-0.2,0.1));
#1141 = VECTOR('',#1142,1.);
#1142 = DIRECTION('',(0.,6.661338147751E-16,1.));
#1143 = ORIENTED_EDGE('',*,*,#1144,.F.);
#1144 = EDGE_CURVE('',#1145,#1137,#1147,.T.);
#1145 = VERTEX_POINT('',#1146);
#1146 = CARTESIAN_POINT('',(0.35,-0.2,0.1));
#1147 = LINE('',#1148,#1149);
#1148 = CARTESIAN_POINT('',(0.35,-0.2,0.1));
#1149 = VECTOR('',#1150,1.);
#1150 = DIRECTION('',(1.,0.,0.));
#1151 = ORIENTED_EDGE('',*,*,#1152,.T.);
#1152 = EDGE_CURVE('',#1145,#1153,#1155,.T.);
#1153 = VERTEX_POINT('',#1154);
#1154 = CARTESIAN_POINT('',(0.35,-0.2,-3.));
#1155 = LINE('',#1156,#1157);
#1156 = CARTESIAN_POINT('',(0.35,-0.2,0.1));
#1157 = VECTOR('',#1158,1.);
#1158 = DIRECTION('',(0.,-6.661338147751E-16,-1.));
#1159 = ORIENTED_EDGE('',*,*,#1160,.T.);
#1160 = EDGE_CURVE('',#1153,#1161,#1163,.T.);
#1161 = VERTEX_POINT('',#1162);
#1162 = CARTESIAN_POINT('',(-0.35,-0.2,-3.));
#1163 = LINE('',#1164,#1165);
#1164 = CARTESIAN_POINT('',(0.35,-0.2,-3.));
#1165 = VECTOR('',#1166,1.);
#1166 = DIRECTION('',(-1.,0.,0.));
#1167 = ORIENTED_EDGE('',*,*,#1168,.F.);
#1168 = EDGE_CURVE('',#1169,#1161,#1171,.T.);
#1169 = VERTEX_POINT('',#1170);
#1170 = CARTESIAN_POINT('',(-0.35,-0.2,0.1));
#1171 = LINE('',#1172,#1173);
#1172 = CARTESIAN_POINT('',(-0.35,-0.2,0.1));
#1173 = VECTOR('',#1174,1.);
#1174 = DIRECTION('',(0.,-6.661338147751E-16,-1.));
#1175 = ORIENTED_EDGE('',*,*,#1176,.F.);
#1176 = EDGE_CURVE('',#1177,#1169,#1179,.T.);
#1177 = VERTEX_POINT('',#1178);
#1178 = CARTESIAN_POINT('',(-0.425,-0.2,0.1));
#1179 = LINE('',#1180,#1181);
#1180 = CARTESIAN_POINT('',(-0.425,-0.2,0.1));
#1181 = VECTOR('',#1182,1.);
#1182 = DIRECTION('',(1.,0.,0.));
#1183 = ORIENTED_EDGE('',*,*,#1184,.F.);
#1184 = EDGE_CURVE('',#1185,#1177,#1187,.T.);
#1185 = VERTEX_POINT('',#1186);
#1186 = CARTESIAN_POINT('',(-0.425,-0.2,1.2));
#1187 = LINE('',#1188,#1189);
#1188 = CARTESIAN_POINT('',(-0.425,-0.2,1.2));
#1189 = VECTOR('',#1190,1.);
#1190 = DIRECTION('',(0.,-6.661338147751E-16,-1.));
#1191 = ORIENTED_EDGE('',*,*,#1192,.T.);
#1192 = EDGE_CURVE('',#1185,#1193,#1195,.T.);
#1193 = VERTEX_POINT('',#1194);
#1194 = CARTESIAN_POINT('',(-0.35,-0.2,1.2));
#1195 = LINE('',#1196,#1197);
#1196 = CARTESIAN_POINT('',(-0.425,-0.2,1.2));
#1197 = VECTOR('',#1198,1.);
#1198 = DIRECTION('',(1.,0.,0.));
#1199 = ORIENTED_EDGE('',*,*,#1200,.F.);
#1200 = EDGE_CURVE('',#1201,#1193,#1203,.T.);
#1201 = VERTEX_POINT('',#1202);
#1202 = CARTESIAN_POINT('',(-0.35,-0.2,2.1));
#1203 = LINE('',#1204,#1205);
#1204 = CARTESIAN_POINT('',(-0.35,-0.2,2.1));
#1205 = VECTOR('',#1206,1.);
#1206 = DIRECTION('',(0.,-6.661338147751E-16,-1.));
#1207 = ORIENTED_EDGE('',*,*,#1208,.T.);
#1208 = EDGE_CURVE('',#1201,#1209,#1211,.T.);
#1209 = VERTEX_POINT('',#1210);
#1210 = CARTESIAN_POINT('',(-0.35,-0.2,2.35));
#1211 = LINE('',#1212,#1213);
#1212 = CARTESIAN_POINT('',(-0.35,-0.2,2.1));
#1213 = VECTOR('',#1214,1.);
#1214 = DIRECTION('',(0.,6.661338147751E-16,1.));
#1215 = ORIENTED_EDGE('',*,*,#1216,.F.);
#1216 = EDGE_CURVE('',#1217,#1209,#1219,.T.);
#1217 = VERTEX_POINT('',#1218);
#1218 = CARTESIAN_POINT('',(-0.1,-0.2,2.6));
#1219 = CIRCLE('',#1220,0.25);
#1220 = AXIS2_PLACEMENT_3D('',#1221,#1222,#1223);
#1221 = CARTESIAN_POINT('',(-0.1,-0.2,2.35));
#1222 = DIRECTION('',(0.,-1.,4.440892098501E-16));
#1223 = DIRECTION('',(0.,-4.440892098501E-16,-1.));
#1224 = ORIENTED_EDGE('',*,*,#1225,.T.);
#1225 = EDGE_CURVE('',#1217,#1081,#1226,.T.);
#1226 = LINE('',#1227,#1228);
#1227 = CARTESIAN_POINT('',(-0.35,-0.2,2.6));
#1228 = VECTOR('',#1229,1.);
#1229 = DIRECTION('',(1.,0.,0.));
#1230 = ORIENTED_EDGE('',*,*,#1088,.T.);
#1231 = ORIENTED_EDGE('',*,*,#270,.F.);
#1232 = ORIENTED_EDGE('',*,*,#487,.T.);
#1233 = ORIENTED_EDGE('',*,*,#911,.T.);
#1234 = PLANE('',#1235);
#1235 = AXIS2_PLACEMENT_3D('',#1236,#1237,#1238);
#1236 = CARTESIAN_POINT('',(0.35,-0.2,0.1));
#1237 = DIRECTION('',(0.,1.,-6.661338147751E-16));
#1238 = DIRECTION('',(0.,6.661338147751E-16,1.));
#1239 = ADVANCED_FACE('',(#1240),#1258,.T.);
#1240 = FACE_BOUND('',#1241,.T.);
#1241 = EDGE_LOOP('',(#1242,#1249,#1250,#1257));
#1242 = ORIENTED_EDGE('',*,*,#1243,.T.);
#1243 = EDGE_CURVE('',#371,#388,#1244,.T.);
#1244 = CIRCLE('',#1245,2.);
#1245 = AXIS2_PLACEMENT_3D('',#1246,#1247,#1248);
#1246 = CARTESIAN_POINT('',(2.54,-1.4,7.6));
#1247 = DIRECTION('',(0.,3.330669073875E-16,-1.));
#1248 = DIRECTION('',(1.,-8.770761894539E-16,-2.921250539646E-31));
#1249 = ORIENTED_EDGE('',*,*,#396,.F.);
#1250 = ORIENTED_EDGE('',*,*,#1251,.F.);
#1251 = EDGE_CURVE('',#344,#254,#1252,.T.);
#1252 = CIRCLE('',#1253,2.);
#1253 = AXIS2_PLACEMENT_3D('',#1254,#1255,#1256);
#1254 = CARTESIAN_POINT('',(2.54,-1.4,3.4));
#1255 = DIRECTION('',(0.,3.330669073875E-16,-1.));
#1256 = DIRECTION('',(1.,-3.330669073875E-16,-1.109335647967E-31));
#1257 = ORIENTED_EDGE('',*,*,#370,.T.);
#1258 = CYLINDRICAL_SURFACE('',#1259,2.);
#1259 = AXIS2_PLACEMENT_3D('',#1260,#1261,#1262);
#1260 = CARTESIAN_POINT('',(2.54,-1.4,3.4));
#1261 = DIRECTION('',(0.,-3.330669073875E-16,1.));
#1262 = DIRECTION('',(1.,-3.441691376338E-16,-1.146313502899E-31));
#1263 = ADVANCED_FACE('',(#1264),#1269,.T.);
#1264 = FACE_BOUND('',#1265,.T.);
#1265 = EDGE_LOOP('',(#1266,#1267,#1268));
#1266 = ORIENTED_EDGE('',*,*,#387,.F.);
#1267 = ORIENTED_EDGE('',*,*,#1243,.F.);
#1268 = ORIENTED_EDGE('',*,*,#378,.T.);
#1269 = SPHERICAL_SURFACE('',#1270,2.);
#1270 = AXIS2_PLACEMENT_3D('',#1271,#1272,#1273);
#1271 = CARTESIAN_POINT('',(2.54,-1.4,7.6));
#1272 = DIRECTION('',(0.,-3.330669073875E-16,1.));
#1273 = DIRECTION('',(1.,-1.368212099764E-15,-4.557061727186E-31));
#1274 = ADVANCED_FACE('',(#1275),#1279,.T.);
#1275 = FACE_BOUND('',#1276,.T.);
#1276 = EDGE_LOOP('',(#1277,#1278));
#1277 = ORIENTED_EDGE('',*,*,#480,.T.);
#1278 = ORIENTED_EDGE('',*,*,#1251,.T.);
#1279 = PLANE('',#1280);
#1280 = AXIS2_PLACEMENT_3D('',#1281,#1282,#1283);
#1281 = CARTESIAN_POINT('',(2.54,-1.4,3.4));
#1282 = DIRECTION('',(-0.,3.330669073875E-16,-1.));
#1283 = DIRECTION('',(1.,-3.441691376338E-16,-1.146313502899E-31));
#1284 = ADVANCED_FACE('',(#1285),#1310,.T.);
#1285 = FACE_BOUND('',#1286,.T.);
#1286 = EDGE_LOOP('',(#1287,#1295,#1303,#1309));
#1287 = ORIENTED_EDGE('',*,*,#1288,.F.);
#1288 = EDGE_CURVE('',#1289,#522,#1291,.T.);
#1289 = VERTEX_POINT('',#1290);
#1290 = CARTESIAN_POINT('',(2.19,0.2,2.1));
#1291 = LINE('',#1292,#1293);
#1292 = CARTESIAN_POINT('',(2.19,0.2,2.1));
#1293 = VECTOR('',#1294,1.);
#1294 = DIRECTION('',(0.,6.661338147751E-16,1.));
#1295 = ORIENTED_EDGE('',*,*,#1296,.T.);
#1296 = EDGE_CURVE('',#1289,#1297,#1299,.T.);
#1297 = VERTEX_POINT('',#1298);
#1298 = CARTESIAN_POINT('',(2.19,-0.2,2.1));
#1299 = LINE('',#1300,#1301);
#1300 = CARTESIAN_POINT('',(2.19,0.2,2.1));
#1301 = VECTOR('',#1302,1.);
#1302 = DIRECTION('',(0.,-1.,4.440892098501E-16));
#1303 = ORIENTED_EDGE('',*,*,#1304,.T.);
#1304 = EDGE_CURVE('',#1297,#520,#1305,.T.);
#1305 = LINE('',#1306,#1307);
#1306 = CARTESIAN_POINT('',(2.19,-0.2,2.1));
#1307 = VECTOR('',#1308,1.);
#1308 = DIRECTION('',(0.,6.661338147751E-16,1.));
#1309 = ORIENTED_EDGE('',*,*,#519,.T.);
#1310 = PLANE('',#1311);
#1311 = AXIS2_PLACEMENT_3D('',#1312,#1313,#1314);
#1312 = CARTESIAN_POINT('',(2.19,0.2,2.1));
#1313 = DIRECTION('',(-1.,0.,0.));
#1314 = DIRECTION('',(0.,6.661338147751E-16,1.));
#1315 = ADVANCED_FACE('',(#1316),#1414,.T.);
#1316 = FACE_BOUND('',#1317,.T.);
#1317 = EDGE_LOOP('',(#1318,#1328,#1336,#1344,#1352,#1360,#1368,#1376,
    #1382,#1383,#1384,#1392,#1400,#1408));
#1318 = ORIENTED_EDGE('',*,*,#1319,.F.);
#1319 = EDGE_CURVE('',#1320,#1322,#1324,.T.);
#1320 = VERTEX_POINT('',#1321);
#1321 = CARTESIAN_POINT('',(2.89,0.2,0.1));
#1322 = VERTEX_POINT('',#1323);
#1323 = CARTESIAN_POINT('',(2.965,0.2,0.1));
#1324 = LINE('',#1325,#1326);
#1325 = CARTESIAN_POINT('',(2.89,0.2,0.1));
#1326 = VECTOR('',#1327,1.);
#1327 = DIRECTION('',(1.,0.,0.));
#1328 = ORIENTED_EDGE('',*,*,#1329,.T.);
#1329 = EDGE_CURVE('',#1320,#1330,#1332,.T.);
#1330 = VERTEX_POINT('',#1331);
#1331 = CARTESIAN_POINT('',(2.89,0.2,-3.));
#1332 = LINE('',#1333,#1334);
#1333 = CARTESIAN_POINT('',(2.89,0.2,0.1));
#1334 = VECTOR('',#1335,1.);
#1335 = DIRECTION('',(0.,-6.661338147751E-16,-1.));
#1336 = ORIENTED_EDGE('',*,*,#1337,.T.);
#1337 = EDGE_CURVE('',#1330,#1338,#1340,.T.);
#1338 = VERTEX_POINT('',#1339);
#1339 = CARTESIAN_POINT('',(2.19,0.2,-3.));
#1340 = LINE('',#1341,#1342);
#1341 = CARTESIAN_POINT('',(2.89,0.2,-3.));
#1342 = VECTOR('',#1343,1.);
#1343 = DIRECTION('',(-1.,0.,0.));
#1344 = ORIENTED_EDGE('',*,*,#1345,.F.);
#1345 = EDGE_CURVE('',#1346,#1338,#1348,.T.);
#1346 = VERTEX_POINT('',#1347);
#1347 = CARTESIAN_POINT('',(2.19,0.2,0.1));
#1348 = LINE('',#1349,#1350);
#1349 = CARTESIAN_POINT('',(2.19,0.2,0.1));
#1350 = VECTOR('',#1351,1.);
#1351 = DIRECTION('',(0.,-6.661338147751E-16,-1.));
#1352 = ORIENTED_EDGE('',*,*,#1353,.F.);
#1353 = EDGE_CURVE('',#1354,#1346,#1356,.T.);
#1354 = VERTEX_POINT('',#1355);
#1355 = CARTESIAN_POINT('',(2.115,0.2,0.1));
#1356 = LINE('',#1357,#1358);
#1357 = CARTESIAN_POINT('',(2.115,0.2,0.1));
#1358 = VECTOR('',#1359,1.);
#1359 = DIRECTION('',(1.,0.,0.));
#1360 = ORIENTED_EDGE('',*,*,#1361,.F.);
#1361 = EDGE_CURVE('',#1362,#1354,#1364,.T.);
#1362 = VERTEX_POINT('',#1363);
#1363 = CARTESIAN_POINT('',(2.115,0.2,1.2));
#1364 = LINE('',#1365,#1366);
#1365 = CARTESIAN_POINT('',(2.115,0.2,1.2));
#1366 = VECTOR('',#1367,1.);
#1367 = DIRECTION('',(0.,-6.661338147751E-16,-1.));
#1368 = ORIENTED_EDGE('',*,*,#1369,.T.);
#1369 = EDGE_CURVE('',#1362,#1370,#1372,.T.);
#1370 = VERTEX_POINT('',#1371);
#1371 = CARTESIAN_POINT('',(2.19,0.2,1.2));
#1372 = LINE('',#1373,#1374);
#1373 = CARTESIAN_POINT('',(2.115,0.2,1.2));
#1374 = VECTOR('',#1375,1.);
#1375 = DIRECTION('',(1.,0.,0.));
#1376 = ORIENTED_EDGE('',*,*,#1377,.F.);
#1377 = EDGE_CURVE('',#1289,#1370,#1378,.T.);
#1378 = LINE('',#1379,#1380);
#1379 = CARTESIAN_POINT('',(2.19,0.2,2.1));
#1380 = VECTOR('',#1381,1.);
#1381 = DIRECTION('',(0.,-6.661338147751E-16,-1.));
#1382 = ORIENTED_EDGE('',*,*,#1288,.T.);
#1383 = ORIENTED_EDGE('',*,*,#545,.T.);
#1384 = ORIENTED_EDGE('',*,*,#1385,.T.);
#1385 = EDGE_CURVE('',#538,#1386,#1388,.T.);
#1386 = VERTEX_POINT('',#1387);
#1387 = CARTESIAN_POINT('',(2.89,0.2,2.1));
#1388 = LINE('',#1389,#1390);
#1389 = CARTESIAN_POINT('',(2.89,0.2,3.5));
#1390 = VECTOR('',#1391,1.);
#1391 = DIRECTION('',(0.,-6.661338147751E-16,-1.));
#1392 = ORIENTED_EDGE('',*,*,#1393,.F.);
#1393 = EDGE_CURVE('',#1394,#1386,#1396,.T.);
#1394 = VERTEX_POINT('',#1395);
#1395 = CARTESIAN_POINT('',(2.89,0.2,1.2));
#1396 = LINE('',#1397,#1398);
#1397 = CARTESIAN_POINT('',(2.89,0.2,1.2));
#1398 = VECTOR('',#1399,1.);
#1399 = DIRECTION('',(0.,6.661338147751E-16,1.));
#1400 = ORIENTED_EDGE('',*,*,#1401,.T.);
#1401 = EDGE_CURVE('',#1394,#1402,#1404,.T.);
#1402 = VERTEX_POINT('',#1403);
#1403 = CARTESIAN_POINT('',(2.965,0.2,1.2));
#1404 = LINE('',#1405,#1406);
#1405 = CARTESIAN_POINT('',(2.89,0.2,1.2));
#1406 = VECTOR('',#1407,1.);
#1407 = DIRECTION('',(1.,0.,0.));
#1408 = ORIENTED_EDGE('',*,*,#1409,.F.);
#1409 = EDGE_CURVE('',#1322,#1402,#1410,.T.);
#1410 = LINE('',#1411,#1412);
#1411 = CARTESIAN_POINT('',(2.965,0.2,0.1));
#1412 = VECTOR('',#1413,1.);
#1413 = DIRECTION('',(0.,6.661338147751E-16,1.));
#1414 = PLANE('',#1415);
#1415 = AXIS2_PLACEMENT_3D('',#1416,#1417,#1418);
#1416 = CARTESIAN_POINT('',(2.89,0.2,0.1));
#1417 = DIRECTION('',(0.,1.,-6.661338147751E-16));
#1418 = DIRECTION('',(0.,6.661338147751E-16,1.));
#1419 = ADVANCED_FACE('',(#1420),#1438,.T.);
#1420 = FACE_BOUND('',#1421,.T.);
#1421 = EDGE_LOOP('',(#1422,#1423,#1424,#1432));
#1422 = ORIENTED_EDGE('',*,*,#1385,.F.);
#1423 = ORIENTED_EDGE('',*,*,#537,.T.);
#1424 = ORIENTED_EDGE('',*,*,#1425,.T.);
#1425 = EDGE_CURVE('',#530,#1426,#1428,.T.);
#1426 = VERTEX_POINT('',#1427);
#1427 = CARTESIAN_POINT('',(2.89,-0.2,2.1));
#1428 = LINE('',#1429,#1430);
#1429 = CARTESIAN_POINT('',(2.89,-0.2,3.5));
#1430 = VECTOR('',#1431,1.);
#1431 = DIRECTION('',(0.,-6.661338147751E-16,-1.));
#1432 = ORIENTED_EDGE('',*,*,#1433,.F.);
#1433 = EDGE_CURVE('',#1386,#1426,#1434,.T.);
#1434 = LINE('',#1435,#1436);
#1435 = CARTESIAN_POINT('',(2.89,0.2,2.1));
#1436 = VECTOR('',#1437,1.);
#1437 = DIRECTION('',(0.,-1.,4.440892098501E-16));
#1438 = PLANE('',#1439);
#1439 = AXIS2_PLACEMENT_3D('',#1440,#1441,#1442);
#1440 = CARTESIAN_POINT('',(2.89,0.2,3.5));
#1441 = DIRECTION('',(1.,0.,0.));
#1442 = DIRECTION('',(0.,-6.661338147751E-16,-1.));
#1443 = ADVANCED_FACE('',(#1444),#1535,.F.);
#1444 = FACE_BOUND('',#1445,.F.);
#1445 = EDGE_LOOP('',(#1446,#1456,#1464,#1472,#1480,#1488,#1496,#1504,
    #1510,#1511,#1512,#1513,#1521,#1529));
#1446 = ORIENTED_EDGE('',*,*,#1447,.F.);
#1447 = EDGE_CURVE('',#1448,#1450,#1452,.T.);
#1448 = VERTEX_POINT('',#1449);
#1449 = CARTESIAN_POINT('',(2.89,-0.2,0.1));
#1450 = VERTEX_POINT('',#1451);
#1451 = CARTESIAN_POINT('',(2.965,-0.2,0.1));
#1452 = LINE('',#1453,#1454);
#1453 = CARTESIAN_POINT('',(2.89,-0.2,0.1));
#1454 = VECTOR('',#1455,1.);
#1455 = DIRECTION('',(1.,0.,0.));
#1456 = ORIENTED_EDGE('',*,*,#1457,.T.);
#1457 = EDGE_CURVE('',#1448,#1458,#1460,.T.);
#1458 = VERTEX_POINT('',#1459);
#1459 = CARTESIAN_POINT('',(2.89,-0.2,-3.));
#1460 = LINE('',#1461,#1462);
#1461 = CARTESIAN_POINT('',(2.89,-0.2,0.1));
#1462 = VECTOR('',#1463,1.);
#1463 = DIRECTION('',(0.,-6.661338147751E-16,-1.));
#1464 = ORIENTED_EDGE('',*,*,#1465,.T.);
#1465 = EDGE_CURVE('',#1458,#1466,#1468,.T.);
#1466 = VERTEX_POINT('',#1467);
#1467 = CARTESIAN_POINT('',(2.19,-0.2,-3.));
#1468 = LINE('',#1469,#1470);
#1469 = CARTESIAN_POINT('',(2.89,-0.2,-3.));
#1470 = VECTOR('',#1471,1.);
#1471 = DIRECTION('',(-1.,0.,0.));
#1472 = ORIENTED_EDGE('',*,*,#1473,.F.);
#1473 = EDGE_CURVE('',#1474,#1466,#1476,.T.);
#1474 = VERTEX_POINT('',#1475);
#1475 = CARTESIAN_POINT('',(2.19,-0.2,0.1));
#1476 = LINE('',#1477,#1478);
#1477 = CARTESIAN_POINT('',(2.19,-0.2,0.1));
#1478 = VECTOR('',#1479,1.);
#1479 = DIRECTION('',(0.,-6.661338147751E-16,-1.));
#1480 = ORIENTED_EDGE('',*,*,#1481,.F.);
#1481 = EDGE_CURVE('',#1482,#1474,#1484,.T.);
#1482 = VERTEX_POINT('',#1483);
#1483 = CARTESIAN_POINT('',(2.115,-0.2,0.1));
#1484 = LINE('',#1485,#1486);
#1485 = CARTESIAN_POINT('',(2.115,-0.2,0.1));
#1486 = VECTOR('',#1487,1.);
#1487 = DIRECTION('',(1.,0.,0.));
#1488 = ORIENTED_EDGE('',*,*,#1489,.F.);
#1489 = EDGE_CURVE('',#1490,#1482,#1492,.T.);
#1490 = VERTEX_POINT('',#1491);
#1491 = CARTESIAN_POINT('',(2.115,-0.2,1.2));
#1492 = LINE('',#1493,#1494);
#1493 = CARTESIAN_POINT('',(2.115,-0.2,1.2));
#1494 = VECTOR('',#1495,1.);
#1495 = DIRECTION('',(0.,-6.661338147751E-16,-1.));
#1496 = ORIENTED_EDGE('',*,*,#1497,.T.);
#1497 = EDGE_CURVE('',#1490,#1498,#1500,.T.);
#1498 = VERTEX_POINT('',#1499);
#1499 = CARTESIAN_POINT('',(2.19,-0.2,1.2));
#1500 = LINE('',#1501,#1502);
#1501 = CARTESIAN_POINT('',(2.115,-0.2,1.2));
#1502 = VECTOR('',#1503,1.);
#1503 = DIRECTION('',(1.,0.,0.));
#1504 = ORIENTED_EDGE('',*,*,#1505,.F.);
#1505 = EDGE_CURVE('',#1297,#1498,#1506,.T.);
#1506 = LINE('',#1507,#1508);
#1507 = CARTESIAN_POINT('',(2.19,-0.2,2.1));
#1508 = VECTOR('',#1509,1.);
#1509 = DIRECTION('',(0.,-6.661338147751E-16,-1.));
#1510 = ORIENTED_EDGE('',*,*,#1304,.T.);
#1511 = ORIENTED_EDGE('',*,*,#529,.T.);
#1512 = ORIENTED_EDGE('',*,*,#1425,.T.);
#1513 = ORIENTED_EDGE('',*,*,#1514,.F.);
#1514 = EDGE_CURVE('',#1515,#1426,#1517,.T.);
#1515 = VERTEX_POINT('',#1516);
#1516 = CARTESIAN_POINT('',(2.89,-0.2,1.2));
#1517 = LINE('',#1518,#1519);
#1518 = CARTESIAN_POINT('',(2.89,-0.2,1.2));
#1519 = VECTOR('',#1520,1.);
#1520 = DIRECTION('',(0.,6.661338147751E-16,1.));
#1521 = ORIENTED_EDGE('',*,*,#1522,.T.);
#1522 = EDGE_CURVE('',#1515,#1523,#1525,.T.);
#1523 = VERTEX_POINT('',#1524);
#1524 = CARTESIAN_POINT('',(2.965,-0.2,1.2));
#1525 = LINE('',#1526,#1527);
#1526 = CARTESIAN_POINT('',(2.89,-0.2,1.2));
#1527 = VECTOR('',#1528,1.);
#1528 = DIRECTION('',(1.,0.,0.));
#1529 = ORIENTED_EDGE('',*,*,#1530,.F.);
#1530 = EDGE_CURVE('',#1450,#1523,#1531,.T.);
#1531 = LINE('',#1532,#1533);
#1532 = CARTESIAN_POINT('',(2.965,-0.2,0.1));
#1533 = VECTOR('',#1534,1.);
#1534 = DIRECTION('',(0.,6.661338147751E-16,1.));
#1535 = PLANE('',#1536);
#1536 = AXIS2_PLACEMENT_3D('',#1537,#1538,#1539);
#1537 = CARTESIAN_POINT('',(2.89,-0.2,0.1));
#1538 = DIRECTION('',(0.,1.,-6.661338147751E-16));
#1539 = DIRECTION('',(0.,6.661338147751E-16,1.));
#1540 = ADVANCED_FACE('',(#1541),#1557,.T.);
#1541 = FACE_BOUND('',#1542,.T.);
#1542 = EDGE_LOOP('',(#1543,#1544,#1550,#1551));
#1543 = ORIENTED_EDGE('',*,*,#737,.T.);
#1544 = ORIENTED_EDGE('',*,*,#1545,.T.);
#1545 = EDGE_CURVE('',#740,#562,#1546,.T.);
#1546 = LINE('',#1547,#1548);
#1547 = CARTESIAN_POINT('',(5.18,0.2,2.6));
#1548 = VECTOR('',#1549,1.);
#1549 = DIRECTION('',(0.,-1.,4.440892098501E-16));
#1550 = ORIENTED_EDGE('',*,*,#559,.F.);
#1551 = ORIENTED_EDGE('',*,*,#1552,.F.);
#1552 = EDGE_CURVE('',#738,#560,#1553,.T.);
#1553 = LINE('',#1554,#1555);
#1554 = CARTESIAN_POINT('',(5.43,0.2,2.35));
#1555 = VECTOR('',#1556,1.);
#1556 = DIRECTION('',(0.,-1.,4.440892098501E-16));
#1557 = CYLINDRICAL_SURFACE('',#1558,0.25);
#1558 = AXIS2_PLACEMENT_3D('',#1559,#1560,#1561);
#1559 = CARTESIAN_POINT('',(5.18,0.2,2.35));
#1560 = DIRECTION('',(0.,-1.,4.440892098501E-16));
#1561 = DIRECTION('',(1.,0.,0.));
#1562 = ADVANCED_FACE('',(#1563),#1569,.F.);
#1563 = FACE_BOUND('',#1564,.F.);
#1564 = EDGE_LOOP('',(#1565,#1566,#1567,#1568));
#1565 = ORIENTED_EDGE('',*,*,#869,.F.);
#1566 = ORIENTED_EDGE('',*,*,#1545,.T.);
#1567 = ORIENTED_EDGE('',*,*,#699,.T.);
#1568 = ORIENTED_EDGE('',*,*,#721,.F.);
#1569 = PLANE('',#1570);
#1570 = AXIS2_PLACEMENT_3D('',#1571,#1572,#1573);
#1571 = CARTESIAN_POINT('',(5.43,0.2,2.6));
#1572 = DIRECTION('',(0.,-4.440892098501E-16,-1.));
#1573 = DIRECTION('',(-1.,-0.,0.));
#1574 = ADVANCED_FACE('',(#1575),#1586,.T.);
#1575 = FACE_BOUND('',#1576,.T.);
#1576 = EDGE_LOOP('',(#1577,#1578,#1584,#1585));
#1577 = ORIENTED_EDGE('',*,*,#852,.T.);
#1578 = ORIENTED_EDGE('',*,*,#1579,.T.);
#1579 = EDGE_CURVE('',#845,#667,#1580,.T.);
#1580 = LINE('',#1581,#1582);
#1581 = CARTESIAN_POINT('',(4.14,0.2,2.1));
#1582 = VECTOR('',#1583,1.);
#1583 = DIRECTION('',(0.,-1.,4.440892098501E-16));
#1584 = ORIENTED_EDGE('',*,*,#674,.F.);
#1585 = ORIENTED_EDGE('',*,*,#887,.F.);
#1586 = CYLINDRICAL_SURFACE('',#1587,0.25);
#1587 = AXIS2_PLACEMENT_3D('',#1588,#1589,#1590);
#1588 = CARTESIAN_POINT('',(4.14,0.2,2.35));
#1589 = DIRECTION('',(0.,-1.,4.440892098501E-16));
#1590 = DIRECTION('',(-1.,0.,0.));
#1591 = ADVANCED_FACE('',(#1592),#1603,.F.);
#1592 = FACE_BOUND('',#1593,.F.);
#1593 = EDGE_LOOP('',(#1594,#1595,#1596,#1597));
#1594 = ORIENTED_EDGE('',*,*,#844,.F.);
#1595 = ORIENTED_EDGE('',*,*,#1579,.T.);
#1596 = ORIENTED_EDGE('',*,*,#666,.T.);
#1597 = ORIENTED_EDGE('',*,*,#1598,.F.);
#1598 = EDGE_CURVE('',#837,#659,#1599,.T.);
#1599 = LINE('',#1600,#1601);
#1600 = CARTESIAN_POINT('',(4.73,0.2,2.1));
#1601 = VECTOR('',#1602,1.);
#1602 = DIRECTION('',(0.,-1.,4.440892098501E-16));
#1603 = PLANE('',#1604);
#1604 = AXIS2_PLACEMENT_3D('',#1605,#1606,#1607);
#1605 = CARTESIAN_POINT('',(3.89,0.2,2.1));
#1606 = DIRECTION('',(-5.286776307739E-16,4.440892098501E-16,1.));
#1607 = DIRECTION('',(1.,3.521700469737E-31,5.286776307739E-16));
#1608 = ADVANCED_FACE('',(#1609),#1620,.F.);
#1609 = FACE_BOUND('',#1610,.F.);
#1610 = EDGE_LOOP('',(#1611,#1612,#1613,#1619));
#1611 = ORIENTED_EDGE('',*,*,#1598,.T.);
#1612 = ORIENTED_EDGE('',*,*,#658,.T.);
#1613 = ORIENTED_EDGE('',*,*,#1614,.F.);
#1614 = EDGE_CURVE('',#829,#651,#1615,.T.);
#1615 = LINE('',#1616,#1617);
#1616 = CARTESIAN_POINT('',(4.73,0.2,1.2));
#1617 = VECTOR('',#1618,1.);
#1618 = DIRECTION('',(0.,-1.,4.440892098501E-16));
#1619 = ORIENTED_EDGE('',*,*,#836,.F.);
#1620 = PLANE('',#1621);
#1621 = AXIS2_PLACEMENT_3D('',#1622,#1623,#1624);
#1622 = CARTESIAN_POINT('',(4.73,0.2,2.1));
#1623 = DIRECTION('',(1.,0.,0.));
#1624 = DIRECTION('',(0.,-6.661338147751E-16,-1.));
#1625 = ADVANCED_FACE('',(#1626),#1637,.T.);
#1626 = FACE_BOUND('',#1627,.T.);
#1627 = EDGE_LOOP('',(#1628,#1634,#1635,#1636));
#1628 = ORIENTED_EDGE('',*,*,#1629,.T.);
#1629 = EDGE_CURVE('',#821,#643,#1630,.T.);
#1630 = LINE('',#1631,#1632);
#1631 = CARTESIAN_POINT('',(4.655,0.2,1.2));
#1632 = VECTOR('',#1633,1.);
#1633 = DIRECTION('',(0.,-1.,4.440892098501E-16));
#1634 = ORIENTED_EDGE('',*,*,#650,.T.);
#1635 = ORIENTED_EDGE('',*,*,#1614,.F.);
#1636 = ORIENTED_EDGE('',*,*,#828,.F.);
#1637 = PLANE('',#1638);
#1638 = AXIS2_PLACEMENT_3D('',#1639,#1640,#1641);
#1639 = CARTESIAN_POINT('',(4.655,0.2,1.2));
#1640 = DIRECTION('',(0.,4.440892098501E-16,1.));
#1641 = DIRECTION('',(1.,0.,-0.));
#1642 = ADVANCED_FACE('',(#1643),#1654,.F.);
#1643 = FACE_BOUND('',#1644,.F.);
#1644 = EDGE_LOOP('',(#1645,#1646,#1647,#1653));
#1645 = ORIENTED_EDGE('',*,*,#1629,.T.);
#1646 = ORIENTED_EDGE('',*,*,#642,.T.);
#1647 = ORIENTED_EDGE('',*,*,#1648,.F.);
#1648 = EDGE_CURVE('',#813,#635,#1649,.T.);
#1649 = LINE('',#1650,#1651);
#1650 = CARTESIAN_POINT('',(4.655,0.2,0.1));
#1651 = VECTOR('',#1652,1.);
#1652 = DIRECTION('',(0.,-1.,4.440892098501E-16));
#1653 = ORIENTED_EDGE('',*,*,#820,.F.);
#1654 = PLANE('',#1655);
#1655 = AXIS2_PLACEMENT_3D('',#1656,#1657,#1658);
#1656 = CARTESIAN_POINT('',(4.655,0.2,1.2));
#1657 = DIRECTION('',(1.,0.,0.));
#1658 = DIRECTION('',(0.,-6.661338147751E-16,-1.));
#1659 = ADVANCED_FACE('',(#1660),#1671,.F.);
#1660 = FACE_BOUND('',#1661,.F.);
#1661 = EDGE_LOOP('',(#1662,#1663,#1664,#1670));
#1662 = ORIENTED_EDGE('',*,*,#1648,.T.);
#1663 = ORIENTED_EDGE('',*,*,#634,.T.);
#1664 = ORIENTED_EDGE('',*,*,#1665,.F.);
#1665 = EDGE_CURVE('',#805,#627,#1666,.T.);
#1666 = LINE('',#1667,#1668);
#1667 = CARTESIAN_POINT('',(4.73,0.2,0.1));
#1668 = VECTOR('',#1669,1.);
#1669 = DIRECTION('',(0.,-1.,4.440892098501E-16));
#1670 = ORIENTED_EDGE('',*,*,#812,.F.);
#1671 = PLANE('',#1672);
#1672 = AXIS2_PLACEMENT_3D('',#1673,#1674,#1675);
#1673 = CARTESIAN_POINT('',(4.655,0.2,0.1));
#1674 = DIRECTION('',(0.,4.440892098501E-16,1.));
#1675 = DIRECTION('',(1.,0.,-0.));
#1676 = ADVANCED_FACE('',(#1677),#1688,.F.);
#1677 = FACE_BOUND('',#1678,.F.);
#1678 = EDGE_LOOP('',(#1679,#1680,#1681,#1687));
#1679 = ORIENTED_EDGE('',*,*,#1665,.T.);
#1680 = ORIENTED_EDGE('',*,*,#626,.T.);
#1681 = ORIENTED_EDGE('',*,*,#1682,.F.);
#1682 = EDGE_CURVE('',#797,#619,#1683,.T.);
#1683 = LINE('',#1684,#1685);
#1684 = CARTESIAN_POINT('',(4.73,0.2,-3.));
#1685 = VECTOR('',#1686,1.);
#1686 = DIRECTION('',(0.,-1.,4.440892098501E-16));
#1687 = ORIENTED_EDGE('',*,*,#804,.F.);
#1688 = PLANE('',#1689);
#1689 = AXIS2_PLACEMENT_3D('',#1690,#1691,#1692);
#1690 = CARTESIAN_POINT('',(4.73,0.2,0.1));
#1691 = DIRECTION('',(1.,0.,0.));
#1692 = DIRECTION('',(0.,-6.661338147751E-16,-1.));
#1693 = ADVANCED_FACE('',(#1694),#1705,.T.);
#1694 = FACE_BOUND('',#1695,.T.);
#1695 = EDGE_LOOP('',(#1696,#1702,#1703,#1704));
#1696 = ORIENTED_EDGE('',*,*,#1697,.T.);
#1697 = EDGE_CURVE('',#789,#611,#1698,.T.);
#1698 = LINE('',#1699,#1700);
#1699 = CARTESIAN_POINT('',(5.43,0.2,-3.));
#1700 = VECTOR('',#1701,1.);
#1701 = DIRECTION('',(0.,-1.,4.440892098501E-16));
#1702 = ORIENTED_EDGE('',*,*,#618,.T.);
#1703 = ORIENTED_EDGE('',*,*,#1682,.F.);
#1704 = ORIENTED_EDGE('',*,*,#796,.F.);
#1705 = PLANE('',#1706);
#1706 = AXIS2_PLACEMENT_3D('',#1707,#1708,#1709);
#1707 = CARTESIAN_POINT('',(5.43,0.2,-3.));
#1708 = DIRECTION('',(0.,-4.440892098501E-16,-1.));
#1709 = DIRECTION('',(-1.,-0.,0.));
#1710 = ADVANCED_FACE('',(#1711),#1722,.T.);
#1711 = FACE_BOUND('',#1712,.T.);
#1712 = EDGE_LOOP('',(#1713,#1719,#1720,#1721));
#1713 = ORIENTED_EDGE('',*,*,#1714,.T.);
#1714 = EDGE_CURVE('',#781,#603,#1715,.T.);
#1715 = LINE('',#1716,#1717);
#1716 = CARTESIAN_POINT('',(5.43,0.2,0.1));
#1717 = VECTOR('',#1718,1.);
#1718 = DIRECTION('',(0.,-1.,4.440892098501E-16));
#1719 = ORIENTED_EDGE('',*,*,#610,.T.);
#1720 = ORIENTED_EDGE('',*,*,#1697,.F.);
#1721 = ORIENTED_EDGE('',*,*,#788,.F.);
#1722 = PLANE('',#1723);
#1723 = AXIS2_PLACEMENT_3D('',#1724,#1725,#1726);
#1724 = CARTESIAN_POINT('',(5.43,0.2,0.1));
#1725 = DIRECTION('',(1.,0.,0.));
#1726 = DIRECTION('',(0.,-6.661338147751E-16,-1.));
#1727 = ADVANCED_FACE('',(#1728),#1739,.F.);
#1728 = FACE_BOUND('',#1729,.F.);
#1729 = EDGE_LOOP('',(#1730,#1731,#1732,#1738));
#1730 = ORIENTED_EDGE('',*,*,#1714,.T.);
#1731 = ORIENTED_EDGE('',*,*,#602,.T.);
#1732 = ORIENTED_EDGE('',*,*,#1733,.F.);
#1733 = EDGE_CURVE('',#773,#595,#1734,.T.);
#1734 = LINE('',#1735,#1736);
#1735 = CARTESIAN_POINT('',(5.505,0.2,0.1));
#1736 = VECTOR('',#1737,1.);
#1737 = DIRECTION('',(0.,-1.,4.440892098501E-16));
#1738 = ORIENTED_EDGE('',*,*,#780,.F.);
#1739 = PLANE('',#1740);
#1740 = AXIS2_PLACEMENT_3D('',#1741,#1742,#1743);
#1741 = CARTESIAN_POINT('',(5.43,0.2,0.1));
#1742 = DIRECTION('',(0.,4.440892098501E-16,1.));
#1743 = DIRECTION('',(1.,0.,-0.));
#1744 = ADVANCED_FACE('',(#1745),#1756,.F.);
#1745 = FACE_BOUND('',#1746,.F.);
#1746 = EDGE_LOOP('',(#1747,#1748,#1749,#1755));
#1747 = ORIENTED_EDGE('',*,*,#1733,.T.);
#1748 = ORIENTED_EDGE('',*,*,#594,.T.);
#1749 = ORIENTED_EDGE('',*,*,#1750,.F.);
#1750 = EDGE_CURVE('',#765,#587,#1751,.T.);
#1751 = LINE('',#1752,#1753);
#1752 = CARTESIAN_POINT('',(5.505,0.2,1.2));
#1753 = VECTOR('',#1754,1.);
#1754 = DIRECTION('',(0.,-1.,4.440892098501E-16));
#1755 = ORIENTED_EDGE('',*,*,#772,.F.);
#1756 = PLANE('',#1757);
#1757 = AXIS2_PLACEMENT_3D('',#1758,#1759,#1760);
#1758 = CARTESIAN_POINT('',(5.505,0.2,0.1));
#1759 = DIRECTION('',(-1.,0.,0.));
#1760 = DIRECTION('',(0.,6.661338147751E-16,1.));
#1761 = ADVANCED_FACE('',(#1762),#1773,.T.);
#1762 = FACE_BOUND('',#1763,.T.);
#1763 = EDGE_LOOP('',(#1764,#1770,#1771,#1772));
#1764 = ORIENTED_EDGE('',*,*,#1765,.T.);
#1765 = EDGE_CURVE('',#757,#579,#1766,.T.);
#1766 = LINE('',#1767,#1768);
#1767 = CARTESIAN_POINT('',(5.43,0.2,1.2));
#1768 = VECTOR('',#1769,1.);
#1769 = DIRECTION('',(0.,-1.,4.440892098501E-16));
#1770 = ORIENTED_EDGE('',*,*,#586,.T.);
#1771 = ORIENTED_EDGE('',*,*,#1750,.F.);
#1772 = ORIENTED_EDGE('',*,*,#764,.F.);
#1773 = PLANE('',#1774);
#1774 = AXIS2_PLACEMENT_3D('',#1775,#1776,#1777);
#1775 = CARTESIAN_POINT('',(5.43,0.2,1.2));
#1776 = DIRECTION('',(0.,4.440892098501E-16,1.));
#1777 = DIRECTION('',(1.,0.,-0.));
#1778 = ADVANCED_FACE('',(#1779),#1790,.F.);
#1779 = FACE_BOUND('',#1780,.F.);
#1780 = EDGE_LOOP('',(#1781,#1782,#1783,#1789));
#1781 = ORIENTED_EDGE('',*,*,#1765,.T.);
#1782 = ORIENTED_EDGE('',*,*,#578,.T.);
#1783 = ORIENTED_EDGE('',*,*,#1784,.F.);
#1784 = EDGE_CURVE('',#749,#571,#1785,.T.);
#1785 = LINE('',#1786,#1787);
#1786 = CARTESIAN_POINT('',(5.43,0.2,2.1));
#1787 = VECTOR('',#1788,1.);
#1788 = DIRECTION('',(0.,-1.,4.440892098501E-16));
#1789 = ORIENTED_EDGE('',*,*,#756,.F.);
#1790 = PLANE('',#1791);
#1791 = AXIS2_PLACEMENT_3D('',#1792,#1793,#1794);
#1792 = CARTESIAN_POINT('',(5.43,0.2,1.2));
#1793 = DIRECTION('',(-1.,0.,0.));
#1794 = DIRECTION('',(0.,6.661338147751E-16,1.));
#1795 = ADVANCED_FACE('',(#1796),#1802,.F.);
#1796 = FACE_BOUND('',#1797,.F.);
#1797 = EDGE_LOOP('',(#1798,#1799,#1800,#1801));
#1798 = ORIENTED_EDGE('',*,*,#748,.F.);
#1799 = ORIENTED_EDGE('',*,*,#1784,.T.);
#1800 = ORIENTED_EDGE('',*,*,#570,.T.);
#1801 = ORIENTED_EDGE('',*,*,#1552,.F.);
#1802 = PLANE('',#1803);
#1803 = AXIS2_PLACEMENT_3D('',#1804,#1805,#1806);
#1804 = CARTESIAN_POINT('',(5.43,0.2,2.1));
#1805 = DIRECTION('',(-1.,0.,0.));
#1806 = DIRECTION('',(0.,6.661338147751E-16,1.));
#1807 = ADVANCED_FACE('',(#1808),#1819,.T.);
#1808 = FACE_BOUND('',#1809,.T.);
#1809 = EDGE_LOOP('',(#1810,#1811,#1812,#1813));
#1810 = ORIENTED_EDGE('',*,*,#933,.T.);
#1811 = ORIENTED_EDGE('',*,*,#919,.T.);
#1812 = ORIENTED_EDGE('',*,*,#1103,.F.);
#1813 = ORIENTED_EDGE('',*,*,#1814,.F.);
#1814 = EDGE_CURVE('',#934,#1104,#1815,.T.);
#1815 = LINE('',#1816,#1817);
#1816 = CARTESIAN_POINT('',(0.94,0.2,2.1));
#1817 = VECTOR('',#1818,1.);
#1818 = DIRECTION('',(0.,-1.,4.440892098501E-16));
#1819 = CYLINDRICAL_SURFACE('',#1820,0.25);
#1820 = AXIS2_PLACEMENT_3D('',#1821,#1822,#1823);
#1821 = CARTESIAN_POINT('',(0.94,0.2,2.35));
#1822 = DIRECTION('',(0.,-1.,4.440892098501E-16));
#1823 = DIRECTION('',(0.,-4.440892098501E-16,-1.));
#1824 = ADVANCED_FACE('',(#1825),#1836,.T.);
#1825 = FACE_BOUND('',#1826,.T.);
#1826 = EDGE_LOOP('',(#1827,#1828,#1834,#1835));
#1827 = ORIENTED_EDGE('',*,*,#1055,.F.);
#1828 = ORIENTED_EDGE('',*,*,#1829,.T.);
#1829 = EDGE_CURVE('',#1047,#1217,#1830,.T.);
#1830 = LINE('',#1831,#1832);
#1831 = CARTESIAN_POINT('',(-0.1,0.2,2.6));
#1832 = VECTOR('',#1833,1.);
#1833 = DIRECTION('',(0.,-1.,4.440892098501E-16));
#1834 = ORIENTED_EDGE('',*,*,#1225,.T.);
#1835 = ORIENTED_EDGE('',*,*,#1080,.F.);
#1836 = PLANE('',#1837);
#1837 = AXIS2_PLACEMENT_3D('',#1838,#1839,#1840);
#1838 = CARTESIAN_POINT('',(-0.35,0.2,2.6));
#1839 = DIRECTION('',(0.,4.440892098501E-16,1.));
#1840 = DIRECTION('',(1.,0.,-0.));
#1841 = ADVANCED_FACE('',(#1842),#1853,.T.);
#1842 = FACE_BOUND('',#1843,.T.);
#1843 = EDGE_LOOP('',(#1844,#1845,#1851,#1852));
#1844 = ORIENTED_EDGE('',*,*,#1046,.T.);
#1845 = ORIENTED_EDGE('',*,*,#1846,.T.);
#1846 = EDGE_CURVE('',#1039,#1209,#1847,.T.);
#1847 = LINE('',#1848,#1849);
#1848 = CARTESIAN_POINT('',(-0.35,0.2,2.35));
#1849 = VECTOR('',#1850,1.);
#1850 = DIRECTION('',(0.,-1.,4.440892098501E-16));
#1851 = ORIENTED_EDGE('',*,*,#1216,.F.);
#1852 = ORIENTED_EDGE('',*,*,#1829,.F.);
#1853 = CYLINDRICAL_SURFACE('',#1854,0.25);
#1854 = AXIS2_PLACEMENT_3D('',#1855,#1856,#1857);
#1855 = CARTESIAN_POINT('',(-0.1,0.2,2.35));
#1856 = DIRECTION('',(0.,-1.,4.440892098501E-16));
#1857 = DIRECTION('',(0.,4.440892098501E-16,1.));
#1858 = ADVANCED_FACE('',(#1859),#1870,.T.);
#1859 = FACE_BOUND('',#1860,.T.);
#1860 = EDGE_LOOP('',(#1861,#1862,#1868,#1869));
#1861 = ORIENTED_EDGE('',*,*,#1038,.F.);
#1862 = ORIENTED_EDGE('',*,*,#1863,.T.);
#1863 = EDGE_CURVE('',#1031,#1201,#1864,.T.);
#1864 = LINE('',#1865,#1866);
#1865 = CARTESIAN_POINT('',(-0.35,0.2,2.1));
#1866 = VECTOR('',#1867,1.);
#1867 = DIRECTION('',(0.,-1.,4.440892098501E-16));
#1868 = ORIENTED_EDGE('',*,*,#1208,.T.);
#1869 = ORIENTED_EDGE('',*,*,#1846,.F.);
#1870 = PLANE('',#1871);
#1871 = AXIS2_PLACEMENT_3D('',#1872,#1873,#1874);
#1872 = CARTESIAN_POINT('',(-0.35,0.2,2.1));
#1873 = DIRECTION('',(-1.,0.,0.));
#1874 = DIRECTION('',(0.,6.661338147751E-16,1.));
#1875 = ADVANCED_FACE('',(#1876),#1887,.F.);
#1876 = FACE_BOUND('',#1877,.F.);
#1877 = EDGE_LOOP('',(#1878,#1879,#1880,#1886));
#1878 = ORIENTED_EDGE('',*,*,#1863,.T.);
#1879 = ORIENTED_EDGE('',*,*,#1200,.T.);
#1880 = ORIENTED_EDGE('',*,*,#1881,.F.);
#1881 = EDGE_CURVE('',#1023,#1193,#1882,.T.);
#1882 = LINE('',#1883,#1884);
#1883 = CARTESIAN_POINT('',(-0.35,0.2,1.2));
#1884 = VECTOR('',#1885,1.);
#1885 = DIRECTION('',(0.,-1.,4.440892098501E-16));
#1886 = ORIENTED_EDGE('',*,*,#1030,.F.);
#1887 = PLANE('',#1888);
#1888 = AXIS2_PLACEMENT_3D('',#1889,#1890,#1891);
#1889 = CARTESIAN_POINT('',(-0.35,0.2,2.1));
#1890 = DIRECTION('',(1.,0.,0.));
#1891 = DIRECTION('',(0.,-6.661338147751E-16,-1.));
#1892 = ADVANCED_FACE('',(#1893),#1904,.T.);
#1893 = FACE_BOUND('',#1894,.T.);
#1894 = EDGE_LOOP('',(#1895,#1901,#1902,#1903));
#1895 = ORIENTED_EDGE('',*,*,#1896,.T.);
#1896 = EDGE_CURVE('',#1015,#1185,#1897,.T.);
#1897 = LINE('',#1898,#1899);
#1898 = CARTESIAN_POINT('',(-0.425,0.2,1.2));
#1899 = VECTOR('',#1900,1.);
#1900 = DIRECTION('',(0.,-1.,4.440892098501E-16));
#1901 = ORIENTED_EDGE('',*,*,#1192,.T.);
#1902 = ORIENTED_EDGE('',*,*,#1881,.F.);
#1903 = ORIENTED_EDGE('',*,*,#1022,.F.);
#1904 = PLANE('',#1905);
#1905 = AXIS2_PLACEMENT_3D('',#1906,#1907,#1908);
#1906 = CARTESIAN_POINT('',(-0.425,0.2,1.2));
#1907 = DIRECTION('',(0.,4.440892098501E-16,1.));
#1908 = DIRECTION('',(1.,0.,-0.));
#1909 = ADVANCED_FACE('',(#1910),#1921,.F.);
#1910 = FACE_BOUND('',#1911,.F.);
#1911 = EDGE_LOOP('',(#1912,#1913,#1914,#1920));
#1912 = ORIENTED_EDGE('',*,*,#1896,.T.);
#1913 = ORIENTED_EDGE('',*,*,#1184,.T.);
#1914 = ORIENTED_EDGE('',*,*,#1915,.F.);
#1915 = EDGE_CURVE('',#1007,#1177,#1916,.T.);
#1916 = LINE('',#1917,#1918);
#1917 = CARTESIAN_POINT('',(-0.425,0.2,0.1));
#1918 = VECTOR('',#1919,1.);
#1919 = DIRECTION('',(0.,-1.,4.440892098501E-16));
#1920 = ORIENTED_EDGE('',*,*,#1014,.F.);
#1921 = PLANE('',#1922);
#1922 = AXIS2_PLACEMENT_3D('',#1923,#1924,#1925);
#1923 = CARTESIAN_POINT('',(-0.425,0.2,1.2));
#1924 = DIRECTION('',(1.,0.,0.));
#1925 = DIRECTION('',(0.,-6.661338147751E-16,-1.));
#1926 = ADVANCED_FACE('',(#1927),#1938,.F.);
#1927 = FACE_BOUND('',#1928,.F.);
#1928 = EDGE_LOOP('',(#1929,#1930,#1931,#1937));
#1929 = ORIENTED_EDGE('',*,*,#1915,.T.);
#1930 = ORIENTED_EDGE('',*,*,#1176,.T.);
#1931 = ORIENTED_EDGE('',*,*,#1932,.F.);
#1932 = EDGE_CURVE('',#999,#1169,#1933,.T.);
#1933 = LINE('',#1934,#1935);
#1934 = CARTESIAN_POINT('',(-0.35,0.2,0.1));
#1935 = VECTOR('',#1936,1.);
#1936 = DIRECTION('',(0.,-1.,4.440892098501E-16));
#1937 = ORIENTED_EDGE('',*,*,#1006,.F.);
#1938 = PLANE('',#1939);
#1939 = AXIS2_PLACEMENT_3D('',#1940,#1941,#1942);
#1940 = CARTESIAN_POINT('',(-0.425,0.2,0.1));
#1941 = DIRECTION('',(0.,4.440892098501E-16,1.));
#1942 = DIRECTION('',(1.,0.,-0.));
#1943 = ADVANCED_FACE('',(#1944),#1955,.F.);
#1944 = FACE_BOUND('',#1945,.F.);
#1945 = EDGE_LOOP('',(#1946,#1947,#1948,#1954));
#1946 = ORIENTED_EDGE('',*,*,#1932,.T.);
#1947 = ORIENTED_EDGE('',*,*,#1168,.T.);
#1948 = ORIENTED_EDGE('',*,*,#1949,.F.);
#1949 = EDGE_CURVE('',#991,#1161,#1950,.T.);
#1950 = LINE('',#1951,#1952);
#1951 = CARTESIAN_POINT('',(-0.35,0.2,-3.));
#1952 = VECTOR('',#1953,1.);
#1953 = DIRECTION('',(0.,-1.,4.440892098501E-16));
#1954 = ORIENTED_EDGE('',*,*,#998,.F.);
#1955 = PLANE('',#1956);
#1956 = AXIS2_PLACEMENT_3D('',#1957,#1958,#1959);
#1957 = CARTESIAN_POINT('',(-0.35,0.2,0.1));
#1958 = DIRECTION('',(1.,0.,0.));
#1959 = DIRECTION('',(0.,-6.661338147751E-16,-1.));
#1960 = ADVANCED_FACE('',(#1961),#1972,.T.);
#1961 = FACE_BOUND('',#1962,.T.);
#1962 = EDGE_LOOP('',(#1963,#1969,#1970,#1971));
#1963 = ORIENTED_EDGE('',*,*,#1964,.T.);
#1964 = EDGE_CURVE('',#983,#1153,#1965,.T.);
#1965 = LINE('',#1966,#1967);
#1966 = CARTESIAN_POINT('',(0.35,0.2,-3.));
#1967 = VECTOR('',#1968,1.);
#1968 = DIRECTION('',(0.,-1.,4.440892098501E-16));
#1969 = ORIENTED_EDGE('',*,*,#1160,.T.);
#1970 = ORIENTED_EDGE('',*,*,#1949,.F.);
#1971 = ORIENTED_EDGE('',*,*,#990,.F.);
#1972 = PLANE('',#1973);
#1973 = AXIS2_PLACEMENT_3D('',#1974,#1975,#1976);
#1974 = CARTESIAN_POINT('',(0.35,0.2,-3.));
#1975 = DIRECTION('',(0.,-4.440892098501E-16,-1.));
#1976 = DIRECTION('',(-1.,-0.,0.));
#1977 = ADVANCED_FACE('',(#1978),#1989,.T.);
#1978 = FACE_BOUND('',#1979,.T.);
#1979 = EDGE_LOOP('',(#1980,#1986,#1987,#1988));
#1980 = ORIENTED_EDGE('',*,*,#1981,.T.);
#1981 = EDGE_CURVE('',#975,#1145,#1982,.T.);
#1982 = LINE('',#1983,#1984);
#1983 = CARTESIAN_POINT('',(0.35,0.2,0.1));
#1984 = VECTOR('',#1985,1.);
#1985 = DIRECTION('',(0.,-1.,4.440892098501E-16));
#1986 = ORIENTED_EDGE('',*,*,#1152,.T.);
#1987 = ORIENTED_EDGE('',*,*,#1964,.F.);
#1988 = ORIENTED_EDGE('',*,*,#982,.F.);
#1989 = PLANE('',#1990);
#1990 = AXIS2_PLACEMENT_3D('',#1991,#1992,#1993);
#1991 = CARTESIAN_POINT('',(0.35,0.2,0.1));
#1992 = DIRECTION('',(1.,0.,0.));
#1993 = DIRECTION('',(0.,-6.661338147751E-16,-1.));
#1994 = ADVANCED_FACE('',(#1995),#2006,.F.);
#1995 = FACE_BOUND('',#1996,.F.);
#1996 = EDGE_LOOP('',(#1997,#1998,#1999,#2005));
#1997 = ORIENTED_EDGE('',*,*,#1981,.T.);
#1998 = ORIENTED_EDGE('',*,*,#1144,.T.);
#1999 = ORIENTED_EDGE('',*,*,#2000,.F.);
#2000 = EDGE_CURVE('',#967,#1137,#2001,.T.);
#2001 = LINE('',#2002,#2003);
#2002 = CARTESIAN_POINT('',(0.425,0.2,0.1));
#2003 = VECTOR('',#2004,1.);
#2004 = DIRECTION('',(0.,-1.,4.440892098501E-16));
#2005 = ORIENTED_EDGE('',*,*,#974,.F.);
#2006 = PLANE('',#2007);
#2007 = AXIS2_PLACEMENT_3D('',#2008,#2009,#2010);
#2008 = CARTESIAN_POINT('',(0.35,0.2,0.1));
#2009 = DIRECTION('',(0.,4.440892098501E-16,1.));
#2010 = DIRECTION('',(1.,0.,-0.));
#2011 = ADVANCED_FACE('',(#2012),#2023,.F.);
#2012 = FACE_BOUND('',#2013,.F.);
#2013 = EDGE_LOOP('',(#2014,#2015,#2016,#2022));
#2014 = ORIENTED_EDGE('',*,*,#2000,.T.);
#2015 = ORIENTED_EDGE('',*,*,#1136,.T.);
#2016 = ORIENTED_EDGE('',*,*,#2017,.F.);
#2017 = EDGE_CURVE('',#959,#1129,#2018,.T.);
#2018 = LINE('',#2019,#2020);
#2019 = CARTESIAN_POINT('',(0.425,0.2,1.2));
#2020 = VECTOR('',#2021,1.);
#2021 = DIRECTION('',(0.,-1.,4.440892098501E-16));
#2022 = ORIENTED_EDGE('',*,*,#966,.F.);
#2023 = PLANE('',#2024);
#2024 = AXIS2_PLACEMENT_3D('',#2025,#2026,#2027);
#2025 = CARTESIAN_POINT('',(0.425,0.2,0.1));
#2026 = DIRECTION('',(-1.,0.,0.));
#2027 = DIRECTION('',(0.,6.661338147751E-16,1.));
#2028 = ADVANCED_FACE('',(#2029),#2040,.T.);
#2029 = FACE_BOUND('',#2030,.T.);
#2030 = EDGE_LOOP('',(#2031,#2037,#2038,#2039));
#2031 = ORIENTED_EDGE('',*,*,#2032,.T.);
#2032 = EDGE_CURVE('',#951,#1121,#2033,.T.);
#2033 = LINE('',#2034,#2035);
#2034 = CARTESIAN_POINT('',(0.35,0.2,1.2));
#2035 = VECTOR('',#2036,1.);
#2036 = DIRECTION('',(0.,-1.,4.440892098501E-16));
#2037 = ORIENTED_EDGE('',*,*,#1128,.T.);
#2038 = ORIENTED_EDGE('',*,*,#2017,.F.);
#2039 = ORIENTED_EDGE('',*,*,#958,.F.);
#2040 = PLANE('',#2041);
#2041 = AXIS2_PLACEMENT_3D('',#2042,#2043,#2044);
#2042 = CARTESIAN_POINT('',(0.35,0.2,1.2));
#2043 = DIRECTION('',(0.,4.440892098501E-16,1.));
#2044 = DIRECTION('',(1.,0.,-0.));
#2045 = ADVANCED_FACE('',(#2046),#2057,.F.);
#2046 = FACE_BOUND('',#2047,.F.);
#2047 = EDGE_LOOP('',(#2048,#2049,#2050,#2056));
#2048 = ORIENTED_EDGE('',*,*,#2032,.T.);
#2049 = ORIENTED_EDGE('',*,*,#1120,.T.);
#2050 = ORIENTED_EDGE('',*,*,#2051,.F.);
#2051 = EDGE_CURVE('',#943,#1113,#2052,.T.);
#2052 = LINE('',#2053,#2054);
#2053 = CARTESIAN_POINT('',(0.35,0.2,2.1));
#2054 = VECTOR('',#2055,1.);
#2055 = DIRECTION('',(0.,-1.,4.440892098501E-16));
#2056 = ORIENTED_EDGE('',*,*,#950,.F.);
#2057 = PLANE('',#2058);
#2058 = AXIS2_PLACEMENT_3D('',#2059,#2060,#2061);
#2059 = CARTESIAN_POINT('',(0.35,0.2,1.2));
#2060 = DIRECTION('',(-1.,0.,0.));
#2061 = DIRECTION('',(0.,6.661338147751E-16,1.));
#2062 = ADVANCED_FACE('',(#2063),#2069,.T.);
#2063 = FACE_BOUND('',#2064,.T.);
#2064 = EDGE_LOOP('',(#2065,#2066,#2067,#2068));
#2065 = ORIENTED_EDGE('',*,*,#942,.F.);
#2066 = ORIENTED_EDGE('',*,*,#1814,.T.);
#2067 = ORIENTED_EDGE('',*,*,#1112,.T.);
#2068 = ORIENTED_EDGE('',*,*,#2051,.F.);
#2069 = PLANE('',#2070);
#2070 = AXIS2_PLACEMENT_3D('',#2071,#2072,#2073);
#2071 = CARTESIAN_POINT('',(1.19,0.2,2.1));
#2072 = DIRECTION('',(0.,-4.440892098501E-16,-1.));
#2073 = DIRECTION('',(-1.,-0.,0.));
#2074 = ADVANCED_FACE('',(#2075),#2086,.F.);
#2075 = FACE_BOUND('',#2076,.F.);
#2076 = EDGE_LOOP('',(#2077,#2078,#2079,#2085));
#2077 = ORIENTED_EDGE('',*,*,#1296,.T.);
#2078 = ORIENTED_EDGE('',*,*,#1505,.T.);
#2079 = ORIENTED_EDGE('',*,*,#2080,.F.);
#2080 = EDGE_CURVE('',#1370,#1498,#2081,.T.);
#2081 = LINE('',#2082,#2083);
#2082 = CARTESIAN_POINT('',(2.19,0.2,1.2));
#2083 = VECTOR('',#2084,1.);
#2084 = DIRECTION('',(0.,-1.,4.440892098501E-16));
#2085 = ORIENTED_EDGE('',*,*,#1377,.F.);
#2086 = PLANE('',#2087);
#2087 = AXIS2_PLACEMENT_3D('',#2088,#2089,#2090);
#2088 = CARTESIAN_POINT('',(2.19,0.2,2.1));
#2089 = DIRECTION('',(1.,0.,0.));
#2090 = DIRECTION('',(0.,-6.661338147751E-16,-1.));
#2091 = ADVANCED_FACE('',(#2092),#2108,.F.);
#2092 = FACE_BOUND('',#2093,.F.);
#2093 = EDGE_LOOP('',(#2094,#2100,#2101,#2107));
#2094 = ORIENTED_EDGE('',*,*,#2095,.T.);
#2095 = EDGE_CURVE('',#1320,#1448,#2096,.T.);
#2096 = LINE('',#2097,#2098);
#2097 = CARTESIAN_POINT('',(2.89,0.2,0.1));
#2098 = VECTOR('',#2099,1.);
#2099 = DIRECTION('',(0.,-1.,4.440892098501E-16));
#2100 = ORIENTED_EDGE('',*,*,#1447,.T.);
#2101 = ORIENTED_EDGE('',*,*,#2102,.F.);
#2102 = EDGE_CURVE('',#1322,#1450,#2103,.T.);
#2103 = LINE('',#2104,#2105);
#2104 = CARTESIAN_POINT('',(2.965,0.2,0.1));
#2105 = VECTOR('',#2106,1.);
#2106 = DIRECTION('',(0.,-1.,4.440892098501E-16));
#2107 = ORIENTED_EDGE('',*,*,#1319,.F.);
#2108 = PLANE('',#2109);
#2109 = AXIS2_PLACEMENT_3D('',#2110,#2111,#2112);
#2110 = CARTESIAN_POINT('',(2.89,0.2,0.1));
#2111 = DIRECTION('',(0.,4.440892098501E-16,1.));
#2112 = DIRECTION('',(1.,0.,-0.));
#2113 = ADVANCED_FACE('',(#2114),#2125,.F.);
#2114 = FACE_BOUND('',#2115,.F.);
#2115 = EDGE_LOOP('',(#2116,#2117,#2118,#2124));
#2116 = ORIENTED_EDGE('',*,*,#2102,.T.);
#2117 = ORIENTED_EDGE('',*,*,#1530,.T.);
#2118 = ORIENTED_EDGE('',*,*,#2119,.F.);
#2119 = EDGE_CURVE('',#1402,#1523,#2120,.T.);
#2120 = LINE('',#2121,#2122);
#2121 = CARTESIAN_POINT('',(2.965,0.2,1.2));
#2122 = VECTOR('',#2123,1.);
#2123 = DIRECTION('',(0.,-1.,4.440892098501E-16));
#2124 = ORIENTED_EDGE('',*,*,#1409,.F.);
#2125 = PLANE('',#2126);
#2126 = AXIS2_PLACEMENT_3D('',#2127,#2128,#2129);
#2127 = CARTESIAN_POINT('',(2.965,0.2,0.1));
#2128 = DIRECTION('',(-1.,0.,0.));
#2129 = DIRECTION('',(0.,6.661338147751E-16,1.));
#2130 = ADVANCED_FACE('',(#2131),#2142,.T.);
#2131 = FACE_BOUND('',#2132,.T.);
#2132 = EDGE_LOOP('',(#2133,#2139,#2140,#2141));
#2133 = ORIENTED_EDGE('',*,*,#2134,.T.);
#2134 = EDGE_CURVE('',#1394,#1515,#2135,.T.);
#2135 = LINE('',#2136,#2137);
#2136 = CARTESIAN_POINT('',(2.89,0.2,1.2));
#2137 = VECTOR('',#2138,1.);
#2138 = DIRECTION('',(0.,-1.,4.440892098501E-16));
#2139 = ORIENTED_EDGE('',*,*,#1522,.T.);
#2140 = ORIENTED_EDGE('',*,*,#2119,.F.);
#2141 = ORIENTED_EDGE('',*,*,#1401,.F.);
#2142 = PLANE('',#2143);
#2143 = AXIS2_PLACEMENT_3D('',#2144,#2145,#2146);
#2144 = CARTESIAN_POINT('',(2.89,0.2,1.2));
#2145 = DIRECTION('',(0.,4.440892098501E-16,1.));
#2146 = DIRECTION('',(1.,0.,-0.));
#2147 = ADVANCED_FACE('',(#2148),#2154,.F.);
#2148 = FACE_BOUND('',#2149,.F.);
#2149 = EDGE_LOOP('',(#2150,#2151,#2152,#2153));
#2150 = ORIENTED_EDGE('',*,*,#2134,.T.);
#2151 = ORIENTED_EDGE('',*,*,#1514,.T.);
#2152 = ORIENTED_EDGE('',*,*,#1433,.F.);
#2153 = ORIENTED_EDGE('',*,*,#1393,.F.);
#2154 = PLANE('',#2155);
#2155 = AXIS2_PLACEMENT_3D('',#2156,#2157,#2158);
#2156 = CARTESIAN_POINT('',(2.89,0.2,1.2));
#2157 = DIRECTION('',(-1.,0.,0.));
#2158 = DIRECTION('',(0.,6.661338147751E-16,1.));
#2159 = ADVANCED_FACE('',(#2160),#2171,.T.);
#2160 = FACE_BOUND('',#2161,.T.);
#2161 = EDGE_LOOP('',(#2162,#2168,#2169,#2170));
#2162 = ORIENTED_EDGE('',*,*,#2163,.T.);
#2163 = EDGE_CURVE('',#1362,#1490,#2164,.T.);
#2164 = LINE('',#2165,#2166);
#2165 = CARTESIAN_POINT('',(2.115,0.2,1.2));
#2166 = VECTOR('',#2167,1.);
#2167 = DIRECTION('',(0.,-1.,4.440892098501E-16));
#2168 = ORIENTED_EDGE('',*,*,#1497,.T.);
#2169 = ORIENTED_EDGE('',*,*,#2080,.F.);
#2170 = ORIENTED_EDGE('',*,*,#1369,.F.);
#2171 = PLANE('',#2172);
#2172 = AXIS2_PLACEMENT_3D('',#2173,#2174,#2175);
#2173 = CARTESIAN_POINT('',(2.115,0.2,1.2));
#2174 = DIRECTION('',(0.,4.440892098501E-16,1.));
#2175 = DIRECTION('',(1.,0.,-0.));
#2176 = ADVANCED_FACE('',(#2177),#2188,.F.);
#2177 = FACE_BOUND('',#2178,.F.);
#2178 = EDGE_LOOP('',(#2179,#2180,#2181,#2187));
#2179 = ORIENTED_EDGE('',*,*,#2163,.T.);
#2180 = ORIENTED_EDGE('',*,*,#1489,.T.);
#2181 = ORIENTED_EDGE('',*,*,#2182,.F.);
#2182 = EDGE_CURVE('',#1354,#1482,#2183,.T.);
#2183 = LINE('',#2184,#2185);
#2184 = CARTESIAN_POINT('',(2.115,0.2,0.1));
#2185 = VECTOR('',#2186,1.);
#2186 = DIRECTION('',(0.,-1.,4.440892098501E-16));
#2187 = ORIENTED_EDGE('',*,*,#1361,.F.);
#2188 = PLANE('',#2189);
#2189 = AXIS2_PLACEMENT_3D('',#2190,#2191,#2192);
#2190 = CARTESIAN_POINT('',(2.115,0.2,1.2));
#2191 = DIRECTION('',(1.,0.,0.));
#2192 = DIRECTION('',(0.,-6.661338147751E-16,-1.));
#2193 = ADVANCED_FACE('',(#2194),#2205,.F.);
#2194 = FACE_BOUND('',#2195,.F.);
#2195 = EDGE_LOOP('',(#2196,#2197,#2198,#2204));
#2196 = ORIENTED_EDGE('',*,*,#2182,.T.);
#2197 = ORIENTED_EDGE('',*,*,#1481,.T.);
#2198 = ORIENTED_EDGE('',*,*,#2199,.F.);
#2199 = EDGE_CURVE('',#1346,#1474,#2200,.T.);
#2200 = LINE('',#2201,#2202);
#2201 = CARTESIAN_POINT('',(2.19,0.2,0.1));
#2202 = VECTOR('',#2203,1.);
#2203 = DIRECTION('',(0.,-1.,4.440892098501E-16));
#2204 = ORIENTED_EDGE('',*,*,#1353,.F.);
#2205 = PLANE('',#2206);
#2206 = AXIS2_PLACEMENT_3D('',#2207,#2208,#2209);
#2207 = CARTESIAN_POINT('',(2.115,0.2,0.1));
#2208 = DIRECTION('',(0.,4.440892098501E-16,1.));
#2209 = DIRECTION('',(1.,0.,-0.));
#2210 = ADVANCED_FACE('',(#2211),#2222,.F.);
#2211 = FACE_BOUND('',#2212,.F.);
#2212 = EDGE_LOOP('',(#2213,#2214,#2215,#2221));
#2213 = ORIENTED_EDGE('',*,*,#2199,.T.);
#2214 = ORIENTED_EDGE('',*,*,#1473,.T.);
#2215 = ORIENTED_EDGE('',*,*,#2216,.F.);
#2216 = EDGE_CURVE('',#1338,#1466,#2217,.T.);
#2217 = LINE('',#2218,#2219);
#2218 = CARTESIAN_POINT('',(2.19,0.2,-3.));
#2219 = VECTOR('',#2220,1.);
#2220 = DIRECTION('',(0.,-1.,4.440892098501E-16));
#2221 = ORIENTED_EDGE('',*,*,#1345,.F.);
#2222 = PLANE('',#2223);
#2223 = AXIS2_PLACEMENT_3D('',#2224,#2225,#2226);
#2224 = CARTESIAN_POINT('',(2.19,0.2,0.1));
#2225 = DIRECTION('',(1.,0.,0.));
#2226 = DIRECTION('',(0.,-6.661338147751E-16,-1.));
#2227 = ADVANCED_FACE('',(#2228),#2239,.T.);
#2228 = FACE_BOUND('',#2229,.T.);
#2229 = EDGE_LOOP('',(#2230,#2236,#2237,#2238));
#2230 = ORIENTED_EDGE('',*,*,#2231,.T.);
#2231 = EDGE_CURVE('',#1330,#1458,#2232,.T.);
#2232 = LINE('',#2233,#2234);
#2233 = CARTESIAN_POINT('',(2.89,0.2,-3.));
#2234 = VECTOR('',#2235,1.);
#2235 = DIRECTION('',(0.,-1.,4.440892098501E-16));
#2236 = ORIENTED_EDGE('',*,*,#1465,.T.);
#2237 = ORIENTED_EDGE('',*,*,#2216,.F.);
#2238 = ORIENTED_EDGE('',*,*,#1337,.F.);
#2239 = PLANE('',#2240);
#2240 = AXIS2_PLACEMENT_3D('',#2241,#2242,#2243);
#2241 = CARTESIAN_POINT('',(2.89,0.2,-3.));
#2242 = DIRECTION('',(0.,-4.440892098501E-16,-1.));
#2243 = DIRECTION('',(-1.,-0.,0.));
#2244 = ADVANCED_FACE('',(#2245),#2251,.T.);
#2245 = FACE_BOUND('',#2246,.T.);
#2246 = EDGE_LOOP('',(#2247,#2248,#2249,#2250));
#2247 = ORIENTED_EDGE('',*,*,#2095,.T.);
#2248 = ORIENTED_EDGE('',*,*,#1457,.T.);
#2249 = ORIENTED_EDGE('',*,*,#2231,.F.);
#2250 = ORIENTED_EDGE('',*,*,#1329,.F.);
#2251 = PLANE('',#2252);
#2252 = AXIS2_PLACEMENT_3D('',#2253,#2254,#2255);
#2253 = CARTESIAN_POINT('',(2.89,0.2,0.1));
#2254 = DIRECTION('',(1.,0.,0.));
#2255 = DIRECTION('',(0.,-6.661338147751E-16,-1.));
#2256 = ( GEOMETRIC_REPRESENTATION_CONTEXT(3) 
GLOBAL_UNCERTAINTY_ASSIGNED_CONTEXT((#2260)) 
GLOBAL_UNIT_ASSIGNED_CONTEXT((#2257,#2258,#2259)) REPRESENTATION_CONTEXT
('Context #1','3D Context with UNIT and UNCERTAINTY') );
#2257 = ( LENGTH_UNIT() NAMED_UNIT(*) SI_UNIT(.MILLI.,.METRE.) );
#2258 = ( NAMED_UNIT(*) PLANE_ANGLE_UNIT() SI_UNIT($,.RADIAN.) );
#2259 = ( NAMED_UNIT(*) SI_UNIT($,.STERADIAN.) SOLID_ANGLE_UNIT() );
#2260 = UNCERTAINTY_MEASURE_WITH_UNIT(LENGTH_MEASURE(1.E-07),#2257,
  'distance_accuracy_value','confusion accuracy');
#2261 = CONTEXT_DEPENDENT_SHAPE_REPRESENTATION(#2262,#2264);
#2262 = ( REPRESENTATION_RELATIONSHIP('','',#123,#100) 
REPRESENTATION_RELATIONSHIP_WITH_TRANSFORMATION(#2263) 
SHAPE_REPRESENTATION_RELATIONSHIP() );
#2263 = ITEM_DEFINED_TRANSFORMATION('','',#11,#101);
#2264 = PRODUCT_DEFINITION_SHAPE('Placement','Placement of an item',
  #2265);
#2265 = NEXT_ASSEMBLY_USAGE_OCCURRENCE('1','=>[0:1:1:3]','',#95,#118,$);
#2266 = PRODUCT_RELATED_PRODUCT_CATEGORY('part',$,(#120));
#2267 = CONTEXT_DEPENDENT_SHAPE_REPRESENTATION(#2268,#2270);
#2268 = ( REPRESENTATION_RELATIONSHIP('','',#100,#10) 
REPRESENTATION_RELATIONSHIP_WITH_TRANSFORMATION(#2269) 
SHAPE_REPRESENTATION_RELATIONSHIP() );
#2269 = ITEM_DEFINED_TRANSFORMATION('','',#11,#19);
#2270 = PRODUCT_DEFINITION_SHAPE('Placement','Placement of an item',
  #2271);
#2271 = NEXT_ASSEMBLY_USAGE_OCCURRENCE('3','U9','',#5,#95,$);
#2272 = CONTEXT_DEPENDENT_SHAPE_REPRESENTATION(#2273,#2275);
#2273 = ( REPRESENTATION_RELATIONSHIP('','',#100,#10) 
REPRESENTATION_RELATIONSHIP_WITH_TRANSFORMATION(#2274) 
SHAPE_REPRESENTATION_RELATIONSHIP() );
#2274 = ITEM_DEFINED_TRANSFORMATION('','',#11,#23);
#2275 = PRODUCT_DEFINITION_SHAPE('Placement','Placement of an item',
  #2276);
#2276 = NEXT_ASSEMBLY_USAGE_OCCURRENCE('4','U13','',#5,#95,$);
#2277 = CONTEXT_DEPENDENT_SHAPE_REPRESENTATION(#2278,#2280);
#2278 = ( REPRESENTATION_RELATIONSHIP('','',#100,#10) 
REPRESENTATION_RELATIONSHIP_WITH_TRANSFORMATION(#2279) 
SHAPE_REPRESENTATION_RELATIONSHIP() );
#2279 = ITEM_DEFINED_TRANSFORMATION('','',#11,#27);
#2280 = PRODUCT_DEFINITION_SHAPE('Placement','Placement of an item',
  #2281);
#2281 = NEXT_ASSEMBLY_USAGE_OCCURRENCE('5','U5','',#5,#95,$);
#2282 = CONTEXT_DEPENDENT_SHAPE_REPRESENTATION(#2283,#2285);
#2283 = ( REPRESENTATION_RELATIONSHIP('','',#100,#10) 
REPRESENTATION_RELATIONSHIP_WITH_TRANSFORMATION(#2284) 
SHAPE_REPRESENTATION_RELATIONSHIP() );
#2284 = ITEM_DEFINED_TRANSFORMATION('','',#11,#31);
#2285 = PRODUCT_DEFINITION_SHAPE('Placement','Placement of an item',
  #2286);
#2286 = NEXT_ASSEMBLY_USAGE_OCCURRENCE('6','U8','',#5,#95,$);
#2287 = CONTEXT_DEPENDENT_SHAPE_REPRESENTATION(#2288,#2290);
#2288 = ( REPRESENTATION_RELATIONSHIP('','',#100,#10) 
REPRESENTATION_RELATIONSHIP_WITH_TRANSFORMATION(#2289) 
SHAPE_REPRESENTATION_RELATIONSHIP() );
#2289 = ITEM_DEFINED_TRANSFORMATION('','',#11,#35);
#2290 = PRODUCT_DEFINITION_SHAPE('Placement','Placement of an item',
  #2291);
#2291 = NEXT_ASSEMBLY_USAGE_OCCURRENCE('7','U6','',#5,#95,$);
#2292 = CONTEXT_DEPENDENT_SHAPE_REPRESENTATION(#2293,#2295);
#2293 = ( REPRESENTATION_RELATIONSHIP('','',#100,#10) 
REPRESENTATION_RELATIONSHIP_WITH_TRANSFORMATION(#2294) 
SHAPE_REPRESENTATION_RELATIONSHIP() );
#2294 = ITEM_DEFINED_TRANSFORMATION('','',#11,#39);
#2295 = PRODUCT_DEFINITION_SHAPE('Placement','Placement of an item',
  #2296);
#2296 = NEXT_ASSEMBLY_USAGE_OCCURRENCE('8','U14','',#5,#95,$);
#2297 = CONTEXT_DEPENDENT_SHAPE_REPRESENTATION(#2298,#2300);
#2298 = ( REPRESENTATION_RELATIONSHIP('','',#100,#10) 
REPRESENTATION_RELATIONSHIP_WITH_TRANSFORMATION(#2299) 
SHAPE_REPRESENTATION_RELATIONSHIP() );
#2299 = ITEM_DEFINED_TRANSFORMATION('','',#11,#43);
#2300 = PRODUCT_DEFINITION_SHAPE('Placement','Placement of an item',
  #2301);
#2301 = NEXT_ASSEMBLY_USAGE_OCCURRENCE('9','U16','',#5,#95,$);
#2302 = CONTEXT_DEPENDENT_SHAPE_REPRESENTATION(#2303,#2305);
#2303 = ( REPRESENTATION_RELATIONSHIP('','',#100,#10) 
REPRESENTATION_RELATIONSHIP_WITH_TRANSFORMATION(#2304) 
SHAPE_REPRESENTATION_RELATIONSHIP() );
#2304 = ITEM_DEFINED_TRANSFORMATION('','',#11,#47);
#2305 = PRODUCT_DEFINITION_SHAPE('Placement','Placement of an item',
  #2306);
#2306 = NEXT_ASSEMBLY_USAGE_OCCURRENCE('10','U1','',#5,#95,$);
#2307 = CONTEXT_DEPENDENT_SHAPE_REPRESENTATION(#2308,#2310);
#2308 = ( REPRESENTATION_RELATIONSHIP('','',#100,#10) 
REPRESENTATION_RELATIONSHIP_WITH_TRANSFORMATION(#2309) 
SHAPE_REPRESENTATION_RELATIONSHIP() );
#2309 = ITEM_DEFINED_TRANSFORMATION('','',#11,#51);
#2310 = PRODUCT_DEFINITION_SHAPE('Placement','Placement of an item',
  #2311);
#2311 = NEXT_ASSEMBLY_USAGE_OCCURRENCE('11','U12','',#5,#95,$);
#2312 = CONTEXT_DEPENDENT_SHAPE_REPRESENTATION(#2313,#2315);
#2313 = ( REPRESENTATION_RELATIONSHIP('','',#100,#10) 
REPRESENTATION_RELATIONSHIP_WITH_TRANSFORMATION(#2314) 
SHAPE_REPRESENTATION_RELATIONSHIP() );
#2314 = ITEM_DEFINED_TRANSFORMATION('','',#11,#55);
#2315 = PRODUCT_DEFINITION_SHAPE('Placement','Placement of an item',
  #2316);
#2316 = NEXT_ASSEMBLY_USAGE_OCCURRENCE('12','U10','',#5,#95,$);
#2317 = CONTEXT_DEPENDENT_SHAPE_REPRESENTATION(#2318,#2320);
#2318 = ( REPRESENTATION_RELATIONSHIP('','',#100,#10) 
REPRESENTATION_RELATIONSHIP_WITH_TRANSFORMATION(#2319) 
SHAPE_REPRESENTATION_RELATIONSHIP() );
#2319 = ITEM_DEFINED_TRANSFORMATION('','',#11,#59);
#2320 = PRODUCT_DEFINITION_SHAPE('Placement','Placement of an item',
  #2321);
#2321 = NEXT_ASSEMBLY_USAGE_OCCURRENCE('13','U11','',#5,#95,$);
#2322 = CONTEXT_DEPENDENT_SHAPE_REPRESENTATION(#2323,#2325);
#2323 = ( REPRESENTATION_RELATIONSHIP('','',#100,#10) 
REPRESENTATION_RELATIONSHIP_WITH_TRANSFORMATION(#2324) 
SHAPE_REPRESENTATION_RELATIONSHIP() );
#2324 = ITEM_DEFINED_TRANSFORMATION('','',#11,#63);
#2325 = PRODUCT_DEFINITION_SHAPE('Placement','Placement of an item',
  #2326);
#2326 = NEXT_ASSEMBLY_USAGE_OCCURRENCE('14','U2','',#5,#95,$);
#2327 = CONTEXT_DEPENDENT_SHAPE_REPRESENTATION(#2328,#2330);
#2328 = ( REPRESENTATION_RELATIONSHIP('','',#100,#10) 
REPRESENTATION_RELATIONSHIP_WITH_TRANSFORMATION(#2329) 
SHAPE_REPRESENTATION_RELATIONSHIP() );
#2329 = ITEM_DEFINED_TRANSFORMATION('','',#11,#67);
#2330 = PRODUCT_DEFINITION_SHAPE('Placement','Placement of an item',
  #2331);
#2331 = NEXT_ASSEMBLY_USAGE_OCCURRENCE('15','U7','',#5,#95,$);
#2332 = CONTEXT_DEPENDENT_SHAPE_REPRESENTATION(#2333,#2335);
#2333 = ( REPRESENTATION_RELATIONSHIP('','',#100,#10) 
REPRESENTATION_RELATIONSHIP_WITH_TRANSFORMATION(#2334) 
SHAPE_REPRESENTATION_RELATIONSHIP() );
#2334 = ITEM_DEFINED_TRANSFORMATION('','',#11,#71);
#2335 = PRODUCT_DEFINITION_SHAPE('Placement','Placement of an item',
  #2336);
#2336 = NEXT_ASSEMBLY_USAGE_OCCURRENCE('16','U4','',#5,#95,$);
#2337 = CONTEXT_DEPENDENT_SHAPE_REPRESENTATION(#2338,#2340);
#2338 = ( REPRESENTATION_RELATIONSHIP('','',#100,#10) 
REPRESENTATION_RELATIONSHIP_WITH_TRANSFORMATION(#2339) 
SHAPE_REPRESENTATION_RELATIONSHIP() );
#2339 = ITEM_DEFINED_TRANSFORMATION('','',#11,#75);
#2340 = PRODUCT_DEFINITION_SHAPE('Placement','Placement of an item',
  #2341);
#2341 = NEXT_ASSEMBLY_USAGE_OCCURRENCE('17','U3','',#5,#95,$);
#2342 = SHAPE_DEFINITION_REPRESENTATION(#2343,#2349);
#2343 = PRODUCT_DEFINITION_SHAPE('','',#2344);
#2344 = PRODUCT_DEFINITION('design','',#2345,#2348);
#2345 = PRODUCT_DEFINITION_FORMATION('','',#2346);
#2346 = PRODUCT('JST_XH_B5B-XH-A_1x05_P2.50mm_Vertical',
  'JST_XH_B5B-XH-A_1x05_P2.50mm_Vertical','',(#2347));
#2347 = PRODUCT_CONTEXT('',#2,'mechanical');
#2348 = PRODUCT_DEFINITION_CONTEXT('part definition',#2,'design');
#2349 = SHAPE_REPRESENTATION('',(#11,#2350),#2354);
#2350 = AXIS2_PLACEMENT_3D('',#2351,#2352,#2353);
#2351 = CARTESIAN_POINT('',(0.,0.,0.));
#2352 = DIRECTION('',(0.,0.,1.));
#2353 = DIRECTION('',(1.,0.,-0.));
#2354 = ( GEOMETRIC_REPRESENTATION_CONTEXT(3) 
GLOBAL_UNCERTAINTY_ASSIGNED_CONTEXT((#2358)) 
GLOBAL_UNIT_ASSIGNED_CONTEXT((#2355,#2356,#2357)) REPRESENTATION_CONTEXT
('Context #1','3D Context with UNIT and UNCERTAINTY') );
#2355 = ( LENGTH_UNIT() NAMED_UNIT(*) SI_UNIT(.MILLI.,.METRE.) );
#2356 = ( NAMED_UNIT(*) PLANE_ANGLE_UNIT() SI_UNIT($,.RADIAN.) );
#2357 = ( NAMED_UNIT(*) SI_UNIT($,.STERADIAN.) SOLID_ANGLE_UNIT() );
#2358 = UNCERTAINTY_MEASURE_WITH_UNIT(LENGTH_MEASURE(1.E-07),#2355,
  'distance_accuracy_value','confusion accuracy');
#2359 = CONTEXT_DEPENDENT_SHAPE_REPRESENTATION(#2360,#2362);
#2360 = ( REPRESENTATION_RELATIONSHIP('','',#2349,#10) 
REPRESENTATION_RELATIONSHIP_WITH_TRANSFORMATION(#2361) 
SHAPE_REPRESENTATION_RELATIONSHIP() );
#2361 = ITEM_DEFINED_TRANSFORMATION('','',#11,#79);
#2362 = PRODUCT_DEFINITION_SHAPE('Placement','Placement of an item',
  #2363);
#2363 = NEXT_ASSEMBLY_USAGE_OCCURRENCE('19','J1','',#5,#2344,$);
#2364 = PRODUCT_RELATED_PRODUCT_CATEGORY('part',$,(#2346));
#2365 = SHAPE_DEFINITION_REPRESENTATION(#2366,#2372);
#2366 = PRODUCT_DEFINITION_SHAPE('','',#2367);
#2367 = PRODUCT_DEFINITION('design','',#2368,#2371);
#2368 = PRODUCT_DEFINITION_FORMATION('','',#2369);
#2369 = PRODUCT('JST_B5B_XH_A','JST_B5B_XH_A','',(#2370));
#2370 = PRODUCT_CONTEXT('',#2,'mechanical');
#2371 = PRODUCT_DEFINITION_CONTEXT('part definition',#2,'design');
#2372 = ADVANCED_BREP_SHAPE_REPRESENTATION('',(#11,#2373),#7242);
#2373 = MANIFOLD_SOLID_BREP('',#2374);
#2374 = CLOSED_SHELL('',(#2375,#2447,#2486,#2510,#2575,#2599,#2783,#2807
    ,#2872,#2897,#2946,#2963,#2987,#3004,#3174,#3198,#3496,#3520,#3553,
    #3577,#3608,#3625,#3658,#3682,#3713,#3730,#3763,#3787,#3818,#3835,
    #3868,#3892,#3923,#3940,#3973,#3997,#4028,#4040,#4073,#4090,#4107,
    #4119,#4301,#4318,#4335,#4352,#4369,#4386,#4403,#4420,#4437,#4454,
    #4471,#4488,#4505,#4522,#4539,#4551,#4568,#4585,#4602,#4619,#4636,
    #4682,#4728,#4774,#4820,#4866,#4897,#4921,#4945,#4962,#4993,#5017,
    #5041,#5058,#5089,#5113,#5137,#5154,#5185,#5209,#5233,#5250,#5281,
    #5305,#5329,#5346,#5409,#5433,#5489,#5506,#5537,#5561,#5585,#5602,
    #5633,#5657,#5681,#5698,#5729,#5753,#5777,#5794,#5825,#5881,#5905,
    #5954,#5985,#6009,#6033,#6050,#6081,#6105,#6129,#6146,#6177,#6201,
    #6225,#6242,#6273,#6297,#6321,#6338,#6369,#6393,#6417,#6434,#6481,
    #6512,#6524,#6541,#6567,#6600,#6631,#6655,#6679,#6696,#6727,#6751,
    #6775,#6792,#6823,#6847,#6871,#6888,#6905,#6952,#6978,#6995,#7021,
    #7054,#7066,#7078,#7090,#7102,#7114,#7131,#7148,#7160,#7172,#7184,
    #7196,#7213,#7230));
#2375 = ADVANCED_FACE('',(#2376),#2442,.T.);
#2376 = FACE_BOUND('',#2377,.T.);
#2377 = EDGE_LOOP('',(#2378,#2388,#2396,#2404,#2412,#2420,#2428,#2436));
#2378 = ORIENTED_EDGE('',*,*,#2379,.T.);
#2379 = EDGE_CURVE('',#2380,#2382,#2384,.T.);
#2380 = VERTEX_POINT('',#2381);
#2381 = CARTESIAN_POINT('',(-1.8,0.5,7.));
#2382 = VERTEX_POINT('',#2383);
#2383 = CARTESIAN_POINT('',(-2.45,0.5,7.));
#2384 = LINE('',#2385,#2386);
#2385 = CARTESIAN_POINT('',(12.45,0.5,7.));
#2386 = VECTOR('',#2387,1.);
#2387 = DIRECTION('',(-1.,1.224646799147E-16,0.));
#2388 = ORIENTED_EDGE('',*,*,#2389,.T.);
#2389 = EDGE_CURVE('',#2382,#2390,#2392,.T.);
#2390 = VERTEX_POINT('',#2391);
#2391 = CARTESIAN_POINT('',(-2.45,-3.4,7.));
#2392 = LINE('',#2393,#2394);
#2393 = CARTESIAN_POINT('',(-2.45,2.35,7.));
#2394 = VECTOR('',#2395,1.);
#2395 = DIRECTION('',(-1.224646799147E-16,-1.,0.));
#2396 = ORIENTED_EDGE('',*,*,#2397,.T.);
#2397 = EDGE_CURVE('',#2390,#2398,#2400,.T.);
#2398 = VERTEX_POINT('',#2399);
#2399 = CARTESIAN_POINT('',(12.45,-3.4,7.));
#2400 = LINE('',#2401,#2402);
#2401 = CARTESIAN_POINT('',(-2.45,-3.4,7.));
#2402 = VECTOR('',#2403,1.);
#2403 = DIRECTION('',(1.,-1.224646799147E-16,0.));
#2404 = ORIENTED_EDGE('',*,*,#2405,.T.);
#2405 = EDGE_CURVE('',#2398,#2406,#2408,.T.);
#2406 = VERTEX_POINT('',#2407);
#2407 = CARTESIAN_POINT('',(12.45,0.5,7.));
#2408 = LINE('',#2409,#2410);
#2409 = CARTESIAN_POINT('',(12.45,-3.4,7.));
#2410 = VECTOR('',#2411,1.);
#2411 = DIRECTION('',(1.224646799147E-16,1.,0.));
#2412 = ORIENTED_EDGE('',*,*,#2413,.T.);
#2413 = EDGE_CURVE('',#2406,#2414,#2416,.T.);
#2414 = VERTEX_POINT('',#2415);
#2415 = CARTESIAN_POINT('',(11.8,0.5,7.));
#2416 = LINE('',#2417,#2418);
#2417 = CARTESIAN_POINT('',(12.45,0.5,7.));
#2418 = VECTOR('',#2419,1.);
#2419 = DIRECTION('',(-1.,1.224646799147E-16,0.));
#2420 = ORIENTED_EDGE('',*,*,#2421,.F.);
#2421 = EDGE_CURVE('',#2422,#2414,#2424,.T.);
#2422 = VERTEX_POINT('',#2423);
#2423 = CARTESIAN_POINT('',(11.8,-2.85,7.));
#2424 = LINE('',#2425,#2426);
#2425 = CARTESIAN_POINT('',(11.8,-2.65,7.));
#2426 = VECTOR('',#2427,1.);
#2427 = DIRECTION('',(1.224646799147E-16,1.,0.));
#2428 = ORIENTED_EDGE('',*,*,#2429,.F.);
#2429 = EDGE_CURVE('',#2430,#2422,#2432,.T.);
#2430 = VERTEX_POINT('',#2431);
#2431 = CARTESIAN_POINT('',(-1.8,-2.85,7.));
#2432 = LINE('',#2433,#2434);
#2433 = CARTESIAN_POINT('',(-1.6,-2.85,7.));
#2434 = VECTOR('',#2435,1.);
#2435 = DIRECTION('',(1.,-1.224646799147E-16,0.));
#2436 = ORIENTED_EDGE('',*,*,#2437,.F.);
#2437 = EDGE_CURVE('',#2380,#2430,#2438,.T.);
#2438 = LINE('',#2439,#2440);
#2439 = CARTESIAN_POINT('',(-1.8,0.5,7.));
#2440 = VECTOR('',#2441,1.);
#2441 = DIRECTION('',(-1.224646799147E-16,-1.,0.));
#2442 = PLANE('',#2443);
#2443 = AXIS2_PLACEMENT_3D('',#2444,#2445,#2446);
#2444 = CARTESIAN_POINT('',(5.,-0.525,7.));
#2445 = DIRECTION('',(0.,0.,1.));
#2446 = DIRECTION('',(-1.,1.224646799147E-16,0.));
#2447 = ADVANCED_FACE('',(#2448),#2481,.T.);
#2448 = FACE_BOUND('',#2449,.T.);
#2449 = EDGE_LOOP('',(#2450,#2460,#2468,#2474,#2475));
#2450 = ORIENTED_EDGE('',*,*,#2451,.T.);
#2451 = EDGE_CURVE('',#2452,#2454,#2456,.T.);
#2452 = VERTEX_POINT('',#2453);
#2453 = CARTESIAN_POINT('',(-1.6,0.5,6.8));
#2454 = VERTEX_POINT('',#2455);
#2455 = CARTESIAN_POINT('',(-1.6,0.5,3.65));
#2456 = LINE('',#2457,#2458);
#2457 = CARTESIAN_POINT('',(-1.6,0.5,5.325));
#2458 = VECTOR('',#2459,1.);
#2459 = DIRECTION('',(-0.,0.,-1.));
#2460 = ORIENTED_EDGE('',*,*,#2461,.T.);
#2461 = EDGE_CURVE('',#2454,#2462,#2464,.T.);
#2462 = VERTEX_POINT('',#2463);
#2463 = CARTESIAN_POINT('',(-2.45,0.5,3.65));
#2464 = LINE('',#2465,#2466);
#2465 = CARTESIAN_POINT('',(12.45,0.5,3.65));
#2466 = VECTOR('',#2467,1.);
#2467 = DIRECTION('',(-1.,1.224646799147E-16,0.));
#2468 = ORIENTED_EDGE('',*,*,#2469,.T.);
#2469 = EDGE_CURVE('',#2462,#2382,#2470,.T.);
#2470 = LINE('',#2471,#2472);
#2471 = CARTESIAN_POINT('',(-2.45,0.5,1.825));
#2472 = VECTOR('',#2473,1.);
#2473 = DIRECTION('',(0.,0.,1.));
#2474 = ORIENTED_EDGE('',*,*,#2379,.F.);
#2475 = ORIENTED_EDGE('',*,*,#2476,.T.);
#2476 = EDGE_CURVE('',#2380,#2452,#2477,.T.);
#2477 = LINE('',#2478,#2479);
#2478 = CARTESIAN_POINT('',(2.65,0.5,2.55));
#2479 = VECTOR('',#2480,1.);
#2480 = DIRECTION('',(0.707106781187,-8.659560562349E-17,-0.707106781187
    ));
#2481 = PLANE('',#2482);
#2482 = AXIS2_PLACEMENT_3D('',#2483,#2484,#2485);
#2483 = CARTESIAN_POINT('',(12.45,0.5,3.65));
#2484 = DIRECTION('',(1.224646799147E-16,1.,0.));
#2485 = DIRECTION('',(0.,-0.,1.));
#2486 = ADVANCED_FACE('',(#2487),#2505,.F.);
#2487 = FACE_BOUND('',#2488,.T.);
#2488 = EDGE_LOOP('',(#2489,#2490,#2491,#2499));
#2489 = ORIENTED_EDGE('',*,*,#2476,.F.);
#2490 = ORIENTED_EDGE('',*,*,#2437,.T.);
#2491 = ORIENTED_EDGE('',*,*,#2492,.T.);
#2492 = EDGE_CURVE('',#2430,#2493,#2495,.T.);
#2493 = VERTEX_POINT('',#2494);
#2494 = CARTESIAN_POINT('',(-1.6,-2.65,6.8));
#2495 = LINE('',#2496,#2497);
#2496 = CARTESIAN_POINT('',(-1.141666666667,-2.191666666667,
    6.341666666667));
#2497 = VECTOR('',#2498,1.);
#2498 = DIRECTION('',(0.57735026919,0.57735026919,-0.57735026919));
#2499 = ORIENTED_EDGE('',*,*,#2500,.F.);
#2500 = EDGE_CURVE('',#2452,#2493,#2501,.T.);
#2501 = LINE('',#2502,#2503);
#2502 = CARTESIAN_POINT('',(-1.6,0.5,6.8));
#2503 = VECTOR('',#2504,1.);
#2504 = DIRECTION('',(-1.224646799147E-16,-1.,0.));
#2505 = PLANE('',#2506);
#2506 = AXIS2_PLACEMENT_3D('',#2507,#2508,#2509);
#2507 = CARTESIAN_POINT('',(-1.7,0.5,6.9));
#2508 = DIRECTION('',(-0.707106781187,8.659560562349E-17,-0.707106781187
    ));
#2509 = DIRECTION('',(1.224646799147E-16,1.,-2.105272540809E-29));
#2510 = ADVANCED_FACE('',(#2511),#2570,.F.);
#2511 = FACE_BOUND('',#2512,.F.);
#2512 = EDGE_LOOP('',(#2513,#2523,#2531,#2539,#2547,#2556,#2562,#2563,
    #2564));
#2513 = ORIENTED_EDGE('',*,*,#2514,.F.);
#2514 = EDGE_CURVE('',#2515,#2517,#2519,.T.);
#2515 = VERTEX_POINT('',#2516);
#2516 = CARTESIAN_POINT('',(-2.45,2.35,0.));
#2517 = VERTEX_POINT('',#2518);
#2518 = CARTESIAN_POINT('',(-2.45,-3.4,0.));
#2519 = LINE('',#2520,#2521);
#2520 = CARTESIAN_POINT('',(-2.45,2.35,0.));
#2521 = VECTOR('',#2522,1.);
#2522 = DIRECTION('',(-1.224646799147E-16,-1.,0.));
#2523 = ORIENTED_EDGE('',*,*,#2524,.T.);
#2524 = EDGE_CURVE('',#2515,#2525,#2527,.T.);
#2525 = VERTEX_POINT('',#2526);
#2526 = CARTESIAN_POINT('',(-2.45,2.35,7.));
#2527 = LINE('',#2528,#2529);
#2528 = CARTESIAN_POINT('',(-2.45,2.35,0.));
#2529 = VECTOR('',#2530,1.);
#2530 = DIRECTION('',(0.,0.,1.));
#2531 = ORIENTED_EDGE('',*,*,#2532,.T.);
#2532 = EDGE_CURVE('',#2525,#2533,#2535,.T.);
#2533 = VERTEX_POINT('',#2534);
#2534 = CARTESIAN_POINT('',(-2.45,1.5,7.));
#2535 = LINE('',#2536,#2537);
#2536 = CARTESIAN_POINT('',(-2.45,2.35,7.));
#2537 = VECTOR('',#2538,1.);
#2538 = DIRECTION('',(-1.224646799147E-16,-1.,0.));
#2539 = ORIENTED_EDGE('',*,*,#2540,.T.);
#2540 = EDGE_CURVE('',#2533,#2541,#2543,.T.);
#2541 = VERTEX_POINT('',#2542);
#2542 = CARTESIAN_POINT('',(-2.45,1.5,4.15));
#2543 = LINE('',#2544,#2545);
#2544 = CARTESIAN_POINT('',(-2.45,1.5,3.5));
#2545 = VECTOR('',#2546,1.);
#2546 = DIRECTION('',(-0.,0.,-1.));
#2547 = ORIENTED_EDGE('',*,*,#2548,.F.);
#2548 = EDGE_CURVE('',#2549,#2541,#2551,.T.);
#2549 = VERTEX_POINT('',#2550);
#2550 = CARTESIAN_POINT('',(-2.45,1.,3.65));
#2551 = CIRCLE('',#2552,0.5);
#2552 = AXIS2_PLACEMENT_3D('',#2553,#2554,#2555);
#2553 = CARTESIAN_POINT('',(-2.45,1.,4.15));
#2554 = DIRECTION('',(1.,-1.224646799147E-16,0.));
#2555 = DIRECTION('',(1.224646799147E-16,1.,0.));
#2556 = ORIENTED_EDGE('',*,*,#2557,.T.);
#2557 = EDGE_CURVE('',#2549,#2462,#2558,.T.);
#2558 = LINE('',#2559,#2560);
#2559 = CARTESIAN_POINT('',(-2.45,1.675,3.65));
#2560 = VECTOR('',#2561,1.);
#2561 = DIRECTION('',(-1.224646799147E-16,-1.,0.));
#2562 = ORIENTED_EDGE('',*,*,#2469,.T.);
#2563 = ORIENTED_EDGE('',*,*,#2389,.T.);
#2564 = ORIENTED_EDGE('',*,*,#2565,.F.);
#2565 = EDGE_CURVE('',#2517,#2390,#2566,.T.);
#2566 = LINE('',#2567,#2568);
#2567 = CARTESIAN_POINT('',(-2.45,-3.4,0.));
#2568 = VECTOR('',#2569,1.);
#2569 = DIRECTION('',(0.,0.,1.));
#2570 = PLANE('',#2571);
#2571 = AXIS2_PLACEMENT_3D('',#2572,#2573,#2574);
#2572 = CARTESIAN_POINT('',(-2.45,2.35,0.));
#2573 = DIRECTION('',(1.,-1.224646799147E-16,0.));
#2574 = DIRECTION('',(-1.224646799147E-16,-1.,0.));
#2575 = ADVANCED_FACE('',(#2576),#2594,.F.);
#2576 = FACE_BOUND('',#2577,.T.);
#2577 = EDGE_LOOP('',(#2578,#2579,#2580,#2588));
#2578 = ORIENTED_EDGE('',*,*,#2492,.F.);
#2579 = ORIENTED_EDGE('',*,*,#2429,.T.);
#2580 = ORIENTED_EDGE('',*,*,#2581,.T.);
#2581 = EDGE_CURVE('',#2422,#2582,#2584,.T.);
#2582 = VERTEX_POINT('',#2583);
#2583 = CARTESIAN_POINT('',(11.6,-2.65,6.8));
#2584 = LINE('',#2585,#2586);
#2585 = CARTESIAN_POINT('',(9.466666666667,-0.516666666667,
    4.666666666667));
#2586 = VECTOR('',#2587,1.);
#2587 = DIRECTION('',(-0.57735026919,0.57735026919,-0.57735026919));
#2588 = ORIENTED_EDGE('',*,*,#2589,.F.);
#2589 = EDGE_CURVE('',#2493,#2582,#2590,.T.);
#2590 = LINE('',#2591,#2592);
#2591 = CARTESIAN_POINT('',(-1.6,-2.65,6.8));
#2592 = VECTOR('',#2593,1.);
#2593 = DIRECTION('',(1.,-1.224646799147E-16,0.));
#2594 = PLANE('',#2595);
#2595 = AXIS2_PLACEMENT_3D('',#2596,#2597,#2598);
#2596 = CARTESIAN_POINT('',(-1.6,-2.75,6.9));
#2597 = DIRECTION('',(-8.659560562349E-17,-0.707106781187,
    -0.707106781187));
#2598 = DIRECTION('',(-1.,1.224646799147E-16,-2.105272540809E-29));
#2599 = ADVANCED_FACE('',(#2600),#2778,.F.);
#2600 = FACE_BOUND('',#2601,.F.);
#2601 = EDGE_LOOP('',(#2602,#2610,#2611,#2612,#2620,#2628,#2636,#2644,
    #2652,#2660,#2668,#2676,#2684,#2692,#2700,#2708,#2716,#2724,#2732,
    #2740,#2748,#2756,#2764,#2772));
#2602 = ORIENTED_EDGE('',*,*,#2603,.F.);
#2603 = EDGE_CURVE('',#2517,#2604,#2606,.T.);
#2604 = VERTEX_POINT('',#2605);
#2605 = CARTESIAN_POINT('',(-0.75,-3.4,0.));
#2606 = LINE('',#2607,#2608);
#2607 = CARTESIAN_POINT('',(-2.45,-3.4,0.));
#2608 = VECTOR('',#2609,1.);
#2609 = DIRECTION('',(1.,-1.224646799147E-16,0.));
#2610 = ORIENTED_EDGE('',*,*,#2565,.T.);
#2611 = ORIENTED_EDGE('',*,*,#2397,.T.);
#2612 = ORIENTED_EDGE('',*,*,#2613,.F.);
#2613 = EDGE_CURVE('',#2614,#2398,#2616,.T.);
#2614 = VERTEX_POINT('',#2615);
#2615 = CARTESIAN_POINT('',(12.45,-3.4,0.));
#2616 = LINE('',#2617,#2618);
#2617 = CARTESIAN_POINT('',(12.45,-3.4,0.));
#2618 = VECTOR('',#2619,1.);
#2619 = DIRECTION('',(0.,0.,1.));
#2620 = ORIENTED_EDGE('',*,*,#2621,.F.);
#2621 = EDGE_CURVE('',#2622,#2614,#2624,.T.);
#2622 = VERTEX_POINT('',#2623);
#2623 = CARTESIAN_POINT('',(10.75,-3.4,0.));
#2624 = LINE('',#2625,#2626);
#2625 = CARTESIAN_POINT('',(-2.45,-3.4,0.));
#2626 = VECTOR('',#2627,1.);
#2627 = DIRECTION('',(1.,-1.224646799147E-16,0.));
#2628 = ORIENTED_EDGE('',*,*,#2629,.F.);
#2629 = EDGE_CURVE('',#2630,#2622,#2632,.T.);
#2630 = VERTEX_POINT('',#2631);
#2631 = CARTESIAN_POINT('',(10.75,-3.4,1.));
#2632 = LINE('',#2633,#2634);
#2633 = CARTESIAN_POINT('',(10.75,-3.4,1.));
#2634 = VECTOR('',#2635,1.);
#2635 = DIRECTION('',(-0.,0.,-1.));
#2636 = ORIENTED_EDGE('',*,*,#2637,.T.);
#2637 = EDGE_CURVE('',#2630,#2638,#2640,.T.);
#2638 = VERTEX_POINT('',#2639);
#2639 = CARTESIAN_POINT('',(9.25,-3.4,1.));
#2640 = LINE('',#2641,#2642);
#2641 = CARTESIAN_POINT('',(10.75,-3.4,1.));
#2642 = VECTOR('',#2643,1.);
#2643 = DIRECTION('',(-1.,1.224646799147E-16,0.));
#2644 = ORIENTED_EDGE('',*,*,#2645,.T.);
#2645 = EDGE_CURVE('',#2638,#2646,#2648,.T.);
#2646 = VERTEX_POINT('',#2647);
#2647 = CARTESIAN_POINT('',(9.25,-3.4,0.));
#2648 = LINE('',#2649,#2650);
#2649 = CARTESIAN_POINT('',(9.25,-3.4,1.));
#2650 = VECTOR('',#2651,1.);
#2651 = DIRECTION('',(-0.,0.,-1.));
#2652 = ORIENTED_EDGE('',*,*,#2653,.F.);
#2653 = EDGE_CURVE('',#2654,#2646,#2656,.T.);
#2654 = VERTEX_POINT('',#2655);
#2655 = CARTESIAN_POINT('',(8.25,-3.4,0.));
#2656 = LINE('',#2657,#2658);
#2657 = CARTESIAN_POINT('',(-2.45,-3.4,0.));
#2658 = VECTOR('',#2659,1.);
#2659 = DIRECTION('',(1.,-1.224646799147E-16,0.));
#2660 = ORIENTED_EDGE('',*,*,#2661,.F.);
#2661 = EDGE_CURVE('',#2662,#2654,#2664,.T.);
#2662 = VERTEX_POINT('',#2663);
#2663 = CARTESIAN_POINT('',(8.25,-3.4,1.));
#2664 = LINE('',#2665,#2666);
#2665 = CARTESIAN_POINT('',(8.25,-3.4,1.));
#2666 = VECTOR('',#2667,1.);
#2667 = DIRECTION('',(-0.,0.,-1.));
#2668 = ORIENTED_EDGE('',*,*,#2669,.T.);
#2669 = EDGE_CURVE('',#2662,#2670,#2672,.T.);
#2670 = VERTEX_POINT('',#2671);
#2671 = CARTESIAN_POINT('',(6.75,-3.4,1.));
#2672 = LINE('',#2673,#2674);
#2673 = CARTESIAN_POINT('',(8.25,-3.4,1.));
#2674 = VECTOR('',#2675,1.);
#2675 = DIRECTION('',(-1.,1.224646799147E-16,0.));
#2676 = ORIENTED_EDGE('',*,*,#2677,.T.);
#2677 = EDGE_CURVE('',#2670,#2678,#2680,.T.);
#2678 = VERTEX_POINT('',#2679);
#2679 = CARTESIAN_POINT('',(6.75,-3.4,0.));
#2680 = LINE('',#2681,#2682);
#2681 = CARTESIAN_POINT('',(6.75,-3.4,1.));
#2682 = VECTOR('',#2683,1.);
#2683 = DIRECTION('',(-0.,0.,-1.));
#2684 = ORIENTED_EDGE('',*,*,#2685,.F.);
#2685 = EDGE_CURVE('',#2686,#2678,#2688,.T.);
#2686 = VERTEX_POINT('',#2687);
#2687 = CARTESIAN_POINT('',(5.75,-3.4,0.));
#2688 = LINE('',#2689,#2690);
#2689 = CARTESIAN_POINT('',(-2.45,-3.4,0.));
#2690 = VECTOR('',#2691,1.);
#2691 = DIRECTION('',(1.,-1.224646799147E-16,0.));
#2692 = ORIENTED_EDGE('',*,*,#2693,.F.);
#2693 = EDGE_CURVE('',#2694,#2686,#2696,.T.);
#2694 = VERTEX_POINT('',#2695);
#2695 = CARTESIAN_POINT('',(5.75,-3.4,1.));
#2696 = LINE('',#2697,#2698);
#2697 = CARTESIAN_POINT('',(5.75,-3.4,1.));
#2698 = VECTOR('',#2699,1.);
#2699 = DIRECTION('',(-0.,0.,-1.));
#2700 = ORIENTED_EDGE('',*,*,#2701,.T.);
#2701 = EDGE_CURVE('',#2694,#2702,#2704,.T.);
#2702 = VERTEX_POINT('',#2703);
#2703 = CARTESIAN_POINT('',(4.25,-3.4,1.));
#2704 = LINE('',#2705,#2706);
#2705 = CARTESIAN_POINT('',(5.75,-3.4,1.));
#2706 = VECTOR('',#2707,1.);
#2707 = DIRECTION('',(-1.,1.224646799147E-16,0.));
#2708 = ORIENTED_EDGE('',*,*,#2709,.T.);
#2709 = EDGE_CURVE('',#2702,#2710,#2712,.T.);
#2710 = VERTEX_POINT('',#2711);
#2711 = CARTESIAN_POINT('',(4.25,-3.4,0.));
#2712 = LINE('',#2713,#2714);
#2713 = CARTESIAN_POINT('',(4.25,-3.4,1.));
#2714 = VECTOR('',#2715,1.);
#2715 = DIRECTION('',(-0.,0.,-1.));
#2716 = ORIENTED_EDGE('',*,*,#2717,.F.);
#2717 = EDGE_CURVE('',#2718,#2710,#2720,.T.);
#2718 = VERTEX_POINT('',#2719);
#2719 = CARTESIAN_POINT('',(3.25,-3.4,0.));
#2720 = LINE('',#2721,#2722);
#2721 = CARTESIAN_POINT('',(-2.45,-3.4,0.));
#2722 = VECTOR('',#2723,1.);
#2723 = DIRECTION('',(1.,-1.224646799147E-16,0.));
#2724 = ORIENTED_EDGE('',*,*,#2725,.F.);
#2725 = EDGE_CURVE('',#2726,#2718,#2728,.T.);
#2726 = VERTEX_POINT('',#2727);
#2727 = CARTESIAN_POINT('',(3.25,-3.4,1.));
#2728 = LINE('',#2729,#2730);
#2729 = CARTESIAN_POINT('',(3.25,-3.4,1.));
#2730 = VECTOR('',#2731,1.);
#2731 = DIRECTION('',(-0.,0.,-1.));
#2732 = ORIENTED_EDGE('',*,*,#2733,.T.);
#2733 = EDGE_CURVE('',#2726,#2734,#2736,.T.);
#2734 = VERTEX_POINT('',#2735);
#2735 = CARTESIAN_POINT('',(1.75,-3.4,1.));
#2736 = LINE('',#2737,#2738);
#2737 = CARTESIAN_POINT('',(3.25,-3.4,1.));
#2738 = VECTOR('',#2739,1.);
#2739 = DIRECTION('',(-1.,1.224646799147E-16,0.));
#2740 = ORIENTED_EDGE('',*,*,#2741,.T.);
#2741 = EDGE_CURVE('',#2734,#2742,#2744,.T.);
#2742 = VERTEX_POINT('',#2743);
#2743 = CARTESIAN_POINT('',(1.75,-3.4,0.));
#2744 = LINE('',#2745,#2746);
#2745 = CARTESIAN_POINT('',(1.75,-3.4,1.));
#2746 = VECTOR('',#2747,1.);
#2747 = DIRECTION('',(-0.,0.,-1.));
#2748 = ORIENTED_EDGE('',*,*,#2749,.F.);
#2749 = EDGE_CURVE('',#2750,#2742,#2752,.T.);
#2750 = VERTEX_POINT('',#2751);
#2751 = CARTESIAN_POINT('',(0.75,-3.4,0.));
#2752 = LINE('',#2753,#2754);
#2753 = CARTESIAN_POINT('',(-2.45,-3.4,0.));
#2754 = VECTOR('',#2755,1.);
#2755 = DIRECTION('',(1.,-1.224646799147E-16,0.));
#2756 = ORIENTED_EDGE('',*,*,#2757,.F.);
#2757 = EDGE_CURVE('',#2758,#2750,#2760,.T.);
#2758 = VERTEX_POINT('',#2759);
#2759 = CARTESIAN_POINT('',(0.75,-3.4,1.));
#2760 = LINE('',#2761,#2762);
#2761 = CARTESIAN_POINT('',(0.75,-3.4,1.));
#2762 = VECTOR('',#2763,1.);
#2763 = DIRECTION('',(-0.,0.,-1.));
#2764 = ORIENTED_EDGE('',*,*,#2765,.T.);
#2765 = EDGE_CURVE('',#2758,#2766,#2768,.T.);
#2766 = VERTEX_POINT('',#2767);
#2767 = CARTESIAN_POINT('',(-0.75,-3.4,1.));
#2768 = LINE('',#2769,#2770);
#2769 = CARTESIAN_POINT('',(0.75,-3.4,1.));
#2770 = VECTOR('',#2771,1.);
#2771 = DIRECTION('',(-1.,1.224646799147E-16,0.));
#2772 = ORIENTED_EDGE('',*,*,#2773,.T.);
#2773 = EDGE_CURVE('',#2766,#2604,#2774,.T.);
#2774 = LINE('',#2775,#2776);
#2775 = CARTESIAN_POINT('',(-0.75,-3.4,1.));
#2776 = VECTOR('',#2777,1.);
#2777 = DIRECTION('',(-0.,0.,-1.));
#2778 = PLANE('',#2779);
#2779 = AXIS2_PLACEMENT_3D('',#2780,#2781,#2782);
#2780 = CARTESIAN_POINT('',(-2.45,-3.4,0.));
#2781 = DIRECTION('',(1.224646799147E-16,1.,0.));
#2782 = DIRECTION('',(1.,-1.224646799147E-16,0.));
#2783 = ADVANCED_FACE('',(#2784),#2802,.F.);
#2784 = FACE_BOUND('',#2785,.T.);
#2785 = EDGE_LOOP('',(#2786,#2787,#2788,#2796));
#2786 = ORIENTED_EDGE('',*,*,#2581,.F.);
#2787 = ORIENTED_EDGE('',*,*,#2421,.T.);
#2788 = ORIENTED_EDGE('',*,*,#2789,.T.);
#2789 = EDGE_CURVE('',#2414,#2790,#2792,.T.);
#2790 = VERTEX_POINT('',#2791);
#2791 = CARTESIAN_POINT('',(11.6,0.5,6.8));
#2792 = LINE('',#2793,#2794);
#2793 = CARTESIAN_POINT('',(11.075,0.5,6.275));
#2794 = VECTOR('',#2795,1.);
#2795 = DIRECTION('',(-0.707106781187,8.659560562349E-17,-0.707106781187
    ));
#2796 = ORIENTED_EDGE('',*,*,#2797,.F.);
#2797 = EDGE_CURVE('',#2582,#2790,#2798,.T.);
#2798 = LINE('',#2799,#2800);
#2799 = CARTESIAN_POINT('',(11.6,-2.65,6.8));
#2800 = VECTOR('',#2801,1.);
#2801 = DIRECTION('',(1.224646799147E-16,1.,0.));
#2802 = PLANE('',#2803);
#2803 = AXIS2_PLACEMENT_3D('',#2804,#2805,#2806);
#2804 = CARTESIAN_POINT('',(11.7,-2.65,6.9));
#2805 = DIRECTION('',(0.707106781187,-8.659560562349E-17,-0.707106781187
    ));
#2806 = DIRECTION('',(-1.224646799147E-16,-1.,-2.105272540809E-29));
#2807 = ADVANCED_FACE('',(#2808),#2867,.F.);
#2808 = FACE_BOUND('',#2809,.F.);
#2809 = EDGE_LOOP('',(#2810,#2818,#2819,#2820,#2828,#2836,#2845,#2853,
    #2861));
#2810 = ORIENTED_EDGE('',*,*,#2811,.F.);
#2811 = EDGE_CURVE('',#2614,#2812,#2814,.T.);
#2812 = VERTEX_POINT('',#2813);
#2813 = CARTESIAN_POINT('',(12.45,2.35,0.));
#2814 = LINE('',#2815,#2816);
#2815 = CARTESIAN_POINT('',(12.45,-3.4,0.));
#2816 = VECTOR('',#2817,1.);
#2817 = DIRECTION('',(1.224646799147E-16,1.,0.));
#2818 = ORIENTED_EDGE('',*,*,#2613,.T.);
#2819 = ORIENTED_EDGE('',*,*,#2405,.T.);
#2820 = ORIENTED_EDGE('',*,*,#2821,.F.);
#2821 = EDGE_CURVE('',#2822,#2406,#2824,.T.);
#2822 = VERTEX_POINT('',#2823);
#2823 = CARTESIAN_POINT('',(12.45,0.5,3.65));
#2824 = LINE('',#2825,#2826);
#2825 = CARTESIAN_POINT('',(12.45,0.5,3.65));
#2826 = VECTOR('',#2827,1.);
#2827 = DIRECTION('',(0.,0.,1.));
#2828 = ORIENTED_EDGE('',*,*,#2829,.F.);
#2829 = EDGE_CURVE('',#2830,#2822,#2832,.T.);
#2830 = VERTEX_POINT('',#2831);
#2831 = CARTESIAN_POINT('',(12.45,1.,3.65));
#2832 = LINE('',#2833,#2834);
#2833 = CARTESIAN_POINT('',(12.45,1.,3.65));
#2834 = VECTOR('',#2835,1.);
#2835 = DIRECTION('',(-1.224646799147E-16,-1.,0.));
#2836 = ORIENTED_EDGE('',*,*,#2837,.F.);
#2837 = EDGE_CURVE('',#2838,#2830,#2840,.T.);
#2838 = VERTEX_POINT('',#2839);
#2839 = CARTESIAN_POINT('',(12.45,1.5,4.15));
#2840 = CIRCLE('',#2841,0.5);
#2841 = AXIS2_PLACEMENT_3D('',#2842,#2843,#2844);
#2842 = CARTESIAN_POINT('',(12.45,1.,4.15));
#2843 = DIRECTION('',(-1.,1.224646799147E-16,0.));
#2844 = DIRECTION('',(1.224646799147E-16,1.,0.));
#2845 = ORIENTED_EDGE('',*,*,#2846,.F.);
#2846 = EDGE_CURVE('',#2847,#2838,#2849,.T.);
#2847 = VERTEX_POINT('',#2848);
#2848 = CARTESIAN_POINT('',(12.45,1.5,7.));
#2849 = LINE('',#2850,#2851);
#2850 = CARTESIAN_POINT('',(12.45,1.5,7.));
#2851 = VECTOR('',#2852,1.);
#2852 = DIRECTION('',(-0.,0.,-1.));
#2853 = ORIENTED_EDGE('',*,*,#2854,.T.);
#2854 = EDGE_CURVE('',#2847,#2855,#2857,.T.);
#2855 = VERTEX_POINT('',#2856);
#2856 = CARTESIAN_POINT('',(12.45,2.35,7.));
#2857 = LINE('',#2858,#2859);
#2858 = CARTESIAN_POINT('',(12.45,-3.4,7.));
#2859 = VECTOR('',#2860,1.);
#2860 = DIRECTION('',(1.224646799147E-16,1.,0.));
#2861 = ORIENTED_EDGE('',*,*,#2862,.F.);
#2862 = EDGE_CURVE('',#2812,#2855,#2863,.T.);
#2863 = LINE('',#2864,#2865);
#2864 = CARTESIAN_POINT('',(12.45,2.35,0.));
#2865 = VECTOR('',#2866,1.);
#2866 = DIRECTION('',(0.,0.,1.));
#2867 = PLANE('',#2868);
#2868 = AXIS2_PLACEMENT_3D('',#2869,#2870,#2871);
#2869 = CARTESIAN_POINT('',(12.45,-3.4,0.));
#2870 = DIRECTION('',(-1.,1.224646799147E-16,0.));
#2871 = DIRECTION('',(1.224646799147E-16,1.,0.));
#2872 = ADVANCED_FACE('',(#2873),#2892,.T.);
#2873 = FACE_BOUND('',#2874,.T.);
#2874 = EDGE_LOOP('',(#2875,#2876,#2877,#2885,#2891));
#2875 = ORIENTED_EDGE('',*,*,#2413,.F.);
#2876 = ORIENTED_EDGE('',*,*,#2821,.F.);
#2877 = ORIENTED_EDGE('',*,*,#2878,.T.);
#2878 = EDGE_CURVE('',#2822,#2879,#2881,.T.);
#2879 = VERTEX_POINT('',#2880);
#2880 = CARTESIAN_POINT('',(11.6,0.5,3.65));
#2881 = LINE('',#2882,#2883);
#2882 = CARTESIAN_POINT('',(12.45,0.5,3.65));
#2883 = VECTOR('',#2884,1.);
#2884 = DIRECTION('',(-1.,1.224646799147E-16,0.));
#2885 = ORIENTED_EDGE('',*,*,#2886,.T.);
#2886 = EDGE_CURVE('',#2879,#2790,#2887,.T.);
#2887 = LINE('',#2888,#2889);
#2888 = CARTESIAN_POINT('',(11.6,0.5,5.325));
#2889 = VECTOR('',#2890,1.);
#2890 = DIRECTION('',(0.,0.,1.));
#2891 = ORIENTED_EDGE('',*,*,#2789,.F.);
#2892 = PLANE('',#2893);
#2893 = AXIS2_PLACEMENT_3D('',#2894,#2895,#2896);
#2894 = CARTESIAN_POINT('',(12.45,0.5,3.65));
#2895 = DIRECTION('',(1.224646799147E-16,1.,0.));
#2896 = DIRECTION('',(0.,-0.,1.));
#2897 = ADVANCED_FACE('',(#2898),#2941,.F.);
#2898 = FACE_BOUND('',#2899,.F.);
#2899 = EDGE_LOOP('',(#2900,#2901,#2909,#2918,#2926,#2934,#2940));
#2900 = ORIENTED_EDGE('',*,*,#2451,.T.);
#2901 = ORIENTED_EDGE('',*,*,#2902,.T.);
#2902 = EDGE_CURVE('',#2454,#2903,#2905,.T.);
#2903 = VERTEX_POINT('',#2904);
#2904 = CARTESIAN_POINT('',(-1.6,1.,3.65));
#2905 = LINE('',#2906,#2907);
#2906 = CARTESIAN_POINT('',(-1.6,1.25,3.65));
#2907 = VECTOR('',#2908,1.);
#2908 = DIRECTION('',(1.224646799147E-16,1.,0.));
#2909 = ORIENTED_EDGE('',*,*,#2910,.T.);
#2910 = EDGE_CURVE('',#2903,#2911,#2913,.T.);
#2911 = VERTEX_POINT('',#2912);
#2912 = CARTESIAN_POINT('',(-1.6,1.5,4.15));
#2913 = CIRCLE('',#2914,0.5);
#2914 = AXIS2_PLACEMENT_3D('',#2915,#2916,#2917);
#2915 = CARTESIAN_POINT('',(-1.6,1.,4.15));
#2916 = DIRECTION('',(1.,-1.224646799147E-16,0.));
#2917 = DIRECTION('',(1.224646799147E-16,1.,0.));
#2918 = ORIENTED_EDGE('',*,*,#2919,.T.);
#2919 = EDGE_CURVE('',#2911,#2920,#2922,.T.);
#2920 = VERTEX_POINT('',#2921);
#2921 = CARTESIAN_POINT('',(-1.6,1.5,1.85));
#2922 = LINE('',#2923,#2924);
#2923 = CARTESIAN_POINT('',(-1.6,1.5,7.));
#2924 = VECTOR('',#2925,1.);
#2925 = DIRECTION('',(0.,0.,-1.));
#2926 = ORIENTED_EDGE('',*,*,#2927,.T.);
#2927 = EDGE_CURVE('',#2920,#2928,#2930,.T.);
#2928 = VERTEX_POINT('',#2929);
#2929 = CARTESIAN_POINT('',(-1.6,-2.65,1.85));
#2930 = LINE('',#2931,#2932);
#2931 = CARTESIAN_POINT('',(-1.6,1.5,1.85));
#2932 = VECTOR('',#2933,1.);
#2933 = DIRECTION('',(-1.224646799147E-16,-1.,0.));
#2934 = ORIENTED_EDGE('',*,*,#2935,.F.);
#2935 = EDGE_CURVE('',#2493,#2928,#2936,.T.);
#2936 = LINE('',#2937,#2938);
#2937 = CARTESIAN_POINT('',(-1.6,-2.65,7.));
#2938 = VECTOR('',#2939,1.);
#2939 = DIRECTION('',(0.,0.,-1.));
#2940 = ORIENTED_EDGE('',*,*,#2500,.F.);
#2941 = PLANE('',#2942);
#2942 = AXIS2_PLACEMENT_3D('',#2943,#2944,#2945);
#2943 = CARTESIAN_POINT('',(-1.6,1.5,7.));
#2944 = DIRECTION('',(-1.,1.224646799147E-16,0.));
#2945 = DIRECTION('',(-1.224646799147E-16,-1.,0.));
#2946 = ADVANCED_FACE('',(#2947),#2958,.T.);
#2947 = FACE_BOUND('',#2948,.T.);
#2948 = EDGE_LOOP('',(#2949,#2950,#2956,#2957));
#2949 = ORIENTED_EDGE('',*,*,#2902,.T.);
#2950 = ORIENTED_EDGE('',*,*,#2951,.T.);
#2951 = EDGE_CURVE('',#2903,#2549,#2952,.T.);
#2952 = LINE('',#2953,#2954);
#2953 = CARTESIAN_POINT('',(12.45,1.,3.65));
#2954 = VECTOR('',#2955,1.);
#2955 = DIRECTION('',(-1.,1.224646799147E-16,0.));
#2956 = ORIENTED_EDGE('',*,*,#2557,.T.);
#2957 = ORIENTED_EDGE('',*,*,#2461,.F.);
#2958 = PLANE('',#2959);
#2959 = AXIS2_PLACEMENT_3D('',#2960,#2961,#2962);
#2960 = CARTESIAN_POINT('',(12.45,1.,3.65));
#2961 = DIRECTION('',(0.,0.,1.));
#2962 = DIRECTION('',(-1.224646799147E-16,-1.,0.));
#2963 = ADVANCED_FACE('',(#2964),#2982,.F.);
#2964 = FACE_BOUND('',#2965,.F.);
#2965 = EDGE_LOOP('',(#2966,#2974,#2980,#2981));
#2966 = ORIENTED_EDGE('',*,*,#2967,.T.);
#2967 = EDGE_CURVE('',#2604,#2968,#2970,.T.);
#2968 = VERTEX_POINT('',#2969);
#2969 = CARTESIAN_POINT('',(-0.75,2.35,0.));
#2970 = LINE('',#2971,#2972);
#2971 = CARTESIAN_POINT('',(-0.75,-3.4,0.));
#2972 = VECTOR('',#2973,1.);
#2973 = DIRECTION('',(1.224646799147E-16,1.,0.));
#2974 = ORIENTED_EDGE('',*,*,#2975,.T.);
#2975 = EDGE_CURVE('',#2968,#2515,#2976,.T.);
#2976 = LINE('',#2977,#2978);
#2977 = CARTESIAN_POINT('',(12.45,2.35,0.));
#2978 = VECTOR('',#2979,1.);
#2979 = DIRECTION('',(-1.,1.224646799147E-16,0.));
#2980 = ORIENTED_EDGE('',*,*,#2514,.T.);
#2981 = ORIENTED_EDGE('',*,*,#2603,.T.);
#2982 = PLANE('',#2983);
#2983 = AXIS2_PLACEMENT_3D('',#2984,#2985,#2986);
#2984 = CARTESIAN_POINT('',(5.,-0.525,0.));
#2985 = DIRECTION('',(0.,0.,1.));
#2986 = DIRECTION('',(-1.,1.224646799147E-16,0.));
#2987 = ADVANCED_FACE('',(#2988),#2999,.F.);
#2988 = FACE_BOUND('',#2989,.F.);
#2989 = EDGE_LOOP('',(#2990,#2991,#2992,#2998));
#2990 = ORIENTED_EDGE('',*,*,#2951,.T.);
#2991 = ORIENTED_EDGE('',*,*,#2548,.T.);
#2992 = ORIENTED_EDGE('',*,*,#2993,.F.);
#2993 = EDGE_CURVE('',#2911,#2541,#2994,.T.);
#2994 = LINE('',#2995,#2996);
#2995 = CARTESIAN_POINT('',(12.45,1.5,4.15));
#2996 = VECTOR('',#2997,1.);
#2997 = DIRECTION('',(-1.,1.224646799147E-16,0.));
#2998 = ORIENTED_EDGE('',*,*,#2910,.F.);
#2999 = CYLINDRICAL_SURFACE('',#3000,0.5);
#3000 = AXIS2_PLACEMENT_3D('',#3001,#3002,#3003);
#3001 = CARTESIAN_POINT('',(12.45,1.,4.15));
#3002 = DIRECTION('',(1.,-1.224646799147E-16,-0.));
#3003 = DIRECTION('',(1.224646799147E-16,1.,0.));
#3004 = ADVANCED_FACE('',(#3005),#3169,.T.);
#3005 = FACE_BOUND('',#3006,.T.);
#3006 = EDGE_LOOP('',(#3007,#3008,#3016,#3024,#3032,#3040,#3048,#3057,
    #3065,#3073,#3081,#3089,#3097,#3106,#3114,#3122,#3130,#3138,#3144,
    #3145,#3146,#3147,#3155,#3163));
#3007 = ORIENTED_EDGE('',*,*,#2846,.F.);
#3008 = ORIENTED_EDGE('',*,*,#3009,.T.);
#3009 = EDGE_CURVE('',#2847,#3010,#3012,.T.);
#3010 = VERTEX_POINT('',#3011);
#3011 = CARTESIAN_POINT('',(10.5,1.5,7.));
#3012 = LINE('',#3013,#3014);
#3013 = CARTESIAN_POINT('',(12.45,1.5,7.));
#3014 = VECTOR('',#3015,1.);
#3015 = DIRECTION('',(-1.,1.224646799147E-16,0.));
#3016 = ORIENTED_EDGE('',*,*,#3017,.T.);
#3017 = EDGE_CURVE('',#3010,#3018,#3020,.T.);
#3018 = VERTEX_POINT('',#3019);
#3019 = CARTESIAN_POINT('',(10.5,1.5,6.1));
#3020 = LINE('',#3021,#3022);
#3021 = CARTESIAN_POINT('',(10.5,1.5,5.311253117207));
#3022 = VECTOR('',#3023,1.);
#3023 = DIRECTION('',(1.04233387337E-32,8.511301985975E-17,-1.));
#3024 = ORIENTED_EDGE('',*,*,#3025,.T.);
#3025 = EDGE_CURVE('',#3018,#3026,#3028,.T.);
#3026 = VERTEX_POINT('',#3027);
#3027 = CARTESIAN_POINT('',(10.25,1.5,5.85));
#3028 = LINE('',#3029,#3030);
#3029 = CARTESIAN_POINT('',(8.605626558603,1.5,4.205626558603));
#3030 = VECTOR('',#3031,1.);
#3031 = DIRECTION('',(-0.707106781187,1.467795991335E-16,-0.707106781187
    ));
#3032 = ORIENTED_EDGE('',*,*,#3033,.T.);
#3033 = EDGE_CURVE('',#3026,#3034,#3036,.T.);
#3034 = VERTEX_POINT('',#3035);
#3035 = CARTESIAN_POINT('',(10.5,1.5,5.6));
#3036 = LINE('',#3037,#3038);
#3037 = CARTESIAN_POINT('',(9.394373441397,1.5,6.705626558603));
#3038 = VECTOR('',#3039,1.);
#3039 = DIRECTION('',(0.707106781187,-2.641161211344E-17,-0.707106781187
    ));
#3040 = ORIENTED_EDGE('',*,*,#3041,.T.);
#3041 = EDGE_CURVE('',#3034,#3042,#3044,.T.);
#3042 = VERTEX_POINT('',#3043);
#3043 = CARTESIAN_POINT('',(10.5,1.5,3.85));
#3044 = LINE('',#3045,#3046);
#3045 = CARTESIAN_POINT('',(10.5,1.5,3.811253117207));
#3046 = VECTOR('',#3047,1.);
#3047 = DIRECTION('',(1.04233387337E-32,8.511301985975E-17,-1.));
#3048 = ORIENTED_EDGE('',*,*,#3049,.F.);
#3049 = EDGE_CURVE('',#3050,#3042,#3052,.T.);
#3050 = VERTEX_POINT('',#3051);
#3051 = CARTESIAN_POINT('',(9.75,1.5,3.1));
#3052 = CIRCLE('',#3053,0.75);
#3053 = AXIS2_PLACEMENT_3D('',#3054,#3055,#3056);
#3054 = CARTESIAN_POINT('',(9.75,1.5,3.85));
#3055 = DIRECTION('',(-1.224646799147E-16,-1.,0.));
#3056 = DIRECTION('',(-0.,0.,-1.));
#3057 = ORIENTED_EDGE('',*,*,#3058,.T.);
#3058 = EDGE_CURVE('',#3050,#3059,#3061,.T.);
#3059 = VERTEX_POINT('',#3060);
#3060 = CARTESIAN_POINT('',(9.,1.5,3.1));
#3061 = LINE('',#3062,#3063);
#3062 = CARTESIAN_POINT('',(7.,1.5,3.1));
#3063 = VECTOR('',#3064,1.);
#3064 = DIRECTION('',(-1.,1.224646799147E-16,0.));
#3065 = ORIENTED_EDGE('',*,*,#3066,.T.);
#3066 = EDGE_CURVE('',#3059,#3067,#3069,.T.);
#3067 = VERTEX_POINT('',#3068);
#3068 = CARTESIAN_POINT('',(9.,1.5,7.));
#3069 = LINE('',#3070,#3071);
#3070 = CARTESIAN_POINT('',(9.,1.5,5.761253117207));
#3071 = VECTOR('',#3072,1.);
#3072 = DIRECTION('',(-1.04233387337E-32,-8.511301985975E-17,1.));
#3073 = ORIENTED_EDGE('',*,*,#3074,.T.);
#3074 = EDGE_CURVE('',#3067,#3075,#3077,.T.);
#3075 = VERTEX_POINT('',#3076);
#3076 = CARTESIAN_POINT('',(1.,1.5,7.));
#3077 = LINE('',#3078,#3079);
#3078 = CARTESIAN_POINT('',(12.45,1.5,7.));
#3079 = VECTOR('',#3080,1.);
#3080 = DIRECTION('',(-1.,1.224646799147E-16,0.));
#3081 = ORIENTED_EDGE('',*,*,#3082,.F.);
#3082 = EDGE_CURVE('',#3083,#3075,#3085,.T.);
#3083 = VERTEX_POINT('',#3084);
#3084 = CARTESIAN_POINT('',(1.,1.5,3.1));
#3085 = LINE('',#3086,#3087);
#3086 = CARTESIAN_POINT('',(1.,1.5,5.761253117207));
#3087 = VECTOR('',#3088,1.);
#3088 = DIRECTION('',(-1.04233387337E-32,-8.511301985975E-17,1.));
#3089 = ORIENTED_EDGE('',*,*,#3090,.F.);
#3090 = EDGE_CURVE('',#3091,#3083,#3093,.T.);
#3091 = VERTEX_POINT('',#3092);
#3092 = CARTESIAN_POINT('',(0.25,1.5,3.1));
#3093 = LINE('',#3094,#3095);
#3094 = CARTESIAN_POINT('',(3.,1.5,3.1));
#3095 = VECTOR('',#3096,1.);
#3096 = DIRECTION('',(1.,-1.224646799147E-16,0.));
#3097 = ORIENTED_EDGE('',*,*,#3098,.F.);
#3098 = EDGE_CURVE('',#3099,#3091,#3101,.T.);
#3099 = VERTEX_POINT('',#3100);
#3100 = CARTESIAN_POINT('',(-0.5,1.5,3.85));
#3101 = CIRCLE('',#3102,0.75);
#3102 = AXIS2_PLACEMENT_3D('',#3103,#3104,#3105);
#3103 = CARTESIAN_POINT('',(0.25,1.5,3.85));
#3104 = DIRECTION('',(-1.224646799147E-16,-1.,0.));
#3105 = DIRECTION('',(-0.,0.,-1.));
#3106 = ORIENTED_EDGE('',*,*,#3107,.F.);
#3107 = EDGE_CURVE('',#3108,#3099,#3110,.T.);
#3108 = VERTEX_POINT('',#3109);
#3109 = CARTESIAN_POINT('',(-0.5,1.5,5.6));
#3110 = LINE('',#3111,#3112);
#3111 = CARTESIAN_POINT('',(-0.5,1.5,3.811253117207));
#3112 = VECTOR('',#3113,1.);
#3113 = DIRECTION('',(1.04233387337E-32,8.511301985975E-17,-1.));
#3114 = ORIENTED_EDGE('',*,*,#3115,.F.);
#3115 = EDGE_CURVE('',#3116,#3108,#3118,.T.);
#3116 = VERTEX_POINT('',#3117);
#3117 = CARTESIAN_POINT('',(-0.25,1.5,5.85));
#3118 = LINE('',#3119,#3120);
#3119 = CARTESIAN_POINT('',(0.605626558603,1.5,6.705626558603));
#3120 = VECTOR('',#3121,1.);
#3121 = DIRECTION('',(-0.707106781187,1.467795991335E-16,-0.707106781187
    ));
#3122 = ORIENTED_EDGE('',*,*,#3123,.F.);
#3123 = EDGE_CURVE('',#3124,#3116,#3126,.T.);
#3124 = VERTEX_POINT('',#3125);
#3125 = CARTESIAN_POINT('',(-0.5,1.5,6.1));
#3126 = LINE('',#3127,#3128);
#3127 = CARTESIAN_POINT('',(1.394373441397,1.5,4.205626558603));
#3128 = VECTOR('',#3129,1.);
#3129 = DIRECTION('',(0.707106781187,-2.641161211344E-17,-0.707106781187
    ));
#3130 = ORIENTED_EDGE('',*,*,#3131,.F.);
#3131 = EDGE_CURVE('',#3132,#3124,#3134,.T.);
#3132 = VERTEX_POINT('',#3133);
#3133 = CARTESIAN_POINT('',(-0.5,1.5,7.));
#3134 = LINE('',#3135,#3136);
#3135 = CARTESIAN_POINT('',(-0.5,1.5,5.311253117207));
#3136 = VECTOR('',#3137,1.);
#3137 = DIRECTION('',(1.04233387337E-32,8.511301985975E-17,-1.));
#3138 = ORIENTED_EDGE('',*,*,#3139,.T.);
#3139 = EDGE_CURVE('',#3132,#2533,#3140,.T.);
#3140 = LINE('',#3141,#3142);
#3141 = CARTESIAN_POINT('',(12.45,1.5,7.));
#3142 = VECTOR('',#3143,1.);
#3143 = DIRECTION('',(-1.,1.224646799147E-16,0.));
#3144 = ORIENTED_EDGE('',*,*,#2540,.T.);
#3145 = ORIENTED_EDGE('',*,*,#2993,.F.);
#3146 = ORIENTED_EDGE('',*,*,#2919,.T.);
#3147 = ORIENTED_EDGE('',*,*,#3148,.F.);
#3148 = EDGE_CURVE('',#3149,#2920,#3151,.T.);
#3149 = VERTEX_POINT('',#3150);
#3150 = CARTESIAN_POINT('',(11.6,1.5,1.85));
#3151 = LINE('',#3152,#3153);
#3152 = CARTESIAN_POINT('',(11.6,1.5,1.85));
#3153 = VECTOR('',#3154,1.);
#3154 = DIRECTION('',(-1.,1.224646799147E-16,0.));
#3155 = ORIENTED_EDGE('',*,*,#3156,.F.);
#3156 = EDGE_CURVE('',#3157,#3149,#3159,.T.);
#3157 = VERTEX_POINT('',#3158);
#3158 = CARTESIAN_POINT('',(11.6,1.5,4.15));
#3159 = LINE('',#3160,#3161);
#3160 = CARTESIAN_POINT('',(11.6,1.5,7.));
#3161 = VECTOR('',#3162,1.);
#3162 = DIRECTION('',(0.,0.,-1.));
#3163 = ORIENTED_EDGE('',*,*,#3164,.F.);
#3164 = EDGE_CURVE('',#2838,#3157,#3165,.T.);
#3165 = LINE('',#3166,#3167);
#3166 = CARTESIAN_POINT('',(12.45,1.5,4.15));
#3167 = VECTOR('',#3168,1.);
#3168 = DIRECTION('',(-1.,1.224646799147E-16,0.));
#3169 = PLANE('',#3170);
#3170 = AXIS2_PLACEMENT_3D('',#3171,#3172,#3173);
#3171 = CARTESIAN_POINT('',(5.,1.5,4.522506234414));
#3172 = DIRECTION('',(-1.224646799147E-16,-1.,-8.511301985975E-17));
#3173 = DIRECTION('',(-1.04233387337E-32,-8.511301985975E-17,1.));
#3174 = ADVANCED_FACE('',(#3175),#3193,.T.);
#3175 = FACE_BOUND('',#3176,.T.);
#3176 = EDGE_LOOP('',(#3177,#3178,#3186,#3192));
#3177 = ORIENTED_EDGE('',*,*,#3139,.F.);
#3178 = ORIENTED_EDGE('',*,*,#3179,.F.);
#3179 = EDGE_CURVE('',#3180,#3132,#3182,.T.);
#3180 = VERTEX_POINT('',#3181);
#3181 = CARTESIAN_POINT('',(-0.5,2.35,7.));
#3182 = LINE('',#3183,#3184);
#3183 = CARTESIAN_POINT('',(-0.5,2.35,7.));
#3184 = VECTOR('',#3185,1.);
#3185 = DIRECTION('',(-1.224646799147E-16,-1.,0.));
#3186 = ORIENTED_EDGE('',*,*,#3187,.T.);
#3187 = EDGE_CURVE('',#3180,#2525,#3188,.T.);
#3188 = LINE('',#3189,#3190);
#3189 = CARTESIAN_POINT('',(12.45,2.35,7.));
#3190 = VECTOR('',#3191,1.);
#3191 = DIRECTION('',(-1.,1.224646799147E-16,0.));
#3192 = ORIENTED_EDGE('',*,*,#2532,.T.);
#3193 = PLANE('',#3194);
#3194 = AXIS2_PLACEMENT_3D('',#3195,#3196,#3197);
#3195 = CARTESIAN_POINT('',(5.,-0.525,7.));
#3196 = DIRECTION('',(0.,0.,1.));
#3197 = DIRECTION('',(-1.,1.224646799147E-16,0.));
#3198 = ADVANCED_FACE('',(#3199),#3491,.F.);
#3199 = FACE_BOUND('',#3200,.F.);
#3200 = EDGE_LOOP('',(#3201,#3209,#3210,#3218,#3226,#3234,#3242,#3250,
    #3259,#3267,#3275,#3283,#3291,#3299,#3308,#3316,#3324,#3332,#3338,
    #3339,#3340,#3341,#3349,#3357,#3365,#3373,#3381,#3389,#3397,#3405,
    #3413,#3421,#3429,#3437,#3445,#3453,#3461,#3469,#3477,#3485));
#3201 = ORIENTED_EDGE('',*,*,#3202,.F.);
#3202 = EDGE_CURVE('',#2812,#3203,#3205,.T.);
#3203 = VERTEX_POINT('',#3204);
#3204 = CARTESIAN_POINT('',(10.75,2.35,0.));
#3205 = LINE('',#3206,#3207);
#3206 = CARTESIAN_POINT('',(12.45,2.35,0.));
#3207 = VECTOR('',#3208,1.);
#3208 = DIRECTION('',(-1.,1.224646799147E-16,0.));
#3209 = ORIENTED_EDGE('',*,*,#2862,.T.);
#3210 = ORIENTED_EDGE('',*,*,#3211,.T.);
#3211 = EDGE_CURVE('',#2855,#3212,#3214,.T.);
#3212 = VERTEX_POINT('',#3213);
#3213 = CARTESIAN_POINT('',(10.5,2.35,7.));
#3214 = LINE('',#3215,#3216);
#3215 = CARTESIAN_POINT('',(12.45,2.35,7.));
#3216 = VECTOR('',#3217,1.);
#3217 = DIRECTION('',(-1.,1.224646799147E-16,0.));
#3218 = ORIENTED_EDGE('',*,*,#3219,.F.);
#3219 = EDGE_CURVE('',#3220,#3212,#3222,.T.);
#3220 = VERTEX_POINT('',#3221);
#3221 = CARTESIAN_POINT('',(10.5,2.35,6.1));
#3222 = LINE('',#3223,#3224);
#3223 = CARTESIAN_POINT('',(10.5,2.35,6.1));
#3224 = VECTOR('',#3225,1.);
#3225 = DIRECTION('',(0.,0.,1.));
#3226 = ORIENTED_EDGE('',*,*,#3227,.F.);
#3227 = EDGE_CURVE('',#3228,#3220,#3230,.T.);
#3228 = VERTEX_POINT('',#3229);
#3229 = CARTESIAN_POINT('',(10.25,2.35,5.85));
#3230 = LINE('',#3231,#3232);
#3231 = CARTESIAN_POINT('',(10.25,2.35,5.85));
#3232 = VECTOR('',#3233,1.);
#3233 = DIRECTION('',(0.707106781187,-8.659560562349E-17,0.707106781187)
  );
#3234 = ORIENTED_EDGE('',*,*,#3235,.F.);
#3235 = EDGE_CURVE('',#3236,#3228,#3238,.T.);
#3236 = VERTEX_POINT('',#3237);
#3237 = CARTESIAN_POINT('',(10.5,2.35,5.6));
#3238 = LINE('',#3239,#3240);
#3239 = CARTESIAN_POINT('',(10.5,2.35,5.6));
#3240 = VECTOR('',#3241,1.);
#3241 = DIRECTION('',(-0.707106781187,8.659560562349E-17,0.707106781187)
  );
#3242 = ORIENTED_EDGE('',*,*,#3243,.F.);
#3243 = EDGE_CURVE('',#3244,#3236,#3246,.T.);
#3244 = VERTEX_POINT('',#3245);
#3245 = CARTESIAN_POINT('',(10.5,2.35,3.85));
#3246 = LINE('',#3247,#3248);
#3247 = CARTESIAN_POINT('',(10.5,2.35,3.1));
#3248 = VECTOR('',#3249,1.);
#3249 = DIRECTION('',(0.,0.,1.));
#3250 = ORIENTED_EDGE('',*,*,#3251,.F.);
#3251 = EDGE_CURVE('',#3252,#3244,#3254,.T.);
#3252 = VERTEX_POINT('',#3253);
#3253 = CARTESIAN_POINT('',(9.75,2.35,3.1));
#3254 = CIRCLE('',#3255,0.75);
#3255 = AXIS2_PLACEMENT_3D('',#3256,#3257,#3258);
#3256 = CARTESIAN_POINT('',(9.75,2.35,3.85));
#3257 = DIRECTION('',(-1.224646799147E-16,-1.,0.));
#3258 = DIRECTION('',(0.,0.,1.));
#3259 = ORIENTED_EDGE('',*,*,#3260,.F.);
#3260 = EDGE_CURVE('',#3261,#3252,#3263,.T.);
#3261 = VERTEX_POINT('',#3262);
#3262 = CARTESIAN_POINT('',(9.,2.35,3.1));
#3263 = LINE('',#3264,#3265);
#3264 = CARTESIAN_POINT('',(9.,2.35,3.1));
#3265 = VECTOR('',#3266,1.);
#3266 = DIRECTION('',(1.,-1.224646799147E-16,0.));
#3267 = ORIENTED_EDGE('',*,*,#3268,.F.);
#3268 = EDGE_CURVE('',#3269,#3261,#3271,.T.);
#3269 = VERTEX_POINT('',#3270);
#3270 = CARTESIAN_POINT('',(9.,2.35,7.));
#3271 = LINE('',#3272,#3273);
#3272 = CARTESIAN_POINT('',(9.,2.35,7.));
#3273 = VECTOR('',#3274,1.);
#3274 = DIRECTION('',(-0.,0.,-1.));
#3275 = ORIENTED_EDGE('',*,*,#3276,.T.);
#3276 = EDGE_CURVE('',#3269,#3277,#3279,.T.);
#3277 = VERTEX_POINT('',#3278);
#3278 = CARTESIAN_POINT('',(1.,2.35,7.));
#3279 = LINE('',#3280,#3281);
#3280 = CARTESIAN_POINT('',(12.45,2.35,7.));
#3281 = VECTOR('',#3282,1.);
#3282 = DIRECTION('',(-1.,1.224646799147E-16,0.));
#3283 = ORIENTED_EDGE('',*,*,#3284,.T.);
#3284 = EDGE_CURVE('',#3277,#3285,#3287,.T.);
#3285 = VERTEX_POINT('',#3286);
#3286 = CARTESIAN_POINT('',(1.,2.35,3.1));
#3287 = LINE('',#3288,#3289);
#3288 = CARTESIAN_POINT('',(1.,2.35,7.));
#3289 = VECTOR('',#3290,1.);
#3290 = DIRECTION('',(-0.,0.,-1.));
#3291 = ORIENTED_EDGE('',*,*,#3292,.T.);
#3292 = EDGE_CURVE('',#3285,#3293,#3295,.T.);
#3293 = VERTEX_POINT('',#3294);
#3294 = CARTESIAN_POINT('',(0.25,2.35,3.1));
#3295 = LINE('',#3296,#3297);
#3296 = CARTESIAN_POINT('',(1.,2.35,3.1));
#3297 = VECTOR('',#3298,1.);
#3298 = DIRECTION('',(-1.,1.224646799147E-16,0.));
#3299 = ORIENTED_EDGE('',*,*,#3300,.T.);
#3300 = EDGE_CURVE('',#3293,#3301,#3303,.T.);
#3301 = VERTEX_POINT('',#3302);
#3302 = CARTESIAN_POINT('',(-0.5,2.35,3.85));
#3303 = CIRCLE('',#3304,0.75);
#3304 = AXIS2_PLACEMENT_3D('',#3305,#3306,#3307);
#3305 = CARTESIAN_POINT('',(0.25,2.35,3.85));
#3306 = DIRECTION('',(1.224646799147E-16,1.,-0.));
#3307 = DIRECTION('',(0.,0.,1.));
#3308 = ORIENTED_EDGE('',*,*,#3309,.T.);
#3309 = EDGE_CURVE('',#3301,#3310,#3312,.T.);
#3310 = VERTEX_POINT('',#3311);
#3311 = CARTESIAN_POINT('',(-0.5,2.35,5.6));
#3312 = LINE('',#3313,#3314);
#3313 = CARTESIAN_POINT('',(-0.5,2.35,3.1));
#3314 = VECTOR('',#3315,1.);
#3315 = DIRECTION('',(0.,0.,1.));
#3316 = ORIENTED_EDGE('',*,*,#3317,.T.);
#3317 = EDGE_CURVE('',#3310,#3318,#3320,.T.);
#3318 = VERTEX_POINT('',#3319);
#3319 = CARTESIAN_POINT('',(-0.25,2.35,5.85));
#3320 = LINE('',#3321,#3322);
#3321 = CARTESIAN_POINT('',(-0.5,2.35,5.6));
#3322 = VECTOR('',#3323,1.);
#3323 = DIRECTION('',(0.707106781187,-8.659560562349E-17,0.707106781187)
  );
#3324 = ORIENTED_EDGE('',*,*,#3325,.T.);
#3325 = EDGE_CURVE('',#3318,#3326,#3328,.T.);
#3326 = VERTEX_POINT('',#3327);
#3327 = CARTESIAN_POINT('',(-0.5,2.35,6.1));
#3328 = LINE('',#3329,#3330);
#3329 = CARTESIAN_POINT('',(-0.25,2.35,5.85));
#3330 = VECTOR('',#3331,1.);
#3331 = DIRECTION('',(-0.707106781187,8.659560562349E-17,0.707106781187)
  );
#3332 = ORIENTED_EDGE('',*,*,#3333,.T.);
#3333 = EDGE_CURVE('',#3326,#3180,#3334,.T.);
#3334 = LINE('',#3335,#3336);
#3335 = CARTESIAN_POINT('',(-0.5,2.35,6.1));
#3336 = VECTOR('',#3337,1.);
#3337 = DIRECTION('',(0.,0.,1.));
#3338 = ORIENTED_EDGE('',*,*,#3187,.T.);
#3339 = ORIENTED_EDGE('',*,*,#2524,.F.);
#3340 = ORIENTED_EDGE('',*,*,#2975,.F.);
#3341 = ORIENTED_EDGE('',*,*,#3342,.T.);
#3342 = EDGE_CURVE('',#2968,#3343,#3345,.T.);
#3343 = VERTEX_POINT('',#3344);
#3344 = CARTESIAN_POINT('',(-0.75,2.35,1.));
#3345 = LINE('',#3346,#3347);
#3346 = CARTESIAN_POINT('',(-0.75,2.35,0.));
#3347 = VECTOR('',#3348,1.);
#3348 = DIRECTION('',(0.,0.,1.));
#3349 = ORIENTED_EDGE('',*,*,#3350,.F.);
#3350 = EDGE_CURVE('',#3351,#3343,#3353,.T.);
#3351 = VERTEX_POINT('',#3352);
#3352 = CARTESIAN_POINT('',(0.75,2.35,1.));
#3353 = LINE('',#3354,#3355);
#3354 = CARTESIAN_POINT('',(0.75,2.35,1.));
#3355 = VECTOR('',#3356,1.);
#3356 = DIRECTION('',(-1.,1.224646799147E-16,0.));
#3357 = ORIENTED_EDGE('',*,*,#3358,.F.);
#3358 = EDGE_CURVE('',#3359,#3351,#3361,.T.);
#3359 = VERTEX_POINT('',#3360);
#3360 = CARTESIAN_POINT('',(0.75,2.35,0.));
#3361 = LINE('',#3362,#3363);
#3362 = CARTESIAN_POINT('',(0.75,2.35,0.));
#3363 = VECTOR('',#3364,1.);
#3364 = DIRECTION('',(0.,0.,1.));
#3365 = ORIENTED_EDGE('',*,*,#3366,.F.);
#3366 = EDGE_CURVE('',#3367,#3359,#3369,.T.);
#3367 = VERTEX_POINT('',#3368);
#3368 = CARTESIAN_POINT('',(1.75,2.35,0.));
#3369 = LINE('',#3370,#3371);
#3370 = CARTESIAN_POINT('',(12.45,2.35,0.));
#3371 = VECTOR('',#3372,1.);
#3372 = DIRECTION('',(-1.,1.224646799147E-16,0.));
#3373 = ORIENTED_EDGE('',*,*,#3374,.T.);
#3374 = EDGE_CURVE('',#3367,#3375,#3377,.T.);
#3375 = VERTEX_POINT('',#3376);
#3376 = CARTESIAN_POINT('',(1.75,2.35,1.));
#3377 = LINE('',#3378,#3379);
#3378 = CARTESIAN_POINT('',(1.75,2.35,0.));
#3379 = VECTOR('',#3380,1.);
#3380 = DIRECTION('',(0.,0.,1.));
#3381 = ORIENTED_EDGE('',*,*,#3382,.F.);
#3382 = EDGE_CURVE('',#3383,#3375,#3385,.T.);
#3383 = VERTEX_POINT('',#3384);
#3384 = CARTESIAN_POINT('',(3.25,2.35,1.));
#3385 = LINE('',#3386,#3387);
#3386 = CARTESIAN_POINT('',(3.25,2.35,1.));
#3387 = VECTOR('',#3388,1.);
#3388 = DIRECTION('',(-1.,1.224646799147E-16,0.));
#3389 = ORIENTED_EDGE('',*,*,#3390,.F.);
#3390 = EDGE_CURVE('',#3391,#3383,#3393,.T.);
#3391 = VERTEX_POINT('',#3392);
#3392 = CARTESIAN_POINT('',(3.25,2.35,0.));
#3393 = LINE('',#3394,#3395);
#3394 = CARTESIAN_POINT('',(3.25,2.35,0.));
#3395 = VECTOR('',#3396,1.);
#3396 = DIRECTION('',(0.,0.,1.));
#3397 = ORIENTED_EDGE('',*,*,#3398,.F.);
#3398 = EDGE_CURVE('',#3399,#3391,#3401,.T.);
#3399 = VERTEX_POINT('',#3400);
#3400 = CARTESIAN_POINT('',(4.25,2.35,0.));
#3401 = LINE('',#3402,#3403);
#3402 = CARTESIAN_POINT('',(12.45,2.35,0.));
#3403 = VECTOR('',#3404,1.);
#3404 = DIRECTION('',(-1.,1.224646799147E-16,0.));
#3405 = ORIENTED_EDGE('',*,*,#3406,.T.);
#3406 = EDGE_CURVE('',#3399,#3407,#3409,.T.);
#3407 = VERTEX_POINT('',#3408);
#3408 = CARTESIAN_POINT('',(4.25,2.35,1.));
#3409 = LINE('',#3410,#3411);
#3410 = CARTESIAN_POINT('',(4.25,2.35,0.));
#3411 = VECTOR('',#3412,1.);
#3412 = DIRECTION('',(0.,0.,1.));
#3413 = ORIENTED_EDGE('',*,*,#3414,.F.);
#3414 = EDGE_CURVE('',#3415,#3407,#3417,.T.);
#3415 = VERTEX_POINT('',#3416);
#3416 = CARTESIAN_POINT('',(5.75,2.35,1.));
#3417 = LINE('',#3418,#3419);
#3418 = CARTESIAN_POINT('',(5.75,2.35,1.));
#3419 = VECTOR('',#3420,1.);
#3420 = DIRECTION('',(-1.,1.224646799147E-16,0.));
#3421 = ORIENTED_EDGE('',*,*,#3422,.F.);
#3422 = EDGE_CURVE('',#3423,#3415,#3425,.T.);
#3423 = VERTEX_POINT('',#3424);
#3424 = CARTESIAN_POINT('',(5.75,2.35,0.));
#3425 = LINE('',#3426,#3427);
#3426 = CARTESIAN_POINT('',(5.75,2.35,0.));
#3427 = VECTOR('',#3428,1.);
#3428 = DIRECTION('',(0.,0.,1.));
#3429 = ORIENTED_EDGE('',*,*,#3430,.F.);
#3430 = EDGE_CURVE('',#3431,#3423,#3433,.T.);
#3431 = VERTEX_POINT('',#3432);
#3432 = CARTESIAN_POINT('',(6.75,2.35,0.));
#3433 = LINE('',#3434,#3435);
#3434 = CARTESIAN_POINT('',(12.45,2.35,0.));
#3435 = VECTOR('',#3436,1.);
#3436 = DIRECTION('',(-1.,1.224646799147E-16,0.));
#3437 = ORIENTED_EDGE('',*,*,#3438,.T.);
#3438 = EDGE_CURVE('',#3431,#3439,#3441,.T.);
#3439 = VERTEX_POINT('',#3440);
#3440 = CARTESIAN_POINT('',(6.75,2.35,1.));
#3441 = LINE('',#3442,#3443);
#3442 = CARTESIAN_POINT('',(6.75,2.35,0.));
#3443 = VECTOR('',#3444,1.);
#3444 = DIRECTION('',(0.,0.,1.));
#3445 = ORIENTED_EDGE('',*,*,#3446,.F.);
#3446 = EDGE_CURVE('',#3447,#3439,#3449,.T.);
#3447 = VERTEX_POINT('',#3448);
#3448 = CARTESIAN_POINT('',(8.25,2.35,1.));
#3449 = LINE('',#3450,#3451);
#3450 = CARTESIAN_POINT('',(8.25,2.35,1.));
#3451 = VECTOR('',#3452,1.);
#3452 = DIRECTION('',(-1.,1.224646799147E-16,0.));
#3453 = ORIENTED_EDGE('',*,*,#3454,.F.);
#3454 = EDGE_CURVE('',#3455,#3447,#3457,.T.);
#3455 = VERTEX_POINT('',#3456);
#3456 = CARTESIAN_POINT('',(8.25,2.35,0.));
#3457 = LINE('',#3458,#3459);
#3458 = CARTESIAN_POINT('',(8.25,2.35,0.));
#3459 = VECTOR('',#3460,1.);
#3460 = DIRECTION('',(0.,0.,1.));
#3461 = ORIENTED_EDGE('',*,*,#3462,.F.);
#3462 = EDGE_CURVE('',#3463,#3455,#3465,.T.);
#3463 = VERTEX_POINT('',#3464);
#3464 = CARTESIAN_POINT('',(9.25,2.35,0.));
#3465 = LINE('',#3466,#3467);
#3466 = CARTESIAN_POINT('',(12.45,2.35,0.));
#3467 = VECTOR('',#3468,1.);
#3468 = DIRECTION('',(-1.,1.224646799147E-16,0.));
#3469 = ORIENTED_EDGE('',*,*,#3470,.T.);
#3470 = EDGE_CURVE('',#3463,#3471,#3473,.T.);
#3471 = VERTEX_POINT('',#3472);
#3472 = CARTESIAN_POINT('',(9.25,2.35,1.));
#3473 = LINE('',#3474,#3475);
#3474 = CARTESIAN_POINT('',(9.25,2.35,0.));
#3475 = VECTOR('',#3476,1.);
#3476 = DIRECTION('',(0.,0.,1.));
#3477 = ORIENTED_EDGE('',*,*,#3478,.F.);
#3478 = EDGE_CURVE('',#3479,#3471,#3481,.T.);
#3479 = VERTEX_POINT('',#3480);
#3480 = CARTESIAN_POINT('',(10.75,2.35,1.));
#3481 = LINE('',#3482,#3483);
#3482 = CARTESIAN_POINT('',(10.75,2.35,1.));
#3483 = VECTOR('',#3484,1.);
#3484 = DIRECTION('',(-1.,1.224646799147E-16,0.));
#3485 = ORIENTED_EDGE('',*,*,#3486,.F.);
#3486 = EDGE_CURVE('',#3203,#3479,#3487,.T.);
#3487 = LINE('',#3488,#3489);
#3488 = CARTESIAN_POINT('',(10.75,2.35,0.));
#3489 = VECTOR('',#3490,1.);
#3490 = DIRECTION('',(0.,0.,1.));
#3491 = PLANE('',#3492);
#3492 = AXIS2_PLACEMENT_3D('',#3493,#3494,#3495);
#3493 = CARTESIAN_POINT('',(12.45,2.35,0.));
#3494 = DIRECTION('',(-1.224646799147E-16,-1.,0.));
#3495 = DIRECTION('',(-1.,1.224646799147E-16,0.));
#3496 = ADVANCED_FACE('',(#3497),#3515,.F.);
#3497 = FACE_BOUND('',#3498,.F.);
#3498 = EDGE_LOOP('',(#3499,#3500,#3508,#3514));
#3499 = ORIENTED_EDGE('',*,*,#2935,.T.);
#3500 = ORIENTED_EDGE('',*,*,#3501,.T.);
#3501 = EDGE_CURVE('',#2928,#3502,#3504,.T.);
#3502 = VERTEX_POINT('',#3503);
#3503 = CARTESIAN_POINT('',(11.6,-2.65,1.85));
#3504 = LINE('',#3505,#3506);
#3505 = CARTESIAN_POINT('',(-1.6,-2.65,1.85));
#3506 = VECTOR('',#3507,1.);
#3507 = DIRECTION('',(1.,-1.224646799147E-16,0.));
#3508 = ORIENTED_EDGE('',*,*,#3509,.F.);
#3509 = EDGE_CURVE('',#2582,#3502,#3510,.T.);
#3510 = LINE('',#3511,#3512);
#3511 = CARTESIAN_POINT('',(11.6,-2.65,7.));
#3512 = VECTOR('',#3513,1.);
#3513 = DIRECTION('',(0.,0.,-1.));
#3514 = ORIENTED_EDGE('',*,*,#2589,.F.);
#3515 = PLANE('',#3516);
#3516 = AXIS2_PLACEMENT_3D('',#3517,#3518,#3519);
#3517 = CARTESIAN_POINT('',(-1.6,-2.65,7.));
#3518 = DIRECTION('',(-1.224646799147E-16,-1.,0.));
#3519 = DIRECTION('',(1.,-1.224646799147E-16,0.));
#3520 = ADVANCED_FACE('',(#3521),#3548,.T.);
#3521 = FACE_BOUND('',#3522,.T.);
#3522 = EDGE_LOOP('',(#3523,#3524,#3532,#3540,#3546,#3547));
#3523 = ORIENTED_EDGE('',*,*,#3342,.T.);
#3524 = ORIENTED_EDGE('',*,*,#3525,.T.);
#3525 = EDGE_CURVE('',#3343,#3526,#3528,.T.);
#3526 = VERTEX_POINT('',#3527);
#3527 = CARTESIAN_POINT('',(-0.75,0.5,0.3));
#3528 = LINE('',#3529,#3530);
#3529 = CARTESIAN_POINT('',(-0.75,2.35,1.));
#3530 = VECTOR('',#3531,1.);
#3531 = DIRECTION('',(-1.14539532148E-16,-0.935286257456,-0.353892097416
    ));
#3532 = ORIENTED_EDGE('',*,*,#3533,.T.);
#3533 = EDGE_CURVE('',#3526,#3534,#3536,.T.);
#3534 = VERTEX_POINT('',#3535);
#3535 = CARTESIAN_POINT('',(-0.75,-0.5,0.3));
#3536 = LINE('',#3537,#3538);
#3537 = CARTESIAN_POINT('',(-0.75,0.5,0.3));
#3538 = VECTOR('',#3539,1.);
#3539 = DIRECTION('',(-1.224646799147E-16,-1.,0.));
#3540 = ORIENTED_EDGE('',*,*,#3541,.T.);
#3541 = EDGE_CURVE('',#3534,#2766,#3542,.T.);
#3542 = LINE('',#3543,#3544);
#3543 = CARTESIAN_POINT('',(-0.75,-0.5,0.3));
#3544 = VECTOR('',#3545,1.);
#3545 = DIRECTION('',(-1.190457365237E-16,-0.972082208573,0.234640533104
    ));
#3546 = ORIENTED_EDGE('',*,*,#2773,.T.);
#3547 = ORIENTED_EDGE('',*,*,#2967,.T.);
#3548 = PLANE('',#3549);
#3549 = AXIS2_PLACEMENT_3D('',#3550,#3551,#3552);
#3550 = CARTESIAN_POINT('',(-0.75,-0.515451356496,0.330008245993));
#3551 = DIRECTION('',(1.,-1.224646799147E-16,-1.256256073143E-32));
#3552 = DIRECTION('',(-1.256256073143E-32,1.538469978883E-48,-1.));
#3553 = ADVANCED_FACE('',(#3554),#3572,.F.);
#3554 = FACE_BOUND('',#3555,.F.);
#3555 = EDGE_LOOP('',(#3556,#3564,#3565,#3566));
#3556 = ORIENTED_EDGE('',*,*,#3557,.T.);
#3557 = EDGE_CURVE('',#3558,#3534,#3560,.T.);
#3558 = VERTEX_POINT('',#3559);
#3559 = CARTESIAN_POINT('',(0.75,-0.5,0.3));
#3560 = LINE('',#3561,#3562);
#3561 = CARTESIAN_POINT('',(0.75,-0.5,0.3));
#3562 = VECTOR('',#3563,1.);
#3563 = DIRECTION('',(-1.,1.224646799147E-16,0.));
#3564 = ORIENTED_EDGE('',*,*,#3541,.T.);
#3565 = ORIENTED_EDGE('',*,*,#2765,.F.);
#3566 = ORIENTED_EDGE('',*,*,#3567,.F.);
#3567 = EDGE_CURVE('',#3558,#2758,#3568,.T.);
#3568 = LINE('',#3569,#3570);
#3569 = CARTESIAN_POINT('',(0.75,-0.5,0.3));
#3570 = VECTOR('',#3571,1.);
#3571 = DIRECTION('',(-1.190457365237E-16,-0.972082208573,0.234640533104
    ));
#3572 = PLANE('',#3573);
#3573 = AXIS2_PLACEMENT_3D('',#3574,#3575,#3576);
#3574 = CARTESIAN_POINT('',(0.75,-0.5,0.3));
#3575 = DIRECTION('',(2.87351777816E-17,0.234640533104,0.972082208573));
#3576 = DIRECTION('',(-1.190457365237E-16,-0.972082208573,0.234640533104
    ));
#3577 = ADVANCED_FACE('',(#3578),#3603,.F.);
#3578 = FACE_BOUND('',#3579,.F.);
#3579 = EDGE_LOOP('',(#3580,#3581,#3589,#3595,#3596,#3597));
#3580 = ORIENTED_EDGE('',*,*,#3358,.T.);
#3581 = ORIENTED_EDGE('',*,*,#3582,.T.);
#3582 = EDGE_CURVE('',#3351,#3583,#3585,.T.);
#3583 = VERTEX_POINT('',#3584);
#3584 = CARTESIAN_POINT('',(0.75,0.5,0.3));
#3585 = LINE('',#3586,#3587);
#3586 = CARTESIAN_POINT('',(0.75,2.35,1.));
#3587 = VECTOR('',#3588,1.);
#3588 = DIRECTION('',(-1.14539532148E-16,-0.935286257456,-0.353892097416
    ));
#3589 = ORIENTED_EDGE('',*,*,#3590,.T.);
#3590 = EDGE_CURVE('',#3583,#3558,#3591,.T.);
#3591 = LINE('',#3592,#3593);
#3592 = CARTESIAN_POINT('',(0.75,0.5,0.3));
#3593 = VECTOR('',#3594,1.);
#3594 = DIRECTION('',(-1.224646799147E-16,-1.,0.));
#3595 = ORIENTED_EDGE('',*,*,#3567,.T.);
#3596 = ORIENTED_EDGE('',*,*,#2757,.T.);
#3597 = ORIENTED_EDGE('',*,*,#3598,.T.);
#3598 = EDGE_CURVE('',#2750,#3359,#3599,.T.);
#3599 = LINE('',#3600,#3601);
#3600 = CARTESIAN_POINT('',(0.75,-3.4,0.));
#3601 = VECTOR('',#3602,1.);
#3602 = DIRECTION('',(1.224646799147E-16,1.,0.));
#3603 = PLANE('',#3604);
#3604 = AXIS2_PLACEMENT_3D('',#3605,#3606,#3607);
#3605 = CARTESIAN_POINT('',(0.75,-0.515451356496,0.330008245993));
#3606 = DIRECTION('',(1.,-1.224646799147E-16,-1.256256073143E-32));
#3607 = DIRECTION('',(-1.256256073143E-32,1.538469978883E-48,-1.));
#3608 = ADVANCED_FACE('',(#3609),#3620,.F.);
#3609 = FACE_BOUND('',#3610,.F.);
#3610 = EDGE_LOOP('',(#3611,#3617,#3618,#3619));
#3611 = ORIENTED_EDGE('',*,*,#3612,.T.);
#3612 = EDGE_CURVE('',#2742,#3367,#3613,.T.);
#3613 = LINE('',#3614,#3615);
#3614 = CARTESIAN_POINT('',(1.75,-3.4,0.));
#3615 = VECTOR('',#3616,1.);
#3616 = DIRECTION('',(1.224646799147E-16,1.,0.));
#3617 = ORIENTED_EDGE('',*,*,#3366,.T.);
#3618 = ORIENTED_EDGE('',*,*,#3598,.F.);
#3619 = ORIENTED_EDGE('',*,*,#2749,.T.);
#3620 = PLANE('',#3621);
#3621 = AXIS2_PLACEMENT_3D('',#3622,#3623,#3624);
#3622 = CARTESIAN_POINT('',(5.,-0.525,0.));
#3623 = DIRECTION('',(0.,0.,1.));
#3624 = DIRECTION('',(-1.,1.224646799147E-16,0.));
#3625 = ADVANCED_FACE('',(#3626),#3653,.T.);
#3626 = FACE_BOUND('',#3627,.T.);
#3627 = EDGE_LOOP('',(#3628,#3629,#3637,#3645,#3651,#3652));
#3628 = ORIENTED_EDGE('',*,*,#3374,.T.);
#3629 = ORIENTED_EDGE('',*,*,#3630,.T.);
#3630 = EDGE_CURVE('',#3375,#3631,#3633,.T.);
#3631 = VERTEX_POINT('',#3632);
#3632 = CARTESIAN_POINT('',(1.75,0.5,0.3));
#3633 = LINE('',#3634,#3635);
#3634 = CARTESIAN_POINT('',(1.75,2.35,1.));
#3635 = VECTOR('',#3636,1.);
#3636 = DIRECTION('',(-1.14539532148E-16,-0.935286257456,-0.353892097416
    ));
#3637 = ORIENTED_EDGE('',*,*,#3638,.T.);
#3638 = EDGE_CURVE('',#3631,#3639,#3641,.T.);
#3639 = VERTEX_POINT('',#3640);
#3640 = CARTESIAN_POINT('',(1.75,-0.5,0.3));
#3641 = LINE('',#3642,#3643);
#3642 = CARTESIAN_POINT('',(1.75,0.5,0.3));
#3643 = VECTOR('',#3644,1.);
#3644 = DIRECTION('',(-1.224646799147E-16,-1.,0.));
#3645 = ORIENTED_EDGE('',*,*,#3646,.T.);
#3646 = EDGE_CURVE('',#3639,#2734,#3647,.T.);
#3647 = LINE('',#3648,#3649);
#3648 = CARTESIAN_POINT('',(1.75,-0.5,0.3));
#3649 = VECTOR('',#3650,1.);
#3650 = DIRECTION('',(-1.190457365237E-16,-0.972082208573,0.234640533104
    ));
#3651 = ORIENTED_EDGE('',*,*,#2741,.T.);
#3652 = ORIENTED_EDGE('',*,*,#3612,.T.);
#3653 = PLANE('',#3654);
#3654 = AXIS2_PLACEMENT_3D('',#3655,#3656,#3657);
#3655 = CARTESIAN_POINT('',(1.75,-0.515451356496,0.330008245993));
#3656 = DIRECTION('',(1.,-1.224646799147E-16,-1.256256073143E-32));
#3657 = DIRECTION('',(-1.256256073143E-32,1.538469978883E-48,-1.));
#3658 = ADVANCED_FACE('',(#3659),#3677,.F.);
#3659 = FACE_BOUND('',#3660,.F.);
#3660 = EDGE_LOOP('',(#3661,#3669,#3670,#3671));
#3661 = ORIENTED_EDGE('',*,*,#3662,.T.);
#3662 = EDGE_CURVE('',#3663,#3639,#3665,.T.);
#3663 = VERTEX_POINT('',#3664);
#3664 = CARTESIAN_POINT('',(3.25,-0.5,0.3));
#3665 = LINE('',#3666,#3667);
#3666 = CARTESIAN_POINT('',(3.25,-0.5,0.3));
#3667 = VECTOR('',#3668,1.);
#3668 = DIRECTION('',(-1.,1.224646799147E-16,0.));
#3669 = ORIENTED_EDGE('',*,*,#3646,.T.);
#3670 = ORIENTED_EDGE('',*,*,#2733,.F.);
#3671 = ORIENTED_EDGE('',*,*,#3672,.F.);
#3672 = EDGE_CURVE('',#3663,#2726,#3673,.T.);
#3673 = LINE('',#3674,#3675);
#3674 = CARTESIAN_POINT('',(3.25,-0.5,0.3));
#3675 = VECTOR('',#3676,1.);
#3676 = DIRECTION('',(-1.190457365237E-16,-0.972082208573,0.234640533104
    ));
#3677 = PLANE('',#3678);
#3678 = AXIS2_PLACEMENT_3D('',#3679,#3680,#3681);
#3679 = CARTESIAN_POINT('',(3.25,-0.5,0.3));
#3680 = DIRECTION('',(2.87351777816E-17,0.234640533104,0.972082208573));
#3681 = DIRECTION('',(-1.190457365237E-16,-0.972082208573,0.234640533104
    ));
#3682 = ADVANCED_FACE('',(#3683),#3708,.F.);
#3683 = FACE_BOUND('',#3684,.F.);
#3684 = EDGE_LOOP('',(#3685,#3686,#3694,#3700,#3701,#3702));
#3685 = ORIENTED_EDGE('',*,*,#3390,.T.);
#3686 = ORIENTED_EDGE('',*,*,#3687,.T.);
#3687 = EDGE_CURVE('',#3383,#3688,#3690,.T.);
#3688 = VERTEX_POINT('',#3689);
#3689 = CARTESIAN_POINT('',(3.25,0.5,0.3));
#3690 = LINE('',#3691,#3692);
#3691 = CARTESIAN_POINT('',(3.25,2.35,1.));
#3692 = VECTOR('',#3693,1.);
#3693 = DIRECTION('',(-1.14539532148E-16,-0.935286257456,-0.353892097416
    ));
#3694 = ORIENTED_EDGE('',*,*,#3695,.T.);
#3695 = EDGE_CURVE('',#3688,#3663,#3696,.T.);
#3696 = LINE('',#3697,#3698);
#3697 = CARTESIAN_POINT('',(3.25,0.5,0.3));
#3698 = VECTOR('',#3699,1.);
#3699 = DIRECTION('',(-1.224646799147E-16,-1.,0.));
#3700 = ORIENTED_EDGE('',*,*,#3672,.T.);
#3701 = ORIENTED_EDGE('',*,*,#2725,.T.);
#3702 = ORIENTED_EDGE('',*,*,#3703,.T.);
#3703 = EDGE_CURVE('',#2718,#3391,#3704,.T.);
#3704 = LINE('',#3705,#3706);
#3705 = CARTESIAN_POINT('',(3.25,-3.4,0.));
#3706 = VECTOR('',#3707,1.);
#3707 = DIRECTION('',(1.224646799147E-16,1.,0.));
#3708 = PLANE('',#3709);
#3709 = AXIS2_PLACEMENT_3D('',#3710,#3711,#3712);
#3710 = CARTESIAN_POINT('',(3.25,-0.515451356496,0.330008245993));
#3711 = DIRECTION('',(1.,-1.224646799147E-16,-1.256256073143E-32));
#3712 = DIRECTION('',(-1.256256073143E-32,1.538469978883E-48,-1.));
#3713 = ADVANCED_FACE('',(#3714),#3725,.F.);
#3714 = FACE_BOUND('',#3715,.F.);
#3715 = EDGE_LOOP('',(#3716,#3717,#3718,#3719));
#3716 = ORIENTED_EDGE('',*,*,#3398,.T.);
#3717 = ORIENTED_EDGE('',*,*,#3703,.F.);
#3718 = ORIENTED_EDGE('',*,*,#2717,.T.);
#3719 = ORIENTED_EDGE('',*,*,#3720,.T.);
#3720 = EDGE_CURVE('',#2710,#3399,#3721,.T.);
#3721 = LINE('',#3722,#3723);
#3722 = CARTESIAN_POINT('',(4.25,-3.4,0.));
#3723 = VECTOR('',#3724,1.);
#3724 = DIRECTION('',(1.224646799147E-16,1.,0.));
#3725 = PLANE('',#3726);
#3726 = AXIS2_PLACEMENT_3D('',#3727,#3728,#3729);
#3727 = CARTESIAN_POINT('',(5.,-0.525,0.));
#3728 = DIRECTION('',(0.,0.,1.));
#3729 = DIRECTION('',(-1.,1.224646799147E-16,0.));
#3730 = ADVANCED_FACE('',(#3731),#3758,.T.);
#3731 = FACE_BOUND('',#3732,.T.);
#3732 = EDGE_LOOP('',(#3733,#3734,#3742,#3750,#3756,#3757));
#3733 = ORIENTED_EDGE('',*,*,#3406,.T.);
#3734 = ORIENTED_EDGE('',*,*,#3735,.T.);
#3735 = EDGE_CURVE('',#3407,#3736,#3738,.T.);
#3736 = VERTEX_POINT('',#3737);
#3737 = CARTESIAN_POINT('',(4.25,0.5,0.3));
#3738 = LINE('',#3739,#3740);
#3739 = CARTESIAN_POINT('',(4.25,2.35,1.));
#3740 = VECTOR('',#3741,1.);
#3741 = DIRECTION('',(-1.14539532148E-16,-0.935286257456,-0.353892097416
    ));
#3742 = ORIENTED_EDGE('',*,*,#3743,.T.);
#3743 = EDGE_CURVE('',#3736,#3744,#3746,.T.);
#3744 = VERTEX_POINT('',#3745);
#3745 = CARTESIAN_POINT('',(4.25,-0.5,0.3));
#3746 = LINE('',#3747,#3748);
#3747 = CARTESIAN_POINT('',(4.25,0.5,0.3));
#3748 = VECTOR('',#3749,1.);
#3749 = DIRECTION('',(-1.224646799147E-16,-1.,0.));
#3750 = ORIENTED_EDGE('',*,*,#3751,.T.);
#3751 = EDGE_CURVE('',#3744,#2702,#3752,.T.);
#3752 = LINE('',#3753,#3754);
#3753 = CARTESIAN_POINT('',(4.25,-0.5,0.3));
#3754 = VECTOR('',#3755,1.);
#3755 = DIRECTION('',(-1.190457365237E-16,-0.972082208573,0.234640533104
    ));
#3756 = ORIENTED_EDGE('',*,*,#2709,.T.);
#3757 = ORIENTED_EDGE('',*,*,#3720,.T.);
#3758 = PLANE('',#3759);
#3759 = AXIS2_PLACEMENT_3D('',#3760,#3761,#3762);
#3760 = CARTESIAN_POINT('',(4.25,-0.515451356496,0.330008245993));
#3761 = DIRECTION('',(1.,-1.224646799147E-16,-1.256256073143E-32));
#3762 = DIRECTION('',(-1.256256073143E-32,1.538469978883E-48,-1.));
#3763 = ADVANCED_FACE('',(#3764),#3782,.F.);
#3764 = FACE_BOUND('',#3765,.F.);
#3765 = EDGE_LOOP('',(#3766,#3774,#3775,#3776));
#3766 = ORIENTED_EDGE('',*,*,#3767,.T.);
#3767 = EDGE_CURVE('',#3768,#3744,#3770,.T.);
#3768 = VERTEX_POINT('',#3769);
#3769 = CARTESIAN_POINT('',(5.75,-0.5,0.3));
#3770 = LINE('',#3771,#3772);
#3771 = CARTESIAN_POINT('',(5.75,-0.5,0.3));
#3772 = VECTOR('',#3773,1.);
#3773 = DIRECTION('',(-1.,1.224646799147E-16,0.));
#3774 = ORIENTED_EDGE('',*,*,#3751,.T.);
#3775 = ORIENTED_EDGE('',*,*,#2701,.F.);
#3776 = ORIENTED_EDGE('',*,*,#3777,.F.);
#3777 = EDGE_CURVE('',#3768,#2694,#3778,.T.);
#3778 = LINE('',#3779,#3780);
#3779 = CARTESIAN_POINT('',(5.75,-0.5,0.3));
#3780 = VECTOR('',#3781,1.);
#3781 = DIRECTION('',(-1.190457365237E-16,-0.972082208573,0.234640533104
    ));
#3782 = PLANE('',#3783);
#3783 = AXIS2_PLACEMENT_3D('',#3784,#3785,#3786);
#3784 = CARTESIAN_POINT('',(5.75,-0.5,0.3));
#3785 = DIRECTION('',(2.87351777816E-17,0.234640533104,0.972082208573));
#3786 = DIRECTION('',(-1.190457365237E-16,-0.972082208573,0.234640533104
    ));
#3787 = ADVANCED_FACE('',(#3788),#3813,.F.);
#3788 = FACE_BOUND('',#3789,.F.);
#3789 = EDGE_LOOP('',(#3790,#3791,#3799,#3805,#3806,#3807));
#3790 = ORIENTED_EDGE('',*,*,#3422,.T.);
#3791 = ORIENTED_EDGE('',*,*,#3792,.T.);
#3792 = EDGE_CURVE('',#3415,#3793,#3795,.T.);
#3793 = VERTEX_POINT('',#3794);
#3794 = CARTESIAN_POINT('',(5.75,0.5,0.3));
#3795 = LINE('',#3796,#3797);
#3796 = CARTESIAN_POINT('',(5.75,2.35,1.));
#3797 = VECTOR('',#3798,1.);
#3798 = DIRECTION('',(-1.14539532148E-16,-0.935286257456,-0.353892097416
    ));
#3799 = ORIENTED_EDGE('',*,*,#3800,.T.);
#3800 = EDGE_CURVE('',#3793,#3768,#3801,.T.);
#3801 = LINE('',#3802,#3803);
#3802 = CARTESIAN_POINT('',(5.75,0.5,0.3));
#3803 = VECTOR('',#3804,1.);
#3804 = DIRECTION('',(-1.224646799147E-16,-1.,0.));
#3805 = ORIENTED_EDGE('',*,*,#3777,.T.);
#3806 = ORIENTED_EDGE('',*,*,#2693,.T.);
#3807 = ORIENTED_EDGE('',*,*,#3808,.T.);
#3808 = EDGE_CURVE('',#2686,#3423,#3809,.T.);
#3809 = LINE('',#3810,#3811);
#3810 = CARTESIAN_POINT('',(5.75,-3.4,0.));
#3811 = VECTOR('',#3812,1.);
#3812 = DIRECTION('',(1.224646799147E-16,1.,0.));
#3813 = PLANE('',#3814);
#3814 = AXIS2_PLACEMENT_3D('',#3815,#3816,#3817);
#3815 = CARTESIAN_POINT('',(5.75,-0.515451356496,0.330008245993));
#3816 = DIRECTION('',(1.,-1.224646799147E-16,-1.256256073143E-32));
#3817 = DIRECTION('',(-1.256256073143E-32,1.538469978883E-48,-1.));
#3818 = ADVANCED_FACE('',(#3819),#3830,.F.);
#3819 = FACE_BOUND('',#3820,.F.);
#3820 = EDGE_LOOP('',(#3821,#3822,#3823,#3829));
#3821 = ORIENTED_EDGE('',*,*,#3808,.F.);
#3822 = ORIENTED_EDGE('',*,*,#2685,.T.);
#3823 = ORIENTED_EDGE('',*,*,#3824,.T.);
#3824 = EDGE_CURVE('',#2678,#3431,#3825,.T.);
#3825 = LINE('',#3826,#3827);
#3826 = CARTESIAN_POINT('',(6.75,-3.4,0.));
#3827 = VECTOR('',#3828,1.);
#3828 = DIRECTION('',(1.224646799147E-16,1.,0.));
#3829 = ORIENTED_EDGE('',*,*,#3430,.T.);
#3830 = PLANE('',#3831);
#3831 = AXIS2_PLACEMENT_3D('',#3832,#3833,#3834);
#3832 = CARTESIAN_POINT('',(5.,-0.525,0.));
#3833 = DIRECTION('',(0.,0.,1.));
#3834 = DIRECTION('',(-1.,1.224646799147E-16,0.));
#3835 = ADVANCED_FACE('',(#3836),#3863,.T.);
#3836 = FACE_BOUND('',#3837,.T.);
#3837 = EDGE_LOOP('',(#3838,#3839,#3847,#3855,#3861,#3862));
#3838 = ORIENTED_EDGE('',*,*,#3438,.T.);
#3839 = ORIENTED_EDGE('',*,*,#3840,.T.);
#3840 = EDGE_CURVE('',#3439,#3841,#3843,.T.);
#3841 = VERTEX_POINT('',#3842);
#3842 = CARTESIAN_POINT('',(6.75,0.5,0.3));
#3843 = LINE('',#3844,#3845);
#3844 = CARTESIAN_POINT('',(6.75,2.35,1.));
#3845 = VECTOR('',#3846,1.);
#3846 = DIRECTION('',(-1.14539532148E-16,-0.935286257456,-0.353892097416
    ));
#3847 = ORIENTED_EDGE('',*,*,#3848,.T.);
#3848 = EDGE_CURVE('',#3841,#3849,#3851,.T.);
#3849 = VERTEX_POINT('',#3850);
#3850 = CARTESIAN_POINT('',(6.75,-0.5,0.3));
#3851 = LINE('',#3852,#3853);
#3852 = CARTESIAN_POINT('',(6.75,0.5,0.3));
#3853 = VECTOR('',#3854,1.);
#3854 = DIRECTION('',(-1.224646799147E-16,-1.,0.));
#3855 = ORIENTED_EDGE('',*,*,#3856,.T.);
#3856 = EDGE_CURVE('',#3849,#2670,#3857,.T.);
#3857 = LINE('',#3858,#3859);
#3858 = CARTESIAN_POINT('',(6.75,-0.5,0.3));
#3859 = VECTOR('',#3860,1.);
#3860 = DIRECTION('',(-1.190457365237E-16,-0.972082208573,0.234640533104
    ));
#3861 = ORIENTED_EDGE('',*,*,#2677,.T.);
#3862 = ORIENTED_EDGE('',*,*,#3824,.T.);
#3863 = PLANE('',#3864);
#3864 = AXIS2_PLACEMENT_3D('',#3865,#3866,#3867);
#3865 = CARTESIAN_POINT('',(6.75,-0.515451356496,0.330008245993));
#3866 = DIRECTION('',(1.,-1.224646799147E-16,-1.256256073143E-32));
#3867 = DIRECTION('',(-1.256256073143E-32,1.538469978883E-48,-1.));
#3868 = ADVANCED_FACE('',(#3869),#3887,.F.);
#3869 = FACE_BOUND('',#3870,.F.);
#3870 = EDGE_LOOP('',(#3871,#3879,#3880,#3881));
#3871 = ORIENTED_EDGE('',*,*,#3872,.T.);
#3872 = EDGE_CURVE('',#3873,#3849,#3875,.T.);
#3873 = VERTEX_POINT('',#3874);
#3874 = CARTESIAN_POINT('',(8.25,-0.5,0.3));
#3875 = LINE('',#3876,#3877);
#3876 = CARTESIAN_POINT('',(8.25,-0.5,0.3));
#3877 = VECTOR('',#3878,1.);
#3878 = DIRECTION('',(-1.,1.224646799147E-16,0.));
#3879 = ORIENTED_EDGE('',*,*,#3856,.T.);
#3880 = ORIENTED_EDGE('',*,*,#2669,.F.);
#3881 = ORIENTED_EDGE('',*,*,#3882,.F.);
#3882 = EDGE_CURVE('',#3873,#2662,#3883,.T.);
#3883 = LINE('',#3884,#3885);
#3884 = CARTESIAN_POINT('',(8.25,-0.5,0.3));
#3885 = VECTOR('',#3886,1.);
#3886 = DIRECTION('',(-1.190457365237E-16,-0.972082208573,0.234640533104
    ));
#3887 = PLANE('',#3888);
#3888 = AXIS2_PLACEMENT_3D('',#3889,#3890,#3891);
#3889 = CARTESIAN_POINT('',(8.25,-0.5,0.3));
#3890 = DIRECTION('',(2.87351777816E-17,0.234640533104,0.972082208573));
#3891 = DIRECTION('',(-1.190457365237E-16,-0.972082208573,0.234640533104
    ));
#3892 = ADVANCED_FACE('',(#3893),#3918,.F.);
#3893 = FACE_BOUND('',#3894,.F.);
#3894 = EDGE_LOOP('',(#3895,#3896,#3904,#3910,#3911,#3912));
#3895 = ORIENTED_EDGE('',*,*,#3454,.T.);
#3896 = ORIENTED_EDGE('',*,*,#3897,.T.);
#3897 = EDGE_CURVE('',#3447,#3898,#3900,.T.);
#3898 = VERTEX_POINT('',#3899);
#3899 = CARTESIAN_POINT('',(8.25,0.5,0.3));
#3900 = LINE('',#3901,#3902);
#3901 = CARTESIAN_POINT('',(8.25,2.35,1.));
#3902 = VECTOR('',#3903,1.);
#3903 = DIRECTION('',(-1.14539532148E-16,-0.935286257456,-0.353892097416
    ));
#3904 = ORIENTED_EDGE('',*,*,#3905,.T.);
#3905 = EDGE_CURVE('',#3898,#3873,#3906,.T.);
#3906 = LINE('',#3907,#3908);
#3907 = CARTESIAN_POINT('',(8.25,0.5,0.3));
#3908 = VECTOR('',#3909,1.);
#3909 = DIRECTION('',(-1.224646799147E-16,-1.,0.));
#3910 = ORIENTED_EDGE('',*,*,#3882,.T.);
#3911 = ORIENTED_EDGE('',*,*,#2661,.T.);
#3912 = ORIENTED_EDGE('',*,*,#3913,.T.);
#3913 = EDGE_CURVE('',#2654,#3455,#3914,.T.);
#3914 = LINE('',#3915,#3916);
#3915 = CARTESIAN_POINT('',(8.25,-3.4,0.));
#3916 = VECTOR('',#3917,1.);
#3917 = DIRECTION('',(1.224646799147E-16,1.,0.));
#3918 = PLANE('',#3919);
#3919 = AXIS2_PLACEMENT_3D('',#3920,#3921,#3922);
#3920 = CARTESIAN_POINT('',(8.25,-0.515451356496,0.330008245993));
#3921 = DIRECTION('',(1.,-1.224646799147E-16,-1.256256073143E-32));
#3922 = DIRECTION('',(-1.256256073143E-32,1.538469978883E-48,-1.));
#3923 = ADVANCED_FACE('',(#3924),#3935,.F.);
#3924 = FACE_BOUND('',#3925,.F.);
#3925 = EDGE_LOOP('',(#3926,#3927,#3933,#3934));
#3926 = ORIENTED_EDGE('',*,*,#2653,.T.);
#3927 = ORIENTED_EDGE('',*,*,#3928,.T.);
#3928 = EDGE_CURVE('',#2646,#3463,#3929,.T.);
#3929 = LINE('',#3930,#3931);
#3930 = CARTESIAN_POINT('',(9.25,-3.4,0.));
#3931 = VECTOR('',#3932,1.);
#3932 = DIRECTION('',(1.224646799147E-16,1.,0.));
#3933 = ORIENTED_EDGE('',*,*,#3462,.T.);
#3934 = ORIENTED_EDGE('',*,*,#3913,.F.);
#3935 = PLANE('',#3936);
#3936 = AXIS2_PLACEMENT_3D('',#3937,#3938,#3939);
#3937 = CARTESIAN_POINT('',(5.,-0.525,0.));
#3938 = DIRECTION('',(0.,0.,1.));
#3939 = DIRECTION('',(-1.,1.224646799147E-16,0.));
#3940 = ADVANCED_FACE('',(#3941),#3968,.T.);
#3941 = FACE_BOUND('',#3942,.T.);
#3942 = EDGE_LOOP('',(#3943,#3944,#3952,#3960,#3966,#3967));
#3943 = ORIENTED_EDGE('',*,*,#3470,.T.);
#3944 = ORIENTED_EDGE('',*,*,#3945,.T.);
#3945 = EDGE_CURVE('',#3471,#3946,#3948,.T.);
#3946 = VERTEX_POINT('',#3947);
#3947 = CARTESIAN_POINT('',(9.25,0.5,0.3));
#3948 = LINE('',#3949,#3950);
#3949 = CARTESIAN_POINT('',(9.25,2.35,1.));
#3950 = VECTOR('',#3951,1.);
#3951 = DIRECTION('',(-1.14539532148E-16,-0.935286257456,-0.353892097416
    ));
#3952 = ORIENTED_EDGE('',*,*,#3953,.T.);
#3953 = EDGE_CURVE('',#3946,#3954,#3956,.T.);
#3954 = VERTEX_POINT('',#3955);
#3955 = CARTESIAN_POINT('',(9.25,-0.5,0.3));
#3956 = LINE('',#3957,#3958);
#3957 = CARTESIAN_POINT('',(9.25,0.5,0.3));
#3958 = VECTOR('',#3959,1.);
#3959 = DIRECTION('',(-1.224646799147E-16,-1.,0.));
#3960 = ORIENTED_EDGE('',*,*,#3961,.T.);
#3961 = EDGE_CURVE('',#3954,#2638,#3962,.T.);
#3962 = LINE('',#3963,#3964);
#3963 = CARTESIAN_POINT('',(9.25,-0.5,0.3));
#3964 = VECTOR('',#3965,1.);
#3965 = DIRECTION('',(-1.190457365237E-16,-0.972082208573,0.234640533104
    ));
#3966 = ORIENTED_EDGE('',*,*,#2645,.T.);
#3967 = ORIENTED_EDGE('',*,*,#3928,.T.);
#3968 = PLANE('',#3969);
#3969 = AXIS2_PLACEMENT_3D('',#3970,#3971,#3972);
#3970 = CARTESIAN_POINT('',(9.25,-0.515451356496,0.330008245993));
#3971 = DIRECTION('',(1.,-1.224646799147E-16,-1.256256073143E-32));
#3972 = DIRECTION('',(-1.256256073143E-32,1.538469978883E-48,-1.));
#3973 = ADVANCED_FACE('',(#3974),#3992,.F.);
#3974 = FACE_BOUND('',#3975,.F.);
#3975 = EDGE_LOOP('',(#3976,#3984,#3985,#3986));
#3976 = ORIENTED_EDGE('',*,*,#3977,.T.);
#3977 = EDGE_CURVE('',#3978,#3954,#3980,.T.);
#3978 = VERTEX_POINT('',#3979);
#3979 = CARTESIAN_POINT('',(10.75,-0.5,0.3));
#3980 = LINE('',#3981,#3982);
#3981 = CARTESIAN_POINT('',(10.75,-0.5,0.3));
#3982 = VECTOR('',#3983,1.);
#3983 = DIRECTION('',(-1.,1.224646799147E-16,0.));
#3984 = ORIENTED_EDGE('',*,*,#3961,.T.);
#3985 = ORIENTED_EDGE('',*,*,#2637,.F.);
#3986 = ORIENTED_EDGE('',*,*,#3987,.F.);
#3987 = EDGE_CURVE('',#3978,#2630,#3988,.T.);
#3988 = LINE('',#3989,#3990);
#3989 = CARTESIAN_POINT('',(10.75,-0.5,0.3));
#3990 = VECTOR('',#3991,1.);
#3991 = DIRECTION('',(-1.190457365237E-16,-0.972082208573,0.234640533104
    ));
#3992 = PLANE('',#3993);
#3993 = AXIS2_PLACEMENT_3D('',#3994,#3995,#3996);
#3994 = CARTESIAN_POINT('',(10.75,-0.5,0.3));
#3995 = DIRECTION('',(2.87351777816E-17,0.234640533104,0.972082208573));
#3996 = DIRECTION('',(-1.190457365237E-16,-0.972082208573,0.234640533104
    ));
#3997 = ADVANCED_FACE('',(#3998),#4023,.F.);
#3998 = FACE_BOUND('',#3999,.F.);
#3999 = EDGE_LOOP('',(#4000,#4001,#4009,#4015,#4016,#4017));
#4000 = ORIENTED_EDGE('',*,*,#3486,.T.);
#4001 = ORIENTED_EDGE('',*,*,#4002,.T.);
#4002 = EDGE_CURVE('',#3479,#4003,#4005,.T.);
#4003 = VERTEX_POINT('',#4004);
#4004 = CARTESIAN_POINT('',(10.75,0.5,0.3));
#4005 = LINE('',#4006,#4007);
#4006 = CARTESIAN_POINT('',(10.75,2.35,1.));
#4007 = VECTOR('',#4008,1.);
#4008 = DIRECTION('',(-1.14539532148E-16,-0.935286257456,-0.353892097416
    ));
#4009 = ORIENTED_EDGE('',*,*,#4010,.T.);
#4010 = EDGE_CURVE('',#4003,#3978,#4011,.T.);
#4011 = LINE('',#4012,#4013);
#4012 = CARTESIAN_POINT('',(10.75,0.5,0.3));
#4013 = VECTOR('',#4014,1.);
#4014 = DIRECTION('',(-1.224646799147E-16,-1.,0.));
#4015 = ORIENTED_EDGE('',*,*,#3987,.T.);
#4016 = ORIENTED_EDGE('',*,*,#2629,.T.);
#4017 = ORIENTED_EDGE('',*,*,#4018,.T.);
#4018 = EDGE_CURVE('',#2622,#3203,#4019,.T.);
#4019 = LINE('',#4020,#4021);
#4020 = CARTESIAN_POINT('',(10.75,-3.4,0.));
#4021 = VECTOR('',#4022,1.);
#4022 = DIRECTION('',(1.224646799147E-16,1.,0.));
#4023 = PLANE('',#4024);
#4024 = AXIS2_PLACEMENT_3D('',#4025,#4026,#4027);
#4025 = CARTESIAN_POINT('',(10.75,-0.515451356496,0.330008245993));
#4026 = DIRECTION('',(1.,-1.224646799147E-16,-1.256256073143E-32));
#4027 = DIRECTION('',(-1.256256073143E-32,1.538469978883E-48,-1.));
#4028 = ADVANCED_FACE('',(#4029),#4035,.F.);
#4029 = FACE_BOUND('',#4030,.F.);
#4030 = EDGE_LOOP('',(#4031,#4032,#4033,#4034));
#4031 = ORIENTED_EDGE('',*,*,#2811,.T.);
#4032 = ORIENTED_EDGE('',*,*,#3202,.T.);
#4033 = ORIENTED_EDGE('',*,*,#4018,.F.);
#4034 = ORIENTED_EDGE('',*,*,#2621,.T.);
#4035 = PLANE('',#4036);
#4036 = AXIS2_PLACEMENT_3D('',#4037,#4038,#4039);
#4037 = CARTESIAN_POINT('',(5.,-0.525,0.));
#4038 = DIRECTION('',(0.,0.,1.));
#4039 = DIRECTION('',(-1.,1.224646799147E-16,0.));
#4040 = ADVANCED_FACE('',(#4041),#4068,.F.);
#4041 = FACE_BOUND('',#4042,.F.);
#4042 = EDGE_LOOP('',(#4043,#4044,#4045,#4046,#4052,#4053,#4062));
#4043 = ORIENTED_EDGE('',*,*,#2886,.T.);
#4044 = ORIENTED_EDGE('',*,*,#2797,.F.);
#4045 = ORIENTED_EDGE('',*,*,#3509,.T.);
#4046 = ORIENTED_EDGE('',*,*,#4047,.T.);
#4047 = EDGE_CURVE('',#3502,#3149,#4048,.T.);
#4048 = LINE('',#4049,#4050);
#4049 = CARTESIAN_POINT('',(11.6,-2.65,1.85));
#4050 = VECTOR('',#4051,1.);
#4051 = DIRECTION('',(1.224646799147E-16,1.,0.));
#4052 = ORIENTED_EDGE('',*,*,#3156,.F.);
#4053 = ORIENTED_EDGE('',*,*,#4054,.F.);
#4054 = EDGE_CURVE('',#4055,#3157,#4057,.T.);
#4055 = VERTEX_POINT('',#4056);
#4056 = CARTESIAN_POINT('',(11.6,1.,3.65));
#4057 = CIRCLE('',#4058,0.5);
#4058 = AXIS2_PLACEMENT_3D('',#4059,#4060,#4061);
#4059 = CARTESIAN_POINT('',(11.6,1.,4.15));
#4060 = DIRECTION('',(1.,-1.224646799147E-16,0.));
#4061 = DIRECTION('',(1.224646799147E-16,1.,0.));
#4062 = ORIENTED_EDGE('',*,*,#4063,.T.);
#4063 = EDGE_CURVE('',#4055,#2879,#4064,.T.);
#4064 = LINE('',#4065,#4066);
#4065 = CARTESIAN_POINT('',(11.6,-0.825,3.65));
#4066 = VECTOR('',#4067,1.);
#4067 = DIRECTION('',(-1.224646799147E-16,-1.,0.));
#4068 = PLANE('',#4069);
#4069 = AXIS2_PLACEMENT_3D('',#4070,#4071,#4072);
#4070 = CARTESIAN_POINT('',(11.6,-2.65,7.));
#4071 = DIRECTION('',(1.,-1.224646799147E-16,0.));
#4072 = DIRECTION('',(1.224646799147E-16,1.,0.));
#4073 = ADVANCED_FACE('',(#4074),#4085,.T.);
#4074 = FACE_BOUND('',#4075,.T.);
#4075 = EDGE_LOOP('',(#4076,#4077,#4078,#4079));
#4076 = ORIENTED_EDGE('',*,*,#3009,.F.);
#4077 = ORIENTED_EDGE('',*,*,#2854,.T.);
#4078 = ORIENTED_EDGE('',*,*,#3211,.T.);
#4079 = ORIENTED_EDGE('',*,*,#4080,.T.);
#4080 = EDGE_CURVE('',#3212,#3010,#4081,.T.);
#4081 = LINE('',#4082,#4083);
#4082 = CARTESIAN_POINT('',(10.5,2.35,7.));
#4083 = VECTOR('',#4084,1.);
#4084 = DIRECTION('',(-1.224646799147E-16,-1.,0.));
#4085 = PLANE('',#4086);
#4086 = AXIS2_PLACEMENT_3D('',#4087,#4088,#4089);
#4087 = CARTESIAN_POINT('',(5.,-0.525,7.));
#4088 = DIRECTION('',(0.,0.,1.));
#4089 = DIRECTION('',(-1.,1.224646799147E-16,0.));
#4090 = ADVANCED_FACE('',(#4091),#4102,.F.);
#4091 = FACE_BOUND('',#4092,.F.);
#4092 = EDGE_LOOP('',(#4093,#4099,#4100,#4101));
#4093 = ORIENTED_EDGE('',*,*,#4094,.T.);
#4094 = EDGE_CURVE('',#2830,#4055,#4095,.T.);
#4095 = LINE('',#4096,#4097);
#4096 = CARTESIAN_POINT('',(12.45,1.,3.65));
#4097 = VECTOR('',#4098,1.);
#4098 = DIRECTION('',(-1.,1.224646799147E-16,0.));
#4099 = ORIENTED_EDGE('',*,*,#4054,.T.);
#4100 = ORIENTED_EDGE('',*,*,#3164,.F.);
#4101 = ORIENTED_EDGE('',*,*,#2837,.T.);
#4102 = CYLINDRICAL_SURFACE('',#4103,0.5);
#4103 = AXIS2_PLACEMENT_3D('',#4104,#4105,#4106);
#4104 = CARTESIAN_POINT('',(12.45,1.,4.15));
#4105 = DIRECTION('',(1.,-1.224646799147E-16,-0.));
#4106 = DIRECTION('',(1.224646799147E-16,1.,0.));
#4107 = ADVANCED_FACE('',(#4108),#4114,.T.);
#4108 = FACE_BOUND('',#4109,.T.);
#4109 = EDGE_LOOP('',(#4110,#4111,#4112,#4113));
#4110 = ORIENTED_EDGE('',*,*,#2829,.F.);
#4111 = ORIENTED_EDGE('',*,*,#4094,.T.);
#4112 = ORIENTED_EDGE('',*,*,#4063,.T.);
#4113 = ORIENTED_EDGE('',*,*,#2878,.F.);
#4114 = PLANE('',#4115);
#4115 = AXIS2_PLACEMENT_3D('',#4116,#4117,#4118);
#4116 = CARTESIAN_POINT('',(12.45,1.,3.65));
#4117 = DIRECTION('',(0.,0.,1.));
#4118 = DIRECTION('',(-1.224646799147E-16,-1.,0.));
#4119 = ADVANCED_FACE('',(#4120,#4126,#4160,#4194,#4228,#4262),#4296,.T.
  );
#4120 = FACE_BOUND('',#4121,.T.);
#4121 = EDGE_LOOP('',(#4122,#4123,#4124,#4125));
#4122 = ORIENTED_EDGE('',*,*,#3148,.T.);
#4123 = ORIENTED_EDGE('',*,*,#2927,.T.);
#4124 = ORIENTED_EDGE('',*,*,#3501,.T.);
#4125 = ORIENTED_EDGE('',*,*,#4047,.T.);
#4126 = FACE_BOUND('',#4127,.T.);
#4127 = EDGE_LOOP('',(#4128,#4138,#4146,#4154));
#4128 = ORIENTED_EDGE('',*,*,#4129,.T.);
#4129 = EDGE_CURVE('',#4130,#4132,#4134,.T.);
#4130 = VERTEX_POINT('',#4131);
#4131 = CARTESIAN_POINT('',(5.32,0.32,1.85));
#4132 = VERTEX_POINT('',#4133);
#4133 = CARTESIAN_POINT('',(5.32,-0.32,1.85));
#4134 = LINE('',#4135,#4136);
#4135 = CARTESIAN_POINT('',(5.32,-0.2875,1.85));
#4136 = VECTOR('',#4137,1.);
#4137 = DIRECTION('',(-1.224646799147E-16,-1.,0.));
#4138 = ORIENTED_EDGE('',*,*,#4139,.T.);
#4139 = EDGE_CURVE('',#4132,#4140,#4142,.T.);
#4140 = VERTEX_POINT('',#4141);
#4141 = CARTESIAN_POINT('',(4.68,-0.32,1.85));
#4142 = LINE('',#4143,#4144);
#4143 = CARTESIAN_POINT('',(5.16,-0.32,1.85));
#4144 = VECTOR('',#4145,1.);
#4145 = DIRECTION('',(-1.,1.224646799147E-16,1.722253308054E-32));
#4146 = ORIENTED_EDGE('',*,*,#4147,.F.);
#4147 = EDGE_CURVE('',#4148,#4140,#4150,.T.);
#4148 = VERTEX_POINT('',#4149);
#4149 = CARTESIAN_POINT('',(4.68,0.32,1.85));
#4150 = LINE('',#4151,#4152);
#4151 = CARTESIAN_POINT('',(4.68,-0.2875,1.85));
#4152 = VECTOR('',#4153,1.);
#4153 = DIRECTION('',(-1.224646799147E-16,-1.,0.));
#4154 = ORIENTED_EDGE('',*,*,#4155,.T.);
#4155 = EDGE_CURVE('',#4148,#4130,#4156,.T.);
#4156 = LINE('',#4157,#4158);
#4157 = CARTESIAN_POINT('',(5.16,0.32,1.85));
#4158 = VECTOR('',#4159,1.);
#4159 = DIRECTION('',(1.,-1.224646799147E-16,-1.722253308054E-32));
#4160 = FACE_BOUND('',#4161,.T.);
#4161 = EDGE_LOOP('',(#4162,#4172,#4180,#4188));
#4162 = ORIENTED_EDGE('',*,*,#4163,.F.);
#4163 = EDGE_CURVE('',#4164,#4166,#4168,.T.);
#4164 = VERTEX_POINT('',#4165);
#4165 = CARTESIAN_POINT('',(7.18,0.32,1.85));
#4166 = VERTEX_POINT('',#4167);
#4167 = CARTESIAN_POINT('',(7.18,-0.32,1.85));
#4168 = LINE('',#4169,#4170);
#4169 = CARTESIAN_POINT('',(7.18,-0.2875,1.85));
#4170 = VECTOR('',#4171,1.);
#4171 = DIRECTION('',(-1.224646799147E-16,-1.,0.));
#4172 = ORIENTED_EDGE('',*,*,#4173,.T.);
#4173 = EDGE_CURVE('',#4164,#4174,#4176,.T.);
#4174 = VERTEX_POINT('',#4175);
#4175 = CARTESIAN_POINT('',(7.82,0.32,1.85));
#4176 = LINE('',#4177,#4178);
#4177 = CARTESIAN_POINT('',(6.41,0.32,1.85));
#4178 = VECTOR('',#4179,1.);
#4179 = DIRECTION('',(1.,-1.224646799147E-16,-1.722253308054E-32));
#4180 = ORIENTED_EDGE('',*,*,#4181,.T.);
#4181 = EDGE_CURVE('',#4174,#4182,#4184,.T.);
#4182 = VERTEX_POINT('',#4183);
#4183 = CARTESIAN_POINT('',(7.82,-0.32,1.85));
#4184 = LINE('',#4185,#4186);
#4185 = CARTESIAN_POINT('',(7.82,-0.2875,1.85));
#4186 = VECTOR('',#4187,1.);
#4187 = DIRECTION('',(-1.224646799147E-16,-1.,0.));
#4188 = ORIENTED_EDGE('',*,*,#4189,.T.);
#4189 = EDGE_CURVE('',#4182,#4166,#4190,.T.);
#4190 = LINE('',#4191,#4192);
#4191 = CARTESIAN_POINT('',(6.41,-0.32,1.85));
#4192 = VECTOR('',#4193,1.);
#4193 = DIRECTION('',(-1.,1.224646799147E-16,1.722253308054E-32));
#4194 = FACE_BOUND('',#4195,.T.);
#4195 = EDGE_LOOP('',(#4196,#4206,#4214,#4222));
#4196 = ORIENTED_EDGE('',*,*,#4197,.T.);
#4197 = EDGE_CURVE('',#4198,#4200,#4202,.T.);
#4198 = VERTEX_POINT('',#4199);
#4199 = CARTESIAN_POINT('',(2.82,0.32,1.85));
#4200 = VERTEX_POINT('',#4201);
#4201 = CARTESIAN_POINT('',(2.82,-0.32,1.85));
#4202 = LINE('',#4203,#4204);
#4203 = CARTESIAN_POINT('',(2.82,-0.2875,1.85));
#4204 = VECTOR('',#4205,1.);
#4205 = DIRECTION('',(-1.224646799147E-16,-1.,0.));
#4206 = ORIENTED_EDGE('',*,*,#4207,.T.);
#4207 = EDGE_CURVE('',#4200,#4208,#4210,.T.);
#4208 = VERTEX_POINT('',#4209);
#4209 = CARTESIAN_POINT('',(2.18,-0.32,1.85));
#4210 = LINE('',#4211,#4212);
#4211 = CARTESIAN_POINT('',(3.91,-0.32,1.85));
#4212 = VECTOR('',#4213,1.);
#4213 = DIRECTION('',(-1.,1.224646799147E-16,1.722253308054E-32));
#4214 = ORIENTED_EDGE('',*,*,#4215,.F.);
#4215 = EDGE_CURVE('',#4216,#4208,#4218,.T.);
#4216 = VERTEX_POINT('',#4217);
#4217 = CARTESIAN_POINT('',(2.18,0.32,1.85));
#4218 = LINE('',#4219,#4220);
#4219 = CARTESIAN_POINT('',(2.18,-0.2875,1.85));
#4220 = VECTOR('',#4221,1.);
#4221 = DIRECTION('',(-1.224646799147E-16,-1.,0.));
#4222 = ORIENTED_EDGE('',*,*,#4223,.T.);
#4223 = EDGE_CURVE('',#4216,#4198,#4224,.T.);
#4224 = LINE('',#4225,#4226);
#4225 = CARTESIAN_POINT('',(3.91,0.32,1.85));
#4226 = VECTOR('',#4227,1.);
#4227 = DIRECTION('',(1.,-1.224646799147E-16,-1.722253308054E-32));
#4228 = FACE_BOUND('',#4229,.T.);
#4229 = EDGE_LOOP('',(#4230,#4240,#4248,#4256));
#4230 = ORIENTED_EDGE('',*,*,#4231,.T.);
#4231 = EDGE_CURVE('',#4232,#4234,#4236,.T.);
#4232 = VERTEX_POINT('',#4233);
#4233 = CARTESIAN_POINT('',(9.68,0.32,1.85));
#4234 = VERTEX_POINT('',#4235);
#4235 = CARTESIAN_POINT('',(10.32,0.32,1.85));
#4236 = LINE('',#4237,#4238);
#4237 = CARTESIAN_POINT('',(7.66,0.32,1.85));
#4238 = VECTOR('',#4239,1.);
#4239 = DIRECTION('',(1.,-1.224646799147E-16,-1.722253308054E-32));
#4240 = ORIENTED_EDGE('',*,*,#4241,.T.);
#4241 = EDGE_CURVE('',#4234,#4242,#4244,.T.);
#4242 = VERTEX_POINT('',#4243);
#4243 = CARTESIAN_POINT('',(10.32,-0.32,1.85));
#4244 = LINE('',#4245,#4246);
#4245 = CARTESIAN_POINT('',(10.32,-0.26920299558,1.85));
#4246 = VECTOR('',#4247,1.);
#4247 = DIRECTION('',(-1.224646799147E-16,-1.,0.));
#4248 = ORIENTED_EDGE('',*,*,#4249,.T.);
#4249 = EDGE_CURVE('',#4242,#4250,#4252,.T.);
#4250 = VERTEX_POINT('',#4251);
#4251 = CARTESIAN_POINT('',(9.68,-0.32,1.85));
#4252 = LINE('',#4253,#4254);
#4253 = CARTESIAN_POINT('',(7.66,-0.32,1.85));
#4254 = VECTOR('',#4255,1.);
#4255 = DIRECTION('',(-1.,1.224646799147E-16,1.722253308054E-32));
#4256 = ORIENTED_EDGE('',*,*,#4257,.F.);
#4257 = EDGE_CURVE('',#4232,#4250,#4258,.T.);
#4258 = LINE('',#4259,#4260);
#4259 = CARTESIAN_POINT('',(9.68,-0.26920299558,1.85));
#4260 = VECTOR('',#4261,1.);
#4261 = DIRECTION('',(-1.224646799147E-16,-1.,0.));
#4262 = FACE_BOUND('',#4263,.T.);
#4263 = EDGE_LOOP('',(#4264,#4274,#4282,#4290));
#4264 = ORIENTED_EDGE('',*,*,#4265,.F.);
#4265 = EDGE_CURVE('',#4266,#4268,#4270,.T.);
#4266 = VERTEX_POINT('',#4267);
#4267 = CARTESIAN_POINT('',(-0.32,0.32,1.85));
#4268 = VERTEX_POINT('',#4269);
#4269 = CARTESIAN_POINT('',(-0.32,-0.32,1.85));
#4270 = LINE('',#4271,#4272);
#4271 = CARTESIAN_POINT('',(-0.32,-0.26920299558,1.85));
#4272 = VECTOR('',#4273,1.);
#4273 = DIRECTION('',(-1.224646799147E-16,-1.,0.));
#4274 = ORIENTED_EDGE('',*,*,#4275,.T.);
#4275 = EDGE_CURVE('',#4266,#4276,#4278,.T.);
#4276 = VERTEX_POINT('',#4277);
#4277 = CARTESIAN_POINT('',(0.32,0.32,1.85));
#4278 = LINE('',#4279,#4280);
#4279 = CARTESIAN_POINT('',(2.66,0.32,1.85));
#4280 = VECTOR('',#4281,1.);
#4281 = DIRECTION('',(1.,-1.224646799147E-16,-1.722253308054E-32));
#4282 = ORIENTED_EDGE('',*,*,#4283,.T.);
#4283 = EDGE_CURVE('',#4276,#4284,#4286,.T.);
#4284 = VERTEX_POINT('',#4285);
#4285 = CARTESIAN_POINT('',(0.32,-0.32,1.85));
#4286 = LINE('',#4287,#4288);
#4287 = CARTESIAN_POINT('',(0.32,-0.26920299558,1.85));
#4288 = VECTOR('',#4289,1.);
#4289 = DIRECTION('',(-1.224646799147E-16,-1.,0.));
#4290 = ORIENTED_EDGE('',*,*,#4291,.T.);
#4291 = EDGE_CURVE('',#4284,#4268,#4292,.T.);
#4292 = LINE('',#4293,#4294);
#4293 = CARTESIAN_POINT('',(2.66,-0.32,1.85));
#4294 = VECTOR('',#4295,1.);
#4295 = DIRECTION('',(-1.,1.224646799147E-16,1.722253308054E-32));
#4296 = PLANE('',#4297);
#4297 = AXIS2_PLACEMENT_3D('',#4298,#4299,#4300);
#4298 = CARTESIAN_POINT('',(5.,-0.575,1.85));
#4299 = DIRECTION('',(1.722253308054E-32,-2.109152001029E-48,1.));
#4300 = DIRECTION('',(-1.,1.224646799147E-16,1.722253308054E-32));
#4301 = ADVANCED_FACE('',(#4302),#4313,.F.);
#4302 = FACE_BOUND('',#4303,.F.);
#4303 = EDGE_LOOP('',(#4304,#4305,#4311,#4312));
#4304 = ORIENTED_EDGE('',*,*,#3333,.F.);
#4305 = ORIENTED_EDGE('',*,*,#4306,.T.);
#4306 = EDGE_CURVE('',#3326,#3124,#4307,.T.);
#4307 = LINE('',#4308,#4309);
#4308 = CARTESIAN_POINT('',(-0.5,2.35,6.1));
#4309 = VECTOR('',#4310,1.);
#4310 = DIRECTION('',(-1.224646799147E-16,-1.,0.));
#4311 = ORIENTED_EDGE('',*,*,#3131,.F.);
#4312 = ORIENTED_EDGE('',*,*,#3179,.F.);
#4313 = PLANE('',#4314);
#4314 = AXIS2_PLACEMENT_3D('',#4315,#4316,#4317);
#4315 = CARTESIAN_POINT('',(-0.5,2.35,6.1));
#4316 = DIRECTION('',(-1.,1.224646799147E-16,0.));
#4317 = DIRECTION('',(0.,0.,1.));
#4318 = ADVANCED_FACE('',(#4319),#4330,.F.);
#4319 = FACE_BOUND('',#4320,.F.);
#4320 = EDGE_LOOP('',(#4321,#4322,#4328,#4329));
#4321 = ORIENTED_EDGE('',*,*,#3325,.F.);
#4322 = ORIENTED_EDGE('',*,*,#4323,.T.);
#4323 = EDGE_CURVE('',#3318,#3116,#4324,.T.);
#4324 = LINE('',#4325,#4326);
#4325 = CARTESIAN_POINT('',(-0.25,2.35,5.85));
#4326 = VECTOR('',#4327,1.);
#4327 = DIRECTION('',(-1.224646799147E-16,-1.,0.));
#4328 = ORIENTED_EDGE('',*,*,#3123,.F.);
#4329 = ORIENTED_EDGE('',*,*,#4306,.F.);
#4330 = PLANE('',#4331);
#4331 = AXIS2_PLACEMENT_3D('',#4332,#4333,#4334);
#4332 = CARTESIAN_POINT('',(-0.25,2.35,5.85));
#4333 = DIRECTION('',(-0.707106781187,8.659560562349E-17,-0.707106781187
    ));
#4334 = DIRECTION('',(-0.707106781187,8.659560562349E-17,0.707106781187)
  );
#4335 = ADVANCED_FACE('',(#4336),#4347,.F.);
#4336 = FACE_BOUND('',#4337,.F.);
#4337 = EDGE_LOOP('',(#4338,#4339,#4345,#4346));
#4338 = ORIENTED_EDGE('',*,*,#3317,.F.);
#4339 = ORIENTED_EDGE('',*,*,#4340,.T.);
#4340 = EDGE_CURVE('',#3310,#3108,#4341,.T.);
#4341 = LINE('',#4342,#4343);
#4342 = CARTESIAN_POINT('',(-0.5,2.35,5.6));
#4343 = VECTOR('',#4344,1.);
#4344 = DIRECTION('',(-1.224646799147E-16,-1.,0.));
#4345 = ORIENTED_EDGE('',*,*,#3115,.F.);
#4346 = ORIENTED_EDGE('',*,*,#4323,.F.);
#4347 = PLANE('',#4348);
#4348 = AXIS2_PLACEMENT_3D('',#4349,#4350,#4351);
#4349 = CARTESIAN_POINT('',(-0.5,2.35,5.6));
#4350 = DIRECTION('',(-0.707106781187,8.659560562349E-17,0.707106781187)
  );
#4351 = DIRECTION('',(0.707106781187,-8.659560562349E-17,0.707106781187)
  );
#4352 = ADVANCED_FACE('',(#4353),#4364,.F.);
#4353 = FACE_BOUND('',#4354,.F.);
#4354 = EDGE_LOOP('',(#4355,#4356,#4362,#4363));
#4355 = ORIENTED_EDGE('',*,*,#3309,.F.);
#4356 = ORIENTED_EDGE('',*,*,#4357,.T.);
#4357 = EDGE_CURVE('',#3301,#3099,#4358,.T.);
#4358 = LINE('',#4359,#4360);
#4359 = CARTESIAN_POINT('',(-0.5,2.35,3.85));
#4360 = VECTOR('',#4361,1.);
#4361 = DIRECTION('',(-1.224646799147E-16,-1.,0.));
#4362 = ORIENTED_EDGE('',*,*,#3107,.F.);
#4363 = ORIENTED_EDGE('',*,*,#4340,.F.);
#4364 = PLANE('',#4365);
#4365 = AXIS2_PLACEMENT_3D('',#4366,#4367,#4368);
#4366 = CARTESIAN_POINT('',(-0.5,2.35,3.1));
#4367 = DIRECTION('',(-1.,1.224646799147E-16,0.));
#4368 = DIRECTION('',(0.,0.,1.));
#4369 = ADVANCED_FACE('',(#4370),#4381,.F.);
#4370 = FACE_BOUND('',#4371,.F.);
#4371 = EDGE_LOOP('',(#4372,#4373,#4374,#4375));
#4372 = ORIENTED_EDGE('',*,*,#3098,.F.);
#4373 = ORIENTED_EDGE('',*,*,#4357,.F.);
#4374 = ORIENTED_EDGE('',*,*,#3300,.F.);
#4375 = ORIENTED_EDGE('',*,*,#4376,.T.);
#4376 = EDGE_CURVE('',#3293,#3091,#4377,.T.);
#4377 = LINE('',#4378,#4379);
#4378 = CARTESIAN_POINT('',(0.25,2.35,3.1));
#4379 = VECTOR('',#4380,1.);
#4380 = DIRECTION('',(-1.224646799147E-16,-1.,0.));
#4381 = CYLINDRICAL_SURFACE('',#4382,0.75);
#4382 = AXIS2_PLACEMENT_3D('',#4383,#4384,#4385);
#4383 = CARTESIAN_POINT('',(0.25,2.35,3.85));
#4384 = DIRECTION('',(-1.224646799147E-16,-1.,0.));
#4385 = DIRECTION('',(-0.,0.,-1.));
#4386 = ADVANCED_FACE('',(#4387),#4398,.F.);
#4387 = FACE_BOUND('',#4388,.F.);
#4388 = EDGE_LOOP('',(#4389,#4390,#4391,#4397));
#4389 = ORIENTED_EDGE('',*,*,#4376,.F.);
#4390 = ORIENTED_EDGE('',*,*,#3292,.F.);
#4391 = ORIENTED_EDGE('',*,*,#4392,.T.);
#4392 = EDGE_CURVE('',#3285,#3083,#4393,.T.);
#4393 = LINE('',#4394,#4395);
#4394 = CARTESIAN_POINT('',(1.,2.35,3.1));
#4395 = VECTOR('',#4396,1.);
#4396 = DIRECTION('',(-1.224646799147E-16,-1.,0.));
#4397 = ORIENTED_EDGE('',*,*,#3090,.F.);
#4398 = PLANE('',#4399);
#4399 = AXIS2_PLACEMENT_3D('',#4400,#4401,#4402);
#4400 = CARTESIAN_POINT('',(1.,2.35,3.1));
#4401 = DIRECTION('',(-0.,0.,-1.));
#4402 = DIRECTION('',(-1.,1.224646799147E-16,0.));
#4403 = ADVANCED_FACE('',(#4404),#4415,.F.);
#4404 = FACE_BOUND('',#4405,.F.);
#4405 = EDGE_LOOP('',(#4406,#4407,#4413,#4414));
#4406 = ORIENTED_EDGE('',*,*,#3284,.F.);
#4407 = ORIENTED_EDGE('',*,*,#4408,.T.);
#4408 = EDGE_CURVE('',#3277,#3075,#4409,.T.);
#4409 = LINE('',#4410,#4411);
#4410 = CARTESIAN_POINT('',(1.,2.35,7.));
#4411 = VECTOR('',#4412,1.);
#4412 = DIRECTION('',(-1.224646799147E-16,-1.,0.));
#4413 = ORIENTED_EDGE('',*,*,#3082,.F.);
#4414 = ORIENTED_EDGE('',*,*,#4392,.F.);
#4415 = PLANE('',#4416);
#4416 = AXIS2_PLACEMENT_3D('',#4417,#4418,#4419);
#4417 = CARTESIAN_POINT('',(1.,2.35,7.));
#4418 = DIRECTION('',(1.,-1.224646799147E-16,0.));
#4419 = DIRECTION('',(0.,-0.,-1.));
#4420 = ADVANCED_FACE('',(#4421),#4432,.T.);
#4421 = FACE_BOUND('',#4422,.T.);
#4422 = EDGE_LOOP('',(#4423,#4424,#4430,#4431));
#4423 = ORIENTED_EDGE('',*,*,#3074,.F.);
#4424 = ORIENTED_EDGE('',*,*,#4425,.F.);
#4425 = EDGE_CURVE('',#3269,#3067,#4426,.T.);
#4426 = LINE('',#4427,#4428);
#4427 = CARTESIAN_POINT('',(9.,2.35,7.));
#4428 = VECTOR('',#4429,1.);
#4429 = DIRECTION('',(-1.224646799147E-16,-1.,0.));
#4430 = ORIENTED_EDGE('',*,*,#3276,.T.);
#4431 = ORIENTED_EDGE('',*,*,#4408,.T.);
#4432 = PLANE('',#4433);
#4433 = AXIS2_PLACEMENT_3D('',#4434,#4435,#4436);
#4434 = CARTESIAN_POINT('',(5.,-0.525,7.));
#4435 = DIRECTION('',(0.,0.,1.));
#4436 = DIRECTION('',(-1.,1.224646799147E-16,0.));
#4437 = ADVANCED_FACE('',(#4438),#4449,.T.);
#4438 = FACE_BOUND('',#4439,.T.);
#4439 = EDGE_LOOP('',(#4440,#4441,#4442,#4443));
#4440 = ORIENTED_EDGE('',*,*,#3268,.F.);
#4441 = ORIENTED_EDGE('',*,*,#4425,.T.);
#4442 = ORIENTED_EDGE('',*,*,#3066,.F.);
#4443 = ORIENTED_EDGE('',*,*,#4444,.F.);
#4444 = EDGE_CURVE('',#3261,#3059,#4445,.T.);
#4445 = LINE('',#4446,#4447);
#4446 = CARTESIAN_POINT('',(9.,2.35,3.1));
#4447 = VECTOR('',#4448,1.);
#4448 = DIRECTION('',(-1.224646799147E-16,-1.,0.));
#4449 = PLANE('',#4450);
#4450 = AXIS2_PLACEMENT_3D('',#4451,#4452,#4453);
#4451 = CARTESIAN_POINT('',(9.,2.35,7.));
#4452 = DIRECTION('',(1.,-1.224646799147E-16,0.));
#4453 = DIRECTION('',(0.,-0.,-1.));
#4454 = ADVANCED_FACE('',(#4455),#4466,.T.);
#4455 = FACE_BOUND('',#4456,.T.);
#4456 = EDGE_LOOP('',(#4457,#4463,#4464,#4465));
#4457 = ORIENTED_EDGE('',*,*,#4458,.F.);
#4458 = EDGE_CURVE('',#3252,#3050,#4459,.T.);
#4459 = LINE('',#4460,#4461);
#4460 = CARTESIAN_POINT('',(9.75,2.35,3.1));
#4461 = VECTOR('',#4462,1.);
#4462 = DIRECTION('',(-1.224646799147E-16,-1.,0.));
#4463 = ORIENTED_EDGE('',*,*,#3260,.F.);
#4464 = ORIENTED_EDGE('',*,*,#4444,.T.);
#4465 = ORIENTED_EDGE('',*,*,#3058,.F.);
#4466 = PLANE('',#4467);
#4467 = AXIS2_PLACEMENT_3D('',#4468,#4469,#4470);
#4468 = CARTESIAN_POINT('',(9.,2.35,3.1));
#4469 = DIRECTION('',(0.,0.,1.));
#4470 = DIRECTION('',(1.,-1.224646799147E-16,0.));
#4471 = ADVANCED_FACE('',(#4472),#4483,.F.);
#4472 = FACE_BOUND('',#4473,.F.);
#4473 = EDGE_LOOP('',(#4474,#4475,#4476,#4482));
#4474 = ORIENTED_EDGE('',*,*,#4458,.F.);
#4475 = ORIENTED_EDGE('',*,*,#3251,.T.);
#4476 = ORIENTED_EDGE('',*,*,#4477,.T.);
#4477 = EDGE_CURVE('',#3244,#3042,#4478,.T.);
#4478 = LINE('',#4479,#4480);
#4479 = CARTESIAN_POINT('',(10.5,2.35,3.85));
#4480 = VECTOR('',#4481,1.);
#4481 = DIRECTION('',(-1.224646799147E-16,-1.,0.));
#4482 = ORIENTED_EDGE('',*,*,#3049,.F.);
#4483 = CYLINDRICAL_SURFACE('',#4484,0.75);
#4484 = AXIS2_PLACEMENT_3D('',#4485,#4486,#4487);
#4485 = CARTESIAN_POINT('',(9.75,2.35,3.85));
#4486 = DIRECTION('',(-1.224646799147E-16,-1.,0.));
#4487 = DIRECTION('',(0.,-0.,-1.));
#4488 = ADVANCED_FACE('',(#4489),#4500,.T.);
#4489 = FACE_BOUND('',#4490,.T.);
#4490 = EDGE_LOOP('',(#4491,#4492,#4493,#4494));
#4491 = ORIENTED_EDGE('',*,*,#3243,.F.);
#4492 = ORIENTED_EDGE('',*,*,#4477,.T.);
#4493 = ORIENTED_EDGE('',*,*,#3041,.F.);
#4494 = ORIENTED_EDGE('',*,*,#4495,.F.);
#4495 = EDGE_CURVE('',#3236,#3034,#4496,.T.);
#4496 = LINE('',#4497,#4498);
#4497 = CARTESIAN_POINT('',(10.5,2.35,5.6));
#4498 = VECTOR('',#4499,1.);
#4499 = DIRECTION('',(-1.224646799147E-16,-1.,0.));
#4500 = PLANE('',#4501);
#4501 = AXIS2_PLACEMENT_3D('',#4502,#4503,#4504);
#4502 = CARTESIAN_POINT('',(10.5,2.35,3.1));
#4503 = DIRECTION('',(-1.,1.224646799147E-16,0.));
#4504 = DIRECTION('',(0.,0.,1.));
#4505 = ADVANCED_FACE('',(#4506),#4517,.T.);
#4506 = FACE_BOUND('',#4507,.T.);
#4507 = EDGE_LOOP('',(#4508,#4509,#4510,#4511));
#4508 = ORIENTED_EDGE('',*,*,#3235,.F.);
#4509 = ORIENTED_EDGE('',*,*,#4495,.T.);
#4510 = ORIENTED_EDGE('',*,*,#3033,.F.);
#4511 = ORIENTED_EDGE('',*,*,#4512,.F.);
#4512 = EDGE_CURVE('',#3228,#3026,#4513,.T.);
#4513 = LINE('',#4514,#4515);
#4514 = CARTESIAN_POINT('',(10.25,2.35,5.85));
#4515 = VECTOR('',#4516,1.);
#4516 = DIRECTION('',(-1.224646799147E-16,-1.,0.));
#4517 = PLANE('',#4518);
#4518 = AXIS2_PLACEMENT_3D('',#4519,#4520,#4521);
#4519 = CARTESIAN_POINT('',(10.5,2.35,5.6));
#4520 = DIRECTION('',(-0.707106781187,8.659560562349E-17,-0.707106781187
    ));
#4521 = DIRECTION('',(-0.707106781187,8.659560562349E-17,0.707106781187)
  );
#4522 = ADVANCED_FACE('',(#4523),#4534,.T.);
#4523 = FACE_BOUND('',#4524,.T.);
#4524 = EDGE_LOOP('',(#4525,#4526,#4527,#4528));
#4525 = ORIENTED_EDGE('',*,*,#3227,.F.);
#4526 = ORIENTED_EDGE('',*,*,#4512,.T.);
#4527 = ORIENTED_EDGE('',*,*,#3025,.F.);
#4528 = ORIENTED_EDGE('',*,*,#4529,.F.);
#4529 = EDGE_CURVE('',#3220,#3018,#4530,.T.);
#4530 = LINE('',#4531,#4532);
#4531 = CARTESIAN_POINT('',(10.5,2.35,6.1));
#4532 = VECTOR('',#4533,1.);
#4533 = DIRECTION('',(-1.224646799147E-16,-1.,0.));
#4534 = PLANE('',#4535);
#4535 = AXIS2_PLACEMENT_3D('',#4536,#4537,#4538);
#4536 = CARTESIAN_POINT('',(10.25,2.35,5.85));
#4537 = DIRECTION('',(-0.707106781187,8.659560562349E-17,0.707106781187)
  );
#4538 = DIRECTION('',(0.707106781187,-8.659560562349E-17,0.707106781187)
  );
#4539 = ADVANCED_FACE('',(#4540),#4546,.T.);
#4540 = FACE_BOUND('',#4541,.T.);
#4541 = EDGE_LOOP('',(#4542,#4543,#4544,#4545));
#4542 = ORIENTED_EDGE('',*,*,#3219,.F.);
#4543 = ORIENTED_EDGE('',*,*,#4529,.T.);
#4544 = ORIENTED_EDGE('',*,*,#3017,.F.);
#4545 = ORIENTED_EDGE('',*,*,#4080,.F.);
#4546 = PLANE('',#4547);
#4547 = AXIS2_PLACEMENT_3D('',#4548,#4549,#4550);
#4548 = CARTESIAN_POINT('',(10.5,2.35,6.1));
#4549 = DIRECTION('',(-1.,1.224646799147E-16,0.));
#4550 = DIRECTION('',(0.,0.,1.));
#4551 = ADVANCED_FACE('',(#4552),#4563,.F.);
#4552 = FACE_BOUND('',#4553,.F.);
#4553 = EDGE_LOOP('',(#4554,#4555,#4556,#4562));
#4554 = ORIENTED_EDGE('',*,*,#3478,.T.);
#4555 = ORIENTED_EDGE('',*,*,#3945,.T.);
#4556 = ORIENTED_EDGE('',*,*,#4557,.F.);
#4557 = EDGE_CURVE('',#4003,#3946,#4558,.T.);
#4558 = LINE('',#4559,#4560);
#4559 = CARTESIAN_POINT('',(10.75,0.5,0.3));
#4560 = VECTOR('',#4561,1.);
#4561 = DIRECTION('',(-1.,1.224646799147E-16,0.));
#4562 = ORIENTED_EDGE('',*,*,#4002,.F.);
#4563 = PLANE('',#4564);
#4564 = AXIS2_PLACEMENT_3D('',#4565,#4566,#4567);
#4565 = CARTESIAN_POINT('',(10.75,2.35,1.));
#4566 = DIRECTION('',(-4.33392824344E-17,-0.353892097416,0.935286257456)
  );
#4567 = DIRECTION('',(-1.14539532148E-16,-0.935286257456,-0.353892097416
    ));
#4568 = ADVANCED_FACE('',(#4569),#4580,.F.);
#4569 = FACE_BOUND('',#4570,.F.);
#4570 = EDGE_LOOP('',(#4571,#4572,#4573,#4579));
#4571 = ORIENTED_EDGE('',*,*,#3446,.T.);
#4572 = ORIENTED_EDGE('',*,*,#3840,.T.);
#4573 = ORIENTED_EDGE('',*,*,#4574,.F.);
#4574 = EDGE_CURVE('',#3898,#3841,#4575,.T.);
#4575 = LINE('',#4576,#4577);
#4576 = CARTESIAN_POINT('',(8.25,0.5,0.3));
#4577 = VECTOR('',#4578,1.);
#4578 = DIRECTION('',(-1.,1.224646799147E-16,0.));
#4579 = ORIENTED_EDGE('',*,*,#3897,.F.);
#4580 = PLANE('',#4581);
#4581 = AXIS2_PLACEMENT_3D('',#4582,#4583,#4584);
#4582 = CARTESIAN_POINT('',(8.25,2.35,1.));
#4583 = DIRECTION('',(-4.33392824344E-17,-0.353892097416,0.935286257456)
  );
#4584 = DIRECTION('',(-1.14539532148E-16,-0.935286257456,-0.353892097416
    ));
#4585 = ADVANCED_FACE('',(#4586),#4597,.F.);
#4586 = FACE_BOUND('',#4587,.F.);
#4587 = EDGE_LOOP('',(#4588,#4589,#4590,#4596));
#4588 = ORIENTED_EDGE('',*,*,#3414,.T.);
#4589 = ORIENTED_EDGE('',*,*,#3735,.T.);
#4590 = ORIENTED_EDGE('',*,*,#4591,.F.);
#4591 = EDGE_CURVE('',#3793,#3736,#4592,.T.);
#4592 = LINE('',#4593,#4594);
#4593 = CARTESIAN_POINT('',(5.75,0.5,0.3));
#4594 = VECTOR('',#4595,1.);
#4595 = DIRECTION('',(-1.,1.224646799147E-16,0.));
#4596 = ORIENTED_EDGE('',*,*,#3792,.F.);
#4597 = PLANE('',#4598);
#4598 = AXIS2_PLACEMENT_3D('',#4599,#4600,#4601);
#4599 = CARTESIAN_POINT('',(5.75,2.35,1.));
#4600 = DIRECTION('',(-4.33392824344E-17,-0.353892097416,0.935286257456)
  );
#4601 = DIRECTION('',(-1.14539532148E-16,-0.935286257456,-0.353892097416
    ));
#4602 = ADVANCED_FACE('',(#4603),#4614,.F.);
#4603 = FACE_BOUND('',#4604,.F.);
#4604 = EDGE_LOOP('',(#4605,#4606,#4607,#4613));
#4605 = ORIENTED_EDGE('',*,*,#3382,.T.);
#4606 = ORIENTED_EDGE('',*,*,#3630,.T.);
#4607 = ORIENTED_EDGE('',*,*,#4608,.F.);
#4608 = EDGE_CURVE('',#3688,#3631,#4609,.T.);
#4609 = LINE('',#4610,#4611);
#4610 = CARTESIAN_POINT('',(3.25,0.5,0.3));
#4611 = VECTOR('',#4612,1.);
#4612 = DIRECTION('',(-1.,1.224646799147E-16,0.));
#4613 = ORIENTED_EDGE('',*,*,#3687,.F.);
#4614 = PLANE('',#4615);
#4615 = AXIS2_PLACEMENT_3D('',#4616,#4617,#4618);
#4616 = CARTESIAN_POINT('',(3.25,2.35,1.));
#4617 = DIRECTION('',(-4.33392824344E-17,-0.353892097416,0.935286257456)
  );
#4618 = DIRECTION('',(-1.14539532148E-16,-0.935286257456,-0.353892097416
    ));
#4619 = ADVANCED_FACE('',(#4620),#4631,.F.);
#4620 = FACE_BOUND('',#4621,.F.);
#4621 = EDGE_LOOP('',(#4622,#4623,#4624,#4630));
#4622 = ORIENTED_EDGE('',*,*,#3350,.T.);
#4623 = ORIENTED_EDGE('',*,*,#3525,.T.);
#4624 = ORIENTED_EDGE('',*,*,#4625,.F.);
#4625 = EDGE_CURVE('',#3583,#3526,#4626,.T.);
#4626 = LINE('',#4627,#4628);
#4627 = CARTESIAN_POINT('',(0.75,0.5,0.3));
#4628 = VECTOR('',#4629,1.);
#4629 = DIRECTION('',(-1.,1.224646799147E-16,0.));
#4630 = ORIENTED_EDGE('',*,*,#3582,.F.);
#4631 = PLANE('',#4632);
#4632 = AXIS2_PLACEMENT_3D('',#4633,#4634,#4635);
#4633 = CARTESIAN_POINT('',(0.75,2.35,1.));
#4634 = DIRECTION('',(-4.33392824344E-17,-0.353892097416,0.935286257456)
  );
#4635 = DIRECTION('',(-1.14539532148E-16,-0.935286257456,-0.353892097416
    ));
#4636 = ADVANCED_FACE('',(#4637,#4643),#4677,.F.);
#4637 = FACE_BOUND('',#4638,.F.);
#4638 = EDGE_LOOP('',(#4639,#4640,#4641,#4642));
#4639 = ORIENTED_EDGE('',*,*,#4625,.T.);
#4640 = ORIENTED_EDGE('',*,*,#3533,.T.);
#4641 = ORIENTED_EDGE('',*,*,#3557,.F.);
#4642 = ORIENTED_EDGE('',*,*,#3590,.F.);
#4643 = FACE_BOUND('',#4644,.F.);
#4644 = EDGE_LOOP('',(#4645,#4655,#4663,#4671));
#4645 = ORIENTED_EDGE('',*,*,#4646,.F.);
#4646 = EDGE_CURVE('',#4647,#4649,#4651,.T.);
#4647 = VERTEX_POINT('',#4648);
#4648 = CARTESIAN_POINT('',(-0.32,0.32,0.3));
#4649 = VERTEX_POINT('',#4650);
#4650 = CARTESIAN_POINT('',(-0.32,-0.32,0.3));
#4651 = LINE('',#4652,#4653);
#4652 = CARTESIAN_POINT('',(-0.32,0.26829700442,0.3));
#4653 = VECTOR('',#4654,1.);
#4654 = DIRECTION('',(-1.224646799147E-16,-1.,0.));
#4655 = ORIENTED_EDGE('',*,*,#4656,.T.);
#4656 = EDGE_CURVE('',#4647,#4657,#4659,.T.);
#4657 = VERTEX_POINT('',#4658);
#4658 = CARTESIAN_POINT('',(0.32,0.32,0.3));
#4659 = LINE('',#4660,#4661);
#4660 = CARTESIAN_POINT('',(0.535,0.32,0.3));
#4661 = VECTOR('',#4662,1.);
#4662 = DIRECTION('',(1.,-1.224646799147E-16,0.));
#4663 = ORIENTED_EDGE('',*,*,#4664,.T.);
#4664 = EDGE_CURVE('',#4657,#4665,#4667,.T.);
#4665 = VERTEX_POINT('',#4666);
#4666 = CARTESIAN_POINT('',(0.32,-0.32,0.3));
#4667 = LINE('',#4668,#4669);
#4668 = CARTESIAN_POINT('',(0.32,0.26829700442,0.3));
#4669 = VECTOR('',#4670,1.);
#4670 = DIRECTION('',(-1.224646799147E-16,-1.,0.));
#4671 = ORIENTED_EDGE('',*,*,#4672,.T.);
#4672 = EDGE_CURVE('',#4665,#4649,#4673,.T.);
#4673 = LINE('',#4674,#4675);
#4674 = CARTESIAN_POINT('',(0.535,-0.32,0.3));
#4675 = VECTOR('',#4676,1.);
#4676 = DIRECTION('',(-1.,1.224646799147E-16,0.));
#4677 = PLANE('',#4678);
#4678 = AXIS2_PLACEMENT_3D('',#4679,#4680,#4681);
#4679 = CARTESIAN_POINT('',(0.75,0.5,0.3));
#4680 = DIRECTION('',(0.,0.,1.));
#4681 = DIRECTION('',(-1.224646799147E-16,-1.,0.));
#4682 = ADVANCED_FACE('',(#4683,#4689),#4723,.F.);
#4683 = FACE_BOUND('',#4684,.F.);
#4684 = EDGE_LOOP('',(#4685,#4686,#4687,#4688));
#4685 = ORIENTED_EDGE('',*,*,#4608,.T.);
#4686 = ORIENTED_EDGE('',*,*,#3638,.T.);
#4687 = ORIENTED_EDGE('',*,*,#3662,.F.);
#4688 = ORIENTED_EDGE('',*,*,#3695,.F.);
#4689 = FACE_BOUND('',#4690,.F.);
#4690 = EDGE_LOOP('',(#4691,#4701,#4709,#4717));
#4691 = ORIENTED_EDGE('',*,*,#4692,.T.);
#4692 = EDGE_CURVE('',#4693,#4695,#4697,.T.);
#4693 = VERTEX_POINT('',#4694);
#4694 = CARTESIAN_POINT('',(2.82,0.32,0.3));
#4695 = VERTEX_POINT('',#4696);
#4696 = CARTESIAN_POINT('',(2.82,-0.32,0.3));
#4697 = LINE('',#4698,#4699);
#4698 = CARTESIAN_POINT('',(2.82,0.25,0.3));
#4699 = VECTOR('',#4700,1.);
#4700 = DIRECTION('',(-1.224646799147E-16,-1.,0.));
#4701 = ORIENTED_EDGE('',*,*,#4702,.T.);
#4702 = EDGE_CURVE('',#4695,#4703,#4705,.T.);
#4703 = VERTEX_POINT('',#4704);
#4704 = CARTESIAN_POINT('',(2.18,-0.32,0.3));
#4705 = LINE('',#4706,#4707);
#4706 = CARTESIAN_POINT('',(3.035,-0.32,0.3));
#4707 = VECTOR('',#4708,1.);
#4708 = DIRECTION('',(-1.,1.224646799147E-16,0.));
#4709 = ORIENTED_EDGE('',*,*,#4710,.F.);
#4710 = EDGE_CURVE('',#4711,#4703,#4713,.T.);
#4711 = VERTEX_POINT('',#4712);
#4712 = CARTESIAN_POINT('',(2.18,0.32,0.3));
#4713 = LINE('',#4714,#4715);
#4714 = CARTESIAN_POINT('',(2.18,0.25,0.3));
#4715 = VECTOR('',#4716,1.);
#4716 = DIRECTION('',(-1.224646799147E-16,-1.,0.));
#4717 = ORIENTED_EDGE('',*,*,#4718,.T.);
#4718 = EDGE_CURVE('',#4711,#4693,#4719,.T.);
#4719 = LINE('',#4720,#4721);
#4720 = CARTESIAN_POINT('',(3.035,0.32,0.3));
#4721 = VECTOR('',#4722,1.);
#4722 = DIRECTION('',(1.,-1.224646799147E-16,0.));
#4723 = PLANE('',#4724);
#4724 = AXIS2_PLACEMENT_3D('',#4725,#4726,#4727);
#4725 = CARTESIAN_POINT('',(3.25,0.5,0.3));
#4726 = DIRECTION('',(0.,0.,1.));
#4727 = DIRECTION('',(-1.224646799147E-16,-1.,0.));
#4728 = ADVANCED_FACE('',(#4729,#4735),#4769,.F.);
#4729 = FACE_BOUND('',#4730,.F.);
#4730 = EDGE_LOOP('',(#4731,#4732,#4733,#4734));
#4731 = ORIENTED_EDGE('',*,*,#4591,.T.);
#4732 = ORIENTED_EDGE('',*,*,#3743,.T.);
#4733 = ORIENTED_EDGE('',*,*,#3767,.F.);
#4734 = ORIENTED_EDGE('',*,*,#3800,.F.);
#4735 = FACE_BOUND('',#4736,.F.);
#4736 = EDGE_LOOP('',(#4737,#4747,#4755,#4763));
#4737 = ORIENTED_EDGE('',*,*,#4738,.T.);
#4738 = EDGE_CURVE('',#4739,#4741,#4743,.T.);
#4739 = VERTEX_POINT('',#4740);
#4740 = CARTESIAN_POINT('',(5.32,0.32,0.3));
#4741 = VERTEX_POINT('',#4742);
#4742 = CARTESIAN_POINT('',(5.32,-0.32,0.3));
#4743 = LINE('',#4744,#4745);
#4744 = CARTESIAN_POINT('',(5.32,0.25,0.3));
#4745 = VECTOR('',#4746,1.);
#4746 = DIRECTION('',(-1.224646799147E-16,-1.,0.));
#4747 = ORIENTED_EDGE('',*,*,#4748,.T.);
#4748 = EDGE_CURVE('',#4741,#4749,#4751,.T.);
#4749 = VERTEX_POINT('',#4750);
#4750 = CARTESIAN_POINT('',(4.68,-0.32,0.3));
#4751 = LINE('',#4752,#4753);
#4752 = CARTESIAN_POINT('',(5.535,-0.32,0.3));
#4753 = VECTOR('',#4754,1.);
#4754 = DIRECTION('',(-1.,1.224646799147E-16,0.));
#4755 = ORIENTED_EDGE('',*,*,#4756,.F.);
#4756 = EDGE_CURVE('',#4757,#4749,#4759,.T.);
#4757 = VERTEX_POINT('',#4758);
#4758 = CARTESIAN_POINT('',(4.68,0.32,0.3));
#4759 = LINE('',#4760,#4761);
#4760 = CARTESIAN_POINT('',(4.68,0.25,0.3));
#4761 = VECTOR('',#4762,1.);
#4762 = DIRECTION('',(-1.224646799147E-16,-1.,0.));
#4763 = ORIENTED_EDGE('',*,*,#4764,.T.);
#4764 = EDGE_CURVE('',#4757,#4739,#4765,.T.);
#4765 = LINE('',#4766,#4767);
#4766 = CARTESIAN_POINT('',(5.535,0.32,0.3));
#4767 = VECTOR('',#4768,1.);
#4768 = DIRECTION('',(1.,-1.224646799147E-16,0.));
#4769 = PLANE('',#4770);
#4770 = AXIS2_PLACEMENT_3D('',#4771,#4772,#4773);
#4771 = CARTESIAN_POINT('',(5.75,0.5,0.3));
#4772 = DIRECTION('',(0.,0.,1.));
#4773 = DIRECTION('',(-1.224646799147E-16,-1.,0.));
#4774 = ADVANCED_FACE('',(#4775,#4781),#4815,.F.);
#4775 = FACE_BOUND('',#4776,.F.);
#4776 = EDGE_LOOP('',(#4777,#4778,#4779,#4780));
#4777 = ORIENTED_EDGE('',*,*,#4574,.T.);
#4778 = ORIENTED_EDGE('',*,*,#3848,.T.);
#4779 = ORIENTED_EDGE('',*,*,#3872,.F.);
#4780 = ORIENTED_EDGE('',*,*,#3905,.F.);
#4781 = FACE_BOUND('',#4782,.F.);
#4782 = EDGE_LOOP('',(#4783,#4793,#4801,#4809));
#4783 = ORIENTED_EDGE('',*,*,#4784,.F.);
#4784 = EDGE_CURVE('',#4785,#4787,#4789,.T.);
#4785 = VERTEX_POINT('',#4786);
#4786 = CARTESIAN_POINT('',(7.18,0.32,0.3));
#4787 = VERTEX_POINT('',#4788);
#4788 = CARTESIAN_POINT('',(7.18,-0.32,0.3));
#4789 = LINE('',#4790,#4791);
#4790 = CARTESIAN_POINT('',(7.18,0.25,0.3));
#4791 = VECTOR('',#4792,1.);
#4792 = DIRECTION('',(-1.224646799147E-16,-1.,0.));
#4793 = ORIENTED_EDGE('',*,*,#4794,.T.);
#4794 = EDGE_CURVE('',#4785,#4795,#4797,.T.);
#4795 = VERTEX_POINT('',#4796);
#4796 = CARTESIAN_POINT('',(7.82,0.32,0.3));
#4797 = LINE('',#4798,#4799);
#4798 = CARTESIAN_POINT('',(8.035,0.32,0.3));
#4799 = VECTOR('',#4800,1.);
#4800 = DIRECTION('',(1.,-1.224646799147E-16,0.));
#4801 = ORIENTED_EDGE('',*,*,#4802,.T.);
#4802 = EDGE_CURVE('',#4795,#4803,#4805,.T.);
#4803 = VERTEX_POINT('',#4804);
#4804 = CARTESIAN_POINT('',(7.82,-0.32,0.3));
#4805 = LINE('',#4806,#4807);
#4806 = CARTESIAN_POINT('',(7.82,0.25,0.3));
#4807 = VECTOR('',#4808,1.);
#4808 = DIRECTION('',(-1.224646799147E-16,-1.,0.));
#4809 = ORIENTED_EDGE('',*,*,#4810,.T.);
#4810 = EDGE_CURVE('',#4803,#4787,#4811,.T.);
#4811 = LINE('',#4812,#4813);
#4812 = CARTESIAN_POINT('',(8.035,-0.32,0.3));
#4813 = VECTOR('',#4814,1.);
#4814 = DIRECTION('',(-1.,1.224646799147E-16,0.));
#4815 = PLANE('',#4816);
#4816 = AXIS2_PLACEMENT_3D('',#4817,#4818,#4819);
#4817 = CARTESIAN_POINT('',(8.25,0.5,0.3));
#4818 = DIRECTION('',(0.,0.,1.));
#4819 = DIRECTION('',(-1.224646799147E-16,-1.,0.));
#4820 = ADVANCED_FACE('',(#4821,#4827),#4861,.F.);
#4821 = FACE_BOUND('',#4822,.F.);
#4822 = EDGE_LOOP('',(#4823,#4824,#4825,#4826));
#4823 = ORIENTED_EDGE('',*,*,#4557,.T.);
#4824 = ORIENTED_EDGE('',*,*,#3953,.T.);
#4825 = ORIENTED_EDGE('',*,*,#3977,.F.);
#4826 = ORIENTED_EDGE('',*,*,#4010,.F.);
#4827 = FACE_BOUND('',#4828,.F.);
#4828 = EDGE_LOOP('',(#4829,#4839,#4847,#4855));
#4829 = ORIENTED_EDGE('',*,*,#4830,.T.);
#4830 = EDGE_CURVE('',#4831,#4833,#4835,.T.);
#4831 = VERTEX_POINT('',#4832);
#4832 = CARTESIAN_POINT('',(9.68,0.32,0.3));
#4833 = VERTEX_POINT('',#4834);
#4834 = CARTESIAN_POINT('',(10.32,0.32,0.3));
#4835 = LINE('',#4836,#4837);
#4836 = CARTESIAN_POINT('',(10.535,0.32,0.3));
#4837 = VECTOR('',#4838,1.);
#4838 = DIRECTION('',(1.,-1.224646799147E-16,0.));
#4839 = ORIENTED_EDGE('',*,*,#4840,.T.);
#4840 = EDGE_CURVE('',#4833,#4841,#4843,.T.);
#4841 = VERTEX_POINT('',#4842);
#4842 = CARTESIAN_POINT('',(10.32,-0.32,0.3));
#4843 = LINE('',#4844,#4845);
#4844 = CARTESIAN_POINT('',(10.32,0.26829700442,0.3));
#4845 = VECTOR('',#4846,1.);
#4846 = DIRECTION('',(-1.224646799147E-16,-1.,0.));
#4847 = ORIENTED_EDGE('',*,*,#4848,.T.);
#4848 = EDGE_CURVE('',#4841,#4849,#4851,.T.);
#4849 = VERTEX_POINT('',#4850);
#4850 = CARTESIAN_POINT('',(9.68,-0.32,0.3));
#4851 = LINE('',#4852,#4853);
#4852 = CARTESIAN_POINT('',(10.535,-0.32,0.3));
#4853 = VECTOR('',#4854,1.);
#4854 = DIRECTION('',(-1.,1.224646799147E-16,0.));
#4855 = ORIENTED_EDGE('',*,*,#4856,.F.);
#4856 = EDGE_CURVE('',#4831,#4849,#4857,.T.);
#4857 = LINE('',#4858,#4859);
#4858 = CARTESIAN_POINT('',(9.68,0.26829700442,0.3));
#4859 = VECTOR('',#4860,1.);
#4860 = DIRECTION('',(-1.224646799147E-16,-1.,0.));
#4861 = PLANE('',#4862);
#4862 = AXIS2_PLACEMENT_3D('',#4863,#4864,#4865);
#4863 = CARTESIAN_POINT('',(10.75,0.5,0.3));
#4864 = DIRECTION('',(0.,0.,1.));
#4865 = DIRECTION('',(-1.224646799147E-16,-1.,0.));
#4866 = ADVANCED_FACE('',(#4867),#4892,.F.);
#4867 = FACE_BOUND('',#4868,.F.);
#4868 = EDGE_LOOP('',(#4869,#4870,#4878,#4886));
#4869 = ORIENTED_EDGE('',*,*,#4129,.T.);
#4870 = ORIENTED_EDGE('',*,*,#4871,.T.);
#4871 = EDGE_CURVE('',#4132,#4872,#4874,.T.);
#4872 = VERTEX_POINT('',#4873);
#4873 = CARTESIAN_POINT('',(5.32,-0.32,6.3));
#4874 = LINE('',#4875,#4876);
#4875 = CARTESIAN_POINT('',(5.32,-0.32,-3.4));
#4876 = VECTOR('',#4877,1.);
#4877 = DIRECTION('',(0.,0.,1.));
#4878 = ORIENTED_EDGE('',*,*,#4879,.T.);
#4879 = EDGE_CURVE('',#4872,#4880,#4882,.T.);
#4880 = VERTEX_POINT('',#4881);
#4881 = CARTESIAN_POINT('',(5.32,0.32,6.3));
#4882 = LINE('',#4883,#4884);
#4883 = CARTESIAN_POINT('',(5.32,-0.32,6.3));
#4884 = VECTOR('',#4885,1.);
#4885 = DIRECTION('',(1.224646799147E-16,1.,0.));
#4886 = ORIENTED_EDGE('',*,*,#4887,.T.);
#4887 = EDGE_CURVE('',#4880,#4130,#4888,.T.);
#4888 = LINE('',#4889,#4890);
#4889 = CARTESIAN_POINT('',(5.32,0.32,6.5));
#4890 = VECTOR('',#4891,1.);
#4891 = DIRECTION('',(-0.,0.,-1.));
#4892 = PLANE('',#4893);
#4893 = AXIS2_PLACEMENT_3D('',#4894,#4895,#4896);
#4894 = CARTESIAN_POINT('',(5.32,-3.918869757272E-17,1.55));
#4895 = DIRECTION('',(-1.,1.224646799147E-16,0.));
#4896 = DIRECTION('',(0.,0.,1.));
#4897 = ADVANCED_FACE('',(#4898),#4916,.F.);
#4898 = FACE_BOUND('',#4899,.F.);
#4899 = EDGE_LOOP('',(#4900,#4901,#4909,#4915));
#4900 = ORIENTED_EDGE('',*,*,#4887,.F.);
#4901 = ORIENTED_EDGE('',*,*,#4902,.T.);
#4902 = EDGE_CURVE('',#4880,#4903,#4905,.T.);
#4903 = VERTEX_POINT('',#4904);
#4904 = CARTESIAN_POINT('',(4.68,0.32,6.3));
#4905 = LINE('',#4906,#4907);
#4906 = CARTESIAN_POINT('',(5.32,0.32,6.3));
#4907 = VECTOR('',#4908,1.);
#4908 = DIRECTION('',(-1.,1.224646799147E-16,0.));
#4909 = ORIENTED_EDGE('',*,*,#4910,.T.);
#4910 = EDGE_CURVE('',#4903,#4148,#4911,.T.);
#4911 = LINE('',#4912,#4913);
#4912 = CARTESIAN_POINT('',(4.68,0.32,6.5));
#4913 = VECTOR('',#4914,1.);
#4914 = DIRECTION('',(-0.,0.,-1.));
#4915 = ORIENTED_EDGE('',*,*,#4155,.T.);
#4916 = PLANE('',#4917);
#4917 = AXIS2_PLACEMENT_3D('',#4918,#4919,#4920);
#4918 = CARTESIAN_POINT('',(5.32,0.32,6.5));
#4919 = DIRECTION('',(-1.224646799147E-16,-1.,0.));
#4920 = DIRECTION('',(-0.,0.,-1.));
#4921 = ADVANCED_FACE('',(#4922),#4940,.T.);
#4922 = FACE_BOUND('',#4923,.T.);
#4923 = EDGE_LOOP('',(#4924,#4925,#4933,#4939));
#4924 = ORIENTED_EDGE('',*,*,#4147,.T.);
#4925 = ORIENTED_EDGE('',*,*,#4926,.T.);
#4926 = EDGE_CURVE('',#4140,#4927,#4929,.T.);
#4927 = VERTEX_POINT('',#4928);
#4928 = CARTESIAN_POINT('',(4.68,-0.32,6.3));
#4929 = LINE('',#4930,#4931);
#4930 = CARTESIAN_POINT('',(4.68,-0.32,-3.4));
#4931 = VECTOR('',#4932,1.);
#4932 = DIRECTION('',(0.,0.,1.));
#4933 = ORIENTED_EDGE('',*,*,#4934,.T.);
#4934 = EDGE_CURVE('',#4927,#4903,#4935,.T.);
#4935 = LINE('',#4936,#4937);
#4936 = CARTESIAN_POINT('',(4.68,-0.32,6.3));
#4937 = VECTOR('',#4938,1.);
#4938 = DIRECTION('',(1.224646799147E-16,1.,0.));
#4939 = ORIENTED_EDGE('',*,*,#4910,.T.);
#4940 = PLANE('',#4941);
#4941 = AXIS2_PLACEMENT_3D('',#4942,#4943,#4944);
#4942 = CARTESIAN_POINT('',(4.68,3.918869757272E-17,1.55));
#4943 = DIRECTION('',(-1.,1.224646799147E-16,0.));
#4944 = DIRECTION('',(0.,0.,1.));
#4945 = ADVANCED_FACE('',(#4946),#4957,.F.);
#4946 = FACE_BOUND('',#4947,.F.);
#4947 = EDGE_LOOP('',(#4948,#4949,#4950,#4951));
#4948 = ORIENTED_EDGE('',*,*,#4871,.F.);
#4949 = ORIENTED_EDGE('',*,*,#4139,.T.);
#4950 = ORIENTED_EDGE('',*,*,#4926,.T.);
#4951 = ORIENTED_EDGE('',*,*,#4952,.F.);
#4952 = EDGE_CURVE('',#4872,#4927,#4953,.T.);
#4953 = LINE('',#4954,#4955);
#4954 = CARTESIAN_POINT('',(5.32,-0.32,6.3));
#4955 = VECTOR('',#4956,1.);
#4956 = DIRECTION('',(-1.,1.224646799147E-16,0.));
#4957 = PLANE('',#4958);
#4958 = AXIS2_PLACEMENT_3D('',#4959,#4960,#4961);
#4959 = CARTESIAN_POINT('',(5.32,-0.32,-3.4));
#4960 = DIRECTION('',(1.224646799147E-16,1.,0.));
#4961 = DIRECTION('',(0.,-0.,1.));
#4962 = ADVANCED_FACE('',(#4963),#4988,.T.);
#4963 = FACE_BOUND('',#4964,.T.);
#4964 = EDGE_LOOP('',(#4965,#4966,#4974,#4982));
#4965 = ORIENTED_EDGE('',*,*,#4163,.T.);
#4966 = ORIENTED_EDGE('',*,*,#4967,.T.);
#4967 = EDGE_CURVE('',#4166,#4968,#4970,.T.);
#4968 = VERTEX_POINT('',#4969);
#4969 = CARTESIAN_POINT('',(7.18,-0.32,6.3));
#4970 = LINE('',#4971,#4972);
#4971 = CARTESIAN_POINT('',(7.18,-0.32,-3.4));
#4972 = VECTOR('',#4973,1.);
#4973 = DIRECTION('',(0.,0.,1.));
#4974 = ORIENTED_EDGE('',*,*,#4975,.T.);
#4975 = EDGE_CURVE('',#4968,#4976,#4978,.T.);
#4976 = VERTEX_POINT('',#4977);
#4977 = CARTESIAN_POINT('',(7.18,0.32,6.3));
#4978 = LINE('',#4979,#4980);
#4979 = CARTESIAN_POINT('',(7.18,-0.32,6.3));
#4980 = VECTOR('',#4981,1.);
#4981 = DIRECTION('',(1.224646799147E-16,1.,0.));
#4982 = ORIENTED_EDGE('',*,*,#4983,.T.);
#4983 = EDGE_CURVE('',#4976,#4164,#4984,.T.);
#4984 = LINE('',#4985,#4986);
#4985 = CARTESIAN_POINT('',(7.18,0.32,6.5));
#4986 = VECTOR('',#4987,1.);
#4987 = DIRECTION('',(-0.,0.,-1.));
#4988 = PLANE('',#4989);
#4989 = AXIS2_PLACEMENT_3D('',#4990,#4991,#4992);
#4990 = CARTESIAN_POINT('',(7.18,-2.669730022141E-16,1.55));
#4991 = DIRECTION('',(-1.,1.224646799147E-16,0.));
#4992 = DIRECTION('',(0.,0.,1.));
#4993 = ADVANCED_FACE('',(#4994),#5012,.F.);
#4994 = FACE_BOUND('',#4995,.F.);
#4995 = EDGE_LOOP('',(#4996,#5004,#5005,#5006));
#4996 = ORIENTED_EDGE('',*,*,#4997,.F.);
#4997 = EDGE_CURVE('',#4182,#4998,#5000,.T.);
#4998 = VERTEX_POINT('',#4999);
#4999 = CARTESIAN_POINT('',(7.82,-0.32,6.3));
#5000 = LINE('',#5001,#5002);
#5001 = CARTESIAN_POINT('',(7.82,-0.32,-3.4));
#5002 = VECTOR('',#5003,1.);
#5003 = DIRECTION('',(0.,0.,1.));
#5004 = ORIENTED_EDGE('',*,*,#4189,.T.);
#5005 = ORIENTED_EDGE('',*,*,#4967,.T.);
#5006 = ORIENTED_EDGE('',*,*,#5007,.F.);
#5007 = EDGE_CURVE('',#4998,#4968,#5008,.T.);
#5008 = LINE('',#5009,#5010);
#5009 = CARTESIAN_POINT('',(7.82,-0.32,6.3));
#5010 = VECTOR('',#5011,1.);
#5011 = DIRECTION('',(-1.,1.224646799147E-16,0.));
#5012 = PLANE('',#5013);
#5013 = AXIS2_PLACEMENT_3D('',#5014,#5015,#5016);
#5014 = CARTESIAN_POINT('',(7.82,-0.32,-3.4));
#5015 = DIRECTION('',(1.224646799147E-16,1.,0.));
#5016 = DIRECTION('',(0.,-0.,1.));
#5017 = ADVANCED_FACE('',(#5018),#5036,.F.);
#5018 = FACE_BOUND('',#5019,.F.);
#5019 = EDGE_LOOP('',(#5020,#5021,#5022,#5030));
#5020 = ORIENTED_EDGE('',*,*,#4181,.T.);
#5021 = ORIENTED_EDGE('',*,*,#4997,.T.);
#5022 = ORIENTED_EDGE('',*,*,#5023,.T.);
#5023 = EDGE_CURVE('',#4998,#5024,#5026,.T.);
#5024 = VERTEX_POINT('',#5025);
#5025 = CARTESIAN_POINT('',(7.82,0.32,6.3));
#5026 = LINE('',#5027,#5028);
#5027 = CARTESIAN_POINT('',(7.82,-0.32,6.3));
#5028 = VECTOR('',#5029,1.);
#5029 = DIRECTION('',(1.224646799147E-16,1.,0.));
#5030 = ORIENTED_EDGE('',*,*,#5031,.T.);
#5031 = EDGE_CURVE('',#5024,#4174,#5032,.T.);
#5032 = LINE('',#5033,#5034);
#5033 = CARTESIAN_POINT('',(7.82,0.32,6.5));
#5034 = VECTOR('',#5035,1.);
#5035 = DIRECTION('',(-0.,0.,-1.));
#5036 = PLANE('',#5037);
#5037 = AXIS2_PLACEMENT_3D('',#5038,#5039,#5040);
#5038 = CARTESIAN_POINT('',(7.82,-3.453503973596E-16,1.55));
#5039 = DIRECTION('',(-1.,1.224646799147E-16,0.));
#5040 = DIRECTION('',(0.,0.,1.));
#5041 = ADVANCED_FACE('',(#5042),#5053,.F.);
#5042 = FACE_BOUND('',#5043,.F.);
#5043 = EDGE_LOOP('',(#5044,#5045,#5051,#5052));
#5044 = ORIENTED_EDGE('',*,*,#5031,.F.);
#5045 = ORIENTED_EDGE('',*,*,#5046,.T.);
#5046 = EDGE_CURVE('',#5024,#4976,#5047,.T.);
#5047 = LINE('',#5048,#5049);
#5048 = CARTESIAN_POINT('',(7.82,0.32,6.3));
#5049 = VECTOR('',#5050,1.);
#5050 = DIRECTION('',(-1.,1.224646799147E-16,0.));
#5051 = ORIENTED_EDGE('',*,*,#4983,.T.);
#5052 = ORIENTED_EDGE('',*,*,#4173,.T.);
#5053 = PLANE('',#5054);
#5054 = AXIS2_PLACEMENT_3D('',#5055,#5056,#5057);
#5055 = CARTESIAN_POINT('',(7.82,0.32,6.5));
#5056 = DIRECTION('',(-1.224646799147E-16,-1.,0.));
#5057 = DIRECTION('',(-0.,0.,-1.));
#5058 = ADVANCED_FACE('',(#5059),#5084,.F.);
#5059 = FACE_BOUND('',#5060,.F.);
#5060 = EDGE_LOOP('',(#5061,#5062,#5070,#5078));
#5061 = ORIENTED_EDGE('',*,*,#4197,.T.);
#5062 = ORIENTED_EDGE('',*,*,#5063,.T.);
#5063 = EDGE_CURVE('',#4200,#5064,#5066,.T.);
#5064 = VERTEX_POINT('',#5065);
#5065 = CARTESIAN_POINT('',(2.82,-0.32,6.3));
#5066 = LINE('',#5067,#5068);
#5067 = CARTESIAN_POINT('',(2.82,-0.32,-3.4));
#5068 = VECTOR('',#5069,1.);
#5069 = DIRECTION('',(0.,0.,1.));
#5070 = ORIENTED_EDGE('',*,*,#5071,.T.);
#5071 = EDGE_CURVE('',#5064,#5072,#5074,.T.);
#5072 = VERTEX_POINT('',#5073);
#5073 = CARTESIAN_POINT('',(2.82,0.32,6.3));
#5074 = LINE('',#5075,#5076);
#5075 = CARTESIAN_POINT('',(2.82,-0.32,6.3));
#5076 = VECTOR('',#5077,1.);
#5077 = DIRECTION('',(1.224646799147E-16,1.,0.));
#5078 = ORIENTED_EDGE('',*,*,#5079,.T.);
#5079 = EDGE_CURVE('',#5072,#4198,#5080,.T.);
#5080 = LINE('',#5081,#5082);
#5081 = CARTESIAN_POINT('',(2.82,0.32,6.5));
#5082 = VECTOR('',#5083,1.);
#5083 = DIRECTION('',(-0.,0.,-1.));
#5084 = PLANE('',#5085);
#5085 = AXIS2_PLACEMENT_3D('',#5086,#5087,#5088);
#5086 = CARTESIAN_POINT('',(2.82,2.669730022141E-16,1.55));
#5087 = DIRECTION('',(-1.,1.224646799147E-16,0.));
#5088 = DIRECTION('',(0.,0.,1.));
#5089 = ADVANCED_FACE('',(#5090),#5108,.F.);
#5090 = FACE_BOUND('',#5091,.F.);
#5091 = EDGE_LOOP('',(#5092,#5093,#5101,#5107));
#5092 = ORIENTED_EDGE('',*,*,#5079,.F.);
#5093 = ORIENTED_EDGE('',*,*,#5094,.T.);
#5094 = EDGE_CURVE('',#5072,#5095,#5097,.T.);
#5095 = VERTEX_POINT('',#5096);
#5096 = CARTESIAN_POINT('',(2.18,0.32,6.3));
#5097 = LINE('',#5098,#5099);
#5098 = CARTESIAN_POINT('',(2.82,0.32,6.3));
#5099 = VECTOR('',#5100,1.);
#5100 = DIRECTION('',(-1.,1.224646799147E-16,0.));
#5101 = ORIENTED_EDGE('',*,*,#5102,.T.);
#5102 = EDGE_CURVE('',#5095,#4216,#5103,.T.);
#5103 = LINE('',#5104,#5105);
#5104 = CARTESIAN_POINT('',(2.18,0.32,6.5));
#5105 = VECTOR('',#5106,1.);
#5106 = DIRECTION('',(-0.,0.,-1.));
#5107 = ORIENTED_EDGE('',*,*,#4223,.T.);
#5108 = PLANE('',#5109);
#5109 = AXIS2_PLACEMENT_3D('',#5110,#5111,#5112);
#5110 = CARTESIAN_POINT('',(2.82,0.32,6.5));
#5111 = DIRECTION('',(-1.224646799147E-16,-1.,0.));
#5112 = DIRECTION('',(-0.,0.,-1.));
#5113 = ADVANCED_FACE('',(#5114),#5132,.T.);
#5114 = FACE_BOUND('',#5115,.T.);
#5115 = EDGE_LOOP('',(#5116,#5117,#5125,#5131));
#5116 = ORIENTED_EDGE('',*,*,#4215,.T.);
#5117 = ORIENTED_EDGE('',*,*,#5118,.T.);
#5118 = EDGE_CURVE('',#4208,#5119,#5121,.T.);
#5119 = VERTEX_POINT('',#5120);
#5120 = CARTESIAN_POINT('',(2.18,-0.32,6.3));
#5121 = LINE('',#5122,#5123);
#5122 = CARTESIAN_POINT('',(2.18,-0.32,-3.4));
#5123 = VECTOR('',#5124,1.);
#5124 = DIRECTION('',(0.,0.,1.));
#5125 = ORIENTED_EDGE('',*,*,#5126,.T.);
#5126 = EDGE_CURVE('',#5119,#5095,#5127,.T.);
#5127 = LINE('',#5128,#5129);
#5128 = CARTESIAN_POINT('',(2.18,-0.32,6.3));
#5129 = VECTOR('',#5130,1.);
#5130 = DIRECTION('',(1.224646799147E-16,1.,0.));
#5131 = ORIENTED_EDGE('',*,*,#5102,.T.);
#5132 = PLANE('',#5133);
#5133 = AXIS2_PLACEMENT_3D('',#5134,#5135,#5136);
#5134 = CARTESIAN_POINT('',(2.18,3.453503973596E-16,1.55));
#5135 = DIRECTION('',(-1.,1.224646799147E-16,0.));
#5136 = DIRECTION('',(0.,0.,1.));
#5137 = ADVANCED_FACE('',(#5138),#5149,.F.);
#5138 = FACE_BOUND('',#5139,.F.);
#5139 = EDGE_LOOP('',(#5140,#5141,#5142,#5143));
#5140 = ORIENTED_EDGE('',*,*,#5063,.F.);
#5141 = ORIENTED_EDGE('',*,*,#4207,.T.);
#5142 = ORIENTED_EDGE('',*,*,#5118,.T.);
#5143 = ORIENTED_EDGE('',*,*,#5144,.F.);
#5144 = EDGE_CURVE('',#5064,#5119,#5145,.T.);
#5145 = LINE('',#5146,#5147);
#5146 = CARTESIAN_POINT('',(2.82,-0.32,6.3));
#5147 = VECTOR('',#5148,1.);
#5148 = DIRECTION('',(-1.,1.224646799147E-16,0.));
#5149 = PLANE('',#5150);
#5150 = AXIS2_PLACEMENT_3D('',#5151,#5152,#5153);
#5151 = CARTESIAN_POINT('',(2.82,-0.32,-3.4));
#5152 = DIRECTION('',(1.224646799147E-16,1.,0.));
#5153 = DIRECTION('',(0.,-0.,1.));
#5154 = ADVANCED_FACE('',(#5155),#5180,.F.);
#5155 = FACE_BOUND('',#5156,.F.);
#5156 = EDGE_LOOP('',(#5157,#5165,#5173,#5179));
#5157 = ORIENTED_EDGE('',*,*,#5158,.F.);
#5158 = EDGE_CURVE('',#5159,#4234,#5161,.T.);
#5159 = VERTEX_POINT('',#5160);
#5160 = CARTESIAN_POINT('',(10.32,0.32,6.3));
#5161 = LINE('',#5162,#5163);
#5162 = CARTESIAN_POINT('',(10.32,0.32,6.5));
#5163 = VECTOR('',#5164,1.);
#5164 = DIRECTION('',(-0.,0.,-1.));
#5165 = ORIENTED_EDGE('',*,*,#5166,.T.);
#5166 = EDGE_CURVE('',#5159,#5167,#5169,.T.);
#5167 = VERTEX_POINT('',#5168);
#5168 = CARTESIAN_POINT('',(9.68,0.32,6.3));
#5169 = LINE('',#5170,#5171);
#5170 = CARTESIAN_POINT('',(10.32,0.32,6.3));
#5171 = VECTOR('',#5172,1.);
#5172 = DIRECTION('',(-1.,1.224646799147E-16,0.));
#5173 = ORIENTED_EDGE('',*,*,#5174,.T.);
#5174 = EDGE_CURVE('',#5167,#4232,#5175,.T.);
#5175 = LINE('',#5176,#5177);
#5176 = CARTESIAN_POINT('',(9.68,0.32,6.5));
#5177 = VECTOR('',#5178,1.);
#5178 = DIRECTION('',(-0.,0.,-1.));
#5179 = ORIENTED_EDGE('',*,*,#4231,.T.);
#5180 = PLANE('',#5181);
#5181 = AXIS2_PLACEMENT_3D('',#5182,#5183,#5184);
#5182 = CARTESIAN_POINT('',(10.32,0.32,6.5));
#5183 = DIRECTION('',(-1.224646799147E-16,-1.,0.));
#5184 = DIRECTION('',(-0.,0.,-1.));
#5185 = ADVANCED_FACE('',(#5186),#5204,.T.);
#5186 = FACE_BOUND('',#5187,.T.);
#5187 = EDGE_LOOP('',(#5188,#5189,#5197,#5203));
#5188 = ORIENTED_EDGE('',*,*,#4257,.T.);
#5189 = ORIENTED_EDGE('',*,*,#5190,.T.);
#5190 = EDGE_CURVE('',#4250,#5191,#5193,.T.);
#5191 = VERTEX_POINT('',#5192);
#5192 = CARTESIAN_POINT('',(9.68,-0.32,6.3));
#5193 = LINE('',#5194,#5195);
#5194 = CARTESIAN_POINT('',(9.68,-0.32,-0.9));
#5195 = VECTOR('',#5196,1.);
#5196 = DIRECTION('',(0.,0.,1.));
#5197 = ORIENTED_EDGE('',*,*,#5198,.T.);
#5198 = EDGE_CURVE('',#5191,#5167,#5199,.T.);
#5199 = LINE('',#5200,#5201);
#5200 = CARTESIAN_POINT('',(9.68,-0.32,6.3));
#5201 = VECTOR('',#5202,1.);
#5202 = DIRECTION('',(1.224646799147E-16,1.,0.));
#5203 = ORIENTED_EDGE('',*,*,#5174,.T.);
#5204 = PLANE('',#5205);
#5205 = AXIS2_PLACEMENT_3D('',#5206,#5207,#5208);
#5206 = CARTESIAN_POINT('',(9.68,3.65940088399E-02,1.522832428212));
#5207 = DIRECTION('',(-1.,1.224646799147E-16,0.));
#5208 = DIRECTION('',(0.,0.,1.));
#5209 = ADVANCED_FACE('',(#5210),#5228,.F.);
#5210 = FACE_BOUND('',#5211,.F.);
#5211 = EDGE_LOOP('',(#5212,#5220,#5221,#5222));
#5212 = ORIENTED_EDGE('',*,*,#5213,.F.);
#5213 = EDGE_CURVE('',#4242,#5214,#5216,.T.);
#5214 = VERTEX_POINT('',#5215);
#5215 = CARTESIAN_POINT('',(10.32,-0.32,6.3));
#5216 = LINE('',#5217,#5218);
#5217 = CARTESIAN_POINT('',(10.32,-0.32,-0.9));
#5218 = VECTOR('',#5219,1.);
#5219 = DIRECTION('',(0.,0.,1.));
#5220 = ORIENTED_EDGE('',*,*,#4249,.T.);
#5221 = ORIENTED_EDGE('',*,*,#5190,.T.);
#5222 = ORIENTED_EDGE('',*,*,#5223,.F.);
#5223 = EDGE_CURVE('',#5214,#5191,#5224,.T.);
#5224 = LINE('',#5225,#5226);
#5225 = CARTESIAN_POINT('',(10.32,-0.32,6.3));
#5226 = VECTOR('',#5227,1.);
#5227 = DIRECTION('',(-1.,1.224646799147E-16,0.));
#5228 = PLANE('',#5229);
#5229 = AXIS2_PLACEMENT_3D('',#5230,#5231,#5232);
#5230 = CARTESIAN_POINT('',(10.32,-0.32,-0.9));
#5231 = DIRECTION('',(1.224646799147E-16,1.,0.));
#5232 = DIRECTION('',(0.,-0.,1.));
#5233 = ADVANCED_FACE('',(#5234),#5245,.F.);
#5234 = FACE_BOUND('',#5235,.F.);
#5235 = EDGE_LOOP('',(#5236,#5237,#5238,#5244));
#5236 = ORIENTED_EDGE('',*,*,#4241,.T.);
#5237 = ORIENTED_EDGE('',*,*,#5213,.T.);
#5238 = ORIENTED_EDGE('',*,*,#5239,.T.);
#5239 = EDGE_CURVE('',#5214,#5159,#5240,.T.);
#5240 = LINE('',#5241,#5242);
#5241 = CARTESIAN_POINT('',(10.32,-0.32,6.3));
#5242 = VECTOR('',#5243,1.);
#5243 = DIRECTION('',(1.224646799147E-16,1.,0.));
#5244 = ORIENTED_EDGE('',*,*,#5158,.T.);
#5245 = PLANE('',#5246);
#5246 = AXIS2_PLACEMENT_3D('',#5247,#5248,#5249);
#5247 = CARTESIAN_POINT('',(10.32,3.65940088399E-02,1.522832428212));
#5248 = DIRECTION('',(-1.,1.224646799147E-16,0.));
#5249 = DIRECTION('',(0.,0.,1.));
#5250 = ADVANCED_FACE('',(#5251),#5276,.T.);
#5251 = FACE_BOUND('',#5252,.T.);
#5252 = EDGE_LOOP('',(#5253,#5254,#5262,#5270));
#5253 = ORIENTED_EDGE('',*,*,#4265,.T.);
#5254 = ORIENTED_EDGE('',*,*,#5255,.T.);
#5255 = EDGE_CURVE('',#4268,#5256,#5258,.T.);
#5256 = VERTEX_POINT('',#5257);
#5257 = CARTESIAN_POINT('',(-0.32,-0.32,6.3));
#5258 = LINE('',#5259,#5260);
#5259 = CARTESIAN_POINT('',(-0.32,-0.32,-0.9));
#5260 = VECTOR('',#5261,1.);
#5261 = DIRECTION('',(0.,0.,1.));
#5262 = ORIENTED_EDGE('',*,*,#5263,.T.);
#5263 = EDGE_CURVE('',#5256,#5264,#5266,.T.);
#5264 = VERTEX_POINT('',#5265);
#5265 = CARTESIAN_POINT('',(-0.32,0.32,6.3));
#5266 = LINE('',#5267,#5268);
#5267 = CARTESIAN_POINT('',(-0.32,-0.32,6.3));
#5268 = VECTOR('',#5269,1.);
#5269 = DIRECTION('',(1.224646799147E-16,1.,0.));
#5270 = ORIENTED_EDGE('',*,*,#5271,.T.);
#5271 = EDGE_CURVE('',#5264,#4266,#5272,.T.);
#5272 = LINE('',#5273,#5274);
#5273 = CARTESIAN_POINT('',(-0.32,0.32,6.5));
#5274 = VECTOR('',#5275,1.);
#5275 = DIRECTION('',(-0.,0.,-1.));
#5276 = PLANE('',#5277);
#5277 = AXIS2_PLACEMENT_3D('',#5278,#5279,#5280);
#5278 = CARTESIAN_POINT('',(-0.32,3.65940088399E-02,1.522832428212));
#5279 = DIRECTION('',(-1.,1.224646799147E-16,0.));
#5280 = DIRECTION('',(0.,0.,1.));
#5281 = ADVANCED_FACE('',(#5282),#5300,.F.);
#5282 = FACE_BOUND('',#5283,.F.);
#5283 = EDGE_LOOP('',(#5284,#5292,#5293,#5294));
#5284 = ORIENTED_EDGE('',*,*,#5285,.F.);
#5285 = EDGE_CURVE('',#4284,#5286,#5288,.T.);
#5286 = VERTEX_POINT('',#5287);
#5287 = CARTESIAN_POINT('',(0.32,-0.32,6.3));
#5288 = LINE('',#5289,#5290);
#5289 = CARTESIAN_POINT('',(0.32,-0.32,-0.9));
#5290 = VECTOR('',#5291,1.);
#5291 = DIRECTION('',(0.,0.,1.));
#5292 = ORIENTED_EDGE('',*,*,#4291,.T.);
#5293 = ORIENTED_EDGE('',*,*,#5255,.T.);
#5294 = ORIENTED_EDGE('',*,*,#5295,.F.);
#5295 = EDGE_CURVE('',#5286,#5256,#5296,.T.);
#5296 = LINE('',#5297,#5298);
#5297 = CARTESIAN_POINT('',(0.32,-0.32,6.3));
#5298 = VECTOR('',#5299,1.);
#5299 = DIRECTION('',(-1.,1.224646799147E-16,0.));
#5300 = PLANE('',#5301);
#5301 = AXIS2_PLACEMENT_3D('',#5302,#5303,#5304);
#5302 = CARTESIAN_POINT('',(0.32,-0.32,-0.9));
#5303 = DIRECTION('',(1.224646799147E-16,1.,0.));
#5304 = DIRECTION('',(0.,-0.,1.));
#5305 = ADVANCED_FACE('',(#5306),#5324,.F.);
#5306 = FACE_BOUND('',#5307,.F.);
#5307 = EDGE_LOOP('',(#5308,#5309,#5310,#5318));
#5308 = ORIENTED_EDGE('',*,*,#4283,.T.);
#5309 = ORIENTED_EDGE('',*,*,#5285,.T.);
#5310 = ORIENTED_EDGE('',*,*,#5311,.T.);
#5311 = EDGE_CURVE('',#5286,#5312,#5314,.T.);
#5312 = VERTEX_POINT('',#5313);
#5313 = CARTESIAN_POINT('',(0.32,0.32,6.3));
#5314 = LINE('',#5315,#5316);
#5315 = CARTESIAN_POINT('',(0.32,-0.32,6.3));
#5316 = VECTOR('',#5317,1.);
#5317 = DIRECTION('',(1.224646799147E-16,1.,0.));
#5318 = ORIENTED_EDGE('',*,*,#5319,.T.);
#5319 = EDGE_CURVE('',#5312,#4276,#5320,.T.);
#5320 = LINE('',#5321,#5322);
#5321 = CARTESIAN_POINT('',(0.32,0.32,6.5));
#5322 = VECTOR('',#5323,1.);
#5323 = DIRECTION('',(-0.,0.,-1.));
#5324 = PLANE('',#5325);
#5325 = AXIS2_PLACEMENT_3D('',#5326,#5327,#5328);
#5326 = CARTESIAN_POINT('',(0.32,3.65940088399E-02,1.522832428212));
#5327 = DIRECTION('',(-1.,1.224646799147E-16,0.));
#5328 = DIRECTION('',(0.,0.,1.));
#5329 = ADVANCED_FACE('',(#5330),#5341,.F.);
#5330 = FACE_BOUND('',#5331,.F.);
#5331 = EDGE_LOOP('',(#5332,#5333,#5339,#5340));
#5332 = ORIENTED_EDGE('',*,*,#5319,.F.);
#5333 = ORIENTED_EDGE('',*,*,#5334,.T.);
#5334 = EDGE_CURVE('',#5312,#5264,#5335,.T.);
#5335 = LINE('',#5336,#5337);
#5336 = CARTESIAN_POINT('',(0.32,0.32,6.3));
#5337 = VECTOR('',#5338,1.);
#5338 = DIRECTION('',(-1.,1.224646799147E-16,0.));
#5339 = ORIENTED_EDGE('',*,*,#5271,.T.);
#5340 = ORIENTED_EDGE('',*,*,#4275,.T.);
#5341 = PLANE('',#5342);
#5342 = AXIS2_PLACEMENT_3D('',#5343,#5344,#5345);
#5343 = CARTESIAN_POINT('',(0.32,0.32,6.5));
#5344 = DIRECTION('',(-1.224646799147E-16,-1.,0.));
#5345 = DIRECTION('',(-0.,0.,-1.));
#5346 = ADVANCED_FACE('',(#5347),#5404,.T.);
#5347 = FACE_BOUND('',#5348,.T.);
#5348 = EDGE_LOOP('',(#5349,#5359,#5367,#5375,#5381,#5382,#5390,#5398));
#5349 = ORIENTED_EDGE('',*,*,#5350,.T.);
#5350 = EDGE_CURVE('',#5351,#5353,#5355,.T.);
#5351 = VERTEX_POINT('',#5352);
#5352 = CARTESIAN_POINT('',(-0.32,0.351578947368,-3.2));
#5353 = VERTEX_POINT('',#5354);
#5354 = CARTESIAN_POINT('',(-0.32,-0.288421052632,-3.2));
#5355 = LINE('',#5356,#5357);
#5356 = CARTESIAN_POINT('',(-0.32,0.32,-3.2));
#5357 = VECTOR('',#5358,1.);
#5358 = DIRECTION('',(-1.224646799147E-16,-1.,0.));
#5359 = ORIENTED_EDGE('',*,*,#5360,.T.);
#5360 = EDGE_CURVE('',#5353,#5361,#5363,.T.);
#5361 = VERTEX_POINT('',#5362);
#5362 = CARTESIAN_POINT('',(-0.32,-2.E-02,-1.5));
#5363 = LINE('',#5364,#5365);
#5364 = CARTESIAN_POINT('',(-0.32,-0.32,-3.4));
#5365 = VECTOR('',#5366,1.);
#5366 = DIRECTION('',(1.909990663905E-17,0.155962573473,0.987762965329)
  );
#5367 = ORIENTED_EDGE('',*,*,#5368,.T.);
#5368 = EDGE_CURVE('',#5361,#5369,#5371,.T.);
#5369 = VERTEX_POINT('',#5370);
#5370 = CARTESIAN_POINT('',(-0.32,-0.32,-0.9));
#5371 = LINE('',#5372,#5373);
#5372 = CARTESIAN_POINT('',(-0.32,-2.E-02,-1.5));
#5373 = VECTOR('',#5374,1.);
#5374 = DIRECTION('',(-5.476786982641E-17,-0.4472135955,0.894427191));
#5375 = ORIENTED_EDGE('',*,*,#5376,.T.);
#5376 = EDGE_CURVE('',#5369,#4649,#5377,.T.);
#5377 = LINE('',#5378,#5379);
#5378 = CARTESIAN_POINT('',(-0.32,-0.32,-0.9));
#5379 = VECTOR('',#5380,1.);
#5380 = DIRECTION('',(0.,0.,1.));
#5381 = ORIENTED_EDGE('',*,*,#4646,.F.);
#5382 = ORIENTED_EDGE('',*,*,#5383,.T.);
#5383 = EDGE_CURVE('',#4647,#5384,#5386,.T.);
#5384 = VERTEX_POINT('',#5385);
#5385 = CARTESIAN_POINT('',(-0.32,0.32,-0.9));
#5386 = LINE('',#5387,#5388);
#5387 = CARTESIAN_POINT('',(-0.32,0.32,6.5));
#5388 = VECTOR('',#5389,1.);
#5389 = DIRECTION('',(-0.,0.,-1.));
#5390 = ORIENTED_EDGE('',*,*,#5391,.T.);
#5391 = EDGE_CURVE('',#5384,#5392,#5394,.T.);
#5392 = VERTEX_POINT('',#5393);
#5393 = CARTESIAN_POINT('',(-0.32,0.62,-1.5));
#5394 = LINE('',#5395,#5396);
#5395 = CARTESIAN_POINT('',(-0.32,0.32,-0.9));
#5396 = VECTOR('',#5397,1.);
#5397 = DIRECTION('',(5.476786982641E-17,0.4472135955,-0.894427191));
#5398 = ORIENTED_EDGE('',*,*,#5399,.T.);
#5399 = EDGE_CURVE('',#5392,#5351,#5400,.T.);
#5400 = LINE('',#5401,#5402);
#5401 = CARTESIAN_POINT('',(-0.32,0.62,-1.5));
#5402 = VECTOR('',#5403,1.);
#5403 = DIRECTION('',(-1.909990663905E-17,-0.155962573473,
    -0.987762965329));
#5404 = PLANE('',#5405);
#5405 = AXIS2_PLACEMENT_3D('',#5406,#5407,#5408);
#5406 = CARTESIAN_POINT('',(-0.32,3.65940088399E-02,1.522832428212));
#5407 = DIRECTION('',(-1.,1.224646799147E-16,0.));
#5408 = DIRECTION('',(0.,0.,1.));
#5409 = ADVANCED_FACE('',(#5410),#5428,.F.);
#5410 = FACE_BOUND('',#5411,.F.);
#5411 = EDGE_LOOP('',(#5412,#5420,#5426,#5427));
#5412 = ORIENTED_EDGE('',*,*,#5413,.F.);
#5413 = EDGE_CURVE('',#5414,#4665,#5416,.T.);
#5414 = VERTEX_POINT('',#5415);
#5415 = CARTESIAN_POINT('',(0.32,-0.32,-0.9));
#5416 = LINE('',#5417,#5418);
#5417 = CARTESIAN_POINT('',(0.32,-0.32,-0.9));
#5418 = VECTOR('',#5419,1.);
#5419 = DIRECTION('',(0.,0.,1.));
#5420 = ORIENTED_EDGE('',*,*,#5421,.T.);
#5421 = EDGE_CURVE('',#5414,#5369,#5422,.T.);
#5422 = LINE('',#5423,#5424);
#5423 = CARTESIAN_POINT('',(0.32,-0.32,-0.9));
#5424 = VECTOR('',#5425,1.);
#5425 = DIRECTION('',(-1.,1.224646799147E-16,0.));
#5426 = ORIENTED_EDGE('',*,*,#5376,.T.);
#5427 = ORIENTED_EDGE('',*,*,#4672,.F.);
#5428 = PLANE('',#5429);
#5429 = AXIS2_PLACEMENT_3D('',#5430,#5431,#5432);
#5430 = CARTESIAN_POINT('',(0.32,-0.32,-0.9));
#5431 = DIRECTION('',(1.224646799147E-16,1.,0.));
#5432 = DIRECTION('',(0.,-0.,1.));
#5433 = ADVANCED_FACE('',(#5434),#5484,.F.);
#5434 = FACE_BOUND('',#5435,.F.);
#5435 = EDGE_LOOP('',(#5436,#5446,#5454,#5460,#5461,#5462,#5470,#5478));
#5436 = ORIENTED_EDGE('',*,*,#5437,.T.);
#5437 = EDGE_CURVE('',#5438,#5440,#5442,.T.);
#5438 = VERTEX_POINT('',#5439);
#5439 = CARTESIAN_POINT('',(0.32,0.351578947368,-3.2));
#5440 = VERTEX_POINT('',#5441);
#5441 = CARTESIAN_POINT('',(0.32,-0.288421052632,-3.2));
#5442 = LINE('',#5443,#5444);
#5443 = CARTESIAN_POINT('',(0.32,0.32,-3.2));
#5444 = VECTOR('',#5445,1.);
#5445 = DIRECTION('',(-1.224646799147E-16,-1.,0.));
#5446 = ORIENTED_EDGE('',*,*,#5447,.T.);
#5447 = EDGE_CURVE('',#5440,#5448,#5450,.T.);
#5448 = VERTEX_POINT('',#5449);
#5449 = CARTESIAN_POINT('',(0.32,-2.E-02,-1.5));
#5450 = LINE('',#5451,#5452);
#5451 = CARTESIAN_POINT('',(0.32,-0.32,-3.4));
#5452 = VECTOR('',#5453,1.);
#5453 = DIRECTION('',(1.909990663905E-17,0.155962573473,0.987762965329)
  );
#5454 = ORIENTED_EDGE('',*,*,#5455,.T.);
#5455 = EDGE_CURVE('',#5448,#5414,#5456,.T.);
#5456 = LINE('',#5457,#5458);
#5457 = CARTESIAN_POINT('',(0.32,-2.E-02,-1.5));
#5458 = VECTOR('',#5459,1.);
#5459 = DIRECTION('',(-5.476786982641E-17,-0.4472135955,0.894427191));
#5460 = ORIENTED_EDGE('',*,*,#5413,.T.);
#5461 = ORIENTED_EDGE('',*,*,#4664,.F.);
#5462 = ORIENTED_EDGE('',*,*,#5463,.T.);
#5463 = EDGE_CURVE('',#4657,#5464,#5466,.T.);
#5464 = VERTEX_POINT('',#5465);
#5465 = CARTESIAN_POINT('',(0.32,0.32,-0.9));
#5466 = LINE('',#5467,#5468);
#5467 = CARTESIAN_POINT('',(0.32,0.32,6.5));
#5468 = VECTOR('',#5469,1.);
#5469 = DIRECTION('',(-0.,0.,-1.));
#5470 = ORIENTED_EDGE('',*,*,#5471,.T.);
#5471 = EDGE_CURVE('',#5464,#5472,#5474,.T.);
#5472 = VERTEX_POINT('',#5473);
#5473 = CARTESIAN_POINT('',(0.32,0.62,-1.5));
#5474 = LINE('',#5475,#5476);
#5475 = CARTESIAN_POINT('',(0.32,0.32,-0.9));
#5476 = VECTOR('',#5477,1.);
#5477 = DIRECTION('',(5.476786982641E-17,0.4472135955,-0.894427191));
#5478 = ORIENTED_EDGE('',*,*,#5479,.T.);
#5479 = EDGE_CURVE('',#5472,#5438,#5480,.T.);
#5480 = LINE('',#5481,#5482);
#5481 = CARTESIAN_POINT('',(0.32,0.62,-1.5));
#5482 = VECTOR('',#5483,1.);
#5483 = DIRECTION('',(-1.909990663905E-17,-0.155962573473,
    -0.987762965329));
#5484 = PLANE('',#5485);
#5485 = AXIS2_PLACEMENT_3D('',#5486,#5487,#5488);
#5486 = CARTESIAN_POINT('',(0.32,3.65940088399E-02,1.522832428212));
#5487 = DIRECTION('',(-1.,1.224646799147E-16,0.));
#5488 = DIRECTION('',(0.,0.,1.));
#5489 = ADVANCED_FACE('',(#5490),#5501,.F.);
#5490 = FACE_BOUND('',#5491,.F.);
#5491 = EDGE_LOOP('',(#5492,#5493,#5494,#5495));
#5492 = ORIENTED_EDGE('',*,*,#5463,.F.);
#5493 = ORIENTED_EDGE('',*,*,#4656,.F.);
#5494 = ORIENTED_EDGE('',*,*,#5383,.T.);
#5495 = ORIENTED_EDGE('',*,*,#5496,.F.);
#5496 = EDGE_CURVE('',#5464,#5384,#5497,.T.);
#5497 = LINE('',#5498,#5499);
#5498 = CARTESIAN_POINT('',(0.32,0.32,-0.9));
#5499 = VECTOR('',#5500,1.);
#5500 = DIRECTION('',(-1.,1.224646799147E-16,0.));
#5501 = PLANE('',#5502);
#5502 = AXIS2_PLACEMENT_3D('',#5503,#5504,#5505);
#5503 = CARTESIAN_POINT('',(0.32,0.32,6.5));
#5504 = DIRECTION('',(-1.224646799147E-16,-1.,0.));
#5505 = DIRECTION('',(-0.,0.,-1.));
#5506 = ADVANCED_FACE('',(#5507),#5532,.F.);
#5507 = FACE_BOUND('',#5508,.F.);
#5508 = EDGE_LOOP('',(#5509,#5519,#5525,#5526));
#5509 = ORIENTED_EDGE('',*,*,#5510,.T.);
#5510 = EDGE_CURVE('',#5511,#5513,#5515,.T.);
#5511 = VERTEX_POINT('',#5512);
#5512 = CARTESIAN_POINT('',(2.82,0.32,-3.2));
#5513 = VERTEX_POINT('',#5514);
#5514 = CARTESIAN_POINT('',(2.82,-0.32,-3.2));
#5515 = LINE('',#5516,#5517);
#5516 = CARTESIAN_POINT('',(2.82,0.32,-3.2));
#5517 = VECTOR('',#5518,1.);
#5518 = DIRECTION('',(-1.224646799147E-16,-1.,0.));
#5519 = ORIENTED_EDGE('',*,*,#5520,.T.);
#5520 = EDGE_CURVE('',#5513,#4695,#5521,.T.);
#5521 = LINE('',#5522,#5523);
#5522 = CARTESIAN_POINT('',(2.82,-0.32,-3.4));
#5523 = VECTOR('',#5524,1.);
#5524 = DIRECTION('',(0.,0.,1.));
#5525 = ORIENTED_EDGE('',*,*,#4692,.F.);
#5526 = ORIENTED_EDGE('',*,*,#5527,.T.);
#5527 = EDGE_CURVE('',#4693,#5511,#5528,.T.);
#5528 = LINE('',#5529,#5530);
#5529 = CARTESIAN_POINT('',(2.82,0.32,6.5));
#5530 = VECTOR('',#5531,1.);
#5531 = DIRECTION('',(-0.,0.,-1.));
#5532 = PLANE('',#5533);
#5533 = AXIS2_PLACEMENT_3D('',#5534,#5535,#5536);
#5534 = CARTESIAN_POINT('',(2.82,2.669730022141E-16,1.55));
#5535 = DIRECTION('',(-1.,1.224646799147E-16,0.));
#5536 = DIRECTION('',(0.,0.,1.));
#5537 = ADVANCED_FACE('',(#5538),#5556,.F.);
#5538 = FACE_BOUND('',#5539,.F.);
#5539 = EDGE_LOOP('',(#5540,#5541,#5542,#5550));
#5540 = ORIENTED_EDGE('',*,*,#5527,.F.);
#5541 = ORIENTED_EDGE('',*,*,#4718,.F.);
#5542 = ORIENTED_EDGE('',*,*,#5543,.T.);
#5543 = EDGE_CURVE('',#4711,#5544,#5546,.T.);
#5544 = VERTEX_POINT('',#5545);
#5545 = CARTESIAN_POINT('',(2.18,0.32,-3.2));
#5546 = LINE('',#5547,#5548);
#5547 = CARTESIAN_POINT('',(2.18,0.32,6.5));
#5548 = VECTOR('',#5549,1.);
#5549 = DIRECTION('',(-0.,0.,-1.));
#5550 = ORIENTED_EDGE('',*,*,#5551,.F.);
#5551 = EDGE_CURVE('',#5511,#5544,#5552,.T.);
#5552 = LINE('',#5553,#5554);
#5553 = CARTESIAN_POINT('',(2.82,0.32,-3.2));
#5554 = VECTOR('',#5555,1.);
#5555 = DIRECTION('',(-1.,1.224646799147E-16,0.));
#5556 = PLANE('',#5557);
#5557 = AXIS2_PLACEMENT_3D('',#5558,#5559,#5560);
#5558 = CARTESIAN_POINT('',(2.82,0.32,6.5));
#5559 = DIRECTION('',(-1.224646799147E-16,-1.,0.));
#5560 = DIRECTION('',(-0.,0.,-1.));
#5561 = ADVANCED_FACE('',(#5562),#5580,.T.);
#5562 = FACE_BOUND('',#5563,.T.);
#5563 = EDGE_LOOP('',(#5564,#5572,#5578,#5579));
#5564 = ORIENTED_EDGE('',*,*,#5565,.T.);
#5565 = EDGE_CURVE('',#5544,#5566,#5568,.T.);
#5566 = VERTEX_POINT('',#5567);
#5567 = CARTESIAN_POINT('',(2.18,-0.32,-3.2));
#5568 = LINE('',#5569,#5570);
#5569 = CARTESIAN_POINT('',(2.18,0.32,-3.2));
#5570 = VECTOR('',#5571,1.);
#5571 = DIRECTION('',(-1.224646799147E-16,-1.,0.));
#5572 = ORIENTED_EDGE('',*,*,#5573,.T.);
#5573 = EDGE_CURVE('',#5566,#4703,#5574,.T.);
#5574 = LINE('',#5575,#5576);
#5575 = CARTESIAN_POINT('',(2.18,-0.32,-3.4));
#5576 = VECTOR('',#5577,1.);
#5577 = DIRECTION('',(0.,0.,1.));
#5578 = ORIENTED_EDGE('',*,*,#4710,.F.);
#5579 = ORIENTED_EDGE('',*,*,#5543,.T.);
#5580 = PLANE('',#5581);
#5581 = AXIS2_PLACEMENT_3D('',#5582,#5583,#5584);
#5582 = CARTESIAN_POINT('',(2.18,3.453503973596E-16,1.55));
#5583 = DIRECTION('',(-1.,1.224646799147E-16,0.));
#5584 = DIRECTION('',(0.,0.,1.));
#5585 = ADVANCED_FACE('',(#5586),#5597,.F.);
#5586 = FACE_BOUND('',#5587,.F.);
#5587 = EDGE_LOOP('',(#5588,#5589,#5595,#5596));
#5588 = ORIENTED_EDGE('',*,*,#5520,.F.);
#5589 = ORIENTED_EDGE('',*,*,#5590,.T.);
#5590 = EDGE_CURVE('',#5513,#5566,#5591,.T.);
#5591 = LINE('',#5592,#5593);
#5592 = CARTESIAN_POINT('',(2.82,-0.32,-3.2));
#5593 = VECTOR('',#5594,1.);
#5594 = DIRECTION('',(-1.,1.224646799147E-16,0.));
#5595 = ORIENTED_EDGE('',*,*,#5573,.T.);
#5596 = ORIENTED_EDGE('',*,*,#4702,.F.);
#5597 = PLANE('',#5598);
#5598 = AXIS2_PLACEMENT_3D('',#5599,#5600,#5601);
#5599 = CARTESIAN_POINT('',(2.82,-0.32,-3.4));
#5600 = DIRECTION('',(1.224646799147E-16,1.,0.));
#5601 = DIRECTION('',(0.,-0.,1.));
#5602 = ADVANCED_FACE('',(#5603),#5628,.F.);
#5603 = FACE_BOUND('',#5604,.F.);
#5604 = EDGE_LOOP('',(#5605,#5615,#5621,#5622));
#5605 = ORIENTED_EDGE('',*,*,#5606,.T.);
#5606 = EDGE_CURVE('',#5607,#5609,#5611,.T.);
#5607 = VERTEX_POINT('',#5608);
#5608 = CARTESIAN_POINT('',(5.32,0.32,-3.2));
#5609 = VERTEX_POINT('',#5610);
#5610 = CARTESIAN_POINT('',(5.32,-0.32,-3.2));
#5611 = LINE('',#5612,#5613);
#5612 = CARTESIAN_POINT('',(5.32,0.32,-3.2));
#5613 = VECTOR('',#5614,1.);
#5614 = DIRECTION('',(-1.224646799147E-16,-1.,0.));
#5615 = ORIENTED_EDGE('',*,*,#5616,.T.);
#5616 = EDGE_CURVE('',#5609,#4741,#5617,.T.);
#5617 = LINE('',#5618,#5619);
#5618 = CARTESIAN_POINT('',(5.32,-0.32,-3.4));
#5619 = VECTOR('',#5620,1.);
#5620 = DIRECTION('',(0.,0.,1.));
#5621 = ORIENTED_EDGE('',*,*,#4738,.F.);
#5622 = ORIENTED_EDGE('',*,*,#5623,.T.);
#5623 = EDGE_CURVE('',#4739,#5607,#5624,.T.);
#5624 = LINE('',#5625,#5626);
#5625 = CARTESIAN_POINT('',(5.32,0.32,6.5));
#5626 = VECTOR('',#5627,1.);
#5627 = DIRECTION('',(-0.,0.,-1.));
#5628 = PLANE('',#5629);
#5629 = AXIS2_PLACEMENT_3D('',#5630,#5631,#5632);
#5630 = CARTESIAN_POINT('',(5.32,-3.918869757272E-17,1.55));
#5631 = DIRECTION('',(-1.,1.224646799147E-16,0.));
#5632 = DIRECTION('',(0.,0.,1.));
#5633 = ADVANCED_FACE('',(#5634),#5652,.F.);
#5634 = FACE_BOUND('',#5635,.F.);
#5635 = EDGE_LOOP('',(#5636,#5637,#5638,#5646));
#5636 = ORIENTED_EDGE('',*,*,#5623,.F.);
#5637 = ORIENTED_EDGE('',*,*,#4764,.F.);
#5638 = ORIENTED_EDGE('',*,*,#5639,.T.);
#5639 = EDGE_CURVE('',#4757,#5640,#5642,.T.);
#5640 = VERTEX_POINT('',#5641);
#5641 = CARTESIAN_POINT('',(4.68,0.32,-3.2));
#5642 = LINE('',#5643,#5644);
#5643 = CARTESIAN_POINT('',(4.68,0.32,6.5));
#5644 = VECTOR('',#5645,1.);
#5645 = DIRECTION('',(-0.,0.,-1.));
#5646 = ORIENTED_EDGE('',*,*,#5647,.F.);
#5647 = EDGE_CURVE('',#5607,#5640,#5648,.T.);
#5648 = LINE('',#5649,#5650);
#5649 = CARTESIAN_POINT('',(5.32,0.32,-3.2));
#5650 = VECTOR('',#5651,1.);
#5651 = DIRECTION('',(-1.,1.224646799147E-16,0.));
#5652 = PLANE('',#5653);
#5653 = AXIS2_PLACEMENT_3D('',#5654,#5655,#5656);
#5654 = CARTESIAN_POINT('',(5.32,0.32,6.5));
#5655 = DIRECTION('',(-1.224646799147E-16,-1.,0.));
#5656 = DIRECTION('',(-0.,0.,-1.));
#5657 = ADVANCED_FACE('',(#5658),#5676,.T.);
#5658 = FACE_BOUND('',#5659,.T.);
#5659 = EDGE_LOOP('',(#5660,#5668,#5674,#5675));
#5660 = ORIENTED_EDGE('',*,*,#5661,.T.);
#5661 = EDGE_CURVE('',#5640,#5662,#5664,.T.);
#5662 = VERTEX_POINT('',#5663);
#5663 = CARTESIAN_POINT('',(4.68,-0.32,-3.2));
#5664 = LINE('',#5665,#5666);
#5665 = CARTESIAN_POINT('',(4.68,0.32,-3.2));
#5666 = VECTOR('',#5667,1.);
#5667 = DIRECTION('',(-1.224646799147E-16,-1.,0.));
#5668 = ORIENTED_EDGE('',*,*,#5669,.T.);
#5669 = EDGE_CURVE('',#5662,#4749,#5670,.T.);
#5670 = LINE('',#5671,#5672);
#5671 = CARTESIAN_POINT('',(4.68,-0.32,-3.4));
#5672 = VECTOR('',#5673,1.);
#5673 = DIRECTION('',(0.,0.,1.));
#5674 = ORIENTED_EDGE('',*,*,#4756,.F.);
#5675 = ORIENTED_EDGE('',*,*,#5639,.T.);
#5676 = PLANE('',#5677);
#5677 = AXIS2_PLACEMENT_3D('',#5678,#5679,#5680);
#5678 = CARTESIAN_POINT('',(4.68,3.918869757272E-17,1.55));
#5679 = DIRECTION('',(-1.,1.224646799147E-16,0.));
#5680 = DIRECTION('',(0.,0.,1.));
#5681 = ADVANCED_FACE('',(#5682),#5693,.F.);
#5682 = FACE_BOUND('',#5683,.F.);
#5683 = EDGE_LOOP('',(#5684,#5685,#5691,#5692));
#5684 = ORIENTED_EDGE('',*,*,#5616,.F.);
#5685 = ORIENTED_EDGE('',*,*,#5686,.T.);
#5686 = EDGE_CURVE('',#5609,#5662,#5687,.T.);
#5687 = LINE('',#5688,#5689);
#5688 = CARTESIAN_POINT('',(5.32,-0.32,-3.2));
#5689 = VECTOR('',#5690,1.);
#5690 = DIRECTION('',(-1.,1.224646799147E-16,0.));
#5691 = ORIENTED_EDGE('',*,*,#5669,.T.);
#5692 = ORIENTED_EDGE('',*,*,#4748,.F.);
#5693 = PLANE('',#5694);
#5694 = AXIS2_PLACEMENT_3D('',#5695,#5696,#5697);
#5695 = CARTESIAN_POINT('',(5.32,-0.32,-3.4));
#5696 = DIRECTION('',(1.224646799147E-16,1.,0.));
#5697 = DIRECTION('',(0.,-0.,1.));
#5698 = ADVANCED_FACE('',(#5699),#5724,.T.);
#5699 = FACE_BOUND('',#5700,.T.);
#5700 = EDGE_LOOP('',(#5701,#5711,#5717,#5718));
#5701 = ORIENTED_EDGE('',*,*,#5702,.T.);
#5702 = EDGE_CURVE('',#5703,#5705,#5707,.T.);
#5703 = VERTEX_POINT('',#5704);
#5704 = CARTESIAN_POINT('',(7.18,0.32,-3.2));
#5705 = VERTEX_POINT('',#5706);
#5706 = CARTESIAN_POINT('',(7.18,-0.32,-3.2));
#5707 = LINE('',#5708,#5709);
#5708 = CARTESIAN_POINT('',(7.18,0.32,-3.2));
#5709 = VECTOR('',#5710,1.);
#5710 = DIRECTION('',(-1.224646799147E-16,-1.,0.));
#5711 = ORIENTED_EDGE('',*,*,#5712,.T.);
#5712 = EDGE_CURVE('',#5705,#4787,#5713,.T.);
#5713 = LINE('',#5714,#5715);
#5714 = CARTESIAN_POINT('',(7.18,-0.32,-3.4));
#5715 = VECTOR('',#5716,1.);
#5716 = DIRECTION('',(0.,0.,1.));
#5717 = ORIENTED_EDGE('',*,*,#4784,.F.);
#5718 = ORIENTED_EDGE('',*,*,#5719,.T.);
#5719 = EDGE_CURVE('',#4785,#5703,#5720,.T.);
#5720 = LINE('',#5721,#5722);
#5721 = CARTESIAN_POINT('',(7.18,0.32,6.5));
#5722 = VECTOR('',#5723,1.);
#5723 = DIRECTION('',(-0.,0.,-1.));
#5724 = PLANE('',#5725);
#5725 = AXIS2_PLACEMENT_3D('',#5726,#5727,#5728);
#5726 = CARTESIAN_POINT('',(7.18,-2.669730022141E-16,1.55));
#5727 = DIRECTION('',(-1.,1.224646799147E-16,0.));
#5728 = DIRECTION('',(0.,0.,1.));
#5729 = ADVANCED_FACE('',(#5730),#5748,.F.);
#5730 = FACE_BOUND('',#5731,.F.);
#5731 = EDGE_LOOP('',(#5732,#5740,#5746,#5747));
#5732 = ORIENTED_EDGE('',*,*,#5733,.F.);
#5733 = EDGE_CURVE('',#5734,#4803,#5736,.T.);
#5734 = VERTEX_POINT('',#5735);
#5735 = CARTESIAN_POINT('',(7.82,-0.32,-3.2));
#5736 = LINE('',#5737,#5738);
#5737 = CARTESIAN_POINT('',(7.82,-0.32,-3.4));
#5738 = VECTOR('',#5739,1.);
#5739 = DIRECTION('',(0.,0.,1.));
#5740 = ORIENTED_EDGE('',*,*,#5741,.T.);
#5741 = EDGE_CURVE('',#5734,#5705,#5742,.T.);
#5742 = LINE('',#5743,#5744);
#5743 = CARTESIAN_POINT('',(7.82,-0.32,-3.2));
#5744 = VECTOR('',#5745,1.);
#5745 = DIRECTION('',(-1.,1.224646799147E-16,0.));
#5746 = ORIENTED_EDGE('',*,*,#5712,.T.);
#5747 = ORIENTED_EDGE('',*,*,#4810,.F.);
#5748 = PLANE('',#5749);
#5749 = AXIS2_PLACEMENT_3D('',#5750,#5751,#5752);
#5750 = CARTESIAN_POINT('',(7.82,-0.32,-3.4));
#5751 = DIRECTION('',(1.224646799147E-16,1.,0.));
#5752 = DIRECTION('',(0.,-0.,1.));
#5753 = ADVANCED_FACE('',(#5754),#5772,.F.);
#5754 = FACE_BOUND('',#5755,.F.);
#5755 = EDGE_LOOP('',(#5756,#5764,#5765,#5766));
#5756 = ORIENTED_EDGE('',*,*,#5757,.T.);
#5757 = EDGE_CURVE('',#5758,#5734,#5760,.T.);
#5758 = VERTEX_POINT('',#5759);
#5759 = CARTESIAN_POINT('',(7.82,0.32,-3.2));
#5760 = LINE('',#5761,#5762);
#5761 = CARTESIAN_POINT('',(7.82,0.32,-3.2));
#5762 = VECTOR('',#5763,1.);
#5763 = DIRECTION('',(-1.224646799147E-16,-1.,0.));
#5764 = ORIENTED_EDGE('',*,*,#5733,.T.);
#5765 = ORIENTED_EDGE('',*,*,#4802,.F.);
#5766 = ORIENTED_EDGE('',*,*,#5767,.T.);
#5767 = EDGE_CURVE('',#4795,#5758,#5768,.T.);
#5768 = LINE('',#5769,#5770);
#5769 = CARTESIAN_POINT('',(7.82,0.32,6.5));
#5770 = VECTOR('',#5771,1.);
#5771 = DIRECTION('',(-0.,0.,-1.));
#5772 = PLANE('',#5773);
#5773 = AXIS2_PLACEMENT_3D('',#5774,#5775,#5776);
#5774 = CARTESIAN_POINT('',(7.82,-3.453503973596E-16,1.55));
#5775 = DIRECTION('',(-1.,1.224646799147E-16,0.));
#5776 = DIRECTION('',(0.,0.,1.));
#5777 = ADVANCED_FACE('',(#5778),#5789,.F.);
#5778 = FACE_BOUND('',#5779,.F.);
#5779 = EDGE_LOOP('',(#5780,#5781,#5782,#5783));
#5780 = ORIENTED_EDGE('',*,*,#5767,.F.);
#5781 = ORIENTED_EDGE('',*,*,#4794,.F.);
#5782 = ORIENTED_EDGE('',*,*,#5719,.T.);
#5783 = ORIENTED_EDGE('',*,*,#5784,.F.);
#5784 = EDGE_CURVE('',#5758,#5703,#5785,.T.);
#5785 = LINE('',#5786,#5787);
#5786 = CARTESIAN_POINT('',(7.82,0.32,-3.2));
#5787 = VECTOR('',#5788,1.);
#5788 = DIRECTION('',(-1.,1.224646799147E-16,0.));
#5789 = PLANE('',#5790);
#5790 = AXIS2_PLACEMENT_3D('',#5791,#5792,#5793);
#5791 = CARTESIAN_POINT('',(7.82,0.32,6.5));
#5792 = DIRECTION('',(-1.224646799147E-16,-1.,0.));
#5793 = DIRECTION('',(-0.,0.,-1.));
#5794 = ADVANCED_FACE('',(#5795),#5820,.F.);
#5795 = FACE_BOUND('',#5796,.F.);
#5796 = EDGE_LOOP('',(#5797,#5805,#5806,#5814));
#5797 = ORIENTED_EDGE('',*,*,#5798,.F.);
#5798 = EDGE_CURVE('',#4833,#5799,#5801,.T.);
#5799 = VERTEX_POINT('',#5800);
#5800 = CARTESIAN_POINT('',(10.32,0.32,-0.9));
#5801 = LINE('',#5802,#5803);
#5802 = CARTESIAN_POINT('',(10.32,0.32,6.5));
#5803 = VECTOR('',#5804,1.);
#5804 = DIRECTION('',(-0.,0.,-1.));
#5805 = ORIENTED_EDGE('',*,*,#4830,.F.);
#5806 = ORIENTED_EDGE('',*,*,#5807,.T.);
#5807 = EDGE_CURVE('',#4831,#5808,#5810,.T.);
#5808 = VERTEX_POINT('',#5809);
#5809 = CARTESIAN_POINT('',(9.68,0.32,-0.9));
#5810 = LINE('',#5811,#5812);
#5811 = CARTESIAN_POINT('',(9.68,0.32,6.5));
#5812 = VECTOR('',#5813,1.);
#5813 = DIRECTION('',(-0.,0.,-1.));
#5814 = ORIENTED_EDGE('',*,*,#5815,.F.);
#5815 = EDGE_CURVE('',#5799,#5808,#5816,.T.);
#5816 = LINE('',#5817,#5818);
#5817 = CARTESIAN_POINT('',(10.32,0.32,-0.9));
#5818 = VECTOR('',#5819,1.);
#5819 = DIRECTION('',(-1.,1.224646799147E-16,0.));
#5820 = PLANE('',#5821);
#5821 = AXIS2_PLACEMENT_3D('',#5822,#5823,#5824);
#5822 = CARTESIAN_POINT('',(10.32,0.32,6.5));
#5823 = DIRECTION('',(-1.224646799147E-16,-1.,0.));
#5824 = DIRECTION('',(-0.,0.,-1.));
#5825 = ADVANCED_FACE('',(#5826),#5876,.T.);
#5826 = FACE_BOUND('',#5827,.T.);
#5827 = EDGE_LOOP('',(#5828,#5838,#5846,#5854,#5860,#5861,#5862,#5870));
#5828 = ORIENTED_EDGE('',*,*,#5829,.T.);
#5829 = EDGE_CURVE('',#5830,#5832,#5834,.T.);
#5830 = VERTEX_POINT('',#5831);
#5831 = CARTESIAN_POINT('',(9.68,0.351578947368,-3.2));
#5832 = VERTEX_POINT('',#5833);
#5833 = CARTESIAN_POINT('',(9.68,-0.288421052632,-3.2));
#5834 = LINE('',#5835,#5836);
#5835 = CARTESIAN_POINT('',(9.68,0.32,-3.2));
#5836 = VECTOR('',#5837,1.);
#5837 = DIRECTION('',(-1.224646799147E-16,-1.,0.));
#5838 = ORIENTED_EDGE('',*,*,#5839,.T.);
#5839 = EDGE_CURVE('',#5832,#5840,#5842,.T.);
#5840 = VERTEX_POINT('',#5841);
#5841 = CARTESIAN_POINT('',(9.68,-2.E-02,-1.5));
#5842 = LINE('',#5843,#5844);
#5843 = CARTESIAN_POINT('',(9.68,-0.32,-3.4));
#5844 = VECTOR('',#5845,1.);
#5845 = DIRECTION('',(1.909990663905E-17,0.155962573473,0.987762965329)
  );
#5846 = ORIENTED_EDGE('',*,*,#5847,.T.);
#5847 = EDGE_CURVE('',#5840,#5848,#5850,.T.);
#5848 = VERTEX_POINT('',#5849);
#5849 = CARTESIAN_POINT('',(9.68,-0.32,-0.9));
#5850 = LINE('',#5851,#5852);
#5851 = CARTESIAN_POINT('',(9.68,-2.E-02,-1.5));
#5852 = VECTOR('',#5853,1.);
#5853 = DIRECTION('',(-5.476786982641E-17,-0.4472135955,0.894427191));
#5854 = ORIENTED_EDGE('',*,*,#5855,.T.);
#5855 = EDGE_CURVE('',#5848,#4849,#5856,.T.);
#5856 = LINE('',#5857,#5858);
#5857 = CARTESIAN_POINT('',(9.68,-0.32,-0.9));
#5858 = VECTOR('',#5859,1.);
#5859 = DIRECTION('',(0.,0.,1.));
#5860 = ORIENTED_EDGE('',*,*,#4856,.F.);
#5861 = ORIENTED_EDGE('',*,*,#5807,.T.);
#5862 = ORIENTED_EDGE('',*,*,#5863,.T.);
#5863 = EDGE_CURVE('',#5808,#5864,#5866,.T.);
#5864 = VERTEX_POINT('',#5865);
#5865 = CARTESIAN_POINT('',(9.68,0.62,-1.5));
#5866 = LINE('',#5867,#5868);
#5867 = CARTESIAN_POINT('',(9.68,0.32,-0.9));
#5868 = VECTOR('',#5869,1.);
#5869 = DIRECTION('',(5.476786982641E-17,0.4472135955,-0.894427191));
#5870 = ORIENTED_EDGE('',*,*,#5871,.T.);
#5871 = EDGE_CURVE('',#5864,#5830,#5872,.T.);
#5872 = LINE('',#5873,#5874);
#5873 = CARTESIAN_POINT('',(9.68,0.62,-1.5));
#5874 = VECTOR('',#5875,1.);
#5875 = DIRECTION('',(-1.909990663905E-17,-0.155962573473,
    -0.987762965329));
#5876 = PLANE('',#5877);
#5877 = AXIS2_PLACEMENT_3D('',#5878,#5879,#5880);
#5878 = CARTESIAN_POINT('',(9.68,3.65940088399E-02,1.522832428212));
#5879 = DIRECTION('',(-1.,1.224646799147E-16,0.));
#5880 = DIRECTION('',(0.,0.,1.));
#5881 = ADVANCED_FACE('',(#5882),#5900,.F.);
#5882 = FACE_BOUND('',#5883,.F.);
#5883 = EDGE_LOOP('',(#5884,#5892,#5898,#5899));
#5884 = ORIENTED_EDGE('',*,*,#5885,.F.);
#5885 = EDGE_CURVE('',#5886,#4841,#5888,.T.);
#5886 = VERTEX_POINT('',#5887);
#5887 = CARTESIAN_POINT('',(10.32,-0.32,-0.9));
#5888 = LINE('',#5889,#5890);
#5889 = CARTESIAN_POINT('',(10.32,-0.32,-0.9));
#5890 = VECTOR('',#5891,1.);
#5891 = DIRECTION('',(0.,0.,1.));
#5892 = ORIENTED_EDGE('',*,*,#5893,.T.);
#5893 = EDGE_CURVE('',#5886,#5848,#5894,.T.);
#5894 = LINE('',#5895,#5896);
#5895 = CARTESIAN_POINT('',(10.32,-0.32,-0.9));
#5896 = VECTOR('',#5897,1.);
#5897 = DIRECTION('',(-1.,1.224646799147E-16,0.));
#5898 = ORIENTED_EDGE('',*,*,#5855,.T.);
#5899 = ORIENTED_EDGE('',*,*,#4848,.F.);
#5900 = PLANE('',#5901);
#5901 = AXIS2_PLACEMENT_3D('',#5902,#5903,#5904);
#5902 = CARTESIAN_POINT('',(10.32,-0.32,-0.9));
#5903 = DIRECTION('',(1.224646799147E-16,1.,0.));
#5904 = DIRECTION('',(0.,-0.,1.));
#5905 = ADVANCED_FACE('',(#5906),#5949,.F.);
#5906 = FACE_BOUND('',#5907,.F.);
#5907 = EDGE_LOOP('',(#5908,#5918,#5926,#5932,#5933,#5934,#5935,#5943));
#5908 = ORIENTED_EDGE('',*,*,#5909,.T.);
#5909 = EDGE_CURVE('',#5910,#5912,#5914,.T.);
#5910 = VERTEX_POINT('',#5911);
#5911 = CARTESIAN_POINT('',(10.32,0.351578947368,-3.2));
#5912 = VERTEX_POINT('',#5913);
#5913 = CARTESIAN_POINT('',(10.32,-0.288421052632,-3.2));
#5914 = LINE('',#5915,#5916);
#5915 = CARTESIAN_POINT('',(10.32,0.32,-3.2));
#5916 = VECTOR('',#5917,1.);
#5917 = DIRECTION('',(-1.224646799147E-16,-1.,0.));
#5918 = ORIENTED_EDGE('',*,*,#5919,.T.);
#5919 = EDGE_CURVE('',#5912,#5920,#5922,.T.);
#5920 = VERTEX_POINT('',#5921);
#5921 = CARTESIAN_POINT('',(10.32,-2.E-02,-1.5));
#5922 = LINE('',#5923,#5924);
#5923 = CARTESIAN_POINT('',(10.32,-0.32,-3.4));
#5924 = VECTOR('',#5925,1.);
#5925 = DIRECTION('',(1.909990663905E-17,0.155962573473,0.987762965329)
  );
#5926 = ORIENTED_EDGE('',*,*,#5927,.T.);
#5927 = EDGE_CURVE('',#5920,#5886,#5928,.T.);
#5928 = LINE('',#5929,#5930);
#5929 = CARTESIAN_POINT('',(10.32,-2.E-02,-1.5));
#5930 = VECTOR('',#5931,1.);
#5931 = DIRECTION('',(-5.476786982641E-17,-0.4472135955,0.894427191));
#5932 = ORIENTED_EDGE('',*,*,#5885,.T.);
#5933 = ORIENTED_EDGE('',*,*,#4840,.F.);
#5934 = ORIENTED_EDGE('',*,*,#5798,.T.);
#5935 = ORIENTED_EDGE('',*,*,#5936,.T.);
#5936 = EDGE_CURVE('',#5799,#5937,#5939,.T.);
#5937 = VERTEX_POINT('',#5938);
#5938 = CARTESIAN_POINT('',(10.32,0.62,-1.5));
#5939 = LINE('',#5940,#5941);
#5940 = CARTESIAN_POINT('',(10.32,0.32,-0.9));
#5941 = VECTOR('',#5942,1.);
#5942 = DIRECTION('',(5.476786982641E-17,0.4472135955,-0.894427191));
#5943 = ORIENTED_EDGE('',*,*,#5944,.T.);
#5944 = EDGE_CURVE('',#5937,#5910,#5945,.T.);
#5945 = LINE('',#5946,#5947);
#5946 = CARTESIAN_POINT('',(10.32,0.62,-1.5));
#5947 = VECTOR('',#5948,1.);
#5948 = DIRECTION('',(-1.909990663905E-17,-0.155962573473,
    -0.987762965329));
#5949 = PLANE('',#5950);
#5950 = AXIS2_PLACEMENT_3D('',#5951,#5952,#5953);
#5951 = CARTESIAN_POINT('',(10.32,3.65940088399E-02,1.522832428212));
#5952 = DIRECTION('',(-1.,1.224646799147E-16,0.));
#5953 = DIRECTION('',(0.,0.,1.));
#5954 = ADVANCED_FACE('',(#5955),#5980,.T.);
#5955 = FACE_BOUND('',#5956,.F.);
#5956 = EDGE_LOOP('',(#5957,#5965,#5973,#5979));
#5957 = ORIENTED_EDGE('',*,*,#5958,.T.);
#5958 = EDGE_CURVE('',#4872,#5959,#5961,.T.);
#5959 = VERTEX_POINT('',#5960);
#5960 = CARTESIAN_POINT('',(5.12,-0.12,6.5));
#5961 = LINE('',#5962,#5963);
#5962 = CARTESIAN_POINT('',(5.253333333333,-0.253333333333,
    6.366666666667));
#5963 = VECTOR('',#5964,1.);
#5964 = DIRECTION('',(-0.57735026919,0.57735026919,0.57735026919));
#5965 = ORIENTED_EDGE('',*,*,#5966,.T.);
#5966 = EDGE_CURVE('',#5959,#5967,#5969,.T.);
#5967 = VERTEX_POINT('',#5968);
#5968 = CARTESIAN_POINT('',(5.12,0.12,6.5));
#5969 = LINE('',#5970,#5971);
#5970 = CARTESIAN_POINT('',(5.12,-0.32,6.5));
#5971 = VECTOR('',#5972,1.);
#5972 = DIRECTION('',(1.224646799147E-16,1.,0.));
#5973 = ORIENTED_EDGE('',*,*,#5974,.T.);
#5974 = EDGE_CURVE('',#5967,#4880,#5975,.T.);
#5975 = LINE('',#5976,#5977);
#5976 = CARTESIAN_POINT('',(5.146666666667,0.146666666667,6.473333333333
    ));
#5977 = VECTOR('',#5978,1.);
#5978 = DIRECTION('',(0.57735026919,0.57735026919,-0.57735026919));
#5979 = ORIENTED_EDGE('',*,*,#4879,.F.);
#5980 = PLANE('',#5981);
#5981 = AXIS2_PLACEMENT_3D('',#5982,#5983,#5984);
#5982 = CARTESIAN_POINT('',(5.22,-0.32,6.4));
#5983 = DIRECTION('',(0.707106781187,-8.833102285013E-17,0.707106781187)
  );
#5984 = DIRECTION('',(-1.236918052038E-16,-1.,-1.227125289097E-18));
#5985 = ADVANCED_FACE('',(#5986),#6004,.T.);
#5986 = FACE_BOUND('',#5987,.F.);
#5987 = EDGE_LOOP('',(#5988,#5989,#5997,#6003));
#5988 = ORIENTED_EDGE('',*,*,#5974,.F.);
#5989 = ORIENTED_EDGE('',*,*,#5990,.T.);
#5990 = EDGE_CURVE('',#5967,#5991,#5993,.T.);
#5991 = VERTEX_POINT('',#5992);
#5992 = CARTESIAN_POINT('',(4.88,0.12,6.5));
#5993 = LINE('',#5994,#5995);
#5994 = CARTESIAN_POINT('',(5.32,0.12,6.5));
#5995 = VECTOR('',#5996,1.);
#5996 = DIRECTION('',(-1.,1.224646799147E-16,0.));
#5997 = ORIENTED_EDGE('',*,*,#5998,.T.);
#5998 = EDGE_CURVE('',#5991,#4903,#5999,.T.);
#5999 = LINE('',#6000,#6001);
#6000 = CARTESIAN_POINT('',(4.96,4.E-02,6.58));
#6001 = VECTOR('',#6002,1.);
#6002 = DIRECTION('',(-0.57735026919,0.57735026919,-0.57735026919));
#6003 = ORIENTED_EDGE('',*,*,#4902,.F.);
#6004 = PLANE('',#6005);
#6005 = AXIS2_PLACEMENT_3D('',#6006,#6007,#6008);
#6006 = CARTESIAN_POINT('',(5.32,0.22,6.4));
#6007 = DIRECTION('',(8.833102285013E-17,0.707106781187,0.707106781187)
  );
#6008 = DIRECTION('',(1.,-1.236918052038E-16,-1.227125289097E-18));
#6009 = ADVANCED_FACE('',(#6010),#6028,.F.);
#6010 = FACE_BOUND('',#6011,.T.);
#6011 = EDGE_LOOP('',(#6012,#6020,#6026,#6027));
#6012 = ORIENTED_EDGE('',*,*,#6013,.T.);
#6013 = EDGE_CURVE('',#4927,#6014,#6016,.T.);
#6014 = VERTEX_POINT('',#6015);
#6015 = CARTESIAN_POINT('',(4.88,-0.12,6.5));
#6016 = LINE('',#6017,#6018);
#6017 = CARTESIAN_POINT('',(4.853333333333,-0.146666666667,
    6.473333333333));
#6018 = VECTOR('',#6019,1.);
#6019 = DIRECTION('',(0.57735026919,0.57735026919,0.57735026919));
#6020 = ORIENTED_EDGE('',*,*,#6021,.T.);
#6021 = EDGE_CURVE('',#6014,#5991,#6022,.T.);
#6022 = LINE('',#6023,#6024);
#6023 = CARTESIAN_POINT('',(4.88,-0.32,6.5));
#6024 = VECTOR('',#6025,1.);
#6025 = DIRECTION('',(1.224646799147E-16,1.,0.));
#6026 = ORIENTED_EDGE('',*,*,#5998,.T.);
#6027 = ORIENTED_EDGE('',*,*,#4934,.F.);
#6028 = PLANE('',#6029);
#6029 = AXIS2_PLACEMENT_3D('',#6030,#6031,#6032);
#6030 = CARTESIAN_POINT('',(4.78,-0.32,6.4));
#6031 = DIRECTION('',(0.707106781187,-8.486018839685E-17,-0.707106781187
    ));
#6032 = DIRECTION('',(-1.212375546256E-16,-1.,-1.227125289196E-18));
#6033 = ADVANCED_FACE('',(#6034),#6045,.T.);
#6034 = FACE_BOUND('',#6035,.F.);
#6035 = EDGE_LOOP('',(#6036,#6037,#6038,#6039));
#6036 = ORIENTED_EDGE('',*,*,#5958,.F.);
#6037 = ORIENTED_EDGE('',*,*,#4952,.T.);
#6038 = ORIENTED_EDGE('',*,*,#6013,.T.);
#6039 = ORIENTED_EDGE('',*,*,#6040,.F.);
#6040 = EDGE_CURVE('',#5959,#6014,#6041,.T.);
#6041 = LINE('',#6042,#6043);
#6042 = CARTESIAN_POINT('',(5.32,-0.12,6.5));
#6043 = VECTOR('',#6044,1.);
#6044 = DIRECTION('',(-1.,1.224646799147E-16,0.));
#6045 = PLANE('',#6046);
#6046 = AXIS2_PLACEMENT_3D('',#6047,#6048,#6049);
#6047 = CARTESIAN_POINT('',(5.32,-0.22,6.4));
#6048 = DIRECTION('',(-8.833102285013E-17,-0.707106781187,0.707106781187
    ));
#6049 = DIRECTION('',(1.,-1.236918052038E-16,1.227125289097E-18));
#6050 = ADVANCED_FACE('',(#6051),#6076,.F.);
#6051 = FACE_BOUND('',#6052,.T.);
#6052 = EDGE_LOOP('',(#6053,#6061,#6069,#6075));
#6053 = ORIENTED_EDGE('',*,*,#6054,.T.);
#6054 = EDGE_CURVE('',#4968,#6055,#6057,.T.);
#6055 = VERTEX_POINT('',#6056);
#6056 = CARTESIAN_POINT('',(7.38,-0.12,6.5));
#6057 = LINE('',#6058,#6059);
#6058 = CARTESIAN_POINT('',(7.353333333333,-0.146666666667,
    6.473333333333));
#6059 = VECTOR('',#6060,1.);
#6060 = DIRECTION('',(0.57735026919,0.57735026919,0.57735026919));
#6061 = ORIENTED_EDGE('',*,*,#6062,.T.);
#6062 = EDGE_CURVE('',#6055,#6063,#6065,.T.);
#6063 = VERTEX_POINT('',#6064);
#6064 = CARTESIAN_POINT('',(7.38,0.12,6.5));
#6065 = LINE('',#6066,#6067);
#6066 = CARTESIAN_POINT('',(7.38,-0.32,6.5));
#6067 = VECTOR('',#6068,1.);
#6068 = DIRECTION('',(1.224646799147E-16,1.,0.));
#6069 = ORIENTED_EDGE('',*,*,#6070,.T.);
#6070 = EDGE_CURVE('',#6063,#4976,#6071,.T.);
#6071 = LINE('',#6072,#6073);
#6072 = CARTESIAN_POINT('',(7.46,4.E-02,6.58));
#6073 = VECTOR('',#6074,1.);
#6074 = DIRECTION('',(-0.57735026919,0.57735026919,-0.57735026919));
#6075 = ORIENTED_EDGE('',*,*,#4975,.F.);
#6076 = PLANE('',#6077);
#6077 = AXIS2_PLACEMENT_3D('',#6078,#6079,#6080);
#6078 = CARTESIAN_POINT('',(7.28,-0.32,6.4));
#6079 = DIRECTION('',(0.707106781187,-8.486018839685E-17,-0.707106781187
    ));
#6080 = DIRECTION('',(-1.212375546256E-16,-1.,-1.227125289196E-18));
#6081 = ADVANCED_FACE('',(#6082),#6100,.T.);
#6082 = FACE_BOUND('',#6083,.F.);
#6083 = EDGE_LOOP('',(#6084,#6092,#6093,#6094));
#6084 = ORIENTED_EDGE('',*,*,#6085,.F.);
#6085 = EDGE_CURVE('',#4998,#6086,#6088,.T.);
#6086 = VERTEX_POINT('',#6087);
#6087 = CARTESIAN_POINT('',(7.62,-0.12,6.5));
#6088 = LINE('',#6089,#6090);
#6089 = CARTESIAN_POINT('',(7.753333333333,-0.253333333333,
    6.366666666667));
#6090 = VECTOR('',#6091,1.);
#6091 = DIRECTION('',(-0.57735026919,0.57735026919,0.57735026919));
#6092 = ORIENTED_EDGE('',*,*,#5007,.T.);
#6093 = ORIENTED_EDGE('',*,*,#6054,.T.);
#6094 = ORIENTED_EDGE('',*,*,#6095,.F.);
#6095 = EDGE_CURVE('',#6086,#6055,#6096,.T.);
#6096 = LINE('',#6097,#6098);
#6097 = CARTESIAN_POINT('',(7.82,-0.12,6.5));
#6098 = VECTOR('',#6099,1.);
#6099 = DIRECTION('',(-1.,1.224646799147E-16,0.));
#6100 = PLANE('',#6101);
#6101 = AXIS2_PLACEMENT_3D('',#6102,#6103,#6104);
#6102 = CARTESIAN_POINT('',(7.82,-0.22,6.4));
#6103 = DIRECTION('',(-8.833102285013E-17,-0.707106781187,0.707106781187
    ));
#6104 = DIRECTION('',(1.,-1.236918052038E-16,1.227125289097E-18));
#6105 = ADVANCED_FACE('',(#6106),#6124,.T.);
#6106 = FACE_BOUND('',#6107,.F.);
#6107 = EDGE_LOOP('',(#6108,#6109,#6117,#6123));
#6108 = ORIENTED_EDGE('',*,*,#6085,.T.);
#6109 = ORIENTED_EDGE('',*,*,#6110,.T.);
#6110 = EDGE_CURVE('',#6086,#6111,#6113,.T.);
#6111 = VERTEX_POINT('',#6112);
#6112 = CARTESIAN_POINT('',(7.62,0.12,6.5));
#6113 = LINE('',#6114,#6115);
#6114 = CARTESIAN_POINT('',(7.62,-0.32,6.5));
#6115 = VECTOR('',#6116,1.);
#6116 = DIRECTION('',(1.224646799147E-16,1.,0.));
#6117 = ORIENTED_EDGE('',*,*,#6118,.T.);
#6118 = EDGE_CURVE('',#6111,#5024,#6119,.T.);
#6119 = LINE('',#6120,#6121);
#6120 = CARTESIAN_POINT('',(7.646666666667,0.146666666667,6.473333333333
    ));
#6121 = VECTOR('',#6122,1.);
#6122 = DIRECTION('',(0.57735026919,0.57735026919,-0.57735026919));
#6123 = ORIENTED_EDGE('',*,*,#5023,.F.);
#6124 = PLANE('',#6125);
#6125 = AXIS2_PLACEMENT_3D('',#6126,#6127,#6128);
#6126 = CARTESIAN_POINT('',(7.72,-0.32,6.4));
#6127 = DIRECTION('',(0.707106781187,-8.833102285013E-17,0.707106781187)
  );
#6128 = DIRECTION('',(-1.236918052038E-16,-1.,-1.227125289097E-18));
#6129 = ADVANCED_FACE('',(#6130),#6141,.T.);
#6130 = FACE_BOUND('',#6131,.F.);
#6131 = EDGE_LOOP('',(#6132,#6133,#6139,#6140));
#6132 = ORIENTED_EDGE('',*,*,#6118,.F.);
#6133 = ORIENTED_EDGE('',*,*,#6134,.T.);
#6134 = EDGE_CURVE('',#6111,#6063,#6135,.T.);
#6135 = LINE('',#6136,#6137);
#6136 = CARTESIAN_POINT('',(7.82,0.12,6.5));
#6137 = VECTOR('',#6138,1.);
#6138 = DIRECTION('',(-1.,1.224646799147E-16,0.));
#6139 = ORIENTED_EDGE('',*,*,#6070,.T.);
#6140 = ORIENTED_EDGE('',*,*,#5046,.F.);
#6141 = PLANE('',#6142);
#6142 = AXIS2_PLACEMENT_3D('',#6143,#6144,#6145);
#6143 = CARTESIAN_POINT('',(7.82,0.22,6.4));
#6144 = DIRECTION('',(8.833102285013E-17,0.707106781187,0.707106781187)
  );
#6145 = DIRECTION('',(1.,-1.236918052038E-16,-1.227125289097E-18));
#6146 = ADVANCED_FACE('',(#6147),#6172,.T.);
#6147 = FACE_BOUND('',#6148,.F.);
#6148 = EDGE_LOOP('',(#6149,#6157,#6165,#6171));
#6149 = ORIENTED_EDGE('',*,*,#6150,.T.);
#6150 = EDGE_CURVE('',#5064,#6151,#6153,.T.);
#6151 = VERTEX_POINT('',#6152);
#6152 = CARTESIAN_POINT('',(2.62,-0.12,6.5));
#6153 = LINE('',#6154,#6155);
#6154 = CARTESIAN_POINT('',(2.753333333333,-0.253333333333,
    6.366666666667));
#6155 = VECTOR('',#6156,1.);
#6156 = DIRECTION('',(-0.57735026919,0.57735026919,0.57735026919));
#6157 = ORIENTED_EDGE('',*,*,#6158,.T.);
#6158 = EDGE_CURVE('',#6151,#6159,#6161,.T.);
#6159 = VERTEX_POINT('',#6160);
#6160 = CARTESIAN_POINT('',(2.62,0.12,6.5));
#6161 = LINE('',#6162,#6163);
#6162 = CARTESIAN_POINT('',(2.62,-0.32,6.5));
#6163 = VECTOR('',#6164,1.);
#6164 = DIRECTION('',(1.224646799147E-16,1.,0.));
#6165 = ORIENTED_EDGE('',*,*,#6166,.T.);
#6166 = EDGE_CURVE('',#6159,#5072,#6167,.T.);
#6167 = LINE('',#6168,#6169);
#6168 = CARTESIAN_POINT('',(2.646666666667,0.146666666667,6.473333333333
    ));
#6169 = VECTOR('',#6170,1.);
#6170 = DIRECTION('',(0.57735026919,0.57735026919,-0.57735026919));
#6171 = ORIENTED_EDGE('',*,*,#5071,.F.);
#6172 = PLANE('',#6173);
#6173 = AXIS2_PLACEMENT_3D('',#6174,#6175,#6176);
#6174 = CARTESIAN_POINT('',(2.72,-0.32,6.4));
#6175 = DIRECTION('',(0.707106781187,-8.833102285013E-17,0.707106781187)
  );
#6176 = DIRECTION('',(-1.236918052038E-16,-1.,-1.227125289097E-18));
#6177 = ADVANCED_FACE('',(#6178),#6196,.T.);
#6178 = FACE_BOUND('',#6179,.F.);
#6179 = EDGE_LOOP('',(#6180,#6181,#6189,#6195));
#6180 = ORIENTED_EDGE('',*,*,#6166,.F.);
#6181 = ORIENTED_EDGE('',*,*,#6182,.T.);
#6182 = EDGE_CURVE('',#6159,#6183,#6185,.T.);
#6183 = VERTEX_POINT('',#6184);
#6184 = CARTESIAN_POINT('',(2.38,0.12,6.5));
#6185 = LINE('',#6186,#6187);
#6186 = CARTESIAN_POINT('',(2.82,0.12,6.5));
#6187 = VECTOR('',#6188,1.);
#6188 = DIRECTION('',(-1.,1.224646799147E-16,0.));
#6189 = ORIENTED_EDGE('',*,*,#6190,.T.);
#6190 = EDGE_CURVE('',#6183,#5095,#6191,.T.);
#6191 = LINE('',#6192,#6193);
#6192 = CARTESIAN_POINT('',(2.46,4.E-02,6.58));
#6193 = VECTOR('',#6194,1.);
#6194 = DIRECTION('',(-0.57735026919,0.57735026919,-0.57735026919));
#6195 = ORIENTED_EDGE('',*,*,#5094,.F.);
#6196 = PLANE('',#6197);
#6197 = AXIS2_PLACEMENT_3D('',#6198,#6199,#6200);
#6198 = CARTESIAN_POINT('',(2.82,0.22,6.4));
#6199 = DIRECTION('',(8.833102285013E-17,0.707106781187,0.707106781187)
  );
#6200 = DIRECTION('',(1.,-1.236918052038E-16,-1.227125289097E-18));
#6201 = ADVANCED_FACE('',(#6202),#6220,.F.);
#6202 = FACE_BOUND('',#6203,.T.);
#6203 = EDGE_LOOP('',(#6204,#6212,#6218,#6219));
#6204 = ORIENTED_EDGE('',*,*,#6205,.T.);
#6205 = EDGE_CURVE('',#5119,#6206,#6208,.T.);
#6206 = VERTEX_POINT('',#6207);
#6207 = CARTESIAN_POINT('',(2.38,-0.12,6.5));
#6208 = LINE('',#6209,#6210);
#6209 = CARTESIAN_POINT('',(2.353333333333,-0.146666666667,
    6.473333333333));
#6210 = VECTOR('',#6211,1.);
#6211 = DIRECTION('',(0.57735026919,0.57735026919,0.57735026919));
#6212 = ORIENTED_EDGE('',*,*,#6213,.T.);
#6213 = EDGE_CURVE('',#6206,#6183,#6214,.T.);
#6214 = LINE('',#6215,#6216);
#6215 = CARTESIAN_POINT('',(2.38,-0.32,6.5));
#6216 = VECTOR('',#6217,1.);
#6217 = DIRECTION('',(1.224646799147E-16,1.,0.));
#6218 = ORIENTED_EDGE('',*,*,#6190,.T.);
#6219 = ORIENTED_EDGE('',*,*,#5126,.F.);
#6220 = PLANE('',#6221);
#6221 = AXIS2_PLACEMENT_3D('',#6222,#6223,#6224);
#6222 = CARTESIAN_POINT('',(2.28,-0.32,6.4));
#6223 = DIRECTION('',(0.707106781187,-8.486018839685E-17,-0.707106781187
    ));
#6224 = DIRECTION('',(-1.212375546256E-16,-1.,-1.227125289196E-18));
#6225 = ADVANCED_FACE('',(#6226),#6237,.T.);
#6226 = FACE_BOUND('',#6227,.F.);
#6227 = EDGE_LOOP('',(#6228,#6229,#6230,#6231));
#6228 = ORIENTED_EDGE('',*,*,#6150,.F.);
#6229 = ORIENTED_EDGE('',*,*,#5144,.T.);
#6230 = ORIENTED_EDGE('',*,*,#6205,.T.);
#6231 = ORIENTED_EDGE('',*,*,#6232,.F.);
#6232 = EDGE_CURVE('',#6151,#6206,#6233,.T.);
#6233 = LINE('',#6234,#6235);
#6234 = CARTESIAN_POINT('',(2.82,-0.12,6.5));
#6235 = VECTOR('',#6236,1.);
#6236 = DIRECTION('',(-1.,1.224646799147E-16,0.));
#6237 = PLANE('',#6238);
#6238 = AXIS2_PLACEMENT_3D('',#6239,#6240,#6241);
#6239 = CARTESIAN_POINT('',(2.82,-0.22,6.4));
#6240 = DIRECTION('',(-8.833102285013E-17,-0.707106781187,0.707106781187
    ));
#6241 = DIRECTION('',(1.,-1.236918052038E-16,1.227125289097E-18));
#6242 = ADVANCED_FACE('',(#6243),#6268,.T.);
#6243 = FACE_BOUND('',#6244,.F.);
#6244 = EDGE_LOOP('',(#6245,#6253,#6261,#6267));
#6245 = ORIENTED_EDGE('',*,*,#6246,.F.);
#6246 = EDGE_CURVE('',#6247,#5159,#6249,.T.);
#6247 = VERTEX_POINT('',#6248);
#6248 = CARTESIAN_POINT('',(10.12,0.12,6.5));
#6249 = LINE('',#6250,#6251);
#6250 = CARTESIAN_POINT('',(10.146666666667,0.146666666667,
    6.473333333333));
#6251 = VECTOR('',#6252,1.);
#6252 = DIRECTION('',(0.57735026919,0.57735026919,-0.57735026919));
#6253 = ORIENTED_EDGE('',*,*,#6254,.T.);
#6254 = EDGE_CURVE('',#6247,#6255,#6257,.T.);
#6255 = VERTEX_POINT('',#6256);
#6256 = CARTESIAN_POINT('',(9.88,0.12,6.5));
#6257 = LINE('',#6258,#6259);
#6258 = CARTESIAN_POINT('',(10.32,0.12,6.5));
#6259 = VECTOR('',#6260,1.);
#6260 = DIRECTION('',(-1.,1.224646799147E-16,0.));
#6261 = ORIENTED_EDGE('',*,*,#6262,.T.);
#6262 = EDGE_CURVE('',#6255,#5167,#6263,.T.);
#6263 = LINE('',#6264,#6265);
#6264 = CARTESIAN_POINT('',(9.96,4.E-02,6.58));
#6265 = VECTOR('',#6266,1.);
#6266 = DIRECTION('',(-0.57735026919,0.57735026919,-0.57735026919));
#6267 = ORIENTED_EDGE('',*,*,#5166,.F.);
#6268 = PLANE('',#6269);
#6269 = AXIS2_PLACEMENT_3D('',#6270,#6271,#6272);
#6270 = CARTESIAN_POINT('',(10.32,0.22,6.4));
#6271 = DIRECTION('',(8.833102285013E-17,0.707106781187,0.707106781187)
  );
#6272 = DIRECTION('',(1.,-1.236918052038E-16,-1.227125289097E-18));
#6273 = ADVANCED_FACE('',(#6274),#6292,.F.);
#6274 = FACE_BOUND('',#6275,.T.);
#6275 = EDGE_LOOP('',(#6276,#6284,#6290,#6291));
#6276 = ORIENTED_EDGE('',*,*,#6277,.T.);
#6277 = EDGE_CURVE('',#5191,#6278,#6280,.T.);
#6278 = VERTEX_POINT('',#6279);
#6279 = CARTESIAN_POINT('',(9.88,-0.12,6.5));
#6280 = LINE('',#6281,#6282);
#6281 = CARTESIAN_POINT('',(9.853333333333,-0.146666666667,
    6.473333333333));
#6282 = VECTOR('',#6283,1.);
#6283 = DIRECTION('',(0.57735026919,0.57735026919,0.57735026919));
#6284 = ORIENTED_EDGE('',*,*,#6285,.T.);
#6285 = EDGE_CURVE('',#6278,#6255,#6286,.T.);
#6286 = LINE('',#6287,#6288);
#6287 = CARTESIAN_POINT('',(9.88,-0.32,6.5));
#6288 = VECTOR('',#6289,1.);
#6289 = DIRECTION('',(1.224646799147E-16,1.,0.));
#6290 = ORIENTED_EDGE('',*,*,#6262,.T.);
#6291 = ORIENTED_EDGE('',*,*,#5198,.F.);
#6292 = PLANE('',#6293);
#6293 = AXIS2_PLACEMENT_3D('',#6294,#6295,#6296);
#6294 = CARTESIAN_POINT('',(9.78,-0.32,6.4));
#6295 = DIRECTION('',(0.707106781187,-8.486018839685E-17,-0.707106781187
    ));
#6296 = DIRECTION('',(-1.212375546256E-16,-1.,-1.227125289196E-18));
#6297 = ADVANCED_FACE('',(#6298),#6316,.T.);
#6298 = FACE_BOUND('',#6299,.F.);
#6299 = EDGE_LOOP('',(#6300,#6308,#6309,#6310));
#6300 = ORIENTED_EDGE('',*,*,#6301,.F.);
#6301 = EDGE_CURVE('',#5214,#6302,#6304,.T.);
#6302 = VERTEX_POINT('',#6303);
#6303 = CARTESIAN_POINT('',(10.12,-0.12,6.5));
#6304 = LINE('',#6305,#6306);
#6305 = CARTESIAN_POINT('',(10.253333333333,-0.253333333333,
    6.366666666667));
#6306 = VECTOR('',#6307,1.);
#6307 = DIRECTION('',(-0.57735026919,0.57735026919,0.57735026919));
#6308 = ORIENTED_EDGE('',*,*,#5223,.T.);
#6309 = ORIENTED_EDGE('',*,*,#6277,.T.);
#6310 = ORIENTED_EDGE('',*,*,#6311,.F.);
#6311 = EDGE_CURVE('',#6302,#6278,#6312,.T.);
#6312 = LINE('',#6313,#6314);
#6313 = CARTESIAN_POINT('',(10.32,-0.12,6.5));
#6314 = VECTOR('',#6315,1.);
#6315 = DIRECTION('',(-1.,1.224646799147E-16,0.));
#6316 = PLANE('',#6317);
#6317 = AXIS2_PLACEMENT_3D('',#6318,#6319,#6320);
#6318 = CARTESIAN_POINT('',(10.32,-0.22,6.4));
#6319 = DIRECTION('',(-8.833102285013E-17,-0.707106781187,0.707106781187
    ));
#6320 = DIRECTION('',(1.,-1.236918052038E-16,1.227125289097E-18));
#6321 = ADVANCED_FACE('',(#6322),#6333,.T.);
#6322 = FACE_BOUND('',#6323,.F.);
#6323 = EDGE_LOOP('',(#6324,#6325,#6331,#6332));
#6324 = ORIENTED_EDGE('',*,*,#6301,.T.);
#6325 = ORIENTED_EDGE('',*,*,#6326,.T.);
#6326 = EDGE_CURVE('',#6302,#6247,#6327,.T.);
#6327 = LINE('',#6328,#6329);
#6328 = CARTESIAN_POINT('',(10.12,-0.32,6.5));
#6329 = VECTOR('',#6330,1.);
#6330 = DIRECTION('',(1.224646799147E-16,1.,0.));
#6331 = ORIENTED_EDGE('',*,*,#6246,.T.);
#6332 = ORIENTED_EDGE('',*,*,#5239,.F.);
#6333 = PLANE('',#6334);
#6334 = AXIS2_PLACEMENT_3D('',#6335,#6336,#6337);
#6335 = CARTESIAN_POINT('',(10.22,-0.32,6.4));
#6336 = DIRECTION('',(0.707106781187,-8.833102285013E-17,0.707106781187)
  );
#6337 = DIRECTION('',(-1.236918052038E-16,-1.,-1.227125289097E-18));
#6338 = ADVANCED_FACE('',(#6339),#6364,.F.);
#6339 = FACE_BOUND('',#6340,.T.);
#6340 = EDGE_LOOP('',(#6341,#6349,#6357,#6363));
#6341 = ORIENTED_EDGE('',*,*,#6342,.T.);
#6342 = EDGE_CURVE('',#5256,#6343,#6345,.T.);
#6343 = VERTEX_POINT('',#6344);
#6344 = CARTESIAN_POINT('',(-0.12,-0.12,6.5));
#6345 = LINE('',#6346,#6347);
#6346 = CARTESIAN_POINT('',(-0.146666666667,-0.146666666667,
    6.473333333333));
#6347 = VECTOR('',#6348,1.);
#6348 = DIRECTION('',(0.57735026919,0.57735026919,0.57735026919));
#6349 = ORIENTED_EDGE('',*,*,#6350,.T.);
#6350 = EDGE_CURVE('',#6343,#6351,#6353,.T.);
#6351 = VERTEX_POINT('',#6352);
#6352 = CARTESIAN_POINT('',(-0.12,0.12,6.5));
#6353 = LINE('',#6354,#6355);
#6354 = CARTESIAN_POINT('',(-0.12,-0.32,6.5));
#6355 = VECTOR('',#6356,1.);
#6356 = DIRECTION('',(1.224646799147E-16,1.,0.));
#6357 = ORIENTED_EDGE('',*,*,#6358,.T.);
#6358 = EDGE_CURVE('',#6351,#5264,#6359,.T.);
#6359 = LINE('',#6360,#6361);
#6360 = CARTESIAN_POINT('',(-4.E-02,4.E-02,6.58));
#6361 = VECTOR('',#6362,1.);
#6362 = DIRECTION('',(-0.57735026919,0.57735026919,-0.57735026919));
#6363 = ORIENTED_EDGE('',*,*,#5263,.F.);
#6364 = PLANE('',#6365);
#6365 = AXIS2_PLACEMENT_3D('',#6366,#6367,#6368);
#6366 = CARTESIAN_POINT('',(-0.22,-0.32,6.4));
#6367 = DIRECTION('',(0.707106781187,-8.486018839685E-17,-0.707106781187
    ));
#6368 = DIRECTION('',(-1.212375546256E-16,-1.,-1.227125289196E-18));
#6369 = ADVANCED_FACE('',(#6370),#6388,.T.);
#6370 = FACE_BOUND('',#6371,.F.);
#6371 = EDGE_LOOP('',(#6372,#6380,#6381,#6382));
#6372 = ORIENTED_EDGE('',*,*,#6373,.F.);
#6373 = EDGE_CURVE('',#5286,#6374,#6376,.T.);
#6374 = VERTEX_POINT('',#6375);
#6375 = CARTESIAN_POINT('',(0.12,-0.12,6.5));
#6376 = LINE('',#6377,#6378);
#6377 = CARTESIAN_POINT('',(0.253333333333,-0.253333333333,
    6.366666666667));
#6378 = VECTOR('',#6379,1.);
#6379 = DIRECTION('',(-0.57735026919,0.57735026919,0.57735026919));
#6380 = ORIENTED_EDGE('',*,*,#5295,.T.);
#6381 = ORIENTED_EDGE('',*,*,#6342,.T.);
#6382 = ORIENTED_EDGE('',*,*,#6383,.F.);
#6383 = EDGE_CURVE('',#6374,#6343,#6384,.T.);
#6384 = LINE('',#6385,#6386);
#6385 = CARTESIAN_POINT('',(0.32,-0.12,6.5));
#6386 = VECTOR('',#6387,1.);
#6387 = DIRECTION('',(-1.,1.224646799147E-16,0.));
#6388 = PLANE('',#6389);
#6389 = AXIS2_PLACEMENT_3D('',#6390,#6391,#6392);
#6390 = CARTESIAN_POINT('',(0.32,-0.22,6.4));
#6391 = DIRECTION('',(-8.833102285013E-17,-0.707106781187,0.707106781187
    ));
#6392 = DIRECTION('',(1.,-1.236918052038E-16,1.227125289097E-18));
#6393 = ADVANCED_FACE('',(#6394),#6412,.T.);
#6394 = FACE_BOUND('',#6395,.F.);
#6395 = EDGE_LOOP('',(#6396,#6397,#6405,#6411));
#6396 = ORIENTED_EDGE('',*,*,#6373,.T.);
#6397 = ORIENTED_EDGE('',*,*,#6398,.T.);
#6398 = EDGE_CURVE('',#6374,#6399,#6401,.T.);
#6399 = VERTEX_POINT('',#6400);
#6400 = CARTESIAN_POINT('',(0.12,0.12,6.5));
#6401 = LINE('',#6402,#6403);
#6402 = CARTESIAN_POINT('',(0.12,-0.32,6.5));
#6403 = VECTOR('',#6404,1.);
#6404 = DIRECTION('',(1.224646799147E-16,1.,0.));
#6405 = ORIENTED_EDGE('',*,*,#6406,.T.);
#6406 = EDGE_CURVE('',#6399,#5312,#6407,.T.);
#6407 = LINE('',#6408,#6409);
#6408 = CARTESIAN_POINT('',(0.146666666667,0.146666666667,6.473333333333
    ));
#6409 = VECTOR('',#6410,1.);
#6410 = DIRECTION('',(0.57735026919,0.57735026919,-0.57735026919));
#6411 = ORIENTED_EDGE('',*,*,#5311,.F.);
#6412 = PLANE('',#6413);
#6413 = AXIS2_PLACEMENT_3D('',#6414,#6415,#6416);
#6414 = CARTESIAN_POINT('',(0.22,-0.32,6.4));
#6415 = DIRECTION('',(0.707106781187,-8.833102285013E-17,0.707106781187)
  );
#6416 = DIRECTION('',(-1.236918052038E-16,-1.,-1.227125289097E-18));
#6417 = ADVANCED_FACE('',(#6418),#6429,.T.);
#6418 = FACE_BOUND('',#6419,.F.);
#6419 = EDGE_LOOP('',(#6420,#6421,#6427,#6428));
#6420 = ORIENTED_EDGE('',*,*,#6406,.F.);
#6421 = ORIENTED_EDGE('',*,*,#6422,.T.);
#6422 = EDGE_CURVE('',#6399,#6351,#6423,.T.);
#6423 = LINE('',#6424,#6425);
#6424 = CARTESIAN_POINT('',(0.32,0.12,6.5));
#6425 = VECTOR('',#6426,1.);
#6426 = DIRECTION('',(-1.,1.224646799147E-16,0.));
#6427 = ORIENTED_EDGE('',*,*,#6358,.T.);
#6428 = ORIENTED_EDGE('',*,*,#5334,.F.);
#6429 = PLANE('',#6430);
#6430 = AXIS2_PLACEMENT_3D('',#6431,#6432,#6433);
#6431 = CARTESIAN_POINT('',(0.32,0.22,6.4));
#6432 = DIRECTION('',(8.833102285013E-17,0.707106781187,0.707106781187)
  );
#6433 = DIRECTION('',(1.,-1.236918052038E-16,-1.227125289097E-18));
#6434 = ADVANCED_FACE('',(#6435),#6476,.F.);
#6435 = FACE_BOUND('',#6436,.T.);
#6436 = EDGE_LOOP('',(#6437,#6447,#6455,#6463,#6469,#6470));
#6437 = ORIENTED_EDGE('',*,*,#6438,.F.);
#6438 = EDGE_CURVE('',#6439,#6441,#6443,.T.);
#6439 = VERTEX_POINT('',#6440);
#6440 = CARTESIAN_POINT('',(-0.12,0.12,-3.4));
#6441 = VERTEX_POINT('',#6442);
#6442 = CARTESIAN_POINT('',(-0.317552593066,0.351192514695,
    -3.202447406934));
#6443 = LINE('',#6444,#6445);
#6444 = CARTESIAN_POINT('',(-0.153849098111,0.159613036666,
    -3.366150901889));
#6445 = VECTOR('',#6446,1.);
#6446 = DIRECTION('',(-0.544770019249,0.63753529491,0.544770019249));
#6447 = ORIENTED_EDGE('',*,*,#6448,.T.);
#6448 = EDGE_CURVE('',#6439,#6449,#6451,.T.);
#6449 = VERTEX_POINT('',#6450);
#6450 = CARTESIAN_POINT('',(-0.12,-0.12,-3.4));
#6451 = LINE('',#6452,#6453);
#6452 = CARTESIAN_POINT('',(-0.12,0.32,-3.4));
#6453 = VECTOR('',#6454,1.);
#6454 = DIRECTION('',(-1.224646799147E-16,-1.,0.));
#6455 = ORIENTED_EDGE('',*,*,#6456,.T.);
#6456 = EDGE_CURVE('',#6449,#6457,#6459,.T.);
#6457 = VERTEX_POINT('',#6458);
#6458 = CARTESIAN_POINT('',(-0.317552593066,-0.288807485305,
    -3.202447406934));
#6459 = LINE('',#6460,#6461);
#6460 = CARTESIAN_POINT('',(-3.848855660758E-02,-5.034896900541E-02,
    -3.481511443392));
#6461 = VECTOR('',#6462,1.);
#6462 = DIRECTION('',(-0.605209817607,-0.517148096144,0.605209817607));
#6463 = ORIENTED_EDGE('',*,*,#6464,.T.);
#6464 = EDGE_CURVE('',#6457,#5353,#6465,.T.);
#6465 = LINE('',#6466,#6467);
#6466 = CARTESIAN_POINT('',(-8.569083447332E-02,-0.325417236662,
    -3.434309165527));
#6467 = VECTOR('',#6468,1.);
#6468 = DIRECTION('',(-0.702740385383,0.110959008218,0.702740385383));
#6469 = ORIENTED_EDGE('',*,*,#5350,.F.);
#6470 = ORIENTED_EDGE('',*,*,#6471,.F.);
#6471 = EDGE_CURVE('',#6441,#5351,#6472,.T.);
#6472 = LINE('',#6473,#6474);
#6473 = CARTESIAN_POINT('',(-0.541586867305,0.386566347469,
    -2.978413132695));
#6474 = VECTOR('',#6475,1.);
#6475 = DIRECTION('',(-0.702740385383,0.110959008218,0.702740385383));
#6476 = PLANE('',#6477);
#6477 = AXIS2_PLACEMENT_3D('',#6478,#6479,#6480);
#6478 = CARTESIAN_POINT('',(-0.22,0.32,-3.3));
#6479 = DIRECTION('',(0.707106781187,-8.833102285013E-17,0.707106781187)
  );
#6480 = DIRECTION('',(1.236918052038E-16,1.,1.227125289097E-18));
#6481 = ADVANCED_FACE('',(#6482),#6507,.F.);
#6482 = FACE_BOUND('',#6483,.F.);
#6483 = EDGE_LOOP('',(#6484,#6485,#6491,#6492,#6493,#6501));
#6484 = ORIENTED_EDGE('',*,*,#5479,.F.);
#6485 = ORIENTED_EDGE('',*,*,#6486,.T.);
#6486 = EDGE_CURVE('',#5472,#5392,#6487,.T.);
#6487 = LINE('',#6488,#6489);
#6488 = CARTESIAN_POINT('',(0.32,0.62,-1.5));
#6489 = VECTOR('',#6490,1.);
#6490 = DIRECTION('',(-1.,1.224646799147E-16,0.));
#6491 = ORIENTED_EDGE('',*,*,#5399,.T.);
#6492 = ORIENTED_EDGE('',*,*,#6471,.F.);
#6493 = ORIENTED_EDGE('',*,*,#6494,.F.);
#6494 = EDGE_CURVE('',#6495,#6441,#6497,.T.);
#6495 = VERTEX_POINT('',#6496);
#6496 = CARTESIAN_POINT('',(0.317552593066,0.351192514695,
    -3.202447406934));
#6497 = LINE('',#6498,#6499);
#6498 = CARTESIAN_POINT('',(0.32,0.351192514695,-3.202447406934));
#6499 = VECTOR('',#6500,1.);
#6500 = DIRECTION('',(-1.,1.224646799147E-16,0.));
#6501 = ORIENTED_EDGE('',*,*,#6502,.T.);
#6502 = EDGE_CURVE('',#6495,#5438,#6503,.T.);
#6503 = LINE('',#6504,#6505);
#6504 = CARTESIAN_POINT('',(0.699616963064,0.411518467852,
    -2.820383036936));
#6505 = VECTOR('',#6506,1.);
#6506 = DIRECTION('',(0.702740385383,0.110959008218,0.702740385383));
#6507 = PLANE('',#6508);
#6508 = AXIS2_PLACEMENT_3D('',#6509,#6510,#6511);
#6509 = CARTESIAN_POINT('',(0.32,0.62,-1.5));
#6510 = DIRECTION('',(-1.209660753807E-16,-0.987762965329,0.155962573473
    ));
#6511 = DIRECTION('',(-1.909990663905E-17,-0.155962573473,
    -0.987762965329));
#6512 = ADVANCED_FACE('',(#6513),#6519,.F.);
#6513 = FACE_BOUND('',#6514,.F.);
#6514 = EDGE_LOOP('',(#6515,#6516,#6517,#6518));
#6515 = ORIENTED_EDGE('',*,*,#5496,.T.);
#6516 = ORIENTED_EDGE('',*,*,#5391,.T.);
#6517 = ORIENTED_EDGE('',*,*,#6486,.F.);
#6518 = ORIENTED_EDGE('',*,*,#5471,.F.);
#6519 = PLANE('',#6520);
#6520 = AXIS2_PLACEMENT_3D('',#6521,#6522,#6523);
#6521 = CARTESIAN_POINT('',(0.32,0.32,-0.9));
#6522 = DIRECTION('',(-1.095357396528E-16,-0.894427191,-0.4472135955));
#6523 = DIRECTION('',(5.476786982641E-17,0.4472135955,-0.894427191));
#6524 = ADVANCED_FACE('',(#6525),#6536,.F.);
#6525 = FACE_BOUND('',#6526,.F.);
#6526 = EDGE_LOOP('',(#6527,#6533,#6534,#6535));
#6527 = ORIENTED_EDGE('',*,*,#6528,.T.);
#6528 = EDGE_CURVE('',#5448,#5361,#6529,.T.);
#6529 = LINE('',#6530,#6531);
#6530 = CARTESIAN_POINT('',(0.32,-2.E-02,-1.5));
#6531 = VECTOR('',#6532,1.);
#6532 = DIRECTION('',(-1.,1.224646799147E-16,0.));
#6533 = ORIENTED_EDGE('',*,*,#5368,.T.);
#6534 = ORIENTED_EDGE('',*,*,#5421,.F.);
#6535 = ORIENTED_EDGE('',*,*,#5455,.F.);
#6536 = PLANE('',#6537);
#6537 = AXIS2_PLACEMENT_3D('',#6538,#6539,#6540);
#6538 = CARTESIAN_POINT('',(0.32,-2.E-02,-1.5));
#6539 = DIRECTION('',(1.095357396528E-16,0.894427191,0.4472135955));
#6540 = DIRECTION('',(-5.476786982641E-17,-0.4472135955,0.894427191));
#6541 = ADVANCED_FACE('',(#6542),#6562,.F.);
#6542 = FACE_BOUND('',#6543,.F.);
#6543 = EDGE_LOOP('',(#6544,#6545,#6553,#6559,#6560,#6561));
#6544 = ORIENTED_EDGE('',*,*,#5447,.F.);
#6545 = ORIENTED_EDGE('',*,*,#6546,.F.);
#6546 = EDGE_CURVE('',#6547,#5440,#6549,.T.);
#6547 = VERTEX_POINT('',#6548);
#6548 = CARTESIAN_POINT('',(0.317552593066,-0.288807485305,
    -3.202447406934));
#6549 = LINE('',#6550,#6551);
#6550 = CARTESIAN_POINT('',(0.243720930233,-0.300465116279,
    -3.276279069767));
#6551 = VECTOR('',#6552,1.);
#6552 = DIRECTION('',(0.702740385383,0.110959008218,0.702740385383));
#6553 = ORIENTED_EDGE('',*,*,#6554,.T.);
#6554 = EDGE_CURVE('',#6547,#6457,#6555,.T.);
#6555 = LINE('',#6556,#6557);
#6556 = CARTESIAN_POINT('',(0.32,-0.288807485305,-3.202447406934));
#6557 = VECTOR('',#6558,1.);
#6558 = DIRECTION('',(-1.,1.224646799147E-16,0.));
#6559 = ORIENTED_EDGE('',*,*,#6464,.T.);
#6560 = ORIENTED_EDGE('',*,*,#5360,.T.);
#6561 = ORIENTED_EDGE('',*,*,#6528,.F.);
#6562 = PLANE('',#6563);
#6563 = AXIS2_PLACEMENT_3D('',#6564,#6565,#6566);
#6564 = CARTESIAN_POINT('',(0.32,-0.32,-3.4));
#6565 = DIRECTION('',(1.209660753807E-16,0.987762965329,-0.155962573473)
  );
#6566 = DIRECTION('',(1.909990663905E-17,0.155962573473,0.987762965329)
  );
#6567 = ADVANCED_FACE('',(#6568),#6595,.T.);
#6568 = FACE_BOUND('',#6569,.F.);
#6569 = EDGE_LOOP('',(#6570,#6578,#6586,#6592,#6593,#6594));
#6570 = ORIENTED_EDGE('',*,*,#6571,.F.);
#6571 = EDGE_CURVE('',#6572,#6495,#6574,.T.);
#6572 = VERTEX_POINT('',#6573);
#6573 = CARTESIAN_POINT('',(0.12,0.12,-3.4));
#6574 = LINE('',#6575,#6576);
#6575 = CARTESIAN_POINT('',(0.24881689775,0.270752273427,-3.27118310225)
  );
#6576 = VECTOR('',#6577,1.);
#6577 = DIRECTION('',(0.544770019249,0.63753529491,0.544770019249));
#6578 = ORIENTED_EDGE('',*,*,#6579,.T.);
#6579 = EDGE_CURVE('',#6572,#6580,#6582,.T.);
#6580 = VERTEX_POINT('',#6581);
#6581 = CARTESIAN_POINT('',(0.12,-0.12,-3.4));
#6582 = LINE('',#6583,#6584);
#6583 = CARTESIAN_POINT('',(0.12,0.32,-3.4));
#6584 = VECTOR('',#6585,1.);
#6585 = DIRECTION('',(-1.224646799147E-16,-1.,0.));
#6586 = ORIENTED_EDGE('',*,*,#6587,.T.);
#6587 = EDGE_CURVE('',#6580,#6547,#6588,.T.);
#6588 = LINE('',#6589,#6590);
#6589 = CARTESIAN_POINT('',(0.155697812072,-0.150503562587,
    -3.364302187928));
#6590 = VECTOR('',#6591,1.);
#6591 = DIRECTION('',(0.605209817607,-0.517148096144,0.605209817607));
#6592 = ORIENTED_EDGE('',*,*,#6546,.T.);
#6593 = ORIENTED_EDGE('',*,*,#5437,.F.);
#6594 = ORIENTED_EDGE('',*,*,#6502,.F.);
#6595 = PLANE('',#6596);
#6596 = AXIS2_PLACEMENT_3D('',#6597,#6598,#6599);
#6597 = CARTESIAN_POINT('',(0.22,0.32,-3.3));
#6598 = DIRECTION('',(0.707106781187,-8.486018839685E-17,-0.707106781187
    ));
#6599 = DIRECTION('',(1.212375546256E-16,1.,1.227125289196E-18));
#6600 = ADVANCED_FACE('',(#6601),#6626,.T.);
#6601 = FACE_BOUND('',#6602,.F.);
#6602 = EDGE_LOOP('',(#6603,#6611,#6619,#6625));
#6603 = ORIENTED_EDGE('',*,*,#6604,.F.);
#6604 = EDGE_CURVE('',#6605,#5511,#6607,.T.);
#6605 = VERTEX_POINT('',#6606);
#6606 = CARTESIAN_POINT('',(2.62,0.12,-3.4));
#6607 = LINE('',#6608,#6609);
#6608 = CARTESIAN_POINT('',(2.753333333333,0.253333333333,
    -3.266666666667));
#6609 = VECTOR('',#6610,1.);
#6610 = DIRECTION('',(0.57735026919,0.57735026919,0.57735026919));
#6611 = ORIENTED_EDGE('',*,*,#6612,.T.);
#6612 = EDGE_CURVE('',#6605,#6613,#6615,.T.);
#6613 = VERTEX_POINT('',#6614);
#6614 = CARTESIAN_POINT('',(2.62,-0.12,-3.4));
#6615 = LINE('',#6616,#6617);
#6616 = CARTESIAN_POINT('',(2.62,0.32,-3.4));
#6617 = VECTOR('',#6618,1.);
#6618 = DIRECTION('',(-1.224646799147E-16,-1.,0.));
#6619 = ORIENTED_EDGE('',*,*,#6620,.T.);
#6620 = EDGE_CURVE('',#6613,#5513,#6621,.T.);
#6621 = LINE('',#6622,#6623);
#6622 = CARTESIAN_POINT('',(2.646666666667,-0.146666666667,
    -3.373333333333));
#6623 = VECTOR('',#6624,1.);
#6624 = DIRECTION('',(0.57735026919,-0.57735026919,0.57735026919));
#6625 = ORIENTED_EDGE('',*,*,#5510,.F.);
#6626 = PLANE('',#6627);
#6627 = AXIS2_PLACEMENT_3D('',#6628,#6629,#6630);
#6628 = CARTESIAN_POINT('',(2.72,0.32,-3.3));
#6629 = DIRECTION('',(0.707106781187,-8.486018839685E-17,-0.707106781187
    ));
#6630 = DIRECTION('',(1.212375546256E-16,1.,1.227125289196E-18));
#6631 = ADVANCED_FACE('',(#6632),#6650,.T.);
#6632 = FACE_BOUND('',#6633,.T.);
#6633 = EDGE_LOOP('',(#6634,#6635,#6643,#6649));
#6634 = ORIENTED_EDGE('',*,*,#6604,.F.);
#6635 = ORIENTED_EDGE('',*,*,#6636,.T.);
#6636 = EDGE_CURVE('',#6605,#6637,#6639,.T.);
#6637 = VERTEX_POINT('',#6638);
#6638 = CARTESIAN_POINT('',(2.38,0.12,-3.4));
#6639 = LINE('',#6640,#6641);
#6640 = CARTESIAN_POINT('',(2.82,0.12,-3.4));
#6641 = VECTOR('',#6642,1.);
#6642 = DIRECTION('',(-1.,1.224646799147E-16,0.));
#6643 = ORIENTED_EDGE('',*,*,#6644,.T.);
#6644 = EDGE_CURVE('',#6637,#5544,#6645,.T.);
#6645 = LINE('',#6646,#6647);
#6646 = CARTESIAN_POINT('',(2.353333333333,0.146666666667,
    -3.373333333333));
#6647 = VECTOR('',#6648,1.);
#6648 = DIRECTION('',(-0.57735026919,0.57735026919,0.57735026919));
#6649 = ORIENTED_EDGE('',*,*,#5551,.F.);
#6650 = PLANE('',#6651);
#6651 = AXIS2_PLACEMENT_3D('',#6652,#6653,#6654);
#6652 = CARTESIAN_POINT('',(2.82,0.22,-3.3));
#6653 = DIRECTION('',(8.486018839685E-17,0.707106781187,-0.707106781187)
  );
#6654 = DIRECTION('',(-1.,1.212375546256E-16,1.227125289196E-18));
#6655 = ADVANCED_FACE('',(#6656),#6674,.F.);
#6656 = FACE_BOUND('',#6657,.T.);
#6657 = EDGE_LOOP('',(#6658,#6659,#6667,#6673));
#6658 = ORIENTED_EDGE('',*,*,#6644,.F.);
#6659 = ORIENTED_EDGE('',*,*,#6660,.T.);
#6660 = EDGE_CURVE('',#6637,#6661,#6663,.T.);
#6661 = VERTEX_POINT('',#6662);
#6662 = CARTESIAN_POINT('',(2.38,-0.12,-3.4));
#6663 = LINE('',#6664,#6665);
#6664 = CARTESIAN_POINT('',(2.38,0.32,-3.4));
#6665 = VECTOR('',#6666,1.);
#6666 = DIRECTION('',(-1.224646799147E-16,-1.,0.));
#6667 = ORIENTED_EDGE('',*,*,#6668,.T.);
#6668 = EDGE_CURVE('',#6661,#5566,#6669,.T.);
#6669 = LINE('',#6670,#6671);
#6670 = CARTESIAN_POINT('',(2.46,-4.E-02,-3.48));
#6671 = VECTOR('',#6672,1.);
#6672 = DIRECTION('',(-0.57735026919,-0.57735026919,0.57735026919));
#6673 = ORIENTED_EDGE('',*,*,#5565,.F.);
#6674 = PLANE('',#6675);
#6675 = AXIS2_PLACEMENT_3D('',#6676,#6677,#6678);
#6676 = CARTESIAN_POINT('',(2.28,0.32,-3.3));
#6677 = DIRECTION('',(0.707106781187,-8.833102285013E-17,0.707106781187)
  );
#6678 = DIRECTION('',(1.236918052038E-16,1.,1.227125289097E-18));
#6679 = ADVANCED_FACE('',(#6680),#6691,.T.);
#6680 = FACE_BOUND('',#6681,.F.);
#6681 = EDGE_LOOP('',(#6682,#6683,#6689,#6690));
#6682 = ORIENTED_EDGE('',*,*,#6620,.F.);
#6683 = ORIENTED_EDGE('',*,*,#6684,.T.);
#6684 = EDGE_CURVE('',#6613,#6661,#6685,.T.);
#6685 = LINE('',#6686,#6687);
#6686 = CARTESIAN_POINT('',(2.82,-0.12,-3.4));
#6687 = VECTOR('',#6688,1.);
#6688 = DIRECTION('',(-1.,1.224646799147E-16,0.));
#6689 = ORIENTED_EDGE('',*,*,#6668,.T.);
#6690 = ORIENTED_EDGE('',*,*,#5590,.F.);
#6691 = PLANE('',#6692);
#6692 = AXIS2_PLACEMENT_3D('',#6693,#6694,#6695);
#6693 = CARTESIAN_POINT('',(2.82,-0.22,-3.3));
#6694 = DIRECTION('',(-8.486018839685E-17,-0.707106781187,
    -0.707106781187));
#6695 = DIRECTION('',(1.,-1.212375546256E-16,1.227125289196E-18));
#6696 = ADVANCED_FACE('',(#6697),#6722,.T.);
#6697 = FACE_BOUND('',#6698,.F.);
#6698 = EDGE_LOOP('',(#6699,#6707,#6715,#6721));
#6699 = ORIENTED_EDGE('',*,*,#6700,.F.);
#6700 = EDGE_CURVE('',#6701,#5607,#6703,.T.);
#6701 = VERTEX_POINT('',#6702);
#6702 = CARTESIAN_POINT('',(5.12,0.12,-3.4));
#6703 = LINE('',#6704,#6705);
#6704 = CARTESIAN_POINT('',(5.253333333333,0.253333333333,
    -3.266666666667));
#6705 = VECTOR('',#6706,1.);
#6706 = DIRECTION('',(0.57735026919,0.57735026919,0.57735026919));
#6707 = ORIENTED_EDGE('',*,*,#6708,.T.);
#6708 = EDGE_CURVE('',#6701,#6709,#6711,.T.);
#6709 = VERTEX_POINT('',#6710);
#6710 = CARTESIAN_POINT('',(5.12,-0.12,-3.4));
#6711 = LINE('',#6712,#6713);
#6712 = CARTESIAN_POINT('',(5.12,0.32,-3.4));
#6713 = VECTOR('',#6714,1.);
#6714 = DIRECTION('',(-1.224646799147E-16,-1.,0.));
#6715 = ORIENTED_EDGE('',*,*,#6716,.T.);
#6716 = EDGE_CURVE('',#6709,#5609,#6717,.T.);
#6717 = LINE('',#6718,#6719);
#6718 = CARTESIAN_POINT('',(5.146666666667,-0.146666666667,
    -3.373333333333));
#6719 = VECTOR('',#6720,1.);
#6720 = DIRECTION('',(0.57735026919,-0.57735026919,0.57735026919));
#6721 = ORIENTED_EDGE('',*,*,#5606,.F.);
#6722 = PLANE('',#6723);
#6723 = AXIS2_PLACEMENT_3D('',#6724,#6725,#6726);
#6724 = CARTESIAN_POINT('',(5.22,0.32,-3.3));
#6725 = DIRECTION('',(0.707106781187,-8.486018839685E-17,-0.707106781187
    ));
#6726 = DIRECTION('',(1.212375546256E-16,1.,1.227125289196E-18));
#6727 = ADVANCED_FACE('',(#6728),#6746,.T.);
#6728 = FACE_BOUND('',#6729,.T.);
#6729 = EDGE_LOOP('',(#6730,#6731,#6739,#6745));
#6730 = ORIENTED_EDGE('',*,*,#6700,.F.);
#6731 = ORIENTED_EDGE('',*,*,#6732,.T.);
#6732 = EDGE_CURVE('',#6701,#6733,#6735,.T.);
#6733 = VERTEX_POINT('',#6734);
#6734 = CARTESIAN_POINT('',(4.88,0.12,-3.4));
#6735 = LINE('',#6736,#6737);
#6736 = CARTESIAN_POINT('',(5.32,0.12,-3.4));
#6737 = VECTOR('',#6738,1.);
#6738 = DIRECTION('',(-1.,1.224646799147E-16,0.));
#6739 = ORIENTED_EDGE('',*,*,#6740,.T.);
#6740 = EDGE_CURVE('',#6733,#5640,#6741,.T.);
#6741 = LINE('',#6742,#6743);
#6742 = CARTESIAN_POINT('',(4.853333333333,0.146666666667,
    -3.373333333333));
#6743 = VECTOR('',#6744,1.);
#6744 = DIRECTION('',(-0.57735026919,0.57735026919,0.57735026919));
#6745 = ORIENTED_EDGE('',*,*,#5647,.F.);
#6746 = PLANE('',#6747);
#6747 = AXIS2_PLACEMENT_3D('',#6748,#6749,#6750);
#6748 = CARTESIAN_POINT('',(5.32,0.22,-3.3));
#6749 = DIRECTION('',(8.486018839685E-17,0.707106781187,-0.707106781187)
  );
#6750 = DIRECTION('',(-1.,1.212375546256E-16,1.227125289196E-18));
#6751 = ADVANCED_FACE('',(#6752),#6770,.F.);
#6752 = FACE_BOUND('',#6753,.T.);
#6753 = EDGE_LOOP('',(#6754,#6755,#6763,#6769));
#6754 = ORIENTED_EDGE('',*,*,#6740,.F.);
#6755 = ORIENTED_EDGE('',*,*,#6756,.T.);
#6756 = EDGE_CURVE('',#6733,#6757,#6759,.T.);
#6757 = VERTEX_POINT('',#6758);
#6758 = CARTESIAN_POINT('',(4.88,-0.12,-3.4));
#6759 = LINE('',#6760,#6761);
#6760 = CARTESIAN_POINT('',(4.88,0.32,-3.4));
#6761 = VECTOR('',#6762,1.);
#6762 = DIRECTION('',(-1.224646799147E-16,-1.,0.));
#6763 = ORIENTED_EDGE('',*,*,#6764,.T.);
#6764 = EDGE_CURVE('',#6757,#5662,#6765,.T.);
#6765 = LINE('',#6766,#6767);
#6766 = CARTESIAN_POINT('',(4.96,-4.E-02,-3.48));
#6767 = VECTOR('',#6768,1.);
#6768 = DIRECTION('',(-0.57735026919,-0.57735026919,0.57735026919));
#6769 = ORIENTED_EDGE('',*,*,#5661,.F.);
#6770 = PLANE('',#6771);
#6771 = AXIS2_PLACEMENT_3D('',#6772,#6773,#6774);
#6772 = CARTESIAN_POINT('',(4.78,0.32,-3.3));
#6773 = DIRECTION('',(0.707106781187,-8.833102285013E-17,0.707106781187)
  );
#6774 = DIRECTION('',(1.236918052038E-16,1.,1.227125289097E-18));
#6775 = ADVANCED_FACE('',(#6776),#6787,.T.);
#6776 = FACE_BOUND('',#6777,.F.);
#6777 = EDGE_LOOP('',(#6778,#6779,#6785,#6786));
#6778 = ORIENTED_EDGE('',*,*,#6716,.F.);
#6779 = ORIENTED_EDGE('',*,*,#6780,.T.);
#6780 = EDGE_CURVE('',#6709,#6757,#6781,.T.);
#6781 = LINE('',#6782,#6783);
#6782 = CARTESIAN_POINT('',(5.32,-0.12,-3.4));
#6783 = VECTOR('',#6784,1.);
#6784 = DIRECTION('',(-1.,1.224646799147E-16,0.));
#6785 = ORIENTED_EDGE('',*,*,#6764,.T.);
#6786 = ORIENTED_EDGE('',*,*,#5686,.F.);
#6787 = PLANE('',#6788);
#6788 = AXIS2_PLACEMENT_3D('',#6789,#6790,#6791);
#6789 = CARTESIAN_POINT('',(5.32,-0.22,-3.3));
#6790 = DIRECTION('',(-8.486018839685E-17,-0.707106781187,
    -0.707106781187));
#6791 = DIRECTION('',(1.,-1.212375546256E-16,1.227125289196E-18));
#6792 = ADVANCED_FACE('',(#6793),#6818,.F.);
#6793 = FACE_BOUND('',#6794,.T.);
#6794 = EDGE_LOOP('',(#6795,#6803,#6811,#6817));
#6795 = ORIENTED_EDGE('',*,*,#6796,.F.);
#6796 = EDGE_CURVE('',#6797,#5703,#6799,.T.);
#6797 = VERTEX_POINT('',#6798);
#6798 = CARTESIAN_POINT('',(7.38,0.12,-3.4));
#6799 = LINE('',#6800,#6801);
#6800 = CARTESIAN_POINT('',(7.353333333333,0.146666666667,
    -3.373333333333));
#6801 = VECTOR('',#6802,1.);
#6802 = DIRECTION('',(-0.57735026919,0.57735026919,0.57735026919));
#6803 = ORIENTED_EDGE('',*,*,#6804,.T.);
#6804 = EDGE_CURVE('',#6797,#6805,#6807,.T.);
#6805 = VERTEX_POINT('',#6806);
#6806 = CARTESIAN_POINT('',(7.38,-0.12,-3.4));
#6807 = LINE('',#6808,#6809);
#6808 = CARTESIAN_POINT('',(7.38,0.32,-3.4));
#6809 = VECTOR('',#6810,1.);
#6810 = DIRECTION('',(-1.224646799147E-16,-1.,0.));
#6811 = ORIENTED_EDGE('',*,*,#6812,.T.);
#6812 = EDGE_CURVE('',#6805,#5705,#6813,.T.);
#6813 = LINE('',#6814,#6815);
#6814 = CARTESIAN_POINT('',(7.46,-4.E-02,-3.48));
#6815 = VECTOR('',#6816,1.);
#6816 = DIRECTION('',(-0.57735026919,-0.57735026919,0.57735026919));
#6817 = ORIENTED_EDGE('',*,*,#5702,.F.);
#6818 = PLANE('',#6819);
#6819 = AXIS2_PLACEMENT_3D('',#6820,#6821,#6822);
#6820 = CARTESIAN_POINT('',(7.28,0.32,-3.3));
#6821 = DIRECTION('',(0.707106781187,-8.833102285013E-17,0.707106781187)
  );
#6822 = DIRECTION('',(1.236918052038E-16,1.,1.227125289097E-18));
#6823 = ADVANCED_FACE('',(#6824),#6842,.T.);
#6824 = FACE_BOUND('',#6825,.F.);
#6825 = EDGE_LOOP('',(#6826,#6834,#6840,#6841));
#6826 = ORIENTED_EDGE('',*,*,#6827,.F.);
#6827 = EDGE_CURVE('',#6828,#5734,#6830,.T.);
#6828 = VERTEX_POINT('',#6829);
#6829 = CARTESIAN_POINT('',(7.62,-0.12,-3.4));
#6830 = LINE('',#6831,#6832);
#6831 = CARTESIAN_POINT('',(7.646666666667,-0.146666666667,
    -3.373333333333));
#6832 = VECTOR('',#6833,1.);
#6833 = DIRECTION('',(0.57735026919,-0.57735026919,0.57735026919));
#6834 = ORIENTED_EDGE('',*,*,#6835,.T.);
#6835 = EDGE_CURVE('',#6828,#6805,#6836,.T.);
#6836 = LINE('',#6837,#6838);
#6837 = CARTESIAN_POINT('',(7.82,-0.12,-3.4));
#6838 = VECTOR('',#6839,1.);
#6839 = DIRECTION('',(-1.,1.224646799147E-16,0.));
#6840 = ORIENTED_EDGE('',*,*,#6812,.T.);
#6841 = ORIENTED_EDGE('',*,*,#5741,.F.);
#6842 = PLANE('',#6843);
#6843 = AXIS2_PLACEMENT_3D('',#6844,#6845,#6846);
#6844 = CARTESIAN_POINT('',(7.82,-0.22,-3.3));
#6845 = DIRECTION('',(-8.486018839685E-17,-0.707106781187,
    -0.707106781187));
#6846 = DIRECTION('',(1.,-1.212375546256E-16,1.227125289196E-18));
#6847 = ADVANCED_FACE('',(#6848),#6866,.T.);
#6848 = FACE_BOUND('',#6849,.F.);
#6849 = EDGE_LOOP('',(#6850,#6858,#6864,#6865));
#6850 = ORIENTED_EDGE('',*,*,#6851,.F.);
#6851 = EDGE_CURVE('',#6852,#5758,#6854,.T.);
#6852 = VERTEX_POINT('',#6853);
#6853 = CARTESIAN_POINT('',(7.62,0.12,-3.4));
#6854 = LINE('',#6855,#6856);
#6855 = CARTESIAN_POINT('',(7.753333333333,0.253333333333,
    -3.266666666667));
#6856 = VECTOR('',#6857,1.);
#6857 = DIRECTION('',(0.57735026919,0.57735026919,0.57735026919));
#6858 = ORIENTED_EDGE('',*,*,#6859,.T.);
#6859 = EDGE_CURVE('',#6852,#6828,#6860,.T.);
#6860 = LINE('',#6861,#6862);
#6861 = CARTESIAN_POINT('',(7.62,0.32,-3.4));
#6862 = VECTOR('',#6863,1.);
#6863 = DIRECTION('',(-1.224646799147E-16,-1.,0.));
#6864 = ORIENTED_EDGE('',*,*,#6827,.T.);
#6865 = ORIENTED_EDGE('',*,*,#5757,.F.);
#6866 = PLANE('',#6867);
#6867 = AXIS2_PLACEMENT_3D('',#6868,#6869,#6870);
#6868 = CARTESIAN_POINT('',(7.72,0.32,-3.3));
#6869 = DIRECTION('',(0.707106781187,-8.486018839685E-17,-0.707106781187
    ));
#6870 = DIRECTION('',(1.212375546256E-16,1.,1.227125289196E-18));
#6871 = ADVANCED_FACE('',(#6872),#6883,.T.);
#6872 = FACE_BOUND('',#6873,.T.);
#6873 = EDGE_LOOP('',(#6874,#6875,#6881,#6882));
#6874 = ORIENTED_EDGE('',*,*,#6851,.F.);
#6875 = ORIENTED_EDGE('',*,*,#6876,.T.);
#6876 = EDGE_CURVE('',#6852,#6797,#6877,.T.);
#6877 = LINE('',#6878,#6879);
#6878 = CARTESIAN_POINT('',(7.82,0.12,-3.4));
#6879 = VECTOR('',#6880,1.);
#6880 = DIRECTION('',(-1.,1.224646799147E-16,0.));
#6881 = ORIENTED_EDGE('',*,*,#6796,.T.);
#6882 = ORIENTED_EDGE('',*,*,#5784,.F.);
#6883 = PLANE('',#6884);
#6884 = AXIS2_PLACEMENT_3D('',#6885,#6886,#6887);
#6885 = CARTESIAN_POINT('',(7.82,0.22,-3.3));
#6886 = DIRECTION('',(8.486018839685E-17,0.707106781187,-0.707106781187)
  );
#6887 = DIRECTION('',(-1.,1.212375546256E-16,1.227125289196E-18));
#6888 = ADVANCED_FACE('',(#6889),#6900,.F.);
#6889 = FACE_BOUND('',#6890,.F.);
#6890 = EDGE_LOOP('',(#6891,#6892,#6893,#6899));
#6891 = ORIENTED_EDGE('',*,*,#5815,.T.);
#6892 = ORIENTED_EDGE('',*,*,#5863,.T.);
#6893 = ORIENTED_EDGE('',*,*,#6894,.F.);
#6894 = EDGE_CURVE('',#5937,#5864,#6895,.T.);
#6895 = LINE('',#6896,#6897);
#6896 = CARTESIAN_POINT('',(10.32,0.62,-1.5));
#6897 = VECTOR('',#6898,1.);
#6898 = DIRECTION('',(-1.,1.224646799147E-16,0.));
#6899 = ORIENTED_EDGE('',*,*,#5936,.F.);
#6900 = PLANE('',#6901);
#6901 = AXIS2_PLACEMENT_3D('',#6902,#6903,#6904);
#6902 = CARTESIAN_POINT('',(10.32,0.32,-0.9));
#6903 = DIRECTION('',(-1.095357396528E-16,-0.894427191,-0.4472135955));
#6904 = DIRECTION('',(5.476786982641E-17,0.4472135955,-0.894427191));
#6905 = ADVANCED_FACE('',(#6906),#6947,.F.);
#6906 = FACE_BOUND('',#6907,.T.);
#6907 = EDGE_LOOP('',(#6908,#6918,#6926,#6934,#6940,#6941));
#6908 = ORIENTED_EDGE('',*,*,#6909,.F.);
#6909 = EDGE_CURVE('',#6910,#6912,#6914,.T.);
#6910 = VERTEX_POINT('',#6911);
#6911 = CARTESIAN_POINT('',(9.88,0.12,-3.4));
#6912 = VERTEX_POINT('',#6913);
#6913 = CARTESIAN_POINT('',(9.682447406934,0.351192514695,
    -3.202447406934));
#6914 = LINE('',#6915,#6916);
#6915 = CARTESIAN_POINT('',(9.846150901889,0.159613036666,
    -3.366150901889));
#6916 = VECTOR('',#6917,1.);
#6917 = DIRECTION('',(-0.544770019249,0.63753529491,0.544770019249));
#6918 = ORIENTED_EDGE('',*,*,#6919,.T.);
#6919 = EDGE_CURVE('',#6910,#6920,#6922,.T.);
#6920 = VERTEX_POINT('',#6921);
#6921 = CARTESIAN_POINT('',(9.88,-0.12,-3.4));
#6922 = LINE('',#6923,#6924);
#6923 = CARTESIAN_POINT('',(9.88,0.32,-3.4));
#6924 = VECTOR('',#6925,1.);
#6925 = DIRECTION('',(-1.224646799147E-16,-1.,0.));
#6926 = ORIENTED_EDGE('',*,*,#6927,.T.);
#6927 = EDGE_CURVE('',#6920,#6928,#6930,.T.);
#6928 = VERTEX_POINT('',#6929);
#6929 = CARTESIAN_POINT('',(9.682447406934,-0.288807485305,
    -3.202447406934));
#6930 = LINE('',#6931,#6932);
#6931 = CARTESIAN_POINT('',(9.961511443392,-5.034896900541E-02,
    -3.481511443392));
#6932 = VECTOR('',#6933,1.);
#6933 = DIRECTION('',(-0.605209817607,-0.517148096144,0.605209817607));
#6934 = ORIENTED_EDGE('',*,*,#6935,.T.);
#6935 = EDGE_CURVE('',#6928,#5832,#6936,.T.);
#6936 = LINE('',#6937,#6938);
#6937 = CARTESIAN_POINT('',(9.914309165527,-0.325417236662,
    -3.434309165527));
#6938 = VECTOR('',#6939,1.);
#6939 = DIRECTION('',(-0.702740385383,0.110959008218,0.702740385383));
#6940 = ORIENTED_EDGE('',*,*,#5829,.F.);
#6941 = ORIENTED_EDGE('',*,*,#6942,.F.);
#6942 = EDGE_CURVE('',#6912,#5830,#6943,.T.);
#6943 = LINE('',#6944,#6945);
#6944 = CARTESIAN_POINT('',(9.458413132695,0.386566347469,
    -2.978413132695));
#6945 = VECTOR('',#6946,1.);
#6946 = DIRECTION('',(-0.702740385383,0.110959008218,0.702740385383));
#6947 = PLANE('',#6948);
#6948 = AXIS2_PLACEMENT_3D('',#6949,#6950,#6951);
#6949 = CARTESIAN_POINT('',(9.78,0.32,-3.3));
#6950 = DIRECTION('',(0.707106781187,-8.833102285013E-17,0.707106781187)
  );
#6951 = DIRECTION('',(1.236918052038E-16,1.,1.227125289097E-18));
#6952 = ADVANCED_FACE('',(#6953),#6973,.F.);
#6953 = FACE_BOUND('',#6954,.F.);
#6954 = EDGE_LOOP('',(#6955,#6956,#6957,#6958,#6959,#6967));
#6955 = ORIENTED_EDGE('',*,*,#5944,.F.);
#6956 = ORIENTED_EDGE('',*,*,#6894,.T.);
#6957 = ORIENTED_EDGE('',*,*,#5871,.T.);
#6958 = ORIENTED_EDGE('',*,*,#6942,.F.);
#6959 = ORIENTED_EDGE('',*,*,#6960,.F.);
#6960 = EDGE_CURVE('',#6961,#6912,#6963,.T.);
#6961 = VERTEX_POINT('',#6962);
#6962 = CARTESIAN_POINT('',(10.317552593066,0.351192514695,
    -3.202447406934));
#6963 = LINE('',#6964,#6965);
#6964 = CARTESIAN_POINT('',(10.32,0.351192514695,-3.202447406934));
#6965 = VECTOR('',#6966,1.);
#6966 = DIRECTION('',(-1.,1.224646799147E-16,0.));
#6967 = ORIENTED_EDGE('',*,*,#6968,.T.);
#6968 = EDGE_CURVE('',#6961,#5910,#6969,.T.);
#6969 = LINE('',#6970,#6971);
#6970 = CARTESIAN_POINT('',(10.699616963064,0.411518467852,
    -2.820383036936));
#6971 = VECTOR('',#6972,1.);
#6972 = DIRECTION('',(0.702740385383,0.110959008218,0.702740385383));
#6973 = PLANE('',#6974);
#6974 = AXIS2_PLACEMENT_3D('',#6975,#6976,#6977);
#6975 = CARTESIAN_POINT('',(10.32,0.62,-1.5));
#6976 = DIRECTION('',(-1.209660753807E-16,-0.987762965329,0.155962573473
    ));
#6977 = DIRECTION('',(-1.909990663905E-17,-0.155962573473,
    -0.987762965329));
#6978 = ADVANCED_FACE('',(#6979),#6990,.F.);
#6979 = FACE_BOUND('',#6980,.F.);
#6980 = EDGE_LOOP('',(#6981,#6987,#6988,#6989));
#6981 = ORIENTED_EDGE('',*,*,#6982,.T.);
#6982 = EDGE_CURVE('',#5920,#5840,#6983,.T.);
#6983 = LINE('',#6984,#6985);
#6984 = CARTESIAN_POINT('',(10.32,-2.E-02,-1.5));
#6985 = VECTOR('',#6986,1.);
#6986 = DIRECTION('',(-1.,1.224646799147E-16,0.));
#6987 = ORIENTED_EDGE('',*,*,#5847,.T.);
#6988 = ORIENTED_EDGE('',*,*,#5893,.F.);
#6989 = ORIENTED_EDGE('',*,*,#5927,.F.);
#6990 = PLANE('',#6991);
#6991 = AXIS2_PLACEMENT_3D('',#6992,#6993,#6994);
#6992 = CARTESIAN_POINT('',(10.32,-2.E-02,-1.5));
#6993 = DIRECTION('',(1.095357396528E-16,0.894427191,0.4472135955));
#6994 = DIRECTION('',(-5.476786982641E-17,-0.4472135955,0.894427191));
#6995 = ADVANCED_FACE('',(#6996),#7016,.F.);
#6996 = FACE_BOUND('',#6997,.F.);
#6997 = EDGE_LOOP('',(#6998,#6999,#7007,#7013,#7014,#7015));
#6998 = ORIENTED_EDGE('',*,*,#5919,.F.);
#6999 = ORIENTED_EDGE('',*,*,#7000,.F.);
#7000 = EDGE_CURVE('',#7001,#5912,#7003,.T.);
#7001 = VERTEX_POINT('',#7002);
#7002 = CARTESIAN_POINT('',(10.317552593066,-0.288807485305,
    -3.202447406934));
#7003 = LINE('',#7004,#7005);
#7004 = CARTESIAN_POINT('',(10.243720930233,-0.300465116279,
    -3.276279069767));
#7005 = VECTOR('',#7006,1.);
#7006 = DIRECTION('',(0.702740385383,0.110959008218,0.702740385383));
#7007 = ORIENTED_EDGE('',*,*,#7008,.T.);
#7008 = EDGE_CURVE('',#7001,#6928,#7009,.T.);
#7009 = LINE('',#7010,#7011);
#7010 = CARTESIAN_POINT('',(10.32,-0.288807485305,-3.202447406934));
#7011 = VECTOR('',#7012,1.);
#7012 = DIRECTION('',(-1.,1.224646799147E-16,0.));
#7013 = ORIENTED_EDGE('',*,*,#6935,.T.);
#7014 = ORIENTED_EDGE('',*,*,#5839,.T.);
#7015 = ORIENTED_EDGE('',*,*,#6982,.F.);
#7016 = PLANE('',#7017);
#7017 = AXIS2_PLACEMENT_3D('',#7018,#7019,#7020);
#7018 = CARTESIAN_POINT('',(10.32,-0.32,-3.4));
#7019 = DIRECTION('',(1.209660753807E-16,0.987762965329,-0.155962573473)
  );
#7020 = DIRECTION('',(1.909990663905E-17,0.155962573473,0.987762965329)
  );
#7021 = ADVANCED_FACE('',(#7022),#7049,.T.);
#7022 = FACE_BOUND('',#7023,.F.);
#7023 = EDGE_LOOP('',(#7024,#7032,#7040,#7046,#7047,#7048));
#7024 = ORIENTED_EDGE('',*,*,#7025,.F.);
#7025 = EDGE_CURVE('',#7026,#6961,#7028,.T.);
#7026 = VERTEX_POINT('',#7027);
#7027 = CARTESIAN_POINT('',(10.12,0.12,-3.4));
#7028 = LINE('',#7029,#7030);
#7029 = CARTESIAN_POINT('',(10.24881689775,0.270752273427,-3.27118310225
    ));
#7030 = VECTOR('',#7031,1.);
#7031 = DIRECTION('',(0.544770019249,0.63753529491,0.544770019249));
#7032 = ORIENTED_EDGE('',*,*,#7033,.T.);
#7033 = EDGE_CURVE('',#7026,#7034,#7036,.T.);
#7034 = VERTEX_POINT('',#7035);
#7035 = CARTESIAN_POINT('',(10.12,-0.12,-3.4));
#7036 = LINE('',#7037,#7038);
#7037 = CARTESIAN_POINT('',(10.12,0.32,-3.4));
#7038 = VECTOR('',#7039,1.);
#7039 = DIRECTION('',(-1.224646799147E-16,-1.,0.));
#7040 = ORIENTED_EDGE('',*,*,#7041,.T.);
#7041 = EDGE_CURVE('',#7034,#7001,#7042,.T.);
#7042 = LINE('',#7043,#7044);
#7043 = CARTESIAN_POINT('',(10.155697812072,-0.150503562587,
    -3.364302187928));
#7044 = VECTOR('',#7045,1.);
#7045 = DIRECTION('',(0.605209817607,-0.517148096144,0.605209817607));
#7046 = ORIENTED_EDGE('',*,*,#7000,.T.);
#7047 = ORIENTED_EDGE('',*,*,#5909,.F.);
#7048 = ORIENTED_EDGE('',*,*,#6968,.F.);
#7049 = PLANE('',#7050);
#7050 = AXIS2_PLACEMENT_3D('',#7051,#7052,#7053);
#7051 = CARTESIAN_POINT('',(10.22,0.32,-3.3));
#7052 = DIRECTION('',(0.707106781187,-8.486018839685E-17,-0.707106781187
    ));
#7053 = DIRECTION('',(1.212375546256E-16,1.,1.227125289196E-18));
#7054 = ADVANCED_FACE('',(#7055),#7061,.F.);
#7055 = FACE_BOUND('',#7056,.F.);
#7056 = EDGE_LOOP('',(#7057,#7058,#7059,#7060));
#7057 = ORIENTED_EDGE('',*,*,#5990,.F.);
#7058 = ORIENTED_EDGE('',*,*,#5966,.F.);
#7059 = ORIENTED_EDGE('',*,*,#6040,.T.);
#7060 = ORIENTED_EDGE('',*,*,#6021,.T.);
#7061 = PLANE('',#7062);
#7062 = AXIS2_PLACEMENT_3D('',#7063,#7064,#7065);
#7063 = CARTESIAN_POINT('',(5.32,-0.32,6.5));
#7064 = DIRECTION('',(-0.,0.,-1.));
#7065 = DIRECTION('',(1.224646799147E-16,1.,0.));
#7066 = ADVANCED_FACE('',(#7067),#7073,.F.);
#7067 = FACE_BOUND('',#7068,.F.);
#7068 = EDGE_LOOP('',(#7069,#7070,#7071,#7072));
#7069 = ORIENTED_EDGE('',*,*,#6134,.F.);
#7070 = ORIENTED_EDGE('',*,*,#6110,.F.);
#7071 = ORIENTED_EDGE('',*,*,#6095,.T.);
#7072 = ORIENTED_EDGE('',*,*,#6062,.T.);
#7073 = PLANE('',#7074);
#7074 = AXIS2_PLACEMENT_3D('',#7075,#7076,#7077);
#7075 = CARTESIAN_POINT('',(7.82,-0.32,6.5));
#7076 = DIRECTION('',(-0.,0.,-1.));
#7077 = DIRECTION('',(1.224646799147E-16,1.,0.));
#7078 = ADVANCED_FACE('',(#7079),#7085,.F.);
#7079 = FACE_BOUND('',#7080,.F.);
#7080 = EDGE_LOOP('',(#7081,#7082,#7083,#7084));
#7081 = ORIENTED_EDGE('',*,*,#6182,.F.);
#7082 = ORIENTED_EDGE('',*,*,#6158,.F.);
#7083 = ORIENTED_EDGE('',*,*,#6232,.T.);
#7084 = ORIENTED_EDGE('',*,*,#6213,.T.);
#7085 = PLANE('',#7086);
#7086 = AXIS2_PLACEMENT_3D('',#7087,#7088,#7089);
#7087 = CARTESIAN_POINT('',(2.82,-0.32,6.5));
#7088 = DIRECTION('',(-0.,0.,-1.));
#7089 = DIRECTION('',(1.224646799147E-16,1.,0.));
#7090 = ADVANCED_FACE('',(#7091),#7097,.F.);
#7091 = FACE_BOUND('',#7092,.F.);
#7092 = EDGE_LOOP('',(#7093,#7094,#7095,#7096));
#7093 = ORIENTED_EDGE('',*,*,#6311,.T.);
#7094 = ORIENTED_EDGE('',*,*,#6285,.T.);
#7095 = ORIENTED_EDGE('',*,*,#6254,.F.);
#7096 = ORIENTED_EDGE('',*,*,#6326,.F.);
#7097 = PLANE('',#7098);
#7098 = AXIS2_PLACEMENT_3D('',#7099,#7100,#7101);
#7099 = CARTESIAN_POINT('',(10.32,-0.32,6.5));
#7100 = DIRECTION('',(-0.,0.,-1.));
#7101 = DIRECTION('',(1.224646799147E-16,1.,0.));
#7102 = ADVANCED_FACE('',(#7103),#7109,.F.);
#7103 = FACE_BOUND('',#7104,.F.);
#7104 = EDGE_LOOP('',(#7105,#7106,#7107,#7108));
#7105 = ORIENTED_EDGE('',*,*,#6383,.T.);
#7106 = ORIENTED_EDGE('',*,*,#6350,.T.);
#7107 = ORIENTED_EDGE('',*,*,#6422,.F.);
#7108 = ORIENTED_EDGE('',*,*,#6398,.F.);
#7109 = PLANE('',#7110);
#7110 = AXIS2_PLACEMENT_3D('',#7111,#7112,#7113);
#7111 = CARTESIAN_POINT('',(0.32,-0.32,6.5));
#7112 = DIRECTION('',(-0.,0.,-1.));
#7113 = DIRECTION('',(1.224646799147E-16,1.,0.));
#7114 = ADVANCED_FACE('',(#7115),#7126,.T.);
#7115 = FACE_BOUND('',#7116,.T.);
#7116 = EDGE_LOOP('',(#7117,#7118,#7124,#7125));
#7117 = ORIENTED_EDGE('',*,*,#6571,.F.);
#7118 = ORIENTED_EDGE('',*,*,#7119,.T.);
#7119 = EDGE_CURVE('',#6572,#6439,#7120,.T.);
#7120 = LINE('',#7121,#7122);
#7121 = CARTESIAN_POINT('',(0.32,0.12,-3.4));
#7122 = VECTOR('',#7123,1.);
#7123 = DIRECTION('',(-1.,1.224646799147E-16,0.));
#7124 = ORIENTED_EDGE('',*,*,#6438,.T.);
#7125 = ORIENTED_EDGE('',*,*,#6494,.F.);
#7126 = PLANE('',#7127);
#7127 = AXIS2_PLACEMENT_3D('',#7128,#7129,#7130);
#7128 = CARTESIAN_POINT('',(0.32,0.235596257347,-3.301223703467));
#7129 = DIRECTION('',(8.302774088379E-17,0.64962967394,-0.760250805153)
  );
#7130 = DIRECTION('',(-1.,1.247195775152E-16,-2.638869166629E-18));
#7131 = ADVANCED_FACE('',(#7132),#7143,.F.);
#7132 = FACE_BOUND('',#7133,.F.);
#7133 = EDGE_LOOP('',(#7134,#7135,#7136,#7137));
#7134 = ORIENTED_EDGE('',*,*,#6579,.F.);
#7135 = ORIENTED_EDGE('',*,*,#7119,.T.);
#7136 = ORIENTED_EDGE('',*,*,#6448,.T.);
#7137 = ORIENTED_EDGE('',*,*,#7138,.F.);
#7138 = EDGE_CURVE('',#6580,#6449,#7139,.T.);
#7139 = LINE('',#7140,#7141);
#7140 = CARTESIAN_POINT('',(0.32,-0.12,-3.4));
#7141 = VECTOR('',#7142,1.);
#7142 = DIRECTION('',(-1.,1.224646799147E-16,0.));
#7143 = PLANE('',#7144);
#7144 = AXIS2_PLACEMENT_3D('',#7145,#7146,#7147);
#7145 = CARTESIAN_POINT('',(0.32,0.32,-3.4));
#7146 = DIRECTION('',(0.,0.,1.));
#7147 = DIRECTION('',(-1.224646799147E-16,-1.,0.));
#7148 = ADVANCED_FACE('',(#7149),#7155,.T.);
#7149 = FACE_BOUND('',#7150,.F.);
#7150 = EDGE_LOOP('',(#7151,#7152,#7153,#7154));
#7151 = ORIENTED_EDGE('',*,*,#6587,.F.);
#7152 = ORIENTED_EDGE('',*,*,#7138,.T.);
#7153 = ORIENTED_EDGE('',*,*,#6456,.T.);
#7154 = ORIENTED_EDGE('',*,*,#6554,.F.);
#7155 = PLANE('',#7156);
#7156 = AXIS2_PLACEMENT_3D('',#7157,#7158,#7159);
#7157 = CARTESIAN_POINT('',(0.32,-0.204403742653,-3.301223703467));
#7158 = DIRECTION('',(-9.310387150808E-17,-0.760250805153,-0.64962967394
    ));
#7159 = DIRECTION('',(1.,-1.224646799148E-16,-5.515863360725E-29));
#7160 = ADVANCED_FACE('',(#7161),#7167,.F.);
#7161 = FACE_BOUND('',#7162,.F.);
#7162 = EDGE_LOOP('',(#7163,#7164,#7165,#7166));
#7163 = ORIENTED_EDGE('',*,*,#6636,.T.);
#7164 = ORIENTED_EDGE('',*,*,#6660,.T.);
#7165 = ORIENTED_EDGE('',*,*,#6684,.F.);
#7166 = ORIENTED_EDGE('',*,*,#6612,.F.);
#7167 = PLANE('',#7168);
#7168 = AXIS2_PLACEMENT_3D('',#7169,#7170,#7171);
#7169 = CARTESIAN_POINT('',(2.82,0.32,-3.4));
#7170 = DIRECTION('',(0.,0.,1.));
#7171 = DIRECTION('',(-1.224646799147E-16,-1.,0.));
#7172 = ADVANCED_FACE('',(#7173),#7179,.F.);
#7173 = FACE_BOUND('',#7174,.F.);
#7174 = EDGE_LOOP('',(#7175,#7176,#7177,#7178));
#7175 = ORIENTED_EDGE('',*,*,#6732,.T.);
#7176 = ORIENTED_EDGE('',*,*,#6756,.T.);
#7177 = ORIENTED_EDGE('',*,*,#6780,.F.);
#7178 = ORIENTED_EDGE('',*,*,#6708,.F.);
#7179 = PLANE('',#7180);
#7180 = AXIS2_PLACEMENT_3D('',#7181,#7182,#7183);
#7181 = CARTESIAN_POINT('',(5.32,0.32,-3.4));
#7182 = DIRECTION('',(0.,0.,1.));
#7183 = DIRECTION('',(-1.224646799147E-16,-1.,0.));
#7184 = ADVANCED_FACE('',(#7185),#7191,.F.);
#7185 = FACE_BOUND('',#7186,.F.);
#7186 = EDGE_LOOP('',(#7187,#7188,#7189,#7190));
#7187 = ORIENTED_EDGE('',*,*,#6876,.T.);
#7188 = ORIENTED_EDGE('',*,*,#6804,.T.);
#7189 = ORIENTED_EDGE('',*,*,#6835,.F.);
#7190 = ORIENTED_EDGE('',*,*,#6859,.F.);
#7191 = PLANE('',#7192);
#7192 = AXIS2_PLACEMENT_3D('',#7193,#7194,#7195);
#7193 = CARTESIAN_POINT('',(7.82,0.32,-3.4));
#7194 = DIRECTION('',(0.,0.,1.));
#7195 = DIRECTION('',(-1.224646799147E-16,-1.,0.));
#7196 = ADVANCED_FACE('',(#7197),#7208,.T.);
#7197 = FACE_BOUND('',#7198,.T.);
#7198 = EDGE_LOOP('',(#7199,#7200,#7206,#7207));
#7199 = ORIENTED_EDGE('',*,*,#7025,.F.);
#7200 = ORIENTED_EDGE('',*,*,#7201,.T.);
#7201 = EDGE_CURVE('',#7026,#6910,#7202,.T.);
#7202 = LINE('',#7203,#7204);
#7203 = CARTESIAN_POINT('',(10.32,0.12,-3.4));
#7204 = VECTOR('',#7205,1.);
#7205 = DIRECTION('',(-1.,1.224646799147E-16,0.));
#7206 = ORIENTED_EDGE('',*,*,#6909,.T.);
#7207 = ORIENTED_EDGE('',*,*,#6960,.F.);
#7208 = PLANE('',#7209);
#7209 = AXIS2_PLACEMENT_3D('',#7210,#7211,#7212);
#7210 = CARTESIAN_POINT('',(10.32,0.235596257347,-3.301223703467));
#7211 = DIRECTION('',(8.302774088379E-17,0.64962967394,-0.760250805153)
  );
#7212 = DIRECTION('',(-1.,1.247195775152E-16,-2.638869166629E-18));
#7213 = ADVANCED_FACE('',(#7214),#7225,.F.);
#7214 = FACE_BOUND('',#7215,.F.);
#7215 = EDGE_LOOP('',(#7216,#7217,#7218,#7219));
#7216 = ORIENTED_EDGE('',*,*,#7033,.F.);
#7217 = ORIENTED_EDGE('',*,*,#7201,.T.);
#7218 = ORIENTED_EDGE('',*,*,#6919,.T.);
#7219 = ORIENTED_EDGE('',*,*,#7220,.F.);
#7220 = EDGE_CURVE('',#7034,#6920,#7221,.T.);
#7221 = LINE('',#7222,#7223);
#7222 = CARTESIAN_POINT('',(10.32,-0.12,-3.4));
#7223 = VECTOR('',#7224,1.);
#7224 = DIRECTION('',(-1.,1.224646799147E-16,0.));
#7225 = PLANE('',#7226);
#7226 = AXIS2_PLACEMENT_3D('',#7227,#7228,#7229);
#7227 = CARTESIAN_POINT('',(10.32,0.32,-3.4));
#7228 = DIRECTION('',(0.,0.,1.));
#7229 = DIRECTION('',(-1.224646799147E-16,-1.,0.));
#7230 = ADVANCED_FACE('',(#7231),#7237,.T.);
#7231 = FACE_BOUND('',#7232,.F.);
#7232 = EDGE_LOOP('',(#7233,#7234,#7235,#7236));
#7233 = ORIENTED_EDGE('',*,*,#7041,.F.);
#7234 = ORIENTED_EDGE('',*,*,#7220,.T.);
#7235 = ORIENTED_EDGE('',*,*,#6927,.T.);
#7236 = ORIENTED_EDGE('',*,*,#7008,.F.);
#7237 = PLANE('',#7238);
#7238 = AXIS2_PLACEMENT_3D('',#7239,#7240,#7241);
#7239 = CARTESIAN_POINT('',(10.32,-0.204403742653,-3.301223703467));
#7240 = DIRECTION('',(-9.310387150808E-17,-0.760250805153,-0.64962967394
    ));
#7241 = DIRECTION('',(1.,-1.224646799148E-16,-5.515863360725E-29));
#7242 = ( GEOMETRIC_REPRESENTATION_CONTEXT(3) 
GLOBAL_UNCERTAINTY_ASSIGNED_CONTEXT((#7246)) 
GLOBAL_UNIT_ASSIGNED_CONTEXT((#7243,#7244,#7245)) REPRESENTATION_CONTEXT
('Context #1','3D Context with UNIT and UNCERTAINTY') );
#7243 = ( LENGTH_UNIT() NAMED_UNIT(*) SI_UNIT(.MILLI.,.METRE.) );
#7244 = ( NAMED_UNIT(*) PLANE_ANGLE_UNIT() SI_UNIT($,.RADIAN.) );
#7245 = ( NAMED_UNIT(*) SI_UNIT($,.STERADIAN.) SOLID_ANGLE_UNIT() );
#7246 = UNCERTAINTY_MEASURE_WITH_UNIT(LENGTH_MEASURE(1.E-07),#7243,
  'distance_accuracy_value','confusion accuracy');
#7247 = CONTEXT_DEPENDENT_SHAPE_REPRESENTATION(#7248,#7250);
#7248 = ( REPRESENTATION_RELATIONSHIP('','',#2372,#2349) 
REPRESENTATION_RELATIONSHIP_WITH_TRANSFORMATION(#7249) 
SHAPE_REPRESENTATION_RELATIONSHIP() );
#7249 = ITEM_DEFINED_TRANSFORMATION('','',#11,#2350);
#7250 = PRODUCT_DEFINITION_SHAPE('Placement','Placement of an item',
  #7251);
#7251 = NEXT_ASSEMBLY_USAGE_OCCURRENCE('18','=>[0:1:1:5]','',#2344,#2367
  ,$);
#7252 = PRODUCT_RELATED_PRODUCT_CATEGORY('part',$,(#2369));
#7253 = SHAPE_DEFINITION_REPRESENTATION(#7254,#7260);
#7254 = PRODUCT_DEFINITION_SHAPE('','',#7255);
#7255 = PRODUCT_DEFINITION('design','',#7256,#7259);
#7256 = PRODUCT_DEFINITION_FORMATION('','',#7257);
#7257 = PRODUCT('IR board_PCB','IR board_PCB','',(#7258));
#7258 = PRODUCT_CONTEXT('',#2,'mechanical');
#7259 = PRODUCT_DEFINITION_CONTEXT('part definition',#2,'design');
#7260 = ADVANCED_BREP_SHAPE_REPRESENTATION('',(#11,#7261),#11838);
#7261 = MANIFOLD_SOLID_BREP('',#7262);
#7262 = CLOSED_SHELL('',(#7263,#7305,#7336,#7367,#8602,#9837,#9854,#9871
    ,#9888,#9905,#9922,#9939,#9956,#9973,#9990,#10007,#10024,#10041,
    #10058,#10075,#10092,#10109,#10121,#10138,#10155,#10172,#10189,
    #10206,#10223,#10240,#10257,#10274,#10291,#10308,#10325,#10342,
    #10359,#10381,#10398,#10410,#10427,#10444,#10461,#10478,#10495,
    #10512,#10529,#10546,#10563,#10580,#10597,#10614,#10631,#10648,
    #10665,#10682,#10699,#10716,#10733,#10750,#10767,#10784,#10801,
    #10818,#10835,#10852,#10869,#10886,#10903,#10925,#10942,#10954,
    #10971,#10988,#11005,#11022,#11039,#11056,#11073,#11090,#11107,
    #11124,#11141,#11163,#11180,#11192,#11209,#11226,#11243,#11260,
    #11277,#11294,#11311,#11328,#11345,#11362,#11379,#11396,#11413,
    #11430,#11447,#11464,#11481,#11498,#11515,#11532,#11549,#11566,
    #11583,#11605,#11622,#11634,#11651,#11668,#11685,#11702,#11719,
    #11736,#11753,#11770,#11787,#11804,#11821));
#7263 = ADVANCED_FACE('',(#7264),#7300,.T.);
#7264 = FACE_BOUND('',#7265,.T.);
#7265 = EDGE_LOOP('',(#7266,#7276,#7285,#7293));
#7266 = ORIENTED_EDGE('',*,*,#7267,.T.);
#7267 = EDGE_CURVE('',#7268,#7270,#7272,.T.);
#7268 = VERTEX_POINT('',#7269);
#7269 = CARTESIAN_POINT('',(161.504843,-68.091963,0.));
#7270 = VERTEX_POINT('',#7271);
#7271 = CARTESIAN_POINT('',(161.504843,-68.091963,1.6));
#7272 = LINE('',#7273,#7274);
#7273 = CARTESIAN_POINT('',(161.504843,-68.091963,0.));
#7274 = VECTOR('',#7275,1.);
#7275 = DIRECTION('',(0.,0.,1.));
#7276 = ORIENTED_EDGE('',*,*,#7277,.T.);
#7277 = EDGE_CURVE('',#7270,#7278,#7280,.T.);
#7278 = VERTEX_POINT('',#7279);
#7279 = CARTESIAN_POINT('',(238.495157,-68.091964,1.6));
#7280 = CIRCLE('',#7281,49.999997394975);
#7281 = AXIS2_PLACEMENT_3D('',#7282,#7283,#7284);
#7282 = CARTESIAN_POINT('',(199.99999958555,-99.99999739497,1.6));
#7283 = DIRECTION('',(0.,0.,-1.));
#7284 = DIRECTION('',(-0.769903171823,0.638160721148,0.));
#7285 = ORIENTED_EDGE('',*,*,#7286,.F.);
#7286 = EDGE_CURVE('',#7287,#7278,#7289,.T.);
#7287 = VERTEX_POINT('',#7288);
#7288 = CARTESIAN_POINT('',(238.495157,-68.091964,0.));
#7289 = LINE('',#7290,#7291);
#7290 = CARTESIAN_POINT('',(238.495157,-68.091964,0.));
#7291 = VECTOR('',#7292,1.);
#7292 = DIRECTION('',(0.,0.,1.));
#7293 = ORIENTED_EDGE('',*,*,#7294,.F.);
#7294 = EDGE_CURVE('',#7268,#7287,#7295,.T.);
#7295 = CIRCLE('',#7296,49.999997394975);
#7296 = AXIS2_PLACEMENT_3D('',#7297,#7298,#7299);
#7297 = CARTESIAN_POINT('',(199.99999958555,-99.99999739497,0.));
#7298 = DIRECTION('',(0.,0.,-1.));
#7299 = DIRECTION('',(-0.769903171823,0.638160721148,0.));
#7300 = CYLINDRICAL_SURFACE('',#7301,49.999997394975);
#7301 = AXIS2_PLACEMENT_3D('',#7302,#7303,#7304);
#7302 = CARTESIAN_POINT('',(199.99999958555,-99.99999739497,0.));
#7303 = DIRECTION('',(0.,0.,-1.));
#7304 = DIRECTION('',(-0.769903171823,0.638160721148,0.));
#7305 = ADVANCED_FACE('',(#7306),#7331,.T.);
#7306 = FACE_BOUND('',#7307,.T.);
#7307 = EDGE_LOOP('',(#7308,#7318,#7324,#7325));
#7308 = ORIENTED_EDGE('',*,*,#7309,.T.);
#7309 = EDGE_CURVE('',#7310,#7312,#7314,.T.);
#7310 = VERTEX_POINT('',#7311);
#7311 = CARTESIAN_POINT('',(157.773017,-65.420238,0.));
#7312 = VERTEX_POINT('',#7313);
#7313 = CARTESIAN_POINT('',(157.773017,-65.420238,1.6));
#7314 = LINE('',#7315,#7316);
#7315 = CARTESIAN_POINT('',(157.773017,-65.420238,0.));
#7316 = VECTOR('',#7317,1.);
#7317 = DIRECTION('',(0.,0.,1.));
#7318 = ORIENTED_EDGE('',*,*,#7319,.T.);
#7319 = EDGE_CURVE('',#7312,#7270,#7320,.T.);
#7320 = LINE('',#7321,#7322);
#7321 = CARTESIAN_POINT('',(157.773017,-65.420238,1.6));
#7322 = VECTOR('',#7323,1.);
#7323 = DIRECTION('',(0.813100761608,-0.582122969374,0.));
#7324 = ORIENTED_EDGE('',*,*,#7267,.F.);
#7325 = ORIENTED_EDGE('',*,*,#7326,.F.);
#7326 = EDGE_CURVE('',#7310,#7268,#7327,.T.);
#7327 = LINE('',#7328,#7329);
#7328 = CARTESIAN_POINT('',(157.773017,-65.420238,0.));
#7329 = VECTOR('',#7330,1.);
#7330 = DIRECTION('',(0.813100761608,-0.582122969374,0.));
#7331 = PLANE('',#7332);
#7332 = AXIS2_PLACEMENT_3D('',#7333,#7334,#7335);
#7333 = CARTESIAN_POINT('',(157.773017,-65.420238,0.));
#7334 = DIRECTION('',(0.582122969374,0.813100761608,-0.));
#7335 = DIRECTION('',(0.813100761608,-0.582122969374,0.));
#7336 = ADVANCED_FACE('',(#7337),#7362,.T.);
#7337 = FACE_BOUND('',#7338,.T.);
#7338 = EDGE_LOOP('',(#7339,#7340,#7348,#7356));
#7339 = ORIENTED_EDGE('',*,*,#7286,.T.);
#7340 = ORIENTED_EDGE('',*,*,#7341,.T.);
#7341 = EDGE_CURVE('',#7278,#7342,#7344,.T.);
#7342 = VERTEX_POINT('',#7343);
#7343 = CARTESIAN_POINT('',(242.226983,-65.420238,1.6));
#7344 = LINE('',#7345,#7346);
#7345 = CARTESIAN_POINT('',(238.495157,-68.091964,1.6));
#7346 = VECTOR('',#7347,1.);
#7347 = DIRECTION('',(0.813100658479,0.582123113423,0.));
#7348 = ORIENTED_EDGE('',*,*,#7349,.F.);
#7349 = EDGE_CURVE('',#7350,#7342,#7352,.T.);
#7350 = VERTEX_POINT('',#7351);
#7351 = CARTESIAN_POINT('',(242.226983,-65.420238,0.));
#7352 = LINE('',#7353,#7354);
#7353 = CARTESIAN_POINT('',(242.226983,-65.420238,0.));
#7354 = VECTOR('',#7355,1.);
#7355 = DIRECTION('',(0.,0.,1.));
#7356 = ORIENTED_EDGE('',*,*,#7357,.F.);
#7357 = EDGE_CURVE('',#7287,#7350,#7358,.T.);
#7358 = LINE('',#7359,#7360);
#7359 = CARTESIAN_POINT('',(238.495157,-68.091964,0.));
#7360 = VECTOR('',#7361,1.);
#7361 = DIRECTION('',(0.813100658479,0.582123113423,0.));
#7362 = PLANE('',#7363);
#7363 = AXIS2_PLACEMENT_3D('',#7364,#7365,#7366);
#7364 = CARTESIAN_POINT('',(238.495157,-68.091964,0.));
#7365 = DIRECTION('',(-0.582123113423,0.813100658479,0.));
#7366 = DIRECTION('',(0.813100658479,0.582123113423,0.));
#7367 = ADVANCED_FACE('',(#7368,#7510,#7521,#7532,#7543,#7554,#7565,
    #7576,#7587,#7598,#7609,#7620,#7631,#7642,#7653,#7664,#7691,#7702,
    #7713,#7724,#7735,#7746,#7757,#7768,#7779,#7790,#7801,#7812,#7823,
    #7834,#7845,#7856,#7867,#7878,#7889,#7900,#7911,#7922,#7933,#7944,
    #7955,#7966,#7977,#7988,#7999,#8010,#8037,#8048,#8059,#8070,#8081,
    #8092,#8103,#8114,#8125,#8136,#8147,#8158,#8185,#8196,#8207,#8218,
    #8229,#8240,#8251,#8262,#8273,#8284,#8295,#8306,#8317,#8328,#8339,
    #8350,#8361,#8372,#8383,#8394,#8405,#8416,#8427,#8438,#8465,#8476,
    #8487,#8498,#8509,#8520,#8531,#8542,#8553,#8564,#8575,#8586),#8597,
  .F.);
#7368 = FACE_BOUND('',#7369,.F.);
#7369 = EDGE_LOOP('',(#7370,#7371,#7372,#7380,#7388,#7396,#7405,#7413,
    #7421,#7429,#7437,#7446,#7454,#7462,#7470,#7478,#7487,#7495,#7503,
    #7509));
#7370 = ORIENTED_EDGE('',*,*,#7294,.F.);
#7371 = ORIENTED_EDGE('',*,*,#7326,.F.);
#7372 = ORIENTED_EDGE('',*,*,#7373,.F.);
#7373 = EDGE_CURVE('',#7374,#7310,#7376,.T.);
#7374 = VERTEX_POINT('',#7375);
#7375 = CARTESIAN_POINT('',(152.840156,-66.236868,0.));
#7376 = LINE('',#7377,#7378);
#7377 = CARTESIAN_POINT('',(152.840156,-66.236868,0.));
#7378 = VECTOR('',#7379,1.);
#7379 = DIRECTION('',(0.986572156547,0.163325992806,0.));
#7380 = ORIENTED_EDGE('',*,*,#7381,.F.);
#7381 = EDGE_CURVE('',#7382,#7374,#7384,.T.);
#7382 = VERTEX_POINT('',#7383);
#7383 = CARTESIAN_POINT('',(153.656786,-71.169729,0.));
#7384 = LINE('',#7385,#7386);
#7385 = CARTESIAN_POINT('',(153.656786,-71.169729,0.));
#7386 = VECTOR('',#7387,1.);
#7387 = DIRECTION('',(-0.163325992806,0.986572156547,0.));
#7388 = ORIENTED_EDGE('',*,*,#7389,.F.);
#7389 = EDGE_CURVE('',#7390,#7382,#7392,.T.);
#7390 = VERTEX_POINT('',#7391);
#7391 = CARTESIAN_POINT('',(157.388613,-73.841454,0.));
#7392 = LINE('',#7393,#7394);
#7393 = CARTESIAN_POINT('',(157.388613,-73.841454,0.));
#7394 = VECTOR('',#7395,1.);
#7395 = DIRECTION('',(-0.813100835441,0.582122866245,0.));
#7396 = ORIENTED_EDGE('',*,*,#7397,.F.);
#7397 = EDGE_CURVE('',#7398,#7390,#7400,.T.);
#7398 = VERTEX_POINT('',#7399);
#7399 = CARTESIAN_POINT('',(157.388613,-126.158546,0.));
#7400 = CIRCLE('',#7401,49.999982789405);
#7401 = AXIS2_PLACEMENT_3D('',#7402,#7403,#7404);
#7402 = CARTESIAN_POINT('',(199.9999817894,-100.,0.));
#7403 = DIRECTION('',(0.,0.,-1.));
#7404 = DIRECTION('',(-0.852227669135,-0.523171100082,-0.));
#7405 = ORIENTED_EDGE('',*,*,#7406,.F.);
#7406 = EDGE_CURVE('',#7407,#7398,#7409,.T.);
#7407 = VERTEX_POINT('',#7408);
#7408 = CARTESIAN_POINT('',(153.656786,-128.830271,0.));
#7409 = LINE('',#7410,#7411);
#7410 = CARTESIAN_POINT('',(153.656786,-128.830271,0.));
#7411 = VECTOR('',#7412,1.);
#7412 = DIRECTION('',(0.813100835441,0.582122866245,0.));
#7413 = ORIENTED_EDGE('',*,*,#7414,.F.);
#7414 = EDGE_CURVE('',#7415,#7407,#7417,.T.);
#7415 = VERTEX_POINT('',#7416);
#7416 = CARTESIAN_POINT('',(152.840156,-133.763132,0.));
#7417 = LINE('',#7418,#7419);
#7418 = CARTESIAN_POINT('',(152.840156,-133.763132,0.));
#7419 = VECTOR('',#7420,1.);
#7420 = DIRECTION('',(0.163325992806,0.986572156547,0.));
#7421 = ORIENTED_EDGE('',*,*,#7422,.F.);
#7422 = EDGE_CURVE('',#7423,#7415,#7425,.T.);
#7423 = VERTEX_POINT('',#7424);
#7424 = CARTESIAN_POINT('',(157.773017,-134.579762,0.));
#7425 = LINE('',#7426,#7427);
#7426 = CARTESIAN_POINT('',(157.773017,-134.579762,0.));
#7427 = VECTOR('',#7428,1.);
#7428 = DIRECTION('',(-0.986572156547,0.163325992806,0.));
#7429 = ORIENTED_EDGE('',*,*,#7430,.F.);
#7430 = EDGE_CURVE('',#7431,#7423,#7433,.T.);
#7431 = VERTEX_POINT('',#7432);
#7432 = CARTESIAN_POINT('',(161.504845,-131.908035,0.));
#7433 = LINE('',#7434,#7435);
#7434 = CARTESIAN_POINT('',(161.504845,-131.908035,0.));
#7435 = VECTOR('',#7436,1.);
#7436 = DIRECTION('',(-0.813100703016,-0.582123051214,0.));
#7437 = ORIENTED_EDGE('',*,*,#7438,.F.);
#7438 = EDGE_CURVE('',#7439,#7431,#7441,.T.);
#7439 = VERTEX_POINT('',#7440);
#7440 = CARTESIAN_POINT('',(238.495156,-131.908036,0.));
#7441 = CIRCLE('',#7442,49.999992439694);
#7442 = AXIS2_PLACEMENT_3D('',#7443,#7444,#7445);
#7443 = CARTESIAN_POINT('',(200.00000091444,-100.0000075603,0.));
#7444 = DIRECTION('',(-0.,0.,-1.));
#7445 = DIRECTION('',(0.769903218125,-0.638160665288,-0.));
#7446 = ORIENTED_EDGE('',*,*,#7447,.F.);
#7447 = EDGE_CURVE('',#7448,#7439,#7450,.T.);
#7448 = VERTEX_POINT('',#7449);
#7449 = CARTESIAN_POINT('',(242.226983,-134.579762,0.));
#7450 = LINE('',#7451,#7452);
#7451 = CARTESIAN_POINT('',(242.226983,-134.579762,0.));
#7452 = VECTOR('',#7453,1.);
#7453 = DIRECTION('',(-0.813100732312,0.582123010294,0.));
#7454 = ORIENTED_EDGE('',*,*,#7455,.F.);
#7455 = EDGE_CURVE('',#7456,#7448,#7458,.T.);
#7456 = VERTEX_POINT('',#7457);
#7457 = CARTESIAN_POINT('',(247.159844,-133.763132,0.));
#7458 = LINE('',#7459,#7460);
#7459 = CARTESIAN_POINT('',(247.159844,-133.763132,0.));
#7460 = VECTOR('',#7461,1.);
#7461 = DIRECTION('',(-0.986572156547,-0.163325992806,0.));
#7462 = ORIENTED_EDGE('',*,*,#7463,.F.);
#7463 = EDGE_CURVE('',#7464,#7456,#7466,.T.);
#7464 = VERTEX_POINT('',#7465);
#7465 = CARTESIAN_POINT('',(246.343214,-128.830271,0.));
#7466 = LINE('',#7467,#7468);
#7467 = CARTESIAN_POINT('',(246.343214,-128.830271,0.));
#7468 = VECTOR('',#7469,1.);
#7469 = DIRECTION('',(0.163325992806,-0.986572156547,0.));
#7470 = ORIENTED_EDGE('',*,*,#7471,.F.);
#7471 = EDGE_CURVE('',#7472,#7464,#7474,.T.);
#7472 = VERTEX_POINT('',#7473);
#7473 = CARTESIAN_POINT('',(242.611387,-126.158546,0.));
#7474 = LINE('',#7475,#7476);
#7475 = CARTESIAN_POINT('',(242.611387,-126.158546,0.));
#7476 = VECTOR('',#7477,1.);
#7477 = DIRECTION('',(0.813100835441,-0.582122866245,0.));
#7478 = ORIENTED_EDGE('',*,*,#7479,.F.);
#7479 = EDGE_CURVE('',#7480,#7472,#7482,.T.);
#7480 = VERTEX_POINT('',#7481);
#7481 = CARTESIAN_POINT('',(242.611388,-73.841453,0.));
#7482 = CIRCLE('',#7483,49.999987443182);
#7483 = AXIS2_PLACEMENT_3D('',#7484,#7485,#7486);
#7484 = CARTESIAN_POINT('',(200.00001355681,-99.99999868551,0.));
#7485 = DIRECTION('',(0.,0.,-1.));
#7486 = DIRECTION('',(0.852227702889,0.523171045098,0.));
#7487 = ORIENTED_EDGE('',*,*,#7488,.F.);
#7488 = EDGE_CURVE('',#7489,#7480,#7491,.T.);
#7489 = VERTEX_POINT('',#7490);
#7490 = CARTESIAN_POINT('',(246.343214,-71.169729,0.));
#7491 = LINE('',#7492,#7493);
#7492 = CARTESIAN_POINT('',(246.343214,-71.169729,0.));
#7493 = VECTOR('',#7494,1.);
#7494 = DIRECTION('',(-0.813100864737,-0.582122825324,0.));
#7495 = ORIENTED_EDGE('',*,*,#7496,.F.);
#7496 = EDGE_CURVE('',#7497,#7489,#7499,.T.);
#7497 = VERTEX_POINT('',#7498);
#7498 = CARTESIAN_POINT('',(247.159844,-66.236868,0.));
#7499 = LINE('',#7500,#7501);
#7500 = CARTESIAN_POINT('',(247.159844,-66.236868,0.));
#7501 = VECTOR('',#7502,1.);
#7502 = DIRECTION('',(-0.163325992806,-0.986572156547,0.));
#7503 = ORIENTED_EDGE('',*,*,#7504,.F.);
#7504 = EDGE_CURVE('',#7350,#7497,#7505,.T.);
#7505 = LINE('',#7506,#7507);
#7506 = CARTESIAN_POINT('',(242.226983,-65.420238,0.));
#7507 = VECTOR('',#7508,1.);
#7508 = DIRECTION('',(0.986572156547,-0.163325992806,0.));
#7509 = ORIENTED_EDGE('',*,*,#7357,.F.);
#7510 = FACE_BOUND('',#7511,.F.);
#7511 = EDGE_LOOP('',(#7512));
#7512 = ORIENTED_EDGE('',*,*,#7513,.F.);
#7513 = EDGE_CURVE('',#7514,#7514,#7516,.T.);
#7514 = VERTEX_POINT('',#7515);
#7515 = CARTESIAN_POINT('',(158.32859,-130.968942,0.));
#7516 = CIRCLE('',#7517,1.58555);
#7517 = AXIS2_PLACEMENT_3D('',#7518,#7519,#7520);
#7518 = CARTESIAN_POINT('',(156.74304,-130.968942,0.));
#7519 = DIRECTION('',(0.,0.,1.));
#7520 = DIRECTION('',(1.,0.,-0.));
#7521 = FACE_BOUND('',#7522,.F.);
#7522 = EDGE_LOOP('',(#7523));
#7523 = ORIENTED_EDGE('',*,*,#7524,.T.);
#7524 = EDGE_CURVE('',#7525,#7525,#7527,.T.);
#7525 = VERTEX_POINT('',#7526);
#7526 = CARTESIAN_POINT('',(167.912394,-132.537708,0.));
#7527 = CIRCLE('',#7528,0.45);
#7528 = AXIS2_PLACEMENT_3D('',#7529,#7530,#7531);
#7529 = CARTESIAN_POINT('',(167.912394,-132.087708,0.));
#7530 = DIRECTION('',(-0.,0.,-1.));
#7531 = DIRECTION('',(-0.,-1.,0.));
#7532 = FACE_BOUND('',#7533,.F.);
#7533 = EDGE_LOOP('',(#7534));
#7534 = ORIENTED_EDGE('',*,*,#7535,.T.);
#7535 = EDGE_CURVE('',#7536,#7536,#7538,.T.);
#7536 = VERTEX_POINT('',#7537);
#7537 = CARTESIAN_POINT('',(169.708445,-134.33376,0.));
#7538 = CIRCLE('',#7539,0.45);
#7539 = AXIS2_PLACEMENT_3D('',#7540,#7541,#7542);
#7540 = CARTESIAN_POINT('',(169.708445,-133.88376,0.));
#7541 = DIRECTION('',(-0.,0.,-1.));
#7542 = DIRECTION('',(6.315935428978E-14,-1.,-0.));
#7543 = FACE_BOUND('',#7544,.F.);
#7544 = EDGE_LOOP('',(#7545));
#7545 = ORIENTED_EDGE('',*,*,#7546,.T.);
#7546 = EDGE_CURVE('',#7547,#7547,#7549,.T.);
#7547 = VERTEX_POINT('',#7548);
#7548 = CARTESIAN_POINT('',(166.116343,-130.741657,0.));
#7549 = CIRCLE('',#7550,0.45);
#7550 = AXIS2_PLACEMENT_3D('',#7551,#7552,#7553);
#7551 = CARTESIAN_POINT('',(166.116343,-130.291657,0.));
#7552 = DIRECTION('',(-0.,0.,-1.));
#7553 = DIRECTION('',(-0.,-1.,0.));
#7554 = FACE_BOUND('',#7555,.F.);
#7555 = EDGE_LOOP('',(#7556));
#7556 = ORIENTED_EDGE('',*,*,#7557,.T.);
#7557 = EDGE_CURVE('',#7558,#7558,#7560,.T.);
#7558 = VERTEX_POINT('',#7559);
#7559 = CARTESIAN_POINT('',(182.633939,-142.374561,0.));
#7560 = CIRCLE('',#7561,0.45);
#7561 = AXIS2_PLACEMENT_3D('',#7562,#7563,#7564);
#7562 = CARTESIAN_POINT('',(182.633939,-141.924561,0.));
#7563 = DIRECTION('',(-0.,0.,-1.));
#7564 = DIRECTION('',(-0.,-1.,0.));
#7565 = FACE_BOUND('',#7566,.F.);
#7566 = EDGE_LOOP('',(#7567));
#7567 = ORIENTED_EDGE('',*,*,#7568,.T.);
#7568 = EDGE_CURVE('',#7569,#7569,#7571,.T.);
#7569 = VERTEX_POINT('',#7570);
#7570 = CARTESIAN_POINT('',(180.287285,-141.402545,0.));
#7571 = CIRCLE('',#7572,0.45);
#7572 = AXIS2_PLACEMENT_3D('',#7573,#7574,#7575);
#7573 = CARTESIAN_POINT('',(180.287285,-140.952545,0.));
#7574 = DIRECTION('',(-0.,0.,-1.));
#7575 = DIRECTION('',(-0.,-1.,0.));
#7576 = FACE_BOUND('',#7577,.F.);
#7577 = EDGE_LOOP('',(#7578));
#7578 = ORIENTED_EDGE('',*,*,#7579,.T.);
#7579 = EDGE_CURVE('',#7580,#7580,#7582,.T.);
#7580 = VERTEX_POINT('',#7581);
#7581 = CARTESIAN_POINT('',(184.980592,-143.346577,0.));
#7582 = CIRCLE('',#7583,0.45);
#7583 = AXIS2_PLACEMENT_3D('',#7584,#7585,#7586);
#7584 = CARTESIAN_POINT('',(184.980592,-142.896577,0.));
#7585 = DIRECTION('',(-0.,0.,-1.));
#7586 = DIRECTION('',(-0.,-1.,0.));
#7587 = FACE_BOUND('',#7588,.F.);
#7588 = EDGE_LOOP('',(#7589));
#7589 = ORIENTED_EDGE('',*,*,#7590,.T.);
#7590 = EDGE_CURVE('',#7591,#7591,#7593,.T.);
#7591 = VERTEX_POINT('',#7592);
#7592 = CARTESIAN_POINT('',(197.46,-145.8288,0.));
#7593 = CIRCLE('',#7594,0.45);
#7594 = AXIS2_PLACEMENT_3D('',#7595,#7596,#7597);
#7595 = CARTESIAN_POINT('',(197.46,-145.3788,0.));
#7596 = DIRECTION('',(-0.,0.,-1.));
#7597 = DIRECTION('',(6.315935428978E-14,-1.,-0.));
#7598 = FACE_BOUND('',#7599,.F.);
#7599 = EDGE_LOOP('',(#7600));
#7600 = ORIENTED_EDGE('',*,*,#7601,.T.);
#7601 = EDGE_CURVE('',#7602,#7602,#7604,.T.);
#7602 = VERTEX_POINT('',#7603);
#7603 = CARTESIAN_POINT('',(194.92,-134.365,0.));
#7604 = CIRCLE('',#7605,0.475);
#7605 = AXIS2_PLACEMENT_3D('',#7606,#7607,#7608);
#7606 = CARTESIAN_POINT('',(194.92,-133.89,0.));
#7607 = DIRECTION('',(-0.,0.,-1.));
#7608 = DIRECTION('',(-5.983517774822E-14,-1.,0.));
#7609 = FACE_BOUND('',#7610,.F.);
#7610 = EDGE_LOOP('',(#7611));
#7611 = ORIENTED_EDGE('',*,*,#7612,.T.);
#7612 = EDGE_CURVE('',#7613,#7613,#7615,.T.);
#7613 = VERTEX_POINT('',#7614);
#7614 = CARTESIAN_POINT('',(197.42,-134.365,0.));
#7615 = CIRCLE('',#7616,0.475);
#7616 = AXIS2_PLACEMENT_3D('',#7617,#7618,#7619);
#7617 = CARTESIAN_POINT('',(197.42,-133.89,0.));
#7618 = DIRECTION('',(-0.,0.,-1.));
#7619 = DIRECTION('',(-5.983517774822E-14,-1.,0.));
#7620 = FACE_BOUND('',#7621,.F.);
#7621 = EDGE_LOOP('',(#7622));
#7622 = ORIENTED_EDGE('',*,*,#7623,.T.);
#7623 = EDGE_CURVE('',#7624,#7624,#7626,.T.);
#7624 = VERTEX_POINT('',#7625);
#7625 = CARTESIAN_POINT('',(199.92,-134.365,0.));
#7626 = CIRCLE('',#7627,0.475);
#7627 = AXIS2_PLACEMENT_3D('',#7628,#7629,#7630);
#7628 = CARTESIAN_POINT('',(199.92,-133.89,0.));
#7629 = DIRECTION('',(-0.,0.,-1.));
#7630 = DIRECTION('',(-5.983517774822E-14,-1.,0.));
#7631 = FACE_BOUND('',#7632,.F.);
#7632 = EDGE_LOOP('',(#7633));
#7633 = ORIENTED_EDGE('',*,*,#7634,.T.);
#7634 = EDGE_CURVE('',#7635,#7635,#7637,.T.);
#7635 = VERTEX_POINT('',#7636);
#7636 = CARTESIAN_POINT('',(159.047487,-120.162022,0.));
#7637 = CIRCLE('',#7638,0.45);
#7638 = AXIS2_PLACEMENT_3D('',#7639,#7640,#7641);
#7639 = CARTESIAN_POINT('',(159.047487,-119.712022,0.));
#7640 = DIRECTION('',(-0.,0.,-1.));
#7641 = DIRECTION('',(-0.,-1.,0.));
#7642 = FACE_BOUND('',#7643,.F.);
#7643 = EDGE_LOOP('',(#7644));
#7644 = ORIENTED_EDGE('',*,*,#7645,.T.);
#7645 = EDGE_CURVE('',#7646,#7646,#7648,.T.);
#7646 = VERTEX_POINT('',#7647);
#7647 = CARTESIAN_POINT('',(158.075471,-117.815369,0.));
#7648 = CIRCLE('',#7649,0.45);
#7649 = AXIS2_PLACEMENT_3D('',#7650,#7651,#7652);
#7650 = CARTESIAN_POINT('',(158.075471,-117.365369,0.));
#7651 = DIRECTION('',(-0.,0.,-1.));
#7652 = DIRECTION('',(-0.,-1.,0.));
#7653 = FACE_BOUND('',#7654,.F.);
#7654 = EDGE_LOOP('',(#7655));
#7655 = ORIENTED_EDGE('',*,*,#7656,.T.);
#7656 = EDGE_CURVE('',#7657,#7657,#7659,.T.);
#7657 = VERTEX_POINT('',#7658);
#7658 = CARTESIAN_POINT('',(157.103455,-115.468715,0.));
#7659 = CIRCLE('',#7660,0.45);
#7660 = AXIS2_PLACEMENT_3D('',#7661,#7662,#7663);
#7661 = CARTESIAN_POINT('',(157.103455,-115.018715,0.));
#7662 = DIRECTION('',(-0.,0.,-1.));
#7663 = DIRECTION('',(-0.,-1.,0.));
#7664 = FACE_BOUND('',#7665,.F.);
#7665 = EDGE_LOOP('',(#7666,#7677,#7685));
#7666 = ORIENTED_EDGE('',*,*,#7667,.F.);
#7667 = EDGE_CURVE('',#7668,#7670,#7672,.T.);
#7668 = VERTEX_POINT('',#7669);
#7669 = CARTESIAN_POINT('',(160.112661,-103.,0.));
#7670 = VERTEX_POINT('',#7671);
#7671 = CARTESIAN_POINT('',(185.,-137.08099,0.));
#7672 = CIRCLE('',#7673,39.999987980954);
#7673 = AXIS2_PLACEMENT_3D('',#7674,#7675,#7676);
#7674 = CARTESIAN_POINT('',(199.99999080971,-100.000006812,0.));
#7675 = DIRECTION('',(0.,0.,1.));
#7676 = DIRECTION('',(-0.997183544873,-7.499985223442E-02,0.));
#7677 = ORIENTED_EDGE('',*,*,#7678,.F.);
#7678 = EDGE_CURVE('',#7679,#7668,#7681,.T.);
#7679 = VERTEX_POINT('',#7680);
#7680 = CARTESIAN_POINT('',(185.,-103.,0.));
#7681 = LINE('',#7682,#7683);
#7682 = CARTESIAN_POINT('',(185.,-103.,0.));
#7683 = VECTOR('',#7684,1.);
#7684 = DIRECTION('',(-1.,0.,0.));
#7685 = ORIENTED_EDGE('',*,*,#7686,.F.);
#7686 = EDGE_CURVE('',#7670,#7679,#7687,.T.);
#7687 = LINE('',#7688,#7689);
#7688 = CARTESIAN_POINT('',(185.,-137.08099,0.));
#7689 = VECTOR('',#7690,1.);
#7690 = DIRECTION('',(0.,1.,0.));
#7691 = FACE_BOUND('',#7692,.F.);
#7692 = EDGE_LOOP('',(#7693));
#7693 = ORIENTED_EDGE('',*,*,#7694,.T.);
#7694 = EDGE_CURVE('',#7695,#7695,#7697,.T.);
#7695 = VERTEX_POINT('',#7696);
#7696 = CARTESIAN_POINT('',(154.6212,-102.99,0.));
#7697 = CIRCLE('',#7698,0.45);
#7698 = AXIS2_PLACEMENT_3D('',#7699,#7700,#7701);
#7699 = CARTESIAN_POINT('',(154.6212,-102.54,0.));
#7700 = DIRECTION('',(-0.,0.,-1.));
#7701 = DIRECTION('',(-0.,-1.,0.));
#7702 = FACE_BOUND('',#7703,.F.);
#7703 = EDGE_LOOP('',(#7704));
#7704 = ORIENTED_EDGE('',*,*,#7705,.F.);
#7705 = EDGE_CURVE('',#7706,#7706,#7708,.T.);
#7706 = VERTEX_POINT('',#7707);
#7707 = CARTESIAN_POINT('',(166.58555,-100.,0.));
#7708 = CIRCLE('',#7709,1.58555);
#7709 = AXIS2_PLACEMENT_3D('',#7710,#7711,#7712);
#7710 = CARTESIAN_POINT('',(165.,-100.,0.));
#7711 = DIRECTION('',(0.,0.,1.));
#7712 = DIRECTION('',(1.,0.,-0.));
#7713 = FACE_BOUND('',#7714,.F.);
#7714 = EDGE_LOOP('',(#7715));
#7715 = ORIENTED_EDGE('',*,*,#7716,.T.);
#7716 = EDGE_CURVE('',#7717,#7717,#7719,.T.);
#7717 = VERTEX_POINT('',#7718);
#7718 = CARTESIAN_POINT('',(192.38,-118.28,0.));
#7719 = CIRCLE('',#7720,0.5);
#7720 = AXIS2_PLACEMENT_3D('',#7721,#7722,#7723);
#7721 = CARTESIAN_POINT('',(192.38,-117.78,0.));
#7722 = DIRECTION('',(-0.,0.,-1.));
#7723 = DIRECTION('',(-0.,-1.,0.));
#7724 = FACE_BOUND('',#7725,.F.);
#7725 = EDGE_LOOP('',(#7726));
#7726 = ORIENTED_EDGE('',*,*,#7727,.T.);
#7727 = EDGE_CURVE('',#7728,#7728,#7730,.T.);
#7728 = VERTEX_POINT('',#7729);
#7729 = CARTESIAN_POINT('',(192.38,-115.74,0.));
#7730 = CIRCLE('',#7731,0.5);
#7731 = AXIS2_PLACEMENT_3D('',#7732,#7733,#7734);
#7732 = CARTESIAN_POINT('',(192.38,-115.24,0.));
#7733 = DIRECTION('',(-0.,0.,-1.));
#7734 = DIRECTION('',(-0.,-1.,0.));
#7735 = FACE_BOUND('',#7736,.F.);
#7736 = EDGE_LOOP('',(#7737));
#7737 = ORIENTED_EDGE('',*,*,#7738,.T.);
#7738 = EDGE_CURVE('',#7739,#7739,#7741,.T.);
#7739 = VERTEX_POINT('',#7740);
#7740 = CARTESIAN_POINT('',(192.38,-113.2,0.));
#7741 = CIRCLE('',#7742,0.5);
#7742 = AXIS2_PLACEMENT_3D('',#7743,#7744,#7745);
#7743 = CARTESIAN_POINT('',(192.38,-112.7,0.));
#7744 = DIRECTION('',(-0.,0.,-1.));
#7745 = DIRECTION('',(-0.,-1.,0.));
#7746 = FACE_BOUND('',#7747,.F.);
#7747 = EDGE_LOOP('',(#7748));
#7748 = ORIENTED_EDGE('',*,*,#7749,.T.);
#7749 = EDGE_CURVE('',#7750,#7750,#7752,.T.);
#7750 = VERTEX_POINT('',#7751);
#7751 = CARTESIAN_POINT('',(192.38,-110.66,0.));
#7752 = CIRCLE('',#7753,0.5);
#7753 = AXIS2_PLACEMENT_3D('',#7754,#7755,#7756);
#7754 = CARTESIAN_POINT('',(192.38,-110.16,0.));
#7755 = DIRECTION('',(-0.,0.,-1.));
#7756 = DIRECTION('',(-0.,-1.,0.));
#7757 = FACE_BOUND('',#7758,.F.);
#7758 = EDGE_LOOP('',(#7759));
#7759 = ORIENTED_EDGE('',*,*,#7760,.T.);
#7760 = EDGE_CURVE('',#7761,#7761,#7763,.T.);
#7761 = VERTEX_POINT('',#7762);
#7762 = CARTESIAN_POINT('',(192.38,-108.12,0.));
#7763 = CIRCLE('',#7764,0.5);
#7764 = AXIS2_PLACEMENT_3D('',#7765,#7766,#7767);
#7765 = CARTESIAN_POINT('',(192.38,-107.62,0.));
#7766 = DIRECTION('',(-0.,0.,-1.));
#7767 = DIRECTION('',(-0.,-1.,0.));
#7768 = FACE_BOUND('',#7769,.F.);
#7769 = EDGE_LOOP('',(#7770));
#7770 = ORIENTED_EDGE('',*,*,#7771,.T.);
#7771 = EDGE_CURVE('',#7772,#7772,#7774,.T.);
#7772 = VERTEX_POINT('',#7773);
#7773 = CARTESIAN_POINT('',(192.38,-105.58,0.));
#7774 = CIRCLE('',#7775,0.5);
#7775 = AXIS2_PLACEMENT_3D('',#7776,#7777,#7778);
#7776 = CARTESIAN_POINT('',(192.38,-105.08,0.));
#7777 = DIRECTION('',(-0.,0.,-1.));
#7778 = DIRECTION('',(-0.,-1.,0.));
#7779 = FACE_BOUND('',#7780,.F.);
#7780 = EDGE_LOOP('',(#7781));
#7781 = ORIENTED_EDGE('',*,*,#7782,.T.);
#7782 = EDGE_CURVE('',#7783,#7783,#7785,.T.);
#7783 = VERTEX_POINT('',#7784);
#7784 = CARTESIAN_POINT('',(192.38,-103.04,0.));
#7785 = CIRCLE('',#7786,0.5);
#7786 = AXIS2_PLACEMENT_3D('',#7787,#7788,#7789);
#7787 = CARTESIAN_POINT('',(192.38,-102.54,0.));
#7788 = DIRECTION('',(-0.,0.,-1.));
#7789 = DIRECTION('',(-0.,-1.,0.));
#7790 = FACE_BOUND('',#7791,.F.);
#7791 = EDGE_LOOP('',(#7792));
#7792 = ORIENTED_EDGE('',*,*,#7793,.T.);
#7793 = EDGE_CURVE('',#7794,#7794,#7796,.T.);
#7794 = VERTEX_POINT('',#7795);
#7795 = CARTESIAN_POINT('',(192.38,-100.5,0.));
#7796 = CIRCLE('',#7797,0.5);
#7797 = AXIS2_PLACEMENT_3D('',#7798,#7799,#7800);
#7798 = CARTESIAN_POINT('',(192.38,-100.,0.));
#7799 = DIRECTION('',(-0.,0.,-1.));
#7800 = DIRECTION('',(-0.,-1.,0.));
#7801 = FACE_BOUND('',#7802,.F.);
#7802 = EDGE_LOOP('',(#7803));
#7803 = ORIENTED_EDGE('',*,*,#7804,.T.);
#7804 = EDGE_CURVE('',#7805,#7805,#7807,.T.);
#7805 = VERTEX_POINT('',#7806);
#7806 = CARTESIAN_POINT('',(200.,-145.8288,0.));
#7807 = CIRCLE('',#7808,0.45);
#7808 = AXIS2_PLACEMENT_3D('',#7809,#7810,#7811);
#7809 = CARTESIAN_POINT('',(200.,-145.3788,0.));
#7810 = DIRECTION('',(-0.,0.,-1.));
#7811 = DIRECTION('',(-0.,-1.,0.));
#7812 = FACE_BOUND('',#7813,.F.);
#7813 = EDGE_LOOP('',(#7814));
#7814 = ORIENTED_EDGE('',*,*,#7815,.T.);
#7815 = EDGE_CURVE('',#7816,#7816,#7818,.T.);
#7816 = VERTEX_POINT('',#7817);
#7817 = CARTESIAN_POINT('',(202.54,-145.8288,0.));
#7818 = CIRCLE('',#7819,0.45);
#7819 = AXIS2_PLACEMENT_3D('',#7820,#7821,#7822);
#7820 = CARTESIAN_POINT('',(202.54,-145.3788,0.));
#7821 = DIRECTION('',(-0.,0.,-1.));
#7822 = DIRECTION('',(-6.315935428979E-14,-1.,0.));
#7823 = FACE_BOUND('',#7824,.F.);
#7824 = EDGE_LOOP('',(#7825));
#7825 = ORIENTED_EDGE('',*,*,#7826,.T.);
#7826 = EDGE_CURVE('',#7827,#7827,#7829,.T.);
#7827 = VERTEX_POINT('',#7828);
#7828 = CARTESIAN_POINT('',(215.018715,-143.346545,0.));
#7829 = CIRCLE('',#7830,0.45);
#7830 = AXIS2_PLACEMENT_3D('',#7831,#7832,#7833);
#7831 = CARTESIAN_POINT('',(215.018715,-142.896545,0.));
#7832 = DIRECTION('',(-0.,0.,-1.));
#7833 = DIRECTION('',(-0.,-1.,0.));
#7834 = FACE_BOUND('',#7835,.F.);
#7835 = EDGE_LOOP('',(#7836));
#7836 = ORIENTED_EDGE('',*,*,#7837,.T.);
#7837 = EDGE_CURVE('',#7838,#7838,#7840,.T.);
#7838 = VERTEX_POINT('',#7839);
#7839 = CARTESIAN_POINT('',(217.365369,-142.374529,0.));
#7840 = CIRCLE('',#7841,0.45);
#7841 = AXIS2_PLACEMENT_3D('',#7842,#7843,#7844);
#7842 = CARTESIAN_POINT('',(217.365369,-141.924529,0.));
#7843 = DIRECTION('',(-0.,0.,-1.));
#7844 = DIRECTION('',(-0.,-1.,0.));
#7845 = FACE_BOUND('',#7846,.F.);
#7846 = EDGE_LOOP('',(#7847));
#7847 = ORIENTED_EDGE('',*,*,#7848,.T.);
#7848 = EDGE_CURVE('',#7849,#7849,#7851,.T.);
#7849 = VERTEX_POINT('',#7850);
#7850 = CARTESIAN_POINT('',(219.712023,-141.402512,0.));
#7851 = CIRCLE('',#7852,0.45);
#7852 = AXIS2_PLACEMENT_3D('',#7853,#7854,#7855);
#7853 = CARTESIAN_POINT('',(219.712023,-140.952512,0.));
#7854 = DIRECTION('',(-0.,0.,-1.));
#7855 = DIRECTION('',(-0.,-1.,0.));
#7856 = FACE_BOUND('',#7857,.F.);
#7857 = EDGE_LOOP('',(#7858));
#7858 = ORIENTED_EDGE('',*,*,#7859,.T.);
#7859 = EDGE_CURVE('',#7860,#7860,#7862,.T.);
#7860 = VERTEX_POINT('',#7861);
#7861 = CARTESIAN_POINT('',(202.42,-134.365,0.));
#7862 = CIRCLE('',#7863,0.475);
#7863 = AXIS2_PLACEMENT_3D('',#7864,#7865,#7866);
#7864 = CARTESIAN_POINT('',(202.42,-133.89,0.));
#7865 = DIRECTION('',(-0.,0.,-1.));
#7866 = DIRECTION('',(-5.983517774822E-14,-1.,0.));
#7867 = FACE_BOUND('',#7868,.F.);
#7868 = EDGE_LOOP('',(#7869));
#7869 = ORIENTED_EDGE('',*,*,#7870,.T.);
#7870 = EDGE_CURVE('',#7871,#7871,#7873,.T.);
#7871 = VERTEX_POINT('',#7872);
#7872 = CARTESIAN_POINT('',(204.92,-134.365,0.));
#7873 = CIRCLE('',#7874,0.475);
#7874 = AXIS2_PLACEMENT_3D('',#7875,#7876,#7877);
#7875 = CARTESIAN_POINT('',(204.92,-133.89,0.));
#7876 = DIRECTION('',(-0.,0.,-1.));
#7877 = DIRECTION('',(-5.983517774822E-14,-1.,0.));
#7878 = FACE_BOUND('',#7879,.F.);
#7879 = EDGE_LOOP('',(#7880));
#7880 = ORIENTED_EDGE('',*,*,#7881,.T.);
#7881 = EDGE_CURVE('',#7882,#7882,#7884,.T.);
#7882 = VERTEX_POINT('',#7883);
#7883 = CARTESIAN_POINT('',(230.291657,-134.333657,0.));
#7884 = CIRCLE('',#7885,0.45);
#7885 = AXIS2_PLACEMENT_3D('',#7886,#7887,#7888);
#7886 = CARTESIAN_POINT('',(230.291657,-133.883657,0.));
#7887 = DIRECTION('',(-0.,0.,-1.));
#7888 = DIRECTION('',(-0.,-1.,0.));
#7889 = FACE_BOUND('',#7890,.F.);
#7890 = EDGE_LOOP('',(#7891));
#7891 = ORIENTED_EDGE('',*,*,#7892,.T.);
#7892 = EDGE_CURVE('',#7893,#7893,#7895,.T.);
#7893 = VERTEX_POINT('',#7894);
#7894 = CARTESIAN_POINT('',(232.087708,-132.537606,0.));
#7895 = CIRCLE('',#7896,0.45);
#7896 = AXIS2_PLACEMENT_3D('',#7897,#7898,#7899);
#7897 = CARTESIAN_POINT('',(232.087708,-132.087606,0.));
#7898 = DIRECTION('',(-0.,0.,-1.));
#7899 = DIRECTION('',(-6.315935428979E-14,-1.,0.));
#7900 = FACE_BOUND('',#7901,.F.);
#7901 = EDGE_LOOP('',(#7902));
#7902 = ORIENTED_EDGE('',*,*,#7903,.T.);
#7903 = EDGE_CURVE('',#7904,#7904,#7906,.T.);
#7904 = VERTEX_POINT('',#7905);
#7905 = CARTESIAN_POINT('',(233.883759,-130.741554,0.));
#7906 = CIRCLE('',#7907,0.45);
#7907 = AXIS2_PLACEMENT_3D('',#7908,#7909,#7910);
#7908 = CARTESIAN_POINT('',(233.883759,-130.291554,0.));
#7909 = DIRECTION('',(-0.,0.,-1.));
#7910 = DIRECTION('',(-0.,-1.,0.));
#7911 = FACE_BOUND('',#7912,.F.);
#7912 = EDGE_LOOP('',(#7913));
#7913 = ORIENTED_EDGE('',*,*,#7914,.F.);
#7914 = EDGE_CURVE('',#7915,#7915,#7917,.T.);
#7915 = VERTEX_POINT('',#7916);
#7916 = CARTESIAN_POINT('',(244.84251,-130.968942,0.));
#7917 = CIRCLE('',#7918,1.58555);
#7918 = AXIS2_PLACEMENT_3D('',#7919,#7920,#7921);
#7919 = CARTESIAN_POINT('',(243.25696,-130.968942,0.));
#7920 = DIRECTION('',(0.,0.,1.));
#7921 = DIRECTION('',(1.,0.,-0.));
#7922 = FACE_BOUND('',#7923,.F.);
#7923 = EDGE_LOOP('',(#7924));
#7924 = ORIENTED_EDGE('',*,*,#7925,.T.);
#7925 = EDGE_CURVE('',#7926,#7926,#7928,.T.);
#7926 = VERTEX_POINT('',#7927);
#7927 = CARTESIAN_POINT('',(207.62,-118.28,0.));
#7928 = CIRCLE('',#7929,0.5);
#7929 = AXIS2_PLACEMENT_3D('',#7930,#7931,#7932);
#7930 = CARTESIAN_POINT('',(207.62,-117.78,0.));
#7931 = DIRECTION('',(-0.,0.,-1.));
#7932 = DIRECTION('',(-0.,-1.,0.));
#7933 = FACE_BOUND('',#7934,.F.);
#7934 = EDGE_LOOP('',(#7935));
#7935 = ORIENTED_EDGE('',*,*,#7936,.T.);
#7936 = EDGE_CURVE('',#7937,#7937,#7939,.T.);
#7937 = VERTEX_POINT('',#7938);
#7938 = CARTESIAN_POINT('',(207.62,-115.74,0.));
#7939 = CIRCLE('',#7940,0.5);
#7940 = AXIS2_PLACEMENT_3D('',#7941,#7942,#7943);
#7941 = CARTESIAN_POINT('',(207.62,-115.24,0.));
#7942 = DIRECTION('',(-0.,0.,-1.));
#7943 = DIRECTION('',(-0.,-1.,0.));
#7944 = FACE_BOUND('',#7945,.F.);
#7945 = EDGE_LOOP('',(#7946));
#7946 = ORIENTED_EDGE('',*,*,#7947,.T.);
#7947 = EDGE_CURVE('',#7948,#7948,#7950,.T.);
#7948 = VERTEX_POINT('',#7949);
#7949 = CARTESIAN_POINT('',(207.62,-113.2,0.));
#7950 = CIRCLE('',#7951,0.5);
#7951 = AXIS2_PLACEMENT_3D('',#7952,#7953,#7954);
#7952 = CARTESIAN_POINT('',(207.62,-112.7,0.));
#7953 = DIRECTION('',(-0.,0.,-1.));
#7954 = DIRECTION('',(-0.,-1.,0.));
#7955 = FACE_BOUND('',#7956,.F.);
#7956 = EDGE_LOOP('',(#7957));
#7957 = ORIENTED_EDGE('',*,*,#7958,.T.);
#7958 = EDGE_CURVE('',#7959,#7959,#7961,.T.);
#7959 = VERTEX_POINT('',#7960);
#7960 = CARTESIAN_POINT('',(207.62,-110.66,0.));
#7961 = CIRCLE('',#7962,0.5);
#7962 = AXIS2_PLACEMENT_3D('',#7963,#7964,#7965);
#7963 = CARTESIAN_POINT('',(207.62,-110.16,0.));
#7964 = DIRECTION('',(-0.,0.,-1.));
#7965 = DIRECTION('',(-0.,-1.,0.));
#7966 = FACE_BOUND('',#7967,.F.);
#7967 = EDGE_LOOP('',(#7968));
#7968 = ORIENTED_EDGE('',*,*,#7969,.T.);
#7969 = EDGE_CURVE('',#7970,#7970,#7972,.T.);
#7970 = VERTEX_POINT('',#7971);
#7971 = CARTESIAN_POINT('',(207.62,-108.12,0.));
#7972 = CIRCLE('',#7973,0.5);
#7973 = AXIS2_PLACEMENT_3D('',#7974,#7975,#7976);
#7974 = CARTESIAN_POINT('',(207.62,-107.62,0.));
#7975 = DIRECTION('',(-0.,0.,-1.));
#7976 = DIRECTION('',(-0.,-1.,0.));
#7977 = FACE_BOUND('',#7978,.F.);
#7978 = EDGE_LOOP('',(#7979));
#7979 = ORIENTED_EDGE('',*,*,#7980,.T.);
#7980 = EDGE_CURVE('',#7981,#7981,#7983,.T.);
#7981 = VERTEX_POINT('',#7982);
#7982 = CARTESIAN_POINT('',(207.62,-105.58,0.));
#7983 = CIRCLE('',#7984,0.5);
#7984 = AXIS2_PLACEMENT_3D('',#7985,#7986,#7987);
#7985 = CARTESIAN_POINT('',(207.62,-105.08,0.));
#7986 = DIRECTION('',(-0.,0.,-1.));
#7987 = DIRECTION('',(-0.,-1.,0.));
#7988 = FACE_BOUND('',#7989,.F.);
#7989 = EDGE_LOOP('',(#7990));
#7990 = ORIENTED_EDGE('',*,*,#7991,.T.);
#7991 = EDGE_CURVE('',#7992,#7992,#7994,.T.);
#7992 = VERTEX_POINT('',#7993);
#7993 = CARTESIAN_POINT('',(207.62,-103.04,0.));
#7994 = CIRCLE('',#7995,0.5);
#7995 = AXIS2_PLACEMENT_3D('',#7996,#7997,#7998);
#7996 = CARTESIAN_POINT('',(207.62,-102.54,0.));
#7997 = DIRECTION('',(-0.,0.,-1.));
#7998 = DIRECTION('',(-0.,-1.,0.));
#7999 = FACE_BOUND('',#8000,.F.);
#8000 = EDGE_LOOP('',(#8001));
#8001 = ORIENTED_EDGE('',*,*,#8002,.T.);
#8002 = EDGE_CURVE('',#8003,#8003,#8005,.T.);
#8003 = VERTEX_POINT('',#8004);
#8004 = CARTESIAN_POINT('',(207.62,-100.5,0.));
#8005 = CIRCLE('',#8006,0.5);
#8006 = AXIS2_PLACEMENT_3D('',#8007,#8008,#8009);
#8007 = CARTESIAN_POINT('',(207.62,-100.,0.));
#8008 = DIRECTION('',(-0.,0.,-1.));
#8009 = DIRECTION('',(-0.,-1.,0.));
#8010 = FACE_BOUND('',#8011,.F.);
#8011 = EDGE_LOOP('',(#8012,#8023,#8031));
#8012 = ORIENTED_EDGE('',*,*,#8013,.F.);
#8013 = EDGE_CURVE('',#8014,#8016,#8018,.T.);
#8014 = VERTEX_POINT('',#8015);
#8015 = CARTESIAN_POINT('',(215.,-137.080991,0.));
#8016 = VERTEX_POINT('',#8017);
#8017 = CARTESIAN_POINT('',(239.88734,-103.,0.));
#8018 = CIRCLE('',#8019,39.999994375799);
#8019 = AXIS2_PLACEMENT_3D('',#8020,#8021,#8022);
#8020 = CARTESIAN_POINT('',(200.00000406506,-100.000002987,0.));
#8021 = DIRECTION('',(0.,0.,1.));
#8022 = DIRECTION('',(0.3749999511,-0.927024830668,0.));
#8023 = ORIENTED_EDGE('',*,*,#8024,.F.);
#8024 = EDGE_CURVE('',#8025,#8014,#8027,.T.);
#8025 = VERTEX_POINT('',#8026);
#8026 = CARTESIAN_POINT('',(215.,-103.,0.));
#8027 = LINE('',#8028,#8029);
#8028 = CARTESIAN_POINT('',(215.,-103.,0.));
#8029 = VECTOR('',#8030,1.);
#8030 = DIRECTION('',(0.,-1.,0.));
#8031 = ORIENTED_EDGE('',*,*,#8032,.F.);
#8032 = EDGE_CURVE('',#8016,#8025,#8033,.T.);
#8033 = LINE('',#8034,#8035);
#8034 = CARTESIAN_POINT('',(239.88734,-103.,0.));
#8035 = VECTOR('',#8036,1.);
#8036 = DIRECTION('',(-1.,0.,0.));
#8037 = FACE_BOUND('',#8038,.F.);
#8038 = EDGE_LOOP('',(#8039));
#8039 = ORIENTED_EDGE('',*,*,#8040,.T.);
#8040 = EDGE_CURVE('',#8041,#8041,#8043,.T.);
#8041 = VERTEX_POINT('',#8042);
#8042 = CARTESIAN_POINT('',(240.952545,-120.162715,0.));
#8043 = CIRCLE('',#8044,0.45);
#8044 = AXIS2_PLACEMENT_3D('',#8045,#8046,#8047);
#8045 = CARTESIAN_POINT('',(240.952545,-119.712715,0.));
#8046 = DIRECTION('',(-0.,0.,-1.));
#8047 = DIRECTION('',(-0.,-1.,0.));
#8048 = FACE_BOUND('',#8049,.F.);
#8049 = EDGE_LOOP('',(#8050));
#8050 = ORIENTED_EDGE('',*,*,#8051,.T.);
#8051 = EDGE_CURVE('',#8052,#8052,#8054,.T.);
#8052 = VERTEX_POINT('',#8053);
#8053 = CARTESIAN_POINT('',(241.924561,-117.816061,0.));
#8054 = CIRCLE('',#8055,0.45);
#8055 = AXIS2_PLACEMENT_3D('',#8056,#8057,#8058);
#8056 = CARTESIAN_POINT('',(241.924561,-117.366061,0.));
#8057 = DIRECTION('',(-0.,0.,-1.));
#8058 = DIRECTION('',(6.315935428978E-14,-1.,-0.));
#8059 = FACE_BOUND('',#8060,.F.);
#8060 = EDGE_LOOP('',(#8061));
#8061 = ORIENTED_EDGE('',*,*,#8062,.T.);
#8062 = EDGE_CURVE('',#8063,#8063,#8065,.T.);
#8063 = VERTEX_POINT('',#8064);
#8064 = CARTESIAN_POINT('',(242.896577,-115.469407,0.));
#8065 = CIRCLE('',#8066,0.45);
#8066 = AXIS2_PLACEMENT_3D('',#8067,#8068,#8069);
#8067 = CARTESIAN_POINT('',(242.896577,-115.019407,0.));
#8068 = DIRECTION('',(-0.,0.,-1.));
#8069 = DIRECTION('',(6.315935428978E-14,-1.,-0.));
#8070 = FACE_BOUND('',#8071,.F.);
#8071 = EDGE_LOOP('',(#8072));
#8072 = ORIENTED_EDGE('',*,*,#8073,.F.);
#8073 = EDGE_CURVE('',#8074,#8074,#8076,.T.);
#8074 = VERTEX_POINT('',#8075);
#8075 = CARTESIAN_POINT('',(236.58555,-100.,0.));
#8076 = CIRCLE('',#8077,1.58555);
#8077 = AXIS2_PLACEMENT_3D('',#8078,#8079,#8080);
#8078 = CARTESIAN_POINT('',(235.,-100.,0.));
#8079 = DIRECTION('',(0.,0.,1.));
#8080 = DIRECTION('',(1.,0.,-0.));
#8081 = FACE_BOUND('',#8082,.F.);
#8082 = EDGE_LOOP('',(#8083));
#8083 = ORIENTED_EDGE('',*,*,#8084,.T.);
#8084 = EDGE_CURVE('',#8085,#8085,#8087,.T.);
#8085 = VERTEX_POINT('',#8086);
#8086 = CARTESIAN_POINT('',(245.3788,-102.99,0.));
#8087 = CIRCLE('',#8088,0.45);
#8088 = AXIS2_PLACEMENT_3D('',#8089,#8090,#8091);
#8089 = CARTESIAN_POINT('',(245.3788,-102.54,0.));
#8090 = DIRECTION('',(-0.,0.,-1.));
#8091 = DIRECTION('',(-0.,-1.,0.));
#8092 = FACE_BOUND('',#8093,.F.);
#8093 = EDGE_LOOP('',(#8094));
#8094 = ORIENTED_EDGE('',*,*,#8095,.T.);
#8095 = EDGE_CURVE('',#8096,#8096,#8098,.T.);
#8096 = VERTEX_POINT('',#8097);
#8097 = CARTESIAN_POINT('',(245.3788,-100.45,0.));
#8098 = CIRCLE('',#8099,0.45);
#8099 = AXIS2_PLACEMENT_3D('',#8100,#8101,#8102);
#8100 = CARTESIAN_POINT('',(245.3788,-100.,0.));
#8101 = DIRECTION('',(-0.,0.,-1.));
#8102 = DIRECTION('',(-0.,-1.,0.));
#8103 = FACE_BOUND('',#8104,.F.);
#8104 = EDGE_LOOP('',(#8105));
#8105 = ORIENTED_EDGE('',*,*,#8106,.T.);
#8106 = EDGE_CURVE('',#8107,#8107,#8109,.T.);
#8107 = VERTEX_POINT('',#8108);
#8108 = CARTESIAN_POINT('',(154.6212,-100.45,0.));
#8109 = CIRCLE('',#8110,0.45);
#8110 = AXIS2_PLACEMENT_3D('',#8111,#8112,#8113);
#8111 = CARTESIAN_POINT('',(154.6212,-100.,0.));
#8112 = DIRECTION('',(-0.,0.,-1.));
#8113 = DIRECTION('',(-0.,-1.,0.));
#8114 = FACE_BOUND('',#8115,.F.);
#8115 = EDGE_LOOP('',(#8116));
#8116 = ORIENTED_EDGE('',*,*,#8117,.T.);
#8117 = EDGE_CURVE('',#8118,#8118,#8120,.T.);
#8118 = VERTEX_POINT('',#8119);
#8119 = CARTESIAN_POINT('',(154.6212,-97.91,0.));
#8120 = CIRCLE('',#8121,0.45);
#8121 = AXIS2_PLACEMENT_3D('',#8122,#8123,#8124);
#8122 = CARTESIAN_POINT('',(154.6212,-97.46,0.));
#8123 = DIRECTION('',(-0.,0.,-1.));
#8124 = DIRECTION('',(-0.,-1.,0.));
#8125 = FACE_BOUND('',#8126,.F.);
#8126 = EDGE_LOOP('',(#8127));
#8127 = ORIENTED_EDGE('',*,*,#8128,.T.);
#8128 = EDGE_CURVE('',#8129,#8129,#8131,.T.);
#8129 = VERTEX_POINT('',#8130);
#8130 = CARTESIAN_POINT('',(157.103423,-85.430593,0.));
#8131 = CIRCLE('',#8132,0.45);
#8132 = AXIS2_PLACEMENT_3D('',#8133,#8134,#8135);
#8133 = CARTESIAN_POINT('',(157.103423,-84.980593,0.));
#8134 = DIRECTION('',(-0.,0.,-1.));
#8135 = DIRECTION('',(-6.315935428979E-14,-1.,0.));
#8136 = FACE_BOUND('',#8137,.F.);
#8137 = EDGE_LOOP('',(#8138));
#8138 = ORIENTED_EDGE('',*,*,#8139,.T.);
#8139 = EDGE_CURVE('',#8140,#8140,#8142,.T.);
#8140 = VERTEX_POINT('',#8141);
#8141 = CARTESIAN_POINT('',(158.075439,-83.083939,0.));
#8142 = CIRCLE('',#8143,0.45);
#8143 = AXIS2_PLACEMENT_3D('',#8144,#8145,#8146);
#8144 = CARTESIAN_POINT('',(158.075439,-82.633939,0.));
#8145 = DIRECTION('',(-0.,0.,-1.));
#8146 = DIRECTION('',(-6.315935428979E-14,-1.,0.));
#8147 = FACE_BOUND('',#8148,.F.);
#8148 = EDGE_LOOP('',(#8149));
#8149 = ORIENTED_EDGE('',*,*,#8150,.T.);
#8150 = EDGE_CURVE('',#8151,#8151,#8153,.T.);
#8151 = VERTEX_POINT('',#8152);
#8152 = CARTESIAN_POINT('',(159.047455,-80.737285,0.));
#8153 = CIRCLE('',#8154,0.45);
#8154 = AXIS2_PLACEMENT_3D('',#8155,#8156,#8157);
#8155 = CARTESIAN_POINT('',(159.047455,-80.287285,0.));
#8156 = DIRECTION('',(-0.,0.,-1.));
#8157 = DIRECTION('',(-0.,-1.,0.));
#8158 = FACE_BOUND('',#8159,.F.);
#8159 = EDGE_LOOP('',(#8160,#8171,#8179));
#8160 = ORIENTED_EDGE('',*,*,#8161,.F.);
#8161 = EDGE_CURVE('',#8162,#8164,#8166,.T.);
#8162 = VERTEX_POINT('',#8163);
#8163 = CARTESIAN_POINT('',(185.,-62.919008,0.));
#8164 = VERTEX_POINT('',#8165);
#8165 = CARTESIAN_POINT('',(160.112659,-97.,0.));
#8166 = CIRCLE('',#8167,40.000000770645);
#8167 = AXIS2_PLACEMENT_3D('',#8168,#8169,#8170);
#8168 = CARTESIAN_POINT('',(200.00000106015,-100.0000008379,0.));
#8169 = DIRECTION('',(0.,0.,1.));
#8170 = DIRECTION('',(-0.375000019279,0.927024803088,0.));
#8171 = ORIENTED_EDGE('',*,*,#8172,.F.);
#8172 = EDGE_CURVE('',#8173,#8162,#8175,.T.);
#8173 = VERTEX_POINT('',#8174);
#8174 = CARTESIAN_POINT('',(185.,-97.,0.));
#8175 = LINE('',#8176,#8177);
#8176 = CARTESIAN_POINT('',(185.,-97.,0.));
#8177 = VECTOR('',#8178,1.);
#8178 = DIRECTION('',(0.,1.,0.));
#8179 = ORIENTED_EDGE('',*,*,#8180,.F.);
#8180 = EDGE_CURVE('',#8164,#8173,#8181,.T.);
#8181 = LINE('',#8182,#8183);
#8182 = CARTESIAN_POINT('',(160.112659,-97.,0.));
#8183 = VECTOR('',#8184,1.);
#8184 = DIRECTION('',(1.,0.,0.));
#8185 = FACE_BOUND('',#8186,.F.);
#8186 = EDGE_LOOP('',(#8187));
#8187 = ORIENTED_EDGE('',*,*,#8188,.T.);
#8188 = EDGE_CURVE('',#8189,#8189,#8191,.T.);
#8189 = VERTEX_POINT('',#8190);
#8190 = CARTESIAN_POINT('',(192.38,-97.96,0.));
#8191 = CIRCLE('',#8192,0.5);
#8192 = AXIS2_PLACEMENT_3D('',#8193,#8194,#8195);
#8193 = CARTESIAN_POINT('',(192.38,-97.46,0.));
#8194 = DIRECTION('',(-0.,0.,-1.));
#8195 = DIRECTION('',(-0.,-1.,0.));
#8196 = FACE_BOUND('',#8197,.F.);
#8197 = EDGE_LOOP('',(#8198));
#8198 = ORIENTED_EDGE('',*,*,#8199,.T.);
#8199 = EDGE_CURVE('',#8200,#8200,#8202,.T.);
#8200 = VERTEX_POINT('',#8201);
#8201 = CARTESIAN_POINT('',(192.38,-95.42,0.));
#8202 = CIRCLE('',#8203,0.5);
#8203 = AXIS2_PLACEMENT_3D('',#8204,#8205,#8206);
#8204 = CARTESIAN_POINT('',(192.38,-94.92,0.));
#8205 = DIRECTION('',(-0.,0.,-1.));
#8206 = DIRECTION('',(-0.,-1.,0.));
#8207 = FACE_BOUND('',#8208,.F.);
#8208 = EDGE_LOOP('',(#8209));
#8209 = ORIENTED_EDGE('',*,*,#8210,.T.);
#8210 = EDGE_CURVE('',#8211,#8211,#8213,.T.);
#8211 = VERTEX_POINT('',#8212);
#8212 = CARTESIAN_POINT('',(192.38,-92.88,0.));
#8213 = CIRCLE('',#8214,0.5);
#8214 = AXIS2_PLACEMENT_3D('',#8215,#8216,#8217);
#8215 = CARTESIAN_POINT('',(192.38,-92.38,0.));
#8216 = DIRECTION('',(-0.,0.,-1.));
#8217 = DIRECTION('',(-0.,-1.,0.));
#8218 = FACE_BOUND('',#8219,.F.);
#8219 = EDGE_LOOP('',(#8220));
#8220 = ORIENTED_EDGE('',*,*,#8221,.T.);
#8221 = EDGE_CURVE('',#8222,#8222,#8224,.T.);
#8222 = VERTEX_POINT('',#8223);
#8223 = CARTESIAN_POINT('',(192.38,-90.34,0.));
#8224 = CIRCLE('',#8225,0.5);
#8225 = AXIS2_PLACEMENT_3D('',#8226,#8227,#8228);
#8226 = CARTESIAN_POINT('',(192.38,-89.84,0.));
#8227 = DIRECTION('',(-0.,0.,-1.));
#8228 = DIRECTION('',(-0.,-1.,0.));
#8229 = FACE_BOUND('',#8230,.F.);
#8230 = EDGE_LOOP('',(#8231));
#8231 = ORIENTED_EDGE('',*,*,#8232,.T.);
#8232 = EDGE_CURVE('',#8233,#8233,#8235,.T.);
#8233 = VERTEX_POINT('',#8234);
#8234 = CARTESIAN_POINT('',(192.38,-87.8,0.));
#8235 = CIRCLE('',#8236,0.5);
#8236 = AXIS2_PLACEMENT_3D('',#8237,#8238,#8239);
#8237 = CARTESIAN_POINT('',(192.38,-87.3,0.));
#8238 = DIRECTION('',(-0.,0.,-1.));
#8239 = DIRECTION('',(-0.,-1.,0.));
#8240 = FACE_BOUND('',#8241,.F.);
#8241 = EDGE_LOOP('',(#8242));
#8242 = ORIENTED_EDGE('',*,*,#8243,.T.);
#8243 = EDGE_CURVE('',#8244,#8244,#8246,.T.);
#8244 = VERTEX_POINT('',#8245);
#8245 = CARTESIAN_POINT('',(192.38,-85.26,0.));
#8246 = CIRCLE('',#8247,0.5);
#8247 = AXIS2_PLACEMENT_3D('',#8248,#8249,#8250);
#8248 = CARTESIAN_POINT('',(192.38,-84.76,0.));
#8249 = DIRECTION('',(-0.,0.,-1.));
#8250 = DIRECTION('',(-0.,-1.,0.));
#8251 = FACE_BOUND('',#8252,.F.);
#8252 = EDGE_LOOP('',(#8253));
#8253 = ORIENTED_EDGE('',*,*,#8254,.T.);
#8254 = EDGE_CURVE('',#8255,#8255,#8257,.T.);
#8255 = VERTEX_POINT('',#8256);
#8256 = CARTESIAN_POINT('',(192.38,-82.72,0.));
#8257 = CIRCLE('',#8258,0.5);
#8258 = AXIS2_PLACEMENT_3D('',#8259,#8260,#8261);
#8259 = CARTESIAN_POINT('',(192.38,-82.22,0.));
#8260 = DIRECTION('',(-0.,0.,-1.));
#8261 = DIRECTION('',(-0.,-1.,0.));
#8262 = FACE_BOUND('',#8263,.F.);
#8263 = EDGE_LOOP('',(#8264));
#8264 = ORIENTED_EDGE('',*,*,#8265,.F.);
#8265 = EDGE_CURVE('',#8266,#8266,#8268,.T.);
#8266 = VERTEX_POINT('',#8267);
#8267 = CARTESIAN_POINT('',(158.32859,-69.031058,0.));
#8268 = CIRCLE('',#8269,1.58555);
#8269 = AXIS2_PLACEMENT_3D('',#8270,#8271,#8272);
#8270 = CARTESIAN_POINT('',(156.74304,-69.031058,0.));
#8271 = DIRECTION('',(0.,0.,1.));
#8272 = DIRECTION('',(1.,0.,-0.));
#8273 = FACE_BOUND('',#8274,.F.);
#8274 = EDGE_LOOP('',(#8275));
#8275 = ORIENTED_EDGE('',*,*,#8276,.T.);
#8276 = EDGE_CURVE('',#8277,#8277,#8279,.T.);
#8277 = VERTEX_POINT('',#8278);
#8278 = CARTESIAN_POINT('',(166.116239,-70.158445,0.));
#8279 = CIRCLE('',#8280,0.45);
#8280 = AXIS2_PLACEMENT_3D('',#8281,#8282,#8283);
#8281 = CARTESIAN_POINT('',(166.116239,-69.708445,0.));
#8282 = DIRECTION('',(-0.,0.,-1.));
#8283 = DIRECTION('',(-0.,-1.,0.));
#8284 = FACE_BOUND('',#8285,.F.);
#8285 = EDGE_LOOP('',(#8286));
#8286 = ORIENTED_EDGE('',*,*,#8287,.T.);
#8287 = EDGE_CURVE('',#8288,#8288,#8290,.T.);
#8288 = VERTEX_POINT('',#8289);
#8289 = CARTESIAN_POINT('',(167.912292,-68.362394,0.));
#8290 = CIRCLE('',#8291,0.45);
#8291 = AXIS2_PLACEMENT_3D('',#8292,#8293,#8294);
#8292 = CARTESIAN_POINT('',(167.912292,-67.912394,0.));
#8293 = DIRECTION('',(-0.,0.,-1.));
#8294 = DIRECTION('',(6.315935428978E-14,-1.,-0.));
#8295 = FACE_BOUND('',#8296,.F.);
#8296 = EDGE_LOOP('',(#8297));
#8297 = ORIENTED_EDGE('',*,*,#8298,.T.);
#8298 = EDGE_CURVE('',#8299,#8299,#8301,.T.);
#8299 = VERTEX_POINT('',#8300);
#8300 = CARTESIAN_POINT('',(169.708343,-66.566343,0.));
#8301 = CIRCLE('',#8302,0.45);
#8302 = AXIS2_PLACEMENT_3D('',#8303,#8304,#8305);
#8303 = CARTESIAN_POINT('',(169.708343,-66.116343,0.));
#8304 = DIRECTION('',(-0.,0.,-1.));
#8305 = DIRECTION('',(-0.,-1.,0.));
#8306 = FACE_BOUND('',#8307,.F.);
#8307 = EDGE_LOOP('',(#8308));
#8308 = ORIENTED_EDGE('',*,*,#8309,.T.);
#8309 = EDGE_CURVE('',#8310,#8310,#8312,.T.);
#8310 = VERTEX_POINT('',#8311);
#8311 = CARTESIAN_POINT('',(180.287978,-59.497487,0.));
#8312 = CIRCLE('',#8313,0.45);
#8313 = AXIS2_PLACEMENT_3D('',#8314,#8315,#8316);
#8314 = CARTESIAN_POINT('',(180.287978,-59.047487,0.));
#8315 = DIRECTION('',(-0.,0.,-1.));
#8316 = DIRECTION('',(-0.,-1.,0.));
#8317 = FACE_BOUND('',#8318,.F.);
#8318 = EDGE_LOOP('',(#8319));
#8319 = ORIENTED_EDGE('',*,*,#8320,.T.);
#8320 = EDGE_CURVE('',#8321,#8321,#8323,.T.);
#8321 = VERTEX_POINT('',#8322);
#8322 = CARTESIAN_POINT('',(182.634631,-58.525471,0.));
#8323 = CIRCLE('',#8324,0.45);
#8324 = AXIS2_PLACEMENT_3D('',#8325,#8326,#8327);
#8325 = CARTESIAN_POINT('',(182.634631,-58.075471,0.));
#8326 = DIRECTION('',(-0.,0.,-1.));
#8327 = DIRECTION('',(-0.,-1.,0.));
#8328 = FACE_BOUND('',#8329,.F.);
#8329 = EDGE_LOOP('',(#8330));
#8330 = ORIENTED_EDGE('',*,*,#8331,.T.);
#8331 = EDGE_CURVE('',#8332,#8332,#8334,.T.);
#8332 = VERTEX_POINT('',#8333);
#8333 = CARTESIAN_POINT('',(184.981285,-57.553455,0.));
#8334 = CIRCLE('',#8335,0.45);
#8335 = AXIS2_PLACEMENT_3D('',#8336,#8337,#8338);
#8336 = CARTESIAN_POINT('',(184.981285,-57.103455,0.));
#8337 = DIRECTION('',(-0.,0.,-1.));
#8338 = DIRECTION('',(-0.,-1.,0.));
#8339 = FACE_BOUND('',#8340,.F.);
#8340 = EDGE_LOOP('',(#8341));
#8341 = ORIENTED_EDGE('',*,*,#8342,.T.);
#8342 = EDGE_CURVE('',#8343,#8343,#8345,.T.);
#8343 = VERTEX_POINT('',#8344);
#8344 = CARTESIAN_POINT('',(197.46,-55.0712,0.));
#8345 = CIRCLE('',#8346,0.45);
#8346 = AXIS2_PLACEMENT_3D('',#8347,#8348,#8349);
#8347 = CARTESIAN_POINT('',(197.46,-54.6212,0.));
#8348 = DIRECTION('',(-0.,0.,-1.));
#8349 = DIRECTION('',(6.315935428978E-14,-1.,-0.));
#8350 = FACE_BOUND('',#8351,.F.);
#8351 = EDGE_LOOP('',(#8352));
#8352 = ORIENTED_EDGE('',*,*,#8353,.T.);
#8353 = EDGE_CURVE('',#8354,#8354,#8356,.T.);
#8354 = VERTEX_POINT('',#8355);
#8355 = CARTESIAN_POINT('',(207.62,-97.96,0.));
#8356 = CIRCLE('',#8357,0.5);
#8357 = AXIS2_PLACEMENT_3D('',#8358,#8359,#8360);
#8358 = CARTESIAN_POINT('',(207.62,-97.46,0.));
#8359 = DIRECTION('',(-0.,0.,-1.));
#8360 = DIRECTION('',(-0.,-1.,0.));
#8361 = FACE_BOUND('',#8362,.F.);
#8362 = EDGE_LOOP('',(#8363));
#8363 = ORIENTED_EDGE('',*,*,#8364,.T.);
#8364 = EDGE_CURVE('',#8365,#8365,#8367,.T.);
#8365 = VERTEX_POINT('',#8366);
#8366 = CARTESIAN_POINT('',(207.62,-95.42,0.));
#8367 = CIRCLE('',#8368,0.5);
#8368 = AXIS2_PLACEMENT_3D('',#8369,#8370,#8371);
#8369 = CARTESIAN_POINT('',(207.62,-94.92,0.));
#8370 = DIRECTION('',(-0.,0.,-1.));
#8371 = DIRECTION('',(-0.,-1.,0.));
#8372 = FACE_BOUND('',#8373,.F.);
#8373 = EDGE_LOOP('',(#8374));
#8374 = ORIENTED_EDGE('',*,*,#8375,.T.);
#8375 = EDGE_CURVE('',#8376,#8376,#8378,.T.);
#8376 = VERTEX_POINT('',#8377);
#8377 = CARTESIAN_POINT('',(207.62,-92.88,0.));
#8378 = CIRCLE('',#8379,0.5);
#8379 = AXIS2_PLACEMENT_3D('',#8380,#8381,#8382);
#8380 = CARTESIAN_POINT('',(207.62,-92.38,0.));
#8381 = DIRECTION('',(-0.,0.,-1.));
#8382 = DIRECTION('',(-0.,-1.,0.));
#8383 = FACE_BOUND('',#8384,.F.);
#8384 = EDGE_LOOP('',(#8385));
#8385 = ORIENTED_EDGE('',*,*,#8386,.T.);
#8386 = EDGE_CURVE('',#8387,#8387,#8389,.T.);
#8387 = VERTEX_POINT('',#8388);
#8388 = CARTESIAN_POINT('',(207.62,-90.34,0.));
#8389 = CIRCLE('',#8390,0.5);
#8390 = AXIS2_PLACEMENT_3D('',#8391,#8392,#8393);
#8391 = CARTESIAN_POINT('',(207.62,-89.84,0.));
#8392 = DIRECTION('',(-0.,0.,-1.));
#8393 = DIRECTION('',(-0.,-1.,0.));
#8394 = FACE_BOUND('',#8395,.F.);
#8395 = EDGE_LOOP('',(#8396));
#8396 = ORIENTED_EDGE('',*,*,#8397,.T.);
#8397 = EDGE_CURVE('',#8398,#8398,#8400,.T.);
#8398 = VERTEX_POINT('',#8399);
#8399 = CARTESIAN_POINT('',(207.62,-87.8,0.));
#8400 = CIRCLE('',#8401,0.5);
#8401 = AXIS2_PLACEMENT_3D('',#8402,#8403,#8404);
#8402 = CARTESIAN_POINT('',(207.62,-87.3,0.));
#8403 = DIRECTION('',(-0.,0.,-1.));
#8404 = DIRECTION('',(-0.,-1.,0.));
#8405 = FACE_BOUND('',#8406,.F.);
#8406 = EDGE_LOOP('',(#8407));
#8407 = ORIENTED_EDGE('',*,*,#8408,.T.);
#8408 = EDGE_CURVE('',#8409,#8409,#8411,.T.);
#8409 = VERTEX_POINT('',#8410);
#8410 = CARTESIAN_POINT('',(207.62,-85.26,0.));
#8411 = CIRCLE('',#8412,0.5);
#8412 = AXIS2_PLACEMENT_3D('',#8413,#8414,#8415);
#8413 = CARTESIAN_POINT('',(207.62,-84.76,0.));
#8414 = DIRECTION('',(-0.,0.,-1.));
#8415 = DIRECTION('',(-0.,-1.,0.));
#8416 = FACE_BOUND('',#8417,.F.);
#8417 = EDGE_LOOP('',(#8418));
#8418 = ORIENTED_EDGE('',*,*,#8419,.T.);
#8419 = EDGE_CURVE('',#8420,#8420,#8422,.T.);
#8420 = VERTEX_POINT('',#8421);
#8421 = CARTESIAN_POINT('',(207.62,-82.72,0.));
#8422 = CIRCLE('',#8423,0.5);
#8423 = AXIS2_PLACEMENT_3D('',#8424,#8425,#8426);
#8424 = CARTESIAN_POINT('',(207.62,-82.22,0.));
#8425 = DIRECTION('',(-0.,0.,-1.));
#8426 = DIRECTION('',(-0.,-1.,0.));
#8427 = FACE_BOUND('',#8428,.F.);
#8428 = EDGE_LOOP('',(#8429));
#8429 = ORIENTED_EDGE('',*,*,#8430,.T.);
#8430 = EDGE_CURVE('',#8431,#8431,#8433,.T.);
#8431 = VERTEX_POINT('',#8432);
#8432 = CARTESIAN_POINT('',(245.3788,-97.91,0.));
#8433 = CIRCLE('',#8434,0.45);
#8434 = AXIS2_PLACEMENT_3D('',#8435,#8436,#8437);
#8435 = CARTESIAN_POINT('',(245.3788,-97.46,0.));
#8436 = DIRECTION('',(-0.,0.,-1.));
#8437 = DIRECTION('',(-0.,-1.,0.));
#8438 = FACE_BOUND('',#8439,.F.);
#8439 = EDGE_LOOP('',(#8440,#8450,#8458));
#8440 = ORIENTED_EDGE('',*,*,#8441,.F.);
#8441 = EDGE_CURVE('',#8442,#8444,#8446,.T.);
#8442 = VERTEX_POINT('',#8443);
#8443 = CARTESIAN_POINT('',(215.,-97.,0.));
#8444 = VERTEX_POINT('',#8445);
#8445 = CARTESIAN_POINT('',(239.88734,-97.,0.));
#8446 = LINE('',#8447,#8448);
#8447 = CARTESIAN_POINT('',(215.,-97.,0.));
#8448 = VECTOR('',#8449,1.);
#8449 = DIRECTION('',(1.,0.,0.));
#8450 = ORIENTED_EDGE('',*,*,#8451,.F.);
#8451 = EDGE_CURVE('',#8452,#8442,#8454,.T.);
#8452 = VERTEX_POINT('',#8453);
#8453 = CARTESIAN_POINT('',(215.,-62.919009,0.));
#8454 = LINE('',#8455,#8456);
#8455 = CARTESIAN_POINT('',(215.,-62.919009,0.));
#8456 = VECTOR('',#8457,1.);
#8457 = DIRECTION('',(0.,-1.,0.));
#8458 = ORIENTED_EDGE('',*,*,#8459,.F.);
#8459 = EDGE_CURVE('',#8444,#8452,#8460,.T.);
#8460 = CIRCLE('',#8461,39.999994375799);
#8461 = AXIS2_PLACEMENT_3D('',#8462,#8463,#8464);
#8462 = CARTESIAN_POINT('',(200.00000406506,-99.99999701294,0.));
#8463 = DIRECTION('',(0.,0.,1.));
#8464 = DIRECTION('',(0.997183538582,7.499993586891E-02,-0.));
#8465 = FACE_BOUND('',#8466,.F.);
#8466 = EDGE_LOOP('',(#8467));
#8467 = ORIENTED_EDGE('',*,*,#8468,.T.);
#8468 = EDGE_CURVE('',#8469,#8469,#8471,.T.);
#8469 = VERTEX_POINT('',#8470);
#8470 = CARTESIAN_POINT('',(242.896545,-85.431285,0.));
#8471 = CIRCLE('',#8472,0.45);
#8472 = AXIS2_PLACEMENT_3D('',#8473,#8474,#8475);
#8473 = CARTESIAN_POINT('',(242.896545,-84.981285,0.));
#8474 = DIRECTION('',(-0.,0.,-1.));
#8475 = DIRECTION('',(-0.,-1.,0.));
#8476 = FACE_BOUND('',#8477,.F.);
#8477 = EDGE_LOOP('',(#8478));
#8478 = ORIENTED_EDGE('',*,*,#8479,.T.);
#8479 = EDGE_CURVE('',#8480,#8480,#8482,.T.);
#8480 = VERTEX_POINT('',#8481);
#8481 = CARTESIAN_POINT('',(241.924529,-83.084631,0.));
#8482 = CIRCLE('',#8483,0.45);
#8483 = AXIS2_PLACEMENT_3D('',#8484,#8485,#8486);
#8484 = CARTESIAN_POINT('',(241.924529,-82.634631,0.));
#8485 = DIRECTION('',(-0.,0.,-1.));
#8486 = DIRECTION('',(-0.,-1.,0.));
#8487 = FACE_BOUND('',#8488,.F.);
#8488 = EDGE_LOOP('',(#8489));
#8489 = ORIENTED_EDGE('',*,*,#8490,.T.);
#8490 = EDGE_CURVE('',#8491,#8491,#8493,.T.);
#8491 = VERTEX_POINT('',#8492);
#8492 = CARTESIAN_POINT('',(240.952513,-80.737978,0.));
#8493 = CIRCLE('',#8494,0.45);
#8494 = AXIS2_PLACEMENT_3D('',#8495,#8496,#8497);
#8495 = CARTESIAN_POINT('',(240.952513,-80.287978,0.));
#8496 = DIRECTION('',(-0.,0.,-1.));
#8497 = DIRECTION('',(-0.,-1.,0.));
#8498 = FACE_BOUND('',#8499,.F.);
#8499 = EDGE_LOOP('',(#8500));
#8500 = ORIENTED_EDGE('',*,*,#8501,.T.);
#8501 = EDGE_CURVE('',#8502,#8502,#8504,.T.);
#8502 = VERTEX_POINT('',#8503);
#8503 = CARTESIAN_POINT('',(200.,-55.0712,0.));
#8504 = CIRCLE('',#8505,0.45);
#8505 = AXIS2_PLACEMENT_3D('',#8506,#8507,#8508);
#8506 = CARTESIAN_POINT('',(200.,-54.6212,0.));
#8507 = DIRECTION('',(-0.,0.,-1.));
#8508 = DIRECTION('',(-0.,-1.,0.));
#8509 = FACE_BOUND('',#8510,.F.);
#8510 = EDGE_LOOP('',(#8511));
#8511 = ORIENTED_EDGE('',*,*,#8512,.T.);
#8512 = EDGE_CURVE('',#8513,#8513,#8515,.T.);
#8513 = VERTEX_POINT('',#8514);
#8514 = CARTESIAN_POINT('',(202.54,-55.0712,0.));
#8515 = CIRCLE('',#8516,0.45);
#8516 = AXIS2_PLACEMENT_3D('',#8517,#8518,#8519);
#8517 = CARTESIAN_POINT('',(202.54,-54.6212,0.));
#8518 = DIRECTION('',(-0.,0.,-1.));
#8519 = DIRECTION('',(-6.315935428979E-14,-1.,0.));
#8520 = FACE_BOUND('',#8521,.F.);
#8521 = EDGE_LOOP('',(#8522));
#8522 = ORIENTED_EDGE('',*,*,#8523,.T.);
#8523 = EDGE_CURVE('',#8524,#8524,#8526,.T.);
#8524 = VERTEX_POINT('',#8525);
#8525 = CARTESIAN_POINT('',(215.019407,-57.553423,0.));
#8526 = CIRCLE('',#8527,0.45);
#8527 = AXIS2_PLACEMENT_3D('',#8528,#8529,#8530);
#8528 = CARTESIAN_POINT('',(215.019407,-57.103423,0.));
#8529 = DIRECTION('',(-0.,0.,-1.));
#8530 = DIRECTION('',(-0.,-1.,0.));
#8531 = FACE_BOUND('',#8532,.F.);
#8532 = EDGE_LOOP('',(#8533));
#8533 = ORIENTED_EDGE('',*,*,#8534,.T.);
#8534 = EDGE_CURVE('',#8535,#8535,#8537,.T.);
#8535 = VERTEX_POINT('',#8536);
#8536 = CARTESIAN_POINT('',(219.712715,-59.497455,0.));
#8537 = CIRCLE('',#8538,0.45);
#8538 = AXIS2_PLACEMENT_3D('',#8539,#8540,#8541);
#8539 = CARTESIAN_POINT('',(219.712715,-59.047455,0.));
#8540 = DIRECTION('',(-0.,0.,-1.));
#8541 = DIRECTION('',(-0.,-1.,0.));
#8542 = FACE_BOUND('',#8543,.F.);
#8543 = EDGE_LOOP('',(#8544));
#8544 = ORIENTED_EDGE('',*,*,#8545,.T.);
#8545 = EDGE_CURVE('',#8546,#8546,#8548,.T.);
#8546 = VERTEX_POINT('',#8547);
#8547 = CARTESIAN_POINT('',(217.366061,-58.525439,0.));
#8548 = CIRCLE('',#8549,0.45);
#8549 = AXIS2_PLACEMENT_3D('',#8550,#8551,#8552);
#8550 = CARTESIAN_POINT('',(217.366061,-58.075439,0.));
#8551 = DIRECTION('',(-0.,0.,-1.));
#8552 = DIRECTION('',(-0.,-1.,0.));
#8553 = FACE_BOUND('',#8554,.F.);
#8554 = EDGE_LOOP('',(#8555));
#8555 = ORIENTED_EDGE('',*,*,#8556,.T.);
#8556 = EDGE_CURVE('',#8557,#8557,#8559,.T.);
#8557 = VERTEX_POINT('',#8558);
#8558 = CARTESIAN_POINT('',(233.883657,-70.158343,0.));
#8559 = CIRCLE('',#8560,0.45);
#8560 = AXIS2_PLACEMENT_3D('',#8561,#8562,#8563);
#8561 = CARTESIAN_POINT('',(233.883657,-69.708343,0.));
#8562 = DIRECTION('',(-0.,0.,-1.));
#8563 = DIRECTION('',(-0.,-1.,0.));
#8564 = FACE_BOUND('',#8565,.F.);
#8565 = EDGE_LOOP('',(#8566));
#8566 = ORIENTED_EDGE('',*,*,#8567,.T.);
#8567 = EDGE_CURVE('',#8568,#8568,#8570,.T.);
#8568 = VERTEX_POINT('',#8569);
#8569 = CARTESIAN_POINT('',(230.291556,-66.566241,0.));
#8570 = CIRCLE('',#8571,0.45);
#8571 = AXIS2_PLACEMENT_3D('',#8572,#8573,#8574);
#8572 = CARTESIAN_POINT('',(230.291556,-66.116241,0.));
#8573 = DIRECTION('',(-0.,0.,-1.));
#8574 = DIRECTION('',(-0.,-1.,0.));
#8575 = FACE_BOUND('',#8576,.F.);
#8576 = EDGE_LOOP('',(#8577));
#8577 = ORIENTED_EDGE('',*,*,#8578,.T.);
#8578 = EDGE_CURVE('',#8579,#8579,#8581,.T.);
#8579 = VERTEX_POINT('',#8580);
#8580 = CARTESIAN_POINT('',(232.087606,-68.362292,0.));
#8581 = CIRCLE('',#8582,0.45);
#8582 = AXIS2_PLACEMENT_3D('',#8583,#8584,#8585);
#8583 = CARTESIAN_POINT('',(232.087606,-67.912292,0.));
#8584 = DIRECTION('',(-0.,0.,-1.));
#8585 = DIRECTION('',(-0.,-1.,0.));
#8586 = FACE_BOUND('',#8587,.F.);
#8587 = EDGE_LOOP('',(#8588));
#8588 = ORIENTED_EDGE('',*,*,#8589,.F.);
#8589 = EDGE_CURVE('',#8590,#8590,#8592,.T.);
#8590 = VERTEX_POINT('',#8591);
#8591 = CARTESIAN_POINT('',(244.84251,-69.031058,0.));
#8592 = CIRCLE('',#8593,1.58555);
#8593 = AXIS2_PLACEMENT_3D('',#8594,#8595,#8596);
#8594 = CARTESIAN_POINT('',(243.25696,-69.031058,0.));
#8595 = DIRECTION('',(0.,0.,1.));
#8596 = DIRECTION('',(1.,0.,-0.));
#8597 = PLANE('',#8598);
#8598 = AXIS2_PLACEMENT_3D('',#8599,#8600,#8601);
#8599 = CARTESIAN_POINT('',(0.,0.,0.));
#8600 = DIRECTION('',(0.,0.,1.));
#8601 = DIRECTION('',(1.,0.,-0.));
#8602 = ADVANCED_FACE('',(#8603,#8745,#8756,#8767,#8778,#8789,#8800,
    #8811,#8822,#8833,#8844,#8855,#8866,#8877,#8888,#8899,#8926,#8937,
    #8948,#8959,#8970,#8981,#8992,#9003,#9014,#9025,#9036,#9047,#9058,
    #9069,#9080,#9091,#9102,#9113,#9124,#9135,#9146,#9157,#9168,#9179,
    #9190,#9201,#9212,#9223,#9234,#9245,#9272,#9283,#9294,#9305,#9316,
    #9327,#9338,#9349,#9360,#9371,#9382,#9393,#9420,#9431,#9442,#9453,
    #9464,#9475,#9486,#9497,#9508,#9519,#9530,#9541,#9552,#9563,#9574,
    #9585,#9596,#9607,#9618,#9629,#9640,#9651,#9662,#9673,#9700,#9711,
    #9722,#9733,#9744,#9755,#9766,#9777,#9788,#9799,#9810,#9821),#9832,
  .T.);
#8603 = FACE_BOUND('',#8604,.T.);
#8604 = EDGE_LOOP('',(#8605,#8606,#8607,#8615,#8623,#8631,#8640,#8648,
    #8656,#8664,#8672,#8681,#8689,#8697,#8705,#8713,#8722,#8730,#8738,
    #8744));
#8605 = ORIENTED_EDGE('',*,*,#7277,.F.);
#8606 = ORIENTED_EDGE('',*,*,#7319,.F.);
#8607 = ORIENTED_EDGE('',*,*,#8608,.F.);
#8608 = EDGE_CURVE('',#8609,#7312,#8611,.T.);
#8609 = VERTEX_POINT('',#8610);
#8610 = CARTESIAN_POINT('',(152.840156,-66.236868,1.6));
#8611 = LINE('',#8612,#8613);
#8612 = CARTESIAN_POINT('',(152.840156,-66.236868,1.6));
#8613 = VECTOR('',#8614,1.);
#8614 = DIRECTION('',(0.986572156547,0.163325992806,0.));
#8615 = ORIENTED_EDGE('',*,*,#8616,.F.);
#8616 = EDGE_CURVE('',#8617,#8609,#8619,.T.);
#8617 = VERTEX_POINT('',#8618);
#8618 = CARTESIAN_POINT('',(153.656786,-71.169729,1.6));
#8619 = LINE('',#8620,#8621);
#8620 = CARTESIAN_POINT('',(153.656786,-71.169729,1.6));
#8621 = VECTOR('',#8622,1.);
#8622 = DIRECTION('',(-0.163325992806,0.986572156547,0.));
#8623 = ORIENTED_EDGE('',*,*,#8624,.F.);
#8624 = EDGE_CURVE('',#8625,#8617,#8627,.T.);
#8625 = VERTEX_POINT('',#8626);
#8626 = CARTESIAN_POINT('',(157.388613,-73.841454,1.6));
#8627 = LINE('',#8628,#8629);
#8628 = CARTESIAN_POINT('',(157.388613,-73.841454,1.6));
#8629 = VECTOR('',#8630,1.);
#8630 = DIRECTION('',(-0.813100835441,0.582122866245,0.));
#8631 = ORIENTED_EDGE('',*,*,#8632,.F.);
#8632 = EDGE_CURVE('',#8633,#8625,#8635,.T.);
#8633 = VERTEX_POINT('',#8634);
#8634 = CARTESIAN_POINT('',(157.388613,-126.158546,1.6));
#8635 = CIRCLE('',#8636,49.999982789405);
#8636 = AXIS2_PLACEMENT_3D('',#8637,#8638,#8639);
#8637 = CARTESIAN_POINT('',(199.9999817894,-100.,1.6));
#8638 = DIRECTION('',(0.,0.,-1.));
#8639 = DIRECTION('',(-0.852227669135,-0.523171100082,-0.));
#8640 = ORIENTED_EDGE('',*,*,#8641,.F.);
#8641 = EDGE_CURVE('',#8642,#8633,#8644,.T.);
#8642 = VERTEX_POINT('',#8643);
#8643 = CARTESIAN_POINT('',(153.656786,-128.830271,1.6));
#8644 = LINE('',#8645,#8646);
#8645 = CARTESIAN_POINT('',(153.656786,-128.830271,1.6));
#8646 = VECTOR('',#8647,1.);
#8647 = DIRECTION('',(0.813100835441,0.582122866245,0.));
#8648 = ORIENTED_EDGE('',*,*,#8649,.F.);
#8649 = EDGE_CURVE('',#8650,#8642,#8652,.T.);
#8650 = VERTEX_POINT('',#8651);
#8651 = CARTESIAN_POINT('',(152.840156,-133.763132,1.6));
#8652 = LINE('',#8653,#8654);
#8653 = CARTESIAN_POINT('',(152.840156,-133.763132,1.6));
#8654 = VECTOR('',#8655,1.);
#8655 = DIRECTION('',(0.163325992806,0.986572156547,0.));
#8656 = ORIENTED_EDGE('',*,*,#8657,.F.);
#8657 = EDGE_CURVE('',#8658,#8650,#8660,.T.);
#8658 = VERTEX_POINT('',#8659);
#8659 = CARTESIAN_POINT('',(157.773017,-134.579762,1.6));
#8660 = LINE('',#8661,#8662);
#8661 = CARTESIAN_POINT('',(157.773017,-134.579762,1.6));
#8662 = VECTOR('',#8663,1.);
#8663 = DIRECTION('',(-0.986572156547,0.163325992806,0.));
#8664 = ORIENTED_EDGE('',*,*,#8665,.F.);
#8665 = EDGE_CURVE('',#8666,#8658,#8668,.T.);
#8666 = VERTEX_POINT('',#8667);
#8667 = CARTESIAN_POINT('',(161.504845,-131.908035,1.6));
#8668 = LINE('',#8669,#8670);
#8669 = CARTESIAN_POINT('',(161.504845,-131.908035,1.6));
#8670 = VECTOR('',#8671,1.);
#8671 = DIRECTION('',(-0.813100703016,-0.582123051214,0.));
#8672 = ORIENTED_EDGE('',*,*,#8673,.F.);
#8673 = EDGE_CURVE('',#8674,#8666,#8676,.T.);
#8674 = VERTEX_POINT('',#8675);
#8675 = CARTESIAN_POINT('',(238.495156,-131.908036,1.6));
#8676 = CIRCLE('',#8677,49.999992439694);
#8677 = AXIS2_PLACEMENT_3D('',#8678,#8679,#8680);
#8678 = CARTESIAN_POINT('',(200.00000091444,-100.0000075603,1.6));
#8679 = DIRECTION('',(-0.,0.,-1.));
#8680 = DIRECTION('',(0.769903218125,-0.638160665288,-0.));
#8681 = ORIENTED_EDGE('',*,*,#8682,.F.);
#8682 = EDGE_CURVE('',#8683,#8674,#8685,.T.);
#8683 = VERTEX_POINT('',#8684);
#8684 = CARTESIAN_POINT('',(242.226983,-134.579762,1.6));
#8685 = LINE('',#8686,#8687);
#8686 = CARTESIAN_POINT('',(242.226983,-134.579762,1.6));
#8687 = VECTOR('',#8688,1.);
#8688 = DIRECTION('',(-0.813100732312,0.582123010294,0.));
#8689 = ORIENTED_EDGE('',*,*,#8690,.F.);
#8690 = EDGE_CURVE('',#8691,#8683,#8693,.T.);
#8691 = VERTEX_POINT('',#8692);
#8692 = CARTESIAN_POINT('',(247.159844,-133.763132,1.6));
#8693 = LINE('',#8694,#8695);
#8694 = CARTESIAN_POINT('',(247.159844,-133.763132,1.6));
#8695 = VECTOR('',#8696,1.);
#8696 = DIRECTION('',(-0.986572156547,-0.163325992806,0.));
#8697 = ORIENTED_EDGE('',*,*,#8698,.F.);
#8698 = EDGE_CURVE('',#8699,#8691,#8701,.T.);
#8699 = VERTEX_POINT('',#8700);
#8700 = CARTESIAN_POINT('',(246.343214,-128.830271,1.6));
#8701 = LINE('',#8702,#8703);
#8702 = CARTESIAN_POINT('',(246.343214,-128.830271,1.6));
#8703 = VECTOR('',#8704,1.);
#8704 = DIRECTION('',(0.163325992806,-0.986572156547,0.));
#8705 = ORIENTED_EDGE('',*,*,#8706,.F.);
#8706 = EDGE_CURVE('',#8707,#8699,#8709,.T.);
#8707 = VERTEX_POINT('',#8708);
#8708 = CARTESIAN_POINT('',(242.611387,-126.158546,1.6));
#8709 = LINE('',#8710,#8711);
#8710 = CARTESIAN_POINT('',(242.611387,-126.158546,1.6));
#8711 = VECTOR('',#8712,1.);
#8712 = DIRECTION('',(0.813100835441,-0.582122866245,0.));
#8713 = ORIENTED_EDGE('',*,*,#8714,.F.);
#8714 = EDGE_CURVE('',#8715,#8707,#8717,.T.);
#8715 = VERTEX_POINT('',#8716);
#8716 = CARTESIAN_POINT('',(242.611388,-73.841453,1.6));
#8717 = CIRCLE('',#8718,49.999987443182);
#8718 = AXIS2_PLACEMENT_3D('',#8719,#8720,#8721);
#8719 = CARTESIAN_POINT('',(200.00001355681,-99.99999868551,1.6));
#8720 = DIRECTION('',(0.,0.,-1.));
#8721 = DIRECTION('',(0.852227702889,0.523171045098,0.));
#8722 = ORIENTED_EDGE('',*,*,#8723,.F.);
#8723 = EDGE_CURVE('',#8724,#8715,#8726,.T.);
#8724 = VERTEX_POINT('',#8725);
#8725 = CARTESIAN_POINT('',(246.343214,-71.169729,1.6));
#8726 = LINE('',#8727,#8728);
#8727 = CARTESIAN_POINT('',(246.343214,-71.169729,1.6));
#8728 = VECTOR('',#8729,1.);
#8729 = DIRECTION('',(-0.813100864737,-0.582122825324,0.));
#8730 = ORIENTED_EDGE('',*,*,#8731,.F.);
#8731 = EDGE_CURVE('',#8732,#8724,#8734,.T.);
#8732 = VERTEX_POINT('',#8733);
#8733 = CARTESIAN_POINT('',(247.159844,-66.236868,1.6));
#8734 = LINE('',#8735,#8736);
#8735 = CARTESIAN_POINT('',(247.159844,-66.236868,1.6));
#8736 = VECTOR('',#8737,1.);
#8737 = DIRECTION('',(-0.163325992806,-0.986572156547,0.));
#8738 = ORIENTED_EDGE('',*,*,#8739,.F.);
#8739 = EDGE_CURVE('',#7342,#8732,#8740,.T.);
#8740 = LINE('',#8741,#8742);
#8741 = CARTESIAN_POINT('',(242.226983,-65.420238,1.6));
#8742 = VECTOR('',#8743,1.);
#8743 = DIRECTION('',(0.986572156547,-0.163325992806,0.));
#8744 = ORIENTED_EDGE('',*,*,#7341,.F.);
#8745 = FACE_BOUND('',#8746,.T.);
#8746 = EDGE_LOOP('',(#8747));
#8747 = ORIENTED_EDGE('',*,*,#8748,.F.);
#8748 = EDGE_CURVE('',#8749,#8749,#8751,.T.);
#8749 = VERTEX_POINT('',#8750);
#8750 = CARTESIAN_POINT('',(158.32859,-130.968942,1.6));
#8751 = CIRCLE('',#8752,1.58555);
#8752 = AXIS2_PLACEMENT_3D('',#8753,#8754,#8755);
#8753 = CARTESIAN_POINT('',(156.74304,-130.968942,1.6));
#8754 = DIRECTION('',(0.,0.,1.));
#8755 = DIRECTION('',(1.,0.,-0.));
#8756 = FACE_BOUND('',#8757,.T.);
#8757 = EDGE_LOOP('',(#8758));
#8758 = ORIENTED_EDGE('',*,*,#8759,.T.);
#8759 = EDGE_CURVE('',#8760,#8760,#8762,.T.);
#8760 = VERTEX_POINT('',#8761);
#8761 = CARTESIAN_POINT('',(167.912394,-132.537708,1.6));
#8762 = CIRCLE('',#8763,0.45);
#8763 = AXIS2_PLACEMENT_3D('',#8764,#8765,#8766);
#8764 = CARTESIAN_POINT('',(167.912394,-132.087708,1.6));
#8765 = DIRECTION('',(-0.,0.,-1.));
#8766 = DIRECTION('',(-0.,-1.,0.));
#8767 = FACE_BOUND('',#8768,.T.);
#8768 = EDGE_LOOP('',(#8769));
#8769 = ORIENTED_EDGE('',*,*,#8770,.T.);
#8770 = EDGE_CURVE('',#8771,#8771,#8773,.T.);
#8771 = VERTEX_POINT('',#8772);
#8772 = CARTESIAN_POINT('',(169.708445,-134.33376,1.6));
#8773 = CIRCLE('',#8774,0.45);
#8774 = AXIS2_PLACEMENT_3D('',#8775,#8776,#8777);
#8775 = CARTESIAN_POINT('',(169.708445,-133.88376,1.6));
#8776 = DIRECTION('',(-0.,0.,-1.));
#8777 = DIRECTION('',(6.315935428978E-14,-1.,-0.));
#8778 = FACE_BOUND('',#8779,.T.);
#8779 = EDGE_LOOP('',(#8780));
#8780 = ORIENTED_EDGE('',*,*,#8781,.T.);
#8781 = EDGE_CURVE('',#8782,#8782,#8784,.T.);
#8782 = VERTEX_POINT('',#8783);
#8783 = CARTESIAN_POINT('',(166.116343,-130.741657,1.6));
#8784 = CIRCLE('',#8785,0.45);
#8785 = AXIS2_PLACEMENT_3D('',#8786,#8787,#8788);
#8786 = CARTESIAN_POINT('',(166.116343,-130.291657,1.6));
#8787 = DIRECTION('',(-0.,0.,-1.));
#8788 = DIRECTION('',(-0.,-1.,0.));
#8789 = FACE_BOUND('',#8790,.T.);
#8790 = EDGE_LOOP('',(#8791));
#8791 = ORIENTED_EDGE('',*,*,#8792,.T.);
#8792 = EDGE_CURVE('',#8793,#8793,#8795,.T.);
#8793 = VERTEX_POINT('',#8794);
#8794 = CARTESIAN_POINT('',(182.633939,-142.374561,1.6));
#8795 = CIRCLE('',#8796,0.45);
#8796 = AXIS2_PLACEMENT_3D('',#8797,#8798,#8799);
#8797 = CARTESIAN_POINT('',(182.633939,-141.924561,1.6));
#8798 = DIRECTION('',(-0.,0.,-1.));
#8799 = DIRECTION('',(-0.,-1.,0.));
#8800 = FACE_BOUND('',#8801,.T.);
#8801 = EDGE_LOOP('',(#8802));
#8802 = ORIENTED_EDGE('',*,*,#8803,.T.);
#8803 = EDGE_CURVE('',#8804,#8804,#8806,.T.);
#8804 = VERTEX_POINT('',#8805);
#8805 = CARTESIAN_POINT('',(180.287285,-141.402545,1.6));
#8806 = CIRCLE('',#8807,0.45);
#8807 = AXIS2_PLACEMENT_3D('',#8808,#8809,#8810);
#8808 = CARTESIAN_POINT('',(180.287285,-140.952545,1.6));
#8809 = DIRECTION('',(-0.,0.,-1.));
#8810 = DIRECTION('',(-0.,-1.,0.));
#8811 = FACE_BOUND('',#8812,.T.);
#8812 = EDGE_LOOP('',(#8813));
#8813 = ORIENTED_EDGE('',*,*,#8814,.T.);
#8814 = EDGE_CURVE('',#8815,#8815,#8817,.T.);
#8815 = VERTEX_POINT('',#8816);
#8816 = CARTESIAN_POINT('',(184.980592,-143.346577,1.6));
#8817 = CIRCLE('',#8818,0.45);
#8818 = AXIS2_PLACEMENT_3D('',#8819,#8820,#8821);
#8819 = CARTESIAN_POINT('',(184.980592,-142.896577,1.6));
#8820 = DIRECTION('',(-0.,0.,-1.));
#8821 = DIRECTION('',(-0.,-1.,0.));
#8822 = FACE_BOUND('',#8823,.T.);
#8823 = EDGE_LOOP('',(#8824));
#8824 = ORIENTED_EDGE('',*,*,#8825,.T.);
#8825 = EDGE_CURVE('',#8826,#8826,#8828,.T.);
#8826 = VERTEX_POINT('',#8827);
#8827 = CARTESIAN_POINT('',(197.46,-145.8288,1.6));
#8828 = CIRCLE('',#8829,0.45);
#8829 = AXIS2_PLACEMENT_3D('',#8830,#8831,#8832);
#8830 = CARTESIAN_POINT('',(197.46,-145.3788,1.6));
#8831 = DIRECTION('',(-0.,0.,-1.));
#8832 = DIRECTION('',(6.315935428978E-14,-1.,-0.));
#8833 = FACE_BOUND('',#8834,.T.);
#8834 = EDGE_LOOP('',(#8835));
#8835 = ORIENTED_EDGE('',*,*,#8836,.T.);
#8836 = EDGE_CURVE('',#8837,#8837,#8839,.T.);
#8837 = VERTEX_POINT('',#8838);
#8838 = CARTESIAN_POINT('',(194.92,-134.365,1.6));
#8839 = CIRCLE('',#8840,0.475);
#8840 = AXIS2_PLACEMENT_3D('',#8841,#8842,#8843);
#8841 = CARTESIAN_POINT('',(194.92,-133.89,1.6));
#8842 = DIRECTION('',(-0.,0.,-1.));
#8843 = DIRECTION('',(-5.983517774822E-14,-1.,0.));
#8844 = FACE_BOUND('',#8845,.T.);
#8845 = EDGE_LOOP('',(#8846));
#8846 = ORIENTED_EDGE('',*,*,#8847,.T.);
#8847 = EDGE_CURVE('',#8848,#8848,#8850,.T.);
#8848 = VERTEX_POINT('',#8849);
#8849 = CARTESIAN_POINT('',(197.42,-134.365,1.6));
#8850 = CIRCLE('',#8851,0.475);
#8851 = AXIS2_PLACEMENT_3D('',#8852,#8853,#8854);
#8852 = CARTESIAN_POINT('',(197.42,-133.89,1.6));
#8853 = DIRECTION('',(-0.,0.,-1.));
#8854 = DIRECTION('',(-5.983517774822E-14,-1.,0.));
#8855 = FACE_BOUND('',#8856,.T.);
#8856 = EDGE_LOOP('',(#8857));
#8857 = ORIENTED_EDGE('',*,*,#8858,.T.);
#8858 = EDGE_CURVE('',#8859,#8859,#8861,.T.);
#8859 = VERTEX_POINT('',#8860);
#8860 = CARTESIAN_POINT('',(199.92,-134.365,1.6));
#8861 = CIRCLE('',#8862,0.475);
#8862 = AXIS2_PLACEMENT_3D('',#8863,#8864,#8865);
#8863 = CARTESIAN_POINT('',(199.92,-133.89,1.6));
#8864 = DIRECTION('',(-0.,0.,-1.));
#8865 = DIRECTION('',(-5.983517774822E-14,-1.,0.));
#8866 = FACE_BOUND('',#8867,.T.);
#8867 = EDGE_LOOP('',(#8868));
#8868 = ORIENTED_EDGE('',*,*,#8869,.T.);
#8869 = EDGE_CURVE('',#8870,#8870,#8872,.T.);
#8870 = VERTEX_POINT('',#8871);
#8871 = CARTESIAN_POINT('',(159.047487,-120.162022,1.6));
#8872 = CIRCLE('',#8873,0.45);
#8873 = AXIS2_PLACEMENT_3D('',#8874,#8875,#8876);
#8874 = CARTESIAN_POINT('',(159.047487,-119.712022,1.6));
#8875 = DIRECTION('',(-0.,0.,-1.));
#8876 = DIRECTION('',(-0.,-1.,0.));
#8877 = FACE_BOUND('',#8878,.T.);
#8878 = EDGE_LOOP('',(#8879));
#8879 = ORIENTED_EDGE('',*,*,#8880,.T.);
#8880 = EDGE_CURVE('',#8881,#8881,#8883,.T.);
#8881 = VERTEX_POINT('',#8882);
#8882 = CARTESIAN_POINT('',(158.075471,-117.815369,1.6));
#8883 = CIRCLE('',#8884,0.45);
#8884 = AXIS2_PLACEMENT_3D('',#8885,#8886,#8887);
#8885 = CARTESIAN_POINT('',(158.075471,-117.365369,1.6));
#8886 = DIRECTION('',(-0.,0.,-1.));
#8887 = DIRECTION('',(-0.,-1.,0.));
#8888 = FACE_BOUND('',#8889,.T.);
#8889 = EDGE_LOOP('',(#8890));
#8890 = ORIENTED_EDGE('',*,*,#8891,.T.);
#8891 = EDGE_CURVE('',#8892,#8892,#8894,.T.);
#8892 = VERTEX_POINT('',#8893);
#8893 = CARTESIAN_POINT('',(157.103455,-115.468715,1.6));
#8894 = CIRCLE('',#8895,0.45);
#8895 = AXIS2_PLACEMENT_3D('',#8896,#8897,#8898);
#8896 = CARTESIAN_POINT('',(157.103455,-115.018715,1.6));
#8897 = DIRECTION('',(-0.,0.,-1.));
#8898 = DIRECTION('',(-0.,-1.,0.));
#8899 = FACE_BOUND('',#8900,.T.);
#8900 = EDGE_LOOP('',(#8901,#8912,#8920));
#8901 = ORIENTED_EDGE('',*,*,#8902,.F.);
#8902 = EDGE_CURVE('',#8903,#8905,#8907,.T.);
#8903 = VERTEX_POINT('',#8904);
#8904 = CARTESIAN_POINT('',(160.112661,-103.,1.6));
#8905 = VERTEX_POINT('',#8906);
#8906 = CARTESIAN_POINT('',(185.,-137.08099,1.6));
#8907 = CIRCLE('',#8908,39.999987980954);
#8908 = AXIS2_PLACEMENT_3D('',#8909,#8910,#8911);
#8909 = CARTESIAN_POINT('',(199.99999080971,-100.000006812,1.6));
#8910 = DIRECTION('',(0.,0.,1.));
#8911 = DIRECTION('',(-0.997183544873,-7.499985223442E-02,0.));
#8912 = ORIENTED_EDGE('',*,*,#8913,.F.);
#8913 = EDGE_CURVE('',#8914,#8903,#8916,.T.);
#8914 = VERTEX_POINT('',#8915);
#8915 = CARTESIAN_POINT('',(185.,-103.,1.6));
#8916 = LINE('',#8917,#8918);
#8917 = CARTESIAN_POINT('',(185.,-103.,1.6));
#8918 = VECTOR('',#8919,1.);
#8919 = DIRECTION('',(-1.,0.,0.));
#8920 = ORIENTED_EDGE('',*,*,#8921,.F.);
#8921 = EDGE_CURVE('',#8905,#8914,#8922,.T.);
#8922 = LINE('',#8923,#8924);
#8923 = CARTESIAN_POINT('',(185.,-137.08099,1.6));
#8924 = VECTOR('',#8925,1.);
#8925 = DIRECTION('',(0.,1.,0.));
#8926 = FACE_BOUND('',#8927,.T.);
#8927 = EDGE_LOOP('',(#8928));
#8928 = ORIENTED_EDGE('',*,*,#8929,.T.);
#8929 = EDGE_CURVE('',#8930,#8930,#8932,.T.);
#8930 = VERTEX_POINT('',#8931);
#8931 = CARTESIAN_POINT('',(154.6212,-102.99,1.6));
#8932 = CIRCLE('',#8933,0.45);
#8933 = AXIS2_PLACEMENT_3D('',#8934,#8935,#8936);
#8934 = CARTESIAN_POINT('',(154.6212,-102.54,1.6));
#8935 = DIRECTION('',(-0.,0.,-1.));
#8936 = DIRECTION('',(-0.,-1.,0.));
#8937 = FACE_BOUND('',#8938,.T.);
#8938 = EDGE_LOOP('',(#8939));
#8939 = ORIENTED_EDGE('',*,*,#8940,.F.);
#8940 = EDGE_CURVE('',#8941,#8941,#8943,.T.);
#8941 = VERTEX_POINT('',#8942);
#8942 = CARTESIAN_POINT('',(166.58555,-100.,1.6));
#8943 = CIRCLE('',#8944,1.58555);
#8944 = AXIS2_PLACEMENT_3D('',#8945,#8946,#8947);
#8945 = CARTESIAN_POINT('',(165.,-100.,1.6));
#8946 = DIRECTION('',(0.,0.,1.));
#8947 = DIRECTION('',(1.,0.,-0.));
#8948 = FACE_BOUND('',#8949,.T.);
#8949 = EDGE_LOOP('',(#8950));
#8950 = ORIENTED_EDGE('',*,*,#8951,.T.);
#8951 = EDGE_CURVE('',#8952,#8952,#8954,.T.);
#8952 = VERTEX_POINT('',#8953);
#8953 = CARTESIAN_POINT('',(192.38,-118.28,1.6));
#8954 = CIRCLE('',#8955,0.5);
#8955 = AXIS2_PLACEMENT_3D('',#8956,#8957,#8958);
#8956 = CARTESIAN_POINT('',(192.38,-117.78,1.6));
#8957 = DIRECTION('',(-0.,0.,-1.));
#8958 = DIRECTION('',(-0.,-1.,0.));
#8959 = FACE_BOUND('',#8960,.T.);
#8960 = EDGE_LOOP('',(#8961));
#8961 = ORIENTED_EDGE('',*,*,#8962,.T.);
#8962 = EDGE_CURVE('',#8963,#8963,#8965,.T.);
#8963 = VERTEX_POINT('',#8964);
#8964 = CARTESIAN_POINT('',(192.38,-115.74,1.6));
#8965 = CIRCLE('',#8966,0.5);
#8966 = AXIS2_PLACEMENT_3D('',#8967,#8968,#8969);
#8967 = CARTESIAN_POINT('',(192.38,-115.24,1.6));
#8968 = DIRECTION('',(-0.,0.,-1.));
#8969 = DIRECTION('',(-0.,-1.,0.));
#8970 = FACE_BOUND('',#8971,.T.);
#8971 = EDGE_LOOP('',(#8972));
#8972 = ORIENTED_EDGE('',*,*,#8973,.T.);
#8973 = EDGE_CURVE('',#8974,#8974,#8976,.T.);
#8974 = VERTEX_POINT('',#8975);
#8975 = CARTESIAN_POINT('',(192.38,-113.2,1.6));
#8976 = CIRCLE('',#8977,0.5);
#8977 = AXIS2_PLACEMENT_3D('',#8978,#8979,#8980);
#8978 = CARTESIAN_POINT('',(192.38,-112.7,1.6));
#8979 = DIRECTION('',(-0.,0.,-1.));
#8980 = DIRECTION('',(-0.,-1.,0.));
#8981 = FACE_BOUND('',#8982,.T.);
#8982 = EDGE_LOOP('',(#8983));
#8983 = ORIENTED_EDGE('',*,*,#8984,.T.);
#8984 = EDGE_CURVE('',#8985,#8985,#8987,.T.);
#8985 = VERTEX_POINT('',#8986);
#8986 = CARTESIAN_POINT('',(192.38,-110.66,1.6));
#8987 = CIRCLE('',#8988,0.5);
#8988 = AXIS2_PLACEMENT_3D('',#8989,#8990,#8991);
#8989 = CARTESIAN_POINT('',(192.38,-110.16,1.6));
#8990 = DIRECTION('',(-0.,0.,-1.));
#8991 = DIRECTION('',(-0.,-1.,0.));
#8992 = FACE_BOUND('',#8993,.T.);
#8993 = EDGE_LOOP('',(#8994));
#8994 = ORIENTED_EDGE('',*,*,#8995,.T.);
#8995 = EDGE_CURVE('',#8996,#8996,#8998,.T.);
#8996 = VERTEX_POINT('',#8997);
#8997 = CARTESIAN_POINT('',(192.38,-108.12,1.6));
#8998 = CIRCLE('',#8999,0.5);
#8999 = AXIS2_PLACEMENT_3D('',#9000,#9001,#9002);
#9000 = CARTESIAN_POINT('',(192.38,-107.62,1.6));
#9001 = DIRECTION('',(-0.,0.,-1.));
#9002 = DIRECTION('',(-0.,-1.,0.));
#9003 = FACE_BOUND('',#9004,.T.);
#9004 = EDGE_LOOP('',(#9005));
#9005 = ORIENTED_EDGE('',*,*,#9006,.T.);
#9006 = EDGE_CURVE('',#9007,#9007,#9009,.T.);
#9007 = VERTEX_POINT('',#9008);
#9008 = CARTESIAN_POINT('',(192.38,-105.58,1.6));
#9009 = CIRCLE('',#9010,0.5);
#9010 = AXIS2_PLACEMENT_3D('',#9011,#9012,#9013);
#9011 = CARTESIAN_POINT('',(192.38,-105.08,1.6));
#9012 = DIRECTION('',(-0.,0.,-1.));
#9013 = DIRECTION('',(-0.,-1.,0.));
#9014 = FACE_BOUND('',#9015,.T.);
#9015 = EDGE_LOOP('',(#9016));
#9016 = ORIENTED_EDGE('',*,*,#9017,.T.);
#9017 = EDGE_CURVE('',#9018,#9018,#9020,.T.);
#9018 = VERTEX_POINT('',#9019);
#9019 = CARTESIAN_POINT('',(192.38,-103.04,1.6));
#9020 = CIRCLE('',#9021,0.5);
#9021 = AXIS2_PLACEMENT_3D('',#9022,#9023,#9024);
#9022 = CARTESIAN_POINT('',(192.38,-102.54,1.6));
#9023 = DIRECTION('',(-0.,0.,-1.));
#9024 = DIRECTION('',(-0.,-1.,0.));
#9025 = FACE_BOUND('',#9026,.T.);
#9026 = EDGE_LOOP('',(#9027));
#9027 = ORIENTED_EDGE('',*,*,#9028,.T.);
#9028 = EDGE_CURVE('',#9029,#9029,#9031,.T.);
#9029 = VERTEX_POINT('',#9030);
#9030 = CARTESIAN_POINT('',(192.38,-100.5,1.6));
#9031 = CIRCLE('',#9032,0.5);
#9032 = AXIS2_PLACEMENT_3D('',#9033,#9034,#9035);
#9033 = CARTESIAN_POINT('',(192.38,-100.,1.6));
#9034 = DIRECTION('',(-0.,0.,-1.));
#9035 = DIRECTION('',(-0.,-1.,0.));
#9036 = FACE_BOUND('',#9037,.T.);
#9037 = EDGE_LOOP('',(#9038));
#9038 = ORIENTED_EDGE('',*,*,#9039,.T.);
#9039 = EDGE_CURVE('',#9040,#9040,#9042,.T.);
#9040 = VERTEX_POINT('',#9041);
#9041 = CARTESIAN_POINT('',(200.,-145.8288,1.6));
#9042 = CIRCLE('',#9043,0.45);
#9043 = AXIS2_PLACEMENT_3D('',#9044,#9045,#9046);
#9044 = CARTESIAN_POINT('',(200.,-145.3788,1.6));
#9045 = DIRECTION('',(-0.,0.,-1.));
#9046 = DIRECTION('',(-0.,-1.,0.));
#9047 = FACE_BOUND('',#9048,.T.);
#9048 = EDGE_LOOP('',(#9049));
#9049 = ORIENTED_EDGE('',*,*,#9050,.T.);
#9050 = EDGE_CURVE('',#9051,#9051,#9053,.T.);
#9051 = VERTEX_POINT('',#9052);
#9052 = CARTESIAN_POINT('',(202.54,-145.8288,1.6));
#9053 = CIRCLE('',#9054,0.45);
#9054 = AXIS2_PLACEMENT_3D('',#9055,#9056,#9057);
#9055 = CARTESIAN_POINT('',(202.54,-145.3788,1.6));
#9056 = DIRECTION('',(-0.,0.,-1.));
#9057 = DIRECTION('',(-6.315935428979E-14,-1.,0.));
#9058 = FACE_BOUND('',#9059,.T.);
#9059 = EDGE_LOOP('',(#9060));
#9060 = ORIENTED_EDGE('',*,*,#9061,.T.);
#9061 = EDGE_CURVE('',#9062,#9062,#9064,.T.);
#9062 = VERTEX_POINT('',#9063);
#9063 = CARTESIAN_POINT('',(215.018715,-143.346545,1.6));
#9064 = CIRCLE('',#9065,0.45);
#9065 = AXIS2_PLACEMENT_3D('',#9066,#9067,#9068);
#9066 = CARTESIAN_POINT('',(215.018715,-142.896545,1.6));
#9067 = DIRECTION('',(-0.,0.,-1.));
#9068 = DIRECTION('',(-0.,-1.,0.));
#9069 = FACE_BOUND('',#9070,.T.);
#9070 = EDGE_LOOP('',(#9071));
#9071 = ORIENTED_EDGE('',*,*,#9072,.T.);
#9072 = EDGE_CURVE('',#9073,#9073,#9075,.T.);
#9073 = VERTEX_POINT('',#9074);
#9074 = CARTESIAN_POINT('',(217.365369,-142.374529,1.6));
#9075 = CIRCLE('',#9076,0.45);
#9076 = AXIS2_PLACEMENT_3D('',#9077,#9078,#9079);
#9077 = CARTESIAN_POINT('',(217.365369,-141.924529,1.6));
#9078 = DIRECTION('',(-0.,0.,-1.));
#9079 = DIRECTION('',(-0.,-1.,0.));
#9080 = FACE_BOUND('',#9081,.T.);
#9081 = EDGE_LOOP('',(#9082));
#9082 = ORIENTED_EDGE('',*,*,#9083,.T.);
#9083 = EDGE_CURVE('',#9084,#9084,#9086,.T.);
#9084 = VERTEX_POINT('',#9085);
#9085 = CARTESIAN_POINT('',(219.712023,-141.402512,1.6));
#9086 = CIRCLE('',#9087,0.45);
#9087 = AXIS2_PLACEMENT_3D('',#9088,#9089,#9090);
#9088 = CARTESIAN_POINT('',(219.712023,-140.952512,1.6));
#9089 = DIRECTION('',(-0.,0.,-1.));
#9090 = DIRECTION('',(-0.,-1.,0.));
#9091 = FACE_BOUND('',#9092,.T.);
#9092 = EDGE_LOOP('',(#9093));
#9093 = ORIENTED_EDGE('',*,*,#9094,.T.);
#9094 = EDGE_CURVE('',#9095,#9095,#9097,.T.);
#9095 = VERTEX_POINT('',#9096);
#9096 = CARTESIAN_POINT('',(202.42,-134.365,1.6));
#9097 = CIRCLE('',#9098,0.475);
#9098 = AXIS2_PLACEMENT_3D('',#9099,#9100,#9101);
#9099 = CARTESIAN_POINT('',(202.42,-133.89,1.6));
#9100 = DIRECTION('',(-0.,0.,-1.));
#9101 = DIRECTION('',(-5.983517774822E-14,-1.,0.));
#9102 = FACE_BOUND('',#9103,.T.);
#9103 = EDGE_LOOP('',(#9104));
#9104 = ORIENTED_EDGE('',*,*,#9105,.T.);
#9105 = EDGE_CURVE('',#9106,#9106,#9108,.T.);
#9106 = VERTEX_POINT('',#9107);
#9107 = CARTESIAN_POINT('',(204.92,-134.365,1.6));
#9108 = CIRCLE('',#9109,0.475);
#9109 = AXIS2_PLACEMENT_3D('',#9110,#9111,#9112);
#9110 = CARTESIAN_POINT('',(204.92,-133.89,1.6));
#9111 = DIRECTION('',(-0.,0.,-1.));
#9112 = DIRECTION('',(-5.983517774822E-14,-1.,0.));
#9113 = FACE_BOUND('',#9114,.T.);
#9114 = EDGE_LOOP('',(#9115));
#9115 = ORIENTED_EDGE('',*,*,#9116,.T.);
#9116 = EDGE_CURVE('',#9117,#9117,#9119,.T.);
#9117 = VERTEX_POINT('',#9118);
#9118 = CARTESIAN_POINT('',(230.291657,-134.333657,1.6));
#9119 = CIRCLE('',#9120,0.45);
#9120 = AXIS2_PLACEMENT_3D('',#9121,#9122,#9123);
#9121 = CARTESIAN_POINT('',(230.291657,-133.883657,1.6));
#9122 = DIRECTION('',(-0.,0.,-1.));
#9123 = DIRECTION('',(-0.,-1.,0.));
#9124 = FACE_BOUND('',#9125,.T.);
#9125 = EDGE_LOOP('',(#9126));
#9126 = ORIENTED_EDGE('',*,*,#9127,.T.);
#9127 = EDGE_CURVE('',#9128,#9128,#9130,.T.);
#9128 = VERTEX_POINT('',#9129);
#9129 = CARTESIAN_POINT('',(232.087708,-132.537606,1.6));
#9130 = CIRCLE('',#9131,0.45);
#9131 = AXIS2_PLACEMENT_3D('',#9132,#9133,#9134);
#9132 = CARTESIAN_POINT('',(232.087708,-132.087606,1.6));
#9133 = DIRECTION('',(-0.,0.,-1.));
#9134 = DIRECTION('',(-6.315935428979E-14,-1.,0.));
#9135 = FACE_BOUND('',#9136,.T.);
#9136 = EDGE_LOOP('',(#9137));
#9137 = ORIENTED_EDGE('',*,*,#9138,.T.);
#9138 = EDGE_CURVE('',#9139,#9139,#9141,.T.);
#9139 = VERTEX_POINT('',#9140);
#9140 = CARTESIAN_POINT('',(233.883759,-130.741554,1.6));
#9141 = CIRCLE('',#9142,0.45);
#9142 = AXIS2_PLACEMENT_3D('',#9143,#9144,#9145);
#9143 = CARTESIAN_POINT('',(233.883759,-130.291554,1.6));
#9144 = DIRECTION('',(-0.,0.,-1.));
#9145 = DIRECTION('',(-0.,-1.,0.));
#9146 = FACE_BOUND('',#9147,.T.);
#9147 = EDGE_LOOP('',(#9148));
#9148 = ORIENTED_EDGE('',*,*,#9149,.F.);
#9149 = EDGE_CURVE('',#9150,#9150,#9152,.T.);
#9150 = VERTEX_POINT('',#9151);
#9151 = CARTESIAN_POINT('',(244.84251,-130.968942,1.6));
#9152 = CIRCLE('',#9153,1.58555);
#9153 = AXIS2_PLACEMENT_3D('',#9154,#9155,#9156);
#9154 = CARTESIAN_POINT('',(243.25696,-130.968942,1.6));
#9155 = DIRECTION('',(0.,0.,1.));
#9156 = DIRECTION('',(1.,0.,-0.));
#9157 = FACE_BOUND('',#9158,.T.);
#9158 = EDGE_LOOP('',(#9159));
#9159 = ORIENTED_EDGE('',*,*,#9160,.T.);
#9160 = EDGE_CURVE('',#9161,#9161,#9163,.T.);
#9161 = VERTEX_POINT('',#9162);
#9162 = CARTESIAN_POINT('',(207.62,-118.28,1.6));
#9163 = CIRCLE('',#9164,0.5);
#9164 = AXIS2_PLACEMENT_3D('',#9165,#9166,#9167);
#9165 = CARTESIAN_POINT('',(207.62,-117.78,1.6));
#9166 = DIRECTION('',(-0.,0.,-1.));
#9167 = DIRECTION('',(-0.,-1.,0.));
#9168 = FACE_BOUND('',#9169,.T.);
#9169 = EDGE_LOOP('',(#9170));
#9170 = ORIENTED_EDGE('',*,*,#9171,.T.);
#9171 = EDGE_CURVE('',#9172,#9172,#9174,.T.);
#9172 = VERTEX_POINT('',#9173);
#9173 = CARTESIAN_POINT('',(207.62,-115.74,1.6));
#9174 = CIRCLE('',#9175,0.5);
#9175 = AXIS2_PLACEMENT_3D('',#9176,#9177,#9178);
#9176 = CARTESIAN_POINT('',(207.62,-115.24,1.6));
#9177 = DIRECTION('',(-0.,0.,-1.));
#9178 = DIRECTION('',(-0.,-1.,0.));
#9179 = FACE_BOUND('',#9180,.T.);
#9180 = EDGE_LOOP('',(#9181));
#9181 = ORIENTED_EDGE('',*,*,#9182,.T.);
#9182 = EDGE_CURVE('',#9183,#9183,#9185,.T.);
#9183 = VERTEX_POINT('',#9184);
#9184 = CARTESIAN_POINT('',(207.62,-113.2,1.6));
#9185 = CIRCLE('',#9186,0.5);
#9186 = AXIS2_PLACEMENT_3D('',#9187,#9188,#9189);
#9187 = CARTESIAN_POINT('',(207.62,-112.7,1.6));
#9188 = DIRECTION('',(-0.,0.,-1.));
#9189 = DIRECTION('',(-0.,-1.,0.));
#9190 = FACE_BOUND('',#9191,.T.);
#9191 = EDGE_LOOP('',(#9192));
#9192 = ORIENTED_EDGE('',*,*,#9193,.T.);
#9193 = EDGE_CURVE('',#9194,#9194,#9196,.T.);
#9194 = VERTEX_POINT('',#9195);
#9195 = CARTESIAN_POINT('',(207.62,-110.66,1.6));
#9196 = CIRCLE('',#9197,0.5);
#9197 = AXIS2_PLACEMENT_3D('',#9198,#9199,#9200);
#9198 = CARTESIAN_POINT('',(207.62,-110.16,1.6));
#9199 = DIRECTION('',(-0.,0.,-1.));
#9200 = DIRECTION('',(-0.,-1.,0.));
#9201 = FACE_BOUND('',#9202,.T.);
#9202 = EDGE_LOOP('',(#9203));
#9203 = ORIENTED_EDGE('',*,*,#9204,.T.);
#9204 = EDGE_CURVE('',#9205,#9205,#9207,.T.);
#9205 = VERTEX_POINT('',#9206);
#9206 = CARTESIAN_POINT('',(207.62,-108.12,1.6));
#9207 = CIRCLE('',#9208,0.5);
#9208 = AXIS2_PLACEMENT_3D('',#9209,#9210,#9211);
#9209 = CARTESIAN_POINT('',(207.62,-107.62,1.6));
#9210 = DIRECTION('',(-0.,0.,-1.));
#9211 = DIRECTION('',(-0.,-1.,0.));
#9212 = FACE_BOUND('',#9213,.T.);
#9213 = EDGE_LOOP('',(#9214));
#9214 = ORIENTED_EDGE('',*,*,#9215,.T.);
#9215 = EDGE_CURVE('',#9216,#9216,#9218,.T.);
#9216 = VERTEX_POINT('',#9217);
#9217 = CARTESIAN_POINT('',(207.62,-105.58,1.6));
#9218 = CIRCLE('',#9219,0.5);
#9219 = AXIS2_PLACEMENT_3D('',#9220,#9221,#9222);
#9220 = CARTESIAN_POINT('',(207.62,-105.08,1.6));
#9221 = DIRECTION('',(-0.,0.,-1.));
#9222 = DIRECTION('',(-0.,-1.,0.));
#9223 = FACE_BOUND('',#9224,.T.);
#9224 = EDGE_LOOP('',(#9225));
#9225 = ORIENTED_EDGE('',*,*,#9226,.T.);
#9226 = EDGE_CURVE('',#9227,#9227,#9229,.T.);
#9227 = VERTEX_POINT('',#9228);
#9228 = CARTESIAN_POINT('',(207.62,-103.04,1.6));
#9229 = CIRCLE('',#9230,0.5);
#9230 = AXIS2_PLACEMENT_3D('',#9231,#9232,#9233);
#9231 = CARTESIAN_POINT('',(207.62,-102.54,1.6));
#9232 = DIRECTION('',(-0.,0.,-1.));
#9233 = DIRECTION('',(-0.,-1.,0.));
#9234 = FACE_BOUND('',#9235,.T.);
#9235 = EDGE_LOOP('',(#9236));
#9236 = ORIENTED_EDGE('',*,*,#9237,.T.);
#9237 = EDGE_CURVE('',#9238,#9238,#9240,.T.);
#9238 = VERTEX_POINT('',#9239);
#9239 = CARTESIAN_POINT('',(207.62,-100.5,1.6));
#9240 = CIRCLE('',#9241,0.5);
#9241 = AXIS2_PLACEMENT_3D('',#9242,#9243,#9244);
#9242 = CARTESIAN_POINT('',(207.62,-100.,1.6));
#9243 = DIRECTION('',(-0.,0.,-1.));
#9244 = DIRECTION('',(-0.,-1.,0.));
#9245 = FACE_BOUND('',#9246,.T.);
#9246 = EDGE_LOOP('',(#9247,#9258,#9266));
#9247 = ORIENTED_EDGE('',*,*,#9248,.F.);
#9248 = EDGE_CURVE('',#9249,#9251,#9253,.T.);
#9249 = VERTEX_POINT('',#9250);
#9250 = CARTESIAN_POINT('',(215.,-137.080991,1.6));
#9251 = VERTEX_POINT('',#9252);
#9252 = CARTESIAN_POINT('',(239.88734,-103.,1.6));
#9253 = CIRCLE('',#9254,39.999994375799);
#9254 = AXIS2_PLACEMENT_3D('',#9255,#9256,#9257);
#9255 = CARTESIAN_POINT('',(200.00000406506,-100.000002987,1.6));
#9256 = DIRECTION('',(0.,0.,1.));
#9257 = DIRECTION('',(0.3749999511,-0.927024830668,0.));
#9258 = ORIENTED_EDGE('',*,*,#9259,.F.);
#9259 = EDGE_CURVE('',#9260,#9249,#9262,.T.);
#9260 = VERTEX_POINT('',#9261);
#9261 = CARTESIAN_POINT('',(215.,-103.,1.6));
#9262 = LINE('',#9263,#9264);
#9263 = CARTESIAN_POINT('',(215.,-103.,1.6));
#9264 = VECTOR('',#9265,1.);
#9265 = DIRECTION('',(0.,-1.,0.));
#9266 = ORIENTED_EDGE('',*,*,#9267,.F.);
#9267 = EDGE_CURVE('',#9251,#9260,#9268,.T.);
#9268 = LINE('',#9269,#9270);
#9269 = CARTESIAN_POINT('',(239.88734,-103.,1.6));
#9270 = VECTOR('',#9271,1.);
#9271 = DIRECTION('',(-1.,0.,0.));
#9272 = FACE_BOUND('',#9273,.T.);
#9273 = EDGE_LOOP('',(#9274));
#9274 = ORIENTED_EDGE('',*,*,#9275,.T.);
#9275 = EDGE_CURVE('',#9276,#9276,#9278,.T.);
#9276 = VERTEX_POINT('',#9277);
#9277 = CARTESIAN_POINT('',(240.952545,-120.162715,1.6));
#9278 = CIRCLE('',#9279,0.45);
#9279 = AXIS2_PLACEMENT_3D('',#9280,#9281,#9282);
#9280 = CARTESIAN_POINT('',(240.952545,-119.712715,1.6));
#9281 = DIRECTION('',(-0.,0.,-1.));
#9282 = DIRECTION('',(-0.,-1.,0.));
#9283 = FACE_BOUND('',#9284,.T.);
#9284 = EDGE_LOOP('',(#9285));
#9285 = ORIENTED_EDGE('',*,*,#9286,.T.);
#9286 = EDGE_CURVE('',#9287,#9287,#9289,.T.);
#9287 = VERTEX_POINT('',#9288);
#9288 = CARTESIAN_POINT('',(241.924561,-117.816061,1.6));
#9289 = CIRCLE('',#9290,0.45);
#9290 = AXIS2_PLACEMENT_3D('',#9291,#9292,#9293);
#9291 = CARTESIAN_POINT('',(241.924561,-117.366061,1.6));
#9292 = DIRECTION('',(-0.,0.,-1.));
#9293 = DIRECTION('',(6.315935428978E-14,-1.,-0.));
#9294 = FACE_BOUND('',#9295,.T.);
#9295 = EDGE_LOOP('',(#9296));
#9296 = ORIENTED_EDGE('',*,*,#9297,.T.);
#9297 = EDGE_CURVE('',#9298,#9298,#9300,.T.);
#9298 = VERTEX_POINT('',#9299);
#9299 = CARTESIAN_POINT('',(242.896577,-115.469407,1.6));
#9300 = CIRCLE('',#9301,0.45);
#9301 = AXIS2_PLACEMENT_3D('',#9302,#9303,#9304);
#9302 = CARTESIAN_POINT('',(242.896577,-115.019407,1.6));
#9303 = DIRECTION('',(-0.,0.,-1.));
#9304 = DIRECTION('',(6.315935428978E-14,-1.,-0.));
#9305 = FACE_BOUND('',#9306,.T.);
#9306 = EDGE_LOOP('',(#9307));
#9307 = ORIENTED_EDGE('',*,*,#9308,.F.);
#9308 = EDGE_CURVE('',#9309,#9309,#9311,.T.);
#9309 = VERTEX_POINT('',#9310);
#9310 = CARTESIAN_POINT('',(236.58555,-100.,1.6));
#9311 = CIRCLE('',#9312,1.58555);
#9312 = AXIS2_PLACEMENT_3D('',#9313,#9314,#9315);
#9313 = CARTESIAN_POINT('',(235.,-100.,1.6));
#9314 = DIRECTION('',(0.,0.,1.));
#9315 = DIRECTION('',(1.,0.,-0.));
#9316 = FACE_BOUND('',#9317,.T.);
#9317 = EDGE_LOOP('',(#9318));
#9318 = ORIENTED_EDGE('',*,*,#9319,.T.);
#9319 = EDGE_CURVE('',#9320,#9320,#9322,.T.);
#9320 = VERTEX_POINT('',#9321);
#9321 = CARTESIAN_POINT('',(245.3788,-102.99,1.6));
#9322 = CIRCLE('',#9323,0.45);
#9323 = AXIS2_PLACEMENT_3D('',#9324,#9325,#9326);
#9324 = CARTESIAN_POINT('',(245.3788,-102.54,1.6));
#9325 = DIRECTION('',(-0.,0.,-1.));
#9326 = DIRECTION('',(-0.,-1.,0.));
#9327 = FACE_BOUND('',#9328,.T.);
#9328 = EDGE_LOOP('',(#9329));
#9329 = ORIENTED_EDGE('',*,*,#9330,.T.);
#9330 = EDGE_CURVE('',#9331,#9331,#9333,.T.);
#9331 = VERTEX_POINT('',#9332);
#9332 = CARTESIAN_POINT('',(245.3788,-100.45,1.6));
#9333 = CIRCLE('',#9334,0.45);
#9334 = AXIS2_PLACEMENT_3D('',#9335,#9336,#9337);
#9335 = CARTESIAN_POINT('',(245.3788,-100.,1.6));
#9336 = DIRECTION('',(-0.,0.,-1.));
#9337 = DIRECTION('',(-0.,-1.,0.));
#9338 = FACE_BOUND('',#9339,.T.);
#9339 = EDGE_LOOP('',(#9340));
#9340 = ORIENTED_EDGE('',*,*,#9341,.T.);
#9341 = EDGE_CURVE('',#9342,#9342,#9344,.T.);
#9342 = VERTEX_POINT('',#9343);
#9343 = CARTESIAN_POINT('',(154.6212,-100.45,1.6));
#9344 = CIRCLE('',#9345,0.45);
#9345 = AXIS2_PLACEMENT_3D('',#9346,#9347,#9348);
#9346 = CARTESIAN_POINT('',(154.6212,-100.,1.6));
#9347 = DIRECTION('',(-0.,0.,-1.));
#9348 = DIRECTION('',(-0.,-1.,0.));
#9349 = FACE_BOUND('',#9350,.T.);
#9350 = EDGE_LOOP('',(#9351));
#9351 = ORIENTED_EDGE('',*,*,#9352,.T.);
#9352 = EDGE_CURVE('',#9353,#9353,#9355,.T.);
#9353 = VERTEX_POINT('',#9354);
#9354 = CARTESIAN_POINT('',(154.6212,-97.91,1.6));
#9355 = CIRCLE('',#9356,0.45);
#9356 = AXIS2_PLACEMENT_3D('',#9357,#9358,#9359);
#9357 = CARTESIAN_POINT('',(154.6212,-97.46,1.6));
#9358 = DIRECTION('',(-0.,0.,-1.));
#9359 = DIRECTION('',(-0.,-1.,0.));
#9360 = FACE_BOUND('',#9361,.T.);
#9361 = EDGE_LOOP('',(#9362));
#9362 = ORIENTED_EDGE('',*,*,#9363,.T.);
#9363 = EDGE_CURVE('',#9364,#9364,#9366,.T.);
#9364 = VERTEX_POINT('',#9365);
#9365 = CARTESIAN_POINT('',(157.103423,-85.430593,1.6));
#9366 = CIRCLE('',#9367,0.45);
#9367 = AXIS2_PLACEMENT_3D('',#9368,#9369,#9370);
#9368 = CARTESIAN_POINT('',(157.103423,-84.980593,1.6));
#9369 = DIRECTION('',(-0.,0.,-1.));
#9370 = DIRECTION('',(-6.315935428979E-14,-1.,0.));
#9371 = FACE_BOUND('',#9372,.T.);
#9372 = EDGE_LOOP('',(#9373));
#9373 = ORIENTED_EDGE('',*,*,#9374,.T.);
#9374 = EDGE_CURVE('',#9375,#9375,#9377,.T.);
#9375 = VERTEX_POINT('',#9376);
#9376 = CARTESIAN_POINT('',(158.075439,-83.083939,1.6));
#9377 = CIRCLE('',#9378,0.45);
#9378 = AXIS2_PLACEMENT_3D('',#9379,#9380,#9381);
#9379 = CARTESIAN_POINT('',(158.075439,-82.633939,1.6));
#9380 = DIRECTION('',(-0.,0.,-1.));
#9381 = DIRECTION('',(-6.315935428979E-14,-1.,0.));
#9382 = FACE_BOUND('',#9383,.T.);
#9383 = EDGE_LOOP('',(#9384));
#9384 = ORIENTED_EDGE('',*,*,#9385,.T.);
#9385 = EDGE_CURVE('',#9386,#9386,#9388,.T.);
#9386 = VERTEX_POINT('',#9387);
#9387 = CARTESIAN_POINT('',(159.047455,-80.737285,1.6));
#9388 = CIRCLE('',#9389,0.45);
#9389 = AXIS2_PLACEMENT_3D('',#9390,#9391,#9392);
#9390 = CARTESIAN_POINT('',(159.047455,-80.287285,1.6));
#9391 = DIRECTION('',(-0.,0.,-1.));
#9392 = DIRECTION('',(-0.,-1.,0.));
#9393 = FACE_BOUND('',#9394,.T.);
#9394 = EDGE_LOOP('',(#9395,#9406,#9414));
#9395 = ORIENTED_EDGE('',*,*,#9396,.F.);
#9396 = EDGE_CURVE('',#9397,#9399,#9401,.T.);
#9397 = VERTEX_POINT('',#9398);
#9398 = CARTESIAN_POINT('',(185.,-62.919008,1.6));
#9399 = VERTEX_POINT('',#9400);
#9400 = CARTESIAN_POINT('',(160.112659,-97.,1.6));
#9401 = CIRCLE('',#9402,40.000000770645);
#9402 = AXIS2_PLACEMENT_3D('',#9403,#9404,#9405);
#9403 = CARTESIAN_POINT('',(200.00000106015,-100.0000008379,1.6));
#9404 = DIRECTION('',(0.,0.,1.));
#9405 = DIRECTION('',(-0.375000019279,0.927024803088,0.));
#9406 = ORIENTED_EDGE('',*,*,#9407,.F.);
#9407 = EDGE_CURVE('',#9408,#9397,#9410,.T.);
#9408 = VERTEX_POINT('',#9409);
#9409 = CARTESIAN_POINT('',(185.,-97.,1.6));
#9410 = LINE('',#9411,#9412);
#9411 = CARTESIAN_POINT('',(185.,-97.,1.6));
#9412 = VECTOR('',#9413,1.);
#9413 = DIRECTION('',(0.,1.,0.));
#9414 = ORIENTED_EDGE('',*,*,#9415,.F.);
#9415 = EDGE_CURVE('',#9399,#9408,#9416,.T.);
#9416 = LINE('',#9417,#9418);
#9417 = CARTESIAN_POINT('',(160.112659,-97.,1.6));
#9418 = VECTOR('',#9419,1.);
#9419 = DIRECTION('',(1.,0.,0.));
#9420 = FACE_BOUND('',#9421,.T.);
#9421 = EDGE_LOOP('',(#9422));
#9422 = ORIENTED_EDGE('',*,*,#9423,.T.);
#9423 = EDGE_CURVE('',#9424,#9424,#9426,.T.);
#9424 = VERTEX_POINT('',#9425);
#9425 = CARTESIAN_POINT('',(192.38,-97.96,1.6));
#9426 = CIRCLE('',#9427,0.5);
#9427 = AXIS2_PLACEMENT_3D('',#9428,#9429,#9430);
#9428 = CARTESIAN_POINT('',(192.38,-97.46,1.6));
#9429 = DIRECTION('',(-0.,0.,-1.));
#9430 = DIRECTION('',(-0.,-1.,0.));
#9431 = FACE_BOUND('',#9432,.T.);
#9432 = EDGE_LOOP('',(#9433));
#9433 = ORIENTED_EDGE('',*,*,#9434,.T.);
#9434 = EDGE_CURVE('',#9435,#9435,#9437,.T.);
#9435 = VERTEX_POINT('',#9436);
#9436 = CARTESIAN_POINT('',(192.38,-95.42,1.6));
#9437 = CIRCLE('',#9438,0.5);
#9438 = AXIS2_PLACEMENT_3D('',#9439,#9440,#9441);
#9439 = CARTESIAN_POINT('',(192.38,-94.92,1.6));
#9440 = DIRECTION('',(-0.,0.,-1.));
#9441 = DIRECTION('',(-0.,-1.,0.));
#9442 = FACE_BOUND('',#9443,.T.);
#9443 = EDGE_LOOP('',(#9444));
#9444 = ORIENTED_EDGE('',*,*,#9445,.T.);
#9445 = EDGE_CURVE('',#9446,#9446,#9448,.T.);
#9446 = VERTEX_POINT('',#9447);
#9447 = CARTESIAN_POINT('',(192.38,-92.88,1.6));
#9448 = CIRCLE('',#9449,0.5);
#9449 = AXIS2_PLACEMENT_3D('',#9450,#9451,#9452);
#9450 = CARTESIAN_POINT('',(192.38,-92.38,1.6));
#9451 = DIRECTION('',(-0.,0.,-1.));
#9452 = DIRECTION('',(-0.,-1.,0.));
#9453 = FACE_BOUND('',#9454,.T.);
#9454 = EDGE_LOOP('',(#9455));
#9455 = ORIENTED_EDGE('',*,*,#9456,.T.);
#9456 = EDGE_CURVE('',#9457,#9457,#9459,.T.);
#9457 = VERTEX_POINT('',#9458);
#9458 = CARTESIAN_POINT('',(192.38,-90.34,1.6));
#9459 = CIRCLE('',#9460,0.5);
#9460 = AXIS2_PLACEMENT_3D('',#9461,#9462,#9463);
#9461 = CARTESIAN_POINT('',(192.38,-89.84,1.6));
#9462 = DIRECTION('',(-0.,0.,-1.));
#9463 = DIRECTION('',(-0.,-1.,0.));
#9464 = FACE_BOUND('',#9465,.T.);
#9465 = EDGE_LOOP('',(#9466));
#9466 = ORIENTED_EDGE('',*,*,#9467,.T.);
#9467 = EDGE_CURVE('',#9468,#9468,#9470,.T.);
#9468 = VERTEX_POINT('',#9469);
#9469 = CARTESIAN_POINT('',(192.38,-87.8,1.6));
#9470 = CIRCLE('',#9471,0.5);
#9471 = AXIS2_PLACEMENT_3D('',#9472,#9473,#9474);
#9472 = CARTESIAN_POINT('',(192.38,-87.3,1.6));
#9473 = DIRECTION('',(-0.,0.,-1.));
#9474 = DIRECTION('',(-0.,-1.,0.));
#9475 = FACE_BOUND('',#9476,.T.);
#9476 = EDGE_LOOP('',(#9477));
#9477 = ORIENTED_EDGE('',*,*,#9478,.T.);
#9478 = EDGE_CURVE('',#9479,#9479,#9481,.T.);
#9479 = VERTEX_POINT('',#9480);
#9480 = CARTESIAN_POINT('',(192.38,-85.26,1.6));
#9481 = CIRCLE('',#9482,0.5);
#9482 = AXIS2_PLACEMENT_3D('',#9483,#9484,#9485);
#9483 = CARTESIAN_POINT('',(192.38,-84.76,1.6));
#9484 = DIRECTION('',(-0.,0.,-1.));
#9485 = DIRECTION('',(-0.,-1.,0.));
#9486 = FACE_BOUND('',#9487,.T.);
#9487 = EDGE_LOOP('',(#9488));
#9488 = ORIENTED_EDGE('',*,*,#9489,.T.);
#9489 = EDGE_CURVE('',#9490,#9490,#9492,.T.);
#9490 = VERTEX_POINT('',#9491);
#9491 = CARTESIAN_POINT('',(192.38,-82.72,1.6));
#9492 = CIRCLE('',#9493,0.5);
#9493 = AXIS2_PLACEMENT_3D('',#9494,#9495,#9496);
#9494 = CARTESIAN_POINT('',(192.38,-82.22,1.6));
#9495 = DIRECTION('',(-0.,0.,-1.));
#9496 = DIRECTION('',(-0.,-1.,0.));
#9497 = FACE_BOUND('',#9498,.T.);
#9498 = EDGE_LOOP('',(#9499));
#9499 = ORIENTED_EDGE('',*,*,#9500,.F.);
#9500 = EDGE_CURVE('',#9501,#9501,#9503,.T.);
#9501 = VERTEX_POINT('',#9502);
#9502 = CARTESIAN_POINT('',(158.32859,-69.031058,1.6));
#9503 = CIRCLE('',#9504,1.58555);
#9504 = AXIS2_PLACEMENT_3D('',#9505,#9506,#9507);
#9505 = CARTESIAN_POINT('',(156.74304,-69.031058,1.6));
#9506 = DIRECTION('',(0.,0.,1.));
#9507 = DIRECTION('',(1.,0.,-0.));
#9508 = FACE_BOUND('',#9509,.T.);
#9509 = EDGE_LOOP('',(#9510));
#9510 = ORIENTED_EDGE('',*,*,#9511,.T.);
#9511 = EDGE_CURVE('',#9512,#9512,#9514,.T.);
#9512 = VERTEX_POINT('',#9513);
#9513 = CARTESIAN_POINT('',(166.116239,-70.158445,1.6));
#9514 = CIRCLE('',#9515,0.45);
#9515 = AXIS2_PLACEMENT_3D('',#9516,#9517,#9518);
#9516 = CARTESIAN_POINT('',(166.116239,-69.708445,1.6));
#9517 = DIRECTION('',(-0.,0.,-1.));
#9518 = DIRECTION('',(-0.,-1.,0.));
#9519 = FACE_BOUND('',#9520,.T.);
#9520 = EDGE_LOOP('',(#9521));
#9521 = ORIENTED_EDGE('',*,*,#9522,.T.);
#9522 = EDGE_CURVE('',#9523,#9523,#9525,.T.);
#9523 = VERTEX_POINT('',#9524);
#9524 = CARTESIAN_POINT('',(167.912292,-68.362394,1.6));
#9525 = CIRCLE('',#9526,0.45);
#9526 = AXIS2_PLACEMENT_3D('',#9527,#9528,#9529);
#9527 = CARTESIAN_POINT('',(167.912292,-67.912394,1.6));
#9528 = DIRECTION('',(-0.,0.,-1.));
#9529 = DIRECTION('',(6.315935428978E-14,-1.,-0.));
#9530 = FACE_BOUND('',#9531,.T.);
#9531 = EDGE_LOOP('',(#9532));
#9532 = ORIENTED_EDGE('',*,*,#9533,.T.);
#9533 = EDGE_CURVE('',#9534,#9534,#9536,.T.);
#9534 = VERTEX_POINT('',#9535);
#9535 = CARTESIAN_POINT('',(169.708343,-66.566343,1.6));
#9536 = CIRCLE('',#9537,0.45);
#9537 = AXIS2_PLACEMENT_3D('',#9538,#9539,#9540);
#9538 = CARTESIAN_POINT('',(169.708343,-66.116343,1.6));
#9539 = DIRECTION('',(-0.,0.,-1.));
#9540 = DIRECTION('',(-0.,-1.,0.));
#9541 = FACE_BOUND('',#9542,.T.);
#9542 = EDGE_LOOP('',(#9543));
#9543 = ORIENTED_EDGE('',*,*,#9544,.T.);
#9544 = EDGE_CURVE('',#9545,#9545,#9547,.T.);
#9545 = VERTEX_POINT('',#9546);
#9546 = CARTESIAN_POINT('',(180.287978,-59.497487,1.6));
#9547 = CIRCLE('',#9548,0.45);
#9548 = AXIS2_PLACEMENT_3D('',#9549,#9550,#9551);
#9549 = CARTESIAN_POINT('',(180.287978,-59.047487,1.6));
#9550 = DIRECTION('',(-0.,0.,-1.));
#9551 = DIRECTION('',(-0.,-1.,0.));
#9552 = FACE_BOUND('',#9553,.T.);
#9553 = EDGE_LOOP('',(#9554));
#9554 = ORIENTED_EDGE('',*,*,#9555,.T.);
#9555 = EDGE_CURVE('',#9556,#9556,#9558,.T.);
#9556 = VERTEX_POINT('',#9557);
#9557 = CARTESIAN_POINT('',(182.634631,-58.525471,1.6));
#9558 = CIRCLE('',#9559,0.45);
#9559 = AXIS2_PLACEMENT_3D('',#9560,#9561,#9562);
#9560 = CARTESIAN_POINT('',(182.634631,-58.075471,1.6));
#9561 = DIRECTION('',(-0.,0.,-1.));
#9562 = DIRECTION('',(-0.,-1.,0.));
#9563 = FACE_BOUND('',#9564,.T.);
#9564 = EDGE_LOOP('',(#9565));
#9565 = ORIENTED_EDGE('',*,*,#9566,.T.);
#9566 = EDGE_CURVE('',#9567,#9567,#9569,.T.);
#9567 = VERTEX_POINT('',#9568);
#9568 = CARTESIAN_POINT('',(184.981285,-57.553455,1.6));
#9569 = CIRCLE('',#9570,0.45);
#9570 = AXIS2_PLACEMENT_3D('',#9571,#9572,#9573);
#9571 = CARTESIAN_POINT('',(184.981285,-57.103455,1.6));
#9572 = DIRECTION('',(-0.,0.,-1.));
#9573 = DIRECTION('',(-0.,-1.,0.));
#9574 = FACE_BOUND('',#9575,.T.);
#9575 = EDGE_LOOP('',(#9576));
#9576 = ORIENTED_EDGE('',*,*,#9577,.T.);
#9577 = EDGE_CURVE('',#9578,#9578,#9580,.T.);
#9578 = VERTEX_POINT('',#9579);
#9579 = CARTESIAN_POINT('',(197.46,-55.0712,1.6));
#9580 = CIRCLE('',#9581,0.45);
#9581 = AXIS2_PLACEMENT_3D('',#9582,#9583,#9584);
#9582 = CARTESIAN_POINT('',(197.46,-54.6212,1.6));
#9583 = DIRECTION('',(-0.,0.,-1.));
#9584 = DIRECTION('',(6.315935428978E-14,-1.,-0.));
#9585 = FACE_BOUND('',#9586,.T.);
#9586 = EDGE_LOOP('',(#9587));
#9587 = ORIENTED_EDGE('',*,*,#9588,.T.);
#9588 = EDGE_CURVE('',#9589,#9589,#9591,.T.);
#9589 = VERTEX_POINT('',#9590);
#9590 = CARTESIAN_POINT('',(207.62,-97.96,1.6));
#9591 = CIRCLE('',#9592,0.5);
#9592 = AXIS2_PLACEMENT_3D('',#9593,#9594,#9595);
#9593 = CARTESIAN_POINT('',(207.62,-97.46,1.6));
#9594 = DIRECTION('',(-0.,0.,-1.));
#9595 = DIRECTION('',(-0.,-1.,0.));
#9596 = FACE_BOUND('',#9597,.T.);
#9597 = EDGE_LOOP('',(#9598));
#9598 = ORIENTED_EDGE('',*,*,#9599,.T.);
#9599 = EDGE_CURVE('',#9600,#9600,#9602,.T.);
#9600 = VERTEX_POINT('',#9601);
#9601 = CARTESIAN_POINT('',(207.62,-95.42,1.6));
#9602 = CIRCLE('',#9603,0.5);
#9603 = AXIS2_PLACEMENT_3D('',#9604,#9605,#9606);
#9604 = CARTESIAN_POINT('',(207.62,-94.92,1.6));
#9605 = DIRECTION('',(-0.,0.,-1.));
#9606 = DIRECTION('',(-0.,-1.,0.));
#9607 = FACE_BOUND('',#9608,.T.);
#9608 = EDGE_LOOP('',(#9609));
#9609 = ORIENTED_EDGE('',*,*,#9610,.T.);
#9610 = EDGE_CURVE('',#9611,#9611,#9613,.T.);
#9611 = VERTEX_POINT('',#9612);
#9612 = CARTESIAN_POINT('',(207.62,-92.88,1.6));
#9613 = CIRCLE('',#9614,0.5);
#9614 = AXIS2_PLACEMENT_3D('',#9615,#9616,#9617);
#9615 = CARTESIAN_POINT('',(207.62,-92.38,1.6));
#9616 = DIRECTION('',(-0.,0.,-1.));
#9617 = DIRECTION('',(-0.,-1.,0.));
#9618 = FACE_BOUND('',#9619,.T.);
#9619 = EDGE_LOOP('',(#9620));
#9620 = ORIENTED_EDGE('',*,*,#9621,.T.);
#9621 = EDGE_CURVE('',#9622,#9622,#9624,.T.);
#9622 = VERTEX_POINT('',#9623);
#9623 = CARTESIAN_POINT('',(207.62,-90.34,1.6));
#9624 = CIRCLE('',#9625,0.5);
#9625 = AXIS2_PLACEMENT_3D('',#9626,#9627,#9628);
#9626 = CARTESIAN_POINT('',(207.62,-89.84,1.6));
#9627 = DIRECTION('',(-0.,0.,-1.));
#9628 = DIRECTION('',(-0.,-1.,0.));
#9629 = FACE_BOUND('',#9630,.T.);
#9630 = EDGE_LOOP('',(#9631));
#9631 = ORIENTED_EDGE('',*,*,#9632,.T.);
#9632 = EDGE_CURVE('',#9633,#9633,#9635,.T.);
#9633 = VERTEX_POINT('',#9634);
#9634 = CARTESIAN_POINT('',(207.62,-87.8,1.6));
#9635 = CIRCLE('',#9636,0.5);
#9636 = AXIS2_PLACEMENT_3D('',#9637,#9638,#9639);
#9637 = CARTESIAN_POINT('',(207.62,-87.3,1.6));
#9638 = DIRECTION('',(-0.,0.,-1.));
#9639 = DIRECTION('',(-0.,-1.,0.));
#9640 = FACE_BOUND('',#9641,.T.);
#9641 = EDGE_LOOP('',(#9642));
#9642 = ORIENTED_EDGE('',*,*,#9643,.T.);
#9643 = EDGE_CURVE('',#9644,#9644,#9646,.T.);
#9644 = VERTEX_POINT('',#9645);
#9645 = CARTESIAN_POINT('',(207.62,-85.26,1.6));
#9646 = CIRCLE('',#9647,0.5);
#9647 = AXIS2_PLACEMENT_3D('',#9648,#9649,#9650);
#9648 = CARTESIAN_POINT('',(207.62,-84.76,1.6));
#9649 = DIRECTION('',(-0.,0.,-1.));
#9650 = DIRECTION('',(-0.,-1.,0.));
#9651 = FACE_BOUND('',#9652,.T.);
#9652 = EDGE_LOOP('',(#9653));
#9653 = ORIENTED_EDGE('',*,*,#9654,.T.);
#9654 = EDGE_CURVE('',#9655,#9655,#9657,.T.);
#9655 = VERTEX_POINT('',#9656);
#9656 = CARTESIAN_POINT('',(207.62,-82.72,1.6));
#9657 = CIRCLE('',#9658,0.5);
#9658 = AXIS2_PLACEMENT_3D('',#9659,#9660,#9661);
#9659 = CARTESIAN_POINT('',(207.62,-82.22,1.6));
#9660 = DIRECTION('',(-0.,0.,-1.));
#9661 = DIRECTION('',(-0.,-1.,0.));
#9662 = FACE_BOUND('',#9663,.T.);
#9663 = EDGE_LOOP('',(#9664));
#9664 = ORIENTED_EDGE('',*,*,#9665,.T.);
#9665 = EDGE_CURVE('',#9666,#9666,#9668,.T.);
#9666 = VERTEX_POINT('',#9667);
#9667 = CARTESIAN_POINT('',(245.3788,-97.91,1.6));
#9668 = CIRCLE('',#9669,0.45);
#9669 = AXIS2_PLACEMENT_3D('',#9670,#9671,#9672);
#9670 = CARTESIAN_POINT('',(245.3788,-97.46,1.6));
#9671 = DIRECTION('',(-0.,0.,-1.));
#9672 = DIRECTION('',(-0.,-1.,0.));
#9673 = FACE_BOUND('',#9674,.T.);
#9674 = EDGE_LOOP('',(#9675,#9685,#9693));
#9675 = ORIENTED_EDGE('',*,*,#9676,.F.);
#9676 = EDGE_CURVE('',#9677,#9679,#9681,.T.);
#9677 = VERTEX_POINT('',#9678);
#9678 = CARTESIAN_POINT('',(215.,-97.,1.6));
#9679 = VERTEX_POINT('',#9680);
#9680 = CARTESIAN_POINT('',(239.88734,-97.,1.6));
#9681 = LINE('',#9682,#9683);
#9682 = CARTESIAN_POINT('',(215.,-97.,1.6));
#9683 = VECTOR('',#9684,1.);
#9684 = DIRECTION('',(1.,0.,0.));
#9685 = ORIENTED_EDGE('',*,*,#9686,.F.);
#9686 = EDGE_CURVE('',#9687,#9677,#9689,.T.);
#9687 = VERTEX_POINT('',#9688);
#9688 = CARTESIAN_POINT('',(215.,-62.919009,1.6));
#9689 = LINE('',#9690,#9691);
#9690 = CARTESIAN_POINT('',(215.,-62.919009,1.6));
#9691 = VECTOR('',#9692,1.);
#9692 = DIRECTION('',(0.,-1.,0.));
#9693 = ORIENTED_EDGE('',*,*,#9694,.F.);
#9694 = EDGE_CURVE('',#9679,#9687,#9695,.T.);
#9695 = CIRCLE('',#9696,39.999994375799);
#9696 = AXIS2_PLACEMENT_3D('',#9697,#9698,#9699);
#9697 = CARTESIAN_POINT('',(200.00000406506,-99.99999701294,1.6));
#9698 = DIRECTION('',(0.,0.,1.));
#9699 = DIRECTION('',(0.997183538582,7.499993586891E-02,-0.));
#9700 = FACE_BOUND('',#9701,.T.);
#9701 = EDGE_LOOP('',(#9702));
#9702 = ORIENTED_EDGE('',*,*,#9703,.T.);
#9703 = EDGE_CURVE('',#9704,#9704,#9706,.T.);
#9704 = VERTEX_POINT('',#9705);
#9705 = CARTESIAN_POINT('',(242.896545,-85.431285,1.6));
#9706 = CIRCLE('',#9707,0.45);
#9707 = AXIS2_PLACEMENT_3D('',#9708,#9709,#9710);
#9708 = CARTESIAN_POINT('',(242.896545,-84.981285,1.6));
#9709 = DIRECTION('',(-0.,0.,-1.));
#9710 = DIRECTION('',(-0.,-1.,0.));
#9711 = FACE_BOUND('',#9712,.T.);
#9712 = EDGE_LOOP('',(#9713));
#9713 = ORIENTED_EDGE('',*,*,#9714,.T.);
#9714 = EDGE_CURVE('',#9715,#9715,#9717,.T.);
#9715 = VERTEX_POINT('',#9716);
#9716 = CARTESIAN_POINT('',(241.924529,-83.084631,1.6));
#9717 = CIRCLE('',#9718,0.45);
#9718 = AXIS2_PLACEMENT_3D('',#9719,#9720,#9721);
#9719 = CARTESIAN_POINT('',(241.924529,-82.634631,1.6));
#9720 = DIRECTION('',(-0.,0.,-1.));
#9721 = DIRECTION('',(-0.,-1.,0.));
#9722 = FACE_BOUND('',#9723,.T.);
#9723 = EDGE_LOOP('',(#9724));
#9724 = ORIENTED_EDGE('',*,*,#9725,.T.);
#9725 = EDGE_CURVE('',#9726,#9726,#9728,.T.);
#9726 = VERTEX_POINT('',#9727);
#9727 = CARTESIAN_POINT('',(240.952513,-80.737978,1.6));
#9728 = CIRCLE('',#9729,0.45);
#9729 = AXIS2_PLACEMENT_3D('',#9730,#9731,#9732);
#9730 = CARTESIAN_POINT('',(240.952513,-80.287978,1.6));
#9731 = DIRECTION('',(-0.,0.,-1.));
#9732 = DIRECTION('',(-0.,-1.,0.));
#9733 = FACE_BOUND('',#9734,.T.);
#9734 = EDGE_LOOP('',(#9735));
#9735 = ORIENTED_EDGE('',*,*,#9736,.T.);
#9736 = EDGE_CURVE('',#9737,#9737,#9739,.T.);
#9737 = VERTEX_POINT('',#9738);
#9738 = CARTESIAN_POINT('',(200.,-55.0712,1.6));
#9739 = CIRCLE('',#9740,0.45);
#9740 = AXIS2_PLACEMENT_3D('',#9741,#9742,#9743);
#9741 = CARTESIAN_POINT('',(200.,-54.6212,1.6));
#9742 = DIRECTION('',(-0.,0.,-1.));
#9743 = DIRECTION('',(-0.,-1.,0.));
#9744 = FACE_BOUND('',#9745,.T.);
#9745 = EDGE_LOOP('',(#9746));
#9746 = ORIENTED_EDGE('',*,*,#9747,.T.);
#9747 = EDGE_CURVE('',#9748,#9748,#9750,.T.);
#9748 = VERTEX_POINT('',#9749);
#9749 = CARTESIAN_POINT('',(202.54,-55.0712,1.6));
#9750 = CIRCLE('',#9751,0.45);
#9751 = AXIS2_PLACEMENT_3D('',#9752,#9753,#9754);
#9752 = CARTESIAN_POINT('',(202.54,-54.6212,1.6));
#9753 = DIRECTION('',(-0.,0.,-1.));
#9754 = DIRECTION('',(-6.315935428979E-14,-1.,0.));
#9755 = FACE_BOUND('',#9756,.T.);
#9756 = EDGE_LOOP('',(#9757));
#9757 = ORIENTED_EDGE('',*,*,#9758,.T.);
#9758 = EDGE_CURVE('',#9759,#9759,#9761,.T.);
#9759 = VERTEX_POINT('',#9760);
#9760 = CARTESIAN_POINT('',(215.019407,-57.553423,1.6));
#9761 = CIRCLE('',#9762,0.45);
#9762 = AXIS2_PLACEMENT_3D('',#9763,#9764,#9765);
#9763 = CARTESIAN_POINT('',(215.019407,-57.103423,1.6));
#9764 = DIRECTION('',(-0.,0.,-1.));
#9765 = DIRECTION('',(-0.,-1.,0.));
#9766 = FACE_BOUND('',#9767,.T.);
#9767 = EDGE_LOOP('',(#9768));
#9768 = ORIENTED_EDGE('',*,*,#9769,.T.);
#9769 = EDGE_CURVE('',#9770,#9770,#9772,.T.);
#9770 = VERTEX_POINT('',#9771);
#9771 = CARTESIAN_POINT('',(219.712715,-59.497455,1.6));
#9772 = CIRCLE('',#9773,0.45);
#9773 = AXIS2_PLACEMENT_3D('',#9774,#9775,#9776);
#9774 = CARTESIAN_POINT('',(219.712715,-59.047455,1.6));
#9775 = DIRECTION('',(-0.,0.,-1.));
#9776 = DIRECTION('',(-0.,-1.,0.));
#9777 = FACE_BOUND('',#9778,.T.);
#9778 = EDGE_LOOP('',(#9779));
#9779 = ORIENTED_EDGE('',*,*,#9780,.T.);
#9780 = EDGE_CURVE('',#9781,#9781,#9783,.T.);
#9781 = VERTEX_POINT('',#9782);
#9782 = CARTESIAN_POINT('',(217.366061,-58.525439,1.6));
#9783 = CIRCLE('',#9784,0.45);
#9784 = AXIS2_PLACEMENT_3D('',#9785,#9786,#9787);
#9785 = CARTESIAN_POINT('',(217.366061,-58.075439,1.6));
#9786 = DIRECTION('',(-0.,0.,-1.));
#9787 = DIRECTION('',(-0.,-1.,0.));
#9788 = FACE_BOUND('',#9789,.T.);
#9789 = EDGE_LOOP('',(#9790));
#9790 = ORIENTED_EDGE('',*,*,#9791,.T.);
#9791 = EDGE_CURVE('',#9792,#9792,#9794,.T.);
#9792 = VERTEX_POINT('',#9793);
#9793 = CARTESIAN_POINT('',(233.883657,-70.158343,1.6));
#9794 = CIRCLE('',#9795,0.45);
#9795 = AXIS2_PLACEMENT_3D('',#9796,#9797,#9798);
#9796 = CARTESIAN_POINT('',(233.883657,-69.708343,1.6));
#9797 = DIRECTION('',(-0.,0.,-1.));
#9798 = DIRECTION('',(-0.,-1.,0.));
#9799 = FACE_BOUND('',#9800,.T.);
#9800 = EDGE_LOOP('',(#9801));
#9801 = ORIENTED_EDGE('',*,*,#9802,.T.);
#9802 = EDGE_CURVE('',#9803,#9803,#9805,.T.);
#9803 = VERTEX_POINT('',#9804);
#9804 = CARTESIAN_POINT('',(230.291556,-66.566241,1.6));
#9805 = CIRCLE('',#9806,0.45);
#9806 = AXIS2_PLACEMENT_3D('',#9807,#9808,#9809);
#9807 = CARTESIAN_POINT('',(230.291556,-66.116241,1.6));
#9808 = DIRECTION('',(-0.,0.,-1.));
#9809 = DIRECTION('',(-0.,-1.,0.));
#9810 = FACE_BOUND('',#9811,.T.);
#9811 = EDGE_LOOP('',(#9812));
#9812 = ORIENTED_EDGE('',*,*,#9813,.T.);
#9813 = EDGE_CURVE('',#9814,#9814,#9816,.T.);
#9814 = VERTEX_POINT('',#9815);
#9815 = CARTESIAN_POINT('',(232.087606,-68.362292,1.6));
#9816 = CIRCLE('',#9817,0.45);
#9817 = AXIS2_PLACEMENT_3D('',#9818,#9819,#9820);
#9818 = CARTESIAN_POINT('',(232.087606,-67.912292,1.6));
#9819 = DIRECTION('',(-0.,0.,-1.));
#9820 = DIRECTION('',(-0.,-1.,0.));
#9821 = FACE_BOUND('',#9822,.T.);
#9822 = EDGE_LOOP('',(#9823));
#9823 = ORIENTED_EDGE('',*,*,#9824,.F.);
#9824 = EDGE_CURVE('',#9825,#9825,#9827,.T.);
#9825 = VERTEX_POINT('',#9826);
#9826 = CARTESIAN_POINT('',(244.84251,-69.031058,1.6));
#9827 = CIRCLE('',#9828,1.58555);
#9828 = AXIS2_PLACEMENT_3D('',#9829,#9830,#9831);
#9829 = CARTESIAN_POINT('',(243.25696,-69.031058,1.6));
#9830 = DIRECTION('',(0.,0.,1.));
#9831 = DIRECTION('',(1.,0.,-0.));
#9832 = PLANE('',#9833);
#9833 = AXIS2_PLACEMENT_3D('',#9834,#9835,#9836);
#9834 = CARTESIAN_POINT('',(0.,0.,1.6));
#9835 = DIRECTION('',(0.,0.,1.));
#9836 = DIRECTION('',(1.,0.,-0.));
#9837 = ADVANCED_FACE('',(#9838),#9849,.T.);
#9838 = FACE_BOUND('',#9839,.T.);
#9839 = EDGE_LOOP('',(#9840,#9846,#9847,#9848));
#9840 = ORIENTED_EDGE('',*,*,#9841,.T.);
#9841 = EDGE_CURVE('',#7374,#8609,#9842,.T.);
#9842 = LINE('',#9843,#9844);
#9843 = CARTESIAN_POINT('',(152.840156,-66.236868,0.));
#9844 = VECTOR('',#9845,1.);
#9845 = DIRECTION('',(0.,0.,1.));
#9846 = ORIENTED_EDGE('',*,*,#8608,.T.);
#9847 = ORIENTED_EDGE('',*,*,#7309,.F.);
#9848 = ORIENTED_EDGE('',*,*,#7373,.F.);
#9849 = PLANE('',#9850);
#9850 = AXIS2_PLACEMENT_3D('',#9851,#9852,#9853);
#9851 = CARTESIAN_POINT('',(152.840156,-66.236868,0.));
#9852 = DIRECTION('',(-0.163325992806,0.986572156547,0.));
#9853 = DIRECTION('',(0.986572156547,0.163325992806,0.));
#9854 = ADVANCED_FACE('',(#9855),#9866,.T.);
#9855 = FACE_BOUND('',#9856,.T.);
#9856 = EDGE_LOOP('',(#9857,#9858,#9859,#9865));
#9857 = ORIENTED_EDGE('',*,*,#7349,.T.);
#9858 = ORIENTED_EDGE('',*,*,#8739,.T.);
#9859 = ORIENTED_EDGE('',*,*,#9860,.F.);
#9860 = EDGE_CURVE('',#7497,#8732,#9861,.T.);
#9861 = LINE('',#9862,#9863);
#9862 = CARTESIAN_POINT('',(247.159844,-66.236868,0.));
#9863 = VECTOR('',#9864,1.);
#9864 = DIRECTION('',(0.,0.,1.));
#9865 = ORIENTED_EDGE('',*,*,#7504,.F.);
#9866 = PLANE('',#9867);
#9867 = AXIS2_PLACEMENT_3D('',#9868,#9869,#9870);
#9868 = CARTESIAN_POINT('',(242.226983,-65.420238,0.));
#9869 = DIRECTION('',(0.163325992806,0.986572156547,-0.));
#9870 = DIRECTION('',(0.986572156547,-0.163325992806,0.));
#9871 = ADVANCED_FACE('',(#9872),#9883,.T.);
#9872 = FACE_BOUND('',#9873,.T.);
#9873 = EDGE_LOOP('',(#9874,#9880,#9881,#9882));
#9874 = ORIENTED_EDGE('',*,*,#9875,.T.);
#9875 = EDGE_CURVE('',#7382,#8617,#9876,.T.);
#9876 = LINE('',#9877,#9878);
#9877 = CARTESIAN_POINT('',(153.656786,-71.169729,0.));
#9878 = VECTOR('',#9879,1.);
#9879 = DIRECTION('',(0.,0.,1.));
#9880 = ORIENTED_EDGE('',*,*,#8616,.T.);
#9881 = ORIENTED_EDGE('',*,*,#9841,.F.);
#9882 = ORIENTED_EDGE('',*,*,#7381,.F.);
#9883 = PLANE('',#9884);
#9884 = AXIS2_PLACEMENT_3D('',#9885,#9886,#9887);
#9885 = CARTESIAN_POINT('',(153.656786,-71.169729,0.));
#9886 = DIRECTION('',(-0.986572156547,-0.163325992806,0.));
#9887 = DIRECTION('',(-0.163325992806,0.986572156547,0.));
#9888 = ADVANCED_FACE('',(#9889),#9900,.T.);
#9889 = FACE_BOUND('',#9890,.T.);
#9890 = EDGE_LOOP('',(#9891,#9892,#9893,#9899));
#9891 = ORIENTED_EDGE('',*,*,#9860,.T.);
#9892 = ORIENTED_EDGE('',*,*,#8731,.T.);
#9893 = ORIENTED_EDGE('',*,*,#9894,.F.);
#9894 = EDGE_CURVE('',#7489,#8724,#9895,.T.);
#9895 = LINE('',#9896,#9897);
#9896 = CARTESIAN_POINT('',(246.343214,-71.169729,0.));
#9897 = VECTOR('',#9898,1.);
#9898 = DIRECTION('',(0.,0.,1.));
#9899 = ORIENTED_EDGE('',*,*,#7496,.F.);
#9900 = PLANE('',#9901);
#9901 = AXIS2_PLACEMENT_3D('',#9902,#9903,#9904);
#9902 = CARTESIAN_POINT('',(247.159844,-66.236868,0.));
#9903 = DIRECTION('',(0.986572156547,-0.163325992806,0.));
#9904 = DIRECTION('',(-0.163325992806,-0.986572156547,0.));
#9905 = ADVANCED_FACE('',(#9906),#9917,.T.);
#9906 = FACE_BOUND('',#9907,.T.);
#9907 = EDGE_LOOP('',(#9908,#9914,#9915,#9916));
#9908 = ORIENTED_EDGE('',*,*,#9909,.T.);
#9909 = EDGE_CURVE('',#7390,#8625,#9910,.T.);
#9910 = LINE('',#9911,#9912);
#9911 = CARTESIAN_POINT('',(157.388613,-73.841454,0.));
#9912 = VECTOR('',#9913,1.);
#9913 = DIRECTION('',(0.,0.,1.));
#9914 = ORIENTED_EDGE('',*,*,#8624,.T.);
#9915 = ORIENTED_EDGE('',*,*,#9875,.F.);
#9916 = ORIENTED_EDGE('',*,*,#7389,.F.);
#9917 = PLANE('',#9918);
#9918 = AXIS2_PLACEMENT_3D('',#9919,#9920,#9921);
#9919 = CARTESIAN_POINT('',(157.388613,-73.841454,0.));
#9920 = DIRECTION('',(-0.582122866245,-0.813100835441,0.));
#9921 = DIRECTION('',(-0.813100835441,0.582122866245,0.));
#9922 = ADVANCED_FACE('',(#9923),#9934,.T.);
#9923 = FACE_BOUND('',#9924,.T.);
#9924 = EDGE_LOOP('',(#9925,#9926,#9927,#9933));
#9925 = ORIENTED_EDGE('',*,*,#9894,.T.);
#9926 = ORIENTED_EDGE('',*,*,#8723,.T.);
#9927 = ORIENTED_EDGE('',*,*,#9928,.F.);
#9928 = EDGE_CURVE('',#7480,#8715,#9929,.T.);
#9929 = LINE('',#9930,#9931);
#9930 = CARTESIAN_POINT('',(242.611388,-73.841453,0.));
#9931 = VECTOR('',#9932,1.);
#9932 = DIRECTION('',(0.,0.,1.));
#9933 = ORIENTED_EDGE('',*,*,#7488,.F.);
#9934 = PLANE('',#9935);
#9935 = AXIS2_PLACEMENT_3D('',#9936,#9937,#9938);
#9936 = CARTESIAN_POINT('',(246.343214,-71.169729,0.));
#9937 = DIRECTION('',(0.582122825324,-0.813100864737,0.));
#9938 = DIRECTION('',(-0.813100864737,-0.582122825324,0.));
#9939 = ADVANCED_FACE('',(#9940),#9951,.T.);
#9940 = FACE_BOUND('',#9941,.T.);
#9941 = EDGE_LOOP('',(#9942,#9948,#9949,#9950));
#9942 = ORIENTED_EDGE('',*,*,#9943,.T.);
#9943 = EDGE_CURVE('',#7398,#8633,#9944,.T.);
#9944 = LINE('',#9945,#9946);
#9945 = CARTESIAN_POINT('',(157.388613,-126.158546,0.));
#9946 = VECTOR('',#9947,1.);
#9947 = DIRECTION('',(0.,0.,1.));
#9948 = ORIENTED_EDGE('',*,*,#8632,.T.);
#9949 = ORIENTED_EDGE('',*,*,#9909,.F.);
#9950 = ORIENTED_EDGE('',*,*,#7397,.F.);
#9951 = CYLINDRICAL_SURFACE('',#9952,49.999982789405);
#9952 = AXIS2_PLACEMENT_3D('',#9953,#9954,#9955);
#9953 = CARTESIAN_POINT('',(199.9999817894,-100.,0.));
#9954 = DIRECTION('',(0.,0.,-1.));
#9955 = DIRECTION('',(-0.852227669135,-0.523171100082,-0.));
#9956 = ADVANCED_FACE('',(#9957),#9968,.T.);
#9957 = FACE_BOUND('',#9958,.T.);
#9958 = EDGE_LOOP('',(#9959,#9960,#9961,#9967));
#9959 = ORIENTED_EDGE('',*,*,#9928,.T.);
#9960 = ORIENTED_EDGE('',*,*,#8714,.T.);
#9961 = ORIENTED_EDGE('',*,*,#9962,.F.);
#9962 = EDGE_CURVE('',#7472,#8707,#9963,.T.);
#9963 = LINE('',#9964,#9965);
#9964 = CARTESIAN_POINT('',(242.611387,-126.158546,0.));
#9965 = VECTOR('',#9966,1.);
#9966 = DIRECTION('',(0.,0.,1.));
#9967 = ORIENTED_EDGE('',*,*,#7479,.F.);
#9968 = CYLINDRICAL_SURFACE('',#9969,49.999987443182);
#9969 = AXIS2_PLACEMENT_3D('',#9970,#9971,#9972);
#9970 = CARTESIAN_POINT('',(200.00001355681,-99.99999868551,0.));
#9971 = DIRECTION('',(0.,0.,-1.));
#9972 = DIRECTION('',(0.852227702889,0.523171045098,0.));
#9973 = ADVANCED_FACE('',(#9974),#9985,.T.);
#9974 = FACE_BOUND('',#9975,.T.);
#9975 = EDGE_LOOP('',(#9976,#9982,#9983,#9984));
#9976 = ORIENTED_EDGE('',*,*,#9977,.T.);
#9977 = EDGE_CURVE('',#7407,#8642,#9978,.T.);
#9978 = LINE('',#9979,#9980);
#9979 = CARTESIAN_POINT('',(153.656786,-128.830271,0.));
#9980 = VECTOR('',#9981,1.);
#9981 = DIRECTION('',(0.,0.,1.));
#9982 = ORIENTED_EDGE('',*,*,#8641,.T.);
#9983 = ORIENTED_EDGE('',*,*,#9943,.F.);
#9984 = ORIENTED_EDGE('',*,*,#7406,.F.);
#9985 = PLANE('',#9986);
#9986 = AXIS2_PLACEMENT_3D('',#9987,#9988,#9989);
#9987 = CARTESIAN_POINT('',(153.656786,-128.830271,0.));
#9988 = DIRECTION('',(-0.582122866245,0.813100835441,0.));
#9989 = DIRECTION('',(0.813100835441,0.582122866245,0.));
#9990 = ADVANCED_FACE('',(#9991),#10002,.T.);
#9991 = FACE_BOUND('',#9992,.T.);
#9992 = EDGE_LOOP('',(#9993,#9994,#9995,#10001));
#9993 = ORIENTED_EDGE('',*,*,#9962,.T.);
#9994 = ORIENTED_EDGE('',*,*,#8706,.T.);
#9995 = ORIENTED_EDGE('',*,*,#9996,.F.);
#9996 = EDGE_CURVE('',#7464,#8699,#9997,.T.);
#9997 = LINE('',#9998,#9999);
#9998 = CARTESIAN_POINT('',(246.343214,-128.830271,0.));
#9999 = VECTOR('',#10000,1.);
#10000 = DIRECTION('',(0.,0.,1.));
#10001 = ORIENTED_EDGE('',*,*,#7471,.F.);
#10002 = PLANE('',#10003);
#10003 = AXIS2_PLACEMENT_3D('',#10004,#10005,#10006);
#10004 = CARTESIAN_POINT('',(242.611387,-126.158546,0.));
#10005 = DIRECTION('',(0.582122866245,0.813100835441,-0.));
#10006 = DIRECTION('',(0.813100835441,-0.582122866245,0.));
#10007 = ADVANCED_FACE('',(#10008),#10019,.T.);
#10008 = FACE_BOUND('',#10009,.T.);
#10009 = EDGE_LOOP('',(#10010,#10016,#10017,#10018));
#10010 = ORIENTED_EDGE('',*,*,#10011,.T.);
#10011 = EDGE_CURVE('',#7415,#8650,#10012,.T.);
#10012 = LINE('',#10013,#10014);
#10013 = CARTESIAN_POINT('',(152.840156,-133.763132,0.));
#10014 = VECTOR('',#10015,1.);
#10015 = DIRECTION('',(0.,0.,1.));
#10016 = ORIENTED_EDGE('',*,*,#8649,.T.);
#10017 = ORIENTED_EDGE('',*,*,#9977,.F.);
#10018 = ORIENTED_EDGE('',*,*,#7414,.F.);
#10019 = PLANE('',#10020);
#10020 = AXIS2_PLACEMENT_3D('',#10021,#10022,#10023);
#10021 = CARTESIAN_POINT('',(152.840156,-133.763132,0.));
#10022 = DIRECTION('',(-0.986572156547,0.163325992806,0.));
#10023 = DIRECTION('',(0.163325992806,0.986572156547,0.));
#10024 = ADVANCED_FACE('',(#10025),#10036,.T.);
#10025 = FACE_BOUND('',#10026,.T.);
#10026 = EDGE_LOOP('',(#10027,#10028,#10029,#10035));
#10027 = ORIENTED_EDGE('',*,*,#9996,.T.);
#10028 = ORIENTED_EDGE('',*,*,#8698,.T.);
#10029 = ORIENTED_EDGE('',*,*,#10030,.F.);
#10030 = EDGE_CURVE('',#7456,#8691,#10031,.T.);
#10031 = LINE('',#10032,#10033);
#10032 = CARTESIAN_POINT('',(247.159844,-133.763132,0.));
#10033 = VECTOR('',#10034,1.);
#10034 = DIRECTION('',(0.,0.,1.));
#10035 = ORIENTED_EDGE('',*,*,#7463,.F.);
#10036 = PLANE('',#10037);
#10037 = AXIS2_PLACEMENT_3D('',#10038,#10039,#10040);
#10038 = CARTESIAN_POINT('',(246.343214,-128.830271,0.));
#10039 = DIRECTION('',(0.986572156547,0.163325992806,-0.));
#10040 = DIRECTION('',(0.163325992806,-0.986572156547,0.));
#10041 = ADVANCED_FACE('',(#10042),#10053,.T.);
#10042 = FACE_BOUND('',#10043,.T.);
#10043 = EDGE_LOOP('',(#10044,#10050,#10051,#10052));
#10044 = ORIENTED_EDGE('',*,*,#10045,.T.);
#10045 = EDGE_CURVE('',#7423,#8658,#10046,.T.);
#10046 = LINE('',#10047,#10048);
#10047 = CARTESIAN_POINT('',(157.773017,-134.579762,0.));
#10048 = VECTOR('',#10049,1.);
#10049 = DIRECTION('',(0.,0.,1.));
#10050 = ORIENTED_EDGE('',*,*,#8657,.T.);
#10051 = ORIENTED_EDGE('',*,*,#10011,.F.);
#10052 = ORIENTED_EDGE('',*,*,#7422,.F.);
#10053 = PLANE('',#10054);
#10054 = AXIS2_PLACEMENT_3D('',#10055,#10056,#10057);
#10055 = CARTESIAN_POINT('',(157.773017,-134.579762,0.));
#10056 = DIRECTION('',(-0.163325992806,-0.986572156547,0.));
#10057 = DIRECTION('',(-0.986572156547,0.163325992806,0.));
#10058 = ADVANCED_FACE('',(#10059),#10070,.T.);
#10059 = FACE_BOUND('',#10060,.T.);
#10060 = EDGE_LOOP('',(#10061,#10062,#10063,#10069));
#10061 = ORIENTED_EDGE('',*,*,#10030,.T.);
#10062 = ORIENTED_EDGE('',*,*,#8690,.T.);
#10063 = ORIENTED_EDGE('',*,*,#10064,.F.);
#10064 = EDGE_CURVE('',#7448,#8683,#10065,.T.);
#10065 = LINE('',#10066,#10067);
#10066 = CARTESIAN_POINT('',(242.226983,-134.579762,0.));
#10067 = VECTOR('',#10068,1.);
#10068 = DIRECTION('',(0.,0.,1.));
#10069 = ORIENTED_EDGE('',*,*,#7455,.F.);
#10070 = PLANE('',#10071);
#10071 = AXIS2_PLACEMENT_3D('',#10072,#10073,#10074);
#10072 = CARTESIAN_POINT('',(247.159844,-133.763132,0.));
#10073 = DIRECTION('',(0.163325992806,-0.986572156547,0.));
#10074 = DIRECTION('',(-0.986572156547,-0.163325992806,0.));
#10075 = ADVANCED_FACE('',(#10076),#10087,.T.);
#10076 = FACE_BOUND('',#10077,.T.);
#10077 = EDGE_LOOP('',(#10078,#10084,#10085,#10086));
#10078 = ORIENTED_EDGE('',*,*,#10079,.T.);
#10079 = EDGE_CURVE('',#7431,#8666,#10080,.T.);
#10080 = LINE('',#10081,#10082);
#10081 = CARTESIAN_POINT('',(161.504845,-131.908035,0.));
#10082 = VECTOR('',#10083,1.);
#10083 = DIRECTION('',(0.,0.,1.));
#10084 = ORIENTED_EDGE('',*,*,#8665,.T.);
#10085 = ORIENTED_EDGE('',*,*,#10045,.F.);
#10086 = ORIENTED_EDGE('',*,*,#7430,.F.);
#10087 = PLANE('',#10088);
#10088 = AXIS2_PLACEMENT_3D('',#10089,#10090,#10091);
#10089 = CARTESIAN_POINT('',(161.504845,-131.908035,0.));
#10090 = DIRECTION('',(0.582123051214,-0.813100703016,0.));
#10091 = DIRECTION('',(-0.813100703016,-0.582123051214,0.));
#10092 = ADVANCED_FACE('',(#10093),#10104,.T.);
#10093 = FACE_BOUND('',#10094,.T.);
#10094 = EDGE_LOOP('',(#10095,#10096,#10097,#10103));
#10095 = ORIENTED_EDGE('',*,*,#10064,.T.);
#10096 = ORIENTED_EDGE('',*,*,#8682,.T.);
#10097 = ORIENTED_EDGE('',*,*,#10098,.F.);
#10098 = EDGE_CURVE('',#7439,#8674,#10099,.T.);
#10099 = LINE('',#10100,#10101);
#10100 = CARTESIAN_POINT('',(238.495156,-131.908036,0.));
#10101 = VECTOR('',#10102,1.);
#10102 = DIRECTION('',(0.,0.,1.));
#10103 = ORIENTED_EDGE('',*,*,#7447,.F.);
#10104 = PLANE('',#10105);
#10105 = AXIS2_PLACEMENT_3D('',#10106,#10107,#10108);
#10106 = CARTESIAN_POINT('',(242.226983,-134.579762,0.));
#10107 = DIRECTION('',(-0.582123010294,-0.813100732312,0.));
#10108 = DIRECTION('',(-0.813100732312,0.582123010294,0.));
#10109 = ADVANCED_FACE('',(#10110),#10116,.T.);
#10110 = FACE_BOUND('',#10111,.T.);
#10111 = EDGE_LOOP('',(#10112,#10113,#10114,#10115));
#10112 = ORIENTED_EDGE('',*,*,#10098,.T.);
#10113 = ORIENTED_EDGE('',*,*,#8673,.T.);
#10114 = ORIENTED_EDGE('',*,*,#10079,.F.);
#10115 = ORIENTED_EDGE('',*,*,#7438,.F.);
#10116 = CYLINDRICAL_SURFACE('',#10117,49.999992439694);
#10117 = AXIS2_PLACEMENT_3D('',#10118,#10119,#10120);
#10118 = CARTESIAN_POINT('',(200.00000091444,-100.0000075603,0.));
#10119 = DIRECTION('',(-0.,0.,-1.));
#10120 = DIRECTION('',(0.769903218125,-0.638160665288,-0.));
#10121 = ADVANCED_FACE('',(#10122),#10133,.F.);
#10122 = FACE_BOUND('',#10123,.T.);
#10123 = EDGE_LOOP('',(#10124,#10130,#10131,#10132));
#10124 = ORIENTED_EDGE('',*,*,#10125,.T.);
#10125 = EDGE_CURVE('',#7514,#8749,#10126,.T.);
#10126 = LINE('',#10127,#10128);
#10127 = CARTESIAN_POINT('',(158.32859,-130.968942,0.));
#10128 = VECTOR('',#10129,1.);
#10129 = DIRECTION('',(0.,0.,1.));
#10130 = ORIENTED_EDGE('',*,*,#8748,.T.);
#10131 = ORIENTED_EDGE('',*,*,#10125,.F.);
#10132 = ORIENTED_EDGE('',*,*,#7513,.F.);
#10133 = CYLINDRICAL_SURFACE('',#10134,1.58555);
#10134 = AXIS2_PLACEMENT_3D('',#10135,#10136,#10137);
#10135 = CARTESIAN_POINT('',(156.74304,-130.968942,0.));
#10136 = DIRECTION('',(-0.,-0.,-1.));
#10137 = DIRECTION('',(1.,0.,-0.));
#10138 = ADVANCED_FACE('',(#10139),#10150,.F.);
#10139 = FACE_BOUND('',#10140,.T.);
#10140 = EDGE_LOOP('',(#10141,#10142,#10148,#10149));
#10141 = ORIENTED_EDGE('',*,*,#7524,.T.);
#10142 = ORIENTED_EDGE('',*,*,#10143,.T.);
#10143 = EDGE_CURVE('',#7525,#8760,#10144,.T.);
#10144 = LINE('',#10145,#10146);
#10145 = CARTESIAN_POINT('',(167.912394,-132.537708,-4.5E-02));
#10146 = VECTOR('',#10147,1.);
#10147 = DIRECTION('',(0.,0.,1.));
#10148 = ORIENTED_EDGE('',*,*,#8759,.F.);
#10149 = ORIENTED_EDGE('',*,*,#10143,.F.);
#10150 = CYLINDRICAL_SURFACE('',#10151,0.45);
#10151 = AXIS2_PLACEMENT_3D('',#10152,#10153,#10154);
#10152 = CARTESIAN_POINT('',(167.912394,-132.087708,-4.5E-02));
#10153 = DIRECTION('',(-0.,-0.,-1.));
#10154 = DIRECTION('',(-0.,-1.,0.));
#10155 = ADVANCED_FACE('',(#10156),#10167,.F.);
#10156 = FACE_BOUND('',#10157,.T.);
#10157 = EDGE_LOOP('',(#10158,#10159,#10165,#10166));
#10158 = ORIENTED_EDGE('',*,*,#7535,.T.);
#10159 = ORIENTED_EDGE('',*,*,#10160,.T.);
#10160 = EDGE_CURVE('',#7536,#8771,#10161,.T.);
#10161 = LINE('',#10162,#10163);
#10162 = CARTESIAN_POINT('',(169.708445,-134.33376,-4.5E-02));
#10163 = VECTOR('',#10164,1.);
#10164 = DIRECTION('',(0.,0.,1.));
#10165 = ORIENTED_EDGE('',*,*,#8770,.F.);
#10166 = ORIENTED_EDGE('',*,*,#10160,.F.);
#10167 = CYLINDRICAL_SURFACE('',#10168,0.45);
#10168 = AXIS2_PLACEMENT_3D('',#10169,#10170,#10171);
#10169 = CARTESIAN_POINT('',(169.708445,-133.88376,-4.5E-02));
#10170 = DIRECTION('',(-0.,0.,-1.));
#10171 = DIRECTION('',(6.315935428978E-14,-1.,-0.));
#10172 = ADVANCED_FACE('',(#10173),#10184,.F.);
#10173 = FACE_BOUND('',#10174,.T.);
#10174 = EDGE_LOOP('',(#10175,#10176,#10182,#10183));
#10175 = ORIENTED_EDGE('',*,*,#7546,.T.);
#10176 = ORIENTED_EDGE('',*,*,#10177,.T.);
#10177 = EDGE_CURVE('',#7547,#8782,#10178,.T.);
#10178 = LINE('',#10179,#10180);
#10179 = CARTESIAN_POINT('',(166.116343,-130.741657,-4.5E-02));
#10180 = VECTOR('',#10181,1.);
#10181 = DIRECTION('',(0.,0.,1.));
#10182 = ORIENTED_EDGE('',*,*,#8781,.F.);
#10183 = ORIENTED_EDGE('',*,*,#10177,.F.);
#10184 = CYLINDRICAL_SURFACE('',#10185,0.45);
#10185 = AXIS2_PLACEMENT_3D('',#10186,#10187,#10188);
#10186 = CARTESIAN_POINT('',(166.116343,-130.291657,-4.5E-02));
#10187 = DIRECTION('',(-0.,-0.,-1.));
#10188 = DIRECTION('',(-0.,-1.,0.));
#10189 = ADVANCED_FACE('',(#10190),#10201,.F.);
#10190 = FACE_BOUND('',#10191,.T.);
#10191 = EDGE_LOOP('',(#10192,#10193,#10199,#10200));
#10192 = ORIENTED_EDGE('',*,*,#7557,.T.);
#10193 = ORIENTED_EDGE('',*,*,#10194,.T.);
#10194 = EDGE_CURVE('',#7558,#8793,#10195,.T.);
#10195 = LINE('',#10196,#10197);
#10196 = CARTESIAN_POINT('',(182.633939,-142.374561,-4.5E-02));
#10197 = VECTOR('',#10198,1.);
#10198 = DIRECTION('',(0.,0.,1.));
#10199 = ORIENTED_EDGE('',*,*,#8792,.F.);
#10200 = ORIENTED_EDGE('',*,*,#10194,.F.);
#10201 = CYLINDRICAL_SURFACE('',#10202,0.45);
#10202 = AXIS2_PLACEMENT_3D('',#10203,#10204,#10205);
#10203 = CARTESIAN_POINT('',(182.633939,-141.924561,-4.5E-02));
#10204 = DIRECTION('',(-0.,-0.,-1.));
#10205 = DIRECTION('',(-0.,-1.,0.));
#10206 = ADVANCED_FACE('',(#10207),#10218,.F.);
#10207 = FACE_BOUND('',#10208,.T.);
#10208 = EDGE_LOOP('',(#10209,#10210,#10216,#10217));
#10209 = ORIENTED_EDGE('',*,*,#7568,.T.);
#10210 = ORIENTED_EDGE('',*,*,#10211,.T.);
#10211 = EDGE_CURVE('',#7569,#8804,#10212,.T.);
#10212 = LINE('',#10213,#10214);
#10213 = CARTESIAN_POINT('',(180.287285,-141.402545,-4.5E-02));
#10214 = VECTOR('',#10215,1.);
#10215 = DIRECTION('',(0.,0.,1.));
#10216 = ORIENTED_EDGE('',*,*,#8803,.F.);
#10217 = ORIENTED_EDGE('',*,*,#10211,.F.);
#10218 = CYLINDRICAL_SURFACE('',#10219,0.45);
#10219 = AXIS2_PLACEMENT_3D('',#10220,#10221,#10222);
#10220 = CARTESIAN_POINT('',(180.287285,-140.952545,-4.5E-02));
#10221 = DIRECTION('',(-0.,-0.,-1.));
#10222 = DIRECTION('',(-0.,-1.,0.));
#10223 = ADVANCED_FACE('',(#10224),#10235,.F.);
#10224 = FACE_BOUND('',#10225,.T.);
#10225 = EDGE_LOOP('',(#10226,#10227,#10233,#10234));
#10226 = ORIENTED_EDGE('',*,*,#7579,.T.);
#10227 = ORIENTED_EDGE('',*,*,#10228,.T.);
#10228 = EDGE_CURVE('',#7580,#8815,#10229,.T.);
#10229 = LINE('',#10230,#10231);
#10230 = CARTESIAN_POINT('',(184.980592,-143.346577,-4.5E-02));
#10231 = VECTOR('',#10232,1.);
#10232 = DIRECTION('',(0.,0.,1.));
#10233 = ORIENTED_EDGE('',*,*,#8814,.F.);
#10234 = ORIENTED_EDGE('',*,*,#10228,.F.);
#10235 = CYLINDRICAL_SURFACE('',#10236,0.45);
#10236 = AXIS2_PLACEMENT_3D('',#10237,#10238,#10239);
#10237 = CARTESIAN_POINT('',(184.980592,-142.896577,-4.5E-02));
#10238 = DIRECTION('',(-0.,-0.,-1.));
#10239 = DIRECTION('',(-0.,-1.,0.));
#10240 = ADVANCED_FACE('',(#10241),#10252,.F.);
#10241 = FACE_BOUND('',#10242,.T.);
#10242 = EDGE_LOOP('',(#10243,#10244,#10250,#10251));
#10243 = ORIENTED_EDGE('',*,*,#7590,.T.);
#10244 = ORIENTED_EDGE('',*,*,#10245,.T.);
#10245 = EDGE_CURVE('',#7591,#8826,#10246,.T.);
#10246 = LINE('',#10247,#10248);
#10247 = CARTESIAN_POINT('',(197.46,-145.8288,-4.5E-02));
#10248 = VECTOR('',#10249,1.);
#10249 = DIRECTION('',(0.,0.,1.));
#10250 = ORIENTED_EDGE('',*,*,#8825,.F.);
#10251 = ORIENTED_EDGE('',*,*,#10245,.F.);
#10252 = CYLINDRICAL_SURFACE('',#10253,0.45);
#10253 = AXIS2_PLACEMENT_3D('',#10254,#10255,#10256);
#10254 = CARTESIAN_POINT('',(197.46,-145.3788,-4.5E-02));
#10255 = DIRECTION('',(-0.,0.,-1.));
#10256 = DIRECTION('',(6.315935428978E-14,-1.,-0.));
#10257 = ADVANCED_FACE('',(#10258),#10269,.F.);
#10258 = FACE_BOUND('',#10259,.T.);
#10259 = EDGE_LOOP('',(#10260,#10261,#10267,#10268));
#10260 = ORIENTED_EDGE('',*,*,#7601,.T.);
#10261 = ORIENTED_EDGE('',*,*,#10262,.T.);
#10262 = EDGE_CURVE('',#7602,#8837,#10263,.T.);
#10263 = LINE('',#10264,#10265);
#10264 = CARTESIAN_POINT('',(194.92,-134.365,-4.5E-02));
#10265 = VECTOR('',#10266,1.);
#10266 = DIRECTION('',(0.,0.,1.));
#10267 = ORIENTED_EDGE('',*,*,#8836,.F.);
#10268 = ORIENTED_EDGE('',*,*,#10262,.F.);
#10269 = CYLINDRICAL_SURFACE('',#10270,0.475);
#10270 = AXIS2_PLACEMENT_3D('',#10271,#10272,#10273);
#10271 = CARTESIAN_POINT('',(194.92,-133.89,-4.5E-02));
#10272 = DIRECTION('',(-0.,-0.,-1.));
#10273 = DIRECTION('',(-5.983517774822E-14,-1.,0.));
#10274 = ADVANCED_FACE('',(#10275),#10286,.F.);
#10275 = FACE_BOUND('',#10276,.T.);
#10276 = EDGE_LOOP('',(#10277,#10278,#10284,#10285));
#10277 = ORIENTED_EDGE('',*,*,#7612,.T.);
#10278 = ORIENTED_EDGE('',*,*,#10279,.T.);
#10279 = EDGE_CURVE('',#7613,#8848,#10280,.T.);
#10280 = LINE('',#10281,#10282);
#10281 = CARTESIAN_POINT('',(197.42,-134.365,-4.5E-02));
#10282 = VECTOR('',#10283,1.);
#10283 = DIRECTION('',(0.,0.,1.));
#10284 = ORIENTED_EDGE('',*,*,#8847,.F.);
#10285 = ORIENTED_EDGE('',*,*,#10279,.F.);
#10286 = CYLINDRICAL_SURFACE('',#10287,0.475);
#10287 = AXIS2_PLACEMENT_3D('',#10288,#10289,#10290);
#10288 = CARTESIAN_POINT('',(197.42,-133.89,-4.5E-02));
#10289 = DIRECTION('',(-0.,-0.,-1.));
#10290 = DIRECTION('',(-5.983517774822E-14,-1.,0.));
#10291 = ADVANCED_FACE('',(#10292),#10303,.F.);
#10292 = FACE_BOUND('',#10293,.T.);
#10293 = EDGE_LOOP('',(#10294,#10295,#10301,#10302));
#10294 = ORIENTED_EDGE('',*,*,#7623,.T.);
#10295 = ORIENTED_EDGE('',*,*,#10296,.T.);
#10296 = EDGE_CURVE('',#7624,#8859,#10297,.T.);
#10297 = LINE('',#10298,#10299);
#10298 = CARTESIAN_POINT('',(199.92,-134.365,-4.5E-02));
#10299 = VECTOR('',#10300,1.);
#10300 = DIRECTION('',(0.,0.,1.));
#10301 = ORIENTED_EDGE('',*,*,#8858,.F.);
#10302 = ORIENTED_EDGE('',*,*,#10296,.F.);
#10303 = CYLINDRICAL_SURFACE('',#10304,0.475);
#10304 = AXIS2_PLACEMENT_3D('',#10305,#10306,#10307);
#10305 = CARTESIAN_POINT('',(199.92,-133.89,-4.5E-02));
#10306 = DIRECTION('',(-0.,-0.,-1.));
#10307 = DIRECTION('',(-5.983517774822E-14,-1.,0.));
#10308 = ADVANCED_FACE('',(#10309),#10320,.F.);
#10309 = FACE_BOUND('',#10310,.T.);
#10310 = EDGE_LOOP('',(#10311,#10312,#10318,#10319));
#10311 = ORIENTED_EDGE('',*,*,#7634,.T.);
#10312 = ORIENTED_EDGE('',*,*,#10313,.T.);
#10313 = EDGE_CURVE('',#7635,#8870,#10314,.T.);
#10314 = LINE('',#10315,#10316);
#10315 = CARTESIAN_POINT('',(159.047487,-120.162022,-4.5E-02));
#10316 = VECTOR('',#10317,1.);
#10317 = DIRECTION('',(0.,0.,1.));
#10318 = ORIENTED_EDGE('',*,*,#8869,.F.);
#10319 = ORIENTED_EDGE('',*,*,#10313,.F.);
#10320 = CYLINDRICAL_SURFACE('',#10321,0.45);
#10321 = AXIS2_PLACEMENT_3D('',#10322,#10323,#10324);
#10322 = CARTESIAN_POINT('',(159.047487,-119.712022,-4.5E-02));
#10323 = DIRECTION('',(-0.,-0.,-1.));
#10324 = DIRECTION('',(-0.,-1.,0.));
#10325 = ADVANCED_FACE('',(#10326),#10337,.F.);
#10326 = FACE_BOUND('',#10327,.T.);
#10327 = EDGE_LOOP('',(#10328,#10329,#10335,#10336));
#10328 = ORIENTED_EDGE('',*,*,#7645,.T.);
#10329 = ORIENTED_EDGE('',*,*,#10330,.T.);
#10330 = EDGE_CURVE('',#7646,#8881,#10331,.T.);
#10331 = LINE('',#10332,#10333);
#10332 = CARTESIAN_POINT('',(158.075471,-117.815369,-4.5E-02));
#10333 = VECTOR('',#10334,1.);
#10334 = DIRECTION('',(0.,0.,1.));
#10335 = ORIENTED_EDGE('',*,*,#8880,.F.);
#10336 = ORIENTED_EDGE('',*,*,#10330,.F.);
#10337 = CYLINDRICAL_SURFACE('',#10338,0.45);
#10338 = AXIS2_PLACEMENT_3D('',#10339,#10340,#10341);
#10339 = CARTESIAN_POINT('',(158.075471,-117.365369,-4.5E-02));
#10340 = DIRECTION('',(-0.,-0.,-1.));
#10341 = DIRECTION('',(-0.,-1.,0.));
#10342 = ADVANCED_FACE('',(#10343),#10354,.F.);
#10343 = FACE_BOUND('',#10344,.T.);
#10344 = EDGE_LOOP('',(#10345,#10346,#10352,#10353));
#10345 = ORIENTED_EDGE('',*,*,#7656,.T.);
#10346 = ORIENTED_EDGE('',*,*,#10347,.T.);
#10347 = EDGE_CURVE('',#7657,#8892,#10348,.T.);
#10348 = LINE('',#10349,#10350);
#10349 = CARTESIAN_POINT('',(157.103455,-115.468715,-4.5E-02));
#10350 = VECTOR('',#10351,1.);
#10351 = DIRECTION('',(0.,0.,1.));
#10352 = ORIENTED_EDGE('',*,*,#8891,.F.);
#10353 = ORIENTED_EDGE('',*,*,#10347,.F.);
#10354 = CYLINDRICAL_SURFACE('',#10355,0.45);
#10355 = AXIS2_PLACEMENT_3D('',#10356,#10357,#10358);
#10356 = CARTESIAN_POINT('',(157.103455,-115.018715,-4.5E-02));
#10357 = DIRECTION('',(-0.,-0.,-1.));
#10358 = DIRECTION('',(-0.,-1.,0.));
#10359 = ADVANCED_FACE('',(#10360),#10376,.F.);
#10360 = FACE_BOUND('',#10361,.T.);
#10361 = EDGE_LOOP('',(#10362,#10368,#10369,#10375));
#10362 = ORIENTED_EDGE('',*,*,#10363,.T.);
#10363 = EDGE_CURVE('',#7668,#8903,#10364,.T.);
#10364 = LINE('',#10365,#10366);
#10365 = CARTESIAN_POINT('',(160.112661,-103.,0.));
#10366 = VECTOR('',#10367,1.);
#10367 = DIRECTION('',(0.,0.,1.));
#10368 = ORIENTED_EDGE('',*,*,#8902,.T.);
#10369 = ORIENTED_EDGE('',*,*,#10370,.F.);
#10370 = EDGE_CURVE('',#7670,#8905,#10371,.T.);
#10371 = LINE('',#10372,#10373);
#10372 = CARTESIAN_POINT('',(185.,-137.08099,0.));
#10373 = VECTOR('',#10374,1.);
#10374 = DIRECTION('',(0.,0.,1.));
#10375 = ORIENTED_EDGE('',*,*,#7667,.F.);
#10376 = CYLINDRICAL_SURFACE('',#10377,39.999987980954);
#10377 = AXIS2_PLACEMENT_3D('',#10378,#10379,#10380);
#10378 = CARTESIAN_POINT('',(199.99999080971,-100.000006812,0.));
#10379 = DIRECTION('',(-0.,-0.,-1.));
#10380 = DIRECTION('',(-0.997183544873,-7.499985223442E-02,0.));
#10381 = ADVANCED_FACE('',(#10382),#10393,.T.);
#10382 = FACE_BOUND('',#10383,.T.);
#10383 = EDGE_LOOP('',(#10384,#10390,#10391,#10392));
#10384 = ORIENTED_EDGE('',*,*,#10385,.T.);
#10385 = EDGE_CURVE('',#7679,#8914,#10386,.T.);
#10386 = LINE('',#10387,#10388);
#10387 = CARTESIAN_POINT('',(185.,-103.,0.));
#10388 = VECTOR('',#10389,1.);
#10389 = DIRECTION('',(0.,0.,1.));
#10390 = ORIENTED_EDGE('',*,*,#8913,.T.);
#10391 = ORIENTED_EDGE('',*,*,#10363,.F.);
#10392 = ORIENTED_EDGE('',*,*,#7678,.F.);
#10393 = PLANE('',#10394);
#10394 = AXIS2_PLACEMENT_3D('',#10395,#10396,#10397);
#10395 = CARTESIAN_POINT('',(185.,-103.,0.));
#10396 = DIRECTION('',(0.,-1.,0.));
#10397 = DIRECTION('',(-1.,0.,0.));
#10398 = ADVANCED_FACE('',(#10399),#10405,.T.);
#10399 = FACE_BOUND('',#10400,.T.);
#10400 = EDGE_LOOP('',(#10401,#10402,#10403,#10404));
#10401 = ORIENTED_EDGE('',*,*,#10370,.T.);
#10402 = ORIENTED_EDGE('',*,*,#8921,.T.);
#10403 = ORIENTED_EDGE('',*,*,#10385,.F.);
#10404 = ORIENTED_EDGE('',*,*,#7686,.F.);
#10405 = PLANE('',#10406);
#10406 = AXIS2_PLACEMENT_3D('',#10407,#10408,#10409);
#10407 = CARTESIAN_POINT('',(185.,-137.08099,0.));
#10408 = DIRECTION('',(-1.,0.,0.));
#10409 = DIRECTION('',(0.,1.,0.));
#10410 = ADVANCED_FACE('',(#10411),#10422,.F.);
#10411 = FACE_BOUND('',#10412,.T.);
#10412 = EDGE_LOOP('',(#10413,#10414,#10420,#10421));
#10413 = ORIENTED_EDGE('',*,*,#7694,.T.);
#10414 = ORIENTED_EDGE('',*,*,#10415,.T.);
#10415 = EDGE_CURVE('',#7695,#8930,#10416,.T.);
#10416 = LINE('',#10417,#10418);
#10417 = CARTESIAN_POINT('',(154.6212,-102.99,-4.5E-02));
#10418 = VECTOR('',#10419,1.);
#10419 = DIRECTION('',(0.,0.,1.));
#10420 = ORIENTED_EDGE('',*,*,#8929,.F.);
#10421 = ORIENTED_EDGE('',*,*,#10415,.F.);
#10422 = CYLINDRICAL_SURFACE('',#10423,0.45);
#10423 = AXIS2_PLACEMENT_3D('',#10424,#10425,#10426);
#10424 = CARTESIAN_POINT('',(154.6212,-102.54,-4.5E-02));
#10425 = DIRECTION('',(-0.,-0.,-1.));
#10426 = DIRECTION('',(-0.,-1.,0.));
#10427 = ADVANCED_FACE('',(#10428),#10439,.F.);
#10428 = FACE_BOUND('',#10429,.T.);
#10429 = EDGE_LOOP('',(#10430,#10436,#10437,#10438));
#10430 = ORIENTED_EDGE('',*,*,#10431,.T.);
#10431 = EDGE_CURVE('',#7706,#8941,#10432,.T.);
#10432 = LINE('',#10433,#10434);
#10433 = CARTESIAN_POINT('',(166.58555,-100.,0.));
#10434 = VECTOR('',#10435,1.);
#10435 = DIRECTION('',(0.,0.,1.));
#10436 = ORIENTED_EDGE('',*,*,#8940,.T.);
#10437 = ORIENTED_EDGE('',*,*,#10431,.F.);
#10438 = ORIENTED_EDGE('',*,*,#7705,.F.);
#10439 = CYLINDRICAL_SURFACE('',#10440,1.58555);
#10440 = AXIS2_PLACEMENT_3D('',#10441,#10442,#10443);
#10441 = CARTESIAN_POINT('',(165.,-100.,0.));
#10442 = DIRECTION('',(-0.,-0.,-1.));
#10443 = DIRECTION('',(1.,0.,-0.));
#10444 = ADVANCED_FACE('',(#10445),#10456,.F.);
#10445 = FACE_BOUND('',#10446,.T.);
#10446 = EDGE_LOOP('',(#10447,#10448,#10454,#10455));
#10447 = ORIENTED_EDGE('',*,*,#7716,.T.);
#10448 = ORIENTED_EDGE('',*,*,#10449,.T.);
#10449 = EDGE_CURVE('',#7717,#8952,#10450,.T.);
#10450 = LINE('',#10451,#10452);
#10451 = CARTESIAN_POINT('',(192.38,-118.28,-4.5E-02));
#10452 = VECTOR('',#10453,1.);
#10453 = DIRECTION('',(0.,0.,1.));
#10454 = ORIENTED_EDGE('',*,*,#8951,.F.);
#10455 = ORIENTED_EDGE('',*,*,#10449,.F.);
#10456 = CYLINDRICAL_SURFACE('',#10457,0.5);
#10457 = AXIS2_PLACEMENT_3D('',#10458,#10459,#10460);
#10458 = CARTESIAN_POINT('',(192.38,-117.78,-4.5E-02));
#10459 = DIRECTION('',(-0.,-0.,-1.));
#10460 = DIRECTION('',(-0.,-1.,0.));
#10461 = ADVANCED_FACE('',(#10462),#10473,.F.);
#10462 = FACE_BOUND('',#10463,.T.);
#10463 = EDGE_LOOP('',(#10464,#10465,#10471,#10472));
#10464 = ORIENTED_EDGE('',*,*,#7727,.T.);
#10465 = ORIENTED_EDGE('',*,*,#10466,.T.);
#10466 = EDGE_CURVE('',#7728,#8963,#10467,.T.);
#10467 = LINE('',#10468,#10469);
#10468 = CARTESIAN_POINT('',(192.38,-115.74,-4.5E-02));
#10469 = VECTOR('',#10470,1.);
#10470 = DIRECTION('',(0.,0.,1.));
#10471 = ORIENTED_EDGE('',*,*,#8962,.F.);
#10472 = ORIENTED_EDGE('',*,*,#10466,.F.);
#10473 = CYLINDRICAL_SURFACE('',#10474,0.5);
#10474 = AXIS2_PLACEMENT_3D('',#10475,#10476,#10477);
#10475 = CARTESIAN_POINT('',(192.38,-115.24,-4.5E-02));
#10476 = DIRECTION('',(-0.,-0.,-1.));
#10477 = DIRECTION('',(-0.,-1.,0.));
#10478 = ADVANCED_FACE('',(#10479),#10490,.F.);
#10479 = FACE_BOUND('',#10480,.T.);
#10480 = EDGE_LOOP('',(#10481,#10482,#10488,#10489));
#10481 = ORIENTED_EDGE('',*,*,#7738,.T.);
#10482 = ORIENTED_EDGE('',*,*,#10483,.T.);
#10483 = EDGE_CURVE('',#7739,#8974,#10484,.T.);
#10484 = LINE('',#10485,#10486);
#10485 = CARTESIAN_POINT('',(192.38,-113.2,-4.5E-02));
#10486 = VECTOR('',#10487,1.);
#10487 = DIRECTION('',(0.,0.,1.));
#10488 = ORIENTED_EDGE('',*,*,#8973,.F.);
#10489 = ORIENTED_EDGE('',*,*,#10483,.F.);
#10490 = CYLINDRICAL_SURFACE('',#10491,0.5);
#10491 = AXIS2_PLACEMENT_3D('',#10492,#10493,#10494);
#10492 = CARTESIAN_POINT('',(192.38,-112.7,-4.5E-02));
#10493 = DIRECTION('',(-0.,-0.,-1.));
#10494 = DIRECTION('',(-0.,-1.,0.));
#10495 = ADVANCED_FACE('',(#10496),#10507,.F.);
#10496 = FACE_BOUND('',#10497,.T.);
#10497 = EDGE_LOOP('',(#10498,#10499,#10505,#10506));
#10498 = ORIENTED_EDGE('',*,*,#7749,.T.);
#10499 = ORIENTED_EDGE('',*,*,#10500,.T.);
#10500 = EDGE_CURVE('',#7750,#8985,#10501,.T.);
#10501 = LINE('',#10502,#10503);
#10502 = CARTESIAN_POINT('',(192.38,-110.66,-4.5E-02));
#10503 = VECTOR('',#10504,1.);
#10504 = DIRECTION('',(0.,0.,1.));
#10505 = ORIENTED_EDGE('',*,*,#8984,.F.);
#10506 = ORIENTED_EDGE('',*,*,#10500,.F.);
#10507 = CYLINDRICAL_SURFACE('',#10508,0.5);
#10508 = AXIS2_PLACEMENT_3D('',#10509,#10510,#10511);
#10509 = CARTESIAN_POINT('',(192.38,-110.16,-4.5E-02));
#10510 = DIRECTION('',(-0.,-0.,-1.));
#10511 = DIRECTION('',(-0.,-1.,0.));
#10512 = ADVANCED_FACE('',(#10513),#10524,.F.);
#10513 = FACE_BOUND('',#10514,.T.);
#10514 = EDGE_LOOP('',(#10515,#10516,#10522,#10523));
#10515 = ORIENTED_EDGE('',*,*,#7760,.T.);
#10516 = ORIENTED_EDGE('',*,*,#10517,.T.);
#10517 = EDGE_CURVE('',#7761,#8996,#10518,.T.);
#10518 = LINE('',#10519,#10520);
#10519 = CARTESIAN_POINT('',(192.38,-108.12,-4.5E-02));
#10520 = VECTOR('',#10521,1.);
#10521 = DIRECTION('',(0.,0.,1.));
#10522 = ORIENTED_EDGE('',*,*,#8995,.F.);
#10523 = ORIENTED_EDGE('',*,*,#10517,.F.);
#10524 = CYLINDRICAL_SURFACE('',#10525,0.5);
#10525 = AXIS2_PLACEMENT_3D('',#10526,#10527,#10528);
#10526 = CARTESIAN_POINT('',(192.38,-107.62,-4.5E-02));
#10527 = DIRECTION('',(-0.,-0.,-1.));
#10528 = DIRECTION('',(-0.,-1.,0.));
#10529 = ADVANCED_FACE('',(#10530),#10541,.F.);
#10530 = FACE_BOUND('',#10531,.T.);
#10531 = EDGE_LOOP('',(#10532,#10533,#10539,#10540));
#10532 = ORIENTED_EDGE('',*,*,#7771,.T.);
#10533 = ORIENTED_EDGE('',*,*,#10534,.T.);
#10534 = EDGE_CURVE('',#7772,#9007,#10535,.T.);
#10535 = LINE('',#10536,#10537);
#10536 = CARTESIAN_POINT('',(192.38,-105.58,-4.5E-02));
#10537 = VECTOR('',#10538,1.);
#10538 = DIRECTION('',(0.,0.,1.));
#10539 = ORIENTED_EDGE('',*,*,#9006,.F.);
#10540 = ORIENTED_EDGE('',*,*,#10534,.F.);
#10541 = CYLINDRICAL_SURFACE('',#10542,0.5);
#10542 = AXIS2_PLACEMENT_3D('',#10543,#10544,#10545);
#10543 = CARTESIAN_POINT('',(192.38,-105.08,-4.5E-02));
#10544 = DIRECTION('',(-0.,-0.,-1.));
#10545 = DIRECTION('',(-0.,-1.,0.));
#10546 = ADVANCED_FACE('',(#10547),#10558,.F.);
#10547 = FACE_BOUND('',#10548,.T.);
#10548 = EDGE_LOOP('',(#10549,#10550,#10556,#10557));
#10549 = ORIENTED_EDGE('',*,*,#7782,.T.);
#10550 = ORIENTED_EDGE('',*,*,#10551,.T.);
#10551 = EDGE_CURVE('',#7783,#9018,#10552,.T.);
#10552 = LINE('',#10553,#10554);
#10553 = CARTESIAN_POINT('',(192.38,-103.04,-4.5E-02));
#10554 = VECTOR('',#10555,1.);
#10555 = DIRECTION('',(0.,0.,1.));
#10556 = ORIENTED_EDGE('',*,*,#9017,.F.);
#10557 = ORIENTED_EDGE('',*,*,#10551,.F.);
#10558 = CYLINDRICAL_SURFACE('',#10559,0.5);
#10559 = AXIS2_PLACEMENT_3D('',#10560,#10561,#10562);
#10560 = CARTESIAN_POINT('',(192.38,-102.54,-4.5E-02));
#10561 = DIRECTION('',(-0.,-0.,-1.));
#10562 = DIRECTION('',(-0.,-1.,0.));
#10563 = ADVANCED_FACE('',(#10564),#10575,.F.);
#10564 = FACE_BOUND('',#10565,.T.);
#10565 = EDGE_LOOP('',(#10566,#10567,#10573,#10574));
#10566 = ORIENTED_EDGE('',*,*,#7793,.T.);
#10567 = ORIENTED_EDGE('',*,*,#10568,.T.);
#10568 = EDGE_CURVE('',#7794,#9029,#10569,.T.);
#10569 = LINE('',#10570,#10571);
#10570 = CARTESIAN_POINT('',(192.38,-100.5,-4.5E-02));
#10571 = VECTOR('',#10572,1.);
#10572 = DIRECTION('',(0.,0.,1.));
#10573 = ORIENTED_EDGE('',*,*,#9028,.F.);
#10574 = ORIENTED_EDGE('',*,*,#10568,.F.);
#10575 = CYLINDRICAL_SURFACE('',#10576,0.5);
#10576 = AXIS2_PLACEMENT_3D('',#10577,#10578,#10579);
#10577 = CARTESIAN_POINT('',(192.38,-100.,-4.5E-02));
#10578 = DIRECTION('',(-0.,-0.,-1.));
#10579 = DIRECTION('',(-0.,-1.,0.));
#10580 = ADVANCED_FACE('',(#10581),#10592,.F.);
#10581 = FACE_BOUND('',#10582,.T.);
#10582 = EDGE_LOOP('',(#10583,#10584,#10590,#10591));
#10583 = ORIENTED_EDGE('',*,*,#7804,.T.);
#10584 = ORIENTED_EDGE('',*,*,#10585,.T.);
#10585 = EDGE_CURVE('',#7805,#9040,#10586,.T.);
#10586 = LINE('',#10587,#10588);
#10587 = CARTESIAN_POINT('',(200.,-145.8288,-4.5E-02));
#10588 = VECTOR('',#10589,1.);
#10589 = DIRECTION('',(0.,0.,1.));
#10590 = ORIENTED_EDGE('',*,*,#9039,.F.);
#10591 = ORIENTED_EDGE('',*,*,#10585,.F.);
#10592 = CYLINDRICAL_SURFACE('',#10593,0.45);
#10593 = AXIS2_PLACEMENT_3D('',#10594,#10595,#10596);
#10594 = CARTESIAN_POINT('',(200.,-145.3788,-4.5E-02));
#10595 = DIRECTION('',(-0.,-0.,-1.));
#10596 = DIRECTION('',(-0.,-1.,0.));
#10597 = ADVANCED_FACE('',(#10598),#10609,.F.);
#10598 = FACE_BOUND('',#10599,.T.);
#10599 = EDGE_LOOP('',(#10600,#10601,#10607,#10608));
#10600 = ORIENTED_EDGE('',*,*,#7815,.T.);
#10601 = ORIENTED_EDGE('',*,*,#10602,.T.);
#10602 = EDGE_CURVE('',#7816,#9051,#10603,.T.);
#10603 = LINE('',#10604,#10605);
#10604 = CARTESIAN_POINT('',(202.54,-145.8288,-4.5E-02));
#10605 = VECTOR('',#10606,1.);
#10606 = DIRECTION('',(0.,0.,1.));
#10607 = ORIENTED_EDGE('',*,*,#9050,.F.);
#10608 = ORIENTED_EDGE('',*,*,#10602,.F.);
#10609 = CYLINDRICAL_SURFACE('',#10610,0.45);
#10610 = AXIS2_PLACEMENT_3D('',#10611,#10612,#10613);
#10611 = CARTESIAN_POINT('',(202.54,-145.3788,-4.5E-02));
#10612 = DIRECTION('',(-0.,-0.,-1.));
#10613 = DIRECTION('',(-6.315935428979E-14,-1.,0.));
#10614 = ADVANCED_FACE('',(#10615),#10626,.F.);
#10615 = FACE_BOUND('',#10616,.T.);
#10616 = EDGE_LOOP('',(#10617,#10618,#10624,#10625));
#10617 = ORIENTED_EDGE('',*,*,#7826,.T.);
#10618 = ORIENTED_EDGE('',*,*,#10619,.T.);
#10619 = EDGE_CURVE('',#7827,#9062,#10620,.T.);
#10620 = LINE('',#10621,#10622);
#10621 = CARTESIAN_POINT('',(215.018715,-143.346545,-4.5E-02));
#10622 = VECTOR('',#10623,1.);
#10623 = DIRECTION('',(0.,0.,1.));
#10624 = ORIENTED_EDGE('',*,*,#9061,.F.);
#10625 = ORIENTED_EDGE('',*,*,#10619,.F.);
#10626 = CYLINDRICAL_SURFACE('',#10627,0.45);
#10627 = AXIS2_PLACEMENT_3D('',#10628,#10629,#10630);
#10628 = CARTESIAN_POINT('',(215.018715,-142.896545,-4.5E-02));
#10629 = DIRECTION('',(-0.,-0.,-1.));
#10630 = DIRECTION('',(-0.,-1.,0.));
#10631 = ADVANCED_FACE('',(#10632),#10643,.F.);
#10632 = FACE_BOUND('',#10633,.T.);
#10633 = EDGE_LOOP('',(#10634,#10635,#10641,#10642));
#10634 = ORIENTED_EDGE('',*,*,#7837,.T.);
#10635 = ORIENTED_EDGE('',*,*,#10636,.T.);
#10636 = EDGE_CURVE('',#7838,#9073,#10637,.T.);
#10637 = LINE('',#10638,#10639);
#10638 = CARTESIAN_POINT('',(217.365369,-142.374529,-4.5E-02));
#10639 = VECTOR('',#10640,1.);
#10640 = DIRECTION('',(0.,0.,1.));
#10641 = ORIENTED_EDGE('',*,*,#9072,.F.);
#10642 = ORIENTED_EDGE('',*,*,#10636,.F.);
#10643 = CYLINDRICAL_SURFACE('',#10644,0.45);
#10644 = AXIS2_PLACEMENT_3D('',#10645,#10646,#10647);
#10645 = CARTESIAN_POINT('',(217.365369,-141.924529,-4.5E-02));
#10646 = DIRECTION('',(-0.,-0.,-1.));
#10647 = DIRECTION('',(-0.,-1.,0.));
#10648 = ADVANCED_FACE('',(#10649),#10660,.F.);
#10649 = FACE_BOUND('',#10650,.T.);
#10650 = EDGE_LOOP('',(#10651,#10652,#10658,#10659));
#10651 = ORIENTED_EDGE('',*,*,#7848,.T.);
#10652 = ORIENTED_EDGE('',*,*,#10653,.T.);
#10653 = EDGE_CURVE('',#7849,#9084,#10654,.T.);
#10654 = LINE('',#10655,#10656);
#10655 = CARTESIAN_POINT('',(219.712023,-141.402512,-4.5E-02));
#10656 = VECTOR('',#10657,1.);
#10657 = DIRECTION('',(0.,0.,1.));
#10658 = ORIENTED_EDGE('',*,*,#9083,.F.);
#10659 = ORIENTED_EDGE('',*,*,#10653,.F.);
#10660 = CYLINDRICAL_SURFACE('',#10661,0.45);
#10661 = AXIS2_PLACEMENT_3D('',#10662,#10663,#10664);
#10662 = CARTESIAN_POINT('',(219.712023,-140.952512,-4.5E-02));
#10663 = DIRECTION('',(-0.,-0.,-1.));
#10664 = DIRECTION('',(-0.,-1.,0.));
#10665 = ADVANCED_FACE('',(#10666),#10677,.F.);
#10666 = FACE_BOUND('',#10667,.T.);
#10667 = EDGE_LOOP('',(#10668,#10669,#10675,#10676));
#10668 = ORIENTED_EDGE('',*,*,#7859,.T.);
#10669 = ORIENTED_EDGE('',*,*,#10670,.T.);
#10670 = EDGE_CURVE('',#7860,#9095,#10671,.T.);
#10671 = LINE('',#10672,#10673);
#10672 = CARTESIAN_POINT('',(202.42,-134.365,-4.5E-02));
#10673 = VECTOR('',#10674,1.);
#10674 = DIRECTION('',(0.,0.,1.));
#10675 = ORIENTED_EDGE('',*,*,#9094,.F.);
#10676 = ORIENTED_EDGE('',*,*,#10670,.F.);
#10677 = CYLINDRICAL_SURFACE('',#10678,0.475);
#10678 = AXIS2_PLACEMENT_3D('',#10679,#10680,#10681);
#10679 = CARTESIAN_POINT('',(202.42,-133.89,-4.5E-02));
#10680 = DIRECTION('',(-0.,-0.,-1.));
#10681 = DIRECTION('',(-5.983517774822E-14,-1.,0.));
#10682 = ADVANCED_FACE('',(#10683),#10694,.F.);
#10683 = FACE_BOUND('',#10684,.T.);
#10684 = EDGE_LOOP('',(#10685,#10686,#10692,#10693));
#10685 = ORIENTED_EDGE('',*,*,#7870,.T.);
#10686 = ORIENTED_EDGE('',*,*,#10687,.T.);
#10687 = EDGE_CURVE('',#7871,#9106,#10688,.T.);
#10688 = LINE('',#10689,#10690);
#10689 = CARTESIAN_POINT('',(204.92,-134.365,-4.5E-02));
#10690 = VECTOR('',#10691,1.);
#10691 = DIRECTION('',(0.,0.,1.));
#10692 = ORIENTED_EDGE('',*,*,#9105,.F.);
#10693 = ORIENTED_EDGE('',*,*,#10687,.F.);
#10694 = CYLINDRICAL_SURFACE('',#10695,0.475);
#10695 = AXIS2_PLACEMENT_3D('',#10696,#10697,#10698);
#10696 = CARTESIAN_POINT('',(204.92,-133.89,-4.5E-02));
#10697 = DIRECTION('',(-0.,-0.,-1.));
#10698 = DIRECTION('',(-5.983517774822E-14,-1.,0.));
#10699 = ADVANCED_FACE('',(#10700),#10711,.F.);
#10700 = FACE_BOUND('',#10701,.T.);
#10701 = EDGE_LOOP('',(#10702,#10703,#10709,#10710));
#10702 = ORIENTED_EDGE('',*,*,#7881,.T.);
#10703 = ORIENTED_EDGE('',*,*,#10704,.T.);
#10704 = EDGE_CURVE('',#7882,#9117,#10705,.T.);
#10705 = LINE('',#10706,#10707);
#10706 = CARTESIAN_POINT('',(230.291657,-134.333657,-4.5E-02));
#10707 = VECTOR('',#10708,1.);
#10708 = DIRECTION('',(0.,0.,1.));
#10709 = ORIENTED_EDGE('',*,*,#9116,.F.);
#10710 = ORIENTED_EDGE('',*,*,#10704,.F.);
#10711 = CYLINDRICAL_SURFACE('',#10712,0.45);
#10712 = AXIS2_PLACEMENT_3D('',#10713,#10714,#10715);
#10713 = CARTESIAN_POINT('',(230.291657,-133.883657,-4.5E-02));
#10714 = DIRECTION('',(-0.,-0.,-1.));
#10715 = DIRECTION('',(-0.,-1.,0.));
#10716 = ADVANCED_FACE('',(#10717),#10728,.F.);
#10717 = FACE_BOUND('',#10718,.T.);
#10718 = EDGE_LOOP('',(#10719,#10720,#10726,#10727));
#10719 = ORIENTED_EDGE('',*,*,#7892,.T.);
#10720 = ORIENTED_EDGE('',*,*,#10721,.T.);
#10721 = EDGE_CURVE('',#7893,#9128,#10722,.T.);
#10722 = LINE('',#10723,#10724);
#10723 = CARTESIAN_POINT('',(232.087708,-132.537606,-4.5E-02));
#10724 = VECTOR('',#10725,1.);
#10725 = DIRECTION('',(0.,0.,1.));
#10726 = ORIENTED_EDGE('',*,*,#9127,.F.);
#10727 = ORIENTED_EDGE('',*,*,#10721,.F.);
#10728 = CYLINDRICAL_SURFACE('',#10729,0.45);
#10729 = AXIS2_PLACEMENT_3D('',#10730,#10731,#10732);
#10730 = CARTESIAN_POINT('',(232.087708,-132.087606,-4.5E-02));
#10731 = DIRECTION('',(-0.,-0.,-1.));
#10732 = DIRECTION('',(-6.315935428979E-14,-1.,0.));
#10733 = ADVANCED_FACE('',(#10734),#10745,.F.);
#10734 = FACE_BOUND('',#10735,.T.);
#10735 = EDGE_LOOP('',(#10736,#10737,#10743,#10744));
#10736 = ORIENTED_EDGE('',*,*,#7903,.T.);
#10737 = ORIENTED_EDGE('',*,*,#10738,.T.);
#10738 = EDGE_CURVE('',#7904,#9139,#10739,.T.);
#10739 = LINE('',#10740,#10741);
#10740 = CARTESIAN_POINT('',(233.883759,-130.741554,-4.5E-02));
#10741 = VECTOR('',#10742,1.);
#10742 = DIRECTION('',(0.,0.,1.));
#10743 = ORIENTED_EDGE('',*,*,#9138,.F.);
#10744 = ORIENTED_EDGE('',*,*,#10738,.F.);
#10745 = CYLINDRICAL_SURFACE('',#10746,0.45);
#10746 = AXIS2_PLACEMENT_3D('',#10747,#10748,#10749);
#10747 = CARTESIAN_POINT('',(233.883759,-130.291554,-4.5E-02));
#10748 = DIRECTION('',(-0.,-0.,-1.));
#10749 = DIRECTION('',(-0.,-1.,0.));
#10750 = ADVANCED_FACE('',(#10751),#10762,.F.);
#10751 = FACE_BOUND('',#10752,.T.);
#10752 = EDGE_LOOP('',(#10753,#10759,#10760,#10761));
#10753 = ORIENTED_EDGE('',*,*,#10754,.T.);
#10754 = EDGE_CURVE('',#7915,#9150,#10755,.T.);
#10755 = LINE('',#10756,#10757);
#10756 = CARTESIAN_POINT('',(244.84251,-130.968942,0.));
#10757 = VECTOR('',#10758,1.);
#10758 = DIRECTION('',(0.,0.,1.));
#10759 = ORIENTED_EDGE('',*,*,#9149,.T.);
#10760 = ORIENTED_EDGE('',*,*,#10754,.F.);
#10761 = ORIENTED_EDGE('',*,*,#7914,.F.);
#10762 = CYLINDRICAL_SURFACE('',#10763,1.58555);
#10763 = AXIS2_PLACEMENT_3D('',#10764,#10765,#10766);
#10764 = CARTESIAN_POINT('',(243.25696,-130.968942,0.));
#10765 = DIRECTION('',(-0.,-0.,-1.));
#10766 = DIRECTION('',(1.,0.,-0.));
#10767 = ADVANCED_FACE('',(#10768),#10779,.F.);
#10768 = FACE_BOUND('',#10769,.T.);
#10769 = EDGE_LOOP('',(#10770,#10771,#10777,#10778));
#10770 = ORIENTED_EDGE('',*,*,#7925,.T.);
#10771 = ORIENTED_EDGE('',*,*,#10772,.T.);
#10772 = EDGE_CURVE('',#7926,#9161,#10773,.T.);
#10773 = LINE('',#10774,#10775);
#10774 = CARTESIAN_POINT('',(207.62,-118.28,-4.5E-02));
#10775 = VECTOR('',#10776,1.);
#10776 = DIRECTION('',(0.,0.,1.));
#10777 = ORIENTED_EDGE('',*,*,#9160,.F.);
#10778 = ORIENTED_EDGE('',*,*,#10772,.F.);
#10779 = CYLINDRICAL_SURFACE('',#10780,0.5);
#10780 = AXIS2_PLACEMENT_3D('',#10781,#10782,#10783);
#10781 = CARTESIAN_POINT('',(207.62,-117.78,-4.5E-02));
#10782 = DIRECTION('',(-0.,-0.,-1.));
#10783 = DIRECTION('',(-0.,-1.,0.));
#10784 = ADVANCED_FACE('',(#10785),#10796,.F.);
#10785 = FACE_BOUND('',#10786,.T.);
#10786 = EDGE_LOOP('',(#10787,#10788,#10794,#10795));
#10787 = ORIENTED_EDGE('',*,*,#7936,.T.);
#10788 = ORIENTED_EDGE('',*,*,#10789,.T.);
#10789 = EDGE_CURVE('',#7937,#9172,#10790,.T.);
#10790 = LINE('',#10791,#10792);
#10791 = CARTESIAN_POINT('',(207.62,-115.74,-4.5E-02));
#10792 = VECTOR('',#10793,1.);
#10793 = DIRECTION('',(0.,0.,1.));
#10794 = ORIENTED_EDGE('',*,*,#9171,.F.);
#10795 = ORIENTED_EDGE('',*,*,#10789,.F.);
#10796 = CYLINDRICAL_SURFACE('',#10797,0.5);
#10797 = AXIS2_PLACEMENT_3D('',#10798,#10799,#10800);
#10798 = CARTESIAN_POINT('',(207.62,-115.24,-4.5E-02));
#10799 = DIRECTION('',(-0.,-0.,-1.));
#10800 = DIRECTION('',(-0.,-1.,0.));
#10801 = ADVANCED_FACE('',(#10802),#10813,.F.);
#10802 = FACE_BOUND('',#10803,.T.);
#10803 = EDGE_LOOP('',(#10804,#10805,#10811,#10812));
#10804 = ORIENTED_EDGE('',*,*,#7947,.T.);
#10805 = ORIENTED_EDGE('',*,*,#10806,.T.);
#10806 = EDGE_CURVE('',#7948,#9183,#10807,.T.);
#10807 = LINE('',#10808,#10809);
#10808 = CARTESIAN_POINT('',(207.62,-113.2,-4.5E-02));
#10809 = VECTOR('',#10810,1.);
#10810 = DIRECTION('',(0.,0.,1.));
#10811 = ORIENTED_EDGE('',*,*,#9182,.F.);
#10812 = ORIENTED_EDGE('',*,*,#10806,.F.);
#10813 = CYLINDRICAL_SURFACE('',#10814,0.5);
#10814 = AXIS2_PLACEMENT_3D('',#10815,#10816,#10817);
#10815 = CARTESIAN_POINT('',(207.62,-112.7,-4.5E-02));
#10816 = DIRECTION('',(-0.,-0.,-1.));
#10817 = DIRECTION('',(-0.,-1.,0.));
#10818 = ADVANCED_FACE('',(#10819),#10830,.F.);
#10819 = FACE_BOUND('',#10820,.T.);
#10820 = EDGE_LOOP('',(#10821,#10822,#10828,#10829));
#10821 = ORIENTED_EDGE('',*,*,#7958,.T.);
#10822 = ORIENTED_EDGE('',*,*,#10823,.T.);
#10823 = EDGE_CURVE('',#7959,#9194,#10824,.T.);
#10824 = LINE('',#10825,#10826);
#10825 = CARTESIAN_POINT('',(207.62,-110.66,-4.5E-02));
#10826 = VECTOR('',#10827,1.);
#10827 = DIRECTION('',(0.,0.,1.));
#10828 = ORIENTED_EDGE('',*,*,#9193,.F.);
#10829 = ORIENTED_EDGE('',*,*,#10823,.F.);
#10830 = CYLINDRICAL_SURFACE('',#10831,0.5);
#10831 = AXIS2_PLACEMENT_3D('',#10832,#10833,#10834);
#10832 = CARTESIAN_POINT('',(207.62,-110.16,-4.5E-02));
#10833 = DIRECTION('',(-0.,-0.,-1.));
#10834 = DIRECTION('',(-0.,-1.,0.));
#10835 = ADVANCED_FACE('',(#10836),#10847,.F.);
#10836 = FACE_BOUND('',#10837,.T.);
#10837 = EDGE_LOOP('',(#10838,#10839,#10845,#10846));
#10838 = ORIENTED_EDGE('',*,*,#7969,.T.);
#10839 = ORIENTED_EDGE('',*,*,#10840,.T.);
#10840 = EDGE_CURVE('',#7970,#9205,#10841,.T.);
#10841 = LINE('',#10842,#10843);
#10842 = CARTESIAN_POINT('',(207.62,-108.12,-4.5E-02));
#10843 = VECTOR('',#10844,1.);
#10844 = DIRECTION('',(0.,0.,1.));
#10845 = ORIENTED_EDGE('',*,*,#9204,.F.);
#10846 = ORIENTED_EDGE('',*,*,#10840,.F.);
#10847 = CYLINDRICAL_SURFACE('',#10848,0.5);
#10848 = AXIS2_PLACEMENT_3D('',#10849,#10850,#10851);
#10849 = CARTESIAN_POINT('',(207.62,-107.62,-4.5E-02));
#10850 = DIRECTION('',(-0.,-0.,-1.));
#10851 = DIRECTION('',(-0.,-1.,0.));
#10852 = ADVANCED_FACE('',(#10853),#10864,.F.);
#10853 = FACE_BOUND('',#10854,.T.);
#10854 = EDGE_LOOP('',(#10855,#10856,#10862,#10863));
#10855 = ORIENTED_EDGE('',*,*,#7980,.T.);
#10856 = ORIENTED_EDGE('',*,*,#10857,.T.);
#10857 = EDGE_CURVE('',#7981,#9216,#10858,.T.);
#10858 = LINE('',#10859,#10860);
#10859 = CARTESIAN_POINT('',(207.62,-105.58,-4.5E-02));
#10860 = VECTOR('',#10861,1.);
#10861 = DIRECTION('',(0.,0.,1.));
#10862 = ORIENTED_EDGE('',*,*,#9215,.F.);
#10863 = ORIENTED_EDGE('',*,*,#10857,.F.);
#10864 = CYLINDRICAL_SURFACE('',#10865,0.5);
#10865 = AXIS2_PLACEMENT_3D('',#10866,#10867,#10868);
#10866 = CARTESIAN_POINT('',(207.62,-105.08,-4.5E-02));
#10867 = DIRECTION('',(-0.,-0.,-1.));
#10868 = DIRECTION('',(-0.,-1.,0.));
#10869 = ADVANCED_FACE('',(#10870),#10881,.F.);
#10870 = FACE_BOUND('',#10871,.T.);
#10871 = EDGE_LOOP('',(#10872,#10873,#10879,#10880));
#10872 = ORIENTED_EDGE('',*,*,#7991,.T.);
#10873 = ORIENTED_EDGE('',*,*,#10874,.T.);
#10874 = EDGE_CURVE('',#7992,#9227,#10875,.T.);
#10875 = LINE('',#10876,#10877);
#10876 = CARTESIAN_POINT('',(207.62,-103.04,-4.5E-02));
#10877 = VECTOR('',#10878,1.);
#10878 = DIRECTION('',(0.,0.,1.));
#10879 = ORIENTED_EDGE('',*,*,#9226,.F.);
#10880 = ORIENTED_EDGE('',*,*,#10874,.F.);
#10881 = CYLINDRICAL_SURFACE('',#10882,0.5);
#10882 = AXIS2_PLACEMENT_3D('',#10883,#10884,#10885);
#10883 = CARTESIAN_POINT('',(207.62,-102.54,-4.5E-02));
#10884 = DIRECTION('',(-0.,-0.,-1.));
#10885 = DIRECTION('',(-0.,-1.,0.));
#10886 = ADVANCED_FACE('',(#10887),#10898,.F.);
#10887 = FACE_BOUND('',#10888,.T.);
#10888 = EDGE_LOOP('',(#10889,#10890,#10896,#10897));
#10889 = ORIENTED_EDGE('',*,*,#8002,.T.);
#10890 = ORIENTED_EDGE('',*,*,#10891,.T.);
#10891 = EDGE_CURVE('',#8003,#9238,#10892,.T.);
#10892 = LINE('',#10893,#10894);
#10893 = CARTESIAN_POINT('',(207.62,-100.5,-4.5E-02));
#10894 = VECTOR('',#10895,1.);
#10895 = DIRECTION('',(0.,0.,1.));
#10896 = ORIENTED_EDGE('',*,*,#9237,.F.);
#10897 = ORIENTED_EDGE('',*,*,#10891,.F.);
#10898 = CYLINDRICAL_SURFACE('',#10899,0.5);
#10899 = AXIS2_PLACEMENT_3D('',#10900,#10901,#10902);
#10900 = CARTESIAN_POINT('',(207.62,-100.,-4.5E-02));
#10901 = DIRECTION('',(-0.,-0.,-1.));
#10902 = DIRECTION('',(-0.,-1.,0.));
#10903 = ADVANCED_FACE('',(#10904),#10920,.F.);
#10904 = FACE_BOUND('',#10905,.T.);
#10905 = EDGE_LOOP('',(#10906,#10912,#10913,#10919));
#10906 = ORIENTED_EDGE('',*,*,#10907,.T.);
#10907 = EDGE_CURVE('',#8014,#9249,#10908,.T.);
#10908 = LINE('',#10909,#10910);
#10909 = CARTESIAN_POINT('',(215.,-137.080991,0.));
#10910 = VECTOR('',#10911,1.);
#10911 = DIRECTION('',(0.,0.,1.));
#10912 = ORIENTED_EDGE('',*,*,#9248,.T.);
#10913 = ORIENTED_EDGE('',*,*,#10914,.F.);
#10914 = EDGE_CURVE('',#8016,#9251,#10915,.T.);
#10915 = LINE('',#10916,#10917);
#10916 = CARTESIAN_POINT('',(239.88734,-103.,0.));
#10917 = VECTOR('',#10918,1.);
#10918 = DIRECTION('',(0.,0.,1.));
#10919 = ORIENTED_EDGE('',*,*,#8013,.F.);
#10920 = CYLINDRICAL_SURFACE('',#10921,39.999994375799);
#10921 = AXIS2_PLACEMENT_3D('',#10922,#10923,#10924);
#10922 = CARTESIAN_POINT('',(200.00000406506,-100.000002987,0.));
#10923 = DIRECTION('',(-0.,-0.,-1.));
#10924 = DIRECTION('',(0.3749999511,-0.927024830668,0.));
#10925 = ADVANCED_FACE('',(#10926),#10937,.T.);
#10926 = FACE_BOUND('',#10927,.T.);
#10927 = EDGE_LOOP('',(#10928,#10934,#10935,#10936));
#10928 = ORIENTED_EDGE('',*,*,#10929,.T.);
#10929 = EDGE_CURVE('',#8025,#9260,#10930,.T.);
#10930 = LINE('',#10931,#10932);
#10931 = CARTESIAN_POINT('',(215.,-103.,0.));
#10932 = VECTOR('',#10933,1.);
#10933 = DIRECTION('',(0.,0.,1.));
#10934 = ORIENTED_EDGE('',*,*,#9259,.T.);
#10935 = ORIENTED_EDGE('',*,*,#10907,.F.);
#10936 = ORIENTED_EDGE('',*,*,#8024,.F.);
#10937 = PLANE('',#10938);
#10938 = AXIS2_PLACEMENT_3D('',#10939,#10940,#10941);
#10939 = CARTESIAN_POINT('',(215.,-103.,0.));
#10940 = DIRECTION('',(1.,0.,-0.));
#10941 = DIRECTION('',(0.,-1.,0.));
#10942 = ADVANCED_FACE('',(#10943),#10949,.T.);
#10943 = FACE_BOUND('',#10944,.T.);
#10944 = EDGE_LOOP('',(#10945,#10946,#10947,#10948));
#10945 = ORIENTED_EDGE('',*,*,#10914,.T.);
#10946 = ORIENTED_EDGE('',*,*,#9267,.T.);
#10947 = ORIENTED_EDGE('',*,*,#10929,.F.);
#10948 = ORIENTED_EDGE('',*,*,#8032,.F.);
#10949 = PLANE('',#10950);
#10950 = AXIS2_PLACEMENT_3D('',#10951,#10952,#10953);
#10951 = CARTESIAN_POINT('',(239.88734,-103.,0.));
#10952 = DIRECTION('',(0.,-1.,0.));
#10953 = DIRECTION('',(-1.,0.,0.));
#10954 = ADVANCED_FACE('',(#10955),#10966,.F.);
#10955 = FACE_BOUND('',#10956,.T.);
#10956 = EDGE_LOOP('',(#10957,#10958,#10964,#10965));
#10957 = ORIENTED_EDGE('',*,*,#8040,.T.);
#10958 = ORIENTED_EDGE('',*,*,#10959,.T.);
#10959 = EDGE_CURVE('',#8041,#9276,#10960,.T.);
#10960 = LINE('',#10961,#10962);
#10961 = CARTESIAN_POINT('',(240.952545,-120.162715,-4.5E-02));
#10962 = VECTOR('',#10963,1.);
#10963 = DIRECTION('',(0.,0.,1.));
#10964 = ORIENTED_EDGE('',*,*,#9275,.F.);
#10965 = ORIENTED_EDGE('',*,*,#10959,.F.);
#10966 = CYLINDRICAL_SURFACE('',#10967,0.45);
#10967 = AXIS2_PLACEMENT_3D('',#10968,#10969,#10970);
#10968 = CARTESIAN_POINT('',(240.952545,-119.712715,-4.5E-02));
#10969 = DIRECTION('',(-0.,-0.,-1.));
#10970 = DIRECTION('',(-0.,-1.,0.));
#10971 = ADVANCED_FACE('',(#10972),#10983,.F.);
#10972 = FACE_BOUND('',#10973,.T.);
#10973 = EDGE_LOOP('',(#10974,#10975,#10981,#10982));
#10974 = ORIENTED_EDGE('',*,*,#8051,.T.);
#10975 = ORIENTED_EDGE('',*,*,#10976,.T.);
#10976 = EDGE_CURVE('',#8052,#9287,#10977,.T.);
#10977 = LINE('',#10978,#10979);
#10978 = CARTESIAN_POINT('',(241.924561,-117.816061,-4.5E-02));
#10979 = VECTOR('',#10980,1.);
#10980 = DIRECTION('',(0.,0.,1.));
#10981 = ORIENTED_EDGE('',*,*,#9286,.F.);
#10982 = ORIENTED_EDGE('',*,*,#10976,.F.);
#10983 = CYLINDRICAL_SURFACE('',#10984,0.45);
#10984 = AXIS2_PLACEMENT_3D('',#10985,#10986,#10987);
#10985 = CARTESIAN_POINT('',(241.924561,-117.366061,-4.5E-02));
#10986 = DIRECTION('',(-0.,0.,-1.));
#10987 = DIRECTION('',(6.315935428978E-14,-1.,-0.));
#10988 = ADVANCED_FACE('',(#10989),#11000,.F.);
#10989 = FACE_BOUND('',#10990,.T.);
#10990 = EDGE_LOOP('',(#10991,#10992,#10998,#10999));
#10991 = ORIENTED_EDGE('',*,*,#8062,.T.);
#10992 = ORIENTED_EDGE('',*,*,#10993,.T.);
#10993 = EDGE_CURVE('',#8063,#9298,#10994,.T.);
#10994 = LINE('',#10995,#10996);
#10995 = CARTESIAN_POINT('',(242.896577,-115.469407,-4.5E-02));
#10996 = VECTOR('',#10997,1.);
#10997 = DIRECTION('',(0.,0.,1.));
#10998 = ORIENTED_EDGE('',*,*,#9297,.F.);
#10999 = ORIENTED_EDGE('',*,*,#10993,.F.);
#11000 = CYLINDRICAL_SURFACE('',#11001,0.45);
#11001 = AXIS2_PLACEMENT_3D('',#11002,#11003,#11004);
#11002 = CARTESIAN_POINT('',(242.896577,-115.019407,-4.5E-02));
#11003 = DIRECTION('',(-0.,0.,-1.));
#11004 = DIRECTION('',(6.315935428978E-14,-1.,-0.));
#11005 = ADVANCED_FACE('',(#11006),#11017,.F.);
#11006 = FACE_BOUND('',#11007,.T.);
#11007 = EDGE_LOOP('',(#11008,#11014,#11015,#11016));
#11008 = ORIENTED_EDGE('',*,*,#11009,.T.);
#11009 = EDGE_CURVE('',#8074,#9309,#11010,.T.);
#11010 = LINE('',#11011,#11012);
#11011 = CARTESIAN_POINT('',(236.58555,-100.,0.));
#11012 = VECTOR('',#11013,1.);
#11013 = DIRECTION('',(0.,0.,1.));
#11014 = ORIENTED_EDGE('',*,*,#9308,.T.);
#11015 = ORIENTED_EDGE('',*,*,#11009,.F.);
#11016 = ORIENTED_EDGE('',*,*,#8073,.F.);
#11017 = CYLINDRICAL_SURFACE('',#11018,1.58555);
#11018 = AXIS2_PLACEMENT_3D('',#11019,#11020,#11021);
#11019 = CARTESIAN_POINT('',(235.,-100.,0.));
#11020 = DIRECTION('',(-0.,-0.,-1.));
#11021 = DIRECTION('',(1.,0.,-0.));
#11022 = ADVANCED_FACE('',(#11023),#11034,.F.);
#11023 = FACE_BOUND('',#11024,.T.);
#11024 = EDGE_LOOP('',(#11025,#11026,#11032,#11033));
#11025 = ORIENTED_EDGE('',*,*,#8084,.T.);
#11026 = ORIENTED_EDGE('',*,*,#11027,.T.);
#11027 = EDGE_CURVE('',#8085,#9320,#11028,.T.);
#11028 = LINE('',#11029,#11030);
#11029 = CARTESIAN_POINT('',(245.3788,-102.99,-4.5E-02));
#11030 = VECTOR('',#11031,1.);
#11031 = DIRECTION('',(0.,0.,1.));
#11032 = ORIENTED_EDGE('',*,*,#9319,.F.);
#11033 = ORIENTED_EDGE('',*,*,#11027,.F.);
#11034 = CYLINDRICAL_SURFACE('',#11035,0.45);
#11035 = AXIS2_PLACEMENT_3D('',#11036,#11037,#11038);
#11036 = CARTESIAN_POINT('',(245.3788,-102.54,-4.5E-02));
#11037 = DIRECTION('',(-0.,-0.,-1.));
#11038 = DIRECTION('',(-0.,-1.,0.));
#11039 = ADVANCED_FACE('',(#11040),#11051,.F.);
#11040 = FACE_BOUND('',#11041,.T.);
#11041 = EDGE_LOOP('',(#11042,#11043,#11049,#11050));
#11042 = ORIENTED_EDGE('',*,*,#8095,.T.);
#11043 = ORIENTED_EDGE('',*,*,#11044,.T.);
#11044 = EDGE_CURVE('',#8096,#9331,#11045,.T.);
#11045 = LINE('',#11046,#11047);
#11046 = CARTESIAN_POINT('',(245.3788,-100.45,-4.5E-02));
#11047 = VECTOR('',#11048,1.);
#11048 = DIRECTION('',(0.,0.,1.));
#11049 = ORIENTED_EDGE('',*,*,#9330,.F.);
#11050 = ORIENTED_EDGE('',*,*,#11044,.F.);
#11051 = CYLINDRICAL_SURFACE('',#11052,0.45);
#11052 = AXIS2_PLACEMENT_3D('',#11053,#11054,#11055);
#11053 = CARTESIAN_POINT('',(245.3788,-100.,-4.5E-02));
#11054 = DIRECTION('',(-0.,-0.,-1.));
#11055 = DIRECTION('',(-0.,-1.,0.));
#11056 = ADVANCED_FACE('',(#11057),#11068,.F.);
#11057 = FACE_BOUND('',#11058,.T.);
#11058 = EDGE_LOOP('',(#11059,#11060,#11066,#11067));
#11059 = ORIENTED_EDGE('',*,*,#8106,.T.);
#11060 = ORIENTED_EDGE('',*,*,#11061,.T.);
#11061 = EDGE_CURVE('',#8107,#9342,#11062,.T.);
#11062 = LINE('',#11063,#11064);
#11063 = CARTESIAN_POINT('',(154.6212,-100.45,-4.5E-02));
#11064 = VECTOR('',#11065,1.);
#11065 = DIRECTION('',(0.,0.,1.));
#11066 = ORIENTED_EDGE('',*,*,#9341,.F.);
#11067 = ORIENTED_EDGE('',*,*,#11061,.F.);
#11068 = CYLINDRICAL_SURFACE('',#11069,0.45);
#11069 = AXIS2_PLACEMENT_3D('',#11070,#11071,#11072);
#11070 = CARTESIAN_POINT('',(154.6212,-100.,-4.5E-02));
#11071 = DIRECTION('',(-0.,-0.,-1.));
#11072 = DIRECTION('',(-0.,-1.,0.));
#11073 = ADVANCED_FACE('',(#11074),#11085,.F.);
#11074 = FACE_BOUND('',#11075,.T.);
#11075 = EDGE_LOOP('',(#11076,#11077,#11083,#11084));
#11076 = ORIENTED_EDGE('',*,*,#8117,.T.);
#11077 = ORIENTED_EDGE('',*,*,#11078,.T.);
#11078 = EDGE_CURVE('',#8118,#9353,#11079,.T.);
#11079 = LINE('',#11080,#11081);
#11080 = CARTESIAN_POINT('',(154.6212,-97.91,-4.5E-02));
#11081 = VECTOR('',#11082,1.);
#11082 = DIRECTION('',(0.,0.,1.));
#11083 = ORIENTED_EDGE('',*,*,#9352,.F.);
#11084 = ORIENTED_EDGE('',*,*,#11078,.F.);
#11085 = CYLINDRICAL_SURFACE('',#11086,0.45);
#11086 = AXIS2_PLACEMENT_3D('',#11087,#11088,#11089);
#11087 = CARTESIAN_POINT('',(154.6212,-97.46,-4.5E-02));
#11088 = DIRECTION('',(-0.,-0.,-1.));
#11089 = DIRECTION('',(-0.,-1.,0.));
#11090 = ADVANCED_FACE('',(#11091),#11102,.F.);
#11091 = FACE_BOUND('',#11092,.T.);
#11092 = EDGE_LOOP('',(#11093,#11094,#11100,#11101));
#11093 = ORIENTED_EDGE('',*,*,#8128,.T.);
#11094 = ORIENTED_EDGE('',*,*,#11095,.T.);
#11095 = EDGE_CURVE('',#8129,#9364,#11096,.T.);
#11096 = LINE('',#11097,#11098);
#11097 = CARTESIAN_POINT('',(157.103423,-85.430593,-4.5E-02));
#11098 = VECTOR('',#11099,1.);
#11099 = DIRECTION('',(0.,0.,1.));
#11100 = ORIENTED_EDGE('',*,*,#9363,.F.);
#11101 = ORIENTED_EDGE('',*,*,#11095,.F.);
#11102 = CYLINDRICAL_SURFACE('',#11103,0.45);
#11103 = AXIS2_PLACEMENT_3D('',#11104,#11105,#11106);
#11104 = CARTESIAN_POINT('',(157.103423,-84.980593,-4.5E-02));
#11105 = DIRECTION('',(-0.,-0.,-1.));
#11106 = DIRECTION('',(-6.315935428979E-14,-1.,0.));
#11107 = ADVANCED_FACE('',(#11108),#11119,.F.);
#11108 = FACE_BOUND('',#11109,.T.);
#11109 = EDGE_LOOP('',(#11110,#11111,#11117,#11118));
#11110 = ORIENTED_EDGE('',*,*,#8139,.T.);
#11111 = ORIENTED_EDGE('',*,*,#11112,.T.);
#11112 = EDGE_CURVE('',#8140,#9375,#11113,.T.);
#11113 = LINE('',#11114,#11115);
#11114 = CARTESIAN_POINT('',(158.075439,-83.083939,-4.5E-02));
#11115 = VECTOR('',#11116,1.);
#11116 = DIRECTION('',(0.,0.,1.));
#11117 = ORIENTED_EDGE('',*,*,#9374,.F.);
#11118 = ORIENTED_EDGE('',*,*,#11112,.F.);
#11119 = CYLINDRICAL_SURFACE('',#11120,0.45);
#11120 = AXIS2_PLACEMENT_3D('',#11121,#11122,#11123);
#11121 = CARTESIAN_POINT('',(158.075439,-82.633939,-4.5E-02));
#11122 = DIRECTION('',(-0.,-0.,-1.));
#11123 = DIRECTION('',(-6.315935428979E-14,-1.,0.));
#11124 = ADVANCED_FACE('',(#11125),#11136,.F.);
#11125 = FACE_BOUND('',#11126,.T.);
#11126 = EDGE_LOOP('',(#11127,#11128,#11134,#11135));
#11127 = ORIENTED_EDGE('',*,*,#8150,.T.);
#11128 = ORIENTED_EDGE('',*,*,#11129,.T.);
#11129 = EDGE_CURVE('',#8151,#9386,#11130,.T.);
#11130 = LINE('',#11131,#11132);
#11131 = CARTESIAN_POINT('',(159.047455,-80.737285,-4.5E-02));
#11132 = VECTOR('',#11133,1.);
#11133 = DIRECTION('',(0.,0.,1.));
#11134 = ORIENTED_EDGE('',*,*,#9385,.F.);
#11135 = ORIENTED_EDGE('',*,*,#11129,.F.);
#11136 = CYLINDRICAL_SURFACE('',#11137,0.45);
#11137 = AXIS2_PLACEMENT_3D('',#11138,#11139,#11140);
#11138 = CARTESIAN_POINT('',(159.047455,-80.287285,-4.5E-02));
#11139 = DIRECTION('',(-0.,-0.,-1.));
#11140 = DIRECTION('',(-0.,-1.,0.));
#11141 = ADVANCED_FACE('',(#11142),#11158,.F.);
#11142 = FACE_BOUND('',#11143,.T.);
#11143 = EDGE_LOOP('',(#11144,#11150,#11151,#11157));
#11144 = ORIENTED_EDGE('',*,*,#11145,.T.);
#11145 = EDGE_CURVE('',#8162,#9397,#11146,.T.);
#11146 = LINE('',#11147,#11148);
#11147 = CARTESIAN_POINT('',(185.,-62.919008,0.));
#11148 = VECTOR('',#11149,1.);
#11149 = DIRECTION('',(0.,0.,1.));
#11150 = ORIENTED_EDGE('',*,*,#9396,.T.);
#11151 = ORIENTED_EDGE('',*,*,#11152,.F.);
#11152 = EDGE_CURVE('',#8164,#9399,#11153,.T.);
#11153 = LINE('',#11154,#11155);
#11154 = CARTESIAN_POINT('',(160.112659,-97.,0.));
#11155 = VECTOR('',#11156,1.);
#11156 = DIRECTION('',(0.,0.,1.));
#11157 = ORIENTED_EDGE('',*,*,#8161,.F.);
#11158 = CYLINDRICAL_SURFACE('',#11159,40.000000770645);
#11159 = AXIS2_PLACEMENT_3D('',#11160,#11161,#11162);
#11160 = CARTESIAN_POINT('',(200.00000106015,-100.0000008379,0.));
#11161 = DIRECTION('',(-0.,-0.,-1.));
#11162 = DIRECTION('',(-0.375000019279,0.927024803088,0.));
#11163 = ADVANCED_FACE('',(#11164),#11175,.T.);
#11164 = FACE_BOUND('',#11165,.T.);
#11165 = EDGE_LOOP('',(#11166,#11172,#11173,#11174));
#11166 = ORIENTED_EDGE('',*,*,#11167,.T.);
#11167 = EDGE_CURVE('',#8173,#9408,#11168,.T.);
#11168 = LINE('',#11169,#11170);
#11169 = CARTESIAN_POINT('',(185.,-97.,0.));
#11170 = VECTOR('',#11171,1.);
#11171 = DIRECTION('',(0.,0.,1.));
#11172 = ORIENTED_EDGE('',*,*,#9407,.T.);
#11173 = ORIENTED_EDGE('',*,*,#11145,.F.);
#11174 = ORIENTED_EDGE('',*,*,#8172,.F.);
#11175 = PLANE('',#11176);
#11176 = AXIS2_PLACEMENT_3D('',#11177,#11178,#11179);
#11177 = CARTESIAN_POINT('',(185.,-97.,0.));
#11178 = DIRECTION('',(-1.,0.,0.));
#11179 = DIRECTION('',(0.,1.,0.));
#11180 = ADVANCED_FACE('',(#11181),#11187,.T.);
#11181 = FACE_BOUND('',#11182,.T.);
#11182 = EDGE_LOOP('',(#11183,#11184,#11185,#11186));
#11183 = ORIENTED_EDGE('',*,*,#11152,.T.);
#11184 = ORIENTED_EDGE('',*,*,#9415,.T.);
#11185 = ORIENTED_EDGE('',*,*,#11167,.F.);
#11186 = ORIENTED_EDGE('',*,*,#8180,.F.);
#11187 = PLANE('',#11188);
#11188 = AXIS2_PLACEMENT_3D('',#11189,#11190,#11191);
#11189 = CARTESIAN_POINT('',(160.112659,-97.,0.));
#11190 = DIRECTION('',(0.,1.,0.));
#11191 = DIRECTION('',(1.,0.,0.));
#11192 = ADVANCED_FACE('',(#11193),#11204,.F.);
#11193 = FACE_BOUND('',#11194,.T.);
#11194 = EDGE_LOOP('',(#11195,#11196,#11202,#11203));
#11195 = ORIENTED_EDGE('',*,*,#8188,.T.);
#11196 = ORIENTED_EDGE('',*,*,#11197,.T.);
#11197 = EDGE_CURVE('',#8189,#9424,#11198,.T.);
#11198 = LINE('',#11199,#11200);
#11199 = CARTESIAN_POINT('',(192.38,-97.96,-4.5E-02));
#11200 = VECTOR('',#11201,1.);
#11201 = DIRECTION('',(0.,0.,1.));
#11202 = ORIENTED_EDGE('',*,*,#9423,.F.);
#11203 = ORIENTED_EDGE('',*,*,#11197,.F.);
#11204 = CYLINDRICAL_SURFACE('',#11205,0.5);
#11205 = AXIS2_PLACEMENT_3D('',#11206,#11207,#11208);
#11206 = CARTESIAN_POINT('',(192.38,-97.46,-4.5E-02));
#11207 = DIRECTION('',(-0.,-0.,-1.));
#11208 = DIRECTION('',(-0.,-1.,0.));
#11209 = ADVANCED_FACE('',(#11210),#11221,.F.);
#11210 = FACE_BOUND('',#11211,.T.);
#11211 = EDGE_LOOP('',(#11212,#11213,#11219,#11220));
#11212 = ORIENTED_EDGE('',*,*,#8199,.T.);
#11213 = ORIENTED_EDGE('',*,*,#11214,.T.);
#11214 = EDGE_CURVE('',#8200,#9435,#11215,.T.);
#11215 = LINE('',#11216,#11217);
#11216 = CARTESIAN_POINT('',(192.38,-95.42,-4.5E-02));
#11217 = VECTOR('',#11218,1.);
#11218 = DIRECTION('',(0.,0.,1.));
#11219 = ORIENTED_EDGE('',*,*,#9434,.F.);
#11220 = ORIENTED_EDGE('',*,*,#11214,.F.);
#11221 = CYLINDRICAL_SURFACE('',#11222,0.5);
#11222 = AXIS2_PLACEMENT_3D('',#11223,#11224,#11225);
#11223 = CARTESIAN_POINT('',(192.38,-94.92,-4.5E-02));
#11224 = DIRECTION('',(-0.,-0.,-1.));
#11225 = DIRECTION('',(-0.,-1.,0.));
#11226 = ADVANCED_FACE('',(#11227),#11238,.F.);
#11227 = FACE_BOUND('',#11228,.T.);
#11228 = EDGE_LOOP('',(#11229,#11230,#11236,#11237));
#11229 = ORIENTED_EDGE('',*,*,#8210,.T.);
#11230 = ORIENTED_EDGE('',*,*,#11231,.T.);
#11231 = EDGE_CURVE('',#8211,#9446,#11232,.T.);
#11232 = LINE('',#11233,#11234);
#11233 = CARTESIAN_POINT('',(192.38,-92.88,-4.5E-02));
#11234 = VECTOR('',#11235,1.);
#11235 = DIRECTION('',(0.,0.,1.));
#11236 = ORIENTED_EDGE('',*,*,#9445,.F.);
#11237 = ORIENTED_EDGE('',*,*,#11231,.F.);
#11238 = CYLINDRICAL_SURFACE('',#11239,0.5);
#11239 = AXIS2_PLACEMENT_3D('',#11240,#11241,#11242);
#11240 = CARTESIAN_POINT('',(192.38,-92.38,-4.5E-02));
#11241 = DIRECTION('',(-0.,-0.,-1.));
#11242 = DIRECTION('',(-0.,-1.,0.));
#11243 = ADVANCED_FACE('',(#11244),#11255,.F.);
#11244 = FACE_BOUND('',#11245,.T.);
#11245 = EDGE_LOOP('',(#11246,#11247,#11253,#11254));
#11246 = ORIENTED_EDGE('',*,*,#8221,.T.);
#11247 = ORIENTED_EDGE('',*,*,#11248,.T.);
#11248 = EDGE_CURVE('',#8222,#9457,#11249,.T.);
#11249 = LINE('',#11250,#11251);
#11250 = CARTESIAN_POINT('',(192.38,-90.34,-4.5E-02));
#11251 = VECTOR('',#11252,1.);
#11252 = DIRECTION('',(0.,0.,1.));
#11253 = ORIENTED_EDGE('',*,*,#9456,.F.);
#11254 = ORIENTED_EDGE('',*,*,#11248,.F.);
#11255 = CYLINDRICAL_SURFACE('',#11256,0.5);
#11256 = AXIS2_PLACEMENT_3D('',#11257,#11258,#11259);
#11257 = CARTESIAN_POINT('',(192.38,-89.84,-4.5E-02));
#11258 = DIRECTION('',(-0.,-0.,-1.));
#11259 = DIRECTION('',(-0.,-1.,0.));
#11260 = ADVANCED_FACE('',(#11261),#11272,.F.);
#11261 = FACE_BOUND('',#11262,.T.);
#11262 = EDGE_LOOP('',(#11263,#11264,#11270,#11271));
#11263 = ORIENTED_EDGE('',*,*,#8232,.T.);
#11264 = ORIENTED_EDGE('',*,*,#11265,.T.);
#11265 = EDGE_CURVE('',#8233,#9468,#11266,.T.);
#11266 = LINE('',#11267,#11268);
#11267 = CARTESIAN_POINT('',(192.38,-87.8,-4.5E-02));
#11268 = VECTOR('',#11269,1.);
#11269 = DIRECTION('',(0.,0.,1.));
#11270 = ORIENTED_EDGE('',*,*,#9467,.F.);
#11271 = ORIENTED_EDGE('',*,*,#11265,.F.);
#11272 = CYLINDRICAL_SURFACE('',#11273,0.5);
#11273 = AXIS2_PLACEMENT_3D('',#11274,#11275,#11276);
#11274 = CARTESIAN_POINT('',(192.38,-87.3,-4.5E-02));
#11275 = DIRECTION('',(-0.,-0.,-1.));
#11276 = DIRECTION('',(-0.,-1.,0.));
#11277 = ADVANCED_FACE('',(#11278),#11289,.F.);
#11278 = FACE_BOUND('',#11279,.T.);
#11279 = EDGE_LOOP('',(#11280,#11281,#11287,#11288));
#11280 = ORIENTED_EDGE('',*,*,#8243,.T.);
#11281 = ORIENTED_EDGE('',*,*,#11282,.T.);
#11282 = EDGE_CURVE('',#8244,#9479,#11283,.T.);
#11283 = LINE('',#11284,#11285);
#11284 = CARTESIAN_POINT('',(192.38,-85.26,-4.5E-02));
#11285 = VECTOR('',#11286,1.);
#11286 = DIRECTION('',(0.,0.,1.));
#11287 = ORIENTED_EDGE('',*,*,#9478,.F.);
#11288 = ORIENTED_EDGE('',*,*,#11282,.F.);
#11289 = CYLINDRICAL_SURFACE('',#11290,0.5);
#11290 = AXIS2_PLACEMENT_3D('',#11291,#11292,#11293);
#11291 = CARTESIAN_POINT('',(192.38,-84.76,-4.5E-02));
#11292 = DIRECTION('',(-0.,-0.,-1.));
#11293 = DIRECTION('',(-0.,-1.,0.));
#11294 = ADVANCED_FACE('',(#11295),#11306,.F.);
#11295 = FACE_BOUND('',#11296,.T.);
#11296 = EDGE_LOOP('',(#11297,#11298,#11304,#11305));
#11297 = ORIENTED_EDGE('',*,*,#8254,.T.);
#11298 = ORIENTED_EDGE('',*,*,#11299,.T.);
#11299 = EDGE_CURVE('',#8255,#9490,#11300,.T.);
#11300 = LINE('',#11301,#11302);
#11301 = CARTESIAN_POINT('',(192.38,-82.72,-4.5E-02));
#11302 = VECTOR('',#11303,1.);
#11303 = DIRECTION('',(0.,0.,1.));
#11304 = ORIENTED_EDGE('',*,*,#9489,.F.);
#11305 = ORIENTED_EDGE('',*,*,#11299,.F.);
#11306 = CYLINDRICAL_SURFACE('',#11307,0.5);
#11307 = AXIS2_PLACEMENT_3D('',#11308,#11309,#11310);
#11308 = CARTESIAN_POINT('',(192.38,-82.22,-4.5E-02));
#11309 = DIRECTION('',(-0.,-0.,-1.));
#11310 = DIRECTION('',(-0.,-1.,0.));
#11311 = ADVANCED_FACE('',(#11312),#11323,.F.);
#11312 = FACE_BOUND('',#11313,.T.);
#11313 = EDGE_LOOP('',(#11314,#11320,#11321,#11322));
#11314 = ORIENTED_EDGE('',*,*,#11315,.T.);
#11315 = EDGE_CURVE('',#8266,#9501,#11316,.T.);
#11316 = LINE('',#11317,#11318);
#11317 = CARTESIAN_POINT('',(158.32859,-69.031058,0.));
#11318 = VECTOR('',#11319,1.);
#11319 = DIRECTION('',(0.,0.,1.));
#11320 = ORIENTED_EDGE('',*,*,#9500,.T.);
#11321 = ORIENTED_EDGE('',*,*,#11315,.F.);
#11322 = ORIENTED_EDGE('',*,*,#8265,.F.);
#11323 = CYLINDRICAL_SURFACE('',#11324,1.58555);
#11324 = AXIS2_PLACEMENT_3D('',#11325,#11326,#11327);
#11325 = CARTESIAN_POINT('',(156.74304,-69.031058,0.));
#11326 = DIRECTION('',(-0.,-0.,-1.));
#11327 = DIRECTION('',(1.,0.,-0.));
#11328 = ADVANCED_FACE('',(#11329),#11340,.F.);
#11329 = FACE_BOUND('',#11330,.T.);
#11330 = EDGE_LOOP('',(#11331,#11332,#11338,#11339));
#11331 = ORIENTED_EDGE('',*,*,#8276,.T.);
#11332 = ORIENTED_EDGE('',*,*,#11333,.T.);
#11333 = EDGE_CURVE('',#8277,#9512,#11334,.T.);
#11334 = LINE('',#11335,#11336);
#11335 = CARTESIAN_POINT('',(166.116239,-70.158445,-4.5E-02));
#11336 = VECTOR('',#11337,1.);
#11337 = DIRECTION('',(0.,0.,1.));
#11338 = ORIENTED_EDGE('',*,*,#9511,.F.);
#11339 = ORIENTED_EDGE('',*,*,#11333,.F.);
#11340 = CYLINDRICAL_SURFACE('',#11341,0.45);
#11341 = AXIS2_PLACEMENT_3D('',#11342,#11343,#11344);
#11342 = CARTESIAN_POINT('',(166.116239,-69.708445,-4.5E-02));
#11343 = DIRECTION('',(-0.,-0.,-1.));
#11344 = DIRECTION('',(-0.,-1.,0.));
#11345 = ADVANCED_FACE('',(#11346),#11357,.F.);
#11346 = FACE_BOUND('',#11347,.T.);
#11347 = EDGE_LOOP('',(#11348,#11349,#11355,#11356));
#11348 = ORIENTED_EDGE('',*,*,#8287,.T.);
#11349 = ORIENTED_EDGE('',*,*,#11350,.T.);
#11350 = EDGE_CURVE('',#8288,#9523,#11351,.T.);
#11351 = LINE('',#11352,#11353);
#11352 = CARTESIAN_POINT('',(167.912292,-68.362394,-4.5E-02));
#11353 = VECTOR('',#11354,1.);
#11354 = DIRECTION('',(0.,0.,1.));
#11355 = ORIENTED_EDGE('',*,*,#9522,.F.);
#11356 = ORIENTED_EDGE('',*,*,#11350,.F.);
#11357 = CYLINDRICAL_SURFACE('',#11358,0.45);
#11358 = AXIS2_PLACEMENT_3D('',#11359,#11360,#11361);
#11359 = CARTESIAN_POINT('',(167.912292,-67.912394,-4.5E-02));
#11360 = DIRECTION('',(-0.,0.,-1.));
#11361 = DIRECTION('',(6.315935428978E-14,-1.,-0.));
#11362 = ADVANCED_FACE('',(#11363),#11374,.F.);
#11363 = FACE_BOUND('',#11364,.T.);
#11364 = EDGE_LOOP('',(#11365,#11366,#11372,#11373));
#11365 = ORIENTED_EDGE('',*,*,#8298,.T.);
#11366 = ORIENTED_EDGE('',*,*,#11367,.T.);
#11367 = EDGE_CURVE('',#8299,#9534,#11368,.T.);
#11368 = LINE('',#11369,#11370);
#11369 = CARTESIAN_POINT('',(169.708343,-66.566343,-4.5E-02));
#11370 = VECTOR('',#11371,1.);
#11371 = DIRECTION('',(0.,0.,1.));
#11372 = ORIENTED_EDGE('',*,*,#9533,.F.);
#11373 = ORIENTED_EDGE('',*,*,#11367,.F.);
#11374 = CYLINDRICAL_SURFACE('',#11375,0.45);
#11375 = AXIS2_PLACEMENT_3D('',#11376,#11377,#11378);
#11376 = CARTESIAN_POINT('',(169.708343,-66.116343,-4.5E-02));
#11377 = DIRECTION('',(-0.,-0.,-1.));
#11378 = DIRECTION('',(-0.,-1.,0.));
#11379 = ADVANCED_FACE('',(#11380),#11391,.F.);
#11380 = FACE_BOUND('',#11381,.T.);
#11381 = EDGE_LOOP('',(#11382,#11383,#11389,#11390));
#11382 = ORIENTED_EDGE('',*,*,#8309,.T.);
#11383 = ORIENTED_EDGE('',*,*,#11384,.T.);
#11384 = EDGE_CURVE('',#8310,#9545,#11385,.T.);
#11385 = LINE('',#11386,#11387);
#11386 = CARTESIAN_POINT('',(180.287978,-59.497487,-4.5E-02));
#11387 = VECTOR('',#11388,1.);
#11388 = DIRECTION('',(0.,0.,1.));
#11389 = ORIENTED_EDGE('',*,*,#9544,.F.);
#11390 = ORIENTED_EDGE('',*,*,#11384,.F.);
#11391 = CYLINDRICAL_SURFACE('',#11392,0.45);
#11392 = AXIS2_PLACEMENT_3D('',#11393,#11394,#11395);
#11393 = CARTESIAN_POINT('',(180.287978,-59.047487,-4.5E-02));
#11394 = DIRECTION('',(-0.,-0.,-1.));
#11395 = DIRECTION('',(-0.,-1.,0.));
#11396 = ADVANCED_FACE('',(#11397),#11408,.F.);
#11397 = FACE_BOUND('',#11398,.T.);
#11398 = EDGE_LOOP('',(#11399,#11400,#11406,#11407));
#11399 = ORIENTED_EDGE('',*,*,#8320,.T.);
#11400 = ORIENTED_EDGE('',*,*,#11401,.T.);
#11401 = EDGE_CURVE('',#8321,#9556,#11402,.T.);
#11402 = LINE('',#11403,#11404);
#11403 = CARTESIAN_POINT('',(182.634631,-58.525471,-4.5E-02));
#11404 = VECTOR('',#11405,1.);
#11405 = DIRECTION('',(0.,0.,1.));
#11406 = ORIENTED_EDGE('',*,*,#9555,.F.);
#11407 = ORIENTED_EDGE('',*,*,#11401,.F.);
#11408 = CYLINDRICAL_SURFACE('',#11409,0.45);
#11409 = AXIS2_PLACEMENT_3D('',#11410,#11411,#11412);
#11410 = CARTESIAN_POINT('',(182.634631,-58.075471,-4.5E-02));
#11411 = DIRECTION('',(-0.,-0.,-1.));
#11412 = DIRECTION('',(-0.,-1.,0.));
#11413 = ADVANCED_FACE('',(#11414),#11425,.F.);
#11414 = FACE_BOUND('',#11415,.T.);
#11415 = EDGE_LOOP('',(#11416,#11417,#11423,#11424));
#11416 = ORIENTED_EDGE('',*,*,#8331,.T.);
#11417 = ORIENTED_EDGE('',*,*,#11418,.T.);
#11418 = EDGE_CURVE('',#8332,#9567,#11419,.T.);
#11419 = LINE('',#11420,#11421);
#11420 = CARTESIAN_POINT('',(184.981285,-57.553455,-4.5E-02));
#11421 = VECTOR('',#11422,1.);
#11422 = DIRECTION('',(0.,0.,1.));
#11423 = ORIENTED_EDGE('',*,*,#9566,.F.);
#11424 = ORIENTED_EDGE('',*,*,#11418,.F.);
#11425 = CYLINDRICAL_SURFACE('',#11426,0.45);
#11426 = AXIS2_PLACEMENT_3D('',#11427,#11428,#11429);
#11427 = CARTESIAN_POINT('',(184.981285,-57.103455,-4.5E-02));
#11428 = DIRECTION('',(-0.,-0.,-1.));
#11429 = DIRECTION('',(-0.,-1.,0.));
#11430 = ADVANCED_FACE('',(#11431),#11442,.F.);
#11431 = FACE_BOUND('',#11432,.T.);
#11432 = EDGE_LOOP('',(#11433,#11434,#11440,#11441));
#11433 = ORIENTED_EDGE('',*,*,#8342,.T.);
#11434 = ORIENTED_EDGE('',*,*,#11435,.T.);
#11435 = EDGE_CURVE('',#8343,#9578,#11436,.T.);
#11436 = LINE('',#11437,#11438);
#11437 = CARTESIAN_POINT('',(197.46,-55.0712,-4.5E-02));
#11438 = VECTOR('',#11439,1.);
#11439 = DIRECTION('',(0.,0.,1.));
#11440 = ORIENTED_EDGE('',*,*,#9577,.F.);
#11441 = ORIENTED_EDGE('',*,*,#11435,.F.);
#11442 = CYLINDRICAL_SURFACE('',#11443,0.45);
#11443 = AXIS2_PLACEMENT_3D('',#11444,#11445,#11446);
#11444 = CARTESIAN_POINT('',(197.46,-54.6212,-4.5E-02));
#11445 = DIRECTION('',(-0.,0.,-1.));
#11446 = DIRECTION('',(6.315935428978E-14,-1.,-0.));
#11447 = ADVANCED_FACE('',(#11448),#11459,.F.);
#11448 = FACE_BOUND('',#11449,.T.);
#11449 = EDGE_LOOP('',(#11450,#11451,#11457,#11458));
#11450 = ORIENTED_EDGE('',*,*,#8353,.T.);
#11451 = ORIENTED_EDGE('',*,*,#11452,.T.);
#11452 = EDGE_CURVE('',#8354,#9589,#11453,.T.);
#11453 = LINE('',#11454,#11455);
#11454 = CARTESIAN_POINT('',(207.62,-97.96,-4.5E-02));
#11455 = VECTOR('',#11456,1.);
#11456 = DIRECTION('',(0.,0.,1.));
#11457 = ORIENTED_EDGE('',*,*,#9588,.F.);
#11458 = ORIENTED_EDGE('',*,*,#11452,.F.);
#11459 = CYLINDRICAL_SURFACE('',#11460,0.5);
#11460 = AXIS2_PLACEMENT_3D('',#11461,#11462,#11463);
#11461 = CARTESIAN_POINT('',(207.62,-97.46,-4.5E-02));
#11462 = DIRECTION('',(-0.,-0.,-1.));
#11463 = DIRECTION('',(-0.,-1.,0.));
#11464 = ADVANCED_FACE('',(#11465),#11476,.F.);
#11465 = FACE_BOUND('',#11466,.T.);
#11466 = EDGE_LOOP('',(#11467,#11468,#11474,#11475));
#11467 = ORIENTED_EDGE('',*,*,#8364,.T.);
#11468 = ORIENTED_EDGE('',*,*,#11469,.T.);
#11469 = EDGE_CURVE('',#8365,#9600,#11470,.T.);
#11470 = LINE('',#11471,#11472);
#11471 = CARTESIAN_POINT('',(207.62,-95.42,-4.5E-02));
#11472 = VECTOR('',#11473,1.);
#11473 = DIRECTION('',(0.,0.,1.));
#11474 = ORIENTED_EDGE('',*,*,#9599,.F.);
#11475 = ORIENTED_EDGE('',*,*,#11469,.F.);
#11476 = CYLINDRICAL_SURFACE('',#11477,0.5);
#11477 = AXIS2_PLACEMENT_3D('',#11478,#11479,#11480);
#11478 = CARTESIAN_POINT('',(207.62,-94.92,-4.5E-02));
#11479 = DIRECTION('',(-0.,-0.,-1.));
#11480 = DIRECTION('',(-0.,-1.,0.));
#11481 = ADVANCED_FACE('',(#11482),#11493,.F.);
#11482 = FACE_BOUND('',#11483,.T.);
#11483 = EDGE_LOOP('',(#11484,#11485,#11491,#11492));
#11484 = ORIENTED_EDGE('',*,*,#8375,.T.);
#11485 = ORIENTED_EDGE('',*,*,#11486,.T.);
#11486 = EDGE_CURVE('',#8376,#9611,#11487,.T.);
#11487 = LINE('',#11488,#11489);
#11488 = CARTESIAN_POINT('',(207.62,-92.88,-4.5E-02));
#11489 = VECTOR('',#11490,1.);
#11490 = DIRECTION('',(0.,0.,1.));
#11491 = ORIENTED_EDGE('',*,*,#9610,.F.);
#11492 = ORIENTED_EDGE('',*,*,#11486,.F.);
#11493 = CYLINDRICAL_SURFACE('',#11494,0.5);
#11494 = AXIS2_PLACEMENT_3D('',#11495,#11496,#11497);
#11495 = CARTESIAN_POINT('',(207.62,-92.38,-4.5E-02));
#11496 = DIRECTION('',(-0.,-0.,-1.));
#11497 = DIRECTION('',(-0.,-1.,0.));
#11498 = ADVANCED_FACE('',(#11499),#11510,.F.);
#11499 = FACE_BOUND('',#11500,.T.);
#11500 = EDGE_LOOP('',(#11501,#11502,#11508,#11509));
#11501 = ORIENTED_EDGE('',*,*,#8386,.T.);
#11502 = ORIENTED_EDGE('',*,*,#11503,.T.);
#11503 = EDGE_CURVE('',#8387,#9622,#11504,.T.);
#11504 = LINE('',#11505,#11506);
#11505 = CARTESIAN_POINT('',(207.62,-90.34,-4.5E-02));
#11506 = VECTOR('',#11507,1.);
#11507 = DIRECTION('',(0.,0.,1.));
#11508 = ORIENTED_EDGE('',*,*,#9621,.F.);
#11509 = ORIENTED_EDGE('',*,*,#11503,.F.);
#11510 = CYLINDRICAL_SURFACE('',#11511,0.5);
#11511 = AXIS2_PLACEMENT_3D('',#11512,#11513,#11514);
#11512 = CARTESIAN_POINT('',(207.62,-89.84,-4.5E-02));
#11513 = DIRECTION('',(-0.,-0.,-1.));
#11514 = DIRECTION('',(-0.,-1.,0.));
#11515 = ADVANCED_FACE('',(#11516),#11527,.F.);
#11516 = FACE_BOUND('',#11517,.T.);
#11517 = EDGE_LOOP('',(#11518,#11519,#11525,#11526));
#11518 = ORIENTED_EDGE('',*,*,#8397,.T.);
#11519 = ORIENTED_EDGE('',*,*,#11520,.T.);
#11520 = EDGE_CURVE('',#8398,#9633,#11521,.T.);
#11521 = LINE('',#11522,#11523);
#11522 = CARTESIAN_POINT('',(207.62,-87.8,-4.5E-02));
#11523 = VECTOR('',#11524,1.);
#11524 = DIRECTION('',(0.,0.,1.));
#11525 = ORIENTED_EDGE('',*,*,#9632,.F.);
#11526 = ORIENTED_EDGE('',*,*,#11520,.F.);
#11527 = CYLINDRICAL_SURFACE('',#11528,0.5);
#11528 = AXIS2_PLACEMENT_3D('',#11529,#11530,#11531);
#11529 = CARTESIAN_POINT('',(207.62,-87.3,-4.5E-02));
#11530 = DIRECTION('',(-0.,-0.,-1.));
#11531 = DIRECTION('',(-0.,-1.,0.));
#11532 = ADVANCED_FACE('',(#11533),#11544,.F.);
#11533 = FACE_BOUND('',#11534,.T.);
#11534 = EDGE_LOOP('',(#11535,#11536,#11542,#11543));
#11535 = ORIENTED_EDGE('',*,*,#8408,.T.);
#11536 = ORIENTED_EDGE('',*,*,#11537,.T.);
#11537 = EDGE_CURVE('',#8409,#9644,#11538,.T.);
#11538 = LINE('',#11539,#11540);
#11539 = CARTESIAN_POINT('',(207.62,-85.26,-4.5E-02));
#11540 = VECTOR('',#11541,1.);
#11541 = DIRECTION('',(0.,0.,1.));
#11542 = ORIENTED_EDGE('',*,*,#9643,.F.);
#11543 = ORIENTED_EDGE('',*,*,#11537,.F.);
#11544 = CYLINDRICAL_SURFACE('',#11545,0.5);
#11545 = AXIS2_PLACEMENT_3D('',#11546,#11547,#11548);
#11546 = CARTESIAN_POINT('',(207.62,-84.76,-4.5E-02));
#11547 = DIRECTION('',(-0.,-0.,-1.));
#11548 = DIRECTION('',(-0.,-1.,0.));
#11549 = ADVANCED_FACE('',(#11550),#11561,.F.);
#11550 = FACE_BOUND('',#11551,.T.);
#11551 = EDGE_LOOP('',(#11552,#11553,#11559,#11560));
#11552 = ORIENTED_EDGE('',*,*,#8419,.T.);
#11553 = ORIENTED_EDGE('',*,*,#11554,.T.);
#11554 = EDGE_CURVE('',#8420,#9655,#11555,.T.);
#11555 = LINE('',#11556,#11557);
#11556 = CARTESIAN_POINT('',(207.62,-82.72,-4.5E-02));
#11557 = VECTOR('',#11558,1.);
#11558 = DIRECTION('',(0.,0.,1.));
#11559 = ORIENTED_EDGE('',*,*,#9654,.F.);
#11560 = ORIENTED_EDGE('',*,*,#11554,.F.);
#11561 = CYLINDRICAL_SURFACE('',#11562,0.5);
#11562 = AXIS2_PLACEMENT_3D('',#11563,#11564,#11565);
#11563 = CARTESIAN_POINT('',(207.62,-82.22,-4.5E-02));
#11564 = DIRECTION('',(-0.,-0.,-1.));
#11565 = DIRECTION('',(-0.,-1.,0.));
#11566 = ADVANCED_FACE('',(#11567),#11578,.F.);
#11567 = FACE_BOUND('',#11568,.T.);
#11568 = EDGE_LOOP('',(#11569,#11570,#11576,#11577));
#11569 = ORIENTED_EDGE('',*,*,#8430,.T.);
#11570 = ORIENTED_EDGE('',*,*,#11571,.T.);
#11571 = EDGE_CURVE('',#8431,#9666,#11572,.T.);
#11572 = LINE('',#11573,#11574);
#11573 = CARTESIAN_POINT('',(245.3788,-97.91,-4.5E-02));
#11574 = VECTOR('',#11575,1.);
#11575 = DIRECTION('',(0.,0.,1.));
#11576 = ORIENTED_EDGE('',*,*,#9665,.F.);
#11577 = ORIENTED_EDGE('',*,*,#11571,.F.);
#11578 = CYLINDRICAL_SURFACE('',#11579,0.45);
#11579 = AXIS2_PLACEMENT_3D('',#11580,#11581,#11582);
#11580 = CARTESIAN_POINT('',(245.3788,-97.46,-4.5E-02));
#11581 = DIRECTION('',(-0.,-0.,-1.));
#11582 = DIRECTION('',(-0.,-1.,0.));
#11583 = ADVANCED_FACE('',(#11584),#11600,.T.);
#11584 = FACE_BOUND('',#11585,.T.);
#11585 = EDGE_LOOP('',(#11586,#11592,#11593,#11599));
#11586 = ORIENTED_EDGE('',*,*,#11587,.T.);
#11587 = EDGE_CURVE('',#8442,#9677,#11588,.T.);
#11588 = LINE('',#11589,#11590);
#11589 = CARTESIAN_POINT('',(215.,-97.,0.));
#11590 = VECTOR('',#11591,1.);
#11591 = DIRECTION('',(0.,0.,1.));
#11592 = ORIENTED_EDGE('',*,*,#9676,.T.);
#11593 = ORIENTED_EDGE('',*,*,#11594,.F.);
#11594 = EDGE_CURVE('',#8444,#9679,#11595,.T.);
#11595 = LINE('',#11596,#11597);
#11596 = CARTESIAN_POINT('',(239.88734,-97.,0.));
#11597 = VECTOR('',#11598,1.);
#11598 = DIRECTION('',(0.,0.,1.));
#11599 = ORIENTED_EDGE('',*,*,#8441,.F.);
#11600 = PLANE('',#11601);
#11601 = AXIS2_PLACEMENT_3D('',#11602,#11603,#11604);
#11602 = CARTESIAN_POINT('',(215.,-97.,0.));
#11603 = DIRECTION('',(0.,1.,0.));
#11604 = DIRECTION('',(1.,0.,0.));
#11605 = ADVANCED_FACE('',(#11606),#11617,.T.);
#11606 = FACE_BOUND('',#11607,.T.);
#11607 = EDGE_LOOP('',(#11608,#11614,#11615,#11616));
#11608 = ORIENTED_EDGE('',*,*,#11609,.T.);
#11609 = EDGE_CURVE('',#8452,#9687,#11610,.T.);
#11610 = LINE('',#11611,#11612);
#11611 = CARTESIAN_POINT('',(215.,-62.919009,0.));
#11612 = VECTOR('',#11613,1.);
#11613 = DIRECTION('',(0.,0.,1.));
#11614 = ORIENTED_EDGE('',*,*,#9686,.T.);
#11615 = ORIENTED_EDGE('',*,*,#11587,.F.);
#11616 = ORIENTED_EDGE('',*,*,#8451,.F.);
#11617 = PLANE('',#11618);
#11618 = AXIS2_PLACEMENT_3D('',#11619,#11620,#11621);
#11619 = CARTESIAN_POINT('',(215.,-62.919009,0.));
#11620 = DIRECTION('',(1.,0.,-0.));
#11621 = DIRECTION('',(0.,-1.,0.));
#11622 = ADVANCED_FACE('',(#11623),#11629,.F.);
#11623 = FACE_BOUND('',#11624,.T.);
#11624 = EDGE_LOOP('',(#11625,#11626,#11627,#11628));
#11625 = ORIENTED_EDGE('',*,*,#11594,.T.);
#11626 = ORIENTED_EDGE('',*,*,#9694,.T.);
#11627 = ORIENTED_EDGE('',*,*,#11609,.F.);
#11628 = ORIENTED_EDGE('',*,*,#8459,.F.);
#11629 = CYLINDRICAL_SURFACE('',#11630,39.999994375799);
#11630 = AXIS2_PLACEMENT_3D('',#11631,#11632,#11633);
#11631 = CARTESIAN_POINT('',(200.00000406506,-99.99999701294,0.));
#11632 = DIRECTION('',(-0.,-0.,-1.));
#11633 = DIRECTION('',(0.997183538582,7.499993586891E-02,-0.));
#11634 = ADVANCED_FACE('',(#11635),#11646,.F.);
#11635 = FACE_BOUND('',#11636,.T.);
#11636 = EDGE_LOOP('',(#11637,#11638,#11644,#11645));
#11637 = ORIENTED_EDGE('',*,*,#8468,.T.);
#11638 = ORIENTED_EDGE('',*,*,#11639,.T.);
#11639 = EDGE_CURVE('',#8469,#9704,#11640,.T.);
#11640 = LINE('',#11641,#11642);
#11641 = CARTESIAN_POINT('',(242.896545,-85.431285,-4.5E-02));
#11642 = VECTOR('',#11643,1.);
#11643 = DIRECTION('',(0.,0.,1.));
#11644 = ORIENTED_EDGE('',*,*,#9703,.F.);
#11645 = ORIENTED_EDGE('',*,*,#11639,.F.);
#11646 = CYLINDRICAL_SURFACE('',#11647,0.45);
#11647 = AXIS2_PLACEMENT_3D('',#11648,#11649,#11650);
#11648 = CARTESIAN_POINT('',(242.896545,-84.981285,-4.5E-02));
#11649 = DIRECTION('',(-0.,-0.,-1.));
#11650 = DIRECTION('',(-0.,-1.,0.));
#11651 = ADVANCED_FACE('',(#11652),#11663,.F.);
#11652 = FACE_BOUND('',#11653,.T.);
#11653 = EDGE_LOOP('',(#11654,#11655,#11661,#11662));
#11654 = ORIENTED_EDGE('',*,*,#8479,.T.);
#11655 = ORIENTED_EDGE('',*,*,#11656,.T.);
#11656 = EDGE_CURVE('',#8480,#9715,#11657,.T.);
#11657 = LINE('',#11658,#11659);
#11658 = CARTESIAN_POINT('',(241.924529,-83.084631,-4.5E-02));
#11659 = VECTOR('',#11660,1.);
#11660 = DIRECTION('',(0.,0.,1.));
#11661 = ORIENTED_EDGE('',*,*,#9714,.F.);
#11662 = ORIENTED_EDGE('',*,*,#11656,.F.);
#11663 = CYLINDRICAL_SURFACE('',#11664,0.45);
#11664 = AXIS2_PLACEMENT_3D('',#11665,#11666,#11667);
#11665 = CARTESIAN_POINT('',(241.924529,-82.634631,-4.5E-02));
#11666 = DIRECTION('',(-0.,-0.,-1.));
#11667 = DIRECTION('',(-0.,-1.,0.));
#11668 = ADVANCED_FACE('',(#11669),#11680,.F.);
#11669 = FACE_BOUND('',#11670,.T.);
#11670 = EDGE_LOOP('',(#11671,#11672,#11678,#11679));
#11671 = ORIENTED_EDGE('',*,*,#8490,.T.);
#11672 = ORIENTED_EDGE('',*,*,#11673,.T.);
#11673 = EDGE_CURVE('',#8491,#9726,#11674,.T.);
#11674 = LINE('',#11675,#11676);
#11675 = CARTESIAN_POINT('',(240.952513,-80.737978,-4.5E-02));
#11676 = VECTOR('',#11677,1.);
#11677 = DIRECTION('',(0.,0.,1.));
#11678 = ORIENTED_EDGE('',*,*,#9725,.F.);
#11679 = ORIENTED_EDGE('',*,*,#11673,.F.);
#11680 = CYLINDRICAL_SURFACE('',#11681,0.45);
#11681 = AXIS2_PLACEMENT_3D('',#11682,#11683,#11684);
#11682 = CARTESIAN_POINT('',(240.952513,-80.287978,-4.5E-02));
#11683 = DIRECTION('',(-0.,-0.,-1.));
#11684 = DIRECTION('',(-0.,-1.,0.));
#11685 = ADVANCED_FACE('',(#11686),#11697,.F.);
#11686 = FACE_BOUND('',#11687,.T.);
#11687 = EDGE_LOOP('',(#11688,#11689,#11695,#11696));
#11688 = ORIENTED_EDGE('',*,*,#8501,.T.);
#11689 = ORIENTED_EDGE('',*,*,#11690,.T.);
#11690 = EDGE_CURVE('',#8502,#9737,#11691,.T.);
#11691 = LINE('',#11692,#11693);
#11692 = CARTESIAN_POINT('',(200.,-55.0712,-4.5E-02));
#11693 = VECTOR('',#11694,1.);
#11694 = DIRECTION('',(0.,0.,1.));
#11695 = ORIENTED_EDGE('',*,*,#9736,.F.);
#11696 = ORIENTED_EDGE('',*,*,#11690,.F.);
#11697 = CYLINDRICAL_SURFACE('',#11698,0.45);
#11698 = AXIS2_PLACEMENT_3D('',#11699,#11700,#11701);
#11699 = CARTESIAN_POINT('',(200.,-54.6212,-4.5E-02));
#11700 = DIRECTION('',(-0.,-0.,-1.));
#11701 = DIRECTION('',(-0.,-1.,0.));
#11702 = ADVANCED_FACE('',(#11703),#11714,.F.);
#11703 = FACE_BOUND('',#11704,.T.);
#11704 = EDGE_LOOP('',(#11705,#11706,#11712,#11713));
#11705 = ORIENTED_EDGE('',*,*,#8512,.T.);
#11706 = ORIENTED_EDGE('',*,*,#11707,.T.);
#11707 = EDGE_CURVE('',#8513,#9748,#11708,.T.);
#11708 = LINE('',#11709,#11710);
#11709 = CARTESIAN_POINT('',(202.54,-55.0712,-4.5E-02));
#11710 = VECTOR('',#11711,1.);
#11711 = DIRECTION('',(0.,0.,1.));
#11712 = ORIENTED_EDGE('',*,*,#9747,.F.);
#11713 = ORIENTED_EDGE('',*,*,#11707,.F.);
#11714 = CYLINDRICAL_SURFACE('',#11715,0.45);
#11715 = AXIS2_PLACEMENT_3D('',#11716,#11717,#11718);
#11716 = CARTESIAN_POINT('',(202.54,-54.6212,-4.5E-02));
#11717 = DIRECTION('',(-0.,-0.,-1.));
#11718 = DIRECTION('',(-6.315935428979E-14,-1.,0.));
#11719 = ADVANCED_FACE('',(#11720),#11731,.F.);
#11720 = FACE_BOUND('',#11721,.T.);
#11721 = EDGE_LOOP('',(#11722,#11723,#11729,#11730));
#11722 = ORIENTED_EDGE('',*,*,#8523,.T.);
#11723 = ORIENTED_EDGE('',*,*,#11724,.T.);
#11724 = EDGE_CURVE('',#8524,#9759,#11725,.T.);
#11725 = LINE('',#11726,#11727);
#11726 = CARTESIAN_POINT('',(215.019407,-57.553423,-4.5E-02));
#11727 = VECTOR('',#11728,1.);
#11728 = DIRECTION('',(0.,0.,1.));
#11729 = ORIENTED_EDGE('',*,*,#9758,.F.);
#11730 = ORIENTED_EDGE('',*,*,#11724,.F.);
#11731 = CYLINDRICAL_SURFACE('',#11732,0.45);
#11732 = AXIS2_PLACEMENT_3D('',#11733,#11734,#11735);
#11733 = CARTESIAN_POINT('',(215.019407,-57.103423,-4.5E-02));
#11734 = DIRECTION('',(-0.,-0.,-1.));
#11735 = DIRECTION('',(-0.,-1.,0.));
#11736 = ADVANCED_FACE('',(#11737),#11748,.F.);
#11737 = FACE_BOUND('',#11738,.T.);
#11738 = EDGE_LOOP('',(#11739,#11740,#11746,#11747));
#11739 = ORIENTED_EDGE('',*,*,#8534,.T.);
#11740 = ORIENTED_EDGE('',*,*,#11741,.T.);
#11741 = EDGE_CURVE('',#8535,#9770,#11742,.T.);
#11742 = LINE('',#11743,#11744);
#11743 = CARTESIAN_POINT('',(219.712715,-59.497455,-4.5E-02));
#11744 = VECTOR('',#11745,1.);
#11745 = DIRECTION('',(0.,0.,1.));
#11746 = ORIENTED_EDGE('',*,*,#9769,.F.);
#11747 = ORIENTED_EDGE('',*,*,#11741,.F.);
#11748 = CYLINDRICAL_SURFACE('',#11749,0.45);
#11749 = AXIS2_PLACEMENT_3D('',#11750,#11751,#11752);
#11750 = CARTESIAN_POINT('',(219.712715,-59.047455,-4.5E-02));
#11751 = DIRECTION('',(-0.,-0.,-1.));
#11752 = DIRECTION('',(-0.,-1.,0.));
#11753 = ADVANCED_FACE('',(#11754),#11765,.F.);
#11754 = FACE_BOUND('',#11755,.T.);
#11755 = EDGE_LOOP('',(#11756,#11757,#11763,#11764));
#11756 = ORIENTED_EDGE('',*,*,#8545,.T.);
#11757 = ORIENTED_EDGE('',*,*,#11758,.T.);
#11758 = EDGE_CURVE('',#8546,#9781,#11759,.T.);
#11759 = LINE('',#11760,#11761);
#11760 = CARTESIAN_POINT('',(217.366061,-58.525439,-4.5E-02));
#11761 = VECTOR('',#11762,1.);
#11762 = DIRECTION('',(0.,0.,1.));
#11763 = ORIENTED_EDGE('',*,*,#9780,.F.);
#11764 = ORIENTED_EDGE('',*,*,#11758,.F.);
#11765 = CYLINDRICAL_SURFACE('',#11766,0.45);
#11766 = AXIS2_PLACEMENT_3D('',#11767,#11768,#11769);
#11767 = CARTESIAN_POINT('',(217.366061,-58.075439,-4.5E-02));
#11768 = DIRECTION('',(-0.,-0.,-1.));
#11769 = DIRECTION('',(-0.,-1.,0.));
#11770 = ADVANCED_FACE('',(#11771),#11782,.F.);
#11771 = FACE_BOUND('',#11772,.T.);
#11772 = EDGE_LOOP('',(#11773,#11774,#11780,#11781));
#11773 = ORIENTED_EDGE('',*,*,#8556,.T.);
#11774 = ORIENTED_EDGE('',*,*,#11775,.T.);
#11775 = EDGE_CURVE('',#8557,#9792,#11776,.T.);
#11776 = LINE('',#11777,#11778);
#11777 = CARTESIAN_POINT('',(233.883657,-70.158343,-4.5E-02));
#11778 = VECTOR('',#11779,1.);
#11779 = DIRECTION('',(0.,0.,1.));
#11780 = ORIENTED_EDGE('',*,*,#9791,.F.);
#11781 = ORIENTED_EDGE('',*,*,#11775,.F.);
#11782 = CYLINDRICAL_SURFACE('',#11783,0.45);
#11783 = AXIS2_PLACEMENT_3D('',#11784,#11785,#11786);
#11784 = CARTESIAN_POINT('',(233.883657,-69.708343,-4.5E-02));
#11785 = DIRECTION('',(-0.,-0.,-1.));
#11786 = DIRECTION('',(-0.,-1.,0.));
#11787 = ADVANCED_FACE('',(#11788),#11799,.F.);
#11788 = FACE_BOUND('',#11789,.T.);
#11789 = EDGE_LOOP('',(#11790,#11791,#11797,#11798));
#11790 = ORIENTED_EDGE('',*,*,#8567,.T.);
#11791 = ORIENTED_EDGE('',*,*,#11792,.T.);
#11792 = EDGE_CURVE('',#8568,#9803,#11793,.T.);
#11793 = LINE('',#11794,#11795);
#11794 = CARTESIAN_POINT('',(230.291556,-66.566241,-4.5E-02));
#11795 = VECTOR('',#11796,1.);
#11796 = DIRECTION('',(0.,0.,1.));
#11797 = ORIENTED_EDGE('',*,*,#9802,.F.);
#11798 = ORIENTED_EDGE('',*,*,#11792,.F.);
#11799 = CYLINDRICAL_SURFACE('',#11800,0.45);
#11800 = AXIS2_PLACEMENT_3D('',#11801,#11802,#11803);
#11801 = CARTESIAN_POINT('',(230.291556,-66.116241,-4.5E-02));
#11802 = DIRECTION('',(-0.,-0.,-1.));
#11803 = DIRECTION('',(-0.,-1.,0.));
#11804 = ADVANCED_FACE('',(#11805),#11816,.F.);
#11805 = FACE_BOUND('',#11806,.T.);
#11806 = EDGE_LOOP('',(#11807,#11808,#11814,#11815));
#11807 = ORIENTED_EDGE('',*,*,#8578,.T.);
#11808 = ORIENTED_EDGE('',*,*,#11809,.T.);
#11809 = EDGE_CURVE('',#8579,#9814,#11810,.T.);
#11810 = LINE('',#11811,#11812);
#11811 = CARTESIAN_POINT('',(232.087606,-68.362292,-4.5E-02));
#11812 = VECTOR('',#11813,1.);
#11813 = DIRECTION('',(0.,0.,1.));
#11814 = ORIENTED_EDGE('',*,*,#9813,.F.);
#11815 = ORIENTED_EDGE('',*,*,#11809,.F.);
#11816 = CYLINDRICAL_SURFACE('',#11817,0.45);
#11817 = AXIS2_PLACEMENT_3D('',#11818,#11819,#11820);
#11818 = CARTESIAN_POINT('',(232.087606,-67.912292,-4.5E-02));
#11819 = DIRECTION('',(-0.,-0.,-1.));
#11820 = DIRECTION('',(-0.,-1.,0.));
#11821 = ADVANCED_FACE('',(#11822),#11833,.F.);
#11822 = FACE_BOUND('',#11823,.T.);
#11823 = EDGE_LOOP('',(#11824,#11830,#11831,#11832));
#11824 = ORIENTED_EDGE('',*,*,#11825,.T.);
#11825 = EDGE_CURVE('',#8590,#9825,#11826,.T.);
#11826 = LINE('',#11827,#11828);
#11827 = CARTESIAN_POINT('',(244.84251,-69.031058,0.));
#11828 = VECTOR('',#11829,1.);
#11829 = DIRECTION('',(0.,0.,1.));
#11830 = ORIENTED_EDGE('',*,*,#9824,.T.);
#11831 = ORIENTED_EDGE('',*,*,#11825,.F.);
#11832 = ORIENTED_EDGE('',*,*,#8589,.F.);
#11833 = CYLINDRICAL_SURFACE('',#11834,1.58555);
#11834 = AXIS2_PLACEMENT_3D('',#11835,#11836,#11837);
#11835 = CARTESIAN_POINT('',(243.25696,-69.031058,0.));
#11836 = DIRECTION('',(-0.,-0.,-1.));
#11837 = DIRECTION('',(1.,0.,-0.));
#11838 = ( GEOMETRIC_REPRESENTATION_CONTEXT(3) 
GLOBAL_UNCERTAINTY_ASSIGNED_CONTEXT((#11842)) 
GLOBAL_UNIT_ASSIGNED_CONTEXT((#11839,#11840,#11841)) 
REPRESENTATION_CONTEXT('Context #1',
  '3D Context with UNIT and UNCERTAINTY') );
#11839 = ( LENGTH_UNIT() NAMED_UNIT(*) SI_UNIT(.MILLI.,.METRE.) );
#11840 = ( NAMED_UNIT(*) PLANE_ANGLE_UNIT() SI_UNIT($,.RADIAN.) );
#11841 = ( NAMED_UNIT(*) SI_UNIT($,.STERADIAN.) SOLID_ANGLE_UNIT() );
#11842 = UNCERTAINTY_MEASURE_WITH_UNIT(LENGTH_MEASURE(1.E-07),#11839,
  'distance_accuracy_value','confusion accuracy');
#11843 = CONTEXT_DEPENDENT_SHAPE_REPRESENTATION(#11844,#11846);
#11844 = ( REPRESENTATION_RELATIONSHIP('','',#7260,#10) 
REPRESENTATION_RELATIONSHIP_WITH_TRANSFORMATION(#11845) 
SHAPE_REPRESENTATION_RELATIONSHIP() );
#11845 = ITEM_DEFINED_TRANSFORMATION('','',#11,#83);
#11846 = PRODUCT_DEFINITION_SHAPE('Placement','Placement of an item',
  #11847);
#11847 = NEXT_ASSEMBLY_USAGE_OCCURRENCE('20','=>[0:1:1:6]','',#5,#7255,$
  );
#11848 = PRODUCT_RELATED_PRODUCT_CATEGORY('part',$,(#7257));
#11849 = MECHANICAL_DESIGN_GEOMETRIC_PRESENTATION_REPRESENTATION('',(
    #11850,#11858,#11865,#11872,#11879,#11886,#11893,#11900,#11907,
    #11914,#11921,#11928,#11935,#11942,#11949,#11956,#11963,#11970,
    #11977,#11984,#11991,#11998,#12005,#12012,#12019,#12026,#12033,
    #12040,#12047,#12054,#12061,#12068,#12075,#12082,#12089,#12096,
    #12103,#12110,#12117,#12124,#12131,#12138,#12145,#12152,#12159,
    #12166,#12173,#12180,#12187,#12194,#12201,#12208,#12215,#12222,
    #12229,#12236,#12243,#12250,#12257,#12264,#12271,#12278,#12285,
    #12292,#12299,#12306,#12313,#12320,#12328,#12335,#12342,#12349,
    #12356,#12363,#12370,#12377,#12384,#12391,#12398,#12405,#12412,
    #12419,#12426,#12433,#12440,#12447,#12454,#12461,#12468,#12475,
    #12482,#12489,#12496,#12503,#12510,#12517,#12524,#12531,#12538,
    #12545,#12552,#12559,#12566,#12573,#12580,#12587,#12594,#12601,
    #12608,#12615,#12622,#12629,#12636,#12643,#12650,#12657,#12664,
    #12671,#12678,#12685,#12692,#12699,#12706,#12713,#12720,#12727,
    #12734,#12741,#12748,#12755,#12762,#12769,#12776,#12783,#12790,
    #12797,#12804,#12811,#12818,#12825,#12832,#12839,#12846,#12853,
    #12860,#12867,#12874,#12881,#12888,#12895,#12902,#12909,#12916,
    #12923,#12930,#12937,#12944,#12951,#12958,#12965,#12972,#12979,
    #12986,#12993,#13000),#7242);
#11850 = STYLED_ITEM('color',(#11851),#2375);
#11851 = PRESENTATION_STYLE_ASSIGNMENT((#11852));
#11852 = SURFACE_STYLE_USAGE(.BOTH.,#11853);
#11853 = SURFACE_SIDE_STYLE('',(#11854));
#11854 = SURFACE_STYLE_FILL_AREA(#11855);
#11855 = FILL_AREA_STYLE('',(#11856));
#11856 = FILL_AREA_STYLE_COLOUR('',#11857);
#11857 = COLOUR_RGB('',0.894117649055,0.890196087049,0.811764731185);
#11858 = STYLED_ITEM('color',(#11859),#2447);
#11859 = PRESENTATION_STYLE_ASSIGNMENT((#11860));
#11860 = SURFACE_STYLE_USAGE(.BOTH.,#11861);
#11861 = SURFACE_SIDE_STYLE('',(#11862));
#11862 = SURFACE_STYLE_FILL_AREA(#11863);
#11863 = FILL_AREA_STYLE('',(#11864));
#11864 = FILL_AREA_STYLE_COLOUR('',#11857);
#11865 = STYLED_ITEM('color',(#11866),#2486);
#11866 = PRESENTATION_STYLE_ASSIGNMENT((#11867));
#11867 = SURFACE_STYLE_USAGE(.BOTH.,#11868);
#11868 = SURFACE_SIDE_STYLE('',(#11869));
#11869 = SURFACE_STYLE_FILL_AREA(#11870);
#11870 = FILL_AREA_STYLE('',(#11871));
#11871 = FILL_AREA_STYLE_COLOUR('',#11857);
#11872 = STYLED_ITEM('color',(#11873),#2510);
#11873 = PRESENTATION_STYLE_ASSIGNMENT((#11874));
#11874 = SURFACE_STYLE_USAGE(.BOTH.,#11875);
#11875 = SURFACE_SIDE_STYLE('',(#11876));
#11876 = SURFACE_STYLE_FILL_AREA(#11877);
#11877 = FILL_AREA_STYLE('',(#11878));
#11878 = FILL_AREA_STYLE_COLOUR('',#11857);
#11879 = STYLED_ITEM('color',(#11880),#2575);
#11880 = PRESENTATION_STYLE_ASSIGNMENT((#11881));
#11881 = SURFACE_STYLE_USAGE(.BOTH.,#11882);
#11882 = SURFACE_SIDE_STYLE('',(#11883));
#11883 = SURFACE_STYLE_FILL_AREA(#11884);
#11884 = FILL_AREA_STYLE('',(#11885));
#11885 = FILL_AREA_STYLE_COLOUR('',#11857);
#11886 = STYLED_ITEM('color',(#11887),#2599);
#11887 = PRESENTATION_STYLE_ASSIGNMENT((#11888));
#11888 = SURFACE_STYLE_USAGE(.BOTH.,#11889);
#11889 = SURFACE_SIDE_STYLE('',(#11890));
#11890 = SURFACE_STYLE_FILL_AREA(#11891);
#11891 = FILL_AREA_STYLE('',(#11892));
#11892 = FILL_AREA_STYLE_COLOUR('',#11857);
#11893 = STYLED_ITEM('color',(#11894),#2783);
#11894 = PRESENTATION_STYLE_ASSIGNMENT((#11895));
#11895 = SURFACE_STYLE_USAGE(.BOTH.,#11896);
#11896 = SURFACE_SIDE_STYLE('',(#11897));
#11897 = SURFACE_STYLE_FILL_AREA(#11898);
#11898 = FILL_AREA_STYLE('',(#11899));
#11899 = FILL_AREA_STYLE_COLOUR('',#11857);
#11900 = STYLED_ITEM('color',(#11901),#2807);
#11901 = PRESENTATION_STYLE_ASSIGNMENT((#11902));
#11902 = SURFACE_STYLE_USAGE(.BOTH.,#11903);
#11903 = SURFACE_SIDE_STYLE('',(#11904));
#11904 = SURFACE_STYLE_FILL_AREA(#11905);
#11905 = FILL_AREA_STYLE('',(#11906));
#11906 = FILL_AREA_STYLE_COLOUR('',#11857);
#11907 = STYLED_ITEM('color',(#11908),#2872);
#11908 = PRESENTATION_STYLE_ASSIGNMENT((#11909));
#11909 = SURFACE_STYLE_USAGE(.BOTH.,#11910);
#11910 = SURFACE_SIDE_STYLE('',(#11911));
#11911 = SURFACE_STYLE_FILL_AREA(#11912);
#11912 = FILL_AREA_STYLE('',(#11913));
#11913 = FILL_AREA_STYLE_COLOUR('',#11857);
#11914 = STYLED_ITEM('color',(#11915),#2897);
#11915 = PRESENTATION_STYLE_ASSIGNMENT((#11916));
#11916 = SURFACE_STYLE_USAGE(.BOTH.,#11917);
#11917 = SURFACE_SIDE_STYLE('',(#11918));
#11918 = SURFACE_STYLE_FILL_AREA(#11919);
#11919 = FILL_AREA_STYLE('',(#11920));
#11920 = FILL_AREA_STYLE_COLOUR('',#11857);
#11921 = STYLED_ITEM('color',(#11922),#2946);
#11922 = PRESENTATION_STYLE_ASSIGNMENT((#11923));
#11923 = SURFACE_STYLE_USAGE(.BOTH.,#11924);
#11924 = SURFACE_SIDE_STYLE('',(#11925));
#11925 = SURFACE_STYLE_FILL_AREA(#11926);
#11926 = FILL_AREA_STYLE('',(#11927));
#11927 = FILL_AREA_STYLE_COLOUR('',#11857);
#11928 = STYLED_ITEM('color',(#11929),#2963);
#11929 = PRESENTATION_STYLE_ASSIGNMENT((#11930));
#11930 = SURFACE_STYLE_USAGE(.BOTH.,#11931);
#11931 = SURFACE_SIDE_STYLE('',(#11932));
#11932 = SURFACE_STYLE_FILL_AREA(#11933);
#11933 = FILL_AREA_STYLE('',(#11934));
#11934 = FILL_AREA_STYLE_COLOUR('',#11857);
#11935 = STYLED_ITEM('color',(#11936),#2987);
#11936 = PRESENTATION_STYLE_ASSIGNMENT((#11937));
#11937 = SURFACE_STYLE_USAGE(.BOTH.,#11938);
#11938 = SURFACE_SIDE_STYLE('',(#11939));
#11939 = SURFACE_STYLE_FILL_AREA(#11940);
#11940 = FILL_AREA_STYLE('',(#11941));
#11941 = FILL_AREA_STYLE_COLOUR('',#11857);
#11942 = STYLED_ITEM('color',(#11943),#3004);
#11943 = PRESENTATION_STYLE_ASSIGNMENT((#11944));
#11944 = SURFACE_STYLE_USAGE(.BOTH.,#11945);
#11945 = SURFACE_SIDE_STYLE('',(#11946));
#11946 = SURFACE_STYLE_FILL_AREA(#11947);
#11947 = FILL_AREA_STYLE('',(#11948));
#11948 = FILL_AREA_STYLE_COLOUR('',#11857);
#11949 = STYLED_ITEM('color',(#11950),#3174);
#11950 = PRESENTATION_STYLE_ASSIGNMENT((#11951));
#11951 = SURFACE_STYLE_USAGE(.BOTH.,#11952);
#11952 = SURFACE_SIDE_STYLE('',(#11953));
#11953 = SURFACE_STYLE_FILL_AREA(#11954);
#11954 = FILL_AREA_STYLE('',(#11955));
#11955 = FILL_AREA_STYLE_COLOUR('',#11857);
#11956 = STYLED_ITEM('color',(#11957),#3198);
#11957 = PRESENTATION_STYLE_ASSIGNMENT((#11958));
#11958 = SURFACE_STYLE_USAGE(.BOTH.,#11959);
#11959 = SURFACE_SIDE_STYLE('',(#11960));
#11960 = SURFACE_STYLE_FILL_AREA(#11961);
#11961 = FILL_AREA_STYLE('',(#11962));
#11962 = FILL_AREA_STYLE_COLOUR('',#11857);
#11963 = STYLED_ITEM('color',(#11964),#3496);
#11964 = PRESENTATION_STYLE_ASSIGNMENT((#11965));
#11965 = SURFACE_STYLE_USAGE(.BOTH.,#11966);
#11966 = SURFACE_SIDE_STYLE('',(#11967));
#11967 = SURFACE_STYLE_FILL_AREA(#11968);
#11968 = FILL_AREA_STYLE('',(#11969));
#11969 = FILL_AREA_STYLE_COLOUR('',#11857);
#11970 = STYLED_ITEM('color',(#11971),#3520);
#11971 = PRESENTATION_STYLE_ASSIGNMENT((#11972));
#11972 = SURFACE_STYLE_USAGE(.BOTH.,#11973);
#11973 = SURFACE_SIDE_STYLE('',(#11974));
#11974 = SURFACE_STYLE_FILL_AREA(#11975);
#11975 = FILL_AREA_STYLE('',(#11976));
#11976 = FILL_AREA_STYLE_COLOUR('',#11857);
#11977 = STYLED_ITEM('color',(#11978),#3553);
#11978 = PRESENTATION_STYLE_ASSIGNMENT((#11979));
#11979 = SURFACE_STYLE_USAGE(.BOTH.,#11980);
#11980 = SURFACE_SIDE_STYLE('',(#11981));
#11981 = SURFACE_STYLE_FILL_AREA(#11982);
#11982 = FILL_AREA_STYLE('',(#11983));
#11983 = FILL_AREA_STYLE_COLOUR('',#11857);
#11984 = STYLED_ITEM('color',(#11985),#3577);
#11985 = PRESENTATION_STYLE_ASSIGNMENT((#11986));
#11986 = SURFACE_STYLE_USAGE(.BOTH.,#11987);
#11987 = SURFACE_SIDE_STYLE('',(#11988));
#11988 = SURFACE_STYLE_FILL_AREA(#11989);
#11989 = FILL_AREA_STYLE('',(#11990));
#11990 = FILL_AREA_STYLE_COLOUR('',#11857);
#11991 = STYLED_ITEM('color',(#11992),#3608);
#11992 = PRESENTATION_STYLE_ASSIGNMENT((#11993));
#11993 = SURFACE_STYLE_USAGE(.BOTH.,#11994);
#11994 = SURFACE_SIDE_STYLE('',(#11995));
#11995 = SURFACE_STYLE_FILL_AREA(#11996);
#11996 = FILL_AREA_STYLE('',(#11997));
#11997 = FILL_AREA_STYLE_COLOUR('',#11857);
#11998 = STYLED_ITEM('color',(#11999),#3625);
#11999 = PRESENTATION_STYLE_ASSIGNMENT((#12000));
#12000 = SURFACE_STYLE_USAGE(.BOTH.,#12001);
#12001 = SURFACE_SIDE_STYLE('',(#12002));
#12002 = SURFACE_STYLE_FILL_AREA(#12003);
#12003 = FILL_AREA_STYLE('',(#12004));
#12004 = FILL_AREA_STYLE_COLOUR('',#11857);
#12005 = STYLED_ITEM('color',(#12006),#3658);
#12006 = PRESENTATION_STYLE_ASSIGNMENT((#12007));
#12007 = SURFACE_STYLE_USAGE(.BOTH.,#12008);
#12008 = SURFACE_SIDE_STYLE('',(#12009));
#12009 = SURFACE_STYLE_FILL_AREA(#12010);
#12010 = FILL_AREA_STYLE('',(#12011));
#12011 = FILL_AREA_STYLE_COLOUR('',#11857);
#12012 = STYLED_ITEM('color',(#12013),#3682);
#12013 = PRESENTATION_STYLE_ASSIGNMENT((#12014));
#12014 = SURFACE_STYLE_USAGE(.BOTH.,#12015);
#12015 = SURFACE_SIDE_STYLE('',(#12016));
#12016 = SURFACE_STYLE_FILL_AREA(#12017);
#12017 = FILL_AREA_STYLE('',(#12018));
#12018 = FILL_AREA_STYLE_COLOUR('',#11857);
#12019 = STYLED_ITEM('color',(#12020),#3713);
#12020 = PRESENTATION_STYLE_ASSIGNMENT((#12021));
#12021 = SURFACE_STYLE_USAGE(.BOTH.,#12022);
#12022 = SURFACE_SIDE_STYLE('',(#12023));
#12023 = SURFACE_STYLE_FILL_AREA(#12024);
#12024 = FILL_AREA_STYLE('',(#12025));
#12025 = FILL_AREA_STYLE_COLOUR('',#11857);
#12026 = STYLED_ITEM('color',(#12027),#3730);
#12027 = PRESENTATION_STYLE_ASSIGNMENT((#12028));
#12028 = SURFACE_STYLE_USAGE(.BOTH.,#12029);
#12029 = SURFACE_SIDE_STYLE('',(#12030));
#12030 = SURFACE_STYLE_FILL_AREA(#12031);
#12031 = FILL_AREA_STYLE('',(#12032));
#12032 = FILL_AREA_STYLE_COLOUR('',#11857);
#12033 = STYLED_ITEM('color',(#12034),#3763);
#12034 = PRESENTATION_STYLE_ASSIGNMENT((#12035));
#12035 = SURFACE_STYLE_USAGE(.BOTH.,#12036);
#12036 = SURFACE_SIDE_STYLE('',(#12037));
#12037 = SURFACE_STYLE_FILL_AREA(#12038);
#12038 = FILL_AREA_STYLE('',(#12039));
#12039 = FILL_AREA_STYLE_COLOUR('',#11857);
#12040 = STYLED_ITEM('color',(#12041),#3787);
#12041 = PRESENTATION_STYLE_ASSIGNMENT((#12042));
#12042 = SURFACE_STYLE_USAGE(.BOTH.,#12043);
#12043 = SURFACE_SIDE_STYLE('',(#12044));
#12044 = SURFACE_STYLE_FILL_AREA(#12045);
#12045 = FILL_AREA_STYLE('',(#12046));
#12046 = FILL_AREA_STYLE_COLOUR('',#11857);
#12047 = STYLED_ITEM('color',(#12048),#3818);
#12048 = PRESENTATION_STYLE_ASSIGNMENT((#12049));
#12049 = SURFACE_STYLE_USAGE(.BOTH.,#12050);
#12050 = SURFACE_SIDE_STYLE('',(#12051));
#12051 = SURFACE_STYLE_FILL_AREA(#12052);
#12052 = FILL_AREA_STYLE('',(#12053));
#12053 = FILL_AREA_STYLE_COLOUR('',#11857);
#12054 = STYLED_ITEM('color',(#12055),#3835);
#12055 = PRESENTATION_STYLE_ASSIGNMENT((#12056));
#12056 = SURFACE_STYLE_USAGE(.BOTH.,#12057);
#12057 = SURFACE_SIDE_STYLE('',(#12058));
#12058 = SURFACE_STYLE_FILL_AREA(#12059);
#12059 = FILL_AREA_STYLE('',(#12060));
#12060 = FILL_AREA_STYLE_COLOUR('',#11857);
#12061 = STYLED_ITEM('color',(#12062),#3868);
#12062 = PRESENTATION_STYLE_ASSIGNMENT((#12063));
#12063 = SURFACE_STYLE_USAGE(.BOTH.,#12064);
#12064 = SURFACE_SIDE_STYLE('',(#12065));
#12065 = SURFACE_STYLE_FILL_AREA(#12066);
#12066 = FILL_AREA_STYLE('',(#12067));
#12067 = FILL_AREA_STYLE_COLOUR('',#11857);
#12068 = STYLED_ITEM('color',(#12069),#3892);
#12069 = PRESENTATION_STYLE_ASSIGNMENT((#12070));
#12070 = SURFACE_STYLE_USAGE(.BOTH.,#12071);
#12071 = SURFACE_SIDE_STYLE('',(#12072));
#12072 = SURFACE_STYLE_FILL_AREA(#12073);
#12073 = FILL_AREA_STYLE('',(#12074));
#12074 = FILL_AREA_STYLE_COLOUR('',#11857);
#12075 = STYLED_ITEM('color',(#12076),#3923);
#12076 = PRESENTATION_STYLE_ASSIGNMENT((#12077));
#12077 = SURFACE_STYLE_USAGE(.BOTH.,#12078);
#12078 = SURFACE_SIDE_STYLE('',(#12079));
#12079 = SURFACE_STYLE_FILL_AREA(#12080);
#12080 = FILL_AREA_STYLE('',(#12081));
#12081 = FILL_AREA_STYLE_COLOUR('',#11857);
#12082 = STYLED_ITEM('color',(#12083),#3940);
#12083 = PRESENTATION_STYLE_ASSIGNMENT((#12084));
#12084 = SURFACE_STYLE_USAGE(.BOTH.,#12085);
#12085 = SURFACE_SIDE_STYLE('',(#12086));
#12086 = SURFACE_STYLE_FILL_AREA(#12087);
#12087 = FILL_AREA_STYLE('',(#12088));
#12088 = FILL_AREA_STYLE_COLOUR('',#11857);
#12089 = STYLED_ITEM('color',(#12090),#3973);
#12090 = PRESENTATION_STYLE_ASSIGNMENT((#12091));
#12091 = SURFACE_STYLE_USAGE(.BOTH.,#12092);
#12092 = SURFACE_SIDE_STYLE('',(#12093));
#12093 = SURFACE_STYLE_FILL_AREA(#12094);
#12094 = FILL_AREA_STYLE('',(#12095));
#12095 = FILL_AREA_STYLE_COLOUR('',#11857);
#12096 = STYLED_ITEM('color',(#12097),#3997);
#12097 = PRESENTATION_STYLE_ASSIGNMENT((#12098));
#12098 = SURFACE_STYLE_USAGE(.BOTH.,#12099);
#12099 = SURFACE_SIDE_STYLE('',(#12100));
#12100 = SURFACE_STYLE_FILL_AREA(#12101);
#12101 = FILL_AREA_STYLE('',(#12102));
#12102 = FILL_AREA_STYLE_COLOUR('',#11857);
#12103 = STYLED_ITEM('color',(#12104),#4028);
#12104 = PRESENTATION_STYLE_ASSIGNMENT((#12105));
#12105 = SURFACE_STYLE_USAGE(.BOTH.,#12106);
#12106 = SURFACE_SIDE_STYLE('',(#12107));
#12107 = SURFACE_STYLE_FILL_AREA(#12108);
#12108 = FILL_AREA_STYLE('',(#12109));
#12109 = FILL_AREA_STYLE_COLOUR('',#11857);
#12110 = STYLED_ITEM('color',(#12111),#4040);
#12111 = PRESENTATION_STYLE_ASSIGNMENT((#12112));
#12112 = SURFACE_STYLE_USAGE(.BOTH.,#12113);
#12113 = SURFACE_SIDE_STYLE('',(#12114));
#12114 = SURFACE_STYLE_FILL_AREA(#12115);
#12115 = FILL_AREA_STYLE('',(#12116));
#12116 = FILL_AREA_STYLE_COLOUR('',#11857);
#12117 = STYLED_ITEM('color',(#12118),#4073);
#12118 = PRESENTATION_STYLE_ASSIGNMENT((#12119));
#12119 = SURFACE_STYLE_USAGE(.BOTH.,#12120);
#12120 = SURFACE_SIDE_STYLE('',(#12121));
#12121 = SURFACE_STYLE_FILL_AREA(#12122);
#12122 = FILL_AREA_STYLE('',(#12123));
#12123 = FILL_AREA_STYLE_COLOUR('',#11857);
#12124 = STYLED_ITEM('color',(#12125),#4090);
#12125 = PRESENTATION_STYLE_ASSIGNMENT((#12126));
#12126 = SURFACE_STYLE_USAGE(.BOTH.,#12127);
#12127 = SURFACE_SIDE_STYLE('',(#12128));
#12128 = SURFACE_STYLE_FILL_AREA(#12129);
#12129 = FILL_AREA_STYLE('',(#12130));
#12130 = FILL_AREA_STYLE_COLOUR('',#11857);
#12131 = STYLED_ITEM('color',(#12132),#4107);
#12132 = PRESENTATION_STYLE_ASSIGNMENT((#12133));
#12133 = SURFACE_STYLE_USAGE(.BOTH.,#12134);
#12134 = SURFACE_SIDE_STYLE('',(#12135));
#12135 = SURFACE_STYLE_FILL_AREA(#12136);
#12136 = FILL_AREA_STYLE('',(#12137));
#12137 = FILL_AREA_STYLE_COLOUR('',#11857);
#12138 = STYLED_ITEM('color',(#12139),#4119);
#12139 = PRESENTATION_STYLE_ASSIGNMENT((#12140));
#12140 = SURFACE_STYLE_USAGE(.BOTH.,#12141);
#12141 = SURFACE_SIDE_STYLE('',(#12142));
#12142 = SURFACE_STYLE_FILL_AREA(#12143);
#12143 = FILL_AREA_STYLE('',(#12144));
#12144 = FILL_AREA_STYLE_COLOUR('',#11857);
#12145 = STYLED_ITEM('color',(#12146),#4301);
#12146 = PRESENTATION_STYLE_ASSIGNMENT((#12147));
#12147 = SURFACE_STYLE_USAGE(.BOTH.,#12148);
#12148 = SURFACE_SIDE_STYLE('',(#12149));
#12149 = SURFACE_STYLE_FILL_AREA(#12150);
#12150 = FILL_AREA_STYLE('',(#12151));
#12151 = FILL_AREA_STYLE_COLOUR('',#11857);
#12152 = STYLED_ITEM('color',(#12153),#4318);
#12153 = PRESENTATION_STYLE_ASSIGNMENT((#12154));
#12154 = SURFACE_STYLE_USAGE(.BOTH.,#12155);
#12155 = SURFACE_SIDE_STYLE('',(#12156));
#12156 = SURFACE_STYLE_FILL_AREA(#12157);
#12157 = FILL_AREA_STYLE('',(#12158));
#12158 = FILL_AREA_STYLE_COLOUR('',#11857);
#12159 = STYLED_ITEM('color',(#12160),#4335);
#12160 = PRESENTATION_STYLE_ASSIGNMENT((#12161));
#12161 = SURFACE_STYLE_USAGE(.BOTH.,#12162);
#12162 = SURFACE_SIDE_STYLE('',(#12163));
#12163 = SURFACE_STYLE_FILL_AREA(#12164);
#12164 = FILL_AREA_STYLE('',(#12165));
#12165 = FILL_AREA_STYLE_COLOUR('',#11857);
#12166 = STYLED_ITEM('color',(#12167),#4352);
#12167 = PRESENTATION_STYLE_ASSIGNMENT((#12168));
#12168 = SURFACE_STYLE_USAGE(.BOTH.,#12169);
#12169 = SURFACE_SIDE_STYLE('',(#12170));
#12170 = SURFACE_STYLE_FILL_AREA(#12171);
#12171 = FILL_AREA_STYLE('',(#12172));
#12172 = FILL_AREA_STYLE_COLOUR('',#11857);
#12173 = STYLED_ITEM('color',(#12174),#4369);
#12174 = PRESENTATION_STYLE_ASSIGNMENT((#12175));
#12175 = SURFACE_STYLE_USAGE(.BOTH.,#12176);
#12176 = SURFACE_SIDE_STYLE('',(#12177));
#12177 = SURFACE_STYLE_FILL_AREA(#12178);
#12178 = FILL_AREA_STYLE('',(#12179));
#12179 = FILL_AREA_STYLE_COLOUR('',#11857);
#12180 = STYLED_ITEM('color',(#12181),#4386);
#12181 = PRESENTATION_STYLE_ASSIGNMENT((#12182));
#12182 = SURFACE_STYLE_USAGE(.BOTH.,#12183);
#12183 = SURFACE_SIDE_STYLE('',(#12184));
#12184 = SURFACE_STYLE_FILL_AREA(#12185);
#12185 = FILL_AREA_STYLE('',(#12186));
#12186 = FILL_AREA_STYLE_COLOUR('',#11857);
#12187 = STYLED_ITEM('color',(#12188),#4403);
#12188 = PRESENTATION_STYLE_ASSIGNMENT((#12189));
#12189 = SURFACE_STYLE_USAGE(.BOTH.,#12190);
#12190 = SURFACE_SIDE_STYLE('',(#12191));
#12191 = SURFACE_STYLE_FILL_AREA(#12192);
#12192 = FILL_AREA_STYLE('',(#12193));
#12193 = FILL_AREA_STYLE_COLOUR('',#11857);
#12194 = STYLED_ITEM('color',(#12195),#4420);
#12195 = PRESENTATION_STYLE_ASSIGNMENT((#12196));
#12196 = SURFACE_STYLE_USAGE(.BOTH.,#12197);
#12197 = SURFACE_SIDE_STYLE('',(#12198));
#12198 = SURFACE_STYLE_FILL_AREA(#12199);
#12199 = FILL_AREA_STYLE('',(#12200));
#12200 = FILL_AREA_STYLE_COLOUR('',#11857);
#12201 = STYLED_ITEM('color',(#12202),#4437);
#12202 = PRESENTATION_STYLE_ASSIGNMENT((#12203));
#12203 = SURFACE_STYLE_USAGE(.BOTH.,#12204);
#12204 = SURFACE_SIDE_STYLE('',(#12205));
#12205 = SURFACE_STYLE_FILL_AREA(#12206);
#12206 = FILL_AREA_STYLE('',(#12207));
#12207 = FILL_AREA_STYLE_COLOUR('',#11857);
#12208 = STYLED_ITEM('color',(#12209),#4454);
#12209 = PRESENTATION_STYLE_ASSIGNMENT((#12210));
#12210 = SURFACE_STYLE_USAGE(.BOTH.,#12211);
#12211 = SURFACE_SIDE_STYLE('',(#12212));
#12212 = SURFACE_STYLE_FILL_AREA(#12213);
#12213 = FILL_AREA_STYLE('',(#12214));
#12214 = FILL_AREA_STYLE_COLOUR('',#11857);
#12215 = STYLED_ITEM('color',(#12216),#4471);
#12216 = PRESENTATION_STYLE_ASSIGNMENT((#12217));
#12217 = SURFACE_STYLE_USAGE(.BOTH.,#12218);
#12218 = SURFACE_SIDE_STYLE('',(#12219));
#12219 = SURFACE_STYLE_FILL_AREA(#12220);
#12220 = FILL_AREA_STYLE('',(#12221));
#12221 = FILL_AREA_STYLE_COLOUR('',#11857);
#12222 = STYLED_ITEM('color',(#12223),#4488);
#12223 = PRESENTATION_STYLE_ASSIGNMENT((#12224));
#12224 = SURFACE_STYLE_USAGE(.BOTH.,#12225);
#12225 = SURFACE_SIDE_STYLE('',(#12226));
#12226 = SURFACE_STYLE_FILL_AREA(#12227);
#12227 = FILL_AREA_STYLE('',(#12228));
#12228 = FILL_AREA_STYLE_COLOUR('',#11857);
#12229 = STYLED_ITEM('color',(#12230),#4505);
#12230 = PRESENTATION_STYLE_ASSIGNMENT((#12231));
#12231 = SURFACE_STYLE_USAGE(.BOTH.,#12232);
#12232 = SURFACE_SIDE_STYLE('',(#12233));
#12233 = SURFACE_STYLE_FILL_AREA(#12234);
#12234 = FILL_AREA_STYLE('',(#12235));
#12235 = FILL_AREA_STYLE_COLOUR('',#11857);
#12236 = STYLED_ITEM('color',(#12237),#4522);
#12237 = PRESENTATION_STYLE_ASSIGNMENT((#12238));
#12238 = SURFACE_STYLE_USAGE(.BOTH.,#12239);
#12239 = SURFACE_SIDE_STYLE('',(#12240));
#12240 = SURFACE_STYLE_FILL_AREA(#12241);
#12241 = FILL_AREA_STYLE('',(#12242));
#12242 = FILL_AREA_STYLE_COLOUR('',#11857);
#12243 = STYLED_ITEM('color',(#12244),#4539);
#12244 = PRESENTATION_STYLE_ASSIGNMENT((#12245));
#12245 = SURFACE_STYLE_USAGE(.BOTH.,#12246);
#12246 = SURFACE_SIDE_STYLE('',(#12247));
#12247 = SURFACE_STYLE_FILL_AREA(#12248);
#12248 = FILL_AREA_STYLE('',(#12249));
#12249 = FILL_AREA_STYLE_COLOUR('',#11857);
#12250 = STYLED_ITEM('color',(#12251),#4551);
#12251 = PRESENTATION_STYLE_ASSIGNMENT((#12252));
#12252 = SURFACE_STYLE_USAGE(.BOTH.,#12253);
#12253 = SURFACE_SIDE_STYLE('',(#12254));
#12254 = SURFACE_STYLE_FILL_AREA(#12255);
#12255 = FILL_AREA_STYLE('',(#12256));
#12256 = FILL_AREA_STYLE_COLOUR('',#11857);
#12257 = STYLED_ITEM('color',(#12258),#4568);
#12258 = PRESENTATION_STYLE_ASSIGNMENT((#12259));
#12259 = SURFACE_STYLE_USAGE(.BOTH.,#12260);
#12260 = SURFACE_SIDE_STYLE('',(#12261));
#12261 = SURFACE_STYLE_FILL_AREA(#12262);
#12262 = FILL_AREA_STYLE('',(#12263));
#12263 = FILL_AREA_STYLE_COLOUR('',#11857);
#12264 = STYLED_ITEM('color',(#12265),#4585);
#12265 = PRESENTATION_STYLE_ASSIGNMENT((#12266));
#12266 = SURFACE_STYLE_USAGE(.BOTH.,#12267);
#12267 = SURFACE_SIDE_STYLE('',(#12268));
#12268 = SURFACE_STYLE_FILL_AREA(#12269);
#12269 = FILL_AREA_STYLE('',(#12270));
#12270 = FILL_AREA_STYLE_COLOUR('',#11857);
#12271 = STYLED_ITEM('color',(#12272),#4602);
#12272 = PRESENTATION_STYLE_ASSIGNMENT((#12273));
#12273 = SURFACE_STYLE_USAGE(.BOTH.,#12274);
#12274 = SURFACE_SIDE_STYLE('',(#12275));
#12275 = SURFACE_STYLE_FILL_AREA(#12276);
#12276 = FILL_AREA_STYLE('',(#12277));
#12277 = FILL_AREA_STYLE_COLOUR('',#11857);
#12278 = STYLED_ITEM('color',(#12279),#4619);
#12279 = PRESENTATION_STYLE_ASSIGNMENT((#12280));
#12280 = SURFACE_STYLE_USAGE(.BOTH.,#12281);
#12281 = SURFACE_SIDE_STYLE('',(#12282));
#12282 = SURFACE_STYLE_FILL_AREA(#12283);
#12283 = FILL_AREA_STYLE('',(#12284));
#12284 = FILL_AREA_STYLE_COLOUR('',#11857);
#12285 = STYLED_ITEM('color',(#12286),#4636);
#12286 = PRESENTATION_STYLE_ASSIGNMENT((#12287));
#12287 = SURFACE_STYLE_USAGE(.BOTH.,#12288);
#12288 = SURFACE_SIDE_STYLE('',(#12289));
#12289 = SURFACE_STYLE_FILL_AREA(#12290);
#12290 = FILL_AREA_STYLE('',(#12291));
#12291 = FILL_AREA_STYLE_COLOUR('',#11857);
#12292 = STYLED_ITEM('color',(#12293),#4682);
#12293 = PRESENTATION_STYLE_ASSIGNMENT((#12294));
#12294 = SURFACE_STYLE_USAGE(.BOTH.,#12295);
#12295 = SURFACE_SIDE_STYLE('',(#12296));
#12296 = SURFACE_STYLE_FILL_AREA(#12297);
#12297 = FILL_AREA_STYLE('',(#12298));
#12298 = FILL_AREA_STYLE_COLOUR('',#11857);
#12299 = STYLED_ITEM('color',(#12300),#4728);
#12300 = PRESENTATION_STYLE_ASSIGNMENT((#12301));
#12301 = SURFACE_STYLE_USAGE(.BOTH.,#12302);
#12302 = SURFACE_SIDE_STYLE('',(#12303));
#12303 = SURFACE_STYLE_FILL_AREA(#12304);
#12304 = FILL_AREA_STYLE('',(#12305));
#12305 = FILL_AREA_STYLE_COLOUR('',#11857);
#12306 = STYLED_ITEM('color',(#12307),#4774);
#12307 = PRESENTATION_STYLE_ASSIGNMENT((#12308));
#12308 = SURFACE_STYLE_USAGE(.BOTH.,#12309);
#12309 = SURFACE_SIDE_STYLE('',(#12310));
#12310 = SURFACE_STYLE_FILL_AREA(#12311);
#12311 = FILL_AREA_STYLE('',(#12312));
#12312 = FILL_AREA_STYLE_COLOUR('',#11857);
#12313 = STYLED_ITEM('color',(#12314),#4820);
#12314 = PRESENTATION_STYLE_ASSIGNMENT((#12315));
#12315 = SURFACE_STYLE_USAGE(.BOTH.,#12316);
#12316 = SURFACE_SIDE_STYLE('',(#12317));
#12317 = SURFACE_STYLE_FILL_AREA(#12318);
#12318 = FILL_AREA_STYLE('',(#12319));
#12319 = FILL_AREA_STYLE_COLOUR('',#11857);
#12320 = STYLED_ITEM('color',(#12321),#4866);
#12321 = PRESENTATION_STYLE_ASSIGNMENT((#12322));
#12322 = SURFACE_STYLE_USAGE(.BOTH.,#12323);
#12323 = SURFACE_SIDE_STYLE('',(#12324));
#12324 = SURFACE_STYLE_FILL_AREA(#12325);
#12325 = FILL_AREA_STYLE('',(#12326));
#12326 = FILL_AREA_STYLE_COLOUR('',#12327);
#12327 = COLOUR_RGB('',0.823529417451,0.819607860991,0.780392170416);
#12328 = STYLED_ITEM('color',(#12329),#4897);
#12329 = PRESENTATION_STYLE_ASSIGNMENT((#12330));
#12330 = SURFACE_STYLE_USAGE(.BOTH.,#12331);
#12331 = SURFACE_SIDE_STYLE('',(#12332));
#12332 = SURFACE_STYLE_FILL_AREA(#12333);
#12333 = FILL_AREA_STYLE('',(#12334));
#12334 = FILL_AREA_STYLE_COLOUR('',#12327);
#12335 = STYLED_ITEM('color',(#12336),#4921);
#12336 = PRESENTATION_STYLE_ASSIGNMENT((#12337));
#12337 = SURFACE_STYLE_USAGE(.BOTH.,#12338);
#12338 = SURFACE_SIDE_STYLE('',(#12339));
#12339 = SURFACE_STYLE_FILL_AREA(#12340);
#12340 = FILL_AREA_STYLE('',(#12341));
#12341 = FILL_AREA_STYLE_COLOUR('',#12327);
#12342 = STYLED_ITEM('color',(#12343),#4945);
#12343 = PRESENTATION_STYLE_ASSIGNMENT((#12344));
#12344 = SURFACE_STYLE_USAGE(.BOTH.,#12345);
#12345 = SURFACE_SIDE_STYLE('',(#12346));
#12346 = SURFACE_STYLE_FILL_AREA(#12347);
#12347 = FILL_AREA_STYLE('',(#12348));
#12348 = FILL_AREA_STYLE_COLOUR('',#12327);
#12349 = STYLED_ITEM('color',(#12350),#4962);
#12350 = PRESENTATION_STYLE_ASSIGNMENT((#12351));
#12351 = SURFACE_STYLE_USAGE(.BOTH.,#12352);
#12352 = SURFACE_SIDE_STYLE('',(#12353));
#12353 = SURFACE_STYLE_FILL_AREA(#12354);
#12354 = FILL_AREA_STYLE('',(#12355));
#12355 = FILL_AREA_STYLE_COLOUR('',#12327);
#12356 = STYLED_ITEM('color',(#12357),#4993);
#12357 = PRESENTATION_STYLE_ASSIGNMENT((#12358));
#12358 = SURFACE_STYLE_USAGE(.BOTH.,#12359);
#12359 = SURFACE_SIDE_STYLE('',(#12360));
#12360 = SURFACE_STYLE_FILL_AREA(#12361);
#12361 = FILL_AREA_STYLE('',(#12362));
#12362 = FILL_AREA_STYLE_COLOUR('',#12327);
#12363 = STYLED_ITEM('color',(#12364),#5017);
#12364 = PRESENTATION_STYLE_ASSIGNMENT((#12365));
#12365 = SURFACE_STYLE_USAGE(.BOTH.,#12366);
#12366 = SURFACE_SIDE_STYLE('',(#12367));
#12367 = SURFACE_STYLE_FILL_AREA(#12368);
#12368 = FILL_AREA_STYLE('',(#12369));
#12369 = FILL_AREA_STYLE_COLOUR('',#12327);
#12370 = STYLED_ITEM('color',(#12371),#5041);
#12371 = PRESENTATION_STYLE_ASSIGNMENT((#12372));
#12372 = SURFACE_STYLE_USAGE(.BOTH.,#12373);
#12373 = SURFACE_SIDE_STYLE('',(#12374));
#12374 = SURFACE_STYLE_FILL_AREA(#12375);
#12375 = FILL_AREA_STYLE('',(#12376));
#12376 = FILL_AREA_STYLE_COLOUR('',#12327);
#12377 = STYLED_ITEM('color',(#12378),#5058);
#12378 = PRESENTATION_STYLE_ASSIGNMENT((#12379));
#12379 = SURFACE_STYLE_USAGE(.BOTH.,#12380);
#12380 = SURFACE_SIDE_STYLE('',(#12381));
#12381 = SURFACE_STYLE_FILL_AREA(#12382);
#12382 = FILL_AREA_STYLE('',(#12383));
#12383 = FILL_AREA_STYLE_COLOUR('',#12327);
#12384 = STYLED_ITEM('color',(#12385),#5089);
#12385 = PRESENTATION_STYLE_ASSIGNMENT((#12386));
#12386 = SURFACE_STYLE_USAGE(.BOTH.,#12387);
#12387 = SURFACE_SIDE_STYLE('',(#12388));
#12388 = SURFACE_STYLE_FILL_AREA(#12389);
#12389 = FILL_AREA_STYLE('',(#12390));
#12390 = FILL_AREA_STYLE_COLOUR('',#12327);
#12391 = STYLED_ITEM('color',(#12392),#5113);
#12392 = PRESENTATION_STYLE_ASSIGNMENT((#12393));
#12393 = SURFACE_STYLE_USAGE(.BOTH.,#12394);
#12394 = SURFACE_SIDE_STYLE('',(#12395));
#12395 = SURFACE_STYLE_FILL_AREA(#12396);
#12396 = FILL_AREA_STYLE('',(#12397));
#12397 = FILL_AREA_STYLE_COLOUR('',#12327);
#12398 = STYLED_ITEM('color',(#12399),#5137);
#12399 = PRESENTATION_STYLE_ASSIGNMENT((#12400));
#12400 = SURFACE_STYLE_USAGE(.BOTH.,#12401);
#12401 = SURFACE_SIDE_STYLE('',(#12402));
#12402 = SURFACE_STYLE_FILL_AREA(#12403);
#12403 = FILL_AREA_STYLE('',(#12404));
#12404 = FILL_AREA_STYLE_COLOUR('',#12327);
#12405 = STYLED_ITEM('color',(#12406),#5154);
#12406 = PRESENTATION_STYLE_ASSIGNMENT((#12407));
#12407 = SURFACE_STYLE_USAGE(.BOTH.,#12408);
#12408 = SURFACE_SIDE_STYLE('',(#12409));
#12409 = SURFACE_STYLE_FILL_AREA(#12410);
#12410 = FILL_AREA_STYLE('',(#12411));
#12411 = FILL_AREA_STYLE_COLOUR('',#12327);
#12412 = STYLED_ITEM('color',(#12413),#5185);
#12413 = PRESENTATION_STYLE_ASSIGNMENT((#12414));
#12414 = SURFACE_STYLE_USAGE(.BOTH.,#12415);
#12415 = SURFACE_SIDE_STYLE('',(#12416));
#12416 = SURFACE_STYLE_FILL_AREA(#12417);
#12417 = FILL_AREA_STYLE('',(#12418));
#12418 = FILL_AREA_STYLE_COLOUR('',#12327);
#12419 = STYLED_ITEM('color',(#12420),#5209);
#12420 = PRESENTATION_STYLE_ASSIGNMENT((#12421));
#12421 = SURFACE_STYLE_USAGE(.BOTH.,#12422);
#12422 = SURFACE_SIDE_STYLE('',(#12423));
#12423 = SURFACE_STYLE_FILL_AREA(#12424);
#12424 = FILL_AREA_STYLE('',(#12425));
#12425 = FILL_AREA_STYLE_COLOUR('',#12327);
#12426 = STYLED_ITEM('color',(#12427),#5233);
#12427 = PRESENTATION_STYLE_ASSIGNMENT((#12428));
#12428 = SURFACE_STYLE_USAGE(.BOTH.,#12429);
#12429 = SURFACE_SIDE_STYLE('',(#12430));
#12430 = SURFACE_STYLE_FILL_AREA(#12431);
#12431 = FILL_AREA_STYLE('',(#12432));
#12432 = FILL_AREA_STYLE_COLOUR('',#12327);
#12433 = STYLED_ITEM('color',(#12434),#5250);
#12434 = PRESENTATION_STYLE_ASSIGNMENT((#12435));
#12435 = SURFACE_STYLE_USAGE(.BOTH.,#12436);
#12436 = SURFACE_SIDE_STYLE('',(#12437));
#12437 = SURFACE_STYLE_FILL_AREA(#12438);
#12438 = FILL_AREA_STYLE('',(#12439));
#12439 = FILL_AREA_STYLE_COLOUR('',#12327);
#12440 = STYLED_ITEM('color',(#12441),#5281);
#12441 = PRESENTATION_STYLE_ASSIGNMENT((#12442));
#12442 = SURFACE_STYLE_USAGE(.BOTH.,#12443);
#12443 = SURFACE_SIDE_STYLE('',(#12444));
#12444 = SURFACE_STYLE_FILL_AREA(#12445);
#12445 = FILL_AREA_STYLE('',(#12446));
#12446 = FILL_AREA_STYLE_COLOUR('',#12327);
#12447 = STYLED_ITEM('color',(#12448),#5305);
#12448 = PRESENTATION_STYLE_ASSIGNMENT((#12449));
#12449 = SURFACE_STYLE_USAGE(.BOTH.,#12450);
#12450 = SURFACE_SIDE_STYLE('',(#12451));
#12451 = SURFACE_STYLE_FILL_AREA(#12452);
#12452 = FILL_AREA_STYLE('',(#12453));
#12453 = FILL_AREA_STYLE_COLOUR('',#12327);
#12454 = STYLED_ITEM('color',(#12455),#5329);
#12455 = PRESENTATION_STYLE_ASSIGNMENT((#12456));
#12456 = SURFACE_STYLE_USAGE(.BOTH.,#12457);
#12457 = SURFACE_SIDE_STYLE('',(#12458));
#12458 = SURFACE_STYLE_FILL_AREA(#12459);
#12459 = FILL_AREA_STYLE('',(#12460));
#12460 = FILL_AREA_STYLE_COLOUR('',#12327);
#12461 = STYLED_ITEM('color',(#12462),#5346);
#12462 = PRESENTATION_STYLE_ASSIGNMENT((#12463));
#12463 = SURFACE_STYLE_USAGE(.BOTH.,#12464);
#12464 = SURFACE_SIDE_STYLE('',(#12465));
#12465 = SURFACE_STYLE_FILL_AREA(#12466);
#12466 = FILL_AREA_STYLE('',(#12467));
#12467 = FILL_AREA_STYLE_COLOUR('',#12327);
#12468 = STYLED_ITEM('color',(#12469),#5409);
#12469 = PRESENTATION_STYLE_ASSIGNMENT((#12470));
#12470 = SURFACE_STYLE_USAGE(.BOTH.,#12471);
#12471 = SURFACE_SIDE_STYLE('',(#12472));
#12472 = SURFACE_STYLE_FILL_AREA(#12473);
#12473 = FILL_AREA_STYLE('',(#12474));
#12474 = FILL_AREA_STYLE_COLOUR('',#12327);
#12475 = STYLED_ITEM('color',(#12476),#5433);
#12476 = PRESENTATION_STYLE_ASSIGNMENT((#12477));
#12477 = SURFACE_STYLE_USAGE(.BOTH.,#12478);
#12478 = SURFACE_SIDE_STYLE('',(#12479));
#12479 = SURFACE_STYLE_FILL_AREA(#12480);
#12480 = FILL_AREA_STYLE('',(#12481));
#12481 = FILL_AREA_STYLE_COLOUR('',#12327);
#12482 = STYLED_ITEM('color',(#12483),#5489);
#12483 = PRESENTATION_STYLE_ASSIGNMENT((#12484));
#12484 = SURFACE_STYLE_USAGE(.BOTH.,#12485);
#12485 = SURFACE_SIDE_STYLE('',(#12486));
#12486 = SURFACE_STYLE_FILL_AREA(#12487);
#12487 = FILL_AREA_STYLE('',(#12488));
#12488 = FILL_AREA_STYLE_COLOUR('',#12327);
#12489 = STYLED_ITEM('color',(#12490),#5506);
#12490 = PRESENTATION_STYLE_ASSIGNMENT((#12491));
#12491 = SURFACE_STYLE_USAGE(.BOTH.,#12492);
#12492 = SURFACE_SIDE_STYLE('',(#12493));
#12493 = SURFACE_STYLE_FILL_AREA(#12494);
#12494 = FILL_AREA_STYLE('',(#12495));
#12495 = FILL_AREA_STYLE_COLOUR('',#12327);
#12496 = STYLED_ITEM('color',(#12497),#5537);
#12497 = PRESENTATION_STYLE_ASSIGNMENT((#12498));
#12498 = SURFACE_STYLE_USAGE(.BOTH.,#12499);
#12499 = SURFACE_SIDE_STYLE('',(#12500));
#12500 = SURFACE_STYLE_FILL_AREA(#12501);
#12501 = FILL_AREA_STYLE('',(#12502));
#12502 = FILL_AREA_STYLE_COLOUR('',#12327);
#12503 = STYLED_ITEM('color',(#12504),#5561);
#12504 = PRESENTATION_STYLE_ASSIGNMENT((#12505));
#12505 = SURFACE_STYLE_USAGE(.BOTH.,#12506);
#12506 = SURFACE_SIDE_STYLE('',(#12507));
#12507 = SURFACE_STYLE_FILL_AREA(#12508);
#12508 = FILL_AREA_STYLE('',(#12509));
#12509 = FILL_AREA_STYLE_COLOUR('',#12327);
#12510 = STYLED_ITEM('color',(#12511),#5585);
#12511 = PRESENTATION_STYLE_ASSIGNMENT((#12512));
#12512 = SURFACE_STYLE_USAGE(.BOTH.,#12513);
#12513 = SURFACE_SIDE_STYLE('',(#12514));
#12514 = SURFACE_STYLE_FILL_AREA(#12515);
#12515 = FILL_AREA_STYLE('',(#12516));
#12516 = FILL_AREA_STYLE_COLOUR('',#12327);
#12517 = STYLED_ITEM('color',(#12518),#5602);
#12518 = PRESENTATION_STYLE_ASSIGNMENT((#12519));
#12519 = SURFACE_STYLE_USAGE(.BOTH.,#12520);
#12520 = SURFACE_SIDE_STYLE('',(#12521));
#12521 = SURFACE_STYLE_FILL_AREA(#12522);
#12522 = FILL_AREA_STYLE('',(#12523));
#12523 = FILL_AREA_STYLE_COLOUR('',#12327);
#12524 = STYLED_ITEM('color',(#12525),#5633);
#12525 = PRESENTATION_STYLE_ASSIGNMENT((#12526));
#12526 = SURFACE_STYLE_USAGE(.BOTH.,#12527);
#12527 = SURFACE_SIDE_STYLE('',(#12528));
#12528 = SURFACE_STYLE_FILL_AREA(#12529);
#12529 = FILL_AREA_STYLE('',(#12530));
#12530 = FILL_AREA_STYLE_COLOUR('',#12327);
#12531 = STYLED_ITEM('color',(#12532),#5657);
#12532 = PRESENTATION_STYLE_ASSIGNMENT((#12533));
#12533 = SURFACE_STYLE_USAGE(.BOTH.,#12534);
#12534 = SURFACE_SIDE_STYLE('',(#12535));
#12535 = SURFACE_STYLE_FILL_AREA(#12536);
#12536 = FILL_AREA_STYLE('',(#12537));
#12537 = FILL_AREA_STYLE_COLOUR('',#12327);
#12538 = STYLED_ITEM('color',(#12539),#5681);
#12539 = PRESENTATION_STYLE_ASSIGNMENT((#12540));
#12540 = SURFACE_STYLE_USAGE(.BOTH.,#12541);
#12541 = SURFACE_SIDE_STYLE('',(#12542));
#12542 = SURFACE_STYLE_FILL_AREA(#12543);
#12543 = FILL_AREA_STYLE('',(#12544));
#12544 = FILL_AREA_STYLE_COLOUR('',#12327);
#12545 = STYLED_ITEM('color',(#12546),#5698);
#12546 = PRESENTATION_STYLE_ASSIGNMENT((#12547));
#12547 = SURFACE_STYLE_USAGE(.BOTH.,#12548);
#12548 = SURFACE_SIDE_STYLE('',(#12549));
#12549 = SURFACE_STYLE_FILL_AREA(#12550);
#12550 = FILL_AREA_STYLE('',(#12551));
#12551 = FILL_AREA_STYLE_COLOUR('',#12327);
#12552 = STYLED_ITEM('color',(#12553),#5729);
#12553 = PRESENTATION_STYLE_ASSIGNMENT((#12554));
#12554 = SURFACE_STYLE_USAGE(.BOTH.,#12555);
#12555 = SURFACE_SIDE_STYLE('',(#12556));
#12556 = SURFACE_STYLE_FILL_AREA(#12557);
#12557 = FILL_AREA_STYLE('',(#12558));
#12558 = FILL_AREA_STYLE_COLOUR('',#12327);
#12559 = STYLED_ITEM('color',(#12560),#5753);
#12560 = PRESENTATION_STYLE_ASSIGNMENT((#12561));
#12561 = SURFACE_STYLE_USAGE(.BOTH.,#12562);
#12562 = SURFACE_SIDE_STYLE('',(#12563));
#12563 = SURFACE_STYLE_FILL_AREA(#12564);
#12564 = FILL_AREA_STYLE('',(#12565));
#12565 = FILL_AREA_STYLE_COLOUR('',#12327);
#12566 = STYLED_ITEM('color',(#12567),#5777);
#12567 = PRESENTATION_STYLE_ASSIGNMENT((#12568));
#12568 = SURFACE_STYLE_USAGE(.BOTH.,#12569);
#12569 = SURFACE_SIDE_STYLE('',(#12570));
#12570 = SURFACE_STYLE_FILL_AREA(#12571);
#12571 = FILL_AREA_STYLE('',(#12572));
#12572 = FILL_AREA_STYLE_COLOUR('',#12327);
#12573 = STYLED_ITEM('color',(#12574),#5794);
#12574 = PRESENTATION_STYLE_ASSIGNMENT((#12575));
#12575 = SURFACE_STYLE_USAGE(.BOTH.,#12576);
#12576 = SURFACE_SIDE_STYLE('',(#12577));
#12577 = SURFACE_STYLE_FILL_AREA(#12578);
#12578 = FILL_AREA_STYLE('',(#12579));
#12579 = FILL_AREA_STYLE_COLOUR('',#12327);
#12580 = STYLED_ITEM('color',(#12581),#5825);
#12581 = PRESENTATION_STYLE_ASSIGNMENT((#12582));
#12582 = SURFACE_STYLE_USAGE(.BOTH.,#12583);
#12583 = SURFACE_SIDE_STYLE('',(#12584));
#12584 = SURFACE_STYLE_FILL_AREA(#12585);
#12585 = FILL_AREA_STYLE('',(#12586));
#12586 = FILL_AREA_STYLE_COLOUR('',#12327);
#12587 = STYLED_ITEM('color',(#12588),#5881);
#12588 = PRESENTATION_STYLE_ASSIGNMENT((#12589));
#12589 = SURFACE_STYLE_USAGE(.BOTH.,#12590);
#12590 = SURFACE_SIDE_STYLE('',(#12591));
#12591 = SURFACE_STYLE_FILL_AREA(#12592);
#12592 = FILL_AREA_STYLE('',(#12593));
#12593 = FILL_AREA_STYLE_COLOUR('',#12327);
#12594 = STYLED_ITEM('color',(#12595),#5905);
#12595 = PRESENTATION_STYLE_ASSIGNMENT((#12596));
#12596 = SURFACE_STYLE_USAGE(.BOTH.,#12597);
#12597 = SURFACE_SIDE_STYLE('',(#12598));
#12598 = SURFACE_STYLE_FILL_AREA(#12599);
#12599 = FILL_AREA_STYLE('',(#12600));
#12600 = FILL_AREA_STYLE_COLOUR('',#12327);
#12601 = STYLED_ITEM('color',(#12602),#5954);
#12602 = PRESENTATION_STYLE_ASSIGNMENT((#12603));
#12603 = SURFACE_STYLE_USAGE(.BOTH.,#12604);
#12604 = SURFACE_SIDE_STYLE('',(#12605));
#12605 = SURFACE_STYLE_FILL_AREA(#12606);
#12606 = FILL_AREA_STYLE('',(#12607));
#12607 = FILL_AREA_STYLE_COLOUR('',#12327);
#12608 = STYLED_ITEM('color',(#12609),#5985);
#12609 = PRESENTATION_STYLE_ASSIGNMENT((#12610));
#12610 = SURFACE_STYLE_USAGE(.BOTH.,#12611);
#12611 = SURFACE_SIDE_STYLE('',(#12612));
#12612 = SURFACE_STYLE_FILL_AREA(#12613);
#12613 = FILL_AREA_STYLE('',(#12614));
#12614 = FILL_AREA_STYLE_COLOUR('',#12327);
#12615 = STYLED_ITEM('color',(#12616),#6009);
#12616 = PRESENTATION_STYLE_ASSIGNMENT((#12617));
#12617 = SURFACE_STYLE_USAGE(.BOTH.,#12618);
#12618 = SURFACE_SIDE_STYLE('',(#12619));
#12619 = SURFACE_STYLE_FILL_AREA(#12620);
#12620 = FILL_AREA_STYLE('',(#12621));
#12621 = FILL_AREA_STYLE_COLOUR('',#12327);
#12622 = STYLED_ITEM('color',(#12623),#6033);
#12623 = PRESENTATION_STYLE_ASSIGNMENT((#12624));
#12624 = SURFACE_STYLE_USAGE(.BOTH.,#12625);
#12625 = SURFACE_SIDE_STYLE('',(#12626));
#12626 = SURFACE_STYLE_FILL_AREA(#12627);
#12627 = FILL_AREA_STYLE('',(#12628));
#12628 = FILL_AREA_STYLE_COLOUR('',#12327);
#12629 = STYLED_ITEM('color',(#12630),#6050);
#12630 = PRESENTATION_STYLE_ASSIGNMENT((#12631));
#12631 = SURFACE_STYLE_USAGE(.BOTH.,#12632);
#12632 = SURFACE_SIDE_STYLE('',(#12633));
#12633 = SURFACE_STYLE_FILL_AREA(#12634);
#12634 = FILL_AREA_STYLE('',(#12635));
#12635 = FILL_AREA_STYLE_COLOUR('',#12327);
#12636 = STYLED_ITEM('color',(#12637),#6081);
#12637 = PRESENTATION_STYLE_ASSIGNMENT((#12638));
#12638 = SURFACE_STYLE_USAGE(.BOTH.,#12639);
#12639 = SURFACE_SIDE_STYLE('',(#12640));
#12640 = SURFACE_STYLE_FILL_AREA(#12641);
#12641 = FILL_AREA_STYLE('',(#12642));
#12642 = FILL_AREA_STYLE_COLOUR('',#12327);
#12643 = STYLED_ITEM('color',(#12644),#6105);
#12644 = PRESENTATION_STYLE_ASSIGNMENT((#12645));
#12645 = SURFACE_STYLE_USAGE(.BOTH.,#12646);
#12646 = SURFACE_SIDE_STYLE('',(#12647));
#12647 = SURFACE_STYLE_FILL_AREA(#12648);
#12648 = FILL_AREA_STYLE('',(#12649));
#12649 = FILL_AREA_STYLE_COLOUR('',#12327);
#12650 = STYLED_ITEM('color',(#12651),#6129);
#12651 = PRESENTATION_STYLE_ASSIGNMENT((#12652));
#12652 = SURFACE_STYLE_USAGE(.BOTH.,#12653);
#12653 = SURFACE_SIDE_STYLE('',(#12654));
#12654 = SURFACE_STYLE_FILL_AREA(#12655);
#12655 = FILL_AREA_STYLE('',(#12656));
#12656 = FILL_AREA_STYLE_COLOUR('',#12327);
#12657 = STYLED_ITEM('color',(#12658),#6146);
#12658 = PRESENTATION_STYLE_ASSIGNMENT((#12659));
#12659 = SURFACE_STYLE_USAGE(.BOTH.,#12660);
#12660 = SURFACE_SIDE_STYLE('',(#12661));
#12661 = SURFACE_STYLE_FILL_AREA(#12662);
#12662 = FILL_AREA_STYLE('',(#12663));
#12663 = FILL_AREA_STYLE_COLOUR('',#12327);
#12664 = STYLED_ITEM('color',(#12665),#6177);
#12665 = PRESENTATION_STYLE_ASSIGNMENT((#12666));
#12666 = SURFACE_STYLE_USAGE(.BOTH.,#12667);
#12667 = SURFACE_SIDE_STYLE('',(#12668));
#12668 = SURFACE_STYLE_FILL_AREA(#12669);
#12669 = FILL_AREA_STYLE('',(#12670));
#12670 = FILL_AREA_STYLE_COLOUR('',#12327);
#12671 = STYLED_ITEM('color',(#12672),#6201);
#12672 = PRESENTATION_STYLE_ASSIGNMENT((#12673));
#12673 = SURFACE_STYLE_USAGE(.BOTH.,#12674);
#12674 = SURFACE_SIDE_STYLE('',(#12675));
#12675 = SURFACE_STYLE_FILL_AREA(#12676);
#12676 = FILL_AREA_STYLE('',(#12677));
#12677 = FILL_AREA_STYLE_COLOUR('',#12327);
#12678 = STYLED_ITEM('color',(#12679),#6225);
#12679 = PRESENTATION_STYLE_ASSIGNMENT((#12680));
#12680 = SURFACE_STYLE_USAGE(.BOTH.,#12681);
#12681 = SURFACE_SIDE_STYLE('',(#12682));
#12682 = SURFACE_STYLE_FILL_AREA(#12683);
#12683 = FILL_AREA_STYLE('',(#12684));
#12684 = FILL_AREA_STYLE_COLOUR('',#12327);
#12685 = STYLED_ITEM('color',(#12686),#6242);
#12686 = PRESENTATION_STYLE_ASSIGNMENT((#12687));
#12687 = SURFACE_STYLE_USAGE(.BOTH.,#12688);
#12688 = SURFACE_SIDE_STYLE('',(#12689));
#12689 = SURFACE_STYLE_FILL_AREA(#12690);
#12690 = FILL_AREA_STYLE('',(#12691));
#12691 = FILL_AREA_STYLE_COLOUR('',#12327);
#12692 = STYLED_ITEM('color',(#12693),#6273);
#12693 = PRESENTATION_STYLE_ASSIGNMENT((#12694));
#12694 = SURFACE_STYLE_USAGE(.BOTH.,#12695);
#12695 = SURFACE_SIDE_STYLE('',(#12696));
#12696 = SURFACE_STYLE_FILL_AREA(#12697);
#12697 = FILL_AREA_STYLE('',(#12698));
#12698 = FILL_AREA_STYLE_COLOUR('',#12327);
#12699 = STYLED_ITEM('color',(#12700),#6297);
#12700 = PRESENTATION_STYLE_ASSIGNMENT((#12701));
#12701 = SURFACE_STYLE_USAGE(.BOTH.,#12702);
#12702 = SURFACE_SIDE_STYLE('',(#12703));
#12703 = SURFACE_STYLE_FILL_AREA(#12704);
#12704 = FILL_AREA_STYLE('',(#12705));
#12705 = FILL_AREA_STYLE_COLOUR('',#12327);
#12706 = STYLED_ITEM('color',(#12707),#6321);
#12707 = PRESENTATION_STYLE_ASSIGNMENT((#12708));
#12708 = SURFACE_STYLE_USAGE(.BOTH.,#12709);
#12709 = SURFACE_SIDE_STYLE('',(#12710));
#12710 = SURFACE_STYLE_FILL_AREA(#12711);
#12711 = FILL_AREA_STYLE('',(#12712));
#12712 = FILL_AREA_STYLE_COLOUR('',#12327);
#12713 = STYLED_ITEM('color',(#12714),#6338);
#12714 = PRESENTATION_STYLE_ASSIGNMENT((#12715));
#12715 = SURFACE_STYLE_USAGE(.BOTH.,#12716);
#12716 = SURFACE_SIDE_STYLE('',(#12717));
#12717 = SURFACE_STYLE_FILL_AREA(#12718);
#12718 = FILL_AREA_STYLE('',(#12719));
#12719 = FILL_AREA_STYLE_COLOUR('',#12327);
#12720 = STYLED_ITEM('color',(#12721),#6369);
#12721 = PRESENTATION_STYLE_ASSIGNMENT((#12722));
#12722 = SURFACE_STYLE_USAGE(.BOTH.,#12723);
#12723 = SURFACE_SIDE_STYLE('',(#12724));
#12724 = SURFACE_STYLE_FILL_AREA(#12725);
#12725 = FILL_AREA_STYLE('',(#12726));
#12726 = FILL_AREA_STYLE_COLOUR('',#12327);
#12727 = STYLED_ITEM('color',(#12728),#6393);
#12728 = PRESENTATION_STYLE_ASSIGNMENT((#12729));
#12729 = SURFACE_STYLE_USAGE(.BOTH.,#12730);
#12730 = SURFACE_SIDE_STYLE('',(#12731));
#12731 = SURFACE_STYLE_FILL_AREA(#12732);
#12732 = FILL_AREA_STYLE('',(#12733));
#12733 = FILL_AREA_STYLE_COLOUR('',#12327);
#12734 = STYLED_ITEM('color',(#12735),#6417);
#12735 = PRESENTATION_STYLE_ASSIGNMENT((#12736));
#12736 = SURFACE_STYLE_USAGE(.BOTH.,#12737);
#12737 = SURFACE_SIDE_STYLE('',(#12738));
#12738 = SURFACE_STYLE_FILL_AREA(#12739);
#12739 = FILL_AREA_STYLE('',(#12740));
#12740 = FILL_AREA_STYLE_COLOUR('',#12327);
#12741 = STYLED_ITEM('color',(#12742),#6434);
#12742 = PRESENTATION_STYLE_ASSIGNMENT((#12743));
#12743 = SURFACE_STYLE_USAGE(.BOTH.,#12744);
#12744 = SURFACE_SIDE_STYLE('',(#12745));
#12745 = SURFACE_STYLE_FILL_AREA(#12746);
#12746 = FILL_AREA_STYLE('',(#12747));
#12747 = FILL_AREA_STYLE_COLOUR('',#12327);
#12748 = STYLED_ITEM('color',(#12749),#6481);
#12749 = PRESENTATION_STYLE_ASSIGNMENT((#12750));
#12750 = SURFACE_STYLE_USAGE(.BOTH.,#12751);
#12751 = SURFACE_SIDE_STYLE('',(#12752));
#12752 = SURFACE_STYLE_FILL_AREA(#12753);
#12753 = FILL_AREA_STYLE('',(#12754));
#12754 = FILL_AREA_STYLE_COLOUR('',#12327);
#12755 = STYLED_ITEM('color',(#12756),#6512);
#12756 = PRESENTATION_STYLE_ASSIGNMENT((#12757));
#12757 = SURFACE_STYLE_USAGE(.BOTH.,#12758);
#12758 = SURFACE_SIDE_STYLE('',(#12759));
#12759 = SURFACE_STYLE_FILL_AREA(#12760);
#12760 = FILL_AREA_STYLE('',(#12761));
#12761 = FILL_AREA_STYLE_COLOUR('',#12327);
#12762 = STYLED_ITEM('color',(#12763),#6524);
#12763 = PRESENTATION_STYLE_ASSIGNMENT((#12764));
#12764 = SURFACE_STYLE_USAGE(.BOTH.,#12765);
#12765 = SURFACE_SIDE_STYLE('',(#12766));
#12766 = SURFACE_STYLE_FILL_AREA(#12767);
#12767 = FILL_AREA_STYLE('',(#12768));
#12768 = FILL_AREA_STYLE_COLOUR('',#12327);
#12769 = STYLED_ITEM('color',(#12770),#6541);
#12770 = PRESENTATION_STYLE_ASSIGNMENT((#12771));
#12771 = SURFACE_STYLE_USAGE(.BOTH.,#12772);
#12772 = SURFACE_SIDE_STYLE('',(#12773));
#12773 = SURFACE_STYLE_FILL_AREA(#12774);
#12774 = FILL_AREA_STYLE('',(#12775));
#12775 = FILL_AREA_STYLE_COLOUR('',#12327);
#12776 = STYLED_ITEM('color',(#12777),#6567);
#12777 = PRESENTATION_STYLE_ASSIGNMENT((#12778));
#12778 = SURFACE_STYLE_USAGE(.BOTH.,#12779);
#12779 = SURFACE_SIDE_STYLE('',(#12780));
#12780 = SURFACE_STYLE_FILL_AREA(#12781);
#12781 = FILL_AREA_STYLE('',(#12782));
#12782 = FILL_AREA_STYLE_COLOUR('',#12327);
#12783 = STYLED_ITEM('color',(#12784),#6600);
#12784 = PRESENTATION_STYLE_ASSIGNMENT((#12785));
#12785 = SURFACE_STYLE_USAGE(.BOTH.,#12786);
#12786 = SURFACE_SIDE_STYLE('',(#12787));
#12787 = SURFACE_STYLE_FILL_AREA(#12788);
#12788 = FILL_AREA_STYLE('',(#12789));
#12789 = FILL_AREA_STYLE_COLOUR('',#12327);
#12790 = STYLED_ITEM('color',(#12791),#6631);
#12791 = PRESENTATION_STYLE_ASSIGNMENT((#12792));
#12792 = SURFACE_STYLE_USAGE(.BOTH.,#12793);
#12793 = SURFACE_SIDE_STYLE('',(#12794));
#12794 = SURFACE_STYLE_FILL_AREA(#12795);
#12795 = FILL_AREA_STYLE('',(#12796));
#12796 = FILL_AREA_STYLE_COLOUR('',#12327);
#12797 = STYLED_ITEM('color',(#12798),#6655);
#12798 = PRESENTATION_STYLE_ASSIGNMENT((#12799));
#12799 = SURFACE_STYLE_USAGE(.BOTH.,#12800);
#12800 = SURFACE_SIDE_STYLE('',(#12801));
#12801 = SURFACE_STYLE_FILL_AREA(#12802);
#12802 = FILL_AREA_STYLE('',(#12803));
#12803 = FILL_AREA_STYLE_COLOUR('',#12327);
#12804 = STYLED_ITEM('color',(#12805),#6679);
#12805 = PRESENTATION_STYLE_ASSIGNMENT((#12806));
#12806 = SURFACE_STYLE_USAGE(.BOTH.,#12807);
#12807 = SURFACE_SIDE_STYLE('',(#12808));
#12808 = SURFACE_STYLE_FILL_AREA(#12809);
#12809 = FILL_AREA_STYLE('',(#12810));
#12810 = FILL_AREA_STYLE_COLOUR('',#12327);
#12811 = STYLED_ITEM('color',(#12812),#6696);
#12812 = PRESENTATION_STYLE_ASSIGNMENT((#12813));
#12813 = SURFACE_STYLE_USAGE(.BOTH.,#12814);
#12814 = SURFACE_SIDE_STYLE('',(#12815));
#12815 = SURFACE_STYLE_FILL_AREA(#12816);
#12816 = FILL_AREA_STYLE('',(#12817));
#12817 = FILL_AREA_STYLE_COLOUR('',#12327);
#12818 = STYLED_ITEM('color',(#12819),#6727);
#12819 = PRESENTATION_STYLE_ASSIGNMENT((#12820));
#12820 = SURFACE_STYLE_USAGE(.BOTH.,#12821);
#12821 = SURFACE_SIDE_STYLE('',(#12822));
#12822 = SURFACE_STYLE_FILL_AREA(#12823);
#12823 = FILL_AREA_STYLE('',(#12824));
#12824 = FILL_AREA_STYLE_COLOUR('',#12327);
#12825 = STYLED_ITEM('color',(#12826),#6751);
#12826 = PRESENTATION_STYLE_ASSIGNMENT((#12827));
#12827 = SURFACE_STYLE_USAGE(.BOTH.,#12828);
#12828 = SURFACE_SIDE_STYLE('',(#12829));
#12829 = SURFACE_STYLE_FILL_AREA(#12830);
#12830 = FILL_AREA_STYLE('',(#12831));
#12831 = FILL_AREA_STYLE_COLOUR('',#12327);
#12832 = STYLED_ITEM('color',(#12833),#6775);
#12833 = PRESENTATION_STYLE_ASSIGNMENT((#12834));
#12834 = SURFACE_STYLE_USAGE(.BOTH.,#12835);
#12835 = SURFACE_SIDE_STYLE('',(#12836));
#12836 = SURFACE_STYLE_FILL_AREA(#12837);
#12837 = FILL_AREA_STYLE('',(#12838));
#12838 = FILL_AREA_STYLE_COLOUR('',#12327);
#12839 = STYLED_ITEM('color',(#12840),#6792);
#12840 = PRESENTATION_STYLE_ASSIGNMENT((#12841));
#12841 = SURFACE_STYLE_USAGE(.BOTH.,#12842);
#12842 = SURFACE_SIDE_STYLE('',(#12843));
#12843 = SURFACE_STYLE_FILL_AREA(#12844);
#12844 = FILL_AREA_STYLE('',(#12845));
#12845 = FILL_AREA_STYLE_COLOUR('',#12327);
#12846 = STYLED_ITEM('color',(#12847),#6823);
#12847 = PRESENTATION_STYLE_ASSIGNMENT((#12848));
#12848 = SURFACE_STYLE_USAGE(.BOTH.,#12849);
#12849 = SURFACE_SIDE_STYLE('',(#12850));
#12850 = SURFACE_STYLE_FILL_AREA(#12851);
#12851 = FILL_AREA_STYLE('',(#12852));
#12852 = FILL_AREA_STYLE_COLOUR('',#12327);
#12853 = STYLED_ITEM('color',(#12854),#6847);
#12854 = PRESENTATION_STYLE_ASSIGNMENT((#12855));
#12855 = SURFACE_STYLE_USAGE(.BOTH.,#12856);
#12856 = SURFACE_SIDE_STYLE('',(#12857));
#12857 = SURFACE_STYLE_FILL_AREA(#12858);
#12858 = FILL_AREA_STYLE('',(#12859));
#12859 = FILL_AREA_STYLE_COLOUR('',#12327);
#12860 = STYLED_ITEM('color',(#12861),#6871);
#12861 = PRESENTATION_STYLE_ASSIGNMENT((#12862));
#12862 = SURFACE_STYLE_USAGE(.BOTH.,#12863);
#12863 = SURFACE_SIDE_STYLE('',(#12864));
#12864 = SURFACE_STYLE_FILL_AREA(#12865);
#12865 = FILL_AREA_STYLE('',(#12866));
#12866 = FILL_AREA_STYLE_COLOUR('',#12327);
#12867 = STYLED_ITEM('color',(#12868),#6888);
#12868 = PRESENTATION_STYLE_ASSIGNMENT((#12869));
#12869 = SURFACE_STYLE_USAGE(.BOTH.,#12870);
#12870 = SURFACE_SIDE_STYLE('',(#12871));
#12871 = SURFACE_STYLE_FILL_AREA(#12872);
#12872 = FILL_AREA_STYLE('',(#12873));
#12873 = FILL_AREA_STYLE_COLOUR('',#12327);
#12874 = STYLED_ITEM('color',(#12875),#6905);
#12875 = PRESENTATION_STYLE_ASSIGNMENT((#12876));
#12876 = SURFACE_STYLE_USAGE(.BOTH.,#12877);
#12877 = SURFACE_SIDE_STYLE('',(#12878));
#12878 = SURFACE_STYLE_FILL_AREA(#12879);
#12879 = FILL_AREA_STYLE('',(#12880));
#12880 = FILL_AREA_STYLE_COLOUR('',#12327);
#12881 = STYLED_ITEM('color',(#12882),#6952);
#12882 = PRESENTATION_STYLE_ASSIGNMENT((#12883));
#12883 = SURFACE_STYLE_USAGE(.BOTH.,#12884);
#12884 = SURFACE_SIDE_STYLE('',(#12885));
#12885 = SURFACE_STYLE_FILL_AREA(#12886);
#12886 = FILL_AREA_STYLE('',(#12887));
#12887 = FILL_AREA_STYLE_COLOUR('',#12327);
#12888 = STYLED_ITEM('color',(#12889),#6978);
#12889 = PRESENTATION_STYLE_ASSIGNMENT((#12890));
#12890 = SURFACE_STYLE_USAGE(.BOTH.,#12891);
#12891 = SURFACE_SIDE_STYLE('',(#12892));
#12892 = SURFACE_STYLE_FILL_AREA(#12893);
#12893 = FILL_AREA_STYLE('',(#12894));
#12894 = FILL_AREA_STYLE_COLOUR('',#12327);
#12895 = STYLED_ITEM('color',(#12896),#6995);
#12896 = PRESENTATION_STYLE_ASSIGNMENT((#12897));
#12897 = SURFACE_STYLE_USAGE(.BOTH.,#12898);
#12898 = SURFACE_SIDE_STYLE('',(#12899));
#12899 = SURFACE_STYLE_FILL_AREA(#12900);
#12900 = FILL_AREA_STYLE('',(#12901));
#12901 = FILL_AREA_STYLE_COLOUR('',#12327);
#12902 = STYLED_ITEM('color',(#12903),#7021);
#12903 = PRESENTATION_STYLE_ASSIGNMENT((#12904));
#12904 = SURFACE_STYLE_USAGE(.BOTH.,#12905);
#12905 = SURFACE_SIDE_STYLE('',(#12906));
#12906 = SURFACE_STYLE_FILL_AREA(#12907);
#12907 = FILL_AREA_STYLE('',(#12908));
#12908 = FILL_AREA_STYLE_COLOUR('',#12327);
#12909 = STYLED_ITEM('color',(#12910),#7054);
#12910 = PRESENTATION_STYLE_ASSIGNMENT((#12911));
#12911 = SURFACE_STYLE_USAGE(.BOTH.,#12912);
#12912 = SURFACE_SIDE_STYLE('',(#12913));
#12913 = SURFACE_STYLE_FILL_AREA(#12914);
#12914 = FILL_AREA_STYLE('',(#12915));
#12915 = FILL_AREA_STYLE_COLOUR('',#12327);
#12916 = STYLED_ITEM('color',(#12917),#7066);
#12917 = PRESENTATION_STYLE_ASSIGNMENT((#12918));
#12918 = SURFACE_STYLE_USAGE(.BOTH.,#12919);
#12919 = SURFACE_SIDE_STYLE('',(#12920));
#12920 = SURFACE_STYLE_FILL_AREA(#12921);
#12921 = FILL_AREA_STYLE('',(#12922));
#12922 = FILL_AREA_STYLE_COLOUR('',#12327);
#12923 = STYLED_ITEM('color',(#12924),#7078);
#12924 = PRESENTATION_STYLE_ASSIGNMENT((#12925));
#12925 = SURFACE_STYLE_USAGE(.BOTH.,#12926);
#12926 = SURFACE_SIDE_STYLE('',(#12927));
#12927 = SURFACE_STYLE_FILL_AREA(#12928);
#12928 = FILL_AREA_STYLE('',(#12929));
#12929 = FILL_AREA_STYLE_COLOUR('',#12327);
#12930 = STYLED_ITEM('color',(#12931),#7090);
#12931 = PRESENTATION_STYLE_ASSIGNMENT((#12932));
#12932 = SURFACE_STYLE_USAGE(.BOTH.,#12933);
#12933 = SURFACE_SIDE_STYLE('',(#12934));
#12934 = SURFACE_STYLE_FILL_AREA(#12935);
#12935 = FILL_AREA_STYLE('',(#12936));
#12936 = FILL_AREA_STYLE_COLOUR('',#12327);
#12937 = STYLED_ITEM('color',(#12938),#7102);
#12938 = PRESENTATION_STYLE_ASSIGNMENT((#12939));
#12939 = SURFACE_STYLE_USAGE(.BOTH.,#12940);
#12940 = SURFACE_SIDE_STYLE('',(#12941));
#12941 = SURFACE_STYLE_FILL_AREA(#12942);
#12942 = FILL_AREA_STYLE('',(#12943));
#12943 = FILL_AREA_STYLE_COLOUR('',#12327);
#12944 = STYLED_ITEM('color',(#12945),#7114);
#12945 = PRESENTATION_STYLE_ASSIGNMENT((#12946));
#12946 = SURFACE_STYLE_USAGE(.BOTH.,#12947);
#12947 = SURFACE_SIDE_STYLE('',(#12948));
#12948 = SURFACE_STYLE_FILL_AREA(#12949);
#12949 = FILL_AREA_STYLE('',(#12950));
#12950 = FILL_AREA_STYLE_COLOUR('',#12327);
#12951 = STYLED_ITEM('color',(#12952),#7131);
#12952 = PRESENTATION_STYLE_ASSIGNMENT((#12953));
#12953 = SURFACE_STYLE_USAGE(.BOTH.,#12954);
#12954 = SURFACE_SIDE_STYLE('',(#12955));
#12955 = SURFACE_STYLE_FILL_AREA(#12956);
#12956 = FILL_AREA_STYLE('',(#12957));
#12957 = FILL_AREA_STYLE_COLOUR('',#12327);
#12958 = STYLED_ITEM('color',(#12959),#7148);
#12959 = PRESENTATION_STYLE_ASSIGNMENT((#12960));
#12960 = SURFACE_STYLE_USAGE(.BOTH.,#12961);
#12961 = SURFACE_SIDE_STYLE('',(#12962));
#12962 = SURFACE_STYLE_FILL_AREA(#12963);
#12963 = FILL_AREA_STYLE('',(#12964));
#12964 = FILL_AREA_STYLE_COLOUR('',#12327);
#12965 = STYLED_ITEM('color',(#12966),#7160);
#12966 = PRESENTATION_STYLE_ASSIGNMENT((#12967));
#12967 = SURFACE_STYLE_USAGE(.BOTH.,#12968);
#12968 = SURFACE_SIDE_STYLE('',(#12969));
#12969 = SURFACE_STYLE_FILL_AREA(#12970);
#12970 = FILL_AREA_STYLE('',(#12971));
#12971 = FILL_AREA_STYLE_COLOUR('',#12327);
#12972 = STYLED_ITEM('color',(#12973),#7172);
#12973 = PRESENTATION_STYLE_ASSIGNMENT((#12974));
#12974 = SURFACE_STYLE_USAGE(.BOTH.,#12975);
#12975 = SURFACE_SIDE_STYLE('',(#12976));
#12976 = SURFACE_STYLE_FILL_AREA(#12977);
#12977 = FILL_AREA_STYLE('',(#12978));
#12978 = FILL_AREA_STYLE_COLOUR('',#12327);
#12979 = STYLED_ITEM('color',(#12980),#7184);
#12980 = PRESENTATION_STYLE_ASSIGNMENT((#12981));
#12981 = SURFACE_STYLE_USAGE(.BOTH.,#12982);
#12982 = SURFACE_SIDE_STYLE('',(#12983));
#12983 = SURFACE_STYLE_FILL_AREA(#12984);
#12984 = FILL_AREA_STYLE('',(#12985));
#12985 = FILL_AREA_STYLE_COLOUR('',#12327);
#12986 = STYLED_ITEM('color',(#12987),#7196);
#12987 = PRESENTATION_STYLE_ASSIGNMENT((#12988));
#12988 = SURFACE_STYLE_USAGE(.BOTH.,#12989);
#12989 = SURFACE_SIDE_STYLE('',(#12990));
#12990 = SURFACE_STYLE_FILL_AREA(#12991);
#12991 = FILL_AREA_STYLE('',(#12992));
#12992 = FILL_AREA_STYLE_COLOUR('',#12327);
#12993 = STYLED_ITEM('color',(#12994),#7213);
#12994 = PRESENTATION_STYLE_ASSIGNMENT((#12995));
#12995 = SURFACE_STYLE_USAGE(.BOTH.,#12996);
#12996 = SURFACE_SIDE_STYLE('',(#12997));
#12997 = SURFACE_STYLE_FILL_AREA(#12998);
#12998 = FILL_AREA_STYLE('',(#12999));
#12999 = FILL_AREA_STYLE_COLOUR('',#12327);
#13000 = STYLED_ITEM('color',(#13001),#7230);
#13001 = PRESENTATION_STYLE_ASSIGNMENT((#13002));
#13002 = SURFACE_STYLE_USAGE(.BOTH.,#13003);
#13003 = SURFACE_SIDE_STYLE('',(#13004));
#13004 = SURFACE_STYLE_FILL_AREA(#13005);
#13005 = FILL_AREA_STYLE('',(#13006));
#13006 = FILL_AREA_STYLE_COLOUR('',#12327);
#13007 = MECHANICAL_DESIGN_GEOMETRIC_PRESENTATION_REPRESENTATION('',(
    #13008),#11838);
#13008 = STYLED_ITEM('color',(#13009),#7261);
#13009 = PRESENTATION_STYLE_ASSIGNMENT((#13010));
#13010 = SURFACE_STYLE_USAGE(.BOTH.,#13011);
#13011 = SURFACE_SIDE_STYLE('',(#13012));
#13012 = SURFACE_STYLE_FILL_AREA(#13013);
#13013 = FILL_AREA_STYLE('',(#13014));
#13014 = FILL_AREA_STYLE_COLOUR('',#13015);
#13015 = COLOUR_RGB('',0.313304153717,0.484529207832,0.410020903123);
#13016 = MECHANICAL_DESIGN_GEOMETRIC_PRESENTATION_REPRESENTATION('',(
    #13017,#13025,#13032,#13039,#13046,#13053,#13060,#13067,#13074,
    #13081,#13089,#13096,#13103,#13110,#13117,#13124,#13131,#13138,
    #13145,#13152,#13159,#13166,#13173,#13180,#13187,#13194,#13201,
    #13208,#13215,#13222,#13229,#13236,#13243,#13250,#13257,#13264,
    #13271,#13278,#13285,#13292,#13299,#13306,#13313,#13320,#13327,
    #13334,#13341,#13348,#13355,#13362,#13369,#13376,#13383,#13390,
    #13397,#13404,#13411,#13418,#13425,#13432,#13439,#13446,#13453,
    #13460,#13467,#13474,#13481),#2256);
#13017 = STYLED_ITEM('color',(#13018),#126);
#13018 = PRESENTATION_STYLE_ASSIGNMENT((#13019));
#13019 = SURFACE_STYLE_USAGE(.BOTH.,#13020);
#13020 = SURFACE_SIDE_STYLE('',(#13021));
#13021 = SURFACE_STYLE_FILL_AREA(#13022);
#13022 = FILL_AREA_STYLE('',(#13023));
#13023 = FILL_AREA_STYLE_COLOUR('',#13024);
#13024 = COLOUR_RGB('',9.999999991362E-02,5.000000142576E-02,
  9.999999991362E-02);
#13025 = STYLED_ITEM('color',(#13026),#166);
#13026 = PRESENTATION_STYLE_ASSIGNMENT((#13027));
#13027 = SURFACE_STYLE_USAGE(.BOTH.,#13028);
#13028 = SURFACE_SIDE_STYLE('',(#13029));
#13029 = SURFACE_STYLE_FILL_AREA(#13030);
#13030 = FILL_AREA_STYLE('',(#13031));
#13031 = FILL_AREA_STYLE_COLOUR('',#13024);
#13032 = STYLED_ITEM('color',(#13033),#215);
#13033 = PRESENTATION_STYLE_ASSIGNMENT((#13034));
#13034 = SURFACE_STYLE_USAGE(.BOTH.,#13035);
#13035 = SURFACE_SIDE_STYLE('',(#13036));
#13036 = SURFACE_STYLE_FILL_AREA(#13037);
#13037 = FILL_AREA_STYLE('',(#13038));
#13038 = FILL_AREA_STYLE_COLOUR('',#13024);
#13039 = STYLED_ITEM('color',(#13040),#240);
#13040 = PRESENTATION_STYLE_ASSIGNMENT((#13041));
#13041 = SURFACE_STYLE_USAGE(.BOTH.,#13042);
#13042 = SURFACE_SIDE_STYLE('',(#13043));
#13043 = SURFACE_STYLE_FILL_AREA(#13044);
#13044 = FILL_AREA_STYLE('',(#13045));
#13045 = FILL_AREA_STYLE_COLOUR('',#13024);
#13046 = STYLED_ITEM('color',(#13047),#363);
#13047 = PRESENTATION_STYLE_ASSIGNMENT((#13048));
#13048 = SURFACE_STYLE_USAGE(.BOTH.,#13049);
#13049 = SURFACE_SIDE_STYLE('',(#13050));
#13050 = SURFACE_STYLE_FILL_AREA(#13051);
#13051 = FILL_AREA_STYLE('',(#13052));
#13052 = FILL_AREA_STYLE_COLOUR('',#13024);
#13053 = STYLED_ITEM('color',(#13054),#430);
#13054 = PRESENTATION_STYLE_ASSIGNMENT((#13055));
#13055 = SURFACE_STYLE_USAGE(.BOTH.,#13056);
#13056 = SURFACE_SIDE_STYLE('',(#13057));
#13057 = SURFACE_STYLE_FILL_AREA(#13058);
#13058 = FILL_AREA_STYLE('',(#13059));
#13059 = FILL_AREA_STYLE_COLOUR('',#13024);
#13060 = STYLED_ITEM('color',(#13061),#447);
#13061 = PRESENTATION_STYLE_ASSIGNMENT((#13062));
#13062 = SURFACE_STYLE_USAGE(.BOTH.,#13063);
#13063 = SURFACE_SIDE_STYLE('',(#13064));
#13064 = SURFACE_STYLE_FILL_AREA(#13065);
#13065 = FILL_AREA_STYLE('',(#13066));
#13066 = FILL_AREA_STYLE_COLOUR('',#13024);
#13067 = STYLED_ITEM('color',(#13068),#464);
#13068 = PRESENTATION_STYLE_ASSIGNMENT((#13069));
#13069 = SURFACE_STYLE_USAGE(.BOTH.,#13070);
#13070 = SURFACE_SIDE_STYLE('',(#13071));
#13071 = SURFACE_STYLE_FILL_AREA(#13072);
#13072 = FILL_AREA_STYLE('',(#13073));
#13073 = FILL_AREA_STYLE_COLOUR('',#13024);
#13074 = STYLED_ITEM('color',(#13075),#476);
#13075 = PRESENTATION_STYLE_ASSIGNMENT((#13076));
#13076 = SURFACE_STYLE_USAGE(.BOTH.,#13077);
#13077 = SURFACE_SIDE_STYLE('',(#13078));
#13078 = SURFACE_STYLE_FILL_AREA(#13079);
#13079 = FILL_AREA_STYLE('',(#13080));
#13080 = FILL_AREA_STYLE_COLOUR('',#13024);
#13081 = STYLED_ITEM('color',(#13082),#555);
#13082 = PRESENTATION_STYLE_ASSIGNMENT((#13083));
#13083 = SURFACE_STYLE_USAGE(.BOTH.,#13084);
#13084 = SURFACE_SIDE_STYLE('',(#13085));
#13085 = SURFACE_STYLE_FILL_AREA(#13086);
#13086 = FILL_AREA_STYLE('',(#13087));
#13087 = FILL_AREA_STYLE_COLOUR('',#13088);
#13088 = COLOUR_RGB('',0.823999987314,0.819999987296,0.781000009244);
#13089 = STYLED_ITEM('color',(#13090),#709);
#13090 = PRESENTATION_STYLE_ASSIGNMENT((#13091));
#13091 = SURFACE_STYLE_USAGE(.BOTH.,#13092);
#13092 = SURFACE_SIDE_STYLE('',(#13093));
#13093 = SURFACE_STYLE_FILL_AREA(#13094);
#13094 = FILL_AREA_STYLE('',(#13095));
#13095 = FILL_AREA_STYLE_COLOUR('',#13088);
#13096 = STYLED_ITEM('color',(#13097),#733);
#13097 = PRESENTATION_STYLE_ASSIGNMENT((#13098));
#13098 = SURFACE_STYLE_USAGE(.BOTH.,#13099);
#13099 = SURFACE_SIDE_STYLE('',(#13100));
#13100 = SURFACE_STYLE_FILL_AREA(#13101);
#13101 = FILL_AREA_STYLE('',(#13102));
#13102 = FILL_AREA_STYLE_COLOUR('',#13088);
#13103 = STYLED_ITEM('color',(#13104),#879);
#13104 = PRESENTATION_STYLE_ASSIGNMENT((#13105));
#13105 = SURFACE_STYLE_USAGE(.BOTH.,#13106);
#13106 = SURFACE_SIDE_STYLE('',(#13107));
#13107 = SURFACE_STYLE_FILL_AREA(#13108);
#13108 = FILL_AREA_STYLE('',(#13109));
#13109 = FILL_AREA_STYLE_COLOUR('',#13088);
#13110 = STYLED_ITEM('color',(#13111),#897);
#13111 = PRESENTATION_STYLE_ASSIGNMENT((#13112));
#13112 = SURFACE_STYLE_USAGE(.BOTH.,#13113);
#13113 = SURFACE_SIDE_STYLE('',(#13114));
#13114 = SURFACE_STYLE_FILL_AREA(#13115);
#13115 = FILL_AREA_STYLE('',(#13116));
#13116 = FILL_AREA_STYLE_COLOUR('',#13088);
#13117 = STYLED_ITEM('color',(#13118),#929);
#13118 = PRESENTATION_STYLE_ASSIGNMENT((#13119));
#13119 = SURFACE_STYLE_USAGE(.BOTH.,#13120);
#13120 = SURFACE_SIDE_STYLE('',(#13121));
#13121 = SURFACE_STYLE_FILL_AREA(#13122);
#13122 = FILL_AREA_STYLE('',(#13123));
#13123 = FILL_AREA_STYLE_COLOUR('',#13088);
#13124 = STYLED_ITEM('color',(#13125),#1075);
#13125 = PRESENTATION_STYLE_ASSIGNMENT((#13126));
#13126 = SURFACE_STYLE_USAGE(.BOTH.,#13127);
#13127 = SURFACE_SIDE_STYLE('',(#13128));
#13128 = SURFACE_STYLE_FILL_AREA(#13129);
#13129 = FILL_AREA_STYLE('',(#13130));
#13130 = FILL_AREA_STYLE_COLOUR('',#13088);
#13131 = STYLED_ITEM('color',(#13132),#1099);
#13132 = PRESENTATION_STYLE_ASSIGNMENT((#13133));
#13133 = SURFACE_STYLE_USAGE(.BOTH.,#13134);
#13134 = SURFACE_SIDE_STYLE('',(#13135));
#13135 = SURFACE_STYLE_FILL_AREA(#13136);
#13136 = FILL_AREA_STYLE('',(#13137));
#13137 = FILL_AREA_STYLE_COLOUR('',#13088);
#13138 = STYLED_ITEM('color',(#13139),#1239);
#13139 = PRESENTATION_STYLE_ASSIGNMENT((#13140));
#13140 = SURFACE_STYLE_USAGE(.BOTH.,#13141);
#13141 = SURFACE_SIDE_STYLE('',(#13142));
#13142 = SURFACE_STYLE_FILL_AREA(#13143);
#13143 = FILL_AREA_STYLE('',(#13144));
#13144 = FILL_AREA_STYLE_COLOUR('',#13024);
#13145 = STYLED_ITEM('color',(#13146),#1263);
#13146 = PRESENTATION_STYLE_ASSIGNMENT((#13147));
#13147 = SURFACE_STYLE_USAGE(.BOTH.,#13148);
#13148 = SURFACE_SIDE_STYLE('',(#13149));
#13149 = SURFACE_STYLE_FILL_AREA(#13150);
#13150 = FILL_AREA_STYLE('',(#13151));
#13151 = FILL_AREA_STYLE_COLOUR('',#13024);
#13152 = STYLED_ITEM('color',(#13153),#1274);
#13153 = PRESENTATION_STYLE_ASSIGNMENT((#13154));
#13154 = SURFACE_STYLE_USAGE(.BOTH.,#13155);
#13155 = SURFACE_SIDE_STYLE('',(#13156));
#13156 = SURFACE_STYLE_FILL_AREA(#13157);
#13157 = FILL_AREA_STYLE('',(#13158));
#13158 = FILL_AREA_STYLE_COLOUR('',#13024);
#13159 = STYLED_ITEM('color',(#13160),#1284);
#13160 = PRESENTATION_STYLE_ASSIGNMENT((#13161));
#13161 = SURFACE_STYLE_USAGE(.BOTH.,#13162);
#13162 = SURFACE_SIDE_STYLE('',(#13163));
#13163 = SURFACE_STYLE_FILL_AREA(#13164);
#13164 = FILL_AREA_STYLE('',(#13165));
#13165 = FILL_AREA_STYLE_COLOUR('',#13088);
#13166 = STYLED_ITEM('color',(#13167),#1315);
#13167 = PRESENTATION_STYLE_ASSIGNMENT((#13168));
#13168 = SURFACE_STYLE_USAGE(.BOTH.,#13169);
#13169 = SURFACE_SIDE_STYLE('',(#13170));
#13170 = SURFACE_STYLE_FILL_AREA(#13171);
#13171 = FILL_AREA_STYLE('',(#13172));
#13172 = FILL_AREA_STYLE_COLOUR('',#13088);
#13173 = STYLED_ITEM('color',(#13174),#1419);
#13174 = PRESENTATION_STYLE_ASSIGNMENT((#13175));
#13175 = SURFACE_STYLE_USAGE(.BOTH.,#13176);
#13176 = SURFACE_SIDE_STYLE('',(#13177));
#13177 = SURFACE_STYLE_FILL_AREA(#13178);
#13178 = FILL_AREA_STYLE('',(#13179));
#13179 = FILL_AREA_STYLE_COLOUR('',#13088);
#13180 = STYLED_ITEM('color',(#13181),#1443);
#13181 = PRESENTATION_STYLE_ASSIGNMENT((#13182));
#13182 = SURFACE_STYLE_USAGE(.BOTH.,#13183);
#13183 = SURFACE_SIDE_STYLE('',(#13184));
#13184 = SURFACE_STYLE_FILL_AREA(#13185);
#13185 = FILL_AREA_STYLE('',(#13186));
#13186 = FILL_AREA_STYLE_COLOUR('',#13088);
#13187 = STYLED_ITEM('color',(#13188),#1540);
#13188 = PRESENTATION_STYLE_ASSIGNMENT((#13189));
#13189 = SURFACE_STYLE_USAGE(.BOTH.,#13190);
#13190 = SURFACE_SIDE_STYLE('',(#13191));
#13191 = SURFACE_STYLE_FILL_AREA(#13192);
#13192 = FILL_AREA_STYLE('',(#13193));
#13193 = FILL_AREA_STYLE_COLOUR('',#13088);
#13194 = STYLED_ITEM('color',(#13195),#1562);
#13195 = PRESENTATION_STYLE_ASSIGNMENT((#13196));
#13196 = SURFACE_STYLE_USAGE(.BOTH.,#13197);
#13197 = SURFACE_SIDE_STYLE('',(#13198));
#13198 = SURFACE_STYLE_FILL_AREA(#13199);
#13199 = FILL_AREA_STYLE('',(#13200));
#13200 = FILL_AREA_STYLE_COLOUR('',#13088);
#13201 = STYLED_ITEM('color',(#13202),#1574);
#13202 = PRESENTATION_STYLE_ASSIGNMENT((#13203));
#13203 = SURFACE_STYLE_USAGE(.BOTH.,#13204);
#13204 = SURFACE_SIDE_STYLE('',(#13205));
#13205 = SURFACE_STYLE_FILL_AREA(#13206);
#13206 = FILL_AREA_STYLE('',(#13207));
#13207 = FILL_AREA_STYLE_COLOUR('',#13088);
#13208 = STYLED_ITEM('color',(#13209),#1591);
#13209 = PRESENTATION_STYLE_ASSIGNMENT((#13210));
#13210 = SURFACE_STYLE_USAGE(.BOTH.,#13211);
#13211 = SURFACE_SIDE_STYLE('',(#13212));
#13212 = SURFACE_STYLE_FILL_AREA(#13213);
#13213 = FILL_AREA_STYLE('',(#13214));
#13214 = FILL_AREA_STYLE_COLOUR('',#13088);
#13215 = STYLED_ITEM('color',(#13216),#1608);
#13216 = PRESENTATION_STYLE_ASSIGNMENT((#13217));
#13217 = SURFACE_STYLE_USAGE(.BOTH.,#13218);
#13218 = SURFACE_SIDE_STYLE('',(#13219));
#13219 = SURFACE_STYLE_FILL_AREA(#13220);
#13220 = FILL_AREA_STYLE('',(#13221));
#13221 = FILL_AREA_STYLE_COLOUR('',#13088);
#13222 = STYLED_ITEM('color',(#13223),#1625);
#13223 = PRESENTATION_STYLE_ASSIGNMENT((#13224));
#13224 = SURFACE_STYLE_USAGE(.BOTH.,#13225);
#13225 = SURFACE_SIDE_STYLE('',(#13226));
#13226 = SURFACE_STYLE_FILL_AREA(#13227);
#13227 = FILL_AREA_STYLE('',(#13228));
#13228 = FILL_AREA_STYLE_COLOUR('',#13088);
#13229 = STYLED_ITEM('color',(#13230),#1642);
#13230 = PRESENTATION_STYLE_ASSIGNMENT((#13231));
#13231 = SURFACE_STYLE_USAGE(.BOTH.,#13232);
#13232 = SURFACE_SIDE_STYLE('',(#13233));
#13233 = SURFACE_STYLE_FILL_AREA(#13234);
#13234 = FILL_AREA_STYLE('',(#13235));
#13235 = FILL_AREA_STYLE_COLOUR('',#13088);
#13236 = STYLED_ITEM('color',(#13237),#1659);
#13237 = PRESENTATION_STYLE_ASSIGNMENT((#13238));
#13238 = SURFACE_STYLE_USAGE(.BOTH.,#13239);
#13239 = SURFACE_SIDE_STYLE('',(#13240));
#13240 = SURFACE_STYLE_FILL_AREA(#13241);
#13241 = FILL_AREA_STYLE('',(#13242));
#13242 = FILL_AREA_STYLE_COLOUR('',#13088);
#13243 = STYLED_ITEM('color',(#13244),#1676);
#13244 = PRESENTATION_STYLE_ASSIGNMENT((#13245));
#13245 = SURFACE_STYLE_USAGE(.BOTH.,#13246);
#13246 = SURFACE_SIDE_STYLE('',(#13247));
#13247 = SURFACE_STYLE_FILL_AREA(#13248);
#13248 = FILL_AREA_STYLE('',(#13249));
#13249 = FILL_AREA_STYLE_COLOUR('',#13088);
#13250 = STYLED_ITEM('color',(#13251),#1693);
#13251 = PRESENTATION_STYLE_ASSIGNMENT((#13252));
#13252 = SURFACE_STYLE_USAGE(.BOTH.,#13253);
#13253 = SURFACE_SIDE_STYLE('',(#13254));
#13254 = SURFACE_STYLE_FILL_AREA(#13255);
#13255 = FILL_AREA_STYLE('',(#13256));
#13256 = FILL_AREA_STYLE_COLOUR('',#13088);
#13257 = STYLED_ITEM('color',(#13258),#1710);
#13258 = PRESENTATION_STYLE_ASSIGNMENT((#13259));
#13259 = SURFACE_STYLE_USAGE(.BOTH.,#13260);
#13260 = SURFACE_SIDE_STYLE('',(#13261));
#13261 = SURFACE_STYLE_FILL_AREA(#13262);
#13262 = FILL_AREA_STYLE('',(#13263));
#13263 = FILL_AREA_STYLE_COLOUR('',#13088);
#13264 = STYLED_ITEM('color',(#13265),#1727);
#13265 = PRESENTATION_STYLE_ASSIGNMENT((#13266));
#13266 = SURFACE_STYLE_USAGE(.BOTH.,#13267);
#13267 = SURFACE_SIDE_STYLE('',(#13268));
#13268 = SURFACE_STYLE_FILL_AREA(#13269);
#13269 = FILL_AREA_STYLE('',(#13270));
#13270 = FILL_AREA_STYLE_COLOUR('',#13088);
#13271 = STYLED_ITEM('color',(#13272),#1744);
#13272 = PRESENTATION_STYLE_ASSIGNMENT((#13273));
#13273 = SURFACE_STYLE_USAGE(.BOTH.,#13274);
#13274 = SURFACE_SIDE_STYLE('',(#13275));
#13275 = SURFACE_STYLE_FILL_AREA(#13276);
#13276 = FILL_AREA_STYLE('',(#13277));
#13277 = FILL_AREA_STYLE_COLOUR('',#13088);
#13278 = STYLED_ITEM('color',(#13279),#1761);
#13279 = PRESENTATION_STYLE_ASSIGNMENT((#13280));
#13280 = SURFACE_STYLE_USAGE(.BOTH.,#13281);
#13281 = SURFACE_SIDE_STYLE('',(#13282));
#13282 = SURFACE_STYLE_FILL_AREA(#13283);
#13283 = FILL_AREA_STYLE('',(#13284));
#13284 = FILL_AREA_STYLE_COLOUR('',#13088);
#13285 = STYLED_ITEM('color',(#13286),#1778);
#13286 = PRESENTATION_STYLE_ASSIGNMENT((#13287));
#13287 = SURFACE_STYLE_USAGE(.BOTH.,#13288);
#13288 = SURFACE_SIDE_STYLE('',(#13289));
#13289 = SURFACE_STYLE_FILL_AREA(#13290);
#13290 = FILL_AREA_STYLE('',(#13291));
#13291 = FILL_AREA_STYLE_COLOUR('',#13088);
#13292 = STYLED_ITEM('color',(#13293),#1795);
#13293 = PRESENTATION_STYLE_ASSIGNMENT((#13294));
#13294 = SURFACE_STYLE_USAGE(.BOTH.,#13295);
#13295 = SURFACE_SIDE_STYLE('',(#13296));
#13296 = SURFACE_STYLE_FILL_AREA(#13297);
#13297 = FILL_AREA_STYLE('',(#13298));
#13298 = FILL_AREA_STYLE_COLOUR('',#13088);
#13299 = STYLED_ITEM('color',(#13300),#1807);
#13300 = PRESENTATION_STYLE_ASSIGNMENT((#13301));
#13301 = SURFACE_STYLE_USAGE(.BOTH.,#13302);
#13302 = SURFACE_SIDE_STYLE('',(#13303));
#13303 = SURFACE_STYLE_FILL_AREA(#13304);
#13304 = FILL_AREA_STYLE('',(#13305));
#13305 = FILL_AREA_STYLE_COLOUR('',#13088);
#13306 = STYLED_ITEM('color',(#13307),#1824);
#13307 = PRESENTATION_STYLE_ASSIGNMENT((#13308));
#13308 = SURFACE_STYLE_USAGE(.BOTH.,#13309);
#13309 = SURFACE_SIDE_STYLE('',(#13310));
#13310 = SURFACE_STYLE_FILL_AREA(#13311);
#13311 = FILL_AREA_STYLE('',(#13312));
#13312 = FILL_AREA_STYLE_COLOUR('',#13088);
#13313 = STYLED_ITEM('color',(#13314),#1841);
#13314 = PRESENTATION_STYLE_ASSIGNMENT((#13315));
#13315 = SURFACE_STYLE_USAGE(.BOTH.,#13316);
#13316 = SURFACE_SIDE_STYLE('',(#13317));
#13317 = SURFACE_STYLE_FILL_AREA(#13318);
#13318 = FILL_AREA_STYLE('',(#13319));
#13319 = FILL_AREA_STYLE_COLOUR('',#13088);
#13320 = STYLED_ITEM('color',(#13321),#1858);
#13321 = PRESENTATION_STYLE_ASSIGNMENT((#13322));
#13322 = SURFACE_STYLE_USAGE(.BOTH.,#13323);
#13323 = SURFACE_SIDE_STYLE('',(#13324));
#13324 = SURFACE_STYLE_FILL_AREA(#13325);
#13325 = FILL_AREA_STYLE('',(#13326));
#13326 = FILL_AREA_STYLE_COLOUR('',#13088);
#13327 = STYLED_ITEM('color',(#13328),#1875);
#13328 = PRESENTATION_STYLE_ASSIGNMENT((#13329));
#13329 = SURFACE_STYLE_USAGE(.BOTH.,#13330);
#13330 = SURFACE_SIDE_STYLE('',(#13331));
#13331 = SURFACE_STYLE_FILL_AREA(#13332);
#13332 = FILL_AREA_STYLE('',(#13333));
#13333 = FILL_AREA_STYLE_COLOUR('',#13088);
#13334 = STYLED_ITEM('color',(#13335),#1892);
#13335 = PRESENTATION_STYLE_ASSIGNMENT((#13336));
#13336 = SURFACE_STYLE_USAGE(.BOTH.,#13337);
#13337 = SURFACE_SIDE_STYLE('',(#13338));
#13338 = SURFACE_STYLE_FILL_AREA(#13339);
#13339 = FILL_AREA_STYLE('',(#13340));
#13340 = FILL_AREA_STYLE_COLOUR('',#13088);
#13341 = STYLED_ITEM('color',(#13342),#1909);
#13342 = PRESENTATION_STYLE_ASSIGNMENT((#13343));
#13343 = SURFACE_STYLE_USAGE(.BOTH.,#13344);
#13344 = SURFACE_SIDE_STYLE('',(#13345));
#13345 = SURFACE_STYLE_FILL_AREA(#13346);
#13346 = FILL_AREA_STYLE('',(#13347));
#13347 = FILL_AREA_STYLE_COLOUR('',#13088);
#13348 = STYLED_ITEM('color',(#13349),#1926);
#13349 = PRESENTATION_STYLE_ASSIGNMENT((#13350));
#13350 = SURFACE_STYLE_USAGE(.BOTH.,#13351);
#13351 = SURFACE_SIDE_STYLE('',(#13352));
#13352 = SURFACE_STYLE_FILL_AREA(#13353);
#13353 = FILL_AREA_STYLE('',(#13354));
#13354 = FILL_AREA_STYLE_COLOUR('',#13088);
#13355 = STYLED_ITEM('color',(#13356),#1943);
#13356 = PRESENTATION_STYLE_ASSIGNMENT((#13357));
#13357 = SURFACE_STYLE_USAGE(.BOTH.,#13358);
#13358 = SURFACE_SIDE_STYLE('',(#13359));
#13359 = SURFACE_STYLE_FILL_AREA(#13360);
#13360 = FILL_AREA_STYLE('',(#13361));
#13361 = FILL_AREA_STYLE_COLOUR('',#13088);
#13362 = STYLED_ITEM('color',(#13363),#1960);
#13363 = PRESENTATION_STYLE_ASSIGNMENT((#13364));
#13364 = SURFACE_STYLE_USAGE(.BOTH.,#13365);
#13365 = SURFACE_SIDE_STYLE('',(#13366));
#13366 = SURFACE_STYLE_FILL_AREA(#13367);
#13367 = FILL_AREA_STYLE('',(#13368));
#13368 = FILL_AREA_STYLE_COLOUR('',#13088);
#13369 = STYLED_ITEM('color',(#13370),#1977);
#13370 = PRESENTATION_STYLE_ASSIGNMENT((#13371));
#13371 = SURFACE_STYLE_USAGE(.BOTH.,#13372);
#13372 = SURFACE_SIDE_STYLE('',(#13373));
#13373 = SURFACE_STYLE_FILL_AREA(#13374);
#13374 = FILL_AREA_STYLE('',(#13375));
#13375 = FILL_AREA_STYLE_COLOUR('',#13088);
#13376 = STYLED_ITEM('color',(#13377),#1994);
#13377 = PRESENTATION_STYLE_ASSIGNMENT((#13378));
#13378 = SURFACE_STYLE_USAGE(.BOTH.,#13379);
#13379 = SURFACE_SIDE_STYLE('',(#13380));
#13380 = SURFACE_STYLE_FILL_AREA(#13381);
#13381 = FILL_AREA_STYLE('',(#13382));
#13382 = FILL_AREA_STYLE_COLOUR('',#13088);
#13383 = STYLED_ITEM('color',(#13384),#2011);
#13384 = PRESENTATION_STYLE_ASSIGNMENT((#13385));
#13385 = SURFACE_STYLE_USAGE(.BOTH.,#13386);
#13386 = SURFACE_SIDE_STYLE('',(#13387));
#13387 = SURFACE_STYLE_FILL_AREA(#13388);
#13388 = FILL_AREA_STYLE('',(#13389));
#13389 = FILL_AREA_STYLE_COLOUR('',#13088);
#13390 = STYLED_ITEM('color',(#13391),#2028);
#13391 = PRESENTATION_STYLE_ASSIGNMENT((#13392));
#13392 = SURFACE_STYLE_USAGE(.BOTH.,#13393);
#13393 = SURFACE_SIDE_STYLE('',(#13394));
#13394 = SURFACE_STYLE_FILL_AREA(#13395);
#13395 = FILL_AREA_STYLE('',(#13396));
#13396 = FILL_AREA_STYLE_COLOUR('',#13088);
#13397 = STYLED_ITEM('color',(#13398),#2045);
#13398 = PRESENTATION_STYLE_ASSIGNMENT((#13399));
#13399 = SURFACE_STYLE_USAGE(.BOTH.,#13400);
#13400 = SURFACE_SIDE_STYLE('',(#13401));
#13401 = SURFACE_STYLE_FILL_AREA(#13402);
#13402 = FILL_AREA_STYLE('',(#13403));
#13403 = FILL_AREA_STYLE_COLOUR('',#13088);
#13404 = STYLED_ITEM('color',(#13405),#2062);
#13405 = PRESENTATION_STYLE_ASSIGNMENT((#13406));
#13406 = SURFACE_STYLE_USAGE(.BOTH.,#13407);
#13407 = SURFACE_SIDE_STYLE('',(#13408));
#13408 = SURFACE_STYLE_FILL_AREA(#13409);
#13409 = FILL_AREA_STYLE('',(#13410));
#13410 = FILL_AREA_STYLE_COLOUR('',#13088);
#13411 = STYLED_ITEM('color',(#13412),#2074);
#13412 = PRESENTATION_STYLE_ASSIGNMENT((#13413));
#13413 = SURFACE_STYLE_USAGE(.BOTH.,#13414);
#13414 = SURFACE_SIDE_STYLE('',(#13415));
#13415 = SURFACE_STYLE_FILL_AREA(#13416);
#13416 = FILL_AREA_STYLE('',(#13417));
#13417 = FILL_AREA_STYLE_COLOUR('',#13088);
#13418 = STYLED_ITEM('color',(#13419),#2091);
#13419 = PRESENTATION_STYLE_ASSIGNMENT((#13420));
#13420 = SURFACE_STYLE_USAGE(.BOTH.,#13421);
#13421 = SURFACE_SIDE_STYLE('',(#13422));
#13422 = SURFACE_STYLE_FILL_AREA(#13423);
#13423 = FILL_AREA_STYLE('',(#13424));
#13424 = FILL_AREA_STYLE_COLOUR('',#13088);
#13425 = STYLED_ITEM('color',(#13426),#2113);
#13426 = PRESENTATION_STYLE_ASSIGNMENT((#13427));
#13427 = SURFACE_STYLE_USAGE(.BOTH.,#13428);
#13428 = SURFACE_SIDE_STYLE('',(#13429));
#13429 = SURFACE_STYLE_FILL_AREA(#13430);
#13430 = FILL_AREA_STYLE('',(#13431));
#13431 = FILL_AREA_STYLE_COLOUR('',#13088);
#13432 = STYLED_ITEM('color',(#13433),#2130);
#13433 = PRESENTATION_STYLE_ASSIGNMENT((#13434));
#13434 = SURFACE_STYLE_USAGE(.BOTH.,#13435);
#13435 = SURFACE_SIDE_STYLE('',(#13436));
#13436 = SURFACE_STYLE_FILL_AREA(#13437);
#13437 = FILL_AREA_STYLE('',(#13438));
#13438 = FILL_AREA_STYLE_COLOUR('',#13088);
#13439 = STYLED_ITEM('color',(#13440),#2147);
#13440 = PRESENTATION_STYLE_ASSIGNMENT((#13441));
#13441 = SURFACE_STYLE_USAGE(.BOTH.,#13442);
#13442 = SURFACE_SIDE_STYLE('',(#13443));
#13443 = SURFACE_STYLE_FILL_AREA(#13444);
#13444 = FILL_AREA_STYLE('',(#13445));
#13445 = FILL_AREA_STYLE_COLOUR('',#13088);
#13446 = STYLED_ITEM('color',(#13447),#2159);
#13447 = PRESENTATION_STYLE_ASSIGNMENT((#13448));
#13448 = SURFACE_STYLE_USAGE(.BOTH.,#13449);
#13449 = SURFACE_SIDE_STYLE('',(#13450));
#13450 = SURFACE_STYLE_FILL_AREA(#13451);
#13451 = FILL_AREA_STYLE('',(#13452));
#13452 = FILL_AREA_STYLE_COLOUR('',#13088);
#13453 = STYLED_ITEM('color',(#13454),#2176);
#13454 = PRESENTATION_STYLE_ASSIGNMENT((#13455));
#13455 = SURFACE_STYLE_USAGE(.BOTH.,#13456);
#13456 = SURFACE_SIDE_STYLE('',(#13457));
#13457 = SURFACE_STYLE_FILL_AREA(#13458);
#13458 = FILL_AREA_STYLE('',(#13459));
#13459 = FILL_AREA_STYLE_COLOUR('',#13088);
#13460 = STYLED_ITEM('color',(#13461),#2193);
#13461 = PRESENTATION_STYLE_ASSIGNMENT((#13462));
#13462 = SURFACE_STYLE_USAGE(.BOTH.,#13463);
#13463 = SURFACE_SIDE_STYLE('',(#13464));
#13464 = SURFACE_STYLE_FILL_AREA(#13465);
#13465 = FILL_AREA_STYLE('',(#13466));
#13466 = FILL_AREA_STYLE_COLOUR('',#13088);
#13467 = STYLED_ITEM('color',(#13468),#2210);
#13468 = PRESENTATION_STYLE_ASSIGNMENT((#13469));
#13469 = SURFACE_STYLE_USAGE(.BOTH.,#13470);
#13470 = SURFACE_SIDE_STYLE('',(#13471));
#13471 = SURFACE_STYLE_FILL_AREA(#13472);
#13472 = FILL_AREA_STYLE('',(#13473));
#13473 = FILL_AREA_STYLE_COLOUR('',#13088);
#13474 = STYLED_ITEM('color',(#13475),#2227);
#13475 = PRESENTATION_STYLE_ASSIGNMENT((#13476));
#13476 = SURFACE_STYLE_USAGE(.BOTH.,#13477);
#13477 = SURFACE_SIDE_STYLE('',(#13478));
#13478 = SURFACE_STYLE_FILL_AREA(#13479);
#13479 = FILL_AREA_STYLE('',(#13480));
#13480 = FILL_AREA_STYLE_COLOUR('',#13088);
#13481 = STYLED_ITEM('color',(#13482),#2244);
#13482 = PRESENTATION_STYLE_ASSIGNMENT((#13483));
#13483 = SURFACE_STYLE_USAGE(.BOTH.,#13484);
#13484 = SURFACE_SIDE_STYLE('',(#13485));
#13485 = SURFACE_STYLE_FILL_AREA(#13486);
#13486 = FILL_AREA_STYLE('',(#13487));
#13487 = FILL_AREA_STYLE_COLOUR('',#13088);
ENDSEC;
END-ISO-10303-21;
