ISO-10303-21;
HEADER;
FILE_DESCRIPTION(('KiCad electronic assembly'),'2;1');
FILE_NAME('Hold sensor board.step','2025-12-09T18:16:51',('Pcbnew'),(
    'Kicad'),'Open CASCADE STEP processor 7.8','KiCad to STEP converter'
  ,'Unknown');
FILE_SCHEMA(('AUTOMOTIVE_DESIGN { 1 0 10303 214 1 1 1 1 }'));
ENDSEC;
DATA;
#1 = APPLICATION_PROTOCOL_DEFINITION('international standard',
  'automotive_design',2000,#2);
#2 = APPLICATION_CONTEXT(
  'core data for automotive mechanical design processes');
#3 = SHAPE_DEFINITION_REPRESENTATION(#4,#10);
#4 = PRODUCT_DEFINITION_SHAPE('','',#5);
#5 = PRODUCT_DEFINITION('design','',#6,#9);
#6 = PRODUCT_DEFINITION_FORMATION('','',#7);
#7 = PRODUCT('Hold sensor board 1','Hold sensor board 1','',(#8));
#8 = PRODUCT_CONTEXT('',#2,'mechanical');
#9 = PRODUCT_DEFINITION_CONTEXT('part definition',#2,'design');
#10 = SHAPE_REPRESENTATION('',(#11,#15,#19),#23);
#11 = AXIS2_PLACEMENT_3D('',#12,#13,#14);
#12 = CARTESIAN_POINT('',(0.,0.,0.));
#13 = DIRECTION('',(0.,0.,1.));
#14 = DIRECTION('',(1.,0.,-0.));
#15 = AXIS2_PLACEMENT_3D('',#16,#17,#18);
#16 = CARTESIAN_POINT('',(210.,-90.,-5.E-02));
#17 = DIRECTION('',(1.224646799147E-16,-1.359631073447E-32,-1.));
#18 = DIRECTION('',(1.110223024625E-16,1.,0.));
#19 = AXIS2_PLACEMENT_3D('',#20,#21,#22);
#20 = CARTESIAN_POINT('',(0.,0.,0.));
#21 = DIRECTION('',(0.,0.,1.));
#22 = DIRECTION('',(1.,0.,-0.));
#23 = ( GEOMETRIC_REPRESENTATION_CONTEXT(3) 
GLOBAL_UNCERTAINTY_ASSIGNED_CONTEXT((#27)) GLOBAL_UNIT_ASSIGNED_CONTEXT(
(#24,#25,#26)) REPRESENTATION_CONTEXT('Context #1',
  '3D Context with UNIT and UNCERTAINTY') );
#24 = ( LENGTH_UNIT() NAMED_UNIT(*) SI_UNIT(.MILLI.,.METRE.) );
#25 = ( NAMED_UNIT(*) PLANE_ANGLE_UNIT() SI_UNIT($,.RADIAN.) );
#26 = ( NAMED_UNIT(*) SI_UNIT($,.STERADIAN.) SOLID_ANGLE_UNIT() );
#27 = UNCERTAINTY_MEASURE_WITH_UNIT(LENGTH_MEASURE(1.E-07),#24,
  'distance_accuracy_value','confusion accuracy');
#28 = PRODUCT_RELATED_PRODUCT_CATEGORY('part',$,(#7));
#29 = SHAPE_DEFINITION_REPRESENTATION(#30,#36);
#30 = PRODUCT_DEFINITION_SHAPE('','',#31);
#31 = PRODUCT_DEFINITION('design','',#32,#35);
#32 = PRODUCT_DEFINITION_FORMATION('','',#33);
#33 = PRODUCT('JST_XH_S4B-XH-A_1x04_P2.50mm_Horizontal',
  'JST_XH_S4B-XH-A_1x04_P2.50mm_Horizontal','',(#34));
#34 = PRODUCT_CONTEXT('',#2,'mechanical');
#35 = PRODUCT_DEFINITION_CONTEXT('part definition',#2,'design');
#36 = SHAPE_REPRESENTATION('',(#11,#37),#41);
#37 = AXIS2_PLACEMENT_3D('',#38,#39,#40);
#38 = CARTESIAN_POINT('',(0.,0.,0.));
#39 = DIRECTION('',(0.,0.,1.));
#40 = DIRECTION('',(1.,0.,-0.));
#41 = ( GEOMETRIC_REPRESENTATION_CONTEXT(3) 
GLOBAL_UNCERTAINTY_ASSIGNED_CONTEXT((#45)) GLOBAL_UNIT_ASSIGNED_CONTEXT(
(#42,#43,#44)) REPRESENTATION_CONTEXT('Context #1',
  '3D Context with UNIT and UNCERTAINTY') );
#42 = ( LENGTH_UNIT() NAMED_UNIT(*) SI_UNIT(.MILLI.,.METRE.) );
#43 = ( NAMED_UNIT(*) PLANE_ANGLE_UNIT() SI_UNIT($,.RADIAN.) );
#44 = ( NAMED_UNIT(*) SI_UNIT($,.STERADIAN.) SOLID_ANGLE_UNIT() );
#45 = UNCERTAINTY_MEASURE_WITH_UNIT(LENGTH_MEASURE(1.E-07),#42,
  'distance_accuracy_value','confusion accuracy');
#46 = CONTEXT_DEPENDENT_SHAPE_REPRESENTATION(#47,#49);
#47 = ( REPRESENTATION_RELATIONSHIP('','',#36,#10) 
REPRESENTATION_RELATIONSHIP_WITH_TRANSFORMATION(#48) 
SHAPE_REPRESENTATION_RELATIONSHIP() );
#48 = ITEM_DEFINED_TRANSFORMATION('','',#11,#15);
#49 = PRODUCT_DEFINITION_SHAPE('Placement','Placement of an item',#50);
#50 = NEXT_ASSEMBLY_USAGE_OCCURRENCE('2','J1','',#5,#31,$);
#51 = PRODUCT_RELATED_PRODUCT_CATEGORY('part',$,(#33));
#52 = SHAPE_DEFINITION_REPRESENTATION(#53,#59);
#53 = PRODUCT_DEFINITION_SHAPE('','',#54);
#54 = PRODUCT_DEFINITION('design','',#55,#58);
#55 = PRODUCT_DEFINITION_FORMATION('','',#56);
#56 = PRODUCT('JST_S4B_XH_A','JST_S4B_XH_A','',(#57));
#57 = PRODUCT_CONTEXT('',#2,'mechanical');
#58 = PRODUCT_DEFINITION_CONTEXT('part definition',#2,'design');
#59 = ADVANCED_BREP_SHAPE_REPRESENTATION('',(#11,#60),#5063);
#60 = MANIFOLD_SOLID_BREP('',#61);
#61 = CLOSED_SHELL('',(#62,#230,#277,#317,#341,#381,#405,#445,#469,#509,
    #533,#573,#597,#637,#661,#701,#725,#765,#805,#845,#933,#966,#990,
    #1062,#1252,#1269,#1315,#1332,#1378,#1395,#1441,#1458,#1504,#1528,
    #1593,#1610,#1622,#1653,#1678,#1695,#1727,#1751,#1768,#1780,#1804,
    #1829,#2006,#2023,#2040,#2057,#2074,#2091,#2108,#2125,#2142,#2159,
    #2176,#2193,#2210,#2227,#2244,#2261,#2278,#2290,#2387,#2411,#2501,
    #2518,#2549,#2607,#2631,#2682,#2747,#2771,#2829,#2846,#2877,#2967,
    #2991,#3074,#3099,#3116,#3143,#3170,#3187,#3335,#3352,#3369,#3386,
    #3419,#3459,#3490,#3507,#3524,#3536,#3569,#3586,#3603,#3620,#3651,
    #3668,#3699,#3716,#3733,#3764,#3786,#3798,#3829,#3846,#3863,#3880,
    #3897,#3930,#3970,#4001,#4018,#4030,#4063,#4094,#4118,#4142,#4159,
    #4190,#4214,#4238,#4255,#4286,#4310,#4334,#4351,#4382,#4406,#4430,
    #4447,#4464,#4481,#4493,#4510,#4527,#4539,#4556,#4573,#4585,#4602,
    #4619,#4631,#4662,#4686,#4710,#4727,#4758,#4782,#4806,#4823,#4854,
    #4878,#4902,#4919,#4950,#4974,#4998,#5015,#5027,#5039,#5051));
#62 = ADVANCED_FACE('',(#63),#225,.F.);
#63 = FACE_BOUND('',#64,.F.);
#64 = EDGE_LOOP('',(#65,#75,#83,#91,#99,#107,#115,#123,#131,#139,#147,
    #155,#163,#171,#179,#187,#195,#203,#211,#219));
#65 = ORIENTED_EDGE('',*,*,#66,.F.);
#66 = EDGE_CURVE('',#67,#69,#71,.T.);
#67 = VERTEX_POINT('',#68);
#68 = CARTESIAN_POINT('',(-1.95,-2.2,0.35));
#69 = VERTEX_POINT('',#70);
#70 = CARTESIAN_POINT('',(-0.75,-2.2,0.35));
#71 = LINE('',#72,#73);
#72 = CARTESIAN_POINT('',(-2.45,-2.2,0.35));
#73 = VECTOR('',#74,1.);
#74 = DIRECTION('',(1.,-1.224646799147E-16,0.));
#75 = ORIENTED_EDGE('',*,*,#76,.F.);
#76 = EDGE_CURVE('',#77,#67,#79,.T.);
#77 = VERTEX_POINT('',#78);
#78 = CARTESIAN_POINT('',(-1.95,-9.2,0.35));
#79 = LINE('',#80,#81);
#80 = CARTESIAN_POINT('',(-1.95,-9.2,0.35));
#81 = VECTOR('',#82,1.);
#82 = DIRECTION('',(1.224646799147E-16,1.,0.));
#83 = ORIENTED_EDGE('',*,*,#84,.T.);
#84 = EDGE_CURVE('',#77,#85,#87,.T.);
#85 = VERTEX_POINT('',#86);
#86 = CARTESIAN_POINT('',(9.45,-9.2,0.35));
#87 = LINE('',#88,#89);
#88 = CARTESIAN_POINT('',(-2.45,-9.2,0.35));
#89 = VECTOR('',#90,1.);
#90 = DIRECTION('',(1.,-1.224646799147E-16,0.));
#91 = ORIENTED_EDGE('',*,*,#92,.T.);
#92 = EDGE_CURVE('',#85,#93,#95,.T.);
#93 = VERTEX_POINT('',#94);
#94 = CARTESIAN_POINT('',(9.45,-2.2,0.35));
#95 = LINE('',#96,#97);
#96 = CARTESIAN_POINT('',(9.45,-9.2,0.35));
#97 = VECTOR('',#98,1.);
#98 = DIRECTION('',(1.224646799147E-16,1.,0.));
#99 = ORIENTED_EDGE('',*,*,#100,.F.);
#100 = EDGE_CURVE('',#101,#93,#103,.T.);
#101 = VERTEX_POINT('',#102);
#102 = CARTESIAN_POINT('',(8.25,-2.2,0.35));
#103 = LINE('',#104,#105);
#104 = CARTESIAN_POINT('',(-2.45,-2.2,0.35));
#105 = VECTOR('',#106,1.);
#106 = DIRECTION('',(1.,-1.224646799147E-16,0.));
#107 = ORIENTED_EDGE('',*,*,#108,.F.);
#108 = EDGE_CURVE('',#109,#101,#111,.T.);
#109 = VERTEX_POINT('',#110);
#110 = CARTESIAN_POINT('',(8.25,-3.2,0.35));
#111 = LINE('',#112,#113);
#112 = CARTESIAN_POINT('',(8.25,-3.2,0.35));
#113 = VECTOR('',#114,1.);
#114 = DIRECTION('',(1.224646799147E-16,1.,-1.110223024625E-16));
#115 = ORIENTED_EDGE('',*,*,#116,.T.);
#116 = EDGE_CURVE('',#109,#117,#119,.T.);
#117 = VERTEX_POINT('',#118);
#118 = CARTESIAN_POINT('',(6.75,-3.2,0.35));
#119 = LINE('',#120,#121);
#120 = CARTESIAN_POINT('',(8.25,-3.2,0.35));
#121 = VECTOR('',#122,1.);
#122 = DIRECTION('',(-1.,1.224646799147E-16,0.));
#123 = ORIENTED_EDGE('',*,*,#124,.T.);
#124 = EDGE_CURVE('',#117,#125,#127,.T.);
#125 = VERTEX_POINT('',#126);
#126 = CARTESIAN_POINT('',(6.75,-2.2,0.35));
#127 = LINE('',#128,#129);
#128 = CARTESIAN_POINT('',(6.75,-3.2,0.35));
#129 = VECTOR('',#130,1.);
#130 = DIRECTION('',(1.224646799147E-16,1.,-1.110223024625E-16));
#131 = ORIENTED_EDGE('',*,*,#132,.F.);
#132 = EDGE_CURVE('',#133,#125,#135,.T.);
#133 = VERTEX_POINT('',#134);
#134 = CARTESIAN_POINT('',(5.75,-2.2,0.35));
#135 = LINE('',#136,#137);
#136 = CARTESIAN_POINT('',(-2.45,-2.2,0.35));
#137 = VECTOR('',#138,1.);
#138 = DIRECTION('',(1.,-1.224646799147E-16,0.));
#139 = ORIENTED_EDGE('',*,*,#140,.F.);
#140 = EDGE_CURVE('',#141,#133,#143,.T.);
#141 = VERTEX_POINT('',#142);
#142 = CARTESIAN_POINT('',(5.75,-3.2,0.35));
#143 = LINE('',#144,#145);
#144 = CARTESIAN_POINT('',(5.75,-3.2,0.35));
#145 = VECTOR('',#146,1.);
#146 = DIRECTION('',(1.224646799147E-16,1.,-1.110223024625E-16));
#147 = ORIENTED_EDGE('',*,*,#148,.T.);
#148 = EDGE_CURVE('',#141,#149,#151,.T.);
#149 = VERTEX_POINT('',#150);
#150 = CARTESIAN_POINT('',(4.25,-3.2,0.35));
#151 = LINE('',#152,#153);
#152 = CARTESIAN_POINT('',(5.75,-3.2,0.35));
#153 = VECTOR('',#154,1.);
#154 = DIRECTION('',(-1.,1.224646799147E-16,0.));
#155 = ORIENTED_EDGE('',*,*,#156,.T.);
#156 = EDGE_CURVE('',#149,#157,#159,.T.);
#157 = VERTEX_POINT('',#158);
#158 = CARTESIAN_POINT('',(4.25,-2.2,0.35));
#159 = LINE('',#160,#161);
#160 = CARTESIAN_POINT('',(4.25,-3.2,0.35));
#161 = VECTOR('',#162,1.);
#162 = DIRECTION('',(1.224646799147E-16,1.,-1.110223024625E-16));
#163 = ORIENTED_EDGE('',*,*,#164,.F.);
#164 = EDGE_CURVE('',#165,#157,#167,.T.);
#165 = VERTEX_POINT('',#166);
#166 = CARTESIAN_POINT('',(3.25,-2.2,0.35));
#167 = LINE('',#168,#169);
#168 = CARTESIAN_POINT('',(-2.45,-2.2,0.35));
#169 = VECTOR('',#170,1.);
#170 = DIRECTION('',(1.,-1.224646799147E-16,0.));
#171 = ORIENTED_EDGE('',*,*,#172,.F.);
#172 = EDGE_CURVE('',#173,#165,#175,.T.);
#173 = VERTEX_POINT('',#174);
#174 = CARTESIAN_POINT('',(3.25,-3.2,0.35));
#175 = LINE('',#176,#177);
#176 = CARTESIAN_POINT('',(3.25,-3.2,0.35));
#177 = VECTOR('',#178,1.);
#178 = DIRECTION('',(1.224646799147E-16,1.,-1.110223024625E-16));
#179 = ORIENTED_EDGE('',*,*,#180,.T.);
#180 = EDGE_CURVE('',#173,#181,#183,.T.);
#181 = VERTEX_POINT('',#182);
#182 = CARTESIAN_POINT('',(1.75,-3.2,0.35));
#183 = LINE('',#184,#185);
#184 = CARTESIAN_POINT('',(3.25,-3.2,0.35));
#185 = VECTOR('',#186,1.);
#186 = DIRECTION('',(-1.,1.224646799147E-16,0.));
#187 = ORIENTED_EDGE('',*,*,#188,.T.);
#188 = EDGE_CURVE('',#181,#189,#191,.T.);
#189 = VERTEX_POINT('',#190);
#190 = CARTESIAN_POINT('',(1.75,-2.2,0.35));
#191 = LINE('',#192,#193);
#192 = CARTESIAN_POINT('',(1.75,-3.2,0.35));
#193 = VECTOR('',#194,1.);
#194 = DIRECTION('',(1.224646799147E-16,1.,-1.110223024625E-16));
#195 = ORIENTED_EDGE('',*,*,#196,.F.);
#196 = EDGE_CURVE('',#197,#189,#199,.T.);
#197 = VERTEX_POINT('',#198);
#198 = CARTESIAN_POINT('',(0.75,-2.2,0.35));
#199 = LINE('',#200,#201);
#200 = CARTESIAN_POINT('',(-2.45,-2.2,0.35));
#201 = VECTOR('',#202,1.);
#202 = DIRECTION('',(1.,-1.224646799147E-16,0.));
#203 = ORIENTED_EDGE('',*,*,#204,.F.);
#204 = EDGE_CURVE('',#205,#197,#207,.T.);
#205 = VERTEX_POINT('',#206);
#206 = CARTESIAN_POINT('',(0.75,-3.2,0.35));
#207 = LINE('',#208,#209);
#208 = CARTESIAN_POINT('',(0.75,-3.2,0.35));
#209 = VECTOR('',#210,1.);
#210 = DIRECTION('',(1.224646799147E-16,1.,-1.110223024625E-16));
#211 = ORIENTED_EDGE('',*,*,#212,.T.);
#212 = EDGE_CURVE('',#205,#213,#215,.T.);
#213 = VERTEX_POINT('',#214);
#214 = CARTESIAN_POINT('',(-0.75,-3.2,0.35));
#215 = LINE('',#216,#217);
#216 = CARTESIAN_POINT('',(0.75,-3.2,0.35));
#217 = VECTOR('',#218,1.);
#218 = DIRECTION('',(-1.,1.224646799147E-16,0.));
#219 = ORIENTED_EDGE('',*,*,#220,.T.);
#220 = EDGE_CURVE('',#213,#69,#221,.T.);
#221 = LINE('',#222,#223);
#222 = CARTESIAN_POINT('',(-0.75,-3.2,0.35));
#223 = VECTOR('',#224,1.);
#224 = DIRECTION('',(1.224646799147E-16,1.,-1.110223024625E-16));
#225 = PLANE('',#226);
#226 = AXIS2_PLACEMENT_3D('',#227,#228,#229);
#227 = CARTESIAN_POINT('',(-2.45,-2.2,0.35));
#228 = DIRECTION('',(1.359631073447E-32,1.110223024625E-16,1.));
#229 = DIRECTION('',(1.,-1.224646799147E-16,-6.927121900793E-45));
#230 = ADVANCED_FACE('',(#231),#272,.F.);
#231 = FACE_BOUND('',#232,.F.);
#232 = EDGE_LOOP('',(#233,#241,#249,#257,#265,#271));
#233 = ORIENTED_EDGE('',*,*,#234,.T.);
#234 = EDGE_CURVE('',#69,#235,#237,.T.);
#235 = VERTEX_POINT('',#236);
#236 = CARTESIAN_POINT('',(-0.75,-2.2,6.1));
#237 = LINE('',#238,#239);
#238 = CARTESIAN_POINT('',(-0.75,-2.2,0.35));
#239 = VECTOR('',#240,1.);
#240 = DIRECTION('',(1.359631073447E-32,1.110223024625E-16,1.));
#241 = ORIENTED_EDGE('',*,*,#242,.T.);
#242 = EDGE_CURVE('',#235,#243,#245,.T.);
#243 = VERTEX_POINT('',#244);
#244 = CARTESIAN_POINT('',(-2.45,-2.2,6.1));
#245 = LINE('',#246,#247);
#246 = CARTESIAN_POINT('',(9.95,-2.2,6.1));
#247 = VECTOR('',#248,1.);
#248 = DIRECTION('',(-1.,1.224646799147E-16,0.));
#249 = ORIENTED_EDGE('',*,*,#250,.T.);
#250 = EDGE_CURVE('',#243,#251,#253,.T.);
#251 = VERTEX_POINT('',#252);
#252 = CARTESIAN_POINT('',(-2.45,-2.2,5.35));
#253 = LINE('',#254,#255);
#254 = CARTESIAN_POINT('',(-2.45,-2.2,6.1));
#255 = VECTOR('',#256,1.);
#256 = DIRECTION('',(-1.359631073447E-32,-1.110223024625E-16,-1.));
#257 = ORIENTED_EDGE('',*,*,#258,.F.);
#258 = EDGE_CURVE('',#259,#251,#261,.T.);
#259 = VERTEX_POINT('',#260);
#260 = CARTESIAN_POINT('',(-1.95,-2.2,5.35));
#261 = LINE('',#262,#263);
#262 = CARTESIAN_POINT('',(-1.95,-2.2,5.35));
#263 = VECTOR('',#264,1.);
#264 = DIRECTION('',(-1.,1.224646799147E-16,0.));
#265 = ORIENTED_EDGE('',*,*,#266,.F.);
#266 = EDGE_CURVE('',#67,#259,#267,.T.);
#267 = LINE('',#268,#269);
#268 = CARTESIAN_POINT('',(-1.95,-2.2,0.35));
#269 = VECTOR('',#270,1.);
#270 = DIRECTION('',(0.,0.,1.));
#271 = ORIENTED_EDGE('',*,*,#66,.T.);
#272 = PLANE('',#273);
#273 = AXIS2_PLACEMENT_3D('',#274,#275,#276);
#274 = CARTESIAN_POINT('',(3.75,-2.2,3.225));
#275 = DIRECTION('',(-1.224646799147E-16,-1.,1.110223024625E-16));
#276 = DIRECTION('',(-1.,1.224646799147E-16,0.));
#277 = ADVANCED_FACE('',(#278),#312,.T.);
#278 = FACE_BOUND('',#279,.T.);
#279 = EDGE_LOOP('',(#280,#288,#296,#304,#310,#311));
#280 = ORIENTED_EDGE('',*,*,#281,.T.);
#281 = EDGE_CURVE('',#235,#282,#284,.T.);
#282 = VERTEX_POINT('',#283);
#283 = CARTESIAN_POINT('',(-0.75,-3.2,6.1));
#284 = LINE('',#285,#286);
#285 = CARTESIAN_POINT('',(-0.75,-2.2,6.1));
#286 = VECTOR('',#287,1.);
#287 = DIRECTION('',(-1.224646799147E-16,-1.,1.110223024625E-16));
#288 = ORIENTED_EDGE('',*,*,#289,.T.);
#289 = EDGE_CURVE('',#282,#290,#292,.T.);
#290 = VERTEX_POINT('',#291);
#291 = CARTESIAN_POINT('',(-0.75,-2.5,4.25));
#292 = LINE('',#293,#294);
#293 = CARTESIAN_POINT('',(-0.75,-3.2,6.1));
#294 = VECTOR('',#295,1.);
#295 = DIRECTION('',(4.33392824344E-17,0.353892097416,-0.935286257456));
#296 = ORIENTED_EDGE('',*,*,#297,.T.);
#297 = EDGE_CURVE('',#290,#298,#300,.T.);
#298 = VERTEX_POINT('',#299);
#299 = CARTESIAN_POINT('',(-0.75,-2.5,3.25));
#300 = LINE('',#301,#302);
#301 = CARTESIAN_POINT('',(-0.75,-2.5,4.25));
#302 = VECTOR('',#303,1.);
#303 = DIRECTION('',(-1.359631073447E-32,-1.110223024625E-16,-1.));
#304 = ORIENTED_EDGE('',*,*,#305,.T.);
#305 = EDGE_CURVE('',#298,#213,#306,.T.);
#306 = LINE('',#307,#308);
#307 = CARTESIAN_POINT('',(-0.75,-2.5,3.25));
#308 = VECTOR('',#309,1.);
#309 = DIRECTION('',(-2.87351777816E-17,-0.234640533104,-0.972082208573)
  );
#310 = ORIENTED_EDGE('',*,*,#220,.T.);
#311 = ORIENTED_EDGE('',*,*,#234,.T.);
#312 = PLANE('',#313);
#313 = AXIS2_PLACEMENT_3D('',#314,#315,#316);
#314 = CARTESIAN_POINT('',(-0.75,-2.530008245993,3.234548643504));
#315 = DIRECTION('',(1.,-1.224646799147E-16,6.435104022508E-33));
#316 = DIRECTION('',(1.224646799147E-16,1.,-1.110223024625E-16));
#317 = ADVANCED_FACE('',(#318),#336,.F.);
#318 = FACE_BOUND('',#319,.F.);
#319 = EDGE_LOOP('',(#320,#328,#329,#330));
#320 = ORIENTED_EDGE('',*,*,#321,.T.);
#321 = EDGE_CURVE('',#322,#298,#324,.T.);
#322 = VERTEX_POINT('',#323);
#323 = CARTESIAN_POINT('',(0.75,-2.5,3.25));
#324 = LINE('',#325,#326);
#325 = CARTESIAN_POINT('',(0.75,-2.5,3.25));
#326 = VECTOR('',#327,1.);
#327 = DIRECTION('',(-1.,1.224646799147E-16,0.));
#328 = ORIENTED_EDGE('',*,*,#305,.T.);
#329 = ORIENTED_EDGE('',*,*,#212,.F.);
#330 = ORIENTED_EDGE('',*,*,#331,.F.);
#331 = EDGE_CURVE('',#322,#205,#332,.T.);
#332 = LINE('',#333,#334);
#333 = CARTESIAN_POINT('',(0.75,-2.5,3.25));
#334 = VECTOR('',#335,1.);
#335 = DIRECTION('',(-2.87351777816E-17,-0.234640533104,-0.972082208573)
  );
#336 = PLANE('',#337);
#337 = AXIS2_PLACEMENT_3D('',#338,#339,#340);
#338 = CARTESIAN_POINT('',(0.75,-2.5,3.25));
#339 = DIRECTION('',(-1.190457365237E-16,-0.972082208573,0.234640533104)
  );
#340 = DIRECTION('',(-2.87351777816E-17,-0.234640533104,-0.972082208573)
  );
#341 = ADVANCED_FACE('',(#342),#376,.F.);
#342 = FACE_BOUND('',#343,.F.);
#343 = EDGE_LOOP('',(#344,#354,#362,#368,#369,#370));
#344 = ORIENTED_EDGE('',*,*,#345,.T.);
#345 = EDGE_CURVE('',#346,#348,#350,.T.);
#346 = VERTEX_POINT('',#347);
#347 = CARTESIAN_POINT('',(0.75,-2.2,6.1));
#348 = VERTEX_POINT('',#349);
#349 = CARTESIAN_POINT('',(0.75,-3.2,6.1));
#350 = LINE('',#351,#352);
#351 = CARTESIAN_POINT('',(0.75,-2.2,6.1));
#352 = VECTOR('',#353,1.);
#353 = DIRECTION('',(-1.224646799147E-16,-1.,1.110223024625E-16));
#354 = ORIENTED_EDGE('',*,*,#355,.T.);
#355 = EDGE_CURVE('',#348,#356,#358,.T.);
#356 = VERTEX_POINT('',#357);
#357 = CARTESIAN_POINT('',(0.75,-2.5,4.25));
#358 = LINE('',#359,#360);
#359 = CARTESIAN_POINT('',(0.75,-3.2,6.1));
#360 = VECTOR('',#361,1.);
#361 = DIRECTION('',(4.33392824344E-17,0.353892097416,-0.935286257456));
#362 = ORIENTED_EDGE('',*,*,#363,.T.);
#363 = EDGE_CURVE('',#356,#322,#364,.T.);
#364 = LINE('',#365,#366);
#365 = CARTESIAN_POINT('',(0.75,-2.5,4.25));
#366 = VECTOR('',#367,1.);
#367 = DIRECTION('',(-1.359631073447E-32,-1.110223024625E-16,-1.));
#368 = ORIENTED_EDGE('',*,*,#331,.T.);
#369 = ORIENTED_EDGE('',*,*,#204,.T.);
#370 = ORIENTED_EDGE('',*,*,#371,.T.);
#371 = EDGE_CURVE('',#197,#346,#372,.T.);
#372 = LINE('',#373,#374);
#373 = CARTESIAN_POINT('',(0.75,-2.2,0.35));
#374 = VECTOR('',#375,1.);
#375 = DIRECTION('',(1.359631073447E-32,1.110223024625E-16,1.));
#376 = PLANE('',#377);
#377 = AXIS2_PLACEMENT_3D('',#378,#379,#380);
#378 = CARTESIAN_POINT('',(0.75,-2.530008245993,3.234548643504));
#379 = DIRECTION('',(1.,-1.224646799147E-16,6.435104022508E-33));
#380 = DIRECTION('',(1.224646799147E-16,1.,-1.110223024625E-16));
#381 = ADVANCED_FACE('',(#382),#400,.F.);
#382 = FACE_BOUND('',#383,.F.);
#383 = EDGE_LOOP('',(#384,#392,#393,#394));
#384 = ORIENTED_EDGE('',*,*,#385,.T.);
#385 = EDGE_CURVE('',#386,#346,#388,.T.);
#386 = VERTEX_POINT('',#387);
#387 = CARTESIAN_POINT('',(1.75,-2.2,6.1));
#388 = LINE('',#389,#390);
#389 = CARTESIAN_POINT('',(9.95,-2.2,6.1));
#390 = VECTOR('',#391,1.);
#391 = DIRECTION('',(-1.,1.224646799147E-16,0.));
#392 = ORIENTED_EDGE('',*,*,#371,.F.);
#393 = ORIENTED_EDGE('',*,*,#196,.T.);
#394 = ORIENTED_EDGE('',*,*,#395,.T.);
#395 = EDGE_CURVE('',#189,#386,#396,.T.);
#396 = LINE('',#397,#398);
#397 = CARTESIAN_POINT('',(1.75,-2.2,0.35));
#398 = VECTOR('',#399,1.);
#399 = DIRECTION('',(1.359631073447E-32,1.110223024625E-16,1.));
#400 = PLANE('',#401);
#401 = AXIS2_PLACEMENT_3D('',#402,#403,#404);
#402 = CARTESIAN_POINT('',(3.75,-2.2,3.225));
#403 = DIRECTION('',(-1.224646799147E-16,-1.,1.110223024625E-16));
#404 = DIRECTION('',(-1.,1.224646799147E-16,0.));
#405 = ADVANCED_FACE('',(#406),#440,.T.);
#406 = FACE_BOUND('',#407,.T.);
#407 = EDGE_LOOP('',(#408,#416,#424,#432,#438,#439));
#408 = ORIENTED_EDGE('',*,*,#409,.T.);
#409 = EDGE_CURVE('',#386,#410,#412,.T.);
#410 = VERTEX_POINT('',#411);
#411 = CARTESIAN_POINT('',(1.75,-3.2,6.1));
#412 = LINE('',#413,#414);
#413 = CARTESIAN_POINT('',(1.75,-2.2,6.1));
#414 = VECTOR('',#415,1.);
#415 = DIRECTION('',(-1.224646799147E-16,-1.,1.110223024625E-16));
#416 = ORIENTED_EDGE('',*,*,#417,.T.);
#417 = EDGE_CURVE('',#410,#418,#420,.T.);
#418 = VERTEX_POINT('',#419);
#419 = CARTESIAN_POINT('',(1.75,-2.5,4.25));
#420 = LINE('',#421,#422);
#421 = CARTESIAN_POINT('',(1.75,-3.2,6.1));
#422 = VECTOR('',#423,1.);
#423 = DIRECTION('',(4.33392824344E-17,0.353892097416,-0.935286257456));
#424 = ORIENTED_EDGE('',*,*,#425,.T.);
#425 = EDGE_CURVE('',#418,#426,#428,.T.);
#426 = VERTEX_POINT('',#427);
#427 = CARTESIAN_POINT('',(1.75,-2.5,3.25));
#428 = LINE('',#429,#430);
#429 = CARTESIAN_POINT('',(1.75,-2.5,4.25));
#430 = VECTOR('',#431,1.);
#431 = DIRECTION('',(-1.359631073447E-32,-1.110223024625E-16,-1.));
#432 = ORIENTED_EDGE('',*,*,#433,.T.);
#433 = EDGE_CURVE('',#426,#181,#434,.T.);
#434 = LINE('',#435,#436);
#435 = CARTESIAN_POINT('',(1.75,-2.5,3.25));
#436 = VECTOR('',#437,1.);
#437 = DIRECTION('',(-2.87351777816E-17,-0.234640533104,-0.972082208573)
  );
#438 = ORIENTED_EDGE('',*,*,#188,.T.);
#439 = ORIENTED_EDGE('',*,*,#395,.T.);
#440 = PLANE('',#441);
#441 = AXIS2_PLACEMENT_3D('',#442,#443,#444);
#442 = CARTESIAN_POINT('',(1.75,-2.530008245993,3.234548643504));
#443 = DIRECTION('',(1.,-1.224646799147E-16,6.435104022508E-33));
#444 = DIRECTION('',(1.224646799147E-16,1.,-1.110223024625E-16));
#445 = ADVANCED_FACE('',(#446),#464,.F.);
#446 = FACE_BOUND('',#447,.F.);
#447 = EDGE_LOOP('',(#448,#456,#457,#458));
#448 = ORIENTED_EDGE('',*,*,#449,.T.);
#449 = EDGE_CURVE('',#450,#426,#452,.T.);
#450 = VERTEX_POINT('',#451);
#451 = CARTESIAN_POINT('',(3.25,-2.5,3.25));
#452 = LINE('',#453,#454);
#453 = CARTESIAN_POINT('',(3.25,-2.5,3.25));
#454 = VECTOR('',#455,1.);
#455 = DIRECTION('',(-1.,1.224646799147E-16,0.));
#456 = ORIENTED_EDGE('',*,*,#433,.T.);
#457 = ORIENTED_EDGE('',*,*,#180,.F.);
#458 = ORIENTED_EDGE('',*,*,#459,.F.);
#459 = EDGE_CURVE('',#450,#173,#460,.T.);
#460 = LINE('',#461,#462);
#461 = CARTESIAN_POINT('',(3.25,-2.5,3.25));
#462 = VECTOR('',#463,1.);
#463 = DIRECTION('',(-2.87351777816E-17,-0.234640533104,-0.972082208573)
  );
#464 = PLANE('',#465);
#465 = AXIS2_PLACEMENT_3D('',#466,#467,#468);
#466 = CARTESIAN_POINT('',(3.25,-2.5,3.25));
#467 = DIRECTION('',(-1.190457365237E-16,-0.972082208573,0.234640533104)
  );
#468 = DIRECTION('',(-2.87351777816E-17,-0.234640533104,-0.972082208573)
  );
#469 = ADVANCED_FACE('',(#470),#504,.F.);
#470 = FACE_BOUND('',#471,.F.);
#471 = EDGE_LOOP('',(#472,#482,#490,#496,#497,#498));
#472 = ORIENTED_EDGE('',*,*,#473,.T.);
#473 = EDGE_CURVE('',#474,#476,#478,.T.);
#474 = VERTEX_POINT('',#475);
#475 = CARTESIAN_POINT('',(3.25,-2.2,6.1));
#476 = VERTEX_POINT('',#477);
#477 = CARTESIAN_POINT('',(3.25,-3.2,6.1));
#478 = LINE('',#479,#480);
#479 = CARTESIAN_POINT('',(3.25,-2.2,6.1));
#480 = VECTOR('',#481,1.);
#481 = DIRECTION('',(-1.224646799147E-16,-1.,1.110223024625E-16));
#482 = ORIENTED_EDGE('',*,*,#483,.T.);
#483 = EDGE_CURVE('',#476,#484,#486,.T.);
#484 = VERTEX_POINT('',#485);
#485 = CARTESIAN_POINT('',(3.25,-2.5,4.25));
#486 = LINE('',#487,#488);
#487 = CARTESIAN_POINT('',(3.25,-3.2,6.1));
#488 = VECTOR('',#489,1.);
#489 = DIRECTION('',(4.33392824344E-17,0.353892097416,-0.935286257456));
#490 = ORIENTED_EDGE('',*,*,#491,.T.);
#491 = EDGE_CURVE('',#484,#450,#492,.T.);
#492 = LINE('',#493,#494);
#493 = CARTESIAN_POINT('',(3.25,-2.5,4.25));
#494 = VECTOR('',#495,1.);
#495 = DIRECTION('',(-1.359631073447E-32,-1.110223024625E-16,-1.));
#496 = ORIENTED_EDGE('',*,*,#459,.T.);
#497 = ORIENTED_EDGE('',*,*,#172,.T.);
#498 = ORIENTED_EDGE('',*,*,#499,.T.);
#499 = EDGE_CURVE('',#165,#474,#500,.T.);
#500 = LINE('',#501,#502);
#501 = CARTESIAN_POINT('',(3.25,-2.2,0.35));
#502 = VECTOR('',#503,1.);
#503 = DIRECTION('',(1.359631073447E-32,1.110223024625E-16,1.));
#504 = PLANE('',#505);
#505 = AXIS2_PLACEMENT_3D('',#506,#507,#508);
#506 = CARTESIAN_POINT('',(3.25,-2.530008245993,3.234548643504));
#507 = DIRECTION('',(1.,-1.224646799147E-16,6.435104022508E-33));
#508 = DIRECTION('',(1.224646799147E-16,1.,-1.110223024625E-16));
#509 = ADVANCED_FACE('',(#510),#528,.F.);
#510 = FACE_BOUND('',#511,.F.);
#511 = EDGE_LOOP('',(#512,#513,#514,#522));
#512 = ORIENTED_EDGE('',*,*,#499,.F.);
#513 = ORIENTED_EDGE('',*,*,#164,.T.);
#514 = ORIENTED_EDGE('',*,*,#515,.T.);
#515 = EDGE_CURVE('',#157,#516,#518,.T.);
#516 = VERTEX_POINT('',#517);
#517 = CARTESIAN_POINT('',(4.25,-2.2,6.1));
#518 = LINE('',#519,#520);
#519 = CARTESIAN_POINT('',(4.25,-2.2,0.35));
#520 = VECTOR('',#521,1.);
#521 = DIRECTION('',(1.359631073447E-32,1.110223024625E-16,1.));
#522 = ORIENTED_EDGE('',*,*,#523,.T.);
#523 = EDGE_CURVE('',#516,#474,#524,.T.);
#524 = LINE('',#525,#526);
#525 = CARTESIAN_POINT('',(9.95,-2.2,6.1));
#526 = VECTOR('',#527,1.);
#527 = DIRECTION('',(-1.,1.224646799147E-16,0.));
#528 = PLANE('',#529);
#529 = AXIS2_PLACEMENT_3D('',#530,#531,#532);
#530 = CARTESIAN_POINT('',(3.75,-2.2,3.225));
#531 = DIRECTION('',(-1.224646799147E-16,-1.,1.110223024625E-16));
#532 = DIRECTION('',(-1.,1.224646799147E-16,0.));
#533 = ADVANCED_FACE('',(#534),#568,.T.);
#534 = FACE_BOUND('',#535,.T.);
#535 = EDGE_LOOP('',(#536,#544,#552,#560,#566,#567));
#536 = ORIENTED_EDGE('',*,*,#537,.T.);
#537 = EDGE_CURVE('',#516,#538,#540,.T.);
#538 = VERTEX_POINT('',#539);
#539 = CARTESIAN_POINT('',(4.25,-3.2,6.1));
#540 = LINE('',#541,#542);
#541 = CARTESIAN_POINT('',(4.25,-2.2,6.1));
#542 = VECTOR('',#543,1.);
#543 = DIRECTION('',(-1.224646799147E-16,-1.,1.110223024625E-16));
#544 = ORIENTED_EDGE('',*,*,#545,.T.);
#545 = EDGE_CURVE('',#538,#546,#548,.T.);
#546 = VERTEX_POINT('',#547);
#547 = CARTESIAN_POINT('',(4.25,-2.5,4.25));
#548 = LINE('',#549,#550);
#549 = CARTESIAN_POINT('',(4.25,-3.2,6.1));
#550 = VECTOR('',#551,1.);
#551 = DIRECTION('',(4.33392824344E-17,0.353892097416,-0.935286257456));
#552 = ORIENTED_EDGE('',*,*,#553,.T.);
#553 = EDGE_CURVE('',#546,#554,#556,.T.);
#554 = VERTEX_POINT('',#555);
#555 = CARTESIAN_POINT('',(4.25,-2.5,3.25));
#556 = LINE('',#557,#558);
#557 = CARTESIAN_POINT('',(4.25,-2.5,4.25));
#558 = VECTOR('',#559,1.);
#559 = DIRECTION('',(-1.359631073447E-32,-1.110223024625E-16,-1.));
#560 = ORIENTED_EDGE('',*,*,#561,.T.);
#561 = EDGE_CURVE('',#554,#149,#562,.T.);
#562 = LINE('',#563,#564);
#563 = CARTESIAN_POINT('',(4.25,-2.5,3.25));
#564 = VECTOR('',#565,1.);
#565 = DIRECTION('',(-2.87351777816E-17,-0.234640533104,-0.972082208573)
  );
#566 = ORIENTED_EDGE('',*,*,#156,.T.);
#567 = ORIENTED_EDGE('',*,*,#515,.T.);
#568 = PLANE('',#569);
#569 = AXIS2_PLACEMENT_3D('',#570,#571,#572);
#570 = CARTESIAN_POINT('',(4.25,-2.530008245993,3.234548643504));
#571 = DIRECTION('',(1.,-1.224646799147E-16,6.435104022508E-33));
#572 = DIRECTION('',(1.224646799147E-16,1.,-1.110223024625E-16));
#573 = ADVANCED_FACE('',(#574),#592,.F.);
#574 = FACE_BOUND('',#575,.F.);
#575 = EDGE_LOOP('',(#576,#584,#585,#586));
#576 = ORIENTED_EDGE('',*,*,#577,.T.);
#577 = EDGE_CURVE('',#578,#554,#580,.T.);
#578 = VERTEX_POINT('',#579);
#579 = CARTESIAN_POINT('',(5.75,-2.5,3.25));
#580 = LINE('',#581,#582);
#581 = CARTESIAN_POINT('',(5.75,-2.5,3.25));
#582 = VECTOR('',#583,1.);
#583 = DIRECTION('',(-1.,1.224646799147E-16,0.));
#584 = ORIENTED_EDGE('',*,*,#561,.T.);
#585 = ORIENTED_EDGE('',*,*,#148,.F.);
#586 = ORIENTED_EDGE('',*,*,#587,.F.);
#587 = EDGE_CURVE('',#578,#141,#588,.T.);
#588 = LINE('',#589,#590);
#589 = CARTESIAN_POINT('',(5.75,-2.5,3.25));
#590 = VECTOR('',#591,1.);
#591 = DIRECTION('',(-2.87351777816E-17,-0.234640533104,-0.972082208573)
  );
#592 = PLANE('',#593);
#593 = AXIS2_PLACEMENT_3D('',#594,#595,#596);
#594 = CARTESIAN_POINT('',(5.75,-2.5,3.25));
#595 = DIRECTION('',(-1.190457365237E-16,-0.972082208573,0.234640533104)
  );
#596 = DIRECTION('',(-2.87351777816E-17,-0.234640533104,-0.972082208573)
  );
#597 = ADVANCED_FACE('',(#598),#632,.F.);
#598 = FACE_BOUND('',#599,.F.);
#599 = EDGE_LOOP('',(#600,#610,#618,#624,#625,#626));
#600 = ORIENTED_EDGE('',*,*,#601,.T.);
#601 = EDGE_CURVE('',#602,#604,#606,.T.);
#602 = VERTEX_POINT('',#603);
#603 = CARTESIAN_POINT('',(5.75,-2.2,6.1));
#604 = VERTEX_POINT('',#605);
#605 = CARTESIAN_POINT('',(5.75,-3.2,6.1));
#606 = LINE('',#607,#608);
#607 = CARTESIAN_POINT('',(5.75,-2.2,6.1));
#608 = VECTOR('',#609,1.);
#609 = DIRECTION('',(-1.224646799147E-16,-1.,1.110223024625E-16));
#610 = ORIENTED_EDGE('',*,*,#611,.T.);
#611 = EDGE_CURVE('',#604,#612,#614,.T.);
#612 = VERTEX_POINT('',#613);
#613 = CARTESIAN_POINT('',(5.75,-2.5,4.25));
#614 = LINE('',#615,#616);
#615 = CARTESIAN_POINT('',(5.75,-3.2,6.1));
#616 = VECTOR('',#617,1.);
#617 = DIRECTION('',(4.33392824344E-17,0.353892097416,-0.935286257456));
#618 = ORIENTED_EDGE('',*,*,#619,.T.);
#619 = EDGE_CURVE('',#612,#578,#620,.T.);
#620 = LINE('',#621,#622);
#621 = CARTESIAN_POINT('',(5.75,-2.5,4.25));
#622 = VECTOR('',#623,1.);
#623 = DIRECTION('',(-1.359631073447E-32,-1.110223024625E-16,-1.));
#624 = ORIENTED_EDGE('',*,*,#587,.T.);
#625 = ORIENTED_EDGE('',*,*,#140,.T.);
#626 = ORIENTED_EDGE('',*,*,#627,.T.);
#627 = EDGE_CURVE('',#133,#602,#628,.T.);
#628 = LINE('',#629,#630);
#629 = CARTESIAN_POINT('',(5.75,-2.2,0.35));
#630 = VECTOR('',#631,1.);
#631 = DIRECTION('',(1.359631073447E-32,1.110223024625E-16,1.));
#632 = PLANE('',#633);
#633 = AXIS2_PLACEMENT_3D('',#634,#635,#636);
#634 = CARTESIAN_POINT('',(5.75,-2.530008245993,3.234548643504));
#635 = DIRECTION('',(1.,-1.224646799147E-16,6.435104022508E-33));
#636 = DIRECTION('',(1.224646799147E-16,1.,-1.110223024625E-16));
#637 = ADVANCED_FACE('',(#638),#656,.F.);
#638 = FACE_BOUND('',#639,.F.);
#639 = EDGE_LOOP('',(#640,#641,#649,#655));
#640 = ORIENTED_EDGE('',*,*,#132,.T.);
#641 = ORIENTED_EDGE('',*,*,#642,.T.);
#642 = EDGE_CURVE('',#125,#643,#645,.T.);
#643 = VERTEX_POINT('',#644);
#644 = CARTESIAN_POINT('',(6.75,-2.2,6.1));
#645 = LINE('',#646,#647);
#646 = CARTESIAN_POINT('',(6.75,-2.2,0.35));
#647 = VECTOR('',#648,1.);
#648 = DIRECTION('',(1.359631073447E-32,1.110223024625E-16,1.));
#649 = ORIENTED_EDGE('',*,*,#650,.T.);
#650 = EDGE_CURVE('',#643,#602,#651,.T.);
#651 = LINE('',#652,#653);
#652 = CARTESIAN_POINT('',(9.95,-2.2,6.1));
#653 = VECTOR('',#654,1.);
#654 = DIRECTION('',(-1.,1.224646799147E-16,0.));
#655 = ORIENTED_EDGE('',*,*,#627,.F.);
#656 = PLANE('',#657);
#657 = AXIS2_PLACEMENT_3D('',#658,#659,#660);
#658 = CARTESIAN_POINT('',(3.75,-2.2,3.225));
#659 = DIRECTION('',(-1.224646799147E-16,-1.,1.110223024625E-16));
#660 = DIRECTION('',(-1.,1.224646799147E-16,0.));
#661 = ADVANCED_FACE('',(#662),#696,.T.);
#662 = FACE_BOUND('',#663,.T.);
#663 = EDGE_LOOP('',(#664,#672,#680,#688,#694,#695));
#664 = ORIENTED_EDGE('',*,*,#665,.T.);
#665 = EDGE_CURVE('',#643,#666,#668,.T.);
#666 = VERTEX_POINT('',#667);
#667 = CARTESIAN_POINT('',(6.75,-3.2,6.1));
#668 = LINE('',#669,#670);
#669 = CARTESIAN_POINT('',(6.75,-2.2,6.1));
#670 = VECTOR('',#671,1.);
#671 = DIRECTION('',(-1.224646799147E-16,-1.,1.110223024625E-16));
#672 = ORIENTED_EDGE('',*,*,#673,.T.);
#673 = EDGE_CURVE('',#666,#674,#676,.T.);
#674 = VERTEX_POINT('',#675);
#675 = CARTESIAN_POINT('',(6.75,-2.5,4.25));
#676 = LINE('',#677,#678);
#677 = CARTESIAN_POINT('',(6.75,-3.2,6.1));
#678 = VECTOR('',#679,1.);
#679 = DIRECTION('',(4.33392824344E-17,0.353892097416,-0.935286257456));
#680 = ORIENTED_EDGE('',*,*,#681,.T.);
#681 = EDGE_CURVE('',#674,#682,#684,.T.);
#682 = VERTEX_POINT('',#683);
#683 = CARTESIAN_POINT('',(6.75,-2.5,3.25));
#684 = LINE('',#685,#686);
#685 = CARTESIAN_POINT('',(6.75,-2.5,4.25));
#686 = VECTOR('',#687,1.);
#687 = DIRECTION('',(-1.359631073447E-32,-1.110223024625E-16,-1.));
#688 = ORIENTED_EDGE('',*,*,#689,.T.);
#689 = EDGE_CURVE('',#682,#117,#690,.T.);
#690 = LINE('',#691,#692);
#691 = CARTESIAN_POINT('',(6.75,-2.5,3.25));
#692 = VECTOR('',#693,1.);
#693 = DIRECTION('',(-2.87351777816E-17,-0.234640533104,-0.972082208573)
  );
#694 = ORIENTED_EDGE('',*,*,#124,.T.);
#695 = ORIENTED_EDGE('',*,*,#642,.T.);
#696 = PLANE('',#697);
#697 = AXIS2_PLACEMENT_3D('',#698,#699,#700);
#698 = CARTESIAN_POINT('',(6.75,-2.530008245993,3.234548643504));
#699 = DIRECTION('',(1.,-1.224646799147E-16,6.435104022508E-33));
#700 = DIRECTION('',(1.224646799147E-16,1.,-1.110223024625E-16));
#701 = ADVANCED_FACE('',(#702),#720,.F.);
#702 = FACE_BOUND('',#703,.F.);
#703 = EDGE_LOOP('',(#704,#712,#713,#714));
#704 = ORIENTED_EDGE('',*,*,#705,.T.);
#705 = EDGE_CURVE('',#706,#682,#708,.T.);
#706 = VERTEX_POINT('',#707);
#707 = CARTESIAN_POINT('',(8.25,-2.5,3.25));
#708 = LINE('',#709,#710);
#709 = CARTESIAN_POINT('',(8.25,-2.5,3.25));
#710 = VECTOR('',#711,1.);
#711 = DIRECTION('',(-1.,1.224646799147E-16,0.));
#712 = ORIENTED_EDGE('',*,*,#689,.T.);
#713 = ORIENTED_EDGE('',*,*,#116,.F.);
#714 = ORIENTED_EDGE('',*,*,#715,.F.);
#715 = EDGE_CURVE('',#706,#109,#716,.T.);
#716 = LINE('',#717,#718);
#717 = CARTESIAN_POINT('',(8.25,-2.5,3.25));
#718 = VECTOR('',#719,1.);
#719 = DIRECTION('',(-2.87351777816E-17,-0.234640533104,-0.972082208573)
  );
#720 = PLANE('',#721);
#721 = AXIS2_PLACEMENT_3D('',#722,#723,#724);
#722 = CARTESIAN_POINT('',(8.25,-2.5,3.25));
#723 = DIRECTION('',(-1.190457365237E-16,-0.972082208573,0.234640533104)
  );
#724 = DIRECTION('',(-2.87351777816E-17,-0.234640533104,-0.972082208573)
  );
#725 = ADVANCED_FACE('',(#726),#760,.F.);
#726 = FACE_BOUND('',#727,.F.);
#727 = EDGE_LOOP('',(#728,#738,#746,#752,#753,#754));
#728 = ORIENTED_EDGE('',*,*,#729,.T.);
#729 = EDGE_CURVE('',#730,#732,#734,.T.);
#730 = VERTEX_POINT('',#731);
#731 = CARTESIAN_POINT('',(8.25,-2.2,6.1));
#732 = VERTEX_POINT('',#733);
#733 = CARTESIAN_POINT('',(8.25,-3.2,6.1));
#734 = LINE('',#735,#736);
#735 = CARTESIAN_POINT('',(8.25,-2.2,6.1));
#736 = VECTOR('',#737,1.);
#737 = DIRECTION('',(-1.224646799147E-16,-1.,1.110223024625E-16));
#738 = ORIENTED_EDGE('',*,*,#739,.T.);
#739 = EDGE_CURVE('',#732,#740,#742,.T.);
#740 = VERTEX_POINT('',#741);
#741 = CARTESIAN_POINT('',(8.25,-2.5,4.25));
#742 = LINE('',#743,#744);
#743 = CARTESIAN_POINT('',(8.25,-3.2,6.1));
#744 = VECTOR('',#745,1.);
#745 = DIRECTION('',(4.33392824344E-17,0.353892097416,-0.935286257456));
#746 = ORIENTED_EDGE('',*,*,#747,.T.);
#747 = EDGE_CURVE('',#740,#706,#748,.T.);
#748 = LINE('',#749,#750);
#749 = CARTESIAN_POINT('',(8.25,-2.5,4.25));
#750 = VECTOR('',#751,1.);
#751 = DIRECTION('',(-1.359631073447E-32,-1.110223024625E-16,-1.));
#752 = ORIENTED_EDGE('',*,*,#715,.T.);
#753 = ORIENTED_EDGE('',*,*,#108,.T.);
#754 = ORIENTED_EDGE('',*,*,#755,.T.);
#755 = EDGE_CURVE('',#101,#730,#756,.T.);
#756 = LINE('',#757,#758);
#757 = CARTESIAN_POINT('',(8.25,-2.2,0.35));
#758 = VECTOR('',#759,1.);
#759 = DIRECTION('',(1.359631073447E-32,1.110223024625E-16,1.));
#760 = PLANE('',#761);
#761 = AXIS2_PLACEMENT_3D('',#762,#763,#764);
#762 = CARTESIAN_POINT('',(8.25,-2.530008245993,3.234548643504));
#763 = DIRECTION('',(1.,-1.224646799147E-16,6.435104022508E-33));
#764 = DIRECTION('',(1.224646799147E-16,1.,-1.110223024625E-16));
#765 = ADVANCED_FACE('',(#766),#800,.F.);
#766 = FACE_BOUND('',#767,.F.);
#767 = EDGE_LOOP('',(#768,#778,#786,#792,#793,#794));
#768 = ORIENTED_EDGE('',*,*,#769,.F.);
#769 = EDGE_CURVE('',#770,#772,#774,.T.);
#770 = VERTEX_POINT('',#771);
#771 = CARTESIAN_POINT('',(9.95,-2.2,5.35));
#772 = VERTEX_POINT('',#773);
#773 = CARTESIAN_POINT('',(9.45,-2.2,5.35));
#774 = LINE('',#775,#776);
#775 = CARTESIAN_POINT('',(9.95,-2.2,5.35));
#776 = VECTOR('',#777,1.);
#777 = DIRECTION('',(-1.,1.224646799147E-16,0.));
#778 = ORIENTED_EDGE('',*,*,#779,.T.);
#779 = EDGE_CURVE('',#770,#780,#782,.T.);
#780 = VERTEX_POINT('',#781);
#781 = CARTESIAN_POINT('',(9.95,-2.2,6.1));
#782 = LINE('',#783,#784);
#783 = CARTESIAN_POINT('',(9.95,-2.2,0.35));
#784 = VECTOR('',#785,1.);
#785 = DIRECTION('',(1.359631073447E-32,1.110223024625E-16,1.));
#786 = ORIENTED_EDGE('',*,*,#787,.T.);
#787 = EDGE_CURVE('',#780,#730,#788,.T.);
#788 = LINE('',#789,#790);
#789 = CARTESIAN_POINT('',(9.95,-2.2,6.1));
#790 = VECTOR('',#791,1.);
#791 = DIRECTION('',(-1.,1.224646799147E-16,0.));
#792 = ORIENTED_EDGE('',*,*,#755,.F.);
#793 = ORIENTED_EDGE('',*,*,#100,.T.);
#794 = ORIENTED_EDGE('',*,*,#795,.T.);
#795 = EDGE_CURVE('',#93,#772,#796,.T.);
#796 = LINE('',#797,#798);
#797 = CARTESIAN_POINT('',(9.45,-2.2,0.35));
#798 = VECTOR('',#799,1.);
#799 = DIRECTION('',(0.,0.,1.));
#800 = PLANE('',#801);
#801 = AXIS2_PLACEMENT_3D('',#802,#803,#804);
#802 = CARTESIAN_POINT('',(3.75,-2.2,3.225));
#803 = DIRECTION('',(-1.224646799147E-16,-1.,1.110223024625E-16));
#804 = DIRECTION('',(-1.,1.224646799147E-16,0.));
#805 = ADVANCED_FACE('',(#806),#840,.T.);
#806 = FACE_BOUND('',#807,.T.);
#807 = EDGE_LOOP('',(#808,#809,#817,#825,#833,#839));
#808 = ORIENTED_EDGE('',*,*,#795,.T.);
#809 = ORIENTED_EDGE('',*,*,#810,.T.);
#810 = EDGE_CURVE('',#772,#811,#813,.T.);
#811 = VERTEX_POINT('',#812);
#812 = CARTESIAN_POINT('',(9.45,2.3,2.85));
#813 = LINE('',#814,#815);
#814 = CARTESIAN_POINT('',(9.45,-2.2,5.35));
#815 = VECTOR('',#816,1.);
#816 = DIRECTION('',(1.070533910153E-16,0.874157276121,-0.485642931179)
  );
#817 = ORIENTED_EDGE('',*,*,#818,.T.);
#818 = EDGE_CURVE('',#811,#819,#821,.T.);
#819 = VERTEX_POINT('',#820);
#820 = CARTESIAN_POINT('',(9.45,2.3,0.));
#821 = LINE('',#822,#823);
#822 = CARTESIAN_POINT('',(9.45,2.3,2.85));
#823 = VECTOR('',#824,1.);
#824 = DIRECTION('',(-0.,0.,-1.));
#825 = ORIENTED_EDGE('',*,*,#826,.T.);
#826 = EDGE_CURVE('',#819,#827,#829,.T.);
#827 = VERTEX_POINT('',#828);
#828 = CARTESIAN_POINT('',(9.45,-9.2,0.));
#829 = LINE('',#830,#831);
#830 = CARTESIAN_POINT('',(9.45,2.3,0.));
#831 = VECTOR('',#832,1.);
#832 = DIRECTION('',(-1.224646799147E-16,-1.,0.));
#833 = ORIENTED_EDGE('',*,*,#834,.T.);
#834 = EDGE_CURVE('',#827,#85,#835,.T.);
#835 = LINE('',#836,#837);
#836 = CARTESIAN_POINT('',(9.45,-9.2,0.));
#837 = VECTOR('',#838,1.);
#838 = DIRECTION('',(0.,0.,1.));
#839 = ORIENTED_EDGE('',*,*,#92,.T.);
#840 = PLANE('',#841);
#841 = AXIS2_PLACEMENT_3D('',#842,#843,#844);
#842 = CARTESIAN_POINT('',(9.45,-2.731195501291,1.31652804741));
#843 = DIRECTION('',(-1.,1.224646799147E-16,-2.6657522746E-32));
#844 = DIRECTION('',(-2.6657522746E-32,3.264604990409E-48,1.));
#845 = ADVANCED_FACE('',(#846),#928,.T.);
#846 = FACE_BOUND('',#847,.T.);
#847 = EDGE_LOOP('',(#848,#858,#866,#874,#882,#888,#889,#890,#898,#906,
    #914,#922));
#848 = ORIENTED_EDGE('',*,*,#849,.F.);
#849 = EDGE_CURVE('',#850,#852,#854,.T.);
#850 = VERTEX_POINT('',#851);
#851 = CARTESIAN_POINT('',(-1.8,-9.2,4.25));
#852 = VERTEX_POINT('',#853);
#853 = CARTESIAN_POINT('',(-1.8,-9.2,0.9));
#854 = LINE('',#855,#856);
#855 = CARTESIAN_POINT('',(-1.8,-9.2,4.25));
#856 = VECTOR('',#857,1.);
#857 = DIRECTION('',(-1.359631073447E-32,-1.110223024625E-16,-1.));
#858 = ORIENTED_EDGE('',*,*,#859,.T.);
#859 = EDGE_CURVE('',#850,#860,#862,.T.);
#860 = VERTEX_POINT('',#861);
#861 = CARTESIAN_POINT('',(-2.45,-9.2,4.25));
#862 = LINE('',#863,#864);
#863 = CARTESIAN_POINT('',(9.95,-9.2,4.25));
#864 = VECTOR('',#865,1.);
#865 = DIRECTION('',(-1.,1.224646799147E-16,0.));
#866 = ORIENTED_EDGE('',*,*,#867,.T.);
#867 = EDGE_CURVE('',#860,#868,#870,.T.);
#868 = VERTEX_POINT('',#869);
#869 = CARTESIAN_POINT('',(-2.45,-9.2,0.));
#870 = LINE('',#871,#872);
#871 = CARTESIAN_POINT('',(-2.45,-9.2,6.1));
#872 = VECTOR('',#873,1.);
#873 = DIRECTION('',(-1.359631073447E-32,-1.110223024625E-16,-1.));
#874 = ORIENTED_EDGE('',*,*,#875,.F.);
#875 = EDGE_CURVE('',#876,#868,#878,.T.);
#876 = VERTEX_POINT('',#877);
#877 = CARTESIAN_POINT('',(-1.95,-9.2,0.));
#878 = LINE('',#879,#880);
#879 = CARTESIAN_POINT('',(-1.95,-9.2,0.));
#880 = VECTOR('',#881,1.);
#881 = DIRECTION('',(-1.,1.224646799147E-16,0.));
#882 = ORIENTED_EDGE('',*,*,#883,.T.);
#883 = EDGE_CURVE('',#876,#77,#884,.T.);
#884 = LINE('',#885,#886);
#885 = CARTESIAN_POINT('',(-1.95,-9.2,0.));
#886 = VECTOR('',#887,1.);
#887 = DIRECTION('',(0.,0.,1.));
#888 = ORIENTED_EDGE('',*,*,#84,.T.);
#889 = ORIENTED_EDGE('',*,*,#834,.F.);
#890 = ORIENTED_EDGE('',*,*,#891,.F.);
#891 = EDGE_CURVE('',#892,#827,#894,.T.);
#892 = VERTEX_POINT('',#893);
#893 = CARTESIAN_POINT('',(9.95,-9.2,0.));
#894 = LINE('',#895,#896);
#895 = CARTESIAN_POINT('',(9.95,-9.2,0.));
#896 = VECTOR('',#897,1.);
#897 = DIRECTION('',(-1.,1.224646799147E-16,0.));
#898 = ORIENTED_EDGE('',*,*,#899,.T.);
#899 = EDGE_CURVE('',#892,#900,#902,.T.);
#900 = VERTEX_POINT('',#901);
#901 = CARTESIAN_POINT('',(9.95,-9.2,4.25));
#902 = LINE('',#903,#904);
#903 = CARTESIAN_POINT('',(9.95,-9.2,0.));
#904 = VECTOR('',#905,1.);
#905 = DIRECTION('',(0.,0.,1.));
#906 = ORIENTED_EDGE('',*,*,#907,.T.);
#907 = EDGE_CURVE('',#900,#908,#910,.T.);
#908 = VERTEX_POINT('',#909);
#909 = CARTESIAN_POINT('',(9.3,-9.2,4.25));
#910 = LINE('',#911,#912);
#911 = CARTESIAN_POINT('',(9.95,-9.2,4.25));
#912 = VECTOR('',#913,1.);
#913 = DIRECTION('',(-1.,1.224646799147E-16,0.));
#914 = ORIENTED_EDGE('',*,*,#915,.F.);
#915 = EDGE_CURVE('',#916,#908,#918,.T.);
#916 = VERTEX_POINT('',#917);
#917 = CARTESIAN_POINT('',(9.3,-9.2,0.9));
#918 = LINE('',#919,#920);
#919 = CARTESIAN_POINT('',(9.3,-9.2,1.1));
#920 = VECTOR('',#921,1.);
#921 = DIRECTION('',(1.359631073447E-32,1.110223024625E-16,1.));
#922 = ORIENTED_EDGE('',*,*,#923,.F.);
#923 = EDGE_CURVE('',#852,#916,#924,.T.);
#924 = LINE('',#925,#926);
#925 = CARTESIAN_POINT('',(-1.6,-9.2,0.9));
#926 = VECTOR('',#927,1.);
#927 = DIRECTION('',(1.,-1.224646799147E-16,0.));
#928 = PLANE('',#929);
#929 = AXIS2_PLACEMENT_3D('',#930,#931,#932);
#930 = CARTESIAN_POINT('',(3.75,-9.2,1.349938574939));
#931 = DIRECTION('',(-1.224646799147E-16,-1.,-6.849441107052E-31));
#932 = DIRECTION('',(-8.388146127699E-47,-6.849441107052E-31,1.));
#933 = ADVANCED_FACE('',(#934),#961,.F.);
#934 = FACE_BOUND('',#935,.F.);
#935 = EDGE_LOOP('',(#936,#937,#945,#953,#959,#960));
#936 = ORIENTED_EDGE('',*,*,#266,.T.);
#937 = ORIENTED_EDGE('',*,*,#938,.T.);
#938 = EDGE_CURVE('',#259,#939,#941,.T.);
#939 = VERTEX_POINT('',#940);
#940 = CARTESIAN_POINT('',(-1.95,2.3,2.85));
#941 = LINE('',#942,#943);
#942 = CARTESIAN_POINT('',(-1.95,-2.2,5.35));
#943 = VECTOR('',#944,1.);
#944 = DIRECTION('',(1.070533910153E-16,0.874157276121,-0.485642931179)
  );
#945 = ORIENTED_EDGE('',*,*,#946,.T.);
#946 = EDGE_CURVE('',#939,#947,#949,.T.);
#947 = VERTEX_POINT('',#948);
#948 = CARTESIAN_POINT('',(-1.95,2.3,0.));
#949 = LINE('',#950,#951);
#950 = CARTESIAN_POINT('',(-1.95,2.3,2.85));
#951 = VECTOR('',#952,1.);
#952 = DIRECTION('',(-0.,0.,-1.));
#953 = ORIENTED_EDGE('',*,*,#954,.T.);
#954 = EDGE_CURVE('',#947,#876,#955,.T.);
#955 = LINE('',#956,#957);
#956 = CARTESIAN_POINT('',(-1.95,2.3,0.));
#957 = VECTOR('',#958,1.);
#958 = DIRECTION('',(-1.224646799147E-16,-1.,0.));
#959 = ORIENTED_EDGE('',*,*,#883,.T.);
#960 = ORIENTED_EDGE('',*,*,#76,.T.);
#961 = PLANE('',#962);
#962 = AXIS2_PLACEMENT_3D('',#963,#964,#965);
#963 = CARTESIAN_POINT('',(-1.95,-2.731195501291,1.31652804741));
#964 = DIRECTION('',(-1.,1.224646799147E-16,-2.6657522746E-32));
#965 = DIRECTION('',(-2.6657522746E-32,3.264604990409E-48,1.));
#966 = ADVANCED_FACE('',(#967),#985,.F.);
#967 = FACE_BOUND('',#968,.F.);
#968 = EDGE_LOOP('',(#969,#970,#978,#984));
#969 = ORIENTED_EDGE('',*,*,#258,.T.);
#970 = ORIENTED_EDGE('',*,*,#971,.T.);
#971 = EDGE_CURVE('',#251,#972,#974,.T.);
#972 = VERTEX_POINT('',#973);
#973 = CARTESIAN_POINT('',(-2.45,2.3,2.85));
#974 = LINE('',#975,#976);
#975 = CARTESIAN_POINT('',(-2.45,-2.2,5.35));
#976 = VECTOR('',#977,1.);
#977 = DIRECTION('',(1.070533910153E-16,0.874157276121,-0.485642931179)
  );
#978 = ORIENTED_EDGE('',*,*,#979,.F.);
#979 = EDGE_CURVE('',#939,#972,#980,.T.);
#980 = LINE('',#981,#982);
#981 = CARTESIAN_POINT('',(-1.95,2.3,2.85));
#982 = VECTOR('',#983,1.);
#983 = DIRECTION('',(-1.,1.224646799147E-16,0.));
#984 = ORIENTED_EDGE('',*,*,#938,.F.);
#985 = PLANE('',#986);
#986 = AXIS2_PLACEMENT_3D('',#987,#988,#989);
#987 = CARTESIAN_POINT('',(-1.95,-2.2,5.35));
#988 = DIRECTION('',(-5.947410611962E-17,-0.485642931179,-0.874157276121
    ));
#989 = DIRECTION('',(1.070533910153E-16,0.874157276121,-0.485642931179)
  );
#990 = ADVANCED_FACE('',(#991),#1057,.T.);
#991 = FACE_BOUND('',#992,.T.);
#992 = EDGE_LOOP('',(#993,#994,#995,#1003,#1009,#1010,#1018,#1026,#1035,
    #1043,#1051));
#993 = ORIENTED_EDGE('',*,*,#250,.T.);
#994 = ORIENTED_EDGE('',*,*,#971,.T.);
#995 = ORIENTED_EDGE('',*,*,#996,.T.);
#996 = EDGE_CURVE('',#972,#997,#999,.T.);
#997 = VERTEX_POINT('',#998);
#998 = CARTESIAN_POINT('',(-2.45,2.3,0.));
#999 = LINE('',#1000,#1001);
#1000 = CARTESIAN_POINT('',(-2.45,2.3,2.85));
#1001 = VECTOR('',#1002,1.);
#1002 = DIRECTION('',(-0.,0.,-1.));
#1003 = ORIENTED_EDGE('',*,*,#1004,.T.);
#1004 = EDGE_CURVE('',#997,#868,#1005,.T.);
#1005 = LINE('',#1006,#1007);
#1006 = CARTESIAN_POINT('',(-2.45,2.3,0.));
#1007 = VECTOR('',#1008,1.);
#1008 = DIRECTION('',(-1.224646799147E-16,-1.,0.));
#1009 = ORIENTED_EDGE('',*,*,#867,.F.);
#1010 = ORIENTED_EDGE('',*,*,#1011,.F.);
#1011 = EDGE_CURVE('',#1012,#860,#1014,.T.);
#1012 = VERTEX_POINT('',#1013);
#1013 = CARTESIAN_POINT('',(-2.45,-5.85,4.25));
#1014 = LINE('',#1015,#1016);
#1015 = CARTESIAN_POINT('',(-2.45,-4.025,4.25));
#1016 = VECTOR('',#1017,1.);
#1017 = DIRECTION('',(-1.224646799147E-16,-1.,1.110223024625E-16));
#1018 = ORIENTED_EDGE('',*,*,#1019,.F.);
#1019 = EDGE_CURVE('',#1020,#1012,#1022,.T.);
#1020 = VERTEX_POINT('',#1021);
#1021 = CARTESIAN_POINT('',(-2.45,-5.85,4.75));
#1022 = LINE('',#1023,#1024);
#1023 = CARTESIAN_POINT('',(-2.45,-5.85,5.425));
#1024 = VECTOR('',#1025,1.);
#1025 = DIRECTION('',(-1.359631073447E-32,-1.110223024625E-16,-1.));
#1026 = ORIENTED_EDGE('',*,*,#1027,.T.);
#1027 = EDGE_CURVE('',#1020,#1028,#1030,.T.);
#1028 = VERTEX_POINT('',#1029);
#1029 = CARTESIAN_POINT('',(-2.45,-6.35,5.25));
#1030 = CIRCLE('',#1031,0.5);
#1031 = AXIS2_PLACEMENT_3D('',#1032,#1033,#1034);
#1032 = CARTESIAN_POINT('',(-2.45,-6.35,4.75));
#1033 = DIRECTION('',(1.,-1.224646799147E-16,0.));
#1034 = DIRECTION('',(1.359631073446E-32,1.110223024625E-16,1.));
#1035 = ORIENTED_EDGE('',*,*,#1036,.F.);
#1036 = EDGE_CURVE('',#1037,#1028,#1039,.T.);
#1037 = VERTEX_POINT('',#1038);
#1038 = CARTESIAN_POINT('',(-2.45,-9.2,5.25));
#1039 = LINE('',#1040,#1041);
#1040 = CARTESIAN_POINT('',(-2.45,-5.7,5.25));
#1041 = VECTOR('',#1042,1.);
#1042 = DIRECTION('',(1.224646799147E-16,1.,-1.110223024625E-16));
#1043 = ORIENTED_EDGE('',*,*,#1044,.F.);
#1044 = EDGE_CURVE('',#1045,#1037,#1047,.T.);
#1045 = VERTEX_POINT('',#1046);
#1046 = CARTESIAN_POINT('',(-2.45,-9.2,6.1));
#1047 = LINE('',#1048,#1049);
#1048 = CARTESIAN_POINT('',(-2.45,-9.2,6.1));
#1049 = VECTOR('',#1050,1.);
#1050 = DIRECTION('',(-1.359631073447E-32,-1.110223024625E-16,-1.));
#1051 = ORIENTED_EDGE('',*,*,#1052,.F.);
#1052 = EDGE_CURVE('',#243,#1045,#1053,.T.);
#1053 = LINE('',#1054,#1055);
#1054 = CARTESIAN_POINT('',(-2.45,-2.2,6.1));
#1055 = VECTOR('',#1056,1.);
#1056 = DIRECTION('',(-1.224646799147E-16,-1.,1.110223024625E-16));
#1057 = PLANE('',#1058);
#1058 = AXIS2_PLACEMENT_3D('',#1059,#1060,#1061);
#1059 = CARTESIAN_POINT('',(-2.45,-4.427303270929,3.048284071859));
#1060 = DIRECTION('',(-1.,1.224646799147E-16,0.));
#1061 = DIRECTION('',(0.,0.,1.));
#1062 = ADVANCED_FACE('',(#1063),#1247,.F.);
#1063 = FACE_BOUND('',#1064,.F.);
#1064 = EDGE_LOOP('',(#1065,#1066,#1074,#1082,#1090,#1098,#1106,#1114,
    #1123,#1131,#1139,#1147,#1155,#1163,#1172,#1180,#1188,#1196,#1204,
    #1210,#1211,#1212,#1213,#1219,#1220,#1221,#1222,#1228,#1229,#1230,
    #1231,#1237,#1238,#1239,#1240,#1246));
#1065 = ORIENTED_EDGE('',*,*,#787,.F.);
#1066 = ORIENTED_EDGE('',*,*,#1067,.T.);
#1067 = EDGE_CURVE('',#780,#1068,#1070,.T.);
#1068 = VERTEX_POINT('',#1069);
#1069 = CARTESIAN_POINT('',(9.95,-9.2,6.1));
#1070 = LINE('',#1071,#1072);
#1071 = CARTESIAN_POINT('',(9.95,-2.2,6.1));
#1072 = VECTOR('',#1073,1.);
#1073 = DIRECTION('',(-1.224646799147E-16,-1.,1.110223024625E-16));
#1074 = ORIENTED_EDGE('',*,*,#1075,.T.);
#1075 = EDGE_CURVE('',#1068,#1076,#1078,.T.);
#1076 = VERTEX_POINT('',#1077);
#1077 = CARTESIAN_POINT('',(8.,-9.2,6.1));
#1078 = LINE('',#1079,#1080);
#1079 = CARTESIAN_POINT('',(9.95,-9.2,6.1));
#1080 = VECTOR('',#1081,1.);
#1081 = DIRECTION('',(-1.,1.224646799147E-16,0.));
#1082 = ORIENTED_EDGE('',*,*,#1083,.F.);
#1083 = EDGE_CURVE('',#1084,#1076,#1086,.T.);
#1084 = VERTEX_POINT('',#1085);
#1085 = CARTESIAN_POINT('',(8.,-8.3,6.1));
#1086 = LINE('',#1087,#1088);
#1087 = CARTESIAN_POINT('',(8.,-8.3,6.1));
#1088 = VECTOR('',#1089,1.);
#1089 = DIRECTION('',(-1.224646799147E-16,-1.,1.110223024625E-16));
#1090 = ORIENTED_EDGE('',*,*,#1091,.F.);
#1091 = EDGE_CURVE('',#1092,#1084,#1094,.T.);
#1092 = VERTEX_POINT('',#1093);
#1093 = CARTESIAN_POINT('',(7.75,-8.05,6.1));
#1094 = LINE('',#1095,#1096);
#1095 = CARTESIAN_POINT('',(7.75,-8.05,6.1));
#1096 = VECTOR('',#1097,1.);
#1097 = DIRECTION('',(0.707106781187,-0.707106781187,7.850462293414E-17)
  );
#1098 = ORIENTED_EDGE('',*,*,#1099,.F.);
#1099 = EDGE_CURVE('',#1100,#1092,#1102,.T.);
#1100 = VERTEX_POINT('',#1101);
#1101 = CARTESIAN_POINT('',(8.,-7.8,6.1));
#1102 = LINE('',#1103,#1104);
#1103 = CARTESIAN_POINT('',(8.,-7.8,6.1));
#1104 = VECTOR('',#1105,1.);
#1105 = DIRECTION('',(-0.707106781187,-0.707106781187,7.850462293414E-17
    ));
#1106 = ORIENTED_EDGE('',*,*,#1107,.F.);
#1107 = EDGE_CURVE('',#1108,#1100,#1110,.T.);
#1108 = VERTEX_POINT('',#1109);
#1109 = CARTESIAN_POINT('',(8.,-6.05,6.1));
#1110 = LINE('',#1111,#1112);
#1111 = CARTESIAN_POINT('',(8.,-5.3,6.1));
#1112 = VECTOR('',#1113,1.);
#1113 = DIRECTION('',(-1.224646799147E-16,-1.,1.110223024625E-16));
#1114 = ORIENTED_EDGE('',*,*,#1115,.F.);
#1115 = EDGE_CURVE('',#1116,#1108,#1118,.T.);
#1116 = VERTEX_POINT('',#1117);
#1117 = CARTESIAN_POINT('',(7.25,-5.3,6.1));
#1118 = CIRCLE('',#1119,0.75);
#1119 = AXIS2_PLACEMENT_3D('',#1120,#1121,#1122);
#1120 = CARTESIAN_POINT('',(7.25,-6.05,6.1));
#1121 = DIRECTION('',(-1.359631073447E-32,-1.110223024625E-16,-1.));
#1122 = DIRECTION('',(-1.224646799147E-16,-1.,1.110223024625E-16));
#1123 = ORIENTED_EDGE('',*,*,#1124,.F.);
#1124 = EDGE_CURVE('',#1125,#1116,#1127,.T.);
#1125 = VERTEX_POINT('',#1126);
#1126 = CARTESIAN_POINT('',(6.5,-5.3,6.1));
#1127 = LINE('',#1128,#1129);
#1128 = CARTESIAN_POINT('',(6.5,-5.3,6.1));
#1129 = VECTOR('',#1130,1.);
#1130 = DIRECTION('',(1.,-1.224646799147E-16,0.));
#1131 = ORIENTED_EDGE('',*,*,#1132,.F.);
#1132 = EDGE_CURVE('',#1133,#1125,#1135,.T.);
#1133 = VERTEX_POINT('',#1134);
#1134 = CARTESIAN_POINT('',(6.5,-9.2,6.1));
#1135 = LINE('',#1136,#1137);
#1136 = CARTESIAN_POINT('',(6.5,-9.2,6.1));
#1137 = VECTOR('',#1138,1.);
#1138 = DIRECTION('',(1.224646799147E-16,1.,-1.110223024625E-16));
#1139 = ORIENTED_EDGE('',*,*,#1140,.T.);
#1140 = EDGE_CURVE('',#1133,#1141,#1143,.T.);
#1141 = VERTEX_POINT('',#1142);
#1142 = CARTESIAN_POINT('',(1.,-9.2,6.1));
#1143 = LINE('',#1144,#1145);
#1144 = CARTESIAN_POINT('',(9.95,-9.2,6.1));
#1145 = VECTOR('',#1146,1.);
#1146 = DIRECTION('',(-1.,1.224646799147E-16,0.));
#1147 = ORIENTED_EDGE('',*,*,#1148,.T.);
#1148 = EDGE_CURVE('',#1141,#1149,#1151,.T.);
#1149 = VERTEX_POINT('',#1150);
#1150 = CARTESIAN_POINT('',(1.,-5.3,6.1));
#1151 = LINE('',#1152,#1153);
#1152 = CARTESIAN_POINT('',(1.,-9.2,6.1));
#1153 = VECTOR('',#1154,1.);
#1154 = DIRECTION('',(1.224646799147E-16,1.,-1.110223024625E-16));
#1155 = ORIENTED_EDGE('',*,*,#1156,.T.);
#1156 = EDGE_CURVE('',#1149,#1157,#1159,.T.);
#1157 = VERTEX_POINT('',#1158);
#1158 = CARTESIAN_POINT('',(0.25,-5.3,6.1));
#1159 = LINE('',#1160,#1161);
#1160 = CARTESIAN_POINT('',(1.,-5.3,6.1));
#1161 = VECTOR('',#1162,1.);
#1162 = DIRECTION('',(-1.,1.224646799147E-16,0.));
#1163 = ORIENTED_EDGE('',*,*,#1164,.T.);
#1164 = EDGE_CURVE('',#1157,#1165,#1167,.T.);
#1165 = VERTEX_POINT('',#1166);
#1166 = CARTESIAN_POINT('',(-0.5,-6.05,6.1));
#1167 = CIRCLE('',#1168,0.75);
#1168 = AXIS2_PLACEMENT_3D('',#1169,#1170,#1171);
#1169 = CARTESIAN_POINT('',(0.25,-6.05,6.1));
#1170 = DIRECTION('',(1.359631073447E-32,1.110223024625E-16,1.));
#1171 = DIRECTION('',(-1.224646799147E-16,-1.,1.110223024625E-16));
#1172 = ORIENTED_EDGE('',*,*,#1173,.T.);
#1173 = EDGE_CURVE('',#1165,#1174,#1176,.T.);
#1174 = VERTEX_POINT('',#1175);
#1175 = CARTESIAN_POINT('',(-0.5,-7.8,6.1));
#1176 = LINE('',#1177,#1178);
#1177 = CARTESIAN_POINT('',(-0.5,-5.3,6.1));
#1178 = VECTOR('',#1179,1.);
#1179 = DIRECTION('',(-1.224646799147E-16,-1.,1.110223024625E-16));
#1180 = ORIENTED_EDGE('',*,*,#1181,.T.);
#1181 = EDGE_CURVE('',#1174,#1182,#1184,.T.);
#1182 = VERTEX_POINT('',#1183);
#1183 = CARTESIAN_POINT('',(-0.25,-8.05,6.1));
#1184 = LINE('',#1185,#1186);
#1185 = CARTESIAN_POINT('',(-0.5,-7.8,6.1));
#1186 = VECTOR('',#1187,1.);
#1187 = DIRECTION('',(0.707106781187,-0.707106781187,7.850462293414E-17)
  );
#1188 = ORIENTED_EDGE('',*,*,#1189,.T.);
#1189 = EDGE_CURVE('',#1182,#1190,#1192,.T.);
#1190 = VERTEX_POINT('',#1191);
#1191 = CARTESIAN_POINT('',(-0.5,-8.3,6.1));
#1192 = LINE('',#1193,#1194);
#1193 = CARTESIAN_POINT('',(-0.25,-8.05,6.1));
#1194 = VECTOR('',#1195,1.);
#1195 = DIRECTION('',(-0.707106781187,-0.707106781187,7.850462293414E-17
    ));
#1196 = ORIENTED_EDGE('',*,*,#1197,.T.);
#1197 = EDGE_CURVE('',#1190,#1198,#1200,.T.);
#1198 = VERTEX_POINT('',#1199);
#1199 = CARTESIAN_POINT('',(-0.5,-9.2,6.1));
#1200 = LINE('',#1201,#1202);
#1201 = CARTESIAN_POINT('',(-0.5,-8.3,6.1));
#1202 = VECTOR('',#1203,1.);
#1203 = DIRECTION('',(-1.224646799147E-16,-1.,1.110223024625E-16));
#1204 = ORIENTED_EDGE('',*,*,#1205,.T.);
#1205 = EDGE_CURVE('',#1198,#1045,#1206,.T.);
#1206 = LINE('',#1207,#1208);
#1207 = CARTESIAN_POINT('',(9.95,-9.2,6.1));
#1208 = VECTOR('',#1209,1.);
#1209 = DIRECTION('',(-1.,1.224646799147E-16,0.));
#1210 = ORIENTED_EDGE('',*,*,#1052,.F.);
#1211 = ORIENTED_EDGE('',*,*,#242,.F.);
#1212 = ORIENTED_EDGE('',*,*,#281,.T.);
#1213 = ORIENTED_EDGE('',*,*,#1214,.F.);
#1214 = EDGE_CURVE('',#348,#282,#1215,.T.);
#1215 = LINE('',#1216,#1217);
#1216 = CARTESIAN_POINT('',(0.75,-3.2,6.1));
#1217 = VECTOR('',#1218,1.);
#1218 = DIRECTION('',(-1.,1.224646799147E-16,0.));
#1219 = ORIENTED_EDGE('',*,*,#345,.F.);
#1220 = ORIENTED_EDGE('',*,*,#385,.F.);
#1221 = ORIENTED_EDGE('',*,*,#409,.T.);
#1222 = ORIENTED_EDGE('',*,*,#1223,.F.);
#1223 = EDGE_CURVE('',#476,#410,#1224,.T.);
#1224 = LINE('',#1225,#1226);
#1225 = CARTESIAN_POINT('',(3.25,-3.2,6.1));
#1226 = VECTOR('',#1227,1.);
#1227 = DIRECTION('',(-1.,1.224646799147E-16,0.));
#1228 = ORIENTED_EDGE('',*,*,#473,.F.);
#1229 = ORIENTED_EDGE('',*,*,#523,.F.);
#1230 = ORIENTED_EDGE('',*,*,#537,.T.);
#1231 = ORIENTED_EDGE('',*,*,#1232,.F.);
#1232 = EDGE_CURVE('',#604,#538,#1233,.T.);
#1233 = LINE('',#1234,#1235);
#1234 = CARTESIAN_POINT('',(5.75,-3.2,6.1));
#1235 = VECTOR('',#1236,1.);
#1236 = DIRECTION('',(-1.,1.224646799147E-16,0.));
#1237 = ORIENTED_EDGE('',*,*,#601,.F.);
#1238 = ORIENTED_EDGE('',*,*,#650,.F.);
#1239 = ORIENTED_EDGE('',*,*,#665,.T.);
#1240 = ORIENTED_EDGE('',*,*,#1241,.F.);
#1241 = EDGE_CURVE('',#732,#666,#1242,.T.);
#1242 = LINE('',#1243,#1244);
#1243 = CARTESIAN_POINT('',(8.25,-3.2,6.1));
#1244 = VECTOR('',#1245,1.);
#1245 = DIRECTION('',(-1.,1.224646799147E-16,0.));
#1246 = ORIENTED_EDGE('',*,*,#729,.F.);
#1247 = PLANE('',#1248);
#1248 = AXIS2_PLACEMENT_3D('',#1249,#1250,#1251);
#1249 = CARTESIAN_POINT('',(9.95,-2.2,6.1));
#1250 = DIRECTION('',(-1.359631073447E-32,-1.110223024625E-16,-1.));
#1251 = DIRECTION('',(-1.,1.224646799147E-16,6.927121900793E-45));
#1252 = ADVANCED_FACE('',(#1253),#1264,.F.);
#1253 = FACE_BOUND('',#1254,.F.);
#1254 = EDGE_LOOP('',(#1255,#1256,#1257,#1263));
#1255 = ORIENTED_EDGE('',*,*,#1214,.T.);
#1256 = ORIENTED_EDGE('',*,*,#289,.T.);
#1257 = ORIENTED_EDGE('',*,*,#1258,.F.);
#1258 = EDGE_CURVE('',#356,#290,#1259,.T.);
#1259 = LINE('',#1260,#1261);
#1260 = CARTESIAN_POINT('',(0.75,-2.5,4.25));
#1261 = VECTOR('',#1262,1.);
#1262 = DIRECTION('',(-1.,1.224646799147E-16,0.));
#1263 = ORIENTED_EDGE('',*,*,#355,.F.);
#1264 = PLANE('',#1265);
#1265 = AXIS2_PLACEMENT_3D('',#1266,#1267,#1268);
#1266 = CARTESIAN_POINT('',(0.75,-3.2,6.1));
#1267 = DIRECTION('',(-1.14539532148E-16,-0.935286257456,-0.353892097416
    ));
#1268 = DIRECTION('',(4.33392824344E-17,0.353892097416,-0.935286257456)
  );
#1269 = ADVANCED_FACE('',(#1270,#1276),#1310,.F.);
#1270 = FACE_BOUND('',#1271,.F.);
#1271 = EDGE_LOOP('',(#1272,#1273,#1274,#1275));
#1272 = ORIENTED_EDGE('',*,*,#1258,.T.);
#1273 = ORIENTED_EDGE('',*,*,#297,.T.);
#1274 = ORIENTED_EDGE('',*,*,#321,.F.);
#1275 = ORIENTED_EDGE('',*,*,#363,.F.);
#1276 = FACE_BOUND('',#1277,.F.);
#1277 = EDGE_LOOP('',(#1278,#1288,#1296,#1304));
#1278 = ORIENTED_EDGE('',*,*,#1279,.F.);
#1279 = EDGE_CURVE('',#1280,#1282,#1284,.T.);
#1280 = VERTEX_POINT('',#1281);
#1281 = CARTESIAN_POINT('',(-0.32,-2.5,4.07));
#1282 = VERTEX_POINT('',#1283);
#1283 = CARTESIAN_POINT('',(-0.32,-2.5,3.43));
#1284 = LINE('',#1285,#1286);
#1285 = CARTESIAN_POINT('',(-0.32,-2.5,3.150038014559));
#1286 = VECTOR('',#1287,1.);
#1287 = DIRECTION('',(-1.359631073447E-32,-1.110223024625E-16,-1.));
#1288 = ORIENTED_EDGE('',*,*,#1289,.T.);
#1289 = EDGE_CURVE('',#1280,#1290,#1292,.T.);
#1290 = VERTEX_POINT('',#1291);
#1291 = CARTESIAN_POINT('',(0.32,-2.5,4.07));
#1292 = LINE('',#1293,#1294);
#1293 = CARTESIAN_POINT('',(0.535,-2.5,4.07));
#1294 = VECTOR('',#1295,1.);
#1295 = DIRECTION('',(1.,-1.224646799147E-16,0.));
#1296 = ORIENTED_EDGE('',*,*,#1297,.T.);
#1297 = EDGE_CURVE('',#1290,#1298,#1300,.T.);
#1298 = VERTEX_POINT('',#1299);
#1299 = CARTESIAN_POINT('',(0.32,-2.5,3.43));
#1300 = LINE('',#1301,#1302);
#1301 = CARTESIAN_POINT('',(0.32,-2.5,3.150038014559));
#1302 = VECTOR('',#1303,1.);
#1303 = DIRECTION('',(-1.359631073447E-32,-1.110223024625E-16,-1.));
#1304 = ORIENTED_EDGE('',*,*,#1305,.T.);
#1305 = EDGE_CURVE('',#1298,#1282,#1306,.T.);
#1306 = LINE('',#1307,#1308);
#1307 = CARTESIAN_POINT('',(0.535,-2.5,3.43));
#1308 = VECTOR('',#1309,1.);
#1309 = DIRECTION('',(-1.,1.224646799147E-16,0.));
#1310 = PLANE('',#1311);
#1311 = AXIS2_PLACEMENT_3D('',#1312,#1313,#1314);
#1312 = CARTESIAN_POINT('',(0.75,-2.5,4.25));
#1313 = DIRECTION('',(-1.224646799147E-16,-1.,1.110223024625E-16));
#1314 = DIRECTION('',(-1.359631073447E-32,-1.110223024625E-16,-1.));
#1315 = ADVANCED_FACE('',(#1316),#1327,.F.);
#1316 = FACE_BOUND('',#1317,.F.);
#1317 = EDGE_LOOP('',(#1318,#1319,#1320,#1326));
#1318 = ORIENTED_EDGE('',*,*,#1223,.T.);
#1319 = ORIENTED_EDGE('',*,*,#417,.T.);
#1320 = ORIENTED_EDGE('',*,*,#1321,.F.);
#1321 = EDGE_CURVE('',#484,#418,#1322,.T.);
#1322 = LINE('',#1323,#1324);
#1323 = CARTESIAN_POINT('',(3.25,-2.5,4.25));
#1324 = VECTOR('',#1325,1.);
#1325 = DIRECTION('',(-1.,1.224646799147E-16,0.));
#1326 = ORIENTED_EDGE('',*,*,#483,.F.);
#1327 = PLANE('',#1328);
#1328 = AXIS2_PLACEMENT_3D('',#1329,#1330,#1331);
#1329 = CARTESIAN_POINT('',(3.25,-3.2,6.1));
#1330 = DIRECTION('',(-1.14539532148E-16,-0.935286257456,-0.353892097416
    ));
#1331 = DIRECTION('',(4.33392824344E-17,0.353892097416,-0.935286257456)
  );
#1332 = ADVANCED_FACE('',(#1333,#1339),#1373,.F.);
#1333 = FACE_BOUND('',#1334,.F.);
#1334 = EDGE_LOOP('',(#1335,#1336,#1337,#1338));
#1335 = ORIENTED_EDGE('',*,*,#1321,.T.);
#1336 = ORIENTED_EDGE('',*,*,#425,.T.);
#1337 = ORIENTED_EDGE('',*,*,#449,.F.);
#1338 = ORIENTED_EDGE('',*,*,#491,.F.);
#1339 = FACE_BOUND('',#1340,.F.);
#1340 = EDGE_LOOP('',(#1341,#1351,#1359,#1367));
#1341 = ORIENTED_EDGE('',*,*,#1342,.T.);
#1342 = EDGE_CURVE('',#1343,#1345,#1347,.T.);
#1343 = VERTEX_POINT('',#1344);
#1344 = CARTESIAN_POINT('',(2.18,-2.5,4.07));
#1345 = VERTEX_POINT('',#1346);
#1346 = CARTESIAN_POINT('',(2.82,-2.5,4.07));
#1347 = LINE('',#1348,#1349);
#1348 = CARTESIAN_POINT('',(3.035,-2.5,4.07));
#1349 = VECTOR('',#1350,1.);
#1350 = DIRECTION('',(1.,-1.224646799147E-16,0.));
#1351 = ORIENTED_EDGE('',*,*,#1352,.T.);
#1352 = EDGE_CURVE('',#1345,#1353,#1355,.T.);
#1353 = VERTEX_POINT('',#1354);
#1354 = CARTESIAN_POINT('',(2.82,-2.5,3.43));
#1355 = LINE('',#1356,#1357);
#1356 = CARTESIAN_POINT('',(2.82,-2.5,3.160228926622));
#1357 = VECTOR('',#1358,1.);
#1358 = DIRECTION('',(-1.359631073447E-32,-1.110223024625E-16,-1.));
#1359 = ORIENTED_EDGE('',*,*,#1360,.T.);
#1360 = EDGE_CURVE('',#1353,#1361,#1363,.T.);
#1361 = VERTEX_POINT('',#1362);
#1362 = CARTESIAN_POINT('',(2.18,-2.5,3.43));
#1363 = LINE('',#1364,#1365);
#1364 = CARTESIAN_POINT('',(3.035,-2.5,3.43));
#1365 = VECTOR('',#1366,1.);
#1366 = DIRECTION('',(-1.,1.224646799147E-16,0.));
#1367 = ORIENTED_EDGE('',*,*,#1368,.F.);
#1368 = EDGE_CURVE('',#1343,#1361,#1369,.T.);
#1369 = LINE('',#1370,#1371);
#1370 = CARTESIAN_POINT('',(2.18,-2.5,3.160228926622));
#1371 = VECTOR('',#1372,1.);
#1372 = DIRECTION('',(-1.359631073447E-32,-1.110223024625E-16,-1.));
#1373 = PLANE('',#1374);
#1374 = AXIS2_PLACEMENT_3D('',#1375,#1376,#1377);
#1375 = CARTESIAN_POINT('',(3.25,-2.5,4.25));
#1376 = DIRECTION('',(-1.224646799147E-16,-1.,1.110223024625E-16));
#1377 = DIRECTION('',(-1.359631073447E-32,-1.110223024625E-16,-1.));
#1378 = ADVANCED_FACE('',(#1379),#1390,.F.);
#1379 = FACE_BOUND('',#1380,.F.);
#1380 = EDGE_LOOP('',(#1381,#1382,#1383,#1389));
#1381 = ORIENTED_EDGE('',*,*,#1232,.T.);
#1382 = ORIENTED_EDGE('',*,*,#545,.T.);
#1383 = ORIENTED_EDGE('',*,*,#1384,.F.);
#1384 = EDGE_CURVE('',#612,#546,#1385,.T.);
#1385 = LINE('',#1386,#1387);
#1386 = CARTESIAN_POINT('',(5.75,-2.5,4.25));
#1387 = VECTOR('',#1388,1.);
#1388 = DIRECTION('',(-1.,1.224646799147E-16,0.));
#1389 = ORIENTED_EDGE('',*,*,#611,.F.);
#1390 = PLANE('',#1391);
#1391 = AXIS2_PLACEMENT_3D('',#1392,#1393,#1394);
#1392 = CARTESIAN_POINT('',(5.75,-3.2,6.1));
#1393 = DIRECTION('',(-1.14539532148E-16,-0.935286257456,-0.353892097416
    ));
#1394 = DIRECTION('',(4.33392824344E-17,0.353892097416,-0.935286257456)
  );
#1395 = ADVANCED_FACE('',(#1396,#1402),#1436,.F.);
#1396 = FACE_BOUND('',#1397,.F.);
#1397 = EDGE_LOOP('',(#1398,#1399,#1400,#1401));
#1398 = ORIENTED_EDGE('',*,*,#1384,.T.);
#1399 = ORIENTED_EDGE('',*,*,#553,.T.);
#1400 = ORIENTED_EDGE('',*,*,#577,.F.);
#1401 = ORIENTED_EDGE('',*,*,#619,.F.);
#1402 = FACE_BOUND('',#1403,.F.);
#1403 = EDGE_LOOP('',(#1404,#1414,#1422,#1430));
#1404 = ORIENTED_EDGE('',*,*,#1405,.F.);
#1405 = EDGE_CURVE('',#1406,#1408,#1410,.T.);
#1406 = VERTEX_POINT('',#1407);
#1407 = CARTESIAN_POINT('',(4.68,-2.5,4.07));
#1408 = VERTEX_POINT('',#1409);
#1409 = CARTESIAN_POINT('',(4.68,-2.5,3.43));
#1410 = LINE('',#1411,#1412);
#1411 = CARTESIAN_POINT('',(4.68,-2.5,3.160228926622));
#1412 = VECTOR('',#1413,1.);
#1413 = DIRECTION('',(-1.359631073447E-32,-1.110223024625E-16,-1.));
#1414 = ORIENTED_EDGE('',*,*,#1415,.T.);
#1415 = EDGE_CURVE('',#1406,#1416,#1418,.T.);
#1416 = VERTEX_POINT('',#1417);
#1417 = CARTESIAN_POINT('',(5.32,-2.5,4.07));
#1418 = LINE('',#1419,#1420);
#1419 = CARTESIAN_POINT('',(5.535,-2.5,4.07));
#1420 = VECTOR('',#1421,1.);
#1421 = DIRECTION('',(1.,-1.224646799147E-16,0.));
#1422 = ORIENTED_EDGE('',*,*,#1423,.T.);
#1423 = EDGE_CURVE('',#1416,#1424,#1426,.T.);
#1424 = VERTEX_POINT('',#1425);
#1425 = CARTESIAN_POINT('',(5.32,-2.5,3.43));
#1426 = LINE('',#1427,#1428);
#1427 = CARTESIAN_POINT('',(5.32,-2.5,3.160228926622));
#1428 = VECTOR('',#1429,1.);
#1429 = DIRECTION('',(-1.359631073447E-32,-1.110223024625E-16,-1.));
#1430 = ORIENTED_EDGE('',*,*,#1431,.T.);
#1431 = EDGE_CURVE('',#1424,#1408,#1432,.T.);
#1432 = LINE('',#1433,#1434);
#1433 = CARTESIAN_POINT('',(5.535,-2.5,3.43));
#1434 = VECTOR('',#1435,1.);
#1435 = DIRECTION('',(-1.,1.224646799147E-16,0.));
#1436 = PLANE('',#1437);
#1437 = AXIS2_PLACEMENT_3D('',#1438,#1439,#1440);
#1438 = CARTESIAN_POINT('',(5.75,-2.5,4.25));
#1439 = DIRECTION('',(-1.224646799147E-16,-1.,1.110223024625E-16));
#1440 = DIRECTION('',(-1.359631073447E-32,-1.110223024625E-16,-1.));
#1441 = ADVANCED_FACE('',(#1442),#1453,.F.);
#1442 = FACE_BOUND('',#1443,.F.);
#1443 = EDGE_LOOP('',(#1444,#1445,#1446,#1452));
#1444 = ORIENTED_EDGE('',*,*,#1241,.T.);
#1445 = ORIENTED_EDGE('',*,*,#673,.T.);
#1446 = ORIENTED_EDGE('',*,*,#1447,.F.);
#1447 = EDGE_CURVE('',#740,#674,#1448,.T.);
#1448 = LINE('',#1449,#1450);
#1449 = CARTESIAN_POINT('',(8.25,-2.5,4.25));
#1450 = VECTOR('',#1451,1.);
#1451 = DIRECTION('',(-1.,1.224646799147E-16,0.));
#1452 = ORIENTED_EDGE('',*,*,#739,.F.);
#1453 = PLANE('',#1454);
#1454 = AXIS2_PLACEMENT_3D('',#1455,#1456,#1457);
#1455 = CARTESIAN_POINT('',(8.25,-3.2,6.1));
#1456 = DIRECTION('',(-1.14539532148E-16,-0.935286257456,-0.353892097416
    ));
#1457 = DIRECTION('',(4.33392824344E-17,0.353892097416,-0.935286257456)
  );
#1458 = ADVANCED_FACE('',(#1459,#1465),#1499,.F.);
#1459 = FACE_BOUND('',#1460,.F.);
#1460 = EDGE_LOOP('',(#1461,#1462,#1463,#1464));
#1461 = ORIENTED_EDGE('',*,*,#1447,.T.);
#1462 = ORIENTED_EDGE('',*,*,#681,.T.);
#1463 = ORIENTED_EDGE('',*,*,#705,.F.);
#1464 = ORIENTED_EDGE('',*,*,#747,.F.);
#1465 = FACE_BOUND('',#1466,.F.);
#1466 = EDGE_LOOP('',(#1467,#1477,#1485,#1493));
#1467 = ORIENTED_EDGE('',*,*,#1468,.T.);
#1468 = EDGE_CURVE('',#1469,#1471,#1473,.T.);
#1469 = VERTEX_POINT('',#1470);
#1470 = CARTESIAN_POINT('',(7.18,-2.5,4.07));
#1471 = VERTEX_POINT('',#1472);
#1472 = CARTESIAN_POINT('',(7.82,-2.5,4.07));
#1473 = LINE('',#1474,#1475);
#1474 = CARTESIAN_POINT('',(8.035,-2.5,4.07));
#1475 = VECTOR('',#1476,1.);
#1476 = DIRECTION('',(1.,-1.224646799147E-16,0.));
#1477 = ORIENTED_EDGE('',*,*,#1478,.T.);
#1478 = EDGE_CURVE('',#1471,#1479,#1481,.T.);
#1479 = VERTEX_POINT('',#1480);
#1480 = CARTESIAN_POINT('',(7.82,-2.5,3.43));
#1481 = LINE('',#1482,#1483);
#1482 = CARTESIAN_POINT('',(7.82,-2.5,3.150038014559));
#1483 = VECTOR('',#1484,1.);
#1484 = DIRECTION('',(-1.359631073447E-32,-1.110223024625E-16,-1.));
#1485 = ORIENTED_EDGE('',*,*,#1486,.T.);
#1486 = EDGE_CURVE('',#1479,#1487,#1489,.T.);
#1487 = VERTEX_POINT('',#1488);
#1488 = CARTESIAN_POINT('',(7.18,-2.5,3.43));
#1489 = LINE('',#1490,#1491);
#1490 = CARTESIAN_POINT('',(8.035,-2.5,3.43));
#1491 = VECTOR('',#1492,1.);
#1492 = DIRECTION('',(-1.,1.224646799147E-16,0.));
#1493 = ORIENTED_EDGE('',*,*,#1494,.F.);
#1494 = EDGE_CURVE('',#1469,#1487,#1495,.T.);
#1495 = LINE('',#1496,#1497);
#1496 = CARTESIAN_POINT('',(7.18,-2.5,3.150038014559));
#1497 = VECTOR('',#1498,1.);
#1498 = DIRECTION('',(-1.359631073447E-32,-1.110223024625E-16,-1.));
#1499 = PLANE('',#1500);
#1500 = AXIS2_PLACEMENT_3D('',#1501,#1502,#1503);
#1501 = CARTESIAN_POINT('',(8.25,-2.5,4.25));
#1502 = DIRECTION('',(-1.224646799147E-16,-1.,1.110223024625E-16));
#1503 = DIRECTION('',(-1.359631073447E-32,-1.110223024625E-16,-1.));
#1504 = ADVANCED_FACE('',(#1505),#1523,.F.);
#1505 = FACE_BOUND('',#1506,.F.);
#1506 = EDGE_LOOP('',(#1507,#1508,#1509,#1517));
#1507 = ORIENTED_EDGE('',*,*,#769,.T.);
#1508 = ORIENTED_EDGE('',*,*,#810,.T.);
#1509 = ORIENTED_EDGE('',*,*,#1510,.F.);
#1510 = EDGE_CURVE('',#1511,#811,#1513,.T.);
#1511 = VERTEX_POINT('',#1512);
#1512 = CARTESIAN_POINT('',(9.95,2.3,2.85));
#1513 = LINE('',#1514,#1515);
#1514 = CARTESIAN_POINT('',(9.95,2.3,2.85));
#1515 = VECTOR('',#1516,1.);
#1516 = DIRECTION('',(-1.,1.224646799147E-16,0.));
#1517 = ORIENTED_EDGE('',*,*,#1518,.F.);
#1518 = EDGE_CURVE('',#770,#1511,#1519,.T.);
#1519 = LINE('',#1520,#1521);
#1520 = CARTESIAN_POINT('',(9.95,-2.2,5.35));
#1521 = VECTOR('',#1522,1.);
#1522 = DIRECTION('',(1.070533910153E-16,0.874157276121,-0.485642931179)
  );
#1523 = PLANE('',#1524);
#1524 = AXIS2_PLACEMENT_3D('',#1525,#1526,#1527);
#1525 = CARTESIAN_POINT('',(9.95,-2.2,5.35));
#1526 = DIRECTION('',(-5.947410611962E-17,-0.485642931179,
    -0.874157276121));
#1527 = DIRECTION('',(1.070533910153E-16,0.874157276121,-0.485642931179)
  );
#1528 = ADVANCED_FACE('',(#1529),#1588,.T.);
#1529 = FACE_BOUND('',#1530,.T.);
#1530 = EDGE_LOOP('',(#1531,#1532,#1540,#1546,#1547,#1548,#1549,#1557,
    #1565,#1574,#1582));
#1531 = ORIENTED_EDGE('',*,*,#899,.F.);
#1532 = ORIENTED_EDGE('',*,*,#1533,.F.);
#1533 = EDGE_CURVE('',#1534,#892,#1536,.T.);
#1534 = VERTEX_POINT('',#1535);
#1535 = CARTESIAN_POINT('',(9.95,2.3,0.));
#1536 = LINE('',#1537,#1538);
#1537 = CARTESIAN_POINT('',(9.95,2.3,0.));
#1538 = VECTOR('',#1539,1.);
#1539 = DIRECTION('',(-1.224646799147E-16,-1.,0.));
#1540 = ORIENTED_EDGE('',*,*,#1541,.F.);
#1541 = EDGE_CURVE('',#1511,#1534,#1542,.T.);
#1542 = LINE('',#1543,#1544);
#1543 = CARTESIAN_POINT('',(9.95,2.3,2.85));
#1544 = VECTOR('',#1545,1.);
#1545 = DIRECTION('',(-0.,0.,-1.));
#1546 = ORIENTED_EDGE('',*,*,#1518,.F.);
#1547 = ORIENTED_EDGE('',*,*,#779,.T.);
#1548 = ORIENTED_EDGE('',*,*,#1067,.T.);
#1549 = ORIENTED_EDGE('',*,*,#1550,.F.);
#1550 = EDGE_CURVE('',#1551,#1068,#1553,.T.);
#1551 = VERTEX_POINT('',#1552);
#1552 = CARTESIAN_POINT('',(9.95,-9.2,5.25));
#1553 = LINE('',#1554,#1555);
#1554 = CARTESIAN_POINT('',(9.95,-9.2,0.35));
#1555 = VECTOR('',#1556,1.);
#1556 = DIRECTION('',(1.359631073447E-32,1.110223024625E-16,1.));
#1557 = ORIENTED_EDGE('',*,*,#1558,.T.);
#1558 = EDGE_CURVE('',#1551,#1559,#1561,.T.);
#1559 = VERTEX_POINT('',#1560);
#1560 = CARTESIAN_POINT('',(9.95,-6.35,5.25));
#1561 = LINE('',#1562,#1563);
#1562 = CARTESIAN_POINT('',(9.95,-9.2,5.25));
#1563 = VECTOR('',#1564,1.);
#1564 = DIRECTION('',(1.224646799147E-16,1.,-1.110223024625E-16));
#1565 = ORIENTED_EDGE('',*,*,#1566,.T.);
#1566 = EDGE_CURVE('',#1559,#1567,#1569,.T.);
#1567 = VERTEX_POINT('',#1568);
#1568 = CARTESIAN_POINT('',(9.95,-5.85,4.75));
#1569 = CIRCLE('',#1570,0.5);
#1570 = AXIS2_PLACEMENT_3D('',#1571,#1572,#1573);
#1571 = CARTESIAN_POINT('',(9.95,-6.35,4.75));
#1572 = DIRECTION('',(-1.,1.224646799147E-16,0.));
#1573 = DIRECTION('',(1.359631073446E-32,1.110223024625E-16,1.));
#1574 = ORIENTED_EDGE('',*,*,#1575,.T.);
#1575 = EDGE_CURVE('',#1567,#1576,#1578,.T.);
#1576 = VERTEX_POINT('',#1577);
#1577 = CARTESIAN_POINT('',(9.95,-5.85,4.25));
#1578 = LINE('',#1579,#1580);
#1579 = CARTESIAN_POINT('',(9.95,-5.85,4.75));
#1580 = VECTOR('',#1581,1.);
#1581 = DIRECTION('',(-1.359631073447E-32,-1.110223024625E-16,-1.));
#1582 = ORIENTED_EDGE('',*,*,#1583,.T.);
#1583 = EDGE_CURVE('',#1576,#900,#1584,.T.);
#1584 = LINE('',#1585,#1586);
#1585 = CARTESIAN_POINT('',(9.95,-5.85,4.25));
#1586 = VECTOR('',#1587,1.);
#1587 = DIRECTION('',(-1.224646799147E-16,-1.,1.110223024625E-16));
#1588 = PLANE('',#1589);
#1589 = AXIS2_PLACEMENT_3D('',#1590,#1591,#1592);
#1590 = CARTESIAN_POINT('',(9.95,-4.427303270929,3.048284071859));
#1591 = DIRECTION('',(1.,-1.224646799147E-16,6.620219900325E-32));
#1592 = DIRECTION('',(6.620219900325E-32,-8.107431110585E-48,-1.));
#1593 = ADVANCED_FACE('',(#1594),#1605,.F.);
#1594 = FACE_BOUND('',#1595,.F.);
#1595 = EDGE_LOOP('',(#1596,#1597,#1598,#1604));
#1596 = ORIENTED_EDGE('',*,*,#1510,.T.);
#1597 = ORIENTED_EDGE('',*,*,#818,.T.);
#1598 = ORIENTED_EDGE('',*,*,#1599,.F.);
#1599 = EDGE_CURVE('',#1534,#819,#1600,.T.);
#1600 = LINE('',#1601,#1602);
#1601 = CARTESIAN_POINT('',(9.95,2.3,0.));
#1602 = VECTOR('',#1603,1.);
#1603 = DIRECTION('',(-1.,1.224646799147E-16,0.));
#1604 = ORIENTED_EDGE('',*,*,#1541,.F.);
#1605 = PLANE('',#1606);
#1606 = AXIS2_PLACEMENT_3D('',#1607,#1608,#1609);
#1607 = CARTESIAN_POINT('',(9.95,2.3,2.85));
#1608 = DIRECTION('',(-1.224646799147E-16,-1.,0.));
#1609 = DIRECTION('',(-0.,0.,-1.));
#1610 = ADVANCED_FACE('',(#1611),#1617,.F.);
#1611 = FACE_BOUND('',#1612,.F.);
#1612 = EDGE_LOOP('',(#1613,#1614,#1615,#1616));
#1613 = ORIENTED_EDGE('',*,*,#1599,.T.);
#1614 = ORIENTED_EDGE('',*,*,#826,.T.);
#1615 = ORIENTED_EDGE('',*,*,#891,.F.);
#1616 = ORIENTED_EDGE('',*,*,#1533,.F.);
#1617 = PLANE('',#1618);
#1618 = AXIS2_PLACEMENT_3D('',#1619,#1620,#1621);
#1619 = CARTESIAN_POINT('',(9.95,2.3,0.));
#1620 = DIRECTION('',(0.,0.,1.));
#1621 = DIRECTION('',(-1.224646799147E-16,-1.,0.));
#1622 = ADVANCED_FACE('',(#1623),#1648,.F.);
#1623 = FACE_BOUND('',#1624,.T.);
#1624 = EDGE_LOOP('',(#1625,#1633,#1634,#1642));
#1625 = ORIENTED_EDGE('',*,*,#1626,.F.);
#1626 = EDGE_CURVE('',#850,#1627,#1629,.T.);
#1627 = VERTEX_POINT('',#1628);
#1628 = CARTESIAN_POINT('',(-1.6,-9.,4.25));
#1629 = LINE('',#1630,#1631);
#1630 = CARTESIAN_POINT('',(2.025,-5.375,4.25));
#1631 = VECTOR('',#1632,1.);
#1632 = DIRECTION('',(0.707106781187,0.707106781187,-7.850462293414E-17)
  );
#1633 = ORIENTED_EDGE('',*,*,#849,.T.);
#1634 = ORIENTED_EDGE('',*,*,#1635,.T.);
#1635 = EDGE_CURVE('',#852,#1636,#1638,.T.);
#1636 = VERTEX_POINT('',#1637);
#1637 = CARTESIAN_POINT('',(-1.6,-9.,1.1));
#1638 = LINE('',#1639,#1640);
#1639 = CARTESIAN_POINT('',(-1.141666666667,-8.541666666667,
    1.558333333333));
#1640 = VECTOR('',#1641,1.);
#1641 = DIRECTION('',(0.57735026919,0.57735026919,0.57735026919));
#1642 = ORIENTED_EDGE('',*,*,#1643,.F.);
#1643 = EDGE_CURVE('',#1627,#1636,#1644,.T.);
#1644 = LINE('',#1645,#1646);
#1645 = CARTESIAN_POINT('',(-1.6,-9.,4.25));
#1646 = VECTOR('',#1647,1.);
#1647 = DIRECTION('',(-1.359631073447E-32,-1.110223024625E-16,-1.));
#1648 = PLANE('',#1649);
#1649 = AXIS2_PLACEMENT_3D('',#1650,#1651,#1652);
#1650 = CARTESIAN_POINT('',(-1.7,-9.1,4.25));
#1651 = DIRECTION('',(-0.707106781187,0.707106781187,-7.850462293414E-17
    ));
#1652 = DIRECTION('',(2.682127077751E-29,1.110223024625E-16,1.));
#1653 = ADVANCED_FACE('',(#1654),#1673,.T.);
#1654 = FACE_BOUND('',#1655,.T.);
#1655 = EDGE_LOOP('',(#1656,#1664,#1670,#1671,#1672));
#1656 = ORIENTED_EDGE('',*,*,#1657,.T.);
#1657 = EDGE_CURVE('',#1627,#1658,#1660,.T.);
#1658 = VERTEX_POINT('',#1659);
#1659 = CARTESIAN_POINT('',(-1.6,-5.85,4.25));
#1660 = LINE('',#1661,#1662);
#1661 = CARTESIAN_POINT('',(-1.6,-7.525,4.25));
#1662 = VECTOR('',#1663,1.);
#1663 = DIRECTION('',(1.224646799147E-16,1.,-1.110223024625E-16));
#1664 = ORIENTED_EDGE('',*,*,#1665,.T.);
#1665 = EDGE_CURVE('',#1658,#1012,#1666,.T.);
#1666 = LINE('',#1667,#1668);
#1667 = CARTESIAN_POINT('',(9.95,-5.85,4.25));
#1668 = VECTOR('',#1669,1.);
#1669 = DIRECTION('',(-1.,1.224646799147E-16,0.));
#1670 = ORIENTED_EDGE('',*,*,#1011,.T.);
#1671 = ORIENTED_EDGE('',*,*,#859,.F.);
#1672 = ORIENTED_EDGE('',*,*,#1626,.T.);
#1673 = PLANE('',#1674);
#1674 = AXIS2_PLACEMENT_3D('',#1675,#1676,#1677);
#1675 = CARTESIAN_POINT('',(9.95,-5.85,4.25));
#1676 = DIRECTION('',(1.359631073447E-32,1.110223024625E-16,1.));
#1677 = DIRECTION('',(-1.224646799147E-16,-1.,1.110223024625E-16));
#1678 = ADVANCED_FACE('',(#1679),#1690,.F.);
#1679 = FACE_BOUND('',#1680,.F.);
#1680 = EDGE_LOOP('',(#1681,#1687,#1688,#1689));
#1681 = ORIENTED_EDGE('',*,*,#1682,.T.);
#1682 = EDGE_CURVE('',#947,#997,#1683,.T.);
#1683 = LINE('',#1684,#1685);
#1684 = CARTESIAN_POINT('',(-1.95,2.3,0.));
#1685 = VECTOR('',#1686,1.);
#1686 = DIRECTION('',(-1.,1.224646799147E-16,0.));
#1687 = ORIENTED_EDGE('',*,*,#1004,.T.);
#1688 = ORIENTED_EDGE('',*,*,#875,.F.);
#1689 = ORIENTED_EDGE('',*,*,#954,.F.);
#1690 = PLANE('',#1691);
#1691 = AXIS2_PLACEMENT_3D('',#1692,#1693,#1694);
#1692 = CARTESIAN_POINT('',(-1.95,2.3,0.));
#1693 = DIRECTION('',(0.,0.,1.));
#1694 = DIRECTION('',(-1.224646799147E-16,-1.,0.));
#1695 = ADVANCED_FACE('',(#1696),#1722,.T.);
#1696 = FACE_BOUND('',#1697,.T.);
#1697 = EDGE_LOOP('',(#1698,#1699,#1700,#1708,#1716));
#1698 = ORIENTED_EDGE('',*,*,#907,.F.);
#1699 = ORIENTED_EDGE('',*,*,#1583,.F.);
#1700 = ORIENTED_EDGE('',*,*,#1701,.T.);
#1701 = EDGE_CURVE('',#1576,#1702,#1704,.T.);
#1702 = VERTEX_POINT('',#1703);
#1703 = CARTESIAN_POINT('',(9.1,-5.85,4.25));
#1704 = LINE('',#1705,#1706);
#1705 = CARTESIAN_POINT('',(9.95,-5.85,4.25));
#1706 = VECTOR('',#1707,1.);
#1707 = DIRECTION('',(-1.,1.224646799147E-16,0.));
#1708 = ORIENTED_EDGE('',*,*,#1709,.T.);
#1709 = EDGE_CURVE('',#1702,#1710,#1712,.T.);
#1710 = VERTEX_POINT('',#1711);
#1711 = CARTESIAN_POINT('',(9.1,-9.,4.25));
#1712 = LINE('',#1713,#1714);
#1713 = CARTESIAN_POINT('',(9.1,-7.525,4.25));
#1714 = VECTOR('',#1715,1.);
#1715 = DIRECTION('',(-1.224646799147E-16,-1.,1.110223024625E-16));
#1716 = ORIENTED_EDGE('',*,*,#1717,.F.);
#1717 = EDGE_CURVE('',#908,#1710,#1718,.T.);
#1718 = LINE('',#1719,#1720);
#1719 = CARTESIAN_POINT('',(8.575,-8.475,4.25));
#1720 = VECTOR('',#1721,1.);
#1721 = DIRECTION('',(-0.707106781187,0.707106781187,-7.850462293414E-17
    ));
#1722 = PLANE('',#1723);
#1723 = AXIS2_PLACEMENT_3D('',#1724,#1725,#1726);
#1724 = CARTESIAN_POINT('',(9.95,-5.85,4.25));
#1725 = DIRECTION('',(1.359631073447E-32,1.110223024625E-16,1.));
#1726 = DIRECTION('',(-1.224646799147E-16,-1.,1.110223024625E-16));
#1727 = ADVANCED_FACE('',(#1728),#1746,.F.);
#1728 = FACE_BOUND('',#1729,.T.);
#1729 = EDGE_LOOP('',(#1730,#1738,#1739,#1740));
#1730 = ORIENTED_EDGE('',*,*,#1731,.F.);
#1731 = EDGE_CURVE('',#916,#1732,#1734,.T.);
#1732 = VERTEX_POINT('',#1733);
#1733 = CARTESIAN_POINT('',(9.1,-9.,1.1));
#1734 = LINE('',#1735,#1736);
#1735 = CARTESIAN_POINT('',(7.383333333333,-7.283333333333,
    2.816666666667));
#1736 = VECTOR('',#1737,1.);
#1737 = DIRECTION('',(-0.57735026919,0.57735026919,0.57735026919));
#1738 = ORIENTED_EDGE('',*,*,#915,.T.);
#1739 = ORIENTED_EDGE('',*,*,#1717,.T.);
#1740 = ORIENTED_EDGE('',*,*,#1741,.F.);
#1741 = EDGE_CURVE('',#1732,#1710,#1742,.T.);
#1742 = LINE('',#1743,#1744);
#1743 = CARTESIAN_POINT('',(9.1,-9.,1.1));
#1744 = VECTOR('',#1745,1.);
#1745 = DIRECTION('',(1.359631073447E-32,1.110223024625E-16,1.));
#1746 = PLANE('',#1747);
#1747 = AXIS2_PLACEMENT_3D('',#1748,#1749,#1750);
#1748 = CARTESIAN_POINT('',(9.2,-9.1,1.1));
#1749 = DIRECTION('',(0.707106781187,0.707106781187,-7.850462293414E-17)
  );
#1750 = DIRECTION('',(2.680278185005E-29,-1.110223024625E-16,-1.));
#1751 = ADVANCED_FACE('',(#1752),#1763,.F.);
#1752 = FACE_BOUND('',#1753,.T.);
#1753 = EDGE_LOOP('',(#1754,#1755,#1756,#1757));
#1754 = ORIENTED_EDGE('',*,*,#1635,.F.);
#1755 = ORIENTED_EDGE('',*,*,#923,.T.);
#1756 = ORIENTED_EDGE('',*,*,#1731,.T.);
#1757 = ORIENTED_EDGE('',*,*,#1758,.F.);
#1758 = EDGE_CURVE('',#1636,#1732,#1759,.T.);
#1759 = LINE('',#1760,#1761);
#1760 = CARTESIAN_POINT('',(-1.6,-9.,1.1));
#1761 = VECTOR('',#1762,1.);
#1762 = DIRECTION('',(1.,-1.224646799147E-16,0.));
#1763 = PLANE('',#1764);
#1764 = AXIS2_PLACEMENT_3D('',#1765,#1766,#1767);
#1765 = CARTESIAN_POINT('',(-1.6,-9.1,1.));
#1766 = DIRECTION('',(8.659560562349E-17,0.707106781187,-0.707106781187)
  );
#1767 = DIRECTION('',(-1.,1.224646799147E-16,2.105272540809E-29));
#1768 = ADVANCED_FACE('',(#1769),#1775,.F.);
#1769 = FACE_BOUND('',#1770,.F.);
#1770 = EDGE_LOOP('',(#1771,#1772,#1773,#1774));
#1771 = ORIENTED_EDGE('',*,*,#979,.T.);
#1772 = ORIENTED_EDGE('',*,*,#996,.T.);
#1773 = ORIENTED_EDGE('',*,*,#1682,.F.);
#1774 = ORIENTED_EDGE('',*,*,#946,.F.);
#1775 = PLANE('',#1776);
#1776 = AXIS2_PLACEMENT_3D('',#1777,#1778,#1779);
#1777 = CARTESIAN_POINT('',(-1.95,2.3,2.85));
#1778 = DIRECTION('',(-1.224646799147E-16,-1.,0.));
#1779 = DIRECTION('',(-0.,0.,-1.));
#1780 = ADVANCED_FACE('',(#1781),#1799,.T.);
#1781 = FACE_BOUND('',#1782,.T.);
#1782 = EDGE_LOOP('',(#1783,#1791,#1797,#1798));
#1783 = ORIENTED_EDGE('',*,*,#1784,.T.);
#1784 = EDGE_CURVE('',#1658,#1785,#1787,.T.);
#1785 = VERTEX_POINT('',#1786);
#1786 = CARTESIAN_POINT('',(-1.6,-5.85,4.75));
#1787 = LINE('',#1788,#1789);
#1788 = CARTESIAN_POINT('',(-1.6,-5.85,5.));
#1789 = VECTOR('',#1790,1.);
#1790 = DIRECTION('',(1.359631073447E-32,1.110223024625E-16,1.));
#1791 = ORIENTED_EDGE('',*,*,#1792,.T.);
#1792 = EDGE_CURVE('',#1785,#1020,#1793,.T.);
#1793 = LINE('',#1794,#1795);
#1794 = CARTESIAN_POINT('',(9.95,-5.85,4.75));
#1795 = VECTOR('',#1796,1.);
#1796 = DIRECTION('',(-1.,1.224646799147E-16,0.));
#1797 = ORIENTED_EDGE('',*,*,#1019,.T.);
#1798 = ORIENTED_EDGE('',*,*,#1665,.F.);
#1799 = PLANE('',#1800);
#1800 = AXIS2_PLACEMENT_3D('',#1801,#1802,#1803);
#1801 = CARTESIAN_POINT('',(9.95,-5.85,4.75));
#1802 = DIRECTION('',(-1.224646799147E-16,-1.,1.110223024625E-16));
#1803 = DIRECTION('',(-1.359631073447E-32,-1.110223024625E-16,-1.));
#1804 = ADVANCED_FACE('',(#1805),#1824,.F.);
#1805 = FACE_BOUND('',#1806,.F.);
#1806 = EDGE_LOOP('',(#1807,#1808,#1809,#1817));
#1807 = ORIENTED_EDGE('',*,*,#1792,.T.);
#1808 = ORIENTED_EDGE('',*,*,#1027,.T.);
#1809 = ORIENTED_EDGE('',*,*,#1810,.F.);
#1810 = EDGE_CURVE('',#1811,#1028,#1813,.T.);
#1811 = VERTEX_POINT('',#1812);
#1812 = CARTESIAN_POINT('',(-1.6,-6.35,5.25));
#1813 = LINE('',#1814,#1815);
#1814 = CARTESIAN_POINT('',(9.95,-6.35,5.25));
#1815 = VECTOR('',#1816,1.);
#1816 = DIRECTION('',(-1.,1.224646799147E-16,0.));
#1817 = ORIENTED_EDGE('',*,*,#1818,.F.);
#1818 = EDGE_CURVE('',#1785,#1811,#1819,.T.);
#1819 = CIRCLE('',#1820,0.5);
#1820 = AXIS2_PLACEMENT_3D('',#1821,#1822,#1823);
#1821 = CARTESIAN_POINT('',(-1.6,-6.35,4.75));
#1822 = DIRECTION('',(1.,-1.224646799147E-16,0.));
#1823 = DIRECTION('',(1.359631073446E-32,1.110223024625E-16,1.));
#1824 = CYLINDRICAL_SURFACE('',#1825,0.5);
#1825 = AXIS2_PLACEMENT_3D('',#1826,#1827,#1828);
#1826 = CARTESIAN_POINT('',(9.95,-6.35,4.75));
#1827 = DIRECTION('',(1.,-1.224646799147E-16,0.));
#1828 = DIRECTION('',(1.359631073446E-32,1.110223024625E-16,1.));
#1829 = ADVANCED_FACE('',(#1830),#2001,.T.);
#1830 = FACE_BOUND('',#1831,.T.);
#1831 = EDGE_LOOP('',(#1832,#1833,#1841,#1849,#1857,#1865,#1873,#1882,
    #1890,#1898,#1906,#1914,#1922,#1931,#1939,#1947,#1955,#1963,#1969,
    #1970,#1971,#1979,#1987,#1995));
#1832 = ORIENTED_EDGE('',*,*,#1558,.F.);
#1833 = ORIENTED_EDGE('',*,*,#1834,.T.);
#1834 = EDGE_CURVE('',#1551,#1835,#1837,.T.);
#1835 = VERTEX_POINT('',#1836);
#1836 = CARTESIAN_POINT('',(8.,-9.2,5.25));
#1837 = LINE('',#1838,#1839);
#1838 = CARTESIAN_POINT('',(9.95,-9.2,5.25));
#1839 = VECTOR('',#1840,1.);
#1840 = DIRECTION('',(-1.,1.224646799147E-16,0.));
#1841 = ORIENTED_EDGE('',*,*,#1842,.T.);
#1842 = EDGE_CURVE('',#1835,#1843,#1845,.T.);
#1843 = VERTEX_POINT('',#1844);
#1844 = CARTESIAN_POINT('',(8.,-8.3,5.25));
#1845 = LINE('',#1846,#1847);
#1846 = CARTESIAN_POINT('',(8.,-7.518198005698,5.25));
#1847 = VECTOR('',#1848,1.);
#1848 = DIRECTION('',(1.224646799147E-16,1.,-2.61564467313E-17));
#1849 = ORIENTED_EDGE('',*,*,#1850,.T.);
#1850 = EDGE_CURVE('',#1843,#1851,#1853,.T.);
#1851 = VERTEX_POINT('',#1852);
#1852 = CARTESIAN_POINT('',(7.75,-8.05,5.25));
#1853 = LINE('',#1854,#1855);
#1854 = CARTESIAN_POINT('',(6.421599002849,-6.721599002849,5.25));
#1855 = VECTOR('',#1856,1.);
#1856 = DIRECTION('',(-0.707106781187,0.707106781187,-1.849540085544E-17
    ));
#1857 = ORIENTED_EDGE('',*,*,#1858,.T.);
#1858 = EDGE_CURVE('',#1851,#1859,#1861,.T.);
#1859 = VERTEX_POINT('',#1860);
#1860 = CARTESIAN_POINT('',(8.,-7.8,5.25));
#1861 = LINE('',#1862,#1863);
#1862 = CARTESIAN_POINT('',(7.203400997151,-8.596599002849,5.25));
#1863 = VECTOR('',#1864,1.);
#1864 = DIRECTION('',(0.707106781187,0.707106781187,-1.849540085544E-17)
  );
#1865 = ORIENTED_EDGE('',*,*,#1866,.T.);
#1866 = EDGE_CURVE('',#1859,#1867,#1869,.T.);
#1867 = VERTEX_POINT('',#1868);
#1868 = CARTESIAN_POINT('',(8.,-6.05,5.25));
#1869 = LINE('',#1870,#1871);
#1870 = CARTESIAN_POINT('',(8.,-6.018198005698,5.25));
#1871 = VECTOR('',#1872,1.);
#1872 = DIRECTION('',(1.224646799147E-16,1.,-2.61564467313E-17));
#1873 = ORIENTED_EDGE('',*,*,#1874,.F.);
#1874 = EDGE_CURVE('',#1875,#1867,#1877,.T.);
#1875 = VERTEX_POINT('',#1876);
#1876 = CARTESIAN_POINT('',(7.25,-5.3,5.25));
#1877 = CIRCLE('',#1878,0.75);
#1878 = AXIS2_PLACEMENT_3D('',#1879,#1880,#1881);
#1879 = CARTESIAN_POINT('',(7.25,-6.05,5.25));
#1880 = DIRECTION('',(-1.359631073447E-32,-1.110223024625E-16,-1.));
#1881 = DIRECTION('',(1.224646799147E-16,1.,-1.110223024625E-16));
#1882 = ORIENTED_EDGE('',*,*,#1883,.T.);
#1883 = EDGE_CURVE('',#1875,#1884,#1886,.T.);
#1884 = VERTEX_POINT('',#1885);
#1885 = CARTESIAN_POINT('',(6.5,-5.3,5.25));
#1886 = LINE('',#1887,#1888);
#1887 = CARTESIAN_POINT('',(5.125,-5.3,5.25));
#1888 = VECTOR('',#1889,1.);
#1889 = DIRECTION('',(-1.,1.224646799147E-16,5.87588795123E-32));
#1890 = ORIENTED_EDGE('',*,*,#1891,.T.);
#1891 = EDGE_CURVE('',#1884,#1892,#1894,.T.);
#1892 = VERTEX_POINT('',#1893);
#1893 = CARTESIAN_POINT('',(6.5,-9.2,5.25));
#1894 = LINE('',#1895,#1896);
#1895 = CARTESIAN_POINT('',(6.5,-7.968198005698,5.25));
#1896 = VECTOR('',#1897,1.);
#1897 = DIRECTION('',(-1.224646799147E-16,-1.,2.61564467313E-17));
#1898 = ORIENTED_EDGE('',*,*,#1899,.T.);
#1899 = EDGE_CURVE('',#1892,#1900,#1902,.T.);
#1900 = VERTEX_POINT('',#1901);
#1901 = CARTESIAN_POINT('',(1.,-9.2,5.25));
#1902 = LINE('',#1903,#1904);
#1903 = CARTESIAN_POINT('',(9.95,-9.2,5.25));
#1904 = VECTOR('',#1905,1.);
#1905 = DIRECTION('',(-1.,1.224646799147E-16,0.));
#1906 = ORIENTED_EDGE('',*,*,#1907,.F.);
#1907 = EDGE_CURVE('',#1908,#1900,#1910,.T.);
#1908 = VERTEX_POINT('',#1909);
#1909 = CARTESIAN_POINT('',(1.,-5.3,5.25));
#1910 = LINE('',#1911,#1912);
#1911 = CARTESIAN_POINT('',(1.,-7.968198005698,5.25));
#1912 = VECTOR('',#1913,1.);
#1913 = DIRECTION('',(-1.224646799147E-16,-1.,2.61564467313E-17));
#1914 = ORIENTED_EDGE('',*,*,#1915,.F.);
#1915 = EDGE_CURVE('',#1916,#1908,#1918,.T.);
#1916 = VERTEX_POINT('',#1917);
#1917 = CARTESIAN_POINT('',(0.25,-5.3,5.25));
#1918 = LINE('',#1919,#1920);
#1919 = CARTESIAN_POINT('',(2.375,-5.3,5.25));
#1920 = VECTOR('',#1921,1.);
#1921 = DIRECTION('',(1.,-1.224646799147E-16,-5.87588795123E-32));
#1922 = ORIENTED_EDGE('',*,*,#1923,.F.);
#1923 = EDGE_CURVE('',#1924,#1916,#1926,.T.);
#1924 = VERTEX_POINT('',#1925);
#1925 = CARTESIAN_POINT('',(-0.5,-6.05,5.25));
#1926 = CIRCLE('',#1927,0.75);
#1927 = AXIS2_PLACEMENT_3D('',#1928,#1929,#1930);
#1928 = CARTESIAN_POINT('',(0.25,-6.05,5.25));
#1929 = DIRECTION('',(-1.359631073447E-32,-1.110223024625E-16,-1.));
#1930 = DIRECTION('',(1.224646799147E-16,1.,-1.110223024625E-16));
#1931 = ORIENTED_EDGE('',*,*,#1932,.F.);
#1932 = EDGE_CURVE('',#1933,#1924,#1935,.T.);
#1933 = VERTEX_POINT('',#1934);
#1934 = CARTESIAN_POINT('',(-0.5,-7.8,5.25));
#1935 = LINE('',#1936,#1937);
#1936 = CARTESIAN_POINT('',(-0.5,-6.018198005698,5.25));
#1937 = VECTOR('',#1938,1.);
#1938 = DIRECTION('',(1.224646799147E-16,1.,-2.61564467313E-17));
#1939 = ORIENTED_EDGE('',*,*,#1940,.F.);
#1940 = EDGE_CURVE('',#1941,#1933,#1943,.T.);
#1941 = VERTEX_POINT('',#1942);
#1942 = CARTESIAN_POINT('',(-0.25,-8.05,5.25));
#1943 = LINE('',#1944,#1945);
#1944 = CARTESIAN_POINT('',(0.296599002849,-8.596599002849,5.25));
#1945 = VECTOR('',#1946,1.);
#1946 = DIRECTION('',(-0.707106781187,0.707106781187,-1.849540085544E-17
    ));
#1947 = ORIENTED_EDGE('',*,*,#1948,.F.);
#1948 = EDGE_CURVE('',#1949,#1941,#1951,.T.);
#1949 = VERTEX_POINT('',#1950);
#1950 = CARTESIAN_POINT('',(-0.5,-8.3,5.25));
#1951 = LINE('',#1952,#1953);
#1952 = CARTESIAN_POINT('',(1.078400997151,-6.721599002849,5.25));
#1953 = VECTOR('',#1954,1.);
#1954 = DIRECTION('',(0.707106781187,0.707106781187,-1.849540085544E-17)
  );
#1955 = ORIENTED_EDGE('',*,*,#1956,.F.);
#1956 = EDGE_CURVE('',#1957,#1949,#1959,.T.);
#1957 = VERTEX_POINT('',#1958);
#1958 = CARTESIAN_POINT('',(-0.5,-9.2,5.25));
#1959 = LINE('',#1960,#1961);
#1960 = CARTESIAN_POINT('',(-0.5,-7.518198005698,5.25));
#1961 = VECTOR('',#1962,1.);
#1962 = DIRECTION('',(1.224646799147E-16,1.,-2.61564467313E-17));
#1963 = ORIENTED_EDGE('',*,*,#1964,.T.);
#1964 = EDGE_CURVE('',#1957,#1037,#1965,.T.);
#1965 = LINE('',#1966,#1967);
#1966 = CARTESIAN_POINT('',(9.95,-9.2,5.25));
#1967 = VECTOR('',#1968,1.);
#1968 = DIRECTION('',(-1.,1.224646799147E-16,0.));
#1969 = ORIENTED_EDGE('',*,*,#1036,.T.);
#1970 = ORIENTED_EDGE('',*,*,#1810,.F.);
#1971 = ORIENTED_EDGE('',*,*,#1972,.T.);
#1972 = EDGE_CURVE('',#1811,#1973,#1975,.T.);
#1973 = VERTEX_POINT('',#1974);
#1974 = CARTESIAN_POINT('',(-1.6,-4.05,5.25));
#1975 = LINE('',#1976,#1977);
#1976 = CARTESIAN_POINT('',(-1.6,-9.2,5.25));
#1977 = VECTOR('',#1978,1.);
#1978 = DIRECTION('',(1.224646799147E-16,1.,-1.110223024625E-16));
#1979 = ORIENTED_EDGE('',*,*,#1980,.F.);
#1980 = EDGE_CURVE('',#1981,#1973,#1983,.T.);
#1981 = VERTEX_POINT('',#1982);
#1982 = CARTESIAN_POINT('',(9.1,-4.05,5.25));
#1983 = LINE('',#1984,#1985);
#1984 = CARTESIAN_POINT('',(9.1,-4.05,5.25));
#1985 = VECTOR('',#1986,1.);
#1986 = DIRECTION('',(-1.,1.224646799147E-16,0.));
#1987 = ORIENTED_EDGE('',*,*,#1988,.F.);
#1988 = EDGE_CURVE('',#1989,#1981,#1991,.T.);
#1989 = VERTEX_POINT('',#1990);
#1990 = CARTESIAN_POINT('',(9.1,-6.35,5.25));
#1991 = LINE('',#1992,#1993);
#1992 = CARTESIAN_POINT('',(9.1,-9.2,5.25));
#1993 = VECTOR('',#1994,1.);
#1994 = DIRECTION('',(1.224646799147E-16,1.,-1.110223024625E-16));
#1995 = ORIENTED_EDGE('',*,*,#1996,.F.);
#1996 = EDGE_CURVE('',#1559,#1989,#1997,.T.);
#1997 = LINE('',#1998,#1999);
#1998 = CARTESIAN_POINT('',(9.95,-6.35,5.25));
#1999 = VECTOR('',#2000,1.);
#2000 = DIRECTION('',(-1.,1.224646799147E-16,0.));
#2001 = PLANE('',#2002);
#2002 = AXIS2_PLACEMENT_3D('',#2003,#2004,#2005);
#2003 = CARTESIAN_POINT('',(3.75,-6.736396011396,5.25));
#2004 = DIRECTION('',(-6.196212038895E-32,-2.61564467313E-17,-1.));
#2005 = DIRECTION('',(-1.224646799147E-16,-1.,2.61564467313E-17));
#2006 = ADVANCED_FACE('',(#2007),#2018,.T.);
#2007 = FACE_BOUND('',#2008,.T.);
#2008 = EDGE_LOOP('',(#2009,#2010,#2016,#2017));
#2009 = ORIENTED_EDGE('',*,*,#1964,.F.);
#2010 = ORIENTED_EDGE('',*,*,#2011,.F.);
#2011 = EDGE_CURVE('',#1198,#1957,#2012,.T.);
#2012 = LINE('',#2013,#2014);
#2013 = CARTESIAN_POINT('',(-0.5,-9.2,6.1));
#2014 = VECTOR('',#2015,1.);
#2015 = DIRECTION('',(-1.359631073447E-32,-1.110223024625E-16,-1.));
#2016 = ORIENTED_EDGE('',*,*,#1205,.T.);
#2017 = ORIENTED_EDGE('',*,*,#1044,.T.);
#2018 = PLANE('',#2019);
#2019 = AXIS2_PLACEMENT_3D('',#2020,#2021,#2022);
#2020 = CARTESIAN_POINT('',(3.75,-9.2,3.225));
#2021 = DIRECTION('',(-1.224646799147E-16,-1.,1.110223024625E-16));
#2022 = DIRECTION('',(-1.,1.224646799147E-16,0.));
#2023 = ADVANCED_FACE('',(#2024),#2035,.F.);
#2024 = FACE_BOUND('',#2025,.F.);
#2025 = EDGE_LOOP('',(#2026,#2027,#2033,#2034));
#2026 = ORIENTED_EDGE('',*,*,#1197,.F.);
#2027 = ORIENTED_EDGE('',*,*,#2028,.T.);
#2028 = EDGE_CURVE('',#1190,#1949,#2029,.T.);
#2029 = LINE('',#2030,#2031);
#2030 = CARTESIAN_POINT('',(-0.5,-8.3,6.1));
#2031 = VECTOR('',#2032,1.);
#2032 = DIRECTION('',(-1.359631073447E-32,-1.110223024625E-16,-1.));
#2033 = ORIENTED_EDGE('',*,*,#1956,.F.);
#2034 = ORIENTED_EDGE('',*,*,#2011,.F.);
#2035 = PLANE('',#2036);
#2036 = AXIS2_PLACEMENT_3D('',#2037,#2038,#2039);
#2037 = CARTESIAN_POINT('',(-0.5,-8.3,6.1));
#2038 = DIRECTION('',(-1.,1.224646799147E-16,0.));
#2039 = DIRECTION('',(-1.224646799147E-16,-1.,1.110223024625E-16));
#2040 = ADVANCED_FACE('',(#2041),#2052,.F.);
#2041 = FACE_BOUND('',#2042,.F.);
#2042 = EDGE_LOOP('',(#2043,#2044,#2050,#2051));
#2043 = ORIENTED_EDGE('',*,*,#1189,.F.);
#2044 = ORIENTED_EDGE('',*,*,#2045,.T.);
#2045 = EDGE_CURVE('',#1182,#1941,#2046,.T.);
#2046 = LINE('',#2047,#2048);
#2047 = CARTESIAN_POINT('',(-0.25,-8.05,6.1));
#2048 = VECTOR('',#2049,1.);
#2049 = DIRECTION('',(-1.359631073447E-32,-1.110223024625E-16,-1.));
#2050 = ORIENTED_EDGE('',*,*,#1948,.F.);
#2051 = ORIENTED_EDGE('',*,*,#2028,.F.);
#2052 = PLANE('',#2053);
#2053 = AXIS2_PLACEMENT_3D('',#2054,#2055,#2056);
#2054 = CARTESIAN_POINT('',(-0.25,-8.05,6.1));
#2055 = DIRECTION('',(-0.707106781187,0.707106781187,-7.850462293414E-17
    ));
#2056 = DIRECTION('',(-0.707106781187,-0.707106781187,7.850462293414E-17
    ));
#2057 = ADVANCED_FACE('',(#2058),#2069,.F.);
#2058 = FACE_BOUND('',#2059,.F.);
#2059 = EDGE_LOOP('',(#2060,#2061,#2067,#2068));
#2060 = ORIENTED_EDGE('',*,*,#1181,.F.);
#2061 = ORIENTED_EDGE('',*,*,#2062,.T.);
#2062 = EDGE_CURVE('',#1174,#1933,#2063,.T.);
#2063 = LINE('',#2064,#2065);
#2064 = CARTESIAN_POINT('',(-0.5,-7.8,6.1));
#2065 = VECTOR('',#2066,1.);
#2066 = DIRECTION('',(-1.359631073447E-32,-1.110223024625E-16,-1.));
#2067 = ORIENTED_EDGE('',*,*,#1940,.F.);
#2068 = ORIENTED_EDGE('',*,*,#2045,.F.);
#2069 = PLANE('',#2070);
#2070 = AXIS2_PLACEMENT_3D('',#2071,#2072,#2073);
#2071 = CARTESIAN_POINT('',(-0.5,-7.8,6.1));
#2072 = DIRECTION('',(-0.707106781187,-0.707106781187,7.850462293414E-17
    ));
#2073 = DIRECTION('',(0.707106781187,-0.707106781187,7.850462293414E-17)
  );
#2074 = ADVANCED_FACE('',(#2075),#2086,.F.);
#2075 = FACE_BOUND('',#2076,.F.);
#2076 = EDGE_LOOP('',(#2077,#2078,#2084,#2085));
#2077 = ORIENTED_EDGE('',*,*,#1173,.F.);
#2078 = ORIENTED_EDGE('',*,*,#2079,.T.);
#2079 = EDGE_CURVE('',#1165,#1924,#2080,.T.);
#2080 = LINE('',#2081,#2082);
#2081 = CARTESIAN_POINT('',(-0.5,-6.05,6.1));
#2082 = VECTOR('',#2083,1.);
#2083 = DIRECTION('',(-1.359631073447E-32,-1.110223024625E-16,-1.));
#2084 = ORIENTED_EDGE('',*,*,#1932,.F.);
#2085 = ORIENTED_EDGE('',*,*,#2062,.F.);
#2086 = PLANE('',#2087);
#2087 = AXIS2_PLACEMENT_3D('',#2088,#2089,#2090);
#2088 = CARTESIAN_POINT('',(-0.5,-5.3,6.1));
#2089 = DIRECTION('',(-1.,1.224646799147E-16,0.));
#2090 = DIRECTION('',(-1.224646799147E-16,-1.,1.110223024625E-16));
#2091 = ADVANCED_FACE('',(#2092),#2103,.F.);
#2092 = FACE_BOUND('',#2093,.F.);
#2093 = EDGE_LOOP('',(#2094,#2095,#2096,#2097));
#2094 = ORIENTED_EDGE('',*,*,#1923,.F.);
#2095 = ORIENTED_EDGE('',*,*,#2079,.F.);
#2096 = ORIENTED_EDGE('',*,*,#1164,.F.);
#2097 = ORIENTED_EDGE('',*,*,#2098,.T.);
#2098 = EDGE_CURVE('',#1157,#1916,#2099,.T.);
#2099 = LINE('',#2100,#2101);
#2100 = CARTESIAN_POINT('',(0.25,-5.3,6.1));
#2101 = VECTOR('',#2102,1.);
#2102 = DIRECTION('',(-1.359631073447E-32,-1.110223024625E-16,-1.));
#2103 = CYLINDRICAL_SURFACE('',#2104,0.75);
#2104 = AXIS2_PLACEMENT_3D('',#2105,#2106,#2107);
#2105 = CARTESIAN_POINT('',(0.25,-6.05,6.1));
#2106 = DIRECTION('',(-1.359631073447E-32,-1.110223024625E-16,-1.));
#2107 = DIRECTION('',(1.224646799147E-16,1.,-1.110223024625E-16));
#2108 = ADVANCED_FACE('',(#2109),#2120,.F.);
#2109 = FACE_BOUND('',#2110,.F.);
#2110 = EDGE_LOOP('',(#2111,#2112,#2113,#2119));
#2111 = ORIENTED_EDGE('',*,*,#2098,.F.);
#2112 = ORIENTED_EDGE('',*,*,#1156,.F.);
#2113 = ORIENTED_EDGE('',*,*,#2114,.T.);
#2114 = EDGE_CURVE('',#1149,#1908,#2115,.T.);
#2115 = LINE('',#2116,#2117);
#2116 = CARTESIAN_POINT('',(1.,-5.3,6.1));
#2117 = VECTOR('',#2118,1.);
#2118 = DIRECTION('',(-1.359631073447E-32,-1.110223024625E-16,-1.));
#2119 = ORIENTED_EDGE('',*,*,#1915,.F.);
#2120 = PLANE('',#2121);
#2121 = AXIS2_PLACEMENT_3D('',#2122,#2123,#2124);
#2122 = CARTESIAN_POINT('',(1.,-5.3,6.1));
#2123 = DIRECTION('',(1.224646799147E-16,1.,-1.110223024625E-16));
#2124 = DIRECTION('',(-1.,1.224646799147E-16,0.));
#2125 = ADVANCED_FACE('',(#2126),#2137,.F.);
#2126 = FACE_BOUND('',#2127,.F.);
#2127 = EDGE_LOOP('',(#2128,#2129,#2135,#2136));
#2128 = ORIENTED_EDGE('',*,*,#1148,.F.);
#2129 = ORIENTED_EDGE('',*,*,#2130,.T.);
#2130 = EDGE_CURVE('',#1141,#1900,#2131,.T.);
#2131 = LINE('',#2132,#2133);
#2132 = CARTESIAN_POINT('',(1.,-9.2,6.1));
#2133 = VECTOR('',#2134,1.);
#2134 = DIRECTION('',(-1.359631073447E-32,-1.110223024625E-16,-1.));
#2135 = ORIENTED_EDGE('',*,*,#1907,.F.);
#2136 = ORIENTED_EDGE('',*,*,#2114,.F.);
#2137 = PLANE('',#2138);
#2138 = AXIS2_PLACEMENT_3D('',#2139,#2140,#2141);
#2139 = CARTESIAN_POINT('',(1.,-9.2,6.1));
#2140 = DIRECTION('',(1.,-1.224646799147E-16,-0.));
#2141 = DIRECTION('',(1.224646799147E-16,1.,-1.110223024625E-16));
#2142 = ADVANCED_FACE('',(#2143),#2154,.T.);
#2143 = FACE_BOUND('',#2144,.T.);
#2144 = EDGE_LOOP('',(#2145,#2146,#2152,#2153));
#2145 = ORIENTED_EDGE('',*,*,#1899,.F.);
#2146 = ORIENTED_EDGE('',*,*,#2147,.F.);
#2147 = EDGE_CURVE('',#1133,#1892,#2148,.T.);
#2148 = LINE('',#2149,#2150);
#2149 = CARTESIAN_POINT('',(6.5,-9.2,6.1));
#2150 = VECTOR('',#2151,1.);
#2151 = DIRECTION('',(-1.359631073447E-32,-1.110223024625E-16,-1.));
#2152 = ORIENTED_EDGE('',*,*,#1140,.T.);
#2153 = ORIENTED_EDGE('',*,*,#2130,.T.);
#2154 = PLANE('',#2155);
#2155 = AXIS2_PLACEMENT_3D('',#2156,#2157,#2158);
#2156 = CARTESIAN_POINT('',(3.75,-9.2,3.225));
#2157 = DIRECTION('',(-1.224646799147E-16,-1.,1.110223024625E-16));
#2158 = DIRECTION('',(-1.,1.224646799147E-16,0.));
#2159 = ADVANCED_FACE('',(#2160),#2171,.T.);
#2160 = FACE_BOUND('',#2161,.T.);
#2161 = EDGE_LOOP('',(#2162,#2163,#2164,#2165));
#2162 = ORIENTED_EDGE('',*,*,#1132,.F.);
#2163 = ORIENTED_EDGE('',*,*,#2147,.T.);
#2164 = ORIENTED_EDGE('',*,*,#1891,.F.);
#2165 = ORIENTED_EDGE('',*,*,#2166,.F.);
#2166 = EDGE_CURVE('',#1125,#1884,#2167,.T.);
#2167 = LINE('',#2168,#2169);
#2168 = CARTESIAN_POINT('',(6.5,-5.3,6.1));
#2169 = VECTOR('',#2170,1.);
#2170 = DIRECTION('',(-1.359631073447E-32,-1.110223024625E-16,-1.));
#2171 = PLANE('',#2172);
#2172 = AXIS2_PLACEMENT_3D('',#2173,#2174,#2175);
#2173 = CARTESIAN_POINT('',(6.5,-9.2,6.1));
#2174 = DIRECTION('',(1.,-1.224646799147E-16,-0.));
#2175 = DIRECTION('',(1.224646799147E-16,1.,-1.110223024625E-16));
#2176 = ADVANCED_FACE('',(#2177),#2188,.T.);
#2177 = FACE_BOUND('',#2178,.T.);
#2178 = EDGE_LOOP('',(#2179,#2185,#2186,#2187));
#2179 = ORIENTED_EDGE('',*,*,#2180,.F.);
#2180 = EDGE_CURVE('',#1116,#1875,#2181,.T.);
#2181 = LINE('',#2182,#2183);
#2182 = CARTESIAN_POINT('',(7.25,-5.3,6.1));
#2183 = VECTOR('',#2184,1.);
#2184 = DIRECTION('',(-1.359631073447E-32,-1.110223024625E-16,-1.));
#2185 = ORIENTED_EDGE('',*,*,#1124,.F.);
#2186 = ORIENTED_EDGE('',*,*,#2166,.T.);
#2187 = ORIENTED_EDGE('',*,*,#1883,.F.);
#2188 = PLANE('',#2189);
#2189 = AXIS2_PLACEMENT_3D('',#2190,#2191,#2192);
#2190 = CARTESIAN_POINT('',(6.5,-5.3,6.1));
#2191 = DIRECTION('',(-1.224646799147E-16,-1.,1.110223024625E-16));
#2192 = DIRECTION('',(1.,-1.224646799147E-16,0.));
#2193 = ADVANCED_FACE('',(#2194),#2205,.F.);
#2194 = FACE_BOUND('',#2195,.F.);
#2195 = EDGE_LOOP('',(#2196,#2197,#2198,#2204));
#2196 = ORIENTED_EDGE('',*,*,#2180,.F.);
#2197 = ORIENTED_EDGE('',*,*,#1115,.T.);
#2198 = ORIENTED_EDGE('',*,*,#2199,.T.);
#2199 = EDGE_CURVE('',#1108,#1867,#2200,.T.);
#2200 = LINE('',#2201,#2202);
#2201 = CARTESIAN_POINT('',(8.,-6.05,6.1));
#2202 = VECTOR('',#2203,1.);
#2203 = DIRECTION('',(-1.359631073447E-32,-1.110223024625E-16,-1.));
#2204 = ORIENTED_EDGE('',*,*,#1874,.F.);
#2205 = CYLINDRICAL_SURFACE('',#2206,0.75);
#2206 = AXIS2_PLACEMENT_3D('',#2207,#2208,#2209);
#2207 = CARTESIAN_POINT('',(7.25,-6.05,6.1));
#2208 = DIRECTION('',(-1.359631073447E-32,-1.110223024625E-16,-1.));
#2209 = DIRECTION('',(1.224646799147E-16,1.,-1.110223024625E-16));
#2210 = ADVANCED_FACE('',(#2211),#2222,.T.);
#2211 = FACE_BOUND('',#2212,.T.);
#2212 = EDGE_LOOP('',(#2213,#2214,#2215,#2216));
#2213 = ORIENTED_EDGE('',*,*,#1107,.F.);
#2214 = ORIENTED_EDGE('',*,*,#2199,.T.);
#2215 = ORIENTED_EDGE('',*,*,#1866,.F.);
#2216 = ORIENTED_EDGE('',*,*,#2217,.F.);
#2217 = EDGE_CURVE('',#1100,#1859,#2218,.T.);
#2218 = LINE('',#2219,#2220);
#2219 = CARTESIAN_POINT('',(8.,-7.8,6.1));
#2220 = VECTOR('',#2221,1.);
#2221 = DIRECTION('',(-1.359631073447E-32,-1.110223024625E-16,-1.));
#2222 = PLANE('',#2223);
#2223 = AXIS2_PLACEMENT_3D('',#2224,#2225,#2226);
#2224 = CARTESIAN_POINT('',(8.,-5.3,6.1));
#2225 = DIRECTION('',(-1.,1.224646799147E-16,0.));
#2226 = DIRECTION('',(-1.224646799147E-16,-1.,1.110223024625E-16));
#2227 = ADVANCED_FACE('',(#2228),#2239,.T.);
#2228 = FACE_BOUND('',#2229,.T.);
#2229 = EDGE_LOOP('',(#2230,#2231,#2232,#2233));
#2230 = ORIENTED_EDGE('',*,*,#1099,.F.);
#2231 = ORIENTED_EDGE('',*,*,#2217,.T.);
#2232 = ORIENTED_EDGE('',*,*,#1858,.F.);
#2233 = ORIENTED_EDGE('',*,*,#2234,.F.);
#2234 = EDGE_CURVE('',#1092,#1851,#2235,.T.);
#2235 = LINE('',#2236,#2237);
#2236 = CARTESIAN_POINT('',(7.75,-8.05,6.1));
#2237 = VECTOR('',#2238,1.);
#2238 = DIRECTION('',(-1.359631073447E-32,-1.110223024625E-16,-1.));
#2239 = PLANE('',#2240);
#2240 = AXIS2_PLACEMENT_3D('',#2241,#2242,#2243);
#2241 = CARTESIAN_POINT('',(8.,-7.8,6.1));
#2242 = DIRECTION('',(-0.707106781187,0.707106781187,-7.850462293414E-17
    ));
#2243 = DIRECTION('',(-0.707106781187,-0.707106781187,7.850462293414E-17
    ));
#2244 = ADVANCED_FACE('',(#2245),#2256,.T.);
#2245 = FACE_BOUND('',#2246,.T.);
#2246 = EDGE_LOOP('',(#2247,#2248,#2249,#2250));
#2247 = ORIENTED_EDGE('',*,*,#1091,.F.);
#2248 = ORIENTED_EDGE('',*,*,#2234,.T.);
#2249 = ORIENTED_EDGE('',*,*,#1850,.F.);
#2250 = ORIENTED_EDGE('',*,*,#2251,.F.);
#2251 = EDGE_CURVE('',#1084,#1843,#2252,.T.);
#2252 = LINE('',#2253,#2254);
#2253 = CARTESIAN_POINT('',(8.,-8.3,6.1));
#2254 = VECTOR('',#2255,1.);
#2255 = DIRECTION('',(-1.359631073447E-32,-1.110223024625E-16,-1.));
#2256 = PLANE('',#2257);
#2257 = AXIS2_PLACEMENT_3D('',#2258,#2259,#2260);
#2258 = CARTESIAN_POINT('',(7.75,-8.05,6.1));
#2259 = DIRECTION('',(-0.707106781187,-0.707106781187,7.850462293414E-17
    ));
#2260 = DIRECTION('',(0.707106781187,-0.707106781187,7.850462293414E-17)
  );
#2261 = ADVANCED_FACE('',(#2262),#2273,.T.);
#2262 = FACE_BOUND('',#2263,.T.);
#2263 = EDGE_LOOP('',(#2264,#2265,#2266,#2267));
#2264 = ORIENTED_EDGE('',*,*,#1083,.F.);
#2265 = ORIENTED_EDGE('',*,*,#2251,.T.);
#2266 = ORIENTED_EDGE('',*,*,#1842,.F.);
#2267 = ORIENTED_EDGE('',*,*,#2268,.F.);
#2268 = EDGE_CURVE('',#1076,#1835,#2269,.T.);
#2269 = LINE('',#2270,#2271);
#2270 = CARTESIAN_POINT('',(8.,-9.2,6.1));
#2271 = VECTOR('',#2272,1.);
#2272 = DIRECTION('',(-1.359631073447E-32,-1.110223024625E-16,-1.));
#2273 = PLANE('',#2274);
#2274 = AXIS2_PLACEMENT_3D('',#2275,#2276,#2277);
#2275 = CARTESIAN_POINT('',(8.,-8.3,6.1));
#2276 = DIRECTION('',(-1.,1.224646799147E-16,0.));
#2277 = DIRECTION('',(-1.224646799147E-16,-1.,1.110223024625E-16));
#2278 = ADVANCED_FACE('',(#2279),#2285,.T.);
#2279 = FACE_BOUND('',#2280,.T.);
#2280 = EDGE_LOOP('',(#2281,#2282,#2283,#2284));
#2281 = ORIENTED_EDGE('',*,*,#1834,.F.);
#2282 = ORIENTED_EDGE('',*,*,#1550,.T.);
#2283 = ORIENTED_EDGE('',*,*,#1075,.T.);
#2284 = ORIENTED_EDGE('',*,*,#2268,.T.);
#2285 = PLANE('',#2286);
#2286 = AXIS2_PLACEMENT_3D('',#2287,#2288,#2289);
#2287 = CARTESIAN_POINT('',(3.75,-9.2,3.225));
#2288 = DIRECTION('',(-1.224646799147E-16,-1.,1.110223024625E-16));
#2289 = DIRECTION('',(-1.,1.224646799147E-16,0.));
#2290 = ADVANCED_FACE('',(#2291),#2382,.T.);
#2291 = FACE_BOUND('',#2292,.T.);
#2292 = EDGE_LOOP('',(#2293,#2294,#2302,#2311,#2319,#2327,#2335,#2343,
    #2351,#2359,#2367,#2376));
#2293 = ORIENTED_EDGE('',*,*,#1279,.F.);
#2294 = ORIENTED_EDGE('',*,*,#2295,.T.);
#2295 = EDGE_CURVE('',#1280,#2296,#2298,.T.);
#2296 = VERTEX_POINT('',#2297);
#2297 = CARTESIAN_POINT('',(-0.32,-0.37,4.07));
#2298 = LINE('',#2299,#2300);
#2299 = CARTESIAN_POINT('',(-0.32,-8.7,4.07));
#2300 = VECTOR('',#2301,1.);
#2301 = DIRECTION('',(1.224646799147E-16,1.,0.));
#2302 = ORIENTED_EDGE('',*,*,#2303,.T.);
#2303 = EDGE_CURVE('',#2296,#2304,#2306,.T.);
#2304 = VERTEX_POINT('',#2305);
#2305 = CARTESIAN_POINT('',(-0.32,0.32,3.38));
#2306 = CIRCLE('',#2307,0.69);
#2307 = AXIS2_PLACEMENT_3D('',#2308,#2309,#2310);
#2308 = CARTESIAN_POINT('',(-0.32,-0.37,3.38));
#2309 = DIRECTION('',(-1.,1.224646799147E-16,0.));
#2310 = DIRECTION('',(0.,0.,1.));
#2311 = ORIENTED_EDGE('',*,*,#2312,.T.);
#2312 = EDGE_CURVE('',#2304,#2313,#2315,.T.);
#2313 = VERTEX_POINT('',#2314);
#2314 = CARTESIAN_POINT('',(-0.32,0.32,-0.9));
#2315 = LINE('',#2316,#2317);
#2316 = CARTESIAN_POINT('',(-0.32,0.32,4.07));
#2317 = VECTOR('',#2318,1.);
#2318 = DIRECTION('',(-0.,0.,-1.));
#2319 = ORIENTED_EDGE('',*,*,#2320,.T.);
#2320 = EDGE_CURVE('',#2313,#2321,#2323,.T.);
#2321 = VERTEX_POINT('',#2322);
#2322 = CARTESIAN_POINT('',(-0.32,2.E-02,-1.5));
#2323 = LINE('',#2324,#2325);
#2324 = CARTESIAN_POINT('',(-0.32,0.32,-0.9));
#2325 = VECTOR('',#2326,1.);
#2326 = DIRECTION('',(-5.476786982641E-17,-0.4472135955,-0.894427191));
#2327 = ORIENTED_EDGE('',*,*,#2328,.T.);
#2328 = EDGE_CURVE('',#2321,#2329,#2331,.T.);
#2329 = VERTEX_POINT('',#2330);
#2330 = CARTESIAN_POINT('',(-0.32,0.288421052632,-3.2));
#2331 = LINE('',#2332,#2333);
#2332 = CARTESIAN_POINT('',(-0.32,2.E-02,-1.5));
#2333 = VECTOR('',#2334,1.);
#2334 = DIRECTION('',(1.909990663905E-17,0.155962573473,-0.987762965329)
  );
#2335 = ORIENTED_EDGE('',*,*,#2336,.T.);
#2336 = EDGE_CURVE('',#2329,#2337,#2339,.T.);
#2337 = VERTEX_POINT('',#2338);
#2338 = CARTESIAN_POINT('',(-0.32,-0.351578947368,-3.2));
#2339 = LINE('',#2340,#2341);
#2340 = CARTESIAN_POINT('',(-0.32,0.32,-3.2));
#2341 = VECTOR('',#2342,1.);
#2342 = DIRECTION('',(-1.224646799147E-16,-1.,0.));
#2343 = ORIENTED_EDGE('',*,*,#2344,.T.);
#2344 = EDGE_CURVE('',#2337,#2345,#2347,.T.);
#2345 = VERTEX_POINT('',#2346);
#2346 = CARTESIAN_POINT('',(-0.32,-0.62,-1.5));
#2347 = LINE('',#2348,#2349);
#2348 = CARTESIAN_POINT('',(-0.32,-0.32,-3.4));
#2349 = VECTOR('',#2350,1.);
#2350 = DIRECTION('',(-1.909990663905E-17,-0.155962573473,0.987762965329
    ));
#2351 = ORIENTED_EDGE('',*,*,#2352,.T.);
#2352 = EDGE_CURVE('',#2345,#2353,#2355,.T.);
#2353 = VERTEX_POINT('',#2354);
#2354 = CARTESIAN_POINT('',(-0.32,-0.32,-0.9));
#2355 = LINE('',#2356,#2357);
#2356 = CARTESIAN_POINT('',(-0.32,-0.62,-1.5));
#2357 = VECTOR('',#2358,1.);
#2358 = DIRECTION('',(5.476786982641E-17,0.4472135955,0.894427191));
#2359 = ORIENTED_EDGE('',*,*,#2360,.T.);
#2360 = EDGE_CURVE('',#2353,#2361,#2363,.T.);
#2361 = VERTEX_POINT('',#2362);
#2362 = CARTESIAN_POINT('',(-0.32,-0.32,3.38));
#2363 = LINE('',#2364,#2365);
#2364 = CARTESIAN_POINT('',(-0.32,-0.32,-0.9));
#2365 = VECTOR('',#2366,1.);
#2366 = DIRECTION('',(0.,0.,1.));
#2367 = ORIENTED_EDGE('',*,*,#2368,.F.);
#2368 = EDGE_CURVE('',#2369,#2361,#2371,.T.);
#2369 = VERTEX_POINT('',#2370);
#2370 = CARTESIAN_POINT('',(-0.32,-0.37,3.43));
#2371 = CIRCLE('',#2372,5.E-02);
#2372 = AXIS2_PLACEMENT_3D('',#2373,#2374,#2375);
#2373 = CARTESIAN_POINT('',(-0.32,-0.37,3.38));
#2374 = DIRECTION('',(-1.,1.224646799147E-16,0.));
#2375 = DIRECTION('',(0.,0.,1.));
#2376 = ORIENTED_EDGE('',*,*,#2377,.T.);
#2377 = EDGE_CURVE('',#2369,#1282,#2378,.T.);
#2378 = LINE('',#2379,#2380);
#2379 = CARTESIAN_POINT('',(-0.32,-0.32,3.43));
#2380 = VECTOR('',#2381,1.);
#2381 = DIRECTION('',(-1.224646799147E-16,-1.,0.));
#2382 = PLANE('',#2383);
#2383 = AXIS2_PLACEMENT_3D('',#2384,#2385,#2386);
#2384 = CARTESIAN_POINT('',(-0.32,-2.46404183087,2.050076029119));
#2385 = DIRECTION('',(-1.,1.224646799147E-16,0.));
#2386 = DIRECTION('',(0.,0.,1.));
#2387 = ADVANCED_FACE('',(#2388),#2406,.F.);
#2388 = FACE_BOUND('',#2389,.F.);
#2389 = EDGE_LOOP('',(#2390,#2398,#2404,#2405));
#2390 = ORIENTED_EDGE('',*,*,#2391,.F.);
#2391 = EDGE_CURVE('',#2392,#1298,#2394,.T.);
#2392 = VERTEX_POINT('',#2393);
#2393 = CARTESIAN_POINT('',(0.32,-0.37,3.43));
#2394 = LINE('',#2395,#2396);
#2395 = CARTESIAN_POINT('',(0.32,-0.32,3.43));
#2396 = VECTOR('',#2397,1.);
#2397 = DIRECTION('',(-1.224646799147E-16,-1.,0.));
#2398 = ORIENTED_EDGE('',*,*,#2399,.T.);
#2399 = EDGE_CURVE('',#2392,#2369,#2400,.T.);
#2400 = LINE('',#2401,#2402);
#2401 = CARTESIAN_POINT('',(0.32,-0.37,3.43));
#2402 = VECTOR('',#2403,1.);
#2403 = DIRECTION('',(-1.,1.224646799147E-16,0.));
#2404 = ORIENTED_EDGE('',*,*,#2377,.T.);
#2405 = ORIENTED_EDGE('',*,*,#1305,.F.);
#2406 = PLANE('',#2407);
#2407 = AXIS2_PLACEMENT_3D('',#2408,#2409,#2410);
#2408 = CARTESIAN_POINT('',(0.32,-0.32,3.43));
#2409 = DIRECTION('',(0.,0.,1.));
#2410 = DIRECTION('',(-1.224646799147E-16,-1.,0.));
#2411 = ADVANCED_FACE('',(#2412),#2496,.F.);
#2412 = FACE_BOUND('',#2413,.F.);
#2413 = EDGE_LOOP('',(#2414,#2415,#2423,#2432,#2440,#2448,#2456,#2464,
    #2472,#2480,#2488,#2495));
#2414 = ORIENTED_EDGE('',*,*,#1297,.F.);
#2415 = ORIENTED_EDGE('',*,*,#2416,.T.);
#2416 = EDGE_CURVE('',#1290,#2417,#2419,.T.);
#2417 = VERTEX_POINT('',#2418);
#2418 = CARTESIAN_POINT('',(0.32,-0.37,4.07));
#2419 = LINE('',#2420,#2421);
#2420 = CARTESIAN_POINT('',(0.32,-8.7,4.07));
#2421 = VECTOR('',#2422,1.);
#2422 = DIRECTION('',(1.224646799147E-16,1.,0.));
#2423 = ORIENTED_EDGE('',*,*,#2424,.T.);
#2424 = EDGE_CURVE('',#2417,#2425,#2427,.T.);
#2425 = VERTEX_POINT('',#2426);
#2426 = CARTESIAN_POINT('',(0.32,0.32,3.38));
#2427 = CIRCLE('',#2428,0.69);
#2428 = AXIS2_PLACEMENT_3D('',#2429,#2430,#2431);
#2429 = CARTESIAN_POINT('',(0.32,-0.37,3.38));
#2430 = DIRECTION('',(-1.,1.224646799147E-16,0.));
#2431 = DIRECTION('',(0.,0.,1.));
#2432 = ORIENTED_EDGE('',*,*,#2433,.T.);
#2433 = EDGE_CURVE('',#2425,#2434,#2436,.T.);
#2434 = VERTEX_POINT('',#2435);
#2435 = CARTESIAN_POINT('',(0.32,0.32,-0.9));
#2436 = LINE('',#2437,#2438);
#2437 = CARTESIAN_POINT('',(0.32,0.32,4.07));
#2438 = VECTOR('',#2439,1.);
#2439 = DIRECTION('',(-0.,0.,-1.));
#2440 = ORIENTED_EDGE('',*,*,#2441,.T.);
#2441 = EDGE_CURVE('',#2434,#2442,#2444,.T.);
#2442 = VERTEX_POINT('',#2443);
#2443 = CARTESIAN_POINT('',(0.32,2.E-02,-1.5));
#2444 = LINE('',#2445,#2446);
#2445 = CARTESIAN_POINT('',(0.32,0.32,-0.9));
#2446 = VECTOR('',#2447,1.);
#2447 = DIRECTION('',(-5.476786982641E-17,-0.4472135955,-0.894427191));
#2448 = ORIENTED_EDGE('',*,*,#2449,.T.);
#2449 = EDGE_CURVE('',#2442,#2450,#2452,.T.);
#2450 = VERTEX_POINT('',#2451);
#2451 = CARTESIAN_POINT('',(0.32,0.288421052632,-3.2));
#2452 = LINE('',#2453,#2454);
#2453 = CARTESIAN_POINT('',(0.32,2.E-02,-1.5));
#2454 = VECTOR('',#2455,1.);
#2455 = DIRECTION('',(1.909990663905E-17,0.155962573473,-0.987762965329)
  );
#2456 = ORIENTED_EDGE('',*,*,#2457,.T.);
#2457 = EDGE_CURVE('',#2450,#2458,#2460,.T.);
#2458 = VERTEX_POINT('',#2459);
#2459 = CARTESIAN_POINT('',(0.32,-0.351578947368,-3.2));
#2460 = LINE('',#2461,#2462);
#2461 = CARTESIAN_POINT('',(0.32,0.32,-3.2));
#2462 = VECTOR('',#2463,1.);
#2463 = DIRECTION('',(-1.224646799147E-16,-1.,0.));
#2464 = ORIENTED_EDGE('',*,*,#2465,.T.);
#2465 = EDGE_CURVE('',#2458,#2466,#2468,.T.);
#2466 = VERTEX_POINT('',#2467);
#2467 = CARTESIAN_POINT('',(0.32,-0.62,-1.5));
#2468 = LINE('',#2469,#2470);
#2469 = CARTESIAN_POINT('',(0.32,-0.32,-3.4));
#2470 = VECTOR('',#2471,1.);
#2471 = DIRECTION('',(-1.909990663905E-17,-0.155962573473,0.987762965329
    ));
#2472 = ORIENTED_EDGE('',*,*,#2473,.T.);
#2473 = EDGE_CURVE('',#2466,#2474,#2476,.T.);
#2474 = VERTEX_POINT('',#2475);
#2475 = CARTESIAN_POINT('',(0.32,-0.32,-0.9));
#2476 = LINE('',#2477,#2478);
#2477 = CARTESIAN_POINT('',(0.32,-0.62,-1.5));
#2478 = VECTOR('',#2479,1.);
#2479 = DIRECTION('',(5.476786982641E-17,0.4472135955,0.894427191));
#2480 = ORIENTED_EDGE('',*,*,#2481,.T.);
#2481 = EDGE_CURVE('',#2474,#2482,#2484,.T.);
#2482 = VERTEX_POINT('',#2483);
#2483 = CARTESIAN_POINT('',(0.32,-0.32,3.38));
#2484 = LINE('',#2485,#2486);
#2485 = CARTESIAN_POINT('',(0.32,-0.32,-0.9));
#2486 = VECTOR('',#2487,1.);
#2487 = DIRECTION('',(0.,0.,1.));
#2488 = ORIENTED_EDGE('',*,*,#2489,.F.);
#2489 = EDGE_CURVE('',#2392,#2482,#2490,.T.);
#2490 = CIRCLE('',#2491,5.E-02);
#2491 = AXIS2_PLACEMENT_3D('',#2492,#2493,#2494);
#2492 = CARTESIAN_POINT('',(0.32,-0.37,3.38));
#2493 = DIRECTION('',(-1.,1.224646799147E-16,0.));
#2494 = DIRECTION('',(0.,0.,1.));
#2495 = ORIENTED_EDGE('',*,*,#2391,.T.);
#2496 = PLANE('',#2497);
#2497 = AXIS2_PLACEMENT_3D('',#2498,#2499,#2500);
#2498 = CARTESIAN_POINT('',(0.32,-2.46404183087,2.050076029119));
#2499 = DIRECTION('',(-1.,1.224646799147E-16,0.));
#2500 = DIRECTION('',(0.,0.,1.));
#2501 = ADVANCED_FACE('',(#2502),#2513,.F.);
#2502 = FACE_BOUND('',#2503,.F.);
#2503 = EDGE_LOOP('',(#2504,#2505,#2506,#2507));
#2504 = ORIENTED_EDGE('',*,*,#2416,.F.);
#2505 = ORIENTED_EDGE('',*,*,#1289,.F.);
#2506 = ORIENTED_EDGE('',*,*,#2295,.T.);
#2507 = ORIENTED_EDGE('',*,*,#2508,.F.);
#2508 = EDGE_CURVE('',#2417,#2296,#2509,.T.);
#2509 = LINE('',#2510,#2511);
#2510 = CARTESIAN_POINT('',(0.32,-0.37,4.07));
#2511 = VECTOR('',#2512,1.);
#2512 = DIRECTION('',(-1.,1.224646799147E-16,0.));
#2513 = PLANE('',#2514);
#2514 = AXIS2_PLACEMENT_3D('',#2515,#2516,#2517);
#2515 = CARTESIAN_POINT('',(0.32,-8.7,4.07));
#2516 = DIRECTION('',(-0.,0.,-1.));
#2517 = DIRECTION('',(1.224646799147E-16,1.,0.));
#2518 = ADVANCED_FACE('',(#2519),#2544,.F.);
#2519 = FACE_BOUND('',#2520,.F.);
#2520 = EDGE_LOOP('',(#2521,#2529,#2530,#2538));
#2521 = ORIENTED_EDGE('',*,*,#2522,.F.);
#2522 = EDGE_CURVE('',#1345,#2523,#2525,.T.);
#2523 = VERTEX_POINT('',#2524);
#2524 = CARTESIAN_POINT('',(2.82,-0.37,4.07));
#2525 = LINE('',#2526,#2527);
#2526 = CARTESIAN_POINT('',(2.82,-8.7,4.07));
#2527 = VECTOR('',#2528,1.);
#2528 = DIRECTION('',(1.224646799147E-16,1.,0.));
#2529 = ORIENTED_EDGE('',*,*,#1342,.F.);
#2530 = ORIENTED_EDGE('',*,*,#2531,.T.);
#2531 = EDGE_CURVE('',#1343,#2532,#2534,.T.);
#2532 = VERTEX_POINT('',#2533);
#2533 = CARTESIAN_POINT('',(2.18,-0.37,4.07));
#2534 = LINE('',#2535,#2536);
#2535 = CARTESIAN_POINT('',(2.18,-8.7,4.07));
#2536 = VECTOR('',#2537,1.);
#2537 = DIRECTION('',(1.224646799147E-16,1.,0.));
#2538 = ORIENTED_EDGE('',*,*,#2539,.F.);
#2539 = EDGE_CURVE('',#2523,#2532,#2540,.T.);
#2540 = LINE('',#2541,#2542);
#2541 = CARTESIAN_POINT('',(2.82,-0.37,4.07));
#2542 = VECTOR('',#2543,1.);
#2543 = DIRECTION('',(-1.,1.224646799147E-16,0.));
#2544 = PLANE('',#2545);
#2545 = AXIS2_PLACEMENT_3D('',#2546,#2547,#2548);
#2546 = CARTESIAN_POINT('',(2.82,-8.7,4.07));
#2547 = DIRECTION('',(-0.,0.,-1.));
#2548 = DIRECTION('',(1.224646799147E-16,1.,0.));
#2549 = ADVANCED_FACE('',(#2550),#2602,.T.);
#2550 = FACE_BOUND('',#2551,.T.);
#2551 = EDGE_LOOP('',(#2552,#2553,#2554,#2563,#2571,#2579,#2587,#2596));
#2552 = ORIENTED_EDGE('',*,*,#1368,.F.);
#2553 = ORIENTED_EDGE('',*,*,#2531,.T.);
#2554 = ORIENTED_EDGE('',*,*,#2555,.T.);
#2555 = EDGE_CURVE('',#2532,#2556,#2558,.T.);
#2556 = VERTEX_POINT('',#2557);
#2557 = CARTESIAN_POINT('',(2.18,0.32,3.38));
#2558 = CIRCLE('',#2559,0.69);
#2559 = AXIS2_PLACEMENT_3D('',#2560,#2561,#2562);
#2560 = CARTESIAN_POINT('',(2.18,-0.37,3.38));
#2561 = DIRECTION('',(-1.,1.224646799147E-16,0.));
#2562 = DIRECTION('',(0.,0.,1.));
#2563 = ORIENTED_EDGE('',*,*,#2564,.T.);
#2564 = EDGE_CURVE('',#2556,#2565,#2567,.T.);
#2565 = VERTEX_POINT('',#2566);
#2566 = CARTESIAN_POINT('',(2.18,0.32,-3.2));
#2567 = LINE('',#2568,#2569);
#2568 = CARTESIAN_POINT('',(2.18,0.32,4.07));
#2569 = VECTOR('',#2570,1.);
#2570 = DIRECTION('',(-4.550304797346E-33,-3.715605838772E-17,-1.));
#2571 = ORIENTED_EDGE('',*,*,#2572,.T.);
#2572 = EDGE_CURVE('',#2565,#2573,#2575,.T.);
#2573 = VERTEX_POINT('',#2574);
#2574 = CARTESIAN_POINT('',(2.18,-0.32,-3.2));
#2575 = LINE('',#2576,#2577);
#2576 = CARTESIAN_POINT('',(2.18,0.32,-3.2));
#2577 = VECTOR('',#2578,1.);
#2578 = DIRECTION('',(-1.224646799147E-16,-1.,0.));
#2579 = ORIENTED_EDGE('',*,*,#2580,.T.);
#2580 = EDGE_CURVE('',#2573,#2581,#2583,.T.);
#2581 = VERTEX_POINT('',#2582);
#2582 = CARTESIAN_POINT('',(2.18,-0.32,3.38));
#2583 = LINE('',#2584,#2585);
#2584 = CARTESIAN_POINT('',(2.18,-0.32,-3.4));
#2585 = VECTOR('',#2586,1.);
#2586 = DIRECTION('',(0.,0.,1.));
#2587 = ORIENTED_EDGE('',*,*,#2588,.F.);
#2588 = EDGE_CURVE('',#2589,#2581,#2591,.T.);
#2589 = VERTEX_POINT('',#2590);
#2590 = CARTESIAN_POINT('',(2.18,-0.37,3.43));
#2591 = CIRCLE('',#2592,5.E-02);
#2592 = AXIS2_PLACEMENT_3D('',#2593,#2594,#2595);
#2593 = CARTESIAN_POINT('',(2.18,-0.37,3.38));
#2594 = DIRECTION('',(-1.,1.224646799147E-16,0.));
#2595 = DIRECTION('',(0.,0.,1.));
#2596 = ORIENTED_EDGE('',*,*,#2597,.T.);
#2597 = EDGE_CURVE('',#2589,#1361,#2598,.T.);
#2598 = LINE('',#2599,#2600);
#2599 = CARTESIAN_POINT('',(2.18,-0.32,3.43));
#2600 = VECTOR('',#2601,1.);
#2601 = DIRECTION('',(-1.224646799147E-16,-1.,0.));
#2602 = PLANE('',#2603);
#2603 = AXIS2_PLACEMENT_3D('',#2604,#2605,#2606);
#2604 = CARTESIAN_POINT('',(2.18,-2.454542146756,2.070457853244));
#2605 = DIRECTION('',(-1.,1.224646799147E-16,0.));
#2606 = DIRECTION('',(0.,0.,1.));
#2607 = ADVANCED_FACE('',(#2608),#2626,.F.);
#2608 = FACE_BOUND('',#2609,.F.);
#2609 = EDGE_LOOP('',(#2610,#2618,#2624,#2625));
#2610 = ORIENTED_EDGE('',*,*,#2611,.F.);
#2611 = EDGE_CURVE('',#2612,#1353,#2614,.T.);
#2612 = VERTEX_POINT('',#2613);
#2613 = CARTESIAN_POINT('',(2.82,-0.37,3.43));
#2614 = LINE('',#2615,#2616);
#2615 = CARTESIAN_POINT('',(2.82,-0.32,3.43));
#2616 = VECTOR('',#2617,1.);
#2617 = DIRECTION('',(-1.224646799147E-16,-1.,0.));
#2618 = ORIENTED_EDGE('',*,*,#2619,.T.);
#2619 = EDGE_CURVE('',#2612,#2589,#2620,.T.);
#2620 = LINE('',#2621,#2622);
#2621 = CARTESIAN_POINT('',(2.82,-0.37,3.43));
#2622 = VECTOR('',#2623,1.);
#2623 = DIRECTION('',(-1.,1.224646799147E-16,0.));
#2624 = ORIENTED_EDGE('',*,*,#2597,.T.);
#2625 = ORIENTED_EDGE('',*,*,#1360,.F.);
#2626 = PLANE('',#2627);
#2627 = AXIS2_PLACEMENT_3D('',#2628,#2629,#2630);
#2628 = CARTESIAN_POINT('',(2.82,-0.32,3.43));
#2629 = DIRECTION('',(0.,0.,1.));
#2630 = DIRECTION('',(-1.224646799147E-16,-1.,0.));
#2631 = ADVANCED_FACE('',(#2632),#2677,.F.);
#2632 = FACE_BOUND('',#2633,.F.);
#2633 = EDGE_LOOP('',(#2634,#2635,#2636,#2645,#2653,#2661,#2669,#2676));
#2634 = ORIENTED_EDGE('',*,*,#1352,.F.);
#2635 = ORIENTED_EDGE('',*,*,#2522,.T.);
#2636 = ORIENTED_EDGE('',*,*,#2637,.T.);
#2637 = EDGE_CURVE('',#2523,#2638,#2640,.T.);
#2638 = VERTEX_POINT('',#2639);
#2639 = CARTESIAN_POINT('',(2.82,0.32,3.38));
#2640 = CIRCLE('',#2641,0.69);
#2641 = AXIS2_PLACEMENT_3D('',#2642,#2643,#2644);
#2642 = CARTESIAN_POINT('',(2.82,-0.37,3.38));
#2643 = DIRECTION('',(-1.,1.224646799147E-16,0.));
#2644 = DIRECTION('',(0.,0.,1.));
#2645 = ORIENTED_EDGE('',*,*,#2646,.T.);
#2646 = EDGE_CURVE('',#2638,#2647,#2649,.T.);
#2647 = VERTEX_POINT('',#2648);
#2648 = CARTESIAN_POINT('',(2.82,0.32,-3.2));
#2649 = LINE('',#2650,#2651);
#2650 = CARTESIAN_POINT('',(2.82,0.32,4.07));
#2651 = VECTOR('',#2652,1.);
#2652 = DIRECTION('',(-4.550304797346E-33,-3.715605838772E-17,-1.));
#2653 = ORIENTED_EDGE('',*,*,#2654,.T.);
#2654 = EDGE_CURVE('',#2647,#2655,#2657,.T.);
#2655 = VERTEX_POINT('',#2656);
#2656 = CARTESIAN_POINT('',(2.82,-0.32,-3.2));
#2657 = LINE('',#2658,#2659);
#2658 = CARTESIAN_POINT('',(2.82,0.32,-3.2));
#2659 = VECTOR('',#2660,1.);
#2660 = DIRECTION('',(-1.224646799147E-16,-1.,0.));
#2661 = ORIENTED_EDGE('',*,*,#2662,.T.);
#2662 = EDGE_CURVE('',#2655,#2663,#2665,.T.);
#2663 = VERTEX_POINT('',#2664);
#2664 = CARTESIAN_POINT('',(2.82,-0.32,3.38));
#2665 = LINE('',#2666,#2667);
#2666 = CARTESIAN_POINT('',(2.82,-0.32,-3.4));
#2667 = VECTOR('',#2668,1.);
#2668 = DIRECTION('',(0.,0.,1.));
#2669 = ORIENTED_EDGE('',*,*,#2670,.F.);
#2670 = EDGE_CURVE('',#2612,#2663,#2671,.T.);
#2671 = CIRCLE('',#2672,5.E-02);
#2672 = AXIS2_PLACEMENT_3D('',#2673,#2674,#2675);
#2673 = CARTESIAN_POINT('',(2.82,-0.37,3.38));
#2674 = DIRECTION('',(-1.,1.224646799147E-16,0.));
#2675 = DIRECTION('',(0.,0.,1.));
#2676 = ORIENTED_EDGE('',*,*,#2611,.T.);
#2677 = PLANE('',#2678);
#2678 = AXIS2_PLACEMENT_3D('',#2679,#2680,#2681);
#2679 = CARTESIAN_POINT('',(2.82,-2.454542146756,2.070457853244));
#2680 = DIRECTION('',(-1.,1.224646799147E-16,0.));
#2681 = DIRECTION('',(0.,0.,1.));
#2682 = ADVANCED_FACE('',(#2683),#2742,.T.);
#2683 = FACE_BOUND('',#2684,.T.);
#2684 = EDGE_LOOP('',(#2685,#2686,#2694,#2703,#2711,#2719,#2727,#2736));
#2685 = ORIENTED_EDGE('',*,*,#1405,.F.);
#2686 = ORIENTED_EDGE('',*,*,#2687,.T.);
#2687 = EDGE_CURVE('',#1406,#2688,#2690,.T.);
#2688 = VERTEX_POINT('',#2689);
#2689 = CARTESIAN_POINT('',(4.68,-0.37,4.07));
#2690 = LINE('',#2691,#2692);
#2691 = CARTESIAN_POINT('',(4.68,-8.7,4.07));
#2692 = VECTOR('',#2693,1.);
#2693 = DIRECTION('',(1.224646799147E-16,1.,0.));
#2694 = ORIENTED_EDGE('',*,*,#2695,.T.);
#2695 = EDGE_CURVE('',#2688,#2696,#2698,.T.);
#2696 = VERTEX_POINT('',#2697);
#2697 = CARTESIAN_POINT('',(4.68,0.32,3.38));
#2698 = CIRCLE('',#2699,0.69);
#2699 = AXIS2_PLACEMENT_3D('',#2700,#2701,#2702);
#2700 = CARTESIAN_POINT('',(4.68,-0.37,3.38));
#2701 = DIRECTION('',(-1.,1.224646799147E-16,0.));
#2702 = DIRECTION('',(0.,0.,1.));
#2703 = ORIENTED_EDGE('',*,*,#2704,.T.);
#2704 = EDGE_CURVE('',#2696,#2705,#2707,.T.);
#2705 = VERTEX_POINT('',#2706);
#2706 = CARTESIAN_POINT('',(4.68,0.32,-3.2));
#2707 = LINE('',#2708,#2709);
#2708 = CARTESIAN_POINT('',(4.68,0.32,4.07));
#2709 = VECTOR('',#2710,1.);
#2710 = DIRECTION('',(-4.550304797346E-33,-3.715605838772E-17,-1.));
#2711 = ORIENTED_EDGE('',*,*,#2712,.T.);
#2712 = EDGE_CURVE('',#2705,#2713,#2715,.T.);
#2713 = VERTEX_POINT('',#2714);
#2714 = CARTESIAN_POINT('',(4.68,-0.32,-3.2));
#2715 = LINE('',#2716,#2717);
#2716 = CARTESIAN_POINT('',(4.68,0.32,-3.2));
#2717 = VECTOR('',#2718,1.);
#2718 = DIRECTION('',(-1.224646799147E-16,-1.,0.));
#2719 = ORIENTED_EDGE('',*,*,#2720,.T.);
#2720 = EDGE_CURVE('',#2713,#2721,#2723,.T.);
#2721 = VERTEX_POINT('',#2722);
#2722 = CARTESIAN_POINT('',(4.68,-0.32,3.38));
#2723 = LINE('',#2724,#2725);
#2724 = CARTESIAN_POINT('',(4.68,-0.32,-3.4));
#2725 = VECTOR('',#2726,1.);
#2726 = DIRECTION('',(0.,0.,1.));
#2727 = ORIENTED_EDGE('',*,*,#2728,.F.);
#2728 = EDGE_CURVE('',#2729,#2721,#2731,.T.);
#2729 = VERTEX_POINT('',#2730);
#2730 = CARTESIAN_POINT('',(4.68,-0.37,3.43));
#2731 = CIRCLE('',#2732,5.E-02);
#2732 = AXIS2_PLACEMENT_3D('',#2733,#2734,#2735);
#2733 = CARTESIAN_POINT('',(4.68,-0.37,3.38));
#2734 = DIRECTION('',(-1.,1.224646799147E-16,0.));
#2735 = DIRECTION('',(0.,0.,1.));
#2736 = ORIENTED_EDGE('',*,*,#2737,.T.);
#2737 = EDGE_CURVE('',#2729,#1408,#2738,.T.);
#2738 = LINE('',#2739,#2740);
#2739 = CARTESIAN_POINT('',(4.68,-0.32,3.43));
#2740 = VECTOR('',#2741,1.);
#2741 = DIRECTION('',(-1.224646799147E-16,-1.,0.));
#2742 = PLANE('',#2743);
#2743 = AXIS2_PLACEMENT_3D('',#2744,#2745,#2746);
#2744 = CARTESIAN_POINT('',(4.68,-2.454542146756,2.070457853244));
#2745 = DIRECTION('',(-1.,1.224646799147E-16,0.));
#2746 = DIRECTION('',(0.,0.,1.));
#2747 = ADVANCED_FACE('',(#2748),#2766,.F.);
#2748 = FACE_BOUND('',#2749,.F.);
#2749 = EDGE_LOOP('',(#2750,#2758,#2764,#2765));
#2750 = ORIENTED_EDGE('',*,*,#2751,.F.);
#2751 = EDGE_CURVE('',#2752,#1424,#2754,.T.);
#2752 = VERTEX_POINT('',#2753);
#2753 = CARTESIAN_POINT('',(5.32,-0.37,3.43));
#2754 = LINE('',#2755,#2756);
#2755 = CARTESIAN_POINT('',(5.32,-0.32,3.43));
#2756 = VECTOR('',#2757,1.);
#2757 = DIRECTION('',(-1.224646799147E-16,-1.,0.));
#2758 = ORIENTED_EDGE('',*,*,#2759,.T.);
#2759 = EDGE_CURVE('',#2752,#2729,#2760,.T.);
#2760 = LINE('',#2761,#2762);
#2761 = CARTESIAN_POINT('',(5.32,-0.37,3.43));
#2762 = VECTOR('',#2763,1.);
#2763 = DIRECTION('',(-1.,1.224646799147E-16,0.));
#2764 = ORIENTED_EDGE('',*,*,#2737,.T.);
#2765 = ORIENTED_EDGE('',*,*,#1431,.F.);
#2766 = PLANE('',#2767);
#2767 = AXIS2_PLACEMENT_3D('',#2768,#2769,#2770);
#2768 = CARTESIAN_POINT('',(5.32,-0.32,3.43));
#2769 = DIRECTION('',(0.,0.,1.));
#2770 = DIRECTION('',(-1.224646799147E-16,-1.,0.));
#2771 = ADVANCED_FACE('',(#2772),#2824,.F.);
#2772 = FACE_BOUND('',#2773,.F.);
#2773 = EDGE_LOOP('',(#2774,#2775,#2783,#2792,#2800,#2808,#2816,#2823));
#2774 = ORIENTED_EDGE('',*,*,#1423,.F.);
#2775 = ORIENTED_EDGE('',*,*,#2776,.T.);
#2776 = EDGE_CURVE('',#1416,#2777,#2779,.T.);
#2777 = VERTEX_POINT('',#2778);
#2778 = CARTESIAN_POINT('',(5.32,-0.37,4.07));
#2779 = LINE('',#2780,#2781);
#2780 = CARTESIAN_POINT('',(5.32,-8.7,4.07));
#2781 = VECTOR('',#2782,1.);
#2782 = DIRECTION('',(1.224646799147E-16,1.,0.));
#2783 = ORIENTED_EDGE('',*,*,#2784,.T.);
#2784 = EDGE_CURVE('',#2777,#2785,#2787,.T.);
#2785 = VERTEX_POINT('',#2786);
#2786 = CARTESIAN_POINT('',(5.32,0.32,3.38));
#2787 = CIRCLE('',#2788,0.69);
#2788 = AXIS2_PLACEMENT_3D('',#2789,#2790,#2791);
#2789 = CARTESIAN_POINT('',(5.32,-0.37,3.38));
#2790 = DIRECTION('',(-1.,1.224646799147E-16,0.));
#2791 = DIRECTION('',(0.,0.,1.));
#2792 = ORIENTED_EDGE('',*,*,#2793,.T.);
#2793 = EDGE_CURVE('',#2785,#2794,#2796,.T.);
#2794 = VERTEX_POINT('',#2795);
#2795 = CARTESIAN_POINT('',(5.32,0.32,-3.2));
#2796 = LINE('',#2797,#2798);
#2797 = CARTESIAN_POINT('',(5.32,0.32,4.07));
#2798 = VECTOR('',#2799,1.);
#2799 = DIRECTION('',(-4.550304797346E-33,-3.715605838772E-17,-1.));
#2800 = ORIENTED_EDGE('',*,*,#2801,.T.);
#2801 = EDGE_CURVE('',#2794,#2802,#2804,.T.);
#2802 = VERTEX_POINT('',#2803);
#2803 = CARTESIAN_POINT('',(5.32,-0.32,-3.2));
#2804 = LINE('',#2805,#2806);
#2805 = CARTESIAN_POINT('',(5.32,0.32,-3.2));
#2806 = VECTOR('',#2807,1.);
#2807 = DIRECTION('',(-1.224646799147E-16,-1.,0.));
#2808 = ORIENTED_EDGE('',*,*,#2809,.T.);
#2809 = EDGE_CURVE('',#2802,#2810,#2812,.T.);
#2810 = VERTEX_POINT('',#2811);
#2811 = CARTESIAN_POINT('',(5.32,-0.32,3.38));
#2812 = LINE('',#2813,#2814);
#2813 = CARTESIAN_POINT('',(5.32,-0.32,-3.4));
#2814 = VECTOR('',#2815,1.);
#2815 = DIRECTION('',(0.,0.,1.));
#2816 = ORIENTED_EDGE('',*,*,#2817,.F.);
#2817 = EDGE_CURVE('',#2752,#2810,#2818,.T.);
#2818 = CIRCLE('',#2819,5.E-02);
#2819 = AXIS2_PLACEMENT_3D('',#2820,#2821,#2822);
#2820 = CARTESIAN_POINT('',(5.32,-0.37,3.38));
#2821 = DIRECTION('',(-1.,1.224646799147E-16,0.));
#2822 = DIRECTION('',(0.,0.,1.));
#2823 = ORIENTED_EDGE('',*,*,#2751,.T.);
#2824 = PLANE('',#2825);
#2825 = AXIS2_PLACEMENT_3D('',#2826,#2827,#2828);
#2826 = CARTESIAN_POINT('',(5.32,-2.454542146756,2.070457853244));
#2827 = DIRECTION('',(-1.,1.224646799147E-16,0.));
#2828 = DIRECTION('',(0.,0.,1.));
#2829 = ADVANCED_FACE('',(#2830),#2841,.F.);
#2830 = FACE_BOUND('',#2831,.F.);
#2831 = EDGE_LOOP('',(#2832,#2833,#2834,#2835));
#2832 = ORIENTED_EDGE('',*,*,#2776,.F.);
#2833 = ORIENTED_EDGE('',*,*,#1415,.F.);
#2834 = ORIENTED_EDGE('',*,*,#2687,.T.);
#2835 = ORIENTED_EDGE('',*,*,#2836,.F.);
#2836 = EDGE_CURVE('',#2777,#2688,#2837,.T.);
#2837 = LINE('',#2838,#2839);
#2838 = CARTESIAN_POINT('',(5.32,-0.37,4.07));
#2839 = VECTOR('',#2840,1.);
#2840 = DIRECTION('',(-1.,1.224646799147E-16,0.));
#2841 = PLANE('',#2842);
#2842 = AXIS2_PLACEMENT_3D('',#2843,#2844,#2845);
#2843 = CARTESIAN_POINT('',(5.32,-8.7,4.07));
#2844 = DIRECTION('',(-0.,0.,-1.));
#2845 = DIRECTION('',(1.224646799147E-16,1.,0.));
#2846 = ADVANCED_FACE('',(#2847),#2872,.F.);
#2847 = FACE_BOUND('',#2848,.F.);
#2848 = EDGE_LOOP('',(#2849,#2857,#2858,#2866));
#2849 = ORIENTED_EDGE('',*,*,#2850,.F.);
#2850 = EDGE_CURVE('',#1471,#2851,#2853,.T.);
#2851 = VERTEX_POINT('',#2852);
#2852 = CARTESIAN_POINT('',(7.82,-0.37,4.07));
#2853 = LINE('',#2854,#2855);
#2854 = CARTESIAN_POINT('',(7.82,-8.7,4.07));
#2855 = VECTOR('',#2856,1.);
#2856 = DIRECTION('',(1.224646799147E-16,1.,0.));
#2857 = ORIENTED_EDGE('',*,*,#1468,.F.);
#2858 = ORIENTED_EDGE('',*,*,#2859,.T.);
#2859 = EDGE_CURVE('',#1469,#2860,#2862,.T.);
#2860 = VERTEX_POINT('',#2861);
#2861 = CARTESIAN_POINT('',(7.18,-0.37,4.07));
#2862 = LINE('',#2863,#2864);
#2863 = CARTESIAN_POINT('',(7.18,-8.7,4.07));
#2864 = VECTOR('',#2865,1.);
#2865 = DIRECTION('',(1.224646799147E-16,1.,0.));
#2866 = ORIENTED_EDGE('',*,*,#2867,.F.);
#2867 = EDGE_CURVE('',#2851,#2860,#2868,.T.);
#2868 = LINE('',#2869,#2870);
#2869 = CARTESIAN_POINT('',(7.82,-0.37,4.07));
#2870 = VECTOR('',#2871,1.);
#2871 = DIRECTION('',(-1.,1.224646799147E-16,0.));
#2872 = PLANE('',#2873);
#2873 = AXIS2_PLACEMENT_3D('',#2874,#2875,#2876);
#2874 = CARTESIAN_POINT('',(7.82,-8.7,4.07));
#2875 = DIRECTION('',(-0.,0.,-1.));
#2876 = DIRECTION('',(1.224646799147E-16,1.,0.));
#2877 = ADVANCED_FACE('',(#2878),#2962,.T.);
#2878 = FACE_BOUND('',#2879,.T.);
#2879 = EDGE_LOOP('',(#2880,#2881,#2882,#2891,#2899,#2907,#2915,#2923,
    #2931,#2939,#2947,#2956));
#2880 = ORIENTED_EDGE('',*,*,#1494,.F.);
#2881 = ORIENTED_EDGE('',*,*,#2859,.T.);
#2882 = ORIENTED_EDGE('',*,*,#2883,.T.);
#2883 = EDGE_CURVE('',#2860,#2884,#2886,.T.);
#2884 = VERTEX_POINT('',#2885);
#2885 = CARTESIAN_POINT('',(7.18,0.32,3.38));
#2886 = CIRCLE('',#2887,0.69);
#2887 = AXIS2_PLACEMENT_3D('',#2888,#2889,#2890);
#2888 = CARTESIAN_POINT('',(7.18,-0.37,3.38));
#2889 = DIRECTION('',(-1.,1.224646799147E-16,0.));
#2890 = DIRECTION('',(0.,0.,1.));
#2891 = ORIENTED_EDGE('',*,*,#2892,.T.);
#2892 = EDGE_CURVE('',#2884,#2893,#2895,.T.);
#2893 = VERTEX_POINT('',#2894);
#2894 = CARTESIAN_POINT('',(7.18,0.32,-0.9));
#2895 = LINE('',#2896,#2897);
#2896 = CARTESIAN_POINT('',(7.18,0.32,4.07));
#2897 = VECTOR('',#2898,1.);
#2898 = DIRECTION('',(-0.,0.,-1.));
#2899 = ORIENTED_EDGE('',*,*,#2900,.T.);
#2900 = EDGE_CURVE('',#2893,#2901,#2903,.T.);
#2901 = VERTEX_POINT('',#2902);
#2902 = CARTESIAN_POINT('',(7.18,2.E-02,-1.5));
#2903 = LINE('',#2904,#2905);
#2904 = CARTESIAN_POINT('',(7.18,0.32,-0.9));
#2905 = VECTOR('',#2906,1.);
#2906 = DIRECTION('',(-5.476786982641E-17,-0.4472135955,-0.894427191));
#2907 = ORIENTED_EDGE('',*,*,#2908,.T.);
#2908 = EDGE_CURVE('',#2901,#2909,#2911,.T.);
#2909 = VERTEX_POINT('',#2910);
#2910 = CARTESIAN_POINT('',(7.18,0.288421052632,-3.2));
#2911 = LINE('',#2912,#2913);
#2912 = CARTESIAN_POINT('',(7.18,2.E-02,-1.5));
#2913 = VECTOR('',#2914,1.);
#2914 = DIRECTION('',(1.909990663905E-17,0.155962573473,-0.987762965329)
  );
#2915 = ORIENTED_EDGE('',*,*,#2916,.T.);
#2916 = EDGE_CURVE('',#2909,#2917,#2919,.T.);
#2917 = VERTEX_POINT('',#2918);
#2918 = CARTESIAN_POINT('',(7.18,-0.351578947368,-3.2));
#2919 = LINE('',#2920,#2921);
#2920 = CARTESIAN_POINT('',(7.18,0.32,-3.2));
#2921 = VECTOR('',#2922,1.);
#2922 = DIRECTION('',(-1.224646799147E-16,-1.,0.));
#2923 = ORIENTED_EDGE('',*,*,#2924,.T.);
#2924 = EDGE_CURVE('',#2917,#2925,#2927,.T.);
#2925 = VERTEX_POINT('',#2926);
#2926 = CARTESIAN_POINT('',(7.18,-0.62,-1.5));
#2927 = LINE('',#2928,#2929);
#2928 = CARTESIAN_POINT('',(7.18,-0.32,-3.4));
#2929 = VECTOR('',#2930,1.);
#2930 = DIRECTION('',(-1.909990663905E-17,-0.155962573473,0.987762965329
    ));
#2931 = ORIENTED_EDGE('',*,*,#2932,.T.);
#2932 = EDGE_CURVE('',#2925,#2933,#2935,.T.);
#2933 = VERTEX_POINT('',#2934);
#2934 = CARTESIAN_POINT('',(7.18,-0.32,-0.9));
#2935 = LINE('',#2936,#2937);
#2936 = CARTESIAN_POINT('',(7.18,-0.62,-1.5));
#2937 = VECTOR('',#2938,1.);
#2938 = DIRECTION('',(5.476786982641E-17,0.4472135955,0.894427191));
#2939 = ORIENTED_EDGE('',*,*,#2940,.T.);
#2940 = EDGE_CURVE('',#2933,#2941,#2943,.T.);
#2941 = VERTEX_POINT('',#2942);
#2942 = CARTESIAN_POINT('',(7.18,-0.32,3.38));
#2943 = LINE('',#2944,#2945);
#2944 = CARTESIAN_POINT('',(7.18,-0.32,-0.9));
#2945 = VECTOR('',#2946,1.);
#2946 = DIRECTION('',(0.,0.,1.));
#2947 = ORIENTED_EDGE('',*,*,#2948,.F.);
#2948 = EDGE_CURVE('',#2949,#2941,#2951,.T.);
#2949 = VERTEX_POINT('',#2950);
#2950 = CARTESIAN_POINT('',(7.18,-0.37,3.43));
#2951 = CIRCLE('',#2952,5.E-02);
#2952 = AXIS2_PLACEMENT_3D('',#2953,#2954,#2955);
#2953 = CARTESIAN_POINT('',(7.18,-0.37,3.38));
#2954 = DIRECTION('',(-1.,1.224646799147E-16,0.));
#2955 = DIRECTION('',(0.,0.,1.));
#2956 = ORIENTED_EDGE('',*,*,#2957,.T.);
#2957 = EDGE_CURVE('',#2949,#1487,#2958,.T.);
#2958 = LINE('',#2959,#2960);
#2959 = CARTESIAN_POINT('',(7.18,-0.32,3.43));
#2960 = VECTOR('',#2961,1.);
#2961 = DIRECTION('',(-1.224646799147E-16,-1.,0.));
#2962 = PLANE('',#2963);
#2963 = AXIS2_PLACEMENT_3D('',#2964,#2965,#2966);
#2964 = CARTESIAN_POINT('',(7.18,-2.46404183087,2.050076029119));
#2965 = DIRECTION('',(-1.,1.224646799147E-16,0.));
#2966 = DIRECTION('',(0.,0.,1.));
#2967 = ADVANCED_FACE('',(#2968),#2986,.F.);
#2968 = FACE_BOUND('',#2969,.F.);
#2969 = EDGE_LOOP('',(#2970,#2978,#2984,#2985));
#2970 = ORIENTED_EDGE('',*,*,#2971,.F.);
#2971 = EDGE_CURVE('',#2972,#1479,#2974,.T.);
#2972 = VERTEX_POINT('',#2973);
#2973 = CARTESIAN_POINT('',(7.82,-0.37,3.43));
#2974 = LINE('',#2975,#2976);
#2975 = CARTESIAN_POINT('',(7.82,-0.32,3.43));
#2976 = VECTOR('',#2977,1.);
#2977 = DIRECTION('',(-1.224646799147E-16,-1.,0.));
#2978 = ORIENTED_EDGE('',*,*,#2979,.T.);
#2979 = EDGE_CURVE('',#2972,#2949,#2980,.T.);
#2980 = LINE('',#2981,#2982);
#2981 = CARTESIAN_POINT('',(7.82,-0.37,3.43));
#2982 = VECTOR('',#2983,1.);
#2983 = DIRECTION('',(-1.,1.224646799147E-16,0.));
#2984 = ORIENTED_EDGE('',*,*,#2957,.T.);
#2985 = ORIENTED_EDGE('',*,*,#1486,.F.);
#2986 = PLANE('',#2987);
#2987 = AXIS2_PLACEMENT_3D('',#2988,#2989,#2990);
#2988 = CARTESIAN_POINT('',(7.82,-0.32,3.43));
#2989 = DIRECTION('',(0.,0.,1.));
#2990 = DIRECTION('',(-1.224646799147E-16,-1.,0.));
#2991 = ADVANCED_FACE('',(#2992),#3069,.F.);
#2992 = FACE_BOUND('',#2993,.F.);
#2993 = EDGE_LOOP('',(#2994,#2995,#2996,#3005,#3013,#3021,#3029,#3037,
    #3045,#3053,#3061,#3068));
#2994 = ORIENTED_EDGE('',*,*,#1478,.F.);
#2995 = ORIENTED_EDGE('',*,*,#2850,.T.);
#2996 = ORIENTED_EDGE('',*,*,#2997,.T.);
#2997 = EDGE_CURVE('',#2851,#2998,#3000,.T.);
#2998 = VERTEX_POINT('',#2999);
#2999 = CARTESIAN_POINT('',(7.82,0.32,3.38));
#3000 = CIRCLE('',#3001,0.69);
#3001 = AXIS2_PLACEMENT_3D('',#3002,#3003,#3004);
#3002 = CARTESIAN_POINT('',(7.82,-0.37,3.38));
#3003 = DIRECTION('',(-1.,1.224646799147E-16,0.));
#3004 = DIRECTION('',(0.,0.,1.));
#3005 = ORIENTED_EDGE('',*,*,#3006,.T.);
#3006 = EDGE_CURVE('',#2998,#3007,#3009,.T.);
#3007 = VERTEX_POINT('',#3008);
#3008 = CARTESIAN_POINT('',(7.82,0.32,-0.9));
#3009 = LINE('',#3010,#3011);
#3010 = CARTESIAN_POINT('',(7.82,0.32,4.07));
#3011 = VECTOR('',#3012,1.);
#3012 = DIRECTION('',(-0.,0.,-1.));
#3013 = ORIENTED_EDGE('',*,*,#3014,.T.);
#3014 = EDGE_CURVE('',#3007,#3015,#3017,.T.);
#3015 = VERTEX_POINT('',#3016);
#3016 = CARTESIAN_POINT('',(7.82,2.E-02,-1.5));
#3017 = LINE('',#3018,#3019);
#3018 = CARTESIAN_POINT('',(7.82,0.32,-0.9));
#3019 = VECTOR('',#3020,1.);
#3020 = DIRECTION('',(-5.476786982641E-17,-0.4472135955,-0.894427191));
#3021 = ORIENTED_EDGE('',*,*,#3022,.T.);
#3022 = EDGE_CURVE('',#3015,#3023,#3025,.T.);
#3023 = VERTEX_POINT('',#3024);
#3024 = CARTESIAN_POINT('',(7.82,0.288421052632,-3.2));
#3025 = LINE('',#3026,#3027);
#3026 = CARTESIAN_POINT('',(7.82,2.E-02,-1.5));
#3027 = VECTOR('',#3028,1.);
#3028 = DIRECTION('',(1.909990663905E-17,0.155962573473,-0.987762965329)
  );
#3029 = ORIENTED_EDGE('',*,*,#3030,.T.);
#3030 = EDGE_CURVE('',#3023,#3031,#3033,.T.);
#3031 = VERTEX_POINT('',#3032);
#3032 = CARTESIAN_POINT('',(7.82,-0.351578947368,-3.2));
#3033 = LINE('',#3034,#3035);
#3034 = CARTESIAN_POINT('',(7.82,0.32,-3.2));
#3035 = VECTOR('',#3036,1.);
#3036 = DIRECTION('',(-1.224646799147E-16,-1.,0.));
#3037 = ORIENTED_EDGE('',*,*,#3038,.T.);
#3038 = EDGE_CURVE('',#3031,#3039,#3041,.T.);
#3039 = VERTEX_POINT('',#3040);
#3040 = CARTESIAN_POINT('',(7.82,-0.62,-1.5));
#3041 = LINE('',#3042,#3043);
#3042 = CARTESIAN_POINT('',(7.82,-0.32,-3.4));
#3043 = VECTOR('',#3044,1.);
#3044 = DIRECTION('',(-1.909990663905E-17,-0.155962573473,0.987762965329
    ));
#3045 = ORIENTED_EDGE('',*,*,#3046,.T.);
#3046 = EDGE_CURVE('',#3039,#3047,#3049,.T.);
#3047 = VERTEX_POINT('',#3048);
#3048 = CARTESIAN_POINT('',(7.82,-0.32,-0.9));
#3049 = LINE('',#3050,#3051);
#3050 = CARTESIAN_POINT('',(7.82,-0.62,-1.5));
#3051 = VECTOR('',#3052,1.);
#3052 = DIRECTION('',(5.476786982641E-17,0.4472135955,0.894427191));
#3053 = ORIENTED_EDGE('',*,*,#3054,.T.);
#3054 = EDGE_CURVE('',#3047,#3055,#3057,.T.);
#3055 = VERTEX_POINT('',#3056);
#3056 = CARTESIAN_POINT('',(7.82,-0.32,3.38));
#3057 = LINE('',#3058,#3059);
#3058 = CARTESIAN_POINT('',(7.82,-0.32,-0.9));
#3059 = VECTOR('',#3060,1.);
#3060 = DIRECTION('',(0.,0.,1.));
#3061 = ORIENTED_EDGE('',*,*,#3062,.F.);
#3062 = EDGE_CURVE('',#2972,#3055,#3063,.T.);
#3063 = CIRCLE('',#3064,5.E-02);
#3064 = AXIS2_PLACEMENT_3D('',#3065,#3066,#3067);
#3065 = CARTESIAN_POINT('',(7.82,-0.37,3.38));
#3066 = DIRECTION('',(-1.,1.224646799147E-16,0.));
#3067 = DIRECTION('',(0.,0.,1.));
#3068 = ORIENTED_EDGE('',*,*,#2971,.T.);
#3069 = PLANE('',#3070);
#3070 = AXIS2_PLACEMENT_3D('',#3071,#3072,#3073);
#3071 = CARTESIAN_POINT('',(7.82,-2.46404183087,2.050076029119));
#3072 = DIRECTION('',(-1.,1.224646799147E-16,0.));
#3073 = DIRECTION('',(0.,0.,1.));
#3074 = ADVANCED_FACE('',(#3075),#3094,.F.);
#3075 = FACE_BOUND('',#3076,.F.);
#3076 = EDGE_LOOP('',(#3077,#3085,#3092,#3093));
#3077 = ORIENTED_EDGE('',*,*,#3078,.T.);
#3078 = EDGE_CURVE('',#1567,#3079,#3081,.T.);
#3079 = VERTEX_POINT('',#3080);
#3080 = CARTESIAN_POINT('',(9.1,-5.85,4.75));
#3081 = LINE('',#3082,#3083);
#3082 = CARTESIAN_POINT('',(9.95,-5.85,4.75));
#3083 = VECTOR('',#3084,1.);
#3084 = DIRECTION('',(-1.,1.224646799147E-16,0.));
#3085 = ORIENTED_EDGE('',*,*,#3086,.T.);
#3086 = EDGE_CURVE('',#3079,#1989,#3087,.T.);
#3087 = CIRCLE('',#3088,0.5);
#3088 = AXIS2_PLACEMENT_3D('',#3089,#3090,#3091);
#3089 = CARTESIAN_POINT('',(9.1,-6.35,4.75));
#3090 = DIRECTION('',(1.,-1.224646799147E-16,0.));
#3091 = DIRECTION('',(1.359631073446E-32,1.110223024625E-16,1.));
#3092 = ORIENTED_EDGE('',*,*,#1996,.F.);
#3093 = ORIENTED_EDGE('',*,*,#1566,.T.);
#3094 = CYLINDRICAL_SURFACE('',#3095,0.5);
#3095 = AXIS2_PLACEMENT_3D('',#3096,#3097,#3098);
#3096 = CARTESIAN_POINT('',(9.95,-6.35,4.75));
#3097 = DIRECTION('',(1.,-1.224646799147E-16,0.));
#3098 = DIRECTION('',(1.359631073446E-32,1.110223024625E-16,1.));
#3099 = ADVANCED_FACE('',(#3100),#3111,.T.);
#3100 = FACE_BOUND('',#3101,.T.);
#3101 = EDGE_LOOP('',(#3102,#3103,#3104,#3110));
#3102 = ORIENTED_EDGE('',*,*,#1575,.F.);
#3103 = ORIENTED_EDGE('',*,*,#3078,.T.);
#3104 = ORIENTED_EDGE('',*,*,#3105,.T.);
#3105 = EDGE_CURVE('',#3079,#1702,#3106,.T.);
#3106 = LINE('',#3107,#3108);
#3107 = CARTESIAN_POINT('',(9.1,-5.85,2.925));
#3108 = VECTOR('',#3109,1.);
#3109 = DIRECTION('',(-1.359631073447E-32,-1.110223024625E-16,-1.));
#3110 = ORIENTED_EDGE('',*,*,#1701,.F.);
#3111 = PLANE('',#3112);
#3112 = AXIS2_PLACEMENT_3D('',#3113,#3114,#3115);
#3113 = CARTESIAN_POINT('',(9.95,-5.85,4.75));
#3114 = DIRECTION('',(-1.224646799147E-16,-1.,1.110223024625E-16));
#3115 = DIRECTION('',(-1.359631073447E-32,-1.110223024625E-16,-1.));
#3116 = ADVANCED_FACE('',(#3117),#3138,.F.);
#3117 = FACE_BOUND('',#3118,.F.);
#3118 = EDGE_LOOP('',(#3119,#3120,#3121,#3122,#3123,#3131,#3137));
#3119 = ORIENTED_EDGE('',*,*,#1657,.T.);
#3120 = ORIENTED_EDGE('',*,*,#1784,.T.);
#3121 = ORIENTED_EDGE('',*,*,#1818,.T.);
#3122 = ORIENTED_EDGE('',*,*,#1972,.T.);
#3123 = ORIENTED_EDGE('',*,*,#3124,.T.);
#3124 = EDGE_CURVE('',#1973,#3125,#3127,.T.);
#3125 = VERTEX_POINT('',#3126);
#3126 = CARTESIAN_POINT('',(-1.6,-4.05,1.1));
#3127 = LINE('',#3128,#3129);
#3128 = CARTESIAN_POINT('',(-1.6,-4.05,5.25));
#3129 = VECTOR('',#3130,1.);
#3130 = DIRECTION('',(-1.359631073447E-32,-1.110223024625E-16,-1.));
#3131 = ORIENTED_EDGE('',*,*,#3132,.F.);
#3132 = EDGE_CURVE('',#1636,#3125,#3133,.T.);
#3133 = LINE('',#3134,#3135);
#3134 = CARTESIAN_POINT('',(-1.6,-9.2,1.1));
#3135 = VECTOR('',#3136,1.);
#3136 = DIRECTION('',(1.224646799147E-16,1.,-1.110223024625E-16));
#3137 = ORIENTED_EDGE('',*,*,#1643,.F.);
#3138 = PLANE('',#3139);
#3139 = AXIS2_PLACEMENT_3D('',#3140,#3141,#3142);
#3140 = CARTESIAN_POINT('',(-1.6,-9.2,5.25));
#3141 = DIRECTION('',(-1.,1.224646799147E-16,0.));
#3142 = DIRECTION('',(-1.359631073446E-32,-1.110223024625E-16,-1.));
#3143 = ADVANCED_FACE('',(#3144),#3165,.F.);
#3144 = FACE_BOUND('',#3145,.F.);
#3145 = EDGE_LOOP('',(#3146,#3147,#3148,#3156,#3162,#3163,#3164));
#3146 = ORIENTED_EDGE('',*,*,#1709,.T.);
#3147 = ORIENTED_EDGE('',*,*,#1741,.F.);
#3148 = ORIENTED_EDGE('',*,*,#3149,.T.);
#3149 = EDGE_CURVE('',#1732,#3150,#3152,.T.);
#3150 = VERTEX_POINT('',#3151);
#3151 = CARTESIAN_POINT('',(9.1,-4.05,1.1));
#3152 = LINE('',#3153,#3154);
#3153 = CARTESIAN_POINT('',(9.1,-9.2,1.1));
#3154 = VECTOR('',#3155,1.);
#3155 = DIRECTION('',(1.224646799147E-16,1.,-1.110223024625E-16));
#3156 = ORIENTED_EDGE('',*,*,#3157,.T.);
#3157 = EDGE_CURVE('',#3150,#1981,#3158,.T.);
#3158 = LINE('',#3159,#3160);
#3159 = CARTESIAN_POINT('',(9.1,-4.05,1.1));
#3160 = VECTOR('',#3161,1.);
#3161 = DIRECTION('',(1.359631073447E-32,1.110223024625E-16,1.));
#3162 = ORIENTED_EDGE('',*,*,#1988,.F.);
#3163 = ORIENTED_EDGE('',*,*,#3086,.F.);
#3164 = ORIENTED_EDGE('',*,*,#3105,.T.);
#3165 = PLANE('',#3166);
#3166 = AXIS2_PLACEMENT_3D('',#3167,#3168,#3169);
#3167 = CARTESIAN_POINT('',(9.1,-9.2,1.1));
#3168 = DIRECTION('',(1.,-1.224646799147E-16,0.));
#3169 = DIRECTION('',(1.359631073446E-32,1.110223024625E-16,1.));
#3170 = ADVANCED_FACE('',(#3171),#3182,.F.);
#3171 = FACE_BOUND('',#3172,.F.);
#3172 = EDGE_LOOP('',(#3173,#3174,#3180,#3181));
#3173 = ORIENTED_EDGE('',*,*,#3132,.T.);
#3174 = ORIENTED_EDGE('',*,*,#3175,.T.);
#3175 = EDGE_CURVE('',#3125,#3150,#3176,.T.);
#3176 = LINE('',#3177,#3178);
#3177 = CARTESIAN_POINT('',(-1.6,-4.05,1.1));
#3178 = VECTOR('',#3179,1.);
#3179 = DIRECTION('',(1.,-1.224646799147E-16,0.));
#3180 = ORIENTED_EDGE('',*,*,#3149,.F.);
#3181 = ORIENTED_EDGE('',*,*,#1758,.F.);
#3182 = PLANE('',#3183);
#3183 = AXIS2_PLACEMENT_3D('',#3184,#3185,#3186);
#3184 = CARTESIAN_POINT('',(-1.6,-9.2,1.1));
#3185 = DIRECTION('',(-1.359631073447E-32,-1.110223024625E-16,-1.));
#3186 = DIRECTION('',(1.,-1.224646799147E-16,-6.927121900793E-45));
#3187 = ADVANCED_FACE('',(#3188,#3194,#3228,#3262,#3296),#3330,.T.);
#3188 = FACE_BOUND('',#3189,.T.);
#3189 = EDGE_LOOP('',(#3190,#3191,#3192,#3193));
#3190 = ORIENTED_EDGE('',*,*,#1980,.T.);
#3191 = ORIENTED_EDGE('',*,*,#3124,.T.);
#3192 = ORIENTED_EDGE('',*,*,#3175,.T.);
#3193 = ORIENTED_EDGE('',*,*,#3157,.T.);
#3194 = FACE_BOUND('',#3195,.T.);
#3195 = EDGE_LOOP('',(#3196,#3206,#3214,#3222));
#3196 = ORIENTED_EDGE('',*,*,#3197,.F.);
#3197 = EDGE_CURVE('',#3198,#3200,#3202,.T.);
#3198 = VERTEX_POINT('',#3199);
#3199 = CARTESIAN_POINT('',(-0.32,-4.05,4.07));
#3200 = VERTEX_POINT('',#3201);
#3201 = CARTESIAN_POINT('',(-0.32,-4.05,3.43));
#3202 = LINE('',#3203,#3204);
#3203 = CARTESIAN_POINT('',(-0.32,-4.05,2.612538014559));
#3204 = VECTOR('',#3205,1.);
#3205 = DIRECTION('',(-1.359631073447E-32,-1.110223024625E-16,-1.));
#3206 = ORIENTED_EDGE('',*,*,#3207,.T.);
#3207 = EDGE_CURVE('',#3198,#3208,#3210,.T.);
#3208 = VERTEX_POINT('',#3209);
#3209 = CARTESIAN_POINT('',(0.32,-4.05,4.07));
#3210 = LINE('',#3211,#3212);
#3211 = CARTESIAN_POINT('',(2.035,-4.05,4.07));
#3212 = VECTOR('',#3213,1.);
#3213 = DIRECTION('',(1.,-1.224646799147E-16,0.));
#3214 = ORIENTED_EDGE('',*,*,#3215,.T.);
#3215 = EDGE_CURVE('',#3208,#3216,#3218,.T.);
#3216 = VERTEX_POINT('',#3217);
#3217 = CARTESIAN_POINT('',(0.32,-4.05,3.43));
#3218 = LINE('',#3219,#3220);
#3219 = CARTESIAN_POINT('',(0.32,-4.05,2.612538014559));
#3220 = VECTOR('',#3221,1.);
#3221 = DIRECTION('',(-1.359631073447E-32,-1.110223024625E-16,-1.));
#3222 = ORIENTED_EDGE('',*,*,#3223,.T.);
#3223 = EDGE_CURVE('',#3216,#3200,#3224,.T.);
#3224 = LINE('',#3225,#3226);
#3225 = CARTESIAN_POINT('',(2.035,-4.05,3.43));
#3226 = VECTOR('',#3227,1.);
#3227 = DIRECTION('',(-1.,1.224646799147E-16,0.));
#3228 = FACE_BOUND('',#3229,.T.);
#3229 = EDGE_LOOP('',(#3230,#3240,#3248,#3256));
#3230 = ORIENTED_EDGE('',*,*,#3231,.F.);
#3231 = EDGE_CURVE('',#3232,#3234,#3236,.T.);
#3232 = VERTEX_POINT('',#3233);
#3233 = CARTESIAN_POINT('',(4.68,-4.05,4.07));
#3234 = VERTEX_POINT('',#3235);
#3235 = CARTESIAN_POINT('',(4.68,-4.05,3.43));
#3236 = LINE('',#3237,#3238);
#3237 = CARTESIAN_POINT('',(4.68,-4.05,2.622728926622));
#3238 = VECTOR('',#3239,1.);
#3239 = DIRECTION('',(-1.359631073447E-32,-1.110223024625E-16,-1.));
#3240 = ORIENTED_EDGE('',*,*,#3241,.T.);
#3241 = EDGE_CURVE('',#3232,#3242,#3244,.T.);
#3242 = VERTEX_POINT('',#3243);
#3243 = CARTESIAN_POINT('',(5.32,-4.05,4.07));
#3244 = LINE('',#3245,#3246);
#3245 = CARTESIAN_POINT('',(4.535,-4.05,4.07));
#3246 = VECTOR('',#3247,1.);
#3247 = DIRECTION('',(1.,-1.224646799147E-16,0.));
#3248 = ORIENTED_EDGE('',*,*,#3249,.T.);
#3249 = EDGE_CURVE('',#3242,#3250,#3252,.T.);
#3250 = VERTEX_POINT('',#3251);
#3251 = CARTESIAN_POINT('',(5.32,-4.05,3.43));
#3252 = LINE('',#3253,#3254);
#3253 = CARTESIAN_POINT('',(5.32,-4.05,2.622728926622));
#3254 = VECTOR('',#3255,1.);
#3255 = DIRECTION('',(-1.359631073447E-32,-1.110223024625E-16,-1.));
#3256 = ORIENTED_EDGE('',*,*,#3257,.T.);
#3257 = EDGE_CURVE('',#3250,#3234,#3258,.T.);
#3258 = LINE('',#3259,#3260);
#3259 = CARTESIAN_POINT('',(4.535,-4.05,3.43));
#3260 = VECTOR('',#3261,1.);
#3261 = DIRECTION('',(-1.,1.224646799147E-16,0.));
#3262 = FACE_BOUND('',#3263,.T.);
#3263 = EDGE_LOOP('',(#3264,#3274,#3282,#3290));
#3264 = ORIENTED_EDGE('',*,*,#3265,.T.);
#3265 = EDGE_CURVE('',#3266,#3268,#3270,.T.);
#3266 = VERTEX_POINT('',#3267);
#3267 = CARTESIAN_POINT('',(2.18,-4.05,4.07));
#3268 = VERTEX_POINT('',#3269);
#3269 = CARTESIAN_POINT('',(2.82,-4.05,4.07));
#3270 = LINE('',#3271,#3272);
#3271 = CARTESIAN_POINT('',(3.285,-4.05,4.07));
#3272 = VECTOR('',#3273,1.);
#3273 = DIRECTION('',(1.,-1.224646799147E-16,0.));
#3274 = ORIENTED_EDGE('',*,*,#3275,.T.);
#3275 = EDGE_CURVE('',#3268,#3276,#3278,.T.);
#3276 = VERTEX_POINT('',#3277);
#3277 = CARTESIAN_POINT('',(2.82,-4.05,3.43));
#3278 = LINE('',#3279,#3280);
#3279 = CARTESIAN_POINT('',(2.82,-4.05,2.622728926622));
#3280 = VECTOR('',#3281,1.);
#3281 = DIRECTION('',(-1.359631073447E-32,-1.110223024625E-16,-1.));
#3282 = ORIENTED_EDGE('',*,*,#3283,.T.);
#3283 = EDGE_CURVE('',#3276,#3284,#3286,.T.);
#3284 = VERTEX_POINT('',#3285);
#3285 = CARTESIAN_POINT('',(2.18,-4.05,3.43));
#3286 = LINE('',#3287,#3288);
#3287 = CARTESIAN_POINT('',(3.285,-4.05,3.43));
#3288 = VECTOR('',#3289,1.);
#3289 = DIRECTION('',(-1.,1.224646799147E-16,0.));
#3290 = ORIENTED_EDGE('',*,*,#3291,.F.);
#3291 = EDGE_CURVE('',#3266,#3284,#3292,.T.);
#3292 = LINE('',#3293,#3294);
#3293 = CARTESIAN_POINT('',(2.18,-4.05,2.622728926622));
#3294 = VECTOR('',#3295,1.);
#3295 = DIRECTION('',(-1.359631073447E-32,-1.110223024625E-16,-1.));
#3296 = FACE_BOUND('',#3297,.T.);
#3297 = EDGE_LOOP('',(#3298,#3308,#3316,#3324));
#3298 = ORIENTED_EDGE('',*,*,#3299,.T.);
#3299 = EDGE_CURVE('',#3300,#3302,#3304,.T.);
#3300 = VERTEX_POINT('',#3301);
#3301 = CARTESIAN_POINT('',(7.18,-4.05,4.07));
#3302 = VERTEX_POINT('',#3303);
#3303 = CARTESIAN_POINT('',(7.82,-4.05,4.07));
#3304 = LINE('',#3305,#3306);
#3305 = CARTESIAN_POINT('',(5.785,-4.05,4.07));
#3306 = VECTOR('',#3307,1.);
#3307 = DIRECTION('',(1.,-1.224646799147E-16,0.));
#3308 = ORIENTED_EDGE('',*,*,#3309,.T.);
#3309 = EDGE_CURVE('',#3302,#3310,#3312,.T.);
#3310 = VERTEX_POINT('',#3311);
#3311 = CARTESIAN_POINT('',(7.82,-4.05,3.43));
#3312 = LINE('',#3313,#3314);
#3313 = CARTESIAN_POINT('',(7.82,-4.05,2.612538014559));
#3314 = VECTOR('',#3315,1.);
#3315 = DIRECTION('',(-1.359631073447E-32,-1.110223024625E-16,-1.));
#3316 = ORIENTED_EDGE('',*,*,#3317,.T.);
#3317 = EDGE_CURVE('',#3310,#3318,#3320,.T.);
#3318 = VERTEX_POINT('',#3319);
#3319 = CARTESIAN_POINT('',(7.18,-4.05,3.43));
#3320 = LINE('',#3321,#3322);
#3321 = CARTESIAN_POINT('',(5.785,-4.05,3.43));
#3322 = VECTOR('',#3323,1.);
#3323 = DIRECTION('',(-1.,1.224646799147E-16,0.));
#3324 = ORIENTED_EDGE('',*,*,#3325,.F.);
#3325 = EDGE_CURVE('',#3300,#3318,#3326,.T.);
#3326 = LINE('',#3327,#3328);
#3327 = CARTESIAN_POINT('',(7.18,-4.05,2.612538014559));
#3328 = VECTOR('',#3329,1.);
#3329 = DIRECTION('',(-1.359631073447E-32,-1.110223024625E-16,-1.));
#3330 = PLANE('',#3331);
#3331 = AXIS2_PLACEMENT_3D('',#3332,#3333,#3334);
#3332 = CARTESIAN_POINT('',(3.75,-4.05,3.175));
#3333 = DIRECTION('',(-1.224646799147E-16,-1.,1.110223024625E-16));
#3334 = DIRECTION('',(-1.,1.224646799147E-16,0.));
#3335 = ADVANCED_FACE('',(#3336),#3347,.F.);
#3336 = FACE_BOUND('',#3337,.F.);
#3337 = EDGE_LOOP('',(#3338,#3339,#3345,#3346));
#3338 = ORIENTED_EDGE('',*,*,#2489,.T.);
#3339 = ORIENTED_EDGE('',*,*,#3340,.T.);
#3340 = EDGE_CURVE('',#2482,#2361,#3341,.T.);
#3341 = LINE('',#3342,#3343);
#3342 = CARTESIAN_POINT('',(0.32,-0.32,3.38));
#3343 = VECTOR('',#3344,1.);
#3344 = DIRECTION('',(-1.,1.224646799147E-16,0.));
#3345 = ORIENTED_EDGE('',*,*,#2368,.F.);
#3346 = ORIENTED_EDGE('',*,*,#2399,.F.);
#3347 = CYLINDRICAL_SURFACE('',#3348,5.E-02);
#3348 = AXIS2_PLACEMENT_3D('',#3349,#3350,#3351);
#3349 = CARTESIAN_POINT('',(0.32,-0.37,3.38));
#3350 = DIRECTION('',(-1.,1.224646799147E-16,0.));
#3351 = DIRECTION('',(0.,0.,1.));
#3352 = ADVANCED_FACE('',(#3353),#3364,.F.);
#3353 = FACE_BOUND('',#3354,.F.);
#3354 = EDGE_LOOP('',(#3355,#3356,#3362,#3363));
#3355 = ORIENTED_EDGE('',*,*,#2481,.F.);
#3356 = ORIENTED_EDGE('',*,*,#3357,.T.);
#3357 = EDGE_CURVE('',#2474,#2353,#3358,.T.);
#3358 = LINE('',#3359,#3360);
#3359 = CARTESIAN_POINT('',(0.32,-0.32,-0.9));
#3360 = VECTOR('',#3361,1.);
#3361 = DIRECTION('',(-1.,1.224646799147E-16,0.));
#3362 = ORIENTED_EDGE('',*,*,#2360,.T.);
#3363 = ORIENTED_EDGE('',*,*,#3340,.F.);
#3364 = PLANE('',#3365);
#3365 = AXIS2_PLACEMENT_3D('',#3366,#3367,#3368);
#3366 = CARTESIAN_POINT('',(0.32,-0.32,-0.9));
#3367 = DIRECTION('',(1.224646799147E-16,1.,0.));
#3368 = DIRECTION('',(0.,-0.,1.));
#3369 = ADVANCED_FACE('',(#3370),#3381,.F.);
#3370 = FACE_BOUND('',#3371,.F.);
#3371 = EDGE_LOOP('',(#3372,#3378,#3379,#3380));
#3372 = ORIENTED_EDGE('',*,*,#3373,.T.);
#3373 = EDGE_CURVE('',#2466,#2345,#3374,.T.);
#3374 = LINE('',#3375,#3376);
#3375 = CARTESIAN_POINT('',(0.32,-0.62,-1.5));
#3376 = VECTOR('',#3377,1.);
#3377 = DIRECTION('',(-1.,1.224646799147E-16,0.));
#3378 = ORIENTED_EDGE('',*,*,#2352,.T.);
#3379 = ORIENTED_EDGE('',*,*,#3357,.F.);
#3380 = ORIENTED_EDGE('',*,*,#2473,.F.);
#3381 = PLANE('',#3382);
#3382 = AXIS2_PLACEMENT_3D('',#3383,#3384,#3385);
#3383 = CARTESIAN_POINT('',(0.32,-0.62,-1.5));
#3384 = DIRECTION('',(1.095357396528E-16,0.894427191,-0.4472135955));
#3385 = DIRECTION('',(5.476786982641E-17,0.4472135955,0.894427191));
#3386 = ADVANCED_FACE('',(#3387),#3414,.F.);
#3387 = FACE_BOUND('',#3388,.F.);
#3388 = EDGE_LOOP('',(#3389,#3390,#3398,#3406,#3412,#3413));
#3389 = ORIENTED_EDGE('',*,*,#2465,.F.);
#3390 = ORIENTED_EDGE('',*,*,#3391,.F.);
#3391 = EDGE_CURVE('',#3392,#2458,#3394,.T.);
#3392 = VERTEX_POINT('',#3393);
#3393 = CARTESIAN_POINT('',(0.317552593066,-0.351192514695,
    -3.202447406934));
#3394 = LINE('',#3395,#3396);
#3395 = CARTESIAN_POINT('',(0.193816689466,-0.331655266758,
    -3.326183310534));
#3396 = VECTOR('',#3397,1.);
#3397 = DIRECTION('',(0.702740385383,-0.110959008218,0.702740385383));
#3398 = ORIENTED_EDGE('',*,*,#3399,.T.);
#3399 = EDGE_CURVE('',#3392,#3400,#3402,.T.);
#3400 = VERTEX_POINT('',#3401);
#3401 = CARTESIAN_POINT('',(-0.317552593066,-0.351192514695,
    -3.202447406934));
#3402 = LINE('',#3403,#3404);
#3403 = CARTESIAN_POINT('',(0.32,-0.351192514695,-3.202447406934));
#3404 = VECTOR('',#3405,1.);
#3405 = DIRECTION('',(-1.,1.224646799147E-16,0.));
#3406 = ORIENTED_EDGE('',*,*,#3407,.T.);
#3407 = EDGE_CURVE('',#3400,#2337,#3408,.T.);
#3408 = LINE('',#3409,#3410);
#3409 = CARTESIAN_POINT('',(-3.578659370725E-02,-0.306703146375,
    -3.484213406293));
#3410 = VECTOR('',#3411,1.);
#3411 = DIRECTION('',(-0.702740385383,-0.110959008218,0.702740385383));
#3412 = ORIENTED_EDGE('',*,*,#2344,.T.);
#3413 = ORIENTED_EDGE('',*,*,#3373,.F.);
#3414 = PLANE('',#3415);
#3415 = AXIS2_PLACEMENT_3D('',#3416,#3417,#3418);
#3416 = CARTESIAN_POINT('',(0.32,-0.32,-3.4));
#3417 = DIRECTION('',(1.209660753807E-16,0.987762965329,0.155962573473)
  );
#3418 = DIRECTION('',(-1.909990663905E-17,-0.155962573473,0.987762965329
    ));
#3419 = ADVANCED_FACE('',(#3420),#3454,.F.);
#3420 = FACE_BOUND('',#3421,.T.);
#3421 = EDGE_LOOP('',(#3422,#3432,#3440,#3446,#3447,#3448));
#3422 = ORIENTED_EDGE('',*,*,#3423,.F.);
#3423 = EDGE_CURVE('',#3424,#3426,#3428,.T.);
#3424 = VERTEX_POINT('',#3425);
#3425 = CARTESIAN_POINT('',(-0.12,0.12,-3.4));
#3426 = VERTEX_POINT('',#3427);
#3427 = CARTESIAN_POINT('',(-0.317552593066,0.288807485305,
    -3.202447406934));
#3428 = LINE('',#3429,#3430);
#3429 = CARTESIAN_POINT('',(-0.138643150189,0.135930458076,
    -3.381356849811));
#3430 = VECTOR('',#3431,1.);
#3431 = DIRECTION('',(-0.605209817607,0.517148096144,0.605209817607));
#3432 = ORIENTED_EDGE('',*,*,#3433,.T.);
#3433 = EDGE_CURVE('',#3424,#3434,#3436,.T.);
#3434 = VERTEX_POINT('',#3435);
#3435 = CARTESIAN_POINT('',(-0.12,-0.12,-3.4));
#3436 = LINE('',#3437,#3438);
#3437 = CARTESIAN_POINT('',(-0.12,0.32,-3.4));
#3438 = VECTOR('',#3439,1.);
#3439 = DIRECTION('',(-1.224646799147E-16,-1.,0.));
#3440 = ORIENTED_EDGE('',*,*,#3441,.T.);
#3441 = EDGE_CURVE('',#3434,#3400,#3442,.T.);
#3442 = LINE('',#3443,#3444);
#3443 = CARTESIAN_POINT('',(-4.270986134977E-02,-2.95486359438E-02,
    -3.47729013865));
#3444 = VECTOR('',#3445,1.);
#3445 = DIRECTION('',(-0.544770019249,-0.63753529491,0.544770019249));
#3446 = ORIENTED_EDGE('',*,*,#3407,.T.);
#3447 = ORIENTED_EDGE('',*,*,#2336,.F.);
#3448 = ORIENTED_EDGE('',*,*,#3449,.F.);
#3449 = EDGE_CURVE('',#3426,#2329,#3450,.T.);
#3450 = LINE('',#3451,#3452);
#3451 = CARTESIAN_POINT('',(-0.541586867305,0.253433652531,
    -2.978413132695));
#3452 = VECTOR('',#3453,1.);
#3453 = DIRECTION('',(-0.702740385383,-0.110959008218,0.702740385383));
#3454 = PLANE('',#3455);
#3455 = AXIS2_PLACEMENT_3D('',#3456,#3457,#3458);
#3456 = CARTESIAN_POINT('',(-0.22,0.32,-3.3));
#3457 = DIRECTION('',(0.707106781187,-8.833102285013E-17,0.707106781187)
  );
#3458 = DIRECTION('',(1.236918052038E-16,1.,1.227125289097E-18));
#3459 = ADVANCED_FACE('',(#3460),#3485,.F.);
#3460 = FACE_BOUND('',#3461,.F.);
#3461 = EDGE_LOOP('',(#3462,#3463,#3469,#3470,#3471,#3479));
#3462 = ORIENTED_EDGE('',*,*,#2449,.F.);
#3463 = ORIENTED_EDGE('',*,*,#3464,.T.);
#3464 = EDGE_CURVE('',#2442,#2321,#3465,.T.);
#3465 = LINE('',#3466,#3467);
#3466 = CARTESIAN_POINT('',(0.32,2.E-02,-1.5));
#3467 = VECTOR('',#3468,1.);
#3468 = DIRECTION('',(-1.,1.224646799147E-16,0.));
#3469 = ORIENTED_EDGE('',*,*,#2328,.T.);
#3470 = ORIENTED_EDGE('',*,*,#3449,.F.);
#3471 = ORIENTED_EDGE('',*,*,#3472,.F.);
#3472 = EDGE_CURVE('',#3473,#3426,#3475,.T.);
#3473 = VERTEX_POINT('',#3474);
#3474 = CARTESIAN_POINT('',(0.317552593066,0.288807485305,
    -3.202447406934));
#3475 = LINE('',#3476,#3477);
#3476 = CARTESIAN_POINT('',(0.32,0.288807485305,-3.202447406934));
#3477 = VECTOR('',#3478,1.);
#3478 = DIRECTION('',(-1.,1.224646799147E-16,0.));
#3479 = ORIENTED_EDGE('',*,*,#3480,.T.);
#3480 = EDGE_CURVE('',#3473,#2450,#3481,.T.);
#3481 = LINE('',#3482,#3483);
#3482 = CARTESIAN_POINT('',(0.699616963064,0.228481532148,
    -2.820383036936));
#3483 = VECTOR('',#3484,1.);
#3484 = DIRECTION('',(0.702740385383,-0.110959008218,0.702740385383));
#3485 = PLANE('',#3486);
#3486 = AXIS2_PLACEMENT_3D('',#3487,#3488,#3489);
#3487 = CARTESIAN_POINT('',(0.32,2.E-02,-1.5));
#3488 = DIRECTION('',(-1.209660753807E-16,-0.987762965329,
    -0.155962573473));
#3489 = DIRECTION('',(1.909990663905E-17,0.155962573473,-0.987762965329)
  );
#3490 = ADVANCED_FACE('',(#3491),#3502,.F.);
#3491 = FACE_BOUND('',#3492,.F.);
#3492 = EDGE_LOOP('',(#3493,#3499,#3500,#3501));
#3493 = ORIENTED_EDGE('',*,*,#3494,.T.);
#3494 = EDGE_CURVE('',#2434,#2313,#3495,.T.);
#3495 = LINE('',#3496,#3497);
#3496 = CARTESIAN_POINT('',(0.32,0.32,-0.9));
#3497 = VECTOR('',#3498,1.);
#3498 = DIRECTION('',(-1.,1.224646799147E-16,0.));
#3499 = ORIENTED_EDGE('',*,*,#2320,.T.);
#3500 = ORIENTED_EDGE('',*,*,#3464,.F.);
#3501 = ORIENTED_EDGE('',*,*,#2441,.F.);
#3502 = PLANE('',#3503);
#3503 = AXIS2_PLACEMENT_3D('',#3504,#3505,#3506);
#3504 = CARTESIAN_POINT('',(0.32,0.32,-0.9));
#3505 = DIRECTION('',(-1.095357396528E-16,-0.894427191,0.4472135955));
#3506 = DIRECTION('',(-5.476786982641E-17,-0.4472135955,-0.894427191));
#3507 = ADVANCED_FACE('',(#3508),#3519,.F.);
#3508 = FACE_BOUND('',#3509,.F.);
#3509 = EDGE_LOOP('',(#3510,#3511,#3517,#3518));
#3510 = ORIENTED_EDGE('',*,*,#2433,.F.);
#3511 = ORIENTED_EDGE('',*,*,#3512,.T.);
#3512 = EDGE_CURVE('',#2425,#2304,#3513,.T.);
#3513 = LINE('',#3514,#3515);
#3514 = CARTESIAN_POINT('',(0.32,0.32,3.38));
#3515 = VECTOR('',#3516,1.);
#3516 = DIRECTION('',(-1.,1.224646799147E-16,0.));
#3517 = ORIENTED_EDGE('',*,*,#2312,.T.);
#3518 = ORIENTED_EDGE('',*,*,#3494,.F.);
#3519 = PLANE('',#3520);
#3520 = AXIS2_PLACEMENT_3D('',#3521,#3522,#3523);
#3521 = CARTESIAN_POINT('',(0.32,0.32,4.07));
#3522 = DIRECTION('',(-1.224646799147E-16,-1.,0.));
#3523 = DIRECTION('',(-0.,0.,-1.));
#3524 = ADVANCED_FACE('',(#3525),#3531,.T.);
#3525 = FACE_BOUND('',#3526,.T.);
#3526 = EDGE_LOOP('',(#3527,#3528,#3529,#3530));
#3527 = ORIENTED_EDGE('',*,*,#2424,.T.);
#3528 = ORIENTED_EDGE('',*,*,#3512,.T.);
#3529 = ORIENTED_EDGE('',*,*,#2303,.F.);
#3530 = ORIENTED_EDGE('',*,*,#2508,.F.);
#3531 = CYLINDRICAL_SURFACE('',#3532,0.69);
#3532 = AXIS2_PLACEMENT_3D('',#3533,#3534,#3535);
#3533 = CARTESIAN_POINT('',(0.32,-0.37,3.38));
#3534 = DIRECTION('',(-1.,1.224646799147E-16,0.));
#3535 = DIRECTION('',(0.,0.,1.));
#3536 = ADVANCED_FACE('',(#3537),#3564,.T.);
#3537 = FACE_BOUND('',#3538,.F.);
#3538 = EDGE_LOOP('',(#3539,#3547,#3555,#3561,#3562,#3563));
#3539 = ORIENTED_EDGE('',*,*,#3540,.F.);
#3540 = EDGE_CURVE('',#3541,#3473,#3543,.T.);
#3541 = VERTEX_POINT('',#3542);
#3542 = CARTESIAN_POINT('',(0.12,0.12,-3.4));
#3543 = LINE('',#3544,#3545);
#3544 = CARTESIAN_POINT('',(0.255852405654,0.236085051658,
    -3.264147594346));
#3545 = VECTOR('',#3546,1.);
#3546 = DIRECTION('',(0.605209817607,0.517148096144,0.605209817607));
#3547 = ORIENTED_EDGE('',*,*,#3548,.T.);
#3548 = EDGE_CURVE('',#3541,#3549,#3551,.T.);
#3549 = VERTEX_POINT('',#3550);
#3550 = CARTESIAN_POINT('',(0.12,-0.12,-3.4));
#3551 = LINE('',#3552,#3553);
#3552 = CARTESIAN_POINT('',(0.12,0.32,-3.4));
#3553 = VECTOR('',#3554,1.);
#3554 = DIRECTION('',(-1.224646799147E-16,-1.,0.));
#3555 = ORIENTED_EDGE('',*,*,#3556,.T.);
#3556 = EDGE_CURVE('',#3549,#3392,#3557,.T.);
#3557 = LINE('',#3558,#3559);
#3558 = CARTESIAN_POINT('',(0.137677660989,-0.140687872705,
    -3.382322339011));
#3559 = VECTOR('',#3560,1.);
#3560 = DIRECTION('',(0.544770019249,-0.63753529491,0.544770019249));
#3561 = ORIENTED_EDGE('',*,*,#3391,.T.);
#3562 = ORIENTED_EDGE('',*,*,#2457,.F.);
#3563 = ORIENTED_EDGE('',*,*,#3480,.F.);
#3564 = PLANE('',#3565);
#3565 = AXIS2_PLACEMENT_3D('',#3566,#3567,#3568);
#3566 = CARTESIAN_POINT('',(0.22,0.32,-3.3));
#3567 = DIRECTION('',(0.707106781187,-8.486018839685E-17,-0.707106781187
    ));
#3568 = DIRECTION('',(1.212375546256E-16,1.,1.227125289196E-18));
#3569 = ADVANCED_FACE('',(#3570),#3581,.T.);
#3570 = FACE_BOUND('',#3571,.T.);
#3571 = EDGE_LOOP('',(#3572,#3573,#3579,#3580));
#3572 = ORIENTED_EDGE('',*,*,#2637,.T.);
#3573 = ORIENTED_EDGE('',*,*,#3574,.T.);
#3574 = EDGE_CURVE('',#2638,#2556,#3575,.T.);
#3575 = LINE('',#3576,#3577);
#3576 = CARTESIAN_POINT('',(2.82,0.32,3.38));
#3577 = VECTOR('',#3578,1.);
#3578 = DIRECTION('',(-1.,1.224646799147E-16,0.));
#3579 = ORIENTED_EDGE('',*,*,#2555,.F.);
#3580 = ORIENTED_EDGE('',*,*,#2539,.F.);
#3581 = CYLINDRICAL_SURFACE('',#3582,0.69);
#3582 = AXIS2_PLACEMENT_3D('',#3583,#3584,#3585);
#3583 = CARTESIAN_POINT('',(2.82,-0.37,3.38));
#3584 = DIRECTION('',(-1.,1.224646799147E-16,0.));
#3585 = DIRECTION('',(0.,0.,1.));
#3586 = ADVANCED_FACE('',(#3587),#3598,.F.);
#3587 = FACE_BOUND('',#3588,.F.);
#3588 = EDGE_LOOP('',(#3589,#3590,#3596,#3597));
#3589 = ORIENTED_EDGE('',*,*,#2670,.T.);
#3590 = ORIENTED_EDGE('',*,*,#3591,.T.);
#3591 = EDGE_CURVE('',#2663,#2581,#3592,.T.);
#3592 = LINE('',#3593,#3594);
#3593 = CARTESIAN_POINT('',(2.82,-0.32,3.38));
#3594 = VECTOR('',#3595,1.);
#3595 = DIRECTION('',(-1.,1.224646799147E-16,0.));
#3596 = ORIENTED_EDGE('',*,*,#2588,.F.);
#3597 = ORIENTED_EDGE('',*,*,#2619,.F.);
#3598 = CYLINDRICAL_SURFACE('',#3599,5.E-02);
#3599 = AXIS2_PLACEMENT_3D('',#3600,#3601,#3602);
#3600 = CARTESIAN_POINT('',(2.82,-0.37,3.38));
#3601 = DIRECTION('',(-1.,1.224646799147E-16,0.));
#3602 = DIRECTION('',(0.,0.,1.));
#3603 = ADVANCED_FACE('',(#3604),#3615,.F.);
#3604 = FACE_BOUND('',#3605,.F.);
#3605 = EDGE_LOOP('',(#3606,#3607,#3613,#3614));
#3606 = ORIENTED_EDGE('',*,*,#2662,.F.);
#3607 = ORIENTED_EDGE('',*,*,#3608,.T.);
#3608 = EDGE_CURVE('',#2655,#2573,#3609,.T.);
#3609 = LINE('',#3610,#3611);
#3610 = CARTESIAN_POINT('',(2.82,-0.32,-3.2));
#3611 = VECTOR('',#3612,1.);
#3612 = DIRECTION('',(-1.,1.224646799147E-16,0.));
#3613 = ORIENTED_EDGE('',*,*,#2580,.T.);
#3614 = ORIENTED_EDGE('',*,*,#3591,.F.);
#3615 = PLANE('',#3616);
#3616 = AXIS2_PLACEMENT_3D('',#3617,#3618,#3619);
#3617 = CARTESIAN_POINT('',(2.82,-0.32,-3.4));
#3618 = DIRECTION('',(1.224646799147E-16,1.,0.));
#3619 = DIRECTION('',(0.,-0.,1.));
#3620 = ADVANCED_FACE('',(#3621),#3646,.F.);
#3621 = FACE_BOUND('',#3622,.T.);
#3622 = EDGE_LOOP('',(#3623,#3631,#3639,#3645));
#3623 = ORIENTED_EDGE('',*,*,#3624,.F.);
#3624 = EDGE_CURVE('',#3625,#2565,#3627,.T.);
#3625 = VERTEX_POINT('',#3626);
#3626 = CARTESIAN_POINT('',(2.38,0.12,-3.4));
#3627 = LINE('',#3628,#3629);
#3628 = CARTESIAN_POINT('',(2.353333333333,0.146666666667,
    -3.373333333333));
#3629 = VECTOR('',#3630,1.);
#3630 = DIRECTION('',(-0.57735026919,0.57735026919,0.57735026919));
#3631 = ORIENTED_EDGE('',*,*,#3632,.T.);
#3632 = EDGE_CURVE('',#3625,#3633,#3635,.T.);
#3633 = VERTEX_POINT('',#3634);
#3634 = CARTESIAN_POINT('',(2.38,-0.12,-3.4));
#3635 = LINE('',#3636,#3637);
#3636 = CARTESIAN_POINT('',(2.38,0.32,-3.4));
#3637 = VECTOR('',#3638,1.);
#3638 = DIRECTION('',(-1.224646799147E-16,-1.,0.));
#3639 = ORIENTED_EDGE('',*,*,#3640,.T.);
#3640 = EDGE_CURVE('',#3633,#2573,#3641,.T.);
#3641 = LINE('',#3642,#3643);
#3642 = CARTESIAN_POINT('',(2.46,-4.E-02,-3.48));
#3643 = VECTOR('',#3644,1.);
#3644 = DIRECTION('',(-0.57735026919,-0.57735026919,0.57735026919));
#3645 = ORIENTED_EDGE('',*,*,#2572,.F.);
#3646 = PLANE('',#3647);
#3647 = AXIS2_PLACEMENT_3D('',#3648,#3649,#3650);
#3648 = CARTESIAN_POINT('',(2.28,0.32,-3.3));
#3649 = DIRECTION('',(0.707106781187,-8.833102285013E-17,0.707106781187)
  );
#3650 = DIRECTION('',(1.236918052038E-16,1.,1.227125289097E-18));
#3651 = ADVANCED_FACE('',(#3652),#3663,.F.);
#3652 = FACE_BOUND('',#3653,.F.);
#3653 = EDGE_LOOP('',(#3654,#3655,#3656,#3657));
#3654 = ORIENTED_EDGE('',*,*,#2646,.F.);
#3655 = ORIENTED_EDGE('',*,*,#3574,.T.);
#3656 = ORIENTED_EDGE('',*,*,#2564,.T.);
#3657 = ORIENTED_EDGE('',*,*,#3658,.F.);
#3658 = EDGE_CURVE('',#2647,#2565,#3659,.T.);
#3659 = LINE('',#3660,#3661);
#3660 = CARTESIAN_POINT('',(2.82,0.32,-3.2));
#3661 = VECTOR('',#3662,1.);
#3662 = DIRECTION('',(-1.,1.224646799147E-16,0.));
#3663 = PLANE('',#3664);
#3664 = AXIS2_PLACEMENT_3D('',#3665,#3666,#3667);
#3665 = CARTESIAN_POINT('',(2.82,0.32,4.07));
#3666 = DIRECTION('',(-1.224646799147E-16,-1.,3.715605838772E-17));
#3667 = DIRECTION('',(-4.550304797346E-33,-3.715605838772E-17,-1.));
#3668 = ADVANCED_FACE('',(#3669),#3694,.T.);
#3669 = FACE_BOUND('',#3670,.F.);
#3670 = EDGE_LOOP('',(#3671,#3679,#3687,#3693));
#3671 = ORIENTED_EDGE('',*,*,#3672,.F.);
#3672 = EDGE_CURVE('',#3673,#2647,#3675,.T.);
#3673 = VERTEX_POINT('',#3674);
#3674 = CARTESIAN_POINT('',(2.62,0.12,-3.4));
#3675 = LINE('',#3676,#3677);
#3676 = CARTESIAN_POINT('',(2.753333333333,0.253333333333,
    -3.266666666667));
#3677 = VECTOR('',#3678,1.);
#3678 = DIRECTION('',(0.57735026919,0.57735026919,0.57735026919));
#3679 = ORIENTED_EDGE('',*,*,#3680,.T.);
#3680 = EDGE_CURVE('',#3673,#3681,#3683,.T.);
#3681 = VERTEX_POINT('',#3682);
#3682 = CARTESIAN_POINT('',(2.62,-0.12,-3.4));
#3683 = LINE('',#3684,#3685);
#3684 = CARTESIAN_POINT('',(2.62,0.32,-3.4));
#3685 = VECTOR('',#3686,1.);
#3686 = DIRECTION('',(-1.224646799147E-16,-1.,0.));
#3687 = ORIENTED_EDGE('',*,*,#3688,.T.);
#3688 = EDGE_CURVE('',#3681,#2655,#3689,.T.);
#3689 = LINE('',#3690,#3691);
#3690 = CARTESIAN_POINT('',(2.646666666667,-0.146666666667,
    -3.373333333333));
#3691 = VECTOR('',#3692,1.);
#3692 = DIRECTION('',(0.57735026919,-0.57735026919,0.57735026919));
#3693 = ORIENTED_EDGE('',*,*,#2654,.F.);
#3694 = PLANE('',#3695);
#3695 = AXIS2_PLACEMENT_3D('',#3696,#3697,#3698);
#3696 = CARTESIAN_POINT('',(2.72,0.32,-3.3));
#3697 = DIRECTION('',(0.707106781187,-8.486018839685E-17,-0.707106781187
    ));
#3698 = DIRECTION('',(1.212375546256E-16,1.,1.227125289196E-18));
#3699 = ADVANCED_FACE('',(#3700),#3711,.F.);
#3700 = FACE_BOUND('',#3701,.F.);
#3701 = EDGE_LOOP('',(#3702,#3703,#3709,#3710));
#3702 = ORIENTED_EDGE('',*,*,#2817,.T.);
#3703 = ORIENTED_EDGE('',*,*,#3704,.T.);
#3704 = EDGE_CURVE('',#2810,#2721,#3705,.T.);
#3705 = LINE('',#3706,#3707);
#3706 = CARTESIAN_POINT('',(5.32,-0.32,3.38));
#3707 = VECTOR('',#3708,1.);
#3708 = DIRECTION('',(-1.,1.224646799147E-16,0.));
#3709 = ORIENTED_EDGE('',*,*,#2728,.F.);
#3710 = ORIENTED_EDGE('',*,*,#2759,.F.);
#3711 = CYLINDRICAL_SURFACE('',#3712,5.E-02);
#3712 = AXIS2_PLACEMENT_3D('',#3713,#3714,#3715);
#3713 = CARTESIAN_POINT('',(5.32,-0.37,3.38));
#3714 = DIRECTION('',(-1.,1.224646799147E-16,0.));
#3715 = DIRECTION('',(0.,0.,1.));
#3716 = ADVANCED_FACE('',(#3717),#3728,.F.);
#3717 = FACE_BOUND('',#3718,.F.);
#3718 = EDGE_LOOP('',(#3719,#3720,#3726,#3727));
#3719 = ORIENTED_EDGE('',*,*,#2809,.F.);
#3720 = ORIENTED_EDGE('',*,*,#3721,.T.);
#3721 = EDGE_CURVE('',#2802,#2713,#3722,.T.);
#3722 = LINE('',#3723,#3724);
#3723 = CARTESIAN_POINT('',(5.32,-0.32,-3.2));
#3724 = VECTOR('',#3725,1.);
#3725 = DIRECTION('',(-1.,1.224646799147E-16,0.));
#3726 = ORIENTED_EDGE('',*,*,#2720,.T.);
#3727 = ORIENTED_EDGE('',*,*,#3704,.F.);
#3728 = PLANE('',#3729);
#3729 = AXIS2_PLACEMENT_3D('',#3730,#3731,#3732);
#3730 = CARTESIAN_POINT('',(5.32,-0.32,-3.4));
#3731 = DIRECTION('',(1.224646799147E-16,1.,0.));
#3732 = DIRECTION('',(0.,-0.,1.));
#3733 = ADVANCED_FACE('',(#3734),#3759,.F.);
#3734 = FACE_BOUND('',#3735,.T.);
#3735 = EDGE_LOOP('',(#3736,#3744,#3752,#3758));
#3736 = ORIENTED_EDGE('',*,*,#3737,.F.);
#3737 = EDGE_CURVE('',#3738,#2705,#3740,.T.);
#3738 = VERTEX_POINT('',#3739);
#3739 = CARTESIAN_POINT('',(4.88,0.12,-3.4));
#3740 = LINE('',#3741,#3742);
#3741 = CARTESIAN_POINT('',(4.853333333333,0.146666666667,
    -3.373333333333));
#3742 = VECTOR('',#3743,1.);
#3743 = DIRECTION('',(-0.57735026919,0.57735026919,0.57735026919));
#3744 = ORIENTED_EDGE('',*,*,#3745,.T.);
#3745 = EDGE_CURVE('',#3738,#3746,#3748,.T.);
#3746 = VERTEX_POINT('',#3747);
#3747 = CARTESIAN_POINT('',(4.88,-0.12,-3.4));
#3748 = LINE('',#3749,#3750);
#3749 = CARTESIAN_POINT('',(4.88,0.32,-3.4));
#3750 = VECTOR('',#3751,1.);
#3751 = DIRECTION('',(-1.224646799147E-16,-1.,0.));
#3752 = ORIENTED_EDGE('',*,*,#3753,.T.);
#3753 = EDGE_CURVE('',#3746,#2713,#3754,.T.);
#3754 = LINE('',#3755,#3756);
#3755 = CARTESIAN_POINT('',(4.96,-4.E-02,-3.48));
#3756 = VECTOR('',#3757,1.);
#3757 = DIRECTION('',(-0.57735026919,-0.57735026919,0.57735026919));
#3758 = ORIENTED_EDGE('',*,*,#2712,.F.);
#3759 = PLANE('',#3760);
#3760 = AXIS2_PLACEMENT_3D('',#3761,#3762,#3763);
#3761 = CARTESIAN_POINT('',(4.78,0.32,-3.3));
#3762 = DIRECTION('',(0.707106781187,-8.833102285013E-17,0.707106781187)
  );
#3763 = DIRECTION('',(1.236918052038E-16,1.,1.227125289097E-18));
#3764 = ADVANCED_FACE('',(#3765),#3781,.F.);
#3765 = FACE_BOUND('',#3766,.F.);
#3766 = EDGE_LOOP('',(#3767,#3768,#3774,#3775));
#3767 = ORIENTED_EDGE('',*,*,#2793,.F.);
#3768 = ORIENTED_EDGE('',*,*,#3769,.T.);
#3769 = EDGE_CURVE('',#2785,#2696,#3770,.T.);
#3770 = LINE('',#3771,#3772);
#3771 = CARTESIAN_POINT('',(5.32,0.32,3.38));
#3772 = VECTOR('',#3773,1.);
#3773 = DIRECTION('',(-1.,1.224646799147E-16,0.));
#3774 = ORIENTED_EDGE('',*,*,#2704,.T.);
#3775 = ORIENTED_EDGE('',*,*,#3776,.F.);
#3776 = EDGE_CURVE('',#2794,#2705,#3777,.T.);
#3777 = LINE('',#3778,#3779);
#3778 = CARTESIAN_POINT('',(5.32,0.32,-3.2));
#3779 = VECTOR('',#3780,1.);
#3780 = DIRECTION('',(-1.,1.224646799147E-16,0.));
#3781 = PLANE('',#3782);
#3782 = AXIS2_PLACEMENT_3D('',#3783,#3784,#3785);
#3783 = CARTESIAN_POINT('',(5.32,0.32,4.07));
#3784 = DIRECTION('',(-1.224646799147E-16,-1.,3.715605838772E-17));
#3785 = DIRECTION('',(-4.550304797346E-33,-3.715605838772E-17,-1.));
#3786 = ADVANCED_FACE('',(#3787),#3793,.T.);
#3787 = FACE_BOUND('',#3788,.T.);
#3788 = EDGE_LOOP('',(#3789,#3790,#3791,#3792));
#3789 = ORIENTED_EDGE('',*,*,#2784,.T.);
#3790 = ORIENTED_EDGE('',*,*,#3769,.T.);
#3791 = ORIENTED_EDGE('',*,*,#2695,.F.);
#3792 = ORIENTED_EDGE('',*,*,#2836,.F.);
#3793 = CYLINDRICAL_SURFACE('',#3794,0.69);
#3794 = AXIS2_PLACEMENT_3D('',#3795,#3796,#3797);
#3795 = CARTESIAN_POINT('',(5.32,-0.37,3.38));
#3796 = DIRECTION('',(-1.,1.224646799147E-16,0.));
#3797 = DIRECTION('',(0.,0.,1.));
#3798 = ADVANCED_FACE('',(#3799),#3824,.T.);
#3799 = FACE_BOUND('',#3800,.F.);
#3800 = EDGE_LOOP('',(#3801,#3809,#3817,#3823));
#3801 = ORIENTED_EDGE('',*,*,#3802,.F.);
#3802 = EDGE_CURVE('',#3803,#2794,#3805,.T.);
#3803 = VERTEX_POINT('',#3804);
#3804 = CARTESIAN_POINT('',(5.12,0.12,-3.4));
#3805 = LINE('',#3806,#3807);
#3806 = CARTESIAN_POINT('',(5.253333333333,0.253333333333,
    -3.266666666667));
#3807 = VECTOR('',#3808,1.);
#3808 = DIRECTION('',(0.57735026919,0.57735026919,0.57735026919));
#3809 = ORIENTED_EDGE('',*,*,#3810,.T.);
#3810 = EDGE_CURVE('',#3803,#3811,#3813,.T.);
#3811 = VERTEX_POINT('',#3812);
#3812 = CARTESIAN_POINT('',(5.12,-0.12,-3.4));
#3813 = LINE('',#3814,#3815);
#3814 = CARTESIAN_POINT('',(5.12,0.32,-3.4));
#3815 = VECTOR('',#3816,1.);
#3816 = DIRECTION('',(-1.224646799147E-16,-1.,0.));
#3817 = ORIENTED_EDGE('',*,*,#3818,.T.);
#3818 = EDGE_CURVE('',#3811,#2802,#3819,.T.);
#3819 = LINE('',#3820,#3821);
#3820 = CARTESIAN_POINT('',(5.146666666667,-0.146666666667,
    -3.373333333333));
#3821 = VECTOR('',#3822,1.);
#3822 = DIRECTION('',(0.57735026919,-0.57735026919,0.57735026919));
#3823 = ORIENTED_EDGE('',*,*,#2801,.F.);
#3824 = PLANE('',#3825);
#3825 = AXIS2_PLACEMENT_3D('',#3826,#3827,#3828);
#3826 = CARTESIAN_POINT('',(5.22,0.32,-3.3));
#3827 = DIRECTION('',(0.707106781187,-8.486018839685E-17,-0.707106781187
    ));
#3828 = DIRECTION('',(1.212375546256E-16,1.,1.227125289196E-18));
#3829 = ADVANCED_FACE('',(#3830),#3841,.T.);
#3830 = FACE_BOUND('',#3831,.T.);
#3831 = EDGE_LOOP('',(#3832,#3833,#3839,#3840));
#3832 = ORIENTED_EDGE('',*,*,#2997,.T.);
#3833 = ORIENTED_EDGE('',*,*,#3834,.T.);
#3834 = EDGE_CURVE('',#2998,#2884,#3835,.T.);
#3835 = LINE('',#3836,#3837);
#3836 = CARTESIAN_POINT('',(7.82,0.32,3.38));
#3837 = VECTOR('',#3838,1.);
#3838 = DIRECTION('',(-1.,1.224646799147E-16,0.));
#3839 = ORIENTED_EDGE('',*,*,#2883,.F.);
#3840 = ORIENTED_EDGE('',*,*,#2867,.F.);
#3841 = CYLINDRICAL_SURFACE('',#3842,0.69);
#3842 = AXIS2_PLACEMENT_3D('',#3843,#3844,#3845);
#3843 = CARTESIAN_POINT('',(7.82,-0.37,3.38));
#3844 = DIRECTION('',(-1.,1.224646799147E-16,0.));
#3845 = DIRECTION('',(0.,0.,1.));
#3846 = ADVANCED_FACE('',(#3847),#3858,.F.);
#3847 = FACE_BOUND('',#3848,.F.);
#3848 = EDGE_LOOP('',(#3849,#3850,#3856,#3857));
#3849 = ORIENTED_EDGE('',*,*,#3062,.T.);
#3850 = ORIENTED_EDGE('',*,*,#3851,.T.);
#3851 = EDGE_CURVE('',#3055,#2941,#3852,.T.);
#3852 = LINE('',#3853,#3854);
#3853 = CARTESIAN_POINT('',(7.82,-0.32,3.38));
#3854 = VECTOR('',#3855,1.);
#3855 = DIRECTION('',(-1.,1.224646799147E-16,0.));
#3856 = ORIENTED_EDGE('',*,*,#2948,.F.);
#3857 = ORIENTED_EDGE('',*,*,#2979,.F.);
#3858 = CYLINDRICAL_SURFACE('',#3859,5.E-02);
#3859 = AXIS2_PLACEMENT_3D('',#3860,#3861,#3862);
#3860 = CARTESIAN_POINT('',(7.82,-0.37,3.38));
#3861 = DIRECTION('',(-1.,1.224646799147E-16,0.));
#3862 = DIRECTION('',(0.,0.,1.));
#3863 = ADVANCED_FACE('',(#3864),#3875,.F.);
#3864 = FACE_BOUND('',#3865,.F.);
#3865 = EDGE_LOOP('',(#3866,#3867,#3873,#3874));
#3866 = ORIENTED_EDGE('',*,*,#3054,.F.);
#3867 = ORIENTED_EDGE('',*,*,#3868,.T.);
#3868 = EDGE_CURVE('',#3047,#2933,#3869,.T.);
#3869 = LINE('',#3870,#3871);
#3870 = CARTESIAN_POINT('',(7.82,-0.32,-0.9));
#3871 = VECTOR('',#3872,1.);
#3872 = DIRECTION('',(-1.,1.224646799147E-16,0.));
#3873 = ORIENTED_EDGE('',*,*,#2940,.T.);
#3874 = ORIENTED_EDGE('',*,*,#3851,.F.);
#3875 = PLANE('',#3876);
#3876 = AXIS2_PLACEMENT_3D('',#3877,#3878,#3879);
#3877 = CARTESIAN_POINT('',(7.82,-0.32,-0.9));
#3878 = DIRECTION('',(1.224646799147E-16,1.,0.));
#3879 = DIRECTION('',(0.,-0.,1.));
#3880 = ADVANCED_FACE('',(#3881),#3892,.F.);
#3881 = FACE_BOUND('',#3882,.F.);
#3882 = EDGE_LOOP('',(#3883,#3889,#3890,#3891));
#3883 = ORIENTED_EDGE('',*,*,#3884,.T.);
#3884 = EDGE_CURVE('',#3039,#2925,#3885,.T.);
#3885 = LINE('',#3886,#3887);
#3886 = CARTESIAN_POINT('',(7.82,-0.62,-1.5));
#3887 = VECTOR('',#3888,1.);
#3888 = DIRECTION('',(-1.,1.224646799147E-16,0.));
#3889 = ORIENTED_EDGE('',*,*,#2932,.T.);
#3890 = ORIENTED_EDGE('',*,*,#3868,.F.);
#3891 = ORIENTED_EDGE('',*,*,#3046,.F.);
#3892 = PLANE('',#3893);
#3893 = AXIS2_PLACEMENT_3D('',#3894,#3895,#3896);
#3894 = CARTESIAN_POINT('',(7.82,-0.62,-1.5));
#3895 = DIRECTION('',(1.095357396528E-16,0.894427191,-0.4472135955));
#3896 = DIRECTION('',(5.476786982641E-17,0.4472135955,0.894427191));
#3897 = ADVANCED_FACE('',(#3898),#3925,.F.);
#3898 = FACE_BOUND('',#3899,.F.);
#3899 = EDGE_LOOP('',(#3900,#3901,#3909,#3917,#3923,#3924));
#3900 = ORIENTED_EDGE('',*,*,#3038,.F.);
#3901 = ORIENTED_EDGE('',*,*,#3902,.F.);
#3902 = EDGE_CURVE('',#3903,#3031,#3905,.T.);
#3903 = VERTEX_POINT('',#3904);
#3904 = CARTESIAN_POINT('',(7.817552593066,-0.351192514695,
    -3.202447406934));
#3905 = LINE('',#3906,#3907);
#3906 = CARTESIAN_POINT('',(7.693816689466,-0.331655266758,
    -3.326183310534));
#3907 = VECTOR('',#3908,1.);
#3908 = DIRECTION('',(0.702740385383,-0.110959008218,0.702740385383));
#3909 = ORIENTED_EDGE('',*,*,#3910,.T.);
#3910 = EDGE_CURVE('',#3903,#3911,#3913,.T.);
#3911 = VERTEX_POINT('',#3912);
#3912 = CARTESIAN_POINT('',(7.182447406934,-0.351192514695,
    -3.202447406934));
#3913 = LINE('',#3914,#3915);
#3914 = CARTESIAN_POINT('',(7.82,-0.351192514695,-3.202447406934));
#3915 = VECTOR('',#3916,1.);
#3916 = DIRECTION('',(-1.,1.224646799147E-16,0.));
#3917 = ORIENTED_EDGE('',*,*,#3918,.T.);
#3918 = EDGE_CURVE('',#3911,#2917,#3919,.T.);
#3919 = LINE('',#3920,#3921);
#3920 = CARTESIAN_POINT('',(7.464213406293,-0.306703146375,
    -3.484213406293));
#3921 = VECTOR('',#3922,1.);
#3922 = DIRECTION('',(-0.702740385383,-0.110959008218,0.702740385383));
#3923 = ORIENTED_EDGE('',*,*,#2924,.T.);
#3924 = ORIENTED_EDGE('',*,*,#3884,.F.);
#3925 = PLANE('',#3926);
#3926 = AXIS2_PLACEMENT_3D('',#3927,#3928,#3929);
#3927 = CARTESIAN_POINT('',(7.82,-0.32,-3.4));
#3928 = DIRECTION('',(1.209660753807E-16,0.987762965329,0.155962573473)
  );
#3929 = DIRECTION('',(-1.909990663905E-17,-0.155962573473,0.987762965329
    ));
#3930 = ADVANCED_FACE('',(#3931),#3965,.F.);
#3931 = FACE_BOUND('',#3932,.T.);
#3932 = EDGE_LOOP('',(#3933,#3943,#3951,#3957,#3958,#3959));
#3933 = ORIENTED_EDGE('',*,*,#3934,.F.);
#3934 = EDGE_CURVE('',#3935,#3937,#3939,.T.);
#3935 = VERTEX_POINT('',#3936);
#3936 = CARTESIAN_POINT('',(7.38,0.12,-3.4));
#3937 = VERTEX_POINT('',#3938);
#3938 = CARTESIAN_POINT('',(7.182447406934,0.288807485305,
    -3.202447406934));
#3939 = LINE('',#3940,#3941);
#3940 = CARTESIAN_POINT('',(7.361356849811,0.135930458076,
    -3.381356849811));
#3941 = VECTOR('',#3942,1.);
#3942 = DIRECTION('',(-0.605209817607,0.517148096144,0.605209817607));
#3943 = ORIENTED_EDGE('',*,*,#3944,.T.);
#3944 = EDGE_CURVE('',#3935,#3945,#3947,.T.);
#3945 = VERTEX_POINT('',#3946);
#3946 = CARTESIAN_POINT('',(7.38,-0.12,-3.4));
#3947 = LINE('',#3948,#3949);
#3948 = CARTESIAN_POINT('',(7.38,0.32,-3.4));
#3949 = VECTOR('',#3950,1.);
#3950 = DIRECTION('',(-1.224646799147E-16,-1.,0.));
#3951 = ORIENTED_EDGE('',*,*,#3952,.T.);
#3952 = EDGE_CURVE('',#3945,#3911,#3953,.T.);
#3953 = LINE('',#3954,#3955);
#3954 = CARTESIAN_POINT('',(7.45729013865,-2.95486359438E-02,
    -3.47729013865));
#3955 = VECTOR('',#3956,1.);
#3956 = DIRECTION('',(-0.544770019249,-0.63753529491,0.544770019249));
#3957 = ORIENTED_EDGE('',*,*,#3918,.T.);
#3958 = ORIENTED_EDGE('',*,*,#2916,.F.);
#3959 = ORIENTED_EDGE('',*,*,#3960,.F.);
#3960 = EDGE_CURVE('',#3937,#2909,#3961,.T.);
#3961 = LINE('',#3962,#3963);
#3962 = CARTESIAN_POINT('',(6.958413132695,0.253433652531,
    -2.978413132695));
#3963 = VECTOR('',#3964,1.);
#3964 = DIRECTION('',(-0.702740385383,-0.110959008218,0.702740385383));
#3965 = PLANE('',#3966);
#3966 = AXIS2_PLACEMENT_3D('',#3967,#3968,#3969);
#3967 = CARTESIAN_POINT('',(7.28,0.32,-3.3));
#3968 = DIRECTION('',(0.707106781187,-8.833102285013E-17,0.707106781187)
  );
#3969 = DIRECTION('',(1.236918052038E-16,1.,1.227125289097E-18));
#3970 = ADVANCED_FACE('',(#3971),#3996,.F.);
#3971 = FACE_BOUND('',#3972,.F.);
#3972 = EDGE_LOOP('',(#3973,#3974,#3980,#3981,#3982,#3990));
#3973 = ORIENTED_EDGE('',*,*,#3022,.F.);
#3974 = ORIENTED_EDGE('',*,*,#3975,.T.);
#3975 = EDGE_CURVE('',#3015,#2901,#3976,.T.);
#3976 = LINE('',#3977,#3978);
#3977 = CARTESIAN_POINT('',(7.82,2.E-02,-1.5));
#3978 = VECTOR('',#3979,1.);
#3979 = DIRECTION('',(-1.,1.224646799147E-16,0.));
#3980 = ORIENTED_EDGE('',*,*,#2908,.T.);
#3981 = ORIENTED_EDGE('',*,*,#3960,.F.);
#3982 = ORIENTED_EDGE('',*,*,#3983,.F.);
#3983 = EDGE_CURVE('',#3984,#3937,#3986,.T.);
#3984 = VERTEX_POINT('',#3985);
#3985 = CARTESIAN_POINT('',(7.817552593066,0.288807485305,
    -3.202447406934));
#3986 = LINE('',#3987,#3988);
#3987 = CARTESIAN_POINT('',(7.82,0.288807485305,-3.202447406934));
#3988 = VECTOR('',#3989,1.);
#3989 = DIRECTION('',(-1.,1.224646799147E-16,0.));
#3990 = ORIENTED_EDGE('',*,*,#3991,.T.);
#3991 = EDGE_CURVE('',#3984,#3023,#3992,.T.);
#3992 = LINE('',#3993,#3994);
#3993 = CARTESIAN_POINT('',(8.199616963064,0.228481532148,
    -2.820383036936));
#3994 = VECTOR('',#3995,1.);
#3995 = DIRECTION('',(0.702740385383,-0.110959008218,0.702740385383));
#3996 = PLANE('',#3997);
#3997 = AXIS2_PLACEMENT_3D('',#3998,#3999,#4000);
#3998 = CARTESIAN_POINT('',(7.82,2.E-02,-1.5));
#3999 = DIRECTION('',(-1.209660753807E-16,-0.987762965329,
    -0.155962573473));
#4000 = DIRECTION('',(1.909990663905E-17,0.155962573473,-0.987762965329)
  );
#4001 = ADVANCED_FACE('',(#4002),#4013,.F.);
#4002 = FACE_BOUND('',#4003,.F.);
#4003 = EDGE_LOOP('',(#4004,#4010,#4011,#4012));
#4004 = ORIENTED_EDGE('',*,*,#4005,.T.);
#4005 = EDGE_CURVE('',#3007,#2893,#4006,.T.);
#4006 = LINE('',#4007,#4008);
#4007 = CARTESIAN_POINT('',(7.82,0.32,-0.9));
#4008 = VECTOR('',#4009,1.);
#4009 = DIRECTION('',(-1.,1.224646799147E-16,0.));
#4010 = ORIENTED_EDGE('',*,*,#2900,.T.);
#4011 = ORIENTED_EDGE('',*,*,#3975,.F.);
#4012 = ORIENTED_EDGE('',*,*,#3014,.F.);
#4013 = PLANE('',#4014);
#4014 = AXIS2_PLACEMENT_3D('',#4015,#4016,#4017);
#4015 = CARTESIAN_POINT('',(7.82,0.32,-0.9));
#4016 = DIRECTION('',(-1.095357396528E-16,-0.894427191,0.4472135955));
#4017 = DIRECTION('',(-5.476786982641E-17,-0.4472135955,-0.894427191));
#4018 = ADVANCED_FACE('',(#4019),#4025,.F.);
#4019 = FACE_BOUND('',#4020,.F.);
#4020 = EDGE_LOOP('',(#4021,#4022,#4023,#4024));
#4021 = ORIENTED_EDGE('',*,*,#3006,.F.);
#4022 = ORIENTED_EDGE('',*,*,#3834,.T.);
#4023 = ORIENTED_EDGE('',*,*,#2892,.T.);
#4024 = ORIENTED_EDGE('',*,*,#4005,.F.);
#4025 = PLANE('',#4026);
#4026 = AXIS2_PLACEMENT_3D('',#4027,#4028,#4029);
#4027 = CARTESIAN_POINT('',(7.82,0.32,4.07));
#4028 = DIRECTION('',(-1.224646799147E-16,-1.,0.));
#4029 = DIRECTION('',(-0.,0.,-1.));
#4030 = ADVANCED_FACE('',(#4031),#4058,.T.);
#4031 = FACE_BOUND('',#4032,.F.);
#4032 = EDGE_LOOP('',(#4033,#4041,#4049,#4055,#4056,#4057));
#4033 = ORIENTED_EDGE('',*,*,#4034,.F.);
#4034 = EDGE_CURVE('',#4035,#3984,#4037,.T.);
#4035 = VERTEX_POINT('',#4036);
#4036 = CARTESIAN_POINT('',(7.62,0.12,-3.4));
#4037 = LINE('',#4038,#4039);
#4038 = CARTESIAN_POINT('',(7.755852405654,0.236085051658,
    -3.264147594346));
#4039 = VECTOR('',#4040,1.);
#4040 = DIRECTION('',(0.605209817607,0.517148096144,0.605209817607));
#4041 = ORIENTED_EDGE('',*,*,#4042,.T.);
#4042 = EDGE_CURVE('',#4035,#4043,#4045,.T.);
#4043 = VERTEX_POINT('',#4044);
#4044 = CARTESIAN_POINT('',(7.62,-0.12,-3.4));
#4045 = LINE('',#4046,#4047);
#4046 = CARTESIAN_POINT('',(7.62,0.32,-3.4));
#4047 = VECTOR('',#4048,1.);
#4048 = DIRECTION('',(-1.224646799147E-16,-1.,0.));
#4049 = ORIENTED_EDGE('',*,*,#4050,.T.);
#4050 = EDGE_CURVE('',#4043,#3903,#4051,.T.);
#4051 = LINE('',#4052,#4053);
#4052 = CARTESIAN_POINT('',(7.637677660989,-0.140687872705,
    -3.382322339011));
#4053 = VECTOR('',#4054,1.);
#4054 = DIRECTION('',(0.544770019249,-0.63753529491,0.544770019249));
#4055 = ORIENTED_EDGE('',*,*,#3902,.T.);
#4056 = ORIENTED_EDGE('',*,*,#3030,.F.);
#4057 = ORIENTED_EDGE('',*,*,#3991,.F.);
#4058 = PLANE('',#4059);
#4059 = AXIS2_PLACEMENT_3D('',#4060,#4061,#4062);
#4060 = CARTESIAN_POINT('',(7.72,0.32,-3.3));
#4061 = DIRECTION('',(0.707106781187,-8.486018839685E-17,-0.707106781187
    ));
#4062 = DIRECTION('',(1.212375546256E-16,1.,1.227125289196E-18));
#4063 = ADVANCED_FACE('',(#4064),#4089,.T.);
#4064 = FACE_BOUND('',#4065,.T.);
#4065 = EDGE_LOOP('',(#4066,#4076,#4082,#4083));
#4066 = ORIENTED_EDGE('',*,*,#4067,.T.);
#4067 = EDGE_CURVE('',#4068,#4070,#4072,.T.);
#4068 = VERTEX_POINT('',#4069);
#4069 = CARTESIAN_POINT('',(-0.32,-8.5,3.43));
#4070 = VERTEX_POINT('',#4071);
#4071 = CARTESIAN_POINT('',(-0.32,-8.5,4.07));
#4072 = LINE('',#4073,#4074);
#4073 = CARTESIAN_POINT('',(-0.32,-8.5,3.43));
#4074 = VECTOR('',#4075,1.);
#4075 = DIRECTION('',(0.,0.,1.));
#4076 = ORIENTED_EDGE('',*,*,#4077,.T.);
#4077 = EDGE_CURVE('',#4070,#3198,#4078,.T.);
#4078 = LINE('',#4079,#4080);
#4079 = CARTESIAN_POINT('',(-0.32,-8.7,4.07));
#4080 = VECTOR('',#4081,1.);
#4081 = DIRECTION('',(1.224646799147E-16,1.,0.));
#4082 = ORIENTED_EDGE('',*,*,#3197,.T.);
#4083 = ORIENTED_EDGE('',*,*,#4084,.T.);
#4084 = EDGE_CURVE('',#3200,#4068,#4085,.T.);
#4085 = LINE('',#4086,#4087);
#4086 = CARTESIAN_POINT('',(-0.32,-0.32,3.43));
#4087 = VECTOR('',#4088,1.);
#4088 = DIRECTION('',(-1.224646799147E-16,-1.,0.));
#4089 = PLANE('',#4090);
#4090 = AXIS2_PLACEMENT_3D('',#4091,#4092,#4093);
#4091 = CARTESIAN_POINT('',(-0.32,-2.46404183087,2.050076029119));
#4092 = DIRECTION('',(-1.,1.224646799147E-16,0.));
#4093 = DIRECTION('',(0.,0.,1.));
#4094 = ADVANCED_FACE('',(#4095),#4113,.F.);
#4095 = FACE_BOUND('',#4096,.F.);
#4096 = EDGE_LOOP('',(#4097,#4105,#4106,#4107));
#4097 = ORIENTED_EDGE('',*,*,#4098,.F.);
#4098 = EDGE_CURVE('',#3216,#4099,#4101,.T.);
#4099 = VERTEX_POINT('',#4100);
#4100 = CARTESIAN_POINT('',(0.32,-8.5,3.43));
#4101 = LINE('',#4102,#4103);
#4102 = CARTESIAN_POINT('',(0.32,-0.32,3.43));
#4103 = VECTOR('',#4104,1.);
#4104 = DIRECTION('',(-1.224646799147E-16,-1.,0.));
#4105 = ORIENTED_EDGE('',*,*,#3223,.T.);
#4106 = ORIENTED_EDGE('',*,*,#4084,.T.);
#4107 = ORIENTED_EDGE('',*,*,#4108,.F.);
#4108 = EDGE_CURVE('',#4099,#4068,#4109,.T.);
#4109 = LINE('',#4110,#4111);
#4110 = CARTESIAN_POINT('',(0.32,-8.5,3.43));
#4111 = VECTOR('',#4112,1.);
#4112 = DIRECTION('',(-1.,1.224646799147E-16,0.));
#4113 = PLANE('',#4114);
#4114 = AXIS2_PLACEMENT_3D('',#4115,#4116,#4117);
#4115 = CARTESIAN_POINT('',(0.32,-0.32,3.43));
#4116 = DIRECTION('',(0.,0.,1.));
#4117 = DIRECTION('',(-1.224646799147E-16,-1.,0.));
#4118 = ADVANCED_FACE('',(#4119),#4137,.F.);
#4119 = FACE_BOUND('',#4120,.F.);
#4120 = EDGE_LOOP('',(#4121,#4129,#4135,#4136));
#4121 = ORIENTED_EDGE('',*,*,#4122,.T.);
#4122 = EDGE_CURVE('',#4099,#4123,#4125,.T.);
#4123 = VERTEX_POINT('',#4124);
#4124 = CARTESIAN_POINT('',(0.32,-8.5,4.07));
#4125 = LINE('',#4126,#4127);
#4126 = CARTESIAN_POINT('',(0.32,-8.5,3.43));
#4127 = VECTOR('',#4128,1.);
#4128 = DIRECTION('',(0.,0.,1.));
#4129 = ORIENTED_EDGE('',*,*,#4130,.T.);
#4130 = EDGE_CURVE('',#4123,#3208,#4131,.T.);
#4131 = LINE('',#4132,#4133);
#4132 = CARTESIAN_POINT('',(0.32,-8.7,4.07));
#4133 = VECTOR('',#4134,1.);
#4134 = DIRECTION('',(1.224646799147E-16,1.,0.));
#4135 = ORIENTED_EDGE('',*,*,#3215,.T.);
#4136 = ORIENTED_EDGE('',*,*,#4098,.T.);
#4137 = PLANE('',#4138);
#4138 = AXIS2_PLACEMENT_3D('',#4139,#4140,#4141);
#4139 = CARTESIAN_POINT('',(0.32,-2.46404183087,2.050076029119));
#4140 = DIRECTION('',(-1.,1.224646799147E-16,0.));
#4141 = DIRECTION('',(0.,0.,1.));
#4142 = ADVANCED_FACE('',(#4143),#4154,.F.);
#4143 = FACE_BOUND('',#4144,.F.);
#4144 = EDGE_LOOP('',(#4145,#4146,#4152,#4153));
#4145 = ORIENTED_EDGE('',*,*,#4130,.F.);
#4146 = ORIENTED_EDGE('',*,*,#4147,.T.);
#4147 = EDGE_CURVE('',#4123,#4070,#4148,.T.);
#4148 = LINE('',#4149,#4150);
#4149 = CARTESIAN_POINT('',(0.32,-8.5,4.07));
#4150 = VECTOR('',#4151,1.);
#4151 = DIRECTION('',(-1.,1.224646799147E-16,0.));
#4152 = ORIENTED_EDGE('',*,*,#4077,.T.);
#4153 = ORIENTED_EDGE('',*,*,#3207,.T.);
#4154 = PLANE('',#4155);
#4155 = AXIS2_PLACEMENT_3D('',#4156,#4157,#4158);
#4156 = CARTESIAN_POINT('',(0.32,-8.7,4.07));
#4157 = DIRECTION('',(-0.,0.,-1.));
#4158 = DIRECTION('',(1.224646799147E-16,1.,0.));
#4159 = ADVANCED_FACE('',(#4160),#4185,.T.);
#4160 = FACE_BOUND('',#4161,.T.);
#4161 = EDGE_LOOP('',(#4162,#4172,#4178,#4179));
#4162 = ORIENTED_EDGE('',*,*,#4163,.T.);
#4163 = EDGE_CURVE('',#4164,#4166,#4168,.T.);
#4164 = VERTEX_POINT('',#4165);
#4165 = CARTESIAN_POINT('',(4.68,-8.5,3.43));
#4166 = VERTEX_POINT('',#4167);
#4167 = CARTESIAN_POINT('',(4.68,-8.5,4.07));
#4168 = LINE('',#4169,#4170);
#4169 = CARTESIAN_POINT('',(4.68,-8.5,3.43));
#4170 = VECTOR('',#4171,1.);
#4171 = DIRECTION('',(0.,0.,1.));
#4172 = ORIENTED_EDGE('',*,*,#4173,.T.);
#4173 = EDGE_CURVE('',#4166,#3232,#4174,.T.);
#4174 = LINE('',#4175,#4176);
#4175 = CARTESIAN_POINT('',(4.68,-8.7,4.07));
#4176 = VECTOR('',#4177,1.);
#4177 = DIRECTION('',(1.224646799147E-16,1.,0.));
#4178 = ORIENTED_EDGE('',*,*,#3231,.T.);
#4179 = ORIENTED_EDGE('',*,*,#4180,.T.);
#4180 = EDGE_CURVE('',#3234,#4164,#4181,.T.);
#4181 = LINE('',#4182,#4183);
#4182 = CARTESIAN_POINT('',(4.68,-0.32,3.43));
#4183 = VECTOR('',#4184,1.);
#4184 = DIRECTION('',(-1.224646799147E-16,-1.,0.));
#4185 = PLANE('',#4186);
#4186 = AXIS2_PLACEMENT_3D('',#4187,#4188,#4189);
#4187 = CARTESIAN_POINT('',(4.68,-2.454542146756,2.070457853244));
#4188 = DIRECTION('',(-1.,1.224646799147E-16,0.));
#4189 = DIRECTION('',(0.,0.,1.));
#4190 = ADVANCED_FACE('',(#4191),#4209,.F.);
#4191 = FACE_BOUND('',#4192,.F.);
#4192 = EDGE_LOOP('',(#4193,#4201,#4202,#4203));
#4193 = ORIENTED_EDGE('',*,*,#4194,.F.);
#4194 = EDGE_CURVE('',#3250,#4195,#4197,.T.);
#4195 = VERTEX_POINT('',#4196);
#4196 = CARTESIAN_POINT('',(5.32,-8.5,3.43));
#4197 = LINE('',#4198,#4199);
#4198 = CARTESIAN_POINT('',(5.32,-0.32,3.43));
#4199 = VECTOR('',#4200,1.);
#4200 = DIRECTION('',(-1.224646799147E-16,-1.,0.));
#4201 = ORIENTED_EDGE('',*,*,#3257,.T.);
#4202 = ORIENTED_EDGE('',*,*,#4180,.T.);
#4203 = ORIENTED_EDGE('',*,*,#4204,.F.);
#4204 = EDGE_CURVE('',#4195,#4164,#4205,.T.);
#4205 = LINE('',#4206,#4207);
#4206 = CARTESIAN_POINT('',(5.32,-8.5,3.43));
#4207 = VECTOR('',#4208,1.);
#4208 = DIRECTION('',(-1.,1.224646799147E-16,0.));
#4209 = PLANE('',#4210);
#4210 = AXIS2_PLACEMENT_3D('',#4211,#4212,#4213);
#4211 = CARTESIAN_POINT('',(5.32,-0.32,3.43));
#4212 = DIRECTION('',(0.,0.,1.));
#4213 = DIRECTION('',(-1.224646799147E-16,-1.,0.));
#4214 = ADVANCED_FACE('',(#4215),#4233,.F.);
#4215 = FACE_BOUND('',#4216,.F.);
#4216 = EDGE_LOOP('',(#4217,#4225,#4231,#4232));
#4217 = ORIENTED_EDGE('',*,*,#4218,.T.);
#4218 = EDGE_CURVE('',#4195,#4219,#4221,.T.);
#4219 = VERTEX_POINT('',#4220);
#4220 = CARTESIAN_POINT('',(5.32,-8.5,4.07));
#4221 = LINE('',#4222,#4223);
#4222 = CARTESIAN_POINT('',(5.32,-8.5,3.43));
#4223 = VECTOR('',#4224,1.);
#4224 = DIRECTION('',(0.,0.,1.));
#4225 = ORIENTED_EDGE('',*,*,#4226,.T.);
#4226 = EDGE_CURVE('',#4219,#3242,#4227,.T.);
#4227 = LINE('',#4228,#4229);
#4228 = CARTESIAN_POINT('',(5.32,-8.7,4.07));
#4229 = VECTOR('',#4230,1.);
#4230 = DIRECTION('',(1.224646799147E-16,1.,0.));
#4231 = ORIENTED_EDGE('',*,*,#3249,.T.);
#4232 = ORIENTED_EDGE('',*,*,#4194,.T.);
#4233 = PLANE('',#4234);
#4234 = AXIS2_PLACEMENT_3D('',#4235,#4236,#4237);
#4235 = CARTESIAN_POINT('',(5.32,-2.454542146756,2.070457853244));
#4236 = DIRECTION('',(-1.,1.224646799147E-16,0.));
#4237 = DIRECTION('',(0.,0.,1.));
#4238 = ADVANCED_FACE('',(#4239),#4250,.F.);
#4239 = FACE_BOUND('',#4240,.F.);
#4240 = EDGE_LOOP('',(#4241,#4242,#4248,#4249));
#4241 = ORIENTED_EDGE('',*,*,#4226,.F.);
#4242 = ORIENTED_EDGE('',*,*,#4243,.T.);
#4243 = EDGE_CURVE('',#4219,#4166,#4244,.T.);
#4244 = LINE('',#4245,#4246);
#4245 = CARTESIAN_POINT('',(5.32,-8.5,4.07));
#4246 = VECTOR('',#4247,1.);
#4247 = DIRECTION('',(-1.,1.224646799147E-16,0.));
#4248 = ORIENTED_EDGE('',*,*,#4173,.T.);
#4249 = ORIENTED_EDGE('',*,*,#3241,.T.);
#4250 = PLANE('',#4251);
#4251 = AXIS2_PLACEMENT_3D('',#4252,#4253,#4254);
#4252 = CARTESIAN_POINT('',(5.32,-8.7,4.07));
#4253 = DIRECTION('',(-0.,0.,-1.));
#4254 = DIRECTION('',(1.224646799147E-16,1.,0.));
#4255 = ADVANCED_FACE('',(#4256),#4281,.F.);
#4256 = FACE_BOUND('',#4257,.F.);
#4257 = EDGE_LOOP('',(#4258,#4266,#4274,#4280));
#4258 = ORIENTED_EDGE('',*,*,#4259,.F.);
#4259 = EDGE_CURVE('',#4260,#3268,#4262,.T.);
#4260 = VERTEX_POINT('',#4261);
#4261 = CARTESIAN_POINT('',(2.82,-8.5,4.07));
#4262 = LINE('',#4263,#4264);
#4263 = CARTESIAN_POINT('',(2.82,-8.7,4.07));
#4264 = VECTOR('',#4265,1.);
#4265 = DIRECTION('',(1.224646799147E-16,1.,0.));
#4266 = ORIENTED_EDGE('',*,*,#4267,.T.);
#4267 = EDGE_CURVE('',#4260,#4268,#4270,.T.);
#4268 = VERTEX_POINT('',#4269);
#4269 = CARTESIAN_POINT('',(2.18,-8.5,4.07));
#4270 = LINE('',#4271,#4272);
#4271 = CARTESIAN_POINT('',(2.82,-8.5,4.07));
#4272 = VECTOR('',#4273,1.);
#4273 = DIRECTION('',(-1.,1.224646799147E-16,0.));
#4274 = ORIENTED_EDGE('',*,*,#4275,.T.);
#4275 = EDGE_CURVE('',#4268,#3266,#4276,.T.);
#4276 = LINE('',#4277,#4278);
#4277 = CARTESIAN_POINT('',(2.18,-8.7,4.07));
#4278 = VECTOR('',#4279,1.);
#4279 = DIRECTION('',(1.224646799147E-16,1.,0.));
#4280 = ORIENTED_EDGE('',*,*,#3265,.T.);
#4281 = PLANE('',#4282);
#4282 = AXIS2_PLACEMENT_3D('',#4283,#4284,#4285);
#4283 = CARTESIAN_POINT('',(2.82,-8.7,4.07));
#4284 = DIRECTION('',(-0.,0.,-1.));
#4285 = DIRECTION('',(1.224646799147E-16,1.,0.));
#4286 = ADVANCED_FACE('',(#4287),#4305,.T.);
#4287 = FACE_BOUND('',#4288,.T.);
#4288 = EDGE_LOOP('',(#4289,#4297,#4298,#4299));
#4289 = ORIENTED_EDGE('',*,*,#4290,.T.);
#4290 = EDGE_CURVE('',#4291,#4268,#4293,.T.);
#4291 = VERTEX_POINT('',#4292);
#4292 = CARTESIAN_POINT('',(2.18,-8.5,3.43));
#4293 = LINE('',#4294,#4295);
#4294 = CARTESIAN_POINT('',(2.18,-8.5,3.43));
#4295 = VECTOR('',#4296,1.);
#4296 = DIRECTION('',(0.,0.,1.));
#4297 = ORIENTED_EDGE('',*,*,#4275,.T.);
#4298 = ORIENTED_EDGE('',*,*,#3291,.T.);
#4299 = ORIENTED_EDGE('',*,*,#4300,.T.);
#4300 = EDGE_CURVE('',#3284,#4291,#4301,.T.);
#4301 = LINE('',#4302,#4303);
#4302 = CARTESIAN_POINT('',(2.18,-0.32,3.43));
#4303 = VECTOR('',#4304,1.);
#4304 = DIRECTION('',(-1.224646799147E-16,-1.,0.));
#4305 = PLANE('',#4306);
#4306 = AXIS2_PLACEMENT_3D('',#4307,#4308,#4309);
#4307 = CARTESIAN_POINT('',(2.18,-2.454542146756,2.070457853244));
#4308 = DIRECTION('',(-1.,1.224646799147E-16,0.));
#4309 = DIRECTION('',(0.,0.,1.));
#4310 = ADVANCED_FACE('',(#4311),#4329,.F.);
#4311 = FACE_BOUND('',#4312,.F.);
#4312 = EDGE_LOOP('',(#4313,#4321,#4322,#4323));
#4313 = ORIENTED_EDGE('',*,*,#4314,.F.);
#4314 = EDGE_CURVE('',#3276,#4315,#4317,.T.);
#4315 = VERTEX_POINT('',#4316);
#4316 = CARTESIAN_POINT('',(2.82,-8.5,3.43));
#4317 = LINE('',#4318,#4319);
#4318 = CARTESIAN_POINT('',(2.82,-0.32,3.43));
#4319 = VECTOR('',#4320,1.);
#4320 = DIRECTION('',(-1.224646799147E-16,-1.,0.));
#4321 = ORIENTED_EDGE('',*,*,#3283,.T.);
#4322 = ORIENTED_EDGE('',*,*,#4300,.T.);
#4323 = ORIENTED_EDGE('',*,*,#4324,.F.);
#4324 = EDGE_CURVE('',#4315,#4291,#4325,.T.);
#4325 = LINE('',#4326,#4327);
#4326 = CARTESIAN_POINT('',(2.82,-8.5,3.43));
#4327 = VECTOR('',#4328,1.);
#4328 = DIRECTION('',(-1.,1.224646799147E-16,0.));
#4329 = PLANE('',#4330);
#4330 = AXIS2_PLACEMENT_3D('',#4331,#4332,#4333);
#4331 = CARTESIAN_POINT('',(2.82,-0.32,3.43));
#4332 = DIRECTION('',(0.,0.,1.));
#4333 = DIRECTION('',(-1.224646799147E-16,-1.,0.));
#4334 = ADVANCED_FACE('',(#4335),#4346,.F.);
#4335 = FACE_BOUND('',#4336,.F.);
#4336 = EDGE_LOOP('',(#4337,#4343,#4344,#4345));
#4337 = ORIENTED_EDGE('',*,*,#4338,.T.);
#4338 = EDGE_CURVE('',#4315,#4260,#4339,.T.);
#4339 = LINE('',#4340,#4341);
#4340 = CARTESIAN_POINT('',(2.82,-8.5,3.43));
#4341 = VECTOR('',#4342,1.);
#4342 = DIRECTION('',(0.,0.,1.));
#4343 = ORIENTED_EDGE('',*,*,#4259,.T.);
#4344 = ORIENTED_EDGE('',*,*,#3275,.T.);
#4345 = ORIENTED_EDGE('',*,*,#4314,.T.);
#4346 = PLANE('',#4347);
#4347 = AXIS2_PLACEMENT_3D('',#4348,#4349,#4350);
#4348 = CARTESIAN_POINT('',(2.82,-2.454542146756,2.070457853244));
#4349 = DIRECTION('',(-1.,1.224646799147E-16,0.));
#4350 = DIRECTION('',(0.,0.,1.));
#4351 = ADVANCED_FACE('',(#4352),#4377,.F.);
#4352 = FACE_BOUND('',#4353,.F.);
#4353 = EDGE_LOOP('',(#4354,#4362,#4370,#4376));
#4354 = ORIENTED_EDGE('',*,*,#4355,.F.);
#4355 = EDGE_CURVE('',#4356,#3302,#4358,.T.);
#4356 = VERTEX_POINT('',#4357);
#4357 = CARTESIAN_POINT('',(7.82,-8.5,4.07));
#4358 = LINE('',#4359,#4360);
#4359 = CARTESIAN_POINT('',(7.82,-8.7,4.07));
#4360 = VECTOR('',#4361,1.);
#4361 = DIRECTION('',(1.224646799147E-16,1.,0.));
#4362 = ORIENTED_EDGE('',*,*,#4363,.T.);
#4363 = EDGE_CURVE('',#4356,#4364,#4366,.T.);
#4364 = VERTEX_POINT('',#4365);
#4365 = CARTESIAN_POINT('',(7.18,-8.5,4.07));
#4366 = LINE('',#4367,#4368);
#4367 = CARTESIAN_POINT('',(7.82,-8.5,4.07));
#4368 = VECTOR('',#4369,1.);
#4369 = DIRECTION('',(-1.,1.224646799147E-16,0.));
#4370 = ORIENTED_EDGE('',*,*,#4371,.T.);
#4371 = EDGE_CURVE('',#4364,#3300,#4372,.T.);
#4372 = LINE('',#4373,#4374);
#4373 = CARTESIAN_POINT('',(7.18,-8.7,4.07));
#4374 = VECTOR('',#4375,1.);
#4375 = DIRECTION('',(1.224646799147E-16,1.,0.));
#4376 = ORIENTED_EDGE('',*,*,#3299,.T.);
#4377 = PLANE('',#4378);
#4378 = AXIS2_PLACEMENT_3D('',#4379,#4380,#4381);
#4379 = CARTESIAN_POINT('',(7.82,-8.7,4.07));
#4380 = DIRECTION('',(-0.,0.,-1.));
#4381 = DIRECTION('',(1.224646799147E-16,1.,0.));
#4382 = ADVANCED_FACE('',(#4383),#4401,.T.);
#4383 = FACE_BOUND('',#4384,.T.);
#4384 = EDGE_LOOP('',(#4385,#4393,#4394,#4395));
#4385 = ORIENTED_EDGE('',*,*,#4386,.T.);
#4386 = EDGE_CURVE('',#4387,#4364,#4389,.T.);
#4387 = VERTEX_POINT('',#4388);
#4388 = CARTESIAN_POINT('',(7.18,-8.5,3.43));
#4389 = LINE('',#4390,#4391);
#4390 = CARTESIAN_POINT('',(7.18,-8.5,3.43));
#4391 = VECTOR('',#4392,1.);
#4392 = DIRECTION('',(0.,0.,1.));
#4393 = ORIENTED_EDGE('',*,*,#4371,.T.);
#4394 = ORIENTED_EDGE('',*,*,#3325,.T.);
#4395 = ORIENTED_EDGE('',*,*,#4396,.T.);
#4396 = EDGE_CURVE('',#3318,#4387,#4397,.T.);
#4397 = LINE('',#4398,#4399);
#4398 = CARTESIAN_POINT('',(7.18,-0.32,3.43));
#4399 = VECTOR('',#4400,1.);
#4400 = DIRECTION('',(-1.224646799147E-16,-1.,0.));
#4401 = PLANE('',#4402);
#4402 = AXIS2_PLACEMENT_3D('',#4403,#4404,#4405);
#4403 = CARTESIAN_POINT('',(7.18,-2.46404183087,2.050076029119));
#4404 = DIRECTION('',(-1.,1.224646799147E-16,0.));
#4405 = DIRECTION('',(0.,0.,1.));
#4406 = ADVANCED_FACE('',(#4407),#4425,.F.);
#4407 = FACE_BOUND('',#4408,.F.);
#4408 = EDGE_LOOP('',(#4409,#4417,#4418,#4419));
#4409 = ORIENTED_EDGE('',*,*,#4410,.F.);
#4410 = EDGE_CURVE('',#3310,#4411,#4413,.T.);
#4411 = VERTEX_POINT('',#4412);
#4412 = CARTESIAN_POINT('',(7.82,-8.5,3.43));
#4413 = LINE('',#4414,#4415);
#4414 = CARTESIAN_POINT('',(7.82,-0.32,3.43));
#4415 = VECTOR('',#4416,1.);
#4416 = DIRECTION('',(-1.224646799147E-16,-1.,0.));
#4417 = ORIENTED_EDGE('',*,*,#3317,.T.);
#4418 = ORIENTED_EDGE('',*,*,#4396,.T.);
#4419 = ORIENTED_EDGE('',*,*,#4420,.F.);
#4420 = EDGE_CURVE('',#4411,#4387,#4421,.T.);
#4421 = LINE('',#4422,#4423);
#4422 = CARTESIAN_POINT('',(7.82,-8.5,3.43));
#4423 = VECTOR('',#4424,1.);
#4424 = DIRECTION('',(-1.,1.224646799147E-16,0.));
#4425 = PLANE('',#4426);
#4426 = AXIS2_PLACEMENT_3D('',#4427,#4428,#4429);
#4427 = CARTESIAN_POINT('',(7.82,-0.32,3.43));
#4428 = DIRECTION('',(0.,0.,1.));
#4429 = DIRECTION('',(-1.224646799147E-16,-1.,0.));
#4430 = ADVANCED_FACE('',(#4431),#4442,.F.);
#4431 = FACE_BOUND('',#4432,.F.);
#4432 = EDGE_LOOP('',(#4433,#4439,#4440,#4441));
#4433 = ORIENTED_EDGE('',*,*,#4434,.T.);
#4434 = EDGE_CURVE('',#4411,#4356,#4435,.T.);
#4435 = LINE('',#4436,#4437);
#4436 = CARTESIAN_POINT('',(7.82,-8.5,3.43));
#4437 = VECTOR('',#4438,1.);
#4438 = DIRECTION('',(0.,0.,1.));
#4439 = ORIENTED_EDGE('',*,*,#4355,.T.);
#4440 = ORIENTED_EDGE('',*,*,#3309,.T.);
#4441 = ORIENTED_EDGE('',*,*,#4410,.T.);
#4442 = PLANE('',#4443);
#4443 = AXIS2_PLACEMENT_3D('',#4444,#4445,#4446);
#4444 = CARTESIAN_POINT('',(7.82,-2.46404183087,2.050076029119));
#4445 = DIRECTION('',(-1.,1.224646799147E-16,0.));
#4446 = DIRECTION('',(0.,0.,1.));
#4447 = ADVANCED_FACE('',(#4448),#4459,.T.);
#4448 = FACE_BOUND('',#4449,.F.);
#4449 = EDGE_LOOP('',(#4450,#4451,#4457,#4458));
#4450 = ORIENTED_EDGE('',*,*,#3556,.F.);
#4451 = ORIENTED_EDGE('',*,*,#4452,.T.);
#4452 = EDGE_CURVE('',#3549,#3434,#4453,.T.);
#4453 = LINE('',#4454,#4455);
#4454 = CARTESIAN_POINT('',(0.32,-0.12,-3.4));
#4455 = VECTOR('',#4456,1.);
#4456 = DIRECTION('',(-1.,1.224646799147E-16,0.));
#4457 = ORIENTED_EDGE('',*,*,#3441,.T.);
#4458 = ORIENTED_EDGE('',*,*,#3399,.F.);
#4459 = PLANE('',#4460);
#4460 = AXIS2_PLACEMENT_3D('',#4461,#4462,#4463);
#4461 = CARTESIAN_POINT('',(0.32,-0.235596257347,-3.301223703467));
#4462 = DIRECTION('',(-8.302774088379E-17,-0.64962967394,-0.760250805153
    ));
#4463 = DIRECTION('',(1.,-1.247195775152E-16,-2.638869166629E-18));
#4464 = ADVANCED_FACE('',(#4465),#4476,.T.);
#4465 = FACE_BOUND('',#4466,.T.);
#4466 = EDGE_LOOP('',(#4467,#4468,#4474,#4475));
#4467 = ORIENTED_EDGE('',*,*,#3540,.F.);
#4468 = ORIENTED_EDGE('',*,*,#4469,.T.);
#4469 = EDGE_CURVE('',#3541,#3424,#4470,.T.);
#4470 = LINE('',#4471,#4472);
#4471 = CARTESIAN_POINT('',(0.32,0.12,-3.4));
#4472 = VECTOR('',#4473,1.);
#4473 = DIRECTION('',(-1.,1.224646799147E-16,0.));
#4474 = ORIENTED_EDGE('',*,*,#3423,.T.);
#4475 = ORIENTED_EDGE('',*,*,#3472,.F.);
#4476 = PLANE('',#4477);
#4477 = AXIS2_PLACEMENT_3D('',#4478,#4479,#4480);
#4478 = CARTESIAN_POINT('',(0.32,0.204403742653,-3.301223703467));
#4479 = DIRECTION('',(9.310387150808E-17,0.760250805153,-0.64962967394)
  );
#4480 = DIRECTION('',(-1.,1.224646799148E-16,-5.515863360725E-29));
#4481 = ADVANCED_FACE('',(#4482),#4488,.F.);
#4482 = FACE_BOUND('',#4483,.F.);
#4483 = EDGE_LOOP('',(#4484,#4485,#4486,#4487));
#4484 = ORIENTED_EDGE('',*,*,#3548,.F.);
#4485 = ORIENTED_EDGE('',*,*,#4469,.T.);
#4486 = ORIENTED_EDGE('',*,*,#3433,.T.);
#4487 = ORIENTED_EDGE('',*,*,#4452,.F.);
#4488 = PLANE('',#4489);
#4489 = AXIS2_PLACEMENT_3D('',#4490,#4491,#4492);
#4490 = CARTESIAN_POINT('',(0.32,0.32,-3.4));
#4491 = DIRECTION('',(0.,0.,1.));
#4492 = DIRECTION('',(-1.224646799147E-16,-1.,0.));
#4493 = ADVANCED_FACE('',(#4494),#4505,.T.);
#4494 = FACE_BOUND('',#4495,.F.);
#4495 = EDGE_LOOP('',(#4496,#4497,#4503,#4504));
#4496 = ORIENTED_EDGE('',*,*,#3688,.F.);
#4497 = ORIENTED_EDGE('',*,*,#4498,.T.);
#4498 = EDGE_CURVE('',#3681,#3633,#4499,.T.);
#4499 = LINE('',#4500,#4501);
#4500 = CARTESIAN_POINT('',(2.82,-0.12,-3.4));
#4501 = VECTOR('',#4502,1.);
#4502 = DIRECTION('',(-1.,1.224646799147E-16,0.));
#4503 = ORIENTED_EDGE('',*,*,#3640,.T.);
#4504 = ORIENTED_EDGE('',*,*,#3608,.F.);
#4505 = PLANE('',#4506);
#4506 = AXIS2_PLACEMENT_3D('',#4507,#4508,#4509);
#4507 = CARTESIAN_POINT('',(2.82,-0.22,-3.3));
#4508 = DIRECTION('',(-8.486018839685E-17,-0.707106781187,
    -0.707106781187));
#4509 = DIRECTION('',(1.,-1.212375546256E-16,1.227125289196E-18));
#4510 = ADVANCED_FACE('',(#4511),#4522,.T.);
#4511 = FACE_BOUND('',#4512,.T.);
#4512 = EDGE_LOOP('',(#4513,#4514,#4520,#4521));
#4513 = ORIENTED_EDGE('',*,*,#3672,.F.);
#4514 = ORIENTED_EDGE('',*,*,#4515,.T.);
#4515 = EDGE_CURVE('',#3673,#3625,#4516,.T.);
#4516 = LINE('',#4517,#4518);
#4517 = CARTESIAN_POINT('',(2.82,0.12,-3.4));
#4518 = VECTOR('',#4519,1.);
#4519 = DIRECTION('',(-1.,1.224646799147E-16,0.));
#4520 = ORIENTED_EDGE('',*,*,#3624,.T.);
#4521 = ORIENTED_EDGE('',*,*,#3658,.F.);
#4522 = PLANE('',#4523);
#4523 = AXIS2_PLACEMENT_3D('',#4524,#4525,#4526);
#4524 = CARTESIAN_POINT('',(2.82,0.22,-3.3));
#4525 = DIRECTION('',(8.486018839685E-17,0.707106781187,-0.707106781187)
  );
#4526 = DIRECTION('',(-1.,1.212375546256E-16,1.227125289196E-18));
#4527 = ADVANCED_FACE('',(#4528),#4534,.F.);
#4528 = FACE_BOUND('',#4529,.F.);
#4529 = EDGE_LOOP('',(#4530,#4531,#4532,#4533));
#4530 = ORIENTED_EDGE('',*,*,#4515,.T.);
#4531 = ORIENTED_EDGE('',*,*,#3632,.T.);
#4532 = ORIENTED_EDGE('',*,*,#4498,.F.);
#4533 = ORIENTED_EDGE('',*,*,#3680,.F.);
#4534 = PLANE('',#4535);
#4535 = AXIS2_PLACEMENT_3D('',#4536,#4537,#4538);
#4536 = CARTESIAN_POINT('',(2.82,0.32,-3.4));
#4537 = DIRECTION('',(0.,0.,1.));
#4538 = DIRECTION('',(-1.224646799147E-16,-1.,0.));
#4539 = ADVANCED_FACE('',(#4540),#4551,.T.);
#4540 = FACE_BOUND('',#4541,.F.);
#4541 = EDGE_LOOP('',(#4542,#4543,#4549,#4550));
#4542 = ORIENTED_EDGE('',*,*,#3818,.F.);
#4543 = ORIENTED_EDGE('',*,*,#4544,.T.);
#4544 = EDGE_CURVE('',#3811,#3746,#4545,.T.);
#4545 = LINE('',#4546,#4547);
#4546 = CARTESIAN_POINT('',(5.32,-0.12,-3.4));
#4547 = VECTOR('',#4548,1.);
#4548 = DIRECTION('',(-1.,1.224646799147E-16,0.));
#4549 = ORIENTED_EDGE('',*,*,#3753,.T.);
#4550 = ORIENTED_EDGE('',*,*,#3721,.F.);
#4551 = PLANE('',#4552);
#4552 = AXIS2_PLACEMENT_3D('',#4553,#4554,#4555);
#4553 = CARTESIAN_POINT('',(5.32,-0.22,-3.3));
#4554 = DIRECTION('',(-8.486018839685E-17,-0.707106781187,
    -0.707106781187));
#4555 = DIRECTION('',(1.,-1.212375546256E-16,1.227125289196E-18));
#4556 = ADVANCED_FACE('',(#4557),#4568,.T.);
#4557 = FACE_BOUND('',#4558,.T.);
#4558 = EDGE_LOOP('',(#4559,#4560,#4566,#4567));
#4559 = ORIENTED_EDGE('',*,*,#3802,.F.);
#4560 = ORIENTED_EDGE('',*,*,#4561,.T.);
#4561 = EDGE_CURVE('',#3803,#3738,#4562,.T.);
#4562 = LINE('',#4563,#4564);
#4563 = CARTESIAN_POINT('',(5.32,0.12,-3.4));
#4564 = VECTOR('',#4565,1.);
#4565 = DIRECTION('',(-1.,1.224646799147E-16,0.));
#4566 = ORIENTED_EDGE('',*,*,#3737,.T.);
#4567 = ORIENTED_EDGE('',*,*,#3776,.F.);
#4568 = PLANE('',#4569);
#4569 = AXIS2_PLACEMENT_3D('',#4570,#4571,#4572);
#4570 = CARTESIAN_POINT('',(5.32,0.22,-3.3));
#4571 = DIRECTION('',(8.486018839685E-17,0.707106781187,-0.707106781187)
  );
#4572 = DIRECTION('',(-1.,1.212375546256E-16,1.227125289196E-18));
#4573 = ADVANCED_FACE('',(#4574),#4580,.F.);
#4574 = FACE_BOUND('',#4575,.F.);
#4575 = EDGE_LOOP('',(#4576,#4577,#4578,#4579));
#4576 = ORIENTED_EDGE('',*,*,#4561,.T.);
#4577 = ORIENTED_EDGE('',*,*,#3745,.T.);
#4578 = ORIENTED_EDGE('',*,*,#4544,.F.);
#4579 = ORIENTED_EDGE('',*,*,#3810,.F.);
#4580 = PLANE('',#4581);
#4581 = AXIS2_PLACEMENT_3D('',#4582,#4583,#4584);
#4582 = CARTESIAN_POINT('',(5.32,0.32,-3.4));
#4583 = DIRECTION('',(0.,0.,1.));
#4584 = DIRECTION('',(-1.224646799147E-16,-1.,0.));
#4585 = ADVANCED_FACE('',(#4586),#4597,.T.);
#4586 = FACE_BOUND('',#4587,.F.);
#4587 = EDGE_LOOP('',(#4588,#4589,#4595,#4596));
#4588 = ORIENTED_EDGE('',*,*,#4050,.F.);
#4589 = ORIENTED_EDGE('',*,*,#4590,.T.);
#4590 = EDGE_CURVE('',#4043,#3945,#4591,.T.);
#4591 = LINE('',#4592,#4593);
#4592 = CARTESIAN_POINT('',(7.82,-0.12,-3.4));
#4593 = VECTOR('',#4594,1.);
#4594 = DIRECTION('',(-1.,1.224646799147E-16,0.));
#4595 = ORIENTED_EDGE('',*,*,#3952,.T.);
#4596 = ORIENTED_EDGE('',*,*,#3910,.F.);
#4597 = PLANE('',#4598);
#4598 = AXIS2_PLACEMENT_3D('',#4599,#4600,#4601);
#4599 = CARTESIAN_POINT('',(7.82,-0.235596257347,-3.301223703467));
#4600 = DIRECTION('',(-8.302774088379E-17,-0.64962967394,-0.760250805153
    ));
#4601 = DIRECTION('',(1.,-1.247195775152E-16,-2.638869166629E-18));
#4602 = ADVANCED_FACE('',(#4603),#4614,.T.);
#4603 = FACE_BOUND('',#4604,.T.);
#4604 = EDGE_LOOP('',(#4605,#4606,#4612,#4613));
#4605 = ORIENTED_EDGE('',*,*,#4034,.F.);
#4606 = ORIENTED_EDGE('',*,*,#4607,.T.);
#4607 = EDGE_CURVE('',#4035,#3935,#4608,.T.);
#4608 = LINE('',#4609,#4610);
#4609 = CARTESIAN_POINT('',(7.82,0.12,-3.4));
#4610 = VECTOR('',#4611,1.);
#4611 = DIRECTION('',(-1.,1.224646799147E-16,0.));
#4612 = ORIENTED_EDGE('',*,*,#3934,.T.);
#4613 = ORIENTED_EDGE('',*,*,#3983,.F.);
#4614 = PLANE('',#4615);
#4615 = AXIS2_PLACEMENT_3D('',#4616,#4617,#4618);
#4616 = CARTESIAN_POINT('',(7.82,0.204403742653,-3.301223703467));
#4617 = DIRECTION('',(9.310387150808E-17,0.760250805153,-0.64962967394)
  );
#4618 = DIRECTION('',(-1.,1.224646799148E-16,-5.515863360725E-29));
#4619 = ADVANCED_FACE('',(#4620),#4626,.F.);
#4620 = FACE_BOUND('',#4621,.F.);
#4621 = EDGE_LOOP('',(#4622,#4623,#4624,#4625));
#4622 = ORIENTED_EDGE('',*,*,#4042,.F.);
#4623 = ORIENTED_EDGE('',*,*,#4607,.T.);
#4624 = ORIENTED_EDGE('',*,*,#3944,.T.);
#4625 = ORIENTED_EDGE('',*,*,#4590,.F.);
#4626 = PLANE('',#4627);
#4627 = AXIS2_PLACEMENT_3D('',#4628,#4629,#4630);
#4628 = CARTESIAN_POINT('',(7.82,0.32,-3.4));
#4629 = DIRECTION('',(0.,0.,1.));
#4630 = DIRECTION('',(-1.224646799147E-16,-1.,0.));
#4631 = ADVANCED_FACE('',(#4632),#4657,.F.);
#4632 = FACE_BOUND('',#4633,.F.);
#4633 = EDGE_LOOP('',(#4634,#4642,#4643,#4651));
#4634 = ORIENTED_EDGE('',*,*,#4635,.F.);
#4635 = EDGE_CURVE('',#4068,#4636,#4638,.T.);
#4636 = VERTEX_POINT('',#4637);
#4637 = CARTESIAN_POINT('',(-0.12,-8.7,3.63));
#4638 = LINE('',#4639,#4640);
#4639 = CARTESIAN_POINT('',(-0.146666666667,-8.673333333333,
    3.603333333333));
#4640 = VECTOR('',#4641,1.);
#4641 = DIRECTION('',(0.57735026919,-0.57735026919,0.57735026919));
#4642 = ORIENTED_EDGE('',*,*,#4067,.T.);
#4643 = ORIENTED_EDGE('',*,*,#4644,.T.);
#4644 = EDGE_CURVE('',#4070,#4645,#4647,.T.);
#4645 = VERTEX_POINT('',#4646);
#4646 = CARTESIAN_POINT('',(-0.12,-8.7,3.87));
#4647 = LINE('',#4648,#4649);
#4648 = CARTESIAN_POINT('',(-4.E-02,-8.78,3.79));
#4649 = VECTOR('',#4650,1.);
#4650 = DIRECTION('',(0.57735026919,-0.57735026919,-0.57735026919));
#4651 = ORIENTED_EDGE('',*,*,#4652,.F.);
#4652 = EDGE_CURVE('',#4636,#4645,#4653,.T.);
#4653 = LINE('',#4654,#4655);
#4654 = CARTESIAN_POINT('',(-0.12,-8.7,3.43));
#4655 = VECTOR('',#4656,1.);
#4656 = DIRECTION('',(0.,0.,1.));
#4657 = PLANE('',#4658);
#4658 = AXIS2_PLACEMENT_3D('',#4659,#4660,#4661);
#4659 = CARTESIAN_POINT('',(-0.22,-8.6,3.43));
#4660 = DIRECTION('',(0.707106781187,0.707106781187,-1.735417226644E-18)
  );
#4661 = DIRECTION('',(1.227125289148E-18,1.227125289148E-18,1.));
#4662 = ADVANCED_FACE('',(#4663),#4681,.T.);
#4663 = FACE_BOUND('',#4664,.F.);
#4664 = EDGE_LOOP('',(#4665,#4673,#4674,#4675));
#4665 = ORIENTED_EDGE('',*,*,#4666,.F.);
#4666 = EDGE_CURVE('',#4099,#4667,#4669,.T.);
#4667 = VERTEX_POINT('',#4668);
#4668 = CARTESIAN_POINT('',(0.12,-8.7,3.63));
#4669 = LINE('',#4670,#4671);
#4670 = CARTESIAN_POINT('',(0.253333333333,-8.566666666667,
    3.496666666667));
#4671 = VECTOR('',#4672,1.);
#4672 = DIRECTION('',(-0.57735026919,-0.57735026919,0.57735026919));
#4673 = ORIENTED_EDGE('',*,*,#4108,.T.);
#4674 = ORIENTED_EDGE('',*,*,#4635,.T.);
#4675 = ORIENTED_EDGE('',*,*,#4676,.F.);
#4676 = EDGE_CURVE('',#4667,#4636,#4677,.T.);
#4677 = LINE('',#4678,#4679);
#4678 = CARTESIAN_POINT('',(0.32,-8.7,3.63));
#4679 = VECTOR('',#4680,1.);
#4680 = DIRECTION('',(-1.,1.224646799147E-16,0.));
#4681 = PLANE('',#4682);
#4682 = AXIS2_PLACEMENT_3D('',#4683,#4684,#4685);
#4683 = CARTESIAN_POINT('',(0.32,-8.6,3.53));
#4684 = DIRECTION('',(-8.659560562349E-17,-0.707106781187,
    -0.707106781187));
#4685 = DIRECTION('',(1.,-1.224646799147E-16,2.105272540809E-29));
#4686 = ADVANCED_FACE('',(#4687),#4705,.T.);
#4687 = FACE_BOUND('',#4688,.T.);
#4688 = EDGE_LOOP('',(#4689,#4690,#4691,#4699));
#4689 = ORIENTED_EDGE('',*,*,#4666,.F.);
#4690 = ORIENTED_EDGE('',*,*,#4122,.T.);
#4691 = ORIENTED_EDGE('',*,*,#4692,.T.);
#4692 = EDGE_CURVE('',#4123,#4693,#4695,.T.);
#4693 = VERTEX_POINT('',#4694);
#4694 = CARTESIAN_POINT('',(0.12,-8.7,3.87));
#4695 = LINE('',#4696,#4697);
#4696 = CARTESIAN_POINT('',(0.146666666667,-8.673333333333,
    3.896666666667));
#4697 = VECTOR('',#4698,1.);
#4698 = DIRECTION('',(-0.57735026919,-0.57735026919,-0.57735026919));
#4699 = ORIENTED_EDGE('',*,*,#4700,.F.);
#4700 = EDGE_CURVE('',#4667,#4693,#4701,.T.);
#4701 = LINE('',#4702,#4703);
#4702 = CARTESIAN_POINT('',(0.12,-8.7,3.43));
#4703 = VECTOR('',#4704,1.);
#4704 = DIRECTION('',(0.,0.,1.));
#4705 = PLANE('',#4706);
#4706 = AXIS2_PLACEMENT_3D('',#4707,#4708,#4709);
#4707 = CARTESIAN_POINT('',(0.22,-8.6,3.43));
#4708 = DIRECTION('',(0.707106781187,-0.707106781187,1.735417226644E-18)
  );
#4709 = DIRECTION('',(-1.227125289148E-18,1.227125289148E-18,1.));
#4710 = ADVANCED_FACE('',(#4711),#4722,.T.);
#4711 = FACE_BOUND('',#4712,.F.);
#4712 = EDGE_LOOP('',(#4713,#4714,#4720,#4721));
#4713 = ORIENTED_EDGE('',*,*,#4692,.T.);
#4714 = ORIENTED_EDGE('',*,*,#4715,.T.);
#4715 = EDGE_CURVE('',#4693,#4645,#4716,.T.);
#4716 = LINE('',#4717,#4718);
#4717 = CARTESIAN_POINT('',(0.32,-8.7,3.87));
#4718 = VECTOR('',#4719,1.);
#4719 = DIRECTION('',(-1.,1.224646799147E-16,0.));
#4720 = ORIENTED_EDGE('',*,*,#4644,.F.);
#4721 = ORIENTED_EDGE('',*,*,#4147,.F.);
#4722 = PLANE('',#4723);
#4723 = AXIS2_PLACEMENT_3D('',#4724,#4725,#4726);
#4724 = CARTESIAN_POINT('',(0.32,-8.6,3.97));
#4725 = DIRECTION('',(-8.659560562349E-17,-0.707106781187,0.707106781187
    ));
#4726 = DIRECTION('',(1.,-1.224646799147E-16,-2.105272540809E-29));
#4727 = ADVANCED_FACE('',(#4728),#4753,.F.);
#4728 = FACE_BOUND('',#4729,.F.);
#4729 = EDGE_LOOP('',(#4730,#4738,#4739,#4747));
#4730 = ORIENTED_EDGE('',*,*,#4731,.F.);
#4731 = EDGE_CURVE('',#4164,#4732,#4734,.T.);
#4732 = VERTEX_POINT('',#4733);
#4733 = CARTESIAN_POINT('',(4.88,-8.7,3.63));
#4734 = LINE('',#4735,#4736);
#4735 = CARTESIAN_POINT('',(4.853333333333,-8.673333333333,
    3.603333333333));
#4736 = VECTOR('',#4737,1.);
#4737 = DIRECTION('',(0.57735026919,-0.57735026919,0.57735026919));
#4738 = ORIENTED_EDGE('',*,*,#4163,.T.);
#4739 = ORIENTED_EDGE('',*,*,#4740,.T.);
#4740 = EDGE_CURVE('',#4166,#4741,#4743,.T.);
#4741 = VERTEX_POINT('',#4742);
#4742 = CARTESIAN_POINT('',(4.88,-8.7,3.87));
#4743 = LINE('',#4744,#4745);
#4744 = CARTESIAN_POINT('',(4.96,-8.78,3.79));
#4745 = VECTOR('',#4746,1.);
#4746 = DIRECTION('',(0.57735026919,-0.57735026919,-0.57735026919));
#4747 = ORIENTED_EDGE('',*,*,#4748,.F.);
#4748 = EDGE_CURVE('',#4732,#4741,#4749,.T.);
#4749 = LINE('',#4750,#4751);
#4750 = CARTESIAN_POINT('',(4.88,-8.7,3.43));
#4751 = VECTOR('',#4752,1.);
#4752 = DIRECTION('',(0.,0.,1.));
#4753 = PLANE('',#4754);
#4754 = AXIS2_PLACEMENT_3D('',#4755,#4756,#4757);
#4755 = CARTESIAN_POINT('',(4.78,-8.6,3.43));
#4756 = DIRECTION('',(0.707106781187,0.707106781187,-1.735417226644E-18)
  );
#4757 = DIRECTION('',(1.227125289148E-18,1.227125289148E-18,1.));
#4758 = ADVANCED_FACE('',(#4759),#4777,.T.);
#4759 = FACE_BOUND('',#4760,.F.);
#4760 = EDGE_LOOP('',(#4761,#4769,#4770,#4771));
#4761 = ORIENTED_EDGE('',*,*,#4762,.F.);
#4762 = EDGE_CURVE('',#4195,#4763,#4765,.T.);
#4763 = VERTEX_POINT('',#4764);
#4764 = CARTESIAN_POINT('',(5.12,-8.7,3.63));
#4765 = LINE('',#4766,#4767);
#4766 = CARTESIAN_POINT('',(5.253333333333,-8.566666666667,
    3.496666666667));
#4767 = VECTOR('',#4768,1.);
#4768 = DIRECTION('',(-0.57735026919,-0.57735026919,0.57735026919));
#4769 = ORIENTED_EDGE('',*,*,#4204,.T.);
#4770 = ORIENTED_EDGE('',*,*,#4731,.T.);
#4771 = ORIENTED_EDGE('',*,*,#4772,.F.);
#4772 = EDGE_CURVE('',#4763,#4732,#4773,.T.);
#4773 = LINE('',#4774,#4775);
#4774 = CARTESIAN_POINT('',(5.32,-8.7,3.63));
#4775 = VECTOR('',#4776,1.);
#4776 = DIRECTION('',(-1.,1.224646799147E-16,0.));
#4777 = PLANE('',#4778);
#4778 = AXIS2_PLACEMENT_3D('',#4779,#4780,#4781);
#4779 = CARTESIAN_POINT('',(5.32,-8.6,3.53));
#4780 = DIRECTION('',(-8.659560562349E-17,-0.707106781187,
    -0.707106781187));
#4781 = DIRECTION('',(1.,-1.224646799147E-16,2.105272540809E-29));
#4782 = ADVANCED_FACE('',(#4783),#4801,.T.);
#4783 = FACE_BOUND('',#4784,.T.);
#4784 = EDGE_LOOP('',(#4785,#4786,#4787,#4795));
#4785 = ORIENTED_EDGE('',*,*,#4762,.F.);
#4786 = ORIENTED_EDGE('',*,*,#4218,.T.);
#4787 = ORIENTED_EDGE('',*,*,#4788,.T.);
#4788 = EDGE_CURVE('',#4219,#4789,#4791,.T.);
#4789 = VERTEX_POINT('',#4790);
#4790 = CARTESIAN_POINT('',(5.12,-8.7,3.87));
#4791 = LINE('',#4792,#4793);
#4792 = CARTESIAN_POINT('',(5.146666666667,-8.673333333333,
    3.896666666667));
#4793 = VECTOR('',#4794,1.);
#4794 = DIRECTION('',(-0.57735026919,-0.57735026919,-0.57735026919));
#4795 = ORIENTED_EDGE('',*,*,#4796,.F.);
#4796 = EDGE_CURVE('',#4763,#4789,#4797,.T.);
#4797 = LINE('',#4798,#4799);
#4798 = CARTESIAN_POINT('',(5.12,-8.7,3.43));
#4799 = VECTOR('',#4800,1.);
#4800 = DIRECTION('',(0.,0.,1.));
#4801 = PLANE('',#4802);
#4802 = AXIS2_PLACEMENT_3D('',#4803,#4804,#4805);
#4803 = CARTESIAN_POINT('',(5.22,-8.6,3.43));
#4804 = DIRECTION('',(0.707106781187,-0.707106781187,1.735417226644E-18)
  );
#4805 = DIRECTION('',(-1.227125289148E-18,1.227125289148E-18,1.));
#4806 = ADVANCED_FACE('',(#4807),#4818,.T.);
#4807 = FACE_BOUND('',#4808,.T.);
#4808 = EDGE_LOOP('',(#4809,#4810,#4811,#4812));
#4809 = ORIENTED_EDGE('',*,*,#4788,.F.);
#4810 = ORIENTED_EDGE('',*,*,#4243,.T.);
#4811 = ORIENTED_EDGE('',*,*,#4740,.T.);
#4812 = ORIENTED_EDGE('',*,*,#4813,.F.);
#4813 = EDGE_CURVE('',#4789,#4741,#4814,.T.);
#4814 = LINE('',#4815,#4816);
#4815 = CARTESIAN_POINT('',(5.32,-8.7,3.87));
#4816 = VECTOR('',#4817,1.);
#4817 = DIRECTION('',(-1.,1.224646799147E-16,0.));
#4818 = PLANE('',#4819);
#4819 = AXIS2_PLACEMENT_3D('',#4820,#4821,#4822);
#4820 = CARTESIAN_POINT('',(5.32,-8.6,3.97));
#4821 = DIRECTION('',(-8.659560562349E-17,-0.707106781187,0.707106781187
    ));
#4822 = DIRECTION('',(-1.,1.224646799147E-16,2.105272540809E-29));
#4823 = ADVANCED_FACE('',(#4824),#4849,.T.);
#4824 = FACE_BOUND('',#4825,.T.);
#4825 = EDGE_LOOP('',(#4826,#4834,#4835,#4843));
#4826 = ORIENTED_EDGE('',*,*,#4827,.F.);
#4827 = EDGE_CURVE('',#4260,#4828,#4830,.T.);
#4828 = VERTEX_POINT('',#4829);
#4829 = CARTESIAN_POINT('',(2.62,-8.7,3.87));
#4830 = LINE('',#4831,#4832);
#4831 = CARTESIAN_POINT('',(2.646666666667,-8.673333333333,
    3.896666666667));
#4832 = VECTOR('',#4833,1.);
#4833 = DIRECTION('',(-0.57735026919,-0.57735026919,-0.57735026919));
#4834 = ORIENTED_EDGE('',*,*,#4267,.T.);
#4835 = ORIENTED_EDGE('',*,*,#4836,.T.);
#4836 = EDGE_CURVE('',#4268,#4837,#4839,.T.);
#4837 = VERTEX_POINT('',#4838);
#4838 = CARTESIAN_POINT('',(2.38,-8.7,3.87));
#4839 = LINE('',#4840,#4841);
#4840 = CARTESIAN_POINT('',(2.46,-8.78,3.79));
#4841 = VECTOR('',#4842,1.);
#4842 = DIRECTION('',(0.57735026919,-0.57735026919,-0.57735026919));
#4843 = ORIENTED_EDGE('',*,*,#4844,.F.);
#4844 = EDGE_CURVE('',#4828,#4837,#4845,.T.);
#4845 = LINE('',#4846,#4847);
#4846 = CARTESIAN_POINT('',(2.82,-8.7,3.87));
#4847 = VECTOR('',#4848,1.);
#4848 = DIRECTION('',(-1.,1.224646799147E-16,0.));
#4849 = PLANE('',#4850);
#4850 = AXIS2_PLACEMENT_3D('',#4851,#4852,#4853);
#4851 = CARTESIAN_POINT('',(2.82,-8.6,3.97));
#4852 = DIRECTION('',(-8.659560562349E-17,-0.707106781187,0.707106781187
    ));
#4853 = DIRECTION('',(-1.,1.224646799147E-16,2.105272540809E-29));
#4854 = ADVANCED_FACE('',(#4855),#4873,.F.);
#4855 = FACE_BOUND('',#4856,.F.);
#4856 = EDGE_LOOP('',(#4857,#4865,#4866,#4867));
#4857 = ORIENTED_EDGE('',*,*,#4858,.F.);
#4858 = EDGE_CURVE('',#4291,#4859,#4861,.T.);
#4859 = VERTEX_POINT('',#4860);
#4860 = CARTESIAN_POINT('',(2.38,-8.7,3.63));
#4861 = LINE('',#4862,#4863);
#4862 = CARTESIAN_POINT('',(2.353333333333,-8.673333333333,
    3.603333333333));
#4863 = VECTOR('',#4864,1.);
#4864 = DIRECTION('',(0.57735026919,-0.57735026919,0.57735026919));
#4865 = ORIENTED_EDGE('',*,*,#4290,.T.);
#4866 = ORIENTED_EDGE('',*,*,#4836,.T.);
#4867 = ORIENTED_EDGE('',*,*,#4868,.F.);
#4868 = EDGE_CURVE('',#4859,#4837,#4869,.T.);
#4869 = LINE('',#4870,#4871);
#4870 = CARTESIAN_POINT('',(2.38,-8.7,3.43));
#4871 = VECTOR('',#4872,1.);
#4872 = DIRECTION('',(0.,0.,1.));
#4873 = PLANE('',#4874);
#4874 = AXIS2_PLACEMENT_3D('',#4875,#4876,#4877);
#4875 = CARTESIAN_POINT('',(2.28,-8.6,3.43));
#4876 = DIRECTION('',(0.707106781187,0.707106781187,-1.735417226644E-18)
  );
#4877 = DIRECTION('',(1.227125289148E-18,1.227125289148E-18,1.));
#4878 = ADVANCED_FACE('',(#4879),#4897,.T.);
#4879 = FACE_BOUND('',#4880,.F.);
#4880 = EDGE_LOOP('',(#4881,#4889,#4890,#4891));
#4881 = ORIENTED_EDGE('',*,*,#4882,.F.);
#4882 = EDGE_CURVE('',#4315,#4883,#4885,.T.);
#4883 = VERTEX_POINT('',#4884);
#4884 = CARTESIAN_POINT('',(2.62,-8.7,3.63));
#4885 = LINE('',#4886,#4887);
#4886 = CARTESIAN_POINT('',(2.753333333333,-8.566666666667,
    3.496666666667));
#4887 = VECTOR('',#4888,1.);
#4888 = DIRECTION('',(-0.57735026919,-0.57735026919,0.57735026919));
#4889 = ORIENTED_EDGE('',*,*,#4324,.T.);
#4890 = ORIENTED_EDGE('',*,*,#4858,.T.);
#4891 = ORIENTED_EDGE('',*,*,#4892,.F.);
#4892 = EDGE_CURVE('',#4883,#4859,#4893,.T.);
#4893 = LINE('',#4894,#4895);
#4894 = CARTESIAN_POINT('',(2.82,-8.7,3.63));
#4895 = VECTOR('',#4896,1.);
#4896 = DIRECTION('',(-1.,1.224646799147E-16,0.));
#4897 = PLANE('',#4898);
#4898 = AXIS2_PLACEMENT_3D('',#4899,#4900,#4901);
#4899 = CARTESIAN_POINT('',(2.82,-8.6,3.53));
#4900 = DIRECTION('',(-8.659560562349E-17,-0.707106781187,
    -0.707106781187));
#4901 = DIRECTION('',(1.,-1.224646799147E-16,2.105272540809E-29));
#4902 = ADVANCED_FACE('',(#4903),#4914,.T.);
#4903 = FACE_BOUND('',#4904,.T.);
#4904 = EDGE_LOOP('',(#4905,#4906,#4907,#4908));
#4905 = ORIENTED_EDGE('',*,*,#4882,.F.);
#4906 = ORIENTED_EDGE('',*,*,#4338,.T.);
#4907 = ORIENTED_EDGE('',*,*,#4827,.T.);
#4908 = ORIENTED_EDGE('',*,*,#4909,.F.);
#4909 = EDGE_CURVE('',#4883,#4828,#4910,.T.);
#4910 = LINE('',#4911,#4912);
#4911 = CARTESIAN_POINT('',(2.62,-8.7,3.43));
#4912 = VECTOR('',#4913,1.);
#4913 = DIRECTION('',(0.,0.,1.));
#4914 = PLANE('',#4915);
#4915 = AXIS2_PLACEMENT_3D('',#4916,#4917,#4918);
#4916 = CARTESIAN_POINT('',(2.72,-8.6,3.43));
#4917 = DIRECTION('',(0.707106781187,-0.707106781187,1.735417226644E-18)
  );
#4918 = DIRECTION('',(-1.227125289148E-18,1.227125289148E-18,1.));
#4919 = ADVANCED_FACE('',(#4920),#4945,.T.);
#4920 = FACE_BOUND('',#4921,.F.);
#4921 = EDGE_LOOP('',(#4922,#4930,#4938,#4944));
#4922 = ORIENTED_EDGE('',*,*,#4923,.T.);
#4923 = EDGE_CURVE('',#4356,#4924,#4926,.T.);
#4924 = VERTEX_POINT('',#4925);
#4925 = CARTESIAN_POINT('',(7.62,-8.7,3.87));
#4926 = LINE('',#4927,#4928);
#4927 = CARTESIAN_POINT('',(7.646666666667,-8.673333333333,
    3.896666666667));
#4928 = VECTOR('',#4929,1.);
#4929 = DIRECTION('',(-0.57735026919,-0.57735026919,-0.57735026919));
#4930 = ORIENTED_EDGE('',*,*,#4931,.T.);
#4931 = EDGE_CURVE('',#4924,#4932,#4934,.T.);
#4932 = VERTEX_POINT('',#4933);
#4933 = CARTESIAN_POINT('',(7.38,-8.7,3.87));
#4934 = LINE('',#4935,#4936);
#4935 = CARTESIAN_POINT('',(7.82,-8.7,3.87));
#4936 = VECTOR('',#4937,1.);
#4937 = DIRECTION('',(-1.,1.224646799147E-16,0.));
#4938 = ORIENTED_EDGE('',*,*,#4939,.F.);
#4939 = EDGE_CURVE('',#4364,#4932,#4940,.T.);
#4940 = LINE('',#4941,#4942);
#4941 = CARTESIAN_POINT('',(7.46,-8.78,3.79));
#4942 = VECTOR('',#4943,1.);
#4943 = DIRECTION('',(0.57735026919,-0.57735026919,-0.57735026919));
#4944 = ORIENTED_EDGE('',*,*,#4363,.F.);
#4945 = PLANE('',#4946);
#4946 = AXIS2_PLACEMENT_3D('',#4947,#4948,#4949);
#4947 = CARTESIAN_POINT('',(7.82,-8.6,3.97));
#4948 = DIRECTION('',(-8.659560562349E-17,-0.707106781187,0.707106781187
    ));
#4949 = DIRECTION('',(1.,-1.224646799147E-16,-2.105272540809E-29));
#4950 = ADVANCED_FACE('',(#4951),#4969,.F.);
#4951 = FACE_BOUND('',#4952,.F.);
#4952 = EDGE_LOOP('',(#4953,#4961,#4962,#4963));
#4953 = ORIENTED_EDGE('',*,*,#4954,.F.);
#4954 = EDGE_CURVE('',#4387,#4955,#4957,.T.);
#4955 = VERTEX_POINT('',#4956);
#4956 = CARTESIAN_POINT('',(7.38,-8.7,3.63));
#4957 = LINE('',#4958,#4959);
#4958 = CARTESIAN_POINT('',(7.353333333333,-8.673333333333,
    3.603333333333));
#4959 = VECTOR('',#4960,1.);
#4960 = DIRECTION('',(0.57735026919,-0.57735026919,0.57735026919));
#4961 = ORIENTED_EDGE('',*,*,#4386,.T.);
#4962 = ORIENTED_EDGE('',*,*,#4939,.T.);
#4963 = ORIENTED_EDGE('',*,*,#4964,.F.);
#4964 = EDGE_CURVE('',#4955,#4932,#4965,.T.);
#4965 = LINE('',#4966,#4967);
#4966 = CARTESIAN_POINT('',(7.38,-8.7,3.43));
#4967 = VECTOR('',#4968,1.);
#4968 = DIRECTION('',(0.,0.,1.));
#4969 = PLANE('',#4970);
#4970 = AXIS2_PLACEMENT_3D('',#4971,#4972,#4973);
#4971 = CARTESIAN_POINT('',(7.28,-8.6,3.43));
#4972 = DIRECTION('',(0.707106781187,0.707106781187,-1.735417226644E-18)
  );
#4973 = DIRECTION('',(1.227125289148E-18,1.227125289148E-18,1.));
#4974 = ADVANCED_FACE('',(#4975),#4993,.T.);
#4975 = FACE_BOUND('',#4976,.F.);
#4976 = EDGE_LOOP('',(#4977,#4985,#4986,#4987));
#4977 = ORIENTED_EDGE('',*,*,#4978,.F.);
#4978 = EDGE_CURVE('',#4411,#4979,#4981,.T.);
#4979 = VERTEX_POINT('',#4980);
#4980 = CARTESIAN_POINT('',(7.62,-8.7,3.63));
#4981 = LINE('',#4982,#4983);
#4982 = CARTESIAN_POINT('',(7.753333333333,-8.566666666667,
    3.496666666667));
#4983 = VECTOR('',#4984,1.);
#4984 = DIRECTION('',(-0.57735026919,-0.57735026919,0.57735026919));
#4985 = ORIENTED_EDGE('',*,*,#4420,.T.);
#4986 = ORIENTED_EDGE('',*,*,#4954,.T.);
#4987 = ORIENTED_EDGE('',*,*,#4988,.F.);
#4988 = EDGE_CURVE('',#4979,#4955,#4989,.T.);
#4989 = LINE('',#4990,#4991);
#4990 = CARTESIAN_POINT('',(7.82,-8.7,3.63));
#4991 = VECTOR('',#4992,1.);
#4992 = DIRECTION('',(-1.,1.224646799147E-16,0.));
#4993 = PLANE('',#4994);
#4994 = AXIS2_PLACEMENT_3D('',#4995,#4996,#4997);
#4995 = CARTESIAN_POINT('',(7.82,-8.6,3.53));
#4996 = DIRECTION('',(-8.659560562349E-17,-0.707106781187,
    -0.707106781187));
#4997 = DIRECTION('',(1.,-1.224646799147E-16,2.105272540809E-29));
#4998 = ADVANCED_FACE('',(#4999),#5010,.T.);
#4999 = FACE_BOUND('',#5000,.T.);
#5000 = EDGE_LOOP('',(#5001,#5002,#5003,#5004));
#5001 = ORIENTED_EDGE('',*,*,#4978,.F.);
#5002 = ORIENTED_EDGE('',*,*,#4434,.T.);
#5003 = ORIENTED_EDGE('',*,*,#4923,.T.);
#5004 = ORIENTED_EDGE('',*,*,#5005,.F.);
#5005 = EDGE_CURVE('',#4979,#4924,#5006,.T.);
#5006 = LINE('',#5007,#5008);
#5007 = CARTESIAN_POINT('',(7.62,-8.7,3.43));
#5008 = VECTOR('',#5009,1.);
#5009 = DIRECTION('',(0.,0.,1.));
#5010 = PLANE('',#5011);
#5011 = AXIS2_PLACEMENT_3D('',#5012,#5013,#5014);
#5012 = CARTESIAN_POINT('',(7.72,-8.6,3.43));
#5013 = DIRECTION('',(0.707106781187,-0.707106781187,1.735417226644E-18)
  );
#5014 = DIRECTION('',(-1.227125289148E-18,1.227125289148E-18,1.));
#5015 = ADVANCED_FACE('',(#5016),#5022,.F.);
#5016 = FACE_BOUND('',#5017,.F.);
#5017 = EDGE_LOOP('',(#5018,#5019,#5020,#5021));
#5018 = ORIENTED_EDGE('',*,*,#4700,.F.);
#5019 = ORIENTED_EDGE('',*,*,#4676,.T.);
#5020 = ORIENTED_EDGE('',*,*,#4652,.T.);
#5021 = ORIENTED_EDGE('',*,*,#4715,.F.);
#5022 = PLANE('',#5023);
#5023 = AXIS2_PLACEMENT_3D('',#5024,#5025,#5026);
#5024 = CARTESIAN_POINT('',(0.32,-8.7,3.43));
#5025 = DIRECTION('',(1.224646799147E-16,1.,0.));
#5026 = DIRECTION('',(0.,-0.,1.));
#5027 = ADVANCED_FACE('',(#5028),#5034,.F.);
#5028 = FACE_BOUND('',#5029,.F.);
#5029 = EDGE_LOOP('',(#5030,#5031,#5032,#5033));
#5030 = ORIENTED_EDGE('',*,*,#4772,.T.);
#5031 = ORIENTED_EDGE('',*,*,#4748,.T.);
#5032 = ORIENTED_EDGE('',*,*,#4813,.F.);
#5033 = ORIENTED_EDGE('',*,*,#4796,.F.);
#5034 = PLANE('',#5035);
#5035 = AXIS2_PLACEMENT_3D('',#5036,#5037,#5038);
#5036 = CARTESIAN_POINT('',(5.32,-8.7,3.43));
#5037 = DIRECTION('',(1.224646799147E-16,1.,0.));
#5038 = DIRECTION('',(0.,-0.,1.));
#5039 = ADVANCED_FACE('',(#5040),#5046,.F.);
#5040 = FACE_BOUND('',#5041,.F.);
#5041 = EDGE_LOOP('',(#5042,#5043,#5044,#5045));
#5042 = ORIENTED_EDGE('',*,*,#4892,.T.);
#5043 = ORIENTED_EDGE('',*,*,#4868,.T.);
#5044 = ORIENTED_EDGE('',*,*,#4844,.F.);
#5045 = ORIENTED_EDGE('',*,*,#4909,.F.);
#5046 = PLANE('',#5047);
#5047 = AXIS2_PLACEMENT_3D('',#5048,#5049,#5050);
#5048 = CARTESIAN_POINT('',(2.82,-8.7,3.43));
#5049 = DIRECTION('',(1.224646799147E-16,1.,0.));
#5050 = DIRECTION('',(0.,-0.,1.));
#5051 = ADVANCED_FACE('',(#5052),#5058,.F.);
#5052 = FACE_BOUND('',#5053,.F.);
#5053 = EDGE_LOOP('',(#5054,#5055,#5056,#5057));
#5054 = ORIENTED_EDGE('',*,*,#5005,.F.);
#5055 = ORIENTED_EDGE('',*,*,#4988,.T.);
#5056 = ORIENTED_EDGE('',*,*,#4964,.T.);
#5057 = ORIENTED_EDGE('',*,*,#4931,.F.);
#5058 = PLANE('',#5059);
#5059 = AXIS2_PLACEMENT_3D('',#5060,#5061,#5062);
#5060 = CARTESIAN_POINT('',(7.82,-8.7,3.43));
#5061 = DIRECTION('',(1.224646799147E-16,1.,0.));
#5062 = DIRECTION('',(0.,-0.,1.));
#5063 = ( GEOMETRIC_REPRESENTATION_CONTEXT(3) 
GLOBAL_UNCERTAINTY_ASSIGNED_CONTEXT((#5067)) 
GLOBAL_UNIT_ASSIGNED_CONTEXT((#5064,#5065,#5066)) REPRESENTATION_CONTEXT
('Context #1','3D Context with UNIT and UNCERTAINTY') );
#5064 = ( LENGTH_UNIT() NAMED_UNIT(*) SI_UNIT(.MILLI.,.METRE.) );
#5065 = ( NAMED_UNIT(*) PLANE_ANGLE_UNIT() SI_UNIT($,.RADIAN.) );
#5066 = ( NAMED_UNIT(*) SI_UNIT($,.STERADIAN.) SOLID_ANGLE_UNIT() );
#5067 = UNCERTAINTY_MEASURE_WITH_UNIT(LENGTH_MEASURE(1.E-07),#5064,
  'distance_accuracy_value','confusion accuracy');
#5068 = CONTEXT_DEPENDENT_SHAPE_REPRESENTATION(#5069,#5071);
#5069 = ( REPRESENTATION_RELATIONSHIP('','',#59,#36) 
REPRESENTATION_RELATIONSHIP_WITH_TRANSFORMATION(#5070) 
SHAPE_REPRESENTATION_RELATIONSHIP() );
#5070 = ITEM_DEFINED_TRANSFORMATION('','',#11,#37);
#5071 = PRODUCT_DEFINITION_SHAPE('Placement','Placement of an item',
  #5072);
#5072 = NEXT_ASSEMBLY_USAGE_OCCURRENCE('1','=>[0:1:1:3]','',#31,#54,$);
#5073 = PRODUCT_RELATED_PRODUCT_CATEGORY('part',$,(#56));
#5074 = SHAPE_DEFINITION_REPRESENTATION(#5075,#5081);
#5075 = PRODUCT_DEFINITION_SHAPE('','',#5076);
#5076 = PRODUCT_DEFINITION('design','',#5077,#5080);
#5077 = PRODUCT_DEFINITION_FORMATION('','',#5078);
#5078 = PRODUCT('Hold sensor board_PCB','Hold sensor board_PCB','',(
    #5079));
#5079 = PRODUCT_CONTEXT('',#2,'mechanical');
#5080 = PRODUCT_DEFINITION_CONTEXT('part definition',#2,'design');
#5081 = ADVANCED_BREP_SHAPE_REPRESENTATION('',(#11,#5082),#5622);
#5082 = MANIFOLD_SOLID_BREP('',#5083);
#5083 = CLOSED_SHELL('',(#5084,#5124,#5155,#5186,#5313,#5440,#5452,#5469
    ,#5486,#5503,#5520,#5537,#5554,#5571,#5588,#5605));
#5084 = ADVANCED_FACE('',(#5085),#5119,.T.);
#5085 = FACE_BOUND('',#5086,.T.);
#5086 = EDGE_LOOP('',(#5087,#5097,#5105,#5113));
#5087 = ORIENTED_EDGE('',*,*,#5088,.T.);
#5088 = EDGE_CURVE('',#5089,#5091,#5093,.T.);
#5089 = VERTEX_POINT('',#5090);
#5090 = CARTESIAN_POINT('',(213.,-100.,0.));
#5091 = VERTEX_POINT('',#5092);
#5092 = CARTESIAN_POINT('',(213.,-100.,1.6));
#5093 = LINE('',#5094,#5095);
#5094 = CARTESIAN_POINT('',(213.,-100.,0.));
#5095 = VECTOR('',#5096,1.);
#5096 = DIRECTION('',(0.,0.,1.));
#5097 = ORIENTED_EDGE('',*,*,#5098,.T.);
#5098 = EDGE_CURVE('',#5091,#5099,#5101,.T.);
#5099 = VERTEX_POINT('',#5100);
#5100 = CARTESIAN_POINT('',(200.,-100.,1.6));
#5101 = LINE('',#5102,#5103);
#5102 = CARTESIAN_POINT('',(213.,-100.,1.6));
#5103 = VECTOR('',#5104,1.);
#5104 = DIRECTION('',(-1.,0.,0.));
#5105 = ORIENTED_EDGE('',*,*,#5106,.F.);
#5106 = EDGE_CURVE('',#5107,#5099,#5109,.T.);
#5107 = VERTEX_POINT('',#5108);
#5108 = CARTESIAN_POINT('',(200.,-100.,0.));
#5109 = LINE('',#5110,#5111);
#5110 = CARTESIAN_POINT('',(200.,-100.,0.));
#5111 = VECTOR('',#5112,1.);
#5112 = DIRECTION('',(0.,0.,1.));
#5113 = ORIENTED_EDGE('',*,*,#5114,.F.);
#5114 = EDGE_CURVE('',#5089,#5107,#5115,.T.);
#5115 = LINE('',#5116,#5117);
#5116 = CARTESIAN_POINT('',(213.,-100.,0.));
#5117 = VECTOR('',#5118,1.);
#5118 = DIRECTION('',(-1.,0.,0.));
#5119 = PLANE('',#5120);
#5120 = AXIS2_PLACEMENT_3D('',#5121,#5122,#5123);
#5121 = CARTESIAN_POINT('',(213.,-100.,0.));
#5122 = DIRECTION('',(0.,-1.,0.));
#5123 = DIRECTION('',(-1.,0.,0.));
#5124 = ADVANCED_FACE('',(#5125),#5150,.T.);
#5125 = FACE_BOUND('',#5126,.T.);
#5126 = EDGE_LOOP('',(#5127,#5137,#5143,#5144));
#5127 = ORIENTED_EDGE('',*,*,#5128,.T.);
#5128 = EDGE_CURVE('',#5129,#5131,#5133,.T.);
#5129 = VERTEX_POINT('',#5130);
#5130 = CARTESIAN_POINT('',(213.,-66.,0.));
#5131 = VERTEX_POINT('',#5132);
#5132 = CARTESIAN_POINT('',(213.,-66.,1.6));
#5133 = LINE('',#5134,#5135);
#5134 = CARTESIAN_POINT('',(213.,-66.,0.));
#5135 = VECTOR('',#5136,1.);
#5136 = DIRECTION('',(0.,0.,1.));
#5137 = ORIENTED_EDGE('',*,*,#5138,.T.);
#5138 = EDGE_CURVE('',#5131,#5091,#5139,.T.);
#5139 = LINE('',#5140,#5141);
#5140 = CARTESIAN_POINT('',(213.,-66.,1.6));
#5141 = VECTOR('',#5142,1.);
#5142 = DIRECTION('',(0.,-1.,0.));
#5143 = ORIENTED_EDGE('',*,*,#5088,.F.);
#5144 = ORIENTED_EDGE('',*,*,#5145,.F.);
#5145 = EDGE_CURVE('',#5129,#5089,#5146,.T.);
#5146 = LINE('',#5147,#5148);
#5147 = CARTESIAN_POINT('',(213.,-66.,0.));
#5148 = VECTOR('',#5149,1.);
#5149 = DIRECTION('',(0.,-1.,0.));
#5150 = PLANE('',#5151);
#5151 = AXIS2_PLACEMENT_3D('',#5152,#5153,#5154);
#5152 = CARTESIAN_POINT('',(213.,-66.,0.));
#5153 = DIRECTION('',(1.,0.,-0.));
#5154 = DIRECTION('',(0.,-1.,0.));
#5155 = ADVANCED_FACE('',(#5156),#5181,.T.);
#5156 = FACE_BOUND('',#5157,.T.);
#5157 = EDGE_LOOP('',(#5158,#5159,#5167,#5175));
#5158 = ORIENTED_EDGE('',*,*,#5106,.T.);
#5159 = ORIENTED_EDGE('',*,*,#5160,.T.);
#5160 = EDGE_CURVE('',#5099,#5161,#5163,.T.);
#5161 = VERTEX_POINT('',#5162);
#5162 = CARTESIAN_POINT('',(200.,-66.,1.6));
#5163 = LINE('',#5164,#5165);
#5164 = CARTESIAN_POINT('',(200.,-100.,1.6));
#5165 = VECTOR('',#5166,1.);
#5166 = DIRECTION('',(0.,1.,0.));
#5167 = ORIENTED_EDGE('',*,*,#5168,.F.);
#5168 = EDGE_CURVE('',#5169,#5161,#5171,.T.);
#5169 = VERTEX_POINT('',#5170);
#5170 = CARTESIAN_POINT('',(200.,-66.,0.));
#5171 = LINE('',#5172,#5173);
#5172 = CARTESIAN_POINT('',(200.,-66.,0.));
#5173 = VECTOR('',#5174,1.);
#5174 = DIRECTION('',(0.,0.,1.));
#5175 = ORIENTED_EDGE('',*,*,#5176,.F.);
#5176 = EDGE_CURVE('',#5107,#5169,#5177,.T.);
#5177 = LINE('',#5178,#5179);
#5178 = CARTESIAN_POINT('',(200.,-100.,0.));
#5179 = VECTOR('',#5180,1.);
#5180 = DIRECTION('',(0.,1.,0.));
#5181 = PLANE('',#5182);
#5182 = AXIS2_PLACEMENT_3D('',#5183,#5184,#5185);
#5183 = CARTESIAN_POINT('',(200.,-100.,0.));
#5184 = DIRECTION('',(-1.,0.,0.));
#5185 = DIRECTION('',(0.,1.,0.));
#5186 = ADVANCED_FACE('',(#5187,#5198,#5209,#5220,#5231,#5242,#5253,
    #5264,#5275,#5286,#5297),#5308,.F.);
#5187 = FACE_BOUND('',#5188,.F.);
#5188 = EDGE_LOOP('',(#5189,#5190,#5191,#5197));
#5189 = ORIENTED_EDGE('',*,*,#5114,.F.);
#5190 = ORIENTED_EDGE('',*,*,#5145,.F.);
#5191 = ORIENTED_EDGE('',*,*,#5192,.F.);
#5192 = EDGE_CURVE('',#5169,#5129,#5193,.T.);
#5193 = LINE('',#5194,#5195);
#5194 = CARTESIAN_POINT('',(200.,-66.,0.));
#5195 = VECTOR('',#5196,1.);
#5196 = DIRECTION('',(1.,0.,0.));
#5197 = ORIENTED_EDGE('',*,*,#5176,.F.);
#5198 = FACE_BOUND('',#5199,.F.);
#5199 = EDGE_LOOP('',(#5200));
#5200 = ORIENTED_EDGE('',*,*,#5201,.F.);
#5201 = EDGE_CURVE('',#5202,#5202,#5204,.T.);
#5202 = VERTEX_POINT('',#5203);
#5203 = CARTESIAN_POINT('',(204.5,-97.,0.));
#5204 = CIRCLE('',#5205,1.5);
#5205 = AXIS2_PLACEMENT_3D('',#5206,#5207,#5208);
#5206 = CARTESIAN_POINT('',(203.,-97.,0.));
#5207 = DIRECTION('',(0.,0.,1.));
#5208 = DIRECTION('',(1.,0.,-0.));
#5209 = FACE_BOUND('',#5210,.F.);
#5210 = EDGE_LOOP('',(#5211));
#5211 = ORIENTED_EDGE('',*,*,#5212,.T.);
#5212 = EDGE_CURVE('',#5213,#5213,#5215,.T.);
#5213 = VERTEX_POINT('',#5214);
#5214 = CARTESIAN_POINT('',(210.,-90.475,0.));
#5215 = CIRCLE('',#5216,0.475);
#5216 = AXIS2_PLACEMENT_3D('',#5217,#5218,#5219);
#5217 = CARTESIAN_POINT('',(210.,-90.,0.));
#5218 = DIRECTION('',(-0.,0.,-1.));
#5219 = DIRECTION('',(-0.,-1.,0.));
#5220 = FACE_BOUND('',#5221,.F.);
#5221 = EDGE_LOOP('',(#5222));
#5222 = ORIENTED_EDGE('',*,*,#5223,.T.);
#5223 = EDGE_CURVE('',#5224,#5224,#5226,.T.);
#5224 = VERTEX_POINT('',#5225);
#5225 = CARTESIAN_POINT('',(210.,-87.975,0.));
#5226 = CIRCLE('',#5227,0.475);
#5227 = AXIS2_PLACEMENT_3D('',#5228,#5229,#5230);
#5228 = CARTESIAN_POINT('',(210.,-87.5,0.));
#5229 = DIRECTION('',(-0.,0.,-1.));
#5230 = DIRECTION('',(-0.,-1.,0.));
#5231 = FACE_BOUND('',#5232,.F.);
#5232 = EDGE_LOOP('',(#5233));
#5233 = ORIENTED_EDGE('',*,*,#5234,.T.);
#5234 = EDGE_CURVE('',#5235,#5235,#5237,.T.);
#5235 = VERTEX_POINT('',#5236);
#5236 = CARTESIAN_POINT('',(210.,-85.475,0.));
#5237 = CIRCLE('',#5238,0.475);
#5238 = AXIS2_PLACEMENT_3D('',#5239,#5240,#5241);
#5239 = CARTESIAN_POINT('',(210.,-85.,0.));
#5240 = DIRECTION('',(-0.,0.,-1.));
#5241 = DIRECTION('',(-0.,-1.,0.));
#5242 = FACE_BOUND('',#5243,.F.);
#5243 = EDGE_LOOP('',(#5244));
#5244 = ORIENTED_EDGE('',*,*,#5245,.F.);
#5245 = EDGE_CURVE('',#5246,#5246,#5248,.T.);
#5246 = VERTEX_POINT('',#5247);
#5247 = CARTESIAN_POINT('',(204.5,-69.,0.));
#5248 = CIRCLE('',#5249,1.5);
#5249 = AXIS2_PLACEMENT_3D('',#5250,#5251,#5252);
#5250 = CARTESIAN_POINT('',(203.,-69.,0.));
#5251 = DIRECTION('',(0.,0.,1.));
#5252 = DIRECTION('',(1.,0.,-0.));
#5253 = FACE_BOUND('',#5254,.F.);
#5254 = EDGE_LOOP('',(#5255));
#5255 = ORIENTED_EDGE('',*,*,#5256,.T.);
#5256 = EDGE_CURVE('',#5257,#5257,#5259,.T.);
#5257 = VERTEX_POINT('',#5258);
#5258 = CARTESIAN_POINT('',(207.23,-76.756,0.));
#5259 = CIRCLE('',#5260,0.381);
#5260 = AXIS2_PLACEMENT_3D('',#5261,#5262,#5263);
#5261 = CARTESIAN_POINT('',(207.23,-76.375,0.));
#5262 = DIRECTION('',(-0.,0.,-1.));
#5263 = DIRECTION('',(-0.,-1.,0.));
#5264 = FACE_BOUND('',#5265,.F.);
#5265 = EDGE_LOOP('',(#5266));
#5266 = ORIENTED_EDGE('',*,*,#5267,.T.);
#5267 = EDGE_CURVE('',#5268,#5268,#5270,.T.);
#5268 = VERTEX_POINT('',#5269);
#5269 = CARTESIAN_POINT('',(210.,-82.975,0.));
#5270 = CIRCLE('',#5271,0.475);
#5271 = AXIS2_PLACEMENT_3D('',#5272,#5273,#5274);
#5272 = CARTESIAN_POINT('',(210.,-82.5,0.));
#5273 = DIRECTION('',(-0.,0.,-1.));
#5274 = DIRECTION('',(-0.,-1.,0.));
#5275 = FACE_BOUND('',#5276,.F.);
#5276 = EDGE_LOOP('',(#5277));
#5277 = ORIENTED_EDGE('',*,*,#5278,.T.);
#5278 = EDGE_CURVE('',#5279,#5279,#5281,.T.);
#5279 = VERTEX_POINT('',#5280);
#5280 = CARTESIAN_POINT('',(209.77,-76.756,0.));
#5281 = CIRCLE('',#5282,0.381);
#5282 = AXIS2_PLACEMENT_3D('',#5283,#5284,#5285);
#5283 = CARTESIAN_POINT('',(209.77,-76.375,0.));
#5284 = DIRECTION('',(-0.,0.,-1.));
#5285 = DIRECTION('',(-0.,-1.,0.));
#5286 = FACE_BOUND('',#5287,.F.);
#5287 = EDGE_LOOP('',(#5288));
#5288 = ORIENTED_EDGE('',*,*,#5289,.T.);
#5289 = EDGE_CURVE('',#5290,#5290,#5292,.T.);
#5290 = VERTEX_POINT('',#5291);
#5291 = CARTESIAN_POINT('',(207.23,-71.006,0.));
#5292 = CIRCLE('',#5293,0.381);
#5293 = AXIS2_PLACEMENT_3D('',#5294,#5295,#5296);
#5294 = CARTESIAN_POINT('',(207.23,-70.625,0.));
#5295 = DIRECTION('',(-0.,0.,-1.));
#5296 = DIRECTION('',(-0.,-1.,0.));
#5297 = FACE_BOUND('',#5298,.F.);
#5298 = EDGE_LOOP('',(#5299));
#5299 = ORIENTED_EDGE('',*,*,#5300,.T.);
#5300 = EDGE_CURVE('',#5301,#5301,#5303,.T.);
#5301 = VERTEX_POINT('',#5302);
#5302 = CARTESIAN_POINT('',(209.77,-71.006,0.));
#5303 = CIRCLE('',#5304,0.381);
#5304 = AXIS2_PLACEMENT_3D('',#5305,#5306,#5307);
#5305 = CARTESIAN_POINT('',(209.77,-70.625,0.));
#5306 = DIRECTION('',(-0.,0.,-1.));
#5307 = DIRECTION('',(-0.,-1.,0.));
#5308 = PLANE('',#5309);
#5309 = AXIS2_PLACEMENT_3D('',#5310,#5311,#5312);
#5310 = CARTESIAN_POINT('',(0.,0.,0.));
#5311 = DIRECTION('',(0.,0.,1.));
#5312 = DIRECTION('',(1.,0.,-0.));
#5313 = ADVANCED_FACE('',(#5314,#5325,#5336,#5347,#5358,#5369,#5380,
    #5391,#5402,#5413,#5424),#5435,.T.);
#5314 = FACE_BOUND('',#5315,.T.);
#5315 = EDGE_LOOP('',(#5316,#5317,#5318,#5324));
#5316 = ORIENTED_EDGE('',*,*,#5098,.F.);
#5317 = ORIENTED_EDGE('',*,*,#5138,.F.);
#5318 = ORIENTED_EDGE('',*,*,#5319,.F.);
#5319 = EDGE_CURVE('',#5161,#5131,#5320,.T.);
#5320 = LINE('',#5321,#5322);
#5321 = CARTESIAN_POINT('',(200.,-66.,1.6));
#5322 = VECTOR('',#5323,1.);
#5323 = DIRECTION('',(1.,0.,0.));
#5324 = ORIENTED_EDGE('',*,*,#5160,.F.);
#5325 = FACE_BOUND('',#5326,.T.);
#5326 = EDGE_LOOP('',(#5327));
#5327 = ORIENTED_EDGE('',*,*,#5328,.F.);
#5328 = EDGE_CURVE('',#5329,#5329,#5331,.T.);
#5329 = VERTEX_POINT('',#5330);
#5330 = CARTESIAN_POINT('',(204.5,-97.,1.6));
#5331 = CIRCLE('',#5332,1.5);
#5332 = AXIS2_PLACEMENT_3D('',#5333,#5334,#5335);
#5333 = CARTESIAN_POINT('',(203.,-97.,1.6));
#5334 = DIRECTION('',(0.,0.,1.));
#5335 = DIRECTION('',(1.,0.,-0.));
#5336 = FACE_BOUND('',#5337,.T.);
#5337 = EDGE_LOOP('',(#5338));
#5338 = ORIENTED_EDGE('',*,*,#5339,.T.);
#5339 = EDGE_CURVE('',#5340,#5340,#5342,.T.);
#5340 = VERTEX_POINT('',#5341);
#5341 = CARTESIAN_POINT('',(210.,-90.475,1.6));
#5342 = CIRCLE('',#5343,0.475);
#5343 = AXIS2_PLACEMENT_3D('',#5344,#5345,#5346);
#5344 = CARTESIAN_POINT('',(210.,-90.,1.6));
#5345 = DIRECTION('',(-0.,0.,-1.));
#5346 = DIRECTION('',(-0.,-1.,0.));
#5347 = FACE_BOUND('',#5348,.T.);
#5348 = EDGE_LOOP('',(#5349));
#5349 = ORIENTED_EDGE('',*,*,#5350,.T.);
#5350 = EDGE_CURVE('',#5351,#5351,#5353,.T.);
#5351 = VERTEX_POINT('',#5352);
#5352 = CARTESIAN_POINT('',(210.,-87.975,1.6));
#5353 = CIRCLE('',#5354,0.475);
#5354 = AXIS2_PLACEMENT_3D('',#5355,#5356,#5357);
#5355 = CARTESIAN_POINT('',(210.,-87.5,1.6));
#5356 = DIRECTION('',(-0.,0.,-1.));
#5357 = DIRECTION('',(-0.,-1.,0.));
#5358 = FACE_BOUND('',#5359,.T.);
#5359 = EDGE_LOOP('',(#5360));
#5360 = ORIENTED_EDGE('',*,*,#5361,.T.);
#5361 = EDGE_CURVE('',#5362,#5362,#5364,.T.);
#5362 = VERTEX_POINT('',#5363);
#5363 = CARTESIAN_POINT('',(210.,-85.475,1.6));
#5364 = CIRCLE('',#5365,0.475);
#5365 = AXIS2_PLACEMENT_3D('',#5366,#5367,#5368);
#5366 = CARTESIAN_POINT('',(210.,-85.,1.6));
#5367 = DIRECTION('',(-0.,0.,-1.));
#5368 = DIRECTION('',(-0.,-1.,0.));
#5369 = FACE_BOUND('',#5370,.T.);
#5370 = EDGE_LOOP('',(#5371));
#5371 = ORIENTED_EDGE('',*,*,#5372,.F.);
#5372 = EDGE_CURVE('',#5373,#5373,#5375,.T.);
#5373 = VERTEX_POINT('',#5374);
#5374 = CARTESIAN_POINT('',(204.5,-69.,1.6));
#5375 = CIRCLE('',#5376,1.5);
#5376 = AXIS2_PLACEMENT_3D('',#5377,#5378,#5379);
#5377 = CARTESIAN_POINT('',(203.,-69.,1.6));
#5378 = DIRECTION('',(0.,0.,1.));
#5379 = DIRECTION('',(1.,0.,-0.));
#5380 = FACE_BOUND('',#5381,.T.);
#5381 = EDGE_LOOP('',(#5382));
#5382 = ORIENTED_EDGE('',*,*,#5383,.T.);
#5383 = EDGE_CURVE('',#5384,#5384,#5386,.T.);
#5384 = VERTEX_POINT('',#5385);
#5385 = CARTESIAN_POINT('',(207.23,-76.756,1.6));
#5386 = CIRCLE('',#5387,0.381);
#5387 = AXIS2_PLACEMENT_3D('',#5388,#5389,#5390);
#5388 = CARTESIAN_POINT('',(207.23,-76.375,1.6));
#5389 = DIRECTION('',(-0.,0.,-1.));
#5390 = DIRECTION('',(-0.,-1.,0.));
#5391 = FACE_BOUND('',#5392,.T.);
#5392 = EDGE_LOOP('',(#5393));
#5393 = ORIENTED_EDGE('',*,*,#5394,.T.);
#5394 = EDGE_CURVE('',#5395,#5395,#5397,.T.);
#5395 = VERTEX_POINT('',#5396);
#5396 = CARTESIAN_POINT('',(210.,-82.975,1.6));
#5397 = CIRCLE('',#5398,0.475);
#5398 = AXIS2_PLACEMENT_3D('',#5399,#5400,#5401);
#5399 = CARTESIAN_POINT('',(210.,-82.5,1.6));
#5400 = DIRECTION('',(-0.,0.,-1.));
#5401 = DIRECTION('',(-0.,-1.,0.));
#5402 = FACE_BOUND('',#5403,.T.);
#5403 = EDGE_LOOP('',(#5404));
#5404 = ORIENTED_EDGE('',*,*,#5405,.T.);
#5405 = EDGE_CURVE('',#5406,#5406,#5408,.T.);
#5406 = VERTEX_POINT('',#5407);
#5407 = CARTESIAN_POINT('',(209.77,-76.756,1.6));
#5408 = CIRCLE('',#5409,0.381);
#5409 = AXIS2_PLACEMENT_3D('',#5410,#5411,#5412);
#5410 = CARTESIAN_POINT('',(209.77,-76.375,1.6));
#5411 = DIRECTION('',(-0.,0.,-1.));
#5412 = DIRECTION('',(-0.,-1.,0.));
#5413 = FACE_BOUND('',#5414,.T.);
#5414 = EDGE_LOOP('',(#5415));
#5415 = ORIENTED_EDGE('',*,*,#5416,.T.);
#5416 = EDGE_CURVE('',#5417,#5417,#5419,.T.);
#5417 = VERTEX_POINT('',#5418);
#5418 = CARTESIAN_POINT('',(207.23,-71.006,1.6));
#5419 = CIRCLE('',#5420,0.381);
#5420 = AXIS2_PLACEMENT_3D('',#5421,#5422,#5423);
#5421 = CARTESIAN_POINT('',(207.23,-70.625,1.6));
#5422 = DIRECTION('',(-0.,0.,-1.));
#5423 = DIRECTION('',(-0.,-1.,0.));
#5424 = FACE_BOUND('',#5425,.T.);
#5425 = EDGE_LOOP('',(#5426));
#5426 = ORIENTED_EDGE('',*,*,#5427,.T.);
#5427 = EDGE_CURVE('',#5428,#5428,#5430,.T.);
#5428 = VERTEX_POINT('',#5429);
#5429 = CARTESIAN_POINT('',(209.77,-71.006,1.6));
#5430 = CIRCLE('',#5431,0.381);
#5431 = AXIS2_PLACEMENT_3D('',#5432,#5433,#5434);
#5432 = CARTESIAN_POINT('',(209.77,-70.625,1.6));
#5433 = DIRECTION('',(-0.,0.,-1.));
#5434 = DIRECTION('',(-0.,-1.,0.));
#5435 = PLANE('',#5436);
#5436 = AXIS2_PLACEMENT_3D('',#5437,#5438,#5439);
#5437 = CARTESIAN_POINT('',(0.,0.,1.6));
#5438 = DIRECTION('',(0.,0.,1.));
#5439 = DIRECTION('',(1.,0.,-0.));
#5440 = ADVANCED_FACE('',(#5441),#5447,.T.);
#5441 = FACE_BOUND('',#5442,.T.);
#5442 = EDGE_LOOP('',(#5443,#5444,#5445,#5446));
#5443 = ORIENTED_EDGE('',*,*,#5168,.T.);
#5444 = ORIENTED_EDGE('',*,*,#5319,.T.);
#5445 = ORIENTED_EDGE('',*,*,#5128,.F.);
#5446 = ORIENTED_EDGE('',*,*,#5192,.F.);
#5447 = PLANE('',#5448);
#5448 = AXIS2_PLACEMENT_3D('',#5449,#5450,#5451);
#5449 = CARTESIAN_POINT('',(200.,-66.,0.));
#5450 = DIRECTION('',(0.,1.,0.));
#5451 = DIRECTION('',(1.,0.,0.));
#5452 = ADVANCED_FACE('',(#5453),#5464,.F.);
#5453 = FACE_BOUND('',#5454,.T.);
#5454 = EDGE_LOOP('',(#5455,#5461,#5462,#5463));
#5455 = ORIENTED_EDGE('',*,*,#5456,.T.);
#5456 = EDGE_CURVE('',#5202,#5329,#5457,.T.);
#5457 = LINE('',#5458,#5459);
#5458 = CARTESIAN_POINT('',(204.5,-97.,0.));
#5459 = VECTOR('',#5460,1.);
#5460 = DIRECTION('',(0.,0.,1.));
#5461 = ORIENTED_EDGE('',*,*,#5328,.T.);
#5462 = ORIENTED_EDGE('',*,*,#5456,.F.);
#5463 = ORIENTED_EDGE('',*,*,#5201,.F.);
#5464 = CYLINDRICAL_SURFACE('',#5465,1.5);
#5465 = AXIS2_PLACEMENT_3D('',#5466,#5467,#5468);
#5466 = CARTESIAN_POINT('',(203.,-97.,0.));
#5467 = DIRECTION('',(-0.,-0.,-1.));
#5468 = DIRECTION('',(1.,0.,-0.));
#5469 = ADVANCED_FACE('',(#5470),#5481,.F.);
#5470 = FACE_BOUND('',#5471,.T.);
#5471 = EDGE_LOOP('',(#5472,#5473,#5479,#5480));
#5472 = ORIENTED_EDGE('',*,*,#5212,.T.);
#5473 = ORIENTED_EDGE('',*,*,#5474,.T.);
#5474 = EDGE_CURVE('',#5213,#5340,#5475,.T.);
#5475 = LINE('',#5476,#5477);
#5476 = CARTESIAN_POINT('',(210.,-90.475,-4.5E-02));
#5477 = VECTOR('',#5478,1.);
#5478 = DIRECTION('',(0.,0.,1.));
#5479 = ORIENTED_EDGE('',*,*,#5339,.F.);
#5480 = ORIENTED_EDGE('',*,*,#5474,.F.);
#5481 = CYLINDRICAL_SURFACE('',#5482,0.475);
#5482 = AXIS2_PLACEMENT_3D('',#5483,#5484,#5485);
#5483 = CARTESIAN_POINT('',(210.,-90.,-4.5E-02));
#5484 = DIRECTION('',(-0.,-0.,-1.));
#5485 = DIRECTION('',(-0.,-1.,0.));
#5486 = ADVANCED_FACE('',(#5487),#5498,.F.);
#5487 = FACE_BOUND('',#5488,.T.);
#5488 = EDGE_LOOP('',(#5489,#5490,#5496,#5497));
#5489 = ORIENTED_EDGE('',*,*,#5223,.T.);
#5490 = ORIENTED_EDGE('',*,*,#5491,.T.);
#5491 = EDGE_CURVE('',#5224,#5351,#5492,.T.);
#5492 = LINE('',#5493,#5494);
#5493 = CARTESIAN_POINT('',(210.,-87.975,-4.5E-02));
#5494 = VECTOR('',#5495,1.);
#5495 = DIRECTION('',(0.,0.,1.));
#5496 = ORIENTED_EDGE('',*,*,#5350,.F.);
#5497 = ORIENTED_EDGE('',*,*,#5491,.F.);
#5498 = CYLINDRICAL_SURFACE('',#5499,0.475);
#5499 = AXIS2_PLACEMENT_3D('',#5500,#5501,#5502);
#5500 = CARTESIAN_POINT('',(210.,-87.5,-4.5E-02));
#5501 = DIRECTION('',(-0.,-0.,-1.));
#5502 = DIRECTION('',(-0.,-1.,0.));
#5503 = ADVANCED_FACE('',(#5504),#5515,.F.);
#5504 = FACE_BOUND('',#5505,.T.);
#5505 = EDGE_LOOP('',(#5506,#5507,#5513,#5514));
#5506 = ORIENTED_EDGE('',*,*,#5234,.T.);
#5507 = ORIENTED_EDGE('',*,*,#5508,.T.);
#5508 = EDGE_CURVE('',#5235,#5362,#5509,.T.);
#5509 = LINE('',#5510,#5511);
#5510 = CARTESIAN_POINT('',(210.,-85.475,-4.5E-02));
#5511 = VECTOR('',#5512,1.);
#5512 = DIRECTION('',(0.,0.,1.));
#5513 = ORIENTED_EDGE('',*,*,#5361,.F.);
#5514 = ORIENTED_EDGE('',*,*,#5508,.F.);
#5515 = CYLINDRICAL_SURFACE('',#5516,0.475);
#5516 = AXIS2_PLACEMENT_3D('',#5517,#5518,#5519);
#5517 = CARTESIAN_POINT('',(210.,-85.,-4.5E-02));
#5518 = DIRECTION('',(-0.,-0.,-1.));
#5519 = DIRECTION('',(-0.,-1.,0.));
#5520 = ADVANCED_FACE('',(#5521),#5532,.F.);
#5521 = FACE_BOUND('',#5522,.T.);
#5522 = EDGE_LOOP('',(#5523,#5529,#5530,#5531));
#5523 = ORIENTED_EDGE('',*,*,#5524,.T.);
#5524 = EDGE_CURVE('',#5246,#5373,#5525,.T.);
#5525 = LINE('',#5526,#5527);
#5526 = CARTESIAN_POINT('',(204.5,-69.,0.));
#5527 = VECTOR('',#5528,1.);
#5528 = DIRECTION('',(0.,0.,1.));
#5529 = ORIENTED_EDGE('',*,*,#5372,.T.);
#5530 = ORIENTED_EDGE('',*,*,#5524,.F.);
#5531 = ORIENTED_EDGE('',*,*,#5245,.F.);
#5532 = CYLINDRICAL_SURFACE('',#5533,1.5);
#5533 = AXIS2_PLACEMENT_3D('',#5534,#5535,#5536);
#5534 = CARTESIAN_POINT('',(203.,-69.,0.));
#5535 = DIRECTION('',(-0.,-0.,-1.));
#5536 = DIRECTION('',(1.,0.,-0.));
#5537 = ADVANCED_FACE('',(#5538),#5549,.F.);
#5538 = FACE_BOUND('',#5539,.T.);
#5539 = EDGE_LOOP('',(#5540,#5541,#5547,#5548));
#5540 = ORIENTED_EDGE('',*,*,#5256,.T.);
#5541 = ORIENTED_EDGE('',*,*,#5542,.T.);
#5542 = EDGE_CURVE('',#5257,#5384,#5543,.T.);
#5543 = LINE('',#5544,#5545);
#5544 = CARTESIAN_POINT('',(207.23,-76.756,-4.5E-02));
#5545 = VECTOR('',#5546,1.);
#5546 = DIRECTION('',(0.,0.,1.));
#5547 = ORIENTED_EDGE('',*,*,#5383,.F.);
#5548 = ORIENTED_EDGE('',*,*,#5542,.F.);
#5549 = CYLINDRICAL_SURFACE('',#5550,0.381);
#5550 = AXIS2_PLACEMENT_3D('',#5551,#5552,#5553);
#5551 = CARTESIAN_POINT('',(207.23,-76.375,-4.5E-02));
#5552 = DIRECTION('',(-0.,-0.,-1.));
#5553 = DIRECTION('',(-0.,-1.,0.));
#5554 = ADVANCED_FACE('',(#5555),#5566,.F.);
#5555 = FACE_BOUND('',#5556,.T.);
#5556 = EDGE_LOOP('',(#5557,#5558,#5564,#5565));
#5557 = ORIENTED_EDGE('',*,*,#5267,.T.);
#5558 = ORIENTED_EDGE('',*,*,#5559,.T.);
#5559 = EDGE_CURVE('',#5268,#5395,#5560,.T.);
#5560 = LINE('',#5561,#5562);
#5561 = CARTESIAN_POINT('',(210.,-82.975,-4.5E-02));
#5562 = VECTOR('',#5563,1.);
#5563 = DIRECTION('',(0.,0.,1.));
#5564 = ORIENTED_EDGE('',*,*,#5394,.F.);
#5565 = ORIENTED_EDGE('',*,*,#5559,.F.);
#5566 = CYLINDRICAL_SURFACE('',#5567,0.475);
#5567 = AXIS2_PLACEMENT_3D('',#5568,#5569,#5570);
#5568 = CARTESIAN_POINT('',(210.,-82.5,-4.5E-02));
#5569 = DIRECTION('',(-0.,-0.,-1.));
#5570 = DIRECTION('',(-0.,-1.,0.));
#5571 = ADVANCED_FACE('',(#5572),#5583,.F.);
#5572 = FACE_BOUND('',#5573,.T.);
#5573 = EDGE_LOOP('',(#5574,#5575,#5581,#5582));
#5574 = ORIENTED_EDGE('',*,*,#5278,.T.);
#5575 = ORIENTED_EDGE('',*,*,#5576,.T.);
#5576 = EDGE_CURVE('',#5279,#5406,#5577,.T.);
#5577 = LINE('',#5578,#5579);
#5578 = CARTESIAN_POINT('',(209.77,-76.756,-4.5E-02));
#5579 = VECTOR('',#5580,1.);
#5580 = DIRECTION('',(0.,0.,1.));
#5581 = ORIENTED_EDGE('',*,*,#5405,.F.);
#5582 = ORIENTED_EDGE('',*,*,#5576,.F.);
#5583 = CYLINDRICAL_SURFACE('',#5584,0.381);
#5584 = AXIS2_PLACEMENT_3D('',#5585,#5586,#5587);
#5585 = CARTESIAN_POINT('',(209.77,-76.375,-4.5E-02));
#5586 = DIRECTION('',(-0.,-0.,-1.));
#5587 = DIRECTION('',(-0.,-1.,0.));
#5588 = ADVANCED_FACE('',(#5589),#5600,.F.);
#5589 = FACE_BOUND('',#5590,.T.);
#5590 = EDGE_LOOP('',(#5591,#5592,#5598,#5599));
#5591 = ORIENTED_EDGE('',*,*,#5289,.T.);
#5592 = ORIENTED_EDGE('',*,*,#5593,.T.);
#5593 = EDGE_CURVE('',#5290,#5417,#5594,.T.);
#5594 = LINE('',#5595,#5596);
#5595 = CARTESIAN_POINT('',(207.23,-71.006,-4.5E-02));
#5596 = VECTOR('',#5597,1.);
#5597 = DIRECTION('',(0.,0.,1.));
#5598 = ORIENTED_EDGE('',*,*,#5416,.F.);
#5599 = ORIENTED_EDGE('',*,*,#5593,.F.);
#5600 = CYLINDRICAL_SURFACE('',#5601,0.381);
#5601 = AXIS2_PLACEMENT_3D('',#5602,#5603,#5604);
#5602 = CARTESIAN_POINT('',(207.23,-70.625,-4.5E-02));
#5603 = DIRECTION('',(-0.,-0.,-1.));
#5604 = DIRECTION('',(-0.,-1.,0.));
#5605 = ADVANCED_FACE('',(#5606),#5617,.F.);
#5606 = FACE_BOUND('',#5607,.T.);
#5607 = EDGE_LOOP('',(#5608,#5609,#5615,#5616));
#5608 = ORIENTED_EDGE('',*,*,#5300,.T.);
#5609 = ORIENTED_EDGE('',*,*,#5610,.T.);
#5610 = EDGE_CURVE('',#5301,#5428,#5611,.T.);
#5611 = LINE('',#5612,#5613);
#5612 = CARTESIAN_POINT('',(209.77,-71.006,-4.5E-02));
#5613 = VECTOR('',#5614,1.);
#5614 = DIRECTION('',(0.,0.,1.));
#5615 = ORIENTED_EDGE('',*,*,#5427,.F.);
#5616 = ORIENTED_EDGE('',*,*,#5610,.F.);
#5617 = CYLINDRICAL_SURFACE('',#5618,0.381);
#5618 = AXIS2_PLACEMENT_3D('',#5619,#5620,#5621);
#5619 = CARTESIAN_POINT('',(209.77,-70.625,-4.5E-02));
#5620 = DIRECTION('',(-0.,-0.,-1.));
#5621 = DIRECTION('',(-0.,-1.,0.));
#5622 = ( GEOMETRIC_REPRESENTATION_CONTEXT(3) 
GLOBAL_UNCERTAINTY_ASSIGNED_CONTEXT((#5626)) 
GLOBAL_UNIT_ASSIGNED_CONTEXT((#5623,#5624,#5625)) REPRESENTATION_CONTEXT
('Context #1','3D Context with UNIT and UNCERTAINTY') );
#5623 = ( LENGTH_UNIT() NAMED_UNIT(*) SI_UNIT(.MILLI.,.METRE.) );
#5624 = ( NAMED_UNIT(*) PLANE_ANGLE_UNIT() SI_UNIT($,.RADIAN.) );
#5625 = ( NAMED_UNIT(*) SI_UNIT($,.STERADIAN.) SOLID_ANGLE_UNIT() );
#5626 = UNCERTAINTY_MEASURE_WITH_UNIT(LENGTH_MEASURE(1.E-07),#5623,
  'distance_accuracy_value','confusion accuracy');
#5627 = CONTEXT_DEPENDENT_SHAPE_REPRESENTATION(#5628,#5630);
#5628 = ( REPRESENTATION_RELATIONSHIP('','',#5081,#10) 
REPRESENTATION_RELATIONSHIP_WITH_TRANSFORMATION(#5629) 
SHAPE_REPRESENTATION_RELATIONSHIP() );
#5629 = ITEM_DEFINED_TRANSFORMATION('','',#11,#19);
#5630 = PRODUCT_DEFINITION_SHAPE('Placement','Placement of an item',
  #5631);
#5631 = NEXT_ASSEMBLY_USAGE_OCCURRENCE('3','=>[0:1:1:4]','',#5,#5076,$);
#5632 = PRODUCT_RELATED_PRODUCT_CATEGORY('part',$,(#5078));
#5633 = MECHANICAL_DESIGN_GEOMETRIC_PRESENTATION_REPRESENTATION('',(
    #5634),#5622);
#5634 = STYLED_ITEM('color',(#5635),#5082);
#5635 = PRESENTATION_STYLE_ASSIGNMENT((#5636));
#5636 = SURFACE_STYLE_USAGE(.BOTH.,#5637);
#5637 = SURFACE_SIDE_STYLE('',(#5638));
#5638 = SURFACE_STYLE_FILL_AREA(#5639);
#5639 = FILL_AREA_STYLE('',(#5640));
#5640 = FILL_AREA_STYLE_COLOUR('',#5641);
#5641 = COLOUR_RGB('',0.313304153717,0.484529207832,0.410020903123);
#5642 = MECHANICAL_DESIGN_GEOMETRIC_PRESENTATION_REPRESENTATION('',(
    #5643,#5651,#5658,#5665,#5672,#5679,#5686,#5693,#5700,#5707,#5714,
    #5721,#5728,#5735,#5742,#5749,#5756,#5763,#5770,#5777,#5784,#5791,
    #5798,#5805,#5812,#5819,#5826,#5833,#5840,#5847,#5854,#5861,#5868,
    #5875,#5882,#5889,#5896,#5903,#5910,#5917,#5924,#5931,#5938,#5945,
    #5952,#5959,#5966,#5973,#5980,#5987,#5994,#6001,#6008,#6015,#6022,
    #6029,#6036,#6043,#6050,#6057,#6064,#6071,#6078,#6085,#6093,#6100,
    #6107,#6114,#6121,#6128,#6135,#6142,#6149,#6156,#6163,#6170,#6177,
    #6184,#6191,#6198,#6205,#6212,#6219,#6226,#6233,#6240,#6247,#6254,
    #6261,#6268,#6275,#6282,#6289,#6296,#6303,#6310,#6317,#6324,#6331,
    #6338,#6345,#6352,#6359,#6366,#6373,#6380,#6387,#6394,#6401,#6408,
    #6415,#6422,#6429,#6436,#6443,#6450,#6457,#6464,#6471,#6478,#6485,
    #6492,#6499,#6506,#6513,#6520,#6527,#6534,#6541,#6548,#6555,#6562,
    #6569,#6576,#6583,#6590,#6597,#6604,#6611,#6618,#6625,#6632,#6639,
    #6646,#6653,#6660,#6667,#6674,#6681,#6688,#6695,#6702,#6709,#6716,
    #6723,#6730,#6737,#6744,#6751,#6758,#6765,#6772,#6779,#6786,#6793),
  #5063);
#5643 = STYLED_ITEM('color',(#5644),#62);
#5644 = PRESENTATION_STYLE_ASSIGNMENT((#5645));
#5645 = SURFACE_STYLE_USAGE(.BOTH.,#5646);
#5646 = SURFACE_SIDE_STYLE('',(#5647));
#5647 = SURFACE_STYLE_FILL_AREA(#5648);
#5648 = FILL_AREA_STYLE('',(#5649));
#5649 = FILL_AREA_STYLE_COLOUR('',#5650);
#5650 = COLOUR_RGB('',0.894117649055,0.890196087049,0.811764731185);
#5651 = STYLED_ITEM('color',(#5652),#230);
#5652 = PRESENTATION_STYLE_ASSIGNMENT((#5653));
#5653 = SURFACE_STYLE_USAGE(.BOTH.,#5654);
#5654 = SURFACE_SIDE_STYLE('',(#5655));
#5655 = SURFACE_STYLE_FILL_AREA(#5656);
#5656 = FILL_AREA_STYLE('',(#5657));
#5657 = FILL_AREA_STYLE_COLOUR('',#5650);
#5658 = STYLED_ITEM('color',(#5659),#277);
#5659 = PRESENTATION_STYLE_ASSIGNMENT((#5660));
#5660 = SURFACE_STYLE_USAGE(.BOTH.,#5661);
#5661 = SURFACE_SIDE_STYLE('',(#5662));
#5662 = SURFACE_STYLE_FILL_AREA(#5663);
#5663 = FILL_AREA_STYLE('',(#5664));
#5664 = FILL_AREA_STYLE_COLOUR('',#5650);
#5665 = STYLED_ITEM('color',(#5666),#317);
#5666 = PRESENTATION_STYLE_ASSIGNMENT((#5667));
#5667 = SURFACE_STYLE_USAGE(.BOTH.,#5668);
#5668 = SURFACE_SIDE_STYLE('',(#5669));
#5669 = SURFACE_STYLE_FILL_AREA(#5670);
#5670 = FILL_AREA_STYLE('',(#5671));
#5671 = FILL_AREA_STYLE_COLOUR('',#5650);
#5672 = STYLED_ITEM('color',(#5673),#341);
#5673 = PRESENTATION_STYLE_ASSIGNMENT((#5674));
#5674 = SURFACE_STYLE_USAGE(.BOTH.,#5675);
#5675 = SURFACE_SIDE_STYLE('',(#5676));
#5676 = SURFACE_STYLE_FILL_AREA(#5677);
#5677 = FILL_AREA_STYLE('',(#5678));
#5678 = FILL_AREA_STYLE_COLOUR('',#5650);
#5679 = STYLED_ITEM('color',(#5680),#381);
#5680 = PRESENTATION_STYLE_ASSIGNMENT((#5681));
#5681 = SURFACE_STYLE_USAGE(.BOTH.,#5682);
#5682 = SURFACE_SIDE_STYLE('',(#5683));
#5683 = SURFACE_STYLE_FILL_AREA(#5684);
#5684 = FILL_AREA_STYLE('',(#5685));
#5685 = FILL_AREA_STYLE_COLOUR('',#5650);
#5686 = STYLED_ITEM('color',(#5687),#405);
#5687 = PRESENTATION_STYLE_ASSIGNMENT((#5688));
#5688 = SURFACE_STYLE_USAGE(.BOTH.,#5689);
#5689 = SURFACE_SIDE_STYLE('',(#5690));
#5690 = SURFACE_STYLE_FILL_AREA(#5691);
#5691 = FILL_AREA_STYLE('',(#5692));
#5692 = FILL_AREA_STYLE_COLOUR('',#5650);
#5693 = STYLED_ITEM('color',(#5694),#445);
#5694 = PRESENTATION_STYLE_ASSIGNMENT((#5695));
#5695 = SURFACE_STYLE_USAGE(.BOTH.,#5696);
#5696 = SURFACE_SIDE_STYLE('',(#5697));
#5697 = SURFACE_STYLE_FILL_AREA(#5698);
#5698 = FILL_AREA_STYLE('',(#5699));
#5699 = FILL_AREA_STYLE_COLOUR('',#5650);
#5700 = STYLED_ITEM('color',(#5701),#469);
#5701 = PRESENTATION_STYLE_ASSIGNMENT((#5702));
#5702 = SURFACE_STYLE_USAGE(.BOTH.,#5703);
#5703 = SURFACE_SIDE_STYLE('',(#5704));
#5704 = SURFACE_STYLE_FILL_AREA(#5705);
#5705 = FILL_AREA_STYLE('',(#5706));
#5706 = FILL_AREA_STYLE_COLOUR('',#5650);
#5707 = STYLED_ITEM('color',(#5708),#509);
#5708 = PRESENTATION_STYLE_ASSIGNMENT((#5709));
#5709 = SURFACE_STYLE_USAGE(.BOTH.,#5710);
#5710 = SURFACE_SIDE_STYLE('',(#5711));
#5711 = SURFACE_STYLE_FILL_AREA(#5712);
#5712 = FILL_AREA_STYLE('',(#5713));
#5713 = FILL_AREA_STYLE_COLOUR('',#5650);
#5714 = STYLED_ITEM('color',(#5715),#533);
#5715 = PRESENTATION_STYLE_ASSIGNMENT((#5716));
#5716 = SURFACE_STYLE_USAGE(.BOTH.,#5717);
#5717 = SURFACE_SIDE_STYLE('',(#5718));
#5718 = SURFACE_STYLE_FILL_AREA(#5719);
#5719 = FILL_AREA_STYLE('',(#5720));
#5720 = FILL_AREA_STYLE_COLOUR('',#5650);
#5721 = STYLED_ITEM('color',(#5722),#573);
#5722 = PRESENTATION_STYLE_ASSIGNMENT((#5723));
#5723 = SURFACE_STYLE_USAGE(.BOTH.,#5724);
#5724 = SURFACE_SIDE_STYLE('',(#5725));
#5725 = SURFACE_STYLE_FILL_AREA(#5726);
#5726 = FILL_AREA_STYLE('',(#5727));
#5727 = FILL_AREA_STYLE_COLOUR('',#5650);
#5728 = STYLED_ITEM('color',(#5729),#597);
#5729 = PRESENTATION_STYLE_ASSIGNMENT((#5730));
#5730 = SURFACE_STYLE_USAGE(.BOTH.,#5731);
#5731 = SURFACE_SIDE_STYLE('',(#5732));
#5732 = SURFACE_STYLE_FILL_AREA(#5733);
#5733 = FILL_AREA_STYLE('',(#5734));
#5734 = FILL_AREA_STYLE_COLOUR('',#5650);
#5735 = STYLED_ITEM('color',(#5736),#637);
#5736 = PRESENTATION_STYLE_ASSIGNMENT((#5737));
#5737 = SURFACE_STYLE_USAGE(.BOTH.,#5738);
#5738 = SURFACE_SIDE_STYLE('',(#5739));
#5739 = SURFACE_STYLE_FILL_AREA(#5740);
#5740 = FILL_AREA_STYLE('',(#5741));
#5741 = FILL_AREA_STYLE_COLOUR('',#5650);
#5742 = STYLED_ITEM('color',(#5743),#661);
#5743 = PRESENTATION_STYLE_ASSIGNMENT((#5744));
#5744 = SURFACE_STYLE_USAGE(.BOTH.,#5745);
#5745 = SURFACE_SIDE_STYLE('',(#5746));
#5746 = SURFACE_STYLE_FILL_AREA(#5747);
#5747 = FILL_AREA_STYLE('',(#5748));
#5748 = FILL_AREA_STYLE_COLOUR('',#5650);
#5749 = STYLED_ITEM('color',(#5750),#701);
#5750 = PRESENTATION_STYLE_ASSIGNMENT((#5751));
#5751 = SURFACE_STYLE_USAGE(.BOTH.,#5752);
#5752 = SURFACE_SIDE_STYLE('',(#5753));
#5753 = SURFACE_STYLE_FILL_AREA(#5754);
#5754 = FILL_AREA_STYLE('',(#5755));
#5755 = FILL_AREA_STYLE_COLOUR('',#5650);
#5756 = STYLED_ITEM('color',(#5757),#725);
#5757 = PRESENTATION_STYLE_ASSIGNMENT((#5758));
#5758 = SURFACE_STYLE_USAGE(.BOTH.,#5759);
#5759 = SURFACE_SIDE_STYLE('',(#5760));
#5760 = SURFACE_STYLE_FILL_AREA(#5761);
#5761 = FILL_AREA_STYLE('',(#5762));
#5762 = FILL_AREA_STYLE_COLOUR('',#5650);
#5763 = STYLED_ITEM('color',(#5764),#765);
#5764 = PRESENTATION_STYLE_ASSIGNMENT((#5765));
#5765 = SURFACE_STYLE_USAGE(.BOTH.,#5766);
#5766 = SURFACE_SIDE_STYLE('',(#5767));
#5767 = SURFACE_STYLE_FILL_AREA(#5768);
#5768 = FILL_AREA_STYLE('',(#5769));
#5769 = FILL_AREA_STYLE_COLOUR('',#5650);
#5770 = STYLED_ITEM('color',(#5771),#805);
#5771 = PRESENTATION_STYLE_ASSIGNMENT((#5772));
#5772 = SURFACE_STYLE_USAGE(.BOTH.,#5773);
#5773 = SURFACE_SIDE_STYLE('',(#5774));
#5774 = SURFACE_STYLE_FILL_AREA(#5775);
#5775 = FILL_AREA_STYLE('',(#5776));
#5776 = FILL_AREA_STYLE_COLOUR('',#5650);
#5777 = STYLED_ITEM('color',(#5778),#845);
#5778 = PRESENTATION_STYLE_ASSIGNMENT((#5779));
#5779 = SURFACE_STYLE_USAGE(.BOTH.,#5780);
#5780 = SURFACE_SIDE_STYLE('',(#5781));
#5781 = SURFACE_STYLE_FILL_AREA(#5782);
#5782 = FILL_AREA_STYLE('',(#5783));
#5783 = FILL_AREA_STYLE_COLOUR('',#5650);
#5784 = STYLED_ITEM('color',(#5785),#933);
#5785 = PRESENTATION_STYLE_ASSIGNMENT((#5786));
#5786 = SURFACE_STYLE_USAGE(.BOTH.,#5787);
#5787 = SURFACE_SIDE_STYLE('',(#5788));
#5788 = SURFACE_STYLE_FILL_AREA(#5789);
#5789 = FILL_AREA_STYLE('',(#5790));
#5790 = FILL_AREA_STYLE_COLOUR('',#5650);
#5791 = STYLED_ITEM('color',(#5792),#966);
#5792 = PRESENTATION_STYLE_ASSIGNMENT((#5793));
#5793 = SURFACE_STYLE_USAGE(.BOTH.,#5794);
#5794 = SURFACE_SIDE_STYLE('',(#5795));
#5795 = SURFACE_STYLE_FILL_AREA(#5796);
#5796 = FILL_AREA_STYLE('',(#5797));
#5797 = FILL_AREA_STYLE_COLOUR('',#5650);
#5798 = STYLED_ITEM('color',(#5799),#990);
#5799 = PRESENTATION_STYLE_ASSIGNMENT((#5800));
#5800 = SURFACE_STYLE_USAGE(.BOTH.,#5801);
#5801 = SURFACE_SIDE_STYLE('',(#5802));
#5802 = SURFACE_STYLE_FILL_AREA(#5803);
#5803 = FILL_AREA_STYLE('',(#5804));
#5804 = FILL_AREA_STYLE_COLOUR('',#5650);
#5805 = STYLED_ITEM('color',(#5806),#1062);
#5806 = PRESENTATION_STYLE_ASSIGNMENT((#5807));
#5807 = SURFACE_STYLE_USAGE(.BOTH.,#5808);
#5808 = SURFACE_SIDE_STYLE('',(#5809));
#5809 = SURFACE_STYLE_FILL_AREA(#5810);
#5810 = FILL_AREA_STYLE('',(#5811));
#5811 = FILL_AREA_STYLE_COLOUR('',#5650);
#5812 = STYLED_ITEM('color',(#5813),#1252);
#5813 = PRESENTATION_STYLE_ASSIGNMENT((#5814));
#5814 = SURFACE_STYLE_USAGE(.BOTH.,#5815);
#5815 = SURFACE_SIDE_STYLE('',(#5816));
#5816 = SURFACE_STYLE_FILL_AREA(#5817);
#5817 = FILL_AREA_STYLE('',(#5818));
#5818 = FILL_AREA_STYLE_COLOUR('',#5650);
#5819 = STYLED_ITEM('color',(#5820),#1269);
#5820 = PRESENTATION_STYLE_ASSIGNMENT((#5821));
#5821 = SURFACE_STYLE_USAGE(.BOTH.,#5822);
#5822 = SURFACE_SIDE_STYLE('',(#5823));
#5823 = SURFACE_STYLE_FILL_AREA(#5824);
#5824 = FILL_AREA_STYLE('',(#5825));
#5825 = FILL_AREA_STYLE_COLOUR('',#5650);
#5826 = STYLED_ITEM('color',(#5827),#1315);
#5827 = PRESENTATION_STYLE_ASSIGNMENT((#5828));
#5828 = SURFACE_STYLE_USAGE(.BOTH.,#5829);
#5829 = SURFACE_SIDE_STYLE('',(#5830));
#5830 = SURFACE_STYLE_FILL_AREA(#5831);
#5831 = FILL_AREA_STYLE('',(#5832));
#5832 = FILL_AREA_STYLE_COLOUR('',#5650);
#5833 = STYLED_ITEM('color',(#5834),#1332);
#5834 = PRESENTATION_STYLE_ASSIGNMENT((#5835));
#5835 = SURFACE_STYLE_USAGE(.BOTH.,#5836);
#5836 = SURFACE_SIDE_STYLE('',(#5837));
#5837 = SURFACE_STYLE_FILL_AREA(#5838);
#5838 = FILL_AREA_STYLE('',(#5839));
#5839 = FILL_AREA_STYLE_COLOUR('',#5650);
#5840 = STYLED_ITEM('color',(#5841),#1378);
#5841 = PRESENTATION_STYLE_ASSIGNMENT((#5842));
#5842 = SURFACE_STYLE_USAGE(.BOTH.,#5843);
#5843 = SURFACE_SIDE_STYLE('',(#5844));
#5844 = SURFACE_STYLE_FILL_AREA(#5845);
#5845 = FILL_AREA_STYLE('',(#5846));
#5846 = FILL_AREA_STYLE_COLOUR('',#5650);
#5847 = STYLED_ITEM('color',(#5848),#1395);
#5848 = PRESENTATION_STYLE_ASSIGNMENT((#5849));
#5849 = SURFACE_STYLE_USAGE(.BOTH.,#5850);
#5850 = SURFACE_SIDE_STYLE('',(#5851));
#5851 = SURFACE_STYLE_FILL_AREA(#5852);
#5852 = FILL_AREA_STYLE('',(#5853));
#5853 = FILL_AREA_STYLE_COLOUR('',#5650);
#5854 = STYLED_ITEM('color',(#5855),#1441);
#5855 = PRESENTATION_STYLE_ASSIGNMENT((#5856));
#5856 = SURFACE_STYLE_USAGE(.BOTH.,#5857);
#5857 = SURFACE_SIDE_STYLE('',(#5858));
#5858 = SURFACE_STYLE_FILL_AREA(#5859);
#5859 = FILL_AREA_STYLE('',(#5860));
#5860 = FILL_AREA_STYLE_COLOUR('',#5650);
#5861 = STYLED_ITEM('color',(#5862),#1458);
#5862 = PRESENTATION_STYLE_ASSIGNMENT((#5863));
#5863 = SURFACE_STYLE_USAGE(.BOTH.,#5864);
#5864 = SURFACE_SIDE_STYLE('',(#5865));
#5865 = SURFACE_STYLE_FILL_AREA(#5866);
#5866 = FILL_AREA_STYLE('',(#5867));
#5867 = FILL_AREA_STYLE_COLOUR('',#5650);
#5868 = STYLED_ITEM('color',(#5869),#1504);
#5869 = PRESENTATION_STYLE_ASSIGNMENT((#5870));
#5870 = SURFACE_STYLE_USAGE(.BOTH.,#5871);
#5871 = SURFACE_SIDE_STYLE('',(#5872));
#5872 = SURFACE_STYLE_FILL_AREA(#5873);
#5873 = FILL_AREA_STYLE('',(#5874));
#5874 = FILL_AREA_STYLE_COLOUR('',#5650);
#5875 = STYLED_ITEM('color',(#5876),#1528);
#5876 = PRESENTATION_STYLE_ASSIGNMENT((#5877));
#5877 = SURFACE_STYLE_USAGE(.BOTH.,#5878);
#5878 = SURFACE_SIDE_STYLE('',(#5879));
#5879 = SURFACE_STYLE_FILL_AREA(#5880);
#5880 = FILL_AREA_STYLE('',(#5881));
#5881 = FILL_AREA_STYLE_COLOUR('',#5650);
#5882 = STYLED_ITEM('color',(#5883),#1593);
#5883 = PRESENTATION_STYLE_ASSIGNMENT((#5884));
#5884 = SURFACE_STYLE_USAGE(.BOTH.,#5885);
#5885 = SURFACE_SIDE_STYLE('',(#5886));
#5886 = SURFACE_STYLE_FILL_AREA(#5887);
#5887 = FILL_AREA_STYLE('',(#5888));
#5888 = FILL_AREA_STYLE_COLOUR('',#5650);
#5889 = STYLED_ITEM('color',(#5890),#1610);
#5890 = PRESENTATION_STYLE_ASSIGNMENT((#5891));
#5891 = SURFACE_STYLE_USAGE(.BOTH.,#5892);
#5892 = SURFACE_SIDE_STYLE('',(#5893));
#5893 = SURFACE_STYLE_FILL_AREA(#5894);
#5894 = FILL_AREA_STYLE('',(#5895));
#5895 = FILL_AREA_STYLE_COLOUR('',#5650);
#5896 = STYLED_ITEM('color',(#5897),#1622);
#5897 = PRESENTATION_STYLE_ASSIGNMENT((#5898));
#5898 = SURFACE_STYLE_USAGE(.BOTH.,#5899);
#5899 = SURFACE_SIDE_STYLE('',(#5900));
#5900 = SURFACE_STYLE_FILL_AREA(#5901);
#5901 = FILL_AREA_STYLE('',(#5902));
#5902 = FILL_AREA_STYLE_COLOUR('',#5650);
#5903 = STYLED_ITEM('color',(#5904),#1653);
#5904 = PRESENTATION_STYLE_ASSIGNMENT((#5905));
#5905 = SURFACE_STYLE_USAGE(.BOTH.,#5906);
#5906 = SURFACE_SIDE_STYLE('',(#5907));
#5907 = SURFACE_STYLE_FILL_AREA(#5908);
#5908 = FILL_AREA_STYLE('',(#5909));
#5909 = FILL_AREA_STYLE_COLOUR('',#5650);
#5910 = STYLED_ITEM('color',(#5911),#1678);
#5911 = PRESENTATION_STYLE_ASSIGNMENT((#5912));
#5912 = SURFACE_STYLE_USAGE(.BOTH.,#5913);
#5913 = SURFACE_SIDE_STYLE('',(#5914));
#5914 = SURFACE_STYLE_FILL_AREA(#5915);
#5915 = FILL_AREA_STYLE('',(#5916));
#5916 = FILL_AREA_STYLE_COLOUR('',#5650);
#5917 = STYLED_ITEM('color',(#5918),#1695);
#5918 = PRESENTATION_STYLE_ASSIGNMENT((#5919));
#5919 = SURFACE_STYLE_USAGE(.BOTH.,#5920);
#5920 = SURFACE_SIDE_STYLE('',(#5921));
#5921 = SURFACE_STYLE_FILL_AREA(#5922);
#5922 = FILL_AREA_STYLE('',(#5923));
#5923 = FILL_AREA_STYLE_COLOUR('',#5650);
#5924 = STYLED_ITEM('color',(#5925),#1727);
#5925 = PRESENTATION_STYLE_ASSIGNMENT((#5926));
#5926 = SURFACE_STYLE_USAGE(.BOTH.,#5927);
#5927 = SURFACE_SIDE_STYLE('',(#5928));
#5928 = SURFACE_STYLE_FILL_AREA(#5929);
#5929 = FILL_AREA_STYLE('',(#5930));
#5930 = FILL_AREA_STYLE_COLOUR('',#5650);
#5931 = STYLED_ITEM('color',(#5932),#1751);
#5932 = PRESENTATION_STYLE_ASSIGNMENT((#5933));
#5933 = SURFACE_STYLE_USAGE(.BOTH.,#5934);
#5934 = SURFACE_SIDE_STYLE('',(#5935));
#5935 = SURFACE_STYLE_FILL_AREA(#5936);
#5936 = FILL_AREA_STYLE('',(#5937));
#5937 = FILL_AREA_STYLE_COLOUR('',#5650);
#5938 = STYLED_ITEM('color',(#5939),#1768);
#5939 = PRESENTATION_STYLE_ASSIGNMENT((#5940));
#5940 = SURFACE_STYLE_USAGE(.BOTH.,#5941);
#5941 = SURFACE_SIDE_STYLE('',(#5942));
#5942 = SURFACE_STYLE_FILL_AREA(#5943);
#5943 = FILL_AREA_STYLE('',(#5944));
#5944 = FILL_AREA_STYLE_COLOUR('',#5650);
#5945 = STYLED_ITEM('color',(#5946),#1780);
#5946 = PRESENTATION_STYLE_ASSIGNMENT((#5947));
#5947 = SURFACE_STYLE_USAGE(.BOTH.,#5948);
#5948 = SURFACE_SIDE_STYLE('',(#5949));
#5949 = SURFACE_STYLE_FILL_AREA(#5950);
#5950 = FILL_AREA_STYLE('',(#5951));
#5951 = FILL_AREA_STYLE_COLOUR('',#5650);
#5952 = STYLED_ITEM('color',(#5953),#1804);
#5953 = PRESENTATION_STYLE_ASSIGNMENT((#5954));
#5954 = SURFACE_STYLE_USAGE(.BOTH.,#5955);
#5955 = SURFACE_SIDE_STYLE('',(#5956));
#5956 = SURFACE_STYLE_FILL_AREA(#5957);
#5957 = FILL_AREA_STYLE('',(#5958));
#5958 = FILL_AREA_STYLE_COLOUR('',#5650);
#5959 = STYLED_ITEM('color',(#5960),#1829);
#5960 = PRESENTATION_STYLE_ASSIGNMENT((#5961));
#5961 = SURFACE_STYLE_USAGE(.BOTH.,#5962);
#5962 = SURFACE_SIDE_STYLE('',(#5963));
#5963 = SURFACE_STYLE_FILL_AREA(#5964);
#5964 = FILL_AREA_STYLE('',(#5965));
#5965 = FILL_AREA_STYLE_COLOUR('',#5650);
#5966 = STYLED_ITEM('color',(#5967),#2006);
#5967 = PRESENTATION_STYLE_ASSIGNMENT((#5968));
#5968 = SURFACE_STYLE_USAGE(.BOTH.,#5969);
#5969 = SURFACE_SIDE_STYLE('',(#5970));
#5970 = SURFACE_STYLE_FILL_AREA(#5971);
#5971 = FILL_AREA_STYLE('',(#5972));
#5972 = FILL_AREA_STYLE_COLOUR('',#5650);
#5973 = STYLED_ITEM('color',(#5974),#2023);
#5974 = PRESENTATION_STYLE_ASSIGNMENT((#5975));
#5975 = SURFACE_STYLE_USAGE(.BOTH.,#5976);
#5976 = SURFACE_SIDE_STYLE('',(#5977));
#5977 = SURFACE_STYLE_FILL_AREA(#5978);
#5978 = FILL_AREA_STYLE('',(#5979));
#5979 = FILL_AREA_STYLE_COLOUR('',#5650);
#5980 = STYLED_ITEM('color',(#5981),#2040);
#5981 = PRESENTATION_STYLE_ASSIGNMENT((#5982));
#5982 = SURFACE_STYLE_USAGE(.BOTH.,#5983);
#5983 = SURFACE_SIDE_STYLE('',(#5984));
#5984 = SURFACE_STYLE_FILL_AREA(#5985);
#5985 = FILL_AREA_STYLE('',(#5986));
#5986 = FILL_AREA_STYLE_COLOUR('',#5650);
#5987 = STYLED_ITEM('color',(#5988),#2057);
#5988 = PRESENTATION_STYLE_ASSIGNMENT((#5989));
#5989 = SURFACE_STYLE_USAGE(.BOTH.,#5990);
#5990 = SURFACE_SIDE_STYLE('',(#5991));
#5991 = SURFACE_STYLE_FILL_AREA(#5992);
#5992 = FILL_AREA_STYLE('',(#5993));
#5993 = FILL_AREA_STYLE_COLOUR('',#5650);
#5994 = STYLED_ITEM('color',(#5995),#2074);
#5995 = PRESENTATION_STYLE_ASSIGNMENT((#5996));
#5996 = SURFACE_STYLE_USAGE(.BOTH.,#5997);
#5997 = SURFACE_SIDE_STYLE('',(#5998));
#5998 = SURFACE_STYLE_FILL_AREA(#5999);
#5999 = FILL_AREA_STYLE('',(#6000));
#6000 = FILL_AREA_STYLE_COLOUR('',#5650);
#6001 = STYLED_ITEM('color',(#6002),#2091);
#6002 = PRESENTATION_STYLE_ASSIGNMENT((#6003));
#6003 = SURFACE_STYLE_USAGE(.BOTH.,#6004);
#6004 = SURFACE_SIDE_STYLE('',(#6005));
#6005 = SURFACE_STYLE_FILL_AREA(#6006);
#6006 = FILL_AREA_STYLE('',(#6007));
#6007 = FILL_AREA_STYLE_COLOUR('',#5650);
#6008 = STYLED_ITEM('color',(#6009),#2108);
#6009 = PRESENTATION_STYLE_ASSIGNMENT((#6010));
#6010 = SURFACE_STYLE_USAGE(.BOTH.,#6011);
#6011 = SURFACE_SIDE_STYLE('',(#6012));
#6012 = SURFACE_STYLE_FILL_AREA(#6013);
#6013 = FILL_AREA_STYLE('',(#6014));
#6014 = FILL_AREA_STYLE_COLOUR('',#5650);
#6015 = STYLED_ITEM('color',(#6016),#2125);
#6016 = PRESENTATION_STYLE_ASSIGNMENT((#6017));
#6017 = SURFACE_STYLE_USAGE(.BOTH.,#6018);
#6018 = SURFACE_SIDE_STYLE('',(#6019));
#6019 = SURFACE_STYLE_FILL_AREA(#6020);
#6020 = FILL_AREA_STYLE('',(#6021));
#6021 = FILL_AREA_STYLE_COLOUR('',#5650);
#6022 = STYLED_ITEM('color',(#6023),#2142);
#6023 = PRESENTATION_STYLE_ASSIGNMENT((#6024));
#6024 = SURFACE_STYLE_USAGE(.BOTH.,#6025);
#6025 = SURFACE_SIDE_STYLE('',(#6026));
#6026 = SURFACE_STYLE_FILL_AREA(#6027);
#6027 = FILL_AREA_STYLE('',(#6028));
#6028 = FILL_AREA_STYLE_COLOUR('',#5650);
#6029 = STYLED_ITEM('color',(#6030),#2159);
#6030 = PRESENTATION_STYLE_ASSIGNMENT((#6031));
#6031 = SURFACE_STYLE_USAGE(.BOTH.,#6032);
#6032 = SURFACE_SIDE_STYLE('',(#6033));
#6033 = SURFACE_STYLE_FILL_AREA(#6034);
#6034 = FILL_AREA_STYLE('',(#6035));
#6035 = FILL_AREA_STYLE_COLOUR('',#5650);
#6036 = STYLED_ITEM('color',(#6037),#2176);
#6037 = PRESENTATION_STYLE_ASSIGNMENT((#6038));
#6038 = SURFACE_STYLE_USAGE(.BOTH.,#6039);
#6039 = SURFACE_SIDE_STYLE('',(#6040));
#6040 = SURFACE_STYLE_FILL_AREA(#6041);
#6041 = FILL_AREA_STYLE('',(#6042));
#6042 = FILL_AREA_STYLE_COLOUR('',#5650);
#6043 = STYLED_ITEM('color',(#6044),#2193);
#6044 = PRESENTATION_STYLE_ASSIGNMENT((#6045));
#6045 = SURFACE_STYLE_USAGE(.BOTH.,#6046);
#6046 = SURFACE_SIDE_STYLE('',(#6047));
#6047 = SURFACE_STYLE_FILL_AREA(#6048);
#6048 = FILL_AREA_STYLE('',(#6049));
#6049 = FILL_AREA_STYLE_COLOUR('',#5650);
#6050 = STYLED_ITEM('color',(#6051),#2210);
#6051 = PRESENTATION_STYLE_ASSIGNMENT((#6052));
#6052 = SURFACE_STYLE_USAGE(.BOTH.,#6053);
#6053 = SURFACE_SIDE_STYLE('',(#6054));
#6054 = SURFACE_STYLE_FILL_AREA(#6055);
#6055 = FILL_AREA_STYLE('',(#6056));
#6056 = FILL_AREA_STYLE_COLOUR('',#5650);
#6057 = STYLED_ITEM('color',(#6058),#2227);
#6058 = PRESENTATION_STYLE_ASSIGNMENT((#6059));
#6059 = SURFACE_STYLE_USAGE(.BOTH.,#6060);
#6060 = SURFACE_SIDE_STYLE('',(#6061));
#6061 = SURFACE_STYLE_FILL_AREA(#6062);
#6062 = FILL_AREA_STYLE('',(#6063));
#6063 = FILL_AREA_STYLE_COLOUR('',#5650);
#6064 = STYLED_ITEM('color',(#6065),#2244);
#6065 = PRESENTATION_STYLE_ASSIGNMENT((#6066));
#6066 = SURFACE_STYLE_USAGE(.BOTH.,#6067);
#6067 = SURFACE_SIDE_STYLE('',(#6068));
#6068 = SURFACE_STYLE_FILL_AREA(#6069);
#6069 = FILL_AREA_STYLE('',(#6070));
#6070 = FILL_AREA_STYLE_COLOUR('',#5650);
#6071 = STYLED_ITEM('color',(#6072),#2261);
#6072 = PRESENTATION_STYLE_ASSIGNMENT((#6073));
#6073 = SURFACE_STYLE_USAGE(.BOTH.,#6074);
#6074 = SURFACE_SIDE_STYLE('',(#6075));
#6075 = SURFACE_STYLE_FILL_AREA(#6076);
#6076 = FILL_AREA_STYLE('',(#6077));
#6077 = FILL_AREA_STYLE_COLOUR('',#5650);
#6078 = STYLED_ITEM('color',(#6079),#2278);
#6079 = PRESENTATION_STYLE_ASSIGNMENT((#6080));
#6080 = SURFACE_STYLE_USAGE(.BOTH.,#6081);
#6081 = SURFACE_SIDE_STYLE('',(#6082));
#6082 = SURFACE_STYLE_FILL_AREA(#6083);
#6083 = FILL_AREA_STYLE('',(#6084));
#6084 = FILL_AREA_STYLE_COLOUR('',#5650);
#6085 = STYLED_ITEM('color',(#6086),#2290);
#6086 = PRESENTATION_STYLE_ASSIGNMENT((#6087));
#6087 = SURFACE_STYLE_USAGE(.BOTH.,#6088);
#6088 = SURFACE_SIDE_STYLE('',(#6089));
#6089 = SURFACE_STYLE_FILL_AREA(#6090);
#6090 = FILL_AREA_STYLE('',(#6091));
#6091 = FILL_AREA_STYLE_COLOUR('',#6092);
#6092 = COLOUR_RGB('',0.823529417451,0.819607860991,0.780392170416);
#6093 = STYLED_ITEM('color',(#6094),#2387);
#6094 = PRESENTATION_STYLE_ASSIGNMENT((#6095));
#6095 = SURFACE_STYLE_USAGE(.BOTH.,#6096);
#6096 = SURFACE_SIDE_STYLE('',(#6097));
#6097 = SURFACE_STYLE_FILL_AREA(#6098);
#6098 = FILL_AREA_STYLE('',(#6099));
#6099 = FILL_AREA_STYLE_COLOUR('',#6092);
#6100 = STYLED_ITEM('color',(#6101),#2411);
#6101 = PRESENTATION_STYLE_ASSIGNMENT((#6102));
#6102 = SURFACE_STYLE_USAGE(.BOTH.,#6103);
#6103 = SURFACE_SIDE_STYLE('',(#6104));
#6104 = SURFACE_STYLE_FILL_AREA(#6105);
#6105 = FILL_AREA_STYLE('',(#6106));
#6106 = FILL_AREA_STYLE_COLOUR('',#6092);
#6107 = STYLED_ITEM('color',(#6108),#2501);
#6108 = PRESENTATION_STYLE_ASSIGNMENT((#6109));
#6109 = SURFACE_STYLE_USAGE(.BOTH.,#6110);
#6110 = SURFACE_SIDE_STYLE('',(#6111));
#6111 = SURFACE_STYLE_FILL_AREA(#6112);
#6112 = FILL_AREA_STYLE('',(#6113));
#6113 = FILL_AREA_STYLE_COLOUR('',#6092);
#6114 = STYLED_ITEM('color',(#6115),#2518);
#6115 = PRESENTATION_STYLE_ASSIGNMENT((#6116));
#6116 = SURFACE_STYLE_USAGE(.BOTH.,#6117);
#6117 = SURFACE_SIDE_STYLE('',(#6118));
#6118 = SURFACE_STYLE_FILL_AREA(#6119);
#6119 = FILL_AREA_STYLE('',(#6120));
#6120 = FILL_AREA_STYLE_COLOUR('',#6092);
#6121 = STYLED_ITEM('color',(#6122),#2549);
#6122 = PRESENTATION_STYLE_ASSIGNMENT((#6123));
#6123 = SURFACE_STYLE_USAGE(.BOTH.,#6124);
#6124 = SURFACE_SIDE_STYLE('',(#6125));
#6125 = SURFACE_STYLE_FILL_AREA(#6126);
#6126 = FILL_AREA_STYLE('',(#6127));
#6127 = FILL_AREA_STYLE_COLOUR('',#6092);
#6128 = STYLED_ITEM('color',(#6129),#2607);
#6129 = PRESENTATION_STYLE_ASSIGNMENT((#6130));
#6130 = SURFACE_STYLE_USAGE(.BOTH.,#6131);
#6131 = SURFACE_SIDE_STYLE('',(#6132));
#6132 = SURFACE_STYLE_FILL_AREA(#6133);
#6133 = FILL_AREA_STYLE('',(#6134));
#6134 = FILL_AREA_STYLE_COLOUR('',#6092);
#6135 = STYLED_ITEM('color',(#6136),#2631);
#6136 = PRESENTATION_STYLE_ASSIGNMENT((#6137));
#6137 = SURFACE_STYLE_USAGE(.BOTH.,#6138);
#6138 = SURFACE_SIDE_STYLE('',(#6139));
#6139 = SURFACE_STYLE_FILL_AREA(#6140);
#6140 = FILL_AREA_STYLE('',(#6141));
#6141 = FILL_AREA_STYLE_COLOUR('',#6092);
#6142 = STYLED_ITEM('color',(#6143),#2682);
#6143 = PRESENTATION_STYLE_ASSIGNMENT((#6144));
#6144 = SURFACE_STYLE_USAGE(.BOTH.,#6145);
#6145 = SURFACE_SIDE_STYLE('',(#6146));
#6146 = SURFACE_STYLE_FILL_AREA(#6147);
#6147 = FILL_AREA_STYLE('',(#6148));
#6148 = FILL_AREA_STYLE_COLOUR('',#6092);
#6149 = STYLED_ITEM('color',(#6150),#2747);
#6150 = PRESENTATION_STYLE_ASSIGNMENT((#6151));
#6151 = SURFACE_STYLE_USAGE(.BOTH.,#6152);
#6152 = SURFACE_SIDE_STYLE('',(#6153));
#6153 = SURFACE_STYLE_FILL_AREA(#6154);
#6154 = FILL_AREA_STYLE('',(#6155));
#6155 = FILL_AREA_STYLE_COLOUR('',#6092);
#6156 = STYLED_ITEM('color',(#6157),#2771);
#6157 = PRESENTATION_STYLE_ASSIGNMENT((#6158));
#6158 = SURFACE_STYLE_USAGE(.BOTH.,#6159);
#6159 = SURFACE_SIDE_STYLE('',(#6160));
#6160 = SURFACE_STYLE_FILL_AREA(#6161);
#6161 = FILL_AREA_STYLE('',(#6162));
#6162 = FILL_AREA_STYLE_COLOUR('',#6092);
#6163 = STYLED_ITEM('color',(#6164),#2829);
#6164 = PRESENTATION_STYLE_ASSIGNMENT((#6165));
#6165 = SURFACE_STYLE_USAGE(.BOTH.,#6166);
#6166 = SURFACE_SIDE_STYLE('',(#6167));
#6167 = SURFACE_STYLE_FILL_AREA(#6168);
#6168 = FILL_AREA_STYLE('',(#6169));
#6169 = FILL_AREA_STYLE_COLOUR('',#6092);
#6170 = STYLED_ITEM('color',(#6171),#2846);
#6171 = PRESENTATION_STYLE_ASSIGNMENT((#6172));
#6172 = SURFACE_STYLE_USAGE(.BOTH.,#6173);
#6173 = SURFACE_SIDE_STYLE('',(#6174));
#6174 = SURFACE_STYLE_FILL_AREA(#6175);
#6175 = FILL_AREA_STYLE('',(#6176));
#6176 = FILL_AREA_STYLE_COLOUR('',#6092);
#6177 = STYLED_ITEM('color',(#6178),#2877);
#6178 = PRESENTATION_STYLE_ASSIGNMENT((#6179));
#6179 = SURFACE_STYLE_USAGE(.BOTH.,#6180);
#6180 = SURFACE_SIDE_STYLE('',(#6181));
#6181 = SURFACE_STYLE_FILL_AREA(#6182);
#6182 = FILL_AREA_STYLE('',(#6183));
#6183 = FILL_AREA_STYLE_COLOUR('',#6092);
#6184 = STYLED_ITEM('color',(#6185),#2967);
#6185 = PRESENTATION_STYLE_ASSIGNMENT((#6186));
#6186 = SURFACE_STYLE_USAGE(.BOTH.,#6187);
#6187 = SURFACE_SIDE_STYLE('',(#6188));
#6188 = SURFACE_STYLE_FILL_AREA(#6189);
#6189 = FILL_AREA_STYLE('',(#6190));
#6190 = FILL_AREA_STYLE_COLOUR('',#6092);
#6191 = STYLED_ITEM('color',(#6192),#2991);
#6192 = PRESENTATION_STYLE_ASSIGNMENT((#6193));
#6193 = SURFACE_STYLE_USAGE(.BOTH.,#6194);
#6194 = SURFACE_SIDE_STYLE('',(#6195));
#6195 = SURFACE_STYLE_FILL_AREA(#6196);
#6196 = FILL_AREA_STYLE('',(#6197));
#6197 = FILL_AREA_STYLE_COLOUR('',#6092);
#6198 = STYLED_ITEM('color',(#6199),#3074);
#6199 = PRESENTATION_STYLE_ASSIGNMENT((#6200));
#6200 = SURFACE_STYLE_USAGE(.BOTH.,#6201);
#6201 = SURFACE_SIDE_STYLE('',(#6202));
#6202 = SURFACE_STYLE_FILL_AREA(#6203);
#6203 = FILL_AREA_STYLE('',(#6204));
#6204 = FILL_AREA_STYLE_COLOUR('',#5650);
#6205 = STYLED_ITEM('color',(#6206),#3099);
#6206 = PRESENTATION_STYLE_ASSIGNMENT((#6207));
#6207 = SURFACE_STYLE_USAGE(.BOTH.,#6208);
#6208 = SURFACE_SIDE_STYLE('',(#6209));
#6209 = SURFACE_STYLE_FILL_AREA(#6210);
#6210 = FILL_AREA_STYLE('',(#6211));
#6211 = FILL_AREA_STYLE_COLOUR('',#5650);
#6212 = STYLED_ITEM('color',(#6213),#3116);
#6213 = PRESENTATION_STYLE_ASSIGNMENT((#6214));
#6214 = SURFACE_STYLE_USAGE(.BOTH.,#6215);
#6215 = SURFACE_SIDE_STYLE('',(#6216));
#6216 = SURFACE_STYLE_FILL_AREA(#6217);
#6217 = FILL_AREA_STYLE('',(#6218));
#6218 = FILL_AREA_STYLE_COLOUR('',#5650);
#6219 = STYLED_ITEM('color',(#6220),#3143);
#6220 = PRESENTATION_STYLE_ASSIGNMENT((#6221));
#6221 = SURFACE_STYLE_USAGE(.BOTH.,#6222);
#6222 = SURFACE_SIDE_STYLE('',(#6223));
#6223 = SURFACE_STYLE_FILL_AREA(#6224);
#6224 = FILL_AREA_STYLE('',(#6225));
#6225 = FILL_AREA_STYLE_COLOUR('',#5650);
#6226 = STYLED_ITEM('color',(#6227),#3170);
#6227 = PRESENTATION_STYLE_ASSIGNMENT((#6228));
#6228 = SURFACE_STYLE_USAGE(.BOTH.,#6229);
#6229 = SURFACE_SIDE_STYLE('',(#6230));
#6230 = SURFACE_STYLE_FILL_AREA(#6231);
#6231 = FILL_AREA_STYLE('',(#6232));
#6232 = FILL_AREA_STYLE_COLOUR('',#5650);
#6233 = STYLED_ITEM('color',(#6234),#3187);
#6234 = PRESENTATION_STYLE_ASSIGNMENT((#6235));
#6235 = SURFACE_STYLE_USAGE(.BOTH.,#6236);
#6236 = SURFACE_SIDE_STYLE('',(#6237));
#6237 = SURFACE_STYLE_FILL_AREA(#6238);
#6238 = FILL_AREA_STYLE('',(#6239));
#6239 = FILL_AREA_STYLE_COLOUR('',#5650);
#6240 = STYLED_ITEM('color',(#6241),#3335);
#6241 = PRESENTATION_STYLE_ASSIGNMENT((#6242));
#6242 = SURFACE_STYLE_USAGE(.BOTH.,#6243);
#6243 = SURFACE_SIDE_STYLE('',(#6244));
#6244 = SURFACE_STYLE_FILL_AREA(#6245);
#6245 = FILL_AREA_STYLE('',(#6246));
#6246 = FILL_AREA_STYLE_COLOUR('',#6092);
#6247 = STYLED_ITEM('color',(#6248),#3352);
#6248 = PRESENTATION_STYLE_ASSIGNMENT((#6249));
#6249 = SURFACE_STYLE_USAGE(.BOTH.,#6250);
#6250 = SURFACE_SIDE_STYLE('',(#6251));
#6251 = SURFACE_STYLE_FILL_AREA(#6252);
#6252 = FILL_AREA_STYLE('',(#6253));
#6253 = FILL_AREA_STYLE_COLOUR('',#6092);
#6254 = STYLED_ITEM('color',(#6255),#3369);
#6255 = PRESENTATION_STYLE_ASSIGNMENT((#6256));
#6256 = SURFACE_STYLE_USAGE(.BOTH.,#6257);
#6257 = SURFACE_SIDE_STYLE('',(#6258));
#6258 = SURFACE_STYLE_FILL_AREA(#6259);
#6259 = FILL_AREA_STYLE('',(#6260));
#6260 = FILL_AREA_STYLE_COLOUR('',#6092);
#6261 = STYLED_ITEM('color',(#6262),#3386);
#6262 = PRESENTATION_STYLE_ASSIGNMENT((#6263));
#6263 = SURFACE_STYLE_USAGE(.BOTH.,#6264);
#6264 = SURFACE_SIDE_STYLE('',(#6265));
#6265 = SURFACE_STYLE_FILL_AREA(#6266);
#6266 = FILL_AREA_STYLE('',(#6267));
#6267 = FILL_AREA_STYLE_COLOUR('',#6092);
#6268 = STYLED_ITEM('color',(#6269),#3419);
#6269 = PRESENTATION_STYLE_ASSIGNMENT((#6270));
#6270 = SURFACE_STYLE_USAGE(.BOTH.,#6271);
#6271 = SURFACE_SIDE_STYLE('',(#6272));
#6272 = SURFACE_STYLE_FILL_AREA(#6273);
#6273 = FILL_AREA_STYLE('',(#6274));
#6274 = FILL_AREA_STYLE_COLOUR('',#6092);
#6275 = STYLED_ITEM('color',(#6276),#3459);
#6276 = PRESENTATION_STYLE_ASSIGNMENT((#6277));
#6277 = SURFACE_STYLE_USAGE(.BOTH.,#6278);
#6278 = SURFACE_SIDE_STYLE('',(#6279));
#6279 = SURFACE_STYLE_FILL_AREA(#6280);
#6280 = FILL_AREA_STYLE('',(#6281));
#6281 = FILL_AREA_STYLE_COLOUR('',#6092);
#6282 = STYLED_ITEM('color',(#6283),#3490);
#6283 = PRESENTATION_STYLE_ASSIGNMENT((#6284));
#6284 = SURFACE_STYLE_USAGE(.BOTH.,#6285);
#6285 = SURFACE_SIDE_STYLE('',(#6286));
#6286 = SURFACE_STYLE_FILL_AREA(#6287);
#6287 = FILL_AREA_STYLE('',(#6288));
#6288 = FILL_AREA_STYLE_COLOUR('',#6092);
#6289 = STYLED_ITEM('color',(#6290),#3507);
#6290 = PRESENTATION_STYLE_ASSIGNMENT((#6291));
#6291 = SURFACE_STYLE_USAGE(.BOTH.,#6292);
#6292 = SURFACE_SIDE_STYLE('',(#6293));
#6293 = SURFACE_STYLE_FILL_AREA(#6294);
#6294 = FILL_AREA_STYLE('',(#6295));
#6295 = FILL_AREA_STYLE_COLOUR('',#6092);
#6296 = STYLED_ITEM('color',(#6297),#3524);
#6297 = PRESENTATION_STYLE_ASSIGNMENT((#6298));
#6298 = SURFACE_STYLE_USAGE(.BOTH.,#6299);
#6299 = SURFACE_SIDE_STYLE('',(#6300));
#6300 = SURFACE_STYLE_FILL_AREA(#6301);
#6301 = FILL_AREA_STYLE('',(#6302));
#6302 = FILL_AREA_STYLE_COLOUR('',#6092);
#6303 = STYLED_ITEM('color',(#6304),#3536);
#6304 = PRESENTATION_STYLE_ASSIGNMENT((#6305));
#6305 = SURFACE_STYLE_USAGE(.BOTH.,#6306);
#6306 = SURFACE_SIDE_STYLE('',(#6307));
#6307 = SURFACE_STYLE_FILL_AREA(#6308);
#6308 = FILL_AREA_STYLE('',(#6309));
#6309 = FILL_AREA_STYLE_COLOUR('',#6092);
#6310 = STYLED_ITEM('color',(#6311),#3569);
#6311 = PRESENTATION_STYLE_ASSIGNMENT((#6312));
#6312 = SURFACE_STYLE_USAGE(.BOTH.,#6313);
#6313 = SURFACE_SIDE_STYLE('',(#6314));
#6314 = SURFACE_STYLE_FILL_AREA(#6315);
#6315 = FILL_AREA_STYLE('',(#6316));
#6316 = FILL_AREA_STYLE_COLOUR('',#6092);
#6317 = STYLED_ITEM('color',(#6318),#3586);
#6318 = PRESENTATION_STYLE_ASSIGNMENT((#6319));
#6319 = SURFACE_STYLE_USAGE(.BOTH.,#6320);
#6320 = SURFACE_SIDE_STYLE('',(#6321));
#6321 = SURFACE_STYLE_FILL_AREA(#6322);
#6322 = FILL_AREA_STYLE('',(#6323));
#6323 = FILL_AREA_STYLE_COLOUR('',#6092);
#6324 = STYLED_ITEM('color',(#6325),#3603);
#6325 = PRESENTATION_STYLE_ASSIGNMENT((#6326));
#6326 = SURFACE_STYLE_USAGE(.BOTH.,#6327);
#6327 = SURFACE_SIDE_STYLE('',(#6328));
#6328 = SURFACE_STYLE_FILL_AREA(#6329);
#6329 = FILL_AREA_STYLE('',(#6330));
#6330 = FILL_AREA_STYLE_COLOUR('',#6092);
#6331 = STYLED_ITEM('color',(#6332),#3620);
#6332 = PRESENTATION_STYLE_ASSIGNMENT((#6333));
#6333 = SURFACE_STYLE_USAGE(.BOTH.,#6334);
#6334 = SURFACE_SIDE_STYLE('',(#6335));
#6335 = SURFACE_STYLE_FILL_AREA(#6336);
#6336 = FILL_AREA_STYLE('',(#6337));
#6337 = FILL_AREA_STYLE_COLOUR('',#6092);
#6338 = STYLED_ITEM('color',(#6339),#3651);
#6339 = PRESENTATION_STYLE_ASSIGNMENT((#6340));
#6340 = SURFACE_STYLE_USAGE(.BOTH.,#6341);
#6341 = SURFACE_SIDE_STYLE('',(#6342));
#6342 = SURFACE_STYLE_FILL_AREA(#6343);
#6343 = FILL_AREA_STYLE('',(#6344));
#6344 = FILL_AREA_STYLE_COLOUR('',#6092);
#6345 = STYLED_ITEM('color',(#6346),#3668);
#6346 = PRESENTATION_STYLE_ASSIGNMENT((#6347));
#6347 = SURFACE_STYLE_USAGE(.BOTH.,#6348);
#6348 = SURFACE_SIDE_STYLE('',(#6349));
#6349 = SURFACE_STYLE_FILL_AREA(#6350);
#6350 = FILL_AREA_STYLE('',(#6351));
#6351 = FILL_AREA_STYLE_COLOUR('',#6092);
#6352 = STYLED_ITEM('color',(#6353),#3699);
#6353 = PRESENTATION_STYLE_ASSIGNMENT((#6354));
#6354 = SURFACE_STYLE_USAGE(.BOTH.,#6355);
#6355 = SURFACE_SIDE_STYLE('',(#6356));
#6356 = SURFACE_STYLE_FILL_AREA(#6357);
#6357 = FILL_AREA_STYLE('',(#6358));
#6358 = FILL_AREA_STYLE_COLOUR('',#6092);
#6359 = STYLED_ITEM('color',(#6360),#3716);
#6360 = PRESENTATION_STYLE_ASSIGNMENT((#6361));
#6361 = SURFACE_STYLE_USAGE(.BOTH.,#6362);
#6362 = SURFACE_SIDE_STYLE('',(#6363));
#6363 = SURFACE_STYLE_FILL_AREA(#6364);
#6364 = FILL_AREA_STYLE('',(#6365));
#6365 = FILL_AREA_STYLE_COLOUR('',#6092);
#6366 = STYLED_ITEM('color',(#6367),#3733);
#6367 = PRESENTATION_STYLE_ASSIGNMENT((#6368));
#6368 = SURFACE_STYLE_USAGE(.BOTH.,#6369);
#6369 = SURFACE_SIDE_STYLE('',(#6370));
#6370 = SURFACE_STYLE_FILL_AREA(#6371);
#6371 = FILL_AREA_STYLE('',(#6372));
#6372 = FILL_AREA_STYLE_COLOUR('',#6092);
#6373 = STYLED_ITEM('color',(#6374),#3764);
#6374 = PRESENTATION_STYLE_ASSIGNMENT((#6375));
#6375 = SURFACE_STYLE_USAGE(.BOTH.,#6376);
#6376 = SURFACE_SIDE_STYLE('',(#6377));
#6377 = SURFACE_STYLE_FILL_AREA(#6378);
#6378 = FILL_AREA_STYLE('',(#6379));
#6379 = FILL_AREA_STYLE_COLOUR('',#6092);
#6380 = STYLED_ITEM('color',(#6381),#3786);
#6381 = PRESENTATION_STYLE_ASSIGNMENT((#6382));
#6382 = SURFACE_STYLE_USAGE(.BOTH.,#6383);
#6383 = SURFACE_SIDE_STYLE('',(#6384));
#6384 = SURFACE_STYLE_FILL_AREA(#6385);
#6385 = FILL_AREA_STYLE('',(#6386));
#6386 = FILL_AREA_STYLE_COLOUR('',#6092);
#6387 = STYLED_ITEM('color',(#6388),#3798);
#6388 = PRESENTATION_STYLE_ASSIGNMENT((#6389));
#6389 = SURFACE_STYLE_USAGE(.BOTH.,#6390);
#6390 = SURFACE_SIDE_STYLE('',(#6391));
#6391 = SURFACE_STYLE_FILL_AREA(#6392);
#6392 = FILL_AREA_STYLE('',(#6393));
#6393 = FILL_AREA_STYLE_COLOUR('',#6092);
#6394 = STYLED_ITEM('color',(#6395),#3829);
#6395 = PRESENTATION_STYLE_ASSIGNMENT((#6396));
#6396 = SURFACE_STYLE_USAGE(.BOTH.,#6397);
#6397 = SURFACE_SIDE_STYLE('',(#6398));
#6398 = SURFACE_STYLE_FILL_AREA(#6399);
#6399 = FILL_AREA_STYLE('',(#6400));
#6400 = FILL_AREA_STYLE_COLOUR('',#6092);
#6401 = STYLED_ITEM('color',(#6402),#3846);
#6402 = PRESENTATION_STYLE_ASSIGNMENT((#6403));
#6403 = SURFACE_STYLE_USAGE(.BOTH.,#6404);
#6404 = SURFACE_SIDE_STYLE('',(#6405));
#6405 = SURFACE_STYLE_FILL_AREA(#6406);
#6406 = FILL_AREA_STYLE('',(#6407));
#6407 = FILL_AREA_STYLE_COLOUR('',#6092);
#6408 = STYLED_ITEM('color',(#6409),#3863);
#6409 = PRESENTATION_STYLE_ASSIGNMENT((#6410));
#6410 = SURFACE_STYLE_USAGE(.BOTH.,#6411);
#6411 = SURFACE_SIDE_STYLE('',(#6412));
#6412 = SURFACE_STYLE_FILL_AREA(#6413);
#6413 = FILL_AREA_STYLE('',(#6414));
#6414 = FILL_AREA_STYLE_COLOUR('',#6092);
#6415 = STYLED_ITEM('color',(#6416),#3880);
#6416 = PRESENTATION_STYLE_ASSIGNMENT((#6417));
#6417 = SURFACE_STYLE_USAGE(.BOTH.,#6418);
#6418 = SURFACE_SIDE_STYLE('',(#6419));
#6419 = SURFACE_STYLE_FILL_AREA(#6420);
#6420 = FILL_AREA_STYLE('',(#6421));
#6421 = FILL_AREA_STYLE_COLOUR('',#6092);
#6422 = STYLED_ITEM('color',(#6423),#3897);
#6423 = PRESENTATION_STYLE_ASSIGNMENT((#6424));
#6424 = SURFACE_STYLE_USAGE(.BOTH.,#6425);
#6425 = SURFACE_SIDE_STYLE('',(#6426));
#6426 = SURFACE_STYLE_FILL_AREA(#6427);
#6427 = FILL_AREA_STYLE('',(#6428));
#6428 = FILL_AREA_STYLE_COLOUR('',#6092);
#6429 = STYLED_ITEM('color',(#6430),#3930);
#6430 = PRESENTATION_STYLE_ASSIGNMENT((#6431));
#6431 = SURFACE_STYLE_USAGE(.BOTH.,#6432);
#6432 = SURFACE_SIDE_STYLE('',(#6433));
#6433 = SURFACE_STYLE_FILL_AREA(#6434);
#6434 = FILL_AREA_STYLE('',(#6435));
#6435 = FILL_AREA_STYLE_COLOUR('',#6092);
#6436 = STYLED_ITEM('color',(#6437),#3970);
#6437 = PRESENTATION_STYLE_ASSIGNMENT((#6438));
#6438 = SURFACE_STYLE_USAGE(.BOTH.,#6439);
#6439 = SURFACE_SIDE_STYLE('',(#6440));
#6440 = SURFACE_STYLE_FILL_AREA(#6441);
#6441 = FILL_AREA_STYLE('',(#6442));
#6442 = FILL_AREA_STYLE_COLOUR('',#6092);
#6443 = STYLED_ITEM('color',(#6444),#4001);
#6444 = PRESENTATION_STYLE_ASSIGNMENT((#6445));
#6445 = SURFACE_STYLE_USAGE(.BOTH.,#6446);
#6446 = SURFACE_SIDE_STYLE('',(#6447));
#6447 = SURFACE_STYLE_FILL_AREA(#6448);
#6448 = FILL_AREA_STYLE('',(#6449));
#6449 = FILL_AREA_STYLE_COLOUR('',#6092);
#6450 = STYLED_ITEM('color',(#6451),#4018);
#6451 = PRESENTATION_STYLE_ASSIGNMENT((#6452));
#6452 = SURFACE_STYLE_USAGE(.BOTH.,#6453);
#6453 = SURFACE_SIDE_STYLE('',(#6454));
#6454 = SURFACE_STYLE_FILL_AREA(#6455);
#6455 = FILL_AREA_STYLE('',(#6456));
#6456 = FILL_AREA_STYLE_COLOUR('',#6092);
#6457 = STYLED_ITEM('color',(#6458),#4030);
#6458 = PRESENTATION_STYLE_ASSIGNMENT((#6459));
#6459 = SURFACE_STYLE_USAGE(.BOTH.,#6460);
#6460 = SURFACE_SIDE_STYLE('',(#6461));
#6461 = SURFACE_STYLE_FILL_AREA(#6462);
#6462 = FILL_AREA_STYLE('',(#6463));
#6463 = FILL_AREA_STYLE_COLOUR('',#6092);
#6464 = STYLED_ITEM('color',(#6465),#4063);
#6465 = PRESENTATION_STYLE_ASSIGNMENT((#6466));
#6466 = SURFACE_STYLE_USAGE(.BOTH.,#6467);
#6467 = SURFACE_SIDE_STYLE('',(#6468));
#6468 = SURFACE_STYLE_FILL_AREA(#6469);
#6469 = FILL_AREA_STYLE('',(#6470));
#6470 = FILL_AREA_STYLE_COLOUR('',#6092);
#6471 = STYLED_ITEM('color',(#6472),#4094);
#6472 = PRESENTATION_STYLE_ASSIGNMENT((#6473));
#6473 = SURFACE_STYLE_USAGE(.BOTH.,#6474);
#6474 = SURFACE_SIDE_STYLE('',(#6475));
#6475 = SURFACE_STYLE_FILL_AREA(#6476);
#6476 = FILL_AREA_STYLE('',(#6477));
#6477 = FILL_AREA_STYLE_COLOUR('',#6092);
#6478 = STYLED_ITEM('color',(#6479),#4118);
#6479 = PRESENTATION_STYLE_ASSIGNMENT((#6480));
#6480 = SURFACE_STYLE_USAGE(.BOTH.,#6481);
#6481 = SURFACE_SIDE_STYLE('',(#6482));
#6482 = SURFACE_STYLE_FILL_AREA(#6483);
#6483 = FILL_AREA_STYLE('',(#6484));
#6484 = FILL_AREA_STYLE_COLOUR('',#6092);
#6485 = STYLED_ITEM('color',(#6486),#4142);
#6486 = PRESENTATION_STYLE_ASSIGNMENT((#6487));
#6487 = SURFACE_STYLE_USAGE(.BOTH.,#6488);
#6488 = SURFACE_SIDE_STYLE('',(#6489));
#6489 = SURFACE_STYLE_FILL_AREA(#6490);
#6490 = FILL_AREA_STYLE('',(#6491));
#6491 = FILL_AREA_STYLE_COLOUR('',#6092);
#6492 = STYLED_ITEM('color',(#6493),#4159);
#6493 = PRESENTATION_STYLE_ASSIGNMENT((#6494));
#6494 = SURFACE_STYLE_USAGE(.BOTH.,#6495);
#6495 = SURFACE_SIDE_STYLE('',(#6496));
#6496 = SURFACE_STYLE_FILL_AREA(#6497);
#6497 = FILL_AREA_STYLE('',(#6498));
#6498 = FILL_AREA_STYLE_COLOUR('',#6092);
#6499 = STYLED_ITEM('color',(#6500),#4190);
#6500 = PRESENTATION_STYLE_ASSIGNMENT((#6501));
#6501 = SURFACE_STYLE_USAGE(.BOTH.,#6502);
#6502 = SURFACE_SIDE_STYLE('',(#6503));
#6503 = SURFACE_STYLE_FILL_AREA(#6504);
#6504 = FILL_AREA_STYLE('',(#6505));
#6505 = FILL_AREA_STYLE_COLOUR('',#6092);
#6506 = STYLED_ITEM('color',(#6507),#4214);
#6507 = PRESENTATION_STYLE_ASSIGNMENT((#6508));
#6508 = SURFACE_STYLE_USAGE(.BOTH.,#6509);
#6509 = SURFACE_SIDE_STYLE('',(#6510));
#6510 = SURFACE_STYLE_FILL_AREA(#6511);
#6511 = FILL_AREA_STYLE('',(#6512));
#6512 = FILL_AREA_STYLE_COLOUR('',#6092);
#6513 = STYLED_ITEM('color',(#6514),#4238);
#6514 = PRESENTATION_STYLE_ASSIGNMENT((#6515));
#6515 = SURFACE_STYLE_USAGE(.BOTH.,#6516);
#6516 = SURFACE_SIDE_STYLE('',(#6517));
#6517 = SURFACE_STYLE_FILL_AREA(#6518);
#6518 = FILL_AREA_STYLE('',(#6519));
#6519 = FILL_AREA_STYLE_COLOUR('',#6092);
#6520 = STYLED_ITEM('color',(#6521),#4255);
#6521 = PRESENTATION_STYLE_ASSIGNMENT((#6522));
#6522 = SURFACE_STYLE_USAGE(.BOTH.,#6523);
#6523 = SURFACE_SIDE_STYLE('',(#6524));
#6524 = SURFACE_STYLE_FILL_AREA(#6525);
#6525 = FILL_AREA_STYLE('',(#6526));
#6526 = FILL_AREA_STYLE_COLOUR('',#6092);
#6527 = STYLED_ITEM('color',(#6528),#4286);
#6528 = PRESENTATION_STYLE_ASSIGNMENT((#6529));
#6529 = SURFACE_STYLE_USAGE(.BOTH.,#6530);
#6530 = SURFACE_SIDE_STYLE('',(#6531));
#6531 = SURFACE_STYLE_FILL_AREA(#6532);
#6532 = FILL_AREA_STYLE('',(#6533));
#6533 = FILL_AREA_STYLE_COLOUR('',#6092);
#6534 = STYLED_ITEM('color',(#6535),#4310);
#6535 = PRESENTATION_STYLE_ASSIGNMENT((#6536));
#6536 = SURFACE_STYLE_USAGE(.BOTH.,#6537);
#6537 = SURFACE_SIDE_STYLE('',(#6538));
#6538 = SURFACE_STYLE_FILL_AREA(#6539);
#6539 = FILL_AREA_STYLE('',(#6540));
#6540 = FILL_AREA_STYLE_COLOUR('',#6092);
#6541 = STYLED_ITEM('color',(#6542),#4334);
#6542 = PRESENTATION_STYLE_ASSIGNMENT((#6543));
#6543 = SURFACE_STYLE_USAGE(.BOTH.,#6544);
#6544 = SURFACE_SIDE_STYLE('',(#6545));
#6545 = SURFACE_STYLE_FILL_AREA(#6546);
#6546 = FILL_AREA_STYLE('',(#6547));
#6547 = FILL_AREA_STYLE_COLOUR('',#6092);
#6548 = STYLED_ITEM('color',(#6549),#4351);
#6549 = PRESENTATION_STYLE_ASSIGNMENT((#6550));
#6550 = SURFACE_STYLE_USAGE(.BOTH.,#6551);
#6551 = SURFACE_SIDE_STYLE('',(#6552));
#6552 = SURFACE_STYLE_FILL_AREA(#6553);
#6553 = FILL_AREA_STYLE('',(#6554));
#6554 = FILL_AREA_STYLE_COLOUR('',#6092);
#6555 = STYLED_ITEM('color',(#6556),#4382);
#6556 = PRESENTATION_STYLE_ASSIGNMENT((#6557));
#6557 = SURFACE_STYLE_USAGE(.BOTH.,#6558);
#6558 = SURFACE_SIDE_STYLE('',(#6559));
#6559 = SURFACE_STYLE_FILL_AREA(#6560);
#6560 = FILL_AREA_STYLE('',(#6561));
#6561 = FILL_AREA_STYLE_COLOUR('',#6092);
#6562 = STYLED_ITEM('color',(#6563),#4406);
#6563 = PRESENTATION_STYLE_ASSIGNMENT((#6564));
#6564 = SURFACE_STYLE_USAGE(.BOTH.,#6565);
#6565 = SURFACE_SIDE_STYLE('',(#6566));
#6566 = SURFACE_STYLE_FILL_AREA(#6567);
#6567 = FILL_AREA_STYLE('',(#6568));
#6568 = FILL_AREA_STYLE_COLOUR('',#6092);
#6569 = STYLED_ITEM('color',(#6570),#4430);
#6570 = PRESENTATION_STYLE_ASSIGNMENT((#6571));
#6571 = SURFACE_STYLE_USAGE(.BOTH.,#6572);
#6572 = SURFACE_SIDE_STYLE('',(#6573));
#6573 = SURFACE_STYLE_FILL_AREA(#6574);
#6574 = FILL_AREA_STYLE('',(#6575));
#6575 = FILL_AREA_STYLE_COLOUR('',#6092);
#6576 = STYLED_ITEM('color',(#6577),#4447);
#6577 = PRESENTATION_STYLE_ASSIGNMENT((#6578));
#6578 = SURFACE_STYLE_USAGE(.BOTH.,#6579);
#6579 = SURFACE_SIDE_STYLE('',(#6580));
#6580 = SURFACE_STYLE_FILL_AREA(#6581);
#6581 = FILL_AREA_STYLE('',(#6582));
#6582 = FILL_AREA_STYLE_COLOUR('',#6092);
#6583 = STYLED_ITEM('color',(#6584),#4464);
#6584 = PRESENTATION_STYLE_ASSIGNMENT((#6585));
#6585 = SURFACE_STYLE_USAGE(.BOTH.,#6586);
#6586 = SURFACE_SIDE_STYLE('',(#6587));
#6587 = SURFACE_STYLE_FILL_AREA(#6588);
#6588 = FILL_AREA_STYLE('',(#6589));
#6589 = FILL_AREA_STYLE_COLOUR('',#6092);
#6590 = STYLED_ITEM('color',(#6591),#4481);
#6591 = PRESENTATION_STYLE_ASSIGNMENT((#6592));
#6592 = SURFACE_STYLE_USAGE(.BOTH.,#6593);
#6593 = SURFACE_SIDE_STYLE('',(#6594));
#6594 = SURFACE_STYLE_FILL_AREA(#6595);
#6595 = FILL_AREA_STYLE('',(#6596));
#6596 = FILL_AREA_STYLE_COLOUR('',#6092);
#6597 = STYLED_ITEM('color',(#6598),#4493);
#6598 = PRESENTATION_STYLE_ASSIGNMENT((#6599));
#6599 = SURFACE_STYLE_USAGE(.BOTH.,#6600);
#6600 = SURFACE_SIDE_STYLE('',(#6601));
#6601 = SURFACE_STYLE_FILL_AREA(#6602);
#6602 = FILL_AREA_STYLE('',(#6603));
#6603 = FILL_AREA_STYLE_COLOUR('',#6092);
#6604 = STYLED_ITEM('color',(#6605),#4510);
#6605 = PRESENTATION_STYLE_ASSIGNMENT((#6606));
#6606 = SURFACE_STYLE_USAGE(.BOTH.,#6607);
#6607 = SURFACE_SIDE_STYLE('',(#6608));
#6608 = SURFACE_STYLE_FILL_AREA(#6609);
#6609 = FILL_AREA_STYLE('',(#6610));
#6610 = FILL_AREA_STYLE_COLOUR('',#6092);
#6611 = STYLED_ITEM('color',(#6612),#4527);
#6612 = PRESENTATION_STYLE_ASSIGNMENT((#6613));
#6613 = SURFACE_STYLE_USAGE(.BOTH.,#6614);
#6614 = SURFACE_SIDE_STYLE('',(#6615));
#6615 = SURFACE_STYLE_FILL_AREA(#6616);
#6616 = FILL_AREA_STYLE('',(#6617));
#6617 = FILL_AREA_STYLE_COLOUR('',#6092);
#6618 = STYLED_ITEM('color',(#6619),#4539);
#6619 = PRESENTATION_STYLE_ASSIGNMENT((#6620));
#6620 = SURFACE_STYLE_USAGE(.BOTH.,#6621);
#6621 = SURFACE_SIDE_STYLE('',(#6622));
#6622 = SURFACE_STYLE_FILL_AREA(#6623);
#6623 = FILL_AREA_STYLE('',(#6624));
#6624 = FILL_AREA_STYLE_COLOUR('',#6092);
#6625 = STYLED_ITEM('color',(#6626),#4556);
#6626 = PRESENTATION_STYLE_ASSIGNMENT((#6627));
#6627 = SURFACE_STYLE_USAGE(.BOTH.,#6628);
#6628 = SURFACE_SIDE_STYLE('',(#6629));
#6629 = SURFACE_STYLE_FILL_AREA(#6630);
#6630 = FILL_AREA_STYLE('',(#6631));
#6631 = FILL_AREA_STYLE_COLOUR('',#6092);
#6632 = STYLED_ITEM('color',(#6633),#4573);
#6633 = PRESENTATION_STYLE_ASSIGNMENT((#6634));
#6634 = SURFACE_STYLE_USAGE(.BOTH.,#6635);
#6635 = SURFACE_SIDE_STYLE('',(#6636));
#6636 = SURFACE_STYLE_FILL_AREA(#6637);
#6637 = FILL_AREA_STYLE('',(#6638));
#6638 = FILL_AREA_STYLE_COLOUR('',#6092);
#6639 = STYLED_ITEM('color',(#6640),#4585);
#6640 = PRESENTATION_STYLE_ASSIGNMENT((#6641));
#6641 = SURFACE_STYLE_USAGE(.BOTH.,#6642);
#6642 = SURFACE_SIDE_STYLE('',(#6643));
#6643 = SURFACE_STYLE_FILL_AREA(#6644);
#6644 = FILL_AREA_STYLE('',(#6645));
#6645 = FILL_AREA_STYLE_COLOUR('',#6092);
#6646 = STYLED_ITEM('color',(#6647),#4602);
#6647 = PRESENTATION_STYLE_ASSIGNMENT((#6648));
#6648 = SURFACE_STYLE_USAGE(.BOTH.,#6649);
#6649 = SURFACE_SIDE_STYLE('',(#6650));
#6650 = SURFACE_STYLE_FILL_AREA(#6651);
#6651 = FILL_AREA_STYLE('',(#6652));
#6652 = FILL_AREA_STYLE_COLOUR('',#6092);
#6653 = STYLED_ITEM('color',(#6654),#4619);
#6654 = PRESENTATION_STYLE_ASSIGNMENT((#6655));
#6655 = SURFACE_STYLE_USAGE(.BOTH.,#6656);
#6656 = SURFACE_SIDE_STYLE('',(#6657));
#6657 = SURFACE_STYLE_FILL_AREA(#6658);
#6658 = FILL_AREA_STYLE('',(#6659));
#6659 = FILL_AREA_STYLE_COLOUR('',#6092);
#6660 = STYLED_ITEM('color',(#6661),#4631);
#6661 = PRESENTATION_STYLE_ASSIGNMENT((#6662));
#6662 = SURFACE_STYLE_USAGE(.BOTH.,#6663);
#6663 = SURFACE_SIDE_STYLE('',(#6664));
#6664 = SURFACE_STYLE_FILL_AREA(#6665);
#6665 = FILL_AREA_STYLE('',(#6666));
#6666 = FILL_AREA_STYLE_COLOUR('',#6092);
#6667 = STYLED_ITEM('color',(#6668),#4662);
#6668 = PRESENTATION_STYLE_ASSIGNMENT((#6669));
#6669 = SURFACE_STYLE_USAGE(.BOTH.,#6670);
#6670 = SURFACE_SIDE_STYLE('',(#6671));
#6671 = SURFACE_STYLE_FILL_AREA(#6672);
#6672 = FILL_AREA_STYLE('',(#6673));
#6673 = FILL_AREA_STYLE_COLOUR('',#6092);
#6674 = STYLED_ITEM('color',(#6675),#4686);
#6675 = PRESENTATION_STYLE_ASSIGNMENT((#6676));
#6676 = SURFACE_STYLE_USAGE(.BOTH.,#6677);
#6677 = SURFACE_SIDE_STYLE('',(#6678));
#6678 = SURFACE_STYLE_FILL_AREA(#6679);
#6679 = FILL_AREA_STYLE('',(#6680));
#6680 = FILL_AREA_STYLE_COLOUR('',#6092);
#6681 = STYLED_ITEM('color',(#6682),#4710);
#6682 = PRESENTATION_STYLE_ASSIGNMENT((#6683));
#6683 = SURFACE_STYLE_USAGE(.BOTH.,#6684);
#6684 = SURFACE_SIDE_STYLE('',(#6685));
#6685 = SURFACE_STYLE_FILL_AREA(#6686);
#6686 = FILL_AREA_STYLE('',(#6687));
#6687 = FILL_AREA_STYLE_COLOUR('',#6092);
#6688 = STYLED_ITEM('color',(#6689),#4727);
#6689 = PRESENTATION_STYLE_ASSIGNMENT((#6690));
#6690 = SURFACE_STYLE_USAGE(.BOTH.,#6691);
#6691 = SURFACE_SIDE_STYLE('',(#6692));
#6692 = SURFACE_STYLE_FILL_AREA(#6693);
#6693 = FILL_AREA_STYLE('',(#6694));
#6694 = FILL_AREA_STYLE_COLOUR('',#6092);
#6695 = STYLED_ITEM('color',(#6696),#4758);
#6696 = PRESENTATION_STYLE_ASSIGNMENT((#6697));
#6697 = SURFACE_STYLE_USAGE(.BOTH.,#6698);
#6698 = SURFACE_SIDE_STYLE('',(#6699));
#6699 = SURFACE_STYLE_FILL_AREA(#6700);
#6700 = FILL_AREA_STYLE('',(#6701));
#6701 = FILL_AREA_STYLE_COLOUR('',#6092);
#6702 = STYLED_ITEM('color',(#6703),#4782);
#6703 = PRESENTATION_STYLE_ASSIGNMENT((#6704));
#6704 = SURFACE_STYLE_USAGE(.BOTH.,#6705);
#6705 = SURFACE_SIDE_STYLE('',(#6706));
#6706 = SURFACE_STYLE_FILL_AREA(#6707);
#6707 = FILL_AREA_STYLE('',(#6708));
#6708 = FILL_AREA_STYLE_COLOUR('',#6092);
#6709 = STYLED_ITEM('color',(#6710),#4806);
#6710 = PRESENTATION_STYLE_ASSIGNMENT((#6711));
#6711 = SURFACE_STYLE_USAGE(.BOTH.,#6712);
#6712 = SURFACE_SIDE_STYLE('',(#6713));
#6713 = SURFACE_STYLE_FILL_AREA(#6714);
#6714 = FILL_AREA_STYLE('',(#6715));
#6715 = FILL_AREA_STYLE_COLOUR('',#6092);
#6716 = STYLED_ITEM('color',(#6717),#4823);
#6717 = PRESENTATION_STYLE_ASSIGNMENT((#6718));
#6718 = SURFACE_STYLE_USAGE(.BOTH.,#6719);
#6719 = SURFACE_SIDE_STYLE('',(#6720));
#6720 = SURFACE_STYLE_FILL_AREA(#6721);
#6721 = FILL_AREA_STYLE('',(#6722));
#6722 = FILL_AREA_STYLE_COLOUR('',#6092);
#6723 = STYLED_ITEM('color',(#6724),#4854);
#6724 = PRESENTATION_STYLE_ASSIGNMENT((#6725));
#6725 = SURFACE_STYLE_USAGE(.BOTH.,#6726);
#6726 = SURFACE_SIDE_STYLE('',(#6727));
#6727 = SURFACE_STYLE_FILL_AREA(#6728);
#6728 = FILL_AREA_STYLE('',(#6729));
#6729 = FILL_AREA_STYLE_COLOUR('',#6092);
#6730 = STYLED_ITEM('color',(#6731),#4878);
#6731 = PRESENTATION_STYLE_ASSIGNMENT((#6732));
#6732 = SURFACE_STYLE_USAGE(.BOTH.,#6733);
#6733 = SURFACE_SIDE_STYLE('',(#6734));
#6734 = SURFACE_STYLE_FILL_AREA(#6735);
#6735 = FILL_AREA_STYLE('',(#6736));
#6736 = FILL_AREA_STYLE_COLOUR('',#6092);
#6737 = STYLED_ITEM('color',(#6738),#4902);
#6738 = PRESENTATION_STYLE_ASSIGNMENT((#6739));
#6739 = SURFACE_STYLE_USAGE(.BOTH.,#6740);
#6740 = SURFACE_SIDE_STYLE('',(#6741));
#6741 = SURFACE_STYLE_FILL_AREA(#6742);
#6742 = FILL_AREA_STYLE('',(#6743));
#6743 = FILL_AREA_STYLE_COLOUR('',#6092);
#6744 = STYLED_ITEM('color',(#6745),#4919);
#6745 = PRESENTATION_STYLE_ASSIGNMENT((#6746));
#6746 = SURFACE_STYLE_USAGE(.BOTH.,#6747);
#6747 = SURFACE_SIDE_STYLE('',(#6748));
#6748 = SURFACE_STYLE_FILL_AREA(#6749);
#6749 = FILL_AREA_STYLE('',(#6750));
#6750 = FILL_AREA_STYLE_COLOUR('',#6092);
#6751 = STYLED_ITEM('color',(#6752),#4950);
#6752 = PRESENTATION_STYLE_ASSIGNMENT((#6753));
#6753 = SURFACE_STYLE_USAGE(.BOTH.,#6754);
#6754 = SURFACE_SIDE_STYLE('',(#6755));
#6755 = SURFACE_STYLE_FILL_AREA(#6756);
#6756 = FILL_AREA_STYLE('',(#6757));
#6757 = FILL_AREA_STYLE_COLOUR('',#6092);
#6758 = STYLED_ITEM('color',(#6759),#4974);
#6759 = PRESENTATION_STYLE_ASSIGNMENT((#6760));
#6760 = SURFACE_STYLE_USAGE(.BOTH.,#6761);
#6761 = SURFACE_SIDE_STYLE('',(#6762));
#6762 = SURFACE_STYLE_FILL_AREA(#6763);
#6763 = FILL_AREA_STYLE('',(#6764));
#6764 = FILL_AREA_STYLE_COLOUR('',#6092);
#6765 = STYLED_ITEM('color',(#6766),#4998);
#6766 = PRESENTATION_STYLE_ASSIGNMENT((#6767));
#6767 = SURFACE_STYLE_USAGE(.BOTH.,#6768);
#6768 = SURFACE_SIDE_STYLE('',(#6769));
#6769 = SURFACE_STYLE_FILL_AREA(#6770);
#6770 = FILL_AREA_STYLE('',(#6771));
#6771 = FILL_AREA_STYLE_COLOUR('',#6092);
#6772 = STYLED_ITEM('color',(#6773),#5015);
#6773 = PRESENTATION_STYLE_ASSIGNMENT((#6774));
#6774 = SURFACE_STYLE_USAGE(.BOTH.,#6775);
#6775 = SURFACE_SIDE_STYLE('',(#6776));
#6776 = SURFACE_STYLE_FILL_AREA(#6777);
#6777 = FILL_AREA_STYLE('',(#6778));
#6778 = FILL_AREA_STYLE_COLOUR('',#6092);
#6779 = STYLED_ITEM('color',(#6780),#5027);
#6780 = PRESENTATION_STYLE_ASSIGNMENT((#6781));
#6781 = SURFACE_STYLE_USAGE(.BOTH.,#6782);
#6782 = SURFACE_SIDE_STYLE('',(#6783));
#6783 = SURFACE_STYLE_FILL_AREA(#6784);
#6784 = FILL_AREA_STYLE('',(#6785));
#6785 = FILL_AREA_STYLE_COLOUR('',#6092);
#6786 = STYLED_ITEM('color',(#6787),#5039);
#6787 = PRESENTATION_STYLE_ASSIGNMENT((#6788));
#6788 = SURFACE_STYLE_USAGE(.BOTH.,#6789);
#6789 = SURFACE_SIDE_STYLE('',(#6790));
#6790 = SURFACE_STYLE_FILL_AREA(#6791);
#6791 = FILL_AREA_STYLE('',(#6792));
#6792 = FILL_AREA_STYLE_COLOUR('',#6092);
#6793 = STYLED_ITEM('color',(#6794),#5051);
#6794 = PRESENTATION_STYLE_ASSIGNMENT((#6795));
#6795 = SURFACE_STYLE_USAGE(.BOTH.,#6796);
#6796 = SURFACE_SIDE_STYLE('',(#6797));
#6797 = SURFACE_STYLE_FILL_AREA(#6798);
#6798 = FILL_AREA_STYLE('',(#6799));
#6799 = FILL_AREA_STYLE_COLOUR('',#6092);
ENDSEC;
END-ISO-10303-21;
