ISO-10303-21;
HEADER;
FILE_DESCRIPTION(('KiCad electronic assembly'),'2;1');
FILE_NAME('Line_board_V1.0.step','2025-12-09T18:01:27',('Pcbnew'),(
    'Kicad'),'Open CASCADE STEP processor 7.8','KiCad to STEP converter'
  ,'Unknown');
FILE_SCHEMA(('AUTOMOTIVE_DESIGN { 1 0 10303 214 1 1 1 1 }'));
ENDSEC;
DATA;
#1 = APPLICATION_PROTOCOL_DEFINITION('international standard',
  'automotive_design',2000,#2);
#2 = APPLICATION_CONTEXT(
  'core data for automotive mechanical design processes');
#3 = SHAPE_DEFINITION_REPRESENTATION(#4,#10);
#4 = PRODUCT_DEFINITION_SHAPE('','',#5);
#5 = PRODUCT_DEFINITION('design','',#6,#9);
#6 = PRODUCT_DEFINITION_FORMATION('','',#7);
#7 = PRODUCT('Line_board_V1.0 1','Line_board_V1.0 1','',(#8));
#8 = PRODUCT_CONTEXT('',#2,'mechanical');
#9 = PRODUCT_DEFINITION_CONTEXT('part definition',#2,'design');
#10 = SHAPE_REPRESENTATION('',(#11,#15,#19,#23,#27,#31,#35,#39,#43,#47,
    #51,#55,#59,#63,#67,#71,#75,#79,#83,#87,#91,#95,#99,#103,#107,#111,
    #115,#119,#123,#127,#131,#135,#139,#143,#147,#151,#155,#159),#163);
#11 = AXIS2_PLACEMENT_3D('',#12,#13,#14);
#12 = CARTESIAN_POINT('',(0.,0.,0.));
#13 = DIRECTION('',(0.,0.,1.));
#14 = DIRECTION('',(1.,0.,-0.));
#15 = AXIS2_PLACEMENT_3D('',#16,#17,#18);
#16 = CARTESIAN_POINT('',(120.,-117.5,1.65));
#17 = DIRECTION('',(0.,-0.,1.));
#18 = DIRECTION('',(1.110223024625E-16,1.,0.));
#19 = AXIS2_PLACEMENT_3D('',#20,#21,#22);
#20 = CARTESIAN_POINT('',(155.,-113.,-5.E-02));
#21 = DIRECTION('',(1.499759782662E-32,1.224646799147E-16,-1.));
#22 = DIRECTION('',(-1.,1.224646799147E-16,0.));
#23 = AXIS2_PLACEMENT_3D('',#24,#25,#26);
#24 = CARTESIAN_POINT('',(176.4,-104.,-5.E-02));
#25 = DIRECTION('',(1.499759782662E-32,1.224646799147E-16,-1.));
#26 = DIRECTION('',(-1.,1.224646799147E-16,0.));
#27 = AXIS2_PLACEMENT_3D('',#28,#29,#30);
#28 = CARTESIAN_POINT('',(151.9,-104.,-5.E-02));
#29 = DIRECTION('',(1.499759782662E-32,1.224646799147E-16,-1.));
#30 = DIRECTION('',(-1.,1.224646799147E-16,0.));
#31 = AXIS2_PLACEMENT_3D('',#32,#33,#34);
#32 = CARTESIAN_POINT('',(170.3,-104.,-5.E-02));
#33 = DIRECTION('',(1.499759782662E-32,1.224646799147E-16,-1.));
#34 = DIRECTION('',(-1.,1.224646799147E-16,0.));
#35 = AXIS2_PLACEMENT_3D('',#36,#37,#38);
#36 = CARTESIAN_POINT('',(139.7,-116.,-5.E-02));
#37 = DIRECTION('',(0.,-1.224646799147E-16,-1.));
#38 = DIRECTION('',(1.,0.,0.));
#39 = AXIS2_PLACEMENT_3D('',#40,#41,#42);
#40 = CARTESIAN_POINT('',(158.1,-116.,-5.E-02));
#41 = DIRECTION('',(0.,-1.224646799147E-16,-1.));
#42 = DIRECTION('',(1.,0.,0.));
#43 = AXIS2_PLACEMENT_3D('',#44,#45,#46);
#44 = CARTESIAN_POINT('',(145.8,-104.,-5.E-02));
#45 = DIRECTION('',(1.499759782662E-32,1.224646799147E-16,-1.));
#46 = DIRECTION('',(-1.,1.224646799147E-16,0.));
#47 = AXIS2_PLACEMENT_3D('',#48,#49,#50);
#48 = CARTESIAN_POINT('',(182.5,-104.,-5.E-02));
#49 = DIRECTION('',(1.499759782662E-32,1.224646799147E-16,-1.));
#50 = DIRECTION('',(-1.,1.224646799147E-16,0.));
#51 = AXIS2_PLACEMENT_3D('',#52,#53,#54);
#52 = CARTESIAN_POINT('',(133.6,-107.,-5.E-02));
#53 = DIRECTION('',(1.499759782662E-32,1.224646799147E-16,-1.));
#54 = DIRECTION('',(-1.,1.224646799147E-16,0.));
#55 = AXIS2_PLACEMENT_3D('',#56,#57,#58);
#56 = CARTESIAN_POINT('',(151.9,-116.,-5.E-02));
#57 = DIRECTION('',(0.,-1.224646799147E-16,-1.));
#58 = DIRECTION('',(1.,0.,0.));
#59 = AXIS2_PLACEMENT_3D('',#60,#61,#62);
#60 = CARTESIAN_POINT('',(145.8,-116.,-5.E-02));
#61 = DIRECTION('',(0.,-1.224646799147E-16,-1.));
#62 = DIRECTION('',(1.,0.,0.));
#63 = AXIS2_PLACEMENT_3D('',#64,#65,#66);
#64 = CARTESIAN_POINT('',(164.2,-107.,-5.E-02));
#65 = DIRECTION('',(1.499759782662E-32,1.224646799147E-16,-1.));
#66 = DIRECTION('',(-1.,1.224646799147E-16,0.));
#67 = AXIS2_PLACEMENT_3D('',#68,#69,#70);
#68 = CARTESIAN_POINT('',(133.6,-116.,-5.E-02));
#69 = DIRECTION('',(0.,-1.224646799147E-16,-1.));
#70 = DIRECTION('',(1.,0.,0.));
#71 = AXIS2_PLACEMENT_3D('',#72,#73,#74);
#72 = CARTESIAN_POINT('',(139.7,-104.,-5.E-02));
#73 = DIRECTION('',(1.499759782662E-32,1.224646799147E-16,-1.));
#74 = DIRECTION('',(-1.,1.224646799147E-16,0.));
#75 = AXIS2_PLACEMENT_3D('',#76,#77,#78);
#76 = CARTESIAN_POINT('',(176.4,-116.,-5.E-02));
#77 = DIRECTION('',(0.,-1.224646799147E-16,-1.));
#78 = DIRECTION('',(1.,0.,0.));
#79 = AXIS2_PLACEMENT_3D('',#80,#81,#82);
#80 = CARTESIAN_POINT('',(164.2,-116.,-5.E-02));
#81 = DIRECTION('',(0.,-1.224646799147E-16,-1.));
#82 = DIRECTION('',(1.,0.,0.));
#83 = AXIS2_PLACEMENT_3D('',#84,#85,#86);
#84 = CARTESIAN_POINT('',(182.5,-116.,-5.E-02));
#85 = DIRECTION('',(0.,-1.224646799147E-16,-1.));
#86 = DIRECTION('',(1.,0.,0.));
#87 = AXIS2_PLACEMENT_3D('',#88,#89,#90);
#88 = CARTESIAN_POINT('',(170.3,-116.,-5.E-02));
#89 = DIRECTION('',(0.,-1.224646799147E-16,-1.));
#90 = DIRECTION('',(1.,0.,0.));
#91 = AXIS2_PLACEMENT_3D('',#92,#93,#94);
#92 = CARTESIAN_POINT('',(158.1,-104.,-5.E-02));
#93 = DIRECTION('',(1.499759782662E-32,1.224646799147E-16,-1.));
#94 = DIRECTION('',(-1.,1.224646799147E-16,0.));
#95 = AXIS2_PLACEMENT_3D('',#96,#97,#98);
#96 = CARTESIAN_POINT('',(139.7,-107.,-5.E-02));
#97 = DIRECTION('',(1.499759782662E-32,1.224646799147E-16,-1.));
#98 = DIRECTION('',(-1.,1.224646799147E-16,0.));
#99 = AXIS2_PLACEMENT_3D('',#100,#101,#102);
#100 = CARTESIAN_POINT('',(179.45,-113.,-5.E-02));
#101 = DIRECTION('',(1.499759782662E-32,1.224646799147E-16,-1.));
#102 = DIRECTION('',(-1.,1.224646799147E-16,0.));
#103 = AXIS2_PLACEMENT_3D('',#104,#105,#106);
#104 = CARTESIAN_POINT('',(142.75,-113.,-5.E-02));
#105 = DIRECTION('',(1.499759782662E-32,1.224646799147E-16,-1.));
#106 = DIRECTION('',(-1.,1.224646799147E-16,0.));
#107 = AXIS2_PLACEMENT_3D('',#108,#109,#110);
#108 = CARTESIAN_POINT('',(164.2,-104.,-5.E-02));
#109 = DIRECTION('',(1.499759782662E-32,1.224646799147E-16,-1.));
#110 = DIRECTION('',(-1.,1.224646799147E-16,0.));
#111 = AXIS2_PLACEMENT_3D('',#112,#113,#114);
#112 = CARTESIAN_POINT('',(133.6,-104.,-5.E-02));
#113 = DIRECTION('',(1.499759782662E-32,1.224646799147E-16,-1.));
#114 = DIRECTION('',(-1.,1.224646799147E-16,0.));
#115 = AXIS2_PLACEMENT_3D('',#116,#117,#118);
#116 = CARTESIAN_POINT('',(127.5,-107.,-5.E-02));
#117 = DIRECTION('',(1.499759782662E-32,1.224646799147E-16,-1.));
#118 = DIRECTION('',(-1.,1.224646799147E-16,0.));
#119 = AXIS2_PLACEMENT_3D('',#120,#121,#122);
#120 = CARTESIAN_POINT('',(130.55,-113.,-5.E-02));
#121 = DIRECTION('',(1.499759782662E-32,1.224646799147E-16,-1.));
#122 = DIRECTION('',(-1.,1.224646799147E-16,0.));
#123 = AXIS2_PLACEMENT_3D('',#124,#125,#126);
#124 = CARTESIAN_POINT('',(176.4,-107.,-5.E-02));
#125 = DIRECTION('',(1.499759782662E-32,1.224646799147E-16,-1.));
#126 = DIRECTION('',(-1.,1.224646799147E-16,0.));
#127 = AXIS2_PLACEMENT_3D('',#128,#129,#130);
#128 = CARTESIAN_POINT('',(127.5,-104.,-5.E-02));
#129 = DIRECTION('',(1.499759782662E-32,1.224646799147E-16,-1.));
#130 = DIRECTION('',(-1.,1.224646799147E-16,0.));
#131 = AXIS2_PLACEMENT_3D('',#132,#133,#134);
#132 = CARTESIAN_POINT('',(151.9,-107.,-5.E-02));
#133 = DIRECTION('',(1.499759782662E-32,1.224646799147E-16,-1.));
#134 = DIRECTION('',(-1.,1.224646799147E-16,0.));
#135 = AXIS2_PLACEMENT_3D('',#136,#137,#138);
#136 = CARTESIAN_POINT('',(182.5,-107.,-5.E-02));
#137 = DIRECTION('',(1.499759782662E-32,1.224646799147E-16,-1.));
#138 = DIRECTION('',(-1.,1.224646799147E-16,0.));
#139 = AXIS2_PLACEMENT_3D('',#140,#141,#142);
#140 = CARTESIAN_POINT('',(170.3,-107.,-5.E-02));
#141 = DIRECTION('',(1.499759782662E-32,1.224646799147E-16,-1.));
#142 = DIRECTION('',(-1.,1.224646799147E-16,0.));
#143 = AXIS2_PLACEMENT_3D('',#144,#145,#146);
#144 = CARTESIAN_POINT('',(145.8,-107.,-5.E-02));
#145 = DIRECTION('',(1.499759782662E-32,1.224646799147E-16,-1.));
#146 = DIRECTION('',(-1.,1.224646799147E-16,0.));
#147 = AXIS2_PLACEMENT_3D('',#148,#149,#150);
#148 = CARTESIAN_POINT('',(158.1,-107.,-5.E-02));
#149 = DIRECTION('',(1.499759782662E-32,1.224646799147E-16,-1.));
#150 = DIRECTION('',(-1.,1.224646799147E-16,0.));
#151 = AXIS2_PLACEMENT_3D('',#152,#153,#154);
#152 = CARTESIAN_POINT('',(167.25,-113.,-5.E-02));
#153 = DIRECTION('',(1.499759782662E-32,1.224646799147E-16,-1.));
#154 = DIRECTION('',(-1.,1.224646799147E-16,0.));
#155 = AXIS2_PLACEMENT_3D('',#156,#157,#158);
#156 = CARTESIAN_POINT('',(127.5,-116.,-5.E-02));
#157 = DIRECTION('',(0.,-1.224646799147E-16,-1.));
#158 = DIRECTION('',(1.,0.,0.));
#159 = AXIS2_PLACEMENT_3D('',#160,#161,#162);
#160 = CARTESIAN_POINT('',(0.,0.,0.));
#161 = DIRECTION('',(0.,0.,1.));
#162 = DIRECTION('',(1.,0.,-0.));
#163 = ( GEOMETRIC_REPRESENTATION_CONTEXT(3) 
GLOBAL_UNCERTAINTY_ASSIGNED_CONTEXT((#167)) GLOBAL_UNIT_ASSIGNED_CONTEXT
((#164,#165,#166)) REPRESENTATION_CONTEXT('Context #1',
  '3D Context with UNIT and UNCERTAINTY') );
#164 = ( LENGTH_UNIT() NAMED_UNIT(*) SI_UNIT(.MILLI.,.METRE.) );
#165 = ( NAMED_UNIT(*) PLANE_ANGLE_UNIT() SI_UNIT($,.RADIAN.) );
#166 = ( NAMED_UNIT(*) SI_UNIT($,.STERADIAN.) SOLID_ANGLE_UNIT() );
#167 = UNCERTAINTY_MEASURE_WITH_UNIT(LENGTH_MEASURE(1.E-07),#164,
  'distance_accuracy_value','confusion accuracy');
#168 = PRODUCT_RELATED_PRODUCT_CATEGORY('part',$,(#7));
#169 = SHAPE_DEFINITION_REPRESENTATION(#170,#176);
#170 = PRODUCT_DEFINITION_SHAPE('','',#171);
#171 = PRODUCT_DEFINITION('design','',#172,#175);
#172 = PRODUCT_DEFINITION_FORMATION('','',#173);
#173 = PRODUCT('JST_XH_B7B-XH-A_1x07_P2.50mm_Vertical',
  'JST_XH_B7B-XH-A_1x07_P2.50mm_Vertical','',(#174));
#174 = PRODUCT_CONTEXT('',#2,'mechanical');
#175 = PRODUCT_DEFINITION_CONTEXT('part definition',#2,'design');
#176 = SHAPE_REPRESENTATION('',(#11,#177),#181);
#177 = AXIS2_PLACEMENT_3D('',#178,#179,#180);
#178 = CARTESIAN_POINT('',(0.,0.,0.));
#179 = DIRECTION('',(0.,0.,1.));
#180 = DIRECTION('',(1.,0.,-0.));
#181 = ( GEOMETRIC_REPRESENTATION_CONTEXT(3) 
GLOBAL_UNCERTAINTY_ASSIGNED_CONTEXT((#185)) GLOBAL_UNIT_ASSIGNED_CONTEXT
((#182,#183,#184)) REPRESENTATION_CONTEXT('Context #1',
  '3D Context with UNIT and UNCERTAINTY') );
#182 = ( LENGTH_UNIT() NAMED_UNIT(*) SI_UNIT(.MILLI.,.METRE.) );
#183 = ( NAMED_UNIT(*) PLANE_ANGLE_UNIT() SI_UNIT($,.RADIAN.) );
#184 = ( NAMED_UNIT(*) SI_UNIT($,.STERADIAN.) SOLID_ANGLE_UNIT() );
#185 = UNCERTAINTY_MEASURE_WITH_UNIT(LENGTH_MEASURE(1.E-07),#182,
  'distance_accuracy_value','confusion accuracy');
#186 = CONTEXT_DEPENDENT_SHAPE_REPRESENTATION(#187,#189);
#187 = ( REPRESENTATION_RELATIONSHIP('','',#176,#10) 
REPRESENTATION_RELATIONSHIP_WITH_TRANSFORMATION(#188) 
SHAPE_REPRESENTATION_RELATIONSHIP() );
#188 = ITEM_DEFINED_TRANSFORMATION('','',#11,#15);
#189 = PRODUCT_DEFINITION_SHAPE('Placement','Placement of an item',#190
  );
#190 = NEXT_ASSEMBLY_USAGE_OCCURRENCE('2','J1','',#5,#171,$);
#191 = PRODUCT_RELATED_PRODUCT_CATEGORY('part',$,(#173));
#192 = SHAPE_DEFINITION_REPRESENTATION(#193,#199);
#193 = PRODUCT_DEFINITION_SHAPE('','',#194);
#194 = PRODUCT_DEFINITION('design','',#195,#198);
#195 = PRODUCT_DEFINITION_FORMATION('','',#196);
#196 = PRODUCT('JST_B7B_XH_A','JST_B7B_XH_A','',(#197));
#197 = PRODUCT_CONTEXT('',#2,'mechanical');
#198 = PRODUCT_DEFINITION_CONTEXT('part definition',#2,'design');
#199 = ADVANCED_BREP_SHAPE_REPRESENTATION('',(#11,#200),#6417);
#200 = MANIFOLD_SOLID_BREP('',#201);
#201 = CLOSED_SHELL('',(#202,#274,#313,#337,#402,#426,#674,#698,#763,
    #788,#837,#854,#878,#895,#1065,#1089,#1451,#1475,#1508,#1532,#1563,
    #1580,#1613,#1637,#1668,#1685,#1718,#1742,#1773,#1790,#1823,#1847,
    #1878,#1895,#1928,#1952,#1983,#2000,#2033,#2057,#2088,#2105,#2138,
    #2162,#2193,#2205,#2238,#2255,#2272,#2284,#2534,#2551,#2568,#2585,
    #2602,#2619,#2636,#2653,#2670,#2687,#2704,#2721,#2738,#2755,#2772,
    #2784,#2801,#2818,#2835,#2852,#2869,#2886,#2903,#2949,#2995,#3041,
    #3087,#3133,#3179,#3225,#3256,#3280,#3304,#3321,#3352,#3376,#3400,
    #3417,#3448,#3472,#3496,#3513,#3544,#3568,#3592,#3609,#3640,#3664,
    #3688,#3705,#3736,#3760,#3784,#3801,#3832,#3856,#3880,#3897,#3960,
    #3984,#4040,#4057,#4088,#4112,#4136,#4153,#4184,#4208,#4232,#4249,
    #4280,#4304,#4328,#4345,#4376,#4400,#4424,#4441,#4472,#4496,#4520,
    #4537,#4568,#4624,#4648,#4697,#4728,#4752,#4776,#4793,#4824,#4848,
    #4872,#4889,#4920,#4944,#4968,#4985,#5016,#5040,#5064,#5081,#5112,
    #5136,#5160,#5177,#5208,#5232,#5256,#5273,#5304,#5328,#5352,#5369,
    #5416,#5447,#5459,#5476,#5502,#5535,#5566,#5590,#5614,#5631,#5662,
    #5686,#5710,#5727,#5758,#5782,#5806,#5823,#5854,#5878,#5902,#5919,
    #5950,#5974,#5998,#6015,#6032,#6079,#6105,#6122,#6148,#6181,#6193,
    #6205,#6217,#6229,#6241,#6253,#6265,#6282,#6299,#6311,#6323,#6335,
    #6347,#6359,#6371,#6388,#6405));
#202 = ADVANCED_FACE('',(#203),#269,.T.);
#203 = FACE_BOUND('',#204,.T.);
#204 = EDGE_LOOP('',(#205,#215,#223,#231,#239,#247,#255,#263));
#205 = ORIENTED_EDGE('',*,*,#206,.T.);
#206 = EDGE_CURVE('',#207,#209,#211,.T.);
#207 = VERTEX_POINT('',#208);
#208 = CARTESIAN_POINT('',(-1.8,0.5,7.));
#209 = VERTEX_POINT('',#210);
#210 = CARTESIAN_POINT('',(-2.45,0.5,7.));
#211 = LINE('',#212,#213);
#212 = CARTESIAN_POINT('',(17.45,0.5,7.));
#213 = VECTOR('',#214,1.);
#214 = DIRECTION('',(-1.,1.224646799147E-16,0.));
#215 = ORIENTED_EDGE('',*,*,#216,.T.);
#216 = EDGE_CURVE('',#209,#217,#219,.T.);
#217 = VERTEX_POINT('',#218);
#218 = CARTESIAN_POINT('',(-2.45,-3.4,7.));
#219 = LINE('',#220,#221);
#220 = CARTESIAN_POINT('',(-2.45,2.35,7.));
#221 = VECTOR('',#222,1.);
#222 = DIRECTION('',(-1.224646799147E-16,-1.,0.));
#223 = ORIENTED_EDGE('',*,*,#224,.T.);
#224 = EDGE_CURVE('',#217,#225,#227,.T.);
#225 = VERTEX_POINT('',#226);
#226 = CARTESIAN_POINT('',(17.45,-3.4,7.));
#227 = LINE('',#228,#229);
#228 = CARTESIAN_POINT('',(-2.45,-3.4,7.));
#229 = VECTOR('',#230,1.);
#230 = DIRECTION('',(1.,-1.224646799147E-16,0.));
#231 = ORIENTED_EDGE('',*,*,#232,.T.);
#232 = EDGE_CURVE('',#225,#233,#235,.T.);
#233 = VERTEX_POINT('',#234);
#234 = CARTESIAN_POINT('',(17.45,0.5,7.));
#235 = LINE('',#236,#237);
#236 = CARTESIAN_POINT('',(17.45,-3.4,7.));
#237 = VECTOR('',#238,1.);
#238 = DIRECTION('',(1.224646799147E-16,1.,0.));
#239 = ORIENTED_EDGE('',*,*,#240,.T.);
#240 = EDGE_CURVE('',#233,#241,#243,.T.);
#241 = VERTEX_POINT('',#242);
#242 = CARTESIAN_POINT('',(16.8,0.5,7.));
#243 = LINE('',#244,#245);
#244 = CARTESIAN_POINT('',(17.45,0.5,7.));
#245 = VECTOR('',#246,1.);
#246 = DIRECTION('',(-1.,1.224646799147E-16,0.));
#247 = ORIENTED_EDGE('',*,*,#248,.F.);
#248 = EDGE_CURVE('',#249,#241,#251,.T.);
#249 = VERTEX_POINT('',#250);
#250 = CARTESIAN_POINT('',(16.8,-2.85,7.));
#251 = LINE('',#252,#253);
#252 = CARTESIAN_POINT('',(16.8,-2.65,7.));
#253 = VECTOR('',#254,1.);
#254 = DIRECTION('',(1.224646799147E-16,1.,0.));
#255 = ORIENTED_EDGE('',*,*,#256,.F.);
#256 = EDGE_CURVE('',#257,#249,#259,.T.);
#257 = VERTEX_POINT('',#258);
#258 = CARTESIAN_POINT('',(-1.8,-2.85,7.));
#259 = LINE('',#260,#261);
#260 = CARTESIAN_POINT('',(-1.6,-2.85,7.));
#261 = VECTOR('',#262,1.);
#262 = DIRECTION('',(1.,-1.224646799147E-16,0.));
#263 = ORIENTED_EDGE('',*,*,#264,.F.);
#264 = EDGE_CURVE('',#207,#257,#265,.T.);
#265 = LINE('',#266,#267);
#266 = CARTESIAN_POINT('',(-1.8,0.5,7.));
#267 = VECTOR('',#268,1.);
#268 = DIRECTION('',(-1.224646799147E-16,-1.,0.));
#269 = PLANE('',#270);
#270 = AXIS2_PLACEMENT_3D('',#271,#272,#273);
#271 = CARTESIAN_POINT('',(7.5,-0.525,7.));
#272 = DIRECTION('',(0.,0.,1.));
#273 = DIRECTION('',(-1.,1.224646799147E-16,0.));
#274 = ADVANCED_FACE('',(#275),#308,.T.);
#275 = FACE_BOUND('',#276,.T.);
#276 = EDGE_LOOP('',(#277,#287,#295,#301,#302));
#277 = ORIENTED_EDGE('',*,*,#278,.T.);
#278 = EDGE_CURVE('',#279,#281,#283,.T.);
#279 = VERTEX_POINT('',#280);
#280 = CARTESIAN_POINT('',(-1.6,0.5,6.8));
#281 = VERTEX_POINT('',#282);
#282 = CARTESIAN_POINT('',(-1.6,0.5,3.65));
#283 = LINE('',#284,#285);
#284 = CARTESIAN_POINT('',(-1.6,0.5,5.325));
#285 = VECTOR('',#286,1.);
#286 = DIRECTION('',(-0.,0.,-1.));
#287 = ORIENTED_EDGE('',*,*,#288,.T.);
#288 = EDGE_CURVE('',#281,#289,#291,.T.);
#289 = VERTEX_POINT('',#290);
#290 = CARTESIAN_POINT('',(-2.45,0.5,3.65));
#291 = LINE('',#292,#293);
#292 = CARTESIAN_POINT('',(17.45,0.5,3.65));
#293 = VECTOR('',#294,1.);
#294 = DIRECTION('',(-1.,1.224646799147E-16,0.));
#295 = ORIENTED_EDGE('',*,*,#296,.T.);
#296 = EDGE_CURVE('',#289,#209,#297,.T.);
#297 = LINE('',#298,#299);
#298 = CARTESIAN_POINT('',(-2.45,0.5,1.825));
#299 = VECTOR('',#300,1.);
#300 = DIRECTION('',(0.,0.,1.));
#301 = ORIENTED_EDGE('',*,*,#206,.F.);
#302 = ORIENTED_EDGE('',*,*,#303,.T.);
#303 = EDGE_CURVE('',#207,#279,#304,.T.);
#304 = LINE('',#305,#306);
#305 = CARTESIAN_POINT('',(3.9,0.5,1.3));
#306 = VECTOR('',#307,1.);
#307 = DIRECTION('',(0.707106781187,-8.659560562349E-17,-0.707106781187)
  );
#308 = PLANE('',#309);
#309 = AXIS2_PLACEMENT_3D('',#310,#311,#312);
#310 = CARTESIAN_POINT('',(17.45,0.5,3.65));
#311 = DIRECTION('',(1.224646799147E-16,1.,0.));
#312 = DIRECTION('',(0.,-0.,1.));
#313 = ADVANCED_FACE('',(#314),#332,.F.);
#314 = FACE_BOUND('',#315,.T.);
#315 = EDGE_LOOP('',(#316,#317,#318,#326));
#316 = ORIENTED_EDGE('',*,*,#303,.F.);
#317 = ORIENTED_EDGE('',*,*,#264,.T.);
#318 = ORIENTED_EDGE('',*,*,#319,.T.);
#319 = EDGE_CURVE('',#257,#320,#322,.T.);
#320 = VERTEX_POINT('',#321);
#321 = CARTESIAN_POINT('',(-1.6,-2.65,6.8));
#322 = LINE('',#323,#324);
#323 = CARTESIAN_POINT('',(-1.141666666667,-2.191666666667,
    6.341666666667));
#324 = VECTOR('',#325,1.);
#325 = DIRECTION('',(0.57735026919,0.57735026919,-0.57735026919));
#326 = ORIENTED_EDGE('',*,*,#327,.F.);
#327 = EDGE_CURVE('',#279,#320,#328,.T.);
#328 = LINE('',#329,#330);
#329 = CARTESIAN_POINT('',(-1.6,0.5,6.8));
#330 = VECTOR('',#331,1.);
#331 = DIRECTION('',(-1.224646799147E-16,-1.,0.));
#332 = PLANE('',#333);
#333 = AXIS2_PLACEMENT_3D('',#334,#335,#336);
#334 = CARTESIAN_POINT('',(-1.7,0.5,6.9));
#335 = DIRECTION('',(-0.707106781187,8.659560562349E-17,-0.707106781187)
  );
#336 = DIRECTION('',(1.224646799147E-16,1.,-2.105272540809E-29));
#337 = ADVANCED_FACE('',(#338),#397,.F.);
#338 = FACE_BOUND('',#339,.F.);
#339 = EDGE_LOOP('',(#340,#350,#358,#366,#374,#383,#389,#390,#391));
#340 = ORIENTED_EDGE('',*,*,#341,.F.);
#341 = EDGE_CURVE('',#342,#344,#346,.T.);
#342 = VERTEX_POINT('',#343);
#343 = CARTESIAN_POINT('',(-2.45,2.35,0.));
#344 = VERTEX_POINT('',#345);
#345 = CARTESIAN_POINT('',(-2.45,-3.4,0.));
#346 = LINE('',#347,#348);
#347 = CARTESIAN_POINT('',(-2.45,2.35,0.));
#348 = VECTOR('',#349,1.);
#349 = DIRECTION('',(-1.224646799147E-16,-1.,0.));
#350 = ORIENTED_EDGE('',*,*,#351,.T.);
#351 = EDGE_CURVE('',#342,#352,#354,.T.);
#352 = VERTEX_POINT('',#353);
#353 = CARTESIAN_POINT('',(-2.45,2.35,7.));
#354 = LINE('',#355,#356);
#355 = CARTESIAN_POINT('',(-2.45,2.35,0.));
#356 = VECTOR('',#357,1.);
#357 = DIRECTION('',(0.,0.,1.));
#358 = ORIENTED_EDGE('',*,*,#359,.T.);
#359 = EDGE_CURVE('',#352,#360,#362,.T.);
#360 = VERTEX_POINT('',#361);
#361 = CARTESIAN_POINT('',(-2.45,1.5,7.));
#362 = LINE('',#363,#364);
#363 = CARTESIAN_POINT('',(-2.45,2.35,7.));
#364 = VECTOR('',#365,1.);
#365 = DIRECTION('',(-1.224646799147E-16,-1.,0.));
#366 = ORIENTED_EDGE('',*,*,#367,.T.);
#367 = EDGE_CURVE('',#360,#368,#370,.T.);
#368 = VERTEX_POINT('',#369);
#369 = CARTESIAN_POINT('',(-2.45,1.5,4.15));
#370 = LINE('',#371,#372);
#371 = CARTESIAN_POINT('',(-2.45,1.5,3.5));
#372 = VECTOR('',#373,1.);
#373 = DIRECTION('',(-0.,0.,-1.));
#374 = ORIENTED_EDGE('',*,*,#375,.F.);
#375 = EDGE_CURVE('',#376,#368,#378,.T.);
#376 = VERTEX_POINT('',#377);
#377 = CARTESIAN_POINT('',(-2.45,1.,3.65));
#378 = CIRCLE('',#379,0.5);
#379 = AXIS2_PLACEMENT_3D('',#380,#381,#382);
#380 = CARTESIAN_POINT('',(-2.45,1.,4.15));
#381 = DIRECTION('',(1.,-1.224646799147E-16,0.));
#382 = DIRECTION('',(1.224646799147E-16,1.,0.));
#383 = ORIENTED_EDGE('',*,*,#384,.T.);
#384 = EDGE_CURVE('',#376,#289,#385,.T.);
#385 = LINE('',#386,#387);
#386 = CARTESIAN_POINT('',(-2.45,1.675,3.65));
#387 = VECTOR('',#388,1.);
#388 = DIRECTION('',(-1.224646799147E-16,-1.,0.));
#389 = ORIENTED_EDGE('',*,*,#296,.T.);
#390 = ORIENTED_EDGE('',*,*,#216,.T.);
#391 = ORIENTED_EDGE('',*,*,#392,.F.);
#392 = EDGE_CURVE('',#344,#217,#393,.T.);
#393 = LINE('',#394,#395);
#394 = CARTESIAN_POINT('',(-2.45,-3.4,0.));
#395 = VECTOR('',#396,1.);
#396 = DIRECTION('',(0.,0.,1.));
#397 = PLANE('',#398);
#398 = AXIS2_PLACEMENT_3D('',#399,#400,#401);
#399 = CARTESIAN_POINT('',(-2.45,2.35,0.));
#400 = DIRECTION('',(1.,-1.224646799147E-16,0.));
#401 = DIRECTION('',(-1.224646799147E-16,-1.,0.));
#402 = ADVANCED_FACE('',(#403),#421,.F.);
#403 = FACE_BOUND('',#404,.T.);
#404 = EDGE_LOOP('',(#405,#406,#407,#415));
#405 = ORIENTED_EDGE('',*,*,#319,.F.);
#406 = ORIENTED_EDGE('',*,*,#256,.T.);
#407 = ORIENTED_EDGE('',*,*,#408,.T.);
#408 = EDGE_CURVE('',#249,#409,#411,.T.);
#409 = VERTEX_POINT('',#410);
#410 = CARTESIAN_POINT('',(16.6,-2.65,6.8));
#411 = LINE('',#412,#413);
#412 = CARTESIAN_POINT('',(13.633333333333,0.316666666667,3.833333333333
    ));
#413 = VECTOR('',#414,1.);
#414 = DIRECTION('',(-0.57735026919,0.57735026919,-0.57735026919));
#415 = ORIENTED_EDGE('',*,*,#416,.F.);
#416 = EDGE_CURVE('',#320,#409,#417,.T.);
#417 = LINE('',#418,#419);
#418 = CARTESIAN_POINT('',(-1.6,-2.65,6.8));
#419 = VECTOR('',#420,1.);
#420 = DIRECTION('',(1.,-1.224646799147E-16,0.));
#421 = PLANE('',#422);
#422 = AXIS2_PLACEMENT_3D('',#423,#424,#425);
#423 = CARTESIAN_POINT('',(-1.6,-2.75,6.9));
#424 = DIRECTION('',(-8.659560562349E-17,-0.707106781187,-0.707106781187
    ));
#425 = DIRECTION('',(-1.,1.224646799147E-16,-2.105272540809E-29));
#426 = ADVANCED_FACE('',(#427),#669,.F.);
#427 = FACE_BOUND('',#428,.F.);
#428 = EDGE_LOOP('',(#429,#437,#438,#439,#447,#455,#463,#471,#479,#487,
    #495,#503,#511,#519,#527,#535,#543,#551,#559,#567,#575,#583,#591,
    #599,#607,#615,#623,#631,#639,#647,#655,#663));
#429 = ORIENTED_EDGE('',*,*,#430,.F.);
#430 = EDGE_CURVE('',#344,#431,#433,.T.);
#431 = VERTEX_POINT('',#432);
#432 = CARTESIAN_POINT('',(-0.75,-3.4,0.));
#433 = LINE('',#434,#435);
#434 = CARTESIAN_POINT('',(-2.45,-3.4,0.));
#435 = VECTOR('',#436,1.);
#436 = DIRECTION('',(1.,-1.224646799147E-16,0.));
#437 = ORIENTED_EDGE('',*,*,#392,.T.);
#438 = ORIENTED_EDGE('',*,*,#224,.T.);
#439 = ORIENTED_EDGE('',*,*,#440,.F.);
#440 = EDGE_CURVE('',#441,#225,#443,.T.);
#441 = VERTEX_POINT('',#442);
#442 = CARTESIAN_POINT('',(17.45,-3.4,0.));
#443 = LINE('',#444,#445);
#444 = CARTESIAN_POINT('',(17.45,-3.4,0.));
#445 = VECTOR('',#446,1.);
#446 = DIRECTION('',(0.,0.,1.));
#447 = ORIENTED_EDGE('',*,*,#448,.F.);
#448 = EDGE_CURVE('',#449,#441,#451,.T.);
#449 = VERTEX_POINT('',#450);
#450 = CARTESIAN_POINT('',(15.75,-3.4,0.));
#451 = LINE('',#452,#453);
#452 = CARTESIAN_POINT('',(-2.45,-3.4,0.));
#453 = VECTOR('',#454,1.);
#454 = DIRECTION('',(1.,-1.224646799147E-16,0.));
#455 = ORIENTED_EDGE('',*,*,#456,.F.);
#456 = EDGE_CURVE('',#457,#449,#459,.T.);
#457 = VERTEX_POINT('',#458);
#458 = CARTESIAN_POINT('',(15.75,-3.4,1.));
#459 = LINE('',#460,#461);
#460 = CARTESIAN_POINT('',(15.75,-3.4,1.));
#461 = VECTOR('',#462,1.);
#462 = DIRECTION('',(-0.,0.,-1.));
#463 = ORIENTED_EDGE('',*,*,#464,.T.);
#464 = EDGE_CURVE('',#457,#465,#467,.T.);
#465 = VERTEX_POINT('',#466);
#466 = CARTESIAN_POINT('',(14.25,-3.4,1.));
#467 = LINE('',#468,#469);
#468 = CARTESIAN_POINT('',(15.75,-3.4,1.));
#469 = VECTOR('',#470,1.);
#470 = DIRECTION('',(-1.,1.224646799147E-16,0.));
#471 = ORIENTED_EDGE('',*,*,#472,.T.);
#472 = EDGE_CURVE('',#465,#473,#475,.T.);
#473 = VERTEX_POINT('',#474);
#474 = CARTESIAN_POINT('',(14.25,-3.4,0.));
#475 = LINE('',#476,#477);
#476 = CARTESIAN_POINT('',(14.25,-3.4,1.));
#477 = VECTOR('',#478,1.);
#478 = DIRECTION('',(-0.,0.,-1.));
#479 = ORIENTED_EDGE('',*,*,#480,.F.);
#480 = EDGE_CURVE('',#481,#473,#483,.T.);
#481 = VERTEX_POINT('',#482);
#482 = CARTESIAN_POINT('',(13.25,-3.4,0.));
#483 = LINE('',#484,#485);
#484 = CARTESIAN_POINT('',(-2.45,-3.4,0.));
#485 = VECTOR('',#486,1.);
#486 = DIRECTION('',(1.,-1.224646799147E-16,0.));
#487 = ORIENTED_EDGE('',*,*,#488,.F.);
#488 = EDGE_CURVE('',#489,#481,#491,.T.);
#489 = VERTEX_POINT('',#490);
#490 = CARTESIAN_POINT('',(13.25,-3.4,1.));
#491 = LINE('',#492,#493);
#492 = CARTESIAN_POINT('',(13.25,-3.4,1.));
#493 = VECTOR('',#494,1.);
#494 = DIRECTION('',(-0.,0.,-1.));
#495 = ORIENTED_EDGE('',*,*,#496,.T.);
#496 = EDGE_CURVE('',#489,#497,#499,.T.);
#497 = VERTEX_POINT('',#498);
#498 = CARTESIAN_POINT('',(11.75,-3.4,1.));
#499 = LINE('',#500,#501);
#500 = CARTESIAN_POINT('',(13.25,-3.4,1.));
#501 = VECTOR('',#502,1.);
#502 = DIRECTION('',(-1.,1.224646799147E-16,0.));
#503 = ORIENTED_EDGE('',*,*,#504,.T.);
#504 = EDGE_CURVE('',#497,#505,#507,.T.);
#505 = VERTEX_POINT('',#506);
#506 = CARTESIAN_POINT('',(11.75,-3.4,0.));
#507 = LINE('',#508,#509);
#508 = CARTESIAN_POINT('',(11.75,-3.4,1.));
#509 = VECTOR('',#510,1.);
#510 = DIRECTION('',(-0.,0.,-1.));
#511 = ORIENTED_EDGE('',*,*,#512,.F.);
#512 = EDGE_CURVE('',#513,#505,#515,.T.);
#513 = VERTEX_POINT('',#514);
#514 = CARTESIAN_POINT('',(10.75,-3.4,0.));
#515 = LINE('',#516,#517);
#516 = CARTESIAN_POINT('',(-2.45,-3.4,0.));
#517 = VECTOR('',#518,1.);
#518 = DIRECTION('',(1.,-1.224646799147E-16,0.));
#519 = ORIENTED_EDGE('',*,*,#520,.F.);
#520 = EDGE_CURVE('',#521,#513,#523,.T.);
#521 = VERTEX_POINT('',#522);
#522 = CARTESIAN_POINT('',(10.75,-3.4,1.));
#523 = LINE('',#524,#525);
#524 = CARTESIAN_POINT('',(10.75,-3.4,1.));
#525 = VECTOR('',#526,1.);
#526 = DIRECTION('',(-0.,0.,-1.));
#527 = ORIENTED_EDGE('',*,*,#528,.T.);
#528 = EDGE_CURVE('',#521,#529,#531,.T.);
#529 = VERTEX_POINT('',#530);
#530 = CARTESIAN_POINT('',(9.25,-3.4,1.));
#531 = LINE('',#532,#533);
#532 = CARTESIAN_POINT('',(10.75,-3.4,1.));
#533 = VECTOR('',#534,1.);
#534 = DIRECTION('',(-1.,1.224646799147E-16,0.));
#535 = ORIENTED_EDGE('',*,*,#536,.T.);
#536 = EDGE_CURVE('',#529,#537,#539,.T.);
#537 = VERTEX_POINT('',#538);
#538 = CARTESIAN_POINT('',(9.25,-3.4,0.));
#539 = LINE('',#540,#541);
#540 = CARTESIAN_POINT('',(9.25,-3.4,1.));
#541 = VECTOR('',#542,1.);
#542 = DIRECTION('',(-0.,0.,-1.));
#543 = ORIENTED_EDGE('',*,*,#544,.F.);
#544 = EDGE_CURVE('',#545,#537,#547,.T.);
#545 = VERTEX_POINT('',#546);
#546 = CARTESIAN_POINT('',(8.25,-3.4,0.));
#547 = LINE('',#548,#549);
#548 = CARTESIAN_POINT('',(-2.45,-3.4,0.));
#549 = VECTOR('',#550,1.);
#550 = DIRECTION('',(1.,-1.224646799147E-16,0.));
#551 = ORIENTED_EDGE('',*,*,#552,.F.);
#552 = EDGE_CURVE('',#553,#545,#555,.T.);
#553 = VERTEX_POINT('',#554);
#554 = CARTESIAN_POINT('',(8.25,-3.4,1.));
#555 = LINE('',#556,#557);
#556 = CARTESIAN_POINT('',(8.25,-3.4,1.));
#557 = VECTOR('',#558,1.);
#558 = DIRECTION('',(-0.,0.,-1.));
#559 = ORIENTED_EDGE('',*,*,#560,.T.);
#560 = EDGE_CURVE('',#553,#561,#563,.T.);
#561 = VERTEX_POINT('',#562);
#562 = CARTESIAN_POINT('',(6.75,-3.4,1.));
#563 = LINE('',#564,#565);
#564 = CARTESIAN_POINT('',(8.25,-3.4,1.));
#565 = VECTOR('',#566,1.);
#566 = DIRECTION('',(-1.,1.224646799147E-16,0.));
#567 = ORIENTED_EDGE('',*,*,#568,.T.);
#568 = EDGE_CURVE('',#561,#569,#571,.T.);
#569 = VERTEX_POINT('',#570);
#570 = CARTESIAN_POINT('',(6.75,-3.4,0.));
#571 = LINE('',#572,#573);
#572 = CARTESIAN_POINT('',(6.75,-3.4,1.));
#573 = VECTOR('',#574,1.);
#574 = DIRECTION('',(-0.,0.,-1.));
#575 = ORIENTED_EDGE('',*,*,#576,.F.);
#576 = EDGE_CURVE('',#577,#569,#579,.T.);
#577 = VERTEX_POINT('',#578);
#578 = CARTESIAN_POINT('',(5.75,-3.4,0.));
#579 = LINE('',#580,#581);
#580 = CARTESIAN_POINT('',(-2.45,-3.4,0.));
#581 = VECTOR('',#582,1.);
#582 = DIRECTION('',(1.,-1.224646799147E-16,0.));
#583 = ORIENTED_EDGE('',*,*,#584,.F.);
#584 = EDGE_CURVE('',#585,#577,#587,.T.);
#585 = VERTEX_POINT('',#586);
#586 = CARTESIAN_POINT('',(5.75,-3.4,1.));
#587 = LINE('',#588,#589);
#588 = CARTESIAN_POINT('',(5.75,-3.4,1.));
#589 = VECTOR('',#590,1.);
#590 = DIRECTION('',(-0.,0.,-1.));
#591 = ORIENTED_EDGE('',*,*,#592,.T.);
#592 = EDGE_CURVE('',#585,#593,#595,.T.);
#593 = VERTEX_POINT('',#594);
#594 = CARTESIAN_POINT('',(4.25,-3.4,1.));
#595 = LINE('',#596,#597);
#596 = CARTESIAN_POINT('',(5.75,-3.4,1.));
#597 = VECTOR('',#598,1.);
#598 = DIRECTION('',(-1.,1.224646799147E-16,0.));
#599 = ORIENTED_EDGE('',*,*,#600,.T.);
#600 = EDGE_CURVE('',#593,#601,#603,.T.);
#601 = VERTEX_POINT('',#602);
#602 = CARTESIAN_POINT('',(4.25,-3.4,0.));
#603 = LINE('',#604,#605);
#604 = CARTESIAN_POINT('',(4.25,-3.4,1.));
#605 = VECTOR('',#606,1.);
#606 = DIRECTION('',(-0.,0.,-1.));
#607 = ORIENTED_EDGE('',*,*,#608,.F.);
#608 = EDGE_CURVE('',#609,#601,#611,.T.);
#609 = VERTEX_POINT('',#610);
#610 = CARTESIAN_POINT('',(3.25,-3.4,0.));
#611 = LINE('',#612,#613);
#612 = CARTESIAN_POINT('',(-2.45,-3.4,0.));
#613 = VECTOR('',#614,1.);
#614 = DIRECTION('',(1.,-1.224646799147E-16,0.));
#615 = ORIENTED_EDGE('',*,*,#616,.F.);
#616 = EDGE_CURVE('',#617,#609,#619,.T.);
#617 = VERTEX_POINT('',#618);
#618 = CARTESIAN_POINT('',(3.25,-3.4,1.));
#619 = LINE('',#620,#621);
#620 = CARTESIAN_POINT('',(3.25,-3.4,1.));
#621 = VECTOR('',#622,1.);
#622 = DIRECTION('',(-0.,0.,-1.));
#623 = ORIENTED_EDGE('',*,*,#624,.T.);
#624 = EDGE_CURVE('',#617,#625,#627,.T.);
#625 = VERTEX_POINT('',#626);
#626 = CARTESIAN_POINT('',(1.75,-3.4,1.));
#627 = LINE('',#628,#629);
#628 = CARTESIAN_POINT('',(3.25,-3.4,1.));
#629 = VECTOR('',#630,1.);
#630 = DIRECTION('',(-1.,1.224646799147E-16,0.));
#631 = ORIENTED_EDGE('',*,*,#632,.T.);
#632 = EDGE_CURVE('',#625,#633,#635,.T.);
#633 = VERTEX_POINT('',#634);
#634 = CARTESIAN_POINT('',(1.75,-3.4,0.));
#635 = LINE('',#636,#637);
#636 = CARTESIAN_POINT('',(1.75,-3.4,1.));
#637 = VECTOR('',#638,1.);
#638 = DIRECTION('',(-0.,0.,-1.));
#639 = ORIENTED_EDGE('',*,*,#640,.F.);
#640 = EDGE_CURVE('',#641,#633,#643,.T.);
#641 = VERTEX_POINT('',#642);
#642 = CARTESIAN_POINT('',(0.75,-3.4,0.));
#643 = LINE('',#644,#645);
#644 = CARTESIAN_POINT('',(-2.45,-3.4,0.));
#645 = VECTOR('',#646,1.);
#646 = DIRECTION('',(1.,-1.224646799147E-16,0.));
#647 = ORIENTED_EDGE('',*,*,#648,.F.);
#648 = EDGE_CURVE('',#649,#641,#651,.T.);
#649 = VERTEX_POINT('',#650);
#650 = CARTESIAN_POINT('',(0.75,-3.4,1.));
#651 = LINE('',#652,#653);
#652 = CARTESIAN_POINT('',(0.75,-3.4,1.));
#653 = VECTOR('',#654,1.);
#654 = DIRECTION('',(-0.,0.,-1.));
#655 = ORIENTED_EDGE('',*,*,#656,.T.);
#656 = EDGE_CURVE('',#649,#657,#659,.T.);
#657 = VERTEX_POINT('',#658);
#658 = CARTESIAN_POINT('',(-0.75,-3.4,1.));
#659 = LINE('',#660,#661);
#660 = CARTESIAN_POINT('',(0.75,-3.4,1.));
#661 = VECTOR('',#662,1.);
#662 = DIRECTION('',(-1.,1.224646799147E-16,0.));
#663 = ORIENTED_EDGE('',*,*,#664,.T.);
#664 = EDGE_CURVE('',#657,#431,#665,.T.);
#665 = LINE('',#666,#667);
#666 = CARTESIAN_POINT('',(-0.75,-3.4,1.));
#667 = VECTOR('',#668,1.);
#668 = DIRECTION('',(-0.,0.,-1.));
#669 = PLANE('',#670);
#670 = AXIS2_PLACEMENT_3D('',#671,#672,#673);
#671 = CARTESIAN_POINT('',(-2.45,-3.4,0.));
#672 = DIRECTION('',(1.224646799147E-16,1.,0.));
#673 = DIRECTION('',(1.,-1.224646799147E-16,0.));
#674 = ADVANCED_FACE('',(#675),#693,.F.);
#675 = FACE_BOUND('',#676,.T.);
#676 = EDGE_LOOP('',(#677,#678,#679,#687));
#677 = ORIENTED_EDGE('',*,*,#408,.F.);
#678 = ORIENTED_EDGE('',*,*,#248,.T.);
#679 = ORIENTED_EDGE('',*,*,#680,.T.);
#680 = EDGE_CURVE('',#241,#681,#683,.T.);
#681 = VERTEX_POINT('',#682);
#682 = CARTESIAN_POINT('',(16.6,0.5,6.8));
#683 = LINE('',#684,#685);
#684 = CARTESIAN_POINT('',(16.075,0.5,6.275));
#685 = VECTOR('',#686,1.);
#686 = DIRECTION('',(-0.707106781187,8.659560562349E-17,-0.707106781187)
  );
#687 = ORIENTED_EDGE('',*,*,#688,.F.);
#688 = EDGE_CURVE('',#409,#681,#689,.T.);
#689 = LINE('',#690,#691);
#690 = CARTESIAN_POINT('',(16.6,-2.65,6.8));
#691 = VECTOR('',#692,1.);
#692 = DIRECTION('',(1.224646799147E-16,1.,0.));
#693 = PLANE('',#694);
#694 = AXIS2_PLACEMENT_3D('',#695,#696,#697);
#695 = CARTESIAN_POINT('',(16.7,-2.65,6.9));
#696 = DIRECTION('',(0.707106781187,-8.659560562349E-17,-0.707106781187)
  );
#697 = DIRECTION('',(-1.224646799147E-16,-1.,-2.105272540809E-29));
#698 = ADVANCED_FACE('',(#699),#758,.F.);
#699 = FACE_BOUND('',#700,.F.);
#700 = EDGE_LOOP('',(#701,#709,#710,#711,#719,#727,#736,#744,#752));
#701 = ORIENTED_EDGE('',*,*,#702,.F.);
#702 = EDGE_CURVE('',#441,#703,#705,.T.);
#703 = VERTEX_POINT('',#704);
#704 = CARTESIAN_POINT('',(17.45,2.35,0.));
#705 = LINE('',#706,#707);
#706 = CARTESIAN_POINT('',(17.45,-3.4,0.));
#707 = VECTOR('',#708,1.);
#708 = DIRECTION('',(1.224646799147E-16,1.,0.));
#709 = ORIENTED_EDGE('',*,*,#440,.T.);
#710 = ORIENTED_EDGE('',*,*,#232,.T.);
#711 = ORIENTED_EDGE('',*,*,#712,.F.);
#712 = EDGE_CURVE('',#713,#233,#715,.T.);
#713 = VERTEX_POINT('',#714);
#714 = CARTESIAN_POINT('',(17.45,0.5,3.65));
#715 = LINE('',#716,#717);
#716 = CARTESIAN_POINT('',(17.45,0.5,3.65));
#717 = VECTOR('',#718,1.);
#718 = DIRECTION('',(0.,0.,1.));
#719 = ORIENTED_EDGE('',*,*,#720,.F.);
#720 = EDGE_CURVE('',#721,#713,#723,.T.);
#721 = VERTEX_POINT('',#722);
#722 = CARTESIAN_POINT('',(17.45,1.,3.65));
#723 = LINE('',#724,#725);
#724 = CARTESIAN_POINT('',(17.45,1.,3.65));
#725 = VECTOR('',#726,1.);
#726 = DIRECTION('',(-1.224646799147E-16,-1.,0.));
#727 = ORIENTED_EDGE('',*,*,#728,.F.);
#728 = EDGE_CURVE('',#729,#721,#731,.T.);
#729 = VERTEX_POINT('',#730);
#730 = CARTESIAN_POINT('',(17.45,1.5,4.15));
#731 = CIRCLE('',#732,0.5);
#732 = AXIS2_PLACEMENT_3D('',#733,#734,#735);
#733 = CARTESIAN_POINT('',(17.45,1.,4.15));
#734 = DIRECTION('',(-1.,1.224646799147E-16,0.));
#735 = DIRECTION('',(1.224646799147E-16,1.,0.));
#736 = ORIENTED_EDGE('',*,*,#737,.F.);
#737 = EDGE_CURVE('',#738,#729,#740,.T.);
#738 = VERTEX_POINT('',#739);
#739 = CARTESIAN_POINT('',(17.45,1.5,7.));
#740 = LINE('',#741,#742);
#741 = CARTESIAN_POINT('',(17.45,1.5,7.));
#742 = VECTOR('',#743,1.);
#743 = DIRECTION('',(-0.,0.,-1.));
#744 = ORIENTED_EDGE('',*,*,#745,.T.);
#745 = EDGE_CURVE('',#738,#746,#748,.T.);
#746 = VERTEX_POINT('',#747);
#747 = CARTESIAN_POINT('',(17.45,2.35,7.));
#748 = LINE('',#749,#750);
#749 = CARTESIAN_POINT('',(17.45,-3.4,7.));
#750 = VECTOR('',#751,1.);
#751 = DIRECTION('',(1.224646799147E-16,1.,0.));
#752 = ORIENTED_EDGE('',*,*,#753,.F.);
#753 = EDGE_CURVE('',#703,#746,#754,.T.);
#754 = LINE('',#755,#756);
#755 = CARTESIAN_POINT('',(17.45,2.35,0.));
#756 = VECTOR('',#757,1.);
#757 = DIRECTION('',(0.,0.,1.));
#758 = PLANE('',#759);
#759 = AXIS2_PLACEMENT_3D('',#760,#761,#762);
#760 = CARTESIAN_POINT('',(17.45,-3.4,0.));
#761 = DIRECTION('',(-1.,1.224646799147E-16,0.));
#762 = DIRECTION('',(1.224646799147E-16,1.,0.));
#763 = ADVANCED_FACE('',(#764),#783,.T.);
#764 = FACE_BOUND('',#765,.T.);
#765 = EDGE_LOOP('',(#766,#767,#768,#776,#782));
#766 = ORIENTED_EDGE('',*,*,#240,.F.);
#767 = ORIENTED_EDGE('',*,*,#712,.F.);
#768 = ORIENTED_EDGE('',*,*,#769,.T.);
#769 = EDGE_CURVE('',#713,#770,#772,.T.);
#770 = VERTEX_POINT('',#771);
#771 = CARTESIAN_POINT('',(16.6,0.5,3.65));
#772 = LINE('',#773,#774);
#773 = CARTESIAN_POINT('',(17.45,0.5,3.65));
#774 = VECTOR('',#775,1.);
#775 = DIRECTION('',(-1.,1.224646799147E-16,0.));
#776 = ORIENTED_EDGE('',*,*,#777,.T.);
#777 = EDGE_CURVE('',#770,#681,#778,.T.);
#778 = LINE('',#779,#780);
#779 = CARTESIAN_POINT('',(16.6,0.5,5.325));
#780 = VECTOR('',#781,1.);
#781 = DIRECTION('',(0.,0.,1.));
#782 = ORIENTED_EDGE('',*,*,#680,.F.);
#783 = PLANE('',#784);
#784 = AXIS2_PLACEMENT_3D('',#785,#786,#787);
#785 = CARTESIAN_POINT('',(17.45,0.5,3.65));
#786 = DIRECTION('',(1.224646799147E-16,1.,0.));
#787 = DIRECTION('',(0.,-0.,1.));
#788 = ADVANCED_FACE('',(#789),#832,.F.);
#789 = FACE_BOUND('',#790,.F.);
#790 = EDGE_LOOP('',(#791,#792,#800,#809,#817,#825,#831));
#791 = ORIENTED_EDGE('',*,*,#278,.T.);
#792 = ORIENTED_EDGE('',*,*,#793,.T.);
#793 = EDGE_CURVE('',#281,#794,#796,.T.);
#794 = VERTEX_POINT('',#795);
#795 = CARTESIAN_POINT('',(-1.6,1.,3.65));
#796 = LINE('',#797,#798);
#797 = CARTESIAN_POINT('',(-1.6,1.25,3.65));
#798 = VECTOR('',#799,1.);
#799 = DIRECTION('',(1.224646799147E-16,1.,0.));
#800 = ORIENTED_EDGE('',*,*,#801,.T.);
#801 = EDGE_CURVE('',#794,#802,#804,.T.);
#802 = VERTEX_POINT('',#803);
#803 = CARTESIAN_POINT('',(-1.6,1.5,4.15));
#804 = CIRCLE('',#805,0.5);
#805 = AXIS2_PLACEMENT_3D('',#806,#807,#808);
#806 = CARTESIAN_POINT('',(-1.6,1.,4.15));
#807 = DIRECTION('',(1.,-1.224646799147E-16,0.));
#808 = DIRECTION('',(1.224646799147E-16,1.,0.));
#809 = ORIENTED_EDGE('',*,*,#810,.T.);
#810 = EDGE_CURVE('',#802,#811,#813,.T.);
#811 = VERTEX_POINT('',#812);
#812 = CARTESIAN_POINT('',(-1.6,1.5,1.85));
#813 = LINE('',#814,#815);
#814 = CARTESIAN_POINT('',(-1.6,1.5,7.));
#815 = VECTOR('',#816,1.);
#816 = DIRECTION('',(0.,0.,-1.));
#817 = ORIENTED_EDGE('',*,*,#818,.T.);
#818 = EDGE_CURVE('',#811,#819,#821,.T.);
#819 = VERTEX_POINT('',#820);
#820 = CARTESIAN_POINT('',(-1.6,-2.65,1.85));
#821 = LINE('',#822,#823);
#822 = CARTESIAN_POINT('',(-1.6,1.5,1.85));
#823 = VECTOR('',#824,1.);
#824 = DIRECTION('',(-1.224646799147E-16,-1.,0.));
#825 = ORIENTED_EDGE('',*,*,#826,.F.);
#826 = EDGE_CURVE('',#320,#819,#827,.T.);
#827 = LINE('',#828,#829);
#828 = CARTESIAN_POINT('',(-1.6,-2.65,7.));
#829 = VECTOR('',#830,1.);
#830 = DIRECTION('',(0.,0.,-1.));
#831 = ORIENTED_EDGE('',*,*,#327,.F.);
#832 = PLANE('',#833);
#833 = AXIS2_PLACEMENT_3D('',#834,#835,#836);
#834 = CARTESIAN_POINT('',(-1.6,1.5,7.));
#835 = DIRECTION('',(-1.,1.224646799147E-16,0.));
#836 = DIRECTION('',(-1.224646799147E-16,-1.,0.));
#837 = ADVANCED_FACE('',(#838),#849,.T.);
#838 = FACE_BOUND('',#839,.T.);
#839 = EDGE_LOOP('',(#840,#841,#847,#848));
#840 = ORIENTED_EDGE('',*,*,#793,.T.);
#841 = ORIENTED_EDGE('',*,*,#842,.T.);
#842 = EDGE_CURVE('',#794,#376,#843,.T.);
#843 = LINE('',#844,#845);
#844 = CARTESIAN_POINT('',(17.45,1.,3.65));
#845 = VECTOR('',#846,1.);
#846 = DIRECTION('',(-1.,1.224646799147E-16,0.));
#847 = ORIENTED_EDGE('',*,*,#384,.T.);
#848 = ORIENTED_EDGE('',*,*,#288,.F.);
#849 = PLANE('',#850);
#850 = AXIS2_PLACEMENT_3D('',#851,#852,#853);
#851 = CARTESIAN_POINT('',(17.45,1.,3.65));
#852 = DIRECTION('',(0.,0.,1.));
#853 = DIRECTION('',(-1.224646799147E-16,-1.,0.));
#854 = ADVANCED_FACE('',(#855),#873,.F.);
#855 = FACE_BOUND('',#856,.F.);
#856 = EDGE_LOOP('',(#857,#858,#859,#867));
#857 = ORIENTED_EDGE('',*,*,#341,.T.);
#858 = ORIENTED_EDGE('',*,*,#430,.T.);
#859 = ORIENTED_EDGE('',*,*,#860,.T.);
#860 = EDGE_CURVE('',#431,#861,#863,.T.);
#861 = VERTEX_POINT('',#862);
#862 = CARTESIAN_POINT('',(-0.75,2.35,0.));
#863 = LINE('',#864,#865);
#864 = CARTESIAN_POINT('',(-0.75,-3.4,0.));
#865 = VECTOR('',#866,1.);
#866 = DIRECTION('',(1.224646799147E-16,1.,0.));
#867 = ORIENTED_EDGE('',*,*,#868,.T.);
#868 = EDGE_CURVE('',#861,#342,#869,.T.);
#869 = LINE('',#870,#871);
#870 = CARTESIAN_POINT('',(17.45,2.35,0.));
#871 = VECTOR('',#872,1.);
#872 = DIRECTION('',(-1.,1.224646799147E-16,0.));
#873 = PLANE('',#874);
#874 = AXIS2_PLACEMENT_3D('',#875,#876,#877);
#875 = CARTESIAN_POINT('',(7.5,-0.525,0.));
#876 = DIRECTION('',(0.,0.,1.));
#877 = DIRECTION('',(-1.,1.224646799147E-16,0.));
#878 = ADVANCED_FACE('',(#879),#890,.F.);
#879 = FACE_BOUND('',#880,.F.);
#880 = EDGE_LOOP('',(#881,#882,#883,#889));
#881 = ORIENTED_EDGE('',*,*,#842,.T.);
#882 = ORIENTED_EDGE('',*,*,#375,.T.);
#883 = ORIENTED_EDGE('',*,*,#884,.F.);
#884 = EDGE_CURVE('',#802,#368,#885,.T.);
#885 = LINE('',#886,#887);
#886 = CARTESIAN_POINT('',(17.45,1.5,4.15));
#887 = VECTOR('',#888,1.);
#888 = DIRECTION('',(-1.,1.224646799147E-16,0.));
#889 = ORIENTED_EDGE('',*,*,#801,.F.);
#890 = CYLINDRICAL_SURFACE('',#891,0.5);
#891 = AXIS2_PLACEMENT_3D('',#892,#893,#894);
#892 = CARTESIAN_POINT('',(17.45,1.,4.15));
#893 = DIRECTION('',(1.,-1.224646799147E-16,-0.));
#894 = DIRECTION('',(1.224646799147E-16,1.,0.));
#895 = ADVANCED_FACE('',(#896),#1060,.T.);
#896 = FACE_BOUND('',#897,.T.);
#897 = EDGE_LOOP('',(#898,#899,#907,#915,#923,#931,#939,#948,#956,#964,
    #972,#980,#988,#997,#1005,#1013,#1021,#1029,#1035,#1036,#1037,#1038,
    #1046,#1054));
#898 = ORIENTED_EDGE('',*,*,#737,.F.);
#899 = ORIENTED_EDGE('',*,*,#900,.T.);
#900 = EDGE_CURVE('',#738,#901,#903,.T.);
#901 = VERTEX_POINT('',#902);
#902 = CARTESIAN_POINT('',(15.5,1.5,7.));
#903 = LINE('',#904,#905);
#904 = CARTESIAN_POINT('',(17.45,1.5,7.));
#905 = VECTOR('',#906,1.);
#906 = DIRECTION('',(-1.,1.224646799147E-16,0.));
#907 = ORIENTED_EDGE('',*,*,#908,.T.);
#908 = EDGE_CURVE('',#901,#909,#911,.T.);
#909 = VERTEX_POINT('',#910);
#910 = CARTESIAN_POINT('',(15.5,1.5,6.1));
#911 = LINE('',#912,#913);
#912 = CARTESIAN_POINT('',(15.5,1.5,5.301521956088));
#913 = VECTOR('',#914,1.);
#914 = DIRECTION('',(9.868649107779E-16,8.541649403163E-17,-1.));
#915 = ORIENTED_EDGE('',*,*,#916,.T.);
#916 = EDGE_CURVE('',#909,#917,#919,.T.);
#917 = VERTEX_POINT('',#918);
#918 = CARTESIAN_POINT('',(15.25,1.5,5.85));
#919 = LINE('',#920,#921);
#920 = CARTESIAN_POINT('',(12.975760978044,1.5,3.575760978044));
#921 = VECTOR('',#922,1.);
#922 = DIRECTION('',(-0.707106781187,1.469941877784E-16,-0.707106781187)
  );
#923 = ORIENTED_EDGE('',*,*,#924,.T.);
#924 = EDGE_CURVE('',#917,#925,#927,.T.);
#925 = VERTEX_POINT('',#926);
#926 = CARTESIAN_POINT('',(15.5,1.5,5.6));
#927 = LINE('',#928,#929);
#928 = CARTESIAN_POINT('',(13.774239021956,1.5,7.325760978044));
#929 = VECTOR('',#930,1.);
#930 = DIRECTION('',(0.707106781187,-2.619702346858E-17,-0.707106781187)
  );
#931 = ORIENTED_EDGE('',*,*,#932,.T.);
#932 = EDGE_CURVE('',#925,#933,#935,.T.);
#933 = VERTEX_POINT('',#934);
#934 = CARTESIAN_POINT('',(15.5,1.5,3.85));
#935 = LINE('',#936,#937);
#936 = CARTESIAN_POINT('',(15.5,1.5,3.801521956088));
#937 = VECTOR('',#938,1.);
#938 = DIRECTION('',(1.046050360102E-32,8.541649403163E-17,-1.));
#939 = ORIENTED_EDGE('',*,*,#940,.F.);
#940 = EDGE_CURVE('',#941,#933,#943,.T.);
#941 = VERTEX_POINT('',#942);
#942 = CARTESIAN_POINT('',(14.75,1.5,3.1));
#943 = CIRCLE('',#944,0.75);
#944 = AXIS2_PLACEMENT_3D('',#945,#946,#947);
#945 = CARTESIAN_POINT('',(14.75,1.5,3.85));
#946 = DIRECTION('',(-1.224646799147E-16,-1.,0.));
#947 = DIRECTION('',(-0.,0.,-1.));
#948 = ORIENTED_EDGE('',*,*,#949,.T.);
#949 = EDGE_CURVE('',#941,#950,#952,.T.);
#950 = VERTEX_POINT('',#951);
#951 = CARTESIAN_POINT('',(14.,1.5,3.1));
#952 = LINE('',#953,#954);
#953 = CARTESIAN_POINT('',(10.75,1.5,3.1));
#954 = VECTOR('',#955,1.);
#955 = DIRECTION('',(-1.,1.224646799147E-16,0.));
#956 = ORIENTED_EDGE('',*,*,#957,.T.);
#957 = EDGE_CURVE('',#950,#958,#960,.T.);
#958 = VERTEX_POINT('',#959);
#959 = CARTESIAN_POINT('',(14.,1.5,7.));
#960 = LINE('',#961,#962);
#961 = CARTESIAN_POINT('',(14.,1.5,5.751521956088));
#962 = VECTOR('',#963,1.);
#963 = DIRECTION('',(-1.046050360102E-32,-8.541649403163E-17,1.));
#964 = ORIENTED_EDGE('',*,*,#965,.T.);
#965 = EDGE_CURVE('',#958,#966,#968,.T.);
#966 = VERTEX_POINT('',#967);
#967 = CARTESIAN_POINT('',(1.,1.5,7.));
#968 = LINE('',#969,#970);
#969 = CARTESIAN_POINT('',(17.45,1.5,7.));
#970 = VECTOR('',#971,1.);
#971 = DIRECTION('',(-1.,1.224646799147E-16,0.));
#972 = ORIENTED_EDGE('',*,*,#973,.F.);
#973 = EDGE_CURVE('',#974,#966,#976,.T.);
#974 = VERTEX_POINT('',#975);
#975 = CARTESIAN_POINT('',(1.,1.5,3.1));
#976 = LINE('',#977,#978);
#977 = CARTESIAN_POINT('',(1.,1.5,5.751521956088));
#978 = VECTOR('',#979,1.);
#979 = DIRECTION('',(-1.046050360102E-32,-8.541649403163E-17,1.));
#980 = ORIENTED_EDGE('',*,*,#981,.F.);
#981 = EDGE_CURVE('',#982,#974,#984,.T.);
#982 = VERTEX_POINT('',#983);
#983 = CARTESIAN_POINT('',(0.25,1.5,3.1));
#984 = LINE('',#985,#986);
#985 = CARTESIAN_POINT('',(4.25,1.5,3.1));
#986 = VECTOR('',#987,1.);
#987 = DIRECTION('',(1.,-1.224646799147E-16,0.));
#988 = ORIENTED_EDGE('',*,*,#989,.F.);
#989 = EDGE_CURVE('',#990,#982,#992,.T.);
#990 = VERTEX_POINT('',#991);
#991 = CARTESIAN_POINT('',(-0.5,1.5,3.85));
#992 = CIRCLE('',#993,0.75);
#993 = AXIS2_PLACEMENT_3D('',#994,#995,#996);
#994 = CARTESIAN_POINT('',(0.25,1.5,3.85));
#995 = DIRECTION('',(-1.224646799147E-16,-1.,0.));
#996 = DIRECTION('',(-0.,0.,-1.));
#997 = ORIENTED_EDGE('',*,*,#998,.F.);
#998 = EDGE_CURVE('',#999,#990,#1001,.T.);
#999 = VERTEX_POINT('',#1000);
#1000 = CARTESIAN_POINT('',(-0.5,1.5,5.6));
#1001 = LINE('',#1002,#1003);
#1002 = CARTESIAN_POINT('',(-0.5,1.5,3.801521956088));
#1003 = VECTOR('',#1004,1.);
#1004 = DIRECTION('',(1.046050360102E-32,8.541649403163E-17,-1.));
#1005 = ORIENTED_EDGE('',*,*,#1006,.F.);
#1006 = EDGE_CURVE('',#1007,#999,#1009,.T.);
#1007 = VERTEX_POINT('',#1008);
#1008 = CARTESIAN_POINT('',(-0.25,1.5,5.85));
#1009 = LINE('',#1010,#1011);
#1010 = CARTESIAN_POINT('',(1.225760978044,1.5,7.325760978044));
#1011 = VECTOR('',#1012,1.);
#1012 = DIRECTION('',(-0.707106781187,1.469941877784E-16,-0.707106781187
    ));
#1013 = ORIENTED_EDGE('',*,*,#1014,.F.);
#1014 = EDGE_CURVE('',#1015,#1007,#1017,.T.);
#1015 = VERTEX_POINT('',#1016);
#1016 = CARTESIAN_POINT('',(-0.5,1.5,6.1));
#1017 = LINE('',#1018,#1019);
#1018 = CARTESIAN_POINT('',(2.024239021956,1.5,3.575760978044));
#1019 = VECTOR('',#1020,1.);
#1020 = DIRECTION('',(0.707106781187,-2.619702346858E-17,-0.707106781187
    ));
#1021 = ORIENTED_EDGE('',*,*,#1022,.F.);
#1022 = EDGE_CURVE('',#1023,#1015,#1025,.T.);
#1023 = VERTEX_POINT('',#1024);
#1024 = CARTESIAN_POINT('',(-0.5,1.5,7.));
#1025 = LINE('',#1026,#1027);
#1026 = CARTESIAN_POINT('',(-0.5,1.5,5.301521956088));
#1027 = VECTOR('',#1028,1.);
#1028 = DIRECTION('',(1.973729821556E-15,8.541649403163E-17,-1.));
#1029 = ORIENTED_EDGE('',*,*,#1030,.T.);
#1030 = EDGE_CURVE('',#1023,#360,#1031,.T.);
#1031 = LINE('',#1032,#1033);
#1032 = CARTESIAN_POINT('',(17.45,1.5,7.));
#1033 = VECTOR('',#1034,1.);
#1034 = DIRECTION('',(-1.,1.224646799147E-16,0.));
#1035 = ORIENTED_EDGE('',*,*,#367,.T.);
#1036 = ORIENTED_EDGE('',*,*,#884,.F.);
#1037 = ORIENTED_EDGE('',*,*,#810,.T.);
#1038 = ORIENTED_EDGE('',*,*,#1039,.F.);
#1039 = EDGE_CURVE('',#1040,#811,#1042,.T.);
#1040 = VERTEX_POINT('',#1041);
#1041 = CARTESIAN_POINT('',(16.6,1.5,1.85));
#1042 = LINE('',#1043,#1044);
#1043 = CARTESIAN_POINT('',(16.6,1.5,1.85));
#1044 = VECTOR('',#1045,1.);
#1045 = DIRECTION('',(-1.,1.224646799147E-16,0.));
#1046 = ORIENTED_EDGE('',*,*,#1047,.F.);
#1047 = EDGE_CURVE('',#1048,#1040,#1050,.T.);
#1048 = VERTEX_POINT('',#1049);
#1049 = CARTESIAN_POINT('',(16.6,1.5,4.15));
#1050 = LINE('',#1051,#1052);
#1051 = CARTESIAN_POINT('',(16.6,1.5,7.));
#1052 = VECTOR('',#1053,1.);
#1053 = DIRECTION('',(0.,0.,-1.));
#1054 = ORIENTED_EDGE('',*,*,#1055,.F.);
#1055 = EDGE_CURVE('',#729,#1048,#1056,.T.);
#1056 = LINE('',#1057,#1058);
#1057 = CARTESIAN_POINT('',(17.45,1.5,4.15));
#1058 = VECTOR('',#1059,1.);
#1059 = DIRECTION('',(-1.,1.224646799147E-16,0.));
#1060 = PLANE('',#1061);
#1061 = AXIS2_PLACEMENT_3D('',#1062,#1063,#1064);
#1062 = CARTESIAN_POINT('',(7.5,1.5,4.503043912176));
#1063 = DIRECTION('',(-1.224646799147E-16,-1.,-8.541649403163E-17));
#1064 = DIRECTION('',(-1.046050360102E-32,-8.541649403163E-17,1.));
#1065 = ADVANCED_FACE('',(#1066),#1084,.T.);
#1066 = FACE_BOUND('',#1067,.T.);
#1067 = EDGE_LOOP('',(#1068,#1069,#1077,#1083));
#1068 = ORIENTED_EDGE('',*,*,#1030,.F.);
#1069 = ORIENTED_EDGE('',*,*,#1070,.F.);
#1070 = EDGE_CURVE('',#1071,#1023,#1073,.T.);
#1071 = VERTEX_POINT('',#1072);
#1072 = CARTESIAN_POINT('',(-0.5,2.35,7.));
#1073 = LINE('',#1074,#1075);
#1074 = CARTESIAN_POINT('',(-0.5,2.35,7.));
#1075 = VECTOR('',#1076,1.);
#1076 = DIRECTION('',(-1.224646799147E-16,-1.,0.));
#1077 = ORIENTED_EDGE('',*,*,#1078,.T.);
#1078 = EDGE_CURVE('',#1071,#352,#1079,.T.);
#1079 = LINE('',#1080,#1081);
#1080 = CARTESIAN_POINT('',(17.45,2.35,7.));
#1081 = VECTOR('',#1082,1.);
#1082 = DIRECTION('',(-1.,1.224646799147E-16,0.));
#1083 = ORIENTED_EDGE('',*,*,#359,.T.);
#1084 = PLANE('',#1085);
#1085 = AXIS2_PLACEMENT_3D('',#1086,#1087,#1088);
#1086 = CARTESIAN_POINT('',(7.5,-0.525,7.));
#1087 = DIRECTION('',(0.,0.,1.));
#1088 = DIRECTION('',(-1.,1.224646799147E-16,0.));
#1089 = ADVANCED_FACE('',(#1090),#1446,.F.);
#1090 = FACE_BOUND('',#1091,.F.);
#1091 = EDGE_LOOP('',(#1092,#1100,#1101,#1109,#1117,#1125,#1133,#1141,
    #1150,#1158,#1166,#1174,#1182,#1190,#1199,#1207,#1215,#1223,#1229,
    #1230,#1231,#1232,#1240,#1248,#1256,#1264,#1272,#1280,#1288,#1296,
    #1304,#1312,#1320,#1328,#1336,#1344,#1352,#1360,#1368,#1376,#1384,
    #1392,#1400,#1408,#1416,#1424,#1432,#1440));
#1092 = ORIENTED_EDGE('',*,*,#1093,.F.);
#1093 = EDGE_CURVE('',#703,#1094,#1096,.T.);
#1094 = VERTEX_POINT('',#1095);
#1095 = CARTESIAN_POINT('',(15.75,2.35,0.));
#1096 = LINE('',#1097,#1098);
#1097 = CARTESIAN_POINT('',(17.45,2.35,0.));
#1098 = VECTOR('',#1099,1.);
#1099 = DIRECTION('',(-1.,1.224646799147E-16,0.));
#1100 = ORIENTED_EDGE('',*,*,#753,.T.);
#1101 = ORIENTED_EDGE('',*,*,#1102,.T.);
#1102 = EDGE_CURVE('',#746,#1103,#1105,.T.);
#1103 = VERTEX_POINT('',#1104);
#1104 = CARTESIAN_POINT('',(15.5,2.35,7.));
#1105 = LINE('',#1106,#1107);
#1106 = CARTESIAN_POINT('',(17.45,2.35,7.));
#1107 = VECTOR('',#1108,1.);
#1108 = DIRECTION('',(-1.,1.224646799147E-16,0.));
#1109 = ORIENTED_EDGE('',*,*,#1110,.F.);
#1110 = EDGE_CURVE('',#1111,#1103,#1113,.T.);
#1111 = VERTEX_POINT('',#1112);
#1112 = CARTESIAN_POINT('',(15.5,2.35,6.1));
#1113 = LINE('',#1114,#1115);
#1114 = CARTESIAN_POINT('',(15.5,2.35,6.1));
#1115 = VECTOR('',#1116,1.);
#1116 = DIRECTION('',(-9.868649107779E-16,1.208560954175E-31,1.));
#1117 = ORIENTED_EDGE('',*,*,#1118,.F.);
#1118 = EDGE_CURVE('',#1119,#1111,#1121,.T.);
#1119 = VERTEX_POINT('',#1120);
#1120 = CARTESIAN_POINT('',(15.25,2.35,5.85));
#1121 = LINE('',#1122,#1123);
#1122 = CARTESIAN_POINT('',(15.25,2.35,5.85));
#1123 = VECTOR('',#1124,1.);
#1124 = DIRECTION('',(0.707106781187,-8.659560562349E-17,0.707106781187)
  );
#1125 = ORIENTED_EDGE('',*,*,#1126,.F.);
#1126 = EDGE_CURVE('',#1127,#1119,#1129,.T.);
#1127 = VERTEX_POINT('',#1128);
#1128 = CARTESIAN_POINT('',(15.5,2.35,5.6));
#1129 = LINE('',#1130,#1131);
#1130 = CARTESIAN_POINT('',(15.5,2.35,5.6));
#1131 = VECTOR('',#1132,1.);
#1132 = DIRECTION('',(-0.707106781187,8.659560562349E-17,0.707106781187)
  );
#1133 = ORIENTED_EDGE('',*,*,#1134,.F.);
#1134 = EDGE_CURVE('',#1135,#1127,#1137,.T.);
#1135 = VERTEX_POINT('',#1136);
#1136 = CARTESIAN_POINT('',(15.5,2.35,3.85));
#1137 = LINE('',#1138,#1139);
#1138 = CARTESIAN_POINT('',(15.5,2.35,3.1));
#1139 = VECTOR('',#1140,1.);
#1140 = DIRECTION('',(0.,0.,1.));
#1141 = ORIENTED_EDGE('',*,*,#1142,.F.);
#1142 = EDGE_CURVE('',#1143,#1135,#1145,.T.);
#1143 = VERTEX_POINT('',#1144);
#1144 = CARTESIAN_POINT('',(14.75,2.35,3.1));
#1145 = CIRCLE('',#1146,0.75);
#1146 = AXIS2_PLACEMENT_3D('',#1147,#1148,#1149);
#1147 = CARTESIAN_POINT('',(14.75,2.35,3.85));
#1148 = DIRECTION('',(-1.224646799147E-16,-1.,0.));
#1149 = DIRECTION('',(0.,0.,1.));
#1150 = ORIENTED_EDGE('',*,*,#1151,.F.);
#1151 = EDGE_CURVE('',#1152,#1143,#1154,.T.);
#1152 = VERTEX_POINT('',#1153);
#1153 = CARTESIAN_POINT('',(14.,2.35,3.1));
#1154 = LINE('',#1155,#1156);
#1155 = CARTESIAN_POINT('',(14.,2.35,3.1));
#1156 = VECTOR('',#1157,1.);
#1157 = DIRECTION('',(1.,-1.224646799147E-16,0.));
#1158 = ORIENTED_EDGE('',*,*,#1159,.F.);
#1159 = EDGE_CURVE('',#1160,#1152,#1162,.T.);
#1160 = VERTEX_POINT('',#1161);
#1161 = CARTESIAN_POINT('',(14.,2.35,7.));
#1162 = LINE('',#1163,#1164);
#1163 = CARTESIAN_POINT('',(14.,2.35,7.));
#1164 = VECTOR('',#1165,1.);
#1165 = DIRECTION('',(-0.,0.,-1.));
#1166 = ORIENTED_EDGE('',*,*,#1167,.T.);
#1167 = EDGE_CURVE('',#1160,#1168,#1170,.T.);
#1168 = VERTEX_POINT('',#1169);
#1169 = CARTESIAN_POINT('',(1.,2.35,7.));
#1170 = LINE('',#1171,#1172);
#1171 = CARTESIAN_POINT('',(17.45,2.35,7.));
#1172 = VECTOR('',#1173,1.);
#1173 = DIRECTION('',(-1.,1.224646799147E-16,0.));
#1174 = ORIENTED_EDGE('',*,*,#1175,.T.);
#1175 = EDGE_CURVE('',#1168,#1176,#1178,.T.);
#1176 = VERTEX_POINT('',#1177);
#1177 = CARTESIAN_POINT('',(1.,2.35,3.1));
#1178 = LINE('',#1179,#1180);
#1179 = CARTESIAN_POINT('',(1.,2.35,7.));
#1180 = VECTOR('',#1181,1.);
#1181 = DIRECTION('',(-0.,0.,-1.));
#1182 = ORIENTED_EDGE('',*,*,#1183,.T.);
#1183 = EDGE_CURVE('',#1176,#1184,#1186,.T.);
#1184 = VERTEX_POINT('',#1185);
#1185 = CARTESIAN_POINT('',(0.25,2.35,3.1));
#1186 = LINE('',#1187,#1188);
#1187 = CARTESIAN_POINT('',(1.,2.35,3.1));
#1188 = VECTOR('',#1189,1.);
#1189 = DIRECTION('',(-1.,1.224646799147E-16,0.));
#1190 = ORIENTED_EDGE('',*,*,#1191,.T.);
#1191 = EDGE_CURVE('',#1184,#1192,#1194,.T.);
#1192 = VERTEX_POINT('',#1193);
#1193 = CARTESIAN_POINT('',(-0.5,2.35,3.85));
#1194 = CIRCLE('',#1195,0.75);
#1195 = AXIS2_PLACEMENT_3D('',#1196,#1197,#1198);
#1196 = CARTESIAN_POINT('',(0.25,2.35,3.85));
#1197 = DIRECTION('',(1.224646799147E-16,1.,-0.));
#1198 = DIRECTION('',(0.,0.,1.));
#1199 = ORIENTED_EDGE('',*,*,#1200,.T.);
#1200 = EDGE_CURVE('',#1192,#1201,#1203,.T.);
#1201 = VERTEX_POINT('',#1202);
#1202 = CARTESIAN_POINT('',(-0.5,2.35,5.6));
#1203 = LINE('',#1204,#1205);
#1204 = CARTESIAN_POINT('',(-0.5,2.35,3.1));
#1205 = VECTOR('',#1206,1.);
#1206 = DIRECTION('',(0.,0.,1.));
#1207 = ORIENTED_EDGE('',*,*,#1208,.T.);
#1208 = EDGE_CURVE('',#1201,#1209,#1211,.T.);
#1209 = VERTEX_POINT('',#1210);
#1210 = CARTESIAN_POINT('',(-0.25,2.35,5.85));
#1211 = LINE('',#1212,#1213);
#1212 = CARTESIAN_POINT('',(-0.5,2.35,5.6));
#1213 = VECTOR('',#1214,1.);
#1214 = DIRECTION('',(0.707106781187,-8.659560562349E-17,0.707106781187)
  );
#1215 = ORIENTED_EDGE('',*,*,#1216,.T.);
#1216 = EDGE_CURVE('',#1209,#1217,#1219,.T.);
#1217 = VERTEX_POINT('',#1218);
#1218 = CARTESIAN_POINT('',(-0.5,2.35,6.1));
#1219 = LINE('',#1220,#1221);
#1220 = CARTESIAN_POINT('',(-0.25,2.35,5.85));
#1221 = VECTOR('',#1222,1.);
#1222 = DIRECTION('',(-0.707106781187,8.659560562349E-17,0.707106781187)
  );
#1223 = ORIENTED_EDGE('',*,*,#1224,.T.);
#1224 = EDGE_CURVE('',#1217,#1071,#1225,.T.);
#1225 = LINE('',#1226,#1227);
#1226 = CARTESIAN_POINT('',(-0.5,2.35,6.1));
#1227 = VECTOR('',#1228,1.);
#1228 = DIRECTION('',(-1.973729821556E-15,2.41712190835E-31,1.));
#1229 = ORIENTED_EDGE('',*,*,#1078,.T.);
#1230 = ORIENTED_EDGE('',*,*,#351,.F.);
#1231 = ORIENTED_EDGE('',*,*,#868,.F.);
#1232 = ORIENTED_EDGE('',*,*,#1233,.T.);
#1233 = EDGE_CURVE('',#861,#1234,#1236,.T.);
#1234 = VERTEX_POINT('',#1235);
#1235 = CARTESIAN_POINT('',(-0.75,2.35,1.));
#1236 = LINE('',#1237,#1238);
#1237 = CARTESIAN_POINT('',(-0.75,2.35,0.));
#1238 = VECTOR('',#1239,1.);
#1239 = DIRECTION('',(0.,0.,1.));
#1240 = ORIENTED_EDGE('',*,*,#1241,.F.);
#1241 = EDGE_CURVE('',#1242,#1234,#1244,.T.);
#1242 = VERTEX_POINT('',#1243);
#1243 = CARTESIAN_POINT('',(0.75,2.35,1.));
#1244 = LINE('',#1245,#1246);
#1245 = CARTESIAN_POINT('',(0.75,2.35,1.));
#1246 = VECTOR('',#1247,1.);
#1247 = DIRECTION('',(-1.,1.224646799147E-16,0.));
#1248 = ORIENTED_EDGE('',*,*,#1249,.F.);
#1249 = EDGE_CURVE('',#1250,#1242,#1252,.T.);
#1250 = VERTEX_POINT('',#1251);
#1251 = CARTESIAN_POINT('',(0.75,2.35,0.));
#1252 = LINE('',#1253,#1254);
#1253 = CARTESIAN_POINT('',(0.75,2.35,0.));
#1254 = VECTOR('',#1255,1.);
#1255 = DIRECTION('',(0.,0.,1.));
#1256 = ORIENTED_EDGE('',*,*,#1257,.F.);
#1257 = EDGE_CURVE('',#1258,#1250,#1260,.T.);
#1258 = VERTEX_POINT('',#1259);
#1259 = CARTESIAN_POINT('',(1.75,2.35,0.));
#1260 = LINE('',#1261,#1262);
#1261 = CARTESIAN_POINT('',(17.45,2.35,0.));
#1262 = VECTOR('',#1263,1.);
#1263 = DIRECTION('',(-1.,1.224646799147E-16,0.));
#1264 = ORIENTED_EDGE('',*,*,#1265,.T.);
#1265 = EDGE_CURVE('',#1258,#1266,#1268,.T.);
#1266 = VERTEX_POINT('',#1267);
#1267 = CARTESIAN_POINT('',(1.75,2.35,1.));
#1268 = LINE('',#1269,#1270);
#1269 = CARTESIAN_POINT('',(1.75,2.35,0.));
#1270 = VECTOR('',#1271,1.);
#1271 = DIRECTION('',(0.,0.,1.));
#1272 = ORIENTED_EDGE('',*,*,#1273,.F.);
#1273 = EDGE_CURVE('',#1274,#1266,#1276,.T.);
#1274 = VERTEX_POINT('',#1275);
#1275 = CARTESIAN_POINT('',(3.25,2.35,1.));
#1276 = LINE('',#1277,#1278);
#1277 = CARTESIAN_POINT('',(3.25,2.35,1.));
#1278 = VECTOR('',#1279,1.);
#1279 = DIRECTION('',(-1.,1.224646799147E-16,0.));
#1280 = ORIENTED_EDGE('',*,*,#1281,.F.);
#1281 = EDGE_CURVE('',#1282,#1274,#1284,.T.);
#1282 = VERTEX_POINT('',#1283);
#1283 = CARTESIAN_POINT('',(3.25,2.35,0.));
#1284 = LINE('',#1285,#1286);
#1285 = CARTESIAN_POINT('',(3.25,2.35,0.));
#1286 = VECTOR('',#1287,1.);
#1287 = DIRECTION('',(0.,0.,1.));
#1288 = ORIENTED_EDGE('',*,*,#1289,.F.);
#1289 = EDGE_CURVE('',#1290,#1282,#1292,.T.);
#1290 = VERTEX_POINT('',#1291);
#1291 = CARTESIAN_POINT('',(4.25,2.35,0.));
#1292 = LINE('',#1293,#1294);
#1293 = CARTESIAN_POINT('',(17.45,2.35,0.));
#1294 = VECTOR('',#1295,1.);
#1295 = DIRECTION('',(-1.,1.224646799147E-16,0.));
#1296 = ORIENTED_EDGE('',*,*,#1297,.T.);
#1297 = EDGE_CURVE('',#1290,#1298,#1300,.T.);
#1298 = VERTEX_POINT('',#1299);
#1299 = CARTESIAN_POINT('',(4.25,2.35,1.));
#1300 = LINE('',#1301,#1302);
#1301 = CARTESIAN_POINT('',(4.25,2.35,0.));
#1302 = VECTOR('',#1303,1.);
#1303 = DIRECTION('',(0.,0.,1.));
#1304 = ORIENTED_EDGE('',*,*,#1305,.F.);
#1305 = EDGE_CURVE('',#1306,#1298,#1308,.T.);
#1306 = VERTEX_POINT('',#1307);
#1307 = CARTESIAN_POINT('',(5.75,2.35,1.));
#1308 = LINE('',#1309,#1310);
#1309 = CARTESIAN_POINT('',(5.75,2.35,1.));
#1310 = VECTOR('',#1311,1.);
#1311 = DIRECTION('',(-1.,1.224646799147E-16,0.));
#1312 = ORIENTED_EDGE('',*,*,#1313,.F.);
#1313 = EDGE_CURVE('',#1314,#1306,#1316,.T.);
#1314 = VERTEX_POINT('',#1315);
#1315 = CARTESIAN_POINT('',(5.75,2.35,0.));
#1316 = LINE('',#1317,#1318);
#1317 = CARTESIAN_POINT('',(5.75,2.35,0.));
#1318 = VECTOR('',#1319,1.);
#1319 = DIRECTION('',(0.,0.,1.));
#1320 = ORIENTED_EDGE('',*,*,#1321,.F.);
#1321 = EDGE_CURVE('',#1322,#1314,#1324,.T.);
#1322 = VERTEX_POINT('',#1323);
#1323 = CARTESIAN_POINT('',(6.75,2.35,0.));
#1324 = LINE('',#1325,#1326);
#1325 = CARTESIAN_POINT('',(17.45,2.35,0.));
#1326 = VECTOR('',#1327,1.);
#1327 = DIRECTION('',(-1.,1.224646799147E-16,0.));
#1328 = ORIENTED_EDGE('',*,*,#1329,.T.);
#1329 = EDGE_CURVE('',#1322,#1330,#1332,.T.);
#1330 = VERTEX_POINT('',#1331);
#1331 = CARTESIAN_POINT('',(6.75,2.35,1.));
#1332 = LINE('',#1333,#1334);
#1333 = CARTESIAN_POINT('',(6.75,2.35,0.));
#1334 = VECTOR('',#1335,1.);
#1335 = DIRECTION('',(0.,0.,1.));
#1336 = ORIENTED_EDGE('',*,*,#1337,.F.);
#1337 = EDGE_CURVE('',#1338,#1330,#1340,.T.);
#1338 = VERTEX_POINT('',#1339);
#1339 = CARTESIAN_POINT('',(8.25,2.35,1.));
#1340 = LINE('',#1341,#1342);
#1341 = CARTESIAN_POINT('',(8.25,2.35,1.));
#1342 = VECTOR('',#1343,1.);
#1343 = DIRECTION('',(-1.,1.224646799147E-16,0.));
#1344 = ORIENTED_EDGE('',*,*,#1345,.F.);
#1345 = EDGE_CURVE('',#1346,#1338,#1348,.T.);
#1346 = VERTEX_POINT('',#1347);
#1347 = CARTESIAN_POINT('',(8.25,2.35,0.));
#1348 = LINE('',#1349,#1350);
#1349 = CARTESIAN_POINT('',(8.25,2.35,0.));
#1350 = VECTOR('',#1351,1.);
#1351 = DIRECTION('',(0.,0.,1.));
#1352 = ORIENTED_EDGE('',*,*,#1353,.F.);
#1353 = EDGE_CURVE('',#1354,#1346,#1356,.T.);
#1354 = VERTEX_POINT('',#1355);
#1355 = CARTESIAN_POINT('',(9.25,2.35,0.));
#1356 = LINE('',#1357,#1358);
#1357 = CARTESIAN_POINT('',(17.45,2.35,0.));
#1358 = VECTOR('',#1359,1.);
#1359 = DIRECTION('',(-1.,1.224646799147E-16,0.));
#1360 = ORIENTED_EDGE('',*,*,#1361,.T.);
#1361 = EDGE_CURVE('',#1354,#1362,#1364,.T.);
#1362 = VERTEX_POINT('',#1363);
#1363 = CARTESIAN_POINT('',(9.25,2.35,1.));
#1364 = LINE('',#1365,#1366);
#1365 = CARTESIAN_POINT('',(9.25,2.35,0.));
#1366 = VECTOR('',#1367,1.);
#1367 = DIRECTION('',(0.,0.,1.));
#1368 = ORIENTED_EDGE('',*,*,#1369,.F.);
#1369 = EDGE_CURVE('',#1370,#1362,#1372,.T.);
#1370 = VERTEX_POINT('',#1371);
#1371 = CARTESIAN_POINT('',(10.75,2.35,1.));
#1372 = LINE('',#1373,#1374);
#1373 = CARTESIAN_POINT('',(10.75,2.35,1.));
#1374 = VECTOR('',#1375,1.);
#1375 = DIRECTION('',(-1.,1.224646799147E-16,0.));
#1376 = ORIENTED_EDGE('',*,*,#1377,.F.);
#1377 = EDGE_CURVE('',#1378,#1370,#1380,.T.);
#1378 = VERTEX_POINT('',#1379);
#1379 = CARTESIAN_POINT('',(10.75,2.35,0.));
#1380 = LINE('',#1381,#1382);
#1381 = CARTESIAN_POINT('',(10.75,2.35,0.));
#1382 = VECTOR('',#1383,1.);
#1383 = DIRECTION('',(0.,0.,1.));
#1384 = ORIENTED_EDGE('',*,*,#1385,.F.);
#1385 = EDGE_CURVE('',#1386,#1378,#1388,.T.);
#1386 = VERTEX_POINT('',#1387);
#1387 = CARTESIAN_POINT('',(11.75,2.35,0.));
#1388 = LINE('',#1389,#1390);
#1389 = CARTESIAN_POINT('',(17.45,2.35,0.));
#1390 = VECTOR('',#1391,1.);
#1391 = DIRECTION('',(-1.,1.224646799147E-16,0.));
#1392 = ORIENTED_EDGE('',*,*,#1393,.T.);
#1393 = EDGE_CURVE('',#1386,#1394,#1396,.T.);
#1394 = VERTEX_POINT('',#1395);
#1395 = CARTESIAN_POINT('',(11.75,2.35,1.));
#1396 = LINE('',#1397,#1398);
#1397 = CARTESIAN_POINT('',(11.75,2.35,0.));
#1398 = VECTOR('',#1399,1.);
#1399 = DIRECTION('',(0.,0.,1.));
#1400 = ORIENTED_EDGE('',*,*,#1401,.F.);
#1401 = EDGE_CURVE('',#1402,#1394,#1404,.T.);
#1402 = VERTEX_POINT('',#1403);
#1403 = CARTESIAN_POINT('',(13.25,2.35,1.));
#1404 = LINE('',#1405,#1406);
#1405 = CARTESIAN_POINT('',(13.25,2.35,1.));
#1406 = VECTOR('',#1407,1.);
#1407 = DIRECTION('',(-1.,1.224646799147E-16,0.));
#1408 = ORIENTED_EDGE('',*,*,#1409,.F.);
#1409 = EDGE_CURVE('',#1410,#1402,#1412,.T.);
#1410 = VERTEX_POINT('',#1411);
#1411 = CARTESIAN_POINT('',(13.25,2.35,0.));
#1412 = LINE('',#1413,#1414);
#1413 = CARTESIAN_POINT('',(13.25,2.35,0.));
#1414 = VECTOR('',#1415,1.);
#1415 = DIRECTION('',(0.,0.,1.));
#1416 = ORIENTED_EDGE('',*,*,#1417,.F.);
#1417 = EDGE_CURVE('',#1418,#1410,#1420,.T.);
#1418 = VERTEX_POINT('',#1419);
#1419 = CARTESIAN_POINT('',(14.25,2.35,0.));
#1420 = LINE('',#1421,#1422);
#1421 = CARTESIAN_POINT('',(17.45,2.35,0.));
#1422 = VECTOR('',#1423,1.);
#1423 = DIRECTION('',(-1.,1.224646799147E-16,0.));
#1424 = ORIENTED_EDGE('',*,*,#1425,.T.);
#1425 = EDGE_CURVE('',#1418,#1426,#1428,.T.);
#1426 = VERTEX_POINT('',#1427);
#1427 = CARTESIAN_POINT('',(14.25,2.35,1.));
#1428 = LINE('',#1429,#1430);
#1429 = CARTESIAN_POINT('',(14.25,2.35,0.));
#1430 = VECTOR('',#1431,1.);
#1431 = DIRECTION('',(0.,0.,1.));
#1432 = ORIENTED_EDGE('',*,*,#1433,.F.);
#1433 = EDGE_CURVE('',#1434,#1426,#1436,.T.);
#1434 = VERTEX_POINT('',#1435);
#1435 = CARTESIAN_POINT('',(15.75,2.35,1.));
#1436 = LINE('',#1437,#1438);
#1437 = CARTESIAN_POINT('',(15.75,2.35,1.));
#1438 = VECTOR('',#1439,1.);
#1439 = DIRECTION('',(-1.,1.224646799147E-16,0.));
#1440 = ORIENTED_EDGE('',*,*,#1441,.F.);
#1441 = EDGE_CURVE('',#1094,#1434,#1442,.T.);
#1442 = LINE('',#1443,#1444);
#1443 = CARTESIAN_POINT('',(15.75,2.35,0.));
#1444 = VECTOR('',#1445,1.);
#1445 = DIRECTION('',(0.,0.,1.));
#1446 = PLANE('',#1447);
#1447 = AXIS2_PLACEMENT_3D('',#1448,#1449,#1450);
#1448 = CARTESIAN_POINT('',(17.45,2.35,0.));
#1449 = DIRECTION('',(-1.224646799147E-16,-1.,0.));
#1450 = DIRECTION('',(-1.,1.224646799147E-16,0.));
#1451 = ADVANCED_FACE('',(#1452),#1470,.F.);
#1452 = FACE_BOUND('',#1453,.F.);
#1453 = EDGE_LOOP('',(#1454,#1455,#1463,#1469));
#1454 = ORIENTED_EDGE('',*,*,#826,.T.);
#1455 = ORIENTED_EDGE('',*,*,#1456,.T.);
#1456 = EDGE_CURVE('',#819,#1457,#1459,.T.);
#1457 = VERTEX_POINT('',#1458);
#1458 = CARTESIAN_POINT('',(16.6,-2.65,1.85));
#1459 = LINE('',#1460,#1461);
#1460 = CARTESIAN_POINT('',(-1.6,-2.65,1.85));
#1461 = VECTOR('',#1462,1.);
#1462 = DIRECTION('',(1.,-1.224646799147E-16,0.));
#1463 = ORIENTED_EDGE('',*,*,#1464,.F.);
#1464 = EDGE_CURVE('',#409,#1457,#1465,.T.);
#1465 = LINE('',#1466,#1467);
#1466 = CARTESIAN_POINT('',(16.6,-2.65,7.));
#1467 = VECTOR('',#1468,1.);
#1468 = DIRECTION('',(0.,0.,-1.));
#1469 = ORIENTED_EDGE('',*,*,#416,.F.);
#1470 = PLANE('',#1471);
#1471 = AXIS2_PLACEMENT_3D('',#1472,#1473,#1474);
#1472 = CARTESIAN_POINT('',(-1.6,-2.65,7.));
#1473 = DIRECTION('',(-1.224646799147E-16,-1.,0.));
#1474 = DIRECTION('',(1.,-1.224646799147E-16,0.));
#1475 = ADVANCED_FACE('',(#1476),#1503,.T.);
#1476 = FACE_BOUND('',#1477,.T.);
#1477 = EDGE_LOOP('',(#1478,#1479,#1487,#1495,#1501,#1502));
#1478 = ORIENTED_EDGE('',*,*,#1233,.T.);
#1479 = ORIENTED_EDGE('',*,*,#1480,.T.);
#1480 = EDGE_CURVE('',#1234,#1481,#1483,.T.);
#1481 = VERTEX_POINT('',#1482);
#1482 = CARTESIAN_POINT('',(-0.75,0.5,0.3));
#1483 = LINE('',#1484,#1485);
#1484 = CARTESIAN_POINT('',(-0.75,2.35,1.));
#1485 = VECTOR('',#1486,1.);
#1486 = DIRECTION('',(-1.14539532148E-16,-0.935286257456,-0.353892097416
    ));
#1487 = ORIENTED_EDGE('',*,*,#1488,.T.);
#1488 = EDGE_CURVE('',#1481,#1489,#1491,.T.);
#1489 = VERTEX_POINT('',#1490);
#1490 = CARTESIAN_POINT('',(-0.75,-0.5,0.3));
#1491 = LINE('',#1492,#1493);
#1492 = CARTESIAN_POINT('',(-0.75,0.5,0.3));
#1493 = VECTOR('',#1494,1.);
#1494 = DIRECTION('',(-1.224646799147E-16,-1.,0.));
#1495 = ORIENTED_EDGE('',*,*,#1496,.T.);
#1496 = EDGE_CURVE('',#1489,#657,#1497,.T.);
#1497 = LINE('',#1498,#1499);
#1498 = CARTESIAN_POINT('',(-0.75,-0.5,0.3));
#1499 = VECTOR('',#1500,1.);
#1500 = DIRECTION('',(-1.190457365237E-16,-0.972082208573,0.234640533104
    ));
#1501 = ORIENTED_EDGE('',*,*,#664,.T.);
#1502 = ORIENTED_EDGE('',*,*,#860,.T.);
#1503 = PLANE('',#1504);
#1504 = AXIS2_PLACEMENT_3D('',#1505,#1506,#1507);
#1505 = CARTESIAN_POINT('',(-0.75,-0.515451356496,0.330008245993));
#1506 = DIRECTION('',(1.,-1.224646799147E-16,-1.256256073143E-32));
#1507 = DIRECTION('',(-1.256256073143E-32,1.538469978883E-48,-1.));
#1508 = ADVANCED_FACE('',(#1509),#1527,.F.);
#1509 = FACE_BOUND('',#1510,.F.);
#1510 = EDGE_LOOP('',(#1511,#1519,#1520,#1521));
#1511 = ORIENTED_EDGE('',*,*,#1512,.T.);
#1512 = EDGE_CURVE('',#1513,#1489,#1515,.T.);
#1513 = VERTEX_POINT('',#1514);
#1514 = CARTESIAN_POINT('',(0.75,-0.5,0.3));
#1515 = LINE('',#1516,#1517);
#1516 = CARTESIAN_POINT('',(0.75,-0.5,0.3));
#1517 = VECTOR('',#1518,1.);
#1518 = DIRECTION('',(-1.,1.224646799147E-16,0.));
#1519 = ORIENTED_EDGE('',*,*,#1496,.T.);
#1520 = ORIENTED_EDGE('',*,*,#656,.F.);
#1521 = ORIENTED_EDGE('',*,*,#1522,.F.);
#1522 = EDGE_CURVE('',#1513,#649,#1523,.T.);
#1523 = LINE('',#1524,#1525);
#1524 = CARTESIAN_POINT('',(0.75,-0.5,0.3));
#1525 = VECTOR('',#1526,1.);
#1526 = DIRECTION('',(-1.190457365237E-16,-0.972082208573,0.234640533104
    ));
#1527 = PLANE('',#1528);
#1528 = AXIS2_PLACEMENT_3D('',#1529,#1530,#1531);
#1529 = CARTESIAN_POINT('',(0.75,-0.5,0.3));
#1530 = DIRECTION('',(2.87351777816E-17,0.234640533104,0.972082208573));
#1531 = DIRECTION('',(-1.190457365237E-16,-0.972082208573,0.234640533104
    ));
#1532 = ADVANCED_FACE('',(#1533),#1558,.F.);
#1533 = FACE_BOUND('',#1534,.F.);
#1534 = EDGE_LOOP('',(#1535,#1536,#1544,#1550,#1551,#1552));
#1535 = ORIENTED_EDGE('',*,*,#1249,.T.);
#1536 = ORIENTED_EDGE('',*,*,#1537,.T.);
#1537 = EDGE_CURVE('',#1242,#1538,#1540,.T.);
#1538 = VERTEX_POINT('',#1539);
#1539 = CARTESIAN_POINT('',(0.75,0.5,0.3));
#1540 = LINE('',#1541,#1542);
#1541 = CARTESIAN_POINT('',(0.75,2.35,1.));
#1542 = VECTOR('',#1543,1.);
#1543 = DIRECTION('',(-1.14539532148E-16,-0.935286257456,-0.353892097416
    ));
#1544 = ORIENTED_EDGE('',*,*,#1545,.T.);
#1545 = EDGE_CURVE('',#1538,#1513,#1546,.T.);
#1546 = LINE('',#1547,#1548);
#1547 = CARTESIAN_POINT('',(0.75,0.5,0.3));
#1548 = VECTOR('',#1549,1.);
#1549 = DIRECTION('',(-1.224646799147E-16,-1.,0.));
#1550 = ORIENTED_EDGE('',*,*,#1522,.T.);
#1551 = ORIENTED_EDGE('',*,*,#648,.T.);
#1552 = ORIENTED_EDGE('',*,*,#1553,.T.);
#1553 = EDGE_CURVE('',#641,#1250,#1554,.T.);
#1554 = LINE('',#1555,#1556);
#1555 = CARTESIAN_POINT('',(0.75,-3.4,0.));
#1556 = VECTOR('',#1557,1.);
#1557 = DIRECTION('',(1.224646799147E-16,1.,0.));
#1558 = PLANE('',#1559);
#1559 = AXIS2_PLACEMENT_3D('',#1560,#1561,#1562);
#1560 = CARTESIAN_POINT('',(0.75,-0.515451356496,0.330008245993));
#1561 = DIRECTION('',(1.,-1.224646799147E-16,-1.256256073143E-32));
#1562 = DIRECTION('',(-1.256256073143E-32,1.538469978883E-48,-1.));
#1563 = ADVANCED_FACE('',(#1564),#1575,.F.);
#1564 = FACE_BOUND('',#1565,.F.);
#1565 = EDGE_LOOP('',(#1566,#1567,#1568,#1574));
#1566 = ORIENTED_EDGE('',*,*,#1553,.F.);
#1567 = ORIENTED_EDGE('',*,*,#640,.T.);
#1568 = ORIENTED_EDGE('',*,*,#1569,.T.);
#1569 = EDGE_CURVE('',#633,#1258,#1570,.T.);
#1570 = LINE('',#1571,#1572);
#1571 = CARTESIAN_POINT('',(1.75,-3.4,0.));
#1572 = VECTOR('',#1573,1.);
#1573 = DIRECTION('',(1.224646799147E-16,1.,0.));
#1574 = ORIENTED_EDGE('',*,*,#1257,.T.);
#1575 = PLANE('',#1576);
#1576 = AXIS2_PLACEMENT_3D('',#1577,#1578,#1579);
#1577 = CARTESIAN_POINT('',(7.5,-0.525,0.));
#1578 = DIRECTION('',(0.,0.,1.));
#1579 = DIRECTION('',(-1.,1.224646799147E-16,0.));
#1580 = ADVANCED_FACE('',(#1581),#1608,.T.);
#1581 = FACE_BOUND('',#1582,.T.);
#1582 = EDGE_LOOP('',(#1583,#1584,#1592,#1600,#1606,#1607));
#1583 = ORIENTED_EDGE('',*,*,#1265,.T.);
#1584 = ORIENTED_EDGE('',*,*,#1585,.T.);
#1585 = EDGE_CURVE('',#1266,#1586,#1588,.T.);
#1586 = VERTEX_POINT('',#1587);
#1587 = CARTESIAN_POINT('',(1.75,0.5,0.3));
#1588 = LINE('',#1589,#1590);
#1589 = CARTESIAN_POINT('',(1.75,2.35,1.));
#1590 = VECTOR('',#1591,1.);
#1591 = DIRECTION('',(-1.14539532148E-16,-0.935286257456,-0.353892097416
    ));
#1592 = ORIENTED_EDGE('',*,*,#1593,.T.);
#1593 = EDGE_CURVE('',#1586,#1594,#1596,.T.);
#1594 = VERTEX_POINT('',#1595);
#1595 = CARTESIAN_POINT('',(1.75,-0.5,0.3));
#1596 = LINE('',#1597,#1598);
#1597 = CARTESIAN_POINT('',(1.75,0.5,0.3));
#1598 = VECTOR('',#1599,1.);
#1599 = DIRECTION('',(-1.224646799147E-16,-1.,0.));
#1600 = ORIENTED_EDGE('',*,*,#1601,.T.);
#1601 = EDGE_CURVE('',#1594,#625,#1602,.T.);
#1602 = LINE('',#1603,#1604);
#1603 = CARTESIAN_POINT('',(1.75,-0.5,0.3));
#1604 = VECTOR('',#1605,1.);
#1605 = DIRECTION('',(-1.190457365237E-16,-0.972082208573,0.234640533104
    ));
#1606 = ORIENTED_EDGE('',*,*,#632,.T.);
#1607 = ORIENTED_EDGE('',*,*,#1569,.T.);
#1608 = PLANE('',#1609);
#1609 = AXIS2_PLACEMENT_3D('',#1610,#1611,#1612);
#1610 = CARTESIAN_POINT('',(1.75,-0.515451356496,0.330008245993));
#1611 = DIRECTION('',(1.,-1.224646799147E-16,-1.256256073143E-32));
#1612 = DIRECTION('',(-1.256256073143E-32,1.538469978883E-48,-1.));
#1613 = ADVANCED_FACE('',(#1614),#1632,.F.);
#1614 = FACE_BOUND('',#1615,.F.);
#1615 = EDGE_LOOP('',(#1616,#1624,#1625,#1626));
#1616 = ORIENTED_EDGE('',*,*,#1617,.T.);
#1617 = EDGE_CURVE('',#1618,#1594,#1620,.T.);
#1618 = VERTEX_POINT('',#1619);
#1619 = CARTESIAN_POINT('',(3.25,-0.5,0.3));
#1620 = LINE('',#1621,#1622);
#1621 = CARTESIAN_POINT('',(3.25,-0.5,0.3));
#1622 = VECTOR('',#1623,1.);
#1623 = DIRECTION('',(-1.,1.224646799147E-16,0.));
#1624 = ORIENTED_EDGE('',*,*,#1601,.T.);
#1625 = ORIENTED_EDGE('',*,*,#624,.F.);
#1626 = ORIENTED_EDGE('',*,*,#1627,.F.);
#1627 = EDGE_CURVE('',#1618,#617,#1628,.T.);
#1628 = LINE('',#1629,#1630);
#1629 = CARTESIAN_POINT('',(3.25,-0.5,0.3));
#1630 = VECTOR('',#1631,1.);
#1631 = DIRECTION('',(-1.190457365237E-16,-0.972082208573,0.234640533104
    ));
#1632 = PLANE('',#1633);
#1633 = AXIS2_PLACEMENT_3D('',#1634,#1635,#1636);
#1634 = CARTESIAN_POINT('',(3.25,-0.5,0.3));
#1635 = DIRECTION('',(2.87351777816E-17,0.234640533104,0.972082208573));
#1636 = DIRECTION('',(-1.190457365237E-16,-0.972082208573,0.234640533104
    ));
#1637 = ADVANCED_FACE('',(#1638),#1663,.F.);
#1638 = FACE_BOUND('',#1639,.F.);
#1639 = EDGE_LOOP('',(#1640,#1641,#1649,#1655,#1656,#1657));
#1640 = ORIENTED_EDGE('',*,*,#1281,.T.);
#1641 = ORIENTED_EDGE('',*,*,#1642,.T.);
#1642 = EDGE_CURVE('',#1274,#1643,#1645,.T.);
#1643 = VERTEX_POINT('',#1644);
#1644 = CARTESIAN_POINT('',(3.25,0.5,0.3));
#1645 = LINE('',#1646,#1647);
#1646 = CARTESIAN_POINT('',(3.25,2.35,1.));
#1647 = VECTOR('',#1648,1.);
#1648 = DIRECTION('',(-1.14539532148E-16,-0.935286257456,-0.353892097416
    ));
#1649 = ORIENTED_EDGE('',*,*,#1650,.T.);
#1650 = EDGE_CURVE('',#1643,#1618,#1651,.T.);
#1651 = LINE('',#1652,#1653);
#1652 = CARTESIAN_POINT('',(3.25,0.5,0.3));
#1653 = VECTOR('',#1654,1.);
#1654 = DIRECTION('',(-1.224646799147E-16,-1.,0.));
#1655 = ORIENTED_EDGE('',*,*,#1627,.T.);
#1656 = ORIENTED_EDGE('',*,*,#616,.T.);
#1657 = ORIENTED_EDGE('',*,*,#1658,.T.);
#1658 = EDGE_CURVE('',#609,#1282,#1659,.T.);
#1659 = LINE('',#1660,#1661);
#1660 = CARTESIAN_POINT('',(3.25,-3.4,0.));
#1661 = VECTOR('',#1662,1.);
#1662 = DIRECTION('',(1.224646799147E-16,1.,0.));
#1663 = PLANE('',#1664);
#1664 = AXIS2_PLACEMENT_3D('',#1665,#1666,#1667);
#1665 = CARTESIAN_POINT('',(3.25,-0.515451356496,0.330008245993));
#1666 = DIRECTION('',(1.,-1.224646799147E-16,-1.256256073143E-32));
#1667 = DIRECTION('',(-1.256256073143E-32,1.538469978883E-48,-1.));
#1668 = ADVANCED_FACE('',(#1669),#1680,.F.);
#1669 = FACE_BOUND('',#1670,.F.);
#1670 = EDGE_LOOP('',(#1671,#1672,#1678,#1679));
#1671 = ORIENTED_EDGE('',*,*,#608,.T.);
#1672 = ORIENTED_EDGE('',*,*,#1673,.T.);
#1673 = EDGE_CURVE('',#601,#1290,#1674,.T.);
#1674 = LINE('',#1675,#1676);
#1675 = CARTESIAN_POINT('',(4.25,-3.4,0.));
#1676 = VECTOR('',#1677,1.);
#1677 = DIRECTION('',(1.224646799147E-16,1.,0.));
#1678 = ORIENTED_EDGE('',*,*,#1289,.T.);
#1679 = ORIENTED_EDGE('',*,*,#1658,.F.);
#1680 = PLANE('',#1681);
#1681 = AXIS2_PLACEMENT_3D('',#1682,#1683,#1684);
#1682 = CARTESIAN_POINT('',(7.5,-0.525,0.));
#1683 = DIRECTION('',(0.,0.,1.));
#1684 = DIRECTION('',(-1.,1.224646799147E-16,0.));
#1685 = ADVANCED_FACE('',(#1686),#1713,.T.);
#1686 = FACE_BOUND('',#1687,.T.);
#1687 = EDGE_LOOP('',(#1688,#1689,#1697,#1705,#1711,#1712));
#1688 = ORIENTED_EDGE('',*,*,#1297,.T.);
#1689 = ORIENTED_EDGE('',*,*,#1690,.T.);
#1690 = EDGE_CURVE('',#1298,#1691,#1693,.T.);
#1691 = VERTEX_POINT('',#1692);
#1692 = CARTESIAN_POINT('',(4.25,0.5,0.3));
#1693 = LINE('',#1694,#1695);
#1694 = CARTESIAN_POINT('',(4.25,2.35,1.));
#1695 = VECTOR('',#1696,1.);
#1696 = DIRECTION('',(-1.14539532148E-16,-0.935286257456,-0.353892097416
    ));
#1697 = ORIENTED_EDGE('',*,*,#1698,.T.);
#1698 = EDGE_CURVE('',#1691,#1699,#1701,.T.);
#1699 = VERTEX_POINT('',#1700);
#1700 = CARTESIAN_POINT('',(4.25,-0.5,0.3));
#1701 = LINE('',#1702,#1703);
#1702 = CARTESIAN_POINT('',(4.25,0.5,0.3));
#1703 = VECTOR('',#1704,1.);
#1704 = DIRECTION('',(-1.224646799147E-16,-1.,0.));
#1705 = ORIENTED_EDGE('',*,*,#1706,.T.);
#1706 = EDGE_CURVE('',#1699,#593,#1707,.T.);
#1707 = LINE('',#1708,#1709);
#1708 = CARTESIAN_POINT('',(4.25,-0.5,0.3));
#1709 = VECTOR('',#1710,1.);
#1710 = DIRECTION('',(-1.190457365237E-16,-0.972082208573,0.234640533104
    ));
#1711 = ORIENTED_EDGE('',*,*,#600,.T.);
#1712 = ORIENTED_EDGE('',*,*,#1673,.T.);
#1713 = PLANE('',#1714);
#1714 = AXIS2_PLACEMENT_3D('',#1715,#1716,#1717);
#1715 = CARTESIAN_POINT('',(4.25,-0.515451356496,0.330008245993));
#1716 = DIRECTION('',(1.,-1.224646799147E-16,-1.256256073143E-32));
#1717 = DIRECTION('',(-1.256256073143E-32,1.538469978883E-48,-1.));
#1718 = ADVANCED_FACE('',(#1719),#1737,.F.);
#1719 = FACE_BOUND('',#1720,.F.);
#1720 = EDGE_LOOP('',(#1721,#1729,#1730,#1731));
#1721 = ORIENTED_EDGE('',*,*,#1722,.T.);
#1722 = EDGE_CURVE('',#1723,#1699,#1725,.T.);
#1723 = VERTEX_POINT('',#1724);
#1724 = CARTESIAN_POINT('',(5.75,-0.5,0.3));
#1725 = LINE('',#1726,#1727);
#1726 = CARTESIAN_POINT('',(5.75,-0.5,0.3));
#1727 = VECTOR('',#1728,1.);
#1728 = DIRECTION('',(-1.,1.224646799147E-16,0.));
#1729 = ORIENTED_EDGE('',*,*,#1706,.T.);
#1730 = ORIENTED_EDGE('',*,*,#592,.F.);
#1731 = ORIENTED_EDGE('',*,*,#1732,.F.);
#1732 = EDGE_CURVE('',#1723,#585,#1733,.T.);
#1733 = LINE('',#1734,#1735);
#1734 = CARTESIAN_POINT('',(5.75,-0.5,0.3));
#1735 = VECTOR('',#1736,1.);
#1736 = DIRECTION('',(-1.190457365237E-16,-0.972082208573,0.234640533104
    ));
#1737 = PLANE('',#1738);
#1738 = AXIS2_PLACEMENT_3D('',#1739,#1740,#1741);
#1739 = CARTESIAN_POINT('',(5.75,-0.5,0.3));
#1740 = DIRECTION('',(2.87351777816E-17,0.234640533104,0.972082208573));
#1741 = DIRECTION('',(-1.190457365237E-16,-0.972082208573,0.234640533104
    ));
#1742 = ADVANCED_FACE('',(#1743),#1768,.F.);
#1743 = FACE_BOUND('',#1744,.F.);
#1744 = EDGE_LOOP('',(#1745,#1746,#1754,#1760,#1761,#1762));
#1745 = ORIENTED_EDGE('',*,*,#1313,.T.);
#1746 = ORIENTED_EDGE('',*,*,#1747,.T.);
#1747 = EDGE_CURVE('',#1306,#1748,#1750,.T.);
#1748 = VERTEX_POINT('',#1749);
#1749 = CARTESIAN_POINT('',(5.75,0.5,0.3));
#1750 = LINE('',#1751,#1752);
#1751 = CARTESIAN_POINT('',(5.75,2.35,1.));
#1752 = VECTOR('',#1753,1.);
#1753 = DIRECTION('',(-1.14539532148E-16,-0.935286257456,-0.353892097416
    ));
#1754 = ORIENTED_EDGE('',*,*,#1755,.T.);
#1755 = EDGE_CURVE('',#1748,#1723,#1756,.T.);
#1756 = LINE('',#1757,#1758);
#1757 = CARTESIAN_POINT('',(5.75,0.5,0.3));
#1758 = VECTOR('',#1759,1.);
#1759 = DIRECTION('',(-1.224646799147E-16,-1.,0.));
#1760 = ORIENTED_EDGE('',*,*,#1732,.T.);
#1761 = ORIENTED_EDGE('',*,*,#584,.T.);
#1762 = ORIENTED_EDGE('',*,*,#1763,.T.);
#1763 = EDGE_CURVE('',#577,#1314,#1764,.T.);
#1764 = LINE('',#1765,#1766);
#1765 = CARTESIAN_POINT('',(5.75,-3.4,0.));
#1766 = VECTOR('',#1767,1.);
#1767 = DIRECTION('',(1.224646799147E-16,1.,0.));
#1768 = PLANE('',#1769);
#1769 = AXIS2_PLACEMENT_3D('',#1770,#1771,#1772);
#1770 = CARTESIAN_POINT('',(5.75,-0.515451356496,0.330008245993));
#1771 = DIRECTION('',(1.,-1.224646799147E-16,-1.256256073143E-32));
#1772 = DIRECTION('',(-1.256256073143E-32,1.538469978883E-48,-1.));
#1773 = ADVANCED_FACE('',(#1774),#1785,.F.);
#1774 = FACE_BOUND('',#1775,.F.);
#1775 = EDGE_LOOP('',(#1776,#1782,#1783,#1784));
#1776 = ORIENTED_EDGE('',*,*,#1777,.T.);
#1777 = EDGE_CURVE('',#569,#1322,#1778,.T.);
#1778 = LINE('',#1779,#1780);
#1779 = CARTESIAN_POINT('',(6.75,-3.4,0.));
#1780 = VECTOR('',#1781,1.);
#1781 = DIRECTION('',(1.224646799147E-16,1.,0.));
#1782 = ORIENTED_EDGE('',*,*,#1321,.T.);
#1783 = ORIENTED_EDGE('',*,*,#1763,.F.);
#1784 = ORIENTED_EDGE('',*,*,#576,.T.);
#1785 = PLANE('',#1786);
#1786 = AXIS2_PLACEMENT_3D('',#1787,#1788,#1789);
#1787 = CARTESIAN_POINT('',(7.5,-0.525,0.));
#1788 = DIRECTION('',(0.,0.,1.));
#1789 = DIRECTION('',(-1.,1.224646799147E-16,0.));
#1790 = ADVANCED_FACE('',(#1791),#1818,.T.);
#1791 = FACE_BOUND('',#1792,.T.);
#1792 = EDGE_LOOP('',(#1793,#1794,#1802,#1810,#1816,#1817));
#1793 = ORIENTED_EDGE('',*,*,#1329,.T.);
#1794 = ORIENTED_EDGE('',*,*,#1795,.T.);
#1795 = EDGE_CURVE('',#1330,#1796,#1798,.T.);
#1796 = VERTEX_POINT('',#1797);
#1797 = CARTESIAN_POINT('',(6.75,0.5,0.3));
#1798 = LINE('',#1799,#1800);
#1799 = CARTESIAN_POINT('',(6.75,2.35,1.));
#1800 = VECTOR('',#1801,1.);
#1801 = DIRECTION('',(-1.14539532148E-16,-0.935286257456,-0.353892097416
    ));
#1802 = ORIENTED_EDGE('',*,*,#1803,.T.);
#1803 = EDGE_CURVE('',#1796,#1804,#1806,.T.);
#1804 = VERTEX_POINT('',#1805);
#1805 = CARTESIAN_POINT('',(6.75,-0.5,0.3));
#1806 = LINE('',#1807,#1808);
#1807 = CARTESIAN_POINT('',(6.75,0.5,0.3));
#1808 = VECTOR('',#1809,1.);
#1809 = DIRECTION('',(-1.224646799147E-16,-1.,0.));
#1810 = ORIENTED_EDGE('',*,*,#1811,.T.);
#1811 = EDGE_CURVE('',#1804,#561,#1812,.T.);
#1812 = LINE('',#1813,#1814);
#1813 = CARTESIAN_POINT('',(6.75,-0.5,0.3));
#1814 = VECTOR('',#1815,1.);
#1815 = DIRECTION('',(-1.190457365237E-16,-0.972082208573,0.234640533104
    ));
#1816 = ORIENTED_EDGE('',*,*,#568,.T.);
#1817 = ORIENTED_EDGE('',*,*,#1777,.T.);
#1818 = PLANE('',#1819);
#1819 = AXIS2_PLACEMENT_3D('',#1820,#1821,#1822);
#1820 = CARTESIAN_POINT('',(6.75,-0.515451356496,0.330008245993));
#1821 = DIRECTION('',(1.,-1.224646799147E-16,-1.256256073143E-32));
#1822 = DIRECTION('',(-1.256256073143E-32,1.538469978883E-48,-1.));
#1823 = ADVANCED_FACE('',(#1824),#1842,.F.);
#1824 = FACE_BOUND('',#1825,.F.);
#1825 = EDGE_LOOP('',(#1826,#1834,#1835,#1836));
#1826 = ORIENTED_EDGE('',*,*,#1827,.T.);
#1827 = EDGE_CURVE('',#1828,#1804,#1830,.T.);
#1828 = VERTEX_POINT('',#1829);
#1829 = CARTESIAN_POINT('',(8.25,-0.5,0.3));
#1830 = LINE('',#1831,#1832);
#1831 = CARTESIAN_POINT('',(8.25,-0.5,0.3));
#1832 = VECTOR('',#1833,1.);
#1833 = DIRECTION('',(-1.,1.224646799147E-16,0.));
#1834 = ORIENTED_EDGE('',*,*,#1811,.T.);
#1835 = ORIENTED_EDGE('',*,*,#560,.F.);
#1836 = ORIENTED_EDGE('',*,*,#1837,.F.);
#1837 = EDGE_CURVE('',#1828,#553,#1838,.T.);
#1838 = LINE('',#1839,#1840);
#1839 = CARTESIAN_POINT('',(8.25,-0.5,0.3));
#1840 = VECTOR('',#1841,1.);
#1841 = DIRECTION('',(-1.190457365237E-16,-0.972082208573,0.234640533104
    ));
#1842 = PLANE('',#1843);
#1843 = AXIS2_PLACEMENT_3D('',#1844,#1845,#1846);
#1844 = CARTESIAN_POINT('',(8.25,-0.5,0.3));
#1845 = DIRECTION('',(2.87351777816E-17,0.234640533104,0.972082208573));
#1846 = DIRECTION('',(-1.190457365237E-16,-0.972082208573,0.234640533104
    ));
#1847 = ADVANCED_FACE('',(#1848),#1873,.F.);
#1848 = FACE_BOUND('',#1849,.F.);
#1849 = EDGE_LOOP('',(#1850,#1851,#1859,#1865,#1866,#1867));
#1850 = ORIENTED_EDGE('',*,*,#1345,.T.);
#1851 = ORIENTED_EDGE('',*,*,#1852,.T.);
#1852 = EDGE_CURVE('',#1338,#1853,#1855,.T.);
#1853 = VERTEX_POINT('',#1854);
#1854 = CARTESIAN_POINT('',(8.25,0.5,0.3));
#1855 = LINE('',#1856,#1857);
#1856 = CARTESIAN_POINT('',(8.25,2.35,1.));
#1857 = VECTOR('',#1858,1.);
#1858 = DIRECTION('',(-1.14539532148E-16,-0.935286257456,-0.353892097416
    ));
#1859 = ORIENTED_EDGE('',*,*,#1860,.T.);
#1860 = EDGE_CURVE('',#1853,#1828,#1861,.T.);
#1861 = LINE('',#1862,#1863);
#1862 = CARTESIAN_POINT('',(8.25,0.5,0.3));
#1863 = VECTOR('',#1864,1.);
#1864 = DIRECTION('',(-1.224646799147E-16,-1.,0.));
#1865 = ORIENTED_EDGE('',*,*,#1837,.T.);
#1866 = ORIENTED_EDGE('',*,*,#552,.T.);
#1867 = ORIENTED_EDGE('',*,*,#1868,.T.);
#1868 = EDGE_CURVE('',#545,#1346,#1869,.T.);
#1869 = LINE('',#1870,#1871);
#1870 = CARTESIAN_POINT('',(8.25,-3.4,0.));
#1871 = VECTOR('',#1872,1.);
#1872 = DIRECTION('',(1.224646799147E-16,1.,0.));
#1873 = PLANE('',#1874);
#1874 = AXIS2_PLACEMENT_3D('',#1875,#1876,#1877);
#1875 = CARTESIAN_POINT('',(8.25,-0.515451356496,0.330008245993));
#1876 = DIRECTION('',(1.,-1.224646799147E-16,-1.256256073143E-32));
#1877 = DIRECTION('',(-1.256256073143E-32,1.538469978883E-48,-1.));
#1878 = ADVANCED_FACE('',(#1879),#1890,.F.);
#1879 = FACE_BOUND('',#1880,.F.);
#1880 = EDGE_LOOP('',(#1881,#1882,#1883,#1884));
#1881 = ORIENTED_EDGE('',*,*,#1353,.T.);
#1882 = ORIENTED_EDGE('',*,*,#1868,.F.);
#1883 = ORIENTED_EDGE('',*,*,#544,.T.);
#1884 = ORIENTED_EDGE('',*,*,#1885,.T.);
#1885 = EDGE_CURVE('',#537,#1354,#1886,.T.);
#1886 = LINE('',#1887,#1888);
#1887 = CARTESIAN_POINT('',(9.25,-3.4,0.));
#1888 = VECTOR('',#1889,1.);
#1889 = DIRECTION('',(1.224646799147E-16,1.,0.));
#1890 = PLANE('',#1891);
#1891 = AXIS2_PLACEMENT_3D('',#1892,#1893,#1894);
#1892 = CARTESIAN_POINT('',(7.5,-0.525,0.));
#1893 = DIRECTION('',(0.,0.,1.));
#1894 = DIRECTION('',(-1.,1.224646799147E-16,0.));
#1895 = ADVANCED_FACE('',(#1896),#1923,.T.);
#1896 = FACE_BOUND('',#1897,.T.);
#1897 = EDGE_LOOP('',(#1898,#1899,#1907,#1915,#1921,#1922));
#1898 = ORIENTED_EDGE('',*,*,#1361,.T.);
#1899 = ORIENTED_EDGE('',*,*,#1900,.T.);
#1900 = EDGE_CURVE('',#1362,#1901,#1903,.T.);
#1901 = VERTEX_POINT('',#1902);
#1902 = CARTESIAN_POINT('',(9.25,0.5,0.3));
#1903 = LINE('',#1904,#1905);
#1904 = CARTESIAN_POINT('',(9.25,2.35,1.));
#1905 = VECTOR('',#1906,1.);
#1906 = DIRECTION('',(-1.14539532148E-16,-0.935286257456,-0.353892097416
    ));
#1907 = ORIENTED_EDGE('',*,*,#1908,.T.);
#1908 = EDGE_CURVE('',#1901,#1909,#1911,.T.);
#1909 = VERTEX_POINT('',#1910);
#1910 = CARTESIAN_POINT('',(9.25,-0.5,0.3));
#1911 = LINE('',#1912,#1913);
#1912 = CARTESIAN_POINT('',(9.25,0.5,0.3));
#1913 = VECTOR('',#1914,1.);
#1914 = DIRECTION('',(-1.224646799147E-16,-1.,0.));
#1915 = ORIENTED_EDGE('',*,*,#1916,.T.);
#1916 = EDGE_CURVE('',#1909,#529,#1917,.T.);
#1917 = LINE('',#1918,#1919);
#1918 = CARTESIAN_POINT('',(9.25,-0.5,0.3));
#1919 = VECTOR('',#1920,1.);
#1920 = DIRECTION('',(-1.190457365237E-16,-0.972082208573,0.234640533104
    ));
#1921 = ORIENTED_EDGE('',*,*,#536,.T.);
#1922 = ORIENTED_EDGE('',*,*,#1885,.T.);
#1923 = PLANE('',#1924);
#1924 = AXIS2_PLACEMENT_3D('',#1925,#1926,#1927);
#1925 = CARTESIAN_POINT('',(9.25,-0.515451356496,0.330008245993));
#1926 = DIRECTION('',(1.,-1.224646799147E-16,-1.256256073143E-32));
#1927 = DIRECTION('',(-1.256256073143E-32,1.538469978883E-48,-1.));
#1928 = ADVANCED_FACE('',(#1929),#1947,.F.);
#1929 = FACE_BOUND('',#1930,.F.);
#1930 = EDGE_LOOP('',(#1931,#1939,#1940,#1941));
#1931 = ORIENTED_EDGE('',*,*,#1932,.T.);
#1932 = EDGE_CURVE('',#1933,#1909,#1935,.T.);
#1933 = VERTEX_POINT('',#1934);
#1934 = CARTESIAN_POINT('',(10.75,-0.5,0.3));
#1935 = LINE('',#1936,#1937);
#1936 = CARTESIAN_POINT('',(10.75,-0.5,0.3));
#1937 = VECTOR('',#1938,1.);
#1938 = DIRECTION('',(-1.,1.224646799147E-16,0.));
#1939 = ORIENTED_EDGE('',*,*,#1916,.T.);
#1940 = ORIENTED_EDGE('',*,*,#528,.F.);
#1941 = ORIENTED_EDGE('',*,*,#1942,.F.);
#1942 = EDGE_CURVE('',#1933,#521,#1943,.T.);
#1943 = LINE('',#1944,#1945);
#1944 = CARTESIAN_POINT('',(10.75,-0.5,0.3));
#1945 = VECTOR('',#1946,1.);
#1946 = DIRECTION('',(-1.190457365237E-16,-0.972082208573,0.234640533104
    ));
#1947 = PLANE('',#1948);
#1948 = AXIS2_PLACEMENT_3D('',#1949,#1950,#1951);
#1949 = CARTESIAN_POINT('',(10.75,-0.5,0.3));
#1950 = DIRECTION('',(2.87351777816E-17,0.234640533104,0.972082208573));
#1951 = DIRECTION('',(-1.190457365237E-16,-0.972082208573,0.234640533104
    ));
#1952 = ADVANCED_FACE('',(#1953),#1978,.F.);
#1953 = FACE_BOUND('',#1954,.F.);
#1954 = EDGE_LOOP('',(#1955,#1956,#1964,#1970,#1971,#1972));
#1955 = ORIENTED_EDGE('',*,*,#1377,.T.);
#1956 = ORIENTED_EDGE('',*,*,#1957,.T.);
#1957 = EDGE_CURVE('',#1370,#1958,#1960,.T.);
#1958 = VERTEX_POINT('',#1959);
#1959 = CARTESIAN_POINT('',(10.75,0.5,0.3));
#1960 = LINE('',#1961,#1962);
#1961 = CARTESIAN_POINT('',(10.75,2.35,1.));
#1962 = VECTOR('',#1963,1.);
#1963 = DIRECTION('',(-1.14539532148E-16,-0.935286257456,-0.353892097416
    ));
#1964 = ORIENTED_EDGE('',*,*,#1965,.T.);
#1965 = EDGE_CURVE('',#1958,#1933,#1966,.T.);
#1966 = LINE('',#1967,#1968);
#1967 = CARTESIAN_POINT('',(10.75,0.5,0.3));
#1968 = VECTOR('',#1969,1.);
#1969 = DIRECTION('',(-1.224646799147E-16,-1.,0.));
#1970 = ORIENTED_EDGE('',*,*,#1942,.T.);
#1971 = ORIENTED_EDGE('',*,*,#520,.T.);
#1972 = ORIENTED_EDGE('',*,*,#1973,.T.);
#1973 = EDGE_CURVE('',#513,#1378,#1974,.T.);
#1974 = LINE('',#1975,#1976);
#1975 = CARTESIAN_POINT('',(10.75,-3.4,0.));
#1976 = VECTOR('',#1977,1.);
#1977 = DIRECTION('',(1.224646799147E-16,1.,0.));
#1978 = PLANE('',#1979);
#1979 = AXIS2_PLACEMENT_3D('',#1980,#1981,#1982);
#1980 = CARTESIAN_POINT('',(10.75,-0.515451356496,0.330008245993));
#1981 = DIRECTION('',(1.,-1.224646799147E-16,-1.256256073143E-32));
#1982 = DIRECTION('',(-1.256256073143E-32,1.538469978883E-48,-1.));
#1983 = ADVANCED_FACE('',(#1984),#1995,.F.);
#1984 = FACE_BOUND('',#1985,.F.);
#1985 = EDGE_LOOP('',(#1986,#1987,#1988,#1994));
#1986 = ORIENTED_EDGE('',*,*,#1973,.F.);
#1987 = ORIENTED_EDGE('',*,*,#512,.T.);
#1988 = ORIENTED_EDGE('',*,*,#1989,.T.);
#1989 = EDGE_CURVE('',#505,#1386,#1990,.T.);
#1990 = LINE('',#1991,#1992);
#1991 = CARTESIAN_POINT('',(11.75,-3.4,0.));
#1992 = VECTOR('',#1993,1.);
#1993 = DIRECTION('',(1.224646799147E-16,1.,0.));
#1994 = ORIENTED_EDGE('',*,*,#1385,.T.);
#1995 = PLANE('',#1996);
#1996 = AXIS2_PLACEMENT_3D('',#1997,#1998,#1999);
#1997 = CARTESIAN_POINT('',(7.5,-0.525,0.));
#1998 = DIRECTION('',(0.,0.,1.));
#1999 = DIRECTION('',(-1.,1.224646799147E-16,0.));
#2000 = ADVANCED_FACE('',(#2001),#2028,.T.);
#2001 = FACE_BOUND('',#2002,.T.);
#2002 = EDGE_LOOP('',(#2003,#2004,#2012,#2020,#2026,#2027));
#2003 = ORIENTED_EDGE('',*,*,#1393,.T.);
#2004 = ORIENTED_EDGE('',*,*,#2005,.T.);
#2005 = EDGE_CURVE('',#1394,#2006,#2008,.T.);
#2006 = VERTEX_POINT('',#2007);
#2007 = CARTESIAN_POINT('',(11.75,0.5,0.3));
#2008 = LINE('',#2009,#2010);
#2009 = CARTESIAN_POINT('',(11.75,2.35,1.));
#2010 = VECTOR('',#2011,1.);
#2011 = DIRECTION('',(-1.14539532148E-16,-0.935286257456,-0.353892097416
    ));
#2012 = ORIENTED_EDGE('',*,*,#2013,.T.);
#2013 = EDGE_CURVE('',#2006,#2014,#2016,.T.);
#2014 = VERTEX_POINT('',#2015);
#2015 = CARTESIAN_POINT('',(11.75,-0.5,0.3));
#2016 = LINE('',#2017,#2018);
#2017 = CARTESIAN_POINT('',(11.75,0.5,0.3));
#2018 = VECTOR('',#2019,1.);
#2019 = DIRECTION('',(-1.224646799147E-16,-1.,0.));
#2020 = ORIENTED_EDGE('',*,*,#2021,.T.);
#2021 = EDGE_CURVE('',#2014,#497,#2022,.T.);
#2022 = LINE('',#2023,#2024);
#2023 = CARTESIAN_POINT('',(11.75,-0.5,0.3));
#2024 = VECTOR('',#2025,1.);
#2025 = DIRECTION('',(-1.190457365237E-16,-0.972082208573,0.234640533104
    ));
#2026 = ORIENTED_EDGE('',*,*,#504,.T.);
#2027 = ORIENTED_EDGE('',*,*,#1989,.T.);
#2028 = PLANE('',#2029);
#2029 = AXIS2_PLACEMENT_3D('',#2030,#2031,#2032);
#2030 = CARTESIAN_POINT('',(11.75,-0.515451356496,0.330008245993));
#2031 = DIRECTION('',(1.,-1.224646799147E-16,-1.256256073143E-32));
#2032 = DIRECTION('',(-1.256256073143E-32,1.538469978883E-48,-1.));
#2033 = ADVANCED_FACE('',(#2034),#2052,.F.);
#2034 = FACE_BOUND('',#2035,.F.);
#2035 = EDGE_LOOP('',(#2036,#2044,#2045,#2046));
#2036 = ORIENTED_EDGE('',*,*,#2037,.T.);
#2037 = EDGE_CURVE('',#2038,#2014,#2040,.T.);
#2038 = VERTEX_POINT('',#2039);
#2039 = CARTESIAN_POINT('',(13.25,-0.5,0.3));
#2040 = LINE('',#2041,#2042);
#2041 = CARTESIAN_POINT('',(13.25,-0.5,0.3));
#2042 = VECTOR('',#2043,1.);
#2043 = DIRECTION('',(-1.,1.224646799147E-16,0.));
#2044 = ORIENTED_EDGE('',*,*,#2021,.T.);
#2045 = ORIENTED_EDGE('',*,*,#496,.F.);
#2046 = ORIENTED_EDGE('',*,*,#2047,.F.);
#2047 = EDGE_CURVE('',#2038,#489,#2048,.T.);
#2048 = LINE('',#2049,#2050);
#2049 = CARTESIAN_POINT('',(13.25,-0.5,0.3));
#2050 = VECTOR('',#2051,1.);
#2051 = DIRECTION('',(-1.190457365237E-16,-0.972082208573,0.234640533104
    ));
#2052 = PLANE('',#2053);
#2053 = AXIS2_PLACEMENT_3D('',#2054,#2055,#2056);
#2054 = CARTESIAN_POINT('',(13.25,-0.5,0.3));
#2055 = DIRECTION('',(2.87351777816E-17,0.234640533104,0.972082208573));
#2056 = DIRECTION('',(-1.190457365237E-16,-0.972082208573,0.234640533104
    ));
#2057 = ADVANCED_FACE('',(#2058),#2083,.F.);
#2058 = FACE_BOUND('',#2059,.F.);
#2059 = EDGE_LOOP('',(#2060,#2061,#2069,#2075,#2076,#2077));
#2060 = ORIENTED_EDGE('',*,*,#1409,.T.);
#2061 = ORIENTED_EDGE('',*,*,#2062,.T.);
#2062 = EDGE_CURVE('',#1402,#2063,#2065,.T.);
#2063 = VERTEX_POINT('',#2064);
#2064 = CARTESIAN_POINT('',(13.25,0.5,0.3));
#2065 = LINE('',#2066,#2067);
#2066 = CARTESIAN_POINT('',(13.25,2.35,1.));
#2067 = VECTOR('',#2068,1.);
#2068 = DIRECTION('',(-1.14539532148E-16,-0.935286257456,-0.353892097416
    ));
#2069 = ORIENTED_EDGE('',*,*,#2070,.T.);
#2070 = EDGE_CURVE('',#2063,#2038,#2071,.T.);
#2071 = LINE('',#2072,#2073);
#2072 = CARTESIAN_POINT('',(13.25,0.5,0.3));
#2073 = VECTOR('',#2074,1.);
#2074 = DIRECTION('',(-1.224646799147E-16,-1.,0.));
#2075 = ORIENTED_EDGE('',*,*,#2047,.T.);
#2076 = ORIENTED_EDGE('',*,*,#488,.T.);
#2077 = ORIENTED_EDGE('',*,*,#2078,.T.);
#2078 = EDGE_CURVE('',#481,#1410,#2079,.T.);
#2079 = LINE('',#2080,#2081);
#2080 = CARTESIAN_POINT('',(13.25,-3.4,0.));
#2081 = VECTOR('',#2082,1.);
#2082 = DIRECTION('',(1.224646799147E-16,1.,0.));
#2083 = PLANE('',#2084);
#2084 = AXIS2_PLACEMENT_3D('',#2085,#2086,#2087);
#2085 = CARTESIAN_POINT('',(13.25,-0.515451356496,0.330008245993));
#2086 = DIRECTION('',(1.,-1.224646799147E-16,-1.256256073143E-32));
#2087 = DIRECTION('',(-1.256256073143E-32,1.538469978883E-48,-1.));
#2088 = ADVANCED_FACE('',(#2089),#2100,.F.);
#2089 = FACE_BOUND('',#2090,.F.);
#2090 = EDGE_LOOP('',(#2091,#2092,#2098,#2099));
#2091 = ORIENTED_EDGE('',*,*,#480,.T.);
#2092 = ORIENTED_EDGE('',*,*,#2093,.T.);
#2093 = EDGE_CURVE('',#473,#1418,#2094,.T.);
#2094 = LINE('',#2095,#2096);
#2095 = CARTESIAN_POINT('',(14.25,-3.4,0.));
#2096 = VECTOR('',#2097,1.);
#2097 = DIRECTION('',(1.224646799147E-16,1.,0.));
#2098 = ORIENTED_EDGE('',*,*,#1417,.T.);
#2099 = ORIENTED_EDGE('',*,*,#2078,.F.);
#2100 = PLANE('',#2101);
#2101 = AXIS2_PLACEMENT_3D('',#2102,#2103,#2104);
#2102 = CARTESIAN_POINT('',(7.5,-0.525,0.));
#2103 = DIRECTION('',(0.,0.,1.));
#2104 = DIRECTION('',(-1.,1.224646799147E-16,0.));
#2105 = ADVANCED_FACE('',(#2106),#2133,.T.);
#2106 = FACE_BOUND('',#2107,.T.);
#2107 = EDGE_LOOP('',(#2108,#2109,#2117,#2125,#2131,#2132));
#2108 = ORIENTED_EDGE('',*,*,#1425,.T.);
#2109 = ORIENTED_EDGE('',*,*,#2110,.T.);
#2110 = EDGE_CURVE('',#1426,#2111,#2113,.T.);
#2111 = VERTEX_POINT('',#2112);
#2112 = CARTESIAN_POINT('',(14.25,0.5,0.3));
#2113 = LINE('',#2114,#2115);
#2114 = CARTESIAN_POINT('',(14.25,2.35,1.));
#2115 = VECTOR('',#2116,1.);
#2116 = DIRECTION('',(-1.14539532148E-16,-0.935286257456,-0.353892097416
    ));
#2117 = ORIENTED_EDGE('',*,*,#2118,.T.);
#2118 = EDGE_CURVE('',#2111,#2119,#2121,.T.);
#2119 = VERTEX_POINT('',#2120);
#2120 = CARTESIAN_POINT('',(14.25,-0.5,0.3));
#2121 = LINE('',#2122,#2123);
#2122 = CARTESIAN_POINT('',(14.25,0.5,0.3));
#2123 = VECTOR('',#2124,1.);
#2124 = DIRECTION('',(-1.224646799147E-16,-1.,0.));
#2125 = ORIENTED_EDGE('',*,*,#2126,.T.);
#2126 = EDGE_CURVE('',#2119,#465,#2127,.T.);
#2127 = LINE('',#2128,#2129);
#2128 = CARTESIAN_POINT('',(14.25,-0.5,0.3));
#2129 = VECTOR('',#2130,1.);
#2130 = DIRECTION('',(-1.190457365237E-16,-0.972082208573,0.234640533104
    ));
#2131 = ORIENTED_EDGE('',*,*,#472,.T.);
#2132 = ORIENTED_EDGE('',*,*,#2093,.T.);
#2133 = PLANE('',#2134);
#2134 = AXIS2_PLACEMENT_3D('',#2135,#2136,#2137);
#2135 = CARTESIAN_POINT('',(14.25,-0.515451356496,0.330008245993));
#2136 = DIRECTION('',(1.,-1.224646799147E-16,-1.256256073143E-32));
#2137 = DIRECTION('',(-1.256256073143E-32,1.538469978883E-48,-1.));
#2138 = ADVANCED_FACE('',(#2139),#2157,.F.);
#2139 = FACE_BOUND('',#2140,.F.);
#2140 = EDGE_LOOP('',(#2141,#2149,#2150,#2151));
#2141 = ORIENTED_EDGE('',*,*,#2142,.T.);
#2142 = EDGE_CURVE('',#2143,#2119,#2145,.T.);
#2143 = VERTEX_POINT('',#2144);
#2144 = CARTESIAN_POINT('',(15.75,-0.5,0.3));
#2145 = LINE('',#2146,#2147);
#2146 = CARTESIAN_POINT('',(15.75,-0.5,0.3));
#2147 = VECTOR('',#2148,1.);
#2148 = DIRECTION('',(-1.,1.224646799147E-16,0.));
#2149 = ORIENTED_EDGE('',*,*,#2126,.T.);
#2150 = ORIENTED_EDGE('',*,*,#464,.F.);
#2151 = ORIENTED_EDGE('',*,*,#2152,.F.);
#2152 = EDGE_CURVE('',#2143,#457,#2153,.T.);
#2153 = LINE('',#2154,#2155);
#2154 = CARTESIAN_POINT('',(15.75,-0.5,0.3));
#2155 = VECTOR('',#2156,1.);
#2156 = DIRECTION('',(-1.190457365237E-16,-0.972082208573,0.234640533104
    ));
#2157 = PLANE('',#2158);
#2158 = AXIS2_PLACEMENT_3D('',#2159,#2160,#2161);
#2159 = CARTESIAN_POINT('',(15.75,-0.5,0.3));
#2160 = DIRECTION('',(2.87351777816E-17,0.234640533104,0.972082208573));
#2161 = DIRECTION('',(-1.190457365237E-16,-0.972082208573,0.234640533104
    ));
#2162 = ADVANCED_FACE('',(#2163),#2188,.F.);
#2163 = FACE_BOUND('',#2164,.F.);
#2164 = EDGE_LOOP('',(#2165,#2166,#2174,#2180,#2181,#2182));
#2165 = ORIENTED_EDGE('',*,*,#1441,.T.);
#2166 = ORIENTED_EDGE('',*,*,#2167,.T.);
#2167 = EDGE_CURVE('',#1434,#2168,#2170,.T.);
#2168 = VERTEX_POINT('',#2169);
#2169 = CARTESIAN_POINT('',(15.75,0.5,0.3));
#2170 = LINE('',#2171,#2172);
#2171 = CARTESIAN_POINT('',(15.75,2.35,1.));
#2172 = VECTOR('',#2173,1.);
#2173 = DIRECTION('',(-1.14539532148E-16,-0.935286257456,-0.353892097416
    ));
#2174 = ORIENTED_EDGE('',*,*,#2175,.T.);
#2175 = EDGE_CURVE('',#2168,#2143,#2176,.T.);
#2176 = LINE('',#2177,#2178);
#2177 = CARTESIAN_POINT('',(15.75,0.5,0.3));
#2178 = VECTOR('',#2179,1.);
#2179 = DIRECTION('',(-1.224646799147E-16,-1.,0.));
#2180 = ORIENTED_EDGE('',*,*,#2152,.T.);
#2181 = ORIENTED_EDGE('',*,*,#456,.T.);
#2182 = ORIENTED_EDGE('',*,*,#2183,.T.);
#2183 = EDGE_CURVE('',#449,#1094,#2184,.T.);
#2184 = LINE('',#2185,#2186);
#2185 = CARTESIAN_POINT('',(15.75,-3.4,0.));
#2186 = VECTOR('',#2187,1.);
#2187 = DIRECTION('',(1.224646799147E-16,1.,0.));
#2188 = PLANE('',#2189);
#2189 = AXIS2_PLACEMENT_3D('',#2190,#2191,#2192);
#2190 = CARTESIAN_POINT('',(15.75,-0.515451356496,0.330008245993));
#2191 = DIRECTION('',(1.,-1.224646799147E-16,-1.256256073143E-32));
#2192 = DIRECTION('',(-1.256256073143E-32,1.538469978883E-48,-1.));
#2193 = ADVANCED_FACE('',(#2194),#2200,.F.);
#2194 = FACE_BOUND('',#2195,.F.);
#2195 = EDGE_LOOP('',(#2196,#2197,#2198,#2199));
#2196 = ORIENTED_EDGE('',*,*,#702,.T.);
#2197 = ORIENTED_EDGE('',*,*,#1093,.T.);
#2198 = ORIENTED_EDGE('',*,*,#2183,.F.);
#2199 = ORIENTED_EDGE('',*,*,#448,.T.);
#2200 = PLANE('',#2201);
#2201 = AXIS2_PLACEMENT_3D('',#2202,#2203,#2204);
#2202 = CARTESIAN_POINT('',(7.5,-0.525,0.));
#2203 = DIRECTION('',(0.,0.,1.));
#2204 = DIRECTION('',(-1.,1.224646799147E-16,0.));
#2205 = ADVANCED_FACE('',(#2206),#2233,.F.);
#2206 = FACE_BOUND('',#2207,.F.);
#2207 = EDGE_LOOP('',(#2208,#2209,#2210,#2211,#2217,#2218,#2227));
#2208 = ORIENTED_EDGE('',*,*,#777,.T.);
#2209 = ORIENTED_EDGE('',*,*,#688,.F.);
#2210 = ORIENTED_EDGE('',*,*,#1464,.T.);
#2211 = ORIENTED_EDGE('',*,*,#2212,.T.);
#2212 = EDGE_CURVE('',#1457,#1040,#2213,.T.);
#2213 = LINE('',#2214,#2215);
#2214 = CARTESIAN_POINT('',(16.6,-2.65,1.85));
#2215 = VECTOR('',#2216,1.);
#2216 = DIRECTION('',(1.224646799147E-16,1.,0.));
#2217 = ORIENTED_EDGE('',*,*,#1047,.F.);
#2218 = ORIENTED_EDGE('',*,*,#2219,.F.);
#2219 = EDGE_CURVE('',#2220,#1048,#2222,.T.);
#2220 = VERTEX_POINT('',#2221);
#2221 = CARTESIAN_POINT('',(16.6,1.,3.65));
#2222 = CIRCLE('',#2223,0.5);
#2223 = AXIS2_PLACEMENT_3D('',#2224,#2225,#2226);
#2224 = CARTESIAN_POINT('',(16.6,1.,4.15));
#2225 = DIRECTION('',(1.,-1.224646799147E-16,0.));
#2226 = DIRECTION('',(1.224646799147E-16,1.,0.));
#2227 = ORIENTED_EDGE('',*,*,#2228,.T.);
#2228 = EDGE_CURVE('',#2220,#770,#2229,.T.);
#2229 = LINE('',#2230,#2231);
#2230 = CARTESIAN_POINT('',(16.6,-0.825,3.65));
#2231 = VECTOR('',#2232,1.);
#2232 = DIRECTION('',(-1.224646799147E-16,-1.,0.));
#2233 = PLANE('',#2234);
#2234 = AXIS2_PLACEMENT_3D('',#2235,#2236,#2237);
#2235 = CARTESIAN_POINT('',(16.6,-2.65,7.));
#2236 = DIRECTION('',(1.,-1.224646799147E-16,0.));
#2237 = DIRECTION('',(1.224646799147E-16,1.,0.));
#2238 = ADVANCED_FACE('',(#2239),#2250,.T.);
#2239 = FACE_BOUND('',#2240,.T.);
#2240 = EDGE_LOOP('',(#2241,#2242,#2243,#2244));
#2241 = ORIENTED_EDGE('',*,*,#900,.F.);
#2242 = ORIENTED_EDGE('',*,*,#745,.T.);
#2243 = ORIENTED_EDGE('',*,*,#1102,.T.);
#2244 = ORIENTED_EDGE('',*,*,#2245,.T.);
#2245 = EDGE_CURVE('',#1103,#901,#2246,.T.);
#2246 = LINE('',#2247,#2248);
#2247 = CARTESIAN_POINT('',(15.5,2.35,7.));
#2248 = VECTOR('',#2249,1.);
#2249 = DIRECTION('',(-1.224646799147E-16,-1.,0.));
#2250 = PLANE('',#2251);
#2251 = AXIS2_PLACEMENT_3D('',#2252,#2253,#2254);
#2252 = CARTESIAN_POINT('',(7.5,-0.525,7.));
#2253 = DIRECTION('',(0.,0.,1.));
#2254 = DIRECTION('',(-1.,1.224646799147E-16,0.));
#2255 = ADVANCED_FACE('',(#2256),#2267,.F.);
#2256 = FACE_BOUND('',#2257,.F.);
#2257 = EDGE_LOOP('',(#2258,#2264,#2265,#2266));
#2258 = ORIENTED_EDGE('',*,*,#2259,.T.);
#2259 = EDGE_CURVE('',#721,#2220,#2260,.T.);
#2260 = LINE('',#2261,#2262);
#2261 = CARTESIAN_POINT('',(17.45,1.,3.65));
#2262 = VECTOR('',#2263,1.);
#2263 = DIRECTION('',(-1.,1.224646799147E-16,0.));
#2264 = ORIENTED_EDGE('',*,*,#2219,.T.);
#2265 = ORIENTED_EDGE('',*,*,#1055,.F.);
#2266 = ORIENTED_EDGE('',*,*,#728,.T.);
#2267 = CYLINDRICAL_SURFACE('',#2268,0.5);
#2268 = AXIS2_PLACEMENT_3D('',#2269,#2270,#2271);
#2269 = CARTESIAN_POINT('',(17.45,1.,4.15));
#2270 = DIRECTION('',(1.,-1.224646799147E-16,-0.));
#2271 = DIRECTION('',(1.224646799147E-16,1.,0.));
#2272 = ADVANCED_FACE('',(#2273),#2279,.T.);
#2273 = FACE_BOUND('',#2274,.T.);
#2274 = EDGE_LOOP('',(#2275,#2276,#2277,#2278));
#2275 = ORIENTED_EDGE('',*,*,#720,.F.);
#2276 = ORIENTED_EDGE('',*,*,#2259,.T.);
#2277 = ORIENTED_EDGE('',*,*,#2228,.T.);
#2278 = ORIENTED_EDGE('',*,*,#769,.F.);
#2279 = PLANE('',#2280);
#2280 = AXIS2_PLACEMENT_3D('',#2281,#2282,#2283);
#2281 = CARTESIAN_POINT('',(17.45,1.,3.65));
#2282 = DIRECTION('',(0.,0.,1.));
#2283 = DIRECTION('',(-1.224646799147E-16,-1.,0.));
#2284 = ADVANCED_FACE('',(#2285,#2291,#2325,#2359,#2393,#2427,#2461,
    #2495),#2529,.T.);
#2285 = FACE_BOUND('',#2286,.T.);
#2286 = EDGE_LOOP('',(#2287,#2288,#2289,#2290));
#2287 = ORIENTED_EDGE('',*,*,#1039,.T.);
#2288 = ORIENTED_EDGE('',*,*,#818,.T.);
#2289 = ORIENTED_EDGE('',*,*,#1456,.T.);
#2290 = ORIENTED_EDGE('',*,*,#2212,.T.);
#2291 = FACE_BOUND('',#2292,.T.);
#2292 = EDGE_LOOP('',(#2293,#2303,#2311,#2319));
#2293 = ORIENTED_EDGE('',*,*,#2294,.T.);
#2294 = EDGE_CURVE('',#2295,#2297,#2299,.T.);
#2295 = VERTEX_POINT('',#2296);
#2296 = CARTESIAN_POINT('',(9.68,0.32,1.85));
#2297 = VERTEX_POINT('',#2298);
#2298 = CARTESIAN_POINT('',(10.32,0.32,1.85));
#2299 = LINE('',#2300,#2301);
#2300 = CARTESIAN_POINT('',(8.91,0.32,1.85));
#2301 = VECTOR('',#2302,1.);
#2302 = DIRECTION('',(1.,-1.224646799147E-16,-4.654389882564E-32));
#2303 = ORIENTED_EDGE('',*,*,#2304,.T.);
#2304 = EDGE_CURVE('',#2297,#2305,#2307,.T.);
#2305 = VERTEX_POINT('',#2306);
#2306 = CARTESIAN_POINT('',(10.32,-0.32,1.85));
#2307 = LINE('',#2308,#2309);
#2308 = CARTESIAN_POINT('',(10.32,-0.2875,1.85));
#2309 = VECTOR('',#2310,1.);
#2310 = DIRECTION('',(-1.224646799147E-16,-1.,0.));
#2311 = ORIENTED_EDGE('',*,*,#2312,.T.);
#2312 = EDGE_CURVE('',#2305,#2313,#2315,.T.);
#2313 = VERTEX_POINT('',#2314);
#2314 = CARTESIAN_POINT('',(9.68,-0.32,1.85));
#2315 = LINE('',#2316,#2317);
#2316 = CARTESIAN_POINT('',(8.91,-0.32,1.85));
#2317 = VECTOR('',#2318,1.);
#2318 = DIRECTION('',(-1.,1.224646799147E-16,4.654389882564E-32));
#2319 = ORIENTED_EDGE('',*,*,#2320,.F.);
#2320 = EDGE_CURVE('',#2295,#2313,#2321,.T.);
#2321 = LINE('',#2322,#2323);
#2322 = CARTESIAN_POINT('',(9.68,-0.2875,1.85));
#2323 = VECTOR('',#2324,1.);
#2324 = DIRECTION('',(-1.224646799147E-16,-1.,0.));
#2325 = FACE_BOUND('',#2326,.T.);
#2326 = EDGE_LOOP('',(#2327,#2337,#2345,#2353));
#2327 = ORIENTED_EDGE('',*,*,#2328,.T.);
#2328 = EDGE_CURVE('',#2329,#2331,#2333,.T.);
#2329 = VERTEX_POINT('',#2330);
#2330 = CARTESIAN_POINT('',(7.18,0.32,1.85));
#2331 = VERTEX_POINT('',#2332);
#2332 = CARTESIAN_POINT('',(7.82,0.32,1.85));
#2333 = LINE('',#2334,#2335);
#2334 = CARTESIAN_POINT('',(7.66,0.32,1.85));
#2335 = VECTOR('',#2336,1.);
#2336 = DIRECTION('',(1.,-1.224646799147E-16,-4.654389882564E-32));
#2337 = ORIENTED_EDGE('',*,*,#2338,.T.);
#2338 = EDGE_CURVE('',#2331,#2339,#2341,.T.);
#2339 = VERTEX_POINT('',#2340);
#2340 = CARTESIAN_POINT('',(7.82,-0.32,1.85));
#2341 = LINE('',#2342,#2343);
#2342 = CARTESIAN_POINT('',(7.82,-0.2875,1.85));
#2343 = VECTOR('',#2344,1.);
#2344 = DIRECTION('',(-1.224646799147E-16,-1.,0.));
#2345 = ORIENTED_EDGE('',*,*,#2346,.T.);
#2346 = EDGE_CURVE('',#2339,#2347,#2349,.T.);
#2347 = VERTEX_POINT('',#2348);
#2348 = CARTESIAN_POINT('',(7.18,-0.32,1.85));
#2349 = LINE('',#2350,#2351);
#2350 = CARTESIAN_POINT('',(7.66,-0.32,1.85));
#2351 = VECTOR('',#2352,1.);
#2352 = DIRECTION('',(-1.,1.224646799147E-16,4.654389882564E-32));
#2353 = ORIENTED_EDGE('',*,*,#2354,.F.);
#2354 = EDGE_CURVE('',#2329,#2347,#2355,.T.);
#2355 = LINE('',#2356,#2357);
#2356 = CARTESIAN_POINT('',(7.18,-0.2875,1.85));
#2357 = VECTOR('',#2358,1.);
#2358 = DIRECTION('',(-1.224646799147E-16,-1.,0.));
#2359 = FACE_BOUND('',#2360,.T.);
#2360 = EDGE_LOOP('',(#2361,#2371,#2379,#2387));
#2361 = ORIENTED_EDGE('',*,*,#2362,.F.);
#2362 = EDGE_CURVE('',#2363,#2365,#2367,.T.);
#2363 = VERTEX_POINT('',#2364);
#2364 = CARTESIAN_POINT('',(4.68,0.32,1.85));
#2365 = VERTEX_POINT('',#2366);
#2366 = CARTESIAN_POINT('',(4.68,-0.32,1.85));
#2367 = LINE('',#2368,#2369);
#2368 = CARTESIAN_POINT('',(4.68,-0.2875,1.85));
#2369 = VECTOR('',#2370,1.);
#2370 = DIRECTION('',(-1.224646799147E-16,-1.,0.));
#2371 = ORIENTED_EDGE('',*,*,#2372,.T.);
#2372 = EDGE_CURVE('',#2363,#2373,#2375,.T.);
#2373 = VERTEX_POINT('',#2374);
#2374 = CARTESIAN_POINT('',(5.32,0.32,1.85));
#2375 = LINE('',#2376,#2377);
#2376 = CARTESIAN_POINT('',(6.41,0.32,1.85));
#2377 = VECTOR('',#2378,1.);
#2378 = DIRECTION('',(1.,-1.224646799147E-16,-4.654389882564E-32));
#2379 = ORIENTED_EDGE('',*,*,#2380,.T.);
#2380 = EDGE_CURVE('',#2373,#2381,#2383,.T.);
#2381 = VERTEX_POINT('',#2382);
#2382 = CARTESIAN_POINT('',(5.32,-0.32,1.85));
#2383 = LINE('',#2384,#2385);
#2384 = CARTESIAN_POINT('',(5.32,-0.2875,1.85));
#2385 = VECTOR('',#2386,1.);
#2386 = DIRECTION('',(-1.224646799147E-16,-1.,0.));
#2387 = ORIENTED_EDGE('',*,*,#2388,.T.);
#2388 = EDGE_CURVE('',#2381,#2365,#2389,.T.);
#2389 = LINE('',#2390,#2391);
#2390 = CARTESIAN_POINT('',(6.41,-0.32,1.85));
#2391 = VECTOR('',#2392,1.);
#2392 = DIRECTION('',(-1.,1.224646799147E-16,4.654389882564E-32));
#2393 = FACE_BOUND('',#2394,.T.);
#2394 = EDGE_LOOP('',(#2395,#2405,#2413,#2421));
#2395 = ORIENTED_EDGE('',*,*,#2396,.F.);
#2396 = EDGE_CURVE('',#2397,#2399,#2401,.T.);
#2397 = VERTEX_POINT('',#2398);
#2398 = CARTESIAN_POINT('',(2.18,0.32,1.85));
#2399 = VERTEX_POINT('',#2400);
#2400 = CARTESIAN_POINT('',(2.18,-0.32,1.85));
#2401 = LINE('',#2402,#2403);
#2402 = CARTESIAN_POINT('',(2.18,-0.2875,1.85));
#2403 = VECTOR('',#2404,1.);
#2404 = DIRECTION('',(-1.224646799147E-16,-1.,0.));
#2405 = ORIENTED_EDGE('',*,*,#2406,.T.);
#2406 = EDGE_CURVE('',#2397,#2407,#2409,.T.);
#2407 = VERTEX_POINT('',#2408);
#2408 = CARTESIAN_POINT('',(2.82,0.32,1.85));
#2409 = LINE('',#2410,#2411);
#2410 = CARTESIAN_POINT('',(5.16,0.32,1.85));
#2411 = VECTOR('',#2412,1.);
#2412 = DIRECTION('',(1.,-1.224646799147E-16,-4.654389882564E-32));
#2413 = ORIENTED_EDGE('',*,*,#2414,.T.);
#2414 = EDGE_CURVE('',#2407,#2415,#2417,.T.);
#2415 = VERTEX_POINT('',#2416);
#2416 = CARTESIAN_POINT('',(2.82,-0.32,1.85));
#2417 = LINE('',#2418,#2419);
#2418 = CARTESIAN_POINT('',(2.82,-0.2875,1.85));
#2419 = VECTOR('',#2420,1.);
#2420 = DIRECTION('',(-1.224646799147E-16,-1.,0.));
#2421 = ORIENTED_EDGE('',*,*,#2422,.T.);
#2422 = EDGE_CURVE('',#2415,#2399,#2423,.T.);
#2423 = LINE('',#2424,#2425);
#2424 = CARTESIAN_POINT('',(5.16,-0.32,1.85));
#2425 = VECTOR('',#2426,1.);
#2426 = DIRECTION('',(-1.,1.224646799147E-16,4.654389882564E-32));
#2427 = FACE_BOUND('',#2428,.T.);
#2428 = EDGE_LOOP('',(#2429,#2439,#2447,#2455));
#2429 = ORIENTED_EDGE('',*,*,#2430,.F.);
#2430 = EDGE_CURVE('',#2431,#2433,#2435,.T.);
#2431 = VERTEX_POINT('',#2432);
#2432 = CARTESIAN_POINT('',(12.18,0.32,1.85));
#2433 = VERTEX_POINT('',#2434);
#2434 = CARTESIAN_POINT('',(12.18,-0.32,1.85));
#2435 = LINE('',#2436,#2437);
#2436 = CARTESIAN_POINT('',(12.18,-0.2875,1.85));
#2437 = VECTOR('',#2438,1.);
#2438 = DIRECTION('',(-1.224646799147E-16,-1.,0.));
#2439 = ORIENTED_EDGE('',*,*,#2440,.T.);
#2440 = EDGE_CURVE('',#2431,#2441,#2443,.T.);
#2441 = VERTEX_POINT('',#2442);
#2442 = CARTESIAN_POINT('',(12.82,0.32,1.85));
#2443 = LINE('',#2444,#2445);
#2444 = CARTESIAN_POINT('',(10.16,0.32,1.85));
#2445 = VECTOR('',#2446,1.);
#2446 = DIRECTION('',(1.,-1.224646799147E-16,-4.654389882564E-32));
#2447 = ORIENTED_EDGE('',*,*,#2448,.T.);
#2448 = EDGE_CURVE('',#2441,#2449,#2451,.T.);
#2449 = VERTEX_POINT('',#2450);
#2450 = CARTESIAN_POINT('',(12.82,-0.32,1.85));
#2451 = LINE('',#2452,#2453);
#2452 = CARTESIAN_POINT('',(12.82,-0.2875,1.85));
#2453 = VECTOR('',#2454,1.);
#2454 = DIRECTION('',(-1.224646799147E-16,-1.,0.));
#2455 = ORIENTED_EDGE('',*,*,#2456,.T.);
#2456 = EDGE_CURVE('',#2449,#2433,#2457,.T.);
#2457 = LINE('',#2458,#2459);
#2458 = CARTESIAN_POINT('',(10.16,-0.32,1.85));
#2459 = VECTOR('',#2460,1.);
#2460 = DIRECTION('',(-1.,1.224646799147E-16,4.654389882564E-32));
#2461 = FACE_BOUND('',#2462,.T.);
#2462 = EDGE_LOOP('',(#2463,#2473,#2481,#2489));
#2463 = ORIENTED_EDGE('',*,*,#2464,.T.);
#2464 = EDGE_CURVE('',#2465,#2467,#2469,.T.);
#2465 = VERTEX_POINT('',#2466);
#2466 = CARTESIAN_POINT('',(14.68,0.32,1.85));
#2467 = VERTEX_POINT('',#2468);
#2468 = CARTESIAN_POINT('',(15.32,0.32,1.85));
#2469 = LINE('',#2470,#2471);
#2470 = CARTESIAN_POINT('',(11.41,0.32,1.85));
#2471 = VECTOR('',#2472,1.);
#2472 = DIRECTION('',(1.,-1.224646799147E-16,-4.654389882564E-32));
#2473 = ORIENTED_EDGE('',*,*,#2474,.T.);
#2474 = EDGE_CURVE('',#2467,#2475,#2477,.T.);
#2475 = VERTEX_POINT('',#2476);
#2476 = CARTESIAN_POINT('',(15.32,-0.32,1.85));
#2477 = LINE('',#2478,#2479);
#2478 = CARTESIAN_POINT('',(15.32,-0.26920299558,1.85));
#2479 = VECTOR('',#2480,1.);
#2480 = DIRECTION('',(-1.224646799147E-16,-1.,0.));
#2481 = ORIENTED_EDGE('',*,*,#2482,.T.);
#2482 = EDGE_CURVE('',#2475,#2483,#2485,.T.);
#2483 = VERTEX_POINT('',#2484);
#2484 = CARTESIAN_POINT('',(14.68,-0.32,1.85));
#2485 = LINE('',#2486,#2487);
#2486 = CARTESIAN_POINT('',(11.41,-0.32,1.85));
#2487 = VECTOR('',#2488,1.);
#2488 = DIRECTION('',(-1.,1.224646799147E-16,4.654389882564E-32));
#2489 = ORIENTED_EDGE('',*,*,#2490,.F.);
#2490 = EDGE_CURVE('',#2465,#2483,#2491,.T.);
#2491 = LINE('',#2492,#2493);
#2492 = CARTESIAN_POINT('',(14.68,-0.26920299558,1.85));
#2493 = VECTOR('',#2494,1.);
#2494 = DIRECTION('',(-1.224646799147E-16,-1.,0.));
#2495 = FACE_BOUND('',#2496,.T.);
#2496 = EDGE_LOOP('',(#2497,#2507,#2515,#2523));
#2497 = ORIENTED_EDGE('',*,*,#2498,.F.);
#2498 = EDGE_CURVE('',#2499,#2501,#2503,.T.);
#2499 = VERTEX_POINT('',#2500);
#2500 = CARTESIAN_POINT('',(-0.32,0.32,1.85));
#2501 = VERTEX_POINT('',#2502);
#2502 = CARTESIAN_POINT('',(-0.32,-0.32,1.85));
#2503 = LINE('',#2504,#2505);
#2504 = CARTESIAN_POINT('',(-0.32,-0.26920299558,1.85));
#2505 = VECTOR('',#2506,1.);
#2506 = DIRECTION('',(-1.224646799147E-16,-1.,0.));
#2507 = ORIENTED_EDGE('',*,*,#2508,.T.);
#2508 = EDGE_CURVE('',#2499,#2509,#2511,.T.);
#2509 = VERTEX_POINT('',#2510);
#2510 = CARTESIAN_POINT('',(0.32,0.32,1.85));
#2511 = LINE('',#2512,#2513);
#2512 = CARTESIAN_POINT('',(3.91,0.32,1.85));
#2513 = VECTOR('',#2514,1.);
#2514 = DIRECTION('',(1.,-1.224646799147E-16,-4.654389882564E-32));
#2515 = ORIENTED_EDGE('',*,*,#2516,.T.);
#2516 = EDGE_CURVE('',#2509,#2517,#2519,.T.);
#2517 = VERTEX_POINT('',#2518);
#2518 = CARTESIAN_POINT('',(0.32,-0.32,1.85));
#2519 = LINE('',#2520,#2521);
#2520 = CARTESIAN_POINT('',(0.32,-0.26920299558,1.85));
#2521 = VECTOR('',#2522,1.);
#2522 = DIRECTION('',(-1.224646799147E-16,-1.,0.));
#2523 = ORIENTED_EDGE('',*,*,#2524,.T.);
#2524 = EDGE_CURVE('',#2517,#2501,#2525,.T.);
#2525 = LINE('',#2526,#2527);
#2526 = CARTESIAN_POINT('',(3.91,-0.32,1.85));
#2527 = VECTOR('',#2528,1.);
#2528 = DIRECTION('',(-1.,1.224646799147E-16,4.654389882564E-32));
#2529 = PLANE('',#2530);
#2530 = AXIS2_PLACEMENT_3D('',#2531,#2532,#2533);
#2531 = CARTESIAN_POINT('',(7.5,-0.575,1.85));
#2532 = DIRECTION('',(4.654389882564E-32,-5.699983671665E-48,1.));
#2533 = DIRECTION('',(-1.,1.224646799147E-16,4.654389882564E-32));
#2534 = ADVANCED_FACE('',(#2535),#2546,.F.);
#2535 = FACE_BOUND('',#2536,.F.);
#2536 = EDGE_LOOP('',(#2537,#2538,#2544,#2545));
#2537 = ORIENTED_EDGE('',*,*,#1224,.F.);
#2538 = ORIENTED_EDGE('',*,*,#2539,.T.);
#2539 = EDGE_CURVE('',#1217,#1015,#2540,.T.);
#2540 = LINE('',#2541,#2542);
#2541 = CARTESIAN_POINT('',(-0.5,2.35,6.1));
#2542 = VECTOR('',#2543,1.);
#2543 = DIRECTION('',(-1.224646799147E-16,-1.,0.));
#2544 = ORIENTED_EDGE('',*,*,#1022,.F.);
#2545 = ORIENTED_EDGE('',*,*,#1070,.F.);
#2546 = PLANE('',#2547);
#2547 = AXIS2_PLACEMENT_3D('',#2548,#2549,#2550);
#2548 = CARTESIAN_POINT('',(-0.5,2.35,6.1));
#2549 = DIRECTION('',(-1.,1.224646799147E-16,-1.973729821556E-15));
#2550 = DIRECTION('',(-1.973729821556E-15,2.41712190835E-31,1.));
#2551 = ADVANCED_FACE('',(#2552),#2563,.F.);
#2552 = FACE_BOUND('',#2553,.F.);
#2553 = EDGE_LOOP('',(#2554,#2555,#2561,#2562));
#2554 = ORIENTED_EDGE('',*,*,#1216,.F.);
#2555 = ORIENTED_EDGE('',*,*,#2556,.T.);
#2556 = EDGE_CURVE('',#1209,#1007,#2557,.T.);
#2557 = LINE('',#2558,#2559);
#2558 = CARTESIAN_POINT('',(-0.25,2.35,5.85));
#2559 = VECTOR('',#2560,1.);
#2560 = DIRECTION('',(-1.224646799147E-16,-1.,0.));
#2561 = ORIENTED_EDGE('',*,*,#1014,.F.);
#2562 = ORIENTED_EDGE('',*,*,#2539,.F.);
#2563 = PLANE('',#2564);
#2564 = AXIS2_PLACEMENT_3D('',#2565,#2566,#2567);
#2565 = CARTESIAN_POINT('',(-0.25,2.35,5.85));
#2566 = DIRECTION('',(-0.707106781187,8.659560562349E-17,-0.707106781187
    ));
#2567 = DIRECTION('',(-0.707106781187,8.659560562349E-17,0.707106781187)
  );
#2568 = ADVANCED_FACE('',(#2569),#2580,.F.);
#2569 = FACE_BOUND('',#2570,.F.);
#2570 = EDGE_LOOP('',(#2571,#2572,#2578,#2579));
#2571 = ORIENTED_EDGE('',*,*,#1208,.F.);
#2572 = ORIENTED_EDGE('',*,*,#2573,.T.);
#2573 = EDGE_CURVE('',#1201,#999,#2574,.T.);
#2574 = LINE('',#2575,#2576);
#2575 = CARTESIAN_POINT('',(-0.5,2.35,5.6));
#2576 = VECTOR('',#2577,1.);
#2577 = DIRECTION('',(-1.224646799147E-16,-1.,0.));
#2578 = ORIENTED_EDGE('',*,*,#1006,.F.);
#2579 = ORIENTED_EDGE('',*,*,#2556,.F.);
#2580 = PLANE('',#2581);
#2581 = AXIS2_PLACEMENT_3D('',#2582,#2583,#2584);
#2582 = CARTESIAN_POINT('',(-0.5,2.35,5.6));
#2583 = DIRECTION('',(-0.707106781187,8.659560562349E-17,0.707106781187)
  );
#2584 = DIRECTION('',(0.707106781187,-8.659560562349E-17,0.707106781187)
  );
#2585 = ADVANCED_FACE('',(#2586),#2597,.F.);
#2586 = FACE_BOUND('',#2587,.F.);
#2587 = EDGE_LOOP('',(#2588,#2589,#2595,#2596));
#2588 = ORIENTED_EDGE('',*,*,#1200,.F.);
#2589 = ORIENTED_EDGE('',*,*,#2590,.T.);
#2590 = EDGE_CURVE('',#1192,#990,#2591,.T.);
#2591 = LINE('',#2592,#2593);
#2592 = CARTESIAN_POINT('',(-0.5,2.35,3.85));
#2593 = VECTOR('',#2594,1.);
#2594 = DIRECTION('',(-1.224646799147E-16,-1.,0.));
#2595 = ORIENTED_EDGE('',*,*,#998,.F.);
#2596 = ORIENTED_EDGE('',*,*,#2573,.F.);
#2597 = PLANE('',#2598);
#2598 = AXIS2_PLACEMENT_3D('',#2599,#2600,#2601);
#2599 = CARTESIAN_POINT('',(-0.5,2.35,3.1));
#2600 = DIRECTION('',(-1.,1.224646799147E-16,0.));
#2601 = DIRECTION('',(0.,0.,1.));
#2602 = ADVANCED_FACE('',(#2603),#2614,.F.);
#2603 = FACE_BOUND('',#2604,.F.);
#2604 = EDGE_LOOP('',(#2605,#2606,#2607,#2608));
#2605 = ORIENTED_EDGE('',*,*,#989,.F.);
#2606 = ORIENTED_EDGE('',*,*,#2590,.F.);
#2607 = ORIENTED_EDGE('',*,*,#1191,.F.);
#2608 = ORIENTED_EDGE('',*,*,#2609,.T.);
#2609 = EDGE_CURVE('',#1184,#982,#2610,.T.);
#2610 = LINE('',#2611,#2612);
#2611 = CARTESIAN_POINT('',(0.25,2.35,3.1));
#2612 = VECTOR('',#2613,1.);
#2613 = DIRECTION('',(-1.224646799147E-16,-1.,0.));
#2614 = CYLINDRICAL_SURFACE('',#2615,0.75);
#2615 = AXIS2_PLACEMENT_3D('',#2616,#2617,#2618);
#2616 = CARTESIAN_POINT('',(0.25,2.35,3.85));
#2617 = DIRECTION('',(-1.224646799147E-16,-1.,0.));
#2618 = DIRECTION('',(-0.,0.,-1.));
#2619 = ADVANCED_FACE('',(#2620),#2631,.F.);
#2620 = FACE_BOUND('',#2621,.F.);
#2621 = EDGE_LOOP('',(#2622,#2623,#2624,#2630));
#2622 = ORIENTED_EDGE('',*,*,#2609,.F.);
#2623 = ORIENTED_EDGE('',*,*,#1183,.F.);
#2624 = ORIENTED_EDGE('',*,*,#2625,.T.);
#2625 = EDGE_CURVE('',#1176,#974,#2626,.T.);
#2626 = LINE('',#2627,#2628);
#2627 = CARTESIAN_POINT('',(1.,2.35,3.1));
#2628 = VECTOR('',#2629,1.);
#2629 = DIRECTION('',(-1.224646799147E-16,-1.,0.));
#2630 = ORIENTED_EDGE('',*,*,#981,.F.);
#2631 = PLANE('',#2632);
#2632 = AXIS2_PLACEMENT_3D('',#2633,#2634,#2635);
#2633 = CARTESIAN_POINT('',(1.,2.35,3.1));
#2634 = DIRECTION('',(-0.,0.,-1.));
#2635 = DIRECTION('',(-1.,1.224646799147E-16,0.));
#2636 = ADVANCED_FACE('',(#2637),#2648,.F.);
#2637 = FACE_BOUND('',#2638,.F.);
#2638 = EDGE_LOOP('',(#2639,#2640,#2646,#2647));
#2639 = ORIENTED_EDGE('',*,*,#1175,.F.);
#2640 = ORIENTED_EDGE('',*,*,#2641,.T.);
#2641 = EDGE_CURVE('',#1168,#966,#2642,.T.);
#2642 = LINE('',#2643,#2644);
#2643 = CARTESIAN_POINT('',(1.,2.35,7.));
#2644 = VECTOR('',#2645,1.);
#2645 = DIRECTION('',(-1.224646799147E-16,-1.,0.));
#2646 = ORIENTED_EDGE('',*,*,#973,.F.);
#2647 = ORIENTED_EDGE('',*,*,#2625,.F.);
#2648 = PLANE('',#2649);
#2649 = AXIS2_PLACEMENT_3D('',#2650,#2651,#2652);
#2650 = CARTESIAN_POINT('',(1.,2.35,7.));
#2651 = DIRECTION('',(1.,-1.224646799147E-16,0.));
#2652 = DIRECTION('',(0.,-0.,-1.));
#2653 = ADVANCED_FACE('',(#2654),#2665,.T.);
#2654 = FACE_BOUND('',#2655,.T.);
#2655 = EDGE_LOOP('',(#2656,#2657,#2663,#2664));
#2656 = ORIENTED_EDGE('',*,*,#965,.F.);
#2657 = ORIENTED_EDGE('',*,*,#2658,.F.);
#2658 = EDGE_CURVE('',#1160,#958,#2659,.T.);
#2659 = LINE('',#2660,#2661);
#2660 = CARTESIAN_POINT('',(14.,2.35,7.));
#2661 = VECTOR('',#2662,1.);
#2662 = DIRECTION('',(-1.224646799147E-16,-1.,0.));
#2663 = ORIENTED_EDGE('',*,*,#1167,.T.);
#2664 = ORIENTED_EDGE('',*,*,#2641,.T.);
#2665 = PLANE('',#2666);
#2666 = AXIS2_PLACEMENT_3D('',#2667,#2668,#2669);
#2667 = CARTESIAN_POINT('',(7.5,-0.525,7.));
#2668 = DIRECTION('',(0.,0.,1.));
#2669 = DIRECTION('',(-1.,1.224646799147E-16,0.));
#2670 = ADVANCED_FACE('',(#2671),#2682,.T.);
#2671 = FACE_BOUND('',#2672,.T.);
#2672 = EDGE_LOOP('',(#2673,#2674,#2675,#2676));
#2673 = ORIENTED_EDGE('',*,*,#1159,.F.);
#2674 = ORIENTED_EDGE('',*,*,#2658,.T.);
#2675 = ORIENTED_EDGE('',*,*,#957,.F.);
#2676 = ORIENTED_EDGE('',*,*,#2677,.F.);
#2677 = EDGE_CURVE('',#1152,#950,#2678,.T.);
#2678 = LINE('',#2679,#2680);
#2679 = CARTESIAN_POINT('',(14.,2.35,3.1));
#2680 = VECTOR('',#2681,1.);
#2681 = DIRECTION('',(-1.224646799147E-16,-1.,0.));
#2682 = PLANE('',#2683);
#2683 = AXIS2_PLACEMENT_3D('',#2684,#2685,#2686);
#2684 = CARTESIAN_POINT('',(14.,2.35,7.));
#2685 = DIRECTION('',(1.,-1.224646799147E-16,0.));
#2686 = DIRECTION('',(0.,-0.,-1.));
#2687 = ADVANCED_FACE('',(#2688),#2699,.T.);
#2688 = FACE_BOUND('',#2689,.T.);
#2689 = EDGE_LOOP('',(#2690,#2696,#2697,#2698));
#2690 = ORIENTED_EDGE('',*,*,#2691,.F.);
#2691 = EDGE_CURVE('',#1143,#941,#2692,.T.);
#2692 = LINE('',#2693,#2694);
#2693 = CARTESIAN_POINT('',(14.75,2.35,3.1));
#2694 = VECTOR('',#2695,1.);
#2695 = DIRECTION('',(-1.224646799147E-16,-1.,0.));
#2696 = ORIENTED_EDGE('',*,*,#1151,.F.);
#2697 = ORIENTED_EDGE('',*,*,#2677,.T.);
#2698 = ORIENTED_EDGE('',*,*,#949,.F.);
#2699 = PLANE('',#2700);
#2700 = AXIS2_PLACEMENT_3D('',#2701,#2702,#2703);
#2701 = CARTESIAN_POINT('',(14.,2.35,3.1));
#2702 = DIRECTION('',(0.,0.,1.));
#2703 = DIRECTION('',(1.,-1.224646799147E-16,0.));
#2704 = ADVANCED_FACE('',(#2705),#2716,.F.);
#2705 = FACE_BOUND('',#2706,.F.);
#2706 = EDGE_LOOP('',(#2707,#2708,#2709,#2715));
#2707 = ORIENTED_EDGE('',*,*,#2691,.F.);
#2708 = ORIENTED_EDGE('',*,*,#1142,.T.);
#2709 = ORIENTED_EDGE('',*,*,#2710,.T.);
#2710 = EDGE_CURVE('',#1135,#933,#2711,.T.);
#2711 = LINE('',#2712,#2713);
#2712 = CARTESIAN_POINT('',(15.5,2.35,3.85));
#2713 = VECTOR('',#2714,1.);
#2714 = DIRECTION('',(-1.224646799147E-16,-1.,0.));
#2715 = ORIENTED_EDGE('',*,*,#940,.F.);
#2716 = CYLINDRICAL_SURFACE('',#2717,0.75);
#2717 = AXIS2_PLACEMENT_3D('',#2718,#2719,#2720);
#2718 = CARTESIAN_POINT('',(14.75,2.35,3.85));
#2719 = DIRECTION('',(-1.224646799147E-16,-1.,0.));
#2720 = DIRECTION('',(0.,-0.,-1.));
#2721 = ADVANCED_FACE('',(#2722),#2733,.T.);
#2722 = FACE_BOUND('',#2723,.T.);
#2723 = EDGE_LOOP('',(#2724,#2725,#2726,#2727));
#2724 = ORIENTED_EDGE('',*,*,#1134,.F.);
#2725 = ORIENTED_EDGE('',*,*,#2710,.T.);
#2726 = ORIENTED_EDGE('',*,*,#932,.F.);
#2727 = ORIENTED_EDGE('',*,*,#2728,.F.);
#2728 = EDGE_CURVE('',#1127,#925,#2729,.T.);
#2729 = LINE('',#2730,#2731);
#2730 = CARTESIAN_POINT('',(15.5,2.35,5.6));
#2731 = VECTOR('',#2732,1.);
#2732 = DIRECTION('',(-1.224646799147E-16,-1.,0.));
#2733 = PLANE('',#2734);
#2734 = AXIS2_PLACEMENT_3D('',#2735,#2736,#2737);
#2735 = CARTESIAN_POINT('',(15.5,2.35,3.1));
#2736 = DIRECTION('',(-1.,1.224646799147E-16,0.));
#2737 = DIRECTION('',(0.,0.,1.));
#2738 = ADVANCED_FACE('',(#2739),#2750,.T.);
#2739 = FACE_BOUND('',#2740,.T.);
#2740 = EDGE_LOOP('',(#2741,#2742,#2743,#2744));
#2741 = ORIENTED_EDGE('',*,*,#1126,.F.);
#2742 = ORIENTED_EDGE('',*,*,#2728,.T.);
#2743 = ORIENTED_EDGE('',*,*,#924,.F.);
#2744 = ORIENTED_EDGE('',*,*,#2745,.F.);
#2745 = EDGE_CURVE('',#1119,#917,#2746,.T.);
#2746 = LINE('',#2747,#2748);
#2747 = CARTESIAN_POINT('',(15.25,2.35,5.85));
#2748 = VECTOR('',#2749,1.);
#2749 = DIRECTION('',(-1.224646799147E-16,-1.,0.));
#2750 = PLANE('',#2751);
#2751 = AXIS2_PLACEMENT_3D('',#2752,#2753,#2754);
#2752 = CARTESIAN_POINT('',(15.5,2.35,5.6));
#2753 = DIRECTION('',(-0.707106781187,8.659560562349E-17,-0.707106781187
    ));
#2754 = DIRECTION('',(-0.707106781187,8.659560562349E-17,0.707106781187)
  );
#2755 = ADVANCED_FACE('',(#2756),#2767,.T.);
#2756 = FACE_BOUND('',#2757,.T.);
#2757 = EDGE_LOOP('',(#2758,#2759,#2760,#2761));
#2758 = ORIENTED_EDGE('',*,*,#1118,.F.);
#2759 = ORIENTED_EDGE('',*,*,#2745,.T.);
#2760 = ORIENTED_EDGE('',*,*,#916,.F.);
#2761 = ORIENTED_EDGE('',*,*,#2762,.F.);
#2762 = EDGE_CURVE('',#1111,#909,#2763,.T.);
#2763 = LINE('',#2764,#2765);
#2764 = CARTESIAN_POINT('',(15.5,2.35,6.1));
#2765 = VECTOR('',#2766,1.);
#2766 = DIRECTION('',(-1.224646799147E-16,-1.,0.));
#2767 = PLANE('',#2768);
#2768 = AXIS2_PLACEMENT_3D('',#2769,#2770,#2771);
#2769 = CARTESIAN_POINT('',(15.25,2.35,5.85));
#2770 = DIRECTION('',(-0.707106781187,8.659560562349E-17,0.707106781187)
  );
#2771 = DIRECTION('',(0.707106781187,-8.659560562349E-17,0.707106781187)
  );
#2772 = ADVANCED_FACE('',(#2773),#2779,.T.);
#2773 = FACE_BOUND('',#2774,.T.);
#2774 = EDGE_LOOP('',(#2775,#2776,#2777,#2778));
#2775 = ORIENTED_EDGE('',*,*,#1110,.F.);
#2776 = ORIENTED_EDGE('',*,*,#2762,.T.);
#2777 = ORIENTED_EDGE('',*,*,#908,.F.);
#2778 = ORIENTED_EDGE('',*,*,#2245,.F.);
#2779 = PLANE('',#2780);
#2780 = AXIS2_PLACEMENT_3D('',#2781,#2782,#2783);
#2781 = CARTESIAN_POINT('',(15.5,2.35,6.1));
#2782 = DIRECTION('',(-1.,1.224646799147E-16,-9.868649107779E-16));
#2783 = DIRECTION('',(-9.868649107779E-16,1.208560954175E-31,1.));
#2784 = ADVANCED_FACE('',(#2785),#2796,.F.);
#2785 = FACE_BOUND('',#2786,.F.);
#2786 = EDGE_LOOP('',(#2787,#2788,#2789,#2795));
#2787 = ORIENTED_EDGE('',*,*,#1433,.T.);
#2788 = ORIENTED_EDGE('',*,*,#2110,.T.);
#2789 = ORIENTED_EDGE('',*,*,#2790,.F.);
#2790 = EDGE_CURVE('',#2168,#2111,#2791,.T.);
#2791 = LINE('',#2792,#2793);
#2792 = CARTESIAN_POINT('',(15.75,0.5,0.3));
#2793 = VECTOR('',#2794,1.);
#2794 = DIRECTION('',(-1.,1.224646799147E-16,0.));
#2795 = ORIENTED_EDGE('',*,*,#2167,.F.);
#2796 = PLANE('',#2797);
#2797 = AXIS2_PLACEMENT_3D('',#2798,#2799,#2800);
#2798 = CARTESIAN_POINT('',(15.75,2.35,1.));
#2799 = DIRECTION('',(-4.33392824344E-17,-0.353892097416,0.935286257456)
  );
#2800 = DIRECTION('',(-1.14539532148E-16,-0.935286257456,-0.353892097416
    ));
#2801 = ADVANCED_FACE('',(#2802),#2813,.F.);
#2802 = FACE_BOUND('',#2803,.F.);
#2803 = EDGE_LOOP('',(#2804,#2805,#2806,#2812));
#2804 = ORIENTED_EDGE('',*,*,#1401,.T.);
#2805 = ORIENTED_EDGE('',*,*,#2005,.T.);
#2806 = ORIENTED_EDGE('',*,*,#2807,.F.);
#2807 = EDGE_CURVE('',#2063,#2006,#2808,.T.);
#2808 = LINE('',#2809,#2810);
#2809 = CARTESIAN_POINT('',(13.25,0.5,0.3));
#2810 = VECTOR('',#2811,1.);
#2811 = DIRECTION('',(-1.,1.224646799147E-16,0.));
#2812 = ORIENTED_EDGE('',*,*,#2062,.F.);
#2813 = PLANE('',#2814);
#2814 = AXIS2_PLACEMENT_3D('',#2815,#2816,#2817);
#2815 = CARTESIAN_POINT('',(13.25,2.35,1.));
#2816 = DIRECTION('',(-4.33392824344E-17,-0.353892097416,0.935286257456)
  );
#2817 = DIRECTION('',(-1.14539532148E-16,-0.935286257456,-0.353892097416
    ));
#2818 = ADVANCED_FACE('',(#2819),#2830,.F.);
#2819 = FACE_BOUND('',#2820,.F.);
#2820 = EDGE_LOOP('',(#2821,#2822,#2823,#2829));
#2821 = ORIENTED_EDGE('',*,*,#1369,.T.);
#2822 = ORIENTED_EDGE('',*,*,#1900,.T.);
#2823 = ORIENTED_EDGE('',*,*,#2824,.F.);
#2824 = EDGE_CURVE('',#1958,#1901,#2825,.T.);
#2825 = LINE('',#2826,#2827);
#2826 = CARTESIAN_POINT('',(10.75,0.5,0.3));
#2827 = VECTOR('',#2828,1.);
#2828 = DIRECTION('',(-1.,1.224646799147E-16,0.));
#2829 = ORIENTED_EDGE('',*,*,#1957,.F.);
#2830 = PLANE('',#2831);
#2831 = AXIS2_PLACEMENT_3D('',#2832,#2833,#2834);
#2832 = CARTESIAN_POINT('',(10.75,2.35,1.));
#2833 = DIRECTION('',(-4.33392824344E-17,-0.353892097416,0.935286257456)
  );
#2834 = DIRECTION('',(-1.14539532148E-16,-0.935286257456,-0.353892097416
    ));
#2835 = ADVANCED_FACE('',(#2836),#2847,.F.);
#2836 = FACE_BOUND('',#2837,.F.);
#2837 = EDGE_LOOP('',(#2838,#2839,#2840,#2846));
#2838 = ORIENTED_EDGE('',*,*,#1337,.T.);
#2839 = ORIENTED_EDGE('',*,*,#1795,.T.);
#2840 = ORIENTED_EDGE('',*,*,#2841,.F.);
#2841 = EDGE_CURVE('',#1853,#1796,#2842,.T.);
#2842 = LINE('',#2843,#2844);
#2843 = CARTESIAN_POINT('',(8.25,0.5,0.3));
#2844 = VECTOR('',#2845,1.);
#2845 = DIRECTION('',(-1.,1.224646799147E-16,0.));
#2846 = ORIENTED_EDGE('',*,*,#1852,.F.);
#2847 = PLANE('',#2848);
#2848 = AXIS2_PLACEMENT_3D('',#2849,#2850,#2851);
#2849 = CARTESIAN_POINT('',(8.25,2.35,1.));
#2850 = DIRECTION('',(-4.33392824344E-17,-0.353892097416,0.935286257456)
  );
#2851 = DIRECTION('',(-1.14539532148E-16,-0.935286257456,-0.353892097416
    ));
#2852 = ADVANCED_FACE('',(#2853),#2864,.F.);
#2853 = FACE_BOUND('',#2854,.F.);
#2854 = EDGE_LOOP('',(#2855,#2856,#2857,#2863));
#2855 = ORIENTED_EDGE('',*,*,#1305,.T.);
#2856 = ORIENTED_EDGE('',*,*,#1690,.T.);
#2857 = ORIENTED_EDGE('',*,*,#2858,.F.);
#2858 = EDGE_CURVE('',#1748,#1691,#2859,.T.);
#2859 = LINE('',#2860,#2861);
#2860 = CARTESIAN_POINT('',(5.75,0.5,0.3));
#2861 = VECTOR('',#2862,1.);
#2862 = DIRECTION('',(-1.,1.224646799147E-16,0.));
#2863 = ORIENTED_EDGE('',*,*,#1747,.F.);
#2864 = PLANE('',#2865);
#2865 = AXIS2_PLACEMENT_3D('',#2866,#2867,#2868);
#2866 = CARTESIAN_POINT('',(5.75,2.35,1.));
#2867 = DIRECTION('',(-4.33392824344E-17,-0.353892097416,0.935286257456)
  );
#2868 = DIRECTION('',(-1.14539532148E-16,-0.935286257456,-0.353892097416
    ));
#2869 = ADVANCED_FACE('',(#2870),#2881,.F.);
#2870 = FACE_BOUND('',#2871,.F.);
#2871 = EDGE_LOOP('',(#2872,#2873,#2874,#2880));
#2872 = ORIENTED_EDGE('',*,*,#1273,.T.);
#2873 = ORIENTED_EDGE('',*,*,#1585,.T.);
#2874 = ORIENTED_EDGE('',*,*,#2875,.F.);
#2875 = EDGE_CURVE('',#1643,#1586,#2876,.T.);
#2876 = LINE('',#2877,#2878);
#2877 = CARTESIAN_POINT('',(3.25,0.5,0.3));
#2878 = VECTOR('',#2879,1.);
#2879 = DIRECTION('',(-1.,1.224646799147E-16,0.));
#2880 = ORIENTED_EDGE('',*,*,#1642,.F.);
#2881 = PLANE('',#2882);
#2882 = AXIS2_PLACEMENT_3D('',#2883,#2884,#2885);
#2883 = CARTESIAN_POINT('',(3.25,2.35,1.));
#2884 = DIRECTION('',(-4.33392824344E-17,-0.353892097416,0.935286257456)
  );
#2885 = DIRECTION('',(-1.14539532148E-16,-0.935286257456,-0.353892097416
    ));
#2886 = ADVANCED_FACE('',(#2887),#2898,.F.);
#2887 = FACE_BOUND('',#2888,.F.);
#2888 = EDGE_LOOP('',(#2889,#2890,#2891,#2897));
#2889 = ORIENTED_EDGE('',*,*,#1241,.T.);
#2890 = ORIENTED_EDGE('',*,*,#1480,.T.);
#2891 = ORIENTED_EDGE('',*,*,#2892,.F.);
#2892 = EDGE_CURVE('',#1538,#1481,#2893,.T.);
#2893 = LINE('',#2894,#2895);
#2894 = CARTESIAN_POINT('',(0.75,0.5,0.3));
#2895 = VECTOR('',#2896,1.);
#2896 = DIRECTION('',(-1.,1.224646799147E-16,0.));
#2897 = ORIENTED_EDGE('',*,*,#1537,.F.);
#2898 = PLANE('',#2899);
#2899 = AXIS2_PLACEMENT_3D('',#2900,#2901,#2902);
#2900 = CARTESIAN_POINT('',(0.75,2.35,1.));
#2901 = DIRECTION('',(-4.33392824344E-17,-0.353892097416,0.935286257456)
  );
#2902 = DIRECTION('',(-1.14539532148E-16,-0.935286257456,-0.353892097416
    ));
#2903 = ADVANCED_FACE('',(#2904,#2910),#2944,.F.);
#2904 = FACE_BOUND('',#2905,.F.);
#2905 = EDGE_LOOP('',(#2906,#2907,#2908,#2909));
#2906 = ORIENTED_EDGE('',*,*,#2892,.T.);
#2907 = ORIENTED_EDGE('',*,*,#1488,.T.);
#2908 = ORIENTED_EDGE('',*,*,#1512,.F.);
#2909 = ORIENTED_EDGE('',*,*,#1545,.F.);
#2910 = FACE_BOUND('',#2911,.F.);
#2911 = EDGE_LOOP('',(#2912,#2922,#2930,#2938));
#2912 = ORIENTED_EDGE('',*,*,#2913,.F.);
#2913 = EDGE_CURVE('',#2914,#2916,#2918,.T.);
#2914 = VERTEX_POINT('',#2915);
#2915 = CARTESIAN_POINT('',(-0.32,0.32,0.3));
#2916 = VERTEX_POINT('',#2917);
#2917 = CARTESIAN_POINT('',(-0.32,-0.32,0.3));
#2918 = LINE('',#2919,#2920);
#2919 = CARTESIAN_POINT('',(-0.32,0.26829700442,0.3));
#2920 = VECTOR('',#2921,1.);
#2921 = DIRECTION('',(-1.224646799147E-16,-1.,0.));
#2922 = ORIENTED_EDGE('',*,*,#2923,.T.);
#2923 = EDGE_CURVE('',#2914,#2924,#2926,.T.);
#2924 = VERTEX_POINT('',#2925);
#2925 = CARTESIAN_POINT('',(0.32,0.32,0.3));
#2926 = LINE('',#2927,#2928);
#2927 = CARTESIAN_POINT('',(0.535,0.32,0.3));
#2928 = VECTOR('',#2929,1.);
#2929 = DIRECTION('',(1.,-1.224646799147E-16,0.));
#2930 = ORIENTED_EDGE('',*,*,#2931,.T.);
#2931 = EDGE_CURVE('',#2924,#2932,#2934,.T.);
#2932 = VERTEX_POINT('',#2933);
#2933 = CARTESIAN_POINT('',(0.32,-0.32,0.3));
#2934 = LINE('',#2935,#2936);
#2935 = CARTESIAN_POINT('',(0.32,0.26829700442,0.3));
#2936 = VECTOR('',#2937,1.);
#2937 = DIRECTION('',(-1.224646799147E-16,-1.,0.));
#2938 = ORIENTED_EDGE('',*,*,#2939,.T.);
#2939 = EDGE_CURVE('',#2932,#2916,#2940,.T.);
#2940 = LINE('',#2941,#2942);
#2941 = CARTESIAN_POINT('',(0.535,-0.32,0.3));
#2942 = VECTOR('',#2943,1.);
#2943 = DIRECTION('',(-1.,1.224646799147E-16,0.));
#2944 = PLANE('',#2945);
#2945 = AXIS2_PLACEMENT_3D('',#2946,#2947,#2948);
#2946 = CARTESIAN_POINT('',(0.75,0.5,0.3));
#2947 = DIRECTION('',(0.,0.,1.));
#2948 = DIRECTION('',(-1.224646799147E-16,-1.,0.));
#2949 = ADVANCED_FACE('',(#2950,#2956),#2990,.F.);
#2950 = FACE_BOUND('',#2951,.F.);
#2951 = EDGE_LOOP('',(#2952,#2953,#2954,#2955));
#2952 = ORIENTED_EDGE('',*,*,#2875,.T.);
#2953 = ORIENTED_EDGE('',*,*,#1593,.T.);
#2954 = ORIENTED_EDGE('',*,*,#1617,.F.);
#2955 = ORIENTED_EDGE('',*,*,#1650,.F.);
#2956 = FACE_BOUND('',#2957,.F.);
#2957 = EDGE_LOOP('',(#2958,#2968,#2976,#2984));
#2958 = ORIENTED_EDGE('',*,*,#2959,.F.);
#2959 = EDGE_CURVE('',#2960,#2962,#2964,.T.);
#2960 = VERTEX_POINT('',#2961);
#2961 = CARTESIAN_POINT('',(2.18,0.32,0.3));
#2962 = VERTEX_POINT('',#2963);
#2963 = CARTESIAN_POINT('',(2.18,-0.32,0.3));
#2964 = LINE('',#2965,#2966);
#2965 = CARTESIAN_POINT('',(2.18,0.25,0.3));
#2966 = VECTOR('',#2967,1.);
#2967 = DIRECTION('',(-1.224646799147E-16,-1.,0.));
#2968 = ORIENTED_EDGE('',*,*,#2969,.T.);
#2969 = EDGE_CURVE('',#2960,#2970,#2972,.T.);
#2970 = VERTEX_POINT('',#2971);
#2971 = CARTESIAN_POINT('',(2.82,0.32,0.3));
#2972 = LINE('',#2973,#2974);
#2973 = CARTESIAN_POINT('',(3.035,0.32,0.3));
#2974 = VECTOR('',#2975,1.);
#2975 = DIRECTION('',(1.,-1.224646799147E-16,0.));
#2976 = ORIENTED_EDGE('',*,*,#2977,.T.);
#2977 = EDGE_CURVE('',#2970,#2978,#2980,.T.);
#2978 = VERTEX_POINT('',#2979);
#2979 = CARTESIAN_POINT('',(2.82,-0.32,0.3));
#2980 = LINE('',#2981,#2982);
#2981 = CARTESIAN_POINT('',(2.82,0.25,0.3));
#2982 = VECTOR('',#2983,1.);
#2983 = DIRECTION('',(-1.224646799147E-16,-1.,0.));
#2984 = ORIENTED_EDGE('',*,*,#2985,.T.);
#2985 = EDGE_CURVE('',#2978,#2962,#2986,.T.);
#2986 = LINE('',#2987,#2988);
#2987 = CARTESIAN_POINT('',(3.035,-0.32,0.3));
#2988 = VECTOR('',#2989,1.);
#2989 = DIRECTION('',(-1.,1.224646799147E-16,0.));
#2990 = PLANE('',#2991);
#2991 = AXIS2_PLACEMENT_3D('',#2992,#2993,#2994);
#2992 = CARTESIAN_POINT('',(3.25,0.5,0.3));
#2993 = DIRECTION('',(0.,0.,1.));
#2994 = DIRECTION('',(-1.224646799147E-16,-1.,0.));
#2995 = ADVANCED_FACE('',(#2996,#3002),#3036,.F.);
#2996 = FACE_BOUND('',#2997,.F.);
#2997 = EDGE_LOOP('',(#2998,#2999,#3000,#3001));
#2998 = ORIENTED_EDGE('',*,*,#2858,.T.);
#2999 = ORIENTED_EDGE('',*,*,#1698,.T.);
#3000 = ORIENTED_EDGE('',*,*,#1722,.F.);
#3001 = ORIENTED_EDGE('',*,*,#1755,.F.);
#3002 = FACE_BOUND('',#3003,.F.);
#3003 = EDGE_LOOP('',(#3004,#3014,#3022,#3030));
#3004 = ORIENTED_EDGE('',*,*,#3005,.F.);
#3005 = EDGE_CURVE('',#3006,#3008,#3010,.T.);
#3006 = VERTEX_POINT('',#3007);
#3007 = CARTESIAN_POINT('',(4.68,0.32,0.3));
#3008 = VERTEX_POINT('',#3009);
#3009 = CARTESIAN_POINT('',(4.68,-0.32,0.3));
#3010 = LINE('',#3011,#3012);
#3011 = CARTESIAN_POINT('',(4.68,0.25,0.3));
#3012 = VECTOR('',#3013,1.);
#3013 = DIRECTION('',(-1.224646799147E-16,-1.,0.));
#3014 = ORIENTED_EDGE('',*,*,#3015,.T.);
#3015 = EDGE_CURVE('',#3006,#3016,#3018,.T.);
#3016 = VERTEX_POINT('',#3017);
#3017 = CARTESIAN_POINT('',(5.32,0.32,0.3));
#3018 = LINE('',#3019,#3020);
#3019 = CARTESIAN_POINT('',(5.535,0.32,0.3));
#3020 = VECTOR('',#3021,1.);
#3021 = DIRECTION('',(1.,-1.224646799147E-16,0.));
#3022 = ORIENTED_EDGE('',*,*,#3023,.T.);
#3023 = EDGE_CURVE('',#3016,#3024,#3026,.T.);
#3024 = VERTEX_POINT('',#3025);
#3025 = CARTESIAN_POINT('',(5.32,-0.32,0.3));
#3026 = LINE('',#3027,#3028);
#3027 = CARTESIAN_POINT('',(5.32,0.25,0.3));
#3028 = VECTOR('',#3029,1.);
#3029 = DIRECTION('',(-1.224646799147E-16,-1.,0.));
#3030 = ORIENTED_EDGE('',*,*,#3031,.T.);
#3031 = EDGE_CURVE('',#3024,#3008,#3032,.T.);
#3032 = LINE('',#3033,#3034);
#3033 = CARTESIAN_POINT('',(5.535,-0.32,0.3));
#3034 = VECTOR('',#3035,1.);
#3035 = DIRECTION('',(-1.,1.224646799147E-16,0.));
#3036 = PLANE('',#3037);
#3037 = AXIS2_PLACEMENT_3D('',#3038,#3039,#3040);
#3038 = CARTESIAN_POINT('',(5.75,0.5,0.3));
#3039 = DIRECTION('',(0.,0.,1.));
#3040 = DIRECTION('',(-1.224646799147E-16,-1.,0.));
#3041 = ADVANCED_FACE('',(#3042,#3048),#3082,.F.);
#3042 = FACE_BOUND('',#3043,.F.);
#3043 = EDGE_LOOP('',(#3044,#3045,#3046,#3047));
#3044 = ORIENTED_EDGE('',*,*,#2841,.T.);
#3045 = ORIENTED_EDGE('',*,*,#1803,.T.);
#3046 = ORIENTED_EDGE('',*,*,#1827,.F.);
#3047 = ORIENTED_EDGE('',*,*,#1860,.F.);
#3048 = FACE_BOUND('',#3049,.F.);
#3049 = EDGE_LOOP('',(#3050,#3060,#3068,#3076));
#3050 = ORIENTED_EDGE('',*,*,#3051,.T.);
#3051 = EDGE_CURVE('',#3052,#3054,#3056,.T.);
#3052 = VERTEX_POINT('',#3053);
#3053 = CARTESIAN_POINT('',(7.18,0.32,0.3));
#3054 = VERTEX_POINT('',#3055);
#3055 = CARTESIAN_POINT('',(7.82,0.32,0.3));
#3056 = LINE('',#3057,#3058);
#3057 = CARTESIAN_POINT('',(8.035,0.32,0.3));
#3058 = VECTOR('',#3059,1.);
#3059 = DIRECTION('',(1.,-1.224646799147E-16,0.));
#3060 = ORIENTED_EDGE('',*,*,#3061,.T.);
#3061 = EDGE_CURVE('',#3054,#3062,#3064,.T.);
#3062 = VERTEX_POINT('',#3063);
#3063 = CARTESIAN_POINT('',(7.82,-0.32,0.3));
#3064 = LINE('',#3065,#3066);
#3065 = CARTESIAN_POINT('',(7.82,0.25,0.3));
#3066 = VECTOR('',#3067,1.);
#3067 = DIRECTION('',(-1.224646799147E-16,-1.,0.));
#3068 = ORIENTED_EDGE('',*,*,#3069,.T.);
#3069 = EDGE_CURVE('',#3062,#3070,#3072,.T.);
#3070 = VERTEX_POINT('',#3071);
#3071 = CARTESIAN_POINT('',(7.18,-0.32,0.3));
#3072 = LINE('',#3073,#3074);
#3073 = CARTESIAN_POINT('',(8.035,-0.32,0.3));
#3074 = VECTOR('',#3075,1.);
#3075 = DIRECTION('',(-1.,1.224646799147E-16,0.));
#3076 = ORIENTED_EDGE('',*,*,#3077,.F.);
#3077 = EDGE_CURVE('',#3052,#3070,#3078,.T.);
#3078 = LINE('',#3079,#3080);
#3079 = CARTESIAN_POINT('',(7.18,0.25,0.3));
#3080 = VECTOR('',#3081,1.);
#3081 = DIRECTION('',(-1.224646799147E-16,-1.,0.));
#3082 = PLANE('',#3083);
#3083 = AXIS2_PLACEMENT_3D('',#3084,#3085,#3086);
#3084 = CARTESIAN_POINT('',(8.25,0.5,0.3));
#3085 = DIRECTION('',(0.,0.,1.));
#3086 = DIRECTION('',(-1.224646799147E-16,-1.,0.));
#3087 = ADVANCED_FACE('',(#3088,#3094),#3128,.F.);
#3088 = FACE_BOUND('',#3089,.F.);
#3089 = EDGE_LOOP('',(#3090,#3091,#3092,#3093));
#3090 = ORIENTED_EDGE('',*,*,#2824,.T.);
#3091 = ORIENTED_EDGE('',*,*,#1908,.T.);
#3092 = ORIENTED_EDGE('',*,*,#1932,.F.);
#3093 = ORIENTED_EDGE('',*,*,#1965,.F.);
#3094 = FACE_BOUND('',#3095,.F.);
#3095 = EDGE_LOOP('',(#3096,#3106,#3114,#3122));
#3096 = ORIENTED_EDGE('',*,*,#3097,.T.);
#3097 = EDGE_CURVE('',#3098,#3100,#3102,.T.);
#3098 = VERTEX_POINT('',#3099);
#3099 = CARTESIAN_POINT('',(9.68,0.32,0.3));
#3100 = VERTEX_POINT('',#3101);
#3101 = CARTESIAN_POINT('',(10.32,0.32,0.3));
#3102 = LINE('',#3103,#3104);
#3103 = CARTESIAN_POINT('',(10.535,0.32,0.3));
#3104 = VECTOR('',#3105,1.);
#3105 = DIRECTION('',(1.,-1.224646799147E-16,0.));
#3106 = ORIENTED_EDGE('',*,*,#3107,.T.);
#3107 = EDGE_CURVE('',#3100,#3108,#3110,.T.);
#3108 = VERTEX_POINT('',#3109);
#3109 = CARTESIAN_POINT('',(10.32,-0.32,0.3));
#3110 = LINE('',#3111,#3112);
#3111 = CARTESIAN_POINT('',(10.32,0.25,0.3));
#3112 = VECTOR('',#3113,1.);
#3113 = DIRECTION('',(-1.224646799147E-16,-1.,0.));
#3114 = ORIENTED_EDGE('',*,*,#3115,.T.);
#3115 = EDGE_CURVE('',#3108,#3116,#3118,.T.);
#3116 = VERTEX_POINT('',#3117);
#3117 = CARTESIAN_POINT('',(9.68,-0.32,0.3));
#3118 = LINE('',#3119,#3120);
#3119 = CARTESIAN_POINT('',(10.535,-0.32,0.3));
#3120 = VECTOR('',#3121,1.);
#3121 = DIRECTION('',(-1.,1.224646799147E-16,0.));
#3122 = ORIENTED_EDGE('',*,*,#3123,.F.);
#3123 = EDGE_CURVE('',#3098,#3116,#3124,.T.);
#3124 = LINE('',#3125,#3126);
#3125 = CARTESIAN_POINT('',(9.68,0.25,0.3));
#3126 = VECTOR('',#3127,1.);
#3127 = DIRECTION('',(-1.224646799147E-16,-1.,0.));
#3128 = PLANE('',#3129);
#3129 = AXIS2_PLACEMENT_3D('',#3130,#3131,#3132);
#3130 = CARTESIAN_POINT('',(10.75,0.5,0.3));
#3131 = DIRECTION('',(0.,0.,1.));
#3132 = DIRECTION('',(-1.224646799147E-16,-1.,0.));
#3133 = ADVANCED_FACE('',(#3134,#3140),#3174,.F.);
#3134 = FACE_BOUND('',#3135,.F.);
#3135 = EDGE_LOOP('',(#3136,#3137,#3138,#3139));
#3136 = ORIENTED_EDGE('',*,*,#2807,.T.);
#3137 = ORIENTED_EDGE('',*,*,#2013,.T.);
#3138 = ORIENTED_EDGE('',*,*,#2037,.F.);
#3139 = ORIENTED_EDGE('',*,*,#2070,.F.);
#3140 = FACE_BOUND('',#3141,.F.);
#3141 = EDGE_LOOP('',(#3142,#3152,#3160,#3168));
#3142 = ORIENTED_EDGE('',*,*,#3143,.F.);
#3143 = EDGE_CURVE('',#3144,#3146,#3148,.T.);
#3144 = VERTEX_POINT('',#3145);
#3145 = CARTESIAN_POINT('',(12.18,0.32,0.3));
#3146 = VERTEX_POINT('',#3147);
#3147 = CARTESIAN_POINT('',(12.18,-0.32,0.3));
#3148 = LINE('',#3149,#3150);
#3149 = CARTESIAN_POINT('',(12.18,0.25,0.3));
#3150 = VECTOR('',#3151,1.);
#3151 = DIRECTION('',(-1.224646799147E-16,-1.,0.));
#3152 = ORIENTED_EDGE('',*,*,#3153,.T.);
#3153 = EDGE_CURVE('',#3144,#3154,#3156,.T.);
#3154 = VERTEX_POINT('',#3155);
#3155 = CARTESIAN_POINT('',(12.82,0.32,0.3));
#3156 = LINE('',#3157,#3158);
#3157 = CARTESIAN_POINT('',(13.035,0.32,0.3));
#3158 = VECTOR('',#3159,1.);
#3159 = DIRECTION('',(1.,-1.224646799147E-16,0.));
#3160 = ORIENTED_EDGE('',*,*,#3161,.T.);
#3161 = EDGE_CURVE('',#3154,#3162,#3164,.T.);
#3162 = VERTEX_POINT('',#3163);
#3163 = CARTESIAN_POINT('',(12.82,-0.32,0.3));
#3164 = LINE('',#3165,#3166);
#3165 = CARTESIAN_POINT('',(12.82,0.25,0.3));
#3166 = VECTOR('',#3167,1.);
#3167 = DIRECTION('',(-1.224646799147E-16,-1.,0.));
#3168 = ORIENTED_EDGE('',*,*,#3169,.T.);
#3169 = EDGE_CURVE('',#3162,#3146,#3170,.T.);
#3170 = LINE('',#3171,#3172);
#3171 = CARTESIAN_POINT('',(13.035,-0.32,0.3));
#3172 = VECTOR('',#3173,1.);
#3173 = DIRECTION('',(-1.,1.224646799147E-16,0.));
#3174 = PLANE('',#3175);
#3175 = AXIS2_PLACEMENT_3D('',#3176,#3177,#3178);
#3176 = CARTESIAN_POINT('',(13.25,0.5,0.3));
#3177 = DIRECTION('',(0.,0.,1.));
#3178 = DIRECTION('',(-1.224646799147E-16,-1.,0.));
#3179 = ADVANCED_FACE('',(#3180,#3186),#3220,.F.);
#3180 = FACE_BOUND('',#3181,.F.);
#3181 = EDGE_LOOP('',(#3182,#3183,#3184,#3185));
#3182 = ORIENTED_EDGE('',*,*,#2790,.T.);
#3183 = ORIENTED_EDGE('',*,*,#2118,.T.);
#3184 = ORIENTED_EDGE('',*,*,#2142,.F.);
#3185 = ORIENTED_EDGE('',*,*,#2175,.F.);
#3186 = FACE_BOUND('',#3187,.F.);
#3187 = EDGE_LOOP('',(#3188,#3198,#3206,#3214));
#3188 = ORIENTED_EDGE('',*,*,#3189,.T.);
#3189 = EDGE_CURVE('',#3190,#3192,#3194,.T.);
#3190 = VERTEX_POINT('',#3191);
#3191 = CARTESIAN_POINT('',(14.68,0.32,0.3));
#3192 = VERTEX_POINT('',#3193);
#3193 = CARTESIAN_POINT('',(15.32,0.32,0.3));
#3194 = LINE('',#3195,#3196);
#3195 = CARTESIAN_POINT('',(15.535,0.32,0.3));
#3196 = VECTOR('',#3197,1.);
#3197 = DIRECTION('',(1.,-1.224646799147E-16,0.));
#3198 = ORIENTED_EDGE('',*,*,#3199,.T.);
#3199 = EDGE_CURVE('',#3192,#3200,#3202,.T.);
#3200 = VERTEX_POINT('',#3201);
#3201 = CARTESIAN_POINT('',(15.32,-0.32,0.3));
#3202 = LINE('',#3203,#3204);
#3203 = CARTESIAN_POINT('',(15.32,0.26829700442,0.3));
#3204 = VECTOR('',#3205,1.);
#3205 = DIRECTION('',(-1.224646799147E-16,-1.,0.));
#3206 = ORIENTED_EDGE('',*,*,#3207,.T.);
#3207 = EDGE_CURVE('',#3200,#3208,#3210,.T.);
#3208 = VERTEX_POINT('',#3209);
#3209 = CARTESIAN_POINT('',(14.68,-0.32,0.3));
#3210 = LINE('',#3211,#3212);
#3211 = CARTESIAN_POINT('',(15.535,-0.32,0.3));
#3212 = VECTOR('',#3213,1.);
#3213 = DIRECTION('',(-1.,1.224646799147E-16,0.));
#3214 = ORIENTED_EDGE('',*,*,#3215,.F.);
#3215 = EDGE_CURVE('',#3190,#3208,#3216,.T.);
#3216 = LINE('',#3217,#3218);
#3217 = CARTESIAN_POINT('',(14.68,0.26829700442,0.3));
#3218 = VECTOR('',#3219,1.);
#3219 = DIRECTION('',(-1.224646799147E-16,-1.,0.));
#3220 = PLANE('',#3221);
#3221 = AXIS2_PLACEMENT_3D('',#3222,#3223,#3224);
#3222 = CARTESIAN_POINT('',(15.75,0.5,0.3));
#3223 = DIRECTION('',(0.,0.,1.));
#3224 = DIRECTION('',(-1.224646799147E-16,-1.,0.));
#3225 = ADVANCED_FACE('',(#3226),#3251,.F.);
#3226 = FACE_BOUND('',#3227,.F.);
#3227 = EDGE_LOOP('',(#3228,#3236,#3244,#3250));
#3228 = ORIENTED_EDGE('',*,*,#3229,.F.);
#3229 = EDGE_CURVE('',#3230,#2297,#3232,.T.);
#3230 = VERTEX_POINT('',#3231);
#3231 = CARTESIAN_POINT('',(10.32,0.32,6.3));
#3232 = LINE('',#3233,#3234);
#3233 = CARTESIAN_POINT('',(10.32,0.32,6.5));
#3234 = VECTOR('',#3235,1.);
#3235 = DIRECTION('',(-0.,0.,-1.));
#3236 = ORIENTED_EDGE('',*,*,#3237,.T.);
#3237 = EDGE_CURVE('',#3230,#3238,#3240,.T.);
#3238 = VERTEX_POINT('',#3239);
#3239 = CARTESIAN_POINT('',(9.68,0.32,6.3));
#3240 = LINE('',#3241,#3242);
#3241 = CARTESIAN_POINT('',(10.32,0.32,6.3));
#3242 = VECTOR('',#3243,1.);
#3243 = DIRECTION('',(-1.,1.224646799147E-16,0.));
#3244 = ORIENTED_EDGE('',*,*,#3245,.T.);
#3245 = EDGE_CURVE('',#3238,#2295,#3246,.T.);
#3246 = LINE('',#3247,#3248);
#3247 = CARTESIAN_POINT('',(9.68,0.32,6.5));
#3248 = VECTOR('',#3249,1.);
#3249 = DIRECTION('',(-0.,0.,-1.));
#3250 = ORIENTED_EDGE('',*,*,#2294,.T.);
#3251 = PLANE('',#3252);
#3252 = AXIS2_PLACEMENT_3D('',#3253,#3254,#3255);
#3253 = CARTESIAN_POINT('',(10.32,0.32,6.5));
#3254 = DIRECTION('',(-1.224646799147E-16,-1.,0.));
#3255 = DIRECTION('',(-0.,0.,-1.));
#3256 = ADVANCED_FACE('',(#3257),#3275,.T.);
#3257 = FACE_BOUND('',#3258,.T.);
#3258 = EDGE_LOOP('',(#3259,#3260,#3268,#3274));
#3259 = ORIENTED_EDGE('',*,*,#2320,.T.);
#3260 = ORIENTED_EDGE('',*,*,#3261,.T.);
#3261 = EDGE_CURVE('',#2313,#3262,#3264,.T.);
#3262 = VERTEX_POINT('',#3263);
#3263 = CARTESIAN_POINT('',(9.68,-0.32,6.3));
#3264 = LINE('',#3265,#3266);
#3265 = CARTESIAN_POINT('',(9.68,-0.32,-3.4));
#3266 = VECTOR('',#3267,1.);
#3267 = DIRECTION('',(0.,0.,1.));
#3268 = ORIENTED_EDGE('',*,*,#3269,.T.);
#3269 = EDGE_CURVE('',#3262,#3238,#3270,.T.);
#3270 = LINE('',#3271,#3272);
#3271 = CARTESIAN_POINT('',(9.68,-0.32,6.3));
#3272 = VECTOR('',#3273,1.);
#3273 = DIRECTION('',(1.224646799147E-16,1.,0.));
#3274 = ORIENTED_EDGE('',*,*,#3245,.T.);
#3275 = PLANE('',#3276);
#3276 = AXIS2_PLACEMENT_3D('',#3277,#3278,#3279);
#3277 = CARTESIAN_POINT('',(9.68,-2.669730022141E-16,1.55));
#3278 = DIRECTION('',(-1.,1.224646799147E-16,0.));
#3279 = DIRECTION('',(0.,0.,1.));
#3280 = ADVANCED_FACE('',(#3281),#3299,.F.);
#3281 = FACE_BOUND('',#3282,.F.);
#3282 = EDGE_LOOP('',(#3283,#3291,#3292,#3293));
#3283 = ORIENTED_EDGE('',*,*,#3284,.F.);
#3284 = EDGE_CURVE('',#2305,#3285,#3287,.T.);
#3285 = VERTEX_POINT('',#3286);
#3286 = CARTESIAN_POINT('',(10.32,-0.32,6.3));
#3287 = LINE('',#3288,#3289);
#3288 = CARTESIAN_POINT('',(10.32,-0.32,-3.4));
#3289 = VECTOR('',#3290,1.);
#3290 = DIRECTION('',(0.,0.,1.));
#3291 = ORIENTED_EDGE('',*,*,#2312,.T.);
#3292 = ORIENTED_EDGE('',*,*,#3261,.T.);
#3293 = ORIENTED_EDGE('',*,*,#3294,.F.);
#3294 = EDGE_CURVE('',#3285,#3262,#3295,.T.);
#3295 = LINE('',#3296,#3297);
#3296 = CARTESIAN_POINT('',(10.32,-0.32,6.3));
#3297 = VECTOR('',#3298,1.);
#3298 = DIRECTION('',(-1.,1.224646799147E-16,0.));
#3299 = PLANE('',#3300);
#3300 = AXIS2_PLACEMENT_3D('',#3301,#3302,#3303);
#3301 = CARTESIAN_POINT('',(10.32,-0.32,-3.4));
#3302 = DIRECTION('',(1.224646799147E-16,1.,0.));
#3303 = DIRECTION('',(0.,-0.,1.));
#3304 = ADVANCED_FACE('',(#3305),#3316,.F.);
#3305 = FACE_BOUND('',#3306,.F.);
#3306 = EDGE_LOOP('',(#3307,#3308,#3309,#3315));
#3307 = ORIENTED_EDGE('',*,*,#2304,.T.);
#3308 = ORIENTED_EDGE('',*,*,#3284,.T.);
#3309 = ORIENTED_EDGE('',*,*,#3310,.T.);
#3310 = EDGE_CURVE('',#3285,#3230,#3311,.T.);
#3311 = LINE('',#3312,#3313);
#3312 = CARTESIAN_POINT('',(10.32,-0.32,6.3));
#3313 = VECTOR('',#3314,1.);
#3314 = DIRECTION('',(1.224646799147E-16,1.,0.));
#3315 = ORIENTED_EDGE('',*,*,#3229,.T.);
#3316 = PLANE('',#3317);
#3317 = AXIS2_PLACEMENT_3D('',#3318,#3319,#3320);
#3318 = CARTESIAN_POINT('',(10.32,-3.453503973596E-16,1.55));
#3319 = DIRECTION('',(-1.,1.224646799147E-16,0.));
#3320 = DIRECTION('',(0.,0.,1.));
#3321 = ADVANCED_FACE('',(#3322),#3347,.F.);
#3322 = FACE_BOUND('',#3323,.F.);
#3323 = EDGE_LOOP('',(#3324,#3332,#3340,#3346));
#3324 = ORIENTED_EDGE('',*,*,#3325,.F.);
#3325 = EDGE_CURVE('',#3326,#2331,#3328,.T.);
#3326 = VERTEX_POINT('',#3327);
#3327 = CARTESIAN_POINT('',(7.82,0.32,6.3));
#3328 = LINE('',#3329,#3330);
#3329 = CARTESIAN_POINT('',(7.82,0.32,6.5));
#3330 = VECTOR('',#3331,1.);
#3331 = DIRECTION('',(-0.,0.,-1.));
#3332 = ORIENTED_EDGE('',*,*,#3333,.T.);
#3333 = EDGE_CURVE('',#3326,#3334,#3336,.T.);
#3334 = VERTEX_POINT('',#3335);
#3335 = CARTESIAN_POINT('',(7.18,0.32,6.3));
#3336 = LINE('',#3337,#3338);
#3337 = CARTESIAN_POINT('',(7.82,0.32,6.3));
#3338 = VECTOR('',#3339,1.);
#3339 = DIRECTION('',(-1.,1.224646799147E-16,0.));
#3340 = ORIENTED_EDGE('',*,*,#3341,.T.);
#3341 = EDGE_CURVE('',#3334,#2329,#3342,.T.);
#3342 = LINE('',#3343,#3344);
#3343 = CARTESIAN_POINT('',(7.18,0.32,6.5));
#3344 = VECTOR('',#3345,1.);
#3345 = DIRECTION('',(-0.,0.,-1.));
#3346 = ORIENTED_EDGE('',*,*,#2328,.T.);
#3347 = PLANE('',#3348);
#3348 = AXIS2_PLACEMENT_3D('',#3349,#3350,#3351);
#3349 = CARTESIAN_POINT('',(7.82,0.32,6.5));
#3350 = DIRECTION('',(-1.224646799147E-16,-1.,0.));
#3351 = DIRECTION('',(-0.,0.,-1.));
#3352 = ADVANCED_FACE('',(#3353),#3371,.T.);
#3353 = FACE_BOUND('',#3354,.T.);
#3354 = EDGE_LOOP('',(#3355,#3356,#3364,#3370));
#3355 = ORIENTED_EDGE('',*,*,#2354,.T.);
#3356 = ORIENTED_EDGE('',*,*,#3357,.T.);
#3357 = EDGE_CURVE('',#2347,#3358,#3360,.T.);
#3358 = VERTEX_POINT('',#3359);
#3359 = CARTESIAN_POINT('',(7.18,-0.32,6.3));
#3360 = LINE('',#3361,#3362);
#3361 = CARTESIAN_POINT('',(7.18,-0.32,-3.4));
#3362 = VECTOR('',#3363,1.);
#3363 = DIRECTION('',(0.,0.,1.));
#3364 = ORIENTED_EDGE('',*,*,#3365,.T.);
#3365 = EDGE_CURVE('',#3358,#3334,#3366,.T.);
#3366 = LINE('',#3367,#3368);
#3367 = CARTESIAN_POINT('',(7.18,-0.32,6.3));
#3368 = VECTOR('',#3369,1.);
#3369 = DIRECTION('',(1.224646799147E-16,1.,0.));
#3370 = ORIENTED_EDGE('',*,*,#3341,.T.);
#3371 = PLANE('',#3372);
#3372 = AXIS2_PLACEMENT_3D('',#3373,#3374,#3375);
#3373 = CARTESIAN_POINT('',(7.18,3.918869757272E-17,1.55));
#3374 = DIRECTION('',(-1.,1.224646799147E-16,0.));
#3375 = DIRECTION('',(0.,0.,1.));
#3376 = ADVANCED_FACE('',(#3377),#3395,.F.);
#3377 = FACE_BOUND('',#3378,.F.);
#3378 = EDGE_LOOP('',(#3379,#3387,#3388,#3389));
#3379 = ORIENTED_EDGE('',*,*,#3380,.F.);
#3380 = EDGE_CURVE('',#2339,#3381,#3383,.T.);
#3381 = VERTEX_POINT('',#3382);
#3382 = CARTESIAN_POINT('',(7.82,-0.32,6.3));
#3383 = LINE('',#3384,#3385);
#3384 = CARTESIAN_POINT('',(7.82,-0.32,-3.4));
#3385 = VECTOR('',#3386,1.);
#3386 = DIRECTION('',(0.,0.,1.));
#3387 = ORIENTED_EDGE('',*,*,#2346,.T.);
#3388 = ORIENTED_EDGE('',*,*,#3357,.T.);
#3389 = ORIENTED_EDGE('',*,*,#3390,.F.);
#3390 = EDGE_CURVE('',#3381,#3358,#3391,.T.);
#3391 = LINE('',#3392,#3393);
#3392 = CARTESIAN_POINT('',(7.82,-0.32,6.3));
#3393 = VECTOR('',#3394,1.);
#3394 = DIRECTION('',(-1.,1.224646799147E-16,0.));
#3395 = PLANE('',#3396);
#3396 = AXIS2_PLACEMENT_3D('',#3397,#3398,#3399);
#3397 = CARTESIAN_POINT('',(7.82,-0.32,-3.4));
#3398 = DIRECTION('',(1.224646799147E-16,1.,0.));
#3399 = DIRECTION('',(0.,-0.,1.));
#3400 = ADVANCED_FACE('',(#3401),#3412,.F.);
#3401 = FACE_BOUND('',#3402,.F.);
#3402 = EDGE_LOOP('',(#3403,#3404,#3405,#3411));
#3403 = ORIENTED_EDGE('',*,*,#2338,.T.);
#3404 = ORIENTED_EDGE('',*,*,#3380,.T.);
#3405 = ORIENTED_EDGE('',*,*,#3406,.T.);
#3406 = EDGE_CURVE('',#3381,#3326,#3407,.T.);
#3407 = LINE('',#3408,#3409);
#3408 = CARTESIAN_POINT('',(7.82,-0.32,6.3));
#3409 = VECTOR('',#3410,1.);
#3410 = DIRECTION('',(1.224646799147E-16,1.,0.));
#3411 = ORIENTED_EDGE('',*,*,#3325,.T.);
#3412 = PLANE('',#3413);
#3413 = AXIS2_PLACEMENT_3D('',#3414,#3415,#3416);
#3414 = CARTESIAN_POINT('',(7.82,-3.918869757272E-17,1.55));
#3415 = DIRECTION('',(-1.,1.224646799147E-16,0.));
#3416 = DIRECTION('',(0.,0.,1.));
#3417 = ADVANCED_FACE('',(#3418),#3443,.T.);
#3418 = FACE_BOUND('',#3419,.T.);
#3419 = EDGE_LOOP('',(#3420,#3421,#3429,#3437));
#3420 = ORIENTED_EDGE('',*,*,#2362,.T.);
#3421 = ORIENTED_EDGE('',*,*,#3422,.T.);
#3422 = EDGE_CURVE('',#2365,#3423,#3425,.T.);
#3423 = VERTEX_POINT('',#3424);
#3424 = CARTESIAN_POINT('',(4.68,-0.32,6.3));
#3425 = LINE('',#3426,#3427);
#3426 = CARTESIAN_POINT('',(4.68,-0.32,-3.4));
#3427 = VECTOR('',#3428,1.);
#3428 = DIRECTION('',(0.,0.,1.));
#3429 = ORIENTED_EDGE('',*,*,#3430,.T.);
#3430 = EDGE_CURVE('',#3423,#3431,#3433,.T.);
#3431 = VERTEX_POINT('',#3432);
#3432 = CARTESIAN_POINT('',(4.68,0.32,6.3));
#3433 = LINE('',#3434,#3435);
#3434 = CARTESIAN_POINT('',(4.68,-0.32,6.3));
#3435 = VECTOR('',#3436,1.);
#3436 = DIRECTION('',(1.224646799147E-16,1.,0.));
#3437 = ORIENTED_EDGE('',*,*,#3438,.T.);
#3438 = EDGE_CURVE('',#3431,#2363,#3439,.T.);
#3439 = LINE('',#3440,#3441);
#3440 = CARTESIAN_POINT('',(4.68,0.32,6.5));
#3441 = VECTOR('',#3442,1.);
#3442 = DIRECTION('',(-0.,0.,-1.));
#3443 = PLANE('',#3444);
#3444 = AXIS2_PLACEMENT_3D('',#3445,#3446,#3447);
#3445 = CARTESIAN_POINT('',(4.68,3.453503973596E-16,1.55));
#3446 = DIRECTION('',(-1.,1.224646799147E-16,0.));
#3447 = DIRECTION('',(0.,0.,1.));
#3448 = ADVANCED_FACE('',(#3449),#3467,.F.);
#3449 = FACE_BOUND('',#3450,.F.);
#3450 = EDGE_LOOP('',(#3451,#3459,#3460,#3461));
#3451 = ORIENTED_EDGE('',*,*,#3452,.F.);
#3452 = EDGE_CURVE('',#2381,#3453,#3455,.T.);
#3453 = VERTEX_POINT('',#3454);
#3454 = CARTESIAN_POINT('',(5.32,-0.32,6.3));
#3455 = LINE('',#3456,#3457);
#3456 = CARTESIAN_POINT('',(5.32,-0.32,-3.4));
#3457 = VECTOR('',#3458,1.);
#3458 = DIRECTION('',(0.,0.,1.));
#3459 = ORIENTED_EDGE('',*,*,#2388,.T.);
#3460 = ORIENTED_EDGE('',*,*,#3422,.T.);
#3461 = ORIENTED_EDGE('',*,*,#3462,.F.);
#3462 = EDGE_CURVE('',#3453,#3423,#3463,.T.);
#3463 = LINE('',#3464,#3465);
#3464 = CARTESIAN_POINT('',(5.32,-0.32,6.3));
#3465 = VECTOR('',#3466,1.);
#3466 = DIRECTION('',(-1.,1.224646799147E-16,0.));
#3467 = PLANE('',#3468);
#3468 = AXIS2_PLACEMENT_3D('',#3469,#3470,#3471);
#3469 = CARTESIAN_POINT('',(5.32,-0.32,-3.4));
#3470 = DIRECTION('',(1.224646799147E-16,1.,0.));
#3471 = DIRECTION('',(0.,-0.,1.));
#3472 = ADVANCED_FACE('',(#3473),#3491,.F.);
#3473 = FACE_BOUND('',#3474,.F.);
#3474 = EDGE_LOOP('',(#3475,#3476,#3477,#3485));
#3475 = ORIENTED_EDGE('',*,*,#2380,.T.);
#3476 = ORIENTED_EDGE('',*,*,#3452,.T.);
#3477 = ORIENTED_EDGE('',*,*,#3478,.T.);
#3478 = EDGE_CURVE('',#3453,#3479,#3481,.T.);
#3479 = VERTEX_POINT('',#3480);
#3480 = CARTESIAN_POINT('',(5.32,0.32,6.3));
#3481 = LINE('',#3482,#3483);
#3482 = CARTESIAN_POINT('',(5.32,-0.32,6.3));
#3483 = VECTOR('',#3484,1.);
#3484 = DIRECTION('',(1.224646799147E-16,1.,0.));
#3485 = ORIENTED_EDGE('',*,*,#3486,.T.);
#3486 = EDGE_CURVE('',#3479,#2373,#3487,.T.);
#3487 = LINE('',#3488,#3489);
#3488 = CARTESIAN_POINT('',(5.32,0.32,6.5));
#3489 = VECTOR('',#3490,1.);
#3490 = DIRECTION('',(-0.,0.,-1.));
#3491 = PLANE('',#3492);
#3492 = AXIS2_PLACEMENT_3D('',#3493,#3494,#3495);
#3493 = CARTESIAN_POINT('',(5.32,2.669730022141E-16,1.55));
#3494 = DIRECTION('',(-1.,1.224646799147E-16,0.));
#3495 = DIRECTION('',(0.,0.,1.));
#3496 = ADVANCED_FACE('',(#3497),#3508,.F.);
#3497 = FACE_BOUND('',#3498,.F.);
#3498 = EDGE_LOOP('',(#3499,#3500,#3506,#3507));
#3499 = ORIENTED_EDGE('',*,*,#3486,.F.);
#3500 = ORIENTED_EDGE('',*,*,#3501,.T.);
#3501 = EDGE_CURVE('',#3479,#3431,#3502,.T.);
#3502 = LINE('',#3503,#3504);
#3503 = CARTESIAN_POINT('',(5.32,0.32,6.3));
#3504 = VECTOR('',#3505,1.);
#3505 = DIRECTION('',(-1.,1.224646799147E-16,0.));
#3506 = ORIENTED_EDGE('',*,*,#3438,.T.);
#3507 = ORIENTED_EDGE('',*,*,#2372,.T.);
#3508 = PLANE('',#3509);
#3509 = AXIS2_PLACEMENT_3D('',#3510,#3511,#3512);
#3510 = CARTESIAN_POINT('',(5.32,0.32,6.5));
#3511 = DIRECTION('',(-1.224646799147E-16,-1.,0.));
#3512 = DIRECTION('',(-0.,0.,-1.));
#3513 = ADVANCED_FACE('',(#3514),#3539,.T.);
#3514 = FACE_BOUND('',#3515,.T.);
#3515 = EDGE_LOOP('',(#3516,#3517,#3525,#3533));
#3516 = ORIENTED_EDGE('',*,*,#2396,.T.);
#3517 = ORIENTED_EDGE('',*,*,#3518,.T.);
#3518 = EDGE_CURVE('',#2399,#3519,#3521,.T.);
#3519 = VERTEX_POINT('',#3520);
#3520 = CARTESIAN_POINT('',(2.18,-0.32,6.3));
#3521 = LINE('',#3522,#3523);
#3522 = CARTESIAN_POINT('',(2.18,-0.32,-3.4));
#3523 = VECTOR('',#3524,1.);
#3524 = DIRECTION('',(0.,0.,1.));
#3525 = ORIENTED_EDGE('',*,*,#3526,.T.);
#3526 = EDGE_CURVE('',#3519,#3527,#3529,.T.);
#3527 = VERTEX_POINT('',#3528);
#3528 = CARTESIAN_POINT('',(2.18,0.32,6.3));
#3529 = LINE('',#3530,#3531);
#3530 = CARTESIAN_POINT('',(2.18,-0.32,6.3));
#3531 = VECTOR('',#3532,1.);
#3532 = DIRECTION('',(1.224646799147E-16,1.,0.));
#3533 = ORIENTED_EDGE('',*,*,#3534,.T.);
#3534 = EDGE_CURVE('',#3527,#2397,#3535,.T.);
#3535 = LINE('',#3536,#3537);
#3536 = CARTESIAN_POINT('',(2.18,0.32,6.5));
#3537 = VECTOR('',#3538,1.);
#3538 = DIRECTION('',(-0.,0.,-1.));
#3539 = PLANE('',#3540);
#3540 = AXIS2_PLACEMENT_3D('',#3541,#3542,#3543);
#3541 = CARTESIAN_POINT('',(2.18,6.515120971464E-16,1.55));
#3542 = DIRECTION('',(-1.,1.224646799147E-16,0.));
#3543 = DIRECTION('',(0.,0.,1.));
#3544 = ADVANCED_FACE('',(#3545),#3563,.F.);
#3545 = FACE_BOUND('',#3546,.F.);
#3546 = EDGE_LOOP('',(#3547,#3555,#3556,#3557));
#3547 = ORIENTED_EDGE('',*,*,#3548,.F.);
#3548 = EDGE_CURVE('',#2415,#3549,#3551,.T.);
#3549 = VERTEX_POINT('',#3550);
#3550 = CARTESIAN_POINT('',(2.82,-0.32,6.3));
#3551 = LINE('',#3552,#3553);
#3552 = CARTESIAN_POINT('',(2.82,-0.32,-3.4));
#3553 = VECTOR('',#3554,1.);
#3554 = DIRECTION('',(0.,0.,1.));
#3555 = ORIENTED_EDGE('',*,*,#2422,.T.);
#3556 = ORIENTED_EDGE('',*,*,#3518,.T.);
#3557 = ORIENTED_EDGE('',*,*,#3558,.F.);
#3558 = EDGE_CURVE('',#3549,#3519,#3559,.T.);
#3559 = LINE('',#3560,#3561);
#3560 = CARTESIAN_POINT('',(2.82,-0.32,6.3));
#3561 = VECTOR('',#3562,1.);
#3562 = DIRECTION('',(-1.,1.224646799147E-16,0.));
#3563 = PLANE('',#3564);
#3564 = AXIS2_PLACEMENT_3D('',#3565,#3566,#3567);
#3565 = CARTESIAN_POINT('',(2.82,-0.32,-3.4));
#3566 = DIRECTION('',(1.224646799147E-16,1.,0.));
#3567 = DIRECTION('',(0.,-0.,1.));
#3568 = ADVANCED_FACE('',(#3569),#3587,.F.);
#3569 = FACE_BOUND('',#3570,.F.);
#3570 = EDGE_LOOP('',(#3571,#3572,#3573,#3581));
#3571 = ORIENTED_EDGE('',*,*,#2414,.T.);
#3572 = ORIENTED_EDGE('',*,*,#3548,.T.);
#3573 = ORIENTED_EDGE('',*,*,#3574,.T.);
#3574 = EDGE_CURVE('',#3549,#3575,#3577,.T.);
#3575 = VERTEX_POINT('',#3576);
#3576 = CARTESIAN_POINT('',(2.82,0.32,6.3));
#3577 = LINE('',#3578,#3579);
#3578 = CARTESIAN_POINT('',(2.82,-0.32,6.3));
#3579 = VECTOR('',#3580,1.);
#3580 = DIRECTION('',(1.224646799147E-16,1.,0.));
#3581 = ORIENTED_EDGE('',*,*,#3582,.T.);
#3582 = EDGE_CURVE('',#3575,#2407,#3583,.T.);
#3583 = LINE('',#3584,#3585);
#3584 = CARTESIAN_POINT('',(2.82,0.32,6.5));
#3585 = VECTOR('',#3586,1.);
#3586 = DIRECTION('',(-0.,0.,-1.));
#3587 = PLANE('',#3588);
#3588 = AXIS2_PLACEMENT_3D('',#3589,#3590,#3591);
#3589 = CARTESIAN_POINT('',(2.82,5.73134702001E-16,1.55));
#3590 = DIRECTION('',(-1.,1.224646799147E-16,0.));
#3591 = DIRECTION('',(0.,0.,1.));
#3592 = ADVANCED_FACE('',(#3593),#3604,.F.);
#3593 = FACE_BOUND('',#3594,.F.);
#3594 = EDGE_LOOP('',(#3595,#3596,#3602,#3603));
#3595 = ORIENTED_EDGE('',*,*,#3582,.F.);
#3596 = ORIENTED_EDGE('',*,*,#3597,.T.);
#3597 = EDGE_CURVE('',#3575,#3527,#3598,.T.);
#3598 = LINE('',#3599,#3600);
#3599 = CARTESIAN_POINT('',(2.82,0.32,6.3));
#3600 = VECTOR('',#3601,1.);
#3601 = DIRECTION('',(-1.,1.224646799147E-16,0.));
#3602 = ORIENTED_EDGE('',*,*,#3534,.T.);
#3603 = ORIENTED_EDGE('',*,*,#2406,.T.);
#3604 = PLANE('',#3605);
#3605 = AXIS2_PLACEMENT_3D('',#3606,#3607,#3608);
#3606 = CARTESIAN_POINT('',(2.82,0.32,6.5));
#3607 = DIRECTION('',(-1.224646799147E-16,-1.,0.));
#3608 = DIRECTION('',(-0.,0.,-1.));
#3609 = ADVANCED_FACE('',(#3610),#3635,.T.);
#3610 = FACE_BOUND('',#3611,.T.);
#3611 = EDGE_LOOP('',(#3612,#3613,#3621,#3629));
#3612 = ORIENTED_EDGE('',*,*,#2430,.T.);
#3613 = ORIENTED_EDGE('',*,*,#3614,.T.);
#3614 = EDGE_CURVE('',#2433,#3615,#3617,.T.);
#3615 = VERTEX_POINT('',#3616);
#3616 = CARTESIAN_POINT('',(12.18,-0.32,6.3));
#3617 = LINE('',#3618,#3619);
#3618 = CARTESIAN_POINT('',(12.18,-0.32,-3.4));
#3619 = VECTOR('',#3620,1.);
#3620 = DIRECTION('',(0.,0.,1.));
#3621 = ORIENTED_EDGE('',*,*,#3622,.T.);
#3622 = EDGE_CURVE('',#3615,#3623,#3625,.T.);
#3623 = VERTEX_POINT('',#3624);
#3624 = CARTESIAN_POINT('',(12.18,0.32,6.3));
#3625 = LINE('',#3626,#3627);
#3626 = CARTESIAN_POINT('',(12.18,-0.32,6.3));
#3627 = VECTOR('',#3628,1.);
#3628 = DIRECTION('',(1.224646799147E-16,1.,0.));
#3629 = ORIENTED_EDGE('',*,*,#3630,.T.);
#3630 = EDGE_CURVE('',#3623,#2431,#3631,.T.);
#3631 = LINE('',#3632,#3633);
#3632 = CARTESIAN_POINT('',(12.18,0.32,6.5));
#3633 = VECTOR('',#3634,1.);
#3634 = DIRECTION('',(-0.,0.,-1.));
#3635 = PLANE('',#3636);
#3636 = AXIS2_PLACEMENT_3D('',#3637,#3638,#3639);
#3637 = CARTESIAN_POINT('',(12.18,-5.73134702001E-16,1.55));
#3638 = DIRECTION('',(-1.,1.224646799147E-16,0.));
#3639 = DIRECTION('',(0.,0.,1.));
#3640 = ADVANCED_FACE('',(#3641),#3659,.F.);
#3641 = FACE_BOUND('',#3642,.F.);
#3642 = EDGE_LOOP('',(#3643,#3651,#3652,#3653));
#3643 = ORIENTED_EDGE('',*,*,#3644,.F.);
#3644 = EDGE_CURVE('',#2449,#3645,#3647,.T.);
#3645 = VERTEX_POINT('',#3646);
#3646 = CARTESIAN_POINT('',(12.82,-0.32,6.3));
#3647 = LINE('',#3648,#3649);
#3648 = CARTESIAN_POINT('',(12.82,-0.32,-3.4));
#3649 = VECTOR('',#3650,1.);
#3650 = DIRECTION('',(0.,0.,1.));
#3651 = ORIENTED_EDGE('',*,*,#2456,.T.);
#3652 = ORIENTED_EDGE('',*,*,#3614,.T.);
#3653 = ORIENTED_EDGE('',*,*,#3654,.F.);
#3654 = EDGE_CURVE('',#3645,#3615,#3655,.T.);
#3655 = LINE('',#3656,#3657);
#3656 = CARTESIAN_POINT('',(12.82,-0.32,6.3));
#3657 = VECTOR('',#3658,1.);
#3658 = DIRECTION('',(-1.,1.224646799147E-16,0.));
#3659 = PLANE('',#3660);
#3660 = AXIS2_PLACEMENT_3D('',#3661,#3662,#3663);
#3661 = CARTESIAN_POINT('',(12.82,-0.32,-3.4));
#3662 = DIRECTION('',(1.224646799147E-16,1.,0.));
#3663 = DIRECTION('',(0.,-0.,1.));
#3664 = ADVANCED_FACE('',(#3665),#3683,.F.);
#3665 = FACE_BOUND('',#3666,.F.);
#3666 = EDGE_LOOP('',(#3667,#3668,#3669,#3677));
#3667 = ORIENTED_EDGE('',*,*,#2448,.T.);
#3668 = ORIENTED_EDGE('',*,*,#3644,.T.);
#3669 = ORIENTED_EDGE('',*,*,#3670,.T.);
#3670 = EDGE_CURVE('',#3645,#3671,#3673,.T.);
#3671 = VERTEX_POINT('',#3672);
#3672 = CARTESIAN_POINT('',(12.82,0.32,6.3));
#3673 = LINE('',#3674,#3675);
#3674 = CARTESIAN_POINT('',(12.82,-0.32,6.3));
#3675 = VECTOR('',#3676,1.);
#3676 = DIRECTION('',(1.224646799147E-16,1.,0.));
#3677 = ORIENTED_EDGE('',*,*,#3678,.T.);
#3678 = EDGE_CURVE('',#3671,#2441,#3679,.T.);
#3679 = LINE('',#3680,#3681);
#3680 = CARTESIAN_POINT('',(12.82,0.32,6.5));
#3681 = VECTOR('',#3682,1.);
#3682 = DIRECTION('',(-0.,0.,-1.));
#3683 = PLANE('',#3684);
#3684 = AXIS2_PLACEMENT_3D('',#3685,#3686,#3687);
#3685 = CARTESIAN_POINT('',(12.82,-6.515120971464E-16,1.55));
#3686 = DIRECTION('',(-1.,1.224646799147E-16,0.));
#3687 = DIRECTION('',(0.,0.,1.));
#3688 = ADVANCED_FACE('',(#3689),#3700,.F.);
#3689 = FACE_BOUND('',#3690,.F.);
#3690 = EDGE_LOOP('',(#3691,#3692,#3698,#3699));
#3691 = ORIENTED_EDGE('',*,*,#3678,.F.);
#3692 = ORIENTED_EDGE('',*,*,#3693,.T.);
#3693 = EDGE_CURVE('',#3671,#3623,#3694,.T.);
#3694 = LINE('',#3695,#3696);
#3695 = CARTESIAN_POINT('',(12.82,0.32,6.3));
#3696 = VECTOR('',#3697,1.);
#3697 = DIRECTION('',(-1.,1.224646799147E-16,0.));
#3698 = ORIENTED_EDGE('',*,*,#3630,.T.);
#3699 = ORIENTED_EDGE('',*,*,#2440,.T.);
#3700 = PLANE('',#3701);
#3701 = AXIS2_PLACEMENT_3D('',#3702,#3703,#3704);
#3702 = CARTESIAN_POINT('',(12.82,0.32,6.5));
#3703 = DIRECTION('',(-1.224646799147E-16,-1.,0.));
#3704 = DIRECTION('',(-0.,0.,-1.));
#3705 = ADVANCED_FACE('',(#3706),#3731,.F.);
#3706 = FACE_BOUND('',#3707,.F.);
#3707 = EDGE_LOOP('',(#3708,#3716,#3724,#3730));
#3708 = ORIENTED_EDGE('',*,*,#3709,.F.);
#3709 = EDGE_CURVE('',#3710,#2467,#3712,.T.);
#3710 = VERTEX_POINT('',#3711);
#3711 = CARTESIAN_POINT('',(15.32,0.32,6.3));
#3712 = LINE('',#3713,#3714);
#3713 = CARTESIAN_POINT('',(15.32,0.32,6.5));
#3714 = VECTOR('',#3715,1.);
#3715 = DIRECTION('',(-0.,0.,-1.));
#3716 = ORIENTED_EDGE('',*,*,#3717,.T.);
#3717 = EDGE_CURVE('',#3710,#3718,#3720,.T.);
#3718 = VERTEX_POINT('',#3719);
#3719 = CARTESIAN_POINT('',(14.68,0.32,6.3));
#3720 = LINE('',#3721,#3722);
#3721 = CARTESIAN_POINT('',(15.32,0.32,6.3));
#3722 = VECTOR('',#3723,1.);
#3723 = DIRECTION('',(-1.,1.224646799147E-16,0.));
#3724 = ORIENTED_EDGE('',*,*,#3725,.T.);
#3725 = EDGE_CURVE('',#3718,#2465,#3726,.T.);
#3726 = LINE('',#3727,#3728);
#3727 = CARTESIAN_POINT('',(14.68,0.32,6.5));
#3728 = VECTOR('',#3729,1.);
#3729 = DIRECTION('',(-0.,0.,-1.));
#3730 = ORIENTED_EDGE('',*,*,#2464,.T.);
#3731 = PLANE('',#3732);
#3732 = AXIS2_PLACEMENT_3D('',#3733,#3734,#3735);
#3733 = CARTESIAN_POINT('',(15.32,0.32,6.5));
#3734 = DIRECTION('',(-1.224646799147E-16,-1.,0.));
#3735 = DIRECTION('',(-0.,0.,-1.));
#3736 = ADVANCED_FACE('',(#3737),#3755,.T.);
#3737 = FACE_BOUND('',#3738,.T.);
#3738 = EDGE_LOOP('',(#3739,#3740,#3748,#3754));
#3739 = ORIENTED_EDGE('',*,*,#2490,.T.);
#3740 = ORIENTED_EDGE('',*,*,#3741,.T.);
#3741 = EDGE_CURVE('',#2483,#3742,#3744,.T.);
#3742 = VERTEX_POINT('',#3743);
#3743 = CARTESIAN_POINT('',(14.68,-0.32,6.3));
#3744 = LINE('',#3745,#3746);
#3745 = CARTESIAN_POINT('',(14.68,-0.32,-0.9));
#3746 = VECTOR('',#3747,1.);
#3747 = DIRECTION('',(0.,0.,1.));
#3748 = ORIENTED_EDGE('',*,*,#3749,.T.);
#3749 = EDGE_CURVE('',#3742,#3718,#3750,.T.);
#3750 = LINE('',#3751,#3752);
#3751 = CARTESIAN_POINT('',(14.68,-0.32,6.3));
#3752 = VECTOR('',#3753,1.);
#3753 = DIRECTION('',(1.224646799147E-16,1.,0.));
#3754 = ORIENTED_EDGE('',*,*,#3725,.T.);
#3755 = PLANE('',#3756);
#3756 = AXIS2_PLACEMENT_3D('',#3757,#3758,#3759);
#3757 = CARTESIAN_POINT('',(14.68,3.65940088399E-02,1.522832428212));
#3758 = DIRECTION('',(-1.,1.224646799147E-16,0.));
#3759 = DIRECTION('',(0.,0.,1.));
#3760 = ADVANCED_FACE('',(#3761),#3779,.F.);
#3761 = FACE_BOUND('',#3762,.F.);
#3762 = EDGE_LOOP('',(#3763,#3771,#3772,#3773));
#3763 = ORIENTED_EDGE('',*,*,#3764,.F.);
#3764 = EDGE_CURVE('',#2475,#3765,#3767,.T.);
#3765 = VERTEX_POINT('',#3766);
#3766 = CARTESIAN_POINT('',(15.32,-0.32,6.3));
#3767 = LINE('',#3768,#3769);
#3768 = CARTESIAN_POINT('',(15.32,-0.32,-0.9));
#3769 = VECTOR('',#3770,1.);
#3770 = DIRECTION('',(0.,0.,1.));
#3771 = ORIENTED_EDGE('',*,*,#2482,.T.);
#3772 = ORIENTED_EDGE('',*,*,#3741,.T.);
#3773 = ORIENTED_EDGE('',*,*,#3774,.F.);
#3774 = EDGE_CURVE('',#3765,#3742,#3775,.T.);
#3775 = LINE('',#3776,#3777);
#3776 = CARTESIAN_POINT('',(15.32,-0.32,6.3));
#3777 = VECTOR('',#3778,1.);
#3778 = DIRECTION('',(-1.,1.224646799147E-16,0.));
#3779 = PLANE('',#3780);
#3780 = AXIS2_PLACEMENT_3D('',#3781,#3782,#3783);
#3781 = CARTESIAN_POINT('',(15.32,-0.32,-0.9));
#3782 = DIRECTION('',(1.224646799147E-16,1.,0.));
#3783 = DIRECTION('',(0.,-0.,1.));
#3784 = ADVANCED_FACE('',(#3785),#3796,.F.);
#3785 = FACE_BOUND('',#3786,.F.);
#3786 = EDGE_LOOP('',(#3787,#3788,#3789,#3795));
#3787 = ORIENTED_EDGE('',*,*,#2474,.T.);
#3788 = ORIENTED_EDGE('',*,*,#3764,.T.);
#3789 = ORIENTED_EDGE('',*,*,#3790,.T.);
#3790 = EDGE_CURVE('',#3765,#3710,#3791,.T.);
#3791 = LINE('',#3792,#3793);
#3792 = CARTESIAN_POINT('',(15.32,-0.32,6.3));
#3793 = VECTOR('',#3794,1.);
#3794 = DIRECTION('',(1.224646799147E-16,1.,0.));
#3795 = ORIENTED_EDGE('',*,*,#3709,.T.);
#3796 = PLANE('',#3797);
#3797 = AXIS2_PLACEMENT_3D('',#3798,#3799,#3800);
#3798 = CARTESIAN_POINT('',(15.32,3.65940088399E-02,1.522832428212));
#3799 = DIRECTION('',(-1.,1.224646799147E-16,0.));
#3800 = DIRECTION('',(0.,0.,1.));
#3801 = ADVANCED_FACE('',(#3802),#3827,.T.);
#3802 = FACE_BOUND('',#3803,.T.);
#3803 = EDGE_LOOP('',(#3804,#3805,#3813,#3821));
#3804 = ORIENTED_EDGE('',*,*,#2498,.T.);
#3805 = ORIENTED_EDGE('',*,*,#3806,.T.);
#3806 = EDGE_CURVE('',#2501,#3807,#3809,.T.);
#3807 = VERTEX_POINT('',#3808);
#3808 = CARTESIAN_POINT('',(-0.32,-0.32,6.3));
#3809 = LINE('',#3810,#3811);
#3810 = CARTESIAN_POINT('',(-0.32,-0.32,-0.9));
#3811 = VECTOR('',#3812,1.);
#3812 = DIRECTION('',(0.,0.,1.));
#3813 = ORIENTED_EDGE('',*,*,#3814,.T.);
#3814 = EDGE_CURVE('',#3807,#3815,#3817,.T.);
#3815 = VERTEX_POINT('',#3816);
#3816 = CARTESIAN_POINT('',(-0.32,0.32,6.3));
#3817 = LINE('',#3818,#3819);
#3818 = CARTESIAN_POINT('',(-0.32,-0.32,6.3));
#3819 = VECTOR('',#3820,1.);
#3820 = DIRECTION('',(1.224646799147E-16,1.,0.));
#3821 = ORIENTED_EDGE('',*,*,#3822,.T.);
#3822 = EDGE_CURVE('',#3815,#2499,#3823,.T.);
#3823 = LINE('',#3824,#3825);
#3824 = CARTESIAN_POINT('',(-0.32,0.32,6.5));
#3825 = VECTOR('',#3826,1.);
#3826 = DIRECTION('',(-0.,0.,-1.));
#3827 = PLANE('',#3828);
#3828 = AXIS2_PLACEMENT_3D('',#3829,#3830,#3831);
#3829 = CARTESIAN_POINT('',(-0.32,3.65940088399E-02,1.522832428212));
#3830 = DIRECTION('',(-1.,1.224646799147E-16,0.));
#3831 = DIRECTION('',(0.,0.,1.));
#3832 = ADVANCED_FACE('',(#3833),#3851,.F.);
#3833 = FACE_BOUND('',#3834,.F.);
#3834 = EDGE_LOOP('',(#3835,#3843,#3844,#3845));
#3835 = ORIENTED_EDGE('',*,*,#3836,.F.);
#3836 = EDGE_CURVE('',#2517,#3837,#3839,.T.);
#3837 = VERTEX_POINT('',#3838);
#3838 = CARTESIAN_POINT('',(0.32,-0.32,6.3));
#3839 = LINE('',#3840,#3841);
#3840 = CARTESIAN_POINT('',(0.32,-0.32,-0.9));
#3841 = VECTOR('',#3842,1.);
#3842 = DIRECTION('',(0.,0.,1.));
#3843 = ORIENTED_EDGE('',*,*,#2524,.T.);
#3844 = ORIENTED_EDGE('',*,*,#3806,.T.);
#3845 = ORIENTED_EDGE('',*,*,#3846,.F.);
#3846 = EDGE_CURVE('',#3837,#3807,#3847,.T.);
#3847 = LINE('',#3848,#3849);
#3848 = CARTESIAN_POINT('',(0.32,-0.32,6.3));
#3849 = VECTOR('',#3850,1.);
#3850 = DIRECTION('',(-1.,1.224646799147E-16,0.));
#3851 = PLANE('',#3852);
#3852 = AXIS2_PLACEMENT_3D('',#3853,#3854,#3855);
#3853 = CARTESIAN_POINT('',(0.32,-0.32,-0.9));
#3854 = DIRECTION('',(1.224646799147E-16,1.,0.));
#3855 = DIRECTION('',(0.,-0.,1.));
#3856 = ADVANCED_FACE('',(#3857),#3875,.F.);
#3857 = FACE_BOUND('',#3858,.F.);
#3858 = EDGE_LOOP('',(#3859,#3860,#3861,#3869));
#3859 = ORIENTED_EDGE('',*,*,#2516,.T.);
#3860 = ORIENTED_EDGE('',*,*,#3836,.T.);
#3861 = ORIENTED_EDGE('',*,*,#3862,.T.);
#3862 = EDGE_CURVE('',#3837,#3863,#3865,.T.);
#3863 = VERTEX_POINT('',#3864);
#3864 = CARTESIAN_POINT('',(0.32,0.32,6.3));
#3865 = LINE('',#3866,#3867);
#3866 = CARTESIAN_POINT('',(0.32,-0.32,6.3));
#3867 = VECTOR('',#3868,1.);
#3868 = DIRECTION('',(1.224646799147E-16,1.,0.));
#3869 = ORIENTED_EDGE('',*,*,#3870,.T.);
#3870 = EDGE_CURVE('',#3863,#2509,#3871,.T.);
#3871 = LINE('',#3872,#3873);
#3872 = CARTESIAN_POINT('',(0.32,0.32,6.5));
#3873 = VECTOR('',#3874,1.);
#3874 = DIRECTION('',(-0.,0.,-1.));
#3875 = PLANE('',#3876);
#3876 = AXIS2_PLACEMENT_3D('',#3877,#3878,#3879);
#3877 = CARTESIAN_POINT('',(0.32,3.65940088399E-02,1.522832428212));
#3878 = DIRECTION('',(-1.,1.224646799147E-16,0.));
#3879 = DIRECTION('',(0.,0.,1.));
#3880 = ADVANCED_FACE('',(#3881),#3892,.F.);
#3881 = FACE_BOUND('',#3882,.F.);
#3882 = EDGE_LOOP('',(#3883,#3884,#3890,#3891));
#3883 = ORIENTED_EDGE('',*,*,#3870,.F.);
#3884 = ORIENTED_EDGE('',*,*,#3885,.T.);
#3885 = EDGE_CURVE('',#3863,#3815,#3886,.T.);
#3886 = LINE('',#3887,#3888);
#3887 = CARTESIAN_POINT('',(0.32,0.32,6.3));
#3888 = VECTOR('',#3889,1.);
#3889 = DIRECTION('',(-1.,1.224646799147E-16,0.));
#3890 = ORIENTED_EDGE('',*,*,#3822,.T.);
#3891 = ORIENTED_EDGE('',*,*,#2508,.T.);
#3892 = PLANE('',#3893);
#3893 = AXIS2_PLACEMENT_3D('',#3894,#3895,#3896);
#3894 = CARTESIAN_POINT('',(0.32,0.32,6.5));
#3895 = DIRECTION('',(-1.224646799147E-16,-1.,0.));
#3896 = DIRECTION('',(-0.,0.,-1.));
#3897 = ADVANCED_FACE('',(#3898),#3955,.T.);
#3898 = FACE_BOUND('',#3899,.T.);
#3899 = EDGE_LOOP('',(#3900,#3910,#3918,#3926,#3932,#3933,#3941,#3949));
#3900 = ORIENTED_EDGE('',*,*,#3901,.T.);
#3901 = EDGE_CURVE('',#3902,#3904,#3906,.T.);
#3902 = VERTEX_POINT('',#3903);
#3903 = CARTESIAN_POINT('',(-0.32,0.351578947368,-3.2));
#3904 = VERTEX_POINT('',#3905);
#3905 = CARTESIAN_POINT('',(-0.32,-0.288421052632,-3.2));
#3906 = LINE('',#3907,#3908);
#3907 = CARTESIAN_POINT('',(-0.32,0.32,-3.2));
#3908 = VECTOR('',#3909,1.);
#3909 = DIRECTION('',(-1.224646799147E-16,-1.,0.));
#3910 = ORIENTED_EDGE('',*,*,#3911,.T.);
#3911 = EDGE_CURVE('',#3904,#3912,#3914,.T.);
#3912 = VERTEX_POINT('',#3913);
#3913 = CARTESIAN_POINT('',(-0.32,-2.E-02,-1.5));
#3914 = LINE('',#3915,#3916);
#3915 = CARTESIAN_POINT('',(-0.32,-0.32,-3.4));
#3916 = VECTOR('',#3917,1.);
#3917 = DIRECTION('',(1.909990663905E-17,0.155962573473,0.987762965329)
  );
#3918 = ORIENTED_EDGE('',*,*,#3919,.T.);
#3919 = EDGE_CURVE('',#3912,#3920,#3922,.T.);
#3920 = VERTEX_POINT('',#3921);
#3921 = CARTESIAN_POINT('',(-0.32,-0.32,-0.9));
#3922 = LINE('',#3923,#3924);
#3923 = CARTESIAN_POINT('',(-0.32,-2.E-02,-1.5));
#3924 = VECTOR('',#3925,1.);
#3925 = DIRECTION('',(-5.476786982641E-17,-0.4472135955,0.894427191));
#3926 = ORIENTED_EDGE('',*,*,#3927,.T.);
#3927 = EDGE_CURVE('',#3920,#2916,#3928,.T.);
#3928 = LINE('',#3929,#3930);
#3929 = CARTESIAN_POINT('',(-0.32,-0.32,-0.9));
#3930 = VECTOR('',#3931,1.);
#3931 = DIRECTION('',(0.,0.,1.));
#3932 = ORIENTED_EDGE('',*,*,#2913,.F.);
#3933 = ORIENTED_EDGE('',*,*,#3934,.T.);
#3934 = EDGE_CURVE('',#2914,#3935,#3937,.T.);
#3935 = VERTEX_POINT('',#3936);
#3936 = CARTESIAN_POINT('',(-0.32,0.32,-0.9));
#3937 = LINE('',#3938,#3939);
#3938 = CARTESIAN_POINT('',(-0.32,0.32,6.5));
#3939 = VECTOR('',#3940,1.);
#3940 = DIRECTION('',(-0.,0.,-1.));
#3941 = ORIENTED_EDGE('',*,*,#3942,.T.);
#3942 = EDGE_CURVE('',#3935,#3943,#3945,.T.);
#3943 = VERTEX_POINT('',#3944);
#3944 = CARTESIAN_POINT('',(-0.32,0.62,-1.5));
#3945 = LINE('',#3946,#3947);
#3946 = CARTESIAN_POINT('',(-0.32,0.32,-0.9));
#3947 = VECTOR('',#3948,1.);
#3948 = DIRECTION('',(5.476786982641E-17,0.4472135955,-0.894427191));
#3949 = ORIENTED_EDGE('',*,*,#3950,.T.);
#3950 = EDGE_CURVE('',#3943,#3902,#3951,.T.);
#3951 = LINE('',#3952,#3953);
#3952 = CARTESIAN_POINT('',(-0.32,0.62,-1.5));
#3953 = VECTOR('',#3954,1.);
#3954 = DIRECTION('',(-1.909990663905E-17,-0.155962573473,
    -0.987762965329));
#3955 = PLANE('',#3956);
#3956 = AXIS2_PLACEMENT_3D('',#3957,#3958,#3959);
#3957 = CARTESIAN_POINT('',(-0.32,3.65940088399E-02,1.522832428212));
#3958 = DIRECTION('',(-1.,1.224646799147E-16,0.));
#3959 = DIRECTION('',(0.,0.,1.));
#3960 = ADVANCED_FACE('',(#3961),#3979,.F.);
#3961 = FACE_BOUND('',#3962,.F.);
#3962 = EDGE_LOOP('',(#3963,#3971,#3977,#3978));
#3963 = ORIENTED_EDGE('',*,*,#3964,.F.);
#3964 = EDGE_CURVE('',#3965,#2932,#3967,.T.);
#3965 = VERTEX_POINT('',#3966);
#3966 = CARTESIAN_POINT('',(0.32,-0.32,-0.9));
#3967 = LINE('',#3968,#3969);
#3968 = CARTESIAN_POINT('',(0.32,-0.32,-0.9));
#3969 = VECTOR('',#3970,1.);
#3970 = DIRECTION('',(0.,0.,1.));
#3971 = ORIENTED_EDGE('',*,*,#3972,.T.);
#3972 = EDGE_CURVE('',#3965,#3920,#3973,.T.);
#3973 = LINE('',#3974,#3975);
#3974 = CARTESIAN_POINT('',(0.32,-0.32,-0.9));
#3975 = VECTOR('',#3976,1.);
#3976 = DIRECTION('',(-1.,1.224646799147E-16,0.));
#3977 = ORIENTED_EDGE('',*,*,#3927,.T.);
#3978 = ORIENTED_EDGE('',*,*,#2939,.F.);
#3979 = PLANE('',#3980);
#3980 = AXIS2_PLACEMENT_3D('',#3981,#3982,#3983);
#3981 = CARTESIAN_POINT('',(0.32,-0.32,-0.9));
#3982 = DIRECTION('',(1.224646799147E-16,1.,0.));
#3983 = DIRECTION('',(0.,-0.,1.));
#3984 = ADVANCED_FACE('',(#3985),#4035,.F.);
#3985 = FACE_BOUND('',#3986,.F.);
#3986 = EDGE_LOOP('',(#3987,#3997,#4005,#4011,#4012,#4013,#4021,#4029));
#3987 = ORIENTED_EDGE('',*,*,#3988,.T.);
#3988 = EDGE_CURVE('',#3989,#3991,#3993,.T.);
#3989 = VERTEX_POINT('',#3990);
#3990 = CARTESIAN_POINT('',(0.32,0.351578947368,-3.2));
#3991 = VERTEX_POINT('',#3992);
#3992 = CARTESIAN_POINT('',(0.32,-0.288421052632,-3.2));
#3993 = LINE('',#3994,#3995);
#3994 = CARTESIAN_POINT('',(0.32,0.32,-3.2));
#3995 = VECTOR('',#3996,1.);
#3996 = DIRECTION('',(-1.224646799147E-16,-1.,0.));
#3997 = ORIENTED_EDGE('',*,*,#3998,.T.);
#3998 = EDGE_CURVE('',#3991,#3999,#4001,.T.);
#3999 = VERTEX_POINT('',#4000);
#4000 = CARTESIAN_POINT('',(0.32,-2.E-02,-1.5));
#4001 = LINE('',#4002,#4003);
#4002 = CARTESIAN_POINT('',(0.32,-0.32,-3.4));
#4003 = VECTOR('',#4004,1.);
#4004 = DIRECTION('',(1.909990663905E-17,0.155962573473,0.987762965329)
  );
#4005 = ORIENTED_EDGE('',*,*,#4006,.T.);
#4006 = EDGE_CURVE('',#3999,#3965,#4007,.T.);
#4007 = LINE('',#4008,#4009);
#4008 = CARTESIAN_POINT('',(0.32,-2.E-02,-1.5));
#4009 = VECTOR('',#4010,1.);
#4010 = DIRECTION('',(-5.476786982641E-17,-0.4472135955,0.894427191));
#4011 = ORIENTED_EDGE('',*,*,#3964,.T.);
#4012 = ORIENTED_EDGE('',*,*,#2931,.F.);
#4013 = ORIENTED_EDGE('',*,*,#4014,.T.);
#4014 = EDGE_CURVE('',#2924,#4015,#4017,.T.);
#4015 = VERTEX_POINT('',#4016);
#4016 = CARTESIAN_POINT('',(0.32,0.32,-0.9));
#4017 = LINE('',#4018,#4019);
#4018 = CARTESIAN_POINT('',(0.32,0.32,6.5));
#4019 = VECTOR('',#4020,1.);
#4020 = DIRECTION('',(-0.,0.,-1.));
#4021 = ORIENTED_EDGE('',*,*,#4022,.T.);
#4022 = EDGE_CURVE('',#4015,#4023,#4025,.T.);
#4023 = VERTEX_POINT('',#4024);
#4024 = CARTESIAN_POINT('',(0.32,0.62,-1.5));
#4025 = LINE('',#4026,#4027);
#4026 = CARTESIAN_POINT('',(0.32,0.32,-0.9));
#4027 = VECTOR('',#4028,1.);
#4028 = DIRECTION('',(5.476786982641E-17,0.4472135955,-0.894427191));
#4029 = ORIENTED_EDGE('',*,*,#4030,.T.);
#4030 = EDGE_CURVE('',#4023,#3989,#4031,.T.);
#4031 = LINE('',#4032,#4033);
#4032 = CARTESIAN_POINT('',(0.32,0.62,-1.5));
#4033 = VECTOR('',#4034,1.);
#4034 = DIRECTION('',(-1.909990663905E-17,-0.155962573473,
    -0.987762965329));
#4035 = PLANE('',#4036);
#4036 = AXIS2_PLACEMENT_3D('',#4037,#4038,#4039);
#4037 = CARTESIAN_POINT('',(0.32,3.65940088399E-02,1.522832428212));
#4038 = DIRECTION('',(-1.,1.224646799147E-16,0.));
#4039 = DIRECTION('',(0.,0.,1.));
#4040 = ADVANCED_FACE('',(#4041),#4052,.F.);
#4041 = FACE_BOUND('',#4042,.F.);
#4042 = EDGE_LOOP('',(#4043,#4044,#4045,#4046));
#4043 = ORIENTED_EDGE('',*,*,#4014,.F.);
#4044 = ORIENTED_EDGE('',*,*,#2923,.F.);
#4045 = ORIENTED_EDGE('',*,*,#3934,.T.);
#4046 = ORIENTED_EDGE('',*,*,#4047,.F.);
#4047 = EDGE_CURVE('',#4015,#3935,#4048,.T.);
#4048 = LINE('',#4049,#4050);
#4049 = CARTESIAN_POINT('',(0.32,0.32,-0.9));
#4050 = VECTOR('',#4051,1.);
#4051 = DIRECTION('',(-1.,1.224646799147E-16,0.));
#4052 = PLANE('',#4053);
#4053 = AXIS2_PLACEMENT_3D('',#4054,#4055,#4056);
#4054 = CARTESIAN_POINT('',(0.32,0.32,6.5));
#4055 = DIRECTION('',(-1.224646799147E-16,-1.,0.));
#4056 = DIRECTION('',(-0.,0.,-1.));
#4057 = ADVANCED_FACE('',(#4058),#4083,.T.);
#4058 = FACE_BOUND('',#4059,.T.);
#4059 = EDGE_LOOP('',(#4060,#4070,#4076,#4077));
#4060 = ORIENTED_EDGE('',*,*,#4061,.T.);
#4061 = EDGE_CURVE('',#4062,#4064,#4066,.T.);
#4062 = VERTEX_POINT('',#4063);
#4063 = CARTESIAN_POINT('',(2.18,0.32,-3.2));
#4064 = VERTEX_POINT('',#4065);
#4065 = CARTESIAN_POINT('',(2.18,-0.32,-3.2));
#4066 = LINE('',#4067,#4068);
#4067 = CARTESIAN_POINT('',(2.18,0.32,-3.2));
#4068 = VECTOR('',#4069,1.);
#4069 = DIRECTION('',(-1.224646799147E-16,-1.,0.));
#4070 = ORIENTED_EDGE('',*,*,#4071,.T.);
#4071 = EDGE_CURVE('',#4064,#2962,#4072,.T.);
#4072 = LINE('',#4073,#4074);
#4073 = CARTESIAN_POINT('',(2.18,-0.32,-3.4));
#4074 = VECTOR('',#4075,1.);
#4075 = DIRECTION('',(0.,0.,1.));
#4076 = ORIENTED_EDGE('',*,*,#2959,.F.);
#4077 = ORIENTED_EDGE('',*,*,#4078,.T.);
#4078 = EDGE_CURVE('',#2960,#4062,#4079,.T.);
#4079 = LINE('',#4080,#4081);
#4080 = CARTESIAN_POINT('',(2.18,0.32,6.5));
#4081 = VECTOR('',#4082,1.);
#4082 = DIRECTION('',(-0.,0.,-1.));
#4083 = PLANE('',#4084);
#4084 = AXIS2_PLACEMENT_3D('',#4085,#4086,#4087);
#4085 = CARTESIAN_POINT('',(2.18,6.515120971464E-16,1.55));
#4086 = DIRECTION('',(-1.,1.224646799147E-16,0.));
#4087 = DIRECTION('',(0.,0.,1.));
#4088 = ADVANCED_FACE('',(#4089),#4107,.F.);
#4089 = FACE_BOUND('',#4090,.F.);
#4090 = EDGE_LOOP('',(#4091,#4099,#4105,#4106));
#4091 = ORIENTED_EDGE('',*,*,#4092,.F.);
#4092 = EDGE_CURVE('',#4093,#2978,#4095,.T.);
#4093 = VERTEX_POINT('',#4094);
#4094 = CARTESIAN_POINT('',(2.82,-0.32,-3.2));
#4095 = LINE('',#4096,#4097);
#4096 = CARTESIAN_POINT('',(2.82,-0.32,-3.4));
#4097 = VECTOR('',#4098,1.);
#4098 = DIRECTION('',(0.,0.,1.));
#4099 = ORIENTED_EDGE('',*,*,#4100,.T.);
#4100 = EDGE_CURVE('',#4093,#4064,#4101,.T.);
#4101 = LINE('',#4102,#4103);
#4102 = CARTESIAN_POINT('',(2.82,-0.32,-3.2));
#4103 = VECTOR('',#4104,1.);
#4104 = DIRECTION('',(-1.,1.224646799147E-16,0.));
#4105 = ORIENTED_EDGE('',*,*,#4071,.T.);
#4106 = ORIENTED_EDGE('',*,*,#2985,.F.);
#4107 = PLANE('',#4108);
#4108 = AXIS2_PLACEMENT_3D('',#4109,#4110,#4111);
#4109 = CARTESIAN_POINT('',(2.82,-0.32,-3.4));
#4110 = DIRECTION('',(1.224646799147E-16,1.,0.));
#4111 = DIRECTION('',(0.,-0.,1.));
#4112 = ADVANCED_FACE('',(#4113),#4131,.F.);
#4113 = FACE_BOUND('',#4114,.F.);
#4114 = EDGE_LOOP('',(#4115,#4123,#4124,#4125));
#4115 = ORIENTED_EDGE('',*,*,#4116,.T.);
#4116 = EDGE_CURVE('',#4117,#4093,#4119,.T.);
#4117 = VERTEX_POINT('',#4118);
#4118 = CARTESIAN_POINT('',(2.82,0.32,-3.2));
#4119 = LINE('',#4120,#4121);
#4120 = CARTESIAN_POINT('',(2.82,0.32,-3.2));
#4121 = VECTOR('',#4122,1.);
#4122 = DIRECTION('',(-1.224646799147E-16,-1.,0.));
#4123 = ORIENTED_EDGE('',*,*,#4092,.T.);
#4124 = ORIENTED_EDGE('',*,*,#2977,.F.);
#4125 = ORIENTED_EDGE('',*,*,#4126,.T.);
#4126 = EDGE_CURVE('',#2970,#4117,#4127,.T.);
#4127 = LINE('',#4128,#4129);
#4128 = CARTESIAN_POINT('',(2.82,0.32,6.5));
#4129 = VECTOR('',#4130,1.);
#4130 = DIRECTION('',(-0.,0.,-1.));
#4131 = PLANE('',#4132);
#4132 = AXIS2_PLACEMENT_3D('',#4133,#4134,#4135);
#4133 = CARTESIAN_POINT('',(2.82,5.73134702001E-16,1.55));
#4134 = DIRECTION('',(-1.,1.224646799147E-16,0.));
#4135 = DIRECTION('',(0.,0.,1.));
#4136 = ADVANCED_FACE('',(#4137),#4148,.F.);
#4137 = FACE_BOUND('',#4138,.F.);
#4138 = EDGE_LOOP('',(#4139,#4140,#4141,#4142));
#4139 = ORIENTED_EDGE('',*,*,#4126,.F.);
#4140 = ORIENTED_EDGE('',*,*,#2969,.F.);
#4141 = ORIENTED_EDGE('',*,*,#4078,.T.);
#4142 = ORIENTED_EDGE('',*,*,#4143,.F.);
#4143 = EDGE_CURVE('',#4117,#4062,#4144,.T.);
#4144 = LINE('',#4145,#4146);
#4145 = CARTESIAN_POINT('',(2.82,0.32,-3.2));
#4146 = VECTOR('',#4147,1.);
#4147 = DIRECTION('',(-1.,1.224646799147E-16,0.));
#4148 = PLANE('',#4149);
#4149 = AXIS2_PLACEMENT_3D('',#4150,#4151,#4152);
#4150 = CARTESIAN_POINT('',(2.82,0.32,6.5));
#4151 = DIRECTION('',(-1.224646799147E-16,-1.,0.));
#4152 = DIRECTION('',(-0.,0.,-1.));
#4153 = ADVANCED_FACE('',(#4154),#4179,.T.);
#4154 = FACE_BOUND('',#4155,.T.);
#4155 = EDGE_LOOP('',(#4156,#4166,#4172,#4173));
#4156 = ORIENTED_EDGE('',*,*,#4157,.T.);
#4157 = EDGE_CURVE('',#4158,#4160,#4162,.T.);
#4158 = VERTEX_POINT('',#4159);
#4159 = CARTESIAN_POINT('',(4.68,0.32,-3.2));
#4160 = VERTEX_POINT('',#4161);
#4161 = CARTESIAN_POINT('',(4.68,-0.32,-3.2));
#4162 = LINE('',#4163,#4164);
#4163 = CARTESIAN_POINT('',(4.68,0.32,-3.2));
#4164 = VECTOR('',#4165,1.);
#4165 = DIRECTION('',(-1.224646799147E-16,-1.,0.));
#4166 = ORIENTED_EDGE('',*,*,#4167,.T.);
#4167 = EDGE_CURVE('',#4160,#3008,#4168,.T.);
#4168 = LINE('',#4169,#4170);
#4169 = CARTESIAN_POINT('',(4.68,-0.32,-3.4));
#4170 = VECTOR('',#4171,1.);
#4171 = DIRECTION('',(0.,0.,1.));
#4172 = ORIENTED_EDGE('',*,*,#3005,.F.);
#4173 = ORIENTED_EDGE('',*,*,#4174,.T.);
#4174 = EDGE_CURVE('',#3006,#4158,#4175,.T.);
#4175 = LINE('',#4176,#4177);
#4176 = CARTESIAN_POINT('',(4.68,0.32,6.5));
#4177 = VECTOR('',#4178,1.);
#4178 = DIRECTION('',(-0.,0.,-1.));
#4179 = PLANE('',#4180);
#4180 = AXIS2_PLACEMENT_3D('',#4181,#4182,#4183);
#4181 = CARTESIAN_POINT('',(4.68,3.453503973596E-16,1.55));
#4182 = DIRECTION('',(-1.,1.224646799147E-16,0.));
#4183 = DIRECTION('',(0.,0.,1.));
#4184 = ADVANCED_FACE('',(#4185),#4203,.F.);
#4185 = FACE_BOUND('',#4186,.F.);
#4186 = EDGE_LOOP('',(#4187,#4195,#4201,#4202));
#4187 = ORIENTED_EDGE('',*,*,#4188,.F.);
#4188 = EDGE_CURVE('',#4189,#3024,#4191,.T.);
#4189 = VERTEX_POINT('',#4190);
#4190 = CARTESIAN_POINT('',(5.32,-0.32,-3.2));
#4191 = LINE('',#4192,#4193);
#4192 = CARTESIAN_POINT('',(5.32,-0.32,-3.4));
#4193 = VECTOR('',#4194,1.);
#4194 = DIRECTION('',(0.,0.,1.));
#4195 = ORIENTED_EDGE('',*,*,#4196,.T.);
#4196 = EDGE_CURVE('',#4189,#4160,#4197,.T.);
#4197 = LINE('',#4198,#4199);
#4198 = CARTESIAN_POINT('',(5.32,-0.32,-3.2));
#4199 = VECTOR('',#4200,1.);
#4200 = DIRECTION('',(-1.,1.224646799147E-16,0.));
#4201 = ORIENTED_EDGE('',*,*,#4167,.T.);
#4202 = ORIENTED_EDGE('',*,*,#3031,.F.);
#4203 = PLANE('',#4204);
#4204 = AXIS2_PLACEMENT_3D('',#4205,#4206,#4207);
#4205 = CARTESIAN_POINT('',(5.32,-0.32,-3.4));
#4206 = DIRECTION('',(1.224646799147E-16,1.,0.));
#4207 = DIRECTION('',(0.,-0.,1.));
#4208 = ADVANCED_FACE('',(#4209),#4227,.F.);
#4209 = FACE_BOUND('',#4210,.F.);
#4210 = EDGE_LOOP('',(#4211,#4219,#4220,#4221));
#4211 = ORIENTED_EDGE('',*,*,#4212,.T.);
#4212 = EDGE_CURVE('',#4213,#4189,#4215,.T.);
#4213 = VERTEX_POINT('',#4214);
#4214 = CARTESIAN_POINT('',(5.32,0.32,-3.2));
#4215 = LINE('',#4216,#4217);
#4216 = CARTESIAN_POINT('',(5.32,0.32,-3.2));
#4217 = VECTOR('',#4218,1.);
#4218 = DIRECTION('',(-1.224646799147E-16,-1.,0.));
#4219 = ORIENTED_EDGE('',*,*,#4188,.T.);
#4220 = ORIENTED_EDGE('',*,*,#3023,.F.);
#4221 = ORIENTED_EDGE('',*,*,#4222,.T.);
#4222 = EDGE_CURVE('',#3016,#4213,#4223,.T.);
#4223 = LINE('',#4224,#4225);
#4224 = CARTESIAN_POINT('',(5.32,0.32,6.5));
#4225 = VECTOR('',#4226,1.);
#4226 = DIRECTION('',(-0.,0.,-1.));
#4227 = PLANE('',#4228);
#4228 = AXIS2_PLACEMENT_3D('',#4229,#4230,#4231);
#4229 = CARTESIAN_POINT('',(5.32,2.669730022141E-16,1.55));
#4230 = DIRECTION('',(-1.,1.224646799147E-16,0.));
#4231 = DIRECTION('',(0.,0.,1.));
#4232 = ADVANCED_FACE('',(#4233),#4244,.F.);
#4233 = FACE_BOUND('',#4234,.F.);
#4234 = EDGE_LOOP('',(#4235,#4236,#4237,#4238));
#4235 = ORIENTED_EDGE('',*,*,#4222,.F.);
#4236 = ORIENTED_EDGE('',*,*,#3015,.F.);
#4237 = ORIENTED_EDGE('',*,*,#4174,.T.);
#4238 = ORIENTED_EDGE('',*,*,#4239,.F.);
#4239 = EDGE_CURVE('',#4213,#4158,#4240,.T.);
#4240 = LINE('',#4241,#4242);
#4241 = CARTESIAN_POINT('',(5.32,0.32,-3.2));
#4242 = VECTOR('',#4243,1.);
#4243 = DIRECTION('',(-1.,1.224646799147E-16,0.));
#4244 = PLANE('',#4245);
#4245 = AXIS2_PLACEMENT_3D('',#4246,#4247,#4248);
#4246 = CARTESIAN_POINT('',(5.32,0.32,6.5));
#4247 = DIRECTION('',(-1.224646799147E-16,-1.,0.));
#4248 = DIRECTION('',(-0.,0.,-1.));
#4249 = ADVANCED_FACE('',(#4250),#4275,.F.);
#4250 = FACE_BOUND('',#4251,.F.);
#4251 = EDGE_LOOP('',(#4252,#4260,#4261,#4269));
#4252 = ORIENTED_EDGE('',*,*,#4253,.F.);
#4253 = EDGE_CURVE('',#3054,#4254,#4256,.T.);
#4254 = VERTEX_POINT('',#4255);
#4255 = CARTESIAN_POINT('',(7.82,0.32,-3.2));
#4256 = LINE('',#4257,#4258);
#4257 = CARTESIAN_POINT('',(7.82,0.32,6.5));
#4258 = VECTOR('',#4259,1.);
#4259 = DIRECTION('',(-0.,0.,-1.));
#4260 = ORIENTED_EDGE('',*,*,#3051,.F.);
#4261 = ORIENTED_EDGE('',*,*,#4262,.T.);
#4262 = EDGE_CURVE('',#3052,#4263,#4265,.T.);
#4263 = VERTEX_POINT('',#4264);
#4264 = CARTESIAN_POINT('',(7.18,0.32,-3.2));
#4265 = LINE('',#4266,#4267);
#4266 = CARTESIAN_POINT('',(7.18,0.32,6.5));
#4267 = VECTOR('',#4268,1.);
#4268 = DIRECTION('',(-0.,0.,-1.));
#4269 = ORIENTED_EDGE('',*,*,#4270,.F.);
#4270 = EDGE_CURVE('',#4254,#4263,#4271,.T.);
#4271 = LINE('',#4272,#4273);
#4272 = CARTESIAN_POINT('',(7.82,0.32,-3.2));
#4273 = VECTOR('',#4274,1.);
#4274 = DIRECTION('',(-1.,1.224646799147E-16,0.));
#4275 = PLANE('',#4276);
#4276 = AXIS2_PLACEMENT_3D('',#4277,#4278,#4279);
#4277 = CARTESIAN_POINT('',(7.82,0.32,6.5));
#4278 = DIRECTION('',(-1.224646799147E-16,-1.,0.));
#4279 = DIRECTION('',(-0.,0.,-1.));
#4280 = ADVANCED_FACE('',(#4281),#4299,.T.);
#4281 = FACE_BOUND('',#4282,.T.);
#4282 = EDGE_LOOP('',(#4283,#4291,#4297,#4298));
#4283 = ORIENTED_EDGE('',*,*,#4284,.T.);
#4284 = EDGE_CURVE('',#4263,#4285,#4287,.T.);
#4285 = VERTEX_POINT('',#4286);
#4286 = CARTESIAN_POINT('',(7.18,-0.32,-3.2));
#4287 = LINE('',#4288,#4289);
#4288 = CARTESIAN_POINT('',(7.18,0.32,-3.2));
#4289 = VECTOR('',#4290,1.);
#4290 = DIRECTION('',(-1.224646799147E-16,-1.,0.));
#4291 = ORIENTED_EDGE('',*,*,#4292,.T.);
#4292 = EDGE_CURVE('',#4285,#3070,#4293,.T.);
#4293 = LINE('',#4294,#4295);
#4294 = CARTESIAN_POINT('',(7.18,-0.32,-3.4));
#4295 = VECTOR('',#4296,1.);
#4296 = DIRECTION('',(0.,0.,1.));
#4297 = ORIENTED_EDGE('',*,*,#3077,.F.);
#4298 = ORIENTED_EDGE('',*,*,#4262,.T.);
#4299 = PLANE('',#4300);
#4300 = AXIS2_PLACEMENT_3D('',#4301,#4302,#4303);
#4301 = CARTESIAN_POINT('',(7.18,3.918869757272E-17,1.55));
#4302 = DIRECTION('',(-1.,1.224646799147E-16,0.));
#4303 = DIRECTION('',(0.,0.,1.));
#4304 = ADVANCED_FACE('',(#4305),#4323,.F.);
#4305 = FACE_BOUND('',#4306,.F.);
#4306 = EDGE_LOOP('',(#4307,#4315,#4321,#4322));
#4307 = ORIENTED_EDGE('',*,*,#4308,.F.);
#4308 = EDGE_CURVE('',#4309,#3062,#4311,.T.);
#4309 = VERTEX_POINT('',#4310);
#4310 = CARTESIAN_POINT('',(7.82,-0.32,-3.2));
#4311 = LINE('',#4312,#4313);
#4312 = CARTESIAN_POINT('',(7.82,-0.32,-3.4));
#4313 = VECTOR('',#4314,1.);
#4314 = DIRECTION('',(0.,0.,1.));
#4315 = ORIENTED_EDGE('',*,*,#4316,.T.);
#4316 = EDGE_CURVE('',#4309,#4285,#4317,.T.);
#4317 = LINE('',#4318,#4319);
#4318 = CARTESIAN_POINT('',(7.82,-0.32,-3.2));
#4319 = VECTOR('',#4320,1.);
#4320 = DIRECTION('',(-1.,1.224646799147E-16,0.));
#4321 = ORIENTED_EDGE('',*,*,#4292,.T.);
#4322 = ORIENTED_EDGE('',*,*,#3069,.F.);
#4323 = PLANE('',#4324);
#4324 = AXIS2_PLACEMENT_3D('',#4325,#4326,#4327);
#4325 = CARTESIAN_POINT('',(7.82,-0.32,-3.4));
#4326 = DIRECTION('',(1.224646799147E-16,1.,0.));
#4327 = DIRECTION('',(0.,-0.,1.));
#4328 = ADVANCED_FACE('',(#4329),#4340,.F.);
#4329 = FACE_BOUND('',#4330,.F.);
#4330 = EDGE_LOOP('',(#4331,#4337,#4338,#4339));
#4331 = ORIENTED_EDGE('',*,*,#4332,.T.);
#4332 = EDGE_CURVE('',#4254,#4309,#4333,.T.);
#4333 = LINE('',#4334,#4335);
#4334 = CARTESIAN_POINT('',(7.82,0.32,-3.2));
#4335 = VECTOR('',#4336,1.);
#4336 = DIRECTION('',(-1.224646799147E-16,-1.,0.));
#4337 = ORIENTED_EDGE('',*,*,#4308,.T.);
#4338 = ORIENTED_EDGE('',*,*,#3061,.F.);
#4339 = ORIENTED_EDGE('',*,*,#4253,.T.);
#4340 = PLANE('',#4341);
#4341 = AXIS2_PLACEMENT_3D('',#4342,#4343,#4344);
#4342 = CARTESIAN_POINT('',(7.82,-3.918869757272E-17,1.55));
#4343 = DIRECTION('',(-1.,1.224646799147E-16,0.));
#4344 = DIRECTION('',(0.,0.,1.));
#4345 = ADVANCED_FACE('',(#4346),#4371,.F.);
#4346 = FACE_BOUND('',#4347,.F.);
#4347 = EDGE_LOOP('',(#4348,#4356,#4357,#4365));
#4348 = ORIENTED_EDGE('',*,*,#4349,.F.);
#4349 = EDGE_CURVE('',#3100,#4350,#4352,.T.);
#4350 = VERTEX_POINT('',#4351);
#4351 = CARTESIAN_POINT('',(10.32,0.32,-3.2));
#4352 = LINE('',#4353,#4354);
#4353 = CARTESIAN_POINT('',(10.32,0.32,6.5));
#4354 = VECTOR('',#4355,1.);
#4355 = DIRECTION('',(-0.,0.,-1.));
#4356 = ORIENTED_EDGE('',*,*,#3097,.F.);
#4357 = ORIENTED_EDGE('',*,*,#4358,.T.);
#4358 = EDGE_CURVE('',#3098,#4359,#4361,.T.);
#4359 = VERTEX_POINT('',#4360);
#4360 = CARTESIAN_POINT('',(9.68,0.32,-3.2));
#4361 = LINE('',#4362,#4363);
#4362 = CARTESIAN_POINT('',(9.68,0.32,6.5));
#4363 = VECTOR('',#4364,1.);
#4364 = DIRECTION('',(-0.,0.,-1.));
#4365 = ORIENTED_EDGE('',*,*,#4366,.F.);
#4366 = EDGE_CURVE('',#4350,#4359,#4367,.T.);
#4367 = LINE('',#4368,#4369);
#4368 = CARTESIAN_POINT('',(10.32,0.32,-3.2));
#4369 = VECTOR('',#4370,1.);
#4370 = DIRECTION('',(-1.,1.224646799147E-16,0.));
#4371 = PLANE('',#4372);
#4372 = AXIS2_PLACEMENT_3D('',#4373,#4374,#4375);
#4373 = CARTESIAN_POINT('',(10.32,0.32,6.5));
#4374 = DIRECTION('',(-1.224646799147E-16,-1.,0.));
#4375 = DIRECTION('',(-0.,0.,-1.));
#4376 = ADVANCED_FACE('',(#4377),#4395,.T.);
#4377 = FACE_BOUND('',#4378,.T.);
#4378 = EDGE_LOOP('',(#4379,#4387,#4393,#4394));
#4379 = ORIENTED_EDGE('',*,*,#4380,.T.);
#4380 = EDGE_CURVE('',#4359,#4381,#4383,.T.);
#4381 = VERTEX_POINT('',#4382);
#4382 = CARTESIAN_POINT('',(9.68,-0.32,-3.2));
#4383 = LINE('',#4384,#4385);
#4384 = CARTESIAN_POINT('',(9.68,0.32,-3.2));
#4385 = VECTOR('',#4386,1.);
#4386 = DIRECTION('',(-1.224646799147E-16,-1.,0.));
#4387 = ORIENTED_EDGE('',*,*,#4388,.T.);
#4388 = EDGE_CURVE('',#4381,#3116,#4389,.T.);
#4389 = LINE('',#4390,#4391);
#4390 = CARTESIAN_POINT('',(9.68,-0.32,-3.4));
#4391 = VECTOR('',#4392,1.);
#4392 = DIRECTION('',(0.,0.,1.));
#4393 = ORIENTED_EDGE('',*,*,#3123,.F.);
#4394 = ORIENTED_EDGE('',*,*,#4358,.T.);
#4395 = PLANE('',#4396);
#4396 = AXIS2_PLACEMENT_3D('',#4397,#4398,#4399);
#4397 = CARTESIAN_POINT('',(9.68,-2.669730022141E-16,1.55));
#4398 = DIRECTION('',(-1.,1.224646799147E-16,0.));
#4399 = DIRECTION('',(0.,0.,1.));
#4400 = ADVANCED_FACE('',(#4401),#4419,.F.);
#4401 = FACE_BOUND('',#4402,.F.);
#4402 = EDGE_LOOP('',(#4403,#4411,#4417,#4418));
#4403 = ORIENTED_EDGE('',*,*,#4404,.F.);
#4404 = EDGE_CURVE('',#4405,#3108,#4407,.T.);
#4405 = VERTEX_POINT('',#4406);
#4406 = CARTESIAN_POINT('',(10.32,-0.32,-3.2));
#4407 = LINE('',#4408,#4409);
#4408 = CARTESIAN_POINT('',(10.32,-0.32,-3.4));
#4409 = VECTOR('',#4410,1.);
#4410 = DIRECTION('',(0.,0.,1.));
#4411 = ORIENTED_EDGE('',*,*,#4412,.T.);
#4412 = EDGE_CURVE('',#4405,#4381,#4413,.T.);
#4413 = LINE('',#4414,#4415);
#4414 = CARTESIAN_POINT('',(10.32,-0.32,-3.2));
#4415 = VECTOR('',#4416,1.);
#4416 = DIRECTION('',(-1.,1.224646799147E-16,0.));
#4417 = ORIENTED_EDGE('',*,*,#4388,.T.);
#4418 = ORIENTED_EDGE('',*,*,#3115,.F.);
#4419 = PLANE('',#4420);
#4420 = AXIS2_PLACEMENT_3D('',#4421,#4422,#4423);
#4421 = CARTESIAN_POINT('',(10.32,-0.32,-3.4));
#4422 = DIRECTION('',(1.224646799147E-16,1.,0.));
#4423 = DIRECTION('',(0.,-0.,1.));
#4424 = ADVANCED_FACE('',(#4425),#4436,.F.);
#4425 = FACE_BOUND('',#4426,.F.);
#4426 = EDGE_LOOP('',(#4427,#4433,#4434,#4435));
#4427 = ORIENTED_EDGE('',*,*,#4428,.T.);
#4428 = EDGE_CURVE('',#4350,#4405,#4429,.T.);
#4429 = LINE('',#4430,#4431);
#4430 = CARTESIAN_POINT('',(10.32,0.32,-3.2));
#4431 = VECTOR('',#4432,1.);
#4432 = DIRECTION('',(-1.224646799147E-16,-1.,0.));
#4433 = ORIENTED_EDGE('',*,*,#4404,.T.);
#4434 = ORIENTED_EDGE('',*,*,#3107,.F.);
#4435 = ORIENTED_EDGE('',*,*,#4349,.T.);
#4436 = PLANE('',#4437);
#4437 = AXIS2_PLACEMENT_3D('',#4438,#4439,#4440);
#4438 = CARTESIAN_POINT('',(10.32,-3.453503973596E-16,1.55));
#4439 = DIRECTION('',(-1.,1.224646799147E-16,0.));
#4440 = DIRECTION('',(0.,0.,1.));
#4441 = ADVANCED_FACE('',(#4442),#4467,.T.);
#4442 = FACE_BOUND('',#4443,.T.);
#4443 = EDGE_LOOP('',(#4444,#4454,#4460,#4461));
#4444 = ORIENTED_EDGE('',*,*,#4445,.T.);
#4445 = EDGE_CURVE('',#4446,#4448,#4450,.T.);
#4446 = VERTEX_POINT('',#4447);
#4447 = CARTESIAN_POINT('',(12.18,0.32,-3.2));
#4448 = VERTEX_POINT('',#4449);
#4449 = CARTESIAN_POINT('',(12.18,-0.32,-3.2));
#4450 = LINE('',#4451,#4452);
#4451 = CARTESIAN_POINT('',(12.18,0.32,-3.2));
#4452 = VECTOR('',#4453,1.);
#4453 = DIRECTION('',(-1.224646799147E-16,-1.,0.));
#4454 = ORIENTED_EDGE('',*,*,#4455,.T.);
#4455 = EDGE_CURVE('',#4448,#3146,#4456,.T.);
#4456 = LINE('',#4457,#4458);
#4457 = CARTESIAN_POINT('',(12.18,-0.32,-3.4));
#4458 = VECTOR('',#4459,1.);
#4459 = DIRECTION('',(0.,0.,1.));
#4460 = ORIENTED_EDGE('',*,*,#3143,.F.);
#4461 = ORIENTED_EDGE('',*,*,#4462,.T.);
#4462 = EDGE_CURVE('',#3144,#4446,#4463,.T.);
#4463 = LINE('',#4464,#4465);
#4464 = CARTESIAN_POINT('',(12.18,0.32,6.5));
#4465 = VECTOR('',#4466,1.);
#4466 = DIRECTION('',(-0.,0.,-1.));
#4467 = PLANE('',#4468);
#4468 = AXIS2_PLACEMENT_3D('',#4469,#4470,#4471);
#4469 = CARTESIAN_POINT('',(12.18,-5.73134702001E-16,1.55));
#4470 = DIRECTION('',(-1.,1.224646799147E-16,0.));
#4471 = DIRECTION('',(0.,0.,1.));
#4472 = ADVANCED_FACE('',(#4473),#4491,.F.);
#4473 = FACE_BOUND('',#4474,.F.);
#4474 = EDGE_LOOP('',(#4475,#4483,#4489,#4490));
#4475 = ORIENTED_EDGE('',*,*,#4476,.F.);
#4476 = EDGE_CURVE('',#4477,#3162,#4479,.T.);
#4477 = VERTEX_POINT('',#4478);
#4478 = CARTESIAN_POINT('',(12.82,-0.32,-3.2));
#4479 = LINE('',#4480,#4481);
#4480 = CARTESIAN_POINT('',(12.82,-0.32,-3.4));
#4481 = VECTOR('',#4482,1.);
#4482 = DIRECTION('',(0.,0.,1.));
#4483 = ORIENTED_EDGE('',*,*,#4484,.T.);
#4484 = EDGE_CURVE('',#4477,#4448,#4485,.T.);
#4485 = LINE('',#4486,#4487);
#4486 = CARTESIAN_POINT('',(12.82,-0.32,-3.2));
#4487 = VECTOR('',#4488,1.);
#4488 = DIRECTION('',(-1.,1.224646799147E-16,0.));
#4489 = ORIENTED_EDGE('',*,*,#4455,.T.);
#4490 = ORIENTED_EDGE('',*,*,#3169,.F.);
#4491 = PLANE('',#4492);
#4492 = AXIS2_PLACEMENT_3D('',#4493,#4494,#4495);
#4493 = CARTESIAN_POINT('',(12.82,-0.32,-3.4));
#4494 = DIRECTION('',(1.224646799147E-16,1.,0.));
#4495 = DIRECTION('',(0.,-0.,1.));
#4496 = ADVANCED_FACE('',(#4497),#4515,.F.);
#4497 = FACE_BOUND('',#4498,.F.);
#4498 = EDGE_LOOP('',(#4499,#4507,#4508,#4509));
#4499 = ORIENTED_EDGE('',*,*,#4500,.T.);
#4500 = EDGE_CURVE('',#4501,#4477,#4503,.T.);
#4501 = VERTEX_POINT('',#4502);
#4502 = CARTESIAN_POINT('',(12.82,0.32,-3.2));
#4503 = LINE('',#4504,#4505);
#4504 = CARTESIAN_POINT('',(12.82,0.32,-3.2));
#4505 = VECTOR('',#4506,1.);
#4506 = DIRECTION('',(-1.224646799147E-16,-1.,0.));
#4507 = ORIENTED_EDGE('',*,*,#4476,.T.);
#4508 = ORIENTED_EDGE('',*,*,#3161,.F.);
#4509 = ORIENTED_EDGE('',*,*,#4510,.T.);
#4510 = EDGE_CURVE('',#3154,#4501,#4511,.T.);
#4511 = LINE('',#4512,#4513);
#4512 = CARTESIAN_POINT('',(12.82,0.32,6.5));
#4513 = VECTOR('',#4514,1.);
#4514 = DIRECTION('',(-0.,0.,-1.));
#4515 = PLANE('',#4516);
#4516 = AXIS2_PLACEMENT_3D('',#4517,#4518,#4519);
#4517 = CARTESIAN_POINT('',(12.82,-6.515120971464E-16,1.55));
#4518 = DIRECTION('',(-1.,1.224646799147E-16,0.));
#4519 = DIRECTION('',(0.,0.,1.));
#4520 = ADVANCED_FACE('',(#4521),#4532,.F.);
#4521 = FACE_BOUND('',#4522,.F.);
#4522 = EDGE_LOOP('',(#4523,#4524,#4525,#4526));
#4523 = ORIENTED_EDGE('',*,*,#4510,.F.);
#4524 = ORIENTED_EDGE('',*,*,#3153,.F.);
#4525 = ORIENTED_EDGE('',*,*,#4462,.T.);
#4526 = ORIENTED_EDGE('',*,*,#4527,.F.);
#4527 = EDGE_CURVE('',#4501,#4446,#4528,.T.);
#4528 = LINE('',#4529,#4530);
#4529 = CARTESIAN_POINT('',(12.82,0.32,-3.2));
#4530 = VECTOR('',#4531,1.);
#4531 = DIRECTION('',(-1.,1.224646799147E-16,0.));
#4532 = PLANE('',#4533);
#4533 = AXIS2_PLACEMENT_3D('',#4534,#4535,#4536);
#4534 = CARTESIAN_POINT('',(12.82,0.32,6.5));
#4535 = DIRECTION('',(-1.224646799147E-16,-1.,0.));
#4536 = DIRECTION('',(-0.,0.,-1.));
#4537 = ADVANCED_FACE('',(#4538),#4563,.F.);
#4538 = FACE_BOUND('',#4539,.F.);
#4539 = EDGE_LOOP('',(#4540,#4548,#4549,#4557));
#4540 = ORIENTED_EDGE('',*,*,#4541,.F.);
#4541 = EDGE_CURVE('',#3192,#4542,#4544,.T.);
#4542 = VERTEX_POINT('',#4543);
#4543 = CARTESIAN_POINT('',(15.32,0.32,-0.9));
#4544 = LINE('',#4545,#4546);
#4545 = CARTESIAN_POINT('',(15.32,0.32,6.5));
#4546 = VECTOR('',#4547,1.);
#4547 = DIRECTION('',(-0.,0.,-1.));
#4548 = ORIENTED_EDGE('',*,*,#3189,.F.);
#4549 = ORIENTED_EDGE('',*,*,#4550,.T.);
#4550 = EDGE_CURVE('',#3190,#4551,#4553,.T.);
#4551 = VERTEX_POINT('',#4552);
#4552 = CARTESIAN_POINT('',(14.68,0.32,-0.9));
#4553 = LINE('',#4554,#4555);
#4554 = CARTESIAN_POINT('',(14.68,0.32,6.5));
#4555 = VECTOR('',#4556,1.);
#4556 = DIRECTION('',(-0.,0.,-1.));
#4557 = ORIENTED_EDGE('',*,*,#4558,.F.);
#4558 = EDGE_CURVE('',#4542,#4551,#4559,.T.);
#4559 = LINE('',#4560,#4561);
#4560 = CARTESIAN_POINT('',(15.32,0.32,-0.9));
#4561 = VECTOR('',#4562,1.);
#4562 = DIRECTION('',(-1.,1.224646799147E-16,0.));
#4563 = PLANE('',#4564);
#4564 = AXIS2_PLACEMENT_3D('',#4565,#4566,#4567);
#4565 = CARTESIAN_POINT('',(15.32,0.32,6.5));
#4566 = DIRECTION('',(-1.224646799147E-16,-1.,0.));
#4567 = DIRECTION('',(-0.,0.,-1.));
#4568 = ADVANCED_FACE('',(#4569),#4619,.T.);
#4569 = FACE_BOUND('',#4570,.T.);
#4570 = EDGE_LOOP('',(#4571,#4581,#4589,#4597,#4603,#4604,#4605,#4613));
#4571 = ORIENTED_EDGE('',*,*,#4572,.T.);
#4572 = EDGE_CURVE('',#4573,#4575,#4577,.T.);
#4573 = VERTEX_POINT('',#4574);
#4574 = CARTESIAN_POINT('',(14.68,0.351578947368,-3.2));
#4575 = VERTEX_POINT('',#4576);
#4576 = CARTESIAN_POINT('',(14.68,-0.288421052632,-3.2));
#4577 = LINE('',#4578,#4579);
#4578 = CARTESIAN_POINT('',(14.68,0.32,-3.2));
#4579 = VECTOR('',#4580,1.);
#4580 = DIRECTION('',(-1.224646799147E-16,-1.,0.));
#4581 = ORIENTED_EDGE('',*,*,#4582,.T.);
#4582 = EDGE_CURVE('',#4575,#4583,#4585,.T.);
#4583 = VERTEX_POINT('',#4584);
#4584 = CARTESIAN_POINT('',(14.68,-2.E-02,-1.5));
#4585 = LINE('',#4586,#4587);
#4586 = CARTESIAN_POINT('',(14.68,-0.32,-3.4));
#4587 = VECTOR('',#4588,1.);
#4588 = DIRECTION('',(1.909990663905E-17,0.155962573473,0.987762965329)
  );
#4589 = ORIENTED_EDGE('',*,*,#4590,.T.);
#4590 = EDGE_CURVE('',#4583,#4591,#4593,.T.);
#4591 = VERTEX_POINT('',#4592);
#4592 = CARTESIAN_POINT('',(14.68,-0.32,-0.9));
#4593 = LINE('',#4594,#4595);
#4594 = CARTESIAN_POINT('',(14.68,-2.E-02,-1.5));
#4595 = VECTOR('',#4596,1.);
#4596 = DIRECTION('',(-5.476786982641E-17,-0.4472135955,0.894427191));
#4597 = ORIENTED_EDGE('',*,*,#4598,.T.);
#4598 = EDGE_CURVE('',#4591,#3208,#4599,.T.);
#4599 = LINE('',#4600,#4601);
#4600 = CARTESIAN_POINT('',(14.68,-0.32,-0.9));
#4601 = VECTOR('',#4602,1.);
#4602 = DIRECTION('',(0.,0.,1.));
#4603 = ORIENTED_EDGE('',*,*,#3215,.F.);
#4604 = ORIENTED_EDGE('',*,*,#4550,.T.);
#4605 = ORIENTED_EDGE('',*,*,#4606,.T.);
#4606 = EDGE_CURVE('',#4551,#4607,#4609,.T.);
#4607 = VERTEX_POINT('',#4608);
#4608 = CARTESIAN_POINT('',(14.68,0.62,-1.5));
#4609 = LINE('',#4610,#4611);
#4610 = CARTESIAN_POINT('',(14.68,0.32,-0.9));
#4611 = VECTOR('',#4612,1.);
#4612 = DIRECTION('',(5.476786982641E-17,0.4472135955,-0.894427191));
#4613 = ORIENTED_EDGE('',*,*,#4614,.T.);
#4614 = EDGE_CURVE('',#4607,#4573,#4615,.T.);
#4615 = LINE('',#4616,#4617);
#4616 = CARTESIAN_POINT('',(14.68,0.62,-1.5));
#4617 = VECTOR('',#4618,1.);
#4618 = DIRECTION('',(-1.909990663905E-17,-0.155962573473,
    -0.987762965329));
#4619 = PLANE('',#4620);
#4620 = AXIS2_PLACEMENT_3D('',#4621,#4622,#4623);
#4621 = CARTESIAN_POINT('',(14.68,3.65940088399E-02,1.522832428212));
#4622 = DIRECTION('',(-1.,1.224646799147E-16,0.));
#4623 = DIRECTION('',(0.,0.,1.));
#4624 = ADVANCED_FACE('',(#4625),#4643,.F.);
#4625 = FACE_BOUND('',#4626,.F.);
#4626 = EDGE_LOOP('',(#4627,#4635,#4641,#4642));
#4627 = ORIENTED_EDGE('',*,*,#4628,.F.);
#4628 = EDGE_CURVE('',#4629,#3200,#4631,.T.);
#4629 = VERTEX_POINT('',#4630);
#4630 = CARTESIAN_POINT('',(15.32,-0.32,-0.9));
#4631 = LINE('',#4632,#4633);
#4632 = CARTESIAN_POINT('',(15.32,-0.32,-0.9));
#4633 = VECTOR('',#4634,1.);
#4634 = DIRECTION('',(0.,0.,1.));
#4635 = ORIENTED_EDGE('',*,*,#4636,.T.);
#4636 = EDGE_CURVE('',#4629,#4591,#4637,.T.);
#4637 = LINE('',#4638,#4639);
#4638 = CARTESIAN_POINT('',(15.32,-0.32,-0.9));
#4639 = VECTOR('',#4640,1.);
#4640 = DIRECTION('',(-1.,1.224646799147E-16,0.));
#4641 = ORIENTED_EDGE('',*,*,#4598,.T.);
#4642 = ORIENTED_EDGE('',*,*,#3207,.F.);
#4643 = PLANE('',#4644);
#4644 = AXIS2_PLACEMENT_3D('',#4645,#4646,#4647);
#4645 = CARTESIAN_POINT('',(15.32,-0.32,-0.9));
#4646 = DIRECTION('',(1.224646799147E-16,1.,0.));
#4647 = DIRECTION('',(0.,-0.,1.));
#4648 = ADVANCED_FACE('',(#4649),#4692,.F.);
#4649 = FACE_BOUND('',#4650,.F.);
#4650 = EDGE_LOOP('',(#4651,#4661,#4669,#4675,#4676,#4677,#4678,#4686));
#4651 = ORIENTED_EDGE('',*,*,#4652,.T.);
#4652 = EDGE_CURVE('',#4653,#4655,#4657,.T.);
#4653 = VERTEX_POINT('',#4654);
#4654 = CARTESIAN_POINT('',(15.32,0.351578947368,-3.2));
#4655 = VERTEX_POINT('',#4656);
#4656 = CARTESIAN_POINT('',(15.32,-0.288421052632,-3.2));
#4657 = LINE('',#4658,#4659);
#4658 = CARTESIAN_POINT('',(15.32,0.32,-3.2));
#4659 = VECTOR('',#4660,1.);
#4660 = DIRECTION('',(-1.224646799147E-16,-1.,0.));
#4661 = ORIENTED_EDGE('',*,*,#4662,.T.);
#4662 = EDGE_CURVE('',#4655,#4663,#4665,.T.);
#4663 = VERTEX_POINT('',#4664);
#4664 = CARTESIAN_POINT('',(15.32,-2.E-02,-1.5));
#4665 = LINE('',#4666,#4667);
#4666 = CARTESIAN_POINT('',(15.32,-0.32,-3.4));
#4667 = VECTOR('',#4668,1.);
#4668 = DIRECTION('',(1.909990663905E-17,0.155962573473,0.987762965329)
  );
#4669 = ORIENTED_EDGE('',*,*,#4670,.T.);
#4670 = EDGE_CURVE('',#4663,#4629,#4671,.T.);
#4671 = LINE('',#4672,#4673);
#4672 = CARTESIAN_POINT('',(15.32,-2.E-02,-1.5));
#4673 = VECTOR('',#4674,1.);
#4674 = DIRECTION('',(-5.476786982641E-17,-0.4472135955,0.894427191));
#4675 = ORIENTED_EDGE('',*,*,#4628,.T.);
#4676 = ORIENTED_EDGE('',*,*,#3199,.F.);
#4677 = ORIENTED_EDGE('',*,*,#4541,.T.);
#4678 = ORIENTED_EDGE('',*,*,#4679,.T.);
#4679 = EDGE_CURVE('',#4542,#4680,#4682,.T.);
#4680 = VERTEX_POINT('',#4681);
#4681 = CARTESIAN_POINT('',(15.32,0.62,-1.5));
#4682 = LINE('',#4683,#4684);
#4683 = CARTESIAN_POINT('',(15.32,0.32,-0.9));
#4684 = VECTOR('',#4685,1.);
#4685 = DIRECTION('',(5.476786982641E-17,0.4472135955,-0.894427191));
#4686 = ORIENTED_EDGE('',*,*,#4687,.T.);
#4687 = EDGE_CURVE('',#4680,#4653,#4688,.T.);
#4688 = LINE('',#4689,#4690);
#4689 = CARTESIAN_POINT('',(15.32,0.62,-1.5));
#4690 = VECTOR('',#4691,1.);
#4691 = DIRECTION('',(-1.909990663905E-17,-0.155962573473,
    -0.987762965329));
#4692 = PLANE('',#4693);
#4693 = AXIS2_PLACEMENT_3D('',#4694,#4695,#4696);
#4694 = CARTESIAN_POINT('',(15.32,3.65940088399E-02,1.522832428212));
#4695 = DIRECTION('',(-1.,1.224646799147E-16,0.));
#4696 = DIRECTION('',(0.,0.,1.));
#4697 = ADVANCED_FACE('',(#4698),#4723,.T.);
#4698 = FACE_BOUND('',#4699,.F.);
#4699 = EDGE_LOOP('',(#4700,#4708,#4716,#4722));
#4700 = ORIENTED_EDGE('',*,*,#4701,.F.);
#4701 = EDGE_CURVE('',#4702,#3230,#4704,.T.);
#4702 = VERTEX_POINT('',#4703);
#4703 = CARTESIAN_POINT('',(10.12,0.12,6.5));
#4704 = LINE('',#4705,#4706);
#4705 = CARTESIAN_POINT('',(10.146666666667,0.146666666667,
    6.473333333333));
#4706 = VECTOR('',#4707,1.);
#4707 = DIRECTION('',(0.57735026919,0.57735026919,-0.57735026919));
#4708 = ORIENTED_EDGE('',*,*,#4709,.T.);
#4709 = EDGE_CURVE('',#4702,#4710,#4712,.T.);
#4710 = VERTEX_POINT('',#4711);
#4711 = CARTESIAN_POINT('',(9.88,0.12,6.5));
#4712 = LINE('',#4713,#4714);
#4713 = CARTESIAN_POINT('',(10.32,0.12,6.5));
#4714 = VECTOR('',#4715,1.);
#4715 = DIRECTION('',(-1.,1.224646799147E-16,0.));
#4716 = ORIENTED_EDGE('',*,*,#4717,.T.);
#4717 = EDGE_CURVE('',#4710,#3238,#4718,.T.);
#4718 = LINE('',#4719,#4720);
#4719 = CARTESIAN_POINT('',(9.96,4.E-02,6.58));
#4720 = VECTOR('',#4721,1.);
#4721 = DIRECTION('',(-0.57735026919,0.57735026919,-0.57735026919));
#4722 = ORIENTED_EDGE('',*,*,#3237,.F.);
#4723 = PLANE('',#4724);
#4724 = AXIS2_PLACEMENT_3D('',#4725,#4726,#4727);
#4725 = CARTESIAN_POINT('',(10.32,0.22,6.4));
#4726 = DIRECTION('',(8.833102285013E-17,0.707106781187,0.707106781187)
  );
#4727 = DIRECTION('',(1.,-1.236918052038E-16,-1.227125289097E-18));
#4728 = ADVANCED_FACE('',(#4729),#4747,.F.);
#4729 = FACE_BOUND('',#4730,.T.);
#4730 = EDGE_LOOP('',(#4731,#4739,#4745,#4746));
#4731 = ORIENTED_EDGE('',*,*,#4732,.F.);
#4732 = EDGE_CURVE('',#4733,#3262,#4735,.T.);
#4733 = VERTEX_POINT('',#4734);
#4734 = CARTESIAN_POINT('',(9.88,-0.12,6.5));
#4735 = LINE('',#4736,#4737);
#4736 = CARTESIAN_POINT('',(9.853333333333,-0.146666666667,
    6.473333333333));
#4737 = VECTOR('',#4738,1.);
#4738 = DIRECTION('',(-0.57735026919,-0.57735026919,-0.57735026919));
#4739 = ORIENTED_EDGE('',*,*,#4740,.T.);
#4740 = EDGE_CURVE('',#4733,#4710,#4741,.T.);
#4741 = LINE('',#4742,#4743);
#4742 = CARTESIAN_POINT('',(9.88,-0.32,6.5));
#4743 = VECTOR('',#4744,1.);
#4744 = DIRECTION('',(1.224646799147E-16,1.,0.));
#4745 = ORIENTED_EDGE('',*,*,#4717,.T.);
#4746 = ORIENTED_EDGE('',*,*,#3269,.F.);
#4747 = PLANE('',#4748);
#4748 = AXIS2_PLACEMENT_3D('',#4749,#4750,#4751);
#4749 = CARTESIAN_POINT('',(9.78,-0.32,6.4));
#4750 = DIRECTION('',(0.707106781187,-8.486018839685E-17,-0.707106781187
    ));
#4751 = DIRECTION('',(-1.212375546256E-16,-1.,-1.227125289196E-18));
#4752 = ADVANCED_FACE('',(#4753),#4771,.T.);
#4753 = FACE_BOUND('',#4754,.F.);
#4754 = EDGE_LOOP('',(#4755,#4763,#4764,#4765));
#4755 = ORIENTED_EDGE('',*,*,#4756,.T.);
#4756 = EDGE_CURVE('',#4757,#3285,#4759,.T.);
#4757 = VERTEX_POINT('',#4758);
#4758 = CARTESIAN_POINT('',(10.12,-0.12,6.5));
#4759 = LINE('',#4760,#4761);
#4760 = CARTESIAN_POINT('',(10.253333333333,-0.253333333333,
    6.366666666667));
#4761 = VECTOR('',#4762,1.);
#4762 = DIRECTION('',(0.57735026919,-0.57735026919,-0.57735026919));
#4763 = ORIENTED_EDGE('',*,*,#3294,.T.);
#4764 = ORIENTED_EDGE('',*,*,#4732,.F.);
#4765 = ORIENTED_EDGE('',*,*,#4766,.F.);
#4766 = EDGE_CURVE('',#4757,#4733,#4767,.T.);
#4767 = LINE('',#4768,#4769);
#4768 = CARTESIAN_POINT('',(10.32,-0.12,6.5));
#4769 = VECTOR('',#4770,1.);
#4770 = DIRECTION('',(-1.,1.224646799147E-16,0.));
#4771 = PLANE('',#4772);
#4772 = AXIS2_PLACEMENT_3D('',#4773,#4774,#4775);
#4773 = CARTESIAN_POINT('',(10.32,-0.22,6.4));
#4774 = DIRECTION('',(-8.833102285013E-17,-0.707106781187,0.707106781187
    ));
#4775 = DIRECTION('',(1.,-1.236918052038E-16,1.227125289097E-18));
#4776 = ADVANCED_FACE('',(#4777),#4788,.T.);
#4777 = FACE_BOUND('',#4778,.F.);
#4778 = EDGE_LOOP('',(#4779,#4780,#4786,#4787));
#4779 = ORIENTED_EDGE('',*,*,#4756,.F.);
#4780 = ORIENTED_EDGE('',*,*,#4781,.T.);
#4781 = EDGE_CURVE('',#4757,#4702,#4782,.T.);
#4782 = LINE('',#4783,#4784);
#4783 = CARTESIAN_POINT('',(10.12,-0.32,6.5));
#4784 = VECTOR('',#4785,1.);
#4785 = DIRECTION('',(1.224646799147E-16,1.,0.));
#4786 = ORIENTED_EDGE('',*,*,#4701,.T.);
#4787 = ORIENTED_EDGE('',*,*,#3310,.F.);
#4788 = PLANE('',#4789);
#4789 = AXIS2_PLACEMENT_3D('',#4790,#4791,#4792);
#4790 = CARTESIAN_POINT('',(10.22,-0.32,6.4));
#4791 = DIRECTION('',(0.707106781187,-8.833102285013E-17,0.707106781187)
  );
#4792 = DIRECTION('',(-1.236918052038E-16,-1.,-1.227125289097E-18));
#4793 = ADVANCED_FACE('',(#4794),#4819,.T.);
#4794 = FACE_BOUND('',#4795,.F.);
#4795 = EDGE_LOOP('',(#4796,#4804,#4812,#4818));
#4796 = ORIENTED_EDGE('',*,*,#4797,.F.);
#4797 = EDGE_CURVE('',#4798,#3326,#4800,.T.);
#4798 = VERTEX_POINT('',#4799);
#4799 = CARTESIAN_POINT('',(7.62,0.12,6.5));
#4800 = LINE('',#4801,#4802);
#4801 = CARTESIAN_POINT('',(7.646666666667,0.146666666667,6.473333333333
    ));
#4802 = VECTOR('',#4803,1.);
#4803 = DIRECTION('',(0.57735026919,0.57735026919,-0.57735026919));
#4804 = ORIENTED_EDGE('',*,*,#4805,.T.);
#4805 = EDGE_CURVE('',#4798,#4806,#4808,.T.);
#4806 = VERTEX_POINT('',#4807);
#4807 = CARTESIAN_POINT('',(7.38,0.12,6.5));
#4808 = LINE('',#4809,#4810);
#4809 = CARTESIAN_POINT('',(7.82,0.12,6.5));
#4810 = VECTOR('',#4811,1.);
#4811 = DIRECTION('',(-1.,1.224646799147E-16,0.));
#4812 = ORIENTED_EDGE('',*,*,#4813,.T.);
#4813 = EDGE_CURVE('',#4806,#3334,#4814,.T.);
#4814 = LINE('',#4815,#4816);
#4815 = CARTESIAN_POINT('',(7.46,4.E-02,6.58));
#4816 = VECTOR('',#4817,1.);
#4817 = DIRECTION('',(-0.57735026919,0.57735026919,-0.57735026919));
#4818 = ORIENTED_EDGE('',*,*,#3333,.F.);
#4819 = PLANE('',#4820);
#4820 = AXIS2_PLACEMENT_3D('',#4821,#4822,#4823);
#4821 = CARTESIAN_POINT('',(7.82,0.22,6.4));
#4822 = DIRECTION('',(8.833102285013E-17,0.707106781187,0.707106781187)
  );
#4823 = DIRECTION('',(1.,-1.236918052038E-16,-1.227125289097E-18));
#4824 = ADVANCED_FACE('',(#4825),#4843,.F.);
#4825 = FACE_BOUND('',#4826,.T.);
#4826 = EDGE_LOOP('',(#4827,#4835,#4841,#4842));
#4827 = ORIENTED_EDGE('',*,*,#4828,.F.);
#4828 = EDGE_CURVE('',#4829,#3358,#4831,.T.);
#4829 = VERTEX_POINT('',#4830);
#4830 = CARTESIAN_POINT('',(7.38,-0.12,6.5));
#4831 = LINE('',#4832,#4833);
#4832 = CARTESIAN_POINT('',(7.353333333333,-0.146666666667,
    6.473333333333));
#4833 = VECTOR('',#4834,1.);
#4834 = DIRECTION('',(-0.57735026919,-0.57735026919,-0.57735026919));
#4835 = ORIENTED_EDGE('',*,*,#4836,.T.);
#4836 = EDGE_CURVE('',#4829,#4806,#4837,.T.);
#4837 = LINE('',#4838,#4839);
#4838 = CARTESIAN_POINT('',(7.38,-0.32,6.5));
#4839 = VECTOR('',#4840,1.);
#4840 = DIRECTION('',(1.224646799147E-16,1.,0.));
#4841 = ORIENTED_EDGE('',*,*,#4813,.T.);
#4842 = ORIENTED_EDGE('',*,*,#3365,.F.);
#4843 = PLANE('',#4844);
#4844 = AXIS2_PLACEMENT_3D('',#4845,#4846,#4847);
#4845 = CARTESIAN_POINT('',(7.28,-0.32,6.4));
#4846 = DIRECTION('',(0.707106781187,-8.486018839685E-17,-0.707106781187
    ));
#4847 = DIRECTION('',(-1.212375546256E-16,-1.,-1.227125289196E-18));
#4848 = ADVANCED_FACE('',(#4849),#4867,.T.);
#4849 = FACE_BOUND('',#4850,.F.);
#4850 = EDGE_LOOP('',(#4851,#4859,#4860,#4861));
#4851 = ORIENTED_EDGE('',*,*,#4852,.T.);
#4852 = EDGE_CURVE('',#4853,#3381,#4855,.T.);
#4853 = VERTEX_POINT('',#4854);
#4854 = CARTESIAN_POINT('',(7.62,-0.12,6.5));
#4855 = LINE('',#4856,#4857);
#4856 = CARTESIAN_POINT('',(7.753333333333,-0.253333333333,
    6.366666666667));
#4857 = VECTOR('',#4858,1.);
#4858 = DIRECTION('',(0.57735026919,-0.57735026919,-0.57735026919));
#4859 = ORIENTED_EDGE('',*,*,#3390,.T.);
#4860 = ORIENTED_EDGE('',*,*,#4828,.F.);
#4861 = ORIENTED_EDGE('',*,*,#4862,.F.);
#4862 = EDGE_CURVE('',#4853,#4829,#4863,.T.);
#4863 = LINE('',#4864,#4865);
#4864 = CARTESIAN_POINT('',(7.82,-0.12,6.5));
#4865 = VECTOR('',#4866,1.);
#4866 = DIRECTION('',(-1.,1.224646799147E-16,0.));
#4867 = PLANE('',#4868);
#4868 = AXIS2_PLACEMENT_3D('',#4869,#4870,#4871);
#4869 = CARTESIAN_POINT('',(7.82,-0.22,6.4));
#4870 = DIRECTION('',(-8.833102285013E-17,-0.707106781187,0.707106781187
    ));
#4871 = DIRECTION('',(1.,-1.236918052038E-16,1.227125289097E-18));
#4872 = ADVANCED_FACE('',(#4873),#4884,.T.);
#4873 = FACE_BOUND('',#4874,.F.);
#4874 = EDGE_LOOP('',(#4875,#4876,#4882,#4883));
#4875 = ORIENTED_EDGE('',*,*,#4852,.F.);
#4876 = ORIENTED_EDGE('',*,*,#4877,.T.);
#4877 = EDGE_CURVE('',#4853,#4798,#4878,.T.);
#4878 = LINE('',#4879,#4880);
#4879 = CARTESIAN_POINT('',(7.62,-0.32,6.5));
#4880 = VECTOR('',#4881,1.);
#4881 = DIRECTION('',(1.224646799147E-16,1.,0.));
#4882 = ORIENTED_EDGE('',*,*,#4797,.T.);
#4883 = ORIENTED_EDGE('',*,*,#3406,.F.);
#4884 = PLANE('',#4885);
#4885 = AXIS2_PLACEMENT_3D('',#4886,#4887,#4888);
#4886 = CARTESIAN_POINT('',(7.72,-0.32,6.4));
#4887 = DIRECTION('',(0.707106781187,-8.833102285013E-17,0.707106781187)
  );
#4888 = DIRECTION('',(-1.236918052038E-16,-1.,-1.227125289097E-18));
#4889 = ADVANCED_FACE('',(#4890),#4915,.F.);
#4890 = FACE_BOUND('',#4891,.T.);
#4891 = EDGE_LOOP('',(#4892,#4900,#4908,#4914));
#4892 = ORIENTED_EDGE('',*,*,#4893,.F.);
#4893 = EDGE_CURVE('',#4894,#3423,#4896,.T.);
#4894 = VERTEX_POINT('',#4895);
#4895 = CARTESIAN_POINT('',(4.88,-0.12,6.5));
#4896 = LINE('',#4897,#4898);
#4897 = CARTESIAN_POINT('',(4.853333333333,-0.146666666667,
    6.473333333333));
#4898 = VECTOR('',#4899,1.);
#4899 = DIRECTION('',(-0.57735026919,-0.57735026919,-0.57735026919));
#4900 = ORIENTED_EDGE('',*,*,#4901,.T.);
#4901 = EDGE_CURVE('',#4894,#4902,#4904,.T.);
#4902 = VERTEX_POINT('',#4903);
#4903 = CARTESIAN_POINT('',(4.88,0.12,6.5));
#4904 = LINE('',#4905,#4906);
#4905 = CARTESIAN_POINT('',(4.88,-0.32,6.5));
#4906 = VECTOR('',#4907,1.);
#4907 = DIRECTION('',(1.224646799147E-16,1.,0.));
#4908 = ORIENTED_EDGE('',*,*,#4909,.T.);
#4909 = EDGE_CURVE('',#4902,#3431,#4910,.T.);
#4910 = LINE('',#4911,#4912);
#4911 = CARTESIAN_POINT('',(4.96,4.E-02,6.58));
#4912 = VECTOR('',#4913,1.);
#4913 = DIRECTION('',(-0.57735026919,0.57735026919,-0.57735026919));
#4914 = ORIENTED_EDGE('',*,*,#3430,.F.);
#4915 = PLANE('',#4916);
#4916 = AXIS2_PLACEMENT_3D('',#4917,#4918,#4919);
#4917 = CARTESIAN_POINT('',(4.78,-0.32,6.4));
#4918 = DIRECTION('',(0.707106781187,-8.486018839685E-17,-0.707106781187
    ));
#4919 = DIRECTION('',(-1.212375546256E-16,-1.,-1.227125289196E-18));
#4920 = ADVANCED_FACE('',(#4921),#4939,.T.);
#4921 = FACE_BOUND('',#4922,.F.);
#4922 = EDGE_LOOP('',(#4923,#4931,#4932,#4933));
#4923 = ORIENTED_EDGE('',*,*,#4924,.T.);
#4924 = EDGE_CURVE('',#4925,#3453,#4927,.T.);
#4925 = VERTEX_POINT('',#4926);
#4926 = CARTESIAN_POINT('',(5.12,-0.12,6.5));
#4927 = LINE('',#4928,#4929);
#4928 = CARTESIAN_POINT('',(5.253333333333,-0.253333333333,
    6.366666666667));
#4929 = VECTOR('',#4930,1.);
#4930 = DIRECTION('',(0.57735026919,-0.57735026919,-0.57735026919));
#4931 = ORIENTED_EDGE('',*,*,#3462,.T.);
#4932 = ORIENTED_EDGE('',*,*,#4893,.F.);
#4933 = ORIENTED_EDGE('',*,*,#4934,.F.);
#4934 = EDGE_CURVE('',#4925,#4894,#4935,.T.);
#4935 = LINE('',#4936,#4937);
#4936 = CARTESIAN_POINT('',(5.32,-0.12,6.5));
#4937 = VECTOR('',#4938,1.);
#4938 = DIRECTION('',(-1.,1.224646799147E-16,0.));
#4939 = PLANE('',#4940);
#4940 = AXIS2_PLACEMENT_3D('',#4941,#4942,#4943);
#4941 = CARTESIAN_POINT('',(5.32,-0.22,6.4));
#4942 = DIRECTION('',(-8.833102285013E-17,-0.707106781187,0.707106781187
    ));
#4943 = DIRECTION('',(1.,-1.236918052038E-16,1.227125289097E-18));
#4944 = ADVANCED_FACE('',(#4945),#4963,.T.);
#4945 = FACE_BOUND('',#4946,.F.);
#4946 = EDGE_LOOP('',(#4947,#4948,#4956,#4962));
#4947 = ORIENTED_EDGE('',*,*,#4924,.F.);
#4948 = ORIENTED_EDGE('',*,*,#4949,.T.);
#4949 = EDGE_CURVE('',#4925,#4950,#4952,.T.);
#4950 = VERTEX_POINT('',#4951);
#4951 = CARTESIAN_POINT('',(5.12,0.12,6.5));
#4952 = LINE('',#4953,#4954);
#4953 = CARTESIAN_POINT('',(5.12,-0.32,6.5));
#4954 = VECTOR('',#4955,1.);
#4955 = DIRECTION('',(1.224646799147E-16,1.,0.));
#4956 = ORIENTED_EDGE('',*,*,#4957,.T.);
#4957 = EDGE_CURVE('',#4950,#3479,#4958,.T.);
#4958 = LINE('',#4959,#4960);
#4959 = CARTESIAN_POINT('',(5.146666666667,0.146666666667,6.473333333333
    ));
#4960 = VECTOR('',#4961,1.);
#4961 = DIRECTION('',(0.57735026919,0.57735026919,-0.57735026919));
#4962 = ORIENTED_EDGE('',*,*,#3478,.F.);
#4963 = PLANE('',#4964);
#4964 = AXIS2_PLACEMENT_3D('',#4965,#4966,#4967);
#4965 = CARTESIAN_POINT('',(5.22,-0.32,6.4));
#4966 = DIRECTION('',(0.707106781187,-8.833102285013E-17,0.707106781187)
  );
#4967 = DIRECTION('',(-1.236918052038E-16,-1.,-1.227125289097E-18));
#4968 = ADVANCED_FACE('',(#4969),#4980,.T.);
#4969 = FACE_BOUND('',#4970,.F.);
#4970 = EDGE_LOOP('',(#4971,#4972,#4978,#4979));
#4971 = ORIENTED_EDGE('',*,*,#4957,.F.);
#4972 = ORIENTED_EDGE('',*,*,#4973,.T.);
#4973 = EDGE_CURVE('',#4950,#4902,#4974,.T.);
#4974 = LINE('',#4975,#4976);
#4975 = CARTESIAN_POINT('',(5.32,0.12,6.5));
#4976 = VECTOR('',#4977,1.);
#4977 = DIRECTION('',(-1.,1.224646799147E-16,0.));
#4978 = ORIENTED_EDGE('',*,*,#4909,.T.);
#4979 = ORIENTED_EDGE('',*,*,#3501,.F.);
#4980 = PLANE('',#4981);
#4981 = AXIS2_PLACEMENT_3D('',#4982,#4983,#4984);
#4982 = CARTESIAN_POINT('',(5.32,0.22,6.4));
#4983 = DIRECTION('',(8.833102285013E-17,0.707106781187,0.707106781187)
  );
#4984 = DIRECTION('',(1.,-1.236918052038E-16,-1.227125289097E-18));
#4985 = ADVANCED_FACE('',(#4986),#5011,.F.);
#4986 = FACE_BOUND('',#4987,.T.);
#4987 = EDGE_LOOP('',(#4988,#4996,#5004,#5010));
#4988 = ORIENTED_EDGE('',*,*,#4989,.F.);
#4989 = EDGE_CURVE('',#4990,#3519,#4992,.T.);
#4990 = VERTEX_POINT('',#4991);
#4991 = CARTESIAN_POINT('',(2.38,-0.12,6.5));
#4992 = LINE('',#4993,#4994);
#4993 = CARTESIAN_POINT('',(2.353333333333,-0.146666666667,
    6.473333333333));
#4994 = VECTOR('',#4995,1.);
#4995 = DIRECTION('',(-0.57735026919,-0.57735026919,-0.57735026919));
#4996 = ORIENTED_EDGE('',*,*,#4997,.T.);
#4997 = EDGE_CURVE('',#4990,#4998,#5000,.T.);
#4998 = VERTEX_POINT('',#4999);
#4999 = CARTESIAN_POINT('',(2.38,0.12,6.5));
#5000 = LINE('',#5001,#5002);
#5001 = CARTESIAN_POINT('',(2.38,-0.32,6.5));
#5002 = VECTOR('',#5003,1.);
#5003 = DIRECTION('',(1.224646799147E-16,1.,0.));
#5004 = ORIENTED_EDGE('',*,*,#5005,.T.);
#5005 = EDGE_CURVE('',#4998,#3527,#5006,.T.);
#5006 = LINE('',#5007,#5008);
#5007 = CARTESIAN_POINT('',(2.46,4.E-02,6.58));
#5008 = VECTOR('',#5009,1.);
#5009 = DIRECTION('',(-0.57735026919,0.57735026919,-0.57735026919));
#5010 = ORIENTED_EDGE('',*,*,#3526,.F.);
#5011 = PLANE('',#5012);
#5012 = AXIS2_PLACEMENT_3D('',#5013,#5014,#5015);
#5013 = CARTESIAN_POINT('',(2.28,-0.32,6.4));
#5014 = DIRECTION('',(0.707106781187,-8.486018839685E-17,-0.707106781187
    ));
#5015 = DIRECTION('',(-1.212375546256E-16,-1.,-1.227125289196E-18));
#5016 = ADVANCED_FACE('',(#5017),#5035,.T.);
#5017 = FACE_BOUND('',#5018,.F.);
#5018 = EDGE_LOOP('',(#5019,#5027,#5028,#5029));
#5019 = ORIENTED_EDGE('',*,*,#5020,.T.);
#5020 = EDGE_CURVE('',#5021,#3549,#5023,.T.);
#5021 = VERTEX_POINT('',#5022);
#5022 = CARTESIAN_POINT('',(2.62,-0.12,6.5));
#5023 = LINE('',#5024,#5025);
#5024 = CARTESIAN_POINT('',(2.753333333333,-0.253333333333,
    6.366666666667));
#5025 = VECTOR('',#5026,1.);
#5026 = DIRECTION('',(0.57735026919,-0.57735026919,-0.57735026919));
#5027 = ORIENTED_EDGE('',*,*,#3558,.T.);
#5028 = ORIENTED_EDGE('',*,*,#4989,.F.);
#5029 = ORIENTED_EDGE('',*,*,#5030,.F.);
#5030 = EDGE_CURVE('',#5021,#4990,#5031,.T.);
#5031 = LINE('',#5032,#5033);
#5032 = CARTESIAN_POINT('',(2.82,-0.12,6.5));
#5033 = VECTOR('',#5034,1.);
#5034 = DIRECTION('',(-1.,1.224646799147E-16,0.));
#5035 = PLANE('',#5036);
#5036 = AXIS2_PLACEMENT_3D('',#5037,#5038,#5039);
#5037 = CARTESIAN_POINT('',(2.82,-0.22,6.4));
#5038 = DIRECTION('',(-8.833102285013E-17,-0.707106781187,0.707106781187
    ));
#5039 = DIRECTION('',(1.,-1.236918052038E-16,1.227125289097E-18));
#5040 = ADVANCED_FACE('',(#5041),#5059,.T.);
#5041 = FACE_BOUND('',#5042,.F.);
#5042 = EDGE_LOOP('',(#5043,#5044,#5052,#5058));
#5043 = ORIENTED_EDGE('',*,*,#5020,.F.);
#5044 = ORIENTED_EDGE('',*,*,#5045,.T.);
#5045 = EDGE_CURVE('',#5021,#5046,#5048,.T.);
#5046 = VERTEX_POINT('',#5047);
#5047 = CARTESIAN_POINT('',(2.62,0.12,6.5));
#5048 = LINE('',#5049,#5050);
#5049 = CARTESIAN_POINT('',(2.62,-0.32,6.5));
#5050 = VECTOR('',#5051,1.);
#5051 = DIRECTION('',(1.224646799147E-16,1.,0.));
#5052 = ORIENTED_EDGE('',*,*,#5053,.T.);
#5053 = EDGE_CURVE('',#5046,#3575,#5054,.T.);
#5054 = LINE('',#5055,#5056);
#5055 = CARTESIAN_POINT('',(2.646666666667,0.146666666667,6.473333333333
    ));
#5056 = VECTOR('',#5057,1.);
#5057 = DIRECTION('',(0.57735026919,0.57735026919,-0.57735026919));
#5058 = ORIENTED_EDGE('',*,*,#3574,.F.);
#5059 = PLANE('',#5060);
#5060 = AXIS2_PLACEMENT_3D('',#5061,#5062,#5063);
#5061 = CARTESIAN_POINT('',(2.72,-0.32,6.4));
#5062 = DIRECTION('',(0.707106781187,-8.833102285013E-17,0.707106781187)
  );
#5063 = DIRECTION('',(-1.236918052038E-16,-1.,-1.227125289097E-18));
#5064 = ADVANCED_FACE('',(#5065),#5076,.T.);
#5065 = FACE_BOUND('',#5066,.F.);
#5066 = EDGE_LOOP('',(#5067,#5068,#5074,#5075));
#5067 = ORIENTED_EDGE('',*,*,#5053,.F.);
#5068 = ORIENTED_EDGE('',*,*,#5069,.T.);
#5069 = EDGE_CURVE('',#5046,#4998,#5070,.T.);
#5070 = LINE('',#5071,#5072);
#5071 = CARTESIAN_POINT('',(2.82,0.12,6.5));
#5072 = VECTOR('',#5073,1.);
#5073 = DIRECTION('',(-1.,1.224646799147E-16,0.));
#5074 = ORIENTED_EDGE('',*,*,#5005,.T.);
#5075 = ORIENTED_EDGE('',*,*,#3597,.F.);
#5076 = PLANE('',#5077);
#5077 = AXIS2_PLACEMENT_3D('',#5078,#5079,#5080);
#5078 = CARTESIAN_POINT('',(2.82,0.22,6.4));
#5079 = DIRECTION('',(8.833102285013E-17,0.707106781187,0.707106781187)
  );
#5080 = DIRECTION('',(1.,-1.236918052038E-16,-1.227125289097E-18));
#5081 = ADVANCED_FACE('',(#5082),#5107,.F.);
#5082 = FACE_BOUND('',#5083,.T.);
#5083 = EDGE_LOOP('',(#5084,#5092,#5100,#5106));
#5084 = ORIENTED_EDGE('',*,*,#5085,.F.);
#5085 = EDGE_CURVE('',#5086,#3615,#5088,.T.);
#5086 = VERTEX_POINT('',#5087);
#5087 = CARTESIAN_POINT('',(12.38,-0.12,6.5));
#5088 = LINE('',#5089,#5090);
#5089 = CARTESIAN_POINT('',(12.353333333333,-0.146666666667,
    6.473333333333));
#5090 = VECTOR('',#5091,1.);
#5091 = DIRECTION('',(-0.57735026919,-0.57735026919,-0.57735026919));
#5092 = ORIENTED_EDGE('',*,*,#5093,.T.);
#5093 = EDGE_CURVE('',#5086,#5094,#5096,.T.);
#5094 = VERTEX_POINT('',#5095);
#5095 = CARTESIAN_POINT('',(12.38,0.12,6.5));
#5096 = LINE('',#5097,#5098);
#5097 = CARTESIAN_POINT('',(12.38,-0.32,6.5));
#5098 = VECTOR('',#5099,1.);
#5099 = DIRECTION('',(1.224646799147E-16,1.,0.));
#5100 = ORIENTED_EDGE('',*,*,#5101,.T.);
#5101 = EDGE_CURVE('',#5094,#3623,#5102,.T.);
#5102 = LINE('',#5103,#5104);
#5103 = CARTESIAN_POINT('',(12.46,4.E-02,6.58));
#5104 = VECTOR('',#5105,1.);
#5105 = DIRECTION('',(-0.57735026919,0.57735026919,-0.57735026919));
#5106 = ORIENTED_EDGE('',*,*,#3622,.F.);
#5107 = PLANE('',#5108);
#5108 = AXIS2_PLACEMENT_3D('',#5109,#5110,#5111);
#5109 = CARTESIAN_POINT('',(12.28,-0.32,6.4));
#5110 = DIRECTION('',(0.707106781187,-8.486018839685E-17,-0.707106781187
    ));
#5111 = DIRECTION('',(-1.212375546256E-16,-1.,-1.227125289196E-18));
#5112 = ADVANCED_FACE('',(#5113),#5131,.T.);
#5113 = FACE_BOUND('',#5114,.F.);
#5114 = EDGE_LOOP('',(#5115,#5123,#5124,#5125));
#5115 = ORIENTED_EDGE('',*,*,#5116,.T.);
#5116 = EDGE_CURVE('',#5117,#3645,#5119,.T.);
#5117 = VERTEX_POINT('',#5118);
#5118 = CARTESIAN_POINT('',(12.62,-0.12,6.5));
#5119 = LINE('',#5120,#5121);
#5120 = CARTESIAN_POINT('',(12.753333333333,-0.253333333333,
    6.366666666667));
#5121 = VECTOR('',#5122,1.);
#5122 = DIRECTION('',(0.57735026919,-0.57735026919,-0.57735026919));
#5123 = ORIENTED_EDGE('',*,*,#3654,.T.);
#5124 = ORIENTED_EDGE('',*,*,#5085,.F.);
#5125 = ORIENTED_EDGE('',*,*,#5126,.F.);
#5126 = EDGE_CURVE('',#5117,#5086,#5127,.T.);
#5127 = LINE('',#5128,#5129);
#5128 = CARTESIAN_POINT('',(12.82,-0.12,6.5));
#5129 = VECTOR('',#5130,1.);
#5130 = DIRECTION('',(-1.,1.224646799147E-16,0.));
#5131 = PLANE('',#5132);
#5132 = AXIS2_PLACEMENT_3D('',#5133,#5134,#5135);
#5133 = CARTESIAN_POINT('',(12.82,-0.22,6.4));
#5134 = DIRECTION('',(-8.833102285013E-17,-0.707106781187,0.707106781187
    ));
#5135 = DIRECTION('',(1.,-1.236918052038E-16,1.227125289097E-18));
#5136 = ADVANCED_FACE('',(#5137),#5155,.T.);
#5137 = FACE_BOUND('',#5138,.F.);
#5138 = EDGE_LOOP('',(#5139,#5140,#5148,#5154));
#5139 = ORIENTED_EDGE('',*,*,#5116,.F.);
#5140 = ORIENTED_EDGE('',*,*,#5141,.T.);
#5141 = EDGE_CURVE('',#5117,#5142,#5144,.T.);
#5142 = VERTEX_POINT('',#5143);
#5143 = CARTESIAN_POINT('',(12.62,0.12,6.5));
#5144 = LINE('',#5145,#5146);
#5145 = CARTESIAN_POINT('',(12.62,-0.32,6.5));
#5146 = VECTOR('',#5147,1.);
#5147 = DIRECTION('',(1.224646799147E-16,1.,0.));
#5148 = ORIENTED_EDGE('',*,*,#5149,.T.);
#5149 = EDGE_CURVE('',#5142,#3671,#5150,.T.);
#5150 = LINE('',#5151,#5152);
#5151 = CARTESIAN_POINT('',(12.646666666667,0.146666666667,
    6.473333333333));
#5152 = VECTOR('',#5153,1.);
#5153 = DIRECTION('',(0.57735026919,0.57735026919,-0.57735026919));
#5154 = ORIENTED_EDGE('',*,*,#3670,.F.);
#5155 = PLANE('',#5156);
#5156 = AXIS2_PLACEMENT_3D('',#5157,#5158,#5159);
#5157 = CARTESIAN_POINT('',(12.72,-0.32,6.4));
#5158 = DIRECTION('',(0.707106781187,-8.833102285013E-17,0.707106781187)
  );
#5159 = DIRECTION('',(-1.236918052038E-16,-1.,-1.227125289097E-18));
#5160 = ADVANCED_FACE('',(#5161),#5172,.T.);
#5161 = FACE_BOUND('',#5162,.F.);
#5162 = EDGE_LOOP('',(#5163,#5164,#5170,#5171));
#5163 = ORIENTED_EDGE('',*,*,#5149,.F.);
#5164 = ORIENTED_EDGE('',*,*,#5165,.T.);
#5165 = EDGE_CURVE('',#5142,#5094,#5166,.T.);
#5166 = LINE('',#5167,#5168);
#5167 = CARTESIAN_POINT('',(12.82,0.12,6.5));
#5168 = VECTOR('',#5169,1.);
#5169 = DIRECTION('',(-1.,1.224646799147E-16,0.));
#5170 = ORIENTED_EDGE('',*,*,#5101,.T.);
#5171 = ORIENTED_EDGE('',*,*,#3693,.F.);
#5172 = PLANE('',#5173);
#5173 = AXIS2_PLACEMENT_3D('',#5174,#5175,#5176);
#5174 = CARTESIAN_POINT('',(12.82,0.22,6.4));
#5175 = DIRECTION('',(8.833102285013E-17,0.707106781187,0.707106781187)
  );
#5176 = DIRECTION('',(1.,-1.236918052038E-16,-1.227125289097E-18));
#5177 = ADVANCED_FACE('',(#5178),#5203,.T.);
#5178 = FACE_BOUND('',#5179,.F.);
#5179 = EDGE_LOOP('',(#5180,#5188,#5196,#5202));
#5180 = ORIENTED_EDGE('',*,*,#5181,.F.);
#5181 = EDGE_CURVE('',#5182,#3710,#5184,.T.);
#5182 = VERTEX_POINT('',#5183);
#5183 = CARTESIAN_POINT('',(15.12,0.12,6.5));
#5184 = LINE('',#5185,#5186);
#5185 = CARTESIAN_POINT('',(15.146666666667,0.146666666667,
    6.473333333333));
#5186 = VECTOR('',#5187,1.);
#5187 = DIRECTION('',(0.57735026919,0.57735026919,-0.57735026919));
#5188 = ORIENTED_EDGE('',*,*,#5189,.T.);
#5189 = EDGE_CURVE('',#5182,#5190,#5192,.T.);
#5190 = VERTEX_POINT('',#5191);
#5191 = CARTESIAN_POINT('',(14.88,0.12,6.5));
#5192 = LINE('',#5193,#5194);
#5193 = CARTESIAN_POINT('',(15.32,0.12,6.5));
#5194 = VECTOR('',#5195,1.);
#5195 = DIRECTION('',(-1.,1.224646799147E-16,0.));
#5196 = ORIENTED_EDGE('',*,*,#5197,.T.);
#5197 = EDGE_CURVE('',#5190,#3718,#5198,.T.);
#5198 = LINE('',#5199,#5200);
#5199 = CARTESIAN_POINT('',(14.96,4.E-02,6.58));
#5200 = VECTOR('',#5201,1.);
#5201 = DIRECTION('',(-0.57735026919,0.57735026919,-0.57735026919));
#5202 = ORIENTED_EDGE('',*,*,#3717,.F.);
#5203 = PLANE('',#5204);
#5204 = AXIS2_PLACEMENT_3D('',#5205,#5206,#5207);
#5205 = CARTESIAN_POINT('',(15.32,0.22,6.4));
#5206 = DIRECTION('',(8.833102285013E-17,0.707106781187,0.707106781187)
  );
#5207 = DIRECTION('',(1.,-1.236918052038E-16,-1.227125289097E-18));
#5208 = ADVANCED_FACE('',(#5209),#5227,.F.);
#5209 = FACE_BOUND('',#5210,.T.);
#5210 = EDGE_LOOP('',(#5211,#5219,#5225,#5226));
#5211 = ORIENTED_EDGE('',*,*,#5212,.T.);
#5212 = EDGE_CURVE('',#3742,#5213,#5215,.T.);
#5213 = VERTEX_POINT('',#5214);
#5214 = CARTESIAN_POINT('',(14.88,-0.12,6.5));
#5215 = LINE('',#5216,#5217);
#5216 = CARTESIAN_POINT('',(14.853333333333,-0.146666666667,
    6.473333333333));
#5217 = VECTOR('',#5218,1.);
#5218 = DIRECTION('',(0.57735026919,0.57735026919,0.57735026919));
#5219 = ORIENTED_EDGE('',*,*,#5220,.T.);
#5220 = EDGE_CURVE('',#5213,#5190,#5221,.T.);
#5221 = LINE('',#5222,#5223);
#5222 = CARTESIAN_POINT('',(14.88,-0.32,6.5));
#5223 = VECTOR('',#5224,1.);
#5224 = DIRECTION('',(1.224646799147E-16,1.,0.));
#5225 = ORIENTED_EDGE('',*,*,#5197,.T.);
#5226 = ORIENTED_EDGE('',*,*,#3749,.F.);
#5227 = PLANE('',#5228);
#5228 = AXIS2_PLACEMENT_3D('',#5229,#5230,#5231);
#5229 = CARTESIAN_POINT('',(14.78,-0.32,6.4));
#5230 = DIRECTION('',(0.707106781187,-8.486018839685E-17,-0.707106781187
    ));
#5231 = DIRECTION('',(-1.212375546256E-16,-1.,-1.227125289196E-18));
#5232 = ADVANCED_FACE('',(#5233),#5251,.T.);
#5233 = FACE_BOUND('',#5234,.F.);
#5234 = EDGE_LOOP('',(#5235,#5243,#5244,#5245));
#5235 = ORIENTED_EDGE('',*,*,#5236,.F.);
#5236 = EDGE_CURVE('',#3765,#5237,#5239,.T.);
#5237 = VERTEX_POINT('',#5238);
#5238 = CARTESIAN_POINT('',(15.12,-0.12,6.5));
#5239 = LINE('',#5240,#5241);
#5240 = CARTESIAN_POINT('',(15.253333333333,-0.253333333333,
    6.366666666667));
#5241 = VECTOR('',#5242,1.);
#5242 = DIRECTION('',(-0.57735026919,0.57735026919,0.57735026919));
#5243 = ORIENTED_EDGE('',*,*,#3774,.T.);
#5244 = ORIENTED_EDGE('',*,*,#5212,.T.);
#5245 = ORIENTED_EDGE('',*,*,#5246,.F.);
#5246 = EDGE_CURVE('',#5237,#5213,#5247,.T.);
#5247 = LINE('',#5248,#5249);
#5248 = CARTESIAN_POINT('',(15.32,-0.12,6.5));
#5249 = VECTOR('',#5250,1.);
#5250 = DIRECTION('',(-1.,1.224646799147E-16,0.));
#5251 = PLANE('',#5252);
#5252 = AXIS2_PLACEMENT_3D('',#5253,#5254,#5255);
#5253 = CARTESIAN_POINT('',(15.32,-0.22,6.4));
#5254 = DIRECTION('',(-8.833102285013E-17,-0.707106781187,0.707106781187
    ));
#5255 = DIRECTION('',(1.,-1.236918052038E-16,1.227125289097E-18));
#5256 = ADVANCED_FACE('',(#5257),#5268,.T.);
#5257 = FACE_BOUND('',#5258,.F.);
#5258 = EDGE_LOOP('',(#5259,#5260,#5266,#5267));
#5259 = ORIENTED_EDGE('',*,*,#5236,.T.);
#5260 = ORIENTED_EDGE('',*,*,#5261,.T.);
#5261 = EDGE_CURVE('',#5237,#5182,#5262,.T.);
#5262 = LINE('',#5263,#5264);
#5263 = CARTESIAN_POINT('',(15.12,-0.32,6.5));
#5264 = VECTOR('',#5265,1.);
#5265 = DIRECTION('',(1.224646799147E-16,1.,0.));
#5266 = ORIENTED_EDGE('',*,*,#5181,.T.);
#5267 = ORIENTED_EDGE('',*,*,#3790,.F.);
#5268 = PLANE('',#5269);
#5269 = AXIS2_PLACEMENT_3D('',#5270,#5271,#5272);
#5270 = CARTESIAN_POINT('',(15.22,-0.32,6.4));
#5271 = DIRECTION('',(0.707106781187,-8.833102285013E-17,0.707106781187)
  );
#5272 = DIRECTION('',(-1.236918052038E-16,-1.,-1.227125289097E-18));
#5273 = ADVANCED_FACE('',(#5274),#5299,.F.);
#5274 = FACE_BOUND('',#5275,.T.);
#5275 = EDGE_LOOP('',(#5276,#5284,#5292,#5298));
#5276 = ORIENTED_EDGE('',*,*,#5277,.T.);
#5277 = EDGE_CURVE('',#3807,#5278,#5280,.T.);
#5278 = VERTEX_POINT('',#5279);
#5279 = CARTESIAN_POINT('',(-0.12,-0.12,6.5));
#5280 = LINE('',#5281,#5282);
#5281 = CARTESIAN_POINT('',(-0.146666666667,-0.146666666667,
    6.473333333333));
#5282 = VECTOR('',#5283,1.);
#5283 = DIRECTION('',(0.57735026919,0.57735026919,0.57735026919));
#5284 = ORIENTED_EDGE('',*,*,#5285,.T.);
#5285 = EDGE_CURVE('',#5278,#5286,#5288,.T.);
#5286 = VERTEX_POINT('',#5287);
#5287 = CARTESIAN_POINT('',(-0.12,0.12,6.5));
#5288 = LINE('',#5289,#5290);
#5289 = CARTESIAN_POINT('',(-0.12,-0.32,6.5));
#5290 = VECTOR('',#5291,1.);
#5291 = DIRECTION('',(1.224646799147E-16,1.,0.));
#5292 = ORIENTED_EDGE('',*,*,#5293,.T.);
#5293 = EDGE_CURVE('',#5286,#3815,#5294,.T.);
#5294 = LINE('',#5295,#5296);
#5295 = CARTESIAN_POINT('',(-4.E-02,4.E-02,6.58));
#5296 = VECTOR('',#5297,1.);
#5297 = DIRECTION('',(-0.57735026919,0.57735026919,-0.57735026919));
#5298 = ORIENTED_EDGE('',*,*,#3814,.F.);
#5299 = PLANE('',#5300);
#5300 = AXIS2_PLACEMENT_3D('',#5301,#5302,#5303);
#5301 = CARTESIAN_POINT('',(-0.22,-0.32,6.4));
#5302 = DIRECTION('',(0.707106781187,-8.486018839685E-17,-0.707106781187
    ));
#5303 = DIRECTION('',(-1.212375546256E-16,-1.,-1.227125289196E-18));
#5304 = ADVANCED_FACE('',(#5305),#5323,.T.);
#5305 = FACE_BOUND('',#5306,.F.);
#5306 = EDGE_LOOP('',(#5307,#5315,#5316,#5317));
#5307 = ORIENTED_EDGE('',*,*,#5308,.F.);
#5308 = EDGE_CURVE('',#3837,#5309,#5311,.T.);
#5309 = VERTEX_POINT('',#5310);
#5310 = CARTESIAN_POINT('',(0.12,-0.12,6.5));
#5311 = LINE('',#5312,#5313);
#5312 = CARTESIAN_POINT('',(0.253333333333,-0.253333333333,
    6.366666666667));
#5313 = VECTOR('',#5314,1.);
#5314 = DIRECTION('',(-0.57735026919,0.57735026919,0.57735026919));
#5315 = ORIENTED_EDGE('',*,*,#3846,.T.);
#5316 = ORIENTED_EDGE('',*,*,#5277,.T.);
#5317 = ORIENTED_EDGE('',*,*,#5318,.F.);
#5318 = EDGE_CURVE('',#5309,#5278,#5319,.T.);
#5319 = LINE('',#5320,#5321);
#5320 = CARTESIAN_POINT('',(0.32,-0.12,6.5));
#5321 = VECTOR('',#5322,1.);
#5322 = DIRECTION('',(-1.,1.224646799147E-16,0.));
#5323 = PLANE('',#5324);
#5324 = AXIS2_PLACEMENT_3D('',#5325,#5326,#5327);
#5325 = CARTESIAN_POINT('',(0.32,-0.22,6.4));
#5326 = DIRECTION('',(-8.833102285013E-17,-0.707106781187,0.707106781187
    ));
#5327 = DIRECTION('',(1.,-1.236918052038E-16,1.227125289097E-18));
#5328 = ADVANCED_FACE('',(#5329),#5347,.T.);
#5329 = FACE_BOUND('',#5330,.F.);
#5330 = EDGE_LOOP('',(#5331,#5332,#5340,#5346));
#5331 = ORIENTED_EDGE('',*,*,#5308,.T.);
#5332 = ORIENTED_EDGE('',*,*,#5333,.T.);
#5333 = EDGE_CURVE('',#5309,#5334,#5336,.T.);
#5334 = VERTEX_POINT('',#5335);
#5335 = CARTESIAN_POINT('',(0.12,0.12,6.5));
#5336 = LINE('',#5337,#5338);
#5337 = CARTESIAN_POINT('',(0.12,-0.32,6.5));
#5338 = VECTOR('',#5339,1.);
#5339 = DIRECTION('',(1.224646799147E-16,1.,0.));
#5340 = ORIENTED_EDGE('',*,*,#5341,.T.);
#5341 = EDGE_CURVE('',#5334,#3863,#5342,.T.);
#5342 = LINE('',#5343,#5344);
#5343 = CARTESIAN_POINT('',(0.146666666667,0.146666666667,6.473333333333
    ));
#5344 = VECTOR('',#5345,1.);
#5345 = DIRECTION('',(0.57735026919,0.57735026919,-0.57735026919));
#5346 = ORIENTED_EDGE('',*,*,#3862,.F.);
#5347 = PLANE('',#5348);
#5348 = AXIS2_PLACEMENT_3D('',#5349,#5350,#5351);
#5349 = CARTESIAN_POINT('',(0.22,-0.32,6.4));
#5350 = DIRECTION('',(0.707106781187,-8.833102285013E-17,0.707106781187)
  );
#5351 = DIRECTION('',(-1.236918052038E-16,-1.,-1.227125289097E-18));
#5352 = ADVANCED_FACE('',(#5353),#5364,.T.);
#5353 = FACE_BOUND('',#5354,.F.);
#5354 = EDGE_LOOP('',(#5355,#5356,#5362,#5363));
#5355 = ORIENTED_EDGE('',*,*,#5341,.F.);
#5356 = ORIENTED_EDGE('',*,*,#5357,.T.);
#5357 = EDGE_CURVE('',#5334,#5286,#5358,.T.);
#5358 = LINE('',#5359,#5360);
#5359 = CARTESIAN_POINT('',(0.32,0.12,6.5));
#5360 = VECTOR('',#5361,1.);
#5361 = DIRECTION('',(-1.,1.224646799147E-16,0.));
#5362 = ORIENTED_EDGE('',*,*,#5293,.T.);
#5363 = ORIENTED_EDGE('',*,*,#3885,.F.);
#5364 = PLANE('',#5365);
#5365 = AXIS2_PLACEMENT_3D('',#5366,#5367,#5368);
#5366 = CARTESIAN_POINT('',(0.32,0.22,6.4));
#5367 = DIRECTION('',(8.833102285013E-17,0.707106781187,0.707106781187)
  );
#5368 = DIRECTION('',(1.,-1.236918052038E-16,-1.227125289097E-18));
#5369 = ADVANCED_FACE('',(#5370),#5411,.F.);
#5370 = FACE_BOUND('',#5371,.T.);
#5371 = EDGE_LOOP('',(#5372,#5382,#5388,#5389,#5397,#5405));
#5372 = ORIENTED_EDGE('',*,*,#5373,.T.);
#5373 = EDGE_CURVE('',#5374,#5376,#5378,.T.);
#5374 = VERTEX_POINT('',#5375);
#5375 = CARTESIAN_POINT('',(-0.12,-0.12,-3.4));
#5376 = VERTEX_POINT('',#5377);
#5377 = CARTESIAN_POINT('',(-0.317552593066,-0.288807485305,
    -3.202447406934));
#5378 = LINE('',#5379,#5380);
#5379 = CARTESIAN_POINT('',(-3.848855660758E-02,-5.034896900541E-02,
    -3.481511443392));
#5380 = VECTOR('',#5381,1.);
#5381 = DIRECTION('',(-0.605209817607,-0.517148096144,0.605209817607));
#5382 = ORIENTED_EDGE('',*,*,#5383,.T.);
#5383 = EDGE_CURVE('',#5376,#3904,#5384,.T.);
#5384 = LINE('',#5385,#5386);
#5385 = CARTESIAN_POINT('',(-8.569083447333E-02,-0.325417236662,
    -3.434309165527));
#5386 = VECTOR('',#5387,1.);
#5387 = DIRECTION('',(-0.702740385383,0.110959008218,0.702740385383));
#5388 = ORIENTED_EDGE('',*,*,#3901,.F.);
#5389 = ORIENTED_EDGE('',*,*,#5390,.F.);
#5390 = EDGE_CURVE('',#5391,#3902,#5393,.T.);
#5391 = VERTEX_POINT('',#5392);
#5392 = CARTESIAN_POINT('',(-0.317552593066,0.351192514695,
    -3.202447406934));
#5393 = LINE('',#5394,#5395);
#5394 = CARTESIAN_POINT('',(-0.541586867305,0.386566347469,
    -2.978413132695));
#5395 = VECTOR('',#5396,1.);
#5396 = DIRECTION('',(-0.702740385383,0.110959008218,0.702740385383));
#5397 = ORIENTED_EDGE('',*,*,#5398,.F.);
#5398 = EDGE_CURVE('',#5399,#5391,#5401,.T.);
#5399 = VERTEX_POINT('',#5400);
#5400 = CARTESIAN_POINT('',(-0.12,0.12,-3.4));
#5401 = LINE('',#5402,#5403);
#5402 = CARTESIAN_POINT('',(-0.153849098111,0.159613036666,
    -3.366150901889));
#5403 = VECTOR('',#5404,1.);
#5404 = DIRECTION('',(-0.544770019249,0.63753529491,0.544770019249));
#5405 = ORIENTED_EDGE('',*,*,#5406,.T.);
#5406 = EDGE_CURVE('',#5399,#5374,#5407,.T.);
#5407 = LINE('',#5408,#5409);
#5408 = CARTESIAN_POINT('',(-0.12,0.32,-3.4));
#5409 = VECTOR('',#5410,1.);
#5410 = DIRECTION('',(-1.224646799147E-16,-1.,0.));
#5411 = PLANE('',#5412);
#5412 = AXIS2_PLACEMENT_3D('',#5413,#5414,#5415);
#5413 = CARTESIAN_POINT('',(-0.22,0.32,-3.3));
#5414 = DIRECTION('',(0.707106781187,-8.833102285013E-17,0.707106781187)
  );
#5415 = DIRECTION('',(1.236918052038E-16,1.,1.227125289097E-18));
#5416 = ADVANCED_FACE('',(#5417),#5442,.F.);
#5417 = FACE_BOUND('',#5418,.F.);
#5418 = EDGE_LOOP('',(#5419,#5420,#5426,#5427,#5428,#5436));
#5419 = ORIENTED_EDGE('',*,*,#4030,.F.);
#5420 = ORIENTED_EDGE('',*,*,#5421,.T.);
#5421 = EDGE_CURVE('',#4023,#3943,#5422,.T.);
#5422 = LINE('',#5423,#5424);
#5423 = CARTESIAN_POINT('',(0.32,0.62,-1.5));
#5424 = VECTOR('',#5425,1.);
#5425 = DIRECTION('',(-1.,1.224646799147E-16,0.));
#5426 = ORIENTED_EDGE('',*,*,#3950,.T.);
#5427 = ORIENTED_EDGE('',*,*,#5390,.F.);
#5428 = ORIENTED_EDGE('',*,*,#5429,.F.);
#5429 = EDGE_CURVE('',#5430,#5391,#5432,.T.);
#5430 = VERTEX_POINT('',#5431);
#5431 = CARTESIAN_POINT('',(0.317552593066,0.351192514695,
    -3.202447406934));
#5432 = LINE('',#5433,#5434);
#5433 = CARTESIAN_POINT('',(0.32,0.351192514695,-3.202447406934));
#5434 = VECTOR('',#5435,1.);
#5435 = DIRECTION('',(-1.,1.224646799147E-16,0.));
#5436 = ORIENTED_EDGE('',*,*,#5437,.T.);
#5437 = EDGE_CURVE('',#5430,#3989,#5438,.T.);
#5438 = LINE('',#5439,#5440);
#5439 = CARTESIAN_POINT('',(0.699616963064,0.411518467852,
    -2.820383036936));
#5440 = VECTOR('',#5441,1.);
#5441 = DIRECTION('',(0.702740385383,0.110959008218,0.702740385383));
#5442 = PLANE('',#5443);
#5443 = AXIS2_PLACEMENT_3D('',#5444,#5445,#5446);
#5444 = CARTESIAN_POINT('',(0.32,0.62,-1.5));
#5445 = DIRECTION('',(-1.209660753807E-16,-0.987762965329,0.155962573473
    ));
#5446 = DIRECTION('',(-1.909990663905E-17,-0.155962573473,
    -0.987762965329));
#5447 = ADVANCED_FACE('',(#5448),#5454,.F.);
#5448 = FACE_BOUND('',#5449,.F.);
#5449 = EDGE_LOOP('',(#5450,#5451,#5452,#5453));
#5450 = ORIENTED_EDGE('',*,*,#4047,.T.);
#5451 = ORIENTED_EDGE('',*,*,#3942,.T.);
#5452 = ORIENTED_EDGE('',*,*,#5421,.F.);
#5453 = ORIENTED_EDGE('',*,*,#4022,.F.);
#5454 = PLANE('',#5455);
#5455 = AXIS2_PLACEMENT_3D('',#5456,#5457,#5458);
#5456 = CARTESIAN_POINT('',(0.32,0.32,-0.9));
#5457 = DIRECTION('',(-1.095357396528E-16,-0.894427191,-0.4472135955));
#5458 = DIRECTION('',(5.476786982641E-17,0.4472135955,-0.894427191));
#5459 = ADVANCED_FACE('',(#5460),#5471,.F.);
#5460 = FACE_BOUND('',#5461,.F.);
#5461 = EDGE_LOOP('',(#5462,#5468,#5469,#5470));
#5462 = ORIENTED_EDGE('',*,*,#5463,.T.);
#5463 = EDGE_CURVE('',#3999,#3912,#5464,.T.);
#5464 = LINE('',#5465,#5466);
#5465 = CARTESIAN_POINT('',(0.32,-2.E-02,-1.5));
#5466 = VECTOR('',#5467,1.);
#5467 = DIRECTION('',(-1.,1.224646799147E-16,0.));
#5468 = ORIENTED_EDGE('',*,*,#3919,.T.);
#5469 = ORIENTED_EDGE('',*,*,#3972,.F.);
#5470 = ORIENTED_EDGE('',*,*,#4006,.F.);
#5471 = PLANE('',#5472);
#5472 = AXIS2_PLACEMENT_3D('',#5473,#5474,#5475);
#5473 = CARTESIAN_POINT('',(0.32,-2.E-02,-1.5));
#5474 = DIRECTION('',(1.095357396528E-16,0.894427191,0.4472135955));
#5475 = DIRECTION('',(-5.476786982641E-17,-0.4472135955,0.894427191));
#5476 = ADVANCED_FACE('',(#5477),#5497,.F.);
#5477 = FACE_BOUND('',#5478,.F.);
#5478 = EDGE_LOOP('',(#5479,#5480,#5488,#5494,#5495,#5496));
#5479 = ORIENTED_EDGE('',*,*,#3998,.F.);
#5480 = ORIENTED_EDGE('',*,*,#5481,.F.);
#5481 = EDGE_CURVE('',#5482,#3991,#5484,.T.);
#5482 = VERTEX_POINT('',#5483);
#5483 = CARTESIAN_POINT('',(0.317552593066,-0.288807485305,
    -3.202447406934));
#5484 = LINE('',#5485,#5486);
#5485 = CARTESIAN_POINT('',(0.243720930233,-0.300465116279,
    -3.276279069767));
#5486 = VECTOR('',#5487,1.);
#5487 = DIRECTION('',(0.702740385383,0.110959008218,0.702740385383));
#5488 = ORIENTED_EDGE('',*,*,#5489,.T.);
#5489 = EDGE_CURVE('',#5482,#5376,#5490,.T.);
#5490 = LINE('',#5491,#5492);
#5491 = CARTESIAN_POINT('',(0.32,-0.288807485305,-3.202447406934));
#5492 = VECTOR('',#5493,1.);
#5493 = DIRECTION('',(-1.,1.224646799147E-16,0.));
#5494 = ORIENTED_EDGE('',*,*,#5383,.T.);
#5495 = ORIENTED_EDGE('',*,*,#3911,.T.);
#5496 = ORIENTED_EDGE('',*,*,#5463,.F.);
#5497 = PLANE('',#5498);
#5498 = AXIS2_PLACEMENT_3D('',#5499,#5500,#5501);
#5499 = CARTESIAN_POINT('',(0.32,-0.32,-3.4));
#5500 = DIRECTION('',(1.209660753807E-16,0.987762965329,-0.155962573473)
  );
#5501 = DIRECTION('',(1.909990663905E-17,0.155962573473,0.987762965329)
  );
#5502 = ADVANCED_FACE('',(#5503),#5530,.T.);
#5503 = FACE_BOUND('',#5504,.F.);
#5504 = EDGE_LOOP('',(#5505,#5513,#5514,#5515,#5516,#5524));
#5505 = ORIENTED_EDGE('',*,*,#5506,.T.);
#5506 = EDGE_CURVE('',#5507,#5482,#5509,.T.);
#5507 = VERTEX_POINT('',#5508);
#5508 = CARTESIAN_POINT('',(0.12,-0.12,-3.4));
#5509 = LINE('',#5510,#5511);
#5510 = CARTESIAN_POINT('',(0.155697812072,-0.150503562587,
    -3.364302187928));
#5511 = VECTOR('',#5512,1.);
#5512 = DIRECTION('',(0.605209817607,-0.517148096144,0.605209817607));
#5513 = ORIENTED_EDGE('',*,*,#5481,.T.);
#5514 = ORIENTED_EDGE('',*,*,#3988,.F.);
#5515 = ORIENTED_EDGE('',*,*,#5437,.F.);
#5516 = ORIENTED_EDGE('',*,*,#5517,.F.);
#5517 = EDGE_CURVE('',#5518,#5430,#5520,.T.);
#5518 = VERTEX_POINT('',#5519);
#5519 = CARTESIAN_POINT('',(0.12,0.12,-3.4));
#5520 = LINE('',#5521,#5522);
#5521 = CARTESIAN_POINT('',(0.24881689775,0.270752273427,-3.27118310225)
  );
#5522 = VECTOR('',#5523,1.);
#5523 = DIRECTION('',(0.544770019249,0.63753529491,0.544770019249));
#5524 = ORIENTED_EDGE('',*,*,#5525,.T.);
#5525 = EDGE_CURVE('',#5518,#5507,#5526,.T.);
#5526 = LINE('',#5527,#5528);
#5527 = CARTESIAN_POINT('',(0.12,0.32,-3.4));
#5528 = VECTOR('',#5529,1.);
#5529 = DIRECTION('',(-1.224646799147E-16,-1.,0.));
#5530 = PLANE('',#5531);
#5531 = AXIS2_PLACEMENT_3D('',#5532,#5533,#5534);
#5532 = CARTESIAN_POINT('',(0.22,0.32,-3.3));
#5533 = DIRECTION('',(0.707106781187,-8.486018839685E-17,-0.707106781187
    ));
#5534 = DIRECTION('',(1.212375546256E-16,1.,1.227125289196E-18));
#5535 = ADVANCED_FACE('',(#5536),#5561,.F.);
#5536 = FACE_BOUND('',#5537,.T.);
#5537 = EDGE_LOOP('',(#5538,#5546,#5554,#5560));
#5538 = ORIENTED_EDGE('',*,*,#5539,.F.);
#5539 = EDGE_CURVE('',#5540,#4062,#5542,.T.);
#5540 = VERTEX_POINT('',#5541);
#5541 = CARTESIAN_POINT('',(2.38,0.12,-3.4));
#5542 = LINE('',#5543,#5544);
#5543 = CARTESIAN_POINT('',(2.353333333333,0.146666666667,
    -3.373333333333));
#5544 = VECTOR('',#5545,1.);
#5545 = DIRECTION('',(-0.57735026919,0.57735026919,0.57735026919));
#5546 = ORIENTED_EDGE('',*,*,#5547,.T.);
#5547 = EDGE_CURVE('',#5540,#5548,#5550,.T.);
#5548 = VERTEX_POINT('',#5549);
#5549 = CARTESIAN_POINT('',(2.38,-0.12,-3.4));
#5550 = LINE('',#5551,#5552);
#5551 = CARTESIAN_POINT('',(2.38,0.32,-3.4));
#5552 = VECTOR('',#5553,1.);
#5553 = DIRECTION('',(-1.224646799147E-16,-1.,0.));
#5554 = ORIENTED_EDGE('',*,*,#5555,.T.);
#5555 = EDGE_CURVE('',#5548,#4064,#5556,.T.);
#5556 = LINE('',#5557,#5558);
#5557 = CARTESIAN_POINT('',(2.46,-4.E-02,-3.48));
#5558 = VECTOR('',#5559,1.);
#5559 = DIRECTION('',(-0.57735026919,-0.57735026919,0.57735026919));
#5560 = ORIENTED_EDGE('',*,*,#4061,.F.);
#5561 = PLANE('',#5562);
#5562 = AXIS2_PLACEMENT_3D('',#5563,#5564,#5565);
#5563 = CARTESIAN_POINT('',(2.28,0.32,-3.3));
#5564 = DIRECTION('',(0.707106781187,-8.833102285013E-17,0.707106781187)
  );
#5565 = DIRECTION('',(1.236918052038E-16,1.,1.227125289097E-18));
#5566 = ADVANCED_FACE('',(#5567),#5585,.T.);
#5567 = FACE_BOUND('',#5568,.F.);
#5568 = EDGE_LOOP('',(#5569,#5577,#5583,#5584));
#5569 = ORIENTED_EDGE('',*,*,#5570,.F.);
#5570 = EDGE_CURVE('',#5571,#4093,#5573,.T.);
#5571 = VERTEX_POINT('',#5572);
#5572 = CARTESIAN_POINT('',(2.62,-0.12,-3.4));
#5573 = LINE('',#5574,#5575);
#5574 = CARTESIAN_POINT('',(2.646666666667,-0.146666666667,
    -3.373333333333));
#5575 = VECTOR('',#5576,1.);
#5576 = DIRECTION('',(0.57735026919,-0.57735026919,0.57735026919));
#5577 = ORIENTED_EDGE('',*,*,#5578,.T.);
#5578 = EDGE_CURVE('',#5571,#5548,#5579,.T.);
#5579 = LINE('',#5580,#5581);
#5580 = CARTESIAN_POINT('',(2.82,-0.12,-3.4));
#5581 = VECTOR('',#5582,1.);
#5582 = DIRECTION('',(-1.,1.224646799147E-16,0.));
#5583 = ORIENTED_EDGE('',*,*,#5555,.T.);
#5584 = ORIENTED_EDGE('',*,*,#4100,.F.);
#5585 = PLANE('',#5586);
#5586 = AXIS2_PLACEMENT_3D('',#5587,#5588,#5589);
#5587 = CARTESIAN_POINT('',(2.82,-0.22,-3.3));
#5588 = DIRECTION('',(-8.486018839685E-17,-0.707106781187,
    -0.707106781187));
#5589 = DIRECTION('',(1.,-1.212375546256E-16,1.227125289196E-18));
#5590 = ADVANCED_FACE('',(#5591),#5609,.T.);
#5591 = FACE_BOUND('',#5592,.F.);
#5592 = EDGE_LOOP('',(#5593,#5601,#5607,#5608));
#5593 = ORIENTED_EDGE('',*,*,#5594,.F.);
#5594 = EDGE_CURVE('',#5595,#4117,#5597,.T.);
#5595 = VERTEX_POINT('',#5596);
#5596 = CARTESIAN_POINT('',(2.62,0.12,-3.4));
#5597 = LINE('',#5598,#5599);
#5598 = CARTESIAN_POINT('',(2.753333333333,0.253333333333,
    -3.266666666667));
#5599 = VECTOR('',#5600,1.);
#5600 = DIRECTION('',(0.57735026919,0.57735026919,0.57735026919));
#5601 = ORIENTED_EDGE('',*,*,#5602,.T.);
#5602 = EDGE_CURVE('',#5595,#5571,#5603,.T.);
#5603 = LINE('',#5604,#5605);
#5604 = CARTESIAN_POINT('',(2.62,0.32,-3.4));
#5605 = VECTOR('',#5606,1.);
#5606 = DIRECTION('',(-1.224646799147E-16,-1.,0.));
#5607 = ORIENTED_EDGE('',*,*,#5570,.T.);
#5608 = ORIENTED_EDGE('',*,*,#4116,.F.);
#5609 = PLANE('',#5610);
#5610 = AXIS2_PLACEMENT_3D('',#5611,#5612,#5613);
#5611 = CARTESIAN_POINT('',(2.72,0.32,-3.3));
#5612 = DIRECTION('',(0.707106781187,-8.486018839685E-17,-0.707106781187
    ));
#5613 = DIRECTION('',(1.212375546256E-16,1.,1.227125289196E-18));
#5614 = ADVANCED_FACE('',(#5615),#5626,.T.);
#5615 = FACE_BOUND('',#5616,.T.);
#5616 = EDGE_LOOP('',(#5617,#5618,#5624,#5625));
#5617 = ORIENTED_EDGE('',*,*,#5594,.F.);
#5618 = ORIENTED_EDGE('',*,*,#5619,.T.);
#5619 = EDGE_CURVE('',#5595,#5540,#5620,.T.);
#5620 = LINE('',#5621,#5622);
#5621 = CARTESIAN_POINT('',(2.82,0.12,-3.4));
#5622 = VECTOR('',#5623,1.);
#5623 = DIRECTION('',(-1.,1.224646799147E-16,0.));
#5624 = ORIENTED_EDGE('',*,*,#5539,.T.);
#5625 = ORIENTED_EDGE('',*,*,#4143,.F.);
#5626 = PLANE('',#5627);
#5627 = AXIS2_PLACEMENT_3D('',#5628,#5629,#5630);
#5628 = CARTESIAN_POINT('',(2.82,0.22,-3.3));
#5629 = DIRECTION('',(8.486018839685E-17,0.707106781187,-0.707106781187)
  );
#5630 = DIRECTION('',(-1.,1.212375546256E-16,1.227125289196E-18));
#5631 = ADVANCED_FACE('',(#5632),#5657,.F.);
#5632 = FACE_BOUND('',#5633,.T.);
#5633 = EDGE_LOOP('',(#5634,#5642,#5650,#5656));
#5634 = ORIENTED_EDGE('',*,*,#5635,.F.);
#5635 = EDGE_CURVE('',#5636,#4158,#5638,.T.);
#5636 = VERTEX_POINT('',#5637);
#5637 = CARTESIAN_POINT('',(4.88,0.12,-3.4));
#5638 = LINE('',#5639,#5640);
#5639 = CARTESIAN_POINT('',(4.853333333333,0.146666666667,
    -3.373333333333));
#5640 = VECTOR('',#5641,1.);
#5641 = DIRECTION('',(-0.57735026919,0.57735026919,0.57735026919));
#5642 = ORIENTED_EDGE('',*,*,#5643,.T.);
#5643 = EDGE_CURVE('',#5636,#5644,#5646,.T.);
#5644 = VERTEX_POINT('',#5645);
#5645 = CARTESIAN_POINT('',(4.88,-0.12,-3.4));
#5646 = LINE('',#5647,#5648);
#5647 = CARTESIAN_POINT('',(4.88,0.32,-3.4));
#5648 = VECTOR('',#5649,1.);
#5649 = DIRECTION('',(-1.224646799147E-16,-1.,0.));
#5650 = ORIENTED_EDGE('',*,*,#5651,.T.);
#5651 = EDGE_CURVE('',#5644,#4160,#5652,.T.);
#5652 = LINE('',#5653,#5654);
#5653 = CARTESIAN_POINT('',(4.96,-4.E-02,-3.48));
#5654 = VECTOR('',#5655,1.);
#5655 = DIRECTION('',(-0.57735026919,-0.57735026919,0.57735026919));
#5656 = ORIENTED_EDGE('',*,*,#4157,.F.);
#5657 = PLANE('',#5658);
#5658 = AXIS2_PLACEMENT_3D('',#5659,#5660,#5661);
#5659 = CARTESIAN_POINT('',(4.78,0.32,-3.3));
#5660 = DIRECTION('',(0.707106781187,-8.833102285013E-17,0.707106781187)
  );
#5661 = DIRECTION('',(1.236918052038E-16,1.,1.227125289097E-18));
#5662 = ADVANCED_FACE('',(#5663),#5681,.T.);
#5663 = FACE_BOUND('',#5664,.F.);
#5664 = EDGE_LOOP('',(#5665,#5673,#5679,#5680));
#5665 = ORIENTED_EDGE('',*,*,#5666,.F.);
#5666 = EDGE_CURVE('',#5667,#4189,#5669,.T.);
#5667 = VERTEX_POINT('',#5668);
#5668 = CARTESIAN_POINT('',(5.12,-0.12,-3.4));
#5669 = LINE('',#5670,#5671);
#5670 = CARTESIAN_POINT('',(5.146666666667,-0.146666666667,
    -3.373333333333));
#5671 = VECTOR('',#5672,1.);
#5672 = DIRECTION('',(0.57735026919,-0.57735026919,0.57735026919));
#5673 = ORIENTED_EDGE('',*,*,#5674,.T.);
#5674 = EDGE_CURVE('',#5667,#5644,#5675,.T.);
#5675 = LINE('',#5676,#5677);
#5676 = CARTESIAN_POINT('',(5.32,-0.12,-3.4));
#5677 = VECTOR('',#5678,1.);
#5678 = DIRECTION('',(-1.,1.224646799147E-16,0.));
#5679 = ORIENTED_EDGE('',*,*,#5651,.T.);
#5680 = ORIENTED_EDGE('',*,*,#4196,.F.);
#5681 = PLANE('',#5682);
#5682 = AXIS2_PLACEMENT_3D('',#5683,#5684,#5685);
#5683 = CARTESIAN_POINT('',(5.32,-0.22,-3.3));
#5684 = DIRECTION('',(-8.486018839685E-17,-0.707106781187,
    -0.707106781187));
#5685 = DIRECTION('',(1.,-1.212375546256E-16,1.227125289196E-18));
#5686 = ADVANCED_FACE('',(#5687),#5705,.T.);
#5687 = FACE_BOUND('',#5688,.F.);
#5688 = EDGE_LOOP('',(#5689,#5697,#5703,#5704));
#5689 = ORIENTED_EDGE('',*,*,#5690,.F.);
#5690 = EDGE_CURVE('',#5691,#4213,#5693,.T.);
#5691 = VERTEX_POINT('',#5692);
#5692 = CARTESIAN_POINT('',(5.12,0.12,-3.4));
#5693 = LINE('',#5694,#5695);
#5694 = CARTESIAN_POINT('',(5.253333333333,0.253333333333,
    -3.266666666667));
#5695 = VECTOR('',#5696,1.);
#5696 = DIRECTION('',(0.57735026919,0.57735026919,0.57735026919));
#5697 = ORIENTED_EDGE('',*,*,#5698,.T.);
#5698 = EDGE_CURVE('',#5691,#5667,#5699,.T.);
#5699 = LINE('',#5700,#5701);
#5700 = CARTESIAN_POINT('',(5.12,0.32,-3.4));
#5701 = VECTOR('',#5702,1.);
#5702 = DIRECTION('',(-1.224646799147E-16,-1.,0.));
#5703 = ORIENTED_EDGE('',*,*,#5666,.T.);
#5704 = ORIENTED_EDGE('',*,*,#4212,.F.);
#5705 = PLANE('',#5706);
#5706 = AXIS2_PLACEMENT_3D('',#5707,#5708,#5709);
#5707 = CARTESIAN_POINT('',(5.22,0.32,-3.3));
#5708 = DIRECTION('',(0.707106781187,-8.486018839685E-17,-0.707106781187
    ));
#5709 = DIRECTION('',(1.212375546256E-16,1.,1.227125289196E-18));
#5710 = ADVANCED_FACE('',(#5711),#5722,.T.);
#5711 = FACE_BOUND('',#5712,.T.);
#5712 = EDGE_LOOP('',(#5713,#5714,#5720,#5721));
#5713 = ORIENTED_EDGE('',*,*,#5690,.F.);
#5714 = ORIENTED_EDGE('',*,*,#5715,.T.);
#5715 = EDGE_CURVE('',#5691,#5636,#5716,.T.);
#5716 = LINE('',#5717,#5718);
#5717 = CARTESIAN_POINT('',(5.32,0.12,-3.4));
#5718 = VECTOR('',#5719,1.);
#5719 = DIRECTION('',(-1.,1.224646799147E-16,0.));
#5720 = ORIENTED_EDGE('',*,*,#5635,.T.);
#5721 = ORIENTED_EDGE('',*,*,#4239,.F.);
#5722 = PLANE('',#5723);
#5723 = AXIS2_PLACEMENT_3D('',#5724,#5725,#5726);
#5724 = CARTESIAN_POINT('',(5.32,0.22,-3.3));
#5725 = DIRECTION('',(8.486018839685E-17,0.707106781187,-0.707106781187)
  );
#5726 = DIRECTION('',(-1.,1.212375546256E-16,1.227125289196E-18));
#5727 = ADVANCED_FACE('',(#5728),#5753,.T.);
#5728 = FACE_BOUND('',#5729,.T.);
#5729 = EDGE_LOOP('',(#5730,#5738,#5746,#5752));
#5730 = ORIENTED_EDGE('',*,*,#5731,.F.);
#5731 = EDGE_CURVE('',#5732,#4254,#5734,.T.);
#5732 = VERTEX_POINT('',#5733);
#5733 = CARTESIAN_POINT('',(7.62,0.12,-3.4));
#5734 = LINE('',#5735,#5736);
#5735 = CARTESIAN_POINT('',(7.753333333333,0.253333333333,
    -3.266666666667));
#5736 = VECTOR('',#5737,1.);
#5737 = DIRECTION('',(0.57735026919,0.57735026919,0.57735026919));
#5738 = ORIENTED_EDGE('',*,*,#5739,.T.);
#5739 = EDGE_CURVE('',#5732,#5740,#5742,.T.);
#5740 = VERTEX_POINT('',#5741);
#5741 = CARTESIAN_POINT('',(7.38,0.12,-3.4));
#5742 = LINE('',#5743,#5744);
#5743 = CARTESIAN_POINT('',(7.82,0.12,-3.4));
#5744 = VECTOR('',#5745,1.);
#5745 = DIRECTION('',(-1.,1.224646799147E-16,0.));
#5746 = ORIENTED_EDGE('',*,*,#5747,.T.);
#5747 = EDGE_CURVE('',#5740,#4263,#5748,.T.);
#5748 = LINE('',#5749,#5750);
#5749 = CARTESIAN_POINT('',(7.353333333333,0.146666666667,
    -3.373333333333));
#5750 = VECTOR('',#5751,1.);
#5751 = DIRECTION('',(-0.57735026919,0.57735026919,0.57735026919));
#5752 = ORIENTED_EDGE('',*,*,#4270,.F.);
#5753 = PLANE('',#5754);
#5754 = AXIS2_PLACEMENT_3D('',#5755,#5756,#5757);
#5755 = CARTESIAN_POINT('',(7.82,0.22,-3.3));
#5756 = DIRECTION('',(8.486018839685E-17,0.707106781187,-0.707106781187)
  );
#5757 = DIRECTION('',(-1.,1.212375546256E-16,1.227125289196E-18));
#5758 = ADVANCED_FACE('',(#5759),#5777,.F.);
#5759 = FACE_BOUND('',#5760,.T.);
#5760 = EDGE_LOOP('',(#5761,#5762,#5770,#5776));
#5761 = ORIENTED_EDGE('',*,*,#5747,.F.);
#5762 = ORIENTED_EDGE('',*,*,#5763,.T.);
#5763 = EDGE_CURVE('',#5740,#5764,#5766,.T.);
#5764 = VERTEX_POINT('',#5765);
#5765 = CARTESIAN_POINT('',(7.38,-0.12,-3.4));
#5766 = LINE('',#5767,#5768);
#5767 = CARTESIAN_POINT('',(7.38,0.32,-3.4));
#5768 = VECTOR('',#5769,1.);
#5769 = DIRECTION('',(-1.224646799147E-16,-1.,0.));
#5770 = ORIENTED_EDGE('',*,*,#5771,.T.);
#5771 = EDGE_CURVE('',#5764,#4285,#5772,.T.);
#5772 = LINE('',#5773,#5774);
#5773 = CARTESIAN_POINT('',(7.46,-4.E-02,-3.48));
#5774 = VECTOR('',#5775,1.);
#5775 = DIRECTION('',(-0.57735026919,-0.57735026919,0.57735026919));
#5776 = ORIENTED_EDGE('',*,*,#4284,.F.);
#5777 = PLANE('',#5778);
#5778 = AXIS2_PLACEMENT_3D('',#5779,#5780,#5781);
#5779 = CARTESIAN_POINT('',(7.28,0.32,-3.3));
#5780 = DIRECTION('',(0.707106781187,-8.833102285013E-17,0.707106781187)
  );
#5781 = DIRECTION('',(1.236918052038E-16,1.,1.227125289097E-18));
#5782 = ADVANCED_FACE('',(#5783),#5801,.T.);
#5783 = FACE_BOUND('',#5784,.F.);
#5784 = EDGE_LOOP('',(#5785,#5793,#5799,#5800));
#5785 = ORIENTED_EDGE('',*,*,#5786,.F.);
#5786 = EDGE_CURVE('',#5787,#4309,#5789,.T.);
#5787 = VERTEX_POINT('',#5788);
#5788 = CARTESIAN_POINT('',(7.62,-0.12,-3.4));
#5789 = LINE('',#5790,#5791);
#5790 = CARTESIAN_POINT('',(7.646666666667,-0.146666666667,
    -3.373333333333));
#5791 = VECTOR('',#5792,1.);
#5792 = DIRECTION('',(0.57735026919,-0.57735026919,0.57735026919));
#5793 = ORIENTED_EDGE('',*,*,#5794,.T.);
#5794 = EDGE_CURVE('',#5787,#5764,#5795,.T.);
#5795 = LINE('',#5796,#5797);
#5796 = CARTESIAN_POINT('',(7.82,-0.12,-3.4));
#5797 = VECTOR('',#5798,1.);
#5798 = DIRECTION('',(-1.,1.224646799147E-16,0.));
#5799 = ORIENTED_EDGE('',*,*,#5771,.T.);
#5800 = ORIENTED_EDGE('',*,*,#4316,.F.);
#5801 = PLANE('',#5802);
#5802 = AXIS2_PLACEMENT_3D('',#5803,#5804,#5805);
#5803 = CARTESIAN_POINT('',(7.82,-0.22,-3.3));
#5804 = DIRECTION('',(-8.486018839685E-17,-0.707106781187,
    -0.707106781187));
#5805 = DIRECTION('',(1.,-1.212375546256E-16,1.227125289196E-18));
#5806 = ADVANCED_FACE('',(#5807),#5818,.T.);
#5807 = FACE_BOUND('',#5808,.F.);
#5808 = EDGE_LOOP('',(#5809,#5810,#5816,#5817));
#5809 = ORIENTED_EDGE('',*,*,#5731,.F.);
#5810 = ORIENTED_EDGE('',*,*,#5811,.T.);
#5811 = EDGE_CURVE('',#5732,#5787,#5812,.T.);
#5812 = LINE('',#5813,#5814);
#5813 = CARTESIAN_POINT('',(7.62,0.32,-3.4));
#5814 = VECTOR('',#5815,1.);
#5815 = DIRECTION('',(-1.224646799147E-16,-1.,0.));
#5816 = ORIENTED_EDGE('',*,*,#5786,.T.);
#5817 = ORIENTED_EDGE('',*,*,#4332,.F.);
#5818 = PLANE('',#5819);
#5819 = AXIS2_PLACEMENT_3D('',#5820,#5821,#5822);
#5820 = CARTESIAN_POINT('',(7.72,0.32,-3.3));
#5821 = DIRECTION('',(0.707106781187,-8.486018839685E-17,-0.707106781187
    ));
#5822 = DIRECTION('',(1.212375546256E-16,1.,1.227125289196E-18));
#5823 = ADVANCED_FACE('',(#5824),#5849,.T.);
#5824 = FACE_BOUND('',#5825,.T.);
#5825 = EDGE_LOOP('',(#5826,#5834,#5842,#5848));
#5826 = ORIENTED_EDGE('',*,*,#5827,.F.);
#5827 = EDGE_CURVE('',#5828,#4350,#5830,.T.);
#5828 = VERTEX_POINT('',#5829);
#5829 = CARTESIAN_POINT('',(10.12,0.12,-3.4));
#5830 = LINE('',#5831,#5832);
#5831 = CARTESIAN_POINT('',(10.253333333333,0.253333333333,
    -3.266666666667));
#5832 = VECTOR('',#5833,1.);
#5833 = DIRECTION('',(0.57735026919,0.57735026919,0.57735026919));
#5834 = ORIENTED_EDGE('',*,*,#5835,.T.);
#5835 = EDGE_CURVE('',#5828,#5836,#5838,.T.);
#5836 = VERTEX_POINT('',#5837);
#5837 = CARTESIAN_POINT('',(9.88,0.12,-3.4));
#5838 = LINE('',#5839,#5840);
#5839 = CARTESIAN_POINT('',(10.32,0.12,-3.4));
#5840 = VECTOR('',#5841,1.);
#5841 = DIRECTION('',(-1.,1.224646799147E-16,0.));
#5842 = ORIENTED_EDGE('',*,*,#5843,.T.);
#5843 = EDGE_CURVE('',#5836,#4359,#5844,.T.);
#5844 = LINE('',#5845,#5846);
#5845 = CARTESIAN_POINT('',(9.853333333333,0.146666666667,
    -3.373333333333));
#5846 = VECTOR('',#5847,1.);
#5847 = DIRECTION('',(-0.57735026919,0.57735026919,0.57735026919));
#5848 = ORIENTED_EDGE('',*,*,#4366,.F.);
#5849 = PLANE('',#5850);
#5850 = AXIS2_PLACEMENT_3D('',#5851,#5852,#5853);
#5851 = CARTESIAN_POINT('',(10.32,0.22,-3.3));
#5852 = DIRECTION('',(8.486018839685E-17,0.707106781187,-0.707106781187)
  );
#5853 = DIRECTION('',(-1.,1.212375546256E-16,1.227125289196E-18));
#5854 = ADVANCED_FACE('',(#5855),#5873,.F.);
#5855 = FACE_BOUND('',#5856,.T.);
#5856 = EDGE_LOOP('',(#5857,#5858,#5866,#5872));
#5857 = ORIENTED_EDGE('',*,*,#5843,.F.);
#5858 = ORIENTED_EDGE('',*,*,#5859,.T.);
#5859 = EDGE_CURVE('',#5836,#5860,#5862,.T.);
#5860 = VERTEX_POINT('',#5861);
#5861 = CARTESIAN_POINT('',(9.88,-0.12,-3.4));
#5862 = LINE('',#5863,#5864);
#5863 = CARTESIAN_POINT('',(9.88,0.32,-3.4));
#5864 = VECTOR('',#5865,1.);
#5865 = DIRECTION('',(-1.224646799147E-16,-1.,0.));
#5866 = ORIENTED_EDGE('',*,*,#5867,.T.);
#5867 = EDGE_CURVE('',#5860,#4381,#5868,.T.);
#5868 = LINE('',#5869,#5870);
#5869 = CARTESIAN_POINT('',(9.96,-4.E-02,-3.48));
#5870 = VECTOR('',#5871,1.);
#5871 = DIRECTION('',(-0.57735026919,-0.57735026919,0.57735026919));
#5872 = ORIENTED_EDGE('',*,*,#4380,.F.);
#5873 = PLANE('',#5874);
#5874 = AXIS2_PLACEMENT_3D('',#5875,#5876,#5877);
#5875 = CARTESIAN_POINT('',(9.78,0.32,-3.3));
#5876 = DIRECTION('',(0.707106781187,-8.833102285013E-17,0.707106781187)
  );
#5877 = DIRECTION('',(1.236918052038E-16,1.,1.227125289097E-18));
#5878 = ADVANCED_FACE('',(#5879),#5897,.T.);
#5879 = FACE_BOUND('',#5880,.F.);
#5880 = EDGE_LOOP('',(#5881,#5889,#5895,#5896));
#5881 = ORIENTED_EDGE('',*,*,#5882,.F.);
#5882 = EDGE_CURVE('',#5883,#4405,#5885,.T.);
#5883 = VERTEX_POINT('',#5884);
#5884 = CARTESIAN_POINT('',(10.12,-0.12,-3.4));
#5885 = LINE('',#5886,#5887);
#5886 = CARTESIAN_POINT('',(10.146666666667,-0.146666666667,
    -3.373333333333));
#5887 = VECTOR('',#5888,1.);
#5888 = DIRECTION('',(0.57735026919,-0.57735026919,0.57735026919));
#5889 = ORIENTED_EDGE('',*,*,#5890,.T.);
#5890 = EDGE_CURVE('',#5883,#5860,#5891,.T.);
#5891 = LINE('',#5892,#5893);
#5892 = CARTESIAN_POINT('',(10.32,-0.12,-3.4));
#5893 = VECTOR('',#5894,1.);
#5894 = DIRECTION('',(-1.,1.224646799147E-16,0.));
#5895 = ORIENTED_EDGE('',*,*,#5867,.T.);
#5896 = ORIENTED_EDGE('',*,*,#4412,.F.);
#5897 = PLANE('',#5898);
#5898 = AXIS2_PLACEMENT_3D('',#5899,#5900,#5901);
#5899 = CARTESIAN_POINT('',(10.32,-0.22,-3.3));
#5900 = DIRECTION('',(-8.486018839685E-17,-0.707106781187,
    -0.707106781187));
#5901 = DIRECTION('',(1.,-1.212375546256E-16,1.227125289196E-18));
#5902 = ADVANCED_FACE('',(#5903),#5914,.T.);
#5903 = FACE_BOUND('',#5904,.F.);
#5904 = EDGE_LOOP('',(#5905,#5906,#5912,#5913));
#5905 = ORIENTED_EDGE('',*,*,#5827,.F.);
#5906 = ORIENTED_EDGE('',*,*,#5907,.T.);
#5907 = EDGE_CURVE('',#5828,#5883,#5908,.T.);
#5908 = LINE('',#5909,#5910);
#5909 = CARTESIAN_POINT('',(10.12,0.32,-3.4));
#5910 = VECTOR('',#5911,1.);
#5911 = DIRECTION('',(-1.224646799147E-16,-1.,0.));
#5912 = ORIENTED_EDGE('',*,*,#5882,.T.);
#5913 = ORIENTED_EDGE('',*,*,#4428,.F.);
#5914 = PLANE('',#5915);
#5915 = AXIS2_PLACEMENT_3D('',#5916,#5917,#5918);
#5916 = CARTESIAN_POINT('',(10.22,0.32,-3.3));
#5917 = DIRECTION('',(0.707106781187,-8.486018839685E-17,-0.707106781187
    ));
#5918 = DIRECTION('',(1.212375546256E-16,1.,1.227125289196E-18));
#5919 = ADVANCED_FACE('',(#5920),#5945,.F.);
#5920 = FACE_BOUND('',#5921,.T.);
#5921 = EDGE_LOOP('',(#5922,#5930,#5938,#5944));
#5922 = ORIENTED_EDGE('',*,*,#5923,.F.);
#5923 = EDGE_CURVE('',#5924,#4446,#5926,.T.);
#5924 = VERTEX_POINT('',#5925);
#5925 = CARTESIAN_POINT('',(12.38,0.12,-3.4));
#5926 = LINE('',#5927,#5928);
#5927 = CARTESIAN_POINT('',(12.353333333333,0.146666666667,
    -3.373333333333));
#5928 = VECTOR('',#5929,1.);
#5929 = DIRECTION('',(-0.57735026919,0.57735026919,0.57735026919));
#5930 = ORIENTED_EDGE('',*,*,#5931,.T.);
#5931 = EDGE_CURVE('',#5924,#5932,#5934,.T.);
#5932 = VERTEX_POINT('',#5933);
#5933 = CARTESIAN_POINT('',(12.38,-0.12,-3.4));
#5934 = LINE('',#5935,#5936);
#5935 = CARTESIAN_POINT('',(12.38,0.32,-3.4));
#5936 = VECTOR('',#5937,1.);
#5937 = DIRECTION('',(-1.224646799147E-16,-1.,0.));
#5938 = ORIENTED_EDGE('',*,*,#5939,.T.);
#5939 = EDGE_CURVE('',#5932,#4448,#5940,.T.);
#5940 = LINE('',#5941,#5942);
#5941 = CARTESIAN_POINT('',(12.46,-4.E-02,-3.48));
#5942 = VECTOR('',#5943,1.);
#5943 = DIRECTION('',(-0.57735026919,-0.57735026919,0.57735026919));
#5944 = ORIENTED_EDGE('',*,*,#4445,.F.);
#5945 = PLANE('',#5946);
#5946 = AXIS2_PLACEMENT_3D('',#5947,#5948,#5949);
#5947 = CARTESIAN_POINT('',(12.28,0.32,-3.3));
#5948 = DIRECTION('',(0.707106781187,-8.833102285013E-17,0.707106781187)
  );
#5949 = DIRECTION('',(1.236918052038E-16,1.,1.227125289097E-18));
#5950 = ADVANCED_FACE('',(#5951),#5969,.T.);
#5951 = FACE_BOUND('',#5952,.F.);
#5952 = EDGE_LOOP('',(#5953,#5961,#5967,#5968));
#5953 = ORIENTED_EDGE('',*,*,#5954,.F.);
#5954 = EDGE_CURVE('',#5955,#4477,#5957,.T.);
#5955 = VERTEX_POINT('',#5956);
#5956 = CARTESIAN_POINT('',(12.62,-0.12,-3.4));
#5957 = LINE('',#5958,#5959);
#5958 = CARTESIAN_POINT('',(12.646666666667,-0.146666666667,
    -3.373333333333));
#5959 = VECTOR('',#5960,1.);
#5960 = DIRECTION('',(0.57735026919,-0.57735026919,0.57735026919));
#5961 = ORIENTED_EDGE('',*,*,#5962,.T.);
#5962 = EDGE_CURVE('',#5955,#5932,#5963,.T.);
#5963 = LINE('',#5964,#5965);
#5964 = CARTESIAN_POINT('',(12.82,-0.12,-3.4));
#5965 = VECTOR('',#5966,1.);
#5966 = DIRECTION('',(-1.,1.224646799147E-16,0.));
#5967 = ORIENTED_EDGE('',*,*,#5939,.T.);
#5968 = ORIENTED_EDGE('',*,*,#4484,.F.);
#5969 = PLANE('',#5970);
#5970 = AXIS2_PLACEMENT_3D('',#5971,#5972,#5973);
#5971 = CARTESIAN_POINT('',(12.82,-0.22,-3.3));
#5972 = DIRECTION('',(-8.486018839685E-17,-0.707106781187,
    -0.707106781187));
#5973 = DIRECTION('',(1.,-1.212375546256E-16,1.227125289196E-18));
#5974 = ADVANCED_FACE('',(#5975),#5993,.T.);
#5975 = FACE_BOUND('',#5976,.F.);
#5976 = EDGE_LOOP('',(#5977,#5985,#5991,#5992));
#5977 = ORIENTED_EDGE('',*,*,#5978,.F.);
#5978 = EDGE_CURVE('',#5979,#4501,#5981,.T.);
#5979 = VERTEX_POINT('',#5980);
#5980 = CARTESIAN_POINT('',(12.62,0.12,-3.4));
#5981 = LINE('',#5982,#5983);
#5982 = CARTESIAN_POINT('',(12.753333333333,0.253333333333,
    -3.266666666667));
#5983 = VECTOR('',#5984,1.);
#5984 = DIRECTION('',(0.57735026919,0.57735026919,0.57735026919));
#5985 = ORIENTED_EDGE('',*,*,#5986,.T.);
#5986 = EDGE_CURVE('',#5979,#5955,#5987,.T.);
#5987 = LINE('',#5988,#5989);
#5988 = CARTESIAN_POINT('',(12.62,0.32,-3.4));
#5989 = VECTOR('',#5990,1.);
#5990 = DIRECTION('',(-1.224646799147E-16,-1.,0.));
#5991 = ORIENTED_EDGE('',*,*,#5954,.T.);
#5992 = ORIENTED_EDGE('',*,*,#4500,.F.);
#5993 = PLANE('',#5994);
#5994 = AXIS2_PLACEMENT_3D('',#5995,#5996,#5997);
#5995 = CARTESIAN_POINT('',(12.72,0.32,-3.3));
#5996 = DIRECTION('',(0.707106781187,-8.486018839685E-17,-0.707106781187
    ));
#5997 = DIRECTION('',(1.212375546256E-16,1.,1.227125289196E-18));
#5998 = ADVANCED_FACE('',(#5999),#6010,.T.);
#5999 = FACE_BOUND('',#6000,.T.);
#6000 = EDGE_LOOP('',(#6001,#6002,#6008,#6009));
#6001 = ORIENTED_EDGE('',*,*,#5978,.F.);
#6002 = ORIENTED_EDGE('',*,*,#6003,.T.);
#6003 = EDGE_CURVE('',#5979,#5924,#6004,.T.);
#6004 = LINE('',#6005,#6006);
#6005 = CARTESIAN_POINT('',(12.82,0.12,-3.4));
#6006 = VECTOR('',#6007,1.);
#6007 = DIRECTION('',(-1.,1.224646799147E-16,0.));
#6008 = ORIENTED_EDGE('',*,*,#5923,.T.);
#6009 = ORIENTED_EDGE('',*,*,#4527,.F.);
#6010 = PLANE('',#6011);
#6011 = AXIS2_PLACEMENT_3D('',#6012,#6013,#6014);
#6012 = CARTESIAN_POINT('',(12.82,0.22,-3.3));
#6013 = DIRECTION('',(8.486018839685E-17,0.707106781187,-0.707106781187)
  );
#6014 = DIRECTION('',(-1.,1.212375546256E-16,1.227125289196E-18));
#6015 = ADVANCED_FACE('',(#6016),#6027,.F.);
#6016 = FACE_BOUND('',#6017,.F.);
#6017 = EDGE_LOOP('',(#6018,#6019,#6020,#6026));
#6018 = ORIENTED_EDGE('',*,*,#4558,.T.);
#6019 = ORIENTED_EDGE('',*,*,#4606,.T.);
#6020 = ORIENTED_EDGE('',*,*,#6021,.F.);
#6021 = EDGE_CURVE('',#4680,#4607,#6022,.T.);
#6022 = LINE('',#6023,#6024);
#6023 = CARTESIAN_POINT('',(15.32,0.62,-1.5));
#6024 = VECTOR('',#6025,1.);
#6025 = DIRECTION('',(-1.,1.224646799147E-16,0.));
#6026 = ORIENTED_EDGE('',*,*,#4679,.F.);
#6027 = PLANE('',#6028);
#6028 = AXIS2_PLACEMENT_3D('',#6029,#6030,#6031);
#6029 = CARTESIAN_POINT('',(15.32,0.32,-0.9));
#6030 = DIRECTION('',(-1.095357396528E-16,-0.894427191,-0.4472135955));
#6031 = DIRECTION('',(5.476786982641E-17,0.4472135955,-0.894427191));
#6032 = ADVANCED_FACE('',(#6033),#6074,.F.);
#6033 = FACE_BOUND('',#6034,.T.);
#6034 = EDGE_LOOP('',(#6035,#6045,#6051,#6052,#6060,#6068));
#6035 = ORIENTED_EDGE('',*,*,#6036,.T.);
#6036 = EDGE_CURVE('',#6037,#6039,#6041,.T.);
#6037 = VERTEX_POINT('',#6038);
#6038 = CARTESIAN_POINT('',(14.88,-0.12,-3.4));
#6039 = VERTEX_POINT('',#6040);
#6040 = CARTESIAN_POINT('',(14.682447406934,-0.288807485305,
    -3.202447406934));
#6041 = LINE('',#6042,#6043);
#6042 = CARTESIAN_POINT('',(14.961511443392,-5.034896900541E-02,
    -3.481511443392));
#6043 = VECTOR('',#6044,1.);
#6044 = DIRECTION('',(-0.605209817607,-0.517148096144,0.605209817607));
#6045 = ORIENTED_EDGE('',*,*,#6046,.T.);
#6046 = EDGE_CURVE('',#6039,#4575,#6047,.T.);
#6047 = LINE('',#6048,#6049);
#6048 = CARTESIAN_POINT('',(14.914309165527,-0.325417236662,
    -3.434309165527));
#6049 = VECTOR('',#6050,1.);
#6050 = DIRECTION('',(-0.702740385383,0.110959008218,0.702740385383));
#6051 = ORIENTED_EDGE('',*,*,#4572,.F.);
#6052 = ORIENTED_EDGE('',*,*,#6053,.F.);
#6053 = EDGE_CURVE('',#6054,#4573,#6056,.T.);
#6054 = VERTEX_POINT('',#6055);
#6055 = CARTESIAN_POINT('',(14.682447406934,0.351192514695,
    -3.202447406934));
#6056 = LINE('',#6057,#6058);
#6057 = CARTESIAN_POINT('',(14.458413132695,0.386566347469,
    -2.978413132695));
#6058 = VECTOR('',#6059,1.);
#6059 = DIRECTION('',(-0.702740385383,0.110959008218,0.702740385383));
#6060 = ORIENTED_EDGE('',*,*,#6061,.F.);
#6061 = EDGE_CURVE('',#6062,#6054,#6064,.T.);
#6062 = VERTEX_POINT('',#6063);
#6063 = CARTESIAN_POINT('',(14.88,0.12,-3.4));
#6064 = LINE('',#6065,#6066);
#6065 = CARTESIAN_POINT('',(14.846150901889,0.159613036666,
    -3.366150901889));
#6066 = VECTOR('',#6067,1.);
#6067 = DIRECTION('',(-0.544770019249,0.63753529491,0.544770019249));
#6068 = ORIENTED_EDGE('',*,*,#6069,.T.);
#6069 = EDGE_CURVE('',#6062,#6037,#6070,.T.);
#6070 = LINE('',#6071,#6072);
#6071 = CARTESIAN_POINT('',(14.88,0.32,-3.4));
#6072 = VECTOR('',#6073,1.);
#6073 = DIRECTION('',(-1.224646799147E-16,-1.,0.));
#6074 = PLANE('',#6075);
#6075 = AXIS2_PLACEMENT_3D('',#6076,#6077,#6078);
#6076 = CARTESIAN_POINT('',(14.78,0.32,-3.3));
#6077 = DIRECTION('',(0.707106781187,-8.833102285013E-17,0.707106781187)
  );
#6078 = DIRECTION('',(1.236918052038E-16,1.,1.227125289097E-18));
#6079 = ADVANCED_FACE('',(#6080),#6100,.F.);
#6080 = FACE_BOUND('',#6081,.F.);
#6081 = EDGE_LOOP('',(#6082,#6083,#6084,#6085,#6086,#6094));
#6082 = ORIENTED_EDGE('',*,*,#4687,.F.);
#6083 = ORIENTED_EDGE('',*,*,#6021,.T.);
#6084 = ORIENTED_EDGE('',*,*,#4614,.T.);
#6085 = ORIENTED_EDGE('',*,*,#6053,.F.);
#6086 = ORIENTED_EDGE('',*,*,#6087,.F.);
#6087 = EDGE_CURVE('',#6088,#6054,#6090,.T.);
#6088 = VERTEX_POINT('',#6089);
#6089 = CARTESIAN_POINT('',(15.317552593066,0.351192514695,
    -3.202447406934));
#6090 = LINE('',#6091,#6092);
#6091 = CARTESIAN_POINT('',(15.32,0.351192514695,-3.202447406934));
#6092 = VECTOR('',#6093,1.);
#6093 = DIRECTION('',(-1.,1.224646799147E-16,0.));
#6094 = ORIENTED_EDGE('',*,*,#6095,.T.);
#6095 = EDGE_CURVE('',#6088,#4653,#6096,.T.);
#6096 = LINE('',#6097,#6098);
#6097 = CARTESIAN_POINT('',(15.699616963064,0.411518467852,
    -2.820383036936));
#6098 = VECTOR('',#6099,1.);
#6099 = DIRECTION('',(0.702740385383,0.110959008218,0.702740385383));
#6100 = PLANE('',#6101);
#6101 = AXIS2_PLACEMENT_3D('',#6102,#6103,#6104);
#6102 = CARTESIAN_POINT('',(15.32,0.62,-1.5));
#6103 = DIRECTION('',(-1.209660753807E-16,-0.987762965329,0.155962573473
    ));
#6104 = DIRECTION('',(-1.909990663905E-17,-0.155962573473,
    -0.987762965329));
#6105 = ADVANCED_FACE('',(#6106),#6117,.F.);
#6106 = FACE_BOUND('',#6107,.F.);
#6107 = EDGE_LOOP('',(#6108,#6114,#6115,#6116));
#6108 = ORIENTED_EDGE('',*,*,#6109,.T.);
#6109 = EDGE_CURVE('',#4663,#4583,#6110,.T.);
#6110 = LINE('',#6111,#6112);
#6111 = CARTESIAN_POINT('',(15.32,-2.E-02,-1.5));
#6112 = VECTOR('',#6113,1.);
#6113 = DIRECTION('',(-1.,1.224646799147E-16,0.));
#6114 = ORIENTED_EDGE('',*,*,#4590,.T.);
#6115 = ORIENTED_EDGE('',*,*,#4636,.F.);
#6116 = ORIENTED_EDGE('',*,*,#4670,.F.);
#6117 = PLANE('',#6118);
#6118 = AXIS2_PLACEMENT_3D('',#6119,#6120,#6121);
#6119 = CARTESIAN_POINT('',(15.32,-2.E-02,-1.5));
#6120 = DIRECTION('',(1.095357396528E-16,0.894427191,0.4472135955));
#6121 = DIRECTION('',(-5.476786982641E-17,-0.4472135955,0.894427191));
#6122 = ADVANCED_FACE('',(#6123),#6143,.F.);
#6123 = FACE_BOUND('',#6124,.F.);
#6124 = EDGE_LOOP('',(#6125,#6126,#6134,#6140,#6141,#6142));
#6125 = ORIENTED_EDGE('',*,*,#4662,.F.);
#6126 = ORIENTED_EDGE('',*,*,#6127,.F.);
#6127 = EDGE_CURVE('',#6128,#4655,#6130,.T.);
#6128 = VERTEX_POINT('',#6129);
#6129 = CARTESIAN_POINT('',(15.317552593066,-0.288807485305,
    -3.202447406934));
#6130 = LINE('',#6131,#6132);
#6131 = CARTESIAN_POINT('',(15.243720930233,-0.300465116279,
    -3.276279069767));
#6132 = VECTOR('',#6133,1.);
#6133 = DIRECTION('',(0.702740385383,0.110959008218,0.702740385383));
#6134 = ORIENTED_EDGE('',*,*,#6135,.T.);
#6135 = EDGE_CURVE('',#6128,#6039,#6136,.T.);
#6136 = LINE('',#6137,#6138);
#6137 = CARTESIAN_POINT('',(15.32,-0.288807485305,-3.202447406934));
#6138 = VECTOR('',#6139,1.);
#6139 = DIRECTION('',(-1.,1.224646799147E-16,0.));
#6140 = ORIENTED_EDGE('',*,*,#6046,.T.);
#6141 = ORIENTED_EDGE('',*,*,#4582,.T.);
#6142 = ORIENTED_EDGE('',*,*,#6109,.F.);
#6143 = PLANE('',#6144);
#6144 = AXIS2_PLACEMENT_3D('',#6145,#6146,#6147);
#6145 = CARTESIAN_POINT('',(15.32,-0.32,-3.4));
#6146 = DIRECTION('',(1.209660753807E-16,0.987762965329,-0.155962573473)
  );
#6147 = DIRECTION('',(1.909990663905E-17,0.155962573473,0.987762965329)
  );
#6148 = ADVANCED_FACE('',(#6149),#6176,.T.);
#6149 = FACE_BOUND('',#6150,.F.);
#6150 = EDGE_LOOP('',(#6151,#6159,#6160,#6161,#6162,#6170));
#6151 = ORIENTED_EDGE('',*,*,#6152,.T.);
#6152 = EDGE_CURVE('',#6153,#6128,#6155,.T.);
#6153 = VERTEX_POINT('',#6154);
#6154 = CARTESIAN_POINT('',(15.12,-0.12,-3.4));
#6155 = LINE('',#6156,#6157);
#6156 = CARTESIAN_POINT('',(15.155697812072,-0.150503562587,
    -3.364302187928));
#6157 = VECTOR('',#6158,1.);
#6158 = DIRECTION('',(0.605209817607,-0.517148096144,0.605209817607));
#6159 = ORIENTED_EDGE('',*,*,#6127,.T.);
#6160 = ORIENTED_EDGE('',*,*,#4652,.F.);
#6161 = ORIENTED_EDGE('',*,*,#6095,.F.);
#6162 = ORIENTED_EDGE('',*,*,#6163,.F.);
#6163 = EDGE_CURVE('',#6164,#6088,#6166,.T.);
#6164 = VERTEX_POINT('',#6165);
#6165 = CARTESIAN_POINT('',(15.12,0.12,-3.4));
#6166 = LINE('',#6167,#6168);
#6167 = CARTESIAN_POINT('',(15.24881689775,0.270752273427,-3.27118310225
    ));
#6168 = VECTOR('',#6169,1.);
#6169 = DIRECTION('',(0.544770019249,0.63753529491,0.544770019249));
#6170 = ORIENTED_EDGE('',*,*,#6171,.T.);
#6171 = EDGE_CURVE('',#6164,#6153,#6172,.T.);
#6172 = LINE('',#6173,#6174);
#6173 = CARTESIAN_POINT('',(15.12,0.32,-3.4));
#6174 = VECTOR('',#6175,1.);
#6175 = DIRECTION('',(-1.224646799147E-16,-1.,0.));
#6176 = PLANE('',#6177);
#6177 = AXIS2_PLACEMENT_3D('',#6178,#6179,#6180);
#6178 = CARTESIAN_POINT('',(15.22,0.32,-3.3));
#6179 = DIRECTION('',(0.707106781187,-8.486018839685E-17,-0.707106781187
    ));
#6180 = DIRECTION('',(1.212375546256E-16,1.,1.227125289196E-18));
#6181 = ADVANCED_FACE('',(#6182),#6188,.F.);
#6182 = FACE_BOUND('',#6183,.F.);
#6183 = EDGE_LOOP('',(#6184,#6185,#6186,#6187));
#6184 = ORIENTED_EDGE('',*,*,#4740,.T.);
#6185 = ORIENTED_EDGE('',*,*,#4709,.F.);
#6186 = ORIENTED_EDGE('',*,*,#4781,.F.);
#6187 = ORIENTED_EDGE('',*,*,#4766,.T.);
#6188 = PLANE('',#6189);
#6189 = AXIS2_PLACEMENT_3D('',#6190,#6191,#6192);
#6190 = CARTESIAN_POINT('',(10.32,-0.32,6.5));
#6191 = DIRECTION('',(-0.,0.,-1.));
#6192 = DIRECTION('',(1.224646799147E-16,1.,0.));
#6193 = ADVANCED_FACE('',(#6194),#6200,.F.);
#6194 = FACE_BOUND('',#6195,.F.);
#6195 = EDGE_LOOP('',(#6196,#6197,#6198,#6199));
#6196 = ORIENTED_EDGE('',*,*,#4836,.T.);
#6197 = ORIENTED_EDGE('',*,*,#4805,.F.);
#6198 = ORIENTED_EDGE('',*,*,#4877,.F.);
#6199 = ORIENTED_EDGE('',*,*,#4862,.T.);
#6200 = PLANE('',#6201);
#6201 = AXIS2_PLACEMENT_3D('',#6202,#6203,#6204);
#6202 = CARTESIAN_POINT('',(7.82,-0.32,6.5));
#6203 = DIRECTION('',(-0.,0.,-1.));
#6204 = DIRECTION('',(1.224646799147E-16,1.,0.));
#6205 = ADVANCED_FACE('',(#6206),#6212,.F.);
#6206 = FACE_BOUND('',#6207,.F.);
#6207 = EDGE_LOOP('',(#6208,#6209,#6210,#6211));
#6208 = ORIENTED_EDGE('',*,*,#4901,.T.);
#6209 = ORIENTED_EDGE('',*,*,#4973,.F.);
#6210 = ORIENTED_EDGE('',*,*,#4949,.F.);
#6211 = ORIENTED_EDGE('',*,*,#4934,.T.);
#6212 = PLANE('',#6213);
#6213 = AXIS2_PLACEMENT_3D('',#6214,#6215,#6216);
#6214 = CARTESIAN_POINT('',(5.32,-0.32,6.5));
#6215 = DIRECTION('',(-0.,0.,-1.));
#6216 = DIRECTION('',(1.224646799147E-16,1.,0.));
#6217 = ADVANCED_FACE('',(#6218),#6224,.F.);
#6218 = FACE_BOUND('',#6219,.F.);
#6219 = EDGE_LOOP('',(#6220,#6221,#6222,#6223));
#6220 = ORIENTED_EDGE('',*,*,#4997,.T.);
#6221 = ORIENTED_EDGE('',*,*,#5069,.F.);
#6222 = ORIENTED_EDGE('',*,*,#5045,.F.);
#6223 = ORIENTED_EDGE('',*,*,#5030,.T.);
#6224 = PLANE('',#6225);
#6225 = AXIS2_PLACEMENT_3D('',#6226,#6227,#6228);
#6226 = CARTESIAN_POINT('',(2.82,-0.32,6.5));
#6227 = DIRECTION('',(-0.,0.,-1.));
#6228 = DIRECTION('',(1.224646799147E-16,1.,0.));
#6229 = ADVANCED_FACE('',(#6230),#6236,.F.);
#6230 = FACE_BOUND('',#6231,.F.);
#6231 = EDGE_LOOP('',(#6232,#6233,#6234,#6235));
#6232 = ORIENTED_EDGE('',*,*,#5093,.T.);
#6233 = ORIENTED_EDGE('',*,*,#5165,.F.);
#6234 = ORIENTED_EDGE('',*,*,#5141,.F.);
#6235 = ORIENTED_EDGE('',*,*,#5126,.T.);
#6236 = PLANE('',#6237);
#6237 = AXIS2_PLACEMENT_3D('',#6238,#6239,#6240);
#6238 = CARTESIAN_POINT('',(12.82,-0.32,6.5));
#6239 = DIRECTION('',(-0.,0.,-1.));
#6240 = DIRECTION('',(1.224646799147E-16,1.,0.));
#6241 = ADVANCED_FACE('',(#6242),#6248,.F.);
#6242 = FACE_BOUND('',#6243,.F.);
#6243 = EDGE_LOOP('',(#6244,#6245,#6246,#6247));
#6244 = ORIENTED_EDGE('',*,*,#5246,.T.);
#6245 = ORIENTED_EDGE('',*,*,#5220,.T.);
#6246 = ORIENTED_EDGE('',*,*,#5189,.F.);
#6247 = ORIENTED_EDGE('',*,*,#5261,.F.);
#6248 = PLANE('',#6249);
#6249 = AXIS2_PLACEMENT_3D('',#6250,#6251,#6252);
#6250 = CARTESIAN_POINT('',(15.32,-0.32,6.5));
#6251 = DIRECTION('',(-0.,0.,-1.));
#6252 = DIRECTION('',(1.224646799147E-16,1.,0.));
#6253 = ADVANCED_FACE('',(#6254),#6260,.F.);
#6254 = FACE_BOUND('',#6255,.F.);
#6255 = EDGE_LOOP('',(#6256,#6257,#6258,#6259));
#6256 = ORIENTED_EDGE('',*,*,#5318,.T.);
#6257 = ORIENTED_EDGE('',*,*,#5285,.T.);
#6258 = ORIENTED_EDGE('',*,*,#5357,.F.);
#6259 = ORIENTED_EDGE('',*,*,#5333,.F.);
#6260 = PLANE('',#6261);
#6261 = AXIS2_PLACEMENT_3D('',#6262,#6263,#6264);
#6262 = CARTESIAN_POINT('',(0.32,-0.32,6.5));
#6263 = DIRECTION('',(-0.,0.,-1.));
#6264 = DIRECTION('',(1.224646799147E-16,1.,0.));
#6265 = ADVANCED_FACE('',(#6266),#6277,.T.);
#6266 = FACE_BOUND('',#6267,.F.);
#6267 = EDGE_LOOP('',(#6268,#6269,#6275,#6276));
#6268 = ORIENTED_EDGE('',*,*,#5506,.F.);
#6269 = ORIENTED_EDGE('',*,*,#6270,.T.);
#6270 = EDGE_CURVE('',#5507,#5374,#6271,.T.);
#6271 = LINE('',#6272,#6273);
#6272 = CARTESIAN_POINT('',(0.32,-0.12,-3.4));
#6273 = VECTOR('',#6274,1.);
#6274 = DIRECTION('',(-1.,1.224646799147E-16,0.));
#6275 = ORIENTED_EDGE('',*,*,#5373,.T.);
#6276 = ORIENTED_EDGE('',*,*,#5489,.F.);
#6277 = PLANE('',#6278);
#6278 = AXIS2_PLACEMENT_3D('',#6279,#6280,#6281);
#6279 = CARTESIAN_POINT('',(0.32,-0.204403742653,-3.301223703467));
#6280 = DIRECTION('',(-9.310387150808E-17,-0.760250805153,-0.64962967394
    ));
#6281 = DIRECTION('',(1.,-1.224646799148E-16,-5.515863360725E-29));
#6282 = ADVANCED_FACE('',(#6283),#6294,.F.);
#6283 = FACE_BOUND('',#6284,.F.);
#6284 = EDGE_LOOP('',(#6285,#6286,#6287,#6293));
#6285 = ORIENTED_EDGE('',*,*,#6270,.F.);
#6286 = ORIENTED_EDGE('',*,*,#5525,.F.);
#6287 = ORIENTED_EDGE('',*,*,#6288,.T.);
#6288 = EDGE_CURVE('',#5518,#5399,#6289,.T.);
#6289 = LINE('',#6290,#6291);
#6290 = CARTESIAN_POINT('',(0.32,0.12,-3.4));
#6291 = VECTOR('',#6292,1.);
#6292 = DIRECTION('',(-1.,1.224646799147E-16,0.));
#6293 = ORIENTED_EDGE('',*,*,#5406,.T.);
#6294 = PLANE('',#6295);
#6295 = AXIS2_PLACEMENT_3D('',#6296,#6297,#6298);
#6296 = CARTESIAN_POINT('',(0.32,0.32,-3.4));
#6297 = DIRECTION('',(0.,0.,1.));
#6298 = DIRECTION('',(-1.224646799147E-16,-1.,0.));
#6299 = ADVANCED_FACE('',(#6300),#6306,.T.);
#6300 = FACE_BOUND('',#6301,.T.);
#6301 = EDGE_LOOP('',(#6302,#6303,#6304,#6305));
#6302 = ORIENTED_EDGE('',*,*,#5517,.F.);
#6303 = ORIENTED_EDGE('',*,*,#6288,.T.);
#6304 = ORIENTED_EDGE('',*,*,#5398,.T.);
#6305 = ORIENTED_EDGE('',*,*,#5429,.F.);
#6306 = PLANE('',#6307);
#6307 = AXIS2_PLACEMENT_3D('',#6308,#6309,#6310);
#6308 = CARTESIAN_POINT('',(0.32,0.235596257347,-3.301223703467));
#6309 = DIRECTION('',(8.302774088379E-17,0.64962967394,-0.760250805153)
  );
#6310 = DIRECTION('',(-1.,1.247195775152E-16,-2.638869166629E-18));
#6311 = ADVANCED_FACE('',(#6312),#6318,.F.);
#6312 = FACE_BOUND('',#6313,.F.);
#6313 = EDGE_LOOP('',(#6314,#6315,#6316,#6317));
#6314 = ORIENTED_EDGE('',*,*,#5619,.T.);
#6315 = ORIENTED_EDGE('',*,*,#5547,.T.);
#6316 = ORIENTED_EDGE('',*,*,#5578,.F.);
#6317 = ORIENTED_EDGE('',*,*,#5602,.F.);
#6318 = PLANE('',#6319);
#6319 = AXIS2_PLACEMENT_3D('',#6320,#6321,#6322);
#6320 = CARTESIAN_POINT('',(2.82,0.32,-3.4));
#6321 = DIRECTION('',(0.,0.,1.));
#6322 = DIRECTION('',(-1.224646799147E-16,-1.,0.));
#6323 = ADVANCED_FACE('',(#6324),#6330,.F.);
#6324 = FACE_BOUND('',#6325,.F.);
#6325 = EDGE_LOOP('',(#6326,#6327,#6328,#6329));
#6326 = ORIENTED_EDGE('',*,*,#5715,.T.);
#6327 = ORIENTED_EDGE('',*,*,#5643,.T.);
#6328 = ORIENTED_EDGE('',*,*,#5674,.F.);
#6329 = ORIENTED_EDGE('',*,*,#5698,.F.);
#6330 = PLANE('',#6331);
#6331 = AXIS2_PLACEMENT_3D('',#6332,#6333,#6334);
#6332 = CARTESIAN_POINT('',(5.32,0.32,-3.4));
#6333 = DIRECTION('',(0.,0.,1.));
#6334 = DIRECTION('',(-1.224646799147E-16,-1.,0.));
#6335 = ADVANCED_FACE('',(#6336),#6342,.F.);
#6336 = FACE_BOUND('',#6337,.F.);
#6337 = EDGE_LOOP('',(#6338,#6339,#6340,#6341));
#6338 = ORIENTED_EDGE('',*,*,#5739,.T.);
#6339 = ORIENTED_EDGE('',*,*,#5763,.T.);
#6340 = ORIENTED_EDGE('',*,*,#5794,.F.);
#6341 = ORIENTED_EDGE('',*,*,#5811,.F.);
#6342 = PLANE('',#6343);
#6343 = AXIS2_PLACEMENT_3D('',#6344,#6345,#6346);
#6344 = CARTESIAN_POINT('',(7.82,0.32,-3.4));
#6345 = DIRECTION('',(0.,0.,1.));
#6346 = DIRECTION('',(-1.224646799147E-16,-1.,0.));
#6347 = ADVANCED_FACE('',(#6348),#6354,.F.);
#6348 = FACE_BOUND('',#6349,.F.);
#6349 = EDGE_LOOP('',(#6350,#6351,#6352,#6353));
#6350 = ORIENTED_EDGE('',*,*,#5835,.T.);
#6351 = ORIENTED_EDGE('',*,*,#5859,.T.);
#6352 = ORIENTED_EDGE('',*,*,#5890,.F.);
#6353 = ORIENTED_EDGE('',*,*,#5907,.F.);
#6354 = PLANE('',#6355);
#6355 = AXIS2_PLACEMENT_3D('',#6356,#6357,#6358);
#6356 = CARTESIAN_POINT('',(10.32,0.32,-3.4));
#6357 = DIRECTION('',(0.,0.,1.));
#6358 = DIRECTION('',(-1.224646799147E-16,-1.,0.));
#6359 = ADVANCED_FACE('',(#6360),#6366,.F.);
#6360 = FACE_BOUND('',#6361,.F.);
#6361 = EDGE_LOOP('',(#6362,#6363,#6364,#6365));
#6362 = ORIENTED_EDGE('',*,*,#6003,.T.);
#6363 = ORIENTED_EDGE('',*,*,#5931,.T.);
#6364 = ORIENTED_EDGE('',*,*,#5962,.F.);
#6365 = ORIENTED_EDGE('',*,*,#5986,.F.);
#6366 = PLANE('',#6367);
#6367 = AXIS2_PLACEMENT_3D('',#6368,#6369,#6370);
#6368 = CARTESIAN_POINT('',(12.82,0.32,-3.4));
#6369 = DIRECTION('',(0.,0.,1.));
#6370 = DIRECTION('',(-1.224646799147E-16,-1.,0.));
#6371 = ADVANCED_FACE('',(#6372),#6383,.T.);
#6372 = FACE_BOUND('',#6373,.F.);
#6373 = EDGE_LOOP('',(#6374,#6375,#6381,#6382));
#6374 = ORIENTED_EDGE('',*,*,#6152,.F.);
#6375 = ORIENTED_EDGE('',*,*,#6376,.T.);
#6376 = EDGE_CURVE('',#6153,#6037,#6377,.T.);
#6377 = LINE('',#6378,#6379);
#6378 = CARTESIAN_POINT('',(15.32,-0.12,-3.4));
#6379 = VECTOR('',#6380,1.);
#6380 = DIRECTION('',(-1.,1.224646799147E-16,0.));
#6381 = ORIENTED_EDGE('',*,*,#6036,.T.);
#6382 = ORIENTED_EDGE('',*,*,#6135,.F.);
#6383 = PLANE('',#6384);
#6384 = AXIS2_PLACEMENT_3D('',#6385,#6386,#6387);
#6385 = CARTESIAN_POINT('',(15.32,-0.204403742653,-3.301223703467));
#6386 = DIRECTION('',(-9.310387150808E-17,-0.760250805153,-0.64962967394
    ));
#6387 = DIRECTION('',(1.,-1.224646799148E-16,-5.515863360725E-29));
#6388 = ADVANCED_FACE('',(#6389),#6400,.F.);
#6389 = FACE_BOUND('',#6390,.F.);
#6390 = EDGE_LOOP('',(#6391,#6392,#6393,#6399));
#6391 = ORIENTED_EDGE('',*,*,#6376,.F.);
#6392 = ORIENTED_EDGE('',*,*,#6171,.F.);
#6393 = ORIENTED_EDGE('',*,*,#6394,.T.);
#6394 = EDGE_CURVE('',#6164,#6062,#6395,.T.);
#6395 = LINE('',#6396,#6397);
#6396 = CARTESIAN_POINT('',(15.32,0.12,-3.4));
#6397 = VECTOR('',#6398,1.);
#6398 = DIRECTION('',(-1.,1.224646799147E-16,0.));
#6399 = ORIENTED_EDGE('',*,*,#6069,.T.);
#6400 = PLANE('',#6401);
#6401 = AXIS2_PLACEMENT_3D('',#6402,#6403,#6404);
#6402 = CARTESIAN_POINT('',(15.32,0.32,-3.4));
#6403 = DIRECTION('',(0.,0.,1.));
#6404 = DIRECTION('',(-1.224646799147E-16,-1.,0.));
#6405 = ADVANCED_FACE('',(#6406),#6412,.T.);
#6406 = FACE_BOUND('',#6407,.T.);
#6407 = EDGE_LOOP('',(#6408,#6409,#6410,#6411));
#6408 = ORIENTED_EDGE('',*,*,#6163,.F.);
#6409 = ORIENTED_EDGE('',*,*,#6394,.T.);
#6410 = ORIENTED_EDGE('',*,*,#6061,.T.);
#6411 = ORIENTED_EDGE('',*,*,#6087,.F.);
#6412 = PLANE('',#6413);
#6413 = AXIS2_PLACEMENT_3D('',#6414,#6415,#6416);
#6414 = CARTESIAN_POINT('',(15.32,0.235596257347,-3.301223703467));
#6415 = DIRECTION('',(8.302774088379E-17,0.64962967394,-0.760250805153)
  );
#6416 = DIRECTION('',(-1.,1.247195775152E-16,-2.638869166629E-18));
#6417 = ( GEOMETRIC_REPRESENTATION_CONTEXT(3) 
GLOBAL_UNCERTAINTY_ASSIGNED_CONTEXT((#6421)) 
GLOBAL_UNIT_ASSIGNED_CONTEXT((#6418,#6419,#6420)) REPRESENTATION_CONTEXT
('Context #1','3D Context with UNIT and UNCERTAINTY') );
#6418 = ( LENGTH_UNIT() NAMED_UNIT(*) SI_UNIT(.MILLI.,.METRE.) );
#6419 = ( NAMED_UNIT(*) PLANE_ANGLE_UNIT() SI_UNIT($,.RADIAN.) );
#6420 = ( NAMED_UNIT(*) SI_UNIT($,.STERADIAN.) SOLID_ANGLE_UNIT() );
#6421 = UNCERTAINTY_MEASURE_WITH_UNIT(LENGTH_MEASURE(1.E-07),#6418,
  'distance_accuracy_value','confusion accuracy');
#6422 = CONTEXT_DEPENDENT_SHAPE_REPRESENTATION(#6423,#6425);
#6423 = ( REPRESENTATION_RELATIONSHIP('','',#199,#176) 
REPRESENTATION_RELATIONSHIP_WITH_TRANSFORMATION(#6424) 
SHAPE_REPRESENTATION_RELATIONSHIP() );
#6424 = ITEM_DEFINED_TRANSFORMATION('','',#11,#177);
#6425 = PRODUCT_DEFINITION_SHAPE('Placement','Placement of an item',
  #6426);
#6426 = NEXT_ASSEMBLY_USAGE_OCCURRENCE('1','=>[0:1:1:3]','',#171,#194,$
  );
#6427 = PRODUCT_RELATED_PRODUCT_CATEGORY('part',$,(#196));
#6428 = SHAPE_DEFINITION_REPRESENTATION(#6429,#6435);
#6429 = PRODUCT_DEFINITION_SHAPE('','',#6430);
#6430 = PRODUCT_DEFINITION('design','',#6431,#6434);
#6431 = PRODUCT_DEFINITION_FORMATION('','',#6432);
#6432 = PRODUCT('R_0603_1608Metric','R_0603_1608Metric','',(#6433));
#6433 = PRODUCT_CONTEXT('',#2,'mechanical');
#6434 = PRODUCT_DEFINITION_CONTEXT('part definition',#2,'design');
#6435 = SHAPE_REPRESENTATION('',(#11,#6436),#6440);
#6436 = AXIS2_PLACEMENT_3D('',#6437,#6438,#6439);
#6437 = CARTESIAN_POINT('',(0.,0.,0.));
#6438 = DIRECTION('',(0.,0.,1.));
#6439 = DIRECTION('',(1.,0.,-0.));
#6440 = ( GEOMETRIC_REPRESENTATION_CONTEXT(3) 
GLOBAL_UNCERTAINTY_ASSIGNED_CONTEXT((#6444)) 
GLOBAL_UNIT_ASSIGNED_CONTEXT((#6441,#6442,#6443)) REPRESENTATION_CONTEXT
('Context #1','3D Context with UNIT and UNCERTAINTY') );
#6441 = ( LENGTH_UNIT() NAMED_UNIT(*) SI_UNIT(.MILLI.,.METRE.) );
#6442 = ( NAMED_UNIT(*) PLANE_ANGLE_UNIT() SI_UNIT($,.RADIAN.) );
#6443 = ( NAMED_UNIT(*) SI_UNIT($,.STERADIAN.) SOLID_ANGLE_UNIT() );
#6444 = UNCERTAINTY_MEASURE_WITH_UNIT(LENGTH_MEASURE(1.E-07),#6441,
  'distance_accuracy_value','confusion accuracy');
#6445 = CONTEXT_DEPENDENT_SHAPE_REPRESENTATION(#6446,#6448);
#6446 = ( REPRESENTATION_RELATIONSHIP('','',#6435,#10) 
REPRESENTATION_RELATIONSHIP_WITH_TRANSFORMATION(#6447) 
SHAPE_REPRESENTATION_RELATIONSHIP() );
#6447 = ITEM_DEFINED_TRANSFORMATION('','',#11,#19);
#6448 = PRODUCT_DEFINITION_SHAPE('Placement','Placement of an item',
  #6449);
#6449 = NEXT_ASSEMBLY_USAGE_OCCURRENCE('4','R13','',#5,#6430,$);
#6450 = PRODUCT_RELATED_PRODUCT_CATEGORY('part',$,(#6432));
#6451 = SHAPE_DEFINITION_REPRESENTATION(#6452,#6458);
#6452 = PRODUCT_DEFINITION_SHAPE('','',#6453);
#6453 = PRODUCT_DEFINITION('design','',#6454,#6457);
#6454 = PRODUCT_DEFINITION_FORMATION('','',#6455);
#6455 = PRODUCT('R_0603_1608Metric','R_0603_1608Metric','',(#6456));
#6456 = PRODUCT_CONTEXT('',#2,'mechanical');
#6457 = PRODUCT_DEFINITION_CONTEXT('part definition',#2,'design');
#6458 = ADVANCED_BREP_SHAPE_REPRESENTATION('',(#11,#6459),#7249);
#6459 = MANIFOLD_SOLID_BREP('',#6460);
#6460 = CLOSED_SHELL('',(#6461,#6501,#6584,#6609,#6634,#6701,#6718,#6735
    ,#6784,#6801,#6818,#6867,#6884,#6953,#6984,#7008,#7077,#7101,#7118,
    #7135,#7152,#7169,#7186,#7203,#7220,#7237));
#6461 = ADVANCED_FACE('',(#6462),#6496,.F.);
#6462 = FACE_BOUND('',#6463,.F.);
#6463 = EDGE_LOOP('',(#6464,#6474,#6482,#6490));
#6464 = ORIENTED_EDGE('',*,*,#6465,.F.);
#6465 = EDGE_CURVE('',#6466,#6468,#6470,.T.);
#6466 = VERTEX_POINT('',#6467);
#6467 = CARTESIAN_POINT('',(-0.8,-0.4,4.5E-02));
#6468 = VERTEX_POINT('',#6469);
#6469 = CARTESIAN_POINT('',(-0.8,-0.4,0.405));
#6470 = LINE('',#6471,#6472);
#6471 = CARTESIAN_POINT('',(-0.8,-0.4,0.));
#6472 = VECTOR('',#6473,1.);
#6473 = DIRECTION('',(0.,0.,1.));
#6474 = ORIENTED_EDGE('',*,*,#6475,.T.);
#6475 = EDGE_CURVE('',#6466,#6476,#6478,.T.);
#6476 = VERTEX_POINT('',#6477);
#6477 = CARTESIAN_POINT('',(-0.8,0.4,4.5E-02));
#6478 = LINE('',#6479,#6480);
#6479 = CARTESIAN_POINT('',(-0.8,-0.4,4.5E-02));
#6480 = VECTOR('',#6481,1.);
#6481 = DIRECTION('',(0.,1.,0.));
#6482 = ORIENTED_EDGE('',*,*,#6483,.T.);
#6483 = EDGE_CURVE('',#6476,#6484,#6486,.T.);
#6484 = VERTEX_POINT('',#6485);
#6485 = CARTESIAN_POINT('',(-0.8,0.4,0.405));
#6486 = LINE('',#6487,#6488);
#6487 = CARTESIAN_POINT('',(-0.8,0.4,0.));
#6488 = VECTOR('',#6489,1.);
#6489 = DIRECTION('',(0.,0.,1.));
#6490 = ORIENTED_EDGE('',*,*,#6491,.F.);
#6491 = EDGE_CURVE('',#6468,#6484,#6492,.T.);
#6492 = LINE('',#6493,#6494);
#6493 = CARTESIAN_POINT('',(-0.8,-0.4,0.405));
#6494 = VECTOR('',#6495,1.);
#6495 = DIRECTION('',(0.,1.,0.));
#6496 = PLANE('',#6497);
#6497 = AXIS2_PLACEMENT_3D('',#6498,#6499,#6500);
#6498 = CARTESIAN_POINT('',(-0.8,-0.4,0.));
#6499 = DIRECTION('',(1.,0.,0.));
#6500 = DIRECTION('',(0.,0.,1.));
#6501 = ADVANCED_FACE('',(#6502),#6579,.F.);
#6502 = FACE_BOUND('',#6503,.F.);
#6503 = EDGE_LOOP('',(#6504,#6514,#6521,#6522,#6531,#6539,#6548,#6556,
    #6564,#6572));
#6504 = ORIENTED_EDGE('',*,*,#6505,.F.);
#6505 = EDGE_CURVE('',#6506,#6508,#6510,.T.);
#6506 = VERTEX_POINT('',#6507);
#6507 = CARTESIAN_POINT('',(-0.755,-0.4,-2.775557561563E-17));
#6508 = VERTEX_POINT('',#6509);
#6509 = CARTESIAN_POINT('',(-0.545,-0.4,-2.775557561563E-17));
#6510 = LINE('',#6511,#6512);
#6511 = CARTESIAN_POINT('',(-0.8,-0.4,0.));
#6512 = VECTOR('',#6513,1.);
#6513 = DIRECTION('',(1.,0.,0.));
#6514 = ORIENTED_EDGE('',*,*,#6515,.F.);
#6515 = EDGE_CURVE('',#6466,#6506,#6516,.T.);
#6516 = CIRCLE('',#6517,4.5E-02);
#6517 = AXIS2_PLACEMENT_3D('',#6518,#6519,#6520);
#6518 = CARTESIAN_POINT('',(-0.755,-0.4,4.5E-02));
#6519 = DIRECTION('',(0.,-1.,0.));
#6520 = DIRECTION('',(0.,0.,1.));
#6521 = ORIENTED_EDGE('',*,*,#6465,.T.);
#6522 = ORIENTED_EDGE('',*,*,#6523,.T.);
#6523 = EDGE_CURVE('',#6468,#6524,#6526,.T.);
#6524 = VERTEX_POINT('',#6525);
#6525 = CARTESIAN_POINT('',(-0.755,-0.4,0.45));
#6526 = CIRCLE('',#6527,4.5E-02);
#6527 = AXIS2_PLACEMENT_3D('',#6528,#6529,#6530);
#6528 = CARTESIAN_POINT('',(-0.755,-0.4,0.405));
#6529 = DIRECTION('',(0.,1.,0.));
#6530 = DIRECTION('',(0.,-0.,1.));
#6531 = ORIENTED_EDGE('',*,*,#6532,.T.);
#6532 = EDGE_CURVE('',#6524,#6533,#6535,.T.);
#6533 = VERTEX_POINT('',#6534);
#6534 = CARTESIAN_POINT('',(-0.545,-0.4,0.45));
#6535 = LINE('',#6536,#6537);
#6536 = CARTESIAN_POINT('',(-0.8,-0.4,0.45));
#6537 = VECTOR('',#6538,1.);
#6538 = DIRECTION('',(1.,0.,0.));
#6539 = ORIENTED_EDGE('',*,*,#6540,.F.);
#6540 = EDGE_CURVE('',#6541,#6533,#6543,.T.);
#6541 = VERTEX_POINT('',#6542);
#6542 = CARTESIAN_POINT('',(-0.5,-0.4,0.405));
#6543 = CIRCLE('',#6544,4.5E-02);
#6544 = AXIS2_PLACEMENT_3D('',#6545,#6546,#6547);
#6545 = CARTESIAN_POINT('',(-0.545,-0.4,0.405));
#6546 = DIRECTION('',(0.,-1.,0.));
#6547 = DIRECTION('',(0.,0.,1.));
#6548 = ORIENTED_EDGE('',*,*,#6549,.F.);
#6549 = EDGE_CURVE('',#6550,#6541,#6552,.T.);
#6550 = VERTEX_POINT('',#6551);
#6551 = CARTESIAN_POINT('',(-0.755,-0.4,0.405));
#6552 = LINE('',#6553,#6554);
#6553 = CARTESIAN_POINT('',(-0.755,-0.4,0.405));
#6554 = VECTOR('',#6555,1.);
#6555 = DIRECTION('',(1.,0.,0.));
#6556 = ORIENTED_EDGE('',*,*,#6557,.F.);
#6557 = EDGE_CURVE('',#6558,#6550,#6560,.T.);
#6558 = VERTEX_POINT('',#6559);
#6559 = CARTESIAN_POINT('',(-0.755,-0.4,4.5E-02));
#6560 = LINE('',#6561,#6562);
#6561 = CARTESIAN_POINT('',(-0.755,-0.4,4.5E-02));
#6562 = VECTOR('',#6563,1.);
#6563 = DIRECTION('',(0.,0.,1.));
#6564 = ORIENTED_EDGE('',*,*,#6565,.T.);
#6565 = EDGE_CURVE('',#6558,#6566,#6568,.T.);
#6566 = VERTEX_POINT('',#6567);
#6567 = CARTESIAN_POINT('',(-0.5,-0.4,4.5E-02));
#6568 = LINE('',#6569,#6570);
#6569 = CARTESIAN_POINT('',(-0.755,-0.4,4.5E-02));
#6570 = VECTOR('',#6571,1.);
#6571 = DIRECTION('',(1.,0.,0.));
#6572 = ORIENTED_EDGE('',*,*,#6573,.T.);
#6573 = EDGE_CURVE('',#6566,#6508,#6574,.T.);
#6574 = CIRCLE('',#6575,4.5E-02);
#6575 = AXIS2_PLACEMENT_3D('',#6576,#6577,#6578);
#6576 = CARTESIAN_POINT('',(-0.545,-0.4,4.5E-02));
#6577 = DIRECTION('',(0.,1.,0.));
#6578 = DIRECTION('',(0.,-0.,1.));
#6579 = PLANE('',#6580);
#6580 = AXIS2_PLACEMENT_3D('',#6581,#6582,#6583);
#6581 = CARTESIAN_POINT('',(-0.8,-0.4,0.));
#6582 = DIRECTION('',(0.,1.,0.));
#6583 = DIRECTION('',(0.,-0.,1.));
#6584 = ADVANCED_FACE('',(#6585),#6604,.T.);
#6585 = FACE_BOUND('',#6586,.T.);
#6586 = EDGE_LOOP('',(#6587,#6588,#6597,#6603));
#6587 = ORIENTED_EDGE('',*,*,#6475,.T.);
#6588 = ORIENTED_EDGE('',*,*,#6589,.T.);
#6589 = EDGE_CURVE('',#6476,#6590,#6592,.T.);
#6590 = VERTEX_POINT('',#6591);
#6591 = CARTESIAN_POINT('',(-0.755,0.4,-2.775557561563E-17));
#6592 = CIRCLE('',#6593,4.5E-02);
#6593 = AXIS2_PLACEMENT_3D('',#6594,#6595,#6596);
#6594 = CARTESIAN_POINT('',(-0.755,0.4,4.5E-02));
#6595 = DIRECTION('',(0.,-1.,0.));
#6596 = DIRECTION('',(0.,0.,1.));
#6597 = ORIENTED_EDGE('',*,*,#6598,.F.);
#6598 = EDGE_CURVE('',#6506,#6590,#6599,.T.);
#6599 = LINE('',#6600,#6601);
#6600 = CARTESIAN_POINT('',(-0.755,-0.4,-2.775557561563E-17));
#6601 = VECTOR('',#6602,1.);
#6602 = DIRECTION('',(0.,1.,0.));
#6603 = ORIENTED_EDGE('',*,*,#6515,.F.);
#6604 = CYLINDRICAL_SURFACE('',#6605,4.5E-02);
#6605 = AXIS2_PLACEMENT_3D('',#6606,#6607,#6608);
#6606 = CARTESIAN_POINT('',(-0.755,-0.4,4.5E-02));
#6607 = DIRECTION('',(0.,1.,0.));
#6608 = DIRECTION('',(-1.,0.,0.));
#6609 = ADVANCED_FACE('',(#6610),#6629,.T.);
#6610 = FACE_BOUND('',#6611,.T.);
#6611 = EDGE_LOOP('',(#6612,#6613,#6621,#6628));
#6612 = ORIENTED_EDGE('',*,*,#6523,.T.);
#6613 = ORIENTED_EDGE('',*,*,#6614,.T.);
#6614 = EDGE_CURVE('',#6524,#6615,#6617,.T.);
#6615 = VERTEX_POINT('',#6616);
#6616 = CARTESIAN_POINT('',(-0.755,0.4,0.45));
#6617 = LINE('',#6618,#6619);
#6618 = CARTESIAN_POINT('',(-0.755,-0.4,0.45));
#6619 = VECTOR('',#6620,1.);
#6620 = DIRECTION('',(0.,1.,0.));
#6621 = ORIENTED_EDGE('',*,*,#6622,.F.);
#6622 = EDGE_CURVE('',#6484,#6615,#6623,.T.);
#6623 = CIRCLE('',#6624,4.5E-02);
#6624 = AXIS2_PLACEMENT_3D('',#6625,#6626,#6627);
#6625 = CARTESIAN_POINT('',(-0.755,0.4,0.405));
#6626 = DIRECTION('',(0.,1.,0.));
#6627 = DIRECTION('',(0.,-0.,1.));
#6628 = ORIENTED_EDGE('',*,*,#6491,.F.);
#6629 = CYLINDRICAL_SURFACE('',#6630,4.5E-02);
#6630 = AXIS2_PLACEMENT_3D('',#6631,#6632,#6633);
#6631 = CARTESIAN_POINT('',(-0.755,-0.4,0.405));
#6632 = DIRECTION('',(0.,1.,0.));
#6633 = DIRECTION('',(-1.,0.,0.));
#6634 = ADVANCED_FACE('',(#6635),#6696,.T.);
#6635 = FACE_BOUND('',#6636,.T.);
#6636 = EDGE_LOOP('',(#6637,#6645,#6646,#6647,#6648,#6656,#6665,#6673,
    #6681,#6689));
#6637 = ORIENTED_EDGE('',*,*,#6638,.F.);
#6638 = EDGE_CURVE('',#6590,#6639,#6641,.T.);
#6639 = VERTEX_POINT('',#6640);
#6640 = CARTESIAN_POINT('',(-0.545,0.4,-2.775557561563E-17));
#6641 = LINE('',#6642,#6643);
#6642 = CARTESIAN_POINT('',(-0.8,0.4,0.));
#6643 = VECTOR('',#6644,1.);
#6644 = DIRECTION('',(1.,0.,0.));
#6645 = ORIENTED_EDGE('',*,*,#6589,.F.);
#6646 = ORIENTED_EDGE('',*,*,#6483,.T.);
#6647 = ORIENTED_EDGE('',*,*,#6622,.T.);
#6648 = ORIENTED_EDGE('',*,*,#6649,.T.);
#6649 = EDGE_CURVE('',#6615,#6650,#6652,.T.);
#6650 = VERTEX_POINT('',#6651);
#6651 = CARTESIAN_POINT('',(-0.545,0.4,0.45));
#6652 = LINE('',#6653,#6654);
#6653 = CARTESIAN_POINT('',(-0.8,0.4,0.45));
#6654 = VECTOR('',#6655,1.);
#6655 = DIRECTION('',(1.,0.,0.));
#6656 = ORIENTED_EDGE('',*,*,#6657,.F.);
#6657 = EDGE_CURVE('',#6658,#6650,#6660,.T.);
#6658 = VERTEX_POINT('',#6659);
#6659 = CARTESIAN_POINT('',(-0.5,0.4,0.405));
#6660 = CIRCLE('',#6661,4.5E-02);
#6661 = AXIS2_PLACEMENT_3D('',#6662,#6663,#6664);
#6662 = CARTESIAN_POINT('',(-0.545,0.4,0.405));
#6663 = DIRECTION('',(0.,-1.,0.));
#6664 = DIRECTION('',(0.,0.,1.));
#6665 = ORIENTED_EDGE('',*,*,#6666,.F.);
#6666 = EDGE_CURVE('',#6667,#6658,#6669,.T.);
#6667 = VERTEX_POINT('',#6668);
#6668 = CARTESIAN_POINT('',(-0.755,0.4,0.405));
#6669 = LINE('',#6670,#6671);
#6670 = CARTESIAN_POINT('',(-0.755,0.4,0.405));
#6671 = VECTOR('',#6672,1.);
#6672 = DIRECTION('',(1.,0.,0.));
#6673 = ORIENTED_EDGE('',*,*,#6674,.F.);
#6674 = EDGE_CURVE('',#6675,#6667,#6677,.T.);
#6675 = VERTEX_POINT('',#6676);
#6676 = CARTESIAN_POINT('',(-0.755,0.4,4.5E-02));
#6677 = LINE('',#6678,#6679);
#6678 = CARTESIAN_POINT('',(-0.755,0.4,4.5E-02));
#6679 = VECTOR('',#6680,1.);
#6680 = DIRECTION('',(0.,0.,1.));
#6681 = ORIENTED_EDGE('',*,*,#6682,.T.);
#6682 = EDGE_CURVE('',#6675,#6683,#6685,.T.);
#6683 = VERTEX_POINT('',#6684);
#6684 = CARTESIAN_POINT('',(-0.5,0.4,4.5E-02));
#6685 = LINE('',#6686,#6687);
#6686 = CARTESIAN_POINT('',(-0.755,0.4,4.5E-02));
#6687 = VECTOR('',#6688,1.);
#6688 = DIRECTION('',(1.,0.,0.));
#6689 = ORIENTED_EDGE('',*,*,#6690,.T.);
#6690 = EDGE_CURVE('',#6683,#6639,#6691,.T.);
#6691 = CIRCLE('',#6692,4.5E-02);
#6692 = AXIS2_PLACEMENT_3D('',#6693,#6694,#6695);
#6693 = CARTESIAN_POINT('',(-0.545,0.4,4.5E-02));
#6694 = DIRECTION('',(0.,1.,0.));
#6695 = DIRECTION('',(0.,-0.,1.));
#6696 = PLANE('',#6697);
#6697 = AXIS2_PLACEMENT_3D('',#6698,#6699,#6700);
#6698 = CARTESIAN_POINT('',(-0.8,0.4,0.));
#6699 = DIRECTION('',(0.,1.,0.));
#6700 = DIRECTION('',(0.,-0.,1.));
#6701 = ADVANCED_FACE('',(#6702),#6713,.F.);
#6702 = FACE_BOUND('',#6703,.F.);
#6703 = EDGE_LOOP('',(#6704,#6705,#6706,#6707));
#6704 = ORIENTED_EDGE('',*,*,#6638,.F.);
#6705 = ORIENTED_EDGE('',*,*,#6598,.F.);
#6706 = ORIENTED_EDGE('',*,*,#6505,.T.);
#6707 = ORIENTED_EDGE('',*,*,#6708,.T.);
#6708 = EDGE_CURVE('',#6508,#6639,#6709,.T.);
#6709 = LINE('',#6710,#6711);
#6710 = CARTESIAN_POINT('',(-0.545,-0.4,-2.775557561563E-17));
#6711 = VECTOR('',#6712,1.);
#6712 = DIRECTION('',(0.,1.,0.));
#6713 = PLANE('',#6714);
#6714 = AXIS2_PLACEMENT_3D('',#6715,#6716,#6717);
#6715 = CARTESIAN_POINT('',(-0.8,-0.4,0.));
#6716 = DIRECTION('',(0.,0.,1.));
#6717 = DIRECTION('',(1.,0.,-0.));
#6718 = ADVANCED_FACE('',(#6719),#6730,.T.);
#6719 = FACE_BOUND('',#6720,.T.);
#6720 = EDGE_LOOP('',(#6721,#6722,#6723,#6724));
#6721 = ORIENTED_EDGE('',*,*,#6573,.T.);
#6722 = ORIENTED_EDGE('',*,*,#6708,.T.);
#6723 = ORIENTED_EDGE('',*,*,#6690,.F.);
#6724 = ORIENTED_EDGE('',*,*,#6725,.F.);
#6725 = EDGE_CURVE('',#6566,#6683,#6726,.T.);
#6726 = LINE('',#6727,#6728);
#6727 = CARTESIAN_POINT('',(-0.5,-0.4,4.5E-02));
#6728 = VECTOR('',#6729,1.);
#6729 = DIRECTION('',(0.,1.,0.));
#6730 = CYLINDRICAL_SURFACE('',#6731,4.5E-02);
#6731 = AXIS2_PLACEMENT_3D('',#6732,#6733,#6734);
#6732 = CARTESIAN_POINT('',(-0.545,-0.4,4.5E-02));
#6733 = DIRECTION('',(0.,1.,0.));
#6734 = DIRECTION('',(1.,0.,0.));
#6735 = ADVANCED_FACE('',(#6736),#6779,.F.);
#6736 = FACE_BOUND('',#6737,.F.);
#6737 = EDGE_LOOP('',(#6738,#6739,#6740,#6741,#6749,#6757,#6765,#6773));
#6738 = ORIENTED_EDGE('',*,*,#6565,.F.);
#6739 = ORIENTED_EDGE('',*,*,#6557,.T.);
#6740 = ORIENTED_EDGE('',*,*,#6549,.T.);
#6741 = ORIENTED_EDGE('',*,*,#6742,.T.);
#6742 = EDGE_CURVE('',#6541,#6743,#6745,.T.);
#6743 = VERTEX_POINT('',#6744);
#6744 = CARTESIAN_POINT('',(0.5,-0.4,0.405));
#6745 = LINE('',#6746,#6747);
#6746 = CARTESIAN_POINT('',(-0.5,-0.4,0.405));
#6747 = VECTOR('',#6748,1.);
#6748 = DIRECTION('',(1.,0.,0.));
#6749 = ORIENTED_EDGE('',*,*,#6750,.T.);
#6750 = EDGE_CURVE('',#6743,#6751,#6753,.T.);
#6751 = VERTEX_POINT('',#6752);
#6752 = CARTESIAN_POINT('',(0.755,-0.4,0.405));
#6753 = LINE('',#6754,#6755);
#6754 = CARTESIAN_POINT('',(-0.755,-0.4,0.405));
#6755 = VECTOR('',#6756,1.);
#6756 = DIRECTION('',(1.,0.,0.));
#6757 = ORIENTED_EDGE('',*,*,#6758,.F.);
#6758 = EDGE_CURVE('',#6759,#6751,#6761,.T.);
#6759 = VERTEX_POINT('',#6760);
#6760 = CARTESIAN_POINT('',(0.755,-0.4,4.5E-02));
#6761 = LINE('',#6762,#6763);
#6762 = CARTESIAN_POINT('',(0.755,-0.4,4.5E-02));
#6763 = VECTOR('',#6764,1.);
#6764 = DIRECTION('',(0.,0.,1.));
#6765 = ORIENTED_EDGE('',*,*,#6766,.F.);
#6766 = EDGE_CURVE('',#6767,#6759,#6769,.T.);
#6767 = VERTEX_POINT('',#6768);
#6768 = CARTESIAN_POINT('',(0.5,-0.4,4.5E-02));
#6769 = LINE('',#6770,#6771);
#6770 = CARTESIAN_POINT('',(-0.755,-0.4,4.5E-02));
#6771 = VECTOR('',#6772,1.);
#6772 = DIRECTION('',(1.,0.,0.));
#6773 = ORIENTED_EDGE('',*,*,#6774,.F.);
#6774 = EDGE_CURVE('',#6566,#6767,#6775,.T.);
#6775 = LINE('',#6776,#6777);
#6776 = CARTESIAN_POINT('',(-0.755,-0.4,4.5E-02));
#6777 = VECTOR('',#6778,1.);
#6778 = DIRECTION('',(1.,0.,0.));
#6779 = PLANE('',#6780);
#6780 = AXIS2_PLACEMENT_3D('',#6781,#6782,#6783);
#6781 = CARTESIAN_POINT('',(-0.755,-0.4,4.5E-02));
#6782 = DIRECTION('',(0.,1.,0.));
#6783 = DIRECTION('',(0.,-0.,1.));
#6784 = ADVANCED_FACE('',(#6785),#6796,.T.);
#6785 = FACE_BOUND('',#6786,.T.);
#6786 = EDGE_LOOP('',(#6787,#6788,#6789,#6790));
#6787 = ORIENTED_EDGE('',*,*,#6649,.F.);
#6788 = ORIENTED_EDGE('',*,*,#6614,.F.);
#6789 = ORIENTED_EDGE('',*,*,#6532,.T.);
#6790 = ORIENTED_EDGE('',*,*,#6791,.T.);
#6791 = EDGE_CURVE('',#6533,#6650,#6792,.T.);
#6792 = LINE('',#6793,#6794);
#6793 = CARTESIAN_POINT('',(-0.545,-0.4,0.45));
#6794 = VECTOR('',#6795,1.);
#6795 = DIRECTION('',(0.,1.,0.));
#6796 = PLANE('',#6797);
#6797 = AXIS2_PLACEMENT_3D('',#6798,#6799,#6800);
#6798 = CARTESIAN_POINT('',(-0.8,-0.4,0.45));
#6799 = DIRECTION('',(0.,0.,1.));
#6800 = DIRECTION('',(1.,0.,-0.));
#6801 = ADVANCED_FACE('',(#6802),#6813,.T.);
#6802 = FACE_BOUND('',#6803,.T.);
#6803 = EDGE_LOOP('',(#6804,#6810,#6811,#6812));
#6804 = ORIENTED_EDGE('',*,*,#6805,.T.);
#6805 = EDGE_CURVE('',#6541,#6658,#6806,.T.);
#6806 = LINE('',#6807,#6808);
#6807 = CARTESIAN_POINT('',(-0.5,-0.4,0.405));
#6808 = VECTOR('',#6809,1.);
#6809 = DIRECTION('',(0.,1.,0.));
#6810 = ORIENTED_EDGE('',*,*,#6657,.T.);
#6811 = ORIENTED_EDGE('',*,*,#6791,.F.);
#6812 = ORIENTED_EDGE('',*,*,#6540,.F.);
#6813 = CYLINDRICAL_SURFACE('',#6814,4.5E-02);
#6814 = AXIS2_PLACEMENT_3D('',#6815,#6816,#6817);
#6815 = CARTESIAN_POINT('',(-0.545,-0.4,0.405));
#6816 = DIRECTION('',(0.,1.,0.));
#6817 = DIRECTION('',(1.,0.,0.));
#6818 = ADVANCED_FACE('',(#6819),#6862,.T.);
#6819 = FACE_BOUND('',#6820,.T.);
#6820 = EDGE_LOOP('',(#6821,#6822,#6823,#6824,#6832,#6840,#6848,#6856));
#6821 = ORIENTED_EDGE('',*,*,#6682,.F.);
#6822 = ORIENTED_EDGE('',*,*,#6674,.T.);
#6823 = ORIENTED_EDGE('',*,*,#6666,.T.);
#6824 = ORIENTED_EDGE('',*,*,#6825,.T.);
#6825 = EDGE_CURVE('',#6658,#6826,#6828,.T.);
#6826 = VERTEX_POINT('',#6827);
#6827 = CARTESIAN_POINT('',(0.5,0.4,0.405));
#6828 = LINE('',#6829,#6830);
#6829 = CARTESIAN_POINT('',(-0.5,0.4,0.405));
#6830 = VECTOR('',#6831,1.);
#6831 = DIRECTION('',(1.,0.,0.));
#6832 = ORIENTED_EDGE('',*,*,#6833,.T.);
#6833 = EDGE_CURVE('',#6826,#6834,#6836,.T.);
#6834 = VERTEX_POINT('',#6835);
#6835 = CARTESIAN_POINT('',(0.755,0.4,0.405));
#6836 = LINE('',#6837,#6838);
#6837 = CARTESIAN_POINT('',(-0.755,0.4,0.405));
#6838 = VECTOR('',#6839,1.);
#6839 = DIRECTION('',(1.,0.,0.));
#6840 = ORIENTED_EDGE('',*,*,#6841,.F.);
#6841 = EDGE_CURVE('',#6842,#6834,#6844,.T.);
#6842 = VERTEX_POINT('',#6843);
#6843 = CARTESIAN_POINT('',(0.755,0.4,4.5E-02));
#6844 = LINE('',#6845,#6846);
#6845 = CARTESIAN_POINT('',(0.755,0.4,4.5E-02));
#6846 = VECTOR('',#6847,1.);
#6847 = DIRECTION('',(0.,0.,1.));
#6848 = ORIENTED_EDGE('',*,*,#6849,.F.);
#6849 = EDGE_CURVE('',#6850,#6842,#6852,.T.);
#6850 = VERTEX_POINT('',#6851);
#6851 = CARTESIAN_POINT('',(0.5,0.4,4.5E-02));
#6852 = LINE('',#6853,#6854);
#6853 = CARTESIAN_POINT('',(-0.755,0.4,4.5E-02));
#6854 = VECTOR('',#6855,1.);
#6855 = DIRECTION('',(1.,0.,0.));
#6856 = ORIENTED_EDGE('',*,*,#6857,.F.);
#6857 = EDGE_CURVE('',#6683,#6850,#6858,.T.);
#6858 = LINE('',#6859,#6860);
#6859 = CARTESIAN_POINT('',(-0.755,0.4,4.5E-02));
#6860 = VECTOR('',#6861,1.);
#6861 = DIRECTION('',(1.,0.,0.));
#6862 = PLANE('',#6863);
#6863 = AXIS2_PLACEMENT_3D('',#6864,#6865,#6866);
#6864 = CARTESIAN_POINT('',(-0.755,0.4,4.5E-02));
#6865 = DIRECTION('',(0.,1.,0.));
#6866 = DIRECTION('',(0.,-0.,1.));
#6867 = ADVANCED_FACE('',(#6868),#6879,.F.);
#6868 = FACE_BOUND('',#6869,.F.);
#6869 = EDGE_LOOP('',(#6870,#6871,#6872,#6878));
#6870 = ORIENTED_EDGE('',*,*,#6725,.F.);
#6871 = ORIENTED_EDGE('',*,*,#6774,.T.);
#6872 = ORIENTED_EDGE('',*,*,#6873,.T.);
#6873 = EDGE_CURVE('',#6767,#6850,#6874,.T.);
#6874 = LINE('',#6875,#6876);
#6875 = CARTESIAN_POINT('',(0.5,-0.4,4.5E-02));
#6876 = VECTOR('',#6877,1.);
#6877 = DIRECTION('',(0.,1.,0.));
#6878 = ORIENTED_EDGE('',*,*,#6857,.F.);
#6879 = PLANE('',#6880);
#6880 = AXIS2_PLACEMENT_3D('',#6881,#6882,#6883);
#6881 = CARTESIAN_POINT('',(-0.755,-0.4,4.5E-02));
#6882 = DIRECTION('',(0.,0.,1.));
#6883 = DIRECTION('',(1.,0.,-0.));
#6884 = ADVANCED_FACE('',(#6885),#6948,.F.);
#6885 = FACE_BOUND('',#6886,.F.);
#6886 = EDGE_LOOP('',(#6887,#6897,#6904,#6905,#6906,#6907,#6916,#6924,
    #6933,#6941));
#6887 = ORIENTED_EDGE('',*,*,#6888,.F.);
#6888 = EDGE_CURVE('',#6889,#6891,#6893,.T.);
#6889 = VERTEX_POINT('',#6890);
#6890 = CARTESIAN_POINT('',(0.545,-0.4,-2.775557561563E-17));
#6891 = VERTEX_POINT('',#6892);
#6892 = CARTESIAN_POINT('',(0.755,-0.4,-2.775557561563E-17));
#6893 = LINE('',#6894,#6895);
#6894 = CARTESIAN_POINT('',(0.5,-0.4,0.));
#6895 = VECTOR('',#6896,1.);
#6896 = DIRECTION('',(1.,0.,0.));
#6897 = ORIENTED_EDGE('',*,*,#6898,.F.);
#6898 = EDGE_CURVE('',#6767,#6889,#6899,.T.);
#6899 = CIRCLE('',#6900,4.5E-02);
#6900 = AXIS2_PLACEMENT_3D('',#6901,#6902,#6903);
#6901 = CARTESIAN_POINT('',(0.545,-0.4,4.5E-02));
#6902 = DIRECTION('',(0.,-1.,0.));
#6903 = DIRECTION('',(0.,0.,1.));
#6904 = ORIENTED_EDGE('',*,*,#6766,.T.);
#6905 = ORIENTED_EDGE('',*,*,#6758,.T.);
#6906 = ORIENTED_EDGE('',*,*,#6750,.F.);
#6907 = ORIENTED_EDGE('',*,*,#6908,.T.);
#6908 = EDGE_CURVE('',#6743,#6909,#6911,.T.);
#6909 = VERTEX_POINT('',#6910);
#6910 = CARTESIAN_POINT('',(0.545,-0.4,0.45));
#6911 = CIRCLE('',#6912,4.5E-02);
#6912 = AXIS2_PLACEMENT_3D('',#6913,#6914,#6915);
#6913 = CARTESIAN_POINT('',(0.545,-0.4,0.405));
#6914 = DIRECTION('',(0.,1.,0.));
#6915 = DIRECTION('',(0.,-0.,1.));
#6916 = ORIENTED_EDGE('',*,*,#6917,.T.);
#6917 = EDGE_CURVE('',#6909,#6918,#6920,.T.);
#6918 = VERTEX_POINT('',#6919);
#6919 = CARTESIAN_POINT('',(0.755,-0.4,0.45));
#6920 = LINE('',#6921,#6922);
#6921 = CARTESIAN_POINT('',(0.5,-0.4,0.45));
#6922 = VECTOR('',#6923,1.);
#6923 = DIRECTION('',(1.,0.,0.));
#6924 = ORIENTED_EDGE('',*,*,#6925,.F.);
#6925 = EDGE_CURVE('',#6926,#6918,#6928,.T.);
#6926 = VERTEX_POINT('',#6927);
#6927 = CARTESIAN_POINT('',(0.8,-0.4,0.405));
#6928 = CIRCLE('',#6929,4.5E-02);
#6929 = AXIS2_PLACEMENT_3D('',#6930,#6931,#6932);
#6930 = CARTESIAN_POINT('',(0.755,-0.4,0.405));
#6931 = DIRECTION('',(0.,-1.,0.));
#6932 = DIRECTION('',(0.,0.,1.));
#6933 = ORIENTED_EDGE('',*,*,#6934,.F.);
#6934 = EDGE_CURVE('',#6935,#6926,#6937,.T.);
#6935 = VERTEX_POINT('',#6936);
#6936 = CARTESIAN_POINT('',(0.8,-0.4,4.5E-02));
#6937 = LINE('',#6938,#6939);
#6938 = CARTESIAN_POINT('',(0.8,-0.4,0.));
#6939 = VECTOR('',#6940,1.);
#6940 = DIRECTION('',(0.,0.,1.));
#6941 = ORIENTED_EDGE('',*,*,#6942,.T.);
#6942 = EDGE_CURVE('',#6935,#6891,#6943,.T.);
#6943 = CIRCLE('',#6944,4.5E-02);
#6944 = AXIS2_PLACEMENT_3D('',#6945,#6946,#6947);
#6945 = CARTESIAN_POINT('',(0.755,-0.4,4.5E-02));
#6946 = DIRECTION('',(0.,1.,0.));
#6947 = DIRECTION('',(0.,-0.,1.));
#6948 = PLANE('',#6949);
#6949 = AXIS2_PLACEMENT_3D('',#6950,#6951,#6952);
#6950 = CARTESIAN_POINT('',(0.5,-0.4,0.));
#6951 = DIRECTION('',(0.,1.,0.));
#6952 = DIRECTION('',(0.,-0.,1.));
#6953 = ADVANCED_FACE('',(#6954),#6979,.F.);
#6954 = FACE_BOUND('',#6955,.F.);
#6955 = EDGE_LOOP('',(#6956,#6957,#6965,#6973));
#6956 = ORIENTED_EDGE('',*,*,#6742,.F.);
#6957 = ORIENTED_EDGE('',*,*,#6958,.T.);
#6958 = EDGE_CURVE('',#6541,#6959,#6961,.T.);
#6959 = VERTEX_POINT('',#6960);
#6960 = CARTESIAN_POINT('',(-0.5,-0.4,0.45));
#6961 = LINE('',#6962,#6963);
#6962 = CARTESIAN_POINT('',(-0.5,-0.4,0.405));
#6963 = VECTOR('',#6964,1.);
#6964 = DIRECTION('',(0.,0.,1.));
#6965 = ORIENTED_EDGE('',*,*,#6966,.T.);
#6966 = EDGE_CURVE('',#6959,#6967,#6969,.T.);
#6967 = VERTEX_POINT('',#6968);
#6968 = CARTESIAN_POINT('',(0.5,-0.4,0.45));
#6969 = LINE('',#6970,#6971);
#6970 = CARTESIAN_POINT('',(-0.5,-0.4,0.45));
#6971 = VECTOR('',#6972,1.);
#6972 = DIRECTION('',(1.,0.,0.));
#6973 = ORIENTED_EDGE('',*,*,#6974,.F.);
#6974 = EDGE_CURVE('',#6743,#6967,#6975,.T.);
#6975 = LINE('',#6976,#6977);
#6976 = CARTESIAN_POINT('',(0.5,-0.4,0.405));
#6977 = VECTOR('',#6978,1.);
#6978 = DIRECTION('',(0.,0.,1.));
#6979 = PLANE('',#6980);
#6980 = AXIS2_PLACEMENT_3D('',#6981,#6982,#6983);
#6981 = CARTESIAN_POINT('',(-0.5,-0.4,0.405));
#6982 = DIRECTION('',(0.,1.,0.));
#6983 = DIRECTION('',(0.,-0.,1.));
#6984 = ADVANCED_FACE('',(#6985),#7003,.F.);
#6985 = FACE_BOUND('',#6986,.F.);
#6986 = EDGE_LOOP('',(#6987,#6988,#6989,#6997));
#6987 = ORIENTED_EDGE('',*,*,#6958,.F.);
#6988 = ORIENTED_EDGE('',*,*,#6805,.T.);
#6989 = ORIENTED_EDGE('',*,*,#6990,.T.);
#6990 = EDGE_CURVE('',#6658,#6991,#6993,.T.);
#6991 = VERTEX_POINT('',#6992);
#6992 = CARTESIAN_POINT('',(-0.5,0.4,0.45));
#6993 = LINE('',#6994,#6995);
#6994 = CARTESIAN_POINT('',(-0.5,0.4,0.405));
#6995 = VECTOR('',#6996,1.);
#6996 = DIRECTION('',(0.,0.,1.));
#6997 = ORIENTED_EDGE('',*,*,#6998,.F.);
#6998 = EDGE_CURVE('',#6959,#6991,#6999,.T.);
#6999 = LINE('',#7000,#7001);
#7000 = CARTESIAN_POINT('',(-0.5,-0.4,0.45));
#7001 = VECTOR('',#7002,1.);
#7002 = DIRECTION('',(0.,1.,0.));
#7003 = PLANE('',#7004);
#7004 = AXIS2_PLACEMENT_3D('',#7005,#7006,#7007);
#7005 = CARTESIAN_POINT('',(-0.5,-0.4,0.405));
#7006 = DIRECTION('',(1.,0.,0.));
#7007 = DIRECTION('',(0.,0.,1.));
#7008 = ADVANCED_FACE('',(#7009),#7072,.T.);
#7009 = FACE_BOUND('',#7010,.T.);
#7010 = EDGE_LOOP('',(#7011,#7021,#7028,#7029,#7030,#7031,#7040,#7048,
    #7057,#7065));
#7011 = ORIENTED_EDGE('',*,*,#7012,.F.);
#7012 = EDGE_CURVE('',#7013,#7015,#7017,.T.);
#7013 = VERTEX_POINT('',#7014);
#7014 = CARTESIAN_POINT('',(0.545,0.4,-2.775557561563E-17));
#7015 = VERTEX_POINT('',#7016);
#7016 = CARTESIAN_POINT('',(0.755,0.4,-2.775557561563E-17));
#7017 = LINE('',#7018,#7019);
#7018 = CARTESIAN_POINT('',(0.5,0.4,0.));
#7019 = VECTOR('',#7020,1.);
#7020 = DIRECTION('',(1.,0.,0.));
#7021 = ORIENTED_EDGE('',*,*,#7022,.F.);
#7022 = EDGE_CURVE('',#6850,#7013,#7023,.T.);
#7023 = CIRCLE('',#7024,4.5E-02);
#7024 = AXIS2_PLACEMENT_3D('',#7025,#7026,#7027);
#7025 = CARTESIAN_POINT('',(0.545,0.4,4.5E-02));
#7026 = DIRECTION('',(0.,-1.,0.));
#7027 = DIRECTION('',(0.,0.,1.));
#7028 = ORIENTED_EDGE('',*,*,#6849,.T.);
#7029 = ORIENTED_EDGE('',*,*,#6841,.T.);
#7030 = ORIENTED_EDGE('',*,*,#6833,.F.);
#7031 = ORIENTED_EDGE('',*,*,#7032,.T.);
#7032 = EDGE_CURVE('',#6826,#7033,#7035,.T.);
#7033 = VERTEX_POINT('',#7034);
#7034 = CARTESIAN_POINT('',(0.545,0.4,0.45));
#7035 = CIRCLE('',#7036,4.5E-02);
#7036 = AXIS2_PLACEMENT_3D('',#7037,#7038,#7039);
#7037 = CARTESIAN_POINT('',(0.545,0.4,0.405));
#7038 = DIRECTION('',(0.,1.,0.));
#7039 = DIRECTION('',(0.,-0.,1.));
#7040 = ORIENTED_EDGE('',*,*,#7041,.T.);
#7041 = EDGE_CURVE('',#7033,#7042,#7044,.T.);
#7042 = VERTEX_POINT('',#7043);
#7043 = CARTESIAN_POINT('',(0.755,0.4,0.45));
#7044 = LINE('',#7045,#7046);
#7045 = CARTESIAN_POINT('',(0.5,0.4,0.45));
#7046 = VECTOR('',#7047,1.);
#7047 = DIRECTION('',(1.,0.,0.));
#7048 = ORIENTED_EDGE('',*,*,#7049,.F.);
#7049 = EDGE_CURVE('',#7050,#7042,#7052,.T.);
#7050 = VERTEX_POINT('',#7051);
#7051 = CARTESIAN_POINT('',(0.8,0.4,0.405));
#7052 = CIRCLE('',#7053,4.5E-02);
#7053 = AXIS2_PLACEMENT_3D('',#7054,#7055,#7056);
#7054 = CARTESIAN_POINT('',(0.755,0.4,0.405));
#7055 = DIRECTION('',(0.,-1.,0.));
#7056 = DIRECTION('',(0.,0.,1.));
#7057 = ORIENTED_EDGE('',*,*,#7058,.F.);
#7058 = EDGE_CURVE('',#7059,#7050,#7061,.T.);
#7059 = VERTEX_POINT('',#7060);
#7060 = CARTESIAN_POINT('',(0.8,0.4,4.5E-02));
#7061 = LINE('',#7062,#7063);
#7062 = CARTESIAN_POINT('',(0.8,0.4,0.));
#7063 = VECTOR('',#7064,1.);
#7064 = DIRECTION('',(0.,0.,1.));
#7065 = ORIENTED_EDGE('',*,*,#7066,.T.);
#7066 = EDGE_CURVE('',#7059,#7015,#7067,.T.);
#7067 = CIRCLE('',#7068,4.5E-02);
#7068 = AXIS2_PLACEMENT_3D('',#7069,#7070,#7071);
#7069 = CARTESIAN_POINT('',(0.755,0.4,4.5E-02));
#7070 = DIRECTION('',(0.,1.,0.));
#7071 = DIRECTION('',(0.,-0.,1.));
#7072 = PLANE('',#7073);
#7073 = AXIS2_PLACEMENT_3D('',#7074,#7075,#7076);
#7074 = CARTESIAN_POINT('',(0.5,0.4,0.));
#7075 = DIRECTION('',(0.,1.,0.));
#7076 = DIRECTION('',(0.,-0.,1.));
#7077 = ADVANCED_FACE('',(#7078),#7096,.T.);
#7078 = FACE_BOUND('',#7079,.T.);
#7079 = EDGE_LOOP('',(#7080,#7081,#7082,#7090));
#7080 = ORIENTED_EDGE('',*,*,#6825,.F.);
#7081 = ORIENTED_EDGE('',*,*,#6990,.T.);
#7082 = ORIENTED_EDGE('',*,*,#7083,.T.);
#7083 = EDGE_CURVE('',#6991,#7084,#7086,.T.);
#7084 = VERTEX_POINT('',#7085);
#7085 = CARTESIAN_POINT('',(0.5,0.4,0.45));
#7086 = LINE('',#7087,#7088);
#7087 = CARTESIAN_POINT('',(-0.5,0.4,0.45));
#7088 = VECTOR('',#7089,1.);
#7089 = DIRECTION('',(1.,0.,0.));
#7090 = ORIENTED_EDGE('',*,*,#7091,.F.);
#7091 = EDGE_CURVE('',#6826,#7084,#7092,.T.);
#7092 = LINE('',#7093,#7094);
#7093 = CARTESIAN_POINT('',(0.5,0.4,0.405));
#7094 = VECTOR('',#7095,1.);
#7095 = DIRECTION('',(0.,0.,1.));
#7096 = PLANE('',#7097);
#7097 = AXIS2_PLACEMENT_3D('',#7098,#7099,#7100);
#7098 = CARTESIAN_POINT('',(-0.5,0.4,0.405));
#7099 = DIRECTION('',(0.,1.,0.));
#7100 = DIRECTION('',(0.,-0.,1.));
#7101 = ADVANCED_FACE('',(#7102),#7113,.T.);
#7102 = FACE_BOUND('',#7103,.T.);
#7103 = EDGE_LOOP('',(#7104,#7105,#7106,#7112));
#7104 = ORIENTED_EDGE('',*,*,#6873,.T.);
#7105 = ORIENTED_EDGE('',*,*,#7022,.T.);
#7106 = ORIENTED_EDGE('',*,*,#7107,.F.);
#7107 = EDGE_CURVE('',#6889,#7013,#7108,.T.);
#7108 = LINE('',#7109,#7110);
#7109 = CARTESIAN_POINT('',(0.545,-0.4,-2.775557561563E-17));
#7110 = VECTOR('',#7111,1.);
#7111 = DIRECTION('',(0.,1.,0.));
#7112 = ORIENTED_EDGE('',*,*,#6898,.F.);
#7113 = CYLINDRICAL_SURFACE('',#7114,4.5E-02);
#7114 = AXIS2_PLACEMENT_3D('',#7115,#7116,#7117);
#7115 = CARTESIAN_POINT('',(0.545,-0.4,4.5E-02));
#7116 = DIRECTION('',(0.,1.,0.));
#7117 = DIRECTION('',(-1.,0.,0.));
#7118 = ADVANCED_FACE('',(#7119),#7130,.F.);
#7119 = FACE_BOUND('',#7120,.F.);
#7120 = EDGE_LOOP('',(#7121,#7122,#7123,#7124));
#7121 = ORIENTED_EDGE('',*,*,#7012,.F.);
#7122 = ORIENTED_EDGE('',*,*,#7107,.F.);
#7123 = ORIENTED_EDGE('',*,*,#6888,.T.);
#7124 = ORIENTED_EDGE('',*,*,#7125,.T.);
#7125 = EDGE_CURVE('',#6891,#7015,#7126,.T.);
#7126 = LINE('',#7127,#7128);
#7127 = CARTESIAN_POINT('',(0.755,-0.4,-2.775557561563E-17));
#7128 = VECTOR('',#7129,1.);
#7129 = DIRECTION('',(0.,1.,0.));
#7130 = PLANE('',#7131);
#7131 = AXIS2_PLACEMENT_3D('',#7132,#7133,#7134);
#7132 = CARTESIAN_POINT('',(0.5,-0.4,0.));
#7133 = DIRECTION('',(0.,0.,1.));
#7134 = DIRECTION('',(1.,0.,-0.));
#7135 = ADVANCED_FACE('',(#7136),#7147,.T.);
#7136 = FACE_BOUND('',#7137,.T.);
#7137 = EDGE_LOOP('',(#7138,#7139,#7140,#7141));
#7138 = ORIENTED_EDGE('',*,*,#6942,.T.);
#7139 = ORIENTED_EDGE('',*,*,#7125,.T.);
#7140 = ORIENTED_EDGE('',*,*,#7066,.F.);
#7141 = ORIENTED_EDGE('',*,*,#7142,.F.);
#7142 = EDGE_CURVE('',#6935,#7059,#7143,.T.);
#7143 = LINE('',#7144,#7145);
#7144 = CARTESIAN_POINT('',(0.8,-0.4,4.5E-02));
#7145 = VECTOR('',#7146,1.);
#7146 = DIRECTION('',(0.,1.,0.));
#7147 = CYLINDRICAL_SURFACE('',#7148,4.5E-02);
#7148 = AXIS2_PLACEMENT_3D('',#7149,#7150,#7151);
#7149 = CARTESIAN_POINT('',(0.755,-0.4,4.5E-02));
#7150 = DIRECTION('',(0.,1.,0.));
#7151 = DIRECTION('',(1.,0.,0.));
#7152 = ADVANCED_FACE('',(#7153),#7164,.T.);
#7153 = FACE_BOUND('',#7154,.T.);
#7154 = EDGE_LOOP('',(#7155,#7156,#7157,#7158));
#7155 = ORIENTED_EDGE('',*,*,#6934,.F.);
#7156 = ORIENTED_EDGE('',*,*,#7142,.T.);
#7157 = ORIENTED_EDGE('',*,*,#7058,.T.);
#7158 = ORIENTED_EDGE('',*,*,#7159,.F.);
#7159 = EDGE_CURVE('',#6926,#7050,#7160,.T.);
#7160 = LINE('',#7161,#7162);
#7161 = CARTESIAN_POINT('',(0.8,-0.4,0.405));
#7162 = VECTOR('',#7163,1.);
#7163 = DIRECTION('',(0.,1.,0.));
#7164 = PLANE('',#7165);
#7165 = AXIS2_PLACEMENT_3D('',#7166,#7167,#7168);
#7166 = CARTESIAN_POINT('',(0.8,-0.4,0.));
#7167 = DIRECTION('',(1.,0.,0.));
#7168 = DIRECTION('',(0.,0.,1.));
#7169 = ADVANCED_FACE('',(#7170),#7181,.T.);
#7170 = FACE_BOUND('',#7171,.T.);
#7171 = EDGE_LOOP('',(#7172,#7173,#7174,#7180));
#7172 = ORIENTED_EDGE('',*,*,#7159,.T.);
#7173 = ORIENTED_EDGE('',*,*,#7049,.T.);
#7174 = ORIENTED_EDGE('',*,*,#7175,.F.);
#7175 = EDGE_CURVE('',#6918,#7042,#7176,.T.);
#7176 = LINE('',#7177,#7178);
#7177 = CARTESIAN_POINT('',(0.755,-0.4,0.45));
#7178 = VECTOR('',#7179,1.);
#7179 = DIRECTION('',(0.,1.,0.));
#7180 = ORIENTED_EDGE('',*,*,#6925,.F.);
#7181 = CYLINDRICAL_SURFACE('',#7182,4.5E-02);
#7182 = AXIS2_PLACEMENT_3D('',#7183,#7184,#7185);
#7183 = CARTESIAN_POINT('',(0.755,-0.4,0.405));
#7184 = DIRECTION('',(0.,1.,0.));
#7185 = DIRECTION('',(1.,0.,0.));
#7186 = ADVANCED_FACE('',(#7187),#7198,.T.);
#7187 = FACE_BOUND('',#7188,.T.);
#7188 = EDGE_LOOP('',(#7189,#7190,#7196,#7197));
#7189 = ORIENTED_EDGE('',*,*,#7041,.F.);
#7190 = ORIENTED_EDGE('',*,*,#7191,.F.);
#7191 = EDGE_CURVE('',#6909,#7033,#7192,.T.);
#7192 = LINE('',#7193,#7194);
#7193 = CARTESIAN_POINT('',(0.545,-0.4,0.45));
#7194 = VECTOR('',#7195,1.);
#7195 = DIRECTION('',(0.,1.,0.));
#7196 = ORIENTED_EDGE('',*,*,#6917,.T.);
#7197 = ORIENTED_EDGE('',*,*,#7175,.T.);
#7198 = PLANE('',#7199);
#7199 = AXIS2_PLACEMENT_3D('',#7200,#7201,#7202);
#7200 = CARTESIAN_POINT('',(0.5,-0.4,0.45));
#7201 = DIRECTION('',(0.,0.,1.));
#7202 = DIRECTION('',(1.,0.,-0.));
#7203 = ADVANCED_FACE('',(#7204),#7215,.T.);
#7204 = FACE_BOUND('',#7205,.T.);
#7205 = EDGE_LOOP('',(#7206,#7207,#7208,#7209));
#7206 = ORIENTED_EDGE('',*,*,#6908,.T.);
#7207 = ORIENTED_EDGE('',*,*,#7191,.T.);
#7208 = ORIENTED_EDGE('',*,*,#7032,.F.);
#7209 = ORIENTED_EDGE('',*,*,#7210,.F.);
#7210 = EDGE_CURVE('',#6743,#6826,#7211,.T.);
#7211 = LINE('',#7212,#7213);
#7212 = CARTESIAN_POINT('',(0.5,-0.4,0.405));
#7213 = VECTOR('',#7214,1.);
#7214 = DIRECTION('',(0.,1.,0.));
#7215 = CYLINDRICAL_SURFACE('',#7216,4.5E-02);
#7216 = AXIS2_PLACEMENT_3D('',#7217,#7218,#7219);
#7217 = CARTESIAN_POINT('',(0.545,-0.4,0.405));
#7218 = DIRECTION('',(0.,1.,0.));
#7219 = DIRECTION('',(-1.,0.,0.));
#7220 = ADVANCED_FACE('',(#7221),#7232,.T.);
#7221 = FACE_BOUND('',#7222,.T.);
#7222 = EDGE_LOOP('',(#7223,#7224,#7225,#7226));
#7223 = ORIENTED_EDGE('',*,*,#6974,.F.);
#7224 = ORIENTED_EDGE('',*,*,#7210,.T.);
#7225 = ORIENTED_EDGE('',*,*,#7091,.T.);
#7226 = ORIENTED_EDGE('',*,*,#7227,.F.);
#7227 = EDGE_CURVE('',#6967,#7084,#7228,.T.);
#7228 = LINE('',#7229,#7230);
#7229 = CARTESIAN_POINT('',(0.5,-0.4,0.45));
#7230 = VECTOR('',#7231,1.);
#7231 = DIRECTION('',(0.,1.,0.));
#7232 = PLANE('',#7233);
#7233 = AXIS2_PLACEMENT_3D('',#7234,#7235,#7236);
#7234 = CARTESIAN_POINT('',(0.5,-0.4,0.405));
#7235 = DIRECTION('',(1.,0.,0.));
#7236 = DIRECTION('',(0.,0.,1.));
#7237 = ADVANCED_FACE('',(#7238),#7244,.T.);
#7238 = FACE_BOUND('',#7239,.T.);
#7239 = EDGE_LOOP('',(#7240,#7241,#7242,#7243));
#7240 = ORIENTED_EDGE('',*,*,#6998,.F.);
#7241 = ORIENTED_EDGE('',*,*,#6966,.T.);
#7242 = ORIENTED_EDGE('',*,*,#7227,.T.);
#7243 = ORIENTED_EDGE('',*,*,#7083,.F.);
#7244 = PLANE('',#7245);
#7245 = AXIS2_PLACEMENT_3D('',#7246,#7247,#7248);
#7246 = CARTESIAN_POINT('',(-0.5,-0.4,0.45));
#7247 = DIRECTION('',(0.,0.,1.));
#7248 = DIRECTION('',(1.,0.,-0.));
#7249 = ( GEOMETRIC_REPRESENTATION_CONTEXT(3) 
GLOBAL_UNCERTAINTY_ASSIGNED_CONTEXT((#7253)) 
GLOBAL_UNIT_ASSIGNED_CONTEXT((#7250,#7251,#7252)) REPRESENTATION_CONTEXT
('Context #1','3D Context with UNIT and UNCERTAINTY') );
#7250 = ( LENGTH_UNIT() NAMED_UNIT(*) SI_UNIT(.MILLI.,.METRE.) );
#7251 = ( NAMED_UNIT(*) PLANE_ANGLE_UNIT() SI_UNIT($,.RADIAN.) );
#7252 = ( NAMED_UNIT(*) SI_UNIT($,.STERADIAN.) SOLID_ANGLE_UNIT() );
#7253 = UNCERTAINTY_MEASURE_WITH_UNIT(LENGTH_MEASURE(1.E-07),#7250,
  'distance_accuracy_value','confusion accuracy');
#7254 = CONTEXT_DEPENDENT_SHAPE_REPRESENTATION(#7255,#7257);
#7255 = ( REPRESENTATION_RELATIONSHIP('','',#6458,#6435) 
REPRESENTATION_RELATIONSHIP_WITH_TRANSFORMATION(#7256) 
SHAPE_REPRESENTATION_RELATIONSHIP() );
#7256 = ITEM_DEFINED_TRANSFORMATION('','',#11,#6436);
#7257 = PRODUCT_DEFINITION_SHAPE('Placement','Placement of an item',
  #7258);
#7258 = NEXT_ASSEMBLY_USAGE_OCCURRENCE('3','=>[0:1:1:5]','',#6430,#6453,
  $);
#7259 = PRODUCT_RELATED_PRODUCT_CATEGORY('part',$,(#6455));
#7260 = SHAPE_DEFINITION_REPRESENTATION(#7261,#7267);
#7261 = PRODUCT_DEFINITION_SHAPE('','',#7262);
#7262 = PRODUCT_DEFINITION('design','',#7263,#7266);
#7263 = PRODUCT_DEFINITION_FORMATION('','',#7264);
#7264 = PRODUCT('LED_0603_1608Metric','LED_0603_1608Metric','',(#7265));
#7265 = PRODUCT_CONTEXT('',#2,'mechanical');
#7266 = PRODUCT_DEFINITION_CONTEXT('part definition',#2,'design');
#7267 = SHAPE_REPRESENTATION('',(#11,#7268),#7272);
#7268 = AXIS2_PLACEMENT_3D('',#7269,#7270,#7271);
#7269 = CARTESIAN_POINT('',(0.,0.,0.));
#7270 = DIRECTION('',(0.,0.,1.));
#7271 = DIRECTION('',(1.,0.,-0.));
#7272 = ( GEOMETRIC_REPRESENTATION_CONTEXT(3) 
GLOBAL_UNCERTAINTY_ASSIGNED_CONTEXT((#7276)) 
GLOBAL_UNIT_ASSIGNED_CONTEXT((#7273,#7274,#7275)) REPRESENTATION_CONTEXT
('Context #1','3D Context with UNIT and UNCERTAINTY') );
#7273 = ( LENGTH_UNIT() NAMED_UNIT(*) SI_UNIT(.MILLI.,.METRE.) );
#7274 = ( NAMED_UNIT(*) PLANE_ANGLE_UNIT() SI_UNIT($,.RADIAN.) );
#7275 = ( NAMED_UNIT(*) SI_UNIT($,.STERADIAN.) SOLID_ANGLE_UNIT() );
#7276 = UNCERTAINTY_MEASURE_WITH_UNIT(LENGTH_MEASURE(1.E-07),#7273,
  'distance_accuracy_value','confusion accuracy');
#7277 = CONTEXT_DEPENDENT_SHAPE_REPRESENTATION(#7278,#7280);
#7278 = ( REPRESENTATION_RELATIONSHIP('','',#7267,#10) 
REPRESENTATION_RELATIONSHIP_WITH_TRANSFORMATION(#7279) 
SHAPE_REPRESENTATION_RELATIONSHIP() );
#7279 = ITEM_DEFINED_TRANSFORMATION('','',#11,#23);
#7280 = PRODUCT_DEFINITION_SHAPE('Placement','Placement of an item',
  #7281);
#7281 = NEXT_ASSEMBLY_USAGE_OCCURRENCE('6','D9','',#5,#7262,$);
#7282 = PRODUCT_RELATED_PRODUCT_CATEGORY('part',$,(#7264));
#7283 = SHAPE_DEFINITION_REPRESENTATION(#7284,#7290);
#7284 = PRODUCT_DEFINITION_SHAPE('','',#7285);
#7285 = PRODUCT_DEFINITION('design','',#7286,#7289);
#7286 = PRODUCT_DEFINITION_FORMATION('','',#7287);
#7287 = PRODUCT('LED_0603_1608Metric','LED_0603_1608Metric','',(#7288));
#7288 = PRODUCT_CONTEXT('',#2,'mechanical');
#7289 = PRODUCT_DEFINITION_CONTEXT('part definition',#2,'design');
#7290 = ADVANCED_BREP_SHAPE_REPRESENTATION('',(#11,#7291),#8814);
#7291 = MANIFOLD_SOLID_BREP('',#7292);
#7292 = CLOSED_SHELL('',(#7293,#7333,#7380,#7459,#7483,#7523,#7554,#7571
    ,#7604,#7628,#7695,#7816,#7883,#7907,#7938,#7971,#8027,#8051,#8075,
    #8099,#8132,#8144,#8207,#8232,#8249,#8273,#8291,#8309,#8327,#8344,
    #8361,#8392,#8417,#8442,#8466,#8483,#8514,#8538,#8555,#8583,#8608,
    #8632,#8657,#8704,#8721,#8733,#8755,#8767,#8785,#8803));
#7293 = ADVANCED_FACE('',(#7294),#7328,.F.);
#7294 = FACE_BOUND('',#7295,.F.);
#7295 = EDGE_LOOP('',(#7296,#7306,#7314,#7322));
#7296 = ORIENTED_EDGE('',*,*,#7297,.T.);
#7297 = EDGE_CURVE('',#7298,#7300,#7302,.T.);
#7298 = VERTEX_POINT('',#7299);
#7299 = CARTESIAN_POINT('',(-0.5,-0.4,0.47));
#7300 = VERTEX_POINT('',#7301);
#7301 = CARTESIAN_POINT('',(-0.45,-0.4,1.1));
#7302 = LINE('',#7303,#7304);
#7303 = CARTESIAN_POINT('',(-0.5,-0.4,0.47));
#7304 = VECTOR('',#7305,1.);
#7305 = DIRECTION('',(7.911630099815E-02,0.,0.996865392576));
#7306 = ORIENTED_EDGE('',*,*,#7307,.T.);
#7307 = EDGE_CURVE('',#7300,#7308,#7310,.T.);
#7308 = VERTEX_POINT('',#7309);
#7309 = CARTESIAN_POINT('',(0.45,-0.4,1.1));
#7310 = LINE('',#7311,#7312);
#7311 = CARTESIAN_POINT('',(-0.45,-0.4,1.1));
#7312 = VECTOR('',#7313,1.);
#7313 = DIRECTION('',(1.,0.,0.));
#7314 = ORIENTED_EDGE('',*,*,#7315,.T.);
#7315 = EDGE_CURVE('',#7308,#7316,#7318,.T.);
#7316 = VERTEX_POINT('',#7317);
#7317 = CARTESIAN_POINT('',(0.5,-0.4,0.47));
#7318 = LINE('',#7319,#7320);
#7319 = CARTESIAN_POINT('',(0.45,-0.4,1.1));
#7320 = VECTOR('',#7321,1.);
#7321 = DIRECTION('',(7.911630099815E-02,0.,-0.996865392576));
#7322 = ORIENTED_EDGE('',*,*,#7323,.T.);
#7323 = EDGE_CURVE('',#7316,#7298,#7324,.T.);
#7324 = LINE('',#7325,#7326);
#7325 = CARTESIAN_POINT('',(0.5,-0.4,0.47));
#7326 = VECTOR('',#7327,1.);
#7327 = DIRECTION('',(-1.,0.,0.));
#7328 = PLANE('',#7329);
#7329 = AXIS2_PLACEMENT_3D('',#7330,#7331,#7332);
#7330 = CARTESIAN_POINT('',(-8.772411109409E-18,-0.4,0.775044128294));
#7331 = DIRECTION('',(0.,1.,0.));
#7332 = DIRECTION('',(0.,-0.,1.));
#7333 = ADVANCED_FACE('',(#7334),#7375,.T.);
#7334 = FACE_BOUND('',#7335,.T.);
#7335 = EDGE_LOOP('',(#7336,#7346,#7354,#7360,#7361,#7369));
#7336 = ORIENTED_EDGE('',*,*,#7337,.T.);
#7337 = EDGE_CURVE('',#7338,#7340,#7342,.T.);
#7338 = VERTEX_POINT('',#7339);
#7339 = CARTESIAN_POINT('',(-0.5,0.4,0.47));
#7340 = VERTEX_POINT('',#7341);
#7341 = CARTESIAN_POINT('',(-0.5,0.3,0.47));
#7342 = LINE('',#7343,#7344);
#7343 = CARTESIAN_POINT('',(-0.5,0.4,0.47));
#7344 = VECTOR('',#7345,1.);
#7345 = DIRECTION('',(0.,-1.,0.));
#7346 = ORIENTED_EDGE('',*,*,#7347,.F.);
#7347 = EDGE_CURVE('',#7348,#7340,#7350,.T.);
#7348 = VERTEX_POINT('',#7349);
#7349 = CARTESIAN_POINT('',(-0.5,-0.3,0.47));
#7350 = LINE('',#7351,#7352);
#7351 = CARTESIAN_POINT('',(-0.5,-0.4,0.47));
#7352 = VECTOR('',#7353,1.);
#7353 = DIRECTION('',(0.,1.,0.));
#7354 = ORIENTED_EDGE('',*,*,#7355,.T.);
#7355 = EDGE_CURVE('',#7348,#7298,#7356,.T.);
#7356 = LINE('',#7357,#7358);
#7357 = CARTESIAN_POINT('',(-0.5,0.4,0.47));
#7358 = VECTOR('',#7359,1.);
#7359 = DIRECTION('',(0.,-1.,0.));
#7360 = ORIENTED_EDGE('',*,*,#7297,.T.);
#7361 = ORIENTED_EDGE('',*,*,#7362,.F.);
#7362 = EDGE_CURVE('',#7363,#7300,#7365,.T.);
#7363 = VERTEX_POINT('',#7364);
#7364 = CARTESIAN_POINT('',(-0.45,0.4,1.1));
#7365 = LINE('',#7366,#7367);
#7366 = CARTESIAN_POINT('',(-0.45,0.4,1.1));
#7367 = VECTOR('',#7368,1.);
#7368 = DIRECTION('',(0.,-1.,0.));
#7369 = ORIENTED_EDGE('',*,*,#7370,.F.);
#7370 = EDGE_CURVE('',#7338,#7363,#7371,.T.);
#7371 = LINE('',#7372,#7373);
#7372 = CARTESIAN_POINT('',(-0.5,0.4,0.47));
#7373 = VECTOR('',#7374,1.);
#7374 = DIRECTION('',(7.911630099815E-02,0.,0.996865392576));
#7375 = PLANE('',#7376);
#7376 = AXIS2_PLACEMENT_3D('',#7377,#7378,#7379);
#7377 = CARTESIAN_POINT('',(-0.5,0.4,0.47));
#7378 = DIRECTION('',(-0.996865392576,0.,7.911630099815E-02));
#7379 = DIRECTION('',(7.911630099815E-02,0.,0.996865392576));
#7380 = ADVANCED_FACE('',(#7381),#7454,.F.);
#7381 = FACE_BOUND('',#7382,.F.);
#7382 = EDGE_LOOP('',(#7383,#7393,#7401,#7409,#7415,#7416,#7424,#7432,
    #7440,#7448));
#7383 = ORIENTED_EDGE('',*,*,#7384,.F.);
#7384 = EDGE_CURVE('',#7385,#7387,#7389,.T.);
#7385 = VERTEX_POINT('',#7386);
#7386 = CARTESIAN_POINT('',(-0.77,-0.4,3.E-02));
#7387 = VERTEX_POINT('',#7388);
#7388 = CARTESIAN_POINT('',(-0.725,-0.4,3.E-02));
#7389 = LINE('',#7390,#7391);
#7390 = CARTESIAN_POINT('',(-0.77,-0.4,3.E-02));
#7391 = VECTOR('',#7392,1.);
#7392 = DIRECTION('',(1.,0.,0.));
#7393 = ORIENTED_EDGE('',*,*,#7394,.T.);
#7394 = EDGE_CURVE('',#7385,#7395,#7397,.T.);
#7395 = VERTEX_POINT('',#7396);
#7396 = CARTESIAN_POINT('',(-0.77,-0.4,0.47));
#7397 = LINE('',#7398,#7399);
#7398 = CARTESIAN_POINT('',(-0.77,-0.4,3.E-02));
#7399 = VECTOR('',#7400,1.);
#7400 = DIRECTION('',(0.,0.,1.));
#7401 = ORIENTED_EDGE('',*,*,#7402,.T.);
#7402 = EDGE_CURVE('',#7395,#7403,#7405,.T.);
#7403 = VERTEX_POINT('',#7404);
#7404 = CARTESIAN_POINT('',(-0.725,-0.4,0.47));
#7405 = LINE('',#7406,#7407);
#7406 = CARTESIAN_POINT('',(-0.77,-0.4,0.47));
#7407 = VECTOR('',#7408,1.);
#7408 = DIRECTION('',(1.,0.,0.));
#7409 = ORIENTED_EDGE('',*,*,#7410,.T.);
#7410 = EDGE_CURVE('',#7403,#7298,#7411,.T.);
#7411 = LINE('',#7412,#7413);
#7412 = CARTESIAN_POINT('',(-0.77,-0.4,0.47));
#7413 = VECTOR('',#7414,1.);
#7414 = DIRECTION('',(1.,0.,0.));
#7415 = ORIENTED_EDGE('',*,*,#7323,.F.);
#7416 = ORIENTED_EDGE('',*,*,#7417,.T.);
#7417 = EDGE_CURVE('',#7316,#7418,#7420,.T.);
#7418 = VERTEX_POINT('',#7419);
#7419 = CARTESIAN_POINT('',(0.725,-0.4,0.47));
#7420 = LINE('',#7421,#7422);
#7421 = CARTESIAN_POINT('',(-0.77,-0.4,0.47));
#7422 = VECTOR('',#7423,1.);
#7423 = DIRECTION('',(1.,0.,0.));
#7424 = ORIENTED_EDGE('',*,*,#7425,.T.);
#7425 = EDGE_CURVE('',#7418,#7426,#7428,.T.);
#7426 = VERTEX_POINT('',#7427);
#7427 = CARTESIAN_POINT('',(0.77,-0.4,0.47));
#7428 = LINE('',#7429,#7430);
#7429 = CARTESIAN_POINT('',(-0.77,-0.4,0.47));
#7430 = VECTOR('',#7431,1.);
#7431 = DIRECTION('',(1.,0.,0.));
#7432 = ORIENTED_EDGE('',*,*,#7433,.F.);
#7433 = EDGE_CURVE('',#7434,#7426,#7436,.T.);
#7434 = VERTEX_POINT('',#7435);
#7435 = CARTESIAN_POINT('',(0.77,-0.4,3.E-02));
#7436 = LINE('',#7437,#7438);
#7437 = CARTESIAN_POINT('',(0.77,-0.4,3.E-02));
#7438 = VECTOR('',#7439,1.);
#7439 = DIRECTION('',(0.,0.,1.));
#7440 = ORIENTED_EDGE('',*,*,#7441,.F.);
#7441 = EDGE_CURVE('',#7442,#7434,#7444,.T.);
#7442 = VERTEX_POINT('',#7443);
#7443 = CARTESIAN_POINT('',(0.725,-0.4,3.E-02));
#7444 = LINE('',#7445,#7446);
#7445 = CARTESIAN_POINT('',(-0.77,-0.4,3.E-02));
#7446 = VECTOR('',#7447,1.);
#7447 = DIRECTION('',(1.,0.,0.));
#7448 = ORIENTED_EDGE('',*,*,#7449,.F.);
#7449 = EDGE_CURVE('',#7387,#7442,#7450,.T.);
#7450 = LINE('',#7451,#7452);
#7451 = CARTESIAN_POINT('',(-0.77,-0.4,3.E-02));
#7452 = VECTOR('',#7453,1.);
#7453 = DIRECTION('',(1.,0.,0.));
#7454 = PLANE('',#7455);
#7455 = AXIS2_PLACEMENT_3D('',#7456,#7457,#7458);
#7456 = CARTESIAN_POINT('',(-0.77,-0.4,3.E-02));
#7457 = DIRECTION('',(0.,1.,0.));
#7458 = DIRECTION('',(0.,-0.,1.));
#7459 = ADVANCED_FACE('',(#7460),#7478,.T.);
#7460 = FACE_BOUND('',#7461,.T.);
#7461 = EDGE_LOOP('',(#7462,#7463,#7464,#7472));
#7462 = ORIENTED_EDGE('',*,*,#7362,.T.);
#7463 = ORIENTED_EDGE('',*,*,#7307,.T.);
#7464 = ORIENTED_EDGE('',*,*,#7465,.F.);
#7465 = EDGE_CURVE('',#7466,#7308,#7468,.T.);
#7466 = VERTEX_POINT('',#7467);
#7467 = CARTESIAN_POINT('',(0.45,0.4,1.1));
#7468 = LINE('',#7469,#7470);
#7469 = CARTESIAN_POINT('',(0.45,0.4,1.1));
#7470 = VECTOR('',#7471,1.);
#7471 = DIRECTION('',(0.,-1.,0.));
#7472 = ORIENTED_EDGE('',*,*,#7473,.F.);
#7473 = EDGE_CURVE('',#7363,#7466,#7474,.T.);
#7474 = LINE('',#7475,#7476);
#7475 = CARTESIAN_POINT('',(-0.45,0.4,1.1));
#7476 = VECTOR('',#7477,1.);
#7477 = DIRECTION('',(1.,0.,0.));
#7478 = PLANE('',#7479);
#7479 = AXIS2_PLACEMENT_3D('',#7480,#7481,#7482);
#7480 = CARTESIAN_POINT('',(-0.45,0.4,1.1));
#7481 = DIRECTION('',(0.,0.,1.));
#7482 = DIRECTION('',(1.,0.,-0.));
#7483 = ADVANCED_FACE('',(#7484),#7518,.T.);
#7484 = FACE_BOUND('',#7485,.T.);
#7485 = EDGE_LOOP('',(#7486,#7487,#7488,#7496,#7504,#7512));
#7486 = ORIENTED_EDGE('',*,*,#7465,.T.);
#7487 = ORIENTED_EDGE('',*,*,#7315,.T.);
#7488 = ORIENTED_EDGE('',*,*,#7489,.F.);
#7489 = EDGE_CURVE('',#7490,#7316,#7492,.T.);
#7490 = VERTEX_POINT('',#7491);
#7491 = CARTESIAN_POINT('',(0.5,-0.3,0.47));
#7492 = LINE('',#7493,#7494);
#7493 = CARTESIAN_POINT('',(0.5,0.4,0.47));
#7494 = VECTOR('',#7495,1.);
#7495 = DIRECTION('',(0.,-1.,0.));
#7496 = ORIENTED_EDGE('',*,*,#7497,.T.);
#7497 = EDGE_CURVE('',#7490,#7498,#7500,.T.);
#7498 = VERTEX_POINT('',#7499);
#7499 = CARTESIAN_POINT('',(0.5,0.3,0.47));
#7500 = LINE('',#7501,#7502);
#7501 = CARTESIAN_POINT('',(0.5,-0.4,0.47));
#7502 = VECTOR('',#7503,1.);
#7503 = DIRECTION('',(0.,1.,0.));
#7504 = ORIENTED_EDGE('',*,*,#7505,.F.);
#7505 = EDGE_CURVE('',#7506,#7498,#7508,.T.);
#7506 = VERTEX_POINT('',#7507);
#7507 = CARTESIAN_POINT('',(0.5,0.4,0.47));
#7508 = LINE('',#7509,#7510);
#7509 = CARTESIAN_POINT('',(0.5,0.4,0.47));
#7510 = VECTOR('',#7511,1.);
#7511 = DIRECTION('',(0.,-1.,0.));
#7512 = ORIENTED_EDGE('',*,*,#7513,.F.);
#7513 = EDGE_CURVE('',#7466,#7506,#7514,.T.);
#7514 = LINE('',#7515,#7516);
#7515 = CARTESIAN_POINT('',(0.45,0.4,1.1));
#7516 = VECTOR('',#7517,1.);
#7517 = DIRECTION('',(7.911630099815E-02,0.,-0.996865392576));
#7518 = PLANE('',#7519);
#7519 = AXIS2_PLACEMENT_3D('',#7520,#7521,#7522);
#7520 = CARTESIAN_POINT('',(0.45,0.4,1.1));
#7521 = DIRECTION('',(0.996865392576,0.,7.911630099815E-02));
#7522 = DIRECTION('',(7.911630099815E-02,0.,-0.996865392576));
#7523 = ADVANCED_FACE('',(#7524),#7549,.T.);
#7524 = FACE_BOUND('',#7525,.T.);
#7525 = EDGE_LOOP('',(#7526,#7534,#7542,#7548));
#7526 = ORIENTED_EDGE('',*,*,#7527,.F.);
#7527 = EDGE_CURVE('',#7528,#7338,#7530,.T.);
#7528 = VERTEX_POINT('',#7529);
#7529 = CARTESIAN_POINT('',(-0.725,0.4,0.47));
#7530 = LINE('',#7531,#7532);
#7531 = CARTESIAN_POINT('',(-0.77,0.4,0.47));
#7532 = VECTOR('',#7533,1.);
#7533 = DIRECTION('',(1.,0.,0.));
#7534 = ORIENTED_EDGE('',*,*,#7535,.F.);
#7535 = EDGE_CURVE('',#7536,#7528,#7538,.T.);
#7536 = VERTEX_POINT('',#7537);
#7537 = CARTESIAN_POINT('',(-0.725,0.3,0.47));
#7538 = LINE('',#7539,#7540);
#7539 = CARTESIAN_POINT('',(-0.725,5.E-02,0.47));
#7540 = VECTOR('',#7541,1.);
#7541 = DIRECTION('',(0.,1.,0.));
#7542 = ORIENTED_EDGE('',*,*,#7543,.F.);
#7543 = EDGE_CURVE('',#7340,#7536,#7544,.T.);
#7544 = LINE('',#7545,#7546);
#7545 = CARTESIAN_POINT('',(-0.7475,0.3,0.47));
#7546 = VECTOR('',#7547,1.);
#7547 = DIRECTION('',(-1.,0.,0.));
#7548 = ORIENTED_EDGE('',*,*,#7337,.F.);
#7549 = PLANE('',#7550);
#7550 = AXIS2_PLACEMENT_3D('',#7551,#7552,#7553);
#7551 = CARTESIAN_POINT('',(-0.77,-0.4,0.47));
#7552 = DIRECTION('',(0.,0.,1.));
#7553 = DIRECTION('',(1.,0.,-0.));
#7554 = ADVANCED_FACE('',(#7555),#7566,.T.);
#7555 = FACE_BOUND('',#7556,.T.);
#7556 = EDGE_LOOP('',(#7557,#7558,#7559,#7560));
#7557 = ORIENTED_EDGE('',*,*,#7370,.T.);
#7558 = ORIENTED_EDGE('',*,*,#7473,.T.);
#7559 = ORIENTED_EDGE('',*,*,#7513,.T.);
#7560 = ORIENTED_EDGE('',*,*,#7561,.T.);
#7561 = EDGE_CURVE('',#7506,#7338,#7562,.T.);
#7562 = LINE('',#7563,#7564);
#7563 = CARTESIAN_POINT('',(0.5,0.4,0.47));
#7564 = VECTOR('',#7565,1.);
#7565 = DIRECTION('',(-1.,0.,0.));
#7566 = PLANE('',#7567);
#7567 = AXIS2_PLACEMENT_3D('',#7568,#7569,#7570);
#7568 = CARTESIAN_POINT('',(-8.772411109409E-18,0.4,0.775044128294));
#7569 = DIRECTION('',(0.,1.,0.));
#7570 = DIRECTION('',(0.,-0.,1.));
#7571 = ADVANCED_FACE('',(#7572),#7599,.T.);
#7572 = FACE_BOUND('',#7573,.T.);
#7573 = EDGE_LOOP('',(#7574,#7583,#7591,#7598));
#7574 = ORIENTED_EDGE('',*,*,#7575,.F.);
#7575 = EDGE_CURVE('',#7576,#7340,#7578,.T.);
#7576 = VERTEX_POINT('',#7577);
#7577 = CARTESIAN_POINT('',(-0.53,0.3,0.5));
#7578 = CIRCLE('',#7579,3.E-02);
#7579 = AXIS2_PLACEMENT_3D('',#7580,#7581,#7582);
#7580 = CARTESIAN_POINT('',(-0.53,0.3,0.47));
#7581 = DIRECTION('',(-0.,1.,0.));
#7582 = DIRECTION('',(1.,0.,0.));
#7583 = ORIENTED_EDGE('',*,*,#7584,.F.);
#7584 = EDGE_CURVE('',#7585,#7576,#7587,.T.);
#7585 = VERTEX_POINT('',#7586);
#7586 = CARTESIAN_POINT('',(-0.53,-0.3,0.5));
#7587 = LINE('',#7588,#7589);
#7588 = CARTESIAN_POINT('',(-0.53,-0.4,0.5));
#7589 = VECTOR('',#7590,1.);
#7590 = DIRECTION('',(0.,1.,0.));
#7591 = ORIENTED_EDGE('',*,*,#7592,.T.);
#7592 = EDGE_CURVE('',#7585,#7348,#7593,.T.);
#7593 = CIRCLE('',#7594,3.E-02);
#7594 = AXIS2_PLACEMENT_3D('',#7595,#7596,#7597);
#7595 = CARTESIAN_POINT('',(-0.53,-0.3,0.47));
#7596 = DIRECTION('',(-0.,1.,0.));
#7597 = DIRECTION('',(1.,0.,0.));
#7598 = ORIENTED_EDGE('',*,*,#7347,.T.);
#7599 = CYLINDRICAL_SURFACE('',#7600,3.E-02);
#7600 = AXIS2_PLACEMENT_3D('',#7601,#7602,#7603);
#7601 = CARTESIAN_POINT('',(-0.53,-0.4,0.47));
#7602 = DIRECTION('',(0.,1.,0.));
#7603 = DIRECTION('',(1.,0.,0.));
#7604 = ADVANCED_FACE('',(#7605),#7623,.T.);
#7605 = FACE_BOUND('',#7606,.T.);
#7606 = EDGE_LOOP('',(#7607,#7615,#7616,#7617));
#7607 = ORIENTED_EDGE('',*,*,#7608,.F.);
#7608 = EDGE_CURVE('',#7403,#7609,#7611,.T.);
#7609 = VERTEX_POINT('',#7610);
#7610 = CARTESIAN_POINT('',(-0.725,-0.3,0.47));
#7611 = LINE('',#7612,#7613);
#7612 = CARTESIAN_POINT('',(-0.725,-0.35,0.47));
#7613 = VECTOR('',#7614,1.);
#7614 = DIRECTION('',(0.,1.,0.));
#7615 = ORIENTED_EDGE('',*,*,#7410,.T.);
#7616 = ORIENTED_EDGE('',*,*,#7355,.F.);
#7617 = ORIENTED_EDGE('',*,*,#7618,.F.);
#7618 = EDGE_CURVE('',#7609,#7348,#7619,.T.);
#7619 = LINE('',#7620,#7621);
#7620 = CARTESIAN_POINT('',(-2.25E-02,-0.3,0.47));
#7621 = VECTOR('',#7622,1.);
#7622 = DIRECTION('',(1.,0.,0.));
#7623 = PLANE('',#7624);
#7624 = AXIS2_PLACEMENT_3D('',#7625,#7626,#7627);
#7625 = CARTESIAN_POINT('',(-0.77,-0.4,0.47));
#7626 = DIRECTION('',(0.,0.,1.));
#7627 = DIRECTION('',(1.,0.,-0.));
#7628 = ADVANCED_FACE('',(#7629),#7690,.F.);
#7629 = FACE_BOUND('',#7630,.F.);
#7630 = EDGE_LOOP('',(#7631,#7641,#7650,#7658,#7667,#7675,#7681,#7682,
    #7683,#7684));
#7631 = ORIENTED_EDGE('',*,*,#7632,.F.);
#7632 = EDGE_CURVE('',#7633,#7635,#7637,.T.);
#7633 = VERTEX_POINT('',#7634);
#7634 = CARTESIAN_POINT('',(-0.77,-0.4,-3.469446951954E-18));
#7635 = VERTEX_POINT('',#7636);
#7636 = CARTESIAN_POINT('',(-0.725,-0.4,0.));
#7637 = LINE('',#7638,#7639);
#7638 = CARTESIAN_POINT('',(-0.8,-0.4,0.));
#7639 = VECTOR('',#7640,1.);
#7640 = DIRECTION('',(1.,0.,0.));
#7641 = ORIENTED_EDGE('',*,*,#7642,.F.);
#7642 = EDGE_CURVE('',#7643,#7633,#7645,.T.);
#7643 = VERTEX_POINT('',#7644);
#7644 = CARTESIAN_POINT('',(-0.8,-0.4,3.E-02));
#7645 = CIRCLE('',#7646,3.E-02);
#7646 = AXIS2_PLACEMENT_3D('',#7647,#7648,#7649);
#7647 = CARTESIAN_POINT('',(-0.77,-0.4,3.E-02));
#7648 = DIRECTION('',(0.,-1.,0.));
#7649 = DIRECTION('',(0.,0.,1.));
#7650 = ORIENTED_EDGE('',*,*,#7651,.T.);
#7651 = EDGE_CURVE('',#7643,#7652,#7654,.T.);
#7652 = VERTEX_POINT('',#7653);
#7653 = CARTESIAN_POINT('',(-0.8,-0.4,0.47));
#7654 = LINE('',#7655,#7656);
#7655 = CARTESIAN_POINT('',(-0.8,-0.4,0.));
#7656 = VECTOR('',#7657,1.);
#7657 = DIRECTION('',(0.,0.,1.));
#7658 = ORIENTED_EDGE('',*,*,#7659,.T.);
#7659 = EDGE_CURVE('',#7652,#7660,#7662,.T.);
#7660 = VERTEX_POINT('',#7661);
#7661 = CARTESIAN_POINT('',(-0.77,-0.4,0.5));
#7662 = CIRCLE('',#7663,3.E-02);
#7663 = AXIS2_PLACEMENT_3D('',#7664,#7665,#7666);
#7664 = CARTESIAN_POINT('',(-0.77,-0.4,0.47));
#7665 = DIRECTION('',(0.,1.,0.));
#7666 = DIRECTION('',(0.,-0.,1.));
#7667 = ORIENTED_EDGE('',*,*,#7668,.T.);
#7668 = EDGE_CURVE('',#7660,#7669,#7671,.T.);
#7669 = VERTEX_POINT('',#7670);
#7670 = CARTESIAN_POINT('',(-0.725,-0.4,0.5));
#7671 = LINE('',#7672,#7673);
#7672 = CARTESIAN_POINT('',(-0.8,-0.4,0.5));
#7673 = VECTOR('',#7674,1.);
#7674 = DIRECTION('',(1.,0.,0.));
#7675 = ORIENTED_EDGE('',*,*,#7676,.F.);
#7676 = EDGE_CURVE('',#7403,#7669,#7677,.T.);
#7677 = LINE('',#7678,#7679);
#7678 = CARTESIAN_POINT('',(-0.725,-0.4,0.375));
#7679 = VECTOR('',#7680,1.);
#7680 = DIRECTION('',(0.,0.,1.));
#7681 = ORIENTED_EDGE('',*,*,#7402,.F.);
#7682 = ORIENTED_EDGE('',*,*,#7394,.F.);
#7683 = ORIENTED_EDGE('',*,*,#7384,.T.);
#7684 = ORIENTED_EDGE('',*,*,#7685,.F.);
#7685 = EDGE_CURVE('',#7635,#7387,#7686,.T.);
#7686 = LINE('',#7687,#7688);
#7687 = CARTESIAN_POINT('',(-0.725,-0.4,0.375));
#7688 = VECTOR('',#7689,1.);
#7689 = DIRECTION('',(0.,0.,1.));
#7690 = PLANE('',#7691);
#7691 = AXIS2_PLACEMENT_3D('',#7692,#7693,#7694);
#7692 = CARTESIAN_POINT('',(-0.8,-0.4,0.));
#7693 = DIRECTION('',(0.,1.,0.));
#7694 = DIRECTION('',(0.,-0.,1.));
#7695 = ADVANCED_FACE('',(#7696,#7785),#7811,.F.);
#7696 = FACE_BOUND('',#7697,.F.);
#7697 = EDGE_LOOP('',(#7698,#7706,#7707,#7715,#7723,#7731,#7739,#7747,
    #7755,#7763,#7771,#7779));
#7698 = ORIENTED_EDGE('',*,*,#7699,.F.);
#7699 = EDGE_CURVE('',#7387,#7700,#7702,.T.);
#7700 = VERTEX_POINT('',#7701);
#7701 = CARTESIAN_POINT('',(-0.725,-0.3,3.E-02));
#7702 = LINE('',#7703,#7704);
#7703 = CARTESIAN_POINT('',(-0.725,-0.35,3.E-02));
#7704 = VECTOR('',#7705,1.);
#7705 = DIRECTION('',(0.,1.,0.));
#7706 = ORIENTED_EDGE('',*,*,#7449,.T.);
#7707 = ORIENTED_EDGE('',*,*,#7708,.F.);
#7708 = EDGE_CURVE('',#7709,#7442,#7711,.T.);
#7709 = VERTEX_POINT('',#7710);
#7710 = CARTESIAN_POINT('',(0.725,-0.3,3.E-02));
#7711 = LINE('',#7712,#7713);
#7712 = CARTESIAN_POINT('',(0.725,-0.45,3.E-02));
#7713 = VECTOR('',#7714,1.);
#7714 = DIRECTION('',(0.,-1.,0.));
#7715 = ORIENTED_EDGE('',*,*,#7716,.F.);
#7716 = EDGE_CURVE('',#7717,#7709,#7719,.T.);
#7717 = VERTEX_POINT('',#7718);
#7718 = CARTESIAN_POINT('',(0.5,-0.3,3.E-02));
#7719 = LINE('',#7720,#7721);
#7720 = CARTESIAN_POINT('',(-2.25E-02,-0.3,3.E-02));
#7721 = VECTOR('',#7722,1.);
#7722 = DIRECTION('',(1.,0.,0.));
#7723 = ORIENTED_EDGE('',*,*,#7724,.T.);
#7724 = EDGE_CURVE('',#7717,#7725,#7727,.T.);
#7725 = VERTEX_POINT('',#7726);
#7726 = CARTESIAN_POINT('',(0.5,0.3,3.E-02));
#7727 = LINE('',#7728,#7729);
#7728 = CARTESIAN_POINT('',(0.5,-0.4,3.E-02));
#7729 = VECTOR('',#7730,1.);
#7730 = DIRECTION('',(0.,1.,0.));
#7731 = ORIENTED_EDGE('',*,*,#7732,.F.);
#7732 = EDGE_CURVE('',#7733,#7725,#7735,.T.);
#7733 = VERTEX_POINT('',#7734);
#7734 = CARTESIAN_POINT('',(0.725,0.3,3.E-02));
#7735 = LINE('',#7736,#7737);
#7736 = CARTESIAN_POINT('',(-0.7475,0.3,3.E-02));
#7737 = VECTOR('',#7738,1.);
#7738 = DIRECTION('',(-1.,0.,0.));
#7739 = ORIENTED_EDGE('',*,*,#7740,.F.);
#7740 = EDGE_CURVE('',#7741,#7733,#7743,.T.);
#7741 = VERTEX_POINT('',#7742);
#7742 = CARTESIAN_POINT('',(0.725,0.4,3.E-02));
#7743 = LINE('',#7744,#7745);
#7744 = CARTESIAN_POINT('',(0.725,-5.E-02,3.E-02));
#7745 = VECTOR('',#7746,1.);
#7746 = DIRECTION('',(0.,-1.,0.));
#7747 = ORIENTED_EDGE('',*,*,#7748,.F.);
#7748 = EDGE_CURVE('',#7749,#7741,#7751,.T.);
#7749 = VERTEX_POINT('',#7750);
#7750 = CARTESIAN_POINT('',(-0.725,0.4,3.E-02));
#7751 = LINE('',#7752,#7753);
#7752 = CARTESIAN_POINT('',(-0.77,0.4,3.E-02));
#7753 = VECTOR('',#7754,1.);
#7754 = DIRECTION('',(1.,0.,0.));
#7755 = ORIENTED_EDGE('',*,*,#7756,.F.);
#7756 = EDGE_CURVE('',#7757,#7749,#7759,.T.);
#7757 = VERTEX_POINT('',#7758);
#7758 = CARTESIAN_POINT('',(-0.725,0.3,3.E-02));
#7759 = LINE('',#7760,#7761);
#7760 = CARTESIAN_POINT('',(-0.725,5.E-02,3.E-02));
#7761 = VECTOR('',#7762,1.);
#7762 = DIRECTION('',(0.,1.,0.));
#7763 = ORIENTED_EDGE('',*,*,#7764,.F.);
#7764 = EDGE_CURVE('',#7765,#7757,#7767,.T.);
#7765 = VERTEX_POINT('',#7766);
#7766 = CARTESIAN_POINT('',(-0.5,0.3,3.E-02));
#7767 = LINE('',#7768,#7769);
#7768 = CARTESIAN_POINT('',(-0.7475,0.3,3.E-02));
#7769 = VECTOR('',#7770,1.);
#7770 = DIRECTION('',(-1.,0.,0.));
#7771 = ORIENTED_EDGE('',*,*,#7772,.F.);
#7772 = EDGE_CURVE('',#7773,#7765,#7775,.T.);
#7773 = VERTEX_POINT('',#7774);
#7774 = CARTESIAN_POINT('',(-0.5,-0.3,3.E-02));
#7775 = LINE('',#7776,#7777);
#7776 = CARTESIAN_POINT('',(-0.5,-0.4,3.E-02));
#7777 = VECTOR('',#7778,1.);
#7778 = DIRECTION('',(0.,1.,0.));
#7779 = ORIENTED_EDGE('',*,*,#7780,.F.);
#7780 = EDGE_CURVE('',#7700,#7773,#7781,.T.);
#7781 = LINE('',#7782,#7783);
#7782 = CARTESIAN_POINT('',(-2.25E-02,-0.3,3.E-02));
#7783 = VECTOR('',#7784,1.);
#7784 = DIRECTION('',(1.,0.,0.));
#7785 = FACE_BOUND('',#7786,.F.);
#7786 = EDGE_LOOP('',(#7787,#7797,#7805));
#7787 = ORIENTED_EDGE('',*,*,#7788,.T.);
#7788 = EDGE_CURVE('',#7789,#7791,#7793,.T.);
#7789 = VERTEX_POINT('',#7790);
#7790 = CARTESIAN_POINT('',(0.277128129211,0.32,3.E-02));
#7791 = VERTEX_POINT('',#7792);
#7792 = CARTESIAN_POINT('',(0.277128129211,-0.32,3.E-02));
#7793 = LINE('',#7794,#7795);
#7794 = CARTESIAN_POINT('',(0.277128129211,0.32,3.E-02));
#7795 = VECTOR('',#7796,1.);
#7796 = DIRECTION('',(0.,-1.,0.));
#7797 = ORIENTED_EDGE('',*,*,#7798,.T.);
#7798 = EDGE_CURVE('',#7791,#7799,#7801,.T.);
#7799 = VERTEX_POINT('',#7800);
#7800 = CARTESIAN_POINT('',(-0.277128129211,0.,3.E-02));
#7801 = LINE('',#7802,#7803);
#7802 = CARTESIAN_POINT('',(0.277128129211,-0.32,3.E-02));
#7803 = VECTOR('',#7804,1.);
#7804 = DIRECTION('',(-0.866025403784,0.5,0.));
#7805 = ORIENTED_EDGE('',*,*,#7806,.T.);
#7806 = EDGE_CURVE('',#7799,#7789,#7807,.T.);
#7807 = LINE('',#7808,#7809);
#7808 = CARTESIAN_POINT('',(-0.277128129211,0.,3.E-02));
#7809 = VECTOR('',#7810,1.);
#7810 = DIRECTION('',(0.866025403784,0.5,0.));
#7811 = PLANE('',#7812);
#7812 = AXIS2_PLACEMENT_3D('',#7813,#7814,#7815);
#7813 = CARTESIAN_POINT('',(-0.77,-0.4,3.E-02));
#7814 = DIRECTION('',(0.,0.,1.));
#7815 = DIRECTION('',(1.,0.,-0.));
#7816 = ADVANCED_FACE('',(#7817),#7878,.F.);
#7817 = FACE_BOUND('',#7818,.F.);
#7818 = EDGE_LOOP('',(#7819,#7829,#7835,#7836,#7837,#7838,#7846,#7854,
    #7863,#7871));
#7819 = ORIENTED_EDGE('',*,*,#7820,.F.);
#7820 = EDGE_CURVE('',#7821,#7823,#7825,.T.);
#7821 = VERTEX_POINT('',#7822);
#7822 = CARTESIAN_POINT('',(0.725,-0.4,0.));
#7823 = VERTEX_POINT('',#7824);
#7824 = CARTESIAN_POINT('',(0.77,-0.4,-3.469446951954E-18));
#7825 = LINE('',#7826,#7827);
#7826 = CARTESIAN_POINT('',(0.5,-0.4,0.));
#7827 = VECTOR('',#7828,1.);
#7828 = DIRECTION('',(1.,0.,0.));
#7829 = ORIENTED_EDGE('',*,*,#7830,.F.);
#7830 = EDGE_CURVE('',#7442,#7821,#7831,.T.);
#7831 = LINE('',#7832,#7833);
#7832 = CARTESIAN_POINT('',(0.725,-0.4,0.375));
#7833 = VECTOR('',#7834,1.);
#7834 = DIRECTION('',(0.,0.,-1.));
#7835 = ORIENTED_EDGE('',*,*,#7441,.T.);
#7836 = ORIENTED_EDGE('',*,*,#7433,.T.);
#7837 = ORIENTED_EDGE('',*,*,#7425,.F.);
#7838 = ORIENTED_EDGE('',*,*,#7839,.F.);
#7839 = EDGE_CURVE('',#7840,#7418,#7842,.T.);
#7840 = VERTEX_POINT('',#7841);
#7841 = CARTESIAN_POINT('',(0.725,-0.4,0.5));
#7842 = LINE('',#7843,#7844);
#7843 = CARTESIAN_POINT('',(0.725,-0.4,0.375));
#7844 = VECTOR('',#7845,1.);
#7845 = DIRECTION('',(0.,0.,-1.));
#7846 = ORIENTED_EDGE('',*,*,#7847,.T.);
#7847 = EDGE_CURVE('',#7840,#7848,#7850,.T.);
#7848 = VERTEX_POINT('',#7849);
#7849 = CARTESIAN_POINT('',(0.77,-0.4,0.5));
#7850 = LINE('',#7851,#7852);
#7851 = CARTESIAN_POINT('',(0.5,-0.4,0.5));
#7852 = VECTOR('',#7853,1.);
#7853 = DIRECTION('',(1.,0.,0.));
#7854 = ORIENTED_EDGE('',*,*,#7855,.F.);
#7855 = EDGE_CURVE('',#7856,#7848,#7858,.T.);
#7856 = VERTEX_POINT('',#7857);
#7857 = CARTESIAN_POINT('',(0.8,-0.4,0.47));
#7858 = CIRCLE('',#7859,3.E-02);
#7859 = AXIS2_PLACEMENT_3D('',#7860,#7861,#7862);
#7860 = CARTESIAN_POINT('',(0.77,-0.4,0.47));
#7861 = DIRECTION('',(0.,-1.,0.));
#7862 = DIRECTION('',(0.,0.,1.));
#7863 = ORIENTED_EDGE('',*,*,#7864,.F.);
#7864 = EDGE_CURVE('',#7865,#7856,#7867,.T.);
#7865 = VERTEX_POINT('',#7866);
#7866 = CARTESIAN_POINT('',(0.8,-0.4,3.E-02));
#7867 = LINE('',#7868,#7869);
#7868 = CARTESIAN_POINT('',(0.8,-0.4,0.));
#7869 = VECTOR('',#7870,1.);
#7870 = DIRECTION('',(0.,0.,1.));
#7871 = ORIENTED_EDGE('',*,*,#7872,.T.);
#7872 = EDGE_CURVE('',#7865,#7823,#7873,.T.);
#7873 = CIRCLE('',#7874,3.E-02);
#7874 = AXIS2_PLACEMENT_3D('',#7875,#7876,#7877);
#7875 = CARTESIAN_POINT('',(0.77,-0.4,3.E-02));
#7876 = DIRECTION('',(0.,1.,0.));
#7877 = DIRECTION('',(0.,-0.,1.));
#7878 = PLANE('',#7879);
#7879 = AXIS2_PLACEMENT_3D('',#7880,#7881,#7882);
#7880 = CARTESIAN_POINT('',(0.5,-0.4,0.));
#7881 = DIRECTION('',(0.,1.,0.));
#7882 = DIRECTION('',(0.,-0.,1.));
#7883 = ADVANCED_FACE('',(#7884),#7902,.T.);
#7884 = FACE_BOUND('',#7885,.T.);
#7885 = EDGE_LOOP('',(#7886,#7894,#7895,#7896));
#7886 = ORIENTED_EDGE('',*,*,#7887,.F.);
#7887 = EDGE_CURVE('',#7490,#7888,#7890,.T.);
#7888 = VERTEX_POINT('',#7889);
#7889 = CARTESIAN_POINT('',(0.725,-0.3,0.47));
#7890 = LINE('',#7891,#7892);
#7891 = CARTESIAN_POINT('',(-2.25E-02,-0.3,0.47));
#7892 = VECTOR('',#7893,1.);
#7893 = DIRECTION('',(1.,0.,0.));
#7894 = ORIENTED_EDGE('',*,*,#7489,.T.);
#7895 = ORIENTED_EDGE('',*,*,#7417,.T.);
#7896 = ORIENTED_EDGE('',*,*,#7897,.F.);
#7897 = EDGE_CURVE('',#7888,#7418,#7898,.T.);
#7898 = LINE('',#7899,#7900);
#7899 = CARTESIAN_POINT('',(0.725,-0.45,0.47));
#7900 = VECTOR('',#7901,1.);
#7901 = DIRECTION('',(0.,-1.,0.));
#7902 = PLANE('',#7903);
#7903 = AXIS2_PLACEMENT_3D('',#7904,#7905,#7906);
#7904 = CARTESIAN_POINT('',(-0.77,-0.4,0.47));
#7905 = DIRECTION('',(0.,0.,1.));
#7906 = DIRECTION('',(1.,0.,-0.));
#7907 = ADVANCED_FACE('',(#7908),#7933,.T.);
#7908 = FACE_BOUND('',#7909,.T.);
#7909 = EDGE_LOOP('',(#7910,#7918,#7919,#7927));
#7910 = ORIENTED_EDGE('',*,*,#7911,.F.);
#7911 = EDGE_CURVE('',#7506,#7912,#7914,.T.);
#7912 = VERTEX_POINT('',#7913);
#7913 = CARTESIAN_POINT('',(0.725,0.4,0.47));
#7914 = LINE('',#7915,#7916);
#7915 = CARTESIAN_POINT('',(-0.77,0.4,0.47));
#7916 = VECTOR('',#7917,1.);
#7917 = DIRECTION('',(1.,0.,0.));
#7918 = ORIENTED_EDGE('',*,*,#7505,.T.);
#7919 = ORIENTED_EDGE('',*,*,#7920,.F.);
#7920 = EDGE_CURVE('',#7921,#7498,#7923,.T.);
#7921 = VERTEX_POINT('',#7922);
#7922 = CARTESIAN_POINT('',(0.725,0.3,0.47));
#7923 = LINE('',#7924,#7925);
#7924 = CARTESIAN_POINT('',(-0.7475,0.3,0.47));
#7925 = VECTOR('',#7926,1.);
#7926 = DIRECTION('',(-1.,0.,0.));
#7927 = ORIENTED_EDGE('',*,*,#7928,.F.);
#7928 = EDGE_CURVE('',#7912,#7921,#7929,.T.);
#7929 = LINE('',#7930,#7931);
#7930 = CARTESIAN_POINT('',(0.725,-5.E-02,0.47));
#7931 = VECTOR('',#7932,1.);
#7932 = DIRECTION('',(0.,-1.,0.));
#7933 = PLANE('',#7934);
#7934 = AXIS2_PLACEMENT_3D('',#7935,#7936,#7937);
#7935 = CARTESIAN_POINT('',(-0.77,-0.4,0.47));
#7936 = DIRECTION('',(0.,0.,1.));
#7937 = DIRECTION('',(1.,0.,-0.));
#7938 = ADVANCED_FACE('',(#7939),#7966,.T.);
#7939 = FACE_BOUND('',#7940,.T.);
#7940 = EDGE_LOOP('',(#7941,#7942,#7951,#7959));
#7941 = ORIENTED_EDGE('',*,*,#7497,.F.);
#7942 = ORIENTED_EDGE('',*,*,#7943,.T.);
#7943 = EDGE_CURVE('',#7490,#7944,#7946,.T.);
#7944 = VERTEX_POINT('',#7945);
#7945 = CARTESIAN_POINT('',(0.53,-0.3,0.5));
#7946 = CIRCLE('',#7947,3.E-02);
#7947 = AXIS2_PLACEMENT_3D('',#7948,#7949,#7950);
#7948 = CARTESIAN_POINT('',(0.53,-0.3,0.47));
#7949 = DIRECTION('',(0.,1.,-0.));
#7950 = DIRECTION('',(-1.,0.,0.));
#7951 = ORIENTED_EDGE('',*,*,#7952,.T.);
#7952 = EDGE_CURVE('',#7944,#7953,#7955,.T.);
#7953 = VERTEX_POINT('',#7954);
#7954 = CARTESIAN_POINT('',(0.53,0.3,0.5));
#7955 = LINE('',#7956,#7957);
#7956 = CARTESIAN_POINT('',(0.53,-0.4,0.5));
#7957 = VECTOR('',#7958,1.);
#7958 = DIRECTION('',(0.,1.,0.));
#7959 = ORIENTED_EDGE('',*,*,#7960,.F.);
#7960 = EDGE_CURVE('',#7498,#7953,#7961,.T.);
#7961 = CIRCLE('',#7962,3.E-02);
#7962 = AXIS2_PLACEMENT_3D('',#7963,#7964,#7965);
#7963 = CARTESIAN_POINT('',(0.53,0.3,0.47));
#7964 = DIRECTION('',(0.,1.,-0.));
#7965 = DIRECTION('',(-1.,0.,0.));
#7966 = CYLINDRICAL_SURFACE('',#7967,3.E-02);
#7967 = AXIS2_PLACEMENT_3D('',#7968,#7969,#7970);
#7968 = CARTESIAN_POINT('',(0.53,-0.4,0.47));
#7969 = DIRECTION('',(0.,1.,0.));
#7970 = DIRECTION('',(-1.,0.,0.));
#7971 = ADVANCED_FACE('',(#7972),#8022,.T.);
#7972 = FACE_BOUND('',#7973,.T.);
#7973 = EDGE_LOOP('',(#7974,#7982,#7990,#7996,#7997,#7998,#7999,#8007,
    #8015,#8021));
#7974 = ORIENTED_EDGE('',*,*,#7975,.F.);
#7975 = EDGE_CURVE('',#7976,#7749,#7978,.T.);
#7976 = VERTEX_POINT('',#7977);
#7977 = CARTESIAN_POINT('',(-0.77,0.4,3.E-02));
#7978 = LINE('',#7979,#7980);
#7979 = CARTESIAN_POINT('',(-0.77,0.4,3.E-02));
#7980 = VECTOR('',#7981,1.);
#7981 = DIRECTION('',(1.,0.,0.));
#7982 = ORIENTED_EDGE('',*,*,#7983,.T.);
#7983 = EDGE_CURVE('',#7976,#7984,#7986,.T.);
#7984 = VERTEX_POINT('',#7985);
#7985 = CARTESIAN_POINT('',(-0.77,0.4,0.47));
#7986 = LINE('',#7987,#7988);
#7987 = CARTESIAN_POINT('',(-0.77,0.4,3.E-02));
#7988 = VECTOR('',#7989,1.);
#7989 = DIRECTION('',(0.,0.,1.));
#7990 = ORIENTED_EDGE('',*,*,#7991,.T.);
#7991 = EDGE_CURVE('',#7984,#7528,#7992,.T.);
#7992 = LINE('',#7993,#7994);
#7993 = CARTESIAN_POINT('',(-0.77,0.4,0.47));
#7994 = VECTOR('',#7995,1.);
#7995 = DIRECTION('',(1.,0.,0.));
#7996 = ORIENTED_EDGE('',*,*,#7527,.T.);
#7997 = ORIENTED_EDGE('',*,*,#7561,.F.);
#7998 = ORIENTED_EDGE('',*,*,#7911,.T.);
#7999 = ORIENTED_EDGE('',*,*,#8000,.T.);
#8000 = EDGE_CURVE('',#7912,#8001,#8003,.T.);
#8001 = VERTEX_POINT('',#8002);
#8002 = CARTESIAN_POINT('',(0.77,0.4,0.47));
#8003 = LINE('',#8004,#8005);
#8004 = CARTESIAN_POINT('',(-0.77,0.4,0.47));
#8005 = VECTOR('',#8006,1.);
#8006 = DIRECTION('',(1.,0.,0.));
#8007 = ORIENTED_EDGE('',*,*,#8008,.F.);
#8008 = EDGE_CURVE('',#8009,#8001,#8011,.T.);
#8009 = VERTEX_POINT('',#8010);
#8010 = CARTESIAN_POINT('',(0.77,0.4,3.E-02));
#8011 = LINE('',#8012,#8013);
#8012 = CARTESIAN_POINT('',(0.77,0.4,3.E-02));
#8013 = VECTOR('',#8014,1.);
#8014 = DIRECTION('',(0.,0.,1.));
#8015 = ORIENTED_EDGE('',*,*,#8016,.F.);
#8016 = EDGE_CURVE('',#7741,#8009,#8017,.T.);
#8017 = LINE('',#8018,#8019);
#8018 = CARTESIAN_POINT('',(-0.77,0.4,3.E-02));
#8019 = VECTOR('',#8020,1.);
#8020 = DIRECTION('',(1.,0.,0.));
#8021 = ORIENTED_EDGE('',*,*,#7748,.F.);
#8022 = PLANE('',#8023);
#8023 = AXIS2_PLACEMENT_3D('',#8024,#8025,#8026);
#8024 = CARTESIAN_POINT('',(-0.77,0.4,3.E-02));
#8025 = DIRECTION('',(0.,1.,0.));
#8026 = DIRECTION('',(0.,-0.,1.));
#8027 = ADVANCED_FACE('',(#8028),#8046,.F.);
#8028 = FACE_BOUND('',#8029,.F.);
#8029 = EDGE_LOOP('',(#8030,#8038,#8044,#8045));
#8030 = ORIENTED_EDGE('',*,*,#8031,.F.);
#8031 = EDGE_CURVE('',#8032,#7576,#8034,.T.);
#8032 = VERTEX_POINT('',#8033);
#8033 = CARTESIAN_POINT('',(-0.725,0.3,0.5));
#8034 = LINE('',#8035,#8036);
#8035 = CARTESIAN_POINT('',(-0.7625,0.3,0.5));
#8036 = VECTOR('',#8037,1.);
#8037 = DIRECTION('',(1.,0.,0.));
#8038 = ORIENTED_EDGE('',*,*,#8039,.T.);
#8039 = EDGE_CURVE('',#8032,#7536,#8040,.T.);
#8040 = LINE('',#8041,#8042);
#8041 = CARTESIAN_POINT('',(-0.725,0.3,0.75));
#8042 = VECTOR('',#8043,1.);
#8043 = DIRECTION('',(-0.,-0.,-1.));
#8044 = ORIENTED_EDGE('',*,*,#7543,.F.);
#8045 = ORIENTED_EDGE('',*,*,#7575,.F.);
#8046 = PLANE('',#8047);
#8047 = AXIS2_PLACEMENT_3D('',#8048,#8049,#8050);
#8048 = CARTESIAN_POINT('',(-0.725,0.3,0.75));
#8049 = DIRECTION('',(0.,-1.,0.));
#8050 = DIRECTION('',(1.,0.,0.));
#8051 = ADVANCED_FACE('',(#8052),#8070,.F.);
#8052 = FACE_BOUND('',#8053,.F.);
#8053 = EDGE_LOOP('',(#8054,#8055,#8063,#8069));
#8054 = ORIENTED_EDGE('',*,*,#8039,.F.);
#8055 = ORIENTED_EDGE('',*,*,#8056,.F.);
#8056 = EDGE_CURVE('',#8057,#8032,#8059,.T.);
#8057 = VERTEX_POINT('',#8058);
#8058 = CARTESIAN_POINT('',(-0.725,0.4,0.5));
#8059 = LINE('',#8060,#8061);
#8060 = CARTESIAN_POINT('',(-0.725,5.E-02,0.5));
#8061 = VECTOR('',#8062,1.);
#8062 = DIRECTION('',(0.,-1.,0.));
#8063 = ORIENTED_EDGE('',*,*,#8064,.F.);
#8064 = EDGE_CURVE('',#7528,#8057,#8065,.T.);
#8065 = LINE('',#8066,#8067);
#8066 = CARTESIAN_POINT('',(-0.725,0.4,0.375));
#8067 = VECTOR('',#8068,1.);
#8068 = DIRECTION('',(0.,0.,1.));
#8069 = ORIENTED_EDGE('',*,*,#7535,.F.);
#8070 = PLANE('',#8071);
#8071 = AXIS2_PLACEMENT_3D('',#8072,#8073,#8074);
#8072 = CARTESIAN_POINT('',(-0.725,0.5,0.75));
#8073 = DIRECTION('',(-1.,0.,0.));
#8074 = DIRECTION('',(0.,-1.,0.));
#8075 = ADVANCED_FACE('',(#8076),#8094,.F.);
#8076 = FACE_BOUND('',#8077,.F.);
#8077 = EDGE_LOOP('',(#8078,#8086,#8092,#8093));
#8078 = ORIENTED_EDGE('',*,*,#8079,.F.);
#8079 = EDGE_CURVE('',#8080,#7609,#8082,.T.);
#8080 = VERTEX_POINT('',#8081);
#8081 = CARTESIAN_POINT('',(-0.725,-0.3,0.5));
#8082 = LINE('',#8083,#8084);
#8083 = CARTESIAN_POINT('',(-0.725,-0.3,0.75));
#8084 = VECTOR('',#8085,1.);
#8085 = DIRECTION('',(-0.,-0.,-1.));
#8086 = ORIENTED_EDGE('',*,*,#8087,.F.);
#8087 = EDGE_CURVE('',#7585,#8080,#8088,.T.);
#8088 = LINE('',#8089,#8090);
#8089 = CARTESIAN_POINT('',(-3.75E-02,-0.3,0.5));
#8090 = VECTOR('',#8091,1.);
#8091 = DIRECTION('',(-1.,0.,0.));
#8092 = ORIENTED_EDGE('',*,*,#7592,.T.);
#8093 = ORIENTED_EDGE('',*,*,#7618,.F.);
#8094 = PLANE('',#8095);
#8095 = AXIS2_PLACEMENT_3D('',#8096,#8097,#8098);
#8096 = CARTESIAN_POINT('',(0.725,-0.3,0.75));
#8097 = DIRECTION('',(0.,1.,0.));
#8098 = DIRECTION('',(-1.,0.,0.));
#8099 = ADVANCED_FACE('',(#8100),#8127,.T.);
#8100 = FACE_BOUND('',#8101,.T.);
#8101 = EDGE_LOOP('',(#8102,#8110,#8116,#8117,#8123,#8124,#8125,#8126));
#8102 = ORIENTED_EDGE('',*,*,#8103,.F.);
#8103 = EDGE_CURVE('',#8104,#8057,#8106,.T.);
#8104 = VERTEX_POINT('',#8105);
#8105 = CARTESIAN_POINT('',(-0.77,0.4,0.5));
#8106 = LINE('',#8107,#8108);
#8107 = CARTESIAN_POINT('',(-0.8,0.4,0.5));
#8108 = VECTOR('',#8109,1.);
#8109 = DIRECTION('',(1.,0.,0.));
#8110 = ORIENTED_EDGE('',*,*,#8111,.F.);
#8111 = EDGE_CURVE('',#7660,#8104,#8112,.T.);
#8112 = LINE('',#8113,#8114);
#8113 = CARTESIAN_POINT('',(-0.77,-0.4,0.5));
#8114 = VECTOR('',#8115,1.);
#8115 = DIRECTION('',(0.,1.,0.));
#8116 = ORIENTED_EDGE('',*,*,#7668,.T.);
#8117 = ORIENTED_EDGE('',*,*,#8118,.F.);
#8118 = EDGE_CURVE('',#8080,#7669,#8119,.T.);
#8119 = LINE('',#8120,#8121);
#8120 = CARTESIAN_POINT('',(-0.725,-0.35,0.5));
#8121 = VECTOR('',#8122,1.);
#8122 = DIRECTION('',(0.,-1.,0.));
#8123 = ORIENTED_EDGE('',*,*,#8087,.F.);
#8124 = ORIENTED_EDGE('',*,*,#7584,.T.);
#8125 = ORIENTED_EDGE('',*,*,#8031,.F.);
#8126 = ORIENTED_EDGE('',*,*,#8056,.F.);
#8127 = PLANE('',#8128);
#8128 = AXIS2_PLACEMENT_3D('',#8129,#8130,#8131);
#8129 = CARTESIAN_POINT('',(-0.8,-0.4,0.5));
#8130 = DIRECTION('',(0.,0.,1.));
#8131 = DIRECTION('',(1.,0.,-0.));
#8132 = ADVANCED_FACE('',(#8133),#8139,.F.);
#8133 = FACE_BOUND('',#8134,.F.);
#8134 = EDGE_LOOP('',(#8135,#8136,#8137,#8138));
#8135 = ORIENTED_EDGE('',*,*,#8118,.F.);
#8136 = ORIENTED_EDGE('',*,*,#8079,.T.);
#8137 = ORIENTED_EDGE('',*,*,#7608,.F.);
#8138 = ORIENTED_EDGE('',*,*,#7676,.T.);
#8139 = PLANE('',#8140);
#8140 = AXIS2_PLACEMENT_3D('',#8141,#8142,#8143);
#8141 = CARTESIAN_POINT('',(-0.725,-0.3,0.75));
#8142 = DIRECTION('',(-1.,0.,0.));
#8143 = DIRECTION('',(0.,-1.,0.));
#8144 = ADVANCED_FACE('',(#8145),#8202,.F.);
#8145 = FACE_BOUND('',#8146,.F.);
#8146 = EDGE_LOOP('',(#8147,#8157,#8163,#8164,#8172,#8180,#8188,#8196));
#8147 = ORIENTED_EDGE('',*,*,#8148,.F.);
#8148 = EDGE_CURVE('',#8149,#8151,#8153,.T.);
#8149 = VERTEX_POINT('',#8150);
#8150 = CARTESIAN_POINT('',(-0.77,0.4,-3.469446951954E-18));
#8151 = VERTEX_POINT('',#8152);
#8152 = CARTESIAN_POINT('',(-0.725,0.4,0.));
#8153 = LINE('',#8154,#8155);
#8154 = CARTESIAN_POINT('',(-0.8,0.4,0.));
#8155 = VECTOR('',#8156,1.);
#8156 = DIRECTION('',(1.,0.,0.));
#8157 = ORIENTED_EDGE('',*,*,#8158,.F.);
#8158 = EDGE_CURVE('',#7633,#8149,#8159,.T.);
#8159 = LINE('',#8160,#8161);
#8160 = CARTESIAN_POINT('',(-0.77,-0.4,-3.469446951954E-18));
#8161 = VECTOR('',#8162,1.);
#8162 = DIRECTION('',(0.,1.,0.));
#8163 = ORIENTED_EDGE('',*,*,#7632,.T.);
#8164 = ORIENTED_EDGE('',*,*,#8165,.F.);
#8165 = EDGE_CURVE('',#8166,#7635,#8168,.T.);
#8166 = VERTEX_POINT('',#8167);
#8167 = CARTESIAN_POINT('',(-0.725,-0.3,0.));
#8168 = LINE('',#8169,#8170);
#8169 = CARTESIAN_POINT('',(-0.725,-0.35,0.));
#8170 = VECTOR('',#8171,1.);
#8171 = DIRECTION('',(0.,-1.,0.));
#8172 = ORIENTED_EDGE('',*,*,#8173,.F.);
#8173 = EDGE_CURVE('',#8174,#8166,#8176,.T.);
#8174 = VERTEX_POINT('',#8175);
#8175 = CARTESIAN_POINT('',(-0.53,-0.3,-3.469446951954E-18));
#8176 = LINE('',#8177,#8178);
#8177 = CARTESIAN_POINT('',(-3.75E-02,-0.3,0.));
#8178 = VECTOR('',#8179,1.);
#8179 = DIRECTION('',(-1.,0.,0.));
#8180 = ORIENTED_EDGE('',*,*,#8181,.T.);
#8181 = EDGE_CURVE('',#8174,#8182,#8184,.T.);
#8182 = VERTEX_POINT('',#8183);
#8183 = CARTESIAN_POINT('',(-0.53,0.3,-3.469446951954E-18));
#8184 = LINE('',#8185,#8186);
#8185 = CARTESIAN_POINT('',(-0.53,-0.4,-3.469446951954E-18));
#8186 = VECTOR('',#8187,1.);
#8187 = DIRECTION('',(0.,1.,0.));
#8188 = ORIENTED_EDGE('',*,*,#8189,.F.);
#8189 = EDGE_CURVE('',#8190,#8182,#8192,.T.);
#8190 = VERTEX_POINT('',#8191);
#8191 = CARTESIAN_POINT('',(-0.725,0.3,0.));
#8192 = LINE('',#8193,#8194);
#8193 = CARTESIAN_POINT('',(-0.7625,0.3,0.));
#8194 = VECTOR('',#8195,1.);
#8195 = DIRECTION('',(1.,0.,0.));
#8196 = ORIENTED_EDGE('',*,*,#8197,.F.);
#8197 = EDGE_CURVE('',#8151,#8190,#8198,.T.);
#8198 = LINE('',#8199,#8200);
#8199 = CARTESIAN_POINT('',(-0.725,5.E-02,0.));
#8200 = VECTOR('',#8201,1.);
#8201 = DIRECTION('',(0.,-1.,0.));
#8202 = PLANE('',#8203);
#8203 = AXIS2_PLACEMENT_3D('',#8204,#8205,#8206);
#8204 = CARTESIAN_POINT('',(-0.8,-0.4,0.));
#8205 = DIRECTION('',(0.,0.,1.));
#8206 = DIRECTION('',(1.,0.,-0.));
#8207 = ADVANCED_FACE('',(#8208),#8227,.T.);
#8208 = FACE_BOUND('',#8209,.T.);
#8209 = EDGE_LOOP('',(#8210,#8218,#8225,#8226));
#8210 = ORIENTED_EDGE('',*,*,#8211,.T.);
#8211 = EDGE_CURVE('',#7643,#8212,#8214,.T.);
#8212 = VERTEX_POINT('',#8213);
#8213 = CARTESIAN_POINT('',(-0.8,0.4,3.E-02));
#8214 = LINE('',#8215,#8216);
#8215 = CARTESIAN_POINT('',(-0.8,-0.4,3.E-02));
#8216 = VECTOR('',#8217,1.);
#8217 = DIRECTION('',(0.,1.,0.));
#8218 = ORIENTED_EDGE('',*,*,#8219,.T.);
#8219 = EDGE_CURVE('',#8212,#8149,#8220,.T.);
#8220 = CIRCLE('',#8221,3.E-02);
#8221 = AXIS2_PLACEMENT_3D('',#8222,#8223,#8224);
#8222 = CARTESIAN_POINT('',(-0.77,0.4,3.E-02));
#8223 = DIRECTION('',(0.,-1.,0.));
#8224 = DIRECTION('',(0.,0.,1.));
#8225 = ORIENTED_EDGE('',*,*,#8158,.F.);
#8226 = ORIENTED_EDGE('',*,*,#7642,.F.);
#8227 = CYLINDRICAL_SURFACE('',#8228,3.E-02);
#8228 = AXIS2_PLACEMENT_3D('',#8229,#8230,#8231);
#8229 = CARTESIAN_POINT('',(-0.77,-0.4,3.E-02));
#8230 = DIRECTION('',(0.,1.,0.));
#8231 = DIRECTION('',(-1.,0.,0.));
#8232 = ADVANCED_FACE('',(#8233),#8244,.F.);
#8233 = FACE_BOUND('',#8234,.F.);
#8234 = EDGE_LOOP('',(#8235,#8236,#8242,#8243));
#8235 = ORIENTED_EDGE('',*,*,#7699,.T.);
#8236 = ORIENTED_EDGE('',*,*,#8237,.T.);
#8237 = EDGE_CURVE('',#7700,#8166,#8238,.T.);
#8238 = LINE('',#8239,#8240);
#8239 = CARTESIAN_POINT('',(-0.725,-0.3,0.75));
#8240 = VECTOR('',#8241,1.);
#8241 = DIRECTION('',(-0.,-0.,-1.));
#8242 = ORIENTED_EDGE('',*,*,#8165,.T.);
#8243 = ORIENTED_EDGE('',*,*,#7685,.T.);
#8244 = PLANE('',#8245);
#8245 = AXIS2_PLACEMENT_3D('',#8246,#8247,#8248);
#8246 = CARTESIAN_POINT('',(-0.725,-0.3,0.75));
#8247 = DIRECTION('',(-1.,0.,0.));
#8248 = DIRECTION('',(0.,-1.,0.));
#8249 = ADVANCED_FACE('',(#8250),#8268,.F.);
#8250 = FACE_BOUND('',#8251,.F.);
#8251 = EDGE_LOOP('',(#8252,#8253,#8254,#8262));
#8252 = ORIENTED_EDGE('',*,*,#7651,.F.);
#8253 = ORIENTED_EDGE('',*,*,#8211,.T.);
#8254 = ORIENTED_EDGE('',*,*,#8255,.T.);
#8255 = EDGE_CURVE('',#8212,#8256,#8258,.T.);
#8256 = VERTEX_POINT('',#8257);
#8257 = CARTESIAN_POINT('',(-0.8,0.4,0.47));
#8258 = LINE('',#8259,#8260);
#8259 = CARTESIAN_POINT('',(-0.8,0.4,0.));
#8260 = VECTOR('',#8261,1.);
#8261 = DIRECTION('',(0.,0.,1.));
#8262 = ORIENTED_EDGE('',*,*,#8263,.F.);
#8263 = EDGE_CURVE('',#7652,#8256,#8264,.T.);
#8264 = LINE('',#8265,#8266);
#8265 = CARTESIAN_POINT('',(-0.8,-0.4,0.47));
#8266 = VECTOR('',#8267,1.);
#8267 = DIRECTION('',(0.,1.,0.));
#8268 = PLANE('',#8269);
#8269 = AXIS2_PLACEMENT_3D('',#8270,#8271,#8272);
#8270 = CARTESIAN_POINT('',(-0.8,-0.4,0.));
#8271 = DIRECTION('',(1.,0.,0.));
#8272 = DIRECTION('',(0.,0.,1.));
#8273 = ADVANCED_FACE('',(#8274),#8286,.T.);
#8274 = FACE_BOUND('',#8275,.T.);
#8275 = EDGE_LOOP('',(#8276,#8277,#8278,#8285));
#8276 = ORIENTED_EDGE('',*,*,#7659,.T.);
#8277 = ORIENTED_EDGE('',*,*,#8111,.T.);
#8278 = ORIENTED_EDGE('',*,*,#8279,.F.);
#8279 = EDGE_CURVE('',#8256,#8104,#8280,.T.);
#8280 = CIRCLE('',#8281,3.E-02);
#8281 = AXIS2_PLACEMENT_3D('',#8282,#8283,#8284);
#8282 = CARTESIAN_POINT('',(-0.77,0.4,0.47));
#8283 = DIRECTION('',(0.,1.,0.));
#8284 = DIRECTION('',(0.,-0.,1.));
#8285 = ORIENTED_EDGE('',*,*,#8263,.F.);
#8286 = CYLINDRICAL_SURFACE('',#8287,3.E-02);
#8287 = AXIS2_PLACEMENT_3D('',#8288,#8289,#8290);
#8288 = CARTESIAN_POINT('',(-0.77,-0.4,0.47));
#8289 = DIRECTION('',(0.,1.,0.));
#8290 = DIRECTION('',(-1.,0.,0.));
#8291 = ADVANCED_FACE('',(#8292),#8304,.F.);
#8292 = FACE_BOUND('',#8293,.F.);
#8293 = EDGE_LOOP('',(#8294,#8295,#8296,#8303));
#8294 = ORIENTED_EDGE('',*,*,#8237,.F.);
#8295 = ORIENTED_EDGE('',*,*,#7780,.T.);
#8296 = ORIENTED_EDGE('',*,*,#8297,.T.);
#8297 = EDGE_CURVE('',#7773,#8174,#8298,.T.);
#8298 = CIRCLE('',#8299,3.E-02);
#8299 = AXIS2_PLACEMENT_3D('',#8300,#8301,#8302);
#8300 = CARTESIAN_POINT('',(-0.53,-0.3,3.E-02));
#8301 = DIRECTION('',(-0.,1.,0.));
#8302 = DIRECTION('',(1.,0.,0.));
#8303 = ORIENTED_EDGE('',*,*,#8173,.T.);
#8304 = PLANE('',#8305);
#8305 = AXIS2_PLACEMENT_3D('',#8306,#8307,#8308);
#8306 = CARTESIAN_POINT('',(0.725,-0.3,0.75));
#8307 = DIRECTION('',(0.,1.,0.));
#8308 = DIRECTION('',(-1.,0.,0.));
#8309 = ADVANCED_FACE('',(#8310),#8322,.T.);
#8310 = FACE_BOUND('',#8311,.T.);
#8311 = EDGE_LOOP('',(#8312,#8313,#8314,#8315));
#8312 = ORIENTED_EDGE('',*,*,#7772,.F.);
#8313 = ORIENTED_EDGE('',*,*,#8297,.T.);
#8314 = ORIENTED_EDGE('',*,*,#8181,.T.);
#8315 = ORIENTED_EDGE('',*,*,#8316,.F.);
#8316 = EDGE_CURVE('',#7765,#8182,#8317,.T.);
#8317 = CIRCLE('',#8318,3.E-02);
#8318 = AXIS2_PLACEMENT_3D('',#8319,#8320,#8321);
#8319 = CARTESIAN_POINT('',(-0.53,0.3,3.E-02));
#8320 = DIRECTION('',(-0.,1.,0.));
#8321 = DIRECTION('',(1.,0.,0.));
#8322 = CYLINDRICAL_SURFACE('',#8323,3.E-02);
#8323 = AXIS2_PLACEMENT_3D('',#8324,#8325,#8326);
#8324 = CARTESIAN_POINT('',(-0.53,-0.4,3.E-02));
#8325 = DIRECTION('',(0.,1.,0.));
#8326 = DIRECTION('',(1.,0.,0.));
#8327 = ADVANCED_FACE('',(#8328),#8339,.F.);
#8328 = FACE_BOUND('',#8329,.F.);
#8329 = EDGE_LOOP('',(#8330,#8331,#8337,#8338));
#8330 = ORIENTED_EDGE('',*,*,#7764,.T.);
#8331 = ORIENTED_EDGE('',*,*,#8332,.T.);
#8332 = EDGE_CURVE('',#7757,#8190,#8333,.T.);
#8333 = LINE('',#8334,#8335);
#8334 = CARTESIAN_POINT('',(-0.725,0.3,0.75));
#8335 = VECTOR('',#8336,1.);
#8336 = DIRECTION('',(-0.,-0.,-1.));
#8337 = ORIENTED_EDGE('',*,*,#8189,.T.);
#8338 = ORIENTED_EDGE('',*,*,#8316,.F.);
#8339 = PLANE('',#8340);
#8340 = AXIS2_PLACEMENT_3D('',#8341,#8342,#8343);
#8341 = CARTESIAN_POINT('',(-0.725,0.3,0.75));
#8342 = DIRECTION('',(0.,-1.,0.));
#8343 = DIRECTION('',(1.,0.,0.));
#8344 = ADVANCED_FACE('',(#8345),#8356,.F.);
#8345 = FACE_BOUND('',#8346,.F.);
#8346 = EDGE_LOOP('',(#8347,#8348,#8349,#8355));
#8347 = ORIENTED_EDGE('',*,*,#8332,.F.);
#8348 = ORIENTED_EDGE('',*,*,#7756,.T.);
#8349 = ORIENTED_EDGE('',*,*,#8350,.F.);
#8350 = EDGE_CURVE('',#8151,#7749,#8351,.T.);
#8351 = LINE('',#8352,#8353);
#8352 = CARTESIAN_POINT('',(-0.725,0.4,0.375));
#8353 = VECTOR('',#8354,1.);
#8354 = DIRECTION('',(0.,0.,1.));
#8355 = ORIENTED_EDGE('',*,*,#8197,.T.);
#8356 = PLANE('',#8357);
#8357 = AXIS2_PLACEMENT_3D('',#8358,#8359,#8360);
#8358 = CARTESIAN_POINT('',(-0.725,0.5,0.75));
#8359 = DIRECTION('',(-1.,0.,0.));
#8360 = DIRECTION('',(0.,-1.,0.));
#8361 = ADVANCED_FACE('',(#8362),#8387,.F.);
#8362 = FACE_BOUND('',#8363,.F.);
#8363 = EDGE_LOOP('',(#8364,#8365,#8373,#8381));
#8364 = ORIENTED_EDGE('',*,*,#7740,.T.);
#8365 = ORIENTED_EDGE('',*,*,#8366,.T.);
#8366 = EDGE_CURVE('',#7733,#8367,#8369,.T.);
#8367 = VERTEX_POINT('',#8368);
#8368 = CARTESIAN_POINT('',(0.725,0.3,0.));
#8369 = LINE('',#8370,#8371);
#8370 = CARTESIAN_POINT('',(0.725,0.3,0.75));
#8371 = VECTOR('',#8372,1.);
#8372 = DIRECTION('',(-0.,-0.,-1.));
#8373 = ORIENTED_EDGE('',*,*,#8374,.T.);
#8374 = EDGE_CURVE('',#8367,#8375,#8377,.T.);
#8375 = VERTEX_POINT('',#8376);
#8376 = CARTESIAN_POINT('',(0.725,0.4,0.));
#8377 = LINE('',#8378,#8379);
#8378 = CARTESIAN_POINT('',(0.725,-5.E-02,0.));
#8379 = VECTOR('',#8380,1.);
#8380 = DIRECTION('',(0.,1.,0.));
#8381 = ORIENTED_EDGE('',*,*,#8382,.F.);
#8382 = EDGE_CURVE('',#7741,#8375,#8383,.T.);
#8383 = LINE('',#8384,#8385);
#8384 = CARTESIAN_POINT('',(0.725,0.4,0.375));
#8385 = VECTOR('',#8386,1.);
#8386 = DIRECTION('',(0.,0.,-1.));
#8387 = PLANE('',#8388);
#8388 = AXIS2_PLACEMENT_3D('',#8389,#8390,#8391);
#8389 = CARTESIAN_POINT('',(0.725,0.3,0.75));
#8390 = DIRECTION('',(1.,0.,0.));
#8391 = DIRECTION('',(-0.,1.,0.));
#8392 = ADVANCED_FACE('',(#8393),#8412,.F.);
#8393 = FACE_BOUND('',#8394,.F.);
#8394 = EDGE_LOOP('',(#8395,#8396,#8397,#8406));
#8395 = ORIENTED_EDGE('',*,*,#8366,.F.);
#8396 = ORIENTED_EDGE('',*,*,#7732,.T.);
#8397 = ORIENTED_EDGE('',*,*,#8398,.F.);
#8398 = EDGE_CURVE('',#8399,#7725,#8401,.T.);
#8399 = VERTEX_POINT('',#8400);
#8400 = CARTESIAN_POINT('',(0.53,0.3,-3.469446951954E-18));
#8401 = CIRCLE('',#8402,3.E-02);
#8402 = AXIS2_PLACEMENT_3D('',#8403,#8404,#8405);
#8403 = CARTESIAN_POINT('',(0.53,0.3,3.E-02));
#8404 = DIRECTION('',(0.,1.,-0.));
#8405 = DIRECTION('',(-1.,0.,0.));
#8406 = ORIENTED_EDGE('',*,*,#8407,.T.);
#8407 = EDGE_CURVE('',#8399,#8367,#8408,.T.);
#8408 = LINE('',#8409,#8410);
#8409 = CARTESIAN_POINT('',(-0.1125,0.3,0.));
#8410 = VECTOR('',#8411,1.);
#8411 = DIRECTION('',(1.,0.,0.));
#8412 = PLANE('',#8413);
#8413 = AXIS2_PLACEMENT_3D('',#8414,#8415,#8416);
#8414 = CARTESIAN_POINT('',(-0.725,0.3,0.75));
#8415 = DIRECTION('',(0.,-1.,0.));
#8416 = DIRECTION('',(1.,0.,0.));
#8417 = ADVANCED_FACE('',(#8418),#8437,.T.);
#8418 = FACE_BOUND('',#8419,.T.);
#8419 = EDGE_LOOP('',(#8420,#8421,#8429,#8436));
#8420 = ORIENTED_EDGE('',*,*,#8398,.F.);
#8421 = ORIENTED_EDGE('',*,*,#8422,.F.);
#8422 = EDGE_CURVE('',#8423,#8399,#8425,.T.);
#8423 = VERTEX_POINT('',#8424);
#8424 = CARTESIAN_POINT('',(0.53,-0.3,-3.469446951954E-18));
#8425 = LINE('',#8426,#8427);
#8426 = CARTESIAN_POINT('',(0.53,-0.4,-3.469446951954E-18));
#8427 = VECTOR('',#8428,1.);
#8428 = DIRECTION('',(0.,1.,0.));
#8429 = ORIENTED_EDGE('',*,*,#8430,.T.);
#8430 = EDGE_CURVE('',#8423,#7717,#8431,.T.);
#8431 = CIRCLE('',#8432,3.E-02);
#8432 = AXIS2_PLACEMENT_3D('',#8433,#8434,#8435);
#8433 = CARTESIAN_POINT('',(0.53,-0.3,3.E-02));
#8434 = DIRECTION('',(0.,1.,-0.));
#8435 = DIRECTION('',(-1.,0.,0.));
#8436 = ORIENTED_EDGE('',*,*,#7724,.T.);
#8437 = CYLINDRICAL_SURFACE('',#8438,3.E-02);
#8438 = AXIS2_PLACEMENT_3D('',#8439,#8440,#8441);
#8439 = CARTESIAN_POINT('',(0.53,-0.4,3.E-02));
#8440 = DIRECTION('',(0.,1.,0.));
#8441 = DIRECTION('',(-1.,0.,0.));
#8442 = ADVANCED_FACE('',(#8443),#8461,.F.);
#8443 = FACE_BOUND('',#8444,.F.);
#8444 = EDGE_LOOP('',(#8445,#8446,#8454,#8460));
#8445 = ORIENTED_EDGE('',*,*,#7716,.T.);
#8446 = ORIENTED_EDGE('',*,*,#8447,.T.);
#8447 = EDGE_CURVE('',#7709,#8448,#8450,.T.);
#8448 = VERTEX_POINT('',#8449);
#8449 = CARTESIAN_POINT('',(0.725,-0.3,0.));
#8450 = LINE('',#8451,#8452);
#8451 = CARTESIAN_POINT('',(0.725,-0.3,0.75));
#8452 = VECTOR('',#8453,1.);
#8453 = DIRECTION('',(-0.,-0.,-1.));
#8454 = ORIENTED_EDGE('',*,*,#8455,.T.);
#8455 = EDGE_CURVE('',#8448,#8423,#8456,.T.);
#8456 = LINE('',#8457,#8458);
#8457 = CARTESIAN_POINT('',(0.6125,-0.3,0.));
#8458 = VECTOR('',#8459,1.);
#8459 = DIRECTION('',(-1.,0.,0.));
#8460 = ORIENTED_EDGE('',*,*,#8430,.T.);
#8461 = PLANE('',#8462);
#8462 = AXIS2_PLACEMENT_3D('',#8463,#8464,#8465);
#8463 = CARTESIAN_POINT('',(0.725,-0.3,0.75));
#8464 = DIRECTION('',(0.,1.,0.));
#8465 = DIRECTION('',(-1.,0.,0.));
#8466 = ADVANCED_FACE('',(#8467),#8478,.F.);
#8467 = FACE_BOUND('',#8468,.F.);
#8468 = EDGE_LOOP('',(#8469,#8470,#8471,#8472));
#8469 = ORIENTED_EDGE('',*,*,#8447,.F.);
#8470 = ORIENTED_EDGE('',*,*,#7708,.T.);
#8471 = ORIENTED_EDGE('',*,*,#7830,.T.);
#8472 = ORIENTED_EDGE('',*,*,#8473,.T.);
#8473 = EDGE_CURVE('',#7821,#8448,#8474,.T.);
#8474 = LINE('',#8475,#8476);
#8475 = CARTESIAN_POINT('',(0.725,-0.45,0.));
#8476 = VECTOR('',#8477,1.);
#8477 = DIRECTION('',(0.,1.,0.));
#8478 = PLANE('',#8479);
#8479 = AXIS2_PLACEMENT_3D('',#8480,#8481,#8482);
#8480 = CARTESIAN_POINT('',(0.725,-0.5,0.75));
#8481 = DIRECTION('',(1.,0.,0.));
#8482 = DIRECTION('',(-0.,1.,0.));
#8483 = ADVANCED_FACE('',(#8484),#8509,.T.);
#8484 = FACE_BOUND('',#8485,.T.);
#8485 = EDGE_LOOP('',(#8486,#8494,#8495,#8503));
#8486 = ORIENTED_EDGE('',*,*,#8487,.T.);
#8487 = EDGE_CURVE('',#8488,#7789,#8490,.T.);
#8488 = VERTEX_POINT('',#8489);
#8489 = CARTESIAN_POINT('',(0.277128129211,0.32,1.5E-02));
#8490 = LINE('',#8491,#8492);
#8491 = CARTESIAN_POINT('',(0.277128129211,0.32,1.5E-02));
#8492 = VECTOR('',#8493,1.);
#8493 = DIRECTION('',(0.,0.,1.));
#8494 = ORIENTED_EDGE('',*,*,#7788,.T.);
#8495 = ORIENTED_EDGE('',*,*,#8496,.F.);
#8496 = EDGE_CURVE('',#8497,#7791,#8499,.T.);
#8497 = VERTEX_POINT('',#8498);
#8498 = CARTESIAN_POINT('',(0.277128129211,-0.32,1.5E-02));
#8499 = LINE('',#8500,#8501);
#8500 = CARTESIAN_POINT('',(0.277128129211,-0.32,1.5E-02));
#8501 = VECTOR('',#8502,1.);
#8502 = DIRECTION('',(0.,0.,1.));
#8503 = ORIENTED_EDGE('',*,*,#8504,.F.);
#8504 = EDGE_CURVE('',#8488,#8497,#8505,.T.);
#8505 = LINE('',#8506,#8507);
#8506 = CARTESIAN_POINT('',(0.277128129211,0.32,1.5E-02));
#8507 = VECTOR('',#8508,1.);
#8508 = DIRECTION('',(0.,-1.,0.));
#8509 = PLANE('',#8510);
#8510 = AXIS2_PLACEMENT_3D('',#8511,#8512,#8513);
#8511 = CARTESIAN_POINT('',(0.277128129211,0.32,1.5E-02));
#8512 = DIRECTION('',(1.,0.,0.));
#8513 = DIRECTION('',(0.,-1.,0.));
#8514 = ADVANCED_FACE('',(#8515),#8533,.T.);
#8515 = FACE_BOUND('',#8516,.T.);
#8516 = EDGE_LOOP('',(#8517,#8525,#8526,#8527));
#8517 = ORIENTED_EDGE('',*,*,#8518,.T.);
#8518 = EDGE_CURVE('',#8519,#7799,#8521,.T.);
#8519 = VERTEX_POINT('',#8520);
#8520 = CARTESIAN_POINT('',(-0.277128129211,0.,1.5E-02));
#8521 = LINE('',#8522,#8523);
#8522 = CARTESIAN_POINT('',(-0.277128129211,0.,1.5E-02));
#8523 = VECTOR('',#8524,1.);
#8524 = DIRECTION('',(0.,0.,1.));
#8525 = ORIENTED_EDGE('',*,*,#7806,.T.);
#8526 = ORIENTED_EDGE('',*,*,#8487,.F.);
#8527 = ORIENTED_EDGE('',*,*,#8528,.F.);
#8528 = EDGE_CURVE('',#8519,#8488,#8529,.T.);
#8529 = LINE('',#8530,#8531);
#8530 = CARTESIAN_POINT('',(-0.277128129211,0.,1.5E-02));
#8531 = VECTOR('',#8532,1.);
#8532 = DIRECTION('',(0.866025403784,0.5,0.));
#8533 = PLANE('',#8534);
#8534 = AXIS2_PLACEMENT_3D('',#8535,#8536,#8537);
#8535 = CARTESIAN_POINT('',(-0.277128129211,0.,1.5E-02));
#8536 = DIRECTION('',(-0.5,0.866025403784,0.));
#8537 = DIRECTION('',(0.866025403784,0.5,0.));
#8538 = ADVANCED_FACE('',(#8539),#8550,.T.);
#8539 = FACE_BOUND('',#8540,.T.);
#8540 = EDGE_LOOP('',(#8541,#8542,#8543,#8544));
#8541 = ORIENTED_EDGE('',*,*,#8496,.T.);
#8542 = ORIENTED_EDGE('',*,*,#7798,.T.);
#8543 = ORIENTED_EDGE('',*,*,#8518,.F.);
#8544 = ORIENTED_EDGE('',*,*,#8545,.F.);
#8545 = EDGE_CURVE('',#8497,#8519,#8546,.T.);
#8546 = LINE('',#8547,#8548);
#8547 = CARTESIAN_POINT('',(0.277128129211,-0.32,1.5E-02));
#8548 = VECTOR('',#8549,1.);
#8549 = DIRECTION('',(-0.866025403784,0.5,0.));
#8550 = PLANE('',#8551);
#8551 = AXIS2_PLACEMENT_3D('',#8552,#8553,#8554);
#8552 = CARTESIAN_POINT('',(0.277128129211,-0.32,1.5E-02));
#8553 = DIRECTION('',(-0.5,-0.866025403784,0.));
#8554 = DIRECTION('',(-0.866025403784,0.5,0.));
#8555 = ADVANCED_FACE('',(#8556),#8578,.F.);
#8556 = FACE_BOUND('',#8557,.F.);
#8557 = EDGE_LOOP('',(#8558,#8566,#8567,#8568,#8569,#8570,#8571,#8572));
#8558 = ORIENTED_EDGE('',*,*,#8559,.F.);
#8559 = EDGE_CURVE('',#8375,#8560,#8562,.T.);
#8560 = VERTEX_POINT('',#8561);
#8561 = CARTESIAN_POINT('',(0.77,0.4,-3.469446951954E-18));
#8562 = LINE('',#8563,#8564);
#8563 = CARTESIAN_POINT('',(0.5,0.4,0.));
#8564 = VECTOR('',#8565,1.);
#8565 = DIRECTION('',(1.,0.,0.));
#8566 = ORIENTED_EDGE('',*,*,#8374,.F.);
#8567 = ORIENTED_EDGE('',*,*,#8407,.F.);
#8568 = ORIENTED_EDGE('',*,*,#8422,.F.);
#8569 = ORIENTED_EDGE('',*,*,#8455,.F.);
#8570 = ORIENTED_EDGE('',*,*,#8473,.F.);
#8571 = ORIENTED_EDGE('',*,*,#7820,.T.);
#8572 = ORIENTED_EDGE('',*,*,#8573,.T.);
#8573 = EDGE_CURVE('',#7823,#8560,#8574,.T.);
#8574 = LINE('',#8575,#8576);
#8575 = CARTESIAN_POINT('',(0.77,-0.4,-3.469446951954E-18));
#8576 = VECTOR('',#8577,1.);
#8577 = DIRECTION('',(0.,1.,0.));
#8578 = PLANE('',#8579);
#8579 = AXIS2_PLACEMENT_3D('',#8580,#8581,#8582);
#8580 = CARTESIAN_POINT('',(0.5,-0.4,0.));
#8581 = DIRECTION('',(0.,0.,1.));
#8582 = DIRECTION('',(1.,0.,-0.));
#8583 = ADVANCED_FACE('',(#8584),#8603,.T.);
#8584 = FACE_BOUND('',#8585,.T.);
#8585 = EDGE_LOOP('',(#8586,#8587,#8588,#8597));
#8586 = ORIENTED_EDGE('',*,*,#7872,.T.);
#8587 = ORIENTED_EDGE('',*,*,#8573,.T.);
#8588 = ORIENTED_EDGE('',*,*,#8589,.F.);
#8589 = EDGE_CURVE('',#8590,#8560,#8592,.T.);
#8590 = VERTEX_POINT('',#8591);
#8591 = CARTESIAN_POINT('',(0.8,0.4,3.E-02));
#8592 = CIRCLE('',#8593,3.E-02);
#8593 = AXIS2_PLACEMENT_3D('',#8594,#8595,#8596);
#8594 = CARTESIAN_POINT('',(0.77,0.4,3.E-02));
#8595 = DIRECTION('',(0.,1.,0.));
#8596 = DIRECTION('',(0.,-0.,1.));
#8597 = ORIENTED_EDGE('',*,*,#8598,.F.);
#8598 = EDGE_CURVE('',#7865,#8590,#8599,.T.);
#8599 = LINE('',#8600,#8601);
#8600 = CARTESIAN_POINT('',(0.8,-0.4,3.E-02));
#8601 = VECTOR('',#8602,1.);
#8602 = DIRECTION('',(0.,1.,0.));
#8603 = CYLINDRICAL_SURFACE('',#8604,3.E-02);
#8604 = AXIS2_PLACEMENT_3D('',#8605,#8606,#8607);
#8605 = CARTESIAN_POINT('',(0.77,-0.4,3.E-02));
#8606 = DIRECTION('',(0.,1.,0.));
#8607 = DIRECTION('',(1.,0.,0.));
#8608 = ADVANCED_FACE('',(#8609),#8627,.T.);
#8609 = FACE_BOUND('',#8610,.T.);
#8610 = EDGE_LOOP('',(#8611,#8612,#8613,#8621));
#8611 = ORIENTED_EDGE('',*,*,#7864,.F.);
#8612 = ORIENTED_EDGE('',*,*,#8598,.T.);
#8613 = ORIENTED_EDGE('',*,*,#8614,.T.);
#8614 = EDGE_CURVE('',#8590,#8615,#8617,.T.);
#8615 = VERTEX_POINT('',#8616);
#8616 = CARTESIAN_POINT('',(0.8,0.4,0.47));
#8617 = LINE('',#8618,#8619);
#8618 = CARTESIAN_POINT('',(0.8,0.4,0.));
#8619 = VECTOR('',#8620,1.);
#8620 = DIRECTION('',(0.,0.,1.));
#8621 = ORIENTED_EDGE('',*,*,#8622,.F.);
#8622 = EDGE_CURVE('',#7856,#8615,#8623,.T.);
#8623 = LINE('',#8624,#8625);
#8624 = CARTESIAN_POINT('',(0.8,-0.4,0.47));
#8625 = VECTOR('',#8626,1.);
#8626 = DIRECTION('',(0.,1.,0.));
#8627 = PLANE('',#8628);
#8628 = AXIS2_PLACEMENT_3D('',#8629,#8630,#8631);
#8629 = CARTESIAN_POINT('',(0.8,-0.4,0.));
#8630 = DIRECTION('',(1.,0.,0.));
#8631 = DIRECTION('',(0.,0.,1.));
#8632 = ADVANCED_FACE('',(#8633),#8652,.T.);
#8633 = FACE_BOUND('',#8634,.T.);
#8634 = EDGE_LOOP('',(#8635,#8636,#8645,#8651));
#8635 = ORIENTED_EDGE('',*,*,#8622,.T.);
#8636 = ORIENTED_EDGE('',*,*,#8637,.T.);
#8637 = EDGE_CURVE('',#8615,#8638,#8640,.T.);
#8638 = VERTEX_POINT('',#8639);
#8639 = CARTESIAN_POINT('',(0.77,0.4,0.5));
#8640 = CIRCLE('',#8641,3.E-02);
#8641 = AXIS2_PLACEMENT_3D('',#8642,#8643,#8644);
#8642 = CARTESIAN_POINT('',(0.77,0.4,0.47));
#8643 = DIRECTION('',(0.,-1.,0.));
#8644 = DIRECTION('',(0.,0.,1.));
#8645 = ORIENTED_EDGE('',*,*,#8646,.F.);
#8646 = EDGE_CURVE('',#7848,#8638,#8647,.T.);
#8647 = LINE('',#8648,#8649);
#8648 = CARTESIAN_POINT('',(0.77,-0.4,0.5));
#8649 = VECTOR('',#8650,1.);
#8650 = DIRECTION('',(0.,1.,0.));
#8651 = ORIENTED_EDGE('',*,*,#7855,.F.);
#8652 = CYLINDRICAL_SURFACE('',#8653,3.E-02);
#8653 = AXIS2_PLACEMENT_3D('',#8654,#8655,#8656);
#8654 = CARTESIAN_POINT('',(0.77,-0.4,0.47));
#8655 = DIRECTION('',(0.,1.,0.));
#8656 = DIRECTION('',(1.,0.,0.));
#8657 = ADVANCED_FACE('',(#8658),#8699,.T.);
#8658 = FACE_BOUND('',#8659,.T.);
#8659 = EDGE_LOOP('',(#8660,#8668,#8676,#8682,#8683,#8691,#8697,#8698));
#8660 = ORIENTED_EDGE('',*,*,#8661,.F.);
#8661 = EDGE_CURVE('',#8662,#8638,#8664,.T.);
#8662 = VERTEX_POINT('',#8663);
#8663 = CARTESIAN_POINT('',(0.725,0.4,0.5));
#8664 = LINE('',#8665,#8666);
#8665 = CARTESIAN_POINT('',(0.5,0.4,0.5));
#8666 = VECTOR('',#8667,1.);
#8667 = DIRECTION('',(1.,0.,0.));
#8668 = ORIENTED_EDGE('',*,*,#8669,.F.);
#8669 = EDGE_CURVE('',#8670,#8662,#8672,.T.);
#8670 = VERTEX_POINT('',#8671);
#8671 = CARTESIAN_POINT('',(0.725,0.3,0.5));
#8672 = LINE('',#8673,#8674);
#8673 = CARTESIAN_POINT('',(0.725,-5.E-02,0.5));
#8674 = VECTOR('',#8675,1.);
#8675 = DIRECTION('',(0.,1.,0.));
#8676 = ORIENTED_EDGE('',*,*,#8677,.F.);
#8677 = EDGE_CURVE('',#7953,#8670,#8678,.T.);
#8678 = LINE('',#8679,#8680);
#8679 = CARTESIAN_POINT('',(-0.1125,0.3,0.5));
#8680 = VECTOR('',#8681,1.);
#8681 = DIRECTION('',(1.,0.,0.));
#8682 = ORIENTED_EDGE('',*,*,#7952,.F.);
#8683 = ORIENTED_EDGE('',*,*,#8684,.F.);
#8684 = EDGE_CURVE('',#8685,#7944,#8687,.T.);
#8685 = VERTEX_POINT('',#8686);
#8686 = CARTESIAN_POINT('',(0.725,-0.3,0.5));
#8687 = LINE('',#8688,#8689);
#8688 = CARTESIAN_POINT('',(0.6125,-0.3,0.5));
#8689 = VECTOR('',#8690,1.);
#8690 = DIRECTION('',(-1.,0.,0.));
#8691 = ORIENTED_EDGE('',*,*,#8692,.F.);
#8692 = EDGE_CURVE('',#7840,#8685,#8693,.T.);
#8693 = LINE('',#8694,#8695);
#8694 = CARTESIAN_POINT('',(0.725,-0.45,0.5));
#8695 = VECTOR('',#8696,1.);
#8696 = DIRECTION('',(0.,1.,0.));
#8697 = ORIENTED_EDGE('',*,*,#7847,.T.);
#8698 = ORIENTED_EDGE('',*,*,#8646,.T.);
#8699 = PLANE('',#8700);
#8700 = AXIS2_PLACEMENT_3D('',#8701,#8702,#8703);
#8701 = CARTESIAN_POINT('',(0.5,-0.4,0.5));
#8702 = DIRECTION('',(0.,0.,1.));
#8703 = DIRECTION('',(1.,0.,-0.));
#8704 = ADVANCED_FACE('',(#8705),#8716,.F.);
#8705 = FACE_BOUND('',#8706,.F.);
#8706 = EDGE_LOOP('',(#8707,#8713,#8714,#8715));
#8707 = ORIENTED_EDGE('',*,*,#8708,.F.);
#8708 = EDGE_CURVE('',#8685,#7888,#8709,.T.);
#8709 = LINE('',#8710,#8711);
#8710 = CARTESIAN_POINT('',(0.725,-0.3,0.75));
#8711 = VECTOR('',#8712,1.);
#8712 = DIRECTION('',(-0.,-0.,-1.));
#8713 = ORIENTED_EDGE('',*,*,#8692,.F.);
#8714 = ORIENTED_EDGE('',*,*,#7839,.T.);
#8715 = ORIENTED_EDGE('',*,*,#7897,.F.);
#8716 = PLANE('',#8717);
#8717 = AXIS2_PLACEMENT_3D('',#8718,#8719,#8720);
#8718 = CARTESIAN_POINT('',(0.725,-0.5,0.75));
#8719 = DIRECTION('',(1.,0.,0.));
#8720 = DIRECTION('',(-0.,1.,0.));
#8721 = ADVANCED_FACE('',(#8722),#8728,.F.);
#8722 = FACE_BOUND('',#8723,.F.);
#8723 = EDGE_LOOP('',(#8724,#8725,#8726,#8727));
#8724 = ORIENTED_EDGE('',*,*,#8684,.F.);
#8725 = ORIENTED_EDGE('',*,*,#8708,.T.);
#8726 = ORIENTED_EDGE('',*,*,#7887,.F.);
#8727 = ORIENTED_EDGE('',*,*,#7943,.T.);
#8728 = PLANE('',#8729);
#8729 = AXIS2_PLACEMENT_3D('',#8730,#8731,#8732);
#8730 = CARTESIAN_POINT('',(0.725,-0.3,0.75));
#8731 = DIRECTION('',(0.,1.,0.));
#8732 = DIRECTION('',(-1.,0.,0.));
#8733 = ADVANCED_FACE('',(#8734),#8750,.F.);
#8734 = FACE_BOUND('',#8735,.F.);
#8735 = EDGE_LOOP('',(#8736,#8737,#8743,#8744));
#8736 = ORIENTED_EDGE('',*,*,#8669,.F.);
#8737 = ORIENTED_EDGE('',*,*,#8738,.T.);
#8738 = EDGE_CURVE('',#8670,#7921,#8739,.T.);
#8739 = LINE('',#8740,#8741);
#8740 = CARTESIAN_POINT('',(0.725,0.3,0.75));
#8741 = VECTOR('',#8742,1.);
#8742 = DIRECTION('',(-0.,-0.,-1.));
#8743 = ORIENTED_EDGE('',*,*,#7928,.F.);
#8744 = ORIENTED_EDGE('',*,*,#8745,.F.);
#8745 = EDGE_CURVE('',#8662,#7912,#8746,.T.);
#8746 = LINE('',#8747,#8748);
#8747 = CARTESIAN_POINT('',(0.725,0.4,0.375));
#8748 = VECTOR('',#8749,1.);
#8749 = DIRECTION('',(0.,0.,-1.));
#8750 = PLANE('',#8751);
#8751 = AXIS2_PLACEMENT_3D('',#8752,#8753,#8754);
#8752 = CARTESIAN_POINT('',(0.725,0.3,0.75));
#8753 = DIRECTION('',(1.,0.,0.));
#8754 = DIRECTION('',(-0.,1.,0.));
#8755 = ADVANCED_FACE('',(#8756),#8762,.F.);
#8756 = FACE_BOUND('',#8757,.F.);
#8757 = EDGE_LOOP('',(#8758,#8759,#8760,#8761));
#8758 = ORIENTED_EDGE('',*,*,#8738,.F.);
#8759 = ORIENTED_EDGE('',*,*,#8677,.F.);
#8760 = ORIENTED_EDGE('',*,*,#7960,.F.);
#8761 = ORIENTED_EDGE('',*,*,#7920,.F.);
#8762 = PLANE('',#8763);
#8763 = AXIS2_PLACEMENT_3D('',#8764,#8765,#8766);
#8764 = CARTESIAN_POINT('',(-0.725,0.3,0.75));
#8765 = DIRECTION('',(0.,-1.,0.));
#8766 = DIRECTION('',(1.,0.,0.));
#8767 = ADVANCED_FACE('',(#8768),#8780,.T.);
#8768 = FACE_BOUND('',#8769,.T.);
#8769 = EDGE_LOOP('',(#8770,#8771,#8772,#8773,#8774,#8775,#8776,#8777,
    #8778,#8779));
#8770 = ORIENTED_EDGE('',*,*,#8148,.F.);
#8771 = ORIENTED_EDGE('',*,*,#8219,.F.);
#8772 = ORIENTED_EDGE('',*,*,#8255,.T.);
#8773 = ORIENTED_EDGE('',*,*,#8279,.T.);
#8774 = ORIENTED_EDGE('',*,*,#8103,.T.);
#8775 = ORIENTED_EDGE('',*,*,#8064,.F.);
#8776 = ORIENTED_EDGE('',*,*,#7991,.F.);
#8777 = ORIENTED_EDGE('',*,*,#7983,.F.);
#8778 = ORIENTED_EDGE('',*,*,#7975,.T.);
#8779 = ORIENTED_EDGE('',*,*,#8350,.F.);
#8780 = PLANE('',#8781);
#8781 = AXIS2_PLACEMENT_3D('',#8782,#8783,#8784);
#8782 = CARTESIAN_POINT('',(-0.8,0.4,0.));
#8783 = DIRECTION('',(0.,1.,0.));
#8784 = DIRECTION('',(0.,-0.,1.));
#8785 = ADVANCED_FACE('',(#8786),#8798,.T.);
#8786 = FACE_BOUND('',#8787,.T.);
#8787 = EDGE_LOOP('',(#8788,#8789,#8790,#8791,#8792,#8793,#8794,#8795,
    #8796,#8797));
#8788 = ORIENTED_EDGE('',*,*,#8559,.F.);
#8789 = ORIENTED_EDGE('',*,*,#8382,.F.);
#8790 = ORIENTED_EDGE('',*,*,#8016,.T.);
#8791 = ORIENTED_EDGE('',*,*,#8008,.T.);
#8792 = ORIENTED_EDGE('',*,*,#8000,.F.);
#8793 = ORIENTED_EDGE('',*,*,#8745,.F.);
#8794 = ORIENTED_EDGE('',*,*,#8661,.T.);
#8795 = ORIENTED_EDGE('',*,*,#8637,.F.);
#8796 = ORIENTED_EDGE('',*,*,#8614,.F.);
#8797 = ORIENTED_EDGE('',*,*,#8589,.T.);
#8798 = PLANE('',#8799);
#8799 = AXIS2_PLACEMENT_3D('',#8800,#8801,#8802);
#8800 = CARTESIAN_POINT('',(0.5,0.4,0.));
#8801 = DIRECTION('',(0.,1.,0.));
#8802 = DIRECTION('',(0.,-0.,1.));
#8803 = ADVANCED_FACE('',(#8804),#8809,.T.);
#8804 = FACE_BOUND('',#8805,.T.);
#8805 = EDGE_LOOP('',(#8806,#8807,#8808));
#8806 = ORIENTED_EDGE('',*,*,#8528,.T.);
#8807 = ORIENTED_EDGE('',*,*,#8504,.T.);
#8808 = ORIENTED_EDGE('',*,*,#8545,.T.);
#8809 = PLANE('',#8810);
#8810 = AXIS2_PLACEMENT_3D('',#8811,#8812,#8813);
#8811 = CARTESIAN_POINT('',(9.237604307034E-02,0.,1.5E-02));
#8812 = DIRECTION('',(-0.,-0.,-1.));
#8813 = DIRECTION('',(-1.,0.,0.));
#8814 = ( GEOMETRIC_REPRESENTATION_CONTEXT(3) 
GLOBAL_UNCERTAINTY_ASSIGNED_CONTEXT((#8818)) 
GLOBAL_UNIT_ASSIGNED_CONTEXT((#8815,#8816,#8817)) REPRESENTATION_CONTEXT
('Context #1','3D Context with UNIT and UNCERTAINTY') );
#8815 = ( LENGTH_UNIT() NAMED_UNIT(*) SI_UNIT(.MILLI.,.METRE.) );
#8816 = ( NAMED_UNIT(*) PLANE_ANGLE_UNIT() SI_UNIT($,.RADIAN.) );
#8817 = ( NAMED_UNIT(*) SI_UNIT($,.STERADIAN.) SOLID_ANGLE_UNIT() );
#8818 = UNCERTAINTY_MEASURE_WITH_UNIT(LENGTH_MEASURE(1.E-07),#8815,
  'distance_accuracy_value','confusion accuracy');
#8819 = CONTEXT_DEPENDENT_SHAPE_REPRESENTATION(#8820,#8822);
#8820 = ( REPRESENTATION_RELATIONSHIP('','',#7290,#7267) 
REPRESENTATION_RELATIONSHIP_WITH_TRANSFORMATION(#8821) 
SHAPE_REPRESENTATION_RELATIONSHIP() );
#8821 = ITEM_DEFINED_TRANSFORMATION('','',#11,#7268);
#8822 = PRODUCT_DEFINITION_SHAPE('Placement','Placement of an item',
  #8823);
#8823 = NEXT_ASSEMBLY_USAGE_OCCURRENCE('5','=>[0:1:1:7]','',#7262,#7285,
  $);
#8824 = PRODUCT_RELATED_PRODUCT_CATEGORY('part',$,(#7287));
#8825 = CONTEXT_DEPENDENT_SHAPE_REPRESENTATION(#8826,#8828);
#8826 = ( REPRESENTATION_RELATIONSHIP('','',#7267,#10) 
REPRESENTATION_RELATIONSHIP_WITH_TRANSFORMATION(#8827) 
SHAPE_REPRESENTATION_RELATIONSHIP() );
#8827 = ITEM_DEFINED_TRANSFORMATION('','',#11,#27);
#8828 = PRODUCT_DEFINITION_SHAPE('Placement','Placement of an item',
  #8829);
#8829 = NEXT_ASSEMBLY_USAGE_OCCURRENCE('7','D5','',#5,#7262,$);
#8830 = CONTEXT_DEPENDENT_SHAPE_REPRESENTATION(#8831,#8833);
#8831 = ( REPRESENTATION_RELATIONSHIP('','',#7267,#10) 
REPRESENTATION_RELATIONSHIP_WITH_TRANSFORMATION(#8832) 
SHAPE_REPRESENTATION_RELATIONSHIP() );
#8832 = ITEM_DEFINED_TRANSFORMATION('','',#11,#31);
#8833 = PRODUCT_DEFINITION_SHAPE('Placement','Placement of an item',
  #8834);
#8834 = NEXT_ASSEMBLY_USAGE_OCCURRENCE('8','D8','',#5,#7262,$);
#8835 = SHAPE_DEFINITION_REPRESENTATION(#8836,#8842);
#8836 = PRODUCT_DEFINITION_SHAPE('','',#8837);
#8837 = PRODUCT_DEFINITION('design','',#8838,#8841);
#8838 = PRODUCT_DEFINITION_FORMATION('','',#8839);
#8839 = PRODUCT('NJL7502R','NJL7502R','',(#8840));
#8840 = PRODUCT_CONTEXT('',#2,'mechanical');
#8841 = PRODUCT_DEFINITION_CONTEXT('part definition',#2,'design');
#8842 = SHAPE_REPRESENTATION('',(#11,#8843),#8847);
#8843 = AXIS2_PLACEMENT_3D('',#8844,#8845,#8846);
#8844 = CARTESIAN_POINT('',(0.,0.,0.));
#8845 = DIRECTION('',(0.,0.,1.));
#8846 = DIRECTION('',(1.,0.,-0.));
#8847 = ( GEOMETRIC_REPRESENTATION_CONTEXT(3) 
GLOBAL_UNCERTAINTY_ASSIGNED_CONTEXT((#8851)) 
GLOBAL_UNIT_ASSIGNED_CONTEXT((#8848,#8849,#8850)) REPRESENTATION_CONTEXT
('Context #1','3D Context with UNIT and UNCERTAINTY') );
#8848 = ( LENGTH_UNIT() NAMED_UNIT(*) SI_UNIT(.MILLI.,.METRE.) );
#8849 = ( NAMED_UNIT(*) PLANE_ANGLE_UNIT() SI_UNIT($,.RADIAN.) );
#8850 = ( NAMED_UNIT(*) SI_UNIT($,.STERADIAN.) SOLID_ANGLE_UNIT() );
#8851 = UNCERTAINTY_MEASURE_WITH_UNIT(LENGTH_MEASURE(1.E-07),#8848,
  'distance_accuracy_value','confusion accuracy');
#8852 = CONTEXT_DEPENDENT_SHAPE_REPRESENTATION(#8853,#8855);
#8853 = ( REPRESENTATION_RELATIONSHIP('','',#8842,#10) 
REPRESENTATION_RELATIONSHIP_WITH_TRANSFORMATION(#8854) 
SHAPE_REPRESENTATION_RELATIONSHIP() );
#8854 = ITEM_DEFINED_TRANSFORMATION('','',#11,#35);
#8855 = PRODUCT_DEFINITION_SHAPE('Placement','Placement of an item',
  #8856);
#8856 = NEXT_ASSEMBLY_USAGE_OCCURRENCE('10','IC3','',#5,#8837,$);
#8857 = PRODUCT_RELATED_PRODUCT_CATEGORY('part',$,(#8839));
#8858 = SHAPE_DEFINITION_REPRESENTATION(#8859,#8865);
#8859 = PRODUCT_DEFINITION_SHAPE('','',#8860);
#8860 = PRODUCT_DEFINITION('design','',#8861,#8864);
#8861 = PRODUCT_DEFINITION_FORMATION('','',#8862);
#8862 = PRODUCT('ASSEMBLY','ASSEMBLY','',(#8863));
#8863 = PRODUCT_CONTEXT('',#2,'mechanical');
#8864 = PRODUCT_DEFINITION_CONTEXT('part definition',#2,'design');
#8865 = SHAPE_REPRESENTATION('',(#11,#8866,#9016,#9166),#9316);
#8866 = MANIFOLD_SOLID_BREP('',#8867);
#8867 = CLOSED_SHELL('',(#8868,#8908,#8939,#8970,#8992,#9004));
#8868 = ADVANCED_FACE('',(#8869),#8903,.T.);
#8869 = FACE_BOUND('',#8870,.T.);
#8870 = EDGE_LOOP('',(#8871,#8881,#8889,#8897));
#8871 = ORIENTED_EDGE('',*,*,#8872,.T.);
#8872 = EDGE_CURVE('',#8873,#8875,#8877,.T.);
#8873 = VERTEX_POINT('',#8874);
#8874 = CARTESIAN_POINT('',(-0.65,0.8,0.1));
#8875 = VERTEX_POINT('',#8876);
#8876 = CARTESIAN_POINT('',(-0.65,0.8,0.75));
#8877 = LINE('',#8878,#8879);
#8878 = CARTESIAN_POINT('',(-0.65,0.8,0.1));
#8879 = VECTOR('',#8880,1.);
#8880 = DIRECTION('',(0.,0.,1.));
#8881 = ORIENTED_EDGE('',*,*,#8882,.T.);
#8882 = EDGE_CURVE('',#8875,#8883,#8885,.T.);
#8883 = VERTEX_POINT('',#8884);
#8884 = CARTESIAN_POINT('',(0.65,0.8,0.75));
#8885 = LINE('',#8886,#8887);
#8886 = CARTESIAN_POINT('',(-0.65,0.8,0.75));
#8887 = VECTOR('',#8888,1.);
#8888 = DIRECTION('',(1.,0.,0.));
#8889 = ORIENTED_EDGE('',*,*,#8890,.F.);
#8890 = EDGE_CURVE('',#8891,#8883,#8893,.T.);
#8891 = VERTEX_POINT('',#8892);
#8892 = CARTESIAN_POINT('',(0.65,0.8,0.1));
#8893 = LINE('',#8894,#8895);
#8894 = CARTESIAN_POINT('',(0.65,0.8,0.1));
#8895 = VECTOR('',#8896,1.);
#8896 = DIRECTION('',(0.,0.,1.));
#8897 = ORIENTED_EDGE('',*,*,#8898,.F.);
#8898 = EDGE_CURVE('',#8873,#8891,#8899,.T.);
#8899 = LINE('',#8900,#8901);
#8900 = CARTESIAN_POINT('',(-0.65,0.8,0.1));
#8901 = VECTOR('',#8902,1.);
#8902 = DIRECTION('',(1.,0.,0.));
#8903 = PLANE('',#8904);
#8904 = AXIS2_PLACEMENT_3D('',#8905,#8906,#8907);
#8905 = CARTESIAN_POINT('',(-0.65,0.8,0.1));
#8906 = DIRECTION('',(0.,1.,0.));
#8907 = DIRECTION('',(1.,0.,0.));
#8908 = ADVANCED_FACE('',(#8909),#8934,.T.);
#8909 = FACE_BOUND('',#8910,.T.);
#8910 = EDGE_LOOP('',(#8911,#8912,#8920,#8928));
#8911 = ORIENTED_EDGE('',*,*,#8890,.T.);
#8912 = ORIENTED_EDGE('',*,*,#8913,.T.);
#8913 = EDGE_CURVE('',#8883,#8914,#8916,.T.);
#8914 = VERTEX_POINT('',#8915);
#8915 = CARTESIAN_POINT('',(0.65,-0.8,0.75));
#8916 = LINE('',#8917,#8918);
#8917 = CARTESIAN_POINT('',(0.65,0.8,0.75));
#8918 = VECTOR('',#8919,1.);
#8919 = DIRECTION('',(0.,-1.,0.));
#8920 = ORIENTED_EDGE('',*,*,#8921,.F.);
#8921 = EDGE_CURVE('',#8922,#8914,#8924,.T.);
#8922 = VERTEX_POINT('',#8923);
#8923 = CARTESIAN_POINT('',(0.65,-0.8,0.1));
#8924 = LINE('',#8925,#8926);
#8925 = CARTESIAN_POINT('',(0.65,-0.8,0.1));
#8926 = VECTOR('',#8927,1.);
#8927 = DIRECTION('',(0.,0.,1.));
#8928 = ORIENTED_EDGE('',*,*,#8929,.F.);
#8929 = EDGE_CURVE('',#8891,#8922,#8930,.T.);
#8930 = LINE('',#8931,#8932);
#8931 = CARTESIAN_POINT('',(0.65,0.8,0.1));
#8932 = VECTOR('',#8933,1.);
#8933 = DIRECTION('',(0.,-1.,0.));
#8934 = PLANE('',#8935);
#8935 = AXIS2_PLACEMENT_3D('',#8936,#8937,#8938);
#8936 = CARTESIAN_POINT('',(0.65,0.8,0.1));
#8937 = DIRECTION('',(1.,0.,0.));
#8938 = DIRECTION('',(0.,-1.,0.));
#8939 = ADVANCED_FACE('',(#8940),#8965,.T.);
#8940 = FACE_BOUND('',#8941,.T.);
#8941 = EDGE_LOOP('',(#8942,#8943,#8951,#8959));
#8942 = ORIENTED_EDGE('',*,*,#8921,.T.);
#8943 = ORIENTED_EDGE('',*,*,#8944,.T.);
#8944 = EDGE_CURVE('',#8914,#8945,#8947,.T.);
#8945 = VERTEX_POINT('',#8946);
#8946 = CARTESIAN_POINT('',(-0.65,-0.8,0.75));
#8947 = LINE('',#8948,#8949);
#8948 = CARTESIAN_POINT('',(0.65,-0.8,0.75));
#8949 = VECTOR('',#8950,1.);
#8950 = DIRECTION('',(-1.,0.,0.));
#8951 = ORIENTED_EDGE('',*,*,#8952,.F.);
#8952 = EDGE_CURVE('',#8953,#8945,#8955,.T.);
#8953 = VERTEX_POINT('',#8954);
#8954 = CARTESIAN_POINT('',(-0.65,-0.8,0.1));
#8955 = LINE('',#8956,#8957);
#8956 = CARTESIAN_POINT('',(-0.65,-0.8,0.1));
#8957 = VECTOR('',#8958,1.);
#8958 = DIRECTION('',(0.,0.,1.));
#8959 = ORIENTED_EDGE('',*,*,#8960,.F.);
#8960 = EDGE_CURVE('',#8922,#8953,#8961,.T.);
#8961 = LINE('',#8962,#8963);
#8962 = CARTESIAN_POINT('',(0.65,-0.8,0.1));
#8963 = VECTOR('',#8964,1.);
#8964 = DIRECTION('',(-1.,0.,0.));
#8965 = PLANE('',#8966);
#8966 = AXIS2_PLACEMENT_3D('',#8967,#8968,#8969);
#8967 = CARTESIAN_POINT('',(0.65,-0.8,0.1));
#8968 = DIRECTION('',(0.,-1.,0.));
#8969 = DIRECTION('',(-1.,0.,0.));
#8970 = ADVANCED_FACE('',(#8971),#8987,.T.);
#8971 = FACE_BOUND('',#8972,.T.);
#8972 = EDGE_LOOP('',(#8973,#8974,#8980,#8981));
#8973 = ORIENTED_EDGE('',*,*,#8952,.T.);
#8974 = ORIENTED_EDGE('',*,*,#8975,.T.);
#8975 = EDGE_CURVE('',#8945,#8875,#8976,.T.);
#8976 = LINE('',#8977,#8978);
#8977 = CARTESIAN_POINT('',(-0.65,-0.8,0.75));
#8978 = VECTOR('',#8979,1.);
#8979 = DIRECTION('',(0.,1.,0.));
#8980 = ORIENTED_EDGE('',*,*,#8872,.F.);
#8981 = ORIENTED_EDGE('',*,*,#8982,.F.);
#8982 = EDGE_CURVE('',#8953,#8873,#8983,.T.);
#8983 = LINE('',#8984,#8985);
#8984 = CARTESIAN_POINT('',(-0.65,-0.8,0.1));
#8985 = VECTOR('',#8986,1.);
#8986 = DIRECTION('',(0.,1.,0.));
#8987 = PLANE('',#8988);
#8988 = AXIS2_PLACEMENT_3D('',#8989,#8990,#8991);
#8989 = CARTESIAN_POINT('',(-0.65,-0.8,0.1));
#8990 = DIRECTION('',(-1.,0.,0.));
#8991 = DIRECTION('',(0.,1.,0.));
#8992 = ADVANCED_FACE('',(#8993),#8999,.T.);
#8993 = FACE_BOUND('',#8994,.T.);
#8994 = EDGE_LOOP('',(#8995,#8996,#8997,#8998));
#8995 = ORIENTED_EDGE('',*,*,#8898,.T.);
#8996 = ORIENTED_EDGE('',*,*,#8929,.T.);
#8997 = ORIENTED_EDGE('',*,*,#8960,.T.);
#8998 = ORIENTED_EDGE('',*,*,#8982,.T.);
#8999 = PLANE('',#9000);
#9000 = AXIS2_PLACEMENT_3D('',#9001,#9002,#9003);
#9001 = CARTESIAN_POINT('',(0.,0.,0.1));
#9002 = DIRECTION('',(1.005994829143E-33,0.,-1.));
#9003 = DIRECTION('',(-1.,0.,-1.005994829143E-33));
#9004 = ADVANCED_FACE('',(#9005),#9011,.F.);
#9005 = FACE_BOUND('',#9006,.F.);
#9006 = EDGE_LOOP('',(#9007,#9008,#9009,#9010));
#9007 = ORIENTED_EDGE('',*,*,#8882,.T.);
#9008 = ORIENTED_EDGE('',*,*,#8913,.T.);
#9009 = ORIENTED_EDGE('',*,*,#8944,.T.);
#9010 = ORIENTED_EDGE('',*,*,#8975,.T.);
#9011 = PLANE('',#9012);
#9012 = AXIS2_PLACEMENT_3D('',#9013,#9014,#9015);
#9013 = CARTESIAN_POINT('',(0.,0.,0.75));
#9014 = DIRECTION('',(1.005994829143E-33,0.,-1.));
#9015 = DIRECTION('',(-1.,0.,-1.005994829143E-33));
#9016 = MANIFOLD_SOLID_BREP('',#9017);
#9017 = CLOSED_SHELL('',(#9018,#9058,#9098,#9120,#9142,#9154));
#9018 = ADVANCED_FACE('',(#9019),#9053,.F.);
#9019 = FACE_BOUND('',#9020,.F.);
#9020 = EDGE_LOOP('',(#9021,#9031,#9039,#9047));
#9021 = ORIENTED_EDGE('',*,*,#9022,.F.);
#9022 = EDGE_CURVE('',#9023,#9025,#9027,.T.);
#9023 = VERTEX_POINT('',#9024);
#9024 = CARTESIAN_POINT('',(-0.515,0.223,0.));
#9025 = VERTEX_POINT('',#9026);
#9026 = CARTESIAN_POINT('',(-0.515,0.223,0.1));
#9027 = LINE('',#9028,#9029);
#9028 = CARTESIAN_POINT('',(-0.515,0.223,0.));
#9029 = VECTOR('',#9030,1.);
#9030 = DIRECTION('',(0.,0.,1.));
#9031 = ORIENTED_EDGE('',*,*,#9032,.T.);
#9032 = EDGE_CURVE('',#9023,#9033,#9035,.T.);
#9033 = VERTEX_POINT('',#9034);
#9034 = CARTESIAN_POINT('',(-0.515,0.703,0.));
#9035 = LINE('',#9036,#9037);
#9036 = CARTESIAN_POINT('',(-0.515,0.223,0.));
#9037 = VECTOR('',#9038,1.);
#9038 = DIRECTION('',(0.,1.,0.));
#9039 = ORIENTED_EDGE('',*,*,#9040,.T.);
#9040 = EDGE_CURVE('',#9033,#9041,#9043,.T.);
#9041 = VERTEX_POINT('',#9042);
#9042 = CARTESIAN_POINT('',(-0.515,0.703,0.1));
#9043 = LINE('',#9044,#9045);
#9044 = CARTESIAN_POINT('',(-0.515,0.703,0.));
#9045 = VECTOR('',#9046,1.);
#9046 = DIRECTION('',(0.,0.,1.));
#9047 = ORIENTED_EDGE('',*,*,#9048,.F.);
#9048 = EDGE_CURVE('',#9025,#9041,#9049,.T.);
#9049 = LINE('',#9050,#9051);
#9050 = CARTESIAN_POINT('',(-0.515,0.223,0.1));
#9051 = VECTOR('',#9052,1.);
#9052 = DIRECTION('',(0.,1.,0.));
#9053 = PLANE('',#9054);
#9054 = AXIS2_PLACEMENT_3D('',#9055,#9056,#9057);
#9055 = CARTESIAN_POINT('',(-0.515,0.223,0.));
#9056 = DIRECTION('',(1.,0.,0.));
#9057 = DIRECTION('',(0.,0.,1.));
#9058 = ADVANCED_FACE('',(#9059),#9093,.T.);
#9059 = FACE_BOUND('',#9060,.T.);
#9060 = EDGE_LOOP('',(#9061,#9071,#9079,#9087));
#9061 = ORIENTED_EDGE('',*,*,#9062,.F.);
#9062 = EDGE_CURVE('',#9063,#9065,#9067,.T.);
#9063 = VERTEX_POINT('',#9064);
#9064 = CARTESIAN_POINT('',(0.515,0.223,0.));
#9065 = VERTEX_POINT('',#9066);
#9066 = CARTESIAN_POINT('',(0.515,0.223,0.1));
#9067 = LINE('',#9068,#9069);
#9068 = CARTESIAN_POINT('',(0.515,0.223,0.));
#9069 = VECTOR('',#9070,1.);
#9070 = DIRECTION('',(0.,0.,1.));
#9071 = ORIENTED_EDGE('',*,*,#9072,.T.);
#9072 = EDGE_CURVE('',#9063,#9073,#9075,.T.);
#9073 = VERTEX_POINT('',#9074);
#9074 = CARTESIAN_POINT('',(0.515,0.703,0.));
#9075 = LINE('',#9076,#9077);
#9076 = CARTESIAN_POINT('',(0.515,0.223,0.));
#9077 = VECTOR('',#9078,1.);
#9078 = DIRECTION('',(0.,1.,0.));
#9079 = ORIENTED_EDGE('',*,*,#9080,.T.);
#9080 = EDGE_CURVE('',#9073,#9081,#9083,.T.);
#9081 = VERTEX_POINT('',#9082);
#9082 = CARTESIAN_POINT('',(0.515,0.703,0.1));
#9083 = LINE('',#9084,#9085);
#9084 = CARTESIAN_POINT('',(0.515,0.703,0.));
#9085 = VECTOR('',#9086,1.);
#9086 = DIRECTION('',(0.,0.,1.));
#9087 = ORIENTED_EDGE('',*,*,#9088,.F.);
#9088 = EDGE_CURVE('',#9065,#9081,#9089,.T.);
#9089 = LINE('',#9090,#9091);
#9090 = CARTESIAN_POINT('',(0.515,0.223,0.1));
#9091 = VECTOR('',#9092,1.);
#9092 = DIRECTION('',(0.,1.,0.));
#9093 = PLANE('',#9094);
#9094 = AXIS2_PLACEMENT_3D('',#9095,#9096,#9097);
#9095 = CARTESIAN_POINT('',(0.515,0.223,0.));
#9096 = DIRECTION('',(1.,0.,0.));
#9097 = DIRECTION('',(0.,0.,1.));
#9098 = ADVANCED_FACE('',(#9099),#9115,.F.);
#9099 = FACE_BOUND('',#9100,.F.);
#9100 = EDGE_LOOP('',(#9101,#9107,#9108,#9114));
#9101 = ORIENTED_EDGE('',*,*,#9102,.F.);
#9102 = EDGE_CURVE('',#9023,#9063,#9103,.T.);
#9103 = LINE('',#9104,#9105);
#9104 = CARTESIAN_POINT('',(-0.515,0.223,0.));
#9105 = VECTOR('',#9106,1.);
#9106 = DIRECTION('',(1.,0.,0.));
#9107 = ORIENTED_EDGE('',*,*,#9022,.T.);
#9108 = ORIENTED_EDGE('',*,*,#9109,.T.);
#9109 = EDGE_CURVE('',#9025,#9065,#9110,.T.);
#9110 = LINE('',#9111,#9112);
#9111 = CARTESIAN_POINT('',(-0.515,0.223,0.1));
#9112 = VECTOR('',#9113,1.);
#9113 = DIRECTION('',(1.,0.,0.));
#9114 = ORIENTED_EDGE('',*,*,#9062,.F.);
#9115 = PLANE('',#9116);
#9116 = AXIS2_PLACEMENT_3D('',#9117,#9118,#9119);
#9117 = CARTESIAN_POINT('',(-0.515,0.223,0.));
#9118 = DIRECTION('',(0.,1.,0.));
#9119 = DIRECTION('',(0.,0.,1.));
#9120 = ADVANCED_FACE('',(#9121),#9137,.T.);
#9121 = FACE_BOUND('',#9122,.T.);
#9122 = EDGE_LOOP('',(#9123,#9129,#9130,#9136));
#9123 = ORIENTED_EDGE('',*,*,#9124,.F.);
#9124 = EDGE_CURVE('',#9033,#9073,#9125,.T.);
#9125 = LINE('',#9126,#9127);
#9126 = CARTESIAN_POINT('',(-0.515,0.703,0.));
#9127 = VECTOR('',#9128,1.);
#9128 = DIRECTION('',(1.,0.,0.));
#9129 = ORIENTED_EDGE('',*,*,#9040,.T.);
#9130 = ORIENTED_EDGE('',*,*,#9131,.T.);
#9131 = EDGE_CURVE('',#9041,#9081,#9132,.T.);
#9132 = LINE('',#9133,#9134);
#9133 = CARTESIAN_POINT('',(-0.515,0.703,0.1));
#9134 = VECTOR('',#9135,1.);
#9135 = DIRECTION('',(1.,0.,0.));
#9136 = ORIENTED_EDGE('',*,*,#9080,.F.);
#9137 = PLANE('',#9138);
#9138 = AXIS2_PLACEMENT_3D('',#9139,#9140,#9141);
#9139 = CARTESIAN_POINT('',(-0.515,0.703,0.));
#9140 = DIRECTION('',(0.,1.,0.));
#9141 = DIRECTION('',(0.,0.,1.));
#9142 = ADVANCED_FACE('',(#9143),#9149,.F.);
#9143 = FACE_BOUND('',#9144,.F.);
#9144 = EDGE_LOOP('',(#9145,#9146,#9147,#9148));
#9145 = ORIENTED_EDGE('',*,*,#9032,.F.);
#9146 = ORIENTED_EDGE('',*,*,#9102,.T.);
#9147 = ORIENTED_EDGE('',*,*,#9072,.T.);
#9148 = ORIENTED_EDGE('',*,*,#9124,.F.);
#9149 = PLANE('',#9150);
#9150 = AXIS2_PLACEMENT_3D('',#9151,#9152,#9153);
#9151 = CARTESIAN_POINT('',(-0.515,0.223,0.));
#9152 = DIRECTION('',(0.,0.,1.));
#9153 = DIRECTION('',(1.,0.,0.));
#9154 = ADVANCED_FACE('',(#9155),#9161,.T.);
#9155 = FACE_BOUND('',#9156,.T.);
#9156 = EDGE_LOOP('',(#9157,#9158,#9159,#9160));
#9157 = ORIENTED_EDGE('',*,*,#9048,.F.);
#9158 = ORIENTED_EDGE('',*,*,#9109,.T.);
#9159 = ORIENTED_EDGE('',*,*,#9088,.T.);
#9160 = ORIENTED_EDGE('',*,*,#9131,.F.);
#9161 = PLANE('',#9162);
#9162 = AXIS2_PLACEMENT_3D('',#9163,#9164,#9165);
#9163 = CARTESIAN_POINT('',(-0.515,0.223,0.1));
#9164 = DIRECTION('',(0.,0.,1.));
#9165 = DIRECTION('',(1.,0.,0.));
#9166 = MANIFOLD_SOLID_BREP('',#9167);
#9167 = CLOSED_SHELL('',(#9168,#9208,#9248,#9270,#9292,#9304));
#9168 = ADVANCED_FACE('',(#9169),#9203,.F.);
#9169 = FACE_BOUND('',#9170,.F.);
#9170 = EDGE_LOOP('',(#9171,#9181,#9189,#9197));
#9171 = ORIENTED_EDGE('',*,*,#9172,.F.);
#9172 = EDGE_CURVE('',#9173,#9175,#9177,.T.);
#9173 = VERTEX_POINT('',#9174);
#9174 = CARTESIAN_POINT('',(-0.51,-0.722,0.));
#9175 = VERTEX_POINT('',#9176);
#9176 = CARTESIAN_POINT('',(-0.51,-0.722,0.1));
#9177 = LINE('',#9178,#9179);
#9178 = CARTESIAN_POINT('',(-0.51,-0.722,0.));
#9179 = VECTOR('',#9180,1.);
#9180 = DIRECTION('',(0.,0.,1.));
#9181 = ORIENTED_EDGE('',*,*,#9182,.T.);
#9182 = EDGE_CURVE('',#9173,#9183,#9185,.T.);
#9183 = VERTEX_POINT('',#9184);
#9184 = CARTESIAN_POINT('',(-0.51,-0.202,0.));
#9185 = LINE('',#9186,#9187);
#9186 = CARTESIAN_POINT('',(-0.51,-0.722,0.));
#9187 = VECTOR('',#9188,1.);
#9188 = DIRECTION('',(0.,1.,0.));
#9189 = ORIENTED_EDGE('',*,*,#9190,.T.);
#9190 = EDGE_CURVE('',#9183,#9191,#9193,.T.);
#9191 = VERTEX_POINT('',#9192);
#9192 = CARTESIAN_POINT('',(-0.51,-0.202,0.1));
#9193 = LINE('',#9194,#9195);
#9194 = CARTESIAN_POINT('',(-0.51,-0.202,0.));
#9195 = VECTOR('',#9196,1.);
#9196 = DIRECTION('',(0.,0.,1.));
#9197 = ORIENTED_EDGE('',*,*,#9198,.F.);
#9198 = EDGE_CURVE('',#9175,#9191,#9199,.T.);
#9199 = LINE('',#9200,#9201);
#9200 = CARTESIAN_POINT('',(-0.51,-0.722,0.1));
#9201 = VECTOR('',#9202,1.);
#9202 = DIRECTION('',(0.,1.,0.));
#9203 = PLANE('',#9204);
#9204 = AXIS2_PLACEMENT_3D('',#9205,#9206,#9207);
#9205 = CARTESIAN_POINT('',(-0.51,-0.722,0.));
#9206 = DIRECTION('',(1.,0.,0.));
#9207 = DIRECTION('',(0.,0.,1.));
#9208 = ADVANCED_FACE('',(#9209),#9243,.T.);
#9209 = FACE_BOUND('',#9210,.T.);
#9210 = EDGE_LOOP('',(#9211,#9221,#9229,#9237));
#9211 = ORIENTED_EDGE('',*,*,#9212,.F.);
#9212 = EDGE_CURVE('',#9213,#9215,#9217,.T.);
#9213 = VERTEX_POINT('',#9214);
#9214 = CARTESIAN_POINT('',(0.51,-0.722,0.));
#9215 = VERTEX_POINT('',#9216);
#9216 = CARTESIAN_POINT('',(0.51,-0.722,0.1));
#9217 = LINE('',#9218,#9219);
#9218 = CARTESIAN_POINT('',(0.51,-0.722,0.));
#9219 = VECTOR('',#9220,1.);
#9220 = DIRECTION('',(0.,0.,1.));
#9221 = ORIENTED_EDGE('',*,*,#9222,.T.);
#9222 = EDGE_CURVE('',#9213,#9223,#9225,.T.);
#9223 = VERTEX_POINT('',#9224);
#9224 = CARTESIAN_POINT('',(0.51,-0.202,0.));
#9225 = LINE('',#9226,#9227);
#9226 = CARTESIAN_POINT('',(0.51,-0.722,0.));
#9227 = VECTOR('',#9228,1.);
#9228 = DIRECTION('',(0.,1.,0.));
#9229 = ORIENTED_EDGE('',*,*,#9230,.T.);
#9230 = EDGE_CURVE('',#9223,#9231,#9233,.T.);
#9231 = VERTEX_POINT('',#9232);
#9232 = CARTESIAN_POINT('',(0.51,-0.202,0.1));
#9233 = LINE('',#9234,#9235);
#9234 = CARTESIAN_POINT('',(0.51,-0.202,0.));
#9235 = VECTOR('',#9236,1.);
#9236 = DIRECTION('',(0.,0.,1.));
#9237 = ORIENTED_EDGE('',*,*,#9238,.F.);
#9238 = EDGE_CURVE('',#9215,#9231,#9239,.T.);
#9239 = LINE('',#9240,#9241);
#9240 = CARTESIAN_POINT('',(0.51,-0.722,0.1));
#9241 = VECTOR('',#9242,1.);
#9242 = DIRECTION('',(0.,1.,0.));
#9243 = PLANE('',#9244);
#9244 = AXIS2_PLACEMENT_3D('',#9245,#9246,#9247);
#9245 = CARTESIAN_POINT('',(0.51,-0.722,0.));
#9246 = DIRECTION('',(1.,0.,0.));
#9247 = DIRECTION('',(0.,0.,1.));
#9248 = ADVANCED_FACE('',(#9249),#9265,.F.);
#9249 = FACE_BOUND('',#9250,.F.);
#9250 = EDGE_LOOP('',(#9251,#9257,#9258,#9264));
#9251 = ORIENTED_EDGE('',*,*,#9252,.F.);
#9252 = EDGE_CURVE('',#9173,#9213,#9253,.T.);
#9253 = LINE('',#9254,#9255);
#9254 = CARTESIAN_POINT('',(-0.51,-0.722,0.));
#9255 = VECTOR('',#9256,1.);
#9256 = DIRECTION('',(1.,0.,0.));
#9257 = ORIENTED_EDGE('',*,*,#9172,.T.);
#9258 = ORIENTED_EDGE('',*,*,#9259,.T.);
#9259 = EDGE_CURVE('',#9175,#9215,#9260,.T.);
#9260 = LINE('',#9261,#9262);
#9261 = CARTESIAN_POINT('',(-0.51,-0.722,0.1));
#9262 = VECTOR('',#9263,1.);
#9263 = DIRECTION('',(1.,0.,0.));
#9264 = ORIENTED_EDGE('',*,*,#9212,.F.);
#9265 = PLANE('',#9266);
#9266 = AXIS2_PLACEMENT_3D('',#9267,#9268,#9269);
#9267 = CARTESIAN_POINT('',(-0.51,-0.722,0.));
#9268 = DIRECTION('',(0.,1.,0.));
#9269 = DIRECTION('',(0.,0.,1.));
#9270 = ADVANCED_FACE('',(#9271),#9287,.T.);
#9271 = FACE_BOUND('',#9272,.T.);
#9272 = EDGE_LOOP('',(#9273,#9279,#9280,#9286));
#9273 = ORIENTED_EDGE('',*,*,#9274,.F.);
#9274 = EDGE_CURVE('',#9183,#9223,#9275,.T.);
#9275 = LINE('',#9276,#9277);
#9276 = CARTESIAN_POINT('',(-0.51,-0.202,0.));
#9277 = VECTOR('',#9278,1.);
#9278 = DIRECTION('',(1.,0.,0.));
#9279 = ORIENTED_EDGE('',*,*,#9190,.T.);
#9280 = ORIENTED_EDGE('',*,*,#9281,.T.);
#9281 = EDGE_CURVE('',#9191,#9231,#9282,.T.);
#9282 = LINE('',#9283,#9284);
#9283 = CARTESIAN_POINT('',(-0.51,-0.202,0.1));
#9284 = VECTOR('',#9285,1.);
#9285 = DIRECTION('',(1.,0.,0.));
#9286 = ORIENTED_EDGE('',*,*,#9230,.F.);
#9287 = PLANE('',#9288);
#9288 = AXIS2_PLACEMENT_3D('',#9289,#9290,#9291);
#9289 = CARTESIAN_POINT('',(-0.51,-0.202,0.));
#9290 = DIRECTION('',(0.,1.,0.));
#9291 = DIRECTION('',(0.,0.,1.));
#9292 = ADVANCED_FACE('',(#9293),#9299,.F.);
#9293 = FACE_BOUND('',#9294,.F.);
#9294 = EDGE_LOOP('',(#9295,#9296,#9297,#9298));
#9295 = ORIENTED_EDGE('',*,*,#9182,.F.);
#9296 = ORIENTED_EDGE('',*,*,#9252,.T.);
#9297 = ORIENTED_EDGE('',*,*,#9222,.T.);
#9298 = ORIENTED_EDGE('',*,*,#9274,.F.);
#9299 = PLANE('',#9300);
#9300 = AXIS2_PLACEMENT_3D('',#9301,#9302,#9303);
#9301 = CARTESIAN_POINT('',(-0.51,-0.722,0.));
#9302 = DIRECTION('',(0.,0.,1.));
#9303 = DIRECTION('',(1.,0.,0.));
#9304 = ADVANCED_FACE('',(#9305),#9311,.T.);
#9305 = FACE_BOUND('',#9306,.T.);
#9306 = EDGE_LOOP('',(#9307,#9308,#9309,#9310));
#9307 = ORIENTED_EDGE('',*,*,#9198,.F.);
#9308 = ORIENTED_EDGE('',*,*,#9259,.T.);
#9309 = ORIENTED_EDGE('',*,*,#9238,.T.);
#9310 = ORIENTED_EDGE('',*,*,#9281,.F.);
#9311 = PLANE('',#9312);
#9312 = AXIS2_PLACEMENT_3D('',#9313,#9314,#9315);
#9313 = CARTESIAN_POINT('',(-0.51,-0.722,0.1));
#9314 = DIRECTION('',(0.,0.,1.));
#9315 = DIRECTION('',(1.,0.,0.));
#9316 = ( GEOMETRIC_REPRESENTATION_CONTEXT(3) 
GLOBAL_UNCERTAINTY_ASSIGNED_CONTEXT((#9320)) 
GLOBAL_UNIT_ASSIGNED_CONTEXT((#9317,#9318,#9319)) REPRESENTATION_CONTEXT
('Context #1','3D Context with UNIT and UNCERTAINTY') );
#9317 = ( LENGTH_UNIT() NAMED_UNIT(*) SI_UNIT(.MILLI.,.METRE.) );
#9318 = ( NAMED_UNIT(*) PLANE_ANGLE_UNIT() SI_UNIT($,.RADIAN.) );
#9319 = ( NAMED_UNIT(*) SI_UNIT($,.STERADIAN.) SOLID_ANGLE_UNIT() );
#9320 = UNCERTAINTY_MEASURE_WITH_UNIT(LENGTH_MEASURE(1.E-07),#9317,
  'distance_accuracy_value','confusion accuracy');
#9321 = CONTEXT_DEPENDENT_SHAPE_REPRESENTATION(#9322,#9324);
#9322 = ( REPRESENTATION_RELATIONSHIP('','',#8865,#8842) 
REPRESENTATION_RELATIONSHIP_WITH_TRANSFORMATION(#9323) 
SHAPE_REPRESENTATION_RELATIONSHIP() );
#9323 = ITEM_DEFINED_TRANSFORMATION('','',#11,#8843);
#9324 = PRODUCT_DEFINITION_SHAPE('Placement','Placement of an item',
  #9325);
#9325 = NEXT_ASSEMBLY_USAGE_OCCURRENCE('9','=>[0:1:1:9]','',#8837,#8860,
  $);
#9326 = PRODUCT_RELATED_PRODUCT_CATEGORY('part',$,(#8862));
#9327 = CONTEXT_DEPENDENT_SHAPE_REPRESENTATION(#9328,#9330);
#9328 = ( REPRESENTATION_RELATIONSHIP('','',#8842,#10) 
REPRESENTATION_RELATIONSHIP_WITH_TRANSFORMATION(#9329) 
SHAPE_REPRESENTATION_RELATIONSHIP() );
#9329 = ITEM_DEFINED_TRANSFORMATION('','',#11,#39);
#9330 = PRODUCT_DEFINITION_SHAPE('Placement','Placement of an item',
  #9331);
#9331 = NEXT_ASSEMBLY_USAGE_OCCURRENCE('11','IC6','',#5,#8837,$);
#9332 = CONTEXT_DEPENDENT_SHAPE_REPRESENTATION(#9333,#9335);
#9333 = ( REPRESENTATION_RELATIONSHIP('','',#7267,#10) 
REPRESENTATION_RELATIONSHIP_WITH_TRANSFORMATION(#9334) 
SHAPE_REPRESENTATION_RELATIONSHIP() );
#9334 = ITEM_DEFINED_TRANSFORMATION('','',#11,#43);
#9335 = PRODUCT_DEFINITION_SHAPE('Placement','Placement of an item',
  #9336);
#9336 = NEXT_ASSEMBLY_USAGE_OCCURRENCE('12','D4','',#5,#7262,$);
#9337 = CONTEXT_DEPENDENT_SHAPE_REPRESENTATION(#9338,#9340);
#9338 = ( REPRESENTATION_RELATIONSHIP('','',#7267,#10) 
REPRESENTATION_RELATIONSHIP_WITH_TRANSFORMATION(#9339) 
SHAPE_REPRESENTATION_RELATIONSHIP() );
#9339 = ITEM_DEFINED_TRANSFORMATION('','',#11,#47);
#9340 = PRODUCT_DEFINITION_SHAPE('Placement','Placement of an item',
  #9341);
#9341 = NEXT_ASSEMBLY_USAGE_OCCURRENCE('13','D10','',#5,#7262,$);
#9342 = CONTEXT_DEPENDENT_SHAPE_REPRESENTATION(#9343,#9345);
#9343 = ( REPRESENTATION_RELATIONSHIP('','',#6435,#10) 
REPRESENTATION_RELATIONSHIP_WITH_TRANSFORMATION(#9344) 
SHAPE_REPRESENTATION_RELATIONSHIP() );
#9344 = ITEM_DEFINED_TRANSFORMATION('','',#11,#51);
#9345 = PRODUCT_DEFINITION_SHAPE('Placement','Placement of an item',
  #9346);
#9346 = NEXT_ASSEMBLY_USAGE_OCCURRENCE('14','R2','',#5,#6430,$);
#9347 = CONTEXT_DEPENDENT_SHAPE_REPRESENTATION(#9348,#9350);
#9348 = ( REPRESENTATION_RELATIONSHIP('','',#8842,#10) 
REPRESENTATION_RELATIONSHIP_WITH_TRANSFORMATION(#9349) 
SHAPE_REPRESENTATION_RELATIONSHIP() );
#9349 = ITEM_DEFINED_TRANSFORMATION('','',#11,#55);
#9350 = PRODUCT_DEFINITION_SHAPE('Placement','Placement of an item',
  #9351);
#9351 = NEXT_ASSEMBLY_USAGE_OCCURRENCE('15','IC5','',#5,#8837,$);
#9352 = CONTEXT_DEPENDENT_SHAPE_REPRESENTATION(#9353,#9355);
#9353 = ( REPRESENTATION_RELATIONSHIP('','',#8842,#10) 
REPRESENTATION_RELATIONSHIP_WITH_TRANSFORMATION(#9354) 
SHAPE_REPRESENTATION_RELATIONSHIP() );
#9354 = ITEM_DEFINED_TRANSFORMATION('','',#11,#59);
#9355 = PRODUCT_DEFINITION_SHAPE('Placement','Placement of an item',
  #9356);
#9356 = NEXT_ASSEMBLY_USAGE_OCCURRENCE('16','IC4','',#5,#8837,$);
#9357 = CONTEXT_DEPENDENT_SHAPE_REPRESENTATION(#9358,#9360);
#9358 = ( REPRESENTATION_RELATIONSHIP('','',#6435,#10) 
REPRESENTATION_RELATIONSHIP_WITH_TRANSFORMATION(#9359) 
SHAPE_REPRESENTATION_RELATIONSHIP() );
#9359 = ITEM_DEFINED_TRANSFORMATION('','',#11,#63);
#9360 = PRODUCT_DEFINITION_SHAPE('Placement','Placement of an item',
  #9361);
#9361 = NEXT_ASSEMBLY_USAGE_OCCURRENCE('17','R7','',#5,#6430,$);
#9362 = CONTEXT_DEPENDENT_SHAPE_REPRESENTATION(#9363,#9365);
#9363 = ( REPRESENTATION_RELATIONSHIP('','',#8842,#10) 
REPRESENTATION_RELATIONSHIP_WITH_TRANSFORMATION(#9364) 
SHAPE_REPRESENTATION_RELATIONSHIP() );
#9364 = ITEM_DEFINED_TRANSFORMATION('','',#11,#67);
#9365 = PRODUCT_DEFINITION_SHAPE('Placement','Placement of an item',
  #9366);
#9366 = NEXT_ASSEMBLY_USAGE_OCCURRENCE('18','IC2','',#5,#8837,$);
#9367 = CONTEXT_DEPENDENT_SHAPE_REPRESENTATION(#9368,#9370);
#9368 = ( REPRESENTATION_RELATIONSHIP('','',#7267,#10) 
REPRESENTATION_RELATIONSHIP_WITH_TRANSFORMATION(#9369) 
SHAPE_REPRESENTATION_RELATIONSHIP() );
#9369 = ITEM_DEFINED_TRANSFORMATION('','',#11,#71);
#9370 = PRODUCT_DEFINITION_SHAPE('Placement','Placement of an item',
  #9371);
#9371 = NEXT_ASSEMBLY_USAGE_OCCURRENCE('19','D3','',#5,#7262,$);
#9372 = CONTEXT_DEPENDENT_SHAPE_REPRESENTATION(#9373,#9375);
#9373 = ( REPRESENTATION_RELATIONSHIP('','',#8842,#10) 
REPRESENTATION_RELATIONSHIP_WITH_TRANSFORMATION(#9374) 
SHAPE_REPRESENTATION_RELATIONSHIP() );
#9374 = ITEM_DEFINED_TRANSFORMATION('','',#11,#75);
#9375 = PRODUCT_DEFINITION_SHAPE('Placement','Placement of an item',
  #9376);
#9376 = NEXT_ASSEMBLY_USAGE_OCCURRENCE('20','IC9','',#5,#8837,$);
#9377 = CONTEXT_DEPENDENT_SHAPE_REPRESENTATION(#9378,#9380);
#9378 = ( REPRESENTATION_RELATIONSHIP('','',#8842,#10) 
REPRESENTATION_RELATIONSHIP_WITH_TRANSFORMATION(#9379) 
SHAPE_REPRESENTATION_RELATIONSHIP() );
#9379 = ITEM_DEFINED_TRANSFORMATION('','',#11,#79);
#9380 = PRODUCT_DEFINITION_SHAPE('Placement','Placement of an item',
  #9381);
#9381 = NEXT_ASSEMBLY_USAGE_OCCURRENCE('21','IC7','',#5,#8837,$);
#9382 = CONTEXT_DEPENDENT_SHAPE_REPRESENTATION(#9383,#9385);
#9383 = ( REPRESENTATION_RELATIONSHIP('','',#8842,#10) 
REPRESENTATION_RELATIONSHIP_WITH_TRANSFORMATION(#9384) 
SHAPE_REPRESENTATION_RELATIONSHIP() );
#9384 = ITEM_DEFINED_TRANSFORMATION('','',#11,#83);
#9385 = PRODUCT_DEFINITION_SHAPE('Placement','Placement of an item',
  #9386);
#9386 = NEXT_ASSEMBLY_USAGE_OCCURRENCE('22','IC10','',#5,#8837,$);
#9387 = CONTEXT_DEPENDENT_SHAPE_REPRESENTATION(#9388,#9390);
#9388 = ( REPRESENTATION_RELATIONSHIP('','',#8842,#10) 
REPRESENTATION_RELATIONSHIP_WITH_TRANSFORMATION(#9389) 
SHAPE_REPRESENTATION_RELATIONSHIP() );
#9389 = ITEM_DEFINED_TRANSFORMATION('','',#11,#87);
#9390 = PRODUCT_DEFINITION_SHAPE('Placement','Placement of an item',
  #9391);
#9391 = NEXT_ASSEMBLY_USAGE_OCCURRENCE('23','IC8','',#5,#8837,$);
#9392 = CONTEXT_DEPENDENT_SHAPE_REPRESENTATION(#9393,#9395);
#9393 = ( REPRESENTATION_RELATIONSHIP('','',#7267,#10) 
REPRESENTATION_RELATIONSHIP_WITH_TRANSFORMATION(#9394) 
SHAPE_REPRESENTATION_RELATIONSHIP() );
#9394 = ITEM_DEFINED_TRANSFORMATION('','',#11,#91);
#9395 = PRODUCT_DEFINITION_SHAPE('Placement','Placement of an item',
  #9396);
#9396 = NEXT_ASSEMBLY_USAGE_OCCURRENCE('24','D6','',#5,#7262,$);
#9397 = CONTEXT_DEPENDENT_SHAPE_REPRESENTATION(#9398,#9400);
#9398 = ( REPRESENTATION_RELATIONSHIP('','',#6435,#10) 
REPRESENTATION_RELATIONSHIP_WITH_TRANSFORMATION(#9399) 
SHAPE_REPRESENTATION_RELATIONSHIP() );
#9399 = ITEM_DEFINED_TRANSFORMATION('','',#11,#95);
#9400 = PRODUCT_DEFINITION_SHAPE('Placement','Placement of an item',
  #9401);
#9401 = NEXT_ASSEMBLY_USAGE_OCCURRENCE('25','R3','',#5,#6430,$);
#9402 = CONTEXT_DEPENDENT_SHAPE_REPRESENTATION(#9403,#9405);
#9403 = ( REPRESENTATION_RELATIONSHIP('','',#6435,#10) 
REPRESENTATION_RELATIONSHIP_WITH_TRANSFORMATION(#9404) 
SHAPE_REPRESENTATION_RELATIONSHIP() );
#9404 = ITEM_DEFINED_TRANSFORMATION('','',#11,#99);
#9405 = PRODUCT_DEFINITION_SHAPE('Placement','Placement of an item',
  #9406);
#9406 = NEXT_ASSEMBLY_USAGE_OCCURRENCE('26','R15','',#5,#6430,$);
#9407 = CONTEXT_DEPENDENT_SHAPE_REPRESENTATION(#9408,#9410);
#9408 = ( REPRESENTATION_RELATIONSHIP('','',#6435,#10) 
REPRESENTATION_RELATIONSHIP_WITH_TRANSFORMATION(#9409) 
SHAPE_REPRESENTATION_RELATIONSHIP() );
#9409 = ITEM_DEFINED_TRANSFORMATION('','',#11,#103);
#9410 = PRODUCT_DEFINITION_SHAPE('Placement','Placement of an item',
  #9411);
#9411 = NEXT_ASSEMBLY_USAGE_OCCURRENCE('27','R12','',#5,#6430,$);
#9412 = CONTEXT_DEPENDENT_SHAPE_REPRESENTATION(#9413,#9415);
#9413 = ( REPRESENTATION_RELATIONSHIP('','',#7267,#10) 
REPRESENTATION_RELATIONSHIP_WITH_TRANSFORMATION(#9414) 
SHAPE_REPRESENTATION_RELATIONSHIP() );
#9414 = ITEM_DEFINED_TRANSFORMATION('','',#11,#107);
#9415 = PRODUCT_DEFINITION_SHAPE('Placement','Placement of an item',
  #9416);
#9416 = NEXT_ASSEMBLY_USAGE_OCCURRENCE('28','D7','',#5,#7262,$);
#9417 = CONTEXT_DEPENDENT_SHAPE_REPRESENTATION(#9418,#9420);
#9418 = ( REPRESENTATION_RELATIONSHIP('','',#7267,#10) 
REPRESENTATION_RELATIONSHIP_WITH_TRANSFORMATION(#9419) 
SHAPE_REPRESENTATION_RELATIONSHIP() );
#9419 = ITEM_DEFINED_TRANSFORMATION('','',#11,#111);
#9420 = PRODUCT_DEFINITION_SHAPE('Placement','Placement of an item',
  #9421);
#9421 = NEXT_ASSEMBLY_USAGE_OCCURRENCE('29','D2','',#5,#7262,$);
#9422 = CONTEXT_DEPENDENT_SHAPE_REPRESENTATION(#9423,#9425);
#9423 = ( REPRESENTATION_RELATIONSHIP('','',#6435,#10) 
REPRESENTATION_RELATIONSHIP_WITH_TRANSFORMATION(#9424) 
SHAPE_REPRESENTATION_RELATIONSHIP() );
#9424 = ITEM_DEFINED_TRANSFORMATION('','',#11,#115);
#9425 = PRODUCT_DEFINITION_SHAPE('Placement','Placement of an item',
  #9426);
#9426 = NEXT_ASSEMBLY_USAGE_OCCURRENCE('30','R1','',#5,#6430,$);
#9427 = CONTEXT_DEPENDENT_SHAPE_REPRESENTATION(#9428,#9430);
#9428 = ( REPRESENTATION_RELATIONSHIP('','',#6435,#10) 
REPRESENTATION_RELATIONSHIP_WITH_TRANSFORMATION(#9429) 
SHAPE_REPRESENTATION_RELATIONSHIP() );
#9429 = ITEM_DEFINED_TRANSFORMATION('','',#11,#119);
#9430 = PRODUCT_DEFINITION_SHAPE('Placement','Placement of an item',
  #9431);
#9431 = NEXT_ASSEMBLY_USAGE_OCCURRENCE('31','R11','',#5,#6430,$);
#9432 = CONTEXT_DEPENDENT_SHAPE_REPRESENTATION(#9433,#9435);
#9433 = ( REPRESENTATION_RELATIONSHIP('','',#6435,#10) 
REPRESENTATION_RELATIONSHIP_WITH_TRANSFORMATION(#9434) 
SHAPE_REPRESENTATION_RELATIONSHIP() );
#9434 = ITEM_DEFINED_TRANSFORMATION('','',#11,#123);
#9435 = PRODUCT_DEFINITION_SHAPE('Placement','Placement of an item',
  #9436);
#9436 = NEXT_ASSEMBLY_USAGE_OCCURRENCE('32','R9','',#5,#6430,$);
#9437 = CONTEXT_DEPENDENT_SHAPE_REPRESENTATION(#9438,#9440);
#9438 = ( REPRESENTATION_RELATIONSHIP('','',#7267,#10) 
REPRESENTATION_RELATIONSHIP_WITH_TRANSFORMATION(#9439) 
SHAPE_REPRESENTATION_RELATIONSHIP() );
#9439 = ITEM_DEFINED_TRANSFORMATION('','',#11,#127);
#9440 = PRODUCT_DEFINITION_SHAPE('Placement','Placement of an item',
  #9441);
#9441 = NEXT_ASSEMBLY_USAGE_OCCURRENCE('33','D1','',#5,#7262,$);
#9442 = CONTEXT_DEPENDENT_SHAPE_REPRESENTATION(#9443,#9445);
#9443 = ( REPRESENTATION_RELATIONSHIP('','',#6435,#10) 
REPRESENTATION_RELATIONSHIP_WITH_TRANSFORMATION(#9444) 
SHAPE_REPRESENTATION_RELATIONSHIP() );
#9444 = ITEM_DEFINED_TRANSFORMATION('','',#11,#131);
#9445 = PRODUCT_DEFINITION_SHAPE('Placement','Placement of an item',
  #9446);
#9446 = NEXT_ASSEMBLY_USAGE_OCCURRENCE('34','R5','',#5,#6430,$);
#9447 = CONTEXT_DEPENDENT_SHAPE_REPRESENTATION(#9448,#9450);
#9448 = ( REPRESENTATION_RELATIONSHIP('','',#6435,#10) 
REPRESENTATION_RELATIONSHIP_WITH_TRANSFORMATION(#9449) 
SHAPE_REPRESENTATION_RELATIONSHIP() );
#9449 = ITEM_DEFINED_TRANSFORMATION('','',#11,#135);
#9450 = PRODUCT_DEFINITION_SHAPE('Placement','Placement of an item',
  #9451);
#9451 = NEXT_ASSEMBLY_USAGE_OCCURRENCE('35','R10','',#5,#6430,$);
#9452 = CONTEXT_DEPENDENT_SHAPE_REPRESENTATION(#9453,#9455);
#9453 = ( REPRESENTATION_RELATIONSHIP('','',#6435,#10) 
REPRESENTATION_RELATIONSHIP_WITH_TRANSFORMATION(#9454) 
SHAPE_REPRESENTATION_RELATIONSHIP() );
#9454 = ITEM_DEFINED_TRANSFORMATION('','',#11,#139);
#9455 = PRODUCT_DEFINITION_SHAPE('Placement','Placement of an item',
  #9456);
#9456 = NEXT_ASSEMBLY_USAGE_OCCURRENCE('36','R8','',#5,#6430,$);
#9457 = CONTEXT_DEPENDENT_SHAPE_REPRESENTATION(#9458,#9460);
#9458 = ( REPRESENTATION_RELATIONSHIP('','',#6435,#10) 
REPRESENTATION_RELATIONSHIP_WITH_TRANSFORMATION(#9459) 
SHAPE_REPRESENTATION_RELATIONSHIP() );
#9459 = ITEM_DEFINED_TRANSFORMATION('','',#11,#143);
#9460 = PRODUCT_DEFINITION_SHAPE('Placement','Placement of an item',
  #9461);
#9461 = NEXT_ASSEMBLY_USAGE_OCCURRENCE('37','R4','',#5,#6430,$);
#9462 = CONTEXT_DEPENDENT_SHAPE_REPRESENTATION(#9463,#9465);
#9463 = ( REPRESENTATION_RELATIONSHIP('','',#6435,#10) 
REPRESENTATION_RELATIONSHIP_WITH_TRANSFORMATION(#9464) 
SHAPE_REPRESENTATION_RELATIONSHIP() );
#9464 = ITEM_DEFINED_TRANSFORMATION('','',#11,#147);
#9465 = PRODUCT_DEFINITION_SHAPE('Placement','Placement of an item',
  #9466);
#9466 = NEXT_ASSEMBLY_USAGE_OCCURRENCE('38','R6','',#5,#6430,$);
#9467 = CONTEXT_DEPENDENT_SHAPE_REPRESENTATION(#9468,#9470);
#9468 = ( REPRESENTATION_RELATIONSHIP('','',#6435,#10) 
REPRESENTATION_RELATIONSHIP_WITH_TRANSFORMATION(#9469) 
SHAPE_REPRESENTATION_RELATIONSHIP() );
#9469 = ITEM_DEFINED_TRANSFORMATION('','',#11,#151);
#9470 = PRODUCT_DEFINITION_SHAPE('Placement','Placement of an item',
  #9471);
#9471 = NEXT_ASSEMBLY_USAGE_OCCURRENCE('39','R14','',#5,#6430,$);
#9472 = CONTEXT_DEPENDENT_SHAPE_REPRESENTATION(#9473,#9475);
#9473 = ( REPRESENTATION_RELATIONSHIP('','',#8842,#10) 
REPRESENTATION_RELATIONSHIP_WITH_TRANSFORMATION(#9474) 
SHAPE_REPRESENTATION_RELATIONSHIP() );
#9474 = ITEM_DEFINED_TRANSFORMATION('','',#11,#155);
#9475 = PRODUCT_DEFINITION_SHAPE('Placement','Placement of an item',
  #9476);
#9476 = NEXT_ASSEMBLY_USAGE_OCCURRENCE('40','IC1','',#5,#8837,$);
#9477 = SHAPE_DEFINITION_REPRESENTATION(#9478,#9484);
#9478 = PRODUCT_DEFINITION_SHAPE('','',#9479);
#9479 = PRODUCT_DEFINITION('design','',#9480,#9483);
#9480 = PRODUCT_DEFINITION_FORMATION('','',#9481);
#9481 = PRODUCT('Line_board_V1.0_PCB','Line_board_V1.0_PCB','',(#9482));
#9482 = PRODUCT_CONTEXT('',#2,'mechanical');
#9483 = PRODUCT_DEFINITION_CONTEXT('part definition',#2,'design');
#9484 = ADVANCED_BREP_SHAPE_REPRESENTATION('',(#11,#9485),#9986);
#9485 = MANIFOLD_SOLID_BREP('',#9486);
#9486 = CLOSED_SHELL('',(#9487,#9527,#9558,#9589,#9705,#9821,#9833,#9850
    ,#9867,#9884,#9901,#9918,#9935,#9952,#9969));
#9487 = ADVANCED_FACE('',(#9488),#9522,.T.);
#9488 = FACE_BOUND('',#9489,.T.);
#9489 = EDGE_LOOP('',(#9490,#9500,#9508,#9516));
#9490 = ORIENTED_EDGE('',*,*,#9491,.T.);
#9491 = EDGE_CURVE('',#9492,#9494,#9496,.T.);
#9492 = VERTEX_POINT('',#9493);
#9493 = CARTESIAN_POINT('',(200.,-120.,0.));
#9494 = VERTEX_POINT('',#9495);
#9495 = CARTESIAN_POINT('',(200.,-120.,1.6));
#9496 = LINE('',#9497,#9498);
#9497 = CARTESIAN_POINT('',(200.,-120.,0.));
#9498 = VECTOR('',#9499,1.);
#9499 = DIRECTION('',(0.,0.,1.));
#9500 = ORIENTED_EDGE('',*,*,#9501,.T.);
#9501 = EDGE_CURVE('',#9494,#9502,#9504,.T.);
#9502 = VERTEX_POINT('',#9503);
#9503 = CARTESIAN_POINT('',(110.,-120.,1.6));
#9504 = LINE('',#9505,#9506);
#9505 = CARTESIAN_POINT('',(200.,-120.,1.6));
#9506 = VECTOR('',#9507,1.);
#9507 = DIRECTION('',(-1.,0.,0.));
#9508 = ORIENTED_EDGE('',*,*,#9509,.F.);
#9509 = EDGE_CURVE('',#9510,#9502,#9512,.T.);
#9510 = VERTEX_POINT('',#9511);
#9511 = CARTESIAN_POINT('',(110.,-120.,0.));
#9512 = LINE('',#9513,#9514);
#9513 = CARTESIAN_POINT('',(110.,-120.,0.));
#9514 = VECTOR('',#9515,1.);
#9515 = DIRECTION('',(0.,0.,1.));
#9516 = ORIENTED_EDGE('',*,*,#9517,.F.);
#9517 = EDGE_CURVE('',#9492,#9510,#9518,.T.);
#9518 = LINE('',#9519,#9520);
#9519 = CARTESIAN_POINT('',(200.,-120.,0.));
#9520 = VECTOR('',#9521,1.);
#9521 = DIRECTION('',(-1.,0.,0.));
#9522 = PLANE('',#9523);
#9523 = AXIS2_PLACEMENT_3D('',#9524,#9525,#9526);
#9524 = CARTESIAN_POINT('',(200.,-120.,0.));
#9525 = DIRECTION('',(0.,-1.,0.));
#9526 = DIRECTION('',(-1.,0.,0.));
#9527 = ADVANCED_FACE('',(#9528),#9553,.T.);
#9528 = FACE_BOUND('',#9529,.T.);
#9529 = EDGE_LOOP('',(#9530,#9540,#9546,#9547));
#9530 = ORIENTED_EDGE('',*,*,#9531,.T.);
#9531 = EDGE_CURVE('',#9532,#9534,#9536,.T.);
#9532 = VERTEX_POINT('',#9533);
#9533 = CARTESIAN_POINT('',(200.,-100.,0.));
#9534 = VERTEX_POINT('',#9535);
#9535 = CARTESIAN_POINT('',(200.,-100.,1.6));
#9536 = LINE('',#9537,#9538);
#9537 = CARTESIAN_POINT('',(200.,-100.,0.));
#9538 = VECTOR('',#9539,1.);
#9539 = DIRECTION('',(0.,0.,1.));
#9540 = ORIENTED_EDGE('',*,*,#9541,.T.);
#9541 = EDGE_CURVE('',#9534,#9494,#9542,.T.);
#9542 = LINE('',#9543,#9544);
#9543 = CARTESIAN_POINT('',(200.,-100.,1.6));
#9544 = VECTOR('',#9545,1.);
#9545 = DIRECTION('',(0.,-1.,0.));
#9546 = ORIENTED_EDGE('',*,*,#9491,.F.);
#9547 = ORIENTED_EDGE('',*,*,#9548,.F.);
#9548 = EDGE_CURVE('',#9532,#9492,#9549,.T.);
#9549 = LINE('',#9550,#9551);
#9550 = CARTESIAN_POINT('',(200.,-100.,0.));
#9551 = VECTOR('',#9552,1.);
#9552 = DIRECTION('',(0.,-1.,0.));
#9553 = PLANE('',#9554);
#9554 = AXIS2_PLACEMENT_3D('',#9555,#9556,#9557);
#9555 = CARTESIAN_POINT('',(200.,-100.,0.));
#9556 = DIRECTION('',(1.,0.,-0.));
#9557 = DIRECTION('',(0.,-1.,0.));
#9558 = ADVANCED_FACE('',(#9559),#9584,.T.);
#9559 = FACE_BOUND('',#9560,.T.);
#9560 = EDGE_LOOP('',(#9561,#9562,#9570,#9578));
#9561 = ORIENTED_EDGE('',*,*,#9509,.T.);
#9562 = ORIENTED_EDGE('',*,*,#9563,.T.);
#9563 = EDGE_CURVE('',#9502,#9564,#9566,.T.);
#9564 = VERTEX_POINT('',#9565);
#9565 = CARTESIAN_POINT('',(110.,-100.,1.6));
#9566 = LINE('',#9567,#9568);
#9567 = CARTESIAN_POINT('',(110.,-120.,1.6));
#9568 = VECTOR('',#9569,1.);
#9569 = DIRECTION('',(0.,1.,0.));
#9570 = ORIENTED_EDGE('',*,*,#9571,.F.);
#9571 = EDGE_CURVE('',#9572,#9564,#9574,.T.);
#9572 = VERTEX_POINT('',#9573);
#9573 = CARTESIAN_POINT('',(110.,-100.,0.));
#9574 = LINE('',#9575,#9576);
#9575 = CARTESIAN_POINT('',(110.,-100.,0.));
#9576 = VECTOR('',#9577,1.);
#9577 = DIRECTION('',(0.,0.,1.));
#9578 = ORIENTED_EDGE('',*,*,#9579,.F.);
#9579 = EDGE_CURVE('',#9510,#9572,#9580,.T.);
#9580 = LINE('',#9581,#9582);
#9581 = CARTESIAN_POINT('',(110.,-120.,0.));
#9582 = VECTOR('',#9583,1.);
#9583 = DIRECTION('',(0.,1.,0.));
#9584 = PLANE('',#9585);
#9585 = AXIS2_PLACEMENT_3D('',#9586,#9587,#9588);
#9586 = CARTESIAN_POINT('',(110.,-120.,0.));
#9587 = DIRECTION('',(-1.,0.,0.));
#9588 = DIRECTION('',(0.,1.,0.));
#9589 = ADVANCED_FACE('',(#9590,#9601,#9612,#9623,#9634,#9645,#9656,
    #9667,#9678,#9689),#9700,.F.);
#9590 = FACE_BOUND('',#9591,.F.);
#9591 = EDGE_LOOP('',(#9592,#9593,#9594,#9600));
#9592 = ORIENTED_EDGE('',*,*,#9517,.F.);
#9593 = ORIENTED_EDGE('',*,*,#9548,.F.);
#9594 = ORIENTED_EDGE('',*,*,#9595,.F.);
#9595 = EDGE_CURVE('',#9572,#9532,#9596,.T.);
#9596 = LINE('',#9597,#9598);
#9597 = CARTESIAN_POINT('',(110.,-100.,0.));
#9598 = VECTOR('',#9599,1.);
#9599 = DIRECTION('',(1.,0.,0.));
#9600 = ORIENTED_EDGE('',*,*,#9579,.F.);
#9601 = FACE_BOUND('',#9602,.F.);
#9602 = EDGE_LOOP('',(#9603));
#9603 = ORIENTED_EDGE('',*,*,#9604,.T.);
#9604 = EDGE_CURVE('',#9605,#9605,#9607,.T.);
#9605 = VERTEX_POINT('',#9606);
#9606 = CARTESIAN_POINT('',(120.,-117.975,0.));
#9607 = CIRCLE('',#9608,0.475);
#9608 = AXIS2_PLACEMENT_3D('',#9609,#9610,#9611);
#9609 = CARTESIAN_POINT('',(120.,-117.5,0.));
#9610 = DIRECTION('',(-0.,0.,-1.));
#9611 = DIRECTION('',(-0.,-1.,0.));
#9612 = FACE_BOUND('',#9613,.F.);
#9613 = EDGE_LOOP('',(#9614));
#9614 = ORIENTED_EDGE('',*,*,#9615,.T.);
#9615 = EDGE_CURVE('',#9616,#9616,#9618,.T.);
#9616 = VERTEX_POINT('',#9617);
#9617 = CARTESIAN_POINT('',(120.,-115.475,0.));
#9618 = CIRCLE('',#9619,0.475);
#9619 = AXIS2_PLACEMENT_3D('',#9620,#9621,#9622);
#9620 = CARTESIAN_POINT('',(120.,-115.,0.));
#9621 = DIRECTION('',(-0.,0.,-1.));
#9622 = DIRECTION('',(-0.,-1.,0.));
#9623 = FACE_BOUND('',#9624,.F.);
#9624 = EDGE_LOOP('',(#9625));
#9625 = ORIENTED_EDGE('',*,*,#9626,.T.);
#9626 = EDGE_CURVE('',#9627,#9627,#9629,.T.);
#9627 = VERTEX_POINT('',#9628);
#9628 = CARTESIAN_POINT('',(120.,-112.975,0.));
#9629 = CIRCLE('',#9630,0.475);
#9630 = AXIS2_PLACEMENT_3D('',#9631,#9632,#9633);
#9631 = CARTESIAN_POINT('',(120.,-112.5,0.));
#9632 = DIRECTION('',(-0.,0.,-1.));
#9633 = DIRECTION('',(-0.,-1.,0.));
#9634 = FACE_BOUND('',#9635,.F.);
#9635 = EDGE_LOOP('',(#9636));
#9636 = ORIENTED_EDGE('',*,*,#9637,.F.);
#9637 = EDGE_CURVE('',#9638,#9638,#9640,.T.);
#9638 = VERTEX_POINT('',#9639);
#9639 = CARTESIAN_POINT('',(114.5,-110.,0.));
#9640 = CIRCLE('',#9641,1.5);
#9641 = AXIS2_PLACEMENT_3D('',#9642,#9643,#9644);
#9642 = CARTESIAN_POINT('',(113.,-110.,0.));
#9643 = DIRECTION('',(0.,0.,1.));
#9644 = DIRECTION('',(1.,0.,-0.));
#9645 = FACE_BOUND('',#9646,.F.);
#9646 = EDGE_LOOP('',(#9647));
#9647 = ORIENTED_EDGE('',*,*,#9648,.T.);
#9648 = EDGE_CURVE('',#9649,#9649,#9651,.T.);
#9649 = VERTEX_POINT('',#9650);
#9650 = CARTESIAN_POINT('',(120.,-110.475,0.));
#9651 = CIRCLE('',#9652,0.475);
#9652 = AXIS2_PLACEMENT_3D('',#9653,#9654,#9655);
#9653 = CARTESIAN_POINT('',(120.,-110.,0.));
#9654 = DIRECTION('',(-0.,0.,-1.));
#9655 = DIRECTION('',(-0.,-1.,0.));
#9656 = FACE_BOUND('',#9657,.F.);
#9657 = EDGE_LOOP('',(#9658));
#9658 = ORIENTED_EDGE('',*,*,#9659,.T.);
#9659 = EDGE_CURVE('',#9660,#9660,#9662,.T.);
#9660 = VERTEX_POINT('',#9661);
#9661 = CARTESIAN_POINT('',(120.,-107.975,0.));
#9662 = CIRCLE('',#9663,0.475);
#9663 = AXIS2_PLACEMENT_3D('',#9664,#9665,#9666);
#9664 = CARTESIAN_POINT('',(120.,-107.5,0.));
#9665 = DIRECTION('',(-0.,0.,-1.));
#9666 = DIRECTION('',(-0.,-1.,0.));
#9667 = FACE_BOUND('',#9668,.F.);
#9668 = EDGE_LOOP('',(#9669));
#9669 = ORIENTED_EDGE('',*,*,#9670,.T.);
#9670 = EDGE_CURVE('',#9671,#9671,#9673,.T.);
#9671 = VERTEX_POINT('',#9672);
#9672 = CARTESIAN_POINT('',(120.,-105.475,0.));
#9673 = CIRCLE('',#9674,0.475);
#9674 = AXIS2_PLACEMENT_3D('',#9675,#9676,#9677);
#9675 = CARTESIAN_POINT('',(120.,-105.,0.));
#9676 = DIRECTION('',(-0.,0.,-1.));
#9677 = DIRECTION('',(-0.,-1.,0.));
#9678 = FACE_BOUND('',#9679,.F.);
#9679 = EDGE_LOOP('',(#9680));
#9680 = ORIENTED_EDGE('',*,*,#9681,.T.);
#9681 = EDGE_CURVE('',#9682,#9682,#9684,.T.);
#9682 = VERTEX_POINT('',#9683);
#9683 = CARTESIAN_POINT('',(120.,-102.975,0.));
#9684 = CIRCLE('',#9685,0.475);
#9685 = AXIS2_PLACEMENT_3D('',#9686,#9687,#9688);
#9686 = CARTESIAN_POINT('',(120.,-102.5,0.));
#9687 = DIRECTION('',(-0.,0.,-1.));
#9688 = DIRECTION('',(-0.,-1.,0.));
#9689 = FACE_BOUND('',#9690,.F.);
#9690 = EDGE_LOOP('',(#9691));
#9691 = ORIENTED_EDGE('',*,*,#9692,.F.);
#9692 = EDGE_CURVE('',#9693,#9693,#9695,.T.);
#9693 = VERTEX_POINT('',#9694);
#9694 = CARTESIAN_POINT('',(198.5,-110.,0.));
#9695 = CIRCLE('',#9696,1.5);
#9696 = AXIS2_PLACEMENT_3D('',#9697,#9698,#9699);
#9697 = CARTESIAN_POINT('',(197.,-110.,0.));
#9698 = DIRECTION('',(0.,0.,1.));
#9699 = DIRECTION('',(1.,0.,-0.));
#9700 = PLANE('',#9701);
#9701 = AXIS2_PLACEMENT_3D('',#9702,#9703,#9704);
#9702 = CARTESIAN_POINT('',(0.,0.,0.));
#9703 = DIRECTION('',(0.,0.,1.));
#9704 = DIRECTION('',(1.,0.,-0.));
#9705 = ADVANCED_FACE('',(#9706,#9717,#9728,#9739,#9750,#9761,#9772,
    #9783,#9794,#9805),#9816,.T.);
#9706 = FACE_BOUND('',#9707,.T.);
#9707 = EDGE_LOOP('',(#9708,#9709,#9710,#9716));
#9708 = ORIENTED_EDGE('',*,*,#9501,.F.);
#9709 = ORIENTED_EDGE('',*,*,#9541,.F.);
#9710 = ORIENTED_EDGE('',*,*,#9711,.F.);
#9711 = EDGE_CURVE('',#9564,#9534,#9712,.T.);
#9712 = LINE('',#9713,#9714);
#9713 = CARTESIAN_POINT('',(110.,-100.,1.6));
#9714 = VECTOR('',#9715,1.);
#9715 = DIRECTION('',(1.,0.,0.));
#9716 = ORIENTED_EDGE('',*,*,#9563,.F.);
#9717 = FACE_BOUND('',#9718,.T.);
#9718 = EDGE_LOOP('',(#9719));
#9719 = ORIENTED_EDGE('',*,*,#9720,.T.);
#9720 = EDGE_CURVE('',#9721,#9721,#9723,.T.);
#9721 = VERTEX_POINT('',#9722);
#9722 = CARTESIAN_POINT('',(120.,-117.975,1.6));
#9723 = CIRCLE('',#9724,0.475);
#9724 = AXIS2_PLACEMENT_3D('',#9725,#9726,#9727);
#9725 = CARTESIAN_POINT('',(120.,-117.5,1.6));
#9726 = DIRECTION('',(-0.,0.,-1.));
#9727 = DIRECTION('',(-0.,-1.,0.));
#9728 = FACE_BOUND('',#9729,.T.);
#9729 = EDGE_LOOP('',(#9730));
#9730 = ORIENTED_EDGE('',*,*,#9731,.T.);
#9731 = EDGE_CURVE('',#9732,#9732,#9734,.T.);
#9732 = VERTEX_POINT('',#9733);
#9733 = CARTESIAN_POINT('',(120.,-115.475,1.6));
#9734 = CIRCLE('',#9735,0.475);
#9735 = AXIS2_PLACEMENT_3D('',#9736,#9737,#9738);
#9736 = CARTESIAN_POINT('',(120.,-115.,1.6));
#9737 = DIRECTION('',(-0.,0.,-1.));
#9738 = DIRECTION('',(-0.,-1.,0.));
#9739 = FACE_BOUND('',#9740,.T.);
#9740 = EDGE_LOOP('',(#9741));
#9741 = ORIENTED_EDGE('',*,*,#9742,.T.);
#9742 = EDGE_CURVE('',#9743,#9743,#9745,.T.);
#9743 = VERTEX_POINT('',#9744);
#9744 = CARTESIAN_POINT('',(120.,-112.975,1.6));
#9745 = CIRCLE('',#9746,0.475);
#9746 = AXIS2_PLACEMENT_3D('',#9747,#9748,#9749);
#9747 = CARTESIAN_POINT('',(120.,-112.5,1.6));
#9748 = DIRECTION('',(-0.,0.,-1.));
#9749 = DIRECTION('',(-0.,-1.,0.));
#9750 = FACE_BOUND('',#9751,.T.);
#9751 = EDGE_LOOP('',(#9752));
#9752 = ORIENTED_EDGE('',*,*,#9753,.F.);
#9753 = EDGE_CURVE('',#9754,#9754,#9756,.T.);
#9754 = VERTEX_POINT('',#9755);
#9755 = CARTESIAN_POINT('',(114.5,-110.,1.6));
#9756 = CIRCLE('',#9757,1.5);
#9757 = AXIS2_PLACEMENT_3D('',#9758,#9759,#9760);
#9758 = CARTESIAN_POINT('',(113.,-110.,1.6));
#9759 = DIRECTION('',(0.,0.,1.));
#9760 = DIRECTION('',(1.,0.,-0.));
#9761 = FACE_BOUND('',#9762,.T.);
#9762 = EDGE_LOOP('',(#9763));
#9763 = ORIENTED_EDGE('',*,*,#9764,.T.);
#9764 = EDGE_CURVE('',#9765,#9765,#9767,.T.);
#9765 = VERTEX_POINT('',#9766);
#9766 = CARTESIAN_POINT('',(120.,-110.475,1.6));
#9767 = CIRCLE('',#9768,0.475);
#9768 = AXIS2_PLACEMENT_3D('',#9769,#9770,#9771);
#9769 = CARTESIAN_POINT('',(120.,-110.,1.6));
#9770 = DIRECTION('',(-0.,0.,-1.));
#9771 = DIRECTION('',(-0.,-1.,0.));
#9772 = FACE_BOUND('',#9773,.T.);
#9773 = EDGE_LOOP('',(#9774));
#9774 = ORIENTED_EDGE('',*,*,#9775,.T.);
#9775 = EDGE_CURVE('',#9776,#9776,#9778,.T.);
#9776 = VERTEX_POINT('',#9777);
#9777 = CARTESIAN_POINT('',(120.,-107.975,1.6));
#9778 = CIRCLE('',#9779,0.475);
#9779 = AXIS2_PLACEMENT_3D('',#9780,#9781,#9782);
#9780 = CARTESIAN_POINT('',(120.,-107.5,1.6));
#9781 = DIRECTION('',(-0.,0.,-1.));
#9782 = DIRECTION('',(-0.,-1.,0.));
#9783 = FACE_BOUND('',#9784,.T.);
#9784 = EDGE_LOOP('',(#9785));
#9785 = ORIENTED_EDGE('',*,*,#9786,.T.);
#9786 = EDGE_CURVE('',#9787,#9787,#9789,.T.);
#9787 = VERTEX_POINT('',#9788);
#9788 = CARTESIAN_POINT('',(120.,-105.475,1.6));
#9789 = CIRCLE('',#9790,0.475);
#9790 = AXIS2_PLACEMENT_3D('',#9791,#9792,#9793);
#9791 = CARTESIAN_POINT('',(120.,-105.,1.6));
#9792 = DIRECTION('',(-0.,0.,-1.));
#9793 = DIRECTION('',(-0.,-1.,0.));
#9794 = FACE_BOUND('',#9795,.T.);
#9795 = EDGE_LOOP('',(#9796));
#9796 = ORIENTED_EDGE('',*,*,#9797,.T.);
#9797 = EDGE_CURVE('',#9798,#9798,#9800,.T.);
#9798 = VERTEX_POINT('',#9799);
#9799 = CARTESIAN_POINT('',(120.,-102.975,1.6));
#9800 = CIRCLE('',#9801,0.475);
#9801 = AXIS2_PLACEMENT_3D('',#9802,#9803,#9804);
#9802 = CARTESIAN_POINT('',(120.,-102.5,1.6));
#9803 = DIRECTION('',(-0.,0.,-1.));
#9804 = DIRECTION('',(-0.,-1.,0.));
#9805 = FACE_BOUND('',#9806,.T.);
#9806 = EDGE_LOOP('',(#9807));
#9807 = ORIENTED_EDGE('',*,*,#9808,.F.);
#9808 = EDGE_CURVE('',#9809,#9809,#9811,.T.);
#9809 = VERTEX_POINT('',#9810);
#9810 = CARTESIAN_POINT('',(198.5,-110.,1.6));
#9811 = CIRCLE('',#9812,1.5);
#9812 = AXIS2_PLACEMENT_3D('',#9813,#9814,#9815);
#9813 = CARTESIAN_POINT('',(197.,-110.,1.6));
#9814 = DIRECTION('',(0.,0.,1.));
#9815 = DIRECTION('',(1.,0.,-0.));
#9816 = PLANE('',#9817);
#9817 = AXIS2_PLACEMENT_3D('',#9818,#9819,#9820);
#9818 = CARTESIAN_POINT('',(0.,0.,1.6));
#9819 = DIRECTION('',(0.,0.,1.));
#9820 = DIRECTION('',(1.,0.,-0.));
#9821 = ADVANCED_FACE('',(#9822),#9828,.T.);
#9822 = FACE_BOUND('',#9823,.T.);
#9823 = EDGE_LOOP('',(#9824,#9825,#9826,#9827));
#9824 = ORIENTED_EDGE('',*,*,#9571,.T.);
#9825 = ORIENTED_EDGE('',*,*,#9711,.T.);
#9826 = ORIENTED_EDGE('',*,*,#9531,.F.);
#9827 = ORIENTED_EDGE('',*,*,#9595,.F.);
#9828 = PLANE('',#9829);
#9829 = AXIS2_PLACEMENT_3D('',#9830,#9831,#9832);
#9830 = CARTESIAN_POINT('',(110.,-100.,0.));
#9831 = DIRECTION('',(0.,1.,0.));
#9832 = DIRECTION('',(1.,0.,0.));
#9833 = ADVANCED_FACE('',(#9834),#9845,.F.);
#9834 = FACE_BOUND('',#9835,.T.);
#9835 = EDGE_LOOP('',(#9836,#9837,#9843,#9844));
#9836 = ORIENTED_EDGE('',*,*,#9604,.T.);
#9837 = ORIENTED_EDGE('',*,*,#9838,.T.);
#9838 = EDGE_CURVE('',#9605,#9721,#9839,.T.);
#9839 = LINE('',#9840,#9841);
#9840 = CARTESIAN_POINT('',(120.,-117.975,-4.5E-02));
#9841 = VECTOR('',#9842,1.);
#9842 = DIRECTION('',(0.,0.,1.));
#9843 = ORIENTED_EDGE('',*,*,#9720,.F.);
#9844 = ORIENTED_EDGE('',*,*,#9838,.F.);
#9845 = CYLINDRICAL_SURFACE('',#9846,0.475);
#9846 = AXIS2_PLACEMENT_3D('',#9847,#9848,#9849);
#9847 = CARTESIAN_POINT('',(120.,-117.5,-4.5E-02));
#9848 = DIRECTION('',(-0.,-0.,-1.));
#9849 = DIRECTION('',(-0.,-1.,0.));
#9850 = ADVANCED_FACE('',(#9851),#9862,.F.);
#9851 = FACE_BOUND('',#9852,.T.);
#9852 = EDGE_LOOP('',(#9853,#9854,#9860,#9861));
#9853 = ORIENTED_EDGE('',*,*,#9615,.T.);
#9854 = ORIENTED_EDGE('',*,*,#9855,.T.);
#9855 = EDGE_CURVE('',#9616,#9732,#9856,.T.);
#9856 = LINE('',#9857,#9858);
#9857 = CARTESIAN_POINT('',(120.,-115.475,-4.5E-02));
#9858 = VECTOR('',#9859,1.);
#9859 = DIRECTION('',(0.,0.,1.));
#9860 = ORIENTED_EDGE('',*,*,#9731,.F.);
#9861 = ORIENTED_EDGE('',*,*,#9855,.F.);
#9862 = CYLINDRICAL_SURFACE('',#9863,0.475);
#9863 = AXIS2_PLACEMENT_3D('',#9864,#9865,#9866);
#9864 = CARTESIAN_POINT('',(120.,-115.,-4.5E-02));
#9865 = DIRECTION('',(-0.,-0.,-1.));
#9866 = DIRECTION('',(-0.,-1.,0.));
#9867 = ADVANCED_FACE('',(#9868),#9879,.F.);
#9868 = FACE_BOUND('',#9869,.T.);
#9869 = EDGE_LOOP('',(#9870,#9871,#9877,#9878));
#9870 = ORIENTED_EDGE('',*,*,#9626,.T.);
#9871 = ORIENTED_EDGE('',*,*,#9872,.T.);
#9872 = EDGE_CURVE('',#9627,#9743,#9873,.T.);
#9873 = LINE('',#9874,#9875);
#9874 = CARTESIAN_POINT('',(120.,-112.975,-4.5E-02));
#9875 = VECTOR('',#9876,1.);
#9876 = DIRECTION('',(0.,0.,1.));
#9877 = ORIENTED_EDGE('',*,*,#9742,.F.);
#9878 = ORIENTED_EDGE('',*,*,#9872,.F.);
#9879 = CYLINDRICAL_SURFACE('',#9880,0.475);
#9880 = AXIS2_PLACEMENT_3D('',#9881,#9882,#9883);
#9881 = CARTESIAN_POINT('',(120.,-112.5,-4.5E-02));
#9882 = DIRECTION('',(-0.,-0.,-1.));
#9883 = DIRECTION('',(-0.,-1.,0.));
#9884 = ADVANCED_FACE('',(#9885),#9896,.F.);
#9885 = FACE_BOUND('',#9886,.T.);
#9886 = EDGE_LOOP('',(#9887,#9893,#9894,#9895));
#9887 = ORIENTED_EDGE('',*,*,#9888,.T.);
#9888 = EDGE_CURVE('',#9638,#9754,#9889,.T.);
#9889 = LINE('',#9890,#9891);
#9890 = CARTESIAN_POINT('',(114.5,-110.,0.));
#9891 = VECTOR('',#9892,1.);
#9892 = DIRECTION('',(0.,0.,1.));
#9893 = ORIENTED_EDGE('',*,*,#9753,.T.);
#9894 = ORIENTED_EDGE('',*,*,#9888,.F.);
#9895 = ORIENTED_EDGE('',*,*,#9637,.F.);
#9896 = CYLINDRICAL_SURFACE('',#9897,1.5);
#9897 = AXIS2_PLACEMENT_3D('',#9898,#9899,#9900);
#9898 = CARTESIAN_POINT('',(113.,-110.,0.));
#9899 = DIRECTION('',(-0.,-0.,-1.));
#9900 = DIRECTION('',(1.,0.,-0.));
#9901 = ADVANCED_FACE('',(#9902),#9913,.F.);
#9902 = FACE_BOUND('',#9903,.T.);
#9903 = EDGE_LOOP('',(#9904,#9905,#9911,#9912));
#9904 = ORIENTED_EDGE('',*,*,#9648,.T.);
#9905 = ORIENTED_EDGE('',*,*,#9906,.T.);
#9906 = EDGE_CURVE('',#9649,#9765,#9907,.T.);
#9907 = LINE('',#9908,#9909);
#9908 = CARTESIAN_POINT('',(120.,-110.475,-4.5E-02));
#9909 = VECTOR('',#9910,1.);
#9910 = DIRECTION('',(0.,0.,1.));
#9911 = ORIENTED_EDGE('',*,*,#9764,.F.);
#9912 = ORIENTED_EDGE('',*,*,#9906,.F.);
#9913 = CYLINDRICAL_SURFACE('',#9914,0.475);
#9914 = AXIS2_PLACEMENT_3D('',#9915,#9916,#9917);
#9915 = CARTESIAN_POINT('',(120.,-110.,-4.5E-02));
#9916 = DIRECTION('',(-0.,-0.,-1.));
#9917 = DIRECTION('',(-0.,-1.,0.));
#9918 = ADVANCED_FACE('',(#9919),#9930,.F.);
#9919 = FACE_BOUND('',#9920,.T.);
#9920 = EDGE_LOOP('',(#9921,#9922,#9928,#9929));
#9921 = ORIENTED_EDGE('',*,*,#9659,.T.);
#9922 = ORIENTED_EDGE('',*,*,#9923,.T.);
#9923 = EDGE_CURVE('',#9660,#9776,#9924,.T.);
#9924 = LINE('',#9925,#9926);
#9925 = CARTESIAN_POINT('',(120.,-107.975,-4.5E-02));
#9926 = VECTOR('',#9927,1.);
#9927 = DIRECTION('',(0.,0.,1.));
#9928 = ORIENTED_EDGE('',*,*,#9775,.F.);
#9929 = ORIENTED_EDGE('',*,*,#9923,.F.);
#9930 = CYLINDRICAL_SURFACE('',#9931,0.475);
#9931 = AXIS2_PLACEMENT_3D('',#9932,#9933,#9934);
#9932 = CARTESIAN_POINT('',(120.,-107.5,-4.5E-02));
#9933 = DIRECTION('',(-0.,-0.,-1.));
#9934 = DIRECTION('',(-0.,-1.,0.));
#9935 = ADVANCED_FACE('',(#9936),#9947,.F.);
#9936 = FACE_BOUND('',#9937,.T.);
#9937 = EDGE_LOOP('',(#9938,#9939,#9945,#9946));
#9938 = ORIENTED_EDGE('',*,*,#9670,.T.);
#9939 = ORIENTED_EDGE('',*,*,#9940,.T.);
#9940 = EDGE_CURVE('',#9671,#9787,#9941,.T.);
#9941 = LINE('',#9942,#9943);
#9942 = CARTESIAN_POINT('',(120.,-105.475,-4.5E-02));
#9943 = VECTOR('',#9944,1.);
#9944 = DIRECTION('',(0.,0.,1.));
#9945 = ORIENTED_EDGE('',*,*,#9786,.F.);
#9946 = ORIENTED_EDGE('',*,*,#9940,.F.);
#9947 = CYLINDRICAL_SURFACE('',#9948,0.475);
#9948 = AXIS2_PLACEMENT_3D('',#9949,#9950,#9951);
#9949 = CARTESIAN_POINT('',(120.,-105.,-4.5E-02));
#9950 = DIRECTION('',(-0.,-0.,-1.));
#9951 = DIRECTION('',(-0.,-1.,0.));
#9952 = ADVANCED_FACE('',(#9953),#9964,.F.);
#9953 = FACE_BOUND('',#9954,.T.);
#9954 = EDGE_LOOP('',(#9955,#9956,#9962,#9963));
#9955 = ORIENTED_EDGE('',*,*,#9681,.T.);
#9956 = ORIENTED_EDGE('',*,*,#9957,.T.);
#9957 = EDGE_CURVE('',#9682,#9798,#9958,.T.);
#9958 = LINE('',#9959,#9960);
#9959 = CARTESIAN_POINT('',(120.,-102.975,-4.5E-02));
#9960 = VECTOR('',#9961,1.);
#9961 = DIRECTION('',(0.,0.,1.));
#9962 = ORIENTED_EDGE('',*,*,#9797,.F.);
#9963 = ORIENTED_EDGE('',*,*,#9957,.F.);
#9964 = CYLINDRICAL_SURFACE('',#9965,0.475);
#9965 = AXIS2_PLACEMENT_3D('',#9966,#9967,#9968);
#9966 = CARTESIAN_POINT('',(120.,-102.5,-4.5E-02));
#9967 = DIRECTION('',(-0.,-0.,-1.));
#9968 = DIRECTION('',(-0.,-1.,0.));
#9969 = ADVANCED_FACE('',(#9970),#9981,.F.);
#9970 = FACE_BOUND('',#9971,.T.);
#9971 = EDGE_LOOP('',(#9972,#9978,#9979,#9980));
#9972 = ORIENTED_EDGE('',*,*,#9973,.T.);
#9973 = EDGE_CURVE('',#9693,#9809,#9974,.T.);
#9974 = LINE('',#9975,#9976);
#9975 = CARTESIAN_POINT('',(198.5,-110.,0.));
#9976 = VECTOR('',#9977,1.);
#9977 = DIRECTION('',(0.,0.,1.));
#9978 = ORIENTED_EDGE('',*,*,#9808,.T.);
#9979 = ORIENTED_EDGE('',*,*,#9973,.F.);
#9980 = ORIENTED_EDGE('',*,*,#9692,.F.);
#9981 = CYLINDRICAL_SURFACE('',#9982,1.5);
#9982 = AXIS2_PLACEMENT_3D('',#9983,#9984,#9985);
#9983 = CARTESIAN_POINT('',(197.,-110.,0.));
#9984 = DIRECTION('',(-0.,-0.,-1.));
#9985 = DIRECTION('',(1.,0.,-0.));
#9986 = ( GEOMETRIC_REPRESENTATION_CONTEXT(3) 
GLOBAL_UNCERTAINTY_ASSIGNED_CONTEXT((#9990)) 
GLOBAL_UNIT_ASSIGNED_CONTEXT((#9987,#9988,#9989)) REPRESENTATION_CONTEXT
('Context #1','3D Context with UNIT and UNCERTAINTY') );
#9987 = ( LENGTH_UNIT() NAMED_UNIT(*) SI_UNIT(.MILLI.,.METRE.) );
#9988 = ( NAMED_UNIT(*) PLANE_ANGLE_UNIT() SI_UNIT($,.RADIAN.) );
#9989 = ( NAMED_UNIT(*) SI_UNIT($,.STERADIAN.) SOLID_ANGLE_UNIT() );
#9990 = UNCERTAINTY_MEASURE_WITH_UNIT(LENGTH_MEASURE(1.E-07),#9987,
  'distance_accuracy_value','confusion accuracy');
#9991 = CONTEXT_DEPENDENT_SHAPE_REPRESENTATION(#9992,#9994);
#9992 = ( REPRESENTATION_RELATIONSHIP('','',#9484,#10) 
REPRESENTATION_RELATIONSHIP_WITH_TRANSFORMATION(#9993) 
SHAPE_REPRESENTATION_RELATIONSHIP() );
#9993 = ITEM_DEFINED_TRANSFORMATION('','',#11,#159);
#9994 = PRODUCT_DEFINITION_SHAPE('Placement','Placement of an item',
  #9995);
#9995 = NEXT_ASSEMBLY_USAGE_OCCURRENCE('41','=>[0:1:1:10]','',#5,#9479,$
  );
#9996 = PRODUCT_RELATED_PRODUCT_CATEGORY('part',$,(#9481));
#9997 = MECHANICAL_DESIGN_GEOMETRIC_PRESENTATION_REPRESENTATION('',(
    #9998,#10006,#10013,#10020,#10027,#10034,#10041,#10048,#10055,#10062
    ,#10069,#10076,#10083,#10090,#10097,#10104,#10111,#10118,#10125,
    #10132,#10139,#10146,#10153,#10160,#10167,#10174,#10181,#10188,
    #10195,#10202,#10209,#10216,#10223,#10230,#10237,#10244,#10251,
    #10258,#10265,#10272,#10279,#10286,#10293,#10300,#10307,#10314,
    #10321,#10328,#10335,#10342,#10349,#10356,#10363,#10370,#10377,
    #10384,#10391,#10398,#10405,#10412,#10419,#10426,#10433,#10440,
    #10447,#10454,#10461,#10468,#10475,#10482,#10489,#10496,#10503,
    #10510,#10517,#10524,#10531,#10538,#10545,#10552,#10560,#10567,
    #10574,#10581,#10588,#10595,#10602,#10609,#10616,#10623,#10630,
    #10637,#10644,#10651,#10658,#10665,#10672,#10679,#10686,#10693,
    #10700,#10707,#10714,#10721,#10728,#10735,#10742,#10749,#10756,
    #10763,#10770,#10777,#10784,#10791,#10798,#10805,#10812,#10819,
    #10826,#10833,#10840,#10847,#10854,#10861,#10868,#10875,#10882,
    #10889,#10896,#10903,#10910,#10917,#10924,#10931,#10938,#10945,
    #10952,#10959,#10966,#10973,#10980,#10987,#10994,#11001,#11008,
    #11015,#11022,#11029,#11036,#11043,#11050,#11057,#11064,#11071,
    #11078,#11085,#11092,#11099,#11106,#11113,#11120,#11127,#11134,
    #11141,#11148,#11155,#11162,#11169,#11176,#11183,#11190,#11197,
    #11204,#11211,#11218,#11225,#11232,#11239,#11246,#11253,#11260,
    #11267,#11274,#11281,#11288,#11295,#11302,#11309,#11316,#11323,
    #11330,#11337,#11344,#11351,#11358,#11365,#11372,#11379,#11386,
    #11393,#11400,#11407,#11414,#11421,#11428,#11435,#11442,#11449,
    #11456,#11463,#11470,#11477,#11484),#6417);
#9998 = STYLED_ITEM('color',(#9999),#202);
#9999 = PRESENTATION_STYLE_ASSIGNMENT((#10000));
#10000 = SURFACE_STYLE_USAGE(.BOTH.,#10001);
#10001 = SURFACE_SIDE_STYLE('',(#10002));
#10002 = SURFACE_STYLE_FILL_AREA(#10003);
#10003 = FILL_AREA_STYLE('',(#10004));
#10004 = FILL_AREA_STYLE_COLOUR('',#10005);
#10005 = COLOUR_RGB('',0.894117649055,0.890196087049,0.811764731185);
#10006 = STYLED_ITEM('color',(#10007),#274);
#10007 = PRESENTATION_STYLE_ASSIGNMENT((#10008));
#10008 = SURFACE_STYLE_USAGE(.BOTH.,#10009);
#10009 = SURFACE_SIDE_STYLE('',(#10010));
#10010 = SURFACE_STYLE_FILL_AREA(#10011);
#10011 = FILL_AREA_STYLE('',(#10012));
#10012 = FILL_AREA_STYLE_COLOUR('',#10005);
#10013 = STYLED_ITEM('color',(#10014),#313);
#10014 = PRESENTATION_STYLE_ASSIGNMENT((#10015));
#10015 = SURFACE_STYLE_USAGE(.BOTH.,#10016);
#10016 = SURFACE_SIDE_STYLE('',(#10017));
#10017 = SURFACE_STYLE_FILL_AREA(#10018);
#10018 = FILL_AREA_STYLE('',(#10019));
#10019 = FILL_AREA_STYLE_COLOUR('',#10005);
#10020 = STYLED_ITEM('color',(#10021),#337);
#10021 = PRESENTATION_STYLE_ASSIGNMENT((#10022));
#10022 = SURFACE_STYLE_USAGE(.BOTH.,#10023);
#10023 = SURFACE_SIDE_STYLE('',(#10024));
#10024 = SURFACE_STYLE_FILL_AREA(#10025);
#10025 = FILL_AREA_STYLE('',(#10026));
#10026 = FILL_AREA_STYLE_COLOUR('',#10005);
#10027 = STYLED_ITEM('color',(#10028),#402);
#10028 = PRESENTATION_STYLE_ASSIGNMENT((#10029));
#10029 = SURFACE_STYLE_USAGE(.BOTH.,#10030);
#10030 = SURFACE_SIDE_STYLE('',(#10031));
#10031 = SURFACE_STYLE_FILL_AREA(#10032);
#10032 = FILL_AREA_STYLE('',(#10033));
#10033 = FILL_AREA_STYLE_COLOUR('',#10005);
#10034 = STYLED_ITEM('color',(#10035),#426);
#10035 = PRESENTATION_STYLE_ASSIGNMENT((#10036));
#10036 = SURFACE_STYLE_USAGE(.BOTH.,#10037);
#10037 = SURFACE_SIDE_STYLE('',(#10038));
#10038 = SURFACE_STYLE_FILL_AREA(#10039);
#10039 = FILL_AREA_STYLE('',(#10040));
#10040 = FILL_AREA_STYLE_COLOUR('',#10005);
#10041 = STYLED_ITEM('color',(#10042),#674);
#10042 = PRESENTATION_STYLE_ASSIGNMENT((#10043));
#10043 = SURFACE_STYLE_USAGE(.BOTH.,#10044);
#10044 = SURFACE_SIDE_STYLE('',(#10045));
#10045 = SURFACE_STYLE_FILL_AREA(#10046);
#10046 = FILL_AREA_STYLE('',(#10047));
#10047 = FILL_AREA_STYLE_COLOUR('',#10005);
#10048 = STYLED_ITEM('color',(#10049),#698);
#10049 = PRESENTATION_STYLE_ASSIGNMENT((#10050));
#10050 = SURFACE_STYLE_USAGE(.BOTH.,#10051);
#10051 = SURFACE_SIDE_STYLE('',(#10052));
#10052 = SURFACE_STYLE_FILL_AREA(#10053);
#10053 = FILL_AREA_STYLE('',(#10054));
#10054 = FILL_AREA_STYLE_COLOUR('',#10005);
#10055 = STYLED_ITEM('color',(#10056),#763);
#10056 = PRESENTATION_STYLE_ASSIGNMENT((#10057));
#10057 = SURFACE_STYLE_USAGE(.BOTH.,#10058);
#10058 = SURFACE_SIDE_STYLE('',(#10059));
#10059 = SURFACE_STYLE_FILL_AREA(#10060);
#10060 = FILL_AREA_STYLE('',(#10061));
#10061 = FILL_AREA_STYLE_COLOUR('',#10005);
#10062 = STYLED_ITEM('color',(#10063),#788);
#10063 = PRESENTATION_STYLE_ASSIGNMENT((#10064));
#10064 = SURFACE_STYLE_USAGE(.BOTH.,#10065);
#10065 = SURFACE_SIDE_STYLE('',(#10066));
#10066 = SURFACE_STYLE_FILL_AREA(#10067);
#10067 = FILL_AREA_STYLE('',(#10068));
#10068 = FILL_AREA_STYLE_COLOUR('',#10005);
#10069 = STYLED_ITEM('color',(#10070),#837);
#10070 = PRESENTATION_STYLE_ASSIGNMENT((#10071));
#10071 = SURFACE_STYLE_USAGE(.BOTH.,#10072);
#10072 = SURFACE_SIDE_STYLE('',(#10073));
#10073 = SURFACE_STYLE_FILL_AREA(#10074);
#10074 = FILL_AREA_STYLE('',(#10075));
#10075 = FILL_AREA_STYLE_COLOUR('',#10005);
#10076 = STYLED_ITEM('color',(#10077),#854);
#10077 = PRESENTATION_STYLE_ASSIGNMENT((#10078));
#10078 = SURFACE_STYLE_USAGE(.BOTH.,#10079);
#10079 = SURFACE_SIDE_STYLE('',(#10080));
#10080 = SURFACE_STYLE_FILL_AREA(#10081);
#10081 = FILL_AREA_STYLE('',(#10082));
#10082 = FILL_AREA_STYLE_COLOUR('',#10005);
#10083 = STYLED_ITEM('color',(#10084),#878);
#10084 = PRESENTATION_STYLE_ASSIGNMENT((#10085));
#10085 = SURFACE_STYLE_USAGE(.BOTH.,#10086);
#10086 = SURFACE_SIDE_STYLE('',(#10087));
#10087 = SURFACE_STYLE_FILL_AREA(#10088);
#10088 = FILL_AREA_STYLE('',(#10089));
#10089 = FILL_AREA_STYLE_COLOUR('',#10005);
#10090 = STYLED_ITEM('color',(#10091),#895);
#10091 = PRESENTATION_STYLE_ASSIGNMENT((#10092));
#10092 = SURFACE_STYLE_USAGE(.BOTH.,#10093);
#10093 = SURFACE_SIDE_STYLE('',(#10094));
#10094 = SURFACE_STYLE_FILL_AREA(#10095);
#10095 = FILL_AREA_STYLE('',(#10096));
#10096 = FILL_AREA_STYLE_COLOUR('',#10005);
#10097 = STYLED_ITEM('color',(#10098),#1065);
#10098 = PRESENTATION_STYLE_ASSIGNMENT((#10099));
#10099 = SURFACE_STYLE_USAGE(.BOTH.,#10100);
#10100 = SURFACE_SIDE_STYLE('',(#10101));
#10101 = SURFACE_STYLE_FILL_AREA(#10102);
#10102 = FILL_AREA_STYLE('',(#10103));
#10103 = FILL_AREA_STYLE_COLOUR('',#10005);
#10104 = STYLED_ITEM('color',(#10105),#1089);
#10105 = PRESENTATION_STYLE_ASSIGNMENT((#10106));
#10106 = SURFACE_STYLE_USAGE(.BOTH.,#10107);
#10107 = SURFACE_SIDE_STYLE('',(#10108));
#10108 = SURFACE_STYLE_FILL_AREA(#10109);
#10109 = FILL_AREA_STYLE('',(#10110));
#10110 = FILL_AREA_STYLE_COLOUR('',#10005);
#10111 = STYLED_ITEM('color',(#10112),#1451);
#10112 = PRESENTATION_STYLE_ASSIGNMENT((#10113));
#10113 = SURFACE_STYLE_USAGE(.BOTH.,#10114);
#10114 = SURFACE_SIDE_STYLE('',(#10115));
#10115 = SURFACE_STYLE_FILL_AREA(#10116);
#10116 = FILL_AREA_STYLE('',(#10117));
#10117 = FILL_AREA_STYLE_COLOUR('',#10005);
#10118 = STYLED_ITEM('color',(#10119),#1475);
#10119 = PRESENTATION_STYLE_ASSIGNMENT((#10120));
#10120 = SURFACE_STYLE_USAGE(.BOTH.,#10121);
#10121 = SURFACE_SIDE_STYLE('',(#10122));
#10122 = SURFACE_STYLE_FILL_AREA(#10123);
#10123 = FILL_AREA_STYLE('',(#10124));
#10124 = FILL_AREA_STYLE_COLOUR('',#10005);
#10125 = STYLED_ITEM('color',(#10126),#1508);
#10126 = PRESENTATION_STYLE_ASSIGNMENT((#10127));
#10127 = SURFACE_STYLE_USAGE(.BOTH.,#10128);
#10128 = SURFACE_SIDE_STYLE('',(#10129));
#10129 = SURFACE_STYLE_FILL_AREA(#10130);
#10130 = FILL_AREA_STYLE('',(#10131));
#10131 = FILL_AREA_STYLE_COLOUR('',#10005);
#10132 = STYLED_ITEM('color',(#10133),#1532);
#10133 = PRESENTATION_STYLE_ASSIGNMENT((#10134));
#10134 = SURFACE_STYLE_USAGE(.BOTH.,#10135);
#10135 = SURFACE_SIDE_STYLE('',(#10136));
#10136 = SURFACE_STYLE_FILL_AREA(#10137);
#10137 = FILL_AREA_STYLE('',(#10138));
#10138 = FILL_AREA_STYLE_COLOUR('',#10005);
#10139 = STYLED_ITEM('color',(#10140),#1563);
#10140 = PRESENTATION_STYLE_ASSIGNMENT((#10141));
#10141 = SURFACE_STYLE_USAGE(.BOTH.,#10142);
#10142 = SURFACE_SIDE_STYLE('',(#10143));
#10143 = SURFACE_STYLE_FILL_AREA(#10144);
#10144 = FILL_AREA_STYLE('',(#10145));
#10145 = FILL_AREA_STYLE_COLOUR('',#10005);
#10146 = STYLED_ITEM('color',(#10147),#1580);
#10147 = PRESENTATION_STYLE_ASSIGNMENT((#10148));
#10148 = SURFACE_STYLE_USAGE(.BOTH.,#10149);
#10149 = SURFACE_SIDE_STYLE('',(#10150));
#10150 = SURFACE_STYLE_FILL_AREA(#10151);
#10151 = FILL_AREA_STYLE('',(#10152));
#10152 = FILL_AREA_STYLE_COLOUR('',#10005);
#10153 = STYLED_ITEM('color',(#10154),#1613);
#10154 = PRESENTATION_STYLE_ASSIGNMENT((#10155));
#10155 = SURFACE_STYLE_USAGE(.BOTH.,#10156);
#10156 = SURFACE_SIDE_STYLE('',(#10157));
#10157 = SURFACE_STYLE_FILL_AREA(#10158);
#10158 = FILL_AREA_STYLE('',(#10159));
#10159 = FILL_AREA_STYLE_COLOUR('',#10005);
#10160 = STYLED_ITEM('color',(#10161),#1637);
#10161 = PRESENTATION_STYLE_ASSIGNMENT((#10162));
#10162 = SURFACE_STYLE_USAGE(.BOTH.,#10163);
#10163 = SURFACE_SIDE_STYLE('',(#10164));
#10164 = SURFACE_STYLE_FILL_AREA(#10165);
#10165 = FILL_AREA_STYLE('',(#10166));
#10166 = FILL_AREA_STYLE_COLOUR('',#10005);
#10167 = STYLED_ITEM('color',(#10168),#1668);
#10168 = PRESENTATION_STYLE_ASSIGNMENT((#10169));
#10169 = SURFACE_STYLE_USAGE(.BOTH.,#10170);
#10170 = SURFACE_SIDE_STYLE('',(#10171));
#10171 = SURFACE_STYLE_FILL_AREA(#10172);
#10172 = FILL_AREA_STYLE('',(#10173));
#10173 = FILL_AREA_STYLE_COLOUR('',#10005);
#10174 = STYLED_ITEM('color',(#10175),#1685);
#10175 = PRESENTATION_STYLE_ASSIGNMENT((#10176));
#10176 = SURFACE_STYLE_USAGE(.BOTH.,#10177);
#10177 = SURFACE_SIDE_STYLE('',(#10178));
#10178 = SURFACE_STYLE_FILL_AREA(#10179);
#10179 = FILL_AREA_STYLE('',(#10180));
#10180 = FILL_AREA_STYLE_COLOUR('',#10005);
#10181 = STYLED_ITEM('color',(#10182),#1718);
#10182 = PRESENTATION_STYLE_ASSIGNMENT((#10183));
#10183 = SURFACE_STYLE_USAGE(.BOTH.,#10184);
#10184 = SURFACE_SIDE_STYLE('',(#10185));
#10185 = SURFACE_STYLE_FILL_AREA(#10186);
#10186 = FILL_AREA_STYLE('',(#10187));
#10187 = FILL_AREA_STYLE_COLOUR('',#10005);
#10188 = STYLED_ITEM('color',(#10189),#1742);
#10189 = PRESENTATION_STYLE_ASSIGNMENT((#10190));
#10190 = SURFACE_STYLE_USAGE(.BOTH.,#10191);
#10191 = SURFACE_SIDE_STYLE('',(#10192));
#10192 = SURFACE_STYLE_FILL_AREA(#10193);
#10193 = FILL_AREA_STYLE('',(#10194));
#10194 = FILL_AREA_STYLE_COLOUR('',#10005);
#10195 = STYLED_ITEM('color',(#10196),#1773);
#10196 = PRESENTATION_STYLE_ASSIGNMENT((#10197));
#10197 = SURFACE_STYLE_USAGE(.BOTH.,#10198);
#10198 = SURFACE_SIDE_STYLE('',(#10199));
#10199 = SURFACE_STYLE_FILL_AREA(#10200);
#10200 = FILL_AREA_STYLE('',(#10201));
#10201 = FILL_AREA_STYLE_COLOUR('',#10005);
#10202 = STYLED_ITEM('color',(#10203),#1790);
#10203 = PRESENTATION_STYLE_ASSIGNMENT((#10204));
#10204 = SURFACE_STYLE_USAGE(.BOTH.,#10205);
#10205 = SURFACE_SIDE_STYLE('',(#10206));
#10206 = SURFACE_STYLE_FILL_AREA(#10207);
#10207 = FILL_AREA_STYLE('',(#10208));
#10208 = FILL_AREA_STYLE_COLOUR('',#10005);
#10209 = STYLED_ITEM('color',(#10210),#1823);
#10210 = PRESENTATION_STYLE_ASSIGNMENT((#10211));
#10211 = SURFACE_STYLE_USAGE(.BOTH.,#10212);
#10212 = SURFACE_SIDE_STYLE('',(#10213));
#10213 = SURFACE_STYLE_FILL_AREA(#10214);
#10214 = FILL_AREA_STYLE('',(#10215));
#10215 = FILL_AREA_STYLE_COLOUR('',#10005);
#10216 = STYLED_ITEM('color',(#10217),#1847);
#10217 = PRESENTATION_STYLE_ASSIGNMENT((#10218));
#10218 = SURFACE_STYLE_USAGE(.BOTH.,#10219);
#10219 = SURFACE_SIDE_STYLE('',(#10220));
#10220 = SURFACE_STYLE_FILL_AREA(#10221);
#10221 = FILL_AREA_STYLE('',(#10222));
#10222 = FILL_AREA_STYLE_COLOUR('',#10005);
#10223 = STYLED_ITEM('color',(#10224),#1878);
#10224 = PRESENTATION_STYLE_ASSIGNMENT((#10225));
#10225 = SURFACE_STYLE_USAGE(.BOTH.,#10226);
#10226 = SURFACE_SIDE_STYLE('',(#10227));
#10227 = SURFACE_STYLE_FILL_AREA(#10228);
#10228 = FILL_AREA_STYLE('',(#10229));
#10229 = FILL_AREA_STYLE_COLOUR('',#10005);
#10230 = STYLED_ITEM('color',(#10231),#1895);
#10231 = PRESENTATION_STYLE_ASSIGNMENT((#10232));
#10232 = SURFACE_STYLE_USAGE(.BOTH.,#10233);
#10233 = SURFACE_SIDE_STYLE('',(#10234));
#10234 = SURFACE_STYLE_FILL_AREA(#10235);
#10235 = FILL_AREA_STYLE('',(#10236));
#10236 = FILL_AREA_STYLE_COLOUR('',#10005);
#10237 = STYLED_ITEM('color',(#10238),#1928);
#10238 = PRESENTATION_STYLE_ASSIGNMENT((#10239));
#10239 = SURFACE_STYLE_USAGE(.BOTH.,#10240);
#10240 = SURFACE_SIDE_STYLE('',(#10241));
#10241 = SURFACE_STYLE_FILL_AREA(#10242);
#10242 = FILL_AREA_STYLE('',(#10243));
#10243 = FILL_AREA_STYLE_COLOUR('',#10005);
#10244 = STYLED_ITEM('color',(#10245),#1952);
#10245 = PRESENTATION_STYLE_ASSIGNMENT((#10246));
#10246 = SURFACE_STYLE_USAGE(.BOTH.,#10247);
#10247 = SURFACE_SIDE_STYLE('',(#10248));
#10248 = SURFACE_STYLE_FILL_AREA(#10249);
#10249 = FILL_AREA_STYLE('',(#10250));
#10250 = FILL_AREA_STYLE_COLOUR('',#10005);
#10251 = STYLED_ITEM('color',(#10252),#1983);
#10252 = PRESENTATION_STYLE_ASSIGNMENT((#10253));
#10253 = SURFACE_STYLE_USAGE(.BOTH.,#10254);
#10254 = SURFACE_SIDE_STYLE('',(#10255));
#10255 = SURFACE_STYLE_FILL_AREA(#10256);
#10256 = FILL_AREA_STYLE('',(#10257));
#10257 = FILL_AREA_STYLE_COLOUR('',#10005);
#10258 = STYLED_ITEM('color',(#10259),#2000);
#10259 = PRESENTATION_STYLE_ASSIGNMENT((#10260));
#10260 = SURFACE_STYLE_USAGE(.BOTH.,#10261);
#10261 = SURFACE_SIDE_STYLE('',(#10262));
#10262 = SURFACE_STYLE_FILL_AREA(#10263);
#10263 = FILL_AREA_STYLE('',(#10264));
#10264 = FILL_AREA_STYLE_COLOUR('',#10005);
#10265 = STYLED_ITEM('color',(#10266),#2033);
#10266 = PRESENTATION_STYLE_ASSIGNMENT((#10267));
#10267 = SURFACE_STYLE_USAGE(.BOTH.,#10268);
#10268 = SURFACE_SIDE_STYLE('',(#10269));
#10269 = SURFACE_STYLE_FILL_AREA(#10270);
#10270 = FILL_AREA_STYLE('',(#10271));
#10271 = FILL_AREA_STYLE_COLOUR('',#10005);
#10272 = STYLED_ITEM('color',(#10273),#2057);
#10273 = PRESENTATION_STYLE_ASSIGNMENT((#10274));
#10274 = SURFACE_STYLE_USAGE(.BOTH.,#10275);
#10275 = SURFACE_SIDE_STYLE('',(#10276));
#10276 = SURFACE_STYLE_FILL_AREA(#10277);
#10277 = FILL_AREA_STYLE('',(#10278));
#10278 = FILL_AREA_STYLE_COLOUR('',#10005);
#10279 = STYLED_ITEM('color',(#10280),#2088);
#10280 = PRESENTATION_STYLE_ASSIGNMENT((#10281));
#10281 = SURFACE_STYLE_USAGE(.BOTH.,#10282);
#10282 = SURFACE_SIDE_STYLE('',(#10283));
#10283 = SURFACE_STYLE_FILL_AREA(#10284);
#10284 = FILL_AREA_STYLE('',(#10285));
#10285 = FILL_AREA_STYLE_COLOUR('',#10005);
#10286 = STYLED_ITEM('color',(#10287),#2105);
#10287 = PRESENTATION_STYLE_ASSIGNMENT((#10288));
#10288 = SURFACE_STYLE_USAGE(.BOTH.,#10289);
#10289 = SURFACE_SIDE_STYLE('',(#10290));
#10290 = SURFACE_STYLE_FILL_AREA(#10291);
#10291 = FILL_AREA_STYLE('',(#10292));
#10292 = FILL_AREA_STYLE_COLOUR('',#10005);
#10293 = STYLED_ITEM('color',(#10294),#2138);
#10294 = PRESENTATION_STYLE_ASSIGNMENT((#10295));
#10295 = SURFACE_STYLE_USAGE(.BOTH.,#10296);
#10296 = SURFACE_SIDE_STYLE('',(#10297));
#10297 = SURFACE_STYLE_FILL_AREA(#10298);
#10298 = FILL_AREA_STYLE('',(#10299));
#10299 = FILL_AREA_STYLE_COLOUR('',#10005);
#10300 = STYLED_ITEM('color',(#10301),#2162);
#10301 = PRESENTATION_STYLE_ASSIGNMENT((#10302));
#10302 = SURFACE_STYLE_USAGE(.BOTH.,#10303);
#10303 = SURFACE_SIDE_STYLE('',(#10304));
#10304 = SURFACE_STYLE_FILL_AREA(#10305);
#10305 = FILL_AREA_STYLE('',(#10306));
#10306 = FILL_AREA_STYLE_COLOUR('',#10005);
#10307 = STYLED_ITEM('color',(#10308),#2193);
#10308 = PRESENTATION_STYLE_ASSIGNMENT((#10309));
#10309 = SURFACE_STYLE_USAGE(.BOTH.,#10310);
#10310 = SURFACE_SIDE_STYLE('',(#10311));
#10311 = SURFACE_STYLE_FILL_AREA(#10312);
#10312 = FILL_AREA_STYLE('',(#10313));
#10313 = FILL_AREA_STYLE_COLOUR('',#10005);
#10314 = STYLED_ITEM('color',(#10315),#2205);
#10315 = PRESENTATION_STYLE_ASSIGNMENT((#10316));
#10316 = SURFACE_STYLE_USAGE(.BOTH.,#10317);
#10317 = SURFACE_SIDE_STYLE('',(#10318));
#10318 = SURFACE_STYLE_FILL_AREA(#10319);
#10319 = FILL_AREA_STYLE('',(#10320));
#10320 = FILL_AREA_STYLE_COLOUR('',#10005);
#10321 = STYLED_ITEM('color',(#10322),#2238);
#10322 = PRESENTATION_STYLE_ASSIGNMENT((#10323));
#10323 = SURFACE_STYLE_USAGE(.BOTH.,#10324);
#10324 = SURFACE_SIDE_STYLE('',(#10325));
#10325 = SURFACE_STYLE_FILL_AREA(#10326);
#10326 = FILL_AREA_STYLE('',(#10327));
#10327 = FILL_AREA_STYLE_COLOUR('',#10005);
#10328 = STYLED_ITEM('color',(#10329),#2255);
#10329 = PRESENTATION_STYLE_ASSIGNMENT((#10330));
#10330 = SURFACE_STYLE_USAGE(.BOTH.,#10331);
#10331 = SURFACE_SIDE_STYLE('',(#10332));
#10332 = SURFACE_STYLE_FILL_AREA(#10333);
#10333 = FILL_AREA_STYLE('',(#10334));
#10334 = FILL_AREA_STYLE_COLOUR('',#10005);
#10335 = STYLED_ITEM('color',(#10336),#2272);
#10336 = PRESENTATION_STYLE_ASSIGNMENT((#10337));
#10337 = SURFACE_STYLE_USAGE(.BOTH.,#10338);
#10338 = SURFACE_SIDE_STYLE('',(#10339));
#10339 = SURFACE_STYLE_FILL_AREA(#10340);
#10340 = FILL_AREA_STYLE('',(#10341));
#10341 = FILL_AREA_STYLE_COLOUR('',#10005);
#10342 = STYLED_ITEM('color',(#10343),#2284);
#10343 = PRESENTATION_STYLE_ASSIGNMENT((#10344));
#10344 = SURFACE_STYLE_USAGE(.BOTH.,#10345);
#10345 = SURFACE_SIDE_STYLE('',(#10346));
#10346 = SURFACE_STYLE_FILL_AREA(#10347);
#10347 = FILL_AREA_STYLE('',(#10348));
#10348 = FILL_AREA_STYLE_COLOUR('',#10005);
#10349 = STYLED_ITEM('color',(#10350),#2534);
#10350 = PRESENTATION_STYLE_ASSIGNMENT((#10351));
#10351 = SURFACE_STYLE_USAGE(.BOTH.,#10352);
#10352 = SURFACE_SIDE_STYLE('',(#10353));
#10353 = SURFACE_STYLE_FILL_AREA(#10354);
#10354 = FILL_AREA_STYLE('',(#10355));
#10355 = FILL_AREA_STYLE_COLOUR('',#10005);
#10356 = STYLED_ITEM('color',(#10357),#2551);
#10357 = PRESENTATION_STYLE_ASSIGNMENT((#10358));
#10358 = SURFACE_STYLE_USAGE(.BOTH.,#10359);
#10359 = SURFACE_SIDE_STYLE('',(#10360));
#10360 = SURFACE_STYLE_FILL_AREA(#10361);
#10361 = FILL_AREA_STYLE('',(#10362));
#10362 = FILL_AREA_STYLE_COLOUR('',#10005);
#10363 = STYLED_ITEM('color',(#10364),#2568);
#10364 = PRESENTATION_STYLE_ASSIGNMENT((#10365));
#10365 = SURFACE_STYLE_USAGE(.BOTH.,#10366);
#10366 = SURFACE_SIDE_STYLE('',(#10367));
#10367 = SURFACE_STYLE_FILL_AREA(#10368);
#10368 = FILL_AREA_STYLE('',(#10369));
#10369 = FILL_AREA_STYLE_COLOUR('',#10005);
#10370 = STYLED_ITEM('color',(#10371),#2585);
#10371 = PRESENTATION_STYLE_ASSIGNMENT((#10372));
#10372 = SURFACE_STYLE_USAGE(.BOTH.,#10373);
#10373 = SURFACE_SIDE_STYLE('',(#10374));
#10374 = SURFACE_STYLE_FILL_AREA(#10375);
#10375 = FILL_AREA_STYLE('',(#10376));
#10376 = FILL_AREA_STYLE_COLOUR('',#10005);
#10377 = STYLED_ITEM('color',(#10378),#2602);
#10378 = PRESENTATION_STYLE_ASSIGNMENT((#10379));
#10379 = SURFACE_STYLE_USAGE(.BOTH.,#10380);
#10380 = SURFACE_SIDE_STYLE('',(#10381));
#10381 = SURFACE_STYLE_FILL_AREA(#10382);
#10382 = FILL_AREA_STYLE('',(#10383));
#10383 = FILL_AREA_STYLE_COLOUR('',#10005);
#10384 = STYLED_ITEM('color',(#10385),#2619);
#10385 = PRESENTATION_STYLE_ASSIGNMENT((#10386));
#10386 = SURFACE_STYLE_USAGE(.BOTH.,#10387);
#10387 = SURFACE_SIDE_STYLE('',(#10388));
#10388 = SURFACE_STYLE_FILL_AREA(#10389);
#10389 = FILL_AREA_STYLE('',(#10390));
#10390 = FILL_AREA_STYLE_COLOUR('',#10005);
#10391 = STYLED_ITEM('color',(#10392),#2636);
#10392 = PRESENTATION_STYLE_ASSIGNMENT((#10393));
#10393 = SURFACE_STYLE_USAGE(.BOTH.,#10394);
#10394 = SURFACE_SIDE_STYLE('',(#10395));
#10395 = SURFACE_STYLE_FILL_AREA(#10396);
#10396 = FILL_AREA_STYLE('',(#10397));
#10397 = FILL_AREA_STYLE_COLOUR('',#10005);
#10398 = STYLED_ITEM('color',(#10399),#2653);
#10399 = PRESENTATION_STYLE_ASSIGNMENT((#10400));
#10400 = SURFACE_STYLE_USAGE(.BOTH.,#10401);
#10401 = SURFACE_SIDE_STYLE('',(#10402));
#10402 = SURFACE_STYLE_FILL_AREA(#10403);
#10403 = FILL_AREA_STYLE('',(#10404));
#10404 = FILL_AREA_STYLE_COLOUR('',#10005);
#10405 = STYLED_ITEM('color',(#10406),#2670);
#10406 = PRESENTATION_STYLE_ASSIGNMENT((#10407));
#10407 = SURFACE_STYLE_USAGE(.BOTH.,#10408);
#10408 = SURFACE_SIDE_STYLE('',(#10409));
#10409 = SURFACE_STYLE_FILL_AREA(#10410);
#10410 = FILL_AREA_STYLE('',(#10411));
#10411 = FILL_AREA_STYLE_COLOUR('',#10005);
#10412 = STYLED_ITEM('color',(#10413),#2687);
#10413 = PRESENTATION_STYLE_ASSIGNMENT((#10414));
#10414 = SURFACE_STYLE_USAGE(.BOTH.,#10415);
#10415 = SURFACE_SIDE_STYLE('',(#10416));
#10416 = SURFACE_STYLE_FILL_AREA(#10417);
#10417 = FILL_AREA_STYLE('',(#10418));
#10418 = FILL_AREA_STYLE_COLOUR('',#10005);
#10419 = STYLED_ITEM('color',(#10420),#2704);
#10420 = PRESENTATION_STYLE_ASSIGNMENT((#10421));
#10421 = SURFACE_STYLE_USAGE(.BOTH.,#10422);
#10422 = SURFACE_SIDE_STYLE('',(#10423));
#10423 = SURFACE_STYLE_FILL_AREA(#10424);
#10424 = FILL_AREA_STYLE('',(#10425));
#10425 = FILL_AREA_STYLE_COLOUR('',#10005);
#10426 = STYLED_ITEM('color',(#10427),#2721);
#10427 = PRESENTATION_STYLE_ASSIGNMENT((#10428));
#10428 = SURFACE_STYLE_USAGE(.BOTH.,#10429);
#10429 = SURFACE_SIDE_STYLE('',(#10430));
#10430 = SURFACE_STYLE_FILL_AREA(#10431);
#10431 = FILL_AREA_STYLE('',(#10432));
#10432 = FILL_AREA_STYLE_COLOUR('',#10005);
#10433 = STYLED_ITEM('color',(#10434),#2738);
#10434 = PRESENTATION_STYLE_ASSIGNMENT((#10435));
#10435 = SURFACE_STYLE_USAGE(.BOTH.,#10436);
#10436 = SURFACE_SIDE_STYLE('',(#10437));
#10437 = SURFACE_STYLE_FILL_AREA(#10438);
#10438 = FILL_AREA_STYLE('',(#10439));
#10439 = FILL_AREA_STYLE_COLOUR('',#10005);
#10440 = STYLED_ITEM('color',(#10441),#2755);
#10441 = PRESENTATION_STYLE_ASSIGNMENT((#10442));
#10442 = SURFACE_STYLE_USAGE(.BOTH.,#10443);
#10443 = SURFACE_SIDE_STYLE('',(#10444));
#10444 = SURFACE_STYLE_FILL_AREA(#10445);
#10445 = FILL_AREA_STYLE('',(#10446));
#10446 = FILL_AREA_STYLE_COLOUR('',#10005);
#10447 = STYLED_ITEM('color',(#10448),#2772);
#10448 = PRESENTATION_STYLE_ASSIGNMENT((#10449));
#10449 = SURFACE_STYLE_USAGE(.BOTH.,#10450);
#10450 = SURFACE_SIDE_STYLE('',(#10451));
#10451 = SURFACE_STYLE_FILL_AREA(#10452);
#10452 = FILL_AREA_STYLE('',(#10453));
#10453 = FILL_AREA_STYLE_COLOUR('',#10005);
#10454 = STYLED_ITEM('color',(#10455),#2784);
#10455 = PRESENTATION_STYLE_ASSIGNMENT((#10456));
#10456 = SURFACE_STYLE_USAGE(.BOTH.,#10457);
#10457 = SURFACE_SIDE_STYLE('',(#10458));
#10458 = SURFACE_STYLE_FILL_AREA(#10459);
#10459 = FILL_AREA_STYLE('',(#10460));
#10460 = FILL_AREA_STYLE_COLOUR('',#10005);
#10461 = STYLED_ITEM('color',(#10462),#2801);
#10462 = PRESENTATION_STYLE_ASSIGNMENT((#10463));
#10463 = SURFACE_STYLE_USAGE(.BOTH.,#10464);
#10464 = SURFACE_SIDE_STYLE('',(#10465));
#10465 = SURFACE_STYLE_FILL_AREA(#10466);
#10466 = FILL_AREA_STYLE('',(#10467));
#10467 = FILL_AREA_STYLE_COLOUR('',#10005);
#10468 = STYLED_ITEM('color',(#10469),#2818);
#10469 = PRESENTATION_STYLE_ASSIGNMENT((#10470));
#10470 = SURFACE_STYLE_USAGE(.BOTH.,#10471);
#10471 = SURFACE_SIDE_STYLE('',(#10472));
#10472 = SURFACE_STYLE_FILL_AREA(#10473);
#10473 = FILL_AREA_STYLE('',(#10474));
#10474 = FILL_AREA_STYLE_COLOUR('',#10005);
#10475 = STYLED_ITEM('color',(#10476),#2835);
#10476 = PRESENTATION_STYLE_ASSIGNMENT((#10477));
#10477 = SURFACE_STYLE_USAGE(.BOTH.,#10478);
#10478 = SURFACE_SIDE_STYLE('',(#10479));
#10479 = SURFACE_STYLE_FILL_AREA(#10480);
#10480 = FILL_AREA_STYLE('',(#10481));
#10481 = FILL_AREA_STYLE_COLOUR('',#10005);
#10482 = STYLED_ITEM('color',(#10483),#2852);
#10483 = PRESENTATION_STYLE_ASSIGNMENT((#10484));
#10484 = SURFACE_STYLE_USAGE(.BOTH.,#10485);
#10485 = SURFACE_SIDE_STYLE('',(#10486));
#10486 = SURFACE_STYLE_FILL_AREA(#10487);
#10487 = FILL_AREA_STYLE('',(#10488));
#10488 = FILL_AREA_STYLE_COLOUR('',#10005);
#10489 = STYLED_ITEM('color',(#10490),#2869);
#10490 = PRESENTATION_STYLE_ASSIGNMENT((#10491));
#10491 = SURFACE_STYLE_USAGE(.BOTH.,#10492);
#10492 = SURFACE_SIDE_STYLE('',(#10493));
#10493 = SURFACE_STYLE_FILL_AREA(#10494);
#10494 = FILL_AREA_STYLE('',(#10495));
#10495 = FILL_AREA_STYLE_COLOUR('',#10005);
#10496 = STYLED_ITEM('color',(#10497),#2886);
#10497 = PRESENTATION_STYLE_ASSIGNMENT((#10498));
#10498 = SURFACE_STYLE_USAGE(.BOTH.,#10499);
#10499 = SURFACE_SIDE_STYLE('',(#10500));
#10500 = SURFACE_STYLE_FILL_AREA(#10501);
#10501 = FILL_AREA_STYLE('',(#10502));
#10502 = FILL_AREA_STYLE_COLOUR('',#10005);
#10503 = STYLED_ITEM('color',(#10504),#2903);
#10504 = PRESENTATION_STYLE_ASSIGNMENT((#10505));
#10505 = SURFACE_STYLE_USAGE(.BOTH.,#10506);
#10506 = SURFACE_SIDE_STYLE('',(#10507));
#10507 = SURFACE_STYLE_FILL_AREA(#10508);
#10508 = FILL_AREA_STYLE('',(#10509));
#10509 = FILL_AREA_STYLE_COLOUR('',#10005);
#10510 = STYLED_ITEM('color',(#10511),#2949);
#10511 = PRESENTATION_STYLE_ASSIGNMENT((#10512));
#10512 = SURFACE_STYLE_USAGE(.BOTH.,#10513);
#10513 = SURFACE_SIDE_STYLE('',(#10514));
#10514 = SURFACE_STYLE_FILL_AREA(#10515);
#10515 = FILL_AREA_STYLE('',(#10516));
#10516 = FILL_AREA_STYLE_COLOUR('',#10005);
#10517 = STYLED_ITEM('color',(#10518),#2995);
#10518 = PRESENTATION_STYLE_ASSIGNMENT((#10519));
#10519 = SURFACE_STYLE_USAGE(.BOTH.,#10520);
#10520 = SURFACE_SIDE_STYLE('',(#10521));
#10521 = SURFACE_STYLE_FILL_AREA(#10522);
#10522 = FILL_AREA_STYLE('',(#10523));
#10523 = FILL_AREA_STYLE_COLOUR('',#10005);
#10524 = STYLED_ITEM('color',(#10525),#3041);
#10525 = PRESENTATION_STYLE_ASSIGNMENT((#10526));
#10526 = SURFACE_STYLE_USAGE(.BOTH.,#10527);
#10527 = SURFACE_SIDE_STYLE('',(#10528));
#10528 = SURFACE_STYLE_FILL_AREA(#10529);
#10529 = FILL_AREA_STYLE('',(#10530));
#10530 = FILL_AREA_STYLE_COLOUR('',#10005);
#10531 = STYLED_ITEM('color',(#10532),#3087);
#10532 = PRESENTATION_STYLE_ASSIGNMENT((#10533));
#10533 = SURFACE_STYLE_USAGE(.BOTH.,#10534);
#10534 = SURFACE_SIDE_STYLE('',(#10535));
#10535 = SURFACE_STYLE_FILL_AREA(#10536);
#10536 = FILL_AREA_STYLE('',(#10537));
#10537 = FILL_AREA_STYLE_COLOUR('',#10005);
#10538 = STYLED_ITEM('color',(#10539),#3133);
#10539 = PRESENTATION_STYLE_ASSIGNMENT((#10540));
#10540 = SURFACE_STYLE_USAGE(.BOTH.,#10541);
#10541 = SURFACE_SIDE_STYLE('',(#10542));
#10542 = SURFACE_STYLE_FILL_AREA(#10543);
#10543 = FILL_AREA_STYLE('',(#10544));
#10544 = FILL_AREA_STYLE_COLOUR('',#10005);
#10545 = STYLED_ITEM('color',(#10546),#3179);
#10546 = PRESENTATION_STYLE_ASSIGNMENT((#10547));
#10547 = SURFACE_STYLE_USAGE(.BOTH.,#10548);
#10548 = SURFACE_SIDE_STYLE('',(#10549));
#10549 = SURFACE_STYLE_FILL_AREA(#10550);
#10550 = FILL_AREA_STYLE('',(#10551));
#10551 = FILL_AREA_STYLE_COLOUR('',#10005);
#10552 = STYLED_ITEM('color',(#10553),#3225);
#10553 = PRESENTATION_STYLE_ASSIGNMENT((#10554));
#10554 = SURFACE_STYLE_USAGE(.BOTH.,#10555);
#10555 = SURFACE_SIDE_STYLE('',(#10556));
#10556 = SURFACE_STYLE_FILL_AREA(#10557);
#10557 = FILL_AREA_STYLE('',(#10558));
#10558 = FILL_AREA_STYLE_COLOUR('',#10559);
#10559 = COLOUR_RGB('',0.823529417451,0.819607860991,0.780392170416);
#10560 = STYLED_ITEM('color',(#10561),#3256);
#10561 = PRESENTATION_STYLE_ASSIGNMENT((#10562));
#10562 = SURFACE_STYLE_USAGE(.BOTH.,#10563);
#10563 = SURFACE_SIDE_STYLE('',(#10564));
#10564 = SURFACE_STYLE_FILL_AREA(#10565);
#10565 = FILL_AREA_STYLE('',(#10566));
#10566 = FILL_AREA_STYLE_COLOUR('',#10559);
#10567 = STYLED_ITEM('color',(#10568),#3280);
#10568 = PRESENTATION_STYLE_ASSIGNMENT((#10569));
#10569 = SURFACE_STYLE_USAGE(.BOTH.,#10570);
#10570 = SURFACE_SIDE_STYLE('',(#10571));
#10571 = SURFACE_STYLE_FILL_AREA(#10572);
#10572 = FILL_AREA_STYLE('',(#10573));
#10573 = FILL_AREA_STYLE_COLOUR('',#10559);
#10574 = STYLED_ITEM('color',(#10575),#3304);
#10575 = PRESENTATION_STYLE_ASSIGNMENT((#10576));
#10576 = SURFACE_STYLE_USAGE(.BOTH.,#10577);
#10577 = SURFACE_SIDE_STYLE('',(#10578));
#10578 = SURFACE_STYLE_FILL_AREA(#10579);
#10579 = FILL_AREA_STYLE('',(#10580));
#10580 = FILL_AREA_STYLE_COLOUR('',#10559);
#10581 = STYLED_ITEM('color',(#10582),#3321);
#10582 = PRESENTATION_STYLE_ASSIGNMENT((#10583));
#10583 = SURFACE_STYLE_USAGE(.BOTH.,#10584);
#10584 = SURFACE_SIDE_STYLE('',(#10585));
#10585 = SURFACE_STYLE_FILL_AREA(#10586);
#10586 = FILL_AREA_STYLE('',(#10587));
#10587 = FILL_AREA_STYLE_COLOUR('',#10559);
#10588 = STYLED_ITEM('color',(#10589),#3352);
#10589 = PRESENTATION_STYLE_ASSIGNMENT((#10590));
#10590 = SURFACE_STYLE_USAGE(.BOTH.,#10591);
#10591 = SURFACE_SIDE_STYLE('',(#10592));
#10592 = SURFACE_STYLE_FILL_AREA(#10593);
#10593 = FILL_AREA_STYLE('',(#10594));
#10594 = FILL_AREA_STYLE_COLOUR('',#10559);
#10595 = STYLED_ITEM('color',(#10596),#3376);
#10596 = PRESENTATION_STYLE_ASSIGNMENT((#10597));
#10597 = SURFACE_STYLE_USAGE(.BOTH.,#10598);
#10598 = SURFACE_SIDE_STYLE('',(#10599));
#10599 = SURFACE_STYLE_FILL_AREA(#10600);
#10600 = FILL_AREA_STYLE('',(#10601));
#10601 = FILL_AREA_STYLE_COLOUR('',#10559);
#10602 = STYLED_ITEM('color',(#10603),#3400);
#10603 = PRESENTATION_STYLE_ASSIGNMENT((#10604));
#10604 = SURFACE_STYLE_USAGE(.BOTH.,#10605);
#10605 = SURFACE_SIDE_STYLE('',(#10606));
#10606 = SURFACE_STYLE_FILL_AREA(#10607);
#10607 = FILL_AREA_STYLE('',(#10608));
#10608 = FILL_AREA_STYLE_COLOUR('',#10559);
#10609 = STYLED_ITEM('color',(#10610),#3417);
#10610 = PRESENTATION_STYLE_ASSIGNMENT((#10611));
#10611 = SURFACE_STYLE_USAGE(.BOTH.,#10612);
#10612 = SURFACE_SIDE_STYLE('',(#10613));
#10613 = SURFACE_STYLE_FILL_AREA(#10614);
#10614 = FILL_AREA_STYLE('',(#10615));
#10615 = FILL_AREA_STYLE_COLOUR('',#10559);
#10616 = STYLED_ITEM('color',(#10617),#3448);
#10617 = PRESENTATION_STYLE_ASSIGNMENT((#10618));
#10618 = SURFACE_STYLE_USAGE(.BOTH.,#10619);
#10619 = SURFACE_SIDE_STYLE('',(#10620));
#10620 = SURFACE_STYLE_FILL_AREA(#10621);
#10621 = FILL_AREA_STYLE('',(#10622));
#10622 = FILL_AREA_STYLE_COLOUR('',#10559);
#10623 = STYLED_ITEM('color',(#10624),#3472);
#10624 = PRESENTATION_STYLE_ASSIGNMENT((#10625));
#10625 = SURFACE_STYLE_USAGE(.BOTH.,#10626);
#10626 = SURFACE_SIDE_STYLE('',(#10627));
#10627 = SURFACE_STYLE_FILL_AREA(#10628);
#10628 = FILL_AREA_STYLE('',(#10629));
#10629 = FILL_AREA_STYLE_COLOUR('',#10559);
#10630 = STYLED_ITEM('color',(#10631),#3496);
#10631 = PRESENTATION_STYLE_ASSIGNMENT((#10632));
#10632 = SURFACE_STYLE_USAGE(.BOTH.,#10633);
#10633 = SURFACE_SIDE_STYLE('',(#10634));
#10634 = SURFACE_STYLE_FILL_AREA(#10635);
#10635 = FILL_AREA_STYLE('',(#10636));
#10636 = FILL_AREA_STYLE_COLOUR('',#10559);
#10637 = STYLED_ITEM('color',(#10638),#3513);
#10638 = PRESENTATION_STYLE_ASSIGNMENT((#10639));
#10639 = SURFACE_STYLE_USAGE(.BOTH.,#10640);
#10640 = SURFACE_SIDE_STYLE('',(#10641));
#10641 = SURFACE_STYLE_FILL_AREA(#10642);
#10642 = FILL_AREA_STYLE('',(#10643));
#10643 = FILL_AREA_STYLE_COLOUR('',#10559);
#10644 = STYLED_ITEM('color',(#10645),#3544);
#10645 = PRESENTATION_STYLE_ASSIGNMENT((#10646));
#10646 = SURFACE_STYLE_USAGE(.BOTH.,#10647);
#10647 = SURFACE_SIDE_STYLE('',(#10648));
#10648 = SURFACE_STYLE_FILL_AREA(#10649);
#10649 = FILL_AREA_STYLE('',(#10650));
#10650 = FILL_AREA_STYLE_COLOUR('',#10559);
#10651 = STYLED_ITEM('color',(#10652),#3568);
#10652 = PRESENTATION_STYLE_ASSIGNMENT((#10653));
#10653 = SURFACE_STYLE_USAGE(.BOTH.,#10654);
#10654 = SURFACE_SIDE_STYLE('',(#10655));
#10655 = SURFACE_STYLE_FILL_AREA(#10656);
#10656 = FILL_AREA_STYLE('',(#10657));
#10657 = FILL_AREA_STYLE_COLOUR('',#10559);
#10658 = STYLED_ITEM('color',(#10659),#3592);
#10659 = PRESENTATION_STYLE_ASSIGNMENT((#10660));
#10660 = SURFACE_STYLE_USAGE(.BOTH.,#10661);
#10661 = SURFACE_SIDE_STYLE('',(#10662));
#10662 = SURFACE_STYLE_FILL_AREA(#10663);
#10663 = FILL_AREA_STYLE('',(#10664));
#10664 = FILL_AREA_STYLE_COLOUR('',#10559);
#10665 = STYLED_ITEM('color',(#10666),#3609);
#10666 = PRESENTATION_STYLE_ASSIGNMENT((#10667));
#10667 = SURFACE_STYLE_USAGE(.BOTH.,#10668);
#10668 = SURFACE_SIDE_STYLE('',(#10669));
#10669 = SURFACE_STYLE_FILL_AREA(#10670);
#10670 = FILL_AREA_STYLE('',(#10671));
#10671 = FILL_AREA_STYLE_COLOUR('',#10559);
#10672 = STYLED_ITEM('color',(#10673),#3640);
#10673 = PRESENTATION_STYLE_ASSIGNMENT((#10674));
#10674 = SURFACE_STYLE_USAGE(.BOTH.,#10675);
#10675 = SURFACE_SIDE_STYLE('',(#10676));
#10676 = SURFACE_STYLE_FILL_AREA(#10677);
#10677 = FILL_AREA_STYLE('',(#10678));
#10678 = FILL_AREA_STYLE_COLOUR('',#10559);
#10679 = STYLED_ITEM('color',(#10680),#3664);
#10680 = PRESENTATION_STYLE_ASSIGNMENT((#10681));
#10681 = SURFACE_STYLE_USAGE(.BOTH.,#10682);
#10682 = SURFACE_SIDE_STYLE('',(#10683));
#10683 = SURFACE_STYLE_FILL_AREA(#10684);
#10684 = FILL_AREA_STYLE('',(#10685));
#10685 = FILL_AREA_STYLE_COLOUR('',#10559);
#10686 = STYLED_ITEM('color',(#10687),#3688);
#10687 = PRESENTATION_STYLE_ASSIGNMENT((#10688));
#10688 = SURFACE_STYLE_USAGE(.BOTH.,#10689);
#10689 = SURFACE_SIDE_STYLE('',(#10690));
#10690 = SURFACE_STYLE_FILL_AREA(#10691);
#10691 = FILL_AREA_STYLE('',(#10692));
#10692 = FILL_AREA_STYLE_COLOUR('',#10559);
#10693 = STYLED_ITEM('color',(#10694),#3705);
#10694 = PRESENTATION_STYLE_ASSIGNMENT((#10695));
#10695 = SURFACE_STYLE_USAGE(.BOTH.,#10696);
#10696 = SURFACE_SIDE_STYLE('',(#10697));
#10697 = SURFACE_STYLE_FILL_AREA(#10698);
#10698 = FILL_AREA_STYLE('',(#10699));
#10699 = FILL_AREA_STYLE_COLOUR('',#10559);
#10700 = STYLED_ITEM('color',(#10701),#3736);
#10701 = PRESENTATION_STYLE_ASSIGNMENT((#10702));
#10702 = SURFACE_STYLE_USAGE(.BOTH.,#10703);
#10703 = SURFACE_SIDE_STYLE('',(#10704));
#10704 = SURFACE_STYLE_FILL_AREA(#10705);
#10705 = FILL_AREA_STYLE('',(#10706));
#10706 = FILL_AREA_STYLE_COLOUR('',#10559);
#10707 = STYLED_ITEM('color',(#10708),#3760);
#10708 = PRESENTATION_STYLE_ASSIGNMENT((#10709));
#10709 = SURFACE_STYLE_USAGE(.BOTH.,#10710);
#10710 = SURFACE_SIDE_STYLE('',(#10711));
#10711 = SURFACE_STYLE_FILL_AREA(#10712);
#10712 = FILL_AREA_STYLE('',(#10713));
#10713 = FILL_AREA_STYLE_COLOUR('',#10559);
#10714 = STYLED_ITEM('color',(#10715),#3784);
#10715 = PRESENTATION_STYLE_ASSIGNMENT((#10716));
#10716 = SURFACE_STYLE_USAGE(.BOTH.,#10717);
#10717 = SURFACE_SIDE_STYLE('',(#10718));
#10718 = SURFACE_STYLE_FILL_AREA(#10719);
#10719 = FILL_AREA_STYLE('',(#10720));
#10720 = FILL_AREA_STYLE_COLOUR('',#10559);
#10721 = STYLED_ITEM('color',(#10722),#3801);
#10722 = PRESENTATION_STYLE_ASSIGNMENT((#10723));
#10723 = SURFACE_STYLE_USAGE(.BOTH.,#10724);
#10724 = SURFACE_SIDE_STYLE('',(#10725));
#10725 = SURFACE_STYLE_FILL_AREA(#10726);
#10726 = FILL_AREA_STYLE('',(#10727));
#10727 = FILL_AREA_STYLE_COLOUR('',#10559);
#10728 = STYLED_ITEM('color',(#10729),#3832);
#10729 = PRESENTATION_STYLE_ASSIGNMENT((#10730));
#10730 = SURFACE_STYLE_USAGE(.BOTH.,#10731);
#10731 = SURFACE_SIDE_STYLE('',(#10732));
#10732 = SURFACE_STYLE_FILL_AREA(#10733);
#10733 = FILL_AREA_STYLE('',(#10734));
#10734 = FILL_AREA_STYLE_COLOUR('',#10559);
#10735 = STYLED_ITEM('color',(#10736),#3856);
#10736 = PRESENTATION_STYLE_ASSIGNMENT((#10737));
#10737 = SURFACE_STYLE_USAGE(.BOTH.,#10738);
#10738 = SURFACE_SIDE_STYLE('',(#10739));
#10739 = SURFACE_STYLE_FILL_AREA(#10740);
#10740 = FILL_AREA_STYLE('',(#10741));
#10741 = FILL_AREA_STYLE_COLOUR('',#10559);
#10742 = STYLED_ITEM('color',(#10743),#3880);
#10743 = PRESENTATION_STYLE_ASSIGNMENT((#10744));
#10744 = SURFACE_STYLE_USAGE(.BOTH.,#10745);
#10745 = SURFACE_SIDE_STYLE('',(#10746));
#10746 = SURFACE_STYLE_FILL_AREA(#10747);
#10747 = FILL_AREA_STYLE('',(#10748));
#10748 = FILL_AREA_STYLE_COLOUR('',#10559);
#10749 = STYLED_ITEM('color',(#10750),#3897);
#10750 = PRESENTATION_STYLE_ASSIGNMENT((#10751));
#10751 = SURFACE_STYLE_USAGE(.BOTH.,#10752);
#10752 = SURFACE_SIDE_STYLE('',(#10753));
#10753 = SURFACE_STYLE_FILL_AREA(#10754);
#10754 = FILL_AREA_STYLE('',(#10755));
#10755 = FILL_AREA_STYLE_COLOUR('',#10559);
#10756 = STYLED_ITEM('color',(#10757),#3960);
#10757 = PRESENTATION_STYLE_ASSIGNMENT((#10758));
#10758 = SURFACE_STYLE_USAGE(.BOTH.,#10759);
#10759 = SURFACE_SIDE_STYLE('',(#10760));
#10760 = SURFACE_STYLE_FILL_AREA(#10761);
#10761 = FILL_AREA_STYLE('',(#10762));
#10762 = FILL_AREA_STYLE_COLOUR('',#10559);
#10763 = STYLED_ITEM('color',(#10764),#3984);
#10764 = PRESENTATION_STYLE_ASSIGNMENT((#10765));
#10765 = SURFACE_STYLE_USAGE(.BOTH.,#10766);
#10766 = SURFACE_SIDE_STYLE('',(#10767));
#10767 = SURFACE_STYLE_FILL_AREA(#10768);
#10768 = FILL_AREA_STYLE('',(#10769));
#10769 = FILL_AREA_STYLE_COLOUR('',#10559);
#10770 = STYLED_ITEM('color',(#10771),#4040);
#10771 = PRESENTATION_STYLE_ASSIGNMENT((#10772));
#10772 = SURFACE_STYLE_USAGE(.BOTH.,#10773);
#10773 = SURFACE_SIDE_STYLE('',(#10774));
#10774 = SURFACE_STYLE_FILL_AREA(#10775);
#10775 = FILL_AREA_STYLE('',(#10776));
#10776 = FILL_AREA_STYLE_COLOUR('',#10559);
#10777 = STYLED_ITEM('color',(#10778),#4057);
#10778 = PRESENTATION_STYLE_ASSIGNMENT((#10779));
#10779 = SURFACE_STYLE_USAGE(.BOTH.,#10780);
#10780 = SURFACE_SIDE_STYLE('',(#10781));
#10781 = SURFACE_STYLE_FILL_AREA(#10782);
#10782 = FILL_AREA_STYLE('',(#10783));
#10783 = FILL_AREA_STYLE_COLOUR('',#10559);
#10784 = STYLED_ITEM('color',(#10785),#4088);
#10785 = PRESENTATION_STYLE_ASSIGNMENT((#10786));
#10786 = SURFACE_STYLE_USAGE(.BOTH.,#10787);
#10787 = SURFACE_SIDE_STYLE('',(#10788));
#10788 = SURFACE_STYLE_FILL_AREA(#10789);
#10789 = FILL_AREA_STYLE('',(#10790));
#10790 = FILL_AREA_STYLE_COLOUR('',#10559);
#10791 = STYLED_ITEM('color',(#10792),#4112);
#10792 = PRESENTATION_STYLE_ASSIGNMENT((#10793));
#10793 = SURFACE_STYLE_USAGE(.BOTH.,#10794);
#10794 = SURFACE_SIDE_STYLE('',(#10795));
#10795 = SURFACE_STYLE_FILL_AREA(#10796);
#10796 = FILL_AREA_STYLE('',(#10797));
#10797 = FILL_AREA_STYLE_COLOUR('',#10559);
#10798 = STYLED_ITEM('color',(#10799),#4136);
#10799 = PRESENTATION_STYLE_ASSIGNMENT((#10800));
#10800 = SURFACE_STYLE_USAGE(.BOTH.,#10801);
#10801 = SURFACE_SIDE_STYLE('',(#10802));
#10802 = SURFACE_STYLE_FILL_AREA(#10803);
#10803 = FILL_AREA_STYLE('',(#10804));
#10804 = FILL_AREA_STYLE_COLOUR('',#10559);
#10805 = STYLED_ITEM('color',(#10806),#4153);
#10806 = PRESENTATION_STYLE_ASSIGNMENT((#10807));
#10807 = SURFACE_STYLE_USAGE(.BOTH.,#10808);
#10808 = SURFACE_SIDE_STYLE('',(#10809));
#10809 = SURFACE_STYLE_FILL_AREA(#10810);
#10810 = FILL_AREA_STYLE('',(#10811));
#10811 = FILL_AREA_STYLE_COLOUR('',#10559);
#10812 = STYLED_ITEM('color',(#10813),#4184);
#10813 = PRESENTATION_STYLE_ASSIGNMENT((#10814));
#10814 = SURFACE_STYLE_USAGE(.BOTH.,#10815);
#10815 = SURFACE_SIDE_STYLE('',(#10816));
#10816 = SURFACE_STYLE_FILL_AREA(#10817);
#10817 = FILL_AREA_STYLE('',(#10818));
#10818 = FILL_AREA_STYLE_COLOUR('',#10559);
#10819 = STYLED_ITEM('color',(#10820),#4208);
#10820 = PRESENTATION_STYLE_ASSIGNMENT((#10821));
#10821 = SURFACE_STYLE_USAGE(.BOTH.,#10822);
#10822 = SURFACE_SIDE_STYLE('',(#10823));
#10823 = SURFACE_STYLE_FILL_AREA(#10824);
#10824 = FILL_AREA_STYLE('',(#10825));
#10825 = FILL_AREA_STYLE_COLOUR('',#10559);
#10826 = STYLED_ITEM('color',(#10827),#4232);
#10827 = PRESENTATION_STYLE_ASSIGNMENT((#10828));
#10828 = SURFACE_STYLE_USAGE(.BOTH.,#10829);
#10829 = SURFACE_SIDE_STYLE('',(#10830));
#10830 = SURFACE_STYLE_FILL_AREA(#10831);
#10831 = FILL_AREA_STYLE('',(#10832));
#10832 = FILL_AREA_STYLE_COLOUR('',#10559);
#10833 = STYLED_ITEM('color',(#10834),#4249);
#10834 = PRESENTATION_STYLE_ASSIGNMENT((#10835));
#10835 = SURFACE_STYLE_USAGE(.BOTH.,#10836);
#10836 = SURFACE_SIDE_STYLE('',(#10837));
#10837 = SURFACE_STYLE_FILL_AREA(#10838);
#10838 = FILL_AREA_STYLE('',(#10839));
#10839 = FILL_AREA_STYLE_COLOUR('',#10559);
#10840 = STYLED_ITEM('color',(#10841),#4280);
#10841 = PRESENTATION_STYLE_ASSIGNMENT((#10842));
#10842 = SURFACE_STYLE_USAGE(.BOTH.,#10843);
#10843 = SURFACE_SIDE_STYLE('',(#10844));
#10844 = SURFACE_STYLE_FILL_AREA(#10845);
#10845 = FILL_AREA_STYLE('',(#10846));
#10846 = FILL_AREA_STYLE_COLOUR('',#10559);
#10847 = STYLED_ITEM('color',(#10848),#4304);
#10848 = PRESENTATION_STYLE_ASSIGNMENT((#10849));
#10849 = SURFACE_STYLE_USAGE(.BOTH.,#10850);
#10850 = SURFACE_SIDE_STYLE('',(#10851));
#10851 = SURFACE_STYLE_FILL_AREA(#10852);
#10852 = FILL_AREA_STYLE('',(#10853));
#10853 = FILL_AREA_STYLE_COLOUR('',#10559);
#10854 = STYLED_ITEM('color',(#10855),#4328);
#10855 = PRESENTATION_STYLE_ASSIGNMENT((#10856));
#10856 = SURFACE_STYLE_USAGE(.BOTH.,#10857);
#10857 = SURFACE_SIDE_STYLE('',(#10858));
#10858 = SURFACE_STYLE_FILL_AREA(#10859);
#10859 = FILL_AREA_STYLE('',(#10860));
#10860 = FILL_AREA_STYLE_COLOUR('',#10559);
#10861 = STYLED_ITEM('color',(#10862),#4345);
#10862 = PRESENTATION_STYLE_ASSIGNMENT((#10863));
#10863 = SURFACE_STYLE_USAGE(.BOTH.,#10864);
#10864 = SURFACE_SIDE_STYLE('',(#10865));
#10865 = SURFACE_STYLE_FILL_AREA(#10866);
#10866 = FILL_AREA_STYLE('',(#10867));
#10867 = FILL_AREA_STYLE_COLOUR('',#10559);
#10868 = STYLED_ITEM('color',(#10869),#4376);
#10869 = PRESENTATION_STYLE_ASSIGNMENT((#10870));
#10870 = SURFACE_STYLE_USAGE(.BOTH.,#10871);
#10871 = SURFACE_SIDE_STYLE('',(#10872));
#10872 = SURFACE_STYLE_FILL_AREA(#10873);
#10873 = FILL_AREA_STYLE('',(#10874));
#10874 = FILL_AREA_STYLE_COLOUR('',#10559);
#10875 = STYLED_ITEM('color',(#10876),#4400);
#10876 = PRESENTATION_STYLE_ASSIGNMENT((#10877));
#10877 = SURFACE_STYLE_USAGE(.BOTH.,#10878);
#10878 = SURFACE_SIDE_STYLE('',(#10879));
#10879 = SURFACE_STYLE_FILL_AREA(#10880);
#10880 = FILL_AREA_STYLE('',(#10881));
#10881 = FILL_AREA_STYLE_COLOUR('',#10559);
#10882 = STYLED_ITEM('color',(#10883),#4424);
#10883 = PRESENTATION_STYLE_ASSIGNMENT((#10884));
#10884 = SURFACE_STYLE_USAGE(.BOTH.,#10885);
#10885 = SURFACE_SIDE_STYLE('',(#10886));
#10886 = SURFACE_STYLE_FILL_AREA(#10887);
#10887 = FILL_AREA_STYLE('',(#10888));
#10888 = FILL_AREA_STYLE_COLOUR('',#10559);
#10889 = STYLED_ITEM('color',(#10890),#4441);
#10890 = PRESENTATION_STYLE_ASSIGNMENT((#10891));
#10891 = SURFACE_STYLE_USAGE(.BOTH.,#10892);
#10892 = SURFACE_SIDE_STYLE('',(#10893));
#10893 = SURFACE_STYLE_FILL_AREA(#10894);
#10894 = FILL_AREA_STYLE('',(#10895));
#10895 = FILL_AREA_STYLE_COLOUR('',#10559);
#10896 = STYLED_ITEM('color',(#10897),#4472);
#10897 = PRESENTATION_STYLE_ASSIGNMENT((#10898));
#10898 = SURFACE_STYLE_USAGE(.BOTH.,#10899);
#10899 = SURFACE_SIDE_STYLE('',(#10900));
#10900 = SURFACE_STYLE_FILL_AREA(#10901);
#10901 = FILL_AREA_STYLE('',(#10902));
#10902 = FILL_AREA_STYLE_COLOUR('',#10559);
#10903 = STYLED_ITEM('color',(#10904),#4496);
#10904 = PRESENTATION_STYLE_ASSIGNMENT((#10905));
#10905 = SURFACE_STYLE_USAGE(.BOTH.,#10906);
#10906 = SURFACE_SIDE_STYLE('',(#10907));
#10907 = SURFACE_STYLE_FILL_AREA(#10908);
#10908 = FILL_AREA_STYLE('',(#10909));
#10909 = FILL_AREA_STYLE_COLOUR('',#10559);
#10910 = STYLED_ITEM('color',(#10911),#4520);
#10911 = PRESENTATION_STYLE_ASSIGNMENT((#10912));
#10912 = SURFACE_STYLE_USAGE(.BOTH.,#10913);
#10913 = SURFACE_SIDE_STYLE('',(#10914));
#10914 = SURFACE_STYLE_FILL_AREA(#10915);
#10915 = FILL_AREA_STYLE('',(#10916));
#10916 = FILL_AREA_STYLE_COLOUR('',#10559);
#10917 = STYLED_ITEM('color',(#10918),#4537);
#10918 = PRESENTATION_STYLE_ASSIGNMENT((#10919));
#10919 = SURFACE_STYLE_USAGE(.BOTH.,#10920);
#10920 = SURFACE_SIDE_STYLE('',(#10921));
#10921 = SURFACE_STYLE_FILL_AREA(#10922);
#10922 = FILL_AREA_STYLE('',(#10923));
#10923 = FILL_AREA_STYLE_COLOUR('',#10559);
#10924 = STYLED_ITEM('color',(#10925),#4568);
#10925 = PRESENTATION_STYLE_ASSIGNMENT((#10926));
#10926 = SURFACE_STYLE_USAGE(.BOTH.,#10927);
#10927 = SURFACE_SIDE_STYLE('',(#10928));
#10928 = SURFACE_STYLE_FILL_AREA(#10929);
#10929 = FILL_AREA_STYLE('',(#10930));
#10930 = FILL_AREA_STYLE_COLOUR('',#10559);
#10931 = STYLED_ITEM('color',(#10932),#4624);
#10932 = PRESENTATION_STYLE_ASSIGNMENT((#10933));
#10933 = SURFACE_STYLE_USAGE(.BOTH.,#10934);
#10934 = SURFACE_SIDE_STYLE('',(#10935));
#10935 = SURFACE_STYLE_FILL_AREA(#10936);
#10936 = FILL_AREA_STYLE('',(#10937));
#10937 = FILL_AREA_STYLE_COLOUR('',#10559);
#10938 = STYLED_ITEM('color',(#10939),#4648);
#10939 = PRESENTATION_STYLE_ASSIGNMENT((#10940));
#10940 = SURFACE_STYLE_USAGE(.BOTH.,#10941);
#10941 = SURFACE_SIDE_STYLE('',(#10942));
#10942 = SURFACE_STYLE_FILL_AREA(#10943);
#10943 = FILL_AREA_STYLE('',(#10944));
#10944 = FILL_AREA_STYLE_COLOUR('',#10559);
#10945 = STYLED_ITEM('color',(#10946),#4697);
#10946 = PRESENTATION_STYLE_ASSIGNMENT((#10947));
#10947 = SURFACE_STYLE_USAGE(.BOTH.,#10948);
#10948 = SURFACE_SIDE_STYLE('',(#10949));
#10949 = SURFACE_STYLE_FILL_AREA(#10950);
#10950 = FILL_AREA_STYLE('',(#10951));
#10951 = FILL_AREA_STYLE_COLOUR('',#10559);
#10952 = STYLED_ITEM('color',(#10953),#4728);
#10953 = PRESENTATION_STYLE_ASSIGNMENT((#10954));
#10954 = SURFACE_STYLE_USAGE(.BOTH.,#10955);
#10955 = SURFACE_SIDE_STYLE('',(#10956));
#10956 = SURFACE_STYLE_FILL_AREA(#10957);
#10957 = FILL_AREA_STYLE('',(#10958));
#10958 = FILL_AREA_STYLE_COLOUR('',#10559);
#10959 = STYLED_ITEM('color',(#10960),#4752);
#10960 = PRESENTATION_STYLE_ASSIGNMENT((#10961));
#10961 = SURFACE_STYLE_USAGE(.BOTH.,#10962);
#10962 = SURFACE_SIDE_STYLE('',(#10963));
#10963 = SURFACE_STYLE_FILL_AREA(#10964);
#10964 = FILL_AREA_STYLE('',(#10965));
#10965 = FILL_AREA_STYLE_COLOUR('',#10559);
#10966 = STYLED_ITEM('color',(#10967),#4776);
#10967 = PRESENTATION_STYLE_ASSIGNMENT((#10968));
#10968 = SURFACE_STYLE_USAGE(.BOTH.,#10969);
#10969 = SURFACE_SIDE_STYLE('',(#10970));
#10970 = SURFACE_STYLE_FILL_AREA(#10971);
#10971 = FILL_AREA_STYLE('',(#10972));
#10972 = FILL_AREA_STYLE_COLOUR('',#10559);
#10973 = STYLED_ITEM('color',(#10974),#4793);
#10974 = PRESENTATION_STYLE_ASSIGNMENT((#10975));
#10975 = SURFACE_STYLE_USAGE(.BOTH.,#10976);
#10976 = SURFACE_SIDE_STYLE('',(#10977));
#10977 = SURFACE_STYLE_FILL_AREA(#10978);
#10978 = FILL_AREA_STYLE('',(#10979));
#10979 = FILL_AREA_STYLE_COLOUR('',#10559);
#10980 = STYLED_ITEM('color',(#10981),#4824);
#10981 = PRESENTATION_STYLE_ASSIGNMENT((#10982));
#10982 = SURFACE_STYLE_USAGE(.BOTH.,#10983);
#10983 = SURFACE_SIDE_STYLE('',(#10984));
#10984 = SURFACE_STYLE_FILL_AREA(#10985);
#10985 = FILL_AREA_STYLE('',(#10986));
#10986 = FILL_AREA_STYLE_COLOUR('',#10559);
#10987 = STYLED_ITEM('color',(#10988),#4848);
#10988 = PRESENTATION_STYLE_ASSIGNMENT((#10989));
#10989 = SURFACE_STYLE_USAGE(.BOTH.,#10990);
#10990 = SURFACE_SIDE_STYLE('',(#10991));
#10991 = SURFACE_STYLE_FILL_AREA(#10992);
#10992 = FILL_AREA_STYLE('',(#10993));
#10993 = FILL_AREA_STYLE_COLOUR('',#10559);
#10994 = STYLED_ITEM('color',(#10995),#4872);
#10995 = PRESENTATION_STYLE_ASSIGNMENT((#10996));
#10996 = SURFACE_STYLE_USAGE(.BOTH.,#10997);
#10997 = SURFACE_SIDE_STYLE('',(#10998));
#10998 = SURFACE_STYLE_FILL_AREA(#10999);
#10999 = FILL_AREA_STYLE('',(#11000));
#11000 = FILL_AREA_STYLE_COLOUR('',#10559);
#11001 = STYLED_ITEM('color',(#11002),#4889);
#11002 = PRESENTATION_STYLE_ASSIGNMENT((#11003));
#11003 = SURFACE_STYLE_USAGE(.BOTH.,#11004);
#11004 = SURFACE_SIDE_STYLE('',(#11005));
#11005 = SURFACE_STYLE_FILL_AREA(#11006);
#11006 = FILL_AREA_STYLE('',(#11007));
#11007 = FILL_AREA_STYLE_COLOUR('',#10559);
#11008 = STYLED_ITEM('color',(#11009),#4920);
#11009 = PRESENTATION_STYLE_ASSIGNMENT((#11010));
#11010 = SURFACE_STYLE_USAGE(.BOTH.,#11011);
#11011 = SURFACE_SIDE_STYLE('',(#11012));
#11012 = SURFACE_STYLE_FILL_AREA(#11013);
#11013 = FILL_AREA_STYLE('',(#11014));
#11014 = FILL_AREA_STYLE_COLOUR('',#10559);
#11015 = STYLED_ITEM('color',(#11016),#4944);
#11016 = PRESENTATION_STYLE_ASSIGNMENT((#11017));
#11017 = SURFACE_STYLE_USAGE(.BOTH.,#11018);
#11018 = SURFACE_SIDE_STYLE('',(#11019));
#11019 = SURFACE_STYLE_FILL_AREA(#11020);
#11020 = FILL_AREA_STYLE('',(#11021));
#11021 = FILL_AREA_STYLE_COLOUR('',#10559);
#11022 = STYLED_ITEM('color',(#11023),#4968);
#11023 = PRESENTATION_STYLE_ASSIGNMENT((#11024));
#11024 = SURFACE_STYLE_USAGE(.BOTH.,#11025);
#11025 = SURFACE_SIDE_STYLE('',(#11026));
#11026 = SURFACE_STYLE_FILL_AREA(#11027);
#11027 = FILL_AREA_STYLE('',(#11028));
#11028 = FILL_AREA_STYLE_COLOUR('',#10559);
#11029 = STYLED_ITEM('color',(#11030),#4985);
#11030 = PRESENTATION_STYLE_ASSIGNMENT((#11031));
#11031 = SURFACE_STYLE_USAGE(.BOTH.,#11032);
#11032 = SURFACE_SIDE_STYLE('',(#11033));
#11033 = SURFACE_STYLE_FILL_AREA(#11034);
#11034 = FILL_AREA_STYLE('',(#11035));
#11035 = FILL_AREA_STYLE_COLOUR('',#10559);
#11036 = STYLED_ITEM('color',(#11037),#5016);
#11037 = PRESENTATION_STYLE_ASSIGNMENT((#11038));
#11038 = SURFACE_STYLE_USAGE(.BOTH.,#11039);
#11039 = SURFACE_SIDE_STYLE('',(#11040));
#11040 = SURFACE_STYLE_FILL_AREA(#11041);
#11041 = FILL_AREA_STYLE('',(#11042));
#11042 = FILL_AREA_STYLE_COLOUR('',#10559);
#11043 = STYLED_ITEM('color',(#11044),#5040);
#11044 = PRESENTATION_STYLE_ASSIGNMENT((#11045));
#11045 = SURFACE_STYLE_USAGE(.BOTH.,#11046);
#11046 = SURFACE_SIDE_STYLE('',(#11047));
#11047 = SURFACE_STYLE_FILL_AREA(#11048);
#11048 = FILL_AREA_STYLE('',(#11049));
#11049 = FILL_AREA_STYLE_COLOUR('',#10559);
#11050 = STYLED_ITEM('color',(#11051),#5064);
#11051 = PRESENTATION_STYLE_ASSIGNMENT((#11052));
#11052 = SURFACE_STYLE_USAGE(.BOTH.,#11053);
#11053 = SURFACE_SIDE_STYLE('',(#11054));
#11054 = SURFACE_STYLE_FILL_AREA(#11055);
#11055 = FILL_AREA_STYLE('',(#11056));
#11056 = FILL_AREA_STYLE_COLOUR('',#10559);
#11057 = STYLED_ITEM('color',(#11058),#5081);
#11058 = PRESENTATION_STYLE_ASSIGNMENT((#11059));
#11059 = SURFACE_STYLE_USAGE(.BOTH.,#11060);
#11060 = SURFACE_SIDE_STYLE('',(#11061));
#11061 = SURFACE_STYLE_FILL_AREA(#11062);
#11062 = FILL_AREA_STYLE('',(#11063));
#11063 = FILL_AREA_STYLE_COLOUR('',#10559);
#11064 = STYLED_ITEM('color',(#11065),#5112);
#11065 = PRESENTATION_STYLE_ASSIGNMENT((#11066));
#11066 = SURFACE_STYLE_USAGE(.BOTH.,#11067);
#11067 = SURFACE_SIDE_STYLE('',(#11068));
#11068 = SURFACE_STYLE_FILL_AREA(#11069);
#11069 = FILL_AREA_STYLE('',(#11070));
#11070 = FILL_AREA_STYLE_COLOUR('',#10559);
#11071 = STYLED_ITEM('color',(#11072),#5136);
#11072 = PRESENTATION_STYLE_ASSIGNMENT((#11073));
#11073 = SURFACE_STYLE_USAGE(.BOTH.,#11074);
#11074 = SURFACE_SIDE_STYLE('',(#11075));
#11075 = SURFACE_STYLE_FILL_AREA(#11076);
#11076 = FILL_AREA_STYLE('',(#11077));
#11077 = FILL_AREA_STYLE_COLOUR('',#10559);
#11078 = STYLED_ITEM('color',(#11079),#5160);
#11079 = PRESENTATION_STYLE_ASSIGNMENT((#11080));
#11080 = SURFACE_STYLE_USAGE(.BOTH.,#11081);
#11081 = SURFACE_SIDE_STYLE('',(#11082));
#11082 = SURFACE_STYLE_FILL_AREA(#11083);
#11083 = FILL_AREA_STYLE('',(#11084));
#11084 = FILL_AREA_STYLE_COLOUR('',#10559);
#11085 = STYLED_ITEM('color',(#11086),#5177);
#11086 = PRESENTATION_STYLE_ASSIGNMENT((#11087));
#11087 = SURFACE_STYLE_USAGE(.BOTH.,#11088);
#11088 = SURFACE_SIDE_STYLE('',(#11089));
#11089 = SURFACE_STYLE_FILL_AREA(#11090);
#11090 = FILL_AREA_STYLE('',(#11091));
#11091 = FILL_AREA_STYLE_COLOUR('',#10559);
#11092 = STYLED_ITEM('color',(#11093),#5208);
#11093 = PRESENTATION_STYLE_ASSIGNMENT((#11094));
#11094 = SURFACE_STYLE_USAGE(.BOTH.,#11095);
#11095 = SURFACE_SIDE_STYLE('',(#11096));
#11096 = SURFACE_STYLE_FILL_AREA(#11097);
#11097 = FILL_AREA_STYLE('',(#11098));
#11098 = FILL_AREA_STYLE_COLOUR('',#10559);
#11099 = STYLED_ITEM('color',(#11100),#5232);
#11100 = PRESENTATION_STYLE_ASSIGNMENT((#11101));
#11101 = SURFACE_STYLE_USAGE(.BOTH.,#11102);
#11102 = SURFACE_SIDE_STYLE('',(#11103));
#11103 = SURFACE_STYLE_FILL_AREA(#11104);
#11104 = FILL_AREA_STYLE('',(#11105));
#11105 = FILL_AREA_STYLE_COLOUR('',#10559);
#11106 = STYLED_ITEM('color',(#11107),#5256);
#11107 = PRESENTATION_STYLE_ASSIGNMENT((#11108));
#11108 = SURFACE_STYLE_USAGE(.BOTH.,#11109);
#11109 = SURFACE_SIDE_STYLE('',(#11110));
#11110 = SURFACE_STYLE_FILL_AREA(#11111);
#11111 = FILL_AREA_STYLE('',(#11112));
#11112 = FILL_AREA_STYLE_COLOUR('',#10559);
#11113 = STYLED_ITEM('color',(#11114),#5273);
#11114 = PRESENTATION_STYLE_ASSIGNMENT((#11115));
#11115 = SURFACE_STYLE_USAGE(.BOTH.,#11116);
#11116 = SURFACE_SIDE_STYLE('',(#11117));
#11117 = SURFACE_STYLE_FILL_AREA(#11118);
#11118 = FILL_AREA_STYLE('',(#11119));
#11119 = FILL_AREA_STYLE_COLOUR('',#10559);
#11120 = STYLED_ITEM('color',(#11121),#5304);
#11121 = PRESENTATION_STYLE_ASSIGNMENT((#11122));
#11122 = SURFACE_STYLE_USAGE(.BOTH.,#11123);
#11123 = SURFACE_SIDE_STYLE('',(#11124));
#11124 = SURFACE_STYLE_FILL_AREA(#11125);
#11125 = FILL_AREA_STYLE('',(#11126));
#11126 = FILL_AREA_STYLE_COLOUR('',#10559);
#11127 = STYLED_ITEM('color',(#11128),#5328);
#11128 = PRESENTATION_STYLE_ASSIGNMENT((#11129));
#11129 = SURFACE_STYLE_USAGE(.BOTH.,#11130);
#11130 = SURFACE_SIDE_STYLE('',(#11131));
#11131 = SURFACE_STYLE_FILL_AREA(#11132);
#11132 = FILL_AREA_STYLE('',(#11133));
#11133 = FILL_AREA_STYLE_COLOUR('',#10559);
#11134 = STYLED_ITEM('color',(#11135),#5352);
#11135 = PRESENTATION_STYLE_ASSIGNMENT((#11136));
#11136 = SURFACE_STYLE_USAGE(.BOTH.,#11137);
#11137 = SURFACE_SIDE_STYLE('',(#11138));
#11138 = SURFACE_STYLE_FILL_AREA(#11139);
#11139 = FILL_AREA_STYLE('',(#11140));
#11140 = FILL_AREA_STYLE_COLOUR('',#10559);
#11141 = STYLED_ITEM('color',(#11142),#5369);
#11142 = PRESENTATION_STYLE_ASSIGNMENT((#11143));
#11143 = SURFACE_STYLE_USAGE(.BOTH.,#11144);
#11144 = SURFACE_SIDE_STYLE('',(#11145));
#11145 = SURFACE_STYLE_FILL_AREA(#11146);
#11146 = FILL_AREA_STYLE('',(#11147));
#11147 = FILL_AREA_STYLE_COLOUR('',#10559);
#11148 = STYLED_ITEM('color',(#11149),#5416);
#11149 = PRESENTATION_STYLE_ASSIGNMENT((#11150));
#11150 = SURFACE_STYLE_USAGE(.BOTH.,#11151);
#11151 = SURFACE_SIDE_STYLE('',(#11152));
#11152 = SURFACE_STYLE_FILL_AREA(#11153);
#11153 = FILL_AREA_STYLE('',(#11154));
#11154 = FILL_AREA_STYLE_COLOUR('',#10559);
#11155 = STYLED_ITEM('color',(#11156),#5447);
#11156 = PRESENTATION_STYLE_ASSIGNMENT((#11157));
#11157 = SURFACE_STYLE_USAGE(.BOTH.,#11158);
#11158 = SURFACE_SIDE_STYLE('',(#11159));
#11159 = SURFACE_STYLE_FILL_AREA(#11160);
#11160 = FILL_AREA_STYLE('',(#11161));
#11161 = FILL_AREA_STYLE_COLOUR('',#10559);
#11162 = STYLED_ITEM('color',(#11163),#5459);
#11163 = PRESENTATION_STYLE_ASSIGNMENT((#11164));
#11164 = SURFACE_STYLE_USAGE(.BOTH.,#11165);
#11165 = SURFACE_SIDE_STYLE('',(#11166));
#11166 = SURFACE_STYLE_FILL_AREA(#11167);
#11167 = FILL_AREA_STYLE('',(#11168));
#11168 = FILL_AREA_STYLE_COLOUR('',#10559);
#11169 = STYLED_ITEM('color',(#11170),#5476);
#11170 = PRESENTATION_STYLE_ASSIGNMENT((#11171));
#11171 = SURFACE_STYLE_USAGE(.BOTH.,#11172);
#11172 = SURFACE_SIDE_STYLE('',(#11173));
#11173 = SURFACE_STYLE_FILL_AREA(#11174);
#11174 = FILL_AREA_STYLE('',(#11175));
#11175 = FILL_AREA_STYLE_COLOUR('',#10559);
#11176 = STYLED_ITEM('color',(#11177),#5502);
#11177 = PRESENTATION_STYLE_ASSIGNMENT((#11178));
#11178 = SURFACE_STYLE_USAGE(.BOTH.,#11179);
#11179 = SURFACE_SIDE_STYLE('',(#11180));
#11180 = SURFACE_STYLE_FILL_AREA(#11181);
#11181 = FILL_AREA_STYLE('',(#11182));
#11182 = FILL_AREA_STYLE_COLOUR('',#10559);
#11183 = STYLED_ITEM('color',(#11184),#5535);
#11184 = PRESENTATION_STYLE_ASSIGNMENT((#11185));
#11185 = SURFACE_STYLE_USAGE(.BOTH.,#11186);
#11186 = SURFACE_SIDE_STYLE('',(#11187));
#11187 = SURFACE_STYLE_FILL_AREA(#11188);
#11188 = FILL_AREA_STYLE('',(#11189));
#11189 = FILL_AREA_STYLE_COLOUR('',#10559);
#11190 = STYLED_ITEM('color',(#11191),#5566);
#11191 = PRESENTATION_STYLE_ASSIGNMENT((#11192));
#11192 = SURFACE_STYLE_USAGE(.BOTH.,#11193);
#11193 = SURFACE_SIDE_STYLE('',(#11194));
#11194 = SURFACE_STYLE_FILL_AREA(#11195);
#11195 = FILL_AREA_STYLE('',(#11196));
#11196 = FILL_AREA_STYLE_COLOUR('',#10559);
#11197 = STYLED_ITEM('color',(#11198),#5590);
#11198 = PRESENTATION_STYLE_ASSIGNMENT((#11199));
#11199 = SURFACE_STYLE_USAGE(.BOTH.,#11200);
#11200 = SURFACE_SIDE_STYLE('',(#11201));
#11201 = SURFACE_STYLE_FILL_AREA(#11202);
#11202 = FILL_AREA_STYLE('',(#11203));
#11203 = FILL_AREA_STYLE_COLOUR('',#10559);
#11204 = STYLED_ITEM('color',(#11205),#5614);
#11205 = PRESENTATION_STYLE_ASSIGNMENT((#11206));
#11206 = SURFACE_STYLE_USAGE(.BOTH.,#11207);
#11207 = SURFACE_SIDE_STYLE('',(#11208));
#11208 = SURFACE_STYLE_FILL_AREA(#11209);
#11209 = FILL_AREA_STYLE('',(#11210));
#11210 = FILL_AREA_STYLE_COLOUR('',#10559);
#11211 = STYLED_ITEM('color',(#11212),#5631);
#11212 = PRESENTATION_STYLE_ASSIGNMENT((#11213));
#11213 = SURFACE_STYLE_USAGE(.BOTH.,#11214);
#11214 = SURFACE_SIDE_STYLE('',(#11215));
#11215 = SURFACE_STYLE_FILL_AREA(#11216);
#11216 = FILL_AREA_STYLE('',(#11217));
#11217 = FILL_AREA_STYLE_COLOUR('',#10559);
#11218 = STYLED_ITEM('color',(#11219),#5662);
#11219 = PRESENTATION_STYLE_ASSIGNMENT((#11220));
#11220 = SURFACE_STYLE_USAGE(.BOTH.,#11221);
#11221 = SURFACE_SIDE_STYLE('',(#11222));
#11222 = SURFACE_STYLE_FILL_AREA(#11223);
#11223 = FILL_AREA_STYLE('',(#11224));
#11224 = FILL_AREA_STYLE_COLOUR('',#10559);
#11225 = STYLED_ITEM('color',(#11226),#5686);
#11226 = PRESENTATION_STYLE_ASSIGNMENT((#11227));
#11227 = SURFACE_STYLE_USAGE(.BOTH.,#11228);
#11228 = SURFACE_SIDE_STYLE('',(#11229));
#11229 = SURFACE_STYLE_FILL_AREA(#11230);
#11230 = FILL_AREA_STYLE('',(#11231));
#11231 = FILL_AREA_STYLE_COLOUR('',#10559);
#11232 = STYLED_ITEM('color',(#11233),#5710);
#11233 = PRESENTATION_STYLE_ASSIGNMENT((#11234));
#11234 = SURFACE_STYLE_USAGE(.BOTH.,#11235);
#11235 = SURFACE_SIDE_STYLE('',(#11236));
#11236 = SURFACE_STYLE_FILL_AREA(#11237);
#11237 = FILL_AREA_STYLE('',(#11238));
#11238 = FILL_AREA_STYLE_COLOUR('',#10559);
#11239 = STYLED_ITEM('color',(#11240),#5727);
#11240 = PRESENTATION_STYLE_ASSIGNMENT((#11241));
#11241 = SURFACE_STYLE_USAGE(.BOTH.,#11242);
#11242 = SURFACE_SIDE_STYLE('',(#11243));
#11243 = SURFACE_STYLE_FILL_AREA(#11244);
#11244 = FILL_AREA_STYLE('',(#11245));
#11245 = FILL_AREA_STYLE_COLOUR('',#10559);
#11246 = STYLED_ITEM('color',(#11247),#5758);
#11247 = PRESENTATION_STYLE_ASSIGNMENT((#11248));
#11248 = SURFACE_STYLE_USAGE(.BOTH.,#11249);
#11249 = SURFACE_SIDE_STYLE('',(#11250));
#11250 = SURFACE_STYLE_FILL_AREA(#11251);
#11251 = FILL_AREA_STYLE('',(#11252));
#11252 = FILL_AREA_STYLE_COLOUR('',#10559);
#11253 = STYLED_ITEM('color',(#11254),#5782);
#11254 = PRESENTATION_STYLE_ASSIGNMENT((#11255));
#11255 = SURFACE_STYLE_USAGE(.BOTH.,#11256);
#11256 = SURFACE_SIDE_STYLE('',(#11257));
#11257 = SURFACE_STYLE_FILL_AREA(#11258);
#11258 = FILL_AREA_STYLE('',(#11259));
#11259 = FILL_AREA_STYLE_COLOUR('',#10559);
#11260 = STYLED_ITEM('color',(#11261),#5806);
#11261 = PRESENTATION_STYLE_ASSIGNMENT((#11262));
#11262 = SURFACE_STYLE_USAGE(.BOTH.,#11263);
#11263 = SURFACE_SIDE_STYLE('',(#11264));
#11264 = SURFACE_STYLE_FILL_AREA(#11265);
#11265 = FILL_AREA_STYLE('',(#11266));
#11266 = FILL_AREA_STYLE_COLOUR('',#10559);
#11267 = STYLED_ITEM('color',(#11268),#5823);
#11268 = PRESENTATION_STYLE_ASSIGNMENT((#11269));
#11269 = SURFACE_STYLE_USAGE(.BOTH.,#11270);
#11270 = SURFACE_SIDE_STYLE('',(#11271));
#11271 = SURFACE_STYLE_FILL_AREA(#11272);
#11272 = FILL_AREA_STYLE('',(#11273));
#11273 = FILL_AREA_STYLE_COLOUR('',#10559);
#11274 = STYLED_ITEM('color',(#11275),#5854);
#11275 = PRESENTATION_STYLE_ASSIGNMENT((#11276));
#11276 = SURFACE_STYLE_USAGE(.BOTH.,#11277);
#11277 = SURFACE_SIDE_STYLE('',(#11278));
#11278 = SURFACE_STYLE_FILL_AREA(#11279);
#11279 = FILL_AREA_STYLE('',(#11280));
#11280 = FILL_AREA_STYLE_COLOUR('',#10559);
#11281 = STYLED_ITEM('color',(#11282),#5878);
#11282 = PRESENTATION_STYLE_ASSIGNMENT((#11283));
#11283 = SURFACE_STYLE_USAGE(.BOTH.,#11284);
#11284 = SURFACE_SIDE_STYLE('',(#11285));
#11285 = SURFACE_STYLE_FILL_AREA(#11286);
#11286 = FILL_AREA_STYLE('',(#11287));
#11287 = FILL_AREA_STYLE_COLOUR('',#10559);
#11288 = STYLED_ITEM('color',(#11289),#5902);
#11289 = PRESENTATION_STYLE_ASSIGNMENT((#11290));
#11290 = SURFACE_STYLE_USAGE(.BOTH.,#11291);
#11291 = SURFACE_SIDE_STYLE('',(#11292));
#11292 = SURFACE_STYLE_FILL_AREA(#11293);
#11293 = FILL_AREA_STYLE('',(#11294));
#11294 = FILL_AREA_STYLE_COLOUR('',#10559);
#11295 = STYLED_ITEM('color',(#11296),#5919);
#11296 = PRESENTATION_STYLE_ASSIGNMENT((#11297));
#11297 = SURFACE_STYLE_USAGE(.BOTH.,#11298);
#11298 = SURFACE_SIDE_STYLE('',(#11299));
#11299 = SURFACE_STYLE_FILL_AREA(#11300);
#11300 = FILL_AREA_STYLE('',(#11301));
#11301 = FILL_AREA_STYLE_COLOUR('',#10559);
#11302 = STYLED_ITEM('color',(#11303),#5950);
#11303 = PRESENTATION_STYLE_ASSIGNMENT((#11304));
#11304 = SURFACE_STYLE_USAGE(.BOTH.,#11305);
#11305 = SURFACE_SIDE_STYLE('',(#11306));
#11306 = SURFACE_STYLE_FILL_AREA(#11307);
#11307 = FILL_AREA_STYLE('',(#11308));
#11308 = FILL_AREA_STYLE_COLOUR('',#10559);
#11309 = STYLED_ITEM('color',(#11310),#5974);
#11310 = PRESENTATION_STYLE_ASSIGNMENT((#11311));
#11311 = SURFACE_STYLE_USAGE(.BOTH.,#11312);
#11312 = SURFACE_SIDE_STYLE('',(#11313));
#11313 = SURFACE_STYLE_FILL_AREA(#11314);
#11314 = FILL_AREA_STYLE('',(#11315));
#11315 = FILL_AREA_STYLE_COLOUR('',#10559);
#11316 = STYLED_ITEM('color',(#11317),#5998);
#11317 = PRESENTATION_STYLE_ASSIGNMENT((#11318));
#11318 = SURFACE_STYLE_USAGE(.BOTH.,#11319);
#11319 = SURFACE_SIDE_STYLE('',(#11320));
#11320 = SURFACE_STYLE_FILL_AREA(#11321);
#11321 = FILL_AREA_STYLE('',(#11322));
#11322 = FILL_AREA_STYLE_COLOUR('',#10559);
#11323 = STYLED_ITEM('color',(#11324),#6015);
#11324 = PRESENTATION_STYLE_ASSIGNMENT((#11325));
#11325 = SURFACE_STYLE_USAGE(.BOTH.,#11326);
#11326 = SURFACE_SIDE_STYLE('',(#11327));
#11327 = SURFACE_STYLE_FILL_AREA(#11328);
#11328 = FILL_AREA_STYLE('',(#11329));
#11329 = FILL_AREA_STYLE_COLOUR('',#10559);
#11330 = STYLED_ITEM('color',(#11331),#6032);
#11331 = PRESENTATION_STYLE_ASSIGNMENT((#11332));
#11332 = SURFACE_STYLE_USAGE(.BOTH.,#11333);
#11333 = SURFACE_SIDE_STYLE('',(#11334));
#11334 = SURFACE_STYLE_FILL_AREA(#11335);
#11335 = FILL_AREA_STYLE('',(#11336));
#11336 = FILL_AREA_STYLE_COLOUR('',#10559);
#11337 = STYLED_ITEM('color',(#11338),#6079);
#11338 = PRESENTATION_STYLE_ASSIGNMENT((#11339));
#11339 = SURFACE_STYLE_USAGE(.BOTH.,#11340);
#11340 = SURFACE_SIDE_STYLE('',(#11341));
#11341 = SURFACE_STYLE_FILL_AREA(#11342);
#11342 = FILL_AREA_STYLE('',(#11343));
#11343 = FILL_AREA_STYLE_COLOUR('',#10559);
#11344 = STYLED_ITEM('color',(#11345),#6105);
#11345 = PRESENTATION_STYLE_ASSIGNMENT((#11346));
#11346 = SURFACE_STYLE_USAGE(.BOTH.,#11347);
#11347 = SURFACE_SIDE_STYLE('',(#11348));
#11348 = SURFACE_STYLE_FILL_AREA(#11349);
#11349 = FILL_AREA_STYLE('',(#11350));
#11350 = FILL_AREA_STYLE_COLOUR('',#10559);
#11351 = STYLED_ITEM('color',(#11352),#6122);
#11352 = PRESENTATION_STYLE_ASSIGNMENT((#11353));
#11353 = SURFACE_STYLE_USAGE(.BOTH.,#11354);
#11354 = SURFACE_SIDE_STYLE('',(#11355));
#11355 = SURFACE_STYLE_FILL_AREA(#11356);
#11356 = FILL_AREA_STYLE('',(#11357));
#11357 = FILL_AREA_STYLE_COLOUR('',#10559);
#11358 = STYLED_ITEM('color',(#11359),#6148);
#11359 = PRESENTATION_STYLE_ASSIGNMENT((#11360));
#11360 = SURFACE_STYLE_USAGE(.BOTH.,#11361);
#11361 = SURFACE_SIDE_STYLE('',(#11362));
#11362 = SURFACE_STYLE_FILL_AREA(#11363);
#11363 = FILL_AREA_STYLE('',(#11364));
#11364 = FILL_AREA_STYLE_COLOUR('',#10559);
#11365 = STYLED_ITEM('color',(#11366),#6181);
#11366 = PRESENTATION_STYLE_ASSIGNMENT((#11367));
#11367 = SURFACE_STYLE_USAGE(.BOTH.,#11368);
#11368 = SURFACE_SIDE_STYLE('',(#11369));
#11369 = SURFACE_STYLE_FILL_AREA(#11370);
#11370 = FILL_AREA_STYLE('',(#11371));
#11371 = FILL_AREA_STYLE_COLOUR('',#10559);
#11372 = STYLED_ITEM('color',(#11373),#6193);
#11373 = PRESENTATION_STYLE_ASSIGNMENT((#11374));
#11374 = SURFACE_STYLE_USAGE(.BOTH.,#11375);
#11375 = SURFACE_SIDE_STYLE('',(#11376));
#11376 = SURFACE_STYLE_FILL_AREA(#11377);
#11377 = FILL_AREA_STYLE('',(#11378));
#11378 = FILL_AREA_STYLE_COLOUR('',#10559);
#11379 = STYLED_ITEM('color',(#11380),#6205);
#11380 = PRESENTATION_STYLE_ASSIGNMENT((#11381));
#11381 = SURFACE_STYLE_USAGE(.BOTH.,#11382);
#11382 = SURFACE_SIDE_STYLE('',(#11383));
#11383 = SURFACE_STYLE_FILL_AREA(#11384);
#11384 = FILL_AREA_STYLE('',(#11385));
#11385 = FILL_AREA_STYLE_COLOUR('',#10559);
#11386 = STYLED_ITEM('color',(#11387),#6217);
#11387 = PRESENTATION_STYLE_ASSIGNMENT((#11388));
#11388 = SURFACE_STYLE_USAGE(.BOTH.,#11389);
#11389 = SURFACE_SIDE_STYLE('',(#11390));
#11390 = SURFACE_STYLE_FILL_AREA(#11391);
#11391 = FILL_AREA_STYLE('',(#11392));
#11392 = FILL_AREA_STYLE_COLOUR('',#10559);
#11393 = STYLED_ITEM('color',(#11394),#6229);
#11394 = PRESENTATION_STYLE_ASSIGNMENT((#11395));
#11395 = SURFACE_STYLE_USAGE(.BOTH.,#11396);
#11396 = SURFACE_SIDE_STYLE('',(#11397));
#11397 = SURFACE_STYLE_FILL_AREA(#11398);
#11398 = FILL_AREA_STYLE('',(#11399));
#11399 = FILL_AREA_STYLE_COLOUR('',#10559);
#11400 = STYLED_ITEM('color',(#11401),#6241);
#11401 = PRESENTATION_STYLE_ASSIGNMENT((#11402));
#11402 = SURFACE_STYLE_USAGE(.BOTH.,#11403);
#11403 = SURFACE_SIDE_STYLE('',(#11404));
#11404 = SURFACE_STYLE_FILL_AREA(#11405);
#11405 = FILL_AREA_STYLE('',(#11406));
#11406 = FILL_AREA_STYLE_COLOUR('',#10559);
#11407 = STYLED_ITEM('color',(#11408),#6253);
#11408 = PRESENTATION_STYLE_ASSIGNMENT((#11409));
#11409 = SURFACE_STYLE_USAGE(.BOTH.,#11410);
#11410 = SURFACE_SIDE_STYLE('',(#11411));
#11411 = SURFACE_STYLE_FILL_AREA(#11412);
#11412 = FILL_AREA_STYLE('',(#11413));
#11413 = FILL_AREA_STYLE_COLOUR('',#10559);
#11414 = STYLED_ITEM('color',(#11415),#6265);
#11415 = PRESENTATION_STYLE_ASSIGNMENT((#11416));
#11416 = SURFACE_STYLE_USAGE(.BOTH.,#11417);
#11417 = SURFACE_SIDE_STYLE('',(#11418));
#11418 = SURFACE_STYLE_FILL_AREA(#11419);
#11419 = FILL_AREA_STYLE('',(#11420));
#11420 = FILL_AREA_STYLE_COLOUR('',#10559);
#11421 = STYLED_ITEM('color',(#11422),#6282);
#11422 = PRESENTATION_STYLE_ASSIGNMENT((#11423));
#11423 = SURFACE_STYLE_USAGE(.BOTH.,#11424);
#11424 = SURFACE_SIDE_STYLE('',(#11425));
#11425 = SURFACE_STYLE_FILL_AREA(#11426);
#11426 = FILL_AREA_STYLE('',(#11427));
#11427 = FILL_AREA_STYLE_COLOUR('',#10559);
#11428 = STYLED_ITEM('color',(#11429),#6299);
#11429 = PRESENTATION_STYLE_ASSIGNMENT((#11430));
#11430 = SURFACE_STYLE_USAGE(.BOTH.,#11431);
#11431 = SURFACE_SIDE_STYLE('',(#11432));
#11432 = SURFACE_STYLE_FILL_AREA(#11433);
#11433 = FILL_AREA_STYLE('',(#11434));
#11434 = FILL_AREA_STYLE_COLOUR('',#10559);
#11435 = STYLED_ITEM('color',(#11436),#6311);
#11436 = PRESENTATION_STYLE_ASSIGNMENT((#11437));
#11437 = SURFACE_STYLE_USAGE(.BOTH.,#11438);
#11438 = SURFACE_SIDE_STYLE('',(#11439));
#11439 = SURFACE_STYLE_FILL_AREA(#11440);
#11440 = FILL_AREA_STYLE('',(#11441));
#11441 = FILL_AREA_STYLE_COLOUR('',#10559);
#11442 = STYLED_ITEM('color',(#11443),#6323);
#11443 = PRESENTATION_STYLE_ASSIGNMENT((#11444));
#11444 = SURFACE_STYLE_USAGE(.BOTH.,#11445);
#11445 = SURFACE_SIDE_STYLE('',(#11446));
#11446 = SURFACE_STYLE_FILL_AREA(#11447);
#11447 = FILL_AREA_STYLE('',(#11448));
#11448 = FILL_AREA_STYLE_COLOUR('',#10559);
#11449 = STYLED_ITEM('color',(#11450),#6335);
#11450 = PRESENTATION_STYLE_ASSIGNMENT((#11451));
#11451 = SURFACE_STYLE_USAGE(.BOTH.,#11452);
#11452 = SURFACE_SIDE_STYLE('',(#11453));
#11453 = SURFACE_STYLE_FILL_AREA(#11454);
#11454 = FILL_AREA_STYLE('',(#11455));
#11455 = FILL_AREA_STYLE_COLOUR('',#10559);
#11456 = STYLED_ITEM('color',(#11457),#6347);
#11457 = PRESENTATION_STYLE_ASSIGNMENT((#11458));
#11458 = SURFACE_STYLE_USAGE(.BOTH.,#11459);
#11459 = SURFACE_SIDE_STYLE('',(#11460));
#11460 = SURFACE_STYLE_FILL_AREA(#11461);
#11461 = FILL_AREA_STYLE('',(#11462));
#11462 = FILL_AREA_STYLE_COLOUR('',#10559);
#11463 = STYLED_ITEM('color',(#11464),#6359);
#11464 = PRESENTATION_STYLE_ASSIGNMENT((#11465));
#11465 = SURFACE_STYLE_USAGE(.BOTH.,#11466);
#11466 = SURFACE_SIDE_STYLE('',(#11467));
#11467 = SURFACE_STYLE_FILL_AREA(#11468);
#11468 = FILL_AREA_STYLE('',(#11469));
#11469 = FILL_AREA_STYLE_COLOUR('',#10559);
#11470 = STYLED_ITEM('color',(#11471),#6371);
#11471 = PRESENTATION_STYLE_ASSIGNMENT((#11472));
#11472 = SURFACE_STYLE_USAGE(.BOTH.,#11473);
#11473 = SURFACE_SIDE_STYLE('',(#11474));
#11474 = SURFACE_STYLE_FILL_AREA(#11475);
#11475 = FILL_AREA_STYLE('',(#11476));
#11476 = FILL_AREA_STYLE_COLOUR('',#10559);
#11477 = STYLED_ITEM('color',(#11478),#6388);
#11478 = PRESENTATION_STYLE_ASSIGNMENT((#11479));
#11479 = SURFACE_STYLE_USAGE(.BOTH.,#11480);
#11480 = SURFACE_SIDE_STYLE('',(#11481));
#11481 = SURFACE_STYLE_FILL_AREA(#11482);
#11482 = FILL_AREA_STYLE('',(#11483));
#11483 = FILL_AREA_STYLE_COLOUR('',#10559);
#11484 = STYLED_ITEM('color',(#11485),#6405);
#11485 = PRESENTATION_STYLE_ASSIGNMENT((#11486));
#11486 = SURFACE_STYLE_USAGE(.BOTH.,#11487);
#11487 = SURFACE_SIDE_STYLE('',(#11488));
#11488 = SURFACE_STYLE_FILL_AREA(#11489);
#11489 = FILL_AREA_STYLE('',(#11490));
#11490 = FILL_AREA_STYLE_COLOUR('',#10559);
#11491 = MECHANICAL_DESIGN_GEOMETRIC_PRESENTATION_REPRESENTATION('',(
    #11492,#11500,#11507,#11514,#11521,#11528,#11535,#11542,#11550,
    #11557,#11564,#11571,#11578,#11585,#11593,#11600,#11607,#11614,
    #11621,#11628,#11635,#11642,#11649,#11656,#11663,#11670),#7249);
#11492 = STYLED_ITEM('color',(#11493),#6461);
#11493 = PRESENTATION_STYLE_ASSIGNMENT((#11494));
#11494 = SURFACE_STYLE_USAGE(.BOTH.,#11495);
#11495 = SURFACE_SIDE_STYLE('',(#11496));
#11496 = SURFACE_STYLE_FILL_AREA(#11497);
#11497 = FILL_AREA_STYLE('',(#11498));
#11498 = FILL_AREA_STYLE_COLOUR('',#11499);
#11499 = COLOUR_RGB('',0.823999987314,0.819999987296,0.781000009244);
#11500 = STYLED_ITEM('color',(#11501),#6501);
#11501 = PRESENTATION_STYLE_ASSIGNMENT((#11502));
#11502 = SURFACE_STYLE_USAGE(.BOTH.,#11503);
#11503 = SURFACE_SIDE_STYLE('',(#11504));
#11504 = SURFACE_STYLE_FILL_AREA(#11505);
#11505 = FILL_AREA_STYLE('',(#11506));
#11506 = FILL_AREA_STYLE_COLOUR('',#11499);
#11507 = STYLED_ITEM('color',(#11508),#6584);
#11508 = PRESENTATION_STYLE_ASSIGNMENT((#11509));
#11509 = SURFACE_STYLE_USAGE(.BOTH.,#11510);
#11510 = SURFACE_SIDE_STYLE('',(#11511));
#11511 = SURFACE_STYLE_FILL_AREA(#11512);
#11512 = FILL_AREA_STYLE('',(#11513));
#11513 = FILL_AREA_STYLE_COLOUR('',#11499);
#11514 = STYLED_ITEM('color',(#11515),#6609);
#11515 = PRESENTATION_STYLE_ASSIGNMENT((#11516));
#11516 = SURFACE_STYLE_USAGE(.BOTH.,#11517);
#11517 = SURFACE_SIDE_STYLE('',(#11518));
#11518 = SURFACE_STYLE_FILL_AREA(#11519);
#11519 = FILL_AREA_STYLE('',(#11520));
#11520 = FILL_AREA_STYLE_COLOUR('',#11499);
#11521 = STYLED_ITEM('color',(#11522),#6634);
#11522 = PRESENTATION_STYLE_ASSIGNMENT((#11523));
#11523 = SURFACE_STYLE_USAGE(.BOTH.,#11524);
#11524 = SURFACE_SIDE_STYLE('',(#11525));
#11525 = SURFACE_STYLE_FILL_AREA(#11526);
#11526 = FILL_AREA_STYLE('',(#11527));
#11527 = FILL_AREA_STYLE_COLOUR('',#11499);
#11528 = STYLED_ITEM('color',(#11529),#6701);
#11529 = PRESENTATION_STYLE_ASSIGNMENT((#11530));
#11530 = SURFACE_STYLE_USAGE(.BOTH.,#11531);
#11531 = SURFACE_SIDE_STYLE('',(#11532));
#11532 = SURFACE_STYLE_FILL_AREA(#11533);
#11533 = FILL_AREA_STYLE('',(#11534));
#11534 = FILL_AREA_STYLE_COLOUR('',#11499);
#11535 = STYLED_ITEM('color',(#11536),#6718);
#11536 = PRESENTATION_STYLE_ASSIGNMENT((#11537));
#11537 = SURFACE_STYLE_USAGE(.BOTH.,#11538);
#11538 = SURFACE_SIDE_STYLE('',(#11539));
#11539 = SURFACE_STYLE_FILL_AREA(#11540);
#11540 = FILL_AREA_STYLE('',(#11541));
#11541 = FILL_AREA_STYLE_COLOUR('',#11499);
#11542 = STYLED_ITEM('color',(#11543),#6735);
#11543 = PRESENTATION_STYLE_ASSIGNMENT((#11544));
#11544 = SURFACE_STYLE_USAGE(.BOTH.,#11545);
#11545 = SURFACE_SIDE_STYLE('',(#11546));
#11546 = SURFACE_STYLE_FILL_AREA(#11547);
#11547 = FILL_AREA_STYLE('',(#11548));
#11548 = FILL_AREA_STYLE_COLOUR('',#11549);
#11549 = COLOUR_RGB('',0.894999966383,0.890999961016,0.813000030345);
#11550 = STYLED_ITEM('color',(#11551),#6784);
#11551 = PRESENTATION_STYLE_ASSIGNMENT((#11552));
#11552 = SURFACE_STYLE_USAGE(.BOTH.,#11553);
#11553 = SURFACE_SIDE_STYLE('',(#11554));
#11554 = SURFACE_STYLE_FILL_AREA(#11555);
#11555 = FILL_AREA_STYLE('',(#11556));
#11556 = FILL_AREA_STYLE_COLOUR('',#11499);
#11557 = STYLED_ITEM('color',(#11558),#6801);
#11558 = PRESENTATION_STYLE_ASSIGNMENT((#11559));
#11559 = SURFACE_STYLE_USAGE(.BOTH.,#11560);
#11560 = SURFACE_SIDE_STYLE('',(#11561));
#11561 = SURFACE_STYLE_FILL_AREA(#11562);
#11562 = FILL_AREA_STYLE('',(#11563));
#11563 = FILL_AREA_STYLE_COLOUR('',#11499);
#11564 = STYLED_ITEM('color',(#11565),#6818);
#11565 = PRESENTATION_STYLE_ASSIGNMENT((#11566));
#11566 = SURFACE_STYLE_USAGE(.BOTH.,#11567);
#11567 = SURFACE_SIDE_STYLE('',(#11568));
#11568 = SURFACE_STYLE_FILL_AREA(#11569);
#11569 = FILL_AREA_STYLE('',(#11570));
#11570 = FILL_AREA_STYLE_COLOUR('',#11549);
#11571 = STYLED_ITEM('color',(#11572),#6867);
#11572 = PRESENTATION_STYLE_ASSIGNMENT((#11573));
#11573 = SURFACE_STYLE_USAGE(.BOTH.,#11574);
#11574 = SURFACE_SIDE_STYLE('',(#11575));
#11575 = SURFACE_STYLE_FILL_AREA(#11576);
#11576 = FILL_AREA_STYLE('',(#11577));
#11577 = FILL_AREA_STYLE_COLOUR('',#11549);
#11578 = STYLED_ITEM('color',(#11579),#6884);
#11579 = PRESENTATION_STYLE_ASSIGNMENT((#11580));
#11580 = SURFACE_STYLE_USAGE(.BOTH.,#11581);
#11581 = SURFACE_SIDE_STYLE('',(#11582));
#11582 = SURFACE_STYLE_FILL_AREA(#11583);
#11583 = FILL_AREA_STYLE('',(#11584));
#11584 = FILL_AREA_STYLE_COLOUR('',#11499);
#11585 = STYLED_ITEM('color',(#11586),#6953);
#11586 = PRESENTATION_STYLE_ASSIGNMENT((#11587));
#11587 = SURFACE_STYLE_USAGE(.BOTH.,#11588);
#11588 = SURFACE_SIDE_STYLE('',(#11589));
#11589 = SURFACE_STYLE_FILL_AREA(#11590);
#11590 = FILL_AREA_STYLE('',(#11591));
#11591 = FILL_AREA_STYLE_COLOUR('',#11592);
#11592 = COLOUR_RGB('',8.200000279077E-02,8.600000121357E-02,
  9.399999706163E-02);
#11593 = STYLED_ITEM('color',(#11594),#6984);
#11594 = PRESENTATION_STYLE_ASSIGNMENT((#11595));
#11595 = SURFACE_STYLE_USAGE(.BOTH.,#11596);
#11596 = SURFACE_SIDE_STYLE('',(#11597));
#11597 = SURFACE_STYLE_FILL_AREA(#11598);
#11598 = FILL_AREA_STYLE('',(#11599));
#11599 = FILL_AREA_STYLE_COLOUR('',#11592);
#11600 = STYLED_ITEM('color',(#11601),#7008);
#11601 = PRESENTATION_STYLE_ASSIGNMENT((#11602));
#11602 = SURFACE_STYLE_USAGE(.BOTH.,#11603);
#11603 = SURFACE_SIDE_STYLE('',(#11604));
#11604 = SURFACE_STYLE_FILL_AREA(#11605);
#11605 = FILL_AREA_STYLE('',(#11606));
#11606 = FILL_AREA_STYLE_COLOUR('',#11499);
#11607 = STYLED_ITEM('color',(#11608),#7077);
#11608 = PRESENTATION_STYLE_ASSIGNMENT((#11609));
#11609 = SURFACE_STYLE_USAGE(.BOTH.,#11610);
#11610 = SURFACE_SIDE_STYLE('',(#11611));
#11611 = SURFACE_STYLE_FILL_AREA(#11612);
#11612 = FILL_AREA_STYLE('',(#11613));
#11613 = FILL_AREA_STYLE_COLOUR('',#11592);
#11614 = STYLED_ITEM('color',(#11615),#7101);
#11615 = PRESENTATION_STYLE_ASSIGNMENT((#11616));
#11616 = SURFACE_STYLE_USAGE(.BOTH.,#11617);
#11617 = SURFACE_SIDE_STYLE('',(#11618));
#11618 = SURFACE_STYLE_FILL_AREA(#11619);
#11619 = FILL_AREA_STYLE('',(#11620));
#11620 = FILL_AREA_STYLE_COLOUR('',#11499);
#11621 = STYLED_ITEM('color',(#11622),#7118);
#11622 = PRESENTATION_STYLE_ASSIGNMENT((#11623));
#11623 = SURFACE_STYLE_USAGE(.BOTH.,#11624);
#11624 = SURFACE_SIDE_STYLE('',(#11625));
#11625 = SURFACE_STYLE_FILL_AREA(#11626);
#11626 = FILL_AREA_STYLE('',(#11627));
#11627 = FILL_AREA_STYLE_COLOUR('',#11499);
#11628 = STYLED_ITEM('color',(#11629),#7135);
#11629 = PRESENTATION_STYLE_ASSIGNMENT((#11630));
#11630 = SURFACE_STYLE_USAGE(.BOTH.,#11631);
#11631 = SURFACE_SIDE_STYLE('',(#11632));
#11632 = SURFACE_STYLE_FILL_AREA(#11633);
#11633 = FILL_AREA_STYLE('',(#11634));
#11634 = FILL_AREA_STYLE_COLOUR('',#11499);
#11635 = STYLED_ITEM('color',(#11636),#7152);
#11636 = PRESENTATION_STYLE_ASSIGNMENT((#11637));
#11637 = SURFACE_STYLE_USAGE(.BOTH.,#11638);
#11638 = SURFACE_SIDE_STYLE('',(#11639));
#11639 = SURFACE_STYLE_FILL_AREA(#11640);
#11640 = FILL_AREA_STYLE('',(#11641));
#11641 = FILL_AREA_STYLE_COLOUR('',#11499);
#11642 = STYLED_ITEM('color',(#11643),#7169);
#11643 = PRESENTATION_STYLE_ASSIGNMENT((#11644));
#11644 = SURFACE_STYLE_USAGE(.BOTH.,#11645);
#11645 = SURFACE_SIDE_STYLE('',(#11646));
#11646 = SURFACE_STYLE_FILL_AREA(#11647);
#11647 = FILL_AREA_STYLE('',(#11648));
#11648 = FILL_AREA_STYLE_COLOUR('',#11499);
#11649 = STYLED_ITEM('color',(#11650),#7186);
#11650 = PRESENTATION_STYLE_ASSIGNMENT((#11651));
#11651 = SURFACE_STYLE_USAGE(.BOTH.,#11652);
#11652 = SURFACE_SIDE_STYLE('',(#11653));
#11653 = SURFACE_STYLE_FILL_AREA(#11654);
#11654 = FILL_AREA_STYLE('',(#11655));
#11655 = FILL_AREA_STYLE_COLOUR('',#11499);
#11656 = STYLED_ITEM('color',(#11657),#7203);
#11657 = PRESENTATION_STYLE_ASSIGNMENT((#11658));
#11658 = SURFACE_STYLE_USAGE(.BOTH.,#11659);
#11659 = SURFACE_SIDE_STYLE('',(#11660));
#11660 = SURFACE_STYLE_FILL_AREA(#11661);
#11661 = FILL_AREA_STYLE('',(#11662));
#11662 = FILL_AREA_STYLE_COLOUR('',#11499);
#11663 = STYLED_ITEM('color',(#11664),#7220);
#11664 = PRESENTATION_STYLE_ASSIGNMENT((#11665));
#11665 = SURFACE_STYLE_USAGE(.BOTH.,#11666);
#11666 = SURFACE_SIDE_STYLE('',(#11667));
#11667 = SURFACE_STYLE_FILL_AREA(#11668);
#11668 = FILL_AREA_STYLE('',(#11669));
#11669 = FILL_AREA_STYLE_COLOUR('',#11592);
#11670 = STYLED_ITEM('color',(#11671),#7237);
#11671 = PRESENTATION_STYLE_ASSIGNMENT((#11672));
#11672 = SURFACE_STYLE_USAGE(.BOTH.,#11673);
#11673 = SURFACE_SIDE_STYLE('',(#11674));
#11674 = SURFACE_STYLE_FILL_AREA(#11675);
#11675 = FILL_AREA_STYLE('',(#11676));
#11676 = FILL_AREA_STYLE_COLOUR('',#11592);
#11677 = MECHANICAL_DESIGN_GEOMETRIC_PRESENTATION_REPRESENTATION('',(
    #11678),#9986);
#11678 = STYLED_ITEM('color',(#11679),#9485);
#11679 = PRESENTATION_STYLE_ASSIGNMENT((#11680));
#11680 = SURFACE_STYLE_USAGE(.BOTH.,#11681);
#11681 = SURFACE_SIDE_STYLE('',(#11682));
#11682 = SURFACE_STYLE_FILL_AREA(#11683);
#11683 = FILL_AREA_STYLE('',(#11684));
#11684 = FILL_AREA_STYLE_COLOUR('',#11685);
#11685 = COLOUR_RGB('',0.313304153717,0.484529207832,0.410020903123);
#11686 = MECHANICAL_DESIGN_GEOMETRIC_PRESENTATION_REPRESENTATION('',(
    #11687,#11694,#11701,#11708,#11715,#11722,#11729,#11736,#11744,
    #11751,#11758,#11765,#11772,#11779,#11786,#11793,#11800,#11807,
    #11814,#11821,#11828,#11835,#11842,#11849,#11856,#11863,#11870,
    #11877,#11884,#11891,#11898,#11905,#11912,#11919,#11926,#11933,
    #11941,#11948,#11955,#11962,#11969,#11976,#11983,#11990,#11997,
    #12004,#12011,#12018,#12025,#12032),#8814);
#11687 = STYLED_ITEM('color',(#11688),#7293);
#11688 = PRESENTATION_STYLE_ASSIGNMENT((#11689));
#11689 = SURFACE_STYLE_USAGE(.BOTH.,#11690);
#11690 = SURFACE_SIDE_STYLE('',(#11691));
#11691 = SURFACE_STYLE_FILL_AREA(#11692);
#11692 = FILL_AREA_STYLE('',(#11693));
#11693 = FILL_AREA_STYLE_COLOUR('',#11549);
#11694 = STYLED_ITEM('color',(#11695),#7333);
#11695 = PRESENTATION_STYLE_ASSIGNMENT((#11696));
#11696 = SURFACE_STYLE_USAGE(.BOTH.,#11697);
#11697 = SURFACE_SIDE_STYLE('',(#11698));
#11698 = SURFACE_STYLE_FILL_AREA(#11699);
#11699 = FILL_AREA_STYLE('',(#11700));
#11700 = FILL_AREA_STYLE_COLOUR('',#11549);
#11701 = STYLED_ITEM('color',(#11702),#7380);
#11702 = PRESENTATION_STYLE_ASSIGNMENT((#11703));
#11703 = SURFACE_STYLE_USAGE(.BOTH.,#11704);
#11704 = SURFACE_SIDE_STYLE('',(#11705));
#11705 = SURFACE_STYLE_FILL_AREA(#11706);
#11706 = FILL_AREA_STYLE('',(#11707));
#11707 = FILL_AREA_STYLE_COLOUR('',#11549);
#11708 = STYLED_ITEM('color',(#11709),#7459);
#11709 = PRESENTATION_STYLE_ASSIGNMENT((#11710));
#11710 = SURFACE_STYLE_USAGE(.BOTH.,#11711);
#11711 = SURFACE_SIDE_STYLE('',(#11712));
#11712 = SURFACE_STYLE_FILL_AREA(#11713);
#11713 = FILL_AREA_STYLE('',(#11714));
#11714 = FILL_AREA_STYLE_COLOUR('',#11549);
#11715 = STYLED_ITEM('color',(#11716),#7483);
#11716 = PRESENTATION_STYLE_ASSIGNMENT((#11717));
#11717 = SURFACE_STYLE_USAGE(.BOTH.,#11718);
#11718 = SURFACE_SIDE_STYLE('',(#11719));
#11719 = SURFACE_STYLE_FILL_AREA(#11720);
#11720 = FILL_AREA_STYLE('',(#11721));
#11721 = FILL_AREA_STYLE_COLOUR('',#11549);
#11722 = STYLED_ITEM('color',(#11723),#7523);
#11723 = PRESENTATION_STYLE_ASSIGNMENT((#11724));
#11724 = SURFACE_STYLE_USAGE(.BOTH.,#11725);
#11725 = SURFACE_SIDE_STYLE('',(#11726));
#11726 = SURFACE_STYLE_FILL_AREA(#11727);
#11727 = FILL_AREA_STYLE('',(#11728));
#11728 = FILL_AREA_STYLE_COLOUR('',#11549);
#11729 = STYLED_ITEM('color',(#11730),#7554);
#11730 = PRESENTATION_STYLE_ASSIGNMENT((#11731));
#11731 = SURFACE_STYLE_USAGE(.BOTH.,#11732);
#11732 = SURFACE_SIDE_STYLE('',(#11733));
#11733 = SURFACE_STYLE_FILL_AREA(#11734);
#11734 = FILL_AREA_STYLE('',(#11735));
#11735 = FILL_AREA_STYLE_COLOUR('',#11549);
#11736 = STYLED_ITEM('color',(#11737),#7571);
#11737 = PRESENTATION_STYLE_ASSIGNMENT((#11738));
#11738 = SURFACE_STYLE_USAGE(.BOTH.,#11739);
#11739 = SURFACE_SIDE_STYLE('',(#11740));
#11740 = SURFACE_STYLE_FILL_AREA(#11741);
#11741 = FILL_AREA_STYLE('',(#11742));
#11742 = FILL_AREA_STYLE_COLOUR('',#11743);
#11743 = COLOUR_RGB('',0.859000020776,0.737999965183,0.495999988746);
#11744 = STYLED_ITEM('color',(#11745),#7604);
#11745 = PRESENTATION_STYLE_ASSIGNMENT((#11746));
#11746 = SURFACE_STYLE_USAGE(.BOTH.,#11747);
#11747 = SURFACE_SIDE_STYLE('',(#11748));
#11748 = SURFACE_STYLE_FILL_AREA(#11749);
#11749 = FILL_AREA_STYLE('',(#11750));
#11750 = FILL_AREA_STYLE_COLOUR('',#11549);
#11751 = STYLED_ITEM('color',(#11752),#7628);
#11752 = PRESENTATION_STYLE_ASSIGNMENT((#11753));
#11753 = SURFACE_STYLE_USAGE(.BOTH.,#11754);
#11754 = SURFACE_SIDE_STYLE('',(#11755));
#11755 = SURFACE_STYLE_FILL_AREA(#11756);
#11756 = FILL_AREA_STYLE('',(#11757));
#11757 = FILL_AREA_STYLE_COLOUR('',#11743);
#11758 = STYLED_ITEM('color',(#11759),#7695);
#11759 = PRESENTATION_STYLE_ASSIGNMENT((#11760));
#11760 = SURFACE_STYLE_USAGE(.BOTH.,#11761);
#11761 = SURFACE_SIDE_STYLE('',(#11762));
#11762 = SURFACE_STYLE_FILL_AREA(#11763);
#11763 = FILL_AREA_STYLE('',(#11764));
#11764 = FILL_AREA_STYLE_COLOUR('',#11549);
#11765 = STYLED_ITEM('color',(#11766),#7816);
#11766 = PRESENTATION_STYLE_ASSIGNMENT((#11767));
#11767 = SURFACE_STYLE_USAGE(.BOTH.,#11768);
#11768 = SURFACE_SIDE_STYLE('',(#11769));
#11769 = SURFACE_STYLE_FILL_AREA(#11770);
#11770 = FILL_AREA_STYLE('',(#11771));
#11771 = FILL_AREA_STYLE_COLOUR('',#11743);
#11772 = STYLED_ITEM('color',(#11773),#7883);
#11773 = PRESENTATION_STYLE_ASSIGNMENT((#11774));
#11774 = SURFACE_STYLE_USAGE(.BOTH.,#11775);
#11775 = SURFACE_SIDE_STYLE('',(#11776));
#11776 = SURFACE_STYLE_FILL_AREA(#11777);
#11777 = FILL_AREA_STYLE('',(#11778));
#11778 = FILL_AREA_STYLE_COLOUR('',#11549);
#11779 = STYLED_ITEM('color',(#11780),#7907);
#11780 = PRESENTATION_STYLE_ASSIGNMENT((#11781));
#11781 = SURFACE_STYLE_USAGE(.BOTH.,#11782);
#11782 = SURFACE_SIDE_STYLE('',(#11783));
#11783 = SURFACE_STYLE_FILL_AREA(#11784);
#11784 = FILL_AREA_STYLE('',(#11785));
#11785 = FILL_AREA_STYLE_COLOUR('',#11549);
#11786 = STYLED_ITEM('color',(#11787),#7938);
#11787 = PRESENTATION_STYLE_ASSIGNMENT((#11788));
#11788 = SURFACE_STYLE_USAGE(.BOTH.,#11789);
#11789 = SURFACE_SIDE_STYLE('',(#11790));
#11790 = SURFACE_STYLE_FILL_AREA(#11791);
#11791 = FILL_AREA_STYLE('',(#11792));
#11792 = FILL_AREA_STYLE_COLOUR('',#11743);
#11793 = STYLED_ITEM('color',(#11794),#7971);
#11794 = PRESENTATION_STYLE_ASSIGNMENT((#11795));
#11795 = SURFACE_STYLE_USAGE(.BOTH.,#11796);
#11796 = SURFACE_SIDE_STYLE('',(#11797));
#11797 = SURFACE_STYLE_FILL_AREA(#11798);
#11798 = FILL_AREA_STYLE('',(#11799));
#11799 = FILL_AREA_STYLE_COLOUR('',#11549);
#11800 = STYLED_ITEM('color',(#11801),#8027);
#11801 = PRESENTATION_STYLE_ASSIGNMENT((#11802));
#11802 = SURFACE_STYLE_USAGE(.BOTH.,#11803);
#11803 = SURFACE_SIDE_STYLE('',(#11804));
#11804 = SURFACE_STYLE_FILL_AREA(#11805);
#11805 = FILL_AREA_STYLE('',(#11806));
#11806 = FILL_AREA_STYLE_COLOUR('',#11743);
#11807 = STYLED_ITEM('color',(#11808),#8051);
#11808 = PRESENTATION_STYLE_ASSIGNMENT((#11809));
#11809 = SURFACE_STYLE_USAGE(.BOTH.,#11810);
#11810 = SURFACE_SIDE_STYLE('',(#11811));
#11811 = SURFACE_STYLE_FILL_AREA(#11812);
#11812 = FILL_AREA_STYLE('',(#11813));
#11813 = FILL_AREA_STYLE_COLOUR('',#11743);
#11814 = STYLED_ITEM('color',(#11815),#8075);
#11815 = PRESENTATION_STYLE_ASSIGNMENT((#11816));
#11816 = SURFACE_STYLE_USAGE(.BOTH.,#11817);
#11817 = SURFACE_SIDE_STYLE('',(#11818));
#11818 = SURFACE_STYLE_FILL_AREA(#11819);
#11819 = FILL_AREA_STYLE('',(#11820));
#11820 = FILL_AREA_STYLE_COLOUR('',#11743);
#11821 = STYLED_ITEM('color',(#11822),#8099);
#11822 = PRESENTATION_STYLE_ASSIGNMENT((#11823));
#11823 = SURFACE_STYLE_USAGE(.BOTH.,#11824);
#11824 = SURFACE_SIDE_STYLE('',(#11825));
#11825 = SURFACE_STYLE_FILL_AREA(#11826);
#11826 = FILL_AREA_STYLE('',(#11827));
#11827 = FILL_AREA_STYLE_COLOUR('',#11743);
#11828 = STYLED_ITEM('color',(#11829),#8132);
#11829 = PRESENTATION_STYLE_ASSIGNMENT((#11830));
#11830 = SURFACE_STYLE_USAGE(.BOTH.,#11831);
#11831 = SURFACE_SIDE_STYLE('',(#11832));
#11832 = SURFACE_STYLE_FILL_AREA(#11833);
#11833 = FILL_AREA_STYLE('',(#11834));
#11834 = FILL_AREA_STYLE_COLOUR('',#11743);
#11835 = STYLED_ITEM('color',(#11836),#8144);
#11836 = PRESENTATION_STYLE_ASSIGNMENT((#11837));
#11837 = SURFACE_STYLE_USAGE(.BOTH.,#11838);
#11838 = SURFACE_SIDE_STYLE('',(#11839));
#11839 = SURFACE_STYLE_FILL_AREA(#11840);
#11840 = FILL_AREA_STYLE('',(#11841));
#11841 = FILL_AREA_STYLE_COLOUR('',#11743);
#11842 = STYLED_ITEM('color',(#11843),#8207);
#11843 = PRESENTATION_STYLE_ASSIGNMENT((#11844));
#11844 = SURFACE_STYLE_USAGE(.BOTH.,#11845);
#11845 = SURFACE_SIDE_STYLE('',(#11846));
#11846 = SURFACE_STYLE_FILL_AREA(#11847);
#11847 = FILL_AREA_STYLE('',(#11848));
#11848 = FILL_AREA_STYLE_COLOUR('',#11743);
#11849 = STYLED_ITEM('color',(#11850),#8232);
#11850 = PRESENTATION_STYLE_ASSIGNMENT((#11851));
#11851 = SURFACE_STYLE_USAGE(.BOTH.,#11852);
#11852 = SURFACE_SIDE_STYLE('',(#11853));
#11853 = SURFACE_STYLE_FILL_AREA(#11854);
#11854 = FILL_AREA_STYLE('',(#11855));
#11855 = FILL_AREA_STYLE_COLOUR('',#11743);
#11856 = STYLED_ITEM('color',(#11857),#8249);
#11857 = PRESENTATION_STYLE_ASSIGNMENT((#11858));
#11858 = SURFACE_STYLE_USAGE(.BOTH.,#11859);
#11859 = SURFACE_SIDE_STYLE('',(#11860));
#11860 = SURFACE_STYLE_FILL_AREA(#11861);
#11861 = FILL_AREA_STYLE('',(#11862));
#11862 = FILL_AREA_STYLE_COLOUR('',#11743);
#11863 = STYLED_ITEM('color',(#11864),#8273);
#11864 = PRESENTATION_STYLE_ASSIGNMENT((#11865));
#11865 = SURFACE_STYLE_USAGE(.BOTH.,#11866);
#11866 = SURFACE_SIDE_STYLE('',(#11867));
#11867 = SURFACE_STYLE_FILL_AREA(#11868);
#11868 = FILL_AREA_STYLE('',(#11869));
#11869 = FILL_AREA_STYLE_COLOUR('',#11743);
#11870 = STYLED_ITEM('color',(#11871),#8291);
#11871 = PRESENTATION_STYLE_ASSIGNMENT((#11872));
#11872 = SURFACE_STYLE_USAGE(.BOTH.,#11873);
#11873 = SURFACE_SIDE_STYLE('',(#11874));
#11874 = SURFACE_STYLE_FILL_AREA(#11875);
#11875 = FILL_AREA_STYLE('',(#11876));
#11876 = FILL_AREA_STYLE_COLOUR('',#11743);
#11877 = STYLED_ITEM('color',(#11878),#8309);
#11878 = PRESENTATION_STYLE_ASSIGNMENT((#11879));
#11879 = SURFACE_STYLE_USAGE(.BOTH.,#11880);
#11880 = SURFACE_SIDE_STYLE('',(#11881));
#11881 = SURFACE_STYLE_FILL_AREA(#11882);
#11882 = FILL_AREA_STYLE('',(#11883));
#11883 = FILL_AREA_STYLE_COLOUR('',#11743);
#11884 = STYLED_ITEM('color',(#11885),#8327);
#11885 = PRESENTATION_STYLE_ASSIGNMENT((#11886));
#11886 = SURFACE_STYLE_USAGE(.BOTH.,#11887);
#11887 = SURFACE_SIDE_STYLE('',(#11888));
#11888 = SURFACE_STYLE_FILL_AREA(#11889);
#11889 = FILL_AREA_STYLE('',(#11890));
#11890 = FILL_AREA_STYLE_COLOUR('',#11743);
#11891 = STYLED_ITEM('color',(#11892),#8344);
#11892 = PRESENTATION_STYLE_ASSIGNMENT((#11893));
#11893 = SURFACE_STYLE_USAGE(.BOTH.,#11894);
#11894 = SURFACE_SIDE_STYLE('',(#11895));
#11895 = SURFACE_STYLE_FILL_AREA(#11896);
#11896 = FILL_AREA_STYLE('',(#11897));
#11897 = FILL_AREA_STYLE_COLOUR('',#11743);
#11898 = STYLED_ITEM('color',(#11899),#8361);
#11899 = PRESENTATION_STYLE_ASSIGNMENT((#11900));
#11900 = SURFACE_STYLE_USAGE(.BOTH.,#11901);
#11901 = SURFACE_SIDE_STYLE('',(#11902));
#11902 = SURFACE_STYLE_FILL_AREA(#11903);
#11903 = FILL_AREA_STYLE('',(#11904));
#11904 = FILL_AREA_STYLE_COLOUR('',#11743);
#11905 = STYLED_ITEM('color',(#11906),#8392);
#11906 = PRESENTATION_STYLE_ASSIGNMENT((#11907));
#11907 = SURFACE_STYLE_USAGE(.BOTH.,#11908);
#11908 = SURFACE_SIDE_STYLE('',(#11909));
#11909 = SURFACE_STYLE_FILL_AREA(#11910);
#11910 = FILL_AREA_STYLE('',(#11911));
#11911 = FILL_AREA_STYLE_COLOUR('',#11743);
#11912 = STYLED_ITEM('color',(#11913),#8417);
#11913 = PRESENTATION_STYLE_ASSIGNMENT((#11914));
#11914 = SURFACE_STYLE_USAGE(.BOTH.,#11915);
#11915 = SURFACE_SIDE_STYLE('',(#11916));
#11916 = SURFACE_STYLE_FILL_AREA(#11917);
#11917 = FILL_AREA_STYLE('',(#11918));
#11918 = FILL_AREA_STYLE_COLOUR('',#11743);
#11919 = STYLED_ITEM('color',(#11920),#8442);
#11920 = PRESENTATION_STYLE_ASSIGNMENT((#11921));
#11921 = SURFACE_STYLE_USAGE(.BOTH.,#11922);
#11922 = SURFACE_SIDE_STYLE('',(#11923));
#11923 = SURFACE_STYLE_FILL_AREA(#11924);
#11924 = FILL_AREA_STYLE('',(#11925));
#11925 = FILL_AREA_STYLE_COLOUR('',#11743);
#11926 = STYLED_ITEM('color',(#11927),#8466);
#11927 = PRESENTATION_STYLE_ASSIGNMENT((#11928));
#11928 = SURFACE_STYLE_USAGE(.BOTH.,#11929);
#11929 = SURFACE_SIDE_STYLE('',(#11930));
#11930 = SURFACE_STYLE_FILL_AREA(#11931);
#11931 = FILL_AREA_STYLE('',(#11932));
#11932 = FILL_AREA_STYLE_COLOUR('',#11743);
#11933 = STYLED_ITEM('color',(#11934),#8483);
#11934 = PRESENTATION_STYLE_ASSIGNMENT((#11935));
#11935 = SURFACE_STYLE_USAGE(.BOTH.,#11936);
#11936 = SURFACE_SIDE_STYLE('',(#11937));
#11937 = SURFACE_STYLE_FILL_AREA(#11938);
#11938 = FILL_AREA_STYLE('',(#11939));
#11939 = FILL_AREA_STYLE_COLOUR('',#11940);
#11940 = COLOUR_RGB('',0.340000006699,0.68000001254,0.444999988852);
#11941 = STYLED_ITEM('color',(#11942),#8514);
#11942 = PRESENTATION_STYLE_ASSIGNMENT((#11943));
#11943 = SURFACE_STYLE_USAGE(.BOTH.,#11944);
#11944 = SURFACE_SIDE_STYLE('',(#11945));
#11945 = SURFACE_STYLE_FILL_AREA(#11946);
#11946 = FILL_AREA_STYLE('',(#11947));
#11947 = FILL_AREA_STYLE_COLOUR('',#11940);
#11948 = STYLED_ITEM('color',(#11949),#8538);
#11949 = PRESENTATION_STYLE_ASSIGNMENT((#11950));
#11950 = SURFACE_STYLE_USAGE(.BOTH.,#11951);
#11951 = SURFACE_SIDE_STYLE('',(#11952));
#11952 = SURFACE_STYLE_FILL_AREA(#11953);
#11953 = FILL_AREA_STYLE('',(#11954));
#11954 = FILL_AREA_STYLE_COLOUR('',#11940);
#11955 = STYLED_ITEM('color',(#11956),#8555);
#11956 = PRESENTATION_STYLE_ASSIGNMENT((#11957));
#11957 = SURFACE_STYLE_USAGE(.BOTH.,#11958);
#11958 = SURFACE_SIDE_STYLE('',(#11959));
#11959 = SURFACE_STYLE_FILL_AREA(#11960);
#11960 = FILL_AREA_STYLE('',(#11961));
#11961 = FILL_AREA_STYLE_COLOUR('',#11743);
#11962 = STYLED_ITEM('color',(#11963),#8583);
#11963 = PRESENTATION_STYLE_ASSIGNMENT((#11964));
#11964 = SURFACE_STYLE_USAGE(.BOTH.,#11965);
#11965 = SURFACE_SIDE_STYLE('',(#11966));
#11966 = SURFACE_STYLE_FILL_AREA(#11967);
#11967 = FILL_AREA_STYLE('',(#11968));
#11968 = FILL_AREA_STYLE_COLOUR('',#11743);
#11969 = STYLED_ITEM('color',(#11970),#8608);
#11970 = PRESENTATION_STYLE_ASSIGNMENT((#11971));
#11971 = SURFACE_STYLE_USAGE(.BOTH.,#11972);
#11972 = SURFACE_SIDE_STYLE('',(#11973));
#11973 = SURFACE_STYLE_FILL_AREA(#11974);
#11974 = FILL_AREA_STYLE('',(#11975));
#11975 = FILL_AREA_STYLE_COLOUR('',#11743);
#11976 = STYLED_ITEM('color',(#11977),#8632);
#11977 = PRESENTATION_STYLE_ASSIGNMENT((#11978));
#11978 = SURFACE_STYLE_USAGE(.BOTH.,#11979);
#11979 = SURFACE_SIDE_STYLE('',(#11980));
#11980 = SURFACE_STYLE_FILL_AREA(#11981);
#11981 = FILL_AREA_STYLE('',(#11982));
#11982 = FILL_AREA_STYLE_COLOUR('',#11743);
#11983 = STYLED_ITEM('color',(#11984),#8657);
#11984 = PRESENTATION_STYLE_ASSIGNMENT((#11985));
#11985 = SURFACE_STYLE_USAGE(.BOTH.,#11986);
#11986 = SURFACE_SIDE_STYLE('',(#11987));
#11987 = SURFACE_STYLE_FILL_AREA(#11988);
#11988 = FILL_AREA_STYLE('',(#11989));
#11989 = FILL_AREA_STYLE_COLOUR('',#11743);
#11990 = STYLED_ITEM('color',(#11991),#8704);
#11991 = PRESENTATION_STYLE_ASSIGNMENT((#11992));
#11992 = SURFACE_STYLE_USAGE(.BOTH.,#11993);
#11993 = SURFACE_SIDE_STYLE('',(#11994));
#11994 = SURFACE_STYLE_FILL_AREA(#11995);
#11995 = FILL_AREA_STYLE('',(#11996));
#11996 = FILL_AREA_STYLE_COLOUR('',#11743);
#11997 = STYLED_ITEM('color',(#11998),#8721);
#11998 = PRESENTATION_STYLE_ASSIGNMENT((#11999));
#11999 = SURFACE_STYLE_USAGE(.BOTH.,#12000);
#12000 = SURFACE_SIDE_STYLE('',(#12001));
#12001 = SURFACE_STYLE_FILL_AREA(#12002);
#12002 = FILL_AREA_STYLE('',(#12003));
#12003 = FILL_AREA_STYLE_COLOUR('',#11743);
#12004 = STYLED_ITEM('color',(#12005),#8733);
#12005 = PRESENTATION_STYLE_ASSIGNMENT((#12006));
#12006 = SURFACE_STYLE_USAGE(.BOTH.,#12007);
#12007 = SURFACE_SIDE_STYLE('',(#12008));
#12008 = SURFACE_STYLE_FILL_AREA(#12009);
#12009 = FILL_AREA_STYLE('',(#12010));
#12010 = FILL_AREA_STYLE_COLOUR('',#11743);
#12011 = STYLED_ITEM('color',(#12012),#8755);
#12012 = PRESENTATION_STYLE_ASSIGNMENT((#12013));
#12013 = SURFACE_STYLE_USAGE(.BOTH.,#12014);
#12014 = SURFACE_SIDE_STYLE('',(#12015));
#12015 = SURFACE_STYLE_FILL_AREA(#12016);
#12016 = FILL_AREA_STYLE('',(#12017));
#12017 = FILL_AREA_STYLE_COLOUR('',#11743);
#12018 = STYLED_ITEM('color',(#12019),#8767);
#12019 = PRESENTATION_STYLE_ASSIGNMENT((#12020));
#12020 = SURFACE_STYLE_USAGE(.BOTH.,#12021);
#12021 = SURFACE_SIDE_STYLE('',(#12022));
#12022 = SURFACE_STYLE_FILL_AREA(#12023);
#12023 = FILL_AREA_STYLE('',(#12024));
#12024 = FILL_AREA_STYLE_COLOUR('',#11743);
#12025 = STYLED_ITEM('color',(#12026),#8785);
#12026 = PRESENTATION_STYLE_ASSIGNMENT((#12027));
#12027 = SURFACE_STYLE_USAGE(.BOTH.,#12028);
#12028 = SURFACE_SIDE_STYLE('',(#12029));
#12029 = SURFACE_STYLE_FILL_AREA(#12030);
#12030 = FILL_AREA_STYLE('',(#12031));
#12031 = FILL_AREA_STYLE_COLOUR('',#11743);
#12032 = STYLED_ITEM('color',(#12033),#8803);
#12033 = PRESENTATION_STYLE_ASSIGNMENT((#12034));
#12034 = SURFACE_STYLE_USAGE(.BOTH.,#12035);
#12035 = SURFACE_SIDE_STYLE('',(#12036));
#12036 = SURFACE_STYLE_FILL_AREA(#12037);
#12037 = FILL_AREA_STYLE('',(#12038));
#12038 = FILL_AREA_STYLE_COLOUR('',#11940);
#12039 = MECHANICAL_DESIGN_GEOMETRIC_PRESENTATION_REPRESENTATION('',(
    #12040),#9316);
#12040 = STYLED_ITEM('color',(#12041),#8866);
#12041 = PRESENTATION_STYLE_ASSIGNMENT((#12042,#12048));
#12042 = SURFACE_STYLE_USAGE(.BOTH.,#12043);
#12043 = SURFACE_SIDE_STYLE('',(#12044));
#12044 = SURFACE_STYLE_FILL_AREA(#12045);
#12045 = FILL_AREA_STYLE('',(#12046));
#12046 = FILL_AREA_STYLE_COLOUR('',#12047);
#12047 = COLOUR_RGB('',0.300000011149,0.300000011149,0.300000011149);
#12048 = CURVE_STYLE('',#12049,POSITIVE_LENGTH_MEASURE(0.1),#12047);
#12049 = DRAUGHTING_PRE_DEFINED_CURVE_FONT('continuous');
ENDSEC;
END-ISO-10303-21;
