; HEADER_BLOCK_START
; generated by OrcaSlicer 2.3.0 on 2025-12-15 at 16:46:30
; total layer number: 228
;_GP_TOTAL_LAYER_NUMBER_PLACEHOLDER
; filament_density: 1.24
; filament_diameter: 1.75
; max_z_height: 46.26
; HEADER_BLOCK_END

; THUMBNAIL_BLOCK_START

;
; thumbnail begin 140x110 1396
; iVBORw0KGgoAAAANSUhEUgAAAIwAAABuCAYAAAD1TPu3AAAD3UlEQVR4Ae3cy04TURjA8ZPoBlISiw
; gVRDBEE41svOJKF0YlCgoYFXQBuOCyEIgLauKi3UCMiYlLVzwKj8KjjHMo005nzpR2ppeZ8/3/yXmD
; X77zzeGiFBEREREREVEmu3h5cFIfRRSVBjLw5OHq6Pft46l/fxx9Lj1/WlJE/vpuTT0bXl0+8pDc+H
; vgjJf2ndGdDWfowztHEelpkn/zsjRx8PPED2WsuHOKxH8UyU1DMU2TwsaqM/RxoXIAIzvTblKdJh4S
; /wGMzILXjnGaAIY8KMFp4l5FjaEARlZRUIY+LdQOYMi0yI4Vd10gi/VYACM700QZ3d08g7IIGKrUHB
; TAiM+8o+xGQAGM2IxQfrhQlhfPwQIYcemf8/jfUapQvAMY0gW/fMbL+87w2nI9FsCQ6fopbK2FoQCG
; NJba9XMYvn4AQ7rgVBkvF93rZ8UFsQQYqq9+qfWmypLvAIZUeKqEoQCGzgruKoWt9QgsgBFd81MFMO
; IzfgGtLAGGwunFtvaucugMr69UsACG/AWvoGvuVLniQQEM+QteQR4WwFCoIJYR9wrysACG6jJdQcED
; GDrNw1K5gvaMWABDdcvteVgAIzyNxfuLwsq+8tlF8R4wFC683HpYAEOBGmMBDPnyY5n4VQpAAQz50l
; i8z+br5WIEFsCQagULYMTXGhbAiK51LIARm3/BbR4LYEQWHwtgxBV8Z2kNC2BEFf3cDxgy5P9BYjws
; gBGTH0thez0mFsCISP8v29ovP+0lwAIY6/O/tSTHAhirS/b5DBhxef+4J97nM2BE5e0tyZdcwFhf+/
; cWu8DkX784yT26d6RIqQsDuerjXPv2luyDcZ8VQGJKg7n6bcOZ/F1O8DhnDxgNRVF0Gkxhc80Z+fql
; A1iyAaYyTe4zTZpJMhimSYwkgsk9ZprETgqY/Jx77QAlebaDyc+94tppZ7aCAUqHsg0MUDqcLWCA0q
; WyDiY/D5SullUwGkr/3dslRd0ti2ByM3we96wsgeH6SUFZAJOfnwVKWko7mNzMA66fNJVWMEyVlJY2
; MBoKXz8pLk1gmCoZKC1g+qeZKpmo12Dyb5kqmaqXYPgCymC9ADPIVMlu3QYDlozXTTADXEHZrxtgmC
; oW1WkwYLGsToIBi4V1CgxYLK0TYPqn75QU2Vm7wYDF8toJRpH9tQMM+4qgkoIBi7CSgAGLwOKCAYvQ
; 4oABi+BaBQMW4bUKRpHsWgGjiJoFwwsundYMGH7xiaqdB4Yll+pqBAYsFCoKDFjIWBQYRWTKBIYlly
; ILguEqoob5wYCFmmpwfvZYg1FEzdZ3c2pVERGRsP4DOLgDr3lOL1kAAAAASUVORK5CYII=
; thumbnail end
; THUMBNAIL_BLOCK_END

; external perimeters extrusion width = 0.62mm
; perimeters extrusion width = 0.62mm
; infill extrusion width = 0.62mm
; solid infill extrusion width = 0.62mm
; top infill extrusion width = 0.62mm
; support material extrusion width = 0.62mm
; first layer extrusion width = 0.65mm

; EXECUTABLE_BLOCK_START
M73 P0 R25
M106 S0
M106 P2 S0
;TYPE:Custom
M190 S55
M104 S220
G90
M83
G1 Z5 F6000
G1 E-0.2 F800
G1 X110 Y-110 F6000
G1 E2 F800
G1 Y-110 X55 Z0.25 F4800
G1 X-55 E8 F2400
G1 Y-109.6 F2400
G1 X55 E5 F2400
G1 Y-110 X55 Z0.45 F4800
G1 X-55 E8 F2400
G1 Y-109.6 F2400
G1 X55 E5 F2400
G92 E0
G90
G21
M83 ; use relative distances for extrusion
; filament start gcode
;right_extruder_material: PLA
SET_PRESSURE_ADVANCE ADVANCE=0.025; Override pressure advance value
M106 S0
M106 P2 S0
;LAYER_CHANGE
;Z:0.2
;HEIGHT:0.2
;BEFORE_LAYER_CHANGE
;0.2
G1 E-1.2 F2100
;AFTER_LAYER_CHANGE
;0.2
;_SET_FAN_SPEED_CHANGING_LAYER
SET_VELOCITY_LIMIT ACCEL=500
G1 X-22.653 Y-7.137 F30000
G1 Z.6
G1 Z.2
G1 E1.2 F2100
;TYPE:Support
;WIDTH:0.65
G1 F2700
G1 X-22.653 Y-5.041 E.10368
G1 X-8.249 Y-5.041 E.71257
G1 X-7.268 Y-4.059 E.06864
G1 X-7.268 Y-1.964 E.10368
M73 P1 R25
G1 X7.268 Y-1.964 E.71906
G1 X7.268 Y-4.059 E.10368
G1 X8.249 Y-5.041 E.06864
G1 X22.653 Y-5.041 E.71257
G1 X22.653 Y-7.137 E.10368
G1 X23.634 Y-8.118 E.06864
G1 X37.907 Y-8.118 E.70608
G1 X38.889 Y-7.137 E.06864
G1 X38.889 Y.982 E.40163
G1 X37.907 Y1.964 E.06864
G1 X35.811 Y1.964 E.10368
G1 X35.811 Y4.059 E.10368
G1 X34.83 Y5.041 E.06864
G1 X23.503 Y5.041 E.56034
G1 X23.503 Y7.137 E.10368
G1 X22.522 Y8.118 E.06864
G1 X-22.522 Y8.118 E2.22829
G1 X-23.503 Y7.137 E.06864
G1 X-23.503 Y5.041 E.10368
G1 X-34.83 Y5.041 E.56034
G1 X-35.811 Y4.059 E.06864
G1 X-35.811 Y1.964 E.10368
G1 X-37.907 Y1.964 E.10368
G1 X-38.888 Y.982 E.06864
G1 X-38.888 Y-7.137 E.40163
G1 X-37.907 Y-8.118 E.06864
G1 X-23.634 Y-8.118 E.70608
G1 X-22.717 Y-7.201 E.06414
G1 E-1.2 F2100
;WIPE_START
G1 F2700
G1 X-23.634 Y-8.118
G1 X-24.338 Y-8.118
;WIPE_END
G1 X-16.706 Y-8.007 Z.6 F30000
G1 X23.709 Y-7.42 Z.6
G1 Z.2
G1 E1.2 F2100
G1 F2700
G1 X37.832 Y-7.42 E.69867
G1 X38.342 Y-6.91 E.03566
G1 X38.342 Y-6.745 E.00816
G1 X23.199 Y-6.745 E.7491
G1 X23.199 Y-6.071 E.03337
G1 X38.342 Y-6.071 E.7491
G1 X38.342 Y-5.396 E.03337
G1 X23.199 Y-5.396 E.7491
G1 X23.199 Y-4.722 E.03337
G1 X38.342 Y-4.722 E.7491
G1 X38.342 Y-4.047 E.03337
G1 X8.028 Y-4.047 E1.49961
G1 X7.814 Y-3.833 E.01498
G1 X7.814 Y-3.373 E.02278
G1 X38.342 Y-3.373 E1.5102
G1 X38.342 Y-2.698 E.03337
G1 X7.814 Y-2.698 E1.5102
G1 X7.814 Y-2.024 E.03337
G1 X38.342 Y-2.024 E1.5102
G1 X38.342 Y-1.349 E.03337
G1 X-38.342 Y-1.349 E3.79352
G1 X-38.342 Y-2.024 E.03337
G1 X-7.814 Y-2.024 E1.5102
G1 X-7.814 Y-2.698 E.03337
G1 X-38.342 Y-2.698 E1.5102
G1 X-38.342 Y-3.373 E.03337
G1 X-7.814 Y-3.373 E1.5102
G1 X-7.814 Y-3.833 E.02278
M73 P2 R25
G1 X-8.028 Y-4.047 E.01498
G1 X-38.342 Y-4.047 E1.49961
G1 X-38.342 Y-4.418 E.01835
G1 E-1.2 F2100
;WIPE_START
G1 F2700
G1 X-38.342 Y-4.047
G1 X-36.713 Y-4.047
;WIPE_END
G1 X-29.09 Y-4.428 Z.6 F30000
G1 X-23.199 Y-4.722 Z.6
G1 Z.2
G1 E1.2 F2100
G1 F2700
G1 X-38.342 Y-4.722 E.7491
G1 X-38.342 Y-5.396 E.03337
G1 X-23.199 Y-5.396 E.7491
G1 X-23.199 Y-6.071 E.03337
G1 X-38.342 Y-6.071 E.7491
G1 X-38.342 Y-6.745 E.03337
G1 X-23.199 Y-6.745 E.7491
G1 X-23.199 Y-6.91 E.00816
G1 X-23.709 Y-7.42 E.03566
G1 X-37.832 Y-7.42 E.69867
G1 E-1.2 F2100
;WIPE_START
G1 F2700
G1 X-35.832 Y-7.42
;WIPE_END
G1 X-38.342 Y-1.046 Z.6 F30000
G1 Z.2
G1 E1.2 F2100
G1 F2700
G1 X-38.342 Y-.675 E.01835
G1 X38.342 Y-.675 E3.79352
G1 X38.342 Y0 E.03337
G1 X-38.342 Y0 E3.79352
G1 X-38.342 Y.675 E.03337
G1 X38.342 Y.675 E3.79352
G1 X38.342 Y.756 E.00403
G1 X37.749 Y1.349 E.04149
G1 X-37.749 Y1.349 E3.73484
G1 E-1.2 F2100
;WIPE_START
G1 F2700
G1 X-35.749 Y1.349
;WIPE_END
G1 X-35.265 Y2.024 Z.6 F30000
G1 Z.2
G1 E1.2 F2100
G1 F2700
G1 X35.265 Y2.024 E3.48907
G1 X35.265 Y2.698 E.03337
G1 X-35.265 Y2.698 E3.48907
G1 X-35.265 Y3.373 E.03337
G1 X35.265 Y3.373 E3.48907
G1 X35.265 Y3.833 E.02278
M73 P3 R25
G1 X35.051 Y4.047 E.01498
G1 X-35.051 Y4.047 E3.46789
G1 X-34.604 Y4.494 E.03128
G1 X-34.209 Y4.494 E.01955
G1 E-1.2 F2100
;WIPE_START
G1 F2700
G1 X-34.604 Y4.494
G1 X-35.051 Y4.047
G1 X-34.078 Y4.047
;WIPE_END
G1 X-26.46 Y4.502 Z.6 F30000
G1 X22.447 Y7.42 Z.6
G1 Z.2
G1 E1.2 F2100
G1 F2700
G1 X-22.447 Y7.42 E2.22088
G1 X-22.957 Y6.91 E.03566
G1 X-22.957 Y6.745 E.00816
G1 X22.957 Y6.745 E2.27131
G1 X22.957 Y6.071 E.03337
M73 P3 R24
G1 X-22.957 Y6.071 E2.27131
G1 X-22.957 Y5.396 E.03337
G1 X22.957 Y5.396 E2.27131
G1 X22.957 Y4.722 E.03337
G1 X-22.957 Y4.722 E2.27131
M106 S255
M106 P2 S255
;LAYER_CHANGE
;Z:0.65
;HEIGHT:0.45
;BEFORE_LAYER_CHANGE
;0.65
G1 E-1.2 F2100
;WIPE_START
G1 F2700
G1 X-20.957 Y4.722
;WIPE_END
;AFTER_LAYER_CHANGE
;0.65
;_SET_FAN_SPEED_CHANGING_LAYER
SET_VELOCITY_LIMIT ACCEL=10000
M140 S50 ; set bed temperature
G17
G3 Z1.05 I.275 J-1.186 P1  F30000
G1 X-22.04 Y4.471 Z1.05
G1 Z.65
G1 E1.2 F2100
;TYPE:Support interface
;WIDTH:0.62
G1 F2400
M106 S255
G1 X-22.04 Y5.493 E.09813
G1 X-20.879 Y6.654 E.15756
G1 X-19.568 Y6.654 E.12582
G1 X-22.04 Y4.182 E.3355
G1 X-22.04 Y3.577 E.05807
G1 X-22.645 Y3.577 E.05807
G1 X-32.876 Y-6.654 E1.38859
G1 X-31.565 Y-6.654 E.12582
G1 X-18.256 Y6.654 E1.80621
G1 X-16.945 Y6.654 E.12582
G1 X-30.254 Y-6.654 E1.80621
G1 X-28.943 Y-6.654 E.12582
G1 X-15.634 Y6.654 E1.80621
G1 X-14.323 Y6.654 E.12582
G1 X-27.632 Y-6.654 E1.80621
G1 X-26.32 Y-6.654 E.12582
G1 X-24.117 Y-4.45 E.29911
G1 X-24.117 Y-5.761 E.12582
G1 X-25.009 Y-6.654 E.12117
G1 X-24.24 Y-6.654 E.07379
G1 X-24.117 Y-6.53 E.01681
G1 X-24.117 Y-6.05 E.0461
G1 E-1.2 F2100
;WIPE_START
G1 F2400
G1 X-24.117 Y-6.53
G1 X-24.24 Y-6.654
G1 X-25.009 Y-6.654
G1 X-24.602 Y-6.247
;WIPE_END
G1 X-31.552 Y-3.092 Z1.05 F30000
G1 X-37.425 Y-.426 Z1.05
G1 Z.65
G1 E1.2 F2100
G1 F2400
G1 X-37.425 Y.376 E.07698
G1 X-37.301 Y.5 E.01681
G1 X-36.21 Y.5 E.10467
G1 X-37.425 Y-.715 E.16483
G1 X-37.425 Y-2.026 E.12582
G1 X-34.899 Y.5 E.34278
G1 X-34.348 Y.5 E.05292
G1 X-34.348 Y1.051 E.05292
G1 X-31.822 Y3.577 E.34278
G1 X-33.133 Y3.577 E.12582
G1 X-34.348 Y2.363 E.16483
G1 X-34.348 Y1.34 E.09813
G1 E-1.2 F2100
;WIPE_START
G1 F2400
G1 X-34.348 Y2.363
G1 X-33.657 Y3.054
;WIPE_END
G1 X-34.348 Y2.651 Z1.05 F30000
G1 Z.65
G1 E1.2 F2100
G1 F2400
G1 X-34.348 Y3.453 E.07698
G1 X-34.224 Y3.577 E.01681
G1 X-33.422 Y3.577 E.07698
G1 E-1.2 F2100
;WIPE_START
G1 F2400
G1 X-34.224 Y3.577
G1 X-34.348 Y3.453
G1 X-34.348 Y2.651
;WIPE_END
G1 X-31.534 Y3.577 Z1.05 F30000
G1 Z.65
G1 E1.2 F2100
G1 F2400
G1 X-30.511 Y3.577 E.09813
G1 X-37.425 Y-3.337 E.93834
G1 X-37.425 Y-4.648 E.12582
G1 X-29.2 Y3.577 E1.11628
G1 X-27.889 Y3.577 E.12582
G1 X-37.425 Y-5.959 E1.29422
G1 X-37.425 Y-6.53 E.05484
G1 X-37.301 Y-6.654 E.01681
G1 X-36.809 Y-6.654 E.04721
G1 X-26.578 Y3.577 E1.38859
G1 X-25.267 Y3.577 E.12582
G1 X-35.498 Y-6.654 E1.38859
G1 X-34.187 Y-6.654 E.12582
M73 P4 R24
G1 X-23.956 Y3.577 E1.38859
G1 X-22.933 Y3.577 E.09813
G1 E-1.2 F2100
;WIPE_START
G1 F2400
G1 X-23.956 Y3.577
G1 X-24.647 Y2.886
;WIPE_END
G1 X-22.04 Y5.782 Z1.05 F30000
G1 Z.65
G1 E1.2 F2100
G1 F2400
G1 X-22.04 Y6.53 E.07183
G1 X-21.916 Y6.654 E.01681
G1 X-21.167 Y6.654 E.07183
G1 E-1.2 F2100
;WIPE_START
G1 F2400
G1 X-21.916 Y6.654
G1 X-22.04 Y6.53
G1 X-22.04 Y5.782
;WIPE_END
G1 X-14.452 Y6.609 Z1.05 F30000
G1 X-14.035 Y6.654 Z1.05
G1 Z.65
G1 E1.2 F2100
G1 F2400
G1 X-13.012 Y6.654 E.09813
G1 X-23.243 Y-3.577 E1.38859
G1 X-21.932 Y-3.577 E.12582
G1 X-11.701 Y6.654 E1.38859
G1 X-10.39 Y6.654 E.12582
G1 X-20.621 Y-3.577 E1.38859
G1 X-19.31 Y-3.577 E.12582
G1 X-9.079 Y6.654 E1.38859
G1 X-7.768 Y6.654 E.12582
G1 X-17.999 Y-3.577 E1.38859
G1 X-16.688 Y-3.577 E.12582
G1 X-6.457 Y6.654 E1.38859
G1 X-5.146 Y6.654 E.12582
G1 X-15.377 Y-3.577 E1.38859
G1 X-14.066 Y-3.577 E.12582
G1 X-3.835 Y6.654 E1.38859
G1 X-2.523 Y6.654 E.12582
G1 X-12.755 Y-3.577 E1.38859
G1 X-11.444 Y-3.577 E.12582
G1 X-8.731 Y-.865 E.36813
G1 X-8.731 Y-.5 E.035
G1 X-8.367 Y-.5 E.035
G1 X-1.212 Y6.654 E.97097
G1 X.099 Y6.654 E.12582
G1 X-7.055 Y-.5 E.97097
G1 X-5.744 Y-.5 E.12582
G1 X1.41 Y6.654 E.97097
G1 X2.721 Y6.654 E.12582
G1 X-4.433 Y-.5 E.97097
G1 X-3.122 Y-.5 E.12582
G1 X4.032 Y6.654 E.97097
G1 X5.343 Y6.654 E.12582
G1 X-1.811 Y-.5 E.97097
G1 X-.5 Y-.5 E.12582
G1 X6.654 Y6.654 E.97097
G1 X7.965 Y6.654 E.12582
G1 X.811 Y-.5 E.97097
G1 X2.122 Y-.5 E.12582
G1 X9.276 Y6.654 E.97097
G1 X10.587 Y6.654 E.12582
G1 X3.433 Y-.5 E.97097
G1 X4.744 Y-.5 E.12582
G1 X11.899 Y6.654 E.97097
G1 X13.21 Y6.654 E.12582
G1 X6.055 Y-.5 E.97097
G1 X7.367 Y-.5 E.12582
G1 X14.521 Y6.654 E.97097
G1 X15.832 Y6.654 E.12582
G1 X8.678 Y-.5 E.97097
G1 X8.731 Y-.5 E.00515
G1 X8.731 Y-1.757 E.12068
G1 X17.143 Y6.654 E1.14163
G1 X18.454 Y6.654 E.12582
G1 X8.731 Y-3.069 E1.31957
G1 X8.731 Y-3.453 E.03692
G1 X8.855 Y-3.577 E.01681
G1 X9.534 Y-3.577 E.06513
G1 X19.765 Y6.654 E1.38859
G1 X21.076 Y6.654 E.12582
G1 X10.845 Y-3.577 E1.38859
G1 X12.156 Y-3.577 E.12582
G1 X22.04 Y6.307 E1.34141
G1 X22.04 Y4.995 E.12582
G1 X13.467 Y-3.577 E1.16347
G1 X14.778 Y-3.577 E.12582
G1 X22.04 Y3.684 E.98553
G1 X22.04 Y3.577 E.01029
G1 X23.243 Y3.577 E.11553
G1 X16.089 Y-3.577 E.97097
G1 X17.4 Y-3.577 E.12582
G1 X24.554 Y3.577 E.97097
G1 X25.866 Y3.577 E.12582
G1 X18.711 Y-3.577 E.97097
G1 X20.022 Y-3.577 E.12582
G1 X27.177 Y3.577 E.97097
G1 X28.488 Y3.577 E.12582
G1 X21.334 Y-3.577 E.97097
G1 X22.645 Y-3.577 E.12582
G1 X29.799 Y3.577 E.97097
G1 X31.11 Y3.577 E.12582
G1 X23.956 Y-3.577 E.97097
G1 X24.117 Y-3.577 E.01544
G1 X24.117 Y-4.727 E.11038
G1 X32.421 Y3.577 E1.12707
G1 X33.732 Y3.577 E.12582
G1 X24.117 Y-6.038 E1.30501
G1 X24.117 Y-6.53 E.04721
G1 X24.241 Y-6.654 E.01681
G1 X24.812 Y-6.654 E.05484
G1 X34.348 Y2.882 E1.29423
G1 X34.348 Y1.571 E.12582
G1 X26.123 Y-6.654 E1.11628
G1 X27.434 Y-6.654 E.12582
G1 X34.588 Y.5 E.97097
G1 X35.899 Y.5 E.12582
G1 X28.745 Y-6.654 E.97097
G1 X30.056 Y-6.654 E.12582
M73 P5 R24
G1 X37.21 Y.5 E.97097
G1 X37.301 Y.5 E.0087
G1 X37.425 Y.376 E.01681
G1 X37.425 Y-.597 E.09335
G1 X31.367 Y-6.654 E.82214
G1 X32.678 Y-6.654 E.12582
G1 X37.425 Y-1.908 E.6442
G1 X37.425 Y-3.219 E.12582
G1 X33.99 Y-6.654 E.46626
G1 X35.301 Y-6.654 E.12582
G1 X37.425 Y-4.53 E.28832
G1 X37.425 Y-5.841 E.12582
G1 X36.612 Y-6.654 E.11037
G1 X37.301 Y-6.654 E.06616
G1 X37.425 Y-6.53 E.01681
G1 X37.425 Y-6.129 E.03847
G1 E-1.2 F2100
;WIPE_START
G1 F2400
G1 X37.425 Y-6.53
G1 X37.301 Y-6.654
G1 X36.612 Y-6.654
G1 X37.131 Y-6.135
;WIPE_END
G1 X29.523 Y-5.526 Z1.05 F30000
G1 X-8.731 Y-2.464 Z1.05
G1 Z.65
G1 E1.2 F2100
G1 F2400
G1 X-8.731 Y-3.453 E.0949
G1 X-8.855 Y-3.577 E.01681
G1 X-10.133 Y-3.577 E.12259
G1 X-8.731 Y-2.176 E.19018
G1 X-8.731 Y-1.153 E.09813
;LAYER_CHANGE
;Z:1.1
;HEIGHT:0.45
;BEFORE_LAYER_CHANGE
;1.1
G1 E-1.2 F2100
;WIPE_START
G1 F2400
G1 X-8.731 Y-2.176
G1 X-9.422 Y-2.867
;WIPE_END
;AFTER_LAYER_CHANGE
;1.1
;_SET_FAN_SPEED_CHANGING_LAYER
G17
G3 Z1.5 I-.012 J1.217 P1  F30000
G1 X9.231 Y-2.676 Z1.5
G1 Z1.1
G1 E1.2 F2100
G1 F2400
G1 X9.633 Y-3.077 E.05447
G1 X10.944 Y-3.077 E.12582
G1 X9.231 Y-1.365 E.23241
G1 X9.231 Y-.054 E.12582
G1 X12.255 Y-3.077 E.41035
G1 X13.566 Y-3.077 E.12582
G1 X4.335 Y6.154 E1.25287
G1 X5.646 Y6.154 E.12582
G1 X14.877 Y-3.077 E1.25287
G1 X16.188 Y-3.077 E.12582
G1 X6.957 Y6.154 E1.25287
G1 X8.268 Y6.154 E.12582
G1 X17.499 Y-3.077 E1.25287
G1 X18.81 Y-3.077 E.12582
G1 X9.579 Y6.154 E1.25287
G1 X10.89 Y6.154 E.12582
G1 X20.121 Y-3.077 E1.25287
G1 X21.432 Y-3.077 E.12582
G1 X12.201 Y6.154 E1.25287
G1 X13.512 Y6.154 E.12582
G1 X22.743 Y-3.077 E1.25287
G1 X23.766 Y-3.077 E.09813
G1 E-1.2 F2100
;WIPE_START
G1 F2400
G1 X22.743 Y-3.077
G1 X22.052 Y-2.386
;WIPE_END
G1 X25.532 Y-6.154 Z1.5 F30000
G1 Z1.1
G1 E1.2 F2100
G1 F2400
G1 X24.617 Y-6.154 E.08784
G1 X24.617 Y-4.95 E.11553
G1 X25.82 Y-6.154 E.16339
G1 X27.132 Y-6.154 E.12582
G1 X24.617 Y-3.639 E.34133
G1 X24.617 Y-3.077 E.05395
G1 X24.055 Y-3.077 E.05395
G1 X14.823 Y6.154 E1.25287
G1 X16.134 Y6.154 E.12582
G1 X28.443 Y-6.154 E1.6705
G1 X29.754 Y-6.154 E.12582
G1 X17.445 Y6.154 E1.6705
G1 X18.756 Y6.154 E.12582
G1 X21.54 Y3.371 E.37772
G1 X21.54 Y3.077 E.02821
G1 X21.834 Y3.077 E.02821
G1 X31.065 Y-6.154 E1.25287
G1 X32.087 Y-6.154 E.09813
G1 E-1.2 F2100
;WIPE_START
G1 F2400
G1 X31.065 Y-6.154
G1 X30.374 Y-5.463
;WIPE_END
G1 X33.313 Y1.581 Z1.5 F30000
G1 X33.848 Y2.863 Z1.5
G1 Z1.1
G1 E1.2 F2100
G1 F2400
G1 X33.633 Y3.077 E.02912
G1 X32.322 Y3.077 E.12582
G1 X33.848 Y1.551 E.20706
G1 X33.848 Y.529 E.09813
G1 E-1.2 F2100
;WIPE_START
G1 F2400
G1 X33.848 Y1.551
G1 X33.157 Y2.243
;WIPE_END
G1 X36.925 Y-.215 Z1.5 F30000
G1 Z1.1
G1 E1.2 F2100
G1 F2400
G1 X36.71 Y0 E.02912
G1 X35.399 Y0 E.12582
G1 X36.925 Y-1.526 E.20706
G1 X36.925 Y-2.837 E.12582
G1 X34.088 Y0 E.385
G1 X33.848 Y0 E.02307
G1 X33.848 Y.24 E.02307
G1 X31.011 Y3.077 E.385
G1 X29.7 Y3.077 E.12582
G1 X36.925 Y-4.148 E.98056
G1 X36.925 Y-5.459 E.12582
G1 X28.389 Y3.077 E1.15851
G1 X27.078 Y3.077 E.12582
G1 X36.309 Y-6.154 E1.25287
G1 X34.998 Y-6.154 E.12582
G1 X25.767 Y3.077 E1.25287
G1 X24.456 Y3.077 E.12582
G1 X33.687 Y-6.154 E1.25287
G1 X32.376 Y-6.154 E.12582
G1 X23.145 Y3.077 E1.25287
G1 X22.122 Y3.077 E.09813
G1 X21.54 Y3.66 F30000
G1 F2400
G1 X21.54 Y4.682 E.09813
G1 X20.068 Y6.154 E.19978
G1 X21.379 Y6.154 E.12582
G1 X21.54 Y5.993 E.02184
G1 E-1.2 F2100
;WIPE_START
G1 F2400
G1 X21.379 Y6.154
G1 X20.068 Y6.154
G1 X20.394 Y5.828
;WIPE_END
G1 X13.621 Y2.309 Z1.5 F30000
G1 X9.178 Y0 Z1.5
G1 Z1.1
G1 E1.2 F2100
G1 F2400
G1 X3.023 Y6.154 E.83525
G1 X1.712 Y6.154 E.12582
G1 X7.867 Y0 E.83525
G1 X6.555 Y0 E.12582
G1 X.401 Y6.154 E.83525
G1 X-.91 Y6.154 E.12582
G1 X5.244 Y0 E.83525
G1 X3.933 Y0 E.12582
G1 X-2.221 Y6.154 E.83525
G1 X-3.532 Y6.154 E.12582
G1 X2.622 Y0 E.83525
G1 X1.311 Y0 E.12582
G1 X-4.843 Y6.154 E.83525
G1 X-6.154 Y6.154 E.12582
G1 X0 Y0 E.83525
G1 X-1.311 Y0 E.12582
G1 X-7.465 Y6.154 E.83525
G1 X-8.776 Y6.154 E.12582
G1 X-2.622 Y0 E.83525
G1 X-3.933 Y0 E.12582
G1 X-10.087 Y6.154 E.83525
G1 X-11.399 Y6.154 E.12582
G1 X-5.244 Y0 E.83525
G1 X-6.555 Y0 E.12582
G1 X-12.71 Y6.154 E.83525
G1 X-14.021 Y6.154 E.12582
G1 X-7.867 Y0 E.83525
G1 X-9.178 Y0 E.12582
G1 X-15.332 Y6.154 E.83525
G1 X-16.643 Y6.154 E.12582
G1 X-9.231 Y-1.257 E1.00591
G1 X-9.231 Y-2.569 E.12582
G1 X-17.954 Y6.154 E1.18386
G1 X-19.265 Y6.154 E.12582
M73 P6 R24
G1 X-10.034 Y-3.077 E1.25287
G1 X-11.345 Y-3.077 E.12582
G1 X-20.576 Y6.154 E1.25287
G1 X-21.54 Y6.154 E.09246
G1 X-21.54 Y5.807 E.03337
G1 X-12.656 Y-3.077 E1.20569
G1 X-13.967 Y-3.077 E.12582
G1 X-21.54 Y4.495 E1.02775
G1 X-21.54 Y3.184 E.12582
G1 X-15.278 Y-3.077 E.8498
G1 X-16.589 Y-3.077 E.12582
G1 X-22.743 Y3.077 E.83525
G1 X-24.055 Y3.077 E.12582
G1 X-17.9 Y-3.077 E.83525
G1 X-19.211 Y-3.077 E.12582
G1 X-25.366 Y3.077 E.83525
G1 X-26.677 Y3.077 E.12582
G1 X-20.522 Y-3.077 E.83525
G1 X-21.834 Y-3.077 E.12582
G1 X-27.988 Y3.077 E.83525
G1 X-29.299 Y3.077 E.12582
G1 X-23.145 Y-3.077 E.83525
G1 X-24.456 Y-3.077 E.12582
G1 X-30.61 Y3.077 E.83525
G1 X-31.921 Y3.077 E.12582
G1 X-24.617 Y-4.227 E.99136
G1 X-24.617 Y-5.538 E.12582
G1 X-33.232 Y3.077 E1.1693
G1 X-33.848 Y3.077 E.05909
G1 X-33.848 Y2.382 E.06673
G1 X-25.312 Y-6.154 E1.1585
G1 X-26.623 Y-6.154 E.12582
G1 X-33.848 Y1.071 E.98056
G1 X-33.848 Y0 E.10275
G1 X-34.088 Y0 E.02307
G1 X-27.934 Y-6.154 E.83525
G1 X-29.245 Y-6.154 E.12582
G1 X-35.399 Y0 E.83525
G1 X-36.71 Y0 E.12582
G1 X-30.556 Y-6.154 E.83525
G1 X-31.867 Y-6.154 E.12582
G1 X-36.925 Y-1.097 E.68642
G1 X-36.925 Y-2.408 E.12582
G1 X-33.178 Y-6.154 E.50848
G1 X-34.49 Y-6.154 E.12582
G1 X-36.925 Y-3.719 E.33054
G1 X-36.925 Y-5.03 E.12582
G1 X-35.801 Y-6.154 E.15259
G1 X-36.925 Y-6.154 E.1079
G1 X-36.925 Y-5.318 E.08021
;LAYER_CHANGE
;Z:1.46
;HEIGHT:0.36
;BEFORE_LAYER_CHANGE
;1.46
G1 E-1.2 F2100
;WIPE_START
G1 F2400
G1 X-36.925 Y-6.154
G1 X-35.801 Y-6.154
G1 X-35.829 Y-6.126
;WIPE_END
;AFTER_LAYER_CHANGE
;1.46
;_SET_FAN_SPEED_CHANGING_LAYER
G17
G3 Z1.86 I-.053 J1.216 P1  F30000
G1 X33.19 Y-3.11 Z1.86
G1 Z1.46
G1 E1.2 F2100
SET_VELOCITY_LIMIT ACCEL=5000
;TYPE:Outer wall
;HEIGHT:0.2
G1 F600
;_SUPP_INTERFACE_FAN_END
G1 X33.19 Y-2.178 E.04383
G1 X30.311 Y-1.256 E.14216
G1 X27.205 Y-.366 E.15194
G1 X24.066 Y.429 E.15227
G1 X20.904 Y1.126 E.15226
G1 X17.722 Y1.724 E.15225
G1 X14.523 Y2.224 E.15226
G1 X11.31 Y2.625 E.15226
G1 X8.087 Y2.926 E.15222
G1 X4.855 Y3.126 E.15227
G1 X1.619 Y3.227 E.15225
G1 X-1.619 Y3.227 E.15227
G1 X-4.855 Y3.126 E.15225
G1 X-8.087 Y2.926 E.15227
G1 X-11.31 Y2.625 E.15222
G1 X-14.523 Y2.224 E.15226
G1 X-17.722 Y1.724 E.15226
G1 X-20.904 Y1.126 E.15225
G1 X-24.066 Y.429 E.15226
G1 X-27.205 Y-.366 E.15227
G1 X-30.317 Y-1.258 E.15223
G1 X-33.189 Y-2.178 E.14181
G1 X-33.185 Y-3.108 E.04373
G1 X-30.502 Y-2.235 E.13268
G1 X-27.373 Y-1.324 E.15325
G1 X-24.217 Y-.512 E.15324
G1 X-21.036 Y.2 E.15329
G1 X-17.835 Y.812 E.15325
G1 X-14.617 Y1.322 E.15321
G1 X-11.376 Y1.732 E.15362
M73 P7 R24
G1 X-8.139 Y2.039 E.1529
G1 X-4.887 Y2.244 E.15323
G1 X-1.629 Y2.346 E.15328
G1 X1.629 Y2.346 E.15321
G1 X4.887 Y2.244 E.15328
G1 X8.139 Y2.039 E.15323
G1 X11.391 Y1.731 E.15361
G1 X14.617 Y1.322 E.15292
G1 X17.835 Y.812 E.15321
G1 X21.036 Y.2 E.15325
G1 X24.217 Y-.512 E.15329
M73 P7 R23
G1 X27.38 Y-1.326 E.15359
G1 X30.502 Y-2.235 E.15291
G1 X33.156 Y-3.098 E.13124
SET_VELOCITY_LIMIT ACCEL=10000
G1 X32.901 Y-2.55 F30000
;TYPE:Gap infill
;WIDTH:0.345919
G1 F9000
M106 S255
G1 X30.182 Y-1.68 E.0705
G1 X27.497 Y-.905 E.06899
G1 X24.321 Y-.087 E.08098
G1 X21.123 Y.629 E.08092
G1 X17.647 Y1.289 E.08735
G1 X14.676 Y1.757 E.07426
G1 X11.441 Y2.166 E.08051
G1 X8.176 Y2.476 E.08098
G1 X4.905 Y2.683 E.08092
G1 X1.612 Y2.786 E.08135
G1 X-1.639 Y2.786 E.08026
G1 X-4.905 Y2.683 E.08069
G1 X-8.053 Y2.486 E.07786
G1 X-11.422 Y2.169 E.08357
G1 X-14.681 Y1.756 E.0811
G1 X-17.913 Y1.243 E.0808
G1 X-20.816 Y.692 E.07295
G1 X-23.964 Y-.002 E.0796
G1 X-27.49 Y-.903 E.08986
G1 X-30.189 Y-1.682 E.06935
G1 X-32.899 Y-2.55 E.07026
;LAYER_CHANGE
;Z:1.66
;HEIGHT:0.2
;BEFORE_LAYER_CHANGE
;1.66
G1 E-1.2 F2100
;WIPE_START
G1 F9000
G1 X-30.994 Y-1.94
;WIPE_END
;AFTER_LAYER_CHANGE
;1.66
;_SET_FAN_SPEED_CHANGING_LAYER
G17
G3 Z2.06 I.022 J1.217 P1  F30000
G1 X33.19 Y-3.11 Z2.06
G1 Z1.66
G1 E1.2 F2100
SET_VELOCITY_LIMIT ACCEL=5000
;TYPE:Outer wall
;WIDTH:0.62
G1 F2051
G1 X33.19 Y-2.178 E.0438
G1 X30.317 Y-1.258 E.14184
G1 X27.205 Y-.366 E.15226
G1 X24.066 Y.429 E.15226
G1 X20.904 Y1.126 E.15226
G1 X17.722 Y1.724 E.15226
G1 X14.523 Y2.224 E.15225
G1 X11.31 Y2.625 E.15226
G1 X8.087 Y2.926 E.15225
G1 X4.855 Y3.126 E.15226
G1 X1.619 Y3.227 E.15225
G1 X-1.619 Y3.227 E.15226
G1 X-4.855 Y3.126 E.15225
G1 X-8.087 Y2.926 E.15226
G1 X-11.31 Y2.625 E.15225
G1 X-14.523 Y2.224 E.15226
G1 X-17.744 Y1.72 E.15327
G1 X-20.904 Y1.126 E.15124
G1 X-24.066 Y.429 E.15226
G1 X-27.205 Y-.366 E.15226
G1 X-30.317 Y-1.258 E.15225
G1 X-33.19 Y-2.178 E.14184
G1 X-33.19 Y-3.11 E.0438
G1 X-30.481 Y-2.229 E.13396
G1 X-27.373 Y-1.324 E.15223
G1 X-24.217 Y-.512 E.15325
G1 X-21.036 Y.2 E.15325
G1 X-17.835 Y.812 E.15325
G1 X-14.617 Y1.322 E.15325
G1 X-11.384 Y1.732 E.15325
G1 X-8.139 Y2.039 E.15325
G1 X-4.887 Y2.244 E.15325
G1 X-1.629 Y2.346 E.15325
G1 X1.651 Y2.346 E.15427
G1 X4.887 Y2.244 E.15223
G1 X8.139 Y2.039 E.15325
G1 X11.405 Y1.729 E.15427
G1 X14.617 Y1.322 E.15223
G1 X17.835 Y.812 E.15325
G1 X21.036 Y.2 E.15325
G1 X24.217 Y-.512 E.15325
G1 X27.393 Y-1.33 E.15427
G1 X30.502 Y-2.235 E.15223
G1 X33.156 Y-3.098 E.13125
SET_VELOCITY_LIMIT ACCEL=10000
G1 X32.901 Y-2.55 F30000
;TYPE:Gap infill
;WIDTH:0.34599
G1 F2051
G1 X30.189 Y-1.682 E.07034
G1 X27.511 Y-.909 E.06882
G1 X23.964 Y-.002 E.09042
G1 X20.816 Y.692 E.07962
G1 X17.913 Y1.243 E.07296
G1 X14.681 Y1.756 E.08082
G1 X11.451 Y2.165 E.0804
G1 X8.053 Y2.486 E.0843
G1 X4.905 Y2.683 E.07788
G1 X1.66 Y2.785 E.08017
G1 X-1.612 Y2.786 E.08082
G1 X-4.905 Y2.683 E.08137
G1 X-8.176 Y2.476 E.08094
G1 X-11.434 Y2.167 E.08082
G1 X-14.676 Y1.757 E.08071
G1 X-17.669 Y1.285 E.07481
G1 X-21.123 Y.629 E.08683
G1 X-24.321 Y-.087 E.08094
G1 X-27.49 Y-.903 E.08082
G1 X-30.189 Y-1.682 E.06936
G1 X-32.901 Y-2.551 E.07034
;LAYER_CHANGE
;Z:1.86
;HEIGHT:0.2
;BEFORE_LAYER_CHANGE
;1.86
G1 E-1.2 F2100
;WIPE_START
G1 F9000
G1 X-30.997 Y-1.941
;WIPE_END
;AFTER_LAYER_CHANGE
;1.86
;_SET_FAN_SPEED_CHANGING_LAYER
G17
G3 Z2.26 I.022 J1.217 P1  F30000
G1 X33.19 Y-3.11 Z2.26
G1 Z1.86
G1 E1.2 F2100
SET_VELOCITY_LIMIT ACCEL=5000
;TYPE:Outer wall
;WIDTH:0.62
G1 F2051
G1 X33.19 Y-2.178 E.0438
G1 X30.317 Y-1.258 E.14184
G1 X27.205 Y-.366 E.15226
G1 X24.066 Y.429 E.15226
G1 X20.904 Y1.126 E.15226
G1 X17.722 Y1.724 E.15225
G1 X14.523 Y2.224 E.15226
G1 X11.31 Y2.625 E.15226
G1 X8.087 Y2.926 E.15225
G1 X4.819 Y3.127 E.15395
G1 X1.619 Y3.227 E.15056
G1 X-1.619 Y3.227 E.15226
G1 X-4.855 Y3.126 E.15225
G1 X-8.087 Y2.926 E.15225
G1 X-11.346 Y2.62 E.15395
G1 X-14.523 Y2.224 E.15056
G1 X-17.722 Y1.724 E.15225
G1 X-20.904 Y1.126 E.15226
G1 X-24.066 Y.429 E.15226
G1 X-27.205 Y-.366 E.15225
G1 X-30.317 Y-1.258 E.15226
G1 X-33.19 Y-2.178 E.14184
G1 X-33.19 Y-3.11 E.0438
G1 X-30.502 Y-2.235 E.13294
G1 X-27.373 Y-1.324 E.15325
G1 X-24.217 Y-.512 E.15325
G1 X-21.036 Y.2 E.15325
G1 X-17.835 Y.812 E.15325
G1 X-14.617 Y1.322 E.15325
G1 X-11.348 Y1.735 E.15494
G1 X-8.139 Y2.039 E.15155
G1 X-4.887 Y2.244 E.15325
G1 X-1.629 Y2.346 E.15325
G1 X1.666 Y2.345 E.15495
G1 X4.887 Y2.244 E.15155
G1 X8.139 Y2.039 E.15325
G1 X11.384 Y1.732 E.15325
G1 X14.617 Y1.322 E.15325
M73 P8 R23
G1 X17.835 Y.812 E.15325
G1 X21.036 Y.2 E.15325
G1 X24.252 Y-.521 E.15495
G1 X27.373 Y-1.324 E.15155
G1 X30.502 Y-2.235 E.15325
G1 X33.156 Y-3.098 E.13125
SET_VELOCITY_LIMIT ACCEL=10000
G1 X32.901 Y-2.55 F30000
;TYPE:Gap infill
;WIDTH:0.346026
G1 F2051
G1 X30.189 Y-1.682 E.07035
G1 X27.49 Y-.903 E.06937
G1 X23.964 Y-.003 E.08989
G1 X21.123 Y.629 E.07188
G1 X17.913 Y1.243 E.08072
G1 X14.681 Y1.756 E.08083
G1 X11.429 Y2.168 E.08095
G1 X8.053 Y2.486 E.08377
G1 X4.905 Y2.682 E.07789
G1 X1.675 Y2.785 E.07982
G1 X-1.612 Y2.786 E.08119
G1 X-4.905 Y2.683 E.08138
G1 X-8.176 Y2.476 E.08095
G1 X-11.398 Y2.171 E.07994
G1 X-14.462 Y1.787 E.07627
G1 X-17.647 Y1.289 E.07963
G1 X-21.123 Y.629 E.08738
G1 X-24.321 Y-.087 E.08095
G1 X-27.49 Y-.903 E.08083
G1 X-30.189 Y-1.682 E.06937
G1 X-32.901 Y-2.55 E.07035
;LAYER_CHANGE
;Z:2.06
;HEIGHT:0.2
;BEFORE_LAYER_CHANGE
;2.06
G1 E-1.2 F2100
;WIPE_START
G1 F9000
G1 X-30.997 Y-1.941
;WIPE_END
;AFTER_LAYER_CHANGE
;2.06
;_SET_FAN_SPEED_CHANGING_LAYER
G17
G3 Z2.46 I.022 J1.217 P1  F30000
G1 X33.19 Y-3.11 Z2.46
G1 Z2.06
G1 E1.2 F2100
SET_VELOCITY_LIMIT ACCEL=5000
;TYPE:Outer wall
;WIDTH:0.62
G1 F2051
G1 X33.19 Y-2.178 E.0438
G1 X30.317 Y-1.258 E.14184
G1 X27.205 Y-.366 E.15226
G1 X24.066 Y.429 E.15225
G1 X20.904 Y1.126 E.15226
G1 X17.722 Y1.724 E.15226
G1 X14.523 Y2.224 E.15226
G1 X11.31 Y2.625 E.15226
G1 X8.087 Y2.926 E.15225
G1 X4.855 Y3.126 E.15226
G1 X1.619 Y3.227 E.15225
G1 X-1.619 Y3.227 E.15225
G1 X-4.905 Y3.123 E.15463
G1 X-8.087 Y2.926 E.14988
G1 X-11.31 Y2.625 E.15226
G1 X-14.523 Y2.224 E.15226
G1 X-17.722 Y1.724 E.15226
G1 X-20.904 Y1.126 E.15226
G1 X-24.066 Y.429 E.15226
G1 X-27.205 Y-.366 E.15226
G1 X-30.317 Y-1.258 E.15226
G1 X-33.19 Y-2.178 E.14184
G1 X-33.19 Y-3.11 E.0438
G1 X-30.502 Y-2.235 E.13294
G1 X-27.373 Y-1.324 E.15325
G1 X-24.217 Y-.512 E.15325
G1 X-21.036 Y.2 E.15325
G1 X-17.835 Y.812 E.15325
G1 X-14.617 Y1.322 E.15325
G1 X-11.333 Y1.736 E.15562
G1 X-8.139 Y2.039 E.15087
G1 X-4.887 Y2.244 E.15325
G1 X-1.629 Y2.346 E.15325
G1 X1.68 Y2.345 E.15562
G1 X4.887 Y2.244 E.15087
G1 X8.139 Y2.039 E.15325
G1 X11.384 Y1.732 E.15325
G1 X14.617 Y1.322 E.15325
G1 X17.835 Y.812 E.15325
G1 X21.036 Y.2 E.15325
G1 X24.217 Y-.512 E.15325
G1 X27.421 Y-1.338 E.15562
G1 X30.502 Y-2.235 E.15087
G1 X33.156 Y-3.098 E.13125
SET_VELOCITY_LIMIT ACCEL=10000
G1 X32.901 Y-2.55 F30000
;TYPE:Gap infill
;WIDTH:0.346086
G1 F2051
G1 X30.189 Y-1.682 E.07036
G1 X27.539 Y-.917 E.06813
G1 X23.964 Y-.002 E.09116
G1 X20.816 Y.692 E.07965
G1 X17.913 Y1.243 E.07299
G1 X14.681 Y1.756 E.08085
G1 X11.429 Y2.168 E.08097
G1 X8.053 Y2.486 E.08379
G1 X4.905 Y2.683 E.07791
G1 X1.689 Y2.784 E.07948
G1 X-1.612 Y2.786 E.08156
G1 X-4.905 Y2.683 E.0814
G1 X-8.176 Y2.476 E.08097
G1 X-11.379 Y2.173 E.07948
G1 X-14.462 Y1.787 E.07676
G1 X-17.647 Y1.289 E.07965
G1 X-21.123 Y.629 E.08739
G1 X-24.321 Y-.087 E.08097
G1 X-27.49 Y-.903 E.08085
G1 X-30.189 Y-1.682 E.06938
G1 X-32.901 Y-2.55 E.07036
;LAYER_CHANGE
;Z:2.26
;HEIGHT:0.2
;BEFORE_LAYER_CHANGE
;2.26
G1 E-1.2 F2100
;WIPE_START
G1 F9000
G1 X-30.997 Y-1.941
;WIPE_END
;AFTER_LAYER_CHANGE
;2.26
;_SET_FAN_SPEED_CHANGING_LAYER
G17
G3 Z2.66 I.022 J1.217 P1  F30000
G1 X33.19 Y-3.11 Z2.66
G1 Z2.26
G1 E1.2 F2100
SET_VELOCITY_LIMIT ACCEL=5000
;TYPE:Outer wall
;WIDTH:0.62
G1 F2051
G1 X33.19 Y-2.178 E.04379
G1 X30.255 Y-1.24 E.14489
G1 X27.205 Y-.366 E.14921
G1 X24.066 Y.429 E.15225
G1 X20.904 Y1.126 E.15225
G1 X17.658 Y1.734 E.15531
G1 X14.523 Y2.224 E.14921
G1 X11.31 Y2.625 E.15226
G1 X8.087 Y2.926 E.15225
G1 X4.855 Y3.126 E.15226
G1 X1.619 Y3.227 E.15225
G1 X-1.619 Y3.227 E.15225
G1 X-4.92 Y3.122 E.15531
G1 X-8.087 Y2.926 E.14921
G1 X-11.31 Y2.625 E.15226
G1 X-14.523 Y2.224 E.15226
G1 X-17.722 Y1.724 E.15226
G1 X-20.904 Y1.126 E.15226
G1 X-24.066 Y.429 E.15226
G1 X-27.205 Y-.366 E.15226
G1 X-30.317 Y-1.258 E.15226
G1 X-33.19 Y-2.178 E.14184
G1 X-33.19 Y-3.11 E.04381
G1 X-30.439 Y-2.216 E.13601
G1 X-27.373 Y-1.324 E.15019
G1 X-24.217 Y-.512 E.15325
G1 X-21.036 Y.2 E.15325
G1 X-17.835 Y.812 E.15325
G1 X-14.617 Y1.322 E.15326
G1 X-11.319 Y1.738 E.1563
G1 X-8.139 Y2.039 E.15019
G1 X-4.887 Y2.244 E.15325
G1 X-1.629 Y2.346 E.15325
G1 X1.695 Y2.344 E.1563
G1 X4.887 Y2.244 E.15019
G1 X8.139 Y2.039 E.15325
G1 X11.448 Y1.723 E.1563
G1 X14.617 Y1.322 E.15019
G1 X17.835 Y.812 E.15325
G1 X21.036 Y.2 E.15325
G1 X24.217 Y-.512 E.15325
G1 X27.373 Y-1.324 E.15325
G1 X30.502 Y-2.235 E.15325
G1 X33.156 Y-3.098 E.13125
SET_VELOCITY_LIMIT ACCEL=10000
G1 X32.901 Y-2.551 F30000
;TYPE:Gap infill
;WIDTH:0.346139
G1 F2051
G1 X30.127 Y-1.664 E.07198
G1 X27.49 Y-.903 E.0678
G1 X23.964 Y-.002 E.08993
G1 X20.816 Y.692 E.07966
G1 X17.908 Y1.243 E.07312
G1 X14.681 Y1.756 E.08075
G1 X11.494 Y2.16 E.07937
G1 X8.053 Y2.486 E.08542
G1 X4.905 Y2.683 E.07792
G1 X1.704 Y2.784 E.07914
G1 X-1.612 Y2.786 E.08193
G1 X-4.905 Y2.683 E.08141
G1 X-8.176 Y2.476 E.08098
G1 X-11.365 Y2.175 E.07914
G1 X-14.462 Y1.787 E.07713
G1 X-17.647 Y1.289 E.07966
G1 X-21.123 Y.629 E.08741
G1 X-24.321 Y-.087 E.08098
G1 X-27.49 Y-.903 E.08086
G1 X-30.189 Y-1.682 E.0694
G1 X-32.901 Y-2.551 E.07038
;LAYER_CHANGE
;Z:2.46
;HEIGHT:0.2
;BEFORE_LAYER_CHANGE
;2.46
G1 E-1.2 F2100
;WIPE_START
G1 F9000
M73 P9 R23
G1 X-30.997 Y-1.941
;WIPE_END
;AFTER_LAYER_CHANGE
;2.46
;_SET_FAN_SPEED_CHANGING_LAYER
G17
G3 Z2.86 I.022 J1.217 P1  F30000
G1 X33.19 Y-3.11 Z2.86
G1 Z2.46
G1 E1.2 F2100
SET_VELOCITY_LIMIT ACCEL=5000
;TYPE:Outer wall
;WIDTH:0.62
G1 F2051
G1 X33.19 Y-2.178 E.0438
G1 X30.317 Y-1.258 E.14184
G1 X27.205 Y-.366 E.15226
G1 X24.066 Y.429 E.15226
G1 X20.904 Y1.126 E.15226
G1 X17.722 Y1.724 E.15226
G1 X14.523 Y2.224 E.15225
G1 X11.31 Y2.625 E.15226
G1 X8.087 Y2.926 E.15225
G1 X4.855 Y3.126 E.15226
G1 X1.619 Y3.227 E.15225
G1 X-1.619 Y3.227 E.15225
G1 X-4.934 Y3.121 E.15599
G1 X-8.087 Y2.926 E.14853
G1 X-11.31 Y2.625 E.15226
G1 X-14.523 Y2.224 E.15226
G1 X-17.722 Y1.724 E.15225
G1 X-20.904 Y1.126 E.15226
G1 X-24.066 Y.429 E.15226
G1 X-27.205 Y-.366 E.15226
G1 X-30.317 Y-1.258 E.15226
G1 X-33.19 Y-2.178 E.14184
G1 X-33.19 Y-3.11 E.0438
G1 X-30.502 Y-2.235 E.13294
G1 X-27.373 Y-1.324 E.15325
G1 X-24.217 Y-.512 E.15325
G1 X-21.036 Y.2 E.15325
G1 X-17.835 Y.812 E.15325
G1 X-14.617 Y1.323 E.15326
G1 X-11.304 Y1.739 E.15698
G1 X-8.139 Y2.039 E.14951
G1 X-4.887 Y2.244 E.15325
G1 X-1.629 Y2.346 E.15326
G1 X1.709 Y2.344 E.15698
G1 X4.887 Y2.244 E.14951
G1 X8.139 Y2.039 E.15325
G1 X11.463 Y1.722 E.15698
G1 X14.617 Y1.322 E.14951
G1 X17.835 Y.812 E.15325
G1 X21.036 Y.2 E.15325
G1 X24.294 Y-.532 E.15698
G1 X27.373 Y-1.324 E.14951
G1 X30.502 Y-2.235 E.15325
G1 X33.156 Y-3.098 E.13125
SET_VELOCITY_LIMIT ACCEL=10000
G1 X32.901 Y-2.55 F30000
;TYPE:Gap infill
;WIDTH:0.3463
G1 F2051
G1 X30.189 Y-1.682 E.07041
G1 X27.49 Y-.903 E.06943
G1 X23.964 Y-.003 E.08997
G1 X21.123 Y.629 E.07195
G1 X17.913 Y1.243 E.0808
G1 X14.681 Y1.756 E.08091
G1 X11.509 Y2.158 E.07905
G1 X8.053 Y2.486 E.08582
G1 X4.905 Y2.683 E.07796
G1 X1.718 Y2.784 E.07882
G1 X-1.612 Y2.786 E.08233
G1 X-4.91 Y2.683 E.08157
G1 X-8.176 Y2.476 E.08091
G1 X-11.35 Y2.177 E.07882
G1 X-14.462 Y1.787 E.07753
G1 X-17.647 Y1.289 E.0797
G1 X-21.123 Y.629 E.08746
G1 X-24.321 Y-.087 E.08102
G1 X-27.49 Y-.903 E.0809
G1 X-30.189 Y-1.682 E.06943
G1 X-32.901 Y-2.55 E.07041
;LAYER_CHANGE
;Z:2.66
;HEIGHT:0.2
;BEFORE_LAYER_CHANGE
;2.66
G1 E-1.2 F2100
;WIPE_START
G1 F9000
G1 X-30.997 Y-1.941
;WIPE_END
;AFTER_LAYER_CHANGE
;2.66
;_SET_FAN_SPEED_CHANGING_LAYER
G17
G3 Z3.06 I.022 J1.217 P1  F30000
G1 X33.19 Y-3.11 Z3.06
G1 Z2.66
G1 E1.2 F2100
SET_VELOCITY_LIMIT ACCEL=5000
;TYPE:Outer wall
;WIDTH:0.62
G1 F2051
G1 X33.19 Y-2.178 E.0438
G1 X30.317 Y-1.258 E.14184
G1 X27.205 Y-.366 E.15226
G1 X24.066 Y.429 E.15226
G1 X20.904 Y1.126 E.15226
G1 X17.722 Y1.724 E.15225
G1 X14.523 Y2.224 E.15226
G1 X11.31 Y2.625 E.15226
G1 X8.087 Y2.926 E.15226
G1 X4.855 Y3.126 E.15226
G1 X1.619 Y3.227 E.15225
G1 X-1.619 Y3.227 E.15226
G1 X-4.855 Y3.126 E.15225
G1 X-8.087 Y2.926 E.15226
G1 X-11.31 Y2.625 E.15226
G1 X-14.523 Y2.224 E.15225
G1 X-17.814 Y1.707 E.15666
G1 X-20.904 Y1.126 E.14785
G1 X-24.066 Y.429 E.15226
G1 X-27.205 Y-.366 E.15225
G1 X-30.317 Y-1.258 E.15226
G1 X-33.19 Y-2.178 E.14184
G1 X-33.19 Y-3.11 E.0438
G1 X-30.502 Y-2.235 E.13294
G1 X-27.373 Y-1.324 E.15325
G1 X-24.217 Y-.512 E.15325
G1 X-21.036 Y.2 E.15325
G1 X-17.835 Y.812 E.15325
G1 X-14.617 Y1.323 E.15326
G1 X-11.29 Y1.74 E.15766
G1 X-8.139 Y2.039 E.14883
G1 X-4.887 Y2.244 E.15325
G1 X-1.629 Y2.346 E.15326
G1 X1.723 Y2.343 E.15766
G1 X4.887 Y2.244 E.14883
G1 X8.139 Y2.039 E.15325
G1 X11.477 Y1.72 E.15766
G1 X14.617 Y1.322 E.14883
G1 X17.835 Y.812 E.15325
G1 X21.036 Y.2 E.15325
G1 X24.308 Y-.535 E.15766
G1 X27.373 Y-1.324 E.14883
G1 X30.502 Y-2.235 E.15325
G1 X33.156 Y-3.098 E.13125
SET_VELOCITY_LIMIT ACCEL=10000
G1 X32.901 Y-2.55 F30000
;TYPE:Gap infill
;WIDTH:0.34635
G1 F2051
G1 X30.189 Y-1.682 E.07043
G1 X27.49 Y-.903 E.06944
G1 X23.964 Y-.003 E.08999
G1 X21.123 Y.629 E.07196
G1 X17.913 Y1.243 E.08081
G1 X14.681 Y1.756 E.08092
G1 X11.523 Y2.156 E.07871
G1 X8.053 Y2.486 E.08619
G1 X4.905 Y2.683 E.07797
G1 X1.733 Y2.783 E.07848
G1 X-1.612 Y2.786 E.0827
G1 X-4.905 Y2.683 E.08146
G1 X-8.176 Y2.476 E.08104
G1 X-11.336 Y2.178 E.07848
G1 X-14.462 Y1.787 E.07789
G1 X-17.739 Y1.273 E.08204
G1 X-21.123 Y.629 E.08516
G1 X-24.321 Y-.087 E.08104
G1 X-27.49 Y-.903 E.08092
G1 X-30.189 Y-1.682 E.06944
G1 X-32.901 Y-2.55 E.07043
;LAYER_CHANGE
;Z:2.86
;HEIGHT:0.2
;BEFORE_LAYER_CHANGE
;2.86
G1 E-1.2 F2100
;WIPE_START
G1 F9000
G1 X-30.997 Y-1.941
;WIPE_END
;AFTER_LAYER_CHANGE
;2.86
;_SET_FAN_SPEED_CHANGING_LAYER
G17
G3 Z3.26 I.022 J1.217 P1  F30000
G1 X33.19 Y-3.11 Z3.26
G1 Z2.86
G1 E1.2 F2100
SET_VELOCITY_LIMIT ACCEL=5000
;TYPE:Outer wall
;WIDTH:0.62
G1 F2051
G1 X33.19 Y-2.178 E.0438
G1 X30.317 Y-1.258 E.14184
G1 X27.205 Y-.366 E.15226
G1 X24.066 Y.429 E.15226
G1 X20.904 Y1.126 E.15226
G1 X17.722 Y1.724 E.15226
G1 X14.523 Y2.224 E.15225
G1 X11.31 Y2.625 E.15226
G1 X8.087 Y2.926 E.15225
G1 X4.855 Y3.126 E.15226
G1 X1.619 Y3.227 E.15225
G1 X-1.619 Y3.227 E.15226
G1 X-4.855 Y3.126 E.15225
G1 X-8.087 Y2.926 E.15226
G1 X-11.31 Y2.625 E.15226
G1 X-14.523 Y2.224 E.15225
G1 X-17.829 Y1.704 E.15734
G1 X-20.904 Y1.126 E.14717
G1 X-24.066 Y.429 E.15226
G1 X-27.205 Y-.366 E.15225
G1 X-30.317 Y-1.258 E.15226
G1 X-33.19 Y-2.178 E.14184
G1 X-33.19 Y-3.11 E.0438
G1 X-30.502 Y-2.235 E.13294
G1 X-27.373 Y-1.324 E.15325
G1 X-24.217 Y-.512 E.15325
G1 X-21.036 Y.2 E.15325
M73 P10 R23
G1 X-17.835 Y.812 E.15325
G1 X-14.617 Y1.323 E.15326
G1 X-11.276 Y1.742 E.15834
G1 X-8.139 Y2.039 E.14815
G1 X-4.887 Y2.244 E.15325
G1 X-1.629 Y2.346 E.15326
G1 X1.738 Y2.343 E.15834
G1 X4.887 Y2.244 E.14815
G1 X8.139 Y2.039 E.15326
G1 X11.491 Y1.718 E.15834
G1 X14.617 Y1.322 E.14815
G1 X17.835 Y.812 E.15325
G1 X21.036 Y.2 E.15326
G1 X24.322 Y-.539 E.15834
G1 X27.373 Y-1.324 E.14815
G1 X30.502 Y-2.235 E.15325
G1 X33.156 Y-3.098 E.13125
SET_VELOCITY_LIMIT ACCEL=10000
G1 X32.901 Y-2.55 F30000
;TYPE:Gap infill
;WIDTH:0.346419
G1 F2051
G1 X30.189 Y-1.682 E.07044
G1 X27.49 Y-.903 E.06946
G1 X23.964 Y-.004 E.09001
G1 X21.123 Y.629 E.07197
G1 X17.913 Y1.243 E.08083
G1 X14.681 Y1.756 E.08094
G1 X11.263 Y2.185 E.0852
G1 X8.053 Y2.486 E.07973
G1 X4.905 Y2.683 E.07799
G1 X1.747 Y2.783 E.07814
G1 X-1.612 Y2.786 E.08308
G1 X-4.905 Y2.683 E.08148
G1 X-8.176 Y2.476 E.08106
G1 X-11.322 Y2.18 E.07814
G1 X-14.462 Y1.787 E.07826
G1 X-17.754 Y1.271 E.08241
G1 X-21.123 Y.629 E.08482
G1 X-24.321 Y-.087 E.08105
G1 X-27.49 Y-.903 E.08094
G1 X-30.189 Y-1.682 E.06946
G1 X-32.901 Y-2.55 E.07044
;LAYER_CHANGE
;Z:3.06
;HEIGHT:0.2
;BEFORE_LAYER_CHANGE
;3.06
G1 E-1.2 F2100
;WIPE_START
G1 F9000
G1 X-30.997 Y-1.941
;WIPE_END
;AFTER_LAYER_CHANGE
;3.06
;_SET_FAN_SPEED_CHANGING_LAYER
G17
G3 Z3.46 I.022 J1.217 P1  F30000
G1 X33.19 Y-3.11 Z3.46
G1 Z3.06
G1 E1.2 F2100
SET_VELOCITY_LIMIT ACCEL=5000
;TYPE:Outer wall
;WIDTH:0.62
G1 F2051
G1 X33.19 Y-2.178 E.0438
G1 X30.317 Y-1.258 E.14184
G1 X27.205 Y-.366 E.15226
G1 X24.066 Y.429 E.15226
G1 X20.904 Y1.126 E.15226
G1 X17.722 Y1.724 E.15226
G1 X14.523 Y2.224 E.15225
G1 X11.31 Y2.625 E.15226
G1 X8.087 Y2.926 E.15225
G1 X4.855 Y3.126 E.15226
G1 X1.619 Y3.227 E.15225
G1 X-1.619 Y3.227 E.15225
G1 X-4.977 Y3.119 E.15802
G1 X-8.087 Y2.926 E.1465
G1 X-11.31 Y2.625 E.15226
G1 X-14.523 Y2.224 E.15226
G1 X-17.722 Y1.724 E.15225
G1 X-20.904 Y1.126 E.15226
G1 X-24.066 Y.429 E.15226
G1 X-27.205 Y-.366 E.15226
G1 X-30.317 Y-1.258 E.15226
G1 X-33.19 Y-2.178 E.14184
G1 X-33.19 Y-3.11 E.0438
G1 X-30.502 Y-2.235 E.13294
G1 X-27.373 Y-1.324 E.15325
G1 X-24.217 Y-.512 E.15325
G1 X-21.036 Y.2 E.15325
G1 X-17.835 Y.812 E.15325
G1 X-14.617 Y1.323 E.15326
G1 X-11.261 Y1.743 E.15902
G1 X-8.139 Y2.039 E.14747
G1 X-4.887 Y2.244 E.15325
G1 X-1.629 Y2.346 E.15326
G1 X1.752 Y2.343 E.15902
G1 X4.887 Y2.244 E.14747
G1 X8.139 Y2.039 E.15326
G1 X11.506 Y1.716 E.15902
G1 X14.617 Y1.322 E.14747
G1 X17.835 Y.812 E.15325
G1 X21.037 Y.2 E.15326
G1 X24.336 Y-.543 E.15902
G1 X27.373 Y-1.324 E.14747
G1 X30.502 Y-2.235 E.15325
G1 X33.156 Y-3.098 E.13125
SET_VELOCITY_LIMIT ACCEL=10000
G1 X32.901 Y-2.55 F30000
;TYPE:Gap infill
;WIDTH:0.346518
G1 F2051
G1 X30.189 Y-1.682 E.07046
G1 X27.49 Y-.903 E.06948
G1 X23.964 Y-.004 E.09004
G1 X21.123 Y.629 E.07199
G1 X17.913 Y1.243 E.08086
G1 X14.681 Y1.756 E.08096
G1 X11.262 Y2.184 E.08523
G1 X8.053 Y2.486 E.07976
G1 X4.905 Y2.683 E.07802
G1 X1.762 Y2.782 E.0778
G1 X-1.612 Y2.786 E.08346
G1 X-4.91 Y2.682 E.08164
G1 X-8.176 Y2.476 E.08096
G1 X-11.307 Y2.181 E.0778
G1 X-14.462 Y1.787 E.07866
G1 X-17.647 Y1.289 E.07976
G1 X-21.123 Y.629 E.08752
G1 X-24.321 Y-.087 E.08108
G1 X-27.49 Y-.903 E.08096
G1 X-30.189 Y-1.682 E.06948
G1 X-32.901 Y-2.55 E.07046
;LAYER_CHANGE
;Z:3.26
;HEIGHT:0.2
;BEFORE_LAYER_CHANGE
;3.26
G1 E-1.2 F2100
;WIPE_START
G1 F9000
G1 X-30.997 Y-1.941
;WIPE_END
;AFTER_LAYER_CHANGE
;3.26
;_SET_FAN_SPEED_CHANGING_LAYER
G17
G3 Z3.66 I.022 J1.217 P1  F30000
G1 X33.19 Y-3.11 Z3.66
G1 Z3.26
G1 E1.2 F2100
SET_VELOCITY_LIMIT ACCEL=5000
;TYPE:Outer wall
;WIDTH:0.62
G1 F2051
G1 X33.19 Y-2.178 E.0438
G1 X30.317 Y-1.258 E.14184
G1 X27.205 Y-.366 E.15226
G1 X24.066 Y.429 E.15226
G1 X20.904 Y1.126 E.15226
G1 X17.722 Y1.724 E.15226
G1 X14.523 Y2.224 E.15225
G1 X11.31 Y2.625 E.15226
G1 X8.087 Y2.926 E.15226
G1 X4.855 Y3.126 E.15226
G1 X1.619 Y3.227 E.15225
G1 X-1.619 Y3.227 E.15226
G1 X-4.855 Y3.126 E.15225
G1 X-8.087 Y2.926 E.15226
G1 X-11.31 Y2.625 E.15226
G1 X-14.523 Y2.224 E.15226
G1 X-17.722 Y1.724 E.15225
G1 X-20.904 Y1.126 E.15226
G1 X-24.066 Y.429 E.15226
G1 X-27.205 Y-.366 E.15226
G1 X-30.317 Y-1.258 E.15226
G1 X-33.19 Y-2.178 E.14184
G1 X-33.19 Y-3.11 E.0438
G1 X-30.502 Y-2.235 E.13294
G1 X-27.373 Y-1.324 E.15325
G1 X-24.217 Y-.512 E.15325
G1 X-21.036 Y.2 E.15325
G1 X-17.835 Y.812 E.15325
G1 X-14.616 Y1.323 E.15326
G1 X-11.247 Y1.745 E.1597
G1 X-8.139 Y2.039 E.14679
G1 X-4.887 Y2.244 E.15325
G1 X-1.629 Y2.346 E.15326
G1 X1.767 Y2.342 E.1597
G1 X4.887 Y2.244 E.14679
G1 X8.139 Y2.039 E.15326
G1 X11.52 Y1.714 E.1597
G1 X14.617 Y1.322 E.14679
G1 X17.835 Y.812 E.15325
G1 X21.037 Y.2 E.15326
G1 X24.35 Y-.546 E.1597
G1 X27.373 Y-1.324 E.14679
G1 X30.502 Y-2.235 E.15325
G1 X33.156 Y-3.098 E.13125
SET_VELOCITY_LIMIT ACCEL=10000
G1 X32.901 Y-2.55 F30000
;TYPE:Gap infill
;WIDTH:0.346592
G1 F2051
G1 X30.189 Y-1.682 E.07048
G1 X27.49 Y-.903 E.0695
G1 X23.964 Y-.004 E.09006
G1 X21.123 Y.629 E.07201
G1 X17.913 Y1.243 E.08088
G1 X14.681 Y1.756 E.08098
G1 X11.262 Y2.184 E.08525
G1 X8.053 Y2.486 E.07978
G1 X4.905 Y2.683 E.07804
G1 X1.776 Y2.782 E.07746
G1 X-1.612 Y2.786 E.08385
M73 P11 R23
G1 X-4.905 Y2.683 E.08153
G1 X-8.176 Y2.476 E.0811
G1 X-11.293 Y2.183 E.07746
G1 X-14.462 Y1.787 E.07904
G1 X-17.647 Y1.289 E.07978
G1 X-21.123 Y.629 E.08754
G1 X-24.321 Y-.087 E.0811
G1 X-27.49 Y-.903 E.08098
G1 X-30.189 Y-1.682 E.0695
G1 X-32.901 Y-2.55 E.07048
;LAYER_CHANGE
;Z:3.46
;HEIGHT:0.2
;BEFORE_LAYER_CHANGE
;3.46
G1 E-1.2 F2100
;WIPE_START
G1 F9000
G1 X-30.997 Y-1.941
;WIPE_END
;AFTER_LAYER_CHANGE
;3.46
;_SET_FAN_SPEED_CHANGING_LAYER
G17
G3 Z3.86 I.022 J1.217 P1  F30000
G1 X33.19 Y-3.11 Z3.86
G1 Z3.46
M73 P11 R22
G1 E1.2 F2100
SET_VELOCITY_LIMIT ACCEL=5000
;TYPE:Outer wall
;WIDTH:0.62
G1 F2051
G1 X33.19 Y-2.178 E.0438
G1 X30.317 Y-1.258 E.14184
G1 X27.205 Y-.366 E.15226
G1 X24.066 Y.429 E.15226
G1 X20.904 Y1.126 E.15226
G1 X17.722 Y1.724 E.15225
G1 X14.523 Y2.224 E.15226
G1 X11.31 Y2.625 E.15226
G1 X8.087 Y2.926 E.15225
G1 X4.855 Y3.126 E.15226
G1 X1.619 Y3.227 E.15225
G1 X-1.619 Y3.227 E.15226
G1 X-4.855 Y3.126 E.15225
G1 X-8.086 Y2.926 E.15225
G1 X-11.461 Y2.606 E.15938
G1 X-14.523 Y2.224 E.14514
G1 X-17.722 Y1.724 E.15225
G1 X-20.904 Y1.126 E.15226
G1 X-24.066 Y.429 E.15226
G1 X-27.205 Y-.366 E.15226
G1 X-30.317 Y-1.258 E.15226
G1 X-33.19 Y-2.178 E.14184
G1 X-33.19 Y-3.11 E.0438
G1 X-30.502 Y-2.235 E.13294
G1 X-27.373 Y-1.324 E.15325
G1 X-24.217 Y-.512 E.15325
G1 X-21.036 Y.2 E.15325
G1 X-17.835 Y.812 E.15325
G1 X-14.616 Y1.323 E.15326
G1 X-11.232 Y1.746 E.16038
G1 X-8.139 Y2.039 E.14611
G1 X-4.887 Y2.244 E.15325
G1 X-1.629 Y2.346 E.15326
G1 X1.781 Y2.342 E.16038
G1 X4.887 Y2.244 E.14611
G1 X8.139 Y2.039 E.15326
G1 X11.534 Y1.713 E.16038
G1 X14.617 Y1.322 E.14611
G1 X17.835 Y.812 E.15325
G1 X21.036 Y.2 E.15325
G1 X24.217 Y-.512 E.15326
G1 X27.518 Y-1.366 E.16038
G1 X30.502 Y-2.235 E.14611
G1 X33.156 Y-3.098 E.13125
SET_VELOCITY_LIMIT ACCEL=10000
G1 X32.901 Y-2.55 F30000
;TYPE:Gap infill
;WIDTH:0.346641
G1 F2051
G1 X30.189 Y-1.682 E.07049
G1 X27.637 Y-.945 E.06575
G1 X23.964 Y-.002 E.09384
G1 X20.816 Y.692 E.07979
G1 X17.913 Y1.243 E.07312
G1 X14.681 Y1.756 E.081
G1 X11.262 Y2.184 E.08527
G1 X8.053 Y2.486 E.07979
G1 X4.905 Y2.683 E.07805
G1 X1.791 Y2.781 E.07712
G1 X-1.612 Y2.786 E.08422
G1 X-4.905 Y2.683 E.08154
G1 X-8.176 Y2.476 E.08111
G1 X-11.283 Y2.182 E.07723
G1 X-14.462 Y1.787 E.07929
G1 X-17.647 Y1.289 E.07979
G1 X-21.123 Y.629 E.08755
G1 X-24.321 Y-.087 E.08111
G1 X-27.49 Y-.903 E.081
G1 X-30.189 Y-1.682 E.06951
G1 X-32.901 Y-2.55 E.07049
;LAYER_CHANGE
;Z:3.66
;HEIGHT:0.2
;BEFORE_LAYER_CHANGE
;3.66
G1 E-1.2 F2100
;WIPE_START
G1 F9000
G1 X-30.997 Y-1.941
;WIPE_END
;AFTER_LAYER_CHANGE
;3.66
;_SET_FAN_SPEED_CHANGING_LAYER
G17
G3 Z4.06 I.022 J1.217 P1  F30000
G1 X33.19 Y-3.11 Z4.06
G1 Z3.66
G1 E1.2 F2100
SET_VELOCITY_LIMIT ACCEL=5000
;TYPE:Outer wall
;WIDTH:0.62
G1 F2051
G1 X33.19 Y-2.178 E.0438
G1 X30.317 Y-1.258 E.14184
G1 X27.205 Y-.366 E.15226
G1 X24.066 Y.429 E.15226
G1 X20.904 Y1.126 E.15226
G1 X17.722 Y1.724 E.15226
G1 X14.523 Y2.224 E.15225
G1 X11.31 Y2.625 E.15226
G1 X8.087 Y2.926 E.15226
G1 X4.855 Y3.126 E.15226
G1 X1.619 Y3.227 E.15225
G1 X-1.619 Y3.227 E.15225
G1 X-5.021 Y3.116 E.16006
G1 X-8.087 Y2.926 E.14446
G1 X-11.31 Y2.625 E.15226
G1 X-14.523 Y2.224 E.15226
G1 X-17.722 Y1.724 E.15225
G1 X-20.904 Y1.126 E.15226
G1 X-24.066 Y.429 E.15226
G1 X-27.205 Y-.366 E.15226
G1 X-30.317 Y-1.258 E.15226
G1 X-33.19 Y-2.178 E.14184
G1 X-33.19 Y-3.11 E.04383
G1 X-30.342 Y-2.188 E.14077
G1 X-27.373 Y-1.324 E.14543
G1 X-24.217 Y-.512 E.15325
G1 X-21.036 Y.2 E.15325
G1 X-17.835 Y.812 E.15325
G1 X-14.616 Y1.323 E.15326
G1 X-11.218 Y1.747 E.16105
G1 X-8.139 Y2.039 E.14543
G1 X-4.887 Y2.244 E.15325
G1 X-1.629 Y2.346 E.15326
G1 X1.796 Y2.341 E.16105
G1 X4.887 Y2.244 E.14543
G1 X8.139 Y2.039 E.15326
G1 X11.549 Y1.711 E.16105
G1 X14.617 Y1.322 E.14543
G1 X17.835 Y.812 E.15325
G1 X21.037 Y.2 E.15326
G1 X24.378 Y-.553 E.16105
G1 X27.373 Y-1.324 E.14543
G1 X30.502 Y-2.235 E.15325
G1 X33.156 Y-3.098 E.13125
SET_VELOCITY_LIMIT ACCEL=10000
G1 X32.901 Y-2.55 F30000
;TYPE:Gap infill
;WIDTH:0.34687
G1 F2051
G1 X30.189 Y-1.682 E.07055
G1 X27.49 Y-.903 E.06956
G1 X23.964 Y-.004 E.09014
G1 X21.123 Y.629 E.07208
G1 X17.913 Y1.243 E.08095
G1 X14.681 Y1.756 E.08106
G1 X11.262 Y2.184 E.08533
G1 X8.053 Y2.486 E.07985
G1 X4.905 Y2.683 E.07811
G1 X1.805 Y2.781 E.07682
G1 X-1.612 Y2.786 E.08463
G1 X-4.91 Y2.681 E.08173
G1 X-8.176 Y2.476 E.08106
G1 X-11.264 Y2.186 E.07682
G1 X-14.462 Y1.787 E.07982
G1 X-17.647 Y1.289 E.07985
G1 X-21.123 Y.629 E.08762
G1 X-24.321 Y-.087 E.08117
G1 X-27.49 Y-.903 E.08106
G1 X-30.189 Y-1.682 E.06956
G1 X-32.901 Y-2.551 E.07055
;LAYER_CHANGE
;Z:3.86
;HEIGHT:0.2
;BEFORE_LAYER_CHANGE
;3.86
G1 E-1.2 F2100
;WIPE_START
G1 F9000
G1 X-30.997 Y-1.941
;WIPE_END
;AFTER_LAYER_CHANGE
;3.86
;_SET_FAN_SPEED_CHANGING_LAYER
G17
G3 Z4.26 I.022 J1.217 P1  F30000
G1 X33.19 Y-3.11 Z4.26
G1 Z3.86
G1 E1.2 F2100
SET_VELOCITY_LIMIT ACCEL=5000
;TYPE:Outer wall
;WIDTH:0.62
G1 F2051
G1 X33.19 Y-2.178 E.0438
G1 X30.317 Y-1.258 E.14184
G1 X27.205 Y-.366 E.15226
G1 X24.066 Y.429 E.15226
G1 X20.904 Y1.126 E.15226
G1 X17.722 Y1.724 E.15226
G1 X14.523 Y2.224 E.15225
G1 X11.31 Y2.625 E.15226
G1 X8.087 Y2.926 E.15226
G1 X4.855 Y3.126 E.15226
G1 X1.619 Y3.227 E.15225
G1 X-1.619 Y3.227 E.15226
G1 X-4.855 Y3.126 E.15225
G1 X-8.087 Y2.926 E.15226
G1 X-11.31 Y2.625 E.15226
M73 P12 R22
G1 X-14.523 Y2.224 E.15226
G1 X-17.722 Y1.724 E.15225
G1 X-20.904 Y1.126 E.15226
G1 X-24.066 Y.429 E.15226
G1 X-27.205 Y-.366 E.15226
G1 X-30.317 Y-1.258 E.15226
G1 X-33.19 Y-2.178 E.14184
G1 X-33.19 Y-3.11 E.0438
G1 X-30.502 Y-2.235 E.13294
G1 X-27.373 Y-1.324 E.15325
G1 X-24.217 Y-.512 E.15325
G1 X-21.036 Y.2 E.15325
G1 X-17.835 Y.812 E.15325
G1 X-14.616 Y1.323 E.15326
G1 X-11.204 Y1.749 E.16173
G1 X-8.139 Y2.039 E.14475
G1 X-4.887 Y2.244 E.15325
G1 X-1.629 Y2.346 E.15326
G1 X1.81 Y2.341 E.16173
G1 X4.887 Y2.244 E.14475
G1 X8.139 Y2.039 E.15326
G1 X11.563 Y1.709 E.16173
G1 X14.617 Y1.322 E.14475
G1 X17.835 Y.812 E.15325
G1 X21.037 Y.2 E.15326
G1 X24.392 Y-.557 E.16173
G1 X27.373 Y-1.324 E.14475
G1 X30.502 Y-2.235 E.15325
G1 X33.156 Y-3.098 E.13125
SET_VELOCITY_LIMIT ACCEL=10000
G1 X32.901 Y-2.55 F30000
;TYPE:Gap infill
;WIDTH:0.346808
G1 F2051
G1 X30.189 Y-1.682 E.07053
G1 X27.49 Y-.903 E.06955
G1 X23.964 Y-.004 E.09012
G1 X20.816 Y.692 E.07984
G1 X17.647 Y1.289 E.07984
G1 X14.681 Y1.756 E.07436
G1 X11.262 Y2.184 E.08531
G1 X8.053 Y2.486 E.07984
G1 X4.905 Y2.683 E.07809
G1 X1.82 Y2.78 E.07644
G1 X-1.612 Y2.786 E.08498
G1 X-4.905 Y2.683 E.08159
G1 X-8.176 Y2.476 E.08116
G1 X-11.263 Y2.186 E.07677
G1 X-14.462 Y1.787 E.07984
G1 X-17.647 Y1.289 E.07984
G1 X-21.123 Y.629 E.0876
G1 X-24.321 Y-.087 E.08116
G1 X-27.49 Y-.903 E.08104
G1 X-30.189 Y-1.682 E.06955
G1 X-32.901 Y-2.55 E.07053
;LAYER_CHANGE
;Z:4.06
;HEIGHT:0.2
;BEFORE_LAYER_CHANGE
;4.06
G1 E-1.2 F2100
;WIPE_START
G1 F9000
G1 X-30.997 Y-1.941
;WIPE_END
;AFTER_LAYER_CHANGE
;4.06
;_SET_FAN_SPEED_CHANGING_LAYER
G17
G3 Z4.46 I.022 J1.217 P1  F30000
G1 X33.19 Y-3.11 Z4.46
G1 Z4.06
G1 E1.2 F2100
SET_VELOCITY_LIMIT ACCEL=5000
;TYPE:Outer wall
;WIDTH:0.62
G1 F2051
G1 X33.19 Y-2.178 E.0438
G1 X30.317 Y-1.258 E.14184
G1 X27.205 Y-.366 E.15226
G1 X24.066 Y.429 E.15226
G1 X20.904 Y1.126 E.15226
G1 X17.722 Y1.724 E.15225
G1 X14.523 Y2.224 E.15226
G1 X11.31 Y2.625 E.15226
G1 X8.087 Y2.926 E.15226
G1 X4.855 Y3.126 E.15226
G1 X1.619 Y3.227 E.15225
G1 X-1.619 Y3.227 E.15226
G1 X-4.855 Y3.126 E.15225
G1 X-8.087 Y2.926 E.15226
G1 X-11.31 Y2.625 E.15226
G1 X-14.523 Y2.224 E.15226
G1 X-17.722 Y1.724 E.15225
G1 X-20.904 Y1.126 E.15226
G1 X-24.066 Y.429 E.15226
G1 X-27.205 Y-.366 E.15226
G1 X-30.317 Y-1.258 E.15226
G1 X-33.19 Y-2.178 E.14184
G1 X-33.19 Y-3.11 E.0438
G1 X-30.502 Y-2.235 E.13294
G1 X-27.373 Y-1.324 E.15325
G1 X-24.217 Y-.512 E.15325
G1 X-21.036 Y.2 E.15325
G1 X-17.835 Y.812 E.15325
G1 X-14.616 Y1.323 E.15326
G1 X-11.189 Y1.75 E.16241
G1 X-8.139 Y2.039 E.14407
G1 X-4.887 Y2.244 E.15325
G1 X-1.629 Y2.346 E.15326
G1 X1.825 Y2.34 E.16241
G1 X4.887 Y2.244 E.14407
G1 X8.139 Y2.039 E.15326
G1 X11.577 Y1.707 E.16241
G1 X14.617 Y1.322 E.14407
G1 X17.835 Y.812 E.15325
G1 X21.036 Y.2 E.15325
G1 X24.217 Y-.512 E.15326
G1 X27.56 Y-1.378 E.16241
G1 X30.502 Y-2.235 E.14407
G1 X33.156 Y-3.098 E.13125
SET_VELOCITY_LIMIT ACCEL=10000
G1 X32.901 Y-2.55 F30000
;TYPE:Gap infill
;WIDTH:0.34687
G1 F2051
G1 X30.189 Y-1.682 E.07055
G1 X27.678 Y-.957 E.06472
G1 X23.964 Y-.002 E.09498
G1 X20.816 Y.692 E.07985
G1 X17.913 Y1.243 E.07318
G1 X14.681 Y1.756 E.08106
G1 X11.262 Y2.183 E.08533
G1 X8.053 Y2.486 E.07985
G1 X4.905 Y2.683 E.07811
G1 X1.834 Y2.78 E.0761
G1 X-1.612 Y2.786 E.08536
G1 X-4.905 Y2.683 E.0816
G1 X-8.176 Y2.476 E.08118
G1 X-11.263 Y2.186 E.07679
G1 X-14.462 Y1.787 E.07986
G1 X-17.647 Y1.289 E.07985
G1 X-21.123 Y.629 E.08762
G1 X-24.321 Y-.087 E.08117
G1 X-27.49 Y-.903 E.08106
G1 X-30.189 Y-1.682 E.06956
G1 X-32.901 Y-2.55 E.07055
;LAYER_CHANGE
;Z:4.26
;HEIGHT:0.2
;BEFORE_LAYER_CHANGE
;4.26
G1 E-1.2 F2100
;WIPE_START
G1 F9000
G1 X-30.997 Y-1.941
;WIPE_END
;AFTER_LAYER_CHANGE
;4.26
;_SET_FAN_SPEED_CHANGING_LAYER
G17
G3 Z4.66 I.022 J1.217 P1  F30000
G1 X33.19 Y-3.11 Z4.66
G1 Z4.26
G1 E1.2 F2100
SET_VELOCITY_LIMIT ACCEL=5000
;TYPE:Outer wall
;WIDTH:0.62
G1 F2051
G1 X33.19 Y-2.178 E.0438
G1 X30.317 Y-1.258 E.14184
G1 X27.205 Y-.366 E.15226
G1 X24.066 Y.429 E.15226
G1 X20.904 Y1.126 E.15226
G1 X17.722 Y1.724 E.15225
G1 X14.523 Y2.224 E.15226
G1 X11.31 Y2.625 E.15226
G1 X8.087 Y2.926 E.15226
G1 X4.855 Y3.126 E.15226
G1 X1.619 Y3.227 E.15225
G1 X-1.619 Y3.227 E.15226
G1 X-4.855 Y3.126 E.15225
G1 X-8.087 Y2.926 E.15226
G1 X-11.31 Y2.625 E.15226
G1 X-14.523 Y2.224 E.15224
G1 X-17.928 Y1.686 E.16209
G1 X-20.904 Y1.126 E.14243
G1 X-24.066 Y.429 E.15226
G1 X-27.205 Y-.366 E.15226
G1 X-30.317 Y-1.258 E.15226
G1 X-33.19 Y-2.178 E.14184
G1 X-33.19 Y-3.11 E.0438
G1 X-30.502 Y-2.235 E.13294
G1 X-27.373 Y-1.324 E.15325
G1 X-24.217 Y-.512 E.15325
G1 X-21.036 Y.2 E.15325
G1 X-17.835 Y.812 E.15325
G1 X-14.616 Y1.323 E.15326
G1 X-11.175 Y1.751 E.16309
G1 X-8.139 Y2.039 E.14339
G1 X-4.887 Y2.244 E.15325
G1 X-1.629 Y2.346 E.15326
G1 X1.839 Y2.34 E.16309
G1 X4.887 Y2.244 E.14339
G1 X8.139 Y2.039 E.15326
G1 X11.592 Y1.705 E.16309
G1 X14.617 Y1.322 E.14339
G1 X17.835 Y.812 E.15325
G1 X21.037 Y.2 E.15326
G1 X24.42 Y-.564 E.16309
G1 X27.373 Y-1.324 E.14339
G1 X30.502 Y-2.235 E.15325
G1 X33.156 Y-3.098 E.13125
M73 P13 R22
SET_VELOCITY_LIMIT ACCEL=10000
G1 X32.901 Y-2.55 F30000
;TYPE:Gap infill
;WIDTH:0.346902
G1 F2051
G1 X30.189 Y-1.682 E.07055
G1 X27.49 Y-.903 E.06957
G1 X23.964 Y-.005 E.09015
G1 X20.816 Y.692 E.07986
G1 X17.647 Y1.289 E.07986
G1 X14.681 Y1.756 E.07439
G1 X11.262 Y2.183 E.08534
G1 X8.053 Y2.486 E.07986
G1 X4.905 Y2.683 E.07812
G1 X1.849 Y2.779 E.07575
G1 X-1.612 Y2.786 E.08572
G1 X-4.91 Y2.683 E.08173
G1 X-8.053 Y2.486 E.078
G1 X-11.221 Y2.19 E.07882
G1 X-14.461 Y1.787 E.08089
G1 X-17.853 Y1.253 E.08505
G1 X-21.123 Y.629 E.08246
G1 X-24.321 Y-.087 E.08118
G1 X-27.49 Y-.903 E.08106
G1 X-30.189 Y-1.682 E.06957
G1 X-32.901 Y-2.55 E.07055
;LAYER_CHANGE
;Z:4.46
;HEIGHT:0.2
;BEFORE_LAYER_CHANGE
;4.46
G1 E-1.2 F2100
;WIPE_START
G1 F9000
G1 X-30.997 Y-1.941
;WIPE_END
;AFTER_LAYER_CHANGE
;4.46
;_SET_FAN_SPEED_CHANGING_LAYER
G17
G3 Z4.86 I.022 J1.217 P1  F30000
G1 X33.19 Y-3.11 Z4.86
G1 Z4.46
G1 E1.2 F2100
SET_VELOCITY_LIMIT ACCEL=5000
;TYPE:Outer wall
;WIDTH:0.62
G1 F2051
G1 X33.19 Y-2.178 E.0438
G1 X30.317 Y-1.258 E.14184
G1 X27.205 Y-.366 E.15226
G1 X24.066 Y.429 E.15226
G1 X20.904 Y1.126 E.15226
G1 X17.722 Y1.724 E.15226
G1 X14.523 Y2.224 E.15225
G1 X11.31 Y2.625 E.15226
G1 X8.087 Y2.926 E.15226
G1 X4.855 Y3.126 E.15226
G1 X1.619 Y3.227 E.15225
G1 X-1.619 Y3.227 E.15226
G1 X-4.855 Y3.126 E.15225
G1 X-8.087 Y2.926 E.15226
G1 X-11.31 Y2.625 E.15226
G1 X-14.523 Y2.224 E.15226
G1 X-17.722 Y1.724 E.15225
G1 X-20.904 Y1.126 E.15226
G1 X-24.066 Y.429 E.15226
G1 X-27.205 Y-.366 E.15226
G1 X-30.317 Y-1.258 E.15226
G1 X-33.19 Y-2.178 E.14184
G1 X-33.19 Y-3.11 E.0438
G1 X-30.502 Y-2.235 E.13294
G1 X-27.373 Y-1.324 E.15325
G1 X-24.217 Y-.512 E.15325
G1 X-21.036 Y.2 E.15325
G1 X-17.835 Y.812 E.15325
G1 X-14.616 Y1.323 E.15327
G1 X-11.16 Y1.753 E.16377
G1 X-8.139 Y2.039 E.14271
G1 X-4.887 Y2.244 E.15325
G1 X-1.629 Y2.346 E.15326
G1 X1.853 Y2.339 E.16377
G1 X4.887 Y2.244 E.14271
G1 X8.14 Y2.039 E.15326
G1 X11.606 Y1.703 E.16377
G1 X14.617 Y1.322 E.14271
G1 X17.835 Y.812 E.15325
G1 X21.037 Y.2 E.15326
G1 X24.434 Y-.568 E.16377
G1 X27.373 Y-1.324 E.14271
G1 X30.502 Y-2.235 E.15325
G1 X33.156 Y-3.098 E.13125
SET_VELOCITY_LIMIT ACCEL=10000
G1 X32.901 Y-2.55 F30000
;TYPE:Gap infill
;WIDTH:0.347021
G1 F2051
G1 X30.189 Y-1.682 E.07058
G1 X27.49 Y-.903 E.0696
G1 X23.963 Y-.005 E.09019
G1 X20.816 Y.692 E.07989
G1 X17.647 Y1.289 E.07989
G1 X14.681 Y1.756 E.07442
G1 X11.262 Y2.183 E.08537
G1 X8.053 Y2.486 E.07989
G1 X4.905 Y2.683 E.07815
G1 X1.863 Y2.779 E.07542
G1 X-1.612 Y2.786 E.08612
G1 X-4.905 Y2.683 E.08164
G1 X-8.176 Y2.476 E.08122
G1 X-11.263 Y2.185 E.07682
G1 X-14.462 Y1.787 E.07989
G1 X-17.647 Y1.289 E.07989
G1 X-21.123 Y.629 E.08766
G1 X-24.321 Y-.087 E.08121
G1 X-27.49 Y-.903 E.0811
G1 X-30.189 Y-1.682 E.0696
G1 X-32.901 Y-2.55 E.07058
;LAYER_CHANGE
;Z:4.66
;HEIGHT:0.2
;BEFORE_LAYER_CHANGE
;4.66
G1 E-1.2 F2100
;WIPE_START
G1 F9000
G1 X-30.997 Y-1.941
;WIPE_END
;AFTER_LAYER_CHANGE
;4.66
;_SET_FAN_SPEED_CHANGING_LAYER
G17
G3 Z5.06 I.022 J1.217 P1  F30000
G1 X33.19 Y-3.11 Z5.06
G1 Z4.66
G1 E1.2 F2100
SET_VELOCITY_LIMIT ACCEL=5000
;TYPE:Outer wall
;WIDTH:0.62
G1 F2051
G1 X33.19 Y-2.178 E.0438
G1 X30.317 Y-1.258 E.14184
G1 X27.205 Y-.366 E.15226
G1 X24.066 Y.429 E.15226
G1 X20.904 Y1.126 E.15226
G1 X17.722 Y1.724 E.15226
G1 X14.523 Y2.224 E.15225
G1 X11.31 Y2.625 E.15226
G1 X8.087 Y2.926 E.15226
G1 X4.855 Y3.126 E.15226
G1 X1.619 Y3.227 E.15225
G1 X-1.619 Y3.227 E.15226
G1 X-4.855 Y3.126 E.15225
G1 X-8.087 Y2.926 E.15226
G1 X-11.31 Y2.625 E.15226
G1 X-14.523 Y2.224 E.15226
G1 X-17.722 Y1.724 E.15225
G1 X-20.904 Y1.126 E.15226
G1 X-24.066 Y.429 E.15226
G1 X-27.205 Y-.366 E.15226
G1 X-30.317 Y-1.258 E.15226
G1 X-33.19 Y-2.178 E.14184
G1 X-33.19 Y-3.111 E.04384
G1 X-30.273 Y-2.168 E.14417
G1 X-27.373 Y-1.324 E.14203
G1 X-24.217 Y-.512 E.15325
G1 X-21.036 Y.2 E.15325
G1 X-17.835 Y.812 E.15325
G1 X-14.616 Y1.323 E.15327
G1 X-11.146 Y1.754 E.16445
G1 X-8.139 Y2.039 E.14203
G1 X-4.887 Y2.244 E.15325
G1 X-1.629 Y2.346 E.15327
G1 X1.868 Y2.339 E.16445
G1 X4.887 Y2.244 E.14203
G1 X8.14 Y2.039 E.15326
G1 X11.62 Y1.702 E.16445
G1 X14.617 Y1.322 E.14203
G1 X17.835 Y.812 E.15325
G1 X21.037 Y.2 E.15326
G1 X24.448 Y-.571 E.16445
G1 X27.373 Y-1.324 E.14203
G1 X30.502 Y-2.235 E.15325
G1 X33.156 Y-3.098 E.13125
SET_VELOCITY_LIMIT ACCEL=10000
G1 X32.901 Y-2.55 F30000
;TYPE:Gap infill
;WIDTH:0.347298
G1 F2051
G1 X30.189 Y-1.682 E.07065
G1 X27.49 Y-.903 E.06966
G1 X23.963 Y-.005 E.09027
G1 X20.816 Y.692 E.07996
G1 X17.647 Y1.289 E.07997
G1 X14.681 Y1.756 E.07448
G1 X11.262 Y2.183 E.08545
G1 X8.053 Y2.486 E.07996
G1 X4.905 Y2.683 E.07822
G1 X1.878 Y2.779 E.07513
G1 X-1.612 Y2.786 E.08655
G1 X-4.905 Y2.683 E.08172
G1 X-8.176 Y2.476 E.08129
G1 X-11.263 Y2.185 E.07689
G1 X-14.462 Y1.787 E.07997
G1 X-17.647 Y1.289 E.07997
G1 X-21.123 Y.629 E.08774
G1 X-24.321 Y-.087 E.08129
G1 X-27.49 Y-.903 E.08117
G1 X-30.189 Y-1.682 E.06966
G1 X-32.901 Y-2.551 E.07065
;LAYER_CHANGE
;Z:4.86
;HEIGHT:0.2
;BEFORE_LAYER_CHANGE
;4.86
G1 E-1.2 F2100
;WIPE_START
G1 F9000
G1 X-30.997 Y-1.941
;WIPE_END
;AFTER_LAYER_CHANGE
;4.86
;_SET_FAN_SPEED_CHANGING_LAYER
G17
G3 Z5.26 I.022 J1.217 P1  F30000
G1 X33.19 Y-3.11 Z5.26
G1 Z4.86
G1 E1.2 F2100
SET_VELOCITY_LIMIT ACCEL=5000
;TYPE:Outer wall
;WIDTH:0.62
G1 F2051
G1 X33.19 Y-2.178 E.0438
G1 X30.317 Y-1.258 E.14184
G1 X27.205 Y-.366 E.15226
G1 X24.066 Y.429 E.15226
M73 P14 R22
G1 X20.904 Y1.126 E.15226
G1 X17.722 Y1.724 E.15225
G1 X14.523 Y2.224 E.15226
G1 X11.31 Y2.625 E.15226
G1 X8.087 Y2.926 E.15226
G1 X4.855 Y3.126 E.15226
G1 X1.619 Y3.227 E.15225
G1 X-1.619 Y3.227 E.15226
G1 X-4.855 Y3.126 E.15225
G1 X-8.087 Y2.926 E.15226
G1 X-11.31 Y2.625 E.15226
G1 X-14.523 Y2.224 E.15226
G1 X-17.722 Y1.724 E.15225
G1 X-20.904 Y1.126 E.15226
G1 X-24.066 Y.429 E.15226
G1 X-27.205 Y-.366 E.15226
G1 X-30.317 Y-1.258 E.15226
G1 X-33.19 Y-2.178 E.14184
G1 X-33.19 Y-3.11 E.0438
G1 X-30.502 Y-2.235 E.13294
G1 X-27.373 Y-1.324 E.15325
G1 X-24.217 Y-.512 E.15325
G1 X-21.036 Y.2 E.15325
G1 X-17.835 Y.812 E.15325
G1 X-14.616 Y1.323 E.15327
G1 X-11.132 Y1.755 E.16513
G1 X-8.139 Y2.039 E.14135
G1 X-4.887 Y2.244 E.15325
G1 X-1.629 Y2.346 E.15327
G1 X1.882 Y2.338 E.16513
G1 X4.887 Y2.244 E.14135
G1 X8.14 Y2.039 E.15327
G1 X11.635 Y1.7 E.16513
G1 X14.617 Y1.322 E.14135
G1 X17.835 Y.812 E.15325
G1 X21.036 Y.2 E.15325
G1 X24.217 Y-.512 E.15327
G1 X27.616 Y-1.395 E.16513
G1 X30.502 Y-2.235 E.14135
G1 X33.156 Y-3.098 E.13125
SET_VELOCITY_LIMIT ACCEL=10000
G1 X32.901 Y-2.55 F30000
;TYPE:Gap infill
;WIDTH:0.347148
G1 F2051
G1 X30.189 Y-1.682 E.07061
G1 X27.734 Y-.973 E.06334
G1 X23.964 Y-.002 E.09651
G1 X20.816 Y.692 E.07993
G1 X17.913 Y1.243 E.07324
G1 X14.681 Y1.756 E.08113
G1 X11.262 Y2.183 E.08541
G1 X8.053 Y2.486 E.07993
G1 X4.905 Y2.683 E.07818
G1 X1.892 Y2.778 E.07474
G1 X-1.612 Y2.786 E.08687
G1 X-4.905 Y2.683 E.08168
G1 X-8.176 Y2.476 E.08125
G1 X-11.263 Y2.185 E.07686
G1 X-14.462 Y1.787 E.07993
G1 X-17.647 Y1.289 E.07993
G1 X-21.123 Y.629 E.0877
G1 X-24.321 Y-.087 E.08125
G1 X-27.49 Y-.903 E.08113
G1 X-30.189 Y-1.682 E.06963
G1 X-32.901 Y-2.55 E.07061
;LAYER_CHANGE
;Z:5.06
;HEIGHT:0.2
;BEFORE_LAYER_CHANGE
;5.06
G1 E-1.2 F2100
;WIPE_START
G1 F9000
G1 X-30.997 Y-1.941
;WIPE_END
;AFTER_LAYER_CHANGE
;5.06
;_SET_FAN_SPEED_CHANGING_LAYER
G17
G3 Z5.46 I.022 J1.217 P1  F30000
G1 X33.19 Y-3.11 Z5.46
G1 Z5.06
G1 E1.2 F2100
SET_VELOCITY_LIMIT ACCEL=5000
;TYPE:Outer wall
;WIDTH:0.62
G1 F2051
G1 X33.19 Y-2.178 E.0438
G1 X30.317 Y-1.258 E.14184
G1 X27.205 Y-.366 E.15226
G1 X24.066 Y.429 E.15226
G1 X20.904 Y1.126 E.15226
G1 X17.722 Y1.724 E.15226
G1 X14.523 Y2.224 E.15225
G1 X11.31 Y2.625 E.15226
G1 X8.087 Y2.926 E.15226
G1 X4.855 Y3.126 E.15226
G1 X1.619 Y3.227 E.15225
G1 X-1.619 Y3.227 E.15226
G1 X-4.855 Y3.126 E.15225
G1 X-8.087 Y2.926 E.15226
G1 X-11.31 Y2.625 E.15226
G1 X-14.523 Y2.224 E.15226
G1 X-17.722 Y1.724 E.15225
G1 X-20.904 Y1.126 E.15226
G1 X-24.066 Y.429 E.15226
G1 X-27.205 Y-.366 E.15226
G1 X-30.317 Y-1.258 E.15226
G1 X-33.19 Y-2.178 E.14184
G1 X-33.19 Y-3.11 E.0438
G1 X-30.501 Y-2.234 E.13296
G1 X-27.114 Y-1.257 E.16581
G1 X-24.217 Y-.512 E.14067
G1 X-21.036 Y.2 E.15325
G1 X-17.835 Y.812 E.15325
G1 X-14.616 Y1.323 E.15327
G1 X-11.117 Y1.757 E.16581
G1 X-8.139 Y2.039 E.14067
G1 X-4.887 Y2.244 E.15325
G1 X-1.629 Y2.346 E.15327
G1 X1.897 Y2.338 E.16581
G1 X4.887 Y2.244 E.14067
G1 X8.14 Y2.039 E.15327
G1 X11.649 Y1.698 E.16581
G1 X14.617 Y1.322 E.14067
G1 X17.835 Y.812 E.15325
G1 X21.037 Y.2 E.15327
G1 X24.476 Y-.579 E.16581
G1 X27.373 Y-1.324 E.14067
G1 X30.502 Y-2.235 E.15325
G1 X33.156 Y-3.098 E.13125
SET_VELOCITY_LIMIT ACCEL=10000
G1 X32.901 Y-2.55 F30000
;TYPE:Gap infill
;WIDTH:0.347527
G1 F2051
G1 X30.189 Y-1.682 E.0707
G1 X27.49 Y-.903 E.06971
G1 X23.963 Y-.005 E.09034
G1 X20.816 Y.692 E.08002
G1 X17.647 Y1.289 E.08003
G1 X14.681 Y1.756 E.07454
G1 X11.262 Y2.183 E.08551
G1 X8.053 Y2.486 E.08002
G1 X4.905 Y2.683 E.07828
G1 X1.906 Y2.778 E.07447
G1 X-1.612 Y2.786 E.08734
G1 X-4.905 Y2.683 E.08178
G1 X-8.176 Y2.476 E.08135
G1 X-11.263 Y2.185 E.07695
G1 X-14.462 Y1.787 E.08003
G1 X-17.647 Y1.289 E.08003
G1 X-21.123 Y.629 E.08781
G1 X-24.321 Y-.087 E.08135
G1 X-27.232 Y-.833 E.07458
G1 X-30.189 Y-1.683 E.07637
G1 X-32.901 Y-2.55 E.0707
;LAYER_CHANGE
;Z:5.26
;HEIGHT:0.2
;BEFORE_LAYER_CHANGE
;5.26
G1 E-1.2 F2100
;WIPE_START
G1 F9000
G1 X-30.997 Y-1.941
;WIPE_END
;AFTER_LAYER_CHANGE
;5.26
;_SET_FAN_SPEED_CHANGING_LAYER
G17
G3 Z5.66 I.022 J1.217 P1  F30000
G1 X33.19 Y-3.11 Z5.66
G1 Z5.26
G1 E1.2 F2100
SET_VELOCITY_LIMIT ACCEL=5000
;TYPE:Outer wall
;WIDTH:0.62
G1 F2051
G1 X33.19 Y-2.178 E.0438
G1 X30.317 Y-1.258 E.14184
G1 X27.205 Y-.366 E.15226
G1 X24.066 Y.429 E.15226
G1 X20.904 Y1.126 E.15226
G1 X17.722 Y1.724 E.15226
G1 X14.523 Y2.224 E.15225
G1 X11.31 Y2.625 E.15226
G1 X8.087 Y2.926 E.15226
G1 X4.855 Y3.126 E.15226
G1 X1.619 Y3.227 E.15225
G1 X-1.619 Y3.227 E.15226
G1 X-4.855 Y3.126 E.15225
G1 X-8.087 Y2.926 E.15226
G1 X-11.31 Y2.625 E.15226
G1 X-14.523 Y2.224 E.15226
G1 X-17.722 Y1.724 E.15225
G1 X-20.904 Y1.126 E.15226
G1 X-24.066 Y.429 E.15226
G1 X-27.205 Y-.366 E.15226
G1 X-30.317 Y-1.258 E.15226
G1 X-33.19 Y-2.178 E.14184
G1 X-33.19 Y-3.11 E.0438
G1 X-30.502 Y-2.235 E.13294
G1 X-27.373 Y-1.324 E.15325
M73 P14 R21
G1 X-24.217 Y-.512 E.15325
G1 X-21.036 Y.2 E.15325
G1 X-17.835 Y.812 E.15325
G1 X-14.616 Y1.323 E.15327
G1 X-11.103 Y1.758 E.16648
G1 X-8.139 Y2.039 E.13999
G1 X-4.887 Y2.244 E.15325
G1 X-1.629 Y2.346 E.15327
M73 P15 R21
G1 X1.911 Y2.338 E.16648
G1 X4.887 Y2.244 E.13999
G1 X8.14 Y2.039 E.15327
G1 X11.663 Y1.696 E.16649
G1 X14.617 Y1.322 E.13999
G1 X17.835 Y.812 E.15325
G1 X21.037 Y.2 E.15327
G1 X24.49 Y-.582 E.16649
G1 X27.373 Y-1.324 E.13999
G1 X30.502 Y-2.235 E.15325
G1 X33.156 Y-3.098 E.13125
SET_VELOCITY_LIMIT ACCEL=10000
G1 X32.901 Y-2.55 F30000
;TYPE:Gap infill
;WIDTH:0.347297
G1 F2051
G1 X30.189 Y-1.682 E.07065
G1 X27.49 Y-.903 E.06966
G1 X23.963 Y-.006 E.09027
G1 X20.816 Y.692 E.07996
G1 X17.647 Y1.289 E.07997
G1 X14.681 Y1.756 E.07448
G1 X11.262 Y2.182 E.08545
G1 X8.053 Y2.486 E.07996
G1 X4.905 Y2.683 E.07822
G1 X1.921 Y2.777 E.07405
G1 X-1.612 Y2.786 E.08763
G1 X-4.905 Y2.683 E.08172
G1 X-8.176 Y2.476 E.08129
G1 X-11.262 Y2.185 E.07689
G1 X-14.462 Y1.787 E.07997
G1 X-17.647 Y1.289 E.07997
G1 X-21.123 Y.629 E.08774
G1 X-24.321 Y-.087 E.08129
G1 X-27.49 Y-.903 E.08117
G1 X-30.189 Y-1.682 E.06966
G1 X-32.901 Y-2.55 E.07065
;LAYER_CHANGE
;Z:5.46
;HEIGHT:0.2
;BEFORE_LAYER_CHANGE
;5.46
G1 E-1.2 F2100
;WIPE_START
G1 F9000
G1 X-30.997 Y-1.941
;WIPE_END
;AFTER_LAYER_CHANGE
;5.46
;_SET_FAN_SPEED_CHANGING_LAYER
G17
G3 Z5.86 I.022 J1.217 P1  F30000
G1 X33.19 Y-3.11 Z5.86
G1 Z5.46
G1 E1.2 F2100
SET_VELOCITY_LIMIT ACCEL=5000
;TYPE:Outer wall
;WIDTH:0.62
G1 F2051
G1 X33.19 Y-2.178 E.0438
G1 X30.317 Y-1.258 E.14184
G1 X27.205 Y-.366 E.15226
G1 X24.066 Y.429 E.15226
G1 X20.904 Y1.126 E.15226
G1 X17.722 Y1.724 E.15226
G1 X14.523 Y2.224 E.15225
G1 X11.31 Y2.625 E.15226
G1 X8.087 Y2.926 E.15226
G1 X4.855 Y3.126 E.15226
G1 X1.619 Y3.227 E.15225
G1 X-1.619 Y3.227 E.15226
G1 X-4.855 Y3.126 E.15225
G1 X-8.087 Y2.926 E.15226
G1 X-11.31 Y2.625 E.15226
G1 X-14.523 Y2.224 E.15226
G1 X-17.722 Y1.724 E.15225
G1 X-20.904 Y1.126 E.15226
G1 X-24.066 Y.429 E.15226
G1 X-27.205 Y-.366 E.15226
G1 X-30.317 Y-1.258 E.15226
G1 X-33.19 Y-2.178 E.14184
G1 X-33.19 Y-3.11 E.0438
G1 X-30.502 Y-2.235 E.13294
G1 X-27.373 Y-1.324 E.15325
G1 X-24.217 Y-.512 E.15325
G1 X-21.036 Y.2 E.15325
G1 X-17.835 Y.812 E.15325
G1 X-14.616 Y1.323 E.15327
G1 X-11.088 Y1.76 E.16716
G1 X-8.139 Y2.039 E.13931
G1 X-4.887 Y2.244 E.15325
G1 X-1.629 Y2.346 E.15327
G1 X1.926 Y2.337 E.16716
G1 X4.887 Y2.244 E.13931
G1 X8.14 Y2.039 E.15327
G1 X11.678 Y1.694 E.16716
G1 X14.617 Y1.322 E.13931
G1 X17.835 Y.812 E.15325
G1 X21.036 Y.2 E.15325
G1 X24.217 Y-.512 E.15327
G1 X27.657 Y-1.407 E.16716
G1 X30.502 Y-2.235 E.13931
G1 X33.156 Y-3.098 E.13125
SET_VELOCITY_LIMIT ACCEL=10000
G1 X32.901 Y-2.55 F30000
;TYPE:Gap infill
;WIDTH:0.347351
G1 F2051
G1 X30.189 Y-1.682 E.07066
G1 X27.776 Y-.985 E.06231
G1 X23.964 Y-.002 E.09765
G1 X20.816 Y.692 E.07998
G1 X17.913 Y1.243 E.07329
G1 X14.681 Y1.756 E.08119
G1 X11.262 Y2.182 E.08546
G1 X8.053 Y2.486 E.07998
G1 X4.905 Y2.683 E.07823
G1 X1.935 Y2.777 E.07371
G1 X-1.612 Y2.786 E.088
G1 X-4.905 Y2.683 E.08173
G1 X-8.176 Y2.476 E.0813
G1 X-11.262 Y2.184 E.07691
G1 X-14.462 Y1.787 E.07998
G1 X-17.647 Y1.289 E.07998
G1 X-21.123 Y.629 E.08776
G1 X-24.321 Y-.087 E.0813
G1 X-27.49 Y-.903 E.08118
G1 X-30.189 Y-1.682 E.06967
G1 X-32.901 Y-2.55 E.07066
;LAYER_CHANGE
;Z:5.66
;HEIGHT:0.2
;BEFORE_LAYER_CHANGE
;5.66
G1 E-1.2 F2100
;WIPE_START
G1 F9000
G1 X-30.997 Y-1.941
;WIPE_END
;AFTER_LAYER_CHANGE
;5.66
;_SET_FAN_SPEED_CHANGING_LAYER
G17
G3 Z6.06 I.022 J1.217 P1  F30000
G1 X33.19 Y-3.11 Z6.06
G1 Z5.66
G1 E1.2 F2100
SET_VELOCITY_LIMIT ACCEL=5000
;TYPE:Outer wall
;WIDTH:0.62
G1 F2051
G1 X33.19 Y-2.178 E.0438
G1 X30.317 Y-1.258 E.14184
G1 X27.205 Y-.366 E.15226
G1 X24.066 Y.429 E.15226
G1 X20.904 Y1.126 E.15226
G1 X17.722 Y1.724 E.15226
G1 X14.523 Y2.224 E.15225
G1 X11.31 Y2.625 E.15226
G1 X8.087 Y2.926 E.15226
G1 X4.855 Y3.126 E.15226
G1 X1.619 Y3.227 E.15225
G1 X-1.619 Y3.227 E.15226
G1 X-4.855 Y3.126 E.15225
G1 X-8.087 Y2.926 E.15226
G1 X-11.31 Y2.625 E.15226
G1 X-14.523 Y2.224 E.15226
G1 X-17.722 Y1.724 E.15225
G1 X-20.904 Y1.126 E.15226
G1 X-24.066 Y.429 E.15226
G1 X-27.205 Y-.366 E.15226
G1 X-30.317 Y-1.258 E.15226
G1 X-33.19 Y-2.178 E.14184
G1 X-33.19 Y-3.11 E.0438
G1 X-30.502 Y-2.235 E.13294
G1 X-27.373 Y-1.324 E.15325
G1 X-24.217 Y-.512 E.15325
G1 X-21.036 Y.2 E.15325
G1 X-17.835 Y.812 E.15325
G1 X-14.616 Y1.323 E.15327
G1 X-11.074 Y1.761 E.16784
G1 X-8.139 Y2.039 E.13863
G1 X-4.887 Y2.244 E.15325
G1 X-1.629 Y2.346 E.15327
G1 X1.94 Y2.337 E.16784
G1 X4.887 Y2.244 E.13863
G1 X8.14 Y2.039 E.15327
G1 X11.692 Y1.693 E.16784
G1 X14.617 Y1.322 E.13863
G1 X17.835 Y.812 E.15325
G1 X21.037 Y.2 E.15327
G1 X24.518 Y-.589 E.16784
G1 X27.373 Y-1.324 E.13863
G1 X30.502 Y-2.235 E.15325
G1 X33.156 Y-3.098 E.13125
SET_VELOCITY_LIMIT ACCEL=10000
G1 X32.901 Y-2.55 F30000
;TYPE:Gap infill
;WIDTH:0.347432
G1 F2051
G1 X30.189 Y-1.682 E.07068
G1 X27.49 Y-.903 E.06969
G1 X23.963 Y-.006 E.09031
G1 X20.816 Y.692 E.08
G1 X17.647 Y1.289 E.08
G1 X14.681 Y1.756 E.07452
G1 X11.262 Y2.182 E.08549
G1 X8.053 Y2.486 E.08
G1 X4.905 Y2.683 E.07825
G1 X1.95 Y2.776 E.07337
G1 X-1.612 Y2.786 E.08839
G1 X-4.905 Y2.683 E.08175
G1 X-8.176 Y2.476 E.08133
G1 X-11.262 Y2.184 E.07693
G1 X-14.462 Y1.787 E.08
G1 X-17.647 Y1.289 E.08
G1 X-21.123 Y.629 E.08778
G1 X-24.321 Y-.087 E.08132
M73 P16 R21
G1 X-27.49 Y-.903 E.08121
G1 X-30.189 Y-1.682 E.06969
G1 X-32.901 Y-2.55 E.07068
;LAYER_CHANGE
;Z:5.86
;HEIGHT:0.2
;BEFORE_LAYER_CHANGE
;5.86
G1 E-1.2 F2100
;WIPE_START
G1 F9000
G1 X-30.997 Y-1.941
;WIPE_END
;AFTER_LAYER_CHANGE
;5.86
;_SET_FAN_SPEED_CHANGING_LAYER
G17
G3 Z6.26 I.022 J1.217 P1  F30000
G1 X33.19 Y-3.11 Z6.26
G1 Z5.86
G1 E1.2 F2100
SET_VELOCITY_LIMIT ACCEL=5000
;TYPE:Outer wall
;WIDTH:0.62
G1 F2051
G1 X33.19 Y-2.178 E.0438
G1 X30.317 Y-1.258 E.14184
G1 X27.205 Y-.366 E.15226
G1 X24.066 Y.429 E.15226
G1 X20.904 Y1.126 E.15226
G1 X17.722 Y1.724 E.15226
G1 X14.523 Y2.224 E.15225
G1 X11.31 Y2.625 E.15226
G1 X8.087 Y2.926 E.15226
G1 X4.855 Y3.126 E.15226
G1 X1.619 Y3.227 E.15225
G1 X-1.619 Y3.227 E.15226
G1 X-4.855 Y3.126 E.15225
G1 X-8.087 Y2.926 E.15226
G1 X-11.31 Y2.625 E.15226
G1 X-14.523 Y2.224 E.15226
G1 X-17.722 Y1.724 E.15225
G1 X-20.904 Y1.126 E.15226
G1 X-24.066 Y.429 E.15226
G1 X-27.205 Y-.366 E.15226
G1 X-30.317 Y-1.258 E.15226
G1 X-33.19 Y-2.178 E.14184
G1 X-33.19 Y-3.11 E.0438
G1 X-30.502 Y-2.235 E.13294
G1 X-27.373 Y-1.324 E.15325
G1 X-24.217 Y-.512 E.15325
G1 X-21.036 Y.2 E.15325
G1 X-17.835 Y.812 E.15325
G1 X-14.616 Y1.323 E.15327
G1 X-11.06 Y1.762 E.16852
G1 X-8.139 Y2.039 E.13795
G1 X-4.887 Y2.244 E.15325
G1 X-1.629 Y2.346 E.15327
G1 X1.955 Y2.336 E.16852
G1 X4.887 Y2.244 E.13795
G1 X8.14 Y2.039 E.15327
G1 X11.706 Y1.691 E.16852
G1 X14.617 Y1.322 E.13795
G1 X17.835 Y.812 E.15325
G1 X21.037 Y.2 E.15327
G1 X24.532 Y-.593 E.16852
G1 X27.373 Y-1.324 E.13795
G1 X30.502 Y-2.235 E.15325
G1 X33.156 Y-3.098 E.13125
SET_VELOCITY_LIMIT ACCEL=10000
G1 X32.901 Y-2.55 F30000
;TYPE:Gap infill
;WIDTH:0.347499
G1 F2051
G1 X30.189 Y-1.682 E.07069
G1 X27.49 Y-.903 E.06971
G1 X23.963 Y-.006 E.09033
G1 X20.816 Y.692 E.08002
G1 X17.647 Y1.289 E.08002
G1 X14.681 Y1.756 E.07453
G1 X11.262 Y2.182 E.08551
G1 X8.053 Y2.486 E.08002
G1 X4.905 Y2.683 E.07827
G1 X1.964 Y2.776 E.07302
G1 X-1.612 Y2.786 E.08876
G1 X-4.905 Y2.683 E.08177
G1 X-8.176 Y2.476 E.08134
G1 X-11.262 Y2.184 E.07694
G1 X-14.462 Y1.787 E.08002
G1 X-17.647 Y1.289 E.08002
G1 X-21.123 Y.629 E.0878
G1 X-24.321 Y-.087 E.08134
G1 X-27.49 Y-.903 E.08122
G1 X-30.189 Y-1.682 E.06971
G1 X-32.901 Y-2.55 E.07069
;LAYER_CHANGE
;Z:6.06
;HEIGHT:0.2
;BEFORE_LAYER_CHANGE
;6.06
G1 E-1.2 F2100
;WIPE_START
G1 F9000
G1 X-30.997 Y-1.941
;WIPE_END
;AFTER_LAYER_CHANGE
;6.06
;_SET_FAN_SPEED_CHANGING_LAYER
G17
G3 Z6.46 I.022 J1.217 P1  F30000
G1 X33.19 Y-3.11 Z6.46
G1 Z6.06
G1 E1.2 F2100
SET_VELOCITY_LIMIT ACCEL=5000
;TYPE:Outer wall
;WIDTH:0.62
G1 F2051
G1 X33.19 Y-2.178 E.0438
G1 X30.317 Y-1.258 E.14184
G1 X27.205 Y-.366 E.15226
G1 X24.066 Y.429 E.15226
G1 X20.904 Y1.126 E.15226
G1 X17.722 Y1.724 E.15226
G1 X14.523 Y2.224 E.15225
G1 X11.31 Y2.625 E.15226
G1 X8.087 Y2.926 E.15226
G1 X4.855 Y3.126 E.15226
G1 X1.619 Y3.227 E.15225
G1 X-1.619 Y3.227 E.15226
G1 X-4.855 Y3.126 E.15225
G1 X-8.087 Y2.926 E.15226
G1 X-11.31 Y2.625 E.15226
G1 X-14.523 Y2.224 E.15226
G1 X-17.722 Y1.724 E.15225
G1 X-20.904 Y1.126 E.15226
G1 X-24.066 Y.429 E.15226
G1 X-27.205 Y-.366 E.15226
G1 X-30.317 Y-1.258 E.15226
G1 X-33.19 Y-2.178 E.14184
G1 X-33.19 Y-3.111 E.04386
G1 X-30.175 Y-2.14 E.14894
G1 X-27.373 Y-1.324 E.13727
G1 X-24.217 Y-.512 E.15325
G1 X-21.036 Y.2 E.15325
G1 X-17.835 Y.812 E.15325
G1 X-14.616 Y1.323 E.15327
G1 X-11.045 Y1.764 E.1692
G1 X-8.139 Y2.039 E.13727
G1 X-4.887 Y2.244 E.15325
G1 X-1.629 Y2.346 E.15327
G1 X1.969 Y2.336 E.1692
G1 X4.887 Y2.244 E.13727
G1 X8.14 Y2.039 E.15327
G1 X11.721 Y1.689 E.1692
G1 X14.617 Y1.322 E.13727
G1 X17.835 Y.812 E.15325
G1 X21.036 Y.2 E.15325
G1 X24.217 Y-.512 E.15325
G1 X27.373 Y-1.324 E.15325
G1 X30.502 Y-2.235 E.15325
G1 X33.156 Y-3.098 E.13125
SET_VELOCITY_LIMIT ACCEL=10000
G1 X32.901 Y-2.55 F30000
;TYPE:Gap infill
;WIDTH:0.347541
G1 F2051
G1 X30.189 Y-1.682 E.0707
G1 X27.49 Y-.903 E.06972
G1 X23.964 Y-.002 E.09034
G1 X20.816 Y.692 E.08003
G1 X17.913 Y1.243 E.07334
G1 X14.681 Y1.756 E.08124
G1 X11.262 Y2.182 E.08552
G1 X8.053 Y2.486 E.08003
G1 X4.905 Y2.683 E.07828
G1 X1.979 Y2.775 E.07268
G1 X-1.612 Y2.786 E.08914
G1 X-4.905 Y2.683 E.08178
G1 X-8.176 Y2.476 E.08135
G1 X-11.262 Y2.184 E.07695
G1 X-14.462 Y1.787 E.08003
G1 X-17.647 Y1.289 E.08003
G1 X-21.123 Y.629 E.08781
G1 X-24.321 Y-.087 E.08135
G1 X-27.49 Y-.903 E.08124
G1 X-30.189 Y-1.682 E.06972
G1 X-32.901 Y-2.552 E.07071
;LAYER_CHANGE
;Z:6.26
;HEIGHT:0.2
;BEFORE_LAYER_CHANGE
;6.26
G1 E-1.2 F2100
;WIPE_START
G1 F9000
G1 X-30.997 Y-1.941
;WIPE_END
;AFTER_LAYER_CHANGE
;6.26
;_SET_FAN_SPEED_CHANGING_LAYER
G17
G3 Z6.66 I.022 J1.217 P1  F30000
G1 X33.19 Y-3.11 Z6.66
G1 Z6.26
G1 E1.2 F2100
SET_VELOCITY_LIMIT ACCEL=5000
;TYPE:Outer wall
;WIDTH:0.62
G1 F2051
G1 X33.19 Y-2.178 E.0438
G1 X30.317 Y-1.258 E.14184
G1 X27.205 Y-.366 E.15226
G1 X24.066 Y.429 E.15226
G1 X20.904 Y1.126 E.15226
G1 X17.722 Y1.724 E.15225
G1 X14.523 Y2.224 E.15226
G1 X11.31 Y2.625 E.15226
G1 X8.087 Y2.926 E.15226
G1 X4.855 Y3.126 E.15226
G1 X1.619 Y3.227 E.15225
G1 X-1.619 Y3.227 E.15226
G1 X-4.855 Y3.126 E.15225
G1 X-8.087 Y2.926 E.15226
G1 X-11.31 Y2.625 E.15226
G1 X-14.523 Y2.224 E.15223
G1 X-18.069 Y1.659 E.16888
G1 X-20.904 Y1.126 E.13565
G1 X-24.066 Y.429 E.15226
G1 X-27.205 Y-.366 E.15226
G1 X-30.317 Y-1.258 E.15226
M73 P17 R21
G1 X-33.19 Y-2.178 E.14184
G1 X-33.19 Y-3.11 E.0438
G1 X-30.502 Y-2.235 E.13294
G1 X-27.373 Y-1.324 E.15325
G1 X-24.217 Y-.512 E.15325
G1 X-21.036 Y.2 E.15325
G1 X-17.835 Y.812 E.15325
G1 X-14.616 Y1.323 E.15327
G1 X-11.031 Y1.765 E.16988
G1 X-8.139 Y2.039 E.13659
G1 X-4.887 Y2.244 E.15325
G1 X-1.629 Y2.346 E.15327
G1 X1.984 Y2.335 E.16988
G1 X4.887 Y2.244 E.13659
G1 X8.139 Y2.039 E.15325
G1 X11.384 Y1.732 E.15325
G1 X14.617 Y1.322 E.15325
G1 X17.835 Y.812 E.15325
G1 X21.037 Y.2 E.15327
G1 X24.56 Y-.6 E.16988
G1 X27.373 Y-1.324 E.13659
G1 X30.502 Y-2.235 E.15325
G1 X33.156 Y-3.098 E.13125
SET_VELOCITY_LIMIT ACCEL=10000
G1 X32.901 Y-2.55 F30000
;TYPE:Gap infill
;WIDTH:0.347158
G1 F2051
G1 X30.189 Y-1.682 E.07061
G1 X27.49 Y-.903 E.06963
G1 X23.963 Y-.006 E.09023
G1 X20.816 Y.692 E.07993
G1 X17.647 Y1.289 E.07993
G1 X14.681 Y1.756 E.07445
G1 X11.429 Y2.168 E.08125
G1 X8.053 Y2.486 E.08409
G1 X4.905 Y2.683 E.07818
G1 X1.993 Y2.775 E.07223
G1 X-1.612 Y2.786 E.08938
G1 X-4.91 Y2.683 E.0818
G1 X-8.053 Y2.486 E.07806
G1 X-11.077 Y2.204 E.07529
G1 X-14.461 Y1.787 E.08454
G1 X-17.913 Y1.242 E.08664
G1 X-21.123 Y.629 E.08102
G1 X-24.321 Y-.087 E.08125
G1 X-27.49 Y-.903 E.08113
G1 X-30.189 Y-1.682 E.06963
G1 X-32.901 Y-2.55 E.07061
;LAYER_CHANGE
;Z:6.46
;HEIGHT:0.2
;BEFORE_LAYER_CHANGE
;6.46
G1 E-1.2 F2100
;WIPE_START
G1 F9000
G1 X-30.997 Y-1.941
;WIPE_END
;AFTER_LAYER_CHANGE
;6.46
;_SET_FAN_SPEED_CHANGING_LAYER
G17
G3 Z6.86 I.022 J1.217 P1  F30000
G1 X33.19 Y-3.11 Z6.86
G1 Z6.46
G1 E1.2 F2100
SET_VELOCITY_LIMIT ACCEL=5000
;TYPE:Outer wall
;WIDTH:0.62
G1 F2051
G1 X33.19 Y-2.178 E.0438
G1 X30.317 Y-1.258 E.14184
G1 X27.205 Y-.366 E.15226
G1 X24.066 Y.429 E.15226
G1 X20.904 Y1.126 E.15226
G1 X17.722 Y1.724 E.15226
G1 X14.523 Y2.224 E.15225
G1 X11.31 Y2.625 E.15226
G1 X8.087 Y2.926 E.15226
G1 X4.855 Y3.126 E.15226
G1 X1.619 Y3.227 E.15225
G1 X-1.619 Y3.227 E.15226
G1 X-4.855 Y3.126 E.15225
G1 X-8.087 Y2.926 E.15226
G1 X-11.31 Y2.625 E.15226
G1 X-14.523 Y2.224 E.15226
G1 X-17.722 Y1.724 E.15225
G1 X-20.904 Y1.126 E.15226
G1 X-24.066 Y.429 E.15226
G1 X-27.205 Y-.366 E.15226
G1 X-30.317 Y-1.258 E.15226
G1 X-33.19 Y-2.178 E.14184
G1 X-33.19 Y-3.11 E.0438
G1 X-30.502 Y-2.235 E.13294
G1 X-27.373 Y-1.324 E.15325
G1 X-24.217 Y-.512 E.15325
G1 X-21.036 Y.2 E.15325
G1 X-17.835 Y.812 E.15325
G1 X-14.616 Y1.323 E.15327
G1 X-11.017 Y1.766 E.17056
G1 X-8.139 Y2.039 E.13591
G1 X-4.887 Y2.244 E.15325
G1 X-1.629 Y2.346 E.15327
G1 X1.998 Y2.335 E.17056
G1 X4.887 Y2.244 E.13591
G1 X8.139 Y2.039 E.15325
G1 X11.384 Y1.732 E.15325
G1 X14.617 Y1.322 E.15325
G1 X17.835 Y.812 E.15325
G1 X21.037 Y.2 E.15327
G1 X24.574 Y-.604 E.17056
G1 X27.373 Y-1.324 E.13591
G1 X30.502 Y-2.235 E.15325
G1 X33.156 Y-3.098 E.13125
SET_VELOCITY_LIMIT ACCEL=10000
G1 X32.901 Y-2.55 F30000
;TYPE:Gap infill
;WIDTH:0.347264
G1 F2051
G1 X30.189 Y-1.682 E.07064
G1 X27.49 Y-.903 E.06965
G1 X23.963 Y-.007 E.09026
G1 X20.816 Y.692 E.07996
G1 X17.647 Y1.289 E.07996
G1 X14.681 Y1.756 E.07447
G1 X11.429 Y2.168 E.08128
G1 X8.053 Y2.486 E.08412
G1 X4.905 Y2.683 E.07821
G1 X2.008 Y2.774 E.07189
G1 X-1.612 Y2.786 E.08977
G1 X-4.905 Y2.683 E.08171
G1 X-8.176 Y2.476 E.08128
G1 X-11.262 Y2.183 E.07688
G1 X-14.462 Y1.787 E.07996
G1 X-17.647 Y1.289 E.07996
G1 X-21.123 Y.629 E.08773
G1 X-24.321 Y-.087 E.08128
G1 X-27.49 Y-.903 E.08116
G1 X-30.189 Y-1.682 E.06965
G1 X-32.901 Y-2.55 E.07064
;LAYER_CHANGE
;Z:6.66
;HEIGHT:0.2
;BEFORE_LAYER_CHANGE
;6.66
G1 E-1.2 F2100
;WIPE_START
G1 F9000
G1 X-30.997 Y-1.941
;WIPE_END
;AFTER_LAYER_CHANGE
;6.66
;_SET_FAN_SPEED_CHANGING_LAYER
G17
G3 Z7.06 I.022 J1.217 P1  F30000
G1 X33.19 Y-3.11 Z7.06
G1 Z6.66
G1 E1.2 F2100
SET_VELOCITY_LIMIT ACCEL=5000
;TYPE:Outer wall
;WIDTH:0.62
G1 F2051
G1 X33.19 Y-2.178 E.0438
G1 X30.317 Y-1.258 E.14184
G1 X27.205 Y-.366 E.15226
G1 X24.066 Y.429 E.15226
G1 X20.904 Y1.126 E.15226
G1 X17.722 Y1.724 E.15226
G1 X14.523 Y2.224 E.15225
G1 X11.31 Y2.625 E.15226
G1 X8.087 Y2.926 E.15226
G1 X4.855 Y3.126 E.15226
G1 X1.619 Y3.227 E.15225
G1 X-1.619 Y3.227 E.15226
G1 X-4.855 Y3.126 E.15225
G1 X-8.087 Y2.926 E.15226
G1 X-11.31 Y2.625 E.15226
G1 X-14.523 Y2.224 E.15226
G1 X-17.722 Y1.724 E.15225
G1 X-20.904 Y1.126 E.15226
G1 X-24.066 Y.429 E.15226
G1 X-27.205 Y-.366 E.15226
G1 X-30.317 Y-1.258 E.15226
G1 X-33.19 Y-2.178 E.14184
G1 X-33.19 Y-3.11 E.0438
G1 X-30.502 Y-2.235 E.13294
G1 X-27.373 Y-1.324 E.15325
G1 X-24.217 Y-.512 E.15325
G1 X-21.036 Y.2 E.15325
G1 X-17.835 Y.812 E.15325
G1 X-14.616 Y1.323 E.15327
G1 X-11.002 Y1.768 E.17124
G1 X-8.139 Y2.039 E.13523
G1 X-4.887 Y2.244 E.15325
G1 X-1.629 Y2.346 E.15327
G1 X2.012 Y2.334 E.17124
G1 X4.887 Y2.244 E.13523
G1 X8.139 Y2.039 E.15325
G1 X11.384 Y1.732 E.15325
G1 X14.617 Y1.322 E.15325
G1 X17.835 Y.812 E.15325
G1 X21.036 Y.2 E.15325
G1 X24.217 Y-.512 E.15327
G1 X27.741 Y-1.431 E.17124
G1 X30.502 Y-2.235 E.13523
G1 X33.156 Y-3.098 E.13125
SET_VELOCITY_LIMIT ACCEL=10000
G1 X32.901 Y-2.55 F30000
;TYPE:Gap infill
;WIDTH:0.347296
G1 F2051
G1 X30.189 Y-1.682 E.07065
G1 X27.859 Y-1.009 E.06014
G1 X23.964 Y-.002 E.09978
G1 X20.816 Y.692 E.07997
G1 X17.913 Y1.243 E.07328
G1 X14.681 Y1.756 E.08117
G1 X11.429 Y2.168 E.08129
M73 P18 R21
G1 X8.053 Y2.486 E.08413
G1 X4.905 Y2.683 E.07822
G1 X2.022 Y2.774 E.07154
G1 X-1.612 Y2.786 E.09014
G1 X-4.905 Y2.683 E.08172
G1 X-8.176 Y2.476 E.08129
G1 X-11.262 Y2.183 E.07689
G1 X-14.462 Y1.787 E.07997
G1 X-17.647 Y1.289 E.07997
G1 X-21.123 Y.629 E.08774
G1 X-24.321 Y-.087 E.08129
G1 X-27.49 Y-.903 E.08117
G1 X-30.189 Y-1.682 E.06966
G1 X-32.901 Y-2.55 E.07064
;LAYER_CHANGE
;Z:6.86
;HEIGHT:0.2
;BEFORE_LAYER_CHANGE
;6.86
G1 E-1.2 F2100
;WIPE_START
G1 F9000
G1 X-30.997 Y-1.941
;WIPE_END
;AFTER_LAYER_CHANGE
;6.86
;_SET_FAN_SPEED_CHANGING_LAYER
G17
G3 Z7.26 I.022 J1.217 P1  F30000
G1 X33.19 Y-3.11 Z7.26
G1 Z6.86
G1 E1.2 F2100
SET_VELOCITY_LIMIT ACCEL=5000
;TYPE:Outer wall
;WIDTH:0.62
G1 F2051
G1 X33.19 Y-2.178 E.0438
G1 X30.317 Y-1.258 E.14184
G1 X27.205 Y-.366 E.15226
G1 X24.066 Y.429 E.15226
G1 X20.904 Y1.126 E.15226
G1 X17.722 Y1.724 E.15226
G1 X14.523 Y2.224 E.15225
G1 X11.31 Y2.625 E.15226
G1 X8.087 Y2.926 E.15226
G1 X4.855 Y3.126 E.15226
G1 X1.619 Y3.227 E.15225
G1 X-1.619 Y3.227 E.15226
G1 X-4.855 Y3.126 E.15225
G1 X-8.087 Y2.926 E.15226
G1 X-11.31 Y2.625 E.15226
G1 X-14.523 Y2.224 E.15226
G1 X-17.722 Y1.724 E.15225
G1 X-20.904 Y1.126 E.15226
G1 X-24.066 Y.429 E.15226
G1 X-27.205 Y-.366 E.15226
G1 X-30.317 Y-1.258 E.15226
G1 X-33.19 Y-2.178 E.14184
G1 X-33.19 Y-3.11 E.0438
G1 X-30.502 Y-2.235 E.13294
G1 X-27.373 Y-1.324 E.15325
G1 X-24.217 Y-.512 E.15325
G1 X-21.036 Y.2 E.15325
G1 X-17.835 Y.812 E.15325
G1 X-14.616 Y1.323 E.15328
G1 X-10.988 Y1.769 E.17191
G1 X-8.139 Y2.039 E.13455
G1 X-4.887 Y2.244 E.15325
G1 X-1.629 Y2.346 E.15327
G1 X2.027 Y2.334 E.17191
G1 X4.887 Y2.244 E.13455
G1 X8.139 Y2.039 E.15325
G1 X11.384 Y1.732 E.15325
G1 X14.617 Y1.322 E.15325
G1 X17.835 Y.812 E.15325
G1 X21.036 Y.2 E.15325
G1 X24.217 Y-.512 E.15328
G1 X27.754 Y-1.435 E.17191
G1 X30.502 Y-2.235 E.13455
G1 X33.156 Y-3.098 E.13125
SET_VELOCITY_LIMIT ACCEL=10000
G1 X32.901 Y-2.55 F30000
;TYPE:Gap infill
;WIDTH:0.347344
G1 F2051
G1 X30.628 Y-1.816 E.05926
G1 X27.873 Y-1.013 E.07119
G1 X23.964 Y-.002 E.10016
G1 X20.816 Y.692 E.07998
G1 X17.913 Y1.243 E.07329
G1 X14.681 Y1.756 E.08118
G1 X11.429 Y2.168 E.0813
G1 X8.053 Y2.486 E.08414
G1 X4.905 Y2.683 E.07823
G1 X2.037 Y2.774 E.07119
G1 X-1.612 Y2.786 E.09051
G1 X-4.905 Y2.683 E.08173
G1 X-8.176 Y2.476 E.0813
G1 X-11.262 Y2.183 E.0769
G1 X-14.462 Y1.787 E.07998
G1 X-17.647 Y1.289 E.07998
G1 X-21.123 Y.629 E.08776
G1 X-24.321 Y-.087 E.0813
G1 X-27.49 Y-.903 E.08118
G1 X-30.189 Y-1.682 E.06967
G1 X-32.901 Y-2.55 E.07066
;LAYER_CHANGE
;Z:7.06
;HEIGHT:0.2
;BEFORE_LAYER_CHANGE
;7.06
G1 E-1.2 F2100
;WIPE_START
G1 F9000
G1 X-30.997 Y-1.941
;WIPE_END
;AFTER_LAYER_CHANGE
;7.06
;_SET_FAN_SPEED_CHANGING_LAYER
G17
G3 Z7.46 I.022 J1.217 P1  F30000
G1 X33.19 Y-3.11 Z7.46
G1 Z7.06
G1 E1.2 F2100
SET_VELOCITY_LIMIT ACCEL=5000
;TYPE:Outer wall
;WIDTH:0.62
G1 F2051
G1 X33.19 Y-2.178 E.0438
G1 X30.317 Y-1.258 E.14184
G1 X27.205 Y-.366 E.15226
G1 X24.066 Y.429 E.15226
G1 X20.904 Y1.126 E.15226
G1 X17.722 Y1.724 E.15226
G1 X14.523 Y2.224 E.15225
G1 X11.31 Y2.625 E.15226
G1 X8.087 Y2.926 E.15226
G1 X4.855 Y3.126 E.15226
G1 X1.619 Y3.227 E.15225
G1 X-1.619 Y3.227 E.15226
G1 X-4.855 Y3.126 E.15225
G1 X-8.087 Y2.926 E.15226
G1 X-11.31 Y2.625 E.15226
G1 X-14.523 Y2.224 E.15226
G1 X-17.722 Y1.724 E.15225
G1 X-20.904 Y1.126 E.15226
G1 X-24.066 Y.429 E.15226
G1 X-27.205 Y-.366 E.15226
G1 X-30.317 Y-1.258 E.15226
G1 X-33.19 Y-2.178 E.14184
G1 X-33.19 Y-3.11 E.0438
G1 X-30.502 Y-2.235 E.13294
G1 X-27.373 Y-1.324 E.15325
G1 X-24.217 Y-.512 E.15325
G1 X-21.036 Y.2 E.15325
G1 X-17.835 Y.812 E.15325
G1 X-14.616 Y1.323 E.15328
G1 X-10.973 Y1.77 E.17259
G1 X-8.139 Y2.039 E.13387
G1 X-4.887 Y2.244 E.15325
G1 X-1.629 Y2.346 E.15328
G1 X2.041 Y2.333 E.17259
G1 X4.887 Y2.244 E.13387
G1 X8.139 Y2.039 E.15325
G1 X11.384 Y1.732 E.15325
G1 X14.617 Y1.322 E.15325
G1 X17.835 Y.812 E.15325
G1 X21.037 Y.2 E.15327
G1 X24.616 Y-.615 E.17259
G1 X27.373 Y-1.324 E.13387
G1 X30.502 Y-2.235 E.15325
G1 X33.156 Y-3.098 E.13125
SET_VELOCITY_LIMIT ACCEL=10000
G1 X32.901 Y-2.55 F30000
;TYPE:Gap infill
;WIDTH:0.347411
G1 F2051
G1 X30.189 Y-1.682 E.07067
G1 X27.49 Y-.903 E.06969
G1 X23.963 Y-.007 E.0903
G1 X20.816 Y.692 E.07999
G1 X17.647 Y1.289 E.08
M73 P18 R20
G1 X14.681 Y1.756 E.07451
G1 X11.429 Y2.168 E.08132
G1 X8.053 Y2.486 E.08416
G1 X4.905 Y2.683 E.07825
G1 X2.051 Y2.773 E.07085
G1 X-1.612 Y2.786 E.09089
G1 X-4.905 Y2.683 E.08175
G1 X-8.176 Y2.476 E.08132
G1 X-11.262 Y2.183 E.07692
G1 X-14.462 Y1.787 E.08
G1 X-17.647 Y1.289 E.08
G1 X-21.123 Y.629 E.08778
G1 X-24.321 Y-.087 E.08132
G1 X-27.49 Y-.903 E.0812
G1 X-30.189 Y-1.682 E.06969
G1 X-32.901 Y-2.55 E.07067
;LAYER_CHANGE
;Z:7.26
;HEIGHT:0.2
;BEFORE_LAYER_CHANGE
;7.26
G1 E-1.2 F2100
;WIPE_START
G1 F9000
G1 X-30.997 Y-1.941
;WIPE_END
;AFTER_LAYER_CHANGE
;7.26
;_SET_FAN_SPEED_CHANGING_LAYER
G17
G3 Z7.66 I.022 J1.217 P1  F30000
G1 X33.19 Y-3.11 Z7.66
G1 Z7.26
G1 E1.2 F2100
SET_VELOCITY_LIMIT ACCEL=5000
;TYPE:Outer wall
;WIDTH:0.62
G1 F2051
G1 X33.19 Y-2.178 E.0438
G1 X30.317 Y-1.258 E.14184
G1 X27.205 Y-.366 E.15226
G1 X24.066 Y.429 E.15226
G1 X20.904 Y1.126 E.15226
G1 X17.722 Y1.724 E.15226
G1 X14.523 Y2.224 E.15225
G1 X11.31 Y2.625 E.15226
G1 X8.087 Y2.926 E.15226
G1 X4.855 Y3.126 E.15226
M73 P19 R20
G1 X1.619 Y3.227 E.15225
G1 X-1.619 Y3.227 E.15226
G1 X-4.855 Y3.126 E.15225
G1 X-8.087 Y2.926 E.15226
G1 X-11.31 Y2.625 E.15226
G1 X-14.523 Y2.224 E.15226
G1 X-17.722 Y1.724 E.15225
G1 X-20.904 Y1.126 E.15226
G1 X-24.066 Y.429 E.15226
G1 X-27.205 Y-.366 E.15226
G1 X-30.317 Y-1.258 E.15226
G1 X-33.19 Y-2.178 E.14184
G1 X-33.19 Y-3.11 E.0438
G1 X-30.502 Y-2.235 E.13294
G1 X-27.373 Y-1.324 E.15325
G1 X-24.217 Y-.512 E.15325
G1 X-21.036 Y.2 E.15325
G1 X-17.835 Y.812 E.15325
G1 X-14.616 Y1.323 E.15328
G1 X-10.959 Y1.772 E.17327
G1 X-8.139 Y2.039 E.13319
G1 X-4.887 Y2.244 E.15325
G1 X-1.629 Y2.346 E.15328
G1 X2.056 Y2.333 E.17327
G1 X4.887 Y2.244 E.13319
G1 X8.139 Y2.039 E.15325
G1 X11.384 Y1.732 E.15325
G1 X14.617 Y1.322 E.15325
G1 X17.835 Y.812 E.15325
G1 X21.036 Y.2 E.15325
G1 X24.217 Y-.512 E.15328
G1 X27.782 Y-1.443 E.17327
G1 X30.502 Y-2.235 E.13319
G1 X33.156 Y-3.098 E.13125
SET_VELOCITY_LIMIT ACCEL=10000
G1 X32.901 Y-2.55 F30000
;TYPE:Gap infill
;WIDTH:0.34744
G1 F2051
G1 X30.628 Y-1.816 E.05928
G1 X27.901 Y-1.021 E.0705
G1 X23.964 Y-.002 E.10091
G1 X20.816 Y.692 E.08
G1 X17.913 Y1.243 E.07331
G1 X14.681 Y1.756 E.08121
G1 X11.429 Y2.168 E.08133
G1 X8.053 Y2.486 E.08417
G1 X4.905 Y2.683 E.07826
G1 X2.066 Y2.773 E.0705
G1 X-1.612 Y2.786 E.09126
G1 X-4.905 Y2.683 E.08176
G1 X-8.176 Y2.476 E.08133
G1 X-11.262 Y2.183 E.07693
G1 X-14.462 Y1.787 E.08
G1 X-17.647 Y1.289 E.08
G1 X-21.123 Y.629 E.08779
G1 X-24.321 Y-.087 E.08133
G1 X-27.49 Y-.903 E.08121
G1 X-30.189 Y-1.682 E.06969
G1 X-32.901 Y-2.55 E.07068
;LAYER_CHANGE
;Z:7.46
;HEIGHT:0.2
;BEFORE_LAYER_CHANGE
;7.46
G1 E-1.2 F2100
;WIPE_START
G1 F9000
G1 X-30.997 Y-1.941
;WIPE_END
;AFTER_LAYER_CHANGE
;7.46
;_SET_FAN_SPEED_CHANGING_LAYER
G17
G3 Z7.86 I.022 J1.217 P1  F30000
G1 X33.19 Y-3.11 Z7.86
G1 Z7.46
G1 E1.2 F2100
SET_VELOCITY_LIMIT ACCEL=5000
;TYPE:Outer wall
;WIDTH:0.62
G1 F2051
G1 X33.19 Y-2.178 E.0438
G1 X30.317 Y-1.258 E.14184
G1 X27.205 Y-.366 E.15226
G1 X24.066 Y.429 E.15226
G1 X20.904 Y1.126 E.15226
G1 X17.722 Y1.724 E.15226
G1 X14.523 Y2.224 E.15225
G1 X11.31 Y2.625 E.15226
G1 X8.087 Y2.926 E.15226
G1 X4.855 Y3.126 E.15226
G1 X1.619 Y3.227 E.15225
G1 X-1.619 Y3.227 E.15226
G1 X-4.855 Y3.126 E.15225
G1 X-8.087 Y2.926 E.15226
G1 X-11.31 Y2.625 E.15226
G1 X-14.523 Y2.224 E.15226
G1 X-17.722 Y1.724 E.15225
G1 X-20.904 Y1.126 E.15226
G1 X-24.066 Y.429 E.15226
G1 X-27.205 Y-.366 E.15226
G1 X-30.317 Y-1.258 E.15226
G1 X-33.19 Y-2.178 E.14184
G1 X-33.19 Y-3.11 E.0438
G1 X-30.502 Y-2.235 E.13294
G1 X-27.373 Y-1.324 E.15325
G1 X-24.217 Y-.512 E.15325
G1 X-21.036 Y.2 E.15325
G1 X-17.835 Y.812 E.15325
G1 X-14.617 Y1.322 E.15325
G1 X-11.384 Y1.732 E.15325
G1 X-10.94 Y1.774 E.02094
G1 X-8.139 Y2.039 E.13231
G1 X-4.887 Y2.244 E.15325
G1 X-1.629 Y2.346 E.15325
G1 X1.629 Y2.346 E.15325
G1 X4.887 Y2.244 E.15325
G1 X8.139 Y2.039 E.15325
G1 X11.384 Y1.732 E.15325
G1 X14.617 Y1.322 E.15325
G1 X17.835 Y.812 E.15325
G1 X21.036 Y.2 E.15325
G1 X24.217 Y-.512 E.15325
G1 X27.373 Y-1.324 E.15325
G1 X30.502 Y-2.235 E.15325
G1 X33.156 Y-3.098 E.13125
SET_VELOCITY_LIMIT ACCEL=10000
G1 X32.901 Y-2.55 F30000
;TYPE:Gap infill
;WIDTH:0.345889
G1 F2051
G1 X30.189 Y-1.682 E.07032
G1 X27.49 Y-.903 E.06934
G1 X24.321 Y-.087 E.08079
G1 X21.123 Y.629 E.08091
G1 X17.647 Y1.289 E.08734
G1 X14.462 Y1.787 E.0796
G1 X11.434 Y2.167 E.07534
G1 X8.176 Y2.476 E.0808
G1 X4.905 Y2.683 E.08091
G1 X1.612 Y2.786 E.08134
G1 X-1.639 Y2.786 E.08026
G1 X-4.835 Y2.686 E.07894
G1 X-8.053 Y2.486 E.0796
G1 X-11.429 Y2.168 E.08374
G1 X-14.681 Y1.756 E.08091
G1 X-17.913 Y1.243 E.0808
G1 X-20.816 Y.692 E.07294
G1 X-23.964 Y-.002 E.0796
G1 X-27.49 Y-.903 E.08985
G1 X-30.189 Y-1.682 E.06934
G1 X-32.901 Y-2.55 E.07032
;LAYER_CHANGE
;Z:7.66
;HEIGHT:0.2
;BEFORE_LAYER_CHANGE
;7.66
G1 E-1.2 F2100
;WIPE_START
G1 F9000
G1 X-30.997 Y-1.941
;WIPE_END
;AFTER_LAYER_CHANGE
;7.66
;_SET_FAN_SPEED_CHANGING_LAYER
G17
G3 Z8.06 I.022 J1.217 P1  F30000
G1 X33.19 Y-3.11 Z8.06
G1 Z7.66
G1 E1.2 F2100
SET_VELOCITY_LIMIT ACCEL=5000
;TYPE:Outer wall
;WIDTH:0.62
G1 F2051
G1 X33.19 Y-2.178 E.0438
G1 X30.317 Y-1.258 E.14184
G1 X27.205 Y-.366 E.15226
G1 X24.066 Y.429 E.15226
G1 X20.904 Y1.126 E.15226
G1 X17.722 Y1.724 E.15226
G1 X14.523 Y2.224 E.15225
G1 X11.31 Y2.625 E.15226
G1 X8.087 Y2.926 E.15226
G1 X4.855 Y3.126 E.15226
G1 X1.619 Y3.227 E.15225
G1 X-1.619 Y3.227 E.15226
G1 X-4.855 Y3.126 E.15225
G1 X-8.087 Y2.926 E.15226
G1 X-11.31 Y2.625 E.15226
G1 X-14.523 Y2.224 E.15226
G1 X-17.722 Y1.724 E.15225
G1 X-20.904 Y1.126 E.15226
G1 X-24.066 Y.429 E.15226
G1 X-27.205 Y-.366 E.15226
G1 X-30.317 Y-1.258 E.15226
G1 X-33.19 Y-2.178 E.14184
G1 X-33.19 Y-3.11 E.0438
G1 X-30.502 Y-2.235 E.13294
G1 X-27.373 Y-1.324 E.15325
G1 X-24.217 Y-.512 E.15325
G1 X-21.036 Y.2 E.15325
G1 X-17.835 Y.812 E.15325
G1 X-14.617 Y1.322 E.15325
G1 X-11.384 Y1.732 E.15325
G1 X-8.139 Y2.039 E.15325
G1 X-4.887 Y2.244 E.15325
G1 X-1.629 Y2.346 E.15325
G1 X1.629 Y2.346 E.15325
G1 X4.887 Y2.244 E.15325
G1 X8.139 Y2.039 E.15325
G1 X11.384 Y1.732 E.15325
G1 X14.617 Y1.322 E.15325
G1 X17.835 Y.812 E.15325
M73 P20 R20
G1 X21.036 Y.2 E.15325
G1 X24.217 Y-.512 E.15325
G1 X27.373 Y-1.324 E.15325
G1 X30.502 Y-2.235 E.15325
G1 X33.156 Y-3.098 E.13125
SET_VELOCITY_LIMIT ACCEL=10000
G1 X32.901 Y-2.55 F30000
;TYPE:Gap infill
;WIDTH:0.345889
G1 F2051
G1 X30.189 Y-1.682 E.07032
G1 X27.49 Y-.903 E.06934
G1 X24.321 Y-.087 E.08079
G1 X21.123 Y.629 E.08091
G1 X17.647 Y1.289 E.08734
G1 X14.462 Y1.787 E.0796
G1 X11.434 Y2.167 E.07534
G1 X8.176 Y2.476 E.0808
G1 X4.905 Y2.683 E.08091
G1 X1.612 Y2.786 E.08134
G1 X-1.639 Y2.786 E.08026
G1 X-4.835 Y2.686 E.07894
G1 X-8.053 Y2.486 E.0796
G1 X-11.429 Y2.168 E.08374
G1 X-14.681 Y1.756 E.08091
G1 X-17.913 Y1.243 E.0808
G1 X-20.816 Y.692 E.07294
G1 X-23.964 Y-.002 E.0796
G1 X-27.49 Y-.903 E.08985
G1 X-30.189 Y-1.682 E.06934
G1 X-32.901 Y-2.55 E.07032
;LAYER_CHANGE
;Z:7.86
;HEIGHT:0.2
;BEFORE_LAYER_CHANGE
;7.86
G1 E-1.2 F2100
;WIPE_START
G1 F9000
G1 X-30.997 Y-1.941
;WIPE_END
;AFTER_LAYER_CHANGE
;7.86
;_SET_FAN_SPEED_CHANGING_LAYER
G17
G3 Z8.26 I.022 J1.217 P1  F30000
G1 X33.19 Y-3.11 Z8.26
G1 Z7.86
G1 E1.2 F2100
SET_VELOCITY_LIMIT ACCEL=5000
;TYPE:Outer wall
;WIDTH:0.62
G1 F2051
G1 X33.19 Y-2.178 E.0438
G1 X30.317 Y-1.258 E.14184
G1 X27.205 Y-.366 E.15226
G1 X24.066 Y.429 E.15226
G1 X20.904 Y1.126 E.15226
G1 X17.722 Y1.724 E.15226
G1 X14.523 Y2.224 E.15225
G1 X11.31 Y2.625 E.15226
G1 X8.087 Y2.926 E.15226
G1 X4.855 Y3.126 E.15226
G1 X1.619 Y3.227 E.15225
G1 X-1.619 Y3.227 E.15226
G1 X-4.855 Y3.126 E.15225
G1 X-8.087 Y2.926 E.15226
G1 X-11.31 Y2.625 E.15226
G1 X-14.523 Y2.224 E.15226
G1 X-17.722 Y1.724 E.15225
G1 X-20.904 Y1.126 E.15226
G1 X-24.066 Y.429 E.15226
G1 X-27.205 Y-.366 E.15226
G1 X-30.317 Y-1.258 E.15226
G1 X-33.19 Y-2.178 E.14184
G1 X-33.19 Y-3.11 E.0438
G1 X-30.502 Y-2.235 E.13294
G1 X-27.373 Y-1.324 E.15325
G1 X-24.217 Y-.512 E.15325
G1 X-21.036 Y.2 E.15325
G1 X-17.835 Y.812 E.15325
G1 X-14.617 Y1.322 E.15325
G1 X-11.384 Y1.732 E.15325
G1 X-8.139 Y2.039 E.15325
G1 X-4.887 Y2.244 E.15325
G1 X-1.629 Y2.346 E.15325
G1 X1.629 Y2.346 E.15325
G1 X4.887 Y2.244 E.15325
G1 X8.139 Y2.039 E.15325
G1 X11.384 Y1.732 E.15325
G1 X14.617 Y1.322 E.15325
G1 X17.835 Y.812 E.15325
G1 X21.036 Y.2 E.15325
G1 X24.217 Y-.512 E.15325
G1 X27.373 Y-1.324 E.15325
G1 X30.502 Y-2.235 E.15325
G1 X33.156 Y-3.098 E.13125
SET_VELOCITY_LIMIT ACCEL=10000
G1 X32.901 Y-2.55 F30000
;TYPE:Gap infill
;WIDTH:0.345889
G1 F2051
G1 X30.189 Y-1.682 E.07032
G1 X27.49 Y-.903 E.06934
G1 X23.964 Y-.002 E.08985
G1 X20.816 Y.692 E.0796
G1 X17.913 Y1.243 E.07294
G1 X14.681 Y1.756 E.0808
G1 X11.429 Y2.168 E.08091
G1 X8.053 Y2.486 E.08374
G1 X4.835 Y2.686 E.0796
G1 X1.639 Y2.786 E.07894
G1 X-1.612 Y2.786 E.08026
G1 X-4.905 Y2.683 E.08134
G1 X-8.176 Y2.476 E.08091
G1 X-11.434 Y2.167 E.0808
G1 X-14.462 Y1.787 E.07534
G1 X-17.647 Y1.289 E.0796
G1 X-21.123 Y.629 E.08734
G1 X-24.321 Y-.087 E.08091
G1 X-27.49 Y-.903 E.08079
G1 X-30.189 Y-1.682 E.06934
G1 X-32.901 Y-2.55 E.07032
;LAYER_CHANGE
;Z:8.06
;HEIGHT:0.2
;BEFORE_LAYER_CHANGE
;8.06
G1 E-1.2 F2100
;WIPE_START
G1 F9000
G1 X-30.997 Y-1.941
;WIPE_END
;AFTER_LAYER_CHANGE
;8.06
;_SET_FAN_SPEED_CHANGING_LAYER
G17
G3 Z8.46 I.022 J1.217 P1  F30000
G1 X33.19 Y-3.11 Z8.46
G1 Z8.06
G1 E1.2 F2100
SET_VELOCITY_LIMIT ACCEL=5000
;TYPE:Outer wall
;WIDTH:0.62
G1 F2051
G1 X33.19 Y-2.178 E.0438
G1 X30.317 Y-1.258 E.14184
G1 X27.205 Y-.366 E.15226
G1 X24.066 Y.429 E.15226
G1 X20.904 Y1.126 E.15226
G1 X17.722 Y1.724 E.15226
G1 X14.523 Y2.224 E.15225
G1 X11.31 Y2.625 E.15226
G1 X8.087 Y2.926 E.15226
G1 X4.855 Y3.126 E.15226
G1 X1.619 Y3.227 E.15225
G1 X-1.619 Y3.227 E.15226
G1 X-4.855 Y3.126 E.15225
G1 X-8.087 Y2.926 E.15226
G1 X-11.31 Y2.625 E.15226
G1 X-14.523 Y2.224 E.15226
G1 X-17.722 Y1.724 E.15225
G1 X-20.904 Y1.126 E.15226
G1 X-24.066 Y.429 E.15226
G1 X-27.205 Y-.366 E.15226
G1 X-30.317 Y-1.258 E.15226
G1 X-33.19 Y-2.178 E.14184
G1 X-33.19 Y-3.11 E.0438
G1 X-30.502 Y-2.235 E.13294
G1 X-27.373 Y-1.324 E.15325
G1 X-24.217 Y-.512 E.15325
G1 X-21.036 Y.2 E.15325
G1 X-17.835 Y.812 E.15325
G1 X-14.617 Y1.322 E.15325
G1 X-11.384 Y1.732 E.15325
G1 X-10.897 Y1.778 E.02298
G1 X-8.139 Y2.039 E.13027
G1 X-4.887 Y2.244 E.15325
G1 X-1.629 Y2.346 E.15325
G1 X1.629 Y2.346 E.15325
G1 X4.887 Y2.244 E.15325
G1 X8.139 Y2.039 E.15325
G1 X11.384 Y1.732 E.15325
G1 X14.617 Y1.322 E.15325
G1 X17.835 Y.812 E.15325
G1 X21.036 Y.2 E.15325
G1 X24.217 Y-.512 E.15325
G1 X27.373 Y-1.324 E.15325
G1 X30.502 Y-2.235 E.15325
G1 X33.156 Y-3.098 E.13125
SET_VELOCITY_LIMIT ACCEL=10000
G1 X32.901 Y-2.55 F30000
;TYPE:Gap infill
;WIDTH:0.345889
G1 F2051
G1 X30.189 Y-1.682 E.07032
G1 X27.49 Y-.903 E.06934
G1 X23.964 Y-.002 E.08985
G1 X20.816 Y.692 E.0796
G1 X17.913 Y1.243 E.07294
G1 X14.681 Y1.756 E.0808
G1 X11.429 Y2.168 E.08091
G1 X8.053 Y2.486 E.08374
G1 X4.835 Y2.686 E.0796
G1 X1.639 Y2.786 E.07894
G1 X-1.612 Y2.786 E.08026
G1 X-4.905 Y2.683 E.08134
G1 X-8.176 Y2.476 E.08091
G1 X-11.434 Y2.167 E.0808
G1 X-14.462 Y1.787 E.07534
G1 X-17.647 Y1.289 E.0796
G1 X-21.123 Y.629 E.08734
G1 X-24.321 Y-.087 E.08091
G1 X-27.49 Y-.903 E.08079
G1 X-30.189 Y-1.682 E.06934
G1 X-32.901 Y-2.55 E.07032
;LAYER_CHANGE
;Z:8.26
;HEIGHT:0.2
;BEFORE_LAYER_CHANGE
;8.26
G1 E-1.2 F2100
;WIPE_START
G1 F9000
G1 X-30.997 Y-1.941
;WIPE_END
;AFTER_LAYER_CHANGE
;8.26
;_SET_FAN_SPEED_CHANGING_LAYER
G17
G3 Z8.66 I.022 J1.217 P1  F30000
G1 X33.19 Y-3.11 Z8.66
M73 P21 R20
G1 Z8.26
G1 E1.2 F2100
SET_VELOCITY_LIMIT ACCEL=5000
;TYPE:Outer wall
;WIDTH:0.62
G1 F2051
G1 X33.19 Y-2.178 E.0438
G1 X30.317 Y-1.258 E.14184
G1 X27.205 Y-.366 E.15226
G1 X24.066 Y.429 E.15226
G1 X20.904 Y1.126 E.15226
G1 X17.722 Y1.724 E.15226
G1 X14.523 Y2.224 E.15225
G1 X11.31 Y2.625 E.15226
G1 X8.087 Y2.926 E.15226
G1 X4.855 Y3.126 E.15226
G1 X1.619 Y3.227 E.15225
G1 X-1.619 Y3.227 E.15226
G1 X-4.855 Y3.126 E.15225
G1 X-8.087 Y2.926 E.15226
G1 X-11.31 Y2.625 E.15226
G1 X-14.523 Y2.224 E.15226
G1 X-17.722 Y1.724 E.15225
G1 X-20.904 Y1.126 E.15226
G1 X-24.066 Y.429 E.15226
G1 X-27.205 Y-.366 E.15226
G1 X-30.317 Y-1.258 E.15226
G1 X-33.19 Y-2.178 E.14184
G1 X-33.19 Y-3.11 E.0438
G1 X-30.502 Y-2.235 E.13294
G1 X-27.373 Y-1.324 E.15325
G1 X-24.217 Y-.512 E.15325
G1 X-21.036 Y.2 E.15325
G1 X-17.835 Y.812 E.15325
G1 X-14.617 Y1.322 E.15325
G1 X-11.384 Y1.732 E.15325
G1 X-8.139 Y2.039 E.15325
G1 X-4.887 Y2.244 E.15325
G1 X-1.629 Y2.346 E.15325
G1 X1.629 Y2.346 E.15325
G1 X4.887 Y2.244 E.15325
G1 X8.139 Y2.039 E.15325
G1 X11.384 Y1.732 E.15325
G1 X14.617 Y1.322 E.15325
G1 X17.835 Y.812 E.15325
G1 X21.036 Y.2 E.15325
G1 X24.217 Y-.512 E.15325
G1 X27.373 Y-1.324 E.15325
G1 X30.502 Y-2.235 E.15325
G1 X33.156 Y-3.098 E.13125
SET_VELOCITY_LIMIT ACCEL=10000
G1 X32.901 Y-2.55 F30000
;TYPE:Gap infill
;WIDTH:0.345888
G1 F2051
G1 X30.189 Y-1.682 E.07032
G1 X27.49 Y-.903 E.06934
G1 X24.321 Y-.087 E.08079
G1 X21.123 Y.629 E.08091
G1 X17.647 Y1.289 E.08734
G1 X14.462 Y1.787 E.0796
G1 X11.434 Y2.167 E.07534
G1 X8.176 Y2.476 E.0808
G1 X4.905 Y2.683 E.08091
G1 X1.612 Y2.786 E.08134
G1 X-1.639 Y2.786 E.08026
G1 X-4.835 Y2.686 E.07894
G1 X-8.053 Y2.486 E.0796
G1 X-11.429 Y2.168 E.08374
G1 X-14.681 Y1.756 E.08091
G1 X-17.913 Y1.243 E.0808
G1 X-20.816 Y.692 E.07294
G1 X-23.964 Y-.002 E.0796
G1 X-27.49 Y-.903 E.08985
G1 X-30.189 Y-1.682 E.06934
G1 X-32.901 Y-2.55 E.07032
;LAYER_CHANGE
;Z:8.46
;HEIGHT:0.2
;BEFORE_LAYER_CHANGE
;8.46
G1 E-1.2 F2100
;WIPE_START
G1 F9000
G1 X-30.997 Y-1.941
;WIPE_END
;AFTER_LAYER_CHANGE
;8.46
;_SET_FAN_SPEED_CHANGING_LAYER
G17
G3 Z8.86 I.022 J1.217 P1  F30000
G1 X33.19 Y-3.11 Z8.86
G1 Z8.46
G1 E1.2 F2100
SET_VELOCITY_LIMIT ACCEL=5000
;TYPE:Outer wall
;WIDTH:0.62
G1 F2051
G1 X33.19 Y-2.178 E.0438
G1 X30.317 Y-1.258 E.14184
G1 X27.205 Y-.366 E.15226
G1 X24.066 Y.429 E.15226
G1 X20.904 Y1.126 E.15226
G1 X17.722 Y1.724 E.15226
G1 X14.523 Y2.224 E.15225
G1 X11.31 Y2.625 E.15226
G1 X8.087 Y2.926 E.15226
G1 X4.855 Y3.126 E.15226
G1 X1.619 Y3.227 E.15225
G1 X-1.619 Y3.227 E.15226
G1 X-4.855 Y3.126 E.15225
G1 X-8.087 Y2.926 E.15226
G1 X-11.31 Y2.625 E.15226
G1 X-14.523 Y2.224 E.15226
G1 X-17.722 Y1.724 E.15225
G1 X-20.904 Y1.126 E.15226
G1 X-24.066 Y.429 E.15226
G1 X-27.205 Y-.366 E.15226
G1 X-30.317 Y-1.258 E.15226
G1 X-33.19 Y-2.178 E.14184
G1 X-33.19 Y-3.11 E.0438
G1 X-30.502 Y-2.235 E.13294
G1 X-27.373 Y-1.324 E.15325
G1 X-24.217 Y-.512 E.15325
G1 X-21.036 Y.2 E.15325
G1 X-17.835 Y.812 E.15325
G1 X-14.617 Y1.322 E.15325
G1 X-11.384 Y1.732 E.15325
G1 X-8.139 Y2.039 E.15325
G1 X-4.887 Y2.244 E.15325
G1 X-1.629 Y2.346 E.15325
G1 X1.629 Y2.346 E.15325
G1 X4.887 Y2.244 E.15325
G1 X8.139 Y2.039 E.15325
G1 X11.384 Y1.732 E.15325
G1 X14.617 Y1.322 E.15325
G1 X17.835 Y.812 E.15325
G1 X21.036 Y.2 E.15325
G1 X24.217 Y-.512 E.15325
G1 X27.373 Y-1.324 E.15325
G1 X30.502 Y-2.235 E.15325
G1 X33.156 Y-3.098 E.13125
SET_VELOCITY_LIMIT ACCEL=10000
G1 X32.901 Y-2.55 F30000
;TYPE:Gap infill
;WIDTH:0.345888
G1 F2051
G1 X30.189 Y-1.682 E.07032
G1 X27.49 Y-.903 E.06934
G1 X24.321 Y-.087 E.08079
G1 X21.123 Y.629 E.08091
G1 X17.647 Y1.289 E.08734
G1 X14.462 Y1.787 E.0796
G1 X11.434 Y2.167 E.07534
G1 X8.176 Y2.476 E.0808
G1 X4.905 Y2.683 E.08091
G1 X1.612 Y2.786 E.08134
G1 X-1.639 Y2.786 E.08026
G1 X-4.835 Y2.686 E.07894
G1 X-8.053 Y2.486 E.0796
G1 X-11.429 Y2.168 E.08374
G1 X-14.681 Y1.756 E.08091
G1 X-17.913 Y1.243 E.0808
G1 X-20.816 Y.692 E.07294
G1 X-23.964 Y-.002 E.0796
G1 X-27.49 Y-.903 E.08985
G1 X-30.189 Y-1.682 E.06934
G1 X-32.901 Y-2.55 E.07032
;LAYER_CHANGE
;Z:8.66
;HEIGHT:0.2
;BEFORE_LAYER_CHANGE
;8.66
G1 E-1.2 F2100
;WIPE_START
G1 F9000
G1 X-30.997 Y-1.941
;WIPE_END
;AFTER_LAYER_CHANGE
;8.66
;_SET_FAN_SPEED_CHANGING_LAYER
G17
G3 Z9.06 I.022 J1.217 P1  F30000
G1 X33.19 Y-3.11 Z9.06
G1 Z8.66
G1 E1.2 F2100
SET_VELOCITY_LIMIT ACCEL=5000
;TYPE:Outer wall
;WIDTH:0.62
G1 F2051
G1 X33.19 Y-2.178 E.0438
G1 X30.317 Y-1.258 E.14184
G1 X27.205 Y-.366 E.15226
G1 X24.066 Y.429 E.15226
G1 X20.904 Y1.126 E.15226
G1 X17.722 Y1.724 E.15226
G1 X14.523 Y2.224 E.15225
G1 X11.31 Y2.625 E.15226
G1 X8.087 Y2.926 E.15226
G1 X4.855 Y3.126 E.15226
G1 X1.619 Y3.227 E.15225
G1 X-1.619 Y3.227 E.15226
G1 X-4.855 Y3.126 E.15225
G1 X-8.087 Y2.926 E.15226
G1 X-11.31 Y2.625 E.15226
G1 X-14.523 Y2.224 E.15226
G1 X-17.722 Y1.724 E.15225
G1 X-20.904 Y1.126 E.15226
G1 X-24.066 Y.429 E.15226
G1 X-27.205 Y-.366 E.15226
G1 X-30.317 Y-1.258 E.15226
G1 X-33.19 Y-2.178 E.14184
G1 X-33.19 Y-3.11 E.0438
G1 X-30.502 Y-2.235 E.13294
G1 X-27.373 Y-1.324 E.15325
G1 X-24.217 Y-.512 E.15325
G1 X-21.036 Y.2 E.15325
G1 X-17.835 Y.812 E.15325
M73 P22 R20
G1 X-14.617 Y1.322 E.15325
G1 X-11.384 Y1.732 E.15325
G1 X-10.854 Y1.782 E.02502
G1 X-8.139 Y2.039 E.12823
G1 X-4.887 Y2.244 E.15325
G1 X-1.629 Y2.346 E.15325
G1 X1.629 Y2.346 E.15325
G1 X4.887 Y2.244 E.15325
G1 X8.139 Y2.039 E.15325
G1 X11.384 Y1.732 E.15325
G1 X14.617 Y1.322 E.15325
G1 X17.835 Y.812 E.15325
G1 X21.036 Y.2 E.15325
G1 X24.217 Y-.512 E.15325
G1 X27.373 Y-1.324 E.15325
G1 X30.502 Y-2.235 E.15325
G1 X33.156 Y-3.098 E.13125
SET_VELOCITY_LIMIT ACCEL=10000
G1 X32.901 Y-2.55 F30000
;TYPE:Gap infill
;WIDTH:0.345888
G1 F2051
G1 X30.189 Y-1.682 E.07032
G1 X27.49 Y-.903 E.06934
G1 X23.964 Y-.002 E.08985
G1 X20.816 Y.692 E.0796
G1 X17.913 Y1.243 E.07294
G1 X14.681 Y1.756 E.0808
G1 X11.429 Y2.168 E.08091
G1 X8.053 Y2.486 E.08374
G1 X4.835 Y2.686 E.0796
G1 X1.639 Y2.786 E.07894
G1 X-1.612 Y2.786 E.08026
G1 X-4.905 Y2.683 E.08134
G1 X-8.176 Y2.476 E.08091
G1 X-11.434 Y2.167 E.0808
G1 X-14.462 Y1.787 E.07534
G1 X-17.647 Y1.289 E.0796
G1 X-21.123 Y.629 E.08734
G1 X-24.321 Y-.087 E.08091
G1 X-27.49 Y-.903 E.08079
G1 X-30.189 Y-1.682 E.06934
G1 X-32.901 Y-2.55 E.07032
;LAYER_CHANGE
;Z:8.86
;HEIGHT:0.2
;BEFORE_LAYER_CHANGE
;8.86
G1 E-1.2 F2100
;WIPE_START
G1 F9000
G1 X-30.997 Y-1.941
;WIPE_END
;AFTER_LAYER_CHANGE
;8.86
;_SET_FAN_SPEED_CHANGING_LAYER
G17
G3 Z9.26 I.022 J1.217 P1  F30000
G1 X33.19 Y-3.11 Z9.26
G1 Z8.86
G1 E1.2 F2100
SET_VELOCITY_LIMIT ACCEL=5000
;TYPE:Outer wall
;WIDTH:0.62
G1 F2051
G1 X33.19 Y-2.178 E.0438
G1 X30.317 Y-1.258 E.14184
G1 X27.205 Y-.366 E.15226
G1 X24.066 Y.429 E.15226
G1 X20.904 Y1.126 E.15226
G1 X17.722 Y1.724 E.15226
G1 X14.523 Y2.224 E.15225
G1 X11.31 Y2.625 E.15226
G1 X8.087 Y2.926 E.15226
G1 X4.855 Y3.126 E.15226
G1 X1.619 Y3.227 E.15225
G1 X-1.619 Y3.227 E.15226
G1 X-4.855 Y3.126 E.15225
G1 X-8.087 Y2.926 E.15226
G1 X-11.31 Y2.625 E.15226
G1 X-14.523 Y2.224 E.15226
G1 X-17.722 Y1.724 E.15225
G1 X-20.904 Y1.126 E.15226
G1 X-24.066 Y.429 E.15226
G1 X-27.205 Y-.366 E.15226
G1 X-30.317 Y-1.258 E.15226
G1 X-33.19 Y-2.178 E.14184
G1 X-33.19 Y-3.11 E.0438
G1 X-30.502 Y-2.235 E.13294
G1 X-27.373 Y-1.324 E.15325
G1 X-24.217 Y-.512 E.15325
G1 X-21.036 Y.2 E.15325
G1 X-17.835 Y.812 E.15325
G1 X-14.617 Y1.322 E.15325
G1 X-11.384 Y1.732 E.15325
G1 X-8.139 Y2.039 E.15325
G1 X-4.887 Y2.244 E.15325
G1 X-1.629 Y2.346 E.15325
G1 X1.629 Y2.346 E.15325
G1 X4.887 Y2.244 E.15325
G1 X8.139 Y2.039 E.15325
G1 X11.384 Y1.732 E.15325
G1 X14.617 Y1.322 E.15325
G1 X17.835 Y.812 E.15325
G1 X21.036 Y.2 E.15325
G1 X24.217 Y-.512 E.15325
G1 X27.373 Y-1.324 E.15325
G1 X30.502 Y-2.235 E.15325
G1 X33.156 Y-3.098 E.13125
SET_VELOCITY_LIMIT ACCEL=10000
G1 X32.901 Y-2.55 F30000
;TYPE:Gap infill
;WIDTH:0.345898
G1 F2051
G1 X30.189 Y-1.682 E.07032
G1 X27.49 Y-.903 E.06934
G1 X23.964 Y-.002 E.08986
G1 X20.816 Y.692 E.0796
G1 X17.913 Y1.243 E.07294
G1 X14.681 Y1.756 E.0808
G1 X11.429 Y2.168 E.08092
G1 X8.053 Y2.486 E.08374
G1 X4.835 Y2.686 E.0796
G1 X1.639 Y2.786 E.07894
G1 X-1.612 Y2.786 E.08026
G1 X-4.905 Y2.683 E.08134
G1 X-8.176 Y2.476 E.08092
G1 X-11.434 Y2.167 E.0808
G1 X-14.462 Y1.787 E.07534
G1 X-17.647 Y1.289 E.0796
G1 X-21.123 Y.629 E.08734
G1 X-24.321 Y-.087 E.08092
G1 X-27.49 Y-.903 E.0808
G1 X-30.189 Y-1.682 E.06934
G1 X-32.901 Y-2.55 E.07032
;LAYER_CHANGE
;Z:9.06
;HEIGHT:0.200001
;BEFORE_LAYER_CHANGE
;9.06
G1 E-1.2 F2100
;WIPE_START
G1 F9000
G1 X-30.997 Y-1.941
;WIPE_END
;AFTER_LAYER_CHANGE
;9.06
;_SET_FAN_SPEED_CHANGING_LAYER
G17
G3 Z9.46 I.022 J1.217 P1  F30000
G1 X33.19 Y-3.11 Z9.46
G1 Z9.06
G1 E1.2 F2100
SET_VELOCITY_LIMIT ACCEL=5000
;TYPE:Outer wall
;WIDTH:0.62
G1 F2051
G1 X33.19 Y-2.178 E.0438
G1 X30.317 Y-1.258 E.14184
G1 X27.205 Y-.366 E.15226
G1 X24.066 Y.429 E.15226
M73 P22 R19
G1 X20.904 Y1.126 E.15226
G1 X17.722 Y1.724 E.15226
G1 X14.523 Y2.224 E.15225
G1 X11.31 Y2.625 E.15226
G1 X8.087 Y2.926 E.15226
G1 X4.855 Y3.126 E.15226
G1 X1.619 Y3.227 E.15225
G1 X-1.619 Y3.227 E.15226
G1 X-4.855 Y3.126 E.15225
G1 X-8.087 Y2.926 E.15226
G1 X-11.31 Y2.625 E.15226
G1 X-14.523 Y2.224 E.15226
G1 X-17.722 Y1.724 E.15225
G1 X-20.904 Y1.126 E.15226
G1 X-24.066 Y.429 E.15226
G1 X-27.205 Y-.366 E.15226
G1 X-30.317 Y-1.258 E.15226
G1 X-33.19 Y-2.178 E.14184
G1 X-33.19 Y-3.11 E.0438
G1 X-30.502 Y-2.235 E.13294
G1 X-27.373 Y-1.324 E.15325
G1 X-24.217 Y-.512 E.15325
G1 X-21.036 Y.2 E.15325
G1 X-17.835 Y.812 E.15325
G1 X-14.617 Y1.322 E.15325
G1 X-11.384 Y1.732 E.15325
G1 X-8.139 Y2.039 E.15325
G1 X-4.887 Y2.244 E.15325
G1 X-1.629 Y2.346 E.15325
G1 X1.629 Y2.346 E.15325
G1 X4.887 Y2.244 E.15325
G1 X8.139 Y2.039 E.15325
G1 X11.384 Y1.732 E.15325
G1 X14.617 Y1.322 E.15325
G1 X17.835 Y.812 E.15325
G1 X21.036 Y.2 E.15325
G1 X24.217 Y-.512 E.15325
G1 X27.373 Y-1.324 E.15325
G1 X30.502 Y-2.235 E.15325
G1 X33.156 Y-3.098 E.13125
SET_VELOCITY_LIMIT ACCEL=10000
G1 X32.901 Y-2.55 F30000
;TYPE:Gap infill
;WIDTH:0.345888
G1 F2051
G1 X30.189 Y-1.682 E.07032
G1 X27.49 Y-.903 E.06934
G1 X24.321 Y-.087 E.08079
G1 X21.123 Y.629 E.08091
G1 X17.647 Y1.289 E.08734
G1 X14.462 Y1.787 E.0796
G1 X11.434 Y2.167 E.07534
G1 X8.176 Y2.476 E.0808
G1 X4.905 Y2.683 E.08091
G1 X1.612 Y2.786 E.08134
G1 X-1.639 Y2.786 E.08026
G1 X-4.835 Y2.686 E.07894
G1 X-8.053 Y2.486 E.0796
M73 P23 R19
G1 X-11.429 Y2.168 E.08374
G1 X-14.681 Y1.756 E.08091
G1 X-17.913 Y1.243 E.0808
G1 X-20.816 Y.692 E.07294
G1 X-23.964 Y-.002 E.0796
G1 X-27.49 Y-.903 E.08985
G1 X-30.189 Y-1.682 E.06934
G1 X-32.901 Y-2.55 E.07032
;LAYER_CHANGE
;Z:9.26
;HEIGHT:0.2
;BEFORE_LAYER_CHANGE
;9.26
G1 E-1.2 F2100
;WIPE_START
G1 F9000
G1 X-30.997 Y-1.941
;WIPE_END
;AFTER_LAYER_CHANGE
;9.26
;_SET_FAN_SPEED_CHANGING_LAYER
G17
G3 Z9.66 I.022 J1.217 P1  F30000
G1 X33.19 Y-3.11 Z9.66
G1 Z9.26
G1 E1.2 F2100
SET_VELOCITY_LIMIT ACCEL=5000
;TYPE:Outer wall
;WIDTH:0.62
G1 F2051
G1 X33.19 Y-2.178 E.0438
G1 X30.317 Y-1.258 E.14184
G1 X27.205 Y-.366 E.15226
G1 X24.066 Y.429 E.15226
G1 X20.904 Y1.126 E.15226
G1 X17.722 Y1.724 E.15226
G1 X14.523 Y2.224 E.15225
G1 X11.31 Y2.625 E.15226
G1 X8.087 Y2.926 E.15226
G1 X4.855 Y3.126 E.15226
G1 X1.619 Y3.227 E.15225
G1 X-1.619 Y3.227 E.15226
G1 X-4.855 Y3.126 E.15225
G1 X-8.087 Y2.926 E.15226
G1 X-11.31 Y2.625 E.15226
G1 X-14.523 Y2.224 E.15226
G1 X-17.722 Y1.724 E.15225
G1 X-20.904 Y1.126 E.15226
G1 X-24.066 Y.429 E.15226
G1 X-27.205 Y-.366 E.15226
G1 X-30.317 Y-1.258 E.15226
G1 X-33.19 Y-2.178 E.14184
G1 X-33.19 Y-3.11 E.0438
G1 X-30.502 Y-2.235 E.13294
G1 X-27.373 Y-1.324 E.15325
G1 X-24.217 Y-.512 E.15325
G1 X-21.036 Y.2 E.15325
G1 X-17.835 Y.812 E.15325
G1 X-14.617 Y1.322 E.15325
G1 X-11.384 Y1.732 E.15325
G1 X-10.811 Y1.786 E.02705
G1 X-8.139 Y2.039 E.1262
G1 X-4.887 Y2.244 E.15325
G1 X-1.629 Y2.346 E.15325
G1 X1.629 Y2.346 E.15325
G1 X4.887 Y2.244 E.15325
G1 X8.139 Y2.039 E.15325
G1 X11.384 Y1.732 E.15325
G1 X14.617 Y1.322 E.15325
G1 X17.835 Y.812 E.15325
G1 X21.036 Y.2 E.15325
G1 X24.217 Y-.512 E.15325
G1 X27.373 Y-1.324 E.15325
G1 X30.502 Y-2.235 E.15325
G1 X33.156 Y-3.098 E.13125
SET_VELOCITY_LIMIT ACCEL=10000
G1 X32.901 Y-2.55 F30000
;TYPE:Gap infill
;WIDTH:0.345887
G1 F2051
G1 X30.189 Y-1.682 E.07032
G1 X27.49 Y-.903 E.06934
G1 X24.321 Y-.087 E.08079
G1 X21.123 Y.629 E.08091
G1 X17.647 Y1.289 E.08734
G1 X14.462 Y1.787 E.0796
G1 X11.434 Y2.167 E.07534
G1 X8.176 Y2.476 E.0808
G1 X4.905 Y2.683 E.08091
G1 X1.612 Y2.786 E.08134
G1 X-1.639 Y2.786 E.08026
G1 X-4.835 Y2.686 E.07894
G1 X-8.053 Y2.486 E.0796
G1 X-11.429 Y2.168 E.08374
G1 X-14.681 Y1.756 E.08091
G1 X-17.913 Y1.243 E.0808
G1 X-20.816 Y.692 E.07294
G1 X-23.964 Y-.002 E.0796
G1 X-27.49 Y-.903 E.08985
G1 X-30.189 Y-1.682 E.06934
G1 X-32.901 Y-2.55 E.07032
;LAYER_CHANGE
;Z:9.46
;HEIGHT:0.2
;BEFORE_LAYER_CHANGE
;9.46
G1 E-1.2 F2100
;WIPE_START
G1 F9000
G1 X-30.997 Y-1.941
;WIPE_END
;AFTER_LAYER_CHANGE
;9.46
;_SET_FAN_SPEED_CHANGING_LAYER
G17
G3 Z9.86 I.022 J1.217 P1  F30000
G1 X33.19 Y-3.11 Z9.86
G1 Z9.46
G1 E1.2 F2100
SET_VELOCITY_LIMIT ACCEL=5000
;TYPE:Outer wall
;WIDTH:0.62
G1 F2051
G1 X33.19 Y-2.178 E.0438
G1 X30.317 Y-1.258 E.14184
G1 X27.205 Y-.366 E.15226
G1 X24.066 Y.429 E.15226
G1 X20.904 Y1.126 E.15226
G1 X17.722 Y1.724 E.15226
G1 X14.523 Y2.224 E.15225
G1 X11.31 Y2.625 E.15226
G1 X8.087 Y2.926 E.15226
G1 X4.855 Y3.126 E.15226
G1 X1.619 Y3.227 E.15225
G1 X-1.619 Y3.227 E.15226
G1 X-4.855 Y3.126 E.15225
G1 X-8.087 Y2.926 E.15226
G1 X-11.31 Y2.625 E.15226
G1 X-14.523 Y2.224 E.15226
G1 X-17.722 Y1.724 E.15225
G1 X-20.904 Y1.126 E.15226
G1 X-24.066 Y.429 E.15226
G1 X-27.205 Y-.366 E.15226
G1 X-30.317 Y-1.258 E.15226
G1 X-33.19 Y-2.178 E.14184
G1 X-33.19 Y-3.11 E.0438
G1 X-30.502 Y-2.235 E.13294
G1 X-27.373 Y-1.324 E.15325
G1 X-24.217 Y-.512 E.15325
G1 X-21.036 Y.2 E.15325
G1 X-17.835 Y.812 E.15325
G1 X-14.617 Y1.322 E.15325
G1 X-11.384 Y1.732 E.15325
G1 X-8.139 Y2.039 E.15325
G1 X-4.887 Y2.244 E.15325
G1 X-1.629 Y2.346 E.15325
G1 X1.629 Y2.346 E.15325
G1 X4.887 Y2.244 E.15325
G1 X8.139 Y2.039 E.15325
G1 X11.384 Y1.732 E.15325
G1 X14.617 Y1.322 E.15325
G1 X17.835 Y.812 E.15325
G1 X21.036 Y.2 E.15325
G1 X24.217 Y-.512 E.15325
G1 X27.373 Y-1.324 E.15325
G1 X30.502 Y-2.235 E.15325
G1 X33.156 Y-3.098 E.13125
SET_VELOCITY_LIMIT ACCEL=10000
G1 X32.901 Y-2.55 F30000
;TYPE:Gap infill
;WIDTH:0.345887
G1 F2051
G1 X30.189 Y-1.682 E.07032
G1 X27.49 Y-.903 E.06934
G1 X23.964 Y-.002 E.08985
G1 X20.816 Y.692 E.0796
G1 X17.913 Y1.243 E.07294
G1 X14.681 Y1.756 E.0808
G1 X11.429 Y2.168 E.08091
G1 X8.053 Y2.486 E.08374
G1 X4.835 Y2.686 E.0796
G1 X1.639 Y2.786 E.07894
G1 X-1.612 Y2.786 E.08026
G1 X-4.905 Y2.683 E.08134
G1 X-8.176 Y2.476 E.08091
G1 X-11.434 Y2.167 E.0808
G1 X-14.462 Y1.787 E.07534
G1 X-17.647 Y1.289 E.0796
G1 X-21.123 Y.629 E.08734
G1 X-24.321 Y-.087 E.08091
G1 X-27.49 Y-.903 E.08079
G1 X-30.189 Y-1.682 E.06934
G1 X-32.901 Y-2.55 E.07032
;LAYER_CHANGE
;Z:9.66
;HEIGHT:0.2
;BEFORE_LAYER_CHANGE
;9.66
G1 E-1.2 F2100
;WIPE_START
G1 F9000
G1 X-30.997 Y-1.941
;WIPE_END
;AFTER_LAYER_CHANGE
;9.66
;_SET_FAN_SPEED_CHANGING_LAYER
G17
G3 Z10.06 I.022 J1.217 P1  F30000
G1 X33.19 Y-3.11 Z10.06
G1 Z9.66
G1 E1.2 F2100
SET_VELOCITY_LIMIT ACCEL=5000
;TYPE:Outer wall
;WIDTH:0.62
G1 F2051
G1 X33.19 Y-2.178 E.0438
G1 X30.317 Y-1.258 E.14184
G1 X27.205 Y-.366 E.15226
G1 X24.066 Y.429 E.15226
G1 X20.904 Y1.126 E.15226
G1 X17.722 Y1.724 E.15226
G1 X14.523 Y2.224 E.15225
G1 X11.31 Y2.625 E.15226
G1 X8.087 Y2.926 E.15226
G1 X4.855 Y3.126 E.15226
G1 X1.619 Y3.227 E.15225
G1 X-1.619 Y3.227 E.15226
G1 X-4.855 Y3.126 E.15225
G1 X-8.087 Y2.926 E.15226
G1 X-11.31 Y2.625 E.15226
G1 X-14.523 Y2.224 E.15226
M73 P24 R19
G1 X-17.722 Y1.724 E.15225
G1 X-20.904 Y1.126 E.15226
G1 X-24.066 Y.429 E.15226
G1 X-27.205 Y-.366 E.15226
G1 X-30.317 Y-1.258 E.15226
G1 X-33.19 Y-2.178 E.14184
G1 X-33.19 Y-3.11 E.0438
G1 X-30.502 Y-2.235 E.13294
G1 X-27.373 Y-1.324 E.15325
G1 X-24.217 Y-.512 E.15325
G1 X-21.036 Y.2 E.15325
G1 X-17.835 Y.812 E.15325
G1 X-14.617 Y1.322 E.15325
G1 X-11.384 Y1.732 E.15325
G1 X-8.139 Y2.039 E.15325
G1 X-4.887 Y2.244 E.15325
G1 X-1.629 Y2.346 E.15325
G1 X1.629 Y2.346 E.15325
G1 X4.887 Y2.244 E.15325
G1 X8.139 Y2.039 E.15325
G1 X11.384 Y1.732 E.15325
G1 X14.617 Y1.322 E.15325
G1 X17.835 Y.812 E.15325
G1 X21.036 Y.2 E.15325
G1 X24.217 Y-.512 E.15325
G1 X27.373 Y-1.324 E.15325
G1 X30.502 Y-2.235 E.15325
G1 X33.156 Y-3.098 E.13125
SET_VELOCITY_LIMIT ACCEL=10000
G1 X32.901 Y-2.55 F30000
;TYPE:Gap infill
;WIDTH:0.345887
G1 F2051
G1 X30.189 Y-1.682 E.07032
G1 X27.49 Y-.903 E.06934
G1 X23.964 Y-.002 E.08985
G1 X20.816 Y.692 E.0796
G1 X17.913 Y1.243 E.07294
G1 X14.681 Y1.756 E.0808
G1 X11.429 Y2.168 E.08091
G1 X8.053 Y2.486 E.08374
G1 X4.835 Y2.686 E.0796
G1 X1.639 Y2.786 E.07894
G1 X-1.612 Y2.786 E.08026
G1 X-4.905 Y2.683 E.08134
G1 X-8.176 Y2.476 E.08091
G1 X-11.434 Y2.167 E.0808
G1 X-14.462 Y1.787 E.07534
G1 X-17.647 Y1.289 E.0796
G1 X-21.123 Y.629 E.08734
G1 X-24.321 Y-.087 E.08091
G1 X-27.49 Y-.903 E.08079
G1 X-30.189 Y-1.682 E.06934
G1 X-32.901 Y-2.55 E.07032
;LAYER_CHANGE
;Z:9.86
;HEIGHT:0.2
;BEFORE_LAYER_CHANGE
;9.86
G1 E-1.2 F2100
;WIPE_START
G1 F9000
G1 X-30.997 Y-1.941
;WIPE_END
;AFTER_LAYER_CHANGE
;9.86
;_SET_FAN_SPEED_CHANGING_LAYER
G17
G3 Z10.26 I.022 J1.217 P1  F30000
G1 X33.19 Y-3.11 Z10.26
G1 Z9.86
G1 E1.2 F2100
SET_VELOCITY_LIMIT ACCEL=5000
;TYPE:Outer wall
;WIDTH:0.62
G1 F2051
G1 X33.19 Y-2.178 E.0438
G1 X30.317 Y-1.258 E.14184
G1 X27.205 Y-.366 E.15226
G1 X24.066 Y.429 E.15226
G1 X20.904 Y1.126 E.15226
G1 X17.722 Y1.724 E.15226
G1 X14.523 Y2.224 E.15225
G1 X11.31 Y2.625 E.15226
G1 X8.087 Y2.926 E.15226
G1 X4.855 Y3.126 E.15226
G1 X1.619 Y3.227 E.15225
G1 X-1.619 Y3.227 E.15226
G1 X-4.855 Y3.126 E.15225
G1 X-8.087 Y2.926 E.15226
G1 X-11.31 Y2.625 E.15226
G1 X-14.523 Y2.224 E.15226
G1 X-17.722 Y1.724 E.15225
G1 X-20.904 Y1.126 E.15226
G1 X-24.066 Y.429 E.15226
G1 X-27.205 Y-.366 E.15226
G1 X-30.317 Y-1.258 E.15226
G1 X-33.19 Y-2.178 E.14184
G1 X-33.19 Y-3.11 E.0438
G1 X-30.502 Y-2.235 E.13294
G1 X-27.373 Y-1.324 E.15325
G1 X-24.217 Y-.512 E.15325
G1 X-21.036 Y.2 E.15325
G1 X-17.835 Y.812 E.15325
G1 X-14.617 Y1.322 E.15325
G1 X-11.384 Y1.732 E.15325
G1 X-10.768 Y1.79 E.02909
G1 X-8.139 Y2.039 E.12416
G1 X-4.887 Y2.244 E.15325
G1 X-1.629 Y2.346 E.15325
G1 X1.629 Y2.346 E.15325
G1 X4.887 Y2.244 E.15325
G1 X8.139 Y2.039 E.15325
G1 X11.384 Y1.732 E.15325
G1 X14.617 Y1.322 E.15325
G1 X17.835 Y.812 E.15325
G1 X21.036 Y.2 E.15325
G1 X24.217 Y-.512 E.15325
G1 X27.373 Y-1.324 E.15325
G1 X30.502 Y-2.235 E.15325
G1 X33.156 Y-3.098 E.13125
SET_VELOCITY_LIMIT ACCEL=10000
G1 X32.901 Y-2.55 F30000
;TYPE:Gap infill
;WIDTH:0.345912
G1 F2051
G1 X30.189 Y-1.682 E.07032
G1 X27.49 Y-.903 E.06934
G1 X23.964 Y-.002 E.08986
G1 X20.816 Y.692 E.0796
G1 X17.913 Y1.243 E.07294
G1 X14.681 Y1.756 E.0808
G1 X11.429 Y2.168 E.08092
G1 X8.053 Y2.486 E.08374
G1 X4.835 Y2.686 E.07961
G1 X1.639 Y2.786 E.07894
G1 X-1.612 Y2.786 E.08026
G1 X-4.905 Y2.683 E.08135
G1 X-8.176 Y2.476 E.08092
G1 X-11.434 Y2.167 E.0808
G1 X-14.462 Y1.787 E.07534
G1 X-17.647 Y1.289 E.0796
G1 X-21.123 Y.629 E.08734
G1 X-24.321 Y-.087 E.08092
G1 X-27.49 Y-.903 E.0808
G1 X-30.189 Y-1.682 E.06934
G1 X-32.901 Y-2.55 E.07032
;LAYER_CHANGE
;Z:10.06
;HEIGHT:0.200001
;BEFORE_LAYER_CHANGE
;10.06
G1 E-1.2 F2100
;WIPE_START
G1 F9000
G1 X-30.997 Y-1.941
;WIPE_END
;AFTER_LAYER_CHANGE
;10.06
;_SET_FAN_SPEED_CHANGING_LAYER
G17
G3 Z10.46 I.022 J1.217 P1  F30000
G1 X33.19 Y-3.11 Z10.46
G1 Z10.06
G1 E1.2 F2100
SET_VELOCITY_LIMIT ACCEL=5000
;TYPE:Outer wall
;WIDTH:0.62
G1 F2051
G1 X33.19 Y-2.178 E.0438
G1 X30.317 Y-1.258 E.14184
G1 X27.205 Y-.366 E.15226
G1 X24.066 Y.429 E.15226
G1 X20.904 Y1.126 E.15226
G1 X17.722 Y1.724 E.15226
G1 X14.523 Y2.224 E.15225
G1 X11.31 Y2.625 E.15226
G1 X8.087 Y2.926 E.15226
G1 X4.855 Y3.126 E.15226
G1 X1.619 Y3.227 E.15225
G1 X-1.619 Y3.227 E.15226
G1 X-4.855 Y3.126 E.15225
G1 X-8.087 Y2.926 E.15226
G1 X-11.31 Y2.625 E.15226
G1 X-14.523 Y2.224 E.15226
G1 X-17.722 Y1.724 E.15225
G1 X-20.904 Y1.126 E.15226
G1 X-24.066 Y.429 E.15226
G1 X-27.205 Y-.366 E.15226
G1 X-30.317 Y-1.258 E.15226
G1 X-33.19 Y-2.178 E.14184
G1 X-33.19 Y-3.11 E.0438
G1 X-30.502 Y-2.235 E.13294
G1 X-27.373 Y-1.324 E.15325
G1 X-24.217 Y-.512 E.15325
G1 X-21.036 Y.2 E.15325
G1 X-17.835 Y.812 E.15325
G1 X-14.617 Y1.322 E.15325
G1 X-11.384 Y1.732 E.15325
G1 X-8.139 Y2.039 E.15325
G1 X-4.887 Y2.244 E.15325
G1 X-1.629 Y2.346 E.15325
G1 X1.629 Y2.346 E.15325
G1 X4.887 Y2.244 E.15325
G1 X8.139 Y2.039 E.15325
G1 X11.384 Y1.732 E.15325
G1 X14.617 Y1.322 E.15325
G1 X17.835 Y.812 E.15325
G1 X21.036 Y.2 E.15325
G1 X24.217 Y-.512 E.15325
G1 X27.373 Y-1.324 E.15325
G1 X30.502 Y-2.235 E.15325
G1 X33.156 Y-3.098 E.13125
SET_VELOCITY_LIMIT ACCEL=10000
G1 X32.901 Y-2.55 F30000
;TYPE:Gap infill
;WIDTH:0.345887
G1 F2051
M73 P25 R19
G1 X30.189 Y-1.682 E.07032
G1 X27.49 Y-.903 E.06934
G1 X24.321 Y-.087 E.08079
G1 X21.123 Y.629 E.08091
G1 X17.647 Y1.289 E.08734
G1 X14.462 Y1.787 E.0796
G1 X11.434 Y2.167 E.07534
G1 X8.176 Y2.476 E.0808
G1 X4.905 Y2.683 E.08091
G1 X1.612 Y2.786 E.08134
G1 X-1.639 Y2.786 E.08026
G1 X-4.835 Y2.686 E.07894
G1 X-8.053 Y2.486 E.0796
G1 X-11.429 Y2.168 E.08374
G1 X-14.681 Y1.756 E.08091
G1 X-17.913 Y1.243 E.0808
G1 X-20.816 Y.692 E.07294
G1 X-23.964 Y-.002 E.0796
G1 X-27.49 Y-.903 E.08985
G1 X-30.189 Y-1.682 E.06934
G1 X-32.901 Y-2.55 E.07032
;LAYER_CHANGE
;Z:10.26
;HEIGHT:0.2
;BEFORE_LAYER_CHANGE
;10.26
G1 E-1.2 F2100
;WIPE_START
G1 F9000
G1 X-30.997 Y-1.941
;WIPE_END
;AFTER_LAYER_CHANGE
;10.26
;_SET_FAN_SPEED_CHANGING_LAYER
G17
G3 Z10.66 I.022 J1.217 P1  F30000
G1 X33.19 Y-3.11 Z10.66
G1 Z10.26
G1 E1.2 F2100
SET_VELOCITY_LIMIT ACCEL=5000
;TYPE:Outer wall
;WIDTH:0.62
G1 F2051
G1 X33.19 Y-2.178 E.0438
G1 X30.317 Y-1.258 E.14184
G1 X27.205 Y-.366 E.15226
G1 X24.066 Y.429 E.15226
G1 X20.904 Y1.126 E.15226
G1 X17.722 Y1.724 E.15226
G1 X14.523 Y2.224 E.15225
G1 X11.31 Y2.625 E.15226
G1 X8.087 Y2.926 E.15226
G1 X4.855 Y3.126 E.15226
G1 X1.619 Y3.227 E.15225
G1 X-1.619 Y3.227 E.15226
G1 X-4.855 Y3.126 E.15225
G1 X-8.087 Y2.926 E.15226
G1 X-11.31 Y2.625 E.15226
G1 X-14.523 Y2.224 E.15226
G1 X-17.722 Y1.724 E.15225
G1 X-20.904 Y1.126 E.15226
G1 X-24.066 Y.429 E.15226
G1 X-27.205 Y-.366 E.15226
G1 X-30.317 Y-1.258 E.15226
G1 X-33.19 Y-2.178 E.14184
G1 X-33.19 Y-3.11 E.0438
G1 X-30.502 Y-2.235 E.13294
G1 X-27.373 Y-1.324 E.15325
G1 X-24.217 Y-.512 E.15325
G1 X-21.036 Y.2 E.15325
G1 X-17.835 Y.812 E.15325
G1 X-14.617 Y1.322 E.15325
G1 X-11.384 Y1.732 E.15325
G1 X-8.139 Y2.039 E.15325
G1 X-4.887 Y2.244 E.15325
G1 X-1.629 Y2.346 E.15325
G1 X1.629 Y2.346 E.15325
G1 X4.887 Y2.244 E.15325
G1 X8.139 Y2.039 E.15325
G1 X11.384 Y1.732 E.15325
G1 X14.617 Y1.322 E.15325
G1 X17.835 Y.812 E.15325
G1 X21.036 Y.2 E.15325
G1 X24.217 Y-.512 E.15325
G1 X27.373 Y-1.324 E.15325
G1 X30.502 Y-2.235 E.15325
G1 X33.156 Y-3.098 E.13125
SET_VELOCITY_LIMIT ACCEL=10000
G1 X32.901 Y-2.55 F30000
;TYPE:Gap infill
;WIDTH:0.345886
G1 F2051
G1 X30.189 Y-1.682 E.07032
G1 X27.49 Y-.903 E.06934
G1 X23.964 Y-.002 E.08985
G1 X20.816 Y.692 E.0796
G1 X17.913 Y1.243 E.07294
G1 X14.681 Y1.756 E.0808
G1 X11.429 Y2.168 E.08091
G1 X8.053 Y2.486 E.08374
G1 X4.835 Y2.686 E.0796
G1 X1.639 Y2.786 E.07894
G1 X-1.612 Y2.786 E.08026
G1 X-4.905 Y2.683 E.08134
G1 X-8.176 Y2.476 E.08091
G1 X-11.434 Y2.167 E.0808
G1 X-14.462 Y1.787 E.07534
G1 X-17.647 Y1.289 E.0796
G1 X-21.123 Y.629 E.08734
G1 X-24.321 Y-.087 E.08091
G1 X-27.49 Y-.903 E.08079
G1 X-30.189 Y-1.682 E.06934
G1 X-32.901 Y-2.55 E.07032
;LAYER_CHANGE
;Z:10.46
;HEIGHT:0.2
;BEFORE_LAYER_CHANGE
;10.46
G1 E-1.2 F2100
;WIPE_START
G1 F9000
G1 X-30.997 Y-1.941
;WIPE_END
;AFTER_LAYER_CHANGE
;10.46
;_SET_FAN_SPEED_CHANGING_LAYER
G17
G3 Z10.86 I.022 J1.217 P1  F30000
G1 X33.19 Y-3.11 Z10.86
G1 Z10.46
G1 E1.2 F2100
SET_VELOCITY_LIMIT ACCEL=5000
;TYPE:Outer wall
;WIDTH:0.62
G1 F2051
G1 X33.19 Y-2.178 E.0438
G1 X30.317 Y-1.258 E.14184
G1 X27.205 Y-.366 E.15226
G1 X24.066 Y.429 E.15226
G1 X20.904 Y1.126 E.15226
G1 X17.722 Y1.724 E.15226
G1 X14.523 Y2.224 E.15225
G1 X11.31 Y2.625 E.15226
G1 X8.087 Y2.926 E.15226
G1 X4.855 Y3.126 E.15226
G1 X1.619 Y3.227 E.15225
G1 X-1.619 Y3.227 E.15226
G1 X-4.855 Y3.126 E.15225
G1 X-8.087 Y2.926 E.15226
G1 X-11.31 Y2.625 E.15226
G1 X-14.523 Y2.224 E.15226
G1 X-17.722 Y1.724 E.15225
G1 X-20.904 Y1.126 E.15226
G1 X-24.066 Y.429 E.15226
G1 X-27.205 Y-.366 E.15226
G1 X-30.317 Y-1.258 E.15226
G1 X-33.19 Y-2.178 E.14184
G1 X-33.19 Y-3.11 E.0438
G1 X-30.502 Y-2.235 E.13294
G1 X-27.373 Y-1.324 E.15325
G1 X-24.217 Y-.512 E.15325
G1 X-21.036 Y.2 E.15325
G1 X-17.835 Y.812 E.15325
G1 X-14.617 Y1.322 E.15325
G1 X-11.384 Y1.732 E.15325
G1 X-10.725 Y1.794 E.03113
G1 X-8.139 Y2.039 E.12212
G1 X-4.887 Y2.244 E.15325
G1 X-1.629 Y2.346 E.15325
G1 X1.629 Y2.346 E.15325
G1 X4.887 Y2.244 E.15325
G1 X8.139 Y2.039 E.15325
G1 X11.384 Y1.732 E.15325
G1 X14.617 Y1.322 E.15325
G1 X17.835 Y.812 E.15325
G1 X21.036 Y.2 E.15325
G1 X24.217 Y-.512 E.15325
G1 X27.373 Y-1.324 E.15325
G1 X30.502 Y-2.235 E.15325
G1 X33.156 Y-3.098 E.13125
SET_VELOCITY_LIMIT ACCEL=10000
G1 X32.901 Y-2.55 F30000
;TYPE:Gap infill
;WIDTH:0.345913
G1 F2051
G1 X30.189 Y-1.682 E.07032
G1 X27.49 Y-.903 E.06934
G1 X23.964 Y-.002 E.08986
G1 X20.816 Y.692 E.0796
G1 X17.913 Y1.243 E.07294
G1 X14.681 Y1.756 E.0808
G1 X11.429 Y2.168 E.08092
G1 X8.053 Y2.486 E.08374
G1 X4.835 Y2.686 E.07961
G1 X1.639 Y2.786 E.07895
G1 X-1.612 Y2.786 E.08026
G1 X-4.905 Y2.683 E.08135
G1 X-8.176 Y2.476 E.08092
G1 X-11.434 Y2.167 E.0808
G1 X-14.462 Y1.787 E.07535
G1 X-17.647 Y1.289 E.0796
G1 X-21.123 Y.629 E.08735
G1 X-24.321 Y-.087 E.08092
G1 X-27.49 Y-.903 E.0808
G1 X-30.189 Y-1.682 E.06935
G1 X-32.901 Y-2.55 E.07032
;LAYER_CHANGE
;Z:10.66
;HEIGHT:0.2
;BEFORE_LAYER_CHANGE
;10.66
G1 E-1.2 F2100
;WIPE_START
G1 F9000
G1 X-30.997 Y-1.941
;WIPE_END
;AFTER_LAYER_CHANGE
;10.66
;_SET_FAN_SPEED_CHANGING_LAYER
G17
G3 Z11.06 I.022 J1.217 P1  F30000
G1 X33.19 Y-3.11 Z11.06
G1 Z10.66
G1 E1.2 F2100
SET_VELOCITY_LIMIT ACCEL=5000
;TYPE:Outer wall
;WIDTH:0.62
G1 F2051
G1 X33.19 Y-2.178 E.0438
G1 X30.317 Y-1.258 E.14184
G1 X27.205 Y-.366 E.15226
G1 X24.066 Y.429 E.15226
G1 X20.904 Y1.126 E.15226
M73 P26 R19
G1 X17.722 Y1.724 E.15226
G1 X14.523 Y2.224 E.15225
G1 X11.31 Y2.625 E.15226
G1 X8.087 Y2.926 E.15226
G1 X4.855 Y3.126 E.15226
G1 X1.619 Y3.227 E.15225
G1 X-1.619 Y3.227 E.15226
G1 X-4.855 Y3.126 E.15225
G1 X-8.087 Y2.926 E.15226
G1 X-11.31 Y2.625 E.15226
G1 X-14.523 Y2.224 E.15226
G1 X-17.722 Y1.724 E.15225
G1 X-20.904 Y1.126 E.15226
G1 X-24.066 Y.429 E.15226
G1 X-27.205 Y-.366 E.15226
G1 X-30.317 Y-1.258 E.15226
G1 X-33.19 Y-2.178 E.14184
G1 X-33.19 Y-3.11 E.0438
G1 X-30.502 Y-2.235 E.13294
G1 X-27.373 Y-1.324 E.15325
G1 X-24.217 Y-.512 E.15325
G1 X-21.036 Y.2 E.15325
G1 X-17.835 Y.812 E.15325
G1 X-14.617 Y1.322 E.15325
G1 X-11.384 Y1.732 E.15325
G1 X-8.139 Y2.039 E.15325
G1 X-4.887 Y2.244 E.15325
G1 X-1.629 Y2.346 E.15325
G1 X1.629 Y2.346 E.15325
G1 X4.887 Y2.244 E.15325
G1 X8.139 Y2.039 E.15325
G1 X11.384 Y1.732 E.15325
G1 X14.617 Y1.322 E.15325
G1 X17.835 Y.812 E.15325
G1 X21.036 Y.2 E.15325
G1 X24.217 Y-.512 E.15325
G1 X27.373 Y-1.324 E.15325
G1 X30.502 Y-2.235 E.15325
G1 X33.156 Y-3.098 E.13125
SET_VELOCITY_LIMIT ACCEL=10000
G1 X32.901 Y-2.55 F30000
;TYPE:Gap infill
;WIDTH:0.345886
G1 F2051
G1 X30.189 Y-1.682 E.07032
G1 X27.49 Y-.903 E.06934
G1 X23.964 Y-.002 E.08985
G1 X20.816 Y.692 E.07959
G1 X17.913 Y1.243 E.07294
G1 X14.681 Y1.756 E.0808
G1 X11.429 Y2.168 E.08091
G1 X8.053 Y2.486 E.08374
G1 X4.835 Y2.686 E.0796
G1 X1.639 Y2.786 E.07894
G1 X-1.612 Y2.786 E.08026
G1 X-4.905 Y2.683 E.08134
G1 X-8.176 Y2.476 E.08091
G1 X-11.434 Y2.167 E.0808
G1 X-14.462 Y1.787 E.07534
G1 X-17.647 Y1.289 E.0796
G1 X-21.123 Y.629 E.08734
G1 X-24.321 Y-.087 E.08091
G1 X-27.49 Y-.903 E.08079
G1 X-30.189 Y-1.682 E.06934
G1 X-32.901 Y-2.55 E.07032
;LAYER_CHANGE
;Z:10.86
;HEIGHT:0.2
;BEFORE_LAYER_CHANGE
;10.86
G1 E-1.2 F2100
;WIPE_START
G1 F9000
G1 X-30.997 Y-1.941
;WIPE_END
;AFTER_LAYER_CHANGE
;10.86
;_SET_FAN_SPEED_CHANGING_LAYER
G17
G3 Z11.26 I.022 J1.217 P1  F30000
G1 X33.19 Y-3.11 Z11.26
G1 Z10.86
G1 E1.2 F2100
SET_VELOCITY_LIMIT ACCEL=5000
;TYPE:Outer wall
;WIDTH:0.62
G1 F2051
G1 X33.19 Y-2.178 E.0438
G1 X30.317 Y-1.258 E.14184
G1 X27.205 Y-.366 E.15226
G1 X24.066 Y.429 E.15226
G1 X20.904 Y1.126 E.15226
G1 X17.722 Y1.724 E.15226
G1 X14.523 Y2.224 E.15225
G1 X11.31 Y2.625 E.15226
G1 X8.087 Y2.926 E.15226
G1 X4.855 Y3.126 E.15226
G1 X1.619 Y3.227 E.15225
G1 X-1.619 Y3.227 E.15226
G1 X-4.855 Y3.126 E.15225
G1 X-8.087 Y2.926 E.15226
G1 X-11.31 Y2.625 E.15226
G1 X-14.523 Y2.224 E.15226
G1 X-17.722 Y1.724 E.15225
G1 X-20.904 Y1.126 E.15226
G1 X-24.066 Y.429 E.15226
G1 X-27.205 Y-.366 E.15226
G1 X-30.317 Y-1.258 E.15226
G1 X-33.19 Y-2.178 E.14184
G1 X-33.19 Y-3.11 E.0438
G1 X-30.502 Y-2.235 E.13294
G1 X-27.373 Y-1.324 E.15325
G1 X-24.217 Y-.512 E.15325
G1 X-21.036 Y.2 E.15325
G1 X-17.835 Y.812 E.15325
G1 X-14.617 Y1.322 E.15325
M73 P26 R18
G1 X-11.384 Y1.732 E.15325
G1 X-8.139 Y2.039 E.15325
G1 X-4.887 Y2.244 E.15325
G1 X-1.629 Y2.346 E.15325
G1 X1.629 Y2.346 E.15325
G1 X4.887 Y2.244 E.15325
G1 X8.139 Y2.039 E.15325
G1 X11.384 Y1.732 E.15325
G1 X14.617 Y1.322 E.15325
G1 X17.835 Y.812 E.15325
G1 X21.036 Y.2 E.15325
G1 X24.217 Y-.512 E.15325
G1 X27.373 Y-1.324 E.15325
G1 X30.502 Y-2.235 E.15325
G1 X33.156 Y-3.098 E.13125
SET_VELOCITY_LIMIT ACCEL=10000
G1 X32.901 Y-2.55 F30000
;TYPE:Gap infill
;WIDTH:0.345886
G1 F2051
G1 X30.189 Y-1.682 E.07032
G1 X27.49 Y-.903 E.06934
G1 X24.321 Y-.087 E.08079
G1 X21.123 Y.629 E.08091
G1 X17.647 Y1.289 E.08734
G1 X14.462 Y1.787 E.0796
G1 X11.434 Y2.167 E.07534
G1 X8.176 Y2.476 E.0808
G1 X4.905 Y2.683 E.08091
G1 X1.612 Y2.786 E.08134
G1 X-1.639 Y2.786 E.08026
G1 X-4.835 Y2.686 E.07894
G1 X-8.053 Y2.486 E.0796
G1 X-11.429 Y2.168 E.08374
G1 X-14.681 Y1.756 E.08091
G1 X-17.913 Y1.243 E.0808
G1 X-20.816 Y.692 E.07294
G1 X-23.964 Y-.002 E.07959
G1 X-27.49 Y-.903 E.08985
G1 X-30.189 Y-1.682 E.06934
G1 X-32.901 Y-2.55 E.07032
;LAYER_CHANGE
;Z:11.06
;HEIGHT:0.200001
;BEFORE_LAYER_CHANGE
;11.06
G1 E-1.2 F2100
;WIPE_START
G1 F9000
G1 X-30.997 Y-1.941
;WIPE_END
;AFTER_LAYER_CHANGE
;11.06
;_SET_FAN_SPEED_CHANGING_LAYER
G17
G3 Z11.46 I.022 J1.217 P1  F30000
G1 X33.19 Y-3.11 Z11.46
G1 Z11.06
G1 E1.2 F2100
SET_VELOCITY_LIMIT ACCEL=5000
;TYPE:Outer wall
;WIDTH:0.62
G1 F2051
G1 X33.19 Y-2.178 E.0438
G1 X30.317 Y-1.258 E.14184
G1 X27.205 Y-.366 E.15226
G1 X24.066 Y.429 E.15226
G1 X20.904 Y1.126 E.15226
G1 X17.722 Y1.724 E.15226
G1 X14.523 Y2.224 E.15225
G1 X11.31 Y2.625 E.15226
G1 X8.087 Y2.926 E.15226
G1 X4.855 Y3.126 E.15226
G1 X1.619 Y3.227 E.15225
G1 X-1.619 Y3.227 E.15226
G1 X-4.855 Y3.126 E.15225
G1 X-8.087 Y2.926 E.15226
G1 X-11.31 Y2.625 E.15226
G1 X-14.523 Y2.224 E.15226
G1 X-17.722 Y1.724 E.15225
G1 X-20.904 Y1.126 E.15226
G1 X-24.066 Y.429 E.15226
G1 X-27.205 Y-.366 E.15226
G1 X-30.317 Y-1.258 E.15226
G1 X-33.19 Y-2.178 E.14184
G1 X-33.19 Y-3.11 E.0438
G1 X-30.502 Y-2.235 E.13294
G1 X-27.373 Y-1.324 E.15325
G1 X-24.217 Y-.512 E.15325
G1 X-21.036 Y.2 E.15325
G1 X-17.835 Y.812 E.15325
G1 X-14.617 Y1.322 E.15325
G1 X-11.384 Y1.732 E.15325
G1 X-8.139 Y2.039 E.15325
G1 X-4.887 Y2.244 E.15325
G1 X-1.629 Y2.346 E.15325
G1 X1.629 Y2.346 E.15325
M73 P27 R18
G1 X4.887 Y2.244 E.15325
G1 X8.139 Y2.039 E.15325
G1 X11.384 Y1.732 E.15325
G1 X14.617 Y1.322 E.15325
G1 X17.835 Y.812 E.15325
G1 X21.036 Y.2 E.15325
G1 X24.217 Y-.512 E.15325
G1 X27.373 Y-1.324 E.15325
G1 X30.502 Y-2.235 E.15325
G1 X33.156 Y-3.098 E.13125
SET_VELOCITY_LIMIT ACCEL=10000
G1 X32.901 Y-2.55 F30000
;TYPE:Gap infill
;WIDTH:0.345886
G1 F2051
G1 X30.189 Y-1.682 E.07032
G1 X27.49 Y-.903 E.06934
G1 X23.964 Y-.002 E.08985
G1 X20.816 Y.692 E.07959
G1 X17.913 Y1.243 E.07294
G1 X14.681 Y1.756 E.0808
G1 X11.429 Y2.168 E.08091
G1 X8.053 Y2.486 E.08374
G1 X4.835 Y2.686 E.0796
G1 X1.639 Y2.786 E.07894
G1 X-1.612 Y2.786 E.08026
G1 X-4.905 Y2.683 E.08134
G1 X-8.176 Y2.476 E.08091
G1 X-11.434 Y2.167 E.0808
G1 X-14.462 Y1.787 E.07534
G1 X-17.647 Y1.289 E.0796
G1 X-21.123 Y.629 E.08734
G1 X-24.321 Y-.087 E.08091
G1 X-27.49 Y-.903 E.08079
G1 X-30.189 Y-1.682 E.06934
G1 X-32.901 Y-2.55 E.07032
;LAYER_CHANGE
;Z:11.26
;HEIGHT:0.2
;BEFORE_LAYER_CHANGE
;11.26
G1 E-1.2 F2100
;WIPE_START
G1 F9000
G1 X-30.997 Y-1.941
;WIPE_END
;AFTER_LAYER_CHANGE
;11.26
;_SET_FAN_SPEED_CHANGING_LAYER
G17
G3 Z11.66 I.022 J1.217 P1  F30000
G1 X33.19 Y-3.11 Z11.66
G1 Z11.26
G1 E1.2 F2100
SET_VELOCITY_LIMIT ACCEL=5000
;TYPE:Outer wall
;WIDTH:0.62
G1 F2051
G1 X33.19 Y-2.178 E.0438
G1 X30.317 Y-1.258 E.14184
G1 X27.205 Y-.366 E.15226
G1 X24.066 Y.429 E.15226
G1 X20.904 Y1.126 E.15226
G1 X17.722 Y1.724 E.15226
G1 X14.523 Y2.224 E.15225
G1 X11.31 Y2.625 E.15226
G1 X8.087 Y2.926 E.15226
G1 X4.855 Y3.126 E.15226
G1 X1.619 Y3.227 E.15225
G1 X-1.619 Y3.227 E.15226
G1 X-4.855 Y3.126 E.15225
G1 X-8.087 Y2.926 E.15226
G1 X-11.31 Y2.625 E.15226
G1 X-14.523 Y2.224 E.15226
G1 X-17.722 Y1.724 E.15225
G1 X-20.904 Y1.126 E.15226
G1 X-24.066 Y.429 E.15226
G1 X-27.205 Y-.366 E.15226
G1 X-30.317 Y-1.258 E.15226
G1 X-33.19 Y-2.178 E.14184
G1 X-33.19 Y-3.11 E.0438
G1 X-30.502 Y-2.235 E.13294
G1 X-27.373 Y-1.324 E.15325
G1 X-24.217 Y-.512 E.15325
G1 X-21.036 Y.2 E.15325
G1 X-17.835 Y.812 E.15325
G1 X-14.617 Y1.322 E.15325
G1 X-11.384 Y1.732 E.15325
G1 X-10.667 Y1.799 E.03384
G1 X-8.139 Y2.039 E.11941
G1 X-4.887 Y2.244 E.15325
G1 X-1.629 Y2.346 E.15325
G1 X1.629 Y2.346 E.15325
G1 X4.887 Y2.244 E.15325
G1 X8.139 Y2.039 E.15325
G1 X11.384 Y1.732 E.15325
G1 X14.617 Y1.322 E.15325
G1 X17.835 Y.812 E.15325
G1 X21.036 Y.2 E.15325
G1 X24.217 Y-.512 E.15325
G1 X27.373 Y-1.324 E.15325
G1 X30.502 Y-2.235 E.15325
G1 X33.156 Y-3.098 E.13125
SET_VELOCITY_LIMIT ACCEL=10000
G1 X32.901 Y-2.55 F30000
;TYPE:Gap infill
;WIDTH:0.345885
G1 F2051
G1 X30.189 Y-1.682 E.07032
G1 X27.49 Y-.903 E.06934
G1 X23.964 Y-.002 E.08985
G1 X20.816 Y.692 E.07959
G1 X17.913 Y1.243 E.07294
G1 X14.681 Y1.756 E.0808
G1 X11.429 Y2.168 E.08091
G1 X8.053 Y2.486 E.08374
G1 X4.835 Y2.686 E.0796
G1 X1.639 Y2.786 E.07894
G1 X-1.612 Y2.786 E.08026
G1 X-4.905 Y2.683 E.08134
G1 X-8.176 Y2.476 E.08091
G1 X-11.434 Y2.167 E.0808
G1 X-14.462 Y1.787 E.07534
G1 X-17.647 Y1.289 E.0796
G1 X-21.123 Y.629 E.08734
G1 X-24.321 Y-.087 E.08091
G1 X-27.49 Y-.903 E.08079
G1 X-30.189 Y-1.682 E.06934
G1 X-32.901 Y-2.55 E.07032
;LAYER_CHANGE
;Z:11.46
;HEIGHT:0.2
;BEFORE_LAYER_CHANGE
;11.46
G1 E-1.2 F2100
;WIPE_START
G1 F9000
G1 X-30.997 Y-1.941
;WIPE_END
;AFTER_LAYER_CHANGE
;11.46
;_SET_FAN_SPEED_CHANGING_LAYER
G17
G3 Z11.86 I.022 J1.217 P1  F30000
G1 X33.19 Y-3.11 Z11.86
G1 Z11.46
G1 E1.2 F2100
SET_VELOCITY_LIMIT ACCEL=5000
;TYPE:Outer wall
;WIDTH:0.62
G1 F2051
G1 X33.19 Y-2.178 E.0438
G1 X30.317 Y-1.258 E.14184
G1 X27.205 Y-.366 E.15226
G1 X24.066 Y.429 E.15226
G1 X20.904 Y1.126 E.15226
G1 X17.722 Y1.724 E.15226
G1 X14.523 Y2.224 E.15225
G1 X11.31 Y2.625 E.15226
G1 X8.087 Y2.926 E.15226
G1 X4.855 Y3.126 E.15226
G1 X1.619 Y3.227 E.15225
G1 X-1.619 Y3.227 E.15226
G1 X-4.855 Y3.126 E.15225
G1 X-8.087 Y2.926 E.15226
G1 X-11.31 Y2.625 E.15226
G1 X-14.523 Y2.224 E.15226
G1 X-17.722 Y1.724 E.15225
G1 X-20.904 Y1.126 E.15226
G1 X-24.066 Y.429 E.15226
G1 X-27.205 Y-.366 E.15226
G1 X-30.317 Y-1.258 E.15226
G1 X-33.19 Y-2.178 E.14184
G1 X-33.19 Y-3.11 E.0438
G1 X-30.502 Y-2.235 E.13294
G1 X-27.373 Y-1.324 E.15325
G1 X-24.217 Y-.512 E.15325
G1 X-21.036 Y.2 E.15325
G1 X-17.835 Y.812 E.15325
G1 X-14.617 Y1.322 E.15325
G1 X-11.384 Y1.732 E.15325
G1 X-8.139 Y2.039 E.15325
G1 X-4.887 Y2.244 E.15325
G1 X-1.629 Y2.346 E.15325
G1 X1.629 Y2.346 E.15325
G1 X4.887 Y2.244 E.15325
G1 X8.139 Y2.039 E.15325
G1 X11.384 Y1.732 E.15325
G1 X14.617 Y1.322 E.15325
G1 X17.835 Y.812 E.15325
G1 X21.036 Y.2 E.15325
G1 X24.217 Y-.512 E.15325
G1 X27.373 Y-1.324 E.15325
G1 X30.502 Y-2.235 E.15325
G1 X33.156 Y-3.098 E.13125
SET_VELOCITY_LIMIT ACCEL=10000
G1 X32.901 Y-2.55 F30000
;TYPE:Gap infill
;WIDTH:0.345885
G1 F2051
G1 X30.189 Y-1.682 E.07032
G1 X27.49 Y-.903 E.06934
G1 X23.964 Y-.002 E.08985
G1 X20.816 Y.692 E.07959
G1 X17.913 Y1.243 E.07294
G1 X14.681 Y1.756 E.0808
G1 X11.429 Y2.168 E.08091
G1 X8.053 Y2.486 E.08374
G1 X4.835 Y2.686 E.0796
G1 X1.639 Y2.786 E.07894
G1 X-1.612 Y2.786 E.08026
G1 X-4.905 Y2.683 E.08134
G1 X-8.176 Y2.476 E.08091
G1 X-11.434 Y2.167 E.0808
G1 X-14.462 Y1.787 E.07534
G1 X-17.647 Y1.289 E.0796
G1 X-21.123 Y.629 E.08734
G1 X-24.321 Y-.087 E.08091
G1 X-27.49 Y-.903 E.08079
M73 P28 R18
G1 X-30.189 Y-1.682 E.06934
G1 X-32.901 Y-2.55 E.07032
;LAYER_CHANGE
;Z:11.66
;HEIGHT:0.2
;BEFORE_LAYER_CHANGE
;11.66
G1 E-1.2 F2100
;WIPE_START
G1 F9000
G1 X-30.997 Y-1.941
;WIPE_END
;AFTER_LAYER_CHANGE
;11.66
;_SET_FAN_SPEED_CHANGING_LAYER
G17
G3 Z12.06 I.022 J1.217 P1  F30000
G1 X33.19 Y-3.11 Z12.06
G1 Z11.66
G1 E1.2 F2100
SET_VELOCITY_LIMIT ACCEL=5000
;TYPE:Outer wall
;WIDTH:0.62
G1 F2051
G1 X33.19 Y-2.178 E.0438
G1 X30.317 Y-1.258 E.14184
G1 X27.205 Y-.366 E.15226
G1 X24.066 Y.429 E.15226
G1 X20.904 Y1.126 E.15226
G1 X17.722 Y1.724 E.15226
G1 X14.523 Y2.224 E.15225
G1 X11.31 Y2.625 E.15226
G1 X8.087 Y2.926 E.15226
G1 X4.855 Y3.126 E.15226
G1 X1.619 Y3.227 E.15225
G1 X-1.619 Y3.227 E.15226
G1 X-4.855 Y3.126 E.15225
G1 X-8.087 Y2.926 E.15226
G1 X-11.31 Y2.625 E.15226
G1 X-14.523 Y2.224 E.15226
G1 X-17.722 Y1.724 E.15225
G1 X-20.904 Y1.126 E.15226
G1 X-24.066 Y.429 E.15226
G1 X-27.205 Y-.366 E.15226
G1 X-30.317 Y-1.258 E.15226
G1 X-33.19 Y-2.178 E.14184
G1 X-33.19 Y-3.11 E.0438
G1 X-30.502 Y-2.235 E.13294
G1 X-27.373 Y-1.324 E.15325
G1 X-24.217 Y-.512 E.15325
G1 X-21.036 Y.2 E.15325
G1 X-17.835 Y.812 E.15325
G1 X-14.617 Y1.322 E.15325
G1 X-11.384 Y1.732 E.15325
G1 X-8.139 Y2.039 E.15325
G1 X-4.887 Y2.244 E.15325
G1 X-1.629 Y2.346 E.15325
G1 X1.629 Y2.346 E.15325
G1 X4.887 Y2.244 E.15325
G1 X8.139 Y2.039 E.15325
G1 X11.384 Y1.732 E.15325
G1 X14.617 Y1.322 E.15325
G1 X17.835 Y.812 E.15325
G1 X21.036 Y.2 E.15325
G1 X24.217 Y-.512 E.15325
G1 X27.373 Y-1.324 E.15325
G1 X30.502 Y-2.235 E.15325
G1 X33.156 Y-3.098 E.13125
SET_VELOCITY_LIMIT ACCEL=10000
G1 X32.901 Y-2.55 F30000
;TYPE:Gap infill
;WIDTH:0.345885
G1 F2051
G1 X30.189 Y-1.682 E.07032
G1 X27.49 Y-.903 E.06934
G1 X24.321 Y-.087 E.08079
G1 X21.123 Y.629 E.08091
G1 X17.647 Y1.289 E.08734
G1 X14.462 Y1.787 E.0796
G1 X11.434 Y2.167 E.07534
G1 X8.176 Y2.476 E.0808
G1 X4.905 Y2.683 E.08091
G1 X1.612 Y2.786 E.08134
G1 X-1.639 Y2.786 E.08026
G1 X-4.835 Y2.686 E.07894
G1 X-8.053 Y2.486 E.0796
G1 X-11.429 Y2.168 E.08374
G1 X-14.681 Y1.756 E.08091
G1 X-17.913 Y1.243 E.0808
G1 X-20.816 Y.692 E.07294
G1 X-23.964 Y-.002 E.07959
G1 X-27.49 Y-.903 E.08985
G1 X-30.189 Y-1.682 E.06934
G1 X-32.901 Y-2.55 E.07032
;LAYER_CHANGE
;Z:11.86
;HEIGHT:0.2
;BEFORE_LAYER_CHANGE
;11.86
G1 E-1.2 F2100
;WIPE_START
G1 F9000
G1 X-30.997 Y-1.941
;WIPE_END
;AFTER_LAYER_CHANGE
;11.86
;_SET_FAN_SPEED_CHANGING_LAYER
G17
G3 Z12.26 I.022 J1.217 P1  F30000
G1 X33.19 Y-3.11 Z12.26
G1 Z11.86
G1 E1.2 F2100
SET_VELOCITY_LIMIT ACCEL=5000
;TYPE:Outer wall
;WIDTH:0.62
G1 F2051
G1 X33.19 Y-2.178 E.0438
G1 X30.317 Y-1.258 E.14184
G1 X27.205 Y-.366 E.15226
G1 X24.066 Y.429 E.15226
G1 X20.904 Y1.126 E.15226
G1 X17.722 Y1.724 E.15226
G1 X14.523 Y2.224 E.15225
G1 X11.31 Y2.625 E.15226
G1 X8.087 Y2.926 E.15226
G1 X4.855 Y3.126 E.15226
G1 X1.619 Y3.227 E.15225
G1 X-1.619 Y3.227 E.15226
G1 X-4.855 Y3.126 E.15225
G1 X-8.087 Y2.926 E.15226
G1 X-11.31 Y2.625 E.15226
G1 X-14.523 Y2.224 E.15226
G1 X-17.722 Y1.724 E.15225
G1 X-20.904 Y1.126 E.15226
G1 X-24.066 Y.429 E.15226
G1 X-27.205 Y-.366 E.15226
G1 X-30.317 Y-1.258 E.15226
G1 X-33.19 Y-2.178 E.14184
G1 X-33.19 Y-3.11 E.0438
G1 X-30.502 Y-2.235 E.13294
G1 X-27.373 Y-1.324 E.15325
G1 X-24.217 Y-.512 E.15325
G1 X-21.036 Y.2 E.15325
G1 X-17.835 Y.812 E.15325
G1 X-14.617 Y1.322 E.15325
G1 X-11.384 Y1.732 E.15325
G1 X-10.624 Y1.804 E.03588
G1 X-8.139 Y2.039 E.11737
G1 X-4.887 Y2.244 E.15325
G1 X-1.629 Y2.346 E.15325
G1 X1.629 Y2.346 E.15325
G1 X4.887 Y2.244 E.15325
G1 X8.139 Y2.039 E.15325
G1 X11.384 Y1.732 E.15325
G1 X14.617 Y1.322 E.15325
G1 X17.835 Y.812 E.15325
G1 X21.036 Y.2 E.15325
G1 X24.217 Y-.512 E.15325
G1 X27.373 Y-1.324 E.15325
G1 X30.502 Y-2.235 E.15325
G1 X33.156 Y-3.098 E.13125
SET_VELOCITY_LIMIT ACCEL=10000
G1 X32.901 Y-2.55 F30000
;TYPE:Gap infill
;WIDTH:0.345885
G1 F2051
G1 X30.189 Y-1.682 E.07032
G1 X27.49 Y-.903 E.06934
G1 X23.964 Y-.002 E.08985
G1 X20.816 Y.692 E.07959
G1 X17.913 Y1.243 E.07294
G1 X14.681 Y1.756 E.0808
G1 X11.429 Y2.168 E.08091
G1 X8.053 Y2.486 E.08374
G1 X4.835 Y2.686 E.0796
G1 X1.639 Y2.786 E.07894
G1 X-1.612 Y2.786 E.08026
G1 X-4.905 Y2.683 E.08134
G1 X-8.176 Y2.476 E.08091
G1 X-11.434 Y2.167 E.0808
G1 X-14.462 Y1.787 E.07534
G1 X-17.647 Y1.289 E.0796
G1 X-21.123 Y.629 E.08734
G1 X-24.321 Y-.087 E.08091
G1 X-27.49 Y-.903 E.08079
G1 X-30.189 Y-1.682 E.06934
G1 X-32.901 Y-2.55 E.07032
;LAYER_CHANGE
;Z:12.06
;HEIGHT:0.200001
;BEFORE_LAYER_CHANGE
;12.06
G1 E-1.2 F2100
;WIPE_START
G1 F9000
G1 X-30.997 Y-1.941
;WIPE_END
;AFTER_LAYER_CHANGE
;12.06
;_SET_FAN_SPEED_CHANGING_LAYER
G17
G3 Z12.46 I.022 J1.217 P1  F30000
G1 X33.19 Y-3.11 Z12.46
G1 Z12.06
G1 E1.2 F2100
SET_VELOCITY_LIMIT ACCEL=5000
;TYPE:Outer wall
;WIDTH:0.62
G1 F2051
G1 X33.19 Y-2.178 E.0438
G1 X30.317 Y-1.258 E.14184
G1 X27.205 Y-.366 E.15226
G1 X24.066 Y.429 E.15226
G1 X20.904 Y1.126 E.15226
G1 X17.722 Y1.724 E.15226
G1 X14.523 Y2.224 E.15225
G1 X11.31 Y2.625 E.15226
G1 X8.087 Y2.926 E.15226
G1 X4.855 Y3.126 E.15226
G1 X1.619 Y3.227 E.15225
G1 X-1.619 Y3.227 E.15226
G1 X-4.855 Y3.126 E.15225
G1 X-8.087 Y2.926 E.15226
G1 X-11.31 Y2.625 E.15226
G1 X-14.523 Y2.224 E.15226
G1 X-17.722 Y1.724 E.15225
G1 X-20.904 Y1.126 E.15226
G1 X-24.066 Y.429 E.15226
G1 X-27.205 Y-.366 E.15226
G1 X-30.317 Y-1.258 E.15226
G1 X-33.19 Y-2.178 E.14184
G1 X-33.19 Y-3.11 E.0438
M73 P29 R18
G1 X-30.502 Y-2.235 E.13294
G1 X-27.373 Y-1.324 E.15325
G1 X-24.217 Y-.512 E.15325
G1 X-21.036 Y.2 E.15325
G1 X-17.835 Y.812 E.15325
G1 X-14.617 Y1.322 E.15325
G1 X-11.384 Y1.732 E.15325
G1 X-8.139 Y2.039 E.15325
G1 X-4.887 Y2.244 E.15325
G1 X-1.629 Y2.346 E.15325
G1 X1.629 Y2.346 E.15325
G1 X4.887 Y2.244 E.15325
G1 X8.139 Y2.039 E.15325
G1 X11.384 Y1.732 E.15325
G1 X14.617 Y1.322 E.15325
G1 X17.835 Y.812 E.15325
G1 X21.036 Y.2 E.15325
G1 X24.217 Y-.512 E.15325
G1 X27.373 Y-1.324 E.15325
G1 X30.502 Y-2.235 E.15325
G1 X33.156 Y-3.098 E.13125
SET_VELOCITY_LIMIT ACCEL=10000
G1 X32.901 Y-2.55 F30000
;TYPE:Gap infill
;WIDTH:0.345885
G1 F2051
G1 X30.189 Y-1.682 E.07032
G1 X27.49 Y-.903 E.06934
G1 X23.964 Y-.002 E.08985
G1 X20.816 Y.692 E.07959
G1 X17.913 Y1.243 E.07294
G1 X14.681 Y1.756 E.0808
G1 X11.429 Y2.168 E.08091
G1 X8.053 Y2.486 E.08374
G1 X4.835 Y2.686 E.0796
G1 X1.639 Y2.786 E.07894
G1 X-1.612 Y2.786 E.08025
G1 X-4.905 Y2.683 E.08134
G1 X-8.176 Y2.476 E.08091
G1 X-11.434 Y2.167 E.0808
G1 X-14.462 Y1.787 E.07534
G1 X-17.647 Y1.289 E.0796
G1 X-21.123 Y.629 E.08734
G1 X-24.321 Y-.087 E.08091
G1 X-27.49 Y-.903 E.08079
G1 X-30.189 Y-1.682 E.06934
G1 X-32.901 Y-2.55 E.07032
;LAYER_CHANGE
;Z:12.26
;HEIGHT:0.2
;BEFORE_LAYER_CHANGE
;12.26
G1 E-1.2 F2100
;WIPE_START
G1 F9000
G1 X-30.997 Y-1.941
;WIPE_END
;AFTER_LAYER_CHANGE
;12.26
;_SET_FAN_SPEED_CHANGING_LAYER
G17
G3 Z12.66 I.022 J1.217 P1  F30000
G1 X33.19 Y-3.11 Z12.66
G1 Z12.26
G1 E1.2 F2100
SET_VELOCITY_LIMIT ACCEL=5000
;TYPE:Outer wall
;WIDTH:0.62
G1 F2051
G1 X33.19 Y-2.178 E.0438
G1 X30.317 Y-1.258 E.14184
G1 X27.205 Y-.366 E.15226
G1 X24.066 Y.429 E.15226
G1 X20.904 Y1.126 E.15226
G1 X17.722 Y1.724 E.15226
G1 X14.523 Y2.224 E.15225
G1 X11.31 Y2.625 E.15226
G1 X8.087 Y2.926 E.15226
G1 X4.855 Y3.126 E.15226
G1 X1.619 Y3.227 E.15225
G1 X-1.619 Y3.227 E.15226
G1 X-4.855 Y3.126 E.15225
G1 X-8.087 Y2.926 E.15226
G1 X-11.31 Y2.625 E.15226
G1 X-14.523 Y2.224 E.15226
G1 X-17.722 Y1.724 E.15225
G1 X-20.904 Y1.126 E.15226
G1 X-24.066 Y.429 E.15226
G1 X-27.205 Y-.366 E.15226
G1 X-30.317 Y-1.258 E.15226
G1 X-33.19 Y-2.178 E.14184
G1 X-33.19 Y-3.11 E.0438
G1 X-30.502 Y-2.235 E.13294
G1 X-27.373 Y-1.324 E.15325
G1 X-24.217 Y-.512 E.15325
G1 X-21.036 Y.2 E.15325
G1 X-17.835 Y.812 E.15325
G1 X-14.617 Y1.322 E.15325
G1 X-11.384 Y1.732 E.15325
G1 X-8.139 Y2.039 E.15325
G1 X-4.887 Y2.244 E.15325
G1 X-1.629 Y2.346 E.15325
G1 X1.629 Y2.346 E.15325
G1 X4.887 Y2.244 E.15325
G1 X8.139 Y2.039 E.15325
G1 X11.384 Y1.732 E.15325
G1 X14.617 Y1.322 E.15325
G1 X17.835 Y.812 E.15325
G1 X21.036 Y.2 E.15325
G1 X24.217 Y-.512 E.15325
G1 X27.373 Y-1.324 E.15325
G1 X30.502 Y-2.235 E.15325
G1 X33.156 Y-3.098 E.13125
SET_VELOCITY_LIMIT ACCEL=10000
G1 X32.901 Y-2.55 F30000
;TYPE:Gap infill
;WIDTH:0.345885
G1 F2051
G1 X30.189 Y-1.682 E.07032
G1 X27.49 Y-.903 E.06934
G1 X24.321 Y-.087 E.08079
G1 X21.123 Y.629 E.08091
G1 X17.647 Y1.289 E.08734
G1 X14.462 Y1.787 E.0796
G1 X11.434 Y2.167 E.07534
G1 X8.176 Y2.476 E.0808
G1 X4.905 Y2.683 E.08091
G1 X1.612 Y2.786 E.08134
G1 X-1.639 Y2.786 E.08025
G1 X-4.835 Y2.686 E.07894
G1 X-8.053 Y2.486 E.0796
G1 X-11.429 Y2.168 E.08374
G1 X-14.681 Y1.756 E.08091
G1 X-17.913 Y1.243 E.0808
G1 X-20.816 Y.692 E.07294
G1 X-23.964 Y-.002 E.07959
G1 X-27.49 Y-.903 E.08985
G1 X-30.189 Y-1.682 E.06934
G1 X-32.901 Y-2.55 E.07032
;LAYER_CHANGE
;Z:12.46
;HEIGHT:0.2
;BEFORE_LAYER_CHANGE
;12.46
G1 E-1.2 F2100
;WIPE_START
G1 F9000
G1 X-30.997 Y-1.941
;WIPE_END
;AFTER_LAYER_CHANGE
;12.46
;_SET_FAN_SPEED_CHANGING_LAYER
G17
G3 Z12.86 I.022 J1.217 P1  F30000
G1 X33.19 Y-3.11 Z12.86
G1 Z12.46
G1 E1.2 F2100
SET_VELOCITY_LIMIT ACCEL=5000
;TYPE:Outer wall
;WIDTH:0.62
G1 F2051
G1 X33.19 Y-2.178 E.0438
G1 X30.317 Y-1.258 E.14184
G1 X27.205 Y-.366 E.15226
G1 X24.066 Y.429 E.15226
G1 X20.904 Y1.126 E.15226
G1 X17.722 Y1.724 E.15226
G1 X14.523 Y2.224 E.15225
G1 X11.31 Y2.625 E.15226
G1 X8.087 Y2.926 E.15226
G1 X4.855 Y3.126 E.15226
G1 X1.619 Y3.227 E.15225
G1 X-1.619 Y3.227 E.15226
G1 X-4.855 Y3.126 E.15225
G1 X-8.087 Y2.926 E.15226
G1 X-11.31 Y2.625 E.15226
G1 X-14.523 Y2.224 E.15226
G1 X-17.722 Y1.724 E.15225
G1 X-20.904 Y1.126 E.15226
G1 X-24.066 Y.429 E.15226
G1 X-27.205 Y-.366 E.15226
G1 X-30.317 Y-1.258 E.15226
G1 X-33.19 Y-2.178 E.14184
G1 X-33.19 Y-3.11 E.0438
G1 X-30.502 Y-2.235 E.13294
G1 X-27.373 Y-1.324 E.15325
G1 X-24.217 Y-.512 E.15325
G1 X-21.036 Y.2 E.15325
G1 X-17.835 Y.812 E.15325
G1 X-14.617 Y1.322 E.15325
G1 X-11.384 Y1.732 E.15325
G1 X-10.581 Y1.808 E.03792
G1 X-8.139 Y2.039 E.11533
G1 X-4.887 Y2.244 E.15325
G1 X-1.629 Y2.346 E.15325
G1 X1.629 Y2.346 E.15325
G1 X4.887 Y2.244 E.15325
G1 X8.139 Y2.039 E.15325
G1 X11.384 Y1.732 E.15325
G1 X14.617 Y1.322 E.15325
G1 X17.835 Y.812 E.15325
G1 X21.036 Y.2 E.15325
G1 X24.217 Y-.512 E.15325
G1 X27.373 Y-1.324 E.15325
G1 X30.502 Y-2.235 E.15325
G1 X33.156 Y-3.098 E.13125
SET_VELOCITY_LIMIT ACCEL=10000
G1 X32.901 Y-2.55 F30000
;TYPE:Gap infill
;WIDTH:0.345884
G1 F2051
G1 X30.189 Y-1.682 E.07032
G1 X27.49 Y-.903 E.06934
G1 X24.321 Y-.087 E.08079
G1 X21.123 Y.629 E.08091
G1 X17.647 Y1.289 E.08734
G1 X14.462 Y1.787 E.0796
G1 X11.434 Y2.167 E.07534
G1 X8.176 Y2.476 E.0808
M73 P30 R18
G1 X4.905 Y2.683 E.08091
G1 X1.612 Y2.786 E.08134
G1 X-1.639 Y2.786 E.08025
G1 X-4.835 Y2.686 E.07894
G1 X-8.053 Y2.486 E.0796
G1 X-11.429 Y2.168 E.08374
G1 X-14.681 Y1.756 E.08091
G1 X-17.913 Y1.243 E.0808
G1 X-20.816 Y.692 E.07294
G1 X-23.964 Y-.002 E.07959
G1 X-27.49 Y-.903 E.08985
G1 X-30.189 Y-1.682 E.06934
G1 X-32.901 Y-2.55 E.07032
;LAYER_CHANGE
;Z:12.66
;HEIGHT:0.2
;BEFORE_LAYER_CHANGE
;12.66
G1 E-1.2 F2100
;WIPE_START
G1 F9000
G1 X-30.997 Y-1.941
;WIPE_END
;AFTER_LAYER_CHANGE
;12.66
;_SET_FAN_SPEED_CHANGING_LAYER
G17
G3 Z13.06 I.022 J1.217 P1  F30000
G1 X33.19 Y-3.11 Z13.06
G1 Z12.66
G1 E1.2 F2100
SET_VELOCITY_LIMIT ACCEL=5000
;TYPE:Outer wall
;WIDTH:0.62
G1 F2051
G1 X33.19 Y-2.178 E.0438
G1 X30.317 Y-1.258 E.14184
G1 X27.205 Y-.366 E.15226
G1 X24.066 Y.429 E.15226
G1 X20.904 Y1.126 E.15226
G1 X17.722 Y1.724 E.15226
G1 X14.523 Y2.224 E.15225
G1 X11.31 Y2.625 E.15226
G1 X8.087 Y2.926 E.15226
G1 X4.855 Y3.126 E.15226
G1 X1.619 Y3.227 E.15225
G1 X-1.619 Y3.227 E.15226
G1 X-4.855 Y3.126 E.15225
G1 X-8.087 Y2.926 E.15226
G1 X-11.31 Y2.625 E.15226
G1 X-14.523 Y2.224 E.15226
G1 X-17.722 Y1.724 E.15225
G1 X-20.904 Y1.126 E.15226
G1 X-24.066 Y.429 E.15226
G1 X-27.205 Y-.366 E.15226
G1 X-30.317 Y-1.258 E.15226
G1 X-33.19 Y-2.178 E.14184
G1 X-33.19 Y-3.11 E.0438
G1 X-30.502 Y-2.235 E.13294
G1 X-27.373 Y-1.324 E.15325
G1 X-24.217 Y-.512 E.15325
G1 X-21.036 Y.2 E.15325
G1 X-17.835 Y.812 E.15325
G1 X-14.617 Y1.322 E.15325
G1 X-11.384 Y1.732 E.15325
G1 X-8.139 Y2.039 E.15325
G1 X-4.887 Y2.244 E.15325
G1 X-1.629 Y2.346 E.15325
G1 X1.629 Y2.346 E.15325
G1 X4.887 Y2.244 E.15325
G1 X8.139 Y2.039 E.15325
G1 X11.384 Y1.732 E.15325
G1 X14.617 Y1.322 E.15325
G1 X17.835 Y.812 E.15325
G1 X21.036 Y.2 E.15325
G1 X24.217 Y-.512 E.15325
G1 X27.373 Y-1.324 E.15325
G1 X30.502 Y-2.235 E.15325
G1 X33.156 Y-3.098 E.13125
SET_VELOCITY_LIMIT ACCEL=10000
G1 X32.901 Y-2.55 F30000
;TYPE:Gap infill
;WIDTH:0.345884
G1 F2051
G1 X30.189 Y-1.682 E.07032
G1 X27.49 Y-.903 E.06934
G1 X23.964 Y-.002 E.08985
G1 X20.816 Y.692 E.07959
G1 X17.913 Y1.243 E.07294
G1 X14.681 Y1.756 E.0808
G1 X11.429 Y2.168 E.08091
G1 X8.053 Y2.486 E.08374
G1 X4.835 Y2.686 E.0796
M73 P30 R17
G1 X1.639 Y2.786 E.07894
G1 X-1.612 Y2.786 E.08025
G1 X-4.905 Y2.683 E.08134
G1 X-8.176 Y2.476 E.08091
G1 X-11.434 Y2.167 E.0808
G1 X-14.462 Y1.787 E.07534
G1 X-17.647 Y1.289 E.0796
G1 X-21.123 Y.629 E.08734
G1 X-24.321 Y-.087 E.08091
G1 X-27.49 Y-.903 E.08079
G1 X-30.189 Y-1.682 E.06934
G1 X-32.901 Y-2.55 E.07032
;LAYER_CHANGE
;Z:12.86
;HEIGHT:0.2
;BEFORE_LAYER_CHANGE
;12.86
G1 E-1.2 F2100
;WIPE_START
G1 F9000
G1 X-30.997 Y-1.941
;WIPE_END
;AFTER_LAYER_CHANGE
;12.86
;_SET_FAN_SPEED_CHANGING_LAYER
G17
G3 Z13.26 I.022 J1.217 P1  F30000
G1 X33.19 Y-3.11 Z13.26
G1 Z12.86
G1 E1.2 F2100
SET_VELOCITY_LIMIT ACCEL=5000
;TYPE:Outer wall
;WIDTH:0.62
G1 F2051
G1 X33.19 Y-2.178 E.0438
G1 X30.317 Y-1.258 E.14184
G1 X27.205 Y-.366 E.15226
G1 X24.066 Y.429 E.15226
G1 X20.904 Y1.126 E.15226
G1 X17.722 Y1.724 E.15226
G1 X14.523 Y2.224 E.15225
G1 X11.31 Y2.625 E.15226
G1 X8.087 Y2.926 E.15226
G1 X4.855 Y3.126 E.15226
G1 X1.619 Y3.227 E.15225
G1 X-1.619 Y3.227 E.15226
G1 X-4.855 Y3.126 E.15225
G1 X-8.087 Y2.926 E.15226
G1 X-11.31 Y2.625 E.15226
G1 X-14.523 Y2.224 E.15226
G1 X-17.722 Y1.724 E.15225
G1 X-20.904 Y1.126 E.15226
G1 X-24.066 Y.429 E.15226
G1 X-27.205 Y-.366 E.15226
G1 X-30.317 Y-1.258 E.15226
G1 X-33.19 Y-2.178 E.14184
G1 X-33.19 Y-3.11 E.0438
G1 X-30.502 Y-2.235 E.13294
G1 X-27.373 Y-1.324 E.15325
G1 X-24.217 Y-.512 E.15325
G1 X-21.036 Y.2 E.15325
G1 X-17.835 Y.812 E.15325
G1 X-14.617 Y1.322 E.15325
G1 X-11.384 Y1.732 E.15325
G1 X-8.139 Y2.039 E.15325
G1 X-4.887 Y2.244 E.15325
G1 X-1.629 Y2.346 E.15325
G1 X1.629 Y2.346 E.15325
G1 X4.887 Y2.244 E.15325
G1 X8.139 Y2.039 E.15325
G1 X11.384 Y1.732 E.15325
G1 X14.617 Y1.322 E.15325
G1 X17.835 Y.812 E.15325
G1 X21.036 Y.2 E.15325
G1 X24.217 Y-.512 E.15325
G1 X27.373 Y-1.324 E.15325
G1 X30.502 Y-2.235 E.15325
G1 X33.156 Y-3.098 E.13125
SET_VELOCITY_LIMIT ACCEL=10000
G1 X32.901 Y-2.55 F30000
;TYPE:Gap infill
;WIDTH:0.345898
G1 F2051
G1 X30.189 Y-1.682 E.07032
G1 X27.49 Y-.903 E.06934
G1 X23.964 Y-.002 E.08986
G1 X20.816 Y.692 E.0796
G1 X17.913 Y1.243 E.07294
G1 X14.681 Y1.756 E.0808
G1 X11.429 Y2.168 E.08092
G1 X8.053 Y2.486 E.08374
G1 X4.835 Y2.686 E.0796
G1 X1.639 Y2.786 E.07894
G1 X-1.612 Y2.786 E.08026
G1 X-4.905 Y2.683 E.08134
G1 X-8.176 Y2.476 E.08092
G1 X-11.434 Y2.167 E.0808
G1 X-14.462 Y1.787 E.07534
G1 X-17.647 Y1.289 E.0796
G1 X-21.123 Y.629 E.08734
G1 X-24.321 Y-.087 E.08092
G1 X-27.49 Y-.903 E.0808
G1 X-30.189 Y-1.682 E.06934
G1 X-32.901 Y-2.55 E.07032
;LAYER_CHANGE
;Z:13.06
;HEIGHT:0.200001
;BEFORE_LAYER_CHANGE
;13.06
G1 E-1.2 F2100
;WIPE_START
G1 F9000
G1 X-30.997 Y-1.941
;WIPE_END
;AFTER_LAYER_CHANGE
;13.06
;_SET_FAN_SPEED_CHANGING_LAYER
G17
G3 Z13.46 I.022 J1.217 P1  F30000
G1 X33.19 Y-3.11 Z13.46
G1 Z13.06
G1 E1.2 F2100
SET_VELOCITY_LIMIT ACCEL=5000
;TYPE:Outer wall
;WIDTH:0.62
G1 F2051
G1 X33.19 Y-2.178 E.0438
G1 X30.317 Y-1.258 E.14184
G1 X27.205 Y-.366 E.15226
G1 X24.066 Y.429 E.15226
G1 X20.904 Y1.126 E.15226
G1 X17.722 Y1.724 E.15226
G1 X14.523 Y2.224 E.15225
G1 X11.31 Y2.625 E.15226
G1 X8.087 Y2.926 E.15226
G1 X4.855 Y3.126 E.15226
G1 X1.619 Y3.227 E.15225
G1 X-1.619 Y3.227 E.15226
M73 P31 R17
G1 X-4.855 Y3.126 E.15225
G1 X-8.087 Y2.926 E.15226
G1 X-11.31 Y2.625 E.15226
G1 X-14.523 Y2.224 E.15226
G1 X-17.722 Y1.724 E.15225
G1 X-20.904 Y1.126 E.15226
G1 X-24.066 Y.429 E.15226
G1 X-27.205 Y-.366 E.15226
G1 X-30.317 Y-1.258 E.15226
G1 X-33.19 Y-2.178 E.14184
G1 X-33.19 Y-3.11 E.0438
G1 X-30.502 Y-2.235 E.13294
G1 X-27.373 Y-1.324 E.15325
G1 X-24.217 Y-.512 E.15325
G1 X-21.036 Y.2 E.15325
G1 X-17.835 Y.812 E.15325
G1 X-14.617 Y1.322 E.15325
G1 X-11.384 Y1.732 E.15325
G1 X-10.538 Y1.812 E.03996
G1 X-8.139 Y2.039 E.11329
G1 X-4.887 Y2.244 E.15325
G1 X-1.629 Y2.346 E.15325
G1 X1.629 Y2.346 E.15325
G1 X4.887 Y2.244 E.15325
G1 X8.139 Y2.039 E.15325
G1 X11.384 Y1.732 E.15325
G1 X14.617 Y1.322 E.15325
G1 X17.835 Y.812 E.15325
G1 X21.036 Y.2 E.15325
G1 X24.217 Y-.512 E.15325
G1 X27.373 Y-1.324 E.15325
G1 X30.502 Y-2.235 E.15325
G1 X33.156 Y-3.098 E.13125
SET_VELOCITY_LIMIT ACCEL=10000
G1 X32.901 Y-2.55 F30000
;TYPE:Gap infill
;WIDTH:0.345884
G1 F2051
G1 X30.189 Y-1.682 E.07032
G1 X27.49 Y-.903 E.06934
G1 X23.964 Y-.002 E.08985
G1 X20.816 Y.692 E.07959
G1 X17.913 Y1.243 E.07294
G1 X14.681 Y1.756 E.08079
G1 X11.429 Y2.168 E.08091
G1 X8.053 Y2.486 E.08374
G1 X4.835 Y2.686 E.0796
G1 X1.639 Y2.786 E.07894
G1 X-1.612 Y2.786 E.08025
G1 X-4.905 Y2.683 E.08134
G1 X-8.176 Y2.476 E.08091
G1 X-11.434 Y2.167 E.0808
G1 X-14.462 Y1.787 E.07534
G1 X-17.647 Y1.289 E.0796
G1 X-21.123 Y.629 E.08734
G1 X-24.321 Y-.087 E.08091
G1 X-27.49 Y-.903 E.08079
G1 X-30.189 Y-1.682 E.06934
G1 X-32.901 Y-2.55 E.07032
;LAYER_CHANGE
;Z:13.26
;HEIGHT:0.2
;BEFORE_LAYER_CHANGE
;13.26
G1 E-1.2 F2100
;WIPE_START
G1 F9000
G1 X-30.997 Y-1.941
;WIPE_END
;AFTER_LAYER_CHANGE
;13.26
;_SET_FAN_SPEED_CHANGING_LAYER
G17
G3 Z13.66 I.022 J1.217 P1  F30000
G1 X33.19 Y-3.11 Z13.66
G1 Z13.26
G1 E1.2 F2100
SET_VELOCITY_LIMIT ACCEL=5000
;TYPE:Outer wall
;WIDTH:0.62
G1 F2051
G1 X33.19 Y-2.178 E.0438
G1 X30.317 Y-1.258 E.14184
G1 X27.205 Y-.366 E.15226
G1 X24.066 Y.429 E.15226
G1 X20.904 Y1.126 E.15226
G1 X17.722 Y1.724 E.15226
G1 X14.523 Y2.224 E.15225
G1 X11.31 Y2.625 E.15226
G1 X8.087 Y2.926 E.15226
G1 X4.855 Y3.126 E.15226
G1 X1.619 Y3.227 E.15225
G1 X-1.619 Y3.227 E.15226
G1 X-4.855 Y3.126 E.15225
G1 X-8.087 Y2.926 E.15226
G1 X-11.31 Y2.625 E.15226
G1 X-14.523 Y2.224 E.15226
G1 X-17.722 Y1.724 E.15225
G1 X-20.904 Y1.126 E.15226
G1 X-24.066 Y.429 E.15226
G1 X-27.205 Y-.366 E.15226
G1 X-30.317 Y-1.258 E.15226
G1 X-33.19 Y-2.178 E.14184
G1 X-33.19 Y-3.11 E.0438
G1 X-30.502 Y-2.235 E.13294
G1 X-27.373 Y-1.324 E.15325
G1 X-24.217 Y-.512 E.15325
G1 X-21.036 Y.2 E.15325
G1 X-17.835 Y.812 E.15325
G1 X-14.617 Y1.322 E.15325
G1 X-11.384 Y1.732 E.15325
G1 X-8.139 Y2.039 E.15325
G1 X-4.887 Y2.244 E.15325
G1 X-1.629 Y2.346 E.15325
G1 X1.629 Y2.346 E.15325
G1 X4.887 Y2.244 E.15325
G1 X8.139 Y2.039 E.15325
G1 X11.384 Y1.732 E.15325
G1 X14.617 Y1.322 E.15325
G1 X17.835 Y.812 E.15325
G1 X21.036 Y.2 E.15325
G1 X24.217 Y-.512 E.15325
G1 X27.373 Y-1.324 E.15325
G1 X30.502 Y-2.235 E.15325
G1 X33.156 Y-3.098 E.13125
SET_VELOCITY_LIMIT ACCEL=10000
G1 X32.901 Y-2.55 F30000
;TYPE:Gap infill
;WIDTH:0.345884
G1 F2051
G1 X30.189 Y-1.682 E.07032
G1 X27.49 Y-.903 E.06934
G1 X24.321 Y-.087 E.08079
G1 X21.123 Y.629 E.08091
G1 X17.647 Y1.289 E.08734
G1 X14.462 Y1.787 E.07959
G1 X11.434 Y2.167 E.07534
G1 X8.176 Y2.476 E.0808
G1 X4.905 Y2.683 E.08091
G1 X1.612 Y2.786 E.08134
G1 X-1.639 Y2.786 E.08025
G1 X-4.835 Y2.686 E.07894
G1 X-8.053 Y2.486 E.0796
G1 X-11.429 Y2.168 E.08374
G1 X-14.681 Y1.756 E.08091
G1 X-17.913 Y1.243 E.08079
G1 X-20.816 Y.692 E.07294
G1 X-23.964 Y-.002 E.07959
G1 X-27.49 Y-.903 E.08985
G1 X-30.189 Y-1.682 E.06934
G1 X-32.901 Y-2.55 E.07032
;LAYER_CHANGE
;Z:13.46
;HEIGHT:0.2
;BEFORE_LAYER_CHANGE
;13.46
G1 E-1.2 F2100
;WIPE_START
G1 F9000
G1 X-30.997 Y-1.941
;WIPE_END
;AFTER_LAYER_CHANGE
;13.46
;_SET_FAN_SPEED_CHANGING_LAYER
G17
G3 Z13.86 I.022 J1.217 P1  F30000
G1 X33.19 Y-3.11 Z13.86
G1 Z13.46
G1 E1.2 F2100
SET_VELOCITY_LIMIT ACCEL=5000
;TYPE:Outer wall
;WIDTH:0.62
G1 F2051
G1 X33.19 Y-2.178 E.0438
G1 X30.317 Y-1.258 E.14184
G1 X27.205 Y-.366 E.15226
G1 X24.066 Y.429 E.15226
G1 X20.904 Y1.126 E.15226
G1 X17.722 Y1.724 E.15226
G1 X14.523 Y2.224 E.15225
G1 X11.31 Y2.625 E.15226
G1 X8.087 Y2.926 E.15226
G1 X4.855 Y3.126 E.15226
G1 X1.619 Y3.227 E.15225
G1 X-1.619 Y3.227 E.15226
G1 X-4.855 Y3.126 E.15225
G1 X-8.087 Y2.926 E.15226
G1 X-11.31 Y2.625 E.15226
G1 X-14.523 Y2.224 E.15226
G1 X-17.722 Y1.724 E.15225
G1 X-20.904 Y1.126 E.15226
G1 X-24.066 Y.429 E.15226
G1 X-27.205 Y-.366 E.15226
G1 X-30.317 Y-1.258 E.15226
G1 X-33.19 Y-2.178 E.14184
G1 X-33.19 Y-3.11 E.0438
G1 X-30.502 Y-2.235 E.13294
G1 X-27.373 Y-1.324 E.15325
G1 X-24.217 Y-.512 E.15325
G1 X-21.036 Y.2 E.15325
G1 X-17.835 Y.812 E.15325
G1 X-14.617 Y1.322 E.15325
G1 X-11.384 Y1.732 E.15325
G1 X-8.139 Y2.039 E.15325
G1 X-4.887 Y2.244 E.15325
G1 X-1.629 Y2.346 E.15325
G1 X1.629 Y2.346 E.15325
G1 X4.887 Y2.244 E.15325
G1 X8.139 Y2.039 E.15325
G1 X11.384 Y1.732 E.15325
G1 X14.617 Y1.322 E.15325
G1 X17.835 Y.812 E.15325
G1 X21.036 Y.2 E.15325
G1 X24.217 Y-.512 E.15325
M73 P32 R17
G1 X27.373 Y-1.324 E.15325
G1 X30.502 Y-2.235 E.15325
G1 X33.156 Y-3.098 E.13125
SET_VELOCITY_LIMIT ACCEL=10000
G1 X32.901 Y-2.55 F30000
;TYPE:Gap infill
;WIDTH:0.345884
G1 F2051
G1 X30.189 Y-1.682 E.07032
G1 X27.49 Y-.903 E.06934
G1 X23.964 Y-.002 E.08985
G1 X20.816 Y.692 E.07959
G1 X17.913 Y1.243 E.07294
G1 X14.681 Y1.756 E.08079
G1 X11.429 Y2.168 E.08091
G1 X8.053 Y2.486 E.08374
G1 X4.835 Y2.686 E.0796
G1 X1.639 Y2.786 E.07894
G1 X-1.612 Y2.786 E.08025
G1 X-4.905 Y2.683 E.08134
G1 X-8.176 Y2.476 E.08091
G1 X-11.434 Y2.167 E.0808
G1 X-14.462 Y1.787 E.07534
G1 X-17.647 Y1.289 E.07959
G1 X-21.123 Y.629 E.08734
G1 X-24.321 Y-.087 E.08091
G1 X-27.49 Y-.903 E.08079
G1 X-30.189 Y-1.682 E.06934
G1 X-32.901 Y-2.55 E.07032
;LAYER_CHANGE
;Z:13.66
;HEIGHT:0.2
;BEFORE_LAYER_CHANGE
;13.66
G1 E-1.2 F2100
;WIPE_START
G1 F9000
G1 X-30.997 Y-1.941
;WIPE_END
;AFTER_LAYER_CHANGE
;13.66
;_SET_FAN_SPEED_CHANGING_LAYER
G17
G3 Z14.06 I.022 J1.217 P1  F30000
G1 X33.19 Y-3.11 Z14.06
G1 Z13.66
G1 E1.2 F2100
SET_VELOCITY_LIMIT ACCEL=5000
;TYPE:Outer wall
;WIDTH:0.62
G1 F2051
G1 X33.19 Y-2.178 E.0438
G1 X30.317 Y-1.258 E.14184
G1 X27.205 Y-.366 E.15226
G1 X24.066 Y.429 E.15226
G1 X20.904 Y1.126 E.15226
G1 X17.722 Y1.724 E.15226
G1 X14.523 Y2.224 E.15225
G1 X11.31 Y2.625 E.15226
G1 X8.087 Y2.926 E.15226
G1 X4.855 Y3.126 E.15226
G1 X1.619 Y3.227 E.15225
G1 X-1.619 Y3.227 E.15226
G1 X-4.855 Y3.126 E.15225
G1 X-8.087 Y2.926 E.15226
G1 X-11.31 Y2.625 E.15226
G1 X-14.523 Y2.224 E.15226
G1 X-17.722 Y1.724 E.15225
G1 X-20.904 Y1.126 E.15226
G1 X-24.066 Y.429 E.15226
G1 X-27.205 Y-.366 E.15226
G1 X-30.317 Y-1.258 E.15226
G1 X-33.19 Y-2.178 E.14184
G1 X-33.19 Y-3.11 E.0438
G1 X-30.502 Y-2.235 E.13294
G1 X-27.373 Y-1.324 E.15325
G1 X-24.217 Y-.512 E.15325
G1 X-21.036 Y.2 E.15325
G1 X-17.835 Y.812 E.15325
G1 X-14.617 Y1.322 E.15325
G1 X-11.384 Y1.732 E.15325
G1 X-10.495 Y1.816 E.04199
G1 X-8.139 Y2.039 E.11126
G1 X-4.887 Y2.244 E.15325
G1 X-1.629 Y2.346 E.15325
G1 X1.629 Y2.346 E.15325
G1 X4.887 Y2.244 E.15325
G1 X8.139 Y2.039 E.15325
G1 X11.384 Y1.732 E.15325
G1 X14.617 Y1.322 E.15325
G1 X17.835 Y.812 E.15325
G1 X21.036 Y.2 E.15325
G1 X24.217 Y-.512 E.15325
G1 X27.373 Y-1.324 E.15325
G1 X30.502 Y-2.235 E.15325
G1 X33.156 Y-3.098 E.13125
SET_VELOCITY_LIMIT ACCEL=10000
G1 X32.901 Y-2.55 F30000
;TYPE:Gap infill
;WIDTH:0.345884
G1 F2051
G1 X30.189 Y-1.682 E.07032
G1 X27.49 Y-.903 E.06934
G1 X23.964 Y-.002 E.08985
G1 X20.816 Y.692 E.07959
G1 X17.913 Y1.243 E.07294
G1 X14.681 Y1.756 E.08079
G1 X11.429 Y2.168 E.08091
G1 X8.053 Y2.486 E.08374
G1 X4.835 Y2.686 E.0796
G1 X1.639 Y2.786 E.07894
G1 X-1.612 Y2.786 E.08025
G1 X-4.905 Y2.683 E.08134
G1 X-8.176 Y2.476 E.08091
G1 X-11.434 Y2.167 E.0808
G1 X-14.462 Y1.787 E.07534
G1 X-17.647 Y1.289 E.07959
G1 X-21.123 Y.629 E.08734
G1 X-24.321 Y-.087 E.08091
G1 X-27.49 Y-.903 E.08079
G1 X-30.189 Y-1.682 E.06934
G1 X-32.901 Y-2.55 E.07032
;LAYER_CHANGE
;Z:13.86
;HEIGHT:0.2
;BEFORE_LAYER_CHANGE
;13.86
G1 E-1.2 F2100
;WIPE_START
G1 F9000
G1 X-30.997 Y-1.941
;WIPE_END
;AFTER_LAYER_CHANGE
;13.86
;_SET_FAN_SPEED_CHANGING_LAYER
G17
G3 Z14.26 I.022 J1.217 P1  F30000
G1 X33.19 Y-3.11 Z14.26
G1 Z13.86
G1 E1.2 F2100
SET_VELOCITY_LIMIT ACCEL=5000
;TYPE:Outer wall
;WIDTH:0.62
G1 F2051
G1 X33.19 Y-2.178 E.0438
G1 X30.317 Y-1.258 E.14184
G1 X27.205 Y-.366 E.15226
G1 X24.066 Y.429 E.15226
G1 X20.904 Y1.126 E.15226
G1 X17.722 Y1.724 E.15226
G1 X14.523 Y2.224 E.15225
G1 X11.31 Y2.625 E.15226
G1 X8.087 Y2.926 E.15226
G1 X4.855 Y3.126 E.15226
G1 X1.619 Y3.227 E.15225
G1 X-1.619 Y3.227 E.15226
G1 X-4.855 Y3.126 E.15225
G1 X-8.087 Y2.926 E.15226
G1 X-11.31 Y2.625 E.15226
G1 X-14.523 Y2.224 E.15226
G1 X-17.722 Y1.724 E.15225
G1 X-20.904 Y1.126 E.15226
G1 X-24.066 Y.429 E.15226
G1 X-27.205 Y-.366 E.15226
G1 X-30.317 Y-1.258 E.15226
G1 X-33.19 Y-2.178 E.14184
G1 X-33.19 Y-3.11 E.0438
G1 X-30.502 Y-2.235 E.13294
G1 X-27.373 Y-1.324 E.15325
G1 X-24.217 Y-.512 E.15325
G1 X-21.036 Y.2 E.15325
G1 X-17.835 Y.812 E.15325
G1 X-14.617 Y1.322 E.15325
G1 X-11.384 Y1.732 E.15325
G1 X-8.139 Y2.039 E.15325
G1 X-4.887 Y2.244 E.15325
G1 X-1.629 Y2.346 E.15325
G1 X1.629 Y2.346 E.15325
G1 X4.887 Y2.244 E.15325
G1 X8.139 Y2.039 E.15325
G1 X11.384 Y1.732 E.15325
G1 X14.617 Y1.322 E.15325
G1 X17.835 Y.812 E.15325
G1 X21.036 Y.2 E.15325
G1 X24.217 Y-.512 E.15325
G1 X27.373 Y-1.324 E.15325
G1 X30.502 Y-2.235 E.15325
G1 X33.156 Y-3.098 E.13125
SET_VELOCITY_LIMIT ACCEL=10000
G1 X32.901 Y-2.55 F30000
;TYPE:Gap infill
;WIDTH:0.345883
G1 F2051
G1 X30.189 Y-1.682 E.07032
G1 X27.49 Y-.903 E.06934
G1 X23.964 Y-.002 E.08985
G1 X20.816 Y.692 E.07959
G1 X17.913 Y1.243 E.07294
G1 X14.681 Y1.756 E.08079
G1 X11.429 Y2.168 E.08091
G1 X8.053 Y2.486 E.08374
G1 X4.835 Y2.686 E.0796
G1 X1.639 Y2.786 E.07894
G1 X-1.612 Y2.786 E.08025
G1 X-4.905 Y2.683 E.08134
G1 X-8.176 Y2.476 E.08091
G1 X-11.434 Y2.167 E.0808
G1 X-14.462 Y1.787 E.07534
G1 X-17.647 Y1.289 E.07959
G1 X-21.123 Y.629 E.08734
G1 X-24.321 Y-.087 E.08091
G1 X-27.49 Y-.903 E.08079
G1 X-30.189 Y-1.682 E.06934
G1 X-32.901 Y-2.55 E.07032
;LAYER_CHANGE
;Z:14.06
;HEIGHT:0.200001
;BEFORE_LAYER_CHANGE
;14.06
G1 E-1.2 F2100
;WIPE_START
G1 F9000
G1 X-30.997 Y-1.941
;WIPE_END
;AFTER_LAYER_CHANGE
;14.06
;_SET_FAN_SPEED_CHANGING_LAYER
G17
G3 Z14.46 I.022 J1.217 P1  F30000
G1 X33.19 Y-3.11 Z14.46
G1 Z14.06
M73 P33 R17
G1 E1.2 F2100
SET_VELOCITY_LIMIT ACCEL=5000
;TYPE:Outer wall
;WIDTH:0.62
G1 F2051
G1 X33.19 Y-2.178 E.0438
G1 X30.317 Y-1.258 E.14184
G1 X27.205 Y-.366 E.15226
G1 X24.066 Y.429 E.15226
G1 X20.904 Y1.126 E.15226
G1 X17.722 Y1.724 E.15226
G1 X14.523 Y2.224 E.15225
G1 X11.31 Y2.625 E.15226
G1 X8.087 Y2.926 E.15226
G1 X4.855 Y3.126 E.15226
G1 X1.619 Y3.227 E.15225
G1 X-1.619 Y3.227 E.15226
G1 X-4.855 Y3.126 E.15225
G1 X-8.087 Y2.926 E.15226
G1 X-11.31 Y2.625 E.15226
G1 X-14.523 Y2.224 E.15226
G1 X-17.722 Y1.724 E.15225
G1 X-20.904 Y1.126 E.15226
G1 X-24.066 Y.429 E.15226
G1 X-27.205 Y-.366 E.15226
G1 X-30.317 Y-1.258 E.15226
G1 X-33.19 Y-2.178 E.14184
G1 X-33.19 Y-3.11 E.0438
G1 X-30.502 Y-2.235 E.13294
G1 X-27.373 Y-1.324 E.15325
G1 X-24.217 Y-.512 E.15325
G1 X-21.036 Y.2 E.15325
G1 X-17.835 Y.812 E.15325
G1 X-14.617 Y1.322 E.15325
G1 X-11.384 Y1.732 E.15325
G1 X-8.139 Y2.039 E.15325
G1 X-4.887 Y2.244 E.15325
G1 X-1.629 Y2.346 E.15325
G1 X1.629 Y2.346 E.15325
G1 X4.887 Y2.244 E.15325
G1 X8.139 Y2.039 E.15325
G1 X11.384 Y1.732 E.15325
G1 X14.617 Y1.322 E.15325
G1 X17.835 Y.812 E.15325
G1 X21.036 Y.2 E.15325
G1 X24.217 Y-.512 E.15325
G1 X27.373 Y-1.324 E.15325
G1 X30.502 Y-2.235 E.15325
G1 X33.156 Y-3.098 E.13125
SET_VELOCITY_LIMIT ACCEL=10000
G1 X32.901 Y-2.55 F30000
;TYPE:Gap infill
;WIDTH:0.345883
G1 F2051
G1 X30.189 Y-1.682 E.07032
G1 X27.49 Y-.903 E.06934
G1 X24.321 Y-.087 E.08079
G1 X21.123 Y.629 E.08091
G1 X17.647 Y1.289 E.08734
G1 X14.462 Y1.787 E.07959
G1 X11.434 Y2.167 E.07534
G1 X8.176 Y2.476 E.0808
G1 X4.905 Y2.683 E.08091
G1 X1.612 Y2.786 E.08134
G1 X-1.639 Y2.786 E.08025
G1 X-4.835 Y2.686 E.07894
G1 X-8.053 Y2.486 E.0796
G1 X-11.429 Y2.168 E.08374
G1 X-14.681 Y1.756 E.08091
G1 X-17.913 Y1.243 E.08079
G1 X-20.816 Y.692 E.07294
G1 X-23.964 Y-.002 E.07959
G1 X-27.49 Y-.903 E.08985
G1 X-30.189 Y-1.682 E.06934
G1 X-32.901 Y-2.55 E.07032
;LAYER_CHANGE
;Z:14.26
;HEIGHT:0.2
;BEFORE_LAYER_CHANGE
;14.26
G1 E-1.2 F2100
;WIPE_START
G1 F9000
G1 X-30.997 Y-1.941
;WIPE_END
;AFTER_LAYER_CHANGE
;14.26
;_SET_FAN_SPEED_CHANGING_LAYER
G17
G3 Z14.66 I.022 J1.217 P1  F30000
G1 X33.19 Y-3.11 Z14.66
G1 Z14.26
G1 E1.2 F2100
SET_VELOCITY_LIMIT ACCEL=5000
;TYPE:Outer wall
;WIDTH:0.62
G1 F2051
G1 X33.19 Y-2.178 E.0438
G1 X30.317 Y-1.258 E.14184
G1 X27.205 Y-.366 E.15226
G1 X24.066 Y.429 E.15226
G1 X20.904 Y1.126 E.15226
G1 X17.722 Y1.724 E.15226
G1 X14.523 Y2.224 E.15225
G1 X11.31 Y2.625 E.15226
G1 X8.087 Y2.926 E.15226
G1 X4.855 Y3.126 E.15226
G1 X1.619 Y3.227 E.15225
G1 X-1.619 Y3.227 E.15226
G1 X-4.855 Y3.126 E.15225
G1 X-8.087 Y2.926 E.15226
G1 X-11.31 Y2.625 E.15226
G1 X-14.523 Y2.224 E.15226
G1 X-17.722 Y1.724 E.15225
G1 X-20.904 Y1.126 E.15226
G1 X-24.066 Y.429 E.15226
G1 X-27.205 Y-.366 E.15226
G1 X-30.317 Y-1.258 E.15226
G1 X-33.19 Y-2.178 E.14184
G1 X-33.19 Y-3.11 E.0438
G1 X-30.502 Y-2.235 E.13294
G1 X-27.373 Y-1.324 E.15325
G1 X-24.217 Y-.512 E.15325
G1 X-21.036 Y.2 E.15325
G1 X-17.835 Y.812 E.15325
G1 X-14.617 Y1.322 E.15325
G1 X-11.384 Y1.732 E.15325
G1 X-10.451 Y1.82 E.04403
G1 X-8.139 Y2.039 E.10922
G1 X-4.887 Y2.244 E.15325
G1 X-1.629 Y2.346 E.15325
G1 X1.629 Y2.346 E.15325
G1 X4.887 Y2.244 E.15325
G1 X8.139 Y2.039 E.15325
G1 X11.384 Y1.732 E.15325
G1 X14.617 Y1.322 E.15325
G1 X17.835 Y.812 E.15325
G1 X21.036 Y.2 E.15325
G1 X24.217 Y-.512 E.15325
G1 X27.373 Y-1.324 E.15325
G1 X30.502 Y-2.235 E.15325
G1 X33.156 Y-3.098 E.13125
SET_VELOCITY_LIMIT ACCEL=10000
G1 X32.901 Y-2.55 F30000
;TYPE:Gap infill
;WIDTH:0.345883
G1 F2051
G1 X30.189 Y-1.682 E.07032
G1 X27.49 Y-.903 E.06934
G1 X24.321 Y-.087 E.08079
G1 X21.123 Y.629 E.08091
G1 X17.647 Y1.289 E.08734
G1 X14.462 Y1.787 E.07959
G1 X11.434 Y2.167 E.07534
G1 X8.176 Y2.476 E.0808
G1 X4.905 Y2.683 E.08091
G1 X1.612 Y2.786 E.08134
G1 X-1.639 Y2.786 E.08025
G1 X-4.835 Y2.686 E.07894
G1 X-8.053 Y2.486 E.0796
G1 X-11.429 Y2.168 E.08374
G1 X-14.681 Y1.756 E.08091
G1 X-17.913 Y1.243 E.08079
G1 X-20.816 Y.692 E.07294
G1 X-23.964 Y-.002 E.07959
G1 X-27.49 Y-.903 E.08985
G1 X-30.189 Y-1.682 E.06934
G1 X-32.901 Y-2.55 E.07032
;LAYER_CHANGE
;Z:14.46
;HEIGHT:0.2
;BEFORE_LAYER_CHANGE
;14.46
G1 E-1.2 F2100
;WIPE_START
G1 F9000
G1 X-30.997 Y-1.941
;WIPE_END
;AFTER_LAYER_CHANGE
;14.46
;_SET_FAN_SPEED_CHANGING_LAYER
G17
G3 Z14.86 I.022 J1.217 P1  F30000
G1 X33.19 Y-3.11 Z14.86
G1 Z14.46
G1 E1.2 F2100
SET_VELOCITY_LIMIT ACCEL=5000
;TYPE:Outer wall
;WIDTH:0.62
G1 F2051
G1 X33.19 Y-2.178 E.0438
G1 X30.317 Y-1.258 E.14184
G1 X27.205 Y-.366 E.15226
G1 X24.066 Y.429 E.15226
G1 X20.904 Y1.126 E.15226
G1 X17.722 Y1.724 E.15226
G1 X14.523 Y2.224 E.15225
G1 X11.31 Y2.625 E.15226
G1 X8.087 Y2.926 E.15226
G1 X4.855 Y3.126 E.15226
G1 X1.619 Y3.227 E.15225
G1 X-1.619 Y3.227 E.15226
G1 X-4.855 Y3.126 E.15225
G1 X-8.087 Y2.926 E.15226
G1 X-11.31 Y2.625 E.15226
G1 X-14.523 Y2.224 E.15226
G1 X-17.722 Y1.724 E.15225
G1 X-20.904 Y1.126 E.15226
G1 X-24.066 Y.429 E.15226
G1 X-27.205 Y-.366 E.15226
G1 X-30.317 Y-1.258 E.15226
G1 X-33.19 Y-2.178 E.14184
G1 X-33.19 Y-3.11 E.0438
G1 X-30.502 Y-2.235 E.13294
G1 X-27.373 Y-1.324 E.15325
G1 X-24.217 Y-.512 E.15325
G1 X-21.036 Y.2 E.15325
G1 X-17.835 Y.812 E.15325
G1 X-14.617 Y1.322 E.15325
G1 X-11.384 Y1.732 E.15325
M73 P34 R17
G1 X-8.139 Y2.039 E.15325
G1 X-4.887 Y2.244 E.15325
G1 X-1.629 Y2.346 E.15325
G1 X1.629 Y2.346 E.15325
G1 X4.887 Y2.244 E.15325
G1 X8.139 Y2.039 E.15325
G1 X11.384 Y1.732 E.15325
G1 X14.617 Y1.322 E.15325
G1 X17.835 Y.812 E.15325
G1 X21.036 Y.2 E.15325
G1 X24.217 Y-.512 E.15325
G1 X27.373 Y-1.324 E.15325
G1 X30.502 Y-2.235 E.15325
G1 X33.156 Y-3.098 E.13125
SET_VELOCITY_LIMIT ACCEL=10000
G1 X32.901 Y-2.55 F30000
;TYPE:Gap infill
;WIDTH:0.345883
G1 F2051
G1 X30.189 Y-1.682 E.07032
G1 X27.49 Y-.903 E.06934
G1 X24.321 Y-.087 E.08079
G1 X21.123 Y.629 E.08091
G1 X17.647 Y1.289 E.08734
G1 X14.462 Y1.787 E.07959
G1 X11.434 Y2.167 E.07534
G1 X8.176 Y2.476 E.0808
G1 X4.905 Y2.683 E.08091
G1 X1.612 Y2.786 E.08134
G1 X-1.639 Y2.786 E.08025
G1 X-4.835 Y2.686 E.07894
G1 X-8.053 Y2.486 E.0796
G1 X-11.429 Y2.168 E.08374
G1 X-14.681 Y1.756 E.08091
G1 X-17.913 Y1.243 E.08079
G1 X-20.816 Y.692 E.07294
G1 X-23.964 Y-.002 E.07959
G1 X-27.49 Y-.903 E.08985
G1 X-30.189 Y-1.682 E.06934
G1 X-32.901 Y-2.55 E.07032
;LAYER_CHANGE
;Z:14.66
;HEIGHT:0.2
;BEFORE_LAYER_CHANGE
;14.66
G1 E-1.2 F2100
;WIPE_START
G1 F9000
G1 X-30.997 Y-1.941
;WIPE_END
;AFTER_LAYER_CHANGE
;14.66
;_SET_FAN_SPEED_CHANGING_LAYER
G17
G3 Z15.06 I.022 J1.217 P1  F30000
G1 X33.19 Y-3.11 Z15.06
G1 Z14.66
G1 E1.2 F2100
SET_VELOCITY_LIMIT ACCEL=5000
;TYPE:Outer wall
;WIDTH:0.62
G1 F2051
G1 X33.19 Y-2.178 E.0438
G1 X30.317 Y-1.258 E.14184
G1 X27.205 Y-.366 E.15226
G1 X24.066 Y.429 E.15226
G1 X20.904 Y1.126 E.15226
G1 X17.722 Y1.724 E.15226
G1 X14.523 Y2.224 E.15225
G1 X11.31 Y2.625 E.15226
M73 P34 R16
G1 X8.087 Y2.926 E.15226
G1 X4.855 Y3.126 E.15226
G1 X1.619 Y3.227 E.15225
G1 X-1.619 Y3.227 E.15226
G1 X-4.855 Y3.126 E.15225
G1 X-8.087 Y2.926 E.15226
G1 X-11.31 Y2.625 E.15226
G1 X-14.523 Y2.224 E.15226
G1 X-17.722 Y1.724 E.15225
G1 X-20.904 Y1.126 E.15226
G1 X-24.066 Y.429 E.15226
G1 X-27.205 Y-.366 E.15226
G1 X-30.317 Y-1.258 E.15226
G1 X-33.19 Y-2.178 E.14184
G1 X-33.19 Y-3.11 E.0438
G1 X-30.502 Y-2.235 E.13294
G1 X-27.373 Y-1.324 E.15325
G1 X-24.217 Y-.512 E.15325
G1 X-21.036 Y.2 E.15325
G1 X-17.835 Y.812 E.15325
G1 X-14.617 Y1.322 E.15325
G1 X-11.384 Y1.732 E.15325
G1 X-8.139 Y2.039 E.15325
G1 X-4.887 Y2.244 E.15325
G1 X-1.629 Y2.346 E.15325
G1 X1.629 Y2.346 E.15325
G1 X4.887 Y2.244 E.15325
G1 X8.139 Y2.039 E.15325
G1 X11.384 Y1.732 E.15325
G1 X14.617 Y1.322 E.15325
G1 X17.835 Y.812 E.15325
G1 X21.036 Y.2 E.15325
G1 X24.217 Y-.512 E.15325
G1 X27.373 Y-1.324 E.15325
G1 X30.502 Y-2.235 E.15325
G1 X33.156 Y-3.098 E.13125
SET_VELOCITY_LIMIT ACCEL=10000
G1 X32.901 Y-2.55 F30000
;TYPE:Gap infill
;WIDTH:0.345883
G1 F2051
G1 X30.189 Y-1.682 E.07032
G1 X27.49 Y-.903 E.06934
G1 X23.964 Y-.002 E.08985
G1 X20.816 Y.692 E.07959
G1 X17.913 Y1.243 E.07294
G1 X14.681 Y1.756 E.08079
G1 X11.429 Y2.168 E.08091
G1 X8.053 Y2.486 E.08374
G1 X4.835 Y2.686 E.0796
G1 X1.639 Y2.786 E.07894
G1 X-1.612 Y2.786 E.08025
G1 X-4.905 Y2.683 E.08134
G1 X-8.176 Y2.476 E.08091
G1 X-11.434 Y2.167 E.0808
G1 X-14.462 Y1.787 E.07534
G1 X-17.647 Y1.289 E.07959
G1 X-21.123 Y.629 E.08734
G1 X-24.321 Y-.087 E.08091
G1 X-27.49 Y-.903 E.08079
G1 X-30.189 Y-1.682 E.06934
G1 X-32.901 Y-2.55 E.07032
;LAYER_CHANGE
;Z:14.86
;HEIGHT:0.2
;BEFORE_LAYER_CHANGE
;14.86
G1 E-1.2 F2100
;WIPE_START
G1 F9000
G1 X-30.997 Y-1.941
;WIPE_END
;AFTER_LAYER_CHANGE
;14.86
;_SET_FAN_SPEED_CHANGING_LAYER
G17
G3 Z15.26 I.022 J1.217 P1  F30000
G1 X33.19 Y-3.11 Z15.26
G1 Z14.86
G1 E1.2 F2100
SET_VELOCITY_LIMIT ACCEL=5000
;TYPE:Outer wall
;WIDTH:0.62
G1 F2051
G1 X33.19 Y-2.178 E.0438
G1 X30.317 Y-1.258 E.14184
G1 X27.205 Y-.366 E.15226
G1 X24.066 Y.429 E.15226
G1 X20.904 Y1.126 E.15226
G1 X17.722 Y1.724 E.15226
G1 X14.523 Y2.224 E.15225
G1 X11.31 Y2.625 E.15226
G1 X8.087 Y2.926 E.15226
G1 X4.855 Y3.126 E.15226
G1 X1.619 Y3.227 E.15225
G1 X-1.619 Y3.227 E.15226
G1 X-4.855 Y3.126 E.15225
G1 X-8.087 Y2.926 E.15226
G1 X-11.31 Y2.625 E.15226
G1 X-14.523 Y2.224 E.15226
G1 X-17.722 Y1.724 E.15225
G1 X-20.904 Y1.126 E.15226
G1 X-24.066 Y.429 E.15226
G1 X-27.205 Y-.366 E.15226
G1 X-30.317 Y-1.258 E.15226
G1 X-33.19 Y-2.178 E.14184
G1 X-33.19 Y-3.11 E.0438
G1 X-30.502 Y-2.235 E.13294
G1 X-27.373 Y-1.324 E.15325
G1 X-24.217 Y-.512 E.15325
G1 X-21.036 Y.2 E.15325
G1 X-17.835 Y.812 E.15325
G1 X-14.617 Y1.322 E.15325
G1 X-11.384 Y1.732 E.15325
G1 X-10.408 Y1.824 E.04607
G1 X-8.139 Y2.039 E.10718
G1 X-4.887 Y2.244 E.15325
G1 X-1.629 Y2.346 E.15325
G1 X1.629 Y2.346 E.15325
G1 X4.887 Y2.244 E.15325
G1 X8.139 Y2.039 E.15325
G1 X11.384 Y1.732 E.15325
G1 X14.617 Y1.322 E.15325
G1 X17.835 Y.812 E.15325
G1 X21.036 Y.2 E.15325
G1 X24.217 Y-.512 E.15325
G1 X27.373 Y-1.324 E.15325
G1 X30.502 Y-2.235 E.15325
G1 X33.156 Y-3.098 E.13125
SET_VELOCITY_LIMIT ACCEL=10000
G1 X32.901 Y-2.55 F30000
;TYPE:Gap infill
;WIDTH:0.345922
G1 F2051
G1 X30.189 Y-1.682 E.07033
G1 X27.49 Y-.903 E.06935
G1 X24.321 Y-.087 E.0808
G1 X21.123 Y.629 E.08092
G1 X17.647 Y1.289 E.08735
G1 X14.462 Y1.787 E.0796
G1 X11.434 Y2.167 E.07535
G1 X8.176 Y2.476 E.08081
G1 X4.905 Y2.683 E.08092
G1 X1.612 Y2.786 E.08135
G1 X-1.639 Y2.786 E.08026
G1 X-4.835 Y2.686 E.07895
G1 X-8.053 Y2.486 E.07961
G1 X-11.429 Y2.168 E.08375
M73 P35 R16
G1 X-14.681 Y1.756 E.08092
G1 X-17.913 Y1.243 E.08081
G1 X-20.816 Y.692 E.07295
G1 X-23.964 Y-.002 E.0796
G1 X-27.49 Y-.903 E.08986
G1 X-30.189 Y-1.682 E.06935
G1 X-32.901 Y-2.55 E.07033
;LAYER_CHANGE
;Z:15.06
;HEIGHT:0.200001
;BEFORE_LAYER_CHANGE
;15.06
G1 E-1.2 F2100
;WIPE_START
G1 F9000
G1 X-30.997 Y-1.941
;WIPE_END
;AFTER_LAYER_CHANGE
;15.06
;_SET_FAN_SPEED_CHANGING_LAYER
G17
G3 Z15.46 I.022 J1.217 P1  F30000
G1 X33.19 Y-3.11 Z15.46
G1 Z15.06
G1 E1.2 F2100
SET_VELOCITY_LIMIT ACCEL=5000
;TYPE:Outer wall
;WIDTH:0.62
G1 F2051
G1 X33.19 Y-2.178 E.0438
G1 X30.317 Y-1.258 E.14184
G1 X27.205 Y-.366 E.15226
G1 X24.066 Y.429 E.15226
G1 X20.904 Y1.126 E.15226
G1 X17.722 Y1.724 E.15226
G1 X14.523 Y2.224 E.15225
G1 X11.31 Y2.625 E.15226
G1 X8.087 Y2.926 E.15226
G1 X4.855 Y3.126 E.15226
G1 X1.619 Y3.227 E.15225
G1 X-1.619 Y3.227 E.15226
G1 X-4.855 Y3.126 E.15225
G1 X-8.087 Y2.926 E.15226
G1 X-11.31 Y2.625 E.15226
G1 X-14.523 Y2.224 E.15226
G1 X-17.722 Y1.724 E.15225
G1 X-20.904 Y1.126 E.15226
G1 X-24.066 Y.429 E.15226
G1 X-27.205 Y-.366 E.15226
G1 X-30.317 Y-1.258 E.15226
G1 X-33.19 Y-2.178 E.14184
G1 X-33.19 Y-3.11 E.0438
G1 X-30.502 Y-2.235 E.13294
G1 X-27.373 Y-1.324 E.15325
G1 X-24.217 Y-.512 E.15325
G1 X-21.036 Y.2 E.15325
G1 X-17.835 Y.812 E.15325
G1 X-14.617 Y1.322 E.15325
G1 X-11.384 Y1.732 E.15325
G1 X-8.139 Y2.039 E.15325
G1 X-4.887 Y2.244 E.15325
G1 X-1.629 Y2.346 E.15325
G1 X1.629 Y2.346 E.15325
G1 X4.887 Y2.244 E.15325
G1 X8.139 Y2.039 E.15325
G1 X11.384 Y1.732 E.15325
G1 X14.617 Y1.322 E.15325
G1 X17.835 Y.812 E.15325
G1 X21.036 Y.2 E.15325
G1 X24.217 Y-.512 E.15325
G1 X27.373 Y-1.324 E.15325
G1 X30.502 Y-2.235 E.15325
G1 X33.156 Y-3.098 E.13125
SET_VELOCITY_LIMIT ACCEL=10000
G1 X32.901 Y-2.55 F30000
;TYPE:Gap infill
;WIDTH:0.345883
G1 F2051
G1 X30.189 Y-1.682 E.07032
G1 X27.49 Y-.903 E.06934
G1 X24.321 Y-.087 E.08079
G1 X21.123 Y.629 E.08091
G1 X17.647 Y1.289 E.08734
G1 X14.462 Y1.787 E.07959
G1 X11.434 Y2.167 E.07534
G1 X8.176 Y2.476 E.0808
G1 X4.905 Y2.683 E.08091
G1 X1.612 Y2.786 E.08134
G1 X-1.639 Y2.786 E.08025
G1 X-4.835 Y2.686 E.07894
G1 X-8.053 Y2.486 E.0796
G1 X-11.429 Y2.168 E.08374
G1 X-14.681 Y1.756 E.08091
G1 X-17.913 Y1.243 E.08079
G1 X-20.816 Y.692 E.07294
G1 X-23.964 Y-.002 E.07959
G1 X-27.49 Y-.903 E.08985
G1 X-30.189 Y-1.682 E.06934
G1 X-32.901 Y-2.55 E.07032
;LAYER_CHANGE
;Z:15.26
;HEIGHT:0.2
;BEFORE_LAYER_CHANGE
;15.26
G1 E-1.2 F2100
;WIPE_START
G1 F9000
G1 X-30.997 Y-1.941
;WIPE_END
;AFTER_LAYER_CHANGE
;15.26
;_SET_FAN_SPEED_CHANGING_LAYER
G17
G3 Z15.66 I.022 J1.217 P1  F30000
G1 X33.19 Y-3.11 Z15.66
G1 Z15.26
G1 E1.2 F2100
SET_VELOCITY_LIMIT ACCEL=5000
;TYPE:Outer wall
;WIDTH:0.62
G1 F2051
G1 X33.19 Y-2.178 E.0438
G1 X30.317 Y-1.258 E.14184
G1 X27.205 Y-.366 E.15226
G1 X24.066 Y.429 E.15226
G1 X20.904 Y1.126 E.15226
G1 X17.722 Y1.724 E.15226
G1 X14.523 Y2.224 E.15225
G1 X11.31 Y2.625 E.15226
G1 X8.087 Y2.926 E.15226
G1 X4.855 Y3.126 E.15226
G1 X1.619 Y3.227 E.15225
G1 X-1.619 Y3.227 E.15226
G1 X-4.855 Y3.126 E.15225
G1 X-8.087 Y2.926 E.15226
G1 X-11.31 Y2.625 E.15226
G1 X-14.523 Y2.224 E.15226
G1 X-17.722 Y1.724 E.15225
G1 X-20.904 Y1.126 E.15226
G1 X-24.066 Y.429 E.15226
G1 X-27.205 Y-.366 E.15226
G1 X-30.317 Y-1.258 E.15226
G1 X-33.19 Y-2.178 E.14184
G1 X-33.19 Y-3.11 E.0438
G1 X-30.502 Y-2.235 E.13294
G1 X-27.373 Y-1.324 E.15325
G1 X-24.217 Y-.512 E.15325
G1 X-21.036 Y.2 E.15325
G1 X-17.835 Y.812 E.15325
G1 X-14.617 Y1.322 E.15325
G1 X-11.384 Y1.732 E.15325
G1 X-8.139 Y2.039 E.15325
G1 X-4.887 Y2.244 E.15325
G1 X-1.629 Y2.346 E.15325
G1 X1.629 Y2.346 E.15325
G1 X4.887 Y2.244 E.15325
G1 X8.139 Y2.039 E.15325
G1 X11.384 Y1.732 E.15325
G1 X14.617 Y1.322 E.15325
G1 X17.835 Y.812 E.15325
G1 X21.036 Y.2 E.15325
G1 X24.217 Y-.512 E.15325
G1 X27.373 Y-1.324 E.15325
G1 X30.502 Y-2.235 E.15325
G1 X33.156 Y-3.098 E.13125
SET_VELOCITY_LIMIT ACCEL=10000
G1 X32.901 Y-2.55 F30000
;TYPE:Gap infill
;WIDTH:0.345882
G1 F2051
G1 X30.189 Y-1.682 E.07032
G1 X27.49 Y-.903 E.06934
G1 X23.964 Y-.002 E.08985
G1 X20.816 Y.692 E.07959
G1 X17.913 Y1.243 E.07294
G1 X14.681 Y1.756 E.08079
G1 X11.429 Y2.168 E.08091
G1 X8.053 Y2.486 E.08374
G1 X4.835 Y2.686 E.0796
G1 X1.639 Y2.786 E.07894
G1 X-1.612 Y2.786 E.08025
G1 X-4.905 Y2.683 E.08134
G1 X-8.176 Y2.476 E.08091
G1 X-11.434 Y2.167 E.0808
G1 X-14.462 Y1.787 E.07534
G1 X-17.647 Y1.289 E.07959
G1 X-21.123 Y.629 E.08734
G1 X-24.321 Y-.087 E.08091
G1 X-27.49 Y-.903 E.08079
G1 X-30.189 Y-1.682 E.06934
G1 X-32.901 Y-2.55 E.07032
;LAYER_CHANGE
;Z:15.46
;HEIGHT:0.2
;BEFORE_LAYER_CHANGE
;15.46
G1 E-1.2 F2100
;WIPE_START
G1 F9000
G1 X-30.997 Y-1.941
;WIPE_END
;AFTER_LAYER_CHANGE
;15.46
;_SET_FAN_SPEED_CHANGING_LAYER
G17
G3 Z15.86 I.022 J1.217 P1  F30000
G1 X33.19 Y-3.11 Z15.86
G1 Z15.46
G1 E1.2 F2100
SET_VELOCITY_LIMIT ACCEL=5000
;TYPE:Outer wall
;WIDTH:0.62
G1 F2051
G1 X33.19 Y-2.178 E.0438
G1 X30.317 Y-1.258 E.14184
G1 X27.205 Y-.366 E.15226
G1 X24.066 Y.429 E.15226
G1 X20.904 Y1.126 E.15226
G1 X17.722 Y1.724 E.15226
G1 X14.523 Y2.224 E.15225
G1 X11.31 Y2.625 E.15226
G1 X8.087 Y2.926 E.15226
G1 X4.855 Y3.126 E.15226
G1 X1.619 Y3.227 E.15225
G1 X-1.619 Y3.227 E.15226
G1 X-4.855 Y3.126 E.15225
G1 X-8.087 Y2.926 E.15226
G1 X-11.31 Y2.625 E.15226
G1 X-14.523 Y2.224 E.15226
G1 X-17.722 Y1.724 E.15225
G1 X-20.904 Y1.126 E.15226
M73 P36 R16
G1 X-24.066 Y.429 E.15226
G1 X-27.205 Y-.366 E.15226
G1 X-30.317 Y-1.258 E.15226
G1 X-33.19 Y-2.178 E.14184
G1 X-33.19 Y-3.11 E.0438
G1 X-30.502 Y-2.235 E.13294
G1 X-27.373 Y-1.324 E.15325
G1 X-24.217 Y-.512 E.15325
G1 X-21.036 Y.2 E.15325
G1 X-17.835 Y.812 E.15325
G1 X-14.617 Y1.322 E.15325
G1 X-11.384 Y1.732 E.15325
G1 X-10.365 Y1.828 E.0481
G1 X-8.139 Y2.039 E.10515
G1 X-4.887 Y2.244 E.15325
G1 X-1.629 Y2.346 E.15325
G1 X1.629 Y2.346 E.15325
G1 X4.887 Y2.244 E.15325
G1 X8.139 Y2.039 E.15325
G1 X11.384 Y1.732 E.15325
G1 X14.617 Y1.322 E.15325
G1 X17.835 Y.812 E.15325
G1 X21.036 Y.2 E.15325
G1 X24.217 Y-.512 E.15325
G1 X27.373 Y-1.324 E.15325
G1 X30.502 Y-2.235 E.15325
G1 X33.156 Y-3.098 E.13125
SET_VELOCITY_LIMIT ACCEL=10000
G1 X32.901 Y-2.55 F30000
;TYPE:Gap infill
;WIDTH:0.345923
G1 F2051
G1 X30.189 Y-1.682 E.07033
G1 X27.49 Y-.903 E.06935
G1 X24.321 Y-.087 E.0808
G1 X21.123 Y.629 E.08092
G1 X17.647 Y1.289 E.08735
G1 X14.462 Y1.787 E.07961
G1 X11.434 Y2.167 E.07535
G1 X8.176 Y2.476 E.08081
G1 X4.905 Y2.683 E.08092
G1 X1.612 Y2.786 E.08135
G1 X-1.639 Y2.786 E.08027
G1 X-4.835 Y2.686 E.07895
G1 X-8.053 Y2.486 E.07961
G1 X-11.429 Y2.168 E.08375
G1 X-14.681 Y1.756 E.08092
G1 X-17.913 Y1.243 E.08081
G1 X-20.816 Y.692 E.07295
G1 X-23.964 Y-.002 E.0796
G1 X-27.49 Y-.903 E.08986
G1 X-30.189 Y-1.682 E.06935
G1 X-32.901 Y-2.55 E.07033
;LAYER_CHANGE
;Z:15.66
;HEIGHT:0.2
;BEFORE_LAYER_CHANGE
;15.66
G1 E-1.2 F2100
;WIPE_START
G1 F9000
G1 X-30.997 Y-1.941
;WIPE_END
;AFTER_LAYER_CHANGE
;15.66
;_SET_FAN_SPEED_CHANGING_LAYER
G17
G3 Z16.06 I.022 J1.217 P1  F30000
G1 X33.19 Y-3.11 Z16.06
G1 Z15.66
G1 E1.2 F2100
SET_VELOCITY_LIMIT ACCEL=5000
;TYPE:Outer wall
;WIDTH:0.62
G1 F2051
G1 X33.19 Y-2.178 E.0438
G1 X30.317 Y-1.258 E.14184
G1 X27.205 Y-.366 E.15226
G1 X24.066 Y.429 E.15226
G1 X20.904 Y1.126 E.15226
G1 X17.722 Y1.724 E.15226
G1 X14.523 Y2.224 E.15225
G1 X11.31 Y2.625 E.15226
G1 X8.087 Y2.926 E.15226
G1 X4.855 Y3.126 E.15226
G1 X1.619 Y3.227 E.15225
G1 X-1.619 Y3.227 E.15226
G1 X-4.855 Y3.126 E.15225
G1 X-8.087 Y2.926 E.15226
G1 X-11.31 Y2.625 E.15226
G1 X-14.523 Y2.224 E.15226
G1 X-17.722 Y1.724 E.15225
G1 X-20.904 Y1.126 E.15226
G1 X-24.066 Y.429 E.15226
G1 X-27.205 Y-.366 E.15226
G1 X-30.317 Y-1.258 E.15226
G1 X-33.19 Y-2.178 E.14184
G1 X-33.19 Y-3.11 E.0438
G1 X-30.502 Y-2.235 E.13294
G1 X-27.373 Y-1.324 E.15325
G1 X-24.217 Y-.512 E.15325
G1 X-21.036 Y.2 E.15325
G1 X-17.835 Y.812 E.15325
G1 X-14.617 Y1.322 E.15325
G1 X-11.384 Y1.732 E.15325
G1 X-8.139 Y2.039 E.15325
G1 X-4.887 Y2.244 E.15325
G1 X-1.629 Y2.346 E.15325
G1 X1.629 Y2.346 E.15325
G1 X4.887 Y2.244 E.15325
G1 X8.139 Y2.039 E.15325
G1 X11.384 Y1.732 E.15325
G1 X14.617 Y1.322 E.15325
G1 X17.835 Y.812 E.15325
G1 X21.036 Y.2 E.15325
G1 X24.217 Y-.512 E.15325
G1 X27.373 Y-1.324 E.15325
G1 X30.502 Y-2.235 E.15325
G1 X33.156 Y-3.098 E.13125
SET_VELOCITY_LIMIT ACCEL=10000
G1 X32.901 Y-2.55 F30000
;TYPE:Gap infill
;WIDTH:0.345882
G1 F2051
G1 X30.189 Y-1.682 E.07032
G1 X27.49 Y-.903 E.06934
G1 X24.321 Y-.087 E.08079
G1 X21.123 Y.629 E.08091
G1 X17.647 Y1.289 E.08734
G1 X14.462 Y1.787 E.07959
G1 X11.434 Y2.167 E.07534
G1 X8.176 Y2.476 E.0808
G1 X4.905 Y2.683 E.08091
G1 X1.612 Y2.786 E.08134
G1 X-1.639 Y2.786 E.08025
G1 X-4.835 Y2.686 E.07894
G1 X-8.053 Y2.486 E.0796
G1 X-11.429 Y2.168 E.08374
G1 X-14.681 Y1.756 E.08091
G1 X-17.913 Y1.243 E.08079
G1 X-20.816 Y.692 E.07294
G1 X-23.964 Y-.002 E.07959
G1 X-27.49 Y-.903 E.08985
G1 X-30.189 Y-1.682 E.06934
G1 X-32.901 Y-2.55 E.07032
;LAYER_CHANGE
;Z:15.86
;HEIGHT:0.2
;BEFORE_LAYER_CHANGE
;15.86
G1 E-1.2 F2100
;WIPE_START
G1 F9000
G1 X-30.997 Y-1.941
;WIPE_END
;AFTER_LAYER_CHANGE
;15.86
;_SET_FAN_SPEED_CHANGING_LAYER
G17
G3 Z16.26 I.022 J1.217 P1  F30000
G1 X33.19 Y-3.11 Z16.26
G1 Z15.86
G1 E1.2 F2100
SET_VELOCITY_LIMIT ACCEL=5000
;TYPE:Outer wall
;WIDTH:0.62
G1 F2051
G1 X33.19 Y-2.178 E.0438
G1 X30.317 Y-1.258 E.14184
G1 X27.205 Y-.366 E.15226
G1 X24.066 Y.429 E.15226
G1 X20.904 Y1.126 E.15226
G1 X17.722 Y1.724 E.15226
G1 X14.523 Y2.224 E.15225
G1 X11.31 Y2.625 E.15226
G1 X8.087 Y2.926 E.15226
G1 X4.855 Y3.126 E.15226
G1 X1.619 Y3.227 E.15225
G1 X-1.619 Y3.227 E.15226
G1 X-4.855 Y3.126 E.15225
G1 X-8.087 Y2.926 E.15226
G1 X-11.31 Y2.625 E.15226
G1 X-14.523 Y2.224 E.15226
G1 X-17.722 Y1.724 E.15225
G1 X-20.904 Y1.126 E.15226
G1 X-24.066 Y.429 E.15226
G1 X-27.205 Y-.366 E.15226
G1 X-30.317 Y-1.258 E.15226
G1 X-33.19 Y-2.178 E.14184
G1 X-33.19 Y-3.11 E.0438
G1 X-30.502 Y-2.235 E.13294
G1 X-27.373 Y-1.324 E.15325
G1 X-24.217 Y-.512 E.15325
G1 X-21.036 Y.2 E.15325
G1 X-17.835 Y.812 E.15325
G1 X-14.617 Y1.322 E.15325
G1 X-11.384 Y1.732 E.15325
G1 X-8.139 Y2.039 E.15325
G1 X-4.887 Y2.244 E.15325
G1 X-1.629 Y2.346 E.15325
G1 X1.629 Y2.346 E.15325
G1 X4.887 Y2.244 E.15325
G1 X8.139 Y2.039 E.15325
G1 X11.384 Y1.732 E.15325
G1 X14.617 Y1.322 E.15325
G1 X17.835 Y.812 E.15325
G1 X21.036 Y.2 E.15325
G1 X24.217 Y-.512 E.15325
G1 X27.373 Y-1.324 E.15325
G1 X30.502 Y-2.235 E.15325
G1 X33.156 Y-3.098 E.13125
SET_VELOCITY_LIMIT ACCEL=10000
G1 X32.901 Y-2.55 F30000
;TYPE:Gap infill
;WIDTH:0.345882
G1 F2051
G1 X30.189 Y-1.682 E.07032
G1 X27.49 Y-.903 E.06934
G1 X24.321 Y-.087 E.08079
M73 P37 R16
G1 X21.123 Y.629 E.08091
G1 X17.647 Y1.289 E.08734
G1 X14.462 Y1.787 E.07959
G1 X11.434 Y2.167 E.07534
G1 X8.176 Y2.476 E.0808
G1 X4.905 Y2.683 E.08091
G1 X1.612 Y2.786 E.08134
G1 X-1.639 Y2.786 E.08025
G1 X-4.835 Y2.686 E.07894
G1 X-8.053 Y2.486 E.0796
G1 X-11.429 Y2.168 E.08374
G1 X-14.681 Y1.756 E.08091
G1 X-17.913 Y1.243 E.08079
G1 X-20.816 Y.692 E.07294
G1 X-23.964 Y-.002 E.07959
G1 X-27.49 Y-.903 E.08985
G1 X-30.189 Y-1.682 E.06934
G1 X-32.901 Y-2.55 E.07032
;LAYER_CHANGE
;Z:16.06
;HEIGHT:0.2
;BEFORE_LAYER_CHANGE
;16.06
G1 E-1.2 F2100
;WIPE_START
G1 F9000
G1 X-30.997 Y-1.941
;WIPE_END
;AFTER_LAYER_CHANGE
;16.06
;_SET_FAN_SPEED_CHANGING_LAYER
G17
G3 Z16.46 I.022 J1.217 P1  F30000
G1 X33.19 Y-3.11 Z16.46
G1 Z16.06
G1 E1.2 F2100
SET_VELOCITY_LIMIT ACCEL=5000
;TYPE:Outer wall
;WIDTH:0.62
G1 F2051
G1 X33.19 Y-2.178 E.0438
G1 X30.317 Y-1.258 E.14184
G1 X27.205 Y-.366 E.15226
G1 X24.066 Y.429 E.15226
G1 X20.904 Y1.126 E.15226
G1 X17.722 Y1.724 E.15226
G1 X14.523 Y2.224 E.15225
G1 X11.31 Y2.625 E.15226
G1 X8.087 Y2.926 E.15226
G1 X4.855 Y3.126 E.15226
G1 X1.619 Y3.227 E.15225
G1 X-1.619 Y3.227 E.15226
G1 X-4.855 Y3.126 E.15225
G1 X-8.087 Y2.926 E.15226
G1 X-11.31 Y2.625 E.15226
G1 X-14.523 Y2.224 E.15226
G1 X-17.722 Y1.724 E.15225
G1 X-20.904 Y1.126 E.15226
G1 X-24.066 Y.429 E.15226
G1 X-27.205 Y-.366 E.15226
G1 X-30.317 Y-1.258 E.15226
G1 X-33.19 Y-2.178 E.14184
G1 X-33.19 Y-3.11 E.0438
G1 X-30.502 Y-2.235 E.13294
G1 X-27.373 Y-1.324 E.15325
G1 X-24.217 Y-.512 E.15325
G1 X-21.036 Y.2 E.15325
G1 X-17.835 Y.812 E.15325
G1 X-14.617 Y1.322 E.15325
G1 X-11.384 Y1.732 E.15325
G1 X-10.322 Y1.832 E.05014
G1 X-8.139 Y2.039 E.10311
G1 X-4.887 Y2.244 E.15325
G1 X-1.629 Y2.346 E.15325
G1 X1.629 Y2.346 E.15325
G1 X4.887 Y2.244 E.15325
G1 X8.139 Y2.039 E.15325
G1 X11.384 Y1.732 E.15325
G1 X14.617 Y1.322 E.15325
G1 X17.835 Y.812 E.15325
G1 X21.036 Y.2 E.15325
G1 X24.217 Y-.512 E.15325
G1 X27.373 Y-1.324 E.15325
G1 X30.502 Y-2.235 E.15325
G1 X33.156 Y-3.098 E.13125
SET_VELOCITY_LIMIT ACCEL=10000
G1 X32.901 Y-2.55 F30000
;TYPE:Gap infill
;WIDTH:0.345924
G1 F2051
G1 X30.189 Y-1.682 E.07033
G1 X27.49 Y-.903 E.06935
G1 X23.964 Y-.002 E.08986
G1 X20.816 Y.692 E.0796
G1 X17.913 Y1.243 E.07295
G1 X14.681 Y1.756 E.08081
G1 X11.429 Y2.168 E.08092
G1 X8.053 Y2.486 E.08375
G1 X4.835 Y2.686 E.07961
G1 X1.639 Y2.786 E.07895
G1 X-1.612 Y2.786 E.08027
G1 X-4.905 Y2.683 E.08135
G1 X-8.176 Y2.476 E.08092
G1 X-11.434 Y2.167 E.08081
G1 X-14.462 Y1.787 E.07535
G1 X-17.647 Y1.289 E.07961
G1 X-21.123 Y.629 E.08735
G1 X-24.321 Y-.087 E.08092
G1 X-27.49 Y-.903 E.0808
G1 X-30.189 Y-1.682 E.06935
G1 X-32.901 Y-2.55 E.07033
;LAYER_CHANGE
;Z:16.26
;HEIGHT:0.200001
;BEFORE_LAYER_CHANGE
;16.26
G1 E-1.2 F2100
;WIPE_START
G1 F9000
G1 X-30.997 Y-1.941
;WIPE_END
;AFTER_LAYER_CHANGE
;16.26
;_SET_FAN_SPEED_CHANGING_LAYER
G17
G3 Z16.66 I.022 J1.217 P1  F30000
G1 X33.19 Y-3.11 Z16.66
G1 Z16.26
G1 E1.2 F2100
SET_VELOCITY_LIMIT ACCEL=5000
;TYPE:Outer wall
;WIDTH:0.62
G1 F2051
G1 X33.19 Y-2.178 E.0438
G1 X30.317 Y-1.258 E.14184
G1 X27.205 Y-.366 E.15226
G1 X24.066 Y.429 E.15226
G1 X20.904 Y1.126 E.15226
G1 X17.722 Y1.724 E.15226
G1 X14.523 Y2.224 E.15225
G1 X11.31 Y2.625 E.15226
G1 X8.087 Y2.926 E.15226
G1 X4.855 Y3.126 E.15226
G1 X1.619 Y3.227 E.15225
G1 X-1.619 Y3.227 E.15226
G1 X-4.855 Y3.126 E.15225
G1 X-8.087 Y2.926 E.15226
G1 X-11.31 Y2.625 E.15226
G1 X-14.523 Y2.224 E.15226
G1 X-17.722 Y1.724 E.15225
G1 X-20.904 Y1.126 E.15226
G1 X-24.066 Y.429 E.15226
G1 X-27.205 Y-.366 E.15226
G1 X-30.317 Y-1.258 E.15226
G1 X-33.19 Y-2.178 E.14184
G1 X-33.19 Y-3.11 E.0438
G1 X-30.502 Y-2.235 E.13294
G1 X-27.373 Y-1.324 E.15325
G1 X-24.217 Y-.512 E.15325
G1 X-21.036 Y.2 E.15325
G1 X-17.835 Y.812 E.15325
G1 X-14.617 Y1.322 E.15325
G1 X-11.384 Y1.732 E.15325
G1 X-8.139 Y2.039 E.15325
G1 X-4.887 Y2.244 E.15325
G1 X-1.629 Y2.346 E.15325
G1 X1.629 Y2.346 E.15325
G1 X4.887 Y2.244 E.15325
G1 X8.139 Y2.039 E.15325
G1 X11.384 Y1.732 E.15325
G1 X14.617 Y1.322 E.15325
G1 X17.835 Y.812 E.15325
G1 X21.036 Y.2 E.15325
G1 X24.217 Y-.512 E.15325
G1 X27.373 Y-1.324 E.15325
G1 X30.502 Y-2.235 E.15325
G1 X33.156 Y-3.098 E.13125
SET_VELOCITY_LIMIT ACCEL=10000
G1 X32.901 Y-2.55 F30000
;TYPE:Gap infill
;WIDTH:0.345882
G1 F2051
G1 X30.189 Y-1.682 E.07032
G1 X27.49 Y-.903 E.06934
G1 X23.964 Y-.002 E.08985
G1 X20.816 Y.692 E.07959
G1 X17.913 Y1.243 E.07294
G1 X14.681 Y1.756 E.08079
G1 X11.429 Y2.168 E.08091
G1 X8.053 Y2.486 E.08374
G1 X4.835 Y2.686 E.0796
G1 X1.639 Y2.786 E.07894
G1 X-1.612 Y2.786 E.08025
G1 X-4.905 Y2.683 E.08134
G1 X-8.176 Y2.476 E.08091
G1 X-11.434 Y2.167 E.0808
G1 X-14.462 Y1.787 E.07534
G1 X-17.647 Y1.289 E.07959
G1 X-21.123 Y.629 E.08734
G1 X-24.321 Y-.087 E.08091
G1 X-27.49 Y-.903 E.08079
G1 X-30.189 Y-1.682 E.06934
G1 X-32.901 Y-2.55 E.07032
;LAYER_CHANGE
;Z:16.46
;HEIGHT:0.199999
;BEFORE_LAYER_CHANGE
;16.46
G1 E-1.2 F2100
;WIPE_START
G1 F9000
G1 X-30.997 Y-1.941
;WIPE_END
;AFTER_LAYER_CHANGE
;16.46
;_SET_FAN_SPEED_CHANGING_LAYER
G17
G3 Z16.86 I.022 J1.217 P1  F30000
G1 X33.19 Y-3.11 Z16.86
G1 Z16.46
G1 E1.2 F2100
SET_VELOCITY_LIMIT ACCEL=5000
;TYPE:Outer wall
;WIDTH:0.62
G1 F2051
G1 X33.19 Y-2.178 E.0438
G1 X30.317 Y-1.258 E.14184
G1 X27.205 Y-.366 E.15226
G1 X24.066 Y.429 E.15226
G1 X20.904 Y1.126 E.15226
G1 X17.722 Y1.724 E.15226
G1 X14.523 Y2.224 E.15225
M73 P38 R16
G1 X11.31 Y2.625 E.15226
G1 X8.087 Y2.926 E.15226
G1 X4.855 Y3.126 E.15226
G1 X1.619 Y3.227 E.15225
G1 X-1.619 Y3.227 E.15226
G1 X-4.855 Y3.126 E.15225
G1 X-8.087 Y2.926 E.15226
G1 X-11.31 Y2.625 E.15226
G1 X-14.523 Y2.224 E.15226
G1 X-17.722 Y1.724 E.15225
G1 X-20.904 Y1.126 E.15226
G1 X-24.066 Y.429 E.15226
G1 X-27.205 Y-.366 E.15226
G1 X-30.317 Y-1.258 E.15226
G1 X-33.19 Y-2.178 E.14184
G1 X-33.19 Y-3.11 E.0438
G1 X-30.502 Y-2.235 E.13294
G1 X-27.373 Y-1.324 E.15325
G1 X-24.217 Y-.512 E.15325
G1 X-21.036 Y.2 E.15325
G1 X-17.835 Y.812 E.15325
G1 X-14.617 Y1.322 E.15325
G1 X-11.384 Y1.732 E.15325
G1 X-8.139 Y2.039 E.15325
G1 X-4.887 Y2.244 E.15325
G1 X-1.629 Y2.346 E.15325
M73 P38 R15
G1 X1.629 Y2.346 E.15325
G1 X4.887 Y2.244 E.15325
G1 X8.139 Y2.039 E.15325
G1 X11.384 Y1.732 E.15325
G1 X14.617 Y1.322 E.15325
G1 X17.835 Y.812 E.15325
G1 X21.036 Y.2 E.15325
G1 X24.217 Y-.512 E.15325
G1 X27.373 Y-1.324 E.15325
G1 X30.502 Y-2.235 E.15325
G1 X33.156 Y-3.098 E.13125
SET_VELOCITY_LIMIT ACCEL=10000
G1 X32.901 Y-2.55 F30000
;TYPE:Gap infill
;WIDTH:0.345882
G1 F2051
G1 X30.189 Y-1.682 E.07032
G1 X27.49 Y-.903 E.06934
G1 X24.321 Y-.087 E.08079
G1 X21.123 Y.629 E.08091
G1 X17.647 Y1.289 E.08734
G1 X14.462 Y1.787 E.07959
G1 X11.434 Y2.167 E.07534
G1 X8.176 Y2.476 E.0808
G1 X4.905 Y2.683 E.08091
G1 X1.612 Y2.786 E.08134
G1 X-1.639 Y2.786 E.08025
G1 X-4.835 Y2.686 E.07894
G1 X-8.053 Y2.486 E.0796
G1 X-11.429 Y2.168 E.08374
G1 X-14.681 Y1.756 E.08091
G1 X-17.913 Y1.243 E.08079
G1 X-20.816 Y.692 E.07294
G1 X-23.964 Y-.002 E.07959
G1 X-27.49 Y-.903 E.08985
G1 X-30.189 Y-1.682 E.06934
G1 X-32.901 Y-2.55 E.07032
;LAYER_CHANGE
;Z:16.66
;HEIGHT:0.200001
;BEFORE_LAYER_CHANGE
;16.66
G1 E-1.2 F2100
;WIPE_START
G1 F9000
G1 X-30.997 Y-1.941
;WIPE_END
;AFTER_LAYER_CHANGE
;16.66
;_SET_FAN_SPEED_CHANGING_LAYER
G17
G3 Z17.06 I.022 J1.217 P1  F30000
G1 X33.19 Y-3.11 Z17.06
G1 Z16.66
G1 E1.2 F2100
SET_VELOCITY_LIMIT ACCEL=5000
;TYPE:Outer wall
;WIDTH:0.62
G1 F2051
G1 X33.19 Y-2.178 E.0438
G1 X30.317 Y-1.258 E.14184
G1 X27.205 Y-.366 E.15226
G1 X24.066 Y.429 E.15226
G1 X20.904 Y1.126 E.15226
G1 X17.722 Y1.724 E.15226
G1 X14.523 Y2.224 E.15225
G1 X11.31 Y2.625 E.15226
G1 X8.087 Y2.926 E.15226
G1 X4.855 Y3.126 E.15226
G1 X1.619 Y3.227 E.15225
G1 X-1.619 Y3.227 E.15226
G1 X-4.855 Y3.126 E.15225
G1 X-8.087 Y2.926 E.15226
G1 X-11.31 Y2.625 E.15226
G1 X-14.523 Y2.224 E.15226
G1 X-17.722 Y1.724 E.15225
G1 X-20.904 Y1.126 E.15226
G1 X-24.066 Y.429 E.15226
G1 X-27.205 Y-.366 E.15226
G1 X-30.317 Y-1.258 E.15226
G1 X-33.19 Y-2.178 E.14184
G1 X-33.19 Y-3.11 E.0438
G1 X-30.502 Y-2.235 E.13294
G1 X-27.373 Y-1.324 E.15325
G1 X-24.217 Y-.512 E.15325
G1 X-21.036 Y.2 E.15325
G1 X-17.835 Y.812 E.15325
G1 X-14.617 Y1.322 E.15325
G1 X-11.384 Y1.732 E.15325
G1 X-8.139 Y2.039 E.15325
G1 X-4.887 Y2.244 E.15325
G1 X-1.629 Y2.346 E.15325
G1 X1.629 Y2.346 E.15325
G1 X4.887 Y2.244 E.15325
G1 X8.139 Y2.039 E.15325
G1 X11.384 Y1.732 E.15325
G1 X14.617 Y1.322 E.15325
G1 X17.835 Y.812 E.15325
G1 X21.036 Y.2 E.15325
G1 X24.217 Y-.512 E.15325
G1 X27.373 Y-1.324 E.15325
G1 X30.502 Y-2.235 E.15325
G1 X33.156 Y-3.098 E.13125
SET_VELOCITY_LIMIT ACCEL=10000
G1 X32.901 Y-2.55 F30000
;TYPE:Gap infill
;WIDTH:0.345882
G1 F2051
G1 X30.189 Y-1.682 E.07032
G1 X27.49 Y-.903 E.06934
G1 X24.321 Y-.087 E.08079
G1 X21.123 Y.629 E.08091
G1 X17.647 Y1.289 E.08734
G1 X14.462 Y1.787 E.07959
G1 X11.434 Y2.167 E.07534
G1 X8.176 Y2.476 E.0808
G1 X4.905 Y2.683 E.08091
G1 X1.612 Y2.786 E.08134
G1 X-1.639 Y2.786 E.08025
G1 X-4.835 Y2.686 E.07894
G1 X-8.053 Y2.486 E.0796
G1 X-11.429 Y2.168 E.08374
G1 X-14.681 Y1.756 E.08091
G1 X-17.913 Y1.243 E.08079
G1 X-20.816 Y.692 E.07294
G1 X-23.964 Y-.002 E.07959
G1 X-27.49 Y-.903 E.08985
G1 X-30.189 Y-1.682 E.06934
G1 X-32.901 Y-2.55 E.07032
;LAYER_CHANGE
;Z:16.86
;HEIGHT:0.200001
;BEFORE_LAYER_CHANGE
;16.86
G1 E-1.2 F2100
;WIPE_START
G1 F9000
G1 X-30.997 Y-1.941
;WIPE_END
;AFTER_LAYER_CHANGE
;16.86
;_SET_FAN_SPEED_CHANGING_LAYER
G17
G3 Z17.26 I.022 J1.217 P1  F30000
G1 X33.19 Y-3.11 Z17.26
G1 Z16.86
G1 E1.2 F2100
SET_VELOCITY_LIMIT ACCEL=5000
;TYPE:Outer wall
;WIDTH:0.62
G1 F2051
G1 X33.19 Y-2.178 E.0438
G1 X30.317 Y-1.258 E.14184
G1 X27.205 Y-.366 E.15226
G1 X24.066 Y.429 E.15226
G1 X20.904 Y1.126 E.15226
G1 X17.722 Y1.724 E.15226
G1 X14.523 Y2.224 E.15225
G1 X11.31 Y2.625 E.15226
G1 X8.087 Y2.926 E.15226
G1 X4.855 Y3.126 E.15226
G1 X1.619 Y3.227 E.15225
G1 X-1.619 Y3.227 E.15226
G1 X-4.855 Y3.126 E.15225
G1 X-8.087 Y2.926 E.15226
G1 X-11.31 Y2.625 E.15226
G1 X-14.523 Y2.224 E.15226
G1 X-17.722 Y1.724 E.15225
G1 X-20.904 Y1.126 E.15226
G1 X-24.066 Y.429 E.15226
G1 X-27.205 Y-.366 E.15226
G1 X-30.317 Y-1.258 E.15226
G1 X-33.19 Y-2.178 E.14184
G1 X-33.19 Y-3.11 E.0438
G1 X-30.502 Y-2.235 E.13294
G1 X-27.373 Y-1.324 E.15325
G1 X-24.217 Y-.512 E.15325
G1 X-21.036 Y.2 E.15325
G1 X-17.835 Y.812 E.15325
G1 X-14.617 Y1.322 E.15325
G1 X-11.384 Y1.732 E.15325
G1 X-8.139 Y2.039 E.15325
G1 X-4.887 Y2.244 E.15325
G1 X-1.629 Y2.346 E.15325
G1 X1.629 Y2.346 E.15325
G1 X4.887 Y2.244 E.15325
G1 X8.139 Y2.039 E.15325
M73 P39 R15
G1 X11.384 Y1.732 E.15325
G1 X14.617 Y1.322 E.15325
G1 X17.835 Y.812 E.15325
G1 X21.036 Y.2 E.15325
G1 X24.217 Y-.512 E.15325
G1 X27.373 Y-1.324 E.15325
G1 X30.502 Y-2.235 E.15325
G1 X33.156 Y-3.098 E.13125
SET_VELOCITY_LIMIT ACCEL=10000
G1 X32.901 Y-2.55 F30000
;TYPE:Gap infill
;WIDTH:0.345882
G1 F2051
G1 X30.189 Y-1.682 E.07032
G1 X27.49 Y-.903 E.06934
G1 X23.964 Y-.002 E.08985
G1 X20.816 Y.692 E.07959
G1 X17.913 Y1.243 E.07294
G1 X14.681 Y1.756 E.08079
G1 X11.429 Y2.168 E.08091
G1 X8.053 Y2.486 E.08374
G1 X4.835 Y2.686 E.0796
G1 X1.639 Y2.786 E.07894
G1 X-1.612 Y2.786 E.08025
G1 X-4.905 Y2.683 E.08134
G1 X-8.176 Y2.476 E.08091
G1 X-11.434 Y2.167 E.0808
G1 X-14.462 Y1.787 E.07534
G1 X-17.647 Y1.289 E.07959
G1 X-21.123 Y.629 E.08734
G1 X-24.321 Y-.087 E.08091
G1 X-27.49 Y-.903 E.08079
G1 X-30.189 Y-1.682 E.06934
G1 X-32.901 Y-2.55 E.07032
;LAYER_CHANGE
;Z:17.06
;HEIGHT:0.199999
;BEFORE_LAYER_CHANGE
;17.06
G1 E-1.2 F2100
;WIPE_START
G1 F9000
G1 X-30.997 Y-1.941
;WIPE_END
;AFTER_LAYER_CHANGE
;17.06
;_SET_FAN_SPEED_CHANGING_LAYER
G17
G3 Z17.46 I.022 J1.217 P1  F30000
G1 X33.19 Y-3.11 Z17.46
G1 Z17.06
G1 E1.2 F2100
SET_VELOCITY_LIMIT ACCEL=5000
;TYPE:Outer wall
;WIDTH:0.62
G1 F2051
G1 X33.19 Y-2.178 E.0438
G1 X30.317 Y-1.258 E.14184
G1 X27.205 Y-.366 E.15226
G1 X24.066 Y.429 E.15226
G1 X20.904 Y1.126 E.15226
G1 X17.722 Y1.724 E.15226
G1 X14.523 Y2.224 E.15225
G1 X11.31 Y2.625 E.15226
G1 X8.087 Y2.926 E.15226
G1 X4.855 Y3.126 E.15226
G1 X1.619 Y3.227 E.15225
G1 X-1.619 Y3.227 E.15226
G1 X-4.855 Y3.126 E.15225
G1 X-8.087 Y2.926 E.15226
G1 X-11.31 Y2.625 E.15226
G1 X-14.523 Y2.224 E.15226
G1 X-17.722 Y1.724 E.15225
G1 X-20.904 Y1.126 E.15226
G1 X-24.066 Y.429 E.15226
G1 X-27.205 Y-.366 E.15226
G1 X-30.317 Y-1.258 E.15226
G1 X-33.19 Y-2.178 E.14184
G1 X-33.19 Y-3.11 E.0438
G1 X-30.502 Y-2.235 E.13294
G1 X-27.373 Y-1.324 E.15325
G1 X-24.217 Y-.512 E.15325
G1 X-21.036 Y.2 E.15325
G1 X-17.835 Y.812 E.15325
G1 X-14.617 Y1.322 E.15325
G1 X-11.384 Y1.732 E.15325
G1 X-8.139 Y2.039 E.15325
G1 X-4.887 Y2.244 E.15325
G1 X-1.629 Y2.346 E.15325
G1 X1.629 Y2.346 E.15325
G1 X4.887 Y2.244 E.15325
G1 X8.139 Y2.039 E.15325
G1 X11.384 Y1.732 E.15325
G1 X14.617 Y1.322 E.15325
G1 X17.835 Y.812 E.15325
G1 X21.036 Y.2 E.15325
G1 X24.217 Y-.512 E.15325
G1 X27.373 Y-1.324 E.15325
G1 X30.502 Y-2.235 E.15325
G1 X33.156 Y-3.098 E.13125
SET_VELOCITY_LIMIT ACCEL=10000
G1 X32.901 Y-2.55 F30000
;TYPE:Gap infill
;WIDTH:0.345882
G1 F2051
G1 X30.189 Y-1.682 E.07032
G1 X27.49 Y-.903 E.06934
G1 X23.964 Y-.002 E.08985
G1 X20.816 Y.692 E.07959
G1 X17.913 Y1.243 E.07294
G1 X14.681 Y1.756 E.08079
G1 X11.429 Y2.168 E.08091
G1 X8.053 Y2.486 E.08374
G1 X4.835 Y2.686 E.0796
G1 X1.639 Y2.786 E.07894
G1 X-1.612 Y2.786 E.08025
G1 X-4.905 Y2.683 E.08134
G1 X-8.176 Y2.476 E.08091
G1 X-11.434 Y2.167 E.0808
G1 X-14.462 Y1.787 E.07534
G1 X-17.647 Y1.289 E.07959
G1 X-21.123 Y.629 E.08734
G1 X-24.321 Y-.087 E.08091
G1 X-27.49 Y-.903 E.08079
G1 X-30.189 Y-1.682 E.06934
G1 X-32.901 Y-2.55 E.07032
;LAYER_CHANGE
;Z:17.26
;HEIGHT:0.200001
;BEFORE_LAYER_CHANGE
;17.26
G1 E-1.2 F2100
;WIPE_START
G1 F9000
G1 X-30.997 Y-1.941
;WIPE_END
;AFTER_LAYER_CHANGE
;17.26
;_SET_FAN_SPEED_CHANGING_LAYER
G17
G3 Z17.66 I.022 J1.217 P1  F30000
G1 X33.19 Y-3.11 Z17.66
G1 Z17.26
G1 E1.2 F2100
SET_VELOCITY_LIMIT ACCEL=5000
;TYPE:Outer wall
;WIDTH:0.62
G1 F2051
G1 X33.19 Y-2.178 E.0438
G1 X30.317 Y-1.258 E.14184
G1 X27.205 Y-.366 E.15226
G1 X24.066 Y.429 E.15226
G1 X20.904 Y1.126 E.15226
G1 X17.722 Y1.724 E.15226
G1 X14.523 Y2.224 E.15225
G1 X11.31 Y2.625 E.15226
G1 X8.087 Y2.926 E.15226
G1 X4.855 Y3.126 E.15226
G1 X1.619 Y3.227 E.15225
G1 X-1.619 Y3.227 E.15226
G1 X-4.855 Y3.126 E.15225
G1 X-8.087 Y2.926 E.15226
G1 X-11.31 Y2.625 E.15226
G1 X-14.523 Y2.224 E.15226
G1 X-17.722 Y1.724 E.15225
G1 X-20.904 Y1.126 E.15226
G1 X-24.066 Y.429 E.15226
G1 X-27.205 Y-.366 E.15226
G1 X-30.317 Y-1.258 E.15226
G1 X-33.19 Y-2.178 E.14184
G1 X-33.19 Y-3.11 E.0438
G1 X-30.502 Y-2.235 E.13294
G1 X-27.373 Y-1.324 E.15325
G1 X-24.217 Y-.512 E.15325
G1 X-21.036 Y.2 E.15325
G1 X-17.835 Y.812 E.15325
G1 X-14.617 Y1.322 E.15325
G1 X-11.384 Y1.732 E.15325
G1 X-8.139 Y2.039 E.15325
G1 X-4.887 Y2.244 E.15325
G1 X-1.629 Y2.346 E.15325
G1 X1.629 Y2.346 E.15325
G1 X4.887 Y2.244 E.15325
G1 X8.139 Y2.039 E.15325
G1 X11.384 Y1.732 E.15325
G1 X14.617 Y1.322 E.15325
G1 X17.835 Y.812 E.15325
G1 X21.036 Y.2 E.15325
G1 X24.217 Y-.512 E.15325
G1 X27.373 Y-1.324 E.15325
G1 X30.502 Y-2.235 E.15325
G1 X33.156 Y-3.098 E.13125
SET_VELOCITY_LIMIT ACCEL=10000
G1 X32.901 Y-2.55 F30000
;TYPE:Gap infill
;WIDTH:0.345881
G1 F2051
G1 X30.189 Y-1.682 E.07032
G1 X27.49 Y-.903 E.06934
G1 X24.321 Y-.087 E.08079
G1 X21.123 Y.629 E.08091
G1 X17.647 Y1.289 E.08734
G1 X14.462 Y1.787 E.07959
G1 X11.434 Y2.167 E.07534
G1 X8.176 Y2.476 E.0808
G1 X4.905 Y2.683 E.08091
G1 X1.612 Y2.786 E.08134
G1 X-1.639 Y2.786 E.08025
G1 X-4.835 Y2.686 E.07894
G1 X-8.053 Y2.486 E.0796
G1 X-11.429 Y2.168 E.08374
G1 X-14.681 Y1.756 E.08091
G1 X-17.913 Y1.243 E.08079
G1 X-20.816 Y.692 E.07294
G1 X-23.964 Y-.002 E.07959
G1 X-27.49 Y-.903 E.08985
G1 X-30.189 Y-1.682 E.06934
M73 P40 R15
G1 X-32.901 Y-2.55 E.07032
;LAYER_CHANGE
;Z:17.46
;HEIGHT:0.199999
;BEFORE_LAYER_CHANGE
;17.46
G1 E-1.2 F2100
;WIPE_START
G1 F9000
G1 X-30.997 Y-1.941
;WIPE_END
;AFTER_LAYER_CHANGE
;17.46
;_SET_FAN_SPEED_CHANGING_LAYER
G17
G3 Z17.86 I.022 J1.217 P1  F30000
G1 X33.19 Y-3.11 Z17.86
G1 Z17.46
G1 E1.2 F2100
SET_VELOCITY_LIMIT ACCEL=5000
;TYPE:Outer wall
;WIDTH:0.62
G1 F2051
G1 X33.19 Y-2.178 E.0438
G1 X30.317 Y-1.258 E.14184
G1 X27.205 Y-.366 E.15226
G1 X24.066 Y.429 E.15226
G1 X20.904 Y1.126 E.15226
G1 X17.722 Y1.724 E.15226
G1 X14.523 Y2.224 E.15225
G1 X11.31 Y2.625 E.15226
G1 X8.087 Y2.926 E.15226
G1 X4.855 Y3.126 E.15226
G1 X1.619 Y3.227 E.15225
G1 X-1.619 Y3.227 E.15226
G1 X-4.855 Y3.126 E.15225
G1 X-8.087 Y2.926 E.15226
G1 X-11.31 Y2.625 E.15226
G1 X-14.523 Y2.224 E.15226
G1 X-17.722 Y1.724 E.15225
G1 X-20.904 Y1.126 E.15226
G1 X-24.066 Y.429 E.15226
G1 X-27.205 Y-.366 E.15226
G1 X-30.317 Y-1.258 E.15226
G1 X-33.19 Y-2.178 E.14184
G1 X-33.19 Y-3.11 E.0438
G1 X-30.502 Y-2.235 E.13294
G1 X-27.373 Y-1.324 E.15325
G1 X-24.217 Y-.512 E.15325
G1 X-21.036 Y.2 E.15325
G1 X-17.835 Y.812 E.15325
G1 X-14.617 Y1.322 E.15325
G1 X-11.384 Y1.732 E.15325
G1 X-8.139 Y2.039 E.15325
G1 X-4.887 Y2.244 E.15325
G1 X-1.629 Y2.346 E.15325
G1 X1.629 Y2.346 E.15325
G1 X4.887 Y2.244 E.15325
G1 X8.139 Y2.039 E.15325
G1 X11.384 Y1.732 E.15325
G1 X14.617 Y1.322 E.15325
G1 X17.835 Y.812 E.15325
G1 X21.036 Y.2 E.15325
G1 X24.217 Y-.512 E.15325
G1 X27.373 Y-1.324 E.15325
G1 X30.502 Y-2.235 E.15325
G1 X33.156 Y-3.098 E.13125
SET_VELOCITY_LIMIT ACCEL=10000
G1 X32.901 Y-2.55 F30000
;TYPE:Gap infill
;WIDTH:0.345881
G1 F2051
G1 X30.189 Y-1.682 E.07032
G1 X27.49 Y-.903 E.06934
G1 X24.321 Y-.087 E.08079
G1 X21.123 Y.629 E.08091
G1 X17.647 Y1.289 E.08734
G1 X14.462 Y1.787 E.07959
G1 X11.434 Y2.167 E.07534
G1 X8.176 Y2.476 E.0808
G1 X4.905 Y2.683 E.08091
G1 X1.612 Y2.786 E.08134
G1 X-1.639 Y2.786 E.08025
G1 X-4.835 Y2.686 E.07894
G1 X-8.053 Y2.486 E.0796
G1 X-11.429 Y2.168 E.08374
G1 X-14.681 Y1.756 E.08091
G1 X-17.913 Y1.243 E.08079
G1 X-20.816 Y.692 E.07294
G1 X-23.964 Y-.002 E.07959
G1 X-27.49 Y-.903 E.08985
G1 X-30.189 Y-1.682 E.06934
G1 X-32.901 Y-2.55 E.07032
;LAYER_CHANGE
;Z:17.66
;HEIGHT:0.200001
;BEFORE_LAYER_CHANGE
;17.66
G1 E-1.2 F2100
;WIPE_START
G1 F9000
G1 X-30.997 Y-1.941
;WIPE_END
;AFTER_LAYER_CHANGE
;17.66
;_SET_FAN_SPEED_CHANGING_LAYER
G17
G3 Z18.06 I.022 J1.217 P1  F30000
G1 X33.19 Y-3.11 Z18.06
G1 Z17.66
G1 E1.2 F2100
SET_VELOCITY_LIMIT ACCEL=5000
;TYPE:Outer wall
;WIDTH:0.62
G1 F2051
G1 X33.19 Y-2.178 E.0438
G1 X30.317 Y-1.258 E.14184
G1 X27.205 Y-.366 E.15226
G1 X24.066 Y.429 E.15226
G1 X20.904 Y1.126 E.15226
G1 X17.722 Y1.724 E.15226
G1 X14.523 Y2.224 E.15225
G1 X11.31 Y2.625 E.15226
G1 X8.087 Y2.926 E.15226
G1 X4.855 Y3.126 E.15226
G1 X1.619 Y3.227 E.15225
G1 X-1.619 Y3.227 E.15226
G1 X-4.855 Y3.126 E.15225
G1 X-8.087 Y2.926 E.15226
G1 X-11.31 Y2.625 E.15226
G1 X-14.523 Y2.224 E.15226
G1 X-17.722 Y1.724 E.15225
G1 X-20.904 Y1.126 E.15226
G1 X-24.066 Y.429 E.15226
G1 X-27.205 Y-.366 E.15226
G1 X-30.317 Y-1.258 E.15226
G1 X-33.19 Y-2.178 E.14184
G1 X-33.19 Y-3.11 E.0438
G1 X-30.502 Y-2.235 E.13294
G1 X-27.373 Y-1.324 E.15325
G1 X-24.217 Y-.512 E.15325
G1 X-21.036 Y.2 E.15325
G1 X-17.835 Y.812 E.15325
G1 X-14.617 Y1.322 E.15325
G1 X-11.384 Y1.732 E.15325
G1 X-8.139 Y2.039 E.15325
G1 X-4.887 Y2.244 E.15325
G1 X-1.629 Y2.346 E.15325
G1 X1.629 Y2.346 E.15325
G1 X4.887 Y2.244 E.15325
G1 X8.139 Y2.039 E.15325
G1 X11.384 Y1.732 E.15325
G1 X14.617 Y1.322 E.15325
G1 X17.835 Y.812 E.15325
G1 X21.036 Y.2 E.15325
G1 X24.217 Y-.512 E.15325
G1 X27.373 Y-1.324 E.15325
G1 X30.502 Y-2.235 E.15325
G1 X33.156 Y-3.098 E.13125
SET_VELOCITY_LIMIT ACCEL=10000
G1 X32.901 Y-2.55 F30000
;TYPE:Gap infill
;WIDTH:0.345881
G1 F2051
G1 X30.189 Y-1.682 E.07032
G1 X27.49 Y-.903 E.06934
G1 X23.964 Y-.002 E.08985
G1 X20.816 Y.692 E.07959
G1 X17.913 Y1.243 E.07294
G1 X14.681 Y1.756 E.08079
G1 X11.429 Y2.168 E.08091
G1 X8.053 Y2.486 E.08374
G1 X4.835 Y2.686 E.0796
G1 X1.639 Y2.786 E.07894
G1 X-1.612 Y2.786 E.08025
G1 X-4.905 Y2.683 E.08134
G1 X-8.176 Y2.476 E.08091
G1 X-11.434 Y2.167 E.0808
G1 X-14.462 Y1.787 E.07534
G1 X-17.647 Y1.289 E.07959
G1 X-21.123 Y.629 E.08734
G1 X-24.321 Y-.087 E.08091
G1 X-27.49 Y-.903 E.08079
G1 X-30.189 Y-1.682 E.06934
G1 X-32.901 Y-2.55 E.07032
;LAYER_CHANGE
;Z:17.86
;HEIGHT:0.200001
;BEFORE_LAYER_CHANGE
;17.86
G1 E-1.2 F2100
;WIPE_START
G1 F9000
G1 X-30.997 Y-1.941
;WIPE_END
;AFTER_LAYER_CHANGE
;17.86
;_SET_FAN_SPEED_CHANGING_LAYER
G17
G3 Z18.26 I.022 J1.217 P1  F30000
G1 X33.19 Y-3.11 Z18.26
G1 Z17.86
G1 E1.2 F2100
SET_VELOCITY_LIMIT ACCEL=5000
;TYPE:Outer wall
;WIDTH:0.62
G1 F2051
G1 X33.19 Y-2.178 E.0438
G1 X30.317 Y-1.258 E.14184
G1 X27.205 Y-.366 E.15226
G1 X24.066 Y.429 E.15226
G1 X20.904 Y1.126 E.15226
G1 X17.722 Y1.724 E.15226
G1 X14.523 Y2.224 E.15225
G1 X11.31 Y2.625 E.15226
G1 X8.087 Y2.926 E.15226
G1 X4.855 Y3.126 E.15226
G1 X1.619 Y3.227 E.15225
G1 X-1.619 Y3.227 E.15226
G1 X-4.855 Y3.126 E.15225
G1 X-8.087 Y2.926 E.15226
G1 X-11.31 Y2.625 E.15226
G1 X-14.523 Y2.224 E.15226
G1 X-17.722 Y1.724 E.15225
G1 X-20.904 Y1.126 E.15226
G1 X-24.066 Y.429 E.15226
G1 X-27.205 Y-.366 E.15226
G1 X-30.317 Y-1.258 E.15226
G1 X-33.19 Y-2.178 E.14184
G1 X-33.19 Y-3.11 E.0438
G1 X-30.502 Y-2.235 E.13294
G1 X-27.373 Y-1.324 E.15325
M73 P41 R15
G1 X-24.217 Y-.512 E.15325
G1 X-21.036 Y.2 E.15325
G1 X-17.835 Y.812 E.15325
G1 X-14.617 Y1.322 E.15325
G1 X-11.384 Y1.732 E.15325
G1 X-8.139 Y2.039 E.15325
G1 X-4.887 Y2.244 E.15325
G1 X-1.629 Y2.346 E.15325
G1 X1.629 Y2.346 E.15325
G1 X4.887 Y2.244 E.15325
G1 X8.139 Y2.039 E.15325
G1 X11.384 Y1.732 E.15325
G1 X14.617 Y1.322 E.15325
G1 X17.835 Y.812 E.15325
G1 X21.036 Y.2 E.15325
G1 X24.217 Y-.512 E.15325
G1 X27.373 Y-1.324 E.15325
G1 X30.502 Y-2.235 E.15325
G1 X33.156 Y-3.098 E.13125
SET_VELOCITY_LIMIT ACCEL=10000
G1 X32.901 Y-2.55 F30000
;TYPE:Gap infill
;WIDTH:0.345881
G1 F2051
G1 X30.189 Y-1.682 E.07032
G1 X27.49 Y-.903 E.06934
G1 X24.321 Y-.087 E.08079
G1 X21.123 Y.629 E.08091
G1 X17.647 Y1.289 E.08734
G1 X14.462 Y1.787 E.07959
G1 X11.434 Y2.167 E.07534
G1 X8.176 Y2.476 E.0808
G1 X4.905 Y2.683 E.08091
G1 X1.612 Y2.786 E.08134
G1 X-1.639 Y2.786 E.08025
G1 X-4.835 Y2.686 E.07894
G1 X-8.053 Y2.486 E.0796
G1 X-11.429 Y2.168 E.08374
G1 X-14.681 Y1.756 E.08091
G1 X-17.913 Y1.243 E.08079
G1 X-20.816 Y.692 E.07294
G1 X-23.964 Y-.002 E.07959
G1 X-27.49 Y-.903 E.08985
G1 X-30.189 Y-1.682 E.06934
G1 X-32.901 Y-2.55 E.07032
;LAYER_CHANGE
;Z:18.06
;HEIGHT:0.199999
;BEFORE_LAYER_CHANGE
;18.06
G1 E-1.2 F2100
;WIPE_START
G1 F9000
G1 X-30.997 Y-1.941
;WIPE_END
;AFTER_LAYER_CHANGE
;18.06
;_SET_FAN_SPEED_CHANGING_LAYER
G17
G3 Z18.46 I.022 J1.217 P1  F30000
G1 X33.19 Y-3.11 Z18.46
G1 Z18.06
G1 E1.2 F2100
SET_VELOCITY_LIMIT ACCEL=5000
;TYPE:Outer wall
;WIDTH:0.62
G1 F2051
G1 X33.19 Y-2.178 E.0438
G1 X30.317 Y-1.258 E.14184
G1 X27.205 Y-.366 E.15226
G1 X24.066 Y.429 E.15226
G1 X20.904 Y1.126 E.15226
G1 X17.722 Y1.724 E.15226
G1 X14.523 Y2.224 E.15225
G1 X11.31 Y2.625 E.15226
G1 X8.087 Y2.926 E.15226
G1 X4.855 Y3.126 E.15226
G1 X1.619 Y3.227 E.15225
G1 X-1.619 Y3.227 E.15226
G1 X-4.855 Y3.126 E.15225
G1 X-8.087 Y2.926 E.15226
G1 X-11.31 Y2.625 E.15226
G1 X-14.523 Y2.224 E.15226
G1 X-17.722 Y1.724 E.15225
G1 X-20.904 Y1.126 E.15226
G1 X-24.066 Y.429 E.15226
G1 X-27.205 Y-.366 E.15226
G1 X-30.317 Y-1.258 E.15226
G1 X-33.19 Y-2.178 E.14184
G1 X-33.19 Y-3.11 E.0438
G1 X-30.502 Y-2.235 E.13294
G1 X-27.373 Y-1.324 E.15325
G1 X-24.217 Y-.512 E.15325
G1 X-21.036 Y.2 E.15325
G1 X-17.835 Y.812 E.15325
G1 X-14.617 Y1.322 E.15325
G1 X-11.384 Y1.732 E.15325
G1 X-8.139 Y2.039 E.15325
G1 X-4.887 Y2.244 E.15325
G1 X-1.629 Y2.346 E.15325
G1 X1.629 Y2.346 E.15325
G1 X4.887 Y2.244 E.15325
G1 X8.139 Y2.039 E.15325
G1 X11.384 Y1.732 E.15325
G1 X14.617 Y1.322 E.15325
G1 X17.835 Y.812 E.15325
G1 X21.036 Y.2 E.15325
G1 X24.217 Y-.512 E.15325
G1 X27.373 Y-1.324 E.15325
G1 X30.502 Y-2.235 E.15325
G1 X33.156 Y-3.098 E.13125
SET_VELOCITY_LIMIT ACCEL=10000
G1 X32.901 Y-2.55 F30000
;TYPE:Gap infill
;WIDTH:0.345881
G1 F2051
G1 X30.189 Y-1.682 E.07032
G1 X27.49 Y-.903 E.06934
G1 X24.321 Y-.087 E.08079
G1 X21.123 Y.629 E.08091
G1 X17.647 Y1.289 E.08734
G1 X14.462 Y1.787 E.07959
G1 X11.434 Y2.167 E.07534
G1 X8.176 Y2.476 E.08079
G1 X4.905 Y2.683 E.08091
G1 X1.612 Y2.786 E.08134
G1 X-1.639 Y2.786 E.08025
G1 X-4.835 Y2.686 E.07894
G1 X-8.053 Y2.486 E.0796
G1 X-11.429 Y2.168 E.08374
G1 X-14.681 Y1.756 E.08091
G1 X-17.913 Y1.243 E.08079
G1 X-20.816 Y.692 E.07294
G1 X-23.964 Y-.002 E.07959
G1 X-27.49 Y-.903 E.08985
G1 X-30.189 Y-1.682 E.06934
G1 X-32.901 Y-2.55 E.07032
;LAYER_CHANGE
;Z:18.26
;HEIGHT:0.200001
;BEFORE_LAYER_CHANGE
;18.26
G1 E-1.2 F2100
;WIPE_START
G1 F9000
G1 X-30.997 Y-1.941
;WIPE_END
;AFTER_LAYER_CHANGE
;18.26
;_SET_FAN_SPEED_CHANGING_LAYER
G17
G3 Z18.66 I.022 J1.217 P1  F30000
G1 X33.19 Y-3.11 Z18.66
G1 Z18.26
G1 E1.2 F2100
SET_VELOCITY_LIMIT ACCEL=5000
;TYPE:Outer wall
;WIDTH:0.62
G1 F2051
G1 X33.19 Y-2.178 E.0438
G1 X30.317 Y-1.258 E.14184
G1 X27.205 Y-.366 E.15226
G1 X24.066 Y.429 E.15226
G1 X20.904 Y1.126 E.15226
G1 X17.722 Y1.724 E.15226
G1 X14.523 Y2.224 E.15225
G1 X11.31 Y2.625 E.15226
G1 X8.087 Y2.926 E.15226
G1 X4.855 Y3.126 E.15226
G1 X1.619 Y3.227 E.15225
G1 X-1.619 Y3.227 E.15226
G1 X-4.855 Y3.126 E.15225
G1 X-8.087 Y2.926 E.15226
G1 X-11.31 Y2.625 E.15226
G1 X-14.523 Y2.224 E.15226
G1 X-17.722 Y1.724 E.15225
G1 X-20.904 Y1.126 E.15226
G1 X-24.066 Y.429 E.15226
G1 X-27.205 Y-.366 E.15226
G1 X-30.317 Y-1.258 E.15226
G1 X-33.19 Y-2.178 E.14184
G1 X-33.19 Y-3.11 E.0438
G1 X-30.502 Y-2.235 E.13294
G1 X-27.373 Y-1.324 E.15325
G1 X-24.217 Y-.512 E.15325
G1 X-21.036 Y.2 E.15325
G1 X-17.835 Y.812 E.15325
G1 X-14.617 Y1.322 E.15325
G1 X-11.384 Y1.732 E.15325
G1 X-8.139 Y2.039 E.15325
G1 X-4.887 Y2.244 E.15325
G1 X-1.629 Y2.346 E.15325
G1 X1.629 Y2.346 E.15325
G1 X4.887 Y2.244 E.15325
G1 X8.139 Y2.039 E.15325
G1 X11.384 Y1.732 E.15325
G1 X14.617 Y1.322 E.15325
G1 X17.835 Y.812 E.15325
G1 X21.036 Y.2 E.15325
G1 X24.217 Y-.512 E.15325
G1 X27.373 Y-1.324 E.15325
G1 X30.502 Y-2.235 E.15325
G1 X33.156 Y-3.098 E.13125
SET_VELOCITY_LIMIT ACCEL=10000
G1 X32.901 Y-2.55 F30000
;TYPE:Gap infill
;WIDTH:0.345881
G1 F2051
G1 X30.189 Y-1.682 E.07032
G1 X27.49 Y-.903 E.06934
G1 X24.321 Y-.087 E.08079
G1 X21.123 Y.629 E.08091
G1 X17.647 Y1.289 E.08734
G1 X14.462 Y1.787 E.07959
G1 X11.434 Y2.167 E.07534
G1 X8.176 Y2.476 E.08079
G1 X4.905 Y2.683 E.08091
M73 P42 R15
G1 X1.612 Y2.786 E.08134
G1 X-1.639 Y2.786 E.08025
G1 X-4.835 Y2.686 E.07894
M73 P42 R14
G1 X-8.053 Y2.486 E.0796
G1 X-11.429 Y2.168 E.08374
G1 X-14.681 Y1.756 E.08091
G1 X-17.913 Y1.243 E.08079
G1 X-20.816 Y.692 E.07294
G1 X-23.964 Y-.002 E.07959
G1 X-27.49 Y-.903 E.08985
G1 X-30.189 Y-1.682 E.06934
G1 X-32.901 Y-2.55 E.07032
;LAYER_CHANGE
;Z:18.46
;HEIGHT:0.199999
;BEFORE_LAYER_CHANGE
;18.46
G1 E-1.2 F2100
;WIPE_START
G1 F9000
G1 X-30.997 Y-1.941
;WIPE_END
;AFTER_LAYER_CHANGE
;18.46
;_SET_FAN_SPEED_CHANGING_LAYER
G17
G3 Z18.86 I.022 J1.217 P1  F30000
G1 X33.19 Y-3.11 Z18.86
G1 Z18.46
G1 E1.2 F2100
SET_VELOCITY_LIMIT ACCEL=5000
;TYPE:Outer wall
;WIDTH:0.62
G1 F2051
G1 X33.19 Y-2.178 E.0438
G1 X30.317 Y-1.258 E.14184
G1 X27.205 Y-.366 E.15226
G1 X24.066 Y.429 E.15226
G1 X20.904 Y1.126 E.15226
G1 X17.722 Y1.724 E.15226
G1 X14.523 Y2.224 E.15225
G1 X11.31 Y2.625 E.15226
G1 X8.087 Y2.926 E.15226
G1 X4.855 Y3.126 E.15226
G1 X1.619 Y3.227 E.15225
G1 X-1.619 Y3.227 E.15226
G1 X-4.855 Y3.126 E.15225
G1 X-8.087 Y2.926 E.15226
G1 X-11.31 Y2.625 E.15226
G1 X-14.523 Y2.224 E.15226
G1 X-17.722 Y1.724 E.15225
G1 X-20.904 Y1.126 E.15226
G1 X-24.066 Y.429 E.15226
G1 X-27.205 Y-.366 E.15226
G1 X-30.317 Y-1.258 E.15226
G1 X-33.19 Y-2.178 E.14184
G1 X-33.19 Y-3.11 E.0438
G1 X-30.502 Y-2.235 E.13294
G1 X-27.373 Y-1.324 E.15325
G1 X-24.217 Y-.512 E.15325
G1 X-21.036 Y.2 E.15325
G1 X-17.835 Y.812 E.15325
G1 X-14.617 Y1.322 E.15325
G1 X-11.384 Y1.732 E.15325
G1 X-8.139 Y2.039 E.15325
G1 X-4.887 Y2.244 E.15325
G1 X-1.629 Y2.346 E.15325
G1 X1.629 Y2.346 E.15325
G1 X4.887 Y2.244 E.15325
G1 X8.139 Y2.039 E.15325
G1 X11.384 Y1.732 E.15325
G1 X14.617 Y1.322 E.15325
G1 X17.835 Y.812 E.15325
G1 X21.036 Y.2 E.15325
G1 X24.217 Y-.512 E.15325
G1 X27.373 Y-1.324 E.15325
G1 X30.502 Y-2.235 E.15325
G1 X33.156 Y-3.098 E.13125
SET_VELOCITY_LIMIT ACCEL=10000
G1 X32.901 Y-2.55 F30000
;TYPE:Gap infill
;WIDTH:0.345881
G1 F2051
G1 X30.189 Y-1.682 E.07032
G1 X27.49 Y-.903 E.06934
G1 X23.964 Y-.002 E.08985
G1 X20.816 Y.692 E.07959
G1 X17.913 Y1.243 E.07294
G1 X14.681 Y1.756 E.08079
G1 X11.429 Y2.168 E.08091
G1 X8.053 Y2.486 E.08374
G1 X4.835 Y2.686 E.0796
G1 X1.639 Y2.786 E.07894
G1 X-1.612 Y2.786 E.08025
G1 X-4.905 Y2.683 E.08134
G1 X-8.176 Y2.476 E.08091
G1 X-11.434 Y2.167 E.08079
G1 X-14.462 Y1.787 E.07534
G1 X-17.647 Y1.289 E.07959
G1 X-21.123 Y.629 E.08734
G1 X-24.321 Y-.087 E.08091
G1 X-27.49 Y-.903 E.08079
G1 X-30.189 Y-1.682 E.06934
G1 X-32.901 Y-2.55 E.07032
;LAYER_CHANGE
;Z:18.66
;HEIGHT:0.200001
;BEFORE_LAYER_CHANGE
;18.66
G1 E-1.2 F2100
;WIPE_START
G1 F9000
G1 X-30.997 Y-1.941
;WIPE_END
;AFTER_LAYER_CHANGE
;18.66
;_SET_FAN_SPEED_CHANGING_LAYER
G17
G3 Z19.06 I.022 J1.217 P1  F30000
G1 X33.19 Y-3.11 Z19.06
G1 Z18.66
G1 E1.2 F2100
SET_VELOCITY_LIMIT ACCEL=5000
;TYPE:Outer wall
;WIDTH:0.62
G1 F2051
G1 X33.19 Y-2.178 E.0438
G1 X30.317 Y-1.258 E.14184
G1 X27.205 Y-.366 E.15226
G1 X24.066 Y.429 E.15226
G1 X20.904 Y1.126 E.15226
G1 X17.722 Y1.724 E.15226
G1 X14.523 Y2.224 E.15225
G1 X11.31 Y2.625 E.15226
G1 X8.087 Y2.926 E.15226
G1 X4.855 Y3.126 E.15226
G1 X1.619 Y3.227 E.15225
G1 X-1.619 Y3.227 E.15226
G1 X-4.855 Y3.126 E.15225
G1 X-8.087 Y2.926 E.15226
G1 X-11.31 Y2.625 E.15226
G1 X-14.523 Y2.224 E.15226
G1 X-17.722 Y1.724 E.15225
G1 X-20.904 Y1.126 E.15226
G1 X-24.066 Y.429 E.15226
G1 X-27.205 Y-.366 E.15226
G1 X-30.317 Y-1.258 E.15226
G1 X-33.19 Y-2.178 E.14184
G1 X-33.19 Y-3.11 E.0438
G1 X-30.502 Y-2.235 E.13294
G1 X-27.373 Y-1.324 E.15325
G1 X-24.217 Y-.512 E.15325
G1 X-21.036 Y.2 E.15325
G1 X-17.835 Y.812 E.15325
G1 X-14.617 Y1.322 E.15325
G1 X-11.384 Y1.732 E.15325
G1 X-8.139 Y2.039 E.15325
G1 X-4.887 Y2.244 E.15325
G1 X-1.629 Y2.346 E.15325
G1 X1.629 Y2.346 E.15325
G1 X4.887 Y2.244 E.15325
G1 X8.139 Y2.039 E.15325
G1 X11.384 Y1.732 E.15325
G1 X14.617 Y1.322 E.15325
G1 X17.835 Y.812 E.15325
G1 X21.036 Y.2 E.15325
G1 X24.217 Y-.512 E.15325
G1 X27.373 Y-1.324 E.15325
G1 X30.502 Y-2.235 E.15325
G1 X33.156 Y-3.098 E.13125
SET_VELOCITY_LIMIT ACCEL=10000
G1 X32.901 Y-2.55 F30000
;TYPE:Gap infill
;WIDTH:0.345881
G1 F2051
G1 X30.189 Y-1.682 E.07032
G1 X27.49 Y-.903 E.06934
G1 X23.964 Y-.002 E.08985
G1 X20.816 Y.692 E.07959
G1 X17.913 Y1.243 E.07294
G1 X14.681 Y1.756 E.08079
G1 X11.429 Y2.168 E.08091
G1 X8.053 Y2.486 E.08374
G1 X4.835 Y2.686 E.0796
G1 X1.639 Y2.786 E.07894
G1 X-1.612 Y2.786 E.08025
G1 X-4.905 Y2.683 E.08134
G1 X-8.176 Y2.476 E.08091
G1 X-11.434 Y2.167 E.08079
G1 X-14.462 Y1.787 E.07534
G1 X-17.647 Y1.289 E.07959
G1 X-21.123 Y.629 E.08734
G1 X-24.321 Y-.087 E.08091
G1 X-27.49 Y-.903 E.08079
G1 X-30.189 Y-1.682 E.06934
G1 X-32.901 Y-2.55 E.07032
;LAYER_CHANGE
;Z:18.86
;HEIGHT:0.200001
;BEFORE_LAYER_CHANGE
;18.86
G1 E-1.2 F2100
;WIPE_START
G1 F9000
G1 X-30.997 Y-1.941
;WIPE_END
;AFTER_LAYER_CHANGE
;18.86
;_SET_FAN_SPEED_CHANGING_LAYER
G17
G3 Z19.26 I.022 J1.217 P1  F30000
G1 X33.19 Y-3.11 Z19.26
G1 Z18.86
G1 E1.2 F2100
SET_VELOCITY_LIMIT ACCEL=5000
;TYPE:Outer wall
;WIDTH:0.62
G1 F2051
G1 X33.19 Y-2.178 E.0438
G1 X30.317 Y-1.258 E.14184
G1 X27.205 Y-.366 E.15226
G1 X24.066 Y.429 E.15226
G1 X20.904 Y1.126 E.15226
G1 X17.722 Y1.724 E.15226
G1 X14.523 Y2.224 E.15225
G1 X11.31 Y2.625 E.15226
G1 X8.087 Y2.926 E.15226
G1 X4.855 Y3.126 E.15226
G1 X1.619 Y3.227 E.15225
G1 X-1.619 Y3.227 E.15226
G1 X-4.855 Y3.126 E.15225
M73 P43 R14
G1 X-8.087 Y2.926 E.15226
G1 X-11.31 Y2.625 E.15226
G1 X-14.523 Y2.224 E.15226
G1 X-17.722 Y1.724 E.15225
G1 X-20.904 Y1.126 E.15226
G1 X-24.066 Y.429 E.15226
G1 X-27.205 Y-.366 E.15226
G1 X-30.317 Y-1.258 E.15226
G1 X-33.19 Y-2.178 E.14184
G1 X-33.19 Y-3.11 E.0438
G1 X-30.502 Y-2.235 E.13294
G1 X-27.373 Y-1.324 E.15325
G1 X-24.217 Y-.512 E.15325
G1 X-21.036 Y.2 E.15325
G1 X-17.835 Y.812 E.15325
G1 X-14.617 Y1.322 E.15325
G1 X-11.384 Y1.732 E.15325
G1 X-8.139 Y2.039 E.15325
G1 X-4.887 Y2.244 E.15325
G1 X-1.629 Y2.346 E.15325
G1 X1.629 Y2.346 E.15325
G1 X4.887 Y2.244 E.15325
G1 X8.139 Y2.039 E.15325
G1 X11.384 Y1.732 E.15325
G1 X14.617 Y1.322 E.15325
G1 X17.835 Y.812 E.15325
G1 X21.036 Y.2 E.15325
G1 X24.217 Y-.512 E.15325
G1 X27.373 Y-1.324 E.15325
G1 X30.502 Y-2.235 E.15325
G1 X33.156 Y-3.098 E.13125
SET_VELOCITY_LIMIT ACCEL=10000
G1 X32.901 Y-2.55 F30000
;TYPE:Gap infill
;WIDTH:0.345881
G1 F2051
G1 X30.189 Y-1.682 E.07032
G1 X27.49 Y-.903 E.06934
G1 X24.321 Y-.087 E.08079
G1 X21.123 Y.629 E.08091
G1 X17.647 Y1.289 E.08734
G1 X14.462 Y1.787 E.07959
G1 X11.434 Y2.167 E.07534
G1 X8.176 Y2.476 E.08079
G1 X4.905 Y2.683 E.08091
G1 X1.612 Y2.786 E.08134
G1 X-1.639 Y2.786 E.08025
G1 X-4.835 Y2.686 E.07894
G1 X-8.053 Y2.486 E.0796
G1 X-11.429 Y2.168 E.08374
G1 X-14.681 Y1.756 E.08091
G1 X-17.913 Y1.243 E.08079
G1 X-20.816 Y.692 E.07294
G1 X-23.964 Y-.002 E.07959
G1 X-27.49 Y-.903 E.08985
G1 X-30.189 Y-1.682 E.06934
G1 X-32.901 Y-2.55 E.07032
;LAYER_CHANGE
;Z:19.06
;HEIGHT:0.199999
;BEFORE_LAYER_CHANGE
;19.06
G1 E-1.2 F2100
;WIPE_START
G1 F9000
G1 X-30.997 Y-1.941
;WIPE_END
;AFTER_LAYER_CHANGE
;19.06
;_SET_FAN_SPEED_CHANGING_LAYER
G17
G3 Z19.46 I.022 J1.217 P1  F30000
G1 X33.19 Y-3.11 Z19.46
G1 Z19.06
G1 E1.2 F2100
SET_VELOCITY_LIMIT ACCEL=5000
;TYPE:Outer wall
;WIDTH:0.62
G1 F2051
G1 X33.19 Y-2.178 E.0438
G1 X30.317 Y-1.258 E.14184
G1 X27.205 Y-.366 E.15226
G1 X24.066 Y.429 E.15226
G1 X20.904 Y1.126 E.15226
G1 X17.722 Y1.724 E.15226
G1 X14.523 Y2.224 E.15225
G1 X11.31 Y2.625 E.15226
G1 X8.087 Y2.926 E.15226
G1 X4.855 Y3.126 E.15226
G1 X1.619 Y3.227 E.15225
G1 X-1.619 Y3.227 E.15226
G1 X-4.855 Y3.126 E.15225
G1 X-8.087 Y2.926 E.15226
G1 X-11.31 Y2.625 E.15226
G1 X-14.523 Y2.224 E.15226
G1 X-17.722 Y1.724 E.15225
G1 X-20.904 Y1.126 E.15226
G1 X-24.066 Y.429 E.15226
G1 X-27.205 Y-.366 E.15226
G1 X-30.317 Y-1.258 E.15226
G1 X-33.19 Y-2.178 E.14184
G1 X-33.19 Y-3.11 E.0438
G1 X-30.502 Y-2.235 E.13294
G1 X-27.373 Y-1.324 E.15325
G1 X-24.217 Y-.512 E.15325
G1 X-21.036 Y.2 E.15325
G1 X-17.835 Y.812 E.15325
G1 X-14.617 Y1.322 E.15325
G1 X-11.384 Y1.732 E.15325
G1 X-8.139 Y2.039 E.15325
G1 X-4.887 Y2.244 E.15325
G1 X-1.629 Y2.346 E.15325
G1 X1.629 Y2.346 E.15325
G1 X4.887 Y2.244 E.15325
G1 X8.139 Y2.039 E.15325
G1 X11.384 Y1.732 E.15325
G1 X14.617 Y1.322 E.15325
G1 X17.835 Y.812 E.15325
G1 X21.036 Y.2 E.15325
G1 X24.217 Y-.512 E.15325
G1 X27.373 Y-1.324 E.15325
G1 X30.502 Y-2.235 E.15325
G1 X33.156 Y-3.098 E.13125
SET_VELOCITY_LIMIT ACCEL=10000
G1 X32.901 Y-2.55 F30000
;TYPE:Gap infill
;WIDTH:0.345881
G1 F2051
G1 X30.189 Y-1.682 E.07032
G1 X27.49 Y-.903 E.06934
G1 X24.321 Y-.087 E.08079
G1 X21.123 Y.629 E.08091
G1 X17.647 Y1.289 E.08734
G1 X14.462 Y1.787 E.07959
G1 X11.434 Y2.167 E.07534
G1 X8.176 Y2.476 E.08079
G1 X4.905 Y2.683 E.08091
G1 X1.612 Y2.786 E.08134
G1 X-1.639 Y2.786 E.08025
G1 X-4.835 Y2.686 E.07894
G1 X-8.053 Y2.486 E.0796
G1 X-11.429 Y2.168 E.08374
G1 X-14.681 Y1.756 E.08091
G1 X-17.913 Y1.243 E.08079
G1 X-20.816 Y.692 E.07294
G1 X-23.964 Y-.002 E.07959
G1 X-27.49 Y-.903 E.08985
G1 X-30.189 Y-1.682 E.06934
G1 X-32.901 Y-2.55 E.07032
;LAYER_CHANGE
;Z:19.26
;HEIGHT:0.200001
;BEFORE_LAYER_CHANGE
;19.26
G1 E-1.2 F2100
;WIPE_START
G1 F9000
G1 X-30.997 Y-1.941
;WIPE_END
;AFTER_LAYER_CHANGE
;19.26
;_SET_FAN_SPEED_CHANGING_LAYER
G17
G3 Z19.66 I.022 J1.217 P1  F30000
G1 X33.19 Y-3.11 Z19.66
G1 Z19.26
G1 E1.2 F2100
SET_VELOCITY_LIMIT ACCEL=5000
;TYPE:Outer wall
;WIDTH:0.62
G1 F2051
G1 X33.19 Y-2.178 E.0438
G1 X30.317 Y-1.258 E.14184
G1 X27.205 Y-.366 E.15226
G1 X24.066 Y.429 E.15226
G1 X20.904 Y1.126 E.15226
G1 X17.722 Y1.724 E.15226
G1 X14.523 Y2.224 E.15225
G1 X11.31 Y2.625 E.15226
G1 X8.087 Y2.926 E.15226
G1 X4.855 Y3.126 E.15226
G1 X1.619 Y3.227 E.15225
G1 X-1.619 Y3.227 E.15226
G1 X-4.855 Y3.126 E.15225
G1 X-8.087 Y2.926 E.15226
G1 X-11.31 Y2.625 E.15226
G1 X-14.523 Y2.224 E.15226
G1 X-17.722 Y1.724 E.15225
G1 X-20.904 Y1.126 E.15226
G1 X-24.066 Y.429 E.15226
G1 X-27.205 Y-.366 E.15226
G1 X-30.317 Y-1.258 E.15226
G1 X-33.19 Y-2.178 E.14184
G1 X-33.19 Y-3.11 E.0438
G1 X-30.502 Y-2.235 E.13294
G1 X-27.373 Y-1.324 E.15325
G1 X-24.217 Y-.512 E.15325
G1 X-21.036 Y.2 E.15325
G1 X-17.835 Y.812 E.15325
G1 X-14.617 Y1.322 E.15325
G1 X-11.384 Y1.732 E.15325
G1 X-8.139 Y2.039 E.15325
G1 X-4.887 Y2.244 E.15325
G1 X-1.629 Y2.346 E.15325
G1 X1.629 Y2.346 E.15325
G1 X4.887 Y2.244 E.15325
G1 X8.139 Y2.039 E.15325
G1 X11.384 Y1.732 E.15325
G1 X14.617 Y1.322 E.15325
G1 X17.835 Y.812 E.15325
G1 X21.036 Y.2 E.15325
G1 X24.217 Y-.512 E.15325
G1 X27.373 Y-1.324 E.15325
M73 P44 R14
G1 X30.502 Y-2.235 E.15325
G1 X33.156 Y-3.098 E.13125
SET_VELOCITY_LIMIT ACCEL=10000
G1 X32.901 Y-2.55 F30000
;TYPE:Gap infill
;WIDTH:0.345881
G1 F2051
G1 X30.189 Y-1.682 E.07032
G1 X27.49 Y-.903 E.06934
G1 X23.964 Y-.002 E.08985
G1 X20.816 Y.692 E.07959
G1 X17.913 Y1.243 E.07294
G1 X14.681 Y1.756 E.08079
G1 X11.429 Y2.168 E.08091
G1 X8.053 Y2.486 E.08374
G1 X4.835 Y2.686 E.0796
G1 X1.639 Y2.786 E.07894
G1 X-1.612 Y2.786 E.08025
G1 X-4.905 Y2.683 E.08134
G1 X-8.176 Y2.476 E.08091
G1 X-11.434 Y2.167 E.08079
G1 X-14.462 Y1.787 E.07534
G1 X-17.647 Y1.289 E.07959
G1 X-21.123 Y.629 E.08734
G1 X-24.321 Y-.087 E.08091
G1 X-27.49 Y-.903 E.08079
G1 X-30.189 Y-1.682 E.06934
G1 X-32.901 Y-2.55 E.07032
;LAYER_CHANGE
;Z:19.46
;HEIGHT:0.199999
;BEFORE_LAYER_CHANGE
;19.46
G1 E-1.2 F2100
;WIPE_START
G1 F9000
G1 X-30.997 Y-1.941
;WIPE_END
;AFTER_LAYER_CHANGE
;19.46
;_SET_FAN_SPEED_CHANGING_LAYER
G17
G3 Z19.86 I.022 J1.217 P1  F30000
G1 X33.19 Y-3.11 Z19.86
G1 Z19.46
G1 E1.2 F2100
SET_VELOCITY_LIMIT ACCEL=5000
;TYPE:Outer wall
;WIDTH:0.62
G1 F2051
G1 X33.19 Y-2.178 E.0438
G1 X30.317 Y-1.258 E.14184
G1 X27.205 Y-.366 E.15226
G1 X24.066 Y.429 E.15226
G1 X20.904 Y1.126 E.15226
G1 X17.722 Y1.724 E.15226
G1 X14.523 Y2.224 E.15225
G1 X11.31 Y2.625 E.15226
G1 X8.087 Y2.926 E.15226
G1 X4.855 Y3.126 E.15226
G1 X1.619 Y3.227 E.15225
G1 X-1.619 Y3.227 E.15226
G1 X-4.855 Y3.126 E.15225
G1 X-8.087 Y2.926 E.15226
G1 X-11.31 Y2.625 E.15226
G1 X-14.523 Y2.224 E.15226
G1 X-17.722 Y1.724 E.15225
G1 X-20.904 Y1.126 E.15226
G1 X-24.066 Y.429 E.15226
G1 X-27.205 Y-.366 E.15226
G1 X-30.317 Y-1.258 E.15226
G1 X-33.19 Y-2.178 E.14184
G1 X-33.19 Y-3.11 E.0438
G1 X-30.502 Y-2.235 E.13294
G1 X-27.373 Y-1.324 E.15325
G1 X-24.217 Y-.512 E.15325
G1 X-21.036 Y.2 E.15325
G1 X-17.835 Y.812 E.15325
G1 X-14.617 Y1.322 E.15325
G1 X-11.384 Y1.732 E.15325
G1 X-8.139 Y2.039 E.15325
G1 X-4.887 Y2.244 E.15325
G1 X-1.629 Y2.346 E.15325
G1 X1.629 Y2.346 E.15325
G1 X4.887 Y2.244 E.15325
G1 X8.139 Y2.039 E.15325
G1 X11.384 Y1.732 E.15325
G1 X14.617 Y1.322 E.15325
G1 X17.835 Y.812 E.15325
G1 X21.036 Y.2 E.15325
G1 X24.217 Y-.512 E.15325
G1 X27.373 Y-1.324 E.15325
G1 X30.502 Y-2.235 E.15325
G1 X33.156 Y-3.098 E.13125
SET_VELOCITY_LIMIT ACCEL=10000
G1 X32.901 Y-2.55 F30000
;TYPE:Gap infill
;WIDTH:0.345881
G1 F2051
G1 X30.189 Y-1.682 E.07032
G1 X27.49 Y-.903 E.06934
G1 X23.964 Y-.002 E.08985
G1 X20.816 Y.692 E.07959
G1 X17.913 Y1.243 E.07294
G1 X14.681 Y1.756 E.08079
G1 X11.429 Y2.168 E.08091
G1 X8.053 Y2.486 E.08374
G1 X4.835 Y2.686 E.0796
G1 X1.639 Y2.786 E.07894
G1 X-1.612 Y2.786 E.08025
G1 X-4.905 Y2.683 E.08134
G1 X-8.176 Y2.476 E.08091
G1 X-11.434 Y2.167 E.08079
G1 X-14.462 Y1.787 E.07534
G1 X-17.647 Y1.289 E.07959
G1 X-21.123 Y.629 E.08734
G1 X-24.321 Y-.087 E.08091
G1 X-27.49 Y-.903 E.08079
G1 X-30.189 Y-1.682 E.06934
G1 X-32.901 Y-2.55 E.07032
;LAYER_CHANGE
;Z:19.66
;HEIGHT:0.200001
;BEFORE_LAYER_CHANGE
;19.66
G1 E-1.2 F2100
;WIPE_START
G1 F9000
G1 X-30.997 Y-1.941
;WIPE_END
;AFTER_LAYER_CHANGE
;19.66
;_SET_FAN_SPEED_CHANGING_LAYER
G17
G3 Z20.06 I.022 J1.217 P1  F30000
G1 X33.19 Y-3.11 Z20.06
G1 Z19.66
G1 E1.2 F2100
SET_VELOCITY_LIMIT ACCEL=5000
;TYPE:Outer wall
;WIDTH:0.62
G1 F2051
G1 X33.19 Y-2.178 E.0438
G1 X30.317 Y-1.258 E.14184
G1 X27.205 Y-.366 E.15226
G1 X24.066 Y.429 E.15226
G1 X20.904 Y1.126 E.15226
G1 X17.722 Y1.724 E.15226
G1 X14.523 Y2.224 E.15225
G1 X11.31 Y2.625 E.15226
G1 X8.087 Y2.926 E.15226
G1 X4.855 Y3.126 E.15226
G1 X1.619 Y3.227 E.15225
G1 X-1.619 Y3.227 E.15226
G1 X-4.855 Y3.126 E.15225
G1 X-8.087 Y2.926 E.15226
G1 X-11.31 Y2.625 E.15226
G1 X-14.523 Y2.224 E.15226
G1 X-17.722 Y1.724 E.15225
G1 X-20.904 Y1.126 E.15226
G1 X-24.066 Y.429 E.15226
G1 X-27.205 Y-.366 E.15226
G1 X-30.317 Y-1.258 E.15226
G1 X-33.19 Y-2.178 E.14184
G1 X-33.19 Y-3.11 E.0438
G1 X-30.502 Y-2.235 E.13294
G1 X-27.373 Y-1.324 E.15325
G1 X-24.217 Y-.512 E.15325
G1 X-21.036 Y.2 E.15325
G1 X-17.835 Y.812 E.15325
G1 X-14.617 Y1.322 E.15325
G1 X-11.384 Y1.732 E.15325
G1 X-8.139 Y2.039 E.15325
G1 X-4.887 Y2.244 E.15325
G1 X-1.629 Y2.346 E.15325
G1 X1.629 Y2.346 E.15325
G1 X4.887 Y2.244 E.15325
G1 X8.139 Y2.039 E.15325
G1 X11.384 Y1.732 E.15325
G1 X14.617 Y1.322 E.15325
G1 X17.835 Y.812 E.15325
G1 X21.036 Y.2 E.15325
G1 X24.217 Y-.512 E.15325
G1 X27.373 Y-1.324 E.15325
G1 X30.502 Y-2.235 E.15325
G1 X33.156 Y-3.098 E.13125
SET_VELOCITY_LIMIT ACCEL=10000
G1 X32.901 Y-2.55 F30000
;TYPE:Gap infill
;WIDTH:0.345881
G1 F2051
G1 X30.189 Y-1.682 E.07032
G1 X27.49 Y-.903 E.06934
G1 X24.321 Y-.087 E.08079
G1 X21.123 Y.629 E.08091
G1 X17.647 Y1.289 E.08734
G1 X14.462 Y1.787 E.07959
G1 X11.434 Y2.167 E.07534
G1 X8.176 Y2.476 E.08079
G1 X4.905 Y2.683 E.08091
G1 X1.612 Y2.786 E.08134
G1 X-1.639 Y2.786 E.08025
G1 X-4.835 Y2.686 E.07894
G1 X-8.053 Y2.486 E.0796
G1 X-11.429 Y2.168 E.08374
G1 X-14.681 Y1.756 E.08091
G1 X-17.913 Y1.243 E.08079
G1 X-20.816 Y.692 E.07294
G1 X-23.964 Y-.002 E.07959
G1 X-27.49 Y-.903 E.08985
G1 X-30.189 Y-1.682 E.06934
G1 X-32.901 Y-2.55 E.07032
;LAYER_CHANGE
;Z:19.86
;HEIGHT:0.200001
;BEFORE_LAYER_CHANGE
;19.86
G1 E-1.2 F2100
;WIPE_START
G1 F9000
G1 X-30.997 Y-1.941
;WIPE_END
;AFTER_LAYER_CHANGE
;19.86
;_SET_FAN_SPEED_CHANGING_LAYER
G17
G3 Z20.26 I.022 J1.217 P1  F30000
G1 X33.19 Y-3.11 Z20.26
G1 Z19.86
G1 E1.2 F2100
SET_VELOCITY_LIMIT ACCEL=5000
;TYPE:Outer wall
;WIDTH:0.62
G1 F2051
M73 P45 R14
G1 X33.19 Y-2.178 E.0438
G1 X30.317 Y-1.258 E.14184
G1 X27.205 Y-.366 E.15226
G1 X24.066 Y.429 E.15226
G1 X20.904 Y1.126 E.15226
G1 X17.722 Y1.724 E.15226
G1 X14.523 Y2.224 E.15225
G1 X11.31 Y2.625 E.15226
G1 X8.087 Y2.926 E.15226
G1 X4.855 Y3.126 E.15226
G1 X1.619 Y3.227 E.15225
G1 X-1.619 Y3.227 E.15226
G1 X-4.855 Y3.126 E.15225
G1 X-8.087 Y2.926 E.15226
G1 X-11.31 Y2.625 E.15226
G1 X-14.523 Y2.224 E.15226
G1 X-17.722 Y1.724 E.15225
G1 X-20.904 Y1.126 E.15226
G1 X-24.066 Y.429 E.15226
G1 X-27.205 Y-.366 E.15226
G1 X-30.317 Y-1.258 E.15226
G1 X-33.19 Y-2.178 E.14184
G1 X-33.19 Y-3.11 E.0438
G1 X-30.502 Y-2.235 E.13294
G1 X-27.373 Y-1.324 E.15325
G1 X-24.217 Y-.512 E.15325
G1 X-21.036 Y.2 E.15325
G1 X-17.835 Y.812 E.15325
G1 X-14.617 Y1.322 E.15325
G1 X-11.384 Y1.732 E.15325
G1 X-10.049 Y1.858 E.06304
G1 X-8.139 Y2.039 E.09021
G1 X-4.887 Y2.244 E.15325
G1 X-1.629 Y2.346 E.15325
G1 X1.629 Y2.346 E.15325
G1 X4.887 Y2.244 E.15325
G1 X8.139 Y2.039 E.15325
G1 X11.384 Y1.732 E.15325
G1 X14.617 Y1.322 E.15325
G1 X17.835 Y.812 E.15325
G1 X21.036 Y.2 E.15325
G1 X24.217 Y-.512 E.15325
G1 X27.373 Y-1.324 E.15325
G1 X30.502 Y-2.235 E.15325
G1 X33.156 Y-3.098 E.13125
SET_VELOCITY_LIMIT ACCEL=10000
G1 X32.901 Y-2.55 F30000
;TYPE:Gap infill
;WIDTH:0.345881
G1 F2051
G1 X30.189 Y-1.682 E.07032
G1 X27.49 Y-.903 E.06934
G1 X24.321 Y-.087 E.08079
G1 X21.123 Y.629 E.08091
G1 X17.647 Y1.289 E.08734
G1 X14.462 Y1.787 E.07959
G1 X11.434 Y2.167 E.07534
G1 X8.176 Y2.476 E.08079
G1 X4.905 Y2.683 E.08091
G1 X1.612 Y2.786 E.08134
G1 X-1.639 Y2.786 E.08025
G1 X-4.835 Y2.686 E.07894
G1 X-8.053 Y2.486 E.0796
G1 X-11.429 Y2.168 E.08374
G1 X-14.681 Y1.756 E.08091
G1 X-17.913 Y1.243 E.08079
G1 X-20.816 Y.692 E.07294
G1 X-23.964 Y-.002 E.07959
G1 X-27.49 Y-.903 E.08985
G1 X-30.189 Y-1.682 E.06934
G1 X-32.901 Y-2.55 E.07032
;LAYER_CHANGE
;Z:20.06
;HEIGHT:0.199999
;BEFORE_LAYER_CHANGE
;20.06
G1 E-1.2 F2100
;WIPE_START
G1 F9000
G1 X-30.997 Y-1.941
;WIPE_END
;AFTER_LAYER_CHANGE
;20.06
;_SET_FAN_SPEED_CHANGING_LAYER
G17
G3 Z20.46 I.022 J1.217 P1  F30000
G1 X33.19 Y-3.11 Z20.46
G1 Z20.06
G1 E1.2 F2100
SET_VELOCITY_LIMIT ACCEL=5000
;TYPE:Outer wall
;WIDTH:0.62
G1 F2051
G1 X33.19 Y-2.178 E.0438
G1 X30.317 Y-1.258 E.14184
G1 X27.205 Y-.366 E.15226
G1 X24.066 Y.429 E.15226
G1 X20.904 Y1.126 E.15226
G1 X17.722 Y1.724 E.15226
G1 X14.523 Y2.224 E.15225
G1 X11.31 Y2.625 E.15226
G1 X8.087 Y2.926 E.15226
G1 X4.855 Y3.126 E.15226
G1 X1.619 Y3.227 E.15225
G1 X-1.619 Y3.227 E.15226
G1 X-4.855 Y3.126 E.15225
G1 X-8.087 Y2.926 E.15226
G1 X-11.31 Y2.625 E.15226
G1 X-14.523 Y2.224 E.15226
G1 X-17.722 Y1.724 E.15225
G1 X-20.904 Y1.126 E.15226
G1 X-24.066 Y.429 E.15226
G1 X-27.205 Y-.366 E.15226
G1 X-30.317 Y-1.258 E.15226
G1 X-33.19 Y-2.178 E.14184
G1 X-33.19 Y-3.11 E.0438
G1 X-30.502 Y-2.235 E.13294
G1 X-27.373 Y-1.324 E.15325
G1 X-24.217 Y-.512 E.15325
G1 X-21.036 Y.2 E.15325
G1 X-17.835 Y.812 E.15325
G1 X-14.617 Y1.322 E.15325
G1 X-11.384 Y1.732 E.15325
G1 X-8.139 Y2.039 E.15325
G1 X-4.887 Y2.244 E.15325
G1 X-1.629 Y2.346 E.15325
G1 X1.629 Y2.346 E.15325
G1 X4.887 Y2.244 E.15325
G1 X8.139 Y2.039 E.15325
G1 X11.384 Y1.732 E.15325
G1 X14.617 Y1.322 E.15325
G1 X17.835 Y.812 E.15325
G1 X21.036 Y.2 E.15325
G1 X24.217 Y-.512 E.15325
G1 X27.373 Y-1.324 E.15325
G1 X30.502 Y-2.235 E.15325
G1 X33.156 Y-3.098 E.13125
SET_VELOCITY_LIMIT ACCEL=10000
G1 X32.901 Y-2.55 F30000
;TYPE:Gap infill
;WIDTH:0.34588
G1 F2051
G1 X30.189 Y-1.682 E.07032
G1 X27.49 Y-.903 E.06934
G1 X23.964 Y-.002 E.08985
G1 X20.816 Y.692 E.07959
G1 X17.913 Y1.243 E.07294
G1 X14.681 Y1.756 E.08079
G1 X11.429 Y2.168 E.08091
G1 X8.053 Y2.486 E.08374
G1 X4.835 Y2.686 E.0796
G1 X1.639 Y2.786 E.07894
G1 X-1.612 Y2.786 E.08025
G1 X-4.905 Y2.683 E.08134
G1 X-8.176 Y2.476 E.08091
G1 X-11.434 Y2.167 E.08079
G1 X-14.462 Y1.787 E.07534
G1 X-17.647 Y1.289 E.07959
G1 X-21.123 Y.629 E.08734
G1 X-24.321 Y-.087 E.08091
G1 X-27.49 Y-.903 E.08079
G1 X-30.189 Y-1.682 E.06934
G1 X-32.901 Y-2.55 E.07032
;LAYER_CHANGE
;Z:20.26
;HEIGHT:0.200001
;BEFORE_LAYER_CHANGE
;20.26
G1 E-1.2 F2100
;WIPE_START
G1 F9000
G1 X-30.997 Y-1.941
;WIPE_END
;AFTER_LAYER_CHANGE
;20.26
;_SET_FAN_SPEED_CHANGING_LAYER
G17
G3 Z20.66 I.022 J1.217 P1  F30000
G1 X33.19 Y-3.11 Z20.66
G1 Z20.26
G1 E1.2 F2100
SET_VELOCITY_LIMIT ACCEL=5000
;TYPE:Outer wall
;WIDTH:0.62
G1 F2051
G1 X33.19 Y-2.178 E.0438
G1 X30.317 Y-1.258 E.14184
G1 X27.205 Y-.366 E.15226
G1 X24.066 Y.429 E.15226
G1 X20.904 Y1.126 E.15226
G1 X17.722 Y1.724 E.15226
G1 X14.523 Y2.224 E.15225
G1 X11.31 Y2.625 E.15226
G1 X8.087 Y2.926 E.15226
G1 X4.855 Y3.126 E.15226
G1 X1.619 Y3.227 E.15225
G1 X-1.619 Y3.227 E.15226
M73 P45 R13
G1 X-4.855 Y3.126 E.15225
G1 X-8.087 Y2.926 E.15226
G1 X-11.31 Y2.625 E.15226
G1 X-14.523 Y2.224 E.15226
G1 X-17.722 Y1.724 E.15225
G1 X-20.904 Y1.126 E.15226
G1 X-24.066 Y.429 E.15226
G1 X-27.205 Y-.366 E.15226
G1 X-30.317 Y-1.258 E.15226
G1 X-33.19 Y-2.178 E.14184
G1 X-33.19 Y-3.11 E.0438
G1 X-30.502 Y-2.235 E.13294
G1 X-27.373 Y-1.324 E.15325
G1 X-24.217 Y-.512 E.15325
G1 X-21.036 Y.2 E.15325
G1 X-17.835 Y.812 E.15325
G1 X-14.617 Y1.322 E.15325
G1 X-11.384 Y1.732 E.15325
G1 X-8.139 Y2.039 E.15325
M73 P46 R13
G1 X-4.887 Y2.244 E.15325
G1 X-1.629 Y2.346 E.15325
G1 X1.629 Y2.346 E.15325
G1 X4.887 Y2.244 E.15325
G1 X8.139 Y2.039 E.15325
G1 X11.384 Y1.732 E.15325
G1 X14.617 Y1.322 E.15325
G1 X17.835 Y.812 E.15325
G1 X21.036 Y.2 E.15325
G1 X24.217 Y-.512 E.15325
G1 X27.373 Y-1.324 E.15325
G1 X30.502 Y-2.235 E.15325
G1 X33.156 Y-3.098 E.13125
SET_VELOCITY_LIMIT ACCEL=10000
G1 X32.901 Y-2.55 F30000
;TYPE:Gap infill
;WIDTH:0.345881
G1 F2051
G1 X30.189 Y-1.682 E.07032
G1 X27.49 Y-.903 E.06934
G1 X24.321 Y-.087 E.08079
G1 X21.123 Y.629 E.08091
G1 X17.647 Y1.289 E.08734
G1 X14.462 Y1.787 E.07959
G1 X11.434 Y2.167 E.07534
G1 X8.176 Y2.476 E.08079
G1 X4.905 Y2.683 E.08091
G1 X1.612 Y2.786 E.08134
G1 X-1.639 Y2.786 E.08025
G1 X-4.835 Y2.686 E.07894
G1 X-8.053 Y2.486 E.0796
G1 X-11.429 Y2.168 E.08374
G1 X-14.681 Y1.756 E.08091
G1 X-17.913 Y1.243 E.08079
G1 X-20.816 Y.692 E.07294
G1 X-23.964 Y-.002 E.07959
G1 X-27.49 Y-.903 E.08985
G1 X-30.189 Y-1.682 E.06934
G1 X-32.901 Y-2.55 E.07032
;LAYER_CHANGE
;Z:20.46
;HEIGHT:0.199999
;BEFORE_LAYER_CHANGE
;20.46
G1 E-1.2 F2100
;WIPE_START
G1 F9000
G1 X-30.997 Y-1.941
;WIPE_END
;AFTER_LAYER_CHANGE
;20.46
;_SET_FAN_SPEED_CHANGING_LAYER
G17
G3 Z20.86 I.022 J1.217 P1  F30000
G1 X33.19 Y-3.11 Z20.86
G1 Z20.46
G1 E1.2 F2100
SET_VELOCITY_LIMIT ACCEL=5000
;TYPE:Outer wall
;WIDTH:0.62
G1 F2051
G1 X33.19 Y-2.178 E.0438
G1 X30.317 Y-1.258 E.14184
G1 X27.205 Y-.366 E.15226
G1 X24.066 Y.429 E.15226
G1 X20.904 Y1.126 E.15226
G1 X17.722 Y1.724 E.15226
G1 X14.523 Y2.224 E.15225
G1 X11.31 Y2.625 E.15226
G1 X8.087 Y2.926 E.15226
G1 X4.855 Y3.126 E.15226
G1 X1.619 Y3.227 E.15225
G1 X-1.619 Y3.227 E.15226
G1 X-4.855 Y3.126 E.15225
G1 X-8.087 Y2.926 E.15226
G1 X-11.31 Y2.625 E.15226
G1 X-14.523 Y2.224 E.15226
G1 X-17.722 Y1.724 E.15225
G1 X-20.904 Y1.126 E.15226
G1 X-24.066 Y.429 E.15226
G1 X-27.205 Y-.366 E.15226
G1 X-30.317 Y-1.258 E.15226
G1 X-33.19 Y-2.178 E.14184
G1 X-33.19 Y-3.11 E.0438
G1 X-30.502 Y-2.235 E.13294
G1 X-27.373 Y-1.324 E.15325
G1 X-24.217 Y-.512 E.15325
G1 X-21.036 Y.2 E.15325
G1 X-17.835 Y.812 E.15325
G1 X-14.617 Y1.322 E.15325
G1 X-11.384 Y1.732 E.15325
G1 X-10.006 Y1.862 E.06508
G1 X-8.139 Y2.039 E.08817
G1 X-4.887 Y2.244 E.15325
G1 X-1.629 Y2.346 E.15325
G1 X1.629 Y2.346 E.15325
G1 X4.887 Y2.244 E.15325
G1 X8.139 Y2.039 E.15325
G1 X11.384 Y1.732 E.15325
G1 X14.617 Y1.322 E.15325
G1 X17.835 Y.812 E.15325
G1 X21.036 Y.2 E.15325
G1 X24.217 Y-.512 E.15325
G1 X27.373 Y-1.324 E.15325
G1 X30.502 Y-2.235 E.15325
G1 X33.156 Y-3.098 E.13125
SET_VELOCITY_LIMIT ACCEL=10000
G1 X32.901 Y-2.55 F30000
;TYPE:Gap infill
;WIDTH:0.34588
G1 F2051
G1 X30.189 Y-1.682 E.07032
G1 X27.49 Y-.903 E.06934
G1 X23.964 Y-.002 E.08985
G1 X20.816 Y.692 E.07959
G1 X17.913 Y1.243 E.07294
G1 X14.681 Y1.756 E.08079
G1 X11.429 Y2.168 E.08091
G1 X8.053 Y2.486 E.08374
G1 X4.835 Y2.686 E.0796
G1 X1.639 Y2.786 E.07894
G1 X-1.612 Y2.786 E.08025
G1 X-4.905 Y2.683 E.08134
G1 X-8.176 Y2.476 E.08091
G1 X-11.434 Y2.167 E.08079
G1 X-14.462 Y1.787 E.07534
G1 X-17.647 Y1.289 E.07959
G1 X-21.123 Y.629 E.08734
G1 X-24.321 Y-.087 E.08091
G1 X-27.49 Y-.903 E.08079
G1 X-30.189 Y-1.682 E.06934
G1 X-32.901 Y-2.55 E.07032
;LAYER_CHANGE
;Z:20.66
;HEIGHT:0.200001
;BEFORE_LAYER_CHANGE
;20.66
G1 E-1.2 F2100
;WIPE_START
G1 F9000
G1 X-30.997 Y-1.941
;WIPE_END
;AFTER_LAYER_CHANGE
;20.66
;_SET_FAN_SPEED_CHANGING_LAYER
G17
G3 Z21.06 I.022 J1.217 P1  F30000
G1 X33.19 Y-3.11 Z21.06
G1 Z20.66
G1 E1.2 F2100
SET_VELOCITY_LIMIT ACCEL=5000
;TYPE:Outer wall
;WIDTH:0.62
G1 F2051
G1 X33.19 Y-2.178 E.0438
G1 X30.317 Y-1.258 E.14184
G1 X27.205 Y-.366 E.15226
G1 X24.066 Y.429 E.15226
G1 X20.904 Y1.126 E.15226
G1 X17.722 Y1.724 E.15226
G1 X14.523 Y2.224 E.15225
G1 X11.31 Y2.625 E.15226
G1 X8.087 Y2.926 E.15226
G1 X4.855 Y3.126 E.15226
G1 X1.619 Y3.227 E.15225
G1 X-1.619 Y3.227 E.15226
G1 X-4.855 Y3.126 E.15225
G1 X-8.087 Y2.926 E.15226
G1 X-11.31 Y2.625 E.15226
G1 X-14.523 Y2.224 E.15226
G1 X-17.722 Y1.724 E.15225
G1 X-20.904 Y1.126 E.15226
G1 X-24.066 Y.429 E.15226
G1 X-27.205 Y-.366 E.15226
G1 X-30.317 Y-1.258 E.15226
G1 X-33.19 Y-2.178 E.14184
G1 X-33.19 Y-3.11 E.0438
G1 X-30.502 Y-2.235 E.13294
G1 X-27.373 Y-1.324 E.15325
G1 X-24.217 Y-.512 E.15325
G1 X-21.036 Y.2 E.15325
G1 X-17.835 Y.812 E.15325
G1 X-14.617 Y1.322 E.15325
G1 X-11.384 Y1.732 E.15325
G1 X-8.139 Y2.039 E.15325
G1 X-4.887 Y2.244 E.15325
G1 X-1.629 Y2.346 E.15325
G1 X1.629 Y2.346 E.15325
G1 X4.887 Y2.244 E.15325
G1 X8.139 Y2.039 E.15325
G1 X11.384 Y1.732 E.15325
G1 X14.617 Y1.322 E.15325
G1 X17.835 Y.812 E.15325
G1 X21.036 Y.2 E.15325
G1 X24.217 Y-.512 E.15325
G1 X27.373 Y-1.324 E.15325
G1 X30.502 Y-2.235 E.15325
G1 X33.156 Y-3.098 E.13125
SET_VELOCITY_LIMIT ACCEL=10000
G1 X32.901 Y-2.55 F30000
;TYPE:Gap infill
;WIDTH:0.34588
G1 F2051
G1 X30.189 Y-1.682 E.07032
G1 X27.49 Y-.903 E.06934
G1 X24.321 Y-.087 E.08079
G1 X21.123 Y.629 E.08091
G1 X17.647 Y1.289 E.08734
G1 X14.462 Y1.787 E.07959
G1 X11.434 Y2.167 E.07534
G1 X8.176 Y2.476 E.08079
G1 X4.905 Y2.683 E.08091
G1 X1.612 Y2.786 E.08134
G1 X-1.639 Y2.786 E.08025
G1 X-4.835 Y2.686 E.07894
G1 X-8.053 Y2.486 E.0796
G1 X-11.429 Y2.168 E.08374
G1 X-14.681 Y1.756 E.08091
M73 P47 R13
G1 X-17.913 Y1.243 E.08079
G1 X-20.816 Y.692 E.07294
G1 X-23.964 Y-.002 E.07959
G1 X-27.49 Y-.903 E.08985
G1 X-30.189 Y-1.682 E.06934
G1 X-32.901 Y-2.55 E.07032
;LAYER_CHANGE
;Z:20.86
;HEIGHT:0.200001
;BEFORE_LAYER_CHANGE
;20.86
G1 E-1.2 F2100
;WIPE_START
G1 F9000
G1 X-30.997 Y-1.941
;WIPE_END
;AFTER_LAYER_CHANGE
;20.86
;_SET_FAN_SPEED_CHANGING_LAYER
G17
G3 Z21.26 I.022 J1.217 P1  F30000
G1 X33.19 Y-3.11 Z21.26
G1 Z20.86
G1 E1.2 F2100
SET_VELOCITY_LIMIT ACCEL=5000
;TYPE:Outer wall
;WIDTH:0.62
G1 F2051
G1 X33.19 Y-2.178 E.0438
G1 X30.317 Y-1.258 E.14184
G1 X27.205 Y-.366 E.15226
G1 X24.066 Y.429 E.15226
G1 X20.904 Y1.126 E.15226
G1 X17.722 Y1.724 E.15226
G1 X14.523 Y2.224 E.15225
G1 X11.31 Y2.625 E.15226
G1 X8.087 Y2.926 E.15226
G1 X4.855 Y3.126 E.15226
G1 X1.619 Y3.227 E.15225
G1 X-1.619 Y3.227 E.15226
G1 X-4.855 Y3.126 E.15225
G1 X-8.087 Y2.926 E.15226
G1 X-11.31 Y2.625 E.15226
G1 X-14.523 Y2.224 E.15226
G1 X-17.722 Y1.724 E.15225
G1 X-20.904 Y1.126 E.15226
G1 X-24.066 Y.429 E.15226
G1 X-27.205 Y-.366 E.15226
G1 X-30.317 Y-1.258 E.15226
G1 X-33.19 Y-2.178 E.14184
G1 X-33.19 Y-3.11 E.0438
G1 X-30.502 Y-2.235 E.13294
G1 X-27.373 Y-1.324 E.15325
G1 X-24.217 Y-.512 E.15325
G1 X-21.036 Y.2 E.15325
G1 X-17.835 Y.812 E.15325
G1 X-14.617 Y1.322 E.15325
G1 X-11.384 Y1.732 E.15325
G1 X-8.139 Y2.039 E.15325
G1 X-4.887 Y2.244 E.15325
G1 X-1.629 Y2.346 E.15325
G1 X1.629 Y2.346 E.15325
G1 X4.887 Y2.244 E.15325
G1 X8.139 Y2.039 E.15325
G1 X11.384 Y1.732 E.15325
G1 X14.617 Y1.322 E.15325
G1 X17.835 Y.812 E.15325
G1 X21.036 Y.2 E.15325
G1 X24.217 Y-.512 E.15325
G1 X27.373 Y-1.324 E.15325
G1 X30.502 Y-2.235 E.15325
G1 X33.156 Y-3.098 E.13125
SET_VELOCITY_LIMIT ACCEL=10000
G1 X32.901 Y-2.55 F30000
;TYPE:Gap infill
;WIDTH:0.34588
G1 F2051
G1 X30.189 Y-1.682 E.07032
G1 X27.49 Y-.903 E.06934
G1 X23.964 Y-.002 E.08985
G1 X20.816 Y.692 E.07959
G1 X17.913 Y1.243 E.07294
G1 X14.681 Y1.756 E.08079
G1 X11.429 Y2.168 E.08091
G1 X8.053 Y2.486 E.08374
G1 X4.835 Y2.686 E.0796
G1 X1.639 Y2.786 E.07894
G1 X-1.612 Y2.786 E.08025
G1 X-4.905 Y2.683 E.08134
G1 X-8.176 Y2.476 E.08091
G1 X-11.434 Y2.167 E.08079
G1 X-14.462 Y1.787 E.07534
G1 X-17.647 Y1.289 E.07959
G1 X-21.123 Y.629 E.08734
G1 X-24.321 Y-.087 E.08091
G1 X-27.49 Y-.903 E.08079
G1 X-30.189 Y-1.682 E.06934
G1 X-32.901 Y-2.55 E.07032
;LAYER_CHANGE
;Z:21.06
;HEIGHT:0.199999
;BEFORE_LAYER_CHANGE
;21.06
G1 E-1.2 F2100
;WIPE_START
G1 F9000
G1 X-30.997 Y-1.941
;WIPE_END
;AFTER_LAYER_CHANGE
;21.06
;_SET_FAN_SPEED_CHANGING_LAYER
G17
G3 Z21.46 I.022 J1.217 P1  F30000
G1 X33.19 Y-3.11 Z21.46
G1 Z21.06
G1 E1.2 F2100
SET_VELOCITY_LIMIT ACCEL=5000
;TYPE:Outer wall
;WIDTH:0.62
G1 F2051
G1 X33.19 Y-2.178 E.0438
G1 X30.317 Y-1.258 E.14184
G1 X27.205 Y-.366 E.15226
G1 X24.066 Y.429 E.15226
G1 X20.904 Y1.126 E.15226
G1 X17.722 Y1.724 E.15226
G1 X14.523 Y2.224 E.15225
G1 X11.31 Y2.625 E.15226
G1 X8.087 Y2.926 E.15226
G1 X4.855 Y3.126 E.15226
G1 X1.619 Y3.227 E.15225
G1 X-1.619 Y3.227 E.15226
G1 X-4.855 Y3.126 E.15225
G1 X-8.087 Y2.926 E.15226
G1 X-11.31 Y2.625 E.15226
G1 X-14.523 Y2.224 E.15226
G1 X-17.722 Y1.724 E.15225
G1 X-20.904 Y1.126 E.15226
G1 X-24.066 Y.429 E.15226
G1 X-27.205 Y-.366 E.15226
G1 X-30.317 Y-1.258 E.15226
G1 X-33.19 Y-2.178 E.14184
G1 X-33.19 Y-3.11 E.0438
G1 X-30.502 Y-2.235 E.13294
G1 X-27.373 Y-1.324 E.15325
G1 X-24.217 Y-.512 E.15325
G1 X-21.036 Y.2 E.15325
G1 X-17.835 Y.812 E.15325
G1 X-14.617 Y1.322 E.15325
G1 X-11.384 Y1.732 E.15325
G1 X-8.139 Y2.039 E.15325
G1 X-4.887 Y2.244 E.15325
G1 X-1.629 Y2.346 E.15325
G1 X1.629 Y2.346 E.15325
G1 X4.887 Y2.244 E.15325
G1 X8.139 Y2.039 E.15325
G1 X11.384 Y1.732 E.15325
G1 X14.617 Y1.322 E.15325
G1 X17.835 Y.812 E.15325
G1 X21.036 Y.2 E.15325
G1 X24.217 Y-.512 E.15325
G1 X27.373 Y-1.324 E.15325
G1 X30.502 Y-2.235 E.15325
G1 X33.156 Y-3.098 E.13125
SET_VELOCITY_LIMIT ACCEL=10000
G1 X32.901 Y-2.55 F30000
;TYPE:Gap infill
;WIDTH:0.34588
G1 F2051
G1 X30.189 Y-1.682 E.07032
G1 X27.49 Y-.903 E.06934
G1 X23.964 Y-.002 E.08985
G1 X20.816 Y.692 E.07959
G1 X17.913 Y1.243 E.07294
G1 X14.681 Y1.756 E.08079
G1 X11.429 Y2.168 E.08091
G1 X8.053 Y2.486 E.08374
G1 X4.835 Y2.686 E.0796
G1 X1.639 Y2.786 E.07894
G1 X-1.612 Y2.786 E.08025
G1 X-4.905 Y2.683 E.08134
G1 X-8.176 Y2.476 E.08091
G1 X-11.434 Y2.167 E.08079
G1 X-14.462 Y1.787 E.07534
G1 X-17.647 Y1.289 E.07959
G1 X-21.123 Y.629 E.08734
G1 X-24.321 Y-.087 E.08091
G1 X-27.49 Y-.903 E.08079
G1 X-30.189 Y-1.682 E.06934
G1 X-32.901 Y-2.55 E.07032
;LAYER_CHANGE
;Z:21.26
;HEIGHT:0.200001
;BEFORE_LAYER_CHANGE
;21.26
G1 E-1.2 F2100
;WIPE_START
G1 F9000
G1 X-30.997 Y-1.941
;WIPE_END
;AFTER_LAYER_CHANGE
;21.26
;_SET_FAN_SPEED_CHANGING_LAYER
G17
G3 Z21.66 I.022 J1.217 P1  F30000
G1 X33.19 Y-3.11 Z21.66
G1 Z21.26
G1 E1.2 F2100
SET_VELOCITY_LIMIT ACCEL=5000
;TYPE:Outer wall
;WIDTH:0.62
G1 F2051
G1 X33.19 Y-2.178 E.0438
G1 X30.317 Y-1.258 E.14184
G1 X27.205 Y-.366 E.15226
G1 X24.066 Y.429 E.15226
G1 X20.904 Y1.126 E.15226
G1 X17.722 Y1.724 E.15226
G1 X14.523 Y2.224 E.15225
G1 X11.31 Y2.625 E.15226
G1 X8.087 Y2.926 E.15226
G1 X4.855 Y3.126 E.15226
G1 X1.619 Y3.227 E.15225
G1 X-1.619 Y3.227 E.15226
G1 X-4.855 Y3.126 E.15225
G1 X-8.087 Y2.926 E.15226
G1 X-11.31 Y2.625 E.15226
G1 X-14.523 Y2.224 E.15226
G1 X-17.722 Y1.724 E.15225
G1 X-20.904 Y1.126 E.15226
G1 X-24.066 Y.429 E.15226
M73 P48 R13
G1 X-27.205 Y-.366 E.15226
G1 X-30.317 Y-1.258 E.15226
G1 X-33.19 Y-2.178 E.14184
G1 X-33.19 Y-3.11 E.0438
G1 X-30.502 Y-2.235 E.13294
G1 X-27.373 Y-1.324 E.15325
G1 X-24.217 Y-.512 E.15325
G1 X-21.036 Y.2 E.15325
G1 X-17.835 Y.812 E.15325
G1 X-14.617 Y1.322 E.15325
G1 X-11.384 Y1.732 E.15325
G1 X-8.139 Y2.039 E.15325
G1 X-4.887 Y2.244 E.15325
G1 X-1.629 Y2.346 E.15325
G1 X1.629 Y2.346 E.15325
G1 X4.887 Y2.244 E.15325
G1 X8.139 Y2.039 E.15325
G1 X11.384 Y1.732 E.15325
G1 X14.617 Y1.322 E.15325
G1 X17.835 Y.812 E.15325
G1 X21.036 Y.2 E.15325
G1 X24.217 Y-.512 E.15325
G1 X27.373 Y-1.324 E.15325
G1 X30.502 Y-2.235 E.15325
G1 X33.156 Y-3.098 E.13125
SET_VELOCITY_LIMIT ACCEL=10000
G1 X32.901 Y-2.55 F30000
;TYPE:Gap infill
;WIDTH:0.34588
G1 F2051
G1 X30.189 Y-1.682 E.07032
G1 X27.49 Y-.903 E.06934
G1 X24.321 Y-.087 E.08079
G1 X21.123 Y.629 E.08091
G1 X17.647 Y1.289 E.08734
G1 X14.462 Y1.787 E.07959
G1 X11.434 Y2.167 E.07534
G1 X8.176 Y2.476 E.08079
G1 X4.905 Y2.683 E.08091
G1 X1.612 Y2.786 E.08134
G1 X-1.639 Y2.786 E.08025
G1 X-4.835 Y2.686 E.07894
G1 X-8.053 Y2.486 E.0796
G1 X-11.429 Y2.168 E.08374
G1 X-14.681 Y1.756 E.08091
G1 X-17.913 Y1.243 E.08079
G1 X-20.816 Y.692 E.07294
G1 X-23.964 Y-.002 E.07959
G1 X-27.49 Y-.903 E.08985
G1 X-30.189 Y-1.682 E.06934
G1 X-32.901 Y-2.55 E.07032
;LAYER_CHANGE
;Z:21.46
;HEIGHT:0.199999
;BEFORE_LAYER_CHANGE
;21.46
G1 E-1.2 F2100
;WIPE_START
G1 F9000
G1 X-30.997 Y-1.941
;WIPE_END
;AFTER_LAYER_CHANGE
;21.46
;_SET_FAN_SPEED_CHANGING_LAYER
G17
G3 Z21.86 I.022 J1.217 P1  F30000
G1 X33.19 Y-3.11 Z21.86
G1 Z21.46
G1 E1.2 F2100
SET_VELOCITY_LIMIT ACCEL=5000
;TYPE:Outer wall
;WIDTH:0.62
G1 F2051
G1 X33.19 Y-2.178 E.0438
G1 X30.317 Y-1.258 E.14184
G1 X27.205 Y-.366 E.15226
G1 X24.066 Y.429 E.15226
G1 X20.904 Y1.126 E.15226
G1 X17.722 Y1.724 E.15226
G1 X14.523 Y2.224 E.15225
G1 X11.31 Y2.625 E.15226
G1 X8.087 Y2.926 E.15226
G1 X4.855 Y3.126 E.15226
G1 X1.619 Y3.227 E.15225
G1 X-1.619 Y3.227 E.15226
G1 X-4.855 Y3.126 E.15225
G1 X-8.087 Y2.926 E.15226
G1 X-11.31 Y2.625 E.15226
G1 X-14.523 Y2.224 E.15226
G1 X-17.722 Y1.724 E.15225
G1 X-20.904 Y1.126 E.15226
G1 X-24.066 Y.429 E.15226
G1 X-27.205 Y-.366 E.15226
G1 X-30.317 Y-1.258 E.15226
G1 X-33.19 Y-2.178 E.14184
G1 X-33.19 Y-3.11 E.0438
G1 X-30.502 Y-2.235 E.13294
G1 X-27.373 Y-1.324 E.15325
G1 X-24.217 Y-.512 E.15325
G1 X-21.036 Y.2 E.15325
G1 X-17.835 Y.812 E.15325
G1 X-14.617 Y1.322 E.15325
G1 X-11.384 Y1.732 E.15325
G1 X-8.139 Y2.039 E.15325
G1 X-4.887 Y2.244 E.15325
G1 X-1.629 Y2.346 E.15325
G1 X1.629 Y2.346 E.15325
G1 X4.887 Y2.244 E.15325
G1 X8.139 Y2.039 E.15325
G1 X11.384 Y1.732 E.15325
G1 X14.617 Y1.322 E.15325
G1 X17.835 Y.812 E.15325
G1 X21.036 Y.2 E.15325
G1 X24.217 Y-.512 E.15325
G1 X27.373 Y-1.324 E.15325
G1 X30.502 Y-2.235 E.15325
G1 X33.156 Y-3.098 E.13125
SET_VELOCITY_LIMIT ACCEL=10000
G1 X32.901 Y-2.55 F30000
;TYPE:Gap infill
;WIDTH:0.34588
G1 F2051
G1 X30.189 Y-1.682 E.07032
G1 X27.49 Y-.903 E.06934
G1 X24.321 Y-.087 E.08079
G1 X21.123 Y.629 E.08091
G1 X17.647 Y1.289 E.08734
G1 X14.462 Y1.787 E.07959
G1 X11.434 Y2.167 E.07534
G1 X8.176 Y2.476 E.08079
G1 X4.905 Y2.683 E.08091
G1 X1.612 Y2.786 E.08134
G1 X-1.639 Y2.786 E.08025
G1 X-4.835 Y2.686 E.07894
G1 X-8.053 Y2.486 E.0796
G1 X-11.429 Y2.168 E.08374
G1 X-14.681 Y1.756 E.08091
G1 X-17.913 Y1.243 E.08079
G1 X-20.816 Y.692 E.07294
G1 X-23.964 Y-.002 E.07959
G1 X-27.49 Y-.903 E.08985
G1 X-30.189 Y-1.682 E.06934
G1 X-32.901 Y-2.55 E.07032
;LAYER_CHANGE
;Z:21.66
;HEIGHT:0.200001
;BEFORE_LAYER_CHANGE
;21.66
G1 E-1.2 F2100
;WIPE_START
G1 F9000
G1 X-30.997 Y-1.941
;WIPE_END
;AFTER_LAYER_CHANGE
;21.66
;_SET_FAN_SPEED_CHANGING_LAYER
G17
G3 Z22.06 I.022 J1.217 P1  F30000
G1 X33.19 Y-3.11 Z22.06
G1 Z21.66
G1 E1.2 F2100
SET_VELOCITY_LIMIT ACCEL=5000
;TYPE:Outer wall
;WIDTH:0.62
G1 F2051
G1 X33.19 Y-2.178 E.0438
G1 X30.317 Y-1.258 E.14184
G1 X27.205 Y-.366 E.15226
G1 X24.066 Y.429 E.15226
G1 X20.904 Y1.126 E.15226
G1 X17.722 Y1.724 E.15226
G1 X14.523 Y2.224 E.15225
G1 X11.31 Y2.625 E.15226
G1 X8.087 Y2.926 E.15226
G1 X4.855 Y3.126 E.15226
G1 X1.619 Y3.227 E.15225
G1 X-1.619 Y3.227 E.15226
G1 X-4.855 Y3.126 E.15225
G1 X-8.087 Y2.926 E.15226
G1 X-11.31 Y2.625 E.15226
G1 X-14.523 Y2.224 E.15226
G1 X-17.722 Y1.724 E.15225
G1 X-20.904 Y1.126 E.15226
G1 X-24.066 Y.429 E.15226
G1 X-27.205 Y-.366 E.15226
G1 X-30.317 Y-1.258 E.15226
G1 X-33.19 Y-2.178 E.14184
G1 X-33.19 Y-3.11 E.0438
G1 X-30.502 Y-2.235 E.13294
G1 X-27.373 Y-1.324 E.15325
G1 X-24.217 Y-.512 E.15325
G1 X-21.036 Y.2 E.15325
G1 X-17.835 Y.812 E.15325
G1 X-14.617 Y1.322 E.15325
G1 X-11.384 Y1.732 E.15325
G1 X-9.92 Y1.87 E.06916
G1 X-8.139 Y2.039 E.08409
G1 X-4.887 Y2.244 E.15325
G1 X-1.629 Y2.346 E.15325
G1 X1.629 Y2.346 E.15325
G1 X4.887 Y2.244 E.15325
G1 X8.139 Y2.039 E.15325
G1 X11.384 Y1.732 E.15325
G1 X14.617 Y1.322 E.15325
G1 X17.835 Y.812 E.15325
G1 X21.036 Y.2 E.15325
G1 X24.217 Y-.512 E.15325
G1 X27.373 Y-1.324 E.15325
G1 X30.502 Y-2.235 E.15325
G1 X33.156 Y-3.098 E.13125
SET_VELOCITY_LIMIT ACCEL=10000
G1 X32.901 Y-2.55 F30000
;TYPE:Gap infill
;WIDTH:0.345929
G1 F2051
G1 X30.189 Y-1.682 E.07033
G1 X27.49 Y-.903 E.06935
G1 X23.964 Y-.002 E.08986
G1 X20.816 Y.692 E.07961
M73 P49 R13
G1 X17.913 Y1.243 E.07295
G1 X14.681 Y1.756 E.08081
G1 X11.429 Y2.168 E.08092
G1 X8.053 Y2.486 E.08375
G1 X4.835 Y2.686 E.07961
G1 X1.639 Y2.786 E.07895
G1 X-1.612 Y2.786 E.08027
G1 X-4.905 Y2.683 E.08135
G1 X-8.176 Y2.476 E.08092
G1 X-11.434 Y2.167 E.08081
G1 X-14.462 Y1.787 E.07535
G1 X-17.647 Y1.289 E.07961
G1 X-21.123 Y.629 E.08735
G1 X-24.321 Y-.087 E.08092
G1 X-27.49 Y-.903 E.08081
G1 X-30.189 Y-1.682 E.06935
G1 X-32.901 Y-2.55 E.07033
;LAYER_CHANGE
;Z:21.86
;HEIGHT:0.200001
;BEFORE_LAYER_CHANGE
;21.86
G1 E-1.2 F2100
;WIPE_START
G1 F9000
G1 X-30.997 Y-1.941
;WIPE_END
;AFTER_LAYER_CHANGE
;21.86
;_SET_FAN_SPEED_CHANGING_LAYER
G17
G3 Z22.26 I.022 J1.217 P1  F30000
G1 X33.19 Y-3.11 Z22.26
G1 Z21.86
G1 E1.2 F2100
SET_VELOCITY_LIMIT ACCEL=5000
;TYPE:Outer wall
;WIDTH:0.62
G1 F2051
G1 X33.19 Y-2.178 E.0438
G1 X30.317 Y-1.258 E.14184
G1 X27.205 Y-.366 E.15226
G1 X24.066 Y.429 E.15226
G1 X20.904 Y1.126 E.15226
G1 X17.722 Y1.724 E.15226
G1 X14.523 Y2.224 E.15225
G1 X11.31 Y2.625 E.15226
G1 X8.087 Y2.926 E.15226
G1 X4.855 Y3.126 E.15226
G1 X1.619 Y3.227 E.15225
G1 X-1.619 Y3.227 E.15226
G1 X-4.855 Y3.126 E.15225
G1 X-8.087 Y2.926 E.15226
G1 X-11.31 Y2.625 E.15226
G1 X-14.523 Y2.224 E.15226
G1 X-17.722 Y1.724 E.15225
G1 X-20.904 Y1.126 E.15226
G1 X-24.066 Y.429 E.15226
G1 X-27.205 Y-.366 E.15226
G1 X-30.317 Y-1.258 E.15226
G1 X-33.19 Y-2.178 E.14184
G1 X-33.19 Y-3.11 E.0438
G1 X-30.502 Y-2.235 E.13294
G1 X-27.373 Y-1.324 E.15325
G1 X-24.217 Y-.512 E.15325
G1 X-21.036 Y.2 E.15325
G1 X-17.835 Y.812 E.15325
G1 X-14.617 Y1.322 E.15325
G1 X-11.384 Y1.732 E.15325
G1 X-8.139 Y2.039 E.15325
G1 X-4.887 Y2.244 E.15325
G1 X-1.629 Y2.346 E.15325
G1 X1.629 Y2.346 E.15325
G1 X4.887 Y2.244 E.15325
G1 X8.139 Y2.039 E.15325
G1 X11.384 Y1.732 E.15325
G1 X14.617 Y1.322 E.15325
G1 X17.835 Y.812 E.15325
G1 X21.036 Y.2 E.15325
G1 X24.217 Y-.512 E.15325
G1 X27.373 Y-1.324 E.15325
G1 X30.502 Y-2.235 E.15325
G1 X33.156 Y-3.098 E.13125
SET_VELOCITY_LIMIT ACCEL=10000
G1 X32.901 Y-2.55 F30000
;TYPE:Gap infill
;WIDTH:0.34588
G1 F2051
G1 X30.189 Y-1.682 E.07032
G1 X27.49 Y-.903 E.06934
G1 X23.964 Y-.002 E.08985
G1 X20.816 Y.692 E.07959
G1 X17.913 Y1.243 E.07294
G1 X14.681 Y1.756 E.08079
G1 X11.429 Y2.168 E.08091
G1 X8.053 Y2.486 E.08374
G1 X4.835 Y2.686 E.0796
G1 X1.639 Y2.786 E.07894
G1 X-1.612 Y2.786 E.08025
G1 X-4.905 Y2.683 E.08134
G1 X-8.176 Y2.476 E.08091
G1 X-11.434 Y2.167 E.08079
G1 X-14.462 Y1.787 E.07534
G1 X-17.647 Y1.289 E.07959
G1 X-21.123 Y.629 E.08734
G1 X-24.321 Y-.087 E.08091
G1 X-27.49 Y-.903 E.08079
G1 X-30.189 Y-1.682 E.06934
G1 X-32.901 Y-2.55 E.07032
;LAYER_CHANGE
;Z:22.06
;HEIGHT:0.199999
;BEFORE_LAYER_CHANGE
;22.06
G1 E-1.2 F2100
;WIPE_START
G1 F9000
G1 X-30.997 Y-1.941
;WIPE_END
;AFTER_LAYER_CHANGE
;22.06
;_SET_FAN_SPEED_CHANGING_LAYER
G17
G3 Z22.46 I.022 J1.217 P1  F30000
G1 X33.19 Y-3.11 Z22.46
G1 Z22.06
G1 E1.2 F2100
SET_VELOCITY_LIMIT ACCEL=5000
;TYPE:Outer wall
;WIDTH:0.62
G1 F2051
G1 X33.19 Y-2.178 E.0438
G1 X30.317 Y-1.258 E.14184
G1 X27.205 Y-.366 E.15226
G1 X24.066 Y.429 E.15226
G1 X20.904 Y1.126 E.15226
G1 X17.722 Y1.724 E.15226
G1 X14.523 Y2.224 E.15225
G1 X11.31 Y2.625 E.15226
G1 X8.087 Y2.926 E.15226
G1 X4.855 Y3.126 E.15226
G1 X1.619 Y3.227 E.15225
G1 X-1.619 Y3.227 E.15226
G1 X-4.855 Y3.126 E.15225
G1 X-8.087 Y2.926 E.15226
G1 X-11.31 Y2.625 E.15226
G1 X-14.523 Y2.224 E.15226
G1 X-17.722 Y1.724 E.15225
G1 X-20.904 Y1.126 E.15226
G1 X-24.066 Y.429 E.15226
G1 X-27.205 Y-.366 E.15226
G1 X-30.317 Y-1.258 E.15226
G1 X-33.19 Y-2.178 E.14184
G1 X-33.19 Y-3.11 E.0438
G1 X-30.502 Y-2.235 E.13294
G1 X-27.373 Y-1.324 E.15325
G1 X-24.217 Y-.512 E.15325
G1 X-21.036 Y.2 E.15325
G1 X-17.835 Y.812 E.15325
G1 X-14.617 Y1.322 E.15325
G1 X-11.384 Y1.732 E.15325
G1 X-8.139 Y2.039 E.15325
G1 X-4.887 Y2.244 E.15325
G1 X-1.629 Y2.346 E.15325
G1 X1.629 Y2.346 E.15325
G1 X4.887 Y2.244 E.15325
G1 X8.139 Y2.039 E.15325
M73 P49 R12
G1 X11.384 Y1.732 E.15325
G1 X14.617 Y1.322 E.15325
G1 X17.835 Y.812 E.15325
G1 X21.036 Y.2 E.15325
G1 X24.217 Y-.512 E.15325
G1 X27.373 Y-1.324 E.15325
G1 X30.502 Y-2.235 E.15325
G1 X33.156 Y-3.098 E.13125
SET_VELOCITY_LIMIT ACCEL=10000
G1 X32.901 Y-2.55 F30000
;TYPE:Gap infill
;WIDTH:0.34588
G1 F2051
G1 X30.189 Y-1.682 E.07032
G1 X27.49 Y-.903 E.06934
G1 X24.321 Y-.087 E.08079
G1 X21.123 Y.629 E.08091
G1 X17.647 Y1.289 E.08734
G1 X14.462 Y1.787 E.07959
G1 X11.434 Y2.167 E.07534
G1 X8.176 Y2.476 E.08079
G1 X4.905 Y2.683 E.08091
G1 X1.612 Y2.786 E.08134
G1 X-1.639 Y2.786 E.08025
G1 X-4.835 Y2.686 E.07894
G1 X-8.053 Y2.486 E.0796
G1 X-11.429 Y2.168 E.08374
G1 X-14.681 Y1.756 E.08091
G1 X-17.913 Y1.243 E.08079
G1 X-20.816 Y.692 E.07294
G1 X-23.964 Y-.002 E.07959
G1 X-27.49 Y-.903 E.08985
G1 X-30.189 Y-1.682 E.06934
G1 X-32.901 Y-2.55 E.07032
;LAYER_CHANGE
;Z:22.26
;HEIGHT:0.200001
;BEFORE_LAYER_CHANGE
;22.26
G1 E-1.2 F2100
;WIPE_START
G1 F9000
G1 X-30.997 Y-1.941
;WIPE_END
;AFTER_LAYER_CHANGE
;22.26
;_SET_FAN_SPEED_CHANGING_LAYER
G17
G3 Z22.66 I.022 J1.217 P1  F30000
G1 X33.19 Y-3.11 Z22.66
G1 Z22.26
G1 E1.2 F2100
SET_VELOCITY_LIMIT ACCEL=5000
;TYPE:Outer wall
;WIDTH:0.62
G1 F2051
G1 X33.19 Y-2.178 E.0438
G1 X30.317 Y-1.258 E.14184
G1 X27.205 Y-.366 E.15226
G1 X24.066 Y.429 E.15226
G1 X20.904 Y1.126 E.15226
G1 X17.722 Y1.724 E.15226
G1 X14.523 Y2.224 E.15225
G1 X11.31 Y2.625 E.15226
M73 P50 R12
G1 X8.087 Y2.926 E.15226
G1 X4.855 Y3.126 E.15226
G1 X1.619 Y3.227 E.15225
G1 X-1.619 Y3.227 E.15226
G1 X-4.855 Y3.126 E.15225
G1 X-8.087 Y2.926 E.15226
G1 X-11.31 Y2.625 E.15226
G1 X-14.523 Y2.224 E.15226
G1 X-17.722 Y1.724 E.15225
G1 X-20.904 Y1.126 E.15226
G1 X-24.066 Y.429 E.15226
G1 X-27.205 Y-.366 E.15226
G1 X-30.317 Y-1.258 E.15226
G1 X-33.19 Y-2.178 E.14184
G1 X-33.19 Y-3.11 E.0438
G1 X-30.502 Y-2.235 E.13294
G1 X-27.373 Y-1.324 E.15325
G1 X-24.217 Y-.512 E.15325
G1 X-21.036 Y.2 E.15325
G1 X-17.835 Y.812 E.15325
G1 X-14.617 Y1.322 E.15325
G1 X-11.384 Y1.732 E.15325
G1 X-8.139 Y2.039 E.15325
G1 X-6.628 Y2.134 E.07119
G1 X-4.887 Y2.244 E.08206
G1 X-1.629 Y2.346 E.15325
G1 X1.629 Y2.346 E.15325
G1 X4.887 Y2.244 E.15325
G1 X8.139 Y2.039 E.15325
G1 X11.384 Y1.732 E.15325
G1 X14.617 Y1.322 E.15325
G1 X17.835 Y.812 E.15325
G1 X21.036 Y.2 E.15325
G1 X24.217 Y-.512 E.15325
G1 X27.373 Y-1.324 E.15325
G1 X30.502 Y-2.235 E.15325
G1 X33.156 Y-3.098 E.13125
SET_VELOCITY_LIMIT ACCEL=10000
G1 X32.901 Y-2.55 F30000
;TYPE:Gap infill
;WIDTH:0.34588
G1 F2051
G1 X30.189 Y-1.682 E.07032
G1 X27.49 Y-.903 E.06934
G1 X24.321 Y-.087 E.08079
G1 X21.123 Y.629 E.08091
G1 X17.647 Y1.289 E.08734
G1 X14.462 Y1.787 E.07959
G1 X11.434 Y2.167 E.07534
G1 X8.176 Y2.476 E.08079
G1 X4.905 Y2.683 E.08091
G1 X1.612 Y2.786 E.08134
G1 X-1.639 Y2.786 E.08025
G1 X-4.835 Y2.686 E.07894
G1 X-8.053 Y2.486 E.0796
G1 X-11.429 Y2.168 E.08374
G1 X-14.681 Y1.756 E.08091
G1 X-17.913 Y1.243 E.08079
G1 X-20.816 Y.692 E.07294
G1 X-23.964 Y-.002 E.07959
G1 X-27.49 Y-.903 E.08985
G1 X-30.189 Y-1.682 E.06934
G1 X-32.901 Y-2.55 E.07032
;LAYER_CHANGE
;Z:22.46
;HEIGHT:0.199999
;BEFORE_LAYER_CHANGE
;22.46
G1 E-1.2 F2100
;WIPE_START
G1 F9000
G1 X-30.997 Y-1.941
;WIPE_END
;AFTER_LAYER_CHANGE
;22.46
;_SET_FAN_SPEED_CHANGING_LAYER
G17
G3 Z22.86 I.022 J1.217 P1  F30000
G1 X33.19 Y-3.11 Z22.86
G1 Z22.46
G1 E1.2 F2100
SET_VELOCITY_LIMIT ACCEL=5000
;TYPE:Outer wall
;WIDTH:0.62
G1 F2051
G1 X33.19 Y-2.178 E.0438
G1 X30.317 Y-1.258 E.14184
G1 X27.205 Y-.366 E.15226
G1 X24.066 Y.429 E.15226
G1 X20.904 Y1.126 E.15226
G1 X17.722 Y1.724 E.15226
G1 X14.523 Y2.224 E.15225
G1 X11.31 Y2.625 E.15226
G1 X8.087 Y2.926 E.15226
G1 X4.855 Y3.126 E.15226
G1 X1.619 Y3.227 E.15225
G1 X-1.619 Y3.227 E.15226
G1 X-4.855 Y3.126 E.15225
G1 X-8.087 Y2.926 E.15226
G1 X-11.31 Y2.625 E.15226
G1 X-14.523 Y2.224 E.15226
G1 X-17.722 Y1.724 E.15225
G1 X-20.904 Y1.126 E.15226
G1 X-24.066 Y.429 E.15226
G1 X-27.205 Y-.366 E.15226
G1 X-30.317 Y-1.258 E.15226
G1 X-33.19 Y-2.178 E.14184
G1 X-33.19 Y-3.11 E.0438
G1 X-30.502 Y-2.235 E.13294
G1 X-27.373 Y-1.324 E.15325
G1 X-24.217 Y-.512 E.15325
G1 X-21.036 Y.2 E.15325
G1 X-17.835 Y.812 E.15325
G1 X-14.617 Y1.322 E.15325
G1 X-11.384 Y1.732 E.15325
G1 X-8.139 Y2.039 E.15325
G1 X-4.887 Y2.244 E.15325
G1 X-1.629 Y2.346 E.15325
G1 X1.629 Y2.346 E.15325
G1 X4.887 Y2.244 E.15325
G1 X8.139 Y2.039 E.15325
G1 X11.384 Y1.732 E.15325
G1 X14.617 Y1.322 E.15325
G1 X17.835 Y.812 E.15325
G1 X21.036 Y.2 E.15325
G1 X24.217 Y-.512 E.15325
G1 X27.373 Y-1.324 E.15325
G1 X30.502 Y-2.235 E.15325
G1 X33.156 Y-3.098 E.13125
SET_VELOCITY_LIMIT ACCEL=10000
G1 X32.901 Y-2.55 F30000
;TYPE:Gap infill
;WIDTH:0.34588
G1 F2051
G1 X30.189 Y-1.682 E.07032
G1 X27.49 Y-.903 E.06934
G1 X23.964 Y-.002 E.08985
G1 X20.816 Y.692 E.07959
G1 X17.913 Y1.243 E.07294
G1 X14.681 Y1.756 E.08079
G1 X11.429 Y2.168 E.08091
G1 X8.053 Y2.486 E.08374
G1 X4.835 Y2.686 E.0796
G1 X1.639 Y2.786 E.07894
G1 X-1.612 Y2.786 E.08025
G1 X-4.905 Y2.683 E.08134
G1 X-8.176 Y2.476 E.08091
G1 X-11.434 Y2.167 E.08079
G1 X-14.462 Y1.787 E.07534
G1 X-17.647 Y1.289 E.07959
G1 X-21.123 Y.629 E.08734
G1 X-24.321 Y-.087 E.08091
G1 X-27.49 Y-.903 E.08079
G1 X-30.189 Y-1.682 E.06934
G1 X-32.901 Y-2.55 E.07032
;LAYER_CHANGE
;Z:22.66
;HEIGHT:0.200001
;BEFORE_LAYER_CHANGE
;22.66
G1 E-1.2 F2100
;WIPE_START
G1 F9000
G1 X-30.997 Y-1.941
;WIPE_END
;AFTER_LAYER_CHANGE
;22.66
;_SET_FAN_SPEED_CHANGING_LAYER
G17
G3 Z23.06 I.022 J1.217 P1  F30000
G1 X33.19 Y-3.11 Z23.06
G1 Z22.66
G1 E1.2 F2100
SET_VELOCITY_LIMIT ACCEL=5000
;TYPE:Outer wall
;WIDTH:0.62
G1 F2051
G1 X33.19 Y-2.178 E.0438
G1 X30.317 Y-1.258 E.14184
G1 X27.205 Y-.366 E.15226
G1 X24.066 Y.429 E.15226
G1 X20.904 Y1.126 E.15226
G1 X17.722 Y1.724 E.15226
G1 X14.523 Y2.224 E.15225
G1 X11.31 Y2.625 E.15226
G1 X8.087 Y2.926 E.15226
G1 X4.855 Y3.126 E.15226
G1 X1.619 Y3.227 E.15225
G1 X-1.619 Y3.227 E.15226
G1 X-4.855 Y3.126 E.15225
G1 X-8.087 Y2.926 E.15226
G1 X-11.31 Y2.625 E.15226
G1 X-14.523 Y2.224 E.15226
G1 X-17.722 Y1.724 E.15225
G1 X-20.904 Y1.126 E.15226
G1 X-24.066 Y.429 E.15226
G1 X-27.205 Y-.366 E.15226
G1 X-30.317 Y-1.258 E.15226
G1 X-33.19 Y-2.178 E.14184
G1 X-33.19 Y-3.11 E.0438
G1 X-30.502 Y-2.235 E.13294
G1 X-27.373 Y-1.324 E.15325
G1 X-24.217 Y-.512 E.15325
G1 X-21.036 Y.2 E.15325
G1 X-17.835 Y.812 E.15325
G1 X-14.617 Y1.322 E.15325
G1 X-11.384 Y1.732 E.15325
G1 X-8.139 Y2.039 E.15325
G1 X-4.887 Y2.244 E.15325
G1 X-1.629 Y2.346 E.15325
G1 X1.629 Y2.346 E.15325
G1 X4.887 Y2.244 E.15325
G1 X8.139 Y2.039 E.15325
G1 X11.384 Y1.732 E.15325
M73 P51 R12
G1 X14.617 Y1.322 E.15325
G1 X17.835 Y.812 E.15325
G1 X21.036 Y.2 E.15325
G1 X24.217 Y-.512 E.15325
G1 X27.373 Y-1.324 E.15325
G1 X30.502 Y-2.235 E.15325
G1 X33.156 Y-3.098 E.13125
SET_VELOCITY_LIMIT ACCEL=10000
G1 X32.901 Y-2.55 F30000
;TYPE:Gap infill
;WIDTH:0.34588
G1 F2051
G1 X30.189 Y-1.682 E.07032
G1 X27.49 Y-.903 E.06934
G1 X23.964 Y-.002 E.08985
G1 X20.816 Y.692 E.07959
G1 X17.913 Y1.243 E.07294
G1 X14.681 Y1.756 E.08079
G1 X11.429 Y2.168 E.08091
G1 X8.053 Y2.486 E.08374
G1 X4.835 Y2.686 E.0796
G1 X1.639 Y2.786 E.07894
G1 X-1.612 Y2.786 E.08025
G1 X-4.905 Y2.683 E.08134
G1 X-8.176 Y2.476 E.08091
G1 X-11.434 Y2.167 E.08079
G1 X-14.462 Y1.787 E.07534
G1 X-17.647 Y1.289 E.07959
G1 X-21.123 Y.629 E.08734
G1 X-24.321 Y-.087 E.08091
G1 X-27.49 Y-.903 E.08079
G1 X-30.189 Y-1.682 E.06934
G1 X-32.901 Y-2.55 E.07032
;LAYER_CHANGE
;Z:22.86
;HEIGHT:0.200001
;BEFORE_LAYER_CHANGE
;22.86
G1 E-1.2 F2100
;WIPE_START
G1 F9000
G1 X-30.997 Y-1.941
;WIPE_END
;AFTER_LAYER_CHANGE
;22.86
;_SET_FAN_SPEED_CHANGING_LAYER
G17
G3 Z23.26 I.022 J1.217 P1  F30000
G1 X33.19 Y-3.11 Z23.26
G1 Z22.86
G1 E1.2 F2100
SET_VELOCITY_LIMIT ACCEL=5000
;TYPE:Outer wall
;WIDTH:0.62
G1 F2051
G1 X33.19 Y-2.178 E.0438
G1 X30.317 Y-1.258 E.14184
G1 X27.205 Y-.366 E.15226
G1 X24.066 Y.429 E.15226
G1 X20.904 Y1.126 E.15226
G1 X17.722 Y1.724 E.15226
G1 X14.523 Y2.224 E.15225
G1 X11.31 Y2.625 E.15226
G1 X8.087 Y2.926 E.15226
G1 X4.855 Y3.126 E.15226
G1 X1.619 Y3.227 E.15225
G1 X-1.619 Y3.227 E.15226
G1 X-4.855 Y3.126 E.15225
G1 X-8.087 Y2.926 E.15226
G1 X-11.31 Y2.625 E.15226
G1 X-14.523 Y2.224 E.15226
G1 X-17.722 Y1.724 E.15225
G1 X-20.904 Y1.126 E.15226
G1 X-24.066 Y.429 E.15226
G1 X-27.205 Y-.366 E.15226
G1 X-30.317 Y-1.258 E.15226
G1 X-33.19 Y-2.178 E.14184
G1 X-33.19 Y-3.11 E.0438
G1 X-30.502 Y-2.235 E.13294
G1 X-27.373 Y-1.324 E.15325
G1 X-24.217 Y-.512 E.15325
G1 X-21.036 Y.2 E.15325
G1 X-17.835 Y.812 E.15325
G1 X-14.617 Y1.322 E.15325
G1 X-11.384 Y1.732 E.15325
G1 X-8.139 Y2.039 E.15325
G1 X-4.887 Y2.244 E.15325
G1 X-1.629 Y2.346 E.15325
G1 X1.629 Y2.346 E.15325
G1 X4.887 Y2.244 E.15325
G1 X8.139 Y2.039 E.15325
G1 X11.384 Y1.732 E.15325
G1 X14.617 Y1.322 E.15325
G1 X17.835 Y.812 E.15325
G1 X21.036 Y.2 E.15325
G1 X24.217 Y-.512 E.15325
G1 X27.373 Y-1.324 E.15325
G1 X30.502 Y-2.235 E.15325
G1 X33.156 Y-3.098 E.13125
SET_VELOCITY_LIMIT ACCEL=10000
G1 X32.901 Y-2.55 F30000
;TYPE:Gap infill
;WIDTH:0.34588
G1 F2051
G1 X30.189 Y-1.682 E.07032
G1 X27.49 Y-.903 E.06934
G1 X23.964 Y-.002 E.08985
G1 X20.816 Y.692 E.07959
G1 X17.913 Y1.243 E.07294
G1 X14.681 Y1.756 E.08079
G1 X11.429 Y2.168 E.08091
G1 X8.053 Y2.486 E.08374
G1 X4.835 Y2.686 E.0796
G1 X1.639 Y2.786 E.07894
G1 X-1.612 Y2.786 E.08025
G1 X-4.905 Y2.683 E.08134
G1 X-8.176 Y2.476 E.08091
G1 X-11.434 Y2.167 E.08079
G1 X-14.462 Y1.787 E.07534
G1 X-17.647 Y1.289 E.07959
G1 X-21.123 Y.629 E.08734
G1 X-24.321 Y-.087 E.08091
G1 X-27.49 Y-.903 E.08079
G1 X-30.189 Y-1.682 E.06934
G1 X-32.901 Y-2.55 E.07032
;LAYER_CHANGE
;Z:23.06
;HEIGHT:0.199999
;BEFORE_LAYER_CHANGE
;23.06
G1 E-1.2 F2100
;WIPE_START
G1 F9000
G1 X-30.997 Y-1.941
;WIPE_END
;AFTER_LAYER_CHANGE
;23.06
;_SET_FAN_SPEED_CHANGING_LAYER
G17
G3 Z23.46 I.022 J1.217 P1  F30000
G1 X33.19 Y-3.11 Z23.46
G1 Z23.06
G1 E1.2 F2100
SET_VELOCITY_LIMIT ACCEL=5000
;TYPE:Outer wall
;WIDTH:0.62
G1 F2051
G1 X33.19 Y-2.178 E.0438
G1 X30.317 Y-1.258 E.14184
G1 X27.205 Y-.366 E.15226
G1 X24.066 Y.429 E.15226
G1 X20.904 Y1.126 E.15226
G1 X17.722 Y1.724 E.15226
G1 X14.523 Y2.224 E.15225
G1 X11.31 Y2.625 E.15226
G1 X8.087 Y2.926 E.15226
G1 X4.855 Y3.126 E.15226
G1 X1.619 Y3.227 E.15225
G1 X-1.619 Y3.227 E.15226
G1 X-4.855 Y3.126 E.15225
G1 X-8.087 Y2.926 E.15226
G1 X-11.31 Y2.625 E.15226
G1 X-14.523 Y2.224 E.15226
G1 X-17.722 Y1.724 E.15225
G1 X-20.904 Y1.126 E.15226
G1 X-24.066 Y.429 E.15226
G1 X-27.205 Y-.366 E.15226
G1 X-30.317 Y-1.258 E.15226
G1 X-33.19 Y-2.178 E.14184
G1 X-33.19 Y-3.11 E.0438
G1 X-30.502 Y-2.235 E.13294
G1 X-27.373 Y-1.324 E.15325
G1 X-24.217 Y-.512 E.15325
G1 X-21.036 Y.2 E.15325
G1 X-17.835 Y.812 E.15325
G1 X-14.617 Y1.322 E.15325
G1 X-11.384 Y1.732 E.15325
G1 X-8.139 Y2.039 E.15325
G1 X-4.887 Y2.244 E.15325
G1 X-1.629 Y2.346 E.15325
G1 X1.629 Y2.346 E.15325
G1 X4.887 Y2.244 E.15325
G1 X8.139 Y2.039 E.15325
G1 X11.384 Y1.732 E.15325
G1 X14.617 Y1.322 E.15325
G1 X17.835 Y.812 E.15325
G1 X21.036 Y.2 E.15325
G1 X24.217 Y-.512 E.15325
G1 X27.373 Y-1.324 E.15325
G1 X30.502 Y-2.235 E.15325
G1 X33.156 Y-3.098 E.13125
SET_VELOCITY_LIMIT ACCEL=10000
G1 X32.901 Y-2.55 F30000
;TYPE:Gap infill
;WIDTH:0.34588
G1 F2051
G1 X30.189 Y-1.682 E.07032
G1 X27.49 Y-.903 E.06934
G1 X24.321 Y-.087 E.08079
G1 X21.123 Y.629 E.08091
G1 X17.647 Y1.289 E.08734
G1 X14.462 Y1.787 E.07959
G1 X11.434 Y2.167 E.07534
G1 X8.176 Y2.476 E.08079
G1 X4.905 Y2.683 E.08091
G1 X1.612 Y2.786 E.08134
G1 X-1.639 Y2.786 E.08025
G1 X-4.835 Y2.686 E.07894
G1 X-8.053 Y2.486 E.0796
G1 X-11.429 Y2.168 E.08374
G1 X-14.681 Y1.756 E.08091
G1 X-17.913 Y1.243 E.08079
G1 X-20.816 Y.692 E.07294
G1 X-23.964 Y-.002 E.07959
G1 X-27.49 Y-.903 E.08985
G1 X-30.189 Y-1.682 E.06934
G1 X-32.901 Y-2.55 E.07032
;LAYER_CHANGE
;Z:23.26
;HEIGHT:0.200001
;BEFORE_LAYER_CHANGE
;23.26
G1 E-1.2 F2100
M73 P52 R12
;WIPE_START
G1 F9000
G1 X-30.997 Y-1.941
;WIPE_END
;AFTER_LAYER_CHANGE
;23.26
;_SET_FAN_SPEED_CHANGING_LAYER
G17
G3 Z23.66 I.022 J1.217 P1  F30000
G1 X33.19 Y-3.11 Z23.66
G1 Z23.26
G1 E1.2 F2100
SET_VELOCITY_LIMIT ACCEL=5000
;TYPE:Outer wall
;WIDTH:0.62
G1 F2051
G1 X33.19 Y-2.178 E.0438
G1 X30.317 Y-1.258 E.14184
G1 X27.205 Y-.366 E.15226
G1 X24.066 Y.429 E.15226
G1 X20.904 Y1.126 E.15226
G1 X17.722 Y1.724 E.15226
G1 X14.523 Y2.224 E.15225
G1 X11.31 Y2.625 E.15226
G1 X8.087 Y2.926 E.15226
G1 X4.855 Y3.126 E.15226
G1 X1.619 Y3.227 E.15225
G1 X-1.619 Y3.227 E.15226
G1 X-4.855 Y3.126 E.15225
G1 X-8.087 Y2.926 E.15226
G1 X-11.31 Y2.625 E.15226
G1 X-14.523 Y2.224 E.15226
G1 X-17.722 Y1.724 E.15225
G1 X-20.904 Y1.126 E.15226
G1 X-24.066 Y.429 E.15226
G1 X-27.205 Y-.366 E.15226
G1 X-30.317 Y-1.258 E.15226
G1 X-33.19 Y-2.178 E.14184
G1 X-33.19 Y-3.11 E.0438
G1 X-30.502 Y-2.235 E.13294
G1 X-27.373 Y-1.324 E.15325
G1 X-24.217 Y-.512 E.15325
G1 X-21.036 Y.2 E.15325
G1 X-17.835 Y.812 E.15325
G1 X-14.617 Y1.322 E.15325
G1 X-11.384 Y1.732 E.15325
G1 X-8.139 Y2.039 E.15325
G1 X-4.887 Y2.244 E.15325
G1 X-1.629 Y2.346 E.15325
G1 X1.629 Y2.346 E.15325
G1 X4.887 Y2.244 E.15325
G1 X8.139 Y2.039 E.15325
G1 X11.384 Y1.732 E.15325
G1 X14.617 Y1.322 E.15325
G1 X17.835 Y.812 E.15325
G1 X21.036 Y.2 E.15325
G1 X24.217 Y-.512 E.15325
G1 X27.373 Y-1.324 E.15325
G1 X30.502 Y-2.235 E.15325
G1 X33.156 Y-3.098 E.13125
SET_VELOCITY_LIMIT ACCEL=10000
G1 X32.901 Y-2.55 F30000
;TYPE:Gap infill
;WIDTH:0.34588
G1 F2051
G1 X30.189 Y-1.682 E.07032
G1 X27.49 Y-.903 E.06934
G1 X23.964 Y-.002 E.08985
G1 X20.816 Y.692 E.07959
G1 X17.913 Y1.243 E.07294
G1 X14.681 Y1.756 E.08079
G1 X11.429 Y2.168 E.08091
G1 X8.053 Y2.486 E.08374
G1 X4.835 Y2.686 E.0796
G1 X1.639 Y2.786 E.07894
G1 X-1.612 Y2.786 E.08025
G1 X-4.905 Y2.683 E.08134
G1 X-8.176 Y2.476 E.08091
G1 X-11.434 Y2.167 E.08079
G1 X-14.462 Y1.787 E.07534
G1 X-17.647 Y1.289 E.07959
G1 X-21.123 Y.629 E.08734
G1 X-24.321 Y-.087 E.08091
G1 X-27.49 Y-.903 E.08079
G1 X-30.189 Y-1.682 E.06934
G1 X-32.901 Y-2.55 E.07032
;LAYER_CHANGE
;Z:23.46
;HEIGHT:0.199999
;BEFORE_LAYER_CHANGE
;23.46
G1 E-1.2 F2100
;WIPE_START
G1 F9000
G1 X-30.997 Y-1.941
;WIPE_END
;AFTER_LAYER_CHANGE
;23.46
;_SET_FAN_SPEED_CHANGING_LAYER
G17
G3 Z23.86 I.022 J1.217 P1  F30000
G1 X33.19 Y-3.11 Z23.86
G1 Z23.46
G1 E1.2 F2100
SET_VELOCITY_LIMIT ACCEL=5000
;TYPE:Outer wall
;WIDTH:0.62
G1 F2051
G1 X33.19 Y-2.178 E.0438
G1 X30.317 Y-1.258 E.14184
G1 X27.205 Y-.366 E.15226
G1 X24.066 Y.429 E.15226
G1 X20.904 Y1.126 E.15226
G1 X17.722 Y1.724 E.15226
G1 X14.523 Y2.224 E.15225
G1 X11.31 Y2.625 E.15226
G1 X8.087 Y2.926 E.15226
G1 X4.855 Y3.126 E.15226
G1 X1.619 Y3.227 E.15225
G1 X-1.619 Y3.227 E.15226
G1 X-4.855 Y3.126 E.15225
G1 X-8.087 Y2.926 E.15226
G1 X-11.31 Y2.625 E.15226
G1 X-14.523 Y2.224 E.15226
G1 X-17.722 Y1.724 E.15225
G1 X-20.904 Y1.126 E.15226
G1 X-24.066 Y.429 E.15226
G1 X-27.205 Y-.366 E.15226
G1 X-30.317 Y-1.258 E.15226
G1 X-33.19 Y-2.178 E.14184
G1 X-33.19 Y-3.11 E.0438
G1 X-30.502 Y-2.235 E.13294
G1 X-27.373 Y-1.324 E.15325
G1 X-24.217 Y-.512 E.15325
G1 X-21.036 Y.2 E.15325
G1 X-17.835 Y.812 E.15325
G1 X-14.617 Y1.322 E.15325
G1 X-11.384 Y1.732 E.15325
G1 X-8.139 Y2.039 E.15325
G1 X-4.887 Y2.244 E.15325
G1 X-1.629 Y2.346 E.15325
G1 X1.629 Y2.346 E.15325
G1 X4.887 Y2.244 E.15325
G1 X8.139 Y2.039 E.15325
G1 X11.384 Y1.732 E.15325
G1 X14.617 Y1.322 E.15325
G1 X17.835 Y.812 E.15325
G1 X21.036 Y.2 E.15325
G1 X24.217 Y-.512 E.15325
G1 X27.373 Y-1.324 E.15325
G1 X30.502 Y-2.235 E.15325
G1 X33.156 Y-3.098 E.13125
SET_VELOCITY_LIMIT ACCEL=10000
G1 X32.901 Y-2.55 F30000
;TYPE:Gap infill
;WIDTH:0.34588
G1 F2051
G1 X30.189 Y-1.682 E.07032
G1 X27.49 Y-.903 E.06934
G1 X23.964 Y-.002 E.08985
G1 X20.816 Y.692 E.07959
G1 X17.913 Y1.243 E.07294
G1 X14.681 Y1.756 E.08079
G1 X11.429 Y2.168 E.08091
G1 X8.053 Y2.486 E.08374
G1 X4.835 Y2.686 E.0796
G1 X1.639 Y2.786 E.07894
G1 X-1.612 Y2.786 E.08025
G1 X-4.905 Y2.683 E.08134
G1 X-8.176 Y2.476 E.08091
G1 X-11.434 Y2.167 E.08079
G1 X-14.462 Y1.787 E.07534
G1 X-17.647 Y1.289 E.07959
G1 X-21.123 Y.629 E.08734
G1 X-24.321 Y-.087 E.08091
G1 X-27.49 Y-.903 E.08079
G1 X-30.189 Y-1.682 E.06934
G1 X-32.901 Y-2.55 E.07032
;LAYER_CHANGE
;Z:23.66
;HEIGHT:0.200001
;BEFORE_LAYER_CHANGE
;23.66
G1 E-1.2 F2100
;WIPE_START
G1 F9000
G1 X-30.997 Y-1.941
;WIPE_END
;AFTER_LAYER_CHANGE
;23.66
;_SET_FAN_SPEED_CHANGING_LAYER
G17
G3 Z24.06 I.022 J1.217 P1  F30000
G1 X33.19 Y-3.11 Z24.06
G1 Z23.66
G1 E1.2 F2100
SET_VELOCITY_LIMIT ACCEL=5000
;TYPE:Outer wall
;WIDTH:0.62
G1 F2051
G1 X33.19 Y-2.178 E.0438
G1 X30.317 Y-1.258 E.14184
G1 X27.205 Y-.366 E.15226
G1 X24.066 Y.429 E.15226
G1 X20.904 Y1.126 E.15226
G1 X17.722 Y1.724 E.15226
G1 X14.523 Y2.224 E.15225
G1 X11.31 Y2.625 E.15226
G1 X8.087 Y2.926 E.15226
G1 X4.855 Y3.126 E.15226
G1 X1.619 Y3.227 E.15225
G1 X-1.619 Y3.227 E.15226
G1 X-4.855 Y3.126 E.15225
G1 X-8.087 Y2.926 E.15226
G1 X-11.31 Y2.625 E.15226
G1 X-14.523 Y2.224 E.15226
G1 X-17.722 Y1.724 E.15225
G1 X-20.904 Y1.126 E.15226
G1 X-24.066 Y.429 E.15226
G1 X-27.205 Y-.366 E.15226
G1 X-30.317 Y-1.258 E.15226
G1 X-33.19 Y-2.178 E.14184
G1 X-33.19 Y-3.11 E.0438
G1 X-30.502 Y-2.235 E.13294
G1 X-27.373 Y-1.324 E.15325
G1 X-24.217 Y-.512 E.15325
M73 P53 R12
G1 X-21.036 Y.2 E.15325
G1 X-17.835 Y.812 E.15325
G1 X-14.617 Y1.322 E.15325
G1 X-11.384 Y1.732 E.15325
G1 X-8.139 Y2.039 E.15325
G1 X-4.887 Y2.244 E.15325
G1 X-1.629 Y2.346 E.15325
G1 X1.629 Y2.346 E.15325
G1 X4.887 Y2.244 E.15325
G1 X8.139 Y2.039 E.15325
G1 X11.384 Y1.732 E.15325
G1 X14.617 Y1.322 E.15325
G1 X17.835 Y.812 E.15325
G1 X21.036 Y.2 E.15325
G1 X24.217 Y-.512 E.15325
G1 X27.373 Y-1.324 E.15325
G1 X30.502 Y-2.235 E.15325
G1 X33.156 Y-3.098 E.13125
SET_VELOCITY_LIMIT ACCEL=10000
G1 X32.901 Y-2.55 F30000
;TYPE:Gap infill
;WIDTH:0.34588
G1 F2051
G1 X30.189 Y-1.682 E.07032
G1 X27.49 Y-.903 E.06934
G1 X23.964 Y-.002 E.08985
G1 X20.816 Y.692 E.07959
G1 X17.913 Y1.243 E.07294
G1 X14.681 Y1.756 E.08079
G1 X11.429 Y2.168 E.08091
G1 X8.053 Y2.486 E.08374
G1 X4.835 Y2.686 E.0796
G1 X1.639 Y2.786 E.07894
G1 X-1.612 Y2.786 E.08025
G1 X-4.905 Y2.683 E.08134
G1 X-8.176 Y2.476 E.08091
G1 X-11.434 Y2.167 E.08079
G1 X-14.462 Y1.787 E.07534
G1 X-17.647 Y1.289 E.07959
G1 X-21.123 Y.629 E.08734
G1 X-24.321 Y-.087 E.08091
G1 X-27.49 Y-.903 E.08079
G1 X-30.189 Y-1.682 E.06934
G1 X-32.901 Y-2.55 E.07032
;LAYER_CHANGE
;Z:23.86
;HEIGHT:0.200001
;BEFORE_LAYER_CHANGE
;23.86
G1 E-1.2 F2100
;WIPE_START
G1 F9000
G1 X-30.997 Y-1.941
;WIPE_END
;AFTER_LAYER_CHANGE
;23.86
;_SET_FAN_SPEED_CHANGING_LAYER
G17
G3 Z24.26 I.022 J1.217 P1  F30000
G1 X33.19 Y-3.11 Z24.26
G1 Z23.86
G1 E1.2 F2100
SET_VELOCITY_LIMIT ACCEL=5000
;TYPE:Outer wall
;WIDTH:0.62
G1 F2051
G1 X33.19 Y-2.178 E.0438
G1 X30.317 Y-1.258 E.14184
G1 X27.205 Y-.366 E.15226
G1 X24.066 Y.429 E.15226
G1 X20.904 Y1.126 E.15226
G1 X17.722 Y1.724 E.15226
G1 X14.523 Y2.224 E.15225
G1 X11.31 Y2.625 E.15226
G1 X8.087 Y2.926 E.15226
G1 X4.855 Y3.126 E.15226
G1 X1.619 Y3.227 E.15225
G1 X-1.619 Y3.227 E.15226
G1 X-4.855 Y3.126 E.15225
G1 X-8.087 Y2.926 E.15226
G1 X-11.31 Y2.625 E.15226
G1 X-14.523 Y2.224 E.15226
G1 X-17.722 Y1.724 E.15225
G1 X-20.904 Y1.126 E.15226
G1 X-24.066 Y.429 E.15226
G1 X-27.205 Y-.366 E.15226
G1 X-30.317 Y-1.258 E.15226
G1 X-33.19 Y-2.178 E.14184
G1 X-33.19 Y-3.11 E.0438
G1 X-30.502 Y-2.235 E.13294
G1 X-27.373 Y-1.324 E.15325
G1 X-24.217 Y-.512 E.15325
G1 X-21.036 Y.2 E.15325
G1 X-17.835 Y.812 E.15325
G1 X-14.617 Y1.322 E.15325
G1 X-11.384 Y1.732 E.15325
G1 X-8.139 Y2.039 E.15325
G1 X-4.887 Y2.244 E.15325
G1 X-1.629 Y2.346 E.15325
G1 X1.629 Y2.346 E.15325
G1 X4.887 Y2.244 E.15325
G1 X8.139 Y2.039 E.15325
G1 X11.384 Y1.732 E.15325
G1 X14.617 Y1.322 E.15325
G1 X17.835 Y.812 E.15325
G1 X21.036 Y.2 E.15325
G1 X24.217 Y-.512 E.15325
G1 X27.373 Y-1.324 E.15325
G1 X30.502 Y-2.235 E.15325
G1 X33.156 Y-3.098 E.13125
SET_VELOCITY_LIMIT ACCEL=10000
G1 X32.901 Y-2.55 F30000
;TYPE:Gap infill
;WIDTH:0.345898
G1 F2051
G1 X30.189 Y-1.682 E.07032
G1 X27.49 Y-.903 E.06934
G1 X24.321 Y-.087 E.0808
G1 X21.123 Y.629 E.08092
G1 X17.647 Y1.289 E.08734
G1 X14.462 Y1.787 E.0796
G1 X11.434 Y2.167 E.07534
G1 X8.176 Y2.476 E.0808
G1 X4.905 Y2.683 E.08092
G1 X1.612 Y2.786 E.08134
G1 X-1.639 Y2.786 E.08026
G1 X-4.835 Y2.686 E.07894
G1 X-8.053 Y2.486 E.0796
G1 X-11.429 Y2.168 E.08374
G1 X-14.681 Y1.756 E.08092
G1 X-17.913 Y1.243 E.0808
M73 P53 R11
G1 X-20.816 Y.692 E.07294
G1 X-23.964 Y-.002 E.0796
G1 X-27.49 Y-.903 E.08986
G1 X-30.189 Y-1.682 E.06934
G1 X-32.901 Y-2.55 E.07032
;LAYER_CHANGE
;Z:24.06
;HEIGHT:0.199999
;BEFORE_LAYER_CHANGE
;24.06
G1 E-1.2 F2100
;WIPE_START
G1 F9000
G1 X-30.997 Y-1.941
;WIPE_END
;AFTER_LAYER_CHANGE
;24.06
;_SET_FAN_SPEED_CHANGING_LAYER
G17
G3 Z24.46 I.022 J1.217 P1  F30000
G1 X33.19 Y-3.11 Z24.46
G1 Z24.06
G1 E1.2 F2100
SET_VELOCITY_LIMIT ACCEL=5000
;TYPE:Outer wall
;WIDTH:0.62
G1 F2051
G1 X33.19 Y-2.178 E.0438
G1 X30.317 Y-1.258 E.14184
G1 X27.205 Y-.366 E.15226
G1 X24.066 Y.429 E.15226
G1 X20.904 Y1.126 E.15226
G1 X17.722 Y1.724 E.15226
G1 X14.523 Y2.224 E.15225
G1 X11.31 Y2.625 E.15226
G1 X8.087 Y2.926 E.15226
G1 X4.855 Y3.126 E.15226
G1 X1.619 Y3.227 E.15225
G1 X-1.619 Y3.227 E.15226
G1 X-4.855 Y3.126 E.15225
G1 X-8.087 Y2.926 E.15226
G1 X-11.31 Y2.625 E.15226
G1 X-14.523 Y2.224 E.15226
G1 X-17.722 Y1.724 E.15225
G1 X-20.904 Y1.126 E.15226
G1 X-24.066 Y.429 E.15226
G1 X-27.205 Y-.366 E.15226
G1 X-30.317 Y-1.258 E.15226
G1 X-33.19 Y-2.178 E.14184
G1 X-33.19 Y-3.11 E.0438
G1 X-30.502 Y-2.235 E.13294
G1 X-27.373 Y-1.324 E.15325
G1 X-24.217 Y-.512 E.15325
G1 X-21.036 Y.2 E.15325
G1 X-17.835 Y.812 E.15325
G1 X-14.617 Y1.322 E.15325
G1 X-11.384 Y1.732 E.15325
G1 X-8.139 Y2.039 E.15325
G1 X-4.887 Y2.244 E.15325
G1 X-1.629 Y2.346 E.15325
G1 X1.629 Y2.346 E.15325
G1 X4.887 Y2.244 E.15325
G1 X8.139 Y2.039 E.15325
G1 X11.384 Y1.732 E.15325
G1 X14.617 Y1.322 E.15325
G1 X17.835 Y.812 E.15325
G1 X21.036 Y.2 E.15325
G1 X24.217 Y-.512 E.15325
G1 X27.373 Y-1.324 E.15325
G1 X30.502 Y-2.235 E.15325
G1 X33.156 Y-3.098 E.13125
SET_VELOCITY_LIMIT ACCEL=10000
G1 X32.901 Y-2.55 F30000
;TYPE:Gap infill
;WIDTH:0.34588
G1 F2051
G1 X30.189 Y-1.682 E.07032
G1 X27.49 Y-.903 E.06934
G1 X24.321 Y-.087 E.08079
G1 X21.123 Y.629 E.08091
G1 X17.647 Y1.289 E.08734
G1 X14.462 Y1.787 E.07959
G1 X11.434 Y2.167 E.07534
G1 X8.176 Y2.476 E.08079
G1 X4.905 Y2.683 E.08091
G1 X1.612 Y2.786 E.08134
M73 P54 R11
G1 X-1.639 Y2.786 E.08025
G1 X-4.835 Y2.686 E.07894
G1 X-8.053 Y2.486 E.0796
G1 X-11.429 Y2.168 E.08374
G1 X-14.681 Y1.756 E.08091
G1 X-17.913 Y1.243 E.08079
G1 X-20.816 Y.692 E.07294
G1 X-23.964 Y-.002 E.07959
G1 X-27.49 Y-.903 E.08985
G1 X-30.189 Y-1.682 E.06934
G1 X-32.901 Y-2.55 E.07032
;LAYER_CHANGE
;Z:24.26
;HEIGHT:0.200001
;BEFORE_LAYER_CHANGE
;24.26
G1 E-1.2 F2100
;WIPE_START
G1 F9000
G1 X-30.997 Y-1.941
;WIPE_END
;AFTER_LAYER_CHANGE
;24.26
;_SET_FAN_SPEED_CHANGING_LAYER
G17
G3 Z24.66 I.022 J1.217 P1  F30000
G1 X33.19 Y-3.11 Z24.66
G1 Z24.26
G1 E1.2 F2100
SET_VELOCITY_LIMIT ACCEL=5000
;TYPE:Outer wall
;WIDTH:0.62
G1 F2051
G1 X33.19 Y-2.178 E.0438
G1 X30.317 Y-1.258 E.14184
G1 X27.205 Y-.366 E.15226
G1 X24.066 Y.429 E.15226
G1 X20.904 Y1.126 E.15226
G1 X17.722 Y1.724 E.15226
G1 X14.523 Y2.224 E.15225
G1 X11.31 Y2.625 E.15226
G1 X8.087 Y2.926 E.15226
G1 X4.855 Y3.126 E.15226
G1 X1.619 Y3.227 E.15225
G1 X-1.619 Y3.227 E.15226
G1 X-4.855 Y3.126 E.15225
G1 X-8.087 Y2.926 E.15226
G1 X-11.31 Y2.625 E.15226
G1 X-14.523 Y2.224 E.15226
G1 X-17.722 Y1.724 E.15225
G1 X-20.904 Y1.126 E.15226
G1 X-24.066 Y.429 E.15226
G1 X-27.205 Y-.366 E.15226
G1 X-30.317 Y-1.258 E.15226
G1 X-33.19 Y-2.178 E.14184
G1 X-33.19 Y-3.11 E.0438
G1 X-30.502 Y-2.235 E.13294
G1 X-27.373 Y-1.324 E.15325
G1 X-24.217 Y-.512 E.15325
G1 X-21.036 Y.2 E.15325
G1 X-17.835 Y.812 E.15325
G1 X-14.617 Y1.322 E.15325
G1 X-11.384 Y1.732 E.15325
G1 X-8.139 Y2.039 E.15325
G1 X-4.887 Y2.244 E.15325
G1 X-1.629 Y2.346 E.15325
G1 X1.629 Y2.346 E.15325
G1 X4.887 Y2.244 E.15325
G1 X8.139 Y2.039 E.15325
G1 X11.384 Y1.732 E.15325
G1 X14.617 Y1.322 E.15325
G1 X17.835 Y.812 E.15325
G1 X21.036 Y.2 E.15325
G1 X24.217 Y-.512 E.15325
G1 X27.373 Y-1.324 E.15325
G1 X30.502 Y-2.235 E.15325
G1 X33.156 Y-3.098 E.13125
SET_VELOCITY_LIMIT ACCEL=10000
G1 X32.901 Y-2.55 F30000
;TYPE:Gap infill
;WIDTH:0.34588
G1 F2051
G1 X30.189 Y-1.682 E.07032
G1 X27.49 Y-.903 E.06934
G1 X23.964 Y-.002 E.08985
G1 X20.816 Y.692 E.07959
G1 X17.913 Y1.243 E.07294
G1 X14.681 Y1.756 E.08079
G1 X11.429 Y2.168 E.08091
G1 X8.053 Y2.486 E.08374
G1 X4.835 Y2.686 E.0796
G1 X1.639 Y2.786 E.07894
G1 X-1.612 Y2.786 E.08025
G1 X-4.905 Y2.683 E.08134
G1 X-8.176 Y2.476 E.08091
G1 X-11.434 Y2.167 E.08079
G1 X-14.462 Y1.787 E.07534
G1 X-17.647 Y1.289 E.07959
G1 X-21.123 Y.629 E.08734
G1 X-24.321 Y-.087 E.08091
G1 X-27.49 Y-.903 E.08079
G1 X-30.189 Y-1.682 E.06934
G1 X-32.901 Y-2.55 E.07032
;LAYER_CHANGE
;Z:24.46
;HEIGHT:0.199999
;BEFORE_LAYER_CHANGE
;24.46
G1 E-1.2 F2100
;WIPE_START
G1 F9000
G1 X-30.997 Y-1.941
;WIPE_END
;AFTER_LAYER_CHANGE
;24.46
;_SET_FAN_SPEED_CHANGING_LAYER
G17
G3 Z24.86 I.022 J1.217 P1  F30000
G1 X33.19 Y-3.11 Z24.86
G1 Z24.46
G1 E1.2 F2100
SET_VELOCITY_LIMIT ACCEL=5000
;TYPE:Outer wall
;WIDTH:0.62
G1 F2051
G1 X33.19 Y-2.178 E.0438
G1 X30.317 Y-1.258 E.14184
G1 X27.205 Y-.366 E.15226
G1 X24.066 Y.429 E.15226
G1 X20.904 Y1.126 E.15226
G1 X17.722 Y1.724 E.15226
G1 X14.523 Y2.224 E.15225
G1 X11.31 Y2.625 E.15226
G1 X8.087 Y2.926 E.15226
G1 X4.855 Y3.126 E.15226
G1 X1.619 Y3.227 E.15225
G1 X-1.619 Y3.227 E.15226
G1 X-4.855 Y3.126 E.15225
G1 X-8.087 Y2.926 E.15226
G1 X-11.31 Y2.625 E.15226
G1 X-14.523 Y2.224 E.15226
G1 X-17.722 Y1.724 E.15225
G1 X-20.904 Y1.126 E.15226
G1 X-24.066 Y.429 E.15226
G1 X-27.205 Y-.366 E.15226
G1 X-30.317 Y-1.258 E.15226
G1 X-33.19 Y-2.178 E.14184
G1 X-33.19 Y-3.11 E.0438
G1 X-30.502 Y-2.235 E.13294
G1 X-27.373 Y-1.324 E.15325
G1 X-24.217 Y-.512 E.15325
G1 X-21.036 Y.2 E.15325
G1 X-17.835 Y.812 E.15325
G1 X-14.617 Y1.322 E.15325
G1 X-11.384 Y1.732 E.15325
G1 X-8.139 Y2.039 E.15325
G1 X-4.887 Y2.244 E.15325
G1 X-1.629 Y2.346 E.15325
G1 X1.629 Y2.346 E.15325
G1 X4.887 Y2.244 E.15325
G1 X8.139 Y2.039 E.15325
G1 X11.384 Y1.732 E.15325
G1 X14.617 Y1.322 E.15325
G1 X17.835 Y.812 E.15325
G1 X21.036 Y.2 E.15325
G1 X24.217 Y-.512 E.15325
G1 X27.373 Y-1.324 E.15325
G1 X30.502 Y-2.235 E.15325
G1 X33.156 Y-3.098 E.13125
SET_VELOCITY_LIMIT ACCEL=10000
G1 X32.901 Y-2.55 F30000
;TYPE:Gap infill
;WIDTH:0.34588
G1 F2051
G1 X30.189 Y-1.682 E.07032
G1 X27.49 Y-.903 E.06934
G1 X23.964 Y-.002 E.08985
G1 X20.816 Y.692 E.07959
G1 X17.913 Y1.243 E.07294
G1 X14.681 Y1.756 E.08079
G1 X11.429 Y2.168 E.08091
G1 X8.053 Y2.486 E.08374
G1 X4.835 Y2.686 E.0796
G1 X1.639 Y2.786 E.07894
G1 X-1.612 Y2.786 E.08025
G1 X-4.905 Y2.683 E.08134
G1 X-8.176 Y2.476 E.08091
G1 X-11.434 Y2.167 E.08079
G1 X-14.462 Y1.787 E.07534
G1 X-17.647 Y1.289 E.07959
G1 X-21.123 Y.629 E.08734
G1 X-24.321 Y-.087 E.08091
G1 X-27.49 Y-.903 E.08079
G1 X-30.189 Y-1.682 E.06934
G1 X-32.901 Y-2.55 E.07032
;LAYER_CHANGE
;Z:24.66
;HEIGHT:0.200001
;BEFORE_LAYER_CHANGE
;24.66
G1 E-1.2 F2100
;WIPE_START
G1 F9000
G1 X-30.997 Y-1.941
;WIPE_END
;AFTER_LAYER_CHANGE
;24.66
;_SET_FAN_SPEED_CHANGING_LAYER
G17
G3 Z25.06 I.022 J1.217 P1  F30000
G1 X33.19 Y-3.11 Z25.06
G1 Z24.66
G1 E1.2 F2100
SET_VELOCITY_LIMIT ACCEL=5000
;TYPE:Outer wall
;WIDTH:0.62
G1 F2051
G1 X33.19 Y-2.178 E.0438
G1 X30.317 Y-1.258 E.14184
G1 X27.205 Y-.366 E.15226
G1 X24.066 Y.429 E.15226
G1 X20.904 Y1.126 E.15226
G1 X17.722 Y1.724 E.15226
G1 X14.523 Y2.224 E.15225
G1 X11.31 Y2.625 E.15226
G1 X8.087 Y2.926 E.15226
G1 X4.855 Y3.126 E.15226
G1 X1.619 Y3.227 E.15225
G1 X-1.619 Y3.227 E.15226
G1 X-4.855 Y3.126 E.15225
G1 X-8.087 Y2.926 E.15226
M73 P55 R11
G1 X-11.31 Y2.625 E.15226
G1 X-14.523 Y2.224 E.15226
G1 X-17.722 Y1.724 E.15225
G1 X-20.904 Y1.126 E.15226
G1 X-24.066 Y.429 E.15226
G1 X-27.205 Y-.366 E.15226
G1 X-30.317 Y-1.258 E.15226
G1 X-33.19 Y-2.178 E.14184
G1 X-33.19 Y-3.11 E.0438
G1 X-30.502 Y-2.235 E.13294
G1 X-27.373 Y-1.324 E.15325
G1 X-24.217 Y-.512 E.15325
G1 X-21.036 Y.2 E.15325
G1 X-17.835 Y.812 E.15325
G1 X-14.617 Y1.322 E.15325
G1 X-11.384 Y1.732 E.15325
G1 X-8.139 Y2.039 E.15325
G1 X-4.887 Y2.244 E.15325
G1 X-1.629 Y2.346 E.15325
G1 X1.629 Y2.346 E.15325
G1 X4.887 Y2.244 E.15325
G1 X8.139 Y2.039 E.15325
G1 X11.384 Y1.732 E.15325
G1 X14.617 Y1.322 E.15325
G1 X17.835 Y.812 E.15325
G1 X21.036 Y.2 E.15325
G1 X24.217 Y-.512 E.15325
G1 X27.373 Y-1.324 E.15325
G1 X30.502 Y-2.235 E.15325
G1 X33.156 Y-3.098 E.13125
SET_VELOCITY_LIMIT ACCEL=10000
G1 X32.901 Y-2.55 F30000
;TYPE:Gap infill
;WIDTH:0.34588
G1 F2051
G1 X30.189 Y-1.682 E.07032
G1 X27.49 Y-.903 E.06934
G1 X24.321 Y-.087 E.08079
G1 X21.123 Y.629 E.08091
G1 X17.647 Y1.289 E.08734
G1 X14.462 Y1.787 E.07959
G1 X11.434 Y2.167 E.07534
G1 X8.176 Y2.476 E.08079
G1 X4.905 Y2.683 E.08091
G1 X1.612 Y2.786 E.08134
G1 X-1.639 Y2.786 E.08025
G1 X-4.835 Y2.686 E.07894
G1 X-8.053 Y2.486 E.0796
G1 X-11.429 Y2.168 E.08374
G1 X-14.681 Y1.756 E.08091
G1 X-17.913 Y1.243 E.08079
G1 X-20.816 Y.692 E.07294
G1 X-23.964 Y-.002 E.07959
G1 X-27.49 Y-.903 E.08985
G1 X-30.189 Y-1.682 E.06934
G1 X-32.901 Y-2.55 E.07032
;LAYER_CHANGE
;Z:24.86
;HEIGHT:0.200001
;BEFORE_LAYER_CHANGE
;24.86
G1 E-1.2 F2100
;WIPE_START
G1 F9000
G1 X-30.997 Y-1.941
;WIPE_END
;AFTER_LAYER_CHANGE
;24.86
;_SET_FAN_SPEED_CHANGING_LAYER
G17
G3 Z25.26 I.022 J1.217 P1  F30000
G1 X33.19 Y-3.11 Z25.26
G1 Z24.86
G1 E1.2 F2100
SET_VELOCITY_LIMIT ACCEL=5000
;TYPE:Outer wall
;WIDTH:0.62
G1 F2051
G1 X33.19 Y-2.178 E.0438
G1 X30.317 Y-1.258 E.14184
G1 X27.205 Y-.366 E.15226
G1 X24.066 Y.429 E.15226
G1 X20.904 Y1.126 E.15226
G1 X17.722 Y1.724 E.15226
G1 X14.523 Y2.224 E.15225
G1 X11.31 Y2.625 E.15226
G1 X8.087 Y2.926 E.15226
G1 X4.855 Y3.126 E.15226
G1 X1.619 Y3.227 E.15225
G1 X-1.619 Y3.227 E.15226
G1 X-4.855 Y3.126 E.15225
G1 X-8.087 Y2.926 E.15226
G1 X-11.31 Y2.625 E.15226
G1 X-14.523 Y2.224 E.15226
G1 X-17.722 Y1.724 E.15225
G1 X-20.904 Y1.126 E.15226
G1 X-24.066 Y.429 E.15226
G1 X-27.205 Y-.366 E.15226
G1 X-30.317 Y-1.258 E.15226
G1 X-33.19 Y-2.178 E.14184
G1 X-33.19 Y-3.11 E.0438
G1 X-30.502 Y-2.235 E.13294
G1 X-27.373 Y-1.324 E.15325
G1 X-24.217 Y-.512 E.15325
G1 X-21.036 Y.2 E.15325
G1 X-17.835 Y.812 E.15325
G1 X-14.617 Y1.322 E.15325
G1 X-11.384 Y1.732 E.15325
G1 X-8.139 Y2.039 E.15325
G1 X-4.887 Y2.244 E.15325
G1 X-1.629 Y2.346 E.15325
G1 X1.629 Y2.346 E.15325
G1 X4.887 Y2.244 E.15325
G1 X8.139 Y2.039 E.15325
G1 X11.384 Y1.732 E.15325
G1 X14.617 Y1.322 E.15325
G1 X17.835 Y.812 E.15325
G1 X21.036 Y.2 E.15325
G1 X24.217 Y-.512 E.15325
G1 X27.373 Y-1.324 E.15325
G1 X30.502 Y-2.235 E.15325
G1 X33.156 Y-3.098 E.13125
SET_VELOCITY_LIMIT ACCEL=10000
G1 X32.901 Y-2.55 F30000
;TYPE:Gap infill
;WIDTH:0.34588
G1 F2051
G1 X30.189 Y-1.682 E.07032
G1 X27.49 Y-.903 E.06934
G1 X23.964 Y-.002 E.08985
G1 X20.816 Y.692 E.07959
G1 X17.913 Y1.243 E.07294
G1 X14.681 Y1.756 E.08079
G1 X11.429 Y2.168 E.08091
G1 X8.053 Y2.486 E.08374
G1 X4.835 Y2.686 E.0796
G1 X1.639 Y2.786 E.07894
G1 X-1.612 Y2.786 E.08025
G1 X-4.905 Y2.683 E.08134
G1 X-8.176 Y2.476 E.08091
G1 X-11.434 Y2.167 E.08079
G1 X-14.462 Y1.787 E.07534
G1 X-17.647 Y1.289 E.07959
G1 X-21.123 Y.629 E.08734
G1 X-24.321 Y-.087 E.08091
G1 X-27.49 Y-.903 E.08079
G1 X-30.189 Y-1.682 E.06934
G1 X-32.901 Y-2.55 E.07032
;LAYER_CHANGE
;Z:25.06
;HEIGHT:0.199999
;BEFORE_LAYER_CHANGE
;25.06
G1 E-1.2 F2100
;WIPE_START
G1 F9000
G1 X-30.997 Y-1.941
;WIPE_END
;AFTER_LAYER_CHANGE
;25.06
;_SET_FAN_SPEED_CHANGING_LAYER
G17
G3 Z25.46 I.022 J1.217 P1  F30000
G1 X33.19 Y-3.11 Z25.46
G1 Z25.06
G1 E1.2 F2100
SET_VELOCITY_LIMIT ACCEL=5000
;TYPE:Outer wall
;WIDTH:0.62
G1 F2051
G1 X33.19 Y-2.178 E.0438
G1 X30.317 Y-1.258 E.14184
G1 X27.205 Y-.366 E.15226
G1 X24.066 Y.429 E.15226
G1 X20.904 Y1.126 E.15226
G1 X17.722 Y1.724 E.15226
G1 X14.523 Y2.224 E.15225
G1 X11.31 Y2.625 E.15226
G1 X8.087 Y2.926 E.15226
G1 X4.855 Y3.126 E.15226
G1 X1.619 Y3.227 E.15225
G1 X-1.619 Y3.227 E.15226
G1 X-4.855 Y3.126 E.15225
G1 X-8.087 Y2.926 E.15226
G1 X-11.31 Y2.625 E.15226
G1 X-14.523 Y2.224 E.15226
G1 X-17.722 Y1.724 E.15225
G1 X-20.904 Y1.126 E.15226
G1 X-24.066 Y.429 E.15226
G1 X-27.205 Y-.366 E.15226
G1 X-30.317 Y-1.258 E.15226
G1 X-33.19 Y-2.178 E.14184
G1 X-33.19 Y-3.11 E.0438
G1 X-30.502 Y-2.235 E.13294
G1 X-27.373 Y-1.324 E.15325
G1 X-24.217 Y-.512 E.15325
G1 X-21.036 Y.2 E.15325
G1 X-17.835 Y.812 E.15325
G1 X-14.617 Y1.322 E.15325
G1 X-11.384 Y1.732 E.15325
G1 X-8.139 Y2.039 E.15325
G1 X-4.887 Y2.244 E.15325
G1 X-1.629 Y2.346 E.15325
G1 X1.629 Y2.346 E.15325
G1 X4.887 Y2.244 E.15325
G1 X8.139 Y2.039 E.15325
G1 X11.384 Y1.732 E.15325
G1 X14.617 Y1.322 E.15325
G1 X17.835 Y.812 E.15325
G1 X21.036 Y.2 E.15325
G1 X24.217 Y-.512 E.15325
G1 X27.373 Y-1.324 E.15325
G1 X30.502 Y-2.235 E.15325
M73 P56 R11
G1 X33.156 Y-3.098 E.13125
SET_VELOCITY_LIMIT ACCEL=10000
G1 X32.901 Y-2.55 F30000
;TYPE:Gap infill
;WIDTH:0.34588
G1 F2051
G1 X30.189 Y-1.682 E.07032
G1 X27.49 Y-.903 E.06934
G1 X23.964 Y-.002 E.08985
G1 X20.816 Y.692 E.07959
G1 X17.913 Y1.243 E.07294
G1 X14.681 Y1.756 E.08079
G1 X11.429 Y2.168 E.08091
G1 X8.053 Y2.486 E.08374
G1 X4.835 Y2.686 E.0796
G1 X1.639 Y2.786 E.07894
G1 X-1.612 Y2.786 E.08025
G1 X-4.905 Y2.683 E.08134
G1 X-8.176 Y2.476 E.08091
G1 X-11.434 Y2.167 E.08079
G1 X-14.462 Y1.787 E.07534
G1 X-17.647 Y1.289 E.07959
G1 X-21.123 Y.629 E.08734
G1 X-24.321 Y-.087 E.08091
G1 X-27.49 Y-.903 E.08079
G1 X-30.189 Y-1.682 E.06934
G1 X-32.901 Y-2.55 E.07032
;LAYER_CHANGE
;Z:25.26
;HEIGHT:0.200001
;BEFORE_LAYER_CHANGE
;25.26
G1 E-1.2 F2100
;WIPE_START
G1 F9000
G1 X-30.997 Y-1.941
;WIPE_END
;AFTER_LAYER_CHANGE
;25.26
;_SET_FAN_SPEED_CHANGING_LAYER
G17
G3 Z25.66 I.022 J1.217 P1  F30000
G1 X33.19 Y-3.11 Z25.66
G1 Z25.26
G1 E1.2 F2100
SET_VELOCITY_LIMIT ACCEL=5000
;TYPE:Outer wall
;WIDTH:0.62
G1 F2051
G1 X33.19 Y-2.178 E.0438
G1 X30.317 Y-1.258 E.14184
G1 X27.205 Y-.366 E.15226
G1 X24.066 Y.429 E.15226
G1 X20.904 Y1.126 E.15226
G1 X17.722 Y1.724 E.15226
G1 X14.523 Y2.224 E.15225
G1 X11.31 Y2.625 E.15226
G1 X8.087 Y2.926 E.15226
G1 X4.855 Y3.126 E.15226
G1 X1.619 Y3.227 E.15225
G1 X-1.619 Y3.227 E.15226
G1 X-4.855 Y3.126 E.15225
G1 X-8.087 Y2.926 E.15226
G1 X-11.31 Y2.625 E.15226
G1 X-14.523 Y2.224 E.15226
G1 X-17.722 Y1.724 E.15225
G1 X-20.904 Y1.126 E.15226
G1 X-24.066 Y.429 E.15226
G1 X-27.205 Y-.366 E.15226
G1 X-30.317 Y-1.258 E.15226
G1 X-33.19 Y-2.178 E.14184
G1 X-33.19 Y-3.11 E.0438
G1 X-30.502 Y-2.235 E.13294
G1 X-27.373 Y-1.324 E.15325
G1 X-24.217 Y-.512 E.15325
G1 X-21.036 Y.2 E.15325
G1 X-17.835 Y.812 E.15325
G1 X-14.617 Y1.322 E.15325
G1 X-11.384 Y1.732 E.15325
G1 X-8.139 Y2.039 E.15325
G1 X-4.887 Y2.244 E.15325
G1 X-1.629 Y2.346 E.15325
G1 X1.629 Y2.346 E.15325
G1 X4.887 Y2.244 E.15325
G1 X8.139 Y2.039 E.15325
G1 X11.384 Y1.732 E.15325
G1 X14.617 Y1.322 E.15325
G1 X17.835 Y.812 E.15325
G1 X21.036 Y.2 E.15325
G1 X24.217 Y-.512 E.15325
G1 X27.373 Y-1.324 E.15325
G1 X30.502 Y-2.235 E.15325
G1 X33.156 Y-3.098 E.13125
SET_VELOCITY_LIMIT ACCEL=10000
G1 X32.901 Y-2.55 F30000
;TYPE:Gap infill
;WIDTH:0.34588
G1 F2051
G1 X30.189 Y-1.682 E.07032
G1 X27.49 Y-.903 E.06934
G1 X24.321 Y-.087 E.08079
G1 X21.123 Y.629 E.08091
G1 X17.647 Y1.289 E.08734
G1 X14.462 Y1.787 E.07959
G1 X11.434 Y2.167 E.07534
G1 X8.176 Y2.476 E.08079
G1 X4.905 Y2.683 E.08091
G1 X1.612 Y2.786 E.08134
G1 X-1.639 Y2.786 E.08025
G1 X-4.835 Y2.686 E.07894
G1 X-8.053 Y2.486 E.0796
G1 X-11.429 Y2.168 E.08374
G1 X-14.681 Y1.756 E.08091
G1 X-17.913 Y1.243 E.08079
G1 X-20.816 Y.692 E.07294
G1 X-23.964 Y-.002 E.07959
G1 X-27.49 Y-.903 E.08985
G1 X-30.189 Y-1.682 E.06934
G1 X-32.901 Y-2.55 E.07032
;LAYER_CHANGE
;Z:25.46
;HEIGHT:0.199999
;BEFORE_LAYER_CHANGE
;25.46
G1 E-1.2 F2100
;WIPE_START
G1 F9000
G1 X-30.997 Y-1.941
;WIPE_END
;AFTER_LAYER_CHANGE
;25.46
;_SET_FAN_SPEED_CHANGING_LAYER
G17
G3 Z25.86 I.022 J1.217 P1  F30000
G1 X33.19 Y-3.11 Z25.86
G1 Z25.46
G1 E1.2 F2100
SET_VELOCITY_LIMIT ACCEL=5000
;TYPE:Outer wall
;WIDTH:0.62
G1 F2051
G1 X33.19 Y-2.178 E.0438
G1 X30.317 Y-1.258 E.14184
G1 X27.205 Y-.366 E.15226
G1 X24.066 Y.429 E.15226
G1 X20.904 Y1.126 E.15226
G1 X17.722 Y1.724 E.15226
G1 X14.523 Y2.224 E.15225
G1 X11.31 Y2.625 E.15226
G1 X8.087 Y2.926 E.15226
G1 X4.855 Y3.126 E.15226
G1 X1.619 Y3.227 E.15225
G1 X-1.619 Y3.227 E.15226
G1 X-4.855 Y3.126 E.15225
G1 X-8.087 Y2.926 E.15226
G1 X-11.31 Y2.625 E.15226
G1 X-14.523 Y2.224 E.15226
G1 X-17.722 Y1.724 E.15225
G1 X-20.904 Y1.126 E.15226
G1 X-24.066 Y.429 E.15226
G1 X-27.205 Y-.366 E.15226
G1 X-30.317 Y-1.258 E.15226
G1 X-33.19 Y-2.178 E.14184
G1 X-33.19 Y-3.11 E.0438
G1 X-30.502 Y-2.235 E.13294
G1 X-27.373 Y-1.324 E.15325
G1 X-24.217 Y-.512 E.15325
G1 X-21.036 Y.2 E.15325
G1 X-17.835 Y.812 E.15325
G1 X-14.617 Y1.322 E.15325
G1 X-11.384 Y1.732 E.15325
G1 X-8.139 Y2.039 E.15325
G1 X-4.887 Y2.244 E.15325
G1 X-1.629 Y2.346 E.15325
G1 X1.629 Y2.346 E.15325
G1 X4.887 Y2.244 E.15325
G1 X8.139 Y2.039 E.15325
G1 X11.384 Y1.732 E.15325
G1 X14.617 Y1.322 E.15325
G1 X17.835 Y.812 E.15325
G1 X21.036 Y.2 E.15325
G1 X24.217 Y-.512 E.15325
G1 X27.373 Y-1.324 E.15325
G1 X30.502 Y-2.235 E.15325
G1 X33.156 Y-3.098 E.13125
SET_VELOCITY_LIMIT ACCEL=10000
G1 X32.901 Y-2.55 F30000
;TYPE:Gap infill
;WIDTH:0.34588
G1 F2051
G1 X30.189 Y-1.682 E.07032
G1 X27.49 Y-.903 E.06934
G1 X24.321 Y-.087 E.08079
G1 X21.123 Y.629 E.08091
G1 X17.647 Y1.289 E.08734
G1 X14.462 Y1.787 E.07959
G1 X11.434 Y2.167 E.07534
G1 X8.176 Y2.476 E.08079
G1 X4.905 Y2.683 E.08091
G1 X1.612 Y2.786 E.08134
G1 X-1.639 Y2.786 E.08025
G1 X-4.835 Y2.686 E.07894
G1 X-8.053 Y2.486 E.0796
G1 X-11.429 Y2.168 E.08374
G1 X-14.681 Y1.756 E.08091
G1 X-17.913 Y1.243 E.08079
G1 X-20.816 Y.692 E.07294
G1 X-23.964 Y-.002 E.07959
G1 X-27.49 Y-.903 E.08985
G1 X-30.189 Y-1.682 E.06934
G1 X-32.901 Y-2.55 E.07032
;LAYER_CHANGE
;Z:25.66
;HEIGHT:0.200001
;BEFORE_LAYER_CHANGE
;25.66
G1 E-1.2 F2100
;WIPE_START
G1 F9000
G1 X-30.997 Y-1.941
;WIPE_END
;AFTER_LAYER_CHANGE
;25.66
;_SET_FAN_SPEED_CHANGING_LAYER
G17
G3 Z26.06 I.022 J1.217 P1  F30000
G1 X33.19 Y-3.11 Z26.06
G1 Z25.66
G1 E1.2 F2100
SET_VELOCITY_LIMIT ACCEL=5000
;TYPE:Outer wall
;WIDTH:0.62
G1 F2051
G1 X33.19 Y-2.178 E.0438
G1 X30.317 Y-1.258 E.14184
G1 X27.205 Y-.366 E.15226
M73 P57 R11
G1 X24.066 Y.429 E.15226
G1 X20.904 Y1.126 E.15226
G1 X17.722 Y1.724 E.15226
G1 X14.523 Y2.224 E.15225
G1 X11.31 Y2.625 E.15226
G1 X8.087 Y2.926 E.15226
G1 X4.855 Y3.126 E.15226
G1 X1.619 Y3.227 E.15225
G1 X-1.619 Y3.227 E.15226
G1 X-4.855 Y3.126 E.15225
G1 X-8.087 Y2.926 E.15226
G1 X-11.31 Y2.625 E.15226
G1 X-14.523 Y2.224 E.15226
G1 X-17.722 Y1.724 E.15225
G1 X-20.904 Y1.126 E.15226
G1 X-24.066 Y.429 E.15226
G1 X-27.205 Y-.366 E.15226
G1 X-30.317 Y-1.258 E.15226
G1 X-33.19 Y-2.178 E.14184
G1 X-33.19 Y-3.11 E.0438
G1 X-30.502 Y-2.235 E.13294
G1 X-27.373 Y-1.324 E.15325
G1 X-24.217 Y-.512 E.15325
G1 X-21.036 Y.2 E.15325
G1 X-17.835 Y.812 E.15325
G1 X-14.617 Y1.322 E.15325
G1 X-11.384 Y1.732 E.15325
G1 X-8.139 Y2.039 E.15325
G1 X-4.887 Y2.244 E.15325
G1 X-1.629 Y2.346 E.15325
G1 X1.629 Y2.346 E.15325
G1 X4.887 Y2.244 E.15325
G1 X8.139 Y2.039 E.15325
G1 X11.384 Y1.732 E.15325
G1 X14.617 Y1.322 E.15325
G1 X17.835 Y.812 E.15325
G1 X21.036 Y.2 E.15325
G1 X24.217 Y-.512 E.15325
G1 X27.373 Y-1.324 E.15325
G1 X30.502 Y-2.235 E.15325
G1 X33.156 Y-3.098 E.13125
SET_VELOCITY_LIMIT ACCEL=10000
G1 X32.901 Y-2.55 F30000
;TYPE:Gap infill
;WIDTH:0.34588
G1 F2051
G1 X30.189 Y-1.682 E.07032
G1 X27.49 Y-.903 E.06934
G1 X24.321 Y-.087 E.08079
G1 X21.123 Y.629 E.08091
G1 X17.647 Y1.289 E.08734
G1 X14.462 Y1.787 E.07959
G1 X11.434 Y2.167 E.07534
G1 X8.176 Y2.476 E.08079
G1 X4.905 Y2.683 E.08091
G1 X1.612 Y2.786 E.08134
G1 X-1.639 Y2.786 E.08025
G1 X-4.835 Y2.686 E.07894
G1 X-8.053 Y2.486 E.0796
G1 X-11.429 Y2.168 E.08374
G1 X-14.681 Y1.756 E.08091
G1 X-17.913 Y1.243 E.08079
G1 X-20.816 Y.692 E.07294
G1 X-23.964 Y-.002 E.07959
G1 X-27.49 Y-.903 E.08985
G1 X-30.189 Y-1.682 E.06934
G1 X-32.901 Y-2.55 E.07032
;LAYER_CHANGE
;Z:25.86
;HEIGHT:0.200001
;BEFORE_LAYER_CHANGE
;25.86
G1 E-1.2 F2100
;WIPE_START
G1 F9000
G1 X-30.997 Y-1.941
;WIPE_END
;AFTER_LAYER_CHANGE
;25.86
;_SET_FAN_SPEED_CHANGING_LAYER
G17
G3 Z26.26 I.022 J1.217 P1  F30000
G1 X33.19 Y-3.11 Z26.26
G1 Z25.86
G1 E1.2 F2100
SET_VELOCITY_LIMIT ACCEL=5000
;TYPE:Outer wall
;WIDTH:0.62
G1 F2051
G1 X33.19 Y-2.178 E.0438
G1 X30.317 Y-1.258 E.14184
G1 X27.205 Y-.366 E.15226
G1 X24.066 Y.429 E.15226
G1 X20.904 Y1.126 E.15226
G1 X17.722 Y1.724 E.15226
G1 X14.523 Y2.224 E.15225
G1 X11.31 Y2.625 E.15226
G1 X8.087 Y2.926 E.15226
G1 X4.855 Y3.126 E.15226
G1 X1.619 Y3.227 E.15225
G1 X-1.619 Y3.227 E.15226
G1 X-4.855 Y3.126 E.15225
G1 X-8.087 Y2.926 E.15226
G1 X-11.31 Y2.625 E.15226
G1 X-14.523 Y2.224 E.15226
M73 P57 R10
G1 X-17.722 Y1.724 E.15225
G1 X-20.904 Y1.126 E.15226
G1 X-24.066 Y.429 E.15226
G1 X-27.205 Y-.366 E.15226
G1 X-30.317 Y-1.258 E.15226
G1 X-33.19 Y-2.178 E.14184
G1 X-33.19 Y-3.11 E.0438
G1 X-30.502 Y-2.235 E.13294
G1 X-27.373 Y-1.324 E.15325
G1 X-24.217 Y-.512 E.15325
G1 X-21.036 Y.2 E.15325
G1 X-17.835 Y.812 E.15325
G1 X-14.617 Y1.322 E.15325
G1 X-11.384 Y1.732 E.15325
G1 X-8.139 Y2.039 E.15325
G1 X-4.887 Y2.244 E.15325
G1 X-1.629 Y2.346 E.15325
G1 X1.629 Y2.346 E.15325
G1 X4.887 Y2.244 E.15325
G1 X8.139 Y2.039 E.15325
G1 X11.384 Y1.732 E.15325
G1 X14.617 Y1.322 E.15325
G1 X17.835 Y.812 E.15325
G1 X21.036 Y.2 E.15325
G1 X24.217 Y-.512 E.15325
G1 X27.373 Y-1.324 E.15325
G1 X30.502 Y-2.235 E.15325
G1 X33.156 Y-3.098 E.13125
SET_VELOCITY_LIMIT ACCEL=10000
G1 X32.901 Y-2.55 F30000
;TYPE:Gap infill
;WIDTH:0.34588
G1 F2051
G1 X30.189 Y-1.682 E.07032
G1 X27.49 Y-.903 E.06934
G1 X23.964 Y-.002 E.08985
G1 X20.816 Y.692 E.07959
G1 X17.913 Y1.243 E.07294
G1 X14.681 Y1.756 E.08079
G1 X11.429 Y2.168 E.08091
G1 X8.053 Y2.486 E.08374
G1 X4.835 Y2.686 E.0796
G1 X1.639 Y2.786 E.07894
G1 X-1.612 Y2.786 E.08025
G1 X-4.905 Y2.683 E.08134
G1 X-8.176 Y2.476 E.08091
G1 X-11.434 Y2.167 E.08079
G1 X-14.462 Y1.787 E.07534
G1 X-17.647 Y1.289 E.07959
G1 X-21.123 Y.629 E.08734
G1 X-24.321 Y-.087 E.08091
G1 X-27.49 Y-.903 E.08079
G1 X-30.189 Y-1.682 E.06934
G1 X-32.901 Y-2.55 E.07032
;LAYER_CHANGE
;Z:26.06
;HEIGHT:0.199999
;BEFORE_LAYER_CHANGE
;26.06
G1 E-1.2 F2100
;WIPE_START
G1 F9000
G1 X-30.997 Y-1.941
;WIPE_END
;AFTER_LAYER_CHANGE
;26.06
;_SET_FAN_SPEED_CHANGING_LAYER
G17
G3 Z26.46 I.022 J1.217 P1  F30000
G1 X33.19 Y-3.11 Z26.46
G1 Z26.06
G1 E1.2 F2100
SET_VELOCITY_LIMIT ACCEL=5000
;TYPE:Outer wall
;WIDTH:0.62
G1 F2051
G1 X33.19 Y-2.178 E.0438
G1 X30.317 Y-1.258 E.14184
G1 X27.205 Y-.366 E.15226
G1 X24.066 Y.429 E.15226
G1 X20.904 Y1.126 E.15226
G1 X17.722 Y1.724 E.15226
G1 X14.523 Y2.224 E.15225
G1 X11.31 Y2.625 E.15226
G1 X8.087 Y2.926 E.15226
G1 X4.855 Y3.126 E.15226
G1 X1.619 Y3.227 E.15225
G1 X-1.619 Y3.227 E.15226
G1 X-4.855 Y3.126 E.15225
G1 X-8.087 Y2.926 E.15226
G1 X-11.31 Y2.625 E.15226
G1 X-14.523 Y2.224 E.15226
G1 X-17.722 Y1.724 E.15225
G1 X-20.904 Y1.126 E.15226
G1 X-24.066 Y.429 E.15226
G1 X-27.205 Y-.366 E.15226
G1 X-30.317 Y-1.258 E.15226
G1 X-33.19 Y-2.178 E.14184
G1 X-33.19 Y-3.11 E.0438
G1 X-30.502 Y-2.235 E.13294
G1 X-27.373 Y-1.324 E.15325
G1 X-24.217 Y-.512 E.15325
G1 X-21.036 Y.2 E.15325
G1 X-17.835 Y.812 E.15325
G1 X-14.617 Y1.322 E.15325
G1 X-11.384 Y1.732 E.15325
G1 X-8.139 Y2.039 E.15325
G1 X-4.887 Y2.244 E.15325
M73 P58 R10
G1 X-1.629 Y2.346 E.15325
G1 X1.629 Y2.346 E.15325
G1 X4.887 Y2.244 E.15325
G1 X8.139 Y2.039 E.15325
G1 X11.384 Y1.732 E.15325
G1 X14.617 Y1.322 E.15325
G1 X17.835 Y.812 E.15325
G1 X21.036 Y.2 E.15325
G1 X24.217 Y-.512 E.15325
G1 X27.373 Y-1.324 E.15325
G1 X30.502 Y-2.235 E.15325
G1 X33.156 Y-3.098 E.13125
SET_VELOCITY_LIMIT ACCEL=10000
G1 X32.901 Y-2.55 F30000
;TYPE:Gap infill
;WIDTH:0.34588
G1 F2051
G1 X30.189 Y-1.682 E.07032
G1 X27.49 Y-.903 E.06934
G1 X23.964 Y-.002 E.08985
G1 X20.816 Y.692 E.07959
G1 X17.913 Y1.243 E.07294
G1 X14.681 Y1.756 E.08079
G1 X11.429 Y2.168 E.08091
G1 X8.053 Y2.486 E.08374
G1 X4.835 Y2.686 E.0796
G1 X1.639 Y2.786 E.07894
G1 X-1.612 Y2.786 E.08025
G1 X-4.905 Y2.683 E.08134
G1 X-8.176 Y2.476 E.08091
G1 X-11.434 Y2.167 E.08079
G1 X-14.462 Y1.787 E.07534
G1 X-17.647 Y1.289 E.07959
G1 X-21.123 Y.629 E.08734
G1 X-24.321 Y-.087 E.08091
G1 X-27.49 Y-.903 E.08079
G1 X-30.189 Y-1.682 E.06934
G1 X-32.901 Y-2.55 E.07032
;LAYER_CHANGE
;Z:26.26
;HEIGHT:0.200001
;BEFORE_LAYER_CHANGE
;26.26
G1 E-1.2 F2100
;WIPE_START
G1 F9000
G1 X-30.997 Y-1.941
;WIPE_END
;AFTER_LAYER_CHANGE
;26.26
;_SET_FAN_SPEED_CHANGING_LAYER
G17
G3 Z26.66 I.022 J1.217 P1  F30000
G1 X33.19 Y-3.11 Z26.66
G1 Z26.26
G1 E1.2 F2100
SET_VELOCITY_LIMIT ACCEL=5000
;TYPE:Outer wall
;WIDTH:0.62
G1 F2051
G1 X33.19 Y-2.178 E.0438
G1 X30.317 Y-1.258 E.14184
G1 X27.205 Y-.366 E.15226
G1 X24.066 Y.429 E.15226
G1 X20.904 Y1.126 E.15226
G1 X17.722 Y1.724 E.15226
G1 X14.523 Y2.224 E.15225
G1 X11.31 Y2.625 E.15226
G1 X8.087 Y2.926 E.15226
G1 X4.855 Y3.126 E.15226
G1 X1.619 Y3.227 E.15225
G1 X-1.619 Y3.227 E.15226
G1 X-4.855 Y3.126 E.15225
G1 X-8.087 Y2.926 E.15226
G1 X-11.31 Y2.625 E.15226
G1 X-14.523 Y2.224 E.15226
G1 X-17.722 Y1.724 E.15225
G1 X-20.904 Y1.126 E.15226
G1 X-24.066 Y.429 E.15226
G1 X-27.205 Y-.366 E.15226
G1 X-30.317 Y-1.258 E.15226
G1 X-33.19 Y-2.178 E.14184
G1 X-33.19 Y-3.11 E.0438
G1 X-30.502 Y-2.235 E.13294
G1 X-27.373 Y-1.324 E.15325
G1 X-24.217 Y-.512 E.15325
G1 X-21.036 Y.2 E.15325
G1 X-17.835 Y.812 E.15325
G1 X-14.617 Y1.322 E.15325
G1 X-11.384 Y1.732 E.15325
G1 X-8.139 Y2.039 E.15325
G1 X-4.887 Y2.244 E.15325
G1 X-1.629 Y2.346 E.15325
G1 X1.629 Y2.346 E.15325
G1 X4.887 Y2.244 E.15325
G1 X8.139 Y2.039 E.15325
G1 X11.384 Y1.732 E.15325
G1 X14.617 Y1.322 E.15325
G1 X17.835 Y.812 E.15325
G1 X21.036 Y.2 E.15325
G1 X24.217 Y-.512 E.15325
G1 X27.373 Y-1.324 E.15325
G1 X30.502 Y-2.235 E.15325
G1 X33.156 Y-3.098 E.13125
SET_VELOCITY_LIMIT ACCEL=10000
G1 X32.901 Y-2.55 F30000
;TYPE:Gap infill
;WIDTH:0.34588
G1 F2051
G1 X30.189 Y-1.682 E.07032
G1 X27.49 Y-.903 E.06934
G1 X24.321 Y-.087 E.08079
G1 X21.123 Y.629 E.08091
G1 X17.647 Y1.289 E.08734
G1 X14.462 Y1.787 E.07959
G1 X11.434 Y2.167 E.07534
G1 X8.176 Y2.476 E.08079
G1 X4.905 Y2.683 E.08091
G1 X1.612 Y2.786 E.08134
G1 X-1.639 Y2.786 E.08025
G1 X-4.835 Y2.686 E.07894
G1 X-8.053 Y2.486 E.0796
G1 X-11.429 Y2.168 E.08374
G1 X-14.681 Y1.756 E.08091
G1 X-17.913 Y1.243 E.08079
G1 X-20.816 Y.692 E.07294
G1 X-23.964 Y-.002 E.07959
G1 X-27.49 Y-.903 E.08985
G1 X-30.189 Y-1.682 E.06934
G1 X-32.901 Y-2.55 E.07032
;LAYER_CHANGE
;Z:26.46
;HEIGHT:0.199999
;BEFORE_LAYER_CHANGE
;26.46
G1 E-1.2 F2100
;WIPE_START
G1 F9000
G1 X-30.997 Y-1.941
;WIPE_END
;AFTER_LAYER_CHANGE
;26.46
;_SET_FAN_SPEED_CHANGING_LAYER
G17
G3 Z26.86 I.022 J1.217 P1  F30000
G1 X33.19 Y-3.11 Z26.86
G1 Z26.46
G1 E1.2 F2100
SET_VELOCITY_LIMIT ACCEL=5000
;TYPE:Outer wall
;WIDTH:0.62
G1 F2051
G1 X33.19 Y-2.178 E.0438
G1 X30.317 Y-1.258 E.14184
G1 X27.205 Y-.366 E.15226
G1 X24.066 Y.429 E.15226
G1 X20.904 Y1.126 E.15226
G1 X17.722 Y1.724 E.15226
G1 X14.523 Y2.224 E.15225
G1 X11.31 Y2.625 E.15226
G1 X8.087 Y2.926 E.15226
G1 X4.855 Y3.126 E.15226
G1 X1.619 Y3.227 E.15225
G1 X-1.619 Y3.227 E.15226
G1 X-4.855 Y3.126 E.15225
G1 X-8.087 Y2.926 E.15226
G1 X-11.31 Y2.625 E.15226
G1 X-14.523 Y2.224 E.15226
G1 X-17.722 Y1.724 E.15225
G1 X-20.904 Y1.126 E.15226
G1 X-24.066 Y.429 E.15226
G1 X-27.205 Y-.366 E.15226
G1 X-30.317 Y-1.258 E.15226
G1 X-33.19 Y-2.178 E.14184
G1 X-33.19 Y-3.11 E.0438
G1 X-30.502 Y-2.235 E.13294
G1 X-27.373 Y-1.324 E.15325
G1 X-24.217 Y-.512 E.15325
G1 X-21.036 Y.2 E.15325
G1 X-17.835 Y.812 E.15325
G1 X-14.617 Y1.322 E.15325
G1 X-11.384 Y1.732 E.15325
G1 X-8.139 Y2.039 E.15325
G1 X-4.887 Y2.244 E.15325
G1 X-1.629 Y2.346 E.15325
G1 X1.629 Y2.346 E.15325
G1 X4.887 Y2.244 E.15325
G1 X8.139 Y2.039 E.15325
G1 X11.384 Y1.732 E.15325
G1 X14.617 Y1.322 E.15325
G1 X17.835 Y.812 E.15325
G1 X21.036 Y.2 E.15325
G1 X24.217 Y-.512 E.15325
G1 X27.373 Y-1.324 E.15325
G1 X30.502 Y-2.235 E.15325
G1 X33.156 Y-3.098 E.13125
SET_VELOCITY_LIMIT ACCEL=10000
G1 X32.901 Y-2.55 F30000
;TYPE:Gap infill
;WIDTH:0.345881
G1 F2051
G1 X30.189 Y-1.682 E.07032
G1 X27.49 Y-.903 E.06934
G1 X24.321 Y-.087 E.08079
G1 X21.123 Y.629 E.08091
G1 X17.647 Y1.289 E.08734
G1 X14.462 Y1.787 E.07959
G1 X11.434 Y2.167 E.07534
G1 X8.176 Y2.476 E.08079
G1 X4.905 Y2.683 E.08091
G1 X1.612 Y2.786 E.08134
G1 X-1.639 Y2.786 E.08025
G1 X-4.835 Y2.686 E.07894
G1 X-8.053 Y2.486 E.0796
G1 X-11.429 Y2.168 E.08374
G1 X-14.681 Y1.756 E.08091
G1 X-17.913 Y1.243 E.08079
G1 X-20.816 Y.692 E.07294
M73 P59 R10
G1 X-23.964 Y-.002 E.07959
G1 X-27.49 Y-.903 E.08985
G1 X-30.189 Y-1.682 E.06934
G1 X-32.901 Y-2.55 E.07032
;LAYER_CHANGE
;Z:26.66
;HEIGHT:0.200001
;BEFORE_LAYER_CHANGE
;26.66
G1 E-1.2 F2100
;WIPE_START
G1 F9000
G1 X-30.997 Y-1.941
;WIPE_END
;AFTER_LAYER_CHANGE
;26.66
;_SET_FAN_SPEED_CHANGING_LAYER
G17
G3 Z27.06 I.022 J1.217 P1  F30000
G1 X33.19 Y-3.11 Z27.06
G1 Z26.66
G1 E1.2 F2100
SET_VELOCITY_LIMIT ACCEL=5000
;TYPE:Outer wall
;WIDTH:0.62
G1 F2051
G1 X33.19 Y-2.178 E.0438
G1 X30.317 Y-1.258 E.14184
G1 X27.205 Y-.366 E.15226
G1 X24.066 Y.429 E.15226
G1 X20.904 Y1.126 E.15226
G1 X17.722 Y1.724 E.15226
G1 X14.523 Y2.224 E.15225
G1 X11.31 Y2.625 E.15226
G1 X8.087 Y2.926 E.15226
G1 X4.855 Y3.126 E.15226
G1 X1.619 Y3.227 E.15225
G1 X-1.619 Y3.227 E.15226
G1 X-4.855 Y3.126 E.15225
G1 X-8.087 Y2.926 E.15226
G1 X-11.31 Y2.625 E.15226
G1 X-14.523 Y2.224 E.15226
G1 X-17.722 Y1.724 E.15225
G1 X-20.904 Y1.126 E.15226
G1 X-24.066 Y.429 E.15226
G1 X-27.205 Y-.366 E.15226
G1 X-30.317 Y-1.258 E.15226
G1 X-33.19 Y-2.178 E.14184
G1 X-33.19 Y-3.11 E.0438
G1 X-30.502 Y-2.235 E.13294
G1 X-27.373 Y-1.324 E.15325
G1 X-24.217 Y-.512 E.15325
G1 X-21.036 Y.2 E.15325
G1 X-17.835 Y.812 E.15325
G1 X-14.617 Y1.322 E.15325
G1 X-11.384 Y1.732 E.15325
G1 X-8.139 Y2.039 E.15325
G1 X-4.887 Y2.244 E.15325
G1 X-1.629 Y2.346 E.15325
G1 X1.629 Y2.346 E.15325
G1 X4.887 Y2.244 E.15325
G1 X8.139 Y2.039 E.15325
G1 X11.384 Y1.732 E.15325
G1 X14.617 Y1.322 E.15325
G1 X17.835 Y.812 E.15325
G1 X21.036 Y.2 E.15325
G1 X24.217 Y-.512 E.15325
G1 X27.373 Y-1.324 E.15325
G1 X30.502 Y-2.235 E.15325
G1 X33.156 Y-3.098 E.13125
SET_VELOCITY_LIMIT ACCEL=10000
G1 X32.901 Y-2.55 F30000
;TYPE:Gap infill
;WIDTH:0.345881
G1 F2051
G1 X30.189 Y-1.682 E.07032
G1 X27.49 Y-.903 E.06934
G1 X23.964 Y-.002 E.08985
G1 X20.816 Y.692 E.07959
G1 X17.913 Y1.243 E.07294
G1 X14.681 Y1.756 E.08079
G1 X11.429 Y2.168 E.08091
G1 X8.053 Y2.486 E.08374
G1 X4.835 Y2.686 E.0796
G1 X1.639 Y2.786 E.07894
G1 X-1.612 Y2.786 E.08025
G1 X-4.905 Y2.683 E.08134
G1 X-8.176 Y2.476 E.08091
G1 X-11.434 Y2.167 E.08079
G1 X-14.462 Y1.787 E.07534
G1 X-17.647 Y1.289 E.07959
G1 X-21.123 Y.629 E.08734
G1 X-24.321 Y-.087 E.08091
G1 X-27.49 Y-.903 E.08079
G1 X-30.189 Y-1.682 E.06934
G1 X-32.901 Y-2.55 E.07032
;LAYER_CHANGE
;Z:26.86
;HEIGHT:0.200001
;BEFORE_LAYER_CHANGE
;26.86
G1 E-1.2 F2100
;WIPE_START
G1 F9000
G1 X-30.997 Y-1.941
;WIPE_END
;AFTER_LAYER_CHANGE
;26.86
;_SET_FAN_SPEED_CHANGING_LAYER
G17
G3 Z27.26 I.022 J1.217 P1  F30000
G1 X33.19 Y-3.11 Z27.26
G1 Z26.86
G1 E1.2 F2100
SET_VELOCITY_LIMIT ACCEL=5000
;TYPE:Outer wall
;WIDTH:0.62
G1 F2051
G1 X33.19 Y-2.178 E.0438
G1 X30.317 Y-1.258 E.14184
G1 X27.205 Y-.366 E.15226
G1 X24.066 Y.429 E.15226
G1 X20.904 Y1.126 E.15226
G1 X17.722 Y1.724 E.15226
G1 X14.523 Y2.224 E.15225
G1 X11.31 Y2.625 E.15226
G1 X8.087 Y2.926 E.15226
G1 X4.855 Y3.126 E.15226
G1 X1.619 Y3.227 E.15225
G1 X-1.619 Y3.227 E.15226
G1 X-4.855 Y3.126 E.15225
G1 X-8.087 Y2.926 E.15226
G1 X-11.31 Y2.625 E.15226
G1 X-14.523 Y2.224 E.15226
G1 X-17.722 Y1.724 E.15225
G1 X-20.904 Y1.126 E.15226
G1 X-24.066 Y.429 E.15226
G1 X-27.205 Y-.366 E.15226
G1 X-30.317 Y-1.258 E.15226
G1 X-33.19 Y-2.178 E.14184
G1 X-33.19 Y-3.11 E.0438
G1 X-30.502 Y-2.235 E.13294
G1 X-27.373 Y-1.324 E.15325
G1 X-24.217 Y-.512 E.15325
G1 X-21.036 Y.2 E.15325
G1 X-17.835 Y.812 E.15325
G1 X-14.617 Y1.322 E.15325
G1 X-11.384 Y1.732 E.15325
G1 X-8.139 Y2.039 E.15325
G1 X-4.887 Y2.244 E.15325
G1 X-1.629 Y2.346 E.15325
G1 X1.629 Y2.346 E.15325
G1 X4.887 Y2.244 E.15325
G1 X8.139 Y2.039 E.15325
G1 X11.384 Y1.732 E.15325
G1 X14.617 Y1.322 E.15325
G1 X17.835 Y.812 E.15325
G1 X21.036 Y.2 E.15325
G1 X24.217 Y-.512 E.15325
G1 X27.373 Y-1.324 E.15325
G1 X30.502 Y-2.235 E.15325
G1 X33.156 Y-3.098 E.13125
SET_VELOCITY_LIMIT ACCEL=10000
G1 X32.901 Y-2.55 F30000
;TYPE:Gap infill
;WIDTH:0.345881
G1 F2051
G1 X30.189 Y-1.682 E.07032
G1 X27.49 Y-.903 E.06934
G1 X23.964 Y-.002 E.08985
G1 X20.816 Y.692 E.07959
G1 X17.913 Y1.243 E.07294
G1 X14.681 Y1.756 E.08079
G1 X11.429 Y2.168 E.08091
G1 X8.053 Y2.486 E.08374
G1 X4.835 Y2.686 E.0796
G1 X1.639 Y2.786 E.07894
G1 X-1.612 Y2.786 E.08025
G1 X-4.905 Y2.683 E.08134
G1 X-8.176 Y2.476 E.08091
G1 X-11.434 Y2.167 E.08079
G1 X-14.462 Y1.787 E.07534
G1 X-17.647 Y1.289 E.07959
G1 X-21.123 Y.629 E.08734
G1 X-24.321 Y-.087 E.08091
G1 X-27.49 Y-.903 E.08079
G1 X-30.189 Y-1.682 E.06934
G1 X-32.901 Y-2.55 E.07032
;LAYER_CHANGE
;Z:27.06
;HEIGHT:0.199999
;BEFORE_LAYER_CHANGE
;27.06
G1 E-1.2 F2100
;WIPE_START
G1 F9000
G1 X-30.997 Y-1.941
;WIPE_END
;AFTER_LAYER_CHANGE
;27.06
;_SET_FAN_SPEED_CHANGING_LAYER
G17
G3 Z27.46 I.022 J1.217 P1  F30000
G1 X33.19 Y-3.11 Z27.46
G1 Z27.06
G1 E1.2 F2100
SET_VELOCITY_LIMIT ACCEL=5000
;TYPE:Outer wall
;WIDTH:0.62
G1 F2051
G1 X33.19 Y-2.178 E.0438
G1 X30.317 Y-1.258 E.14184
G1 X27.205 Y-.366 E.15226
G1 X24.066 Y.429 E.15226
G1 X20.904 Y1.126 E.15226
G1 X17.722 Y1.724 E.15226
G1 X14.523 Y2.224 E.15225
G1 X11.31 Y2.625 E.15226
G1 X8.087 Y2.926 E.15226
G1 X4.855 Y3.126 E.15226
G1 X1.619 Y3.227 E.15225
G1 X-1.619 Y3.227 E.15226
G1 X-4.855 Y3.126 E.15225
G1 X-8.087 Y2.926 E.15226
G1 X-11.31 Y2.625 E.15226
G1 X-14.523 Y2.224 E.15226
G1 X-17.722 Y1.724 E.15225
G1 X-20.904 Y1.126 E.15226
G1 X-24.066 Y.429 E.15226
G1 X-27.205 Y-.366 E.15226
M73 P60 R10
G1 X-30.317 Y-1.258 E.15226
G1 X-33.19 Y-2.178 E.14184
G1 X-33.19 Y-3.11 E.0438
G1 X-30.502 Y-2.235 E.13294
G1 X-27.373 Y-1.324 E.15325
G1 X-24.217 Y-.512 E.15325
G1 X-21.036 Y.2 E.15325
G1 X-17.835 Y.812 E.15325
G1 X-14.617 Y1.322 E.15325
G1 X-11.384 Y1.732 E.15325
G1 X-8.139 Y2.039 E.15325
G1 X-4.887 Y2.244 E.15325
G1 X-1.629 Y2.346 E.15325
G1 X1.629 Y2.346 E.15325
G1 X4.887 Y2.244 E.15325
G1 X8.139 Y2.039 E.15325
G1 X11.384 Y1.732 E.15325
G1 X14.617 Y1.322 E.15325
G1 X17.835 Y.812 E.15325
G1 X21.036 Y.2 E.15325
G1 X24.217 Y-.512 E.15325
G1 X27.373 Y-1.324 E.15325
G1 X30.502 Y-2.235 E.15325
G1 X33.156 Y-3.098 E.13125
SET_VELOCITY_LIMIT ACCEL=10000
G1 X32.901 Y-2.55 F30000
;TYPE:Gap infill
;WIDTH:0.345881
G1 F2051
G1 X30.189 Y-1.682 E.07032
G1 X27.49 Y-.903 E.06934
G1 X24.321 Y-.087 E.08079
G1 X21.123 Y.629 E.08091
G1 X17.647 Y1.289 E.08734
G1 X14.462 Y1.787 E.07959
G1 X11.434 Y2.167 E.07534
G1 X8.176 Y2.476 E.08079
G1 X4.905 Y2.683 E.08091
G1 X1.612 Y2.786 E.08134
G1 X-1.639 Y2.786 E.08025
G1 X-4.835 Y2.686 E.07894
G1 X-8.053 Y2.486 E.0796
G1 X-11.429 Y2.168 E.08374
G1 X-14.681 Y1.756 E.08091
G1 X-17.913 Y1.243 E.08079
G1 X-20.816 Y.692 E.07294
G1 X-23.964 Y-.002 E.07959
G1 X-27.49 Y-.903 E.08985
G1 X-30.189 Y-1.682 E.06934
G1 X-32.901 Y-2.55 E.07032
;LAYER_CHANGE
;Z:27.26
;HEIGHT:0.200001
;BEFORE_LAYER_CHANGE
;27.26
G1 E-1.2 F2100
;WIPE_START
G1 F9000
G1 X-30.997 Y-1.941
;WIPE_END
;AFTER_LAYER_CHANGE
;27.26
;_SET_FAN_SPEED_CHANGING_LAYER
G17
G3 Z27.66 I.022 J1.217 P1  F30000
G1 X33.19 Y-3.11 Z27.66
G1 Z27.26
G1 E1.2 F2100
SET_VELOCITY_LIMIT ACCEL=5000
;TYPE:Outer wall
;WIDTH:0.62
G1 F2051
G1 X33.19 Y-2.178 E.0438
G1 X30.317 Y-1.258 E.14184
G1 X27.205 Y-.366 E.15226
G1 X24.066 Y.429 E.15226
G1 X20.904 Y1.126 E.15226
G1 X17.722 Y1.724 E.15226
G1 X14.523 Y2.224 E.15225
G1 X11.31 Y2.625 E.15226
G1 X8.087 Y2.926 E.15226
G1 X4.855 Y3.126 E.15226
G1 X1.619 Y3.227 E.15225
G1 X-1.619 Y3.227 E.15226
G1 X-4.855 Y3.126 E.15225
G1 X-8.087 Y2.926 E.15226
G1 X-11.31 Y2.625 E.15226
G1 X-14.523 Y2.224 E.15226
G1 X-17.722 Y1.724 E.15225
G1 X-20.904 Y1.126 E.15226
G1 X-24.066 Y.429 E.15226
G1 X-27.205 Y-.366 E.15226
G1 X-30.317 Y-1.258 E.15226
G1 X-33.19 Y-2.178 E.14184
G1 X-33.19 Y-3.11 E.0438
G1 X-30.502 Y-2.235 E.13294
G1 X-27.373 Y-1.324 E.15325
G1 X-24.217 Y-.512 E.15325
G1 X-21.036 Y.2 E.15325
G1 X-17.835 Y.812 E.15325
G1 X-14.617 Y1.322 E.15325
G1 X-11.384 Y1.732 E.15325
G1 X-8.139 Y2.039 E.15325
G1 X-4.887 Y2.244 E.15325
G1 X-1.629 Y2.346 E.15325
G1 X1.629 Y2.346 E.15325
G1 X4.887 Y2.244 E.15325
G1 X8.139 Y2.039 E.15325
G1 X11.384 Y1.732 E.15325
G1 X14.617 Y1.322 E.15325
G1 X17.835 Y.812 E.15325
G1 X21.036 Y.2 E.15325
G1 X24.217 Y-.512 E.15325
G1 X27.373 Y-1.324 E.15325
G1 X30.502 Y-2.235 E.15325
G1 X33.156 Y-3.098 E.13125
SET_VELOCITY_LIMIT ACCEL=10000
G1 X32.901 Y-2.55 F30000
;TYPE:Gap infill
;WIDTH:0.345881
G1 F2051
G1 X30.189 Y-1.682 E.07032
G1 X27.49 Y-.903 E.06934
G1 X24.321 Y-.087 E.08079
G1 X21.123 Y.629 E.08091
G1 X17.647 Y1.289 E.08734
G1 X14.462 Y1.787 E.07959
G1 X11.434 Y2.167 E.07534
G1 X8.176 Y2.476 E.08079
G1 X4.905 Y2.683 E.08091
G1 X1.612 Y2.786 E.08134
G1 X-1.639 Y2.786 E.08025
G1 X-4.835 Y2.686 E.07894
G1 X-8.053 Y2.486 E.0796
G1 X-11.429 Y2.168 E.08374
G1 X-14.681 Y1.756 E.08091
G1 X-17.913 Y1.243 E.08079
G1 X-20.816 Y.692 E.07294
G1 X-23.964 Y-.002 E.07959
G1 X-27.49 Y-.903 E.08985
G1 X-30.189 Y-1.682 E.06934
G1 X-32.901 Y-2.55 E.07032
;LAYER_CHANGE
;Z:27.46
;HEIGHT:0.199999
;BEFORE_LAYER_CHANGE
;27.46
G1 E-1.2 F2100
;WIPE_START
G1 F9000
G1 X-30.997 Y-1.941
;WIPE_END
;AFTER_LAYER_CHANGE
;27.46
;_SET_FAN_SPEED_CHANGING_LAYER
G17
G3 Z27.86 I.022 J1.217 P1  F30000
G1 X33.19 Y-3.11 Z27.86
G1 Z27.46
G1 E1.2 F2100
SET_VELOCITY_LIMIT ACCEL=5000
;TYPE:Outer wall
;WIDTH:0.62
G1 F2051
G1 X33.19 Y-2.178 E.0438
G1 X30.317 Y-1.258 E.14184
G1 X27.205 Y-.366 E.15226
G1 X24.066 Y.429 E.15226
G1 X20.904 Y1.126 E.15226
G1 X17.722 Y1.724 E.15226
G1 X14.523 Y2.224 E.15225
G1 X11.31 Y2.625 E.15226
G1 X8.087 Y2.926 E.15226
G1 X4.855 Y3.126 E.15226
G1 X1.619 Y3.227 E.15225
G1 X-1.619 Y3.227 E.15226
G1 X-4.855 Y3.126 E.15225
G1 X-8.087 Y2.926 E.15226
G1 X-11.31 Y2.625 E.15226
G1 X-14.523 Y2.224 E.15226
G1 X-17.722 Y1.724 E.15225
G1 X-20.904 Y1.126 E.15226
G1 X-24.066 Y.429 E.15226
G1 X-27.205 Y-.366 E.15226
G1 X-30.317 Y-1.258 E.15226
G1 X-33.19 Y-2.178 E.14184
G1 X-33.19 Y-3.11 E.0438
G1 X-30.502 Y-2.235 E.13294
G1 X-27.373 Y-1.324 E.15325
G1 X-24.217 Y-.512 E.15325
G1 X-21.036 Y.2 E.15325
G1 X-17.835 Y.812 E.15325
G1 X-14.617 Y1.322 E.15325
G1 X-11.384 Y1.732 E.15325
G1 X-8.139 Y2.039 E.15325
G1 X-4.887 Y2.244 E.15325
G1 X-1.629 Y2.346 E.15325
G1 X1.629 Y2.346 E.15325
G1 X4.887 Y2.244 E.15325
G1 X8.139 Y2.039 E.15325
G1 X11.384 Y1.732 E.15325
G1 X14.617 Y1.322 E.15325
G1 X17.835 Y.812 E.15325
G1 X21.036 Y.2 E.15325
G1 X24.217 Y-.512 E.15325
G1 X27.373 Y-1.324 E.15325
G1 X30.502 Y-2.235 E.15325
G1 X33.156 Y-3.098 E.13125
SET_VELOCITY_LIMIT ACCEL=10000
G1 X32.901 Y-2.55 F30000
;TYPE:Gap infill
;WIDTH:0.345881
G1 F2051
G1 X30.189 Y-1.682 E.07032
G1 X27.49 Y-.903 E.06934
G1 X23.964 Y-.002 E.08985
G1 X20.816 Y.692 E.07959
G1 X17.913 Y1.243 E.07294
G1 X14.681 Y1.756 E.08079
M73 P61 R10
G1 X11.429 Y2.168 E.08091
G1 X8.053 Y2.486 E.08374
G1 X4.835 Y2.686 E.0796
G1 X1.639 Y2.786 E.07894
G1 X-1.612 Y2.786 E.08025
G1 X-4.905 Y2.683 E.08134
G1 X-8.176 Y2.476 E.08091
G1 X-11.434 Y2.167 E.08079
G1 X-14.462 Y1.787 E.07534
G1 X-17.647 Y1.289 E.07959
G1 X-21.123 Y.629 E.08734
G1 X-24.321 Y-.087 E.08091
G1 X-27.49 Y-.903 E.08079
G1 X-30.189 Y-1.682 E.06934
G1 X-32.901 Y-2.55 E.07032
;LAYER_CHANGE
;Z:27.66
;HEIGHT:0.200001
;BEFORE_LAYER_CHANGE
;27.66
G1 E-1.2 F2100
;WIPE_START
G1 F9000
G1 X-30.997 Y-1.941
;WIPE_END
;AFTER_LAYER_CHANGE
;27.66
;_SET_FAN_SPEED_CHANGING_LAYER
G17
G3 Z28.06 I.022 J1.217 P1  F30000
G1 X33.19 Y-3.11 Z28.06
G1 Z27.66
G1 E1.2 F2100
SET_VELOCITY_LIMIT ACCEL=5000
;TYPE:Outer wall
;WIDTH:0.62
G1 F2051
G1 X33.19 Y-2.178 E.0438
G1 X30.317 Y-1.258 E.14184
G1 X27.205 Y-.366 E.15226
G1 X24.066 Y.429 E.15226
G1 X20.904 Y1.126 E.15226
G1 X17.722 Y1.724 E.15226
G1 X14.523 Y2.224 E.15225
G1 X11.31 Y2.625 E.15226
G1 X8.087 Y2.926 E.15226
G1 X4.855 Y3.126 E.15226
G1 X1.619 Y3.227 E.15225
G1 X-1.619 Y3.227 E.15226
G1 X-4.855 Y3.126 E.15225
G1 X-8.087 Y2.926 E.15226
G1 X-11.31 Y2.625 E.15226
G1 X-14.523 Y2.224 E.15226
G1 X-17.722 Y1.724 E.15225
G1 X-20.904 Y1.126 E.15226
G1 X-24.066 Y.429 E.15226
G1 X-27.205 Y-.366 E.15226
G1 X-30.317 Y-1.258 E.15226
G1 X-33.19 Y-2.178 E.14184
G1 X-33.19 Y-3.11 E.0438
G1 X-30.502 Y-2.235 E.13294
G1 X-27.373 Y-1.324 E.15325
G1 X-24.217 Y-.512 E.15325
G1 X-21.036 Y.2 E.15325
G1 X-17.835 Y.812 E.15325
G1 X-14.617 Y1.322 E.15325
G1 X-11.384 Y1.732 E.15325
G1 X-8.139 Y2.039 E.15325
G1 X-4.887 Y2.244 E.15325
G1 X-1.629 Y2.346 E.15325
G1 X1.629 Y2.346 E.15325
G1 X4.887 Y2.244 E.15325
G1 X8.139 Y2.039 E.15325
G1 X11.384 Y1.732 E.15325
G1 X14.617 Y1.322 E.15325
G1 X17.835 Y.812 E.15325
G1 X21.036 Y.2 E.15325
M73 P61 R9
G1 X24.217 Y-.512 E.15325
G1 X27.373 Y-1.324 E.15325
G1 X30.502 Y-2.235 E.15325
G1 X33.156 Y-3.098 E.13125
SET_VELOCITY_LIMIT ACCEL=10000
G1 X32.901 Y-2.55 F30000
;TYPE:Gap infill
;WIDTH:0.345881
G1 F2051
G1 X30.189 Y-1.682 E.07032
G1 X27.49 Y-.903 E.06934
G1 X23.964 Y-.002 E.08985
G1 X20.816 Y.692 E.07959
G1 X17.913 Y1.243 E.07294
G1 X14.681 Y1.756 E.08079
G1 X11.429 Y2.168 E.08091
G1 X8.053 Y2.486 E.08374
G1 X4.835 Y2.686 E.0796
G1 X1.639 Y2.786 E.07894
G1 X-1.612 Y2.786 E.08025
G1 X-4.905 Y2.683 E.08134
G1 X-8.176 Y2.476 E.08091
G1 X-11.434 Y2.167 E.08079
G1 X-14.462 Y1.787 E.07534
G1 X-17.647 Y1.289 E.07959
G1 X-21.123 Y.629 E.08734
G1 X-24.321 Y-.087 E.08091
G1 X-27.49 Y-.903 E.08079
G1 X-30.189 Y-1.682 E.06934
G1 X-32.901 Y-2.55 E.07032
;LAYER_CHANGE
;Z:27.86
;HEIGHT:0.200001
;BEFORE_LAYER_CHANGE
;27.86
G1 E-1.2 F2100
;WIPE_START
G1 F9000
G1 X-30.997 Y-1.941
;WIPE_END
;AFTER_LAYER_CHANGE
;27.86
;_SET_FAN_SPEED_CHANGING_LAYER
G17
G3 Z28.26 I.022 J1.217 P1  F30000
G1 X33.19 Y-3.11 Z28.26
G1 Z27.86
G1 E1.2 F2100
SET_VELOCITY_LIMIT ACCEL=5000
;TYPE:Outer wall
;WIDTH:0.62
G1 F2051
G1 X33.19 Y-2.178 E.0438
G1 X30.317 Y-1.258 E.14184
G1 X27.205 Y-.366 E.15226
G1 X24.066 Y.429 E.15226
G1 X20.904 Y1.126 E.15226
G1 X17.722 Y1.724 E.15226
G1 X14.523 Y2.224 E.15225
G1 X11.31 Y2.625 E.15226
G1 X8.087 Y2.926 E.15226
G1 X4.855 Y3.126 E.15226
G1 X1.619 Y3.227 E.15225
G1 X-1.619 Y3.227 E.15226
G1 X-4.855 Y3.126 E.15225
G1 X-8.087 Y2.926 E.15226
G1 X-11.31 Y2.625 E.15226
G1 X-14.523 Y2.224 E.15226
G1 X-17.722 Y1.724 E.15225
G1 X-20.904 Y1.126 E.15226
G1 X-24.066 Y.429 E.15226
G1 X-27.205 Y-.366 E.15226
G1 X-30.317 Y-1.258 E.15226
G1 X-33.19 Y-2.178 E.14184
G1 X-33.19 Y-3.11 E.0438
G1 X-30.502 Y-2.235 E.13294
G1 X-27.373 Y-1.324 E.15325
G1 X-24.217 Y-.512 E.15325
G1 X-21.036 Y.2 E.15325
G1 X-17.835 Y.812 E.15325
G1 X-14.617 Y1.322 E.15325
G1 X-11.384 Y1.732 E.15325
G1 X-8.139 Y2.039 E.15325
G1 X-6.225 Y2.16 E.09021
G1 X-4.887 Y2.244 E.06304
G1 X-1.629 Y2.346 E.15325
G1 X1.629 Y2.346 E.15325
G1 X4.887 Y2.244 E.15325
G1 X8.139 Y2.039 E.15325
G1 X11.384 Y1.732 E.15325
G1 X14.617 Y1.322 E.15325
G1 X17.835 Y.812 E.15325
G1 X21.036 Y.2 E.15325
G1 X24.217 Y-.512 E.15325
G1 X27.373 Y-1.324 E.15325
G1 X30.502 Y-2.235 E.15325
G1 X33.156 Y-3.098 E.13125
SET_VELOCITY_LIMIT ACCEL=10000
G1 X32.901 Y-2.55 F30000
;TYPE:Gap infill
;WIDTH:0.345881
G1 F2051
G1 X30.189 Y-1.682 E.07032
G1 X27.49 Y-.903 E.06934
G1 X24.321 Y-.087 E.08079
G1 X21.123 Y.629 E.08091
G1 X17.647 Y1.289 E.08734
G1 X14.462 Y1.787 E.07959
G1 X11.434 Y2.167 E.07534
G1 X8.176 Y2.476 E.08079
G1 X4.905 Y2.683 E.08091
G1 X1.612 Y2.786 E.08134
G1 X-1.639 Y2.786 E.08025
G1 X-4.835 Y2.686 E.07894
G1 X-8.053 Y2.486 E.0796
G1 X-11.429 Y2.168 E.08374
G1 X-14.681 Y1.756 E.08091
G1 X-17.913 Y1.243 E.08079
G1 X-20.816 Y.692 E.07294
G1 X-23.964 Y-.002 E.07959
G1 X-27.49 Y-.903 E.08985
G1 X-30.189 Y-1.682 E.06934
G1 X-32.901 Y-2.55 E.07032
;LAYER_CHANGE
;Z:28.06
;HEIGHT:0.199999
;BEFORE_LAYER_CHANGE
;28.06
G1 E-1.2 F2100
;WIPE_START
G1 F9000
G1 X-30.997 Y-1.941
;WIPE_END
;AFTER_LAYER_CHANGE
;28.06
;_SET_FAN_SPEED_CHANGING_LAYER
G17
G3 Z28.46 I.022 J1.217 P1  F30000
G1 X33.19 Y-3.11 Z28.46
G1 Z28.06
G1 E1.2 F2100
SET_VELOCITY_LIMIT ACCEL=5000
;TYPE:Outer wall
;WIDTH:0.62
G1 F2051
G1 X33.19 Y-2.178 E.0438
G1 X30.317 Y-1.258 E.14184
G1 X27.205 Y-.366 E.15226
G1 X24.066 Y.429 E.15226
G1 X20.904 Y1.126 E.15226
G1 X17.722 Y1.724 E.15226
G1 X14.523 Y2.224 E.15225
G1 X11.31 Y2.625 E.15226
G1 X8.087 Y2.926 E.15226
M73 P62 R9
G1 X4.855 Y3.126 E.15226
G1 X1.619 Y3.227 E.15225
G1 X-1.619 Y3.227 E.15226
G1 X-4.855 Y3.126 E.15225
G1 X-8.087 Y2.926 E.15226
G1 X-11.31 Y2.625 E.15226
G1 X-14.523 Y2.224 E.15226
G1 X-17.722 Y1.724 E.15225
G1 X-20.904 Y1.126 E.15226
G1 X-24.066 Y.429 E.15226
G1 X-27.205 Y-.366 E.15226
G1 X-30.317 Y-1.258 E.15226
G1 X-33.19 Y-2.178 E.14184
G1 X-33.19 Y-3.11 E.0438
G1 X-30.502 Y-2.235 E.13294
G1 X-27.373 Y-1.324 E.15325
G1 X-24.217 Y-.512 E.15325
G1 X-21.036 Y.2 E.15325
G1 X-17.835 Y.812 E.15325
G1 X-14.617 Y1.322 E.15325
G1 X-11.384 Y1.732 E.15325
G1 X-8.139 Y2.039 E.15325
G1 X-4.887 Y2.244 E.15325
G1 X-1.629 Y2.346 E.15325
G1 X1.629 Y2.346 E.15325
G1 X4.887 Y2.244 E.15325
G1 X8.139 Y2.039 E.15325
G1 X11.384 Y1.732 E.15325
G1 X14.617 Y1.322 E.15325
G1 X17.835 Y.812 E.15325
G1 X21.036 Y.2 E.15325
G1 X24.217 Y-.512 E.15325
G1 X27.373 Y-1.324 E.15325
G1 X30.502 Y-2.235 E.15325
G1 X33.156 Y-3.098 E.13125
SET_VELOCITY_LIMIT ACCEL=10000
G1 X32.901 Y-2.55 F30000
;TYPE:Gap infill
;WIDTH:0.345881
G1 F2051
G1 X30.189 Y-1.682 E.07032
G1 X27.49 Y-.903 E.06934
G1 X24.321 Y-.087 E.08079
G1 X21.123 Y.629 E.08091
G1 X17.647 Y1.289 E.08734
G1 X14.462 Y1.787 E.07959
G1 X11.434 Y2.167 E.07534
G1 X8.176 Y2.476 E.08079
G1 X4.905 Y2.683 E.08091
G1 X1.612 Y2.786 E.08134
G1 X-1.639 Y2.786 E.08025
G1 X-4.835 Y2.686 E.07894
G1 X-8.053 Y2.486 E.0796
G1 X-11.429 Y2.168 E.08374
G1 X-14.681 Y1.756 E.08091
G1 X-17.913 Y1.243 E.08079
G1 X-20.816 Y.692 E.07294
G1 X-23.964 Y-.002 E.07959
G1 X-27.49 Y-.903 E.08985
G1 X-30.189 Y-1.682 E.06934
G1 X-32.901 Y-2.55 E.07032
;LAYER_CHANGE
;Z:28.26
;HEIGHT:0.200001
;BEFORE_LAYER_CHANGE
;28.26
G1 E-1.2 F2100
;WIPE_START
G1 F9000
G1 X-30.997 Y-1.941
;WIPE_END
;AFTER_LAYER_CHANGE
;28.26
;_SET_FAN_SPEED_CHANGING_LAYER
G17
G3 Z28.66 I.022 J1.217 P1  F30000
G1 X33.19 Y-3.11 Z28.66
G1 Z28.26
G1 E1.2 F2100
SET_VELOCITY_LIMIT ACCEL=5000
;TYPE:Outer wall
;WIDTH:0.62
G1 F2051
G1 X33.19 Y-2.178 E.0438
G1 X30.317 Y-1.258 E.14184
G1 X27.205 Y-.366 E.15226
G1 X24.066 Y.429 E.15226
G1 X20.904 Y1.126 E.15226
G1 X17.722 Y1.724 E.15226
G1 X14.523 Y2.224 E.15225
G1 X11.31 Y2.625 E.15226
G1 X8.087 Y2.926 E.15226
G1 X4.855 Y3.126 E.15226
G1 X1.619 Y3.227 E.15225
G1 X-1.619 Y3.227 E.15226
G1 X-4.855 Y3.126 E.15225
G1 X-8.087 Y2.926 E.15226
G1 X-11.31 Y2.625 E.15226
G1 X-14.523 Y2.224 E.15226
G1 X-17.722 Y1.724 E.15225
G1 X-20.904 Y1.126 E.15226
G1 X-24.066 Y.429 E.15226
G1 X-27.205 Y-.366 E.15226
G1 X-30.317 Y-1.258 E.15226
G1 X-33.19 Y-2.178 E.14184
G1 X-33.19 Y-3.11 E.0438
G1 X-30.502 Y-2.235 E.13294
G1 X-27.373 Y-1.324 E.15325
G1 X-24.217 Y-.512 E.15325
G1 X-21.036 Y.2 E.15325
G1 X-17.835 Y.812 E.15325
G1 X-14.617 Y1.322 E.15325
G1 X-11.384 Y1.732 E.15325
G1 X-8.139 Y2.039 E.15325
G1 X-4.887 Y2.244 E.15325
G1 X-1.629 Y2.346 E.15325
G1 X1.629 Y2.346 E.15325
G1 X4.887 Y2.244 E.15325
G1 X8.139 Y2.039 E.15325
G1 X11.384 Y1.732 E.15325
G1 X14.617 Y1.322 E.15325
G1 X17.835 Y.812 E.15325
G1 X21.036 Y.2 E.15325
G1 X24.217 Y-.512 E.15325
G1 X27.373 Y-1.324 E.15325
G1 X30.502 Y-2.235 E.15325
G1 X33.156 Y-3.098 E.13125
SET_VELOCITY_LIMIT ACCEL=10000
G1 X32.901 Y-2.55 F30000
;TYPE:Gap infill
;WIDTH:0.345881
G1 F2051
G1 X30.189 Y-1.682 E.07032
G1 X27.49 Y-.903 E.06934
G1 X23.964 Y-.002 E.08985
G1 X20.816 Y.692 E.07959
G1 X17.913 Y1.243 E.07294
G1 X14.681 Y1.756 E.08079
G1 X11.429 Y2.168 E.08091
G1 X8.053 Y2.486 E.08374
G1 X4.835 Y2.686 E.0796
G1 X1.639 Y2.786 E.07894
G1 X-1.612 Y2.786 E.08025
G1 X-4.905 Y2.683 E.08134
G1 X-8.176 Y2.476 E.08091
G1 X-11.434 Y2.167 E.08079
G1 X-14.462 Y1.787 E.07534
G1 X-17.647 Y1.289 E.07959
G1 X-21.123 Y.629 E.08734
G1 X-24.321 Y-.087 E.08091
G1 X-27.49 Y-.903 E.08079
G1 X-30.189 Y-1.682 E.06934
G1 X-32.901 Y-2.55 E.07032
;LAYER_CHANGE
;Z:28.46
;HEIGHT:0.199999
;BEFORE_LAYER_CHANGE
;28.46
G1 E-1.2 F2100
;WIPE_START
G1 F9000
G1 X-30.997 Y-1.941
;WIPE_END
;AFTER_LAYER_CHANGE
;28.46
;_SET_FAN_SPEED_CHANGING_LAYER
G17
G3 Z28.86 I.022 J1.217 P1  F30000
G1 X33.19 Y-3.11 Z28.86
G1 Z28.46
G1 E1.2 F2100
SET_VELOCITY_LIMIT ACCEL=5000
;TYPE:Outer wall
;WIDTH:0.62
G1 F2051
G1 X33.19 Y-2.178 E.0438
G1 X30.317 Y-1.258 E.14184
G1 X27.205 Y-.366 E.15226
G1 X24.066 Y.429 E.15226
G1 X20.904 Y1.126 E.15226
G1 X17.722 Y1.724 E.15226
G1 X14.523 Y2.224 E.15225
G1 X11.31 Y2.625 E.15226
G1 X8.087 Y2.926 E.15226
G1 X4.855 Y3.126 E.15226
G1 X1.619 Y3.227 E.15225
G1 X-1.619 Y3.227 E.15226
G1 X-4.855 Y3.126 E.15225
G1 X-8.087 Y2.926 E.15226
G1 X-11.31 Y2.625 E.15226
G1 X-14.523 Y2.224 E.15226
G1 X-17.722 Y1.724 E.15225
G1 X-20.904 Y1.126 E.15226
G1 X-24.066 Y.429 E.15226
G1 X-27.205 Y-.366 E.15226
G1 X-30.317 Y-1.258 E.15226
G1 X-33.19 Y-2.178 E.14184
G1 X-33.19 Y-3.11 E.0438
G1 X-30.502 Y-2.235 E.13294
G1 X-27.373 Y-1.324 E.15325
G1 X-24.217 Y-.512 E.15325
G1 X-21.036 Y.2 E.15325
G1 X-17.835 Y.812 E.15325
G1 X-14.617 Y1.322 E.15325
G1 X-11.384 Y1.732 E.15325
G1 X-8.139 Y2.039 E.15325
G1 X-6.181 Y2.162 E.09224
G1 X-4.887 Y2.244 E.06101
G1 X-1.629 Y2.346 E.15325
G1 X1.629 Y2.346 E.15325
G1 X4.887 Y2.244 E.15325
G1 X8.139 Y2.039 E.15325
G1 X11.384 Y1.732 E.15325
G1 X14.617 Y1.322 E.15325
M73 P63 R9
G1 X17.835 Y.812 E.15325
G1 X21.036 Y.2 E.15325
G1 X24.217 Y-.512 E.15325
G1 X27.373 Y-1.324 E.15325
G1 X30.502 Y-2.235 E.15325
G1 X33.156 Y-3.098 E.13125
SET_VELOCITY_LIMIT ACCEL=10000
G1 X32.901 Y-2.55 F30000
;TYPE:Gap infill
;WIDTH:0.345881
G1 F2051
G1 X30.189 Y-1.682 E.07032
G1 X27.49 Y-.903 E.06934
G1 X23.964 Y-.002 E.08985
G1 X20.816 Y.692 E.07959
G1 X17.913 Y1.243 E.07294
G1 X14.681 Y1.756 E.08079
G1 X11.429 Y2.168 E.08091
G1 X8.053 Y2.486 E.08374
G1 X4.835 Y2.686 E.0796
G1 X1.639 Y2.786 E.07894
G1 X-1.612 Y2.786 E.08025
G1 X-4.905 Y2.683 E.08134
G1 X-8.176 Y2.476 E.08091
G1 X-11.434 Y2.167 E.08079
G1 X-14.462 Y1.787 E.07534
G1 X-17.647 Y1.289 E.07959
G1 X-21.123 Y.629 E.08734
G1 X-24.321 Y-.087 E.08091
G1 X-27.49 Y-.903 E.08079
G1 X-30.189 Y-1.682 E.06934
G1 X-32.901 Y-2.55 E.07032
;LAYER_CHANGE
;Z:28.66
;HEIGHT:0.200001
;BEFORE_LAYER_CHANGE
;28.66
G1 E-1.2 F2100
;WIPE_START
G1 F9000
G1 X-30.997 Y-1.941
;WIPE_END
;AFTER_LAYER_CHANGE
;28.66
;_SET_FAN_SPEED_CHANGING_LAYER
G17
G3 Z29.06 I.022 J1.217 P1  F30000
G1 X33.19 Y-3.11 Z29.06
G1 Z28.66
G1 E1.2 F2100
SET_VELOCITY_LIMIT ACCEL=5000
;TYPE:Outer wall
;WIDTH:0.62
G1 F2051
G1 X33.19 Y-2.178 E.0438
G1 X30.317 Y-1.258 E.14184
G1 X27.205 Y-.366 E.15226
G1 X24.066 Y.429 E.15226
G1 X20.904 Y1.126 E.15226
G1 X17.722 Y1.724 E.15226
G1 X14.523 Y2.224 E.15225
G1 X11.31 Y2.625 E.15226
G1 X8.087 Y2.926 E.15226
G1 X4.855 Y3.126 E.15226
G1 X1.619 Y3.227 E.15225
G1 X-1.619 Y3.227 E.15226
G1 X-4.855 Y3.126 E.15225
G1 X-8.087 Y2.926 E.15226
G1 X-11.31 Y2.625 E.15226
G1 X-14.523 Y2.224 E.15226
G1 X-17.722 Y1.724 E.15225
G1 X-20.904 Y1.126 E.15226
G1 X-24.066 Y.429 E.15226
G1 X-27.205 Y-.366 E.15226
G1 X-30.317 Y-1.258 E.15226
G1 X-33.19 Y-2.178 E.14184
G1 X-33.19 Y-3.11 E.0438
G1 X-30.502 Y-2.235 E.13294
G1 X-27.373 Y-1.324 E.15325
G1 X-24.217 Y-.512 E.15325
G1 X-21.036 Y.2 E.15325
G1 X-17.835 Y.812 E.15325
G1 X-14.617 Y1.322 E.15325
G1 X-11.384 Y1.732 E.15325
G1 X-8.139 Y2.039 E.15325
G1 X-4.887 Y2.244 E.15325
G1 X-1.629 Y2.346 E.15325
G1 X1.629 Y2.346 E.15325
G1 X4.887 Y2.244 E.15325
G1 X8.139 Y2.039 E.15325
G1 X11.384 Y1.732 E.15325
G1 X14.617 Y1.322 E.15325
G1 X17.835 Y.812 E.15325
G1 X21.036 Y.2 E.15325
G1 X24.217 Y-.512 E.15325
G1 X27.373 Y-1.324 E.15325
G1 X30.502 Y-2.235 E.15325
G1 X33.156 Y-3.098 E.13125
SET_VELOCITY_LIMIT ACCEL=10000
G1 X32.901 Y-2.55 F30000
;TYPE:Gap infill
;WIDTH:0.345881
G1 F2051
G1 X30.189 Y-1.682 E.07032
G1 X27.49 Y-.903 E.06934
G1 X24.321 Y-.087 E.08079
G1 X21.123 Y.629 E.08091
G1 X17.647 Y1.289 E.08734
G1 X14.462 Y1.787 E.07959
G1 X11.434 Y2.167 E.07534
G1 X8.176 Y2.476 E.0808
G1 X4.905 Y2.683 E.08091
G1 X1.612 Y2.786 E.08134
G1 X-1.639 Y2.786 E.08025
G1 X-4.835 Y2.686 E.07894
G1 X-8.053 Y2.486 E.0796
G1 X-11.429 Y2.168 E.08374
G1 X-14.681 Y1.756 E.08091
G1 X-17.913 Y1.243 E.08079
G1 X-20.816 Y.692 E.07294
G1 X-23.964 Y-.002 E.07959
G1 X-27.49 Y-.903 E.08985
G1 X-30.189 Y-1.682 E.06934
G1 X-32.901 Y-2.55 E.07032
;LAYER_CHANGE
;Z:28.86
;HEIGHT:0.200001
;BEFORE_LAYER_CHANGE
;28.86
G1 E-1.2 F2100
;WIPE_START
G1 F9000
G1 X-30.997 Y-1.941
;WIPE_END
;AFTER_LAYER_CHANGE
;28.86
;_SET_FAN_SPEED_CHANGING_LAYER
G17
G3 Z29.26 I.022 J1.217 P1  F30000
G1 X33.19 Y-3.11 Z29.26
G1 Z28.86
G1 E1.2 F2100
SET_VELOCITY_LIMIT ACCEL=5000
;TYPE:Outer wall
;WIDTH:0.62
G1 F2051
G1 X33.19 Y-2.178 E.0438
G1 X30.317 Y-1.258 E.14184
G1 X27.205 Y-.366 E.15226
G1 X24.066 Y.429 E.15226
G1 X20.904 Y1.126 E.15226
G1 X17.722 Y1.724 E.15226
G1 X14.523 Y2.224 E.15225
G1 X11.31 Y2.625 E.15226
G1 X8.087 Y2.926 E.15226
G1 X4.855 Y3.126 E.15226
G1 X1.619 Y3.227 E.15225
G1 X-1.619 Y3.227 E.15226
G1 X-4.855 Y3.126 E.15225
G1 X-8.087 Y2.926 E.15226
G1 X-11.31 Y2.625 E.15226
G1 X-14.523 Y2.224 E.15226
G1 X-17.722 Y1.724 E.15225
G1 X-20.904 Y1.126 E.15226
G1 X-24.066 Y.429 E.15226
G1 X-27.205 Y-.366 E.15226
G1 X-30.317 Y-1.258 E.15226
G1 X-33.19 Y-2.178 E.14184
G1 X-33.19 Y-3.11 E.0438
G1 X-30.502 Y-2.235 E.13294
G1 X-27.373 Y-1.324 E.15325
G1 X-24.217 Y-.512 E.15325
G1 X-21.036 Y.2 E.15325
G1 X-17.835 Y.812 E.15325
G1 X-14.617 Y1.322 E.15325
G1 X-11.384 Y1.732 E.15325
G1 X-8.139 Y2.039 E.15325
G1 X-4.887 Y2.244 E.15325
G1 X-1.629 Y2.346 E.15325
G1 X1.629 Y2.346 E.15325
G1 X4.887 Y2.244 E.15325
G1 X8.139 Y2.039 E.15325
G1 X11.384 Y1.732 E.15325
G1 X14.617 Y1.322 E.15325
G1 X17.835 Y.812 E.15325
G1 X21.036 Y.2 E.15325
G1 X24.217 Y-.512 E.15325
G1 X27.373 Y-1.324 E.15325
G1 X30.502 Y-2.235 E.15325
G1 X33.156 Y-3.098 E.13125
SET_VELOCITY_LIMIT ACCEL=10000
G1 X32.901 Y-2.55 F30000
;TYPE:Gap infill
;WIDTH:0.345881
G1 F2051
G1 X30.189 Y-1.682 E.07032
G1 X27.49 Y-.903 E.06934
G1 X24.321 Y-.087 E.08079
G1 X21.123 Y.629 E.08091
G1 X17.647 Y1.289 E.08734
G1 X14.462 Y1.787 E.07959
G1 X11.434 Y2.167 E.07534
G1 X8.176 Y2.476 E.0808
G1 X4.905 Y2.683 E.08091
G1 X1.612 Y2.786 E.08134
G1 X-1.639 Y2.786 E.08025
G1 X-4.835 Y2.686 E.07894
G1 X-8.053 Y2.486 E.0796
G1 X-11.429 Y2.168 E.08374
G1 X-14.681 Y1.756 E.08091
G1 X-17.913 Y1.243 E.08079
G1 X-20.816 Y.692 E.07294
G1 X-23.964 Y-.002 E.07959
G1 X-27.49 Y-.903 E.08985
G1 X-30.189 Y-1.682 E.06934
G1 X-32.901 Y-2.55 E.07032
;LAYER_CHANGE
;Z:29.06
;HEIGHT:0.199999
;BEFORE_LAYER_CHANGE
;29.06
G1 E-1.2 F2100
;WIPE_START
G1 F9000
G1 X-30.997 Y-1.941
;WIPE_END
;AFTER_LAYER_CHANGE
;29.06
;_SET_FAN_SPEED_CHANGING_LAYER
G17
G3 Z29.46 I.022 J1.217 P1  F30000
M73 P64 R9
G1 X33.19 Y-3.11 Z29.46
G1 Z29.06
G1 E1.2 F2100
SET_VELOCITY_LIMIT ACCEL=5000
;TYPE:Outer wall
;WIDTH:0.62
G1 F2051
G1 X33.19 Y-2.178 E.0438
G1 X30.317 Y-1.258 E.14184
G1 X27.205 Y-.366 E.15226
G1 X24.066 Y.429 E.15226
G1 X20.904 Y1.126 E.15226
G1 X17.722 Y1.724 E.15226
G1 X14.523 Y2.224 E.15225
G1 X11.31 Y2.625 E.15226
G1 X8.087 Y2.926 E.15226
G1 X4.855 Y3.126 E.15226
G1 X1.619 Y3.227 E.15225
G1 X-1.619 Y3.227 E.15226
G1 X-4.855 Y3.126 E.15225
G1 X-8.087 Y2.926 E.15226
G1 X-11.31 Y2.625 E.15226
G1 X-14.523 Y2.224 E.15226
G1 X-17.722 Y1.724 E.15225
G1 X-20.904 Y1.126 E.15226
G1 X-24.066 Y.429 E.15226
G1 X-27.205 Y-.366 E.15226
G1 X-30.317 Y-1.258 E.15226
G1 X-33.19 Y-2.178 E.14184
G1 X-33.19 Y-3.11 E.0438
G1 X-30.502 Y-2.235 E.13294
G1 X-27.373 Y-1.324 E.15325
G1 X-24.217 Y-.512 E.15325
G1 X-21.036 Y.2 E.15325
G1 X-17.835 Y.812 E.15325
G1 X-14.617 Y1.322 E.15325
G1 X-11.384 Y1.732 E.15325
G1 X-8.139 Y2.039 E.15325
G1 X-6.138 Y2.165 E.09428
G1 X-4.887 Y2.244 E.05897
G1 X-1.629 Y2.346 E.15325
G1 X1.629 Y2.346 E.15325
G1 X4.887 Y2.244 E.15325
G1 X8.139 Y2.039 E.15325
G1 X11.384 Y1.732 E.15325
G1 X14.617 Y1.322 E.15325
G1 X17.835 Y.812 E.15325
G1 X21.036 Y.2 E.15325
G1 X24.217 Y-.512 E.15325
G1 X27.373 Y-1.324 E.15325
G1 X30.502 Y-2.235 E.15325
G1 X33.156 Y-3.098 E.13125
SET_VELOCITY_LIMIT ACCEL=10000
G1 X32.901 Y-2.55 F30000
;TYPE:Gap infill
;WIDTH:0.345881
G1 F2051
G1 X30.189 Y-1.682 E.07032
G1 X27.49 Y-.903 E.06934
G1 X23.964 Y-.002 E.08985
G1 X20.816 Y.692 E.07959
G1 X17.913 Y1.243 E.07294
G1 X14.681 Y1.756 E.08079
G1 X11.429 Y2.168 E.08091
G1 X8.053 Y2.486 E.08374
G1 X4.835 Y2.686 E.0796
G1 X1.639 Y2.786 E.07894
G1 X-1.612 Y2.786 E.08025
G1 X-4.905 Y2.683 E.08134
G1 X-8.176 Y2.476 E.08091
G1 X-11.434 Y2.167 E.0808
G1 X-14.462 Y1.787 E.07534
G1 X-17.647 Y1.289 E.07959
G1 X-21.123 Y.629 E.08734
G1 X-24.321 Y-.087 E.08091
G1 X-27.49 Y-.903 E.08079
G1 X-30.189 Y-1.682 E.06934
G1 X-32.901 Y-2.55 E.07032
;LAYER_CHANGE
;Z:29.26
;HEIGHT:0.200001
;BEFORE_LAYER_CHANGE
;29.26
G1 E-1.2 F2100
;WIPE_START
G1 F9000
G1 X-30.997 Y-1.941
;WIPE_END
;AFTER_LAYER_CHANGE
;29.26
;_SET_FAN_SPEED_CHANGING_LAYER
G17
G3 Z29.66 I.022 J1.217 P1  F30000
G1 X33.19 Y-3.11 Z29.66
G1 Z29.26
G1 E1.2 F2100
SET_VELOCITY_LIMIT ACCEL=5000
;TYPE:Outer wall
;WIDTH:0.62
G1 F2051
G1 X33.19 Y-2.178 E.0438
G1 X30.317 Y-1.258 E.14184
G1 X27.205 Y-.366 E.15226
G1 X24.066 Y.429 E.15226
G1 X20.904 Y1.126 E.15226
G1 X17.722 Y1.724 E.15226
G1 X14.523 Y2.224 E.15225
G1 X11.31 Y2.625 E.15226
G1 X8.087 Y2.926 E.15226
G1 X4.855 Y3.126 E.15226
G1 X1.619 Y3.227 E.15225
G1 X-1.619 Y3.227 E.15226
G1 X-4.855 Y3.126 E.15225
G1 X-8.087 Y2.926 E.15226
G1 X-11.31 Y2.625 E.15226
G1 X-14.523 Y2.224 E.15226
G1 X-17.722 Y1.724 E.15225
G1 X-20.904 Y1.126 E.15226
G1 X-24.066 Y.429 E.15226
G1 X-27.205 Y-.366 E.15226
G1 X-30.317 Y-1.258 E.15226
G1 X-33.19 Y-2.178 E.14184
G1 X-33.19 Y-3.11 E.0438
G1 X-30.502 Y-2.235 E.13294
G1 X-27.373 Y-1.324 E.15325
G1 X-24.217 Y-.512 E.15325
G1 X-21.036 Y.2 E.15325
G1 X-17.835 Y.812 E.15325
G1 X-14.617 Y1.322 E.15325
G1 X-11.384 Y1.732 E.15325
G1 X-8.139 Y2.039 E.15325
G1 X-4.887 Y2.244 E.15325
G1 X-1.629 Y2.346 E.15325
G1 X1.629 Y2.346 E.15325
G1 X4.887 Y2.244 E.15325
G1 X8.139 Y2.039 E.15325
G1 X11.384 Y1.732 E.15325
G1 X14.617 Y1.322 E.15325
G1 X17.835 Y.812 E.15325
G1 X21.036 Y.2 E.15325
G1 X24.217 Y-.512 E.15325
G1 X27.373 Y-1.324 E.15325
G1 X30.502 Y-2.235 E.15325
G1 X33.156 Y-3.098 E.13125
SET_VELOCITY_LIMIT ACCEL=10000
G1 X32.901 Y-2.55 F30000
;TYPE:Gap infill
;WIDTH:0.345881
G1 F2051
G1 X30.189 Y-1.682 E.07032
G1 X27.49 Y-.903 E.06934
G1 X23.964 Y-.002 E.08985
G1 X20.816 Y.692 E.07959
G1 X17.913 Y1.243 E.07294
G1 X14.681 Y1.756 E.08079
G1 X11.429 Y2.168 E.08091
G1 X8.053 Y2.486 E.08374
G1 X4.835 Y2.686 E.0796
G1 X1.639 Y2.786 E.07894
G1 X-1.612 Y2.786 E.08025
G1 X-4.905 Y2.683 E.08134
G1 X-8.176 Y2.476 E.08091
G1 X-11.434 Y2.167 E.0808
G1 X-14.462 Y1.787 E.07534
G1 X-17.647 Y1.289 E.07959
G1 X-21.123 Y.629 E.08734
G1 X-24.321 Y-.087 E.08091
G1 X-27.49 Y-.903 E.08079
G1 X-30.189 Y-1.682 E.06934
G1 X-32.901 Y-2.55 E.07032
;LAYER_CHANGE
;Z:29.46
;HEIGHT:0.199999
;BEFORE_LAYER_CHANGE
;29.46
G1 E-1.2 F2100
;WIPE_START
G1 F9000
G1 X-30.997 Y-1.941
;WIPE_END
;AFTER_LAYER_CHANGE
;29.46
;_SET_FAN_SPEED_CHANGING_LAYER
G17
G3 Z29.86 I.022 J1.217 P1  F30000
G1 X33.19 Y-3.11 Z29.86
G1 Z29.46
G1 E1.2 F2100
SET_VELOCITY_LIMIT ACCEL=5000
;TYPE:Outer wall
;WIDTH:0.62
G1 F2051
G1 X33.19 Y-2.178 E.0438
G1 X30.317 Y-1.258 E.14184
G1 X27.205 Y-.366 E.15226
G1 X24.066 Y.429 E.15226
G1 X20.904 Y1.126 E.15226
G1 X17.722 Y1.724 E.15226
G1 X14.523 Y2.224 E.15225
G1 X11.31 Y2.625 E.15226
G1 X8.087 Y2.926 E.15226
G1 X4.855 Y3.126 E.15226
G1 X1.619 Y3.227 E.15225
G1 X-1.619 Y3.227 E.15226
G1 X-4.855 Y3.126 E.15225
G1 X-8.087 Y2.926 E.15226
G1 X-11.31 Y2.625 E.15226
G1 X-14.523 Y2.224 E.15226
G1 X-17.722 Y1.724 E.15225
G1 X-20.904 Y1.126 E.15226
G1 X-24.066 Y.429 E.15226
G1 X-27.205 Y-.366 E.15226
G1 X-30.317 Y-1.258 E.15226
G1 X-33.19 Y-2.178 E.14184
G1 X-33.19 Y-3.11 E.0438
G1 X-30.502 Y-2.235 E.13294
G1 X-27.373 Y-1.324 E.15325
G1 X-24.217 Y-.512 E.15325
G1 X-21.036 Y.2 E.15325
M73 P65 R9
G1 X-17.835 Y.812 E.15325
G1 X-14.617 Y1.322 E.15325
G1 X-11.384 Y1.732 E.15325
G1 X-8.139 Y2.039 E.15325
G1 X-4.887 Y2.244 E.15325
G1 X-1.629 Y2.346 E.15325
G1 X1.629 Y2.346 E.15325
G1 X4.887 Y2.244 E.15325
G1 X8.139 Y2.039 E.15325
G1 X11.384 Y1.732 E.15325
G1 X14.617 Y1.322 E.15325
G1 X17.835 Y.812 E.15325
G1 X21.036 Y.2 E.15325
G1 X24.217 Y-.512 E.15325
G1 X27.373 Y-1.324 E.15325
G1 X30.502 Y-2.235 E.15325
G1 X33.156 Y-3.098 E.13125
SET_VELOCITY_LIMIT ACCEL=10000
G1 X32.901 Y-2.55 F30000
;TYPE:Gap infill
;WIDTH:0.345881
G1 F2051
G1 X30.189 Y-1.682 E.07032
G1 X27.49 Y-.903 E.06934
G1 X24.321 Y-.087 E.08079
G1 X21.123 Y.629 E.08091
G1 X17.647 Y1.289 E.08734
G1 X14.462 Y1.787 E.07959
G1 X11.434 Y2.167 E.07534
G1 X8.176 Y2.476 E.0808
G1 X4.905 Y2.683 E.08091
G1 X1.612 Y2.786 E.08134
G1 X-1.639 Y2.786 E.08025
G1 X-4.835 Y2.686 E.07894
G1 X-8.053 Y2.486 E.0796
G1 X-11.429 Y2.168 E.08374
G1 X-14.681 Y1.756 E.08091
G1 X-17.913 Y1.243 E.08079
G1 X-20.816 Y.692 E.07294
G1 X-23.964 Y-.002 E.07959
G1 X-27.49 Y-.903 E.08985
G1 X-30.189 Y-1.682 E.06934
M73 P65 R8
G1 X-32.901 Y-2.55 E.07032
;LAYER_CHANGE
;Z:29.66
;HEIGHT:0.200001
;BEFORE_LAYER_CHANGE
;29.66
G1 E-1.2 F2100
;WIPE_START
G1 F9000
G1 X-30.997 Y-1.941
;WIPE_END
;AFTER_LAYER_CHANGE
;29.66
;_SET_FAN_SPEED_CHANGING_LAYER
G17
G3 Z30.06 I.022 J1.217 P1  F30000
G1 X33.19 Y-3.11 Z30.06
G1 Z29.66
G1 E1.2 F2100
SET_VELOCITY_LIMIT ACCEL=5000
;TYPE:Outer wall
;WIDTH:0.62
G1 F2051
G1 X33.19 Y-2.178 E.0438
G1 X30.317 Y-1.258 E.14184
G1 X27.205 Y-.366 E.15226
G1 X24.066 Y.429 E.15226
G1 X20.904 Y1.126 E.15226
G1 X17.722 Y1.724 E.15226
G1 X14.523 Y2.224 E.15225
G1 X11.31 Y2.625 E.15226
G1 X8.087 Y2.926 E.15226
G1 X4.855 Y3.126 E.15226
G1 X1.619 Y3.227 E.15225
G1 X-1.619 Y3.227 E.15226
G1 X-4.855 Y3.126 E.15225
G1 X-8.087 Y2.926 E.15226
G1 X-11.31 Y2.625 E.15226
G1 X-14.523 Y2.224 E.15226
G1 X-17.722 Y1.724 E.15225
G1 X-20.904 Y1.126 E.15226
G1 X-24.066 Y.429 E.15226
G1 X-27.205 Y-.366 E.15226
G1 X-30.317 Y-1.258 E.15226
G1 X-33.19 Y-2.178 E.14184
G1 X-33.19 Y-3.11 E.0438
G1 X-30.502 Y-2.235 E.13294
G1 X-27.373 Y-1.324 E.15325
G1 X-24.217 Y-.512 E.15325
G1 X-21.036 Y.2 E.15325
G1 X-17.835 Y.812 E.15325
G1 X-14.617 Y1.322 E.15325
G1 X-11.384 Y1.732 E.15325
G1 X-8.139 Y2.039 E.15325
G1 X-6.095 Y2.168 E.09632
G1 X-4.887 Y2.244 E.05693
G1 X-1.629 Y2.346 E.15325
G1 X1.629 Y2.346 E.15325
G1 X4.887 Y2.244 E.15325
G1 X8.139 Y2.039 E.15325
G1 X11.384 Y1.732 E.15325
G1 X14.617 Y1.322 E.15325
G1 X17.835 Y.812 E.15325
G1 X21.036 Y.2 E.15325
G1 X24.217 Y-.512 E.15325
G1 X27.373 Y-1.324 E.15325
G1 X30.502 Y-2.235 E.15325
G1 X33.156 Y-3.098 E.13125
SET_VELOCITY_LIMIT ACCEL=10000
G1 X32.901 Y-2.55 F30000
;TYPE:Gap infill
;WIDTH:0.345881
G1 F2051
G1 X30.189 Y-1.682 E.07032
G1 X27.49 Y-.903 E.06934
G1 X24.321 Y-.087 E.08079
G1 X21.123 Y.629 E.08091
G1 X17.647 Y1.289 E.08734
G1 X14.462 Y1.787 E.07959
G1 X11.434 Y2.167 E.07534
G1 X8.176 Y2.476 E.0808
G1 X4.905 Y2.683 E.08091
G1 X1.612 Y2.786 E.08134
G1 X-1.639 Y2.786 E.08025
G1 X-4.835 Y2.686 E.07894
G1 X-8.053 Y2.486 E.0796
G1 X-11.429 Y2.168 E.08374
G1 X-14.681 Y1.756 E.08091
G1 X-17.913 Y1.243 E.08079
G1 X-20.816 Y.692 E.07294
G1 X-23.964 Y-.002 E.07959
G1 X-27.49 Y-.903 E.08985
G1 X-30.189 Y-1.682 E.06934
G1 X-32.901 Y-2.55 E.07032
;LAYER_CHANGE
;Z:29.86
;HEIGHT:0.200001
;BEFORE_LAYER_CHANGE
;29.86
G1 E-1.2 F2100
;WIPE_START
G1 F9000
G1 X-30.997 Y-1.941
;WIPE_END
;AFTER_LAYER_CHANGE
;29.86
;_SET_FAN_SPEED_CHANGING_LAYER
G17
G3 Z30.26 I.022 J1.217 P1  F30000
G1 X33.19 Y-3.11 Z30.26
G1 Z29.86
G1 E1.2 F2100
SET_VELOCITY_LIMIT ACCEL=5000
;TYPE:Outer wall
;WIDTH:0.62
G1 F2051
G1 X33.19 Y-2.178 E.0438
G1 X30.317 Y-1.258 E.14184
G1 X27.205 Y-.366 E.15226
G1 X24.066 Y.429 E.15226
G1 X20.904 Y1.126 E.15226
G1 X17.722 Y1.724 E.15226
G1 X14.523 Y2.224 E.15225
G1 X11.31 Y2.625 E.15226
G1 X8.087 Y2.926 E.15226
G1 X4.855 Y3.126 E.15226
G1 X1.619 Y3.227 E.15225
G1 X-1.619 Y3.227 E.15226
G1 X-4.855 Y3.126 E.15225
G1 X-8.087 Y2.926 E.15226
G1 X-11.31 Y2.625 E.15226
G1 X-14.523 Y2.224 E.15226
G1 X-17.722 Y1.724 E.15225
G1 X-20.904 Y1.126 E.15226
G1 X-24.066 Y.429 E.15226
G1 X-27.205 Y-.366 E.15226
G1 X-30.317 Y-1.258 E.15226
G1 X-33.19 Y-2.178 E.14184
G1 X-33.19 Y-3.11 E.0438
G1 X-30.502 Y-2.235 E.13294
G1 X-27.373 Y-1.324 E.15325
G1 X-24.217 Y-.512 E.15325
G1 X-21.036 Y.2 E.15325
G1 X-17.835 Y.812 E.15325
G1 X-14.617 Y1.322 E.15325
G1 X-11.384 Y1.732 E.15325
G1 X-8.139 Y2.039 E.15325
G1 X-4.887 Y2.244 E.15325
G1 X-1.629 Y2.346 E.15325
G1 X1.629 Y2.346 E.15325
G1 X4.887 Y2.244 E.15325
G1 X8.139 Y2.039 E.15325
G1 X11.384 Y1.732 E.15325
G1 X14.617 Y1.322 E.15325
G1 X17.835 Y.812 E.15325
G1 X21.036 Y.2 E.15325
G1 X24.217 Y-.512 E.15325
G1 X27.373 Y-1.324 E.15325
G1 X30.502 Y-2.235 E.15325
G1 X33.156 Y-3.098 E.13125
SET_VELOCITY_LIMIT ACCEL=10000
G1 X32.901 Y-2.55 F30000
;TYPE:Gap infill
;WIDTH:0.345882
G1 F2051
G1 X30.189 Y-1.682 E.07032
G1 X27.49 Y-.903 E.06934
G1 X23.964 Y-.002 E.08985
G1 X20.816 Y.692 E.07959
G1 X17.913 Y1.243 E.07294
G1 X14.681 Y1.756 E.08079
G1 X11.429 Y2.168 E.08091
G1 X8.053 Y2.486 E.08374
G1 X4.835 Y2.686 E.0796
G1 X1.639 Y2.786 E.07894
G1 X-1.612 Y2.786 E.08025
G1 X-4.905 Y2.683 E.08134
M73 P66 R8
G1 X-8.176 Y2.476 E.08091
G1 X-11.434 Y2.167 E.0808
G1 X-14.462 Y1.787 E.07534
G1 X-17.647 Y1.289 E.07959
G1 X-21.123 Y.629 E.08734
G1 X-24.321 Y-.087 E.08091
G1 X-27.49 Y-.903 E.08079
G1 X-30.189 Y-1.682 E.06934
G1 X-32.901 Y-2.55 E.07032
;LAYER_CHANGE
;Z:30.06
;HEIGHT:0.199999
;BEFORE_LAYER_CHANGE
;30.06
G1 E-1.2 F2100
;WIPE_START
G1 F9000
G1 X-30.997 Y-1.941
;WIPE_END
;AFTER_LAYER_CHANGE
;30.06
;_SET_FAN_SPEED_CHANGING_LAYER
G17
G3 Z30.46 I.022 J1.217 P1  F30000
G1 X33.19 Y-3.11 Z30.46
G1 Z30.06
G1 E1.2 F2100
SET_VELOCITY_LIMIT ACCEL=5000
;TYPE:Outer wall
;WIDTH:0.62
G1 F2051
G1 X33.19 Y-2.178 E.0438
G1 X30.317 Y-1.258 E.14184
G1 X27.205 Y-.366 E.15226
G1 X24.066 Y.429 E.15226
G1 X20.904 Y1.126 E.15226
G1 X17.722 Y1.724 E.15226
G1 X14.523 Y2.224 E.15225
G1 X11.31 Y2.625 E.15226
G1 X8.087 Y2.926 E.15226
G1 X4.855 Y3.126 E.15226
G1 X1.619 Y3.227 E.15225
G1 X-1.619 Y3.227 E.15226
G1 X-4.855 Y3.126 E.15225
G1 X-8.087 Y2.926 E.15226
G1 X-11.31 Y2.625 E.15226
G1 X-14.523 Y2.224 E.15226
G1 X-17.722 Y1.724 E.15225
G1 X-20.904 Y1.126 E.15226
G1 X-24.066 Y.429 E.15226
G1 X-27.205 Y-.366 E.15226
G1 X-30.317 Y-1.258 E.15226
G1 X-33.19 Y-2.178 E.14184
G1 X-33.19 Y-3.11 E.0438
G1 X-30.502 Y-2.235 E.13294
G1 X-27.373 Y-1.324 E.15325
G1 X-24.217 Y-.512 E.15325
G1 X-21.036 Y.2 E.15325
G1 X-17.835 Y.812 E.15325
G1 X-14.617 Y1.322 E.15325
G1 X-11.384 Y1.732 E.15325
G1 X-8.139 Y2.039 E.15325
G1 X-4.887 Y2.244 E.15325
G1 X-1.629 Y2.346 E.15325
G1 X1.629 Y2.346 E.15325
G1 X4.887 Y2.244 E.15325
G1 X8.139 Y2.039 E.15325
G1 X11.384 Y1.732 E.15325
G1 X14.617 Y1.322 E.15325
G1 X17.835 Y.812 E.15325
G1 X21.036 Y.2 E.15325
G1 X24.217 Y-.512 E.15325
G1 X27.373 Y-1.324 E.15325
G1 X30.502 Y-2.235 E.15325
G1 X33.156 Y-3.098 E.13125
SET_VELOCITY_LIMIT ACCEL=10000
G1 X32.901 Y-2.55 F30000
;TYPE:Gap infill
;WIDTH:0.345882
G1 F2051
G1 X30.189 Y-1.682 E.07032
G1 X27.49 Y-.903 E.06934
G1 X23.964 Y-.002 E.08985
G1 X20.816 Y.692 E.07959
G1 X17.913 Y1.243 E.07294
G1 X14.681 Y1.756 E.08079
G1 X11.429 Y2.168 E.08091
G1 X8.053 Y2.486 E.08374
G1 X4.835 Y2.686 E.0796
G1 X1.639 Y2.786 E.07894
G1 X-1.612 Y2.786 E.08025
G1 X-4.905 Y2.683 E.08134
G1 X-8.176 Y2.476 E.08091
G1 X-11.434 Y2.167 E.0808
G1 X-14.462 Y1.787 E.07534
G1 X-17.647 Y1.289 E.07959
G1 X-21.123 Y.629 E.08734
G1 X-24.321 Y-.087 E.08091
G1 X-27.49 Y-.903 E.08079
G1 X-30.189 Y-1.682 E.06934
G1 X-32.901 Y-2.55 E.07032
;LAYER_CHANGE
;Z:30.26
;HEIGHT:0.200001
;BEFORE_LAYER_CHANGE
;30.26
G1 E-1.2 F2100
;WIPE_START
G1 F9000
G1 X-30.997 Y-1.941
;WIPE_END
;AFTER_LAYER_CHANGE
;30.26
;_SET_FAN_SPEED_CHANGING_LAYER
G17
G3 Z30.66 I.022 J1.217 P1  F30000
G1 X33.19 Y-3.11 Z30.66
G1 Z30.26
G1 E1.2 F2100
SET_VELOCITY_LIMIT ACCEL=5000
;TYPE:Outer wall
;WIDTH:0.62
G1 F2051
G1 X33.19 Y-2.178 E.0438
G1 X30.317 Y-1.258 E.14184
G1 X27.205 Y-.366 E.15226
G1 X24.066 Y.429 E.15226
G1 X20.904 Y1.126 E.15226
G1 X17.722 Y1.724 E.15226
G1 X14.523 Y2.224 E.15225
G1 X11.31 Y2.625 E.15226
G1 X8.087 Y2.926 E.15226
G1 X4.855 Y3.126 E.15226
G1 X1.619 Y3.227 E.15225
G1 X-1.619 Y3.227 E.15226
G1 X-4.855 Y3.126 E.15225
G1 X-8.087 Y2.926 E.15226
G1 X-11.31 Y2.625 E.15226
G1 X-14.523 Y2.224 E.15226
G1 X-17.722 Y1.724 E.15225
G1 X-20.904 Y1.126 E.15226
G1 X-24.066 Y.429 E.15226
G1 X-27.205 Y-.366 E.15226
G1 X-30.317 Y-1.258 E.15226
G1 X-33.19 Y-2.178 E.14184
G1 X-33.19 Y-3.11 E.0438
G1 X-30.502 Y-2.235 E.13294
G1 X-27.373 Y-1.324 E.15325
G1 X-24.217 Y-.512 E.15325
G1 X-21.036 Y.2 E.15325
G1 X-17.835 Y.812 E.15325
G1 X-14.617 Y1.322 E.15325
G1 X-11.384 Y1.732 E.15325
G1 X-8.139 Y2.039 E.15325
G1 X-6.052 Y2.17 E.09835
G1 X-4.887 Y2.244 E.05489
G1 X-1.629 Y2.346 E.15325
G1 X1.629 Y2.346 E.15325
G1 X4.887 Y2.244 E.15325
G1 X8.139 Y2.039 E.15325
G1 X11.384 Y1.732 E.15325
G1 X14.617 Y1.322 E.15325
G1 X17.835 Y.812 E.15325
G1 X21.036 Y.2 E.15325
G1 X24.217 Y-.512 E.15325
G1 X27.373 Y-1.324 E.15325
G1 X30.502 Y-2.235 E.15325
G1 X33.156 Y-3.098 E.13125
SET_VELOCITY_LIMIT ACCEL=10000
G1 X32.901 Y-2.55 F30000
;TYPE:Gap infill
;WIDTH:0.345882
G1 F2051
G1 X30.189 Y-1.682 E.07032
G1 X27.49 Y-.903 E.06934
G1 X24.321 Y-.087 E.08079
G1 X21.123 Y.629 E.08091
G1 X17.647 Y1.289 E.08734
G1 X14.462 Y1.787 E.07959
G1 X11.434 Y2.167 E.07534
G1 X8.176 Y2.476 E.0808
G1 X4.905 Y2.683 E.08091
G1 X1.612 Y2.786 E.08134
G1 X-1.639 Y2.786 E.08025
G1 X-4.835 Y2.686 E.07894
G1 X-8.053 Y2.486 E.0796
G1 X-11.429 Y2.168 E.08374
G1 X-14.681 Y1.756 E.08091
G1 X-17.913 Y1.243 E.08079
G1 X-20.816 Y.692 E.07294
G1 X-23.964 Y-.002 E.07959
G1 X-27.49 Y-.903 E.08985
G1 X-30.189 Y-1.682 E.06934
G1 X-32.901 Y-2.55 E.07032
;LAYER_CHANGE
;Z:30.46
;HEIGHT:0.199999
;BEFORE_LAYER_CHANGE
;30.46
G1 E-1.2 F2100
;WIPE_START
G1 F9000
G1 X-30.997 Y-1.941
;WIPE_END
;AFTER_LAYER_CHANGE
;30.46
;_SET_FAN_SPEED_CHANGING_LAYER
G17
G3 Z30.86 I.022 J1.217 P1  F30000
G1 X33.19 Y-3.11 Z30.86
G1 Z30.46
G1 E1.2 F2100
SET_VELOCITY_LIMIT ACCEL=5000
;TYPE:Outer wall
;WIDTH:0.62
G1 F2051
G1 X33.19 Y-2.178 E.0438
G1 X30.317 Y-1.258 E.14184
G1 X27.205 Y-.366 E.15226
G1 X24.066 Y.429 E.15226
G1 X20.904 Y1.126 E.15226
G1 X17.722 Y1.724 E.15226
G1 X14.523 Y2.224 E.15225
G1 X11.31 Y2.625 E.15226
G1 X8.087 Y2.926 E.15226
G1 X4.855 Y3.126 E.15226
G1 X1.619 Y3.227 E.15225
G1 X-1.619 Y3.227 E.15226
G1 X-4.855 Y3.126 E.15225
G1 X-8.087 Y2.926 E.15226
G1 X-11.31 Y2.625 E.15226
G1 X-14.523 Y2.224 E.15226
M73 P67 R8
G1 X-17.722 Y1.724 E.15225
G1 X-20.904 Y1.126 E.15226
G1 X-24.066 Y.429 E.15226
G1 X-27.205 Y-.366 E.15226
G1 X-30.317 Y-1.258 E.15226
G1 X-33.19 Y-2.178 E.14184
G1 X-33.19 Y-3.11 E.0438
G1 X-30.502 Y-2.235 E.13294
G1 X-27.373 Y-1.324 E.15325
G1 X-24.217 Y-.512 E.15325
G1 X-21.036 Y.2 E.15325
G1 X-17.835 Y.812 E.15325
G1 X-14.617 Y1.322 E.15325
G1 X-11.384 Y1.732 E.15325
G1 X-8.139 Y2.039 E.15325
G1 X-4.887 Y2.244 E.15325
G1 X-1.629 Y2.346 E.15325
G1 X1.629 Y2.346 E.15325
G1 X4.887 Y2.244 E.15325
G1 X8.139 Y2.039 E.15325
G1 X11.384 Y1.732 E.15325
G1 X14.617 Y1.322 E.15325
G1 X17.835 Y.812 E.15325
G1 X21.036 Y.2 E.15325
G1 X24.217 Y-.512 E.15325
G1 X27.373 Y-1.324 E.15325
G1 X30.502 Y-2.235 E.15325
G1 X33.156 Y-3.098 E.13125
SET_VELOCITY_LIMIT ACCEL=10000
G1 X32.901 Y-2.55 F30000
;TYPE:Gap infill
;WIDTH:0.345882
G1 F2051
G1 X30.189 Y-1.682 E.07032
G1 X27.49 Y-.903 E.06934
G1 X24.321 Y-.087 E.08079
G1 X21.123 Y.629 E.08091
G1 X17.647 Y1.289 E.08734
G1 X14.462 Y1.787 E.07959
G1 X11.434 Y2.167 E.07534
G1 X8.176 Y2.476 E.0808
G1 X4.905 Y2.683 E.08091
G1 X1.612 Y2.786 E.08134
G1 X-1.639 Y2.786 E.08025
G1 X-4.835 Y2.686 E.07894
G1 X-8.053 Y2.486 E.0796
G1 X-11.429 Y2.168 E.08374
G1 X-14.681 Y1.756 E.08091
G1 X-17.913 Y1.243 E.08079
G1 X-20.816 Y.692 E.07294
G1 X-23.964 Y-.002 E.07959
G1 X-27.49 Y-.903 E.08985
G1 X-30.189 Y-1.682 E.06934
G1 X-32.901 Y-2.55 E.07032
;LAYER_CHANGE
;Z:30.66
;HEIGHT:0.200001
;BEFORE_LAYER_CHANGE
;30.66
G1 E-1.2 F2100
;WIPE_START
G1 F9000
G1 X-30.997 Y-1.941
;WIPE_END
;AFTER_LAYER_CHANGE
;30.66
;_SET_FAN_SPEED_CHANGING_LAYER
G17
G3 Z31.06 I.022 J1.217 P1  F30000
G1 X33.19 Y-3.11 Z31.06
G1 Z30.66
G1 E1.2 F2100
SET_VELOCITY_LIMIT ACCEL=5000
;TYPE:Outer wall
;WIDTH:0.62
G1 F2051
G1 X33.19 Y-2.178 E.0438
G1 X30.317 Y-1.258 E.14184
G1 X27.205 Y-.366 E.15226
G1 X24.066 Y.429 E.15226
G1 X20.904 Y1.126 E.15226
G1 X17.722 Y1.724 E.15226
G1 X14.523 Y2.224 E.15225
G1 X11.31 Y2.625 E.15226
G1 X8.087 Y2.926 E.15226
G1 X4.855 Y3.126 E.15226
G1 X1.619 Y3.227 E.15225
G1 X-1.619 Y3.227 E.15226
G1 X-4.855 Y3.126 E.15225
G1 X-8.087 Y2.926 E.15226
G1 X-11.31 Y2.625 E.15226
G1 X-14.523 Y2.224 E.15226
G1 X-17.722 Y1.724 E.15225
G1 X-20.904 Y1.126 E.15226
G1 X-24.066 Y.429 E.15226
G1 X-27.205 Y-.366 E.15226
G1 X-30.317 Y-1.258 E.15226
G1 X-33.19 Y-2.178 E.14184
G1 X-33.19 Y-3.11 E.0438
G1 X-30.502 Y-2.235 E.13294
G1 X-27.373 Y-1.324 E.15325
G1 X-24.217 Y-.512 E.15325
G1 X-21.036 Y.2 E.15325
G1 X-17.835 Y.812 E.15325
G1 X-14.617 Y1.322 E.15325
G1 X-11.384 Y1.732 E.15325
G1 X-8.139 Y2.039 E.15325
G1 X-4.887 Y2.244 E.15325
G1 X-1.629 Y2.346 E.15325
G1 X1.629 Y2.346 E.15325
G1 X4.887 Y2.244 E.15325
G1 X8.139 Y2.039 E.15325
G1 X11.384 Y1.732 E.15325
G1 X14.617 Y1.322 E.15325
G1 X17.835 Y.812 E.15325
G1 X21.036 Y.2 E.15325
G1 X24.217 Y-.512 E.15325
G1 X27.373 Y-1.324 E.15325
G1 X30.502 Y-2.235 E.15325
G1 X33.156 Y-3.098 E.13125
SET_VELOCITY_LIMIT ACCEL=10000
G1 X32.901 Y-2.55 F30000
;TYPE:Gap infill
;WIDTH:0.345882
G1 F2051
G1 X30.189 Y-1.682 E.07032
G1 X27.49 Y-.903 E.06934
G1 X23.964 Y-.002 E.08985
G1 X20.816 Y.692 E.07959
G1 X17.913 Y1.243 E.07294
G1 X14.681 Y1.756 E.08079
G1 X11.429 Y2.168 E.08091
G1 X8.053 Y2.486 E.08374
G1 X4.835 Y2.686 E.0796
G1 X1.639 Y2.786 E.07894
G1 X-1.612 Y2.786 E.08025
G1 X-4.905 Y2.683 E.08134
G1 X-8.176 Y2.476 E.08091
G1 X-11.434 Y2.167 E.0808
G1 X-14.462 Y1.787 E.07534
G1 X-17.647 Y1.289 E.07959
G1 X-21.123 Y.629 E.08734
G1 X-24.321 Y-.087 E.08091
G1 X-27.49 Y-.903 E.08079
G1 X-30.189 Y-1.682 E.06934
G1 X-32.901 Y-2.55 E.07032
;LAYER_CHANGE
;Z:30.86
;HEIGHT:0.200001
;BEFORE_LAYER_CHANGE
;30.86
G1 E-1.2 F2100
;WIPE_START
G1 F9000
G1 X-30.997 Y-1.941
;WIPE_END
;AFTER_LAYER_CHANGE
;30.86
;_SET_FAN_SPEED_CHANGING_LAYER
G17
G3 Z31.26 I.022 J1.217 P1  F30000
G1 X33.19 Y-3.11 Z31.26
G1 Z30.86
G1 E1.2 F2100
SET_VELOCITY_LIMIT ACCEL=5000
;TYPE:Outer wall
;WIDTH:0.62
G1 F2051
G1 X33.19 Y-2.178 E.0438
G1 X30.317 Y-1.258 E.14184
G1 X27.205 Y-.366 E.15226
G1 X24.066 Y.429 E.15226
G1 X20.904 Y1.126 E.15226
G1 X17.722 Y1.724 E.15226
G1 X14.523 Y2.224 E.15225
G1 X11.31 Y2.625 E.15226
G1 X8.087 Y2.926 E.15226
G1 X4.855 Y3.126 E.15226
G1 X1.619 Y3.227 E.15225
G1 X-1.619 Y3.227 E.15226
G1 X-4.855 Y3.126 E.15225
G1 X-8.087 Y2.926 E.15226
G1 X-11.31 Y2.625 E.15226
G1 X-14.523 Y2.224 E.15226
G1 X-17.722 Y1.724 E.15225
G1 X-20.904 Y1.126 E.15226
G1 X-24.066 Y.429 E.15226
G1 X-27.205 Y-.366 E.15226
G1 X-30.317 Y-1.258 E.15226
G1 X-33.19 Y-2.178 E.14184
G1 X-33.19 Y-3.11 E.0438
G1 X-30.502 Y-2.235 E.13294
G1 X-27.373 Y-1.324 E.15325
G1 X-24.217 Y-.512 E.15325
G1 X-21.036 Y.2 E.15325
G1 X-17.835 Y.812 E.15325
G1 X-14.617 Y1.322 E.15325
G1 X-11.384 Y1.732 E.15325
G1 X-8.139 Y2.039 E.15325
G1 X-6.009 Y2.173 E.10039
G1 X-4.887 Y2.244 E.05286
G1 X-1.629 Y2.346 E.15325
G1 X1.629 Y2.346 E.15325
G1 X4.887 Y2.244 E.15325
G1 X8.139 Y2.039 E.15325
G1 X11.384 Y1.732 E.15325
G1 X14.617 Y1.322 E.15325
G1 X17.835 Y.812 E.15325
G1 X21.036 Y.2 E.15325
G1 X24.217 Y-.512 E.15325
G1 X27.373 Y-1.324 E.15325
G1 X30.502 Y-2.235 E.15325
G1 X33.156 Y-3.098 E.13125
SET_VELOCITY_LIMIT ACCEL=10000
G1 X32.901 Y-2.55 F30000
M73 P68 R8
;TYPE:Gap infill
;WIDTH:0.345882
G1 F2051
G1 X30.189 Y-1.682 E.07032
G1 X27.49 Y-.903 E.06934
G1 X23.964 Y-.002 E.08985
G1 X20.816 Y.692 E.07959
G1 X17.913 Y1.243 E.07294
G1 X14.681 Y1.756 E.08079
G1 X11.429 Y2.168 E.08091
G1 X8.053 Y2.486 E.08374
G1 X4.835 Y2.686 E.0796
G1 X1.639 Y2.786 E.07894
G1 X-1.612 Y2.786 E.08025
G1 X-4.905 Y2.683 E.08134
G1 X-8.176 Y2.476 E.08091
G1 X-11.434 Y2.167 E.0808
G1 X-14.462 Y1.787 E.07534
G1 X-17.647 Y1.289 E.07959
G1 X-21.123 Y.629 E.08734
G1 X-24.321 Y-.087 E.08091
G1 X-27.49 Y-.903 E.08079
G1 X-30.189 Y-1.682 E.06934
G1 X-32.901 Y-2.55 E.07032
;LAYER_CHANGE
;Z:31.06
;HEIGHT:0.199999
;BEFORE_LAYER_CHANGE
;31.06
G1 E-1.2 F2100
;WIPE_START
G1 F9000
G1 X-30.997 Y-1.941
;WIPE_END
;AFTER_LAYER_CHANGE
;31.06
;_SET_FAN_SPEED_CHANGING_LAYER
G17
G3 Z31.46 I.022 J1.217 P1  F30000
G1 X33.19 Y-3.11 Z31.46
G1 Z31.06
G1 E1.2 F2100
SET_VELOCITY_LIMIT ACCEL=5000
;TYPE:Outer wall
;WIDTH:0.62
G1 F2051
G1 X33.19 Y-2.178 E.0438
G1 X30.317 Y-1.258 E.14184
G1 X27.205 Y-.366 E.15226
G1 X24.066 Y.429 E.15226
G1 X20.904 Y1.126 E.15226
G1 X17.722 Y1.724 E.15226
G1 X14.523 Y2.224 E.15225
G1 X11.31 Y2.625 E.15226
G1 X8.087 Y2.926 E.15226
G1 X4.855 Y3.126 E.15226
G1 X1.619 Y3.227 E.15225
G1 X-1.619 Y3.227 E.15226
G1 X-4.855 Y3.126 E.15225
G1 X-8.087 Y2.926 E.15226
G1 X-11.31 Y2.625 E.15226
G1 X-14.523 Y2.224 E.15226
G1 X-17.722 Y1.724 E.15225
G1 X-20.904 Y1.126 E.15226
G1 X-24.066 Y.429 E.15226
G1 X-27.205 Y-.366 E.15226
G1 X-30.317 Y-1.258 E.15226
G1 X-33.19 Y-2.178 E.14184
G1 X-33.19 Y-3.11 E.0438
G1 X-30.502 Y-2.235 E.13294
G1 X-27.373 Y-1.324 E.15325
G1 X-24.217 Y-.512 E.15325
G1 X-21.036 Y.2 E.15325
G1 X-17.835 Y.812 E.15325
G1 X-14.617 Y1.322 E.15325
G1 X-11.384 Y1.732 E.15325
G1 X-8.139 Y2.039 E.15325
G1 X-4.887 Y2.244 E.15325
G1 X-1.629 Y2.346 E.15325
G1 X1.629 Y2.346 E.15325
G1 X4.887 Y2.244 E.15325
G1 X8.139 Y2.039 E.15325
G1 X11.384 Y1.732 E.15325
G1 X14.617 Y1.322 E.15325
G1 X17.835 Y.812 E.15325
G1 X21.036 Y.2 E.15325
G1 X24.217 Y-.512 E.15325
G1 X27.373 Y-1.324 E.15325
G1 X30.502 Y-2.235 E.15325
G1 X33.156 Y-3.098 E.13125
SET_VELOCITY_LIMIT ACCEL=10000
G1 X32.901 Y-2.55 F30000
;TYPE:Gap infill
;WIDTH:0.345882
G1 F2051
G1 X30.189 Y-1.682 E.07032
G1 X27.49 Y-.903 E.06934
G1 X24.321 Y-.087 E.08079
G1 X21.123 Y.629 E.08091
G1 X17.647 Y1.289 E.08734
G1 X14.462 Y1.787 E.07959
G1 X11.434 Y2.167 E.07534
G1 X8.176 Y2.476 E.0808
G1 X4.905 Y2.683 E.08091
G1 X1.612 Y2.786 E.08134
G1 X-1.639 Y2.786 E.08025
G1 X-4.835 Y2.686 E.07894
G1 X-8.053 Y2.486 E.0796
G1 X-11.429 Y2.168 E.08374
G1 X-14.681 Y1.756 E.08091
G1 X-17.913 Y1.243 E.08079
G1 X-20.816 Y.692 E.07294
G1 X-23.964 Y-.002 E.07959
G1 X-27.49 Y-.903 E.08985
G1 X-30.189 Y-1.682 E.06934
G1 X-32.901 Y-2.55 E.07032
;LAYER_CHANGE
;Z:31.26
;HEIGHT:0.200001
;BEFORE_LAYER_CHANGE
;31.26
G1 E-1.2 F2100
;WIPE_START
G1 F9000
G1 X-30.997 Y-1.941
;WIPE_END
;AFTER_LAYER_CHANGE
;31.26
;_SET_FAN_SPEED_CHANGING_LAYER
G17
G3 Z31.66 I.022 J1.217 P1  F30000
G1 X33.19 Y-3.11 Z31.66
G1 Z31.26
G1 E1.2 F2100
SET_VELOCITY_LIMIT ACCEL=5000
;TYPE:Outer wall
;WIDTH:0.62
G1 F2051
G1 X33.19 Y-2.178 E.0438
G1 X30.317 Y-1.258 E.14184
G1 X27.205 Y-.366 E.15226
G1 X24.066 Y.429 E.15226
G1 X20.904 Y1.126 E.15226
G1 X17.722 Y1.724 E.15226
G1 X14.523 Y2.224 E.15225
G1 X11.31 Y2.625 E.15226
G1 X8.087 Y2.926 E.15226
G1 X4.855 Y3.126 E.15226
G1 X1.619 Y3.227 E.15225
G1 X-1.619 Y3.227 E.15226
G1 X-4.855 Y3.126 E.15225
G1 X-8.087 Y2.926 E.15226
G1 X-11.31 Y2.625 E.15226
G1 X-14.523 Y2.224 E.15226
G1 X-17.722 Y1.724 E.15225
G1 X-20.904 Y1.126 E.15226
G1 X-24.066 Y.429 E.15226
G1 X-27.205 Y-.366 E.15226
G1 X-30.317 Y-1.258 E.15226
G1 X-33.19 Y-2.178 E.14184
G1 X-33.19 Y-3.11 E.0438
G1 X-30.502 Y-2.235 E.13294
G1 X-27.373 Y-1.324 E.15325
G1 X-24.217 Y-.512 E.15325
G1 X-21.036 Y.2 E.15325
G1 X-17.835 Y.812 E.15325
G1 X-14.617 Y1.322 E.15325
G1 X-11.384 Y1.732 E.15325
G1 X-8.139 Y2.039 E.15325
G1 X-4.887 Y2.244 E.15325
G1 X-1.629 Y2.346 E.15325
G1 X1.629 Y2.346 E.15325
G1 X4.887 Y2.244 E.15325
G1 X8.139 Y2.039 E.15325
G1 X11.384 Y1.732 E.15325
G1 X14.617 Y1.322 E.15325
G1 X17.835 Y.812 E.15325
G1 X21.036 Y.2 E.15325
G1 X24.217 Y-.512 E.15325
G1 X27.373 Y-1.324 E.15325
G1 X30.502 Y-2.235 E.15325
G1 X33.156 Y-3.098 E.13125
SET_VELOCITY_LIMIT ACCEL=10000
G1 X32.901 Y-2.55 F30000
;TYPE:Gap infill
;WIDTH:0.345882
G1 F2051
G1 X30.189 Y-1.682 E.07032
G1 X27.49 Y-.903 E.06934
G1 X24.321 Y-.087 E.08079
G1 X21.123 Y.629 E.08091
G1 X17.647 Y1.289 E.08734
G1 X14.462 Y1.787 E.07959
G1 X11.434 Y2.167 E.07534
G1 X8.176 Y2.476 E.0808
G1 X4.905 Y2.683 E.08091
G1 X1.612 Y2.786 E.08134
G1 X-1.639 Y2.786 E.08025
G1 X-4.835 Y2.686 E.07894
G1 X-8.053 Y2.486 E.0796
G1 X-11.429 Y2.168 E.08374
G1 X-14.681 Y1.756 E.08091
G1 X-17.913 Y1.243 E.08079
G1 X-20.816 Y.692 E.07294
G1 X-23.964 Y-.002 E.07959
G1 X-27.49 Y-.903 E.08985
G1 X-30.189 Y-1.682 E.06934
G1 X-32.901 Y-2.55 E.07032
;LAYER_CHANGE
;Z:31.46
;HEIGHT:0.199999
;BEFORE_LAYER_CHANGE
;31.46
G1 E-1.2 F2100
;WIPE_START
G1 F9000
G1 X-30.997 Y-1.941
;WIPE_END
;AFTER_LAYER_CHANGE
;31.46
;_SET_FAN_SPEED_CHANGING_LAYER
G17
G3 Z31.86 I.022 J1.217 P1  F30000
G1 X33.19 Y-3.11 Z31.86
G1 Z31.46
G1 E1.2 F2100
SET_VELOCITY_LIMIT ACCEL=5000
;TYPE:Outer wall
;WIDTH:0.62
G1 F2051
G1 X33.19 Y-2.178 E.0438
G1 X30.317 Y-1.258 E.14184
G1 X27.205 Y-.366 E.15226
G1 X24.066 Y.429 E.15226
G1 X20.904 Y1.126 E.15226
M73 P69 R8
G1 X17.722 Y1.724 E.15226
G1 X14.523 Y2.224 E.15225
G1 X11.31 Y2.625 E.15226
G1 X8.087 Y2.926 E.15226
G1 X4.855 Y3.126 E.15226
G1 X1.619 Y3.227 E.15225
G1 X-1.619 Y3.227 E.15226
G1 X-4.855 Y3.126 E.15225
G1 X-8.087 Y2.926 E.15226
G1 X-11.31 Y2.625 E.15226
G1 X-14.523 Y2.224 E.15226
G1 X-17.722 Y1.724 E.15225
G1 X-20.904 Y1.126 E.15226
G1 X-24.066 Y.429 E.15226
G1 X-27.205 Y-.366 E.15226
M73 P69 R7
G1 X-30.317 Y-1.258 E.15226
G1 X-33.19 Y-2.178 E.14184
G1 X-33.19 Y-3.11 E.0438
G1 X-30.502 Y-2.235 E.13294
G1 X-27.373 Y-1.324 E.15325
G1 X-24.217 Y-.512 E.15325
G1 X-21.036 Y.2 E.15325
G1 X-17.835 Y.812 E.15325
G1 X-14.617 Y1.322 E.15325
G1 X-11.384 Y1.732 E.15325
G1 X-8.139 Y2.039 E.15325
G1 X-5.965 Y2.176 E.10243
G1 X-4.887 Y2.244 E.05082
G1 X-1.629 Y2.346 E.15325
G1 X1.629 Y2.346 E.15325
G1 X4.887 Y2.244 E.15325
G1 X8.139 Y2.039 E.15325
G1 X11.384 Y1.732 E.15325
G1 X14.617 Y1.322 E.15325
G1 X17.835 Y.812 E.15325
G1 X21.036 Y.2 E.15325
G1 X24.217 Y-.512 E.15325
G1 X27.373 Y-1.324 E.15325
G1 X30.502 Y-2.235 E.15325
G1 X33.156 Y-3.098 E.13125
SET_VELOCITY_LIMIT ACCEL=10000
G1 X32.901 Y-2.55 F30000
;TYPE:Gap infill
;WIDTH:0.345882
G1 F2051
G1 X30.189 Y-1.682 E.07032
G1 X27.49 Y-.903 E.06934
G1 X23.964 Y-.002 E.08985
G1 X20.816 Y.692 E.07959
G1 X17.913 Y1.243 E.07294
G1 X14.681 Y1.756 E.08079
G1 X11.429 Y2.168 E.08091
G1 X8.053 Y2.486 E.08374
G1 X4.835 Y2.686 E.0796
G1 X1.639 Y2.786 E.07894
G1 X-1.612 Y2.786 E.08025
G1 X-4.905 Y2.683 E.08134
G1 X-8.176 Y2.476 E.08091
G1 X-11.434 Y2.167 E.0808
G1 X-14.462 Y1.787 E.07534
G1 X-17.647 Y1.289 E.07959
G1 X-21.123 Y.629 E.08734
G1 X-24.321 Y-.087 E.08091
G1 X-27.49 Y-.903 E.08079
G1 X-30.189 Y-1.682 E.06934
G1 X-32.901 Y-2.55 E.07032
;LAYER_CHANGE
;Z:31.66
;HEIGHT:0.200001
;BEFORE_LAYER_CHANGE
;31.66
G1 E-1.2 F2100
;WIPE_START
G1 F9000
G1 X-30.997 Y-1.941
;WIPE_END
;AFTER_LAYER_CHANGE
;31.66
;_SET_FAN_SPEED_CHANGING_LAYER
G17
G3 Z32.06 I.022 J1.217 P1  F30000
G1 X33.19 Y-3.11 Z32.06
G1 Z31.66
G1 E1.2 F2100
SET_VELOCITY_LIMIT ACCEL=5000
;TYPE:Outer wall
;WIDTH:0.62
G1 F2051
G1 X33.19 Y-2.178 E.0438
G1 X30.317 Y-1.258 E.14184
G1 X27.205 Y-.366 E.15226
G1 X24.066 Y.429 E.15226
G1 X20.904 Y1.126 E.15226
G1 X17.722 Y1.724 E.15226
G1 X14.523 Y2.224 E.15225
G1 X11.31 Y2.625 E.15226
G1 X8.087 Y2.926 E.15226
G1 X4.855 Y3.126 E.15226
G1 X1.619 Y3.227 E.15225
G1 X-1.619 Y3.227 E.15226
G1 X-4.855 Y3.126 E.15225
G1 X-8.087 Y2.926 E.15226
G1 X-11.31 Y2.625 E.15226
G1 X-14.523 Y2.224 E.15226
G1 X-17.722 Y1.724 E.15225
G1 X-20.904 Y1.126 E.15226
G1 X-24.066 Y.429 E.15226
G1 X-27.205 Y-.366 E.15226
G1 X-30.317 Y-1.258 E.15226
G1 X-33.19 Y-2.178 E.14184
G1 X-33.19 Y-3.11 E.0438
G1 X-30.502 Y-2.235 E.13294
G1 X-27.373 Y-1.324 E.15325
G1 X-24.217 Y-.512 E.15325
G1 X-21.036 Y.2 E.15325
G1 X-17.835 Y.812 E.15325
G1 X-14.617 Y1.322 E.15325
G1 X-11.384 Y1.732 E.15325
G1 X-8.139 Y2.039 E.15325
G1 X-4.887 Y2.244 E.15325
G1 X-1.629 Y2.346 E.15325
G1 X1.629 Y2.346 E.15325
G1 X4.887 Y2.244 E.15325
G1 X8.139 Y2.039 E.15325
G1 X11.384 Y1.732 E.15325
G1 X14.617 Y1.322 E.15325
G1 X17.835 Y.812 E.15325
G1 X21.036 Y.2 E.15325
G1 X24.217 Y-.512 E.15325
G1 X27.373 Y-1.324 E.15325
G1 X30.502 Y-2.235 E.15325
G1 X33.156 Y-3.098 E.13125
SET_VELOCITY_LIMIT ACCEL=10000
G1 X32.901 Y-2.55 F30000
;TYPE:Gap infill
;WIDTH:0.345883
G1 F2051
G1 X30.189 Y-1.682 E.07032
G1 X27.49 Y-.903 E.06934
G1 X23.964 Y-.002 E.08985
G1 X20.816 Y.692 E.07959
G1 X17.913 Y1.243 E.07294
G1 X14.681 Y1.756 E.08079
G1 X11.429 Y2.168 E.08091
G1 X8.053 Y2.486 E.08374
G1 X4.835 Y2.686 E.0796
G1 X1.639 Y2.786 E.07894
G1 X-1.612 Y2.786 E.08025
G1 X-4.905 Y2.683 E.08134
G1 X-8.176 Y2.476 E.08091
G1 X-11.434 Y2.167 E.0808
G1 X-14.462 Y1.787 E.07534
G1 X-17.647 Y1.289 E.07959
G1 X-21.123 Y.629 E.08734
G1 X-24.321 Y-.087 E.08091
G1 X-27.49 Y-.903 E.08079
G1 X-30.189 Y-1.682 E.06934
G1 X-32.901 Y-2.55 E.07032
;LAYER_CHANGE
;Z:31.86
;HEIGHT:0.200001
;BEFORE_LAYER_CHANGE
;31.86
G1 E-1.2 F2100
;WIPE_START
G1 F9000
G1 X-30.997 Y-1.941
;WIPE_END
;AFTER_LAYER_CHANGE
;31.86
;_SET_FAN_SPEED_CHANGING_LAYER
G17
G3 Z32.26 I.022 J1.217 P1  F30000
G1 X33.19 Y-3.11 Z32.26
G1 Z31.86
G1 E1.2 F2100
SET_VELOCITY_LIMIT ACCEL=5000
;TYPE:Outer wall
;WIDTH:0.62
G1 F2051
G1 X33.19 Y-2.178 E.0438
G1 X30.317 Y-1.258 E.14184
G1 X27.205 Y-.366 E.15226
G1 X24.066 Y.429 E.15226
G1 X20.904 Y1.126 E.15226
G1 X17.722 Y1.724 E.15226
G1 X14.523 Y2.224 E.15225
G1 X11.31 Y2.625 E.15226
G1 X8.087 Y2.926 E.15226
G1 X4.855 Y3.126 E.15226
G1 X1.619 Y3.227 E.15225
G1 X-1.619 Y3.227 E.15226
G1 X-4.855 Y3.126 E.15225
G1 X-8.087 Y2.926 E.15226
G1 X-11.31 Y2.625 E.15226
G1 X-14.523 Y2.224 E.15226
G1 X-17.722 Y1.724 E.15225
G1 X-20.904 Y1.126 E.15226
G1 X-24.066 Y.429 E.15226
G1 X-27.205 Y-.366 E.15226
G1 X-30.317 Y-1.258 E.15226
G1 X-33.19 Y-2.178 E.14184
G1 X-33.19 Y-3.11 E.0438
G1 X-30.502 Y-2.235 E.13294
G1 X-27.373 Y-1.324 E.15325
G1 X-24.217 Y-.512 E.15325
G1 X-21.036 Y.2 E.15325
G1 X-17.835 Y.812 E.15325
G1 X-14.617 Y1.322 E.15325
G1 X-11.384 Y1.732 E.15325
G1 X-8.139 Y2.039 E.15325
G1 X-4.887 Y2.244 E.15325
G1 X-1.629 Y2.346 E.15325
G1 X1.629 Y2.346 E.15325
M73 P70 R7
G1 X4.887 Y2.244 E.15325
G1 X8.139 Y2.039 E.15325
G1 X11.384 Y1.732 E.15325
G1 X14.617 Y1.322 E.15325
G1 X17.835 Y.812 E.15325
G1 X21.036 Y.2 E.15325
G1 X24.217 Y-.512 E.15325
G1 X27.373 Y-1.324 E.15325
G1 X30.502 Y-2.235 E.15325
G1 X33.156 Y-3.098 E.13125
SET_VELOCITY_LIMIT ACCEL=10000
G1 X32.901 Y-2.55 F30000
;TYPE:Gap infill
;WIDTH:0.345883
G1 F2051
G1 X30.189 Y-1.682 E.07032
G1 X27.49 Y-.903 E.06934
G1 X24.321 Y-.087 E.08079
G1 X21.123 Y.629 E.08091
G1 X17.647 Y1.289 E.08734
G1 X14.462 Y1.787 E.07959
G1 X11.434 Y2.167 E.07534
G1 X8.176 Y2.476 E.0808
G1 X4.905 Y2.683 E.08091
G1 X1.612 Y2.786 E.08134
G1 X-1.639 Y2.786 E.08025
G1 X-4.835 Y2.686 E.07894
G1 X-8.053 Y2.486 E.0796
G1 X-11.429 Y2.168 E.08374
G1 X-14.681 Y1.756 E.08091
G1 X-17.913 Y1.243 E.08079
G1 X-20.816 Y.692 E.07294
G1 X-23.964 Y-.002 E.07959
G1 X-27.49 Y-.903 E.08985
G1 X-30.189 Y-1.682 E.06934
G1 X-32.901 Y-2.55 E.07032
;LAYER_CHANGE
;Z:32.06
;HEIGHT:0.200001
;BEFORE_LAYER_CHANGE
;32.06
G1 E-1.2 F2100
;WIPE_START
G1 F9000
G1 X-30.997 Y-1.941
;WIPE_END
;AFTER_LAYER_CHANGE
;32.06
;_SET_FAN_SPEED_CHANGING_LAYER
G17
G3 Z32.46 I.022 J1.217 P1  F30000
G1 X33.19 Y-3.11 Z32.46
G1 Z32.06
G1 E1.2 F2100
SET_VELOCITY_LIMIT ACCEL=5000
;TYPE:Outer wall
;WIDTH:0.62
G1 F2051
G1 X33.19 Y-2.178 E.0438
G1 X30.317 Y-1.258 E.14184
G1 X27.205 Y-.366 E.15226
G1 X24.066 Y.429 E.15226
G1 X20.904 Y1.126 E.15226
G1 X17.722 Y1.724 E.15226
G1 X14.523 Y2.224 E.15225
G1 X11.31 Y2.625 E.15226
G1 X8.087 Y2.926 E.15226
G1 X4.855 Y3.126 E.15226
G1 X1.619 Y3.227 E.15225
G1 X-1.619 Y3.227 E.15226
G1 X-4.855 Y3.126 E.15225
G1 X-8.087 Y2.926 E.15226
G1 X-11.31 Y2.625 E.15226
G1 X-14.523 Y2.224 E.15226
G1 X-17.722 Y1.724 E.15225
G1 X-20.904 Y1.126 E.15226
G1 X-24.066 Y.429 E.15226
G1 X-27.205 Y-.366 E.15226
G1 X-30.317 Y-1.258 E.15226
G1 X-33.19 Y-2.178 E.14184
G1 X-33.19 Y-3.11 E.0438
G1 X-30.502 Y-2.235 E.13294
G1 X-27.373 Y-1.324 E.15325
G1 X-24.217 Y-.512 E.15325
G1 X-21.036 Y.2 E.15325
G1 X-17.835 Y.812 E.15325
G1 X-14.617 Y1.322 E.15325
G1 X-11.384 Y1.732 E.15325
G1 X-8.139 Y2.039 E.15325
G1 X-4.887 Y2.244 E.15325
G1 X-1.629 Y2.346 E.15325
G1 X1.629 Y2.346 E.15325
G1 X4.887 Y2.244 E.15325
G1 X8.139 Y2.039 E.15325
G1 X11.384 Y1.732 E.15325
G1 X14.617 Y1.322 E.15325
G1 X17.835 Y.812 E.15325
G1 X21.036 Y.2 E.15325
G1 X24.217 Y-.512 E.15325
G1 X27.373 Y-1.324 E.15325
G1 X30.502 Y-2.235 E.15325
G1 X33.156 Y-3.098 E.13125
SET_VELOCITY_LIMIT ACCEL=10000
G1 X32.901 Y-2.55 F30000
;TYPE:Gap infill
;WIDTH:0.345883
G1 F2051
G1 X30.189 Y-1.682 E.07032
G1 X27.49 Y-.903 E.06934
G1 X24.321 Y-.087 E.08079
G1 X21.123 Y.629 E.08091
G1 X17.647 Y1.289 E.08734
G1 X14.462 Y1.787 E.07959
G1 X11.434 Y2.167 E.07534
G1 X8.176 Y2.476 E.0808
G1 X4.905 Y2.683 E.08091
G1 X1.612 Y2.786 E.08134
G1 X-1.639 Y2.786 E.08025
G1 X-4.835 Y2.686 E.07894
G1 X-8.053 Y2.486 E.0796
G1 X-11.429 Y2.168 E.08374
G1 X-14.681 Y1.756 E.08091
G1 X-17.913 Y1.243 E.08079
G1 X-20.816 Y.692 E.07294
G1 X-23.964 Y-.002 E.07959
G1 X-27.49 Y-.903 E.08985
G1 X-30.189 Y-1.682 E.06934
G1 X-32.901 Y-2.55 E.07032
;LAYER_CHANGE
;Z:32.26
;HEIGHT:0.199997
;BEFORE_LAYER_CHANGE
;32.26
G1 E-1.2 F2100
;WIPE_START
G1 F9000
G1 X-30.997 Y-1.941
;WIPE_END
;AFTER_LAYER_CHANGE
;32.26
;_SET_FAN_SPEED_CHANGING_LAYER
G17
G3 Z32.66 I.022 J1.217 P1  F30000
G1 X33.19 Y-3.11 Z32.66
G1 Z32.26
G1 E1.2 F2100
SET_VELOCITY_LIMIT ACCEL=5000
;TYPE:Outer wall
;WIDTH:0.62
G1 F2051
G1 X33.19 Y-2.178 E.0438
G1 X30.317 Y-1.258 E.14184
G1 X27.205 Y-.366 E.15226
G1 X24.066 Y.429 E.15226
G1 X20.904 Y1.126 E.15226
G1 X17.722 Y1.724 E.15226
G1 X14.523 Y2.224 E.15225
G1 X11.31 Y2.625 E.15226
G1 X8.087 Y2.926 E.15226
G1 X4.855 Y3.126 E.15226
G1 X1.619 Y3.227 E.15225
G1 X-1.619 Y3.227 E.15226
G1 X-4.855 Y3.126 E.15225
G1 X-8.087 Y2.926 E.15226
G1 X-11.31 Y2.625 E.15226
G1 X-14.523 Y2.224 E.15226
G1 X-17.722 Y1.724 E.15225
G1 X-20.904 Y1.126 E.15226
G1 X-24.066 Y.429 E.15226
G1 X-27.205 Y-.366 E.15226
G1 X-30.317 Y-1.258 E.15226
G1 X-33.19 Y-2.178 E.14184
G1 X-33.19 Y-3.11 E.0438
G1 X-30.502 Y-2.235 E.13294
G1 X-27.373 Y-1.324 E.15325
G1 X-24.217 Y-.512 E.15325
G1 X-21.036 Y.2 E.15325
G1 X-17.835 Y.812 E.15325
G1 X-14.617 Y1.322 E.15325
G1 X-11.384 Y1.732 E.15325
G1 X-8.139 Y2.039 E.15325
G1 X-4.887 Y2.244 E.15325
G1 X-1.629 Y2.346 E.15325
G1 X1.629 Y2.346 E.15325
G1 X4.887 Y2.244 E.15325
G1 X8.139 Y2.039 E.15325
G1 X11.384 Y1.732 E.15325
G1 X14.617 Y1.322 E.15325
G1 X17.835 Y.812 E.15325
G1 X21.036 Y.2 E.15325
G1 X24.217 Y-.512 E.15325
G1 X27.373 Y-1.324 E.15325
G1 X30.502 Y-2.235 E.15325
G1 X33.156 Y-3.098 E.13125
SET_VELOCITY_LIMIT ACCEL=10000
G1 X32.901 Y-2.55 F30000
;TYPE:Gap infill
;WIDTH:0.345883
G1 F2051
G1 X30.189 Y-1.682 E.07032
G1 X27.49 Y-.903 E.06934
G1 X23.964 Y-.002 E.08985
G1 X20.816 Y.692 E.07959
G1 X17.913 Y1.243 E.07294
G1 X14.681 Y1.756 E.08079
G1 X11.429 Y2.168 E.08091
G1 X8.053 Y2.486 E.08374
G1 X4.835 Y2.686 E.0796
G1 X1.639 Y2.786 E.07894
G1 X-1.612 Y2.786 E.08025
G1 X-4.905 Y2.683 E.08134
G1 X-8.176 Y2.476 E.08091
G1 X-11.434 Y2.167 E.0808
G1 X-14.462 Y1.787 E.07534
G1 X-17.647 Y1.289 E.07959
G1 X-21.123 Y.629 E.08734
G1 X-24.321 Y-.087 E.08091
M73 P71 R7
G1 X-27.49 Y-.903 E.08079
G1 X-30.189 Y-1.682 E.06934
G1 X-32.901 Y-2.55 E.07032
;LAYER_CHANGE
;Z:32.46
;HEIGHT:0.200001
;BEFORE_LAYER_CHANGE
;32.46
G1 E-1.2 F2100
;WIPE_START
G1 F9000
G1 X-30.997 Y-1.941
;WIPE_END
;AFTER_LAYER_CHANGE
;32.46
;_SET_FAN_SPEED_CHANGING_LAYER
G17
G3 Z32.86 I.022 J1.217 P1  F30000
G1 X33.19 Y-3.11 Z32.86
G1 Z32.46
G1 E1.2 F2100
SET_VELOCITY_LIMIT ACCEL=5000
;TYPE:Outer wall
;WIDTH:0.62
G1 F2051
G1 X33.19 Y-2.178 E.0438
G1 X30.317 Y-1.258 E.14184
G1 X27.205 Y-.366 E.15226
G1 X24.066 Y.429 E.15226
G1 X20.904 Y1.126 E.15226
G1 X17.722 Y1.724 E.15226
G1 X14.523 Y2.224 E.15225
G1 X11.31 Y2.625 E.15226
G1 X8.087 Y2.926 E.15226
G1 X4.855 Y3.126 E.15226
G1 X1.619 Y3.227 E.15225
G1 X-1.619 Y3.227 E.15226
G1 X-4.855 Y3.126 E.15225
G1 X-8.087 Y2.926 E.15226
G1 X-11.31 Y2.625 E.15226
G1 X-14.523 Y2.224 E.15226
G1 X-17.722 Y1.724 E.15225
G1 X-20.904 Y1.126 E.15226
G1 X-24.066 Y.429 E.15226
G1 X-27.205 Y-.366 E.15226
G1 X-30.317 Y-1.258 E.15226
G1 X-33.19 Y-2.178 E.14184
G1 X-33.19 Y-3.11 E.0438
G1 X-30.502 Y-2.235 E.13294
G1 X-27.373 Y-1.324 E.15325
G1 X-24.217 Y-.512 E.15325
G1 X-21.036 Y.2 E.15325
G1 X-17.835 Y.812 E.15325
G1 X-14.617 Y1.322 E.15325
G1 X-11.384 Y1.732 E.15325
G1 X-8.139 Y2.039 E.15325
G1 X-4.887 Y2.244 E.15325
G1 X-1.629 Y2.346 E.15325
G1 X1.629 Y2.346 E.15325
G1 X4.887 Y2.244 E.15325
G1 X8.139 Y2.039 E.15325
G1 X11.384 Y1.732 E.15325
G1 X14.617 Y1.322 E.15325
G1 X17.835 Y.812 E.15325
G1 X21.036 Y.2 E.15325
G1 X24.217 Y-.512 E.15325
G1 X27.373 Y-1.324 E.15325
G1 X30.502 Y-2.235 E.15325
G1 X33.156 Y-3.098 E.13125
SET_VELOCITY_LIMIT ACCEL=10000
G1 X32.901 Y-2.55 F30000
;TYPE:Gap infill
;WIDTH:0.345883
G1 F2051
G1 X30.189 Y-1.682 E.07032
G1 X27.49 Y-.903 E.06934
G1 X23.964 Y-.002 E.08985
G1 X20.816 Y.692 E.07959
G1 X17.913 Y1.243 E.07294
G1 X14.681 Y1.756 E.08079
G1 X11.429 Y2.168 E.08091
G1 X8.053 Y2.486 E.08374
G1 X4.835 Y2.686 E.0796
G1 X1.639 Y2.786 E.07894
G1 X-1.612 Y2.786 E.08025
G1 X-4.905 Y2.683 E.08134
G1 X-8.176 Y2.476 E.08091
G1 X-11.434 Y2.167 E.0808
G1 X-14.462 Y1.787 E.07534
G1 X-17.647 Y1.289 E.07959
G1 X-21.123 Y.629 E.08734
G1 X-24.321 Y-.087 E.08091
G1 X-27.49 Y-.903 E.08079
G1 X-30.189 Y-1.682 E.06934
G1 X-32.901 Y-2.55 E.07032
;LAYER_CHANGE
;Z:32.66
;HEIGHT:0.200001
;BEFORE_LAYER_CHANGE
;32.66
G1 E-1.2 F2100
;WIPE_START
G1 F9000
G1 X-30.997 Y-1.941
;WIPE_END
;AFTER_LAYER_CHANGE
;32.66
;_SET_FAN_SPEED_CHANGING_LAYER
G17
G3 Z33.06 I.022 J1.217 P1  F30000
G1 X33.19 Y-3.11 Z33.06
G1 Z32.66
G1 E1.2 F2100
SET_VELOCITY_LIMIT ACCEL=5000
;TYPE:Outer wall
;WIDTH:0.62
G1 F2051
G1 X33.19 Y-2.178 E.0438
G1 X30.317 Y-1.258 E.14184
G1 X27.205 Y-.366 E.15226
G1 X24.066 Y.429 E.15226
G1 X20.904 Y1.126 E.15226
G1 X17.722 Y1.724 E.15226
G1 X14.523 Y2.224 E.15225
G1 X11.31 Y2.625 E.15226
G1 X8.087 Y2.926 E.15226
G1 X4.855 Y3.126 E.15226
G1 X1.619 Y3.227 E.15225
G1 X-1.619 Y3.227 E.15226
G1 X-4.855 Y3.126 E.15225
G1 X-8.087 Y2.926 E.15226
G1 X-11.31 Y2.625 E.15226
G1 X-14.523 Y2.224 E.15226
G1 X-17.722 Y1.724 E.15225
G1 X-20.904 Y1.126 E.15226
G1 X-24.066 Y.429 E.15226
G1 X-27.205 Y-.366 E.15226
G1 X-30.317 Y-1.258 E.15226
G1 X-33.19 Y-2.178 E.14184
G1 X-33.19 Y-3.11 E.0438
G1 X-30.502 Y-2.235 E.13294
G1 X-27.373 Y-1.324 E.15325
G1 X-24.217 Y-.512 E.15325
G1 X-21.036 Y.2 E.15325
G1 X-17.835 Y.812 E.15325
G1 X-14.617 Y1.322 E.15325
G1 X-11.384 Y1.732 E.15325
G1 X-8.139 Y2.039 E.15325
G1 X-4.887 Y2.244 E.15325
G1 X-1.629 Y2.346 E.15325
G1 X1.629 Y2.346 E.15325
G1 X4.887 Y2.244 E.15325
G1 X8.139 Y2.039 E.15325
G1 X11.384 Y1.732 E.15325
G1 X14.617 Y1.322 E.15325
G1 X17.835 Y.812 E.15325
G1 X21.036 Y.2 E.15325
G1 X24.217 Y-.512 E.15325
G1 X27.373 Y-1.324 E.15325
G1 X30.502 Y-2.235 E.15325
G1 X33.156 Y-3.098 E.13125
SET_VELOCITY_LIMIT ACCEL=10000
G1 X32.901 Y-2.55 F30000
;TYPE:Gap infill
;WIDTH:0.345883
G1 F2051
G1 X30.189 Y-1.682 E.07032
G1 X27.49 Y-.903 E.06934
G1 X23.964 Y-.002 E.08985
G1 X20.816 Y.692 E.07959
G1 X17.913 Y1.243 E.07294
G1 X14.681 Y1.756 E.08079
G1 X11.429 Y2.168 E.08091
G1 X8.053 Y2.486 E.08374
G1 X4.835 Y2.686 E.0796
G1 X1.639 Y2.786 E.07894
G1 X-1.612 Y2.786 E.08025
G1 X-4.905 Y2.683 E.08134
G1 X-8.176 Y2.476 E.08091
G1 X-11.434 Y2.167 E.0808
G1 X-14.462 Y1.787 E.07534
G1 X-17.647 Y1.289 E.07959
G1 X-21.123 Y.629 E.08734
G1 X-24.321 Y-.087 E.08091
G1 X-27.49 Y-.903 E.08079
G1 X-30.189 Y-1.682 E.06934
G1 X-32.901 Y-2.55 E.07032
;LAYER_CHANGE
;Z:32.86
;HEIGHT:0.200001
;BEFORE_LAYER_CHANGE
;32.86
G1 E-1.2 F2100
;WIPE_START
G1 F9000
G1 X-30.997 Y-1.941
;WIPE_END
;AFTER_LAYER_CHANGE
;32.86
;_SET_FAN_SPEED_CHANGING_LAYER
G17
G3 Z33.26 I.022 J1.217 P1  F30000
G1 X33.19 Y-3.11 Z33.26
G1 Z32.86
G1 E1.2 F2100
SET_VELOCITY_LIMIT ACCEL=5000
;TYPE:Outer wall
;WIDTH:0.62
G1 F2051
G1 X33.19 Y-2.178 E.0438
G1 X30.317 Y-1.258 E.14184
G1 X27.205 Y-.366 E.15226
G1 X24.066 Y.429 E.15226
G1 X20.904 Y1.126 E.15226
G1 X17.722 Y1.724 E.15226
G1 X14.523 Y2.224 E.15225
G1 X11.31 Y2.625 E.15226
G1 X8.087 Y2.926 E.15226
G1 X4.855 Y3.126 E.15226
G1 X1.619 Y3.227 E.15225
G1 X-1.619 Y3.227 E.15226
G1 X-4.855 Y3.126 E.15225
G1 X-8.087 Y2.926 E.15226
G1 X-11.31 Y2.625 E.15226
G1 X-14.523 Y2.224 E.15226
G1 X-17.722 Y1.724 E.15225
G1 X-20.904 Y1.126 E.15226
G1 X-24.066 Y.429 E.15226
G1 X-27.205 Y-.366 E.15226
G1 X-30.317 Y-1.258 E.15226
G1 X-33.19 Y-2.178 E.14184
M73 P72 R7
G1 X-33.19 Y-3.11 E.0438
G1 X-30.502 Y-2.235 E.13294
G1 X-27.373 Y-1.324 E.15325
G1 X-24.217 Y-.512 E.15325
G1 X-21.036 Y.2 E.15325
G1 X-17.835 Y.812 E.15325
G1 X-14.617 Y1.322 E.15325
G1 X-11.384 Y1.732 E.15325
G1 X-8.139 Y2.039 E.15325
G1 X-4.887 Y2.244 E.15325
G1 X-1.629 Y2.346 E.15325
G1 X1.629 Y2.346 E.15325
G1 X4.887 Y2.244 E.15325
G1 X8.139 Y2.039 E.15325
G1 X11.384 Y1.732 E.15325
G1 X14.617 Y1.322 E.15325
G1 X17.835 Y.812 E.15325
G1 X21.036 Y.2 E.15325
G1 X24.217 Y-.512 E.15325
G1 X27.373 Y-1.324 E.15325
G1 X30.502 Y-2.235 E.15325
G1 X33.156 Y-3.098 E.13125
SET_VELOCITY_LIMIT ACCEL=10000
G1 X32.901 Y-2.55 F30000
;TYPE:Gap infill
;WIDTH:0.345883
G1 F2051
G1 X30.189 Y-1.682 E.07032
G1 X27.49 Y-.903 E.06934
G1 X24.321 Y-.087 E.08079
G1 X21.123 Y.629 E.08091
G1 X17.647 Y1.289 E.08734
G1 X14.462 Y1.787 E.07959
G1 X11.434 Y2.167 E.07534
G1 X8.176 Y2.476 E.0808
G1 X4.905 Y2.683 E.08091
G1 X1.612 Y2.786 E.08134
G1 X-1.639 Y2.786 E.08025
G1 X-4.835 Y2.686 E.07894
G1 X-8.053 Y2.486 E.0796
G1 X-11.429 Y2.168 E.08374
G1 X-14.681 Y1.756 E.08091
G1 X-17.913 Y1.243 E.08079
G1 X-20.816 Y.692 E.07294
G1 X-23.964 Y-.002 E.07959
G1 X-27.49 Y-.903 E.08985
G1 X-30.189 Y-1.682 E.06934
G1 X-32.901 Y-2.55 E.07032
;LAYER_CHANGE
;Z:33.06
;HEIGHT:0.200001
;BEFORE_LAYER_CHANGE
;33.06
G1 E-1.2 F2100
;WIPE_START
G1 F9000
G1 X-30.997 Y-1.941
;WIPE_END
;AFTER_LAYER_CHANGE
;33.06
;_SET_FAN_SPEED_CHANGING_LAYER
G17
G3 Z33.46 I.022 J1.217 P1  F30000
G1 X33.19 Y-3.11 Z33.46
G1 Z33.06
G1 E1.2 F2100
SET_VELOCITY_LIMIT ACCEL=5000
;TYPE:Outer wall
;WIDTH:0.62
G1 F2051
G1 X33.19 Y-2.178 E.0438
G1 X30.317 Y-1.258 E.14184
G1 X27.205 Y-.366 E.15226
G1 X24.066 Y.429 E.15226
G1 X20.904 Y1.126 E.15226
G1 X17.722 Y1.724 E.15226
G1 X14.523 Y2.224 E.15225
G1 X11.31 Y2.625 E.15226
G1 X8.087 Y2.926 E.15226
G1 X4.855 Y3.126 E.15226
G1 X1.619 Y3.227 E.15225
G1 X-1.619 Y3.227 E.15226
G1 X-4.855 Y3.126 E.15225
G1 X-8.087 Y2.926 E.15226
G1 X-11.31 Y2.625 E.15226
G1 X-14.523 Y2.224 E.15226
G1 X-17.722 Y1.724 E.15225
G1 X-20.904 Y1.126 E.15226
G1 X-24.066 Y.429 E.15226
G1 X-27.205 Y-.366 E.15226
G1 X-30.317 Y-1.258 E.15226
G1 X-33.19 Y-2.178 E.14184
G1 X-33.19 Y-3.11 E.0438
G1 X-30.502 Y-2.235 E.13294
G1 X-27.373 Y-1.324 E.15325
G1 X-24.217 Y-.512 E.15325
G1 X-21.036 Y.2 E.15325
G1 X-17.835 Y.812 E.15325
G1 X-14.617 Y1.322 E.15325
G1 X-11.384 Y1.732 E.15325
G1 X-8.139 Y2.039 E.15325
G1 X-4.887 Y2.244 E.15325
G1 X-1.629 Y2.346 E.15325
G1 X1.629 Y2.346 E.15325
G1 X4.887 Y2.244 E.15325
G1 X8.139 Y2.039 E.15325
G1 X11.384 Y1.732 E.15325
G1 X14.617 Y1.322 E.15325
G1 X17.835 Y.812 E.15325
G1 X21.036 Y.2 E.15325
G1 X24.217 Y-.512 E.15325
G1 X27.373 Y-1.324 E.15325
G1 X30.502 Y-2.235 E.15325
G1 X33.156 Y-3.098 E.13125
SET_VELOCITY_LIMIT ACCEL=10000
G1 X32.901 Y-2.55 F30000
;TYPE:Gap infill
;WIDTH:0.345883
G1 F2051
G1 X30.189 Y-1.682 E.07032
G1 X27.49 Y-.903 E.06934
G1 X23.964 Y-.002 E.08985
G1 X20.816 Y.692 E.07959
G1 X17.913 Y1.243 E.07294
G1 X14.681 Y1.756 E.08079
G1 X11.429 Y2.168 E.08091
G1 X8.053 Y2.486 E.08374
G1 X4.835 Y2.686 E.0796
G1 X1.639 Y2.786 E.07894
G1 X-1.612 Y2.786 E.08025
G1 X-4.905 Y2.683 E.08134
G1 X-8.176 Y2.476 E.08091
G1 X-11.434 Y2.167 E.0808
G1 X-14.462 Y1.787 E.07534
G1 X-17.647 Y1.289 E.07959
G1 X-21.123 Y.629 E.08734
G1 X-24.321 Y-.087 E.08091
G1 X-27.49 Y-.903 E.08079
G1 X-30.189 Y-1.682 E.06934
G1 X-32.901 Y-2.55 E.07032
;LAYER_CHANGE
;Z:33.26
;HEIGHT:0.199997
;BEFORE_LAYER_CHANGE
;33.26
G1 E-1.2 F2100
;WIPE_START
G1 F9000
G1 X-30.997 Y-1.941
;WIPE_END
;AFTER_LAYER_CHANGE
;33.26
;_SET_FAN_SPEED_CHANGING_LAYER
G17
G3 Z33.66 I.022 J1.217 P1  F30000
G1 X33.19 Y-3.11 Z33.66
G1 Z33.26
G1 E1.2 F2100
SET_VELOCITY_LIMIT ACCEL=5000
;TYPE:Outer wall
;WIDTH:0.62
G1 F2051
G1 X33.19 Y-2.178 E.0438
G1 X30.317 Y-1.258 E.14184
G1 X27.205 Y-.366 E.15226
G1 X24.066 Y.429 E.15226
G1 X20.904 Y1.126 E.15226
G1 X17.722 Y1.724 E.15226
G1 X14.523 Y2.224 E.15225
G1 X11.31 Y2.625 E.15226
G1 X8.087 Y2.926 E.15226
G1 X4.855 Y3.126 E.15226
G1 X1.619 Y3.227 E.15225
G1 X-1.619 Y3.227 E.15226
G1 X-4.855 Y3.126 E.15225
G1 X-8.087 Y2.926 E.15226
G1 X-11.31 Y2.625 E.15226
G1 X-14.523 Y2.224 E.15226
G1 X-17.722 Y1.724 E.15225
G1 X-20.904 Y1.126 E.15226
G1 X-24.066 Y.429 E.15226
G1 X-27.205 Y-.366 E.15226
G1 X-30.317 Y-1.258 E.15226
G1 X-33.19 Y-2.178 E.14184
G1 X-33.19 Y-3.11 E.0438
G1 X-30.502 Y-2.235 E.13294
G1 X-27.373 Y-1.324 E.15325
G1 X-24.217 Y-.512 E.15325
G1 X-21.036 Y.2 E.15325
G1 X-17.835 Y.812 E.15325
G1 X-14.617 Y1.322 E.15325
G1 X-11.384 Y1.732 E.15325
G1 X-8.139 Y2.039 E.15325
G1 X-4.887 Y2.244 E.15325
G1 X-1.629 Y2.346 E.15325
G1 X1.629 Y2.346 E.15325
G1 X4.887 Y2.244 E.15325
G1 X8.139 Y2.039 E.15325
G1 X11.384 Y1.732 E.15325
G1 X14.617 Y1.322 E.15325
G1 X17.835 Y.812 E.15325
G1 X21.036 Y.2 E.15325
G1 X24.217 Y-.512 E.15325
G1 X27.373 Y-1.324 E.15325
G1 X30.502 Y-2.235 E.15325
G1 X33.156 Y-3.098 E.13125
M73 P72 R6
SET_VELOCITY_LIMIT ACCEL=10000
G1 X32.901 Y-2.55 F30000
;TYPE:Gap infill
;WIDTH:0.345884
G1 F2051
G1 X30.189 Y-1.682 E.07032
G1 X27.49 Y-.903 E.06934
G1 X23.964 Y-.002 E.08985
G1 X20.816 Y.692 E.07959
G1 X17.913 Y1.243 E.07294
G1 X14.681 Y1.756 E.08079
G1 X11.429 Y2.168 E.08091
M73 P73 R6
G1 X8.053 Y2.486 E.08374
G1 X4.835 Y2.686 E.0796
G1 X1.639 Y2.786 E.07894
G1 X-1.612 Y2.786 E.08025
G1 X-4.905 Y2.683 E.08134
G1 X-8.176 Y2.476 E.08091
G1 X-11.434 Y2.167 E.0808
G1 X-14.462 Y1.787 E.07534
G1 X-17.647 Y1.289 E.07959
G1 X-21.123 Y.629 E.08734
G1 X-24.321 Y-.087 E.08091
G1 X-27.49 Y-.903 E.08079
G1 X-30.189 Y-1.682 E.06934
G1 X-32.901 Y-2.55 E.07032
;LAYER_CHANGE
;Z:33.46
;HEIGHT:0.200001
;BEFORE_LAYER_CHANGE
;33.46
G1 E-1.2 F2100
;WIPE_START
G1 F9000
G1 X-30.997 Y-1.941
;WIPE_END
;AFTER_LAYER_CHANGE
;33.46
;_SET_FAN_SPEED_CHANGING_LAYER
G17
G3 Z33.86 I.022 J1.217 P1  F30000
G1 X33.19 Y-3.11 Z33.86
G1 Z33.46
G1 E1.2 F2100
SET_VELOCITY_LIMIT ACCEL=5000
;TYPE:Outer wall
;WIDTH:0.62
G1 F2051
G1 X33.19 Y-2.178 E.0438
G1 X30.317 Y-1.258 E.14184
G1 X27.205 Y-.366 E.15226
G1 X24.066 Y.429 E.15226
G1 X20.904 Y1.126 E.15226
G1 X17.722 Y1.724 E.15226
G1 X14.523 Y2.224 E.15225
G1 X11.31 Y2.625 E.15226
G1 X8.087 Y2.926 E.15226
G1 X4.855 Y3.126 E.15226
G1 X1.619 Y3.227 E.15225
G1 X-1.619 Y3.227 E.15226
G1 X-4.855 Y3.126 E.15225
G1 X-8.087 Y2.926 E.15226
G1 X-11.31 Y2.625 E.15226
G1 X-14.523 Y2.224 E.15226
G1 X-17.722 Y1.724 E.15225
G1 X-20.904 Y1.126 E.15226
G1 X-24.066 Y.429 E.15226
G1 X-27.205 Y-.366 E.15226
G1 X-30.317 Y-1.258 E.15226
G1 X-33.19 Y-2.178 E.14184
G1 X-33.19 Y-3.11 E.0438
G1 X-30.502 Y-2.235 E.13294
G1 X-27.373 Y-1.324 E.15325
G1 X-24.217 Y-.512 E.15325
G1 X-21.036 Y.2 E.15325
G1 X-17.835 Y.812 E.15325
G1 X-14.617 Y1.322 E.15325
G1 X-11.384 Y1.732 E.15325
G1 X-8.139 Y2.039 E.15325
G1 X-5.821 Y2.185 E.10922
G1 X-4.887 Y2.244 E.04403
G1 X-1.629 Y2.346 E.15325
G1 X1.629 Y2.346 E.15325
G1 X4.887 Y2.244 E.15325
G1 X8.139 Y2.039 E.15325
G1 X11.384 Y1.732 E.15325
G1 X14.617 Y1.322 E.15325
G1 X17.835 Y.812 E.15325
G1 X21.036 Y.2 E.15325
G1 X24.217 Y-.512 E.15325
G1 X27.373 Y-1.324 E.15325
G1 X30.502 Y-2.235 E.15325
G1 X33.156 Y-3.098 E.13125
SET_VELOCITY_LIMIT ACCEL=10000
G1 X32.901 Y-2.55 F30000
;TYPE:Gap infill
;WIDTH:0.345884
G1 F2051
G1 X30.189 Y-1.682 E.07032
G1 X27.49 Y-.903 E.06934
G1 X23.964 Y-.002 E.08985
G1 X20.816 Y.692 E.07959
G1 X17.913 Y1.243 E.07294
G1 X14.681 Y1.756 E.08079
G1 X11.429 Y2.168 E.08091
G1 X8.053 Y2.486 E.08374
G1 X4.835 Y2.686 E.0796
G1 X1.639 Y2.786 E.07894
G1 X-1.612 Y2.786 E.08025
G1 X-4.905 Y2.683 E.08134
G1 X-8.176 Y2.476 E.08091
G1 X-11.434 Y2.167 E.0808
G1 X-14.462 Y1.787 E.07534
G1 X-17.647 Y1.289 E.07959
G1 X-21.123 Y.629 E.08734
G1 X-24.321 Y-.087 E.08091
G1 X-27.49 Y-.903 E.08079
G1 X-30.189 Y-1.682 E.06934
G1 X-32.901 Y-2.55 E.07032
;LAYER_CHANGE
;Z:33.66
;HEIGHT:0.200001
;BEFORE_LAYER_CHANGE
;33.66
G1 E-1.2 F2100
;WIPE_START
G1 F9000
G1 X-30.997 Y-1.941
;WIPE_END
;AFTER_LAYER_CHANGE
;33.66
;_SET_FAN_SPEED_CHANGING_LAYER
G17
G3 Z34.06 I.022 J1.217 P1  F30000
G1 X33.19 Y-3.11 Z34.06
G1 Z33.66
G1 E1.2 F2100
SET_VELOCITY_LIMIT ACCEL=5000
;TYPE:Outer wall
;WIDTH:0.62
G1 F2051
G1 X33.19 Y-2.178 E.0438
G1 X30.317 Y-1.258 E.14184
G1 X27.205 Y-.366 E.15226
G1 X24.066 Y.429 E.15226
G1 X20.904 Y1.126 E.15226
G1 X17.722 Y1.724 E.15226
G1 X14.523 Y2.224 E.15225
G1 X11.31 Y2.625 E.15226
G1 X8.087 Y2.926 E.15226
G1 X4.855 Y3.126 E.15226
G1 X1.619 Y3.227 E.15225
G1 X-1.619 Y3.227 E.15226
G1 X-4.855 Y3.126 E.15225
G1 X-8.087 Y2.926 E.15226
G1 X-11.31 Y2.625 E.15226
G1 X-14.523 Y2.224 E.15226
G1 X-17.722 Y1.724 E.15225
G1 X-20.904 Y1.126 E.15226
G1 X-24.066 Y.429 E.15226
G1 X-27.205 Y-.366 E.15226
G1 X-30.317 Y-1.258 E.15226
G1 X-33.19 Y-2.178 E.14184
G1 X-33.19 Y-3.11 E.0438
G1 X-30.502 Y-2.235 E.13294
G1 X-27.373 Y-1.324 E.15325
G1 X-24.217 Y-.512 E.15325
G1 X-21.036 Y.2 E.15325
G1 X-17.835 Y.812 E.15325
G1 X-14.617 Y1.322 E.15325
G1 X-11.384 Y1.732 E.15325
G1 X-8.139 Y2.039 E.15325
G1 X-4.887 Y2.244 E.15325
G1 X-1.629 Y2.346 E.15325
G1 X1.629 Y2.346 E.15325
G1 X4.887 Y2.244 E.15325
G1 X8.139 Y2.039 E.15325
G1 X11.384 Y1.732 E.15325
G1 X14.617 Y1.322 E.15325
G1 X17.835 Y.812 E.15325
G1 X21.036 Y.2 E.15325
G1 X24.217 Y-.512 E.15325
G1 X27.373 Y-1.324 E.15325
G1 X30.502 Y-2.235 E.15325
G1 X33.156 Y-3.098 E.13125
SET_VELOCITY_LIMIT ACCEL=10000
G1 X32.901 Y-2.55 F30000
;TYPE:Gap infill
;WIDTH:0.345884
G1 F2051
G1 X30.189 Y-1.682 E.07032
G1 X27.49 Y-.903 E.06934
G1 X24.321 Y-.087 E.08079
G1 X21.123 Y.629 E.08091
G1 X17.647 Y1.289 E.08734
G1 X14.462 Y1.787 E.07959
G1 X11.434 Y2.167 E.07534
G1 X8.176 Y2.476 E.0808
G1 X4.905 Y2.683 E.08091
G1 X1.612 Y2.786 E.08134
G1 X-1.639 Y2.786 E.08025
G1 X-4.835 Y2.686 E.07894
G1 X-8.053 Y2.486 E.0796
G1 X-11.429 Y2.168 E.08374
G1 X-14.681 Y1.756 E.08091
G1 X-17.913 Y1.243 E.08079
G1 X-20.816 Y.692 E.07294
G1 X-23.964 Y-.002 E.07959
G1 X-27.49 Y-.903 E.08985
G1 X-30.189 Y-1.682 E.06934
G1 X-32.901 Y-2.55 E.07032
;LAYER_CHANGE
;Z:33.86
;HEIGHT:0.200001
;BEFORE_LAYER_CHANGE
;33.86
G1 E-1.2 F2100
;WIPE_START
G1 F9000
G1 X-30.997 Y-1.941
;WIPE_END
;AFTER_LAYER_CHANGE
;33.86
;_SET_FAN_SPEED_CHANGING_LAYER
G17
G3 Z34.26 I.022 J1.217 P1  F30000
G1 X33.19 Y-3.11 Z34.26
G1 Z33.86
G1 E1.2 F2100
SET_VELOCITY_LIMIT ACCEL=5000
;TYPE:Outer wall
;WIDTH:0.62
G1 F2051
G1 X33.19 Y-2.178 E.0438
G1 X30.317 Y-1.258 E.14184
G1 X27.205 Y-.366 E.15226
G1 X24.066 Y.429 E.15226
G1 X20.904 Y1.126 E.15226
G1 X17.722 Y1.724 E.15226
G1 X14.523 Y2.224 E.15225
G1 X11.31 Y2.625 E.15226
G1 X8.087 Y2.926 E.15226
G1 X4.855 Y3.126 E.15226
G1 X1.619 Y3.227 E.15225
M73 P74 R6
G1 X-1.619 Y3.227 E.15226
G1 X-4.855 Y3.126 E.15225
G1 X-8.087 Y2.926 E.15226
G1 X-11.31 Y2.625 E.15226
G1 X-14.523 Y2.224 E.15226
G1 X-17.722 Y1.724 E.15225
G1 X-20.904 Y1.126 E.15226
G1 X-24.066 Y.429 E.15226
G1 X-27.205 Y-.366 E.15226
G1 X-30.317 Y-1.258 E.15226
G1 X-33.19 Y-2.178 E.14184
G1 X-33.19 Y-3.11 E.0438
G1 X-30.502 Y-2.235 E.13294
G1 X-27.373 Y-1.324 E.15325
G1 X-24.217 Y-.512 E.15325
G1 X-21.036 Y.2 E.15325
G1 X-17.835 Y.812 E.15325
G1 X-14.617 Y1.322 E.15325
G1 X-11.384 Y1.732 E.15325
G1 X-8.139 Y2.039 E.15325
G1 X-4.887 Y2.244 E.15325
G1 X-1.629 Y2.346 E.15325
G1 X1.629 Y2.346 E.15325
G1 X4.887 Y2.244 E.15325
G1 X8.139 Y2.039 E.15325
G1 X11.384 Y1.732 E.15325
G1 X14.617 Y1.322 E.15325
G1 X17.835 Y.812 E.15325
G1 X21.036 Y.2 E.15325
G1 X24.217 Y-.512 E.15325
G1 X27.373 Y-1.324 E.15325
G1 X30.502 Y-2.235 E.15325
G1 X33.156 Y-3.098 E.13125
SET_VELOCITY_LIMIT ACCEL=10000
G1 X32.901 Y-2.55 F30000
;TYPE:Gap infill
;WIDTH:0.345884
G1 F2051
G1 X30.189 Y-1.682 E.07032
G1 X27.49 Y-.903 E.06934
G1 X23.964 Y-.002 E.08985
G1 X20.816 Y.692 E.07959
G1 X17.913 Y1.243 E.07294
G1 X14.681 Y1.756 E.08079
G1 X11.429 Y2.168 E.08091
G1 X8.053 Y2.486 E.08374
G1 X4.835 Y2.686 E.0796
G1 X1.639 Y2.786 E.07894
G1 X-1.612 Y2.786 E.08025
G1 X-4.905 Y2.683 E.08134
G1 X-8.176 Y2.476 E.08091
G1 X-11.434 Y2.167 E.0808
G1 X-14.462 Y1.787 E.07534
G1 X-17.647 Y1.289 E.0796
G1 X-21.123 Y.629 E.08734
G1 X-24.321 Y-.087 E.08091
G1 X-27.49 Y-.903 E.08079
G1 X-30.189 Y-1.682 E.06934
G1 X-32.901 Y-2.55 E.07032
;LAYER_CHANGE
;Z:34.06
;HEIGHT:0.200001
;BEFORE_LAYER_CHANGE
;34.06
G1 E-1.2 F2100
;WIPE_START
G1 F9000
G1 X-30.997 Y-1.941
;WIPE_END
;AFTER_LAYER_CHANGE
;34.06
;_SET_FAN_SPEED_CHANGING_LAYER
G17
G3 Z34.46 I.022 J1.217 P1  F30000
G1 X33.19 Y-3.11 Z34.46
G1 Z34.06
G1 E1.2 F2100
SET_VELOCITY_LIMIT ACCEL=5000
;TYPE:Outer wall
;WIDTH:0.62
G1 F2051
G1 X33.19 Y-2.178 E.0438
G1 X30.317 Y-1.258 E.14184
G1 X27.205 Y-.366 E.15226
G1 X24.066 Y.429 E.15226
G1 X20.904 Y1.126 E.15226
G1 X17.722 Y1.724 E.15226
G1 X14.523 Y2.224 E.15225
G1 X11.31 Y2.625 E.15226
G1 X8.087 Y2.926 E.15226
G1 X4.855 Y3.126 E.15226
G1 X1.619 Y3.227 E.15225
G1 X-1.619 Y3.227 E.15226
G1 X-4.855 Y3.126 E.15225
G1 X-8.087 Y2.926 E.15226
G1 X-11.31 Y2.625 E.15226
G1 X-14.523 Y2.224 E.15226
G1 X-17.722 Y1.724 E.15225
G1 X-20.904 Y1.126 E.15226
G1 X-24.066 Y.429 E.15226
G1 X-27.205 Y-.366 E.15226
G1 X-30.317 Y-1.258 E.15226
G1 X-33.19 Y-2.178 E.14184
G1 X-33.19 Y-3.11 E.0438
G1 X-30.502 Y-2.235 E.13294
G1 X-27.373 Y-1.324 E.15325
G1 X-24.217 Y-.512 E.15325
G1 X-21.036 Y.2 E.15325
G1 X-17.835 Y.812 E.15325
G1 X-14.617 Y1.322 E.15325
G1 X-11.384 Y1.732 E.15325
G1 X-8.139 Y2.039 E.15325
G1 X-5.778 Y2.188 E.11126
G1 X-4.887 Y2.244 E.04199
G1 X-1.629 Y2.346 E.15325
G1 X1.629 Y2.346 E.15325
G1 X4.887 Y2.244 E.15325
G1 X8.139 Y2.039 E.15325
G1 X11.384 Y1.732 E.15325
G1 X14.617 Y1.322 E.15325
G1 X17.835 Y.812 E.15325
G1 X21.036 Y.2 E.15325
G1 X24.217 Y-.512 E.15325
G1 X27.373 Y-1.324 E.15325
G1 X30.502 Y-2.235 E.15325
G1 X33.156 Y-3.098 E.13125
SET_VELOCITY_LIMIT ACCEL=10000
G1 X32.901 Y-2.55 F30000
;TYPE:Gap infill
;WIDTH:0.345884
G1 F2051
G1 X30.189 Y-1.682 E.07032
G1 X27.49 Y-.903 E.06934
G1 X23.964 Y-.002 E.08985
G1 X20.816 Y.692 E.07959
G1 X17.913 Y1.243 E.07294
G1 X14.681 Y1.756 E.0808
G1 X11.429 Y2.168 E.08091
G1 X8.053 Y2.486 E.08374
G1 X4.835 Y2.686 E.0796
G1 X1.639 Y2.786 E.07894
G1 X-1.612 Y2.786 E.08025
G1 X-4.905 Y2.683 E.08134
G1 X-8.176 Y2.476 E.08091
G1 X-11.434 Y2.167 E.0808
G1 X-14.462 Y1.787 E.07534
G1 X-17.647 Y1.289 E.0796
G1 X-21.123 Y.629 E.08734
G1 X-24.321 Y-.087 E.08091
G1 X-27.49 Y-.903 E.08079
G1 X-30.189 Y-1.682 E.06934
G1 X-32.901 Y-2.55 E.07032
;LAYER_CHANGE
;Z:34.26
;HEIGHT:0.199997
;BEFORE_LAYER_CHANGE
;34.26
G1 E-1.2 F2100
;WIPE_START
G1 F9000
G1 X-30.997 Y-1.941
;WIPE_END
;AFTER_LAYER_CHANGE
;34.26
;_SET_FAN_SPEED_CHANGING_LAYER
G17
G3 Z34.66 I.022 J1.217 P1  F30000
G1 X33.19 Y-3.11 Z34.66
G1 Z34.26
G1 E1.2 F2100
SET_VELOCITY_LIMIT ACCEL=5000
;TYPE:Outer wall
;WIDTH:0.62
G1 F2051
G1 X33.19 Y-2.178 E.0438
G1 X30.317 Y-1.258 E.14184
G1 X27.205 Y-.366 E.15226
G1 X24.066 Y.429 E.15226
G1 X20.904 Y1.126 E.15226
G1 X17.722 Y1.724 E.15226
G1 X14.523 Y2.224 E.15225
G1 X11.31 Y2.625 E.15226
G1 X8.087 Y2.926 E.15226
G1 X4.855 Y3.126 E.15226
G1 X1.619 Y3.227 E.15225
G1 X-1.619 Y3.227 E.15226
G1 X-4.855 Y3.126 E.15225
G1 X-8.087 Y2.926 E.15226
G1 X-11.31 Y2.625 E.15226
G1 X-14.523 Y2.224 E.15226
G1 X-17.722 Y1.724 E.15225
G1 X-20.904 Y1.126 E.15226
G1 X-24.066 Y.429 E.15226
G1 X-27.205 Y-.366 E.15226
G1 X-30.317 Y-1.258 E.15226
G1 X-33.19 Y-2.178 E.14184
G1 X-33.19 Y-3.11 E.0438
G1 X-30.502 Y-2.235 E.13294
G1 X-27.373 Y-1.324 E.15325
G1 X-24.217 Y-.512 E.15325
G1 X-21.036 Y.2 E.15325
G1 X-17.835 Y.812 E.15325
G1 X-14.617 Y1.322 E.15325
G1 X-11.384 Y1.732 E.15325
G1 X-8.139 Y2.039 E.15325
G1 X-4.887 Y2.244 E.15325
G1 X-1.629 Y2.346 E.15325
G1 X1.629 Y2.346 E.15325
G1 X4.887 Y2.244 E.15325
G1 X8.139 Y2.039 E.15325
G1 X11.384 Y1.732 E.15325
G1 X14.617 Y1.322 E.15325
G1 X17.835 Y.812 E.15325
G1 X21.036 Y.2 E.15325
M73 P75 R6
G1 X24.217 Y-.512 E.15325
G1 X27.373 Y-1.324 E.15325
G1 X30.502 Y-2.235 E.15325
G1 X33.156 Y-3.098 E.13125
SET_VELOCITY_LIMIT ACCEL=10000
G1 X32.901 Y-2.55 F30000
;TYPE:Gap infill
;WIDTH:0.345884
G1 F2051
G1 X30.189 Y-1.682 E.07032
G1 X27.49 Y-.903 E.06934
G1 X24.321 Y-.087 E.08079
G1 X21.123 Y.629 E.08091
G1 X17.647 Y1.289 E.08734
G1 X14.462 Y1.787 E.0796
G1 X11.434 Y2.167 E.07534
G1 X8.176 Y2.476 E.0808
G1 X4.905 Y2.683 E.08091
G1 X1.612 Y2.786 E.08134
G1 X-1.639 Y2.786 E.08025
G1 X-4.835 Y2.686 E.07894
G1 X-8.053 Y2.486 E.0796
G1 X-11.429 Y2.168 E.08374
G1 X-14.681 Y1.756 E.08091
G1 X-17.913 Y1.243 E.0808
G1 X-20.816 Y.692 E.07294
G1 X-23.964 Y-.002 E.07959
G1 X-27.49 Y-.903 E.08985
G1 X-30.189 Y-1.682 E.06934
G1 X-32.901 Y-2.55 E.07032
;LAYER_CHANGE
;Z:34.46
;HEIGHT:0.200001
;BEFORE_LAYER_CHANGE
;34.46
G1 E-1.2 F2100
;WIPE_START
G1 F9000
G1 X-30.997 Y-1.941
;WIPE_END
;AFTER_LAYER_CHANGE
;34.46
;_SET_FAN_SPEED_CHANGING_LAYER
G17
G3 Z34.86 I.022 J1.217 P1  F30000
G1 X33.19 Y-3.11 Z34.86
G1 Z34.46
G1 E1.2 F2100
SET_VELOCITY_LIMIT ACCEL=5000
;TYPE:Outer wall
;WIDTH:0.62
G1 F2051
G1 X33.19 Y-2.178 E.0438
G1 X30.317 Y-1.258 E.14184
G1 X27.205 Y-.366 E.15226
G1 X24.066 Y.429 E.15226
G1 X20.904 Y1.126 E.15226
G1 X17.722 Y1.724 E.15226
G1 X14.523 Y2.224 E.15225
G1 X11.31 Y2.625 E.15226
G1 X8.087 Y2.926 E.15226
G1 X4.855 Y3.126 E.15226
G1 X1.619 Y3.227 E.15225
G1 X-1.619 Y3.227 E.15226
G1 X-4.855 Y3.126 E.15225
G1 X-8.087 Y2.926 E.15226
G1 X-11.31 Y2.625 E.15226
G1 X-14.523 Y2.224 E.15226
G1 X-17.722 Y1.724 E.15225
G1 X-20.904 Y1.126 E.15226
G1 X-24.066 Y.429 E.15226
G1 X-27.205 Y-.366 E.15226
G1 X-30.317 Y-1.258 E.15226
G1 X-33.19 Y-2.178 E.14184
G1 X-33.19 Y-3.11 E.0438
G1 X-30.502 Y-2.235 E.13294
G1 X-27.373 Y-1.324 E.15325
G1 X-24.217 Y-.512 E.15325
G1 X-21.036 Y.2 E.15325
G1 X-17.835 Y.812 E.15325
G1 X-14.617 Y1.322 E.15325
G1 X-11.384 Y1.732 E.15325
G1 X-8.139 Y2.039 E.15325
G1 X-4.887 Y2.244 E.15325
G1 X-1.629 Y2.346 E.15325
G1 X1.629 Y2.346 E.15325
G1 X4.887 Y2.244 E.15325
G1 X8.139 Y2.039 E.15325
G1 X11.384 Y1.732 E.15325
G1 X14.617 Y1.322 E.15325
G1 X17.835 Y.812 E.15325
G1 X21.036 Y.2 E.15325
G1 X24.217 Y-.512 E.15325
G1 X27.373 Y-1.324 E.15325
G1 X30.502 Y-2.235 E.15325
G1 X33.156 Y-3.098 E.13125
SET_VELOCITY_LIMIT ACCEL=10000
G1 X32.901 Y-2.55 F30000
;TYPE:Gap infill
;WIDTH:0.345885
G1 F2051
G1 X30.189 Y-1.682 E.07032
G1 X27.49 Y-.903 E.06934
G1 X24.321 Y-.087 E.08079
G1 X21.123 Y.629 E.08091
G1 X17.647 Y1.289 E.08734
G1 X14.462 Y1.787 E.0796
G1 X11.434 Y2.167 E.07534
G1 X8.176 Y2.476 E.0808
G1 X4.905 Y2.683 E.08091
G1 X1.612 Y2.786 E.08134
G1 X-1.639 Y2.786 E.08025
G1 X-4.835 Y2.686 E.07894
G1 X-8.053 Y2.486 E.0796
G1 X-11.429 Y2.168 E.08374
G1 X-14.681 Y1.756 E.08091
G1 X-17.913 Y1.243 E.0808
G1 X-20.816 Y.692 E.07294
G1 X-23.964 Y-.002 E.07959
G1 X-27.49 Y-.903 E.08985
G1 X-30.189 Y-1.682 E.06934
G1 X-32.901 Y-2.55 E.07032
;LAYER_CHANGE
;Z:34.66
;HEIGHT:0.200001
;BEFORE_LAYER_CHANGE
;34.66
G1 E-1.2 F2100
;WIPE_START
G1 F9000
G1 X-30.997 Y-1.941
;WIPE_END
;AFTER_LAYER_CHANGE
;34.66
;_SET_FAN_SPEED_CHANGING_LAYER
G17
G3 Z35.06 I.022 J1.217 P1  F30000
G1 X33.19 Y-3.11 Z35.06
G1 Z34.66
G1 E1.2 F2100
SET_VELOCITY_LIMIT ACCEL=5000
;TYPE:Outer wall
;WIDTH:0.62
G1 F2051
G1 X33.19 Y-2.178 E.0438
G1 X30.317 Y-1.258 E.14184
G1 X27.205 Y-.366 E.15226
G1 X24.066 Y.429 E.15226
G1 X20.904 Y1.126 E.15226
G1 X17.722 Y1.724 E.15226
G1 X14.523 Y2.224 E.15225
G1 X11.31 Y2.625 E.15226
G1 X8.087 Y2.926 E.15226
G1 X4.855 Y3.126 E.15226
G1 X1.619 Y3.227 E.15225
G1 X-1.619 Y3.227 E.15226
G1 X-4.855 Y3.126 E.15225
G1 X-8.087 Y2.926 E.15226
G1 X-11.31 Y2.625 E.15226
G1 X-14.523 Y2.224 E.15226
G1 X-17.722 Y1.724 E.15225
G1 X-20.904 Y1.126 E.15226
G1 X-24.066 Y.429 E.15226
G1 X-27.205 Y-.366 E.15226
G1 X-30.317 Y-1.258 E.15226
G1 X-33.19 Y-2.178 E.14184
G1 X-33.19 Y-3.11 E.0438
G1 X-30.502 Y-2.235 E.13294
G1 X-27.373 Y-1.324 E.15325
G1 X-24.217 Y-.512 E.15325
G1 X-21.036 Y.2 E.15325
G1 X-17.835 Y.812 E.15325
G1 X-14.617 Y1.322 E.15325
G1 X-11.384 Y1.732 E.15325
G1 X-8.139 Y2.039 E.15325
G1 X-4.887 Y2.244 E.15325
G1 X-1.629 Y2.346 E.15325
G1 X1.629 Y2.346 E.15325
G1 X4.887 Y2.244 E.15325
G1 X8.139 Y2.039 E.15325
G1 X11.384 Y1.732 E.15325
G1 X14.617 Y1.322 E.15325
G1 X17.835 Y.812 E.15325
G1 X21.036 Y.2 E.15325
G1 X24.217 Y-.512 E.15325
G1 X27.373 Y-1.324 E.15325
G1 X30.502 Y-2.235 E.15325
G1 X33.156 Y-3.098 E.13125
SET_VELOCITY_LIMIT ACCEL=10000
G1 X32.901 Y-2.55 F30000
;TYPE:Gap infill
;WIDTH:0.345885
G1 F2051
G1 X30.189 Y-1.682 E.07032
G1 X27.49 Y-.903 E.06934
G1 X23.964 Y-.002 E.08985
G1 X20.816 Y.692 E.07959
G1 X17.913 Y1.243 E.07294
G1 X14.681 Y1.756 E.0808
G1 X11.429 Y2.168 E.08091
G1 X8.053 Y2.486 E.08374
G1 X4.835 Y2.686 E.0796
G1 X1.639 Y2.786 E.07894
G1 X-1.612 Y2.786 E.08025
G1 X-4.905 Y2.683 E.08134
G1 X-8.176 Y2.476 E.08091
G1 X-11.434 Y2.167 E.0808
G1 X-14.462 Y1.787 E.07534
G1 X-17.647 Y1.289 E.0796
G1 X-21.123 Y.629 E.08734
G1 X-24.321 Y-.087 E.08091
G1 X-27.49 Y-.903 E.08079
G1 X-30.189 Y-1.682 E.06934
G1 X-32.901 Y-2.55 E.07032
;LAYER_CHANGE
;Z:34.86
;HEIGHT:0.200001
;BEFORE_LAYER_CHANGE
;34.86
G1 E-1.2 F2100
;WIPE_START
G1 F9000
G1 X-30.997 Y-1.941
;WIPE_END
;AFTER_LAYER_CHANGE
;34.86
;_SET_FAN_SPEED_CHANGING_LAYER
G17
G3 Z35.26 I.022 J1.217 P1  F30000
G1 X33.19 Y-3.11 Z35.26
G1 Z34.86
M73 P76 R6
G1 E1.2 F2100
SET_VELOCITY_LIMIT ACCEL=5000
;TYPE:Outer wall
;WIDTH:0.62
G1 F2051
G1 X33.19 Y-2.178 E.0438
G1 X30.317 Y-1.258 E.14184
G1 X27.205 Y-.366 E.15226
G1 X24.066 Y.429 E.15226
G1 X20.904 Y1.126 E.15226
G1 X17.722 Y1.724 E.15226
G1 X14.523 Y2.224 E.15225
G1 X11.31 Y2.625 E.15226
G1 X8.087 Y2.926 E.15226
G1 X4.855 Y3.126 E.15226
G1 X1.619 Y3.227 E.15225
G1 X-1.619 Y3.227 E.15226
G1 X-4.855 Y3.126 E.15225
G1 X-8.087 Y2.926 E.15226
G1 X-11.31 Y2.625 E.15226
G1 X-14.523 Y2.224 E.15226
G1 X-17.722 Y1.724 E.15225
G1 X-20.904 Y1.126 E.15226
G1 X-24.066 Y.429 E.15226
G1 X-27.205 Y-.366 E.15226
G1 X-30.317 Y-1.258 E.15226
G1 X-33.19 Y-2.178 E.14184
G1 X-33.19 Y-3.11 E.0438
G1 X-30.502 Y-2.235 E.13294
G1 X-27.373 Y-1.324 E.15325
G1 X-24.217 Y-.512 E.15325
G1 X-21.036 Y.2 E.15325
G1 X-17.835 Y.812 E.15325
G1 X-14.617 Y1.322 E.15325
G1 X-11.384 Y1.732 E.15325
G1 X-8.139 Y2.039 E.15325
G1 X-4.887 Y2.244 E.15325
G1 X-1.629 Y2.346 E.15325
G1 X1.629 Y2.346 E.15325
G1 X4.887 Y2.244 E.15325
G1 X8.139 Y2.039 E.15325
G1 X11.384 Y1.732 E.15325
G1 X14.617 Y1.322 E.15325
G1 X17.835 Y.812 E.15325
G1 X21.036 Y.2 E.15325
G1 X24.217 Y-.512 E.15325
G1 X27.373 Y-1.324 E.15325
G1 X30.502 Y-2.235 E.15325
G1 X33.156 Y-3.098 E.13125
SET_VELOCITY_LIMIT ACCEL=10000
G1 X32.901 Y-2.55 F30000
;TYPE:Gap infill
;WIDTH:0.345885
G1 F2051
G1 X30.189 Y-1.682 E.07032
G1 X27.49 Y-.903 E.06934
G1 X23.964 Y-.002 E.08985
G1 X20.816 Y.692 E.07959
G1 X17.913 Y1.243 E.07294
G1 X14.681 Y1.756 E.0808
G1 X11.429 Y2.168 E.08091
G1 X8.053 Y2.486 E.08374
G1 X4.835 Y2.686 E.0796
G1 X1.639 Y2.786 E.07894
G1 X-1.612 Y2.786 E.08025
G1 X-4.905 Y2.683 E.08134
G1 X-8.176 Y2.476 E.08091
G1 X-11.434 Y2.167 E.0808
G1 X-14.462 Y1.787 E.07534
G1 X-17.647 Y1.289 E.0796
G1 X-21.123 Y.629 E.08734
G1 X-24.321 Y-.087 E.08091
G1 X-27.49 Y-.903 E.08079
G1 X-30.189 Y-1.682 E.06934
G1 X-32.901 Y-2.55 E.07032
;LAYER_CHANGE
;Z:35.06
;HEIGHT:0.200001
;BEFORE_LAYER_CHANGE
;35.06
G1 E-1.2 F2100
;WIPE_START
G1 F9000
G1 X-30.997 Y-1.941
;WIPE_END
;AFTER_LAYER_CHANGE
;35.06
;_SET_FAN_SPEED_CHANGING_LAYER
G17
G3 Z35.46 I.022 J1.217 P1  F30000
G1 X33.19 Y-3.11 Z35.46
G1 Z35.06
G1 E1.2 F2100
SET_VELOCITY_LIMIT ACCEL=5000
;TYPE:Outer wall
;WIDTH:0.62
G1 F2051
G1 X33.19 Y-2.178 E.0438
G1 X30.317 Y-1.258 E.14184
G1 X27.205 Y-.366 E.15226
G1 X24.066 Y.429 E.15226
G1 X20.904 Y1.126 E.15226
G1 X17.722 Y1.724 E.15226
G1 X14.523 Y2.224 E.15225
G1 X11.31 Y2.625 E.15226
G1 X8.087 Y2.926 E.15226
G1 X4.855 Y3.126 E.15226
G1 X1.619 Y3.227 E.15225
G1 X-1.619 Y3.227 E.15226
G1 X-4.855 Y3.126 E.15225
G1 X-8.087 Y2.926 E.15226
G1 X-11.31 Y2.625 E.15226
G1 X-14.523 Y2.224 E.15226
G1 X-17.722 Y1.724 E.15225
G1 X-20.904 Y1.126 E.15226
G1 X-24.066 Y.429 E.15226
G1 X-27.205 Y-.366 E.15226
G1 X-30.317 Y-1.258 E.15226
G1 X-33.19 Y-2.178 E.14184
G1 X-33.19 Y-3.11 E.0438
G1 X-30.502 Y-2.235 E.13294
G1 X-27.373 Y-1.324 E.15325
G1 X-24.217 Y-.512 E.15325
G1 X-21.036 Y.2 E.15325
G1 X-17.835 Y.812 E.15325
G1 X-14.617 Y1.322 E.15325
G1 X-11.384 Y1.732 E.15325
G1 X-8.139 Y2.039 E.15325
G1 X-4.887 Y2.244 E.15325
G1 X-1.629 Y2.346 E.15325
G1 X1.629 Y2.346 E.15325
G1 X4.887 Y2.244 E.15325
G1 X8.139 Y2.039 E.15325
G1 X11.384 Y1.732 E.15325
G1 X14.617 Y1.322 E.15325
G1 X17.835 Y.812 E.15325
G1 X21.036 Y.2 E.15325
G1 X24.217 Y-.512 E.15325
G1 X27.373 Y-1.324 E.15325
G1 X30.502 Y-2.235 E.15325
G1 X33.156 Y-3.098 E.13125
SET_VELOCITY_LIMIT ACCEL=10000
G1 X32.901 Y-2.55 F30000
;TYPE:Gap infill
;WIDTH:0.345885
G1 F2051
G1 X30.189 Y-1.682 E.07032
G1 X27.49 Y-.903 E.06934
G1 X24.321 Y-.087 E.08079
G1 X21.123 Y.629 E.08091
G1 X17.647 Y1.289 E.08734
G1 X14.462 Y1.787 E.0796
G1 X11.434 Y2.167 E.07534
G1 X8.176 Y2.476 E.0808
G1 X4.905 Y2.683 E.08091
G1 X1.612 Y2.786 E.08134
G1 X-1.639 Y2.786 E.08026
G1 X-4.835 Y2.686 E.07894
G1 X-8.053 Y2.486 E.0796
G1 X-11.429 Y2.168 E.08374
G1 X-14.681 Y1.756 E.08091
G1 X-17.913 Y1.243 E.0808
G1 X-20.816 Y.692 E.07294
G1 X-23.964 Y-.002 E.07959
G1 X-27.49 Y-.903 E.08985
G1 X-30.189 Y-1.682 E.06934
G1 X-32.901 Y-2.55 E.07032
;LAYER_CHANGE
;Z:35.26
;HEIGHT:0.199997
;BEFORE_LAYER_CHANGE
;35.26
G1 E-1.2 F2100
;WIPE_START
G1 F9000
G1 X-30.997 Y-1.941
;WIPE_END
;AFTER_LAYER_CHANGE
;35.26
;_SET_FAN_SPEED_CHANGING_LAYER
G17
G3 Z35.66 I.022 J1.217 P1  F30000
G1 X33.19 Y-3.11 Z35.66
G1 Z35.26
M73 P76 R5
G1 E1.2 F2100
SET_VELOCITY_LIMIT ACCEL=5000
;TYPE:Outer wall
;WIDTH:0.62
G1 F2051
G1 X33.19 Y-2.178 E.0438
G1 X30.317 Y-1.258 E.14184
G1 X27.205 Y-.366 E.15226
G1 X24.066 Y.429 E.15226
G1 X20.904 Y1.126 E.15226
G1 X17.722 Y1.724 E.15226
G1 X14.523 Y2.224 E.15225
G1 X11.31 Y2.625 E.15226
G1 X8.087 Y2.926 E.15226
G1 X4.855 Y3.126 E.15226
G1 X1.619 Y3.227 E.15225
G1 X-1.619 Y3.227 E.15226
G1 X-4.855 Y3.126 E.15225
G1 X-8.087 Y2.926 E.15226
G1 X-11.31 Y2.625 E.15226
G1 X-14.523 Y2.224 E.15226
G1 X-17.722 Y1.724 E.15225
G1 X-20.904 Y1.126 E.15226
G1 X-24.066 Y.429 E.15226
G1 X-27.205 Y-.366 E.15226
G1 X-30.317 Y-1.258 E.15226
G1 X-33.19 Y-2.178 E.14184
G1 X-33.19 Y-3.11 E.0438
G1 X-30.502 Y-2.235 E.13294
G1 X-27.373 Y-1.324 E.15325
G1 X-24.217 Y-.512 E.15325
G1 X-21.036 Y.2 E.15325
G1 X-17.835 Y.812 E.15325
G1 X-14.617 Y1.322 E.15325
M73 P77 R5
G1 X-11.384 Y1.732 E.15325
G1 X-8.139 Y2.039 E.15325
G1 X-5.691 Y2.193 E.11533
G1 X-4.887 Y2.244 E.03792
G1 X-1.629 Y2.346 E.15325
G1 X1.629 Y2.346 E.15325
G1 X4.887 Y2.244 E.15325
G1 X8.139 Y2.039 E.15325
G1 X11.384 Y1.732 E.15325
G1 X14.617 Y1.322 E.15325
G1 X17.835 Y.812 E.15325
G1 X21.036 Y.2 E.15325
G1 X24.217 Y-.512 E.15325
G1 X27.373 Y-1.324 E.15325
G1 X30.502 Y-2.235 E.15325
G1 X33.156 Y-3.098 E.13125
SET_VELOCITY_LIMIT ACCEL=10000
G1 X32.901 Y-2.55 F30000
;TYPE:Gap infill
;WIDTH:0.345885
G1 F2051
G1 X30.189 Y-1.682 E.07032
G1 X27.49 Y-.903 E.06934
G1 X24.321 Y-.087 E.08079
G1 X21.123 Y.629 E.08091
G1 X17.647 Y1.289 E.08734
G1 X14.462 Y1.787 E.0796
G1 X11.434 Y2.167 E.07534
G1 X8.176 Y2.476 E.0808
G1 X4.905 Y2.683 E.08091
G1 X1.612 Y2.786 E.08134
G1 X-1.639 Y2.786 E.08026
G1 X-4.835 Y2.686 E.07894
G1 X-8.053 Y2.486 E.0796
G1 X-11.429 Y2.168 E.08374
G1 X-14.681 Y1.756 E.08091
G1 X-17.913 Y1.243 E.0808
G1 X-20.816 Y.692 E.07294
G1 X-23.964 Y-.002 E.07959
G1 X-27.49 Y-.903 E.08985
G1 X-30.189 Y-1.682 E.06934
G1 X-32.901 Y-2.55 E.07032
;LAYER_CHANGE
;Z:35.46
;HEIGHT:0.200001
;BEFORE_LAYER_CHANGE
;35.46
G1 E-1.2 F2100
;WIPE_START
G1 F9000
G1 X-30.997 Y-1.941
;WIPE_END
;AFTER_LAYER_CHANGE
;35.46
;_SET_FAN_SPEED_CHANGING_LAYER
G17
G3 Z35.86 I.022 J1.217 P1  F30000
G1 X33.19 Y-3.11 Z35.86
G1 Z35.46
G1 E1.2 F2100
SET_VELOCITY_LIMIT ACCEL=5000
;TYPE:Outer wall
;WIDTH:0.62
G1 F2051
G1 X33.19 Y-2.178 E.0438
G1 X30.317 Y-1.258 E.14184
G1 X27.205 Y-.366 E.15226
G1 X24.066 Y.429 E.15226
G1 X20.904 Y1.126 E.15226
G1 X17.722 Y1.724 E.15226
G1 X14.523 Y2.224 E.15225
G1 X11.31 Y2.625 E.15226
G1 X8.087 Y2.926 E.15226
G1 X4.855 Y3.126 E.15226
G1 X1.619 Y3.227 E.15225
G1 X-1.619 Y3.227 E.15226
G1 X-4.855 Y3.126 E.15225
G1 X-8.087 Y2.926 E.15226
G1 X-11.31 Y2.625 E.15226
G1 X-14.523 Y2.224 E.15226
G1 X-17.722 Y1.724 E.15225
G1 X-20.904 Y1.126 E.15226
G1 X-24.066 Y.429 E.15226
G1 X-27.205 Y-.366 E.15226
G1 X-30.317 Y-1.258 E.15226
G1 X-33.19 Y-2.178 E.14184
G1 X-33.19 Y-3.11 E.0438
G1 X-30.502 Y-2.235 E.13294
G1 X-27.373 Y-1.324 E.15325
G1 X-24.217 Y-.512 E.15325
G1 X-21.036 Y.2 E.15325
G1 X-17.835 Y.812 E.15325
G1 X-14.617 Y1.322 E.15325
G1 X-11.384 Y1.732 E.15325
G1 X-8.139 Y2.039 E.15325
G1 X-4.887 Y2.244 E.15325
G1 X-1.629 Y2.346 E.15325
G1 X1.629 Y2.346 E.15325
G1 X4.887 Y2.244 E.15325
G1 X8.139 Y2.039 E.15325
G1 X11.384 Y1.732 E.15325
G1 X14.617 Y1.322 E.15325
G1 X17.835 Y.812 E.15325
G1 X21.036 Y.2 E.15325
G1 X24.217 Y-.512 E.15325
G1 X27.373 Y-1.324 E.15325
G1 X30.502 Y-2.235 E.15325
G1 X33.156 Y-3.098 E.13125
SET_VELOCITY_LIMIT ACCEL=10000
G1 X32.901 Y-2.55 F30000
;TYPE:Gap infill
;WIDTH:0.345885
G1 F2051
G1 X30.189 Y-1.682 E.07032
G1 X27.49 Y-.903 E.06934
G1 X24.321 Y-.087 E.08079
G1 X21.123 Y.629 E.08091
G1 X17.647 Y1.289 E.08734
G1 X14.462 Y1.787 E.0796
G1 X11.434 Y2.167 E.07534
G1 X8.176 Y2.476 E.0808
G1 X4.905 Y2.683 E.08091
G1 X1.612 Y2.786 E.08134
G1 X-1.639 Y2.786 E.08026
G1 X-4.835 Y2.686 E.07894
G1 X-8.053 Y2.486 E.0796
G1 X-11.429 Y2.168 E.08374
G1 X-14.681 Y1.756 E.08091
G1 X-17.913 Y1.243 E.0808
G1 X-20.816 Y.692 E.07294
G1 X-23.964 Y-.002 E.07959
G1 X-27.49 Y-.903 E.08985
G1 X-30.189 Y-1.682 E.06934
G1 X-32.901 Y-2.55 E.07032
;LAYER_CHANGE
;Z:35.66
;HEIGHT:0.200001
;BEFORE_LAYER_CHANGE
;35.66
G1 E-1.2 F2100
;WIPE_START
G1 F9000
G1 X-30.997 Y-1.941
;WIPE_END
;AFTER_LAYER_CHANGE
;35.66
;_SET_FAN_SPEED_CHANGING_LAYER
G17
G3 Z36.06 I.022 J1.217 P1  F30000
G1 X33.19 Y-3.11 Z36.06
G1 Z35.66
G1 E1.2 F2100
SET_VELOCITY_LIMIT ACCEL=5000
;TYPE:Outer wall
;WIDTH:0.62
G1 F2051
G1 X33.19 Y-2.178 E.0438
G1 X30.317 Y-1.258 E.14184
G1 X27.205 Y-.366 E.15226
G1 X24.066 Y.429 E.15226
G1 X20.904 Y1.126 E.15226
G1 X17.722 Y1.724 E.15226
G1 X14.523 Y2.224 E.15225
G1 X11.31 Y2.625 E.15226
G1 X8.087 Y2.926 E.15226
G1 X4.855 Y3.126 E.15226
G1 X1.619 Y3.227 E.15225
G1 X-1.619 Y3.227 E.15226
G1 X-4.855 Y3.126 E.15225
G1 X-8.087 Y2.926 E.15226
G1 X-11.31 Y2.625 E.15226
G1 X-14.523 Y2.224 E.15226
G1 X-17.722 Y1.724 E.15225
G1 X-20.904 Y1.126 E.15226
G1 X-24.066 Y.429 E.15226
G1 X-27.205 Y-.366 E.15226
G1 X-30.317 Y-1.258 E.15226
G1 X-33.19 Y-2.178 E.14184
G1 X-33.19 Y-3.11 E.0438
G1 X-30.502 Y-2.235 E.13294
G1 X-27.373 Y-1.324 E.15325
G1 X-24.217 Y-.512 E.15325
G1 X-21.036 Y.2 E.15325
G1 X-17.835 Y.812 E.15325
G1 X-14.617 Y1.322 E.15325
G1 X-11.384 Y1.732 E.15325
G1 X-8.139 Y2.039 E.15325
G1 X-4.887 Y2.244 E.15325
G1 X-1.629 Y2.346 E.15325
G1 X1.629 Y2.346 E.15325
G1 X4.887 Y2.244 E.15325
G1 X8.139 Y2.039 E.15325
G1 X11.384 Y1.732 E.15325
G1 X14.617 Y1.322 E.15325
G1 X17.835 Y.812 E.15325
G1 X21.036 Y.2 E.15325
G1 X24.217 Y-.512 E.15325
G1 X27.373 Y-1.324 E.15325
G1 X30.502 Y-2.235 E.15325
G1 X33.156 Y-3.098 E.13125
SET_VELOCITY_LIMIT ACCEL=10000
G1 X32.901 Y-2.55 F30000
;TYPE:Gap infill
;WIDTH:0.345886
G1 F2051
G1 X30.189 Y-1.682 E.07032
G1 X27.49 Y-.903 E.06934
G1 X23.964 Y-.002 E.08985
G1 X20.816 Y.692 E.07959
G1 X17.913 Y1.243 E.07294
G1 X14.681 Y1.756 E.0808
G1 X11.429 Y2.168 E.08091
G1 X8.053 Y2.486 E.08374
G1 X4.835 Y2.686 E.0796
G1 X1.639 Y2.786 E.07894
G1 X-1.612 Y2.786 E.08026
G1 X-4.905 Y2.683 E.08134
G1 X-8.176 Y2.476 E.08091
M73 P78 R5
G1 X-11.434 Y2.167 E.0808
G1 X-14.462 Y1.787 E.07534
G1 X-17.647 Y1.289 E.0796
G1 X-21.123 Y.629 E.08734
G1 X-24.321 Y-.087 E.08091
G1 X-27.49 Y-.903 E.08079
G1 X-30.189 Y-1.682 E.06934
G1 X-32.901 Y-2.55 E.07032
;LAYER_CHANGE
;Z:35.86
;HEIGHT:0.200001
;BEFORE_LAYER_CHANGE
;35.86
G1 E-1.2 F2100
;WIPE_START
G1 F9000
G1 X-30.997 Y-1.941
;WIPE_END
;AFTER_LAYER_CHANGE
;35.86
;_SET_FAN_SPEED_CHANGING_LAYER
G17
G3 Z36.26 I.022 J1.217 P1  F30000
G1 X33.19 Y-3.11 Z36.26
G1 Z35.86
G1 E1.2 F2100
SET_VELOCITY_LIMIT ACCEL=5000
;TYPE:Outer wall
;WIDTH:0.62
G1 F2051
G1 X33.19 Y-2.178 E.0438
G1 X30.317 Y-1.258 E.14184
G1 X27.205 Y-.366 E.15226
G1 X24.066 Y.429 E.15226
G1 X20.904 Y1.126 E.15226
G1 X17.722 Y1.724 E.15226
G1 X14.523 Y2.224 E.15225
G1 X11.31 Y2.625 E.15226
G1 X8.087 Y2.926 E.15226
G1 X4.855 Y3.126 E.15226
G1 X1.619 Y3.227 E.15225
G1 X-1.619 Y3.227 E.15226
G1 X-4.855 Y3.126 E.15225
G1 X-8.087 Y2.926 E.15226
G1 X-11.31 Y2.625 E.15226
G1 X-14.523 Y2.224 E.15226
G1 X-17.722 Y1.724 E.15225
G1 X-20.904 Y1.126 E.15226
G1 X-24.066 Y.429 E.15226
G1 X-27.205 Y-.366 E.15226
G1 X-30.317 Y-1.258 E.15226
G1 X-33.19 Y-2.178 E.14184
G1 X-33.19 Y-3.11 E.0438
G1 X-30.502 Y-2.235 E.13294
G1 X-27.373 Y-1.324 E.15325
G1 X-24.217 Y-.512 E.15325
G1 X-21.036 Y.2 E.15325
G1 X-17.835 Y.812 E.15325
G1 X-14.617 Y1.322 E.15325
G1 X-11.384 Y1.732 E.15325
G1 X-8.139 Y2.039 E.15325
G1 X-5.648 Y2.196 E.11737
G1 X-4.887 Y2.244 E.03588
G1 X-1.629 Y2.346 E.15325
G1 X1.629 Y2.346 E.15325
G1 X4.887 Y2.244 E.15325
G1 X8.139 Y2.039 E.15325
G1 X11.384 Y1.732 E.15325
G1 X14.617 Y1.322 E.15325
G1 X17.835 Y.812 E.15325
G1 X21.036 Y.2 E.15325
G1 X24.217 Y-.512 E.15325
G1 X27.373 Y-1.324 E.15325
G1 X30.502 Y-2.235 E.15325
G1 X33.156 Y-3.098 E.13125
SET_VELOCITY_LIMIT ACCEL=10000
G1 X32.901 Y-2.55 F30000
;TYPE:Gap infill
;WIDTH:0.345886
G1 F2051
G1 X30.189 Y-1.682 E.07032
G1 X27.49 Y-.903 E.06934
G1 X23.964 Y-.002 E.08985
G1 X20.816 Y.692 E.07959
G1 X17.913 Y1.243 E.07294
G1 X14.681 Y1.756 E.0808
G1 X11.429 Y2.168 E.08091
G1 X8.053 Y2.486 E.08374
G1 X4.835 Y2.686 E.0796
G1 X1.639 Y2.786 E.07894
G1 X-1.612 Y2.786 E.08026
G1 X-4.905 Y2.683 E.08134
G1 X-8.176 Y2.476 E.08091
G1 X-11.434 Y2.167 E.0808
G1 X-14.462 Y1.787 E.07534
G1 X-17.647 Y1.289 E.0796
G1 X-21.123 Y.629 E.08734
G1 X-24.321 Y-.087 E.08091
G1 X-27.49 Y-.903 E.08079
G1 X-30.189 Y-1.682 E.06934
G1 X-32.901 Y-2.55 E.07032
;LAYER_CHANGE
;Z:36.06
;HEIGHT:0.200001
;BEFORE_LAYER_CHANGE
;36.06
G1 E-1.2 F2100
;WIPE_START
G1 F9000
G1 X-30.997 Y-1.941
;WIPE_END
;AFTER_LAYER_CHANGE
;36.06
;_SET_FAN_SPEED_CHANGING_LAYER
G17
G3 Z36.46 I.022 J1.217 P1  F30000
G1 X33.19 Y-3.11 Z36.46
G1 Z36.06
G1 E1.2 F2100
SET_VELOCITY_LIMIT ACCEL=5000
;TYPE:Outer wall
;WIDTH:0.62
G1 F2051
G1 X33.19 Y-2.178 E.0438
G1 X30.317 Y-1.258 E.14184
G1 X27.205 Y-.366 E.15226
G1 X24.066 Y.429 E.15226
G1 X20.904 Y1.126 E.15226
G1 X17.722 Y1.724 E.15226
G1 X14.523 Y2.224 E.15225
G1 X11.31 Y2.625 E.15226
G1 X8.087 Y2.926 E.15226
G1 X4.855 Y3.126 E.15226
G1 X1.619 Y3.227 E.15225
G1 X-1.619 Y3.227 E.15226
G1 X-4.855 Y3.126 E.15225
G1 X-8.087 Y2.926 E.15226
G1 X-11.31 Y2.625 E.15226
G1 X-14.523 Y2.224 E.15226
G1 X-17.722 Y1.724 E.15225
G1 X-20.904 Y1.126 E.15226
G1 X-24.066 Y.429 E.15226
G1 X-27.205 Y-.366 E.15226
G1 X-30.317 Y-1.258 E.15226
G1 X-33.19 Y-2.178 E.14184
G1 X-33.19 Y-3.11 E.0438
G1 X-30.502 Y-2.235 E.13294
G1 X-27.373 Y-1.324 E.15325
G1 X-24.217 Y-.512 E.15325
G1 X-21.036 Y.2 E.15325
G1 X-17.835 Y.812 E.15325
G1 X-14.617 Y1.322 E.15325
G1 X-11.384 Y1.732 E.15325
G1 X-8.139 Y2.039 E.15325
G1 X-4.887 Y2.244 E.15325
G1 X-1.629 Y2.346 E.15325
G1 X1.629 Y2.346 E.15325
G1 X4.887 Y2.244 E.15325
G1 X8.139 Y2.039 E.15325
G1 X11.384 Y1.732 E.15325
G1 X14.617 Y1.322 E.15325
G1 X17.835 Y.812 E.15325
G1 X21.036 Y.2 E.15325
G1 X24.217 Y-.512 E.15325
G1 X27.373 Y-1.324 E.15325
G1 X30.502 Y-2.235 E.15325
G1 X33.156 Y-3.098 E.13125
SET_VELOCITY_LIMIT ACCEL=10000
G1 X32.901 Y-2.55 F30000
;TYPE:Gap infill
;WIDTH:0.345886
G1 F2051
G1 X30.189 Y-1.682 E.07032
G1 X27.49 Y-.903 E.06934
G1 X24.321 Y-.087 E.08079
G1 X21.123 Y.629 E.08091
G1 X17.647 Y1.289 E.08734
G1 X14.462 Y1.787 E.0796
G1 X11.434 Y2.167 E.07534
G1 X8.176 Y2.476 E.0808
G1 X4.905 Y2.683 E.08091
G1 X1.612 Y2.786 E.08134
G1 X-1.639 Y2.786 E.08026
G1 X-4.835 Y2.686 E.07894
G1 X-8.053 Y2.486 E.0796
G1 X-11.429 Y2.168 E.08374
G1 X-14.681 Y1.756 E.08091
G1 X-17.913 Y1.243 E.0808
G1 X-20.816 Y.692 E.07294
G1 X-23.964 Y-.002 E.07959
G1 X-27.49 Y-.903 E.08985
G1 X-30.189 Y-1.682 E.06934
G1 X-32.901 Y-2.55 E.07032
;LAYER_CHANGE
;Z:36.26
;HEIGHT:0.199997
;BEFORE_LAYER_CHANGE
;36.26
G1 E-1.2 F2100
;WIPE_START
G1 F9000
G1 X-30.997 Y-1.941
;WIPE_END
;AFTER_LAYER_CHANGE
;36.26
;_SET_FAN_SPEED_CHANGING_LAYER
G17
G3 Z36.66 I.022 J1.217 P1  F30000
G1 X33.19 Y-3.11 Z36.66
G1 Z36.26
G1 E1.2 F2100
SET_VELOCITY_LIMIT ACCEL=5000
;TYPE:Outer wall
;WIDTH:0.62
G1 F2051
G1 X33.19 Y-2.178 E.0438
G1 X30.317 Y-1.258 E.14184
G1 X27.205 Y-.366 E.15226
G1 X24.066 Y.429 E.15226
G1 X20.904 Y1.126 E.15226
G1 X17.722 Y1.724 E.15226
G1 X14.523 Y2.224 E.15225
G1 X11.31 Y2.625 E.15226
G1 X8.087 Y2.926 E.15226
G1 X4.855 Y3.126 E.15226
G1 X1.619 Y3.227 E.15225
G1 X-1.619 Y3.227 E.15226
G1 X-4.855 Y3.126 E.15225
G1 X-8.087 Y2.926 E.15226
G1 X-11.31 Y2.625 E.15226
G1 X-14.523 Y2.224 E.15226
G1 X-17.722 Y1.724 E.15225
M73 P79 R5
G1 X-20.904 Y1.126 E.15226
G1 X-24.066 Y.429 E.15226
G1 X-27.205 Y-.366 E.15226
G1 X-30.317 Y-1.258 E.15226
G1 X-33.19 Y-2.178 E.14184
G1 X-33.19 Y-3.11 E.0438
G1 X-30.502 Y-2.235 E.13294
G1 X-27.373 Y-1.324 E.15325
G1 X-24.217 Y-.512 E.15325
G1 X-21.036 Y.2 E.15325
G1 X-17.835 Y.812 E.15325
G1 X-14.617 Y1.322 E.15325
G1 X-11.384 Y1.732 E.15325
G1 X-8.139 Y2.039 E.15325
G1 X-4.887 Y2.244 E.15325
G1 X-1.629 Y2.346 E.15325
G1 X1.629 Y2.346 E.15325
G1 X4.887 Y2.244 E.15325
G1 X8.139 Y2.039 E.15325
G1 X11.384 Y1.732 E.15325
G1 X14.617 Y1.322 E.15325
G1 X17.835 Y.812 E.15325
G1 X21.036 Y.2 E.15325
G1 X24.217 Y-.512 E.15325
G1 X27.373 Y-1.324 E.15325
G1 X30.502 Y-2.235 E.15325
G1 X33.156 Y-3.098 E.13125
SET_VELOCITY_LIMIT ACCEL=10000
G1 X32.901 Y-2.55 F30000
;TYPE:Gap infill
;WIDTH:0.345886
G1 F2051
G1 X30.189 Y-1.682 E.07032
G1 X27.49 Y-.903 E.06934
G1 X23.964 Y-.002 E.08985
G1 X20.816 Y.692 E.0796
G1 X17.913 Y1.243 E.07294
G1 X14.681 Y1.756 E.0808
G1 X11.429 Y2.168 E.08091
G1 X8.053 Y2.486 E.08374
G1 X4.835 Y2.686 E.0796
G1 X1.639 Y2.786 E.07894
G1 X-1.612 Y2.786 E.08026
G1 X-4.905 Y2.683 E.08134
G1 X-8.176 Y2.476 E.08091
G1 X-11.434 Y2.167 E.0808
G1 X-14.462 Y1.787 E.07534
G1 X-17.647 Y1.289 E.0796
G1 X-21.123 Y.629 E.08734
G1 X-24.321 Y-.087 E.08091
G1 X-27.49 Y-.903 E.08079
G1 X-30.189 Y-1.682 E.06934
G1 X-32.901 Y-2.55 E.07032
;LAYER_CHANGE
;Z:36.46
;HEIGHT:0.200001
;BEFORE_LAYER_CHANGE
;36.46
G1 E-1.2 F2100
;WIPE_START
G1 F9000
G1 X-30.997 Y-1.941
;WIPE_END
;AFTER_LAYER_CHANGE
;36.46
;_SET_FAN_SPEED_CHANGING_LAYER
G17
G3 Z36.86 I.022 J1.217 P1  F30000
G1 X33.19 Y-3.11 Z36.86
G1 Z36.46
G1 E1.2 F2100
SET_VELOCITY_LIMIT ACCEL=5000
;TYPE:Outer wall
;WIDTH:0.62
G1 F2051
G1 X33.19 Y-2.178 E.0438
G1 X30.317 Y-1.258 E.14184
G1 X27.205 Y-.366 E.15226
G1 X24.066 Y.429 E.15226
G1 X20.904 Y1.126 E.15226
G1 X17.722 Y1.724 E.15226
G1 X14.523 Y2.224 E.15225
G1 X11.31 Y2.625 E.15226
G1 X8.087 Y2.926 E.15226
G1 X4.855 Y3.126 E.15226
G1 X1.619 Y3.227 E.15225
G1 X-1.619 Y3.227 E.15226
G1 X-4.855 Y3.126 E.15225
G1 X-8.087 Y2.926 E.15226
G1 X-11.31 Y2.625 E.15226
G1 X-14.523 Y2.224 E.15226
G1 X-17.722 Y1.724 E.15225
G1 X-20.904 Y1.126 E.15226
G1 X-24.066 Y.429 E.15226
G1 X-27.205 Y-.366 E.15226
G1 X-30.317 Y-1.258 E.15226
G1 X-33.19 Y-2.178 E.14184
G1 X-33.19 Y-3.11 E.0438
G1 X-30.502 Y-2.235 E.13294
G1 X-27.373 Y-1.324 E.15325
G1 X-24.217 Y-.512 E.15325
G1 X-21.036 Y.2 E.15325
G1 X-17.835 Y.812 E.15325
G1 X-14.617 Y1.322 E.15325
G1 X-11.384 Y1.732 E.15325
G1 X-8.139 Y2.039 E.15325
G1 X-5.605 Y2.199 E.11941
G1 X-4.887 Y2.244 E.03384
G1 X-1.629 Y2.346 E.15325
G1 X1.629 Y2.346 E.15325
G1 X4.887 Y2.244 E.15325
G1 X8.139 Y2.039 E.15325
G1 X11.384 Y1.732 E.15325
G1 X14.617 Y1.322 E.15325
G1 X17.835 Y.812 E.15325
G1 X21.036 Y.2 E.15325
G1 X24.217 Y-.512 E.15325
G1 X27.373 Y-1.324 E.15325
G1 X30.502 Y-2.235 E.15325
G1 X33.156 Y-3.098 E.13125
SET_VELOCITY_LIMIT ACCEL=10000
G1 X32.901 Y-2.55 F30000
;TYPE:Gap infill
;WIDTH:0.345886
G1 F2051
G1 X30.189 Y-1.682 E.07032
G1 X27.49 Y-.903 E.06934
G1 X23.964 Y-.002 E.08985
G1 X20.816 Y.692 E.0796
G1 X17.913 Y1.243 E.07294
G1 X14.681 Y1.756 E.0808
G1 X11.429 Y2.168 E.08091
G1 X8.053 Y2.486 E.08374
G1 X4.835 Y2.686 E.0796
G1 X1.639 Y2.786 E.07894
G1 X-1.612 Y2.786 E.08026
G1 X-4.905 Y2.683 E.08134
G1 X-8.176 Y2.476 E.08091
G1 X-11.434 Y2.167 E.0808
G1 X-14.462 Y1.787 E.07534
G1 X-17.647 Y1.289 E.0796
G1 X-21.123 Y.629 E.08734
G1 X-24.321 Y-.087 E.08091
G1 X-27.49 Y-.903 E.08079
G1 X-30.189 Y-1.682 E.06934
G1 X-32.901 Y-2.55 E.07032
;LAYER_CHANGE
;Z:36.66
;HEIGHT:0.200001
;BEFORE_LAYER_CHANGE
;36.66
G1 E-1.2 F2100
;WIPE_START
G1 F9000
G1 X-30.997 Y-1.941
;WIPE_END
;AFTER_LAYER_CHANGE
;36.66
;_SET_FAN_SPEED_CHANGING_LAYER
G17
G3 Z37.06 I.022 J1.217 P1  F30000
G1 X33.19 Y-3.11 Z37.06
G1 Z36.66
G1 E1.2 F2100
SET_VELOCITY_LIMIT ACCEL=5000
;TYPE:Outer wall
;WIDTH:0.62
G1 F2051
G1 X33.19 Y-2.178 E.0438
G1 X30.317 Y-1.258 E.14184
G1 X27.205 Y-.366 E.15226
G1 X24.066 Y.429 E.15226
G1 X20.904 Y1.126 E.15226
G1 X17.722 Y1.724 E.15226
G1 X14.523 Y2.224 E.15225
G1 X11.31 Y2.625 E.15226
G1 X8.087 Y2.926 E.15226
G1 X4.855 Y3.126 E.15226
G1 X1.619 Y3.227 E.15225
G1 X-1.619 Y3.227 E.15226
G1 X-4.855 Y3.126 E.15225
G1 X-8.087 Y2.926 E.15226
G1 X-11.31 Y2.625 E.15226
G1 X-14.523 Y2.224 E.15226
G1 X-17.722 Y1.724 E.15225
G1 X-20.904 Y1.126 E.15226
G1 X-24.066 Y.429 E.15226
G1 X-27.205 Y-.366 E.15226
G1 X-30.317 Y-1.258 E.15226
G1 X-33.19 Y-2.178 E.14184
G1 X-33.19 Y-3.11 E.0438
G1 X-30.502 Y-2.235 E.13294
G1 X-27.373 Y-1.324 E.15325
G1 X-24.217 Y-.512 E.15325
G1 X-21.036 Y.2 E.15325
G1 X-17.835 Y.812 E.15325
G1 X-14.617 Y1.322 E.15325
G1 X-11.384 Y1.732 E.15325
G1 X-8.139 Y2.039 E.15325
G1 X-4.887 Y2.244 E.15325
G1 X-1.629 Y2.346 E.15325
G1 X1.629 Y2.346 E.15325
G1 X4.887 Y2.244 E.15325
G1 X8.139 Y2.039 E.15325
G1 X11.384 Y1.732 E.15325
G1 X14.617 Y1.322 E.15325
G1 X17.835 Y.812 E.15325
G1 X21.036 Y.2 E.15325
G1 X24.217 Y-.512 E.15325
G1 X27.373 Y-1.324 E.15325
G1 X30.502 Y-2.235 E.15325
G1 X33.156 Y-3.098 E.13125
SET_VELOCITY_LIMIT ACCEL=10000
G1 X32.901 Y-2.55 F30000
;TYPE:Gap infill
;WIDTH:0.345887
G1 F2051
G1 X30.189 Y-1.682 E.07032
G1 X27.49 Y-.903 E.06934
M73 P80 R5
G1 X23.964 Y-.002 E.08985
G1 X20.816 Y.692 E.0796
G1 X17.913 Y1.243 E.07294
G1 X14.681 Y1.756 E.0808
G1 X11.429 Y2.168 E.08091
G1 X8.053 Y2.486 E.08374
G1 X4.835 Y2.686 E.0796
G1 X1.639 Y2.786 E.07894
G1 X-1.612 Y2.786 E.08026
G1 X-4.905 Y2.683 E.08134
G1 X-8.176 Y2.476 E.08091
G1 X-11.434 Y2.167 E.0808
G1 X-14.462 Y1.787 E.07534
G1 X-17.647 Y1.289 E.0796
G1 X-21.123 Y.629 E.08734
G1 X-24.321 Y-.087 E.08091
G1 X-27.49 Y-.903 E.08079
G1 X-30.189 Y-1.682 E.06934
G1 X-32.901 Y-2.55 E.07032
;LAYER_CHANGE
;Z:36.86
;HEIGHT:0.200001
;BEFORE_LAYER_CHANGE
;36.86
G1 E-1.2 F2100
;WIPE_START
G1 F9000
G1 X-30.997 Y-1.941
;WIPE_END
;AFTER_LAYER_CHANGE
;36.86
;_SET_FAN_SPEED_CHANGING_LAYER
G17
G3 Z37.26 I.022 J1.217 P1  F30000
G1 X33.19 Y-3.11 Z37.26
G1 Z36.86
G1 E1.2 F2100
SET_VELOCITY_LIMIT ACCEL=5000
;TYPE:Outer wall
;WIDTH:0.62
G1 F2051
G1 X33.19 Y-2.178 E.0438
G1 X30.317 Y-1.258 E.14184
G1 X27.205 Y-.366 E.15226
G1 X24.066 Y.429 E.15226
G1 X20.904 Y1.126 E.15226
G1 X17.722 Y1.724 E.15226
G1 X14.523 Y2.224 E.15225
G1 X11.31 Y2.625 E.15226
G1 X8.087 Y2.926 E.15226
G1 X4.855 Y3.126 E.15226
G1 X1.619 Y3.227 E.15225
G1 X-1.619 Y3.227 E.15226
G1 X-4.855 Y3.126 E.15225
G1 X-8.087 Y2.926 E.15226
G1 X-11.31 Y2.625 E.15226
G1 X-14.523 Y2.224 E.15226
G1 X-17.722 Y1.724 E.15225
G1 X-20.904 Y1.126 E.15226
G1 X-24.066 Y.429 E.15226
G1 X-27.205 Y-.366 E.15226
G1 X-30.317 Y-1.258 E.15226
G1 X-33.19 Y-2.178 E.14184
G1 X-33.19 Y-3.11 E.0438
G1 X-30.502 Y-2.235 E.13294
G1 X-27.373 Y-1.324 E.15325
G1 X-24.217 Y-.512 E.15325
G1 X-21.036 Y.2 E.15325
G1 X-17.835 Y.812 E.15325
G1 X-14.617 Y1.322 E.15325
G1 X-11.384 Y1.732 E.15325
G1 X-8.139 Y2.039 E.15325
G1 X-5.576 Y2.2 E.12076
G1 X-4.887 Y2.244 E.03248
G1 X-1.629 Y2.346 E.15325
G1 X1.629 Y2.346 E.15325
G1 X4.887 Y2.244 E.15325
G1 X8.139 Y2.039 E.15325
G1 X11.384 Y1.732 E.15325
G1 X14.617 Y1.322 E.15325
G1 X17.835 Y.812 E.15325
G1 X21.036 Y.2 E.15325
G1 X24.217 Y-.512 E.15325
G1 X27.373 Y-1.324 E.15325
G1 X30.502 Y-2.235 E.15325
G1 X33.156 Y-3.098 E.13125
SET_VELOCITY_LIMIT ACCEL=10000
G1 X32.901 Y-2.55 F30000
;TYPE:Gap infill
;WIDTH:0.345898
G1 F2051
G1 X30.189 Y-1.682 E.07032
G1 X27.49 Y-.903 E.06934
G1 X24.321 Y-.087 E.0808
G1 X21.123 Y.629 E.08092
G1 X17.647 Y1.289 E.08734
G1 X14.462 Y1.787 E.0796
G1 X11.434 Y2.167 E.07534
G1 X8.176 Y2.476 E.0808
G1 X4.905 Y2.683 E.08092
G1 X1.612 Y2.786 E.08134
G1 X-1.639 Y2.786 E.08026
G1 X-4.835 Y2.686 E.07894
G1 X-8.053 Y2.486 E.0796
G1 X-11.429 Y2.168 E.08374
G1 X-14.681 Y1.756 E.08092
G1 X-17.913 Y1.243 E.0808
G1 X-20.816 Y.692 E.07294
G1 X-23.964 Y-.002 E.0796
G1 X-27.49 Y-.903 E.08986
G1 X-30.189 Y-1.682 E.06934
G1 X-32.901 Y-2.55 E.07032
;LAYER_CHANGE
;Z:37.06
;HEIGHT:0.200001
;BEFORE_LAYER_CHANGE
;37.06
G1 E-1.2 F2100
;WIPE_START
G1 F9000
G1 X-30.997 Y-1.941
;WIPE_END
;AFTER_LAYER_CHANGE
;37.06
;_SET_FAN_SPEED_CHANGING_LAYER
G17
G3 Z37.46 I.022 J1.217 P1  F30000
G1 X33.19 Y-3.11 Z37.46
G1 Z37.06
G1 E1.2 F2100
SET_VELOCITY_LIMIT ACCEL=5000
;TYPE:Outer wall
;WIDTH:0.62
G1 F2051
G1 X33.19 Y-2.178 E.0438
G1 X30.317 Y-1.258 E.14184
G1 X27.205 Y-.366 E.15226
G1 X24.066 Y.429 E.15226
G1 X20.904 Y1.126 E.15226
G1 X17.722 Y1.724 E.15226
G1 X14.523 Y2.224 E.15225
G1 X11.31 Y2.625 E.15226
G1 X8.087 Y2.926 E.15226
G1 X4.855 Y3.126 E.15226
G1 X1.619 Y3.227 E.15225
G1 X-1.619 Y3.227 E.15226
G1 X-4.855 Y3.126 E.15225
G1 X-8.087 Y2.926 E.15226
G1 X-11.31 Y2.625 E.15226
G1 X-14.523 Y2.224 E.15226
G1 X-17.722 Y1.724 E.15225
G1 X-20.904 Y1.126 E.15226
G1 X-24.066 Y.429 E.15226
G1 X-27.205 Y-.366 E.15226
G1 X-30.317 Y-1.258 E.15226
G1 X-33.19 Y-2.178 E.14184
G1 X-33.19 Y-3.11 E.0438
G1 X-30.502 Y-2.235 E.13294
M73 P80 R4
G1 X-27.373 Y-1.324 E.15325
G1 X-24.217 Y-.512 E.15325
G1 X-21.036 Y.2 E.15325
G1 X-17.835 Y.812 E.15325
G1 X-14.617 Y1.322 E.15325
G1 X-11.384 Y1.732 E.15325
G1 X-8.139 Y2.039 E.15325
G1 X-5.562 Y2.201 E.12144
G1 X-4.887 Y2.244 E.03181
G1 X-1.629 Y2.346 E.15325
G1 X1.629 Y2.346 E.15325
G1 X4.887 Y2.244 E.15325
G1 X8.139 Y2.039 E.15325
G1 X11.384 Y1.732 E.15325
G1 X14.617 Y1.322 E.15325
G1 X17.835 Y.812 E.15325
G1 X21.036 Y.2 E.15325
G1 X24.217 Y-.512 E.15325
G1 X27.373 Y-1.324 E.15325
G1 X30.502 Y-2.235 E.15325
G1 X33.156 Y-3.098 E.13125
SET_VELOCITY_LIMIT ACCEL=10000
G1 X32.901 Y-2.55 F30000
;TYPE:Gap infill
;WIDTH:0.345887
G1 F2051
G1 X30.189 Y-1.682 E.07032
G1 X27.49 Y-.903 E.06934
G1 X24.321 Y-.087 E.08079
G1 X21.123 Y.629 E.08091
G1 X17.647 Y1.289 E.08734
G1 X14.462 Y1.787 E.0796
G1 X11.434 Y2.167 E.07534
G1 X8.176 Y2.476 E.0808
G1 X4.905 Y2.683 E.08091
G1 X1.612 Y2.786 E.08134
G1 X-1.639 Y2.786 E.08026
G1 X-4.835 Y2.686 E.07894
G1 X-8.053 Y2.486 E.0796
G1 X-11.429 Y2.168 E.08374
G1 X-14.681 Y1.756 E.08091
G1 X-17.913 Y1.243 E.0808
G1 X-20.816 Y.692 E.07294
G1 X-23.964 Y-.002 E.0796
G1 X-27.49 Y-.903 E.08985
G1 X-30.189 Y-1.682 E.06934
G1 X-32.901 Y-2.55 E.07032
;LAYER_CHANGE
;Z:37.26
;HEIGHT:0.199997
;BEFORE_LAYER_CHANGE
;37.26
G1 E-1.2 F2100
;WIPE_START
G1 F9000
G1 X-30.997 Y-1.941
;WIPE_END
;AFTER_LAYER_CHANGE
;37.26
;_SET_FAN_SPEED_CHANGING_LAYER
G17
G3 Z37.66 I.022 J1.217 P1  F30000
G1 X33.19 Y-3.11 Z37.66
G1 Z37.26
G1 E1.2 F2100
SET_VELOCITY_LIMIT ACCEL=5000
;TYPE:Outer wall
;WIDTH:0.62
G1 F2051
G1 X33.19 Y-2.178 E.0438
G1 X30.317 Y-1.258 E.14184
G1 X27.205 Y-.366 E.15226
G1 X24.066 Y.429 E.15226
G1 X20.904 Y1.126 E.15226
G1 X17.722 Y1.724 E.15226
M73 P81 R4
G1 X14.523 Y2.224 E.15225
G1 X11.31 Y2.625 E.15226
G1 X8.087 Y2.926 E.15226
G1 X4.855 Y3.126 E.15226
G1 X1.619 Y3.227 E.15225
G1 X-1.619 Y3.227 E.15226
G1 X-4.855 Y3.126 E.15225
G1 X-8.087 Y2.926 E.15226
G1 X-11.31 Y2.625 E.15226
G1 X-14.523 Y2.224 E.15226
G1 X-17.722 Y1.724 E.15225
G1 X-20.904 Y1.126 E.15226
G1 X-24.066 Y.429 E.15226
G1 X-27.205 Y-.366 E.15226
G1 X-30.317 Y-1.258 E.15226
G1 X-33.19 Y-2.178 E.14184
G1 X-33.19 Y-3.11 E.0438
G1 X-30.502 Y-2.235 E.13294
G1 X-27.373 Y-1.324 E.15325
G1 X-24.217 Y-.512 E.15325
G1 X-21.036 Y.2 E.15325
G1 X-17.835 Y.812 E.15325
G1 X-14.617 Y1.322 E.15325
G1 X-11.384 Y1.732 E.15325
G1 X-8.139 Y2.039 E.15325
G1 X-4.887 Y2.244 E.15325
G1 X-1.629 Y2.346 E.15325
G1 X1.629 Y2.346 E.15325
G1 X4.887 Y2.244 E.15325
G1 X8.139 Y2.039 E.15325
G1 X11.384 Y1.732 E.15325
G1 X14.617 Y1.322 E.15325
G1 X17.835 Y.812 E.15325
G1 X21.036 Y.2 E.15325
G1 X24.217 Y-.512 E.15325
G1 X27.373 Y-1.324 E.15325
G1 X30.502 Y-2.235 E.15325
G1 X33.156 Y-3.098 E.13125
SET_VELOCITY_LIMIT ACCEL=10000
G1 X32.901 Y-2.55 F30000
;TYPE:Gap infill
;WIDTH:0.345887
G1 F2051
G1 X30.189 Y-1.682 E.07032
G1 X27.49 Y-.903 E.06934
G1 X23.964 Y-.002 E.08985
G1 X20.816 Y.692 E.0796
G1 X17.913 Y1.243 E.07294
G1 X14.681 Y1.756 E.0808
G1 X11.429 Y2.168 E.08091
G1 X8.053 Y2.486 E.08374
G1 X4.835 Y2.686 E.0796
G1 X1.639 Y2.786 E.07894
G1 X-1.612 Y2.786 E.08026
G1 X-4.905 Y2.683 E.08134
G1 X-8.176 Y2.476 E.08091
G1 X-11.434 Y2.167 E.0808
G1 X-14.462 Y1.787 E.07534
G1 X-17.647 Y1.289 E.0796
G1 X-21.123 Y.629 E.08734
G1 X-24.321 Y-.087 E.08091
G1 X-27.49 Y-.903 E.08079
G1 X-30.189 Y-1.682 E.06934
G1 X-32.901 Y-2.55 E.07032
;LAYER_CHANGE
;Z:37.46
;HEIGHT:0.200001
;BEFORE_LAYER_CHANGE
;37.46
G1 E-1.2 F2100
;WIPE_START
G1 F9000
G1 X-30.997 Y-1.941
;WIPE_END
;AFTER_LAYER_CHANGE
;37.46
;_SET_FAN_SPEED_CHANGING_LAYER
G17
G3 Z37.86 I.022 J1.217 P1  F30000
G1 X33.19 Y-3.11 Z37.86
G1 Z37.46
G1 E1.2 F2100
SET_VELOCITY_LIMIT ACCEL=5000
;TYPE:Outer wall
;WIDTH:0.62
G1 F2051
G1 X33.19 Y-2.178 E.0438
G1 X30.317 Y-1.258 E.14184
G1 X27.205 Y-.366 E.15226
G1 X24.066 Y.429 E.15226
G1 X20.904 Y1.126 E.15226
G1 X17.722 Y1.724 E.15226
G1 X14.523 Y2.224 E.15225
G1 X11.31 Y2.625 E.15226
G1 X8.087 Y2.926 E.15226
G1 X4.855 Y3.126 E.15226
G1 X1.619 Y3.227 E.15225
G1 X-1.619 Y3.227 E.15226
G1 X-4.855 Y3.126 E.15225
G1 X-8.087 Y2.926 E.15226
G1 X-11.31 Y2.625 E.15226
G1 X-14.523 Y2.224 E.15226
G1 X-17.722 Y1.724 E.15225
G1 X-20.904 Y1.126 E.15226
G1 X-24.066 Y.429 E.15226
G1 X-27.205 Y-.366 E.15226
G1 X-30.317 Y-1.258 E.15226
G1 X-33.19 Y-2.178 E.14184
G1 X-33.19 Y-3.11 E.0438
G1 X-30.502 Y-2.235 E.13294
G1 X-27.373 Y-1.324 E.15325
G1 X-24.217 Y-.512 E.15325
G1 X-21.036 Y.2 E.15325
G1 X-17.835 Y.812 E.15325
G1 X-14.617 Y1.322 E.15325
G1 X-11.384 Y1.732 E.15325
G1 X-8.139 Y2.039 E.15325
G1 X-4.887 Y2.244 E.15325
G1 X-1.629 Y2.346 E.15325
G1 X1.629 Y2.346 E.15325
G1 X4.887 Y2.244 E.15325
G1 X8.139 Y2.039 E.15325
G1 X11.384 Y1.732 E.15325
G1 X14.617 Y1.322 E.15325
G1 X17.835 Y.812 E.15325
G1 X21.036 Y.2 E.15325
G1 X24.217 Y-.512 E.15325
G1 X27.373 Y-1.324 E.15325
G1 X30.502 Y-2.235 E.15325
G1 X33.156 Y-3.098 E.13125
SET_VELOCITY_LIMIT ACCEL=10000
G1 X32.901 Y-2.55 F30000
;TYPE:Gap infill
;WIDTH:0.345887
G1 F2051
G1 X30.189 Y-1.682 E.07032
G1 X27.49 Y-.903 E.06934
G1 X23.964 Y-.002 E.08985
G1 X20.816 Y.692 E.0796
G1 X17.913 Y1.243 E.07294
G1 X14.681 Y1.756 E.0808
G1 X11.429 Y2.168 E.08091
G1 X8.053 Y2.486 E.08374
G1 X4.835 Y2.686 E.0796
G1 X1.639 Y2.786 E.07894
G1 X-1.612 Y2.786 E.08026
G1 X-4.905 Y2.683 E.08134
G1 X-8.176 Y2.476 E.08091
G1 X-11.434 Y2.167 E.0808
G1 X-14.462 Y1.787 E.07534
G1 X-17.647 Y1.289 E.0796
G1 X-21.123 Y.629 E.08734
G1 X-24.321 Y-.087 E.08091
G1 X-27.49 Y-.903 E.08079
G1 X-30.189 Y-1.682 E.06934
G1 X-32.901 Y-2.55 E.07032
;LAYER_CHANGE
;Z:37.66
;HEIGHT:0.200001
;BEFORE_LAYER_CHANGE
;37.66
G1 E-1.2 F2100
;WIPE_START
G1 F9000
G1 X-30.997 Y-1.941
;WIPE_END
;AFTER_LAYER_CHANGE
;37.66
;_SET_FAN_SPEED_CHANGING_LAYER
G17
G3 Z38.06 I.022 J1.217 P1  F30000
G1 X33.19 Y-3.11 Z38.06
G1 Z37.66
G1 E1.2 F2100
SET_VELOCITY_LIMIT ACCEL=5000
;TYPE:Outer wall
;WIDTH:0.62
G1 F2051
G1 X33.19 Y-2.178 E.0438
G1 X30.317 Y-1.258 E.14184
G1 X27.205 Y-.366 E.15226
G1 X24.066 Y.429 E.15226
G1 X20.904 Y1.126 E.15226
G1 X17.722 Y1.724 E.15226
G1 X14.523 Y2.224 E.15225
G1 X11.31 Y2.625 E.15226
G1 X8.087 Y2.926 E.15226
G1 X4.855 Y3.126 E.15226
G1 X1.619 Y3.227 E.15225
G1 X-1.619 Y3.227 E.15226
G1 X-4.855 Y3.126 E.15225
G1 X-8.087 Y2.926 E.15226
G1 X-11.31 Y2.625 E.15226
G1 X-14.523 Y2.224 E.15226
G1 X-17.722 Y1.724 E.15225
G1 X-20.904 Y1.126 E.15226
G1 X-24.066 Y.429 E.15226
G1 X-27.205 Y-.366 E.15226
G1 X-30.317 Y-1.258 E.15226
G1 X-33.19 Y-2.178 E.14184
G1 X-33.19 Y-3.11 E.0438
G1 X-30.502 Y-2.235 E.13294
G1 X-27.373 Y-1.324 E.15325
G1 X-24.217 Y-.512 E.15325
G1 X-21.036 Y.2 E.15325
G1 X-17.835 Y.812 E.15325
G1 X-14.617 Y1.322 E.15325
G1 X-11.384 Y1.732 E.15325
G1 X-8.139 Y2.039 E.15325
G1 X-5.519 Y2.204 E.12348
G1 X-4.887 Y2.244 E.02977
G1 X-1.629 Y2.346 E.15325
G1 X1.629 Y2.346 E.15325
G1 X4.887 Y2.244 E.15325
M73 P82 R4
G1 X8.139 Y2.039 E.15325
G1 X11.384 Y1.732 E.15325
G1 X14.617 Y1.322 E.15325
G1 X17.835 Y.812 E.15325
G1 X21.036 Y.2 E.15325
G1 X24.217 Y-.512 E.15325
G1 X27.373 Y-1.324 E.15325
G1 X30.502 Y-2.235 E.15325
G1 X33.156 Y-3.098 E.13125
SET_VELOCITY_LIMIT ACCEL=10000
G1 X32.901 Y-2.55 F30000
;TYPE:Gap infill
;WIDTH:0.345888
G1 F2051
G1 X30.189 Y-1.682 E.07032
G1 X27.49 Y-.903 E.06934
G1 X24.321 Y-.087 E.08079
G1 X21.123 Y.629 E.08091
G1 X17.647 Y1.289 E.08734
G1 X14.462 Y1.787 E.0796
G1 X11.434 Y2.167 E.07534
G1 X8.176 Y2.476 E.0808
G1 X4.905 Y2.683 E.08091
G1 X1.612 Y2.786 E.08134
G1 X-1.639 Y2.786 E.08026
G1 X-4.835 Y2.686 E.07894
G1 X-8.053 Y2.486 E.0796
G1 X-11.429 Y2.168 E.08374
G1 X-14.681 Y1.756 E.08091
G1 X-17.913 Y1.243 E.0808
G1 X-20.816 Y.692 E.07294
G1 X-23.964 Y-.002 E.0796
G1 X-27.49 Y-.903 E.08985
G1 X-30.189 Y-1.682 E.06934
G1 X-32.901 Y-2.55 E.07032
;LAYER_CHANGE
;Z:37.86
;HEIGHT:0.200001
;BEFORE_LAYER_CHANGE
;37.86
G1 E-1.2 F2100
;WIPE_START
G1 F9000
G1 X-30.997 Y-1.941
;WIPE_END
;AFTER_LAYER_CHANGE
;37.86
;_SET_FAN_SPEED_CHANGING_LAYER
G17
G3 Z38.26 I.022 J1.217 P1  F30000
G1 X33.19 Y-3.11 Z38.26
G1 Z37.86
G1 E1.2 F2100
SET_VELOCITY_LIMIT ACCEL=5000
;TYPE:Outer wall
;WIDTH:0.62
G1 F2051
G1 X33.19 Y-2.178 E.0438
G1 X30.317 Y-1.258 E.14184
G1 X27.205 Y-.366 E.15226
G1 X24.066 Y.429 E.15226
G1 X20.904 Y1.126 E.15226
G1 X17.722 Y1.724 E.15226
G1 X14.523 Y2.224 E.15225
G1 X11.31 Y2.625 E.15226
G1 X8.087 Y2.926 E.15226
G1 X4.855 Y3.126 E.15226
G1 X1.619 Y3.227 E.15225
G1 X-1.619 Y3.227 E.15226
G1 X-4.855 Y3.126 E.15225
G1 X-8.087 Y2.926 E.15226
G1 X-11.31 Y2.625 E.15226
G1 X-14.523 Y2.224 E.15226
G1 X-17.722 Y1.724 E.15225
G1 X-20.904 Y1.126 E.15226
G1 X-24.066 Y.429 E.15226
G1 X-27.205 Y-.366 E.15226
G1 X-30.317 Y-1.258 E.15226
G1 X-33.19 Y-2.178 E.14184
G1 X-33.19 Y-3.11 E.0438
G1 X-30.502 Y-2.235 E.13294
G1 X-27.373 Y-1.324 E.15325
G1 X-24.217 Y-.512 E.15325
G1 X-21.036 Y.2 E.15325
G1 X-17.835 Y.812 E.15325
G1 X-14.617 Y1.322 E.15325
G1 X-11.384 Y1.732 E.15325
G1 X-8.139 Y2.039 E.15325
G1 X-4.887 Y2.244 E.15325
G1 X-1.629 Y2.346 E.15325
G1 X1.629 Y2.346 E.15325
G1 X4.887 Y2.244 E.15325
G1 X8.139 Y2.039 E.15325
G1 X11.384 Y1.732 E.15325
G1 X14.617 Y1.322 E.15325
G1 X17.835 Y.812 E.15325
G1 X21.036 Y.2 E.15325
G1 X24.217 Y-.512 E.15325
G1 X27.373 Y-1.324 E.15325
G1 X30.502 Y-2.235 E.15325
G1 X33.156 Y-3.098 E.13125
SET_VELOCITY_LIMIT ACCEL=10000
G1 X32.901 Y-2.55 F30000
;TYPE:Gap infill
;WIDTH:0.345888
G1 F2051
G1 X30.189 Y-1.682 E.07032
G1 X27.49 Y-.903 E.06934
G1 X24.321 Y-.087 E.08079
G1 X21.123 Y.629 E.08091
G1 X17.647 Y1.289 E.08734
G1 X14.462 Y1.787 E.0796
G1 X11.434 Y2.167 E.07534
G1 X8.176 Y2.476 E.0808
G1 X4.905 Y2.683 E.08091
G1 X1.612 Y2.786 E.08134
G1 X-1.639 Y2.786 E.08026
G1 X-4.835 Y2.686 E.07894
G1 X-8.053 Y2.486 E.0796
G1 X-11.429 Y2.168 E.08374
G1 X-14.681 Y1.756 E.08091
G1 X-17.913 Y1.243 E.0808
G1 X-20.816 Y.692 E.07294
G1 X-23.964 Y-.002 E.0796
G1 X-27.49 Y-.903 E.08985
G1 X-30.189 Y-1.682 E.06934
G1 X-32.901 Y-2.55 E.07032
;LAYER_CHANGE
;Z:38.06
;HEIGHT:0.200001
;BEFORE_LAYER_CHANGE
;38.06
G1 E-1.2 F2100
;WIPE_START
G1 F9000
G1 X-30.997 Y-1.941
;WIPE_END
;AFTER_LAYER_CHANGE
;38.06
;_SET_FAN_SPEED_CHANGING_LAYER
G17
G3 Z38.46 I.022 J1.217 P1  F30000
G1 X33.19 Y-3.11 Z38.46
G1 Z38.06
G1 E1.2 F2100
SET_VELOCITY_LIMIT ACCEL=5000
;TYPE:Outer wall
;WIDTH:0.62
G1 F2051
G1 X33.19 Y-2.178 E.0438
G1 X30.317 Y-1.258 E.14184
G1 X27.205 Y-.366 E.15226
G1 X24.066 Y.429 E.15226
G1 X20.904 Y1.126 E.15226
G1 X17.722 Y1.724 E.15226
G1 X14.523 Y2.224 E.15225
G1 X11.31 Y2.625 E.15226
G1 X8.087 Y2.926 E.15226
G1 X4.855 Y3.126 E.15226
G1 X1.619 Y3.227 E.15225
G1 X-1.619 Y3.227 E.15226
G1 X-4.855 Y3.126 E.15225
G1 X-8.087 Y2.926 E.15226
G1 X-11.31 Y2.625 E.15226
G1 X-14.523 Y2.224 E.15226
G1 X-17.722 Y1.724 E.15225
G1 X-20.904 Y1.126 E.15226
G1 X-24.066 Y.429 E.15226
G1 X-27.205 Y-.366 E.15226
G1 X-30.317 Y-1.258 E.15226
G1 X-33.19 Y-2.178 E.14184
G1 X-33.19 Y-3.11 E.0438
G1 X-30.502 Y-2.235 E.13294
G1 X-27.373 Y-1.324 E.15325
G1 X-24.217 Y-.512 E.15325
G1 X-21.036 Y.2 E.15325
G1 X-17.835 Y.812 E.15325
G1 X-14.617 Y1.322 E.15325
G1 X-11.384 Y1.732 E.15325
G1 X-8.139 Y2.039 E.15325
G1 X-4.887 Y2.244 E.15325
G1 X-1.629 Y2.346 E.15325
G1 X1.629 Y2.346 E.15325
G1 X4.887 Y2.244 E.15325
G1 X8.139 Y2.039 E.15325
G1 X11.384 Y1.732 E.15325
G1 X14.617 Y1.322 E.15325
G1 X17.835 Y.812 E.15325
G1 X21.036 Y.2 E.15325
G1 X24.217 Y-.512 E.15325
G1 X27.373 Y-1.324 E.15325
G1 X30.502 Y-2.235 E.15325
G1 X33.156 Y-3.098 E.13125
SET_VELOCITY_LIMIT ACCEL=10000
G1 X32.901 Y-2.55 F30000
;TYPE:Gap infill
;WIDTH:0.345888
G1 F2051
G1 X30.189 Y-1.682 E.07032
G1 X27.49 Y-.903 E.06934
G1 X23.964 Y-.002 E.08985
G1 X20.816 Y.692 E.0796
G1 X17.913 Y1.243 E.07294
G1 X14.681 Y1.756 E.0808
G1 X11.429 Y2.168 E.08091
G1 X8.053 Y2.486 E.08374
G1 X4.835 Y2.686 E.0796
G1 X1.639 Y2.786 E.07894
G1 X-1.612 Y2.786 E.08026
G1 X-4.905 Y2.683 E.08134
G1 X-8.176 Y2.476 E.08091
G1 X-11.434 Y2.167 E.0808
G1 X-14.462 Y1.787 E.07534
G1 X-17.647 Y1.289 E.0796
G1 X-21.123 Y.629 E.08734
G1 X-24.321 Y-.087 E.08091
G1 X-27.49 Y-.903 E.08079
M73 P83 R4
G1 X-30.189 Y-1.682 E.06934
G1 X-32.901 Y-2.55 E.07032
;LAYER_CHANGE
;Z:38.26
;HEIGHT:0.199997
;BEFORE_LAYER_CHANGE
;38.26
G1 E-1.2 F2100
;WIPE_START
G1 F9000
G1 X-30.997 Y-1.941
;WIPE_END
;AFTER_LAYER_CHANGE
;38.26
;_SET_FAN_SPEED_CHANGING_LAYER
G17
G3 Z38.66 I.022 J1.217 P1  F30000
G1 X33.19 Y-3.11 Z38.66
G1 Z38.26
G1 E1.2 F2100
SET_VELOCITY_LIMIT ACCEL=5000
;TYPE:Outer wall
;WIDTH:0.62
G1 F2051
G1 X33.19 Y-2.178 E.0438
G1 X30.317 Y-1.258 E.14184
G1 X27.205 Y-.366 E.15226
G1 X24.066 Y.429 E.15226
G1 X20.904 Y1.126 E.15226
G1 X17.722 Y1.724 E.15226
G1 X14.523 Y2.224 E.15225
G1 X11.31 Y2.625 E.15226
G1 X8.087 Y2.926 E.15226
G1 X4.855 Y3.126 E.15226
G1 X1.619 Y3.227 E.15225
G1 X-1.619 Y3.227 E.15226
G1 X-4.855 Y3.126 E.15225
G1 X-8.087 Y2.926 E.15226
G1 X-11.31 Y2.625 E.15226
G1 X-14.523 Y2.224 E.15226
G1 X-17.722 Y1.724 E.15225
G1 X-20.904 Y1.126 E.15226
G1 X-24.066 Y.429 E.15226
G1 X-27.205 Y-.366 E.15226
G1 X-30.317 Y-1.258 E.15226
G1 X-33.19 Y-2.178 E.14184
G1 X-33.19 Y-3.11 E.0438
G1 X-30.502 Y-2.235 E.13294
G1 X-27.373 Y-1.324 E.15325
G1 X-24.217 Y-.512 E.15325
G1 X-21.036 Y.2 E.15325
G1 X-17.835 Y.812 E.15325
G1 X-14.617 Y1.322 E.15325
G1 X-11.384 Y1.732 E.15325
G1 X-8.139 Y2.039 E.15325
G1 X-5.475 Y2.207 E.12552
G1 X-4.887 Y2.244 E.02773
G1 X-1.629 Y2.346 E.15325
G1 X1.629 Y2.346 E.15325
G1 X4.887 Y2.244 E.15325
G1 X8.139 Y2.039 E.15325
G1 X11.384 Y1.732 E.15325
G1 X14.617 Y1.322 E.15325
G1 X17.835 Y.812 E.15325
G1 X21.036 Y.2 E.15325
G1 X24.217 Y-.512 E.15325
G1 X27.373 Y-1.324 E.15325
G1 X30.502 Y-2.235 E.15325
G1 X33.156 Y-3.098 E.13125
SET_VELOCITY_LIMIT ACCEL=10000
G1 X32.901 Y-2.55 F30000
;TYPE:Gap infill
;WIDTH:0.345888
G1 F2051
G1 X30.189 Y-1.682 E.07032
G1 X27.49 Y-.903 E.06934
G1 X24.321 Y-.087 E.08079
G1 X21.123 Y.629 E.08091
G1 X17.647 Y1.289 E.08734
G1 X14.462 Y1.787 E.0796
G1 X11.434 Y2.167 E.07534
G1 X8.176 Y2.476 E.0808
G1 X4.905 Y2.683 E.08091
G1 X1.612 Y2.786 E.08134
G1 X-1.639 Y2.786 E.08026
G1 X-4.835 Y2.686 E.07894
G1 X-8.053 Y2.486 E.0796
G1 X-11.429 Y2.168 E.08374
G1 X-14.681 Y1.756 E.08091
G1 X-17.913 Y1.243 E.0808
G1 X-20.816 Y.692 E.07294
G1 X-23.964 Y-.002 E.0796
G1 X-27.49 Y-.903 E.08985
G1 X-30.189 Y-1.682 E.06934
G1 X-32.901 Y-2.55 E.07032
;LAYER_CHANGE
;Z:38.46
;HEIGHT:0.200001
;BEFORE_LAYER_CHANGE
;38.46
G1 E-1.2 F2100
;WIPE_START
G1 F9000
G1 X-30.997 Y-1.941
;WIPE_END
;AFTER_LAYER_CHANGE
;38.46
;_SET_FAN_SPEED_CHANGING_LAYER
G17
G3 Z38.86 I.022 J1.217 P1  F30000
G1 X33.19 Y-3.11 Z38.86
G1 Z38.46
G1 E1.2 F2100
SET_VELOCITY_LIMIT ACCEL=5000
;TYPE:Outer wall
;WIDTH:0.62
G1 F2051
G1 X33.19 Y-2.178 E.0438
G1 X30.317 Y-1.258 E.14184
G1 X27.205 Y-.366 E.15226
G1 X24.066 Y.429 E.15226
G1 X20.904 Y1.126 E.15226
G1 X17.722 Y1.724 E.15226
G1 X14.523 Y2.224 E.15225
G1 X11.31 Y2.625 E.15226
G1 X8.087 Y2.926 E.15226
G1 X4.855 Y3.126 E.15226
G1 X1.619 Y3.227 E.15225
G1 X-1.619 Y3.227 E.15226
G1 X-4.855 Y3.126 E.15225
G1 X-8.087 Y2.926 E.15226
G1 X-11.31 Y2.625 E.15226
G1 X-14.523 Y2.224 E.15226
G1 X-17.722 Y1.724 E.15225
G1 X-20.904 Y1.126 E.15226
G1 X-24.066 Y.429 E.15226
G1 X-27.205 Y-.366 E.15226
G1 X-30.317 Y-1.258 E.15226
G1 X-33.19 Y-2.178 E.14184
G1 X-33.19 Y-3.11 E.0438
G1 X-30.502 Y-2.235 E.13294
G1 X-27.373 Y-1.324 E.15325
G1 X-24.217 Y-.512 E.15325
G1 X-21.036 Y.2 E.15325
G1 X-17.835 Y.812 E.15325
G1 X-14.617 Y1.322 E.15325
G1 X-11.384 Y1.732 E.15325
G1 X-8.139 Y2.039 E.15325
G1 X-4.887 Y2.244 E.15325
G1 X-1.629 Y2.346 E.15325
G1 X1.629 Y2.346 E.15325
G1 X4.887 Y2.244 E.15325
G1 X8.139 Y2.039 E.15325
G1 X11.384 Y1.732 E.15325
G1 X14.617 Y1.322 E.15325
G1 X17.835 Y.812 E.15325
G1 X21.036 Y.2 E.15325
G1 X24.217 Y-.512 E.15325
G1 X27.373 Y-1.324 E.15325
G1 X30.502 Y-2.235 E.15325
G1 X33.156 Y-3.098 E.13125
SET_VELOCITY_LIMIT ACCEL=10000
G1 X32.901 Y-2.55 F30000
;TYPE:Gap infill
;WIDTH:0.345888
G1 F2051
G1 X30.189 Y-1.682 E.07032
G1 X27.49 Y-.903 E.06934
G1 X24.321 Y-.087 E.08079
G1 X21.123 Y.629 E.08091
G1 X17.647 Y1.289 E.08734
G1 X14.462 Y1.787 E.0796
G1 X11.434 Y2.167 E.07534
G1 X8.176 Y2.476 E.0808
G1 X4.905 Y2.683 E.08091
G1 X1.612 Y2.786 E.08134
G1 X-1.639 Y2.786 E.08026
G1 X-4.835 Y2.686 E.07894
G1 X-8.053 Y2.486 E.0796
G1 X-11.429 Y2.168 E.08374
G1 X-14.681 Y1.756 E.08091
G1 X-17.913 Y1.243 E.0808
G1 X-20.816 Y.692 E.07294
G1 X-23.964 Y-.002 E.0796
G1 X-27.49 Y-.903 E.08985
G1 X-30.189 Y-1.682 E.06934
G1 X-32.901 Y-2.55 E.07032
;LAYER_CHANGE
;Z:38.66
;HEIGHT:0.200001
;BEFORE_LAYER_CHANGE
;38.66
G1 E-1.2 F2100
;WIPE_START
G1 F9000
G1 X-30.997 Y-1.941
;WIPE_END
;AFTER_LAYER_CHANGE
;38.66
;_SET_FAN_SPEED_CHANGING_LAYER
G17
G3 Z39.06 I.022 J1.217 P1  F30000
G1 X33.19 Y-3.11 Z39.06
G1 Z38.66
G1 E1.2 F2100
SET_VELOCITY_LIMIT ACCEL=5000
;TYPE:Outer wall
;WIDTH:0.62
G1 F2051
G1 X33.19 Y-2.178 E.0438
G1 X30.317 Y-1.258 E.14184
G1 X27.205 Y-.366 E.15226
G1 X24.066 Y.429 E.15226
G1 X20.904 Y1.126 E.15226
G1 X17.722 Y1.724 E.15226
G1 X14.523 Y2.224 E.15225
G1 X11.31 Y2.625 E.15226
G1 X8.087 Y2.926 E.15226
G1 X4.855 Y3.126 E.15226
G1 X1.619 Y3.227 E.15225
G1 X-1.619 Y3.227 E.15226
G1 X-4.855 Y3.126 E.15225
G1 X-8.087 Y2.926 E.15226
G1 X-11.31 Y2.625 E.15226
G1 X-14.523 Y2.224 E.15226
G1 X-17.722 Y1.724 E.15225
G1 X-20.904 Y1.126 E.15226
G1 X-24.066 Y.429 E.15226
G1 X-27.205 Y-.366 E.15226
G1 X-30.317 Y-1.258 E.15226
G1 X-33.19 Y-2.178 E.14184
G1 X-33.19 Y-3.11 E.0438
M73 P84 R4
G1 X-30.502 Y-2.235 E.13294
G1 X-27.373 Y-1.324 E.15325
G1 X-24.217 Y-.512 E.15325
G1 X-21.036 Y.2 E.15325
G1 X-17.835 Y.812 E.15325
G1 X-14.617 Y1.322 E.15325
G1 X-11.384 Y1.732 E.15325
G1 X-8.139 Y2.039 E.15325
G1 X-4.887 Y2.244 E.15325
G1 X-1.629 Y2.346 E.15325
G1 X1.629 Y2.346 E.15325
G1 X4.887 Y2.244 E.15325
G1 X8.139 Y2.039 E.15325
G1 X11.384 Y1.732 E.15325
G1 X14.617 Y1.322 E.15325
G1 X17.835 Y.812 E.15325
G1 X21.036 Y.2 E.15325
G1 X24.217 Y-.512 E.15325
G1 X27.373 Y-1.324 E.15325
G1 X30.502 Y-2.235 E.15325
G1 X33.156 Y-3.098 E.13125
SET_VELOCITY_LIMIT ACCEL=10000
G1 X32.901 Y-2.55 F30000
;TYPE:Gap infill
;WIDTH:0.345889
G1 F2051
G1 X30.189 Y-1.682 E.07032
G1 X27.49 Y-.903 E.06934
G1 X24.321 Y-.087 E.08079
G1 X21.123 Y.629 E.08091
G1 X17.647 Y1.289 E.08734
G1 X14.462 Y1.787 E.0796
G1 X11.434 Y2.167 E.07534
G1 X8.176 Y2.476 E.0808
G1 X4.905 Y2.683 E.08091
G1 X1.612 Y2.786 E.08134
G1 X-1.639 Y2.786 E.08026
G1 X-4.835 Y2.686 E.07894
G1 X-8.053 Y2.486 E.0796
G1 X-11.429 Y2.168 E.08374
G1 X-14.681 Y1.756 E.08091
G1 X-17.913 Y1.243 E.0808
G1 X-20.816 Y.692 E.07294
G1 X-23.964 Y-.002 E.0796
G1 X-27.49 Y-.903 E.08985
G1 X-30.189 Y-1.682 E.06934
G1 X-32.901 Y-2.55 E.07032
;LAYER_CHANGE
;Z:38.86
;HEIGHT:0.200001
;BEFORE_LAYER_CHANGE
;38.86
G1 E-1.2 F2100
;WIPE_START
G1 F9000
G1 X-30.997 Y-1.941
;WIPE_END
;AFTER_LAYER_CHANGE
;38.86
;_SET_FAN_SPEED_CHANGING_LAYER
G17
G3 Z39.26 I.022 J1.217 P1  F30000
G1 X33.19 Y-3.11 Z39.26
G1 Z38.86
G1 E1.2 F2100
SET_VELOCITY_LIMIT ACCEL=5000
;TYPE:Outer wall
;WIDTH:0.62
G1 F2051
G1 X33.19 Y-2.178 E.0438
G1 X30.317 Y-1.258 E.14184
G1 X27.205 Y-.366 E.15226
G1 X24.066 Y.429 E.15226
G1 X20.904 Y1.126 E.15226
G1 X17.722 Y1.724 E.15226
G1 X14.523 Y2.224 E.15225
G1 X11.31 Y2.625 E.15226
G1 X8.087 Y2.926 E.15226
G1 X4.855 Y3.126 E.15226
G1 X1.619 Y3.227 E.15225
G1 X-1.619 Y3.227 E.15226
G1 X-4.855 Y3.126 E.15225
G1 X-8.087 Y2.926 E.15226
G1 X-11.31 Y2.625 E.15226
G1 X-14.523 Y2.224 E.15226
G1 X-17.722 Y1.724 E.15225
G1 X-20.904 Y1.126 E.15226
G1 X-24.066 Y.429 E.15226
G1 X-27.205 Y-.366 E.15226
G1 X-30.317 Y-1.258 E.15226
G1 X-33.19 Y-2.178 E.14184
G1 X-33.19 Y-3.11 E.0438
G1 X-30.502 Y-2.235 E.13294
G1 X-27.373 Y-1.324 E.15325
G1 X-24.217 Y-.512 E.15325
G1 X-21.036 Y.2 E.15325
G1 X-17.835 Y.812 E.15325
G1 X-14.617 Y1.322 E.15325
G1 X-11.384 Y1.732 E.15325
G1 X-8.139 Y2.039 E.15325
G1 X-5.432 Y2.209 E.12755
G1 X-4.887 Y2.244 E.02569
G1 X-1.629 Y2.346 E.15325
G1 X1.629 Y2.346 E.15325
G1 X4.887 Y2.244 E.15325
G1 X8.139 Y2.039 E.15325
G1 X11.384 Y1.732 E.15325
G1 X14.617 Y1.322 E.15325
G1 X17.835 Y.812 E.15325
G1 X21.036 Y.2 E.15325
G1 X24.217 Y-.512 E.15325
G1 X27.373 Y-1.324 E.15325
G1 X30.502 Y-2.235 E.15325
G1 X33.156 Y-3.098 E.13125
SET_VELOCITY_LIMIT ACCEL=10000
G1 X32.901 Y-2.55 F30000
;TYPE:Gap infill
;WIDTH:0.345898
G1 F2051
G1 X30.189 Y-1.682 E.07032
G1 X27.49 Y-.903 E.06934
G1 X23.964 Y-.002 E.08986
G1 X20.816 Y.692 E.0796
M73 P84 R3
G1 X17.913 Y1.243 E.07294
G1 X14.681 Y1.756 E.0808
G1 X11.429 Y2.168 E.08092
G1 X8.053 Y2.486 E.08374
G1 X4.835 Y2.686 E.0796
G1 X1.639 Y2.786 E.07894
G1 X-1.612 Y2.786 E.08026
G1 X-4.905 Y2.683 E.08134
G1 X-8.176 Y2.476 E.08092
G1 X-11.434 Y2.167 E.0808
G1 X-14.462 Y1.787 E.07534
G1 X-17.647 Y1.289 E.0796
G1 X-21.123 Y.629 E.08734
G1 X-24.321 Y-.087 E.08092
G1 X-27.49 Y-.903 E.0808
G1 X-30.189 Y-1.682 E.06934
G1 X-32.901 Y-2.55 E.07032
;LAYER_CHANGE
;Z:39.06
;HEIGHT:0.200001
;BEFORE_LAYER_CHANGE
;39.06
G1 E-1.2 F2100
;WIPE_START
G1 F9000
G1 X-30.997 Y-1.941
;WIPE_END
;AFTER_LAYER_CHANGE
;39.06
;_SET_FAN_SPEED_CHANGING_LAYER
G17
G3 Z39.46 I.022 J1.217 P1  F30000
G1 X33.19 Y-3.11 Z39.46
G1 Z39.06
G1 E1.2 F2100
SET_VELOCITY_LIMIT ACCEL=5000
;TYPE:Outer wall
;WIDTH:0.62
G1 F2051
G1 X33.19 Y-2.178 E.0438
G1 X30.317 Y-1.258 E.14184
G1 X27.205 Y-.366 E.15226
G1 X24.066 Y.429 E.15226
G1 X20.904 Y1.126 E.15226
G1 X17.722 Y1.724 E.15226
G1 X14.523 Y2.224 E.15225
G1 X11.31 Y2.625 E.15226
G1 X8.087 Y2.926 E.15226
G1 X4.855 Y3.126 E.15226
G1 X1.619 Y3.227 E.15225
G1 X-1.619 Y3.227 E.15226
G1 X-4.855 Y3.126 E.15225
G1 X-8.087 Y2.926 E.15226
G1 X-11.31 Y2.625 E.15226
G1 X-14.523 Y2.224 E.15226
G1 X-17.722 Y1.724 E.15225
G1 X-20.904 Y1.126 E.15226
G1 X-24.066 Y.429 E.15226
G1 X-27.205 Y-.366 E.15226
G1 X-30.317 Y-1.258 E.15226
G1 X-33.19 Y-2.178 E.14184
G1 X-33.19 Y-3.11 E.0438
G1 X-30.502 Y-2.235 E.13294
G1 X-27.373 Y-1.324 E.15325
G1 X-24.217 Y-.512 E.15325
G1 X-21.036 Y.2 E.15325
G1 X-17.835 Y.812 E.15325
G1 X-14.617 Y1.322 E.15325
G1 X-11.384 Y1.732 E.15325
G1 X-8.139 Y2.039 E.15325
G1 X-4.887 Y2.244 E.15325
G1 X-1.629 Y2.346 E.15325
G1 X1.629 Y2.346 E.15325
G1 X4.887 Y2.244 E.15325
G1 X8.139 Y2.039 E.15325
G1 X11.384 Y1.732 E.15325
G1 X14.617 Y1.322 E.15325
G1 X17.835 Y.812 E.15325
G1 X21.036 Y.2 E.15325
G1 X24.217 Y-.512 E.15325
G1 X27.373 Y-1.324 E.15325
G1 X30.502 Y-2.235 E.15325
G1 X33.156 Y-3.098 E.13125
SET_VELOCITY_LIMIT ACCEL=10000
G1 X32.901 Y-2.55 F30000
;TYPE:Gap infill
;WIDTH:0.345889
G1 F2051
G1 X30.189 Y-1.682 E.07032
G1 X27.49 Y-.903 E.06934
G1 X23.964 Y-.002 E.08985
G1 X20.816 Y.692 E.0796
G1 X17.913 Y1.243 E.07294
G1 X14.681 Y1.756 E.0808
G1 X11.429 Y2.168 E.08091
G1 X8.053 Y2.486 E.08374
M73 P85 R3
G1 X4.835 Y2.686 E.0796
G1 X1.639 Y2.786 E.07894
G1 X-1.612 Y2.786 E.08026
G1 X-4.905 Y2.683 E.08134
G1 X-8.176 Y2.476 E.08091
G1 X-11.434 Y2.167 E.0808
G1 X-14.462 Y1.787 E.07534
G1 X-17.647 Y1.289 E.0796
G1 X-21.123 Y.629 E.08734
G1 X-24.321 Y-.087 E.08091
G1 X-27.49 Y-.903 E.08079
G1 X-30.189 Y-1.682 E.06934
G1 X-32.901 Y-2.55 E.07032
;LAYER_CHANGE
;Z:39.26
;HEIGHT:0.199997
;BEFORE_LAYER_CHANGE
;39.26
G1 E-1.2 F2100
;WIPE_START
G1 F9000
G1 X-30.997 Y-1.941
;WIPE_END
;AFTER_LAYER_CHANGE
;39.26
;_SET_FAN_SPEED_CHANGING_LAYER
G17
G3 Z39.66 I.022 J1.217 P1  F30000
G1 X33.19 Y-3.11 Z39.66
G1 Z39.26
G1 E1.2 F2100
SET_VELOCITY_LIMIT ACCEL=5000
;TYPE:Outer wall
;WIDTH:0.62
G1 F2051
G1 X33.19 Y-2.178 E.0438
G1 X30.317 Y-1.258 E.14184
G1 X27.205 Y-.366 E.15226
G1 X24.066 Y.429 E.15226
G1 X20.904 Y1.126 E.15226
G1 X17.722 Y1.724 E.15226
G1 X14.523 Y2.224 E.15225
G1 X11.31 Y2.625 E.15226
G1 X8.087 Y2.926 E.15226
G1 X4.855 Y3.126 E.15226
G1 X1.619 Y3.227 E.15225
G1 X-1.619 Y3.227 E.15226
G1 X-4.855 Y3.126 E.15225
G1 X-8.087 Y2.926 E.15226
G1 X-11.31 Y2.625 E.15226
G1 X-14.523 Y2.224 E.15226
G1 X-17.722 Y1.724 E.15225
G1 X-20.904 Y1.126 E.15226
G1 X-24.066 Y.429 E.15226
G1 X-27.205 Y-.366 E.15226
G1 X-30.317 Y-1.258 E.15226
G1 X-33.19 Y-2.178 E.14184
G1 X-33.19 Y-3.11 E.0438
G1 X-30.502 Y-2.235 E.13294
G1 X-27.373 Y-1.324 E.15325
G1 X-24.217 Y-.512 E.15325
G1 X-21.036 Y.2 E.15325
G1 X-17.835 Y.812 E.15325
G1 X-14.617 Y1.322 E.15325
G1 X-11.384 Y1.732 E.15325
G1 X-8.139 Y2.039 E.15325
G1 X-4.887 Y2.244 E.15325
G1 X-1.629 Y2.346 E.15325
G1 X1.629 Y2.346 E.15325
G1 X4.887 Y2.244 E.15325
G1 X8.139 Y2.039 E.15325
G1 X11.384 Y1.732 E.15325
G1 X14.617 Y1.322 E.15325
G1 X17.835 Y.812 E.15325
G1 X21.036 Y.2 E.15325
G1 X24.217 Y-.512 E.15325
G1 X27.373 Y-1.324 E.15325
G1 X30.502 Y-2.235 E.15325
G1 X33.156 Y-3.098 E.13125
SET_VELOCITY_LIMIT ACCEL=10000
G1 X32.901 Y-2.55 F30000
;TYPE:Gap infill
;WIDTH:0.345889
G1 F2051
G1 X30.189 Y-1.682 E.07032
G1 X27.49 Y-.903 E.06934
G1 X24.321 Y-.087 E.08079
G1 X21.123 Y.629 E.08091
G1 X17.647 Y1.289 E.08734
G1 X14.462 Y1.787 E.0796
G1 X11.434 Y2.167 E.07534
G1 X8.176 Y2.476 E.0808
G1 X4.905 Y2.683 E.08091
G1 X1.612 Y2.786 E.08134
G1 X-1.639 Y2.786 E.08026
G1 X-4.835 Y2.686 E.07894
G1 X-8.053 Y2.486 E.0796
G1 X-11.429 Y2.168 E.08374
G1 X-14.681 Y1.756 E.08091
G1 X-17.913 Y1.243 E.0808
G1 X-20.816 Y.692 E.07294
G1 X-23.964 Y-.002 E.0796
G1 X-27.49 Y-.903 E.08985
G1 X-30.189 Y-1.682 E.06934
G1 X-32.901 Y-2.55 E.07032
;LAYER_CHANGE
;Z:39.46
;HEIGHT:0.200001
;BEFORE_LAYER_CHANGE
;39.46
G1 E-1.2 F2100
;WIPE_START
G1 F9000
G1 X-30.997 Y-1.941
;WIPE_END
;AFTER_LAYER_CHANGE
;39.46
;_SET_FAN_SPEED_CHANGING_LAYER
G17
G3 Z39.86 I.022 J1.217 P1  F30000
G1 X33.19 Y-3.11 Z39.86
G1 Z39.46
G1 E1.2 F2100
SET_VELOCITY_LIMIT ACCEL=5000
;TYPE:Outer wall
;WIDTH:0.62
G1 F2051
G1 X33.19 Y-2.178 E.0438
G1 X30.317 Y-1.258 E.14184
G1 X27.205 Y-.366 E.15226
G1 X24.066 Y.429 E.15226
G1 X20.904 Y1.126 E.15226
G1 X17.722 Y1.724 E.15226
G1 X14.523 Y2.224 E.15225
G1 X11.31 Y2.625 E.15226
G1 X8.087 Y2.926 E.15226
G1 X4.855 Y3.126 E.15226
G1 X1.619 Y3.227 E.15225
G1 X-1.619 Y3.227 E.15226
G1 X-4.855 Y3.126 E.15225
G1 X-8.087 Y2.926 E.15226
G1 X-11.31 Y2.625 E.15226
G1 X-14.523 Y2.224 E.15226
G1 X-17.722 Y1.724 E.15225
G1 X-20.904 Y1.126 E.15226
G1 X-24.066 Y.429 E.15226
G1 X-27.205 Y-.366 E.15226
G1 X-30.317 Y-1.258 E.15226
G1 X-33.19 Y-2.178 E.14184
G1 X-33.19 Y-3.11 E.0438
G1 X-30.502 Y-2.235 E.13294
G1 X-27.373 Y-1.324 E.15325
G1 X-24.217 Y-.512 E.15325
G1 X-21.036 Y.2 E.15325
G1 X-17.835 Y.812 E.15325
G1 X-14.617 Y1.322 E.15325
G1 X-11.384 Y1.732 E.15325
G1 X-8.139 Y2.039 E.15325
G1 X-5.389 Y2.212 E.12959
G1 X-4.887 Y2.244 E.02366
G1 X-1.629 Y2.346 E.15325
G1 X1.629 Y2.346 E.15325
G1 X4.887 Y2.244 E.15325
G1 X8.139 Y2.039 E.15325
G1 X11.384 Y1.732 E.15325
G1 X14.617 Y1.322 E.15325
G1 X17.835 Y.812 E.15325
G1 X21.036 Y.2 E.15325
G1 X24.217 Y-.512 E.15325
G1 X27.373 Y-1.324 E.15325
G1 X30.502 Y-2.235 E.15325
G1 X33.156 Y-3.098 E.13125
SET_VELOCITY_LIMIT ACCEL=10000
G1 X32.901 Y-2.55 F30000
;TYPE:Gap infill
;WIDTH:0.34589
G1 F2051
G1 X30.189 Y-1.682 E.07032
G1 X27.49 Y-.903 E.06934
G1 X24.321 Y-.087 E.08079
G1 X21.123 Y.629 E.08091
G1 X17.647 Y1.289 E.08734
G1 X14.462 Y1.787 E.0796
G1 X11.434 Y2.167 E.07534
G1 X8.176 Y2.476 E.0808
G1 X4.905 Y2.683 E.08091
G1 X1.612 Y2.786 E.08134
G1 X-1.639 Y2.786 E.08026
G1 X-4.835 Y2.686 E.07894
G1 X-8.053 Y2.486 E.0796
G1 X-11.429 Y2.168 E.08374
G1 X-14.681 Y1.756 E.08091
G1 X-17.913 Y1.243 E.0808
G1 X-20.816 Y.692 E.07294
G1 X-23.964 Y-.002 E.0796
G1 X-27.49 Y-.903 E.08985
G1 X-30.189 Y-1.682 E.06934
G1 X-32.901 Y-2.55 E.07032
;LAYER_CHANGE
;Z:39.66
;HEIGHT:0.200001
;BEFORE_LAYER_CHANGE
;39.66
G1 E-1.2 F2100
;WIPE_START
G1 F9000
G1 X-30.997 Y-1.941
;WIPE_END
;AFTER_LAYER_CHANGE
;39.66
;_SET_FAN_SPEED_CHANGING_LAYER
G17
G3 Z40.06 I.022 J1.217 P1  F30000
G1 X33.19 Y-3.11 Z40.06
G1 Z39.66
G1 E1.2 F2100
SET_VELOCITY_LIMIT ACCEL=5000
;TYPE:Outer wall
;WIDTH:0.62
G1 F2051
G1 X33.19 Y-2.178 E.0438
G1 X30.317 Y-1.258 E.14184
G1 X27.205 Y-.366 E.15226
G1 X24.066 Y.429 E.15226
G1 X20.904 Y1.126 E.15226
G1 X17.722 Y1.724 E.15226
G1 X14.523 Y2.224 E.15225
G1 X11.31 Y2.625 E.15226
G1 X8.087 Y2.926 E.15226
G1 X4.855 Y3.126 E.15226
G1 X1.619 Y3.227 E.15225
G1 X-1.619 Y3.227 E.15226
M73 P86 R3
G1 X-4.855 Y3.126 E.15225
G1 X-8.087 Y2.926 E.15226
G1 X-11.31 Y2.625 E.15226
G1 X-14.523 Y2.224 E.15226
G1 X-17.722 Y1.724 E.15225
G1 X-20.904 Y1.126 E.15226
G1 X-24.066 Y.429 E.15226
G1 X-27.205 Y-.366 E.15226
G1 X-30.317 Y-1.258 E.15226
G1 X-33.19 Y-2.178 E.14184
G1 X-33.19 Y-3.11 E.0438
G1 X-30.502 Y-2.235 E.13294
G1 X-27.373 Y-1.324 E.15325
G1 X-24.217 Y-.512 E.15325
G1 X-21.036 Y.2 E.15325
G1 X-17.835 Y.812 E.15325
G1 X-14.617 Y1.322 E.15325
G1 X-11.384 Y1.732 E.15325
G1 X-8.139 Y2.039 E.15325
G1 X-5.374 Y2.213 E.13027
G1 X-4.887 Y2.244 E.02298
G1 X-1.629 Y2.346 E.15325
G1 X1.629 Y2.346 E.15325
G1 X4.887 Y2.244 E.15325
G1 X8.139 Y2.039 E.15325
G1 X11.384 Y1.732 E.15325
G1 X14.617 Y1.322 E.15325
G1 X17.835 Y.812 E.15325
G1 X21.036 Y.2 E.15325
G1 X24.217 Y-.512 E.15325
G1 X27.373 Y-1.324 E.15325
G1 X30.502 Y-2.235 E.15325
G1 X33.156 Y-3.098 E.13125
SET_VELOCITY_LIMIT ACCEL=10000
G1 X32.901 Y-2.55 F30000
;TYPE:Gap infill
;WIDTH:0.34589
G1 F2051
G1 X30.189 Y-1.682 E.07032
G1 X27.49 Y-.903 E.06934
G1 X23.964 Y-.002 E.08985
G1 X20.816 Y.692 E.0796
G1 X17.913 Y1.243 E.07294
G1 X14.681 Y1.756 E.0808
G1 X11.429 Y2.168 E.08091
G1 X8.053 Y2.486 E.08374
G1 X4.835 Y2.686 E.0796
G1 X1.639 Y2.786 E.07894
G1 X-1.612 Y2.786 E.08026
G1 X-4.905 Y2.683 E.08134
G1 X-8.176 Y2.476 E.08091
G1 X-11.434 Y2.167 E.0808
G1 X-14.462 Y1.787 E.07534
G1 X-17.647 Y1.289 E.0796
G1 X-21.123 Y.629 E.08734
G1 X-24.321 Y-.087 E.08091
G1 X-27.49 Y-.903 E.08079
G1 X-30.189 Y-1.682 E.06934
G1 X-32.901 Y-2.55 E.07032
;LAYER_CHANGE
;Z:39.86
;HEIGHT:0.200001
;BEFORE_LAYER_CHANGE
;39.86
G1 E-1.2 F2100
;WIPE_START
G1 F9000
G1 X-30.997 Y-1.941
;WIPE_END
;AFTER_LAYER_CHANGE
;39.86
;_SET_FAN_SPEED_CHANGING_LAYER
G17
G3 Z40.26 I.022 J1.217 P1  F30000
G1 X33.19 Y-3.11 Z40.26
G1 Z39.86
G1 E1.2 F2100
SET_VELOCITY_LIMIT ACCEL=5000
;TYPE:Outer wall
;WIDTH:0.62
G1 F2051
G1 X33.19 Y-2.178 E.0438
G1 X30.317 Y-1.258 E.14184
G1 X27.205 Y-.366 E.15226
G1 X24.066 Y.429 E.15226
G1 X20.904 Y1.126 E.15226
G1 X17.722 Y1.724 E.15226
G1 X14.523 Y2.224 E.15225
G1 X11.31 Y2.625 E.15226
G1 X8.087 Y2.926 E.15226
G1 X4.855 Y3.126 E.15226
G1 X1.619 Y3.227 E.15225
G1 X-1.619 Y3.227 E.15226
G1 X-4.855 Y3.126 E.15225
G1 X-8.087 Y2.926 E.15226
G1 X-11.31 Y2.625 E.15226
G1 X-14.523 Y2.224 E.15226
G1 X-17.722 Y1.724 E.15225
G1 X-20.904 Y1.126 E.15226
G1 X-24.066 Y.429 E.15226
G1 X-27.205 Y-.366 E.15226
G1 X-30.317 Y-1.258 E.15226
G1 X-33.19 Y-2.178 E.14184
G1 X-33.19 Y-3.11 E.0438
G1 X-30.502 Y-2.235 E.13294
G1 X-27.373 Y-1.324 E.15325
G1 X-24.217 Y-.512 E.15325
G1 X-21.036 Y.2 E.15325
G1 X-17.835 Y.812 E.15325
G1 X-14.617 Y1.322 E.15325
G1 X-11.384 Y1.732 E.15325
G1 X-8.139 Y2.039 E.15325
G1 X-4.887 Y2.244 E.15325
G1 X-1.629 Y2.346 E.15325
G1 X1.629 Y2.346 E.15325
G1 X4.887 Y2.244 E.15325
G1 X8.139 Y2.039 E.15325
G1 X11.384 Y1.732 E.15325
G1 X14.617 Y1.322 E.15325
G1 X17.835 Y.812 E.15325
G1 X21.036 Y.2 E.15325
G1 X24.217 Y-.512 E.15325
G1 X27.373 Y-1.324 E.15325
G1 X30.502 Y-2.235 E.15325
G1 X33.156 Y-3.098 E.13125
SET_VELOCITY_LIMIT ACCEL=10000
G1 X32.901 Y-2.55 F30000
;TYPE:Gap infill
;WIDTH:0.34589
G1 F2051
G1 X30.189 Y-1.682 E.07032
G1 X27.49 Y-.903 E.06934
G1 X23.964 Y-.002 E.08985
G1 X20.816 Y.692 E.0796
G1 X17.913 Y1.243 E.07294
G1 X14.681 Y1.756 E.0808
G1 X11.429 Y2.168 E.08091
G1 X8.053 Y2.486 E.08374
G1 X4.835 Y2.686 E.0796
G1 X1.639 Y2.786 E.07894
G1 X-1.612 Y2.786 E.08026
G1 X-4.905 Y2.683 E.08134
G1 X-8.176 Y2.476 E.08091
G1 X-11.434 Y2.167 E.0808
G1 X-14.462 Y1.787 E.07534
G1 X-17.647 Y1.289 E.0796
G1 X-21.123 Y.629 E.08734
G1 X-24.321 Y-.087 E.08091
G1 X-27.49 Y-.903 E.08079
G1 X-30.189 Y-1.682 E.06934
G1 X-32.901 Y-2.55 E.07032
;LAYER_CHANGE
;Z:40.06
;HEIGHT:0.200001
;BEFORE_LAYER_CHANGE
;40.06
G1 E-1.2 F2100
;WIPE_START
G1 F9000
G1 X-30.997 Y-1.941
;WIPE_END
;AFTER_LAYER_CHANGE
;40.06
;_SET_FAN_SPEED_CHANGING_LAYER
G17
G3 Z40.46 I.022 J1.217 P1  F30000
G1 X33.19 Y-3.11 Z40.46
G1 Z40.06
G1 E1.2 F2100
SET_VELOCITY_LIMIT ACCEL=5000
;TYPE:Outer wall
;WIDTH:0.62
G1 F2051
G1 X33.19 Y-2.178 E.0438
G1 X30.317 Y-1.258 E.14184
G1 X27.205 Y-.366 E.15226
G1 X24.066 Y.429 E.15226
G1 X20.904 Y1.126 E.15226
G1 X17.722 Y1.724 E.15226
G1 X14.523 Y2.224 E.15225
G1 X11.31 Y2.625 E.15226
G1 X8.087 Y2.926 E.15226
G1 X4.855 Y3.126 E.15226
G1 X1.619 Y3.227 E.15225
G1 X-1.619 Y3.227 E.15226
G1 X-4.855 Y3.126 E.15225
G1 X-8.087 Y2.926 E.15226
G1 X-11.31 Y2.625 E.15226
G1 X-14.523 Y2.224 E.15226
G1 X-17.722 Y1.724 E.15225
G1 X-20.904 Y1.126 E.15226
G1 X-24.066 Y.429 E.15226
G1 X-27.205 Y-.366 E.15226
G1 X-30.317 Y-1.258 E.15226
G1 X-33.19 Y-2.178 E.14184
G1 X-33.19 Y-3.11 E.0438
G1 X-30.502 Y-2.235 E.13294
G1 X-27.373 Y-1.324 E.15325
G1 X-24.217 Y-.512 E.15325
G1 X-21.036 Y.2 E.15325
G1 X-17.835 Y.812 E.15325
G1 X-14.617 Y1.322 E.15325
G1 X-11.384 Y1.732 E.15325
G1 X-8.139 Y2.039 E.15325
G1 X-5.346 Y2.215 E.13163
G1 X-4.887 Y2.244 E.02162
G1 X-1.629 Y2.346 E.15325
G1 X1.629 Y2.346 E.15325
G1 X4.887 Y2.244 E.15325
G1 X8.139 Y2.039 E.15325
G1 X11.384 Y1.732 E.15325
G1 X14.617 Y1.322 E.15325
G1 X17.835 Y.812 E.15325
G1 X21.036 Y.2 E.15325
G1 X24.217 Y-.512 E.15325
M73 P87 R3
G1 X27.373 Y-1.324 E.15325
G1 X30.502 Y-2.235 E.15325
G1 X33.156 Y-3.098 E.13125
SET_VELOCITY_LIMIT ACCEL=10000
G1 X32.901 Y-2.55 F30000
;TYPE:Gap infill
;WIDTH:0.34589
G1 F2051
G1 X30.189 Y-1.682 E.07032
G1 X27.49 Y-.903 E.06934
G1 X24.321 Y-.087 E.08079
G1 X21.123 Y.629 E.08091
G1 X17.647 Y1.289 E.08734
G1 X14.462 Y1.787 E.0796
G1 X11.434 Y2.167 E.07534
G1 X8.176 Y2.476 E.0808
G1 X4.905 Y2.683 E.08091
G1 X1.612 Y2.786 E.08134
G1 X-1.639 Y2.786 E.08026
G1 X-4.835 Y2.686 E.07894
G1 X-8.053 Y2.486 E.0796
G1 X-11.429 Y2.168 E.08374
G1 X-14.681 Y1.756 E.08091
G1 X-17.913 Y1.243 E.0808
G1 X-20.816 Y.692 E.07294
G1 X-23.964 Y-.002 E.0796
G1 X-27.49 Y-.903 E.08985
G1 X-30.189 Y-1.682 E.06934
G1 X-32.901 Y-2.55 E.07032
;LAYER_CHANGE
;Z:40.26
;HEIGHT:0.199997
;BEFORE_LAYER_CHANGE
;40.26
G1 E-1.2 F2100
;WIPE_START
G1 F9000
G1 X-30.997 Y-1.941
;WIPE_END
;AFTER_LAYER_CHANGE
;40.26
;_SET_FAN_SPEED_CHANGING_LAYER
G17
G3 Z40.66 I.022 J1.217 P1  F30000
G1 X33.19 Y-3.11 Z40.66
G1 Z40.26
G1 E1.2 F2100
SET_VELOCITY_LIMIT ACCEL=5000
;TYPE:Outer wall
;WIDTH:0.62
G1 F2051
G1 X33.19 Y-2.178 E.0438
G1 X30.317 Y-1.258 E.14184
G1 X27.205 Y-.366 E.15226
G1 X24.066 Y.429 E.15226
G1 X20.904 Y1.126 E.15226
G1 X17.722 Y1.724 E.15226
G1 X14.523 Y2.224 E.15225
G1 X11.31 Y2.625 E.15226
G1 X8.087 Y2.926 E.15226
G1 X4.855 Y3.126 E.15226
G1 X1.619 Y3.227 E.15225
G1 X-1.619 Y3.227 E.15226
G1 X-4.855 Y3.126 E.15225
G1 X-8.087 Y2.926 E.15226
G1 X-11.31 Y2.625 E.15226
G1 X-14.523 Y2.224 E.15226
G1 X-17.722 Y1.724 E.15225
G1 X-20.904 Y1.126 E.15226
G1 X-24.066 Y.429 E.15226
G1 X-27.205 Y-.366 E.15226
G1 X-30.317 Y-1.258 E.15226
G1 X-33.19 Y-2.178 E.14184
G1 X-33.19 Y-3.11 E.0438
G1 X-30.502 Y-2.235 E.13294
G1 X-27.373 Y-1.324 E.15325
G1 X-24.217 Y-.512 E.15325
G1 X-21.036 Y.2 E.15325
G1 X-17.835 Y.812 E.15325
G1 X-14.617 Y1.322 E.15325
G1 X-11.384 Y1.732 E.15325
G1 X-8.139 Y2.039 E.15325
G1 X-5.331 Y2.216 E.13231
G1 X-4.887 Y2.244 E.02094
G1 X-1.629 Y2.346 E.15325
G1 X1.629 Y2.346 E.15325
G1 X4.887 Y2.244 E.15325
G1 X8.139 Y2.039 E.15325
G1 X11.384 Y1.732 E.15325
G1 X14.617 Y1.322 E.15325
G1 X17.835 Y.812 E.15325
G1 X21.036 Y.2 E.15325
G1 X24.217 Y-.512 E.15325
G1 X27.373 Y-1.324 E.15325
G1 X30.502 Y-2.235 E.15325
G1 X33.156 Y-3.098 E.13125
SET_VELOCITY_LIMIT ACCEL=10000
G1 X32.901 Y-2.55 F30000
;TYPE:Gap infill
;WIDTH:0.345891
G1 F2051
G1 X30.189 Y-1.682 E.07032
G1 X27.49 Y-.903 E.06934
G1 X24.321 Y-.087 E.08079
G1 X21.123 Y.629 E.08091
G1 X17.647 Y1.289 E.08734
G1 X14.462 Y1.787 E.0796
G1 X11.434 Y2.167 E.07534
G1 X8.176 Y2.476 E.0808
G1 X4.905 Y2.683 E.08091
G1 X1.612 Y2.786 E.08134
G1 X-1.639 Y2.786 E.08026
G1 X-4.835 Y2.686 E.07894
G1 X-8.053 Y2.486 E.0796
G1 X-11.429 Y2.168 E.08374
G1 X-14.681 Y1.756 E.08091
G1 X-17.913 Y1.243 E.0808
G1 X-20.816 Y.692 E.07294
G1 X-23.964 Y-.002 E.0796
G1 X-27.49 Y-.903 E.08985
G1 X-30.189 Y-1.682 E.06934
G1 X-32.901 Y-2.55 E.07032
;LAYER_CHANGE
;Z:40.46
;HEIGHT:0.200001
;BEFORE_LAYER_CHANGE
;40.46
G1 E-1.2 F2100
;WIPE_START
G1 F9000
G1 X-30.997 Y-1.941
;WIPE_END
;AFTER_LAYER_CHANGE
;40.46
;_SET_FAN_SPEED_CHANGING_LAYER
G17
G3 Z40.86 I.022 J1.217 P1  F30000
G1 X33.19 Y-3.11 Z40.86
G1 Z40.46
G1 E1.2 F2100
SET_VELOCITY_LIMIT ACCEL=5000
;TYPE:Outer wall
;WIDTH:0.62
G1 F2051
G1 X33.19 Y-2.178 E.0438
G1 X30.317 Y-1.258 E.14184
G1 X27.205 Y-.366 E.15226
G1 X24.066 Y.429 E.15226
G1 X20.904 Y1.126 E.15226
G1 X17.722 Y1.724 E.15226
G1 X14.523 Y2.224 E.15225
G1 X11.31 Y2.625 E.15226
G1 X8.087 Y2.926 E.15226
G1 X4.855 Y3.126 E.15226
G1 X1.619 Y3.227 E.15225
G1 X-1.619 Y3.227 E.15226
G1 X-4.855 Y3.126 E.15225
G1 X-8.087 Y2.926 E.15226
G1 X-11.31 Y2.625 E.15226
G1 X-14.523 Y2.224 E.15226
G1 X-17.722 Y1.724 E.15225
G1 X-20.904 Y1.126 E.15226
G1 X-24.066 Y.429 E.15226
G1 X-27.205 Y-.366 E.15226
G1 X-30.317 Y-1.258 E.15226
G1 X-33.19 Y-2.178 E.14184
G1 X-33.19 Y-3.11 E.0438
G1 X-30.502 Y-2.235 E.13294
G1 X-27.782 Y-1.443 E.13319
G1 X-24.217 Y-.512 E.17327
G1 X-21.036 Y.2 E.15328
G1 X-17.835 Y.812 E.15325
G1 X-14.617 Y1.322 E.15325
G1 X-11.384 Y1.732 E.15325
G1 X-8.564 Y1.999 E.13319
G1 X-4.887 Y2.244 E.17327
G1 X-1.629 Y2.346 E.15328
G1 X1.629 Y2.346 E.15325
G1 X4.46 Y2.257 E.13319
G1 X8.139 Y2.039 E.17327
G1 X11.384 Y1.732 E.15328
G1 X14.617 Y1.322 E.15325
G1 X17.835 Y.812 E.15325
G1 X21.036 Y.2 E.15325
G1 X24.217 Y-.512 E.15325
G1 X27.373 Y-1.324 E.15325
G1 X30.502 Y-2.235 E.15325
G1 X33.156 Y-3.098 E.13125
SET_VELOCITY_LIMIT ACCEL=10000
G1 X32.901 Y-2.55 F30000
;TYPE:Gap infill
;WIDTH:0.346369
G1 F2051
G1 X30.189 Y-1.682 E.07043
G1 X27.49 Y-.903 E.06945
G1 X23.964 Y-.002 E.09
G1 X20.816 Y.692 E.07972
G1 X17.913 Y1.243 E.07305
G1 X14.681 Y1.756 E.08092
G1 X11.429 Y2.168 E.08104
G1 X8.053 Y2.486 E.08387
G1 X4.834 Y2.681 E.07972
G1 X1.639 Y2.786 E.07906
G1 X-1.612 Y2.786 E.08038
G1 X-4.906 Y2.683 E.0815
G1 X-8.601 Y2.436 E.09157
G1 X-11.429 Y2.168 E.07025
G1 X-14.462 Y1.787 E.07558
G1 X-17.647 Y1.289 E.07972
G1 X-21.123 Y.629 E.08748
G1 X-24.323 Y-.088 E.08108
G1 X-27.901 Y-1.021 E.09144
G1 X-30.628 Y-1.816 E.07025
G1 X-32.901 Y-2.55 E.05907
;LAYER_CHANGE
;Z:40.66
;HEIGHT:0.200001
;BEFORE_LAYER_CHANGE
;40.66
G1 E-1.2 F2100
;WIPE_START
G1 F9000
G1 X-30.998 Y-1.936
;WIPE_END
;AFTER_LAYER_CHANGE
;40.66
;_SET_FAN_SPEED_CHANGING_LAYER
G17
G3 Z41.06 I.022 J1.217 P1  F30000
G1 X33.19 Y-3.11 Z41.06
G1 Z40.66
M73 P88 R3
G1 E1.2 F2100
SET_VELOCITY_LIMIT ACCEL=5000
;TYPE:Outer wall
;WIDTH:0.62
G1 F2051
G1 X33.19 Y-2.178 E.0438
G1 X30.317 Y-1.258 E.14184
G1 X27.205 Y-.366 E.15226
G1 X24.066 Y.429 E.15226
G1 X20.904 Y1.126 E.15226
G1 X17.722 Y1.724 E.15226
G1 X14.523 Y2.224 E.15225
G1 X11.31 Y2.625 E.15226
G1 X8.087 Y2.926 E.15226
G1 X4.855 Y3.126 E.15226
G1 X1.619 Y3.227 E.15225
G1 X-1.619 Y3.227 E.15226
G1 X-4.855 Y3.126 E.15225
G1 X-8.087 Y2.926 E.15226
G1 X-11.31 Y2.625 E.15226
G1 X-14.523 Y2.224 E.15226
G1 X-17.722 Y1.724 E.15225
G1 X-20.904 Y1.126 E.15226
G1 X-24.066 Y.429 E.15226
G1 X-27.205 Y-.366 E.15226
G1 X-30.317 Y-1.258 E.15226
G1 X-33.19 Y-2.178 E.14184
G1 X-33.19 Y-3.11 E.0438
G1 X-30.502 Y-2.235 E.13294
G1 X-27.373 Y-1.324 E.15325
G1 X-24.616 Y-.615 E.13387
G1 X-21.037 Y.2 E.17259
G1 X-17.835 Y.812 E.15327
G1 X-14.617 Y1.322 E.15325
G1 X-11.384 Y1.732 E.15325
G1 X-8.139 Y2.039 E.15325
G1 X-5.298 Y2.218 E.13387
G1 X-1.63 Y2.346 E.17259
G1 X1.629 Y2.346 E.15327
G1 X4.475 Y2.257 E.13387
G1 X8.139 Y2.039 E.17259
G1 X11.384 Y1.732 E.15328
G1 X14.617 Y1.322 E.15325
G1 X17.835 Y.812 E.15325
G1 X21.036 Y.2 E.15325
G1 X24.217 Y-.512 E.15325
G1 X27.373 Y-1.324 E.15325
G1 X30.502 Y-2.235 E.15325
G1 X33.156 Y-3.098 E.13125
SET_VELOCITY_LIMIT ACCEL=10000
G1 X32.901 Y-2.55 F30000
;TYPE:Gap infill
;WIDTH:0.346306
G1 F2051
G1 X30.189 Y-1.682 E.07042
G1 X27.49 Y-.903 E.06943
G1 X23.964 Y-.002 E.08998
G1 X20.816 Y.692 E.07971
G1 X17.913 Y1.243 E.07304
G1 X14.681 Y1.756 E.08091
G1 X11.429 Y2.168 E.08103
G1 X8.053 Y2.486 E.08385
G1 X4.834 Y2.681 E.07971
G1 X1.639 Y2.786 E.07905
G1 X-1.612 Y2.786 E.08037
G1 X-4.834 Y2.681 E.0797
G1 X-8.176 Y2.476 E.08277
G1 X-11.434 Y2.167 E.08091
G1 X-14.462 Y1.787 E.07544
G1 X-17.647 Y1.289 E.07971
G1 X-21.124 Y.629 E.08748
G1 X-24.721 Y-.189 E.09119
G1 X-27.49 Y-.903 E.07071
G1 X-30.189 Y-1.682 E.06944
G1 X-32.901 Y-2.55 E.07041
;LAYER_CHANGE
;Z:40.86
;HEIGHT:0.200001
;BEFORE_LAYER_CHANGE
;40.86
G1 E-1.2 F2100
;WIPE_START
G1 F9000
G1 X-30.997 Y-1.941
;WIPE_END
;AFTER_LAYER_CHANGE
;40.86
;_SET_FAN_SPEED_CHANGING_LAYER
G17
G3 Z41.26 I.022 J1.217 P1  F30000
G1 X33.19 Y-3.111 Z41.26
G1 Z40.86
G1 E1.2 F2100
SET_VELOCITY_LIMIT ACCEL=5000
;TYPE:Outer wall
;WIDTH:0.62
G1 F2051
G1 X33.19 Y-2.178 E.04387
G1 X30.317 Y-1.258 E.14184
G1 X27.205 Y-.366 E.15226
G1 X24.066 Y.429 E.15226
M73 P88 R2
G1 X20.904 Y1.126 E.15226
G1 X17.722 Y1.724 E.15226
G1 X14.523 Y2.224 E.15225
G1 X11.31 Y2.625 E.15226
G1 X8.087 Y2.926 E.15226
G1 X4.855 Y3.126 E.15226
G1 X1.619 Y3.227 E.15225
G1 X-1.619 Y3.227 E.15226
G1 X-4.855 Y3.126 E.15225
G1 X-8.087 Y2.926 E.15226
G1 X-11.31 Y2.625 E.15226
G1 X-14.523 Y2.224 E.15226
G1 X-17.722 Y1.724 E.15225
G1 X-20.904 Y1.126 E.15226
G1 X-24.066 Y.429 E.15226
G1 X-27.205 Y-.366 E.15226
G1 X-30.317 Y-1.258 E.15226
G1 X-33.19 Y-2.178 E.14184
G1 X-33.19 Y-3.11 E.0438
G1 X-30.502 Y-2.235 E.13294
G1 X-27.754 Y-1.435 E.13455
G1 X-24.217 Y-.512 E.17191
G1 X-21.036 Y.2 E.15328
G1 X-17.835 Y.812 E.15325
G1 X-14.617 Y1.322 E.15325
G1 X-11.384 Y1.732 E.15325
G1 X-8.139 Y2.039 E.15325
G1 X-5.284 Y2.219 E.13455
G1 X-1.63 Y2.346 E.17192
G1 X1.629 Y2.346 E.15327
G1 X4.489 Y2.256 E.13455
G1 X8.139 Y2.039 E.17191
G1 X11.384 Y1.732 E.15327
G1 X14.617 Y1.322 E.15325
G1 X17.835 Y.812 E.15325
G1 X21.036 Y.2 E.15325
G1 X24.217 Y-.512 E.15325
G1 X27.373 Y-1.324 E.15325
G1 X30.12 Y-2.123 E.13455
G1 X33.156 Y-3.1 E.14996
SET_VELOCITY_LIMIT ACCEL=10000
G1 X32.901 Y-2.552 F30000
;TYPE:Gap infill
;WIDTH:0.346524
G1 F2051
G1 X30.189 Y-1.682 E.07048
G1 X27.49 Y-.903 E.06948
G1 X24.321 Y-.087 E.08096
G1 X21.123 Y.629 E.08108
G1 X17.647 Y1.289 E.08752
G1 X14.462 Y1.787 E.07976
G1 X11.434 Y2.167 E.0755
G1 X8.175 Y2.476 E.08099
G1 X4.834 Y2.682 E.0828
G1 X1.612 Y2.786 E.07976
G1 X-1.64 Y2.786 E.08046
G1 X-4.834 Y2.681 E.07906
G1 X-8.053 Y2.486 E.07976
G1 X-11.429 Y2.168 E.08391
G1 X-14.681 Y1.756 E.08108
G1 X-17.913 Y1.243 E.08097
G1 X-20.816 Y.692 E.07309
G1 X-23.964 Y-.002 E.07976
G1 X-27.873 Y-1.013 E.09989
G1 X-30.628 Y-1.816 E.071
G1 X-32.901 Y-2.55 E.0591
;LAYER_CHANGE
;Z:41.06
;HEIGHT:0.200001
;BEFORE_LAYER_CHANGE
;41.06
G1 E-1.2 F2100
;WIPE_START
G1 F9000
G1 X-30.998 Y-1.936
;WIPE_END
;AFTER_LAYER_CHANGE
;41.06
;_SET_FAN_SPEED_CHANGING_LAYER
G17
G3 Z41.46 I.022 J1.217 P1  F30000
G1 X33.19 Y-3.11 Z41.46
G1 Z41.06
G1 E1.2 F2100
SET_VELOCITY_LIMIT ACCEL=5000
;TYPE:Outer wall
;WIDTH:0.62
G1 F2051
G1 X33.19 Y-2.178 E.0438
G1 X30.317 Y-1.258 E.14184
G1 X27.205 Y-.366 E.15226
G1 X24.066 Y.429 E.15226
G1 X20.904 Y1.126 E.15226
G1 X17.722 Y1.724 E.15226
G1 X14.523 Y2.224 E.15225
G1 X11.31 Y2.625 E.15226
G1 X8.087 Y2.926 E.15226
G1 X4.855 Y3.126 E.15226
G1 X1.619 Y3.227 E.15225
G1 X-1.619 Y3.227 E.15226
G1 X-4.855 Y3.126 E.15225
G1 X-8.087 Y2.926 E.15226
G1 X-11.31 Y2.625 E.15226
G1 X-14.523 Y2.224 E.15226
G1 X-17.722 Y1.724 E.15225
G1 X-20.904 Y1.126 E.15226
G1 X-24.066 Y.429 E.15226
G1 X-27.205 Y-.366 E.15226
G1 X-30.317 Y-1.258 E.15226
G1 X-33.19 Y-2.178 E.14184
G1 X-33.19 Y-3.11 E.0438
G1 X-30.502 Y-2.235 E.13294
G1 X-27.741 Y-1.431 E.13523
G1 X-24.217 Y-.512 E.17124
G1 X-21.036 Y.2 E.15327
G1 X-17.835 Y.812 E.15325
G1 X-14.617 Y1.322 E.15325
G1 X-11.384 Y1.732 E.15325
M73 P89 R2
G1 X-8.521 Y2.003 E.13523
G1 X-4.887 Y2.244 E.17124
G1 X-1.629 Y2.346 E.15327
G1 X1.629 Y2.346 E.15325
G1 X4.504 Y2.256 E.13523
G1 X8.139 Y2.039 E.17124
G1 X11.384 Y1.732 E.15327
G1 X14.617 Y1.322 E.15325
G1 X17.457 Y.872 E.13523
G1 X21.036 Y.2 E.17124
G1 X24.217 Y-.512 E.15327
G1 X27.373 Y-1.324 E.15325
G1 X30.502 Y-2.235 E.15325
G1 X33.156 Y-3.098 E.13125
SET_VELOCITY_LIMIT ACCEL=10000
G1 X32.901 Y-2.55 F30000
;TYPE:Gap infill
;WIDTH:0.346382
G1 F2051
G1 X30.189 Y-1.682 E.07043
G1 X27.49 Y-.903 E.06945
G1 X24.321 Y-.087 E.08093
G1 X21.122 Y.63 E.08108
G1 X17.534 Y1.307 E.09027
G1 X14.462 Y1.787 E.0769
G1 X11.434 Y2.167 E.07546
G1 X8.175 Y2.476 E.08095
G1 X4.834 Y2.682 E.08277
G1 X1.612 Y2.786 E.07973
G1 X-1.634 Y2.786 E.08027
G1 X-4.911 Y2.683 E.08108
G1 X-8.052 Y2.481 E.07783
G1 X-11.263 Y2.186 E.07972
G1 X-14.681 Y1.756 E.08519
G1 X-17.913 Y1.243 E.08093
G1 X-20.816 Y.692 E.07306
G1 X-23.964 Y-.002 E.07973
G1 X-27.859 Y-1.009 E.09948
G1 X-30.189 Y-1.682 E.05996
G1 X-32.901 Y-2.55 E.07043
;LAYER_CHANGE
;Z:41.26
;HEIGHT:0.199997
;BEFORE_LAYER_CHANGE
;41.26
G1 E-1.2 F2100
;WIPE_START
G1 F9000
G1 X-30.997 Y-1.941
;WIPE_END
;AFTER_LAYER_CHANGE
;41.26
;_SET_FAN_SPEED_CHANGING_LAYER
G17
G3 Z41.66 I.022 J1.217 P1  F30000
G1 X33.19 Y-3.111 Z41.66
G1 Z41.26
G1 E1.2 F2100
SET_VELOCITY_LIMIT ACCEL=5000
;TYPE:Outer wall
;WIDTH:0.62
G1 F2051
G1 X33.19 Y-2.178 E.04386
G1 X30.317 Y-1.258 E.14184
G1 X27.205 Y-.366 E.15226
G1 X24.066 Y.429 E.15226
G1 X20.904 Y1.126 E.15226
G1 X17.722 Y1.724 E.15226
G1 X14.523 Y2.224 E.15225
G1 X11.31 Y2.625 E.15226
G1 X8.087 Y2.926 E.15226
G1 X4.855 Y3.126 E.15226
G1 X1.619 Y3.227 E.15225
G1 X-1.619 Y3.227 E.15226
G1 X-4.855 Y3.126 E.15225
G1 X-8.087 Y2.926 E.15226
G1 X-11.31 Y2.625 E.15226
G1 X-14.523 Y2.224 E.15226
G1 X-17.722 Y1.724 E.15225
G1 X-20.904 Y1.126 E.15226
G1 X-24.066 Y.429 E.15226
G1 X-27.205 Y-.366 E.15226
G1 X-30.317 Y-1.258 E.15226
G1 X-33.19 Y-2.178 E.14184
G1 X-33.19 Y-3.11 E.0438
G1 X-30.502 Y-2.235 E.13294
G1 X-27.373 Y-1.324 E.15325
G1 X-24.574 Y-.604 E.13591
G1 X-21.037 Y.2 E.17056
G1 X-17.835 Y.812 E.15327
G1 X-14.617 Y1.322 E.15325
G1 X-11.384 Y1.732 E.15325
G1 X-8.139 Y2.039 E.15325
G1 X-5.255 Y2.221 E.13591
G1 X-1.63 Y2.346 E.17056
G1 X1.629 Y2.346 E.15327
G1 X4.518 Y2.255 E.13591
G1 X8.139 Y2.039 E.17056
G1 X11.384 Y1.732 E.15327
G1 X14.617 Y1.322 E.15325
G1 X17.471 Y.87 E.13591
G1 X21.036 Y.2 E.17056
G1 X24.217 Y-.512 E.15327
G1 X27.373 Y-1.324 E.15325
G1 X30.148 Y-2.132 E.13591
G1 X33.156 Y-3.1 E.1486
SET_VELOCITY_LIMIT ACCEL=10000
G1 X32.901 Y-2.552 F30000
;TYPE:Gap infill
;WIDTH:0.34653
G1 F2051
G1 X30.189 Y-1.682 E.07048
G1 X27.49 Y-.903 E.06949
G1 X24.321 Y-.087 E.08097
G1 X21.122 Y.63 E.08112
G1 X17.549 Y1.305 E.08996
G1 X14.462 Y1.787 E.07729
G1 X11.434 Y2.167 E.0755
G1 X8.175 Y2.476 E.08099
G1 X4.834 Y2.682 E.08281
G1 X1.612 Y2.786 E.07976
G1 X-1.64 Y2.786 E.08046
G1 X-4.834 Y2.681 E.07907
G1 X-8.053 Y2.486 E.07977
G1 X-11.429 Y2.168 E.08391
G1 X-14.681 Y1.756 E.08108
G1 X-17.647 Y1.289 E.0743
G1 X-20.816 Y.692 E.07977
G1 X-23.963 Y-.007 E.07976
G1 X-27.49 Y-.903 E.09004
G1 X-30.189 Y-1.682 E.06949
G1 X-32.901 Y-2.55 E.07047
;LAYER_CHANGE
;Z:41.46
;HEIGHT:0.200001
;BEFORE_LAYER_CHANGE
;41.46
G1 E-1.2 F2100
;WIPE_START
G1 F9000
G1 X-30.997 Y-1.941
;WIPE_END
;AFTER_LAYER_CHANGE
;41.46
;_SET_FAN_SPEED_CHANGING_LAYER
G17
G3 Z41.86 I.022 J1.217 P1  F30000
G1 X33.19 Y-3.11 Z41.86
G1 Z41.46
G1 E1.2 F2100
SET_VELOCITY_LIMIT ACCEL=5000
;TYPE:Outer wall
;WIDTH:0.62
G1 F2051
G1 X33.19 Y-2.178 E.0438
G1 X30.317 Y-1.258 E.14184
G1 X27.205 Y-.366 E.15226
G1 X24.066 Y.429 E.15226
G1 X20.904 Y1.126 E.15226
G1 X17.722 Y1.724 E.15226
G1 X14.523 Y2.224 E.15225
G1 X11.31 Y2.625 E.15226
G1 X8.087 Y2.926 E.15226
G1 X4.855 Y3.126 E.15226
G1 X1.619 Y3.227 E.15225
G1 X-1.619 Y3.227 E.15226
G1 X-4.855 Y3.126 E.15225
G1 X-8.087 Y2.926 E.15226
G1 X-11.31 Y2.625 E.15226
G1 X-14.523 Y2.224 E.15226
G1 X-17.722 Y1.724 E.15225
G1 X-20.904 Y1.126 E.15226
G1 X-24.066 Y.429 E.15226
G1 X-27.205 Y-.366 E.15226
G1 X-30.317 Y-1.258 E.15226
G1 X-33.19 Y-2.178 E.14184
G1 X-33.19 Y-3.11 E.0438
G1 X-30.502 Y-2.235 E.13294
G1 X-27.373 Y-1.324 E.15325
G1 X-24.56 Y-.6 E.13659
G1 X-21.037 Y.2 E.16988
G1 X-17.835 Y.812 E.15327
G1 X-14.617 Y1.322 E.15325
G1 X-11.384 Y1.732 E.15325
G1 X-8.139 Y2.039 E.15325
G1 X-5.24 Y2.222 E.13659
G1 X-1.63 Y2.346 E.16988
G1 X1.629 Y2.346 E.15327
G1 X4.533 Y2.255 E.13659
G1 X8.139 Y2.039 E.16988
G1 X11.384 Y1.732 E.15327
G1 X14.617 Y1.322 E.15325
G1 X17.485 Y.867 E.13659
G1 X21.036 Y.2 E.16988
G1 X24.217 Y-.512 E.15327
G1 X27.373 Y-1.324 E.15325
G1 X30.502 Y-2.235 E.15325
G1 X33.156 Y-3.098 E.13125
SET_VELOCITY_LIMIT ACCEL=10000
G1 X32.901 Y-2.55 F30000
;TYPE:Gap infill
;WIDTH:0.346302
G1 F2051
G1 X30.189 Y-1.682 E.07041
G1 X27.49 Y-.903 E.06943
G1 X23.964 Y-.002 E.08998
G1 X20.816 Y.692 E.0797
G1 X17.647 Y1.288 E.0797
G1 X14.681 Y1.756 E.07424
G1 X11.429 Y2.168 E.08102
G1 X8.053 Y2.486 E.08385
G1 X4.834 Y2.682 E.07971
G1 X1.639 Y2.786 E.07905
G1 X-1.612 Y2.786 E.08037
G1 X-4.834 Y2.681 E.0797
G1 X-8.176 Y2.476 E.08277
G1 X-11.434 Y2.167 E.08091
M73 P90 R2
G1 X-14.462 Y1.787 E.07544
G1 X-17.647 Y1.289 E.0797
G1 X-21.124 Y.629 E.08748
G1 X-24.665 Y-.175 E.08977
G1 X-27.49 Y-.903 E.07214
G1 X-30.189 Y-1.682 E.06943
G1 X-32.901 Y-2.55 E.07041
;LAYER_CHANGE
;Z:41.66
;HEIGHT:0.200001
;BEFORE_LAYER_CHANGE
;41.66
G1 E-1.2 F2100
;WIPE_START
G1 F9000
G1 X-30.997 Y-1.941
;WIPE_END
;AFTER_LAYER_CHANGE
;41.66
;_SET_FAN_SPEED_CHANGING_LAYER
G17
G3 Z42.06 I.022 J1.217 P1  F30000
G1 X33.19 Y-3.111 Z42.06
G1 Z41.66
G1 E1.2 F2100
SET_VELOCITY_LIMIT ACCEL=5000
;TYPE:Outer wall
;WIDTH:0.62
G1 F2051
G1 X33.19 Y-2.178 E.04386
G1 X30.317 Y-1.258 E.14184
G1 X27.205 Y-.366 E.15226
G1 X24.066 Y.429 E.15226
G1 X20.904 Y1.126 E.15226
G1 X17.722 Y1.724 E.15226
G1 X14.523 Y2.224 E.15225
G1 X11.31 Y2.625 E.15226
G1 X8.087 Y2.926 E.15226
G1 X4.855 Y3.126 E.15226
G1 X1.619 Y3.227 E.15225
G1 X-1.619 Y3.227 E.15226
G1 X-4.855 Y3.126 E.15225
G1 X-8.087 Y2.926 E.15226
G1 X-11.31 Y2.625 E.15226
G1 X-14.523 Y2.224 E.15226
G1 X-17.722 Y1.724 E.15225
G1 X-20.904 Y1.126 E.15226
G1 X-24.066 Y.429 E.15226
G1 X-27.205 Y-.366 E.15226
G1 X-30.317 Y-1.258 E.15226
G1 X-33.19 Y-2.178 E.14184
G1 X-33.19 Y-3.11 E.0438
G1 X-30.502 Y-2.235 E.13294
G1 X-27.373 Y-1.324 E.15325
G1 X-24.217 Y-.512 E.15325
G1 X-21.036 Y.2 E.15325
G1 X-17.835 Y.812 E.15325
G1 X-14.617 Y1.322 E.15325
G1 X-11.384 Y1.732 E.15325
G1 X-8.478 Y2.007 E.13727
G1 X-4.887 Y2.244 E.1692
G1 X-1.629 Y2.346 E.15327
G1 X1.629 Y2.346 E.15325
G1 X4.547 Y2.255 E.13727
G1 X8.139 Y2.039 E.1692
G1 X11.384 Y1.732 E.15327
G1 X14.617 Y1.322 E.15325
G1 X17.835 Y.812 E.15325
G1 X21.036 Y.2 E.15325
G1 X24.217 Y-.512 E.15325
G1 X27.373 Y-1.324 E.15325
G1 X30.175 Y-2.14 E.13727
G1 X33.156 Y-3.1 E.14724
SET_VELOCITY_LIMIT ACCEL=10000
G1 X32.901 Y-2.552 F30000
;TYPE:Gap infill
;WIDTH:0.346237
G1 F2051
G1 X30.189 Y-1.682 E.07041
G1 X27.49 Y-.903 E.06942
G1 X24.321 Y-.087 E.08089
G1 X21.123 Y.629 E.08101
G1 X17.647 Y1.289 E.08744
G1 X14.462 Y1.787 E.07969
G1 X11.434 Y2.167 E.07543
G1 X8.175 Y2.476 E.08091
G1 X4.834 Y2.682 E.08273
G1 X1.612 Y2.786 E.07969
G1 X-1.634 Y2.786 E.08023
G1 X-4.911 Y2.683 E.08104
G1 X-8.052 Y2.481 E.07779
G1 X-11.263 Y2.186 E.07969
G1 X-14.681 Y1.756 E.08515
G1 X-17.913 Y1.243 E.08089
G1 X-20.816 Y.692 E.07302
G1 X-23.964 Y-.002 E.07969
G1 X-27.49 Y-.903 E.08996
G1 X-30.189 Y-1.682 E.06942
G1 X-32.901 Y-2.55 E.0704
;LAYER_CHANGE
;Z:41.86
;HEIGHT:0.200001
;BEFORE_LAYER_CHANGE
;41.86
G1 E-1.2 F2100
;WIPE_START
G1 F9000
G1 X-30.997 Y-1.941
;WIPE_END
;AFTER_LAYER_CHANGE
;41.86
;_SET_FAN_SPEED_CHANGING_LAYER
G17
G3 Z42.26 I.022 J1.217 P1  F30000
G1 X33.19 Y-3.11 Z42.26
G1 Z41.86
G1 E1.2 F2100
SET_VELOCITY_LIMIT ACCEL=5000
;TYPE:Outer wall
;WIDTH:0.62
G1 F2051
G1 X33.19 Y-2.178 E.0438
G1 X30.317 Y-1.258 E.14184
G1 X27.205 Y-.366 E.15226
G1 X24.066 Y.429 E.15226
G1 X20.904 Y1.126 E.15226
G1 X17.722 Y1.724 E.15226
G1 X14.523 Y2.224 E.15225
G1 X11.31 Y2.625 E.15226
G1 X8.087 Y2.926 E.15226
G1 X4.855 Y3.126 E.15226
G1 X1.619 Y3.227 E.15225
G1 X-1.619 Y3.227 E.15226
G1 X-4.855 Y3.126 E.15225
G1 X-8.087 Y2.926 E.15226
G1 X-11.31 Y2.625 E.15226
G1 X-14.523 Y2.224 E.15226
G1 X-17.722 Y1.724 E.15225
G1 X-20.904 Y1.126 E.15226
G1 X-24.066 Y.429 E.15226
G1 X-27.205 Y-.366 E.15226
G1 X-30.317 Y-1.258 E.15226
G1 X-33.19 Y-2.178 E.14184
G1 X-33.19 Y-3.11 E.0438
G1 X-30.502 Y-2.235 E.13294
G1 X-27.373 Y-1.324 E.15325
G1 X-24.532 Y-.593 E.13795
G1 X-21.037 Y.2 E.16852
G1 X-17.835 Y.812 E.15327
G1 X-14.617 Y1.322 E.15325
G1 X-11.384 Y1.732 E.15325
G1 X-8.463 Y2.008 E.13795
G1 X-4.887 Y2.244 E.16852
G1 X-1.629 Y2.346 E.15327
G1 X1.629 Y2.346 E.15325
G1 X4.562 Y2.254 E.13795
G1 X8.139 Y2.039 E.16852
G1 X11.384 Y1.732 E.15327
G1 X14.617 Y1.322 E.15325
G1 X17.835 Y.812 E.15325
G1 X21.036 Y.2 E.15325
G1 X24.217 Y-.512 E.15325
G1 X27.373 Y-1.324 E.15325
G1 X30.502 Y-2.235 E.15325
G1 X33.156 Y-3.098 E.13125
SET_VELOCITY_LIMIT ACCEL=10000
G1 X32.901 Y-2.55 F30000
;TYPE:Gap infill
;WIDTH:0.346213
G1 F2051
G1 X30.189 Y-1.682 E.07039
G1 X27.49 Y-.903 E.06941
G1 X24.321 Y-.087 E.08088
G1 X21.123 Y.629 E.081
G1 X17.647 Y1.289 E.08743
G1 X14.462 Y1.787 E.07968
G1 X11.434 Y2.167 E.07542
G1 X8.175 Y2.476 E.0809
G1 X4.834 Y2.683 E.08272
G1 X1.612 Y2.786 E.07968
G1 X-1.634 Y2.786 E.08022
G1 X-4.911 Y2.683 E.08103
G1 X-8.052 Y2.482 E.07779
G1 X-11.263 Y2.186 E.07968
G1 X-14.681 Y1.756 E.08515
G1 X-17.647 Y1.289 E.07422
G1 X-20.816 Y.692 E.07968
G1 X-23.963 Y-.006 E.07968
G1 X-27.49 Y-.903 E.08995
G1 X-30.189 Y-1.682 E.06941
G1 X-32.901 Y-2.55 E.07039
;LAYER_CHANGE
;Z:42.06
;HEIGHT:0.200001
;BEFORE_LAYER_CHANGE
;42.06
G1 E-1.2 F2100
;WIPE_START
G1 F9000
G1 X-30.997 Y-1.941
;WIPE_END
;AFTER_LAYER_CHANGE
;42.06
;_SET_FAN_SPEED_CHANGING_LAYER
G17
G3 Z42.46 I.022 J1.217 P1  F30000
G1 X33.19 Y-3.11 Z42.46
G1 Z42.06
G1 E1.2 F2100
SET_VELOCITY_LIMIT ACCEL=5000
;TYPE:Outer wall
;WIDTH:0.62
G1 F2051
G1 X33.19 Y-2.178 E.0438
G1 X30.317 Y-1.258 E.14184
G1 X27.205 Y-.366 E.15226
G1 X24.066 Y.429 E.15226
G1 X20.904 Y1.126 E.15226
G1 X17.722 Y1.724 E.15226
G1 X14.523 Y2.224 E.15225
G1 X11.31 Y2.625 E.15226
G1 X8.087 Y2.926 E.15226
G1 X4.855 Y3.126 E.15226
G1 X1.619 Y3.227 E.15225
G1 X-1.619 Y3.227 E.15226
G1 X-4.855 Y3.126 E.15225
G1 X-8.087 Y2.926 E.15226
G1 X-11.31 Y2.625 E.15226
G1 X-14.523 Y2.224 E.15226
G1 X-17.722 Y1.724 E.15225
G1 X-20.904 Y1.126 E.15226
M73 P91 R2
G1 X-24.066 Y.429 E.15226
G1 X-27.205 Y-.366 E.15226
G1 X-30.317 Y-1.258 E.15226
G1 X-33.19 Y-2.178 E.14184
G1 X-33.19 Y-3.11 E.0438
G1 X-30.502 Y-2.235 E.13294
G1 X-27.373 Y-1.324 E.15325
G1 X-24.518 Y-.589 E.13863
G1 X-21.037 Y.2 E.16784
G1 X-17.835 Y.812 E.15327
G1 X-14.617 Y1.322 E.15325
G1 X-11.384 Y1.732 E.15325
G1 X-8.139 Y2.039 E.15325
G1 X-5.197 Y2.224 E.13863
G1 X-1.63 Y2.346 E.16784
G1 X1.629 Y2.346 E.15327
G1 X4.576 Y2.254 E.13863
G1 X8.139 Y2.039 E.16784
G1 X11.384 Y1.732 E.15327
G1 X14.617 Y1.322 E.15325
G1 X17.835 Y.812 E.15325
G1 X21.036 Y.2 E.15325
G1 X24.217 Y-.512 E.15325
G1 X27.373 Y-1.324 E.15325
G1 X30.502 Y-2.235 E.15325
G1 X33.156 Y-3.098 E.13125
SET_VELOCITY_LIMIT ACCEL=10000
G1 X32.901 Y-2.55 F30000
;TYPE:Gap infill
;WIDTH:0.346177
G1 F2051
G1 X30.189 Y-1.682 E.07039
G1 X27.49 Y-.903 E.0694
G1 X23.964 Y-.002 E.08994
G1 X20.816 Y.692 E.07967
G1 X17.913 Y1.243 E.07301
G1 X14.681 Y1.756 E.08087
G1 X11.429 Y2.168 E.08099
G1 X8.053 Y2.486 E.08382
G1 X4.834 Y2.683 E.07967
G1 X1.639 Y2.786 E.07901
G1 X-1.612 Y2.786 E.08033
G1 X-4.834 Y2.682 E.07967
G1 X-8.176 Y2.476 E.08273
G1 X-11.434 Y2.167 E.08087
G1 X-14.462 Y1.787 E.07541
G1 X-17.647 Y1.289 E.07967
G1 X-21.124 Y.629 E.08744
G1 X-24.623 Y-.164 E.08866
G1 X-27.49 Y-.903 E.07318
G1 X-30.189 Y-1.682 E.06941
G1 X-32.901 Y-2.55 E.07038
;LAYER_CHANGE
;Z:42.26
;HEIGHT:0.199997
;BEFORE_LAYER_CHANGE
;42.26
G1 E-1.2 F2100
;WIPE_START
G1 F9000
G1 X-30.997 Y-1.941
;WIPE_END
;AFTER_LAYER_CHANGE
;42.26
;_SET_FAN_SPEED_CHANGING_LAYER
G17
G3 Z42.66 I.022 J1.217 P1  F30000
G1 X33.19 Y-3.111 Z42.66
G1 Z42.26
G1 E1.2 F2100
SET_VELOCITY_LIMIT ACCEL=5000
;TYPE:Outer wall
;WIDTH:0.62
G1 F2051
G1 X33.19 Y-2.178 E.04385
G1 X30.317 Y-1.258 E.14184
G1 X27.205 Y-.366 E.15226
G1 X24.066 Y.429 E.15226
G1 X20.904 Y1.126 E.15226
G1 X17.722 Y1.724 E.15226
G1 X14.523 Y2.224 E.15225
G1 X11.31 Y2.625 E.15226
G1 X8.087 Y2.926 E.15226
G1 X4.855 Y3.126 E.15226
G1 X1.619 Y3.227 E.15225
G1 X-1.619 Y3.227 E.15226
G1 X-4.855 Y3.126 E.15225
G1 X-8.087 Y2.926 E.15226
G1 X-11.31 Y2.625 E.15226
G1 X-14.523 Y2.224 E.15226
G1 X-17.722 Y1.724 E.15225
G1 X-20.904 Y1.126 E.15226
G1 X-24.066 Y.429 E.15226
G1 X-27.205 Y-.366 E.15226
G1 X-30.317 Y-1.258 E.15226
G1 X-33.19 Y-2.178 E.14184
G1 X-33.19 Y-3.11 E.0438
G1 X-30.502 Y-2.235 E.13294
G1 X-27.657 Y-1.407 E.13931
G1 X-24.217 Y-.512 E.16716
G1 X-21.036 Y.2 E.15327
G1 X-17.835 Y.812 E.15325
G1 X-14.617 Y1.322 E.15325
G1 X-11.384 Y1.732 E.15325
G1 X-8.434 Y2.011 E.13931
G1 X-4.887 Y2.244 E.16716
G1 X-1.629 Y2.346 E.15327
G1 X1.629 Y2.346 E.15325
G1 X4.59 Y2.253 E.13931
G1 X8.139 Y2.039 E.16716
G1 X11.384 Y1.732 E.15327
G1 X14.617 Y1.322 E.15325
G1 X17.835 Y.812 E.15325
G1 X21.036 Y.2 E.15325
G1 X24.217 Y-.512 E.15325
G1 X27.373 Y-1.324 E.15325
G1 X30.217 Y-2.152 E.13931
G1 X33.156 Y-3.1 E.1452
SET_VELOCITY_LIMIT ACCEL=10000
G1 X32.901 Y-2.552 F30000
;TYPE:Gap infill
;WIDTH:0.346365
G1 F2051
G1 X30.189 Y-1.682 E.07044
G1 X27.49 Y-.903 E.06945
G1 X24.321 Y-.087 E.08092
G1 X21.123 Y.629 E.08104
G1 X17.647 Y1.289 E.08748
G1 X14.462 Y1.787 E.07972
G1 X11.434 Y2.167 E.07546
G1 X8.175 Y2.476 E.08094
G1 X4.834 Y2.683 E.08277
G1 X1.612 Y2.786 E.07972
G1 X-1.634 Y2.786 E.08026
G1 X-4.911 Y2.683 E.08107
G1 X-8.052 Y2.482 E.07783
G1 X-11.263 Y2.186 E.07972
G1 X-14.681 Y1.756 E.08519
G1 X-17.913 Y1.243 E.08092
G1 X-20.816 Y.692 E.07305
G1 X-23.964 Y-.002 E.07972
G1 X-27.776 Y-.985 E.09733
G1 X-30.189 Y-1.682 E.06211
G1 X-32.901 Y-2.55 E.07043
;LAYER_CHANGE
;Z:42.46
;HEIGHT:0.200001
;BEFORE_LAYER_CHANGE
;42.46
G1 E-1.2 F2100
;WIPE_START
G1 F9000
G1 X-30.997 Y-1.941
;WIPE_END
;AFTER_LAYER_CHANGE
;42.46
;_SET_FAN_SPEED_CHANGING_LAYER
G17
G3 Z42.86 I.022 J1.217 P1  F30000
G1 X33.19 Y-3.11 Z42.86
G1 Z42.46
G1 E1.2 F2100
SET_VELOCITY_LIMIT ACCEL=5000
;TYPE:Outer wall
;WIDTH:0.62
G1 F2051
G1 X33.19 Y-2.178 E.0438
G1 X30.317 Y-1.258 E.14184
G1 X27.205 Y-.366 E.15226
G1 X24.066 Y.429 E.15226
G1 X20.904 Y1.126 E.15226
G1 X17.722 Y1.724 E.15226
G1 X14.523 Y2.224 E.15225
G1 X11.31 Y2.625 E.15226
G1 X8.087 Y2.926 E.15226
G1 X4.855 Y3.126 E.15226
G1 X1.619 Y3.227 E.15225
G1 X-1.619 Y3.227 E.15226
G1 X-4.855 Y3.126 E.15225
G1 X-8.087 Y2.926 E.15226
G1 X-11.31 Y2.625 E.15226
G1 X-14.523 Y2.224 E.15226
G1 X-17.722 Y1.724 E.15225
G1 X-20.904 Y1.126 E.15226
G1 X-24.066 Y.429 E.15226
G1 X-27.205 Y-.366 E.15226
G1 X-30.317 Y-1.258 E.15226
G1 X-33.19 Y-2.178 E.14184
G1 X-33.19 Y-3.11 E.0438
G1 X-30.502 Y-2.235 E.13294
G1 X-27.373 Y-1.324 E.15325
G1 X-24.49 Y-.582 E.13999
G1 X-21.037 Y.2 E.16649
G1 X-17.835 Y.812 E.15327
G1 X-14.617 Y1.322 E.15325
G1 X-11.384 Y1.732 E.15325
G1 X-8.42 Y2.012 E.13999
G1 X-4.887 Y2.244 E.16648
G1 X-1.629 Y2.346 E.15327
G1 X1.629 Y2.346 E.15325
G1 X4.605 Y2.253 E.13999
G1 X8.139 Y2.039 E.16648
G1 X11.384 Y1.732 E.15327
G1 X14.617 Y1.322 E.15325
G1 X17.835 Y.812 E.15325
G1 X21.036 Y.2 E.15325
G1 X24.217 Y-.512 E.15325
G1 X27.373 Y-1.324 E.15325
G1 X30.502 Y-2.235 E.15325
G1 X33.156 Y-3.098 E.13125
SET_VELOCITY_LIMIT ACCEL=10000
G1 X32.901 Y-2.55 F30000
;TYPE:Gap infill
;WIDTH:0.34616
G1 F2051
G1 X30.189 Y-1.682 E.07038
G1 X27.49 Y-.903 E.0694
G1 X23.964 Y-.002 E.08993
M73 P92 R2
G1 X20.816 Y.692 E.07967
G1 X17.913 Y1.243 E.073
G1 X14.681 Y1.756 E.08087
G1 X11.429 Y2.168 E.08099
G1 X8.053 Y2.486 E.08381
G1 X4.834 Y2.683 E.07967
G1 X1.639 Y2.786 E.07901
G1 X-1.612 Y2.786 E.08033
G1 X-4.906 Y2.683 E.08143
G1 X-8.457 Y2.45 E.08794
G1 X-11.429 Y2.168 E.07378
G1 X-14.462 Y1.787 E.07552
G1 X-17.647 Y1.289 E.07967
G1 X-21.124 Y.629 E.08743
G1 X-24.595 Y-.157 E.08794
G1 X-27.49 Y-.903 E.07389
G1 X-30.189 Y-1.682 E.0694
G1 X-32.901 Y-2.55 E.07038
;LAYER_CHANGE
;Z:42.66
;HEIGHT:0.200001
;BEFORE_LAYER_CHANGE
;42.66
G1 E-1.2 F2100
;WIPE_START
G1 F9000
G1 X-30.997 Y-1.941
;WIPE_END
;AFTER_LAYER_CHANGE
;42.66
;_SET_FAN_SPEED_CHANGING_LAYER
G17
G3 Z43.06 I.022 J1.217 P1  F30000
G1 X33.19 Y-3.111 Z43.06
G1 Z42.66
G1 E1.2 F2100
SET_VELOCITY_LIMIT ACCEL=5000
;TYPE:Outer wall
;WIDTH:0.62
G1 F2051
G1 X33.19 Y-2.178 E.04385
G1 X30.317 Y-1.258 E.14184
G1 X27.205 Y-.366 E.15226
G1 X24.066 Y.429 E.15226
G1 X20.904 Y1.126 E.15226
G1 X17.722 Y1.724 E.15226
G1 X14.523 Y2.224 E.15225
G1 X11.31 Y2.625 E.15226
G1 X8.087 Y2.926 E.15226
G1 X4.855 Y3.126 E.15226
G1 X1.619 Y3.227 E.15225
G1 X-1.619 Y3.227 E.15226
G1 X-4.855 Y3.126 E.15225
G1 X-8.087 Y2.926 E.15226
G1 X-11.31 Y2.625 E.15226
G1 X-14.523 Y2.224 E.15226
G1 X-17.722 Y1.724 E.15225
G1 X-20.904 Y1.126 E.15226
G1 X-24.066 Y.429 E.15226
G1 X-27.205 Y-.366 E.15226
G1 X-30.317 Y-1.258 E.15226
G1 X-33.19 Y-2.178 E.14184
G1 X-33.19 Y-3.11 E.0438
G1 X-30.502 Y-2.235 E.13294
G1 X-27.373 Y-1.324 E.15325
G1 X-24.476 Y-.579 E.14067
G1 X-21.037 Y.2 E.16581
G1 X-17.835 Y.812 E.15327
M73 P92 R1
G1 X-14.617 Y1.322 E.15325
G1 X-11.384 Y1.732 E.15325
G1 X-8.139 Y2.039 E.15325
G1 X-5.154 Y2.227 E.14067
G1 X-1.63 Y2.346 E.16581
G1 X1.629 Y2.346 E.15327
G1 X4.619 Y2.252 E.14067
G1 X8.139 Y2.039 E.16581
G1 X11.384 Y1.732 E.15327
G1 X14.617 Y1.322 E.15325
G1 X17.571 Y.854 E.14067
G1 X21.036 Y.2 E.16581
G1 X24.217 Y-.512 E.15327
G1 X27.373 Y-1.324 E.15325
G1 X30.245 Y-2.16 E.14067
G1 X33.156 Y-3.1 E.14384
SET_VELOCITY_LIMIT ACCEL=10000
G1 X32.901 Y-2.552 F30000
;TYPE:Gap infill
;WIDTH:0.346355
G1 F2051
G1 X30.189 Y-1.682 E.07044
G1 X27.49 Y-.903 E.06945
G1 X24.321 Y-.087 E.08092
G1 X21.122 Y.629 E.08106
G1 X17.647 Y1.289 E.08745
G1 X14.462 Y1.787 E.07972
G1 X11.434 Y2.167 E.07546
G1 X8.175 Y2.476 E.08094
G1 X4.834 Y2.683 E.08277
G1 X1.612 Y2.786 E.07972
G1 X-1.64 Y2.786 E.08041
G1 X-4.834 Y2.682 E.07903
G1 X-8.053 Y2.486 E.07972
G1 X-11.429 Y2.168 E.08387
G1 X-14.681 Y1.756 E.08104
G1 X-17.647 Y1.289 E.07425
G1 X-20.816 Y.692 E.07972
G1 X-23.963 Y-.005 E.07972
G1 X-27.49 Y-.903 E.08999
G1 X-30.189 Y-1.682 E.06945
G1 X-32.901 Y-2.55 E.07043
;LAYER_CHANGE
;Z:42.86
;HEIGHT:0.200001
;BEFORE_LAYER_CHANGE
;42.86
G1 E-1.2 F2100
;WIPE_START
G1 F9000
G1 X-30.997 Y-1.941
;WIPE_END
;AFTER_LAYER_CHANGE
;42.86
;_SET_FAN_SPEED_CHANGING_LAYER
G17
G3 Z43.26 I.022 J1.217 P1  F30000
G1 X33.19 Y-3.11 Z43.26
G1 Z42.86
G1 E1.2 F2100
SET_VELOCITY_LIMIT ACCEL=5000
;TYPE:Outer wall
;WIDTH:0.62
G1 F2051
G1 X33.19 Y-2.178 E.0438
G1 X30.317 Y-1.258 E.14184
G1 X27.205 Y-.366 E.15226
G1 X24.066 Y.429 E.15226
G1 X20.904 Y1.126 E.15226
G1 X17.722 Y1.724 E.15226
G1 X14.523 Y2.224 E.15225
G1 X11.31 Y2.625 E.15226
G1 X8.087 Y2.926 E.15226
G1 X4.855 Y3.126 E.15226
G1 X1.619 Y3.227 E.15225
G1 X-1.619 Y3.227 E.15226
G1 X-4.855 Y3.126 E.15225
G1 X-8.087 Y2.926 E.15226
G1 X-11.31 Y2.625 E.15226
G1 X-14.523 Y2.224 E.15226
G1 X-17.722 Y1.724 E.15225
G1 X-20.904 Y1.126 E.15226
G1 X-24.066 Y.429 E.15226
G1 X-27.205 Y-.366 E.15226
G1 X-30.317 Y-1.258 E.15226
G1 X-33.19 Y-2.178 E.14184
G1 X-33.19 Y-3.11 E.0438
G1 X-30.502 Y-2.235 E.13294
G1 X-27.616 Y-1.395 E.14135
G1 X-24.217 Y-.512 E.16513
G1 X-21.036 Y.2 E.15327
G1 X-17.835 Y.812 E.15325
G1 X-14.617 Y1.322 E.15325
G1 X-11.384 Y1.732 E.15325
G1 X-8.391 Y2.015 E.14135
G1 X-4.887 Y2.244 E.16513
G1 X-1.629 Y2.346 E.15327
G1 X1.629 Y2.346 E.15325
G1 X4.634 Y2.252 E.14135
G1 X8.139 Y2.039 E.16513
G1 X11.384 Y1.732 E.15327
G1 X14.617 Y1.322 E.15325
G1 X17.585 Y.851 E.14135
G1 X21.036 Y.2 E.16513
G1 X24.217 Y-.512 E.15327
G1 X27.373 Y-1.324 E.15325
G1 X30.502 Y-2.235 E.15325
G1 X33.156 Y-3.098 E.13125
SET_VELOCITY_LIMIT ACCEL=10000
G1 X32.901 Y-2.55 F30000
;TYPE:Gap infill
;WIDTH:0.346204
G1 F2051
G1 X30.189 Y-1.682 E.07039
G1 X27.49 Y-.903 E.06941
G1 X23.964 Y-.002 E.08995
G1 X20.816 Y.692 E.07968
G1 X17.659 Y1.287 E.07939
G1 X14.681 Y1.756 E.0745
G1 X11.429 Y2.168 E.081
G1 X8.053 Y2.486 E.08382
G1 X4.834 Y2.684 E.07968
G1 X1.639 Y2.786 E.07902
G1 X-1.612 Y2.786 E.08034
G1 X-4.906 Y2.683 E.08144
G1 X-8.428 Y2.453 E.08724
G1 X-11.429 Y2.168 E.0745
G1 X-14.462 Y1.787 E.07553
G1 X-17.647 Y1.289 E.07968
G1 X-21.123 Y.629 E.08743
G1 X-24.322 Y-.088 E.08102
G1 X-27.734 Y-.973 E.08711
G1 X-30.189 Y-1.682 E.06315
G1 X-32.901 Y-2.55 E.07039
;LAYER_CHANGE
;Z:43.06
;HEIGHT:0.200001
;BEFORE_LAYER_CHANGE
;43.06
G1 E-1.2 F2100
;WIPE_START
G1 F9000
G1 X-30.997 Y-1.941
;WIPE_END
;AFTER_LAYER_CHANGE
;43.06
;_SET_FAN_SPEED_CHANGING_LAYER
G17
G3 Z43.46 I.022 J1.217 P1  F30000
G1 X33.19 Y-3.111 Z43.46
G1 Z43.06
G1 E1.2 F2100
SET_VELOCITY_LIMIT ACCEL=5000
;TYPE:Outer wall
;WIDTH:0.62
G1 F2051
G1 X33.19 Y-2.178 E.04384
G1 X30.317 Y-1.258 E.14184
G1 X27.205 Y-.366 E.15226
G1 X24.297 Y.37 E.14107
G1 X20.904 Y1.126 E.16345
G1 X17.722 Y1.724 E.15224
G1 X14.523 Y2.224 E.15225
M73 P93 R1
G1 X11.31 Y2.625 E.15226
G1 X8.087 Y2.926 E.15226
G1 X4.855 Y3.126 E.15226
G1 X1.619 Y3.227 E.15225
G1 X-1.619 Y3.227 E.15226
G1 X-4.855 Y3.126 E.15225
G1 X-8.087 Y2.926 E.15226
G1 X-11.31 Y2.625 E.15226
G1 X-14.523 Y2.224 E.15226
G1 X-17.722 Y1.724 E.15225
G1 X-20.904 Y1.126 E.15226
G1 X-24.066 Y.429 E.15226
G1 X-27.205 Y-.366 E.15226
G1 X-30.317 Y-1.258 E.15226
G1 X-33.19 Y-2.178 E.14184
G1 X-33.19 Y-3.11 E.0438
G1 X-30.502 Y-2.235 E.13294
G1 X-27.373 Y-1.324 E.15325
G1 X-24.448 Y-.571 E.14203
G1 X-21.037 Y.2 E.16445
G1 X-17.835 Y.812 E.15326
G1 X-14.617 Y1.322 E.15325
G1 X-11.384 Y1.732 E.15325
G1 X-8.377 Y2.016 E.14203
G1 X-4.887 Y2.244 E.16445
G1 X-1.629 Y2.346 E.15327
G1 X1.629 Y2.346 E.15325
G1 X4.648 Y2.251 E.14203
G1 X8.139 Y2.039 E.16445
G1 X11.384 Y1.732 E.15327
G1 X14.617 Y1.322 E.15325
G1 X17.6 Y.849 E.14203
G1 X21.036 Y.2 E.16445
G1 X24.217 Y-.512 E.15327
G1 X27.373 Y-1.324 E.15325
G1 X30.273 Y-2.168 E.14203
G1 X33.156 Y-3.1 E.14248
SET_VELOCITY_LIMIT ACCEL=10000
G1 X32.901 Y-2.551 F30000
;TYPE:Gap infill
;WIDTH:0.346042
G1 F2051
G1 X30.189 Y-1.682 E.07036
G1 X27.49 Y-.903 E.06937
G1 X24.321 Y-.087 E.08084
G1 X21.122 Y.629 E.08098
G1 X17.647 Y1.289 E.08736
G1 X14.462 Y1.787 E.07964
G1 X11.434 Y2.167 E.07538
G1 X8.175 Y2.476 E.08085
G1 X4.835 Y2.684 E.08268
G1 X1.612 Y2.786 E.07964
G1 X-1.634 Y2.786 E.08018
G1 X-4.911 Y2.683 E.08098
G1 X-8.052 Y2.483 E.07775
G1 X-11.263 Y2.186 E.07963
G1 X-14.681 Y1.756 E.0851
G1 X-17.647 Y1.289 E.07418
G1 X-20.816 Y.692 E.07964
G1 X-23.963 Y-.005 E.07963
G1 X-27.49 Y-.903 E.0899
G1 X-30.189 Y-1.682 E.06937
G1 X-32.901 Y-2.55 E.07035
;LAYER_CHANGE
;Z:43.26
;HEIGHT:0.199997
;BEFORE_LAYER_CHANGE
;43.26
G1 E-1.2 F2100
;WIPE_START
G1 F9000
G1 X-30.997 Y-1.941
;WIPE_END
;AFTER_LAYER_CHANGE
;43.26
;_SET_FAN_SPEED_CHANGING_LAYER
G17
G3 Z43.66 I.022 J1.217 P1  F30000
G1 X33.19 Y-3.111 Z43.66
G1 Z43.26
G1 E1.2 F2100
SET_VELOCITY_LIMIT ACCEL=5000
;TYPE:Outer wall
;WIDTH:0.62
G1 F2051
G1 X33.19 Y-2.178 E.04384
G1 X30.317 Y-1.258 E.14184
G1 X27.205 Y-.366 E.15226
G1 X24.283 Y.374 E.14175
G1 X20.904 Y1.126 E.16277
G1 X17.722 Y1.724 E.15224
G1 X14.523 Y2.224 E.15225
G1 X11.31 Y2.625 E.15226
G1 X8.087 Y2.926 E.15226
G1 X4.855 Y3.126 E.15226
G1 X1.619 Y3.227 E.15225
G1 X-1.619 Y3.227 E.15226
G1 X-4.855 Y3.126 E.15225
G1 X-8.087 Y2.926 E.15226
G1 X-11.31 Y2.625 E.15226
G1 X-14.523 Y2.224 E.15226
G1 X-17.722 Y1.724 E.15225
G1 X-20.904 Y1.126 E.15226
G1 X-24.066 Y.429 E.15226
G1 X-27.205 Y-.366 E.15226
G1 X-30.317 Y-1.258 E.15226
G1 X-33.19 Y-2.178 E.14184
G1 X-33.19 Y-3.11 E.0438
G1 X-30.502 Y-2.235 E.13294
G1 X-27.373 Y-1.324 E.15325
G1 X-24.434 Y-.568 E.14271
G1 X-21.037 Y.2 E.16377
G1 X-17.835 Y.812 E.15326
G1 X-14.617 Y1.322 E.15325
G1 X-11.384 Y1.732 E.15325
G1 X-8.139 Y2.039 E.15325
G1 X-5.11 Y2.23 E.14271
G1 X-1.63 Y2.346 E.16377
G1 X1.629 Y2.346 E.15326
G1 X4.663 Y2.251 E.14271
G1 X8.139 Y2.039 E.16377
G1 X11.384 Y1.732 E.15326
G1 X14.617 Y1.322 E.15325
G1 X17.614 Y.847 E.14271
G1 X21.036 Y.2 E.16377
G1 X24.217 Y-.512 E.15326
G1 X27.373 Y-1.324 E.15325
G1 X30.287 Y-2.172 E.14271
G1 X33.156 Y-3.099 E.1418
SET_VELOCITY_LIMIT ACCEL=10000
G1 X32.901 Y-2.551 F30000
;TYPE:Gap infill
;WIDTH:0.346021
G1 F2051
G1 X30.189 Y-1.682 E.07036
G1 X27.49 Y-.903 E.06937
G1 X24.321 Y-.087 E.08083
G1 X21.122 Y.629 E.08097
G1 X17.647 Y1.289 E.08735
G1 X14.462 Y1.787 E.07963
G1 X11.434 Y2.167 E.07537
G1 X8.175 Y2.476 E.08085
G1 X4.835 Y2.684 E.08268
G1 X1.612 Y2.786 E.07963
G1 X-1.64 Y2.786 E.08031
G1 X-4.834 Y2.683 E.07895
G1 X-8.053 Y2.486 E.07963
G1 X-11.429 Y2.168 E.08377
G1 X-14.681 Y1.756 E.08095
G1 X-17.647 Y1.289 E.07417
G1 X-20.816 Y.692 E.07963
G1 X-23.963 Y-.005 E.07963
G1 X-27.49 Y-.903 E.08989
G1 X-30.189 Y-1.682 E.06937
G1 X-32.901 Y-2.55 E.07035
;LAYER_CHANGE
;Z:43.46
;HEIGHT:0.200001
;BEFORE_LAYER_CHANGE
;43.46
G1 E-1.2 F2100
;WIPE_START
G1 F9000
G1 X-30.997 Y-1.941
;WIPE_END
;AFTER_LAYER_CHANGE
;43.46
;_SET_FAN_SPEED_CHANGING_LAYER
G17
G3 Z43.86 I.022 J1.217 P1  F30000
G1 X33.19 Y-3.11 Z43.86
G1 Z43.46
G1 E1.2 F2100
SET_VELOCITY_LIMIT ACCEL=5000
;TYPE:Outer wall
;WIDTH:0.62
G1 F2051
G1 X33.19 Y-2.178 E.0438
G1 X30.317 Y-1.258 E.14184
G1 X27.205 Y-.366 E.15226
G1 X24.066 Y.429 E.15226
G1 X20.904 Y1.126 E.15226
G1 X17.722 Y1.724 E.15226
G1 X14.523 Y2.224 E.15225
G1 X11.31 Y2.625 E.15226
G1 X8.087 Y2.926 E.15226
G1 X4.855 Y3.126 E.15226
G1 X1.619 Y3.227 E.15225
G1 X-1.619 Y3.227 E.15226
G1 X-4.855 Y3.126 E.15225
G1 X-8.087 Y2.926 E.15226
G1 X-11.31 Y2.625 E.15226
G1 X-14.523 Y2.224 E.15226
G1 X-17.722 Y1.724 E.15225
G1 X-20.904 Y1.126 E.15226
G1 X-24.066 Y.429 E.15226
G1 X-27.205 Y-.366 E.15226
G1 X-30.317 Y-1.258 E.15226
G1 X-33.19 Y-2.178 E.14184
G1 X-33.19 Y-3.11 E.0438
G1 X-30.502 Y-2.235 E.13294
G1 X-27.373 Y-1.324 E.15325
G1 X-24.42 Y-.564 E.14339
G1 X-21.037 Y.2 E.16309
G1 X-17.835 Y.812 E.15326
G1 X-14.617 Y1.322 E.15325
G1 X-11.384 Y1.732 E.15325
G1 X-8.348 Y2.019 E.14339
G1 X-4.887 Y2.244 E.16309
G1 X-1.629 Y2.346 E.15326
G1 X1.629 Y2.346 E.15325
G1 X4.677 Y2.25 E.14339
G1 X8.139 Y2.039 E.16309
M73 P94 R1
G1 X11.384 Y1.732 E.15326
G1 X14.617 Y1.322 E.15325
G1 X17.835 Y.812 E.15325
G1 X21.036 Y.2 E.15325
G1 X24.217 Y-.512 E.15325
G1 X27.373 Y-1.324 E.15325
G1 X30.502 Y-2.235 E.15325
G1 X33.156 Y-3.098 E.13125
SET_VELOCITY_LIMIT ACCEL=10000
G1 X32.901 Y-2.55 F30000
;TYPE:Gap infill
;WIDTH:0.346079
G1 F2051
G1 X30.189 Y-1.682 E.07036
G1 X27.49 Y-.903 E.06938
G1 X24.321 Y-.087 E.08084
G1 X21.123 Y.629 E.08096
G1 X17.647 Y1.289 E.08739
G1 X14.462 Y1.787 E.07965
G1 X11.434 Y2.167 E.07539
G1 X8.176 Y2.476 E.08086
G1 X4.835 Y2.684 E.08269
G1 X1.612 Y2.786 E.07965
G1 X-1.634 Y2.786 E.08019
G1 X-4.911 Y2.683 E.08099
G1 X-8.052 Y2.483 E.07777
G1 X-11.263 Y2.186 E.07964
G1 X-14.681 Y1.756 E.08511
G1 X-17.647 Y1.289 E.07418
G1 X-20.816 Y.692 E.07965
G1 X-23.964 Y-.005 E.07964
G1 X-27.49 Y-.903 E.08991
G1 X-30.189 Y-1.682 E.06938
G1 X-32.901 Y-2.55 E.07036
;LAYER_CHANGE
;Z:43.66
;HEIGHT:0.200001
;BEFORE_LAYER_CHANGE
;43.66
G1 E-1.2 F2100
;WIPE_START
G1 F9000
G1 X-30.997 Y-1.941
;WIPE_END
;AFTER_LAYER_CHANGE
;43.66
;_SET_FAN_SPEED_CHANGING_LAYER
G17
G3 Z44.06 I.022 J1.217 P1  F30000
G1 X33.19 Y-3.11 Z44.06
G1 Z43.66
G1 E1.2 F2100
SET_VELOCITY_LIMIT ACCEL=5000
;TYPE:Outer wall
;WIDTH:0.62
G1 F2051
G1 X33.19 Y-2.178 E.0438
G1 X30.317 Y-1.258 E.14184
G1 X27.205 Y-.366 E.15226
G1 X24.255 Y.381 E.14311
G1 X20.904 Y1.126 E.16141
G1 X17.722 Y1.724 E.15224
G1 X14.523 Y2.224 E.15225
G1 X11.31 Y2.625 E.15226
G1 X8.087 Y2.926 E.15226
G1 X4.855 Y3.126 E.15226
G1 X1.619 Y3.227 E.15225
G1 X-1.619 Y3.227 E.15226
G1 X-4.855 Y3.126 E.15225
G1 X-8.087 Y2.926 E.15226
G1 X-11.31 Y2.625 E.15226
G1 X-14.523 Y2.224 E.15226
G1 X-17.722 Y1.724 E.15225
G1 X-20.904 Y1.126 E.15226
G1 X-24.066 Y.429 E.15226
G1 X-27.205 Y-.366 E.15226
G1 X-30.317 Y-1.258 E.15226
G1 X-33.19 Y-2.178 E.14184
G1 X-33.19 Y-3.11 E.0438
G1 X-30.502 Y-2.235 E.13294
G1 X-27.56 Y-1.378 E.14407
G1 X-24.217 Y-.512 E.16241
G1 X-21.036 Y.2 E.15326
G1 X-17.835 Y.812 E.15325
G1 X-14.617 Y1.322 E.15325
G1 X-11.384 Y1.732 E.15325
G1 X-8.334 Y2.02 E.14407
G1 X-4.887 Y2.244 E.16241
G1 X-1.629 Y2.346 E.15326
G1 X1.629 Y2.346 E.15325
G1 X4.692 Y2.25 E.14407
G1 X8.139 Y2.039 E.16241
G1 X11.384 Y1.732 E.15326
G1 X14.617 Y1.322 E.15325
G1 X17.835 Y.812 E.15325
G1 X21.036 Y.2 E.15325
G1 X24.217 Y-.512 E.15325
G1 X27.373 Y-1.324 E.15325
G1 X30.502 Y-2.235 E.15325
G1 X33.156 Y-3.098 E.13125
SET_VELOCITY_LIMIT ACCEL=10000
G1 X32.901 Y-2.55 F30000
;TYPE:Gap infill
;WIDTH:0.34585
G1 F2051
G1 X30.189 Y-1.682 E.07031
G1 X27.49 Y-.903 E.06933
G1 X24.153 Y-.047 E.08505
G1 X20.815 Y.693 E.08439
G1 X17.647 Y1.289 E.07957
G1 X14.681 Y1.756 E.07413
G1 X11.429 Y2.168 E.0809
G1 X8.053 Y2.486 E.08373
G1 X4.835 Y2.684 E.07959
G1 X1.639 Y2.786 E.07893
G1 X-1.612 Y2.786 E.08025
G1 X-4.906 Y2.683 E.08134
G1 X-8.371 Y2.458 E.08571
G1 X-11.429 Y2.168 E.07584
G1 X-14.462 Y1.787 E.07545
G1 X-17.647 Y1.289 E.07959
G1 X-21.123 Y.629 E.08733
G1 X-24.322 Y-.087 E.08092
G1 X-27.678 Y-.957 E.08559
G1 X-30.189 Y-1.682 E.0645
G1 X-32.901 Y-2.55 E.07031
;LAYER_CHANGE
;Z:43.86
;HEIGHT:0.200001
;BEFORE_LAYER_CHANGE
;43.86
G1 E-1.2 F2100
;WIPE_START
G1 F9000
G1 X-30.997 Y-1.941
;WIPE_END
;AFTER_LAYER_CHANGE
;43.86
;_SET_FAN_SPEED_CHANGING_LAYER
G17
G3 Z44.26 I.022 J1.217 P1  F30000
G1 X33.19 Y-3.11 Z44.26
G1 Z43.86
G1 E1.2 F2100
SET_VELOCITY_LIMIT ACCEL=5000
;TYPE:Outer wall
;WIDTH:0.62
G1 F2051
G1 X33.19 Y-2.178 E.0438
G1 X30.317 Y-1.258 E.14184
G1 X27.205 Y-.366 E.15226
G1 X24.066 Y.429 E.15226
G1 X20.904 Y1.126 E.15226
G1 X17.722 Y1.724 E.15226
G1 X14.523 Y2.224 E.15225
G1 X11.31 Y2.625 E.15226
G1 X8.087 Y2.926 E.15226
G1 X4.855 Y3.126 E.15226
G1 X1.619 Y3.227 E.15225
G1 X-1.619 Y3.227 E.15226
G1 X-4.855 Y3.126 E.15225
G1 X-8.087 Y2.926 E.15226
G1 X-11.31 Y2.625 E.15226
G1 X-14.523 Y2.224 E.15226
G1 X-17.722 Y1.724 E.15225
G1 X-20.904 Y1.126 E.15226
G1 X-24.066 Y.429 E.15226
G1 X-27.205 Y-.366 E.15226
G1 X-30.317 Y-1.258 E.15226
G1 X-33.19 Y-2.178 E.14184
G1 X-33.19 Y-3.11 E.0438
G1 X-30.502 Y-2.235 E.13294
G1 X-27.373 Y-1.324 E.15325
G1 X-24.392 Y-.557 E.14475
G1 X-21.037 Y.2 E.16173
G1 X-17.835 Y.812 E.15326
G1 X-14.617 Y1.322 E.15325
G1 X-11.384 Y1.732 E.15325
G1 X-8.139 Y2.039 E.15325
G1 X-5.067 Y2.232 E.14475
G1 X-1.63 Y2.346 E.16173
G1 X1.629 Y2.346 E.15326
G1 X4.706 Y2.25 E.14475
G1 X8.139 Y2.039 E.16173
G1 X11.384 Y1.732 E.15326
G1 X14.617 Y1.322 E.15325
G1 X17.835 Y.812 E.15325
G1 X21.036 Y.2 E.15325
G1 X24.217 Y-.512 E.15325
G1 X27.373 Y-1.324 E.15325
G1 X30.502 Y-2.235 E.15325
G1 X33.156 Y-3.098 E.13125
SET_VELOCITY_LIMIT ACCEL=10000
G1 X32.901 Y-2.55 F30000
;TYPE:Gap infill
;WIDTH:0.346038
G1 F2051
G1 X30.189 Y-1.682 E.07035
G1 X27.49 Y-.903 E.06937
G1 X23.964 Y-.002 E.0899
G1 X20.816 Y.692 E.07963
G1 X17.913 Y1.243 E.07297
G1 X14.681 Y1.756 E.08084
G1 X11.429 Y2.168 E.08095
G1 X8.053 Y2.486 E.08378
G1 X4.835 Y2.685 E.07964
G1 X1.639 Y2.786 E.07898
G1 X-1.612 Y2.786 E.0803
G1 X-4.834 Y2.684 E.07964
G1 X-8.176 Y2.476 E.0827
G1 X-11.434 Y2.167 E.08084
G1 X-14.462 Y1.787 E.07538
G1 X-17.647 Y1.289 E.07964
G1 X-21.123 Y.629 E.08739
G1 X-24.496 Y-.132 E.08541
G1 X-27.49 Y-.903 E.07636
G1 X-30.189 Y-1.682 E.06937
M73 P95 R1
G1 X-32.901 Y-2.55 E.07035
;LAYER_CHANGE
;Z:44.06
;HEIGHT:0.200001
;BEFORE_LAYER_CHANGE
;44.06
G1 E-1.2 F2100
;WIPE_START
G1 F9000
G1 X-30.997 Y-1.941
;WIPE_END
;AFTER_LAYER_CHANGE
;44.06
;_SET_FAN_SPEED_CHANGING_LAYER
G17
G3 Z44.46 I.022 J1.217 P1  F30000
G1 X33.19 Y-3.11 Z44.46
G1 Z44.06
G1 E1.2 F2100
SET_VELOCITY_LIMIT ACCEL=5000
;TYPE:Outer wall
;WIDTH:0.62
G1 F2051
G1 X33.19 Y-2.178 E.04383
G1 X30.317 Y-1.258 E.14184
G1 X27.205 Y-.366 E.15226
G1 X24.066 Y.429 E.15226
G1 X20.904 Y1.126 E.15226
G1 X17.722 Y1.724 E.15226
G1 X14.523 Y2.224 E.15225
G1 X11.31 Y2.625 E.15226
G1 X8.087 Y2.926 E.15226
G1 X4.855 Y3.126 E.15226
G1 X1.619 Y3.227 E.15225
G1 X-1.619 Y3.227 E.15226
G1 X-4.855 Y3.126 E.15225
G1 X-8.087 Y2.926 E.15226
G1 X-11.31 Y2.625 E.15226
G1 X-14.523 Y2.224 E.15226
G1 X-17.722 Y1.724 E.15225
G1 X-20.904 Y1.126 E.15226
G1 X-24.066 Y.429 E.15226
G1 X-27.205 Y-.366 E.15226
G1 X-30.317 Y-1.258 E.15226
G1 X-33.19 Y-2.178 E.14184
G1 X-33.19 Y-3.11 E.0438
G1 X-30.502 Y-2.235 E.13294
G1 X-27.373 Y-1.324 E.15325
G1 X-24.378 Y-.553 E.14543
G1 X-21.037 Y.2 E.16105
G1 X-17.835 Y.812 E.15326
G1 X-14.617 Y1.322 E.15325
G1 X-11.384 Y1.732 E.15325
G1 X-8.305 Y2.023 E.14543
G1 X-4.887 Y2.244 E.16105
G1 X-1.629 Y2.346 E.15326
G1 X1.629 Y2.346 E.15325
G1 X4.721 Y2.249 E.14543
G1 X8.139 Y2.039 E.16105
G1 X11.384 Y1.732 E.15326
G1 X14.617 Y1.322 E.15325
G1 X17.835 Y.812 E.15325
G1 X21.036 Y.2 E.15325
G1 X24.217 Y-.512 E.15325
G1 X27.373 Y-1.324 E.15325
G1 X30.342 Y-2.188 E.14543
G1 X33.156 Y-3.099 E.13908
SET_VELOCITY_LIMIT ACCEL=10000
G1 X32.901 Y-2.551 F30000
;TYPE:Gap infill
;WIDTH:0.346141
G1 F2051
G1 X30.189 Y-1.682 E.07038
G1 X27.49 Y-.903 E.0694
G1 X24.321 Y-.087 E.08086
G1 X21.123 Y.629 E.08098
G1 X17.647 Y1.289 E.08741
G1 X14.462 Y1.787 E.07966
G1 X11.434 Y2.167 E.0754
G1 X8.176 Y2.476 E.08088
G1 X4.835 Y2.685 E.08271
G1 X1.612 Y2.786 E.07966
G1 X-1.634 Y2.786 E.08021
G1 X-4.911 Y2.683 E.081
G1 X-8.052 Y2.484 E.07779
G1 X-11.263 Y2.186 E.07966
G1 X-14.681 Y1.756 E.08513
G1 X-17.913 Y1.243 E.08086
G1 X-21.123 Y.629 E.08076
G1 X-23.964 Y-.004 E.0719
G1 X-27.49 Y-.903 E.08993
G1 X-30.189 Y-1.682 E.0694
G1 X-32.901 Y-2.55 E.07038
;LAYER_CHANGE
;Z:44.26
;HEIGHT:0.199997
;BEFORE_LAYER_CHANGE
;44.26
G1 E-1.2 F2100
;WIPE_START
G1 F9000
G1 X-30.997 Y-1.941
;WIPE_END
;AFTER_LAYER_CHANGE
;44.26
;_SET_FAN_SPEED_CHANGING_LAYER
G17
G3 Z44.66 I.022 J1.217 P1  F30000
G1 X33.19 Y-3.11 Z44.66
G1 Z44.26
G1 E1.2 F2100
SET_VELOCITY_LIMIT ACCEL=5000
;TYPE:Outer wall
;WIDTH:0.62
G1 F2051
G1 X33.19 Y-2.178 E.0438
G1 X30.317 Y-1.258 E.14184
G1 X27.205 Y-.366 E.15226
G1 X24.066 Y.429 E.15226
G1 X20.904 Y1.126 E.15226
G1 X17.722 Y1.724 E.15226
G1 X14.523 Y2.224 E.15225
G1 X11.31 Y2.625 E.15226
G1 X8.087 Y2.926 E.15226
G1 X4.855 Y3.126 E.15226
G1 X1.619 Y3.227 E.15225
G1 X-1.619 Y3.227 E.15226
G1 X-4.855 Y3.126 E.15225
G1 X-8.087 Y2.926 E.15226
G1 X-11.31 Y2.625 E.15226
G1 X-14.523 Y2.224 E.15226
G1 X-17.722 Y1.724 E.15225
G1 X-20.904 Y1.126 E.15226
G1 X-24.066 Y.429 E.15226
G1 X-27.205 Y-.366 E.15226
G1 X-30.317 Y-1.258 E.15226
G1 X-33.19 Y-2.178 E.14184
G1 X-33.19 Y-3.11 E.0438
G1 X-30.502 Y-2.235 E.13294
G1 X-27.518 Y-1.366 E.14611
G1 X-24.217 Y-.512 E.16038
G1 X-21.036 Y.2 E.15326
G1 X-17.835 Y.812 E.15325
G1 X-14.617 Y1.322 E.15325
G1 X-11.384 Y1.732 E.15325
G1 X-8.29 Y2.025 E.14611
G1 X-4.887 Y2.244 E.16038
G1 X-1.629 Y2.346 E.15326
G1 X1.629 Y2.346 E.15325
G1 X4.735 Y2.249 E.14611
G1 X8.139 Y2.039 E.16038
G1 X11.384 Y1.732 E.15326
G1 X14.617 Y1.322 E.15325
G1 X17.835 Y.812 E.15325
G1 X21.036 Y.2 E.15325
G1 X24.217 Y-.512 E.15325
G1 X27.373 Y-1.324 E.15325
G1 X30.502 Y-2.235 E.15325
G1 X33.156 Y-3.098 E.13125
SET_VELOCITY_LIMIT ACCEL=10000
G1 X32.901 Y-2.55 F30000
;TYPE:Gap infill
;WIDTH:0.346029
G1 F2051
G1 X30.189 Y-1.682 E.07035
G1 X27.49 Y-.903 E.06937
G1 X24.321 Y-.087 E.08083
G1 X21.123 Y.629 E.08095
G1 X17.647 Y1.289 E.08738
G1 X14.462 Y1.787 E.07963
G1 X11.434 Y2.167 E.07537
G1 X8.176 Y2.476 E.08084
G1 X4.835 Y2.685 E.08268
G1 X1.612 Y2.786 E.07963
G1 X-1.634 Y2.786 E.08018
G1 X-4.911 Y2.683 E.08097
G1 X-8.052 Y2.484 E.07776
G1 X-11.263 Y2.186 E.07963
G1 X-14.681 Y1.756 E.08509
G1 X-17.913 Y1.243 E.08083
G1 X-20.816 Y.692 E.07297
G1 X-23.964 Y-.002 E.07963
G1 X-27.637 Y-.945 E.09365
G1 X-30.189 Y-1.682 E.06562
G1 X-32.901 Y-2.55 E.07035
;LAYER_CHANGE
;Z:44.46
;HEIGHT:0.200001
;BEFORE_LAYER_CHANGE
;44.46
G1 E-1.2 F2100
;WIPE_START
G1 F9000
G1 X-30.997 Y-1.941
;WIPE_END
;AFTER_LAYER_CHANGE
;44.46
;_SET_FAN_SPEED_CHANGING_LAYER
G17
G3 Z44.86 I.022 J1.217 P1  F30000
G1 X33.19 Y-3.11 Z44.86
G1 Z44.46
G1 E1.2 F2100
SET_VELOCITY_LIMIT ACCEL=5000
;TYPE:Outer wall
;WIDTH:0.62
G1 F2051
G1 X33.19 Y-2.178 E.04382
G1 X30.317 Y-1.258 E.14184
G1 X27.205 Y-.366 E.15226
G1 X24.066 Y.429 E.15226
G1 X20.904 Y1.126 E.15226
G1 X17.722 Y1.724 E.15226
G1 X14.523 Y2.224 E.15225
G1 X11.31 Y2.625 E.15226
G1 X8.087 Y2.926 E.15226
G1 X4.855 Y3.126 E.15226
G1 X1.619 Y3.227 E.15225
G1 X-1.619 Y3.227 E.15226
G1 X-4.855 Y3.126 E.15225
G1 X-8.087 Y2.926 E.15226
G1 X-11.31 Y2.625 E.15226
G1 X-14.523 Y2.224 E.15226
G1 X-17.722 Y1.724 E.15225
G1 X-20.904 Y1.126 E.15226
G1 X-24.066 Y.429 E.15226
G1 X-27.205 Y-.366 E.15226
G1 X-30.317 Y-1.258 E.15226
G1 X-33.19 Y-2.178 E.14184
G1 X-33.19 Y-3.11 E.0438
G1 X-30.502 Y-2.235 E.13294
G1 X-27.373 Y-1.324 E.15325
M73 P96 R1
G1 X-24.35 Y-.546 E.14679
G1 X-21.037 Y.2 E.1597
G1 X-17.835 Y.812 E.15326
G1 X-14.617 Y1.322 E.15325
G1 X-11.384 Y1.732 E.15325
G1 X-8.139 Y2.039 E.15325
G1 X-5.024 Y2.235 E.14679
G1 X-1.63 Y2.346 E.1597
G1 X1.629 Y2.346 E.15326
G1 X4.749 Y2.248 E.14679
G1 X8.139 Y2.039 E.1597
G1 X11.384 Y1.732 E.15326
G1 X14.617 Y1.322 E.15325
G1 X17.7 Y.833 E.14679
G1 X21.036 Y.2 E.1597
G1 X24.217 Y-.512 E.15326
G1 X27.373 Y-1.324 E.15325
G1 X30.37 Y-2.196 E.14679
G1 X33.156 Y-3.099 E.13772
SET_VELOCITY_LIMIT ACCEL=10000
G1 X32.901 Y-2.551 F30000
;TYPE:Gap infill
;WIDTH:0.346131
G1 F2051
G1 X30.189 Y-1.682 E.07038
G1 X27.49 Y-.903 E.06939
G1 X24.321 Y-.087 E.08086
G1 X21.122 Y.629 E.08099
G1 X17.647 Y1.289 E.08739
G1 X14.462 Y1.787 E.07966
G1 X11.434 Y2.167 E.0754
G1 X8.176 Y2.476 E.08087
M73 P96 R0
G1 X4.835 Y2.685 E.08271
G1 X1.612 Y2.786 E.07966
G1 X-1.639 Y2.786 E.08033
G1 X-4.835 Y2.684 E.07899
G1 X-8.053 Y2.486 E.07966
G1 X-11.429 Y2.168 E.0838
G1 X-14.681 Y1.756 E.08098
G1 X-17.913 Y1.243 E.08086
G1 X-21.123 Y.629 E.08075
G1 X-23.964 Y-.004 E.0719
G1 X-27.49 Y-.903 E.08992
G1 X-30.189 Y-1.682 E.06939
G1 X-32.901 Y-2.55 E.07037
;LAYER_CHANGE
;Z:44.66
;HEIGHT:0.200001
;BEFORE_LAYER_CHANGE
;44.66
G1 E-1.2 F2100
;WIPE_START
G1 F9000
G1 X-30.997 Y-1.941
;WIPE_END
;AFTER_LAYER_CHANGE
;44.66
;_SET_FAN_SPEED_CHANGING_LAYER
G17
G3 Z45.06 I.022 J1.217 P1  F30000
G1 X33.19 Y-3.11 Z45.06
G1 Z44.66
G1 E1.2 F2100
SET_VELOCITY_LIMIT ACCEL=5000
;TYPE:Outer wall
;WIDTH:0.62
G1 F2051
G1 X33.19 Y-2.178 E.0438
G1 X30.317 Y-1.258 E.14184
G1 X27.205 Y-.366 E.15226
G1 X24.066 Y.429 E.15226
G1 X20.904 Y1.126 E.15226
G1 X17.722 Y1.724 E.15226
G1 X14.523 Y2.224 E.15225
G1 X11.31 Y2.625 E.15226
G1 X8.087 Y2.926 E.15226
G1 X4.855 Y3.126 E.15226
G1 X1.619 Y3.227 E.15225
G1 X-1.619 Y3.227 E.15226
G1 X-4.855 Y3.126 E.15225
G1 X-8.087 Y2.926 E.15226
G1 X-11.31 Y2.625 E.15226
G1 X-14.523 Y2.224 E.15226
G1 X-17.722 Y1.724 E.15225
G1 X-20.904 Y1.126 E.15226
G1 X-24.066 Y.429 E.15226
G1 X-27.205 Y-.366 E.15226
G1 X-30.317 Y-1.258 E.15226
G1 X-33.19 Y-2.178 E.14184
G1 X-33.19 Y-3.11 E.0438
G1 X-30.502 Y-2.235 E.13294
G1 X-27.373 Y-1.324 E.15325
G1 X-24.336 Y-.543 E.14747
G1 X-21.037 Y.2 E.15902
G1 X-17.835 Y.812 E.15326
G1 X-14.617 Y1.322 E.15325
G1 X-11.384 Y1.732 E.15325
G1 X-8.262 Y2.027 E.14747
G1 X-4.887 Y2.244 E.15902
G1 X-1.629 Y2.346 E.15326
G1 X1.629 Y2.346 E.15325
G1 X4.764 Y2.248 E.14747
G1 X8.139 Y2.039 E.15902
G1 X11.384 Y1.732 E.15326
G1 X14.617 Y1.322 E.15325
G1 X17.714 Y.831 E.14747
G1 X21.036 Y.2 E.15902
G1 X24.217 Y-.512 E.15326
G1 X27.373 Y-1.324 E.15325
G1 X30.502 Y-2.235 E.15325
G1 X33.156 Y-3.098 E.13125
SET_VELOCITY_LIMIT ACCEL=10000
G1 X32.901 Y-2.55 F30000
;TYPE:Gap infill
;WIDTH:0.346034
G1 F2051
G1 X30.189 Y-1.682 E.07035
G1 X27.49 Y-.903 E.06937
G1 X23.964 Y-.002 E.0899
G1 X20.816 Y.692 E.07963
G1 X17.787 Y1.265 E.07613
G1 X14.681 Y1.756 E.07768
G1 X11.429 Y2.168 E.08095
G1 X8.053 Y2.486 E.08378
G1 X4.835 Y2.685 E.07964
G1 X1.639 Y2.786 E.07898
G1 X-1.612 Y2.786 E.08029
G1 X-4.905 Y2.683 E.08139
G1 X-8.299 Y2.465 E.08398
G1 X-11.429 Y2.168 E.07768
G1 X-14.462 Y1.787 E.07549
G1 X-17.647 Y1.289 E.07963
G1 X-21.123 Y.629 E.08739
G1 X-24.44 Y-.118 E.08398
G1 X-27.49 Y-.903 E.07779
G1 X-30.189 Y-1.682 E.06937
G1 X-32.901 Y-2.55 E.07035
;LAYER_CHANGE
;Z:44.86
;HEIGHT:0.200001
;BEFORE_LAYER_CHANGE
;44.86
G1 E-1.2 F2100
;WIPE_START
G1 F9000
G1 X-30.997 Y-1.941
;WIPE_END
;AFTER_LAYER_CHANGE
;44.86
;_SET_FAN_SPEED_CHANGING_LAYER
G17
G3 Z45.26 I.022 J1.217 P1  F30000
G1 X33.19 Y-3.11 Z45.26
G1 Z44.86
G1 E1.2 F2100
SET_VELOCITY_LIMIT ACCEL=5000
;TYPE:Outer wall
;WIDTH:0.62
G1 F2051
G1 X33.19 Y-2.178 E.0438
G1 X30.317 Y-1.258 E.14184
G1 X27.205 Y-.366 E.15226
G1 X24.066 Y.429 E.15226
G1 X20.904 Y1.126 E.15226
G1 X17.722 Y1.724 E.15226
G1 X14.523 Y2.224 E.15225
G1 X11.31 Y2.625 E.15226
G1 X8.087 Y2.926 E.15226
G1 X4.855 Y3.126 E.15226
G1 X1.619 Y3.227 E.15225
G1 X-1.619 Y3.227 E.15226
G1 X-4.855 Y3.126 E.15225
G1 X-8.087 Y2.926 E.15226
G1 X-11.31 Y2.625 E.15226
G1 X-14.523 Y2.224 E.15226
G1 X-17.722 Y1.724 E.15225
G1 X-20.904 Y1.126 E.15226
G1 X-24.066 Y.429 E.15226
G1 X-27.205 Y-.366 E.15226
G1 X-30.317 Y-1.258 E.15226
G1 X-33.19 Y-2.178 E.14184
G1 X-33.19 Y-3.11 E.0438
G1 X-30.502 Y-2.235 E.13294
G1 X-27.373 Y-1.324 E.15325
G1 X-24.322 Y-.539 E.14815
G1 X-21.036 Y.2 E.15834
G1 X-17.835 Y.812 E.15326
G1 X-14.617 Y1.322 E.15325
G1 X-11.384 Y1.732 E.15325
G1 X-8.247 Y2.029 E.14815
G1 X-4.887 Y2.244 E.15834
G1 X-1.629 Y2.346 E.15326
G1 X1.629 Y2.346 E.15325
G1 X4.778 Y2.247 E.14815
G1 X8.139 Y2.039 E.15834
G1 X11.384 Y1.732 E.15326
G1 X14.617 Y1.322 E.15325
G1 X17.728 Y.829 E.14815
G1 X21.036 Y.2 E.15834
G1 X24.217 Y-.512 E.15326
G1 X27.373 Y-1.324 E.15325
G1 X30.502 Y-2.235 E.15325
G1 X33.156 Y-3.098 E.13125
SET_VELOCITY_LIMIT ACCEL=10000
G1 X32.901 Y-2.55 F30000
;TYPE:Gap infill
;WIDTH:0.346018
G1 F2051
G1 X30.189 Y-1.682 E.07035
G1 X27.49 Y-.903 E.06937
G1 X24.321 Y-.087 E.08083
G1 X21.123 Y.629 E.08096
G1 X17.647 Y1.289 E.08736
G1 X14.462 Y1.787 E.07963
G1 X11.434 Y2.167 E.07537
G1 X8.176 Y2.476 E.08084
G1 X4.835 Y2.686 E.08268
G1 X1.612 Y2.786 E.07963
M73 P97 R0
G1 X-1.634 Y2.786 E.08017
G1 X-4.835 Y2.686 E.07909
G1 X-8.052 Y2.484 E.07963
G1 X-11.429 Y2.168 E.08377
G1 X-14.681 Y1.756 E.08095
G1 X-17.913 Y1.243 E.08083
G1 X-21.123 Y.629 E.08072
G1 X-23.964 Y-.004 E.07188
G1 X-27.49 Y-.903 E.08989
G1 X-30.189 Y-1.682 E.06937
G1 X-32.901 Y-2.55 E.07035
;LAYER_CHANGE
;Z:45.06
;HEIGHT:0.200001
;BEFORE_LAYER_CHANGE
;45.06
G1 E-1.2 F2100
;WIPE_START
G1 F9000
G1 X-30.997 Y-1.941
;WIPE_END
;AFTER_LAYER_CHANGE
;45.06
;_SET_FAN_SPEED_CHANGING_LAYER
G17
G3 Z45.46 I.022 J1.217 P1  F30000
G1 X33.19 Y-3.11 Z45.46
G1 Z45.06
G1 E1.2 F2100
SET_VELOCITY_LIMIT ACCEL=5000
;TYPE:Outer wall
;WIDTH:0.62
G1 F2051
G1 X33.19 Y-2.178 E.04381
G1 X30.317 Y-1.258 E.14184
G1 X27.205 Y-.366 E.15226
G1 X24.066 Y.429 E.15226
G1 X20.904 Y1.126 E.15226
G1 X17.722 Y1.724 E.15226
G1 X14.523 Y2.224 E.15225
G1 X11.403 Y2.613 E.14785
G1 X8.087 Y2.926 E.15667
G1 X4.855 Y3.126 E.15225
G1 X1.619 Y3.227 E.15225
G1 X-1.619 Y3.227 E.15226
G1 X-4.855 Y3.126 E.15225
G1 X-8.087 Y2.926 E.15226
G1 X-11.31 Y2.625 E.15226
G1 X-14.523 Y2.224 E.15226
G1 X-17.722 Y1.724 E.15225
G1 X-20.904 Y1.126 E.15226
G1 X-24.066 Y.429 E.15226
G1 X-27.205 Y-.366 E.15226
G1 X-30.317 Y-1.258 E.15226
G1 X-33.19 Y-2.178 E.14184
G1 X-33.19 Y-3.11 E.0438
G1 X-30.502 Y-2.235 E.13294
G1 X-27.373 Y-1.324 E.15325
G1 X-24.308 Y-.535 E.14883
G1 X-21.036 Y.2 E.15766
G1 X-17.835 Y.812 E.15325
G1 X-14.617 Y1.322 E.15325
G1 X-11.384 Y1.732 E.15325
G1 X-8.139 Y2.039 E.15325
G1 X-4.981 Y2.238 E.14883
G1 X-1.63 Y2.346 E.15766
G1 X1.629 Y2.346 E.15325
G1 X4.793 Y2.247 E.14883
G1 X8.139 Y2.039 E.15766
G1 X11.384 Y1.732 E.15326
G1 X14.617 Y1.322 E.15325
G1 X17.743 Y.827 E.14883
G1 X21.036 Y.2 E.15766
G1 X24.217 Y-.512 E.15326
G1 X27.373 Y-1.324 E.15325
G1 X30.411 Y-2.208 E.14883
G1 X33.156 Y-3.099 E.13567
SET_VELOCITY_LIMIT ACCEL=10000
G1 X32.901 Y-2.551 F30000
;TYPE:Gap infill
;WIDTH:0.345933
G1 F2051
G1 X30.189 Y-1.682 E.07033
G1 X27.49 Y-.903 E.06935
G1 X24.321 Y-.087 E.08081
G1 X21.123 Y.629 E.08093
G1 X17.647 Y1.289 E.08734
G1 X14.462 Y1.787 E.07961
G1 X11.434 Y2.167 E.07535
G1 X8.176 Y2.476 E.08082
G1 X4.835 Y2.686 E.08266
G1 X1.612 Y2.786 E.07961
G1 X-1.639 Y2.786 E.08028
G1 X-4.835 Y2.685 E.07894
G1 X-8.053 Y2.486 E.07961
G1 X-11.429 Y2.168 E.08375
G1 X-14.681 Y1.756 E.08093
G1 X-17.913 Y1.243 E.08081
G1 X-21.123 Y.629 E.0807
G1 X-23.964 Y-.003 E.07186
G1 X-27.49 Y-.903 E.08987
G1 X-30.189 Y-1.682 E.06935
G1 X-32.901 Y-2.55 E.07033
;LAYER_CHANGE
;Z:45.26
;HEIGHT:0.199997
;BEFORE_LAYER_CHANGE
;45.26
G1 E-1.2 F2100
;WIPE_START
G1 F9000
G1 X-30.997 Y-1.941
;WIPE_END
;AFTER_LAYER_CHANGE
;45.26
;_SET_FAN_SPEED_CHANGING_LAYER
G17
G3 Z45.66 I.022 J1.217 P1  F30000
G1 X33.19 Y-3.11 Z45.66
G1 Z45.26
G1 E1.2 F2100
SET_VELOCITY_LIMIT ACCEL=5000
;TYPE:Outer wall
;WIDTH:0.62
G1 F2051
G1 X33.19 Y-2.178 E.0438
G1 X30.317 Y-1.258 E.14184
G1 X27.205 Y-.366 E.15226
G1 X24.143 Y.409 E.14853
G1 X20.904 Y1.126 E.15599
G1 X17.722 Y1.724 E.15225
G1 X14.523 Y2.224 E.15225
G1 X11.31 Y2.625 E.15226
G1 X8.087 Y2.926 E.15226
G1 X4.855 Y3.126 E.15226
G1 X1.619 Y3.227 E.15225
G1 X-1.619 Y3.227 E.15226
G1 X-4.855 Y3.126 E.15225
G1 X-8.087 Y2.926 E.15226
G1 X-11.31 Y2.625 E.15226
G1 X-14.523 Y2.224 E.15226
G1 X-17.722 Y1.724 E.15225
G1 X-20.904 Y1.126 E.15226
G1 X-24.066 Y.429 E.15226
G1 X-27.205 Y-.366 E.15226
G1 X-30.317 Y-1.258 E.15226
G1 X-33.19 Y-2.178 E.14184
G1 X-33.19 Y-3.11 E.0438
G1 X-30.502 Y-2.235 E.13294
G1 X-27.373 Y-1.324 E.15325
G1 X-24.294 Y-.532 E.14951
G1 X-21.036 Y.2 E.15698
G1 X-17.835 Y.812 E.15325
G1 X-14.617 Y1.322 E.15325
G1 X-11.384 Y1.732 E.15325
G1 X-8.139 Y2.039 E.15325
G1 X-4.966 Y2.239 E.14951
G1 X-1.63 Y2.346 E.15698
G1 X1.629 Y2.346 E.15325
G1 X4.807 Y2.246 E.14951
G1 X8.139 Y2.039 E.15698
G1 X11.384 Y1.732 E.15326
G1 X14.617 Y1.322 E.15325
G1 X17.757 Y.824 E.14951
G1 X21.036 Y.2 E.15698
G1 X24.217 Y-.512 E.15326
G1 X27.373 Y-1.324 E.15325
G1 X30.502 Y-2.235 E.15325
G1 X33.156 Y-3.098 E.13125
SET_VELOCITY_LIMIT ACCEL=10000
G1 X32.901 Y-2.55 F30000
;TYPE:Gap infill
;WIDTH:0.345894
G1 F2051
G1 X30.189 Y-1.682 E.07032
G1 X27.49 Y-.903 E.06934
G1 X24.041 Y-.02 E.0879
G1 X20.816 Y.692 E.08156
G1 X17.83 Y1.257 E.07502
G1 X14.681 Y1.756 E.07871
G1 X11.429 Y2.168 E.08092
G1 X8.053 Y2.486 E.08374
G1 X4.835 Y2.686 E.0796
G1 X1.639 Y2.786 E.07894
G1 X-1.612 Y2.786 E.08026
G1 X-4.985 Y2.678 E.08331
G1 X-8.176 Y2.476 E.07895
G1 X-11.434 Y2.167 E.0808
G1 X-14.462 Y1.787 E.07534
G1 X-17.647 Y1.289 E.0796
G1 X-21.123 Y.629 E.08735
G1 X-24.398 Y-.107 E.08287
G1 X-27.49 Y-.903 E.07883
G1 X-30.189 Y-1.682 E.06934
G1 X-32.901 Y-2.55 E.07032
;LAYER_CHANGE
;Z:45.46
;HEIGHT:0.200001
;BEFORE_LAYER_CHANGE
;45.46
G1 E-1.2 F2100
;WIPE_START
G1 F9000
G1 X-30.997 Y-1.941
;WIPE_END
;AFTER_LAYER_CHANGE
;45.46
;_SET_FAN_SPEED_CHANGING_LAYER
G17
G3 Z45.86 I.022 J1.217 P1  F30000
G1 X33.19 Y-3.11 Z45.86
G1 Z45.46
G1 E1.2 F2100
SET_VELOCITY_LIMIT ACCEL=5000
;TYPE:Outer wall
;WIDTH:0.62
G1 F2051
G1 X33.19 Y-2.178 E.04381
G1 X30.317 Y-1.258 E.14184
G1 X27.205 Y-.366 E.15226
G1 X24.129 Y.413 E.14921
G1 X20.904 Y1.126 E.15531
G1 X17.722 Y1.724 E.15225
G1 X14.523 Y2.224 E.15225
G1 X11.31 Y2.625 E.15226
G1 X8.087 Y2.926 E.15226
G1 X4.855 Y3.126 E.15226
G1 X1.619 Y3.227 E.15225
G1 X-1.619 Y3.227 E.15226
G1 X-4.855 Y3.126 E.15225
M73 P98 R0
G1 X-8.087 Y2.926 E.15226
G1 X-11.31 Y2.625 E.15226
G1 X-14.523 Y2.224 E.15226
G1 X-17.722 Y1.724 E.15225
G1 X-20.904 Y1.126 E.15226
G1 X-24.066 Y.429 E.15226
G1 X-27.205 Y-.366 E.15226
G1 X-30.317 Y-1.258 E.15226
G1 X-33.19 Y-2.178 E.14184
G1 X-33.19 Y-3.11 E.0438
G1 X-30.502 Y-2.235 E.13294
G1 X-27.373 Y-1.324 E.15325
G1 X-24.28 Y-.528 E.15019
G1 X-21.036 Y.2 E.1563
G1 X-17.835 Y.812 E.15325
G1 X-14.617 Y1.322 E.15325
G1 X-11.384 Y1.732 E.15325
G1 X-8.204 Y2.033 E.15019
G1 X-4.887 Y2.244 E.1563
G1 X-1.629 Y2.346 E.15325
G1 X1.629 Y2.346 E.15325
G1 X4.822 Y2.246 E.15019
G1 X8.139 Y2.039 E.1563
G1 X11.384 Y1.732 E.15325
G1 X14.617 Y1.322 E.15325
G1 X17.835 Y.812 E.15325
G1 X21.036 Y.2 E.15325
G1 X24.217 Y-.512 E.15325
G1 X27.373 Y-1.324 E.15325
G1 X30.439 Y-2.216 E.15019
G1 X33.156 Y-3.099 E.13431
SET_VELOCITY_LIMIT ACCEL=10000
G1 X32.901 Y-2.551 F30000
;TYPE:Gap infill
;WIDTH:0.345921
G1 F2051
G1 X30.189 Y-1.682 E.07033
G1 X27.49 Y-.903 E.06935
G1 X24.321 Y-.087 E.0808
G1 X21.123 Y.629 E.08092
G1 X17.647 Y1.289 E.08735
G1 X14.462 Y1.787 E.0796
G1 X11.434 Y2.167 E.07535
G1 X8.176 Y2.476 E.08081
G1 X4.84 Y2.686 E.08253
G1 X1.612 Y2.786 E.07974
G1 X-1.639 Y2.786 E.08026
G1 X-4.905 Y2.683 E.08069
G1 X-8.053 Y2.485 E.07786
G1 X-11.429 Y2.168 E.08375
G1 X-14.681 Y1.756 E.08092
G1 X-17.913 Y1.243 E.0808
G1 X-21.123 Y.629 E.08069
G1 X-23.964 Y-.003 E.07186
G1 X-27.49 Y-.903 E.08986
G1 X-30.189 Y-1.682 E.06935
G1 X-32.901 Y-2.55 E.07033
;LAYER_CHANGE
;Z:45.66
;HEIGHT:0.200001
;BEFORE_LAYER_CHANGE
;45.66
G1 E-1.2 F2100
;WIPE_START
G1 F9000
G1 X-30.997 Y-1.941
;WIPE_END
;AFTER_LAYER_CHANGE
;45.66
;_SET_FAN_SPEED_CHANGING_LAYER
G17
G3 Z46.06 I.022 J1.217 P1  F30000
G1 X33.19 Y-3.11 Z46.06
G1 Z45.66
G1 E1.2 F2100
SET_VELOCITY_LIMIT ACCEL=5000
;TYPE:Outer wall
;WIDTH:0.62
G1 F2051
G1 X33.19 Y-2.178 E.0438
G1 X30.317 Y-1.258 E.14184
G1 X27.205 Y-.366 E.15226
G1 X24.115 Y.416 E.14988
G1 X20.904 Y1.126 E.15463
G1 X17.722 Y1.724 E.15225
G1 X14.523 Y2.224 E.15225
G1 X11.31 Y2.625 E.15226
G1 X8.087 Y2.926 E.15226
G1 X4.855 Y3.126 E.15226
G1 X1.619 Y3.227 E.15225
G1 X-1.619 Y3.227 E.15226
G1 X-4.855 Y3.126 E.15225
G1 X-8.087 Y2.926 E.15226
G1 X-11.31 Y2.625 E.15225
G1 X-14.523 Y2.224 E.15226
G1 X-17.722 Y1.724 E.15225
G1 X-20.904 Y1.126 E.15226
G1 X-24.066 Y.429 E.15226
G1 X-27.205 Y-.366 E.15226
G1 X-30.317 Y-1.258 E.15226
G1 X-33.19 Y-2.178 E.14184
G1 X-33.19 Y-3.11 E.0438
G1 X-30.502 Y-2.235 E.13294
G1 X-27.373 Y-1.324 E.15325
G1 X-24.266 Y-.525 E.15087
G1 X-21.036 Y.2 E.15563
G1 X-17.835 Y.812 E.15325
G1 X-14.617 Y1.322 E.15325
G1 X-11.384 Y1.732 E.15325
G1 X-8.139 Y2.039 E.15325
G1 X-4.937 Y2.241 E.15087
G1 X-1.63 Y2.346 E.15563
G1 X1.629 Y2.346 E.15325
G1 X4.836 Y2.245 E.15087
G1 X8.139 Y2.039 E.15562
G1 X11.384 Y1.732 E.15325
G1 X14.617 Y1.322 E.15325
G1 X17.835 Y.812 E.15325
G1 X21.036 Y.2 E.15325
G1 X24.217 Y-.512 E.15325
G1 X27.373 Y-1.324 E.15325
G1 X30.502 Y-2.235 E.15325
G1 X33.156 Y-3.098 E.13125
SET_VELOCITY_LIMIT ACCEL=10000
G1 X32.901 Y-2.55 F30000
;TYPE:Gap infill
;WIDTH:0.345879
G1 F2051
G1 X30.189 Y-1.682 E.07032
G1 X27.49 Y-.903 E.06934
G1 X24.321 Y-.087 E.08079
G1 X21.123 Y.629 E.08091
G1 X17.647 Y1.289 E.08734
G1 X14.462 Y1.787 E.07959
G1 X11.434 Y2.167 E.07534
G1 X8.176 Y2.476 E.0808
G1 X4.855 Y2.685 E.08216
G1 X1.612 Y2.786 E.08009
G1 X-1.639 Y2.786 E.08026
G1 X-4.835 Y2.685 E.07893
G1 X-8.053 Y2.486 E.0796
G1 X-11.429 Y2.168 E.08373
G1 X-14.681 Y1.756 E.08091
G1 X-17.913 Y1.243 E.08079
G1 X-21.123 Y.629 E.08068
G1 X-23.964 Y-.003 E.07185
G1 X-27.49 Y-.903 E.08985
G1 X-30.189 Y-1.682 E.06934
G1 X-32.901 Y-2.55 E.07032
;LAYER_CHANGE
;Z:45.86
;HEIGHT:0.200001
;BEFORE_LAYER_CHANGE
;45.86
G1 E-1.2 F2100
;WIPE_START
G1 F9000
G1 X-30.997 Y-1.941
;WIPE_END
;AFTER_LAYER_CHANGE
;45.86
;_SET_FAN_SPEED_CHANGING_LAYER
G17
G3 Z46.26 I.022 J1.217 P1  F30000
G1 X33.19 Y-3.11 Z46.26
G1 Z45.86
G1 E1.2 F2100
SET_VELOCITY_LIMIT ACCEL=5000
;TYPE:Outer wall
;WIDTH:0.62
G1 F2051
G1 X33.19 Y-2.178 E.0438
G1 X30.317 Y-1.258 E.14184
G1 X27.205 Y-.366 E.15226
G1 X24.101 Y.42 E.15056
G1 X20.904 Y1.126 E.15395
G1 X17.722 Y1.724 E.15225
G1 X14.523 Y2.224 E.15225
G1 X11.346 Y2.62 E.15056
G1 X8.087 Y2.926 E.15395
G1 X4.855 Y3.126 E.15225
G1 X1.619 Y3.227 E.15225
G1 X-1.619 Y3.227 E.15226
G1 X-4.855 Y3.126 E.15225
G1 X-8.087 Y2.926 E.15226
G1 X-11.31 Y2.625 E.15226
G1 X-14.523 Y2.224 E.15226
G1 X-17.722 Y1.724 E.15226
G1 X-20.904 Y1.126 E.15225
G1 X-24.066 Y.429 E.15226
G1 X-27.205 Y-.366 E.15225
G1 X-30.317 Y-1.258 E.15226
G1 X-33.19 Y-2.178 E.14184
G1 X-33.19 Y-3.11 E.0438
G1 X-30.502 Y-2.235 E.13294
G1 X-27.373 Y-1.324 E.15325
G1 X-24.252 Y-.521 E.15155
G1 X-21.036 Y.2 E.15495
G1 X-17.835 Y.812 E.15325
G1 X-14.617 Y1.322 E.15325
G1 X-11.384 Y1.732 E.15325
G1 X-8.139 Y2.039 E.15325
G1 X-4.923 Y2.242 E.15155
G1 X-1.629 Y2.346 E.15495
G1 X1.629 Y2.346 E.15325
G1 X4.851 Y2.245 E.15155
G1 X8.139 Y2.039 E.15495
G1 X11.384 Y1.732 E.15325
G1 X14.617 Y1.322 E.15325
G1 X17.835 Y.812 E.15325
G1 X21.036 Y.2 E.15325
G1 X24.217 Y-.512 E.15325
G1 X27.373 Y-1.324 E.15325
M73 P99 R0
G1 X30.502 Y-2.235 E.15325
G1 X33.156 Y-3.098 E.13125
SET_VELOCITY_LIMIT ACCEL=10000
G1 X32.901 Y-2.55 F30000
;TYPE:Gap infill
;WIDTH:0.345837
G1 F2051
G1 X30.189 Y-1.682 E.07031
G1 X27.49 Y-.903 E.06933
G1 X24.321 Y-.087 E.08078
G1 X21.123 Y.629 E.0809
G1 X17.647 Y1.289 E.08732
G1 X14.462 Y1.787 E.07958
G1 X11.434 Y2.167 E.07533
G1 X8.176 Y2.476 E.08079
G1 X4.869 Y2.685 E.08179
G1 X1.612 Y2.786 E.08043
G1 X-1.639 Y2.786 E.08025
G1 X-4.835 Y2.686 E.07892
G1 X-8.053 Y2.486 E.07959
G1 X-11.429 Y2.168 E.08372
G1 X-14.681 Y1.756 E.0809
G1 X-17.913 Y1.243 E.08078
G1 X-21.123 Y.629 E.08067
G1 X-23.964 Y-.003 E.07184
G1 X-27.49 Y-.903 E.08984
G1 X-30.189 Y-1.682 E.06933
G1 X-32.901 Y-2.55 E.07031
;LAYER_CHANGE
;Z:46.06
;HEIGHT:0.200001
;BEFORE_LAYER_CHANGE
;46.06
G1 E-1.2 F2100
;WIPE_START
G1 F9000
G1 X-30.997 Y-1.941
;WIPE_END
;AFTER_LAYER_CHANGE
;46.06
;_SET_FAN_SPEED_CHANGING_LAYER
G17
G3 Z46.46 I.022 J1.217 P1  F30000
G1 X33.19 Y-3.11 Z46.46
G1 Z46.06
G1 E1.2 F2100
SET_VELOCITY_LIMIT ACCEL=5000
;TYPE:Outer wall
;WIDTH:0.62
G1 F2051
G1 X33.19 Y-2.178 E.0438
G1 X30.317 Y-1.258 E.14184
G1 X27.205 Y-.366 E.15225
G1 X24.087 Y.423 E.15124
G1 X20.904 Y1.126 E.15327
G1 X17.722 Y1.724 E.15226
G1 X14.523 Y2.224 E.15226
G1 X11.31 Y2.625 E.15226
G1 X8.087 Y2.926 E.15226
G1 X4.855 Y3.126 E.15226
G1 X1.619 Y3.227 E.15225
G1 X-1.619 Y3.227 E.15226
G1 X-4.855 Y3.126 E.15225
G1 X-8.087 Y2.926 E.15226
G1 X-11.31 Y2.625 E.15225
G1 X-14.523 Y2.224 E.15226
G1 X-17.722 Y1.724 E.15226
G1 X-20.904 Y1.126 E.15225
G1 X-24.066 Y.429 E.15226
G1 X-27.205 Y-.366 E.15226
G1 X-30.317 Y-1.258 E.15226
G1 X-33.19 Y-2.178 E.14184
G1 X-33.19 Y-3.11 E.0438
G1 X-30.502 Y-2.235 E.13294
G1 X-27.373 Y-1.324 E.15325
G1 X-24.238 Y-.517 E.15223
G1 X-21.036 Y.2 E.15427
G1 X-17.835 Y.812 E.15325
G1 X-14.617 Y1.322 E.15325
G1 X-11.384 Y1.732 E.15325
G1 X-8.139 Y2.039 E.15325
G1 X-4.908 Y2.242 E.15223
G1 X-1.629 Y2.346 E.15427
G1 X1.629 Y2.346 E.15325
G1 X4.865 Y2.245 E.15223
G1 X8.139 Y2.039 E.15427
G1 X11.384 Y1.732 E.15325
G1 X14.617 Y1.322 E.15325
G1 X17.814 Y.815 E.15223
G1 X21.036 Y.2 E.15427
G1 X24.217 Y-.512 E.15325
G1 X27.373 Y-1.324 E.15325
G1 X30.502 Y-2.235 E.15325
G1 X33.156 Y-3.098 E.13125
SET_VELOCITY_LIMIT ACCEL=10000
G1 X32.901 Y-2.55 F30000
;TYPE:Gap infill
;WIDTH:0.345897
G1 F2051
G1 X30.189 Y-1.682 E.07032
G1 X27.49 Y-.903 E.06934
G1 X24.321 Y-.087 E.0808
G1 X21.123 Y.629 E.08092
G1 X17.647 Y1.289 E.08734
G1 X14.462 Y1.787 E.0796
G1 X11.434 Y2.167 E.07534
G1 X8.176 Y2.476 E.0808
G1 X4.883 Y2.684 E.08145
G1 X1.612 Y2.786 E.08081
G1 X-1.639 Y2.786 E.08026
G1 X-4.835 Y2.686 E.07894
G1 X-8.053 Y2.486 E.0796
G1 X-11.429 Y2.168 E.08374
G1 X-14.681 Y1.756 E.08092
G1 X-17.913 Y1.243 E.0808
G1 X-21.123 Y.629 E.08068
G1 X-23.964 Y-.002 E.07185
G1 X-27.49 Y-.903 E.08986
G1 X-30.189 Y-1.682 E.06934
G1 X-32.901 Y-2.55 E.07032
;LAYER_CHANGE
;Z:46.26
;HEIGHT:0.199997
;BEFORE_LAYER_CHANGE
;46.26
G1 E-1.2 F2100
;WIPE_START
G1 F9000
G1 X-30.997 Y-1.941
;WIPE_END
;AFTER_LAYER_CHANGE
;46.26
;_SET_FAN_SPEED_CHANGING_LAYER
G17
G3 Z46.66 I.022 J1.217 P1  F30000
G1 X33.19 Y-3.11 Z46.66
G1 Z46.26
G1 E1.2 F2100
SET_VELOCITY_LIMIT ACCEL=5000
;TYPE:Outer wall
;WIDTH:0.62
G1 F2051
G1 X33.19 Y-2.178 E.0438
G1 X30.317 Y-1.258 E.14184
G1 X27.205 Y-.366 E.15226
G1 X24.066 Y.429 E.15225
G1 X20.904 Y1.126 E.15226
G1 X17.722 Y1.724 E.15226
G1 X14.523 Y2.224 E.15226
G1 X11.31 Y2.625 E.15226
G1 X8.087 Y2.926 E.15226
G1 X4.855 Y3.126 E.15226
G1 X1.619 Y3.227 E.15225
G1 X-1.619 Y3.227 E.15226
G1 X-4.855 Y3.126 E.15225
G1 X-8.087 Y2.926 E.15226
G1 X-11.31 Y2.625 E.15226
G1 X-14.523 Y2.224 E.15226
G1 X-17.722 Y1.724 E.15226
G1 X-20.904 Y1.126 E.15225
G1 X-24.066 Y.429 E.15226
G1 X-27.205 Y-.366 E.15226
G1 X-30.311 Y-1.256 E.15192
G1 X-33.19 Y-2.178 E.14218
G1 X-33.19 Y-3.11 E.04379
G1 X-30.502 Y-2.235 E.13294
G1 X-27.38 Y-1.326 E.15291
G1 X-24.217 Y-.512 E.15359
G1 X-21.036 Y.2 E.15325
G1 X-17.835 Y.812 E.15325
G1 X-14.617 Y1.322 E.15325
G1 X-11.384 Y1.732 E.15325
G1 X-8.139 Y2.039 E.15325
G1 X-4.894 Y2.243 E.15291
G1 X-1.629 Y2.346 E.15359
G1 X1.629 Y2.346 E.15325
G1 X4.88 Y2.244 E.15291
G1 X8.139 Y2.039 E.15359
G1 X11.384 Y1.732 E.15325
G1 X14.617 Y1.322 E.15325
G1 X17.828 Y.813 E.15291
G1 X21.036 Y.2 E.15359
G1 X24.217 Y-.512 E.15325
G1 X27.373 Y-1.324 E.15325
G1 X30.502 Y-2.235 E.15325
G1 X33.156 Y-3.098 E.13125
SET_VELOCITY_LIMIT ACCEL=10000
G1 X32.901 Y-2.55 F30000
;TYPE:Gap infill
;WIDTH:0.3459
G1 F2051
G1 X30.189 Y-1.682 E.07032
G1 X27.49 Y-.903 E.06934
G1 X23.964 Y-.002 E.08986
G1 X20.816 Y.692 E.0796
G1 X17.906 Y1.244 E.07312
G1 X14.681 Y1.756 E.08062
G1 X11.429 Y2.168 E.08092
G1 X8.053 Y2.486 E.08374
G1 X4.835 Y2.686 E.0796
G1 X1.639 Y2.786 E.07894
G1 X-1.612 Y2.786 E.08026
G1 X-4.912 Y2.682 E.08152
G1 X-8.176 Y2.476 E.08074
G1 X-11.434 Y2.167 E.0808
G1 X-14.462 Y1.787 E.07534
G1 X-17.647 Y1.289 E.0796
G1 X-21.123 Y.629 E.08734
G1 X-24.321 Y-.087 E.08092
G1 X-27.497 Y-.905 E.08098
G1 X-30.182 Y-1.68 E.06898
G1 X-32.901 Y-2.55 E.0705
G1 E-1.2 F2100
;WIPE_START
G1 F9000
G1 X-30.997 Y-1.941
;WIPE_END
M106 S0
M106 P2 S0
;TYPE:Custom
; filament end gcode
G1 E-3 F3600
G0 X50 Y50 F30000
M104 S0 ; turn off temperature
M73 P100 R0
; EXECUTABLE_BLOCK_END

; filament used [mm] = 2071.07
; filament used [cm3] = 4.98
; filament used [g] = 6.18
; filament cost = 0.12
; total filament used [g] = 6.18
; total filament cost = 0.12
; total layers count = 228
; estimated printing time (normal mode) = 25m 51s
; estimated first layer printing time (normal mode) = 15s

; CONFIG_BLOCK_START
; accel_to_decel_enable = 0
; accel_to_decel_factor = 50%
; activate_air_filtration = 0
; activate_chamber_temp_control = 0
; adaptive_bed_mesh_margin = 0
; adaptive_pressure_advance = 0
; adaptive_pressure_advance_bridges = 0
; adaptive_pressure_advance_model = "0,0,0\n0,0,0"
; adaptive_pressure_advance_overhangs = 0
; additional_cooling_fan_speed = 100
; alternate_extra_wall = 0
; auxiliary_fan = 1
; bbl_calib_mark_logo = 1
; bbl_use_printhost = 0
; bed_custom_model = 
; bed_custom_texture = 
; bed_exclude_area = 0x0
; bed_mesh_max = 99999,99999
; bed_mesh_min = -99999,-99999
; bed_mesh_probe_distance = 50,50
; before_layer_change_gcode = ;BEFORE_LAYER_CHANGE\n;[layer_z]
; best_object_pos = 0.5,0.5
; bottom_shell_layers = 3
; bottom_shell_thickness = 0
; bottom_solid_infill_flow_ratio = 1
; bottom_surface_pattern = monotonic
; bridge_acceleration = 50%
; bridge_angle = 0
; bridge_density = 100%
; bridge_flow = 1
; bridge_no_support = 0
; bridge_speed = 25
; brim_ears_detection_length = 1
; brim_ears_max_angle = 125
; brim_object_gap = 0.1
; brim_type = no_brim
; brim_width = 5
; chamber_temperature = 0
; change_extrusion_role_gcode = 
; change_filament_gcode = 
; close_fan_the_first_x_layers = 1
; complete_print_exhaust_fan_speed = 80
; cool_plate_temp = 60
; cool_plate_temp_initial_layer = 55
; cooling_tube_length = 5
; cooling_tube_retraction = 91.5
; counterbore_hole_bridging = none
; curr_bed_type = High Temp Plate
; default_acceleration = 10000
; default_filament_colour = ""
; default_filament_profile = "Flashforge Generic PLA"
; default_jerk = 0
; default_print_profile = 0.30mm Standard @Flashforge AD5M Pro 0.6 Nozzle
; deretraction_speed = 35
; detect_narrow_internal_solid_infill = 1
; detect_overhang_wall = 1
; detect_thin_wall = 0
; different_settings_to_system = initial_layer_print_height;layer_height;raft_contact_distance;raft_layers;;
; disable_m73 = 0
; dont_filter_internal_bridges = disabled
; dont_slow_down_outer_wall = 0
; draft_shield = disabled
; during_print_exhaust_fan_speed = 60
; elefant_foot_compensation = 0.15
; elefant_foot_compensation_layers = 1
; emit_machine_limits_to_gcode = 1
; enable_arc_fitting = 0
; enable_extra_bridge_layer = disabled
; enable_filament_ramming = 1
; enable_long_retraction_when_cut = 0
; enable_overhang_bridge_fan = 1
; enable_overhang_speed = 1
; enable_pressure_advance = 1
; enable_prime_tower = 0
; enable_support = 0
; enforce_support_layers = 0
; eng_plate_temp = 60
; eng_plate_temp_initial_layer = 55
; ensure_vertical_shell_thickness = ensure_all
; exclude_object = 0
; extra_loading_move = -2
; extra_perimeters_on_overhangs = 0
; extruder_clearance_height_to_lid = 150
; extruder_clearance_height_to_rod = 27
; extruder_clearance_radius = 76
; extruder_colour = #26A69A
; extruder_offset = 0x0
; extrusion_rate_smoothing_external_perimeter_only = 0
; fan_cooling_layer_time = 100
; fan_kickstart = 0
; fan_max_speed = 100
; fan_min_speed = 100
; fan_speedup_overhangs = 1
; fan_speedup_time = 0
; filament_colour = #26A69A
; filament_cooling_final_speed = 3.4
; filament_cooling_initial_speed = 2.2
; filament_cooling_moves = 4
; filament_cost = 20
; filament_density = 1.24
; filament_diameter = 1.75
; filament_end_gcode = "; filament end gcode\n"
; filament_flow_ratio = 0.98
; filament_ids = FFG01
; filament_is_support = 0
; filament_loading_speed = 28
; filament_loading_speed_start = 3
; filament_max_volumetric_speed = 25
; filament_minimal_purge_on_wipe_tower = 15
; filament_multitool_ramming = 0
; filament_multitool_ramming_flow = 10
; filament_multitool_ramming_volume = 10
; filament_notes = ""
; filament_ramming_parameters = "120 100 6.6 6.8 7.2 7.6 7.9 8.2 8.7 9.4 9.9 10.0| 0.05 6.6 0.45 6.8 0.95 7.8 1.45 8.3 1.95 9.7 2.45 10 2.95 7.6 3.45 7.6 3.95 7.6 4.45 7.6 4.95 7.6"
; filament_settings_id = "Flashforge Generic PLA"
; filament_shrink = 100%
; filament_shrinkage_compensation_z = 100%
; filament_soluble = 0
; filament_stamping_distance = 0
; filament_stamping_loading_speed = 0
; filament_start_gcode = "; filament start gcode\n;right_extruder_material: PLA\n"
; filament_toolchange_delay = 0
; filament_type = PLA
; filament_unloading_speed = 90
; filament_unloading_speed_start = 100
; filament_vendor = Generic
; filename_format = {input_filename_base}.gcode
; filter_out_gap_fill = 0.5
; first_layer_print_sequence = 0
; flush_into_infill = 0
; flush_into_objects = 0
; flush_into_support = 1
; flush_multiplier = 0.3
; flush_volumes_matrix = 0
; flush_volumes_vector = 140,140
; full_fan_speed_layer = 0
; fuzzy_skin = none
; fuzzy_skin_first_layer = 0
; fuzzy_skin_noise_type = classic
; fuzzy_skin_octaves = 4
; fuzzy_skin_persistence = 0.5
; fuzzy_skin_point_distance = 0.3
; fuzzy_skin_scale = 1
; fuzzy_skin_thickness = 0.2
; gap_fill_target = nowhere
; gap_infill_speed = 150
; gcode_add_line_number = 0
; gcode_comments = 0
; gcode_flavor = klipper
; gcode_label_objects = 0
; has_scarf_joint_seam = 0
; head_wrap_detect_zone = 
; high_current_on_filament_swap = 0
; hole_to_polyhole = 0
; hole_to_polyhole_threshold = 0.01
; hole_to_polyhole_twisted = 1
; host_type = octoprint
; hot_plate_temp = 50
; hot_plate_temp_initial_layer = 55
; idle_temperature = 0
; independent_support_layer_height = 1
; infill_anchor = 400%
; infill_anchor_max = 20
; infill_combination = 0
; infill_combination_max_layer_height = 100%
; infill_direction = 45
; infill_jerk = 9
; infill_wall_overlap = 40%
; inherits_group = "0.18mm Fine @Flashforge AD5M Pro 0.6 Nozzle";;
; initial_layer_acceleration = 500
; initial_layer_infill_speed = 65
; initial_layer_jerk = 9
; initial_layer_line_width = 0.65
; initial_layer_min_bead_width = 85%
; initial_layer_print_height = 0.2
; initial_layer_speed = 45
; initial_layer_travel_speed = 100%
; inner_wall_acceleration = 5000
; inner_wall_jerk = 9
; inner_wall_line_width = 0.62
; inner_wall_speed = 150
; interface_shells = 0
; interlocking_beam = 0
; interlocking_beam_layer_count = 2
; interlocking_beam_width = 0.8
; interlocking_boundary_avoidance = 2
; interlocking_depth = 2
; interlocking_orientation = 22.5
; internal_bridge_angle = 0
; internal_bridge_density = 100%
; internal_bridge_fan_speed = -1
; internal_bridge_flow = 1
; internal_bridge_speed = 50
; internal_solid_infill_acceleration = 7000
; internal_solid_infill_line_width = 0.62
; internal_solid_infill_pattern = monotonic
; internal_solid_infill_speed = 150
; ironing_angle = -1
; ironing_flow = 15%
; ironing_inset = 0
; ironing_pattern = zig-zag
; ironing_spacing = 0.1
; ironing_speed = 15
; ironing_type = no ironing
; is_infill_first = 0
; lattice_angle_1 = -45
; lattice_angle_2 = 45
; layer_change_gcode = ;AFTER_LAYER_CHANGE\n;[layer_z]
; layer_height = 0.2
; line_width = 0.62
; long_retractions_when_cut = 0
; machine_end_gcode = G1 E-3 F3600\nG0 X50 Y50 F30000\nM104 S0 ; turn off temperature
; machine_load_filament_time = 0
; machine_max_acceleration_e = 5000,5000
; machine_max_acceleration_extruding = 20000,20000
; machine_max_acceleration_retracting = 5000,5000
; machine_max_acceleration_travel = 20000,20000
; machine_max_acceleration_x = 20000,20000
; machine_max_acceleration_y = 20000,20000
; machine_max_acceleration_z = 500,500
; machine_max_jerk_e = 2.5,2.5
; machine_max_jerk_x = 9,9
; machine_max_jerk_y = 9,9
; machine_max_jerk_z = 3,3
; machine_max_speed_e = 30,30
; machine_max_speed_x = 600,600
; machine_max_speed_y = 600,600
; machine_max_speed_z = 20,20
; machine_min_extruding_rate = 0,0
; machine_min_travel_rate = 0,0
; machine_pause_gcode = M25
; machine_start_gcode = M190 S[bed_temperature_initial_layer_single]\nM104 S[nozzle_temperature_initial_layer]\nG90\nM83\nG1 Z5 F6000\nG1 E-0.2 F800\nG1 X110 Y-110 F6000\nG1 E2 F800\nG1 Y-110 X55 Z0.25 F4800\nG1 X-55 E8 F2400\nG1 Y-109.6 F2400\nG1 X55 E5 F2400\nG1 Y-110 X55 Z0.45 F4800\nG1 X-55 E8 F2400\nG1 Y-109.6 F2400\nG1 X55 E5 F2400\nG92 E0
; machine_tool_change_time = 0
; machine_unload_filament_time = 0
; make_overhang_printable = 0
; make_overhang_printable_angle = 55
; make_overhang_printable_hole_size = 0
; manual_filament_change = 0
; max_bridge_length = 10
; max_layer_height = 0.42
; max_travel_detour_distance = 0
; max_volumetric_extrusion_rate_slope = 0
; max_volumetric_extrusion_rate_slope_segment_length = 3
; min_bead_width = 85%
; min_feature_size = 25%
; min_layer_height = 0.15
; min_length_factor = 0.5
; min_skirt_length = 0
; min_width_top_surface = 300%
; minimum_sparse_infill_area = 15
; mmu_segmented_region_interlocking_depth = 0
; mmu_segmented_region_max_width = 0
; notes = 
; nozzle_diameter = 0.6
; nozzle_height = 2.5
; nozzle_hrc = 0
; nozzle_temperature = 220
; nozzle_temperature_initial_layer = 220
; nozzle_temperature_range_high = 230
; nozzle_temperature_range_low = 190
; nozzle_type = hardened_steel
; nozzle_volume = 0
; only_one_wall_first_layer = 0
; only_one_wall_top = 0
; ooze_prevention = 0
; other_layers_print_sequence = 0
; other_layers_print_sequence_nums = 0
; outer_wall_acceleration = 5000
; outer_wall_jerk = 9
; outer_wall_line_width = 0.62
; outer_wall_speed = 120
; overhang_1_4_speed = 0
; overhang_2_4_speed = 40
; overhang_3_4_speed = 20
; overhang_4_4_speed = 10
; overhang_fan_speed = 100
; overhang_fan_threshold = 50%
; overhang_reverse = 0
; overhang_reverse_internal_only = 0
; overhang_reverse_threshold = 50%
; overhang_speed_classic = 0
; parking_pos_retraction = 92
; pellet_flow_coefficient = 0.4157
; pellet_modded_printer = 0
; post_process = 
; precise_outer_wall = 0
; precise_z_height = 0
; preferred_orientation = 0
; preheat_steps = 1
; preheat_time = 30
; pressure_advance = 0.025
; prime_tower_brim_width = 3
; prime_tower_width = 60
; prime_volume = 45
; print_compatible_printers = "Flashforge Adventurer 5M Pro 0.6 Nozzle"
; print_flow_ratio = 1
; print_order = default
; print_sequence = by layer
; print_settings_id = Unsupported with raft
; printable_area = -110x-110,110x-110,110x110,-110x110
; printable_height = 220
; printer_model = Flashforge Adventurer 5M Pro
; printer_notes = 
; printer_settings_id = Flashforge Adventurer 5M Pro 0.6 Nozzle
; printer_structure = undefine
; printer_technology = FFF
; printer_variant = 0.6
; printhost_authorization_type = key
; printhost_ssl_ignore_revoke = 0
; printing_by_object_gcode = 
; purge_in_prime_tower = 1
; raft_contact_distance = 0.16
; raft_expansion = 1.5
; raft_first_layer_density = 90%
; raft_first_layer_expansion = 2
; raft_layers = 3
; reduce_crossing_wall = 0
; reduce_fan_stop_start_freq = 1
; reduce_infill_retraction = 1
; required_nozzle_HRC = 0
; resolution = 0.012
; retract_before_wipe = 100%
; retract_length_toolchange = 2
; retract_lift_above = 0
; retract_lift_below = 0
; retract_lift_enforce = All Surfaces
; retract_on_top_layer = 1
; retract_restart_extra = 0
; retract_restart_extra_toolchange = 0
; retract_when_changing_layer = 1
; retraction_distances_when_cut = 18
; retraction_length = 1.2
; retraction_minimum_travel = 1
; retraction_speed = 35
; role_based_wipe_speed = 1
; rotate_solid_infill_direction = 1
; scan_first_layer = 0
; scarf_angle_threshold = 155
; scarf_joint_flow_ratio = 1
; scarf_joint_speed = 100%
; scarf_overhang_threshold = 40%
; seam_gap = 6%
; seam_position = aligned
; seam_slope_conditional = 0
; seam_slope_entire_loop = 0
; seam_slope_inner_walls = 0
; seam_slope_min_length = 20
; seam_slope_start_height = 0
; seam_slope_steps = 10
; seam_slope_type = none
; silent_mode = 0
; single_extruder_multi_material = 0
; single_extruder_multi_material_priming = 0
; single_loop_draft_shield = 0
; skirt_distance = 2
; skirt_height = 1
; skirt_loops = 0
; skirt_speed = 50
; skirt_start_angle = -135
; skirt_type = combined
; slice_closing_radius = 0.049
; slicing_mode = regular
; slow_down_for_layer_cooling = 1
; slow_down_layer_time = 6
; slow_down_layers = 1
; slow_down_min_speed = 20
; slowdown_for_curled_perimeters = 1
; small_area_infill_flow_compensation = 0
; small_area_infill_flow_compensation_model = 0,0;"\n0.2,0.4444";"\n0.4,0.6145";"\n0.6,0.7059";"\n0.8,0.7619";"\n1.5,0.8571";"\n2,0.8889";"\n3,0.9231";"\n5,0.9520";"\n10,1"
; small_perimeter_speed = 50%
; small_perimeter_threshold = 0
; solid_infill_direction = 45
; solid_infill_filament = 1
; sparse_infill_acceleration = 100%
; sparse_infill_density = 15%
; sparse_infill_filament = 1
; sparse_infill_line_width = 0.62
; sparse_infill_pattern = crosshatch
; sparse_infill_speed = 100
; spiral_finishing_flow_ratio = 0
; spiral_mode = 0
; spiral_mode_max_xy_smoothing = 200%
; spiral_mode_smooth = 0
; spiral_starting_flow_ratio = 0
; staggered_inner_seams = 0
; standby_temperature_delta = -5
; start_end_points = 30x-3,54x245
; supertack_plate_temp = 35
; supertack_plate_temp_initial_layer = 35
; support_air_filtration = 1
; support_angle = 0
; support_base_pattern = rectilinear
; support_base_pattern_spacing = 2.5
; support_bottom_interface_spacing = 0.35
; support_bottom_z_distance = 0.18
; support_chamber_temp_control = 1
; support_critical_regions_only = 0
; support_expansion = 0
; support_filament = 0
; support_interface_bottom_layers = 0
; support_interface_filament = 0
; support_interface_loop_pattern = 0
; support_interface_not_for_body = 1
; support_interface_pattern = auto
; support_interface_spacing = 0.35
; support_interface_speed = 40
; support_interface_top_layers = 2
; support_line_width = 0.62
; support_material_interface_fan_speed = 100
; support_multi_bed_types = 1
; support_object_first_layer_gap = 0.2
; support_object_xy_distance = 0.4
; support_on_build_plate_only = 0
; support_remove_small_overhang = 1
; support_speed = 100
; support_style = default
; support_threshold_angle = 30
; support_threshold_overlap = 50%
; support_top_z_distance = 0.18
; support_type = normal(auto)
; temperature_vitrification = 60
; template_custom_gcode = 
; textured_cool_plate_temp = 40
; textured_cool_plate_temp_initial_layer = 40
; textured_plate_temp = 60
; textured_plate_temp_initial_layer = 55
; thick_bridges = 0
; thick_internal_bridges = 1
; thumbnails = 140x110/PNG
; thumbnails_format = PNG
; time_cost = 0
; time_lapse_gcode = 
; timelapse_type = 0
; top_bottom_infill_wall_overlap = 25%
; top_shell_layers = 5
; top_shell_thickness = 1
; top_solid_infill_flow_ratio = 1
; top_surface_acceleration = 2000
; top_surface_jerk = 9
; top_surface_line_width = 0.62
; top_surface_pattern = monotonicline
; top_surface_speed = 120
; travel_acceleration = 10000
; travel_jerk = 12
; travel_slope = 3
; travel_speed = 500
; travel_speed_z = 0
; tree_support_adaptive_layer_height = 1
; tree_support_angle_slow = 25
; tree_support_auto_brim = 1
; tree_support_branch_angle = 45
; tree_support_branch_angle_organic = 40
; tree_support_branch_diameter = 5
; tree_support_branch_diameter_angle = 5
; tree_support_branch_diameter_organic = 2
; tree_support_branch_distance = 5
; tree_support_branch_distance_organic = 1
; tree_support_brim_width = 3
; tree_support_tip_diameter = 0.8
; tree_support_top_rate = 30%
; tree_support_wall_count = 0
; upward_compatible_machine = 
; use_firmware_retraction = 0
; use_relative_e_distances = 1
; wall_direction = auto
; wall_distribution_count = 1
; wall_filament = 1
; wall_generator = classic
; wall_loops = 2
; wall_sequence = inner wall/outer wall
; wall_transition_angle = 10
; wall_transition_filter_deviation = 25%
; wall_transition_length = 100%
; wipe = 1
; wipe_before_external_loop = 0
; wipe_distance = 2
; wipe_on_loops = 0
; wipe_speed = 200
; wipe_tower_bridging = 10
; wipe_tower_cone_angle = 0
; wipe_tower_extra_flow = 100%
; wipe_tower_extra_spacing = 100%
; wipe_tower_filament = 0
; wipe_tower_max_purge_speed = 90
; wipe_tower_no_sparse_layers = 0
; wipe_tower_rotation_angle = 0
; wipe_tower_x = 165.000
; wipe_tower_x = 165
; wipe_tower_y = 250.000
; wipe_tower_y = 250
; wiping_volumes_extruders = 70,70,70,70,70,70,70,70,70,70
; xy_contour_compensation = 0
; xy_hole_compensation = 0
; z_hop = 0.4
; z_hop_types = Auto Lift
; z_offset = 0
; first_layer_bed_temperature = 55
; bed_shape = -110x-110,110x-110,110x110,-110x110
; first_layer_temperature = 220
; first_layer_height = 0.200
; CONFIG_BLOCK_END


