; HEADER_BLOCK_START
; generated by OrcaSlicer 2.3.0 on 2025-12-20 at 13:15:36
; total layer number: 98
;_GP_TOTAL_LAYER_NUMBER_PLACEHOLDER
; filament_density: 1.24
; filament_diameter: 1.75
; max_z_height: 19.60
; HEADER_BLOCK_END

; THUMBNAIL_BLOCK_START

;
; thumbnail begin 140x110 2108
; iVBORw0KGgoAAAANSUhEUgAAAIwAAABuCAYAAAD1TPu3AAAF8klEQVR4Ae2dW28TRxTHR1WlCkrVJs
; Vxmti5lKpVHyr1gUrtSxWpahFS1KotSdVcICQQCEFAwj1cYkAQEAIJeOKJj8JHyUcZfNaMmYy865nd
; WXt3zv8nzUMQLCz+7Zkzc854hQAAAAAAAACAvPn4y8EJAYANA9NHGodeP5cjl8+9FQDEQVFFyaLG+K
; Pbu/u+PTQlANAhKUgOkmTyxY6snj4u643rbXGGlv5/IwDQowqJMnrzkjw496+sLM7K4bMn5VcXzsiv
; Xz1GtAEtWfSoMrQ8F8miC6OGHm1IMAH4YOYqKqrowxSGxuiV83tyG6ykGEAfMq1+zCnIRhg1RU08e9
; AW55Ox2pQAYaJHlfEn23umIFth2lPU9rVItv0/fN8QICziEtuk0U2Y6uqJ6PdBmMBISmwhDGhjk9hC
; GBBhRpWRzTUnWSAMI/SoUr93w1kUCMOENIkthGGKWQeyTWwhDDN8RxV9DK+veBVG/VtRj+oTZmI7fG
; 7ZiygUnUg8ui4VHakc4EOYfd99s4R6VB/IulzuJgvJp/fDRMlz84P2IYxZj6ISBepROWJbB0ozVFSJ
; G1Q/8iGMWY/CFJUTelTxldiqqELL7yRZ1NCnqCzCdGqZQDuoJ/JMbGlDr9MU1G2M79yJhCHZmsmx1Q
; fdSRhEG8+krQO5JLZph+rCs/2g44RRgyRU1/vi96mGAPb0I7H1MZL6fpOEoWlOCageDAHsMKOKL1l8
; RBWr6Som2nQShqYjlceY9ypAd1wanFxloevlLYs+zH0WUxi9ubzTPpIA8eSZ2PYiqsQNfZ9FF0ZfHc
; XdqwCdyaMO1MspyHaKImEoqqjkttuDIcBe8owqeSa2aUdta2PXTGyT7kGAD/SiDlTE4fJgCNCijMtl
; X7K4TLeCOxRVaJ/C9UkremJrM9Lcq+DMZ7/8tBRyYutjCoIwIucGp2beU+QpKOs+kuBGketARY0qLI
; Upax3Ilyy+HgzBgbwanLhEFVbChFQHcpXF1z4SC2FCrQPZjCwH5eLGwF9Hd0WoILGFLFYgsZ3zdr/s
; ogrqQJAlFl8H3csYVfJIbIM9Zss5sUVUcST0BqdeT0Gf//ZrmOePONeBkNg6gsTWb1TBcjmlLByjSt
; CJbb8Ouvd7IKo4UoSD7iFNQVgupxh00L2ootDwWSBlEVVQB/IbVZDYppQFy+WAKPtBd0SVHoIGJ7+y
; ILFNMbBcDgzUgfzKgjpQSlmQ2AYE6kB+owqbxBZRJfsIOrHFQXdEFSvooHseTxrXKejAz4ffiJChr+
; zEQXdEFWvoS/aGVhYQVSCLHb6EwXKZCVmFQVRhRhZhUAdiSFphsFxmiqswXKYgdZ8qQkGW97gIwyWx
; NafapLeMsMNGGE6JrbrPyRePZO3WpqzfvRr9jDeevaebMJyWyyOX19vXHdlYk5X5Y7La/L+p32+dXM
; ALOUWyMNwS2+qpxT3vH6rd3JCj1y9Gr5mhnz/6dP+E4E4nYbjurZAwrXcRrcqxh7fk5Mud6O8iiarL
; 8/g6dsIUhnsdaPDPo2+rZ5aiqaiZ7MrKwqw8+N/fsvnrWCURShjs2H7gwOEfG7owA9N/QBZF9Jav9R
; UcdAd20NNE0tS2NgspC3ZsC0plfmZXf2l2EaIKna/2LQuiikco4TNfQtmPQd/YgFaEEmG+5raXUQVT
; UEnpdbRBg1MgkDTU94uoAqzxnRDTdShyocEpYNTy28cURcLQtSqLs4gqoaMS4izRJg9hgj3oHgJZE2
; KfwiCqlIi0CbEvYSBLCaFo4zpFpRFGFUdp9xd1oJLjWo9yFcZsuUC7ZCDYJsS2wugtF9QHQy2U9W30
; 2AaFTUJsK8zYg632nxleW5aVhZmoK04JiR7bgFAJcad6lK0w1dUTWo9tq4ufWidVxEGPbWCohHh854
; 6zMJTY0g6z6rGl4x4TT+9FotA0VZk7hh7bUDGX392ESeyxnZ9p9dhiSR02ej0qSZi45bIuzMD0EcjC
; AX35bQqDTTgQS9R4rgmDOhDoCuUmg/9MI6oAAAAAAAAAACgY7wACv78vc2yIYgAAAABJRU5ErkJggg
; ==
; thumbnail end
; THUMBNAIL_BLOCK_END

; external perimeters extrusion width = 0.62mm
; perimeters extrusion width = 0.62mm
; infill extrusion width = 0.62mm
; solid infill extrusion width = 0.62mm
; top infill extrusion width = 0.62mm
; first layer extrusion width = 0.65mm

; EXECUTABLE_BLOCK_START
M73 P0 R24
M106 S0
M106 P2 S0
;TYPE:Custom
M190 S55
M104 S220
G90
M83
G1 Z5 F6000
G1 E-0.2 F800
G1 X110 Y-110 F6000
G1 E2 F800
G1 Y-110 X55 Z0.25 F4800
G1 X-55 E8 F2400
G1 Y-109.6 F2400
G1 X55 E5 F2400
G1 Y-110 X55 Z0.45 F4800
G1 X-55 E8 F2400
G1 Y-109.6 F2400
G1 X55 E5 F2400
G92 E0
G90
G21
M83 ; use relative distances for extrusion
; filament start gcode
;right_extruder_material: PLA
SET_PRESSURE_ADVANCE ADVANCE=0.025; Override pressure advance value
M106 S0
M106 P2 S0
;LAYER_CHANGE
;Z:0.2
;HEIGHT:0.2
;BEFORE_LAYER_CHANGE
;0.2
G1 E-1.2 F2100
M73 P0 R23
;AFTER_LAYER_CHANGE
;0.2
;_SET_FAN_SPEED_CHANGING_LAYER
SET_VELOCITY_LIMIT ACCEL=500
G1 X-8.426 Y22.994 F30000
G1 Z.6
M73 P1 R23
G1 Z.2
G1 E1.2 F2100
;TYPE:Outer wall
;WIDTH:0.65
G1 F2700
G1 X-8.374 Y22.504 E.0244
G1 X-8.184 Y22.03 E.02525
G1 X-7.875 Y21.626 E.02518
G1 X-7.472 Y21.316 E.02512
G1 X-7.003 Y21.122 E.02511
G1 X-6.535 Y21.061 E.02335
G1 X-6 Y21.121 E.02666
G1 X-5.528 Y21.316 E.02526
G1 X-5.125 Y21.626 E.02512
G1 X-4.816 Y22.03 E.02518
G1 X-4.626 Y22.504 E.02525
G1 X-4.572 Y23.005 E.02494
G1 X-4.641 Y23.5 E.02471
G1 X-4.834 Y23.963 E.02482
G1 X-5.14 Y24.36 E.0248
G1 X-5.537 Y24.666 E.0248
G1 X-6.001 Y24.86 E.02485
G1 X-6.5 Y24.926 E.02492
G1 X-6.999 Y24.86 E.02492
G1 X-7.463 Y24.666 E.02485
G1 X-7.86 Y24.36 E.0248
G1 X-8.166 Y23.963 E.0248
G1 X-8.359 Y23.5 E.02482
G1 X-8.424 Y23.03 E.02347
G1 E-1.2 F2100
;WIPE_START
G1 F2700
G1 X-8.374 Y22.504
G1 X-8.184 Y22.03
G1 X-7.875 Y21.626
G1 X-7.516 Y21.35
;WIPE_END
G1 X-15.147 Y21.503 Z.6 F30000
G1 X-40.825 Y22.018 Z.6
G1 Z.2
G1 E1.2 F2100
G1 F2700
G1 X-40.816 Y22.03 E.00073
G1 X-40.626 Y22.504 E.02525
G1 X-40.572 Y23.005 E.02494
G1 X-40.641 Y23.5 E.02471
G1 X-40.834 Y23.963 E.02482
G1 X-41.14 Y24.36 E.0248
G1 X-41.537 Y24.666 E.0248
G1 X-41.97 Y24.847 E.02322
G1 X-42.497 Y24.927 E.02637
G1 X-42.999 Y24.86 E.02506
G1 X-43.463 Y24.666 E.02485
G1 X-43.86 Y24.36 E.0248
G1 X-44.166 Y23.963 E.0248
G1 X-44.359 Y23.5 E.02482
G1 X-44.428 Y23.005 E.02471
G1 X-44.374 Y22.504 E.02494
G1 X-44.184 Y22.03 E.02525
G1 X-43.875 Y21.626 E.02518
G1 X-43.472 Y21.316 E.02512
G1 X-43.003 Y21.122 E.02511
G1 X-42.535 Y21.061 E.02335
G1 X-42 Y21.121 E.02666
G1 X-41.528 Y21.316 E.02526
G1 X-41.125 Y21.626 E.02512
G1 X-40.847 Y21.99 E.02267
G1 E-1.2 F2100
;WIPE_START
G1 F2700
G1 X-40.816 Y22.03
G1 X-40.626 Y22.504
G1 X-40.572 Y23.005
G1 X-40.641 Y23.5
G1 X-40.809 Y23.901
;WIPE_END
G1 X-41.417 Y16.293 Z.6 F30000
G1 X-44.423 Y-21.281 Z.6
G1 Z.2
G1 E1.2 F2100
;TYPE:Inner wall
G1 F2700
G1 X-43.778 Y-20.786 E.0402
G1 X-43.162 Y-20.531 E.03302
G1 X-42.5 Y-20.444 E.03301
G1 X-41.838 Y-20.531 E.03301
G1 X-41.222 Y-20.786 E.03302
G1 X-40.577 Y-21.281 E.0402
G1 X-40.585 Y-18.918 E.1169
G1 X-8.415 Y-18.918 E1.59146
G1 X-8.423 Y-21.281 E.1169
G1 X-7.778 Y-20.786 E.0402
G1 X-7.162 Y-20.531 E.03302
G1 X-6.5 Y-20.444 E.03301
G1 X-5.838 Y-20.531 E.03301
G1 X-5.222 Y-20.786 E.03302
G1 X-4.577 Y-21.281 E.0402
G1 X-4.585 Y-18.918 E.1169
G1 X54.418 Y-18.918 E2.91885
G1 X54.418 Y18.918 E1.87171
G1 X-4.585 Y18.918 E2.91885
G1 X-4.577 Y21.281 E.1169
G1 X-5.222 Y20.786 E.0402
G1 X-5.846 Y20.527 E.03346
G1 X-6.541 Y20.449 E.03457
G1 X-7.162 Y20.531 E.03097
G1 X-7.778 Y20.786 E.03302
G1 X-8.423 Y21.281 E.0402
G1 X-8.415 Y18.918 E.1169
G1 X-40.585 Y18.918 E1.59146
G1 X-40.577 Y21.281 E.1169
G1 X-41.222 Y20.786 E.0402
G1 X-41.846 Y20.527 E.03346
G1 X-42.541 Y20.449 E.03457
G1 X-43.162 Y20.531 E.03097
G1 X-43.778 Y20.786 E.03302
G1 X-44.423 Y21.281 E.0402
G1 X-44.415 Y18.918 E.1169
G1 X-54.418 Y18.918 E.49485
G1 X-54.418 Y-18.918 E1.87171
G1 X-44.415 Y-18.918 E.49485
G1 X-44.423 Y-21.245 E.11512
G1 E-1.2 F2100
;WIPE_START
G1 F2700
G1 X-43.778 Y-20.786
G1 X-43.162 Y-20.531
G1 X-42.625 Y-20.46
;WIPE_END
G1 X-44.368 Y-22.489 Z.6 F30000
G1 Z.2
G1 E1.2 F2100
;TYPE:Outer wall
G1 F2700
G1 X-44.374 Y-22.504 E.0008
G1 X-44.428 Y-23.005 E.02494
G1 X-44.359 Y-23.5 E.02471
G1 X-44.166 Y-23.963 E.02482
G1 X-43.86 Y-24.36 E.0248
G1 X-43.463 Y-24.666 E.0248
G1 X-42.999 Y-24.86 E.02485
G1 X-42.533 Y-24.922 E.02328
G1 X-42.003 Y-24.861 E.02637
G1 X-41.537 Y-24.666 E.02499
G1 X-41.14 Y-24.36 E.0248
G1 X-40.834 Y-23.963 E.0248
G1 X-40.641 Y-23.5 E.02482
G1 X-40.572 Y-23.005 E.02471
G1 X-40.626 Y-22.504 E.02494
G1 X-40.816 Y-22.03 E.02525
G1 X-41.125 Y-21.626 E.02518
G1 X-41.528 Y-21.316 E.02512
G1 X-41.997 Y-21.122 E.02511
G1 X-42.5 Y-21.056 E.02511
G1 X-43.003 Y-21.122 E.02511
G1 X-43.472 Y-21.316 E.02511
G1 X-43.875 Y-21.626 E.02512
G1 X-44.184 Y-22.03 E.02518
G1 X-44.355 Y-22.455 E.02268
G1 E-1.2 F2100
;WIPE_START
G1 F2700
G1 X-44.374 Y-22.504
G1 X-44.428 Y-23.005
G1 X-44.359 Y-23.5
G1 X-44.166 Y-23.963
G1 X-43.896 Y-24.313
;WIPE_END
G1 X-36.263 Y-24.321 Z.6 F30000
G1 X-7.868 Y-24.35 Z.6
G1 Z.2
G1 E1.2 F2100
G1 F2700
G1 X-7.86 Y-24.36 E.00061
G1 X-7.463 Y-24.666 E.0248
G1 X-6.999 Y-24.86 E.02485
G1 X-6.533 Y-24.922 E.02328
G1 X-6.003 Y-24.861 E.02637
G1 X-5.537 Y-24.666 E.02499
G1 X-5.14 Y-24.36 E.0248
G1 X-4.834 Y-23.963 E.0248
G1 X-4.641 Y-23.5 E.02482
G1 X-4.572 Y-23.005 E.02471
G1 X-4.626 Y-22.504 E.02494
G1 X-4.816 Y-22.03 E.02525
G1 X-5.125 Y-21.626 E.02518
G1 X-5.528 Y-21.316 E.02512
G1 X-5.997 Y-21.122 E.02511
G1 X-6.5 Y-21.056 E.02511
G1 X-7.003 Y-21.122 E.02511
G1 X-7.472 Y-21.316 E.02511
G1 X-7.875 Y-21.626 E.02512
G1 X-8.184 Y-22.03 E.02518
G1 X-8.374 Y-22.504 E.02525
G1 X-8.428 Y-23.005 E.02494
G1 X-8.359 Y-23.5 E.02471
G1 X-8.166 Y-23.963 E.02482
G1 X-7.889 Y-24.322 E.02242
G1 E-1.2 F2100
;WIPE_START
G1 F2700
G1 X-7.86 Y-24.36
G1 X-7.463 Y-24.666
G1 X-6.999 Y-24.86
G1 X-6.533 Y-24.922
G1 X-6.059 Y-24.867
;WIPE_END
G1 X-6.567 Y-17.252 Z.6 F30000
G1 X-9.024 Y19.525 Z.6
G1 Z.2
G1 E1.2 F2100
G1 F2700
G1 X-39.976 Y19.525 E1.53119
G1 X-39.964 Y22.977 E.17075
M73 P2 R23
G1 X-40.029 Y23.565 E.02928
G1 X-40.216 Y24.101 E.02808
G1 X-40.518 Y24.581 E.02807
G1 X-40.921 Y24.985 E.02821
G1 X-41.156 Y25.138 E.01392
G1 X-41.396 Y25.283 E.01387
G1 X-41.935 Y25.472 E.02824
G1 X-42.5 Y25.535 E.02811
G1 X-43.065 Y25.472 E.02811
G1 X-43.604 Y25.283 E.02824
G1 X-44.079 Y24.985 E.02778
G1 X-44.482 Y24.581 E.02821
G1 X-44.784 Y24.101 E.02807
G1 X-44.971 Y23.565 E.02808
G1 X-45.036 Y22.977 E.02929
G1 X-45.024 Y19.525 E.17075
G1 X-55.025 Y19.525 E.49475
G1 X-55.025 Y-19.525 E1.93178
G1 X-45.024 Y-19.525 E.49475
G1 X-45.036 Y-22.977 E.17075
G1 X-44.971 Y-23.565 E.02929
G1 X-44.784 Y-24.101 E.02808
G1 X-44.482 Y-24.581 E.02807
G1 X-44.079 Y-24.985 E.02821
G1 X-43.604 Y-25.283 E.02778
G1 X-43.065 Y-25.472 E.02824
G1 X-42.5 Y-25.535 E.02811
G1 X-41.935 Y-25.472 E.02811
G1 X-41.396 Y-25.283 E.02824
G1 X-40.921 Y-24.985 E.02778
G1 X-40.518 Y-24.581 E.02821
G1 X-40.216 Y-24.101 E.02807
G1 X-40.029 Y-23.565 E.02808
G1 X-39.964 Y-22.977 E.02929
G1 X-39.976 Y-19.525 E.17075
G1 X-9.024 Y-19.525 E1.53119
G1 X-9.036 Y-22.977 E.17075
G1 X-8.971 Y-23.565 E.02928
G1 X-8.784 Y-24.101 E.02808
G1 X-8.483 Y-24.581 E.02806
G1 X-8.079 Y-24.984 E.02821
G1 X-7.844 Y-25.138 E.01392
G1 X-7.604 Y-25.283 E.01387
G1 X-7.065 Y-25.471 E.02823
G1 X-6.493 Y-25.535 E.02845
G1 X-5.935 Y-25.472 E.02778
G1 X-5.396 Y-25.283 E.02825
G1 X-5.156 Y-25.138 E.01387
G1 X-4.921 Y-24.985 E.01391
G1 X-4.518 Y-24.581 E.02821
G1 X-4.216 Y-24.101 E.02807
G1 X-4.029 Y-23.565 E.02808
G1 X-3.964 Y-22.977 E.02928
G1 X-3.976 Y-19.525 E.17075
G1 X55.025 Y-19.525 E2.91874
G1 X55.025 Y19.525 E1.93178
G1 X-3.976 Y19.525 E2.91874
G1 X-3.964 Y22.977 E.17075
G1 X-4.029 Y23.565 E.02928
G1 X-4.216 Y24.101 E.02808
G1 X-4.518 Y24.581 E.02807
G1 X-4.921 Y24.985 E.02821
G1 X-5.156 Y25.138 E.01391
G1 X-5.396 Y25.283 E.01387
G1 X-5.935 Y25.472 E.02824
G1 X-6.5 Y25.535 E.02811
G1 X-7.065 Y25.472 E.02811
G1 X-7.604 Y25.283 E.02824
G1 X-7.844 Y25.138 E.01387
G1 X-8.079 Y24.985 E.01391
G1 X-8.482 Y24.581 E.02821
G1 X-8.784 Y24.101 E.02807
G1 X-8.971 Y23.565 E.02808
G1 X-9.036 Y22.977 E.02928
G1 X-9.024 Y19.561 E.16897
G1 E-1.2 F2100
;WIPE_START
G1 F2700
G1 X-11.024 Y19.559
;WIPE_END
G1 X-8.274 Y21.592 Z.6 F30000
G1 Z.2
G1 E1.2 F2100
;TYPE:Gap infill
;WIDTH:0.14058
G1 F2700
G1 X-8.393 Y21.711 E.00134
;WIDTH:0.186259
G1 X-8.729 Y22.081 E.00583
G1 X-8.637 Y22.096 F30000
;WIDTH:0.220821
G1 F2700
G1 X-8.606 Y21.939 E.00233
;WIDTH:0.260781
G1 X-8.575 Y21.781 E.00285
G1 X-8.637 Y22.096 F30000
;WIDTH:0.180861
G1 F2700
G1 X-8.668 Y22.254 E.00181
;WIDTH:0.160881
G1 X-8.699 Y22.412 E.00154
G1 E-1.2 F2100
;WIPE_START
G1 F2700
G1 X-8.668 Y22.254
;WIPE_END
G1 X-4.726 Y21.592 Z.6 F30000
G1 Z.2
G1 E1.2 F2100
;WIDTH:0.160239
G1 F2700
G1 X-4.607 Y21.711 E.00162
;WIDTH:0.179898
G1 X-4.488 Y21.831 E.00189
;WIDTH:0.203948
G1 X-4.271 Y22.081 E.00434
G1 X-4.363 Y22.096 F30000
;WIDTH:0.180858
G1 F2700
G1 X-4.332 Y22.254 E.00181
;WIDTH:0.140899
G1 X-4.301 Y22.412 E.00128
G1 X-4.363 Y22.096 F30000
;WIDTH:0.220818
G1 F2700
G1 X-4.394 Y21.939 E.00233
;WIDTH:0.240797
G1 X-4.425 Y21.781 E.00259
G1 E-1.2 F2100
;WIPE_START
G1 F2700
G1 X-4.394 Y21.939
;WIPE_END
G1 X-12.026 Y21.969 Z.6 F30000
G1 X-40.271 Y22.081 Z.6
G1 Z.2
G1 E1.2 F2100
;WIDTH:0.203943
G1 F2700
G1 X-40.488 Y21.831 E.00434
;WIDTH:0.179892
G1 X-40.607 Y21.711 E.00189
;WIDTH:0.160234
G1 X-40.726 Y21.592 E.00162
G1 X-40.425 Y21.781 F30000
;WIDTH:0.240796
G1 F2700
G1 X-40.394 Y21.939 E.00259
;WIDTH:0.220817
G1 X-40.363 Y22.096 E.00233
;WIDTH:0.180859
G1 X-40.332 Y22.254 E.00181
;WIDTH:0.140901
G1 X-40.301 Y22.412 E.00128
G1 E-1.2 F2100
;WIPE_START
G1 F2700
G1 X-40.332 Y22.254
;WIPE_END
G1 X-44.274 Y21.592 Z.6 F30000
G1 Z.2
G1 E1.2 F2100
;WIDTH:0.14058
G1 F2700
G1 X-44.393 Y21.711 E.00134
;WIDTH:0.186257
G1 X-44.729 Y22.081 E.00583
G1 X-44.637 Y22.096 F30000
;WIDTH:0.22082
G1 F2700
G1 X-44.606 Y21.939 E.00233
;WIDTH:0.26078
G1 X-44.575 Y21.781 E.00285
G1 X-44.637 Y22.096 F30000
;WIDTH:0.18086
G1 F2700
G1 X-44.668 Y22.254 E.00181
;WIDTH:0.16088
G1 X-44.699 Y22.412 E.00154
G1 E-1.2 F2100
;WIPE_START
G1 F2700
G1 X-44.668 Y22.254
;WIPE_END
G1 X-44.599 Y14.622 Z.6 F30000
G1 X-44.274 Y-21.592 Z.6
G1 Z.2
G1 E1.2 F2100
;WIDTH:0.140577
G1 F2700
G1 X-44.393 Y-21.711 E.00134
;WIDTH:0.186249
G1 X-44.729 Y-22.081 E.00583
G1 X-44.637 Y-22.096 F30000
;WIDTH:0.180858
G1 F2700
G1 X-44.668 Y-22.254 E.00181
;WIDTH:0.160879
G1 X-44.699 Y-22.412 E.00154
G1 X-44.637 Y-22.096 F30000
;WIDTH:0.220817
G1 F2700
G1 X-44.606 Y-21.939 E.00233
;WIDTH:0.260775
G1 X-44.575 Y-21.781 E.00285
G1 E-1.2 F2100
;WIPE_START
G1 F2700
G1 X-44.606 Y-21.939
;WIPE_END
G1 X-40.726 Y-21.592 Z.6 F30000
G1 Z.2
G1 E1.2 F2100
;WIDTH:0.160238
G1 F2700
G1 X-40.607 Y-21.711 E.00162
;WIDTH:0.179896
G1 X-40.488 Y-21.831 E.00189
;WIDTH:0.203947
G1 X-40.271 Y-22.081 E.00434
G1 X-40.363 Y-22.096 F30000
;WIDTH:0.180859
G1 F2700
G1 X-40.332 Y-22.254 E.00181
;WIDTH:0.1409
G1 X-40.301 Y-22.412 E.00128
G1 X-40.363 Y-22.096 F30000
;WIDTH:0.220819
G1 F2700
G1 X-40.394 Y-21.939 E.00233
;WIDTH:0.240798
G1 X-40.425 Y-21.781 E.00259
G1 E-1.2 F2100
;WIPE_START
G1 F2700
G1 X-40.394 Y-21.939
;WIPE_END
G1 X-32.761 Y-21.973 Z.6 F30000
G1 X-8.729 Y-22.081 Z.6
G1 Z.2
G1 E1.2 F2100
;WIDTH:0.186256
G1 F2700
G1 X-8.393 Y-21.711 E.00583
;WIDTH:0.140579
G1 X-8.274 Y-21.592 E.00134
G1 X-8.575 Y-21.781 F30000
;WIDTH:0.260778
G1 F2700
G1 X-8.606 Y-21.939 E.00285
;WIDTH:0.220819
G1 X-8.637 Y-22.096 E.00233
;WIDTH:0.180859
G1 X-8.668 Y-22.254 E.00181
;WIDTH:0.160879
G1 X-8.699 Y-22.412 E.00154
G1 E-1.2 F2100
;WIPE_START
G1 F2700
G1 X-8.668 Y-22.254
;WIPE_END
G1 X-4.726 Y-21.592 Z.6 F30000
G1 Z.2
G1 E1.2 F2100
;WIDTH:0.160238
G1 F2700
G1 X-4.607 Y-21.711 E.00162
;WIDTH:0.179897
G1 X-4.488 Y-21.831 E.00189
;WIDTH:0.203946
G1 X-4.271 Y-22.081 E.00434
G1 X-4.363 Y-22.096 F30000
;WIDTH:0.220819
G1 F2700
G1 X-4.394 Y-21.939 E.00233
;WIDTH:0.240799
G1 X-4.425 Y-21.781 E.00259
G1 X-4.363 Y-22.096 F30000
;WIDTH:0.180859
G1 F2700
G1 X-4.332 Y-22.254 E.00181
;WIDTH:0.1409
G1 X-4.301 Y-22.412 E.00128
G1 E-1.2 F2100
;WIPE_START
G1 F2700
G1 X-4.332 Y-22.254
;WIPE_END
G1 X3.275 Y-21.638 Z.6 F30000
G1 X54.236 Y-17.508 Z.6
G1 Z.2
G1 E1.2 F2100
;TYPE:Bottom surface
;WIDTH:0.650468
G1 F3900
G1 X53.281 Y-18.463 E.06686
G1 X52.422 Y-18.463 E.04254
G1 X53.963 Y-16.922 E.10789
M73 P3 R23
G1 X53.963 Y-16.062 E.04254
G1 X51.562 Y-18.463 E.16805
G1 X50.703 Y-18.463 E.04254
G1 X53.963 Y-15.203 E.2282
G1 X53.963 Y-14.344 E.04254
G1 X49.844 Y-18.463 E.28836
G1 X48.985 Y-18.463 E.04254
G1 X53.963 Y-13.485 E.34852
G1 X53.963 Y-12.626 E.04254
G1 X48.126 Y-18.463 E.40867
G1 X47.266 Y-18.463 E.04254
G1 X53.963 Y-11.766 E.46883
G1 X53.963 Y-10.907 E.04254
G1 X46.407 Y-18.463 E.52899
G1 X45.548 Y-18.463 E.04254
G1 X53.963 Y-10.048 E.58914
G1 X53.963 Y-9.189 E.04254
G1 X44.689 Y-18.463 E.6493
G1 X43.83 Y-18.463 E.04254
G1 X53.963 Y-8.33 E.70945
G1 X53.963 Y-7.47 E.04254
G1 X42.97 Y-18.463 E.76961
G1 X42.111 Y-18.463 E.04254
G1 X53.963 Y-6.611 E.82977
G1 X53.963 Y-5.752 E.04254
G1 X41.252 Y-18.463 E.88992
G1 X40.393 Y-18.463 E.04254
G1 X53.963 Y-4.893 E.95008
G1 X53.963 Y-4.034 E.04254
G1 X39.534 Y-18.463 E1.01024
G1 X38.674 Y-18.463 E.04254
G1 X53.963 Y-3.174 E1.07039
G1 X53.963 Y-2.315 E.04254
G1 X37.815 Y-18.463 E1.13055
G1 X36.956 Y-18.463 E.04254
G1 X53.963 Y-1.456 E1.19071
G1 X53.963 Y-.597 E.04254
G1 X36.097 Y-18.463 E1.25086
G1 X35.238 Y-18.463 E.04254
G1 X53.963 Y.262 E1.31102
G1 X53.963 Y1.122 E.04254
G1 X34.378 Y-18.463 E1.37117
G1 X33.519 Y-18.463 E.04254
G1 X53.963 Y1.981 E1.43133
G1 X53.963 Y2.84 E.04254
G1 X32.66 Y-18.463 E1.49149
G1 X31.801 Y-18.463 E.04254
G1 X53.963 Y3.699 E1.55164
G1 X53.963 Y4.558 E.04254
G1 X30.942 Y-18.463 E1.6118
G1 X30.082 Y-18.463 E.04254
G1 X53.963 Y5.418 E1.67196
G1 X53.963 Y6.277 E.04254
G1 X29.223 Y-18.463 E1.73211
G1 X28.364 Y-18.463 E.04254
G1 X53.963 Y7.136 E1.79227
G1 X53.963 Y7.995 E.04254
G1 X27.505 Y-18.463 E1.85242
G1 X26.646 Y-18.463 E.04254
G1 X53.963 Y8.854 E1.91258
G1 X53.963 Y9.714 E.04254
G1 X25.786 Y-18.463 E1.97274
G1 X24.927 Y-18.463 E.04254
M73 P4 R23
G1 X53.963 Y10.573 E2.03289
G1 X53.963 Y11.432 E.04254
G1 X24.068 Y-18.463 E2.09305
G1 X23.209 Y-18.463 E.04254
G1 X53.963 Y12.291 E2.15321
G1 X53.963 Y13.15 E.04254
G1 X22.35 Y-18.463 E2.21336
G1 X21.49 Y-18.463 E.04254
G1 X53.963 Y14.01 E2.27352
G1 X53.963 Y14.869 E.04254
G1 X20.631 Y-18.463 E2.33368
G1 X19.772 Y-18.463 E.04254
G1 X53.963 Y15.728 E2.39383
G1 X53.963 Y16.587 E.04254
G1 X18.913 Y-18.463 E2.45399
G1 X18.054 Y-18.463 E.04254
G1 X53.963 Y17.446 E2.51414
G1 X53.963 Y18.306 E.04254
G1 X17.194 Y-18.463 E2.5743
G1 X16.335 Y-18.463 E.04254
G1 X53.26 Y18.463 E2.58529
G1 X52.401 Y18.463 E.04254
G1 X15.476 Y-18.463 E2.58529
G1 X14.617 Y-18.463 E.04254
G1 X51.542 Y18.463 E2.58529
G1 X50.683 Y18.463 E.04254
G1 X13.757 Y-18.463 E2.58529
G1 X12.898 Y-18.463 E.04254
G1 X49.824 Y18.463 E2.58529
G1 X48.964 Y18.463 E.04254
G1 X12.039 Y-18.463 E2.58529
G1 X11.18 Y-18.463 E.04254
M73 P5 R22
G1 X48.105 Y18.463 E2.58529
G1 X47.246 Y18.463 E.04254
G1 X10.321 Y-18.463 E2.58529
G1 X9.461 Y-18.463 E.04254
G1 X46.387 Y18.463 E2.58529
G1 X45.528 Y18.463 E.04254
G1 X8.602 Y-18.463 E2.58529
G1 X7.743 Y-18.463 E.04254
G1 X44.668 Y18.463 E2.58529
G1 X43.809 Y18.463 E.04254
G1 X6.884 Y-18.463 E2.58529
G1 X6.025 Y-18.463 E.04254
G1 X42.95 Y18.463 E2.58529
G1 X42.091 Y18.463 E.04254
G1 X5.165 Y-18.463 E2.58529
G1 X4.306 Y-18.463 E.04254
G1 X41.231 Y18.463 E2.58529
G1 X40.372 Y18.463 E.04254
G1 X3.447 Y-18.463 E2.58529
G1 X2.588 Y-18.463 E.04254
G1 X39.513 Y18.463 E2.58529
G1 X38.654 Y18.463 E.04254
G1 X1.729 Y-18.463 E2.58529
G1 X.869 Y-18.463 E.04254
G1 X37.795 Y18.463 E2.58529
G1 X36.935 Y18.463 E.04254
G1 X.01 Y-18.463 E2.58529
G1 X-.849 Y-18.463 E.04254
G1 X36.076 Y18.463 E2.58529
G1 X35.217 Y18.463 E.04254
M73 P6 R22
G1 X-1.708 Y-18.463 E2.58529
G1 X-2.567 Y-18.463 E.04254
G1 X34.358 Y18.463 E2.58529
G1 X33.499 Y18.463 E.04254
G1 X-3.7 Y-18.736 E2.60441
G1 E-1.2 F2100
;WIPE_START
G1 F3900
G1 X-2.286 Y-17.322
;WIPE_END
G1 X-4.764 Y-19.8 Z.6 F30000
G1 Z.2
G1 E1.2 F2100
G1 F3900
G1 X-5.247 Y-20.283 E.03378
G1 X-5.719 Y-20.087 E.02533
G1 X-5.888 Y-20.065 E.00842
G1 X-5.04 Y-19.216 E.0594
G1 X-5.042 Y-18.463 E.03732
G1 X-4.286 Y-18.463 E.03745
G1 X32.639 Y18.463 E2.58529
G1 X31.78 Y18.463 E.04254
G1 X-6.692 Y-20.01 E2.6936
G1 X-7.281 Y-20.087 E.02939
G1 X-7.875 Y-20.333 E.03185
G1 X30.921 Y18.463 E2.71626
G1 X30.062 Y18.463 E.04254
G1 X-7.962 Y-19.561 E2.66218
G1 X-7.959 Y-18.699 E.04269
G1 X29.203 Y18.463 E2.60181
G1 X28.343 Y18.463 E.04254
G1 X-8.582 Y-18.463 E2.58529
G1 X-9.441 Y-18.463 E.04254
G1 X27.484 Y18.463 E2.58529
G1 X26.625 Y18.463 E.04254
G1 X-10.3 Y-18.463 E2.58529
G1 X-11.159 Y-18.463 E.04254
G1 X25.766 Y18.463 E2.58529
G1 X24.907 Y18.463 E.04254
G1 X-12.019 Y-18.463 E2.58529
G1 X-12.878 Y-18.463 E.04254
G1 X24.047 Y18.463 E2.58529
G1 X23.188 Y18.463 E.04254
G1 X-13.737 Y-18.463 E2.58529
M73 P7 R22
G1 X-14.596 Y-18.463 E.04254
G1 X22.329 Y18.463 E2.58529
G1 X21.47 Y18.463 E.04254
G1 X-15.455 Y-18.463 E2.58529
G1 X-16.315 Y-18.463 E.04254
G1 X20.611 Y18.463 E2.58529
G1 X19.751 Y18.463 E.04254
G1 X-17.174 Y-18.463 E2.58529
G1 X-18.033 Y-18.463 E.04254
G1 X18.892 Y18.463 E2.58529
G1 X18.033 Y18.463 E.04254
G1 X-18.892 Y-18.463 E2.58529
G1 X-19.751 Y-18.463 E.04254
G1 X17.174 Y18.463 E2.58529
G1 X16.315 Y18.463 E.04254
G1 X-20.611 Y-18.463 E2.58529
G1 X-21.47 Y-18.463 E.04254
G1 X15.455 Y18.463 E2.58529
G1 X14.596 Y18.463 E.04254
G1 X-22.329 Y-18.463 E2.58529
G1 X-23.188 Y-18.463 E.04254
G1 X13.737 Y18.463 E2.58529
G1 X12.878 Y18.463 E.04254
G1 X-24.047 Y-18.463 E2.58529
G1 X-24.907 Y-18.463 E.04254
G1 X12.019 Y18.463 E2.58529
G1 X11.159 Y18.463 E.04254
G1 X-25.766 Y-18.463 E2.58529
G1 X-26.625 Y-18.463 E.04254
G1 X10.3 Y18.463 E2.58529
G1 X9.441 Y18.463 E.04254
M73 P8 R22
G1 X-27.484 Y-18.463 E2.58529
G1 X-28.343 Y-18.463 E.04254
G1 X8.582 Y18.463 E2.58529
G1 X7.723 Y18.463 E.04254
G1 X-29.203 Y-18.463 E2.58529
G1 X-30.062 Y-18.463 E.04254
G1 X6.863 Y18.463 E2.58529
G1 X6.004 Y18.463 E.04254
G1 X-30.921 Y-18.463 E2.58529
G1 X-31.78 Y-18.463 E.04254
G1 X5.145 Y18.463 E2.58529
G1 X4.286 Y18.463 E.04254
G1 X-32.639 Y-18.463 E2.58529
G1 X-33.499 Y-18.463 E.04254
G1 X3.427 Y18.463 E2.58529
G1 X2.567 Y18.463 E.04254
G1 X-34.358 Y-18.463 E2.58529
G1 X-35.217 Y-18.463 E.04254
G1 X1.708 Y18.463 E2.58529
G1 X.849 Y18.463 E.04254
G1 X-36.076 Y-18.463 E2.58529
G1 X-36.935 Y-18.463 E.04254
G1 X-.01 Y18.463 E2.58529
G1 X-.869 Y18.463 E.04254
G1 X-37.795 Y-18.463 E2.58529
G1 X-38.654 Y-18.463 E.04254
G1 X-1.729 Y18.463 E2.58529
G1 X-2.588 Y18.463 E.04254
G1 X-39.786 Y-18.736 E2.60441
G1 E-1.2 F2100
M73 P9 R22
;WIPE_START
G1 F3900
G1 X-38.372 Y-17.322
;WIPE_END
G1 X-40.765 Y-19.714 Z.6 F30000
G1 Z.2
G1 E1.2 F2100
G1 F3900
G1 X-41.308 Y-20.258 E.03804
G1 X-41.719 Y-20.087 E.02205
G1 X-41.964 Y-20.055 E.01223
G1 X-41.04 Y-19.13 E.06473
G1 X-41.042 Y-18.463 E.03305
G1 X-40.372 Y-18.463 E.03317
G1 X-3.447 Y18.463 E2.58529
G1 X-4.306 Y18.463 E.04254
M73 P9 R21
G1 X-42.792 Y-20.023 E2.69452
G1 X-43.281 Y-20.087 E.02441
G1 X-43.964 Y-20.37 E.03665
G1 X-43.964 Y-20.336 E.00169
G1 X-5.042 Y18.586 E2.72512
G1 X-5.039 Y19.448 E.04269
G1 X-43.961 Y-19.474 E2.72512
G1 X-43.958 Y-18.612 E.04269
G1 X-5.036 Y20.311 E2.72513
G1 X-5.036 Y20.37 E.00296
G1 X-5.732 Y20.082 E.0373
G1 X-6.173 Y20.032 E.02201
G1 X-44.668 Y-18.463 E2.69518
G1 X-45.527 Y-18.463 E.04254
G1 X-8.602 Y18.463 E2.58529
G1 X-7.958 Y18.463 E.03191
G1 X-7.96 Y19.105 E.0318
G1 X-7.013 Y20.052 E.0663
G1 X-7.281 Y20.087 E.01336
G1 X-7.674 Y20.25 E.02108
G1 X-8.235 Y19.689 E.0393
G1 E-1.2 F2100
;WIPE_START
G1 F3900
G1 X-7.674 Y20.25
G1 X-7.281 Y20.087
G1 X-7.013 Y20.052
G1 X-7.374 Y19.691
;WIPE_END
G1 X-9.188 Y18.736 Z.6 F30000
G1 Z.2
G1 E1.2 F2100
G1 F3900
G1 X-46.387 Y-18.463 E2.60441
G1 X-47.246 Y-18.463 E.04254
G1 X-10.321 Y18.463 E2.58529
G1 X-11.18 Y18.463 E.04254
G1 X-48.105 Y-18.463 E2.58529
G1 X-48.964 Y-18.463 E.04254
G1 X-12.039 Y18.463 E2.58529
G1 X-12.898 Y18.463 E.04254
G1 X-49.823 Y-18.463 E2.58529
G1 X-50.683 Y-18.463 E.04254
G1 X-13.757 Y18.463 E2.58529
G1 X-14.617 Y18.463 E.04254
G1 X-51.542 Y-18.463 E2.58529
G1 X-52.401 Y-18.463 E.04254
M73 P10 R21
G1 X-15.476 Y18.463 E2.58529
G1 X-16.335 Y18.463 E.04254
G1 X-53.26 Y-18.463 E2.58529
G1 X-53.963 Y-18.463 E.03477
G1 X-53.963 Y-18.306 E.00777
G1 X-17.194 Y18.463 E2.5743
G1 X-18.053 Y18.463 E.04254
G1 X-53.963 Y-17.447 E2.51415
G1 X-53.963 Y-16.587 E.04254
G1 X-18.913 Y18.463 E2.45399
G1 X-19.772 Y18.463 E.04254
G1 X-53.963 Y-15.728 E2.39383
G1 X-53.963 Y-14.869 E.04254
G1 X-20.631 Y18.463 E2.33368
G1 X-21.49 Y18.463 E.04254
G1 X-53.963 Y-14.01 E2.27352
G1 X-53.963 Y-13.151 E.04254
G1 X-22.349 Y18.463 E2.21336
G1 X-23.209 Y18.463 E.04254
G1 X-53.963 Y-12.291 E2.15321
G1 X-53.963 Y-11.432 E.04254
G1 X-24.068 Y18.463 E2.09305
G1 X-24.927 Y18.463 E.04254
G1 X-53.963 Y-10.573 E2.0329
G1 X-53.963 Y-9.714 E.04254
G1 X-25.786 Y18.463 E1.97274
G1 X-26.646 Y18.463 E.04254
G1 X-53.963 Y-8.854 E1.91258
G1 X-53.963 Y-7.995 E.04254
G1 X-27.505 Y18.463 E1.85243
G1 X-28.364 Y18.463 E.04254
G1 X-53.963 Y-7.136 E1.79227
G1 X-53.963 Y-6.277 E.04254
G1 X-29.223 Y18.463 E1.73211
G1 X-30.082 Y18.463 E.04254
M73 P11 R21
G1 X-53.963 Y-5.418 E1.67196
G1 X-53.963 Y-4.558 E.04254
G1 X-30.942 Y18.463 E1.6118
G1 X-31.801 Y18.463 E.04254
G1 X-53.963 Y-3.699 E1.55165
G1 X-53.963 Y-2.84 E.04254
G1 X-32.66 Y18.463 E1.49149
G1 X-33.519 Y18.463 E.04254
G1 X-53.963 Y-1.981 E1.43133
G1 X-53.963 Y-1.122 E.04254
G1 X-34.378 Y18.463 E1.37118
G1 X-35.238 Y18.463 E.04254
G1 X-53.963 Y-.262 E1.31102
G1 X-53.963 Y.597 E.04254
G1 X-36.097 Y18.463 E1.25086
G1 X-36.956 Y18.463 E.04254
G1 X-53.963 Y1.456 E1.19071
G1 X-53.963 Y2.315 E.04254
G1 X-37.815 Y18.463 E1.13055
G1 X-38.674 Y18.463 E.04254
G1 X-53.963 Y3.174 E1.07039
G1 X-53.963 Y4.034 E.04254
G1 X-39.534 Y18.463 E1.01024
G1 X-40.393 Y18.463 E.04254
G1 X-53.963 Y4.893 E.95008
G1 X-53.963 Y5.752 E.04254
G1 X-41.041 Y18.673 E.90466
G1 X-41.038 Y19.535 E.04269
G1 X-53.963 Y6.611 E.90487
G1 X-53.963 Y7.47 E.04254
G1 X-41.082 Y20.351 E.90185
G1 X-41.732 Y20.082 E.03483
G1 X-42.271 Y20.021 E.02687
G1 X-53.963 Y8.33 E.81858
G1 X-53.963 Y9.189 E.04254
G1 X-44.689 Y18.463 E.6493
G1 X-43.958 Y18.463 E.03619
G1 X-43.96 Y19.191 E.03606
G1 X-43.089 Y20.062 E.06097
G1 X-43.281 Y20.087 E.00954
G1 X-43.735 Y20.275 E.02436
G1 X-44.236 Y19.775 E.03503
G1 E-1.2 F2100
;WIPE_START
G1 F3900
G1 X-43.735 Y20.275
G1 X-43.281 Y20.087
G1 X-43.089 Y20.062
G1 X-43.519 Y19.632
;WIPE_END
G1 X-45.275 Y18.736 Z.6 F30000
G1 Z.2
G1 E1.2 F2100
G1 F3900
G1 X-53.963 Y10.048 E.60827
G1 X-53.963 Y10.907 E.04254
G1 X-46.407 Y18.463 E.52899
G1 X-47.266 Y18.463 E.04254
G1 X-53.963 Y11.766 E.46883
G1 X-53.963 Y12.626 E.04254
G1 X-48.126 Y18.463 E.40868
G1 X-48.985 Y18.463 E.04254
G1 X-53.963 Y13.485 E.34852
G1 X-53.963 Y14.344 E.04254
G1 X-49.844 Y18.463 E.28836
G1 X-50.703 Y18.463 E.04254
G1 X-53.963 Y15.203 E.22821
G1 X-53.963 Y16.062 E.04254
G1 X-51.562 Y18.463 E.16805
G1 X-52.422 Y18.463 E.04254
G1 X-53.963 Y16.922 E.10789
G1 X-53.963 Y17.781 E.04254
G1 X-53.008 Y18.736 E.06686
M106 S255
M106 P2 S255
;LAYER_CHANGE
;Z:0.4
;HEIGHT:0.2
;BEFORE_LAYER_CHANGE
;0.4
G1 E-1.2 F2100
;WIPE_START
G1 F3900
G1 X-53.963 Y17.781
G1 X-53.963 Y17.131
;WIPE_END
;AFTER_LAYER_CHANGE
;0.4
;_SET_FAN_SPEED_CHANGING_LAYER
SET_VELOCITY_LIMIT ACCEL=10000
M140 S50 ; set bed temperature
G17
G3 Z.8 I-.155 J1.207 P1  F30000
G1 X-8.278 Y23.004 Z.8
G1 Z.4
G1 E1.2 F2100
SET_VELOCITY_LIMIT ACCEL=5000
;TYPE:Outer wall
;WIDTH:0.62
G1 F7200
G1 X-8.217 Y22.54 E.022
G1 X-8.04 Y22.111 E.02182
G1 X-7.757 Y21.743 E.02182
G1 X-7.389 Y21.46 E.02182
G1 X-6.96 Y21.283 E.02182
G1 X-6.542 Y21.228 E.01985
G1 X-6.043 Y21.281 E.02357
G1 X-5.611 Y21.46 E.022
G1 X-5.243 Y21.743 E.02182
G1 X-4.96 Y22.111 E.02182
G1 X-4.799 Y22.501 E.01985
G1 X-4.722 Y22.996 E.02357
G1 X-4.783 Y23.46 E.022
G1 X-4.96 Y23.889 E.02182
G1 X-5.243 Y24.257 E.02182
G1 X-5.611 Y24.54 E.02182
G1 X-6.04 Y24.717 E.02182
G1 X-6.5 Y24.778 E.02182
G1 X-6.96 Y24.717 E.02182
G1 X-7.389 Y24.54 E.02182
G1 X-7.757 Y24.257 E.02182
G1 X-8.04 Y23.889 E.02182
G1 X-8.201 Y23.499 E.01985
G1 X-8.273 Y23.039 E.02187
SET_VELOCITY_LIMIT ACCEL=10000
G1 E-1.2 F2100
;WIPE_START
G1 F7200
G1 X-8.217 Y22.54
G1 X-8.04 Y22.111
G1 X-7.757 Y21.743
G1 X-7.389 Y21.46
G1 X-7.291 Y21.42
;WIPE_END
G1 X-14.922 Y21.577 Z.8 F30000
G1 X-40.96 Y22.111 Z.8
G1 Z.4
G1 E1.2 F2100
SET_VELOCITY_LIMIT ACCEL=5000
G1 F7200
G1 X-40.783 Y22.54 E.02182
G1 X-40.722 Y23 E.02182
G1 X-40.783 Y23.46 E.02182
G1 X-40.96 Y23.889 E.02182
G1 X-41.243 Y24.257 E.02182
G1 X-41.611 Y24.54 E.02182
G1 X-42.04 Y24.717 E.02182
G1 X-42.5 Y24.778 E.02182
G1 X-42.96 Y24.717 E.02182
G1 X-43.389 Y24.54 E.02182
G1 X-43.757 Y24.257 E.02182
G1 X-44.04 Y23.889 E.02182
G1 X-44.217 Y23.46 E.02182
G1 X-44.278 Y23 E.02182
G1 X-44.217 Y22.54 E.02182
G1 X-44.04 Y22.111 E.02182
G1 X-43.757 Y21.743 E.02182
G1 X-43.389 Y21.46 E.02182
G1 X-42.96 Y21.283 E.02182
G1 X-42.542 Y21.228 E.01985
G1 X-42.043 Y21.281 E.02357
G1 X-41.611 Y21.46 E.022
G1 X-41.243 Y21.743 E.02182
G1 X-40.982 Y22.083 E.02013
SET_VELOCITY_LIMIT ACCEL=10000
G1 E-1.2 F2100
;WIPE_START
G1 F7200
G1 X-40.783 Y22.54
G1 X-40.722 Y23
G1 X-40.783 Y23.46
G1 X-40.96 Y23.889
G1 X-41.027 Y23.975
;WIPE_END
G1 X-41.549 Y16.361 Z.8 F30000
G1 X-44.217 Y-22.54 Z.8
G1 Z.4
G1 E1.2 F2100
M73 P12 R21
SET_VELOCITY_LIMIT ACCEL=5000
G1 F7200
G1 X-44.278 Y-23 E.02182
G1 X-44.217 Y-23.46 E.02182
G1 X-44.056 Y-23.85 E.01985
G1 X-43.76 Y-24.255 E.02357
G1 X-43.389 Y-24.54 E.022
G1 X-42.96 Y-24.717 E.02182
G1 X-42.542 Y-24.772 E.01985
G1 X-42.043 Y-24.719 E.02357
G1 X-41.611 Y-24.54 E.022
G1 X-41.243 Y-24.257 E.02182
G1 X-40.96 Y-23.889 E.02182
G1 X-40.783 Y-23.46 E.02182
G1 X-40.722 Y-23 E.02182
G1 X-40.783 Y-22.54 E.02182
G1 X-40.944 Y-22.15 E.01985
G1 X-41.24 Y-21.745 E.02357
G1 X-41.611 Y-21.46 E.022
G1 X-42.04 Y-21.283 E.02182
G1 X-42.5 Y-21.222 E.02182
G1 X-42.96 Y-21.283 E.02182
G1 X-43.389 Y-21.46 E.02182
G1 X-43.757 Y-21.743 E.02182
G1 X-44.04 Y-22.111 E.02182
G1 X-44.203 Y-22.507 E.02013
SET_VELOCITY_LIMIT ACCEL=10000
G1 E-1.2 F2100
;WIPE_START
G1 F7200
G1 X-44.278 Y-23
G1 X-44.217 Y-23.46
G1 X-44.056 Y-23.85
G1 X-43.76 Y-24.255
G1 X-43.67 Y-24.324
;WIPE_END
G1 X-38.876 Y-18.385 Z.8 F30000
G1 X-8.613 Y19.113 Z.8
G1 Z.4
G1 E1.2 F2100
SET_VELOCITY_LIMIT ACCEL=5000
;TYPE:Inner wall
G1 F9000
G1 X-40.387 Y19.113 E1.49417
G1 X-40.387 Y21.525 E.11341
G1 X-40.622 Y21.604 E.01167
G1 X-40.831 Y21.331 E.01617
G1 X-41.32 Y20.956 E.02897
G1 X-41.899 Y20.717 E.02947
G1 X-42.548 Y20.647 E.03071
G1 X-43.111 Y20.721 E.02667
G1 X-43.68 Y20.956 E.02897
G1 X-44.169 Y21.331 E.02897
G1 X-44.378 Y21.604 E.01617
G1 X-44.613 Y21.525 E.01167
G1 X-44.613 Y19.113 E.11341
G1 X-54.613 Y19.113 E.47025
G1 X-54.613 Y-19.113 E1.79756
G1 X-44.613 Y-19.113 E.47025
G1 X-44.613 Y-21.525 E.11341
G1 X-44.378 Y-21.604 E.01167
G1 X-44.169 Y-21.331 E.01617
G1 X-43.68 Y-20.956 E.02897
G1 X-43.111 Y-20.721 E.02897
G1 X-42.5 Y-20.64 E.02897
G1 X-41.889 Y-20.721 E.02897
G1 X-41.32 Y-20.956 E.02897
G1 X-40.823 Y-21.338 E.02947
G1 X-40.626 Y-21.608 E.01571
G1 X-40.387 Y-21.53 E.01181
G1 X-40.387 Y-19.113 E.11365
G1 X-8.613 Y-19.113 E1.49417
G1 X-8.613 Y-21.525 E.11341
G1 X-8.378 Y-21.604 E.01167
G1 X-8.169 Y-21.331 E.01617
G1 X-7.68 Y-20.956 E.02897
G1 X-7.111 Y-20.721 E.02897
G1 X-6.5 Y-20.64 E.02897
G1 X-5.889 Y-20.721 E.02897
G1 X-5.32 Y-20.956 E.02897
G1 X-4.831 Y-21.331 E.02897
G1 X-4.622 Y-21.604 E.01617
G1 X-4.387 Y-21.525 E.01167
G1 X-4.387 Y-19.113 E.11341
G1 X54.613 Y-19.113 E2.77446
G1 X54.613 Y19.113 E1.79756
G1 X-4.387 Y19.113 E2.77446
G1 X-4.387 Y21.525 E.11341
G1 X-4.622 Y21.604 E.01167
G1 X-4.831 Y21.331 E.01617
G1 X-5.32 Y20.956 E.02897
G1 X-5.899 Y20.717 E.02947
G1 X-6.548 Y20.647 E.03071
G1 X-7.111 Y20.721 E.02667
G1 X-7.68 Y20.956 E.02897
G1 X-8.169 Y21.331 E.02897
G1 X-8.378 Y21.604 E.01617
G1 X-8.613 Y21.525 E.01167
G1 X-8.613 Y19.149 E.11171
SET_VELOCITY_LIMIT ACCEL=10000
G1 E-1.2 F2100
;WIPE_START
G1 F9000
G1 X-10.613 Y19.147
;WIPE_END
G1 X-10.112 Y11.531 Z.8 F30000
G1 X-7.757 Y-24.257 Z.8
G1 Z.4
G1 E1.2 F2100
SET_VELOCITY_LIMIT ACCEL=5000
;TYPE:Outer wall
G1 F7200
G1 X-7.389 Y-24.54 E.02182
G1 X-6.96 Y-24.717 E.02182
G1 X-6.542 Y-24.772 E.01985
G1 X-6.043 Y-24.719 E.02357
G1 X-5.611 Y-24.54 E.022
G1 X-5.243 Y-24.257 E.02182
G1 X-4.96 Y-23.889 E.02182
G1 X-4.783 Y-23.46 E.02182
G1 X-4.722 Y-23 E.02182
G1 X-4.783 Y-22.54 E.02182
G1 X-4.96 Y-22.111 E.02182
G1 X-5.243 Y-21.743 E.02182
G1 X-5.611 Y-21.46 E.02182
G1 X-6.04 Y-21.283 E.02182
G1 X-6.5 Y-21.222 E.02182
G1 X-6.96 Y-21.283 E.02182
G1 X-7.389 Y-21.46 E.02182
G1 X-7.757 Y-21.743 E.02182
G1 X-8.04 Y-22.111 E.02182
G1 X-8.201 Y-22.501 E.01985
G1 X-8.278 Y-22.996 E.02357
G1 X-8.217 Y-23.46 E.022
G1 X-8.04 Y-23.889 E.02182
G1 X-7.779 Y-24.228 E.02013
SET_VELOCITY_LIMIT ACCEL=10000
G1 E-1.2 F2100
;WIPE_START
G1 F7200
G1 X-7.389 Y-24.54
G1 X-6.96 Y-24.717
G1 X-6.542 Y-24.772
G1 X-6.043 Y-24.719
G1 X-5.938 Y-24.675
;WIPE_END
G1 X-6.496 Y-17.063 Z.8 F30000
G1 X-9.19 Y19.69 Z.8
G1 Z.4
G1 E1.2 F2100
SET_VELOCITY_LIMIT ACCEL=5000
G1 F7200
G1 X-39.81 Y19.69 E1.4399
G1 X-39.81 Y22.983 E.15483
G1 X-39.879 Y23.598 E.02913
G1 X-40.078 Y24.166 E.02831
G1 X-40.398 Y24.676 E.02831
G1 X-40.824 Y25.102 E.02831
G1 X-41.334 Y25.422 E.02831
G1 X-41.902 Y25.621 E.02831
G1 X-42.5 Y25.688 E.02831
G1 X-43.098 Y25.621 E.02831
G1 X-43.666 Y25.422 E.02831
G1 X-44.176 Y25.102 E.02831
G1 X-44.602 Y24.676 E.02831
G1 X-44.922 Y24.166 E.02831
G1 X-45.121 Y23.598 E.02831
G1 X-45.19 Y22.983 E.02913
G1 X-45.19 Y19.69 E.15483
G1 X-55.19 Y19.69 E.47025
G1 X-55.19 Y-19.69 E1.85183
G1 X-45.19 Y-19.69 E.47025
G1 X-45.19 Y-22.983 E.15483
G1 X-45.121 Y-23.598 E.02913
G1 X-44.922 Y-24.166 E.02831
G1 X-44.602 Y-24.676 E.02831
G1 X-44.176 Y-25.102 E.02831
G1 X-43.666 Y-25.422 E.02831
G1 X-43.098 Y-25.621 E.02831
G1 X-42.5 Y-25.688 E.02831
G1 X-41.902 Y-25.621 E.02831
G1 X-41.334 Y-25.422 E.02831
G1 X-40.824 Y-25.102 E.02831
G1 X-40.398 Y-24.676 E.02831
G1 X-40.078 Y-24.166 E.02831
G1 X-39.879 Y-23.598 E.02831
G1 X-39.81 Y-22.983 E.02913
G1 X-39.81 Y-19.69 E.15483
G1 X-9.19 Y-19.69 E1.4399
G1 X-9.19 Y-22.983 E.15483
G1 X-9.121 Y-23.598 E.02913
G1 X-8.922 Y-24.166 E.02831
G1 X-8.602 Y-24.676 E.02831
G1 X-8.176 Y-25.102 E.02831
G1 X-7.666 Y-25.422 E.02831
G1 X-7.098 Y-25.621 E.02831
G1 X-6.468 Y-25.684 E.02979
G1 X-5.902 Y-25.621 E.02679
G1 X-5.334 Y-25.422 E.02831
G1 X-4.824 Y-25.102 E.02831
G1 X-4.398 Y-24.676 E.02831
G1 X-4.078 Y-24.166 E.02831
G1 X-3.879 Y-23.598 E.02831
G1 X-3.81 Y-22.983 E.02913
G1 X-3.81 Y-19.69 E.15483
G1 X55.19 Y-19.69 E2.77446
G1 X55.19 Y19.69 E1.85183
G1 X-3.81 Y19.69 E2.77446
G1 X-3.81 Y22.983 E.15483
G1 X-3.879 Y23.598 E.02913
G1 X-4.078 Y24.166 E.02831
G1 X-4.398 Y24.676 E.02831
G1 X-4.824 Y25.102 E.02831
G1 X-5.334 Y25.422 E.02831
G1 X-5.902 Y25.621 E.02831
G1 X-6.5 Y25.688 E.02831
G1 X-7.098 Y25.621 E.02831
G1 X-7.666 Y25.422 E.02831
G1 X-8.176 Y25.102 E.02831
G1 X-8.602 Y24.676 E.02831
G1 X-8.922 Y24.166 E.02831
G1 X-9.121 Y23.598 E.02831
G1 X-9.19 Y22.983 E.02913
G1 X-9.19 Y19.726 E.15314
SET_VELOCITY_LIMIT ACCEL=10000
G1 E-1.2 F2100
;WIPE_START
G1 F7200
G1 X-11.19 Y19.724
;WIPE_END
G1 X-8.157 Y20.758 Z.8 F30000
G1 Z.4
G1 E1.2 F2100
SET_VELOCITY_LIMIT ACCEL=7000
;TYPE:Internal solid infill
;WIDTH:0.55292
G1 F9000
G1 X-8.221 Y20.758 E.00265
G1 X-8.253 Y20.813 E.00265
G1 X-8.221 Y20.868 E.00265
G1 X-8.157 Y20.868 E.00265
G1 X-8.143 Y20.844 E.00115
SET_VELOCITY_LIMIT ACCEL=10000
G1 X-8.618 Y21.827 F30000
;TYPE:Gap infill
;WIDTH:0.455012
G1 F9000
G1 X-8.699 Y22.438 E.02069
;WIDTH:0.430898
G1 X-8.716 Y22.698 E.00822
;WIDTH:0.380417
G1 X-8.733 Y22.986 E.00794
G1 X-8.668 Y23.495 E.01412
G1 X-8.505 Y23.966 E.0137
;WIDTH:0.37282
G1 X-8.417 Y24.131 E.00503
G1 X-8.239 Y24.387 E.00839
G1 X-8.059 Y24.588 E.00726
G1 X-7.887 Y24.739 E.00615
G1 X-7.631 Y24.917 E.00839
G1 X-7.466 Y25.005 E.00503
G1 X-7.057 Y25.158 E.01174
G1 X-6.521 Y25.231 E.01452
G1 X-6.004 Y25.173 E.01399
G1 X-5.534 Y25.005 E.01341
G1 X-5.369 Y24.917 E.00503
G1 X-5.113 Y24.739 E.00839
G1 X-4.912 Y24.559 E.00726
G1 X-4.761 Y24.387 E.00615
G1 X-4.583 Y24.131 E.00839
G1 X-4.495 Y23.966 E.00503
G1 X-4.354 Y23.597 E.01062
G1 X-4.327 Y23.496 E.0028
G1 X-4.266 Y22.957 E.01458
;WIDTH:0.400246
G1 X-4.288 Y22.674 E.00828
;WIDTH:0.444126
G1 X-4.31 Y22.39 E.00929
;WIDTH:0.466066
G1 X-4.388 Y21.829 E.01951
G1 X-4.792 Y20.732 F30000
SET_VELOCITY_LIMIT ACCEL=7000
;TYPE:Internal solid infill
;WIDTH:0.55292
G1 F9000
G1 X-4.856 Y20.732 E.00265
G1 X-4.887 Y20.787 E.00265
G1 X-4.856 Y20.842 E.00265
G1 X-4.792 Y20.842 E.00265
G1 X-4.778 Y20.818 E.00115
SET_VELOCITY_LIMIT ACCEL=10000
G1 E-1.2 F2100
;WIPE_START
G1 F9000
G1 X-4.792 Y20.842
G1 X-4.856 Y20.842
G1 X-4.887 Y20.787
G1 X-4.856 Y20.732
G1 X-4.792 Y20.732
;WIPE_END
G1 X-12.409 Y21.21 Z.8 F30000
G1 X-40.267 Y22.957 Z.8
G1 Z.4
G1 E1.2 F2100
;TYPE:Gap infill
;WIDTH:0.372841
G1 F9000
G1 X-40.327 Y23.496 E.01458
G1 X-40.354 Y23.597 E.0028
G1 X-40.495 Y23.966 E.01062
G1 X-40.583 Y24.131 E.00503
G1 X-40.761 Y24.387 E.00839
G1 X-40.941 Y24.588 E.00726
G1 X-41.113 Y24.739 E.00615
G1 X-41.369 Y24.917 E.00839
G1 X-41.534 Y25.005 E.00503
G1 X-42.004 Y25.173 E.01341
G1 X-42.5 Y25.233 E.01343
G1 X-42.996 Y25.173 E.01343
G1 X-43.466 Y25.005 E.01341
G1 X-43.631 Y24.917 E.00503
G1 X-43.887 Y24.739 E.00839
G1 X-44.088 Y24.559 E.00726
G1 X-44.239 Y24.387 E.00615
G1 X-44.417 Y24.131 E.00839
G1 X-44.505 Y23.966 E.00503
G1 X-44.658 Y23.557 E.01175
;WIDTH:0.380939
G1 X-44.731 Y23.021 E.01488
G1 X-44.716 Y22.698 E.00893
;WIDTH:0.4309
G1 X-44.699 Y22.438 E.00822
;WIDTH:0.455011
G1 X-44.618 Y21.827 E.02069
G1 X-44.156 Y20.756 F30000
SET_VELOCITY_LIMIT ACCEL=7000
;TYPE:Internal solid infill
;WIDTH:0.55292
G1 F9000
G1 X-44.22 Y20.756 E.00265
G1 X-44.252 Y20.811 E.00265
G1 X-44.22 Y20.866 E.00265
G1 X-44.156 Y20.866 E.00265
G1 X-44.143 Y20.842 E.00115
SET_VELOCITY_LIMIT ACCEL=10000
G1 X-40.417 Y21.839 F30000
;TYPE:Gap infill
;WIDTH:0.536969
G1 F9000
G1 X-40.38 Y22.021 E.00746
;WIDTH:0.518257
G1 X-40.344 Y22.203 E.00718
;WIDTH:0.480834
G1 X-40.308 Y22.384 E.00661
;WIDTH:0.435062
G1 X-40.284 Y22.698 E.01004
;WIDTH:0.396895
G1 X-40.267 Y22.957 E.0075
G1 X-44.024 Y-20.603 F30000
SET_VELOCITY_LIMIT ACCEL=7000
;TYPE:Internal solid infill
;WIDTH:0.57715
G1 F9000
G1 X-44.091 Y-20.603 E.00291
G1 X-44.124 Y-20.546 E.00291
G1 X-44.091 Y-20.488 E.00291
G1 X-44.024 Y-20.488 E.00291
G1 X-44.008 Y-20.514 E.00134
SET_VELOCITY_LIMIT ACCEL=10000
G1 X-44.583 Y-21.839 F30000
;TYPE:Gap infill
;WIDTH:0.536969
G1 F9000
G1 X-44.62 Y-22.021 E.00746
;WIDTH:0.518257
G1 X-44.656 Y-22.203 E.00718
;WIDTH:0.480833
G1 X-44.692 Y-22.384 E.00661
;WIDTH:0.435062
G1 X-44.716 Y-22.698 E.01004
;WIDTH:0.396896
G1 X-44.733 Y-22.957 E.0075
;WIDTH:0.373705
G1 X-44.673 Y-23.496 E.01462
G1 X-44.646 Y-23.597 E.00281
G1 X-44.459 Y-24.055 E.01333
G1 X-44.237 Y-24.386 E.01074
G1 X-44.064 Y-24.583 E.00708
G1 X-43.887 Y-24.739 E.00636
G1 X-43.631 Y-24.917 E.00841
G1 X-43.466 Y-25.005 E.00504
G1 X-42.996 Y-25.173 E.01344
G1 X-42.5 Y-25.228 E.01345
G1 X-42.004 Y-25.173 E.01345
G1 X-41.534 Y-25.005 E.01344
G1 X-41.369 Y-24.917 E.00504
G1 X-41.113 Y-24.739 E.00841
G1 X-40.912 Y-24.559 E.00728
G1 X-40.761 Y-24.387 E.00617
G1 X-40.583 Y-24.131 E.00841
G1 X-40.495 Y-23.966 E.00504
G1 X-40.342 Y-23.557 E.01178
;WIDTH:0.380938
G1 X-40.269 Y-23.021 E.01488
G1 X-40.284 Y-22.698 E.00893
;WIDTH:0.430898
G1 X-40.301 Y-22.438 E.00822
;WIDTH:0.455011
G1 X-40.308 Y-22.384 E.00182
;WIDTH:0.480669
G1 X-40.344 Y-22.204 E.00657
;WIDTH:0.517761
G1 X-40.38 Y-22.023 E.00712
;WIDTH:0.554854
G1 X-40.416 Y-21.843 E.00768
G1 E-1.2 F2100
;WIPE_START
G1 F9000
G1 X-40.38 Y-22.023
;WIPE_END
G1 X-47.792 Y-20.2 Z.8 F30000
G1 X-54.069 Y-18.656 Z.8
G1 Z.4
G1 E1.2 F2100
SET_VELOCITY_LIMIT ACCEL=7000
;TYPE:Internal solid infill
;WIDTH:0.55292
G1 F9000
G1 X-54.133 Y-18.656 E.00265
G1 X-54.165 Y-18.601 E.00265
G1 X-54.133 Y-18.546 E.00265
G1 X-54.069 Y-18.546 E.00265
G1 X-54.055 Y-18.57 E.00115
SET_VELOCITY_LIMIT ACCEL=10000
G1 E-1.2 F2100
;WIPE_START
G1 F9000
G1 X-54.069 Y-18.546
G1 X-54.133 Y-18.546
G1 X-54.165 Y-18.601
G1 X-54.133 Y-18.656
G1 X-54.069 Y-18.656
;WIPE_END
G1 X-46.462 Y-19.282 Z.8 F30000
G1 X-8.69 Y-22.39 Z.8
G1 Z.4
G1 E1.2 F2100
;TYPE:Gap infill
;WIDTH:0.444127
G1 F9000
G1 X-8.712 Y-22.674 E.00929
;WIDTH:0.400248
G1 X-8.734 Y-22.957 E.00828
;WIDTH:0.373267
G1 X-8.673 Y-23.496 E.0146
G1 X-8.646 Y-23.597 E.00281
G1 X-8.505 Y-23.966 E.01063
G1 X-8.417 Y-24.131 E.00503
G1 X-8.239 Y-24.387 E.0084
G1 X-8.088 Y-24.559 E.00616
G1 X-7.887 Y-24.739 E.00727
G1 X-7.631 Y-24.917 E.0084
G1 X-7.466 Y-25.005 E.00503
G1 X-6.996 Y-25.173 E.01343
G1 X-6.5 Y-25.228 E.01343
G1 X-6.004 Y-25.173 E.01343
G1 X-5.534 Y-25.005 E.01343
G1 X-5.369 Y-24.917 E.00504
G1 X-5.113 Y-24.739 E.0084
G1 X-4.912 Y-24.559 E.00727
G1 X-4.761 Y-24.387 E.00616
G1 X-4.583 Y-24.131 E.0084
G1 X-4.495 Y-23.966 E.00503
G1 X-4.342 Y-23.557 E.01176
;WIDTH:0.38094
G1 X-4.269 Y-23.021 E.01488
G1 X-4.284 Y-22.698 E.00893
;WIDTH:0.430896
G1 X-4.301 Y-22.438 E.00822
;WIDTH:0.455009
G1 X-4.382 Y-21.827 E.02069
G1 X-8.046 Y-20.642 F30000
SET_VELOCITY_LIMIT ACCEL=7000
;TYPE:Internal solid infill
;WIDTH:0.55292
G1 F9000
G1 X-8.11 Y-20.642 E.00265
G1 X-8.142 Y-20.587 E.00265
G1 X-8.11 Y-20.532 E.00265
G1 X-8.046 Y-20.532 E.00265
G1 X-8.032 Y-20.556 E.00115
SET_VELOCITY_LIMIT ACCEL=10000
G1 X-8.612 Y-21.829 F30000
;TYPE:Gap infill
;WIDTH:0.466068
G1 F9000
G1 X-8.69 Y-22.39 E.01951
G1 X52.712 Y19.026 F30000
SET_VELOCITY_LIMIT ACCEL=7000
;TYPE:Internal solid infill
;WIDTH:0.620651
G1 F9000
G1 X54.267 Y17.472 E.10348
G1 X54.267 Y16.655 E.03846
G1 X52.155 Y18.767 E.14059
G1 X51.338 Y18.767 E.03846
G1 X54.267 Y15.838 E.19498
G1 X54.267 Y15.021 E.03846
G1 X50.521 Y18.767 E.24938
G1 X49.704 Y18.767 E.03846
G1 X54.267 Y14.204 E.30378
G1 X54.267 Y13.387 E.03846
G1 X48.887 Y18.767 E.35817
G1 X48.07 Y18.767 E.03846
G1 X54.267 Y12.57 E.41257
G1 X54.267 Y11.753 E.03846
G1 X47.253 Y18.767 E.46697
G1 X46.436 Y18.767 E.03846
G1 X54.267 Y10.936 E.52136
G1 X54.267 Y10.119 E.03846
G1 X45.619 Y18.767 E.57576
G1 X44.802 Y18.767 E.03846
G1 X54.267 Y9.302 E.63016
G1 X54.267 Y8.485 E.03846
G1 X43.985 Y18.767 E.68455
G1 X43.168 Y18.767 E.03846
G1 X54.267 Y7.668 E.73895
G1 X54.267 Y6.851 E.03846
G1 X42.351 Y18.767 E.79335
G1 X41.534 Y18.767 E.03846
G1 X54.267 Y6.034 E.84774
G1 X54.267 Y5.217 E.03846
G1 X40.717 Y18.767 E.90214
G1 X39.9 Y18.767 E.03846
G1 X54.267 Y4.4 E.95654
G1 X54.267 Y3.583 E.03846
G1 X39.082 Y18.767 E1.01093
G1 X38.265 Y18.767 E.03846
G1 X54.267 Y2.765 E1.06533
G1 X54.267 Y1.948 E.03846
G1 X37.448 Y18.767 E1.11973
G1 X36.631 Y18.767 E.03846
G1 X54.267 Y1.131 E1.17412
G1 X54.267 Y.314 E.03846
G1 X35.814 Y18.767 E1.22852
G1 X34.997 Y18.767 E.03846
G1 X54.267 Y-.503 E1.28291
G1 X54.267 Y-1.32 E.03846
G1 X34.18 Y18.767 E1.33731
G1 X33.363 Y18.767 E.03846
G1 X54.267 Y-2.137 E1.39171
G1 X54.267 Y-2.954 E.03846
G1 X32.546 Y18.767 E1.4461
G1 X31.729 Y18.767 E.03846
G1 X54.267 Y-3.771 E1.5005
G1 X54.267 Y-4.588 E.03846
G1 X30.912 Y18.767 E1.5549
G1 X30.095 Y18.767 E.03846
G1 X54.267 Y-5.405 E1.60929
G1 X54.267 Y-6.222 E.03846
M73 P13 R21
G1 X29.278 Y18.767 E1.66369
G1 X28.461 Y18.767 E.03846
G1 X54.267 Y-7.039 E1.71809
G1 X54.267 Y-7.856 E.03846
G1 X27.644 Y18.767 E1.77248
G1 X26.827 Y18.767 E.03846
G1 X54.267 Y-8.673 E1.82688
G1 X54.267 Y-9.49 E.03846
G1 X26.01 Y18.767 E1.88128
G1 X25.193 Y18.767 E.03846
G1 X54.267 Y-10.307 E1.93567
G1 X54.267 Y-11.124 E.03846
G1 X24.376 Y18.767 E1.99007
G1 X23.559 Y18.767 E.03846
G1 X54.267 Y-11.941 E2.04447
G1 X54.267 Y-12.758 E.03846
G1 X22.742 Y18.767 E2.09886
G1 X21.925 Y18.767 E.03846
G1 X54.267 Y-13.575 E2.15326
G1 X54.267 Y-14.392 E.03846
G1 X21.108 Y18.767 E2.20766
G1 X20.291 Y18.767 E.03846
G1 X54.267 Y-15.209 E2.26205
G1 X54.267 Y-16.026 E.03846
M73 P13 R20
G1 X19.474 Y18.767 E2.31645
G1 X18.657 Y18.767 E.03846
G1 X54.267 Y-16.843 E2.37085
G1 X54.267 Y-17.66 E.03846
G1 X17.84 Y18.767 E2.42524
G1 X17.023 Y18.767 E.03846
G1 X54.267 Y-18.477 E2.47964
G1 X54.267 Y-18.767 E.01362
G1 X53.739 Y-18.767 E.02485
G1 X16.206 Y18.767 E2.4989
G1 X15.388 Y18.767 E.03846
G1 X52.922 Y-18.767 E2.4989
G1 X52.105 Y-18.767 E.03846
G1 X14.571 Y18.767 E2.4989
G1 X13.754 Y18.767 E.03846
G1 X51.288 Y-18.767 E2.4989
G1 X50.471 Y-18.767 E.03846
G1 X12.937 Y18.767 E2.4989
G1 X12.12 Y18.767 E.03846
G1 X49.654 Y-18.767 E2.4989
G1 X48.837 Y-18.767 E.03846
G1 X11.303 Y18.767 E2.4989
G1 X10.486 Y18.767 E.03846
G1 X48.02 Y-18.767 E2.4989
G1 X47.203 Y-18.767 E.03846
G1 X9.669 Y18.767 E2.4989
G1 X8.852 Y18.767 E.03846
G1 X46.386 Y-18.767 E2.4989
G1 X45.569 Y-18.767 E.03846
G1 X8.035 Y18.767 E2.4989
G1 X7.218 Y18.767 E.03846
G1 X44.751 Y-18.767 E2.4989
G1 X43.934 Y-18.767 E.03846
G1 X6.401 Y18.767 E2.4989
G1 X5.584 Y18.767 E.03846
G1 X43.117 Y-18.767 E2.4989
G1 X42.3 Y-18.767 E.03846
G1 X4.767 Y18.767 E2.4989
G1 X3.95 Y18.767 E.03846
G1 X41.483 Y-18.767 E2.4989
G1 X40.666 Y-18.767 E.03846
G1 X3.133 Y18.767 E2.4989
G1 X2.316 Y18.767 E.03846
G1 X39.849 Y-18.767 E2.4989
G1 X39.032 Y-18.767 E.03846
G1 X1.499 Y18.767 E2.4989
G1 X.682 Y18.767 E.03846
G1 X38.215 Y-18.767 E2.4989
G1 X37.398 Y-18.767 E.03846
G1 X-.135 Y18.767 E2.4989
G1 X-.952 Y18.767 E.03846
G1 X36.581 Y-18.767 E2.4989
G1 X35.764 Y-18.767 E.03846
G1 X-1.769 Y18.767 E2.4989
G1 X-2.586 Y18.767 E.03846
G1 X34.947 Y-18.767 E2.4989
M73 P14 R20
G1 X34.13 Y-18.767 E.03846
G1 X-3.663 Y19.026 E2.51619
SET_VELOCITY_LIMIT ACCEL=10000
G1 X-4.474 Y19.837 F30000
SET_VELOCITY_LIMIT ACCEL=7000
G1 F9000
G1 X-5.248 Y20.611 E.05156
G1 X-5.83 Y20.376 E.02953
G1 X33.313 Y-18.767 E2.60603
G1 X32.496 Y-18.767 E.03846
G1 X-6.571 Y20.3 E2.60101
G1 X-6.661 Y20.312 E.00428
G1 X-6.723 Y20.25 E.00411
G1 X-7.551 Y20.463 E.04023
G1 X31.679 Y-18.767 E2.61183
G1 X30.862 Y-18.767 E.03846
G1 X-8.24 Y20.335 E2.60332
G1 X-8.253 Y19.531 E.03785
G1 X30.045 Y-18.767 E2.54979
G1 X29.228 Y-18.767 E.03846
G1 X-8.304 Y18.765 E2.49878
G1 X-8.305 Y18.74 E.00118
G1 X-9.096 Y18.74 E.03721
G1 X28.411 Y-18.767 E2.49711
G1 X27.594 Y-18.767 E.03846
G1 X-9.913 Y18.74 E2.49711
G1 X-10.73 Y18.74 E.03846
G1 X26.777 Y-18.767 E2.49711
G1 X25.96 Y-18.767 E.03846
G1 X-11.547 Y18.74 E2.49711
G1 X-12.364 Y18.74 E.03846
G1 X25.143 Y-18.767 E2.49711
G1 X24.326 Y-18.767 E.03846
G1 X-13.181 Y18.74 E2.49711
G1 X-13.998 Y18.74 E.03846
G1 X23.509 Y-18.767 E2.49711
G1 X22.692 Y-18.767 E.03846
G1 X-14.815 Y18.74 E2.49711
G1 X-15.632 Y18.74 E.03846
G1 X21.875 Y-18.767 E2.49711
G1 X21.057 Y-18.767 E.03846
G1 X-16.449 Y18.74 E2.49711
G1 X-17.266 Y18.74 E.03846
G1 X20.24 Y-18.767 E2.49711
G1 X19.423 Y-18.767 E.03846
G1 X-18.083 Y18.74 E2.49711
G1 X-18.9 Y18.74 E.03846
G1 X18.606 Y-18.767 E2.49711
G1 X17.789 Y-18.767 E.03846
G1 X-19.717 Y18.74 E2.49711
G1 X-20.534 Y18.74 E.03846
G1 X16.972 Y-18.767 E2.49711
G1 X16.155 Y-18.767 E.03846
G1 X-21.351 Y18.74 E2.49711
G1 X-22.168 Y18.74 E.03846
G1 X15.338 Y-18.767 E2.49711
G1 X14.521 Y-18.767 E.03846
G1 X-22.985 Y18.74 E2.49711
G1 X-23.802 Y18.74 E.03846
G1 X13.704 Y-18.767 E2.49711
G1 X12.887 Y-18.767 E.03846
G1 X-24.619 Y18.74 E2.49711
G1 X-25.436 Y18.74 E.03846
G1 X12.07 Y-18.767 E2.49711
G1 X11.253 Y-18.767 E.03846
G1 X-26.254 Y18.74 E2.49711
G1 X-27.071 Y18.74 E.03846
G1 X10.436 Y-18.767 E2.49711
G1 X9.619 Y-18.767 E.03846
G1 X-27.888 Y18.74 E2.49711
G1 X-28.705 Y18.74 E.03846
G1 X8.802 Y-18.767 E2.49711
G1 X7.985 Y-18.767 E.03846
G1 X-29.522 Y18.74 E2.49711
G1 X-30.339 Y18.74 E.03846
G1 X7.168 Y-18.767 E2.49711
G1 X6.351 Y-18.767 E.03846
G1 X-31.156 Y18.74 E2.49711
G1 X-31.973 Y18.74 E.03846
G1 X5.534 Y-18.767 E2.49711
G1 X4.717 Y-18.767 E.03846
M73 P15 R20
G1 X-32.79 Y18.74 E2.49711
G1 X-33.607 Y18.74 E.03846
G1 X3.9 Y-18.767 E2.49711
G1 X3.083 Y-18.767 E.03846
G1 X-34.424 Y18.74 E2.49711
G1 X-35.241 Y18.74 E.03846
G1 X2.266 Y-18.767 E2.49711
G1 X1.449 Y-18.767 E.03846
G1 X-36.058 Y18.74 E2.49711
G1 X-36.875 Y18.74 E.03846
G1 X.632 Y-18.767 E2.49711
G1 X-.185 Y-18.767 E.03846
G1 X-37.692 Y18.74 E2.49711
G1 X-38.509 Y18.74 E.03846
G1 X-1.002 Y-18.767 E2.49711
G1 X-1.82 Y-18.767 E.03846
G1 X-39.586 Y19 E2.5144
SET_VELOCITY_LIMIT ACCEL=10000
G1 X-40.474 Y20.704 F30000
SET_VELOCITY_LIMIT ACCEL=7000
G1 F9000
G1 X-40.737 Y20.968 E.01752
G1 X-41.146 Y20.654 E.02425
G1 X-41.212 Y20.626 E.00341
G1 X-40.5 Y19.914 E.0474
SET_VELOCITY_LIMIT ACCEL=10000
G1 X-42.02 Y20.617 F30000
SET_VELOCITY_LIMIT ACCEL=7000
G1 F9000
G1 X-40.76 Y19.357 E.08386
G1 X-40.76 Y19.246 E.00523
G1 X-41.06 Y18.946 E.01995
G1 X-40.554 Y18.44 E.03368
G1 X-40.254 Y18.74 E.01995
G1 X-40.143 Y18.74 E.00523
G1 X-2.637 Y-18.767 E2.49711
G1 X-3.454 Y-18.767 E.03846
G1 X-42.522 Y20.301 E2.60107
G1 X-42.582 Y20.302 E.00287
G1 X-42.628 Y20.256 E.00304
G1 X-43.47 Y20.433 E.0405
G1 X-4.271 Y-18.767 E2.60982
G1 X-4.733 Y-18.767 E.02178
G1 X-4.733 Y-19.121 E.01668
G1 X-44.24 Y20.386 E2.63027
G1 X-44.24 Y19.569 E.03846
G1 X-4.733 Y-19.938 E2.63027
G1 X-4.733 Y-20.755 E.03846
G1 X-44.267 Y18.778 E2.63205
G1 X-45.055 Y18.75 E.03714
G1 X-5.941 Y-20.365 E2.60414
G1 X-6.5 Y-20.291 E.02655
G1 X-6.793 Y-20.33 E.01391
G1 X-45.862 Y18.74 E2.60117
G1 X-46.679 Y18.74 E.03846
G1 X-9.173 Y-18.767 E2.49711
G1 X-9.99 Y-18.767 E.03846
G1 X-47.496 Y18.74 E2.49711
G1 X-48.313 Y18.74 E.03846
G1 X-10.807 Y-18.767 E2.49711
G1 X-11.624 Y-18.767 E.03846
G1 X-49.131 Y18.74 E2.49711
G1 X-49.948 Y18.74 E.03846
G1 X-12.441 Y-18.767 E2.49711
G1 X-13.258 Y-18.767 E.03846
G1 X-50.765 Y18.74 E2.49711
G1 X-51.582 Y18.74 E.03846
G1 X-14.075 Y-18.767 E2.49711
G1 X-14.892 Y-18.767 E.03846
G1 X-52.399 Y18.74 E2.49711
G1 X-53.216 Y18.74 E.03846
G1 X-15.709 Y-18.767 E2.49711
G1 X-16.526 Y-18.767 E.03846
G1 X-54.033 Y18.74 E2.49711
G1 X-54.072 Y18.74 E.00187
G1 X-54.24 Y18.354 E.01982
G1 X-54.24 Y18.13 E.01052
G1 X-17.343 Y-18.767 E2.45651
G1 X-18.16 Y-18.767 E.03846
G1 X-54.24 Y17.313 E2.40211
G1 X-54.24 Y16.496 E.03846
G1 X-18.977 Y-18.767 E2.34772
G1 X-19.794 Y-18.767 E.03846
G1 X-54.24 Y15.679 E2.29332
G1 X-54.24 Y14.862 E.03846
G1 X-20.611 Y-18.767 E2.23892
G1 X-21.428 Y-18.767 E.03846
G1 X-54.24 Y14.045 E2.18453
G1 X-54.24 Y13.228 E.03846
G1 X-22.245 Y-18.767 E2.13013
G1 X-23.062 Y-18.767 E.03846
G1 X-54.24 Y12.411 E2.07573
G1 X-54.24 Y11.594 E.03846
G1 X-23.879 Y-18.767 E2.02134
G1 X-24.696 Y-18.767 E.03846
G1 X-54.24 Y10.777 E1.96694
G1 X-54.24 Y9.96 E.03846
G1 X-25.514 Y-18.767 E1.91254
G1 X-26.331 Y-18.767 E.03846
M73 P16 R20
G1 X-54.24 Y9.143 E1.85815
G1 X-54.24 Y8.326 E.03846
G1 X-27.148 Y-18.767 E1.80375
G1 X-27.965 Y-18.767 E.03846
G1 X-54.24 Y7.509 E1.74935
G1 X-54.24 Y6.692 E.03846
G1 X-28.782 Y-18.767 E1.69496
G1 X-29.599 Y-18.767 E.03846
G1 X-54.24 Y5.874 E1.64056
G1 X-54.24 Y5.057 E.03846
G1 X-30.416 Y-18.767 E1.58616
G1 X-31.233 Y-18.767 E.03846
G1 X-54.24 Y4.24 E1.53177
G1 X-54.24 Y3.423 E.03846
G1 X-32.05 Y-18.767 E1.47737
G1 X-32.867 Y-18.767 E.03846
G1 X-54.24 Y2.606 E1.42297
G1 X-54.24 Y1.789 E.03846
G1 X-33.684 Y-18.767 E1.36858
G1 X-34.501 Y-18.767 E.03846
G1 X-54.24 Y.972 E1.31418
G1 X-54.24 Y.155 E.03846
G1 X-35.318 Y-18.767 E1.25978
G1 X-36.135 Y-18.767 E.03846
G1 X-54.24 Y-.662 E1.20539
G1 X-54.24 Y-1.479 E.03846
G1 X-36.952 Y-18.767 E1.15099
G1 X-37.769 Y-18.767 E.03846
G1 X-54.24 Y-2.296 E1.09659
G1 X-54.24 Y-3.113 E.03846
G1 X-38.586 Y-18.767 E1.0422
G1 X-39.403 Y-18.767 E.03846
G1 X-54.24 Y-3.93 E.9878
G1 X-54.24 Y-4.747 E.03846
G1 X-40.22 Y-18.767 E.9334
G1 X-40.733 Y-18.767 E.02416
G1 X-40.733 Y-19.071 E.01431
G1 X-54.24 Y-5.564 E.89924
G1 X-54.24 Y-6.381 E.03846
G1 X-40.733 Y-19.888 E.89924
G1 X-40.733 Y-20.705 E.03846
G1 X-54.24 Y-7.198 E.89924
G1 X-54.24 Y-8.015 E.03846
G1 X-41.883 Y-20.372 E.82272
G1 X-42.5 Y-20.291 E.02931
G1 X-42.748 Y-20.324 E.01179
G1 X-54.24 Y-8.832 E.76509
G1 X-54.24 Y-9.649 E.03846
G1 X-45.122 Y-18.767 E.60703
G1 X-45.939 Y-18.767 E.03846
G1 X-54.24 Y-10.466 E.55263
G1 X-54.24 Y-11.283 E.03846
G1 X-46.756 Y-18.767 E.49823
G1 X-47.573 Y-18.767 E.03846
G1 X-54.24 Y-12.1 E.44384
G1 X-54.24 Y-12.917 E.03846
G1 X-48.391 Y-18.767 E.38944
G1 X-49.208 Y-18.767 E.03846
G1 X-54.24 Y-13.734 E.33504
G1 X-54.24 Y-14.551 E.03846
G1 X-50.025 Y-18.767 E.28065
G1 X-50.842 Y-18.767 E.03846
G1 X-54.24 Y-15.368 E.22625
G1 X-54.24 Y-16.185 E.03846
G1 X-51.659 Y-18.767 E.17185
G1 X-52.476 Y-18.767 E.03846
G1 X-54.24 Y-17.002 E.11746
G1 X-54.24 Y-17.603 E.02828
G1 X-54.267 Y-17.63 E.00178
G1 X-54.267 Y-17.793 E.00767
G1 X-53.033 Y-19.026 E.08213
SET_VELOCITY_LIMIT ACCEL=10000
G1 X-44.526 Y-19.363 F30000
SET_VELOCITY_LIMIT ACCEL=7000
G1 F9000
G1 X-43.218 Y-20.671 E.08712
SET_VELOCITY_LIMIT ACCEL=10000
G1 E-1.2 F2100
;WIPE_START
G1 F9000
G1 X-44.526 Y-19.363
;WIPE_END
G1 X-36.894 Y-19.373 Z.8 F30000
G1 X-8.526 Y-19.413 Z.8
G1 Z.4
G1 E1.2 F2100
SET_VELOCITY_LIMIT ACCEL=7000
G1 F9000
G1 X-7.253 Y-20.686 E.08475
SET_VELOCITY_LIMIT ACCEL=10000
G1 X54.047 Y18.438 F30000
SET_VELOCITY_LIMIT ACCEL=7000
;WIDTH:0.677346
G1 F9000
G1 X53.968 Y18.438 E.0041
G1 X53.928 Y18.507 E.0041
G1 X53.968 Y18.576 E.0041
G1 X54.047 Y18.576 E.0041
G1 X54.068 Y18.538 E.00224
;LAYER_CHANGE
;Z:0.6
;HEIGHT:0.2
;BEFORE_LAYER_CHANGE
;0.6
G1 E-1.2 F2100
;WIPE_START
G1 F9000
G1 X54.047 Y18.576
G1 X53.968 Y18.576
G1 X53.928 Y18.507
G1 X53.968 Y18.438
G1 X54.047 Y18.438
;WIPE_END
;AFTER_LAYER_CHANGE
;0.6
;_SET_FAN_SPEED_CHANGING_LAYER
SET_VELOCITY_LIMIT ACCEL=10000
G17
G3 Z1 I-.089 J-1.214 P1  F30000
G1 X-8.278 Y23 Z1
G1 Z.6
G1 E1.2 F2100
SET_VELOCITY_LIMIT ACCEL=5000
;TYPE:Outer wall
;WIDTH:0.62
G1 F7200
G1 X-8.217 Y22.54 E.02182
G1 X-8.04 Y22.111 E.02182
G1 X-7.757 Y21.743 E.02182
G1 X-7.389 Y21.46 E.02182
G1 X-6.96 Y21.283 E.02182
G1 X-6.604 Y21.236 E.01691
G1 X-6.5 Y21.222 E.00492
G1 X-6.04 Y21.283 E.02182
G1 X-5.611 Y21.46 E.02182
G1 X-5.243 Y21.743 E.02182
G1 X-4.96 Y22.111 E.02182
G1 X-4.783 Y22.54 E.02182
G1 X-4.722 Y23 E.02182
G1 X-4.783 Y23.46 E.02182
G1 X-4.96 Y23.889 E.02182
G1 X-5.243 Y24.257 E.02182
G1 X-5.611 Y24.54 E.02182
G1 X-6.04 Y24.717 E.02182
G1 X-6.5 Y24.778 E.02182
G1 X-6.96 Y24.717 E.02182
G1 X-7.389 Y24.54 E.02182
G1 X-7.757 Y24.257 E.02182
G1 X-8.04 Y23.889 E.02182
G1 X-8.217 Y23.46 E.02182
G1 X-8.273 Y23.036 E.02013
SET_VELOCITY_LIMIT ACCEL=10000
G1 E-1.2 F2100
;WIPE_START
G1 F7200
G1 X-8.217 Y22.54
G1 X-8.04 Y22.111
G1 X-7.757 Y21.743
G1 X-7.389 Y21.46
G1 X-7.288 Y21.419
;WIPE_END
G1 X-14.919 Y21.576 Z1 F30000
G1 X-40.96 Y22.111 Z1
G1 Z.6
G1 E1.2 F2100
SET_VELOCITY_LIMIT ACCEL=5000
G1 F7200
G1 X-40.783 Y22.54 E.02182
G1 X-40.722 Y23 E.02182
G1 X-40.783 Y23.46 E.02182
G1 X-40.96 Y23.889 E.02182
G1 X-41.243 Y24.257 E.02182
G1 X-41.611 Y24.54 E.02182
G1 X-42.04 Y24.717 E.02182
G1 X-42.5 Y24.778 E.02182
G1 X-42.96 Y24.717 E.02182
G1 X-43.389 Y24.54 E.02182
G1 X-43.757 Y24.257 E.02182
G1 X-44.04 Y23.889 E.02182
G1 X-44.217 Y23.46 E.02182
G1 X-44.278 Y23 E.02182
G1 X-44.217 Y22.54 E.02182
G1 X-44.04 Y22.111 E.02182
G1 X-43.757 Y21.743 E.02182
G1 X-43.389 Y21.46 E.02182
G1 X-42.96 Y21.283 E.02182
G1 X-42.604 Y21.236 E.01691
G1 X-42.5 Y21.222 E.00492
G1 X-42.04 Y21.283 E.02182
G1 X-41.611 Y21.46 E.02182
G1 X-41.243 Y21.743 E.02182
G1 X-40.982 Y22.083 E.02013
SET_VELOCITY_LIMIT ACCEL=10000
G1 E-1.2 F2100
;WIPE_START
G1 F7200
G1 X-40.783 Y22.54
G1 X-40.722 Y23
G1 X-40.783 Y23.46
G1 X-40.96 Y23.889
G1 X-41.027 Y23.975
;WIPE_END
G1 X-41.549 Y16.361 Z1 F30000
G1 X-44.217 Y-22.54 Z1
G1 Z.6
G1 E1.2 F2100
SET_VELOCITY_LIMIT ACCEL=5000
G1 F7200
G1 X-44.278 Y-23 E.02182
G1 X-44.217 Y-23.46 E.02182
G1 X-44.04 Y-23.889 E.02182
G1 X-43.757 Y-24.257 E.02182
G1 X-43.389 Y-24.54 E.02182
G1 X-42.96 Y-24.717 E.02182
G1 X-42.604 Y-24.764 E.01691
G1 X-42.5 Y-24.778 E.00492
G1 X-42.04 Y-24.717 E.02182
G1 X-41.611 Y-24.54 E.02182
G1 X-41.243 Y-24.257 E.02182
G1 X-40.96 Y-23.889 E.02182
G1 X-40.783 Y-23.46 E.02182
G1 X-40.722 Y-23 E.02182
G1 X-40.783 Y-22.54 E.02182
G1 X-40.96 Y-22.111 E.02182
G1 X-41.243 Y-21.743 E.02182
G1 X-41.611 Y-21.46 E.02182
G1 X-42.04 Y-21.283 E.02182
G1 X-42.5 Y-21.222 E.02182
G1 X-42.96 Y-21.283 E.02182
G1 X-43.389 Y-21.46 E.02182
G1 X-43.757 Y-21.743 E.02182
G1 X-44.04 Y-22.111 E.02182
G1 X-44.203 Y-22.507 E.02013
SET_VELOCITY_LIMIT ACCEL=10000
G1 E-1.2 F2100
;WIPE_START
G1 F7200
G1 X-44.278 Y-23
G1 X-44.217 Y-23.46
G1 X-44.04 Y-23.889
G1 X-43.757 Y-24.257
G1 X-43.671 Y-24.323
;WIPE_END
G1 X-36.061 Y-23.737 Z1 F30000
G1 X-8.378 Y-21.604 Z1
G1 Z.6
G1 E1.2 F2100
SET_VELOCITY_LIMIT ACCEL=5000
;TYPE:Inner wall
G1 F9000
G1 X-8.169 Y-21.331 E.01617
G1 X-7.68 Y-20.956 E.02897
G1 X-7.111 Y-20.721 E.02897
G1 X-6.5 Y-20.64 E.02897
G1 X-5.889 Y-20.721 E.02897
G1 X-5.32 Y-20.956 E.02897
G1 X-4.831 Y-21.331 E.02897
G1 X-4.622 Y-21.604 E.01617
G1 X-4.387 Y-21.525 E.01167
G1 X-4.387 Y-19.113 E.11341
G1 X54.613 Y-19.113 E2.77446
G1 X54.613 Y19.113 E1.79756
G1 X-4.387 Y19.113 E2.77446
G1 X-4.387 Y21.525 E.11341
G1 X-4.622 Y21.604 E.01167
G1 X-4.831 Y21.331 E.01617
G1 X-5.32 Y20.956 E.02897
G1 X-5.889 Y20.721 E.02897
G1 X-6.5 Y20.64 E.02897
G1 X-7.111 Y20.721 E.02897
G1 X-7.68 Y20.956 E.02897
G1 X-8.169 Y21.331 E.02897
G1 X-8.378 Y21.604 E.01617
G1 X-8.613 Y21.525 E.01167
G1 X-8.613 Y19.113 E.11341
G1 X-40.387 Y19.113 E1.49417
G1 X-40.387 Y21.525 E.11341
G1 X-40.622 Y21.604 E.01167
G1 X-40.831 Y21.331 E.01617
G1 X-41.32 Y20.956 E.02897
G1 X-41.889 Y20.721 E.02897
G1 X-42.5 Y20.64 E.02897
G1 X-43.111 Y20.721 E.02897
G1 X-43.68 Y20.956 E.02897
G1 X-44.169 Y21.331 E.02897
G1 X-44.378 Y21.604 E.01617
G1 X-44.613 Y21.525 E.01167
G1 X-44.613 Y19.113 E.11341
G1 X-54.613 Y19.113 E.47025
G1 X-54.613 Y-19.113 E1.79756
G1 X-44.613 Y-19.113 E.47025
G1 X-44.613 Y-21.525 E.11341
G1 X-44.378 Y-21.604 E.01167
G1 X-44.169 Y-21.331 E.01617
G1 X-43.68 Y-20.956 E.02897
G1 X-43.111 Y-20.721 E.02897
G1 X-42.5 Y-20.64 E.02897
G1 X-41.889 Y-20.721 E.02897
G1 X-41.32 Y-20.956 E.02897
G1 X-40.831 Y-21.331 E.02897
G1 X-40.622 Y-21.604 E.01617
G1 X-40.387 Y-21.525 E.01167
G1 X-40.387 Y-19.113 E.11341
G1 X-8.613 Y-19.113 E1.49417
G1 X-8.613 Y-21.525 E.11341
G1 X-8.412 Y-21.593 E.00997
SET_VELOCITY_LIMIT ACCEL=10000
G1 E-1.2 F2100
;WIPE_START
G1 F9000
G1 X-8.169 Y-21.331
G1 X-7.68 Y-20.956
G1 X-7.111 Y-20.721
G1 X-6.703 Y-20.667
;WIPE_END
G1 X-7.757 Y-24.257 Z1 F30000
G1 Z.6
G1 E1.2 F2100
SET_VELOCITY_LIMIT ACCEL=5000
;TYPE:Outer wall
G1 F7200
G1 X-7.389 Y-24.54 E.02182
G1 X-6.96 Y-24.717 E.02182
G1 X-6.604 Y-24.764 E.01691
G1 X-6.5 Y-24.778 E.00492
G1 X-6.04 Y-24.717 E.02182
G1 X-5.611 Y-24.54 E.02182
G1 X-5.243 Y-24.257 E.02182
G1 X-4.96 Y-23.889 E.02182
G1 X-4.783 Y-23.46 E.02182
G1 X-4.722 Y-23 E.02182
G1 X-4.783 Y-22.54 E.02182
G1 X-4.96 Y-22.111 E.02182
G1 X-5.243 Y-21.743 E.02182
G1 X-5.611 Y-21.46 E.02182
G1 X-6.04 Y-21.283 E.02182
G1 X-6.5 Y-21.222 E.02182
G1 X-6.96 Y-21.283 E.02182
G1 X-7.389 Y-21.46 E.02182
G1 X-7.757 Y-21.743 E.02182
G1 X-8.04 Y-22.111 E.02182
G1 X-8.217 Y-22.54 E.02182
G1 X-8.278 Y-23 E.02182
G1 X-8.217 Y-23.46 E.02182
G1 X-8.04 Y-23.889 E.02182
G1 X-7.779 Y-24.228 E.02013
SET_VELOCITY_LIMIT ACCEL=10000
G1 E-1.2 F2100
;WIPE_START
G1 F7200
G1 X-7.389 Y-24.54
G1 X-6.96 Y-24.717
G1 X-6.604 Y-24.764
G1 X-6.5 Y-24.778
G1 X-6.04 Y-24.717
G1 X-5.939 Y-24.675
;WIPE_END
G1 X-6.497 Y-17.063 Z1 F30000
G1 X-9.19 Y19.69 Z1
G1 Z.6
G1 E1.2 F2100
SET_VELOCITY_LIMIT ACCEL=5000
G1 F7200
G1 X-39.81 Y19.69 E1.4399
G1 X-39.81 Y22.983 E.15483
G1 X-39.879 Y23.598 E.02913
G1 X-40.078 Y24.166 E.02831
G1 X-40.398 Y24.676 E.02831
G1 X-40.824 Y25.102 E.02831
G1 X-41.334 Y25.422 E.02831
G1 X-41.902 Y25.621 E.02831
G1 X-42.5 Y25.688 E.02831
G1 X-43.098 Y25.621 E.02831
G1 X-43.666 Y25.422 E.02831
G1 X-44.176 Y25.102 E.02831
G1 X-44.602 Y24.676 E.02831
G1 X-44.922 Y24.166 E.02831
G1 X-45.121 Y23.598 E.02831
G1 X-45.19 Y22.983 E.02913
G1 X-45.19 Y19.69 E.15483
G1 X-55.19 Y19.69 E.47025
G1 X-55.19 Y-19.69 E1.85183
G1 X-45.19 Y-19.69 E.47025
G1 X-45.19 Y-22.983 E.15483
G1 X-45.121 Y-23.598 E.02913
G1 X-44.922 Y-24.166 E.02831
G1 X-44.602 Y-24.676 E.02831
G1 X-44.176 Y-25.102 E.02831
G1 X-43.666 Y-25.422 E.02831
G1 X-43.098 Y-25.621 E.02831
G1 X-42.5 Y-25.688 E.02831
G1 X-41.902 Y-25.621 E.02831
G1 X-41.334 Y-25.422 E.02831
G1 X-40.824 Y-25.102 E.02831
G1 X-40.398 Y-24.676 E.02831
G1 X-40.078 Y-24.166 E.02831
G1 X-39.879 Y-23.598 E.02831
G1 X-39.81 Y-22.983 E.02913
G1 X-39.81 Y-19.69 E.15483
G1 X-9.19 Y-19.69 E1.4399
G1 X-9.19 Y-22.983 E.15483
G1 X-9.121 Y-23.598 E.02913
G1 X-8.922 Y-24.166 E.02831
G1 X-8.602 Y-24.676 E.02831
G1 X-8.176 Y-25.102 E.02831
G1 X-7.666 Y-25.422 E.02831
G1 X-7.098 Y-25.621 E.02831
G1 X-6.5 Y-25.688 E.02831
G1 X-5.902 Y-25.621 E.02831
G1 X-5.334 Y-25.422 E.02831
G1 X-4.824 Y-25.102 E.02831
G1 X-4.398 Y-24.676 E.02831
G1 X-4.078 Y-24.166 E.02831
G1 X-3.879 Y-23.598 E.02831
G1 X-3.81 Y-22.983 E.02913
G1 X-3.81 Y-19.69 E.15483
G1 X55.19 Y-19.69 E2.77446
G1 X55.19 Y19.69 E1.85183
M73 P17 R20
G1 X-3.81 Y19.69 E2.77446
G1 X-3.81 Y22.983 E.15483
G1 X-3.879 Y23.598 E.02913
G1 X-4.078 Y24.166 E.02831
G1 X-4.398 Y24.676 E.02831
G1 X-4.824 Y25.102 E.02831
G1 X-5.334 Y25.422 E.02831
G1 X-5.902 Y25.621 E.02831
G1 X-6.5 Y25.688 E.02831
G1 X-7.098 Y25.621 E.02831
G1 X-7.666 Y25.422 E.02831
G1 X-8.176 Y25.102 E.02831
G1 X-8.602 Y24.676 E.02831
G1 X-8.922 Y24.166 E.02831
G1 X-9.121 Y23.598 E.02831
G1 X-9.19 Y22.983 E.02913
G1 X-9.19 Y19.726 E.15314
SET_VELOCITY_LIMIT ACCEL=10000
G1 E-1.2 F2100
;WIPE_START
G1 F7200
G1 X-11.19 Y19.724
;WIPE_END
G1 X-8.046 Y20.532 Z1 F30000
G1 Z.6
G1 E1.2 F2100
SET_VELOCITY_LIMIT ACCEL=7000
;TYPE:Internal solid infill
;WIDTH:0.55292
G1 F9000
G1 X-8.11 Y20.532 E.00265
G1 X-8.142 Y20.587 E.00265
G1 X-8.11 Y20.642 E.00265
G1 X-8.046 Y20.642 E.00265
G1 X-8.032 Y20.618 E.00115
SET_VELOCITY_LIMIT ACCEL=10000
G1 X-8.618 Y21.827 F30000
;TYPE:Gap infill
;WIDTH:0.455012
G1 F9000
G1 X-8.699 Y22.438 E.02069
;WIDTH:0.430898
G1 X-8.716 Y22.698 E.00822
;WIDTH:0.380939
G1 X-8.731 Y23.021 E.00893
G1 X-8.658 Y23.557 E.01488
;WIDTH:0.372842
G1 X-8.505 Y23.966 E.01174
G1 X-8.417 Y24.131 E.00503
G1 X-8.239 Y24.387 E.00839
G1 X-8.059 Y24.588 E.00726
G1 X-7.887 Y24.739 E.00615
G1 X-7.631 Y24.917 E.00839
G1 X-7.466 Y25.005 E.00503
G1 X-6.996 Y25.173 E.01341
G1 X-6.5 Y25.233 E.01343
G1 X-6.004 Y25.173 E.01343
G1 X-5.534 Y25.005 E.01341
G1 X-5.369 Y24.917 E.00503
G1 X-5.113 Y24.739 E.00839
G1 X-4.912 Y24.559 E.00726
G1 X-4.761 Y24.387 E.00615
G1 X-4.583 Y24.131 E.00839
G1 X-4.495 Y23.966 E.00503
G1 X-4.354 Y23.597 E.01062
G1 X-4.327 Y23.496 E.0028
G1 X-4.267 Y22.957 E.01458
;WIDTH:0.396894
G1 X-4.284 Y22.698 E.0075
;WIDTH:0.437808
G1 X-4.301 Y22.438 E.00836
G1 X-4.382 Y21.827 E.01982
G1 E-1.2 F2100
;WIPE_START
G1 F9000
G1 X-4.301 Y22.438
G1 X-4.284 Y22.698
;WIPE_END
G1 X-11.916 Y22.753 Z1 F30000
G1 X-40.267 Y22.957 Z1
G1 Z.6
G1 E1.2 F2100
;WIDTH:0.396894
G1 F9000
G1 X-40.284 Y22.698 E.0075
;WIDTH:0.437808
G1 X-40.301 Y22.438 E.00836
G1 X-40.382 Y21.827 E.01982
G1 X-40.267 Y22.957 F30000
;WIDTH:0.372842
G1 F9000
G1 X-40.327 Y23.496 E.01458
G1 X-40.354 Y23.597 E.0028
G1 X-40.495 Y23.966 E.01062
G1 X-40.583 Y24.131 E.00503
G1 X-40.761 Y24.387 E.00839
G1 X-40.941 Y24.588 E.00726
G1 X-41.113 Y24.739 E.00615
G1 X-41.369 Y24.917 E.00839
G1 X-41.534 Y25.005 E.00503
G1 X-42.004 Y25.173 E.01341
G1 X-42.5 Y25.233 E.01343
G1 X-42.996 Y25.173 E.01343
G1 X-43.466 Y25.005 E.01341
G1 X-43.631 Y24.917 E.00503
G1 X-43.887 Y24.739 E.00839
G1 X-44.059 Y24.588 E.00615
G1 X-44.239 Y24.387 E.00726
G1 X-44.417 Y24.131 E.00839
G1 X-44.505 Y23.966 E.00503
G1 X-44.658 Y23.557 E.01174
;WIDTH:0.380939
G1 X-44.731 Y23.021 E.01488
G1 X-44.716 Y22.698 E.00893
;WIDTH:0.4309
G1 X-44.699 Y22.438 E.00822
;WIDTH:0.455011
G1 X-44.618 Y21.827 E.02069
G1 X-44.024 Y20.488 F30000
SET_VELOCITY_LIMIT ACCEL=7000
;TYPE:Internal solid infill
;WIDTH:0.577148
G1 F9000
G1 X-44.091 Y20.488 E.00291
G1 X-44.124 Y20.546 E.00291
G1 X-44.091 Y20.603 E.00291
G1 X-44.024 Y20.603 E.00291
G1 X-44.008 Y20.577 E.00134
SET_VELOCITY_LIMIT ACCEL=10000
G1 E-1.2 F2100
;WIPE_START
G1 F9000
G1 X-44.024 Y20.603
G1 X-44.091 Y20.603
G1 X-44.124 Y20.546
G1 X-44.091 Y20.488
G1 X-44.024 Y20.488
;WIPE_END
G1 X-51.518 Y19.039 Z1 F30000
G1 X-54.069 Y18.546 Z1
G1 Z.6
G1 E1.2 F2100
SET_VELOCITY_LIMIT ACCEL=7000
;WIDTH:0.55292
G1 F9000
G1 X-54.133 Y18.546 E.00265
G1 X-54.165 Y18.601 E.00265
G1 X-54.133 Y18.656 E.00265
G1 X-54.069 Y18.656 E.00265
G1 X-54.055 Y18.632 E.00115
SET_VELOCITY_LIMIT ACCEL=10000
G1 X-44.156 Y-20.866 F30000
SET_VELOCITY_LIMIT ACCEL=7000
G1 F9000
G1 X-44.22 Y-20.866 E.00265
G1 X-44.252 Y-20.811 E.00265
G1 X-44.22 Y-20.756 E.00265
G1 X-44.156 Y-20.756 E.00265
G1 X-44.143 Y-20.78 E.00115
SET_VELOCITY_LIMIT ACCEL=10000
G1 X-44.583 Y-21.839 F30000
;TYPE:Gap infill
;WIDTH:0.536969
G1 F9000
G1 X-44.62 Y-22.021 E.00746
;WIDTH:0.518257
G1 X-44.656 Y-22.203 E.00718
;WIDTH:0.480833
G1 X-44.692 Y-22.384 E.00661
;WIDTH:0.435062
G1 X-44.716 Y-22.698 E.01004
;WIDTH:0.396896
G1 X-44.733 Y-22.957 E.0075
;WIDTH:0.372842
G1 X-44.673 Y-23.496 E.01458
G1 X-44.646 Y-23.597 E.0028
G1 X-44.505 Y-23.966 E.01062
G1 X-44.417 Y-24.131 E.00503
G1 X-44.239 Y-24.387 E.00839
G1 X-44.088 Y-24.559 E.00615
G1 X-43.887 Y-24.739 E.00726
G1 X-43.631 Y-24.917 E.00839
G1 X-43.466 Y-25.005 E.00503
G1 X-42.996 Y-25.173 E.01341
G1 X-42.5 Y-25.233 E.01343
G1 X-42.004 Y-25.173 E.01343
G1 X-41.534 Y-25.005 E.01341
G1 X-41.369 Y-24.917 E.00503
G1 X-41.113 Y-24.739 E.00839
G1 X-40.912 Y-24.559 E.00726
G1 X-40.761 Y-24.387 E.00615
G1 X-40.583 Y-24.131 E.00839
G1 X-40.495 Y-23.966 E.00503
G1 X-40.342 Y-23.557 E.01175
;WIDTH:0.380939
G1 X-40.269 Y-23.021 E.01488
G1 X-40.284 Y-22.698 E.00893
;WIDTH:0.430898
G1 X-40.301 Y-22.438 E.00822
;WIDTH:0.45501
G1 X-40.382 Y-21.827 E.02069
G1 E-1.2 F2100
;WIPE_START
G1 F9000
G1 X-40.301 Y-22.438
;WIPE_END
G1 X-32.67 Y-22.564 Z1 F30000
G1 X-8.733 Y-22.957 Z1
G1 Z.6
G1 E1.2 F2100
;WIDTH:0.396896
G1 F9000
G1 X-8.716 Y-22.698 E.0075
;WIDTH:0.437809
G1 X-8.699 Y-22.438 E.00836
G1 X-8.618 Y-21.827 E.01982
G1 X-8.157 Y-20.868 F30000
SET_VELOCITY_LIMIT ACCEL=7000
;TYPE:Internal solid infill
;WIDTH:0.55292
G1 F9000
G1 X-8.221 Y-20.868 E.00265
G1 X-8.253 Y-20.813 E.00265
G1 X-8.221 Y-20.758 E.00265
G1 X-8.157 Y-20.758 E.00265
G1 X-8.143 Y-20.782 E.00115
SET_VELOCITY_LIMIT ACCEL=10000
G1 X-8.733 Y-22.957 F30000
;TYPE:Gap infill
;WIDTH:0.372842
G1 F9000
G1 X-8.673 Y-23.496 E.01458
G1 X-8.646 Y-23.597 E.0028
G1 X-8.505 Y-23.966 E.01062
G1 X-8.417 Y-24.131 E.00503
G1 X-8.239 Y-24.387 E.00839
G1 X-8.059 Y-24.588 E.00726
G1 X-7.887 Y-24.739 E.00615
G1 X-7.631 Y-24.917 E.00839
G1 X-7.466 Y-25.005 E.00503
G1 X-6.996 Y-25.173 E.01341
G1 X-6.5 Y-25.233 E.01343
G1 X-6.004 Y-25.173 E.01343
G1 X-5.534 Y-25.005 E.01341
G1 X-5.369 Y-24.917 E.00503
G1 X-5.113 Y-24.739 E.00839
G1 X-4.912 Y-24.559 E.00726
G1 X-4.761 Y-24.387 E.00615
G1 X-4.583 Y-24.131 E.00839
G1 X-4.495 Y-23.966 E.00503
G1 X-4.342 Y-23.557 E.01174
;WIDTH:0.38094
G1 X-4.269 Y-23.021 E.01488
G1 X-4.284 Y-22.698 E.00893
;WIDTH:0.430896
G1 X-4.301 Y-22.438 E.00822
;WIDTH:0.455009
G1 X-4.382 Y-21.827 E.02069
G1 X-4.792 Y-20.842 F30000
SET_VELOCITY_LIMIT ACCEL=7000
;TYPE:Internal solid infill
;WIDTH:0.55292
G1 F9000
G1 X-4.856 Y-20.842 E.00265
G1 X-4.887 Y-20.787 E.00265
G1 X-4.856 Y-20.732 E.00265
G1 X-4.792 Y-20.732 E.00265
G1 X-4.778 Y-20.756 E.00115
SET_VELOCITY_LIMIT ACCEL=10000
G1 E-1.2 F2100
;WIPE_START
G1 F9000
G1 X-4.792 Y-20.732
G1 X-4.856 Y-20.732
G1 X-4.887 Y-20.787
G1 X-4.856 Y-20.842
G1 X-4.792 Y-20.842
;WIPE_END
G1 X2.837 Y-20.601 Z1 F30000
G1 X52.712 Y-19.026 Z1
G1 Z.6
G1 E1.2 F2100
SET_VELOCITY_LIMIT ACCEL=7000
;WIDTH:0.620651
G1 F9000
G1 X54.267 Y-17.472 E.10348
G1 X54.267 Y-16.655 E.03846
G1 X52.155 Y-18.767 E.14059
G1 X51.338 Y-18.767 E.03846
G1 X54.267 Y-15.838 E.19498
G1 X54.267 Y-15.021 E.03846
G1 X50.521 Y-18.767 E.24938
G1 X49.704 Y-18.767 E.03846
G1 X54.267 Y-14.204 E.30378
G1 X54.267 Y-13.387 E.03846
G1 X48.887 Y-18.767 E.35817
G1 X48.07 Y-18.767 E.03846
G1 X54.267 Y-12.57 E.41257
G1 X54.267 Y-11.753 E.03846
G1 X47.253 Y-18.767 E.46697
G1 X46.436 Y-18.767 E.03846
G1 X54.267 Y-10.936 E.52136
G1 X54.267 Y-10.119 E.03846
G1 X45.619 Y-18.767 E.57576
G1 X44.802 Y-18.767 E.03846
G1 X54.267 Y-9.302 E.63016
G1 X54.267 Y-8.485 E.03846
G1 X43.985 Y-18.767 E.68455
G1 X43.168 Y-18.767 E.03846
G1 X54.267 Y-7.668 E.73895
G1 X54.267 Y-6.851 E.03846
G1 X42.351 Y-18.767 E.79335
G1 X41.534 Y-18.767 E.03846
G1 X54.267 Y-6.034 E.84774
G1 X54.267 Y-5.217 E.03846
G1 X40.717 Y-18.767 E.90214
G1 X39.9 Y-18.767 E.03846
G1 X54.267 Y-4.4 E.95654
G1 X54.267 Y-3.582 E.03846
M73 P17 R19
G1 X39.082 Y-18.767 E1.01093
G1 X38.265 Y-18.767 E.03846
G1 X54.267 Y-2.765 E1.06533
G1 X54.267 Y-1.948 E.03846
G1 X37.448 Y-18.767 E1.11973
G1 X36.631 Y-18.767 E.03846
G1 X54.267 Y-1.131 E1.17412
G1 X54.267 Y-.314 E.03846
G1 X35.814 Y-18.767 E1.22852
G1 X34.997 Y-18.767 E.03846
G1 X54.267 Y.503 E1.28292
G1 X54.267 Y1.32 E.03846
G1 X34.18 Y-18.767 E1.33731
G1 X33.363 Y-18.767 E.03846
G1 X54.267 Y2.137 E1.39171
G1 X54.267 Y2.954 E.03846
G1 X32.546 Y-18.767 E1.4461
G1 X31.729 Y-18.767 E.03846
G1 X54.267 Y3.771 E1.5005
G1 X54.267 Y4.588 E.03846
G1 X30.912 Y-18.767 E1.5549
G1 X30.095 Y-18.767 E.03846
G1 X54.267 Y5.405 E1.60929
G1 X54.267 Y6.222 E.03846
G1 X29.278 Y-18.767 E1.66369
G1 X28.461 Y-18.767 E.03846
G1 X54.267 Y7.039 E1.71809
G1 X54.267 Y7.856 E.03846
G1 X27.644 Y-18.767 E1.77248
G1 X26.827 Y-18.767 E.03846
G1 X54.267 Y8.673 E1.82688
G1 X54.267 Y9.49 E.03846
G1 X26.01 Y-18.767 E1.88128
G1 X25.193 Y-18.767 E.03846
G1 X54.267 Y10.307 E1.93567
G1 X54.267 Y11.124 E.03846
G1 X24.376 Y-18.767 E1.99007
G1 X23.559 Y-18.767 E.03846
G1 X54.267 Y11.941 E2.04447
G1 X54.267 Y12.758 E.03846
G1 X22.742 Y-18.767 E2.09886
G1 X21.925 Y-18.767 E.03846
G1 X54.267 Y13.575 E2.15326
G1 X54.267 Y14.392 E.03846
G1 X21.108 Y-18.767 E2.20766
G1 X20.291 Y-18.767 E.03846
G1 X54.267 Y15.209 E2.26205
G1 X54.267 Y16.026 E.03846
G1 X19.474 Y-18.767 E2.31645
G1 X18.657 Y-18.767 E.03846
G1 X54.267 Y16.843 E2.37085
G1 X54.267 Y17.66 E.03846
G1 X17.84 Y-18.767 E2.42524
G1 X17.023 Y-18.767 E.03846
G1 X54.267 Y18.477 E2.47964
G1 X54.267 Y18.767 E.01362
G1 X53.739 Y18.767 E.02485
G1 X16.206 Y-18.767 E2.4989
G1 X15.388 Y-18.767 E.03846
G1 X52.922 Y18.767 E2.4989
G1 X52.105 Y18.767 E.03846
M73 P18 R19
G1 X14.571 Y-18.767 E2.4989
G1 X13.754 Y-18.767 E.03846
G1 X51.288 Y18.767 E2.4989
G1 X50.471 Y18.767 E.03846
G1 X12.937 Y-18.767 E2.4989
G1 X12.12 Y-18.767 E.03846
G1 X49.654 Y18.767 E2.4989
G1 X48.837 Y18.767 E.03846
G1 X11.303 Y-18.767 E2.4989
G1 X10.486 Y-18.767 E.03846
G1 X48.02 Y18.767 E2.4989
G1 X47.203 Y18.767 E.03846
G1 X9.669 Y-18.767 E2.4989
G1 X8.852 Y-18.767 E.03846
G1 X46.386 Y18.767 E2.4989
G1 X45.569 Y18.767 E.03846
G1 X8.035 Y-18.767 E2.4989
G1 X7.218 Y-18.767 E.03846
G1 X44.751 Y18.767 E2.4989
G1 X43.934 Y18.767 E.03846
G1 X6.401 Y-18.767 E2.4989
G1 X5.584 Y-18.767 E.03846
G1 X43.117 Y18.767 E2.4989
G1 X42.3 Y18.767 E.03846
G1 X4.767 Y-18.767 E2.4989
G1 X3.95 Y-18.767 E.03846
G1 X41.483 Y18.767 E2.4989
G1 X40.666 Y18.767 E.03846
G1 X3.133 Y-18.767 E2.4989
G1 X2.316 Y-18.767 E.03846
G1 X39.849 Y18.767 E2.4989
G1 X39.032 Y18.767 E.03846
G1 X1.499 Y-18.767 E2.4989
G1 X.682 Y-18.767 E.03846
G1 X38.215 Y18.767 E2.4989
G1 X37.398 Y18.767 E.03846
G1 X-.135 Y-18.767 E2.4989
G1 X-.952 Y-18.767 E.03846
G1 X36.581 Y18.767 E2.4989
G1 X35.764 Y18.767 E.03846
G1 X-1.769 Y-18.767 E2.4989
G1 X-2.586 Y-18.767 E.03846
G1 X34.947 Y18.767 E2.4989
G1 X34.13 Y18.767 E.03846
G1 X-3.663 Y-19.026 E2.51619
SET_VELOCITY_LIMIT ACCEL=10000
G1 X-4.474 Y-19.837 F30000
SET_VELOCITY_LIMIT ACCEL=7000
G1 F9000
G1 X-5.248 Y-20.611 E.05156
G1 X-5.833 Y-20.379 E.02961
G1 X33.313 Y18.767 E2.60623
G1 X32.496 Y18.767 E.03846
G1 X-6.568 Y-20.297 E2.6008
G1 X-6.811 Y-20.273 E.01149
G1 X-7.551 Y-20.463 E.03596
G1 X31.679 Y18.767 E2.61183
G1 X30.862 Y18.767 E.03846
G1 X-8.24 Y-20.335 E2.60332
G1 X-8.253 Y-19.531 E.03785
G1 X30.045 Y18.767 E2.54979
G1 X29.228 Y18.767 E.03846
G1 X-8.304 Y-18.765 E2.49878
G1 X-8.305 Y-18.74 E.00118
G1 X-9.096 Y-18.74 E.03721
G1 X28.411 Y18.767 E2.49711
G1 X27.594 Y18.767 E.03846
G1 X-9.913 Y-18.74 E2.49711
G1 X-10.73 Y-18.74 E.03846
G1 X26.777 Y18.767 E2.49711
G1 X25.96 Y18.767 E.03846
G1 X-11.547 Y-18.74 E2.49711
G1 X-12.364 Y-18.74 E.03846
G1 X25.143 Y18.767 E2.49711
G1 X24.326 Y18.767 E.03846
G1 X-13.181 Y-18.74 E2.49711
G1 X-13.998 Y-18.74 E.03846
G1 X23.509 Y18.767 E2.49711
G1 X22.692 Y18.767 E.03846
G1 X-14.815 Y-18.74 E2.49711
G1 X-15.632 Y-18.74 E.03846
M73 P19 R19
G1 X21.875 Y18.767 E2.49711
G1 X21.057 Y18.767 E.03846
G1 X-16.449 Y-18.74 E2.49711
G1 X-17.266 Y-18.74 E.03846
G1 X20.24 Y18.767 E2.49711
G1 X19.423 Y18.767 E.03846
G1 X-18.083 Y-18.74 E2.49711
G1 X-18.9 Y-18.74 E.03846
G1 X18.606 Y18.767 E2.49711
G1 X17.789 Y18.767 E.03846
G1 X-19.717 Y-18.74 E2.49711
G1 X-20.534 Y-18.74 E.03846
G1 X16.972 Y18.767 E2.49711
G1 X16.155 Y18.767 E.03846
G1 X-21.351 Y-18.74 E2.49711
G1 X-22.168 Y-18.74 E.03846
G1 X15.338 Y18.767 E2.49711
G1 X14.521 Y18.767 E.03846
G1 X-22.985 Y-18.74 E2.49711
G1 X-23.802 Y-18.74 E.03846
G1 X13.704 Y18.767 E2.49711
G1 X12.887 Y18.767 E.03846
G1 X-24.619 Y-18.74 E2.49711
G1 X-25.436 Y-18.74 E.03846
G1 X12.07 Y18.767 E2.49711
G1 X11.253 Y18.767 E.03846
G1 X-26.254 Y-18.74 E2.49711
G1 X-27.071 Y-18.74 E.03846
G1 X10.436 Y18.767 E2.49711
G1 X9.619 Y18.767 E.03846
G1 X-27.888 Y-18.74 E2.49711
G1 X-28.705 Y-18.74 E.03846
G1 X8.802 Y18.767 E2.49711
G1 X7.985 Y18.767 E.03846
G1 X-29.522 Y-18.74 E2.49711
G1 X-30.339 Y-18.74 E.03846
G1 X7.168 Y18.767 E2.49711
G1 X6.351 Y18.767 E.03846
G1 X-31.156 Y-18.74 E2.49711
G1 X-31.973 Y-18.74 E.03846
G1 X5.534 Y18.767 E2.49711
G1 X4.717 Y18.767 E.03846
G1 X-32.79 Y-18.74 E2.49711
G1 X-33.607 Y-18.74 E.03846
G1 X3.9 Y18.767 E2.49711
G1 X3.083 Y18.767 E.03846
G1 X-34.424 Y-18.74 E2.49711
G1 X-35.241 Y-18.74 E.03846
G1 X2.266 Y18.767 E2.49711
G1 X1.449 Y18.767 E.03846
G1 X-36.058 Y-18.74 E2.49711
G1 X-36.875 Y-18.74 E.03846
G1 X.632 Y18.767 E2.49711
G1 X-.185 Y18.767 E.03846
G1 X-37.692 Y-18.74 E2.49711
G1 X-38.509 Y-18.74 E.03846
G1 X-1.002 Y18.767 E2.49711
G1 X-1.82 Y18.767 E.03846
G1 X-39.586 Y-19 E2.5144
SET_VELOCITY_LIMIT ACCEL=10000
G1 X-40.922 Y-21.153 F30000
SET_VELOCITY_LIMIT ACCEL=7000
G1 F9000
G1 X-40.733 Y-20.964 E.01256
G1 X-40.733 Y-20.147 E.03846
G1 X-41.212 Y-20.626 E.0319
G1 X-41.79 Y-20.387 E.02944
G1 X-40.76 Y-19.357 E.06858
G1 X-40.76 Y-19.246 E.00523
G1 X-41.06 Y-18.946 E.01995
G1 X-40.554 Y-18.44 E.03368
G1 X-40.254 Y-18.74 E.01995
G1 X-40.143 Y-18.74 E.00523
G1 X-2.637 Y18.767 E2.49711
G1 X-3.454 Y18.767 E.03846
G1 X-42.51 Y-20.289 E2.60027
G1 X-42.701 Y-20.262 E.00908
G1 X-43.467 Y-20.429 E.03691
G1 X-4.271 Y18.767 E2.60959
G1 X-4.733 Y18.767 E.02178
G1 X-4.733 Y19.121 E.01668
G1 X-44.24 Y-20.386 E2.63027
G1 X-44.24 Y-19.569 E.03846
G1 X-4.733 Y19.938 E2.63027
G1 X-4.733 Y20.755 E.03846
G1 X-44.267 Y-18.778 E2.63205
G1 X-45.055 Y-18.75 E.03713
M73 P20 R19
G1 X-5.941 Y20.365 E2.60414
G1 X-6.5 Y20.291 E.02655
G1 X-6.793 Y20.33 E.01391
G1 X-45.862 Y-18.74 E2.60117
G1 X-46.679 Y-18.74 E.03846
G1 X-9.173 Y18.767 E2.49711
G1 X-9.99 Y18.767 E.03846
G1 X-47.496 Y-18.74 E2.49711
G1 X-48.313 Y-18.74 E.03846
G1 X-10.807 Y18.767 E2.49711
G1 X-11.624 Y18.767 E.03846
G1 X-49.13 Y-18.74 E2.49711
G1 X-49.948 Y-18.74 E.03846
G1 X-12.441 Y18.767 E2.49711
G1 X-13.258 Y18.767 E.03846
G1 X-50.765 Y-18.74 E2.49711
G1 X-51.582 Y-18.74 E.03846
G1 X-14.075 Y18.767 E2.49711
G1 X-14.892 Y18.767 E.03846
G1 X-52.399 Y-18.74 E2.49711
G1 X-53.216 Y-18.74 E.03846
G1 X-15.709 Y18.767 E2.49711
G1 X-16.526 Y18.767 E.03846
G1 X-54.033 Y-18.74 E2.49711
G1 X-54.072 Y-18.74 E.00187
G1 X-54.24 Y-18.354 E.01982
G1 X-54.24 Y-18.13 E.01052
G1 X-17.343 Y18.767 E2.45651
G1 X-18.16 Y18.767 E.03846
G1 X-54.24 Y-17.313 E2.40211
G1 X-54.24 Y-16.496 E.03846
G1 X-18.977 Y18.767 E2.34772
G1 X-19.794 Y18.767 E.03846
G1 X-54.24 Y-15.679 E2.29332
G1 X-54.24 Y-14.862 E.03846
G1 X-20.611 Y18.767 E2.23892
G1 X-21.428 Y18.767 E.03846
G1 X-54.24 Y-14.045 E2.18453
G1 X-54.24 Y-13.228 E.03846
G1 X-22.245 Y18.767 E2.13013
G1 X-23.062 Y18.767 E.03846
G1 X-54.24 Y-12.411 E2.07573
G1 X-54.24 Y-11.594 E.03846
G1 X-23.879 Y18.767 E2.02134
G1 X-24.696 Y18.767 E.03846
G1 X-54.24 Y-10.777 E1.96694
G1 X-54.24 Y-9.96 E.03846
G1 X-25.514 Y18.767 E1.91254
G1 X-26.331 Y18.767 E.03846
G1 X-54.24 Y-9.143 E1.85815
G1 X-54.24 Y-8.326 E.03846
G1 X-27.148 Y18.767 E1.80375
G1 X-27.965 Y18.767 E.03846
G1 X-54.24 Y-7.509 E1.74935
G1 X-54.24 Y-6.692 E.03846
G1 X-28.782 Y18.767 E1.69496
G1 X-29.599 Y18.767 E.03846
G1 X-54.24 Y-5.875 E1.64056
G1 X-54.24 Y-5.057 E.03846
G1 X-30.416 Y18.767 E1.58616
G1 X-31.233 Y18.767 E.03846
G1 X-54.24 Y-4.24 E1.53177
G1 X-54.24 Y-3.423 E.03846
G1 X-32.05 Y18.767 E1.47737
G1 X-32.867 Y18.767 E.03846
G1 X-54.24 Y-2.606 E1.42297
G1 X-54.24 Y-1.789 E.03846
G1 X-33.684 Y18.767 E1.36858
G1 X-34.501 Y18.767 E.03846
G1 X-54.24 Y-.972 E1.31418
G1 X-54.24 Y-.155 E.03846
G1 X-35.318 Y18.767 E1.25978
G1 X-36.135 Y18.767 E.03846
G1 X-54.24 Y.662 E1.20539
G1 X-54.24 Y1.479 E.03846
G1 X-36.952 Y18.767 E1.15099
G1 X-37.769 Y18.767 E.03846
G1 X-54.24 Y2.296 E1.0966
G1 X-54.24 Y3.113 E.03846
G1 X-38.586 Y18.767 E1.0422
G1 X-39.403 Y18.767 E.03846
G1 X-54.24 Y3.93 E.9878
G1 X-54.24 Y4.747 E.03846
G1 X-40.22 Y18.767 E.93341
G1 X-40.733 Y18.767 E.02416
G1 X-40.733 Y19.071 E.01431
G1 X-54.24 Y5.564 E.89924
G1 X-54.24 Y6.381 E.03846
G1 X-40.733 Y19.888 E.89924
G1 X-40.733 Y20.705 E.03846
G1 X-54.24 Y7.198 E.89924
G1 X-54.24 Y8.015 E.03846
G1 X-41.883 Y20.372 E.82272
G1 X-42.5 Y20.291 E.02931
G1 X-42.748 Y20.324 E.01179
G1 X-54.24 Y8.832 E.76509
G1 X-54.24 Y9.649 E.03846
G1 X-45.122 Y18.767 E.60703
G1 X-45.939 Y18.767 E.03846
G1 X-54.24 Y10.466 E.55263
G1 X-54.24 Y11.283 E.03846
G1 X-46.756 Y18.767 E.49823
G1 X-47.573 Y18.767 E.03846
G1 X-54.24 Y12.1 E.44384
G1 X-54.24 Y12.917 E.03846
G1 X-48.391 Y18.767 E.38944
G1 X-49.208 Y18.767 E.03846
G1 X-54.24 Y13.734 E.33504
G1 X-54.24 Y14.551 E.03846
G1 X-50.025 Y18.767 E.28065
G1 X-50.842 Y18.767 E.03846
G1 X-54.24 Y15.368 E.22625
G1 X-54.24 Y16.185 E.03846
G1 X-51.659 Y18.767 E.17185
G1 X-52.476 Y18.767 E.03846
G1 X-54.24 Y17.002 E.11746
G1 X-54.24 Y17.603 E.02828
M73 P21 R19
G1 X-54.267 Y17.63 E.00178
G1 X-54.267 Y17.793 E.00767
G1 X-53.033 Y19.026 E.08213
SET_VELOCITY_LIMIT ACCEL=10000
G1 X-44.526 Y19.363 F30000
SET_VELOCITY_LIMIT ACCEL=7000
G1 F9000
G1 X-43.218 Y20.671 E.08713
SET_VELOCITY_LIMIT ACCEL=10000
G1 E-1.2 F2100
;WIPE_START
G1 F9000
G1 X-44.526 Y19.363
;WIPE_END
G1 X-36.894 Y19.373 Z1 F30000
G1 X-8.526 Y19.413 Z1
G1 Z.6
G1 E1.2 F2100
SET_VELOCITY_LIMIT ACCEL=7000
G1 F9000
G1 X-7.253 Y20.686 E.08475
SET_VELOCITY_LIMIT ACCEL=10000
G1 X54.047 Y-18.576 F30000
SET_VELOCITY_LIMIT ACCEL=7000
;WIDTH:0.677348
G1 F9000
G1 X53.968 Y-18.576 E.0041
G1 X53.928 Y-18.507 E.0041
G1 X53.968 Y-18.438 E.0041
G1 X54.047 Y-18.438 E.0041
G1 X54.068 Y-18.476 E.00224
;LAYER_CHANGE
;Z:0.8
;HEIGHT:0.2
;BEFORE_LAYER_CHANGE
;0.8
G1 E-1.2 F2100
;WIPE_START
G1 F9000
G1 X54.047 Y-18.438
G1 X53.968 Y-18.438
G1 X53.928 Y-18.507
G1 X53.968 Y-18.576
G1 X54.047 Y-18.576
;WIPE_END
;AFTER_LAYER_CHANGE
;0.8
;_SET_FAN_SPEED_CHANGING_LAYER
SET_VELOCITY_LIMIT ACCEL=10000
G17
G3 Z1.2 I-.675 J-1.012 P1  F30000
G1 X-8.278 Y23 Z1.2
G1 Z.8
G1 E1.2 F2100
SET_VELOCITY_LIMIT ACCEL=5000
;TYPE:Outer wall
;WIDTH:0.62
G1 F7200
G1 X-8.217 Y22.54 E.02182
G1 X-8.04 Y22.111 E.02182
G1 X-7.757 Y21.743 E.02182
G1 X-7.389 Y21.46 E.02182
G1 X-6.96 Y21.283 E.02182
G1 X-6.629 Y21.239 E.01571
G1 X-6.5 Y21.222 E.00612
G1 X-6.04 Y21.283 E.02182
G1 X-5.611 Y21.46 E.02182
G1 X-5.243 Y21.743 E.02182
G1 X-4.96 Y22.111 E.02182
G1 X-4.783 Y22.54 E.02182
G1 X-4.722 Y23 E.02182
G1 X-4.783 Y23.46 E.02182
G1 X-4.96 Y23.889 E.02182
G1 X-5.243 Y24.257 E.02182
G1 X-5.611 Y24.54 E.02182
G1 X-6.04 Y24.717 E.02182
G1 X-6.5 Y24.778 E.02182
G1 X-6.96 Y24.717 E.02182
G1 X-7.389 Y24.54 E.02182
G1 X-7.757 Y24.257 E.02182
G1 X-8.04 Y23.889 E.02182
G1 X-8.217 Y23.46 E.02182
G1 X-8.273 Y23.036 E.02013
SET_VELOCITY_LIMIT ACCEL=10000
G1 E-1.2 F2100
;WIPE_START
G1 F7200
G1 X-8.217 Y22.54
G1 X-8.04 Y22.111
G1 X-7.757 Y21.743
G1 X-7.389 Y21.46
G1 X-7.288 Y21.419
;WIPE_END
G1 X-14.919 Y21.576 Z1.2 F30000
G1 X-40.96 Y22.111 Z1.2
G1 Z.8
G1 E1.2 F2100
SET_VELOCITY_LIMIT ACCEL=5000
G1 F7200
G1 X-40.783 Y22.54 E.02182
G1 X-40.722 Y23 E.02182
G1 X-40.783 Y23.46 E.02182
G1 X-40.96 Y23.889 E.02182
G1 X-41.243 Y24.257 E.02182
G1 X-41.611 Y24.54 E.02182
G1 X-42.04 Y24.717 E.02182
G1 X-42.5 Y24.778 E.02182
G1 X-42.96 Y24.717 E.02182
G1 X-43.389 Y24.54 E.02182
G1 X-43.757 Y24.257 E.02182
G1 X-44.04 Y23.889 E.02182
G1 X-44.217 Y23.46 E.02182
G1 X-44.278 Y23 E.02182
G1 X-44.217 Y22.54 E.02182
G1 X-44.04 Y22.111 E.02182
G1 X-43.757 Y21.743 E.02182
G1 X-43.389 Y21.46 E.02182
G1 X-42.96 Y21.283 E.02182
G1 X-42.629 Y21.239 E.01571
G1 X-42.5 Y21.222 E.00612
G1 X-42.04 Y21.283 E.02182
G1 X-41.611 Y21.46 E.02182
G1 X-41.243 Y21.743 E.02182
G1 X-40.982 Y22.083 E.02013
SET_VELOCITY_LIMIT ACCEL=10000
G1 E-1.2 F2100
;WIPE_START
G1 F7200
G1 X-40.783 Y22.54
G1 X-40.722 Y23
G1 X-40.783 Y23.46
G1 X-40.96 Y23.889
G1 X-41.027 Y23.975
;WIPE_END
G1 X-41.549 Y16.361 Z1.2 F30000
G1 X-44.217 Y-22.54 Z1.2
G1 Z.8
G1 E1.2 F2100
SET_VELOCITY_LIMIT ACCEL=5000
G1 F7200
G1 X-44.278 Y-23 E.02182
G1 X-44.217 Y-23.46 E.02182
G1 X-44.04 Y-23.889 E.02182
G1 X-43.757 Y-24.257 E.02182
G1 X-43.389 Y-24.54 E.02182
G1 X-42.96 Y-24.717 E.02182
G1 X-42.629 Y-24.761 E.01571
G1 X-42.5 Y-24.778 E.00612
G1 X-42.04 Y-24.717 E.02182
G1 X-41.611 Y-24.54 E.02182
G1 X-41.243 Y-24.257 E.02182
G1 X-40.96 Y-23.889 E.02182
G1 X-40.783 Y-23.46 E.02182
G1 X-40.722 Y-23 E.02182
G1 X-40.783 Y-22.54 E.02182
G1 X-40.96 Y-22.111 E.02182
G1 X-41.243 Y-21.743 E.02182
G1 X-41.611 Y-21.46 E.02182
G1 X-42.04 Y-21.283 E.02182
G1 X-42.5 Y-21.222 E.02182
G1 X-42.96 Y-21.283 E.02182
G1 X-43.389 Y-21.46 E.02182
G1 X-43.757 Y-21.743 E.02182
G1 X-44.04 Y-22.111 E.02182
G1 X-44.203 Y-22.507 E.02013
SET_VELOCITY_LIMIT ACCEL=10000
G1 E-1.2 F2100
;WIPE_START
G1 F7200
G1 X-44.278 Y-23
G1 X-44.217 Y-23.46
G1 X-44.04 Y-23.889
G1 X-43.757 Y-24.257
G1 X-43.671 Y-24.323
;WIPE_END
G1 X-36.061 Y-23.737 Z1.2 F30000
G1 X-8.378 Y-21.604 Z1.2
G1 Z.8
G1 E1.2 F2100
SET_VELOCITY_LIMIT ACCEL=5000
;TYPE:Inner wall
G1 F9000
G1 X-8.169 Y-21.331 E.01617
G1 X-7.68 Y-20.956 E.02897
G1 X-7.111 Y-20.721 E.02897
G1 X-6.5 Y-20.64 E.02897
G1 X-5.889 Y-20.721 E.02897
G1 X-5.32 Y-20.956 E.02897
G1 X-4.831 Y-21.331 E.02897
G1 X-4.622 Y-21.604 E.01617
G1 X-4.387 Y-21.525 E.01167
G1 X-4.387 Y-19.113 E.11341
G1 X54.613 Y-19.113 E2.77446
G1 X54.613 Y19.113 E1.79756
G1 X-4.387 Y19.113 E2.77446
G1 X-4.387 Y21.525 E.11341
G1 X-4.622 Y21.604 E.01167
G1 X-4.831 Y21.331 E.01617
G1 X-5.32 Y20.956 E.02897
G1 X-5.889 Y20.721 E.02897
G1 X-6.5 Y20.64 E.02897
G1 X-7.111 Y20.721 E.02897
G1 X-7.68 Y20.956 E.02897
G1 X-8.169 Y21.331 E.02897
G1 X-8.378 Y21.604 E.01617
G1 X-8.613 Y21.525 E.01167
G1 X-8.613 Y19.113 E.11341
G1 X-40.387 Y19.113 E1.49417
G1 X-40.387 Y21.525 E.11341
G1 X-40.622 Y21.604 E.01167
G1 X-40.831 Y21.331 E.01617
G1 X-41.32 Y20.956 E.02897
G1 X-41.889 Y20.721 E.02897
G1 X-42.5 Y20.64 E.02897
G1 X-43.111 Y20.721 E.02897
G1 X-43.68 Y20.956 E.02897
G1 X-44.169 Y21.331 E.02897
G1 X-44.378 Y21.604 E.01617
G1 X-44.613 Y21.525 E.01167
G1 X-44.613 Y19.113 E.11341
G1 X-54.613 Y19.113 E.47025
G1 X-54.613 Y-19.113 E1.79756
G1 X-44.613 Y-19.113 E.47025
G1 X-44.613 Y-21.525 E.11341
G1 X-44.378 Y-21.604 E.01167
G1 X-44.169 Y-21.331 E.01617
G1 X-43.68 Y-20.956 E.02897
G1 X-43.111 Y-20.721 E.02897
G1 X-42.5 Y-20.64 E.02897
G1 X-41.889 Y-20.721 E.02897
G1 X-41.32 Y-20.956 E.02897
G1 X-40.831 Y-21.331 E.02897
G1 X-40.622 Y-21.604 E.01617
G1 X-40.387 Y-21.525 E.01167
G1 X-40.387 Y-19.113 E.11341
G1 X-8.613 Y-19.113 E1.49417
G1 X-8.613 Y-21.525 E.11341
G1 X-8.412 Y-21.593 E.00997
SET_VELOCITY_LIMIT ACCEL=10000
G1 E-1.2 F2100
;WIPE_START
G1 F9000
G1 X-8.169 Y-21.331
G1 X-7.68 Y-20.956
G1 X-7.111 Y-20.721
G1 X-6.703 Y-20.667
;WIPE_END
G1 X-7.757 Y-24.257 Z1.2 F30000
G1 Z.8
G1 E1.2 F2100
SET_VELOCITY_LIMIT ACCEL=5000
;TYPE:Outer wall
G1 F7200
G1 X-7.389 Y-24.54 E.02182
G1 X-6.96 Y-24.717 E.02182
G1 X-6.629 Y-24.761 E.01571
G1 X-6.5 Y-24.778 E.00612
G1 X-6.04 Y-24.717 E.02182
G1 X-5.611 Y-24.54 E.02182
G1 X-5.243 Y-24.257 E.02182
G1 X-4.96 Y-23.889 E.02182
G1 X-4.783 Y-23.46 E.02182
G1 X-4.722 Y-23 E.02182
G1 X-4.783 Y-22.54 E.02182
G1 X-4.96 Y-22.111 E.02182
G1 X-5.243 Y-21.743 E.02182
G1 X-5.611 Y-21.46 E.02182
G1 X-6.04 Y-21.283 E.02182
G1 X-6.5 Y-21.222 E.02182
G1 X-6.96 Y-21.283 E.02182
G1 X-7.389 Y-21.46 E.02182
G1 X-7.757 Y-21.743 E.02182
G1 X-8.04 Y-22.111 E.02182
G1 X-8.217 Y-22.54 E.02182
G1 X-8.278 Y-23 E.02182
G1 X-8.217 Y-23.46 E.02182
G1 X-8.04 Y-23.889 E.02182
G1 X-7.779 Y-24.228 E.02013
SET_VELOCITY_LIMIT ACCEL=10000
G1 E-1.2 F2100
;WIPE_START
G1 F7200
G1 X-7.389 Y-24.54
G1 X-6.96 Y-24.717
G1 X-6.629 Y-24.761
G1 X-6.5 Y-24.778
G1 X-6.04 Y-24.717
G1 X-5.939 Y-24.675
;WIPE_END
G1 X-6.497 Y-17.063 Z1.2 F30000
G1 X-9.19 Y19.69 Z1.2
G1 Z.8
G1 E1.2 F2100
SET_VELOCITY_LIMIT ACCEL=5000
G1 F7200
G1 X-39.81 Y19.69 E1.4399
G1 X-39.81 Y22.983 E.15483
G1 X-39.879 Y23.598 E.02913
G1 X-40.078 Y24.166 E.02831
G1 X-40.398 Y24.676 E.02831
G1 X-40.824 Y25.102 E.02831
G1 X-41.334 Y25.422 E.02831
G1 X-41.902 Y25.621 E.02831
G1 X-42.5 Y25.688 E.02831
G1 X-43.098 Y25.621 E.02831
G1 X-43.666 Y25.422 E.02831
G1 X-44.176 Y25.102 E.02831
G1 X-44.602 Y24.676 E.02831
G1 X-44.922 Y24.166 E.02831
G1 X-45.121 Y23.598 E.02831
G1 X-45.19 Y22.983 E.02913
G1 X-45.19 Y19.69 E.15483
G1 X-55.19 Y19.69 E.47025
G1 X-55.19 Y-19.69 E1.85183
G1 X-45.19 Y-19.69 E.47025
G1 X-45.19 Y-22.983 E.15483
G1 X-45.121 Y-23.598 E.02913
M73 P21 R18
G1 X-44.922 Y-24.166 E.02831
G1 X-44.602 Y-24.676 E.02831
G1 X-44.176 Y-25.102 E.02831
G1 X-43.666 Y-25.422 E.02831
G1 X-43.098 Y-25.621 E.02831
G1 X-42.5 Y-25.688 E.02831
G1 X-41.902 Y-25.621 E.02831
G1 X-41.334 Y-25.422 E.02831
G1 X-40.824 Y-25.102 E.02831
G1 X-40.398 Y-24.676 E.02831
G1 X-40.078 Y-24.166 E.02831
G1 X-39.879 Y-23.598 E.02831
G1 X-39.81 Y-22.983 E.02913
G1 X-39.81 Y-19.69 E.15483
G1 X-9.19 Y-19.69 E1.4399
G1 X-9.19 Y-22.983 E.15483
G1 X-9.121 Y-23.598 E.02913
G1 X-8.922 Y-24.166 E.02831
G1 X-8.602 Y-24.676 E.02831
G1 X-8.176 Y-25.102 E.02831
G1 X-7.666 Y-25.422 E.02831
G1 X-7.098 Y-25.621 E.02831
G1 X-6.5 Y-25.688 E.02831
G1 X-6.379 Y-25.674 E.00573
G1 X-5.902 Y-25.621 E.02258
G1 X-5.334 Y-25.422 E.02831
G1 X-4.824 Y-25.102 E.02831
G1 X-4.398 Y-24.676 E.02831
G1 X-4.078 Y-24.166 E.02831
G1 X-3.879 Y-23.598 E.02831
G1 X-3.81 Y-22.983 E.02913
G1 X-3.81 Y-19.69 E.15483
G1 X55.19 Y-19.69 E2.77446
G1 X55.19 Y19.69 E1.85183
G1 X-3.81 Y19.69 E2.77446
G1 X-3.81 Y22.983 E.15483
G1 X-3.879 Y23.598 E.02913
G1 X-4.078 Y24.166 E.02831
G1 X-4.398 Y24.676 E.02831
G1 X-4.824 Y25.102 E.02831
G1 X-5.334 Y25.422 E.02831
G1 X-5.902 Y25.621 E.02831
G1 X-6.5 Y25.688 E.02831
G1 X-7.098 Y25.621 E.02831
G1 X-7.666 Y25.422 E.02831
G1 X-8.176 Y25.102 E.02831
G1 X-8.602 Y24.676 E.02831
G1 X-8.922 Y24.166 E.02831
G1 X-9.121 Y23.598 E.02831
G1 X-9.19 Y22.983 E.02913
G1 X-9.19 Y19.726 E.15314
SET_VELOCITY_LIMIT ACCEL=10000
G1 E-1.2 F2100
;WIPE_START
G1 F7200
G1 X-11.19 Y19.724
;WIPE_END
G1 X-8.618 Y21.827 Z1.2 F30000
G1 Z.8
G1 E1.2 F2100
;TYPE:Gap infill
;WIDTH:0.455012
G1 F9000
G1 X-8.699 Y22.438 E.02069
;WIDTH:0.430898
G1 X-8.716 Y22.698 E.00822
;WIDTH:0.380939
G1 X-8.731 Y23.021 E.00893
G1 X-8.658 Y23.557 E.01488
;WIDTH:0.372842
G1 X-8.505 Y23.966 E.01174
G1 X-8.417 Y24.131 E.00503
G1 X-8.239 Y24.387 E.00839
G1 X-8.088 Y24.559 E.00615
G1 X-7.887 Y24.739 E.00726
G1 X-7.631 Y24.917 E.00839
G1 X-7.466 Y25.005 E.00503
G1 X-6.996 Y25.173 E.01341
G1 X-6.5 Y25.233 E.01343
G1 X-6.004 Y25.173 E.01343
G1 X-5.534 Y25.005 E.01341
G1 X-5.369 Y24.917 E.00503
G1 X-5.113 Y24.739 E.00839
G1 X-4.912 Y24.559 E.00726
G1 X-4.761 Y24.387 E.00615
G1 X-4.583 Y24.131 E.00839
G1 X-4.495 Y23.966 E.00503
G1 X-4.354 Y23.597 E.01062
G1 X-4.327 Y23.496 E.0028
G1 X-4.267 Y22.957 E.01458
;WIDTH:0.396894
G1 X-4.284 Y22.698 E.0075
;WIDTH:0.437808
G1 X-4.301 Y22.438 E.00836
G1 X-4.382 Y21.827 E.01982
G1 X-5.521 Y20.498 F30000
;TYPE:Sparse infill
;WIDTH:0.62
G1 F6000
G1 X-5.146 Y20.654 E.01912
G1 X-4.733 Y20.97 E.02443
G1 X-4.733 Y19.588 E.065
G1 X-5.224 Y19.097 E.03265
G1 X-6.528 Y16.159 E.15114
G1 X-7.345 Y15.342 E.05435
G1 X-10.283 Y14.038 E.15114
G1 X-11.1 Y13.221 E.05435
G1 X-12.404 Y10.283 E.15114
G1 X-13.221 Y9.466 E.05435
G1 X-16.159 Y8.162 E.15114
G1 X-16.976 Y7.345 E.05435
G1 X-18.28 Y4.407 E.15114
G1 X-19.097 Y3.59 E.05435
G1 X-22.035 Y2.286 E.15114
G1 X-22.852 Y1.469 E.05435
G1 X-24.156 Y-1.469 E.15114
G1 X-24.973 Y-2.286 E.05435
G1 X-27.911 Y-3.59 E.15114
G1 X-28.728 Y-4.407 E.05435
G1 X-30.032 Y-7.345 E.15114
G1 X-30.849 Y-8.162 E.05435
G1 X-33.787 Y-9.466 E.15114
G1 X-34.604 Y-10.283 E.05435
G1 X-35.908 Y-13.221 E.15114
G1 X-36.725 Y-14.038 E.05435
G1 X-39.663 Y-15.342 E.15114
G1 X-40.48 Y-16.159 E.05435
G1 X-41.784 Y-19.097 E.15114
G1 X-42.601 Y-19.914 E.05435
G1 X-44.267 Y-20.653 E.08568
G1 X-44.267 Y-18.767 E.08872
G1 X-47.513 Y-18.767 E.15267
G1 X-46.356 Y-16.159 E.13415
G1 X-45.539 Y-15.342 E.05435
G1 X-42.601 Y-14.038 E.15114
G1 X-41.784 Y-13.221 E.05435
G1 X-40.48 Y-10.283 E.15114
G1 X-39.663 Y-9.466 E.05435
G1 X-36.725 Y-8.162 E.15114
G1 X-35.908 Y-7.345 E.05435
G1 X-34.604 Y-4.407 E.15114
G1 X-33.787 Y-3.59 E.05435
G1 X-30.849 Y-2.286 E.15114
G1 X-30.032 Y-1.469 E.05435
G1 X-28.728 Y1.469 E.15114
G1 X-27.911 Y2.286 E.05435
G1 X-24.973 Y3.59 E.15114
G1 X-24.156 Y4.407 E.05435
G1 X-22.852 Y7.345 E.15114
G1 X-22.035 Y8.162 E.05435
G1 X-19.097 Y9.466 E.15114
G1 X-18.28 Y10.283 E.05435
G1 X-16.976 Y13.221 E.15114
G1 X-16.159 Y14.038 E.05435
G1 X-13.221 Y15.342 E.15114
G1 X-12.404 Y16.159 E.05435
G1 X-11.247 Y18.767 E.13415
G1 X-17.123 Y18.767 E.27632
G1 X-18.28 Y16.159 E.13415
G1 X-19.097 Y15.342 E.05435
G1 X-22.035 Y14.038 E.15114
G1 X-22.852 Y13.221 E.05435
G1 X-24.156 Y10.283 E.15114
G1 X-24.973 Y9.466 E.05435
G1 X-27.911 Y8.162 E.15114
G1 X-28.728 Y7.345 E.05435
G1 X-30.032 Y4.407 E.15114
G1 X-30.849 Y3.59 E.05435
G1 X-33.787 Y2.286 E.15114
G1 X-34.604 Y1.469 E.05435
G1 X-35.908 Y-1.469 E.15114
G1 X-36.725 Y-2.286 E.05435
G1 X-39.663 Y-3.59 E.15114
G1 X-40.48 Y-4.407 E.05435
G1 X-41.784 Y-7.345 E.15114
G1 X-42.601 Y-8.162 E.05435
G1 X-45.539 Y-9.466 E.15114
G1 X-46.356 Y-10.283 E.05435
G1 X-47.66 Y-13.221 E.15114
G1 X-48.477 Y-14.038 E.05435
G1 X-51.415 Y-15.342 E.15114
G1 X-52.232 Y-16.159 E.05435
G1 X-53.389 Y-18.767 E.13415
G1 X-54.267 Y-18.767 E.04126
G1 X-54.267 Y-13.952 E.22641
G1 X-53.536 Y-13.221 E.0486
G1 X-52.232 Y-10.283 E.15114
G1 X-51.415 Y-9.466 E.05435
G1 X-48.477 Y-8.162 E.15114
G1 X-47.66 Y-7.345 E.05435
G1 X-46.356 Y-4.407 E.15114
G1 X-45.539 Y-3.59 E.05435
G1 X-42.601 Y-2.286 E.15114
G1 X-41.784 Y-1.469 E.05435
G1 X-40.48 Y1.469 E.15114
G1 X-39.663 Y2.286 E.05435
G1 X-36.725 Y3.59 E.15114
G1 X-35.908 Y4.407 E.05435
G1 X-34.604 Y7.345 E.15114
G1 X-33.787 Y8.162 E.05435
G1 X-30.849 Y9.466 E.15114
G1 X-30.032 Y10.283 E.05435
G1 X-28.728 Y13.221 E.15114
G1 X-27.911 Y14.038 E.05435
G1 X-24.973 Y15.342 E.15114
G1 X-24.156 Y16.159 E.05435
G1 X-22.999 Y18.767 E.13415
G1 X-28.875 Y18.767 E.27632
G1 X-30.032 Y16.159 E.13415
G1 X-30.849 Y15.342 E.05435
G1 X-33.787 Y14.038 E.15114
G1 X-34.604 Y13.221 E.05435
G1 X-35.908 Y10.283 E.15114
G1 X-36.725 Y9.466 E.05435
G1 X-39.663 Y8.162 E.15114
G1 X-40.48 Y7.345 E.05435
G1 X-41.784 Y4.407 E.15114
G1 X-42.601 Y3.59 E.05435
G1 X-45.539 Y2.286 E.15114
G1 X-46.356 Y1.469 E.05435
G1 X-47.66 Y-1.469 E.15114
G1 X-48.477 Y-2.286 E.05435
G1 X-51.415 Y-3.59 E.15114
G1 X-52.232 Y-4.407 E.05435
G1 X-53.536 Y-7.345 E.15114
G1 X-54.267 Y-8.076 E.0486
G1 X-54.267 Y-2.2 E.27632
G1 X-53.536 Y-1.469 E.0486
G1 X-52.232 Y1.469 E.15114
G1 X-51.415 Y2.286 E.05435
G1 X-48.477 Y3.59 E.15114
G1 X-47.66 Y4.407 E.05435
G1 X-46.356 Y7.345 E.15114
G1 X-45.539 Y8.162 E.05435
G1 X-42.601 Y9.466 E.15114
G1 X-41.784 Y10.283 E.05435
G1 X-40.48 Y13.221 E.15114
G1 X-39.663 Y14.038 E.05435
G1 X-36.725 Y15.342 E.15114
G1 X-35.908 Y16.159 E.05435
G1 X-34.751 Y18.767 E.13415
G1 X-40.627 Y18.767 E.27632
G1 X-41.784 Y16.159 E.13415
G1 X-42.601 Y15.342 E.05435
G1 X-45.539 Y14.038 E.15114
G1 X-46.356 Y13.221 E.05435
G1 X-47.66 Y10.283 E.15114
G1 X-48.477 Y9.466 E.05435
G1 X-51.415 Y8.162 E.15114
G1 X-52.232 Y7.345 E.05435
G1 X-53.536 Y4.407 E.15114
G1 X-54.267 Y3.676 E.0486
G1 X-54.267 Y1.368 E.10855
M73 P22 R18
G1 X-50.071 Y18.767 F30000
G1 F6000
G1 X-52.379 Y18.767 E.10855
G1 X-53.536 Y16.159 E.13415
G1 X-54.267 Y15.428 E.0486
G1 X-54.267 Y9.552 E.27632
G1 X-53.536 Y10.283 E.0486
G1 X-52.232 Y13.221 E.15114
G1 X-51.415 Y14.038 E.05435
G1 X-48.477 Y15.342 E.15114
G1 X-47.66 Y16.159 E.05435
G1 X-46.503 Y18.767 E.13415
G1 X-44.267 Y18.767 E.10516
G1 X-44.267 Y18.839 E.00338
G1 X-44.583 Y21.839 F30000
;TYPE:Gap infill
;WIDTH:0.555682
G1 F9000
G1 X-44.62 Y22.021 E.00774
;WIDTH:0.518258
G1 X-44.656 Y22.203 E.00718
;WIDTH:0.480834
G1 X-44.692 Y22.384 E.00661
;WIDTH:0.455011
G1 X-44.699 Y22.438 E.00182
;WIDTH:0.430898
G1 X-44.716 Y22.698 E.00822
;WIDTH:0.380939
G1 X-44.731 Y23.021 E.00893
G1 X-44.658 Y23.557 E.01488
;WIDTH:0.372842
G1 X-44.505 Y23.966 E.01175
G1 X-44.417 Y24.131 E.00503
G1 X-44.239 Y24.387 E.00839
G1 X-44.059 Y24.588 E.00726
G1 X-43.887 Y24.739 E.00615
G1 X-43.631 Y24.917 E.00839
G1 X-43.466 Y25.005 E.00503
G1 X-42.996 Y25.173 E.01341
G1 X-42.5 Y25.233 E.01343
G1 X-42.004 Y25.173 E.01343
G1 X-41.534 Y25.005 E.01341
G1 X-41.369 Y24.917 E.00503
G1 X-41.113 Y24.739 E.00839
G1 X-40.941 Y24.588 E.00615
G1 X-40.761 Y24.387 E.00726
G1 X-40.583 Y24.131 E.00839
G1 X-40.495 Y23.966 E.00503
G1 X-40.354 Y23.597 E.01062
G1 X-40.327 Y23.496 E.0028
G1 X-40.267 Y22.957 E.01458
;WIDTH:0.396894
G1 X-40.284 Y22.698 E.0075
;WIDTH:0.437808
G1 X-40.301 Y22.438 E.00836
G1 X-40.382 Y21.827 E.01982
G1 X-44.583 Y-21.839 F30000
;WIDTH:0.536969
G1 F9000
G1 X-44.62 Y-22.021 E.00746
;WIDTH:0.518257
G1 X-44.656 Y-22.203 E.00718
;WIDTH:0.480833
G1 X-44.692 Y-22.384 E.00661
;WIDTH:0.435062
G1 X-44.716 Y-22.698 E.01004
;WIDTH:0.396896
G1 X-44.733 Y-22.957 E.0075
;WIDTH:0.372841
G1 X-44.673 Y-23.496 E.01458
G1 X-44.646 Y-23.597 E.0028
G1 X-44.505 Y-23.966 E.01062
G1 X-44.417 Y-24.131 E.00503
G1 X-44.239 Y-24.387 E.00839
G1 X-44.088 Y-24.559 E.00615
G1 X-43.887 Y-24.739 E.00726
G1 X-43.631 Y-24.917 E.00839
G1 X-43.466 Y-25.005 E.00503
G1 X-42.996 Y-25.173 E.01341
G1 X-42.5 Y-25.233 E.01343
G1 X-42.004 Y-25.173 E.01343
G1 X-41.534 Y-25.005 E.01341
G1 X-41.369 Y-24.917 E.00503
G1 X-41.113 Y-24.739 E.00839
G1 X-40.912 Y-24.559 E.00726
G1 X-40.761 Y-24.387 E.00615
G1 X-40.583 Y-24.131 E.00839
G1 X-40.495 Y-23.966 E.00503
G1 X-40.342 Y-23.557 E.01175
;WIDTH:0.380939
G1 X-40.269 Y-23.021 E.01488
G1 X-40.284 Y-22.698 E.00893
;WIDTH:0.430898
G1 X-40.301 Y-22.438 E.00822
;WIDTH:0.45501
G1 X-40.308 Y-22.384 E.00182
;WIDTH:0.480832
G1 X-40.344 Y-22.203 E.00661
;WIDTH:0.518256
G1 X-40.38 Y-22.021 E.00718
;WIDTH:0.55568
G1 X-40.417 Y-21.839 E.00774
G1 E-1.2 F2100
;WIPE_START
G1 F9000
G1 X-40.38 Y-22.021
;WIPE_END
G1 X-38.07 Y-18.767 Z1.2 F30000
G1 Z.8
G1 E1.2 F2100
;TYPE:Sparse infill
;WIDTH:0.62
G1 F6000
G1 X-35.761 Y-18.767 E.10855
G1 X-34.604 Y-16.159 E.13415
G1 X-33.787 Y-15.342 E.05435
G1 X-30.849 Y-14.038 E.15114
G1 X-30.032 Y-13.221 E.05435
G1 X-28.728 Y-10.283 E.15114
G1 X-27.911 Y-9.466 E.05435
G1 X-24.973 Y-8.162 E.15114
G1 X-24.156 Y-7.345 E.05435
G1 X-22.852 Y-4.407 E.15114
G1 X-22.035 Y-3.59 E.05435
G1 X-19.097 Y-2.286 E.15114
G1 X-18.28 Y-1.469 E.05435
G1 X-16.976 Y1.469 E.15114
G1 X-16.159 Y2.286 E.05435
G1 X-13.221 Y3.59 E.15114
G1 X-12.404 Y4.407 E.05435
G1 X-11.1 Y7.345 E.15114
G1 X-10.283 Y8.162 E.05435
G1 X-7.345 Y9.466 E.15114
G1 X-6.528 Y10.283 E.05435
G1 X-5.224 Y13.221 E.15114
G1 X-4.407 Y14.038 E.05435
G1 X-1.469 Y15.342 E.15114
G1 X-.652 Y16.159 E.05435
G1 X.505 Y18.767 E.13415
G1 X6.381 Y18.767 E.27632
G1 X5.224 Y16.159 E.13415
G1 X4.407 Y15.342 E.05435
G1 X1.469 Y14.038 E.15114
G1 X.652 Y13.221 E.05435
G1 X-.652 Y10.283 E.15114
G1 X-1.469 Y9.466 E.05435
G1 X-4.407 Y8.162 E.15114
G1 X-5.224 Y7.345 E.05435
G1 X-6.528 Y4.407 E.15114
G1 X-7.345 Y3.59 E.05435
G1 X-10.283 Y2.286 E.15114
G1 X-11.1 Y1.469 E.05435
G1 X-12.404 Y-1.469 E.15114
G1 X-13.221 Y-2.286 E.05435
G1 X-16.159 Y-3.59 E.15114
G1 X-16.976 Y-4.407 E.05435
G1 X-18.28 Y-7.345 E.15114
G1 X-19.097 Y-8.162 E.05435
G1 X-22.035 Y-9.466 E.15114
G1 X-22.852 Y-10.283 E.05435
G1 X-24.156 Y-13.221 E.15114
G1 X-24.973 Y-14.038 E.05435
G1 X-27.911 Y-15.342 E.15114
G1 X-28.728 Y-16.159 E.05435
G1 X-29.885 Y-18.767 E.13415
G1 X-27.577 Y-18.767 E.10855
G1 E-1.2 F2100
;WIPE_START
G1 F6000
G1 X-29.577 Y-18.767
;WIPE_END
G1 X-22.025 Y-19.87 Z1.2 F30000
G1 X-8.618 Y-21.827 Z1.2
G1 Z.8
G1 E1.2 F2100
;TYPE:Gap infill
;WIDTH:0.437809
G1 F9000
G1 X-8.699 Y-22.438 E.01982
G1 X-8.716 Y-22.698 E.00836
;WIDTH:0.396896
G1 X-8.733 Y-22.957 E.0075
;WIDTH:0.372842
G1 X-8.673 Y-23.496 E.01458
G1 X-8.646 Y-23.597 E.0028
G1 X-8.505 Y-23.966 E.01062
G1 X-8.417 Y-24.131 E.00503
G1 X-8.239 Y-24.387 E.00839
G1 X-8.059 Y-24.588 E.00726
G1 X-7.887 Y-24.739 E.00615
G1 X-7.631 Y-24.917 E.00839
G1 X-7.466 Y-25.005 E.00503
G1 X-6.996 Y-25.173 E.01341
G1 X-6.5 Y-25.233 E.01343
G1 X-6.004 Y-25.173 E.01343
G1 X-5.534 Y-25.005 E.01341
G1 X-5.369 Y-24.917 E.00503
G1 X-5.113 Y-24.739 E.00839
G1 X-4.941 Y-24.588 E.00615
G1 X-4.761 Y-24.387 E.00726
G1 X-4.583 Y-24.131 E.00839
G1 X-4.495 Y-23.966 E.00503
G1 X-4.342 Y-23.557 E.01174
;WIDTH:0.38094
G1 X-4.269 Y-23.021 E.01488
G1 X-4.284 Y-22.698 E.00893
;WIDTH:0.430896
G1 X-4.301 Y-22.438 E.00822
;WIDTH:0.455009
G1 X-4.382 Y-21.827 E.02069
G1 X9.949 Y18.767 F30000
;TYPE:Sparse infill
;WIDTH:0.62
G1 F6000
G1 X12.257 Y18.767 E.10855
G1 X11.1 Y16.159 E.13415
G1 X10.283 Y15.342 E.05435
G1 X7.345 Y14.038 E.15114
G1 X6.528 Y13.221 E.05435
G1 X5.224 Y10.283 E.15114
G1 X4.407 Y9.466 E.05435
G1 X1.469 Y8.162 E.15114
G1 X.652 Y7.345 E.05435
G1 X-.652 Y4.407 E.15114
G1 X-1.469 Y3.59 E.05435
G1 X-4.407 Y2.286 E.15114
G1 X-5.224 Y1.469 E.05435
G1 X-6.528 Y-1.469 E.15114
G1 X-7.345 Y-2.286 E.05435
G1 X-10.283 Y-3.59 E.15114
G1 X-11.1 Y-4.407 E.05435
G1 X-12.404 Y-7.345 E.15114
G1 X-13.221 Y-8.162 E.05435
G1 X-16.159 Y-9.466 E.15114
G1 X-16.976 Y-10.283 E.05435
G1 X-18.28 Y-13.221 E.15114
G1 X-19.097 Y-14.038 E.05435
G1 X-22.035 Y-15.342 E.15114
G1 X-22.852 Y-16.159 E.05435
G1 X-24.009 Y-18.767 E.13415
G1 X-18.133 Y-18.767 E.27632
G1 X-16.976 Y-16.159 E.13415
G1 X-16.159 Y-15.342 E.05435
G1 X-13.221 Y-14.038 E.15114
G1 X-12.404 Y-13.221 E.05435
G1 X-11.1 Y-10.283 E.15114
G1 X-10.283 Y-9.466 E.05435
G1 X-7.345 Y-8.162 E.15114
G1 X-6.528 Y-7.345 E.05435
G1 X-5.224 Y-4.407 E.15114
G1 X-4.407 Y-3.59 E.05435
G1 X-1.469 Y-2.286 E.15114
G1 X-.652 Y-1.469 E.05435
G1 X.652 Y1.469 E.15114
G1 X1.469 Y2.286 E.05435
G1 X4.407 Y3.59 E.15114
G1 X5.224 Y4.407 E.05435
G1 X6.528 Y7.345 E.15114
G1 X7.345 Y8.162 E.05435
G1 X10.283 Y9.466 E.15114
G1 X11.1 Y10.283 E.05435
G1 X12.404 Y13.221 E.15114
G1 X13.221 Y14.038 E.05435
G1 X16.159 Y15.342 E.15114
G1 X16.976 Y16.159 E.05435
G1 X18.133 Y18.767 E.13415
G1 X24.009 Y18.767 E.27632
G1 X22.852 Y16.159 E.13415
G1 X22.035 Y15.342 E.05435
G1 X19.097 Y14.038 E.15114
G1 X18.28 Y13.221 E.05435
G1 X16.976 Y10.283 E.15114
G1 X16.159 Y9.466 E.05435
G1 X13.221 Y8.162 E.15114
G1 X12.404 Y7.345 E.05435
G1 X11.1 Y4.407 E.15114
G1 X10.283 Y3.59 E.05435
G1 X7.345 Y2.286 E.15114
G1 X6.528 Y1.469 E.05435
G1 X5.224 Y-1.469 E.15114
G1 X4.407 Y-2.286 E.05435
G1 X1.469 Y-3.59 E.15114
G1 X.652 Y-4.407 E.05435
G1 X-.652 Y-7.345 E.15114
G1 X-1.469 Y-8.162 E.05435
G1 X-4.407 Y-9.466 E.15114
G1 X-5.224 Y-10.283 E.05435
G1 X-6.528 Y-13.221 E.15114
G1 X-7.345 Y-14.038 E.05435
G1 X-10.283 Y-15.342 E.15114
G1 X-11.1 Y-16.159 E.05435
G1 X-12.257 Y-18.767 E.13415
G1 X-8.267 Y-18.767 E.18765
G1 X-8.267 Y-20.323 E.0732
G1 X-7.345 Y-19.914 E.04741
G1 X-6.528 Y-19.097 E.05435
G1 X-5.224 Y-16.159 E.15114
G1 X-4.407 Y-15.342 E.05435
G1 X-1.469 Y-14.038 E.15114
G1 X-.652 Y-13.221 E.05435
G1 X.652 Y-10.283 E.15114
G1 X1.469 Y-9.466 E.05435
G1 X4.407 Y-8.162 E.15114
G1 X5.224 Y-7.345 E.05435
G1 X6.528 Y-4.407 E.15114
G1 X7.345 Y-3.59 E.05435
G1 X10.283 Y-2.286 E.15114
G1 X11.1 Y-1.469 E.05435
G1 X12.404 Y1.469 E.15114
G1 X13.221 Y2.286 E.05435
G1 X16.159 Y3.59 E.15114
G1 X16.976 Y4.407 E.05435
G1 X18.28 Y7.345 E.15114
G1 X19.097 Y8.162 E.05435
G1 X22.035 Y9.466 E.15114
G1 X22.852 Y10.283 E.05435
G1 X24.156 Y13.221 E.15114
G1 X24.973 Y14.038 E.05435
G1 X27.911 Y15.342 E.15114
G1 X28.728 Y16.159 E.05435
G1 X29.885 Y18.767 E.13415
G1 X35.761 Y18.767 E.27632
G1 X34.604 Y16.159 E.13415
G1 X33.787 Y15.342 E.05435
G1 X30.849 Y14.038 E.15114
G1 X30.032 Y13.221 E.05435
G1 X28.728 Y10.283 E.15114
G1 X27.911 Y9.466 E.05435
G1 X24.973 Y8.162 E.15114
G1 X24.156 Y7.345 E.05435
G1 X22.852 Y4.407 E.15114
G1 X22.035 Y3.59 E.05435
G1 X19.097 Y2.286 E.15114
G1 X18.28 Y1.469 E.05435
G1 X16.976 Y-1.469 E.15114
G1 X16.159 Y-2.286 E.05435
G1 X13.221 Y-3.59 E.15114
G1 X12.404 Y-4.407 E.05435
G1 X11.1 Y-7.345 E.15114
G1 X10.283 Y-8.162 E.05435
G1 X7.345 Y-9.466 E.15114
G1 X6.528 Y-10.283 E.05435
G1 X5.224 Y-13.221 E.15114
G1 X4.407 Y-14.038 E.05435
G1 X1.469 Y-15.342 E.15114
G1 X.652 Y-16.159 E.05435
G1 X-.505 Y-18.767 E.13415
G1 X5.371 Y-18.767 E.27632
G1 X6.528 Y-16.159 E.13415
G1 X7.345 Y-15.342 E.05435
G1 X10.283 Y-14.038 E.15114
G1 X11.1 Y-13.221 E.05435
G1 X12.404 Y-10.283 E.15114
G1 X13.221 Y-9.466 E.05435
G1 X16.159 Y-8.162 E.15114
G1 X16.976 Y-7.345 E.05435
G1 X18.28 Y-4.407 E.15114
G1 X19.097 Y-3.59 E.05435
G1 X22.035 Y-2.286 E.15114
G1 X22.852 Y-1.469 E.05435
G1 X24.156 Y1.469 E.15114
G1 X24.973 Y2.286 E.05435
G1 X27.911 Y3.59 E.15114
G1 X28.728 Y4.407 E.05435
G1 X30.032 Y7.345 E.15114
G1 X30.849 Y8.162 E.05435
G1 X33.787 Y9.466 E.15114
G1 X34.604 Y10.283 E.05435
G1 X35.908 Y13.221 E.15114
G1 X36.725 Y14.038 E.05435
G1 X39.663 Y15.342 E.15114
G1 X40.48 Y16.159 E.05435
G1 X41.637 Y18.767 E.13415
G1 X47.513 Y18.767 E.27632
G1 X46.356 Y16.159 E.13415
G1 X45.539 Y15.342 E.05435
G1 X42.601 Y14.038 E.15114
G1 X41.784 Y13.221 E.05435
G1 X40.48 Y10.283 E.15114
G1 X39.663 Y9.466 E.05435
G1 X36.725 Y8.162 E.15114
G1 X35.908 Y7.345 E.05435
G1 X34.604 Y4.407 E.15114
G1 X33.787 Y3.59 E.05435
G1 X30.849 Y2.286 E.15114
G1 X30.032 Y1.469 E.05435
G1 X28.728 Y-1.469 E.15114
G1 X27.911 Y-2.286 E.05435
G1 X24.973 Y-3.59 E.15114
G1 X24.156 Y-4.407 E.05435
G1 X22.852 Y-7.345 E.15114
G1 X22.035 Y-8.162 E.05435
G1 X19.097 Y-9.466 E.15114
G1 X18.28 Y-10.283 E.05435
G1 X16.976 Y-13.221 E.15114
G1 X16.159 Y-14.038 E.05435
G1 X13.221 Y-15.342 E.15114
G1 X12.404 Y-16.159 E.05435
G1 X11.247 Y-18.767 E.13415
G1 X17.123 Y-18.767 E.27632
G1 X18.28 Y-16.159 E.13415
G1 X19.097 Y-15.342 E.05435
G1 X22.035 Y-14.038 E.15114
G1 X22.852 Y-13.221 E.05435
G1 X24.156 Y-10.283 E.15114
G1 X24.973 Y-9.466 E.05435
G1 X27.911 Y-8.162 E.15114
G1 X28.728 Y-7.345 E.05435
G1 X30.032 Y-4.407 E.15114
G1 X30.849 Y-3.59 E.05435
G1 X33.787 Y-2.286 E.15114
G1 X34.604 Y-1.469 E.05435
G1 X35.908 Y1.469 E.15114
G1 X36.725 Y2.286 E.05435
G1 X39.663 Y3.59 E.15114
G1 X40.48 Y4.407 E.05435
G1 X41.784 Y7.345 E.15114
G1 X42.601 Y8.162 E.05435
G1 X45.539 Y9.466 E.15114
G1 X46.356 Y10.283 E.05435
G1 X47.66 Y13.221 E.15114
G1 X48.477 Y14.038 E.05435
G1 X51.415 Y15.342 E.15114
G1 X52.232 Y16.159 E.05435
G1 X53.389 Y18.767 E.13415
G1 X54.267 Y18.767 E.04126
G1 X54.267 Y13.952 E.22641
G1 X53.536 Y13.221 E.0486
G1 X52.232 Y10.283 E.15114
G1 X51.415 Y9.466 E.05435
G1 X48.477 Y8.162 E.15114
G1 X47.66 Y7.345 E.05435
G1 X46.356 Y4.407 E.15114
G1 X45.539 Y3.59 E.05435
G1 X42.601 Y2.286 E.15114
G1 X41.784 Y1.469 E.05435
G1 X40.48 Y-1.469 E.15114
G1 X39.663 Y-2.286 E.05435
G1 X36.725 Y-3.59 E.15114
G1 X35.908 Y-4.407 E.05435
G1 X34.604 Y-7.345 E.15114
G1 X33.787 Y-8.162 E.05435
G1 X30.849 Y-9.466 E.15114
G1 X30.032 Y-10.283 E.05435
G1 X28.728 Y-13.221 E.15114
G1 X27.911 Y-14.038 E.05435
G1 X24.973 Y-15.342 E.15114
G1 X24.156 Y-16.159 E.05435
G1 X22.999 Y-18.767 E.13415
G1 X28.875 Y-18.767 E.27632
G1 X30.032 Y-16.159 E.13415
G1 X30.849 Y-15.342 E.05435
G1 X33.787 Y-14.038 E.15114
G1 X34.604 Y-13.221 E.05435
G1 X35.908 Y-10.283 E.15114
G1 X36.725 Y-9.466 E.05435
G1 X39.663 Y-8.162 E.15114
G1 X40.48 Y-7.345 E.05435
G1 X41.784 Y-4.407 E.15114
G1 X42.601 Y-3.59 E.05435
G1 X45.539 Y-2.286 E.15114
G1 X46.356 Y-1.469 E.05435
G1 X47.66 Y1.469 E.15114
G1 X48.477 Y2.286 E.05435
G1 X51.415 Y3.59 E.15114
G1 X52.232 Y4.407 E.05435
G1 X53.536 Y7.345 E.15114
G1 X54.267 Y8.076 E.0486
G1 X54.267 Y2.2 E.27632
G1 X53.536 Y1.469 E.0486
G1 X52.232 Y-1.469 E.15114
G1 X51.415 Y-2.286 E.05435
G1 X48.477 Y-3.59 E.15114
G1 X47.66 Y-4.407 E.05435
G1 X46.356 Y-7.345 E.15114
G1 X45.539 Y-8.162 E.05435
G1 X42.601 Y-9.466 E.15114
G1 X41.784 Y-10.283 E.05435
G1 X40.48 Y-13.221 E.15114
G1 X39.663 Y-14.038 E.05435
G1 X36.725 Y-15.342 E.15114
G1 X35.908 Y-16.159 E.05435
G1 X34.751 Y-18.767 E.13415
G1 X40.627 Y-18.767 E.27632
G1 X41.784 Y-16.159 E.13415
G1 X42.601 Y-15.342 E.05435
G1 X45.539 Y-14.038 E.15114
G1 X46.356 Y-13.221 E.05435
G1 X47.66 Y-10.283 E.15114
G1 X48.477 Y-9.466 E.05435
G1 X51.415 Y-8.162 E.15114
G1 X52.232 Y-7.345 E.05435
G1 X53.536 Y-4.407 E.15114
G1 X54.267 Y-3.676 E.0486
G1 X54.267 Y-9.552 E.27632
G1 X53.536 Y-10.283 E.0486
G1 X52.232 Y-13.221 E.15114
G1 X51.415 Y-14.038 E.05435
G1 X48.477 Y-15.342 E.15114
G1 X47.66 Y-16.159 E.05435
G1 X46.503 Y-18.767 E.13415
G1 X52.379 Y-18.767 E.27632
G1 X53.536 Y-16.159 E.13415
G1 X54.267 Y-15.428 E.0486
G1 X54.267 Y-13.12 E.10855
;LAYER_CHANGE
;Z:1
;HEIGHT:0.2
;BEFORE_LAYER_CHANGE
;1
G1 E-1.2 F2100
;WIPE_START
G1 F6000
G1 X54.267 Y-15.12
;WIPE_END
;AFTER_LAYER_CHANGE
;1
;_SET_FAN_SPEED_CHANGING_LAYER
G17
G3 Z1.4 I-.633 J-1.039 P1  F30000
G1 X-8.278 Y23 Z1.4
G1 Z1
G1 E1.2 F2100
SET_VELOCITY_LIMIT ACCEL=5000
;TYPE:Outer wall
G1 F7200
G1 X-8.217 Y22.54 E.02182
G1 X-8.04 Y22.111 E.02182
G1 X-7.757 Y21.743 E.02182
G1 X-7.389 Y21.46 E.02182
G1 X-6.96 Y21.283 E.02182
G1 X-6.654 Y21.243 E.01451
G1 X-6.5 Y21.222 E.00731
G1 X-6.04 Y21.283 E.02182
G1 X-5.611 Y21.46 E.02182
G1 X-5.243 Y21.743 E.02182
G1 X-4.96 Y22.111 E.02182
G1 X-4.783 Y22.54 E.02182
G1 X-4.722 Y23 E.02182
G1 X-4.783 Y23.46 E.02182
G1 X-4.96 Y23.889 E.02182
G1 X-5.243 Y24.257 E.02182
G1 X-5.611 Y24.54 E.02182
G1 X-6.04 Y24.717 E.02182
G1 X-6.5 Y24.778 E.02182
G1 X-6.96 Y24.717 E.02182
G1 X-7.389 Y24.54 E.02182
G1 X-7.757 Y24.257 E.02182
G1 X-8.04 Y23.889 E.02182
G1 X-8.217 Y23.46 E.02182
G1 X-8.273 Y23.036 E.02013
SET_VELOCITY_LIMIT ACCEL=10000
G1 E-1.2 F2100
;WIPE_START
G1 F7200
G1 X-8.217 Y22.54
G1 X-8.04 Y22.111
G1 X-7.757 Y21.743
G1 X-7.389 Y21.46
G1 X-7.288 Y21.419
;WIPE_END
G1 X-14.919 Y21.576 Z1.4 F30000
G1 X-40.96 Y22.111 Z1.4
G1 Z1
G1 E1.2 F2100
SET_VELOCITY_LIMIT ACCEL=5000
G1 F7200
G1 X-40.783 Y22.54 E.02182
G1 X-40.722 Y23 E.02182
G1 X-40.783 Y23.46 E.02182
G1 X-40.96 Y23.889 E.02182
G1 X-41.243 Y24.257 E.02182
G1 X-41.611 Y24.54 E.02182
G1 X-42.04 Y24.717 E.02182
G1 X-42.5 Y24.778 E.02182
G1 X-42.96 Y24.717 E.02182
G1 X-43.389 Y24.54 E.02182
G1 X-43.757 Y24.257 E.02182
G1 X-44.04 Y23.889 E.02182
G1 X-44.217 Y23.46 E.02182
G1 X-44.278 Y23 E.02182
G1 X-44.217 Y22.54 E.02182
G1 X-44.04 Y22.111 E.02182
G1 X-43.757 Y21.743 E.02182
G1 X-43.389 Y21.46 E.02182
G1 X-42.96 Y21.283 E.02182
G1 X-42.654 Y21.243 E.01451
G1 X-42.5 Y21.222 E.00731
G1 X-42.04 Y21.283 E.02182
G1 X-41.611 Y21.46 E.02182
G1 X-41.243 Y21.743 E.02182
G1 X-40.982 Y22.083 E.02013
SET_VELOCITY_LIMIT ACCEL=10000
G1 E-1.2 F2100
;WIPE_START
G1 F7200
G1 X-40.783 Y22.54
G1 X-40.722 Y23
G1 X-40.783 Y23.46
G1 X-40.96 Y23.889
G1 X-41.027 Y23.975
;WIPE_END
G1 X-41.549 Y16.361 Z1.4 F30000
G1 X-44.217 Y-22.54 Z1.4
G1 Z1
G1 E1.2 F2100
SET_VELOCITY_LIMIT ACCEL=5000
G1 F7200
G1 X-44.278 Y-23 E.02182
G1 X-44.217 Y-23.46 E.02182
G1 X-44.04 Y-23.889 E.02182
G1 X-43.757 Y-24.257 E.02182
G1 X-43.389 Y-24.54 E.02182
G1 X-42.96 Y-24.717 E.02182
G1 X-42.654 Y-24.757 E.01451
G1 X-42.5 Y-24.778 E.00731
G1 X-42.04 Y-24.717 E.02182
G1 X-41.611 Y-24.54 E.02182
G1 X-41.243 Y-24.257 E.02182
G1 X-40.96 Y-23.889 E.02182
G1 X-40.783 Y-23.46 E.02182
G1 X-40.722 Y-23 E.02182
G1 X-40.783 Y-22.54 E.02182
G1 X-40.96 Y-22.111 E.02182
G1 X-41.243 Y-21.743 E.02182
G1 X-41.611 Y-21.46 E.02182
G1 X-42.04 Y-21.283 E.02182
G1 X-42.5 Y-21.222 E.02182
G1 X-42.96 Y-21.283 E.02182
G1 X-43.389 Y-21.46 E.02182
G1 X-43.757 Y-21.743 E.02182
G1 X-44.04 Y-22.111 E.02182
G1 X-44.203 Y-22.507 E.02013
SET_VELOCITY_LIMIT ACCEL=10000
G1 E-1.2 F2100
;WIPE_START
G1 F7200
G1 X-44.278 Y-23
G1 X-44.217 Y-23.46
G1 X-44.04 Y-23.889
G1 X-43.757 Y-24.257
G1 X-43.671 Y-24.323
;WIPE_END
G1 X-36.061 Y-23.737 Z1.4 F30000
G1 X-8.378 Y-21.604 Z1.4
G1 Z1
G1 E1.2 F2100
SET_VELOCITY_LIMIT ACCEL=5000
;TYPE:Inner wall
G1 F9000
G1 X-8.169 Y-21.331 E.01617
G1 X-7.68 Y-20.956 E.02897
G1 X-7.111 Y-20.721 E.02897
G1 X-6.5 Y-20.64 E.02897
G1 X-5.889 Y-20.721 E.02897
G1 X-5.32 Y-20.956 E.02897
G1 X-4.831 Y-21.331 E.02897
G1 X-4.622 Y-21.604 E.01617
G1 X-4.387 Y-21.525 E.01167
G1 X-4.387 Y-19.113 E.11341
G1 X54.613 Y-19.113 E2.77446
G1 X54.613 Y19.113 E1.79756
G1 X-4.387 Y19.113 E2.77446
G1 X-4.387 Y21.525 E.11341
M73 P23 R18
G1 X-4.622 Y21.604 E.01167
G1 X-4.831 Y21.331 E.01617
G1 X-5.32 Y20.956 E.02897
G1 X-5.889 Y20.721 E.02897
G1 X-6.5 Y20.64 E.02897
G1 X-7.111 Y20.721 E.02897
G1 X-7.68 Y20.956 E.02897
G1 X-8.169 Y21.331 E.02897
G1 X-8.378 Y21.604 E.01617
G1 X-8.613 Y21.525 E.01167
G1 X-8.613 Y19.113 E.11341
G1 X-40.387 Y19.113 E1.49417
G1 X-40.387 Y21.525 E.11341
G1 X-40.622 Y21.604 E.01167
G1 X-40.831 Y21.331 E.01617
G1 X-41.32 Y20.956 E.02897
G1 X-41.889 Y20.721 E.02897
G1 X-42.5 Y20.64 E.02897
G1 X-43.111 Y20.721 E.02897
G1 X-43.68 Y20.956 E.02897
G1 X-44.169 Y21.331 E.02897
G1 X-44.378 Y21.604 E.01617
G1 X-44.613 Y21.525 E.01167
G1 X-44.613 Y19.113 E.11341
G1 X-54.613 Y19.113 E.47025
G1 X-54.613 Y-19.113 E1.79756
G1 X-44.613 Y-19.113 E.47025
G1 X-44.613 Y-21.525 E.11341
G1 X-44.378 Y-21.604 E.01167
G1 X-44.169 Y-21.331 E.01617
G1 X-43.68 Y-20.956 E.02897
G1 X-43.111 Y-20.721 E.02897
G1 X-42.5 Y-20.64 E.02897
G1 X-41.889 Y-20.721 E.02897
G1 X-41.32 Y-20.956 E.02897
G1 X-40.831 Y-21.331 E.02897
G1 X-40.622 Y-21.604 E.01617
G1 X-40.387 Y-21.525 E.01167
G1 X-40.387 Y-19.113 E.11341
G1 X-8.613 Y-19.113 E1.49417
G1 X-8.613 Y-21.525 E.11341
G1 X-8.412 Y-21.593 E.00997
SET_VELOCITY_LIMIT ACCEL=10000
G1 E-1.2 F2100
;WIPE_START
G1 F9000
G1 X-8.169 Y-21.331
G1 X-7.68 Y-20.956
G1 X-7.111 Y-20.721
G1 X-6.703 Y-20.667
;WIPE_END
G1 X-7.757 Y-24.257 Z1.4 F30000
G1 Z1
G1 E1.2 F2100
SET_VELOCITY_LIMIT ACCEL=5000
;TYPE:Outer wall
G1 F7200
G1 X-7.389 Y-24.54 E.02182
G1 X-6.96 Y-24.717 E.02182
G1 X-6.654 Y-24.757 E.01451
G1 X-6.5 Y-24.778 E.00731
G1 X-6.04 Y-24.717 E.02182
G1 X-5.611 Y-24.54 E.02182
G1 X-5.243 Y-24.257 E.02182
G1 X-4.96 Y-23.889 E.02182
G1 X-4.783 Y-23.46 E.02182
G1 X-4.722 Y-23 E.02182
G1 X-4.783 Y-22.54 E.02182
G1 X-4.96 Y-22.111 E.02182
G1 X-5.243 Y-21.743 E.02182
G1 X-5.611 Y-21.46 E.02182
G1 X-6.04 Y-21.283 E.02182
G1 X-6.5 Y-21.222 E.02182
G1 X-6.96 Y-21.283 E.02182
G1 X-7.389 Y-21.46 E.02182
G1 X-7.757 Y-21.743 E.02182
G1 X-8.04 Y-22.111 E.02182
G1 X-8.217 Y-22.54 E.02182
G1 X-8.278 Y-23 E.02182
G1 X-8.217 Y-23.46 E.02182
G1 X-8.04 Y-23.889 E.02182
G1 X-7.779 Y-24.228 E.02013
SET_VELOCITY_LIMIT ACCEL=10000
G1 E-1.2 F2100
;WIPE_START
G1 F7200
G1 X-7.389 Y-24.54
G1 X-6.96 Y-24.717
G1 X-6.654 Y-24.757
G1 X-6.5 Y-24.778
G1 X-6.04 Y-24.717
G1 X-5.939 Y-24.675
;WIPE_END
G1 X-6.497 Y-17.063 Z1.4 F30000
G1 X-9.19 Y19.69 Z1.4
G1 Z1
G1 E1.2 F2100
SET_VELOCITY_LIMIT ACCEL=5000
G1 F7200
G1 X-39.81 Y19.69 E1.4399
G1 X-39.81 Y22.983 E.15483
G1 X-39.879 Y23.598 E.02913
G1 X-40.078 Y24.166 E.02831
G1 X-40.398 Y24.676 E.02831
G1 X-40.824 Y25.102 E.02831
G1 X-41.334 Y25.422 E.02831
G1 X-41.902 Y25.621 E.02831
G1 X-42.5 Y25.688 E.02831
G1 X-43.098 Y25.621 E.02831
G1 X-43.666 Y25.422 E.02831
G1 X-44.176 Y25.102 E.02831
G1 X-44.602 Y24.676 E.02831
G1 X-44.922 Y24.166 E.02831
G1 X-45.121 Y23.598 E.02831
G1 X-45.19 Y22.983 E.02913
G1 X-45.19 Y19.69 E.15483
G1 X-55.19 Y19.69 E.47025
G1 X-55.19 Y-19.69 E1.85183
G1 X-45.19 Y-19.69 E.47025
G1 X-45.19 Y-22.983 E.15483
G1 X-45.121 Y-23.598 E.02913
G1 X-44.922 Y-24.166 E.02831
G1 X-44.602 Y-24.676 E.02831
G1 X-44.176 Y-25.102 E.02831
G1 X-43.666 Y-25.422 E.02831
G1 X-43.098 Y-25.621 E.02831
G1 X-42.5 Y-25.688 E.02831
G1 X-41.902 Y-25.621 E.02831
G1 X-41.334 Y-25.422 E.02831
G1 X-40.824 Y-25.102 E.02831
G1 X-40.398 Y-24.676 E.02831
G1 X-40.078 Y-24.166 E.02831
G1 X-39.879 Y-23.598 E.02831
G1 X-39.81 Y-22.983 E.02913
G1 X-39.81 Y-19.69 E.15483
G1 X-9.19 Y-19.69 E1.4399
G1 X-9.19 Y-22.983 E.15483
G1 X-9.121 Y-23.598 E.02913
G1 X-8.922 Y-24.166 E.02831
G1 X-8.602 Y-24.676 E.02831
G1 X-8.176 Y-25.102 E.02831
G1 X-7.666 Y-25.422 E.02831
G1 X-7.098 Y-25.621 E.02831
G1 X-6.5 Y-25.688 E.02831
G1 X-6.334 Y-25.669 E.00783
G1 X-5.902 Y-25.621 E.02047
G1 X-5.334 Y-25.422 E.02831
G1 X-4.824 Y-25.102 E.02831
G1 X-4.398 Y-24.676 E.02831
G1 X-4.078 Y-24.166 E.02831
G1 X-3.879 Y-23.598 E.02831
G1 X-3.81 Y-22.983 E.02913
G1 X-3.81 Y-19.69 E.15483
G1 X55.19 Y-19.69 E2.77446
G1 X55.19 Y19.69 E1.85183
G1 X-3.81 Y19.69 E2.77446
G1 X-3.81 Y22.983 E.15483
G1 X-3.879 Y23.598 E.02913
G1 X-4.078 Y24.166 E.02831
G1 X-4.398 Y24.676 E.02831
G1 X-4.824 Y25.102 E.02831
G1 X-5.334 Y25.422 E.02831
G1 X-5.902 Y25.621 E.02831
G1 X-6.5 Y25.688 E.02831
G1 X-7.098 Y25.621 E.02831
G1 X-7.666 Y25.422 E.02831
G1 X-8.176 Y25.102 E.02831
G1 X-8.602 Y24.676 E.02831
G1 X-8.922 Y24.166 E.02831
G1 X-9.121 Y23.598 E.02831
G1 X-9.19 Y22.983 E.02913
G1 X-9.19 Y19.726 E.15314
SET_VELOCITY_LIMIT ACCEL=10000
G1 E-1.2 F2100
;WIPE_START
G1 F7200
G1 X-11.19 Y19.724
;WIPE_END
G1 X-8.618 Y21.827 Z1.4 F30000
G1 Z1
G1 E1.2 F2100
;TYPE:Gap infill
;WIDTH:0.455012
G1 F9000
G1 X-8.699 Y22.438 E.02069
;WIDTH:0.430898
G1 X-8.716 Y22.698 E.00822
;WIDTH:0.380939
G1 X-8.731 Y23.021 E.00893
G1 X-8.658 Y23.557 E.01488
;WIDTH:0.372842
G1 X-8.505 Y23.966 E.01174
G1 X-8.417 Y24.131 E.00503
G1 X-8.239 Y24.387 E.00839
G1 X-8.088 Y24.559 E.00615
G1 X-7.887 Y24.739 E.00726
G1 X-7.631 Y24.917 E.00839
G1 X-7.466 Y25.005 E.00503
G1 X-6.996 Y25.173 E.01341
G1 X-6.5 Y25.233 E.01343
G1 X-6.004 Y25.173 E.01343
G1 X-5.534 Y25.005 E.01341
G1 X-5.369 Y24.917 E.00503
G1 X-5.113 Y24.739 E.00839
G1 X-4.912 Y24.559 E.00726
G1 X-4.761 Y24.387 E.00615
G1 X-4.583 Y24.131 E.00839
G1 X-4.495 Y23.966 E.00503
G1 X-4.354 Y23.597 E.01062
G1 X-4.327 Y23.496 E.0028
G1 X-4.267 Y22.957 E.01458
;WIDTH:0.396894
G1 X-4.284 Y22.698 E.0075
;WIDTH:0.437808
G1 X-4.301 Y22.438 E.00836
G1 X-4.382 Y21.827 E.01982
G1 X-6.081 Y19.764 F30000
;TYPE:Sparse infill
;WIDTH:0.62
G1 F6000
G1 X-5.648 Y19.821 E.02052
G1 X-5.31 Y19.961 E.01719
G1 X-5.31 Y18.455 E.07084
G1 X-6.881 Y16.159 E.1308
G1 X-7.345 Y15.695 E.03084
G1 X-10.283 Y13.685 E.16741
G1 X-10.747 Y13.221 E.03084
G1 X-12.757 Y10.283 E.16741
G1 X-13.221 Y9.819 E.03084
G1 X-16.159 Y7.809 E.16741
G1 X-16.623 Y7.345 E.03084
G1 X-18.633 Y4.407 E.16741
G1 X-19.097 Y3.943 E.03084
G1 X-22.035 Y1.933 E.16741
G1 X-22.499 Y1.469 E.03084
G1 X-24.509 Y-1.469 E.16741
G1 X-24.973 Y-1.933 E.03084
G1 X-27.911 Y-3.943 E.16741
G1 X-28.375 Y-4.407 E.03084
G1 X-30.385 Y-7.345 E.16741
G1 X-30.849 Y-7.809 E.03084
G1 X-33.787 Y-9.819 E.16741
G1 X-34.251 Y-10.283 E.03084
G1 X-36.261 Y-13.221 E.16741
G1 X-36.725 Y-13.685 E.03084
G1 X-39.663 Y-15.695 E.16741
G1 X-40.127 Y-16.159 E.03084
G1 X-42.137 Y-19.097 E.16741
G1 X-42.601 Y-19.561 E.03084
G1 X-42.893 Y-19.761 E.01665
G1 X-43.352 Y-19.821 E.02175
G1 X-43.69 Y-19.961 E.01719
G1 X-43.69 Y-18.19 E.0833
G1 X-47.392 Y-18.19 E.17412
G1 X-46.003 Y-16.159 E.1157
G1 X-45.539 Y-15.695 E.03084
G1 X-42.601 Y-13.685 E.16741
G1 X-42.137 Y-13.221 E.03084
G1 X-40.127 Y-10.283 E.16741
G1 X-39.663 Y-9.819 E.03084
G1 X-36.725 Y-7.809 E.16741
G1 X-36.261 Y-7.345 E.03084
G1 X-34.251 Y-4.407 E.16741
G1 X-33.787 Y-3.943 E.03084
G1 X-30.849 Y-1.933 E.16741
G1 X-30.385 Y-1.469 E.03084
G1 X-28.375 Y1.469 E.16741
G1 X-27.911 Y1.933 E.03084
G1 X-24.973 Y3.943 E.16741
G1 X-24.509 Y4.407 E.03084
G1 X-22.499 Y7.345 E.16741
G1 X-22.035 Y7.809 E.03084
G1 X-19.097 Y9.819 E.16741
G1 X-18.633 Y10.283 E.03084
G1 X-16.623 Y13.221 E.16741
G1 X-16.159 Y13.685 E.03084
G1 X-13.221 Y15.695 E.16741
G1 X-12.757 Y16.159 E.03084
G1 X-11.368 Y18.19 E.1157
G1 X-17.244 Y18.19 E.27632
G1 X-18.633 Y16.159 E.1157
G1 X-19.097 Y15.695 E.03084
G1 X-22.035 Y13.685 E.16741
G1 X-22.499 Y13.221 E.03084
G1 X-24.509 Y10.283 E.16741
G1 X-24.973 Y9.819 E.03084
G1 X-27.911 Y7.809 E.16741
G1 X-28.375 Y7.345 E.03084
G1 X-30.385 Y4.407 E.16741
G1 X-30.849 Y3.943 E.03084
G1 X-33.787 Y1.933 E.16741
G1 X-34.251 Y1.469 E.03084
G1 X-36.261 Y-1.469 E.16741
G1 X-36.725 Y-1.933 E.03084
G1 X-39.663 Y-3.943 E.16741
G1 X-40.127 Y-4.407 E.03084
G1 X-42.137 Y-7.345 E.16741
G1 X-42.601 Y-7.809 E.03084
G1 X-45.539 Y-9.819 E.16741
G1 X-46.003 Y-10.283 E.03084
G1 X-48.013 Y-13.221 E.16741
G1 X-48.477 Y-13.685 E.03084
G1 X-51.415 Y-15.695 E.16741
G1 X-51.879 Y-16.159 E.03084
G1 X-53.268 Y-18.19 E.1157
G1 X-53.69 Y-18.19 E.01981
G1 X-53.69 Y-12.929 E.24737
G1 X-51.879 Y-10.283 E.15077
G1 X-51.415 Y-9.819 E.03084
G1 X-48.477 Y-7.809 E.16741
G1 X-48.013 Y-7.345 E.03084
G1 X-46.003 Y-4.407 E.16741
G1 X-45.539 Y-3.943 E.03084
G1 X-42.601 Y-1.933 E.16741
G1 X-42.137 Y-1.469 E.03084
G1 X-40.127 Y1.469 E.16741
G1 X-39.663 Y1.933 E.03084
G1 X-36.725 Y3.943 E.16741
G1 X-36.261 Y4.407 E.03084
G1 X-34.251 Y7.345 E.16741
G1 X-33.787 Y7.809 E.03084
G1 X-30.849 Y9.819 E.16741
G1 X-30.385 Y10.283 E.03084
G1 X-28.375 Y13.221 E.16741
G1 X-27.911 Y13.685 E.03084
G1 X-24.973 Y15.695 E.16741
G1 X-24.509 Y16.159 E.03084
G1 X-23.12 Y18.19 E.1157
G1 X-28.996 Y18.19 E.27632
G1 X-30.385 Y16.159 E.1157
G1 X-30.849 Y15.695 E.03084
G1 X-33.787 Y13.685 E.16741
G1 X-34.251 Y13.221 E.03084
G1 X-36.261 Y10.283 E.16741
G1 X-36.725 Y9.819 E.03084
G1 X-39.663 Y7.809 E.16741
G1 X-40.127 Y7.345 E.03084
G1 X-42.137 Y4.407 E.16741
G1 X-42.601 Y3.943 E.03084
G1 X-45.539 Y1.933 E.16741
G1 X-46.003 Y1.469 E.03084
G1 X-48.013 Y-1.469 E.16741
G1 X-48.477 Y-1.933 E.03084
G1 X-51.415 Y-3.943 E.16741
G1 X-51.879 Y-4.407 E.03084
G1 X-53.69 Y-7.053 E.15077
G1 X-53.69 Y-1.177 E.27632
G1 X-51.879 Y1.469 E.15077
G1 X-51.415 Y1.933 E.03084
G1 X-48.477 Y3.943 E.16741
G1 X-48.013 Y4.407 E.03084
G1 X-46.003 Y7.345 E.16741
G1 X-45.539 Y7.809 E.03084
G1 X-42.601 Y9.819 E.16741
G1 X-42.137 Y10.283 E.03084
G1 X-40.127 Y13.221 E.16741
G1 X-39.663 Y13.685 E.03084
G1 X-36.725 Y15.695 E.16741
G1 X-36.261 Y16.159 E.03084
G1 X-34.872 Y18.19 E.1157
G1 X-40.748 Y18.19 E.27632
G1 X-42.137 Y16.159 E.1157
G1 X-42.601 Y15.695 E.03084
G1 X-45.539 Y13.685 E.16741
G1 X-46.003 Y13.221 E.03084
G1 X-48.013 Y10.283 E.16741
G1 X-48.477 Y9.819 E.03084
G1 X-51.415 Y7.809 E.16741
G1 X-51.879 Y7.345 E.03084
G1 X-53.69 Y4.699 E.15077
G1 X-53.69 Y10.575 E.27632
G1 X-51.879 Y13.221 E.15077
G1 X-51.415 Y13.685 E.03084
G1 X-48.477 Y15.695 E.16741
G1 X-48.013 Y16.159 E.03084
G1 X-46.624 Y18.19 E.1157
G1 X-52.5 Y18.19 E.27632
G1 X-53.69 Y16.451 E.09906
G1 X-53.69 Y14.143 E.10855
G1 E-1.2 F2100
;WIPE_START
G1 F6000
G1 X-53.69 Y16.143
;WIPE_END
G1 X-47.219 Y20.191 Z1.4 F30000
G1 X-44.583 Y21.839 Z1.4
G1 Z1
G1 E1.2 F2100
;TYPE:Gap infill
;WIDTH:0.555682
G1 F9000
G1 X-44.62 Y22.021 E.00774
;WIDTH:0.518258
G1 X-44.656 Y22.203 E.00718
;WIDTH:0.480834
G1 X-44.692 Y22.384 E.00661
;WIDTH:0.455011
G1 X-44.699 Y22.438 E.00182
;WIDTH:0.430898
G1 X-44.716 Y22.698 E.00822
;WIDTH:0.380939
G1 X-44.731 Y23.021 E.00893
G1 X-44.658 Y23.557 E.01488
;WIDTH:0.372842
G1 X-44.505 Y23.966 E.01174
G1 X-44.417 Y24.131 E.00503
G1 X-44.239 Y24.387 E.00839
G1 X-44.059 Y24.588 E.00726
G1 X-43.887 Y24.739 E.00615
G1 X-43.631 Y24.917 E.00839
G1 X-43.466 Y25.005 E.00503
G1 X-42.996 Y25.173 E.01341
G1 X-42.5 Y25.233 E.01343
G1 X-42.004 Y25.173 E.01343
G1 X-41.534 Y25.005 E.01341
G1 X-41.369 Y24.917 E.00503
G1 X-41.113 Y24.739 E.00839
G1 X-40.912 Y24.559 E.00726
G1 X-40.761 Y24.387 E.00615
G1 X-40.583 Y24.131 E.00839
G1 X-40.495 Y23.966 E.00503
G1 X-40.354 Y23.597 E.01062
G1 X-40.327 Y23.496 E.0028
G1 X-40.267 Y22.957 E.01458
;WIDTH:0.396895
G1 X-40.284 Y22.698 E.0075
;WIDTH:0.437809
G1 X-40.301 Y22.438 E.00836
G1 X-40.382 Y21.827 E.01982
G1 X-33.332 Y-18.19 F30000
;TYPE:Sparse infill
;WIDTH:0.62
G1 F6000
G1 X-35.64 Y-18.19 E.10855
G1 X-34.251 Y-16.159 E.1157
G1 X-33.787 Y-15.695 E.03084
G1 X-30.849 Y-13.685 E.16741
G1 X-30.385 Y-13.221 E.03084
G1 X-28.375 Y-10.283 E.16741
G1 X-27.911 Y-9.819 E.03084
G1 X-24.973 Y-7.809 E.16741
G1 X-24.509 Y-7.345 E.03084
G1 X-22.499 Y-4.407 E.16741
G1 X-22.035 Y-3.943 E.03084
G1 X-19.097 Y-1.933 E.16741
G1 X-18.633 Y-1.469 E.03084
G1 X-16.623 Y1.469 E.16741
G1 X-16.159 Y1.933 E.03084
G1 X-13.221 Y3.943 E.16741
G1 X-12.757 Y4.407 E.03084
G1 X-10.747 Y7.345 E.16741
G1 X-10.283 Y7.809 E.03084
G1 X-7.345 Y9.819 E.16741
G1 X-6.881 Y10.283 E.03084
G1 X-4.871 Y13.221 E.16741
G1 X-4.407 Y13.685 E.03084
G1 X-1.469 Y15.695 E.16741
G1 X-1.005 Y16.159 E.03084
G1 X.384 Y18.19 E.1157
G1 X6.26 Y18.19 E.27632
G1 X4.871 Y16.159 E.1157
G1 X4.407 Y15.695 E.03084
G1 X1.469 Y13.685 E.16741
G1 X1.005 Y13.221 E.03084
G1 X-1.005 Y10.283 E.16741
G1 X-1.469 Y9.819 E.03084
G1 X-4.407 Y7.809 E.16741
G1 X-4.871 Y7.345 E.03084
G1 X-6.881 Y4.407 E.16741
G1 X-7.345 Y3.943 E.03084
G1 X-10.283 Y1.933 E.16741
G1 X-10.747 Y1.469 E.03084
G1 X-12.757 Y-1.469 E.16741
G1 X-13.221 Y-1.933 E.03084
G1 X-16.159 Y-3.943 E.16741
G1 X-16.623 Y-4.407 E.03084
G1 X-18.633 Y-7.345 E.16741
G1 X-19.097 Y-7.809 E.03084
G1 X-22.035 Y-9.819 E.16741
G1 X-22.499 Y-10.283 E.03084
G1 X-24.509 Y-13.221 E.16741
G1 X-24.973 Y-13.685 E.03084
G1 X-27.911 Y-15.695 E.16741
G1 X-28.375 Y-16.159 E.03084
G1 X-29.764 Y-18.19 E.1157
G1 X-23.888 Y-18.19 E.27632
G1 X-22.499 Y-16.159 E.1157
G1 X-22.035 Y-15.695 E.03084
G1 X-19.097 Y-13.685 E.16741
G1 X-18.633 Y-13.221 E.03084
G1 X-16.623 Y-10.283 E.16741
G1 X-16.159 Y-9.819 E.03084
G1 X-13.221 Y-7.809 E.16741
G1 X-12.757 Y-7.345 E.03084
G1 X-10.747 Y-4.407 E.16741
G1 X-10.283 Y-3.943 E.03084
G1 X-7.345 Y-1.933 E.16741
G1 X-6.881 Y-1.469 E.03084
G1 X-4.871 Y1.469 E.16741
G1 X-4.407 Y1.933 E.03084
G1 X-1.469 Y3.943 E.16741
G1 X-1.005 Y4.407 E.03084
G1 X1.005 Y7.345 E.16741
G1 X1.469 Y7.809 E.03084
G1 X4.407 Y9.819 E.16741
G1 X4.871 Y10.283 E.03084
G1 X6.881 Y13.221 E.16741
G1 X7.345 Y13.685 E.03084
G1 X10.283 Y15.695 E.16741
G1 X10.747 Y16.159 E.03084
G1 X12.136 Y18.19 E.1157
G1 X18.012 Y18.19 E.27632
G1 X16.623 Y16.159 E.1157
G1 X16.159 Y15.695 E.03084
G1 X13.221 Y13.685 E.16741
G1 X12.757 Y13.221 E.03084
G1 X10.747 Y10.283 E.16741
G1 X10.283 Y9.819 E.03084
G1 X7.345 Y7.809 E.16741
G1 X6.881 Y7.345 E.03084
G1 X4.871 Y4.407 E.16741
G1 X4.407 Y3.943 E.03084
G1 X1.469 Y1.933 E.16741
G1 X1.005 Y1.469 E.03084
G1 X-1.005 Y-1.469 E.16741
G1 X-1.469 Y-1.933 E.03084
G1 X-4.407 Y-3.943 E.16741
G1 X-4.871 Y-4.407 E.03084
G1 X-6.881 Y-7.345 E.16741
G1 X-7.345 Y-7.809 E.03084
G1 X-10.283 Y-9.819 E.16741
G1 X-10.747 Y-10.283 E.03084
G1 X-12.757 Y-13.221 E.16741
G1 X-13.221 Y-13.685 E.03084
G1 X-16.159 Y-15.695 E.16741
G1 X-16.623 Y-16.159 E.03084
G1 X-18.012 Y-18.19 E.1157
G1 X-12.136 Y-18.19 E.27632
G1 X-10.747 Y-16.159 E.1157
G1 X-10.283 Y-15.695 E.03084
G1 X-7.345 Y-13.685 E.16741
G1 X-6.881 Y-13.221 E.03084
G1 X-4.871 Y-10.283 E.16741
G1 X-4.407 Y-9.819 E.03084
G1 X-1.469 Y-7.809 E.16741
G1 X-1.005 Y-7.345 E.03084
G1 X1.005 Y-4.407 E.16741
G1 X1.469 Y-3.943 E.03084
G1 X4.407 Y-1.933 E.16741
G1 X4.871 Y-1.469 E.03084
G1 X6.881 Y1.469 E.16741
G1 X7.345 Y1.933 E.03084
G1 X10.283 Y3.943 E.16741
G1 X10.747 Y4.407 E.03084
G1 X12.757 Y7.345 E.16741
G1 X13.221 Y7.809 E.03084
G1 X16.159 Y9.819 E.16741
G1 X16.623 Y10.283 E.03084
G1 X18.633 Y13.221 E.16741
G1 X19.097 Y13.685 E.03084
G1 X22.035 Y15.695 E.16741
G1 X22.499 Y16.159 E.03084
G1 X23.888 Y18.19 E.1157
G1 X29.764 Y18.19 E.27632
G1 X28.375 Y16.159 E.1157
G1 X27.911 Y15.695 E.03084
G1 X24.973 Y13.685 E.16741
G1 X24.509 Y13.221 E.03084
G1 X22.499 Y10.283 E.16741
G1 X22.035 Y9.819 E.03084
G1 X19.097 Y7.809 E.16741
G1 X18.633 Y7.345 E.03084
G1 X16.623 Y4.407 E.16741
G1 X16.159 Y3.943 E.03084
G1 X13.221 Y1.933 E.16741
G1 X12.757 Y1.469 E.03084
G1 X10.747 Y-1.469 E.16741
G1 X10.283 Y-1.933 E.03084
G1 X7.345 Y-3.943 E.16741
G1 X6.881 Y-4.407 E.03084
G1 X4.871 Y-7.345 E.16741
G1 X4.407 Y-7.809 E.03084
G1 X1.469 Y-9.819 E.16741
G1 X1.005 Y-10.283 E.03084
M73 P24 R18
G1 X-1.005 Y-13.221 E.16741
G1 X-1.469 Y-13.685 E.03084
G1 X-4.407 Y-15.695 E.16741
G1 X-4.871 Y-16.159 E.03084
G1 X-6.881 Y-19.097 E.16741
G1 X-7.345 Y-19.561 E.03084
G1 X-7.69 Y-19.797 E.01963
G1 X-7.69 Y-19.961 E.00773
G1 X-6.871 Y-19.622 E.04167
G1 X-6.93 Y-19.766 E.00731
G1 X-6.5 Y-19.709 E.02041
G1 X-5.648 Y-19.821 E.0404
G1 X-5.31 Y-19.961 E.01719
G1 X-5.31 Y-18.19 E.0833
G1 X-.384 Y-18.19 E.23165
G1 X1.005 Y-16.159 E.1157
G1 X1.469 Y-15.695 E.03084
G1 X4.407 Y-13.685 E.16741
G1 X4.871 Y-13.221 E.03084
G1 X6.881 Y-10.283 E.16741
G1 X7.345 Y-9.819 E.03084
G1 X10.283 Y-7.809 E.16741
G1 X10.747 Y-7.345 E.03084
G1 X12.757 Y-4.407 E.16741
G1 X13.221 Y-3.943 E.03084
G1 X16.159 Y-1.933 E.16741
G1 X16.623 Y-1.469 E.03084
G1 X18.633 Y1.469 E.16741
G1 X19.097 Y1.933 E.03084
G1 X22.035 Y3.943 E.16741
G1 X22.499 Y4.407 E.03084
G1 X24.509 Y7.345 E.16741
G1 X24.973 Y7.809 E.03084
G1 X27.911 Y9.819 E.16741
G1 X28.375 Y10.283 E.03084
G1 X30.385 Y13.221 E.16741
G1 X30.849 Y13.685 E.03084
G1 X33.787 Y15.695 E.16741
G1 X34.251 Y16.159 E.03084
G1 X35.64 Y18.19 E.1157
G1 X41.516 Y18.19 E.27632
G1 X40.127 Y16.159 E.1157
G1 X39.663 Y15.695 E.03084
G1 X36.725 Y13.685 E.16741
G1 X36.261 Y13.221 E.03084
G1 X34.251 Y10.283 E.16741
G1 X33.787 Y9.819 E.03084
G1 X30.849 Y7.809 E.16741
G1 X30.385 Y7.345 E.03084
G1 X28.375 Y4.407 E.16741
G1 X27.911 Y3.943 E.03084
G1 X24.973 Y1.933 E.16741
G1 X24.509 Y1.469 E.03084
G1 X22.499 Y-1.469 E.16741
G1 X22.035 Y-1.933 E.03084
G1 X19.097 Y-3.943 E.16741
G1 X18.633 Y-4.407 E.03084
G1 X16.623 Y-7.345 E.16741
G1 X16.159 Y-7.809 E.03084
G1 X13.221 Y-9.819 E.16741
G1 X12.757 Y-10.283 E.03084
G1 X10.747 Y-13.221 E.16741
G1 X10.283 Y-13.685 E.03084
G1 X7.345 Y-15.695 E.16741
G1 X6.881 Y-16.159 E.03084
G1 X5.492 Y-18.19 E.1157
G1 X11.368 Y-18.19 E.27632
G1 X12.757 Y-16.159 E.1157
G1 X13.221 Y-15.695 E.03084
G1 X16.159 Y-13.685 E.16741
G1 X16.623 Y-13.221 E.03084
G1 X18.633 Y-10.283 E.16741
G1 X19.097 Y-9.819 E.03084
G1 X22.035 Y-7.809 E.16741
G1 X22.499 Y-7.345 E.03084
G1 X24.509 Y-4.407 E.16741
G1 X24.973 Y-3.943 E.03084
G1 X27.911 Y-1.933 E.16741
G1 X28.375 Y-1.469 E.03084
G1 X30.385 Y1.469 E.16741
G1 X30.849 Y1.933 E.03084
G1 X33.787 Y3.943 E.16741
G1 X34.251 Y4.407 E.03084
G1 X36.261 Y7.345 E.16741
G1 X36.725 Y7.809 E.03084
G1 X39.663 Y9.819 E.16741
G1 X40.127 Y10.283 E.03084
G1 X42.137 Y13.221 E.16741
G1 X42.601 Y13.685 E.03084
G1 X45.539 Y15.695 E.16741
G1 X46.003 Y16.159 E.03084
G1 X47.392 Y18.19 E.1157
G1 X45.084 Y18.19 E.10855
G1 X53.69 Y-14.143 F30000
G1 F6000
G1 X53.69 Y-16.451 E.10855
G1 X52.5 Y-18.19 E.09906
G1 X46.624 Y-18.19 E.27632
G1 X48.013 Y-16.159 E.1157
G1 X48.477 Y-15.695 E.03084
G1 X51.415 Y-13.685 E.16741
G1 X51.879 Y-13.221 E.03084
G1 X53.69 Y-10.575 E.15077
G1 X53.69 Y-4.699 E.27632
G1 X51.879 Y-7.345 E.15077
G1 X51.415 Y-7.809 E.03084
G1 X48.477 Y-9.819 E.16741
G1 X48.013 Y-10.283 E.03084
G1 X46.003 Y-13.221 E.16741
G1 X45.539 Y-13.685 E.03084
G1 X42.601 Y-15.695 E.16741
G1 X42.137 Y-16.159 E.03084
G1 X40.748 Y-18.19 E.1157
G1 X34.872 Y-18.19 E.27632
G1 X36.261 Y-16.159 E.1157
G1 X36.725 Y-15.695 E.03084
G1 X39.663 Y-13.685 E.16741
G1 X40.127 Y-13.221 E.03084
G1 X42.137 Y-10.283 E.16741
G1 X42.601 Y-9.819 E.03084
G1 X45.539 Y-7.809 E.16741
G1 X46.003 Y-7.345 E.03084
G1 X48.013 Y-4.407 E.16741
G1 X48.477 Y-3.943 E.03084
G1 X51.415 Y-1.933 E.16741
G1 X51.879 Y-1.469 E.03084
G1 X53.69 Y1.177 E.15077
G1 X53.69 Y7.053 E.27632
G1 X51.879 Y4.407 E.15077
G1 X51.415 Y3.943 E.03084
G1 X48.477 Y1.933 E.16741
G1 X48.013 Y1.469 E.03084
G1 X46.003 Y-1.469 E.16741
G1 X45.539 Y-1.933 E.03084
G1 X42.601 Y-3.943 E.16741
G1 X42.137 Y-4.407 E.03084
G1 X40.127 Y-7.345 E.16741
G1 X39.663 Y-7.809 E.03084
G1 X36.725 Y-9.819 E.16741
G1 X36.261 Y-10.283 E.03084
G1 X34.251 Y-13.221 E.16741
G1 X33.787 Y-13.685 E.03084
G1 X30.849 Y-15.695 E.16741
G1 X30.385 Y-16.159 E.03084
G1 X28.996 Y-18.19 E.1157
G1 X23.12 Y-18.19 E.27632
G1 X24.509 Y-16.159 E.1157
G1 X24.973 Y-15.695 E.03084
G1 X27.911 Y-13.685 E.16741
G1 X28.375 Y-13.221 E.03084
G1 X30.385 Y-10.283 E.16741
G1 X30.849 Y-9.819 E.03084
G1 X33.787 Y-7.809 E.16741
G1 X34.251 Y-7.345 E.03084
G1 X36.261 Y-4.407 E.16741
G1 X36.725 Y-3.943 E.03084
G1 X39.663 Y-1.933 E.16741
G1 X40.127 Y-1.469 E.03084
G1 X42.137 Y1.469 E.16741
G1 X42.601 Y1.933 E.03084
G1 X45.539 Y3.943 E.16741
G1 X46.003 Y4.407 E.03084
G1 X48.013 Y7.345 E.16741
G1 X48.477 Y7.809 E.03084
G1 X51.415 Y9.819 E.16741
G1 X51.879 Y10.283 E.03084
G1 X53.69 Y12.929 E.15077
G1 X53.69 Y18.19 E.24737
G1 X53.268 Y18.19 E.01981
G1 X51.879 Y16.159 E.1157
G1 X51.415 Y15.695 E.03084
G1 X48.477 Y13.685 E.16741
G1 X48.013 Y13.221 E.03084
G1 X46.003 Y10.283 E.16741
G1 X45.539 Y9.819 E.03084
G1 X42.601 Y7.809 E.16741
G1 X42.137 Y7.345 E.03084
G1 X40.127 Y4.407 E.16741
G1 X39.663 Y3.943 E.03084
G1 X36.725 Y1.933 E.16741
G1 X36.261 Y1.469 E.03084
G1 X34.251 Y-1.469 E.16741
G1 X33.787 Y-1.933 E.03084
G1 X30.849 Y-3.943 E.16741
G1 X30.385 Y-4.407 E.03084
G1 X28.375 Y-7.345 E.16741
G1 X27.911 Y-7.809 E.03084
G1 X24.973 Y-9.819 E.16741
G1 X24.509 Y-10.283 E.03084
G1 X22.499 Y-13.221 E.16741
G1 X22.035 Y-13.685 E.03084
G1 X19.097 Y-15.695 E.16741
G1 X18.633 Y-16.159 E.03084
G1 X17.244 Y-18.19 E.1157
G1 X19.552 Y-18.19 E.10855
G1 E-1.2 F2100
;WIPE_START
G1 F6000
G1 X17.552 Y-18.19
;WIPE_END
G1 X10.023 Y-19.438 Z1.4 F30000
G1 X-4.382 Y-21.827 Z1.4
G1 Z1
G1 E1.2 F2100
;TYPE:Gap infill
;WIDTH:0.455009
G1 F9000
G1 X-4.301 Y-22.438 E.02069
;WIDTH:0.430896
G1 X-4.284 Y-22.698 E.00822
;WIDTH:0.38094
G1 X-4.269 Y-23.021 E.00893
G1 X-4.342 Y-23.557 E.01488
;WIDTH:0.372842
G1 X-4.495 Y-23.966 E.01174
G1 X-4.583 Y-24.131 E.00503
G1 X-4.761 Y-24.387 E.00839
G1 X-4.941 Y-24.588 E.00726
G1 X-5.113 Y-24.739 E.00615
G1 X-5.369 Y-24.917 E.00839
G1 X-5.534 Y-25.005 E.00503
G1 X-6.004 Y-25.173 E.01341
G1 X-6.5 Y-25.233 E.01343
G1 X-6.996 Y-25.173 E.01343
G1 X-7.466 Y-25.005 E.01341
G1 X-7.631 Y-24.917 E.00503
G1 X-7.887 Y-24.739 E.00839
G1 X-8.059 Y-24.588 E.00615
G1 X-8.239 Y-24.387 E.00726
G1 X-8.417 Y-24.131 E.00839
G1 X-8.505 Y-23.966 E.00503
G1 X-8.646 Y-23.597 E.01062
G1 X-8.673 Y-23.496 E.0028
G1 X-8.733 Y-22.957 E.01458
;WIDTH:0.396896
G1 X-8.716 Y-22.698 E.0075
;WIDTH:0.437809
G1 X-8.699 Y-22.438 E.00836
G1 X-8.618 Y-21.827 E.01982
G1 X-6.345 Y-20.195 F30000
SET_VELOCITY_LIMIT ACCEL=7000
;TYPE:Internal solid infill
;WIDTH:0.55292
G1 F9000
G1 X-5.791 Y-20.268 E.02321
G1 X-5.108 Y-20.544 E.03062
G1 X-4.914 Y-20.605 E.00847
G1 X-4.849 Y-20.393 E.00921
G1 X-4.849 Y-18.824 E.06518
G1 X-4.819 Y-18.681 E.00609
G1 X-4.676 Y-18.651 E.00609
G1 X53.978 Y-18.651 E2.43756
G1 X54.122 Y-18.622 E.00609
G1 X54.151 Y-18.478 E.00609
G1 X54.151 Y18.478 E1.53585
G1 X54.122 Y18.622 E.00609
G1 X53.978 Y18.651 E.00609
G1 X-4.676 Y18.651 E2.43756
G1 X-4.819 Y18.681 E.00609
G1 X-4.849 Y18.824 E.00609
G1 X-4.849 Y20.393 E.06518
G1 X-4.914 Y20.605 E.00921
G1 X-5.748 Y20.28 E.0372
G1 X-6.477 Y20.178 E.03062
G1 X-7.209 Y20.268 E.03062
G1 X-7.892 Y20.544 E.03062
G1 X-8.086 Y20.605 E.00847
G1 X-8.151 Y20.393 E.00921
G1 X-8.151 Y18.824 E.06518
G1 X-8.181 Y18.681 E.00609
G1 X-8.324 Y18.651 E.00609
G1 X-40.676 Y18.651 E1.34447
G1 X-40.819 Y18.681 E.00609
G1 X-40.849 Y18.824 E.00609
G1 X-40.849 Y20.393 E.06518
G1 X-40.914 Y20.605 E.00921
G1 X-41.748 Y20.28 E.0372
G1 X-42.477 Y20.178 E.03062
G1 X-43.209 Y20.268 E.03062
G1 X-43.892 Y20.544 E.03062
G1 X-44.086 Y20.605 E.00847
G1 X-44.151 Y20.393 E.00921
G1 X-44.151 Y18.824 E.06518
G1 X-44.181 Y18.681 E.00609
G1 X-44.324 Y18.651 E.00609
G1 X-53.978 Y18.651 E.4012
G1 X-54.122 Y18.622 E.00609
G1 X-54.151 Y18.478 E.00609
G1 X-54.151 Y-18.478 E1.53585
G1 X-54.122 Y-18.622 E.00609
G1 X-53.978 Y-18.651 E.00609
G1 X-44.324 Y-18.651 E.4012
G1 X-44.181 Y-18.681 E.00609
G1 X-44.151 Y-18.824 E.00609
G1 X-44.151 Y-20.393 E.06518
G1 X-44.086 Y-20.605 E.00921
G1 X-43.238 Y-20.276 E.0378
SET_VELOCITY_LIMIT ACCEL=10000
G1 X-42.269 Y-20.205 F30000
SET_VELOCITY_LIMIT ACCEL=7000
G1 F9000
G1 X-41.769 Y-20.272 E.02095
G1 X-41.108 Y-20.544 E.0297
G1 X-40.914 Y-20.605 E.00847
G1 X-40.849 Y-20.393 E.00921
G1 X-40.849 Y-18.824 E.06518
G1 X-40.819 Y-18.681 E.00609
G1 X-40.676 Y-18.651 E.00609
G1 X-8.324 Y-18.651 E1.34447
G1 X-8.181 Y-18.681 E.00609
G1 X-8.151 Y-18.824 E.00609
G1 X-8.151 Y-20.393 E.06518
G1 X-8.086 Y-20.605 E.00921
G1 X-7.757 Y-20.487 E.01454
SET_VELOCITY_LIMIT ACCEL=10000
G1 E-1.2 F2100
;WIPE_START
G1 F9000
G1 X-8.086 Y-20.605
G1 X-8.151 Y-20.393
G1 X-8.151 Y-18.964
;WIPE_END
G1 X-15.733 Y-19.845 Z1.4 F30000
G1 X-40.284 Y-22.698 Z1.4
G1 Z1
G1 E1.2 F2100
;TYPE:Gap infill
;WIDTH:0.430898
G1 F9000
G1 X-40.301 Y-22.438 E.00822
;WIDTH:0.45501
G1 X-40.308 Y-22.384 E.00182
;WIDTH:0.480833
G1 X-40.344 Y-22.203 E.00661
;WIDTH:0.518257
G1 X-40.38 Y-22.021 E.00718
;WIDTH:0.555682
G1 X-40.417 Y-21.839 E.00774
G1 X-40.284 Y-22.698 F30000
;WIDTH:0.380939
G1 F9000
G1 X-40.269 Y-23.021 E.00893
G1 X-40.342 Y-23.557 E.01488
;WIDTH:0.372841
G1 X-40.495 Y-23.966 E.01174
G1 X-40.583 Y-24.131 E.00503
G1 X-40.761 Y-24.387 E.00839
G1 X-40.912 Y-24.559 E.00615
G1 X-41.113 Y-24.739 E.00726
G1 X-41.369 Y-24.917 E.00839
G1 X-41.534 Y-25.005 E.00503
G1 X-42.004 Y-25.173 E.01341
G1 X-42.5 Y-25.233 E.01343
G1 X-42.996 Y-25.173 E.01343
G1 X-43.466 Y-25.005 E.01341
G1 X-43.631 Y-24.917 E.00503
G1 X-43.887 Y-24.739 E.00839
G1 X-44.088 Y-24.559 E.00726
G1 X-44.239 Y-24.387 E.00615
G1 X-44.417 Y-24.131 E.00839
G1 X-44.505 Y-23.966 E.00503
G1 X-44.646 Y-23.597 E.01062
G1 X-44.673 Y-23.496 E.0028
G1 X-44.733 Y-22.957 E.01458
;WIDTH:0.396896
G1 X-44.716 Y-22.698 E.0075
;WIDTH:0.43781
G1 X-44.699 Y-22.438 E.00836
G1 X-44.618 Y-21.827 E.01982
;LAYER_CHANGE
;Z:1.2
;HEIGHT:0.2
;BEFORE_LAYER_CHANGE
;1.2
G1 E-1.2 F2100
;WIPE_START
G1 F9000
G1 X-44.699 Y-22.438
G1 X-44.716 Y-22.698
;WIPE_END
;AFTER_LAYER_CHANGE
;1.2
;_SET_FAN_SPEED_CHANGING_LAYER
G17
G3 Z1.6 I-.952 J.759 P1  F30000
G1 X-8.278 Y23 Z1.6
G1 Z1.2
G1 E1.2 F2100
SET_VELOCITY_LIMIT ACCEL=5000
;TYPE:Outer wall
;WIDTH:0.62
G1 F7200
G1 X-8.217 Y22.54 E.02182
G1 X-8.04 Y22.111 E.02182
G1 X-7.757 Y21.743 E.02182
G1 X-7.389 Y21.46 E.02182
G1 X-6.96 Y21.283 E.02182
G1 X-6.679 Y21.246 E.01331
G1 X-6.5 Y21.222 E.00851
G1 X-6.04 Y21.283 E.02182
G1 X-5.611 Y21.46 E.02182
G1 X-5.243 Y21.743 E.02182
G1 X-4.96 Y22.111 E.02182
G1 X-4.783 Y22.54 E.02182
G1 X-4.722 Y23 E.02182
G1 X-4.783 Y23.46 E.02182
G1 X-4.96 Y23.889 E.02182
G1 X-5.243 Y24.257 E.02182
G1 X-5.611 Y24.54 E.02182
G1 X-6.04 Y24.717 E.02182
G1 X-6.5 Y24.778 E.02182
G1 X-6.96 Y24.717 E.02182
G1 X-7.389 Y24.54 E.02182
G1 X-7.757 Y24.257 E.02182
G1 X-8.04 Y23.889 E.02182
G1 X-8.217 Y23.46 E.02182
G1 X-8.273 Y23.036 E.02013
SET_VELOCITY_LIMIT ACCEL=10000
G1 E-1.2 F2100
;WIPE_START
G1 F7200
G1 X-8.217 Y22.54
G1 X-8.04 Y22.111
G1 X-7.757 Y21.743
G1 X-7.389 Y21.46
G1 X-7.288 Y21.419
;WIPE_END
G1 X-14.919 Y21.576 Z1.6 F30000
G1 X-40.96 Y22.111 Z1.6
G1 Z1.2
G1 E1.2 F2100
SET_VELOCITY_LIMIT ACCEL=5000
G1 F7200
G1 X-40.783 Y22.54 E.02182
G1 X-40.722 Y23 E.02182
G1 X-40.783 Y23.46 E.02182
G1 X-40.96 Y23.889 E.02182
G1 X-41.243 Y24.257 E.02182
G1 X-41.611 Y24.54 E.02182
G1 X-42.04 Y24.717 E.02182
G1 X-42.5 Y24.778 E.02182
G1 X-42.96 Y24.717 E.02182
G1 X-43.389 Y24.54 E.02182
G1 X-43.757 Y24.257 E.02182
G1 X-44.04 Y23.889 E.02182
G1 X-44.217 Y23.46 E.02182
G1 X-44.278 Y23 E.02182
G1 X-44.217 Y22.54 E.02182
G1 X-44.04 Y22.111 E.02182
G1 X-43.757 Y21.743 E.02182
G1 X-43.389 Y21.46 E.02182
G1 X-42.96 Y21.283 E.02182
G1 X-42.679 Y21.246 E.01331
G1 X-42.5 Y21.222 E.00851
G1 X-42.04 Y21.283 E.02182
G1 X-41.611 Y21.46 E.02182
G1 X-41.243 Y21.743 E.02182
G1 X-40.982 Y22.083 E.02013
SET_VELOCITY_LIMIT ACCEL=10000
G1 E-1.2 F2100
;WIPE_START
G1 F7200
G1 X-40.783 Y22.54
G1 X-40.722 Y23
G1 X-40.783 Y23.46
G1 X-40.96 Y23.889
G1 X-41.027 Y23.975
;WIPE_END
G1 X-41.549 Y16.361 Z1.6 F30000
G1 X-44.217 Y-22.54 Z1.6
G1 Z1.2
G1 E1.2 F2100
SET_VELOCITY_LIMIT ACCEL=5000
G1 F7200
G1 X-44.278 Y-23 E.02182
G1 X-44.217 Y-23.46 E.02182
G1 X-44.04 Y-23.889 E.02182
G1 X-43.757 Y-24.257 E.02182
G1 X-43.389 Y-24.54 E.02182
G1 X-42.96 Y-24.717 E.02182
G1 X-42.679 Y-24.754 E.01331
G1 X-42.5 Y-24.778 E.00851
G1 X-42.04 Y-24.717 E.02182
G1 X-41.611 Y-24.54 E.02182
G1 X-41.243 Y-24.257 E.02182
G1 X-40.96 Y-23.889 E.02182
G1 X-40.783 Y-23.46 E.02182
G1 X-40.722 Y-23 E.02182
G1 X-40.783 Y-22.54 E.02182
G1 X-40.96 Y-22.111 E.02182
G1 X-41.243 Y-21.743 E.02182
G1 X-41.611 Y-21.46 E.02182
G1 X-42.04 Y-21.283 E.02182
G1 X-42.5 Y-21.222 E.02182
G1 X-42.96 Y-21.283 E.02182
G1 X-43.389 Y-21.46 E.02182
G1 X-43.757 Y-21.743 E.02182
G1 X-44.04 Y-22.111 E.02182
G1 X-44.203 Y-22.507 E.02013
SET_VELOCITY_LIMIT ACCEL=10000
G1 E-1.2 F2100
;WIPE_START
G1 F7200
G1 X-44.278 Y-23
G1 X-44.217 Y-23.46
G1 X-44.04 Y-23.889
G1 X-43.757 Y-24.257
G1 X-43.671 Y-24.323
;WIPE_END
G1 X-36.061 Y-23.737 Z1.6 F30000
G1 X-8.378 Y-21.604 Z1.6
G1 Z1.2
G1 E1.2 F2100
SET_VELOCITY_LIMIT ACCEL=5000
;TYPE:Inner wall
G1 F9000
G1 X-8.169 Y-21.331 E.01617
G1 X-7.68 Y-20.956 E.02897
G1 X-7.111 Y-20.721 E.02897
G1 X-6.5 Y-20.64 E.02897
G1 X-5.889 Y-20.721 E.02897
G1 X-5.32 Y-20.956 E.02897
G1 X-4.831 Y-21.331 E.02897
G1 X-4.622 Y-21.604 E.01617
G1 X-4.387 Y-21.525 E.01167
G1 X-4.387 Y-19.113 E.11341
G1 X54.613 Y-19.113 E2.77446
G1 X54.613 Y19.113 E1.79756
G1 X-4.387 Y19.113 E2.77446
G1 X-4.387 Y21.525 E.11341
G1 X-4.622 Y21.604 E.01167
G1 X-4.831 Y21.331 E.01617
G1 X-5.32 Y20.956 E.02897
G1 X-5.889 Y20.721 E.02897
G1 X-6.5 Y20.64 E.02897
G1 X-7.111 Y20.721 E.02897
G1 X-7.68 Y20.956 E.02897
G1 X-8.169 Y21.331 E.02897
G1 X-8.378 Y21.604 E.01617
G1 X-8.613 Y21.525 E.01167
G1 X-8.613 Y19.113 E.11341
G1 X-40.387 Y19.113 E1.49417
G1 X-40.387 Y21.525 E.11341
G1 X-40.622 Y21.604 E.01167
G1 X-40.831 Y21.331 E.01617
G1 X-41.32 Y20.956 E.02897
G1 X-41.889 Y20.721 E.02897
G1 X-42.5 Y20.64 E.02897
G1 X-43.111 Y20.721 E.02897
G1 X-43.68 Y20.956 E.02897
G1 X-44.169 Y21.331 E.02897
G1 X-44.378 Y21.604 E.01617
G1 X-44.613 Y21.525 E.01167
G1 X-44.613 Y19.113 E.11341
G1 X-54.613 Y19.113 E.47025
G1 X-54.613 Y-19.113 E1.79756
G1 X-44.613 Y-19.113 E.47025
G1 X-44.613 Y-21.525 E.11341
G1 X-44.378 Y-21.604 E.01167
G1 X-44.169 Y-21.331 E.01617
G1 X-43.68 Y-20.956 E.02897
G1 X-43.111 Y-20.721 E.02897
G1 X-42.5 Y-20.64 E.02897
G1 X-41.889 Y-20.721 E.02897
G1 X-41.32 Y-20.956 E.02897
G1 X-40.831 Y-21.331 E.02897
G1 X-40.622 Y-21.604 E.01617
G1 X-40.387 Y-21.525 E.01167
G1 X-40.387 Y-19.113 E.11341
G1 X-8.613 Y-19.113 E1.49417
G1 X-8.613 Y-21.525 E.11341
G1 X-8.412 Y-21.593 E.00997
SET_VELOCITY_LIMIT ACCEL=10000
G1 E-1.2 F2100
;WIPE_START
G1 F9000
G1 X-8.169 Y-21.331
G1 X-7.68 Y-20.956
G1 X-7.111 Y-20.721
G1 X-6.703 Y-20.667
;WIPE_END
G1 X-7.757 Y-24.257 Z1.6 F30000
G1 Z1.2
G1 E1.2 F2100
SET_VELOCITY_LIMIT ACCEL=5000
;TYPE:Outer wall
G1 F7200
G1 X-7.389 Y-24.54 E.02182
G1 X-6.96 Y-24.717 E.02182
G1 X-6.679 Y-24.754 E.01331
G1 X-6.5 Y-24.778 E.00851
G1 X-6.04 Y-24.717 E.02182
G1 X-5.611 Y-24.54 E.02182
G1 X-5.243 Y-24.257 E.02182
G1 X-4.96 Y-23.889 E.02182
G1 X-4.783 Y-23.46 E.02182
G1 X-4.722 Y-23 E.02182
G1 X-4.783 Y-22.54 E.02182
G1 X-4.96 Y-22.111 E.02182
G1 X-5.243 Y-21.743 E.02182
G1 X-5.611 Y-21.46 E.02182
G1 X-6.04 Y-21.283 E.02182
G1 X-6.5 Y-21.222 E.02182
G1 X-6.96 Y-21.283 E.02182
G1 X-7.389 Y-21.46 E.02182
G1 X-7.757 Y-21.743 E.02182
G1 X-8.04 Y-22.111 E.02182
G1 X-8.217 Y-22.54 E.02182
G1 X-8.278 Y-23 E.02182
G1 X-8.217 Y-23.46 E.02182
G1 X-8.04 Y-23.889 E.02182
G1 X-7.779 Y-24.228 E.02013
SET_VELOCITY_LIMIT ACCEL=10000
G1 E-1.2 F2100
;WIPE_START
G1 F7200
G1 X-7.389 Y-24.54
G1 X-6.96 Y-24.717
G1 X-6.679 Y-24.754
G1 X-6.5 Y-24.778
G1 X-6.04 Y-24.717
G1 X-5.939 Y-24.675
;WIPE_END
G1 X-6.497 Y-17.063 Z1.6 F30000
G1 X-9.19 Y19.69 Z1.6
G1 Z1.2
G1 E1.2 F2100
SET_VELOCITY_LIMIT ACCEL=5000
G1 F7200
G1 X-39.81 Y19.69 E1.4399
G1 X-39.81 Y22.983 E.15483
G1 X-39.879 Y23.598 E.02913
G1 X-40.078 Y24.166 E.02831
G1 X-40.398 Y24.676 E.02831
G1 X-40.824 Y25.102 E.02831
G1 X-41.334 Y25.422 E.02831
G1 X-41.902 Y25.621 E.02831
G1 X-42.5 Y25.688 E.02831
G1 X-43.098 Y25.621 E.02831
G1 X-43.666 Y25.422 E.02831
G1 X-44.176 Y25.102 E.02831
G1 X-44.602 Y24.676 E.02831
G1 X-44.922 Y24.166 E.02831
M73 P25 R18
G1 X-45.121 Y23.598 E.02831
G1 X-45.19 Y22.983 E.02913
G1 X-45.19 Y19.69 E.15483
G1 X-55.19 Y19.69 E.47025
G1 X-55.19 Y-19.69 E1.85183
G1 X-45.19 Y-19.69 E.47025
G1 X-45.19 Y-22.983 E.15483
G1 X-45.121 Y-23.598 E.02913
G1 X-44.922 Y-24.166 E.02831
G1 X-44.602 Y-24.676 E.02831
G1 X-44.176 Y-25.102 E.02831
G1 X-43.666 Y-25.422 E.02831
G1 X-43.098 Y-25.621 E.02831
G1 X-42.5 Y-25.688 E.02831
G1 X-41.902 Y-25.621 E.02831
G1 X-41.334 Y-25.422 E.02831
G1 X-40.824 Y-25.102 E.02831
G1 X-40.398 Y-24.676 E.02831
G1 X-40.078 Y-24.166 E.02831
G1 X-39.879 Y-23.598 E.02831
G1 X-39.81 Y-22.983 E.02913
G1 X-39.81 Y-19.69 E.15483
G1 X-9.19 Y-19.69 E1.4399
G1 X-9.19 Y-22.983 E.15483
G1 X-9.121 Y-23.598 E.02913
G1 X-8.922 Y-24.166 E.02831
G1 X-8.602 Y-24.676 E.02831
G1 X-8.176 Y-25.102 E.02831
G1 X-7.666 Y-25.422 E.02831
G1 X-7.098 Y-25.621 E.02831
G1 X-6.5 Y-25.688 E.02831
G1 X-6.29 Y-25.664 E.00994
G1 X-5.902 Y-25.621 E.01836
G1 X-5.334 Y-25.422 E.02831
G1 X-4.824 Y-25.102 E.02831
G1 X-4.398 Y-24.676 E.02831
G1 X-4.078 Y-24.166 E.02831
G1 X-3.879 Y-23.598 E.02831
G1 X-3.81 Y-22.983 E.02913
G1 X-3.81 Y-19.69 E.15483
G1 X55.19 Y-19.69 E2.77446
G1 X55.19 Y19.69 E1.85183
G1 X-3.81 Y19.69 E2.77446
G1 X-3.81 Y22.983 E.15483
G1 X-3.879 Y23.598 E.02913
G1 X-4.078 Y24.166 E.02831
G1 X-4.398 Y24.676 E.02831
G1 X-4.824 Y25.102 E.02831
G1 X-5.334 Y25.422 E.02831
G1 X-5.902 Y25.621 E.02831
G1 X-6.5 Y25.688 E.02831
G1 X-7.098 Y25.621 E.02831
G1 X-7.666 Y25.422 E.02831
G1 X-8.176 Y25.102 E.02831
G1 X-8.602 Y24.676 E.02831
G1 X-8.922 Y24.166 E.02831
G1 X-9.121 Y23.598 E.02831
G1 X-9.19 Y22.983 E.02913
G1 X-9.19 Y19.726 E.15314
SET_VELOCITY_LIMIT ACCEL=10000
G1 E-1.2 F2100
;WIPE_START
G1 F7200
G1 X-11.19 Y19.724
;WIPE_END
G1 X-8.618 Y21.827 Z1.6 F30000
G1 Z1.2
G1 E1.2 F2100
;TYPE:Gap infill
;WIDTH:0.455012
G1 F9000
G1 X-8.699 Y22.438 E.02069
;WIDTH:0.430898
G1 X-8.716 Y22.698 E.00822
;WIDTH:0.380939
G1 X-8.731 Y23.021 E.00893
G1 X-8.658 Y23.557 E.01488
;WIDTH:0.372843
G1 X-8.505 Y23.966 E.01174
G1 X-8.417 Y24.131 E.00503
G1 X-8.239 Y24.387 E.00839
G1 X-8.059 Y24.588 E.00726
G1 X-7.887 Y24.739 E.00615
G1 X-7.631 Y24.917 E.00839
G1 X-7.466 Y25.005 E.00503
G1 X-6.996 Y25.173 E.01341
G1 X-6.5 Y25.233 E.01343
G1 X-6.004 Y25.173 E.01343
G1 X-5.534 Y25.005 E.01341
G1 X-5.369 Y24.917 E.00503
G1 X-5.113 Y24.739 E.00839
G1 X-4.912 Y24.559 E.00726
G1 X-4.761 Y24.387 E.00615
G1 X-4.583 Y24.131 E.00839
G1 X-4.495 Y23.966 E.00503
G1 X-4.354 Y23.597 E.01062
G1 X-4.327 Y23.496 E.0028
G1 X-4.267 Y22.957 E.01458
;WIDTH:0.396894
G1 X-4.284 Y22.698 E.0075
;WIDTH:0.437808
G1 X-4.301 Y22.438 E.00836
G1 X-4.382 Y21.827 E.01982
G1 E-1.2 F2100
;WIPE_START
G1 F9000
G1 X-4.301 Y22.438
G1 X-4.284 Y22.698
;WIPE_END
G1 X-11.916 Y22.753 Z1.6 F30000
G1 X-40.267 Y22.957 Z1.6
G1 Z1.2
G1 E1.2 F2100
;WIDTH:0.372841
G1 F9000
G1 X-40.327 Y23.496 E.01458
G1 X-40.354 Y23.597 E.0028
G1 X-40.495 Y23.966 E.01062
G1 X-40.583 Y24.131 E.00503
G1 X-40.761 Y24.387 E.00839
G1 X-40.941 Y24.588 E.00726
G1 X-41.113 Y24.739 E.00615
G1 X-41.369 Y24.917 E.00839
G1 X-41.534 Y25.005 E.00503
G1 X-42.004 Y25.173 E.01341
G1 X-42.5 Y25.233 E.01343
G1 X-42.996 Y25.173 E.01343
G1 X-43.466 Y25.005 E.01341
G1 X-43.631 Y24.917 E.00503
G1 X-43.887 Y24.739 E.00839
G1 X-44.059 Y24.588 E.00615
G1 X-44.239 Y24.387 E.00726
G1 X-44.417 Y24.131 E.00839
G1 X-44.505 Y23.966 E.00503
G1 X-44.658 Y23.557 E.01175
;WIDTH:0.380939
G1 X-44.731 Y23.021 E.01488
G1 X-44.716 Y22.698 E.00893
;WIDTH:0.4309
G1 X-44.699 Y22.438 E.00822
;WIDTH:0.455011
G1 X-44.618 Y21.827 E.02069
G1 E-1.2 F2100
;WIPE_START
G1 F9000
G1 X-44.699 Y22.438
;WIPE_END
G1 X-40.417 Y21.839 Z1.6 F30000
G1 Z1.2
G1 E1.2 F2100
;WIDTH:0.53697
G1 F9000
G1 X-40.38 Y22.021 E.00746
;WIDTH:0.518258
G1 X-40.344 Y22.203 E.00718
;WIDTH:0.480834
G1 X-40.308 Y22.384 E.00661
;WIDTH:0.435062
G1 X-40.284 Y22.698 E.01004
;WIDTH:0.396895
G1 X-40.267 Y22.957 E.0075
G1 X-40.382 Y-21.827 F30000
;WIDTH:0.45501
G1 F9000
G1 X-40.301 Y-22.438 E.02069
;WIDTH:0.430898
G1 X-40.284 Y-22.698 E.00822
;WIDTH:0.380938
G1 X-40.269 Y-23.021 E.00893
G1 X-40.342 Y-23.557 E.01488
;WIDTH:0.372841
G1 X-40.495 Y-23.966 E.01175
G1 X-40.583 Y-24.131 E.00503
G1 X-40.761 Y-24.387 E.00839
G1 X-40.912 Y-24.559 E.00615
G1 X-41.113 Y-24.739 E.00726
G1 X-41.369 Y-24.917 E.00839
G1 X-41.534 Y-25.005 E.00503
G1 X-42.004 Y-25.173 E.01341
G1 X-42.5 Y-25.233 E.01343
G1 X-42.996 Y-25.173 E.01343
G1 X-43.466 Y-25.005 E.01341
G1 X-43.631 Y-24.917 E.00503
G1 X-43.887 Y-24.739 E.00839
G1 X-44.088 Y-24.559 E.00726
G1 X-44.239 Y-24.387 E.00615
G1 X-44.417 Y-24.131 E.00839
G1 X-44.505 Y-23.966 E.00503
G1 X-44.646 Y-23.597 E.01062
G1 X-44.673 Y-23.496 E.0028
G1 X-44.733 Y-22.957 E.01458
;WIDTH:0.396896
G1 X-44.716 Y-22.698 E.0075
;WIDTH:0.435062
G1 X-44.692 Y-22.384 E.01004
;WIDTH:0.480833
G1 X-44.656 Y-22.203 E.00661
;WIDTH:0.518257
G1 X-44.62 Y-22.021 E.00718
;WIDTH:0.536969
G1 X-44.583 Y-21.839 E.00746
G1 E-1.2 F2100
;WIPE_START
G1 F9000
G1 X-44.62 Y-22.021
;WIPE_END
G1 X-36.99 Y-22.22 Z1.6 F30000
G1 X-8.733 Y-22.957 Z1.6
G1 Z1.2
G1 E1.2 F2100
;WIDTH:0.372842
G1 F9000
G1 X-8.673 Y-23.496 E.01458
G1 X-8.646 Y-23.597 E.0028
G1 X-8.505 Y-23.966 E.01062
G1 X-8.417 Y-24.131 E.00503
G1 X-8.239 Y-24.387 E.00839
G1 X-8.059 Y-24.588 E.00726
G1 X-7.887 Y-24.739 E.00615
G1 X-7.631 Y-24.917 E.00839
G1 X-7.466 Y-25.005 E.00503
G1 X-6.996 Y-25.173 E.01341
G1 X-6.5 Y-25.233 E.01343
G1 X-6.004 Y-25.173 E.01343
G1 X-5.534 Y-25.005 E.01341
G1 X-5.369 Y-24.917 E.00503
G1 X-5.113 Y-24.739 E.00839
G1 X-4.941 Y-24.588 E.00615
G1 X-4.761 Y-24.387 E.00726
G1 X-4.583 Y-24.131 E.00839
G1 X-4.495 Y-23.966 E.00503
G1 X-4.342 Y-23.557 E.01175
;WIDTH:0.380939
G1 X-4.269 Y-23.021 E.01488
G1 X-4.284 Y-22.698 E.00893
;WIDTH:0.430896
G1 X-4.301 Y-22.438 E.00822
;WIDTH:0.455009
G1 X-4.382 Y-21.827 E.02069
G1 E-1.2 F2100
;WIPE_START
G1 F9000
G1 X-4.301 Y-22.438
;WIPE_END
G1 X-8.618 Y-21.827 Z1.6 F30000
G1 Z1.2
G1 E1.2 F2100
;WIDTH:0.437809
G1 F9000
G1 X-8.699 Y-22.438 E.01982
G1 X-8.716 Y-22.698 E.00836
;WIDTH:0.396896
G1 X-8.733 Y-22.957 E.0075
G1 E-1.2 F2100
;WIPE_START
G1 F9000
G1 X-8.716 Y-22.698
;WIPE_END
G1 X-1.097 Y-22.248 Z1.6 F30000
G1 X53.625 Y-19.023 Z1.6
G1 Z1.2
G1 E1.2 F2100
SET_VELOCITY_LIMIT ACCEL=2500
;TYPE:Internal Bridge
;WIDTH:0.6
;HEIGHT:0.6
G1 F3000
G1 X53.625 Y18.73 E4.34914
G1 X52.975 Y18.73 E.07488
G1 X52.975 Y-18.73 E4.31544
G1 X52.325 Y-18.73 E.07488
G1 X52.325 Y18.73 E4.31544
G1 X51.675 Y18.73 E.07488
G1 X51.675 Y-18.73 E4.31544
G1 X51.025 Y-18.73 E.07488
G1 X51.025 Y18.73 E4.31544
G1 X50.375 Y18.73 E.07488
G1 X50.375 Y-18.73 E4.31544
G1 X49.725 Y-18.73 E.07488
M73 P25 R17
G1 X49.725 Y18.73 E4.31544
G1 X49.075 Y18.73 E.07488
G1 X49.075 Y-18.73 E4.31544
G1 X48.425 Y-18.73 E.07488
G1 X48.425 Y18.73 E4.31544
G1 X47.775 Y18.73 E.07488
G1 X47.775 Y-18.73 E4.31544
G1 X47.125 Y-18.73 E.07488
G1 X47.125 Y18.73 E4.31544
G1 X46.475 Y18.73 E.07488
G1 X46.475 Y-18.73 E4.31544
G1 X45.825 Y-18.73 E.07488
M73 P26 R17
G1 X45.825 Y18.73 E4.31544
G1 X45.175 Y18.73 E.07488
G1 X45.175 Y-18.73 E4.31544
G1 X44.525 Y-18.73 E.07488
G1 X44.525 Y18.73 E4.31544
G1 X43.875 Y18.73 E.07488
G1 X43.875 Y-18.73 E4.31544
G1 X43.225 Y-18.73 E.07488
G1 X43.225 Y18.73 E4.31544
G1 X42.575 Y18.73 E.07488
G1 X42.575 Y-18.73 E4.31544
G1 X41.925 Y-18.73 E.07488
G1 X41.925 Y18.73 E4.31544
G1 X41.275 Y18.73 E.07488
G1 X41.275 Y-18.73 E4.31544
G1 X40.625 Y-18.73 E.07488
G1 X40.625 Y18.73 E4.31544
G1 X39.975 Y18.73 E.07488
G1 X39.975 Y-18.73 E4.31544
G1 X39.325 Y-18.73 E.07488
G1 X39.325 Y18.73 E4.31544
G1 X38.675 Y18.73 E.07488
G1 X38.675 Y-18.73 E4.31544
G1 X38.025 Y-18.73 E.07488
G1 X38.025 Y18.73 E4.31544
G1 X37.375 Y18.73 E.07488
G1 X37.375 Y-18.73 E4.31544
G1 X36.725 Y-18.73 E.07488
G1 X36.725 Y18.73 E4.31544
G1 X36.075 Y18.73 E.07488
G1 X36.075 Y-18.73 E4.31544
G1 X35.425 Y-18.73 E.07488
G1 X35.425 Y18.73 E4.31544
G1 X34.775 Y18.73 E.07488
G1 X34.775 Y-18.73 E4.31544
G1 X34.125 Y-18.73 E.07488
G1 X34.125 Y18.73 E4.31544
G1 X33.475 Y18.73 E.07488
M73 P27 R17
G1 X33.475 Y-18.73 E4.31544
G1 X32.825 Y-18.73 E.07488
G1 X32.825 Y18.73 E4.31544
G1 X32.175 Y18.73 E.07488
G1 X32.175 Y-18.73 E4.31544
G1 X31.525 Y-18.73 E.07488
G1 X31.525 Y18.73 E4.31544
G1 X30.875 Y18.73 E.07488
G1 X30.875 Y-18.73 E4.31544
G1 X30.225 Y-18.73 E.07488
G1 X30.225 Y18.73 E4.31544
G1 X29.575 Y18.73 E.07488
G1 X29.575 Y-18.73 E4.31544
G1 X28.925 Y-18.73 E.07488
G1 X28.925 Y18.73 E4.31544
G1 X28.275 Y18.73 E.07488
G1 X28.275 Y-18.73 E4.31544
G1 X27.625 Y-18.73 E.07488
G1 X27.625 Y18.73 E4.31544
G1 X26.975 Y18.73 E.07488
G1 X26.975 Y-18.73 E4.31544
G1 X26.325 Y-18.73 E.07488
G1 X26.325 Y18.73 E4.31544
G1 X25.675 Y18.73 E.07488
G1 X25.675 Y-18.73 E4.31544
G1 X25.025 Y-18.73 E.07488
G1 X25.025 Y18.73 E4.31544
G1 X24.375 Y18.73 E.07488
G1 X24.375 Y-18.73 E4.31544
G1 X23.725 Y-18.73 E.07488
G1 X23.725 Y18.73 E4.31544
G1 X23.075 Y18.73 E.07488
G1 X23.075 Y-18.73 E4.31544
G1 X22.425 Y-18.73 E.07488
G1 X22.425 Y18.73 E4.31544
G1 X21.775 Y18.73 E.07488
M73 P28 R17
G1 X21.775 Y-18.73 E4.31544
G1 X21.125 Y-18.73 E.07488
G1 X21.125 Y18.73 E4.31544
G1 X20.475 Y18.73 E.07488
G1 X20.475 Y-18.73 E4.31544
G1 X19.825 Y-18.73 E.07488
G1 X19.825 Y18.73 E4.31544
G1 X19.175 Y18.73 E.07488
G1 X19.175 Y-18.73 E4.31544
G1 X18.525 Y-18.73 E.07488
G1 X18.525 Y18.73 E4.31544
G1 X17.875 Y18.73 E.07488
G1 X17.875 Y-18.73 E4.31544
G1 X17.225 Y-18.73 E.07488
G1 X17.225 Y18.73 E4.31544
G1 X16.575 Y18.73 E.07488
G1 X16.575 Y-18.73 E4.31544
G1 X15.925 Y-18.73 E.07488
G1 X15.925 Y18.73 E4.31544
G1 X15.275 Y18.73 E.07488
G1 X15.275 Y-18.73 E4.31544
G1 X14.625 Y-18.73 E.07488
G1 X14.625 Y18.73 E4.31544
G1 X13.975 Y18.73 E.07488
G1 X13.975 Y-18.73 E4.31544
G1 X13.325 Y-18.73 E.07488
G1 X13.325 Y18.73 E4.31544
G1 X12.675 Y18.73 E.07488
G1 X12.675 Y-18.73 E4.31544
G1 X12.025 Y-18.73 E.07488
G1 X12.025 Y18.73 E4.31544
G1 X11.375 Y18.73 E.07488
G1 X11.375 Y-18.73 E4.31544
G1 X10.725 Y-18.73 E.07488
G1 X10.725 Y18.73 E4.31544
G1 X10.075 Y18.73 E.07488
G1 X10.075 Y-18.73 E4.31544
M73 P29 R17
G1 X9.425 Y-18.73 E.07488
G1 X9.425 Y18.73 E4.31544
G1 X8.775 Y18.73 E.07488
G1 X8.775 Y-18.73 E4.31544
G1 X8.125 Y-18.73 E.07488
G1 X8.125 Y18.73 E4.31544
G1 X7.475 Y18.73 E.07488
G1 X7.475 Y-18.73 E4.31544
G1 X6.825 Y-18.73 E.07488
G1 X6.825 Y18.73 E4.31544
G1 X6.175 Y18.73 E.07488
G1 X6.175 Y-18.73 E4.31544
G1 X5.525 Y-18.73 E.07488
G1 X5.525 Y18.73 E4.31544
G1 X4.875 Y18.73 E.07488
G1 X4.875 Y-18.73 E4.31544
G1 X4.225 Y-18.73 E.07488
G1 X4.225 Y18.73 E4.31544
G1 X3.575 Y18.73 E.07488
G1 X3.575 Y-18.73 E4.31544
G1 X2.925 Y-18.73 E.07488
G1 X2.925 Y18.73 E4.31544
G1 X2.275 Y18.73 E.07488
G1 X2.275 Y-18.73 E4.31544
G1 X1.625 Y-18.73 E.07488
G1 X1.625 Y18.73 E4.31544
G1 X.975 Y18.73 E.07488
G1 X.975 Y-18.73 E4.31544
G1 X.325 Y-18.73 E.07488
M73 P29 R16
G1 X.325 Y18.73 E4.31544
G1 X-.325 Y18.73 E.07488
G1 X-.325 Y-18.73 E4.31544
G1 X-.975 Y-18.73 E.07488
G1 X-.975 Y18.73 E4.31544
G1 X-1.625 Y18.73 E.07488
G1 X-1.625 Y-18.73 E4.31544
G1 X-2.275 Y-18.73 E.07488
M73 P30 R16
G1 X-2.275 Y18.73 E4.31544
G1 X-2.925 Y18.73 E.07488
G1 X-2.925 Y-18.73 E4.31544
G1 X-3.575 Y-18.73 E.07488
G1 X-3.575 Y18.73 E4.31544
G1 X-4.225 Y18.73 E.07488
G1 X-4.225 Y-18.73 E4.31544
G1 X-4.77 Y-18.73 E.06275
G1 X-4.77 Y-20.506 E.20452
G1 X-4.864 Y-20.824 E.03827
G1 X-4.875 Y20.816 E4.7969
G1 X-5.127 Y20.622 E.0366
G1 X-5.525 Y20.457 E.04962
G1 X-5.525 Y-20.457 E4.71336
G1 X-5.789 Y-20.348 E.03296
G1 X-6.141 Y-20.302 E.04086
G1 X-6.175 Y-20.214 E.01087
G1 X-6.175 Y20.297 E4.66681
G1 X-6.5 Y20.254 E.03776
G1 X-6.825 Y20.297 E.03777
G1 X-6.825 Y-18.532 E4.47313
G1 X-6.95 Y-18.208 E.04001
G1 X-7.475 Y-19.477 E.15819
G1 X-7.475 Y20.457 E4.60045
G1 X-7.873 Y20.622 E.04961
G1 X-8.054 Y20.761 E.02629
G1 X-8.125 Y20.527 E.02814
G1 X-8.125 Y-20.527 E4.72951
G1 X-8.23 Y-20.182 E.04161
G1 X-8.23 Y-18.73 E.16723
G1 X-8.775 Y-18.73 E.06276
G1 X-8.775 Y18.73 E4.31544
G1 X-9.425 Y18.73 E.07488
G1 X-9.425 Y-18.73 E4.31544
G1 X-10.075 Y-18.73 E.07488
G1 X-10.075 Y18.73 E4.31544
G1 X-10.725 Y18.73 E.07488
G1 X-10.725 Y-18.73 E4.31544
G1 X-11.375 Y-18.73 E.07488
G1 X-11.375 Y18.73 E4.31544
G1 X-12.025 Y18.73 E.07488
G1 X-12.025 Y-18.73 E4.31544
G1 X-12.675 Y-18.73 E.07488
G1 X-12.675 Y18.73 E4.31544
G1 X-13.325 Y18.73 E.07488
G1 X-13.325 Y-18.73 E4.31544
G1 X-13.975 Y-18.73 E.07488
M73 P31 R16
G1 X-13.975 Y18.73 E4.31544
G1 X-14.625 Y18.73 E.07488
G1 X-14.625 Y-18.73 E4.31544
G1 X-15.275 Y-18.73 E.07488
G1 X-15.275 Y18.73 E4.31544
G1 X-15.925 Y18.73 E.07488
G1 X-15.925 Y-18.73 E4.31544
G1 X-16.575 Y-18.73 E.07488
G1 X-16.575 Y18.73 E4.31544
G1 X-17.225 Y18.73 E.07488
G1 X-17.225 Y-18.73 E4.31544
G1 X-17.875 Y-18.73 E.07488
G1 X-17.875 Y18.73 E4.31544
G1 X-18.525 Y18.73 E.07488
G1 X-18.525 Y-18.73 E4.31544
G1 X-19.175 Y-18.73 E.07488
G1 X-19.175 Y18.73 E4.31544
G1 X-19.825 Y18.73 E.07488
G1 X-19.825 Y-18.73 E4.31544
G1 X-20.475 Y-18.73 E.07488
G1 X-20.475 Y18.73 E4.31544
G1 X-21.125 Y18.73 E.07488
G1 X-21.125 Y-18.73 E4.31544
G1 X-21.775 Y-18.73 E.07488
G1 X-21.775 Y18.73 E4.31544
G1 X-22.425 Y18.73 E.07488
G1 X-22.425 Y-18.73 E4.31544
G1 X-23.075 Y-18.73 E.07488
G1 X-23.075 Y18.73 E4.31544
G1 X-23.725 Y18.73 E.07488
G1 X-23.725 Y-18.73 E4.31544
G1 X-24.375 Y-18.73 E.07488
G1 X-24.375 Y18.73 E4.31544
G1 X-25.025 Y18.73 E.07488
G1 X-25.025 Y-18.73 E4.31544
G1 X-25.675 Y-18.73 E.07488
M73 P32 R16
G1 X-25.675 Y18.73 E4.31544
G1 X-26.325 Y18.73 E.07488
G1 X-26.325 Y-18.73 E4.31544
G1 X-26.975 Y-18.73 E.07488
G1 X-26.975 Y18.73 E4.31544
G1 X-27.625 Y18.73 E.07488
G1 X-27.625 Y-18.73 E4.31544
G1 X-28.275 Y-18.73 E.07488
G1 X-28.275 Y18.73 E4.31544
G1 X-28.925 Y18.73 E.07488
G1 X-28.925 Y-18.73 E4.31544
G1 X-29.575 Y-18.73 E.07488
G1 X-29.575 Y18.73 E4.31544
G1 X-30.225 Y18.73 E.07488
G1 X-30.225 Y-18.73 E4.31544
G1 X-30.875 Y-18.73 E.07488
G1 X-30.875 Y18.73 E4.31544
G1 X-31.525 Y18.73 E.07488
G1 X-31.525 Y-18.73 E4.31544
G1 X-32.175 Y-18.73 E.07488
G1 X-32.175 Y18.73 E4.31544
G1 X-32.825 Y18.73 E.07488
G1 X-32.825 Y-18.73 E4.31544
G1 X-33.475 Y-18.73 E.07488
G1 X-33.475 Y18.73 E4.31544
G1 X-34.125 Y18.73 E.07488
G1 X-34.125 Y-18.73 E4.31544
G1 X-34.775 Y-18.73 E.07488
G1 X-34.775 Y18.73 E4.31544
G1 X-35.425 Y18.73 E.07488
G1 X-35.425 Y-18.73 E4.31544
G1 X-36.075 Y-18.73 E.07488
G1 X-36.075 Y18.73 E4.31544
G1 X-36.725 Y18.73 E.07488
G1 X-36.725 Y-18.73 E4.31544
G1 X-37.375 Y-18.73 E.07488
M73 P33 R16
G1 X-37.375 Y18.73 E4.31544
G1 X-38.025 Y18.73 E.07488
G1 X-38.025 Y-18.73 E4.31544
G1 X-38.675 Y-18.73 E.07488
G1 X-38.675 Y18.73 E4.31544
G1 X-39.325 Y18.73 E.07488
G1 X-39.325 Y-18.73 E4.31544
G1 X-39.975 Y-18.73 E.07488
G1 X-39.975 Y18.73 E4.31544
G1 X-40.625 Y18.73 E.07488
G1 X-40.625 Y-18.73 E4.31544
G1 X-40.77 Y-18.73 E.01667
G1 X-40.77 Y-20.896 E.24953
G1 X-41.127 Y-20.622 E.05189
G1 X-41.275 Y-20.561 E.01844
G1 X-41.275 Y20.561 E4.73722
G1 X-41.789 Y20.348 E.06413
G1 X-41.925 Y20.33 E.01577
G1 X-41.925 Y-20.33 E4.68402
G1 X-42.034 Y-20.316 E.01263
G1 X-42.575 Y-19.338 E.12872
G1 X-42.575 Y20.264 E4.56218
G1 X-43.225 Y20.354 E.07559
G1 X-43.225 Y-20.015 E4.65048
G1 X-43.51 Y-20.472 E.06204
G1 X-43.875 Y-20.624 E.04554
G1 X-43.875 Y20.624 E4.75172
G1 X-44.23 Y20.896 E.05157
G1 X-44.23 Y18.73 E.24953
G1 X-44.525 Y18.73 E.03397
G1 X-44.525 Y-18.73 E4.31544
G1 X-45.175 Y-18.73 E.07488
G1 X-45.175 Y18.73 E4.31544
G1 X-45.825 Y18.73 E.07488
G1 X-45.825 Y-18.73 E4.31544
G1 X-46.475 Y-18.73 E.07488
G1 X-46.475 Y18.73 E4.31544
G1 X-47.125 Y18.73 E.07488
G1 X-47.125 Y-18.73 E4.31544
G1 X-47.775 Y-18.73 E.07488
G1 X-47.775 Y18.73 E4.31544
G1 X-48.425 Y18.73 E.07488
M73 P33 R15
G1 X-48.425 Y-18.73 E4.31544
G1 X-49.075 Y-18.73 E.07488
M73 P34 R15
G1 X-49.075 Y18.73 E4.31544
G1 X-49.725 Y18.73 E.07488
G1 X-49.725 Y-18.73 E4.31544
G1 X-50.375 Y-18.73 E.07488
G1 X-50.375 Y18.73 E4.31544
G1 X-51.025 Y18.73 E.07488
G1 X-51.025 Y-18.73 E4.31544
G1 X-51.675 Y-18.73 E.07488
G1 X-51.675 Y18.73 E4.31544
G1 X-52.325 Y18.73 E.07488
G1 X-52.325 Y-18.73 E4.31544
G1 X-52.975 Y-18.73 E.07488
G1 X-52.975 Y18.73 E4.31544
G1 X-53.625 Y18.73 E.07488
G1 X-53.625 Y-19.023 E4.34914
;LAYER_CHANGE
;Z:1.4
;HEIGHT:0.2
;BEFORE_LAYER_CHANGE
;1.4
G1 E-1.2 F2100
;WIPE_START
G1 F3000
G1 X-53.625 Y-17.023
;WIPE_END
;AFTER_LAYER_CHANGE
;1.4
;_SET_FAN_SPEED_CHANGING_LAYER
SET_VELOCITY_LIMIT ACCEL=10000
G17
G3 Z1.8 I-.805 J.912 P1  F30000
G1 X-8.278 Y23 Z1.8
G1 Z1.4
G1 E1.2 F2100
SET_VELOCITY_LIMIT ACCEL=5000
;TYPE:Outer wall
;WIDTH:0.62
G1 F7200
M106 S255
G1 X-8.217 Y22.54 E.02182
G1 X-8.04 Y22.111 E.02182
G1 X-7.757 Y21.743 E.02182
G1 X-7.389 Y21.46 E.02182
G1 X-6.96 Y21.283 E.02182
G1 X-6.705 Y21.249 E.01211
G1 X-6.5 Y21.222 E.00971
G1 X-6.04 Y21.283 E.02182
G1 X-5.611 Y21.46 E.02182
G1 X-5.243 Y21.743 E.02182
G1 X-4.96 Y22.111 E.02182
G1 X-4.783 Y22.54 E.02182
G1 X-4.722 Y23 E.02182
G1 X-4.783 Y23.46 E.02182
G1 X-4.96 Y23.889 E.02182
G1 X-5.243 Y24.257 E.02182
G1 X-5.611 Y24.54 E.02182
G1 X-6.04 Y24.717 E.02182
G1 X-6.5 Y24.778 E.02182
G1 X-6.96 Y24.717 E.02182
G1 X-7.389 Y24.54 E.02182
G1 X-7.757 Y24.257 E.02182
G1 X-8.04 Y23.889 E.02182
G1 X-8.217 Y23.46 E.02182
G1 X-8.273 Y23.036 E.02013
SET_VELOCITY_LIMIT ACCEL=10000
G1 E-1.2 F2100
;WIPE_START
G1 F7200
G1 X-8.217 Y22.54
G1 X-8.04 Y22.111
G1 X-7.757 Y21.743
G1 X-7.389 Y21.46
G1 X-7.288 Y21.419
;WIPE_END
G1 X-14.919 Y21.576 Z1.8 F30000
G1 X-40.96 Y22.111 Z1.8
G1 Z1.4
G1 E1.2 F2100
SET_VELOCITY_LIMIT ACCEL=5000
G1 F7200
G1 X-40.783 Y22.54 E.02182
G1 X-40.722 Y23 E.02182
G1 X-40.783 Y23.46 E.02182
G1 X-40.96 Y23.889 E.02182
G1 X-41.243 Y24.257 E.02182
G1 X-41.611 Y24.54 E.02182
G1 X-42.04 Y24.717 E.02182
G1 X-42.5 Y24.778 E.02182
G1 X-42.96 Y24.717 E.02182
G1 X-43.389 Y24.54 E.02182
G1 X-43.757 Y24.257 E.02182
G1 X-44.04 Y23.889 E.02182
G1 X-44.217 Y23.46 E.02182
G1 X-44.278 Y23 E.02182
G1 X-44.217 Y22.54 E.02182
G1 X-44.04 Y22.111 E.02182
G1 X-43.757 Y21.743 E.02182
G1 X-43.389 Y21.46 E.02182
G1 X-42.96 Y21.283 E.02182
G1 X-42.705 Y21.249 E.01211
G1 X-42.5 Y21.222 E.00971
G1 X-42.04 Y21.283 E.02182
G1 X-41.611 Y21.46 E.02182
G1 X-41.243 Y21.743 E.02182
G1 X-40.982 Y22.083 E.02013
SET_VELOCITY_LIMIT ACCEL=10000
G1 E-1.2 F2100
;WIPE_START
G1 F7200
G1 X-40.783 Y22.54
G1 X-40.722 Y23
G1 X-40.783 Y23.46
G1 X-40.96 Y23.889
G1 X-41.027 Y23.975
;WIPE_END
G1 X-41.549 Y16.361 Z1.8 F30000
G1 X-44.217 Y-22.54 Z1.8
G1 Z1.4
G1 E1.2 F2100
SET_VELOCITY_LIMIT ACCEL=5000
G1 F7200
G1 X-44.278 Y-23 E.02182
G1 X-44.217 Y-23.46 E.02182
G1 X-44.04 Y-23.889 E.02182
G1 X-43.757 Y-24.257 E.02182
G1 X-43.389 Y-24.54 E.02182
G1 X-42.96 Y-24.717 E.02182
G1 X-42.705 Y-24.751 E.01211
G1 X-42.5 Y-24.778 E.00971
G1 X-42.04 Y-24.717 E.02182
G1 X-41.611 Y-24.54 E.02182
G1 X-41.243 Y-24.257 E.02182
G1 X-40.96 Y-23.889 E.02182
G1 X-40.783 Y-23.46 E.02182
G1 X-40.722 Y-23 E.02182
G1 X-40.783 Y-22.54 E.02182
G1 X-40.96 Y-22.111 E.02182
G1 X-41.243 Y-21.743 E.02182
G1 X-41.611 Y-21.46 E.02182
G1 X-42.04 Y-21.283 E.02182
G1 X-42.5 Y-21.222 E.02182
G1 X-42.96 Y-21.283 E.02182
G1 X-43.389 Y-21.46 E.02182
G1 X-43.757 Y-21.743 E.02182
G1 X-44.04 Y-22.111 E.02182
G1 X-44.203 Y-22.507 E.02013
SET_VELOCITY_LIMIT ACCEL=10000
G1 E-1.2 F2100
;WIPE_START
G1 F7200
G1 X-44.278 Y-23
G1 X-44.217 Y-23.46
G1 X-44.04 Y-23.889
G1 X-43.757 Y-24.257
G1 X-43.671 Y-24.323
;WIPE_END
G1 X-36.061 Y-23.737 Z1.8 F30000
G1 X-8.378 Y-21.604 Z1.8
G1 Z1.4
G1 E1.2 F2100
SET_VELOCITY_LIMIT ACCEL=5000
;TYPE:Inner wall
G1 F9000
G1 X-8.169 Y-21.331 E.01617
G1 X-7.68 Y-20.956 E.02897
G1 X-7.111 Y-20.721 E.02897
G1 X-6.5 Y-20.64 E.02897
G1 X-5.889 Y-20.721 E.02897
G1 X-5.32 Y-20.956 E.02897
G1 X-4.831 Y-21.331 E.02897
G1 X-4.622 Y-21.604 E.01617
G1 X-4.387 Y-21.525 E.01167
G1 X-4.387 Y-19.113 E.11341
G1 X54.613 Y-19.113 E2.77446
G1 X54.613 Y19.113 E1.79756
G1 X-4.387 Y19.113 E2.77446
G1 X-4.387 Y21.525 E.11341
G1 X-4.622 Y21.604 E.01167
G1 X-4.831 Y21.331 E.01617
G1 X-5.32 Y20.956 E.02897
G1 X-5.889 Y20.721 E.02897
G1 X-6.5 Y20.64 E.02897
G1 X-7.111 Y20.721 E.02897
G1 X-7.68 Y20.956 E.02897
G1 X-8.169 Y21.331 E.02897
G1 X-8.378 Y21.604 E.01617
G1 X-8.613 Y21.525 E.01167
G1 X-8.613 Y19.113 E.11341
G1 X-40.387 Y19.113 E1.49417
G1 X-40.387 Y21.525 E.11341
G1 X-40.622 Y21.604 E.01167
G1 X-40.831 Y21.331 E.01617
G1 X-41.32 Y20.956 E.02897
G1 X-41.889 Y20.721 E.02897
G1 X-42.5 Y20.64 E.02897
G1 X-43.111 Y20.721 E.02897
G1 X-43.68 Y20.956 E.02897
G1 X-44.169 Y21.331 E.02897
G1 X-44.378 Y21.604 E.01617
G1 X-44.613 Y21.525 E.01167
G1 X-44.613 Y19.113 E.11341
G1 X-54.613 Y19.113 E.47025
G1 X-54.613 Y-19.113 E1.79756
G1 X-44.613 Y-19.113 E.47025
G1 X-44.613 Y-21.525 E.11341
G1 X-44.378 Y-21.604 E.01167
G1 X-44.169 Y-21.331 E.01617
G1 X-43.68 Y-20.956 E.02897
G1 X-43.111 Y-20.721 E.02897
G1 X-42.5 Y-20.64 E.02897
G1 X-41.889 Y-20.721 E.02897
G1 X-41.32 Y-20.956 E.02897
G1 X-40.831 Y-21.331 E.02897
G1 X-40.622 Y-21.604 E.01617
G1 X-40.387 Y-21.525 E.01167
G1 X-40.387 Y-19.113 E.11341
G1 X-8.613 Y-19.113 E1.49417
G1 X-8.613 Y-21.525 E.11341
G1 X-8.412 Y-21.593 E.00997
SET_VELOCITY_LIMIT ACCEL=10000
G1 E-1.2 F2100
;WIPE_START
G1 F9000
G1 X-8.169 Y-21.331
G1 X-7.68 Y-20.956
G1 X-7.111 Y-20.721
G1 X-6.703 Y-20.667
;WIPE_END
G1 X-7.757 Y-24.257 Z1.8 F30000
G1 Z1.4
G1 E1.2 F2100
SET_VELOCITY_LIMIT ACCEL=5000
;TYPE:Outer wall
G1 F7200
G1 X-7.389 Y-24.54 E.02182
G1 X-6.96 Y-24.717 E.02182
G1 X-6.705 Y-24.751 E.01211
G1 X-6.5 Y-24.778 E.00971
G1 X-6.04 Y-24.717 E.02182
G1 X-5.611 Y-24.54 E.02182
G1 X-5.243 Y-24.257 E.02182
G1 X-4.96 Y-23.889 E.02182
G1 X-4.783 Y-23.46 E.02182
G1 X-4.722 Y-23 E.02182
G1 X-4.783 Y-22.54 E.02182
G1 X-4.96 Y-22.111 E.02182
G1 X-5.243 Y-21.743 E.02182
G1 X-5.611 Y-21.46 E.02182
G1 X-6.04 Y-21.283 E.02182
G1 X-6.5 Y-21.222 E.02182
G1 X-6.96 Y-21.283 E.02182
G1 X-7.389 Y-21.46 E.02182
G1 X-7.757 Y-21.743 E.02182
G1 X-8.04 Y-22.111 E.02182
G1 X-8.217 Y-22.54 E.02182
G1 X-8.278 Y-23 E.02182
G1 X-8.217 Y-23.46 E.02182
G1 X-8.04 Y-23.889 E.02182
G1 X-7.779 Y-24.228 E.02013
SET_VELOCITY_LIMIT ACCEL=10000
G1 E-1.2 F2100
;WIPE_START
G1 F7200
G1 X-7.389 Y-24.54
G1 X-6.96 Y-24.717
G1 X-6.705 Y-24.751
G1 X-6.5 Y-24.778
G1 X-6.04 Y-24.717
G1 X-5.939 Y-24.675
;WIPE_END
G1 X-6.497 Y-17.063 Z1.8 F30000
G1 X-9.19 Y19.69 Z1.8
G1 Z1.4
G1 E1.2 F2100
SET_VELOCITY_LIMIT ACCEL=5000
G1 F7200
G1 X-39.81 Y19.69 E1.4399
G1 X-39.81 Y22.983 E.15483
G1 X-39.879 Y23.598 E.02913
G1 X-40.078 Y24.166 E.02831
G1 X-40.398 Y24.676 E.02831
G1 X-40.824 Y25.102 E.02831
G1 X-41.334 Y25.422 E.02831
G1 X-41.902 Y25.621 E.02831
G1 X-42.5 Y25.688 E.02831
G1 X-43.098 Y25.621 E.02831
G1 X-43.666 Y25.422 E.02831
G1 X-44.176 Y25.102 E.02831
G1 X-44.602 Y24.676 E.02831
G1 X-44.922 Y24.166 E.02831
G1 X-45.121 Y23.598 E.02831
G1 X-45.19 Y22.983 E.02913
G1 X-45.19 Y19.69 E.15483
G1 X-55.19 Y19.69 E.47025
G1 X-55.19 Y-19.69 E1.85183
G1 X-45.19 Y-19.69 E.47025
G1 X-45.19 Y-22.983 E.15483
G1 X-45.121 Y-23.598 E.02913
G1 X-44.922 Y-24.166 E.02831
G1 X-44.602 Y-24.676 E.02831
G1 X-44.176 Y-25.102 E.02831
G1 X-43.666 Y-25.422 E.02831
G1 X-43.098 Y-25.621 E.02831
G1 X-42.5 Y-25.688 E.02831
G1 X-41.902 Y-25.621 E.02831
G1 X-41.334 Y-25.422 E.02831
G1 X-40.824 Y-25.102 E.02831
G1 X-40.398 Y-24.676 E.02831
G1 X-40.078 Y-24.166 E.02831
G1 X-39.879 Y-23.598 E.02831
G1 X-39.81 Y-22.983 E.02913
G1 X-39.81 Y-19.69 E.15483
G1 X-9.19 Y-19.69 E1.4399
G1 X-9.19 Y-22.983 E.15483
G1 X-9.121 Y-23.598 E.02913
G1 X-8.922 Y-24.166 E.02831
G1 X-8.602 Y-24.676 E.02831
G1 X-8.176 Y-25.102 E.02831
G1 X-7.666 Y-25.422 E.02831
G1 X-7.098 Y-25.621 E.02831
G1 X-6.5 Y-25.688 E.02831
G1 X-6.245 Y-25.659 E.01205
G1 X-5.902 Y-25.621 E.01626
G1 X-5.334 Y-25.422 E.02831
G1 X-4.824 Y-25.102 E.02831
G1 X-4.398 Y-24.676 E.02831
G1 X-4.078 Y-24.166 E.02831
G1 X-3.879 Y-23.598 E.02831
G1 X-3.81 Y-22.983 E.02913
G1 X-3.81 Y-19.69 E.15483
G1 X55.19 Y-19.69 E2.77446
G1 X55.19 Y19.69 E1.85183
M73 P35 R15
G1 X-3.81 Y19.69 E2.77446
G1 X-3.81 Y22.983 E.15483
G1 X-3.879 Y23.598 E.02913
G1 X-4.078 Y24.166 E.02831
G1 X-4.398 Y24.676 E.02831
G1 X-4.824 Y25.102 E.02831
G1 X-5.041 Y25.238 E.01205
G1 X-5.334 Y25.422 E.01626
G1 X-5.902 Y25.621 E.02831
G1 X-6.5 Y25.688 E.02831
G1 X-7.098 Y25.621 E.02831
G1 X-7.666 Y25.422 E.02831
G1 X-8.176 Y25.102 E.02831
G1 X-8.602 Y24.676 E.02831
G1 X-8.922 Y24.166 E.02831
G1 X-9.121 Y23.598 E.02831
G1 X-9.19 Y22.983 E.02913
G1 X-9.19 Y19.726 E.15314
SET_VELOCITY_LIMIT ACCEL=10000
G1 E-1.2 F2100
;WIPE_START
G1 F7200
G1 X-11.19 Y19.724
;WIPE_END
G1 X-8.046 Y20.532 Z1.8 F30000
G1 Z1.4
G1 E1.2 F2100
SET_VELOCITY_LIMIT ACCEL=7000
;TYPE:Internal solid infill
;WIDTH:0.55292
G1 F9000
G1 X-8.11 Y20.532 E.00265
G1 X-8.142 Y20.587 E.00265
G1 X-8.11 Y20.642 E.00265
G1 X-8.046 Y20.642 E.00265
G1 X-8.032 Y20.618 E.00115
SET_VELOCITY_LIMIT ACCEL=10000
G1 X-8.618 Y21.827 F30000
;TYPE:Gap infill
;WIDTH:0.455012
G1 F9000
G1 X-8.699 Y22.438 E.02069
;WIDTH:0.430898
G1 X-8.716 Y22.698 E.00822
;WIDTH:0.380939
G1 X-8.731 Y23.021 E.00893
G1 X-8.658 Y23.557 E.01488
;WIDTH:0.372842
G1 X-8.505 Y23.966 E.01174
G1 X-8.417 Y24.131 E.00503
G1 X-8.239 Y24.387 E.00839
G1 X-8.088 Y24.559 E.00615
G1 X-7.887 Y24.739 E.00726
G1 X-7.631 Y24.917 E.00839
G1 X-7.466 Y25.005 E.00503
G1 X-6.996 Y25.173 E.01341
G1 X-6.5 Y25.233 E.01343
G1 X-6.004 Y25.173 E.01343
G1 X-5.534 Y25.005 E.01341
G1 X-5.369 Y24.917 E.00503
G1 X-5.113 Y24.739 E.00839
G1 X-4.912 Y24.559 E.00726
G1 X-4.761 Y24.387 E.00615
G1 X-4.583 Y24.131 E.00839
G1 X-4.495 Y23.966 E.00503
G1 X-4.354 Y23.597 E.01062
G1 X-4.327 Y23.496 E.0028
G1 X-4.267 Y22.957 E.01458
;WIDTH:0.396894
G1 X-4.284 Y22.698 E.0075
;WIDTH:0.437808
G1 X-4.301 Y22.438 E.00836
G1 X-4.382 Y21.827 E.01982
G1 E-1.2 F2100
;WIPE_START
G1 F9000
G1 X-4.301 Y22.438
G1 X-4.284 Y22.698
;WIPE_END
G1 X-11.916 Y22.753 Z1.8 F30000
G1 X-40.267 Y22.957 Z1.8
G1 Z1.4
G1 E1.2 F2100
;WIDTH:0.396894
G1 F9000
G1 X-40.284 Y22.698 E.0075
;WIDTH:0.437808
G1 X-40.301 Y22.438 E.00836
G1 X-40.382 Y21.827 E.01982
G1 X-40.267 Y22.957 F30000
;WIDTH:0.372841
G1 F9000
G1 X-40.327 Y23.496 E.01458
G1 X-40.354 Y23.597 E.0028
G1 X-40.495 Y23.966 E.01062
G1 X-40.583 Y24.131 E.00503
G1 X-40.761 Y24.387 E.00839
G1 X-40.912 Y24.559 E.00615
G1 X-41.113 Y24.739 E.00726
G1 X-41.369 Y24.917 E.00839
G1 X-41.534 Y25.005 E.00503
G1 X-42.004 Y25.173 E.01341
G1 X-42.5 Y25.233 E.01343
G1 X-42.996 Y25.173 E.01343
G1 X-43.466 Y25.005 E.01341
G1 X-43.631 Y24.917 E.00503
G1 X-43.887 Y24.739 E.00839
G1 X-44.059 Y24.588 E.00615
G1 X-44.239 Y24.387 E.00726
G1 X-44.417 Y24.131 E.00839
G1 X-44.505 Y23.966 E.00503
G1 X-44.658 Y23.557 E.01175
;WIDTH:0.380939
G1 X-44.731 Y23.021 E.01488
G1 X-44.716 Y22.698 E.00893
;WIDTH:0.4309
G1 X-44.699 Y22.438 E.00822
;WIDTH:0.455011
G1 X-44.618 Y21.827 E.02069
G1 X-44.024 Y20.488 F30000
SET_VELOCITY_LIMIT ACCEL=7000
;TYPE:Internal solid infill
;WIDTH:0.577148
G1 F9000
G1 X-44.091 Y20.488 E.00291
G1 X-44.124 Y20.546 E.00291
G1 X-44.091 Y20.603 E.00291
G1 X-44.024 Y20.603 E.00291
G1 X-44.008 Y20.577 E.00134
SET_VELOCITY_LIMIT ACCEL=10000
G1 E-1.2 F2100
;WIPE_START
G1 F9000
G1 X-44.024 Y20.603
G1 X-44.091 Y20.603
G1 X-44.124 Y20.546
G1 X-44.091 Y20.488
G1 X-44.024 Y20.488
;WIPE_END
G1 X-51.518 Y19.039 Z1.8 F30000
G1 X-54.069 Y18.546 Z1.8
G1 Z1.4
G1 E1.2 F2100
SET_VELOCITY_LIMIT ACCEL=7000
;WIDTH:0.55292
G1 F9000
G1 X-54.133 Y18.546 E.00265
G1 X-54.165 Y18.601 E.00265
G1 X-54.133 Y18.656 E.00265
G1 X-54.069 Y18.656 E.00265
G1 X-54.055 Y18.632 E.00115
SET_VELOCITY_LIMIT ACCEL=10000
G1 X-44.156 Y-20.866 F30000
SET_VELOCITY_LIMIT ACCEL=7000
G1 F9000
G1 X-44.22 Y-20.866 E.00265
G1 X-44.252 Y-20.811 E.00265
G1 X-44.22 Y-20.756 E.00265
G1 X-44.156 Y-20.756 E.00265
G1 X-44.143 Y-20.78 E.00115
SET_VELOCITY_LIMIT ACCEL=10000
G1 X-44.583 Y-21.839 F30000
;TYPE:Gap infill
;WIDTH:0.536969
G1 F9000
G1 X-44.62 Y-22.021 E.00746
;WIDTH:0.518257
G1 X-44.656 Y-22.203 E.00718
;WIDTH:0.480834
G1 X-44.692 Y-22.384 E.00661
;WIDTH:0.435062
G1 X-44.716 Y-22.698 E.01004
;WIDTH:0.396896
G1 X-44.733 Y-22.957 E.0075
;WIDTH:0.372841
G1 X-44.673 Y-23.496 E.01458
G1 X-44.646 Y-23.597 E.0028
G1 X-44.505 Y-23.966 E.01062
G1 X-44.417 Y-24.131 E.00503
G1 X-44.239 Y-24.387 E.00839
G1 X-44.059 Y-24.588 E.00726
G1 X-43.887 Y-24.739 E.00615
G1 X-43.631 Y-24.917 E.00839
G1 X-43.466 Y-25.005 E.00503
G1 X-42.996 Y-25.173 E.01341
G1 X-42.5 Y-25.233 E.01343
G1 X-42.004 Y-25.173 E.01343
G1 X-41.534 Y-25.005 E.01341
G1 X-41.369 Y-24.917 E.00503
G1 X-41.113 Y-24.739 E.00839
G1 X-40.912 Y-24.559 E.00726
G1 X-40.761 Y-24.387 E.00615
G1 X-40.583 Y-24.131 E.00839
G1 X-40.495 Y-23.966 E.00503
G1 X-40.342 Y-23.557 E.01175
;WIDTH:0.380938
G1 X-40.269 Y-23.021 E.01488
G1 X-40.284 Y-22.698 E.00893
;WIDTH:0.430898
G1 X-40.301 Y-22.438 E.00822
;WIDTH:0.455011
G1 X-40.382 Y-21.827 E.02069
G1 E-1.2 F2100
;WIPE_START
G1 F9000
G1 X-40.301 Y-22.438
;WIPE_END
G1 X-32.67 Y-22.564 Z1.8 F30000
G1 X-8.733 Y-22.957 Z1.8
G1 Z1.4
G1 E1.2 F2100
;WIDTH:0.396896
G1 F9000
G1 X-8.716 Y-22.698 E.0075
;WIDTH:0.437809
G1 X-8.699 Y-22.438 E.00836
G1 X-8.618 Y-21.827 E.01982
G1 X-8.157 Y-20.868 F30000
SET_VELOCITY_LIMIT ACCEL=7000
;TYPE:Internal solid infill
;WIDTH:0.55292
G1 F9000
G1 X-8.221 Y-20.868 E.00265
G1 X-8.253 Y-20.813 E.00265
G1 X-8.221 Y-20.758 E.00265
G1 X-8.157 Y-20.758 E.00265
G1 X-8.143 Y-20.782 E.00115
SET_VELOCITY_LIMIT ACCEL=10000
G1 X-8.733 Y-22.957 F30000
;TYPE:Gap infill
;WIDTH:0.372842
G1 F9000
G1 X-8.673 Y-23.496 E.01458
G1 X-8.646 Y-23.597 E.0028
G1 X-8.505 Y-23.966 E.01062
G1 X-8.417 Y-24.131 E.00503
G1 X-8.239 Y-24.387 E.00839
G1 X-8.059 Y-24.588 E.00726
G1 X-7.887 Y-24.739 E.00615
G1 X-7.631 Y-24.917 E.00839
G1 X-7.466 Y-25.005 E.00503
G1 X-6.996 Y-25.173 E.01341
G1 X-6.5 Y-25.233 E.01343
G1 X-6.004 Y-25.173 E.01343
G1 X-5.534 Y-25.005 E.01341
G1 X-5.369 Y-24.917 E.00503
G1 X-5.113 Y-24.739 E.00839
G1 X-4.941 Y-24.588 E.00615
G1 X-4.761 Y-24.387 E.00726
G1 X-4.583 Y-24.131 E.00839
G1 X-4.495 Y-23.966 E.00503
G1 X-4.342 Y-23.557 E.01175
;WIDTH:0.38094
G1 X-4.269 Y-23.021 E.01488
G1 X-4.284 Y-22.698 E.00893
;WIDTH:0.430897
G1 X-4.301 Y-22.438 E.00822
;WIDTH:0.45501
G1 X-4.382 Y-21.827 E.02069
G1 X-4.792 Y-20.842 F30000
SET_VELOCITY_LIMIT ACCEL=7000
;TYPE:Internal solid infill
;WIDTH:0.55292
G1 F9000
G1 X-4.856 Y-20.842 E.00265
G1 X-4.887 Y-20.787 E.00265
G1 X-4.856 Y-20.732 E.00265
G1 X-4.792 Y-20.732 E.00265
G1 X-4.778 Y-20.756 E.00115
SET_VELOCITY_LIMIT ACCEL=10000
G1 E-1.2 F2100
;WIPE_START
G1 F9000
G1 X-4.792 Y-20.732
G1 X-4.856 Y-20.732
G1 X-4.887 Y-20.787
G1 X-4.856 Y-20.842
G1 X-4.792 Y-20.842
;WIPE_END
G1 X2.837 Y-20.601 Z1.8 F30000
G1 X52.712 Y-19.026 Z1.8
G1 Z1.4
G1 E1.2 F2100
SET_VELOCITY_LIMIT ACCEL=7000
;WIDTH:0.620651
G1 F9000
G1 X54.267 Y-17.472 E.10348
G1 X54.267 Y-16.655 E.03846
G1 X52.155 Y-18.767 E.14059
G1 X51.338 Y-18.767 E.03846
G1 X54.267 Y-15.838 E.19498
G1 X54.267 Y-15.021 E.03846
G1 X50.521 Y-18.767 E.24938
G1 X49.704 Y-18.767 E.03846
G1 X54.267 Y-14.204 E.30378
G1 X54.267 Y-13.387 E.03846
G1 X48.887 Y-18.767 E.35817
G1 X48.07 Y-18.767 E.03846
G1 X54.267 Y-12.57 E.41257
G1 X54.267 Y-11.753 E.03846
G1 X47.253 Y-18.767 E.46697
G1 X46.436 Y-18.767 E.03846
G1 X54.267 Y-10.936 E.52136
G1 X54.267 Y-10.119 E.03846
G1 X45.619 Y-18.767 E.57576
G1 X44.802 Y-18.767 E.03846
G1 X54.267 Y-9.302 E.63016
G1 X54.267 Y-8.485 E.03846
G1 X43.985 Y-18.767 E.68455
G1 X43.168 Y-18.767 E.03846
G1 X54.267 Y-7.668 E.73895
G1 X54.267 Y-6.851 E.03846
G1 X42.351 Y-18.767 E.79335
G1 X41.534 Y-18.767 E.03846
G1 X54.267 Y-6.034 E.84774
G1 X54.267 Y-5.217 E.03846
G1 X40.717 Y-18.767 E.90214
G1 X39.9 Y-18.767 E.03846
G1 X54.267 Y-4.4 E.95654
G1 X54.267 Y-3.582 E.03846
G1 X39.082 Y-18.767 E1.01093
G1 X38.265 Y-18.767 E.03846
G1 X54.267 Y-2.765 E1.06533
G1 X54.267 Y-1.948 E.03846
G1 X37.448 Y-18.767 E1.11973
G1 X36.631 Y-18.767 E.03846
G1 X54.267 Y-1.131 E1.17412
G1 X54.267 Y-.314 E.03846
G1 X35.814 Y-18.767 E1.22852
G1 X34.997 Y-18.767 E.03846
G1 X54.267 Y.503 E1.28292
G1 X54.267 Y1.32 E.03846
G1 X34.18 Y-18.767 E1.33731
G1 X33.363 Y-18.767 E.03846
G1 X54.267 Y2.137 E1.39171
G1 X54.267 Y2.954 E.03846
G1 X32.546 Y-18.767 E1.4461
G1 X31.729 Y-18.767 E.03846
G1 X54.267 Y3.771 E1.5005
G1 X54.267 Y4.588 E.03846
G1 X30.912 Y-18.767 E1.5549
G1 X30.095 Y-18.767 E.03846
G1 X54.267 Y5.405 E1.60929
G1 X54.267 Y6.222 E.03846
G1 X29.278 Y-18.767 E1.66369
G1 X28.461 Y-18.767 E.03846
G1 X54.267 Y7.039 E1.71809
G1 X54.267 Y7.856 E.03846
G1 X27.644 Y-18.767 E1.77248
G1 X26.827 Y-18.767 E.03846
G1 X54.267 Y8.673 E1.82688
G1 X54.267 Y9.49 E.03846
G1 X26.01 Y-18.767 E1.88128
G1 X25.193 Y-18.767 E.03846
G1 X54.267 Y10.307 E1.93567
G1 X54.267 Y11.124 E.03846
G1 X24.376 Y-18.767 E1.99007
G1 X23.559 Y-18.767 E.03846
G1 X54.267 Y11.941 E2.04447
G1 X54.267 Y12.758 E.03846
G1 X22.742 Y-18.767 E2.09886
G1 X21.925 Y-18.767 E.03846
G1 X54.267 Y13.575 E2.15326
G1 X54.267 Y14.392 E.03846
G1 X21.108 Y-18.767 E2.20766
G1 X20.291 Y-18.767 E.03846
G1 X54.267 Y15.209 E2.26205
G1 X54.267 Y16.026 E.03846
G1 X19.474 Y-18.767 E2.31645
G1 X18.657 Y-18.767 E.03846
G1 X54.267 Y16.843 E2.37085
G1 X54.267 Y17.66 E.03846
G1 X17.84 Y-18.767 E2.42524
G1 X17.023 Y-18.767 E.03846
G1 X54.267 Y18.477 E2.47964
G1 X54.267 Y18.767 E.01362
G1 X53.739 Y18.767 E.02485
G1 X16.206 Y-18.767 E2.4989
G1 X15.388 Y-18.767 E.03846
G1 X52.922 Y18.767 E2.4989
G1 X52.105 Y18.767 E.03846
G1 X14.571 Y-18.767 E2.4989
G1 X13.754 Y-18.767 E.03846
M73 P36 R15
G1 X51.288 Y18.767 E2.4989
G1 X50.471 Y18.767 E.03846
G1 X12.937 Y-18.767 E2.4989
G1 X12.12 Y-18.767 E.03846
G1 X49.654 Y18.767 E2.4989
G1 X48.837 Y18.767 E.03846
G1 X11.303 Y-18.767 E2.4989
G1 X10.486 Y-18.767 E.03846
G1 X48.02 Y18.767 E2.4989
G1 X47.203 Y18.767 E.03846
G1 X9.669 Y-18.767 E2.4989
G1 X8.852 Y-18.767 E.03846
G1 X46.386 Y18.767 E2.4989
G1 X45.569 Y18.767 E.03846
G1 X8.035 Y-18.767 E2.4989
G1 X7.218 Y-18.767 E.03846
G1 X44.751 Y18.767 E2.4989
G1 X43.934 Y18.767 E.03846
G1 X6.401 Y-18.767 E2.4989
G1 X5.584 Y-18.767 E.03846
G1 X43.117 Y18.767 E2.4989
G1 X42.3 Y18.767 E.03846
G1 X4.767 Y-18.767 E2.4989
G1 X3.95 Y-18.767 E.03846
G1 X41.483 Y18.767 E2.4989
G1 X40.666 Y18.767 E.03846
G1 X3.133 Y-18.767 E2.4989
G1 X2.316 Y-18.767 E.03846
G1 X39.849 Y18.767 E2.4989
G1 X39.032 Y18.767 E.03846
G1 X1.499 Y-18.767 E2.4989
G1 X.682 Y-18.767 E.03846
G1 X38.215 Y18.767 E2.4989
G1 X37.398 Y18.767 E.03846
G1 X-.135 Y-18.767 E2.4989
G1 X-.952 Y-18.767 E.03846
G1 X36.581 Y18.767 E2.4989
G1 X35.764 Y18.767 E.03846
G1 X-1.769 Y-18.767 E2.4989
G1 X-2.586 Y-18.767 E.03846
G1 X34.947 Y18.767 E2.4989
G1 X34.13 Y18.767 E.03846
G1 X-3.663 Y-19.026 E2.51619
SET_VELOCITY_LIMIT ACCEL=10000
G1 X-4.474 Y-19.837 F30000
SET_VELOCITY_LIMIT ACCEL=7000
G1 F9000
G1 X-5.248 Y-20.611 E.05156
G1 X-5.833 Y-20.379 E.02961
G1 X33.313 Y18.767 E2.60623
G1 X32.496 Y18.767 E.03846
G1 X-6.568 Y-20.297 E2.6008
G1 X-6.811 Y-20.273 E.01149
G1 X-7.551 Y-20.463 E.03596
G1 X31.679 Y18.767 E2.61183
G1 X30.862 Y18.767 E.03846
G1 X-8.24 Y-20.335 E2.60332
G1 X-8.253 Y-19.531 E.03785
G1 X30.045 Y18.767 E2.54979
G1 X29.228 Y18.767 E.03846
G1 X-8.304 Y-18.765 E2.49878
G1 X-8.305 Y-18.74 E.00118
G1 X-9.096 Y-18.74 E.03721
G1 X28.411 Y18.767 E2.49711
G1 X27.594 Y18.767 E.03846
G1 X-9.913 Y-18.74 E2.49711
G1 X-10.73 Y-18.74 E.03846
G1 X26.777 Y18.767 E2.49711
G1 X25.96 Y18.767 E.03846
G1 X-11.547 Y-18.74 E2.49711
G1 X-12.364 Y-18.74 E.03846
G1 X25.143 Y18.767 E2.49711
G1 X24.326 Y18.767 E.03846
G1 X-13.181 Y-18.74 E2.49711
G1 X-13.998 Y-18.74 E.03846
G1 X23.509 Y18.767 E2.49711
G1 X22.692 Y18.767 E.03846
G1 X-14.815 Y-18.74 E2.49711
G1 X-15.632 Y-18.74 E.03846
G1 X21.875 Y18.767 E2.49711
G1 X21.057 Y18.767 E.03846
M73 P37 R15
G1 X-16.449 Y-18.74 E2.49711
G1 X-17.266 Y-18.74 E.03846
G1 X20.24 Y18.767 E2.49711
G1 X19.423 Y18.767 E.03846
G1 X-18.083 Y-18.74 E2.49711
G1 X-18.9 Y-18.74 E.03846
G1 X18.606 Y18.767 E2.49711
G1 X17.789 Y18.767 E.03846
G1 X-19.717 Y-18.74 E2.49711
G1 X-20.534 Y-18.74 E.03846
G1 X16.972 Y18.767 E2.49711
G1 X16.155 Y18.767 E.03846
G1 X-21.351 Y-18.74 E2.49711
G1 X-22.168 Y-18.74 E.03846
G1 X15.338 Y18.767 E2.49711
G1 X14.521 Y18.767 E.03846
G1 X-22.985 Y-18.74 E2.49711
G1 X-23.802 Y-18.74 E.03846
G1 X13.704 Y18.767 E2.49711
G1 X12.887 Y18.767 E.03846
G1 X-24.619 Y-18.74 E2.49711
G1 X-25.436 Y-18.74 E.03846
G1 X12.07 Y18.767 E2.49711
G1 X11.253 Y18.767 E.03846
G1 X-26.254 Y-18.74 E2.49711
G1 X-27.071 Y-18.74 E.03846
G1 X10.436 Y18.767 E2.49711
G1 X9.619 Y18.767 E.03846
G1 X-27.888 Y-18.74 E2.49711
G1 X-28.705 Y-18.74 E.03846
G1 X8.802 Y18.767 E2.49711
G1 X7.985 Y18.767 E.03846
G1 X-29.522 Y-18.74 E2.49711
G1 X-30.339 Y-18.74 E.03846
G1 X7.168 Y18.767 E2.49711
G1 X6.351 Y18.767 E.03846
G1 X-31.156 Y-18.74 E2.49711
G1 X-31.973 Y-18.74 E.03846
G1 X5.534 Y18.767 E2.49711
G1 X4.717 Y18.767 E.03846
G1 X-32.79 Y-18.74 E2.49711
G1 X-33.607 Y-18.74 E.03846
G1 X3.9 Y18.767 E2.49711
G1 X3.083 Y18.767 E.03846
G1 X-34.424 Y-18.74 E2.49711
G1 X-35.241 Y-18.74 E.03846
G1 X2.266 Y18.767 E2.49711
G1 X1.449 Y18.767 E.03846
G1 X-36.058 Y-18.74 E2.49711
G1 X-36.875 Y-18.74 E.03846
G1 X.632 Y18.767 E2.49711
G1 X-.185 Y18.767 E.03846
G1 X-37.692 Y-18.74 E2.49711
G1 X-38.509 Y-18.74 E.03846
G1 X-1.002 Y18.767 E2.49711
G1 X-1.82 Y18.767 E.03846
G1 X-39.586 Y-19 E2.5144
SET_VELOCITY_LIMIT ACCEL=10000
G1 X-40.922 Y-21.153 F30000
SET_VELOCITY_LIMIT ACCEL=7000
G1 F9000
G1 X-40.733 Y-20.964 E.01256
G1 X-40.733 Y-20.147 E.03846
G1 X-41.212 Y-20.626 E.0319
G1 X-41.79 Y-20.387 E.02944
G1 X-40.76 Y-19.357 E.06858
G1 X-40.76 Y-19.246 E.00523
G1 X-41.06 Y-18.946 E.01995
G1 X-40.554 Y-18.44 E.03368
G1 X-40.254 Y-18.74 E.01995
G1 X-40.143 Y-18.74 E.00523
G1 X-2.637 Y18.767 E2.49711
G1 X-3.454 Y18.767 E.03846
G1 X-42.51 Y-20.289 E2.60027
G1 X-42.701 Y-20.262 E.00908
G1 X-43.467 Y-20.429 E.03691
G1 X-4.271 Y18.767 E2.60959
G1 X-4.733 Y18.767 E.02178
G1 X-4.733 Y19.121 E.01668
G1 X-44.24 Y-20.386 E2.63027
G1 X-44.24 Y-19.569 E.03846
G1 X-4.733 Y19.938 E2.63027
G1 X-4.733 Y20.755 E.03846
G1 X-44.267 Y-18.778 E2.63205
G1 X-45.055 Y-18.75 E.03714
G1 X-5.941 Y20.365 E2.60414
G1 X-6.5 Y20.291 E.02655
M73 P38 R15
G1 X-6.793 Y20.33 E.01391
G1 X-45.862 Y-18.74 E2.60117
G1 X-46.679 Y-18.74 E.03846
G1 X-9.173 Y18.767 E2.49711
G1 X-9.99 Y18.767 E.03846
M73 P38 R14
G1 X-47.496 Y-18.74 E2.49711
G1 X-48.313 Y-18.74 E.03846
G1 X-10.807 Y18.767 E2.49711
G1 X-11.624 Y18.767 E.03846
G1 X-49.13 Y-18.74 E2.49711
G1 X-49.948 Y-18.74 E.03846
G1 X-12.441 Y18.767 E2.49711
G1 X-13.258 Y18.767 E.03846
G1 X-50.765 Y-18.74 E2.49711
G1 X-51.582 Y-18.74 E.03846
G1 X-14.075 Y18.767 E2.49711
G1 X-14.892 Y18.767 E.03846
G1 X-52.399 Y-18.74 E2.49711
G1 X-53.216 Y-18.74 E.03846
G1 X-15.709 Y18.767 E2.49711
G1 X-16.526 Y18.767 E.03846
G1 X-54.033 Y-18.74 E2.49711
G1 X-54.072 Y-18.74 E.00187
G1 X-54.24 Y-18.354 E.01982
G1 X-54.24 Y-18.13 E.01052
G1 X-17.343 Y18.767 E2.45651
G1 X-18.16 Y18.767 E.03846
G1 X-54.24 Y-17.313 E2.40211
G1 X-54.24 Y-16.496 E.03846
G1 X-18.977 Y18.767 E2.34772
G1 X-19.794 Y18.767 E.03846
G1 X-54.24 Y-15.679 E2.29332
G1 X-54.24 Y-14.862 E.03846
G1 X-20.611 Y18.767 E2.23892
G1 X-21.428 Y18.767 E.03846
G1 X-54.24 Y-14.045 E2.18453
G1 X-54.24 Y-13.228 E.03846
G1 X-22.245 Y18.767 E2.13013
G1 X-23.062 Y18.767 E.03846
G1 X-54.24 Y-12.411 E2.07573
G1 X-54.24 Y-11.594 E.03846
G1 X-23.879 Y18.767 E2.02134
G1 X-24.696 Y18.767 E.03846
G1 X-54.24 Y-10.777 E1.96694
G1 X-54.24 Y-9.96 E.03846
G1 X-25.514 Y18.767 E1.91254
G1 X-26.331 Y18.767 E.03846
G1 X-54.24 Y-9.143 E1.85815
G1 X-54.24 Y-8.326 E.03846
G1 X-27.148 Y18.767 E1.80375
G1 X-27.965 Y18.767 E.03846
G1 X-54.24 Y-7.509 E1.74935
G1 X-54.24 Y-6.692 E.03846
G1 X-28.782 Y18.767 E1.69496
G1 X-29.599 Y18.767 E.03846
G1 X-54.24 Y-5.875 E1.64056
G1 X-54.24 Y-5.057 E.03846
G1 X-30.416 Y18.767 E1.58616
G1 X-31.233 Y18.767 E.03846
G1 X-54.24 Y-4.24 E1.53177
G1 X-54.24 Y-3.423 E.03846
G1 X-32.05 Y18.767 E1.47737
G1 X-32.867 Y18.767 E.03846
G1 X-54.24 Y-2.606 E1.42297
G1 X-54.24 Y-1.789 E.03846
G1 X-33.684 Y18.767 E1.36858
G1 X-34.501 Y18.767 E.03846
G1 X-54.24 Y-.972 E1.31418
G1 X-54.24 Y-.155 E.03846
G1 X-35.318 Y18.767 E1.25978
G1 X-36.135 Y18.767 E.03846
G1 X-54.24 Y.662 E1.20539
G1 X-54.24 Y1.479 E.03846
G1 X-36.952 Y18.767 E1.15099
G1 X-37.769 Y18.767 E.03846
G1 X-54.24 Y2.296 E1.0966
G1 X-54.24 Y3.113 E.03846
G1 X-38.586 Y18.767 E1.0422
G1 X-39.403 Y18.767 E.03846
G1 X-54.24 Y3.93 E.9878
G1 X-54.24 Y4.747 E.03846
G1 X-40.22 Y18.767 E.93341
G1 X-40.733 Y18.767 E.02416
G1 X-40.733 Y19.071 E.01431
G1 X-54.24 Y5.564 E.89924
G1 X-54.24 Y6.381 E.03846
G1 X-40.733 Y19.888 E.89924
G1 X-40.733 Y20.705 E.03846
G1 X-54.24 Y7.198 E.89924
G1 X-54.24 Y8.015 E.03846
G1 X-41.883 Y20.372 E.82272
G1 X-42.5 Y20.291 E.02931
G1 X-42.748 Y20.324 E.01179
G1 X-54.24 Y8.832 E.76509
G1 X-54.24 Y9.649 E.03846
G1 X-45.122 Y18.767 E.60703
G1 X-45.939 Y18.767 E.03846
G1 X-54.24 Y10.466 E.55263
G1 X-54.24 Y11.283 E.03846
G1 X-46.756 Y18.767 E.49823
G1 X-47.573 Y18.767 E.03846
G1 X-54.24 Y12.1 E.44384
G1 X-54.24 Y12.917 E.03846
G1 X-48.391 Y18.767 E.38944
G1 X-49.208 Y18.767 E.03846
G1 X-54.24 Y13.734 E.33504
G1 X-54.24 Y14.551 E.03846
G1 X-50.025 Y18.767 E.28065
G1 X-50.842 Y18.767 E.03846
G1 X-54.24 Y15.368 E.22625
G1 X-54.24 Y16.185 E.03846
G1 X-51.659 Y18.767 E.17185
G1 X-52.476 Y18.767 E.03846
G1 X-54.24 Y17.002 E.11746
G1 X-54.24 Y17.603 E.02828
G1 X-54.267 Y17.63 E.00178
G1 X-54.267 Y17.793 E.00767
G1 X-53.033 Y19.026 E.08213
SET_VELOCITY_LIMIT ACCEL=10000
G1 X-44.526 Y19.363 F30000
SET_VELOCITY_LIMIT ACCEL=7000
G1 F9000
G1 X-43.218 Y20.671 E.08713
SET_VELOCITY_LIMIT ACCEL=10000
G1 E-1.2 F2100
;WIPE_START
G1 F9000
G1 X-44.526 Y19.363
;WIPE_END
G1 X-36.894 Y19.373 Z1.8 F30000
G1 X-8.526 Y19.413 Z1.8
G1 Z1.4
G1 E1.2 F2100
M73 P39 R14
SET_VELOCITY_LIMIT ACCEL=7000
G1 F9000
G1 X-7.253 Y20.686 E.08475
SET_VELOCITY_LIMIT ACCEL=10000
G1 X54.047 Y-18.576 F30000
SET_VELOCITY_LIMIT ACCEL=7000
;WIDTH:0.677348
G1 F9000
G1 X53.968 Y-18.576 E.0041
G1 X53.928 Y-18.507 E.0041
G1 X53.968 Y-18.438 E.0041
G1 X54.047 Y-18.438 E.0041
G1 X54.068 Y-18.476 E.00224
;LAYER_CHANGE
;Z:1.6
;HEIGHT:0.2
;BEFORE_LAYER_CHANGE
;1.6
G1 E-1.2 F2100
;WIPE_START
G1 F9000
G1 X54.047 Y-18.438
G1 X53.968 Y-18.438
G1 X53.928 Y-18.507
G1 X53.968 Y-18.576
G1 X54.047 Y-18.576
;WIPE_END
;AFTER_LAYER_CHANGE
;1.6
;_SET_FAN_SPEED_CHANGING_LAYER
SET_VELOCITY_LIMIT ACCEL=10000
G17
G3 Z2 I-.675 J-1.012 P1  F30000
G1 X-8.278 Y22.999 Z2
G1 Z1.6
G1 E1.2 F2100
SET_VELOCITY_LIMIT ACCEL=5000
;TYPE:Outer wall
;WIDTH:0.62
G1 F7200
G1 X-8.217 Y22.54 E.02178
G1 X-8.04 Y22.111 E.02182
G1 X-7.757 Y21.743 E.02182
G1 X-7.389 Y21.46 E.02182
G1 X-6.96 Y21.283 E.02182
G1 X-6.5 Y21.222 E.02182
G1 X-6.04 Y21.283 E.02182
G1 X-5.611 Y21.46 E.02182
G1 X-5.243 Y21.743 E.02182
G1 X-4.96 Y22.111 E.02182
G1 X-4.783 Y22.54 E.02182
G1 X-4.722 Y23 E.02182
G1 X-4.753 Y23.23 E.01091
G1 X-4.783 Y23.46 E.01091
G1 X-4.96 Y23.889 E.02182
G1 X-5.243 Y24.257 E.02182
G1 X-5.611 Y24.54 E.02182
G1 X-6.04 Y24.717 E.02182
G1 X-6.5 Y24.778 E.02182
G1 X-6.96 Y24.717 E.02182
G1 X-7.389 Y24.54 E.02182
G1 X-7.757 Y24.257 E.02182
G1 X-8.04 Y23.889 E.02182
G1 X-8.217 Y23.46 E.02182
G1 X-8.273 Y23.035 E.02017
SET_VELOCITY_LIMIT ACCEL=10000
G1 E-1.2 F2100
;WIPE_START
G1 F7200
G1 X-8.217 Y22.54
G1 X-8.04 Y22.111
G1 X-7.757 Y21.743
G1 X-7.389 Y21.46
G1 X-7.288 Y21.419
;WIPE_END
G1 X-14.918 Y21.575 Z2 F30000
G1 X-40.96 Y22.111 Z2
G1 Z1.6
G1 E1.2 F2100
SET_VELOCITY_LIMIT ACCEL=5000
G1 F7200
G1 X-40.783 Y22.54 E.02182
G1 X-40.722 Y23 E.02182
G1 X-40.783 Y23.46 E.02182
G1 X-40.96 Y23.889 E.02182
G1 X-41.243 Y24.257 E.02182
G1 X-41.611 Y24.54 E.02182
G1 X-42.04 Y24.717 E.02182
G1 X-42.5 Y24.778 E.02182
G1 X-42.96 Y24.717 E.02182
G1 X-43.389 Y24.54 E.02182
G1 X-43.757 Y24.257 E.02182
G1 X-44.04 Y23.889 E.02182
G1 X-44.217 Y23.46 E.02182
G1 X-44.278 Y23 E.02182
G1 X-44.217 Y22.54 E.02182
G1 X-44.04 Y22.111 E.02182
G1 X-43.757 Y21.743 E.02182
G1 X-43.389 Y21.46 E.02182
G1 X-42.96 Y21.283 E.02182
G1 X-42.5 Y21.222 E.02182
G1 X-42.04 Y21.283 E.02182
G1 X-41.611 Y21.46 E.02182
G1 X-41.243 Y21.743 E.02182
G1 X-40.982 Y22.083 E.02013
SET_VELOCITY_LIMIT ACCEL=10000
G1 E-1.2 F2100
;WIPE_START
G1 F7200
G1 X-40.783 Y22.54
G1 X-40.722 Y23
G1 X-40.783 Y23.46
G1 X-40.96 Y23.889
G1 X-41.027 Y23.975
;WIPE_END
G1 X-41.549 Y16.361 Z2 F30000
G1 X-44.217 Y-22.54 Z2
G1 Z1.6
G1 E1.2 F2100
SET_VELOCITY_LIMIT ACCEL=5000
G1 F7200
G1 X-44.278 Y-23 E.02182
G1 X-44.217 Y-23.46 E.02182
G1 X-44.04 Y-23.889 E.02182
G1 X-43.757 Y-24.257 E.02182
G1 X-43.389 Y-24.54 E.02182
G1 X-42.96 Y-24.717 E.02182
G1 X-42.5 Y-24.778 E.02182
G1 X-42.04 Y-24.717 E.02182
G1 X-41.611 Y-24.54 E.02182
G1 X-41.243 Y-24.257 E.02182
G1 X-40.96 Y-23.889 E.02182
G1 X-40.783 Y-23.46 E.02182
G1 X-40.722 Y-23 E.02182
G1 X-40.783 Y-22.54 E.02182
G1 X-40.96 Y-22.111 E.02182
G1 X-41.243 Y-21.743 E.02182
G1 X-41.611 Y-21.46 E.02182
G1 X-42.04 Y-21.283 E.02182
G1 X-42.5 Y-21.222 E.02182
G1 X-42.96 Y-21.283 E.02182
G1 X-43.389 Y-21.46 E.02182
G1 X-43.757 Y-21.743 E.02182
G1 X-44.04 Y-22.111 E.02182
G1 X-44.203 Y-22.507 E.02013
SET_VELOCITY_LIMIT ACCEL=10000
G1 E-1.2 F2100
;WIPE_START
G1 F7200
G1 X-44.278 Y-23
G1 X-44.217 Y-23.46
G1 X-44.04 Y-23.889
G1 X-43.757 Y-24.257
G1 X-43.671 Y-24.323
;WIPE_END
G1 X-36.061 Y-23.737 Z2 F30000
G1 X-8.378 Y-21.604 Z2
G1 Z1.6
G1 E1.2 F2100
SET_VELOCITY_LIMIT ACCEL=5000
;TYPE:Inner wall
G1 F9000
G1 X-8.169 Y-21.331 E.01617
G1 X-7.68 Y-20.956 E.02897
G1 X-7.111 Y-20.721 E.02897
G1 X-6.5 Y-20.64 E.02897
G1 X-5.889 Y-20.721 E.02897
G1 X-5.32 Y-20.956 E.02897
G1 X-4.831 Y-21.331 E.02897
G1 X-4.622 Y-21.604 E.01617
G1 X-4.387 Y-21.525 E.01167
G1 X-4.387 Y-19.113 E.11341
G1 X54.613 Y-19.113 E2.77446
G1 X54.613 Y19.113 E1.79756
G1 X-4.387 Y19.113 E2.77446
G1 X-4.387 Y21.525 E.11341
G1 X-4.622 Y21.604 E.01167
G1 X-4.831 Y21.331 E.01617
G1 X-5.32 Y20.956 E.02897
G1 X-5.889 Y20.721 E.02897
G1 X-6.5 Y20.64 E.02897
G1 X-7.111 Y20.721 E.02897
G1 X-7.68 Y20.956 E.02897
G1 X-8.169 Y21.331 E.02897
G1 X-8.378 Y21.604 E.01617
G1 X-8.613 Y21.525 E.01167
G1 X-8.613 Y19.113 E.11341
G1 X-40.387 Y19.113 E1.49417
G1 X-40.387 Y21.525 E.11341
G1 X-40.622 Y21.604 E.01167
G1 X-40.831 Y21.331 E.01617
G1 X-41.32 Y20.956 E.02897
G1 X-41.889 Y20.721 E.02897
G1 X-42.5 Y20.64 E.02897
G1 X-43.111 Y20.721 E.02897
G1 X-43.68 Y20.956 E.02897
G1 X-44.169 Y21.331 E.02897
G1 X-44.378 Y21.604 E.01617
G1 X-44.613 Y21.525 E.01167
G1 X-44.613 Y19.113 E.11341
G1 X-54.613 Y19.113 E.47025
G1 X-54.613 Y-19.113 E1.79756
G1 X-44.613 Y-19.113 E.47025
G1 X-44.613 Y-21.525 E.11341
G1 X-44.378 Y-21.604 E.01167
G1 X-44.169 Y-21.331 E.01617
G1 X-43.68 Y-20.956 E.02897
G1 X-43.111 Y-20.721 E.02897
G1 X-42.5 Y-20.64 E.02897
G1 X-41.889 Y-20.721 E.02897
G1 X-41.32 Y-20.956 E.02897
G1 X-40.831 Y-21.331 E.02897
G1 X-40.622 Y-21.604 E.01617
G1 X-40.387 Y-21.525 E.01167
G1 X-40.387 Y-19.113 E.11341
G1 X-8.613 Y-19.113 E1.49417
G1 X-8.613 Y-21.525 E.11341
G1 X-8.412 Y-21.593 E.00997
SET_VELOCITY_LIMIT ACCEL=10000
G1 E-1.2 F2100
;WIPE_START
G1 F9000
G1 X-8.169 Y-21.331
G1 X-7.68 Y-20.956
G1 X-7.111 Y-20.721
G1 X-6.703 Y-20.667
;WIPE_END
G1 X-7.757 Y-24.257 Z2 F30000
G1 Z1.6
G1 E1.2 F2100
SET_VELOCITY_LIMIT ACCEL=5000
;TYPE:Outer wall
G1 F7200
G1 X-7.389 Y-24.54 E.02182
G1 X-6.96 Y-24.717 E.02182
G1 X-6.5 Y-24.778 E.02182
G1 X-6.04 Y-24.717 E.02182
G1 X-5.611 Y-24.54 E.02182
G1 X-5.243 Y-24.257 E.02182
G1 X-4.96 Y-23.889 E.02182
G1 X-4.783 Y-23.46 E.02182
G1 X-4.722 Y-23 E.02182
G1 X-4.753 Y-22.77 E.01091
G1 X-4.783 Y-22.54 E.01091
G1 X-4.96 Y-22.111 E.02182
G1 X-5.243 Y-21.743 E.02182
G1 X-5.611 Y-21.46 E.02182
G1 X-6.04 Y-21.283 E.02182
G1 X-6.5 Y-21.222 E.02182
G1 X-6.96 Y-21.283 E.02182
G1 X-7.389 Y-21.46 E.02182
G1 X-7.757 Y-21.743 E.02182
G1 X-8.04 Y-22.111 E.02182
G1 X-8.217 Y-22.54 E.02182
G1 X-8.278 Y-23 E.02182
G1 X-8.217 Y-23.46 E.02182
G1 X-8.04 Y-23.889 E.02182
G1 X-7.779 Y-24.228 E.02013
SET_VELOCITY_LIMIT ACCEL=10000
G1 E-1.2 F2100
;WIPE_START
G1 F7200
G1 X-7.389 Y-24.54
G1 X-6.96 Y-24.717
G1 X-6.5 Y-24.778
G1 X-6.04 Y-24.717
G1 X-5.939 Y-24.675
;WIPE_END
G1 X-6.497 Y-17.063 Z2 F30000
G1 X-9.19 Y19.69 Z2
G1 Z1.6
G1 E1.2 F2100
SET_VELOCITY_LIMIT ACCEL=5000
G1 F7200
G1 X-39.81 Y19.69 E1.4399
G1 X-39.81 Y22.983 E.15483
G1 X-39.879 Y23.598 E.02913
G1 X-40.078 Y24.166 E.02831
G1 X-40.398 Y24.676 E.02831
G1 X-40.824 Y25.102 E.02831
G1 X-41.334 Y25.422 E.02831
G1 X-41.902 Y25.621 E.02831
G1 X-42.5 Y25.688 E.02831
G1 X-43.098 Y25.621 E.02831
G1 X-43.666 Y25.422 E.02831
G1 X-44.176 Y25.102 E.02831
G1 X-44.602 Y24.676 E.02831
G1 X-44.922 Y24.166 E.02831
G1 X-45.121 Y23.598 E.02831
G1 X-45.19 Y22.983 E.02913
G1 X-45.19 Y19.69 E.15483
G1 X-55.19 Y19.69 E.47025
G1 X-55.19 Y-19.69 E1.85183
G1 X-45.19 Y-19.69 E.47025
G1 X-45.19 Y-22.983 E.15483
G1 X-45.121 Y-23.598 E.02913
G1 X-44.922 Y-24.166 E.02831
G1 X-44.602 Y-24.676 E.02831
G1 X-44.176 Y-25.102 E.02831
G1 X-43.666 Y-25.422 E.02831
G1 X-43.098 Y-25.621 E.02831
G1 X-42.5 Y-25.688 E.02831
G1 X-41.902 Y-25.621 E.02831
G1 X-41.334 Y-25.422 E.02831
G1 X-40.824 Y-25.102 E.02831
G1 X-40.398 Y-24.676 E.02831
G1 X-40.078 Y-24.166 E.02831
G1 X-39.879 Y-23.598 E.02831
G1 X-39.81 Y-22.983 E.02913
G1 X-39.81 Y-19.69 E.15483
G1 X-9.19 Y-19.69 E1.4399
G1 X-9.19 Y-22.983 E.15483
G1 X-9.121 Y-23.598 E.02913
G1 X-8.922 Y-24.166 E.02831
G1 X-8.602 Y-24.676 E.02831
G1 X-8.176 Y-25.102 E.02831
G1 X-7.666 Y-25.422 E.02831
G1 X-7.098 Y-25.621 E.02831
G1 X-6.5 Y-25.688 E.02831
G1 X-6.201 Y-25.654 E.01415
G1 X-5.902 Y-25.621 E.01415
G1 X-5.334 Y-25.422 E.02831
G1 X-4.824 Y-25.102 E.02831
G1 X-4.398 Y-24.676 E.02831
G1 X-4.078 Y-24.166 E.02831
G1 X-3.879 Y-23.598 E.02831
G1 X-3.81 Y-22.983 E.02913
G1 X-3.81 Y-19.69 E.15483
G1 X55.19 Y-19.69 E2.77446
G1 X55.19 Y19.69 E1.85183
G1 X-3.81 Y19.69 E2.77446
G1 X-3.81 Y22.983 E.15483
G1 X-3.879 Y23.598 E.02913
G1 X-4.078 Y24.166 E.02831
G1 X-4.398 Y24.676 E.02831
G1 X-4.824 Y25.102 E.02831
G1 X-5.334 Y25.422 E.02831
G1 X-5.902 Y25.621 E.02831
G1 X-6.5 Y25.688 E.02831
G1 X-7.098 Y25.621 E.02831
G1 X-7.666 Y25.422 E.02831
G1 X-8.176 Y25.102 E.02831
G1 X-8.602 Y24.676 E.02831
G1 X-8.922 Y24.166 E.02831
G1 X-9.121 Y23.598 E.02831
G1 X-9.19 Y22.983 E.02913
G1 X-9.19 Y19.726 E.15314
SET_VELOCITY_LIMIT ACCEL=10000
G1 E-1.2 F2100
;WIPE_START
G1 F7200
G1 X-11.19 Y19.724
;WIPE_END
G1 X-8.157 Y20.758 Z2 F30000
G1 Z1.6
G1 E1.2 F2100
SET_VELOCITY_LIMIT ACCEL=7000
;TYPE:Internal solid infill
;WIDTH:0.55292
G1 F9000
G1 X-8.221 Y20.758 E.00265
G1 X-8.253 Y20.813 E.00265
G1 X-8.221 Y20.868 E.00265
G1 X-8.157 Y20.868 E.00265
G1 X-8.143 Y20.844 E.00115
SET_VELOCITY_LIMIT ACCEL=10000
G1 X-8.618 Y21.827 F30000
;TYPE:Gap infill
;WIDTH:0.455012
G1 F9000
G1 X-8.699 Y22.438 E.02069
;WIDTH:0.430898
G1 X-8.716 Y22.698 E.00822
;WIDTH:0.380939
G1 X-8.731 Y23.021 E.00893
G1 X-8.658 Y23.557 E.01488
;WIDTH:0.372843
G1 X-8.505 Y23.966 E.01174
G1 X-8.417 Y24.131 E.00503
G1 X-8.239 Y24.387 E.00839
G1 X-8.059 Y24.588 E.00726
G1 X-7.887 Y24.739 E.00615
G1 X-7.631 Y24.917 E.00839
G1 X-7.466 Y25.005 E.00503
G1 X-6.996 Y25.173 E.01341
G1 X-6.5 Y25.233 E.01343
G1 X-6.004 Y25.173 E.01343
G1 X-5.534 Y25.005 E.01341
G1 X-5.369 Y24.917 E.00503
G1 X-5.113 Y24.739 E.00839
G1 X-4.912 Y24.559 E.00726
G1 X-4.761 Y24.387 E.00615
G1 X-4.583 Y24.131 E.00839
G1 X-4.495 Y23.966 E.00503
G1 X-4.354 Y23.597 E.01062
G1 X-4.327 Y23.496 E.0028
G1 X-4.267 Y22.957 E.01458
;WIDTH:0.396894
G1 X-4.284 Y22.698 E.0075
;WIDTH:0.437808
G1 X-4.301 Y22.438 E.00836
G1 X-4.382 Y21.827 E.01982
G1 X-4.792 Y20.732 F30000
SET_VELOCITY_LIMIT ACCEL=7000
;TYPE:Internal solid infill
;WIDTH:0.55292
G1 F9000
G1 X-4.856 Y20.732 E.00265
G1 X-4.887 Y20.787 E.00265
G1 X-4.856 Y20.842 E.00265
G1 X-4.792 Y20.842 E.00265
G1 X-4.778 Y20.818 E.00115
SET_VELOCITY_LIMIT ACCEL=10000
G1 E-1.2 F2100
;WIPE_START
G1 F9000
G1 X-4.792 Y20.842
G1 X-4.856 Y20.842
G1 X-4.887 Y20.787
G1 X-4.856 Y20.732
G1 X-4.792 Y20.732
;WIPE_END
G1 X-12.409 Y21.21 Z2 F30000
G1 X-40.267 Y22.957 Z2
G1 Z1.6
G1 E1.2 F2100
;TYPE:Gap infill
;WIDTH:0.372841
G1 F9000
G1 X-40.327 Y23.496 E.01458
G1 X-40.354 Y23.597 E.0028
G1 X-40.495 Y23.966 E.01062
G1 X-40.583 Y24.131 E.00503
G1 X-40.761 Y24.387 E.00839
G1 X-40.941 Y24.588 E.00726
G1 X-41.113 Y24.739 E.00615
G1 X-41.369 Y24.917 E.00839
G1 X-41.534 Y25.005 E.00503
G1 X-42.004 Y25.173 E.01341
G1 X-42.5 Y25.233 E.01343
G1 X-42.996 Y25.173 E.01343
G1 X-43.466 Y25.005 E.01341
G1 X-43.631 Y24.917 E.00503
G1 X-43.887 Y24.739 E.00839
G1 X-44.059 Y24.588 E.00615
G1 X-44.239 Y24.387 E.00726
G1 X-44.417 Y24.131 E.00839
G1 X-44.505 Y23.966 E.00503
G1 X-44.658 Y23.557 E.01174
;WIDTH:0.380939
G1 X-44.731 Y23.021 E.01488
G1 X-44.716 Y22.698 E.00893
;WIDTH:0.4309
G1 X-44.699 Y22.438 E.00822
;WIDTH:0.455012
G1 X-44.692 Y22.384 E.00182
;WIDTH:0.480834
G1 X-44.656 Y22.203 E.00661
;WIDTH:0.518258
G1 X-44.62 Y22.021 E.00718
;WIDTH:0.555681
G1 X-44.583 Y21.839 E.00774
G1 X-44.156 Y20.756 F30000
SET_VELOCITY_LIMIT ACCEL=7000
;TYPE:Internal solid infill
;WIDTH:0.55292
G1 F9000
G1 X-44.22 Y20.756 E.00265
G1 X-44.252 Y20.811 E.00265
G1 X-44.22 Y20.866 E.00265
G1 X-44.156 Y20.866 E.00265
G1 X-44.143 Y20.842 E.00115
SET_VELOCITY_LIMIT ACCEL=10000
G1 X-40.417 Y21.839 F30000
;TYPE:Gap infill
;WIDTH:0.53697
G1 F9000
G1 X-40.38 Y22.021 E.00746
;WIDTH:0.518258
G1 X-40.344 Y22.203 E.00718
;WIDTH:0.480834
G1 X-40.308 Y22.384 E.00661
;WIDTH:0.435062
G1 X-40.284 Y22.698 E.01004
;WIDTH:0.396895
G1 X-40.267 Y22.957 E.0075
G1 X-44.024 Y-20.603 F30000
SET_VELOCITY_LIMIT ACCEL=7000
;TYPE:Internal solid infill
;WIDTH:0.57715
G1 F9000
G1 X-44.091 Y-20.603 E.00291
G1 X-44.124 Y-20.546 E.00291
G1 X-44.091 Y-20.488 E.00291
G1 X-44.024 Y-20.488 E.00291
G1 X-44.008 Y-20.514 E.00134
SET_VELOCITY_LIMIT ACCEL=10000
G1 X-44.583 Y-21.839 F30000
;TYPE:Gap infill
;WIDTH:0.536969
G1 F9000
G1 X-44.62 Y-22.021 E.00746
;WIDTH:0.518257
G1 X-44.656 Y-22.203 E.00718
;WIDTH:0.480834
G1 X-44.692 Y-22.384 E.00661
;WIDTH:0.435062
G1 X-44.716 Y-22.698 E.01004
;WIDTH:0.396896
G1 X-44.733 Y-22.957 E.0075
;WIDTH:0.372841
G1 X-44.673 Y-23.496 E.01458
G1 X-44.646 Y-23.597 E.0028
G1 X-44.505 Y-23.966 E.01062
G1 X-44.417 Y-24.131 E.00503
G1 X-44.239 Y-24.387 E.00839
G1 X-44.088 Y-24.559 E.00615
G1 X-43.887 Y-24.739 E.00726
G1 X-43.631 Y-24.917 E.00839
G1 X-43.466 Y-25.005 E.00503
G1 X-42.996 Y-25.173 E.01341
G1 X-42.5 Y-25.233 E.01343
G1 X-42.004 Y-25.173 E.01343
G1 X-41.534 Y-25.005 E.01341
G1 X-41.369 Y-24.917 E.00503
G1 X-41.113 Y-24.739 E.00839
G1 X-40.912 Y-24.559 E.00726
G1 X-40.761 Y-24.387 E.00615
G1 X-40.583 Y-24.131 E.00839
G1 X-40.495 Y-23.966 E.00503
G1 X-40.342 Y-23.557 E.01175
;WIDTH:0.380939
G1 X-40.269 Y-23.021 E.01488
G1 X-40.284 Y-22.698 E.00893
;WIDTH:0.430898
G1 X-40.301 Y-22.438 E.00822
;WIDTH:0.45501
G1 X-40.382 Y-21.827 E.02069
G1 E-1.2 F2100
;WIPE_START
G1 F9000
G1 X-40.301 Y-22.438
;WIPE_END
G1 X-47.661 Y-20.417 Z2 F30000
G1 X-54.069 Y-18.656 Z2
G1 Z1.6
G1 E1.2 F2100
SET_VELOCITY_LIMIT ACCEL=7000
;TYPE:Internal solid infill
;WIDTH:0.55292
G1 F9000
G1 X-54.133 Y-18.656 E.00265
G1 X-54.165 Y-18.601 E.00265
G1 X-54.133 Y-18.546 E.00265
G1 X-54.069 Y-18.546 E.00265
G1 X-54.055 Y-18.57 E.00115
SET_VELOCITY_LIMIT ACCEL=10000
G1 E-1.2 F2100
;WIPE_START
G1 F9000
G1 X-54.069 Y-18.546
G1 X-54.133 Y-18.546
G1 X-54.165 Y-18.601
G1 X-54.133 Y-18.656
G1 X-54.069 Y-18.656
;WIPE_END
G1 X-46.467 Y-19.334 Z2 F30000
G1 X-8.716 Y-22.698 Z2
G1 Z1.6
G1 E1.2 F2100
;TYPE:Gap infill
;WIDTH:0.437809
G1 F9000
G1 X-8.699 Y-22.438 E.00836
G1 X-8.618 Y-21.827 E.01982
G1 X-8.716 Y-22.698 F30000
;WIDTH:0.396896
G1 F9000
G1 X-8.733 Y-22.957 E.0075
;WIDTH:0.372842
G1 X-8.673 Y-23.496 E.01458
G1 X-8.646 Y-23.597 E.0028
G1 X-8.505 Y-23.966 E.01062
G1 X-8.417 Y-24.131 E.00503
G1 X-8.239 Y-24.387 E.00839
G1 X-8.059 Y-24.588 E.00726
G1 X-7.887 Y-24.739 E.00615
G1 X-7.631 Y-24.917 E.00839
G1 X-7.466 Y-25.005 E.00503
G1 X-6.996 Y-25.173 E.01341
G1 X-6.5 Y-25.233 E.01343
G1 X-6.004 Y-25.173 E.01343
G1 X-5.534 Y-25.005 E.01341
G1 X-5.369 Y-24.917 E.00503
G1 X-5.113 Y-24.739 E.00839
G1 X-4.912 Y-24.559 E.00726
G1 X-4.761 Y-24.387 E.00615
G1 X-4.583 Y-24.131 E.00839
G1 X-4.495 Y-23.966 E.00503
G1 X-4.342 Y-23.557 E.01175
;WIDTH:0.380939
G1 X-4.269 Y-23.021 E.01488
G1 X-4.284 Y-22.698 E.00893
;WIDTH:0.430897
G1 X-4.301 Y-22.438 E.00822
;WIDTH:0.455009
G1 X-4.382 Y-21.827 E.02069
G1 X-8.046 Y-20.642 F30000
SET_VELOCITY_LIMIT ACCEL=7000
;TYPE:Internal solid infill
;WIDTH:0.55292
G1 F9000
G1 X-8.11 Y-20.642 E.00265
G1 X-8.142 Y-20.587 E.00265
G1 X-8.11 Y-20.532 E.00265
G1 X-8.046 Y-20.532 E.00265
G1 X-8.032 Y-20.556 E.00115
SET_VELOCITY_LIMIT ACCEL=10000
G1 X52.712 Y19.026 F30000
SET_VELOCITY_LIMIT ACCEL=7000
;WIDTH:0.620651
G1 F9000
G1 X54.267 Y17.472 E.10348
G1 X54.267 Y16.655 E.03846
G1 X52.155 Y18.767 E.14059
G1 X51.338 Y18.767 E.03846
G1 X54.267 Y15.838 E.19498
G1 X54.267 Y15.021 E.03846
G1 X50.521 Y18.767 E.24938
G1 X49.704 Y18.767 E.03846
G1 X54.267 Y14.204 E.30378
G1 X54.267 Y13.387 E.03846
G1 X48.887 Y18.767 E.35817
G1 X48.07 Y18.767 E.03846
G1 X54.267 Y12.57 E.41257
G1 X54.267 Y11.753 E.03846
G1 X47.253 Y18.767 E.46697
G1 X46.436 Y18.767 E.03846
G1 X54.267 Y10.936 E.52136
G1 X54.267 Y10.119 E.03846
G1 X45.619 Y18.767 E.57576
G1 X44.802 Y18.767 E.03846
G1 X54.267 Y9.302 E.63016
G1 X54.267 Y8.485 E.03846
G1 X43.985 Y18.767 E.68455
G1 X43.168 Y18.767 E.03846
G1 X54.267 Y7.668 E.73895
G1 X54.267 Y6.851 E.03846
G1 X42.351 Y18.767 E.79335
G1 X41.534 Y18.767 E.03846
G1 X54.267 Y6.034 E.84774
G1 X54.267 Y5.217 E.03846
G1 X40.717 Y18.767 E.90214
G1 X39.9 Y18.767 E.03846
G1 X54.267 Y4.4 E.95654
G1 X54.267 Y3.583 E.03846
G1 X39.082 Y18.767 E1.01093
G1 X38.265 Y18.767 E.03846
G1 X54.267 Y2.765 E1.06533
G1 X54.267 Y1.948 E.03846
G1 X37.448 Y18.767 E1.11973
G1 X36.631 Y18.767 E.03846
G1 X54.267 Y1.131 E1.17412
G1 X54.267 Y.314 E.03846
G1 X35.814 Y18.767 E1.22852
G1 X34.997 Y18.767 E.03846
M73 P40 R14
G1 X54.267 Y-.503 E1.28291
G1 X54.267 Y-1.32 E.03846
G1 X34.18 Y18.767 E1.33731
G1 X33.363 Y18.767 E.03846
G1 X54.267 Y-2.137 E1.39171
G1 X54.267 Y-2.954 E.03846
G1 X32.546 Y18.767 E1.4461
G1 X31.729 Y18.767 E.03846
G1 X54.267 Y-3.771 E1.5005
G1 X54.267 Y-4.588 E.03846
G1 X30.912 Y18.767 E1.5549
G1 X30.095 Y18.767 E.03846
G1 X54.267 Y-5.405 E1.60929
G1 X54.267 Y-6.222 E.03846
G1 X29.278 Y18.767 E1.66369
G1 X28.461 Y18.767 E.03846
G1 X54.267 Y-7.039 E1.71809
G1 X54.267 Y-7.856 E.03846
G1 X27.644 Y18.767 E1.77248
G1 X26.827 Y18.767 E.03846
G1 X54.267 Y-8.673 E1.82688
G1 X54.267 Y-9.49 E.03846
G1 X26.01 Y18.767 E1.88128
G1 X25.193 Y18.767 E.03846
G1 X54.267 Y-10.307 E1.93567
G1 X54.267 Y-11.124 E.03846
G1 X24.376 Y18.767 E1.99007
G1 X23.559 Y18.767 E.03846
G1 X54.267 Y-11.941 E2.04447
G1 X54.267 Y-12.758 E.03846
G1 X22.742 Y18.767 E2.09886
G1 X21.925 Y18.767 E.03846
G1 X54.267 Y-13.575 E2.15326
G1 X54.267 Y-14.392 E.03846
G1 X21.108 Y18.767 E2.20766
G1 X20.291 Y18.767 E.03846
G1 X54.267 Y-15.209 E2.26205
G1 X54.267 Y-16.026 E.03846
G1 X19.474 Y18.767 E2.31645
G1 X18.657 Y18.767 E.03846
G1 X54.267 Y-16.843 E2.37085
G1 X54.267 Y-17.66 E.03846
G1 X17.84 Y18.767 E2.42524
G1 X17.023 Y18.767 E.03846
G1 X54.267 Y-18.477 E2.47964
G1 X54.267 Y-18.767 E.01362
G1 X53.739 Y-18.767 E.02485
G1 X16.206 Y18.767 E2.4989
G1 X15.388 Y18.767 E.03846
G1 X52.922 Y-18.767 E2.4989
G1 X52.105 Y-18.767 E.03846
G1 X14.571 Y18.767 E2.4989
G1 X13.754 Y18.767 E.03846
G1 X51.288 Y-18.767 E2.4989
G1 X50.471 Y-18.767 E.03846
G1 X12.937 Y18.767 E2.4989
G1 X12.12 Y18.767 E.03846
G1 X49.654 Y-18.767 E2.4989
G1 X48.837 Y-18.767 E.03846
G1 X11.303 Y18.767 E2.4989
G1 X10.486 Y18.767 E.03846
G1 X48.02 Y-18.767 E2.4989
G1 X47.203 Y-18.767 E.03846
G1 X9.669 Y18.767 E2.4989
G1 X8.852 Y18.767 E.03846
G1 X46.386 Y-18.767 E2.4989
G1 X45.569 Y-18.767 E.03846
G1 X8.035 Y18.767 E2.4989
G1 X7.218 Y18.767 E.03846
G1 X44.751 Y-18.767 E2.4989
G1 X43.934 Y-18.767 E.03846
G1 X6.401 Y18.767 E2.4989
G1 X5.584 Y18.767 E.03846
G1 X43.117 Y-18.767 E2.4989
G1 X42.3 Y-18.767 E.03846
G1 X4.767 Y18.767 E2.4989
G1 X3.95 Y18.767 E.03846
G1 X41.483 Y-18.767 E2.4989
G1 X40.666 Y-18.767 E.03846
G1 X3.133 Y18.767 E2.4989
G1 X2.316 Y18.767 E.03846
G1 X39.849 Y-18.767 E2.4989
G1 X39.032 Y-18.767 E.03846
G1 X1.499 Y18.767 E2.4989
G1 X.682 Y18.767 E.03846
M73 P41 R14
G1 X38.215 Y-18.767 E2.4989
G1 X37.398 Y-18.767 E.03846
G1 X-.135 Y18.767 E2.4989
G1 X-.952 Y18.767 E.03846
G1 X36.581 Y-18.767 E2.4989
G1 X35.764 Y-18.767 E.03846
G1 X-1.769 Y18.767 E2.4989
G1 X-2.586 Y18.767 E.03846
G1 X34.947 Y-18.767 E2.4989
G1 X34.13 Y-18.767 E.03846
G1 X-3.663 Y19.026 E2.51619
SET_VELOCITY_LIMIT ACCEL=10000
G1 X-4.474 Y19.837 F30000
SET_VELOCITY_LIMIT ACCEL=7000
G1 F9000
G1 X-5.248 Y20.611 E.05156
G1 X-5.833 Y20.379 E.02961
G1 X33.313 Y-18.767 E2.60623
G1 X32.496 Y-18.767 E.03846
G1 X-6.571 Y20.3 E2.60101
G1 X-6.661 Y20.312 E.00428
G1 X-6.723 Y20.25 E.00411
G1 X-7.551 Y20.463 E.04023
G1 X31.679 Y-18.767 E2.61183
G1 X30.862 Y-18.767 E.03846
G1 X-8.24 Y20.335 E2.60332
G1 X-8.253 Y19.531 E.03785
G1 X30.045 Y-18.767 E2.54979
G1 X29.228 Y-18.767 E.03846
G1 X-8.304 Y18.765 E2.49878
G1 X-8.305 Y18.74 E.00118
G1 X-9.096 Y18.74 E.03721
G1 X28.411 Y-18.767 E2.49711
G1 X27.594 Y-18.767 E.03846
G1 X-9.913 Y18.74 E2.49711
G1 X-10.73 Y18.74 E.03846
G1 X26.777 Y-18.767 E2.49711
G1 X25.96 Y-18.767 E.03846
G1 X-11.547 Y18.74 E2.49711
G1 X-12.364 Y18.74 E.03846
G1 X25.143 Y-18.767 E2.49711
G1 X24.326 Y-18.767 E.03846
G1 X-13.181 Y18.74 E2.49711
G1 X-13.998 Y18.74 E.03846
G1 X23.509 Y-18.767 E2.49711
G1 X22.692 Y-18.767 E.03846
G1 X-14.815 Y18.74 E2.49711
G1 X-15.632 Y18.74 E.03846
G1 X21.875 Y-18.767 E2.49711
G1 X21.057 Y-18.767 E.03846
G1 X-16.449 Y18.74 E2.49711
G1 X-17.266 Y18.74 E.03846
G1 X20.24 Y-18.767 E2.49711
G1 X19.423 Y-18.767 E.03846
G1 X-18.083 Y18.74 E2.49711
G1 X-18.9 Y18.74 E.03846
G1 X18.606 Y-18.767 E2.49711
G1 X17.789 Y-18.767 E.03846
G1 X-19.717 Y18.74 E2.49711
G1 X-20.534 Y18.74 E.03846
G1 X16.972 Y-18.767 E2.49711
G1 X16.155 Y-18.767 E.03846
G1 X-21.351 Y18.74 E2.49711
G1 X-22.168 Y18.74 E.03846
G1 X15.338 Y-18.767 E2.49711
G1 X14.521 Y-18.767 E.03846
G1 X-22.985 Y18.74 E2.49711
G1 X-23.802 Y18.74 E.03846
G1 X13.704 Y-18.767 E2.49711
G1 X12.887 Y-18.767 E.03846
G1 X-24.619 Y18.74 E2.49711
G1 X-25.436 Y18.74 E.03846
G1 X12.07 Y-18.767 E2.49711
G1 X11.253 Y-18.767 E.03846
G1 X-26.254 Y18.74 E2.49711
G1 X-27.071 Y18.74 E.03846
G1 X10.436 Y-18.767 E2.49711
G1 X9.619 Y-18.767 E.03846
G1 X-27.888 Y18.74 E2.49711
G1 X-28.705 Y18.74 E.03846
G1 X8.802 Y-18.767 E2.49711
G1 X7.985 Y-18.767 E.03846
M73 P42 R14
G1 X-29.522 Y18.74 E2.49711
G1 X-30.339 Y18.74 E.03846
G1 X7.168 Y-18.767 E2.49711
G1 X6.351 Y-18.767 E.03846
G1 X-31.156 Y18.74 E2.49711
G1 X-31.973 Y18.74 E.03846
G1 X5.534 Y-18.767 E2.49711
G1 X4.717 Y-18.767 E.03846
G1 X-32.79 Y18.74 E2.49711
G1 X-33.607 Y18.74 E.03846
G1 X3.9 Y-18.767 E2.49711
G1 X3.083 Y-18.767 E.03846
G1 X-34.424 Y18.74 E2.49711
G1 X-35.241 Y18.74 E.03846
M73 P42 R13
G1 X2.266 Y-18.767 E2.49711
G1 X1.449 Y-18.767 E.03846
G1 X-36.058 Y18.74 E2.49711
G1 X-36.875 Y18.74 E.03846
G1 X.632 Y-18.767 E2.49711
G1 X-.185 Y-18.767 E.03846
G1 X-37.692 Y18.74 E2.49711
G1 X-38.509 Y18.74 E.03846
G1 X-1.002 Y-18.767 E2.49711
G1 X-1.82 Y-18.767 E.03846
G1 X-39.586 Y19 E2.5144
SET_VELOCITY_LIMIT ACCEL=10000
G1 X-40.474 Y20.704 F30000
SET_VELOCITY_LIMIT ACCEL=7000
G1 F9000
G1 X-40.737 Y20.968 E.01752
G1 X-41.146 Y20.654 E.02425
G1 X-41.212 Y20.626 E.00341
G1 X-40.5 Y19.914 E.0474
SET_VELOCITY_LIMIT ACCEL=10000
G1 X-42.019 Y20.616 F30000
SET_VELOCITY_LIMIT ACCEL=7000
G1 F9000
G1 X-40.76 Y19.357 E.08384
G1 X-40.76 Y19.246 E.00523
G1 X-41.06 Y18.946 E.01995
G1 X-40.554 Y18.44 E.03368
G1 X-40.254 Y18.74 E.01995
G1 X-40.143 Y18.74 E.00523
G1 X-2.637 Y-18.767 E2.49711
G1 X-3.454 Y-18.767 E.03846
G1 X-42.513 Y20.293 E2.6005
G1 X-42.563 Y20.299 E.00237
G1 X-42.618 Y20.244 E.00367
G1 X-43.467 Y20.429 E.0409
G1 X-4.271 Y-18.767 E2.60959
G1 X-4.733 Y-18.767 E.02178
G1 X-4.733 Y-19.121 E.01668
G1 X-44.24 Y20.386 E2.63027
G1 X-44.24 Y19.569 E.03846
G1 X-4.733 Y-19.938 E2.63027
G1 X-4.733 Y-20.755 E.03846
G1 X-44.267 Y18.778 E2.63205
G1 X-45.055 Y18.75 E.03714
G1 X-5.941 Y-20.365 E2.60414
G1 X-6.5 Y-20.291 E.02655
G1 X-6.793 Y-20.33 E.01391
G1 X-45.862 Y18.74 E2.60117
G1 X-46.679 Y18.74 E.03846
G1 X-9.173 Y-18.767 E2.49711
G1 X-9.99 Y-18.767 E.03846
G1 X-47.496 Y18.74 E2.49711
G1 X-48.313 Y18.74 E.03846
G1 X-10.807 Y-18.767 E2.49711
G1 X-11.624 Y-18.767 E.03846
G1 X-49.131 Y18.74 E2.49711
G1 X-49.948 Y18.74 E.03846
G1 X-12.441 Y-18.767 E2.49711
G1 X-13.258 Y-18.767 E.03846
G1 X-50.765 Y18.74 E2.49711
G1 X-51.582 Y18.74 E.03846
G1 X-14.075 Y-18.767 E2.49711
G1 X-14.892 Y-18.767 E.03846
G1 X-52.399 Y18.74 E2.49711
G1 X-53.216 Y18.74 E.03846
G1 X-15.709 Y-18.767 E2.49711
G1 X-16.526 Y-18.767 E.03846
G1 X-54.033 Y18.74 E2.49711
G1 X-54.072 Y18.74 E.00187
G1 X-54.24 Y18.354 E.01982
G1 X-54.24 Y18.13 E.01052
G1 X-17.343 Y-18.767 E2.45651
G1 X-18.16 Y-18.767 E.03846
G1 X-54.24 Y17.313 E2.40211
G1 X-54.24 Y16.496 E.03846
G1 X-18.977 Y-18.767 E2.34772
G1 X-19.794 Y-18.767 E.03846
G1 X-54.24 Y15.679 E2.29332
G1 X-54.24 Y14.862 E.03846
G1 X-20.611 Y-18.767 E2.23892
G1 X-21.428 Y-18.767 E.03846
G1 X-54.24 Y14.045 E2.18453
G1 X-54.24 Y13.228 E.03846
M73 P43 R13
G1 X-22.245 Y-18.767 E2.13013
G1 X-23.062 Y-18.767 E.03846
G1 X-54.24 Y12.411 E2.07573
G1 X-54.24 Y11.594 E.03846
G1 X-23.879 Y-18.767 E2.02134
G1 X-24.696 Y-18.767 E.03846
G1 X-54.24 Y10.777 E1.96694
G1 X-54.24 Y9.96 E.03846
G1 X-25.514 Y-18.767 E1.91254
G1 X-26.331 Y-18.767 E.03846
G1 X-54.24 Y9.143 E1.85815
G1 X-54.24 Y8.326 E.03846
G1 X-27.148 Y-18.767 E1.80375
G1 X-27.965 Y-18.767 E.03846
G1 X-54.24 Y7.509 E1.74935
G1 X-54.24 Y6.692 E.03846
G1 X-28.782 Y-18.767 E1.69496
G1 X-29.599 Y-18.767 E.03846
G1 X-54.24 Y5.874 E1.64056
G1 X-54.24 Y5.057 E.03846
G1 X-30.416 Y-18.767 E1.58616
G1 X-31.233 Y-18.767 E.03846
G1 X-54.24 Y4.24 E1.53177
G1 X-54.24 Y3.423 E.03846
G1 X-32.05 Y-18.767 E1.47737
G1 X-32.867 Y-18.767 E.03846
G1 X-54.24 Y2.606 E1.42297
G1 X-54.24 Y1.789 E.03846
G1 X-33.684 Y-18.767 E1.36858
G1 X-34.501 Y-18.767 E.03846
G1 X-54.24 Y.972 E1.31418
G1 X-54.24 Y.155 E.03846
G1 X-35.318 Y-18.767 E1.25978
G1 X-36.135 Y-18.767 E.03846
G1 X-54.24 Y-.662 E1.20539
G1 X-54.24 Y-1.479 E.03846
G1 X-36.952 Y-18.767 E1.15099
G1 X-37.769 Y-18.767 E.03846
G1 X-54.24 Y-2.296 E1.09659
G1 X-54.24 Y-3.113 E.03846
G1 X-38.586 Y-18.767 E1.0422
G1 X-39.403 Y-18.767 E.03846
G1 X-54.24 Y-3.93 E.9878
G1 X-54.24 Y-4.747 E.03846
G1 X-40.22 Y-18.767 E.9334
G1 X-40.733 Y-18.767 E.02416
G1 X-40.733 Y-19.071 E.01431
G1 X-54.24 Y-5.564 E.89924
G1 X-54.24 Y-6.381 E.03846
G1 X-40.733 Y-19.888 E.89924
G1 X-40.733 Y-20.705 E.03846
G1 X-54.24 Y-7.198 E.89924
G1 X-54.24 Y-8.015 E.03846
G1 X-41.883 Y-20.372 E.82272
G1 X-42.5 Y-20.291 E.02931
G1 X-42.748 Y-20.324 E.01179
G1 X-54.24 Y-8.832 E.76509
G1 X-54.24 Y-9.649 E.03846
G1 X-45.122 Y-18.767 E.60703
G1 X-45.939 Y-18.767 E.03846
G1 X-54.24 Y-10.466 E.55263
G1 X-54.24 Y-11.283 E.03846
G1 X-46.756 Y-18.767 E.49823
G1 X-47.573 Y-18.767 E.03846
G1 X-54.24 Y-12.1 E.44384
G1 X-54.24 Y-12.917 E.03846
G1 X-48.391 Y-18.767 E.38944
G1 X-49.208 Y-18.767 E.03846
G1 X-54.24 Y-13.734 E.33504
G1 X-54.24 Y-14.551 E.03846
G1 X-50.025 Y-18.767 E.28065
G1 X-50.842 Y-18.767 E.03846
G1 X-54.24 Y-15.368 E.22625
G1 X-54.24 Y-16.185 E.03846
G1 X-51.659 Y-18.767 E.17185
G1 X-52.476 Y-18.767 E.03846
G1 X-54.24 Y-17.002 E.11746
G1 X-54.24 Y-17.603 E.02828
G1 X-54.267 Y-17.63 E.00178
G1 X-54.267 Y-17.793 E.00767
G1 X-53.033 Y-19.026 E.08213
SET_VELOCITY_LIMIT ACCEL=10000
G1 X-44.526 Y-19.363 F30000
SET_VELOCITY_LIMIT ACCEL=7000
G1 F9000
G1 X-43.218 Y-20.671 E.08712
SET_VELOCITY_LIMIT ACCEL=10000
G1 E-1.2 F2100
;WIPE_START
G1 F9000
G1 X-44.526 Y-19.363
;WIPE_END
G1 X-36.894 Y-19.373 Z2 F30000
G1 X-8.526 Y-19.413 Z2
G1 Z1.6
G1 E1.2 F2100
SET_VELOCITY_LIMIT ACCEL=7000
G1 F9000
G1 X-7.253 Y-20.686 E.08475
SET_VELOCITY_LIMIT ACCEL=10000
G1 X54.047 Y18.438 F30000
SET_VELOCITY_LIMIT ACCEL=7000
;WIDTH:0.677346
G1 F9000
G1 X53.968 Y18.438 E.0041
G1 X53.928 Y18.507 E.0041
G1 X53.968 Y18.576 E.0041
G1 X54.047 Y18.576 E.0041
G1 X54.068 Y18.538 E.00224
;LAYER_CHANGE
;Z:1.8
;HEIGHT:0.2
;BEFORE_LAYER_CHANGE
;1.8
G1 E-1.2 F2100
;WIPE_START
G1 F9000
G1 X54.047 Y18.576
G1 X53.968 Y18.576
G1 X53.928 Y18.507
G1 X53.968 Y18.438
G1 X54.047 Y18.438
;WIPE_END
;AFTER_LAYER_CHANGE
;1.8
;_SET_FAN_SPEED_CHANGING_LAYER
SET_VELOCITY_LIMIT ACCEL=10000
G17
G3 Z2.2 I-.089 J-1.214 P1  F30000
G1 X-8.277 Y22.998 Z2.2
G1 Z1.8
G1 E1.2 F2100
SET_VELOCITY_LIMIT ACCEL=5000
;TYPE:Outer wall
;WIDTH:0.62
G1 F7200
G1 X-8.217 Y22.54 E.02173
G1 X-8.04 Y22.111 E.02182
G1 X-7.757 Y21.743 E.02182
G1 X-7.389 Y21.46 E.02182
G1 X-6.96 Y21.283 E.02182
G1 X-6.755 Y21.256 E.00971
G1 X-6.5 Y21.222 E.01211
G1 X-6.04 Y21.283 E.02182
G1 X-5.611 Y21.46 E.02182
G1 X-5.243 Y21.743 E.02182
G1 X-4.96 Y22.111 E.02182
G1 X-4.783 Y22.54 E.02182
G1 X-4.722 Y23 E.02182
G1 X-4.783 Y23.46 E.02182
G1 X-4.96 Y23.889 E.02182
G1 X-5.243 Y24.257 E.02182
G1 X-5.611 Y24.54 E.02182
G1 X-6.04 Y24.717 E.02182
G1 X-6.5 Y24.778 E.02182
G1 X-6.96 Y24.717 E.02182
G1 X-7.389 Y24.54 E.02182
G1 X-7.757 Y24.257 E.02182
G1 X-8.04 Y23.889 E.02182
G1 X-8.217 Y23.46 E.02182
G1 X-8.273 Y23.034 E.02022
SET_VELOCITY_LIMIT ACCEL=10000
G1 E-1.2 F2100
;WIPE_START
G1 F7200
G1 X-8.217 Y22.54
G1 X-8.04 Y22.111
G1 X-7.757 Y21.743
G1 X-7.389 Y21.46
G1 X-7.287 Y21.418
;WIPE_END
G1 X-14.917 Y21.575 Z2.2 F30000
G1 X-40.96 Y22.111 Z2.2
G1 Z1.8
G1 E1.2 F2100
SET_VELOCITY_LIMIT ACCEL=5000
G1 F7200
G1 X-40.783 Y22.54 E.02182
G1 X-40.722 Y23 E.02182
G1 X-40.783 Y23.46 E.02182
G1 X-40.96 Y23.889 E.02182
G1 X-41.243 Y24.257 E.02182
G1 X-41.611 Y24.54 E.02182
G1 X-42.04 Y24.717 E.02182
G1 X-42.5 Y24.778 E.02182
G1 X-42.96 Y24.717 E.02182
G1 X-43.389 Y24.54 E.02182
G1 X-43.757 Y24.257 E.02182
G1 X-44.04 Y23.889 E.02182
G1 X-44.217 Y23.46 E.02182
G1 X-44.278 Y23 E.02182
G1 X-44.217 Y22.54 E.02182
G1 X-44.04 Y22.111 E.02182
G1 X-43.757 Y21.743 E.02182
G1 X-43.389 Y21.46 E.02182
G1 X-42.96 Y21.283 E.02182
G1 X-42.755 Y21.256 E.00971
G1 X-42.5 Y21.222 E.01211
G1 X-42.04 Y21.283 E.02182
G1 X-41.611 Y21.46 E.02182
G1 X-41.243 Y21.743 E.02182
G1 X-40.982 Y22.083 E.02013
SET_VELOCITY_LIMIT ACCEL=10000
G1 E-1.2 F2100
;WIPE_START
G1 F7200
G1 X-40.783 Y22.54
G1 X-40.722 Y23
G1 X-40.783 Y23.46
G1 X-40.96 Y23.889
G1 X-41.027 Y23.975
;WIPE_END
G1 X-41.549 Y16.361 Z2.2 F30000
G1 X-44.217 Y-22.54 Z2.2
G1 Z1.8
G1 E1.2 F2100
SET_VELOCITY_LIMIT ACCEL=5000
G1 F7200
G1 X-44.278 Y-23 E.02182
G1 X-44.217 Y-23.46 E.02182
G1 X-44.04 Y-23.889 E.02182
G1 X-43.757 Y-24.257 E.02182
G1 X-43.389 Y-24.54 E.02182
G1 X-42.96 Y-24.717 E.02182
G1 X-42.755 Y-24.744 E.00971
G1 X-42.5 Y-24.778 E.01211
G1 X-42.04 Y-24.717 E.02182
G1 X-41.611 Y-24.54 E.02182
G1 X-41.243 Y-24.257 E.02182
G1 X-40.96 Y-23.889 E.02182
G1 X-40.783 Y-23.46 E.02182
G1 X-40.722 Y-23 E.02182
G1 X-40.783 Y-22.54 E.02182
G1 X-40.96 Y-22.111 E.02182
G1 X-41.243 Y-21.743 E.02182
G1 X-41.611 Y-21.46 E.02182
G1 X-42.04 Y-21.283 E.02182
G1 X-42.5 Y-21.222 E.02182
G1 X-42.96 Y-21.283 E.02182
G1 X-43.389 Y-21.46 E.02182
G1 X-43.757 Y-21.743 E.02182
G1 X-44.04 Y-22.111 E.02182
G1 X-44.203 Y-22.507 E.02013
SET_VELOCITY_LIMIT ACCEL=10000
G1 E-1.2 F2100
;WIPE_START
G1 F7200
G1 X-44.278 Y-23
G1 X-44.217 Y-23.46
G1 X-44.04 Y-23.889
G1 X-43.757 Y-24.257
G1 X-43.671 Y-24.323
;WIPE_END
G1 X-36.061 Y-23.737 Z2.2 F30000
G1 X-8.378 Y-21.604 Z2.2
G1 Z1.8
G1 E1.2 F2100
SET_VELOCITY_LIMIT ACCEL=5000
;TYPE:Inner wall
G1 F9000
G1 X-8.169 Y-21.331 E.01617
G1 X-7.68 Y-20.956 E.02897
G1 X-7.111 Y-20.721 E.02897
G1 X-6.5 Y-20.64 E.02897
G1 X-5.889 Y-20.721 E.02897
G1 X-5.32 Y-20.956 E.02897
G1 X-4.831 Y-21.331 E.02897
G1 X-4.622 Y-21.604 E.01617
G1 X-4.387 Y-21.525 E.01167
G1 X-4.387 Y-19.113 E.11341
G1 X54.613 Y-19.113 E2.77446
G1 X54.613 Y19.113 E1.79756
G1 X-4.387 Y19.113 E2.77446
G1 X-4.387 Y21.525 E.11341
G1 X-4.622 Y21.604 E.01167
G1 X-4.831 Y21.331 E.01617
G1 X-5.32 Y20.956 E.02897
G1 X-5.889 Y20.721 E.02897
G1 X-6.5 Y20.64 E.02897
G1 X-7.111 Y20.721 E.02897
G1 X-7.68 Y20.956 E.02897
G1 X-8.169 Y21.331 E.02897
G1 X-8.378 Y21.604 E.01617
G1 X-8.613 Y21.525 E.01167
G1 X-8.613 Y19.113 E.11341
G1 X-40.387 Y19.113 E1.49417
G1 X-40.387 Y21.525 E.11341
G1 X-40.622 Y21.604 E.01167
G1 X-40.831 Y21.331 E.01617
G1 X-41.32 Y20.956 E.02897
G1 X-41.889 Y20.721 E.02897
G1 X-42.5 Y20.64 E.02897
G1 X-43.111 Y20.721 E.02897
G1 X-43.68 Y20.956 E.02897
G1 X-44.169 Y21.331 E.02897
G1 X-44.378 Y21.604 E.01617
G1 X-44.613 Y21.525 E.01167
G1 X-44.613 Y19.113 E.11341
G1 X-54.613 Y19.113 E.47025
G1 X-54.613 Y-19.113 E1.79756
G1 X-44.613 Y-19.113 E.47025
G1 X-44.613 Y-21.525 E.11341
G1 X-44.378 Y-21.604 E.01167
G1 X-44.169 Y-21.331 E.01617
G1 X-43.68 Y-20.956 E.02897
G1 X-43.111 Y-20.721 E.02897
G1 X-42.5 Y-20.64 E.02897
G1 X-41.889 Y-20.721 E.02897
G1 X-41.32 Y-20.956 E.02897
G1 X-40.831 Y-21.331 E.02897
G1 X-40.622 Y-21.604 E.01617
G1 X-40.387 Y-21.525 E.01167
G1 X-40.387 Y-19.113 E.11341
G1 X-8.613 Y-19.113 E1.49417
G1 X-8.613 Y-21.525 E.11341
G1 X-8.412 Y-21.593 E.00997
SET_VELOCITY_LIMIT ACCEL=10000
G1 E-1.2 F2100
;WIPE_START
G1 F9000
G1 X-8.169 Y-21.331
G1 X-7.68 Y-20.956
G1 X-7.111 Y-20.721
G1 X-6.703 Y-20.667
;WIPE_END
G1 X-7.757 Y-24.257 Z2.2 F30000
G1 Z1.8
G1 E1.2 F2100
SET_VELOCITY_LIMIT ACCEL=5000
;TYPE:Outer wall
G1 F7200
G1 X-7.389 Y-24.54 E.02182
G1 X-6.96 Y-24.717 E.02182
G1 X-6.755 Y-24.744 E.00971
G1 X-6.5 Y-24.778 E.01211
G1 X-6.04 Y-24.717 E.02182
G1 X-5.611 Y-24.54 E.02182
G1 X-5.243 Y-24.257 E.02182
G1 X-4.96 Y-23.889 E.02182
G1 X-4.783 Y-23.46 E.02182
G1 X-4.722 Y-23 E.02182
G1 X-4.783 Y-22.54 E.02182
G1 X-4.96 Y-22.111 E.02182
G1 X-5.243 Y-21.743 E.02182
G1 X-5.611 Y-21.46 E.02182
G1 X-6.04 Y-21.283 E.02182
G1 X-6.5 Y-21.222 E.02182
G1 X-6.96 Y-21.283 E.02182
G1 X-7.389 Y-21.46 E.02182
G1 X-7.757 Y-21.743 E.02182
G1 X-8.04 Y-22.111 E.02182
G1 X-8.217 Y-22.54 E.02182
G1 X-8.278 Y-23 E.02182
G1 X-8.217 Y-23.46 E.02182
G1 X-8.04 Y-23.889 E.02182
G1 X-7.779 Y-24.228 E.02013
SET_VELOCITY_LIMIT ACCEL=10000
G1 E-1.2 F2100
;WIPE_START
G1 F7200
G1 X-7.389 Y-24.54
G1 X-6.96 Y-24.717
G1 X-6.755 Y-24.744
G1 X-6.5 Y-24.778
G1 X-6.04 Y-24.717
G1 X-5.939 Y-24.675
;WIPE_END
G1 X-6.497 Y-17.063 Z2.2 F30000
G1 X-9.19 Y19.69 Z2.2
G1 Z1.8
G1 E1.2 F2100
SET_VELOCITY_LIMIT ACCEL=5000
G1 F7200
G1 X-39.81 Y19.69 E1.4399
G1 X-39.81 Y22.983 E.15483
M73 P44 R13
G1 X-39.879 Y23.598 E.02913
G1 X-40.078 Y24.166 E.02831
G1 X-40.398 Y24.676 E.02831
G1 X-40.824 Y25.102 E.02831
G1 X-41.334 Y25.422 E.02831
G1 X-41.902 Y25.621 E.02831
G1 X-42.5 Y25.688 E.02831
G1 X-43.098 Y25.621 E.02831
G1 X-43.666 Y25.422 E.02831
G1 X-44.176 Y25.102 E.02831
G1 X-44.602 Y24.676 E.02831
G1 X-44.922 Y24.166 E.02831
G1 X-45.121 Y23.598 E.02831
G1 X-45.19 Y22.983 E.02913
G1 X-45.19 Y19.69 E.15483
G1 X-55.19 Y19.69 E.47025
G1 X-55.19 Y-19.69 E1.85183
G1 X-45.19 Y-19.69 E.47025
G1 X-45.19 Y-22.983 E.15483
G1 X-45.121 Y-23.598 E.02913
G1 X-44.922 Y-24.166 E.02831
G1 X-44.602 Y-24.676 E.02831
G1 X-44.176 Y-25.102 E.02831
G1 X-43.666 Y-25.422 E.02831
G1 X-43.098 Y-25.621 E.02831
G1 X-42.5 Y-25.688 E.02831
G1 X-41.902 Y-25.621 E.02831
G1 X-41.334 Y-25.422 E.02831
G1 X-40.824 Y-25.102 E.02831
G1 X-40.398 Y-24.676 E.02831
G1 X-40.078 Y-24.166 E.02831
G1 X-39.879 Y-23.598 E.02831
G1 X-39.81 Y-22.983 E.02913
G1 X-39.81 Y-19.69 E.15483
G1 X-9.19 Y-19.69 E1.4399
G1 X-9.19 Y-22.983 E.15483
G1 X-9.121 Y-23.598 E.02913
G1 X-8.922 Y-24.166 E.02831
G1 X-8.602 Y-24.676 E.02831
G1 X-8.176 Y-25.102 E.02831
G1 X-7.666 Y-25.422 E.02831
G1 X-7.098 Y-25.621 E.02831
G1 X-6.5 Y-25.688 E.02831
G1 X-6.156 Y-25.649 E.01626
G1 X-5.902 Y-25.621 E.01205
G1 X-5.334 Y-25.422 E.02831
G1 X-4.824 Y-25.102 E.02831
G1 X-4.398 Y-24.676 E.02831
G1 X-4.078 Y-24.166 E.02831
G1 X-3.879 Y-23.598 E.02831
G1 X-3.81 Y-22.983 E.02913
G1 X-3.81 Y-19.69 E.15483
G1 X55.19 Y-19.69 E2.77446
G1 X55.19 Y19.69 E1.85183
G1 X-3.81 Y19.69 E2.77446
G1 X-3.81 Y22.983 E.15483
G1 X-3.879 Y23.598 E.02913
G1 X-4.078 Y24.166 E.02831
G1 X-4.398 Y24.676 E.02831
G1 X-4.824 Y25.102 E.02831
G1 X-5.117 Y25.286 E.01626
G1 X-5.334 Y25.422 E.01205
G1 X-5.902 Y25.621 E.02831
G1 X-6.5 Y25.688 E.02831
G1 X-7.098 Y25.621 E.02831
G1 X-7.666 Y25.422 E.02831
G1 X-8.176 Y25.102 E.02831
G1 X-8.602 Y24.676 E.02831
G1 X-8.922 Y24.166 E.02831
G1 X-9.121 Y23.598 E.02831
G1 X-9.19 Y22.983 E.02913
G1 X-9.19 Y19.726 E.15314
SET_VELOCITY_LIMIT ACCEL=10000
G1 E-1.2 F2100
;WIPE_START
G1 F7200
G1 X-11.19 Y19.724
;WIPE_END
G1 X-8.046 Y20.532 Z2.2 F30000
G1 Z1.8
G1 E1.2 F2100
SET_VELOCITY_LIMIT ACCEL=7000
;TYPE:Internal solid infill
;WIDTH:0.55292
G1 F9000
G1 X-8.11 Y20.532 E.00265
G1 X-8.142 Y20.587 E.00265
G1 X-8.11 Y20.642 E.00265
G1 X-8.046 Y20.642 E.00265
G1 X-8.032 Y20.618 E.00115
SET_VELOCITY_LIMIT ACCEL=10000
G1 X-8.618 Y21.827 F30000
;TYPE:Gap infill
;WIDTH:0.455012
G1 F9000
G1 X-8.699 Y22.438 E.02069
;WIDTH:0.430898
G1 X-8.716 Y22.698 E.00822
;WIDTH:0.380939
G1 X-8.731 Y23.021 E.00893
G1 X-8.658 Y23.557 E.01488
;WIDTH:0.372843
G1 X-8.505 Y23.966 E.01174
G1 X-8.417 Y24.131 E.00503
G1 X-8.239 Y24.387 E.00839
G1 X-8.059 Y24.588 E.00726
G1 X-7.887 Y24.739 E.00615
G1 X-7.631 Y24.917 E.00839
G1 X-7.466 Y25.005 E.00503
G1 X-6.996 Y25.173 E.01341
G1 X-6.5 Y25.233 E.01343
G1 X-6.004 Y25.173 E.01343
G1 X-5.534 Y25.005 E.01341
G1 X-5.369 Y24.917 E.00503
G1 X-5.113 Y24.739 E.00839
G1 X-4.941 Y24.588 E.00615
G1 X-4.761 Y24.387 E.00726
G1 X-4.583 Y24.131 E.00839
G1 X-4.495 Y23.966 E.00503
G1 X-4.354 Y23.597 E.01062
G1 X-4.327 Y23.496 E.0028
G1 X-4.267 Y22.957 E.01458
;WIDTH:0.396894
G1 X-4.284 Y22.698 E.0075
;WIDTH:0.437806
G1 X-4.301 Y22.438 E.00836
G1 X-4.382 Y21.827 E.01982
G1 E-1.2 F2100
;WIPE_START
G1 F9000
G1 X-4.301 Y22.438
G1 X-4.284 Y22.698
;WIPE_END
G1 X-11.916 Y22.753 Z2.2 F30000
G1 X-40.267 Y22.957 Z2.2
G1 Z1.8
G1 E1.2 F2100
;WIDTH:0.372842
G1 F9000
G1 X-40.327 Y23.496 E.01458
G1 X-40.354 Y23.597 E.0028
G1 X-40.495 Y23.966 E.01062
G1 X-40.583 Y24.131 E.00503
G1 X-40.761 Y24.387 E.00839
G1 X-40.941 Y24.588 E.00726
G1 X-41.113 Y24.739 E.00615
G1 X-41.369 Y24.917 E.00839
G1 X-41.534 Y25.005 E.00503
G1 X-42.004 Y25.173 E.01341
G1 X-42.5 Y25.233 E.01343
G1 X-42.996 Y25.173 E.01343
G1 X-43.466 Y25.005 E.01341
G1 X-43.631 Y24.917 E.00503
G1 X-43.887 Y24.739 E.00839
G1 X-44.059 Y24.588 E.00615
G1 X-44.239 Y24.387 E.00726
G1 X-44.417 Y24.131 E.00839
G1 X-44.505 Y23.966 E.00503
G1 X-44.658 Y23.557 E.01175
;WIDTH:0.380939
G1 X-44.731 Y23.021 E.01488
G1 X-44.716 Y22.698 E.00893
;WIDTH:0.4309
G1 X-44.699 Y22.438 E.00822
;WIDTH:0.455012
G1 X-44.618 Y21.827 E.02069
G1 X-44.024 Y20.488 F30000
SET_VELOCITY_LIMIT ACCEL=7000
;TYPE:Internal solid infill
;WIDTH:0.577148
G1 F9000
G1 X-44.091 Y20.488 E.00291
G1 X-44.124 Y20.546 E.00291
G1 X-44.091 Y20.603 E.00291
G1 X-44.024 Y20.603 E.00291
G1 X-44.008 Y20.577 E.00134
SET_VELOCITY_LIMIT ACCEL=10000
G1 X-40.382 Y21.827 F30000
;TYPE:Gap infill
;WIDTH:0.437809
G1 F9000
G1 X-40.301 Y22.438 E.01982
G1 X-40.284 Y22.698 E.00836
;WIDTH:0.396895
G1 X-40.267 Y22.957 E.0075
G1 E-1.2 F2100
;WIPE_START
G1 F9000
G1 X-40.284 Y22.698
;WIPE_END
G1 X-47.592 Y20.497 Z2.2 F30000
G1 X-54.069 Y18.546 Z2.2
G1 Z1.8
G1 E1.2 F2100
SET_VELOCITY_LIMIT ACCEL=7000
;TYPE:Internal solid infill
;WIDTH:0.55292
G1 F9000
G1 X-54.133 Y18.546 E.00265
G1 X-54.165 Y18.601 E.00265
G1 X-54.133 Y18.656 E.00265
G1 X-54.069 Y18.656 E.00265
G1 X-54.055 Y18.632 E.00115
SET_VELOCITY_LIMIT ACCEL=10000
G1 X-44.156 Y-20.866 F30000
SET_VELOCITY_LIMIT ACCEL=7000
G1 F9000
G1 X-44.22 Y-20.866 E.00265
G1 X-44.252 Y-20.811 E.00265
G1 X-44.22 Y-20.756 E.00265
G1 X-44.156 Y-20.756 E.00265
G1 X-44.143 Y-20.78 E.00115
SET_VELOCITY_LIMIT ACCEL=10000
G1 X-44.618 Y-21.827 F30000
;TYPE:Gap infill
;WIDTH:0.43781
G1 F9000
G1 X-44.699 Y-22.438 E.01982
G1 X-44.716 Y-22.698 E.00836
;WIDTH:0.396896
G1 X-44.733 Y-22.957 E.0075
;WIDTH:0.372842
G1 X-44.673 Y-23.496 E.01458
G1 X-44.646 Y-23.597 E.0028
G1 X-44.505 Y-23.966 E.01062
G1 X-44.417 Y-24.131 E.00503
G1 X-44.239 Y-24.387 E.00839
G1 X-44.059 Y-24.588 E.00726
G1 X-43.887 Y-24.739 E.00615
G1 X-43.631 Y-24.917 E.00839
G1 X-43.466 Y-25.005 E.00503
G1 X-42.996 Y-25.173 E.01341
G1 X-42.5 Y-25.233 E.01343
G1 X-42.004 Y-25.173 E.01343
G1 X-41.534 Y-25.005 E.01341
G1 X-41.369 Y-24.917 E.00503
G1 X-41.113 Y-24.739 E.00839
G1 X-40.912 Y-24.559 E.00726
G1 X-40.761 Y-24.387 E.00615
G1 X-40.583 Y-24.131 E.00839
G1 X-40.495 Y-23.966 E.00503
G1 X-40.342 Y-23.557 E.01174
;WIDTH:0.380939
G1 X-40.269 Y-23.021 E.01488
G1 X-40.284 Y-22.698 E.00893
;WIDTH:0.430898
G1 X-40.301 Y-22.438 E.00822
;WIDTH:0.45501
G1 X-40.308 Y-22.384 E.00182
;WIDTH:0.480833
G1 X-40.344 Y-22.203 E.00661
;WIDTH:0.518257
G1 X-40.38 Y-22.021 E.00718
;WIDTH:0.555682
G1 X-40.417 Y-21.839 E.00774
G1 E-1.2 F2100
;WIPE_START
G1 F9000
G1 X-40.38 Y-22.021
;WIPE_END
G1 X-32.751 Y-22.247 Z2.2 F30000
G1 X-8.733 Y-22.957 Z2.2
G1 Z1.8
G1 E1.2 F2100
;WIDTH:0.396896
G1 F9000
G1 X-8.716 Y-22.698 E.0075
;WIDTH:0.437809
G1 X-8.699 Y-22.438 E.00836
G1 X-8.618 Y-21.827 E.01982
G1 X-8.157 Y-20.868 F30000
SET_VELOCITY_LIMIT ACCEL=7000
;TYPE:Internal solid infill
;WIDTH:0.55292
G1 F9000
G1 X-8.221 Y-20.868 E.00265
G1 X-8.253 Y-20.813 E.00265
G1 X-8.221 Y-20.758 E.00265
G1 X-8.157 Y-20.758 E.00265
G1 X-8.143 Y-20.782 E.00115
SET_VELOCITY_LIMIT ACCEL=10000
G1 X-8.733 Y-22.957 F30000
;TYPE:Gap infill
;WIDTH:0.372842
G1 F9000
G1 X-8.673 Y-23.496 E.01458
G1 X-8.646 Y-23.597 E.0028
G1 X-8.505 Y-23.966 E.01062
G1 X-8.417 Y-24.131 E.00503
G1 X-8.239 Y-24.387 E.00839
G1 X-8.088 Y-24.559 E.00615
G1 X-7.887 Y-24.739 E.00726
G1 X-7.631 Y-24.917 E.00839
G1 X-7.466 Y-25.005 E.00503
G1 X-6.996 Y-25.173 E.01341
G1 X-6.5 Y-25.233 E.01343
G1 X-6.004 Y-25.173 E.01343
G1 X-5.534 Y-25.005 E.01341
G1 X-5.369 Y-24.917 E.00503
G1 X-5.113 Y-24.739 E.00839
G1 X-4.941 Y-24.588 E.00615
G1 X-4.761 Y-24.387 E.00726
G1 X-4.583 Y-24.131 E.00839
G1 X-4.495 Y-23.966 E.00503
G1 X-4.342 Y-23.557 E.01175
;WIDTH:0.380939
G1 X-4.269 Y-23.021 E.01488
G1 X-4.284 Y-22.698 E.00893
;WIDTH:0.430896
G1 X-4.301 Y-22.438 E.00822
;WIDTH:0.455009
G1 X-4.382 Y-21.827 E.02069
G1 X-4.792 Y-20.842 F30000
SET_VELOCITY_LIMIT ACCEL=7000
;TYPE:Internal solid infill
;WIDTH:0.55292
G1 F9000
G1 X-4.856 Y-20.842 E.00265
G1 X-4.887 Y-20.787 E.00265
G1 X-4.856 Y-20.732 E.00265
G1 X-4.792 Y-20.732 E.00265
G1 X-4.778 Y-20.756 E.00115
SET_VELOCITY_LIMIT ACCEL=10000
G1 E-1.2 F2100
;WIPE_START
G1 F9000
G1 X-4.792 Y-20.732
G1 X-4.856 Y-20.732
G1 X-4.887 Y-20.787
G1 X-4.856 Y-20.842
G1 X-4.792 Y-20.842
;WIPE_END
G1 X2.837 Y-20.601 Z2.2 F30000
G1 X52.712 Y-19.026 Z2.2
G1 Z1.8
G1 E1.2 F2100
SET_VELOCITY_LIMIT ACCEL=7000
;WIDTH:0.620651
G1 F9000
G1 X54.267 Y-17.472 E.10348
G1 X54.267 Y-16.655 E.03846
G1 X52.155 Y-18.767 E.14059
G1 X51.338 Y-18.767 E.03846
G1 X54.267 Y-15.838 E.19498
G1 X54.267 Y-15.021 E.03846
G1 X50.521 Y-18.767 E.24938
G1 X49.704 Y-18.767 E.03846
G1 X54.267 Y-14.204 E.30378
G1 X54.267 Y-13.387 E.03846
G1 X48.887 Y-18.767 E.35817
G1 X48.07 Y-18.767 E.03846
G1 X54.267 Y-12.57 E.41257
G1 X54.267 Y-11.753 E.03846
G1 X47.253 Y-18.767 E.46697
G1 X46.436 Y-18.767 E.03846
G1 X54.267 Y-10.936 E.52136
G1 X54.267 Y-10.119 E.03846
G1 X45.619 Y-18.767 E.57576
G1 X44.802 Y-18.767 E.03846
G1 X54.267 Y-9.302 E.63016
G1 X54.267 Y-8.485 E.03846
G1 X43.985 Y-18.767 E.68455
G1 X43.168 Y-18.767 E.03846
G1 X54.267 Y-7.668 E.73895
G1 X54.267 Y-6.851 E.03846
G1 X42.351 Y-18.767 E.79335
G1 X41.534 Y-18.767 E.03846
G1 X54.267 Y-6.034 E.84774
G1 X54.267 Y-5.217 E.03846
G1 X40.717 Y-18.767 E.90214
G1 X39.9 Y-18.767 E.03846
G1 X54.267 Y-4.4 E.95654
G1 X54.267 Y-3.582 E.03846
G1 X39.082 Y-18.767 E1.01093
G1 X38.265 Y-18.767 E.03846
G1 X54.267 Y-2.765 E1.06533
G1 X54.267 Y-1.948 E.03846
G1 X37.448 Y-18.767 E1.11973
G1 X36.631 Y-18.767 E.03846
G1 X54.267 Y-1.131 E1.17412
G1 X54.267 Y-.314 E.03846
G1 X35.814 Y-18.767 E1.22852
G1 X34.997 Y-18.767 E.03846
G1 X54.267 Y.503 E1.28292
G1 X54.267 Y1.32 E.03846
G1 X34.18 Y-18.767 E1.33731
G1 X33.363 Y-18.767 E.03846
G1 X54.267 Y2.137 E1.39171
G1 X54.267 Y2.954 E.03846
G1 X32.546 Y-18.767 E1.4461
G1 X31.729 Y-18.767 E.03846
G1 X54.267 Y3.771 E1.5005
G1 X54.267 Y4.588 E.03846
G1 X30.912 Y-18.767 E1.5549
G1 X30.095 Y-18.767 E.03846
G1 X54.267 Y5.405 E1.60929
G1 X54.267 Y6.222 E.03846
G1 X29.278 Y-18.767 E1.66369
G1 X28.461 Y-18.767 E.03846
G1 X54.267 Y7.039 E1.71809
G1 X54.267 Y7.856 E.03846
G1 X27.644 Y-18.767 E1.77248
G1 X26.827 Y-18.767 E.03846
G1 X54.267 Y8.673 E1.82688
G1 X54.267 Y9.49 E.03846
G1 X26.01 Y-18.767 E1.88128
G1 X25.193 Y-18.767 E.03846
G1 X54.267 Y10.307 E1.93567
G1 X54.267 Y11.124 E.03846
G1 X24.376 Y-18.767 E1.99007
G1 X23.559 Y-18.767 E.03846
G1 X54.267 Y11.941 E2.04447
G1 X54.267 Y12.758 E.03846
G1 X22.742 Y-18.767 E2.09886
G1 X21.925 Y-18.767 E.03846
G1 X54.267 Y13.575 E2.15326
G1 X54.267 Y14.392 E.03846
G1 X21.108 Y-18.767 E2.20766
G1 X20.291 Y-18.767 E.03846
G1 X54.267 Y15.209 E2.26205
G1 X54.267 Y16.026 E.03846
G1 X19.474 Y-18.767 E2.31645
G1 X18.657 Y-18.767 E.03846
G1 X54.267 Y16.843 E2.37085
G1 X54.267 Y17.66 E.03846
M73 P45 R13
G1 X17.84 Y-18.767 E2.42524
G1 X17.023 Y-18.767 E.03846
G1 X54.267 Y18.477 E2.47964
G1 X54.267 Y18.767 E.01362
G1 X53.739 Y18.767 E.02485
G1 X16.206 Y-18.767 E2.4989
G1 X15.388 Y-18.767 E.03846
G1 X52.922 Y18.767 E2.4989
G1 X52.105 Y18.767 E.03846
G1 X14.571 Y-18.767 E2.4989
G1 X13.754 Y-18.767 E.03846
G1 X51.288 Y18.767 E2.4989
G1 X50.471 Y18.767 E.03846
G1 X12.937 Y-18.767 E2.4989
G1 X12.12 Y-18.767 E.03846
G1 X49.654 Y18.767 E2.4989
G1 X48.837 Y18.767 E.03846
G1 X11.303 Y-18.767 E2.4989
G1 X10.486 Y-18.767 E.03846
G1 X48.02 Y18.767 E2.4989
G1 X47.203 Y18.767 E.03846
G1 X9.669 Y-18.767 E2.4989
G1 X8.852 Y-18.767 E.03846
G1 X46.386 Y18.767 E2.4989
G1 X45.569 Y18.767 E.03846
G1 X8.035 Y-18.767 E2.4989
G1 X7.218 Y-18.767 E.03846
G1 X44.751 Y18.767 E2.4989
G1 X43.934 Y18.767 E.03846
G1 X6.401 Y-18.767 E2.4989
G1 X5.584 Y-18.767 E.03846
G1 X43.117 Y18.767 E2.4989
G1 X42.3 Y18.767 E.03846
G1 X4.767 Y-18.767 E2.4989
G1 X3.95 Y-18.767 E.03846
G1 X41.483 Y18.767 E2.4989
G1 X40.666 Y18.767 E.03846
G1 X3.133 Y-18.767 E2.4989
G1 X2.316 Y-18.767 E.03846
G1 X39.849 Y18.767 E2.4989
G1 X39.032 Y18.767 E.03846
G1 X1.499 Y-18.767 E2.4989
G1 X.682 Y-18.767 E.03846
G1 X38.215 Y18.767 E2.4989
G1 X37.398 Y18.767 E.03846
G1 X-.135 Y-18.767 E2.4989
G1 X-.952 Y-18.767 E.03846
G1 X36.581 Y18.767 E2.4989
G1 X35.764 Y18.767 E.03846
G1 X-1.769 Y-18.767 E2.4989
G1 X-2.586 Y-18.767 E.03846
G1 X34.947 Y18.767 E2.4989
G1 X34.13 Y18.767 E.03846
G1 X-3.663 Y-19.026 E2.51619
SET_VELOCITY_LIMIT ACCEL=10000
G1 X-4.474 Y-19.837 F30000
SET_VELOCITY_LIMIT ACCEL=7000
G1 F9000
G1 X-5.248 Y-20.611 E.05156
G1 X-5.833 Y-20.379 E.02961
G1 X33.313 Y18.767 E2.60623
G1 X32.496 Y18.767 E.03846
G1 X-6.568 Y-20.297 E2.6008
G1 X-6.811 Y-20.273 E.01149
G1 X-7.551 Y-20.463 E.03596
G1 X31.679 Y18.767 E2.61183
G1 X30.862 Y18.767 E.03846
G1 X-8.24 Y-20.335 E2.60332
G1 X-8.253 Y-19.531 E.03785
G1 X30.045 Y18.767 E2.54979
G1 X29.228 Y18.767 E.03846
G1 X-8.304 Y-18.765 E2.49878
G1 X-8.305 Y-18.74 E.00118
G1 X-9.096 Y-18.74 E.03721
G1 X28.411 Y18.767 E2.49711
G1 X27.594 Y18.767 E.03846
G1 X-9.913 Y-18.74 E2.49711
G1 X-10.73 Y-18.74 E.03846
G1 X26.777 Y18.767 E2.49711
G1 X25.96 Y18.767 E.03846
G1 X-11.547 Y-18.74 E2.49711
G1 X-12.364 Y-18.74 E.03846
M73 P46 R13
G1 X25.143 Y18.767 E2.49711
G1 X24.326 Y18.767 E.03846
G1 X-13.181 Y-18.74 E2.49711
G1 X-13.998 Y-18.74 E.03846
G1 X23.509 Y18.767 E2.49711
G1 X22.692 Y18.767 E.03846
G1 X-14.815 Y-18.74 E2.49711
G1 X-15.632 Y-18.74 E.03846
G1 X21.875 Y18.767 E2.49711
G1 X21.057 Y18.767 E.03846
G1 X-16.449 Y-18.74 E2.49711
G1 X-17.266 Y-18.74 E.03846
G1 X20.24 Y18.767 E2.49711
G1 X19.423 Y18.767 E.03846
G1 X-18.083 Y-18.74 E2.49711
G1 X-18.9 Y-18.74 E.03846
G1 X18.606 Y18.767 E2.49711
G1 X17.789 Y18.767 E.03846
G1 X-19.717 Y-18.74 E2.49711
G1 X-20.534 Y-18.74 E.03846
G1 X16.972 Y18.767 E2.49711
G1 X16.155 Y18.767 E.03846
M73 P46 R12
G1 X-21.351 Y-18.74 E2.49711
G1 X-22.168 Y-18.74 E.03846
G1 X15.338 Y18.767 E2.49711
G1 X14.521 Y18.767 E.03846
G1 X-22.985 Y-18.74 E2.49711
G1 X-23.802 Y-18.74 E.03846
G1 X13.704 Y18.767 E2.49711
G1 X12.887 Y18.767 E.03846
G1 X-24.619 Y-18.74 E2.49711
G1 X-25.436 Y-18.74 E.03846
G1 X12.07 Y18.767 E2.49711
G1 X11.253 Y18.767 E.03846
G1 X-26.254 Y-18.74 E2.49711
G1 X-27.071 Y-18.74 E.03846
G1 X10.436 Y18.767 E2.49711
G1 X9.619 Y18.767 E.03846
G1 X-27.888 Y-18.74 E2.49711
G1 X-28.705 Y-18.74 E.03846
G1 X8.802 Y18.767 E2.49711
G1 X7.985 Y18.767 E.03846
G1 X-29.522 Y-18.74 E2.49711
G1 X-30.339 Y-18.74 E.03846
G1 X7.168 Y18.767 E2.49711
G1 X6.351 Y18.767 E.03846
G1 X-31.156 Y-18.74 E2.49711
G1 X-31.973 Y-18.74 E.03846
G1 X5.534 Y18.767 E2.49711
G1 X4.717 Y18.767 E.03846
G1 X-32.79 Y-18.74 E2.49711
G1 X-33.607 Y-18.74 E.03846
G1 X3.9 Y18.767 E2.49711
G1 X3.083 Y18.767 E.03846
G1 X-34.424 Y-18.74 E2.49711
G1 X-35.241 Y-18.74 E.03846
G1 X2.266 Y18.767 E2.49711
G1 X1.449 Y18.767 E.03846
G1 X-36.058 Y-18.74 E2.49711
G1 X-36.875 Y-18.74 E.03846
G1 X.632 Y18.767 E2.49711
G1 X-.185 Y18.767 E.03846
G1 X-37.692 Y-18.74 E2.49711
G1 X-38.509 Y-18.74 E.03846
G1 X-1.002 Y18.767 E2.49711
G1 X-1.82 Y18.767 E.03846
G1 X-39.586 Y-19 E2.5144
SET_VELOCITY_LIMIT ACCEL=10000
G1 X-40.922 Y-21.153 F30000
SET_VELOCITY_LIMIT ACCEL=7000
G1 F9000
G1 X-40.733 Y-20.964 E.01256
G1 X-40.733 Y-20.147 E.03846
G1 X-41.212 Y-20.626 E.0319
G1 X-41.79 Y-20.387 E.02944
G1 X-40.76 Y-19.357 E.06858
G1 X-40.76 Y-19.246 E.00523
G1 X-41.06 Y-18.946 E.01995
G1 X-40.554 Y-18.44 E.03368
G1 X-40.254 Y-18.74 E.01995
G1 X-40.143 Y-18.74 E.00523
G1 X-2.637 Y18.767 E2.49711
G1 X-3.454 Y18.767 E.03846
G1 X-42.51 Y-20.289 E2.60027
G1 X-42.701 Y-20.262 E.00908
M73 P47 R12
G1 X-43.467 Y-20.429 E.03691
G1 X-4.271 Y18.767 E2.60959
G1 X-4.733 Y18.767 E.02178
G1 X-4.733 Y19.121 E.01668
G1 X-44.24 Y-20.386 E2.63027
G1 X-44.24 Y-19.569 E.03846
G1 X-4.733 Y19.938 E2.63027
G1 X-4.733 Y20.755 E.03846
G1 X-44.267 Y-18.778 E2.63205
G1 X-45.055 Y-18.75 E.03713
G1 X-5.941 Y20.365 E2.60414
G1 X-6.5 Y20.291 E.02655
G1 X-6.793 Y20.33 E.01391
G1 X-45.862 Y-18.74 E2.60117
G1 X-46.679 Y-18.74 E.03846
G1 X-9.173 Y18.767 E2.49711
G1 X-9.99 Y18.767 E.03846
G1 X-47.496 Y-18.74 E2.49711
G1 X-48.313 Y-18.74 E.03846
G1 X-10.807 Y18.767 E2.49711
G1 X-11.624 Y18.767 E.03846
G1 X-49.13 Y-18.74 E2.49711
G1 X-49.948 Y-18.74 E.03846
G1 X-12.441 Y18.767 E2.49711
G1 X-13.258 Y18.767 E.03846
G1 X-50.765 Y-18.74 E2.49711
G1 X-51.582 Y-18.74 E.03846
G1 X-14.075 Y18.767 E2.49711
G1 X-14.892 Y18.767 E.03846
G1 X-52.399 Y-18.74 E2.49711
G1 X-53.216 Y-18.74 E.03846
G1 X-15.709 Y18.767 E2.49711
G1 X-16.526 Y18.767 E.03846
G1 X-54.033 Y-18.74 E2.49711
G1 X-54.072 Y-18.74 E.00187
G1 X-54.24 Y-18.354 E.01982
G1 X-54.24 Y-18.13 E.01052
G1 X-17.343 Y18.767 E2.45651
G1 X-18.16 Y18.767 E.03846
G1 X-54.24 Y-17.313 E2.40211
G1 X-54.24 Y-16.496 E.03846
G1 X-18.977 Y18.767 E2.34772
G1 X-19.794 Y18.767 E.03846
G1 X-54.24 Y-15.679 E2.29332
G1 X-54.24 Y-14.862 E.03846
G1 X-20.611 Y18.767 E2.23892
G1 X-21.428 Y18.767 E.03846
G1 X-54.24 Y-14.045 E2.18453
G1 X-54.24 Y-13.228 E.03846
G1 X-22.245 Y18.767 E2.13013
G1 X-23.062 Y18.767 E.03846
G1 X-54.24 Y-12.411 E2.07573
G1 X-54.24 Y-11.594 E.03846
G1 X-23.879 Y18.767 E2.02134
G1 X-24.696 Y18.767 E.03846
G1 X-54.24 Y-10.777 E1.96694
G1 X-54.24 Y-9.96 E.03846
G1 X-25.514 Y18.767 E1.91254
G1 X-26.331 Y18.767 E.03846
G1 X-54.24 Y-9.143 E1.85815
G1 X-54.24 Y-8.326 E.03846
G1 X-27.148 Y18.767 E1.80375
G1 X-27.965 Y18.767 E.03846
G1 X-54.24 Y-7.509 E1.74935
G1 X-54.24 Y-6.692 E.03846
G1 X-28.782 Y18.767 E1.69496
G1 X-29.599 Y18.767 E.03846
G1 X-54.24 Y-5.875 E1.64056
G1 X-54.24 Y-5.057 E.03846
G1 X-30.416 Y18.767 E1.58616
G1 X-31.233 Y18.767 E.03846
G1 X-54.24 Y-4.24 E1.53177
G1 X-54.24 Y-3.423 E.03846
G1 X-32.05 Y18.767 E1.47737
G1 X-32.867 Y18.767 E.03846
G1 X-54.24 Y-2.606 E1.42297
G1 X-54.24 Y-1.789 E.03846
G1 X-33.684 Y18.767 E1.36858
G1 X-34.501 Y18.767 E.03846
G1 X-54.24 Y-.972 E1.31418
G1 X-54.24 Y-.155 E.03846
G1 X-35.318 Y18.767 E1.25978
G1 X-36.135 Y18.767 E.03846
G1 X-54.24 Y.662 E1.20539
G1 X-54.24 Y1.479 E.03846
G1 X-36.952 Y18.767 E1.15099
G1 X-37.769 Y18.767 E.03846
G1 X-54.24 Y2.296 E1.0966
G1 X-54.24 Y3.113 E.03846
G1 X-38.586 Y18.767 E1.0422
G1 X-39.403 Y18.767 E.03846
G1 X-54.24 Y3.93 E.9878
G1 X-54.24 Y4.747 E.03846
G1 X-40.22 Y18.767 E.93341
G1 X-40.733 Y18.767 E.02416
M73 P48 R12
G1 X-40.733 Y19.071 E.01431
G1 X-54.24 Y5.564 E.89924
G1 X-54.24 Y6.381 E.03846
G1 X-40.733 Y19.888 E.89924
G1 X-40.733 Y20.705 E.03846
G1 X-54.24 Y7.198 E.89924
G1 X-54.24 Y8.015 E.03846
G1 X-41.883 Y20.372 E.82272
G1 X-42.5 Y20.291 E.02931
G1 X-42.748 Y20.324 E.01179
G1 X-54.24 Y8.832 E.76509
G1 X-54.24 Y9.649 E.03846
G1 X-45.122 Y18.767 E.60703
G1 X-45.939 Y18.767 E.03846
G1 X-54.24 Y10.466 E.55263
G1 X-54.24 Y11.283 E.03846
G1 X-46.756 Y18.767 E.49823
G1 X-47.573 Y18.767 E.03846
G1 X-54.24 Y12.1 E.44384
G1 X-54.24 Y12.917 E.03846
G1 X-48.391 Y18.767 E.38944
G1 X-49.208 Y18.767 E.03846
G1 X-54.24 Y13.734 E.33504
G1 X-54.24 Y14.551 E.03846
G1 X-50.025 Y18.767 E.28065
G1 X-50.842 Y18.767 E.03846
G1 X-54.24 Y15.368 E.22625
G1 X-54.24 Y16.185 E.03846
G1 X-51.659 Y18.767 E.17185
G1 X-52.476 Y18.767 E.03846
G1 X-54.24 Y17.002 E.11746
G1 X-54.24 Y17.603 E.02828
G1 X-54.267 Y17.63 E.00178
G1 X-54.267 Y17.793 E.00767
G1 X-53.033 Y19.026 E.08213
SET_VELOCITY_LIMIT ACCEL=10000
G1 X-44.526 Y19.363 F30000
SET_VELOCITY_LIMIT ACCEL=7000
G1 F9000
G1 X-43.218 Y20.671 E.08713
SET_VELOCITY_LIMIT ACCEL=10000
G1 E-1.2 F2100
;WIPE_START
G1 F9000
G1 X-44.526 Y19.363
;WIPE_END
G1 X-36.894 Y19.373 Z2.2 F30000
G1 X-8.526 Y19.413 Z2.2
G1 Z1.8
G1 E1.2 F2100
SET_VELOCITY_LIMIT ACCEL=7000
G1 F9000
G1 X-7.253 Y20.686 E.08475
SET_VELOCITY_LIMIT ACCEL=10000
G1 X54.047 Y-18.576 F30000
SET_VELOCITY_LIMIT ACCEL=7000
;WIDTH:0.677348
G1 F9000
G1 X53.968 Y-18.576 E.0041
G1 X53.928 Y-18.507 E.0041
G1 X53.968 Y-18.438 E.0041
G1 X54.047 Y-18.438 E.0041
G1 X54.068 Y-18.476 E.00224
;LAYER_CHANGE
;Z:2
;HEIGHT:0.2
;BEFORE_LAYER_CHANGE
;2
G1 E-1.2 F2100
;WIPE_START
G1 F9000
G1 X54.047 Y-18.438
G1 X53.968 Y-18.438
G1 X53.928 Y-18.507
G1 X53.968 Y-18.576
G1 X54.047 Y-18.576
;WIPE_END
;AFTER_LAYER_CHANGE
;2
;_SET_FAN_SPEED_CHANGING_LAYER
SET_VELOCITY_LIMIT ACCEL=10000
G17
G3 Z2.4 I-.675 J-1.012 P1  F30000
G1 X-8.277 Y22.997 Z2.4
G1 Z2
G1 E1.2 F2100
SET_VELOCITY_LIMIT ACCEL=5000
;TYPE:Outer wall
;WIDTH:0.62
G1 F7200
G1 X-8.217 Y22.54 E.02169
G1 X-8.04 Y22.111 E.02182
G1 X-7.757 Y21.743 E.02182
G1 X-7.389 Y21.46 E.02182
G1 X-6.96 Y21.283 E.02182
G1 X-6.781 Y21.259 E.00851
G1 X-6.5 Y21.222 E.01331
G1 X-6.04 Y21.283 E.02182
G1 X-5.611 Y21.46 E.02182
G1 X-5.243 Y21.743 E.02182
G1 X-4.96 Y22.111 E.02182
G1 X-4.783 Y22.54 E.02182
G1 X-4.722 Y23 E.02182
G1 X-4.783 Y23.46 E.02182
G1 X-4.96 Y23.889 E.02182
G1 X-5.243 Y24.257 E.02182
G1 X-5.611 Y24.54 E.02182
G1 X-6.04 Y24.717 E.02182
G1 X-6.5 Y24.778 E.02182
G1 X-6.96 Y24.717 E.02182
G1 X-7.389 Y24.54 E.02182
G1 X-7.757 Y24.257 E.02182
G1 X-8.04 Y23.889 E.02182
G1 X-8.217 Y23.46 E.02182
G1 X-8.273 Y23.033 E.02027
SET_VELOCITY_LIMIT ACCEL=10000
G1 E-1.2 F2100
;WIPE_START
G1 F7200
G1 X-8.217 Y22.54
G1 X-8.04 Y22.111
G1 X-7.757 Y21.743
G1 X-7.389 Y21.46
G1 X-7.286 Y21.418
;WIPE_END
G1 X-14.916 Y21.575 Z2.4 F30000
G1 X-40.96 Y22.111 Z2.4
G1 Z2
G1 E1.2 F2100
SET_VELOCITY_LIMIT ACCEL=5000
G1 F7200
G1 X-40.783 Y22.54 E.02182
G1 X-40.722 Y23 E.02182
G1 X-40.783 Y23.46 E.02182
G1 X-40.96 Y23.889 E.02182
G1 X-41.243 Y24.257 E.02182
G1 X-41.611 Y24.54 E.02182
G1 X-42.04 Y24.717 E.02182
G1 X-42.5 Y24.778 E.02182
G1 X-42.96 Y24.717 E.02182
G1 X-43.389 Y24.54 E.02182
G1 X-43.757 Y24.257 E.02182
G1 X-44.04 Y23.889 E.02182
G1 X-44.217 Y23.46 E.02182
G1 X-44.278 Y23 E.02182
G1 X-44.217 Y22.54 E.02182
G1 X-44.04 Y22.111 E.02182
G1 X-43.757 Y21.743 E.02182
G1 X-43.389 Y21.46 E.02182
G1 X-42.96 Y21.283 E.02182
G1 X-42.781 Y21.259 E.00851
G1 X-42.5 Y21.222 E.01331
G1 X-42.04 Y21.283 E.02182
G1 X-41.611 Y21.46 E.02182
G1 X-41.243 Y21.743 E.02182
G1 X-40.982 Y22.083 E.02013
SET_VELOCITY_LIMIT ACCEL=10000
G1 E-1.2 F2100
;WIPE_START
G1 F7200
G1 X-40.783 Y22.54
G1 X-40.722 Y23
G1 X-40.783 Y23.46
G1 X-40.96 Y23.889
G1 X-41.027 Y23.975
;WIPE_END
G1 X-41.549 Y16.361 Z2.4 F30000
G1 X-44.217 Y-22.54 Z2.4
G1 Z2
G1 E1.2 F2100
SET_VELOCITY_LIMIT ACCEL=5000
G1 F7200
G1 X-44.278 Y-23 E.02182
G1 X-44.217 Y-23.46 E.02182
G1 X-44.04 Y-23.889 E.02182
G1 X-43.757 Y-24.257 E.02182
G1 X-43.389 Y-24.54 E.02182
G1 X-42.96 Y-24.717 E.02182
G1 X-42.781 Y-24.741 E.00851
G1 X-42.5 Y-24.778 E.01331
G1 X-42.04 Y-24.717 E.02182
G1 X-41.611 Y-24.54 E.02182
G1 X-41.243 Y-24.257 E.02182
G1 X-41.133 Y-24.113 E.00851
G1 X-40.96 Y-23.889 E.01331
G1 X-40.783 Y-23.46 E.02182
G1 X-40.722 Y-23 E.02182
G1 X-40.783 Y-22.54 E.02182
G1 X-40.96 Y-22.111 E.02182
G1 X-41.243 Y-21.743 E.02182
G1 X-41.611 Y-21.46 E.02182
G1 X-42.04 Y-21.283 E.02182
G1 X-42.5 Y-21.222 E.02182
G1 X-42.96 Y-21.283 E.02182
G1 X-43.389 Y-21.46 E.02182
G1 X-43.757 Y-21.743 E.02182
G1 X-43.867 Y-21.887 E.00851
G1 X-44.04 Y-22.111 E.01331
G1 X-44.203 Y-22.507 E.02013
SET_VELOCITY_LIMIT ACCEL=10000
G1 E-1.2 F2100
;WIPE_START
G1 F7200
G1 X-44.278 Y-23
G1 X-44.217 Y-23.46
G1 X-44.04 Y-23.889
G1 X-43.757 Y-24.257
G1 X-43.671 Y-24.323
;WIPE_END
G1 X-36.061 Y-23.737 Z2.4 F30000
G1 X-8.378 Y-21.604 Z2.4
G1 Z2
G1 E1.2 F2100
SET_VELOCITY_LIMIT ACCEL=5000
;TYPE:Inner wall
G1 F9000
G1 X-8.169 Y-21.331 E.01617
G1 X-7.68 Y-20.956 E.02897
G1 X-7.111 Y-20.721 E.02897
G1 X-6.5 Y-20.64 E.02897
G1 X-5.889 Y-20.721 E.02897
G1 X-5.32 Y-20.956 E.02897
G1 X-4.831 Y-21.331 E.02897
G1 X-4.622 Y-21.604 E.01617
G1 X-4.387 Y-21.525 E.01167
G1 X-4.387 Y-19.113 E.11341
G1 X54.613 Y-19.113 E2.77446
G1 X54.613 Y19.113 E1.79756
G1 X-4.387 Y19.113 E2.77446
G1 X-4.387 Y21.525 E.11341
G1 X-4.622 Y21.604 E.01167
G1 X-4.831 Y21.331 E.01617
G1 X-5.32 Y20.956 E.02897
G1 X-5.889 Y20.721 E.02897
G1 X-6.5 Y20.64 E.02897
G1 X-7.111 Y20.721 E.02897
G1 X-7.68 Y20.956 E.02897
G1 X-8.169 Y21.331 E.02897
G1 X-8.378 Y21.604 E.01617
G1 X-8.613 Y21.525 E.01167
G1 X-8.613 Y19.113 E.11341
G1 X-40.387 Y19.113 E1.49417
G1 X-40.387 Y21.525 E.11341
G1 X-40.622 Y21.604 E.01167
G1 X-40.831 Y21.331 E.01617
G1 X-41.32 Y20.956 E.02897
G1 X-41.889 Y20.721 E.02897
G1 X-42.5 Y20.64 E.02897
G1 X-43.111 Y20.721 E.02897
G1 X-43.68 Y20.956 E.02897
G1 X-44.169 Y21.331 E.02897
G1 X-44.378 Y21.604 E.01617
G1 X-44.613 Y21.525 E.01167
G1 X-44.613 Y19.113 E.11341
G1 X-54.613 Y19.113 E.47025
G1 X-54.613 Y-19.113 E1.79756
G1 X-44.613 Y-19.113 E.47025
G1 X-44.613 Y-21.525 E.11341
G1 X-44.378 Y-21.604 E.01167
G1 X-44.169 Y-21.331 E.01617
G1 X-43.68 Y-20.956 E.02897
G1 X-43.111 Y-20.721 E.02897
G1 X-42.5 Y-20.64 E.02897
G1 X-41.889 Y-20.721 E.02897
G1 X-41.32 Y-20.956 E.02897
G1 X-40.831 Y-21.331 E.02897
G1 X-40.622 Y-21.604 E.01617
G1 X-40.387 Y-21.525 E.01167
G1 X-40.387 Y-19.113 E.11341
G1 X-8.613 Y-19.113 E1.49417
G1 X-8.613 Y-21.525 E.11341
G1 X-8.412 Y-21.593 E.00997
SET_VELOCITY_LIMIT ACCEL=10000
G1 E-1.2 F2100
;WIPE_START
G1 F9000
G1 X-8.169 Y-21.331
G1 X-7.68 Y-20.956
G1 X-7.111 Y-20.721
G1 X-6.703 Y-20.667
;WIPE_END
G1 X-7.757 Y-24.257 Z2.4 F30000
G1 Z2
G1 E1.2 F2100
SET_VELOCITY_LIMIT ACCEL=5000
;TYPE:Outer wall
G1 F7200
G1 X-7.389 Y-24.54 E.02182
G1 X-6.96 Y-24.717 E.02182
G1 X-6.781 Y-24.741 E.00851
G1 X-6.5 Y-24.778 E.01331
G1 X-6.04 Y-24.717 E.02182
G1 X-5.611 Y-24.54 E.02182
G1 X-5.243 Y-24.257 E.02182
G1 X-4.96 Y-23.889 E.02182
G1 X-4.783 Y-23.46 E.02182
G1 X-4.722 Y-23 E.02182
G1 X-4.783 Y-22.54 E.02182
G1 X-4.96 Y-22.111 E.02182
G1 X-5.243 Y-21.743 E.02182
G1 X-5.611 Y-21.46 E.02182
G1 X-6.04 Y-21.283 E.02182
G1 X-6.5 Y-21.222 E.02182
G1 X-6.96 Y-21.283 E.02182
G1 X-7.389 Y-21.46 E.02182
G1 X-7.757 Y-21.743 E.02182
G1 X-8.04 Y-22.111 E.02182
G1 X-8.217 Y-22.54 E.02182
G1 X-8.278 Y-23 E.02182
G1 X-8.217 Y-23.46 E.02182
G1 X-8.04 Y-23.889 E.02182
G1 X-7.779 Y-24.228 E.02013
SET_VELOCITY_LIMIT ACCEL=10000
G1 E-1.2 F2100
;WIPE_START
G1 F7200
G1 X-7.389 Y-24.54
G1 X-6.96 Y-24.717
G1 X-6.781 Y-24.741
G1 X-6.5 Y-24.778
G1 X-6.04 Y-24.717
G1 X-5.939 Y-24.675
;WIPE_END
G1 X-6.497 Y-17.063 Z2.4 F30000
G1 X-9.19 Y19.69 Z2.4
G1 Z2
G1 E1.2 F2100
SET_VELOCITY_LIMIT ACCEL=5000
G1 F7200
G1 X-39.81 Y19.69 E1.4399
G1 X-39.81 Y22.983 E.15483
G1 X-39.879 Y23.598 E.02913
G1 X-40.078 Y24.166 E.02831
G1 X-40.398 Y24.676 E.02831
G1 X-40.824 Y25.102 E.02831
G1 X-41.334 Y25.422 E.02831
G1 X-41.902 Y25.621 E.02831
G1 X-42.5 Y25.688 E.02831
G1 X-43.098 Y25.621 E.02831
G1 X-43.666 Y25.422 E.02831
G1 X-44.176 Y25.102 E.02831
G1 X-44.602 Y24.676 E.02831
G1 X-44.922 Y24.166 E.02831
G1 X-45.121 Y23.598 E.02831
G1 X-45.19 Y22.983 E.02913
G1 X-45.19 Y19.69 E.15483
G1 X-55.19 Y19.69 E.47025
G1 X-55.19 Y-19.69 E1.85183
G1 X-45.19 Y-19.69 E.47025
G1 X-45.19 Y-22.983 E.15483
G1 X-45.121 Y-23.598 E.02913
G1 X-44.922 Y-24.166 E.02831
G1 X-44.602 Y-24.676 E.02831
G1 X-44.176 Y-25.102 E.02831
G1 X-43.666 Y-25.422 E.02831
G1 X-43.098 Y-25.621 E.02831
G1 X-42.5 Y-25.688 E.02831
G1 X-41.902 Y-25.621 E.02831
G1 X-41.334 Y-25.422 E.02831
G1 X-40.824 Y-25.102 E.02831
G1 X-40.398 Y-24.676 E.02831
G1 X-40.078 Y-24.166 E.02831
G1 X-39.879 Y-23.598 E.02831
G1 X-39.81 Y-22.983 E.02913
G1 X-39.81 Y-19.69 E.15483
G1 X-9.19 Y-19.69 E1.4399
G1 X-9.19 Y-22.983 E.15483
G1 X-9.121 Y-23.598 E.02913
G1 X-8.922 Y-24.166 E.02831
G1 X-8.602 Y-24.676 E.02831
G1 X-8.176 Y-25.102 E.02831
G1 X-7.666 Y-25.422 E.02831
G1 X-7.098 Y-25.621 E.02831
G1 X-6.5 Y-25.688 E.02831
G1 X-6.112 Y-25.644 E.01836
G1 X-5.902 Y-25.621 E.00994
G1 X-5.334 Y-25.422 E.02831
G1 X-4.824 Y-25.102 E.02831
G1 X-4.398 Y-24.676 E.02831
G1 X-4.078 Y-24.166 E.02831
G1 X-3.879 Y-23.598 E.02831
G1 X-3.81 Y-22.983 E.02913
G1 X-3.81 Y-19.69 E.15483
G1 X55.19 Y-19.69 E2.77446
G1 X55.19 Y19.69 E1.85183
G1 X-3.81 Y19.69 E2.77446
G1 X-3.81 Y22.983 E.15483
G1 X-3.879 Y23.598 E.02913
G1 X-4.078 Y24.166 E.02831
G1 X-4.398 Y24.676 E.02831
G1 X-4.824 Y25.102 E.02831
G1 X-5.334 Y25.422 E.02831
G1 X-5.902 Y25.621 E.02831
G1 X-6.5 Y25.688 E.02831
G1 X-7.098 Y25.621 E.02831
G1 X-7.666 Y25.422 E.02831
G1 X-8.176 Y25.102 E.02831
G1 X-8.602 Y24.676 E.02831
G1 X-8.922 Y24.166 E.02831
G1 X-9.121 Y23.598 E.02831
G1 X-9.19 Y22.983 E.02913
G1 X-9.19 Y19.726 E.15314
SET_VELOCITY_LIMIT ACCEL=10000
G1 E-1.2 F2100
;WIPE_START
G1 F7200
G1 X-11.19 Y19.724
;WIPE_END
G1 X-8.618 Y21.827 Z2.4 F30000
G1 Z2
G1 E1.2 F2100
;TYPE:Gap infill
;WIDTH:0.455012
G1 F9000
G1 X-8.699 Y22.438 E.02069
;WIDTH:0.430898
G1 X-8.716 Y22.698 E.00822
;WIDTH:0.380939
G1 X-8.731 Y23.021 E.00893
G1 X-8.658 Y23.557 E.01488
;WIDTH:0.372843
G1 X-8.505 Y23.966 E.01174
G1 X-8.417 Y24.131 E.00503
G1 X-8.239 Y24.387 E.00839
G1 X-8.059 Y24.588 E.00726
G1 X-7.887 Y24.739 E.00615
G1 X-7.631 Y24.917 E.00839
G1 X-7.466 Y25.005 E.00503
G1 X-6.996 Y25.173 E.01341
G1 X-6.5 Y25.233 E.01343
G1 X-6.004 Y25.173 E.01343
G1 X-5.534 Y25.005 E.01341
G1 X-5.369 Y24.917 E.00503
G1 X-5.113 Y24.739 E.00839
G1 X-4.941 Y24.588 E.00615
G1 X-4.761 Y24.387 E.00726
G1 X-4.583 Y24.131 E.00839
G1 X-4.495 Y23.966 E.00503
G1 X-4.354 Y23.597 E.01062
G1 X-4.327 Y23.496 E.0028
G1 X-4.267 Y22.957 E.01458
;WIDTH:0.396894
G1 X-4.284 Y22.698 E.0075
;WIDTH:0.437806
G1 X-4.301 Y22.438 E.00836
G1 X-4.382 Y21.827 E.01982
G1 X-5.045 Y19.435 F30000
SET_VELOCITY_LIMIT ACCEL=7000
;TYPE:Internal solid infill
;WIDTH:0.75732
G1 F9000
G1 X-5.724 Y19.411 E.03954
;WIDTH:0.709995
G1 X-6.416 Y19.388 E.03764
G1 X-7.276 Y19.411 E.04678
;WIDTH:0.774198
G1 X-7.955 Y19.435 E.04047
G1 X-7.955 Y20.358 E.05498
G1 X-7.444 Y20.146 E.03296
;WIDTH:0.758304
G1 X-6.993 Y20.088 E.02651
;WIDTH:0.710359
G1 X-6.542 Y20.03 E.02473
G1 X-5.769 Y20.098 E.04221
;WIDTH:0.775475
G1 X-5.556 Y20.146 E.01303
G1 X-5.045 Y20.358 E.03301
G1 X-5.045 Y19.471 E.05292
SET_VELOCITY_LIMIT ACCEL=10000
G1 E-1.2 F2100
;WIPE_START
G1 F9000
G1 X-5.045 Y20.358
G1 X-5.556 Y20.146
G1 X-5.769 Y20.098
;WIPE_END
G1 X-13.385 Y20.602 Z2.4 F30000
G1 X-40.308 Y22.384 Z2.4
G1 Z2
G1 E1.2 F2100
;TYPE:Gap infill
;WIDTH:0.480834
G1 F9000
G1 X-40.344 Y22.203 E.00661
;WIDTH:0.518258
G1 X-40.38 Y22.021 E.00718
;WIDTH:0.53697
G1 X-40.417 Y21.839 E.00746
G1 X-40.308 Y22.384 F30000
;WIDTH:0.435062
G1 F9000
G1 X-40.284 Y22.698 E.01004
;WIDTH:0.396894
G1 X-40.267 Y22.957 E.0075
;WIDTH:0.372842
G1 X-40.327 Y23.496 E.01458
G1 X-40.354 Y23.597 E.0028
G1 X-40.495 Y23.966 E.01062
G1 X-40.583 Y24.131 E.00503
G1 X-40.761 Y24.387 E.00839
G1 X-40.941 Y24.588 E.00726
G1 X-41.113 Y24.739 E.00615
G1 X-41.369 Y24.917 E.00839
G1 X-41.534 Y25.005 E.00503
G1 X-42.004 Y25.173 E.01341
G1 X-42.5 Y25.233 E.01343
G1 X-42.996 Y25.173 E.01343
G1 X-43.466 Y25.005 E.01341
G1 X-43.631 Y24.917 E.00503
G1 X-43.887 Y24.739 E.00839
G1 X-44.088 Y24.559 E.00726
G1 X-44.239 Y24.387 E.00615
G1 X-44.417 Y24.131 E.00839
G1 X-44.505 Y23.966 E.00503
G1 X-44.658 Y23.557 E.01175
;WIDTH:0.380939
G1 X-44.731 Y23.021 E.01488
G1 X-44.716 Y22.698 E.00893
;WIDTH:0.430898
G1 X-44.699 Y22.438 E.00822
;WIDTH:0.455011
G1 X-44.692 Y22.384 E.00182
;WIDTH:0.480834
G1 X-44.656 Y22.203 E.00661
;WIDTH:0.518258
G1 X-44.62 Y22.021 E.00718
;WIDTH:0.555681
G1 X-44.583 Y21.839 E.00774
G1 X-41.045 Y19.435 F30000
SET_VELOCITY_LIMIT ACCEL=7000
;TYPE:Internal solid infill
;WIDTH:0.75732
G1 F9000
G1 X-41.724 Y19.411 E.03954
;WIDTH:0.709994
G1 X-42.416 Y19.388 E.03764
G1 X-43.276 Y19.411 E.04678
;WIDTH:0.774197
G1 X-43.955 Y19.435 E.04047
G1 X-43.955 Y20.358 E.05498
G1 X-43.444 Y20.146 E.03296
;WIDTH:0.758304
G1 X-42.993 Y20.088 E.02651
;WIDTH:0.710359
G1 X-42.542 Y20.03 E.02473
G1 X-41.769 Y20.098 E.04221
;WIDTH:0.775475
G1 X-41.556 Y20.146 E.01303
G1 X-41.045 Y20.358 E.03301
G1 X-41.045 Y19.471 E.05292
SET_VELOCITY_LIMIT ACCEL=10000
G1 E-1.2 F2100
;WIPE_START
G1 F9000
G1 X-41.045 Y20.358
G1 X-41.556 Y20.146
G1 X-41.769 Y20.098
;WIPE_END
G1 X-41.629 Y12.466 Z2.4 F30000
G1 X-41.045 Y-19.435 Z2.4
G1 Z2
G1 E1.2 F2100
SET_VELOCITY_LIMIT ACCEL=7000
;WIDTH:0.781967
G1 F9000
G1 X-41.045 Y-20.358 E.05556
G1 X-41.556 Y-20.146 E.03331
;WIDTH:0.758304
G1 X-42.007 Y-20.088 E.02651
;WIDTH:0.710358
G1 X-42.458 Y-20.03 E.02473
G1 X-43.231 Y-20.098 E.04221
;WIDTH:0.772645
G1 X-43.444 Y-20.146 E.01298
G1 X-43.955 Y-20.358 E.03289
G1 X-43.955 Y-19.435 E.05486
G1 X-43.276 Y-19.411 E.04039
;WIDTH:0.709994
G1 X-42.584 Y-19.388 E.03764
G1 X-41.724 Y-19.411 E.04678
;WIDTH:0.732671
G1 X-41.081 Y-19.434 E.03615
SET_VELOCITY_LIMIT ACCEL=10000
G1 X-40.417 Y-21.839 F30000
;TYPE:Gap infill
;WIDTH:0.555681
G1 F9000
G1 X-40.38 Y-22.021 E.00774
;WIDTH:0.518257
G1 X-40.344 Y-22.203 E.00718
;WIDTH:0.480833
G1 X-40.308 Y-22.384 E.00661
;WIDTH:0.45501
G1 X-40.301 Y-22.438 E.00182
;WIDTH:0.430898
G1 X-40.284 Y-22.698 E.00822
;WIDTH:0.380939
G1 X-40.269 Y-23.021 E.00893
G1 X-40.342 Y-23.557 E.01488
;WIDTH:0.372842
G1 X-40.495 Y-23.966 E.01174
G1 X-40.583 Y-24.131 E.00503
G1 X-40.761 Y-24.387 E.00839
G1 X-40.912 Y-24.559 E.00615
G1 X-41.113 Y-24.739 E.00726
G1 X-41.369 Y-24.917 E.00839
G1 X-41.534 Y-25.005 E.00503
G1 X-42.004 Y-25.173 E.01341
G1 X-42.5 Y-25.233 E.01343
G1 X-42.996 Y-25.173 E.01343
G1 X-43.466 Y-25.005 E.01341
G1 X-43.631 Y-24.917 E.00503
G1 X-43.887 Y-24.739 E.00839
G1 X-44.059 Y-24.588 E.00615
G1 X-44.239 Y-24.387 E.00726
G1 X-44.417 Y-24.131 E.00839
G1 X-44.505 Y-23.966 E.00503
G1 X-44.646 Y-23.597 E.01062
G1 X-44.673 Y-23.496 E.0028
G1 X-44.733 Y-22.957 E.01458
;WIDTH:0.396896
G1 X-44.716 Y-22.698 E.0075
;WIDTH:0.43781
G1 X-44.699 Y-22.438 E.00836
G1 X-44.618 Y-21.827 E.01982
G1 E-1.2 F2100
;WIPE_START
G1 F9000
G1 X-44.699 Y-22.438
G1 X-44.716 Y-22.698
;WIPE_END
G1 X-37.084 Y-22.753 Z2.4 F30000
G1 X-8.733 Y-22.957 Z2.4
G1 Z2
G1 E1.2 F2100
;WIDTH:0.372842
G1 F9000
G1 X-8.673 Y-23.496 E.01458
G1 X-8.646 Y-23.597 E.0028
G1 X-8.505 Y-23.966 E.01062
G1 X-8.417 Y-24.131 E.00503
G1 X-8.239 Y-24.387 E.00839
G1 X-8.059 Y-24.588 E.00726
G1 X-7.887 Y-24.739 E.00615
G1 X-7.631 Y-24.917 E.00839
G1 X-7.466 Y-25.005 E.00503
G1 X-6.996 Y-25.173 E.01341
G1 X-6.5 Y-25.233 E.01343
G1 X-6.004 Y-25.173 E.01343
G1 X-5.534 Y-25.005 E.01341
G1 X-5.369 Y-24.917 E.00503
G1 X-5.113 Y-24.739 E.00839
G1 X-4.941 Y-24.588 E.00615
G1 X-4.761 Y-24.387 E.00726
G1 X-4.583 Y-24.131 E.00839
G1 X-4.495 Y-23.966 E.00503
G1 X-4.342 Y-23.557 E.01175
;WIDTH:0.380939
G1 X-4.269 Y-23.021 E.01488
G1 X-4.284 Y-22.698 E.00893
;WIDTH:0.430896
G1 X-4.301 Y-22.438 E.00822
;WIDTH:0.455009
G1 X-4.382 Y-21.827 E.02069
G1 X-5.045 Y-19.435 F30000
SET_VELOCITY_LIMIT ACCEL=7000
;TYPE:Internal solid infill
;WIDTH:0.781967
G1 F9000
G1 X-5.045 Y-20.358 E.05556
G1 X-5.556 Y-20.146 E.03331
;WIDTH:0.758305
G1 X-6.007 Y-20.088 E.02651
;WIDTH:0.710358
G1 X-6.458 Y-20.03 E.02473
G1 X-7.231 Y-20.098 E.04221
;WIDTH:0.772645
G1 X-7.444 Y-20.146 E.01298
G1 X-7.955 Y-20.358 E.03289
G1 X-7.955 Y-19.435 E.05486
G1 X-7.276 Y-19.411 E.04039
;WIDTH:0.709994
G1 X-6.584 Y-19.388 E.03764
G1 X-5.724 Y-19.411 E.04678
;WIDTH:0.732672
G1 X-5.081 Y-19.434 E.03615
SET_VELOCITY_LIMIT ACCEL=10000
G1 X-8.618 Y-21.827 F30000
;TYPE:Gap infill
;WIDTH:0.437809
G1 F9000
G1 X-8.699 Y-22.438 E.01982
G1 X-8.716 Y-22.698 E.00836
;WIDTH:0.396896
G1 X-8.733 Y-22.957 E.0075
G1 E-1.2 F2100
;WIPE_START
G1 F9000
G1 X-8.716 Y-22.698
;WIPE_END
G1 X-2.382 Y-18.44 Z2.4 F30000
G1 X53.357 Y19.026 Z2.4
G1 Z2
G1 E1.2 F2100
SET_VELOCITY_LIMIT ACCEL=2000
;TYPE:Top surface
;WIDTH:0.621258
G1 F7200
M73 P49 R12
G1 X54.526 Y17.857 E.07793
SET_VELOCITY_LIMIT ACCEL=10000
G1 X54.526 Y17.039 F30000
SET_VELOCITY_LIMIT ACCEL=2000
G1 F7200
G1 X52.539 Y19.026 E.13244
SET_VELOCITY_LIMIT ACCEL=10000
G1 X51.721 Y19.026 F30000
SET_VELOCITY_LIMIT ACCEL=2000
G1 F7200
G1 X54.526 Y16.221 E.18695
SET_VELOCITY_LIMIT ACCEL=10000
G1 X54.526 Y15.403 F30000
SET_VELOCITY_LIMIT ACCEL=2000
G1 F7200
G1 X50.903 Y19.026 E.24146
SET_VELOCITY_LIMIT ACCEL=10000
G1 X50.086 Y19.026 F30000
SET_VELOCITY_LIMIT ACCEL=2000
G1 F7200
G1 X54.526 Y14.586 E.29597
SET_VELOCITY_LIMIT ACCEL=10000
G1 X54.526 Y13.768 F30000
SET_VELOCITY_LIMIT ACCEL=2000
G1 F7200
G1 X49.268 Y19.026 E.35048
SET_VELOCITY_LIMIT ACCEL=10000
G1 X48.45 Y19.026 F30000
SET_VELOCITY_LIMIT ACCEL=2000
G1 F7200
G1 X54.526 Y12.95 E.40499
SET_VELOCITY_LIMIT ACCEL=10000
G1 X54.526 Y12.132 F30000
SET_VELOCITY_LIMIT ACCEL=2000
G1 F7200
G1 X47.632 Y19.026 E.4595
SET_VELOCITY_LIMIT ACCEL=10000
G1 X46.814 Y19.026 F30000
SET_VELOCITY_LIMIT ACCEL=2000
G1 F7200
G1 X54.526 Y11.314 E.51401
SET_VELOCITY_LIMIT ACCEL=10000
G1 X54.526 Y10.496 F30000
SET_VELOCITY_LIMIT ACCEL=2000
G1 F7200
G1 X45.996 Y19.026 E.56852
SET_VELOCITY_LIMIT ACCEL=10000
G1 X45.178 Y19.026 F30000
SET_VELOCITY_LIMIT ACCEL=2000
G1 F7200
G1 X54.526 Y9.678 E.62303
SET_VELOCITY_LIMIT ACCEL=10000
G1 X54.526 Y8.86 F30000
SET_VELOCITY_LIMIT ACCEL=2000
G1 F7200
G1 X44.36 Y19.026 E.67755
SET_VELOCITY_LIMIT ACCEL=10000
G1 X43.542 Y19.026 F30000
SET_VELOCITY_LIMIT ACCEL=2000
G1 F7200
G1 X54.526 Y8.042 E.73206
SET_VELOCITY_LIMIT ACCEL=10000
G1 X54.526 Y7.225 F30000
SET_VELOCITY_LIMIT ACCEL=2000
G1 F7200
G1 X42.725 Y19.026 E.78657
SET_VELOCITY_LIMIT ACCEL=10000
G1 X41.907 Y19.026 F30000
SET_VELOCITY_LIMIT ACCEL=2000
G1 F7200
G1 X54.526 Y6.407 E.84108
SET_VELOCITY_LIMIT ACCEL=10000
G1 X54.526 Y5.589 F30000
SET_VELOCITY_LIMIT ACCEL=2000
G1 F7200
G1 X41.089 Y19.026 E.89559
SET_VELOCITY_LIMIT ACCEL=10000
G1 X40.271 Y19.026 F30000
SET_VELOCITY_LIMIT ACCEL=2000
G1 F7200
G1 X54.526 Y4.771 E.9501
SET_VELOCITY_LIMIT ACCEL=10000
G1 X54.526 Y3.953 F30000
SET_VELOCITY_LIMIT ACCEL=2000
G1 F7200
G1 X39.453 Y19.026 E1.00461
SET_VELOCITY_LIMIT ACCEL=10000
G1 X38.635 Y19.026 F30000
SET_VELOCITY_LIMIT ACCEL=2000
G1 F7200
G1 X54.526 Y3.135 E1.05912
SET_VELOCITY_LIMIT ACCEL=10000
G1 X54.526 Y2.317 F30000
SET_VELOCITY_LIMIT ACCEL=2000
G1 F7200
G1 X37.817 Y19.026 E1.11363
SET_VELOCITY_LIMIT ACCEL=10000
G1 X36.999 Y19.026 F30000
SET_VELOCITY_LIMIT ACCEL=2000
G1 F7200
G1 X54.526 Y1.499 E1.16814
SET_VELOCITY_LIMIT ACCEL=10000
G1 X54.526 Y.681 F30000
SET_VELOCITY_LIMIT ACCEL=2000
G1 F7200
G1 X36.181 Y19.026 E1.22265
SET_VELOCITY_LIMIT ACCEL=10000
G1 X35.364 Y19.026 F30000
SET_VELOCITY_LIMIT ACCEL=2000
G1 F7200
G1 X54.526 Y-.136 E1.27717
SET_VELOCITY_LIMIT ACCEL=10000
G1 X54.526 Y-.954 F30000
SET_VELOCITY_LIMIT ACCEL=2000
G1 F7200
G1 X34.546 Y19.026 E1.33168
SET_VELOCITY_LIMIT ACCEL=10000
G1 X33.728 Y19.026 F30000
SET_VELOCITY_LIMIT ACCEL=2000
G1 F7200
G1 X54.526 Y-1.772 E1.38619
SET_VELOCITY_LIMIT ACCEL=10000
G1 X54.526 Y-2.59 F30000
SET_VELOCITY_LIMIT ACCEL=2000
G1 F7200
G1 X32.91 Y19.026 E1.4407
SET_VELOCITY_LIMIT ACCEL=10000
G1 X32.092 Y19.026 F30000
SET_VELOCITY_LIMIT ACCEL=2000
G1 F7200
G1 X54.526 Y-3.408 E1.49521
SET_VELOCITY_LIMIT ACCEL=10000
G1 X54.526 Y-4.226 F30000
SET_VELOCITY_LIMIT ACCEL=2000
G1 F7200
G1 X31.274 Y19.026 E1.54972
SET_VELOCITY_LIMIT ACCEL=10000
G1 X30.456 Y19.026 F30000
SET_VELOCITY_LIMIT ACCEL=2000
G1 F7200
G1 X54.526 Y-5.044 E1.60423
SET_VELOCITY_LIMIT ACCEL=10000
G1 X54.526 Y-5.862 F30000
SET_VELOCITY_LIMIT ACCEL=2000
G1 F7200
G1 X29.638 Y19.026 E1.65874
SET_VELOCITY_LIMIT ACCEL=10000
G1 X28.82 Y19.026 F30000
SET_VELOCITY_LIMIT ACCEL=2000
G1 F7200
G1 X54.526 Y-6.68 E1.71325
SET_VELOCITY_LIMIT ACCEL=10000
G1 X54.526 Y-7.498 F30000
SET_VELOCITY_LIMIT ACCEL=2000
G1 F7200
G1 X28.002 Y19.026 E1.76776
SET_VELOCITY_LIMIT ACCEL=10000
G1 X27.185 Y19.026 F30000
SET_VELOCITY_LIMIT ACCEL=2000
G1 F7200
G1 X54.526 Y-8.315 E1.82227
SET_VELOCITY_LIMIT ACCEL=10000
G1 X54.526 Y-9.133 F30000
SET_VELOCITY_LIMIT ACCEL=2000
G1 F7200
G1 X26.367 Y19.026 E1.87679
SET_VELOCITY_LIMIT ACCEL=10000
G1 X25.549 Y19.026 F30000
SET_VELOCITY_LIMIT ACCEL=2000
G1 F7200
G1 X54.526 Y-9.951 E1.9313
SET_VELOCITY_LIMIT ACCEL=10000
G1 X54.526 Y-10.769 F30000
SET_VELOCITY_LIMIT ACCEL=2000
G1 F7200
G1 X24.731 Y19.026 E1.98581
SET_VELOCITY_LIMIT ACCEL=10000
G1 X23.913 Y19.026 F30000
SET_VELOCITY_LIMIT ACCEL=2000
G1 F7200
G1 X54.526 Y-11.587 E2.04032
SET_VELOCITY_LIMIT ACCEL=10000
G1 X54.526 Y-12.405 F30000
SET_VELOCITY_LIMIT ACCEL=2000
G1 F7200
G1 X23.095 Y19.026 E2.09483
SET_VELOCITY_LIMIT ACCEL=10000
G1 X22.277 Y19.026 F30000
SET_VELOCITY_LIMIT ACCEL=2000
G1 F7200
G1 X54.526 Y-13.223 E2.14934
SET_VELOCITY_LIMIT ACCEL=10000
G1 X54.526 Y-14.041 F30000
SET_VELOCITY_LIMIT ACCEL=2000
G1 F7200
G1 X21.459 Y19.026 E2.20385
SET_VELOCITY_LIMIT ACCEL=10000
G1 X20.641 Y19.026 F30000
SET_VELOCITY_LIMIT ACCEL=2000
G1 F7200
G1 X54.526 Y-14.859 E2.25836
SET_VELOCITY_LIMIT ACCEL=10000
G1 X54.526 Y-15.676 F30000
SET_VELOCITY_LIMIT ACCEL=2000
G1 F7200
G1 X19.824 Y19.026 E2.31287
SET_VELOCITY_LIMIT ACCEL=10000
G1 X19.006 Y19.026 F30000
SET_VELOCITY_LIMIT ACCEL=2000
G1 F7200
G1 X54.526 Y-16.494 E2.36738
SET_VELOCITY_LIMIT ACCEL=10000
G1 X54.526 Y-17.312 F30000
SET_VELOCITY_LIMIT ACCEL=2000
G1 F7200
G1 X18.188 Y19.026 E2.42189
SET_VELOCITY_LIMIT ACCEL=10000
G1 X17.37 Y19.026 F30000
SET_VELOCITY_LIMIT ACCEL=2000
G1 F7200
G1 X54.526 Y-18.13 E2.47641
SET_VELOCITY_LIMIT ACCEL=10000
G1 X54.526 Y-18.948 F30000
SET_VELOCITY_LIMIT ACCEL=2000
G1 F7200
G1 X16.552 Y19.026 E2.53092
SET_VELOCITY_LIMIT ACCEL=10000
G1 X15.734 Y19.026 F30000
SET_VELOCITY_LIMIT ACCEL=2000
G1 F7200
G1 X53.787 Y-19.026 E2.53614
SET_VELOCITY_LIMIT ACCEL=10000
G1 X52.969 Y-19.026 F30000
SET_VELOCITY_LIMIT ACCEL=2000
G1 F7200
G1 X14.916 Y19.026 E2.53614
SET_VELOCITY_LIMIT ACCEL=10000
G1 X14.098 Y19.026 F30000
M73 P50 R12
SET_VELOCITY_LIMIT ACCEL=2000
G1 F7200
G1 X52.151 Y-19.026 E2.53614
SET_VELOCITY_LIMIT ACCEL=10000
G1 X51.333 Y-19.026 F30000
SET_VELOCITY_LIMIT ACCEL=2000
G1 F7200
G1 X13.28 Y19.026 E2.53614
SET_VELOCITY_LIMIT ACCEL=10000
G1 X12.462 Y19.026 F30000
SET_VELOCITY_LIMIT ACCEL=2000
G1 F7200
G1 X50.515 Y-19.026 E2.53614
SET_VELOCITY_LIMIT ACCEL=10000
G1 X49.697 Y-19.026 F30000
SET_VELOCITY_LIMIT ACCEL=2000
G1 F7200
G1 X11.645 Y19.026 E2.53614
SET_VELOCITY_LIMIT ACCEL=10000
G1 X10.827 Y19.026 F30000
SET_VELOCITY_LIMIT ACCEL=2000
G1 F7200
G1 X48.879 Y-19.026 E2.53614
SET_VELOCITY_LIMIT ACCEL=10000
G1 X48.062 Y-19.026 F30000
SET_VELOCITY_LIMIT ACCEL=2000
G1 F7200
G1 X10.009 Y19.026 E2.53614
SET_VELOCITY_LIMIT ACCEL=10000
G1 X9.191 Y19.026 F30000
SET_VELOCITY_LIMIT ACCEL=2000
G1 F7200
G1 X47.244 Y-19.026 E2.53614
SET_VELOCITY_LIMIT ACCEL=10000
G1 X46.426 Y-19.026 F30000
SET_VELOCITY_LIMIT ACCEL=2000
G1 F7200
G1 X8.373 Y19.026 E2.53614
SET_VELOCITY_LIMIT ACCEL=10000
G1 X7.555 Y19.026 F30000
SET_VELOCITY_LIMIT ACCEL=2000
G1 F7200
G1 X45.608 Y-19.026 E2.53614
SET_VELOCITY_LIMIT ACCEL=10000
G1 X44.79 Y-19.026 F30000
SET_VELOCITY_LIMIT ACCEL=2000
G1 F7200
G1 X6.737 Y19.026 E2.53614
SET_VELOCITY_LIMIT ACCEL=10000
G1 X5.919 Y19.026 F30000
SET_VELOCITY_LIMIT ACCEL=2000
G1 F7200
G1 X43.972 Y-19.026 E2.53614
SET_VELOCITY_LIMIT ACCEL=10000
G1 X43.154 Y-19.026 F30000
SET_VELOCITY_LIMIT ACCEL=2000
G1 F7200
G1 X5.101 Y19.026 E2.53614
SET_VELOCITY_LIMIT ACCEL=10000
G1 X4.284 Y19.026 F30000
M73 P50 R11
SET_VELOCITY_LIMIT ACCEL=2000
G1 F7200
G1 X42.336 Y-19.026 E2.53614
SET_VELOCITY_LIMIT ACCEL=10000
G1 X41.518 Y-19.026 F30000
SET_VELOCITY_LIMIT ACCEL=2000
G1 F7200
G1 X3.466 Y19.026 E2.53614
SET_VELOCITY_LIMIT ACCEL=10000
G1 X2.648 Y19.026 F30000
SET_VELOCITY_LIMIT ACCEL=2000
G1 F7200
G1 X40.701 Y-19.026 E2.53614
SET_VELOCITY_LIMIT ACCEL=10000
G1 X39.883 Y-19.026 F30000
SET_VELOCITY_LIMIT ACCEL=2000
G1 F7200
G1 X1.83 Y19.026 E2.53614
SET_VELOCITY_LIMIT ACCEL=10000
G1 X1.012 Y19.026 F30000
SET_VELOCITY_LIMIT ACCEL=2000
G1 F7200
G1 X39.065 Y-19.026 E2.53614
SET_VELOCITY_LIMIT ACCEL=10000
G1 X38.247 Y-19.026 F30000
SET_VELOCITY_LIMIT ACCEL=2000
G1 F7200
G1 X.194 Y19.026 E2.53614
SET_VELOCITY_LIMIT ACCEL=10000
G1 X-.624 Y19.026 F30000
SET_VELOCITY_LIMIT ACCEL=2000
G1 F7200
G1 X37.429 Y-19.026 E2.53614
SET_VELOCITY_LIMIT ACCEL=10000
G1 X36.611 Y-19.026 F30000
SET_VELOCITY_LIMIT ACCEL=2000
G1 F7200
G1 X-1.442 Y19.026 E2.53614
SET_VELOCITY_LIMIT ACCEL=10000
G1 X-2.26 Y19.026 F30000
SET_VELOCITY_LIMIT ACCEL=2000
G1 F7200
G1 X35.793 Y-19.026 E2.53614
SET_VELOCITY_LIMIT ACCEL=10000
G1 X34.975 Y-19.026 F30000
SET_VELOCITY_LIMIT ACCEL=2000
G1 F7200
G1 X-3.077 Y19.026 E2.53614
SET_VELOCITY_LIMIT ACCEL=10000
G1 X-3.895 Y19.026 F30000
SET_VELOCITY_LIMIT ACCEL=2000
G1 F7200
G1 X34.157 Y-19.026 E2.53614
SET_VELOCITY_LIMIT ACCEL=10000
G1 X33.339 Y-19.026 F30000
SET_VELOCITY_LIMIT ACCEL=2000
G1 F7200
G1 X-4.724 Y19.037 E2.53685
SET_VELOCITY_LIMIT ACCEL=10000
G1 X-5.542 Y19.037 F30000
SET_VELOCITY_LIMIT ACCEL=2000
G1 F7200
G1 X32.522 Y-19.026 E2.53685
SET_VELOCITY_LIMIT ACCEL=10000
G1 X31.704 Y-19.026 F30000
SET_VELOCITY_LIMIT ACCEL=2000
G1 F7200
G1 X-6.36 Y19.037 E2.53685
SET_VELOCITY_LIMIT ACCEL=10000
G1 X-7.178 Y19.037 F30000
SET_VELOCITY_LIMIT ACCEL=2000
G1 F7200
G1 X30.886 Y-19.026 E2.53685
SET_VELOCITY_LIMIT ACCEL=10000
G1 X30.068 Y-19.026 F30000
SET_VELOCITY_LIMIT ACCEL=2000
G1 F7200
G1 X-7.996 Y19.037 E2.53685
SET_VELOCITY_LIMIT ACCEL=10000
G1 X-8.803 Y19.026 F30000
M73 P51 R11
SET_VELOCITY_LIMIT ACCEL=2000
G1 F7200
G1 X29.25 Y-19.026 E2.53614
SET_VELOCITY_LIMIT ACCEL=10000
G1 X28.432 Y-19.026 F30000
SET_VELOCITY_LIMIT ACCEL=2000
G1 F7200
G1 X-9.621 Y19.026 E2.53614
SET_VELOCITY_LIMIT ACCEL=10000
G1 X-10.439 Y19.026 F30000
SET_VELOCITY_LIMIT ACCEL=2000
G1 F7200
G1 X27.614 Y-19.026 E2.53614
SET_VELOCITY_LIMIT ACCEL=10000
G1 X26.796 Y-19.026 F30000
SET_VELOCITY_LIMIT ACCEL=2000
G1 F7200
G1 X-11.256 Y19.026 E2.53614
SET_VELOCITY_LIMIT ACCEL=10000
G1 X-12.074 Y19.026 F30000
SET_VELOCITY_LIMIT ACCEL=2000
G1 F7200
G1 X25.978 Y-19.026 E2.53614
SET_VELOCITY_LIMIT ACCEL=10000
G1 X25.161 Y-19.026 F30000
SET_VELOCITY_LIMIT ACCEL=2000
G1 F7200
G1 X-12.892 Y19.026 E2.53614
SET_VELOCITY_LIMIT ACCEL=10000
G1 X-13.71 Y19.026 F30000
SET_VELOCITY_LIMIT ACCEL=2000
G1 F7200
G1 X24.343 Y-19.026 E2.53614
SET_VELOCITY_LIMIT ACCEL=10000
G1 X23.525 Y-19.026 F30000
SET_VELOCITY_LIMIT ACCEL=2000
G1 F7200
G1 X-14.528 Y19.026 E2.53614
SET_VELOCITY_LIMIT ACCEL=10000
G1 X-15.346 Y19.026 F30000
SET_VELOCITY_LIMIT ACCEL=2000
G1 F7200
G1 X22.707 Y-19.026 E2.53614
SET_VELOCITY_LIMIT ACCEL=10000
G1 X21.889 Y-19.026 F30000
SET_VELOCITY_LIMIT ACCEL=2000
G1 F7200
G1 X-16.164 Y19.026 E2.53614
SET_VELOCITY_LIMIT ACCEL=10000
G1 X-16.982 Y19.026 F30000
SET_VELOCITY_LIMIT ACCEL=2000
G1 F7200
G1 X21.071 Y-19.026 E2.53614
SET_VELOCITY_LIMIT ACCEL=10000
G1 X20.253 Y-19.026 F30000
SET_VELOCITY_LIMIT ACCEL=2000
G1 F7200
G1 X-17.8 Y19.026 E2.53614
SET_VELOCITY_LIMIT ACCEL=10000
G1 X-18.617 Y19.026 F30000
SET_VELOCITY_LIMIT ACCEL=2000
G1 F7200
G1 X19.435 Y-19.026 E2.53614
SET_VELOCITY_LIMIT ACCEL=10000
G1 X18.617 Y-19.026 F30000
SET_VELOCITY_LIMIT ACCEL=2000
G1 F7200
G1 X-19.435 Y19.026 E2.53614
SET_VELOCITY_LIMIT ACCEL=10000
G1 X-20.253 Y19.026 F30000
SET_VELOCITY_LIMIT ACCEL=2000
G1 F7200
G1 X17.8 Y-19.026 E2.53614
SET_VELOCITY_LIMIT ACCEL=10000
G1 X16.982 Y-19.026 F30000
SET_VELOCITY_LIMIT ACCEL=2000
G1 F7200
G1 X-21.071 Y19.026 E2.53614
SET_VELOCITY_LIMIT ACCEL=10000
G1 X-21.889 Y19.026 F30000
SET_VELOCITY_LIMIT ACCEL=2000
G1 F7200
G1 X16.164 Y-19.026 E2.53614
SET_VELOCITY_LIMIT ACCEL=10000
G1 X15.346 Y-19.026 F30000
SET_VELOCITY_LIMIT ACCEL=2000
G1 F7200
G1 X-22.707 Y19.026 E2.53614
SET_VELOCITY_LIMIT ACCEL=10000
G1 X-23.525 Y19.026 F30000
SET_VELOCITY_LIMIT ACCEL=2000
G1 F7200
G1 X14.528 Y-19.026 E2.53614
SET_VELOCITY_LIMIT ACCEL=10000
G1 X13.71 Y-19.026 F30000
SET_VELOCITY_LIMIT ACCEL=2000
G1 F7200
G1 X-24.343 Y19.026 E2.53614
SET_VELOCITY_LIMIT ACCEL=10000
G1 X-25.161 Y19.026 F30000
SET_VELOCITY_LIMIT ACCEL=2000
G1 F7200
G1 X12.892 Y-19.026 E2.53614
SET_VELOCITY_LIMIT ACCEL=10000
G1 X12.074 Y-19.026 F30000
SET_VELOCITY_LIMIT ACCEL=2000
G1 F7200
G1 X-25.979 Y19.026 E2.53614
SET_VELOCITY_LIMIT ACCEL=10000
G1 X-26.796 Y19.026 F30000
SET_VELOCITY_LIMIT ACCEL=2000
G1 F7200
G1 X11.256 Y-19.026 E2.53614
SET_VELOCITY_LIMIT ACCEL=10000
G1 X10.438 Y-19.026 F30000
SET_VELOCITY_LIMIT ACCEL=2000
G1 F7200
G1 X-27.614 Y19.026 E2.53614
SET_VELOCITY_LIMIT ACCEL=10000
G1 X-28.432 Y19.026 F30000
SET_VELOCITY_LIMIT ACCEL=2000
G1 F7200
G1 X9.621 Y-19.026 E2.53614
SET_VELOCITY_LIMIT ACCEL=10000
G1 X8.803 Y-19.026 F30000
SET_VELOCITY_LIMIT ACCEL=2000
G1 F7200
G1 X-29.25 Y19.026 E2.53614
SET_VELOCITY_LIMIT ACCEL=10000
G1 X-30.068 Y19.026 F30000
SET_VELOCITY_LIMIT ACCEL=2000
G1 F7200
G1 X7.985 Y-19.026 E2.53614
SET_VELOCITY_LIMIT ACCEL=10000
G1 X7.167 Y-19.026 F30000
SET_VELOCITY_LIMIT ACCEL=2000
G1 F7200
G1 X-30.886 Y19.026 E2.53614
SET_VELOCITY_LIMIT ACCEL=10000
G1 X-31.704 Y19.026 F30000
M73 P52 R11
SET_VELOCITY_LIMIT ACCEL=2000
G1 F7200
G1 X6.349 Y-19.026 E2.53614
SET_VELOCITY_LIMIT ACCEL=10000
G1 X5.531 Y-19.026 F30000
SET_VELOCITY_LIMIT ACCEL=2000
G1 F7200
G1 X-32.522 Y19.026 E2.53614
SET_VELOCITY_LIMIT ACCEL=10000
G1 X-33.34 Y19.026 F30000
SET_VELOCITY_LIMIT ACCEL=2000
G1 F7200
G1 X4.713 Y-19.026 E2.53614
SET_VELOCITY_LIMIT ACCEL=10000
G1 X3.895 Y-19.026 F30000
SET_VELOCITY_LIMIT ACCEL=2000
G1 F7200
G1 X-34.157 Y19.026 E2.53614
SET_VELOCITY_LIMIT ACCEL=10000
G1 X-34.975 Y19.026 F30000
SET_VELOCITY_LIMIT ACCEL=2000
G1 F7200
G1 X3.077 Y-19.026 E2.53614
SET_VELOCITY_LIMIT ACCEL=10000
G1 X2.26 Y-19.026 F30000
SET_VELOCITY_LIMIT ACCEL=2000
G1 F7200
G1 X-35.793 Y19.026 E2.53614
SET_VELOCITY_LIMIT ACCEL=10000
G1 X-36.611 Y19.026 F30000
SET_VELOCITY_LIMIT ACCEL=2000
G1 F7200
G1 X1.442 Y-19.026 E2.53614
SET_VELOCITY_LIMIT ACCEL=10000
G1 X.624 Y-19.026 F30000
SET_VELOCITY_LIMIT ACCEL=2000
G1 F7200
G1 X-37.429 Y19.026 E2.53614
SET_VELOCITY_LIMIT ACCEL=10000
G1 X-38.247 Y19.026 F30000
SET_VELOCITY_LIMIT ACCEL=2000
G1 F7200
G1 X-.194 Y-19.026 E2.53614
SET_VELOCITY_LIMIT ACCEL=10000
G1 X-1.012 Y-19.026 F30000
SET_VELOCITY_LIMIT ACCEL=2000
G1 F7200
G1 X-39.065 Y19.026 E2.53614
SET_VELOCITY_LIMIT ACCEL=10000
G1 X-39.883 Y19.026 F30000
SET_VELOCITY_LIMIT ACCEL=2000
G1 F7200
G1 X-1.83 Y-19.026 E2.53614
SET_VELOCITY_LIMIT ACCEL=10000
G1 X-2.648 Y-19.026 F30000
SET_VELOCITY_LIMIT ACCEL=2000
G1 F7200
G1 X-40.711 Y19.037 E2.53685
SET_VELOCITY_LIMIT ACCEL=10000
G1 X-41.529 Y19.037 F30000
SET_VELOCITY_LIMIT ACCEL=2000
G1 F7200
G1 X-3.466 Y-19.026 E2.53685
SET_VELOCITY_LIMIT ACCEL=10000
G1 X-4.284 Y-19.026 F30000
SET_VELOCITY_LIMIT ACCEL=2000
G1 F7200
G1 X-42.347 Y19.037 E2.53685
SET_VELOCITY_LIMIT ACCEL=10000
G1 X-43.165 Y19.037 F30000
SET_VELOCITY_LIMIT ACCEL=2000
G1 F7200
G1 X-5.091 Y-19.037 E2.53757
SET_VELOCITY_LIMIT ACCEL=10000
G1 X-5.909 Y-19.037 F30000
SET_VELOCITY_LIMIT ACCEL=2000
G1 F7200
G1 X-43.983 Y19.037 E2.53757
SET_VELOCITY_LIMIT ACCEL=10000
G1 X-44.79 Y19.026 F30000
SET_VELOCITY_LIMIT ACCEL=2000
G1 F7200
G1 X-6.727 Y-19.037 E2.53685
SET_VELOCITY_LIMIT ACCEL=10000
G1 X-7.544 Y-19.037 F30000
SET_VELOCITY_LIMIT ACCEL=2000
G1 F7200
G1 X-45.608 Y19.026 E2.53685
SET_VELOCITY_LIMIT ACCEL=10000
G1 X-46.426 Y19.026 F30000
SET_VELOCITY_LIMIT ACCEL=2000
G1 F7200
G1 X-8.362 Y-19.037 E2.53685
SET_VELOCITY_LIMIT ACCEL=10000
G1 X-9.191 Y-19.026 F30000
SET_VELOCITY_LIMIT ACCEL=2000
G1 F7200
G1 X-47.244 Y19.026 E2.53614
SET_VELOCITY_LIMIT ACCEL=10000
G1 X-48.062 Y19.026 F30000
SET_VELOCITY_LIMIT ACCEL=2000
G1 F7200
G1 X-10.009 Y-19.026 E2.53614
SET_VELOCITY_LIMIT ACCEL=10000
G1 X-10.827 Y-19.026 F30000
SET_VELOCITY_LIMIT ACCEL=2000
G1 F7200
G1 X-48.88 Y19.026 E2.53614
SET_VELOCITY_LIMIT ACCEL=10000
G1 X-49.697 Y19.026 F30000
SET_VELOCITY_LIMIT ACCEL=2000
G1 F7200
G1 X-11.645 Y-19.026 E2.53614
SET_VELOCITY_LIMIT ACCEL=10000
G1 X-12.463 Y-19.026 F30000
SET_VELOCITY_LIMIT ACCEL=2000
G1 F7200
G1 X-50.515 Y19.026 E2.53614
SET_VELOCITY_LIMIT ACCEL=10000
G1 X-51.333 Y19.026 F30000
SET_VELOCITY_LIMIT ACCEL=2000
G1 F7200
G1 X-13.28 Y-19.026 E2.53614
SET_VELOCITY_LIMIT ACCEL=10000
G1 X-14.098 Y-19.026 F30000
SET_VELOCITY_LIMIT ACCEL=2000
G1 F7200
G1 X-52.151 Y19.026 E2.53614
SET_VELOCITY_LIMIT ACCEL=10000
G1 X-52.969 Y19.026 F30000
SET_VELOCITY_LIMIT ACCEL=2000
G1 F7200
G1 X-14.916 Y-19.026 E2.53614
SET_VELOCITY_LIMIT ACCEL=10000
G1 X-15.734 Y-19.026 F30000
SET_VELOCITY_LIMIT ACCEL=2000
G1 F7200
G1 X-53.787 Y19.026 E2.53614
SET_VELOCITY_LIMIT ACCEL=10000
G1 X-54.526 Y18.948 F30000
M73 P53 R11
SET_VELOCITY_LIMIT ACCEL=2000
G1 F7200
G1 X-16.552 Y-19.026 E2.53091
SET_VELOCITY_LIMIT ACCEL=10000
G1 X-17.37 Y-19.026 F30000
SET_VELOCITY_LIMIT ACCEL=2000
G1 F7200
G1 X-54.526 Y18.13 E2.4764
SET_VELOCITY_LIMIT ACCEL=10000
G1 X-54.526 Y17.312 F30000
SET_VELOCITY_LIMIT ACCEL=2000
G1 F7200
G1 X-18.188 Y-19.026 E2.42189
SET_VELOCITY_LIMIT ACCEL=10000
G1 X-19.006 Y-19.026 F30000
SET_VELOCITY_LIMIT ACCEL=2000
G1 F7200
G1 X-54.526 Y16.494 E2.36738
SET_VELOCITY_LIMIT ACCEL=10000
G1 X-54.526 Y15.676 F30000
SET_VELOCITY_LIMIT ACCEL=2000
G1 F7200
G1 X-19.824 Y-19.026 E2.31287
SET_VELOCITY_LIMIT ACCEL=10000
G1 X-20.641 Y-19.026 F30000
SET_VELOCITY_LIMIT ACCEL=2000
G1 F7200
G1 X-54.526 Y14.858 E2.25836
SET_VELOCITY_LIMIT ACCEL=10000
G1 X-54.526 Y14.041 F30000
SET_VELOCITY_LIMIT ACCEL=2000
G1 F7200
G1 X-21.459 Y-19.026 E2.20385
SET_VELOCITY_LIMIT ACCEL=10000
G1 X-22.277 Y-19.026 F30000
SET_VELOCITY_LIMIT ACCEL=2000
G1 F7200
G1 X-54.526 Y13.223 E2.14934
SET_VELOCITY_LIMIT ACCEL=10000
G1 X-54.526 Y12.405 F30000
SET_VELOCITY_LIMIT ACCEL=2000
G1 F7200
G1 X-23.095 Y-19.026 E2.09482
SET_VELOCITY_LIMIT ACCEL=10000
G1 X-23.913 Y-19.026 F30000
SET_VELOCITY_LIMIT ACCEL=2000
G1 F7200
G1 X-54.526 Y11.587 E2.04031
SET_VELOCITY_LIMIT ACCEL=10000
G1 X-54.526 Y10.769 F30000
SET_VELOCITY_LIMIT ACCEL=2000
G1 F7200
G1 X-24.731 Y-19.026 E1.9858
SET_VELOCITY_LIMIT ACCEL=10000
G1 X-25.549 Y-19.026 F30000
SET_VELOCITY_LIMIT ACCEL=2000
G1 F7200
G1 X-54.526 Y9.951 E1.93129
SET_VELOCITY_LIMIT ACCEL=10000
G1 X-54.526 Y9.133 F30000
SET_VELOCITY_LIMIT ACCEL=2000
G1 F7200
G1 X-26.367 Y-19.026 E1.87678
SET_VELOCITY_LIMIT ACCEL=10000
G1 X-27.185 Y-19.026 F30000
SET_VELOCITY_LIMIT ACCEL=2000
G1 F7200
G1 X-54.526 Y8.315 E1.82227
SET_VELOCITY_LIMIT ACCEL=10000
G1 X-54.526 Y7.497 F30000
SET_VELOCITY_LIMIT ACCEL=2000
G1 F7200
G1 X-28.003 Y-19.026 E1.76776
SET_VELOCITY_LIMIT ACCEL=10000
G1 X-28.82 Y-19.026 F30000
SET_VELOCITY_LIMIT ACCEL=2000
G1 F7200
G1 X-54.526 Y6.68 E1.71325
SET_VELOCITY_LIMIT ACCEL=10000
G1 X-54.526 Y5.862 F30000
SET_VELOCITY_LIMIT ACCEL=2000
G1 F7200
G1 X-29.638 Y-19.026 E1.65874
SET_VELOCITY_LIMIT ACCEL=10000
G1 X-30.456 Y-19.026 F30000
SET_VELOCITY_LIMIT ACCEL=2000
G1 F7200
G1 X-54.526 Y5.044 E1.60423
SET_VELOCITY_LIMIT ACCEL=10000
G1 X-54.526 Y4.226 F30000
SET_VELOCITY_LIMIT ACCEL=2000
G1 F7200
G1 X-31.274 Y-19.026 E1.54972
SET_VELOCITY_LIMIT ACCEL=10000
G1 X-32.092 Y-19.026 F30000
SET_VELOCITY_LIMIT ACCEL=2000
G1 F7200
G1 X-54.526 Y3.408 E1.4952
SET_VELOCITY_LIMIT ACCEL=10000
G1 X-54.526 Y2.59 F30000
SET_VELOCITY_LIMIT ACCEL=2000
G1 F7200
G1 X-32.91 Y-19.026 E1.44069
SET_VELOCITY_LIMIT ACCEL=10000
G1 X-33.728 Y-19.026 F30000
SET_VELOCITY_LIMIT ACCEL=2000
G1 F7200
G1 X-54.526 Y1.772 E1.38618
SET_VELOCITY_LIMIT ACCEL=10000
G1 X-54.526 Y.954 F30000
SET_VELOCITY_LIMIT ACCEL=2000
G1 F7200
G1 X-34.546 Y-19.026 E1.33167
SET_VELOCITY_LIMIT ACCEL=10000
G1 X-35.364 Y-19.026 F30000
SET_VELOCITY_LIMIT ACCEL=2000
G1 F7200
G1 X-54.526 Y.136 E1.27716
SET_VELOCITY_LIMIT ACCEL=10000
G1 X-54.526 Y-.681 F30000
SET_VELOCITY_LIMIT ACCEL=2000
G1 F7200
G1 X-36.181 Y-19.026 E1.22265
SET_VELOCITY_LIMIT ACCEL=10000
G1 X-36.999 Y-19.026 F30000
SET_VELOCITY_LIMIT ACCEL=2000
G1 F7200
G1 X-54.526 Y-1.499 E1.16814
SET_VELOCITY_LIMIT ACCEL=10000
G1 X-54.526 Y-2.317 F30000
SET_VELOCITY_LIMIT ACCEL=2000
G1 F7200
G1 X-37.817 Y-19.026 E1.11363
SET_VELOCITY_LIMIT ACCEL=10000
G1 X-38.635 Y-19.026 F30000
SET_VELOCITY_LIMIT ACCEL=2000
G1 F7200
G1 X-54.526 Y-3.135 E1.05912
SET_VELOCITY_LIMIT ACCEL=10000
G1 X-54.526 Y-3.953 F30000
SET_VELOCITY_LIMIT ACCEL=2000
G1 F7200
G1 X-39.453 Y-19.026 E1.00461
SET_VELOCITY_LIMIT ACCEL=10000
G1 X-40.271 Y-19.026 F30000
SET_VELOCITY_LIMIT ACCEL=2000
G1 F7200
G1 X-54.526 Y-4.771 E.9501
SET_VELOCITY_LIMIT ACCEL=10000
G1 X-54.526 Y-5.589 F30000
SET_VELOCITY_LIMIT ACCEL=2000
G1 F7200
G1 X-41.078 Y-19.037 E.8963
SET_VELOCITY_LIMIT ACCEL=10000
G1 X-41.896 Y-19.037 F30000
SET_VELOCITY_LIMIT ACCEL=2000
G1 F7200
G1 X-54.526 Y-6.407 E.84179
SET_VELOCITY_LIMIT ACCEL=10000
G1 X-54.526 Y-7.225 F30000
SET_VELOCITY_LIMIT ACCEL=2000
G1 F7200
G1 X-42.714 Y-19.037 E.78728
SET_VELOCITY_LIMIT ACCEL=10000
G1 X-43.532 Y-19.037 F30000
SET_VELOCITY_LIMIT ACCEL=2000
G1 F7200
G1 X-54.526 Y-8.043 E.73277
SET_VELOCITY_LIMIT ACCEL=10000
G1 X-54.526 Y-8.86 F30000
SET_VELOCITY_LIMIT ACCEL=2000
G1 F7200
G1 X-44.35 Y-19.037 E.67826
SET_VELOCITY_LIMIT ACCEL=10000
G1 X-45.178 Y-19.026 F30000
SET_VELOCITY_LIMIT ACCEL=2000
G1 F7200
G1 X-54.526 Y-9.678 E.62303
SET_VELOCITY_LIMIT ACCEL=10000
G1 X-54.526 Y-10.496 F30000
SET_VELOCITY_LIMIT ACCEL=2000
G1 F7200
G1 X-45.996 Y-19.026 E.56852
SET_VELOCITY_LIMIT ACCEL=10000
G1 X-46.814 Y-19.026 F30000
SET_VELOCITY_LIMIT ACCEL=2000
G1 F7200
G1 X-54.526 Y-11.314 E.51401
SET_VELOCITY_LIMIT ACCEL=10000
G1 X-54.526 Y-12.132 F30000
SET_VELOCITY_LIMIT ACCEL=2000
G1 F7200
G1 X-47.632 Y-19.026 E.4595
SET_VELOCITY_LIMIT ACCEL=10000
G1 X-48.45 Y-19.026 F30000
SET_VELOCITY_LIMIT ACCEL=2000
G1 F7200
G1 X-54.526 Y-12.95 E.40499
SET_VELOCITY_LIMIT ACCEL=10000
G1 X-54.526 Y-13.768 F30000
SET_VELOCITY_LIMIT ACCEL=2000
G1 F7200
G1 X-49.268 Y-19.026 E.35047
SET_VELOCITY_LIMIT ACCEL=10000
G1 X-50.086 Y-19.026 F30000
SET_VELOCITY_LIMIT ACCEL=2000
G1 F7200
G1 X-54.526 Y-14.586 E.29596
SET_VELOCITY_LIMIT ACCEL=10000
G1 X-54.526 Y-15.404 F30000
SET_VELOCITY_LIMIT ACCEL=2000
G1 F7200
G1 X-50.904 Y-19.026 E.24145
SET_VELOCITY_LIMIT ACCEL=10000
G1 X-51.721 Y-19.026 F30000
SET_VELOCITY_LIMIT ACCEL=2000
G1 F7200
G1 X-54.526 Y-16.221 E.18694
SET_VELOCITY_LIMIT ACCEL=10000
G1 X-54.526 Y-17.039 F30000
SET_VELOCITY_LIMIT ACCEL=2000
G1 F7200
G1 X-52.539 Y-19.026 E.13243
SET_VELOCITY_LIMIT ACCEL=10000
G1 X-53.357 Y-19.026 F30000
SET_VELOCITY_LIMIT ACCEL=2000
G1 F7200
G1 X-54.526 Y-17.857 E.07792
;LAYER_CHANGE
;Z:2.2
;HEIGHT:0.2
;BEFORE_LAYER_CHANGE
;2.2
G1 E-1.2 F2100
;WIPE_START
G1 F7200
G1 X-53.357 Y-19.026
;WIPE_END
;AFTER_LAYER_CHANGE
;2.2
;_SET_FAN_SPEED_CHANGING_LAYER
SET_VELOCITY_LIMIT ACCEL=10000
G17
G3 Z2.6 I-.809 J.909 P1  F30000
G1 X-8.613 Y20.809 Z2.6
G1 Z2.2
G1 E1.2 F2100
SET_VELOCITY_LIMIT ACCEL=5000
;TYPE:Inner wall
;WIDTH:0.62
G1 F9000
G1 X-8.613 Y18.887 E.09037
G1 X-4.387 Y18.887 E.19872
M73 P54 R11
G1 X-4.387 Y21.525 E.12403
G1 X-4.622 Y21.604 E.01167
G1 X-4.831 Y21.331 E.01617
G1 X-5.32 Y20.956 E.02897
G1 X-5.889 Y20.721 E.02897
G1 X-6.5 Y20.64 E.02897
G1 X-7.111 Y20.721 E.02897
G1 X-7.68 Y20.956 E.02897
G1 X-8.169 Y21.331 E.02897
G1 X-8.378 Y21.604 E.01617
G1 X-8.613 Y21.525 E.01167
G1 X-8.613 Y20.845 E.03196
SET_VELOCITY_LIMIT ACCEL=10000
G1 E-1.2 F2100
;WIPE_START
G1 F9000
G1 X-8.613 Y18.887
G1 X-8.571 Y18.887
;WIPE_END
G1 X-7.725 Y21.718 Z2.6 F30000
G1 Z2.2
G1 E1.2 F2100
SET_VELOCITY_LIMIT ACCEL=5000
;TYPE:Outer wall
G1 F7200
G1 X-7.389 Y21.46 E.01992
G1 X-6.96 Y21.283 E.02182
G1 X-6.806 Y21.263 E.00731
G1 X-6.5 Y21.222 E.01451
G1 X-6.04 Y21.283 E.02182
G1 X-5.611 Y21.46 E.02182
G1 X-5.243 Y21.743 E.02182
G1 X-4.96 Y22.111 E.02182
G1 X-4.783 Y22.54 E.02182
G1 X-4.722 Y23 E.02182
G1 X-4.783 Y23.46 E.02182
G1 X-4.96 Y23.889 E.02182
G1 X-5.243 Y24.257 E.02182
G1 X-5.611 Y24.54 E.02182
G1 X-6.04 Y24.717 E.02182
G1 X-6.5 Y24.778 E.02182
G1 X-6.96 Y24.717 E.02182
G1 X-7.389 Y24.54 E.02182
G1 X-7.757 Y24.257 E.02182
G1 X-8.04 Y23.889 E.02182
G1 X-8.217 Y23.46 E.02182
G1 X-8.278 Y23 E.02182
G1 X-8.217 Y22.54 E.02182
G1 X-8.04 Y22.111 E.02182
G1 X-7.757 Y21.743 E.02182
G1 X-7.753 Y21.74 E.00021
SET_VELOCITY_LIMIT ACCEL=10000
G1 E-1.2 F2100
;WIPE_START
G1 F7200
G1 X-7.389 Y21.46
G1 X-6.96 Y21.283
G1 X-6.806 Y21.263
G1 X-6.5 Y21.222
G1 X-6.04 Y21.283
G1 X-5.903 Y21.34
;WIPE_END
G1 X-13.535 Y21.398 Z2.6 F30000
G1 X-40.622 Y21.604 Z2.6
G1 Z2.2
G1 E1.2 F2100
SET_VELOCITY_LIMIT ACCEL=5000
;TYPE:Inner wall
G1 F9000
G1 X-40.831 Y21.331 E.01617
G1 X-41.32 Y20.956 E.02897
G1 X-41.889 Y20.721 E.02897
G1 X-42.5 Y20.64 E.02897
G1 X-43.111 Y20.721 E.02897
G1 X-43.68 Y20.956 E.02897
G1 X-44.169 Y21.331 E.02897
G1 X-44.378 Y21.604 E.01617
G1 X-44.613 Y21.525 E.01167
G1 X-44.613 Y18.887 E.12403
G1 X-40.387 Y18.887 E.19872
G1 X-40.387 Y21.525 E.12403
G1 X-40.588 Y21.593 E.00997
SET_VELOCITY_LIMIT ACCEL=10000
G1 X-40.96 Y22.111 F30000
SET_VELOCITY_LIMIT ACCEL=5000
;TYPE:Outer wall
G1 F7200
G1 X-40.783 Y22.54 E.02182
G1 X-40.722 Y23 E.02182
G1 X-40.783 Y23.46 E.02182
G1 X-40.96 Y23.889 E.02182
G1 X-41.243 Y24.257 E.02182
G1 X-41.611 Y24.54 E.02182
G1 X-42.04 Y24.717 E.02182
G1 X-42.5 Y24.778 E.02182
G1 X-42.96 Y24.717 E.02182
G1 X-43.389 Y24.54 E.02182
G1 X-43.757 Y24.257 E.02182
G1 X-44.04 Y23.889 E.02182
G1 X-44.217 Y23.46 E.02182
G1 X-44.278 Y23 E.02182
G1 X-44.217 Y22.54 E.02182
G1 X-44.04 Y22.111 E.02182
G1 X-43.757 Y21.743 E.02182
G1 X-43.389 Y21.46 E.02182
G1 X-42.96 Y21.283 E.02182
G1 X-42.806 Y21.263 E.00731
G1 X-42.5 Y21.222 E.01451
G1 X-42.04 Y21.283 E.02182
G1 X-41.611 Y21.46 E.02182
G1 X-41.243 Y21.743 E.02182
G1 X-40.982 Y22.083 E.02013
SET_VELOCITY_LIMIT ACCEL=10000
G1 E-1.2 F2100
;WIPE_START
G1 F7200
G1 X-40.783 Y22.54
G1 X-40.722 Y23
G1 X-40.783 Y23.46
G1 X-40.96 Y23.889
G1 X-41.027 Y23.975
;WIPE_END
G1 X-33.408 Y23.52 Z2.6 F30000
G1 X53.81 Y18.31 Z2.6
G1 Z2.2
G1 E1.2 F2100
SET_VELOCITY_LIMIT ACCEL=5000
G1 F7200
G1 X53.81 Y7.81 E.49376
G1 X55.19 Y7.81 E.06489
G1 X55.19 Y19.69 E.55865
G1 X-3.81 Y19.69 E2.77446
G1 X-3.81 Y22.983 E.15483
G1 X-3.879 Y23.598 E.02913
G1 X-4.078 Y24.166 E.02831
G1 X-4.398 Y24.676 E.02831
G1 X-4.824 Y25.102 E.02831
G1 X-5.334 Y25.422 E.02831
G1 X-5.902 Y25.621 E.02831
G1 X-6.5 Y25.688 E.02831
G1 X-7.098 Y25.621 E.02831
G1 X-7.666 Y25.422 E.02831
G1 X-8.176 Y25.102 E.02831
G1 X-8.602 Y24.676 E.02831
G1 X-8.922 Y24.166 E.02831
G1 X-9.121 Y23.598 E.02831
G1 X-9.19 Y22.983 E.02913
G1 X-9.19 Y19.69 E.15483
G1 X-39.81 Y19.69 E1.4399
G1 X-39.81 Y22.983 E.15483
G1 X-39.879 Y23.598 E.02913
G1 X-40.078 Y24.166 E.02831
G1 X-40.398 Y24.676 E.02831
G1 X-40.824 Y25.102 E.02831
G1 X-41.334 Y25.422 E.02831
G1 X-41.902 Y25.621 E.02831
G1 X-42.5 Y25.688 E.02831
G1 X-43.098 Y25.621 E.02831
G1 X-43.666 Y25.422 E.02831
G1 X-44.176 Y25.102 E.02831
G1 X-44.602 Y24.676 E.02831
G1 X-44.922 Y24.166 E.02831
G1 X-45.121 Y23.598 E.02831
G1 X-45.19 Y22.983 E.02913
G1 X-45.19 Y19.69 E.15483
G1 X-55.19 Y19.69 E.47025
G1 X-55.19 Y18.31 E.06489
G1 X53.774 Y18.31 E5.124
SET_VELOCITY_LIMIT ACCEL=10000
G1 X54.5 Y18.599 F30000
;TYPE:Gap infill
;WIDTH:0.868801
G1 F9000
G1 X54.477 Y18.709 E.00762
;WIDTH:0.914721
G1 F8602.885
G1 X54.454 Y18.82 E.00804
;WIDTH:0.960641
G1 F8172.419
G1 X54.431 Y18.931 E.00847
;WIDTH:0.960641
G1 X54.32 Y18.954 E.00847
;WIDTH:0.914721
G1 F8602.881
G1 X54.209 Y18.977 E.00804
;WIDTH:0.84593
G1 F9000
G1 X54.099 Y19 E.00741
G1 X-4.099 Y19 E3.80813
G1 X-5.023 Y19.523 F30000
SET_VELOCITY_LIMIT ACCEL=7000
;TYPE:Internal solid infill
;WIDTH:0.718968
G1 F9000
G1 X-5.563 Y19.504 E.02973
;WIDTH:0.682983
G1 X-5.993 Y19.487 E.02246
;WIDTH:0.652981
G1 X-6.423 Y19.47 E.02141
G1 X-7.269 Y19.493 E.04206
;WIDTH:0.692714
G1 X-7.623 Y19.508 E.01876
;WIDTH:0.734976
G1 X-7.977 Y19.523 E.01998
G1 X-7.977 Y20.394 E.0491
G1 X-7.496 Y20.192 E.0294
;WIDTH:0.722932
G1 X-7.362 Y20.158 E.00767
;WIDTH:0.692714
G1 X-7.227 Y20.125 E.00733
;WIDTH:0.654927
G1 X-6.538 Y20.057 E.03453
G1 X-5.773 Y20.125 E.03835
;WIDTH:0.692715
G1 X-5.638 Y20.158 E.00733
;WIDTH:0.735182
G1 X-5.504 Y20.192 E.00781
G1 X-5.042 Y20.383 E.02822
G1 X-5.023 Y19.559 E.0465
SET_VELOCITY_LIMIT ACCEL=10000
G1 X-4.382 Y21.827 F30000
;TYPE:Gap infill
;WIDTH:0.437806
G1 F9000
G1 X-4.301 Y22.438 E.01982
G1 X-4.284 Y22.698 E.00836
;WIDTH:0.396894
G1 X-4.267 Y22.957 E.0075
;WIDTH:0.372843
G1 X-4.327 Y23.496 E.01458
G1 X-4.354 Y23.597 E.0028
G1 X-4.495 Y23.966 E.01062
G1 X-4.583 Y24.131 E.00503
G1 X-4.761 Y24.387 E.00839
G1 X-4.912 Y24.559 E.00615
G1 X-5.113 Y24.739 E.00726
G1 X-5.369 Y24.917 E.00839
G1 X-5.534 Y25.005 E.00503
G1 X-6.004 Y25.173 E.01341
G1 X-6.5 Y25.233 E.01343
G1 X-6.996 Y25.173 E.01343
G1 X-7.466 Y25.005 E.01341
G1 X-7.631 Y24.917 E.00503
G1 X-7.887 Y24.739 E.00839
G1 X-8.059 Y24.588 E.00615
G1 X-8.239 Y24.387 E.00726
G1 X-8.417 Y24.131 E.00839
G1 X-8.505 Y23.966 E.00503
G1 X-8.658 Y23.557 E.01174
;WIDTH:0.380939
G1 X-8.731 Y23.021 E.01488
G1 X-8.716 Y22.698 E.00893
;WIDTH:0.430898
G1 X-8.699 Y22.438 E.00822
;WIDTH:0.455012
G1 X-8.618 Y21.827 E.02069
G1 X-8.901 Y19 F30000
;WIDTH:0.84584
G1 F9000
G1 X-40.099 Y19 E2.04116
G1 X-41.023 Y19.523 F30000
SET_VELOCITY_LIMIT ACCEL=7000
;TYPE:Internal solid infill
;WIDTH:0.718968
G1 F9000
G1 X-41.563 Y19.504 E.02973
;WIDTH:0.682983
G1 X-41.993 Y19.487 E.02246
;WIDTH:0.652982
G1 X-42.423 Y19.47 E.02141
G1 X-43.269 Y19.493 E.04206
;WIDTH:0.692715
G1 X-43.623 Y19.508 E.01876
;WIDTH:0.734977
G1 X-43.977 Y19.523 E.01998
G1 X-43.977 Y20.394 E.0491
G1 X-43.496 Y20.192 E.0294
;WIDTH:0.722933
G1 X-43.362 Y20.158 E.00767
;WIDTH:0.692715
G1 X-43.227 Y20.125 E.00733
;WIDTH:0.654927
G1 X-42.538 Y20.057 E.03453
G1 X-41.773 Y20.125 E.03835
;WIDTH:0.692715
G1 X-41.638 Y20.158 E.00733
;WIDTH:0.735182
G1 X-41.504 Y20.192 E.00781
G1 X-41.042 Y20.383 E.02822
G1 X-41.023 Y19.559 E.0465
SET_VELOCITY_LIMIT ACCEL=10000
G1 X-40.417 Y21.839 F30000
;TYPE:Gap infill
;WIDTH:0.53697
G1 F9000
G1 X-40.38 Y22.021 E.00746
;WIDTH:0.518258
G1 X-40.344 Y22.203 E.00718
;WIDTH:0.480834
G1 X-40.308 Y22.384 E.00661
;WIDTH:0.435062
G1 X-40.284 Y22.698 E.01004
;WIDTH:0.396894
G1 X-40.267 Y22.957 E.0075
;WIDTH:0.372842
G1 X-40.327 Y23.496 E.01458
G1 X-40.354 Y23.597 E.0028
G1 X-40.495 Y23.966 E.01062
G1 X-40.583 Y24.131 E.00503
G1 X-40.761 Y24.387 E.00839
G1 X-40.912 Y24.559 E.00615
G1 X-41.113 Y24.739 E.00726
G1 X-41.369 Y24.917 E.00839
G1 X-41.534 Y25.005 E.00503
G1 X-42.004 Y25.173 E.01341
G1 X-42.5 Y25.233 E.01343
G1 X-42.996 Y25.173 E.01343
G1 X-43.466 Y25.005 E.01341
G1 X-43.631 Y24.917 E.00503
G1 X-43.887 Y24.739 E.00839
G1 X-44.059 Y24.588 E.00615
G1 X-44.239 Y24.387 E.00726
G1 X-44.417 Y24.131 E.00839
G1 X-44.505 Y23.966 E.00503
G1 X-44.658 Y23.557 E.01175
;WIDTH:0.380939
G1 X-44.731 Y23.021 E.01488
G1 X-44.716 Y22.698 E.00893
;WIDTH:0.4309
G1 X-44.699 Y22.438 E.00822
;WIDTH:0.455012
G1 X-44.692 Y22.384 E.00182
;WIDTH:0.480834
G1 X-44.656 Y22.203 E.00661
;WIDTH:0.518258
G1 X-44.62 Y22.021 E.00718
;WIDTH:0.555681
G1 X-44.583 Y21.839 E.00774
G1 X-44.901 Y19 F30000
;WIDTH:0.84584
G1 F9000
G1 X-54.901 Y19 E.65428
G1 X54.5 Y18.599 F30000
;WIDTH:0.845841
G1 F9000
G1 X54.5 Y8.099 E.68699
G1 E-1.2 F2100
;WIPE_START
G1 F9000
G1 X54.5 Y10.099
;WIPE_END
G1 X47.685 Y6.662 Z2.6 F30000
G1 X-8.378 Y-21.604 Z2.6
G1 Z2.2
G1 E1.2 F2100
SET_VELOCITY_LIMIT ACCEL=5000
;TYPE:Inner wall
;WIDTH:0.62
G1 F9000
G1 X-8.169 Y-21.331 E.01617
G1 X-7.68 Y-20.956 E.02897
G1 X-7.111 Y-20.721 E.02897
G1 X-6.5 Y-20.64 E.02897
G1 X-5.889 Y-20.721 E.02897
G1 X-5.32 Y-20.956 E.02897
G1 X-4.831 Y-21.331 E.02897
G1 X-4.622 Y-21.604 E.01617
G1 X-4.387 Y-21.525 E.01167
G1 X-4.387 Y-18.887 E.12403
G1 X-8.613 Y-18.887 E.19872
G1 X-8.613 Y-21.525 E.12403
G1 X-8.412 Y-21.593 E.00997
SET_VELOCITY_LIMIT ACCEL=10000
G1 E-1.2 F2100
;WIPE_START
G1 F9000
G1 X-8.169 Y-21.331
G1 X-7.68 Y-20.956
G1 X-7.111 Y-20.721
G1 X-6.703 Y-20.667
;WIPE_END
G1 X-7.757 Y-24.257 Z2.6 F30000
G1 Z2.2
G1 E1.2 F2100
SET_VELOCITY_LIMIT ACCEL=5000
;TYPE:Outer wall
G1 F7200
G1 X-7.389 Y-24.54 E.02182
G1 X-6.96 Y-24.717 E.02182
G1 X-6.806 Y-24.737 E.00731
G1 X-6.5 Y-24.778 E.01451
G1 X-6.04 Y-24.717 E.02182
G1 X-5.611 Y-24.54 E.02182
G1 X-5.243 Y-24.257 E.02182
G1 X-4.96 Y-23.889 E.02182
G1 X-4.783 Y-23.46 E.02182
G1 X-4.722 Y-23 E.02182
G1 X-4.783 Y-22.54 E.02182
G1 X-4.96 Y-22.111 E.02182
G1 X-5.243 Y-21.743 E.02182
G1 X-5.611 Y-21.46 E.02182
G1 X-6.04 Y-21.283 E.02182
G1 X-6.5 Y-21.222 E.02182
G1 X-6.96 Y-21.283 E.02182
G1 X-7.389 Y-21.46 E.02182
G1 X-7.757 Y-21.743 E.02182
G1 X-8.04 Y-22.111 E.02182
G1 X-8.217 Y-22.54 E.02182
G1 X-8.278 Y-23 E.02182
G1 X-8.217 Y-23.46 E.02182
G1 X-8.04 Y-23.889 E.02182
G1 X-7.779 Y-24.228 E.02013
SET_VELOCITY_LIMIT ACCEL=10000
G1 E-1.2 F2100
;WIPE_START
G1 F7200
G1 X-7.389 Y-24.54
G1 X-6.96 Y-24.717
G1 X-6.806 Y-24.737
G1 X-6.5 Y-24.778
G1 X-6.04 Y-24.717
G1 X-5.939 Y-24.675
;WIPE_END
G1 X-13.56 Y-24.25 Z2.6 F30000
G1 X-44.217 Y-22.54 Z2.6
G1 Z2.2
G1 E1.2 F2100
SET_VELOCITY_LIMIT ACCEL=5000
G1 F7200
G1 X-44.278 Y-23 E.02182
G1 X-44.217 Y-23.46 E.02182
G1 X-44.04 Y-23.889 E.02182
G1 X-43.757 Y-24.257 E.02182
G1 X-43.389 Y-24.54 E.02182
G1 X-42.96 Y-24.717 E.02182
G1 X-42.806 Y-24.737 E.00731
G1 X-42.5 Y-24.778 E.01451
G1 X-42.04 Y-24.717 E.02182
G1 X-41.611 Y-24.54 E.02182
G1 X-41.243 Y-24.257 E.02182
G1 X-40.96 Y-23.889 E.02182
G1 X-40.783 Y-23.46 E.02182
G1 X-40.722 Y-23 E.02182
G1 X-40.783 Y-22.54 E.02182
G1 X-40.96 Y-22.111 E.02182
G1 X-41.243 Y-21.743 E.02182
G1 X-41.611 Y-21.46 E.02182
G1 X-42.04 Y-21.283 E.02182
G1 X-42.5 Y-21.222 E.02182
G1 X-42.96 Y-21.283 E.02182
G1 X-43.389 Y-21.46 E.02182
G1 X-43.757 Y-21.743 E.02182
G1 X-44.04 Y-22.111 E.02182
G1 X-44.203 Y-22.507 E.02013
SET_VELOCITY_LIMIT ACCEL=10000
G1 X-44.378 Y-21.604 F30000
SET_VELOCITY_LIMIT ACCEL=5000
;TYPE:Inner wall
G1 F9000
G1 X-44.169 Y-21.331 E.01617
G1 X-43.68 Y-20.956 E.02897
G1 X-43.111 Y-20.721 E.02897
G1 X-42.5 Y-20.64 E.02897
G1 X-41.889 Y-20.721 E.02897
G1 X-41.32 Y-20.956 E.02897
G1 X-40.831 Y-21.331 E.02897
G1 X-40.622 Y-21.604 E.01617
G1 X-40.387 Y-21.525 E.01167
G1 X-40.387 Y-18.887 E.12403
G1 X-44.613 Y-18.887 E.19872
G1 X-44.613 Y-21.525 E.12403
G1 X-44.412 Y-21.593 E.00997
SET_VELOCITY_LIMIT ACCEL=10000
G1 E-1.2 F2100
;WIPE_START
G1 F9000
G1 X-44.169 Y-21.331
G1 X-43.68 Y-20.956
G1 X-43.111 Y-20.721
G1 X-42.703 Y-20.667
;WIPE_END
G1 X-35.073 Y-20.481 Z2.6 F30000
G1 X53.81 Y-18.31 Z2.6
G1 Z2.2
M73 P54 R10
G1 E1.2 F2100
SET_VELOCITY_LIMIT ACCEL=5000
;TYPE:Outer wall
G1 F7200
G1 X-55.19 Y-18.31 E5.12569
G1 X-55.19 Y-19.69 E.06489
G1 X-45.19 Y-19.69 E.47025
G1 X-45.19 Y-22.983 E.15483
G1 X-45.121 Y-23.598 E.02913
G1 X-44.922 Y-24.166 E.02831
G1 X-44.602 Y-24.676 E.02831
G1 X-44.176 Y-25.102 E.02831
G1 X-43.666 Y-25.422 E.02831
G1 X-43.098 Y-25.621 E.02831
G1 X-42.5 Y-25.688 E.02831
G1 X-41.902 Y-25.621 E.02831
G1 X-41.334 Y-25.422 E.02831
G1 X-40.824 Y-25.102 E.02831
G1 X-40.398 Y-24.676 E.02831
G1 X-40.078 Y-24.166 E.02831
G1 X-39.879 Y-23.598 E.02831
G1 X-39.81 Y-22.983 E.02913
G1 X-39.81 Y-19.69 E.15483
G1 X-9.19 Y-19.69 E1.4399
G1 X-9.19 Y-22.983 E.15483
G1 X-9.121 Y-23.598 E.02913
G1 X-8.922 Y-24.166 E.02831
G1 X-8.602 Y-24.676 E.02831
G1 X-8.176 Y-25.102 E.02831
G1 X-7.666 Y-25.422 E.02831
G1 X-7.098 Y-25.621 E.02831
G1 X-6.5 Y-25.688 E.02831
G1 X-6.067 Y-25.639 E.02047
G1 X-5.902 Y-25.621 E.00783
G1 X-5.334 Y-25.422 E.02831
G1 X-4.824 Y-25.102 E.02831
G1 X-4.398 Y-24.676 E.02831
G1 X-4.078 Y-24.166 E.02831
G1 X-3.879 Y-23.598 E.02831
G1 X-3.81 Y-22.983 E.02913
G1 X-3.81 Y-19.69 E.15483
G1 X55.19 Y-19.69 E2.77446
G1 X55.19 Y-7.81 E.55865
G1 X53.81 Y-7.81 E.06489
G1 X53.81 Y-18.274 E.49207
SET_VELOCITY_LIMIT ACCEL=10000
G1 X54.5 Y-18.599 F30000
;TYPE:Gap infill
;WIDTH:0.845841
G1 F9000
G1 X54.5 Y-8.099 E.68699
G1 X54.5 Y-18.599 F30000
;WIDTH:0.868802
G1 F9000
G1 X54.477 Y-18.709 E.00762
;WIDTH:0.914721
G1 F8602.881
G1 X54.454 Y-18.82 E.00804
;WIDTH:0.960641
G1 F8172.424
G1 X54.431 Y-18.931 E.00847
;WIDTH:0.960641
G1 X54.32 Y-18.954 E.00847
;WIDTH:0.914721
G1 F8602.885
G1 X54.209 Y-18.977 E.00804
;WIDTH:0.845931
G1 F9000
G1 X54.099 Y-19 E.00741
G1 X-4.099 Y-19 E3.80814
G1 X-5.023 Y-19.523 F30000
SET_VELOCITY_LIMIT ACCEL=7000
;TYPE:Internal solid infill
;WIDTH:0.738042
G1 F9000
G1 X-5.023 Y-20.394 E.04932
G1 X-5.504 Y-20.192 E.02953
;WIDTH:0.722933
G1 X-5.638 Y-20.158 E.00767
;WIDTH:0.692715
G1 X-5.773 Y-20.125 E.00733
;WIDTH:0.654927
G1 X-6.462 Y-20.057 E.03453
G1 X-7.227 Y-20.125 E.03835
;WIDTH:0.692714
G1 X-7.362 Y-20.158 E.00733
;WIDTH:0.731967
G1 X-7.496 Y-20.192 E.00778
G1 X-7.958 Y-20.383 E.02809
G1 X-7.977 Y-19.523 E.0483
G1 X-7.437 Y-19.504 E.0303
;WIDTH:0.682984
G1 X-7.007 Y-19.487 E.02246
;WIDTH:0.652982
G1 X-6.577 Y-19.47 E.02141
G1 X-5.731 Y-19.493 E.04206
;WIDTH:0.692715
G1 X-5.395 Y-19.507 E.01781
;WIDTH:0.707824
G1 X-5.059 Y-19.522 E.01822
SET_VELOCITY_LIMIT ACCEL=10000
G1 X-4.382 Y-21.827 F30000
;TYPE:Gap infill
;WIDTH:0.455009
G1 F9000
G1 X-4.301 Y-22.438 E.02069
;WIDTH:0.430896
G1 X-4.284 Y-22.698 E.00822
;WIDTH:0.380939
G1 X-4.269 Y-23.021 E.00893
G1 X-4.342 Y-23.557 E.01488
;WIDTH:0.372842
G1 X-4.495 Y-23.966 E.01175
G1 X-4.583 Y-24.131 E.00503
G1 X-4.761 Y-24.387 E.00839
G1 X-4.912 Y-24.559 E.00615
G1 X-5.113 Y-24.739 E.00726
G1 X-5.369 Y-24.917 E.00839
G1 X-5.534 Y-25.005 E.00503
G1 X-6.004 Y-25.173 E.01341
G1 X-6.5 Y-25.233 E.01343
G1 X-6.996 Y-25.173 E.01343
G1 X-7.466 Y-25.005 E.01341
G1 X-7.631 Y-24.917 E.00503
G1 X-7.887 Y-24.739 E.00839
G1 X-8.088 Y-24.559 E.00726
G1 X-8.239 Y-24.387 E.00615
G1 X-8.417 Y-24.131 E.00839
G1 X-8.505 Y-23.966 E.00503
G1 X-8.646 Y-23.597 E.01062
G1 X-8.673 Y-23.496 E.0028
G1 X-8.733 Y-22.957 E.01458
;WIDTH:0.396896
G1 X-8.716 Y-22.698 E.0075
;WIDTH:0.437809
G1 X-8.699 Y-22.438 E.00836
G1 X-8.618 Y-21.827 E.01982
G1 X-8.901 Y-19 F30000
;WIDTH:0.845842
G1 F9000
G1 X-40.099 Y-19 E2.04116
G1 X-41.023 Y-19.523 F30000
SET_VELOCITY_LIMIT ACCEL=7000
;TYPE:Internal solid infill
;WIDTH:0.738042
G1 F9000
G1 X-41.023 Y-20.394 E.04932
G1 X-41.504 Y-20.192 E.02953
;WIDTH:0.722933
G1 X-41.638 Y-20.158 E.00767
;WIDTH:0.692715
G1 X-41.773 Y-20.125 E.00733
;WIDTH:0.654927
G1 X-42.462 Y-20.057 E.03453
G1 X-43.227 Y-20.125 E.03835
;WIDTH:0.692714
G1 X-43.362 Y-20.158 E.00733
;WIDTH:0.731966
G1 X-43.496 Y-20.192 E.00778
G1 X-43.958 Y-20.383 E.02809
G1 X-43.977 Y-19.523 E.0483
G1 X-43.437 Y-19.504 E.0303
;WIDTH:0.682984
G1 X-43.007 Y-19.487 E.02246
;WIDTH:0.652982
G1 X-42.577 Y-19.47 E.02141
G1 X-41.731 Y-19.493 E.04206
;WIDTH:0.692715
G1 X-41.395 Y-19.507 E.01781
;WIDTH:0.707824
G1 X-41.059 Y-19.522 E.01822
SET_VELOCITY_LIMIT ACCEL=10000
G1 X-40.382 Y-21.827 F30000
;TYPE:Gap infill
;WIDTH:0.455011
G1 F9000
G1 X-40.301 Y-22.438 E.02069
;WIDTH:0.430898
G1 X-40.284 Y-22.698 E.00822
;WIDTH:0.380939
G1 X-40.269 Y-23.021 E.00893
G1 X-40.342 Y-23.557 E.01488
;WIDTH:0.372841
G1 X-40.495 Y-23.966 E.01175
G1 X-40.583 Y-24.131 E.00503
G1 X-40.761 Y-24.387 E.00839
G1 X-40.912 Y-24.559 E.00615
G1 X-41.113 Y-24.739 E.00726
G1 X-41.369 Y-24.917 E.00839
G1 X-41.534 Y-25.005 E.00503
G1 X-42.004 Y-25.173 E.01341
G1 X-42.5 Y-25.233 E.01343
G1 X-42.996 Y-25.173 E.01343
G1 X-43.466 Y-25.005 E.01341
G1 X-43.631 Y-24.917 E.00503
G1 X-43.887 Y-24.739 E.00839
G1 X-44.059 Y-24.588 E.00615
G1 X-44.239 Y-24.387 E.00726
G1 X-44.417 Y-24.131 E.00839
G1 X-44.505 Y-23.966 E.00503
G1 X-44.646 Y-23.597 E.01062
G1 X-44.673 Y-23.496 E.0028
G1 X-44.733 Y-22.957 E.01458
;WIDTH:0.396896
G1 X-44.716 Y-22.698 E.0075
;WIDTH:0.435062
G1 X-44.692 Y-22.384 E.01004
;WIDTH:0.480833
G1 X-44.656 Y-22.203 E.00661
;WIDTH:0.518257
G1 X-44.62 Y-22.021 E.00718
;WIDTH:0.536969
G1 X-44.583 Y-21.839 E.00746
G1 X-44.901 Y-19 F30000
;WIDTH:0.845842
G1 F9000
G1 X-54.901 Y-19 E.65428
;LAYER_CHANGE
;Z:2.4
;HEIGHT:0.2
;BEFORE_LAYER_CHANGE
;2.4
G1 E-1.2 F2100
;WIPE_START
G1 F9000
G1 X-52.901 Y-19
;WIPE_END
;AFTER_LAYER_CHANGE
;2.4
;_SET_FAN_SPEED_CHANGING_LAYER
G17
G3 Z2.8 I-.815 J.904 P1  F30000
G1 X-8.613 Y20.926 Z2.8
G1 Z2.4
G1 E1.2 F2100
SET_VELOCITY_LIMIT ACCEL=5000
;TYPE:Inner wall
;WIDTH:0.62
G1 F9000
G1 X-8.613 Y18.887 E.09588
G1 X-4.387 Y18.887 E.19872
G1 X-4.387 Y21.525 E.12403
G1 X-4.622 Y21.604 E.01167
G1 X-4.831 Y21.331 E.01617
G1 X-5.32 Y20.956 E.02897
G1 X-5.889 Y20.721 E.02897
G1 X-6.5 Y20.64 E.02897
G1 X-7.111 Y20.721 E.02897
G1 X-7.68 Y20.956 E.02897
G1 X-8.169 Y21.331 E.02897
G1 X-8.378 Y21.604 E.01617
G1 X-8.613 Y21.525 E.01167
G1 X-8.613 Y20.962 E.02645
SET_VELOCITY_LIMIT ACCEL=10000
G1 E-1.2 F2100
;WIPE_START
G1 F9000
G1 X-8.613 Y18.962
;WIPE_END
G1 X-7.735 Y21.726 Z2.8 F30000
G1 Z2.4
G1 E1.2 F2100
SET_VELOCITY_LIMIT ACCEL=5000
;TYPE:Outer wall
G1 F7200
G1 X-7.389 Y21.46 E.02049
G1 X-6.96 Y21.283 E.02182
G1 X-6.831 Y21.266 E.00612
G1 X-6.5 Y21.222 E.01571
G1 X-6.04 Y21.283 E.02182
G1 X-5.611 Y21.46 E.02182
G1 X-5.243 Y21.743 E.02182
G1 X-5.164 Y21.846 E.00612
G1 X-4.96 Y22.111 E.01571
G1 X-4.783 Y22.54 E.02182
G1 X-4.722 Y23 E.02182
G1 X-4.783 Y23.46 E.02182
G1 X-4.96 Y23.889 E.02182
G1 X-5.243 Y24.257 E.02182
G1 X-5.611 Y24.54 E.02182
G1 X-6.04 Y24.717 E.02182
G1 X-6.5 Y24.778 E.02182
G1 X-6.96 Y24.717 E.02182
G1 X-7.389 Y24.54 E.02182
G1 X-7.757 Y24.257 E.02182
G1 X-8.04 Y23.889 E.02182
G1 X-8.217 Y23.46 E.02182
G1 X-8.278 Y23 E.02182
G1 X-8.217 Y22.54 E.02182
G1 X-8.04 Y22.111 E.02182
G1 X-7.762 Y21.749 E.02146
SET_VELOCITY_LIMIT ACCEL=10000
G1 E-1.2 F2100
;WIPE_START
G1 F7200
G1 X-7.389 Y21.46
G1 X-6.96 Y21.283
G1 X-6.831 Y21.266
G1 X-6.5 Y21.222
G1 X-6.04 Y21.283
G1 X-5.914 Y21.335
;WIPE_END
G1 X-13.546 Y21.394 Z2.8 F30000
G1 X-40.622 Y21.604 Z2.8
G1 Z2.4
G1 E1.2 F2100
SET_VELOCITY_LIMIT ACCEL=5000
;TYPE:Inner wall
G1 F9000
G1 X-40.831 Y21.331 E.01617
G1 X-41.32 Y20.956 E.02897
G1 X-41.889 Y20.721 E.02897
G1 X-42.5 Y20.64 E.02897
G1 X-43.111 Y20.721 E.02897
G1 X-43.68 Y20.956 E.02897
G1 X-44.169 Y21.331 E.02897
G1 X-44.378 Y21.604 E.01617
G1 X-44.613 Y21.525 E.01167
G1 X-44.613 Y18.887 E.12403
G1 X-40.387 Y18.887 E.19872
M73 P55 R10
G1 X-40.387 Y21.525 E.12403
G1 X-40.588 Y21.593 E.00997
SET_VELOCITY_LIMIT ACCEL=10000
G1 X-40.961 Y22.111 F30000
SET_VELOCITY_LIMIT ACCEL=5000
;TYPE:Outer wall
G1 F7200
G1 X-40.96 Y22.111 E.00003
G1 X-40.783 Y22.54 E.02182
G1 X-40.722 Y23 E.02182
G1 X-40.783 Y23.46 E.02182
G1 X-40.96 Y23.889 E.02182
G1 X-41.243 Y24.257 E.02182
G1 X-41.611 Y24.54 E.02182
G1 X-42.04 Y24.717 E.02182
G1 X-42.5 Y24.778 E.02182
G1 X-42.96 Y24.717 E.02182
G1 X-43.389 Y24.54 E.02182
G1 X-43.757 Y24.257 E.02182
G1 X-44.04 Y23.889 E.02182
G1 X-44.217 Y23.46 E.02182
G1 X-44.278 Y23 E.02182
G1 X-44.217 Y22.54 E.02182
G1 X-44.04 Y22.111 E.02182
G1 X-43.757 Y21.743 E.02182
G1 X-43.389 Y21.46 E.02182
G1 X-42.96 Y21.283 E.02182
G1 X-42.831 Y21.266 E.00612
G1 X-42.5 Y21.222 E.01571
G1 X-42.04 Y21.283 E.02182
G1 X-41.611 Y21.46 E.02182
G1 X-41.243 Y21.743 E.02182
G1 X-40.983 Y22.082 E.0201
SET_VELOCITY_LIMIT ACCEL=10000
G1 E-1.2 F2100
;WIPE_START
G1 F7200
G1 X-40.96 Y22.111
G1 X-40.783 Y22.54
G1 X-40.722 Y23
G1 X-40.783 Y23.46
G1 X-40.96 Y23.889
G1 X-41.026 Y23.974
;WIPE_END
G1 X-33.407 Y23.519 Z2.8 F30000
G1 X53.81 Y18.31 Z2.8
G1 Z2.4
G1 E1.2 F2100
SET_VELOCITY_LIMIT ACCEL=5000
G1 F7200
G1 X53.81 Y7.81 E.49376
G1 X55.19 Y7.81 E.06489
G1 X55.19 Y19.69 E.55865
G1 X-3.81 Y19.69 E2.77446
G1 X-3.81 Y22.983 E.15483
G1 X-3.879 Y23.598 E.02913
G1 X-4.078 Y24.166 E.02831
G1 X-4.398 Y24.676 E.02831
G1 X-4.824 Y25.102 E.02831
G1 X-5.334 Y25.422 E.02831
G1 X-5.902 Y25.621 E.02831
G1 X-6.5 Y25.688 E.02831
G1 X-7.098 Y25.621 E.02831
G1 X-7.666 Y25.422 E.02831
G1 X-8.176 Y25.102 E.02831
G1 X-8.602 Y24.676 E.02831
G1 X-8.922 Y24.166 E.02831
G1 X-9.121 Y23.598 E.02831
G1 X-9.19 Y22.983 E.02913
G1 X-9.19 Y19.69 E.15483
G1 X-39.81 Y19.69 E1.4399
G1 X-39.81 Y22.983 E.15483
G1 X-39.879 Y23.598 E.02913
G1 X-40.078 Y24.166 E.02831
G1 X-40.398 Y24.676 E.02831
G1 X-40.738 Y25.015 E.02258
G1 X-40.824 Y25.102 E.00573
G1 X-41.334 Y25.422 E.02831
G1 X-41.902 Y25.621 E.02831
G1 X-42.5 Y25.688 E.02831
G1 X-43.098 Y25.621 E.02831
G1 X-43.666 Y25.422 E.02831
G1 X-44.176 Y25.102 E.02831
G1 X-44.602 Y24.676 E.02831
G1 X-44.922 Y24.166 E.02831
G1 X-45.121 Y23.598 E.02831
G1 X-45.19 Y22.983 E.02913
G1 X-45.19 Y19.69 E.15483
G1 X-55.19 Y19.69 E.47025
G1 X-55.19 Y18.31 E.06489
G1 X53.774 Y18.31 E5.124
SET_VELOCITY_LIMIT ACCEL=10000
G1 X54.5 Y18.599 F30000
;TYPE:Gap infill
;WIDTH:0.845841
G1 F9000
G1 X54.5 Y8.099 E.68699
G1 X54.5 Y18.599 F30000
;WIDTH:0.868801
G1 F9000
G1 X54.477 Y18.709 E.00762
;WIDTH:0.914721
G1 F8602.885
G1 X54.454 Y18.82 E.00804
;WIDTH:0.960641
G1 F8172.419
G1 X54.431 Y18.931 E.00847
;WIDTH:0.960641
G1 X54.32 Y18.954 E.00847
;WIDTH:0.914721
G1 F8602.881
G1 X54.209 Y18.977 E.00804
;WIDTH:0.84593
G1 F9000
G1 X54.099 Y19 E.00741
G1 X-4.099 Y19 E3.80813
G1 X-5.023 Y19.523 F30000
SET_VELOCITY_LIMIT ACCEL=7000
;TYPE:Internal solid infill
;WIDTH:0.718969
G1 F9000
G1 X-5.563 Y19.504 E.02973
;WIDTH:0.682984
G1 X-5.993 Y19.487 E.02246
;WIDTH:0.652982
G1 X-6.423 Y19.47 E.02141
G1 X-7.269 Y19.493 E.04206
;WIDTH:0.692715
G1 X-7.623 Y19.508 E.01876
;WIDTH:0.734977
G1 X-7.977 Y19.523 E.01998
G1 X-7.977 Y20.394 E.0491
G1 X-7.496 Y20.192 E.0294
;WIDTH:0.722933
G1 X-7.362 Y20.158 E.00767
;WIDTH:0.692715
G1 X-7.227 Y20.125 E.00733
;WIDTH:0.654928
G1 X-6.538 Y20.057 E.03453
G1 X-5.773 Y20.125 E.03835
;WIDTH:0.692715
G1 X-5.638 Y20.158 E.00733
;WIDTH:0.735182
G1 X-5.504 Y20.192 E.00781
G1 X-5.042 Y20.383 E.02822
G1 X-5.023 Y19.559 E.0465
SET_VELOCITY_LIMIT ACCEL=10000
G1 X-4.382 Y21.827 F30000
;TYPE:Gap infill
;WIDTH:0.437807
G1 F9000
G1 X-4.301 Y22.438 E.01982
G1 X-4.284 Y22.698 E.00836
;WIDTH:0.396894
G1 X-4.267 Y22.957 E.0075
;WIDTH:0.372842
G1 X-4.327 Y23.496 E.01458
G1 X-4.354 Y23.597 E.0028
G1 X-4.495 Y23.966 E.01062
G1 X-4.583 Y24.131 E.00503
G1 X-4.761 Y24.387 E.00839
G1 X-4.912 Y24.559 E.00615
G1 X-5.113 Y24.739 E.00726
G1 X-5.369 Y24.917 E.00839
G1 X-5.534 Y25.005 E.00503
G1 X-6.004 Y25.173 E.01341
G1 X-6.5 Y25.233 E.01343
G1 X-6.996 Y25.173 E.01343
G1 X-7.466 Y25.005 E.01341
G1 X-7.631 Y24.917 E.00503
G1 X-7.887 Y24.739 E.00839
G1 X-8.088 Y24.559 E.00726
G1 X-8.239 Y24.387 E.00615
G1 X-8.417 Y24.131 E.00839
G1 X-8.505 Y23.966 E.00503
G1 X-8.658 Y23.557 E.01174
;WIDTH:0.380939
G1 X-8.731 Y23.021 E.01488
G1 X-8.716 Y22.698 E.00893
;WIDTH:0.430898
G1 X-8.699 Y22.438 E.00822
;WIDTH:0.455012
G1 X-8.618 Y21.827 E.02069
G1 X-8.901 Y19 F30000
;WIDTH:0.84584
G1 F9000
G1 X-40.099 Y19 E2.04116
G1 X-41.023 Y19.523 F30000
SET_VELOCITY_LIMIT ACCEL=7000
;TYPE:Internal solid infill
;WIDTH:0.718968
G1 F9000
G1 X-41.563 Y19.504 E.02973
;WIDTH:0.682983
G1 X-41.993 Y19.487 E.02246
;WIDTH:0.652981
G1 X-42.423 Y19.47 E.02141
G1 X-43.269 Y19.493 E.04206
;WIDTH:0.692714
G1 X-43.623 Y19.508 E.01876
;WIDTH:0.734976
G1 X-43.977 Y19.523 E.01998
G1 X-43.977 Y20.394 E.0491
G1 X-43.496 Y20.192 E.0294
;WIDTH:0.722932
G1 X-43.362 Y20.158 E.00767
;WIDTH:0.692714
G1 X-43.227 Y20.125 E.00733
;WIDTH:0.654927
G1 X-42.538 Y20.057 E.03453
G1 X-41.773 Y20.125 E.03835
;WIDTH:0.692715
G1 X-41.638 Y20.158 E.00733
;WIDTH:0.735182
G1 X-41.504 Y20.192 E.00781
G1 X-41.042 Y20.383 E.02822
G1 X-41.023 Y19.559 E.0465
SET_VELOCITY_LIMIT ACCEL=10000
G1 X-40.382 Y21.827 F30000
;TYPE:Gap infill
;WIDTH:0.437809
G1 F9000
G1 X-40.301 Y22.438 E.01982
G1 X-40.284 Y22.698 E.00836
;WIDTH:0.396895
G1 X-40.267 Y22.957 E.0075
;WIDTH:0.372842
G1 X-40.327 Y23.496 E.01458
G1 X-40.354 Y23.597 E.0028
G1 X-40.495 Y23.966 E.01062
G1 X-40.583 Y24.131 E.00503
G1 X-40.761 Y24.387 E.00839
G1 X-40.941 Y24.588 E.00726
G1 X-41.113 Y24.739 E.00615
G1 X-41.369 Y24.917 E.00839
G1 X-41.534 Y25.005 E.00503
G1 X-42.004 Y25.173 E.01341
G1 X-42.5 Y25.233 E.01343
G1 X-42.996 Y25.173 E.01343
G1 X-43.466 Y25.005 E.01341
G1 X-43.631 Y24.917 E.00503
G1 X-43.887 Y24.739 E.00839
G1 X-44.088 Y24.559 E.00726
G1 X-44.239 Y24.387 E.00615
G1 X-44.417 Y24.131 E.00839
G1 X-44.505 Y23.966 E.00503
G1 X-44.658 Y23.557 E.01175
;WIDTH:0.380939
G1 X-44.731 Y23.021 E.01488
G1 X-44.716 Y22.698 E.00893
;WIDTH:0.4309
G1 X-44.699 Y22.438 E.00822
;WIDTH:0.455012
G1 X-44.692 Y22.384 E.00182
;WIDTH:0.480834
G1 X-44.656 Y22.203 E.00661
;WIDTH:0.518258
G1 X-44.62 Y22.021 E.00718
;WIDTH:0.555681
G1 X-44.583 Y21.839 E.00774
G1 X-44.901 Y19 F30000
;WIDTH:0.84584
G1 F9000
G1 X-54.901 Y19 E.65428
G1 E-1.2 F2100
;WIPE_START
G1 F9000
G1 X-52.901 Y19
;WIPE_END
G1 X-47.262 Y13.857 Z2.8 F30000
G1 X-8.378 Y-21.604 Z2.8
G1 Z2.4
G1 E1.2 F2100
SET_VELOCITY_LIMIT ACCEL=5000
;TYPE:Inner wall
;WIDTH:0.62
G1 F9000
G1 X-8.294 Y-21.495 E.00649
G1 X-8.169 Y-21.331 E.00969
G1 X-7.68 Y-20.956 E.02897
G1 X-7.111 Y-20.721 E.02897
G1 X-6.5 Y-20.64 E.02897
G1 X-5.889 Y-20.721 E.02897
G1 X-5.32 Y-20.956 E.02897
G1 X-4.831 Y-21.331 E.02897
G1 X-4.622 Y-21.604 E.01617
G1 X-4.387 Y-21.525 E.01167
G1 X-4.387 Y-18.887 E.12403
G1 X-8.613 Y-18.887 E.19872
G1 X-8.613 Y-21.525 E.12403
G1 X-8.412 Y-21.593 E.00997
SET_VELOCITY_LIMIT ACCEL=10000
G1 E-1.2 F2100
;WIPE_START
G1 F9000
G1 X-8.294 Y-21.495
G1 X-8.169 Y-21.331
G1 X-7.68 Y-20.956
G1 X-7.111 Y-20.721
G1 X-6.706 Y-20.667
;WIPE_END
G1 X-7.757 Y-24.257 Z2.8 F30000
G1 Z2.4
G1 E1.2 F2100
SET_VELOCITY_LIMIT ACCEL=5000
;TYPE:Outer wall
G1 F7200
G1 X-7.389 Y-24.54 E.0218
G1 X-6.96 Y-24.717 E.02182
G1 X-6.831 Y-24.734 E.00612
G1 X-6.5 Y-24.778 E.01571
G1 X-6.04 Y-24.717 E.02182
G1 X-5.611 Y-24.54 E.02182
G1 X-5.243 Y-24.257 E.02182
G1 X-4.96 Y-23.889 E.02182
G1 X-4.783 Y-23.46 E.02182
G1 X-4.722 Y-23 E.02182
G1 X-4.783 Y-22.54 E.02182
G1 X-4.96 Y-22.111 E.02182
G1 X-5.243 Y-21.743 E.02182
G1 X-5.611 Y-21.46 E.02182
G1 X-6.04 Y-21.283 E.02182
G1 X-6.5 Y-21.222 E.02182
G1 X-6.96 Y-21.283 E.02182
G1 X-7.389 Y-21.46 E.02182
G1 X-7.757 Y-21.743 E.02182
G1 X-7.836 Y-21.846 E.00612
G1 X-8.04 Y-22.111 E.01571
G1 X-8.217 Y-22.54 E.02182
G1 X-8.278 Y-23 E.02182
G1 X-8.217 Y-23.46 E.02182
G1 X-8.04 Y-23.889 E.02182
G1 X-7.779 Y-24.229 E.02015
SET_VELOCITY_LIMIT ACCEL=10000
G1 E-1.2 F2100
;WIPE_START
G1 F7200
G1 X-7.389 Y-24.54
G1 X-6.96 Y-24.717
G1 X-6.831 Y-24.734
G1 X-6.5 Y-24.778
G1 X-6.04 Y-24.717
G1 X-5.939 Y-24.675
;WIPE_END
G1 X-13.559 Y-24.25 Z2.8 F30000
G1 X-44.217 Y-22.539 Z2.8
G1 Z2.4
G1 E1.2 F2100
SET_VELOCITY_LIMIT ACCEL=5000
G1 F7200
G1 X-44.217 Y-22.54 E.00004
G1 X-44.278 Y-23 E.02182
G1 X-44.217 Y-23.46 E.02182
G1 X-44.04 Y-23.889 E.02182
G1 X-43.757 Y-24.257 E.02182
G1 X-43.389 Y-24.54 E.02182
G1 X-42.96 Y-24.717 E.02182
G1 X-42.831 Y-24.734 E.00612
G1 X-42.5 Y-24.778 E.01571
G1 X-42.04 Y-24.717 E.02182
G1 X-41.611 Y-24.54 E.02182
G1 X-41.243 Y-24.257 E.02182
G1 X-40.96 Y-23.889 E.02182
G1 X-40.783 Y-23.46 E.02182
G1 X-40.722 Y-23 E.02182
G1 X-40.783 Y-22.54 E.02182
G1 X-40.96 Y-22.111 E.02182
G1 X-41.243 Y-21.743 E.02182
G1 X-41.611 Y-21.46 E.02182
G1 X-42.04 Y-21.283 E.02182
G1 X-42.5 Y-21.222 E.02182
G1 X-42.96 Y-21.283 E.02182
G1 X-43.389 Y-21.46 E.02182
G1 X-43.757 Y-21.743 E.02182
G1 X-44.04 Y-22.111 E.02182
G1 X-44.203 Y-22.506 E.02009
SET_VELOCITY_LIMIT ACCEL=10000
G1 X-44.378 Y-21.604 F30000
SET_VELOCITY_LIMIT ACCEL=5000
;TYPE:Inner wall
G1 F9000
G1 X-44.294 Y-21.495 E.00649
G1 X-44.169 Y-21.331 E.00969
G1 X-43.68 Y-20.956 E.02897
G1 X-43.111 Y-20.721 E.02897
G1 X-42.5 Y-20.64 E.02897
G1 X-41.889 Y-20.721 E.02897
G1 X-41.32 Y-20.956 E.02897
G1 X-40.831 Y-21.331 E.02897
G1 X-40.622 Y-21.604 E.01617
G1 X-40.387 Y-21.525 E.01167
G1 X-40.387 Y-18.887 E.12403
G1 X-44.613 Y-18.887 E.19872
G1 X-44.613 Y-21.525 E.12403
G1 X-44.412 Y-21.593 E.00997
SET_VELOCITY_LIMIT ACCEL=10000
G1 E-1.2 F2100
;WIPE_START
G1 F9000
G1 X-44.294 Y-21.495
G1 X-44.169 Y-21.331
G1 X-43.68 Y-20.956
G1 X-43.111 Y-20.721
G1 X-42.706 Y-20.667
;WIPE_END
G1 X-35.075 Y-20.481 Z2.8 F30000
G1 X53.81 Y-18.31 Z2.8
G1 Z2.4
G1 E1.2 F2100
SET_VELOCITY_LIMIT ACCEL=5000
;TYPE:Outer wall
G1 F7200
G1 X-55.19 Y-18.31 E5.12569
G1 X-55.19 Y-19.69 E.06489
G1 X-45.19 Y-19.69 E.47025
G1 X-45.19 Y-22.983 E.15483
G1 X-45.121 Y-23.598 E.02913
G1 X-44.922 Y-24.166 E.02831
G1 X-44.602 Y-24.676 E.02831
G1 X-44.176 Y-25.102 E.02831
G1 X-43.666 Y-25.422 E.02831
G1 X-43.098 Y-25.621 E.02831
G1 X-42.5 Y-25.688 E.02831
G1 X-41.902 Y-25.621 E.02831
G1 X-41.334 Y-25.422 E.02831
G1 X-40.824 Y-25.102 E.02831
G1 X-40.398 Y-24.676 E.02831
G1 X-40.078 Y-24.166 E.02831
G1 X-39.879 Y-23.598 E.02831
G1 X-39.81 Y-22.983 E.02913
G1 X-39.81 Y-19.69 E.15483
G1 X-9.19 Y-19.69 E1.4399
G1 X-9.19 Y-22.983 E.15483
G1 X-9.121 Y-23.598 E.02913
G1 X-8.922 Y-24.166 E.02831
G1 X-8.602 Y-24.676 E.02831
G1 X-8.176 Y-25.102 E.02831
G1 X-7.666 Y-25.422 E.02831
G1 X-7.098 Y-25.621 E.02831
G1 X-6.5 Y-25.688 E.02831
G1 X-6.023 Y-25.634 E.02258
G1 X-5.902 Y-25.621 E.00573
G1 X-5.334 Y-25.422 E.02831
G1 X-4.824 Y-25.102 E.02831
G1 X-4.398 Y-24.676 E.02831
G1 X-4.078 Y-24.166 E.02831
G1 X-3.879 Y-23.598 E.02831
G1 X-3.81 Y-22.983 E.02913
G1 X-3.81 Y-19.69 E.15483
G1 X55.19 Y-19.69 E2.77446
G1 X55.19 Y-7.81 E.55865
G1 X53.81 Y-7.81 E.06489
G1 X53.81 Y-18.274 E.49207
SET_VELOCITY_LIMIT ACCEL=10000
G1 X54.5 Y-18.599 F30000
;TYPE:Gap infill
;WIDTH:0.845841
G1 F9000
G1 X54.5 Y-8.099 E.68699
G1 X54.5 Y-18.599 F30000
;WIDTH:0.868802
G1 F9000
G1 X54.477 Y-18.709 E.00762
;WIDTH:0.914721
G1 F8602.881
G1 X54.454 Y-18.82 E.00804
;WIDTH:0.960641
G1 F8172.424
G1 X54.431 Y-18.931 E.00847
;WIDTH:0.960641
G1 X54.32 Y-18.954 E.00847
;WIDTH:0.914721
G1 F8602.885
G1 X54.209 Y-18.977 E.00804
;WIDTH:0.845931
G1 F9000
G1 X54.099 Y-19 E.00741
G1 X-4.099 Y-19 E3.80814
G1 X-5.023 Y-19.523 F30000
SET_VELOCITY_LIMIT ACCEL=7000
;TYPE:Internal solid infill
;WIDTH:0.738042
G1 F9000
G1 X-5.023 Y-20.394 E.04932
G1 X-5.504 Y-20.192 E.02953
;WIDTH:0.722933
G1 X-5.638 Y-20.158 E.00767
;WIDTH:0.692715
G1 X-5.773 Y-20.125 E.00733
;WIDTH:0.654927
G1 X-6.462 Y-20.057 E.03453
G1 X-7.227 Y-20.125 E.03835
;WIDTH:0.692714
G1 X-7.362 Y-20.158 E.00733
;WIDTH:0.731967
G1 X-7.496 Y-20.192 E.00778
G1 X-7.958 Y-20.383 E.02809
G1 X-7.977 Y-19.523 E.0483
G1 X-7.437 Y-19.504 E.0303
;WIDTH:0.682984
G1 X-7.007 Y-19.487 E.02246
;WIDTH:0.652982
G1 X-6.577 Y-19.47 E.02141
G1 X-5.731 Y-19.493 E.04206
;WIDTH:0.692715
G1 X-5.395 Y-19.507 E.01781
;WIDTH:0.707824
G1 X-5.059 Y-19.522 E.01822
SET_VELOCITY_LIMIT ACCEL=10000
G1 X-4.382 Y-21.827 F30000
;TYPE:Gap infill
;WIDTH:0.455009
G1 F9000
G1 X-4.301 Y-22.438 E.02069
;WIDTH:0.430896
G1 X-4.284 Y-22.698 E.00822
;WIDTH:0.380939
G1 X-4.269 Y-23.021 E.00893
G1 X-4.342 Y-23.557 E.01488
;WIDTH:0.372842
G1 X-4.495 Y-23.966 E.01175
G1 X-4.583 Y-24.131 E.00503
G1 X-4.761 Y-24.387 E.00839
G1 X-4.912 Y-24.559 E.00615
G1 X-5.113 Y-24.739 E.00726
G1 X-5.369 Y-24.917 E.00839
G1 X-5.534 Y-25.005 E.00503
G1 X-6.004 Y-25.173 E.01341
G1 X-6.5 Y-25.233 E.01343
G1 X-6.996 Y-25.173 E.01343
G1 X-7.466 Y-25.005 E.01341
G1 X-7.631 Y-24.917 E.00503
G1 X-7.887 Y-24.739 E.00839
G1 X-8.059 Y-24.588 E.00615
G1 X-8.239 Y-24.387 E.00726
G1 X-8.417 Y-24.131 E.00839
G1 X-8.505 Y-23.966 E.00503
G1 X-8.646 Y-23.597 E.01062
G1 X-8.673 Y-23.496 E.0028
G1 X-8.733 Y-22.957 E.01458
;WIDTH:0.396896
G1 X-8.716 Y-22.698 E.0075
;WIDTH:0.437809
G1 X-8.699 Y-22.438 E.00836
G1 X-8.618 Y-21.827 E.01982
G1 X-8.901 Y-19 F30000
;WIDTH:0.845842
G1 F9000
G1 X-40.099 Y-19 E2.04116
G1 X-41.023 Y-19.523 F30000
SET_VELOCITY_LIMIT ACCEL=7000
;TYPE:Internal solid infill
;WIDTH:0.738042
G1 F9000
G1 X-41.023 Y-20.394 E.04932
G1 X-41.504 Y-20.192 E.02953
;WIDTH:0.722933
G1 X-41.638 Y-20.158 E.00767
;WIDTH:0.692715
G1 X-41.773 Y-20.125 E.00733
;WIDTH:0.654927
G1 X-42.462 Y-20.057 E.03453
G1 X-43.227 Y-20.125 E.03835
;WIDTH:0.692714
G1 X-43.362 Y-20.158 E.00733
;WIDTH:0.731966
G1 X-43.496 Y-20.192 E.00778
G1 X-43.958 Y-20.383 E.02809
G1 X-43.977 Y-19.523 E.0483
G1 X-43.437 Y-19.504 E.0303
;WIDTH:0.682984
G1 X-43.007 Y-19.487 E.02246
;WIDTH:0.652982
G1 X-42.577 Y-19.47 E.02141
G1 X-41.731 Y-19.493 E.04206
;WIDTH:0.692715
G1 X-41.395 Y-19.507 E.01781
;WIDTH:0.707824
G1 X-41.059 Y-19.522 E.01822
SET_VELOCITY_LIMIT ACCEL=10000
G1 X-40.382 Y-21.827 F30000
;TYPE:Gap infill
;WIDTH:0.45501
G1 F9000
G1 X-40.301 Y-22.438 E.02069
;WIDTH:0.430898
G1 X-40.284 Y-22.698 E.00822
;WIDTH:0.380939
G1 X-40.269 Y-23.021 E.00893
G1 X-40.342 Y-23.557 E.01488
;WIDTH:0.372841
G1 X-40.495 Y-23.966 E.01175
G1 X-40.583 Y-24.131 E.00503
G1 X-40.761 Y-24.387 E.00839
G1 X-40.912 Y-24.559 E.00615
G1 X-41.113 Y-24.739 E.00726
G1 X-41.369 Y-24.917 E.00839
G1 X-41.534 Y-25.005 E.00503
G1 X-42.004 Y-25.173 E.01341
G1 X-42.5 Y-25.233 E.01343
G1 X-42.996 Y-25.173 E.01343
G1 X-43.466 Y-25.005 E.01341
G1 X-43.631 Y-24.917 E.00503
G1 X-43.887 Y-24.739 E.00839
G1 X-44.088 Y-24.559 E.00726
G1 X-44.239 Y-24.387 E.00615
G1 X-44.417 Y-24.131 E.00839
G1 X-44.505 Y-23.966 E.00503
G1 X-44.646 Y-23.597 E.01062
G1 X-44.673 Y-23.496 E.0028
G1 X-44.733 Y-22.957 E.01458
;WIDTH:0.396896
G1 X-44.716 Y-22.698 E.0075
;WIDTH:0.435062
G1 X-44.692 Y-22.384 E.01004
;WIDTH:0.480834
G1 X-44.656 Y-22.203 E.00661
;WIDTH:0.518258
G1 X-44.62 Y-22.021 E.00718
;WIDTH:0.53697
G1 X-44.583 Y-21.839 E.00746
G1 X-44.901 Y-19 F30000
;WIDTH:0.845842
G1 F9000
G1 X-54.901 Y-19 E.65428
;LAYER_CHANGE
;Z:2.6
;HEIGHT:0.2
;BEFORE_LAYER_CHANGE
;2.6
G1 E-1.2 F2100
;WIPE_START
G1 F9000
G1 X-52.901 Y-19
;WIPE_END
;AFTER_LAYER_CHANGE
;2.6
;_SET_FAN_SPEED_CHANGING_LAYER
G17
G3 Z3 I-.814 J.905 P1  F30000
G1 X-8.095 Y21.275 Z3
G1 Z2.6
G1 E1.2 F2100
SET_VELOCITY_LIMIT ACCEL=5000
;TYPE:Inner wall
;WIDTH:0.62
G1 F9000
G1 X-8.169 Y21.331 E.00436
G1 X-8.378 Y21.604 E.01617
G1 X-8.613 Y21.525 E.01167
G1 X-8.613 Y18.887 E.12403
G1 X-4.387 Y18.887 E.19872
G1 X-4.387 Y21.525 E.12403
G1 X-4.622 Y21.604 E.01167
G1 X-4.831 Y21.331 E.01617
G1 X-5.32 Y20.956 E.02897
G1 X-5.889 Y20.721 E.02897
G1 X-6.5 Y20.64 E.02897
G1 X-7.111 Y20.721 E.02897
G1 X-7.68 Y20.956 E.02897
G1 X-8.066 Y21.253 E.02291
SET_VELOCITY_LIMIT ACCEL=10000
G1 X-7.744 Y21.733 F30000
SET_VELOCITY_LIMIT ACCEL=5000
;TYPE:Outer wall
G1 F7200
G1 X-7.389 Y21.46 E.02103
G1 X-6.96 Y21.283 E.02182
G1 X-6.856 Y21.269 E.00492
G1 X-6.5 Y21.222 E.01691
G1 X-6.04 Y21.283 E.02182
G1 X-5.611 Y21.46 E.02182
G1 X-5.243 Y21.743 E.02182
G1 X-4.96 Y22.111 E.02182
G1 X-4.783 Y22.54 E.02182
G1 X-4.722 Y23 E.02182
G1 X-4.783 Y23.46 E.02182
G1 X-4.96 Y23.889 E.02182
G1 X-5.243 Y24.257 E.02182
G1 X-5.611 Y24.54 E.02182
G1 X-6.04 Y24.717 E.02182
G1 X-6.5 Y24.778 E.02182
G1 X-6.96 Y24.717 E.02182
G1 X-7.389 Y24.54 E.02182
G1 X-7.757 Y24.257 E.02182
G1 X-8.04 Y23.889 E.02182
G1 X-8.217 Y23.46 E.02182
G1 X-8.278 Y23 E.02182
G1 X-8.217 Y22.54 E.02182
G1 X-8.04 Y22.111 E.02182
G1 X-7.769 Y21.758 E.02092
SET_VELOCITY_LIMIT ACCEL=10000
G1 E-1.2 F2100
;WIPE_START
G1 F7200
G1 X-7.389 Y21.46
G1 X-6.96 Y21.283
G1 X-6.856 Y21.269
G1 X-6.5 Y21.222
G1 X-6.04 Y21.283
G1 X-5.924 Y21.331
;WIPE_END
G1 X-13.556 Y21.391 Z3 F30000
G1 X-40.622 Y21.604 Z3
G1 Z2.6
G1 E1.2 F2100
SET_VELOCITY_LIMIT ACCEL=5000
;TYPE:Inner wall
G1 F9000
G1 X-40.831 Y21.331 E.01617
G1 X-41.32 Y20.956 E.02897
G1 X-41.889 Y20.721 E.02897
G1 X-42.5 Y20.64 E.02897
G1 X-43.111 Y20.721 E.02897
G1 X-43.68 Y20.956 E.02897
G1 X-44.169 Y21.331 E.02897
G1 X-44.378 Y21.604 E.01617
G1 X-44.613 Y21.525 E.01167
G1 X-44.613 Y18.887 E.12403
G1 X-40.387 Y18.887 E.19872
G1 X-40.387 Y21.525 E.12403
G1 X-40.588 Y21.593 E.00997
SET_VELOCITY_LIMIT ACCEL=10000
G1 X-40.961 Y22.11 F30000
SET_VELOCITY_LIMIT ACCEL=5000
;TYPE:Outer wall
G1 F7200
G1 X-40.96 Y22.111 E.00005
G1 X-40.783 Y22.54 E.02182
G1 X-40.722 Y23 E.02182
G1 X-40.783 Y23.46 E.02182
G1 X-40.96 Y23.889 E.02182
G1 X-41.243 Y24.257 E.02182
G1 X-41.611 Y24.54 E.02182
G1 X-42.04 Y24.717 E.02182
G1 X-42.5 Y24.778 E.02182
G1 X-42.96 Y24.717 E.02182
G1 X-43.389 Y24.54 E.02182
G1 X-43.757 Y24.257 E.02182
G1 X-44.04 Y23.889 E.02182
G1 X-44.217 Y23.46 E.02182
G1 X-44.278 Y23 E.02182
G1 X-44.217 Y22.54 E.02182
G1 X-44.04 Y22.111 E.02182
G1 X-43.757 Y21.743 E.02182
G1 X-43.389 Y21.46 E.02182
G1 X-42.96 Y21.283 E.02182
G1 X-42.856 Y21.269 E.00492
G1 X-42.5 Y21.222 E.01691
G1 X-42.04 Y21.283 E.02182
G1 X-41.611 Y21.46 E.02182
G1 X-41.243 Y21.743 E.02182
G1 X-40.983 Y22.082 E.02008
SET_VELOCITY_LIMIT ACCEL=10000
G1 E-1.2 F2100
;WIPE_START
G1 F7200
G1 X-40.96 Y22.111
G1 X-40.783 Y22.54
G1 X-40.722 Y23
G1 X-40.783 Y23.46
G1 X-40.96 Y23.889
G1 X-41.025 Y23.973
;WIPE_END
G1 X-33.407 Y23.518 Z3 F30000
G1 X53.81 Y18.31 Z3
G1 Z2.6
G1 E1.2 F2100
SET_VELOCITY_LIMIT ACCEL=5000
G1 F7200
G1 X53.81 Y7.81 E.49376
G1 X55.19 Y7.81 E.06489
G1 X55.19 Y19.69 E.55865
G1 X-3.81 Y19.69 E2.77446
G1 X-3.81 Y22.983 E.15483
G1 X-3.879 Y23.598 E.02913
M73 P56 R10
G1 X-4.078 Y24.166 E.02831
G1 X-4.398 Y24.676 E.02831
G1 X-4.824 Y25.102 E.02831
G1 X-5.268 Y25.381 E.02468
G1 X-5.334 Y25.422 E.00362
G1 X-5.902 Y25.621 E.02831
G1 X-6.5 Y25.688 E.02831
G1 X-7.098 Y25.621 E.02831
G1 X-7.666 Y25.422 E.02831
G1 X-8.176 Y25.102 E.02831
G1 X-8.602 Y24.676 E.02831
G1 X-8.922 Y24.166 E.02831
G1 X-9.121 Y23.598 E.02831
G1 X-9.19 Y22.983 E.02913
G1 X-9.19 Y19.69 E.15483
G1 X-39.81 Y19.69 E1.4399
G1 X-39.81 Y22.983 E.15483
G1 X-39.879 Y23.598 E.02913
G1 X-40.078 Y24.166 E.02831
G1 X-40.398 Y24.676 E.02831
G1 X-40.824 Y25.102 E.02831
G1 X-41.334 Y25.422 E.02831
G1 X-41.902 Y25.621 E.02831
G1 X-42.5 Y25.688 E.02831
G1 X-43.098 Y25.621 E.02831
G1 X-43.666 Y25.422 E.02831
G1 X-44.176 Y25.102 E.02831
G1 X-44.602 Y24.676 E.02831
G1 X-44.922 Y24.166 E.02831
G1 X-45.121 Y23.598 E.02831
G1 X-45.19 Y22.983 E.02913
G1 X-45.19 Y19.69 E.15483
G1 X-55.19 Y19.69 E.47025
G1 X-55.19 Y18.31 E.06489
G1 X53.774 Y18.31 E5.124
SET_VELOCITY_LIMIT ACCEL=10000
G1 X54.5 Y18.599 F30000
;TYPE:Gap infill
;WIDTH:0.868801
G1 F9000
G1 X54.477 Y18.709 E.00762
;WIDTH:0.914721
G1 F8602.885
G1 X54.454 Y18.82 E.00804
;WIDTH:0.960641
G1 F8172.419
G1 X54.431 Y18.931 E.00847
;WIDTH:0.960641
G1 X54.32 Y18.954 E.00847
;WIDTH:0.914721
G1 F8602.881
G1 X54.209 Y18.977 E.00804
;WIDTH:0.84593
G1 F9000
G1 X54.099 Y19 E.00741
G1 X-4.099 Y19 E3.80813
G1 X-5.023 Y19.523 F30000
SET_VELOCITY_LIMIT ACCEL=7000
;TYPE:Internal solid infill
;WIDTH:0.718969
G1 F9000
G1 X-5.563 Y19.504 E.02973
;WIDTH:0.682984
G1 X-5.993 Y19.487 E.02246
;WIDTH:0.652982
G1 X-6.423 Y19.47 E.02141
G1 X-7.269 Y19.493 E.04206
;WIDTH:0.692715
G1 X-7.623 Y19.508 E.01876
;WIDTH:0.734977
G1 X-7.977 Y19.523 E.01998
G1 X-7.977 Y20.394 E.0491
G1 X-7.496 Y20.192 E.0294
;WIDTH:0.722933
G1 X-7.362 Y20.158 E.00767
;WIDTH:0.692715
G1 X-7.227 Y20.125 E.00733
;WIDTH:0.654928
G1 X-6.538 Y20.057 E.03453
G1 X-5.773 Y20.125 E.03835
;WIDTH:0.692715
G1 X-5.638 Y20.158 E.00733
;WIDTH:0.735182
G1 X-5.504 Y20.192 E.00781
G1 X-5.042 Y20.383 E.02822
G1 X-5.023 Y19.559 E.0465
SET_VELOCITY_LIMIT ACCEL=10000
G1 X-4.382 Y21.827 F30000
;TYPE:Gap infill
;WIDTH:0.437807
G1 F9000
G1 X-4.301 Y22.438 E.01982
G1 X-4.284 Y22.698 E.00836
;WIDTH:0.396894
G1 X-4.267 Y22.957 E.0075
;WIDTH:0.372842
G1 X-4.327 Y23.496 E.01458
G1 X-4.354 Y23.597 E.0028
G1 X-4.495 Y23.966 E.01062
G1 X-4.583 Y24.131 E.00503
G1 X-4.761 Y24.387 E.00839
G1 X-4.941 Y24.588 E.00726
G1 X-5.113 Y24.739 E.00615
G1 X-5.369 Y24.917 E.00839
G1 X-5.534 Y25.005 E.00503
G1 X-6.004 Y25.173 E.01341
G1 X-6.5 Y25.233 E.01343
G1 X-6.996 Y25.173 E.01343
G1 X-7.466 Y25.005 E.01341
G1 X-7.631 Y24.917 E.00503
G1 X-7.887 Y24.739 E.00839
G1 X-8.059 Y24.588 E.00615
G1 X-8.239 Y24.387 E.00726
G1 X-8.417 Y24.131 E.00839
G1 X-8.505 Y23.966 E.00503
G1 X-8.658 Y23.557 E.01174
;WIDTH:0.380939
G1 X-8.731 Y23.021 E.01488
G1 X-8.716 Y22.698 E.00893
;WIDTH:0.430898
G1 X-8.699 Y22.438 E.00822
;WIDTH:0.455012
G1 X-8.618 Y21.827 E.02069
G1 X-8.901 Y19 F30000
;WIDTH:0.84584
G1 F9000
G1 X-40.099 Y19 E2.04116
G1 X-41.023 Y19.523 F30000
SET_VELOCITY_LIMIT ACCEL=7000
;TYPE:Internal solid infill
;WIDTH:0.718968
G1 F9000
G1 X-41.563 Y19.504 E.02973
;WIDTH:0.682983
G1 X-41.993 Y19.487 E.02246
;WIDTH:0.652981
G1 X-42.423 Y19.47 E.02141
G1 X-43.269 Y19.493 E.04206
;WIDTH:0.692714
G1 X-43.623 Y19.508 E.01876
;WIDTH:0.734977
G1 X-43.977 Y19.523 E.01998
G1 X-43.977 Y20.394 E.0491
G1 X-43.496 Y20.192 E.0294
;WIDTH:0.722933
G1 X-43.362 Y20.158 E.00767
;WIDTH:0.692714
G1 X-43.227 Y20.125 E.00733
;WIDTH:0.654927
G1 X-42.538 Y20.057 E.03453
G1 X-41.773 Y20.125 E.03835
;WIDTH:0.692715
G1 X-41.638 Y20.158 E.00733
;WIDTH:0.735182
G1 X-41.504 Y20.192 E.00781
G1 X-41.042 Y20.383 E.02822
G1 X-41.023 Y19.559 E.0465
SET_VELOCITY_LIMIT ACCEL=10000
G1 X-40.382 Y21.827 F30000
;TYPE:Gap infill
;WIDTH:0.437808
G1 F9000
G1 X-40.301 Y22.438 E.01982
G1 X-40.284 Y22.698 E.00836
;WIDTH:0.396894
G1 X-40.267 Y22.957 E.0075
;WIDTH:0.372842
G1 X-40.327 Y23.496 E.01458
G1 X-40.354 Y23.597 E.0028
G1 X-40.495 Y23.966 E.01062
G1 X-40.583 Y24.131 E.00503
G1 X-40.761 Y24.387 E.00839
G1 X-40.912 Y24.559 E.00615
G1 X-41.113 Y24.739 E.00726
G1 X-41.369 Y24.917 E.00839
G1 X-41.534 Y25.005 E.00503
G1 X-42.004 Y25.173 E.01341
G1 X-42.5 Y25.233 E.01343
G1 X-42.996 Y25.173 E.01343
G1 X-43.466 Y25.005 E.01341
G1 X-43.631 Y24.917 E.00503
G1 X-43.887 Y24.739 E.00839
G1 X-44.059 Y24.588 E.00615
G1 X-44.239 Y24.387 E.00726
G1 X-44.417 Y24.131 E.00839
G1 X-44.505 Y23.966 E.00503
G1 X-44.658 Y23.557 E.01175
;WIDTH:0.380939
G1 X-44.731 Y23.021 E.01488
G1 X-44.716 Y22.698 E.00893
;WIDTH:0.4309
G1 X-44.699 Y22.438 E.00822
;WIDTH:0.455012
G1 X-44.618 Y21.827 E.02069
G1 X-44.901 Y19 F30000
;WIDTH:0.84584
G1 F9000
G1 X-54.901 Y19 E.65428
G1 X54.5 Y18.599 F30000
;WIDTH:0.845841
G1 F9000
G1 X54.5 Y8.099 E.68699
G1 E-1.2 F2100
;WIPE_START
G1 F9000
G1 X54.5 Y10.099
;WIPE_END
G1 X47.685 Y6.662 Z3 F30000
G1 X-8.378 Y-21.604 Z3
G1 Z2.6
G1 E1.2 F2100
SET_VELOCITY_LIMIT ACCEL=5000
;TYPE:Inner wall
;WIDTH:0.62
G1 F9000
G1 X-8.169 Y-21.331 E.01617
G1 X-7.68 Y-20.956 E.02897
G1 X-7.111 Y-20.721 E.02897
G1 X-6.5 Y-20.64 E.02897
G1 X-5.889 Y-20.721 E.02897
G1 X-5.32 Y-20.956 E.02897
G1 X-4.831 Y-21.331 E.02897
G1 X-4.622 Y-21.604 E.01617
G1 X-4.387 Y-21.525 E.01167
G1 X-4.387 Y-18.887 E.12403
G1 X-8.613 Y-18.887 E.19872
G1 X-8.613 Y-21.525 E.12403
G1 X-8.412 Y-21.593 E.00997
SET_VELOCITY_LIMIT ACCEL=10000
G1 E-1.2 F2100
;WIPE_START
G1 F9000
G1 X-8.169 Y-21.331
G1 X-7.68 Y-20.956
G1 X-7.111 Y-20.721
G1 X-6.703 Y-20.667
;WIPE_END
G1 X-7.758 Y-24.256 Z3 F30000
G1 Z2.6
G1 E1.2 F2100
SET_VELOCITY_LIMIT ACCEL=5000
;TYPE:Outer wall
G1 F7200
G1 X-7.757 Y-24.257 E.00004
G1 X-7.389 Y-24.54 E.02182
G1 X-6.96 Y-24.717 E.02182
G1 X-6.856 Y-24.731 E.00492
G1 X-6.5 Y-24.778 E.01691
G1 X-6.04 Y-24.717 E.02182
G1 X-5.611 Y-24.54 E.02182
G1 X-5.243 Y-24.257 E.02182
G1 X-4.96 Y-23.889 E.02182
G1 X-4.783 Y-23.46 E.02182
G1 X-4.722 Y-23 E.02182
G1 X-4.783 Y-22.54 E.02182
G1 X-4.96 Y-22.111 E.02182
G1 X-5.243 Y-21.743 E.02182
G1 X-5.611 Y-21.46 E.02182
G1 X-6.04 Y-21.283 E.02182
G1 X-6.5 Y-21.222 E.02182
G1 X-6.96 Y-21.283 E.02182
G1 X-7.389 Y-21.46 E.02182
G1 X-7.757 Y-21.743 E.02182
G1 X-8.04 Y-22.111 E.02182
G1 X-8.217 Y-22.54 E.02182
G1 X-8.278 Y-23 E.02182
G1 X-8.217 Y-23.46 E.02182
G1 X-8.04 Y-23.889 E.02182
G1 X-7.779 Y-24.228 E.02009
SET_VELOCITY_LIMIT ACCEL=10000
G1 E-1.2 F2100
;WIPE_START
G1 F7200
G1 X-7.757 Y-24.257
G1 X-7.389 Y-24.54
G1 X-6.96 Y-24.717
G1 X-6.856 Y-24.731
G1 X-6.5 Y-24.778
G1 X-6.04 Y-24.717
G1 X-5.941 Y-24.676
;WIPE_END
G1 X-13.542 Y-23.981 Z3 F30000
G1 X-40.387 Y-21.525 Z3
G1 Z2.6
G1 E1.2 F2100
SET_VELOCITY_LIMIT ACCEL=5000
;TYPE:Inner wall
G1 F9000
G1 X-40.387 Y-18.887 E.12403
G1 X-44.613 Y-18.887 E.19872
G1 X-44.613 Y-21.525 E.12403
G1 X-44.378 Y-21.604 E.01167
G1 X-44.169 Y-21.331 E.01617
G1 X-43.68 Y-20.956 E.02897
G1 X-43.111 Y-20.721 E.02897
G1 X-42.5 Y-20.64 E.02897
G1 X-41.889 Y-20.721 E.02897
G1 X-41.32 Y-20.956 E.02897
G1 X-40.831 Y-21.331 E.02897
G1 X-40.622 Y-21.604 E.01617
G1 X-40.421 Y-21.536 E.00997
SET_VELOCITY_LIMIT ACCEL=10000
G1 E-1.2 F2100
;WIPE_START
G1 F9000
G1 X-40.395 Y-19.536
;WIPE_END
G1 X-44.217 Y-22.539 Z3 F30000
G1 Z2.6
G1 E1.2 F2100
SET_VELOCITY_LIMIT ACCEL=5000
;TYPE:Outer wall
G1 F7200
G1 X-44.217 Y-22.54 E.00006
G1 X-44.278 Y-23 E.02182
G1 X-44.217 Y-23.46 E.02182
G1 X-44.04 Y-23.889 E.02182
G1 X-43.757 Y-24.257 E.02182
G1 X-43.389 Y-24.54 E.02182
G1 X-42.96 Y-24.717 E.02182
G1 X-42.856 Y-24.731 E.00492
G1 X-42.5 Y-24.778 E.01691
G1 X-42.04 Y-24.717 E.02182
G1 X-41.611 Y-24.54 E.02182
G1 X-41.243 Y-24.257 E.02182
G1 X-40.96 Y-23.889 E.02182
G1 X-40.783 Y-23.46 E.02182
G1 X-40.722 Y-23 E.02182
G1 X-40.783 Y-22.54 E.02182
G1 X-40.96 Y-22.111 E.02182
G1 X-41.243 Y-21.743 E.02182
G1 X-41.611 Y-21.46 E.02182
G1 X-42.04 Y-21.283 E.02182
G1 X-42.5 Y-21.222 E.02182
G1 X-42.96 Y-21.283 E.02182
G1 X-43.389 Y-21.46 E.02182
G1 X-43.757 Y-21.743 E.02182
G1 X-44.04 Y-22.111 E.02182
G1 X-44.203 Y-22.505 E.02007
SET_VELOCITY_LIMIT ACCEL=10000
G1 E-1.2 F2100
;WIPE_START
G1 F7200
G1 X-44.217 Y-22.54
G1 X-44.278 Y-23
G1 X-44.217 Y-23.46
G1 X-44.04 Y-23.889
G1 X-43.757 Y-24.257
G1 X-43.673 Y-24.322
;WIPE_END
G1 X-36.055 Y-23.852 Z3 F30000
G1 X53.81 Y-18.31 Z3
G1 Z2.6
G1 E1.2 F2100
SET_VELOCITY_LIMIT ACCEL=5000
G1 F7200
G1 X-55.19 Y-18.31 E5.12569
G1 X-55.19 Y-19.69 E.06489
G1 X-45.19 Y-19.69 E.47025
G1 X-45.19 Y-22.983 E.15483
G1 X-45.121 Y-23.598 E.02913
G1 X-44.922 Y-24.166 E.02831
G1 X-44.602 Y-24.676 E.02831
G1 X-44.176 Y-25.102 E.02831
G1 X-43.666 Y-25.422 E.02831
G1 X-43.098 Y-25.621 E.02831
G1 X-42.5 Y-25.688 E.02831
G1 X-41.902 Y-25.621 E.02831
G1 X-41.334 Y-25.422 E.02831
G1 X-40.824 Y-25.102 E.02831
G1 X-40.398 Y-24.676 E.02831
G1 X-40.078 Y-24.166 E.02831
G1 X-39.879 Y-23.598 E.02831
G1 X-39.81 Y-22.983 E.02913
G1 X-39.81 Y-19.69 E.15483
G1 X-9.19 Y-19.69 E1.4399
G1 X-9.19 Y-22.983 E.15483
G1 X-9.121 Y-23.598 E.02913
G1 X-8.922 Y-24.166 E.02831
G1 X-8.602 Y-24.676 E.02831
G1 X-8.176 Y-25.102 E.02831
G1 X-7.666 Y-25.422 E.02831
G1 X-7.098 Y-25.621 E.02831
G1 X-6.5 Y-25.688 E.02831
G1 X-5.978 Y-25.629 E.02468
G1 X-5.902 Y-25.621 E.00362
G1 X-5.334 Y-25.422 E.02831
G1 X-4.824 Y-25.102 E.02831
G1 X-4.398 Y-24.676 E.02831
G1 X-4.078 Y-24.166 E.02831
G1 X-3.879 Y-23.598 E.02831
G1 X-3.81 Y-22.983 E.02913
G1 X-3.81 Y-19.69 E.15483
G1 X55.19 Y-19.69 E2.77446
G1 X55.19 Y-7.81 E.55865
G1 X53.81 Y-7.81 E.06489
G1 X53.81 Y-18.274 E.49207
SET_VELOCITY_LIMIT ACCEL=10000
G1 X54.5 Y-18.599 F30000
;TYPE:Gap infill
;WIDTH:0.868802
G1 F9000
G1 X54.477 Y-18.709 E.00762
;WIDTH:0.914721
G1 F8602.881
G1 X54.454 Y-18.82 E.00804
;WIDTH:0.960641
G1 F8172.424
G1 X54.431 Y-18.931 E.00847
;WIDTH:0.960641
G1 X54.32 Y-18.954 E.00847
;WIDTH:0.914721
G1 F8602.885
G1 X54.209 Y-18.977 E.00804
;WIDTH:0.845931
G1 F9000
G1 X54.099 Y-19 E.00741
G1 X-4.099 Y-19 E3.80814
G1 X-5.023 Y-19.523 F30000
SET_VELOCITY_LIMIT ACCEL=7000
;TYPE:Internal solid infill
;WIDTH:0.738042
G1 F9000
G1 X-5.023 Y-20.394 E.04932
G1 X-5.504 Y-20.192 E.02953
;WIDTH:0.722933
G1 X-5.638 Y-20.158 E.00767
;WIDTH:0.692715
G1 X-5.773 Y-20.125 E.00733
;WIDTH:0.654927
G1 X-6.462 Y-20.057 E.03453
G1 X-7.227 Y-20.125 E.03835
;WIDTH:0.692714
G1 X-7.362 Y-20.158 E.00733
;WIDTH:0.731967
G1 X-7.496 Y-20.192 E.00778
G1 X-7.958 Y-20.383 E.02809
G1 X-7.977 Y-19.523 E.0483
G1 X-7.437 Y-19.504 E.0303
;WIDTH:0.682984
G1 X-7.007 Y-19.487 E.02246
;WIDTH:0.652982
G1 X-6.577 Y-19.47 E.02141
G1 X-5.731 Y-19.493 E.04206
;WIDTH:0.692715
G1 X-5.395 Y-19.507 E.01781
;WIDTH:0.707824
G1 X-5.059 Y-19.522 E.01822
SET_VELOCITY_LIMIT ACCEL=10000
G1 X-4.382 Y-21.827 F30000
;TYPE:Gap infill
;WIDTH:0.455009
G1 F9000
G1 X-4.301 Y-22.438 E.02069
;WIDTH:0.430896
G1 X-4.284 Y-22.698 E.00822
;WIDTH:0.380939
G1 X-4.269 Y-23.021 E.00893
G1 X-4.342 Y-23.557 E.01488
;WIDTH:0.372457
G1 X-4.495 Y-23.966 E.01173
G1 X-4.583 Y-24.131 E.00502
G1 X-4.761 Y-24.387 E.00838
G1 X-4.912 Y-24.559 E.00615
G1 X-5.113 Y-24.739 E.00725
G1 X-5.369 Y-24.917 E.00838
G1 X-5.533 Y-25.004 E.00498
G1 X-5.905 Y-25.143 E.01065
G1 X-6.047 Y-25.178 E.00393
G1 X-6.5 Y-25.233 E.01226
G1 X-6.996 Y-25.173 E.01341
G1 X-7.466 Y-25.005 E.01339
G1 X-7.631 Y-24.917 E.00502
G1 X-7.887 Y-24.739 E.00838
G1 X-8.059 Y-24.588 E.00615
G1 X-8.239 Y-24.387 E.00725
G1 X-8.417 Y-24.131 E.00838
G1 X-8.505 Y-23.966 E.00502
G1 X-8.646 Y-23.597 E.01061
G1 X-8.673 Y-23.496 E.0028
G1 X-8.733 Y-22.957 E.01456
;WIDTH:0.396896
G1 X-8.716 Y-22.698 E.0075
;WIDTH:0.437809
G1 X-8.699 Y-22.438 E.00836
G1 X-8.618 Y-21.827 E.01982
G1 X-8.901 Y-19 F30000
;WIDTH:0.845842
G1 F9000
G1 X-40.099 Y-19 E2.04116
G1 X-41.023 Y-19.523 F30000
SET_VELOCITY_LIMIT ACCEL=7000
;TYPE:Internal solid infill
;WIDTH:0.738042
G1 F9000
G1 X-41.023 Y-20.394 E.04932
G1 X-41.504 Y-20.192 E.02953
;WIDTH:0.722933
G1 X-41.638 Y-20.158 E.00767
;WIDTH:0.692715
G1 X-41.773 Y-20.125 E.00733
;WIDTH:0.654927
G1 X-42.462 Y-20.057 E.03453
G1 X-43.227 Y-20.125 E.03835
;WIDTH:0.692714
G1 X-43.362 Y-20.158 E.00733
;WIDTH:0.731966
G1 X-43.496 Y-20.192 E.00778
G1 X-43.958 Y-20.383 E.02809
G1 X-43.977 Y-19.523 E.0483
G1 X-43.437 Y-19.504 E.0303
;WIDTH:0.682984
G1 X-43.007 Y-19.487 E.02246
;WIDTH:0.652982
G1 X-42.577 Y-19.47 E.02141
G1 X-41.731 Y-19.493 E.04206
;WIDTH:0.692715
G1 X-41.395 Y-19.507 E.01781
;WIDTH:0.707824
G1 X-41.059 Y-19.522 E.01822
SET_VELOCITY_LIMIT ACCEL=10000
G1 X-40.382 Y-21.827 F30000
;TYPE:Gap infill
;WIDTH:0.45501
G1 F9000
G1 X-40.301 Y-22.438 E.02069
;WIDTH:0.430898
G1 X-40.284 Y-22.698 E.00822
;WIDTH:0.380939
G1 X-40.269 Y-23.021 E.00893
G1 X-40.342 Y-23.557 E.01488
;WIDTH:0.372842
G1 X-40.495 Y-23.966 E.01175
G1 X-40.583 Y-24.131 E.00503
G1 X-40.761 Y-24.387 E.00839
G1 X-40.912 Y-24.559 E.00615
G1 X-41.113 Y-24.739 E.00726
G1 X-41.369 Y-24.917 E.00839
G1 X-41.534 Y-25.005 E.00503
G1 X-42.004 Y-25.173 E.01341
G1 X-42.5 Y-25.233 E.01343
G1 X-42.996 Y-25.173 E.01343
G1 X-43.466 Y-25.005 E.01341
G1 X-43.631 Y-24.917 E.00503
G1 X-43.887 Y-24.739 E.00839
G1 X-44.059 Y-24.588 E.00615
G1 X-44.239 Y-24.387 E.00726
G1 X-44.417 Y-24.131 E.00839
G1 X-44.505 Y-23.966 E.00503
G1 X-44.646 Y-23.597 E.01062
G1 X-44.673 Y-23.496 E.0028
G1 X-44.733 Y-22.957 E.01458
;WIDTH:0.396896
G1 X-44.716 Y-22.698 E.0075
;WIDTH:0.435062
G1 X-44.692 Y-22.384 E.01004
;WIDTH:0.480833
G1 X-44.656 Y-22.203 E.00661
;WIDTH:0.518257
G1 X-44.62 Y-22.021 E.00718
;WIDTH:0.536969
G1 X-44.583 Y-21.839 E.00746
G1 X-44.901 Y-19 F30000
;WIDTH:0.845842
G1 F9000
G1 X-54.901 Y-19 E.65428
G1 X54.5 Y-18.599 F30000
;WIDTH:0.845841
G1 F9000
G1 X54.5 Y-8.099 E.68699
;LAYER_CHANGE
;Z:2.8
;HEIGHT:0.2
;BEFORE_LAYER_CHANGE
;2.8
G1 E-1.2 F2100
;WIPE_START
G1 F9000
G1 X54.5 Y-10.099
;WIPE_END
;AFTER_LAYER_CHANGE
;2.8
;_SET_FAN_SPEED_CHANGING_LAYER
G17
G3 Z3.2 I-.545 J-1.088 P1  F30000
G1 X-8.103 Y21.281 Z3.2
G1 Z2.8
G1 E1.2 F2100
SET_VELOCITY_LIMIT ACCEL=5000
;TYPE:Inner wall
;WIDTH:0.62
G1 F9000
G1 X-8.169 Y21.331 E.00386
G1 X-8.378 Y21.604 E.01617
G1 X-8.613 Y21.525 E.01167
G1 X-8.613 Y18.887 E.12403
G1 X-4.387 Y18.887 E.19872
G1 X-4.387 Y21.525 E.12403
G1 X-4.622 Y21.604 E.01167
G1 X-4.802 Y21.37 E.01388
G1 X-5.31 Y20.96 E.03071
G1 X-5.889 Y20.721 E.02947
G1 X-6.5 Y20.64 E.02897
G1 X-7.062 Y20.714 E.02667
G1 X-7.671 Y20.95 E.03071
G1 X-8.075 Y21.26 E.02392
SET_VELOCITY_LIMIT ACCEL=10000
G1 X-7.752 Y21.739 F30000
SET_VELOCITY_LIMIT ACCEL=5000
;TYPE:Outer wall
G1 F7200
G1 X-7.386 Y21.458 E.02171
G1 X-6.918 Y21.277 E.02357
G1 X-6.5 Y21.222 E.01985
G1 X-6.04 Y21.283 E.02182
G1 X-5.608 Y21.462 E.022
G1 X-5.217 Y21.776 E.02357
G1 X-4.96 Y22.111 E.01985
G1 X-4.783 Y22.54 E.02182
G1 X-4.722 Y23 E.02182
G1 X-4.783 Y23.46 E.02182
G1 X-4.962 Y23.892 E.022
G1 X-5.276 Y24.283 E.02357
G1 X-5.611 Y24.54 E.01985
G1 X-6.04 Y24.717 E.02182
G1 X-6.5 Y24.778 E.02182
G1 X-6.96 Y24.717 E.02182
G1 X-7.392 Y24.538 E.022
G1 X-7.783 Y24.224 E.02357
G1 X-8.04 Y23.889 E.01985
G1 X-8.217 Y23.46 E.02182
G1 X-8.278 Y23 E.02182
G1 X-8.217 Y22.54 E.02182
G1 X-8.04 Y22.111 E.02182
G1 X-7.775 Y21.767 E.02041
SET_VELOCITY_LIMIT ACCEL=10000
G1 E-1.2 F2100
;WIPE_START
G1 F7200
G1 X-7.386 Y21.458
G1 X-6.918 Y21.277
G1 X-6.5 Y21.222
G1 X-6.04 Y21.283
G1 X-5.933 Y21.327
;WIPE_END
G1 X-13.565 Y21.388 Z3.2 F30000
G1 X-40.622 Y21.604 Z3.2
G1 Z2.8
G1 E1.2 F2100
SET_VELOCITY_LIMIT ACCEL=5000
;TYPE:Inner wall
G1 F9000
G1 X-40.802 Y21.37 E.01388
G1 X-41.31 Y20.96 E.03071
G1 X-41.889 Y20.721 E.02947
G1 X-42.5 Y20.64 E.02897
G1 X-43.062 Y20.714 E.02667
G1 X-43.671 Y20.95 E.03071
G1 X-44.169 Y21.331 E.02947
G1 X-44.378 Y21.604 E.01617
G1 X-44.613 Y21.525 E.01167
G1 X-44.613 Y18.887 E.12403
G1 X-40.387 Y18.887 E.19872
G1 X-40.387 Y21.525 E.12403
G1 X-40.588 Y21.593 E.00997
SET_VELOCITY_LIMIT ACCEL=10000
G1 X-40.961 Y22.11 F30000
SET_VELOCITY_LIMIT ACCEL=5000
;TYPE:Outer wall
G1 F7200
G1 X-40.96 Y22.111 E.00007
G1 X-40.783 Y22.54 E.02182
G1 X-40.722 Y23 E.02182
G1 X-40.783 Y23.46 E.02182
G1 X-40.962 Y23.892 E.022
G1 X-41.276 Y24.283 E.02357
G1 X-41.611 Y24.54 E.01985
G1 X-42.04 Y24.717 E.02182
G1 X-42.5 Y24.778 E.02182
G1 X-42.96 Y24.717 E.02182
G1 X-43.392 Y24.538 E.022
G1 X-43.783 Y24.224 E.02357
G1 X-44.04 Y23.889 E.01985
G1 X-44.217 Y23.46 E.02182
G1 X-44.278 Y23 E.02182
G1 X-44.217 Y22.54 E.02182
G1 X-44.04 Y22.111 E.02182
G1 X-43.757 Y21.743 E.02182
G1 X-43.386 Y21.458 E.022
G1 X-42.918 Y21.277 E.02357
G1 X-42.5 Y21.222 E.01985
G1 X-42.04 Y21.283 E.02182
G1 X-41.608 Y21.462 E.022
G1 X-41.217 Y21.776 E.02357
G1 X-40.983 Y22.081 E.01808
SET_VELOCITY_LIMIT ACCEL=10000
G1 E-1.2 F2100
;WIPE_START
G1 F7200
G1 X-40.96 Y22.111
G1 X-40.783 Y22.54
G1 X-40.722 Y23
G1 X-40.783 Y23.46
G1 X-40.962 Y23.892
G1 X-41.026 Y23.972
;WIPE_END
G1 X-33.407 Y23.517 Z3.2 F30000
G1 X53.81 Y18.31 Z3.2
G1 Z2.8
G1 E1.2 F2100
SET_VELOCITY_LIMIT ACCEL=5000
G1 F7200
G1 X53.81 Y7.81 E.49376
G1 X55.19 Y7.81 E.06489
G1 X55.19 Y19.69 E.55865
G1 X-3.81 Y19.69 E2.77446
G1 X-3.81 Y22.983 E.15483
G1 X-3.879 Y23.598 E.02913
G1 X-4.078 Y24.166 E.02831
G1 X-4.398 Y24.676 E.02831
G1 X-4.824 Y25.102 E.02831
G1 X-5.306 Y25.405 E.02679
G1 X-5.902 Y25.621 E.02979
G1 X-6.5 Y25.688 E.02831
G1 X-7.098 Y25.621 E.02831
G1 X-7.666 Y25.422 E.02831
G1 X-8.176 Y25.102 E.02831
G1 X-8.602 Y24.676 E.02831
G1 X-8.922 Y24.166 E.02831
G1 X-9.121 Y23.598 E.02831
G1 X-9.19 Y22.983 E.02913
G1 X-9.19 Y19.69 E.15483
G1 X-39.81 Y19.69 E1.4399
G1 X-39.81 Y22.983 E.15483
G1 X-39.879 Y23.598 E.02913
G1 X-40.078 Y24.166 E.02831
G1 X-40.398 Y24.676 E.02831
G1 X-40.824 Y25.102 E.02831
G1 X-41.306 Y25.405 E.02679
G1 X-41.902 Y25.621 E.02979
G1 X-42.5 Y25.688 E.02831
G1 X-43.098 Y25.621 E.02831
G1 X-43.666 Y25.422 E.02831
G1 X-44.176 Y25.102 E.02831
G1 X-44.602 Y24.676 E.02831
G1 X-44.922 Y24.166 E.02831
G1 X-45.121 Y23.598 E.02831
G1 X-45.19 Y22.983 E.02913
G1 X-45.19 Y19.69 E.15483
G1 X-55.19 Y19.69 E.47025
G1 X-55.19 Y18.31 E.06489
G1 X53.774 Y18.31 E5.124
SET_VELOCITY_LIMIT ACCEL=10000
G1 X54.5 Y18.599 F30000
M73 P57 R10
;TYPE:Gap infill
;WIDTH:0.845841
G1 F9000
G1 X54.5 Y8.099 E.68699
G1 X54.5 Y18.599 F30000
;WIDTH:0.868801
G1 F9000
G1 X54.477 Y18.709 E.00762
;WIDTH:0.914721
G1 F8602.885
G1 X54.454 Y18.82 E.00804
;WIDTH:0.960641
G1 F8172.419
G1 X54.431 Y18.931 E.00847
;WIDTH:0.960641
G1 X54.32 Y18.954 E.00847
;WIDTH:0.914721
G1 F8602.881
G1 X54.209 Y18.977 E.00804
;WIDTH:0.84593
G1 F9000
G1 X54.099 Y19 E.00741
G1 X-4.099 Y19 E3.80813
G1 X-5.023 Y19.523 F30000
SET_VELOCITY_LIMIT ACCEL=7000
;TYPE:Internal solid infill
;WIDTH:0.718969
G1 F9000
G1 X-5.563 Y19.504 E.02973
;WIDTH:0.682984
G1 X-5.993 Y19.487 E.02246
;WIDTH:0.651787
G1 X-6.423 Y19.47 E.02136
G1 X-7.217 Y19.491 E.03938
;WIDTH:0.690973
G1 X-7.596 Y19.508 E.02005
;WIDTH:0.737738
G1 X-7.975 Y19.525 E.0215
G1 X-7.975 Y20.39 E.04897
G1 X-7.5 Y20.2 E.02898
;WIDTH:0.724571
G1 X-7.338 Y20.16 E.00928
;WIDTH:0.690973
G1 X-7.175 Y20.12 E.00883
;WIDTH:0.654148
G1 X-6.538 Y20.057 E.03188
G1 X-5.773 Y20.125 E.0383
;WIDTH:0.692715
G1 X-5.638 Y20.158 E.00733
;WIDTH:0.735212
G1 X-5.504 Y20.192 E.00781
G1 X-5.027 Y20.385 E.02902
G1 X-5.023 Y19.559 E.04659
SET_VELOCITY_LIMIT ACCEL=10000
G1 X-4.382 Y21.827 F30000
;TYPE:Gap infill
;WIDTH:0.437807
G1 F9000
G1 X-4.301 Y22.438 E.01982
G1 X-4.284 Y22.698 E.00836
;WIDTH:0.396894
G1 X-4.267 Y22.957 E.0075
;WIDTH:0.3737
G1 X-4.327 Y23.496 E.01462
G1 X-4.354 Y23.597 E.00281
G1 X-4.495 Y23.966 E.01065
G1 X-4.565 Y24.102 E.00412
G1 X-4.763 Y24.385 E.00932
G1 X-4.975 Y24.618 E.00849
G1 X-5.113 Y24.739 E.00494
G1 X-5.369 Y24.917 E.00841
G1 X-5.534 Y25.005 E.00504
G1 X-6.004 Y25.173 E.01344
G1 X-6.5 Y25.233 E.01346
G1 X-6.996 Y25.173 E.01346
G1 X-7.466 Y25.005 E.01344
G1 X-7.602 Y24.935 E.00412
G1 X-7.885 Y24.737 E.00932
G1 X-8.091 Y24.552 E.00747
G1 X-8.239 Y24.387 E.00597
G1 X-8.417 Y24.131 E.00841
G1 X-8.505 Y23.966 E.00504
G1 X-8.658 Y23.557 E.01178
;WIDTH:0.380939
G1 X-8.731 Y23.021 E.01488
G1 X-8.716 Y22.698 E.00893
;WIDTH:0.430898
G1 X-8.699 Y22.438 E.00822
;WIDTH:0.455012
G1 X-8.618 Y21.827 E.02069
G1 X-8.901 Y19 F30000
;WIDTH:0.84584
G1 F9000
G1 X-40.099 Y19 E2.04116
G1 X-41.023 Y19.523 F30000
SET_VELOCITY_LIMIT ACCEL=7000
;TYPE:Internal solid infill
;WIDTH:0.718968
G1 F9000
G1 X-41.563 Y19.504 E.02973
;WIDTH:0.682983
G1 X-41.993 Y19.487 E.02246
;WIDTH:0.651786
G1 X-42.423 Y19.47 E.02136
G1 X-43.217 Y19.491 E.03938
;WIDTH:0.690972
G1 X-43.596 Y19.508 E.02005
;WIDTH:0.737738
G1 X-43.975 Y19.525 E.0215
G1 X-43.975 Y20.39 E.04897
G1 X-43.5 Y20.2 E.02898
;WIDTH:0.72457
G1 X-43.338 Y20.16 E.00928
;WIDTH:0.690972
G1 X-43.175 Y20.12 E.00883
;WIDTH:0.654148
G1 X-42.538 Y20.057 E.03188
G1 X-41.773 Y20.125 E.0383
;WIDTH:0.692715
G1 X-41.638 Y20.158 E.00733
;WIDTH:0.735212
G1 X-41.504 Y20.192 E.00781
G1 X-41.027 Y20.385 E.02902
G1 X-41.023 Y19.559 E.04659
SET_VELOCITY_LIMIT ACCEL=10000
G1 X-40.382 Y21.827 F30000
;TYPE:Gap infill
;WIDTH:0.437809
G1 F9000
G1 X-40.301 Y22.438 E.01982
G1 X-40.284 Y22.698 E.00836
;WIDTH:0.396895
G1 X-40.267 Y22.957 E.0075
;WIDTH:0.373699
G1 X-40.327 Y23.496 E.01462
G1 X-40.354 Y23.597 E.00281
G1 X-40.495 Y23.966 E.01065
G1 X-40.565 Y24.102 E.00412
G1 X-40.763 Y24.385 E.00932
G1 X-40.975 Y24.618 E.00849
G1 X-41.113 Y24.739 E.00494
G1 X-41.369 Y24.917 E.00841
G1 X-41.534 Y25.005 E.00504
G1 X-42.004 Y25.173 E.01344
G1 X-42.5 Y25.233 E.01346
G1 X-42.996 Y25.173 E.01346
G1 X-43.466 Y25.005 E.01344
G1 X-43.602 Y24.935 E.00412
G1 X-43.885 Y24.737 E.00932
G1 X-44.091 Y24.552 E.00747
G1 X-44.239 Y24.387 E.00597
G1 X-44.417 Y24.131 E.00841
G1 X-44.505 Y23.966 E.00504
G1 X-44.658 Y23.557 E.01178
;WIDTH:0.380939
G1 X-44.731 Y23.021 E.01488
G1 X-44.716 Y22.698 E.00893
;WIDTH:0.4309
G1 X-44.699 Y22.438 E.00822
;WIDTH:0.455012
G1 X-44.692 Y22.384 E.00182
;WIDTH:0.480834
G1 X-44.656 Y22.203 E.00661
;WIDTH:0.518258
G1 X-44.62 Y22.021 E.00718
;WIDTH:0.555682
G1 X-44.583 Y21.839 E.00774
G1 X-44.901 Y19 F30000
;WIDTH:0.84584
G1 F9000
G1 X-54.901 Y19 E.65428
G1 E-1.2 F2100
;WIPE_START
G1 F9000
G1 X-52.901 Y19
;WIPE_END
G1 X-47.044 Y14.106 Z3.2 F30000
G1 X-4.387 Y-21.533 Z3.2
G1 Z2.8
G1 E1.2 F2100
SET_VELOCITY_LIMIT ACCEL=5000
;TYPE:Inner wall
;WIDTH:0.62
G1 F9000
G1 X-4.387 Y-18.887 E.12443
G1 X-8.613 Y-18.887 E.19872
G1 X-8.613 Y-21.525 E.12403
G1 X-8.378 Y-21.604 E.01167
G1 X-8.198 Y-21.37 E.01388
G1 X-7.69 Y-20.96 E.03071
G1 X-7.111 Y-20.721 E.02947
G1 X-6.5 Y-20.64 E.02897
G1 X-5.889 Y-20.721 E.02897
G1 X-5.32 Y-20.956 E.02897
G1 X-4.87 Y-21.302 E.02667
G1 X-4.618 Y-21.615 E.01889
G1 X-4.421 Y-21.545 E.00983
SET_VELOCITY_LIMIT ACCEL=10000
G1 E-1.2 F2100
;WIPE_START
G1 F9000
G1 X-4.395 Y-19.545
;WIPE_END
G1 X-7.756 Y-24.258 Z3.2 F30000
G1 Z2.8
G1 E1.2 F2100
SET_VELOCITY_LIMIT ACCEL=5000
;TYPE:Outer wall
G1 F7200
G1 X-7.386 Y-24.542 E.02194
G1 X-6.918 Y-24.723 E.02357
G1 X-6.5 Y-24.778 E.01985
G1 X-6.04 Y-24.717 E.02182
G1 X-5.608 Y-24.538 E.022
G1 X-5.217 Y-24.224 E.02357
G1 X-4.96 Y-23.889 E.01985
G1 X-4.783 Y-23.46 E.02182
G1 X-4.722 Y-23 E.02182
G1 X-4.783 Y-22.54 E.02182
G1 X-4.962 Y-22.108 E.022
G1 X-5.276 Y-21.717 E.02357
G1 X-5.611 Y-21.46 E.01985
G1 X-6.04 Y-21.283 E.02182
G1 X-6.5 Y-21.222 E.02182
G1 X-6.96 Y-21.283 E.02182
G1 X-7.392 Y-21.462 E.022
G1 X-7.783 Y-21.776 E.02357
G1 X-8.04 Y-22.111 E.01985
G1 X-8.217 Y-22.54 E.02182
G1 X-8.278 Y-23 E.02182
G1 X-8.217 Y-23.46 E.02182
G1 X-8.04 Y-23.889 E.02182
G1 X-7.778 Y-24.229 E.02019
SET_VELOCITY_LIMIT ACCEL=10000
G1 E-1.2 F2100
;WIPE_START
G1 F7200
G1 X-7.386 Y-24.542
G1 X-6.918 Y-24.723
G1 X-6.5 Y-24.778
G1 X-6.04 Y-24.717
G1 X-5.937 Y-24.675
;WIPE_END
G1 X-13.538 Y-23.981 Z3.2 F30000
G1 X-40.387 Y-21.533 Z3.2
G1 Z2.8
G1 E1.2 F2100
SET_VELOCITY_LIMIT ACCEL=5000
;TYPE:Inner wall
G1 F9000
G1 X-40.387 Y-18.887 E.12443
G1 X-44.613 Y-18.887 E.19872
G1 X-44.613 Y-21.525 E.12403
G1 X-44.378 Y-21.604 E.01167
G1 X-44.198 Y-21.37 E.01388
G1 X-43.69 Y-20.96 E.03071
G1 X-43.111 Y-20.721 E.02947
G1 X-42.5 Y-20.64 E.02897
G1 X-41.889 Y-20.721 E.02897
G1 X-41.32 Y-20.956 E.02897
G1 X-40.87 Y-21.302 E.02667
G1 X-40.618 Y-21.615 E.01889
G1 X-40.421 Y-21.545 E.00983
SET_VELOCITY_LIMIT ACCEL=10000
G1 E-1.2 F2100
;WIPE_START
G1 F9000
G1 X-40.395 Y-19.545
;WIPE_END
G1 X-44.216 Y-22.538 Z3.2 F30000
G1 Z2.8
G1 E1.2 F2100
SET_VELOCITY_LIMIT ACCEL=5000
;TYPE:Outer wall
G1 F7200
G1 X-44.217 Y-22.54 E.00008
G1 X-44.278 Y-23 E.02182
G1 X-44.217 Y-23.46 E.02182
G1 X-44.04 Y-23.889 E.02182
G1 X-43.757 Y-24.257 E.02182
G1 X-43.386 Y-24.542 E.022
G1 X-42.918 Y-24.723 E.02357
G1 X-42.5 Y-24.778 E.01985
G1 X-42.04 Y-24.717 E.02182
G1 X-41.608 Y-24.538 E.022
G1 X-41.217 Y-24.224 E.02357
G1 X-40.96 Y-23.889 E.01985
G1 X-40.783 Y-23.46 E.02182
G1 X-40.722 Y-23 E.02182
G1 X-40.783 Y-22.54 E.02182
G1 X-40.962 Y-22.108 E.022
G1 X-41.276 Y-21.717 E.02357
G1 X-41.611 Y-21.46 E.01985
G1 X-42.04 Y-21.283 E.02182
G1 X-42.5 Y-21.222 E.02182
G1 X-42.96 Y-21.283 E.02182
G1 X-43.392 Y-21.462 E.022
G1 X-43.783 Y-21.776 E.02357
G1 X-44.04 Y-22.111 E.01985
G1 X-44.203 Y-22.505 E.02005
SET_VELOCITY_LIMIT ACCEL=10000
G1 E-1.2 F2100
;WIPE_START
G1 F7200
G1 X-44.217 Y-22.54
G1 X-44.278 Y-23
G1 X-44.217 Y-23.46
G1 X-44.04 Y-23.889
G1 X-43.757 Y-24.257
G1 X-43.673 Y-24.322
;WIPE_END
G1 X-36.055 Y-23.852 Z3.2 F30000
G1 X53.81 Y-18.31 Z3.2
G1 Z2.8
G1 E1.2 F2100
SET_VELOCITY_LIMIT ACCEL=5000
G1 F7200
G1 X-55.19 Y-18.31 E5.12569
G1 X-55.19 Y-19.69 E.06489
G1 X-45.19 Y-19.69 E.47025
G1 X-45.19 Y-22.983 E.15483
G1 X-45.121 Y-23.598 E.02913
G1 X-44.922 Y-24.166 E.02831
G1 X-44.602 Y-24.676 E.02831
G1 X-44.176 Y-25.102 E.02831
G1 X-43.666 Y-25.422 E.02831
G1 X-43.098 Y-25.621 E.02831
G1 X-42.5 Y-25.688 E.02831
G1 X-41.902 Y-25.621 E.02831
G1 X-41.334 Y-25.422 E.02831
G1 X-40.824 Y-25.102 E.02831
G1 X-40.398 Y-24.676 E.02831
G1 X-40.078 Y-24.166 E.02831
G1 X-39.879 Y-23.598 E.02831
G1 X-39.81 Y-22.983 E.02913
G1 X-39.81 Y-19.69 E.15483
G1 X-9.19 Y-19.69 E1.4399
G1 X-9.19 Y-22.983 E.15483
G1 X-9.121 Y-23.598 E.02913
G1 X-8.922 Y-24.166 E.02831
G1 X-8.602 Y-24.676 E.02831
G1 X-8.176 Y-25.102 E.02831
G1 X-7.666 Y-25.422 E.02831
G1 X-7.098 Y-25.621 E.02831
G1 X-6.5 Y-25.688 E.02831
G1 X-5.934 Y-25.624 E.02679
G1 X-5.334 Y-25.422 E.02979
G1 X-4.824 Y-25.102 E.02831
G1 X-4.398 Y-24.676 E.02831
G1 X-4.078 Y-24.166 E.02831
G1 X-3.879 Y-23.598 E.02831
G1 X-3.81 Y-22.983 E.02913
G1 X-3.81 Y-19.69 E.15483
G1 X55.19 Y-19.69 E2.77446
G1 X55.19 Y-7.81 E.55865
G1 X53.81 Y-7.81 E.06489
G1 X53.81 Y-18.274 E.49207
SET_VELOCITY_LIMIT ACCEL=10000
G1 X54.5 Y-18.599 F30000
;TYPE:Gap infill
;WIDTH:0.868802
G1 F9000
G1 X54.477 Y-18.709 E.00762
;WIDTH:0.914721
G1 F8602.881
G1 X54.454 Y-18.82 E.00804
;WIDTH:0.960641
G1 F8172.424
G1 X54.431 Y-18.931 E.00847
;WIDTH:0.960641
G1 X54.32 Y-18.954 E.00847
;WIDTH:0.914721
G1 F8602.885
G1 X54.209 Y-18.977 E.00804
;WIDTH:0.845931
G1 F9000
G1 X54.099 Y-19 E.00741
G1 X-4.099 Y-19 E3.80814
G1 X-5.023 Y-19.523 F30000
SET_VELOCITY_LIMIT ACCEL=7000
;TYPE:Internal solid infill
;WIDTH:0.738042
G1 F9000
G1 X-5.023 Y-20.394 E.04932
G1 X-5.504 Y-20.192 E.02953
;WIDTH:0.722933
G1 X-5.638 Y-20.158 E.00767
;WIDTH:0.692715
G1 X-5.773 Y-20.125 E.00733
;WIDTH:0.654927
G1 X-6.462 Y-20.057 E.03453
G1 X-7.227 Y-20.125 E.03835
;WIDTH:0.692714
G1 X-7.362 Y-20.158 E.00733
;WIDTH:0.732014
G1 X-7.496 Y-20.192 E.00778
G1 X-7.973 Y-20.385 E.02888
G1 X-7.977 Y-19.523 E.0484
G1 X-7.437 Y-19.504 E.0303
;WIDTH:0.682984
G1 X-7.007 Y-19.487 E.02246
;WIDTH:0.652982
G1 X-6.577 Y-19.47 E.02141
G1 X-5.731 Y-19.493 E.04206
;WIDTH:0.692715
G1 X-5.395 Y-19.507 E.01781
;WIDTH:0.707824
G1 X-5.059 Y-19.522 E.01822
SET_VELOCITY_LIMIT ACCEL=10000
G1 X-4.381 Y-21.837 F30000
;TYPE:Gap infill
;WIDTH:0.455009
G1 F9000
G1 X-4.301 Y-22.438 E.02037
;WIDTH:0.430896
G1 X-4.284 Y-22.698 E.00822
;WIDTH:0.380939
G1 X-4.269 Y-23.021 E.00893
G1 X-4.342 Y-23.557 E.01488
;WIDTH:0.3737
G1 X-4.495 Y-23.966 E.01178
G1 X-4.583 Y-24.131 E.00504
G1 X-4.761 Y-24.387 E.00841
G1 X-4.909 Y-24.552 E.00597
G1 X-5.115 Y-24.737 E.00747
G1 X-5.398 Y-24.935 E.00932
G1 X-5.534 Y-25.005 E.00412
G1 X-6.004 Y-25.173 E.01344
G1 X-6.5 Y-25.233 E.01346
G1 X-6.996 Y-25.173 E.01346
G1 X-7.465 Y-25.005 E.01344
G1 X-7.625 Y-24.921 E.00485
G1 X-7.887 Y-24.739 E.0086
G1 X-8.059 Y-24.588 E.00617
G1 X-8.239 Y-24.387 E.00728
G1 X-8.417 Y-24.131 E.00841
G1 X-8.505 Y-23.966 E.00504
G1 X-8.646 Y-23.597 E.01065
G1 X-8.673 Y-23.496 E.00281
G1 X-8.733 Y-22.957 E.01462
;WIDTH:0.396896
G1 X-8.716 Y-22.698 E.0075
;WIDTH:0.437809
G1 X-8.699 Y-22.438 E.00836
G1 X-8.618 Y-21.827 E.01982
G1 X-8.901 Y-19 F30000
;WIDTH:0.845842
G1 F9000
G1 X-40.099 Y-19 E2.04116
G1 X-41.023 Y-19.523 F30000
SET_VELOCITY_LIMIT ACCEL=7000
;TYPE:Internal solid infill
;WIDTH:0.738042
G1 F9000
G1 X-41.023 Y-20.394 E.04932
G1 X-41.504 Y-20.192 E.02953
;WIDTH:0.722933
G1 X-41.638 Y-20.158 E.00767
;WIDTH:0.692715
G1 X-41.773 Y-20.125 E.00733
;WIDTH:0.654927
G1 X-42.462 Y-20.057 E.03453
G1 X-43.227 Y-20.125 E.03835
;WIDTH:0.692714
G1 X-43.362 Y-20.158 E.00733
;WIDTH:0.732013
G1 X-43.496 Y-20.192 E.00778
G1 X-43.973 Y-20.385 E.02888
G1 X-43.977 Y-19.523 E.0484
G1 X-43.437 Y-19.504 E.0303
;WIDTH:0.682984
G1 X-43.007 Y-19.487 E.02246
;WIDTH:0.652982
G1 X-42.577 Y-19.47 E.02141
G1 X-41.731 Y-19.493 E.04206
;WIDTH:0.692715
G1 X-41.395 Y-19.507 E.01781
;WIDTH:0.707824
G1 X-41.059 Y-19.522 E.01822
SET_VELOCITY_LIMIT ACCEL=10000
G1 X-40.415 Y-21.849 F30000
;TYPE:Gap infill
;WIDTH:0.552941
G1 F9000
G1 X-40.379 Y-22.027 E.00757
;WIDTH:0.516613
G1 X-40.344 Y-22.206 E.00703
;WIDTH:0.480284
G1 X-40.308 Y-22.384 E.00649
;WIDTH:0.45501
G1 X-40.301 Y-22.438 E.00182
;WIDTH:0.430898
G1 X-40.284 Y-22.698 E.00822
;WIDTH:0.380939
G1 X-40.269 Y-23.021 E.00893
G1 X-40.342 Y-23.557 E.01488
;WIDTH:0.3737
G1 X-40.495 Y-23.966 E.01178
G1 X-40.583 Y-24.131 E.00504
G1 X-40.761 Y-24.387 E.00841
G1 X-40.909 Y-24.552 E.00597
G1 X-41.115 Y-24.737 E.00747
G1 X-41.398 Y-24.935 E.00932
G1 X-41.534 Y-25.005 E.00412
G1 X-42.004 Y-25.173 E.01344
G1 X-42.5 Y-25.233 E.01346
G1 X-42.996 Y-25.173 E.01346
G1 X-43.465 Y-25.005 E.01344
G1 X-43.625 Y-24.921 E.00485
G1 X-43.887 Y-24.739 E.0086
G1 X-44.059 Y-24.588 E.00617
G1 X-44.239 Y-24.387 E.00728
G1 X-44.417 Y-24.131 E.00841
G1 X-44.505 Y-23.966 E.00504
G1 X-44.646 Y-23.597 E.01065
G1 X-44.673 Y-23.496 E.00281
G1 X-44.733 Y-22.957 E.01462
;WIDTH:0.396896
G1 X-44.716 Y-22.698 E.0075
;WIDTH:0.43781
G1 X-44.699 Y-22.438 E.00836
G1 X-44.618 Y-21.827 E.01982
G1 X-44.901 Y-19 F30000
;WIDTH:0.845842
G1 F9000
G1 X-54.901 Y-19 E.65428
G1 X54.5 Y-18.599 F30000
;WIDTH:0.845841
G1 F9000
G1 X54.5 Y-8.099 E.68699
;LAYER_CHANGE
;Z:3
;HEIGHT:0.2
;BEFORE_LAYER_CHANGE
;3
G1 E-1.2 F2100
;WIPE_START
G1 F9000
G1 X54.5 Y-10.099
;WIPE_END
;AFTER_LAYER_CHANGE
;3
;_SET_FAN_SPEED_CHANGING_LAYER
G17
G3 Z3.4 I-.545 J-1.088 P1  F30000
G1 X-8.111 Y21.287 Z3.4
G1 Z3
G1 E1.2 F2100
SET_VELOCITY_LIMIT ACCEL=5000
;TYPE:Inner wall
;WIDTH:0.62
G1 F9000
G1 X-8.169 Y21.331 E.00342
G1 X-8.378 Y21.604 E.01617
G1 X-8.613 Y21.525 E.01167
G1 X-8.613 Y18.887 E.12403
G1 X-4.387 Y18.887 E.19872
G1 X-4.387 Y21.525 E.12403
G1 X-4.622 Y21.604 E.01167
G1 X-4.821 Y21.345 E.0154
G1 X-5.317 Y20.958 E.02955
G1 X-5.889 Y20.721 E.02914
G1 X-6.5 Y20.64 E.02897
G1 X-7.094 Y20.719 E.02819
G1 X-7.677 Y20.954 E.02955
G1 X-8.082 Y21.265 E.02404
SET_VELOCITY_LIMIT ACCEL=10000
G1 X-7.757 Y21.743 F30000
SET_VELOCITY_LIMIT ACCEL=5000
;TYPE:Outer wall
G1 F7200
G1 X-7.388 Y21.46 E.02188
G1 X-6.946 Y21.281 E.0224
G1 X-6.5 Y21.222 E.02116
G1 X-6.04 Y21.283 E.02182
G1 X-5.61 Y21.461 E.02188
G1 X-5.234 Y21.754 E.0224
G1 X-4.96 Y22.111 E.02116
G1 X-4.783 Y22.54 E.02182
G1 X-4.722 Y23 E.02182
G1 X-4.783 Y23.46 E.02182
G1 X-4.96 Y23.889 E.02182
G1 X-5.243 Y24.257 E.02182
G1 X-5.611 Y24.54 E.02182
G1 X-6.04 Y24.717 E.02182
G1 X-6.5 Y24.778 E.02182
G1 X-6.96 Y24.717 E.02182
G1 X-7.39 Y24.539 E.02188
G1 X-7.766 Y24.246 E.0224
G1 X-8.04 Y23.889 E.02116
G1 X-8.217 Y23.46 E.02182
G1 X-8.278 Y23 E.02182
G1 X-8.217 Y22.54 E.02182
G1 X-8.04 Y22.111 E.02182
G1 X-7.779 Y21.772 E.02013
SET_VELOCITY_LIMIT ACCEL=10000
G1 E-1.2 F2100
;WIPE_START
G1 F7200
G1 X-7.388 Y21.46
G1 X-6.946 Y21.281
G1 X-6.5 Y21.222
G1 X-6.04 Y21.283
G1 X-5.939 Y21.325
;WIPE_END
G1 X-13.571 Y21.386 Z3.4 F30000
G1 X-40.622 Y21.604 Z3.4
G1 Z3
G1 E1.2 F2100
SET_VELOCITY_LIMIT ACCEL=5000
;TYPE:Inner wall
G1 F9000
G1 X-40.821 Y21.345 E.0154
G1 X-41.317 Y20.958 E.02955
G1 X-41.889 Y20.721 E.02915
G1 X-42.5 Y20.64 E.02897
G1 X-43.094 Y20.719 E.02819
G1 X-43.677 Y20.954 E.02955
G1 X-44.169 Y21.331 E.02915
G1 X-44.378 Y21.604 E.01617
G1 X-44.613 Y21.525 E.01167
G1 X-44.613 Y18.887 E.12403
G1 X-40.387 Y18.887 E.19872
G1 X-40.387 Y21.525 E.12403
G1 X-40.588 Y21.593 E.00997
SET_VELOCITY_LIMIT ACCEL=10000
G1 X-40.962 Y22.11 F30000
SET_VELOCITY_LIMIT ACCEL=5000
;TYPE:Outer wall
G1 F7200
G1 X-40.96 Y22.111 E.00009
G1 X-40.783 Y22.54 E.02182
G1 X-40.722 Y23 E.02182
G1 X-40.783 Y23.46 E.02182
G1 X-40.961 Y23.89 E.02188
G1 X-41.254 Y24.266 E.0224
G1 X-41.611 Y24.54 E.02116
G1 X-42.04 Y24.717 E.02182
G1 X-42.5 Y24.778 E.02182
G1 X-42.96 Y24.717 E.02182
G1 X-43.39 Y24.539 E.02188
G1 X-43.766 Y24.246 E.0224
G1 X-44.04 Y23.889 E.02116
G1 X-44.217 Y23.46 E.02182
G1 X-44.278 Y23 E.02182
G1 X-44.217 Y22.54 E.02182
G1 X-44.04 Y22.111 E.02182
G1 X-43.757 Y21.743 E.02182
G1 X-43.388 Y21.46 E.02188
G1 X-42.946 Y21.281 E.0224
G1 X-42.5 Y21.222 E.02116
G1 X-42.04 Y21.283 E.02182
G1 X-41.61 Y21.461 E.02188
G1 X-41.234 Y21.754 E.0224
G1 X-40.984 Y22.081 E.01938
SET_VELOCITY_LIMIT ACCEL=10000
G1 E-1.2 F2100
;WIPE_START
G1 F7200
G1 X-40.96 Y22.111
G1 X-40.783 Y22.54
G1 X-40.722 Y23
G1 X-40.783 Y23.46
G1 X-40.961 Y23.89
G1 X-41.025 Y23.972
;WIPE_END
G1 X-33.406 Y23.518 Z3.4 F30000
G1 X53.81 Y18.31 Z3.4
G1 Z3
G1 E1.2 F2100
SET_VELOCITY_LIMIT ACCEL=5000
G1 F7200
G1 X53.81 Y7.81 E.49376
G1 X55.19 Y7.81 E.06489
G1 X55.19 Y19.69 E.55865
G1 X-3.81 Y19.69 E2.77446
G1 X-3.81 Y22.983 E.15483
G1 X-3.879 Y23.598 E.02913
G1 X-4.078 Y24.166 E.02831
G1 X-4.398 Y24.676 E.02831
G1 X-4.824 Y25.102 E.02831
G1 X-5.334 Y25.422 E.02831
G1 X-5.902 Y25.621 E.02831
G1 X-6.5 Y25.688 E.02831
G1 X-7.098 Y25.621 E.02831
G1 X-7.666 Y25.422 E.02831
G1 X-8.176 Y25.102 E.02831
G1 X-8.602 Y24.676 E.02831
G1 X-8.922 Y24.166 E.02831
G1 X-9.121 Y23.598 E.02831
G1 X-9.19 Y22.983 E.02913
G1 X-9.19 Y19.69 E.15483
G1 X-39.81 Y19.69 E1.4399
G1 X-39.81 Y22.983 E.15483
G1 X-39.879 Y23.598 E.02913
G1 X-40.078 Y24.166 E.02831
G1 X-40.398 Y24.676 E.02831
G1 X-40.809 Y25.087 E.02731
G1 X-41.335 Y25.422 E.02933
G1 X-41.902 Y25.621 E.02825
G1 X-42.5 Y25.688 E.02831
G1 X-43.098 Y25.621 E.02831
G1 X-43.666 Y25.422 E.02831
G1 X-44.176 Y25.102 E.02831
G1 X-44.602 Y24.676 E.02831
G1 X-44.922 Y24.166 E.02831
G1 X-45.121 Y23.598 E.02831
G1 X-45.19 Y22.983 E.02913
G1 X-45.19 Y19.69 E.15483
G1 X-55.19 Y19.69 E.47025
G1 X-55.19 Y18.31 E.06489
G1 X53.774 Y18.31 E5.124
SET_VELOCITY_LIMIT ACCEL=10000
G1 X54.5 Y18.599 F30000
;TYPE:Gap infill
;WIDTH:0.868801
G1 F9000
G1 X54.477 Y18.709 E.00762
;WIDTH:0.914721
G1 F8602.885
G1 X54.454 Y18.82 E.00804
;WIDTH:0.960641
G1 F8172.419
G1 X54.431 Y18.931 E.00847
;WIDTH:0.960641
G1 X54.32 Y18.954 E.00847
;WIDTH:0.914721
G1 F8602.881
G1 X54.209 Y18.977 E.00804
;WIDTH:0.84593
G1 F9000
G1 X54.099 Y19 E.00741
G1 X-4.099 Y19 E3.80813
G1 X-5.813 Y18.974 F30000
SET_VELOCITY_LIMIT ACCEL=2000
;TYPE:Top surface
;WIDTH:0.701564
G1 F7200
G1 X-4.474 Y20.313 E.10168
SET_VELOCITY_LIMIT ACCEL=10000
G1 X-4.474 Y21.245 F30000
M73 P58 R10
SET_VELOCITY_LIMIT ACCEL=2000
G1 F7200
G1 X-6.745 Y18.974 E.17238
SET_VELOCITY_LIMIT ACCEL=10000
G1 X-7.676 Y18.974 F30000
SET_VELOCITY_LIMIT ACCEL=2000
G1 F7200
G1 X-6.036 Y20.614 E.12452
SET_VELOCITY_LIMIT ACCEL=10000
G1 X-6.967 Y20.614 F30000
SET_VELOCITY_LIMIT ACCEL=2000
G1 F7200
G1 X-8.526 Y19.055 E.11838
SET_VELOCITY_LIMIT ACCEL=10000
G1 X-8.526 Y19.986 F30000
SET_VELOCITY_LIMIT ACCEL=2000
G1 F7200
G1 X-7.659 Y20.854 E.06583
SET_VELOCITY_LIMIT ACCEL=10000
G1 E-1.2 F2100
;WIPE_START
G1 F7200
G1 X-8.526 Y19.986
;WIPE_END
G1 X-8.618 Y21.827 Z3.4 F30000
G1 Z3
G1 E1.2 F2100
;TYPE:Gap infill
;WIDTH:0.455012
G1 F9000
G1 X-8.699 Y22.438 E.02068
;WIDTH:0.4309
G1 X-8.716 Y22.698 E.00822
;WIDTH:0.380939
G1 X-8.731 Y23.021 E.00893
G1 X-8.658 Y23.557 E.01488
;WIDTH:0.372989
G1 X-8.505 Y23.966 E.01175
G1 X-8.417 Y24.131 E.00503
G1 X-8.239 Y24.387 E.00839
G1 X-8.07 Y24.576 E.00682
G1 X-7.886 Y24.738 E.00659
G1 X-7.634 Y24.915 E.00829
G1 X-7.466 Y25.005 E.00513
G1 X-6.996 Y25.173 E.01341
G1 X-6.5 Y25.233 E.01344
G1 X-6.004 Y25.173 E.01344
G1 X-5.534 Y25.005 E.01341
G1 X-5.369 Y24.917 E.00503
G1 X-5.113 Y24.739 E.00839
G1 X-4.941 Y24.588 E.00616
G1 X-4.761 Y24.387 E.00726
G1 X-4.583 Y24.131 E.00839
G1 X-4.495 Y23.966 E.00503
G1 X-4.354 Y23.597 E.01062
G1 X-4.327 Y23.496 E.0028
G1 X-4.267 Y22.957 E.01459
;WIDTH:0.396894
G1 X-4.284 Y22.698 E.0075
;WIDTH:0.437807
G1 X-4.301 Y22.438 E.00836
G1 X-4.382 Y21.827 E.01982
G1 E-1.2 F2100
;WIPE_START
G1 F9000
G1 X-4.301 Y22.438
G1 X-4.284 Y22.698
;WIPE_END
G1 X-8.901 Y19 Z3.4 F30000
G1 Z3
G1 E1.2 F2100
;WIDTH:0.84584
G1 F9000
G1 X-40.099 Y19 E2.04116
G1 X-41.813 Y18.974 F30000
SET_VELOCITY_LIMIT ACCEL=2000
;TYPE:Top surface
;WIDTH:0.701564
G1 F7200
G1 X-40.474 Y20.313 E.10168
SET_VELOCITY_LIMIT ACCEL=10000
G1 X-40.474 Y21.245 F30000
SET_VELOCITY_LIMIT ACCEL=2000
G1 F7200
G1 X-42.745 Y18.974 E.17238
SET_VELOCITY_LIMIT ACCEL=10000
G1 X-43.676 Y18.974 F30000
SET_VELOCITY_LIMIT ACCEL=2000
G1 F7200
G1 X-42.036 Y20.614 E.12452
SET_VELOCITY_LIMIT ACCEL=10000
G1 X-42.967 Y20.614 F30000
SET_VELOCITY_LIMIT ACCEL=2000
G1 F7200
G1 X-44.526 Y19.055 E.11838
SET_VELOCITY_LIMIT ACCEL=10000
G1 X-44.526 Y19.986 F30000
SET_VELOCITY_LIMIT ACCEL=2000
G1 F7200
G1 X-43.659 Y20.854 E.06583
SET_VELOCITY_LIMIT ACCEL=10000
G1 E-1.2 F2100
;WIPE_START
G1 F7200
G1 X-44.526 Y19.986
;WIPE_END
G1 X-44.583 Y21.839 Z3.4 F30000
G1 Z3
G1 E1.2 F2100
;TYPE:Gap infill
;WIDTH:0.555682
G1 F9000
G1 X-44.62 Y22.021 E.00774
;WIDTH:0.518258
G1 X-44.656 Y22.203 E.00718
;WIDTH:0.480834
G1 X-44.692 Y22.384 E.00661
;WIDTH:0.455011
G1 X-44.699 Y22.438 E.00182
;WIDTH:0.430898
G1 X-44.716 Y22.698 E.00822
;WIDTH:0.380939
G1 X-44.731 Y23.021 E.00893
G1 X-44.658 Y23.557 E.01488
;WIDTH:0.37294
G1 X-44.505 Y23.966 E.01175
G1 X-44.417 Y24.131 E.00503
G1 X-44.239 Y24.387 E.00839
G1 X-44.07 Y24.576 E.00682
G1 X-43.886 Y24.738 E.00659
G1 X-43.634 Y24.915 E.00829
G1 X-43.466 Y25.005 E.00513
G1 X-42.996 Y25.173 E.01341
G1 X-42.5 Y25.233 E.01343
G1 X-42.004 Y25.173 E.01343
G1 X-41.537 Y25.006 E.01334
G1 X-41.37 Y24.916 E.0051
G1 X-41.099 Y24.726 E.00891
G1 X-40.924 Y24.57 E.0063
G1 X-40.762 Y24.386 E.00659
G1 X-40.563 Y24.097 E.00943
G1 X-40.495 Y23.966 E.00399
G1 X-40.354 Y23.597 E.01062
G1 X-40.327 Y23.496 E.0028
G1 X-40.267 Y22.957 E.01459
;WIDTH:0.396895
G1 X-40.284 Y22.698 E.0075
;WIDTH:0.435062
G1 X-40.308 Y22.384 E.01004
;WIDTH:0.480834
G1 X-40.344 Y22.203 E.00661
;WIDTH:0.518257
G1 X-40.38 Y22.021 E.00718
;WIDTH:0.536969
G1 X-40.417 Y21.839 E.00746
G1 E-1.2 F2100
;WIPE_START
G1 F9000
G1 X-40.38 Y22.021
;WIPE_END
G1 X-44.901 Y19 Z3.4 F30000
G1 Z3
G1 E1.2 F2100
;WIDTH:0.84584
G1 F9000
G1 X-54.901 Y19 E.65428
G1 X54.5 Y18.599 F30000
;WIDTH:0.845841
G1 F9000
G1 X54.5 Y8.099 E.68699
G1 E-1.2 F2100
;WIPE_START
G1 F9000
G1 X54.5 Y10.099
;WIPE_END
G1 X47.776 Y6.487 Z3.4 F30000
G1 X-4.387 Y-21.528 Z3.4
G1 Z3
G1 E1.2 F2100
SET_VELOCITY_LIMIT ACCEL=5000
;TYPE:Inner wall
;WIDTH:0.62
G1 F9000
G1 X-4.387 Y-18.887 E.12418
G1 X-8.613 Y-18.887 E.19872
G1 X-8.613 Y-21.525 E.12403
G1 X-8.378 Y-21.604 E.01167
G1 X-8.179 Y-21.345 E.0154
G1 X-7.683 Y-20.958 E.02955
G1 X-7.111 Y-20.721 E.02914
G1 X-6.5 Y-20.64 E.02897
G1 X-5.889 Y-20.721 E.02897
G1 X-5.32 Y-20.956 E.02897
G1 X-4.845 Y-21.321 E.02819
G1 X-4.621 Y-21.608 E.01711
G1 X-4.421 Y-21.539 E.00992
SET_VELOCITY_LIMIT ACCEL=10000
G1 E-1.2 F2100
;WIPE_START
G1 F9000
G1 X-4.395 Y-19.54
;WIPE_END
G1 X-7.756 Y-24.258 Z3.4 F30000
G1 Z3
G1 E1.2 F2100
SET_VELOCITY_LIMIT ACCEL=5000
;TYPE:Outer wall
G1 F7200
G1 X-7.388 Y-24.54 E.02181
G1 X-6.946 Y-24.719 E.0224
G1 X-6.5 Y-24.778 E.02116
G1 X-6.04 Y-24.717 E.02182
G1 X-5.61 Y-24.539 E.02188
G1 X-5.234 Y-24.246 E.0224
G1 X-4.96 Y-23.889 E.02116
G1 X-4.783 Y-23.46 E.02182
G1 X-4.722 Y-23 E.02182
G1 X-4.783 Y-22.54 E.02182
G1 X-4.961 Y-22.11 E.02188
G1 X-5.254 Y-21.734 E.0224
G1 X-5.611 Y-21.46 E.02116
G1 X-6.04 Y-21.283 E.02182
G1 X-6.5 Y-21.222 E.02182
G1 X-6.96 Y-21.283 E.02182
G1 X-7.39 Y-21.461 E.02188
G1 X-7.766 Y-21.754 E.0224
G1 X-8.04 Y-22.111 E.02116
G1 X-8.217 Y-22.54 E.02182
G1 X-8.278 Y-23 E.02182
G1 X-8.217 Y-23.46 E.02182
G1 X-8.04 Y-23.889 E.02182
G1 X-7.778 Y-24.23 E.0202
SET_VELOCITY_LIMIT ACCEL=10000
G1 E-1.2 F2100
;WIPE_START
G1 F7200
G1 X-7.388 Y-24.54
G1 X-6.946 Y-24.719
G1 X-6.5 Y-24.778
G1 X-6.04 Y-24.717
G1 X-5.938 Y-24.675
;WIPE_END
G1 X-13.538 Y-23.98 Z3.4 F30000
G1 X-40.387 Y-21.528 Z3.4
G1 Z3
G1 E1.2 F2100
SET_VELOCITY_LIMIT ACCEL=5000
;TYPE:Inner wall
G1 F9000
G1 X-40.387 Y-18.887 E.12418
G1 X-44.613 Y-18.887 E.19872
G1 X-44.613 Y-21.525 E.12403
G1 X-44.378 Y-21.604 E.01167
G1 X-44.179 Y-21.345 E.0154
G1 X-43.683 Y-20.958 E.02955
G1 X-43.111 Y-20.721 E.02915
G1 X-42.5 Y-20.64 E.02897
G1 X-41.889 Y-20.721 E.02897
G1 X-41.32 Y-20.956 E.02897
G1 X-40.845 Y-21.321 E.02819
G1 X-40.621 Y-21.608 E.01711
G1 X-40.421 Y-21.539 E.00992
SET_VELOCITY_LIMIT ACCEL=10000
G1 E-1.2 F2100
;WIPE_START
G1 F9000
G1 X-40.395 Y-19.54
;WIPE_END
G1 X-44.216 Y-22.538 Z3.4 F30000
G1 Z3
G1 E1.2 F2100
SET_VELOCITY_LIMIT ACCEL=5000
;TYPE:Outer wall
G1 F7200
G1 X-44.217 Y-22.54 E.0001
G1 X-44.278 Y-23 E.02182
G1 X-44.217 Y-23.46 E.02182
G1 X-44.04 Y-23.889 E.02182
G1 X-43.757 Y-24.257 E.02182
G1 X-43.388 Y-24.54 E.02188
G1 X-42.946 Y-24.719 E.0224
G1 X-42.5 Y-24.778 E.02116
G1 X-42.04 Y-24.717 E.02182
G1 X-41.61 Y-24.539 E.02188
G1 X-41.234 Y-24.246 E.0224
G1 X-40.96 Y-23.889 E.02116
G1 X-40.783 Y-23.46 E.02182
G1 X-40.722 Y-23 E.02182
G1 X-40.783 Y-22.54 E.02182
G1 X-40.961 Y-22.11 E.02188
G1 X-41.254 Y-21.734 E.0224
G1 X-41.611 Y-21.46 E.02116
G1 X-42.04 Y-21.283 E.02182
G1 X-42.5 Y-21.222 E.02182
G1 X-42.96 Y-21.283 E.02182
G1 X-43.39 Y-21.461 E.02188
G1 X-43.766 Y-21.754 E.0224
G1 X-44.04 Y-22.111 E.02116
G1 X-44.202 Y-22.505 E.02003
SET_VELOCITY_LIMIT ACCEL=10000
G1 E-1.2 F2100
;WIPE_START
G1 F7200
G1 X-44.217 Y-22.54
G1 X-44.278 Y-23
G1 X-44.217 Y-23.46
G1 X-44.04 Y-23.889
G1 X-43.757 Y-24.257
G1 X-43.673 Y-24.321
;WIPE_END
G1 X-36.055 Y-23.852 Z3.4 F30000
G1 X53.81 Y-18.31 Z3.4
G1 Z3
G1 E1.2 F2100
SET_VELOCITY_LIMIT ACCEL=5000
G1 F7200
G1 X-55.19 Y-18.31 E5.12569
G1 X-55.19 Y-19.69 E.06489
G1 X-45.19 Y-19.69 E.47025
G1 X-45.19 Y-22.983 E.15483
G1 X-45.121 Y-23.598 E.02913
G1 X-44.922 Y-24.166 E.02831
G1 X-44.602 Y-24.676 E.02831
G1 X-44.176 Y-25.102 E.02831
G1 X-43.666 Y-25.422 E.02831
G1 X-43.098 Y-25.621 E.02831
G1 X-42.5 Y-25.688 E.02831
G1 X-41.902 Y-25.621 E.02831
G1 X-41.334 Y-25.422 E.02831
G1 X-40.824 Y-25.102 E.02831
G1 X-40.398 Y-24.676 E.02831
G1 X-40.078 Y-24.166 E.02831
G1 X-39.879 Y-23.598 E.02831
G1 X-39.81 Y-22.983 E.02913
G1 X-39.81 Y-19.69 E.15483
G1 X-9.19 Y-19.69 E1.4399
G1 X-9.19 Y-22.983 E.15483
G1 X-9.121 Y-23.598 E.02913
G1 X-8.922 Y-24.166 E.02831
G1 X-8.602 Y-24.676 E.02831
G1 X-8.176 Y-25.102 E.02831
G1 X-7.666 Y-25.422 E.02831
G1 X-7.098 Y-25.621 E.02831
G1 X-6.5 Y-25.688 E.02831
G1 X-5.923 Y-25.623 E.02731
G1 X-5.333 Y-25.421 E.02933
G1 X-4.824 Y-25.102 E.02825
G1 X-4.398 Y-24.676 E.02831
G1 X-4.078 Y-24.166 E.02831
G1 X-3.879 Y-23.598 E.02831
G1 X-3.81 Y-22.983 E.02913
G1 X-3.81 Y-19.69 E.15483
G1 X55.19 Y-19.69 E2.77446
G1 X55.19 Y-7.81 E.55865
G1 X53.81 Y-7.81 E.06489
G1 X53.81 Y-18.274 E.49207
SET_VELOCITY_LIMIT ACCEL=10000
G1 X54.5 Y-18.599 F30000
;TYPE:Gap infill
;WIDTH:0.868802
G1 F9000
G1 X54.477 Y-18.709 E.00762
;WIDTH:0.914721
G1 F8602.881
G1 X54.454 Y-18.82 E.00804
;WIDTH:0.960641
G1 F8172.424
G1 X54.431 Y-18.931 E.00847
;WIDTH:0.960641
G1 X54.32 Y-18.954 E.00847
;WIDTH:0.914721
G1 F8602.885
G1 X54.209 Y-18.977 E.00804
;WIDTH:0.845931
G1 F9000
G1 X54.099 Y-19 E.00741
G1 X-4.099 Y-19 E3.80814
G1 E-1.2 F2100
;WIPE_START
G1 F9000
G1 X-2.099 Y-19
;WIPE_END
G1 X-8.618 Y-21.827 Z3.4 F30000
G1 Z3
G1 E1.2 F2100
;WIDTH:0.437809
G1 F9000
G1 X-8.699 Y-22.438 E.01982
G1 X-8.716 Y-22.698 E.00836
;WIDTH:0.396896
G1 X-8.733 Y-22.957 E.0075
;WIDTH:0.372941
G1 X-8.673 Y-23.496 E.01459
G1 X-8.646 Y-23.597 E.0028
G1 X-8.505 Y-23.966 E.01062
G1 X-8.417 Y-24.131 E.00503
G1 X-8.239 Y-24.387 E.00839
G1 X-8.059 Y-24.588 E.00726
G1 X-7.887 Y-24.739 E.00616
G1 X-7.628 Y-24.918 E.00846
G1 X-7.466 Y-25.005 E.00496
G1 X-6.996 Y-25.173 E.01341
G1 X-6.5 Y-25.233 E.01343
G1 X-6.024 Y-25.175 E.01291
G1 X-5.532 Y-25.004 E.014
G1 X-5.366 Y-24.915 E.00506
G1 X-5.114 Y-24.738 E.00829
G1 X-4.93 Y-24.576 E.00659
G1 X-4.761 Y-24.387 E.00682
G1 X-4.583 Y-24.131 E.00839
G1 X-4.495 Y-23.966 E.00503
G1 X-4.342 Y-23.557 E.01175
;WIDTH:0.38094
G1 X-4.269 Y-23.021 E.01488
G1 X-4.284 Y-22.698 E.00893
;WIDTH:0.430898
G1 X-4.301 Y-22.438 E.00822
;WIDTH:0.455011
G1 X-4.381 Y-21.831 E.02057
G1 E-1.2 F2100
;WIPE_START
G1 F9000
G1 X-4.301 Y-22.438
;WIPE_END
G1 X-5.338 Y-20.855 Z3.4 F30000
G1 Z3
G1 E1.2 F2100
SET_VELOCITY_LIMIT ACCEL=2000
;TYPE:Top surface
;WIDTH:0.702119
G1 F7200
G1 X-4.474 Y-19.99 E.06569
SET_VELOCITY_LIMIT ACCEL=10000
G1 X-4.474 Y-19.058 F30000
SET_VELOCITY_LIMIT ACCEL=2000
G1 F7200
G1 X-6.03 Y-20.615 E.11825
SET_VELOCITY_LIMIT ACCEL=10000
G1 X-6.961 Y-20.614 F30000
SET_VELOCITY_LIMIT ACCEL=2000
G1 F7200
G1 X-5.321 Y-18.974 E.12459
SET_VELOCITY_LIMIT ACCEL=10000
G1 X-6.254 Y-18.974 F30000
SET_VELOCITY_LIMIT ACCEL=2000
G1 F7200
G1 X-8.526 Y-21.246 E.17266
SET_VELOCITY_LIMIT ACCEL=10000
G1 X-8.526 Y-20.314 F30000
SET_VELOCITY_LIMIT ACCEL=2000
G1 F7200
G1 X-7.186 Y-18.974 E.10184
SET_VELOCITY_LIMIT ACCEL=10000
G1 X-8.901 Y-19 F30000
;TYPE:Gap infill
;WIDTH:0.845842
G1 F9000
G1 X-40.099 Y-19 E2.04116
G1 E-1.2 F2100
;WIPE_START
G1 F9000
G1 X-38.099 Y-19
;WIPE_END
G1 X-44.583 Y-21.839 Z3.4 F30000
G1 Z3
G1 E1.2 F2100
;WIDTH:0.536969
G1 F9000
G1 X-44.62 Y-22.021 E.00746
;WIDTH:0.518257
G1 X-44.656 Y-22.203 E.00718
;WIDTH:0.480834
G1 X-44.692 Y-22.384 E.00661
;WIDTH:0.435062
G1 X-44.716 Y-22.698 E.01004
;WIDTH:0.396896
G1 X-44.733 Y-22.957 E.0075
;WIDTH:0.373134
G1 X-44.673 Y-23.496 E.01459
G1 X-44.646 Y-23.597 E.0028
G1 X-44.505 Y-23.966 E.01063
G1 X-44.417 Y-24.131 E.00503
G1 X-44.239 Y-24.387 E.00839
G1 X-44.088 Y-24.559 E.00616
G1 X-43.887 Y-24.739 E.00727
G1 X-43.628 Y-24.918 E.00846
G1 X-43.466 Y-25.005 E.00496
G1 X-42.996 Y-25.173 E.01342
G1 X-42.5 Y-25.233 E.01344
G1 X-42.004 Y-25.173 E.01344
G1 X-41.534 Y-25.005 E.01342
G1 X-41.366 Y-24.915 E.00514
G1 X-41.114 Y-24.738 E.00829
G1 X-40.93 Y-24.576 E.0066
G1 X-40.761 Y-24.387 E.00682
G1 X-40.583 Y-24.131 E.00839
G1 X-40.495 Y-23.966 E.00503
G1 X-40.342 Y-23.557 E.01176
;WIDTH:0.380938
G1 X-40.269 Y-23.021 E.01488
G1 X-40.284 Y-22.698 E.00893
;WIDTH:0.430898
G1 X-40.301 Y-22.438 E.00822
;WIDTH:0.45501
G1 X-40.308 Y-22.384 E.00182
;WIDTH:0.480629
G1 X-40.344 Y-22.204 E.00657
;WIDTH:0.517647
G1 X-40.38 Y-22.023 E.00712
;WIDTH:0.554665
G1 X-40.416 Y-21.843 E.00768
G1 E-1.2 F2100
;WIPE_START
G1 F9000
G1 X-40.38 Y-22.023
;WIPE_END
G1 X-41.338 Y-20.855 Z3.4 F30000
G1 Z3
G1 E1.2 F2100
SET_VELOCITY_LIMIT ACCEL=2000
;TYPE:Top surface
;WIDTH:0.702119
G1 F7200
G1 X-40.474 Y-19.99 E.06569
SET_VELOCITY_LIMIT ACCEL=10000
G1 X-40.474 Y-19.058 F30000
SET_VELOCITY_LIMIT ACCEL=2000
G1 F7200
G1 X-42.03 Y-20.615 E.11825
SET_VELOCITY_LIMIT ACCEL=10000
G1 X-42.961 Y-20.614 F30000
SET_VELOCITY_LIMIT ACCEL=2000
G1 F7200
G1 X-41.321 Y-18.974 E.12459
SET_VELOCITY_LIMIT ACCEL=10000
G1 X-42.254 Y-18.974 F30000
SET_VELOCITY_LIMIT ACCEL=2000
G1 F7200
G1 X-44.526 Y-21.246 E.17266
SET_VELOCITY_LIMIT ACCEL=10000
G1 X-44.526 Y-20.314 F30000
SET_VELOCITY_LIMIT ACCEL=2000
G1 F7200
G1 X-43.186 Y-18.974 E.10184
SET_VELOCITY_LIMIT ACCEL=10000
G1 X-44.901 Y-19 F30000
;TYPE:Gap infill
;WIDTH:0.845842
G1 F9000
G1 X-54.901 Y-19 E.65428
G1 X54.5 Y-18.599 F30000
;WIDTH:0.845841
G1 F9000
M73 P58 R9
G1 X54.5 Y-8.099 E.68699
;LAYER_CHANGE
;Z:3.2
;HEIGHT:0.2
;BEFORE_LAYER_CHANGE
;3.2
G1 E-1.2 F2100
;WIPE_START
G1 F9000
G1 X54.5 Y-10.099
;WIPE_END
;AFTER_LAYER_CHANGE
;3.2
;_SET_FAN_SPEED_CHANGING_LAYER
G17
G3 Z3.6 I-1.217 J-.03 P1  F30000
G1 X53.81 Y18.31 Z3.6
G1 Z3.2
G1 E1.2 F2100
SET_VELOCITY_LIMIT ACCEL=5000
;TYPE:Outer wall
;WIDTH:0.62
G1 F7200
G1 X53.81 Y7.81 E.49376
G1 X55.19 Y7.81 E.06489
G1 X55.19 Y19.69 E.55865
G1 X-55.19 Y19.69 E5.19058
G1 X-55.19 Y18.31 E.06489
G1 X53.774 Y18.31 E5.124
SET_VELOCITY_LIMIT ACCEL=10000
G1 X54.5 Y18.599 F30000
;TYPE:Gap infill
;WIDTH:0.868801
G1 F9000
G1 X54.477 Y18.709 E.00762
;WIDTH:0.914721
G1 F8602.885
G1 X54.454 Y18.82 E.00804
;WIDTH:0.960641
G1 F8172.419
G1 X54.431 Y18.931 E.00847
;WIDTH:0.960641
G1 X54.32 Y18.954 E.00847
;WIDTH:0.914721
G1 F8602.881
G1 X54.209 Y18.977 E.00804
;WIDTH:0.845888
G1 F9000
G1 X54.099 Y19 E.00741
G1 X-54.901 Y19 E7.13205
G1 X54.5 Y18.599 F30000
;WIDTH:0.845841
G1 F9000
G1 X54.5 Y8.099 E.68699
G1 E-1.2 F2100
;WIPE_START
G1 F9000
G1 X54.5 Y10.099
;WIPE_END
G1 X54.315 Y2.468 Z3.6 F30000
G1 X53.81 Y-18.31 Z3.6
G1 Z3.2
G1 E1.2 F2100
SET_VELOCITY_LIMIT ACCEL=5000
;TYPE:Outer wall
;WIDTH:0.62
G1 F7200
M73 P59 R9
G1 X-55.19 Y-18.31 E5.12569
G1 X-55.19 Y-19.69 E.06489
G1 X55.19 Y-19.69 E5.19058
G1 X55.19 Y-7.81 E.55865
G1 X53.81 Y-7.81 E.06489
G1 X53.81 Y-18.274 E.49207
SET_VELOCITY_LIMIT ACCEL=10000
G1 X54.5 Y-18.599 F30000
;TYPE:Gap infill
;WIDTH:0.868802
G1 F9000
G1 X54.477 Y-18.709 E.00762
;WIDTH:0.914721
G1 F8602.881
G1 X54.454 Y-18.82 E.00804
;WIDTH:0.960641
G1 F8172.424
G1 X54.431 Y-18.931 E.00847
;WIDTH:0.960641
G1 X54.32 Y-18.954 E.00847
;WIDTH:0.914721
G1 F8602.885
G1 X54.209 Y-18.977 E.00804
;WIDTH:0.84589
G1 F9000
G1 X54.099 Y-19 E.00741
G1 X-54.901 Y-19 E7.13207
G1 X54.5 Y-18.599 F30000
;WIDTH:0.845841
G1 F9000
G1 X54.5 Y-8.099 E.68699
;LAYER_CHANGE
;Z:3.4
;HEIGHT:0.2
;BEFORE_LAYER_CHANGE
;3.4
G1 E-1.2 F2100
;WIPE_START
G1 F9000
G1 X54.5 Y-10.099
;WIPE_END
;AFTER_LAYER_CHANGE
;3.4
;_SET_FAN_SPEED_CHANGING_LAYER
G17
G3 Z3.8 I-1.217 J-.03 P1  F30000
G1 X53.81 Y18.31 Z3.8
G1 Z3.4
G1 E1.2 F2100
SET_VELOCITY_LIMIT ACCEL=5000
;TYPE:Outer wall
;WIDTH:0.62
G1 F7200
G1 X53.81 Y7.81 E.49376
G1 X55.19 Y7.81 E.06489
G1 X55.19 Y19.69 E.55865
G1 X-55.19 Y19.69 E5.19058
G1 X-55.19 Y18.31 E.06489
G1 X53.774 Y18.31 E5.124
SET_VELOCITY_LIMIT ACCEL=10000
G1 X54.5 Y18.599 F30000
;TYPE:Gap infill
;WIDTH:0.868801
G1 F9000
G1 X54.477 Y18.709 E.00762
;WIDTH:0.914721
G1 F8602.885
G1 X54.454 Y18.82 E.00804
;WIDTH:0.960641
G1 F8172.419
G1 X54.431 Y18.931 E.00847
;WIDTH:0.960641
G1 X54.32 Y18.954 E.00847
;WIDTH:0.914721
G1 F8602.881
G1 X54.209 Y18.977 E.00804
;WIDTH:0.845888
G1 F9000
G1 X54.099 Y19 E.00741
G1 X-54.901 Y19 E7.13205
G1 X54.5 Y18.599 F30000
;WIDTH:0.845841
G1 F9000
G1 X54.5 Y8.099 E.68699
G1 E-1.2 F2100
;WIPE_START
G1 F9000
G1 X54.5 Y10.099
;WIPE_END
G1 X54.315 Y2.468 Z3.8 F30000
G1 X53.81 Y-18.31 Z3.8
G1 Z3.4
G1 E1.2 F2100
SET_VELOCITY_LIMIT ACCEL=5000
;TYPE:Outer wall
;WIDTH:0.62
G1 F7200
G1 X-55.19 Y-18.31 E5.12569
G1 X-55.19 Y-19.69 E.06489
G1 X55.19 Y-19.69 E5.19058
G1 X55.19 Y-7.81 E.55865
G1 X53.81 Y-7.81 E.06489
G1 X53.81 Y-18.274 E.49207
SET_VELOCITY_LIMIT ACCEL=10000
G1 X54.5 Y-18.599 F30000
;TYPE:Gap infill
;WIDTH:0.868802
G1 F9000
G1 X54.477 Y-18.709 E.00762
;WIDTH:0.914721
G1 F8602.881
G1 X54.454 Y-18.82 E.00804
;WIDTH:0.960641
G1 F8172.424
G1 X54.431 Y-18.931 E.00847
;WIDTH:0.960641
G1 X54.32 Y-18.954 E.00847
;WIDTH:0.914721
G1 F8602.885
G1 X54.209 Y-18.977 E.00804
;WIDTH:0.84589
G1 F9000
G1 X54.099 Y-19 E.00741
G1 X-54.901 Y-19 E7.13207
G1 X54.5 Y-18.599 F30000
;WIDTH:0.845841
G1 F9000
G1 X54.5 Y-8.099 E.68699
;LAYER_CHANGE
;Z:3.6
;HEIGHT:0.2
;BEFORE_LAYER_CHANGE
;3.6
G1 E-1.2 F2100
;WIPE_START
G1 F9000
G1 X54.5 Y-10.099
;WIPE_END
;AFTER_LAYER_CHANGE
;3.6
;_SET_FAN_SPEED_CHANGING_LAYER
G17
G3 Z4 I-1.217 J-.03 P1  F30000
G1 X53.81 Y18.31 Z4
G1 Z3.6
G1 E1.2 F2100
SET_VELOCITY_LIMIT ACCEL=5000
;TYPE:Outer wall
;WIDTH:0.62
G1 F7200
G1 X53.81 Y7.81 E.49376
G1 X55.19 Y7.81 E.06489
G1 X55.19 Y19.69 E.55865
G1 X-55.19 Y19.69 E5.19058
G1 X-55.19 Y18.31 E.06489
G1 X53.774 Y18.31 E5.124
SET_VELOCITY_LIMIT ACCEL=10000
G1 X54.5 Y18.599 F30000
;TYPE:Gap infill
;WIDTH:0.868801
G1 F9000
G1 X54.477 Y18.709 E.00762
;WIDTH:0.914721
G1 F8602.885
G1 X54.454 Y18.82 E.00804
;WIDTH:0.960641
G1 F8172.419
G1 X54.431 Y18.931 E.00847
;WIDTH:0.960641
G1 X54.32 Y18.954 E.00847
;WIDTH:0.914721
G1 F8602.881
G1 X54.209 Y18.977 E.00804
;WIDTH:0.845888
G1 F9000
G1 X54.099 Y19 E.00741
G1 X-54.901 Y19 E7.13205
G1 X54.5 Y18.599 F30000
;WIDTH:0.845841
G1 F9000
G1 X54.5 Y8.099 E.68699
G1 E-1.2 F2100
;WIPE_START
G1 F9000
G1 X54.5 Y10.099
;WIPE_END
G1 X54.315 Y2.468 Z4 F30000
G1 X53.81 Y-18.31 Z4
G1 Z3.6
G1 E1.2 F2100
SET_VELOCITY_LIMIT ACCEL=5000
;TYPE:Outer wall
;WIDTH:0.62
G1 F7200
G1 X-55.19 Y-18.31 E5.12569
G1 X-55.19 Y-19.69 E.06489
M73 P60 R9
G1 X55.19 Y-19.69 E5.19058
G1 X55.19 Y-7.81 E.55865
G1 X53.81 Y-7.81 E.06489
G1 X53.81 Y-18.274 E.49207
SET_VELOCITY_LIMIT ACCEL=10000
G1 X54.5 Y-18.599 F30000
;TYPE:Gap infill
;WIDTH:0.868802
G1 F9000
G1 X54.477 Y-18.709 E.00762
;WIDTH:0.914721
G1 F8602.881
G1 X54.454 Y-18.82 E.00804
;WIDTH:0.960641
G1 F8172.424
G1 X54.431 Y-18.931 E.00847
;WIDTH:0.960641
G1 X54.32 Y-18.954 E.00847
;WIDTH:0.914721
G1 F8602.885
G1 X54.209 Y-18.977 E.00804
;WIDTH:0.84589
G1 F9000
G1 X54.099 Y-19 E.00741
G1 X-54.901 Y-19 E7.13207
G1 X54.5 Y-18.599 F30000
;WIDTH:0.845841
G1 F9000
G1 X54.5 Y-8.099 E.68699
;LAYER_CHANGE
;Z:3.8
;HEIGHT:0.2
;BEFORE_LAYER_CHANGE
;3.8
G1 E-1.2 F2100
;WIPE_START
G1 F9000
G1 X54.5 Y-10.099
;WIPE_END
;AFTER_LAYER_CHANGE
;3.8
;_SET_FAN_SPEED_CHANGING_LAYER
G17
G3 Z4.2 I-1.217 J-.03 P1  F30000
G1 X53.81 Y18.31 Z4.2
G1 Z3.8
G1 E1.2 F2100
SET_VELOCITY_LIMIT ACCEL=5000
;TYPE:Outer wall
;WIDTH:0.62
G1 F7200
G1 X53.81 Y7.81 E.49376
G1 X55.19 Y7.81 E.06489
G1 X55.19 Y19.69 E.55865
G1 X-55.19 Y19.69 E5.19058
G1 X-55.19 Y18.31 E.06489
G1 X53.774 Y18.31 E5.124
SET_VELOCITY_LIMIT ACCEL=10000
G1 X54.5 Y18.599 F30000
;TYPE:Gap infill
;WIDTH:0.868801
G1 F9000
G1 X54.477 Y18.709 E.00762
;WIDTH:0.914721
G1 F8602.885
G1 X54.454 Y18.82 E.00804
;WIDTH:0.960641
G1 F8172.419
G1 X54.431 Y18.931 E.00847
;WIDTH:0.960641
G1 X54.32 Y18.954 E.00847
;WIDTH:0.914721
G1 F8602.881
G1 X54.209 Y18.977 E.00804
;WIDTH:0.845888
G1 F9000
G1 X54.099 Y19 E.00741
G1 X-54.901 Y19 E7.13205
G1 X54.5 Y18.599 F30000
;WIDTH:0.845841
G1 F9000
G1 X54.5 Y8.099 E.68699
G1 E-1.2 F2100
;WIPE_START
G1 F9000
G1 X54.5 Y10.099
;WIPE_END
G1 X54.315 Y2.468 Z4.2 F30000
G1 X53.81 Y-18.31 Z4.2
G1 Z3.8
G1 E1.2 F2100
SET_VELOCITY_LIMIT ACCEL=5000
;TYPE:Outer wall
;WIDTH:0.62
G1 F7200
G1 X-55.19 Y-18.31 E5.12569
G1 X-55.19 Y-19.69 E.06489
G1 X55.19 Y-19.69 E5.19058
G1 X55.19 Y-7.81 E.55865
G1 X53.81 Y-7.81 E.06489
G1 X53.81 Y-18.274 E.49207
SET_VELOCITY_LIMIT ACCEL=10000
G1 X54.5 Y-18.599 F30000
;TYPE:Gap infill
;WIDTH:0.868802
G1 F9000
G1 X54.477 Y-18.709 E.00762
;WIDTH:0.914721
G1 F8602.881
G1 X54.454 Y-18.82 E.00804
;WIDTH:0.960641
G1 F8172.424
G1 X54.431 Y-18.931 E.00847
;WIDTH:0.960641
G1 X54.32 Y-18.954 E.00847
;WIDTH:0.914721
G1 F8602.885
G1 X54.209 Y-18.977 E.00804
;WIDTH:0.84589
G1 F9000
G1 X54.099 Y-19 E.00741
G1 X-54.901 Y-19 E7.13207
G1 X54.5 Y-18.599 F30000
;WIDTH:0.845841
G1 F9000
G1 X54.5 Y-8.099 E.68699
;LAYER_CHANGE
;Z:4
;HEIGHT:0.2
;BEFORE_LAYER_CHANGE
;4
G1 E-1.2 F2100
;WIPE_START
G1 F9000
G1 X54.5 Y-10.099
;WIPE_END
;AFTER_LAYER_CHANGE
;4
;_SET_FAN_SPEED_CHANGING_LAYER
G17
G3 Z4.4 I-1.217 J-.03 P1  F30000
G1 X53.81 Y18.31 Z4.4
G1 Z4
G1 E1.2 F2100
SET_VELOCITY_LIMIT ACCEL=5000
;TYPE:Outer wall
;WIDTH:0.62
G1 F7200
G1 X53.81 Y7.81 E.49376
G1 X55.19 Y7.81 E.06489
G1 X55.19 Y19.69 E.55865
G1 X-55.19 Y19.69 E5.19058
G1 X-55.19 Y18.31 E.06489
G1 X53.774 Y18.31 E5.124
SET_VELOCITY_LIMIT ACCEL=10000
G1 X54.5 Y18.599 F30000
;TYPE:Gap infill
;WIDTH:0.868801
G1 F9000
G1 X54.477 Y18.709 E.00762
;WIDTH:0.914721
G1 F8602.885
G1 X54.454 Y18.82 E.00804
;WIDTH:0.960641
G1 F8172.419
G1 X54.431 Y18.931 E.00847
;WIDTH:0.960641
G1 X54.32 Y18.954 E.00847
;WIDTH:0.914721
G1 F8602.881
G1 X54.209 Y18.977 E.00804
;WIDTH:0.845888
G1 F9000
G1 X54.099 Y19 E.00741
G1 X-54.901 Y19 E7.13205
G1 X54.5 Y18.599 F30000
;WIDTH:0.845841
G1 F9000
G1 X54.5 Y8.099 E.68699
G1 E-1.2 F2100
;WIPE_START
G1 F9000
G1 X54.5 Y10.099
;WIPE_END
G1 X54.315 Y2.468 Z4.4 F30000
G1 X53.81 Y-18.31 Z4.4
G1 Z4
G1 E1.2 F2100
SET_VELOCITY_LIMIT ACCEL=5000
;TYPE:Outer wall
;WIDTH:0.62
G1 F7200
G1 X-55.19 Y-18.31 E5.12569
G1 X-55.19 Y-19.69 E.06489
M73 P61 R9
G1 X55.19 Y-19.69 E5.19058
G1 X55.19 Y-7.81 E.55865
G1 X53.81 Y-7.81 E.06489
G1 X53.81 Y-18.274 E.49207
SET_VELOCITY_LIMIT ACCEL=10000
G1 X54.5 Y-18.599 F30000
;TYPE:Gap infill
;WIDTH:0.868802
G1 F9000
G1 X54.477 Y-18.709 E.00762
;WIDTH:0.914721
G1 F8602.881
G1 X54.454 Y-18.82 E.00804
;WIDTH:0.960641
G1 F8172.424
G1 X54.431 Y-18.931 E.00847
;WIDTH:0.960641
G1 X54.32 Y-18.954 E.00847
;WIDTH:0.914721
G1 F8602.885
G1 X54.209 Y-18.977 E.00804
;WIDTH:0.84589
G1 F9000
G1 X54.099 Y-19 E.00741
G1 X-54.901 Y-19 E7.13207
G1 X54.5 Y-18.599 F30000
;WIDTH:0.845841
G1 F9000
G1 X54.5 Y-8.099 E.68699
;LAYER_CHANGE
;Z:4.2
;HEIGHT:0.2
;BEFORE_LAYER_CHANGE
;4.2
G1 E-1.2 F2100
;WIPE_START
G1 F9000
G1 X54.5 Y-10.099
;WIPE_END
;AFTER_LAYER_CHANGE
;4.2
;_SET_FAN_SPEED_CHANGING_LAYER
G17
G3 Z4.6 I-1.217 J-.03 P1  F30000
G1 X53.81 Y18.31 Z4.6
G1 Z4.2
G1 E1.2 F2100
SET_VELOCITY_LIMIT ACCEL=5000
;TYPE:Outer wall
;WIDTH:0.62
G1 F7200
G1 X53.81 Y7.81 E.49376
G1 X55.19 Y7.81 E.06489
G1 X55.19 Y19.69 E.55865
G1 X-55.19 Y19.69 E5.19058
G1 X-55.19 Y18.31 E.06489
G1 X53.774 Y18.31 E5.124
SET_VELOCITY_LIMIT ACCEL=10000
G1 X54.5 Y18.599 F30000
;TYPE:Gap infill
;WIDTH:0.868801
G1 F9000
G1 X54.477 Y18.709 E.00762
;WIDTH:0.914721
G1 F8602.885
G1 X54.454 Y18.82 E.00804
;WIDTH:0.960641
G1 F8172.419
G1 X54.431 Y18.931 E.00847
;WIDTH:0.960641
G1 X54.32 Y18.954 E.00847
;WIDTH:0.914721
G1 F8602.881
G1 X54.209 Y18.977 E.00804
;WIDTH:0.845888
G1 F9000
G1 X54.099 Y19 E.00741
G1 X-54.901 Y19 E7.13205
G1 X54.5 Y18.599 F30000
;WIDTH:0.845841
G1 F9000
G1 X54.5 Y8.099 E.68699
G1 E-1.2 F2100
;WIPE_START
G1 F9000
G1 X54.5 Y10.099
;WIPE_END
G1 X54.315 Y2.468 Z4.6 F30000
G1 X53.81 Y-18.31 Z4.6
G1 Z4.2
G1 E1.2 F2100
SET_VELOCITY_LIMIT ACCEL=5000
;TYPE:Outer wall
;WIDTH:0.62
G1 F7200
G1 X-55.19 Y-18.31 E5.12569
G1 X-55.19 Y-19.69 E.06489
G1 X55.19 Y-19.69 E5.19058
G1 X55.19 Y-7.81 E.55865
G1 X53.81 Y-7.81 E.06489
G1 X53.81 Y-18.274 E.49207
SET_VELOCITY_LIMIT ACCEL=10000
G1 X54.5 Y-18.599 F30000
;TYPE:Gap infill
;WIDTH:0.868802
G1 F9000
G1 X54.477 Y-18.709 E.00762
;WIDTH:0.914721
G1 F8602.881
G1 X54.454 Y-18.82 E.00804
;WIDTH:0.960641
G1 F8172.424
G1 X54.431 Y-18.931 E.00847
;WIDTH:0.960641
G1 X54.32 Y-18.954 E.00847
;WIDTH:0.914721
G1 F8602.885
G1 X54.209 Y-18.977 E.00804
;WIDTH:0.84589
G1 F9000
G1 X54.099 Y-19 E.00741
G1 X-54.901 Y-19 E7.13207
G1 X54.5 Y-18.599 F30000
;WIDTH:0.845841
G1 F9000
G1 X54.5 Y-8.099 E.68699
;LAYER_CHANGE
;Z:4.4
;HEIGHT:0.2
;BEFORE_LAYER_CHANGE
;4.4
G1 E-1.2 F2100
;WIPE_START
G1 F9000
G1 X54.5 Y-10.099
;WIPE_END
;AFTER_LAYER_CHANGE
;4.4
;_SET_FAN_SPEED_CHANGING_LAYER
G17
G3 Z4.8 I-1.217 J-.03 P1  F30000
G1 X53.81 Y18.31 Z4.8
G1 Z4.4
G1 E1.2 F2100
SET_VELOCITY_LIMIT ACCEL=5000
;TYPE:Outer wall
;WIDTH:0.62
G1 F7200
G1 X53.81 Y7.81 E.49376
G1 X55.19 Y7.81 E.06489
G1 X55.19 Y19.69 E.55865
G1 X-55.19 Y19.69 E5.19058
G1 X-55.19 Y18.31 E.06489
G1 X53.774 Y18.31 E5.124
SET_VELOCITY_LIMIT ACCEL=10000
G1 X54.5 Y18.599 F30000
;TYPE:Gap infill
;WIDTH:0.868801
G1 F9000
G1 X54.477 Y18.709 E.00762
;WIDTH:0.914721
G1 F8602.885
G1 X54.454 Y18.82 E.00804
;WIDTH:0.960641
G1 F8172.419
G1 X54.431 Y18.931 E.00847
;WIDTH:0.960641
G1 X54.32 Y18.954 E.00847
;WIDTH:0.914721
G1 F8602.881
G1 X54.209 Y18.977 E.00804
;WIDTH:0.845888
G1 F9000
G1 X54.099 Y19 E.00741
G1 X-54.901 Y19 E7.13205
G1 X54.5 Y18.599 F30000
;WIDTH:0.845841
G1 F9000
G1 X54.5 Y8.099 E.68699
G1 E-1.2 F2100
;WIPE_START
G1 F9000
G1 X54.5 Y10.099
;WIPE_END
G1 X54.315 Y2.468 Z4.8 F30000
G1 X53.81 Y-18.31 Z4.8
G1 Z4.4
G1 E1.2 F2100
SET_VELOCITY_LIMIT ACCEL=5000
;TYPE:Outer wall
;WIDTH:0.62
G1 F7200
G1 X-55.19 Y-18.31 E5.12569
G1 X-55.19 Y-19.69 E.06489
M73 P62 R9
G1 X55.19 Y-19.69 E5.19058
G1 X55.19 Y-7.81 E.55865
G1 X53.81 Y-7.81 E.06489
G1 X53.81 Y-18.274 E.49207
SET_VELOCITY_LIMIT ACCEL=10000
G1 X54.5 Y-18.599 F30000
;TYPE:Gap infill
;WIDTH:0.868802
G1 F9000
G1 X54.477 Y-18.709 E.00762
;WIDTH:0.914721
G1 F8602.881
G1 X54.454 Y-18.82 E.00804
;WIDTH:0.960641
G1 F8172.424
G1 X54.431 Y-18.931 E.00847
;WIDTH:0.960641
G1 X54.32 Y-18.954 E.00847
;WIDTH:0.914721
G1 F8602.885
G1 X54.209 Y-18.977 E.00804
;WIDTH:0.84589
G1 F9000
G1 X54.099 Y-19 E.00741
G1 X-54.901 Y-19 E7.13207
G1 X54.5 Y-18.599 F30000
;WIDTH:0.845841
G1 F9000
G1 X54.5 Y-8.099 E.68699
;LAYER_CHANGE
;Z:4.6
;HEIGHT:0.2
;BEFORE_LAYER_CHANGE
;4.6
G1 E-1.2 F2100
;WIPE_START
G1 F9000
G1 X54.5 Y-10.099
;WIPE_END
;AFTER_LAYER_CHANGE
;4.6
;_SET_FAN_SPEED_CHANGING_LAYER
G17
G3 Z5 I-1.217 J-.03 P1  F30000
G1 X53.81 Y18.31 Z5
G1 Z4.6
G1 E1.2 F2100
SET_VELOCITY_LIMIT ACCEL=5000
;TYPE:Outer wall
;WIDTH:0.62
G1 F7200
G1 X53.81 Y7.81 E.49376
G1 X55.19 Y7.81 E.06489
G1 X55.19 Y19.69 E.55865
G1 X-55.19 Y19.69 E5.19058
G1 X-55.19 Y18.31 E.06489
G1 X53.774 Y18.31 E5.124
SET_VELOCITY_LIMIT ACCEL=10000
G1 X54.5 Y18.599 F30000
;TYPE:Gap infill
;WIDTH:0.868801
G1 F9000
G1 X54.477 Y18.709 E.00762
;WIDTH:0.914721
G1 F8602.885
G1 X54.454 Y18.82 E.00804
;WIDTH:0.960641
G1 F8172.419
G1 X54.431 Y18.931 E.00847
;WIDTH:0.960641
G1 X54.32 Y18.954 E.00847
;WIDTH:0.914721
G1 F8602.881
G1 X54.209 Y18.977 E.00804
;WIDTH:0.845888
G1 F9000
G1 X54.099 Y19 E.00741
G1 X-54.901 Y19 E7.13205
G1 X54.5 Y18.599 F30000
;WIDTH:0.845841
G1 F9000
G1 X54.5 Y8.099 E.68699
G1 E-1.2 F2100
;WIPE_START
G1 F9000
G1 X54.5 Y10.099
;WIPE_END
G1 X54.315 Y2.468 Z5 F30000
G1 X53.81 Y-18.31 Z5
G1 Z4.6
G1 E1.2 F2100
SET_VELOCITY_LIMIT ACCEL=5000
;TYPE:Outer wall
;WIDTH:0.62
G1 F7200
G1 X-55.19 Y-18.31 E5.12569
G1 X-55.19 Y-19.69 E.06489
G1 X55.19 Y-19.69 E5.19058
G1 X55.19 Y-7.81 E.55865
G1 X53.81 Y-7.81 E.06489
G1 X53.81 Y-18.274 E.49207
SET_VELOCITY_LIMIT ACCEL=10000
G1 X54.5 Y-18.599 F30000
;TYPE:Gap infill
;WIDTH:0.868802
G1 F9000
G1 X54.477 Y-18.709 E.00762
;WIDTH:0.914721
G1 F8602.881
G1 X54.454 Y-18.82 E.00804
;WIDTH:0.960641
G1 F8172.424
G1 X54.431 Y-18.931 E.00847
;WIDTH:0.960641
G1 X54.32 Y-18.954 E.00847
;WIDTH:0.914721
G1 F8602.885
G1 X54.209 Y-18.977 E.00804
;WIDTH:0.84589
G1 F9000
G1 X54.099 Y-19 E.00741
G1 X-54.901 Y-19 E7.13207
G1 X54.5 Y-18.599 F30000
;WIDTH:0.845841
G1 F9000
G1 X54.5 Y-8.099 E.68699
;LAYER_CHANGE
;Z:4.8
;HEIGHT:0.2
;BEFORE_LAYER_CHANGE
;4.8
G1 E-1.2 F2100
;WIPE_START
G1 F9000
G1 X54.5 Y-10.099
;WIPE_END
;AFTER_LAYER_CHANGE
;4.8
;_SET_FAN_SPEED_CHANGING_LAYER
G17
G3 Z5.2 I-1.217 J-.03 P1  F30000
G1 X53.81 Y18.31 Z5.2
G1 Z4.8
G1 E1.2 F2100
SET_VELOCITY_LIMIT ACCEL=5000
;TYPE:Outer wall
;WIDTH:0.62
G1 F7200
G1 X53.81 Y7.81 E.49376
G1 X55.19 Y7.81 E.06489
G1 X55.19 Y19.69 E.55865
G1 X-55.19 Y19.69 E5.19058
G1 X-55.19 Y18.31 E.06489
G1 X53.774 Y18.31 E5.124
SET_VELOCITY_LIMIT ACCEL=10000
G1 X54.5 Y18.599 F30000
M73 P62 R8
;TYPE:Gap infill
;WIDTH:0.868801
G1 F9000
G1 X54.477 Y18.709 E.00762
;WIDTH:0.914721
G1 F8602.885
G1 X54.454 Y18.82 E.00804
;WIDTH:0.960641
G1 F8172.419
G1 X54.431 Y18.931 E.00847
;WIDTH:0.960641
G1 X54.32 Y18.954 E.00847
;WIDTH:0.914721
G1 F8602.881
G1 X54.209 Y18.977 E.00804
;WIDTH:0.845888
G1 F9000
G1 X54.099 Y19 E.00741
G1 X-54.901 Y19 E7.13205
G1 X54.5 Y18.599 F30000
;WIDTH:0.845841
G1 F9000
G1 X54.5 Y8.099 E.68699
G1 E-1.2 F2100
;WIPE_START
G1 F9000
G1 X54.5 Y10.099
;WIPE_END
G1 X54.315 Y2.468 Z5.2 F30000
G1 X53.81 Y-18.31 Z5.2
G1 Z4.8
G1 E1.2 F2100
SET_VELOCITY_LIMIT ACCEL=5000
;TYPE:Outer wall
;WIDTH:0.62
G1 F7200
G1 X-55.19 Y-18.31 E5.12569
G1 X-55.19 Y-19.69 E.06489
M73 P63 R8
G1 X55.19 Y-19.69 E5.19058
G1 X55.19 Y-7.81 E.55865
G1 X53.81 Y-7.81 E.06489
G1 X53.81 Y-18.274 E.49207
SET_VELOCITY_LIMIT ACCEL=10000
G1 X54.5 Y-18.599 F30000
;TYPE:Gap infill
;WIDTH:0.868802
G1 F9000
G1 X54.477 Y-18.709 E.00762
;WIDTH:0.914721
G1 F8602.881
G1 X54.454 Y-18.82 E.00804
;WIDTH:0.960641
G1 F8172.424
G1 X54.431 Y-18.931 E.00847
;WIDTH:0.960641
G1 X54.32 Y-18.954 E.00847
;WIDTH:0.914721
G1 F8602.885
G1 X54.209 Y-18.977 E.00804
;WIDTH:0.84589
G1 F9000
G1 X54.099 Y-19 E.00741
G1 X-54.901 Y-19 E7.13207
G1 X54.5 Y-18.599 F30000
;WIDTH:0.845841
G1 F9000
G1 X54.5 Y-8.099 E.68699
;LAYER_CHANGE
;Z:5
;HEIGHT:0.2
;BEFORE_LAYER_CHANGE
;5
G1 E-1.2 F2100
;WIPE_START
G1 F9000
G1 X54.5 Y-10.099
;WIPE_END
;AFTER_LAYER_CHANGE
;5
;_SET_FAN_SPEED_CHANGING_LAYER
G17
G3 Z5.4 I-1.217 J-.03 P1  F30000
G1 X53.81 Y18.31 Z5.4
G1 Z5
G1 E1.2 F2100
SET_VELOCITY_LIMIT ACCEL=5000
;TYPE:Outer wall
;WIDTH:0.62
G1 F7200
G1 X53.81 Y7.81 E.49376
G1 X55.19 Y7.81 E.06489
G1 X55.19 Y19.69 E.55865
G1 X-55.19 Y19.69 E5.19058
G1 X-55.19 Y18.31 E.06489
G1 X53.774 Y18.31 E5.124
SET_VELOCITY_LIMIT ACCEL=10000
G1 X54.5 Y18.599 F30000
;TYPE:Gap infill
;WIDTH:0.868801
G1 F9000
G1 X54.477 Y18.709 E.00762
;WIDTH:0.914721
G1 F8602.885
G1 X54.454 Y18.82 E.00804
;WIDTH:0.960641
G1 F8172.419
G1 X54.431 Y18.931 E.00847
;WIDTH:0.960641
G1 X54.32 Y18.954 E.00847
;WIDTH:0.914721
G1 F8602.881
G1 X54.209 Y18.977 E.00804
;WIDTH:0.845888
G1 F9000
G1 X54.099 Y19 E.00741
G1 X-54.901 Y19 E7.13205
G1 X54.5 Y18.599 F30000
;WIDTH:0.845841
G1 F9000
G1 X54.5 Y8.099 E.68699
G1 E-1.2 F2100
;WIPE_START
G1 F9000
G1 X54.5 Y10.099
;WIPE_END
G1 X54.315 Y2.468 Z5.4 F30000
G1 X53.81 Y-18.31 Z5.4
G1 Z5
G1 E1.2 F2100
SET_VELOCITY_LIMIT ACCEL=5000
;TYPE:Outer wall
;WIDTH:0.62
G1 F7200
G1 X-55.19 Y-18.31 E5.12569
G1 X-55.19 Y-19.69 E.06489
G1 X55.19 Y-19.69 E5.19058
G1 X55.19 Y-7.81 E.55865
G1 X53.81 Y-7.81 E.06489
G1 X53.81 Y-18.274 E.49207
SET_VELOCITY_LIMIT ACCEL=10000
G1 X54.5 Y-18.599 F30000
;TYPE:Gap infill
;WIDTH:0.868802
G1 F9000
G1 X54.477 Y-18.709 E.00762
;WIDTH:0.914721
G1 F8602.881
G1 X54.454 Y-18.82 E.00804
;WIDTH:0.960641
G1 F8172.424
G1 X54.431 Y-18.931 E.00847
;WIDTH:0.960641
G1 X54.32 Y-18.954 E.00847
;WIDTH:0.914721
G1 F8602.885
G1 X54.209 Y-18.977 E.00804
;WIDTH:0.84589
G1 F9000
G1 X54.099 Y-19 E.00741
G1 X-54.901 Y-19 E7.13207
G1 X54.5 Y-18.599 F30000
;WIDTH:0.845841
G1 F9000
G1 X54.5 Y-8.099 E.68699
;LAYER_CHANGE
;Z:5.2
;HEIGHT:0.2
;BEFORE_LAYER_CHANGE
;5.2
G1 E-1.2 F2100
;WIPE_START
G1 F9000
G1 X54.5 Y-10.099
;WIPE_END
;AFTER_LAYER_CHANGE
;5.2
;_SET_FAN_SPEED_CHANGING_LAYER
G17
G3 Z5.6 I-1.217 J-.03 P1  F30000
G1 X53.81 Y18.31 Z5.6
G1 Z5.2
G1 E1.2 F2100
SET_VELOCITY_LIMIT ACCEL=5000
;TYPE:Outer wall
;WIDTH:0.62
G1 F7200
G1 X53.81 Y7.81 E.49376
G1 X55.19 Y7.81 E.06489
G1 X55.19 Y19.69 E.55865
G1 X-55.19 Y19.69 E5.19058
G1 X-55.19 Y18.31 E.06489
G1 X53.774 Y18.31 E5.124
SET_VELOCITY_LIMIT ACCEL=10000
G1 X54.5 Y18.599 F30000
;TYPE:Gap infill
;WIDTH:0.868801
G1 F9000
G1 X54.477 Y18.709 E.00762
;WIDTH:0.914721
G1 F8602.885
G1 X54.454 Y18.82 E.00804
;WIDTH:0.960641
G1 F8172.419
G1 X54.431 Y18.931 E.00847
;WIDTH:0.960641
G1 X54.32 Y18.954 E.00847
;WIDTH:0.914721
G1 F8602.881
G1 X54.209 Y18.977 E.00804
;WIDTH:0.845888
G1 F9000
G1 X54.099 Y19 E.00741
G1 X-54.901 Y19 E7.13205
G1 X54.5 Y18.599 F30000
;WIDTH:0.845841
G1 F9000
G1 X54.5 Y8.099 E.68699
G1 E-1.2 F2100
;WIPE_START
G1 F9000
G1 X54.5 Y10.099
;WIPE_END
G1 X54.315 Y2.468 Z5.6 F30000
G1 X53.81 Y-18.31 Z5.6
G1 Z5.2
G1 E1.2 F2100
SET_VELOCITY_LIMIT ACCEL=5000
;TYPE:Outer wall
;WIDTH:0.62
G1 F7200
G1 X-55.19 Y-18.31 E5.12569
G1 X-55.19 Y-19.69 E.06489
M73 P64 R8
G1 X55.19 Y-19.69 E5.19058
G1 X55.19 Y-7.81 E.55865
G1 X53.81 Y-7.81 E.06489
G1 X53.81 Y-18.274 E.49207
SET_VELOCITY_LIMIT ACCEL=10000
G1 X54.5 Y-18.599 F30000
;TYPE:Gap infill
;WIDTH:0.868802
G1 F9000
G1 X54.477 Y-18.709 E.00762
;WIDTH:0.914721
G1 F8602.881
G1 X54.454 Y-18.82 E.00804
;WIDTH:0.960641
G1 F8172.424
G1 X54.431 Y-18.931 E.00847
;WIDTH:0.960641
G1 X54.32 Y-18.954 E.00847
;WIDTH:0.914721
G1 F8602.885
G1 X54.209 Y-18.977 E.00804
;WIDTH:0.84589
G1 F9000
G1 X54.099 Y-19 E.00741
G1 X-54.901 Y-19 E7.13207
G1 X54.5 Y-18.599 F30000
;WIDTH:0.845841
G1 F9000
G1 X54.5 Y-8.099 E.68699
;LAYER_CHANGE
;Z:5.4
;HEIGHT:0.2
;BEFORE_LAYER_CHANGE
;5.4
G1 E-1.2 F2100
;WIPE_START
G1 F9000
G1 X54.5 Y-10.099
;WIPE_END
;AFTER_LAYER_CHANGE
;5.4
;_SET_FAN_SPEED_CHANGING_LAYER
G17
G3 Z5.8 I-1.217 J-.03 P1  F30000
G1 X53.81 Y18.31 Z5.8
G1 Z5.4
G1 E1.2 F2100
SET_VELOCITY_LIMIT ACCEL=5000
;TYPE:Outer wall
;WIDTH:0.62
G1 F7200
G1 X53.81 Y7.81 E.49376
G1 X55.19 Y7.81 E.06489
G1 X55.19 Y19.69 E.55865
G1 X-55.19 Y19.69 E5.19058
G1 X-55.19 Y18.31 E.06489
G1 X53.774 Y18.31 E5.124
SET_VELOCITY_LIMIT ACCEL=10000
G1 X54.5 Y18.599 F30000
;TYPE:Gap infill
;WIDTH:0.868801
G1 F9000
G1 X54.477 Y18.709 E.00762
;WIDTH:0.914721
G1 F8602.885
G1 X54.454 Y18.82 E.00804
;WIDTH:0.960641
G1 F8172.419
G1 X54.431 Y18.931 E.00847
;WIDTH:0.960641
G1 X54.32 Y18.954 E.00847
;WIDTH:0.914721
G1 F8602.881
G1 X54.209 Y18.977 E.00804
;WIDTH:0.845888
G1 F9000
G1 X54.099 Y19 E.00741
G1 X-54.901 Y19 E7.13205
G1 X54.5 Y18.599 F30000
;WIDTH:0.845841
G1 F9000
G1 X54.5 Y8.099 E.68699
G1 E-1.2 F2100
;WIPE_START
G1 F9000
G1 X54.5 Y10.099
;WIPE_END
G1 X54.315 Y2.468 Z5.8 F30000
G1 X53.81 Y-18.31 Z5.8
G1 Z5.4
G1 E1.2 F2100
SET_VELOCITY_LIMIT ACCEL=5000
;TYPE:Outer wall
;WIDTH:0.62
G1 F7200
G1 X-55.19 Y-18.31 E5.12569
G1 X-55.19 Y-19.69 E.06489
G1 X55.19 Y-19.69 E5.19058
G1 X55.19 Y-7.81 E.55865
G1 X53.81 Y-7.81 E.06489
G1 X53.81 Y-18.274 E.49207
SET_VELOCITY_LIMIT ACCEL=10000
G1 X54.5 Y-18.599 F30000
;TYPE:Gap infill
;WIDTH:0.868802
G1 F9000
G1 X54.477 Y-18.709 E.00762
;WIDTH:0.914721
G1 F8602.881
G1 X54.454 Y-18.82 E.00804
;WIDTH:0.960641
G1 F8172.424
G1 X54.431 Y-18.931 E.00847
;WIDTH:0.960641
G1 X54.32 Y-18.954 E.00847
;WIDTH:0.914721
G1 F8602.885
G1 X54.209 Y-18.977 E.00804
;WIDTH:0.84589
G1 F9000
G1 X54.099 Y-19 E.00741
G1 X-54.901 Y-19 E7.13207
G1 X54.5 Y-18.599 F30000
;WIDTH:0.845841
G1 F9000
G1 X54.5 Y-8.099 E.68699
;LAYER_CHANGE
;Z:5.6
;HEIGHT:0.2
;BEFORE_LAYER_CHANGE
;5.6
G1 E-1.2 F2100
;WIPE_START
G1 F9000
G1 X54.5 Y-10.099
;WIPE_END
;AFTER_LAYER_CHANGE
;5.6
;_SET_FAN_SPEED_CHANGING_LAYER
G17
G3 Z6 I-1.217 J-.03 P1  F30000
G1 X53.81 Y18.31 Z6
G1 Z5.6
G1 E1.2 F2100
SET_VELOCITY_LIMIT ACCEL=5000
;TYPE:Outer wall
;WIDTH:0.62
G1 F7200
G1 X53.81 Y7.81 E.49376
G1 X55.19 Y7.81 E.06489
G1 X55.19 Y19.69 E.55865
G1 X-55.19 Y19.69 E5.19058
G1 X-55.19 Y18.31 E.06489
G1 X53.774 Y18.31 E5.124
SET_VELOCITY_LIMIT ACCEL=10000
G1 X54.5 Y18.599 F30000
;TYPE:Gap infill
;WIDTH:0.868801
G1 F9000
G1 X54.477 Y18.709 E.00762
;WIDTH:0.914721
G1 F8602.885
G1 X54.454 Y18.82 E.00804
;WIDTH:0.960641
G1 F8172.419
G1 X54.431 Y18.931 E.00847
;WIDTH:0.960641
G1 X54.32 Y18.954 E.00847
;WIDTH:0.914721
G1 F8602.881
G1 X54.209 Y18.977 E.00804
;WIDTH:0.845888
G1 F9000
G1 X54.099 Y19 E.00741
G1 X-54.901 Y19 E7.13205
G1 X54.5 Y18.599 F30000
;WIDTH:0.845841
G1 F9000
G1 X54.5 Y8.099 E.68699
G1 E-1.2 F2100
;WIPE_START
G1 F9000
G1 X54.5 Y10.099
;WIPE_END
G1 X54.315 Y2.468 Z6 F30000
G1 X53.81 Y-18.31 Z6
G1 Z5.6
G1 E1.2 F2100
SET_VELOCITY_LIMIT ACCEL=5000
;TYPE:Outer wall
;WIDTH:0.62
G1 F7200
G1 X-55.19 Y-18.31 E5.12569
G1 X-55.19 Y-19.69 E.06489
M73 P65 R8
G1 X55.19 Y-19.69 E5.19058
G1 X55.19 Y-7.81 E.55865
G1 X53.81 Y-7.81 E.06489
G1 X53.81 Y-18.274 E.49207
SET_VELOCITY_LIMIT ACCEL=10000
G1 X54.5 Y-18.599 F30000
;TYPE:Gap infill
;WIDTH:0.868802
G1 F9000
G1 X54.477 Y-18.709 E.00762
;WIDTH:0.914721
G1 F8602.881
G1 X54.454 Y-18.82 E.00804
;WIDTH:0.960641
G1 F8172.424
G1 X54.431 Y-18.931 E.00847
;WIDTH:0.960641
G1 X54.32 Y-18.954 E.00847
;WIDTH:0.914721
G1 F8602.885
G1 X54.209 Y-18.977 E.00804
;WIDTH:0.84589
G1 F9000
G1 X54.099 Y-19 E.00741
G1 X-54.901 Y-19 E7.13207
G1 X54.5 Y-18.599 F30000
;WIDTH:0.845841
G1 F9000
G1 X54.5 Y-8.099 E.68699
;LAYER_CHANGE
;Z:5.8
;HEIGHT:0.2
;BEFORE_LAYER_CHANGE
;5.8
G1 E-1.2 F2100
;WIPE_START
G1 F9000
G1 X54.5 Y-10.099
;WIPE_END
;AFTER_LAYER_CHANGE
;5.8
;_SET_FAN_SPEED_CHANGING_LAYER
G17
G3 Z6.2 I-1.217 J-.03 P1  F30000
G1 X53.81 Y18.31 Z6.2
G1 Z5.8
G1 E1.2 F2100
SET_VELOCITY_LIMIT ACCEL=5000
;TYPE:Outer wall
;WIDTH:0.62
G1 F7200
G1 X53.81 Y7.81 E.49376
G1 X55.19 Y7.81 E.06489
G1 X55.19 Y19.69 E.55865
G1 X-55.19 Y19.69 E5.19058
G1 X-55.19 Y18.31 E.06489
G1 X53.774 Y18.31 E5.124
SET_VELOCITY_LIMIT ACCEL=10000
G1 X54.5 Y18.599 F30000
;TYPE:Gap infill
;WIDTH:0.868801
G1 F9000
G1 X54.477 Y18.709 E.00762
;WIDTH:0.914721
G1 F8602.885
G1 X54.454 Y18.82 E.00804
;WIDTH:0.960641
G1 F8172.419
G1 X54.431 Y18.931 E.00847
;WIDTH:0.960641
G1 X54.32 Y18.954 E.00847
;WIDTH:0.914721
G1 F8602.881
G1 X54.209 Y18.977 E.00804
;WIDTH:0.845888
G1 F9000
G1 X54.099 Y19 E.00741
G1 X-54.901 Y19 E7.13205
G1 X54.5 Y18.599 F30000
;WIDTH:0.845841
G1 F9000
G1 X54.5 Y8.099 E.68699
G1 E-1.2 F2100
;WIPE_START
G1 F9000
G1 X54.5 Y10.099
;WIPE_END
G1 X54.315 Y2.468 Z6.2 F30000
G1 X53.81 Y-18.31 Z6.2
G1 Z5.8
G1 E1.2 F2100
SET_VELOCITY_LIMIT ACCEL=5000
;TYPE:Outer wall
;WIDTH:0.62
G1 F7200
G1 X-55.19 Y-18.31 E5.12569
G1 X-55.19 Y-19.69 E.06489
G1 X55.19 Y-19.69 E5.19058
G1 X55.19 Y-7.81 E.55865
G1 X53.81 Y-7.81 E.06489
G1 X53.81 Y-18.274 E.49207
SET_VELOCITY_LIMIT ACCEL=10000
G1 X54.5 Y-18.599 F30000
;TYPE:Gap infill
;WIDTH:0.868802
G1 F9000
G1 X54.477 Y-18.709 E.00762
;WIDTH:0.914721
G1 F8602.881
G1 X54.454 Y-18.82 E.00804
;WIDTH:0.960641
G1 F8172.424
G1 X54.431 Y-18.931 E.00847
;WIDTH:0.960641
G1 X54.32 Y-18.954 E.00847
;WIDTH:0.914721
G1 F8602.885
G1 X54.209 Y-18.977 E.00804
;WIDTH:0.84589
G1 F9000
G1 X54.099 Y-19 E.00741
G1 X-54.901 Y-19 E7.13207
G1 X54.5 Y-18.599 F30000
;WIDTH:0.845841
G1 F9000
G1 X54.5 Y-8.099 E.68699
;LAYER_CHANGE
;Z:6
;HEIGHT:0.2
;BEFORE_LAYER_CHANGE
;6
G1 E-1.2 F2100
;WIPE_START
G1 F9000
G1 X54.5 Y-10.099
;WIPE_END
;AFTER_LAYER_CHANGE
;6
;_SET_FAN_SPEED_CHANGING_LAYER
G17
G3 Z6.4 I-1.217 J-.03 P1  F30000
G1 X53.81 Y18.31 Z6.4
G1 Z6
G1 E1.2 F2100
SET_VELOCITY_LIMIT ACCEL=5000
;TYPE:Outer wall
;WIDTH:0.62
G1 F7200
G1 X53.81 Y7.81 E.49376
G1 X55.19 Y7.81 E.06489
G1 X55.19 Y19.69 E.55865
G1 X-55.19 Y19.69 E5.19058
G1 X-55.19 Y18.31 E.06489
G1 X53.774 Y18.31 E5.124
SET_VELOCITY_LIMIT ACCEL=10000
G1 X54.5 Y18.599 F30000
;TYPE:Gap infill
;WIDTH:0.868801
G1 F9000
G1 X54.477 Y18.709 E.00762
;WIDTH:0.914721
G1 F8602.885
G1 X54.454 Y18.82 E.00804
;WIDTH:0.960641
G1 F8172.419
G1 X54.431 Y18.931 E.00847
;WIDTH:0.960641
G1 X54.32 Y18.954 E.00847
;WIDTH:0.914721
G1 F8602.881
G1 X54.209 Y18.977 E.00804
;WIDTH:0.845888
G1 F9000
G1 X54.099 Y19 E.00741
G1 X-54.901 Y19 E7.13205
G1 X54.5 Y18.599 F30000
;WIDTH:0.845841
G1 F9000
G1 X54.5 Y8.099 E.68699
G1 E-1.2 F2100
;WIPE_START
G1 F9000
G1 X54.5 Y10.099
;WIPE_END
G1 X54.315 Y2.468 Z6.4 F30000
G1 X53.81 Y-18.31 Z6.4
G1 Z6
G1 E1.2 F2100
SET_VELOCITY_LIMIT ACCEL=5000
;TYPE:Outer wall
;WIDTH:0.62
G1 F7200
G1 X-55.19 Y-18.31 E5.12569
G1 X-55.19 Y-19.69 E.06489
M73 P66 R8
G1 X55.19 Y-19.69 E5.19058
G1 X55.19 Y-7.81 E.55865
G1 X53.81 Y-7.81 E.06489
G1 X53.81 Y-18.274 E.49207
SET_VELOCITY_LIMIT ACCEL=10000
G1 X54.5 Y-18.599 F30000
;TYPE:Gap infill
;WIDTH:0.868802
G1 F9000
G1 X54.477 Y-18.709 E.00762
;WIDTH:0.914721
G1 F8602.881
G1 X54.454 Y-18.82 E.00804
;WIDTH:0.960641
G1 F8172.424
G1 X54.431 Y-18.931 E.00847
;WIDTH:0.960641
G1 X54.32 Y-18.954 E.00847
;WIDTH:0.914721
G1 F8602.885
G1 X54.209 Y-18.977 E.00804
;WIDTH:0.84589
G1 F9000
G1 X54.099 Y-19 E.00741
G1 X-54.901 Y-19 E7.13207
G1 X54.5 Y-18.599 F30000
;WIDTH:0.845841
G1 F9000
G1 X54.5 Y-8.099 E.68699
;LAYER_CHANGE
;Z:6.2
;HEIGHT:0.2
;BEFORE_LAYER_CHANGE
;6.2
G1 E-1.2 F2100
;WIPE_START
G1 F9000
G1 X54.5 Y-10.099
;WIPE_END
;AFTER_LAYER_CHANGE
;6.2
;_SET_FAN_SPEED_CHANGING_LAYER
G17
G3 Z6.6 I-1.217 J-.03 P1  F30000
G1 X53.81 Y18.31 Z6.6
G1 Z6.2
G1 E1.2 F2100
SET_VELOCITY_LIMIT ACCEL=5000
;TYPE:Outer wall
;WIDTH:0.62
G1 F7200
G1 X53.81 Y7.81 E.49376
G1 X55.19 Y7.81 E.06489
G1 X55.19 Y19.69 E.55865
G1 X-55.19 Y19.69 E5.19058
G1 X-55.19 Y18.31 E.06489
G1 X53.774 Y18.31 E5.124
SET_VELOCITY_LIMIT ACCEL=10000
G1 X54.5 Y18.599 F30000
;TYPE:Gap infill
;WIDTH:0.868801
G1 F9000
G1 X54.477 Y18.709 E.00762
;WIDTH:0.914721
G1 F8602.885
G1 X54.454 Y18.82 E.00804
;WIDTH:0.960641
G1 F8172.419
G1 X54.431 Y18.931 E.00847
;WIDTH:0.960641
G1 X54.32 Y18.954 E.00847
;WIDTH:0.914721
G1 F8602.881
G1 X54.209 Y18.977 E.00804
;WIDTH:0.845888
G1 F9000
G1 X54.099 Y19 E.00741
G1 X-54.901 Y19 E7.13205
G1 X54.5 Y18.599 F30000
;WIDTH:0.845841
G1 F9000
G1 X54.5 Y8.099 E.68699
G1 E-1.2 F2100
;WIPE_START
G1 F9000
G1 X54.5 Y10.099
;WIPE_END
G1 X54.315 Y2.468 Z6.6 F30000
G1 X53.81 Y-18.31 Z6.6
G1 Z6.2
G1 E1.2 F2100
SET_VELOCITY_LIMIT ACCEL=5000
;TYPE:Outer wall
;WIDTH:0.62
G1 F7200
G1 X-55.19 Y-18.31 E5.12569
G1 X-55.19 Y-19.69 E.06489
G1 X55.19 Y-19.69 E5.19058
G1 X55.19 Y-7.81 E.55865
G1 X53.81 Y-7.81 E.06489
G1 X53.81 Y-18.274 E.49207
SET_VELOCITY_LIMIT ACCEL=10000
G1 X54.5 Y-18.599 F30000
;TYPE:Gap infill
;WIDTH:0.868802
G1 F9000
G1 X54.477 Y-18.709 E.00762
;WIDTH:0.914721
G1 F8602.881
G1 X54.454 Y-18.82 E.00804
;WIDTH:0.960641
G1 F8172.424
G1 X54.431 Y-18.931 E.00847
;WIDTH:0.960641
G1 X54.32 Y-18.954 E.00847
;WIDTH:0.914721
G1 F8602.885
G1 X54.209 Y-18.977 E.00804
;WIDTH:0.84589
G1 F9000
G1 X54.099 Y-19 E.00741
G1 X-54.901 Y-19 E7.13207
G1 X54.5 Y-18.599 F30000
;WIDTH:0.845841
G1 F9000
G1 X54.5 Y-8.099 E.68699
;LAYER_CHANGE
;Z:6.4
;HEIGHT:0.2
;BEFORE_LAYER_CHANGE
;6.4
G1 E-1.2 F2100
;WIPE_START
G1 F9000
G1 X54.5 Y-10.099
;WIPE_END
;AFTER_LAYER_CHANGE
;6.4
;_SET_FAN_SPEED_CHANGING_LAYER
G17
G3 Z6.8 I-1.217 J-.03 P1  F30000
G1 X53.81 Y18.31 Z6.8
G1 Z6.4
G1 E1.2 F2100
SET_VELOCITY_LIMIT ACCEL=5000
;TYPE:Outer wall
;WIDTH:0.62
G1 F7200
G1 X53.81 Y7.81 E.49376
G1 X55.19 Y7.81 E.06489
G1 X55.19 Y19.69 E.55865
G1 X-55.19 Y19.69 E5.19058
G1 X-55.19 Y18.31 E.06489
G1 X53.774 Y18.31 E5.124
SET_VELOCITY_LIMIT ACCEL=10000
G1 X54.5 Y18.599 F30000
;TYPE:Gap infill
;WIDTH:0.868801
G1 F9000
G1 X54.477 Y18.709 E.00762
;WIDTH:0.914721
G1 F8602.885
G1 X54.454 Y18.82 E.00804
;WIDTH:0.960641
G1 F8172.419
G1 X54.431 Y18.931 E.00847
;WIDTH:0.960641
G1 X54.32 Y18.954 E.00847
;WIDTH:0.914721
G1 F8602.881
G1 X54.209 Y18.977 E.00804
;WIDTH:0.845888
G1 F9000
G1 X54.099 Y19 E.00741
G1 X-54.901 Y19 E7.13205
G1 X54.5 Y18.599 F30000
;WIDTH:0.845841
G1 F9000
G1 X54.5 Y8.099 E.68699
G1 E-1.2 F2100
;WIPE_START
G1 F9000
G1 X54.5 Y10.099
;WIPE_END
G1 X54.315 Y2.468 Z6.8 F30000
G1 X53.81 Y-18.31 Z6.8
G1 Z6.4
G1 E1.2 F2100
SET_VELOCITY_LIMIT ACCEL=5000
;TYPE:Outer wall
;WIDTH:0.62
G1 F7200
G1 X-55.19 Y-18.31 E5.12569
G1 X-55.19 Y-19.69 E.06489
M73 P67 R7
G1 X55.19 Y-19.69 E5.19058
G1 X55.19 Y-7.81 E.55865
G1 X53.81 Y-7.81 E.06489
G1 X53.81 Y-18.274 E.49207
SET_VELOCITY_LIMIT ACCEL=10000
G1 X54.5 Y-18.599 F30000
;TYPE:Gap infill
;WIDTH:0.868802
G1 F9000
G1 X54.477 Y-18.709 E.00762
;WIDTH:0.914721
G1 F8602.881
G1 X54.454 Y-18.82 E.00804
;WIDTH:0.960641
G1 F8172.424
G1 X54.431 Y-18.931 E.00847
;WIDTH:0.960641
G1 X54.32 Y-18.954 E.00847
;WIDTH:0.914721
G1 F8602.885
G1 X54.209 Y-18.977 E.00804
;WIDTH:0.84589
G1 F9000
G1 X54.099 Y-19 E.00741
G1 X-54.901 Y-19 E7.13207
G1 X54.5 Y-18.599 F30000
;WIDTH:0.845841
G1 F9000
G1 X54.5 Y-8.099 E.68699
;LAYER_CHANGE
;Z:6.6
;HEIGHT:0.2
;BEFORE_LAYER_CHANGE
;6.6
G1 E-1.2 F2100
;WIPE_START
G1 F9000
G1 X54.5 Y-10.099
;WIPE_END
;AFTER_LAYER_CHANGE
;6.6
;_SET_FAN_SPEED_CHANGING_LAYER
G17
G3 Z7 I-1.217 J-.03 P1  F30000
G1 X53.81 Y18.31 Z7
G1 Z6.6
G1 E1.2 F2100
SET_VELOCITY_LIMIT ACCEL=5000
;TYPE:Outer wall
;WIDTH:0.62
G1 F7200
G1 X53.81 Y7.81 E.49376
G1 X55.19 Y7.81 E.06489
G1 X55.19 Y19.69 E.55865
G1 X-55.19 Y19.69 E5.19058
G1 X-55.19 Y18.31 E.06489
G1 X53.774 Y18.31 E5.124
SET_VELOCITY_LIMIT ACCEL=10000
G1 X54.5 Y18.599 F30000
;TYPE:Gap infill
;WIDTH:0.868801
G1 F9000
G1 X54.477 Y18.709 E.00762
;WIDTH:0.914721
G1 F8602.885
G1 X54.454 Y18.82 E.00804
;WIDTH:0.960641
G1 F8172.419
G1 X54.431 Y18.931 E.00847
;WIDTH:0.960641
G1 X54.32 Y18.954 E.00847
;WIDTH:0.914721
G1 F8602.881
G1 X54.209 Y18.977 E.00804
;WIDTH:0.845888
G1 F9000
G1 X54.099 Y19 E.00741
G1 X-54.901 Y19 E7.13205
G1 X54.5 Y18.599 F30000
;WIDTH:0.845841
G1 F9000
G1 X54.5 Y8.099 E.68699
G1 E-1.2 F2100
;WIPE_START
G1 F9000
G1 X54.5 Y10.099
;WIPE_END
G1 X54.315 Y2.468 Z7 F30000
G1 X53.81 Y-18.31 Z7
G1 Z6.6
G1 E1.2 F2100
SET_VELOCITY_LIMIT ACCEL=5000
;TYPE:Outer wall
;WIDTH:0.62
G1 F7200
G1 X-55.19 Y-18.31 E5.12569
G1 X-55.19 Y-19.69 E.06489
G1 X55.19 Y-19.69 E5.19058
G1 X55.19 Y-7.81 E.55865
G1 X53.81 Y-7.81 E.06489
G1 X53.81 Y-18.274 E.49207
SET_VELOCITY_LIMIT ACCEL=10000
G1 X54.5 Y-18.599 F30000
;TYPE:Gap infill
;WIDTH:0.868802
G1 F9000
G1 X54.477 Y-18.709 E.00762
;WIDTH:0.914721
G1 F8602.881
G1 X54.454 Y-18.82 E.00804
;WIDTH:0.960641
G1 F8172.424
G1 X54.431 Y-18.931 E.00847
;WIDTH:0.960641
G1 X54.32 Y-18.954 E.00847
;WIDTH:0.914721
G1 F8602.885
G1 X54.209 Y-18.977 E.00804
;WIDTH:0.84589
G1 F9000
G1 X54.099 Y-19 E.00741
G1 X-54.901 Y-19 E7.13207
G1 X54.5 Y-18.599 F30000
;WIDTH:0.845841
G1 F9000
G1 X54.5 Y-8.099 E.68699
;LAYER_CHANGE
;Z:6.8
;HEIGHT:0.2
;BEFORE_LAYER_CHANGE
;6.8
G1 E-1.2 F2100
;WIPE_START
G1 F9000
G1 X54.5 Y-10.099
;WIPE_END
;AFTER_LAYER_CHANGE
;6.8
;_SET_FAN_SPEED_CHANGING_LAYER
G17
G3 Z7.2 I-1.217 J-.03 P1  F30000
G1 X53.81 Y18.31 Z7.2
G1 Z6.8
G1 E1.2 F2100
SET_VELOCITY_LIMIT ACCEL=5000
;TYPE:Outer wall
;WIDTH:0.62
G1 F7200
G1 X53.81 Y7.81 E.49376
G1 X55.19 Y7.81 E.06489
G1 X55.19 Y19.69 E.55865
G1 X-55.19 Y19.69 E5.19058
G1 X-55.19 Y18.31 E.06489
G1 X53.774 Y18.31 E5.124
SET_VELOCITY_LIMIT ACCEL=10000
G1 X54.5 Y18.599 F30000
;TYPE:Gap infill
;WIDTH:0.868801
G1 F9000
G1 X54.477 Y18.709 E.00762
;WIDTH:0.914721
G1 F8602.885
G1 X54.454 Y18.82 E.00804
;WIDTH:0.960641
G1 F8172.419
G1 X54.431 Y18.931 E.00847
;WIDTH:0.960641
G1 X54.32 Y18.954 E.00847
;WIDTH:0.914721
G1 F8602.881
G1 X54.209 Y18.977 E.00804
;WIDTH:0.845888
G1 F9000
G1 X54.099 Y19 E.00741
G1 X-54.901 Y19 E7.13205
G1 X54.5 Y18.599 F30000
;WIDTH:0.845841
G1 F9000
G1 X54.5 Y8.099 E.68699
G1 E-1.2 F2100
;WIPE_START
G1 F9000
G1 X54.5 Y10.099
;WIPE_END
G1 X54.315 Y2.468 Z7.2 F30000
G1 X53.81 Y-18.31 Z7.2
G1 Z6.8
G1 E1.2 F2100
SET_VELOCITY_LIMIT ACCEL=5000
;TYPE:Outer wall
;WIDTH:0.62
G1 F7200
G1 X-55.19 Y-18.31 E5.12569
G1 X-55.19 Y-19.69 E.06489
M73 P68 R7
G1 X55.19 Y-19.69 E5.19058
G1 X55.19 Y-7.81 E.55865
G1 X53.81 Y-7.81 E.06489
G1 X53.81 Y-18.274 E.49207
SET_VELOCITY_LIMIT ACCEL=10000
G1 X54.5 Y-18.599 F30000
;TYPE:Gap infill
;WIDTH:0.868802
G1 F9000
G1 X54.477 Y-18.709 E.00762
;WIDTH:0.914721
G1 F8602.881
G1 X54.454 Y-18.82 E.00804
;WIDTH:0.960641
G1 F8172.424
G1 X54.431 Y-18.931 E.00847
;WIDTH:0.960641
G1 X54.32 Y-18.954 E.00847
;WIDTH:0.914721
G1 F8602.885
G1 X54.209 Y-18.977 E.00804
;WIDTH:0.84589
G1 F9000
G1 X54.099 Y-19 E.00741
G1 X-54.901 Y-19 E7.13207
G1 X54.5 Y-18.599 F30000
;WIDTH:0.845841
G1 F9000
G1 X54.5 Y-8.099 E.68699
;LAYER_CHANGE
;Z:7
;HEIGHT:0.2
;BEFORE_LAYER_CHANGE
;7
G1 E-1.2 F2100
;WIPE_START
G1 F9000
G1 X54.5 Y-10.099
;WIPE_END
;AFTER_LAYER_CHANGE
;7
;_SET_FAN_SPEED_CHANGING_LAYER
G17
G3 Z7.4 I-1.217 J-.03 P1  F30000
G1 X53.81 Y18.31 Z7.4
G1 Z7
G1 E1.2 F2100
SET_VELOCITY_LIMIT ACCEL=5000
;TYPE:Outer wall
;WIDTH:0.62
G1 F7200
G1 X53.81 Y7.81 E.49376
G1 X55.19 Y7.81 E.06489
G1 X55.19 Y19.69 E.55865
G1 X-55.19 Y19.69 E5.19058
G1 X-55.19 Y18.31 E.06489
G1 X53.774 Y18.31 E5.124
SET_VELOCITY_LIMIT ACCEL=10000
G1 X54.5 Y18.599 F30000
;TYPE:Gap infill
;WIDTH:0.868801
G1 F9000
G1 X54.477 Y18.709 E.00762
;WIDTH:0.914721
G1 F8602.885
G1 X54.454 Y18.82 E.00804
;WIDTH:0.960641
G1 F8172.419
G1 X54.431 Y18.931 E.00847
;WIDTH:0.960641
G1 X54.32 Y18.954 E.00847
;WIDTH:0.914721
G1 F8602.881
G1 X54.209 Y18.977 E.00804
;WIDTH:0.845888
G1 F9000
G1 X54.099 Y19 E.00741
G1 X-54.901 Y19 E7.13205
G1 X54.5 Y18.599 F30000
;WIDTH:0.845841
G1 F9000
G1 X54.5 Y8.099 E.68699
G1 E-1.2 F2100
;WIPE_START
G1 F9000
G1 X54.5 Y10.099
;WIPE_END
G1 X54.315 Y2.468 Z7.4 F30000
G1 X53.81 Y-18.31 Z7.4
G1 Z7
G1 E1.2 F2100
SET_VELOCITY_LIMIT ACCEL=5000
;TYPE:Outer wall
;WIDTH:0.62
G1 F7200
G1 X-55.19 Y-18.31 E5.12569
G1 X-55.19 Y-19.69 E.06489
G1 X55.19 Y-19.69 E5.19058
G1 X55.19 Y-7.81 E.55865
G1 X53.81 Y-7.81 E.06489
G1 X53.81 Y-18.274 E.49207
SET_VELOCITY_LIMIT ACCEL=10000
G1 X54.5 Y-18.599 F30000
;TYPE:Gap infill
;WIDTH:0.868802
G1 F9000
G1 X54.477 Y-18.709 E.00762
;WIDTH:0.914721
G1 F8602.881
G1 X54.454 Y-18.82 E.00804
;WIDTH:0.960641
G1 F8172.424
G1 X54.431 Y-18.931 E.00847
;WIDTH:0.960641
G1 X54.32 Y-18.954 E.00847
;WIDTH:0.914721
G1 F8602.885
G1 X54.209 Y-18.977 E.00804
;WIDTH:0.84589
G1 F9000
G1 X54.099 Y-19 E.00741
G1 X-54.901 Y-19 E7.13207
G1 X54.5 Y-18.599 F30000
;WIDTH:0.845841
G1 F9000
G1 X54.5 Y-8.099 E.68699
;LAYER_CHANGE
;Z:7.2
;HEIGHT:0.2
;BEFORE_LAYER_CHANGE
;7.2
G1 E-1.2 F2100
;WIPE_START
G1 F9000
G1 X54.5 Y-10.099
;WIPE_END
;AFTER_LAYER_CHANGE
;7.2
;_SET_FAN_SPEED_CHANGING_LAYER
G17
G3 Z7.6 I-1.217 J-.03 P1  F30000
G1 X53.81 Y18.31 Z7.6
G1 Z7.2
G1 E1.2 F2100
SET_VELOCITY_LIMIT ACCEL=5000
;TYPE:Outer wall
;WIDTH:0.62
G1 F7200
G1 X53.81 Y7.81 E.49376
G1 X55.19 Y7.81 E.06489
G1 X55.19 Y19.69 E.55865
G1 X-55.19 Y19.69 E5.19058
G1 X-55.19 Y18.31 E.06489
G1 X53.774 Y18.31 E5.124
SET_VELOCITY_LIMIT ACCEL=10000
G1 X54.5 Y18.599 F30000
;TYPE:Gap infill
;WIDTH:0.868801
G1 F9000
G1 X54.477 Y18.709 E.00762
;WIDTH:0.914721
G1 F8602.885
G1 X54.454 Y18.82 E.00804
;WIDTH:0.960641
G1 F8172.419
G1 X54.431 Y18.931 E.00847
;WIDTH:0.960641
G1 X54.32 Y18.954 E.00847
;WIDTH:0.914721
G1 F8602.881
G1 X54.209 Y18.977 E.00804
;WIDTH:0.845888
G1 F9000
G1 X54.099 Y19 E.00741
G1 X-54.901 Y19 E7.13205
G1 X54.5 Y18.599 F30000
;WIDTH:0.845841
G1 F9000
G1 X54.5 Y8.099 E.68699
G1 E-1.2 F2100
;WIPE_START
G1 F9000
G1 X54.5 Y10.099
;WIPE_END
G1 X54.315 Y2.468 Z7.6 F30000
G1 X53.81 Y-18.31 Z7.6
G1 Z7.2
G1 E1.2 F2100
SET_VELOCITY_LIMIT ACCEL=5000
;TYPE:Outer wall
;WIDTH:0.62
G1 F7200
G1 X-55.19 Y-18.31 E5.12569
G1 X-55.19 Y-19.69 E.06489
G1 X55.19 Y-19.69 E5.19058
M73 P69 R7
G1 X55.19 Y-7.81 E.55865
G1 X53.81 Y-7.81 E.06489
G1 X53.81 Y-18.274 E.49207
SET_VELOCITY_LIMIT ACCEL=10000
G1 X54.5 Y-18.599 F30000
;TYPE:Gap infill
;WIDTH:0.868802
G1 F9000
G1 X54.477 Y-18.709 E.00762
;WIDTH:0.914721
G1 F8602.881
G1 X54.454 Y-18.82 E.00804
;WIDTH:0.960641
G1 F8172.424
G1 X54.431 Y-18.931 E.00847
;WIDTH:0.960641
G1 X54.32 Y-18.954 E.00847
;WIDTH:0.914721
G1 F8602.885
G1 X54.209 Y-18.977 E.00804
;WIDTH:0.84589
G1 F9000
G1 X54.099 Y-19 E.00741
G1 X-54.901 Y-19 E7.13207
G1 X54.5 Y-18.599 F30000
;WIDTH:0.845841
G1 F9000
G1 X54.5 Y-8.099 E.68699
;LAYER_CHANGE
;Z:7.4
;HEIGHT:0.2
;BEFORE_LAYER_CHANGE
;7.4
G1 E-1.2 F2100
;WIPE_START
G1 F9000
G1 X54.5 Y-10.099
;WIPE_END
;AFTER_LAYER_CHANGE
;7.4
;_SET_FAN_SPEED_CHANGING_LAYER
G17
G3 Z7.8 I-1.217 J-.03 P1  F30000
G1 X53.81 Y18.31 Z7.8
G1 Z7.4
G1 E1.2 F2100
SET_VELOCITY_LIMIT ACCEL=5000
;TYPE:Outer wall
;WIDTH:0.62
G1 F7200
G1 X53.81 Y7.81 E.49376
G1 X55.19 Y7.81 E.06489
G1 X55.19 Y19.69 E.55865
G1 X-55.19 Y19.69 E5.19058
G1 X-55.19 Y18.31 E.06489
G1 X53.774 Y18.31 E5.124
SET_VELOCITY_LIMIT ACCEL=10000
G1 X54.5 Y18.599 F30000
;TYPE:Gap infill
;WIDTH:0.868801
G1 F9000
G1 X54.477 Y18.709 E.00762
;WIDTH:0.914721
G1 F8602.885
G1 X54.454 Y18.82 E.00804
;WIDTH:0.960641
G1 F8172.419
G1 X54.431 Y18.931 E.00847
;WIDTH:0.960641
G1 X54.32 Y18.954 E.00847
;WIDTH:0.914721
G1 F8602.881
G1 X54.209 Y18.977 E.00804
;WIDTH:0.845888
G1 F9000
G1 X54.099 Y19 E.00741
G1 X-54.901 Y19 E7.13205
G1 X54.5 Y18.599 F30000
;WIDTH:0.845841
G1 F9000
G1 X54.5 Y8.099 E.68699
G1 E-1.2 F2100
;WIPE_START
G1 F9000
G1 X54.5 Y10.099
;WIPE_END
G1 X54.315 Y2.468 Z7.8 F30000
G1 X53.81 Y-18.31 Z7.8
G1 Z7.4
G1 E1.2 F2100
SET_VELOCITY_LIMIT ACCEL=5000
;TYPE:Outer wall
;WIDTH:0.62
G1 F7200
G1 X-55.19 Y-18.31 E5.12569
G1 X-55.19 Y-19.69 E.06489
G1 X55.19 Y-19.69 E5.19058
G1 X55.19 Y-7.81 E.55865
G1 X53.81 Y-7.81 E.06489
G1 X53.81 Y-18.274 E.49207
SET_VELOCITY_LIMIT ACCEL=10000
G1 X54.5 Y-18.599 F30000
;TYPE:Gap infill
;WIDTH:0.868802
G1 F9000
G1 X54.477 Y-18.709 E.00762
;WIDTH:0.914721
G1 F8602.881
G1 X54.454 Y-18.82 E.00804
;WIDTH:0.960641
G1 F8172.424
G1 X54.431 Y-18.931 E.00847
;WIDTH:0.960641
G1 X54.32 Y-18.954 E.00847
;WIDTH:0.914721
G1 F8602.885
G1 X54.209 Y-18.977 E.00804
;WIDTH:0.84589
G1 F9000
G1 X54.099 Y-19 E.00741
G1 X-54.901 Y-19 E7.13207
G1 X54.5 Y-18.599 F30000
;WIDTH:0.845841
G1 F9000
G1 X54.5 Y-8.099 E.68699
;LAYER_CHANGE
;Z:7.6
;HEIGHT:0.2
;BEFORE_LAYER_CHANGE
;7.6
G1 E-1.2 F2100
;WIPE_START
G1 F9000
G1 X54.5 Y-10.099
;WIPE_END
;AFTER_LAYER_CHANGE
;7.6
;_SET_FAN_SPEED_CHANGING_LAYER
G17
G3 Z8 I-1.217 J-.03 P1  F30000
G1 X53.81 Y18.31 Z8
G1 Z7.6
G1 E1.2 F2100
SET_VELOCITY_LIMIT ACCEL=5000
;TYPE:Outer wall
;WIDTH:0.62
G1 F7200
G1 X53.81 Y7.81 E.49376
G1 X55.19 Y7.81 E.06489
G1 X55.19 Y19.69 E.55865
G1 X-55.19 Y19.69 E5.19058
G1 X-55.19 Y18.31 E.06489
G1 X53.774 Y18.31 E5.124
SET_VELOCITY_LIMIT ACCEL=10000
G1 X54.5 Y18.599 F30000
;TYPE:Gap infill
;WIDTH:0.868801
G1 F9000
G1 X54.477 Y18.709 E.00762
;WIDTH:0.914721
G1 F8602.885
G1 X54.454 Y18.82 E.00804
;WIDTH:0.960641
G1 F8172.419
G1 X54.431 Y18.931 E.00847
;WIDTH:0.960641
G1 X54.32 Y18.954 E.00847
;WIDTH:0.914721
G1 F8602.881
G1 X54.209 Y18.977 E.00804
;WIDTH:0.845888
G1 F9000
G1 X54.099 Y19 E.00741
G1 X-54.901 Y19 E7.13205
G1 X54.5 Y18.599 F30000
;WIDTH:0.845841
G1 F9000
G1 X54.5 Y8.099 E.68699
G1 E-1.2 F2100
;WIPE_START
G1 F9000
G1 X54.5 Y10.099
;WIPE_END
G1 X54.315 Y2.468 Z8 F30000
G1 X53.81 Y-18.31 Z8
G1 Z7.6
G1 E1.2 F2100
SET_VELOCITY_LIMIT ACCEL=5000
;TYPE:Outer wall
;WIDTH:0.62
G1 F7200
G1 X-55.19 Y-18.31 E5.12569
G1 X-55.19 Y-19.69 E.06489
G1 X55.19 Y-19.69 E5.19058
G1 X55.19 Y-7.81 E.55865
M73 P70 R7
G1 X53.81 Y-7.81 E.06489
G1 X53.81 Y-18.274 E.49207
SET_VELOCITY_LIMIT ACCEL=10000
G1 X54.5 Y-18.599 F30000
;TYPE:Gap infill
;WIDTH:0.868802
G1 F9000
G1 X54.477 Y-18.709 E.00762
;WIDTH:0.914721
G1 F8602.881
G1 X54.454 Y-18.82 E.00804
;WIDTH:0.960641
G1 F8172.424
G1 X54.431 Y-18.931 E.00847
;WIDTH:0.960641
G1 X54.32 Y-18.954 E.00847
;WIDTH:0.914721
G1 F8602.885
G1 X54.209 Y-18.977 E.00804
;WIDTH:0.84589
G1 F9000
G1 X54.099 Y-19 E.00741
G1 X-54.901 Y-19 E7.13207
G1 X54.5 Y-18.599 F30000
;WIDTH:0.845841
G1 F9000
G1 X54.5 Y-8.099 E.68699
;LAYER_CHANGE
;Z:7.8
;HEIGHT:0.2
;BEFORE_LAYER_CHANGE
;7.8
G1 E-1.2 F2100
;WIPE_START
G1 F9000
G1 X54.5 Y-10.099
;WIPE_END
;AFTER_LAYER_CHANGE
;7.8
;_SET_FAN_SPEED_CHANGING_LAYER
G17
G3 Z8.2 I-1.217 J-.03 P1  F30000
G1 X53.81 Y18.31 Z8.2
G1 Z7.8
G1 E1.2 F2100
SET_VELOCITY_LIMIT ACCEL=5000
;TYPE:Outer wall
;WIDTH:0.62
G1 F7200
G1 X53.81 Y7.81 E.49376
G1 X55.19 Y7.81 E.06489
G1 X55.19 Y19.69 E.55865
G1 X-55.19 Y19.69 E5.19058
G1 X-55.19 Y18.31 E.06489
G1 X53.774 Y18.31 E5.124
SET_VELOCITY_LIMIT ACCEL=10000
G1 X54.5 Y18.599 F30000
;TYPE:Gap infill
;WIDTH:0.868801
G1 F9000
G1 X54.477 Y18.709 E.00762
;WIDTH:0.914721
G1 F8602.885
G1 X54.454 Y18.82 E.00804
;WIDTH:0.960641
G1 F8172.419
G1 X54.431 Y18.931 E.00847
;WIDTH:0.960641
G1 X54.32 Y18.954 E.00847
;WIDTH:0.914721
G1 F8602.881
G1 X54.209 Y18.977 E.00804
;WIDTH:0.845888
G1 F9000
G1 X54.099 Y19 E.00741
G1 X-54.901 Y19 E7.13205
G1 X54.5 Y18.599 F30000
;WIDTH:0.845841
G1 F9000
G1 X54.5 Y8.099 E.68699
G1 E-1.2 F2100
;WIPE_START
G1 F9000
G1 X54.5 Y10.099
;WIPE_END
G1 X54.315 Y2.468 Z8.2 F30000
G1 X53.81 Y-18.31 Z8.2
G1 Z7.8
G1 E1.2 F2100
SET_VELOCITY_LIMIT ACCEL=5000
;TYPE:Outer wall
;WIDTH:0.62
G1 F7200
G1 X-55.19 Y-18.31 E5.12569
G1 X-55.19 Y-19.69 E.06489
G1 X55.19 Y-19.69 E5.19058
G1 X55.19 Y-7.81 E.55865
G1 X53.81 Y-7.81 E.06489
G1 X53.81 Y-18.274 E.49207
SET_VELOCITY_LIMIT ACCEL=10000
G1 X54.5 Y-18.599 F30000
;TYPE:Gap infill
;WIDTH:0.868802
G1 F9000
G1 X54.477 Y-18.709 E.00762
;WIDTH:0.914721
G1 F8602.881
G1 X54.454 Y-18.82 E.00804
;WIDTH:0.960641
G1 F8172.424
G1 X54.431 Y-18.931 E.00847
;WIDTH:0.960641
G1 X54.32 Y-18.954 E.00847
;WIDTH:0.914721
G1 F8602.885
G1 X54.209 Y-18.977 E.00804
;WIDTH:0.84589
G1 F9000
G1 X54.099 Y-19 E.00741
G1 X-54.901 Y-19 E7.13207
G1 X54.5 Y-18.599 F30000
;WIDTH:0.845841
G1 F9000
G1 X54.5 Y-8.099 E.68699
;LAYER_CHANGE
;Z:8
;HEIGHT:0.2
;BEFORE_LAYER_CHANGE
;8
G1 E-1.2 F2100
;WIPE_START
G1 F9000
G1 X54.5 Y-10.099
;WIPE_END
;AFTER_LAYER_CHANGE
;8
;_SET_FAN_SPEED_CHANGING_LAYER
G17
G3 Z8.4 I-1.217 J-.03 P1  F30000
G1 X53.81 Y18.31 Z8.4
G1 Z8
G1 E1.2 F2100
SET_VELOCITY_LIMIT ACCEL=5000
;TYPE:Outer wall
;WIDTH:0.62
G1 F7200
G1 X53.81 Y7.81 E.49376
G1 X55.19 Y7.81 E.06489
G1 X55.19 Y19.69 E.55865
G1 X-55.19 Y19.69 E5.19058
G1 X-55.19 Y18.31 E.06489
G1 X53.774 Y18.31 E5.124
SET_VELOCITY_LIMIT ACCEL=10000
G1 X54.5 Y18.599 F30000
;TYPE:Gap infill
;WIDTH:0.868801
G1 F9000
G1 X54.477 Y18.709 E.00762
;WIDTH:0.914721
G1 F8602.885
G1 X54.454 Y18.82 E.00804
;WIDTH:0.960641
G1 F8172.419
G1 X54.431 Y18.931 E.00847
;WIDTH:0.960641
G1 X54.32 Y18.954 E.00847
;WIDTH:0.914721
G1 F8602.881
G1 X54.209 Y18.977 E.00804
;WIDTH:0.845888
G1 F9000
G1 X54.099 Y19 E.00741
G1 X-54.901 Y19 E7.13205
G1 X54.5 Y18.599 F30000
;WIDTH:0.845841
G1 F9000
G1 X54.5 Y8.099 E.68699
G1 E-1.2 F2100
;WIPE_START
G1 F9000
G1 X54.5 Y10.099
;WIPE_END
G1 X54.315 Y2.468 Z8.4 F30000
G1 X53.81 Y-18.31 Z8.4
G1 Z8
G1 E1.2 F2100
SET_VELOCITY_LIMIT ACCEL=5000
;TYPE:Outer wall
;WIDTH:0.62
G1 F7200
G1 X-55.19 Y-18.31 E5.12569
G1 X-55.19 Y-19.69 E.06489
G1 X55.19 Y-19.69 E5.19058
G1 X55.19 Y-7.81 E.55865
M73 P71 R7
G1 X53.81 Y-7.81 E.06489
G1 X53.81 Y-18.274 E.49207
SET_VELOCITY_LIMIT ACCEL=10000
G1 X54.5 Y-18.599 F30000
;TYPE:Gap infill
;WIDTH:0.868802
G1 F9000
G1 X54.477 Y-18.709 E.00762
;WIDTH:0.914721
G1 F8602.881
G1 X54.454 Y-18.82 E.00804
;WIDTH:0.960641
G1 F8172.424
G1 X54.431 Y-18.931 E.00847
;WIDTH:0.960641
G1 X54.32 Y-18.954 E.00847
;WIDTH:0.914721
G1 F8602.885
G1 X54.209 Y-18.977 E.00804
;WIDTH:0.84589
G1 F9000
G1 X54.099 Y-19 E.00741
G1 X-54.901 Y-19 E7.13207
G1 X54.5 Y-18.599 F30000
M73 P71 R6
;WIDTH:0.845841
G1 F9000
G1 X54.5 Y-8.099 E.68699
;LAYER_CHANGE
;Z:8.2
;HEIGHT:0.2
;BEFORE_LAYER_CHANGE
;8.2
G1 E-1.2 F2100
;WIPE_START
G1 F9000
G1 X54.5 Y-10.099
;WIPE_END
;AFTER_LAYER_CHANGE
;8.2
;_SET_FAN_SPEED_CHANGING_LAYER
G17
G3 Z8.6 I-1.217 J-.03 P1  F30000
G1 X53.81 Y18.31 Z8.6
G1 Z8.2
G1 E1.2 F2100
SET_VELOCITY_LIMIT ACCEL=5000
;TYPE:Outer wall
;WIDTH:0.62
G1 F7200
G1 X53.81 Y7.81 E.49376
G1 X55.19 Y7.81 E.06489
G1 X55.19 Y19.69 E.55865
G1 X-55.19 Y19.69 E5.19058
G1 X-55.19 Y18.31 E.06489
G1 X53.774 Y18.31 E5.124
SET_VELOCITY_LIMIT ACCEL=10000
G1 X54.5 Y18.599 F30000
;TYPE:Gap infill
;WIDTH:0.868801
G1 F9000
G1 X54.477 Y18.709 E.00762
;WIDTH:0.914721
G1 F8602.885
G1 X54.454 Y18.82 E.00804
;WIDTH:0.960641
G1 F8172.419
G1 X54.431 Y18.931 E.00847
;WIDTH:0.960641
G1 X54.32 Y18.954 E.00847
;WIDTH:0.914721
G1 F8602.881
G1 X54.209 Y18.977 E.00804
;WIDTH:0.845888
G1 F9000
G1 X54.099 Y19 E.00741
G1 X-54.901 Y19 E7.13205
G1 X54.5 Y18.599 F30000
;WIDTH:0.845841
G1 F9000
G1 X54.5 Y8.099 E.68699
G1 E-1.2 F2100
;WIPE_START
G1 F9000
G1 X54.5 Y10.099
;WIPE_END
G1 X54.315 Y2.468 Z8.6 F30000
G1 X53.81 Y-18.31 Z8.6
G1 Z8.2
G1 E1.2 F2100
SET_VELOCITY_LIMIT ACCEL=5000
;TYPE:Outer wall
;WIDTH:0.62
G1 F7200
G1 X-55.19 Y-18.31 E5.12569
G1 X-55.19 Y-19.69 E.06489
G1 X55.19 Y-19.69 E5.19058
G1 X55.19 Y-7.81 E.55865
G1 X53.81 Y-7.81 E.06489
G1 X53.81 Y-18.274 E.49207
SET_VELOCITY_LIMIT ACCEL=10000
G1 X54.5 Y-18.599 F30000
;TYPE:Gap infill
;WIDTH:0.868802
G1 F9000
G1 X54.477 Y-18.709 E.00762
;WIDTH:0.914721
G1 F8602.881
G1 X54.454 Y-18.82 E.00804
;WIDTH:0.960641
G1 F8172.424
G1 X54.431 Y-18.931 E.00847
;WIDTH:0.960641
G1 X54.32 Y-18.954 E.00847
;WIDTH:0.914721
G1 F8602.885
G1 X54.209 Y-18.977 E.00804
;WIDTH:0.84589
G1 F9000
G1 X54.099 Y-19 E.00741
G1 X-54.901 Y-19 E7.13207
G1 X54.5 Y-18.599 F30000
;WIDTH:0.845841
G1 F9000
G1 X54.5 Y-8.099 E.68699
;LAYER_CHANGE
;Z:8.4
;HEIGHT:0.2
;BEFORE_LAYER_CHANGE
;8.4
G1 E-1.2 F2100
;WIPE_START
G1 F9000
G1 X54.5 Y-10.099
;WIPE_END
;AFTER_LAYER_CHANGE
;8.4
;_SET_FAN_SPEED_CHANGING_LAYER
G17
G3 Z8.8 I-1.217 J-.03 P1  F30000
G1 X53.81 Y18.31 Z8.8
G1 Z8.4
G1 E1.2 F2100
SET_VELOCITY_LIMIT ACCEL=5000
;TYPE:Outer wall
;WIDTH:0.62
G1 F7200
G1 X53.81 Y7.81 E.49376
G1 X55.19 Y7.81 E.06489
G1 X55.19 Y19.69 E.55865
G1 X-55.19 Y19.69 E5.19058
G1 X-55.19 Y18.31 E.06489
G1 X53.774 Y18.31 E5.124
SET_VELOCITY_LIMIT ACCEL=10000
G1 X54.5 Y18.599 F30000
;TYPE:Gap infill
;WIDTH:0.868801
G1 F9000
G1 X54.477 Y18.709 E.00762
;WIDTH:0.914721
G1 F8602.885
G1 X54.454 Y18.82 E.00804
;WIDTH:0.960641
G1 F8172.419
G1 X54.431 Y18.931 E.00847
;WIDTH:0.960641
G1 X54.32 Y18.954 E.00847
;WIDTH:0.914721
G1 F8602.881
G1 X54.209 Y18.977 E.00804
;WIDTH:0.845888
G1 F9000
G1 X54.099 Y19 E.00741
G1 X-54.901 Y19 E7.13205
G1 X54.5 Y18.599 F30000
;WIDTH:0.845841
G1 F9000
G1 X54.5 Y8.099 E.68699
G1 E-1.2 F2100
;WIPE_START
G1 F9000
G1 X54.5 Y10.099
;WIPE_END
G1 X54.315 Y2.468 Z8.8 F30000
G1 X53.81 Y-18.31 Z8.8
G1 Z8.4
G1 E1.2 F2100
SET_VELOCITY_LIMIT ACCEL=5000
;TYPE:Outer wall
;WIDTH:0.62
G1 F7200
G1 X-55.19 Y-18.31 E5.12569
G1 X-55.19 Y-19.69 E.06489
G1 X55.19 Y-19.69 E5.19058
G1 X55.19 Y-7.81 E.55865
M73 P72 R6
G1 X53.81 Y-7.81 E.06489
G1 X53.81 Y-18.274 E.49207
SET_VELOCITY_LIMIT ACCEL=10000
G1 X54.5 Y-18.599 F30000
;TYPE:Gap infill
;WIDTH:0.868802
G1 F9000
G1 X54.477 Y-18.709 E.00762
;WIDTH:0.914721
G1 F8602.881
G1 X54.454 Y-18.82 E.00804
;WIDTH:0.960641
G1 F8172.424
G1 X54.431 Y-18.931 E.00847
;WIDTH:0.960641
G1 X54.32 Y-18.954 E.00847
;WIDTH:0.914721
G1 F8602.885
G1 X54.209 Y-18.977 E.00804
;WIDTH:0.84589
G1 F9000
G1 X54.099 Y-19 E.00741
G1 X-54.901 Y-19 E7.13207
G1 X54.5 Y-18.599 F30000
;WIDTH:0.845841
G1 F9000
G1 X54.5 Y-8.099 E.68699
;LAYER_CHANGE
;Z:8.6
;HEIGHT:0.200001
;BEFORE_LAYER_CHANGE
;8.6
G1 E-1.2 F2100
;WIPE_START
G1 F9000
G1 X54.5 Y-10.099
;WIPE_END
;AFTER_LAYER_CHANGE
;8.6
;_SET_FAN_SPEED_CHANGING_LAYER
G17
G3 Z9 I-1.217 J-.03 P1  F30000
G1 X53.81 Y18.31 Z9
G1 Z8.6
G1 E1.2 F2100
SET_VELOCITY_LIMIT ACCEL=5000
;TYPE:Outer wall
;WIDTH:0.62
G1 F7200
G1 X53.81 Y7.81 E.49376
G1 X55.19 Y7.81 E.06489
G1 X55.19 Y19.69 E.55865
G1 X-55.19 Y19.69 E5.19058
G1 X-55.19 Y18.31 E.06489
G1 X53.774 Y18.31 E5.124
SET_VELOCITY_LIMIT ACCEL=10000
G1 X54.5 Y18.599 F30000
;TYPE:Gap infill
;WIDTH:0.868801
G1 F9000
G1 X54.477 Y18.709 E.00762
;WIDTH:0.914721
G1 F8602.885
G1 X54.454 Y18.82 E.00804
;WIDTH:0.960641
G1 F8172.419
G1 X54.431 Y18.931 E.00847
;WIDTH:0.960641
G1 X54.32 Y18.954 E.00847
;WIDTH:0.914721
G1 F8602.881
G1 X54.209 Y18.977 E.00804
;WIDTH:0.845888
G1 F9000
G1 X54.099 Y19 E.00741
G1 X-54.901 Y19 E7.13205
G1 X54.5 Y18.599 F30000
;WIDTH:0.845841
G1 F9000
G1 X54.5 Y8.099 E.68699
G1 E-1.2 F2100
;WIPE_START
G1 F9000
G1 X54.5 Y10.099
;WIPE_END
G1 X54.315 Y2.468 Z9 F30000
G1 X53.81 Y-18.31 Z9
G1 Z8.6
G1 E1.2 F2100
SET_VELOCITY_LIMIT ACCEL=5000
;TYPE:Outer wall
;WIDTH:0.62
G1 F7200
G1 X-55.19 Y-18.31 E5.12569
G1 X-55.19 Y-19.69 E.06489
G1 X55.19 Y-19.69 E5.19058
G1 X55.19 Y-7.81 E.55865
G1 X53.81 Y-7.81 E.06489
G1 X53.81 Y-18.274 E.49207
SET_VELOCITY_LIMIT ACCEL=10000
G1 X54.5 Y-18.599 F30000
;TYPE:Gap infill
;WIDTH:0.868802
G1 F9000
G1 X54.477 Y-18.709 E.00762
;WIDTH:0.914721
G1 F8602.881
G1 X54.454 Y-18.82 E.00804
;WIDTH:0.960641
G1 F8172.424
G1 X54.431 Y-18.931 E.00847
;WIDTH:0.960641
G1 X54.32 Y-18.954 E.00847
;WIDTH:0.914721
G1 F8602.885
G1 X54.209 Y-18.977 E.00804
;WIDTH:0.84589
G1 F9000
G1 X54.099 Y-19 E.00741
G1 X-54.901 Y-19 E7.13207
G1 X54.5 Y-18.599 F30000
;WIDTH:0.845841
G1 F9000
G1 X54.5 Y-8.099 E.68699
;LAYER_CHANGE
;Z:8.8
;HEIGHT:0.2
;BEFORE_LAYER_CHANGE
;8.8
G1 E-1.2 F2100
;WIPE_START
G1 F9000
G1 X54.5 Y-10.099
;WIPE_END
;AFTER_LAYER_CHANGE
;8.8
;_SET_FAN_SPEED_CHANGING_LAYER
G17
G3 Z9.2 I-1.217 J-.03 P1  F30000
G1 X53.81 Y18.31 Z9.2
G1 Z8.8
G1 E1.2 F2100
SET_VELOCITY_LIMIT ACCEL=5000
;TYPE:Outer wall
;WIDTH:0.62
G1 F7200
G1 X53.81 Y7.81 E.49376
G1 X55.19 Y7.81 E.06489
G1 X55.19 Y19.69 E.55865
G1 X-55.19 Y19.69 E5.19058
G1 X-55.19 Y18.31 E.06489
G1 X53.774 Y18.31 E5.124
SET_VELOCITY_LIMIT ACCEL=10000
G1 X54.5 Y18.599 F30000
;TYPE:Gap infill
;WIDTH:0.868801
G1 F9000
G1 X54.477 Y18.709 E.00762
;WIDTH:0.914721
G1 F8602.885
G1 X54.454 Y18.82 E.00804
;WIDTH:0.960641
G1 F8172.419
G1 X54.431 Y18.931 E.00847
;WIDTH:0.960641
G1 X54.32 Y18.954 E.00847
;WIDTH:0.914721
G1 F8602.881
G1 X54.209 Y18.977 E.00804
;WIDTH:0.845888
G1 F9000
G1 X54.099 Y19 E.00741
G1 X-54.901 Y19 E7.13205
G1 X54.5 Y18.599 F30000
;WIDTH:0.845841
G1 F9000
G1 X54.5 Y8.099 E.68699
G1 E-1.2 F2100
;WIPE_START
G1 F9000
G1 X54.5 Y10.099
;WIPE_END
G1 X54.315 Y2.468 Z9.2 F30000
G1 X53.81 Y-18.31 Z9.2
G1 Z8.8
G1 E1.2 F2100
SET_VELOCITY_LIMIT ACCEL=5000
;TYPE:Outer wall
;WIDTH:0.62
G1 F7200
G1 X-55.19 Y-18.31 E5.12569
G1 X-55.19 Y-19.69 E.06489
G1 X55.19 Y-19.69 E5.19058
G1 X55.19 Y-7.81 E.55865
M73 P73 R6
G1 X53.81 Y-7.81 E.06489
G1 X53.81 Y-18.274 E.49207
SET_VELOCITY_LIMIT ACCEL=10000
G1 X54.5 Y-18.599 F30000
;TYPE:Gap infill
;WIDTH:0.868802
G1 F9000
G1 X54.477 Y-18.709 E.00762
;WIDTH:0.914721
G1 F8602.881
G1 X54.454 Y-18.82 E.00804
;WIDTH:0.960641
G1 F8172.424
G1 X54.431 Y-18.931 E.00847
;WIDTH:0.960641
G1 X54.32 Y-18.954 E.00847
;WIDTH:0.914721
G1 F8602.885
G1 X54.209 Y-18.977 E.00804
;WIDTH:0.84589
G1 F9000
G1 X54.099 Y-19 E.00741
G1 X-54.901 Y-19 E7.13207
G1 X54.5 Y-18.599 F30000
;WIDTH:0.845841
G1 F9000
G1 X54.5 Y-8.099 E.68699
;LAYER_CHANGE
;Z:9
;HEIGHT:0.2
;BEFORE_LAYER_CHANGE
;9
G1 E-1.2 F2100
;WIPE_START
G1 F9000
G1 X54.5 Y-10.099
;WIPE_END
;AFTER_LAYER_CHANGE
;9
;_SET_FAN_SPEED_CHANGING_LAYER
G17
G3 Z9.4 I-1.217 J-.03 P1  F30000
G1 X53.81 Y18.31 Z9.4
G1 Z9
G1 E1.2 F2100
SET_VELOCITY_LIMIT ACCEL=5000
;TYPE:Outer wall
;WIDTH:0.62
G1 F7200
G1 X53.81 Y7.81 E.49376
G1 X55.19 Y7.81 E.06489
G1 X55.19 Y19.69 E.55865
G1 X-55.19 Y19.69 E5.19058
G1 X-55.19 Y18.31 E.06489
G1 X53.774 Y18.31 E5.124
SET_VELOCITY_LIMIT ACCEL=10000
G1 X54.5 Y18.599 F30000
;TYPE:Gap infill
;WIDTH:0.868801
G1 F9000
G1 X54.477 Y18.709 E.00762
;WIDTH:0.914721
G1 F8602.885
G1 X54.454 Y18.82 E.00804
;WIDTH:0.960641
G1 F8172.419
G1 X54.431 Y18.931 E.00847
;WIDTH:0.960641
G1 X54.32 Y18.954 E.00847
;WIDTH:0.914721
G1 F8602.881
G1 X54.209 Y18.977 E.00804
;WIDTH:0.845888
G1 F9000
G1 X54.099 Y19 E.00741
G1 X-54.901 Y19 E7.13205
G1 X54.5 Y18.599 F30000
;WIDTH:0.845841
G1 F9000
G1 X54.5 Y8.099 E.68699
G1 E-1.2 F2100
;WIPE_START
G1 F9000
G1 X54.5 Y10.099
;WIPE_END
G1 X54.315 Y2.468 Z9.4 F30000
G1 X53.81 Y-18.31 Z9.4
G1 Z9
G1 E1.2 F2100
SET_VELOCITY_LIMIT ACCEL=5000
;TYPE:Outer wall
;WIDTH:0.62
G1 F7200
G1 X-55.19 Y-18.31 E5.12569
G1 X-55.19 Y-19.69 E.06489
G1 X55.19 Y-19.69 E5.19058
G1 X55.19 Y-7.81 E.55865
G1 X53.81 Y-7.81 E.06489
G1 X53.81 Y-18.274 E.49207
SET_VELOCITY_LIMIT ACCEL=10000
G1 X54.5 Y-18.599 F30000
;TYPE:Gap infill
;WIDTH:0.868802
G1 F9000
G1 X54.477 Y-18.709 E.00762
;WIDTH:0.914721
G1 F8602.881
G1 X54.454 Y-18.82 E.00804
;WIDTH:0.960641
G1 F8172.424
G1 X54.431 Y-18.931 E.00847
;WIDTH:0.960641
G1 X54.32 Y-18.954 E.00847
;WIDTH:0.914721
G1 F8602.885
G1 X54.209 Y-18.977 E.00804
;WIDTH:0.84589
G1 F9000
G1 X54.099 Y-19 E.00741
G1 X-54.901 Y-19 E7.13207
G1 X54.5 Y-18.599 F30000
;WIDTH:0.845841
G1 F9000
G1 X54.5 Y-8.099 E.68699
;LAYER_CHANGE
;Z:9.2
;HEIGHT:0.2
;BEFORE_LAYER_CHANGE
;9.2
G1 E-1.2 F2100
;WIPE_START
G1 F9000
G1 X54.5 Y-10.099
;WIPE_END
;AFTER_LAYER_CHANGE
;9.2
;_SET_FAN_SPEED_CHANGING_LAYER
G17
G3 Z9.6 I-1.217 J-.03 P1  F30000
G1 X53.81 Y18.31 Z9.6
G1 Z9.2
G1 E1.2 F2100
SET_VELOCITY_LIMIT ACCEL=5000
;TYPE:Outer wall
;WIDTH:0.62
G1 F7200
G1 X53.81 Y7.81 E.49376
G1 X55.19 Y7.81 E.06489
G1 X55.19 Y19.69 E.55865
G1 X-55.19 Y19.69 E5.19058
G1 X-55.19 Y18.31 E.06489
G1 X53.774 Y18.31 E5.124
SET_VELOCITY_LIMIT ACCEL=10000
G1 X54.5 Y18.599 F30000
;TYPE:Gap infill
;WIDTH:0.868801
G1 F9000
G1 X54.477 Y18.709 E.00762
;WIDTH:0.914721
G1 F8602.885
G1 X54.454 Y18.82 E.00804
;WIDTH:0.960641
G1 F8172.419
G1 X54.431 Y18.931 E.00847
;WIDTH:0.960641
G1 X54.32 Y18.954 E.00847
;WIDTH:0.914721
G1 F8602.881
G1 X54.209 Y18.977 E.00804
;WIDTH:0.845888
G1 F9000
G1 X54.099 Y19 E.00741
G1 X-54.901 Y19 E7.13205
G1 X54.5 Y18.599 F30000
;WIDTH:0.845841
G1 F9000
G1 X54.5 Y8.099 E.68699
G1 E-1.2 F2100
;WIPE_START
G1 F9000
G1 X54.5 Y10.099
;WIPE_END
G1 X54.315 Y2.468 Z9.6 F30000
G1 X53.81 Y-18.31 Z9.6
G1 Z9.2
G1 E1.2 F2100
SET_VELOCITY_LIMIT ACCEL=5000
;TYPE:Outer wall
;WIDTH:0.62
G1 F7200
G1 X-55.19 Y-18.31 E5.12569
G1 X-55.19 Y-19.69 E.06489
G1 X55.19 Y-19.69 E5.19058
G1 X55.19 Y-7.81 E.55865
M73 P74 R6
G1 X53.81 Y-7.81 E.06489
G1 X53.81 Y-18.274 E.49207
SET_VELOCITY_LIMIT ACCEL=10000
G1 X54.5 Y-18.599 F30000
;TYPE:Gap infill
;WIDTH:0.868802
G1 F9000
G1 X54.477 Y-18.709 E.00762
;WIDTH:0.914721
G1 F8602.881
G1 X54.454 Y-18.82 E.00804
;WIDTH:0.960641
G1 F8172.424
G1 X54.431 Y-18.931 E.00847
;WIDTH:0.960641
G1 X54.32 Y-18.954 E.00847
;WIDTH:0.914721
G1 F8602.885
G1 X54.209 Y-18.977 E.00804
;WIDTH:0.84589
G1 F9000
G1 X54.099 Y-19 E.00741
G1 X-54.901 Y-19 E7.13207
G1 X54.5 Y-18.599 F30000
;WIDTH:0.845841
G1 F9000
G1 X54.5 Y-8.099 E.68699
;LAYER_CHANGE
;Z:9.4
;HEIGHT:0.2
;BEFORE_LAYER_CHANGE
;9.4
G1 E-1.2 F2100
;WIPE_START
G1 F9000
G1 X54.5 Y-10.099
;WIPE_END
;AFTER_LAYER_CHANGE
;9.4
;_SET_FAN_SPEED_CHANGING_LAYER
G17
G3 Z9.8 I-1.217 J-.03 P1  F30000
G1 X53.81 Y18.31 Z9.8
G1 Z9.4
G1 E1.2 F2100
SET_VELOCITY_LIMIT ACCEL=5000
;TYPE:Outer wall
;WIDTH:0.62
G1 F7200
G1 X53.81 Y7.81 E.49376
G1 X55.19 Y7.81 E.06489
G1 X55.19 Y19.69 E.55865
G1 X-55.19 Y19.69 E5.19058
G1 X-55.19 Y18.31 E.06489
G1 X53.774 Y18.31 E5.124
SET_VELOCITY_LIMIT ACCEL=10000
G1 X54.5 Y18.599 F30000
;TYPE:Gap infill
;WIDTH:0.868801
G1 F9000
G1 X54.477 Y18.709 E.00762
;WIDTH:0.914721
G1 F8602.885
G1 X54.454 Y18.82 E.00804
;WIDTH:0.960641
G1 F8172.419
G1 X54.431 Y18.931 E.00847
;WIDTH:0.960641
G1 X54.32 Y18.954 E.00847
;WIDTH:0.914721
G1 F8602.881
G1 X54.209 Y18.977 E.00804
;WIDTH:0.845888
G1 F9000
G1 X54.099 Y19 E.00741
G1 X-54.901 Y19 E7.13205
G1 X54.5 Y18.599 F30000
;WIDTH:0.845841
G1 F9000
G1 X54.5 Y8.099 E.68699
G1 E-1.2 F2100
;WIPE_START
G1 F9000
G1 X54.5 Y10.099
;WIPE_END
G1 X54.315 Y2.468 Z9.8 F30000
G1 X53.81 Y-18.31 Z9.8
G1 Z9.4
G1 E1.2 F2100
SET_VELOCITY_LIMIT ACCEL=5000
;TYPE:Outer wall
;WIDTH:0.62
G1 F7200
G1 X-55.19 Y-18.31 E5.12569
G1 X-55.19 Y-19.69 E.06489
G1 X55.19 Y-19.69 E5.19058
G1 X55.19 Y-7.81 E.55865
G1 X53.81 Y-7.81 E.06489
G1 X53.81 Y-18.274 E.49207
SET_VELOCITY_LIMIT ACCEL=10000
G1 X54.5 Y-18.599 F30000
;TYPE:Gap infill
;WIDTH:0.868802
G1 F9000
G1 X54.477 Y-18.709 E.00762
;WIDTH:0.914721
G1 F8602.881
G1 X54.454 Y-18.82 E.00804
;WIDTH:0.960641
G1 F8172.424
G1 X54.431 Y-18.931 E.00847
;WIDTH:0.960641
G1 X54.32 Y-18.954 E.00847
;WIDTH:0.914721
G1 F8602.885
G1 X54.209 Y-18.977 E.00804
;WIDTH:0.84589
G1 F9000
G1 X54.099 Y-19 E.00741
G1 X-54.901 Y-19 E7.13207
G1 X54.5 Y-18.599 F30000
;WIDTH:0.845841
G1 F9000
G1 X54.5 Y-8.099 E.68699
;LAYER_CHANGE
;Z:9.6
;HEIGHT:0.200001
;BEFORE_LAYER_CHANGE
;9.6
G1 E-1.2 F2100
;WIPE_START
G1 F9000
G1 X54.5 Y-10.099
;WIPE_END
;AFTER_LAYER_CHANGE
;9.6
;_SET_FAN_SPEED_CHANGING_LAYER
G17
G3 Z10 I-1.217 J-.03 P1  F30000
G1 X53.81 Y18.31 Z10
G1 Z9.6
G1 E1.2 F2100
SET_VELOCITY_LIMIT ACCEL=5000
;TYPE:Outer wall
;WIDTH:0.62
G1 F7200
G1 X53.81 Y7.81 E.49376
G1 X55.19 Y7.81 E.06489
G1 X55.19 Y19.69 E.55865
G1 X-55.19 Y19.69 E5.19058
G1 X-55.19 Y18.31 E.06489
G1 X53.774 Y18.31 E5.124
SET_VELOCITY_LIMIT ACCEL=10000
G1 X54.5 Y18.599 F30000
;TYPE:Gap infill
;WIDTH:0.868801
G1 F9000
G1 X54.477 Y18.709 E.00762
;WIDTH:0.914721
G1 F8602.885
G1 X54.454 Y18.82 E.00804
;WIDTH:0.960641
G1 F8172.419
G1 X54.431 Y18.931 E.00847
;WIDTH:0.960641
G1 X54.32 Y18.954 E.00847
;WIDTH:0.914721
G1 F8602.881
G1 X54.209 Y18.977 E.00804
;WIDTH:0.845888
G1 F9000
G1 X54.099 Y19 E.00741
G1 X-54.901 Y19 E7.13205
G1 X54.5 Y18.599 F30000
;WIDTH:0.845841
G1 F9000
G1 X54.5 Y8.099 E.68699
G1 E-1.2 F2100
;WIPE_START
G1 F9000
G1 X54.5 Y10.099
;WIPE_END
G1 X54.315 Y2.468 Z10 F30000
G1 X53.81 Y-18.31 Z10
G1 Z9.6
G1 E1.2 F2100
SET_VELOCITY_LIMIT ACCEL=5000
;TYPE:Outer wall
;WIDTH:0.62
G1 F7200
G1 X-55.19 Y-18.31 E5.12569
G1 X-55.19 Y-19.69 E.06489
G1 X55.19 Y-19.69 E5.19058
G1 X55.19 Y-7.81 E.55865
M73 P75 R6
G1 X53.81 Y-7.81 E.06489
G1 X53.81 Y-18.274 E.49207
SET_VELOCITY_LIMIT ACCEL=10000
G1 X54.5 Y-18.599 F30000
;TYPE:Gap infill
;WIDTH:0.868802
G1 F9000
G1 X54.477 Y-18.709 E.00762
;WIDTH:0.914721
G1 F8602.881
G1 X54.454 Y-18.82 E.00804
;WIDTH:0.960641
G1 F8172.424
G1 X54.431 Y-18.931 E.00847
;WIDTH:0.960641
G1 X54.32 Y-18.954 E.00847
;WIDTH:0.914721
G1 F8602.885
G1 X54.209 Y-18.977 E.00804
;WIDTH:0.84589
G1 F9000
G1 X54.099 Y-19 E.00741
G1 X-54.901 Y-19 E7.13207
G1 X54.5 Y-18.599 F30000
;WIDTH:0.845841
G1 F9000
G1 X54.5 Y-8.099 E.68699
;LAYER_CHANGE
;Z:9.8
;HEIGHT:0.2
;BEFORE_LAYER_CHANGE
;9.8
G1 E-1.2 F2100
;WIPE_START
G1 F9000
G1 X54.5 Y-10.099
;WIPE_END
;AFTER_LAYER_CHANGE
;9.8
;_SET_FAN_SPEED_CHANGING_LAYER
G17
G3 Z10.2 I-1.217 J-.03 P1  F30000
G1 X53.81 Y18.31 Z10.2
G1 Z9.8
G1 E1.2 F2100
SET_VELOCITY_LIMIT ACCEL=5000
;TYPE:Outer wall
;WIDTH:0.62
G1 F7200
G1 X53.81 Y7.81 E.49376
G1 X55.19 Y7.81 E.06489
G1 X55.19 Y19.69 E.55865
G1 X-55.19 Y19.69 E5.19058
G1 X-55.19 Y18.31 E.06489
G1 X53.774 Y18.31 E5.124
SET_VELOCITY_LIMIT ACCEL=10000
G1 X54.5 Y18.599 F30000
M73 P75 R5
;TYPE:Gap infill
;WIDTH:0.868801
G1 F9000
G1 X54.477 Y18.709 E.00762
;WIDTH:0.914721
G1 F8602.885
G1 X54.454 Y18.82 E.00804
;WIDTH:0.960641
G1 F8172.419
G1 X54.431 Y18.931 E.00847
;WIDTH:0.960641
G1 X54.32 Y18.954 E.00847
;WIDTH:0.914721
G1 F8602.881
G1 X54.209 Y18.977 E.00804
;WIDTH:0.845888
G1 F9000
G1 X54.099 Y19 E.00741
G1 X-54.901 Y19 E7.13205
G1 X54.5 Y18.599 F30000
;WIDTH:0.845841
G1 F9000
G1 X54.5 Y8.099 E.68699
G1 E-1.2 F2100
;WIPE_START
G1 F9000
G1 X54.5 Y10.099
;WIPE_END
G1 X54.315 Y2.468 Z10.2 F30000
G1 X53.81 Y-18.31 Z10.2
G1 Z9.8
G1 E1.2 F2100
SET_VELOCITY_LIMIT ACCEL=5000
;TYPE:Outer wall
;WIDTH:0.62
G1 F7200
G1 X-55.19 Y-18.31 E5.12569
G1 X-55.19 Y-19.69 E.06489
G1 X55.19 Y-19.69 E5.19058
G1 X55.19 Y-7.81 E.55865
G1 X53.81 Y-7.81 E.06489
G1 X53.81 Y-18.274 E.49207
SET_VELOCITY_LIMIT ACCEL=10000
G1 X54.5 Y-18.599 F30000
;TYPE:Gap infill
;WIDTH:0.868802
G1 F9000
G1 X54.477 Y-18.709 E.00762
;WIDTH:0.914721
G1 F8602.881
G1 X54.454 Y-18.82 E.00804
;WIDTH:0.960641
G1 F8172.424
G1 X54.431 Y-18.931 E.00847
;WIDTH:0.960641
G1 X54.32 Y-18.954 E.00847
;WIDTH:0.914721
G1 F8602.885
G1 X54.209 Y-18.977 E.00804
;WIDTH:0.84589
G1 F9000
G1 X54.099 Y-19 E.00741
G1 X-54.901 Y-19 E7.13207
G1 X54.5 Y-18.599 F30000
;WIDTH:0.845841
G1 F9000
G1 X54.5 Y-8.099 E.68699
;LAYER_CHANGE
;Z:10
;HEIGHT:0.2
;BEFORE_LAYER_CHANGE
;10
G1 E-1.2 F2100
;WIPE_START
G1 F9000
G1 X54.5 Y-10.099
;WIPE_END
;AFTER_LAYER_CHANGE
;10
;_SET_FAN_SPEED_CHANGING_LAYER
G17
G3 Z10.4 I-1.217 J-.03 P1  F30000
G1 X53.81 Y18.31 Z10.4
G1 Z10
G1 E1.2 F2100
SET_VELOCITY_LIMIT ACCEL=5000
;TYPE:Outer wall
;WIDTH:0.62
G1 F7200
G1 X53.81 Y7.81 E.49376
G1 X55.19 Y7.81 E.06489
G1 X55.19 Y19.69 E.55865
G1 X-55.19 Y19.69 E5.19058
G1 X-55.19 Y18.31 E.06489
G1 X53.774 Y18.31 E5.124
SET_VELOCITY_LIMIT ACCEL=10000
G1 X54.5 Y18.599 F30000
;TYPE:Gap infill
;WIDTH:0.868801
G1 F9000
G1 X54.477 Y18.709 E.00762
;WIDTH:0.914721
G1 F8602.885
G1 X54.454 Y18.82 E.00804
;WIDTH:0.960641
G1 F8172.419
G1 X54.431 Y18.931 E.00847
;WIDTH:0.960641
G1 X54.32 Y18.954 E.00847
;WIDTH:0.914721
G1 F8602.881
G1 X54.209 Y18.977 E.00804
;WIDTH:0.845888
G1 F9000
G1 X54.099 Y19 E.00741
G1 X-54.901 Y19 E7.13205
G1 X54.5 Y18.599 F30000
;WIDTH:0.845841
G1 F9000
G1 X54.5 Y8.099 E.68699
G1 E-1.2 F2100
;WIPE_START
G1 F9000
G1 X54.5 Y10.099
;WIPE_END
G1 X54.315 Y2.468 Z10.4 F30000
G1 X53.81 Y-18.31 Z10.4
G1 Z10
G1 E1.2 F2100
SET_VELOCITY_LIMIT ACCEL=5000
;TYPE:Outer wall
;WIDTH:0.62
G1 F7200
G1 X-55.19 Y-18.31 E5.12569
G1 X-55.19 Y-19.69 E.06489
G1 X55.19 Y-19.69 E5.19058
G1 X55.19 Y-7.81 E.55865
M73 P76 R5
G1 X53.81 Y-7.81 E.06489
G1 X53.81 Y-18.274 E.49207
SET_VELOCITY_LIMIT ACCEL=10000
G1 X54.5 Y-18.599 F30000
;TYPE:Gap infill
;WIDTH:0.868802
G1 F9000
G1 X54.477 Y-18.709 E.00762
;WIDTH:0.914721
G1 F8602.881
G1 X54.454 Y-18.82 E.00804
;WIDTH:0.960641
G1 F8172.424
G1 X54.431 Y-18.931 E.00847
;WIDTH:0.960641
G1 X54.32 Y-18.954 E.00847
;WIDTH:0.914721
G1 F8602.885
G1 X54.209 Y-18.977 E.00804
;WIDTH:0.84589
G1 F9000
G1 X54.099 Y-19 E.00741
G1 X-54.901 Y-19 E7.13207
G1 X54.5 Y-18.599 F30000
;WIDTH:0.845841
G1 F9000
G1 X54.5 Y-8.099 E.68699
;LAYER_CHANGE
;Z:10.2
;HEIGHT:0.2
;BEFORE_LAYER_CHANGE
;10.2
G1 E-1.2 F2100
;WIPE_START
G1 F9000
G1 X54.5 Y-10.099
;WIPE_END
;AFTER_LAYER_CHANGE
;10.2
;_SET_FAN_SPEED_CHANGING_LAYER
G17
G3 Z10.6 I-1.217 J-.03 P1  F30000
G1 X53.81 Y18.31 Z10.6
G1 Z10.2
G1 E1.2 F2100
SET_VELOCITY_LIMIT ACCEL=5000
;TYPE:Outer wall
;WIDTH:0.62
G1 F7200
G1 X53.81 Y7.81 E.49376
G1 X55.19 Y7.81 E.06489
G1 X55.19 Y19.69 E.55865
G1 X-55.19 Y19.69 E5.19058
G1 X-55.19 Y18.31 E.06489
G1 X53.774 Y18.31 E5.124
SET_VELOCITY_LIMIT ACCEL=10000
G1 X54.5 Y18.599 F30000
;TYPE:Gap infill
;WIDTH:0.868801
G1 F9000
G1 X54.477 Y18.709 E.00762
;WIDTH:0.914721
G1 F8602.885
G1 X54.454 Y18.82 E.00804
;WIDTH:0.960641
G1 F8172.419
G1 X54.431 Y18.931 E.00847
;WIDTH:0.960641
G1 X54.32 Y18.954 E.00847
;WIDTH:0.914721
G1 F8602.881
G1 X54.209 Y18.977 E.00804
;WIDTH:0.845888
G1 F9000
G1 X54.099 Y19 E.00741
G1 X-54.901 Y19 E7.13205
G1 X54.5 Y18.599 F30000
;WIDTH:0.845841
G1 F9000
G1 X54.5 Y8.099 E.68699
G1 E-1.2 F2100
;WIPE_START
G1 F9000
G1 X54.5 Y10.099
;WIPE_END
G1 X54.315 Y2.468 Z10.6 F30000
G1 X53.81 Y-18.31 Z10.6
G1 Z10.2
G1 E1.2 F2100
SET_VELOCITY_LIMIT ACCEL=5000
;TYPE:Outer wall
;WIDTH:0.62
G1 F7200
G1 X-55.19 Y-18.31 E5.12569
G1 X-55.19 Y-19.69 E.06489
G1 X55.19 Y-19.69 E5.19058
G1 X55.19 Y-7.81 E.55865
G1 X53.81 Y-7.81 E.06489
G1 X53.81 Y-18.274 E.49207
SET_VELOCITY_LIMIT ACCEL=10000
G1 X54.5 Y-18.599 F30000
;TYPE:Gap infill
;WIDTH:0.868802
G1 F9000
G1 X54.477 Y-18.709 E.00762
;WIDTH:0.914721
G1 F8602.881
G1 X54.454 Y-18.82 E.00804
;WIDTH:0.960641
G1 F8172.424
G1 X54.431 Y-18.931 E.00847
;WIDTH:0.960641
G1 X54.32 Y-18.954 E.00847
;WIDTH:0.914721
G1 F8602.885
G1 X54.209 Y-18.977 E.00804
;WIDTH:0.84589
G1 F9000
G1 X54.099 Y-19 E.00741
G1 X-54.901 Y-19 E7.13207
G1 X54.5 Y-18.599 F30000
;WIDTH:0.845841
G1 F9000
G1 X54.5 Y-8.099 E.68699
;LAYER_CHANGE
;Z:10.4
;HEIGHT:0.2
;BEFORE_LAYER_CHANGE
;10.4
G1 E-1.2 F2100
;WIPE_START
G1 F9000
G1 X54.5 Y-10.099
;WIPE_END
;AFTER_LAYER_CHANGE
;10.4
;_SET_FAN_SPEED_CHANGING_LAYER
G17
G3 Z10.8 I-1.217 J-.03 P1  F30000
G1 X53.81 Y18.31 Z10.8
G1 Z10.4
G1 E1.2 F2100
SET_VELOCITY_LIMIT ACCEL=5000
;TYPE:Outer wall
;WIDTH:0.62
G1 F7200
G1 X53.81 Y7.81 E.49376
G1 X55.19 Y7.81 E.06489
G1 X55.19 Y19.69 E.55865
G1 X-55.19 Y19.69 E5.19058
G1 X-55.19 Y18.31 E.06489
G1 X53.774 Y18.31 E5.124
SET_VELOCITY_LIMIT ACCEL=10000
G1 X54.5 Y18.599 F30000
;TYPE:Gap infill
;WIDTH:0.868801
G1 F9000
G1 X54.477 Y18.709 E.00762
;WIDTH:0.914721
G1 F8602.885
G1 X54.454 Y18.82 E.00804
;WIDTH:0.960641
G1 F8172.419
G1 X54.431 Y18.931 E.00847
;WIDTH:0.960641
G1 X54.32 Y18.954 E.00847
;WIDTH:0.914721
G1 F8602.881
G1 X54.209 Y18.977 E.00804
;WIDTH:0.845888
G1 F9000
G1 X54.099 Y19 E.00741
G1 X-54.901 Y19 E7.13205
G1 X54.5 Y18.599 F30000
;WIDTH:0.845841
G1 F9000
G1 X54.5 Y8.099 E.68699
G1 E-1.2 F2100
;WIPE_START
G1 F9000
G1 X54.5 Y10.099
;WIPE_END
G1 X54.315 Y2.468 Z10.8 F30000
G1 X53.81 Y-18.31 Z10.8
G1 Z10.4
G1 E1.2 F2100
SET_VELOCITY_LIMIT ACCEL=5000
;TYPE:Outer wall
;WIDTH:0.62
G1 F7200
G1 X-55.19 Y-18.31 E5.12569
G1 X-55.19 Y-19.69 E.06489
G1 X55.19 Y-19.69 E5.19058
G1 X55.19 Y-7.81 E.55865
M73 P77 R5
G1 X53.81 Y-7.81 E.06489
G1 X53.81 Y-18.274 E.49207
SET_VELOCITY_LIMIT ACCEL=10000
G1 X54.5 Y-18.599 F30000
;TYPE:Gap infill
;WIDTH:0.868802
G1 F9000
G1 X54.477 Y-18.709 E.00762
;WIDTH:0.914721
G1 F8602.881
G1 X54.454 Y-18.82 E.00804
;WIDTH:0.960641
G1 F8172.424
G1 X54.431 Y-18.931 E.00847
;WIDTH:0.960641
G1 X54.32 Y-18.954 E.00847
;WIDTH:0.914721
G1 F8602.885
G1 X54.209 Y-18.977 E.00804
;WIDTH:0.84589
G1 F9000
G1 X54.099 Y-19 E.00741
G1 X-54.901 Y-19 E7.13207
G1 X54.5 Y-18.599 F30000
;WIDTH:0.845841
G1 F9000
G1 X54.5 Y-8.099 E.68699
;LAYER_CHANGE
;Z:10.6
;HEIGHT:0.200001
;BEFORE_LAYER_CHANGE
;10.6
G1 E-1.2 F2100
;WIPE_START
G1 F9000
G1 X54.5 Y-10.099
;WIPE_END
;AFTER_LAYER_CHANGE
;10.6
;_SET_FAN_SPEED_CHANGING_LAYER
G17
G3 Z11 I-1.217 J-.03 P1  F30000
G1 X53.81 Y18.31 Z11
G1 Z10.6
G1 E1.2 F2100
SET_VELOCITY_LIMIT ACCEL=5000
;TYPE:Outer wall
;WIDTH:0.62
G1 F7200
G1 X53.81 Y7.81 E.49376
G1 X55.19 Y7.81 E.06489
G1 X55.19 Y19.69 E.55865
G1 X-55.19 Y19.69 E5.19058
G1 X-55.19 Y18.31 E.06489
G1 X53.774 Y18.31 E5.124
SET_VELOCITY_LIMIT ACCEL=10000
G1 X54.5 Y18.599 F30000
;TYPE:Gap infill
;WIDTH:0.868801
G1 F9000
G1 X54.477 Y18.709 E.00762
;WIDTH:0.914721
G1 F8602.885
G1 X54.454 Y18.82 E.00804
;WIDTH:0.960641
G1 F8172.419
G1 X54.431 Y18.931 E.00847
;WIDTH:0.960641
G1 X54.32 Y18.954 E.00847
;WIDTH:0.914721
G1 F8602.881
G1 X54.209 Y18.977 E.00804
;WIDTH:0.845888
G1 F9000
G1 X54.099 Y19 E.00741
G1 X-54.901 Y19 E7.13205
G1 X54.5 Y18.599 F30000
;WIDTH:0.845841
G1 F9000
G1 X54.5 Y8.099 E.68699
G1 E-1.2 F2100
;WIPE_START
G1 F9000
G1 X54.5 Y10.099
;WIPE_END
G1 X54.315 Y2.468 Z11 F30000
G1 X53.81 Y-18.31 Z11
G1 Z10.6
G1 E1.2 F2100
SET_VELOCITY_LIMIT ACCEL=5000
;TYPE:Outer wall
;WIDTH:0.62
G1 F7200
G1 X-55.19 Y-18.31 E5.12569
G1 X-55.19 Y-19.69 E.06489
G1 X55.19 Y-19.69 E5.19058
G1 X55.19 Y-7.81 E.55865
G1 X53.81 Y-7.81 E.06489
G1 X53.81 Y-18.274 E.49207
SET_VELOCITY_LIMIT ACCEL=10000
G1 X54.5 Y-18.599 F30000
;TYPE:Gap infill
;WIDTH:0.868802
G1 F9000
G1 X54.477 Y-18.709 E.00762
;WIDTH:0.914721
G1 F8602.881
G1 X54.454 Y-18.82 E.00804
;WIDTH:0.960641
G1 F8172.424
G1 X54.431 Y-18.931 E.00847
;WIDTH:0.960641
G1 X54.32 Y-18.954 E.00847
;WIDTH:0.914721
G1 F8602.885
G1 X54.209 Y-18.977 E.00804
;WIDTH:0.84589
G1 F9000
G1 X54.099 Y-19 E.00741
G1 X-54.901 Y-19 E7.13207
G1 X54.5 Y-18.599 F30000
;WIDTH:0.845841
G1 F9000
G1 X54.5 Y-8.099 E.68699
;LAYER_CHANGE
;Z:10.8
;HEIGHT:0.2
;BEFORE_LAYER_CHANGE
;10.8
G1 E-1.2 F2100
;WIPE_START
G1 F9000
G1 X54.5 Y-10.099
;WIPE_END
;AFTER_LAYER_CHANGE
;10.8
;_SET_FAN_SPEED_CHANGING_LAYER
G17
G3 Z11.2 I-1.217 J-.03 P1  F30000
G1 X53.81 Y18.31 Z11.2
G1 Z10.8
G1 E1.2 F2100
SET_VELOCITY_LIMIT ACCEL=5000
;TYPE:Outer wall
;WIDTH:0.62
G1 F7200
G1 X53.81 Y7.81 E.49376
G1 X55.19 Y7.81 E.06489
G1 X55.19 Y19.69 E.55865
G1 X-55.19 Y19.69 E5.19058
G1 X-55.19 Y18.31 E.06489
G1 X53.774 Y18.31 E5.124
SET_VELOCITY_LIMIT ACCEL=10000
G1 X54.5 Y18.599 F30000
;TYPE:Gap infill
;WIDTH:0.868801
G1 F9000
G1 X54.477 Y18.709 E.00762
;WIDTH:0.914721
G1 F8602.885
G1 X54.454 Y18.82 E.00804
;WIDTH:0.960641
G1 F8172.419
G1 X54.431 Y18.931 E.00847
;WIDTH:0.960641
G1 X54.32 Y18.954 E.00847
;WIDTH:0.914721
G1 F8602.881
G1 X54.209 Y18.977 E.00804
;WIDTH:0.845888
G1 F9000
G1 X54.099 Y19 E.00741
G1 X-54.901 Y19 E7.13205
G1 X54.5 Y18.599 F30000
;WIDTH:0.845841
G1 F9000
G1 X54.5 Y8.099 E.68699
G1 E-1.2 F2100
;WIPE_START
G1 F9000
G1 X54.5 Y10.099
;WIPE_END
G1 X54.315 Y2.468 Z11.2 F30000
G1 X53.81 Y-18.31 Z11.2
G1 Z10.8
G1 E1.2 F2100
SET_VELOCITY_LIMIT ACCEL=5000
;TYPE:Outer wall
;WIDTH:0.62
G1 F7200
G1 X-55.19 Y-18.31 E5.12569
G1 X-55.19 Y-19.69 E.06489
G1 X55.19 Y-19.69 E5.19058
G1 X55.19 Y-7.81 E.55865
M73 P78 R5
G1 X53.81 Y-7.81 E.06489
G1 X53.81 Y-18.274 E.49207
SET_VELOCITY_LIMIT ACCEL=10000
G1 X54.5 Y-18.599 F30000
;TYPE:Gap infill
;WIDTH:0.868802
G1 F9000
G1 X54.477 Y-18.709 E.00762
;WIDTH:0.914721
G1 F8602.881
G1 X54.454 Y-18.82 E.00804
;WIDTH:0.960641
G1 F8172.424
G1 X54.431 Y-18.931 E.00847
;WIDTH:0.960641
G1 X54.32 Y-18.954 E.00847
;WIDTH:0.914721
G1 F8602.885
G1 X54.209 Y-18.977 E.00804
;WIDTH:0.84589
G1 F9000
G1 X54.099 Y-19 E.00741
G1 X-54.901 Y-19 E7.13207
G1 X54.5 Y-18.599 F30000
;WIDTH:0.845841
G1 F9000
G1 X54.5 Y-8.099 E.68699
;LAYER_CHANGE
;Z:11
;HEIGHT:0.2
;BEFORE_LAYER_CHANGE
;11
G1 E-1.2 F2100
;WIPE_START
G1 F9000
G1 X54.5 Y-10.099
;WIPE_END
;AFTER_LAYER_CHANGE
;11
;_SET_FAN_SPEED_CHANGING_LAYER
G17
G3 Z11.4 I-1.217 J-.03 P1  F30000
G1 X53.81 Y18.31 Z11.4
G1 Z11
G1 E1.2 F2100
SET_VELOCITY_LIMIT ACCEL=5000
;TYPE:Outer wall
;WIDTH:0.62
G1 F7200
G1 X53.81 Y7.81 E.49376
G1 X55.19 Y7.81 E.06489
G1 X55.19 Y19.69 E.55865
G1 X-55.19 Y19.69 E5.19058
G1 X-55.19 Y18.31 E.06489
G1 X53.774 Y18.31 E5.124
SET_VELOCITY_LIMIT ACCEL=10000
G1 X54.5 Y18.599 F30000
;TYPE:Gap infill
;WIDTH:0.868801
G1 F9000
G1 X54.477 Y18.709 E.00762
;WIDTH:0.914721
G1 F8602.885
G1 X54.454 Y18.82 E.00804
;WIDTH:0.960641
G1 F8172.419
G1 X54.431 Y18.931 E.00847
;WIDTH:0.960641
G1 X54.32 Y18.954 E.00847
;WIDTH:0.914721
G1 F8602.881
G1 X54.209 Y18.977 E.00804
;WIDTH:0.845888
G1 F9000
G1 X54.099 Y19 E.00741
G1 X-54.901 Y19 E7.13205
G1 X54.5 Y18.599 F30000
;WIDTH:0.845841
G1 F9000
G1 X54.5 Y8.099 E.68699
G1 E-1.2 F2100
;WIPE_START
G1 F9000
G1 X54.5 Y10.099
;WIPE_END
G1 X54.315 Y2.468 Z11.4 F30000
G1 X53.81 Y-18.31 Z11.4
G1 Z11
G1 E1.2 F2100
SET_VELOCITY_LIMIT ACCEL=5000
;TYPE:Outer wall
;WIDTH:0.62
G1 F7200
G1 X-55.19 Y-18.31 E5.12569
G1 X-55.19 Y-19.69 E.06489
G1 X55.19 Y-19.69 E5.19058
G1 X55.19 Y-7.81 E.55865
G1 X53.81 Y-7.81 E.06489
G1 X53.81 Y-18.274 E.49207
SET_VELOCITY_LIMIT ACCEL=10000
G1 X54.5 Y-18.599 F30000
;TYPE:Gap infill
;WIDTH:0.868802
G1 F9000
G1 X54.477 Y-18.709 E.00762
;WIDTH:0.914721
G1 F8602.881
G1 X54.454 Y-18.82 E.00804
;WIDTH:0.960641
G1 F8172.424
G1 X54.431 Y-18.931 E.00847
;WIDTH:0.960641
G1 X54.32 Y-18.954 E.00847
;WIDTH:0.914721
G1 F8602.885
G1 X54.209 Y-18.977 E.00804
;WIDTH:0.84589
G1 F9000
G1 X54.099 Y-19 E.00741
G1 X-54.901 Y-19 E7.13207
G1 X54.5 Y-18.599 F30000
;WIDTH:0.845841
G1 F9000
G1 X54.5 Y-8.099 E.68699
;LAYER_CHANGE
;Z:11.2
;HEIGHT:0.2
;BEFORE_LAYER_CHANGE
;11.2
G1 E-1.2 F2100
;WIPE_START
G1 F9000
G1 X54.5 Y-10.099
;WIPE_END
;AFTER_LAYER_CHANGE
;11.2
;_SET_FAN_SPEED_CHANGING_LAYER
G17
G3 Z11.6 I-1.217 J-.03 P1  F30000
G1 X53.81 Y18.31 Z11.6
G1 Z11.2
G1 E1.2 F2100
SET_VELOCITY_LIMIT ACCEL=5000
;TYPE:Outer wall
;WIDTH:0.62
G1 F7200
G1 X53.81 Y7.81 E.49376
G1 X55.19 Y7.81 E.06489
G1 X55.19 Y19.69 E.55865
G1 X-55.19 Y19.69 E5.19058
G1 X-55.19 Y18.31 E.06489
G1 X53.774 Y18.31 E5.124
SET_VELOCITY_LIMIT ACCEL=10000
G1 X54.5 Y18.599 F30000
;TYPE:Gap infill
;WIDTH:0.868801
G1 F9000
G1 X54.477 Y18.709 E.00762
;WIDTH:0.914721
G1 F8602.885
G1 X54.454 Y18.82 E.00804
;WIDTH:0.960641
G1 F8172.419
G1 X54.431 Y18.931 E.00847
;WIDTH:0.960641
G1 X54.32 Y18.954 E.00847
;WIDTH:0.914721
G1 F8602.881
G1 X54.209 Y18.977 E.00804
;WIDTH:0.845888
G1 F9000
G1 X54.099 Y19 E.00741
G1 X-54.901 Y19 E7.13205
G1 X54.5 Y18.599 F30000
;WIDTH:0.845841
G1 F9000
G1 X54.5 Y8.099 E.68699
G1 E-1.2 F2100
;WIPE_START
G1 F9000
G1 X54.5 Y10.099
;WIPE_END
G1 X54.315 Y2.468 Z11.6 F30000
G1 X53.81 Y-18.31 Z11.6
G1 Z11.2
G1 E1.2 F2100
SET_VELOCITY_LIMIT ACCEL=5000
;TYPE:Outer wall
;WIDTH:0.62
G1 F7200
G1 X-55.19 Y-18.31 E5.12569
G1 X-55.19 Y-19.69 E.06489
G1 X55.19 Y-19.69 E5.19058
G1 X55.19 Y-7.81 E.55865
G1 X53.81 Y-7.81 E.06489
M73 P79 R5
G1 X53.81 Y-18.274 E.49207
SET_VELOCITY_LIMIT ACCEL=10000
G1 X54.5 Y-18.599 F30000
;TYPE:Gap infill
;WIDTH:0.868802
G1 F9000
G1 X54.477 Y-18.709 E.00762
;WIDTH:0.914721
G1 F8602.881
G1 X54.454 Y-18.82 E.00804
;WIDTH:0.960641
G1 F8172.424
G1 X54.431 Y-18.931 E.00847
;WIDTH:0.960641
G1 X54.32 Y-18.954 E.00847
;WIDTH:0.914721
G1 F8602.885
G1 X54.209 Y-18.977 E.00804
;WIDTH:0.84589
G1 F9000
G1 X54.099 Y-19 E.00741
G1 X-54.901 Y-19 E7.13207
G1 X54.5 Y-18.599 F30000
;WIDTH:0.845841
G1 F9000
G1 X54.5 Y-8.099 E.68699
;LAYER_CHANGE
;Z:11.4
;HEIGHT:0.2
;BEFORE_LAYER_CHANGE
;11.4
G1 E-1.2 F2100
;WIPE_START
G1 F9000
G1 X54.5 Y-10.099
;WIPE_END
;AFTER_LAYER_CHANGE
;11.4
;_SET_FAN_SPEED_CHANGING_LAYER
G17
G3 Z11.8 I-1.217 J-.03 P1  F30000
G1 X53.81 Y18.31 Z11.8
G1 Z11.4
G1 E1.2 F2100
SET_VELOCITY_LIMIT ACCEL=5000
;TYPE:Outer wall
;WIDTH:0.62
G1 F7200
G1 X53.81 Y7.81 E.49376
G1 X55.19 Y7.81 E.06489
G1 X55.19 Y19.69 E.55865
G1 X-55.19 Y19.69 E5.19058
G1 X-55.19 Y18.31 E.06489
G1 X53.774 Y18.31 E5.124
SET_VELOCITY_LIMIT ACCEL=10000
G1 X54.5 Y18.599 F30000
;TYPE:Gap infill
;WIDTH:0.868801
G1 F9000
G1 X54.477 Y18.709 E.00762
;WIDTH:0.914721
G1 F8602.885
G1 X54.454 Y18.82 E.00804
;WIDTH:0.960641
G1 F8172.419
G1 X54.431 Y18.931 E.00847
;WIDTH:0.960641
G1 X54.32 Y18.954 E.00847
;WIDTH:0.914721
G1 F8602.881
G1 X54.209 Y18.977 E.00804
;WIDTH:0.845888
G1 F9000
G1 X54.099 Y19 E.00741
G1 X-54.901 Y19 E7.13205
G1 X54.5 Y18.599 F30000
;WIDTH:0.845841
G1 F9000
G1 X54.5 Y8.099 E.68699
G1 E-1.2 F2100
;WIPE_START
G1 F9000
G1 X54.5 Y10.099
;WIPE_END
G1 X54.315 Y2.468 Z11.8 F30000
G1 X53.81 Y-18.31 Z11.8
G1 Z11.4
G1 E1.2 F2100
SET_VELOCITY_LIMIT ACCEL=5000
;TYPE:Outer wall
;WIDTH:0.62
G1 F7200
G1 X-55.19 Y-18.31 E5.12569
G1 X-55.19 Y-19.69 E.06489
M73 P79 R4
G1 X55.19 Y-19.69 E5.19058
G1 X55.19 Y-7.81 E.55865
G1 X53.81 Y-7.81 E.06489
G1 X53.81 Y-18.274 E.49207
SET_VELOCITY_LIMIT ACCEL=10000
G1 X54.5 Y-18.599 F30000
;TYPE:Gap infill
;WIDTH:0.868802
G1 F9000
G1 X54.477 Y-18.709 E.00762
;WIDTH:0.914721
G1 F8602.881
G1 X54.454 Y-18.82 E.00804
;WIDTH:0.960641
G1 F8172.424
G1 X54.431 Y-18.931 E.00847
;WIDTH:0.960641
G1 X54.32 Y-18.954 E.00847
;WIDTH:0.914721
G1 F8602.885
G1 X54.209 Y-18.977 E.00804
;WIDTH:0.84589
G1 F9000
G1 X54.099 Y-19 E.00741
G1 X-54.901 Y-19 E7.13207
G1 X54.5 Y-18.599 F30000
;WIDTH:0.845841
G1 F9000
G1 X54.5 Y-8.099 E.68699
;LAYER_CHANGE
;Z:11.6
;HEIGHT:0.200001
;BEFORE_LAYER_CHANGE
;11.6
G1 E-1.2 F2100
;WIPE_START
G1 F9000
G1 X54.5 Y-10.099
;WIPE_END
;AFTER_LAYER_CHANGE
;11.6
;_SET_FAN_SPEED_CHANGING_LAYER
G17
G3 Z12 I-1.217 J-.03 P1  F30000
G1 X53.81 Y18.31 Z12
G1 Z11.6
G1 E1.2 F2100
SET_VELOCITY_LIMIT ACCEL=5000
;TYPE:Outer wall
;WIDTH:0.62
G1 F7200
G1 X53.81 Y7.81 E.49376
G1 X55.19 Y7.81 E.06489
G1 X55.19 Y19.69 E.55865
G1 X-55.19 Y19.69 E5.19058
G1 X-55.19 Y18.31 E.06489
G1 X53.774 Y18.31 E5.124
SET_VELOCITY_LIMIT ACCEL=10000
G1 X54.5 Y18.599 F30000
;TYPE:Gap infill
;WIDTH:0.868801
G1 F9000
G1 X54.477 Y18.709 E.00762
;WIDTH:0.914721
G1 F8602.885
G1 X54.454 Y18.82 E.00804
;WIDTH:0.960641
G1 F8172.419
G1 X54.431 Y18.931 E.00847
;WIDTH:0.960641
G1 X54.32 Y18.954 E.00847
;WIDTH:0.914721
G1 F8602.881
G1 X54.209 Y18.977 E.00804
;WIDTH:0.845888
G1 F9000
G1 X54.099 Y19 E.00741
G1 X-54.901 Y19 E7.13205
G1 X54.5 Y18.599 F30000
;WIDTH:0.845841
G1 F9000
G1 X54.5 Y8.099 E.68699
G1 E-1.2 F2100
;WIPE_START
G1 F9000
G1 X54.5 Y10.099
;WIPE_END
G1 X54.315 Y2.468 Z12 F30000
G1 X53.81 Y-18.31 Z12
G1 Z11.6
G1 E1.2 F2100
SET_VELOCITY_LIMIT ACCEL=5000
;TYPE:Outer wall
;WIDTH:0.62
G1 F7200
G1 X-55.19 Y-18.31 E5.12569
G1 X-55.19 Y-19.69 E.06489
G1 X55.19 Y-19.69 E5.19058
G1 X55.19 Y-7.81 E.55865
G1 X53.81 Y-7.81 E.06489
G1 X53.81 Y-18.274 E.49207
M73 P80 R4
SET_VELOCITY_LIMIT ACCEL=10000
G1 X54.5 Y-18.599 F30000
;TYPE:Gap infill
;WIDTH:0.868802
G1 F9000
G1 X54.477 Y-18.709 E.00762
;WIDTH:0.914721
G1 F8602.881
G1 X54.454 Y-18.82 E.00804
;WIDTH:0.960641
G1 F8172.424
G1 X54.431 Y-18.931 E.00847
;WIDTH:0.960641
G1 X54.32 Y-18.954 E.00847
;WIDTH:0.914721
G1 F8602.885
G1 X54.209 Y-18.977 E.00804
;WIDTH:0.84589
G1 F9000
G1 X54.099 Y-19 E.00741
G1 X-54.901 Y-19 E7.13207
G1 X54.5 Y-18.599 F30000
;WIDTH:0.845841
G1 F9000
G1 X54.5 Y-8.099 E.68699
;LAYER_CHANGE
;Z:11.8
;HEIGHT:0.2
;BEFORE_LAYER_CHANGE
;11.8
G1 E-1.2 F2100
;WIPE_START
G1 F9000
G1 X54.5 Y-10.099
;WIPE_END
;AFTER_LAYER_CHANGE
;11.8
;_SET_FAN_SPEED_CHANGING_LAYER
G17
G3 Z12.2 I-1.217 J-.03 P1  F30000
G1 X53.81 Y18.31 Z12.2
G1 Z11.8
G1 E1.2 F2100
SET_VELOCITY_LIMIT ACCEL=5000
;TYPE:Outer wall
;WIDTH:0.62
G1 F7200
G1 X53.81 Y7.81 E.49376
G1 X55.19 Y7.81 E.06489
G1 X55.19 Y19.69 E.55865
G1 X-55.19 Y19.69 E5.19058
G1 X-55.19 Y18.31 E.06489
G1 X53.774 Y18.31 E5.124
SET_VELOCITY_LIMIT ACCEL=10000
G1 X54.5 Y18.599 F30000
;TYPE:Gap infill
;WIDTH:0.868801
G1 F9000
G1 X54.477 Y18.709 E.00762
;WIDTH:0.914721
G1 F8602.885
G1 X54.454 Y18.82 E.00804
;WIDTH:0.960641
G1 F8172.419
G1 X54.431 Y18.931 E.00847
;WIDTH:0.960641
G1 X54.32 Y18.954 E.00847
;WIDTH:0.914721
G1 F8602.881
G1 X54.209 Y18.977 E.00804
;WIDTH:0.845888
G1 F9000
G1 X54.099 Y19 E.00741
G1 X-54.901 Y19 E7.13205
G1 X54.5 Y18.599 F30000
;WIDTH:0.845841
G1 F9000
G1 X54.5 Y8.099 E.68699
G1 E-1.2 F2100
;WIPE_START
G1 F9000
G1 X54.5 Y10.099
;WIPE_END
G1 X54.315 Y2.468 Z12.2 F30000
G1 X53.81 Y-18.31 Z12.2
G1 Z11.8
G1 E1.2 F2100
SET_VELOCITY_LIMIT ACCEL=5000
;TYPE:Outer wall
;WIDTH:0.62
G1 F7200
G1 X-55.19 Y-18.31 E5.12569
G1 X-55.19 Y-19.69 E.06489
G1 X55.19 Y-19.69 E5.19058
G1 X55.19 Y-7.81 E.55865
G1 X53.81 Y-7.81 E.06489
G1 X53.81 Y-18.274 E.49207
SET_VELOCITY_LIMIT ACCEL=10000
G1 X54.5 Y-18.599 F30000
;TYPE:Gap infill
;WIDTH:0.868802
G1 F9000
G1 X54.477 Y-18.709 E.00762
;WIDTH:0.914721
G1 F8602.881
G1 X54.454 Y-18.82 E.00804
;WIDTH:0.960641
G1 F8172.424
G1 X54.431 Y-18.931 E.00847
;WIDTH:0.960641
G1 X54.32 Y-18.954 E.00847
;WIDTH:0.914721
G1 F8602.885
G1 X54.209 Y-18.977 E.00804
;WIDTH:0.84589
G1 F9000
G1 X54.099 Y-19 E.00741
G1 X-54.901 Y-19 E7.13207
G1 X54.5 Y-18.599 F30000
;WIDTH:0.845841
G1 F9000
G1 X54.5 Y-8.099 E.68699
;LAYER_CHANGE
;Z:12
;HEIGHT:0.2
;BEFORE_LAYER_CHANGE
;12
G1 E-1.2 F2100
;WIPE_START
G1 F9000
G1 X54.5 Y-10.099
;WIPE_END
;AFTER_LAYER_CHANGE
;12
;_SET_FAN_SPEED_CHANGING_LAYER
G17
G3 Z12.4 I-1.217 J-.03 P1  F30000
G1 X53.81 Y18.31 Z12.4
G1 Z12
G1 E1.2 F2100
SET_VELOCITY_LIMIT ACCEL=5000
;TYPE:Outer wall
;WIDTH:0.62
G1 F7200
G1 X53.81 Y7.81 E.49376
G1 X55.19 Y7.81 E.06489
G1 X55.19 Y19.69 E.55865
G1 X-55.19 Y19.69 E5.19058
G1 X-55.19 Y18.31 E.06489
G1 X53.774 Y18.31 E5.124
SET_VELOCITY_LIMIT ACCEL=10000
G1 X54.5 Y18.599 F30000
;TYPE:Gap infill
;WIDTH:0.868801
G1 F9000
G1 X54.477 Y18.709 E.00762
;WIDTH:0.914721
G1 F8602.885
G1 X54.454 Y18.82 E.00804
;WIDTH:0.960641
G1 F8172.419
G1 X54.431 Y18.931 E.00847
;WIDTH:0.960641
G1 X54.32 Y18.954 E.00847
;WIDTH:0.914721
G1 F8602.881
G1 X54.209 Y18.977 E.00804
;WIDTH:0.845888
G1 F9000
G1 X54.099 Y19 E.00741
G1 X-54.901 Y19 E7.13205
G1 X54.5 Y18.599 F30000
;WIDTH:0.845841
G1 F9000
G1 X54.5 Y8.099 E.68699
G1 E-1.2 F2100
;WIPE_START
G1 F9000
G1 X54.5 Y10.099
;WIPE_END
G1 X54.315 Y2.468 Z12.4 F30000
G1 X53.81 Y-18.31 Z12.4
G1 Z12
G1 E1.2 F2100
SET_VELOCITY_LIMIT ACCEL=5000
;TYPE:Outer wall
;WIDTH:0.62
G1 F7200
G1 X-55.19 Y-18.31 E5.12569
G1 X-55.19 Y-19.69 E.06489
G1 X55.19 Y-19.69 E5.19058
G1 X55.19 Y-7.81 E.55865
G1 X53.81 Y-7.81 E.06489
G1 X53.81 Y-18.274 E.49207
SET_VELOCITY_LIMIT ACCEL=10000
G1 X54.5 Y-18.599 F30000
M73 P81 R4
;TYPE:Gap infill
;WIDTH:0.868802
G1 F9000
G1 X54.477 Y-18.709 E.00762
;WIDTH:0.914721
G1 F8602.881
G1 X54.454 Y-18.82 E.00804
;WIDTH:0.960641
G1 F8172.424
G1 X54.431 Y-18.931 E.00847
;WIDTH:0.960641
G1 X54.32 Y-18.954 E.00847
;WIDTH:0.914721
G1 F8602.885
G1 X54.209 Y-18.977 E.00804
;WIDTH:0.84589
G1 F9000
G1 X54.099 Y-19 E.00741
G1 X-54.901 Y-19 E7.13207
G1 X54.5 Y-18.599 F30000
;WIDTH:0.845841
G1 F9000
G1 X54.5 Y-8.099 E.68699
;LAYER_CHANGE
;Z:12.2
;HEIGHT:0.2
;BEFORE_LAYER_CHANGE
;12.2
G1 E-1.2 F2100
;WIPE_START
G1 F9000
G1 X54.5 Y-10.099
;WIPE_END
;AFTER_LAYER_CHANGE
;12.2
;_SET_FAN_SPEED_CHANGING_LAYER
G17
G3 Z12.6 I-1.217 J-.03 P1  F30000
G1 X53.81 Y18.31 Z12.6
G1 Z12.2
G1 E1.2 F2100
SET_VELOCITY_LIMIT ACCEL=5000
;TYPE:Outer wall
;WIDTH:0.62
G1 F7200
G1 X53.81 Y7.81 E.49376
G1 X55.19 Y7.81 E.06489
G1 X55.19 Y19.69 E.55865
G1 X-55.19 Y19.69 E5.19058
G1 X-55.19 Y18.31 E.06489
G1 X53.774 Y18.31 E5.124
SET_VELOCITY_LIMIT ACCEL=10000
G1 X54.5 Y18.599 F30000
;TYPE:Gap infill
;WIDTH:0.868801
G1 F9000
G1 X54.477 Y18.709 E.00762
;WIDTH:0.914721
G1 F8602.885
G1 X54.454 Y18.82 E.00804
;WIDTH:0.960641
G1 F8172.419
G1 X54.431 Y18.931 E.00847
;WIDTH:0.960641
G1 X54.32 Y18.954 E.00847
;WIDTH:0.914721
G1 F8602.881
G1 X54.209 Y18.977 E.00804
;WIDTH:0.845888
G1 F9000
G1 X54.099 Y19 E.00741
G1 X-54.901 Y19 E7.13205
G1 X54.5 Y18.599 F30000
;WIDTH:0.845841
G1 F9000
G1 X54.5 Y8.099 E.68699
G1 E-1.2 F2100
;WIPE_START
G1 F9000
G1 X54.5 Y10.099
;WIPE_END
G1 X54.315 Y2.468 Z12.6 F30000
G1 X53.81 Y-18.31 Z12.6
G1 Z12.2
G1 E1.2 F2100
SET_VELOCITY_LIMIT ACCEL=5000
;TYPE:Outer wall
;WIDTH:0.62
G1 F7200
G1 X-55.19 Y-18.31 E5.12569
G1 X-55.19 Y-19.69 E.06489
G1 X55.19 Y-19.69 E5.19058
G1 X55.19 Y-7.81 E.55865
G1 X53.81 Y-7.81 E.06489
G1 X53.81 Y-18.274 E.49207
SET_VELOCITY_LIMIT ACCEL=10000
G1 X54.5 Y-18.599 F30000
;TYPE:Gap infill
;WIDTH:0.868802
G1 F9000
G1 X54.477 Y-18.709 E.00762
;WIDTH:0.914721
G1 F8602.881
G1 X54.454 Y-18.82 E.00804
;WIDTH:0.960641
G1 F8172.424
G1 X54.431 Y-18.931 E.00847
;WIDTH:0.960641
G1 X54.32 Y-18.954 E.00847
;WIDTH:0.914721
G1 F8602.885
G1 X54.209 Y-18.977 E.00804
;WIDTH:0.84589
G1 F9000
G1 X54.099 Y-19 E.00741
G1 X-54.901 Y-19 E7.13207
G1 X54.5 Y-18.599 F30000
;WIDTH:0.845841
G1 F9000
G1 X54.5 Y-8.099 E.68699
;LAYER_CHANGE
;Z:12.4
;HEIGHT:0.2
;BEFORE_LAYER_CHANGE
;12.4
G1 E-1.2 F2100
;WIPE_START
G1 F9000
G1 X54.5 Y-10.099
;WIPE_END
;AFTER_LAYER_CHANGE
;12.4
;_SET_FAN_SPEED_CHANGING_LAYER
G17
G3 Z12.8 I-1.217 J-.03 P1  F30000
G1 X53.81 Y18.31 Z12.8
G1 Z12.4
G1 E1.2 F2100
SET_VELOCITY_LIMIT ACCEL=5000
;TYPE:Outer wall
;WIDTH:0.62
G1 F7200
G1 X53.81 Y7.81 E.49376
G1 X55.19 Y7.81 E.06489
G1 X55.19 Y19.69 E.55865
G1 X-55.19 Y19.69 E5.19058
G1 X-55.19 Y18.31 E.06489
G1 X53.774 Y18.31 E5.124
SET_VELOCITY_LIMIT ACCEL=10000
G1 X54.5 Y18.599 F30000
;TYPE:Gap infill
;WIDTH:0.868801
G1 F9000
G1 X54.477 Y18.709 E.00762
;WIDTH:0.914721
G1 F8602.885
G1 X54.454 Y18.82 E.00804
;WIDTH:0.960641
G1 F8172.419
G1 X54.431 Y18.931 E.00847
;WIDTH:0.960641
G1 X54.32 Y18.954 E.00847
;WIDTH:0.914721
G1 F8602.881
G1 X54.209 Y18.977 E.00804
;WIDTH:0.845888
G1 F9000
G1 X54.099 Y19 E.00741
G1 X-54.901 Y19 E7.13205
G1 X54.5 Y18.599 F30000
;WIDTH:0.845841
G1 F9000
G1 X54.5 Y8.099 E.68699
G1 E-1.2 F2100
;WIPE_START
G1 F9000
G1 X54.5 Y10.099
;WIPE_END
G1 X54.315 Y2.468 Z12.8 F30000
G1 X53.81 Y-18.31 Z12.8
G1 Z12.4
G1 E1.2 F2100
SET_VELOCITY_LIMIT ACCEL=5000
;TYPE:Outer wall
;WIDTH:0.62
G1 F7200
G1 X-55.19 Y-18.31 E5.12569
G1 X-55.19 Y-19.69 E.06489
G1 X55.19 Y-19.69 E5.19058
G1 X55.19 Y-7.81 E.55865
G1 X53.81 Y-7.81 E.06489
G1 X53.81 Y-18.274 E.49207
SET_VELOCITY_LIMIT ACCEL=10000
G1 X54.5 Y-18.599 F30000
;TYPE:Gap infill
;WIDTH:0.868802
G1 F9000
G1 X54.477 Y-18.709 E.00762
;WIDTH:0.914721
G1 F8602.881
G1 X54.454 Y-18.82 E.00804
;WIDTH:0.960641
G1 F8172.424
G1 X54.431 Y-18.931 E.00847
;WIDTH:0.960641
G1 X54.32 Y-18.954 E.00847
;WIDTH:0.914721
G1 F8602.885
G1 X54.209 Y-18.977 E.00804
;WIDTH:0.84589
G1 F9000
G1 X54.099 Y-19 E.00741
G1 X-54.901 Y-19 E7.13207
G1 X54.5 Y-18.599 F30000
M73 P82 R4
;WIDTH:0.845841
G1 F9000
G1 X54.5 Y-8.099 E.68699
;LAYER_CHANGE
;Z:12.6
;HEIGHT:0.200001
;BEFORE_LAYER_CHANGE
;12.6
G1 E-1.2 F2100
;WIPE_START
G1 F9000
G1 X54.5 Y-10.099
;WIPE_END
;AFTER_LAYER_CHANGE
;12.6
;_SET_FAN_SPEED_CHANGING_LAYER
G17
G3 Z13 I-1.217 J-.03 P1  F30000
G1 X53.81 Y18.31 Z13
G1 Z12.6
G1 E1.2 F2100
SET_VELOCITY_LIMIT ACCEL=5000
;TYPE:Outer wall
;WIDTH:0.62
G1 F7200
G1 X53.81 Y7.81 E.49376
G1 X55.19 Y7.81 E.06489
G1 X55.19 Y19.69 E.55865
G1 X-55.19 Y19.69 E5.19058
G1 X-55.19 Y18.31 E.06489
G1 X53.774 Y18.31 E5.124
SET_VELOCITY_LIMIT ACCEL=10000
G1 X54.5 Y18.599 F30000
;TYPE:Gap infill
;WIDTH:0.868801
G1 F9000
G1 X54.477 Y18.709 E.00762
;WIDTH:0.914721
G1 F8602.885
G1 X54.454 Y18.82 E.00804
;WIDTH:0.960641
G1 F8172.419
G1 X54.431 Y18.931 E.00847
;WIDTH:0.960641
G1 X54.32 Y18.954 E.00847
;WIDTH:0.914721
G1 F8602.881
G1 X54.209 Y18.977 E.00804
;WIDTH:0.845888
G1 F9000
G1 X54.099 Y19 E.00741
G1 X-54.901 Y19 E7.13205
G1 X54.5 Y18.599 F30000
;WIDTH:0.845841
G1 F9000
G1 X54.5 Y8.099 E.68699
G1 E-1.2 F2100
;WIPE_START
G1 F9000
G1 X54.5 Y10.099
;WIPE_END
G1 X54.315 Y2.468 Z13 F30000
G1 X53.81 Y-18.31 Z13
G1 Z12.6
G1 E1.2 F2100
SET_VELOCITY_LIMIT ACCEL=5000
;TYPE:Outer wall
;WIDTH:0.62
G1 F7200
G1 X-55.19 Y-18.31 E5.12569
G1 X-55.19 Y-19.69 E.06489
G1 X55.19 Y-19.69 E5.19058
G1 X55.19 Y-7.81 E.55865
G1 X53.81 Y-7.81 E.06489
G1 X53.81 Y-18.274 E.49207
SET_VELOCITY_LIMIT ACCEL=10000
G1 X54.5 Y-18.599 F30000
;TYPE:Gap infill
;WIDTH:0.868802
G1 F9000
G1 X54.477 Y-18.709 E.00762
;WIDTH:0.914721
G1 F8602.881
G1 X54.454 Y-18.82 E.00804
;WIDTH:0.960641
G1 F8172.424
G1 X54.431 Y-18.931 E.00847
;WIDTH:0.960641
G1 X54.32 Y-18.954 E.00847
;WIDTH:0.914721
G1 F8602.885
G1 X54.209 Y-18.977 E.00804
;WIDTH:0.84589
G1 F9000
G1 X54.099 Y-19 E.00741
G1 X-54.901 Y-19 E7.13207
G1 X54.5 Y-18.599 F30000
;WIDTH:0.845841
G1 F9000
G1 X54.5 Y-8.099 E.68699
;LAYER_CHANGE
;Z:12.8
;HEIGHT:0.2
;BEFORE_LAYER_CHANGE
;12.8
G1 E-1.2 F2100
;WIPE_START
G1 F9000
G1 X54.5 Y-10.099
;WIPE_END
;AFTER_LAYER_CHANGE
;12.8
;_SET_FAN_SPEED_CHANGING_LAYER
G17
G3 Z13.2 I-1.217 J-.03 P1  F30000
G1 X53.81 Y18.31 Z13.2
G1 Z12.8
G1 E1.2 F2100
SET_VELOCITY_LIMIT ACCEL=5000
;TYPE:Outer wall
;WIDTH:0.62
G1 F7200
G1 X53.81 Y7.81 E.49376
G1 X55.19 Y7.81 E.06489
G1 X55.19 Y19.69 E.55865
G1 X-55.19 Y19.69 E5.19058
G1 X-55.19 Y18.31 E.06489
G1 X53.774 Y18.31 E5.124
SET_VELOCITY_LIMIT ACCEL=10000
G1 X54.5 Y18.599 F30000
;TYPE:Gap infill
;WIDTH:0.868801
G1 F9000
G1 X54.477 Y18.709 E.00762
;WIDTH:0.914721
G1 F8602.885
G1 X54.454 Y18.82 E.00804
;WIDTH:0.960641
G1 F8172.419
G1 X54.431 Y18.931 E.00847
;WIDTH:0.960641
G1 X54.32 Y18.954 E.00847
;WIDTH:0.914721
G1 F8602.881
G1 X54.209 Y18.977 E.00804
;WIDTH:0.845888
G1 F9000
G1 X54.099 Y19 E.00741
G1 X-54.901 Y19 E7.13205
G1 X54.5 Y18.599 F30000
;WIDTH:0.845841
G1 F9000
G1 X54.5 Y8.099 E.68699
G1 E-1.2 F2100
;WIPE_START
G1 F9000
G1 X54.5 Y10.099
;WIPE_END
G1 X54.315 Y2.468 Z13.2 F30000
G1 X53.81 Y-18.31 Z13.2
G1 Z12.8
G1 E1.2 F2100
SET_VELOCITY_LIMIT ACCEL=5000
;TYPE:Outer wall
;WIDTH:0.62
G1 F7200
G1 X-55.19 Y-18.31 E5.12569
G1 X-55.19 Y-19.69 E.06489
G1 X55.19 Y-19.69 E5.19058
G1 X55.19 Y-7.81 E.55865
G1 X53.81 Y-7.81 E.06489
G1 X53.81 Y-18.274 E.49207
SET_VELOCITY_LIMIT ACCEL=10000
G1 X54.5 Y-18.599 F30000
;TYPE:Gap infill
;WIDTH:0.868802
G1 F9000
G1 X54.477 Y-18.709 E.00762
;WIDTH:0.914721
G1 F8602.881
G1 X54.454 Y-18.82 E.00804
;WIDTH:0.960641
G1 F8172.424
G1 X54.431 Y-18.931 E.00847
;WIDTH:0.960641
G1 X54.32 Y-18.954 E.00847
;WIDTH:0.914721
G1 F8602.885
G1 X54.209 Y-18.977 E.00804
;WIDTH:0.84589
G1 F9000
G1 X54.099 Y-19 E.00741
G1 X-54.901 Y-19 E7.13207
G1 X54.5 Y-18.599 F30000
M73 P83 R4
;WIDTH:0.845841
G1 F9000
G1 X54.5 Y-8.099 E.68699
;LAYER_CHANGE
;Z:13
;HEIGHT:0.2
;BEFORE_LAYER_CHANGE
;13
G1 E-1.2 F2100
;WIPE_START
G1 F9000
G1 X54.5 Y-10.099
;WIPE_END
;AFTER_LAYER_CHANGE
;13
;_SET_FAN_SPEED_CHANGING_LAYER
G17
G3 Z13.4 I-1.217 J-.03 P1  F30000
G1 X53.81 Y18.31 Z13.4
G1 Z13
G1 E1.2 F2100
SET_VELOCITY_LIMIT ACCEL=5000
;TYPE:Outer wall
;WIDTH:0.62
G1 F7200
G1 X53.81 Y7.81 E.49376
G1 X55.19 Y7.81 E.06489
G1 X55.19 Y19.69 E.55865
G1 X-55.19 Y19.69 E5.19058
G1 X-55.19 Y18.31 E.06489
G1 X53.774 Y18.31 E5.124
SET_VELOCITY_LIMIT ACCEL=10000
G1 X54.5 Y18.599 F30000
;TYPE:Gap infill
;WIDTH:0.868801
G1 F9000
G1 X54.477 Y18.709 E.00762
;WIDTH:0.914721
G1 F8602.885
G1 X54.454 Y18.82 E.00804
;WIDTH:0.960641
G1 F8172.419
G1 X54.431 Y18.931 E.00847
;WIDTH:0.960641
G1 X54.32 Y18.954 E.00847
;WIDTH:0.914721
G1 F8602.881
G1 X54.209 Y18.977 E.00804
;WIDTH:0.845888
G1 F9000
G1 X54.099 Y19 E.00741
G1 X-54.901 Y19 E7.13205
G1 X54.5 Y18.599 F30000
;WIDTH:0.845841
G1 F9000
G1 X54.5 Y8.099 E.68699
G1 E-1.2 F2100
;WIPE_START
G1 F9000
G1 X54.5 Y10.099
;WIPE_END
G1 X54.315 Y2.468 Z13.4 F30000
G1 X53.81 Y-18.31 Z13.4
G1 Z13
G1 E1.2 F2100
SET_VELOCITY_LIMIT ACCEL=5000
;TYPE:Outer wall
;WIDTH:0.62
G1 F7200
G1 X-55.19 Y-18.31 E5.12569
G1 X-55.19 Y-19.69 E.06489
G1 X55.19 Y-19.69 E5.19058
G1 X55.19 Y-7.81 E.55865
G1 X53.81 Y-7.81 E.06489
G1 X53.81 Y-18.274 E.49207
SET_VELOCITY_LIMIT ACCEL=10000
G1 X54.5 Y-18.599 F30000
;TYPE:Gap infill
;WIDTH:0.868802
G1 F9000
G1 X54.477 Y-18.709 E.00762
;WIDTH:0.914721
G1 F8602.881
G1 X54.454 Y-18.82 E.00804
;WIDTH:0.960641
G1 F8172.424
G1 X54.431 Y-18.931 E.00847
;WIDTH:0.960641
G1 X54.32 Y-18.954 E.00847
;WIDTH:0.914721
G1 F8602.885
G1 X54.209 Y-18.977 E.00804
;WIDTH:0.84589
G1 F9000
G1 X54.099 Y-19 E.00741
G1 X-54.901 Y-19 E7.13207
G1 X54.5 Y-18.599 F30000
M73 P83 R3
;WIDTH:0.845841
G1 F9000
G1 X54.5 Y-8.099 E.68699
;LAYER_CHANGE
;Z:13.2
;HEIGHT:0.2
;BEFORE_LAYER_CHANGE
;13.2
G1 E-1.2 F2100
;WIPE_START
G1 F9000
G1 X54.5 Y-10.099
;WIPE_END
;AFTER_LAYER_CHANGE
;13.2
;_SET_FAN_SPEED_CHANGING_LAYER
G17
G3 Z13.6 I-1.217 J-.03 P1  F30000
G1 X53.81 Y18.31 Z13.6
G1 Z13.2
G1 E1.2 F2100
SET_VELOCITY_LIMIT ACCEL=5000
;TYPE:Outer wall
;WIDTH:0.62
G1 F7200
G1 X53.81 Y7.81 E.49376
G1 X55.19 Y7.81 E.06489
G1 X55.19 Y19.69 E.55865
G1 X-55.19 Y19.69 E5.19058
G1 X-55.19 Y18.31 E.06489
G1 X53.774 Y18.31 E5.124
SET_VELOCITY_LIMIT ACCEL=10000
G1 X54.5 Y18.599 F30000
;TYPE:Gap infill
;WIDTH:0.868801
G1 F9000
G1 X54.477 Y18.709 E.00762
;WIDTH:0.914721
G1 F8602.885
G1 X54.454 Y18.82 E.00804
;WIDTH:0.960641
G1 F8172.419
G1 X54.431 Y18.931 E.00847
;WIDTH:0.960641
G1 X54.32 Y18.954 E.00847
;WIDTH:0.914721
G1 F8602.881
G1 X54.209 Y18.977 E.00804
;WIDTH:0.845888
G1 F9000
G1 X54.099 Y19 E.00741
G1 X-54.901 Y19 E7.13205
G1 X54.5 Y18.599 F30000
;WIDTH:0.845841
G1 F9000
G1 X54.5 Y8.099 E.68699
G1 E-1.2 F2100
;WIPE_START
G1 F9000
G1 X54.5 Y10.099
;WIPE_END
G1 X54.315 Y2.468 Z13.6 F30000
G1 X53.81 Y-18.31 Z13.6
G1 Z13.2
G1 E1.2 F2100
SET_VELOCITY_LIMIT ACCEL=5000
;TYPE:Outer wall
;WIDTH:0.62
G1 F7200
G1 X-55.19 Y-18.31 E5.12569
G1 X-55.19 Y-19.69 E.06489
G1 X55.19 Y-19.69 E5.19058
G1 X55.19 Y-7.81 E.55865
G1 X53.81 Y-7.81 E.06489
G1 X53.81 Y-18.274 E.49207
SET_VELOCITY_LIMIT ACCEL=10000
G1 X54.5 Y-18.599 F30000
;TYPE:Gap infill
;WIDTH:0.868802
G1 F9000
G1 X54.477 Y-18.709 E.00762
;WIDTH:0.914721
G1 F8602.881
G1 X54.454 Y-18.82 E.00804
;WIDTH:0.960641
G1 F8172.424
G1 X54.431 Y-18.931 E.00847
;WIDTH:0.960641
G1 X54.32 Y-18.954 E.00847
;WIDTH:0.914721
G1 F8602.885
G1 X54.209 Y-18.977 E.00804
;WIDTH:0.84589
G1 F9000
G1 X54.099 Y-19 E.00741
G1 X-54.901 Y-19 E7.13207
G1 X54.5 Y-18.599 F30000
M73 P84 R3
;WIDTH:0.845841
G1 F9000
G1 X54.5 Y-8.099 E.68699
;LAYER_CHANGE
;Z:13.4
;HEIGHT:0.2
;BEFORE_LAYER_CHANGE
;13.4
G1 E-1.2 F2100
;WIPE_START
G1 F9000
G1 X54.5 Y-10.099
;WIPE_END
;AFTER_LAYER_CHANGE
;13.4
;_SET_FAN_SPEED_CHANGING_LAYER
G17
G3 Z13.8 I-1.217 J-.03 P1  F30000
G1 X53.81 Y18.31 Z13.8
G1 Z13.4
G1 E1.2 F2100
SET_VELOCITY_LIMIT ACCEL=5000
;TYPE:Outer wall
;WIDTH:0.62
G1 F7200
G1 X53.81 Y7.81 E.49376
G1 X55.19 Y7.81 E.06489
G1 X55.19 Y19.69 E.55865
G1 X-55.19 Y19.69 E5.19058
G1 X-55.19 Y18.31 E.06489
G1 X53.774 Y18.31 E5.124
SET_VELOCITY_LIMIT ACCEL=10000
G1 X54.5 Y18.599 F30000
;TYPE:Gap infill
;WIDTH:0.868801
G1 F9000
G1 X54.477 Y18.709 E.00762
;WIDTH:0.914721
G1 F8602.885
G1 X54.454 Y18.82 E.00804
;WIDTH:0.960641
G1 F8172.419
G1 X54.431 Y18.931 E.00847
;WIDTH:0.960641
G1 X54.32 Y18.954 E.00847
;WIDTH:0.914721
G1 F8602.881
G1 X54.209 Y18.977 E.00804
;WIDTH:0.845888
G1 F9000
G1 X54.099 Y19 E.00741
G1 X-54.901 Y19 E7.13205
G1 X54.5 Y18.599 F30000
;WIDTH:0.845841
G1 F9000
G1 X54.5 Y8.099 E.68699
G1 E-1.2 F2100
;WIPE_START
G1 F9000
G1 X54.5 Y10.099
;WIPE_END
G1 X54.315 Y2.468 Z13.8 F30000
G1 X53.81 Y-18.31 Z13.8
G1 Z13.4
G1 E1.2 F2100
SET_VELOCITY_LIMIT ACCEL=5000
;TYPE:Outer wall
;WIDTH:0.62
G1 F7200
G1 X-55.19 Y-18.31 E5.12569
G1 X-55.19 Y-19.69 E.06489
G1 X55.19 Y-19.69 E5.19058
G1 X55.19 Y-7.81 E.55865
G1 X53.81 Y-7.81 E.06489
G1 X53.81 Y-18.274 E.49207
SET_VELOCITY_LIMIT ACCEL=10000
G1 X54.5 Y-18.599 F30000
;TYPE:Gap infill
;WIDTH:0.868802
G1 F9000
G1 X54.477 Y-18.709 E.00762
;WIDTH:0.914721
G1 F8602.881
G1 X54.454 Y-18.82 E.00804
;WIDTH:0.960641
G1 F8172.424
G1 X54.431 Y-18.931 E.00847
;WIDTH:0.960641
G1 X54.32 Y-18.954 E.00847
;WIDTH:0.914721
G1 F8602.885
G1 X54.209 Y-18.977 E.00804
;WIDTH:0.84589
G1 F9000
G1 X54.099 Y-19 E.00741
G1 X-54.901 Y-19 E7.13207
G1 X54.5 Y-18.599 F30000
;WIDTH:0.845841
G1 F9000
G1 X54.5 Y-8.099 E.68699
;LAYER_CHANGE
;Z:13.6
;HEIGHT:0.200001
;BEFORE_LAYER_CHANGE
;13.6
G1 E-1.2 F2100
;WIPE_START
G1 F9000
G1 X54.5 Y-10.099
;WIPE_END
;AFTER_LAYER_CHANGE
;13.6
;_SET_FAN_SPEED_CHANGING_LAYER
G17
G3 Z14 I-1.217 J-.03 P1  F30000
G1 X53.81 Y18.31 Z14
G1 Z13.6
G1 E1.2 F2100
SET_VELOCITY_LIMIT ACCEL=5000
;TYPE:Outer wall
;WIDTH:0.62
G1 F7200
G1 X53.81 Y7.81 E.49376
G1 X55.19 Y7.81 E.06489
G1 X55.19 Y19.69 E.55865
G1 X-55.19 Y19.69 E5.19058
G1 X-55.19 Y18.31 E.06489
G1 X53.774 Y18.31 E5.124
SET_VELOCITY_LIMIT ACCEL=10000
G1 X54.5 Y18.599 F30000
;TYPE:Gap infill
;WIDTH:0.868801
G1 F9000
G1 X54.477 Y18.709 E.00762
;WIDTH:0.914721
G1 F8602.885
G1 X54.454 Y18.82 E.00804
;WIDTH:0.960641
G1 F8172.419
G1 X54.431 Y18.931 E.00847
;WIDTH:0.960641
G1 X54.32 Y18.954 E.00847
;WIDTH:0.914721
G1 F8602.881
G1 X54.209 Y18.977 E.00804
;WIDTH:0.845888
G1 F9000
G1 X54.099 Y19 E.00741
G1 X-54.901 Y19 E7.13205
G1 X54.5 Y18.599 F30000
;WIDTH:0.845841
G1 F9000
G1 X54.5 Y8.099 E.68699
G1 E-1.2 F2100
;WIPE_START
G1 F9000
G1 X54.5 Y10.099
;WIPE_END
G1 X54.315 Y2.468 Z14 F30000
G1 X53.81 Y-18.31 Z14
G1 Z13.6
G1 E1.2 F2100
SET_VELOCITY_LIMIT ACCEL=5000
;TYPE:Outer wall
;WIDTH:0.62
G1 F7200
G1 X-55.19 Y-18.31 E5.12569
G1 X-55.19 Y-19.69 E.06489
G1 X55.19 Y-19.69 E5.19058
G1 X55.19 Y-7.81 E.55865
G1 X53.81 Y-7.81 E.06489
G1 X53.81 Y-18.274 E.49207
SET_VELOCITY_LIMIT ACCEL=10000
G1 X54.5 Y-18.599 F30000
;TYPE:Gap infill
;WIDTH:0.868802
G1 F9000
G1 X54.477 Y-18.709 E.00762
;WIDTH:0.914721
G1 F8602.881
G1 X54.454 Y-18.82 E.00804
;WIDTH:0.960641
G1 F8172.424
G1 X54.431 Y-18.931 E.00847
;WIDTH:0.960641
G1 X54.32 Y-18.954 E.00847
;WIDTH:0.914721
G1 F8602.885
G1 X54.209 Y-18.977 E.00804
;WIDTH:0.84589
G1 F9000
G1 X54.099 Y-19 E.00741
G1 X-54.901 Y-19 E7.13207
G1 X54.5 Y-18.599 F30000
M73 P85 R3
;WIDTH:0.845841
G1 F9000
G1 X54.5 Y-8.099 E.68699
;LAYER_CHANGE
;Z:13.8
;HEIGHT:0.2
;BEFORE_LAYER_CHANGE
;13.8
G1 E-1.2 F2100
;WIPE_START
G1 F9000
G1 X54.5 Y-10.099
;WIPE_END
;AFTER_LAYER_CHANGE
;13.8
;_SET_FAN_SPEED_CHANGING_LAYER
G17
G3 Z14.2 I-1.217 J-.03 P1  F30000
G1 X53.81 Y18.31 Z14.2
G1 Z13.8
G1 E1.2 F2100
SET_VELOCITY_LIMIT ACCEL=5000
;TYPE:Outer wall
;WIDTH:0.62
G1 F7200
G1 X53.81 Y7.81 E.49376
G1 X55.19 Y7.81 E.06489
G1 X55.19 Y19.69 E.55865
G1 X-55.19 Y19.69 E5.19058
G1 X-55.19 Y18.31 E.06489
G1 X53.774 Y18.31 E5.124
SET_VELOCITY_LIMIT ACCEL=10000
G1 X54.5 Y18.599 F30000
;TYPE:Gap infill
;WIDTH:0.868801
G1 F9000
G1 X54.477 Y18.709 E.00762
;WIDTH:0.914721
G1 F8602.885
G1 X54.454 Y18.82 E.00804
;WIDTH:0.960641
G1 F8172.419
G1 X54.431 Y18.931 E.00847
;WIDTH:0.960641
G1 X54.32 Y18.954 E.00847
;WIDTH:0.914721
G1 F8602.881
G1 X54.209 Y18.977 E.00804
;WIDTH:0.845888
G1 F9000
G1 X54.099 Y19 E.00741
G1 X-54.901 Y19 E7.13205
G1 X54.5 Y18.599 F30000
;WIDTH:0.845841
G1 F9000
G1 X54.5 Y8.099 E.68699
G1 E-1.2 F2100
;WIPE_START
G1 F9000
G1 X54.5 Y10.099
;WIPE_END
G1 X54.315 Y2.468 Z14.2 F30000
G1 X53.81 Y-18.31 Z14.2
G1 Z13.8
G1 E1.2 F2100
SET_VELOCITY_LIMIT ACCEL=5000
;TYPE:Outer wall
;WIDTH:0.62
G1 F7200
G1 X-55.19 Y-18.31 E5.12569
G1 X-55.19 Y-19.69 E.06489
G1 X55.19 Y-19.69 E5.19058
G1 X55.19 Y-7.81 E.55865
G1 X53.81 Y-7.81 E.06489
G1 X53.81 Y-18.274 E.49207
SET_VELOCITY_LIMIT ACCEL=10000
G1 X54.5 Y-18.599 F30000
;TYPE:Gap infill
;WIDTH:0.868802
G1 F9000
G1 X54.477 Y-18.709 E.00762
;WIDTH:0.914721
G1 F8602.881
G1 X54.454 Y-18.82 E.00804
;WIDTH:0.960641
G1 F8172.424
G1 X54.431 Y-18.931 E.00847
;WIDTH:0.960641
G1 X54.32 Y-18.954 E.00847
;WIDTH:0.914721
G1 F8602.885
G1 X54.209 Y-18.977 E.00804
;WIDTH:0.84589
G1 F9000
G1 X54.099 Y-19 E.00741
G1 X-54.901 Y-19 E7.13207
G1 X54.5 Y-18.599 F30000
;WIDTH:0.845841
G1 F9000
G1 X54.5 Y-8.099 E.68699
;LAYER_CHANGE
;Z:14
;HEIGHT:0.2
;BEFORE_LAYER_CHANGE
;14
G1 E-1.2 F2100
;WIPE_START
G1 F9000
G1 X54.5 Y-10.099
;WIPE_END
;AFTER_LAYER_CHANGE
;14
;_SET_FAN_SPEED_CHANGING_LAYER
G17
G3 Z14.4 I-1.217 J-.03 P1  F30000
G1 X53.81 Y18.31 Z14.4
G1 Z14
G1 E1.2 F2100
SET_VELOCITY_LIMIT ACCEL=5000
;TYPE:Outer wall
;WIDTH:0.62
G1 F7200
G1 X53.81 Y7.81 E.49376
G1 X55.19 Y7.81 E.06489
G1 X55.19 Y19.69 E.55865
G1 X-55.19 Y19.69 E5.19058
G1 X-55.19 Y18.31 E.06489
G1 X53.774 Y18.31 E5.124
SET_VELOCITY_LIMIT ACCEL=10000
G1 X54.5 Y18.599 F30000
;TYPE:Gap infill
;WIDTH:0.868801
G1 F9000
G1 X54.477 Y18.709 E.00762
;WIDTH:0.914721
G1 F8602.885
G1 X54.454 Y18.82 E.00804
;WIDTH:0.960641
G1 F8172.419
G1 X54.431 Y18.931 E.00847
;WIDTH:0.960641
G1 X54.32 Y18.954 E.00847
;WIDTH:0.914721
G1 F8602.881
G1 X54.209 Y18.977 E.00804
;WIDTH:0.845888
G1 F9000
G1 X54.099 Y19 E.00741
G1 X-54.901 Y19 E7.13205
G1 X54.5 Y18.599 F30000
;WIDTH:0.845841
G1 F9000
G1 X54.5 Y8.099 E.68699
G1 E-1.2 F2100
;WIPE_START
G1 F9000
G1 X54.5 Y10.099
;WIPE_END
G1 X54.315 Y2.468 Z14.4 F30000
G1 X53.81 Y-18.31 Z14.4
G1 Z14
G1 E1.2 F2100
SET_VELOCITY_LIMIT ACCEL=5000
;TYPE:Outer wall
;WIDTH:0.62
G1 F7200
G1 X-55.19 Y-18.31 E5.12569
G1 X-55.19 Y-19.69 E.06489
G1 X55.19 Y-19.69 E5.19058
G1 X55.19 Y-7.81 E.55865
G1 X53.81 Y-7.81 E.06489
G1 X53.81 Y-18.274 E.49207
SET_VELOCITY_LIMIT ACCEL=10000
G1 X54.5 Y-18.599 F30000
;TYPE:Gap infill
;WIDTH:0.868802
G1 F9000
G1 X54.477 Y-18.709 E.00762
;WIDTH:0.914721
G1 F8602.881
G1 X54.454 Y-18.82 E.00804
;WIDTH:0.960641
G1 F8172.424
G1 X54.431 Y-18.931 E.00847
;WIDTH:0.960641
G1 X54.32 Y-18.954 E.00847
;WIDTH:0.914721
G1 F8602.885
G1 X54.209 Y-18.977 E.00804
;WIDTH:0.84589
G1 F9000
G1 X54.099 Y-19 E.00741
G1 X-54.901 Y-19 E7.13207
G1 X54.5 Y-18.599 F30000
M73 P86 R3
;WIDTH:0.845841
G1 F9000
G1 X54.5 Y-8.099 E.68699
;LAYER_CHANGE
;Z:14.2
;HEIGHT:0.2
;BEFORE_LAYER_CHANGE
;14.2
G1 E-1.2 F2100
;WIPE_START
G1 F9000
G1 X54.5 Y-10.099
;WIPE_END
;AFTER_LAYER_CHANGE
;14.2
;_SET_FAN_SPEED_CHANGING_LAYER
G17
G3 Z14.6 I-1.217 J-.03 P1  F30000
G1 X53.81 Y18.31 Z14.6
G1 Z14.2
G1 E1.2 F2100
SET_VELOCITY_LIMIT ACCEL=5000
;TYPE:Outer wall
;WIDTH:0.62
G1 F7200
G1 X53.81 Y7.81 E.49376
G1 X55.19 Y7.81 E.06489
G1 X55.19 Y19.69 E.55865
G1 X-55.19 Y19.69 E5.19058
G1 X-55.19 Y18.31 E.06489
G1 X53.774 Y18.31 E5.124
SET_VELOCITY_LIMIT ACCEL=10000
G1 X54.5 Y18.599 F30000
;TYPE:Gap infill
;WIDTH:0.868801
G1 F9000
G1 X54.477 Y18.709 E.00762
;WIDTH:0.914721
G1 F8602.885
G1 X54.454 Y18.82 E.00804
;WIDTH:0.960641
G1 F8172.419
G1 X54.431 Y18.931 E.00847
;WIDTH:0.960641
G1 X54.32 Y18.954 E.00847
;WIDTH:0.914721
G1 F8602.881
G1 X54.209 Y18.977 E.00804
;WIDTH:0.845888
G1 F9000
G1 X54.099 Y19 E.00741
G1 X-54.901 Y19 E7.13205
G1 X54.5 Y18.599 F30000
;WIDTH:0.845841
G1 F9000
G1 X54.5 Y8.099 E.68699
G1 E-1.2 F2100
;WIPE_START
G1 F9000
G1 X54.5 Y10.099
;WIPE_END
G1 X54.315 Y2.468 Z14.6 F30000
G1 X53.81 Y-18.31 Z14.6
G1 Z14.2
G1 E1.2 F2100
SET_VELOCITY_LIMIT ACCEL=5000
;TYPE:Outer wall
;WIDTH:0.62
G1 F7200
G1 X-55.19 Y-18.31 E5.12569
G1 X-55.19 Y-19.69 E.06489
G1 X55.19 Y-19.69 E5.19058
G1 X55.19 Y-7.81 E.55865
G1 X53.81 Y-7.81 E.06489
G1 X53.81 Y-18.274 E.49207
SET_VELOCITY_LIMIT ACCEL=10000
G1 X54.5 Y-18.599 F30000
;TYPE:Gap infill
;WIDTH:0.868802
G1 F9000
G1 X54.477 Y-18.709 E.00762
;WIDTH:0.914721
G1 F8602.881
G1 X54.454 Y-18.82 E.00804
;WIDTH:0.960641
G1 F8172.424
G1 X54.431 Y-18.931 E.00847
;WIDTH:0.960641
G1 X54.32 Y-18.954 E.00847
;WIDTH:0.914721
G1 F8602.885
G1 X54.209 Y-18.977 E.00804
;WIDTH:0.84589
G1 F9000
G1 X54.099 Y-19 E.00741
G1 X-54.901 Y-19 E7.13207
G1 X54.5 Y-18.599 F30000
;WIDTH:0.845841
G1 F9000
G1 X54.5 Y-8.099 E.68699
;LAYER_CHANGE
;Z:14.4
;HEIGHT:0.2
;BEFORE_LAYER_CHANGE
;14.4
G1 E-1.2 F2100
;WIPE_START
G1 F9000
G1 X54.5 Y-10.099
;WIPE_END
;AFTER_LAYER_CHANGE
;14.4
;_SET_FAN_SPEED_CHANGING_LAYER
G17
G3 Z14.8 I-1.217 J-.03 P1  F30000
G1 X53.81 Y18.31 Z14.8
G1 Z14.4
G1 E1.2 F2100
SET_VELOCITY_LIMIT ACCEL=5000
;TYPE:Outer wall
;WIDTH:0.62
G1 F7200
G1 X53.81 Y7.81 E.49376
G1 X55.19 Y7.81 E.06489
G1 X55.19 Y19.69 E.55865
G1 X-55.19 Y19.69 E5.19058
G1 X-55.19 Y18.31 E.06489
G1 X53.774 Y18.31 E5.124
SET_VELOCITY_LIMIT ACCEL=10000
G1 X54.5 Y18.599 F30000
;TYPE:Gap infill
;WIDTH:0.868801
G1 F9000
G1 X54.477 Y18.709 E.00762
;WIDTH:0.914721
G1 F8602.885
G1 X54.454 Y18.82 E.00804
;WIDTH:0.960641
G1 F8172.419
G1 X54.431 Y18.931 E.00847
;WIDTH:0.960641
G1 X54.32 Y18.954 E.00847
;WIDTH:0.914721
G1 F8602.881
G1 X54.209 Y18.977 E.00804
;WIDTH:0.845888
G1 F9000
G1 X54.099 Y19 E.00741
G1 X-54.901 Y19 E7.13205
G1 X54.5 Y18.599 F30000
;WIDTH:0.845841
G1 F9000
G1 X54.5 Y8.099 E.68699
G1 E-1.2 F2100
;WIPE_START
G1 F9000
G1 X54.5 Y10.099
;WIPE_END
G1 X54.315 Y2.468 Z14.8 F30000
G1 X53.81 Y-18.31 Z14.8
G1 Z14.4
G1 E1.2 F2100
SET_VELOCITY_LIMIT ACCEL=5000
;TYPE:Outer wall
;WIDTH:0.62
G1 F7200
G1 X-55.19 Y-18.31 E5.12569
G1 X-55.19 Y-19.69 E.06489
G1 X55.19 Y-19.69 E5.19058
G1 X55.19 Y-7.81 E.55865
G1 X53.81 Y-7.81 E.06489
G1 X53.81 Y-18.274 E.49207
SET_VELOCITY_LIMIT ACCEL=10000
G1 X54.5 Y-18.599 F30000
;TYPE:Gap infill
;WIDTH:0.868802
G1 F9000
G1 X54.477 Y-18.709 E.00762
;WIDTH:0.914721
G1 F8602.881
G1 X54.454 Y-18.82 E.00804
;WIDTH:0.960641
G1 F8172.424
G1 X54.431 Y-18.931 E.00847
;WIDTH:0.960641
G1 X54.32 Y-18.954 E.00847
;WIDTH:0.914721
G1 F8602.885
G1 X54.209 Y-18.977 E.00804
;WIDTH:0.84589
G1 F9000
G1 X54.099 Y-19 E.00741
G1 X-54.901 Y-19 E7.13207
G1 X54.5 Y-18.599 F30000
M73 P87 R3
;WIDTH:0.845841
G1 F9000
G1 X54.5 Y-8.099 E.68699
;LAYER_CHANGE
;Z:14.6
;HEIGHT:0.200001
;BEFORE_LAYER_CHANGE
;14.6
G1 E-1.2 F2100
;WIPE_START
G1 F9000
G1 X54.5 Y-10.099
;WIPE_END
;AFTER_LAYER_CHANGE
;14.6
;_SET_FAN_SPEED_CHANGING_LAYER
G17
G3 Z15 I-1.217 J-.03 P1  F30000
G1 X53.81 Y18.31 Z15
G1 Z14.6
G1 E1.2 F2100
SET_VELOCITY_LIMIT ACCEL=5000
;TYPE:Outer wall
;WIDTH:0.62
G1 F7200
G1 X53.81 Y7.81 E.49376
G1 X55.19 Y7.81 E.06489
G1 X55.19 Y19.69 E.55865
G1 X-55.19 Y19.69 E5.19058
G1 X-55.19 Y18.31 E.06489
G1 X53.774 Y18.31 E5.124
SET_VELOCITY_LIMIT ACCEL=10000
G1 X54.5 Y18.599 F30000
;TYPE:Gap infill
;WIDTH:0.868801
G1 F9000
G1 X54.477 Y18.709 E.00762
;WIDTH:0.914721
G1 F8602.885
G1 X54.454 Y18.82 E.00804
;WIDTH:0.960641
G1 F8172.419
G1 X54.431 Y18.931 E.00847
;WIDTH:0.960641
G1 X54.32 Y18.954 E.00847
;WIDTH:0.914721
G1 F8602.881
G1 X54.209 Y18.977 E.00804
;WIDTH:0.845888
G1 F9000
G1 X54.099 Y19 E.00741
G1 X-54.901 Y19 E7.13205
G1 X54.5 Y18.599 F30000
;WIDTH:0.845841
G1 F9000
G1 X54.5 Y8.099 E.68699
G1 E-1.2 F2100
;WIPE_START
G1 F9000
G1 X54.5 Y10.099
;WIPE_END
G1 X54.315 Y2.468 Z15 F30000
G1 X53.81 Y-18.31 Z15
G1 Z14.6
G1 E1.2 F2100
SET_VELOCITY_LIMIT ACCEL=5000
;TYPE:Outer wall
;WIDTH:0.62
G1 F7200
G1 X-55.19 Y-18.31 E5.12569
G1 X-55.19 Y-19.69 E.06489
G1 X55.19 Y-19.69 E5.19058
G1 X55.19 Y-7.81 E.55865
G1 X53.81 Y-7.81 E.06489
G1 X53.81 Y-18.274 E.49207
SET_VELOCITY_LIMIT ACCEL=10000
G1 X54.5 Y-18.599 F30000
;TYPE:Gap infill
;WIDTH:0.868802
G1 F9000
G1 X54.477 Y-18.709 E.00762
;WIDTH:0.914721
G1 F8602.881
G1 X54.454 Y-18.82 E.00804
;WIDTH:0.960641
G1 F8172.424
G1 X54.431 Y-18.931 E.00847
;WIDTH:0.960641
G1 X54.32 Y-18.954 E.00847
;WIDTH:0.914721
G1 F8602.885
G1 X54.209 Y-18.977 E.00804
;WIDTH:0.84589
G1 F9000
G1 X54.099 Y-19 E.00741
G1 X-54.901 Y-19 E7.13207
G1 X54.5 Y-18.599 F30000
;WIDTH:0.845841
G1 F9000
G1 X54.5 Y-8.099 E.68699
;LAYER_CHANGE
;Z:14.8
;HEIGHT:0.2
;BEFORE_LAYER_CHANGE
;14.8
G1 E-1.2 F2100
;WIPE_START
G1 F9000
G1 X54.5 Y-10.099
;WIPE_END
;AFTER_LAYER_CHANGE
;14.8
;_SET_FAN_SPEED_CHANGING_LAYER
G17
G3 Z15.2 I-1.217 J-.03 P1  F30000
G1 X53.81 Y18.31 Z15.2
G1 Z14.8
G1 E1.2 F2100
SET_VELOCITY_LIMIT ACCEL=5000
;TYPE:Outer wall
;WIDTH:0.62
G1 F7200
G1 X53.81 Y7.81 E.49376
G1 X55.19 Y7.81 E.06489
G1 X55.19 Y19.69 E.55865
G1 X-55.19 Y19.69 E5.19058
G1 X-55.19 Y18.31 E.06489
M73 P87 R2
G1 X53.774 Y18.31 E5.124
SET_VELOCITY_LIMIT ACCEL=10000
G1 X54.5 Y18.599 F30000
;TYPE:Gap infill
;WIDTH:0.868801
G1 F9000
G1 X54.477 Y18.709 E.00762
;WIDTH:0.914721
G1 F8602.885
G1 X54.454 Y18.82 E.00804
;WIDTH:0.960641
G1 F8172.419
G1 X54.431 Y18.931 E.00847
;WIDTH:0.960641
G1 X54.32 Y18.954 E.00847
;WIDTH:0.914721
G1 F8602.881
G1 X54.209 Y18.977 E.00804
;WIDTH:0.845888
G1 F9000
G1 X54.099 Y19 E.00741
G1 X-54.901 Y19 E7.13205
G1 X54.5 Y18.599 F30000
;WIDTH:0.845841
G1 F9000
G1 X54.5 Y8.099 E.68699
G1 E-1.2 F2100
;WIPE_START
G1 F9000
G1 X54.5 Y10.099
;WIPE_END
G1 X54.315 Y2.468 Z15.2 F30000
G1 X53.81 Y-18.31 Z15.2
G1 Z14.8
G1 E1.2 F2100
SET_VELOCITY_LIMIT ACCEL=5000
;TYPE:Outer wall
;WIDTH:0.62
G1 F7200
G1 X-55.19 Y-18.31 E5.12569
G1 X-55.19 Y-19.69 E.06489
G1 X55.19 Y-19.69 E5.19058
G1 X55.19 Y-7.81 E.55865
G1 X53.81 Y-7.81 E.06489
G1 X53.81 Y-18.274 E.49207
SET_VELOCITY_LIMIT ACCEL=10000
G1 X54.5 Y-18.599 F30000
;TYPE:Gap infill
;WIDTH:0.868802
G1 F9000
G1 X54.477 Y-18.709 E.00762
;WIDTH:0.914721
G1 F8602.881
G1 X54.454 Y-18.82 E.00804
;WIDTH:0.960641
G1 F8172.424
G1 X54.431 Y-18.931 E.00847
;WIDTH:0.960641
G1 X54.32 Y-18.954 E.00847
;WIDTH:0.914721
G1 F8602.885
G1 X54.209 Y-18.977 E.00804
;WIDTH:0.84589
G1 F9000
G1 X54.099 Y-19 E.00741
G1 X-54.901 Y-19 E7.13207
G1 X54.5 Y-18.599 F30000
M73 P88 R2
;WIDTH:0.845841
G1 F9000
G1 X54.5 Y-8.099 E.68699
;LAYER_CHANGE
;Z:15
;HEIGHT:0.2
;BEFORE_LAYER_CHANGE
;15
G1 E-1.2 F2100
;WIPE_START
G1 F9000
G1 X54.5 Y-10.099
;WIPE_END
;AFTER_LAYER_CHANGE
;15
;_SET_FAN_SPEED_CHANGING_LAYER
G17
G3 Z15.4 I-1.217 J-.03 P1  F30000
G1 X53.81 Y18.31 Z15.4
G1 Z15
G1 E1.2 F2100
SET_VELOCITY_LIMIT ACCEL=5000
;TYPE:Outer wall
;WIDTH:0.62
G1 F7200
G1 X53.81 Y7.81 E.49376
G1 X55.19 Y7.81 E.06489
G1 X55.19 Y19.69 E.55865
G1 X-55.19 Y19.69 E5.19058
G1 X-55.19 Y18.31 E.06489
G1 X53.774 Y18.31 E5.124
SET_VELOCITY_LIMIT ACCEL=10000
G1 X54.5 Y18.599 F30000
;TYPE:Gap infill
;WIDTH:0.868801
G1 F9000
G1 X54.477 Y18.709 E.00762
;WIDTH:0.914721
G1 F8602.885
G1 X54.454 Y18.82 E.00804
;WIDTH:0.960641
G1 F8172.419
G1 X54.431 Y18.931 E.00847
;WIDTH:0.960641
G1 X54.32 Y18.954 E.00847
;WIDTH:0.914721
G1 F8602.881
G1 X54.209 Y18.977 E.00804
;WIDTH:0.845888
G1 F9000
G1 X54.099 Y19 E.00741
G1 X-54.901 Y19 E7.13205
G1 X54.5 Y18.599 F30000
;WIDTH:0.845841
G1 F9000
G1 X54.5 Y8.099 E.68699
G1 E-1.2 F2100
;WIPE_START
G1 F9000
G1 X54.5 Y10.099
;WIPE_END
G1 X54.315 Y2.468 Z15.4 F30000
G1 X53.81 Y-18.31 Z15.4
G1 Z15
G1 E1.2 F2100
SET_VELOCITY_LIMIT ACCEL=5000
;TYPE:Outer wall
;WIDTH:0.62
G1 F7200
G1 X-55.19 Y-18.31 E5.12569
G1 X-55.19 Y-19.69 E.06489
G1 X55.19 Y-19.69 E5.19058
G1 X55.19 Y-7.81 E.55865
G1 X53.81 Y-7.81 E.06489
G1 X53.81 Y-18.274 E.49207
SET_VELOCITY_LIMIT ACCEL=10000
G1 X54.5 Y-18.599 F30000
;TYPE:Gap infill
;WIDTH:0.868802
G1 F9000
G1 X54.477 Y-18.709 E.00762
;WIDTH:0.914721
G1 F8602.881
G1 X54.454 Y-18.82 E.00804
;WIDTH:0.960641
G1 F8172.424
G1 X54.431 Y-18.931 E.00847
;WIDTH:0.960641
G1 X54.32 Y-18.954 E.00847
;WIDTH:0.914721
G1 F8602.885
G1 X54.209 Y-18.977 E.00804
;WIDTH:0.84589
G1 F9000
G1 X54.099 Y-19 E.00741
G1 X-54.901 Y-19 E7.13207
G1 X54.5 Y-18.599 F30000
;WIDTH:0.845841
G1 F9000
G1 X54.5 Y-8.099 E.68699
;LAYER_CHANGE
;Z:15.2
;HEIGHT:0.2
;BEFORE_LAYER_CHANGE
;15.2
G1 E-1.2 F2100
;WIPE_START
G1 F9000
G1 X54.5 Y-10.099
;WIPE_END
;AFTER_LAYER_CHANGE
;15.2
;_SET_FAN_SPEED_CHANGING_LAYER
G17
G3 Z15.6 I-1.217 J-.03 P1  F30000
G1 X53.81 Y18.31 Z15.6
G1 Z15.2
G1 E1.2 F2100
SET_VELOCITY_LIMIT ACCEL=5000
;TYPE:Outer wall
;WIDTH:0.62
G1 F7200
G1 X53.81 Y7.81 E.49376
G1 X55.19 Y7.81 E.06489
G1 X55.19 Y19.69 E.55865
G1 X-55.19 Y19.69 E5.19058
G1 X-55.19 Y18.31 E.06489
G1 X53.774 Y18.31 E5.124
SET_VELOCITY_LIMIT ACCEL=10000
G1 X54.5 Y18.599 F30000
;TYPE:Gap infill
;WIDTH:0.868801
G1 F9000
G1 X54.477 Y18.709 E.00762
;WIDTH:0.914721
G1 F8602.885
G1 X54.454 Y18.82 E.00804
;WIDTH:0.960641
G1 F8172.419
G1 X54.431 Y18.931 E.00847
;WIDTH:0.960641
G1 X54.32 Y18.954 E.00847
;WIDTH:0.914721
G1 F8602.881
G1 X54.209 Y18.977 E.00804
;WIDTH:0.845888
G1 F9000
G1 X54.099 Y19 E.00741
G1 X-54.901 Y19 E7.13205
G1 X54.5 Y18.599 F30000
;WIDTH:0.845841
G1 F9000
G1 X54.5 Y8.099 E.68699
G1 E-1.2 F2100
;WIPE_START
G1 F9000
G1 X54.5 Y10.099
;WIPE_END
G1 X54.315 Y2.468 Z15.6 F30000
G1 X53.81 Y-18.31 Z15.6
G1 Z15.2
G1 E1.2 F2100
SET_VELOCITY_LIMIT ACCEL=5000
;TYPE:Outer wall
;WIDTH:0.62
G1 F7200
G1 X-55.19 Y-18.31 E5.12569
G1 X-55.19 Y-19.69 E.06489
G1 X55.19 Y-19.69 E5.19058
G1 X55.19 Y-7.81 E.55865
G1 X53.81 Y-7.81 E.06489
G1 X53.81 Y-18.274 E.49207
SET_VELOCITY_LIMIT ACCEL=10000
G1 X54.5 Y-18.599 F30000
;TYPE:Gap infill
;WIDTH:0.868802
G1 F9000
G1 X54.477 Y-18.709 E.00762
;WIDTH:0.914721
G1 F8602.881
G1 X54.454 Y-18.82 E.00804
;WIDTH:0.960641
G1 F8172.424
G1 X54.431 Y-18.931 E.00847
;WIDTH:0.960641
G1 X54.32 Y-18.954 E.00847
;WIDTH:0.914721
G1 F8602.885
G1 X54.209 Y-18.977 E.00804
;WIDTH:0.84589
G1 F9000
G1 X54.099 Y-19 E.00741
G1 X-54.901 Y-19 E7.13207
G1 X54.5 Y-18.599 F30000
M73 P89 R2
;WIDTH:0.845841
G1 F9000
G1 X54.5 Y-8.099 E.68699
;LAYER_CHANGE
;Z:15.4
;HEIGHT:0.2
;BEFORE_LAYER_CHANGE
;15.4
G1 E-1.2 F2100
;WIPE_START
G1 F9000
G1 X54.5 Y-10.099
;WIPE_END
;AFTER_LAYER_CHANGE
;15.4
;_SET_FAN_SPEED_CHANGING_LAYER
G17
G3 Z15.8 I-1.217 J-.03 P1  F30000
G1 X53.81 Y18.31 Z15.8
G1 Z15.4
G1 E1.2 F2100
SET_VELOCITY_LIMIT ACCEL=5000
;TYPE:Outer wall
;WIDTH:0.62
G1 F7200
G1 X53.81 Y7.81 E.49376
G1 X55.19 Y7.81 E.06489
G1 X55.19 Y19.69 E.55865
G1 X-55.19 Y19.69 E5.19058
G1 X-55.19 Y18.31 E.06489
G1 X53.774 Y18.31 E5.124
SET_VELOCITY_LIMIT ACCEL=10000
G1 X54.5 Y18.599 F30000
;TYPE:Gap infill
;WIDTH:0.868801
G1 F9000
G1 X54.477 Y18.709 E.00762
;WIDTH:0.914721
G1 F8602.885
G1 X54.454 Y18.82 E.00804
;WIDTH:0.960641
G1 F8172.419
G1 X54.431 Y18.931 E.00847
;WIDTH:0.960641
G1 X54.32 Y18.954 E.00847
;WIDTH:0.914721
G1 F8602.881
G1 X54.209 Y18.977 E.00804
;WIDTH:0.845888
G1 F9000
G1 X54.099 Y19 E.00741
G1 X-54.901 Y19 E7.13205
G1 X54.5 Y18.599 F30000
;WIDTH:0.845841
G1 F9000
G1 X54.5 Y8.099 E.68699
G1 E-1.2 F2100
;WIPE_START
G1 F9000
G1 X54.5 Y10.099
;WIPE_END
G1 X54.315 Y2.468 Z15.8 F30000
G1 X53.81 Y-18.31 Z15.8
G1 Z15.4
G1 E1.2 F2100
SET_VELOCITY_LIMIT ACCEL=5000
;TYPE:Outer wall
;WIDTH:0.62
G1 F7200
G1 X-55.19 Y-18.31 E5.12569
G1 X-55.19 Y-19.69 E.06489
G1 X55.19 Y-19.69 E5.19058
G1 X55.19 Y-7.81 E.55865
G1 X53.81 Y-7.81 E.06489
G1 X53.81 Y-18.274 E.49207
SET_VELOCITY_LIMIT ACCEL=10000
G1 X54.5 Y-18.599 F30000
;TYPE:Gap infill
;WIDTH:0.868802
G1 F9000
G1 X54.477 Y-18.709 E.00762
;WIDTH:0.914721
G1 F8602.881
G1 X54.454 Y-18.82 E.00804
;WIDTH:0.960641
G1 F8172.424
G1 X54.431 Y-18.931 E.00847
;WIDTH:0.960641
G1 X54.32 Y-18.954 E.00847
;WIDTH:0.914721
G1 F8602.885
G1 X54.209 Y-18.977 E.00804
;WIDTH:0.84589
G1 F9000
G1 X54.099 Y-19 E.00741
G1 X-54.901 Y-19 E7.13207
G1 X54.5 Y-18.599 F30000
;WIDTH:0.845841
G1 F9000
G1 X54.5 Y-8.099 E.68699
;LAYER_CHANGE
;Z:15.6
;HEIGHT:0.200001
;BEFORE_LAYER_CHANGE
;15.6
G1 E-1.2 F2100
;WIPE_START
G1 F9000
G1 X54.5 Y-10.099
;WIPE_END
;AFTER_LAYER_CHANGE
;15.6
;_SET_FAN_SPEED_CHANGING_LAYER
G17
G3 Z16 I-1.217 J-.03 P1  F30000
G1 X53.81 Y18.31 Z16
G1 Z15.6
G1 E1.2 F2100
SET_VELOCITY_LIMIT ACCEL=5000
;TYPE:Outer wall
;WIDTH:0.62
G1 F7200
G1 X53.81 Y7.81 E.49376
G1 X55.19 Y7.81 E.06489
G1 X55.19 Y19.69 E.55865
G1 X-55.19 Y19.69 E5.19058
G1 X-55.19 Y18.31 E.06489
G1 X53.774 Y18.31 E5.124
SET_VELOCITY_LIMIT ACCEL=10000
G1 X54.5 Y18.599 F30000
;TYPE:Gap infill
;WIDTH:0.868801
G1 F9000
G1 X54.477 Y18.709 E.00762
;WIDTH:0.914721
G1 F8602.885
G1 X54.454 Y18.82 E.00804
;WIDTH:0.960641
G1 F8172.419
G1 X54.431 Y18.931 E.00847
;WIDTH:0.960641
G1 X54.32 Y18.954 E.00847
;WIDTH:0.914721
G1 F8602.881
G1 X54.209 Y18.977 E.00804
;WIDTH:0.845888
G1 F9000
G1 X54.099 Y19 E.00741
G1 X-54.901 Y19 E7.13205
G1 X54.5 Y18.599 F30000
;WIDTH:0.845841
G1 F9000
G1 X54.5 Y8.099 E.68699
G1 E-1.2 F2100
;WIPE_START
G1 F9000
G1 X54.5 Y10.099
;WIPE_END
G1 X54.315 Y2.468 Z16 F30000
G1 X53.81 Y-18.31 Z16
G1 Z15.6
G1 E1.2 F2100
SET_VELOCITY_LIMIT ACCEL=5000
;TYPE:Outer wall
;WIDTH:0.62
G1 F7200
G1 X-55.19 Y-18.31 E5.12569
G1 X-55.19 Y-19.69 E.06489
G1 X55.19 Y-19.69 E5.19058
G1 X55.19 Y-7.81 E.55865
G1 X53.81 Y-7.81 E.06489
G1 X53.81 Y-18.274 E.49207
SET_VELOCITY_LIMIT ACCEL=10000
G1 X54.5 Y-18.599 F30000
;TYPE:Gap infill
;WIDTH:0.868802
G1 F9000
G1 X54.477 Y-18.709 E.00762
;WIDTH:0.914721
G1 F8602.881
G1 X54.454 Y-18.82 E.00804
;WIDTH:0.960641
G1 F8172.424
G1 X54.431 Y-18.931 E.00847
;WIDTH:0.960641
G1 X54.32 Y-18.954 E.00847
;WIDTH:0.914721
G1 F8602.885
G1 X54.209 Y-18.977 E.00804
;WIDTH:0.84589
G1 F9000
G1 X54.099 Y-19 E.00741
G1 X-54.901 Y-19 E7.13207
G1 X54.5 Y-18.599 F30000
;WIDTH:0.845841
G1 F9000
M73 P90 R2
G1 X54.5 Y-8.099 E.68699
;LAYER_CHANGE
;Z:15.8
;HEIGHT:0.2
;BEFORE_LAYER_CHANGE
;15.8
G1 E-1.2 F2100
;WIPE_START
G1 F9000
G1 X54.5 Y-10.099
;WIPE_END
;AFTER_LAYER_CHANGE
;15.8
;_SET_FAN_SPEED_CHANGING_LAYER
G17
G3 Z16.2 I-1.217 J-.03 P1  F30000
G1 X53.81 Y18.31 Z16.2
G1 Z15.8
G1 E1.2 F2100
SET_VELOCITY_LIMIT ACCEL=5000
;TYPE:Outer wall
;WIDTH:0.62
G1 F7200
G1 X53.81 Y7.81 E.49376
G1 X55.19 Y7.81 E.06489
G1 X55.19 Y19.69 E.55865
G1 X-55.19 Y19.69 E5.19058
G1 X-55.19 Y18.31 E.06489
G1 X53.774 Y18.31 E5.124
SET_VELOCITY_LIMIT ACCEL=10000
G1 X54.5 Y18.599 F30000
;TYPE:Gap infill
;WIDTH:0.868801
G1 F9000
G1 X54.477 Y18.709 E.00762
;WIDTH:0.914721
G1 F8602.885
G1 X54.454 Y18.82 E.00804
;WIDTH:0.960641
G1 F8172.419
G1 X54.431 Y18.931 E.00847
;WIDTH:0.960641
G1 X54.32 Y18.954 E.00847
;WIDTH:0.914721
G1 F8602.881
G1 X54.209 Y18.977 E.00804
;WIDTH:0.845888
G1 F9000
G1 X54.099 Y19 E.00741
G1 X-54.901 Y19 E7.13205
G1 X54.5 Y18.599 F30000
;WIDTH:0.845841
G1 F9000
G1 X54.5 Y8.099 E.68699
G1 E-1.2 F2100
;WIPE_START
G1 F9000
G1 X54.5 Y10.099
;WIPE_END
G1 X54.315 Y2.468 Z16.2 F30000
G1 X53.81 Y-18.31 Z16.2
G1 Z15.8
G1 E1.2 F2100
SET_VELOCITY_LIMIT ACCEL=5000
;TYPE:Outer wall
;WIDTH:0.62
G1 F7200
G1 X-55.19 Y-18.31 E5.12569
G1 X-55.19 Y-19.69 E.06489
G1 X55.19 Y-19.69 E5.19058
G1 X55.19 Y-7.81 E.55865
G1 X53.81 Y-7.81 E.06489
G1 X53.81 Y-18.274 E.49207
SET_VELOCITY_LIMIT ACCEL=10000
G1 X54.5 Y-18.599 F30000
;TYPE:Gap infill
;WIDTH:0.868802
G1 F9000
G1 X54.477 Y-18.709 E.00762
;WIDTH:0.914721
G1 F8602.881
G1 X54.454 Y-18.82 E.00804
;WIDTH:0.960641
G1 F8172.424
G1 X54.431 Y-18.931 E.00847
;WIDTH:0.960641
G1 X54.32 Y-18.954 E.00847
;WIDTH:0.914721
G1 F8602.885
G1 X54.209 Y-18.977 E.00804
;WIDTH:0.84589
G1 F9000
G1 X54.099 Y-19 E.00741
G1 X-54.901 Y-19 E7.13207
G1 X54.5 Y-18.599 F30000
;WIDTH:0.845841
G1 F9000
G1 X54.5 Y-8.099 E.68699
;LAYER_CHANGE
;Z:16
;HEIGHT:0.2
;BEFORE_LAYER_CHANGE
;16
G1 E-1.2 F2100
;WIPE_START
G1 F9000
G1 X54.5 Y-10.099
;WIPE_END
;AFTER_LAYER_CHANGE
;16
;_SET_FAN_SPEED_CHANGING_LAYER
G17
G3 Z16.4 I-1.217 J-.03 P1  F30000
G1 X53.81 Y18.31 Z16.4
G1 Z16
G1 E1.2 F2100
SET_VELOCITY_LIMIT ACCEL=5000
;TYPE:Outer wall
;WIDTH:0.62
G1 F7200
G1 X53.81 Y7.81 E.49376
G1 X55.19 Y7.81 E.06489
G1 X55.19 Y19.69 E.55865
G1 X-55.19 Y19.69 E5.19058
G1 X-55.19 Y18.31 E.06489
G1 X53.774 Y18.31 E5.124
SET_VELOCITY_LIMIT ACCEL=10000
G1 X54.5 Y18.599 F30000
;TYPE:Gap infill
;WIDTH:0.868801
G1 F9000
G1 X54.477 Y18.709 E.00762
;WIDTH:0.914721
G1 F8602.885
G1 X54.454 Y18.82 E.00804
;WIDTH:0.960641
G1 F8172.419
G1 X54.431 Y18.931 E.00847
;WIDTH:0.960641
G1 X54.32 Y18.954 E.00847
;WIDTH:0.914721
G1 F8602.881
G1 X54.209 Y18.977 E.00804
;WIDTH:0.845888
G1 F9000
G1 X54.099 Y19 E.00741
G1 X-54.901 Y19 E7.13205
G1 X54.5 Y18.599 F30000
;WIDTH:0.845841
G1 F9000
G1 X54.5 Y8.099 E.68699
G1 E-1.2 F2100
;WIPE_START
G1 F9000
G1 X54.5 Y10.099
;WIPE_END
G1 X54.315 Y2.468 Z16.4 F30000
G1 X53.81 Y-18.31 Z16.4
G1 Z16
G1 E1.2 F2100
SET_VELOCITY_LIMIT ACCEL=5000
;TYPE:Outer wall
;WIDTH:0.62
G1 F7200
G1 X-55.19 Y-18.31 E5.12569
G1 X-55.19 Y-19.69 E.06489
G1 X55.19 Y-19.69 E5.19058
G1 X55.19 Y-7.81 E.55865
G1 X53.81 Y-7.81 E.06489
G1 X53.81 Y-18.274 E.49207
SET_VELOCITY_LIMIT ACCEL=10000
G1 X54.5 Y-18.599 F30000
;TYPE:Gap infill
;WIDTH:0.868802
G1 F9000
G1 X54.477 Y-18.709 E.00762
;WIDTH:0.914721
G1 F8602.881
G1 X54.454 Y-18.82 E.00804
;WIDTH:0.960641
G1 F8172.424
G1 X54.431 Y-18.931 E.00847
;WIDTH:0.960641
G1 X54.32 Y-18.954 E.00847
;WIDTH:0.914721
G1 F8602.885
G1 X54.209 Y-18.977 E.00804
;WIDTH:0.84589
G1 F9000
G1 X54.099 Y-19 E.00741
G1 X-54.901 Y-19 E7.13207
G1 X54.5 Y-18.599 F30000
;WIDTH:0.845841
G1 F9000
M73 P91 R2
G1 X54.5 Y-8.099 E.68699
;LAYER_CHANGE
;Z:16.2
;HEIGHT:0.200001
;BEFORE_LAYER_CHANGE
;16.2
G1 E-1.2 F2100
;WIPE_START
G1 F9000
G1 X54.5 Y-10.099
;WIPE_END
;AFTER_LAYER_CHANGE
;16.2
;_SET_FAN_SPEED_CHANGING_LAYER
G17
G3 Z16.6 I-1.217 J-.03 P1  F30000
G1 X53.81 Y18.31 Z16.6
G1 Z16.2
G1 E1.2 F2100
SET_VELOCITY_LIMIT ACCEL=5000
;TYPE:Outer wall
;WIDTH:0.62
G1 F7200
G1 X53.81 Y7.81 E.49376
G1 X55.19 Y7.81 E.06489
G1 X55.19 Y19.69 E.55865
G1 X-55.19 Y19.69 E5.19058
G1 X-55.19 Y18.31 E.06489
G1 X53.774 Y18.31 E5.124
SET_VELOCITY_LIMIT ACCEL=10000
G1 X54.5 Y18.599 F30000
;TYPE:Gap infill
;WIDTH:0.868801
G1 F9000
G1 X54.477 Y18.709 E.00762
;WIDTH:0.914721
G1 F8602.885
G1 X54.454 Y18.82 E.00804
;WIDTH:0.960641
G1 F8172.419
G1 X54.431 Y18.931 E.00847
;WIDTH:0.960641
G1 X54.32 Y18.954 E.00847
;WIDTH:0.914721
G1 F8602.881
G1 X54.209 Y18.977 E.00804
;WIDTH:0.845888
G1 F9000
G1 X54.099 Y19 E.00741
G1 X-54.901 Y19 E7.13205
G1 X54.5 Y18.599 F30000
;WIDTH:0.845841
G1 F9000
G1 X54.5 Y8.099 E.68699
G1 E-1.2 F2100
;WIPE_START
G1 F9000
G1 X54.5 Y10.099
;WIPE_END
G1 X54.315 Y2.468 Z16.6 F30000
G1 X53.81 Y-18.31 Z16.6
G1 Z16.2
G1 E1.2 F2100
SET_VELOCITY_LIMIT ACCEL=5000
;TYPE:Outer wall
;WIDTH:0.62
G1 F7200
G1 X-55.19 Y-18.31 E5.12569
G1 X-55.19 Y-19.69 E.06489
G1 X55.19 Y-19.69 E5.19058
G1 X55.19 Y-7.81 E.55865
G1 X53.81 Y-7.81 E.06489
G1 X53.81 Y-18.274 E.49207
SET_VELOCITY_LIMIT ACCEL=10000
G1 X54.5 Y-18.599 F30000
;TYPE:Gap infill
;WIDTH:0.868802
G1 F9000
G1 X54.477 Y-18.709 E.00762
;WIDTH:0.914721
G1 F8602.881
G1 X54.454 Y-18.82 E.00804
;WIDTH:0.960641
G1 F8172.424
G1 X54.431 Y-18.931 E.00847
;WIDTH:0.960641
G1 X54.32 Y-18.954 E.00847
;WIDTH:0.914721
G1 F8602.885
G1 X54.209 Y-18.977 E.00804
;WIDTH:0.84589
G1 F9000
G1 X54.099 Y-19 E.00741
G1 X-54.901 Y-19 E7.13207
G1 X54.5 Y-18.599 F30000
;WIDTH:0.845841
G1 F9000
G1 X54.5 Y-8.099 E.68699
;LAYER_CHANGE
;Z:16.4
;HEIGHT:0.199999
;BEFORE_LAYER_CHANGE
;16.4
G1 E-1.2 F2100
;WIPE_START
G1 F9000
G1 X54.5 Y-10.099
;WIPE_END
;AFTER_LAYER_CHANGE
;16.4
;_SET_FAN_SPEED_CHANGING_LAYER
G17
G3 Z16.8 I-1.217 J-.03 P1  F30000
G1 X53.81 Y18.31 Z16.8
G1 Z16.4
G1 E1.2 F2100
SET_VELOCITY_LIMIT ACCEL=5000
;TYPE:Outer wall
;WIDTH:0.62
G1 F7200
G1 X53.81 Y7.81 E.49376
G1 X55.19 Y7.81 E.06489
G1 X55.19 Y19.69 E.55865
G1 X-55.19 Y19.69 E5.19058
G1 X-55.19 Y18.31 E.06489
G1 X53.774 Y18.31 E5.124
SET_VELOCITY_LIMIT ACCEL=10000
G1 X54.5 Y18.599 F30000
;TYPE:Gap infill
;WIDTH:0.868801
G1 F9000
G1 X54.477 Y18.709 E.00762
;WIDTH:0.914721
G1 F8602.885
G1 X54.454 Y18.82 E.00804
;WIDTH:0.960641
G1 F8172.419
G1 X54.431 Y18.931 E.00847
;WIDTH:0.960641
G1 X54.32 Y18.954 E.00847
;WIDTH:0.914721
G1 F8602.881
G1 X54.209 Y18.977 E.00804
;WIDTH:0.845888
G1 F9000
G1 X54.099 Y19 E.00741
G1 X-54.901 Y19 E7.13205
G1 X54.5 Y18.599 F30000
;WIDTH:0.845841
G1 F9000
G1 X54.5 Y8.099 E.68699
G1 E-1.2 F2100
;WIPE_START
G1 F9000
G1 X54.5 Y10.099
;WIPE_END
G1 X54.315 Y2.468 Z16.8 F30000
G1 X53.81 Y-18.31 Z16.8
G1 Z16.4
M73 P91 R1
G1 E1.2 F2100
SET_VELOCITY_LIMIT ACCEL=5000
;TYPE:Outer wall
;WIDTH:0.62
G1 F7200
G1 X-55.19 Y-18.31 E5.12569
G1 X-55.19 Y-19.69 E.06489
G1 X55.19 Y-19.69 E5.19058
G1 X55.19 Y-7.81 E.55865
G1 X53.81 Y-7.81 E.06489
G1 X53.81 Y-18.274 E.49207
SET_VELOCITY_LIMIT ACCEL=10000
G1 X54.5 Y-18.599 F30000
;TYPE:Gap infill
;WIDTH:0.868802
G1 F9000
G1 X54.477 Y-18.709 E.00762
;WIDTH:0.914721
G1 F8602.881
G1 X54.454 Y-18.82 E.00804
;WIDTH:0.960641
G1 F8172.424
G1 X54.431 Y-18.931 E.00847
;WIDTH:0.960641
G1 X54.32 Y-18.954 E.00847
;WIDTH:0.914721
G1 F8602.885
G1 X54.209 Y-18.977 E.00804
;WIDTH:0.84589
G1 F9000
G1 X54.099 Y-19 E.00741
G1 X-54.901 Y-19 E7.13207
G1 X54.5 Y-18.599 F30000
;WIDTH:0.845841
G1 F9000
G1 X54.5 Y-8.099 E.68699
;LAYER_CHANGE
;Z:16.6
;HEIGHT:0.200001
;BEFORE_LAYER_CHANGE
;16.6
G1 E-1.2 F2100
M73 P92 R1
;WIPE_START
G1 F9000
G1 X54.5 Y-10.099
;WIPE_END
;AFTER_LAYER_CHANGE
;16.6
;_SET_FAN_SPEED_CHANGING_LAYER
G17
G3 Z17 I-1.217 J-.03 P1  F30000
G1 X53.81 Y18.31 Z17
G1 Z16.6
G1 E1.2 F2100
SET_VELOCITY_LIMIT ACCEL=5000
;TYPE:Outer wall
;WIDTH:0.62
G1 F7200
G1 X53.81 Y7.81 E.49376
G1 X55.19 Y7.81 E.06489
G1 X55.19 Y19.69 E.55865
G1 X-55.19 Y19.69 E5.19058
G1 X-55.19 Y18.31 E.06489
G1 X53.774 Y18.31 E5.124
SET_VELOCITY_LIMIT ACCEL=10000
G1 X54.5 Y18.599 F30000
;TYPE:Gap infill
;WIDTH:0.868801
G1 F9000
G1 X54.477 Y18.709 E.00762
;WIDTH:0.914721
G1 F8602.885
G1 X54.454 Y18.82 E.00804
;WIDTH:0.960641
G1 F8172.419
G1 X54.431 Y18.931 E.00847
;WIDTH:0.960641
G1 X54.32 Y18.954 E.00847
;WIDTH:0.914721
G1 F8602.881
G1 X54.209 Y18.977 E.00804
;WIDTH:0.845888
G1 F9000
G1 X54.099 Y19 E.00741
G1 X-54.901 Y19 E7.13205
G1 X54.5 Y18.599 F30000
;WIDTH:0.845841
G1 F9000
G1 X54.5 Y8.099 E.68699
G1 E-1.2 F2100
;WIPE_START
G1 F9000
G1 X54.5 Y10.099
;WIPE_END
G1 X54.315 Y2.468 Z17 F30000
G1 X53.81 Y-18.31 Z17
G1 Z16.6
G1 E1.2 F2100
SET_VELOCITY_LIMIT ACCEL=5000
;TYPE:Outer wall
;WIDTH:0.62
G1 F7200
G1 X-55.19 Y-18.31 E5.12569
G1 X-55.19 Y-19.69 E.06489
G1 X55.19 Y-19.69 E5.19058
G1 X55.19 Y-7.81 E.55865
G1 X53.81 Y-7.81 E.06489
G1 X53.81 Y-18.274 E.49207
SET_VELOCITY_LIMIT ACCEL=10000
G1 X54.5 Y-18.599 F30000
;TYPE:Gap infill
;WIDTH:0.868802
G1 F9000
G1 X54.477 Y-18.709 E.00762
;WIDTH:0.914721
G1 F8602.881
G1 X54.454 Y-18.82 E.00804
;WIDTH:0.960641
G1 F8172.424
G1 X54.431 Y-18.931 E.00847
;WIDTH:0.960641
G1 X54.32 Y-18.954 E.00847
;WIDTH:0.914721
G1 F8602.885
G1 X54.209 Y-18.977 E.00804
;WIDTH:0.84589
G1 F9000
G1 X54.099 Y-19 E.00741
G1 X-54.901 Y-19 E7.13207
G1 X54.5 Y-18.599 F30000
;WIDTH:0.845841
G1 F9000
G1 X54.5 Y-8.099 E.68699
;LAYER_CHANGE
;Z:16.8
;HEIGHT:0.199999
;BEFORE_LAYER_CHANGE
;16.8
G1 E-1.2 F2100
;WIPE_START
G1 F9000
G1 X54.5 Y-10.099
;WIPE_END
;AFTER_LAYER_CHANGE
;16.8
;_SET_FAN_SPEED_CHANGING_LAYER
G17
G3 Z17.2 I-1.217 J-.03 P1  F30000
G1 X53.81 Y18.31 Z17.2
G1 Z16.8
G1 E1.2 F2100
SET_VELOCITY_LIMIT ACCEL=5000
;TYPE:Outer wall
;WIDTH:0.62
G1 F7200
G1 X53.81 Y7.81 E.49376
G1 X55.19 Y7.81 E.06489
G1 X55.19 Y19.69 E.55865
G1 X-55.19 Y19.69 E5.19058
G1 X-55.19 Y18.31 E.06489
G1 X53.774 Y18.31 E5.124
SET_VELOCITY_LIMIT ACCEL=10000
G1 X54.5 Y18.599 F30000
;TYPE:Gap infill
;WIDTH:0.868801
G1 F9000
G1 X54.477 Y18.709 E.00762
;WIDTH:0.914721
G1 F8602.885
G1 X54.454 Y18.82 E.00804
;WIDTH:0.960641
G1 F8172.419
G1 X54.431 Y18.931 E.00847
;WIDTH:0.960641
G1 X54.32 Y18.954 E.00847
;WIDTH:0.914721
G1 F8602.881
G1 X54.209 Y18.977 E.00804
;WIDTH:0.845888
G1 F9000
G1 X54.099 Y19 E.00741
G1 X-54.901 Y19 E7.13205
G1 X54.5 Y18.599 F30000
;WIDTH:0.845841
G1 F9000
G1 X54.5 Y8.099 E.68699
G1 E-1.2 F2100
;WIPE_START
G1 F9000
G1 X54.5 Y10.099
;WIPE_END
G1 X54.315 Y2.468 Z17.2 F30000
G1 X53.81 Y-18.31 Z17.2
G1 Z16.8
G1 E1.2 F2100
SET_VELOCITY_LIMIT ACCEL=5000
;TYPE:Outer wall
;WIDTH:0.62
G1 F7200
G1 X-55.19 Y-18.31 E5.12569
G1 X-55.19 Y-19.69 E.06489
G1 X55.19 Y-19.69 E5.19058
G1 X55.19 Y-7.81 E.55865
G1 X53.81 Y-7.81 E.06489
G1 X53.81 Y-18.274 E.49207
SET_VELOCITY_LIMIT ACCEL=10000
G1 X54.5 Y-18.599 F30000
;TYPE:Gap infill
;WIDTH:0.868802
G1 F9000
G1 X54.477 Y-18.709 E.00762
;WIDTH:0.914721
G1 F8602.881
G1 X54.454 Y-18.82 E.00804
;WIDTH:0.960641
G1 F8172.424
G1 X54.431 Y-18.931 E.00847
;WIDTH:0.960641
G1 X54.32 Y-18.954 E.00847
;WIDTH:0.914721
G1 F8602.885
G1 X54.209 Y-18.977 E.00804
;WIDTH:0.84589
G1 F9000
G1 X54.099 Y-19 E.00741
G1 X-54.901 Y-19 E7.13207
G1 X54.5 Y-18.599 F30000
;WIDTH:0.845841
G1 F9000
G1 X54.5 Y-8.099 E.68699
;LAYER_CHANGE
;Z:17
;HEIGHT:0.200001
;BEFORE_LAYER_CHANGE
;17
G1 E-1.2 F2100
;WIPE_START
G1 F9000
M73 P93 R1
G1 X54.5 Y-10.099
;WIPE_END
;AFTER_LAYER_CHANGE
;17
;_SET_FAN_SPEED_CHANGING_LAYER
G17
G3 Z17.4 I-1.217 J-.03 P1  F30000
G1 X53.81 Y18.31 Z17.4
G1 Z17
G1 E1.2 F2100
SET_VELOCITY_LIMIT ACCEL=5000
;TYPE:Outer wall
;WIDTH:0.62
G1 F7200
G1 X53.81 Y7.81 E.49376
G1 X55.19 Y7.81 E.06489
G1 X55.19 Y19.69 E.55865
G1 X-55.19 Y19.69 E5.19058
G1 X-55.19 Y18.31 E.06489
G1 X53.774 Y18.31 E5.124
SET_VELOCITY_LIMIT ACCEL=10000
G1 X54.5 Y18.599 F30000
;TYPE:Gap infill
;WIDTH:0.868801
G1 F9000
G1 X54.477 Y18.709 E.00762
;WIDTH:0.914721
G1 F8602.885
G1 X54.454 Y18.82 E.00804
;WIDTH:0.960641
G1 F8172.419
G1 X54.431 Y18.931 E.00847
;WIDTH:0.960641
G1 X54.32 Y18.954 E.00847
;WIDTH:0.914721
G1 F8602.881
G1 X54.209 Y18.977 E.00804
;WIDTH:0.845888
G1 F9000
G1 X54.099 Y19 E.00741
G1 X-54.901 Y19 E7.13205
G1 X54.5 Y18.599 F30000
;WIDTH:0.845841
G1 F9000
G1 X54.5 Y8.099 E.68699
G1 E-1.2 F2100
;WIPE_START
G1 F9000
G1 X54.5 Y10.099
;WIPE_END
G1 X54.315 Y2.468 Z17.4 F30000
G1 X53.81 Y-18.31 Z17.4
G1 Z17
G1 E1.2 F2100
SET_VELOCITY_LIMIT ACCEL=5000
;TYPE:Outer wall
;WIDTH:0.62
G1 F7200
G1 X-55.19 Y-18.31 E5.12569
G1 X-55.19 Y-19.69 E.06489
G1 X55.19 Y-19.69 E5.19058
G1 X55.19 Y-7.81 E.55865
G1 X53.81 Y-7.81 E.06489
G1 X53.81 Y-18.274 E.49207
SET_VELOCITY_LIMIT ACCEL=10000
G1 X54.5 Y-18.599 F30000
;TYPE:Gap infill
;WIDTH:0.868802
G1 F9000
G1 X54.477 Y-18.709 E.00762
;WIDTH:0.914721
G1 F8602.881
G1 X54.454 Y-18.82 E.00804
;WIDTH:0.960641
G1 F8172.424
G1 X54.431 Y-18.931 E.00847
;WIDTH:0.960641
G1 X54.32 Y-18.954 E.00847
;WIDTH:0.914721
G1 F8602.885
G1 X54.209 Y-18.977 E.00804
;WIDTH:0.84589
G1 F9000
G1 X54.099 Y-19 E.00741
G1 X-54.901 Y-19 E7.13207
G1 X54.5 Y-18.599 F30000
;WIDTH:0.845841
G1 F9000
G1 X54.5 Y-8.099 E.68699
;LAYER_CHANGE
;Z:17.2
;HEIGHT:0.200001
;BEFORE_LAYER_CHANGE
;17.2
G1 E-1.2 F2100
;WIPE_START
G1 F9000
G1 X54.5 Y-10.099
;WIPE_END
;AFTER_LAYER_CHANGE
;17.2
;_SET_FAN_SPEED_CHANGING_LAYER
G17
G3 Z17.6 I-1.217 J-.03 P1  F30000
G1 X53.81 Y18.31 Z17.6
G1 Z17.2
G1 E1.2 F2100
SET_VELOCITY_LIMIT ACCEL=5000
;TYPE:Outer wall
;WIDTH:0.62
G1 F7200
G1 X53.81 Y7.81 E.49376
G1 X55.19 Y7.81 E.06489
G1 X55.19 Y19.69 E.55865
G1 X-55.19 Y19.69 E5.19058
G1 X-55.19 Y18.31 E.06489
G1 X53.774 Y18.31 E5.124
SET_VELOCITY_LIMIT ACCEL=10000
G1 X54.5 Y18.599 F30000
;TYPE:Gap infill
;WIDTH:0.868801
G1 F9000
G1 X54.477 Y18.709 E.00762
;WIDTH:0.914721
G1 F8602.885
G1 X54.454 Y18.82 E.00804
;WIDTH:0.960641
G1 F8172.419
G1 X54.431 Y18.931 E.00847
;WIDTH:0.960641
G1 X54.32 Y18.954 E.00847
;WIDTH:0.914721
G1 F8602.881
G1 X54.209 Y18.977 E.00804
;WIDTH:0.845888
G1 F9000
G1 X54.099 Y19 E.00741
G1 X-54.901 Y19 E7.13205
G1 X54.5 Y18.599 F30000
;WIDTH:0.845841
G1 F9000
G1 X54.5 Y8.099 E.68699
G1 E-1.2 F2100
;WIPE_START
G1 F9000
G1 X54.5 Y10.099
;WIPE_END
G1 X54.315 Y2.468 Z17.6 F30000
G1 X53.81 Y-18.31 Z17.6
G1 Z17.2
G1 E1.2 F2100
SET_VELOCITY_LIMIT ACCEL=5000
;TYPE:Outer wall
;WIDTH:0.62
G1 F7200
G1 X-55.19 Y-18.31 E5.12569
G1 X-55.19 Y-19.69 E.06489
G1 X55.19 Y-19.69 E5.19058
G1 X55.19 Y-7.81 E.55865
G1 X53.81 Y-7.81 E.06489
G1 X53.81 Y-18.274 E.49207
SET_VELOCITY_LIMIT ACCEL=10000
G1 X54.5 Y-18.599 F30000
;TYPE:Gap infill
;WIDTH:0.868802
G1 F9000
G1 X54.477 Y-18.709 E.00762
;WIDTH:0.914721
G1 F8602.881
G1 X54.454 Y-18.82 E.00804
;WIDTH:0.960641
G1 F8172.424
G1 X54.431 Y-18.931 E.00847
;WIDTH:0.960641
G1 X54.32 Y-18.954 E.00847
;WIDTH:0.914721
G1 F8602.885
G1 X54.209 Y-18.977 E.00804
;WIDTH:0.84589
G1 F9000
G1 X54.099 Y-19 E.00741
G1 X-54.901 Y-19 E7.13207
G1 X54.5 Y-18.599 F30000
;WIDTH:0.845841
G1 F9000
G1 X54.5 Y-8.099 E.68699
;LAYER_CHANGE
;Z:17.4
;HEIGHT:0.199999
;BEFORE_LAYER_CHANGE
;17.4
G1 E-1.2 F2100
;WIPE_START
G1 F9000
G1 X54.5 Y-10.099
;WIPE_END
;AFTER_LAYER_CHANGE
;17.4
;_SET_FAN_SPEED_CHANGING_LAYER
G17
G3 Z17.8 I-1.217 J-.03 P1  F30000
G1 X53.81 Y18.31 Z17.8
M73 P94 R1
G1 Z17.4
G1 E1.2 F2100
SET_VELOCITY_LIMIT ACCEL=5000
;TYPE:Outer wall
;WIDTH:0.62
G1 F7200
G1 X53.81 Y7.81 E.49376
G1 X55.19 Y7.81 E.06489
G1 X55.19 Y19.69 E.55865
G1 X-55.19 Y19.69 E5.19058
G1 X-55.19 Y18.31 E.06489
G1 X53.774 Y18.31 E5.124
SET_VELOCITY_LIMIT ACCEL=10000
G1 X54.5 Y18.599 F30000
;TYPE:Gap infill
;WIDTH:0.868801
G1 F9000
G1 X54.477 Y18.709 E.00762
;WIDTH:0.914721
G1 F8602.885
G1 X54.454 Y18.82 E.00804
;WIDTH:0.960641
G1 F8172.419
G1 X54.431 Y18.931 E.00847
;WIDTH:0.960641
G1 X54.32 Y18.954 E.00847
;WIDTH:0.914721
G1 F8602.881
G1 X54.209 Y18.977 E.00804
;WIDTH:0.845888
G1 F9000
G1 X54.099 Y19 E.00741
G1 X-54.901 Y19 E7.13205
G1 X54.5 Y18.599 F30000
;WIDTH:0.845841
G1 F9000
G1 X54.5 Y8.099 E.68699
G1 E-1.2 F2100
;WIPE_START
G1 F9000
G1 X54.5 Y10.099
;WIPE_END
G1 X54.315 Y2.468 Z17.8 F30000
G1 X53.81 Y-18.31 Z17.8
G1 Z17.4
G1 E1.2 F2100
SET_VELOCITY_LIMIT ACCEL=5000
;TYPE:Outer wall
;WIDTH:0.62
G1 F7200
G1 X-55.19 Y-18.31 E5.12569
G1 X-55.19 Y-19.69 E.06489
G1 X55.19 Y-19.69 E5.19058
G1 X55.19 Y-7.81 E.55865
G1 X53.81 Y-7.81 E.06489
G1 X53.81 Y-18.274 E.49207
SET_VELOCITY_LIMIT ACCEL=10000
G1 X54.5 Y-18.599 F30000
;TYPE:Gap infill
;WIDTH:0.868802
G1 F9000
G1 X54.477 Y-18.709 E.00762
;WIDTH:0.914721
G1 F8602.881
G1 X54.454 Y-18.82 E.00804
;WIDTH:0.960641
G1 F8172.424
G1 X54.431 Y-18.931 E.00847
;WIDTH:0.960641
G1 X54.32 Y-18.954 E.00847
;WIDTH:0.914721
G1 F8602.885
G1 X54.209 Y-18.977 E.00804
;WIDTH:0.84589
G1 F9000
G1 X54.099 Y-19 E.00741
G1 X-54.901 Y-19 E7.13207
G1 X54.5 Y-18.599 F30000
;WIDTH:0.845841
G1 F9000
G1 X54.5 Y-8.099 E.68699
;LAYER_CHANGE
;Z:17.6
;HEIGHT:0.200001
;BEFORE_LAYER_CHANGE
;17.6
G1 E-1.2 F2100
;WIPE_START
G1 F9000
G1 X54.5 Y-10.099
;WIPE_END
;AFTER_LAYER_CHANGE
;17.6
;_SET_FAN_SPEED_CHANGING_LAYER
G17
G3 Z18 I-1.217 J-.03 P1  F30000
G1 X53.81 Y18.31 Z18
G1 Z17.6
G1 E1.2 F2100
SET_VELOCITY_LIMIT ACCEL=5000
;TYPE:Outer wall
;WIDTH:0.62
G1 F7200
G1 X53.81 Y7.81 E.49376
G1 X55.19 Y7.81 E.06489
G1 X55.19 Y19.69 E.55865
G1 X-55.19 Y19.69 E5.19058
G1 X-55.19 Y18.31 E.06489
G1 X53.774 Y18.31 E5.124
SET_VELOCITY_LIMIT ACCEL=10000
G1 X54.5 Y18.599 F30000
;TYPE:Gap infill
;WIDTH:0.868801
G1 F9000
G1 X54.477 Y18.709 E.00762
;WIDTH:0.914721
G1 F8602.885
G1 X54.454 Y18.82 E.00804
;WIDTH:0.960641
G1 F8172.419
G1 X54.431 Y18.931 E.00847
;WIDTH:0.960641
G1 X54.32 Y18.954 E.00847
;WIDTH:0.914721
G1 F8602.881
G1 X54.209 Y18.977 E.00804
;WIDTH:0.845888
G1 F9000
G1 X54.099 Y19 E.00741
G1 X-54.901 Y19 E7.13205
G1 X54.5 Y18.599 F30000
;WIDTH:0.845841
G1 F9000
G1 X54.5 Y8.099 E.68699
G1 E-1.2 F2100
;WIPE_START
G1 F9000
G1 X54.5 Y10.099
;WIPE_END
G1 X54.315 Y2.468 Z18 F30000
G1 X53.81 Y-18.31 Z18
G1 Z17.6
G1 E1.2 F2100
SET_VELOCITY_LIMIT ACCEL=5000
;TYPE:Outer wall
;WIDTH:0.62
G1 F7200
G1 X-55.19 Y-18.31 E5.12569
G1 X-55.19 Y-19.69 E.06489
G1 X55.19 Y-19.69 E5.19058
G1 X55.19 Y-7.81 E.55865
G1 X53.81 Y-7.81 E.06489
G1 X53.81 Y-18.274 E.49207
SET_VELOCITY_LIMIT ACCEL=10000
G1 X54.5 Y-18.599 F30000
;TYPE:Gap infill
;WIDTH:0.868802
G1 F9000
G1 X54.477 Y-18.709 E.00762
;WIDTH:0.914721
G1 F8602.881
G1 X54.454 Y-18.82 E.00804
;WIDTH:0.960641
G1 F8172.424
G1 X54.431 Y-18.931 E.00847
;WIDTH:0.960641
G1 X54.32 Y-18.954 E.00847
;WIDTH:0.914721
G1 F8602.885
G1 X54.209 Y-18.977 E.00804
;WIDTH:0.84589
G1 F9000
G1 X54.099 Y-19 E.00741
G1 X-54.901 Y-19 E7.13207
G1 X54.5 Y-18.599 F30000
;WIDTH:0.845841
G1 F9000
G1 X54.5 Y-8.099 E.68699
;LAYER_CHANGE
;Z:17.8
;HEIGHT:0.199999
;BEFORE_LAYER_CHANGE
;17.8
G1 E-1.2 F2100
;WIPE_START
G1 F9000
G1 X54.5 Y-10.099
;WIPE_END
;AFTER_LAYER_CHANGE
;17.8
;_SET_FAN_SPEED_CHANGING_LAYER
G17
G3 Z18.2 I-1.217 J-.03 P1  F30000
G1 X53.81 Y18.31 Z18.2
G1 Z17.8
M73 P95 R1
G1 E1.2 F2100
SET_VELOCITY_LIMIT ACCEL=5000
;TYPE:Outer wall
;WIDTH:0.62
G1 F7200
G1 X53.81 Y7.81 E.49376
G1 X55.19 Y7.81 E.06489
G1 X55.19 Y19.69 E.55865
G1 X-55.19 Y19.69 E5.19058
G1 X-55.19 Y18.31 E.06489
G1 X53.774 Y18.31 E5.124
SET_VELOCITY_LIMIT ACCEL=10000
G1 X54.5 Y18.599 F30000
;TYPE:Gap infill
;WIDTH:0.868801
G1 F9000
G1 X54.477 Y18.709 E.00762
;WIDTH:0.914721
G1 F8602.885
G1 X54.454 Y18.82 E.00804
;WIDTH:0.960641
G1 F8172.419
G1 X54.431 Y18.931 E.00847
;WIDTH:0.960641
G1 X54.32 Y18.954 E.00847
;WIDTH:0.914721
G1 F8602.881
G1 X54.209 Y18.977 E.00804
;WIDTH:0.845888
G1 F9000
G1 X54.099 Y19 E.00741
G1 X-54.901 Y19 E7.13205
G1 X54.5 Y18.599 F30000
;WIDTH:0.845841
G1 F9000
G1 X54.5 Y8.099 E.68699
G1 E-1.2 F2100
;WIPE_START
G1 F9000
G1 X54.5 Y10.099
;WIPE_END
G1 X54.315 Y2.468 Z18.2 F30000
G1 X53.81 Y-18.31 Z18.2
G1 Z17.8
G1 E1.2 F2100
SET_VELOCITY_LIMIT ACCEL=5000
;TYPE:Outer wall
;WIDTH:0.62
G1 F7200
G1 X-55.19 Y-18.31 E5.12569
G1 X-55.19 Y-19.69 E.06489
G1 X55.19 Y-19.69 E5.19058
G1 X55.19 Y-7.81 E.55865
G1 X53.81 Y-7.81 E.06489
G1 X53.81 Y-18.274 E.49207
SET_VELOCITY_LIMIT ACCEL=10000
G1 X54.5 Y-18.599 F30000
;TYPE:Gap infill
;WIDTH:0.868802
G1 F9000
G1 X54.477 Y-18.709 E.00762
;WIDTH:0.914721
G1 F8602.881
G1 X54.454 Y-18.82 E.00804
;WIDTH:0.960641
G1 F8172.424
G1 X54.431 Y-18.931 E.00847
;WIDTH:0.960641
G1 X54.32 Y-18.954 E.00847
;WIDTH:0.914721
G1 F8602.885
G1 X54.209 Y-18.977 E.00804
;WIDTH:0.84589
G1 F9000
G1 X54.099 Y-19 E.00741
G1 X-54.901 Y-19 E7.13207
G1 X54.5 Y-18.599 F30000
;WIDTH:0.845841
G1 F9000
G1 X54.5 Y-8.099 E.68699
;LAYER_CHANGE
;Z:18
;HEIGHT:0.200001
;BEFORE_LAYER_CHANGE
;18
G1 E-1.2 F2100
;WIPE_START
G1 F9000
G1 X54.5 Y-10.099
;WIPE_END
;AFTER_LAYER_CHANGE
;18
;_SET_FAN_SPEED_CHANGING_LAYER
G17
G3 Z18.4 I-1.217 J-.03 P1  F30000
G1 X53.81 Y18.31 Z18.4
G1 Z18
G1 E1.2 F2100
SET_VELOCITY_LIMIT ACCEL=5000
;TYPE:Outer wall
;WIDTH:0.62
G1 F7200
G1 X53.81 Y7.81 E.49376
G1 X55.19 Y7.81 E.06489
G1 X55.19 Y19.69 E.55865
G1 X-55.19 Y19.69 E5.19058
G1 X-55.19 Y18.31 E.06489
G1 X53.774 Y18.31 E5.124
SET_VELOCITY_LIMIT ACCEL=10000
G1 X54.5 Y18.599 F30000
;TYPE:Gap infill
;WIDTH:0.868801
G1 F9000
G1 X54.477 Y18.709 E.00762
;WIDTH:0.914721
G1 F8602.885
G1 X54.454 Y18.82 E.00804
;WIDTH:0.960641
G1 F8172.419
G1 X54.431 Y18.931 E.00847
;WIDTH:0.960641
G1 X54.32 Y18.954 E.00847
;WIDTH:0.914721
G1 F8602.881
G1 X54.209 Y18.977 E.00804
;WIDTH:0.845888
G1 F9000
G1 X54.099 Y19 E.00741
G1 X-54.901 Y19 E7.13205
G1 X54.5 Y18.599 F30000
;WIDTH:0.845841
G1 F9000
G1 X54.5 Y8.099 E.68699
G1 E-1.2 F2100
;WIPE_START
G1 F9000
G1 X54.5 Y10.099
;WIPE_END
G1 X54.315 Y2.468 Z18.4 F30000
G1 X53.81 Y-18.31 Z18.4
G1 Z18
G1 E1.2 F2100
SET_VELOCITY_LIMIT ACCEL=5000
;TYPE:Outer wall
;WIDTH:0.62
G1 F7200
G1 X-55.19 Y-18.31 E5.12569
G1 X-55.19 Y-19.69 E.06489
G1 X55.19 Y-19.69 E5.19058
G1 X55.19 Y-7.81 E.55865
G1 X53.81 Y-7.81 E.06489
G1 X53.81 Y-18.274 E.49207
SET_VELOCITY_LIMIT ACCEL=10000
G1 X54.5 Y-18.599 F30000
;TYPE:Gap infill
;WIDTH:0.868802
G1 F9000
G1 X54.477 Y-18.709 E.00762
;WIDTH:0.914721
G1 F8602.881
G1 X54.454 Y-18.82 E.00804
;WIDTH:0.960641
G1 F8172.424
G1 X54.431 Y-18.931 E.00847
;WIDTH:0.960641
G1 X54.32 Y-18.954 E.00847
;WIDTH:0.914721
G1 F8602.885
G1 X54.209 Y-18.977 E.00804
;WIDTH:0.84589
G1 F9000
G1 X54.099 Y-19 E.00741
G1 X-54.901 Y-19 E7.13207
G1 X54.5 Y-18.599 F30000
M73 P95 R0
;WIDTH:0.845841
G1 F9000
G1 X54.5 Y-8.099 E.68699
;LAYER_CHANGE
;Z:18.2
;HEIGHT:0.200001
;BEFORE_LAYER_CHANGE
;18.2
G1 E-1.2 F2100
;WIPE_START
G1 F9000
G1 X54.5 Y-10.099
;WIPE_END
;AFTER_LAYER_CHANGE
;18.2
;_SET_FAN_SPEED_CHANGING_LAYER
G17
G3 Z18.6 I-1.217 J-.03 P1  F30000
G1 X53.81 Y18.31 Z18.6
G1 Z18.2
G1 E1.2 F2100
SET_VELOCITY_LIMIT ACCEL=5000
;TYPE:Outer wall
;WIDTH:0.62
G1 F7200
M73 P96 R0
G1 X53.81 Y7.81 E.49376
G1 X55.19 Y7.81 E.06489
G1 X55.19 Y19.69 E.55865
G1 X-55.19 Y19.69 E5.19058
G1 X-55.19 Y18.31 E.06489
G1 X53.774 Y18.31 E5.124
SET_VELOCITY_LIMIT ACCEL=10000
G1 X54.5 Y18.599 F30000
;TYPE:Gap infill
;WIDTH:0.868801
G1 F9000
G1 X54.477 Y18.709 E.00762
;WIDTH:0.914721
G1 F8602.885
G1 X54.454 Y18.82 E.00804
;WIDTH:0.960641
G1 F8172.419
G1 X54.431 Y18.931 E.00847
;WIDTH:0.960641
G1 X54.32 Y18.954 E.00847
;WIDTH:0.914721
G1 F8602.881
G1 X54.209 Y18.977 E.00804
;WIDTH:0.845888
G1 F9000
G1 X54.099 Y19 E.00741
G1 X-54.901 Y19 E7.13205
G1 X54.5 Y18.599 F30000
;WIDTH:0.845841
G1 F9000
G1 X54.5 Y8.099 E.68699
G1 E-1.2 F2100
;WIPE_START
G1 F9000
G1 X54.5 Y10.099
;WIPE_END
G1 X54.315 Y2.468 Z18.6 F30000
G1 X53.81 Y-18.31 Z18.6
G1 Z18.2
G1 E1.2 F2100
SET_VELOCITY_LIMIT ACCEL=5000
;TYPE:Outer wall
;WIDTH:0.62
G1 F7200
G1 X-55.19 Y-18.31 E5.12569
G1 X-55.19 Y-19.69 E.06489
G1 X55.19 Y-19.69 E5.19058
G1 X55.19 Y-7.81 E.55865
G1 X53.81 Y-7.81 E.06489
G1 X53.81 Y-18.274 E.49207
SET_VELOCITY_LIMIT ACCEL=10000
G1 X54.5 Y-18.599 F30000
;TYPE:Gap infill
;WIDTH:0.868802
G1 F9000
G1 X54.477 Y-18.709 E.00762
;WIDTH:0.914721
G1 F8602.881
G1 X54.454 Y-18.82 E.00804
;WIDTH:0.960641
G1 F8172.424
G1 X54.431 Y-18.931 E.00847
;WIDTH:0.960641
G1 X54.32 Y-18.954 E.00847
;WIDTH:0.914721
G1 F8602.885
G1 X54.209 Y-18.977 E.00804
;WIDTH:0.84589
G1 F9000
G1 X54.099 Y-19 E.00741
G1 X-54.901 Y-19 E7.13207
G1 X54.5 Y-18.599 F30000
;WIDTH:0.845841
G1 F9000
G1 X54.5 Y-8.099 E.68699
;LAYER_CHANGE
;Z:18.4
;HEIGHT:0.199999
;BEFORE_LAYER_CHANGE
;18.4
G1 E-1.2 F2100
;WIPE_START
G1 F9000
G1 X54.5 Y-10.099
;WIPE_END
;AFTER_LAYER_CHANGE
;18.4
;_SET_FAN_SPEED_CHANGING_LAYER
G17
G3 Z18.8 I-1.217 J-.03 P1  F30000
G1 X53.81 Y18.31 Z18.8
G1 Z18.4
G1 E1.2 F2100
SET_VELOCITY_LIMIT ACCEL=5000
;TYPE:Outer wall
;WIDTH:0.62
G1 F7200
G1 X53.81 Y7.81 E.49376
G1 X55.19 Y7.81 E.06489
G1 X55.19 Y19.69 E.55865
G1 X-55.19 Y19.69 E5.19058
G1 X-55.19 Y18.31 E.06489
G1 X53.774 Y18.31 E5.124
SET_VELOCITY_LIMIT ACCEL=10000
G1 X54.5 Y18.599 F30000
;TYPE:Gap infill
;WIDTH:0.868801
G1 F9000
G1 X54.477 Y18.709 E.00762
;WIDTH:0.914721
G1 F8602.885
G1 X54.454 Y18.82 E.00804
;WIDTH:0.960641
G1 F8172.419
G1 X54.431 Y18.931 E.00847
;WIDTH:0.960641
G1 X54.32 Y18.954 E.00847
;WIDTH:0.914721
G1 F8602.881
G1 X54.209 Y18.977 E.00804
;WIDTH:0.845888
G1 F9000
G1 X54.099 Y19 E.00741
G1 X-54.901 Y19 E7.13205
G1 X54.5 Y18.599 F30000
;WIDTH:0.845841
G1 F9000
G1 X54.5 Y8.099 E.68699
G1 E-1.2 F2100
;WIPE_START
G1 F9000
G1 X54.5 Y10.099
;WIPE_END
G1 X54.315 Y2.468 Z18.8 F30000
G1 X53.81 Y-18.31 Z18.8
G1 Z18.4
G1 E1.2 F2100
SET_VELOCITY_LIMIT ACCEL=5000
;TYPE:Outer wall
;WIDTH:0.62
G1 F7200
G1 X-55.19 Y-18.31 E5.12569
G1 X-55.19 Y-19.69 E.06489
G1 X55.19 Y-19.69 E5.19058
G1 X55.19 Y-7.81 E.55865
G1 X53.81 Y-7.81 E.06489
G1 X53.81 Y-18.274 E.49207
SET_VELOCITY_LIMIT ACCEL=10000
G1 X54.5 Y-18.599 F30000
;TYPE:Gap infill
;WIDTH:0.868802
G1 F9000
G1 X54.477 Y-18.709 E.00762
;WIDTH:0.914721
G1 F8602.881
G1 X54.454 Y-18.82 E.00804
;WIDTH:0.960641
G1 F8172.424
G1 X54.431 Y-18.931 E.00847
;WIDTH:0.960641
G1 X54.32 Y-18.954 E.00847
;WIDTH:0.914721
G1 F8602.885
G1 X54.209 Y-18.977 E.00804
;WIDTH:0.84589
G1 F9000
G1 X54.099 Y-19 E.00741
G1 X-54.901 Y-19 E7.13207
G1 X54.5 Y-18.599 F30000
;WIDTH:0.845841
G1 F9000
G1 X54.5 Y-8.099 E.68699
;LAYER_CHANGE
;Z:18.6
;HEIGHT:0.200001
;BEFORE_LAYER_CHANGE
;18.6
G1 E-1.2 F2100
;WIPE_START
G1 F9000
G1 X54.5 Y-10.099
;WIPE_END
;AFTER_LAYER_CHANGE
;18.6
;_SET_FAN_SPEED_CHANGING_LAYER
G17
G3 Z19 I-1.217 J-.03 P1  F30000
G1 X53.81 Y18.31 Z19
G1 Z18.6
G1 E1.2 F2100
SET_VELOCITY_LIMIT ACCEL=5000
;TYPE:Outer wall
;WIDTH:0.62
G1 F7200
G1 X53.81 Y7.81 E.49376
G1 X55.19 Y7.81 E.06489
M73 P97 R0
G1 X55.19 Y19.69 E.55865
G1 X-55.19 Y19.69 E5.19058
G1 X-55.19 Y18.31 E.06489
G1 X53.774 Y18.31 E5.124
SET_VELOCITY_LIMIT ACCEL=10000
G1 X54.5 Y18.599 F30000
;TYPE:Gap infill
;WIDTH:0.868801
G1 F9000
G1 X54.477 Y18.709 E.00762
;WIDTH:0.914721
G1 F8602.885
G1 X54.454 Y18.82 E.00804
;WIDTH:0.960641
G1 F8172.419
G1 X54.431 Y18.931 E.00847
;WIDTH:0.960641
G1 X54.32 Y18.954 E.00847
;WIDTH:0.914721
G1 F8602.881
G1 X54.209 Y18.977 E.00804
;WIDTH:0.845888
G1 F9000
G1 X54.099 Y19 E.00741
G1 X-54.901 Y19 E7.13205
G1 X54.5 Y18.599 F30000
;WIDTH:0.845841
G1 F9000
G1 X54.5 Y8.099 E.68699
G1 E-1.2 F2100
;WIPE_START
G1 F9000
G1 X54.5 Y10.099
;WIPE_END
G1 X54.315 Y2.468 Z19 F30000
G1 X53.81 Y-18.31 Z19
G1 Z18.6
G1 E1.2 F2100
SET_VELOCITY_LIMIT ACCEL=5000
;TYPE:Outer wall
;WIDTH:0.62
G1 F7200
G1 X-55.19 Y-18.31 E5.12569
G1 X-55.19 Y-19.69 E.06489
G1 X55.19 Y-19.69 E5.19058
G1 X55.19 Y-7.81 E.55865
G1 X53.81 Y-7.81 E.06489
G1 X53.81 Y-18.274 E.49207
SET_VELOCITY_LIMIT ACCEL=10000
G1 X54.5 Y-18.599 F30000
;TYPE:Gap infill
;WIDTH:0.868802
G1 F9000
G1 X54.477 Y-18.709 E.00762
;WIDTH:0.914721
G1 F8602.881
G1 X54.454 Y-18.82 E.00804
;WIDTH:0.960641
G1 F8172.424
G1 X54.431 Y-18.931 E.00847
;WIDTH:0.960641
G1 X54.32 Y-18.954 E.00847
;WIDTH:0.914721
G1 F8602.885
G1 X54.209 Y-18.977 E.00804
;WIDTH:0.84589
G1 F9000
G1 X54.099 Y-19 E.00741
G1 X-54.901 Y-19 E7.13207
G1 X54.5 Y-18.599 F30000
;WIDTH:0.845841
G1 F9000
G1 X54.5 Y-8.099 E.68699
;LAYER_CHANGE
;Z:18.8
;HEIGHT:0.199999
;BEFORE_LAYER_CHANGE
;18.8
G1 E-1.2 F2100
;WIPE_START
G1 F9000
G1 X54.5 Y-10.099
;WIPE_END
;AFTER_LAYER_CHANGE
;18.8
;_SET_FAN_SPEED_CHANGING_LAYER
G17
G3 Z19.2 I-1.217 J-.03 P1  F30000
G1 X53.81 Y18.31 Z19.2
G1 Z18.8
G1 E1.2 F2100
SET_VELOCITY_LIMIT ACCEL=5000
;TYPE:Outer wall
;WIDTH:0.62
G1 F7200
G1 X53.81 Y7.81 E.49376
G1 X55.19 Y7.81 E.06489
G1 X55.19 Y19.69 E.55865
G1 X-55.19 Y19.69 E5.19058
G1 X-55.19 Y18.31 E.06489
G1 X53.774 Y18.31 E5.124
SET_VELOCITY_LIMIT ACCEL=10000
G1 X54.5 Y18.599 F30000
;TYPE:Gap infill
;WIDTH:0.868801
G1 F9000
G1 X54.477 Y18.709 E.00762
;WIDTH:0.914721
G1 F8602.885
G1 X54.454 Y18.82 E.00804
;WIDTH:0.960641
G1 F8172.419
G1 X54.431 Y18.931 E.00847
;WIDTH:0.960641
G1 X54.32 Y18.954 E.00847
;WIDTH:0.914721
G1 F8602.881
G1 X54.209 Y18.977 E.00804
;WIDTH:0.845888
G1 F9000
G1 X54.099 Y19 E.00741
G1 X-54.901 Y19 E7.13205
G1 X54.5 Y18.599 F30000
;WIDTH:0.845841
G1 F9000
G1 X54.5 Y8.099 E.68699
G1 E-1.2 F2100
;WIPE_START
G1 F9000
G1 X54.5 Y10.099
;WIPE_END
G1 X54.315 Y2.468 Z19.2 F30000
G1 X53.81 Y-18.31 Z19.2
G1 Z18.8
G1 E1.2 F2100
SET_VELOCITY_LIMIT ACCEL=5000
;TYPE:Outer wall
;WIDTH:0.62
G1 F7200
G1 X-55.19 Y-18.31 E5.12569
G1 X-55.19 Y-19.69 E.06489
G1 X55.19 Y-19.69 E5.19058
G1 X55.19 Y-7.81 E.55865
G1 X53.81 Y-7.81 E.06489
G1 X53.81 Y-18.274 E.49207
SET_VELOCITY_LIMIT ACCEL=10000
G1 X54.5 Y-18.599 F30000
;TYPE:Gap infill
;WIDTH:0.868802
G1 F9000
G1 X54.477 Y-18.709 E.00762
;WIDTH:0.914721
G1 F8602.881
G1 X54.454 Y-18.82 E.00804
;WIDTH:0.960641
G1 F8172.424
G1 X54.431 Y-18.931 E.00847
;WIDTH:0.960641
G1 X54.32 Y-18.954 E.00847
;WIDTH:0.914721
G1 F8602.885
G1 X54.209 Y-18.977 E.00804
;WIDTH:0.84589
G1 F9000
G1 X54.099 Y-19 E.00741
G1 X-54.901 Y-19 E7.13207
G1 X54.5 Y-18.599 F30000
;WIDTH:0.845841
G1 F9000
G1 X54.5 Y-8.099 E.68699
;LAYER_CHANGE
;Z:19
;HEIGHT:0.200001
;BEFORE_LAYER_CHANGE
;19
G1 E-1.2 F2100
;WIPE_START
G1 F9000
G1 X54.5 Y-10.099
;WIPE_END
;AFTER_LAYER_CHANGE
;19
;_SET_FAN_SPEED_CHANGING_LAYER
G17
G3 Z19.4 I-1.217 J-.03 P1  F30000
G1 X53.81 Y18.31 Z19.4
G1 Z19
G1 E1.2 F2100
SET_VELOCITY_LIMIT ACCEL=5000
;TYPE:Outer wall
;WIDTH:0.62
G1 F7200
G1 X53.81 Y7.81 E.49376
G1 X55.19 Y7.81 E.06489
G1 X55.19 Y19.69 E.55865
G1 X-55.19 Y19.69 E5.19058
M73 P98 R0
G1 X-55.19 Y18.31 E.06489
G1 X53.774 Y18.31 E5.124
SET_VELOCITY_LIMIT ACCEL=10000
G1 X54.5 Y18.599 F30000
;TYPE:Gap infill
;WIDTH:0.868801
G1 F9000
G1 X54.477 Y18.709 E.00762
;WIDTH:0.914721
G1 F8602.885
G1 X54.454 Y18.82 E.00804
;WIDTH:0.960641
G1 F8172.419
G1 X54.431 Y18.931 E.00847
;WIDTH:0.960641
G1 X54.32 Y18.954 E.00847
;WIDTH:0.914721
G1 F8602.881
G1 X54.209 Y18.977 E.00804
;WIDTH:0.845888
G1 F9000
G1 X54.099 Y19 E.00741
G1 X-54.901 Y19 E7.13205
G1 X54.5 Y18.599 F30000
;WIDTH:0.845841
G1 F9000
G1 X54.5 Y8.099 E.68699
G1 E-1.2 F2100
;WIPE_START
G1 F9000
G1 X54.5 Y10.099
;WIPE_END
G1 X54.315 Y2.468 Z19.4 F30000
G1 X53.81 Y-18.31 Z19.4
G1 Z19
G1 E1.2 F2100
SET_VELOCITY_LIMIT ACCEL=5000
;TYPE:Outer wall
;WIDTH:0.62
G1 F7200
G1 X-55.19 Y-18.31 E5.12569
G1 X-55.19 Y-19.69 E.06489
G1 X55.19 Y-19.69 E5.19058
G1 X55.19 Y-7.81 E.55865
G1 X53.81 Y-7.81 E.06489
G1 X53.81 Y-18.274 E.49207
SET_VELOCITY_LIMIT ACCEL=10000
G1 X54.5 Y-18.599 F30000
;TYPE:Gap infill
;WIDTH:0.868802
G1 F9000
G1 X54.477 Y-18.709 E.00762
;WIDTH:0.914721
G1 F8602.881
G1 X54.454 Y-18.82 E.00804
;WIDTH:0.960641
G1 F8172.424
G1 X54.431 Y-18.931 E.00847
;WIDTH:0.960641
G1 X54.32 Y-18.954 E.00847
;WIDTH:0.914721
G1 F8602.885
G1 X54.209 Y-18.977 E.00804
;WIDTH:0.84589
G1 F9000
G1 X54.099 Y-19 E.00741
G1 X-54.901 Y-19 E7.13207
G1 X54.5 Y-18.599 F30000
;WIDTH:0.845841
G1 F9000
G1 X54.5 Y-8.099 E.68699
;LAYER_CHANGE
;Z:19.2
;HEIGHT:0.200001
;BEFORE_LAYER_CHANGE
;19.2
G1 E-1.2 F2100
;WIPE_START
G1 F9000
G1 X54.5 Y-10.099
;WIPE_END
;AFTER_LAYER_CHANGE
;19.2
;_SET_FAN_SPEED_CHANGING_LAYER
G17
G3 Z19.6 I-1.217 J-.03 P1  F30000
G1 X53.81 Y18.31 Z19.6
G1 Z19.2
G1 E1.2 F2100
SET_VELOCITY_LIMIT ACCEL=5000
;TYPE:Outer wall
;WIDTH:0.62
G1 F7200
G1 X53.81 Y7.81 E.49376
G1 X55.19 Y7.81 E.06489
G1 X55.19 Y19.69 E.55865
G1 X-55.19 Y19.69 E5.19058
G1 X-55.19 Y18.31 E.06489
G1 X53.774 Y18.31 E5.124
SET_VELOCITY_LIMIT ACCEL=10000
G1 X54.5 Y18.599 F30000
;TYPE:Gap infill
;WIDTH:0.868801
G1 F9000
G1 X54.477 Y18.709 E.00762
;WIDTH:0.914721
G1 F8602.885
G1 X54.454 Y18.82 E.00804
;WIDTH:0.960641
G1 F8172.419
G1 X54.431 Y18.931 E.00847
;WIDTH:0.960641
G1 X54.32 Y18.954 E.00847
;WIDTH:0.914721
G1 F8602.881
G1 X54.209 Y18.977 E.00804
;WIDTH:0.845888
G1 F9000
G1 X54.099 Y19 E.00741
G1 X-54.901 Y19 E7.13205
G1 X54.5 Y18.599 F30000
;WIDTH:0.845841
G1 F9000
G1 X54.5 Y8.099 E.68699
G1 E-1.2 F2100
;WIPE_START
G1 F9000
G1 X54.5 Y10.099
;WIPE_END
G1 X54.315 Y2.468 Z19.6 F30000
G1 X53.81 Y-18.31 Z19.6
G1 Z19.2
G1 E1.2 F2100
SET_VELOCITY_LIMIT ACCEL=5000
;TYPE:Outer wall
;WIDTH:0.62
G1 F7200
G1 X-55.19 Y-18.31 E5.12569
G1 X-55.19 Y-19.69 E.06489
G1 X55.19 Y-19.69 E5.19058
G1 X55.19 Y-7.81 E.55865
G1 X53.81 Y-7.81 E.06489
G1 X53.81 Y-18.274 E.49207
SET_VELOCITY_LIMIT ACCEL=10000
G1 X54.5 Y-18.599 F30000
;TYPE:Gap infill
;WIDTH:0.868802
G1 F9000
G1 X54.477 Y-18.709 E.00762
;WIDTH:0.914721
G1 F8602.881
G1 X54.454 Y-18.82 E.00804
;WIDTH:0.960641
G1 F8172.424
G1 X54.431 Y-18.931 E.00847
;WIDTH:0.960641
G1 X54.32 Y-18.954 E.00847
;WIDTH:0.914721
G1 F8602.885
G1 X54.209 Y-18.977 E.00804
;WIDTH:0.84589
G1 F9000
G1 X54.099 Y-19 E.00741
G1 X-54.901 Y-19 E7.13207
G1 X54.5 Y-18.599 F30000
;WIDTH:0.845841
G1 F9000
G1 X54.5 Y-8.099 E.68699
;LAYER_CHANGE
;Z:19.4
;HEIGHT:0.199999
;BEFORE_LAYER_CHANGE
;19.4
G1 E-1.2 F2100
;WIPE_START
G1 F9000
G1 X54.5 Y-10.099
;WIPE_END
;AFTER_LAYER_CHANGE
;19.4
;_SET_FAN_SPEED_CHANGING_LAYER
G17
G3 Z19.8 I-1.217 J-.03 P1  F30000
G1 X53.81 Y18.31 Z19.8
G1 Z19.4
G1 E1.2 F2100
SET_VELOCITY_LIMIT ACCEL=5000
;TYPE:Outer wall
;WIDTH:0.62
G1 F7200
G1 X53.81 Y7.81 E.49376
G1 X55.19 Y7.81 E.06489
G1 X55.19 Y19.69 E.55865
G1 X-55.19 Y19.69 E5.19058
G1 X-55.19 Y18.31 E.06489
M73 P99 R0
G1 X53.774 Y18.31 E5.124
SET_VELOCITY_LIMIT ACCEL=10000
G1 X54.5 Y18.599 F30000
;TYPE:Gap infill
;WIDTH:0.868801
G1 F9000
G1 X54.477 Y18.709 E.00762
;WIDTH:0.914721
G1 F8602.885
G1 X54.454 Y18.82 E.00804
;WIDTH:0.960641
G1 F8172.419
G1 X54.431 Y18.931 E.00847
;WIDTH:0.960641
G1 X54.32 Y18.954 E.00847
;WIDTH:0.914721
G1 F8602.881
G1 X54.209 Y18.977 E.00804
;WIDTH:0.845888
G1 F9000
G1 X54.099 Y19 E.00741
G1 X-54.901 Y19 E7.13205
G1 X54.5 Y18.599 F30000
;WIDTH:0.845841
G1 F9000
G1 X54.5 Y8.099 E.68699
G1 E-1.2 F2100
;WIPE_START
G1 F9000
G1 X54.5 Y10.099
;WIPE_END
G1 X54.315 Y2.468 Z19.8 F30000
G1 X53.81 Y-18.31 Z19.8
G1 Z19.4
G1 E1.2 F2100
SET_VELOCITY_LIMIT ACCEL=5000
;TYPE:Outer wall
;WIDTH:0.62
G1 F7200
G1 X-55.19 Y-18.31 E5.12569
G1 X-55.19 Y-19.69 E.06489
G1 X55.19 Y-19.69 E5.19058
G1 X55.19 Y-7.81 E.55865
G1 X53.81 Y-7.81 E.06489
G1 X53.81 Y-18.274 E.49207
SET_VELOCITY_LIMIT ACCEL=10000
G1 X54.5 Y-18.599 F30000
;TYPE:Gap infill
;WIDTH:0.868802
G1 F9000
G1 X54.477 Y-18.709 E.00762
;WIDTH:0.914721
G1 F8602.881
G1 X54.454 Y-18.82 E.00804
;WIDTH:0.960641
G1 F8172.424
G1 X54.431 Y-18.931 E.00847
;WIDTH:0.960641
G1 X54.32 Y-18.954 E.00847
;WIDTH:0.914721
G1 F8602.885
G1 X54.209 Y-18.977 E.00804
;WIDTH:0.84589
G1 F9000
G1 X54.099 Y-19 E.00741
G1 X-54.901 Y-19 E7.13207
G1 X54.5 Y-18.599 F30000
;WIDTH:0.845841
G1 F9000
G1 X54.5 Y-8.099 E.68699
;LAYER_CHANGE
;Z:19.6
;HEIGHT:0.200001
;BEFORE_LAYER_CHANGE
;19.6
G1 E-1.2 F2100
;WIPE_START
G1 F9000
G1 X54.5 Y-10.099
;WIPE_END
;AFTER_LAYER_CHANGE
;19.6
;_SET_FAN_SPEED_CHANGING_LAYER
G17
G3 Z20 I-1.217 J-.03 P1  F30000
G1 X53.81 Y18.31 Z20
G1 Z19.6
G1 E1.2 F2100
SET_VELOCITY_LIMIT ACCEL=5000
;TYPE:Outer wall
;WIDTH:0.62
G1 F7200
G1 X53.81 Y7.81 E.49376
G1 X55.19 Y7.81 E.06489
G1 X55.19 Y19.69 E.55865
G1 X-55.19 Y19.69 E5.19058
G1 X-55.19 Y18.31 E.06489
G1 X53.774 Y18.31 E5.124
SET_VELOCITY_LIMIT ACCEL=10000
G1 X54.5 Y18.599 F30000
;TYPE:Gap infill
;WIDTH:0.868801
G1 F9000
G1 X54.477 Y18.709 E.00762
;WIDTH:0.914721
G1 F8602.885
G1 X54.454 Y18.82 E.00804
;WIDTH:0.960641
G1 F8172.419
G1 X54.431 Y18.931 E.00847
;WIDTH:0.960641
G1 X54.32 Y18.954 E.00847
;WIDTH:0.914721
G1 F8602.881
G1 X54.209 Y18.977 E.00804
;WIDTH:0.845888
G1 F9000
G1 X54.099 Y19 E.00741
G1 X-54.901 Y19 E7.13205
G1 E-1.2 F2100
;WIPE_START
G1 F9000
G1 X-52.901 Y19
;WIPE_END
G1 X-45.269 Y18.971 Z20 F30000
G1 X54.5 Y18.599 Z20
G1 Z19.6
G1 E1.2 F2100
;WIDTH:0.845841
G1 F9000
G1 X54.5 Y8.099 E.68699
G1 E-1.2 F2100
;WIPE_START
G1 F9000
G1 X54.5 Y10.099
;WIPE_END
G1 X54.315 Y2.468 Z20 F30000
G1 X53.81 Y-18.31 Z20
G1 Z19.6
G1 E1.2 F2100
SET_VELOCITY_LIMIT ACCEL=5000
;TYPE:Outer wall
;WIDTH:0.62
G1 F7200
G1 X-55.19 Y-18.31 E5.12569
G1 X-55.19 Y-19.69 E.06489
G1 X55.19 Y-19.69 E5.19058
G1 X55.19 Y-7.81 E.55865
G1 X53.81 Y-7.81 E.06489
G1 X53.81 Y-18.274 E.49207
SET_VELOCITY_LIMIT ACCEL=10000
G1 X54.5 Y-18.599 F30000
;TYPE:Gap infill
;WIDTH:0.868802
G1 F9000
G1 X54.477 Y-18.709 E.00762
;WIDTH:0.914721
G1 F8602.881
G1 X54.454 Y-18.82 E.00804
;WIDTH:0.960641
G1 F8172.424
G1 X54.431 Y-18.931 E.00847
;WIDTH:0.960641
G1 X54.32 Y-18.954 E.00847
;WIDTH:0.914721
G1 F8602.885
G1 X54.209 Y-18.977 E.00804
;WIDTH:0.84589
G1 F9000
G1 X54.099 Y-19 E.00741
G1 X-54.901 Y-19 E7.13207
G1 E-1.2 F2100
;WIPE_START
G1 F9000
G1 X-52.901 Y-19
;WIPE_END
G1 X-45.269 Y-18.971 Z20 F30000
G1 X54.5 Y-18.599 Z20
G1 Z19.6
G1 E1.2 F2100
;WIDTH:0.845841
G1 F9000
G1 X54.5 Y-8.099 E.68699
G1 E-1.2 F2100
;WIPE_START
G1 F9000
G1 X54.5 Y-10.099
;WIPE_END
M106 S0
M106 P2 S0
;TYPE:Custom
; filament end gcode
G1 E-3 F3600
G0 X50 Y50 F30000
M104 S0 ; turn off temperature
M73 P100 R0
; EXECUTABLE_BLOCK_END

; filament used [mm] = 7046.86
; filament used [cm3] = 16.95
; filament used [g] = 21.02
; filament cost = 0.42
; total filament used [g] = 21.02
; total filament cost = 0.42
; total layers count = 98
; estimated printing time (normal mode) = 24m 12s
; estimated first layer printing time (normal mode) = 15s

; CONFIG_BLOCK_START
; accel_to_decel_enable = 0
; accel_to_decel_factor = 50%
; activate_air_filtration = 0
; activate_chamber_temp_control = 0
; adaptive_bed_mesh_margin = 0
; adaptive_pressure_advance = 0
; adaptive_pressure_advance_bridges = 0
; adaptive_pressure_advance_model = "0,0,0\n0,0,0"
; adaptive_pressure_advance_overhangs = 0
; additional_cooling_fan_speed = 100
; alternate_extra_wall = 0
; auxiliary_fan = 1
; bbl_calib_mark_logo = 1
; bbl_use_printhost = 0
; bed_custom_model = 
; bed_custom_texture = 
; bed_exclude_area = 0x0
; bed_mesh_max = 99999,99999
; bed_mesh_min = -99999,-99999
; bed_mesh_probe_distance = 50,50
; before_layer_change_gcode = ;BEFORE_LAYER_CHANGE\n;[layer_z]
; best_object_pos = 0.5,0.5
; bottom_shell_layers = 3
; bottom_shell_thickness = 0
; bottom_solid_infill_flow_ratio = 1
; bottom_surface_pattern = monotonic
; bridge_acceleration = 50%
; bridge_angle = 0
; bridge_density = 100%
; bridge_flow = 1
; bridge_no_support = 0
; bridge_speed = 25
; brim_ears_detection_length = 1
; brim_ears_max_angle = 125
; brim_object_gap = 0.1
; brim_type = no_brim
; brim_width = 5
; chamber_temperature = 0
; change_extrusion_role_gcode = 
; change_filament_gcode = 
; close_fan_the_first_x_layers = 1
; complete_print_exhaust_fan_speed = 80
; cool_plate_temp = 60
; cool_plate_temp_initial_layer = 55
; cooling_tube_length = 5
; cooling_tube_retraction = 91.5
; counterbore_hole_bridging = none
; curr_bed_type = High Temp Plate
; default_acceleration = 10000
; default_filament_colour = ""
; default_filament_profile = "Flashforge Generic PLA"
; default_jerk = 0
; default_print_profile = 0.30mm Standard @Flashforge AD5M Pro 0.6 Nozzle
; deretraction_speed = 35
; detect_narrow_internal_solid_infill = 1
; detect_overhang_wall = 1
; detect_thin_wall = 0
; different_settings_to_system = initial_layer_print_height;layer_height;raft_contact_distance;;
; disable_m73 = 0
; dont_filter_internal_bridges = disabled
; dont_slow_down_outer_wall = 0
; draft_shield = disabled
; during_print_exhaust_fan_speed = 60
; elefant_foot_compensation = 0.15
; elefant_foot_compensation_layers = 1
; emit_machine_limits_to_gcode = 1
; enable_arc_fitting = 0
; enable_extra_bridge_layer = disabled
; enable_filament_ramming = 1
; enable_long_retraction_when_cut = 0
; enable_overhang_bridge_fan = 1
; enable_overhang_speed = 1
; enable_pressure_advance = 1
; enable_prime_tower = 0
; enable_support = 0
; enforce_support_layers = 0
; eng_plate_temp = 60
; eng_plate_temp_initial_layer = 55
; ensure_vertical_shell_thickness = ensure_all
; exclude_object = 0
; extra_loading_move = -2
; extra_perimeters_on_overhangs = 0
; extruder_clearance_height_to_lid = 150
; extruder_clearance_height_to_rod = 27
; extruder_clearance_radius = 76
; extruder_colour = #26A69A
; extruder_offset = 0x0
; extrusion_rate_smoothing_external_perimeter_only = 0
; fan_cooling_layer_time = 100
; fan_kickstart = 0
; fan_max_speed = 100
; fan_min_speed = 100
; fan_speedup_overhangs = 1
; fan_speedup_time = 0
; filament_colour = #26A69A
; filament_cooling_final_speed = 3.4
; filament_cooling_initial_speed = 2.2
; filament_cooling_moves = 4
; filament_cost = 20
; filament_density = 1.24
; filament_diameter = 1.75
; filament_end_gcode = "; filament end gcode\n"
; filament_flow_ratio = 0.98
; filament_ids = FFG01
; filament_is_support = 0
; filament_loading_speed = 28
; filament_loading_speed_start = 3
; filament_max_volumetric_speed = 25
; filament_minimal_purge_on_wipe_tower = 15
; filament_multitool_ramming = 0
; filament_multitool_ramming_flow = 10
; filament_multitool_ramming_volume = 10
; filament_notes = ""
; filament_ramming_parameters = "120 100 6.6 6.8 7.2 7.6 7.9 8.2 8.7 9.4 9.9 10.0| 0.05 6.6 0.45 6.8 0.95 7.8 1.45 8.3 1.95 9.7 2.45 10 2.95 7.6 3.45 7.6 3.95 7.6 4.45 7.6 4.95 7.6"
; filament_settings_id = "Flashforge Generic PLA"
; filament_shrink = 100%
; filament_shrinkage_compensation_z = 100%
; filament_soluble = 0
; filament_stamping_distance = 0
; filament_stamping_loading_speed = 0
; filament_start_gcode = "; filament start gcode\n;right_extruder_material: PLA\n"
; filament_toolchange_delay = 0
; filament_type = PLA
; filament_unloading_speed = 90
; filament_unloading_speed_start = 100
; filament_vendor = Generic
; filename_format = {input_filename_base}.gcode
; filter_out_gap_fill = 0.5
; first_layer_print_sequence = 0
; flush_into_infill = 0
; flush_into_objects = 0
; flush_into_support = 1
; flush_multiplier = 0.3
; flush_volumes_matrix = 0
; flush_volumes_vector = 140,140
; full_fan_speed_layer = 0
; fuzzy_skin = none
; fuzzy_skin_first_layer = 0
; fuzzy_skin_noise_type = classic
; fuzzy_skin_octaves = 4
; fuzzy_skin_persistence = 0.5
; fuzzy_skin_point_distance = 0.3
; fuzzy_skin_scale = 1
; fuzzy_skin_thickness = 0.2
; gap_fill_target = nowhere
; gap_infill_speed = 150
; gcode_add_line_number = 0
; gcode_comments = 0
; gcode_flavor = klipper
; gcode_label_objects = 0
; has_scarf_joint_seam = 0
; head_wrap_detect_zone = 
; high_current_on_filament_swap = 0
; hole_to_polyhole = 0
; hole_to_polyhole_threshold = 0.01
; hole_to_polyhole_twisted = 1
; host_type = octoprint
; hot_plate_temp = 50
; hot_plate_temp_initial_layer = 55
; idle_temperature = 0
; independent_support_layer_height = 1
; infill_anchor = 400%
; infill_anchor_max = 20
; infill_combination = 0
; infill_combination_max_layer_height = 100%
; infill_direction = 45
; infill_jerk = 9
; infill_wall_overlap = 40%
; inherits_group = "0.18mm Fine @Flashforge AD5M Pro 0.6 Nozzle";;
; initial_layer_acceleration = 500
; initial_layer_infill_speed = 65
; initial_layer_jerk = 9
; initial_layer_line_width = 0.65
; initial_layer_min_bead_width = 85%
; initial_layer_print_height = 0.2
; initial_layer_speed = 45
; initial_layer_travel_speed = 100%
; inner_wall_acceleration = 5000
; inner_wall_jerk = 9
; inner_wall_line_width = 0.62
; inner_wall_speed = 150
; interface_shells = 0
; interlocking_beam = 0
; interlocking_beam_layer_count = 2
; interlocking_beam_width = 0.8
; interlocking_boundary_avoidance = 2
; interlocking_depth = 2
; interlocking_orientation = 22.5
; internal_bridge_angle = 0
; internal_bridge_density = 100%
; internal_bridge_fan_speed = -1
; internal_bridge_flow = 1
; internal_bridge_speed = 50
; internal_solid_infill_acceleration = 7000
; internal_solid_infill_line_width = 0.62
; internal_solid_infill_pattern = monotonic
; internal_solid_infill_speed = 150
; ironing_angle = -1
; ironing_flow = 15%
; ironing_inset = 0
; ironing_pattern = zig-zag
; ironing_spacing = 0.1
; ironing_speed = 15
; ironing_type = no ironing
; is_infill_first = 0
; lattice_angle_1 = -45
; lattice_angle_2 = 45
; layer_change_gcode = ;AFTER_LAYER_CHANGE\n;[layer_z]
; layer_height = 0.2
; line_width = 0.62
; long_retractions_when_cut = 0
; machine_end_gcode = G1 E-3 F3600\nG0 X50 Y50 F30000\nM104 S0 ; turn off temperature
; machine_load_filament_time = 0
; machine_max_acceleration_e = 5000,5000
; machine_max_acceleration_extruding = 20000,20000
; machine_max_acceleration_retracting = 5000,5000
; machine_max_acceleration_travel = 20000,20000
; machine_max_acceleration_x = 20000,20000
; machine_max_acceleration_y = 20000,20000
; machine_max_acceleration_z = 500,500
; machine_max_jerk_e = 2.5,2.5
; machine_max_jerk_x = 9,9
; machine_max_jerk_y = 9,9
; machine_max_jerk_z = 3,3
; machine_max_speed_e = 30,30
; machine_max_speed_x = 600,600
; machine_max_speed_y = 600,600
; machine_max_speed_z = 20,20
; machine_min_extruding_rate = 0,0
; machine_min_travel_rate = 0,0
; machine_pause_gcode = M25
; machine_start_gcode = M190 S[bed_temperature_initial_layer_single]\nM104 S[nozzle_temperature_initial_layer]\nG90\nM83\nG1 Z5 F6000\nG1 E-0.2 F800\nG1 X110 Y-110 F6000\nG1 E2 F800\nG1 Y-110 X55 Z0.25 F4800\nG1 X-55 E8 F2400\nG1 Y-109.6 F2400\nG1 X55 E5 F2400\nG1 Y-110 X55 Z0.45 F4800\nG1 X-55 E8 F2400\nG1 Y-109.6 F2400\nG1 X55 E5 F2400\nG92 E0
; machine_tool_change_time = 0
; machine_unload_filament_time = 0
; make_overhang_printable = 0
; make_overhang_printable_angle = 55
; make_overhang_printable_hole_size = 0
; manual_filament_change = 0
; max_bridge_length = 10
; max_layer_height = 0.42
; max_travel_detour_distance = 0
; max_volumetric_extrusion_rate_slope = 0
; max_volumetric_extrusion_rate_slope_segment_length = 3
; min_bead_width = 85%
; min_feature_size = 25%
; min_layer_height = 0.15
; min_length_factor = 0.5
; min_skirt_length = 0
; min_width_top_surface = 300%
; minimum_sparse_infill_area = 15
; mmu_segmented_region_interlocking_depth = 0
; mmu_segmented_region_max_width = 0
; notes = 
; nozzle_diameter = 0.6
; nozzle_height = 2.5
; nozzle_hrc = 0
; nozzle_temperature = 220
; nozzle_temperature_initial_layer = 220
; nozzle_temperature_range_high = 230
; nozzle_temperature_range_low = 190
; nozzle_type = hardened_steel
; nozzle_volume = 0
; only_one_wall_first_layer = 0
; only_one_wall_top = 0
; ooze_prevention = 0
; other_layers_print_sequence = 0
; other_layers_print_sequence_nums = 0
; outer_wall_acceleration = 5000
; outer_wall_jerk = 9
; outer_wall_line_width = 0.62
; outer_wall_speed = 120
; overhang_1_4_speed = 0
; overhang_2_4_speed = 40
; overhang_3_4_speed = 20
; overhang_4_4_speed = 10
; overhang_fan_speed = 100
; overhang_fan_threshold = 50%
; overhang_reverse = 0
; overhang_reverse_internal_only = 0
; overhang_reverse_threshold = 50%
; overhang_speed_classic = 0
; parking_pos_retraction = 92
; pellet_flow_coefficient = 0.4157
; pellet_modded_printer = 0
; post_process = 
; precise_outer_wall = 0
; precise_z_height = 0
; preferred_orientation = 0
; preheat_steps = 1
; preheat_time = 30
; pressure_advance = 0.025
; prime_tower_brim_width = 3
; prime_tower_width = 60
; prime_volume = 45
; print_compatible_printers = "Flashforge Adventurer 5M Pro 0.6 Nozzle"
; print_flow_ratio = 1
; print_order = default
; print_sequence = by layer
; print_settings_id = No support, no raft
; printable_area = -110x-110,110x-110,110x110,-110x110
; printable_height = 220
; printer_model = Flashforge Adventurer 5M Pro
; printer_notes = 
; printer_settings_id = Flashforge Adventurer 5M Pro 0.6 Nozzle
; printer_structure = undefine
; printer_technology = FFF
; printer_variant = 0.6
; printhost_authorization_type = key
; printhost_ssl_ignore_revoke = 0
; printing_by_object_gcode = 
; purge_in_prime_tower = 1
; raft_contact_distance = 0.16
; raft_expansion = 1.5
; raft_first_layer_density = 90%
; raft_first_layer_expansion = 2
; raft_layers = 0
; reduce_crossing_wall = 0
; reduce_fan_stop_start_freq = 1
; reduce_infill_retraction = 1
; required_nozzle_HRC = 0
; resolution = 0.012
; retract_before_wipe = 100%
; retract_length_toolchange = 2
; retract_lift_above = 0
; retract_lift_below = 0
; retract_lift_enforce = All Surfaces
; retract_on_top_layer = 1
; retract_restart_extra = 0
; retract_restart_extra_toolchange = 0
; retract_when_changing_layer = 1
; retraction_distances_when_cut = 18
; retraction_length = 1.2
; retraction_minimum_travel = 1
; retraction_speed = 35
; role_based_wipe_speed = 1
; rotate_solid_infill_direction = 1
; scan_first_layer = 0
; scarf_angle_threshold = 155
; scarf_joint_flow_ratio = 1
; scarf_joint_speed = 100%
; scarf_overhang_threshold = 40%
; seam_gap = 6%
; seam_position = aligned
; seam_slope_conditional = 0
; seam_slope_entire_loop = 0
; seam_slope_inner_walls = 0
; seam_slope_min_length = 20
; seam_slope_start_height = 0
; seam_slope_steps = 10
; seam_slope_type = none
; silent_mode = 0
; single_extruder_multi_material = 0
; single_extruder_multi_material_priming = 0
; single_loop_draft_shield = 0
; skirt_distance = 2
; skirt_height = 1
; skirt_loops = 0
; skirt_speed = 50
; skirt_start_angle = -135
; skirt_type = combined
; slice_closing_radius = 0.049
; slicing_mode = regular
; slow_down_for_layer_cooling = 1
; slow_down_layer_time = 6
; slow_down_layers = 1
; slow_down_min_speed = 20
; slowdown_for_curled_perimeters = 1
; small_area_infill_flow_compensation = 0
; small_area_infill_flow_compensation_model = 0,0;"\n0.2,0.4444";"\n0.4,0.6145";"\n0.6,0.7059";"\n0.8,0.7619";"\n1.5,0.8571";"\n2,0.8889";"\n3,0.9231";"\n5,0.9520";"\n10,1"
; small_perimeter_speed = 50%
; small_perimeter_threshold = 0
; solid_infill_direction = 45
; solid_infill_filament = 1
; sparse_infill_acceleration = 100%
; sparse_infill_density = 15%
; sparse_infill_filament = 1
; sparse_infill_line_width = 0.62
; sparse_infill_pattern = crosshatch
; sparse_infill_speed = 100
; spiral_finishing_flow_ratio = 0
; spiral_mode = 0
; spiral_mode_max_xy_smoothing = 200%
; spiral_mode_smooth = 0
; spiral_starting_flow_ratio = 0
; staggered_inner_seams = 0
; standby_temperature_delta = -5
; start_end_points = 30x-3,54x245
; supertack_plate_temp = 35
; supertack_plate_temp_initial_layer = 35
; support_air_filtration = 1
; support_angle = 0
; support_base_pattern = rectilinear
; support_base_pattern_spacing = 2.5
; support_bottom_interface_spacing = 0.35
; support_bottom_z_distance = 0.18
; support_chamber_temp_control = 1
; support_critical_regions_only = 0
; support_expansion = 0
; support_filament = 0
; support_interface_bottom_layers = 0
; support_interface_filament = 0
; support_interface_loop_pattern = 0
; support_interface_not_for_body = 1
; support_interface_pattern = auto
; support_interface_spacing = 0.35
; support_interface_speed = 40
; support_interface_top_layers = 2
; support_line_width = 0.62
; support_material_interface_fan_speed = 100
; support_multi_bed_types = 1
; support_object_first_layer_gap = 0.2
; support_object_xy_distance = 0.4
; support_on_build_plate_only = 0
; support_remove_small_overhang = 1
; support_speed = 100
; support_style = default
; support_threshold_angle = 30
; support_threshold_overlap = 50%
; support_top_z_distance = 0.18
; support_type = normal(auto)
; temperature_vitrification = 60
; template_custom_gcode = 
; textured_cool_plate_temp = 40
; textured_cool_plate_temp_initial_layer = 40
; textured_plate_temp = 60
; textured_plate_temp_initial_layer = 55
; thick_bridges = 0
; thick_internal_bridges = 1
; thumbnails = 140x110/PNG
; thumbnails_format = PNG
; time_cost = 0
; time_lapse_gcode = 
; timelapse_type = 0
; top_bottom_infill_wall_overlap = 25%
; top_shell_layers = 5
; top_shell_thickness = 1
; top_solid_infill_flow_ratio = 1
; top_surface_acceleration = 2000
; top_surface_jerk = 9
; top_surface_line_width = 0.62
; top_surface_pattern = monotonicline
; top_surface_speed = 120
; travel_acceleration = 10000
; travel_jerk = 12
; travel_slope = 3
; travel_speed = 500
; travel_speed_z = 0
; tree_support_adaptive_layer_height = 1
; tree_support_angle_slow = 25
; tree_support_auto_brim = 1
; tree_support_branch_angle = 45
; tree_support_branch_angle_organic = 40
; tree_support_branch_diameter = 5
; tree_support_branch_diameter_angle = 5
; tree_support_branch_diameter_organic = 2
; tree_support_branch_distance = 5
; tree_support_branch_distance_organic = 1
; tree_support_brim_width = 3
; tree_support_tip_diameter = 0.8
; tree_support_top_rate = 30%
; tree_support_wall_count = 0
; upward_compatible_machine = 
; use_firmware_retraction = 0
; use_relative_e_distances = 1
; wall_direction = auto
; wall_distribution_count = 1
; wall_filament = 1
; wall_generator = classic
; wall_loops = 2
; wall_sequence = inner wall/outer wall
; wall_transition_angle = 10
; wall_transition_filter_deviation = 25%
; wall_transition_length = 100%
; wipe = 1
; wipe_before_external_loop = 0
; wipe_distance = 2
; wipe_on_loops = 0
; wipe_speed = 200
; wipe_tower_bridging = 10
; wipe_tower_cone_angle = 0
; wipe_tower_extra_flow = 100%
; wipe_tower_extra_spacing = 100%
; wipe_tower_filament = 0
; wipe_tower_max_purge_speed = 90
; wipe_tower_no_sparse_layers = 0
; wipe_tower_rotation_angle = 0
; wipe_tower_x = 165.000
; wipe_tower_x = 165
; wipe_tower_y = 250.000
; wipe_tower_y = 250
; wiping_volumes_extruders = 70,70,70,70,70,70,70,70,70,70
; xy_contour_compensation = 0
; xy_hole_compensation = 0
; z_hop = 0.4
; z_hop_types = Auto Lift
; z_offset = 0
; first_layer_bed_temperature = 55
; bed_shape = -110x-110,110x-110,110x110,-110x110
; first_layer_temperature = 220
; first_layer_height = 0.200
; CONFIG_BLOCK_END


