; HEADER_BLOCK_START
; generated by OrcaSlicer 2.3.0 on 2025-12-15 at 16:44:58
; total layer number: 41
;_GP_TOTAL_LAYER_NUMBER_PLACEHOLDER
; filament_density: 1.24
; filament_diameter: 1.75
; max_z_height: 8.20
; HEADER_BLOCK_END

; THUMBNAIL_BLOCK_START

;
; thumbnail begin 140x110 1568
; iVBORw0KGgoAAAANSUhEUgAAAIwAAABuCAYAAAD1TPu3AAAEX0lEQVR4Ae3d3UsUURjH8QPVRaWIb+
; t7rkpRF4IXBnVRGF2EEBX0hq6G60amRYUKViitBFlIQRRBV/4p/in+KZPHmFi3mfW8rDozz/cD53Zh
; 4+k5v+NzZlYpAAAAAMl0srUl33z7VlkBB2m8enlm6Pe3QK/+T6s7py8MjSmgWthVwmKpXHQb7KOLRX
; eTqGIJV/fSwraCbLW6StRiixJMF4vuGqbFUrlyMxNbCnLYdBW6jWAmW9DA942g592boHO+GOS/fjyw
; cAjEGWUSbHWxdC7MBm2T94NcaSrofF4Met8vGnUb/fkK6WcabHVX0YUSrrBg9Op6NUe3kcC0q1QXS3
; XBhKuvvHJg0XD8TimTrqKLJTc7+V+xNN8d32kYHSlXF4xePcsvg8EfnwnEWaG7ij72unSVsFgqPy+q
; aNiiMkL/rzbZgqK6il5nhi+Voz635c74dly34fidQq7BNq6rxKHbZIBPsNWr6eZ1q5DaXni4E1U4BO
; KEM+0q/V8+xAZb5SguEOtuQyBOIJM5kE2wdRVVNKbdhnnUEfE5LtcKtq4IxAl1VMHWFYE4QUyDbffi
; fGSxNFwZPZL2H9dtTAMx8yhPpl2lb/3tsXSVKLUCsUm30XeKFez5HpePo1gq+QRijt+WfOdAKiEIxI
; fM5oJTErtKHALxITCdA4UXnA77uFxvcd2GC1qWkn5crje6jYe0B1tXzKMsmXaVNARbV8yjDCVlDpQU
; PsfvzG9RSZsDJQXH7whp+4vtcSAQVzD94tVbke0Fp7TznUeprLD54npban18T0RXieIzj8rMFkWbtS
; f6ghZt1o3YQMxJwI/YQMxJwJ3YeZTvF5fcbXwvaNFthBI7j2IQ567pxrWtuFyY6XkUgzg/cf92/Rtr
; 8rYoMX938MTxW9oXrxMCMYHYmthcyINh7sTmQt9BnPQHw8TmQp8vzjyKQEwgdkAgJhBb88mFoudRBG
; K6Dd3GEvMoArE1sbmQeZQftiiHbkMgFnpPieO3H7oNgdga8ygCsTXmUQ7dhi2KeZS8L14HzKMIxE4I
; xARia2LvKTGPcic2F4oexNWBTy7sfFFiHiWRSy4Mf8dKpZnYB8PqxKRTV7+/UGUBW5S7WrkwfH9h1+
; u5oOPZk+wUjMbx211cLmyffqRzS3Bx62dwbn0lWwUTotu4q86FumB6V5f2tveOUiGzb0UlEHuo7Da6
; YMS8FZULWn7CgpHyCt1/mEe5O9HYkFcSEYjhhEAMa2IfDIM7fkkWTnwCMb8kKxSBGE4IxLDGBS04od
; vAGvMoWGMeBSfMo2CN4zecEIhhjRdYwxovDIATAjGsEYjhhEAMa77zKAV5XAJx+EjqqVz7mIJMpvOo
; 8EF3/QwQBSNcrRcG5DfX97pKrjix90hqW+EBBYO/ooomV5ra7SyF4PyvzWBgt3joMNinOhDrgul4Oh
; 0M7uaXvrVleU8ZwkxlweiukitOZvdBd9SHDsS6YOgqMHZ2ZLisAAAAACTXH8ueqdnu8VgzAAAAAElF
; TkSuQmCC
; thumbnail end
; THUMBNAIL_BLOCK_END

; external perimeters extrusion width = 0.62mm
; perimeters extrusion width = 0.62mm
; infill extrusion width = 0.62mm
; solid infill extrusion width = 0.62mm
; top infill extrusion width = 0.62mm
; first layer extrusion width = 0.65mm

; EXECUTABLE_BLOCK_START
M73 P0 R23
M106 S0
M106 P2 S0
;TYPE:Custom
M190 S55
M104 S220
G90
M83
G1 Z5 F6000
G1 E-0.2 F800
G1 X110 Y-110 F6000
G1 E2 F800
G1 Y-110 X55 Z0.25 F4800
G1 X-55 E8 F2400
G1 Y-109.6 F2400
G1 X55 E5 F2400
G1 Y-110 X55 Z0.45 F4800
G1 X-55 E8 F2400
G1 Y-109.6 F2400
G1 X55 E5 F2400
G92 E0
G90
G21
M83 ; use relative distances for extrusion
; filament start gcode
;right_extruder_material: PLA
SET_PRESSURE_ADVANCE ADVANCE=0.025; Override pressure advance value
M106 S0
M106 P2 S0
;LAYER_CHANGE
;Z:0.2
;HEIGHT:0.2
;BEFORE_LAYER_CHANGE
;0.2
G1 E-1.2 F2100
;AFTER_LAYER_CHANGE
;0.2
;_SET_FAN_SPEED_CHANGING_LAYER
SET_VELOCITY_LIMIT ACCEL=500
G1 X-31.982 Y71.275 F30000
G1 Z.6
M73 P1 R23
G1 Z.2
G1 E1.2 F2100
;TYPE:Inner wall
;WIDTH:0.65
G1 F2700
G1 X-31.982 Y71.882 E.03003
G1 X31.982 Y71.882 E3.16426
G1 X31.982 Y-77.918 E7.4105
G1 X38.018 Y-77.918 E.29859
G1 X38.018 Y77.918 E7.70909
G1 X-38.018 Y77.918 E3.76144
G1 X-38.018 Y-77.918 E7.70909
G1 X-31.982 Y-77.918 E.29859
M73 P2 R23
G1 X-31.982 Y71.239 E7.37869
G1 X-31.375 Y71.275 F30000
;TYPE:Outer wall
G1 F2700
G1 X31.375 Y71.275 E3.1042
G1 X31.375 Y-78.525 E7.4105
G1 X38.625 Y-78.525 E.35865
G1 X38.625 Y78.525 E7.76915
G1 X-38.625 Y78.525 E3.8215
G1 X-38.625 Y-78.525 E7.76915
M73 P3 R23
G1 X-31.375 Y-78.525 E.35865
G1 X-31.375 Y71.239 E7.40872
G1 E-1.2 F2100
;WIPE_START
G1 F2700
G1 X-29.375 Y71.24
;WIPE_END
G1 X-26.284 Y64.262 Z.6 F30000
G1 X36.607 Y-77.736 Z.6
G1 Z.2
G1 E1.2 F2100
;TYPE:Bottom surface
;WIDTH:0.650833
G1 F3900
G1 X37.563 Y-76.78 E.06696
G1 X37.563 Y-75.92 E.04259
G1 X36.02 Y-77.463 E.10805
G1 X35.161 Y-77.463 E.04259
G1 X37.563 Y-75.061 E.16828
G1 X37.563 Y-74.201 E.04259
G1 X34.301 Y-77.463 E.2285
G1 X33.441 Y-77.463 E.04259
G1 X37.563 Y-73.341 E.28873
G1 X37.563 Y-72.481 E.04259
G1 X32.581 Y-77.463 E.34896
G1 X32.437 Y-77.463 E.00714
G1 X32.437 Y-76.747 E.03545
G1 X37.563 Y-71.622 E.35905
G1 X37.563 Y-70.762 E.04259
G1 X32.437 Y-75.887 E.35905
G1 X32.437 Y-75.028 E.04259
G1 X37.563 Y-69.902 E.35905
G1 X37.563 Y-69.043 E.04259
G1 X32.437 Y-74.168 E.35905
G1 X32.437 Y-73.308 E.04259
G1 X37.563 Y-68.183 E.35905
G1 X37.563 Y-67.323 E.04259
G1 X32.437 Y-72.448 E.35905
G1 X32.437 Y-71.589 E.04259
G1 X37.563 Y-66.463 E.35905
G1 X37.563 Y-65.604 E.04259
G1 X32.437 Y-70.729 E.35905
G1 X32.437 Y-69.869 E.04259
G1 X37.563 Y-64.744 E.35905
G1 X37.563 Y-63.884 E.04259
G1 X32.437 Y-69.009 E.35905
G1 X32.437 Y-68.15 E.04259
G1 X37.563 Y-63.025 E.35905
G1 X37.563 Y-62.165 E.04259
G1 X32.437 Y-67.29 E.35905
G1 X32.437 Y-66.43 E.04259
G1 X37.563 Y-61.305 E.35905
G1 X37.563 Y-60.445 E.04259
G1 X32.437 Y-65.571 E.35905
G1 X32.437 Y-64.711 E.04259
G1 X37.563 Y-59.586 E.35905
G1 X37.563 Y-58.726 E.04259
M73 P3 R22
G1 X32.437 Y-63.851 E.35905
G1 X32.437 Y-62.991 E.04259
G1 X37.563 Y-57.866 E.35905
G1 X37.563 Y-57.007 E.04259
G1 X32.437 Y-62.132 E.35905
G1 X32.437 Y-61.272 E.04259
M73 P4 R22
G1 X37.563 Y-56.147 E.35905
G1 X37.563 Y-55.287 E.04259
G1 X32.437 Y-60.412 E.35905
G1 X32.437 Y-59.553 E.04259
G1 X37.563 Y-54.427 E.35905
G1 X37.563 Y-53.568 E.04259
G1 X32.437 Y-58.693 E.35905
G1 X32.437 Y-57.833 E.04259
G1 X37.563 Y-52.708 E.35905
G1 X37.563 Y-51.848 E.04259
G1 X32.437 Y-56.973 E.35905
G1 X32.437 Y-56.114 E.04259
G1 X37.563 Y-50.988 E.35905
G1 X37.563 Y-50.129 E.04259
G1 X32.437 Y-55.254 E.35905
G1 X32.437 Y-54.394 E.04259
G1 X37.563 Y-49.269 E.35905
G1 X37.563 Y-48.409 E.04259
G1 X32.437 Y-53.535 E.35905
G1 X32.437 Y-52.675 E.04259
G1 X37.563 Y-47.55 E.35905
G1 X37.563 Y-46.69 E.04259
G1 X32.437 Y-51.815 E.35905
G1 X32.437 Y-50.955 E.04259
G1 X37.563 Y-45.83 E.35905
G1 X37.563 Y-44.97 E.04259
G1 X32.437 Y-50.096 E.35905
G1 X32.437 Y-49.236 E.04259
G1 X37.563 Y-44.111 E.35905
G1 X37.563 Y-43.251 E.04259
G1 X32.437 Y-48.376 E.35905
G1 X32.437 Y-47.517 E.04259
G1 X37.563 Y-42.391 E.35905
G1 X37.563 Y-41.532 E.04259
G1 X32.437 Y-46.657 E.35905
G1 X32.437 Y-45.797 E.04259
G1 X37.563 Y-40.672 E.35905
G1 X37.563 Y-39.812 E.04259
G1 X32.437 Y-44.937 E.35905
G1 X32.437 Y-44.078 E.04259
G1 X37.563 Y-38.952 E.35905
G1 X37.563 Y-38.093 E.04259
G1 X32.437 Y-43.218 E.35905
G1 X32.437 Y-42.358 E.04259
G1 X37.563 Y-37.233 E.35905
G1 X37.563 Y-36.373 E.04259
G1 X32.437 Y-41.498 E.35905
G1 X32.437 Y-40.639 E.04259
G1 X37.563 Y-35.514 E.35905
G1 X37.563 Y-34.654 E.04259
G1 X32.437 Y-39.779 E.35905
G1 X32.437 Y-38.919 E.04259
G1 X37.563 Y-33.794 E.35905
G1 X37.563 Y-32.934 E.04259
G1 X32.437 Y-38.06 E.35905
G1 X32.437 Y-37.2 E.04259
G1 X37.563 Y-32.075 E.35905
G1 X37.563 Y-31.215 E.04259
G1 X32.437 Y-36.34 E.35905
G1 X32.437 Y-35.48 E.04259
G1 X37.563 Y-30.355 E.35905
G1 X37.563 Y-29.496 E.04259
G1 X32.437 Y-34.621 E.35905
G1 X32.437 Y-33.761 E.04259
G1 X37.563 Y-28.636 E.35905
G1 X37.563 Y-27.776 E.04259
G1 X32.437 Y-32.901 E.35905
G1 X32.437 Y-32.042 E.04259
G1 X37.563 Y-26.916 E.35905
G1 X37.563 Y-26.057 E.04259
G1 X32.437 Y-31.182 E.35905
G1 X32.437 Y-30.322 E.04259
G1 X37.563 Y-25.197 E.35905
G1 X37.563 Y-24.337 E.04259
G1 X32.437 Y-29.462 E.35905
G1 X32.437 Y-28.603 E.04259
G1 X37.563 Y-23.477 E.35905
G1 X37.563 Y-22.618 E.04259
G1 X32.437 Y-27.743 E.35905
G1 X32.437 Y-26.883 E.04259
G1 X37.563 Y-21.758 E.35905
G1 X37.563 Y-20.898 E.04259
G1 X32.437 Y-26.024 E.35905
G1 X32.437 Y-25.164 E.04259
G1 X37.563 Y-20.039 E.35905
G1 X37.563 Y-19.179 E.04259
G1 X32.437 Y-24.304 E.35905
G1 X32.437 Y-23.444 E.04259
G1 X37.563 Y-18.319 E.35905
G1 X37.563 Y-17.459 E.04259
G1 X32.437 Y-22.585 E.35905
G1 X32.437 Y-21.725 E.04259
G1 X37.563 Y-16.6 E.35905
G1 X37.563 Y-15.74 E.04259
G1 X32.437 Y-20.865 E.35905
G1 X32.437 Y-20.006 E.04259
G1 X37.563 Y-14.88 E.35905
G1 X37.563 Y-14.021 E.04259
G1 X32.437 Y-19.146 E.35905
G1 X32.437 Y-18.286 E.04259
G1 X37.563 Y-13.161 E.35905
G1 X37.563 Y-12.301 E.04259
G1 X32.437 Y-17.426 E.35905
G1 X32.437 Y-16.567 E.04259
G1 X37.563 Y-11.441 E.35905
G1 X37.563 Y-10.582 E.04259
G1 X32.437 Y-15.707 E.35905
G1 X32.437 Y-14.847 E.04259
M73 P5 R22
G1 X37.563 Y-9.722 E.35905
G1 X37.563 Y-8.862 E.04259
G1 X32.437 Y-13.987 E.35905
G1 X32.437 Y-13.128 E.04259
G1 X37.563 Y-8.003 E.35905
G1 X37.563 Y-7.143 E.04259
G1 X32.437 Y-12.268 E.35905
G1 X32.437 Y-11.408 E.04259
G1 X37.563 Y-6.283 E.35905
G1 X37.563 Y-5.423 E.04259
G1 X32.437 Y-10.549 E.35905
G1 X32.437 Y-9.689 E.04259
G1 X37.563 Y-4.564 E.35905
G1 X37.563 Y-3.704 E.04259
G1 X32.437 Y-8.829 E.35905
G1 X32.437 Y-7.969 E.04259
G1 X37.563 Y-2.844 E.35905
G1 X37.563 Y-1.985 E.04259
G1 X32.437 Y-7.11 E.35905
G1 X32.437 Y-6.25 E.04259
G1 X37.563 Y-1.125 E.35905
G1 X37.563 Y-.265 E.04259
G1 X32.437 Y-5.39 E.35905
G1 X32.437 Y-4.531 E.04259
G1 X37.563 Y.595 E.35905
G1 X37.563 Y1.454 E.04259
G1 X32.437 Y-3.671 E.35905
G1 X32.437 Y-2.811 E.04259
G1 X37.563 Y2.314 E.35905
G1 X37.563 Y3.174 E.04259
G1 X32.437 Y-1.951 E.35905
G1 X32.437 Y-1.092 E.04259
G1 X37.563 Y4.034 E.35905
G1 X37.563 Y4.893 E.04259
G1 X32.437 Y-.232 E.35905
G1 X32.437 Y.628 E.04259
G1 X37.563 Y5.753 E.35905
G1 X37.563 Y6.613 E.04259
G1 X32.437 Y1.487 E.35905
G1 X32.437 Y2.347 E.04259
G1 X37.563 Y7.472 E.35905
G1 X37.563 Y8.332 E.04259
G1 X32.437 Y3.207 E.35905
G1 X32.437 Y4.067 E.04259
G1 X37.563 Y9.192 E.35905
G1 X37.563 Y10.052 E.04259
G1 X32.437 Y4.926 E.35905
G1 X32.437 Y5.786 E.04259
G1 X37.563 Y10.911 E.35905
G1 X37.563 Y11.771 E.04259
G1 X32.437 Y6.646 E.35905
G1 X32.437 Y7.505 E.04259
G1 X37.563 Y12.631 E.35905
G1 X37.563 Y13.49 E.04259
G1 X32.437 Y8.365 E.35905
G1 X32.437 Y9.225 E.04259
G1 X37.563 Y14.35 E.35905
G1 X37.563 Y15.21 E.04259
G1 X32.437 Y10.085 E.35905
G1 X32.437 Y10.944 E.04259
G1 X37.563 Y16.07 E.35905
G1 X37.563 Y16.929 E.04259
G1 X32.437 Y11.804 E.35905
G1 X32.437 Y12.664 E.04259
G1 X37.563 Y17.789 E.35905
G1 X37.563 Y18.649 E.04259
G1 X32.437 Y13.524 E.35905
G1 X32.437 Y14.383 E.04259
G1 X37.563 Y19.508 E.35905
G1 X37.563 Y20.368 E.04259
G1 X32.437 Y15.243 E.35905
G1 X32.437 Y16.103 E.04259
G1 X37.563 Y21.228 E.35905
G1 X37.563 Y22.088 E.04259
G1 X32.437 Y16.962 E.35905
G1 X32.437 Y17.822 E.04259
G1 X37.563 Y22.947 E.35905
G1 X37.563 Y23.807 E.04259
G1 X32.437 Y18.682 E.35905
G1 X32.437 Y19.542 E.04259
G1 X37.563 Y24.667 E.35905
G1 X37.563 Y25.526 E.04259
G1 X32.437 Y20.401 E.35905
G1 X32.437 Y21.261 E.04259
G1 X37.563 Y26.386 E.35905
G1 X37.563 Y27.246 E.04259
G1 X32.437 Y22.121 E.35905
G1 X32.437 Y22.98 E.04259
G1 X37.563 Y28.106 E.35905
G1 X37.563 Y28.965 E.04259
G1 X32.437 Y23.84 E.35905
G1 X32.437 Y24.7 E.04259
G1 X37.563 Y29.825 E.35905
G1 X37.563 Y30.685 E.04259
G1 X32.437 Y25.56 E.35905
G1 X32.437 Y26.419 E.04259
G1 X37.563 Y31.545 E.35905
G1 X37.563 Y32.404 E.04259
G1 X32.437 Y27.279 E.35905
G1 X32.437 Y28.139 E.04259
G1 X37.563 Y33.264 E.35905
G1 X37.563 Y34.124 E.04259
G1 X32.437 Y28.998 E.35905
G1 X32.437 Y29.858 E.04259
G1 X37.563 Y34.983 E.35905
G1 X37.563 Y35.843 E.04259
G1 X32.437 Y30.718 E.35905
G1 X32.437 Y31.578 E.04259
G1 X37.563 Y36.703 E.35905
M73 P6 R22
G1 X37.563 Y37.563 E.04259
G1 X32.437 Y32.437 E.35905
G1 X32.437 Y33.297 E.04259
G1 X37.563 Y38.422 E.35905
G1 X37.563 Y39.282 E.04259
G1 X32.437 Y34.157 E.35905
G1 X32.437 Y35.016 E.04259
G1 X37.563 Y40.142 E.35905
G1 X37.563 Y41.001 E.04259
G1 X32.437 Y35.876 E.35905
G1 X32.437 Y36.736 E.04259
G1 X37.563 Y41.861 E.35905
G1 X37.563 Y42.721 E.04259
G1 X32.437 Y37.596 E.35905
G1 X32.437 Y38.455 E.04259
G1 X37.563 Y43.581 E.35905
G1 X37.563 Y44.44 E.04259
G1 X32.437 Y39.315 E.35905
G1 X32.437 Y40.175 E.04259
G1 X37.563 Y45.3 E.35905
G1 X37.563 Y46.16 E.04259
G1 X32.437 Y41.035 E.35905
G1 X32.437 Y41.894 E.04259
G1 X37.563 Y47.019 E.35905
G1 X37.563 Y47.879 E.04259
G1 X32.437 Y42.754 E.35905
G1 X32.437 Y43.614 E.04259
G1 X37.563 Y48.739 E.35905
G1 X37.563 Y49.599 E.04259
G1 X32.437 Y44.473 E.35905
G1 X32.437 Y45.333 E.04259
G1 X37.563 Y50.458 E.35905
G1 X37.563 Y51.318 E.04259
G1 X32.437 Y46.193 E.35905
G1 X32.437 Y47.053 E.04259
G1 X37.563 Y52.178 E.35905
G1 X37.563 Y53.037 E.04259
G1 X32.437 Y47.912 E.35905
G1 X32.437 Y48.772 E.04259
G1 X37.563 Y53.897 E.35905
G1 X37.563 Y54.757 E.04259
G1 X32.437 Y49.632 E.35905
G1 X32.437 Y50.491 E.04259
G1 X37.563 Y55.617 E.35905
G1 X37.563 Y56.476 E.04259
G1 X32.437 Y51.351 E.35905
G1 X32.437 Y52.211 E.04259
G1 X37.563 Y57.336 E.35905
G1 X37.563 Y58.196 E.04259
G1 X32.437 Y53.071 E.35905
G1 X32.437 Y53.93 E.04259
G1 X37.563 Y59.056 E.35905
G1 X37.563 Y59.915 E.04259
G1 X32.437 Y54.79 E.35905
G1 X32.437 Y55.65 E.04259
G1 X37.563 Y60.775 E.35905
G1 X37.563 Y61.635 E.04259
G1 X32.437 Y56.509 E.35905
G1 X32.437 Y57.369 E.04259
G1 X37.563 Y62.494 E.35905
G1 X37.563 Y63.354 E.04259
G1 X32.437 Y58.229 E.35905
G1 X32.437 Y59.089 E.04259
G1 X37.563 Y64.214 E.35905
G1 X37.563 Y65.074 E.04259
G1 X32.437 Y59.948 E.35905
G1 X32.437 Y60.808 E.04259
G1 X37.563 Y65.933 E.35905
G1 X37.563 Y66.793 E.04259
G1 X32.437 Y61.668 E.35905
G1 X32.437 Y62.527 E.04259
G1 X37.563 Y67.653 E.35905
G1 X37.563 Y68.512 E.04259
G1 X32.437 Y63.387 E.35905
G1 X32.437 Y64.247 E.04259
G1 X37.563 Y69.372 E.35905
G1 X37.563 Y70.232 E.04259
G1 X32.437 Y65.107 E.35905
G1 X32.437 Y65.966 E.04259
G1 X37.563 Y71.092 E.35905
G1 X37.563 Y71.951 E.04259
G1 X32.437 Y66.826 E.35905
G1 X32.437 Y67.686 E.04259
G1 X37.563 Y72.811 E.35905
G1 X37.563 Y73.671 E.04259
G1 X32.437 Y68.546 E.35905
G1 X32.437 Y69.405 E.04259
G1 X37.563 Y74.53 E.35905
G1 X37.563 Y75.39 E.04259
G1 X32.437 Y70.265 E.35905
G1 X32.437 Y71.125 E.04259
G1 X37.563 Y76.25 E.35905
G1 X37.563 Y77.11 E.04259
G1 X32.437 Y71.984 E.35905
G1 X32.437 Y72.337 E.01749
G1 X31.931 Y72.337 E.0251
G1 X37.056 Y77.463 E.35905
G1 X36.196 Y77.463 E.04259
G1 X31.071 Y72.337 E.35905
G1 X30.211 Y72.337 E.04259
G1 X35.336 Y77.463 E.35905
G1 X34.477 Y77.463 E.04259
G1 X29.352 Y72.337 E.35905
G1 X28.492 Y72.337 E.04259
G1 X33.617 Y77.463 E.35905
G1 X32.757 Y77.463 E.04259
G1 X27.632 Y72.337 E.35905
G1 X26.772 Y72.337 E.04259
G1 X31.898 Y77.463 E.35905
G1 X31.038 Y77.463 E.04259
M73 P7 R22
G1 X25.913 Y72.337 E.35905
G1 X25.053 Y72.337 E.04259
G1 X30.178 Y77.463 E.35905
G1 X29.318 Y77.463 E.04259
G1 X24.193 Y72.337 E.35905
G1 X23.333 Y72.337 E.04259
G1 X28.459 Y77.463 E.35905
G1 X27.599 Y77.463 E.04259
G1 X22.474 Y72.337 E.35905
G1 X21.614 Y72.337 E.04259
G1 X26.739 Y77.463 E.35905
G1 X25.88 Y77.463 E.04259
G1 X20.754 Y72.337 E.35905
G1 X19.895 Y72.337 E.04259
G1 X25.02 Y77.463 E.35905
G1 X24.16 Y77.463 E.04259
G1 X19.035 Y72.337 E.35905
G1 X18.175 Y72.337 E.04259
G1 X23.3 Y77.463 E.35905
G1 X22.441 Y77.463 E.04259
G1 X17.315 Y72.337 E.35905
G1 X16.456 Y72.337 E.04259
G1 X21.581 Y77.463 E.35905
G1 X20.721 Y77.463 E.04259
G1 X15.596 Y72.337 E.35905
G1 X14.736 Y72.337 E.04259
G1 X19.862 Y77.463 E.35905
G1 X19.002 Y77.463 E.04259
G1 X13.877 Y72.337 E.35905
G1 X13.017 Y72.337 E.04259
G1 X18.142 Y77.463 E.35905
G1 X17.282 Y77.463 E.04259
G1 X12.157 Y72.337 E.35905
G1 X11.297 Y72.337 E.04259
G1 X16.423 Y77.463 E.35905
G1 X15.563 Y77.463 E.04259
G1 X10.438 Y72.337 E.35905
G1 X9.578 Y72.337 E.04259
G1 X14.703 Y77.463 E.35905
G1 X13.843 Y77.463 E.04259
G1 X8.718 Y72.337 E.35905
G1 X7.859 Y72.337 E.04259
G1 X12.984 Y77.463 E.35905
G1 X12.124 Y77.463 E.04259
G1 X6.999 Y72.337 E.35905
G1 X6.139 Y72.337 E.04259
G1 X11.264 Y77.463 E.35905
G1 X10.405 Y77.463 E.04259
G1 X5.279 Y72.337 E.35905
G1 X4.42 Y72.337 E.04259
G1 X9.545 Y77.463 E.35905
G1 X8.685 Y77.463 E.04259
G1 X3.56 Y72.337 E.35905
G1 X2.7 Y72.337 E.04259
G1 X7.825 Y77.463 E.35905
G1 X6.966 Y77.463 E.04259
G1 X1.841 Y72.337 E.35905
G1 X.981 Y72.337 E.04259
G1 X6.106 Y77.463 E.35905
G1 X5.246 Y77.463 E.04259
G1 X.121 Y72.337 E.35905
G1 X-.739 Y72.337 E.04259
G1 X4.387 Y77.463 E.35905
G1 X3.527 Y77.463 E.04259
G1 X-1.598 Y72.337 E.35905
G1 X-2.458 Y72.337 E.04259
G1 X2.667 Y77.463 E.35905
G1 X1.807 Y77.463 E.04259
G1 X-3.318 Y72.337 E.35905
G1 X-4.178 Y72.337 E.04259
G1 X.948 Y77.463 E.35905
G1 X.088 Y77.463 E.04259
G1 X-5.037 Y72.337 E.35905
G1 X-5.897 Y72.337 E.04259
G1 X-.772 Y77.463 E.35905
G1 X-1.631 Y77.463 E.04259
G1 X-6.757 Y72.337 E.35905
G1 X-7.616 Y72.337 E.04259
G1 X-2.491 Y77.463 E.35905
G1 X-3.351 Y77.463 E.04259
G1 X-8.476 Y72.337 E.35905
G1 X-9.336 Y72.337 E.04259
G1 X-4.211 Y77.463 E.35905
G1 X-5.07 Y77.463 E.04259
G1 X-10.196 Y72.337 E.35905
G1 X-11.055 Y72.337 E.04259
G1 X-5.93 Y77.463 E.35905
G1 X-6.79 Y77.463 E.04259
G1 X-11.915 Y72.337 E.35905
G1 X-12.775 Y72.337 E.04259
G1 X-7.649 Y77.463 E.35905
G1 X-8.509 Y77.463 E.04259
G1 X-13.634 Y72.337 E.35905
G1 X-14.494 Y72.337 E.04259
G1 X-9.369 Y77.463 E.35905
G1 X-10.229 Y77.463 E.04259
G1 X-15.354 Y72.337 E.35905
G1 X-16.214 Y72.337 E.04259
G1 X-11.088 Y77.463 E.35905
G1 X-11.948 Y77.463 E.04259
G1 X-17.073 Y72.337 E.35905
G1 X-17.933 Y72.337 E.04259
G1 X-12.808 Y77.463 E.35905
G1 X-13.668 Y77.463 E.04259
G1 X-18.793 Y72.337 E.35905
G1 X-19.652 Y72.337 E.04259
G1 X-14.527 Y77.463 E.35905
G1 X-15.387 Y77.463 E.04259
G1 X-20.512 Y72.337 E.35905
M73 P8 R22
G1 X-21.372 Y72.337 E.04259
G1 X-16.247 Y77.463 E.35905
G1 X-17.106 Y77.463 E.04259
G1 X-22.232 Y72.337 E.35905
G1 X-23.091 Y72.337 E.04259
G1 X-17.966 Y77.463 E.35905
G1 X-18.826 Y77.463 E.04259
G1 X-23.951 Y72.337 E.35905
G1 X-24.811 Y72.337 E.04259
G1 X-19.686 Y77.463 E.35905
G1 X-20.545 Y77.463 E.04259
G1 X-25.67 Y72.337 E.35905
G1 X-26.53 Y72.337 E.04259
G1 X-21.405 Y77.463 E.35905
M73 P8 R21
G1 X-22.265 Y77.463 E.04259
G1 X-27.39 Y72.337 E.35905
G1 X-28.25 Y72.337 E.04259
G1 X-23.124 Y77.463 E.35905
G1 X-23.984 Y77.463 E.04259
G1 X-29.109 Y72.337 E.35905
G1 X-29.969 Y72.337 E.04259
G1 X-24.844 Y77.463 E.35905
G1 X-25.704 Y77.463 E.04259
G1 X-31.102 Y72.064 E.37819
G1 E-1.2 F2100
;WIPE_START
G1 F3900
G1 X-29.688 Y73.478
;WIPE_END
G1 X-29.813 Y65.847 Z.6 F30000
G1 X-32.164 Y-76.87 Z.6
G1 Z.2
G1 E1.2 F2100
G1 F3900
G1 X-32.757 Y-77.463 E.04154
G1 X-33.617 Y-77.463 E.04259
G1 X-32.437 Y-76.283 E.08263
G1 X-32.437 Y-75.423 E.04259
G1 X-34.477 Y-77.463 E.14286
G1 X-35.336 Y-77.463 E.04259
G1 X-32.437 Y-74.564 E.20309
G1 X-32.437 Y-73.704 E.04259
G1 X-36.196 Y-77.463 E.26332
G1 X-37.056 Y-77.463 E.04259
G1 X-32.437 Y-72.844 E.32355
G1 X-32.437 Y-71.985 E.04259
G1 X-37.563 Y-77.11 E.35905
G1 X-37.563 Y-76.25 E.04259
G1 X-32.437 Y-71.125 E.35905
G1 X-32.437 Y-70.265 E.04259
G1 X-37.563 Y-75.39 E.35905
G1 X-37.563 Y-74.531 E.04259
G1 X-32.437 Y-69.405 E.35905
G1 X-32.437 Y-68.546 E.04259
G1 X-37.563 Y-73.671 E.35905
G1 X-37.563 Y-72.811 E.04259
G1 X-32.437 Y-67.686 E.35905
G1 X-32.437 Y-66.826 E.04259
G1 X-37.563 Y-71.951 E.35905
G1 X-37.563 Y-71.092 E.04259
G1 X-32.437 Y-65.966 E.35905
G1 X-32.437 Y-65.107 E.04259
G1 X-37.563 Y-70.232 E.35905
G1 X-37.563 Y-69.372 E.04259
G1 X-32.437 Y-64.247 E.35905
G1 X-32.437 Y-63.387 E.04259
G1 X-37.563 Y-68.513 E.35905
G1 X-37.563 Y-67.653 E.04259
G1 X-32.437 Y-62.528 E.35905
G1 X-32.437 Y-61.668 E.04259
G1 X-37.563 Y-66.793 E.35905
G1 X-37.563 Y-65.933 E.04259
G1 X-32.437 Y-60.808 E.35905
G1 X-32.437 Y-59.948 E.04259
G1 X-37.563 Y-65.074 E.35905
G1 X-37.563 Y-64.214 E.04259
G1 X-32.437 Y-59.089 E.35905
G1 X-32.437 Y-58.229 E.04259
G1 X-37.563 Y-63.354 E.35905
G1 X-37.563 Y-62.495 E.04259
G1 X-32.437 Y-57.369 E.35905
G1 X-32.437 Y-56.51 E.04259
G1 X-37.563 Y-61.635 E.35905
G1 X-37.563 Y-60.775 E.04259
G1 X-32.437 Y-55.65 E.35905
G1 X-32.437 Y-54.79 E.04259
G1 X-37.563 Y-59.915 E.35905
G1 X-37.563 Y-59.056 E.04259
G1 X-32.437 Y-53.93 E.35905
G1 X-32.437 Y-53.071 E.04259
G1 X-37.563 Y-58.196 E.35905
G1 X-37.563 Y-57.336 E.04259
G1 X-32.437 Y-52.211 E.35905
G1 X-32.437 Y-51.351 E.04259
G1 X-37.563 Y-56.476 E.35905
G1 X-37.563 Y-55.617 E.04259
G1 X-32.437 Y-50.492 E.35905
G1 X-32.437 Y-49.632 E.04259
G1 X-37.563 Y-54.757 E.35905
G1 X-37.563 Y-53.897 E.04259
G1 X-32.437 Y-48.772 E.35905
G1 X-32.437 Y-47.912 E.04259
G1 X-37.563 Y-53.038 E.35905
G1 X-37.563 Y-52.178 E.04259
G1 X-32.437 Y-47.053 E.35905
G1 X-32.437 Y-46.193 E.04259
G1 X-37.563 Y-51.318 E.35905
G1 X-37.563 Y-50.458 E.04259
G1 X-32.437 Y-45.333 E.35905
G1 X-32.437 Y-44.474 E.04259
M73 P9 R21
G1 X-37.563 Y-49.599 E.35905
G1 X-37.563 Y-48.739 E.04259
G1 X-32.437 Y-43.614 E.35905
G1 X-32.437 Y-42.754 E.04259
G1 X-37.563 Y-47.879 E.35905
G1 X-37.563 Y-47.02 E.04259
G1 X-32.437 Y-41.894 E.35905
G1 X-32.437 Y-41.035 E.04259
G1 X-37.563 Y-46.16 E.35905
G1 X-37.563 Y-45.3 E.04259
G1 X-32.437 Y-40.175 E.35905
G1 X-32.437 Y-39.315 E.04259
G1 X-37.563 Y-44.44 E.35905
G1 X-37.563 Y-43.581 E.04259
G1 X-32.437 Y-38.455 E.35905
G1 X-32.437 Y-37.596 E.04259
G1 X-37.563 Y-42.721 E.35905
G1 X-37.563 Y-41.861 E.04259
G1 X-32.437 Y-36.736 E.35905
G1 X-32.437 Y-35.876 E.04259
G1 X-37.563 Y-41.002 E.35905
G1 X-37.563 Y-40.142 E.04259
G1 X-32.437 Y-35.017 E.35905
G1 X-32.437 Y-34.157 E.04259
G1 X-37.563 Y-39.282 E.35905
G1 X-37.563 Y-38.422 E.04259
G1 X-32.437 Y-33.297 E.35905
G1 X-32.437 Y-32.437 E.04259
G1 X-37.563 Y-37.563 E.35905
G1 X-37.563 Y-36.703 E.04259
G1 X-32.437 Y-31.578 E.35905
G1 X-32.437 Y-30.718 E.04259
G1 X-37.563 Y-35.843 E.35905
G1 X-37.563 Y-34.984 E.04259
G1 X-32.437 Y-29.858 E.35905
G1 X-32.437 Y-28.999 E.04259
G1 X-37.563 Y-34.124 E.35905
G1 X-37.563 Y-33.264 E.04259
G1 X-32.437 Y-28.139 E.35905
G1 X-32.437 Y-27.279 E.04259
G1 X-37.563 Y-32.404 E.35905
G1 X-37.563 Y-31.545 E.04259
G1 X-32.437 Y-26.419 E.35905
G1 X-32.437 Y-25.56 E.04259
G1 X-37.563 Y-30.685 E.35905
G1 X-37.563 Y-29.825 E.04259
G1 X-32.437 Y-24.7 E.35905
G1 X-32.437 Y-23.84 E.04259
G1 X-37.563 Y-28.965 E.35905
G1 X-37.563 Y-28.106 E.04259
G1 X-32.437 Y-22.981 E.35905
G1 X-32.437 Y-22.121 E.04259
G1 X-37.563 Y-27.246 E.35905
G1 X-37.563 Y-26.386 E.04259
G1 X-32.437 Y-21.261 E.35905
G1 X-32.437 Y-20.401 E.04259
G1 X-37.563 Y-25.527 E.35905
G1 X-37.563 Y-24.667 E.04259
G1 X-32.437 Y-19.542 E.35905
G1 X-32.437 Y-18.682 E.04259
G1 X-37.563 Y-23.807 E.35905
G1 X-37.563 Y-22.947 E.04259
G1 X-32.437 Y-17.822 E.35905
G1 X-32.437 Y-16.963 E.04259
G1 X-37.563 Y-22.088 E.35905
G1 X-37.563 Y-21.228 E.04259
G1 X-32.437 Y-16.103 E.35905
G1 X-32.437 Y-15.243 E.04259
G1 X-37.563 Y-20.368 E.35905
G1 X-37.563 Y-19.509 E.04259
G1 X-32.437 Y-14.383 E.35905
G1 X-32.437 Y-13.524 E.04259
G1 X-37.563 Y-18.649 E.35905
G1 X-37.563 Y-17.789 E.04259
G1 X-32.437 Y-12.664 E.35905
G1 X-32.437 Y-11.804 E.04259
G1 X-37.563 Y-16.929 E.35905
G1 X-37.563 Y-16.07 E.04259
G1 X-32.437 Y-10.944 E.35905
G1 X-32.437 Y-10.085 E.04259
G1 X-37.563 Y-15.21 E.35905
G1 X-37.563 Y-14.35 E.04259
G1 X-32.437 Y-9.225 E.35905
G1 X-32.437 Y-8.365 E.04259
G1 X-37.563 Y-13.491 E.35905
G1 X-37.563 Y-12.631 E.04259
G1 X-32.437 Y-7.506 E.35905
G1 X-32.437 Y-6.646 E.04259
G1 X-37.563 Y-11.771 E.35905
G1 X-37.563 Y-10.911 E.04259
G1 X-32.437 Y-5.786 E.35905
G1 X-32.437 Y-4.926 E.04259
G1 X-37.563 Y-10.052 E.35905
G1 X-37.563 Y-9.192 E.04259
G1 X-32.437 Y-4.067 E.35905
G1 X-32.437 Y-3.207 E.04259
G1 X-37.563 Y-8.332 E.35905
G1 X-37.563 Y-7.473 E.04259
G1 X-32.437 Y-2.347 E.35905
G1 X-32.437 Y-1.488 E.04259
G1 X-37.563 Y-6.613 E.35905
G1 X-37.563 Y-5.753 E.04259
G1 X-32.437 Y-.628 E.35905
G1 X-32.437 Y.232 E.04259
G1 X-37.563 Y-4.893 E.35905
G1 X-37.563 Y-4.034 E.04259
G1 X-32.437 Y1.092 E.35905
G1 X-32.437 Y1.951 E.04259
G1 X-37.563 Y-3.174 E.35905
G1 X-37.563 Y-2.314 E.04259
M73 P10 R21
G1 X-32.437 Y2.811 E.35905
G1 X-32.437 Y3.671 E.04259
G1 X-37.563 Y-1.454 E.35905
G1 X-37.563 Y-.595 E.04259
G1 X-32.437 Y4.53 E.35905
G1 X-32.437 Y5.39 E.04259
G1 X-37.563 Y.265 E.35905
G1 X-37.563 Y1.125 E.04259
G1 X-32.437 Y6.25 E.35905
G1 X-32.437 Y7.11 E.04259
G1 X-37.563 Y1.984 E.35905
G1 X-37.563 Y2.844 E.04259
G1 X-32.437 Y7.969 E.35905
G1 X-32.437 Y8.829 E.04259
G1 X-37.563 Y3.704 E.35905
G1 X-37.563 Y4.564 E.04259
G1 X-32.437 Y9.689 E.35905
G1 X-32.437 Y10.548 E.04259
G1 X-37.563 Y5.423 E.35905
G1 X-37.563 Y6.283 E.04259
G1 X-32.437 Y11.408 E.35905
G1 X-32.437 Y12.268 E.04259
G1 X-37.563 Y7.143 E.35905
G1 X-37.563 Y8.002 E.04259
G1 X-32.437 Y13.128 E.35905
G1 X-32.437 Y13.987 E.04259
G1 X-37.563 Y8.862 E.35905
G1 X-37.563 Y9.722 E.04259
G1 X-32.437 Y14.847 E.35905
G1 X-32.437 Y15.707 E.04259
G1 X-37.563 Y10.582 E.35905
G1 X-37.563 Y11.441 E.04259
G1 X-32.437 Y16.567 E.35905
G1 X-32.437 Y17.426 E.04259
G1 X-37.563 Y12.301 E.35905
G1 X-37.563 Y13.161 E.04259
G1 X-32.437 Y18.286 E.35905
G1 X-32.437 Y19.146 E.04259
G1 X-37.563 Y14.02 E.35905
G1 X-37.563 Y14.88 E.04259
G1 X-32.437 Y20.005 E.35905
G1 X-32.437 Y20.865 E.04259
G1 X-37.563 Y15.74 E.35905
G1 X-37.563 Y16.6 E.04259
G1 X-32.437 Y21.725 E.35905
G1 X-32.437 Y22.585 E.04259
G1 X-37.563 Y17.459 E.35905
G1 X-37.563 Y18.319 E.04259
G1 X-32.437 Y23.444 E.35905
G1 X-32.437 Y24.304 E.04259
G1 X-37.563 Y19.179 E.35905
G1 X-37.563 Y20.038 E.04259
G1 X-32.437 Y25.164 E.35905
G1 X-32.437 Y26.023 E.04259
G1 X-37.563 Y20.898 E.35905
G1 X-37.563 Y21.758 E.04259
G1 X-32.437 Y26.883 E.35905
G1 X-32.437 Y27.743 E.04259
G1 X-37.563 Y22.618 E.35905
G1 X-37.563 Y23.477 E.04259
G1 X-32.437 Y28.603 E.35905
G1 X-32.437 Y29.462 E.04259
G1 X-37.563 Y24.337 E.35905
G1 X-37.563 Y25.197 E.04259
G1 X-32.437 Y30.322 E.35905
G1 X-32.437 Y31.182 E.04259
G1 X-37.563 Y26.057 E.35905
G1 X-37.563 Y26.916 E.04259
G1 X-32.437 Y32.041 E.35905
G1 X-32.437 Y32.901 E.04259
G1 X-37.563 Y27.776 E.35905
G1 X-37.563 Y28.636 E.04259
G1 X-32.437 Y33.761 E.35905
G1 X-32.437 Y34.621 E.04259
G1 X-37.563 Y29.495 E.35905
G1 X-37.563 Y30.355 E.04259
G1 X-32.437 Y35.48 E.35905
G1 X-32.437 Y36.34 E.04259
G1 X-37.563 Y31.215 E.35905
G1 X-37.563 Y32.075 E.04259
G1 X-32.437 Y37.2 E.35905
G1 X-32.437 Y38.059 E.04259
G1 X-37.563 Y32.934 E.35905
G1 X-37.563 Y33.794 E.04259
G1 X-32.437 Y38.919 E.35905
G1 X-32.437 Y39.779 E.04259
G1 X-37.563 Y34.654 E.35905
G1 X-37.563 Y35.513 E.04259
G1 X-32.437 Y40.639 E.35905
G1 X-32.437 Y41.498 E.04259
G1 X-37.563 Y36.373 E.35905
G1 X-37.563 Y37.233 E.04259
G1 X-32.437 Y42.358 E.35905
G1 X-32.437 Y43.218 E.04259
G1 X-37.563 Y38.093 E.35905
G1 X-37.563 Y38.952 E.04259
G1 X-32.437 Y44.078 E.35905
G1 X-32.437 Y44.937 E.04259
G1 X-37.563 Y39.812 E.35905
G1 X-37.563 Y40.672 E.04259
G1 X-32.437 Y45.797 E.35905
G1 X-32.437 Y46.657 E.04259
G1 X-37.563 Y41.531 E.35905
G1 X-37.563 Y42.391 E.04259
G1 X-32.437 Y47.516 E.35905
G1 X-32.437 Y48.376 E.04259
G1 X-37.563 Y43.251 E.35905
G1 X-37.563 Y44.111 E.04259
M73 P11 R21
G1 X-32.437 Y49.236 E.35905
G1 X-32.437 Y50.096 E.04259
G1 X-37.563 Y44.97 E.35905
G1 X-37.563 Y45.83 E.04259
G1 X-32.437 Y50.955 E.35905
G1 X-32.437 Y51.815 E.04259
G1 X-37.563 Y46.69 E.35905
G1 X-37.563 Y47.549 E.04259
G1 X-32.437 Y52.675 E.35905
G1 X-32.437 Y53.534 E.04259
G1 X-37.563 Y48.409 E.35905
G1 X-37.563 Y49.269 E.04259
G1 X-32.437 Y54.394 E.35905
G1 X-32.437 Y55.254 E.04259
G1 X-37.563 Y50.129 E.35905
G1 X-37.563 Y50.988 E.04259
G1 X-32.437 Y56.114 E.35905
G1 X-32.437 Y56.973 E.04259
G1 X-37.563 Y51.848 E.35905
G1 X-37.563 Y52.708 E.04259
G1 X-32.437 Y57.833 E.35905
G1 X-32.437 Y58.693 E.04259
G1 X-37.563 Y53.568 E.35905
G1 X-37.563 Y54.427 E.04259
G1 X-32.437 Y59.552 E.35905
G1 X-32.437 Y60.412 E.04259
G1 X-37.563 Y55.287 E.35905
G1 X-37.563 Y56.147 E.04259
G1 X-32.437 Y61.272 E.35905
G1 X-32.437 Y62.132 E.04259
G1 X-37.563 Y57.006 E.35905
G1 X-37.563 Y57.866 E.04259
G1 X-32.437 Y62.991 E.35905
G1 X-32.437 Y63.851 E.04259
G1 X-37.563 Y58.726 E.35905
G1 X-37.563 Y59.586 E.04259
G1 X-32.437 Y64.711 E.35905
G1 X-32.437 Y65.57 E.04259
G1 X-37.563 Y60.445 E.35905
G1 X-37.563 Y61.305 E.04259
G1 X-32.437 Y66.43 E.35905
G1 X-32.437 Y67.29 E.04259
G1 X-37.563 Y62.165 E.35905
G1 X-37.563 Y63.024 E.04259
G1 X-32.437 Y68.15 E.35905
G1 X-32.437 Y69.009 E.04259
G1 X-37.563 Y63.884 E.35905
G1 X-37.563 Y64.744 E.04259
G1 X-32.437 Y69.869 E.35905
G1 X-32.437 Y70.729 E.04259
G1 X-37.563 Y65.604 E.35905
G1 X-37.563 Y66.463 E.04259
G1 X-32.437 Y71.589 E.35905
G1 X-32.437 Y72.337 E.0371
G1 X-31.689 Y72.337 E.0371
G1 X-26.563 Y77.463 E.35905
G1 X-27.423 Y77.463 E.04259
G1 X-37.563 Y67.323 E.71034
G1 X-37.563 Y68.183 E.04259
G1 X-28.283 Y77.463 E.65011
G1 X-29.142 Y77.463 E.04259
G1 X-37.563 Y69.042 E.58988
G1 X-37.563 Y69.902 E.04259
G1 X-30.002 Y77.463 E.52966
G1 X-30.862 Y77.463 E.04259
G1 X-37.563 Y70.762 E.46943
G1 X-37.563 Y71.622 E.04259
G1 X-31.722 Y77.463 E.4092
G1 X-32.581 Y77.463 E.04259
G1 X-37.563 Y72.481 E.34897
G1 X-37.563 Y73.341 E.04259
G1 X-33.441 Y77.463 E.28874
G1 X-34.301 Y77.463 E.04259
G1 X-37.563 Y74.201 E.22851
G1 X-37.563 Y75.06 E.04259
G1 X-35.16 Y77.463 E.16828
G1 X-36.02 Y77.463 E.04259
G1 X-37.563 Y75.92 E.10805
G1 X-37.563 Y76.78 E.04259
G1 X-36.607 Y77.736 E.06696
M106 S255
M106 P2 S255
;LAYER_CHANGE
;Z:0.4
;HEIGHT:0.2
;BEFORE_LAYER_CHANGE
;0.4
G1 E-1.2 F2100
;WIPE_START
G1 F3900
G1 X-37.563 Y76.78
G1 X-37.563 Y76.132
;WIPE_END
;AFTER_LAYER_CHANGE
;0.4
;_SET_FAN_SPEED_CHANGING_LAYER
SET_VELOCITY_LIMIT ACCEL=10000
M140 S50 ; set bed temperature
G17
G3 Z.8 I.698 J.997 P1  F30000
G1 X-31.21 Y71.687 Z.8
G1 Z.4
G1 E1.2 F2100
SET_VELOCITY_LIMIT ACCEL=5000
;TYPE:Inner wall
;WIDTH:0.62
G1 F9000
G1 X31.787 Y71.687 E2.96242
G1 X31.787 Y-78.113 E7.0443
G1 X38.213 Y-78.113 E.30217
G1 X38.213 Y78.113 E7.34647
G1 X-38.213 Y78.113 E3.5939
G1 X-38.213 Y-78.113 E7.34647
G1 X-31.787 Y-78.113 E.30217
M73 P12 R21
G1 X-31.787 Y71.687 E7.0443
G1 X-31.246 Y71.687 E.02544
SET_VELOCITY_LIMIT ACCEL=10000
G1 X-31.21 Y71.11 F30000
SET_VELOCITY_LIMIT ACCEL=5000
;TYPE:Outer wall
G1 F7200
G1 X31.21 Y71.11 E2.93528
G1 X31.21 Y-78.69 E7.0443
G1 X38.79 Y-78.69 E.35645
G1 X38.79 Y78.69 E7.40074
G1 X-38.79 Y78.69 E3.64817
M73 P12 R20
G1 X-38.79 Y-78.69 E7.40074
G1 X-31.21 Y-78.69 E.35645
G1 X-31.21 Y71.074 E7.0426
SET_VELOCITY_LIMIT ACCEL=10000
G1 E-1.2 F2100
;WIPE_START
G1 F7200
G1 X-29.21 Y71.075
;WIPE_END
G1 X-21.611 Y71.786 Z.8 F30000
G1 X37.564 Y77.323 Z.8
G1 Z.4
G1 E1.2 F2100
SET_VELOCITY_LIMIT ACCEL=7000
;TYPE:Internal solid infill
;WIDTH:0.867294
G1 F9000
G1 X37.461 Y77.323 E.00692
G1 X37.409 Y77.412 E.00692
G1 X37.461 Y77.501 E.00692
G1 X37.564 Y77.501 E.00692
G1 X37.597 Y77.443 E.0045
SET_VELOCITY_LIMIT ACCEL=10000
G1 X38.126 Y75.888 F30000
SET_VELOCITY_LIMIT ACCEL=7000
;WIDTH:0.620409
G1 F9000
G1 X36.248 Y77.767 E.125
G1 X35.431 Y77.767 E.03843
G1 X37.867 Y75.331 E.16207
G1 X37.867 Y74.515 E.03843
G1 X34.615 Y77.767 E.21642
G1 X33.798 Y77.767 E.03843
G1 X37.867 Y73.698 E.27078
G1 X37.867 Y72.881 E.03843
G1 X32.981 Y77.767 E.32513
G1 X32.165 Y77.767 E.03843
G1 X37.867 Y72.065 E.37948
G1 X37.867 Y71.248 E.03843
G1 X31.348 Y77.767 E.43383
G1 X30.531 Y77.767 E.03843
G1 X37.867 Y70.431 E.48818
G1 X37.867 Y69.614 E.03843
G1 X29.714 Y77.767 E.54253
G1 X28.898 Y77.767 E.03843
G1 X37.867 Y68.798 E.59688
G1 X37.867 Y67.981 E.03843
G1 X28.081 Y77.767 E.65123
G1 X27.264 Y77.767 E.03843
G1 X37.867 Y67.164 E.70558
G1 X37.867 Y66.348 E.03843
G1 X26.448 Y77.767 E.75993
G1 X25.631 Y77.767 E.03843
G1 X31.364 Y72.033 E.38156
G1 X32.133 Y72.033 E.03619
G1 X32.133 Y71.264 E.03619
G1 X37.867 Y65.531 E.38155
G1 X37.867 Y64.714 E.03843
G1 X32.133 Y70.448 E.38155
G1 X32.133 Y69.631 E.03843
G1 X37.867 Y63.898 E.38155
G1 X37.867 Y63.081 E.03843
G1 X32.133 Y68.814 E.38155
G1 X32.133 Y67.998 E.03843
G1 X37.867 Y62.264 E.38155
G1 X37.867 Y61.448 E.03843
G1 X32.133 Y67.181 E.38155
G1 X32.133 Y66.364 E.03843
G1 X37.867 Y60.631 E.38155
G1 X37.867 Y59.814 E.03843
G1 X32.133 Y65.548 E.38155
G1 X32.133 Y64.731 E.03843
G1 X37.867 Y58.997 E.38155
G1 X37.867 Y58.181 E.03843
G1 X32.133 Y63.914 E.38155
G1 X32.133 Y63.097 E.03843
G1 X37.867 Y57.364 E.38155
G1 X37.867 Y56.547 E.03843
G1 X32.133 Y62.281 E.38155
G1 X32.133 Y61.464 E.03843
G1 X37.867 Y55.731 E.38155
G1 X37.867 Y54.914 E.03843
G1 X32.133 Y60.647 E.38155
G1 X32.133 Y59.831 E.03843
G1 X37.867 Y54.097 E.38155
G1 X37.867 Y53.281 E.03843
G1 X32.133 Y59.014 E.38155
G1 X32.133 Y58.197 E.03843
G1 X37.867 Y52.464 E.38155
G1 X37.867 Y51.647 E.03843
G1 X32.133 Y57.381 E.38155
G1 X32.133 Y56.564 E.03843
G1 X37.867 Y50.831 E.38155
G1 X37.867 Y50.014 E.03843
G1 X32.133 Y55.747 E.38155
G1 X32.133 Y54.93 E.03843
G1 X37.867 Y49.197 E.38155
G1 X37.867 Y48.38 E.03843
G1 X32.133 Y54.114 E.38155
G1 X32.133 Y53.297 E.03843
G1 X37.867 Y47.564 E.38155
G1 X37.867 Y46.747 E.03843
G1 X32.133 Y52.48 E.38155
G1 X32.133 Y51.664 E.03843
G1 X37.867 Y45.93 E.38155
G1 X37.867 Y45.114 E.03843
G1 X32.133 Y50.847 E.38155
G1 X32.133 Y50.03 E.03843
G1 X37.867 Y44.297 E.38155
G1 X37.867 Y43.48 E.03843
G1 X32.133 Y49.214 E.38155
G1 X32.133 Y48.397 E.03843
G1 X37.867 Y42.664 E.38155
G1 X37.867 Y41.847 E.03843
G1 X32.133 Y47.58 E.38155
G1 X32.133 Y46.764 E.03843
G1 X37.867 Y41.03 E.38155
G1 X37.867 Y40.214 E.03843
G1 X32.133 Y45.947 E.38155
G1 X32.133 Y45.13 E.03843
G1 X37.867 Y39.397 E.38155
G1 X37.867 Y38.58 E.03843
G1 X32.133 Y44.313 E.38155
G1 X32.133 Y43.497 E.03843
G1 X37.867 Y37.763 E.38155
G1 X37.867 Y36.947 E.03843
G1 X32.133 Y42.68 E.38155
G1 X32.133 Y41.863 E.03843
G1 X37.867 Y36.13 E.38155
G1 X37.867 Y35.313 E.03843
G1 X32.133 Y41.047 E.38155
G1 X32.133 Y40.23 E.03843
G1 X37.867 Y34.497 E.38155
G1 X37.867 Y33.68 E.03843
G1 X32.133 Y39.413 E.38155
G1 X32.133 Y38.597 E.03843
G1 X37.867 Y32.863 E.38155
G1 X37.867 Y32.047 E.03843
G1 X32.133 Y37.78 E.38155
G1 X32.133 Y36.963 E.03843
G1 X37.867 Y31.23 E.38155
G1 X37.867 Y30.413 E.03843
G1 X32.133 Y36.147 E.38155
G1 X32.133 Y35.33 E.03843
M73 P13 R20
G1 X37.867 Y29.597 E.38155
G1 X37.867 Y28.78 E.03843
G1 X32.133 Y34.513 E.38155
G1 X32.133 Y33.696 E.03843
G1 X37.867 Y27.963 E.38155
G1 X37.867 Y27.146 E.03843
G1 X32.133 Y32.88 E.38155
G1 X32.133 Y32.063 E.03843
G1 X37.867 Y26.33 E.38155
G1 X37.867 Y25.513 E.03843
G1 X32.133 Y31.246 E.38155
G1 X32.133 Y30.43 E.03843
G1 X37.867 Y24.696 E.38155
G1 X37.867 Y23.88 E.03843
G1 X32.133 Y29.613 E.38155
G1 X32.133 Y28.796 E.03843
G1 X37.867 Y23.063 E.38155
G1 X37.867 Y22.246 E.03843
G1 X32.133 Y27.98 E.38155
G1 X32.133 Y27.163 E.03843
G1 X37.867 Y21.43 E.38155
G1 X37.867 Y20.613 E.03843
G1 X32.133 Y26.346 E.38155
G1 X32.133 Y25.53 E.03843
G1 X37.867 Y19.796 E.38155
G1 X37.867 Y18.98 E.03843
G1 X32.133 Y24.713 E.38155
G1 X32.133 Y23.896 E.03843
G1 X37.867 Y18.163 E.38155
G1 X37.867 Y17.346 E.03843
G1 X32.133 Y23.079 E.38155
G1 X32.133 Y22.263 E.03843
G1 X37.867 Y16.529 E.38155
G1 X37.867 Y15.713 E.03843
G1 X32.133 Y21.446 E.38155
G1 X32.133 Y20.629 E.03843
G1 X37.867 Y14.896 E.38155
G1 X37.867 Y14.079 E.03843
G1 X32.133 Y19.813 E.38155
G1 X32.133 Y18.996 E.03843
G1 X37.867 Y13.263 E.38155
G1 X37.867 Y12.446 E.03843
G1 X32.133 Y18.179 E.38155
G1 X32.133 Y17.363 E.03843
G1 X37.867 Y11.629 E.38155
G1 X37.867 Y10.813 E.03843
G1 X32.133 Y16.546 E.38155
G1 X32.133 Y15.729 E.03843
G1 X37.867 Y9.996 E.38155
G1 X37.867 Y9.179 E.03843
G1 X32.133 Y14.913 E.38155
G1 X32.133 Y14.096 E.03843
G1 X37.867 Y8.363 E.38155
G1 X37.867 Y7.546 E.03843
G1 X32.133 Y13.279 E.38155
G1 X32.133 Y12.462 E.03843
G1 X37.867 Y6.729 E.38155
G1 X37.867 Y5.912 E.03843
G1 X32.133 Y11.646 E.38155
G1 X32.133 Y10.829 E.03843
G1 X37.867 Y5.096 E.38155
G1 X37.867 Y4.279 E.03843
G1 X32.133 Y10.012 E.38155
G1 X32.133 Y9.196 E.03843
G1 X37.867 Y3.462 E.38155
G1 X37.867 Y2.646 E.03843
G1 X32.133 Y8.379 E.38155
G1 X32.133 Y7.562 E.03843
G1 X37.867 Y1.829 E.38155
G1 X37.867 Y1.012 E.03843
G1 X32.133 Y6.746 E.38155
G1 X32.133 Y5.929 E.03843
G1 X37.867 Y.196 E.38155
G1 X37.867 Y-.621 E.03843
G1 X32.133 Y5.112 E.38155
G1 X32.133 Y4.296 E.03843
G1 X37.867 Y-1.438 E.38155
G1 X37.867 Y-2.254 E.03843
G1 X32.133 Y3.479 E.38155
G1 X32.133 Y2.662 E.03843
G1 X37.867 Y-3.071 E.38155
G1 X37.867 Y-3.888 E.03843
G1 X32.133 Y1.845 E.38155
G1 X32.133 Y1.029 E.03843
G1 X37.867 Y-4.705 E.38155
G1 X37.867 Y-5.521 E.03843
G1 X32.133 Y.212 E.38155
G1 X32.133 Y-.605 E.03843
G1 X37.867 Y-6.338 E.38155
G1 X37.867 Y-7.155 E.03843
G1 X32.133 Y-1.421 E.38155
G1 X32.133 Y-2.238 E.03843
G1 X37.867 Y-7.971 E.38155
G1 X37.867 Y-8.788 E.03843
G1 X32.133 Y-3.055 E.38155
G1 X32.133 Y-3.871 E.03843
G1 X37.867 Y-9.605 E.38155
G1 X37.867 Y-10.421 E.03843
G1 X32.133 Y-4.688 E.38155
G1 X32.133 Y-5.505 E.03843
G1 X37.867 Y-11.238 E.38155
G1 X37.867 Y-12.055 E.03843
G1 X32.133 Y-6.321 E.38155
G1 X32.133 Y-7.138 E.03843
G1 X37.867 Y-12.871 E.38155
G1 X37.867 Y-13.688 E.03843
G1 X32.133 Y-7.955 E.38155
G1 X32.133 Y-8.772 E.03843
G1 X37.867 Y-14.505 E.38155
G1 X37.867 Y-15.322 E.03843
G1 X32.133 Y-9.588 E.38155
G1 X32.133 Y-10.405 E.03843
G1 X37.867 Y-16.138 E.38155
G1 X37.867 Y-16.955 E.03843
G1 X32.133 Y-11.222 E.38155
G1 X32.133 Y-12.038 E.03843
G1 X37.867 Y-17.772 E.38155
G1 X37.867 Y-18.588 E.03843
G1 X32.133 Y-12.855 E.38155
G1 X32.133 Y-13.672 E.03843
G1 X37.867 Y-19.405 E.38155
G1 X37.867 Y-20.222 E.03843
G1 X32.133 Y-14.488 E.38155
G1 X32.133 Y-15.305 E.03843
G1 X37.867 Y-21.038 E.38155
G1 X37.867 Y-21.855 E.03843
G1 X32.133 Y-16.122 E.38155
G1 X32.133 Y-16.938 E.03843
G1 X37.867 Y-22.672 E.38155
G1 X37.867 Y-23.488 E.03843
G1 X32.133 Y-17.755 E.38155
G1 X32.133 Y-18.572 E.03843
G1 X37.867 Y-24.305 E.38155
G1 X37.867 Y-25.122 E.03843
G1 X32.133 Y-19.389 E.38155
G1 X32.133 Y-20.205 E.03843
G1 X37.867 Y-25.939 E.38155
G1 X37.867 Y-26.755 E.03843
G1 X32.133 Y-21.022 E.38155
G1 X32.133 Y-21.839 E.03843
G1 X37.867 Y-27.572 E.38155
G1 X37.867 Y-28.389 E.03843
G1 X32.133 Y-22.655 E.38155
G1 X32.133 Y-23.472 E.03843
G1 X37.867 Y-29.205 E.38155
G1 X37.867 Y-30.022 E.03843
G1 X32.133 Y-24.289 E.38155
G1 X32.133 Y-25.105 E.03843
G1 X37.867 Y-30.839 E.38155
G1 X37.867 Y-31.655 E.03843
G1 X32.133 Y-25.922 E.38155
G1 X32.133 Y-26.739 E.03843
G1 X37.867 Y-32.472 E.38155
G1 X37.867 Y-33.289 E.03843
G1 X32.133 Y-27.555 E.38155
G1 X32.133 Y-28.372 E.03843
G1 X37.867 Y-34.105 E.38155
G1 X37.867 Y-34.922 E.03843
G1 X32.133 Y-29.189 E.38155
G1 X32.133 Y-30.006 E.03843
G1 X37.867 Y-35.739 E.38155
G1 X37.867 Y-36.556 E.03843
G1 X32.133 Y-30.822 E.38155
G1 X32.133 Y-31.639 E.03843
G1 X37.867 Y-37.372 E.38155
G1 X37.867 Y-38.189 E.03843
G1 X32.133 Y-32.456 E.38155
G1 X32.133 Y-33.272 E.03843
G1 X37.867 Y-39.006 E.38155
G1 X37.867 Y-39.822 E.03843
G1 X32.133 Y-34.089 E.38155
G1 X32.133 Y-34.906 E.03843
G1 X37.867 Y-40.639 E.38155
G1 X37.867 Y-41.456 E.03843
G1 X32.133 Y-35.722 E.38155
G1 X32.133 Y-36.539 E.03843
G1 X37.867 Y-42.272 E.38155
G1 X37.867 Y-43.089 E.03843
G1 X32.133 Y-37.356 E.38155
G1 X32.133 Y-38.172 E.03843
G1 X37.867 Y-43.906 E.38155
G1 X37.867 Y-44.723 E.03843
G1 X32.133 Y-38.989 E.38155
G1 X32.133 Y-39.806 E.03843
G1 X37.867 Y-45.539 E.38155
G1 X37.867 Y-46.356 E.03843
G1 X32.133 Y-40.623 E.38155
G1 X32.133 Y-41.439 E.03843
G1 X37.867 Y-47.173 E.38155
G1 X37.867 Y-47.989 E.03843
G1 X32.133 Y-42.256 E.38155
G1 X32.133 Y-43.073 E.03843
G1 X37.867 Y-48.806 E.38155
G1 X37.867 Y-49.623 E.03843
G1 X32.133 Y-43.889 E.38155
G1 X32.133 Y-44.706 E.03843
G1 X37.867 Y-50.439 E.38155
G1 X37.867 Y-51.256 E.03843
G1 X32.133 Y-45.523 E.38155
G1 X32.133 Y-46.339 E.03843
G1 X37.867 Y-52.073 E.38155
G1 X37.867 Y-52.889 E.03843
G1 X32.133 Y-47.156 E.38155
G1 X32.133 Y-47.973 E.03843
G1 X37.867 Y-53.706 E.38155
G1 X37.867 Y-54.523 E.03843
G1 X32.133 Y-48.789 E.38155
G1 X32.133 Y-49.606 E.03843
G1 X37.867 Y-55.34 E.38155
G1 X37.867 Y-56.156 E.03843
G1 X32.133 Y-50.423 E.38155
G1 X32.133 Y-51.24 E.03843
G1 X37.867 Y-56.973 E.38155
G1 X37.867 Y-57.79 E.03843
G1 X32.133 Y-52.056 E.38155
G1 X32.133 Y-52.873 E.03843
G1 X37.867 Y-58.606 E.38155
G1 X37.867 Y-59.423 E.03843
G1 X32.133 Y-53.69 E.38155
G1 X32.133 Y-54.506 E.03843
G1 X37.867 Y-60.24 E.38155
G1 X37.867 Y-61.056 E.03843
G1 X32.133 Y-55.323 E.38155
G1 X32.133 Y-56.14 E.03843
G1 X37.867 Y-61.873 E.38155
G1 X37.867 Y-62.69 E.03843
G1 X32.133 Y-56.956 E.38155
G1 X32.133 Y-57.773 E.03843
G1 X37.867 Y-63.506 E.38155
G1 X37.867 Y-64.323 E.03843
G1 X32.133 Y-58.59 E.38155
G1 X32.133 Y-59.406 E.03843
G1 X37.867 Y-65.14 E.38155
G1 X37.867 Y-65.957 E.03843
G1 X32.133 Y-60.223 E.38155
G1 X32.133 Y-61.04 E.03843
G1 X37.867 Y-66.773 E.38155
G1 X37.867 Y-67.59 E.03843
G1 X32.133 Y-61.857 E.38155
G1 X32.133 Y-62.673 E.03843
G1 X37.867 Y-68.407 E.38155
G1 X37.867 Y-69.223 E.03843
G1 X32.133 Y-63.49 E.38155
G1 X32.133 Y-64.307 E.03843
G1 X37.867 Y-70.04 E.38155
G1 X37.867 Y-70.857 E.03843
G1 X32.133 Y-65.123 E.38155
G1 X32.133 Y-65.94 E.03843
G1 X37.867 Y-71.673 E.38155
G1 X37.867 Y-72.49 E.03843
G1 X32.133 Y-66.757 E.38155
G1 X32.133 Y-67.573 E.03843
G1 X37.867 Y-73.307 E.38155
G1 X37.867 Y-74.123 E.03843
G1 X32.133 Y-68.39 E.38155
G1 X32.133 Y-69.207 E.03843
G1 X37.867 Y-74.94 E.38155
G1 X37.867 Y-75.757 E.03843
G1 X32.133 Y-70.023 E.38155
G1 X32.133 Y-70.84 E.03843
G1 X37.867 Y-76.574 E.38155
G1 X37.867 Y-77.39 E.03843
G1 X32.133 Y-71.657 E.38155
G1 X32.133 Y-72.474 E.03843
G1 X37.426 Y-77.767 E.35226
G1 X36.61 Y-77.767 E.03843
G1 X32.133 Y-73.29 E.29791
G1 X32.133 Y-74.107 E.03843
G1 X35.793 Y-77.767 E.24356
G1 X34.976 Y-77.767 E.03843
G1 X32.133 Y-74.924 E.1892
G1 X32.133 Y-75.74 E.03843
G1 X34.16 Y-77.767 E.13485
G1 X33.343 Y-77.767 E.03843
G1 X32.133 Y-76.557 E.0805
G1 X32.133 Y-77.374 E.03843
G1 X32.786 Y-78.026 E.04343
SET_VELOCITY_LIMIT ACCEL=10000
G1 E-1.2 F2100
;WIPE_START
G1 F9000
G1 X32.133 Y-77.374
G1 X32.133 Y-76.557
G1 X32.317 Y-76.741
;WIPE_END
G1 X32.24 Y-69.109 Z.8 F30000
G1 X30.807 Y71.774 Z.8
G1 Z.4
G1 E1.2 F2100
SET_VELOCITY_LIMIT ACCEL=7000
G1 F9000
G1 X24.814 Y77.767 E.39884
G1 X23.998 Y77.767 E.03843
G1 X29.731 Y72.033 E.38156
G1 X28.914 Y72.033 E.03843
G1 X23.181 Y77.767 E.38156
G1 X22.364 Y77.767 E.03843
G1 X28.098 Y72.033 E.38156
G1 X27.281 Y72.033 E.03843
G1 X21.548 Y77.767 E.38156
G1 X20.731 Y77.767 E.03843
G1 X26.464 Y72.033 E.38156
G1 X25.647 Y72.033 E.03843
G1 X19.914 Y77.767 E.38156
G1 X19.097 Y77.767 E.03843
G1 X24.831 Y72.033 E.38156
G1 X24.014 Y72.033 E.03843
G1 X18.281 Y77.767 E.38156
G1 X17.464 Y77.767 E.03843
G1 X23.197 Y72.033 E.38156
G1 X22.381 Y72.033 E.03843
G1 X16.647 Y77.767 E.38156
G1 X15.831 Y77.767 E.03843
G1 X21.564 Y72.033 E.38156
G1 X20.747 Y72.033 E.03843
G1 X15.014 Y77.767 E.38156
G1 X14.197 Y77.767 E.03843
M73 P14 R20
G1 X19.931 Y72.033 E.38156
G1 X19.114 Y72.033 E.03843
G1 X13.381 Y77.767 E.38156
G1 X12.564 Y77.767 E.03843
G1 X18.297 Y72.033 E.38156
G1 X17.481 Y72.033 E.03843
G1 X11.747 Y77.767 E.38156
G1 X10.931 Y77.767 E.03843
G1 X16.664 Y72.033 E.38156
G1 X15.847 Y72.033 E.03843
G1 X10.114 Y77.767 E.38156
G1 X9.297 Y77.767 E.03843
G1 X15.03 Y72.033 E.38156
G1 X14.214 Y72.033 E.03843
G1 X8.48 Y77.767 E.38156
G1 X7.664 Y77.767 E.03843
G1 X13.397 Y72.033 E.38156
G1 X12.58 Y72.033 E.03843
G1 X6.847 Y77.767 E.38156
G1 X6.03 Y77.767 E.03843
G1 X11.764 Y72.033 E.38156
G1 X10.947 Y72.033 E.03843
G1 X5.214 Y77.767 E.38156
G1 X4.397 Y77.767 E.03843
G1 X10.13 Y72.033 E.38156
G1 X9.314 Y72.033 E.03843
G1 X3.58 Y77.767 E.38156
G1 X2.764 Y77.767 E.03843
G1 X8.497 Y72.033 E.38156
G1 X7.68 Y72.033 E.03843
G1 X1.947 Y77.767 E.38156
G1 X1.13 Y77.767 E.03843
G1 X6.864 Y72.033 E.38156
G1 X6.047 Y72.033 E.03843
G1 X.314 Y77.767 E.38156
G1 X-.503 Y77.767 E.03843
G1 X5.23 Y72.033 E.38156
G1 X4.413 Y72.033 E.03843
G1 X-1.32 Y77.767 E.38156
G1 X-2.137 Y77.767 E.03843
G1 X3.597 Y72.033 E.38156
G1 X2.78 Y72.033 E.03843
G1 X-2.953 Y77.767 E.38156
G1 X-3.77 Y77.767 E.03843
G1 X1.963 Y72.033 E.38156
G1 X1.147 Y72.033 E.03843
G1 X-4.587 Y77.767 E.38156
G1 X-5.403 Y77.767 E.03843
G1 X.33 Y72.033 E.38156
G1 X-.487 Y72.033 E.03843
G1 X-6.22 Y77.767 E.38156
G1 X-7.037 Y77.767 E.03843
G1 X-1.303 Y72.033 E.38156
G1 X-2.12 Y72.033 E.03843
G1 X-7.853 Y77.767 E.38156
G1 X-8.67 Y77.767 E.03843
G1 X-2.937 Y72.033 E.38156
G1 X-3.753 Y72.033 E.03843
G1 X-9.487 Y77.767 E.38156
G1 X-10.303 Y77.767 E.03843
G1 X-4.57 Y72.033 E.38156
G1 X-5.387 Y72.033 E.03843
G1 X-11.12 Y77.767 E.38156
G1 X-11.937 Y77.767 E.03843
G1 X-6.204 Y72.033 E.38156
G1 X-7.02 Y72.033 E.03843
G1 X-12.754 Y77.767 E.38156
G1 X-13.57 Y77.767 E.03843
G1 X-7.837 Y72.033 E.38156
G1 X-8.654 Y72.033 E.03843
G1 X-14.387 Y77.767 E.38156
G1 X-15.204 Y77.767 E.03843
G1 X-9.47 Y72.033 E.38156
G1 X-10.287 Y72.033 E.03843
G1 X-16.02 Y77.767 E.38156
G1 X-16.837 Y77.767 E.03843
G1 X-11.104 Y72.033 E.38156
G1 X-11.92 Y72.033 E.03843
G1 X-17.654 Y77.767 E.38156
G1 X-18.47 Y77.767 E.03843
G1 X-12.737 Y72.033 E.38156
G1 X-13.554 Y72.033 E.03843
G1 X-19.287 Y77.767 E.38156
G1 X-20.104 Y77.767 E.03843
G1 X-14.37 Y72.033 E.38156
G1 X-15.187 Y72.033 E.03843
G1 X-20.92 Y77.767 E.38156
G1 X-21.737 Y77.767 E.03843
G1 X-16.004 Y72.033 E.38156
G1 X-16.821 Y72.033 E.03843
G1 X-22.554 Y77.767 E.38156
G1 X-23.371 Y77.767 E.03843
G1 X-17.637 Y72.033 E.38156
G1 X-18.454 Y72.033 E.03843
G1 X-24.187 Y77.767 E.38156
G1 X-25.004 Y77.767 E.03843
G1 X-19.271 Y72.033 E.38156
G1 X-20.087 Y72.033 E.03843
G1 X-25.821 Y77.767 E.38156
G1 X-26.637 Y77.767 E.03843
G1 X-20.904 Y72.033 E.38156
G1 X-21.721 Y72.033 E.03843
G1 X-27.454 Y77.767 E.38156
G1 X-28.271 Y77.767 E.03843
G1 X-22.537 Y72.033 E.38156
G1 X-23.354 Y72.033 E.03843
G1 X-29.087 Y77.767 E.38156
G1 X-29.904 Y77.767 E.03843
G1 X-24.171 Y72.033 E.38156
G1 X-24.987 Y72.033 E.03843
G1 X-30.721 Y77.767 E.38156
G1 X-31.538 Y77.767 E.03843
G1 X-25.804 Y72.033 E.38156
G1 X-26.621 Y72.033 E.03843
G1 X-32.354 Y77.767 E.38156
G1 X-33.171 Y77.767 E.03843
G1 X-27.438 Y72.033 E.38156
G1 X-28.254 Y72.033 E.03843
G1 X-33.988 Y77.767 E.38156
G1 X-34.804 Y77.767 E.03843
G1 X-29.071 Y72.033 E.38156
G1 X-29.888 Y72.033 E.03843
G1 X-35.621 Y77.767 E.38156
G1 X-36.438 Y77.767 E.03843
G1 X-30.704 Y72.033 E.38156
G1 X-31.521 Y72.033 E.03843
G1 X-37.254 Y77.767 E.38156
G1 X-37.867 Y77.767 E.02881
G1 X-37.867 Y77.562 E.00962
G1 X-32.133 Y71.829 E.38155
G1 X-32.133 Y71.012 E.03843
G1 X-37.867 Y76.746 E.38155
G1 X-37.867 Y75.929 E.03843
G1 X-32.133 Y70.196 E.38155
G1 X-32.133 Y69.379 E.03843
G1 X-37.867 Y75.112 E.38155
G1 X-37.867 Y74.296 E.03843
G1 X-32.133 Y68.562 E.38155
G1 X-32.133 Y67.745 E.03843
G1 X-37.867 Y73.479 E.38155
G1 X-37.867 Y72.662 E.03843
G1 X-32.133 Y66.929 E.38155
G1 X-32.133 Y66.112 E.03843
G1 X-37.867 Y71.845 E.38155
G1 X-37.867 Y71.029 E.03843
G1 X-32.133 Y65.295 E.38155
G1 X-32.133 Y64.479 E.03843
G1 X-37.867 Y70.212 E.38155
G1 X-37.867 Y69.395 E.03843
G1 X-32.133 Y63.662 E.38155
G1 X-32.133 Y62.845 E.03843
G1 X-37.867 Y68.579 E.38155
G1 X-37.867 Y67.762 E.03843
G1 X-32.133 Y62.029 E.38155
G1 X-32.133 Y61.212 E.03843
G1 X-37.867 Y66.945 E.38155
G1 X-37.867 Y66.129 E.03843
G1 X-32.133 Y60.395 E.38155
G1 X-32.133 Y59.579 E.03843
G1 X-37.867 Y65.312 E.38155
G1 X-37.867 Y64.495 E.03843
G1 X-32.133 Y58.762 E.38155
G1 X-32.133 Y57.945 E.03843
G1 X-37.867 Y63.679 E.38155
G1 X-37.867 Y62.862 E.03843
G1 X-32.133 Y57.128 E.38155
G1 X-32.133 Y56.312 E.03843
G1 X-37.867 Y62.045 E.38155
G1 X-37.867 Y61.228 E.03843
G1 X-32.133 Y55.495 E.38155
G1 X-32.133 Y54.678 E.03843
G1 X-37.867 Y60.412 E.38155
G1 X-37.867 Y59.595 E.03843
G1 X-32.133 Y53.862 E.38155
G1 X-32.133 Y53.045 E.03843
G1 X-37.867 Y58.778 E.38155
G1 X-37.867 Y57.962 E.03843
G1 X-32.133 Y52.228 E.38155
G1 X-32.133 Y51.412 E.03843
G1 X-37.867 Y57.145 E.38155
G1 X-37.867 Y56.328 E.03843
G1 X-32.133 Y50.595 E.38155
G1 X-32.133 Y49.778 E.03843
G1 X-37.867 Y55.512 E.38155
G1 X-37.867 Y54.695 E.03843
G1 X-32.133 Y48.962 E.38155
G1 X-32.133 Y48.145 E.03843
G1 X-37.867 Y53.878 E.38155
G1 X-37.867 Y53.062 E.03843
G1 X-32.133 Y47.328 E.38155
G1 X-32.133 Y46.511 E.03843
G1 X-37.867 Y52.245 E.38155
G1 X-37.867 Y51.428 E.03843
G1 X-32.133 Y45.695 E.38155
G1 X-32.133 Y44.878 E.03843
G1 X-37.867 Y50.611 E.38155
G1 X-37.867 Y49.795 E.03843
G1 X-32.133 Y44.061 E.38155
G1 X-32.133 Y43.245 E.03843
G1 X-37.867 Y48.978 E.38155
G1 X-37.867 Y48.161 E.03843
G1 X-32.133 Y42.428 E.38155
G1 X-32.133 Y41.611 E.03843
G1 X-37.867 Y47.345 E.38155
G1 X-37.867 Y46.528 E.03843
G1 X-32.133 Y40.795 E.38155
G1 X-32.133 Y39.978 E.03843
G1 X-37.867 Y45.711 E.38155
G1 X-37.867 Y44.895 E.03843
G1 X-32.133 Y39.161 E.38155
G1 X-32.133 Y38.345 E.03843
G1 X-37.867 Y44.078 E.38155
G1 X-37.867 Y43.261 E.03843
G1 X-32.133 Y37.528 E.38155
G1 X-32.133 Y36.711 E.03843
G1 X-37.867 Y42.445 E.38155
G1 X-37.867 Y41.628 E.03843
G1 X-32.133 Y35.894 E.38155
G1 X-32.133 Y35.078 E.03843
G1 X-37.867 Y40.811 E.38155
G1 X-37.867 Y39.994 E.03843
G1 X-32.133 Y34.261 E.38155
G1 X-32.133 Y33.444 E.03843
G1 X-37.867 Y39.178 E.38155
G1 X-37.867 Y38.361 E.03843
G1 X-32.133 Y32.628 E.38155
G1 X-32.133 Y31.811 E.03843
G1 X-37.867 Y37.544 E.38155
G1 X-37.867 Y36.728 E.03843
G1 X-32.133 Y30.994 E.38155
G1 X-32.133 Y30.178 E.03843
G1 X-37.867 Y35.911 E.38155
G1 X-37.867 Y35.094 E.03843
G1 X-32.133 Y29.361 E.38155
G1 X-32.133 Y28.544 E.03843
G1 X-37.867 Y34.278 E.38155
G1 X-37.867 Y33.461 E.03843
G1 X-32.133 Y27.728 E.38155
G1 X-32.133 Y26.911 E.03843
G1 X-37.867 Y32.644 E.38155
G1 X-37.867 Y31.828 E.03843
G1 X-32.133 Y26.094 E.38155
G1 X-32.133 Y25.277 E.03843
G1 X-37.867 Y31.011 E.38155
G1 X-37.867 Y30.194 E.03843
G1 X-32.133 Y24.461 E.38155
G1 X-32.133 Y23.644 E.03843
G1 X-37.867 Y29.377 E.38155
G1 X-37.867 Y28.561 E.03843
G1 X-32.133 Y22.827 E.38155
G1 X-32.133 Y22.011 E.03843
G1 X-37.867 Y27.744 E.38155
G1 X-37.867 Y26.927 E.03843
G1 X-32.133 Y21.194 E.38155
G1 X-32.133 Y20.377 E.03843
G1 X-37.867 Y26.111 E.38155
G1 X-37.867 Y25.294 E.03843
G1 X-32.133 Y19.561 E.38155
G1 X-32.133 Y18.744 E.03843
G1 X-37.867 Y24.477 E.38155
G1 X-37.867 Y23.661 E.03843
G1 X-32.133 Y17.927 E.38155
G1 X-32.133 Y17.111 E.03843
G1 X-37.867 Y22.844 E.38155
G1 X-37.867 Y22.027 E.03843
G1 X-32.133 Y16.294 E.38155
G1 X-32.133 Y15.477 E.03843
G1 X-37.867 Y21.211 E.38155
G1 X-37.867 Y20.394 E.03843
G1 X-32.133 Y14.66 E.38155
G1 X-32.133 Y13.844 E.03843
G1 X-37.867 Y19.577 E.38155
G1 X-37.867 Y18.76 E.03843
G1 X-32.133 Y13.027 E.38155
G1 X-32.133 Y12.21 E.03843
G1 X-37.867 Y17.944 E.38155
G1 X-37.867 Y17.127 E.03843
G1 X-32.133 Y11.394 E.38155
G1 X-32.133 Y10.577 E.03843
G1 X-37.867 Y16.31 E.38155
G1 X-37.867 Y15.494 E.03843
G1 X-32.133 Y9.76 E.38155
G1 X-32.133 Y8.944 E.03843
G1 X-37.867 Y14.677 E.38155
G1 X-37.867 Y13.86 E.03843
G1 X-32.133 Y8.127 E.38155
G1 X-32.133 Y7.31 E.03843
G1 X-37.867 Y13.044 E.38155
G1 X-37.867 Y12.227 E.03843
G1 X-32.133 Y6.494 E.38155
G1 X-32.133 Y5.677 E.03843
G1 X-37.867 Y11.41 E.38155
G1 X-37.867 Y10.594 E.03843
G1 X-32.133 Y4.86 E.38155
G1 X-32.133 Y4.043 E.03843
G1 X-37.867 Y9.777 E.38155
G1 X-37.867 Y8.96 E.03843
G1 X-32.133 Y3.227 E.38155
G1 X-32.133 Y2.41 E.03843
G1 X-37.867 Y8.143 E.38155
G1 X-37.867 Y7.327 E.03843
G1 X-32.133 Y1.593 E.38155
G1 X-32.133 Y.777 E.03843
G1 X-37.867 Y6.51 E.38155
G1 X-37.867 Y5.693 E.03843
G1 X-32.133 Y-.04 E.38155
G1 X-32.133 Y-.857 E.03843
G1 X-37.867 Y4.877 E.38155
G1 X-37.867 Y4.06 E.03843
G1 X-32.133 Y-1.673 E.38155
G1 X-32.133 Y-2.49 E.03843
G1 X-37.867 Y3.243 E.38155
M73 P15 R20
G1 X-37.867 Y2.427 E.03843
G1 X-32.133 Y-3.307 E.38155
G1 X-32.133 Y-4.123 E.03843
G1 X-37.867 Y1.61 E.38155
G1 X-37.867 Y.793 E.03843
G1 X-32.133 Y-4.94 E.38155
G1 X-32.133 Y-5.757 E.03843
G1 X-37.867 Y-.023 E.38155
G1 X-37.867 Y-.84 E.03843
G1 X-32.133 Y-6.574 E.38155
G1 X-32.133 Y-7.39 E.03843
G1 X-37.867 Y-1.657 E.38155
G1 X-37.867 Y-2.474 E.03843
G1 X-32.133 Y-8.207 E.38155
G1 X-32.133 Y-9.024 E.03843
G1 X-37.867 Y-3.29 E.38155
G1 X-37.867 Y-4.107 E.03843
G1 X-32.133 Y-9.84 E.38155
G1 X-32.133 Y-10.657 E.03843
G1 X-37.867 Y-4.924 E.38155
G1 X-37.867 Y-5.74 E.03843
G1 X-32.133 Y-11.474 E.38155
G1 X-32.133 Y-12.29 E.03843
G1 X-37.867 Y-6.557 E.38155
G1 X-37.867 Y-7.374 E.03843
G1 X-32.133 Y-13.107 E.38155
G1 X-32.133 Y-13.924 E.03843
G1 X-37.867 Y-8.19 E.38155
G1 X-37.867 Y-9.007 E.03843
G1 X-32.133 Y-14.74 E.38155
G1 X-32.133 Y-15.557 E.03843
G1 X-37.867 Y-9.824 E.38155
G1 X-37.867 Y-10.641 E.03843
G1 X-32.133 Y-16.374 E.38155
G1 X-32.133 Y-17.191 E.03843
G1 X-37.867 Y-11.457 E.38155
G1 X-37.867 Y-12.274 E.03843
G1 X-32.133 Y-18.007 E.38155
G1 X-32.133 Y-18.824 E.03843
G1 X-37.867 Y-13.091 E.38155
G1 X-37.867 Y-13.907 E.03843
G1 X-32.133 Y-19.641 E.38155
G1 X-32.133 Y-20.457 E.03843
G1 X-37.867 Y-14.724 E.38155
G1 X-37.867 Y-15.541 E.03843
G1 X-32.133 Y-21.274 E.38155
G1 X-32.133 Y-22.091 E.03843
G1 X-37.867 Y-16.357 E.38155
G1 X-37.867 Y-17.174 E.03843
G1 X-32.133 Y-22.907 E.38155
G1 X-32.133 Y-23.724 E.03843
G1 X-37.867 Y-17.991 E.38155
G1 X-37.867 Y-18.807 E.03843
G1 X-32.133 Y-24.541 E.38155
G1 X-32.133 Y-25.357 E.03843
G1 X-37.867 Y-19.624 E.38155
G1 X-37.867 Y-20.441 E.03843
G1 X-32.133 Y-26.174 E.38155
G1 X-32.133 Y-26.991 E.03843
G1 X-37.867 Y-21.258 E.38155
G1 X-37.867 Y-22.074 E.03843
G1 X-32.133 Y-27.808 E.38155
G1 X-32.133 Y-28.624 E.03843
G1 X-37.867 Y-22.891 E.38155
G1 X-37.867 Y-23.708 E.03843
G1 X-32.133 Y-29.441 E.38155
G1 X-32.133 Y-30.258 E.03843
G1 X-37.867 Y-24.524 E.38155
G1 X-37.867 Y-25.341 E.03843
G1 X-32.133 Y-31.074 E.38155
G1 X-32.133 Y-31.891 E.03843
G1 X-37.867 Y-26.158 E.38155
G1 X-37.867 Y-26.974 E.03843
G1 X-32.133 Y-32.708 E.38155
G1 X-32.133 Y-33.524 E.03843
G1 X-37.867 Y-27.791 E.38155
G1 X-37.867 Y-28.608 E.03843
G1 X-32.133 Y-34.341 E.38155
G1 X-32.133 Y-35.158 E.03843
G1 X-37.867 Y-29.424 E.38155
G1 X-37.867 Y-30.241 E.03843
G1 X-32.133 Y-35.974 E.38155
G1 X-32.133 Y-36.791 E.03843
G1 X-37.867 Y-31.058 E.38155
G1 X-37.867 Y-31.875 E.03843
G1 X-32.133 Y-37.608 E.38155
G1 X-32.133 Y-38.425 E.03843
G1 X-37.867 Y-32.691 E.38155
G1 X-37.867 Y-33.508 E.03843
G1 X-32.133 Y-39.241 E.38155
G1 X-32.133 Y-40.058 E.03843
G1 X-37.867 Y-34.325 E.38155
G1 X-37.867 Y-35.141 E.03843
G1 X-32.133 Y-40.875 E.38155
G1 X-32.133 Y-41.691 E.03843
G1 X-37.867 Y-35.958 E.38155
G1 X-37.867 Y-36.775 E.03843
G1 X-32.133 Y-42.508 E.38155
G1 X-32.133 Y-43.325 E.03843
G1 X-37.867 Y-37.591 E.38155
G1 X-37.867 Y-38.408 E.03843
G1 X-32.133 Y-44.141 E.38155
G1 X-32.133 Y-44.958 E.03843
G1 X-37.867 Y-39.225 E.38155
G1 X-37.867 Y-40.041 E.03843
G1 X-32.133 Y-45.775 E.38155
G1 X-32.133 Y-46.591 E.03843
G1 X-37.867 Y-40.858 E.38155
G1 X-37.867 Y-41.675 E.03843
G1 X-32.133 Y-47.408 E.38155
G1 X-32.133 Y-48.225 E.03843
G1 X-37.867 Y-42.492 E.38155
G1 X-37.867 Y-43.308 E.03843
G1 X-32.133 Y-49.042 E.38155
G1 X-32.133 Y-49.858 E.03843
G1 X-37.867 Y-44.125 E.38155
G1 X-37.867 Y-44.942 E.03843
G1 X-32.133 Y-50.675 E.38155
G1 X-32.133 Y-51.492 E.03843
G1 X-37.867 Y-45.758 E.38155
G1 X-37.867 Y-46.575 E.03843
G1 X-32.133 Y-52.308 E.38155
G1 X-32.133 Y-53.125 E.03843
G1 X-37.867 Y-47.392 E.38155
G1 X-37.867 Y-48.208 E.03843
G1 X-32.133 Y-53.942 E.38155
G1 X-32.133 Y-54.758 E.03843
G1 X-37.867 Y-49.025 E.38155
G1 X-37.867 Y-49.842 E.03843
G1 X-32.133 Y-55.575 E.38155
G1 X-32.133 Y-56.392 E.03843
G1 X-37.867 Y-50.658 E.38155
G1 X-37.867 Y-51.475 E.03843
G1 X-32.133 Y-57.208 E.38155
G1 X-32.133 Y-58.025 E.03843
G1 X-37.867 Y-52.292 E.38155
G1 X-37.867 Y-53.109 E.03843
G1 X-32.133 Y-58.842 E.38155
G1 X-32.133 Y-59.659 E.03843
G1 X-37.867 Y-53.925 E.38155
G1 X-37.867 Y-54.742 E.03843
G1 X-32.133 Y-60.475 E.38155
G1 X-32.133 Y-61.292 E.03843
G1 X-37.867 Y-55.559 E.38155
G1 X-37.867 Y-56.375 E.03843
G1 X-32.133 Y-62.109 E.38155
G1 X-32.133 Y-62.925 E.03843
G1 X-37.867 Y-57.192 E.38155
G1 X-37.867 Y-58.009 E.03843
G1 X-32.133 Y-63.742 E.38155
G1 X-32.133 Y-64.559 E.03843
G1 X-37.867 Y-58.825 E.38155
G1 X-37.867 Y-59.642 E.03843
G1 X-32.133 Y-65.375 E.38155
G1 X-32.133 Y-66.192 E.03843
G1 X-37.867 Y-60.459 E.38155
G1 X-37.867 Y-61.275 E.03843
G1 X-32.133 Y-67.009 E.38155
G1 X-32.133 Y-67.825 E.03843
G1 X-37.867 Y-62.092 E.38155
G1 X-37.867 Y-62.909 E.03843
G1 X-32.133 Y-68.642 E.38155
G1 X-32.133 Y-69.459 E.03843
G1 X-37.867 Y-63.726 E.38155
G1 X-37.867 Y-64.542 E.03843
G1 X-32.133 Y-70.276 E.38155
G1 X-32.133 Y-71.092 E.03843
G1 X-37.867 Y-65.359 E.38155
G1 X-37.867 Y-66.176 E.03843
G1 X-32.133 Y-71.909 E.38155
G1 X-32.133 Y-72.726 E.03843
G1 X-37.867 Y-66.992 E.38155
G1 X-37.867 Y-67.809 E.03843
G1 X-32.133 Y-73.542 E.38155
G1 X-32.133 Y-74.359 E.03843
G1 X-37.867 Y-68.626 E.38155
G1 X-37.867 Y-69.442 E.03843
G1 X-32.133 Y-75.176 E.38155
G1 X-32.133 Y-75.992 E.03843
G1 X-37.867 Y-70.259 E.38155
G1 X-37.867 Y-71.076 E.03843
G1 X-32.133 Y-76.809 E.38155
G1 X-32.133 Y-77.626 E.03843
G1 X-37.867 Y-71.892 E.38155
G1 X-37.867 Y-72.709 E.03843
G1 X-32.809 Y-77.767 E.33658
G1 X-33.626 Y-77.767 E.03843
G1 X-37.867 Y-73.526 E.28223
G1 X-37.867 Y-74.343 E.03843
G1 X-34.443 Y-77.767 E.22788
G1 X-35.259 Y-77.767 E.03843
G1 X-37.867 Y-75.159 E.17353
G1 X-37.867 Y-75.976 E.03843
G1 X-36.076 Y-77.767 E.11918
G1 X-36.893 Y-77.767 E.03843
G1 X-38.126 Y-76.533 E.08211
SET_VELOCITY_LIMIT ACCEL=10000
G1 X-37.669 Y-77.656 F30000
SET_VELOCITY_LIMIT ACCEL=7000
;WIDTH:0.55292
G1 F9000
G1 X-37.733 Y-77.656 E.00265
G1 X-37.765 Y-77.601 E.00265
G1 X-37.733 Y-77.546 E.00265
G1 X-37.669 Y-77.546 E.00265
G1 X-37.655 Y-77.57 E.00115
;LAYER_CHANGE
;Z:0.6
;HEIGHT:0.2
;BEFORE_LAYER_CHANGE
;0.6
G1 E-1.2 F2100
;WIPE_START
G1 F9000
G1 X-37.669 Y-77.546
G1 X-37.733 Y-77.546
G1 X-37.765 Y-77.601
G1 X-37.733 Y-77.656
G1 X-37.669 Y-77.656
;WIPE_END
;AFTER_LAYER_CHANGE
;0.6
;_SET_FAN_SPEED_CHANGING_LAYER
SET_VELOCITY_LIMIT ACCEL=10000
G17
G3 Z1 I-1.216 J.053 P1  F30000
G1 X-31.21 Y71.687 Z1
G1 Z.6
G1 E1.2 F2100
SET_VELOCITY_LIMIT ACCEL=5000
;TYPE:Inner wall
;WIDTH:0.62
G1 F9000
G1 X31.787 Y71.687 E2.96242
G1 X31.787 Y-78.113 E7.0443
G1 X38.213 Y-78.113 E.30217
G1 X38.213 Y78.113 E7.34647
G1 X-38.213 Y78.113 E3.5939
G1 X-38.213 Y-78.113 E7.34647
G1 X-31.787 Y-78.113 E.30217
G1 X-31.787 Y71.687 E7.0443
G1 X-31.246 Y71.687 E.02544
M73 P16 R20
SET_VELOCITY_LIMIT ACCEL=10000
G1 X-31.21 Y71.11 F30000
SET_VELOCITY_LIMIT ACCEL=5000
;TYPE:Outer wall
G1 F7200
G1 X31.21 Y71.11 E2.93528
G1 X31.21 Y-78.69 E7.0443
G1 X38.79 Y-78.69 E.35645
G1 X38.79 Y78.69 E7.40074
G1 X-38.79 Y78.69 E3.64817
G1 X-38.79 Y-78.69 E7.40074
G1 X-31.21 Y-78.69 E.35645
G1 X-31.21 Y71.074 E7.0426
SET_VELOCITY_LIMIT ACCEL=10000
G1 E-1.2 F2100
M73 P16 R19
;WIPE_START
G1 F7200
G1 X-29.21 Y71.075
;WIPE_END
G1 X-35.272 Y75.712 Z1 F30000
G1 X-37.669 Y77.546 Z1
G1 Z.6
G1 E1.2 F2100
SET_VELOCITY_LIMIT ACCEL=7000
;TYPE:Internal solid infill
;WIDTH:0.55292
G1 F9000
G1 X-37.733 Y77.546 E.00265
G1 X-37.765 Y77.601 E.00265
G1 X-37.733 Y77.656 E.00265
G1 X-37.669 Y77.656 E.00265
G1 X-37.655 Y77.632 E.00115
SET_VELOCITY_LIMIT ACCEL=10000
G1 X-32.484 Y-77.459 F30000
SET_VELOCITY_LIMIT ACCEL=7000
;WIDTH:0.976078
G1 F8037.225
G1 X-32.601 Y-77.459 E.00887
G1 X-32.659 Y-77.358 E.00887
G1 X-32.601 Y-77.257 E.00887
G1 X-32.484 Y-77.257 E.00887
G1 X-32.444 Y-77.327 E.00613
SET_VELOCITY_LIMIT ACCEL=10000
G1 E-1.2 F2100
;WIPE_START
G1 F8037.225
G1 X-32.484 Y-77.257
G1 X-32.601 Y-77.257
G1 X-32.659 Y-77.358
G1 X-32.601 Y-77.459
G1 X-32.484 Y-77.459
;WIPE_END
G1 X-24.851 Y-77.463 Z1 F30000
G1 X37.564 Y-77.501 Z1
G1 Z.6
G1 E1.2 F2100
SET_VELOCITY_LIMIT ACCEL=7000
;WIDTH:0.867292
G1 F9000
G1 X37.461 Y-77.501 E.00692
G1 X37.409 Y-77.412 E.00692
G1 X37.461 Y-77.323 E.00692
G1 X37.564 Y-77.323 E.00692
G1 X37.597 Y-77.381 E.0045
SET_VELOCITY_LIMIT ACCEL=10000
G1 X38.126 Y-75.888 F30000
SET_VELOCITY_LIMIT ACCEL=7000
;WIDTH:0.620409
G1 F9000
G1 X36.248 Y-77.767 E.125
G1 X35.431 Y-77.767 E.03843
G1 X37.867 Y-75.331 E.16207
G1 X37.867 Y-74.515 E.03843
G1 X34.615 Y-77.767 E.21642
G1 X33.798 Y-77.767 E.03843
G1 X37.867 Y-73.698 E.27078
G1 X37.867 Y-72.881 E.03843
G1 X32.981 Y-77.767 E.32513
G1 X32.165 Y-77.767 E.03843
G1 X37.867 Y-72.065 E.37948
G1 X37.867 Y-71.248 E.03843
G1 X32.133 Y-76.981 E.38155
G1 X32.133 Y-76.165 E.03843
G1 X37.867 Y-70.431 E.38155
G1 X37.867 Y-69.614 E.03843
G1 X32.133 Y-75.348 E.38155
G1 X32.133 Y-74.531 E.03843
G1 X37.867 Y-68.798 E.38155
G1 X37.867 Y-67.981 E.03843
G1 X32.133 Y-73.714 E.38155
G1 X32.133 Y-72.898 E.03843
G1 X37.867 Y-67.164 E.38155
G1 X37.867 Y-66.348 E.03843
G1 X32.133 Y-72.081 E.38155
G1 X32.133 Y-71.264 E.03843
G1 X37.867 Y-65.531 E.38155
G1 X37.867 Y-64.714 E.03843
G1 X32.133 Y-70.448 E.38155
G1 X32.133 Y-69.631 E.03843
G1 X37.867 Y-63.898 E.38155
G1 X37.867 Y-63.081 E.03843
G1 X32.133 Y-68.814 E.38155
G1 X32.133 Y-67.998 E.03843
G1 X37.867 Y-62.264 E.38155
G1 X37.867 Y-61.448 E.03843
G1 X32.133 Y-67.181 E.38155
G1 X32.133 Y-66.364 E.03843
G1 X37.867 Y-60.631 E.38155
G1 X37.867 Y-59.814 E.03843
G1 X32.133 Y-65.548 E.38155
G1 X32.133 Y-64.731 E.03843
G1 X37.867 Y-58.997 E.38155
G1 X37.867 Y-58.181 E.03843
G1 X32.133 Y-63.914 E.38155
G1 X32.133 Y-63.097 E.03843
G1 X37.867 Y-57.364 E.38155
G1 X37.867 Y-56.547 E.03843
G1 X32.133 Y-62.281 E.38155
G1 X32.133 Y-61.464 E.03843
G1 X37.867 Y-55.731 E.38155
G1 X37.867 Y-54.914 E.03843
G1 X32.133 Y-60.647 E.38155
G1 X32.133 Y-59.831 E.03843
G1 X37.867 Y-54.097 E.38155
G1 X37.867 Y-53.281 E.03843
G1 X32.133 Y-59.014 E.38155
G1 X32.133 Y-58.197 E.03843
G1 X37.867 Y-52.464 E.38155
G1 X37.867 Y-51.647 E.03843
G1 X32.133 Y-57.381 E.38155
G1 X32.133 Y-56.564 E.03843
G1 X37.867 Y-50.831 E.38155
G1 X37.867 Y-50.014 E.03843
G1 X32.133 Y-55.747 E.38155
G1 X32.133 Y-54.93 E.03843
G1 X37.867 Y-49.197 E.38155
G1 X37.867 Y-48.38 E.03843
G1 X32.133 Y-54.114 E.38155
G1 X32.133 Y-53.297 E.03843
G1 X37.867 Y-47.564 E.38155
G1 X37.867 Y-46.747 E.03843
G1 X32.133 Y-52.48 E.38155
G1 X32.133 Y-51.664 E.03843
G1 X37.867 Y-45.93 E.38155
G1 X37.867 Y-45.114 E.03843
G1 X32.133 Y-50.847 E.38155
G1 X32.133 Y-50.03 E.03843
G1 X37.867 Y-44.297 E.38155
G1 X37.867 Y-43.48 E.03843
G1 X32.133 Y-49.214 E.38155
G1 X32.133 Y-48.397 E.03843
G1 X37.867 Y-42.664 E.38155
G1 X37.867 Y-41.847 E.03843
G1 X32.133 Y-47.58 E.38155
G1 X32.133 Y-46.764 E.03843
G1 X37.867 Y-41.03 E.38155
G1 X37.867 Y-40.214 E.03843
G1 X32.133 Y-45.947 E.38155
G1 X32.133 Y-45.13 E.03843
G1 X37.867 Y-39.397 E.38155
G1 X37.867 Y-38.58 E.03843
G1 X32.133 Y-44.313 E.38155
G1 X32.133 Y-43.497 E.03843
G1 X37.867 Y-37.763 E.38155
G1 X37.867 Y-36.947 E.03843
G1 X32.133 Y-42.68 E.38155
G1 X32.133 Y-41.863 E.03843
G1 X37.867 Y-36.13 E.38155
G1 X37.867 Y-35.313 E.03843
G1 X32.133 Y-41.047 E.38155
G1 X32.133 Y-40.23 E.03843
G1 X37.867 Y-34.497 E.38155
G1 X37.867 Y-33.68 E.03843
G1 X32.133 Y-39.413 E.38155
G1 X32.133 Y-38.597 E.03843
G1 X37.867 Y-32.863 E.38155
G1 X37.867 Y-32.047 E.03843
G1 X32.133 Y-37.78 E.38155
G1 X32.133 Y-36.963 E.03843
G1 X37.867 Y-31.23 E.38155
G1 X37.867 Y-30.413 E.03843
G1 X32.133 Y-36.147 E.38155
G1 X32.133 Y-35.33 E.03843
G1 X37.867 Y-29.597 E.38155
G1 X37.867 Y-28.78 E.03843
G1 X32.133 Y-34.513 E.38155
G1 X32.133 Y-33.696 E.03843
G1 X37.867 Y-27.963 E.38155
G1 X37.867 Y-27.146 E.03843
G1 X32.133 Y-32.88 E.38155
G1 X32.133 Y-32.063 E.03843
G1 X37.867 Y-26.33 E.38155
G1 X37.867 Y-25.513 E.03843
G1 X32.133 Y-31.246 E.38155
G1 X32.133 Y-30.43 E.03843
G1 X37.867 Y-24.696 E.38155
G1 X37.867 Y-23.88 E.03843
G1 X32.133 Y-29.613 E.38155
G1 X32.133 Y-28.796 E.03843
G1 X37.867 Y-23.063 E.38155
G1 X37.867 Y-22.246 E.03843
G1 X32.133 Y-27.98 E.38155
G1 X32.133 Y-27.163 E.03843
G1 X37.867 Y-21.43 E.38155
G1 X37.867 Y-20.613 E.03843
M73 P17 R19
G1 X32.133 Y-26.346 E.38155
G1 X32.133 Y-25.53 E.03843
G1 X37.867 Y-19.796 E.38155
G1 X37.867 Y-18.98 E.03843
G1 X32.133 Y-24.713 E.38155
G1 X32.133 Y-23.896 E.03843
G1 X37.867 Y-18.163 E.38155
G1 X37.867 Y-17.346 E.03843
G1 X32.133 Y-23.079 E.38155
G1 X32.133 Y-22.263 E.03843
G1 X37.867 Y-16.529 E.38155
G1 X37.867 Y-15.713 E.03843
G1 X32.133 Y-21.446 E.38155
G1 X32.133 Y-20.629 E.03843
G1 X37.867 Y-14.896 E.38155
G1 X37.867 Y-14.079 E.03843
G1 X32.133 Y-19.813 E.38155
G1 X32.133 Y-18.996 E.03843
G1 X37.867 Y-13.263 E.38155
G1 X37.867 Y-12.446 E.03843
G1 X32.133 Y-18.179 E.38155
G1 X32.133 Y-17.363 E.03843
G1 X37.867 Y-11.629 E.38155
G1 X37.867 Y-10.813 E.03843
G1 X32.133 Y-16.546 E.38155
G1 X32.133 Y-15.729 E.03843
G1 X37.867 Y-9.996 E.38155
G1 X37.867 Y-9.179 E.03843
G1 X32.133 Y-14.913 E.38155
G1 X32.133 Y-14.096 E.03843
G1 X37.867 Y-8.363 E.38155
G1 X37.867 Y-7.546 E.03843
G1 X32.133 Y-13.279 E.38155
G1 X32.133 Y-12.462 E.03843
G1 X37.867 Y-6.729 E.38155
G1 X37.867 Y-5.912 E.03843
G1 X32.133 Y-11.646 E.38155
G1 X32.133 Y-10.829 E.03843
G1 X37.867 Y-5.096 E.38155
G1 X37.867 Y-4.279 E.03843
G1 X32.133 Y-10.012 E.38155
G1 X32.133 Y-9.196 E.03843
G1 X37.867 Y-3.462 E.38155
G1 X37.867 Y-2.646 E.03843
G1 X32.133 Y-8.379 E.38155
G1 X32.133 Y-7.562 E.03843
G1 X37.867 Y-1.829 E.38155
G1 X37.867 Y-1.012 E.03843
G1 X32.133 Y-6.746 E.38155
G1 X32.133 Y-5.929 E.03843
G1 X37.867 Y-.196 E.38155
G1 X37.867 Y.621 E.03843
G1 X32.133 Y-5.112 E.38155
G1 X32.133 Y-4.296 E.03843
G1 X37.867 Y1.438 E.38155
G1 X37.867 Y2.254 E.03843
G1 X32.133 Y-3.479 E.38156
G1 X32.133 Y-2.662 E.03843
G1 X37.867 Y3.071 E.38156
G1 X37.867 Y3.888 E.03843
G1 X32.133 Y-1.845 E.38155
G1 X32.133 Y-1.029 E.03843
G1 X37.867 Y4.705 E.38155
G1 X37.867 Y5.521 E.03843
G1 X32.133 Y-.212 E.38156
G1 X32.133 Y.605 E.03843
G1 X37.867 Y6.338 E.38156
G1 X37.867 Y7.155 E.03843
G1 X32.133 Y1.421 E.38155
G1 X32.133 Y2.238 E.03843
G1 X37.867 Y7.971 E.38155
G1 X37.867 Y8.788 E.03843
G1 X32.133 Y3.055 E.38155
G1 X32.133 Y3.871 E.03843
G1 X37.867 Y9.605 E.38156
G1 X37.867 Y10.421 E.03843
G1 X32.133 Y4.688 E.38156
G1 X32.133 Y5.505 E.03843
G1 X37.867 Y11.238 E.38155
G1 X37.867 Y12.055 E.03843
G1 X32.133 Y6.321 E.38155
G1 X32.133 Y7.138 E.03843
G1 X37.867 Y12.872 E.38156
G1 X37.867 Y13.688 E.03843
G1 X32.133 Y7.955 E.38156
G1 X32.133 Y8.772 E.03843
G1 X37.867 Y14.505 E.38155
G1 X37.867 Y15.322 E.03843
G1 X32.133 Y9.588 E.38155
G1 X32.133 Y10.405 E.03843
G1 X37.867 Y16.138 E.38155
G1 X37.867 Y16.955 E.03843
G1 X32.133 Y11.222 E.38156
G1 X32.133 Y12.038 E.03843
G1 X37.867 Y17.772 E.38156
G1 X37.867 Y18.588 E.03843
G1 X32.133 Y12.855 E.38155
G1 X32.133 Y13.672 E.03843
G1 X37.867 Y19.405 E.38155
G1 X37.867 Y20.222 E.03843
G1 X32.133 Y14.488 E.38156
G1 X32.133 Y15.305 E.03843
G1 X37.867 Y21.038 E.38156
G1 X37.867 Y21.855 E.03843
G1 X32.133 Y16.122 E.38155
G1 X32.133 Y16.938 E.03843
G1 X37.867 Y22.672 E.38155
G1 X37.867 Y23.489 E.03843
G1 X32.133 Y17.755 E.38155
G1 X32.133 Y18.572 E.03843
G1 X37.867 Y24.305 E.38156
G1 X37.867 Y25.122 E.03843
G1 X32.133 Y19.389 E.38155
G1 X32.133 Y20.205 E.03843
G1 X37.867 Y25.939 E.38155
G1 X37.867 Y26.755 E.03843
G1 X32.133 Y21.022 E.38155
G1 X32.133 Y21.839 E.03843
G1 X37.867 Y27.572 E.38156
G1 X37.867 Y28.389 E.03843
G1 X32.133 Y22.655 E.38156
G1 X32.133 Y23.472 E.03843
G1 X37.867 Y29.205 E.38155
G1 X37.867 Y30.022 E.03843
G1 X32.133 Y24.289 E.38155
G1 X32.133 Y25.105 E.03843
G1 X37.867 Y30.839 E.38155
G1 X37.867 Y31.655 E.03843
G1 X32.133 Y25.922 E.38156
G1 X32.133 Y26.739 E.03843
G1 X37.867 Y32.472 E.38155
G1 X37.867 Y33.289 E.03843
G1 X32.133 Y27.555 E.38155
G1 X32.133 Y28.372 E.03843
G1 X37.867 Y34.106 E.38155
G1 X37.867 Y34.922 E.03843
G1 X32.133 Y29.189 E.38156
G1 X32.133 Y30.006 E.03843
G1 X37.867 Y35.739 E.38156
G1 X37.867 Y36.556 E.03843
G1 X32.133 Y30.822 E.38155
G1 X32.133 Y31.639 E.03843
G1 X37.867 Y37.372 E.38155
G1 X37.867 Y38.189 E.03843
G1 X32.133 Y32.456 E.38155
G1 X32.133 Y33.272 E.03843
G1 X37.867 Y39.006 E.38156
G1 X37.867 Y39.822 E.03843
G1 X32.133 Y34.089 E.38155
G1 X32.133 Y34.906 E.03843
G1 X37.867 Y40.639 E.38155
G1 X37.867 Y41.456 E.03843
G1 X32.133 Y35.722 E.38155
G1 X32.133 Y36.539 E.03843
G1 X37.867 Y42.272 E.38156
G1 X37.867 Y43.089 E.03843
G1 X32.133 Y37.356 E.38156
G1 X32.133 Y38.172 E.03843
G1 X37.867 Y43.906 E.38155
G1 X37.867 Y44.723 E.03843
G1 X32.133 Y38.989 E.38155
G1 X32.133 Y39.806 E.03843
G1 X37.867 Y45.539 E.38155
G1 X37.867 Y46.356 E.03843
G1 X32.133 Y40.623 E.38156
G1 X32.133 Y41.439 E.03843
G1 X37.867 Y47.173 E.38155
G1 X37.867 Y47.989 E.03843
G1 X32.133 Y42.256 E.38155
G1 X32.133 Y43.073 E.03843
G1 X37.867 Y48.806 E.38155
G1 X37.867 Y49.623 E.03843
G1 X32.133 Y43.889 E.38156
G1 X32.133 Y44.706 E.03843
G1 X37.867 Y50.439 E.38156
G1 X37.867 Y51.256 E.03843
G1 X32.133 Y45.523 E.38155
G1 X32.133 Y46.339 E.03843
G1 X37.867 Y52.073 E.38155
G1 X37.867 Y52.889 E.03843
G1 X32.133 Y47.156 E.38156
G1 X32.133 Y47.973 E.03843
G1 X37.867 Y53.706 E.38156
G1 X37.867 Y54.523 E.03843
G1 X32.133 Y48.789 E.38155
G1 X32.133 Y49.606 E.03843
G1 X37.867 Y55.34 E.38155
G1 X37.867 Y56.156 E.03843
G1 X32.133 Y50.423 E.38155
G1 X32.133 Y51.24 E.03843
G1 X37.867 Y56.973 E.38156
G1 X37.867 Y57.79 E.03843
G1 X32.133 Y52.056 E.38156
G1 X32.133 Y52.873 E.03843
G1 X37.867 Y58.606 E.38156
G1 X37.867 Y59.423 E.03843
G1 X32.133 Y53.69 E.38156
G1 X32.133 Y54.506 E.03843
G1 X37.867 Y60.24 E.38156
G1 X37.867 Y61.056 E.03843
G1 X32.133 Y55.323 E.38156
G1 X32.133 Y56.14 E.03843
G1 X37.867 Y61.873 E.38156
G1 X37.867 Y62.69 E.03843
G1 X32.133 Y56.956 E.38156
G1 X32.133 Y57.773 E.03843
G1 X37.867 Y63.506 E.38156
G1 X37.867 Y64.323 E.03843
G1 X32.133 Y58.59 E.38156
G1 X32.133 Y59.406 E.03843
G1 X37.867 Y65.14 E.38156
G1 X37.867 Y65.957 E.03843
G1 X32.133 Y60.223 E.38156
G1 X32.133 Y61.04 E.03843
G1 X37.867 Y66.773 E.38156
G1 X37.867 Y67.59 E.03843
G1 X32.133 Y61.857 E.38156
G1 X32.133 Y62.673 E.03843
G1 X37.867 Y68.407 E.38156
G1 X37.867 Y69.223 E.03843
G1 X32.133 Y63.49 E.38156
G1 X32.133 Y64.307 E.03843
G1 X37.867 Y70.04 E.38156
G1 X37.867 Y70.857 E.03843
G1 X32.133 Y65.123 E.38156
G1 X32.133 Y65.94 E.03843
G1 X37.867 Y71.673 E.38156
G1 X37.867 Y72.49 E.03843
G1 X32.133 Y66.757 E.38156
G1 X32.133 Y67.573 E.03843
G1 X37.867 Y73.307 E.38156
G1 X37.867 Y74.123 E.03843
G1 X32.133 Y68.39 E.38156
G1 X32.133 Y69.207 E.03843
G1 X37.867 Y74.94 E.38156
G1 X37.867 Y75.757 E.03843
G1 X32.133 Y70.023 E.38156
G1 X32.133 Y70.84 E.03843
G1 X37.867 Y76.574 E.38156
G1 X37.867 Y77.39 E.03843
G1 X32.133 Y71.657 E.38156
G1 X32.133 Y72.033 E.01771
G1 X31.693 Y72.033 E.02072
G1 X37.426 Y77.767 E.38156
G1 X36.61 Y77.767 E.03843
G1 X30.876 Y72.033 E.38156
G1 X30.06 Y72.033 E.03843
G1 X35.793 Y77.767 E.38156
G1 X34.976 Y77.767 E.03843
G1 X29.243 Y72.033 E.38156
G1 X28.426 Y72.033 E.03843
G1 X34.16 Y77.767 E.38156
G1 X33.343 Y77.767 E.03843
G1 X27.61 Y72.033 E.38156
G1 X26.793 Y72.033 E.03843
G1 X32.526 Y77.767 E.38156
G1 X31.71 Y77.767 E.03843
G1 X25.976 Y72.033 E.38156
G1 X25.16 Y72.033 E.03843
G1 X30.893 Y77.767 E.38156
G1 X30.076 Y77.767 E.03843
G1 X24.343 Y72.033 E.38156
G1 X23.526 Y72.033 E.03843
G1 X29.259 Y77.767 E.38156
G1 X28.443 Y77.767 E.03843
G1 X22.709 Y72.033 E.38156
G1 X21.893 Y72.033 E.03843
G1 X27.626 Y77.767 E.38156
G1 X26.809 Y77.767 E.03843
G1 X21.076 Y72.033 E.38156
G1 X20.259 Y72.033 E.03843
G1 X25.993 Y77.767 E.38156
G1 X25.176 Y77.767 E.03843
G1 X19.443 Y72.033 E.38156
G1 X18.626 Y72.033 E.03843
G1 X24.359 Y77.767 E.38156
G1 X23.543 Y77.767 E.03843
G1 X17.809 Y72.033 E.38156
G1 X16.993 Y72.033 E.03843
G1 X22.726 Y77.767 E.38155
G1 X21.909 Y77.767 E.03843
G1 X16.176 Y72.033 E.38156
G1 X15.359 Y72.033 E.03843
G1 X21.093 Y77.767 E.38155
G1 X20.276 Y77.767 E.03843
G1 X14.543 Y72.033 E.38155
G1 X13.726 Y72.033 E.03843
G1 X19.459 Y77.767 E.38155
G1 X18.642 Y77.767 E.03843
G1 X12.909 Y72.033 E.38156
G1 X12.092 Y72.033 E.03843
G1 X17.826 Y77.767 E.38156
G1 X17.009 Y77.767 E.03843
G1 X11.276 Y72.033 E.38155
G1 X10.459 Y72.033 E.03843
G1 X16.192 Y77.767 E.38155
G1 X15.376 Y77.767 E.03843
G1 X9.642 Y72.033 E.38155
G1 X8.826 Y72.033 E.03843
G1 X14.559 Y77.767 E.38156
G1 X13.742 Y77.767 E.03843
G1 X8.009 Y72.033 E.38155
G1 X7.192 Y72.033 E.03843
G1 X12.926 Y77.767 E.38155
G1 X12.109 Y77.767 E.03843
G1 X6.376 Y72.033 E.38155
G1 X5.559 Y72.033 E.03843
G1 X11.292 Y77.767 E.38156
G1 X10.476 Y77.767 E.03843
G1 X4.742 Y72.033 E.38156
G1 X3.926 Y72.033 E.03843
G1 X9.659 Y77.767 E.38155
G1 X8.842 Y77.767 E.03843
M73 P18 R19
G1 X3.109 Y72.033 E.38155
G1 X2.292 Y72.033 E.03843
G1 X8.025 Y77.767 E.38155
G1 X7.209 Y77.767 E.03843
G1 X1.475 Y72.033 E.38156
G1 X.659 Y72.033 E.03843
G1 X6.392 Y77.767 E.38155
G1 X5.575 Y77.767 E.03843
G1 X-.158 Y72.033 E.38155
G1 X-.975 Y72.033 E.03843
G1 X4.759 Y77.767 E.38155
G1 X3.942 Y77.767 E.03843
G1 X-1.791 Y72.033 E.38155
G1 X-2.608 Y72.033 E.03843
G1 X3.125 Y77.767 E.38155
G1 X2.309 Y77.767 E.03843
G1 X-3.425 Y72.033 E.38155
G1 X-4.241 Y72.033 E.03843
G1 X1.492 Y77.767 E.38155
G1 X.675 Y77.767 E.03843
G1 X-5.058 Y72.033 E.38155
G1 X-5.875 Y72.033 E.03843
G1 X-.141 Y77.767 E.38155
G1 X-.958 Y77.767 E.03843
G1 X-6.691 Y72.033 E.38156
G1 X-7.508 Y72.033 E.03843
G1 X-1.775 Y77.767 E.38155
G1 X-2.592 Y77.767 E.03843
G1 X-8.325 Y72.033 E.38155
G1 X-9.142 Y72.033 E.03843
G1 X-3.408 Y77.767 E.38155
G1 X-4.225 Y77.767 E.03843
G1 X-9.958 Y72.033 E.38156
G1 X-10.775 Y72.033 E.03843
G1 X-5.042 Y77.767 E.38156
G1 X-5.858 Y77.767 E.03843
G1 X-11.592 Y72.033 E.38155
G1 X-12.408 Y72.033 E.03843
G1 X-6.675 Y77.767 E.38155
G1 X-7.492 Y77.767 E.03843
G1 X-13.225 Y72.033 E.38155
G1 X-14.042 Y72.033 E.03843
G1 X-8.308 Y77.767 E.38156
G1 X-9.125 Y77.767 E.03843
G1 X-14.858 Y72.033 E.38155
G1 X-15.675 Y72.033 E.03843
G1 X-9.942 Y77.767 E.38155
G1 X-10.758 Y77.767 E.03843
G1 X-16.492 Y72.033 E.38155
G1 X-17.308 Y72.033 E.03843
G1 X-11.575 Y77.767 E.38156
G1 X-12.392 Y77.767 E.03843
G1 X-18.125 Y72.033 E.38156
G1 X-18.942 Y72.033 E.03843
G1 X-13.209 Y77.767 E.38155
G1 X-14.025 Y77.767 E.03843
G1 X-19.759 Y72.033 E.38155
G1 X-20.575 Y72.033 E.03843
G1 X-14.842 Y77.767 E.38155
G1 X-15.659 Y77.767 E.03843
G1 X-21.392 Y72.033 E.38156
G1 X-22.209 Y72.033 E.03843
G1 X-16.475 Y77.767 E.38155
G1 X-17.292 Y77.767 E.03843
G1 X-23.025 Y72.033 E.38155
G1 X-23.842 Y72.033 E.03843
G1 X-18.109 Y77.767 E.38155
G1 X-18.925 Y77.767 E.03843
G1 X-24.659 Y72.033 E.38156
G1 X-25.475 Y72.033 E.03843
G1 X-19.742 Y77.767 E.38156
G1 X-20.559 Y77.767 E.03843
G1 X-26.292 Y72.033 E.38155
G1 X-27.109 Y72.033 E.03843
G1 X-21.375 Y77.767 E.38155
G1 X-22.192 Y77.767 E.03843
G1 X-27.925 Y72.033 E.38155
G1 X-28.742 Y72.033 E.03843
G1 X-23.009 Y77.767 E.38156
G1 X-23.826 Y77.767 E.03843
G1 X-29.559 Y72.033 E.38155
G1 X-30.376 Y72.033 E.03843
G1 X-24.642 Y77.767 E.38155
G1 X-25.459 Y77.767 E.03843
G1 X-31.452 Y71.774 E.39884
SET_VELOCITY_LIMIT ACCEL=10000
G1 X-31.874 Y-75.653 F30000
SET_VELOCITY_LIMIT ACCEL=7000
G1 F9000
G1 X-33.988 Y-77.767 E.14068
G1 X-34.804 Y-77.767 E.03843
G1 X-32.133 Y-75.096 E.17775
G1 X-32.133 Y-74.279 E.03843
G1 X-35.621 Y-77.767 E.2321
G1 X-36.438 Y-77.767 E.03843
G1 X-32.133 Y-73.462 E.28645
G1 X-32.133 Y-72.646 E.03843
G1 X-37.254 Y-77.767 E.3408
G1 X-37.867 Y-77.767 E.02882
G1 X-37.867 Y-77.562 E.00962
G1 X-32.133 Y-71.829 E.38155
G1 X-32.133 Y-71.012 E.03843
G1 X-37.867 Y-76.746 E.38155
G1 X-37.867 Y-75.929 E.03843
G1 X-32.133 Y-70.196 E.38155
G1 X-32.133 Y-69.379 E.03843
G1 X-37.867 Y-75.112 E.38155
G1 X-37.867 Y-74.296 E.03843
G1 X-32.133 Y-68.562 E.38155
G1 X-32.133 Y-67.746 E.03843
G1 X-37.867 Y-73.479 E.38155
G1 X-37.867 Y-72.662 E.03843
G1 X-32.133 Y-66.929 E.38155
G1 X-32.133 Y-66.112 E.03843
G1 X-37.867 Y-71.845 E.38155
G1 X-37.867 Y-71.029 E.03843
G1 X-32.133 Y-65.295 E.38155
G1 X-32.133 Y-64.479 E.03843
G1 X-37.867 Y-70.212 E.38155
G1 X-37.867 Y-69.395 E.03843
G1 X-32.133 Y-63.662 E.38155
G1 X-32.133 Y-62.845 E.03843
G1 X-37.867 Y-68.579 E.38155
G1 X-37.867 Y-67.762 E.03843
G1 X-32.133 Y-62.029 E.38155
G1 X-32.133 Y-61.212 E.03843
G1 X-37.867 Y-66.945 E.38155
G1 X-37.867 Y-66.129 E.03843
G1 X-32.133 Y-60.395 E.38155
G1 X-32.133 Y-59.579 E.03843
G1 X-37.867 Y-65.312 E.38155
G1 X-37.867 Y-64.495 E.03843
G1 X-32.133 Y-58.762 E.38155
G1 X-32.133 Y-57.945 E.03843
G1 X-37.867 Y-63.679 E.38155
G1 X-37.867 Y-62.862 E.03843
G1 X-32.133 Y-57.129 E.38155
G1 X-32.133 Y-56.312 E.03843
G1 X-37.867 Y-62.045 E.38155
G1 X-37.867 Y-61.228 E.03843
G1 X-32.133 Y-55.495 E.38155
G1 X-32.133 Y-54.678 E.03843
G1 X-37.867 Y-60.412 E.38155
G1 X-37.867 Y-59.595 E.03843
G1 X-32.133 Y-53.862 E.38155
G1 X-32.133 Y-53.045 E.03843
G1 X-37.867 Y-58.778 E.38155
G1 X-37.867 Y-57.962 E.03843
G1 X-32.133 Y-52.228 E.38155
G1 X-32.133 Y-51.412 E.03843
G1 X-37.867 Y-57.145 E.38155
G1 X-37.867 Y-56.328 E.03843
G1 X-32.133 Y-50.595 E.38155
G1 X-32.133 Y-49.778 E.03843
G1 X-37.867 Y-55.512 E.38155
G1 X-37.867 Y-54.695 E.03843
G1 X-32.133 Y-48.962 E.38155
G1 X-32.133 Y-48.145 E.03843
G1 X-37.867 Y-53.878 E.38155
G1 X-37.867 Y-53.062 E.03843
G1 X-32.133 Y-47.328 E.38155
G1 X-32.133 Y-46.511 E.03843
G1 X-37.867 Y-52.245 E.38155
G1 X-37.867 Y-51.428 E.03843
G1 X-32.133 Y-45.695 E.38155
G1 X-32.133 Y-44.878 E.03843
G1 X-37.867 Y-50.611 E.38155
G1 X-37.867 Y-49.795 E.03843
G1 X-32.133 Y-44.061 E.38155
G1 X-32.133 Y-43.245 E.03843
G1 X-37.867 Y-48.978 E.38155
G1 X-37.867 Y-48.161 E.03843
G1 X-32.133 Y-42.428 E.38155
G1 X-32.133 Y-41.611 E.03843
G1 X-37.867 Y-47.345 E.38155
G1 X-37.867 Y-46.528 E.03843
G1 X-32.133 Y-40.795 E.38155
G1 X-32.133 Y-39.978 E.03843
G1 X-37.867 Y-45.711 E.38155
G1 X-37.867 Y-44.895 E.03843
G1 X-32.133 Y-39.161 E.38155
G1 X-32.133 Y-38.345 E.03843
G1 X-37.867 Y-44.078 E.38155
G1 X-37.867 Y-43.261 E.03843
G1 X-32.133 Y-37.528 E.38155
G1 X-32.133 Y-36.711 E.03843
G1 X-37.867 Y-42.445 E.38156
G1 X-37.867 Y-41.628 E.03843
G1 X-32.133 Y-35.894 E.38156
G1 X-32.133 Y-35.078 E.03843
G1 X-37.867 Y-40.811 E.38155
G1 X-37.867 Y-39.994 E.03843
G1 X-32.133 Y-34.261 E.38155
G1 X-32.133 Y-33.444 E.03843
G1 X-37.867 Y-39.178 E.38155
G1 X-37.867 Y-38.361 E.03843
G1 X-32.133 Y-32.628 E.38156
G1 X-32.133 Y-31.811 E.03843
G1 X-37.867 Y-37.544 E.38156
G1 X-37.867 Y-36.728 E.03843
G1 X-32.133 Y-30.994 E.38155
G1 X-32.133 Y-30.178 E.03843
G1 X-37.867 Y-35.911 E.38155
G1 X-37.867 Y-35.094 E.03843
G1 X-32.133 Y-29.361 E.38156
G1 X-32.133 Y-28.544 E.03843
G1 X-37.867 Y-34.278 E.38156
G1 X-37.867 Y-33.461 E.03843
G1 X-32.133 Y-27.728 E.38155
G1 X-32.133 Y-26.911 E.03843
G1 X-37.867 Y-32.644 E.38155
G1 X-37.867 Y-31.828 E.03843
G1 X-32.133 Y-26.094 E.38155
G1 X-32.133 Y-25.277 E.03843
G1 X-37.867 Y-31.011 E.38156
G1 X-37.867 Y-30.194 E.03843
G1 X-32.133 Y-24.461 E.38155
G1 X-32.133 Y-23.644 E.03843
G1 X-37.867 Y-29.377 E.38155
G1 X-37.867 Y-28.561 E.03843
G1 X-32.133 Y-22.827 E.38155
G1 X-32.133 Y-22.011 E.03843
G1 X-37.867 Y-27.744 E.38156
G1 X-37.867 Y-26.927 E.03843
G1 X-32.133 Y-21.194 E.38156
G1 X-32.133 Y-20.377 E.03843
G1 X-37.867 Y-26.111 E.38155
G1 X-37.867 Y-25.294 E.03843
G1 X-32.133 Y-19.561 E.38155
G1 X-32.133 Y-18.744 E.03843
G1 X-37.867 Y-24.477 E.38155
G1 X-37.867 Y-23.661 E.03843
G1 X-32.133 Y-17.927 E.38156
G1 X-32.133 Y-17.111 E.03843
G1 X-37.867 Y-22.844 E.38155
G1 X-37.867 Y-22.027 E.03843
G1 X-32.133 Y-16.294 E.38155
G1 X-32.133 Y-15.477 E.03843
G1 X-37.867 Y-21.211 E.38155
G1 X-37.867 Y-20.394 E.03843
G1 X-32.133 Y-14.66 E.38156
G1 X-32.133 Y-13.844 E.03843
G1 X-37.867 Y-19.577 E.38156
G1 X-37.867 Y-18.76 E.03843
G1 X-32.133 Y-13.027 E.38155
G1 X-32.133 Y-12.21 E.03843
G1 X-37.867 Y-17.944 E.38155
G1 X-37.867 Y-17.127 E.03843
G1 X-32.133 Y-11.394 E.38155
G1 X-32.133 Y-10.577 E.03843
G1 X-37.867 Y-16.31 E.38156
G1 X-37.867 Y-15.494 E.03843
G1 X-32.133 Y-9.76 E.38155
G1 X-32.133 Y-8.944 E.03843
G1 X-37.867 Y-14.677 E.38155
G1 X-37.867 Y-13.86 E.03843
G1 X-32.133 Y-8.127 E.38155
G1 X-32.133 Y-7.31 E.03843
G1 X-37.867 Y-13.044 E.38156
G1 X-37.867 Y-12.227 E.03843
G1 X-32.133 Y-6.494 E.38156
G1 X-32.133 Y-5.677 E.03843
G1 X-37.867 Y-11.41 E.38155
G1 X-37.867 Y-10.594 E.03843
G1 X-32.133 Y-4.86 E.38155
G1 X-32.133 Y-4.043 E.03843
G1 X-37.867 Y-9.777 E.38155
G1 X-37.867 Y-8.96 E.03843
G1 X-32.133 Y-3.227 E.38156
G1 X-32.133 Y-2.41 E.03843
G1 X-37.867 Y-8.143 E.38155
G1 X-37.867 Y-7.327 E.03843
G1 X-32.133 Y-1.593 E.38155
G1 X-32.133 Y-.777 E.03843
G1 X-37.867 Y-6.51 E.38155
G1 X-37.867 Y-5.693 E.03843
G1 X-32.133 Y.04 E.38156
G1 X-32.133 Y.857 E.03843
G1 X-37.867 Y-4.877 E.38156
G1 X-37.867 Y-4.06 E.03843
G1 X-32.133 Y1.673 E.38155
G1 X-32.133 Y2.49 E.03843
G1 X-37.867 Y-3.243 E.38155
G1 X-37.867 Y-2.427 E.03843
G1 X-32.133 Y3.307 E.38156
G1 X-32.133 Y4.123 E.03843
G1 X-37.867 Y-1.61 E.38156
G1 X-37.867 Y-.793 E.03843
G1 X-32.133 Y4.94 E.38155
G1 X-32.133 Y5.757 E.03843
G1 X-37.867 Y.023 E.38155
G1 X-37.867 Y.84 E.03843
G1 X-32.133 Y6.574 E.38155
G1 X-32.133 Y7.39 E.03843
G1 X-37.867 Y1.657 E.38155
G1 X-37.867 Y2.474 E.03843
G1 X-32.133 Y8.207 E.38155
G1 X-32.133 Y9.024 E.03843
G1 X-37.867 Y3.29 E.38155
G1 X-37.867 Y4.107 E.03843
G1 X-32.133 Y9.84 E.38155
G1 X-32.133 Y10.657 E.03843
G1 X-37.867 Y4.924 E.38155
G1 X-37.867 Y5.74 E.03843
G1 X-32.133 Y11.474 E.38155
G1 X-32.133 Y12.29 E.03843
G1 X-37.867 Y6.557 E.38155
G1 X-37.867 Y7.374 E.03843
G1 X-32.133 Y13.107 E.38155
G1 X-32.133 Y13.924 E.03843
M73 P19 R19
G1 X-37.867 Y8.19 E.38155
G1 X-37.867 Y9.007 E.03843
G1 X-32.133 Y14.74 E.38155
G1 X-32.133 Y15.557 E.03843
G1 X-37.867 Y9.824 E.38155
G1 X-37.867 Y10.641 E.03843
G1 X-32.133 Y16.374 E.38155
G1 X-32.133 Y17.191 E.03843
G1 X-37.867 Y11.457 E.38155
G1 X-37.867 Y12.274 E.03843
G1 X-32.133 Y18.007 E.38155
G1 X-32.133 Y18.824 E.03843
G1 X-37.867 Y13.091 E.38155
G1 X-37.867 Y13.907 E.03843
G1 X-32.133 Y19.641 E.38155
G1 X-32.133 Y20.457 E.03843
G1 X-37.867 Y14.724 E.38155
G1 X-37.867 Y15.541 E.03843
G1 X-32.133 Y21.274 E.38155
G1 X-32.133 Y22.091 E.03843
G1 X-37.867 Y16.357 E.38155
G1 X-37.867 Y17.174 E.03843
G1 X-32.133 Y22.907 E.38155
G1 X-32.133 Y23.724 E.03843
G1 X-37.867 Y17.991 E.38155
G1 X-37.867 Y18.807 E.03843
G1 X-32.133 Y24.541 E.38155
G1 X-32.133 Y25.357 E.03843
G1 X-37.867 Y19.624 E.38155
G1 X-37.867 Y20.441 E.03843
G1 X-32.133 Y26.174 E.38155
G1 X-32.133 Y26.991 E.03843
G1 X-37.867 Y21.258 E.38155
G1 X-37.867 Y22.074 E.03843
G1 X-32.133 Y27.808 E.38155
G1 X-32.133 Y28.624 E.03843
G1 X-37.867 Y22.891 E.38155
G1 X-37.867 Y23.708 E.03843
G1 X-32.133 Y29.441 E.38155
G1 X-32.133 Y30.258 E.03843
G1 X-37.867 Y24.524 E.38155
G1 X-37.867 Y25.341 E.03843
G1 X-32.133 Y31.074 E.38155
G1 X-32.133 Y31.891 E.03843
G1 X-37.867 Y26.158 E.38155
G1 X-37.867 Y26.974 E.03843
G1 X-32.133 Y32.708 E.38155
G1 X-32.133 Y33.524 E.03843
G1 X-37.867 Y27.791 E.38155
G1 X-37.867 Y28.608 E.03843
G1 X-32.133 Y34.341 E.38155
G1 X-32.133 Y35.158 E.03843
G1 X-37.867 Y29.424 E.38156
G1 X-37.867 Y30.241 E.03843
G1 X-32.133 Y35.974 E.38156
G1 X-32.133 Y36.791 E.03843
G1 X-37.867 Y31.058 E.38156
G1 X-37.867 Y31.875 E.03843
G1 X-32.133 Y37.608 E.38156
G1 X-32.133 Y38.425 E.03843
G1 X-37.867 Y32.691 E.38156
G1 X-37.867 Y33.508 E.03843
G1 X-32.133 Y39.241 E.38156
G1 X-32.133 Y40.058 E.03843
G1 X-37.867 Y34.325 E.38156
G1 X-37.867 Y35.141 E.03843
G1 X-32.133 Y40.875 E.38156
G1 X-32.133 Y41.691 E.03843
G1 X-37.867 Y35.958 E.38156
G1 X-37.867 Y36.775 E.03843
G1 X-32.133 Y42.508 E.38156
G1 X-32.133 Y43.325 E.03843
G1 X-37.867 Y37.591 E.38156
G1 X-37.867 Y38.408 E.03843
G1 X-32.133 Y44.141 E.38156
G1 X-32.133 Y44.958 E.03843
G1 X-37.867 Y39.225 E.38156
G1 X-37.867 Y40.041 E.03843
G1 X-32.133 Y45.775 E.38156
G1 X-32.133 Y46.591 E.03843
G1 X-37.867 Y40.858 E.38156
G1 X-37.867 Y41.675 E.03843
G1 X-32.133 Y47.408 E.38156
G1 X-32.133 Y48.225 E.03843
G1 X-37.867 Y42.492 E.38156
G1 X-37.867 Y43.308 E.03843
G1 X-32.133 Y49.042 E.38156
G1 X-32.133 Y49.858 E.03843
G1 X-37.867 Y44.125 E.38156
G1 X-37.867 Y44.942 E.03843
G1 X-32.133 Y50.675 E.38156
G1 X-32.133 Y51.492 E.03843
G1 X-37.867 Y45.758 E.38156
G1 X-37.867 Y46.575 E.03843
G1 X-32.133 Y52.308 E.38156
G1 X-32.133 Y53.125 E.03843
G1 X-37.867 Y47.392 E.38156
G1 X-37.867 Y48.208 E.03843
G1 X-32.133 Y53.942 E.38156
G1 X-32.133 Y54.758 E.03843
G1 X-37.867 Y49.025 E.38156
G1 X-37.867 Y49.842 E.03843
G1 X-32.133 Y55.575 E.38156
G1 X-32.133 Y56.392 E.03843
G1 X-37.867 Y50.658 E.38156
G1 X-37.867 Y51.475 E.03843
G1 X-32.133 Y57.208 E.38156
G1 X-32.133 Y58.025 E.03843
G1 X-37.867 Y52.292 E.38156
G1 X-37.867 Y53.109 E.03843
G1 X-32.133 Y58.842 E.38156
G1 X-32.133 Y59.659 E.03843
G1 X-37.867 Y53.925 E.38156
G1 X-37.867 Y54.742 E.03843
G1 X-32.133 Y60.475 E.38156
G1 X-32.133 Y61.292 E.03843
G1 X-37.867 Y55.559 E.38156
G1 X-37.867 Y56.375 E.03843
G1 X-32.133 Y62.109 E.38156
G1 X-32.133 Y62.925 E.03843
G1 X-37.867 Y57.192 E.38156
G1 X-37.867 Y58.009 E.03843
G1 X-32.133 Y63.742 E.38156
G1 X-32.133 Y64.559 E.03843
G1 X-37.867 Y58.825 E.38156
G1 X-37.867 Y59.642 E.03843
G1 X-32.133 Y65.375 E.38156
G1 X-32.133 Y66.192 E.03843
G1 X-37.867 Y60.459 E.38155
G1 X-37.867 Y61.275 E.03843
G1 X-32.133 Y67.009 E.38155
G1 X-32.133 Y67.825 E.03843
G1 X-37.867 Y62.092 E.38156
G1 X-37.867 Y62.909 E.03843
G1 X-32.133 Y68.642 E.38156
G1 X-32.133 Y69.459 E.03843
G1 X-37.867 Y63.726 E.38155
G1 X-37.867 Y64.542 E.03843
G1 X-32.133 Y70.276 E.38155
G1 X-32.133 Y71.092 E.03843
G1 X-37.867 Y65.359 E.38155
G1 X-37.867 Y66.176 E.03843
G1 X-26.276 Y77.767 E.77139
G1 X-27.092 Y77.767 E.03843
G1 X-37.867 Y66.992 E.71704
G1 X-37.867 Y67.809 E.03843
G1 X-27.909 Y77.767 E.66268
G1 X-28.726 Y77.767 E.03843
G1 X-37.867 Y68.626 E.60833
G1 X-37.867 Y69.442 E.03843
G1 X-29.542 Y77.767 E.55398
G1 X-30.359 Y77.767 E.03843
G1 X-37.867 Y70.259 E.49963
G1 X-37.867 Y71.076 E.03843
G1 X-31.176 Y77.767 E.44528
G1 X-31.992 Y77.767 E.03843
G1 X-37.867 Y71.892 E.39093
G1 X-37.867 Y72.709 E.03843
G1 X-32.809 Y77.767 E.33658
G1 X-33.626 Y77.767 E.03843
G1 X-37.867 Y73.526 E.28223
G1 X-37.867 Y74.343 E.03843
G1 X-34.443 Y77.767 E.22788
G1 X-35.259 Y77.767 E.03843
G1 X-37.867 Y75.159 E.17353
G1 X-37.867 Y75.976 E.03843
G1 X-36.076 Y77.767 E.11917
G1 X-36.893 Y77.767 E.03843
G1 X-38.126 Y76.533 E.08211
;LAYER_CHANGE
;Z:0.8
;HEIGHT:0.2
;BEFORE_LAYER_CHANGE
;0.8
G1 E-1.2 F2100
;WIPE_START
G1 F9000
G1 X-36.893 Y77.767
G1 X-36.637 Y77.767
;WIPE_END
;AFTER_LAYER_CHANGE
;0.8
;_SET_FAN_SPEED_CHANGING_LAYER
SET_VELOCITY_LIMIT ACCEL=10000
G17
G3 Z1.2 I.908 J.81 P1  F30000
G1 X-31.21 Y71.687 Z1.2
G1 Z.8
G1 E1.2 F2100
SET_VELOCITY_LIMIT ACCEL=5000
;TYPE:Inner wall
;WIDTH:0.62
G1 F9000
G1 X31.787 Y71.687 E2.96242
G1 X31.787 Y-78.113 E7.0443
G1 X38.213 Y-78.113 E.30217
G1 X38.213 Y78.113 E7.34647
G1 X-38.213 Y78.113 E3.5939
G1 X-38.213 Y-78.113 E7.34647
G1 X-31.787 Y-78.113 E.30217
G1 X-31.787 Y71.687 E7.0443
G1 X-31.246 Y71.687 E.02544
SET_VELOCITY_LIMIT ACCEL=10000
G1 X-31.21 Y71.11 F30000
SET_VELOCITY_LIMIT ACCEL=5000
;TYPE:Outer wall
G1 F7200
G1 X31.21 Y71.11 E2.93528
G1 X31.21 Y-78.69 E7.0443
G1 X38.79 Y-78.69 E.35645
M73 P20 R19
G1 X38.79 Y78.69 E7.40074
G1 X-38.79 Y78.69 E3.64817
G1 X-38.79 Y-78.69 E7.40074
G1 X-31.21 Y-78.69 E.35645
G1 X-31.21 Y71.074 E7.0426
SET_VELOCITY_LIMIT ACCEL=10000
G1 E-1.2 F2100
;WIPE_START
G1 F7200
G1 X-29.21 Y71.075
;WIPE_END
G1 X-32.133 Y69.964 Z1.2 F30000
G1 Z.8
G1 E1.2 F2100
;TYPE:Sparse infill
G1 F6000
G1 X-32.133 Y67.656 E.10855
G1 X-33.787 Y66.923 E.08508
G1 X-34.604 Y66.105 E.05435
G1 X-35.908 Y63.167 E.15114
G1 X-36.725 Y62.35 E.05435
G1 X-37.867 Y61.843 E.05873
G1 X-37.867 Y55.967 E.27632
G1 X-36.725 Y56.474 E.05873
G1 X-35.908 Y57.291 E.05435
G1 X-34.604 Y60.229 E.15114
G1 X-33.787 Y61.047 E.05435
G1 X-32.133 Y61.78 E.08508
G1 X-32.133 Y64.088 E.10855
G1 X-36.953 Y77.767 F30000
G1 F6000
G1 X-34.645 Y77.767 E.10855
G1 X-35.908 Y74.919 E.14648
G1 X-36.725 Y74.102 E.05435
G1 X-37.867 Y73.595 E.05873
G1 X-37.867 Y67.719 E.27632
G1 X-36.725 Y68.226 E.05873
G1 X-35.908 Y69.043 E.05435
G1 X-34.604 Y71.981 E.15114
G1 X-33.787 Y72.799 E.05435
G1 X-30.849 Y74.102 E.15114
G1 X-30.032 Y74.919 E.05435
G1 X-28.769 Y77.767 E.14648
G1 X-22.893 Y77.767 E.27632
G1 X-24.156 Y74.919 E.14648
G1 X-24.973 Y74.102 E.05435
G1 X-27.911 Y72.799 E.15114
G1 X-28.676 Y72.033 E.05089
G1 X-22.8 Y72.033 E.27632
G1 X-22.035 Y72.799 E.05089
G1 X-19.097 Y74.102 E.15114
G1 X-18.28 Y74.919 E.05435
G1 X-17.017 Y77.767 E.14648
G1 X-11.141 Y77.767 E.27632
G1 X-12.404 Y74.919 E.14648
G1 X-13.221 Y74.102 E.05435
G1 X-16.159 Y72.799 E.15114
G1 X-16.924 Y72.033 E.05089
G1 X-11.048 Y72.033 E.27632
G1 X-10.283 Y72.799 E.05089
G1 X-7.345 Y74.102 E.15114
G1 X-6.528 Y74.919 E.05435
G1 X-5.265 Y77.767 E.14648
G1 X.612 Y77.767 E.27632
G1 X-.652 Y74.919 E.14648
G1 X-1.469 Y74.102 E.05435
G1 X-4.407 Y72.799 E.15114
G1 X-5.172 Y72.033 E.05089
G1 X-2.864 Y72.033 E.10855
G1 X4.179 Y77.767 F30000
G1 F6000
G1 X6.488 Y77.767 E.10855
G1 X5.224 Y74.919 E.14648
G1 X4.407 Y74.102 E.05435
G1 X1.469 Y72.799 E.15114
G1 X.704 Y72.033 E.05089
G1 X6.58 Y72.033 E.27632
G1 X7.345 Y72.799 E.05089
G1 X10.283 Y74.102 E.15114
G1 X11.1 Y74.919 E.05435
G1 X12.364 Y77.767 E.14648
G1 X18.24 Y77.767 E.27632
G1 X16.976 Y74.919 E.14648
G1 X16.159 Y74.102 E.05435
G1 X13.221 Y72.799 E.15114
G1 X12.456 Y72.033 E.05089
G1 X18.332 Y72.033 E.27632
G1 X19.097 Y72.799 E.05089
G1 X22.035 Y74.102 E.15114
G1 X22.852 Y74.919 E.05435
G1 X24.116 Y77.767 E.14648
G1 X29.992 Y77.767 E.27632
G1 X28.728 Y74.919 E.14648
G1 X27.911 Y74.102 E.05435
G1 X24.973 Y72.799 E.15114
G1 X24.208 Y72.033 E.05089
G1 X30.084 Y72.033 E.27632
G1 X30.849 Y72.799 E.05089
G1 X33.787 Y74.102 E.15114
G1 X34.604 Y74.919 E.05435
G1 X35.868 Y77.767 E.14648
G1 X37.867 Y77.767 E.09401
G1 X37.867 Y73.305 E.20981
G1 X36.725 Y72.799 E.05873
G1 X35.908 Y71.981 E.05435
G1 X34.604 Y69.043 E.15114
G1 X33.787 Y68.226 E.05435
G1 X32.133 Y67.492 E.08508
G1 X32.133 Y61.616 E.27632
G1 X33.787 Y62.35 E.08508
G1 X34.604 Y63.167 E.05435
G1 X35.908 Y66.105 E.15114
G1 X36.725 Y66.923 E.05435
G1 X37.867 Y67.429 E.05873
G1 X37.867 Y61.553 E.27632
G1 X36.725 Y61.047 E.05873
G1 X35.908 Y60.229 E.05435
G1 X34.604 Y57.291 E.15114
G1 X33.787 Y56.474 E.05435
G1 X32.133 Y55.74 E.08508
G1 X32.133 Y49.864 E.27632
G1 X33.787 Y50.598 E.08508
G1 X34.604 Y51.415 E.05435
G1 X35.908 Y54.353 E.15114
G1 X36.725 Y55.17 E.05435
G1 X37.867 Y55.677 E.05873
G1 X37.867 Y49.801 E.27632
M73 P20 R18
G1 X36.725 Y49.294 E.05873
G1 X35.908 Y48.477 E.05435
G1 X34.604 Y45.539 E.15114
G1 X33.787 Y44.722 E.05435
G1 X32.133 Y43.988 E.08508
G1 X32.133 Y38.112 E.27632
G1 X33.787 Y38.846 E.08508
G1 X34.604 Y39.663 E.05435
G1 X35.908 Y42.601 E.15114
G1 X36.725 Y43.418 E.05435
G1 X37.867 Y43.925 E.05873
G1 X37.867 Y38.049 E.27632
G1 X36.725 Y37.542 E.05873
G1 X35.908 Y36.725 E.05435
G1 X34.604 Y33.787 E.15114
G1 X33.787 Y32.97 E.05435
G1 X32.133 Y32.236 E.08508
G1 X32.133 Y26.36 E.27632
G1 X33.787 Y27.094 E.08508
G1 X34.604 Y27.911 E.05435
G1 X35.908 Y30.849 E.15114
G1 X36.725 Y31.666 E.05435
G1 X37.867 Y32.173 E.05873
G1 X37.867 Y26.297 E.27632
G1 X36.725 Y25.79 E.05873
G1 X35.908 Y24.973 E.05435
G1 X34.604 Y22.035 E.15114
G1 X33.787 Y21.218 E.05435
G1 X32.133 Y20.484 E.08508
G1 X32.133 Y14.608 E.27632
G1 X33.787 Y15.342 E.08508
G1 X34.604 Y16.159 E.05435
G1 X35.908 Y19.097 E.15114
G1 X36.725 Y19.914 E.05435
G1 X37.867 Y20.421 E.05873
G1 X37.867 Y14.545 E.27632
G1 X36.725 Y14.038 E.05873
G1 X35.908 Y13.221 E.05435
G1 X34.604 Y10.283 E.15114
G1 X33.787 Y9.466 E.05435
G1 X32.133 Y8.732 E.08508
G1 X32.133 Y6.424 E.10855
G1 X37.867 Y10.977 F30000
G1 F6000
G1 X37.867 Y8.669 E.10855
G1 X36.725 Y8.162 E.05873
G1 X35.908 Y7.345 E.05435
G1 X34.604 Y4.407 E.15114
G1 X33.787 Y3.59 E.05435
G1 X32.133 Y2.856 E.08508
G1 X32.133 Y-3.02 E.27632
G1 X33.787 Y-2.286 E.08508
G1 X34.604 Y-1.469 E.05435
G1 X35.908 Y1.469 E.15114
G1 X36.725 Y2.286 E.05435
G1 X37.867 Y2.793 E.05873
G1 X37.867 Y-3.083 E.27632
G1 X36.725 Y-3.59 E.05873
G1 X35.908 Y-4.407 E.05435
G1 X34.604 Y-7.345 E.15114
G1 X33.787 Y-8.162 E.05435
G1 X32.133 Y-8.896 E.08508
G1 X32.133 Y-14.772 E.27632
G1 X33.787 Y-14.038 E.08508
G1 X34.604 Y-13.221 E.05435
G1 X35.908 Y-10.283 E.15114
G1 X36.725 Y-9.466 E.05435
G1 X37.867 Y-8.959 E.05873
G1 X37.867 Y-14.835 E.27632
G1 X36.725 Y-15.342 E.05873
G1 X35.908 Y-16.159 E.05435
G1 X34.604 Y-19.097 E.15114
G1 X33.787 Y-19.914 E.05435
G1 X32.133 Y-20.648 E.08508
G1 X32.133 Y-26.524 E.27632
G1 X33.787 Y-25.79 E.08508
G1 X34.604 Y-24.973 E.05435
G1 X35.908 Y-22.035 E.15114
G1 X36.725 Y-21.218 E.05435
G1 X37.867 Y-20.711 E.05873
G1 X37.867 Y-18.403 E.10855
G1 X32.133 Y-34.708 F30000
G1 F6000
G1 X32.133 Y-32.4 E.10855
G1 X33.787 Y-31.666 E.08508
G1 X34.604 Y-30.849 E.05435
G1 X35.908 Y-27.911 E.15114
G1 X36.725 Y-27.094 E.05435
G1 X37.867 Y-26.587 E.05873
G1 X37.867 Y-32.463 E.27632
G1 X36.725 Y-32.97 E.05873
G1 X35.908 Y-33.787 E.05435
G1 X34.604 Y-36.725 E.15114
G1 X33.787 Y-37.542 E.05435
G1 X32.133 Y-38.276 E.08508
G1 X32.133 Y-44.152 E.27632
G1 X33.787 Y-43.418 E.08508
G1 X34.604 Y-42.601 E.05435
G1 X35.908 Y-39.663 E.15114
G1 X36.725 Y-38.846 E.05435
G1 X37.867 Y-38.339 E.05873
G1 X37.867 Y-44.215 E.27632
G1 X36.725 Y-44.722 E.05873
G1 X35.908 Y-45.539 E.05435
G1 X34.604 Y-48.477 E.15114
G1 X33.787 Y-49.294 E.05435
G1 X32.133 Y-50.028 E.08508
G1 X32.133 Y-55.904 E.27632
G1 X33.787 Y-55.17 E.08508
G1 X34.604 Y-54.353 E.05435
G1 X35.908 Y-51.415 E.15114
G1 X36.725 Y-50.598 E.05435
G1 X37.867 Y-50.091 E.05873
G1 X37.867 Y-55.967 E.27632
G1 X36.725 Y-56.474 E.05873
G1 X35.908 Y-57.291 E.05435
G1 X34.604 Y-60.229 E.15114
G1 X33.787 Y-61.047 E.05435
G1 X32.133 Y-61.78 E.08508
G1 X32.133 Y-67.656 E.27632
G1 X33.787 Y-66.923 E.08508
G1 X34.604 Y-66.105 E.05435
G1 X35.908 Y-63.167 E.15114
G1 X36.725 Y-62.35 E.05435
G1 X37.867 Y-61.843 E.05873
G1 X37.867 Y-59.535 E.10855
G1 X32.133 Y-75.841 F30000
G1 F6000
G1 X32.133 Y-73.532 E.10855
G1 X33.787 Y-72.799 E.08508
G1 X34.604 Y-71.981 E.05435
G1 X35.908 Y-69.043 E.15114
G1 X36.725 Y-68.226 E.05435
G1 X37.867 Y-67.719 E.05873
G1 X37.867 Y-73.595 E.27632
G1 X36.725 Y-74.102 E.05873
G1 X35.908 Y-74.919 E.05435
G1 X34.645 Y-77.767 E.14648
G1 X36.953 Y-77.767 E.10855
G1 E-1.2 F2100
;WIPE_START
G1 F6000
G1 X34.953 Y-77.767
;WIPE_END
G1 X27.324 Y-77.529 Z1.2 F30000
G1 X-32.133 Y-75.677 Z1.2
G1 Z.8
G1 E1.2 F2100
G1 F6000
G1 X-32.133 Y-73.368 E.10855
G1 X-33.787 Y-74.102 E.08508
G1 X-34.604 Y-74.919 E.05435
G1 X-35.868 Y-77.767 E.14648
G1 X-37.867 Y-77.767 E.09401
G1 X-37.867 Y-73.305 E.20981
G1 X-36.725 Y-72.799 E.05873
G1 X-35.908 Y-71.981 E.05435
G1 X-34.604 Y-69.043 E.15114
G1 X-33.787 Y-68.226 E.05435
G1 X-32.133 Y-67.492 E.08508
M73 P21 R18
G1 X-32.133 Y-61.616 E.27632
G1 X-33.787 Y-62.35 E.08508
G1 X-34.604 Y-63.167 E.05435
G1 X-35.908 Y-66.105 E.15114
G1 X-36.725 Y-66.923 E.05435
G1 X-37.867 Y-67.429 E.05873
G1 X-37.867 Y-61.553 E.27632
G1 X-36.725 Y-61.047 E.05873
G1 X-35.908 Y-60.229 E.05435
G1 X-34.604 Y-57.291 E.15114
G1 X-33.787 Y-56.474 E.05435
G1 X-32.133 Y-55.74 E.08508
G1 X-32.133 Y-49.864 E.27632
G1 X-33.787 Y-50.598 E.08508
G1 X-34.604 Y-51.415 E.05435
G1 X-35.908 Y-54.353 E.15114
G1 X-36.725 Y-55.17 E.05435
G1 X-37.867 Y-55.677 E.05873
G1 X-37.867 Y-57.985 E.10855
G1 X-32.133 Y-35.804 F30000
G1 F6000
G1 X-32.133 Y-38.112 E.10855
G1 X-33.787 Y-38.846 E.08508
G1 X-34.604 Y-39.663 E.05435
G1 X-35.908 Y-42.601 E.15114
G1 X-36.725 Y-43.418 E.05435
G1 X-37.867 Y-43.925 E.05873
G1 X-37.867 Y-49.801 E.27632
G1 X-36.725 Y-49.294 E.05873
G1 X-35.908 Y-48.477 E.05435
G1 X-34.604 Y-45.539 E.15114
G1 X-33.787 Y-44.722 E.05435
G1 X-32.133 Y-43.988 E.08508
G1 X-32.133 Y-41.68 E.10855
G1 X-37.867 Y-40.357 F30000
G1 F6000
G1 X-37.867 Y-38.049 E.10855
G1 X-36.725 Y-37.542 E.05873
G1 X-35.908 Y-36.725 E.05435
G1 X-34.604 Y-33.787 E.15114
G1 X-33.787 Y-32.97 E.05435
G1 X-32.133 Y-32.236 E.08508
G1 X-32.133 Y-26.36 E.27632
G1 X-33.787 Y-27.094 E.08508
G1 X-34.604 Y-27.911 E.05435
G1 X-35.908 Y-30.849 E.15114
G1 X-36.725 Y-31.666 E.05435
G1 X-37.867 Y-32.173 E.05873
G1 X-37.867 Y-26.297 E.27632
G1 X-36.725 Y-25.79 E.05873
G1 X-35.908 Y-24.973 E.05435
G1 X-34.604 Y-22.035 E.15114
G1 X-33.787 Y-21.218 E.05435
G1 X-32.133 Y-20.484 E.08508
G1 X-32.133 Y-14.608 E.27632
G1 X-33.787 Y-15.342 E.08508
G1 X-34.604 Y-16.159 E.05435
G1 X-35.908 Y-19.097 E.15114
G1 X-36.725 Y-19.914 E.05435
G1 X-37.867 Y-20.421 E.05873
G1 X-37.867 Y-14.545 E.27632
G1 X-36.725 Y-14.038 E.05873
G1 X-35.908 Y-13.221 E.05435
G1 X-34.604 Y-10.283 E.15114
G1 X-33.787 Y-9.466 E.05435
G1 X-32.133 Y-8.732 E.08508
G1 X-32.133 Y-2.856 E.27632
G1 X-33.787 Y-3.59 E.08508
G1 X-34.604 Y-4.407 E.05435
G1 X-35.908 Y-7.345 E.15114
G1 X-36.725 Y-8.162 E.05435
G1 X-37.867 Y-8.669 E.05873
G1 X-37.867 Y-2.793 E.27632
G1 X-36.725 Y-2.286 E.05873
G1 X-35.908 Y-1.469 E.05435
G1 X-34.604 Y1.469 E.15114
G1 X-33.787 Y2.286 E.05435
G1 X-32.133 Y3.02 E.08508
G1 X-32.133 Y8.896 E.27632
G1 X-33.787 Y8.162 E.08508
G1 X-34.604 Y7.345 E.05435
G1 X-35.908 Y4.407 E.15114
G1 X-36.725 Y3.59 E.05435
G1 X-37.867 Y3.083 E.05873
G1 X-37.867 Y8.959 E.27632
G1 X-36.725 Y9.466 E.05873
G1 X-35.908 Y10.283 E.05435
G1 X-34.604 Y13.221 E.15114
G1 X-33.787 Y14.038 E.05435
G1 X-32.133 Y14.772 E.08508
G1 X-32.133 Y20.648 E.27632
G1 X-33.787 Y19.914 E.08508
G1 X-34.604 Y19.097 E.05435
G1 X-35.908 Y16.159 E.15114
G1 X-36.725 Y15.342 E.05435
G1 X-37.867 Y14.835 E.05873
G1 X-37.867 Y20.711 E.27632
G1 X-36.725 Y21.218 E.05873
G1 X-35.908 Y22.035 E.05435
G1 X-34.604 Y24.973 E.15114
G1 X-33.787 Y25.79 E.05435
G1 X-32.133 Y26.524 E.08508
G1 X-32.133 Y32.4 E.27632
G1 X-33.787 Y31.666 E.08508
G1 X-34.604 Y30.849 E.05435
G1 X-35.908 Y27.911 E.15114
G1 X-36.725 Y27.094 E.05435
G1 X-37.867 Y26.587 E.05873
G1 X-37.867 Y32.463 E.27632
G1 X-36.725 Y32.97 E.05873
G1 X-35.908 Y33.787 E.05435
G1 X-34.604 Y36.725 E.15114
G1 X-33.787 Y37.542 E.05435
G1 X-32.133 Y38.276 E.08508
G1 X-32.133 Y44.152 E.27632
G1 X-33.787 Y43.418 E.08508
G1 X-34.604 Y42.601 E.05435
G1 X-35.908 Y39.663 E.15114
G1 X-36.725 Y38.846 E.05435
G1 X-37.867 Y38.339 E.05873
G1 X-37.867 Y44.215 E.27632
G1 X-36.725 Y44.722 E.05873
G1 X-35.908 Y45.539 E.05435
G1 X-34.604 Y48.477 E.15114
G1 X-33.787 Y49.294 E.05435
G1 X-32.133 Y50.028 E.08508
G1 X-32.133 Y55.904 E.27632
G1 X-33.787 Y55.17 E.08508
G1 X-34.604 Y54.353 E.05435
G1 X-35.908 Y51.415 E.15114
G1 X-36.725 Y50.598 E.05435
G1 X-37.867 Y50.091 E.05873
G1 X-37.867 Y47.783 E.10855
;LAYER_CHANGE
;Z:1
;HEIGHT:0.2
;BEFORE_LAYER_CHANGE
;1
G1 E-1.2 F2100
;WIPE_START
G1 F6000
G1 X-37.867 Y49.783
;WIPE_END
;AFTER_LAYER_CHANGE
;1
;_SET_FAN_SPEED_CHANGING_LAYER
G17
G3 Z1.4 I-1.164 J.354 P1  F30000
G1 X-31.21 Y71.687 Z1.4
G1 Z1
G1 E1.2 F2100
SET_VELOCITY_LIMIT ACCEL=5000
;TYPE:Inner wall
G1 F9000
G1 X31.787 Y71.687 E2.96242
G1 X31.787 Y-78.113 E7.0443
G1 X38.213 Y-78.113 E.30217
G1 X38.213 Y78.113 E7.34647
G1 X-38.213 Y78.113 E3.5939
G1 X-38.213 Y-78.113 E7.34647
G1 X-31.787 Y-78.113 E.30217
G1 X-31.787 Y71.687 E7.0443
G1 X-31.246 Y71.687 E.02544
SET_VELOCITY_LIMIT ACCEL=10000
G1 X-31.21 Y71.11 F30000
SET_VELOCITY_LIMIT ACCEL=5000
;TYPE:Outer wall
G1 F7200
G1 X31.21 Y71.11 E2.93528
G1 X31.21 Y-78.69 E7.0443
G1 X38.79 Y-78.69 E.35645
G1 X38.79 Y78.69 E7.40074
G1 X-38.79 Y78.69 E3.64817
G1 X-38.79 Y-78.69 E7.40074
G1 X-31.21 Y-78.69 E.35645
M73 P22 R18
G1 X-31.21 Y71.074 E7.0426
SET_VELOCITY_LIMIT ACCEL=10000
G1 E-1.2 F2100
;WIPE_START
G1 F7200
G1 X-29.21 Y71.075
;WIPE_END
G1 X-32.133 Y70.009 Z1.4 F30000
G1 Z1
G1 E1.2 F2100
;TYPE:Sparse infill
G1 F6000
G1 X-32.133 Y67.701 E.10855
G1 X-33.787 Y66.569 E.09423
G1 X-34.251 Y66.105 E.03084
G1 X-36.261 Y63.167 E.16741
G1 X-36.725 Y62.703 E.03084
G1 X-37.867 Y61.922 E.06505
G1 X-37.867 Y56.046 E.27632
G1 X-36.725 Y56.827 E.06505
G1 X-36.261 Y57.291 E.03084
G1 X-34.251 Y60.229 E.16741
G1 X-33.787 Y60.693 E.03084
G1 X-32.133 Y61.825 E.09423
G1 X-32.133 Y64.133 E.10855
G1 X-36.621 Y77.767 F30000
G1 F6000
G1 X-34.313 Y77.767 E.10855
G1 X-36.261 Y74.919 E.16225
G1 X-36.725 Y74.455 E.03084
G1 X-37.867 Y73.674 E.06505
G1 X-37.867 Y67.798 E.27632
G1 X-36.725 Y68.579 E.06505
G1 X-36.261 Y69.043 E.03084
G1 X-34.251 Y71.981 E.16741
G1 X-33.787 Y72.445 E.03084
G1 X-30.849 Y74.455 E.16741
G1 X-30.385 Y74.919 E.03084
G1 X-28.437 Y77.767 E.16225
G1 X-22.561 Y77.767 E.27632
G1 X-24.509 Y74.919 E.16225
G1 X-24.973 Y74.455 E.03084
G1 X-27.911 Y72.445 E.16741
G1 X-28.323 Y72.033 E.02738
G1 X-22.447 Y72.033 E.27632
G1 X-22.035 Y72.445 E.02738
G1 X-19.097 Y74.455 E.16741
G1 X-18.633 Y74.919 E.03084
G1 X-16.685 Y77.767 E.16225
G1 X-10.809 Y77.767 E.27632
G1 X-12.757 Y74.919 E.16225
G1 X-13.221 Y74.455 E.03084
G1 X-16.159 Y72.445 E.16741
G1 X-16.571 Y72.033 E.02738
G1 X-10.695 Y72.033 E.27632
G1 X-10.283 Y72.445 E.02738
G1 X-7.345 Y74.455 E.16741
G1 X-6.881 Y74.919 E.03084
G1 X-4.933 Y77.767 E.16225
G1 X.943 Y77.767 E.27632
G1 X-1.005 Y74.919 E.16225
G1 X-1.469 Y74.455 E.03084
G1 X-4.407 Y72.445 E.16741
G1 X-4.819 Y72.033 E.02738
G1 X1.057 Y72.033 E.27632
G1 X1.469 Y72.445 E.02738
G1 X4.407 Y74.455 E.16741
G1 X4.871 Y74.919 E.03084
G1 X6.819 Y77.767 E.16225
G1 X12.695 Y77.767 E.27632
G1 X10.747 Y74.919 E.16225
G1 X10.283 Y74.455 E.03084
G1 X7.345 Y72.445 E.16741
G1 X6.933 Y72.033 E.02738
G1 X9.242 Y72.033 E.10855
G1 X16.263 Y77.767 F30000
G1 F6000
G1 X18.571 Y77.767 E.10855
G1 X16.623 Y74.919 E.16225
G1 X16.159 Y74.455 E.03084
G1 X13.221 Y72.445 E.16741
G1 X12.809 Y72.033 E.02738
G1 X18.685 Y72.033 E.27632
G1 X19.097 Y72.445 E.02738
G1 X22.035 Y74.455 E.16741
G1 X22.499 Y74.919 E.03084
G1 X24.447 Y77.767 E.16225
G1 X22.139 Y77.767 E.10855
G1 X26.87 Y72.033 F30000
G1 F6000
G1 X24.561 Y72.033 E.10855
G1 X24.973 Y72.445 E.02738
G1 X27.911 Y74.455 E.16741
G1 X28.375 Y74.919 E.03084
G1 X30.323 Y77.767 E.16225
G1 X36.199 Y77.767 E.27632
G1 X34.251 Y74.919 E.16225
G1 X33.787 Y74.455 E.03084
G1 X30.849 Y72.445 E.16741
G1 X30.437 Y72.033 E.02738
G1 X32.133 Y72.033 E.07975
G1 X32.133 Y71.421 E.0288
G1 X37.867 Y75.534 F30000
G1 F6000
G1 X37.867 Y73.226 E.10855
G1 X36.725 Y72.445 E.06505
G1 X36.261 Y71.981 E.03084
G1 X34.251 Y69.043 E.16741
G1 X33.787 Y68.579 E.03084
G1 X32.133 Y67.448 E.09423
G1 X32.133 Y61.572 E.27632
G1 X33.787 Y62.703 E.09423
G1 X34.251 Y63.167 E.03084
G1 X36.261 Y66.105 E.16741
G1 X36.725 Y66.569 E.03084
G1 X37.867 Y67.35 E.06505
G1 X37.867 Y61.474 E.27632
G1 X36.725 Y60.693 E.06505
G1 X36.261 Y60.229 E.03084
G1 X34.251 Y57.291 E.16741
G1 X33.787 Y56.827 E.03084
G1 X32.133 Y55.696 E.09423
G1 X32.133 Y49.82 E.27632
G1 X33.787 Y50.951 E.09423
G1 X34.251 Y51.415 E.03084
G1 X36.261 Y54.353 E.16741
G1 X36.725 Y54.817 E.03084
G1 X37.867 Y55.598 E.06505
G1 X37.867 Y49.722 E.27632
G1 X36.725 Y48.941 E.06505
G1 X36.261 Y48.477 E.03084
G1 X34.251 Y45.539 E.16741
G1 X33.787 Y45.075 E.03084
G1 X32.133 Y43.944 E.09423
G1 X32.133 Y38.068 E.27632
G1 X33.787 Y39.199 E.09423
G1 X34.251 Y39.663 E.03084
G1 X36.261 Y42.601 E.16741
G1 X36.725 Y43.065 E.03084
G1 X37.867 Y43.846 E.06505
G1 X37.867 Y37.97 E.27632
G1 X36.725 Y37.189 E.06505
G1 X36.261 Y36.725 E.03084
G1 X34.251 Y33.787 E.16741
G1 X33.787 Y33.323 E.03084
G1 X32.133 Y32.192 E.09423
G1 X32.133 Y26.316 E.27632
G1 X33.787 Y27.447 E.09423
G1 X34.251 Y27.911 E.03084
G1 X36.261 Y30.849 E.16741
G1 X36.725 Y31.313 E.03084
G1 X37.867 Y32.094 E.06505
G1 X37.867 Y29.786 E.10855
G1 X32.133 Y18.131 F30000
G1 F6000
G1 X32.133 Y20.44 E.10855
G1 X33.787 Y21.571 E.09423
G1 X34.251 Y22.035 E.03084
G1 X36.261 Y24.973 E.16741
G1 X36.725 Y25.437 E.03084
G1 X37.867 Y26.218 E.06505
G1 X37.867 Y20.342 E.27632
G1 X36.725 Y19.561 E.06505
G1 X36.261 Y19.097 E.03084
G1 X34.251 Y16.159 E.16741
G1 X33.787 Y15.695 E.03084
G1 X32.133 Y14.564 E.09423
G1 X32.133 Y8.688 E.27632
G1 X33.787 Y9.819 E.09423
G1 X34.251 Y10.283 E.03084
G1 X36.261 Y13.221 E.16741
G1 X36.725 Y13.685 E.03084
G1 X37.867 Y14.466 E.06505
G1 X37.867 Y8.59 E.27632
G1 X36.725 Y7.809 E.06505
G1 X36.261 Y7.345 E.03084
G1 X34.251 Y4.407 E.16741
G1 X33.787 Y3.943 E.03084
G1 X32.133 Y2.812 E.09423
G1 X32.133 Y-3.064 E.27632
G1 X33.787 Y-1.933 E.09423
G1 X34.251 Y-1.469 E.03084
G1 X36.261 Y1.469 E.16741
G1 X36.725 Y1.933 E.03084
G1 X37.867 Y2.714 E.06505
G1 X37.867 Y-3.162 E.27632
G1 X36.725 Y-3.943 E.06505
G1 X36.261 Y-4.407 E.03084
G1 X34.251 Y-7.345 E.16741
G1 X33.787 Y-7.809 E.03084
G1 X32.133 Y-8.94 E.09423
G1 X32.133 Y-14.816 E.27632
G1 X33.787 Y-13.685 E.09423
G1 X34.251 Y-13.221 E.03084
G1 X36.261 Y-10.283 E.16741
G1 X36.725 Y-9.819 E.03084
G1 X37.867 Y-9.038 E.06505
G1 X37.867 Y-14.914 E.27632
G1 X36.725 Y-15.695 E.06505
G1 X36.261 Y-16.159 E.03084
G1 X34.251 Y-19.097 E.16741
G1 X33.787 Y-19.561 E.03084
G1 X32.133 Y-20.692 E.09423
G1 X32.133 Y-26.569 E.27632
G1 X33.787 Y-25.437 E.09423
G1 X34.251 Y-24.973 E.03084
G1 X36.261 Y-22.035 E.16741
G1 X36.725 Y-21.571 E.03084
G1 X37.867 Y-20.79 E.06505
G1 X37.867 Y-26.666 E.27632
G1 X36.725 Y-27.447 E.06505
G1 X36.261 Y-27.911 E.03084
G1 X34.251 Y-30.849 E.16741
G1 X33.787 Y-31.313 E.03084
G1 X32.133 Y-32.445 E.09423
G1 X32.133 Y-38.321 E.27632
G1 X33.787 Y-37.189 E.09423
G1 X34.251 Y-36.725 E.03084
G1 X36.261 Y-33.787 E.16741
G1 X36.725 Y-33.323 E.03084
G1 X37.867 Y-32.542 E.06505
G1 X37.867 Y-38.418 E.27632
G1 X36.725 Y-39.199 E.06505
G1 X36.261 Y-39.663 E.03084
G1 X34.251 Y-42.601 E.16741
G1 X33.787 Y-43.065 E.03084
G1 X32.133 Y-44.197 E.09423
G1 X32.133 Y-50.073 E.27632
G1 X33.787 Y-48.941 E.09423
G1 X34.251 Y-48.477 E.03084
G1 X36.261 Y-45.539 E.16741
G1 X36.725 Y-45.075 E.03084
G1 X37.867 Y-44.294 E.06505
G1 X37.867 Y-50.17 E.27632
G1 X36.725 Y-50.951 E.06505
G1 X36.261 Y-51.415 E.03084
G1 X34.251 Y-54.353 E.16741
G1 X33.787 Y-54.817 E.03084
G1 X32.133 Y-55.949 E.09423
G1 X32.133 Y-61.825 E.27632
G1 X33.787 Y-60.693 E.09423
G1 X34.251 Y-60.229 E.03084
G1 X36.261 Y-57.291 E.16741
G1 X36.725 Y-56.827 E.03084
G1 X37.867 Y-56.046 E.06505
G1 X37.867 Y-61.922 E.27632
G1 X36.725 Y-62.703 E.06505
G1 X36.261 Y-63.167 E.03084
G1 X34.251 Y-66.105 E.16741
G1 X33.787 Y-66.569 E.03084
G1 X32.133 Y-67.701 E.09423
G1 X32.133 Y-73.577 E.27632
G1 X33.787 Y-72.445 E.09423
G1 X34.251 Y-71.981 E.03084
G1 X36.261 Y-69.043 E.16741
G1 X36.725 Y-68.579 E.03084
G1 X37.867 Y-67.798 E.06505
G1 X37.867 Y-73.674 E.27632
G1 X36.725 Y-74.455 E.06505
G1 X36.261 Y-74.919 E.03084
G1 X34.708 Y-77.19 E.12937
G1 X36.672 Y-77.19 E.09236
G1 X36.672 Y-77.534 E.01619
G1 X33.631 Y-77.651 F30000
SET_VELOCITY_LIMIT ACCEL=7000
;TYPE:Internal solid infill
;WIDTH:0.55292
G1 F9000
G1 X36.174 Y-77.651 E.10568
SET_VELOCITY_LIMIT ACCEL=10000
G1 E-1.2 F2100
;WIPE_START
G1 F9000
G1 X34.174 Y-77.651
;WIPE_END
G1 X26.545 Y-77.419 Z1.4 F30000
G1 X-32.133 Y-75.632 Z1.4
G1 Z1
G1 E1.2 F2100
;TYPE:Sparse infill
;WIDTH:0.62
G1 F6000
G1 X-32.133 Y-73.324 E.10855
G1 X-33.787 Y-74.455 E.09423
G1 X-34.251 Y-74.919 E.03084
G1 X-35.804 Y-77.19 E.12937
G1 X-36.83 Y-77.19 E.04824
G1 X-36.83 Y-77.767 E.02714
G1 X-37.867 Y-77.767 E.04873
G1 X-37.867 Y-73.226 E.21352
G1 X-36.725 Y-72.445 E.06505
G1 X-36.261 Y-71.981 E.03084
G1 X-34.251 Y-69.043 E.16741
G1 X-33.787 Y-68.579 E.03084
G1 X-32.133 Y-67.448 E.09423
G1 X-32.133 Y-61.572 E.27632
G1 X-33.787 Y-62.703 E.09423
G1 X-34.251 Y-63.167 E.03084
G1 X-36.261 Y-66.105 E.16741
G1 X-36.725 Y-66.569 E.03084
G1 X-37.867 Y-67.35 E.06505
G1 X-37.867 Y-61.474 E.27632
G1 X-36.725 Y-60.693 E.06505
G1 X-36.261 Y-60.229 E.03084
G1 X-34.251 Y-57.291 E.16741
G1 X-33.787 Y-56.827 E.03084
G1 X-32.133 Y-55.696 E.09423
G1 X-32.133 Y-49.82 E.27632
G1 X-33.787 Y-50.951 E.09423
G1 X-34.251 Y-51.415 E.03084
G1 X-36.261 Y-54.353 E.16741
G1 X-36.725 Y-54.817 E.03084
G1 X-37.867 Y-55.598 E.06505
G1 X-37.867 Y-49.722 E.27632
G1 X-36.725 Y-48.941 E.06505
G1 X-36.261 Y-48.477 E.03084
G1 X-34.251 Y-45.539 E.16741
G1 X-33.787 Y-45.075 E.03084
G1 X-32.133 Y-43.944 E.09423
G1 X-32.133 Y-38.068 E.27632
G1 X-33.787 Y-39.199 E.09423
G1 X-34.251 Y-39.663 E.03084
G1 X-36.261 Y-42.601 E.16741
G1 X-36.725 Y-43.065 E.03084
G1 X-37.867 Y-43.846 E.06505
G1 X-37.867 Y-46.154 E.10855
G1 X-32.133 Y-29.883 F30000
G1 F6000
G1 X-32.133 Y-32.192 E.10855
G1 X-33.787 Y-33.323 E.09423
G1 X-34.251 Y-33.787 E.03084
G1 X-36.261 Y-36.725 E.16741
G1 X-36.725 Y-37.189 E.03084
G1 X-37.867 Y-37.97 E.06505
G1 X-37.867 Y-32.094 E.27632
G1 X-36.725 Y-31.313 E.06505
G1 X-36.261 Y-30.849 E.03084
G1 X-34.251 Y-27.911 E.16741
G1 X-33.787 Y-27.447 E.03084
G1 X-32.133 Y-26.316 E.09423
G1 X-32.133 Y-20.44 E.27632
G1 X-33.787 Y-21.571 E.09423
G1 X-34.251 Y-22.035 E.03084
G1 X-36.261 Y-24.973 E.16741
G1 X-36.725 Y-25.437 E.03084
G1 X-37.867 Y-26.218 E.06505
G1 X-37.867 Y-20.342 E.27632
G1 X-36.725 Y-19.561 E.06505
G1 X-36.261 Y-19.097 E.03084
G1 X-34.251 Y-16.159 E.16741
G1 X-33.787 Y-15.695 E.03084
G1 X-32.133 Y-14.564 E.09423
G1 X-32.133 Y-8.688 E.27632
G1 X-33.787 Y-9.819 E.09423
G1 X-34.251 Y-10.283 E.03084
G1 X-36.261 Y-13.221 E.16741
G1 X-36.725 Y-13.685 E.03084
G1 X-37.867 Y-14.466 E.06505
G1 X-37.867 Y-8.59 E.27632
G1 X-36.725 Y-7.809 E.06505
G1 X-36.261 Y-7.345 E.03084
G1 X-34.251 Y-4.407 E.16741
G1 X-33.787 Y-3.943 E.03084
G1 X-32.133 Y-2.812 E.09423
G1 X-32.133 Y3.064 E.27632
G1 X-33.787 Y1.933 E.09423
G1 X-34.251 Y1.469 E.03084
G1 X-36.261 Y-1.469 E.16741
G1 X-36.725 Y-1.933 E.03084
G1 X-37.867 Y-2.714 E.06505
G1 X-37.867 Y3.162 E.27632
G1 X-36.725 Y3.943 E.06505
G1 X-36.261 Y4.407 E.03084
G1 X-34.251 Y7.345 E.16741
G1 X-33.787 Y7.809 E.03084
G1 X-32.133 Y8.94 E.09423
G1 X-32.133 Y14.816 E.27632
G1 X-33.787 Y13.685 E.09423
G1 X-34.251 Y13.221 E.03084
G1 X-36.261 Y10.283 E.16741
G1 X-36.725 Y9.819 E.03084
G1 X-37.867 Y9.038 E.06505
G1 X-37.867 Y14.914 E.27632
G1 X-36.725 Y15.695 E.06505
G1 X-36.261 Y16.159 E.03084
G1 X-34.251 Y19.097 E.16741
G1 X-33.787 Y19.561 E.03084
G1 X-32.133 Y20.692 E.09423
G1 X-32.133 Y26.569 E.27632
G1 X-33.787 Y25.437 E.09423
G1 X-34.251 Y24.973 E.03084
G1 X-36.261 Y22.035 E.16741
G1 X-36.725 Y21.571 E.03084
G1 X-37.867 Y20.79 E.06505
G1 X-37.867 Y18.482 E.10855
G1 X-32.133 Y34.753 F30000
G1 F6000
G1 X-32.133 Y32.445 E.10855
G1 X-33.787 Y31.313 E.09423
G1 X-34.251 Y30.849 E.03084
G1 X-36.261 Y27.911 E.16741
G1 X-36.725 Y27.447 E.03084
G1 X-37.867 Y26.666 E.06505
G1 X-37.867 Y32.542 E.27632
G1 X-36.725 Y33.323 E.06505
G1 X-36.261 Y33.787 E.03084
G1 X-34.251 Y36.725 E.16741
G1 X-33.787 Y37.189 E.03084
G1 X-32.133 Y38.321 E.09423
G1 X-32.133 Y44.197 E.27632
G1 X-33.787 Y43.065 E.09423
G1 X-34.251 Y42.601 E.03084
G1 X-36.261 Y39.663 E.16741
G1 X-36.725 Y39.199 E.03084
G1 X-37.867 Y38.418 E.06505
G1 X-37.867 Y44.294 E.27632
G1 X-36.725 Y45.075 E.06505
G1 X-36.261 Y45.539 E.03084
G1 X-34.251 Y48.477 E.16741
G1 X-33.787 Y48.941 E.03084
G1 X-32.133 Y50.073 E.09423
G1 X-32.133 Y55.949 E.27632
G1 X-33.787 Y54.817 E.09423
G1 X-34.251 Y54.353 E.03084
G1 X-36.261 Y51.415 E.16741
G1 X-36.725 Y50.951 E.03084
G1 X-37.867 Y50.17 E.06505
G1 X-37.867 Y47.862 E.10855
G1 X-36.369 Y-77.651 F30000
SET_VELOCITY_LIMIT ACCEL=7000
;TYPE:Internal solid infill
;WIDTH:0.55292
G1 F9000
G1 X-33.826 Y-77.651 E.10568
;LAYER_CHANGE
;Z:1.2
;HEIGHT:0.2
;BEFORE_LAYER_CHANGE
;1.2
G1 E-1.2 F2100
;WIPE_START
G1 F9000
G1 X-35.826 Y-77.651
;WIPE_END
;AFTER_LAYER_CHANGE
;1.2
;_SET_FAN_SPEED_CHANGING_LAYER
SET_VELOCITY_LIMIT ACCEL=10000
G17
G3 Z1.6 I-1.216 J.038 P1  F30000
G1 X-31.21 Y71.687 Z1.6
G1 Z1.2
G1 E1.2 F2100
SET_VELOCITY_LIMIT ACCEL=5000
;TYPE:Inner wall
;WIDTH:0.62
G1 F9000
M73 P23 R18
G1 X31.787 Y71.687 E2.96242
G1 X31.787 Y-78.113 E7.0443
G1 X38.213 Y-78.113 E.30217
G1 X38.213 Y78.113 E7.34647
G1 X-38.213 Y78.113 E3.5939
G1 X-38.213 Y-78.113 E7.34647
G1 X-31.787 Y-78.113 E.30217
G1 X-31.787 Y71.687 E7.0443
G1 X-31.246 Y71.687 E.02544
SET_VELOCITY_LIMIT ACCEL=10000
G1 X-31.21 Y71.11 F30000
SET_VELOCITY_LIMIT ACCEL=5000
;TYPE:Outer wall
G1 F7200
G1 X31.21 Y71.11 E2.93528
G1 X31.21 Y-78.69 E7.0443
G1 X38.79 Y-78.69 E.35645
G1 X38.79 Y78.69 E7.40074
G1 X-38.79 Y78.69 E3.64817
G1 X-38.79 Y-78.69 E7.40074
G1 X-31.21 Y-78.69 E.35645
G1 X-31.21 Y71.074 E7.0426
SET_VELOCITY_LIMIT ACCEL=10000
G1 E-1.2 F2100
;WIPE_START
G1 F7200
G1 X-29.21 Y71.075
;WIPE_END
G1 X-32.133 Y70.067 Z1.6 F30000
G1 Z1.2
G1 E1.2 F2100
;TYPE:Sparse infill
G1 F6000
G1 X-32.133 Y67.759 E.10855
G1 X-37.867 Y62.026 E.38128
G1 X-37.867 Y56.15 E.27632
G1 X-32.133 Y61.883 E.38128
G1 X-32.133 Y56.007 E.27632
G1 X-37.867 Y50.274 E.38128
G1 X-37.867 Y44.398 E.27632
G1 X-32.133 Y50.131 E.38128
G1 X-32.133 Y44.255 E.27632
G1 X-37.867 Y38.522 E.38128
G1 X-37.867 Y32.646 E.27632
G1 X-32.133 Y38.379 E.38128
G1 X-32.133 Y40.687 E.10855
G1 X-37.867 Y29.078 F30000
G1 F6000
G1 X-37.867 Y26.77 E.10855
G1 X-32.133 Y32.503 E.38128
G1 X-32.133 Y26.627 E.27632
G1 X-37.867 Y20.894 E.38128
G1 X-37.867 Y15.017 E.27632
G1 X-32.133 Y20.751 E.38128
G1 X-32.133 Y14.875 E.27632
G1 X-37.867 Y9.141 E.38128
G1 X-37.867 Y3.265 E.27632
G1 X-32.133 Y8.999 E.38128
G1 X-32.133 Y3.123 E.27632
G1 X-37.867 Y-2.611 E.38128
G1 X-37.867 Y-8.487 E.27632
G1 X-32.133 Y-2.753 E.38128
G1 X-32.133 Y-8.629 E.27632
G1 X-37.867 Y-14.363 E.38128
G1 X-37.867 Y-20.239 E.27632
M73 P24 R18
G1 X-32.133 Y-14.505 E.38128
G1 X-32.133 Y-20.381 E.27632
G1 X-37.867 Y-26.115 E.38128
G1 X-37.867 Y-28.423 E.10855
G1 X-32.133 Y-23.949 F30000
G1 F6000
G1 X-32.133 Y-26.257 E.10855
G1 X-37.867 Y-31.991 E.38128
G1 X-37.867 Y-37.867 E.27632
G1 X-32.133 Y-32.133 E.38128
G1 X-32.133 Y-38.009 E.27632
G1 X-37.867 Y-43.743 E.38128
G1 X-37.867 Y-49.619 E.27632
G1 X-32.133 Y-43.885 E.38128
G1 X-32.133 Y-49.761 E.27632
G1 X-37.867 Y-55.495 E.38128
G1 X-37.867 Y-61.371 E.27632
G1 X-32.133 Y-55.637 E.38128
G1 X-32.133 Y-57.946 E.10855
G1 X-34.125 Y-68.609 F30000
SET_VELOCITY_LIMIT ACCEL=2500
;TYPE:Internal Bridge
;WIDTH:0.6
;HEIGHT:0.6
G1 F3000
G1 X-34.125 Y-77.73 E1.05071
G1 X-34.775 Y-77.73 E.07488
G1 X-34.775 Y-69.785 E.91533
G1 X-35.425 Y-70.735 E.13259
G1 X-35.425 Y-77.73 E.8059
G1 X-36.075 Y-77.73 E.07488
G1 X-36.075 Y-71.166 E.75614
SET_VELOCITY_LIMIT ACCEL=10000
G1 X-36.83 Y-74.395 F30000
;TYPE:Sparse infill
;WIDTH:0.62
;HEIGHT:0.2
G1 F6000
M106 S255
G1 X-36.83 Y-72.086 E.10855
G1 X-37.867 Y-73.123 E.06892
G1 X-37.867 Y-67.247 E.27632
G1 X-32.133 Y-61.513 E.38128
G1 X-32.133 Y-67.389 E.27632
G1 X-33.328 Y-68.584 E.07946
G1 X-33.328 Y-74.46 E.27632
G1 X-32.133 Y-73.265 E.07946
G1 X-32.133 Y-75.574 E.10855
G1 E-1.2 F2100
;WIPE_START
G1 F6000
G1 X-32.133 Y-73.574
;WIPE_END
G1 X-24.506 Y-73.848 Z1.6 F30000
G1 X37.867 Y-76.086 Z1.6
G1 Z1.2
G1 E1.2 F2100
G1 F6000
G1 X37.867 Y-73.778 E.10855
G1 X36.672 Y-74.973 E.07946
G1 X36.672 Y-69.268 E.26823
G1 X36.54 Y-69.228 E.00646
G1 X37.867 Y-67.902 E.08819
G1 X37.867 Y-65.593 E.10855
G1 X35.425 Y-69.723 F30000
SET_VELOCITY_LIMIT ACCEL=2500
;TYPE:Internal Bridge
;WIDTH:0.6
;HEIGHT:0.6
G1 F3000
G1 X35.425 Y-77.73 E.92244
G1 X34.775 Y-77.73 E.07488
G1 X34.775 Y-71.191 E.75334
G1 X34.605 Y-71.44 E.03474
G1 X34.125 Y-71.44 E.05526
G1 X34.125 Y-78.023 E.75836
SET_VELOCITY_LIMIT ACCEL=10000
G1 X33.17 Y-74.907 F30000
;TYPE:Sparse infill
;WIDTH:0.62
;HEIGHT:0.2
G1 F6000
M106 S255
G1 X33.17 Y-72.599 E.10855
G1 X32.133 Y-73.635 E.06892
G1 X32.133 Y-67.759 E.27632
G1 X37.867 Y-62.026 E.38128
G1 X37.867 Y-56.15 E.27632
G1 X32.133 Y-61.883 E.38128
G1 X32.133 Y-56.007 E.27632
G1 X37.867 Y-50.274 E.38128
G1 X37.867 Y-47.965 E.10855
G1 X32.133 Y-52.439 F30000
G1 F6000
G1 X32.133 Y-50.131 E.10855
G1 X37.867 Y-44.398 E.38128
G1 X37.867 Y-38.522 E.27632
G1 X32.133 Y-44.255 E.38128
G1 X32.133 Y-38.379 E.27632
G1 X37.867 Y-32.646 E.38128
G1 X37.867 Y-26.77 E.27632
G1 X32.133 Y-32.503 E.38128
G1 X32.133 Y-26.627 E.27632
G1 X37.867 Y-20.894 E.38128
G1 X37.867 Y-15.017 E.27632
G1 X32.133 Y-20.751 E.38128
G1 X32.133 Y-14.875 E.27632
G1 X37.867 Y-9.141 E.38128
G1 X37.867 Y-3.265 E.27632
G1 X32.133 Y-8.999 E.38128
G1 X32.133 Y-3.123 E.27632
G1 X37.867 Y2.611 E.38128
G1 X37.867 Y.302 E.10855
G1 X32.133 Y.445 F30000
G1 F6000
G1 X32.133 Y2.753 E.10855
G1 X37.867 Y8.487 E.38128
G1 X37.867 Y14.363 E.27632
G1 X32.133 Y8.629 E.38128
G1 X32.133 Y14.505 E.27632
G1 X37.867 Y20.239 E.38128
G1 X37.867 Y26.115 E.27632
G1 X32.133 Y20.381 E.38128
G1 X32.133 Y26.257 E.27632
G1 X37.867 Y31.991 E.38128
G1 X37.867 Y29.682 E.10855
G1 X32.133 Y29.825 F30000
G1 F6000
G1 X32.133 Y32.133 E.10855
G1 X37.867 Y37.867 E.38128
G1 X37.867 Y43.743 E.27632
G1 X32.133 Y38.009 E.38128
G1 X32.133 Y43.885 E.27632
G1 X37.867 Y49.619 E.38128
G1 X37.867 Y55.495 E.27632
G1 X32.133 Y49.761 E.38128
G1 X32.133 Y55.637 E.27632
G1 X37.867 Y61.371 E.38128
G1 X37.867 Y67.247 E.27632
G1 X32.133 Y61.513 E.38128
G1 X32.133 Y67.389 E.27632
G1 X37.867 Y73.123 E.38128
G1 X37.867 Y77.767 E.21838
G1 X36.635 Y77.767 E.05794
G1 X30.901 Y72.033 E.38128
G1 X25.025 Y72.033 E.27632
G1 X30.759 Y77.767 E.38128
G1 X24.883 Y77.767 E.27632
G1 X19.149 Y72.033 E.38128
G1 X13.273 Y72.033 E.27632
G1 X19.006 Y77.767 E.38128
G1 X16.698 Y77.767 E.10855
G1 X9.705 Y72.033 F30000
G1 F6000
G1 X7.397 Y72.033 E.10855
G1 X13.13 Y77.767 E.38128
G1 X7.254 Y77.767 E.27632
G1 X1.521 Y72.033 E.38128
G1 X-4.355 Y72.033 E.27632
G1 X1.378 Y77.767 E.38128
G1 X-4.498 Y77.767 E.27632
G1 X-10.231 Y72.033 E.38128
G1 X-16.107 Y72.033 E.27632
G1 X-10.374 Y77.767 E.38128
G1 X-16.25 Y77.767 E.27632
G1 X-21.983 Y72.033 E.38128
G1 X-27.859 Y72.033 E.27632
G1 X-22.126 Y77.767 E.38128
G1 X-28.002 Y77.767 E.27632
G1 X-37.867 Y67.902 E.65605
G1 X-37.867 Y73.778 E.27632
G1 X-33.878 Y77.767 E.26528
G1 X-36.186 Y77.767 E.10855
;LAYER_CHANGE
;Z:1.4
;HEIGHT:0.2
;BEFORE_LAYER_CHANGE
;1.4
G1 E-1.2 F2100
;WIPE_START
G1 F6000
G1 X-34.186 Y77.767
;WIPE_END
;AFTER_LAYER_CHANGE
;1.4
;_SET_FAN_SPEED_CHANGING_LAYER
G17
G3 Z1.8 I1.093 J.535 P1  F30000
G1 X-31.21 Y71.687 Z1.8
G1 Z1.4
G1 E1.2 F2100
SET_VELOCITY_LIMIT ACCEL=5000
;TYPE:Inner wall
G1 F9000
G1 X31.787 Y71.687 E2.96242
G1 X31.787 Y-78.113 E7.0443
G1 X38.213 Y-78.113 E.30217
G1 X38.213 Y78.113 E7.34647
G1 X-38.213 Y78.113 E3.5939
M73 P24 R17
G1 X-38.213 Y-78.113 E7.34647
G1 X-31.787 Y-78.113 E.30217
M73 P25 R17
G1 X-31.787 Y71.687 E7.0443
G1 X-31.246 Y71.687 E.02544
SET_VELOCITY_LIMIT ACCEL=10000
G1 X-31.21 Y71.11 F30000
SET_VELOCITY_LIMIT ACCEL=5000
;TYPE:Outer wall
G1 F7200
G1 X31.21 Y71.11 E2.93528
G1 X31.21 Y-78.69 E7.0443
G1 X38.79 Y-78.69 E.35645
G1 X38.79 Y78.69 E7.40074
G1 X-38.79 Y78.69 E3.64817
G1 X-38.79 Y-78.69 E7.40074
G1 X-31.21 Y-78.69 E.35645
G1 X-31.21 Y71.074 E7.0426
SET_VELOCITY_LIMIT ACCEL=10000
G1 E-1.2 F2100
;WIPE_START
G1 F7200
G1 X-29.21 Y71.075
;WIPE_END
G1 X-32.133 Y70.067 Z1.8 F30000
G1 Z1.4
G1 E1.2 F2100
;TYPE:Sparse infill
G1 F6000
G1 X-32.133 Y67.759 E.10855
G1 X-37.867 Y62.026 E.38128
G1 X-37.867 Y56.15 E.27632
G1 X-32.133 Y61.883 E.38128
G1 X-32.133 Y56.007 E.27632
G1 X-37.867 Y50.274 E.38128
G1 X-37.867 Y44.398 E.27632
G1 X-32.133 Y50.131 E.38128
G1 X-32.133 Y44.255 E.27632
G1 X-37.867 Y38.522 E.38128
G1 X-37.867 Y32.646 E.27632
G1 X-32.133 Y38.379 E.38128
G1 X-32.133 Y40.687 E.10855
G1 X-37.867 Y29.078 F30000
G1 F6000
G1 X-37.867 Y26.77 E.10855
G1 X-32.133 Y32.503 E.38128
G1 X-32.133 Y26.627 E.27632
G1 X-37.867 Y20.894 E.38128
G1 X-37.867 Y15.017 E.27632
G1 X-32.133 Y20.751 E.38128
G1 X-32.133 Y14.875 E.27632
G1 X-37.867 Y9.141 E.38128
G1 X-37.867 Y3.265 E.27632
G1 X-32.133 Y8.999 E.38128
G1 X-32.133 Y3.123 E.27632
G1 X-37.867 Y-2.611 E.38128
G1 X-37.867 Y-8.487 E.27632
G1 X-32.133 Y-2.753 E.38128
G1 X-32.133 Y-8.629 E.27632
G1 X-37.867 Y-14.363 E.38128
G1 X-37.867 Y-20.239 E.27632
G1 X-32.133 Y-14.505 E.38128
G1 X-32.133 Y-20.381 E.27632
G1 X-37.867 Y-26.115 E.38128
G1 X-37.867 Y-28.423 E.10855
G1 X-32.133 Y-23.949 F30000
G1 F6000
G1 X-32.133 Y-26.257 E.10855
G1 X-37.867 Y-31.991 E.38128
G1 X-37.867 Y-37.867 E.27632
G1 X-32.133 Y-32.133 E.38128
G1 X-32.133 Y-38.009 E.27632
G1 X-37.867 Y-43.743 E.38128
G1 X-37.867 Y-49.619 E.27632
G1 X-32.133 Y-43.885 E.38128
G1 X-32.133 Y-49.761 E.27632
G1 X-37.867 Y-55.495 E.38128
G1 X-37.867 Y-61.371 E.27632
G1 X-32.133 Y-55.637 E.38128
G1 X-32.133 Y-61.513 E.27632
G1 X-37.867 Y-67.247 E.38128
G1 X-37.867 Y-73.123 E.27632
G1 X-37.096 Y-72.352 E.05124
G1 X-37.096 Y-72.194 E.00744
G1 X-36.833 Y-71.863 E.01991
G1 X-36.538 Y-71.794 E.01423
G1 X-32.133 Y-67.389 E.29293
G1 X-32.133 Y-73.265 E.27632
G1 X-32.904 Y-74.036 E.05124
G1 X-32.904 Y-76.344 E.10855
G1 X-33.558 Y-77.497 F30000
SET_VELOCITY_LIMIT ACCEL=7000
;TYPE:Internal solid infill
;WIDTH:0.879254
G1 F8967.709
G1 X-33.663 Y-77.497 E.00712
G1 X-33.715 Y-77.406 E.00712
G1 X-33.663 Y-77.316 E.00712
G1 X-33.558 Y-77.316 E.00712
G1 X-33.524 Y-77.375 E.00467
SET_VELOCITY_LIMIT ACCEL=10000
G1 X-35.176 Y-78.026 F30000
SET_VELOCITY_LIMIT ACCEL=7000
;WIDTH:0.658471
G1 F9000
G1 X-33.481 Y-76.332 E.12023
G1 X-33.481 Y-75.461 E.04366
G1 X-35.787 Y-77.767 E.16356
G1 X-36.519 Y-77.767 E.03675
G1 X-36.519 Y-77.629 E.00692
G1 X-33.481 Y-74.59 E.21553
G1 X-33.481 Y-73.72 E.04366
G1 X-36.519 Y-76.758 E.21553
G1 X-36.519 Y-75.888 E.04366
G1 X-33.481 Y-72.849 E.21553
G1 X-33.481 Y-72.395 E.02277
G1 X-33.494 Y-72.379 E.00104
G1 X-33.808 Y-72.306 E.0162
G1 X-36.519 Y-75.017 E.19231
G1 X-36.519 Y-74.147 E.04366
G1 X-34.539 Y-72.166 E.14047
G1 X-34.999 Y-72.13 E.02314
G1 X-35.405 Y-72.162 E.02044
G1 X-36.519 Y-73.276 E.07904
G1 X-36.519 Y-72.406 E.04366
G1 X-36.142 Y-72.028 E.02679
SET_VELOCITY_LIMIT ACCEL=10000
G1 E-1.2 F2100
;WIPE_START
G1 F9000
G1 X-36.519 Y-72.406
G1 X-36.519 Y-73.276
G1 X-36.098 Y-72.855
;WIPE_END
G1 X-28.526 Y-71.894 Z1.8 F30000
G1 X32.133 Y-64.191 Z1.8
G1 Z1.4
G1 E1.2 F2100
;TYPE:Sparse infill
;WIDTH:0.62
G1 F6000
G1 X32.133 Y-61.883 E.10855
G1 X37.867 Y-56.15 E.38128
G1 X37.867 Y-62.026 E.27632
G1 X32.133 Y-67.759 E.38128
G1 X32.133 Y-73.635 E.27632
G1 X32.904 Y-72.865 E.05124
G1 X32.904 Y-72.194 E.03153
G1 X33.167 Y-71.863 E.01991
G1 X34.129 Y-71.64 E.04642
G1 X37.867 Y-67.902 E.24858
G1 X37.867 Y-73.778 E.27632
G1 X37.096 Y-74.548 E.05124
G1 X37.096 Y-76.856 E.10855
G1 X36.442 Y-77.497 F30000
SET_VELOCITY_LIMIT ACCEL=7000
;TYPE:Internal solid infill
;WIDTH:0.879254
G1 F8967.709
G1 X36.337 Y-77.497 E.00712
G1 X36.285 Y-77.406 E.00712
G1 X36.337 Y-77.316 E.00712
G1 X36.442 Y-77.316 E.00712
G1 X36.476 Y-77.375 E.00467
SET_VELOCITY_LIMIT ACCEL=10000
G1 X34.824 Y-78.026 F30000
SET_VELOCITY_LIMIT ACCEL=7000
;WIDTH:0.658471
G1 F9000
G1 X36.519 Y-76.332 E.12023
G1 X36.519 Y-75.461 E.04366
G1 X34.213 Y-77.767 E.16356
G1 X33.481 Y-77.767 E.03675
G1 X33.481 Y-77.629 E.00692
G1 X36.519 Y-74.59 E.21553
G1 X36.519 Y-73.72 E.04366
G1 X33.481 Y-76.758 E.21553
G1 X33.481 Y-75.888 E.04366
G1 X36.519 Y-72.849 E.21553
G1 X36.519 Y-72.395 E.02277
G1 X36.506 Y-72.379 E.00104
G1 X36.192 Y-72.306 E.0162
G1 X33.481 Y-75.017 E.19231
G1 X33.481 Y-74.147 E.04366
G1 X35.461 Y-72.166 E.14047
G1 X35.001 Y-72.13 E.02314
G1 X34.595 Y-72.162 E.02044
G1 X33.481 Y-73.276 E.07904
G1 X33.481 Y-72.406 E.04366
G1 X33.858 Y-72.028 E.02679
SET_VELOCITY_LIMIT ACCEL=10000
G1 X37.867 Y-47.965 F30000
;TYPE:Sparse infill
;WIDTH:0.62
G1 F6000
G1 X37.867 Y-50.274 E.10855
G1 X32.133 Y-56.007 E.38128
G1 X32.133 Y-50.131 E.27632
G1 X37.867 Y-44.398 E.38128
M73 P26 R17
G1 X37.867 Y-38.522 E.27632
G1 X32.133 Y-44.255 E.38128
G1 X32.133 Y-38.379 E.27632
G1 X37.867 Y-32.646 E.38128
G1 X37.867 Y-26.77 E.27632
G1 X32.133 Y-32.503 E.38128
G1 X32.133 Y-26.627 E.27632
G1 X37.867 Y-20.894 E.38128
G1 X37.867 Y-15.017 E.27632
G1 X32.133 Y-20.751 E.38128
G1 X32.133 Y-14.875 E.27632
G1 X37.867 Y-9.141 E.38128
G1 X37.867 Y-3.265 E.27632
G1 X32.133 Y-8.999 E.38128
G1 X32.133 Y-3.123 E.27632
G1 X37.867 Y2.611 E.38128
G1 X37.867 Y.302 E.10855
G1 X32.133 Y.445 F30000
G1 F6000
G1 X32.133 Y2.753 E.10855
G1 X37.867 Y8.487 E.38128
G1 X37.867 Y14.363 E.27632
G1 X32.133 Y8.629 E.38128
G1 X32.133 Y14.505 E.27632
G1 X37.867 Y20.239 E.38128
G1 X37.867 Y26.115 E.27632
G1 X32.133 Y20.381 E.38128
G1 X32.133 Y26.257 E.27632
G1 X37.867 Y31.991 E.38128
G1 X37.867 Y29.682 E.10855
G1 X32.133 Y29.825 F30000
G1 F6000
G1 X32.133 Y32.133 E.10855
G1 X37.867 Y37.867 E.38128
G1 X37.867 Y43.743 E.27632
G1 X32.133 Y38.009 E.38128
G1 X32.133 Y43.885 E.27632
G1 X37.867 Y49.619 E.38128
G1 X37.867 Y55.495 E.27632
G1 X32.133 Y49.761 E.38128
G1 X32.133 Y55.637 E.27632
G1 X37.867 Y61.371 E.38128
G1 X37.867 Y67.247 E.27632
G1 X32.133 Y61.513 E.38128
G1 X32.133 Y67.389 E.27632
G1 X37.867 Y73.123 E.38128
G1 X37.867 Y77.767 E.21838
G1 X36.635 Y77.767 E.05794
G1 X30.901 Y72.033 E.38128
G1 X25.025 Y72.033 E.27632
G1 X30.759 Y77.767 E.38128
G1 X24.883 Y77.767 E.27632
G1 X19.149 Y72.033 E.38128
G1 X13.273 Y72.033 E.27632
G1 X19.006 Y77.767 E.38128
G1 X16.698 Y77.767 E.10855
G1 X9.705 Y72.033 F30000
G1 F6000
G1 X7.397 Y72.033 E.10855
G1 X13.13 Y77.767 E.38128
G1 X7.254 Y77.767 E.27632
G1 X1.521 Y72.033 E.38128
G1 X-4.355 Y72.033 E.27632
G1 X1.378 Y77.767 E.38128
G1 X-4.498 Y77.767 E.27632
G1 X-10.231 Y72.033 E.38128
G1 X-16.107 Y72.033 E.27632
G1 X-10.374 Y77.767 E.38128
G1 X-16.25 Y77.767 E.27632
G1 X-21.983 Y72.033 E.38128
G1 X-27.859 Y72.033 E.27632
G1 X-22.126 Y77.767 E.38128
G1 X-28.002 Y77.767 E.27632
G1 X-37.867 Y67.902 E.65605
G1 X-37.867 Y73.778 E.27632
G1 X-33.878 Y77.767 E.26528
G1 X-36.186 Y77.767 E.10855
;LAYER_CHANGE
;Z:1.6
;HEIGHT:0.2
;BEFORE_LAYER_CHANGE
;1.6
G1 E-1.2 F2100
;WIPE_START
G1 F6000
G1 X-34.186 Y77.767
;WIPE_END
;AFTER_LAYER_CHANGE
;1.6
;_SET_FAN_SPEED_CHANGING_LAYER
G17
G3 Z2 I1.093 J.535 P1  F30000
G1 X-31.21 Y71.687 Z2
G1 Z1.6
G1 E1.2 F2100
SET_VELOCITY_LIMIT ACCEL=5000
;TYPE:Inner wall
G1 F9000
G1 X31.787 Y71.687 E2.96242
G1 X31.787 Y-78.113 E7.0443
G1 X38.213 Y-78.113 E.30217
G1 X38.213 Y78.113 E7.34647
G1 X-38.213 Y78.113 E3.5939
G1 X-38.213 Y-78.113 E7.34647
G1 X-31.787 Y-78.113 E.30217
G1 X-31.787 Y71.687 E7.0443
G1 X-31.246 Y71.687 E.02544
SET_VELOCITY_LIMIT ACCEL=10000
G1 X-31.21 Y71.11 F30000
SET_VELOCITY_LIMIT ACCEL=5000
;TYPE:Outer wall
G1 F7200
G1 X31.21 Y71.11 E2.93528
G1 X31.21 Y-78.69 E7.0443
G1 X38.79 Y-78.69 E.35645
G1 X38.79 Y78.69 E7.40074
G1 X-38.79 Y78.69 E3.64817
G1 X-38.79 Y-78.69 E7.40074
M73 P27 R17
G1 X-31.21 Y-78.69 E.35645
G1 X-31.21 Y71.074 E7.0426
SET_VELOCITY_LIMIT ACCEL=10000
G1 E-1.2 F2100
;WIPE_START
G1 F7200
G1 X-29.21 Y71.075
;WIPE_END
G1 X-34.718 Y76.359 Z2 F30000
G1 X-36.186 Y77.767 Z2
G1 Z1.6
G1 E1.2 F2100
;TYPE:Sparse infill
G1 F6000
G1 X-33.878 Y77.767 E.10855
G1 X-37.867 Y73.778 E.26528
G1 X-37.867 Y67.902 E.27632
G1 X-28.002 Y77.767 E.65605
G1 X-22.126 Y77.767 E.27632
G1 X-27.859 Y72.033 E.38128
G1 X-21.983 Y72.033 E.27632
G1 X-16.25 Y77.767 E.38128
G1 X-10.374 Y77.767 E.27632
G1 X-16.107 Y72.033 E.38128
G1 X-10.231 Y72.033 E.27632
G1 X-4.498 Y77.767 E.38128
G1 X1.378 Y77.767 E.27632
G1 X-4.355 Y72.033 E.38128
G1 X1.521 Y72.033 E.27632
G1 X7.254 Y77.767 E.38128
G1 X13.13 Y77.767 E.27632
G1 X7.397 Y72.033 E.38128
G1 X9.705 Y72.033 E.10855
G1 X16.698 Y77.767 F30000
G1 F6000
G1 X19.006 Y77.767 E.10855
G1 X13.273 Y72.033 E.38128
G1 X19.149 Y72.033 E.27632
G1 X24.883 Y77.767 E.38128
G1 X30.759 Y77.767 E.27632
G1 X25.025 Y72.033 E.38128
G1 X30.901 Y72.033 E.27632
G1 X36.635 Y77.767 E.38128
G1 X37.867 Y77.767 E.05794
G1 X37.867 Y73.123 E.21838
G1 X32.133 Y67.389 E.38128
G1 X32.133 Y61.513 E.27632
G1 X37.867 Y67.247 E.38128
G1 X37.867 Y64.938 E.10855
G1 X32.133 Y53.329 F30000
G1 F6000
G1 X32.133 Y55.637 E.10855
G1 X37.867 Y61.371 E.38128
G1 X37.867 Y55.495 E.27632
G1 X32.133 Y49.761 E.38128
G1 X32.133 Y43.885 E.27632
G1 X37.867 Y49.619 E.38128
G1 X37.867 Y43.743 E.27632
G1 X32.133 Y38.009 E.38128
G1 X32.133 Y32.133 E.27632
G1 X37.867 Y37.867 E.38128
G1 X37.867 Y31.991 E.27632
G1 X32.133 Y26.257 E.38128
G1 X32.133 Y20.381 E.27632
G1 X37.867 Y26.115 E.38128
G1 X37.867 Y20.239 E.27632
G1 X32.133 Y14.505 E.38128
G1 X32.133 Y8.629 E.27632
G1 X37.867 Y14.363 E.38128
G1 X37.867 Y8.487 E.27632
G1 X32.133 Y2.753 E.38128
G1 X32.133 Y-3.123 E.27632
G1 X37.867 Y2.611 E.38128
G1 X37.867 Y-3.265 E.27632
G1 X32.133 Y-8.999 E.38128
G1 X32.133 Y-14.875 E.27632
G1 X37.867 Y-9.141 E.38128
G1 X37.867 Y-15.017 E.27632
G1 X32.133 Y-20.751 E.38128
G1 X32.133 Y-26.627 E.27632
G1 X37.867 Y-20.894 E.38128
G1 X37.867 Y-26.77 E.27632
G1 X32.133 Y-32.503 E.38128
G1 X32.133 Y-38.379 E.27632
G1 X37.867 Y-32.646 E.38128
G1 X37.867 Y-30.337 E.10855
G1 X32.133 Y-46.563 F30000
G1 F6000
G1 X32.133 Y-44.255 E.10855
G1 X37.867 Y-38.522 E.38128
G1 X37.867 Y-44.398 E.27632
G1 X32.133 Y-50.131 E.38128
G1 X32.133 Y-56.007 E.27632
G1 X37.867 Y-50.274 E.38128
G1 X37.867 Y-56.15 E.27632
G1 X32.133 Y-61.883 E.38128
G1 X32.133 Y-67.759 E.27632
G1 X37.867 Y-62.026 E.38128
G1 X37.867 Y-67.902 E.27632
G1 X34.275 Y-71.494 E.23889
G1 X34.976 Y-71.433 E.03311
G1 X35.667 Y-71.484 E.03259
G1 X36.41 Y-71.652 E.0358
G1 X36.55 Y-71.702 E.00702
G1 X36.493 Y-72.019 F30000
SET_VELOCITY_LIMIT ACCEL=7000
;TYPE:Internal solid infill
;WIDTH:0.629618
G1 F9000
G1 X37.867 Y-73.393 E.09291
G1 X37.867 Y-74.223 E.03967
G1 X35.732 Y-72.088 E.14435
G1 X35.6 Y-72.057 E.00644
G1 X35.001 Y-72.01 E.02874
G1 X34.837 Y-72.023 E.00787
G1 X37.867 Y-75.052 E.20484
G1 X37.867 Y-75.882 E.03967
G1 X34.109 Y-72.125 E.25405
G1 X33.738 Y-72.21 E.01819
G1 X33.466 Y-72.311 E.01389
G1 X37.867 Y-76.712 E.29755
G1 X37.867 Y-77.541 E.03967
G1 X32.818 Y-72.493 E.34133
G1 X32.611 Y-72.448 E.01014
G1 X32.563 Y-72.4 E.00325
G1 X32.133 Y-72.4 E.02055
G1 X32.133 Y-72.638 E.01139
G1 X37.262 Y-77.767 E.34677
G1 X36.432 Y-77.767 E.03967
G1 X32.133 Y-73.468 E.29067
G1 X32.133 Y-74.297 E.03967
G1 X35.603 Y-77.767 E.23457
G1 X34.773 Y-77.767 E.03967
G1 X32.133 Y-75.127 E.17847
G1 X32.133 Y-75.957 E.03967
G1 X33.943 Y-77.767 E.12238
G1 X33.114 Y-77.767 E.03967
G1 X31.874 Y-76.527 E.08383
SET_VELOCITY_LIMIT ACCEL=10000
G1 X32.331 Y-77.656 F30000
SET_VELOCITY_LIMIT ACCEL=7000
;WIDTH:0.55292
G1 F9000
G1 X32.267 Y-77.656 E.00265
G1 X32.235 Y-77.601 E.00265
G1 X32.267 Y-77.546 E.00265
G1 X32.331 Y-77.546 E.00265
G1 X32.345 Y-77.57 E.00115
SET_VELOCITY_LIMIT ACCEL=10000
G1 X37.667 Y-72.47 F30000
SET_VELOCITY_LIMIT ACCEL=7000
;WIDTH:0.632314
G1 F9000
G1 X37.593 Y-72.47 E.00354
G1 X37.556 Y-72.406 E.00354
G1 X37.593 Y-72.342 E.00354
G1 X37.667 Y-72.342 E.00354
G1 X37.685 Y-72.375 E.00181
SET_VELOCITY_LIMIT ACCEL=10000
G1 E-1.2 F2100
;WIPE_START
G1 F9000
G1 X37.667 Y-72.342
G1 X37.593 Y-72.342
G1 X37.556 Y-72.406
G1 X37.593 Y-72.47
G1 X37.667 Y-72.47
;WIPE_END
G1 X30.04 Y-72.167 Z2 F30000
G1 X-32.133 Y-69.698 Z2
G1 Z1.6
G1 E1.2 F2100
;TYPE:Sparse infill
;WIDTH:0.62
G1 F6000
G1 X-32.133 Y-67.389 E.10855
G1 X-36.392 Y-71.648 E.28324
G1 X-37.112 Y-71.909 E.03597
G1 X-37.198 Y-71.823 E.00574
G1 X-37.867 Y-71.823 E.03145
G1 X-37.867 Y-67.247 E.21518
G1 X-32.133 Y-61.513 E.38128
G1 X-32.133 Y-55.637 E.27632
G1 X-37.867 Y-61.371 E.38128
G1 X-37.867 Y-55.495 E.27632
G1 X-32.133 Y-49.761 E.38128
G1 X-32.133 Y-43.885 E.27632
G1 X-37.867 Y-49.619 E.38128
G1 X-37.867 Y-43.743 E.27632
G1 X-32.133 Y-38.009 E.38128
G1 X-32.133 Y-32.133 E.27632
G1 X-37.867 Y-37.867 E.38128
G1 X-37.867 Y-31.991 E.27632
G1 X-32.133 Y-26.257 E.38128
G1 X-32.133 Y-20.381 E.27632
G1 X-37.867 Y-26.115 E.38128
G1 X-37.867 Y-20.239 E.27632
G1 X-32.133 Y-14.505 E.38128
G1 X-32.133 Y-16.814 E.10855
G1 X-37.867 Y-16.671 F30000
G1 F6000
G1 X-37.867 Y-14.363 E.10855
G1 X-32.133 Y-8.629 E.38128
G1 X-32.133 Y-2.753 E.27632
G1 X-37.867 Y-8.487 E.38128
G1 X-37.867 Y-2.611 E.27632
G1 X-32.133 Y3.123 E.38128
G1 X-32.133 Y8.999 E.27632
G1 X-37.867 Y3.265 E.38128
G1 X-37.867 Y9.141 E.27632
G1 X-32.133 Y14.875 E.38128
G1 X-32.133 Y20.751 E.27632
G1 X-37.867 Y15.017 E.38128
G1 X-37.867 Y20.894 E.27632
G1 X-32.133 Y26.627 E.38128
G1 X-32.133 Y28.935 E.10855
G1 X-37.867 Y24.461 F30000
G1 F6000
G1 X-37.867 Y26.77 E.10855
G1 X-32.133 Y32.503 E.38128
G1 X-32.133 Y38.379 E.27632
G1 X-37.867 Y32.646 E.38128
G1 X-37.867 Y38.522 E.27632
G1 X-32.133 Y44.255 E.38128
G1 X-32.133 Y50.131 E.27632
G1 X-37.867 Y44.398 E.38128
G1 X-37.867 Y42.089 E.10855
M73 P28 R17
G1 X-32.133 Y53.699 F30000
G1 F6000
G1 X-32.133 Y56.007 E.10855
G1 X-37.867 Y50.274 E.38128
G1 X-37.867 Y56.15 E.27632
G1 X-32.133 Y61.883 E.38128
G1 X-32.133 Y67.759 E.27632
G1 X-37.867 Y62.026 E.38128
G1 X-37.867 Y59.717 E.10855
G1 X-33.507 Y-72.019 F30000
SET_VELOCITY_LIMIT ACCEL=7000
;TYPE:Internal solid infill
;WIDTH:0.629618
G1 F9000
G1 X-32.133 Y-73.393 E.09291
G1 X-32.133 Y-74.223 E.03967
G1 X-34.268 Y-72.088 E.14435
G1 X-34.4 Y-72.057 E.00644
G1 X-34.999 Y-72.01 E.02873
G1 X-35.163 Y-72.023 E.00787
G1 X-32.133 Y-75.052 E.20484
G1 X-32.133 Y-75.882 E.03967
G1 X-35.891 Y-72.125 E.25405
G1 X-36.262 Y-72.21 E.01819
G1 X-36.534 Y-72.311 E.01389
G1 X-32.133 Y-76.712 E.29755
G1 X-32.133 Y-77.541 E.03967
G1 X-37.182 Y-72.493 E.34133
G1 X-37.389 Y-72.448 E.01014
G1 X-37.437 Y-72.4 E.00325
G1 X-37.867 Y-72.4 E.02055
G1 X-37.867 Y-72.638 E.01139
G1 X-32.738 Y-77.767 E.34677
G1 X-33.568 Y-77.767 E.03967
G1 X-37.867 Y-73.468 E.29067
G1 X-37.867 Y-74.297 E.03967
G1 X-34.397 Y-77.767 E.23457
G1 X-35.227 Y-77.767 E.03967
G1 X-37.867 Y-75.127 E.17847
G1 X-37.867 Y-75.957 E.03967
G1 X-36.057 Y-77.767 E.12238
G1 X-36.886 Y-77.767 E.03967
G1 X-38.126 Y-76.527 E.08383
SET_VELOCITY_LIMIT ACCEL=10000
G1 X-37.669 Y-77.656 F30000
SET_VELOCITY_LIMIT ACCEL=7000
;WIDTH:0.55292
G1 F9000
G1 X-37.733 Y-77.656 E.00265
G1 X-37.765 Y-77.601 E.00265
G1 X-37.733 Y-77.546 E.00265
G1 X-37.669 Y-77.546 E.00265
G1 X-37.655 Y-77.57 E.00115
SET_VELOCITY_LIMIT ACCEL=10000
G1 X-32.333 Y-72.47 F30000
SET_VELOCITY_LIMIT ACCEL=7000
;WIDTH:0.632314
G1 F9000
G1 X-32.407 Y-72.47 E.00354
G1 X-32.444 Y-72.406 E.00354
G1 X-32.407 Y-72.342 E.00354
G1 X-32.333 Y-72.342 E.00354
G1 X-32.315 Y-72.375 E.00181
;LAYER_CHANGE
;Z:1.8
;HEIGHT:0.2
;BEFORE_LAYER_CHANGE
;1.8
G1 E-1.2 F2100
;WIPE_START
G1 F9000
G1 X-32.333 Y-72.342
G1 X-32.407 Y-72.342
G1 X-32.444 Y-72.406
G1 X-32.407 Y-72.47
G1 X-32.333 Y-72.47
;WIPE_END
;AFTER_LAYER_CHANGE
;1.8
;_SET_FAN_SPEED_CHANGING_LAYER
SET_VELOCITY_LIMIT ACCEL=10000
G17
G3 Z2.2 I-1.217 J.009 P1  F30000
G1 X-31.21 Y71.687 Z2.2
G1 Z1.8
G1 E1.2 F2100
SET_VELOCITY_LIMIT ACCEL=5000
;TYPE:Inner wall
;WIDTH:0.62
G1 F9000
G1 X31.787 Y71.687 E2.96242
G1 X31.787 Y-78.113 E7.0443
G1 X38.213 Y-78.113 E.30217
G1 X38.213 Y78.113 E7.34647
G1 X-38.213 Y78.113 E3.5939
G1 X-38.213 Y-78.113 E7.34647
G1 X-31.787 Y-78.113 E.30217
G1 X-31.787 Y71.687 E7.0443
G1 X-31.246 Y71.687 E.02544
SET_VELOCITY_LIMIT ACCEL=10000
G1 X-31.21 Y71.11 F30000
SET_VELOCITY_LIMIT ACCEL=5000
;TYPE:Outer wall
G1 F7200
G1 X31.21 Y71.11 E2.93528
G1 X31.21 Y-78.69 E7.0443
G1 X38.79 Y-78.69 E.35645
G1 X38.79 Y78.69 E7.40074
G1 X-38.79 Y78.69 E3.64817
G1 X-38.79 Y-78.69 E7.40074
G1 X-31.21 Y-78.69 E.35645
G1 X-31.21 Y71.074 E7.0426
SET_VELOCITY_LIMIT ACCEL=10000
G1 E-1.2 F2100
;WIPE_START
G1 F7200
G1 X-29.21 Y71.075
;WIPE_END
G1 X-34.718 Y76.359 Z2.2 F30000
M73 P29 R17
G1 X-36.186 Y77.767 Z2.2
G1 Z1.8
G1 E1.2 F2100
;TYPE:Sparse infill
G1 F6000
G1 X-33.878 Y77.767 E.10855
G1 X-37.867 Y73.778 E.26528
G1 X-37.867 Y67.902 E.27632
M73 P29 R16
G1 X-28.002 Y77.767 E.65605
G1 X-22.126 Y77.767 E.27632
G1 X-27.859 Y72.033 E.38128
G1 X-21.983 Y72.033 E.27632
G1 X-16.25 Y77.767 E.38128
G1 X-10.374 Y77.767 E.27632
G1 X-16.107 Y72.033 E.38128
G1 X-10.231 Y72.033 E.27632
G1 X-4.498 Y77.767 E.38128
G1 X1.378 Y77.767 E.27632
G1 X-4.355 Y72.033 E.38128
G1 X1.521 Y72.033 E.27632
G1 X7.254 Y77.767 E.38128
G1 X13.13 Y77.767 E.27632
G1 X7.397 Y72.033 E.38128
G1 X9.705 Y72.033 E.10855
G1 X16.698 Y77.767 F30000
G1 F6000
G1 X19.006 Y77.767 E.10855
G1 X13.273 Y72.033 E.38128
G1 X19.149 Y72.033 E.27632
G1 X24.883 Y77.767 E.38128
G1 X30.759 Y77.767 E.27632
G1 X25.025 Y72.033 E.38128
G1 X30.901 Y72.033 E.27632
G1 X36.635 Y77.767 E.38128
G1 X37.867 Y77.767 E.05794
G1 X37.867 Y73.123 E.21838
G1 X32.133 Y67.389 E.38128
G1 X32.133 Y61.513 E.27632
G1 X37.867 Y67.247 E.38128
G1 X37.867 Y64.938 E.10855
G1 X32.133 Y53.329 F30000
G1 F6000
G1 X32.133 Y55.637 E.10855
G1 X37.867 Y61.371 E.38128
G1 X37.867 Y55.495 E.27632
G1 X32.133 Y49.761 E.38128
G1 X32.133 Y43.885 E.27632
G1 X37.867 Y49.619 E.38128
G1 X37.867 Y43.743 E.27632
G1 X32.133 Y38.009 E.38128
G1 X32.133 Y32.133 E.27632
G1 X37.867 Y37.867 E.38128
G1 X37.867 Y31.991 E.27632
G1 X32.133 Y26.257 E.38128
G1 X32.133 Y20.381 E.27632
G1 X37.867 Y26.115 E.38128
G1 X37.867 Y20.239 E.27632
G1 X32.133 Y14.505 E.38128
G1 X32.133 Y8.629 E.27632
G1 X37.867 Y14.363 E.38128
G1 X37.867 Y8.487 E.27632
G1 X32.133 Y2.753 E.38128
G1 X32.133 Y-3.123 E.27632
G1 X37.867 Y2.611 E.38128
G1 X37.867 Y-3.265 E.27632
G1 X32.133 Y-8.999 E.38128
G1 X32.133 Y-14.875 E.27632
G1 X37.867 Y-9.141 E.38128
G1 X37.867 Y-15.017 E.27632
G1 X32.133 Y-20.751 E.38128
G1 X32.133 Y-26.627 E.27632
G1 X37.867 Y-20.894 E.38128
G1 X37.867 Y-26.77 E.27632
G1 X32.133 Y-32.503 E.38128
G1 X32.133 Y-38.379 E.27632
G1 X37.867 Y-32.646 E.38128
G1 X37.867 Y-38.522 E.27632
G1 X32.133 Y-44.255 E.38128
G1 X32.133 Y-50.131 E.27632
G1 X37.867 Y-44.398 E.38128
G1 X37.867 Y-42.089 E.10855
G1 X32.133 Y-53.699 F30000
G1 F6000
G1 X32.133 Y-56.007 E.10855
G1 X37.867 Y-50.274 E.38128
G1 X37.867 Y-56.15 E.27632
G1 X32.133 Y-61.883 E.38128
G1 X32.133 Y-67.759 E.27632
G1 X37.867 Y-62.026 E.38128
G1 X37.867 Y-67.902 E.27632
G1 X34.411 Y-71.357 E.22982
G1 X35.024 Y-71.313 E.0289
G1 X35.614 Y-71.359 E.02782
G1 X36.294 Y-71.514 E.03281
G1 X36.674 Y-71.651 E.019
G1 X32.424 Y-72.441 F30000
SET_VELOCITY_LIMIT ACCEL=7000
;TYPE:Internal solid infill
;WIDTH:0.662482
G1 F9000
G1 X32.347 Y-72.441 E.00391
G1 X32.308 Y-72.374 E.00391
G1 X32.347 Y-72.307 E.00391
G1 X32.424 Y-72.307 E.00391
G1 X32.445 Y-72.343 E.00209
SET_VELOCITY_LIMIT ACCEL=10000
G1 X35.814 Y-78.026 F30000
SET_VELOCITY_LIMIT ACCEL=7000
;WIDTH:0.630492
G1 F9000
G1 X37.867 Y-75.974 E.13898
G1 X37.867 Y-75.143 E.03979
G1 X35.243 Y-77.767 E.17766
G1 X34.412 Y-77.767 E.03979
G1 X37.867 Y-74.312 E.23393
G1 X37.867 Y-73.481 E.03979
G1 X33.581 Y-77.767 E.2902
G1 X32.75 Y-77.767 E.03979
G1 X37.867 Y-72.65 E.34646
G1 X37.867 Y-72.352 E.01429
G1 X37.637 Y-72.352 E.01102
G1 X37.57 Y-72.379 E.00346
G1 X37.252 Y-72.434 E.01545
G1 X32.133 Y-77.552 E.34658
G1 X32.133 Y-76.721 E.03979
G1 X36.611 Y-72.243 E.30323
G1 X36.148 Y-72.072 E.02366
G1 X35.989 Y-72.035 E.00783
G1 X32.133 Y-75.891 E.26105
G1 X32.133 Y-75.06 E.03979
G1 X35.281 Y-71.912 E.21314
G1 X34.999 Y-71.89 E.01355
G1 X34.422 Y-71.94 E.02773
G1 X32.133 Y-74.229 E.15497
G1 X32.133 Y-73.398 E.03979
G1 X33.667 Y-71.864 E.10387
SET_VELOCITY_LIMIT ACCEL=10000
G1 X37.521 Y-77.463 F30000
SET_VELOCITY_LIMIT ACCEL=7000
;WIDTH:0.965146
G1 F8132.497
G1 X37.406 Y-77.463 E.00866
G1 X37.348 Y-77.363 E.00866
G1 X37.406 Y-77.263 E.00866
G1 X37.521 Y-77.263 E.00866
G1 X37.561 Y-77.332 E.00596
SET_VELOCITY_LIMIT ACCEL=10000
G1 E-1.2 F2100
;WIPE_START
G1 F8132.497
G1 X37.521 Y-77.263
G1 X37.406 Y-77.263
G1 X37.348 Y-77.363
G1 X37.406 Y-77.463
G1 X37.521 Y-77.463
;WIPE_END
G1 X29.888 Y-77.463 Z2.2 F30000
G1 X-32.479 Y-77.463 Z2.2
G1 Z1.8
G1 E1.2 F2100
SET_VELOCITY_LIMIT ACCEL=7000
;WIDTH:0.965148
G1 F8132.48
G1 X-32.594 Y-77.463 E.00866
G1 X-32.652 Y-77.363 E.00866
G1 X-32.594 Y-77.263 E.00866
G1 X-32.479 Y-77.263 E.00866
G1 X-32.439 Y-77.332 E.00596
SET_VELOCITY_LIMIT ACCEL=10000
G1 X-34.186 Y-78.026 F30000
SET_VELOCITY_LIMIT ACCEL=7000
;WIDTH:0.630492
G1 F9000
G1 X-32.133 Y-75.974 E.13898
G1 X-32.133 Y-75.143 E.03979
G1 X-34.757 Y-77.767 E.17766
G1 X-35.588 Y-77.767 E.03979
G1 X-32.133 Y-74.312 E.23393
G1 X-32.133 Y-73.481 E.03979
G1 X-36.419 Y-77.767 E.2902
G1 X-37.25 Y-77.767 E.03979
G1 X-32.133 Y-72.65 E.34646
G1 X-32.133 Y-72.352 E.01429
G1 X-32.363 Y-72.352 E.01102
G1 X-32.43 Y-72.379 E.00346
G1 X-32.748 Y-72.434 E.01545
G1 X-37.867 Y-77.552 E.34658
G1 X-37.867 Y-76.721 E.03979
G1 X-33.389 Y-72.243 E.30323
G1 X-33.852 Y-72.072 E.02366
G1 X-34.011 Y-72.035 E.00783
G1 X-37.867 Y-75.891 E.26105
G1 X-37.867 Y-75.06 E.03979
G1 X-34.719 Y-71.912 E.21314
G1 X-35.001 Y-71.89 E.01355
G1 X-35.578 Y-71.94 E.02773
G1 X-37.867 Y-74.229 E.15497
G1 X-37.867 Y-73.398 E.03979
G1 X-36.333 Y-71.864 E.10387
SET_VELOCITY_LIMIT ACCEL=10000
G1 X-37.576 Y-72.441 F30000
SET_VELOCITY_LIMIT ACCEL=7000
;WIDTH:0.662484
G1 F9000
G1 X-37.653 Y-72.441 E.00391
G1 X-37.692 Y-72.374 E.00391
G1 X-37.653 Y-72.307 E.00391
G1 X-37.576 Y-72.307 E.00391
G1 X-37.555 Y-72.343 E.00209
SET_VELOCITY_LIMIT ACCEL=10000
G1 X-32.133 Y-69.698 F30000
;TYPE:Sparse infill
;WIDTH:0.62
G1 F6000
G1 X-32.133 Y-67.389 E.10855
G1 X-36.247 Y-71.503 E.27354
G1 X-37.222 Y-71.853 E.04874
G1 X-37.32 Y-71.823 E.00483
G1 X-37.406 Y-71.823 E.00403
G1 X-37.522 Y-71.775 E.00591
G1 X-37.867 Y-71.775 E.01622
G1 X-37.867 Y-67.247 E.21292
G1 X-32.133 Y-61.513 E.38128
G1 X-32.133 Y-55.637 E.27632
G1 X-37.867 Y-61.371 E.38128
G1 X-37.867 Y-55.495 E.27632
G1 X-32.133 Y-49.761 E.38128
G1 X-32.133 Y-43.885 E.27632
G1 X-37.867 Y-49.619 E.38128
G1 X-37.867 Y-43.743 E.27632
G1 X-32.133 Y-38.009 E.38128
G1 X-32.133 Y-32.133 E.27632
G1 X-37.867 Y-37.867 E.38128
G1 X-37.867 Y-31.991 E.27632
G1 X-32.133 Y-26.257 E.38128
G1 X-32.133 Y-20.381 E.27632
G1 X-37.867 Y-26.115 E.38128
G1 X-37.867 Y-20.239 E.27632
G1 X-32.133 Y-14.505 E.38128
G1 X-32.133 Y-16.814 E.10855
G1 X-37.867 Y-16.671 F30000
G1 F6000
G1 X-37.867 Y-14.363 E.10855
G1 X-32.133 Y-8.629 E.38128
G1 X-32.133 Y-2.753 E.27632
G1 X-37.867 Y-8.487 E.38128
G1 X-37.867 Y-2.611 E.27632
G1 X-32.133 Y3.123 E.38128
G1 X-32.133 Y8.999 E.27632
G1 X-37.867 Y3.265 E.38128
G1 X-37.867 Y9.141 E.27632
G1 X-32.133 Y14.875 E.38128
G1 X-32.133 Y20.751 E.27632
G1 X-37.867 Y15.017 E.38128
G1 X-37.867 Y20.894 E.27632
G1 X-32.133 Y26.627 E.38128
G1 X-32.133 Y28.935 E.10855
G1 X-37.867 Y24.461 F30000
G1 F6000
G1 X-37.867 Y26.77 E.10855
G1 X-32.133 Y32.503 E.38128
G1 X-32.133 Y38.379 E.27632
G1 X-37.867 Y32.646 E.38128
G1 X-37.867 Y38.522 E.27632
G1 X-32.133 Y44.255 E.38128
G1 X-32.133 Y50.131 E.27632
G1 X-37.867 Y44.398 E.38128
G1 X-37.867 Y42.089 E.10855
G1 X-32.133 Y53.699 F30000
G1 F6000
G1 X-32.133 Y56.007 E.10855
G1 X-37.867 Y50.274 E.38128
G1 X-37.867 Y56.15 E.27632
G1 X-32.133 Y61.883 E.38128
G1 X-32.133 Y67.759 E.27632
G1 X-37.867 Y62.026 E.38128
G1 X-37.867 Y59.717 E.10855
;LAYER_CHANGE
;Z:2
;HEIGHT:0.2
;BEFORE_LAYER_CHANGE
;2
G1 E-1.2 F2100
;WIPE_START
G1 F6000
G1 X-37.867 Y61.717
;WIPE_END
;AFTER_LAYER_CHANGE
;2
;_SET_FAN_SPEED_CHANGING_LAYER
G17
G3 Z2.4 I-1.012 J.676 P1  F30000
G1 X-31.21 Y71.687 Z2.4
G1 Z2
G1 E1.2 F2100
SET_VELOCITY_LIMIT ACCEL=5000
;TYPE:Inner wall
G1 F9000
G1 X31.787 Y71.687 E2.96242
G1 X31.787 Y-78.113 E7.0443
G1 X38.213 Y-78.113 E.30217
G1 X38.213 Y78.113 E7.34647
G1 X-38.213 Y78.113 E3.5939
M73 P30 R16
G1 X-38.213 Y-78.113 E7.34647
G1 X-31.787 Y-78.113 E.30217
G1 X-31.787 Y71.687 E7.0443
G1 X-31.246 Y71.687 E.02544
SET_VELOCITY_LIMIT ACCEL=10000
G1 X-31.21 Y71.11 F30000
SET_VELOCITY_LIMIT ACCEL=5000
;TYPE:Outer wall
G1 F7200
G1 X31.21 Y71.11 E2.93528
G1 X31.21 Y-78.69 E7.0443
G1 X38.79 Y-78.69 E.35645
G1 X38.79 Y78.69 E7.40074
G1 X-38.79 Y78.69 E3.64817
G1 X-38.79 Y-78.69 E7.40074
G1 X-31.21 Y-78.69 E.35645
G1 X-31.21 Y71.074 E7.0426
SET_VELOCITY_LIMIT ACCEL=10000
G1 E-1.2 F2100
;WIPE_START
G1 F7200
G1 X-29.21 Y71.075
;WIPE_END
G1 X-34.718 Y76.359 Z2.4 F30000
G1 X-36.186 Y77.767 Z2.4
G1 Z2
G1 E1.2 F2100
;TYPE:Sparse infill
G1 F6000
G1 X-33.878 Y77.767 E.10855
G1 X-37.867 Y73.778 E.26528
G1 X-37.867 Y67.902 E.27632
G1 X-28.002 Y77.767 E.65605
G1 X-22.126 Y77.767 E.27632
G1 X-27.859 Y72.033 E.38128
G1 X-21.983 Y72.033 E.27632
G1 X-16.25 Y77.767 E.38128
G1 X-10.374 Y77.767 E.27632
G1 X-16.107 Y72.033 E.38128
G1 X-10.231 Y72.033 E.27632
G1 X-4.498 Y77.767 E.38128
G1 X1.378 Y77.767 E.27632
G1 X-4.355 Y72.033 E.38128
G1 X1.521 Y72.033 E.27632
G1 X7.254 Y77.767 E.38128
G1 X13.13 Y77.767 E.27632
G1 X7.397 Y72.033 E.38128
G1 X9.705 Y72.033 E.10855
G1 X16.698 Y77.767 F30000
G1 F6000
G1 X19.006 Y77.767 E.10855
G1 X13.273 Y72.033 E.38128
G1 X19.149 Y72.033 E.27632
G1 X24.883 Y77.767 E.38128
G1 X30.759 Y77.767 E.27632
G1 X25.025 Y72.033 E.38128
G1 X30.901 Y72.033 E.27632
G1 X36.635 Y77.767 E.38128
G1 X37.867 Y77.767 E.05794
G1 X37.867 Y73.123 E.21838
G1 X32.133 Y67.389 E.38128
G1 X32.133 Y61.513 E.27632
G1 X37.867 Y67.247 E.38128
G1 X37.867 Y64.938 E.10855
G1 X32.133 Y53.329 F30000
G1 F6000
G1 X32.133 Y55.637 E.10855
G1 X37.867 Y61.371 E.38128
G1 X37.867 Y55.495 E.27632
G1 X32.133 Y49.761 E.38128
G1 X32.133 Y43.885 E.27632
G1 X37.867 Y49.619 E.38128
G1 X37.867 Y43.743 E.27632
G1 X32.133 Y38.009 E.38128
G1 X32.133 Y32.133 E.27632
G1 X37.867 Y37.867 E.38128
G1 X37.867 Y31.991 E.27632
G1 X32.133 Y26.257 E.38128
G1 X32.133 Y20.381 E.27632
G1 X37.867 Y26.115 E.38128
G1 X37.867 Y20.239 E.27632
G1 X32.133 Y14.505 E.38128
G1 X32.133 Y8.629 E.27632
G1 X37.867 Y14.363 E.38128
M73 P31 R16
G1 X37.867 Y8.487 E.27632
G1 X32.133 Y2.753 E.38128
G1 X32.133 Y-3.123 E.27632
G1 X37.867 Y2.611 E.38128
G1 X37.867 Y-3.265 E.27632
G1 X32.133 Y-8.999 E.38128
G1 X32.133 Y-14.875 E.27632
G1 X37.867 Y-9.141 E.38128
G1 X37.867 Y-15.017 E.27632
G1 X32.133 Y-20.751 E.38128
G1 X32.133 Y-26.627 E.27632
G1 X37.867 Y-20.894 E.38128
G1 X37.867 Y-26.77 E.27632
G1 X32.133 Y-32.503 E.38128
G1 X32.133 Y-38.379 E.27632
G1 X37.867 Y-32.646 E.38128
G1 X37.867 Y-38.522 E.27632
G1 X32.133 Y-44.255 E.38128
G1 X32.133 Y-50.131 E.27632
G1 X37.867 Y-44.398 E.38128
G1 X37.867 Y-50.274 E.27632
G1 X32.133 Y-56.007 E.38128
G1 X32.133 Y-61.883 E.27632
G1 X37.867 Y-56.15 E.38128
G1 X37.867 Y-58.458 E.10855
G1 X32.133 Y-70.067 F30000
G1 F6000
G1 X32.133 Y-67.759 E.10855
G1 X37.867 Y-62.026 E.38128
G1 X37.867 Y-67.902 E.27632
G1 X34.541 Y-71.227 E.22114
G1 X35.024 Y-71.192 E.02275
G1 X35.605 Y-71.242 E.02741
G1 X36.215 Y-71.386 E.02949
G1 X36.791 Y-71.598 E.02888
G1 X35.817 Y-71.617 F30000
SET_VELOCITY_LIMIT ACCEL=2000
;TYPE:Top surface
;WIDTH:0.661955
G1 F7200
G1 X37.783 Y-73.583 E.1403
SET_VELOCITY_LIMIT ACCEL=10000
G1 X37.783 Y-74.459 F30000
SET_VELOCITY_LIMIT ACCEL=2000
G1 F7200
G1 X34.846 Y-71.521 E.20957
SET_VELOCITY_LIMIT ACCEL=10000
G1 X34.088 Y-71.639 F30000
SET_VELOCITY_LIMIT ACCEL=2000
G1 F7200
G1 X37.783 Y-75.334 E.26363
SET_VELOCITY_LIMIT ACCEL=10000
G1 X37.783 Y-76.21 F30000
SET_VELOCITY_LIMIT ACCEL=2000
G1 F7200
G1 X33.429 Y-71.855 E.31064
SET_VELOCITY_LIMIT ACCEL=10000
G1 X32.82 Y-72.122 F30000
SET_VELOCITY_LIMIT ACCEL=2000
G1 F7200
G1 X37.783 Y-77.085 E.35407
SET_VELOCITY_LIMIT ACCEL=10000
G1 X37.783 Y-77.961 F30000
SET_VELOCITY_LIMIT ACCEL=2000
G1 F7200
G1 X32.3 Y-72.477 E.39121
SET_VELOCITY_LIMIT ACCEL=10000
G1 X32.217 Y-73.269 F30000
SET_VELOCITY_LIMIT ACCEL=2000
G1 F7200
G1 X36.974 Y-78.026 E.33937
SET_VELOCITY_LIMIT ACCEL=10000
G1 X36.098 Y-78.026 F30000
SET_VELOCITY_LIMIT ACCEL=2000
G1 F7200
G1 X32.217 Y-74.145 E.27692
SET_VELOCITY_LIMIT ACCEL=10000
G1 X32.217 Y-75.02 F30000
SET_VELOCITY_LIMIT ACCEL=2000
G1 F7200
G1 X35.223 Y-78.026 E.21446
SET_VELOCITY_LIMIT ACCEL=10000
G1 X34.347 Y-78.026 F30000
SET_VELOCITY_LIMIT ACCEL=2000
G1 F7200
G1 X32.217 Y-75.896 E.15201
SET_VELOCITY_LIMIT ACCEL=10000
G1 X32.217 Y-76.771 F30000
SET_VELOCITY_LIMIT ACCEL=2000
G1 F7200
G1 X33.472 Y-78.026 E.08956
SET_VELOCITY_LIMIT ACCEL=10000
G1 X32.25 Y-72.26 F30000
SET_VELOCITY_LIMIT ACCEL=7000
;TYPE:Internal solid infill
;WIDTH:0.55292
G1 F9000
G1 X32.186 Y-72.26 E.00265
G1 X32.154 Y-72.205 E.00265
G1 X32.186 Y-72.15 E.00265
G1 X32.25 Y-72.15 E.00265
G1 X32.264 Y-72.174 E.00115
SET_VELOCITY_LIMIT ACCEL=10000
G1 X37.78 Y-72.207 F30000
SET_VELOCITY_LIMIT ACCEL=7000
G1 F9000
G1 X37.844 Y-72.65 E.01858
SET_VELOCITY_LIMIT ACCEL=10000
G1 E-1.2 F2100
;WIPE_START
G1 F9000
G1 X37.78 Y-72.207
;WIPE_END
G1 X30.148 Y-72.207 Z2.4 F30000
G1 X-32.22 Y-72.207 Z2.4
G1 Z2
G1 E1.2 F2100
SET_VELOCITY_LIMIT ACCEL=7000
G1 F9000
G1 X-32.156 Y-72.65 E.01858
SET_VELOCITY_LIMIT ACCEL=10000
G1 X-33.825 Y-71.374 F30000
;TYPE:Sparse infill
;WIDTH:0.62
G1 F6000
G1 X-34.395 Y-71.242 E.02752
G1 X-34.976 Y-71.192 E.02741
G1 X-35.56 Y-71.235 E.02754
G1 X-36.101 Y-71.357 E.02606
G1 X-32.133 Y-67.389 E.26384
G1 X-32.133 Y-61.513 E.27632
G1 X-37.867 Y-67.247 E.38128
G1 X-37.867 Y-69.555 E.10855
G1 X-37.75 Y-72.26 F30000
SET_VELOCITY_LIMIT ACCEL=7000
;TYPE:Internal solid infill
;WIDTH:0.55292
G1 F9000
G1 X-37.814 Y-72.26 E.00265
G1 X-37.846 Y-72.205 E.00265
G1 X-37.814 Y-72.15 E.00265
G1 X-37.75 Y-72.15 E.00265
G1 X-37.736 Y-72.174 E.00115
SET_VELOCITY_LIMIT ACCEL=10000
G1 X-34.183 Y-71.617 F30000
SET_VELOCITY_LIMIT ACCEL=2000
;TYPE:Top surface
;WIDTH:0.661954
G1 F7200
G1 X-32.217 Y-73.583 E.1403
SET_VELOCITY_LIMIT ACCEL=10000
G1 X-32.217 Y-74.459 F30000
SET_VELOCITY_LIMIT ACCEL=2000
G1 F7200
G1 X-35.154 Y-71.521 E.20957
SET_VELOCITY_LIMIT ACCEL=10000
G1 X-35.912 Y-71.639 F30000
SET_VELOCITY_LIMIT ACCEL=2000
G1 F7200
G1 X-32.217 Y-75.334 E.26363
SET_VELOCITY_LIMIT ACCEL=10000
G1 X-32.217 Y-76.21 F30000
SET_VELOCITY_LIMIT ACCEL=2000
G1 F7200
G1 X-36.571 Y-71.855 E.31064
SET_VELOCITY_LIMIT ACCEL=10000
G1 X-37.18 Y-72.122 F30000
SET_VELOCITY_LIMIT ACCEL=2000
G1 F7200
G1 X-32.217 Y-77.085 E.35407
SET_VELOCITY_LIMIT ACCEL=10000
G1 X-32.217 Y-77.961 F30000
SET_VELOCITY_LIMIT ACCEL=2000
G1 F7200
G1 X-37.7 Y-72.477 E.39121
SET_VELOCITY_LIMIT ACCEL=10000
G1 X-37.783 Y-73.269 F30000
SET_VELOCITY_LIMIT ACCEL=2000
G1 F7200
G1 X-33.026 Y-78.026 E.33937
SET_VELOCITY_LIMIT ACCEL=10000
G1 X-33.902 Y-78.026 F30000
SET_VELOCITY_LIMIT ACCEL=2000
G1 F7200
G1 X-37.783 Y-74.145 E.27692
SET_VELOCITY_LIMIT ACCEL=10000
G1 X-37.783 Y-75.02 F30000
SET_VELOCITY_LIMIT ACCEL=2000
G1 F7200
G1 X-34.777 Y-78.026 E.21446
SET_VELOCITY_LIMIT ACCEL=10000
G1 X-35.653 Y-78.026 F30000
SET_VELOCITY_LIMIT ACCEL=2000
G1 F7200
G1 X-37.783 Y-75.896 E.15201
SET_VELOCITY_LIMIT ACCEL=10000
G1 X-37.783 Y-76.771 F30000
SET_VELOCITY_LIMIT ACCEL=2000
G1 F7200
G1 X-36.528 Y-78.026 E.08956
SET_VELOCITY_LIMIT ACCEL=10000
G1 E-1.2 F2100
;WIPE_START
G1 F7200
G1 X-37.783 Y-76.771
;WIPE_END
G1 X-35.995 Y-69.351 Z2.4 F30000
G1 X-32.133 Y-53.329 Z2.4
G1 Z2
G1 E1.2 F2100
;TYPE:Sparse infill
;WIDTH:0.62
G1 F6000
G1 X-32.133 Y-55.637 E.10855
G1 X-37.867 Y-61.371 E.38128
G1 X-37.867 Y-55.495 E.27632
G1 X-32.133 Y-49.761 E.38128
G1 X-32.133 Y-43.885 E.27632
G1 X-37.867 Y-49.619 E.38128
G1 X-37.867 Y-43.743 E.27632
G1 X-32.133 Y-38.009 E.38128
G1 X-32.133 Y-32.133 E.27632
G1 X-37.867 Y-37.867 E.38128
G1 X-37.867 Y-31.991 E.27632
G1 X-32.133 Y-26.257 E.38128
G1 X-32.133 Y-20.381 E.27632
G1 X-37.867 Y-26.115 E.38128
G1 X-37.867 Y-20.239 E.27632
G1 X-32.133 Y-14.505 E.38128
G1 X-32.133 Y-8.629 E.27632
G1 X-37.867 Y-14.363 E.38128
G1 X-37.867 Y-16.671 E.10855
G1 X-32.133 Y-.445 F30000
G1 F6000
G1 X-32.133 Y-2.753 E.10855
G1 X-37.867 Y-8.487 E.38128
G1 X-37.867 Y-2.611 E.27632
G1 X-32.133 Y3.123 E.38128
G1 X-32.133 Y8.999 E.27632
G1 X-37.867 Y3.265 E.38128
G1 X-37.867 Y9.141 E.27632
G1 X-32.133 Y14.875 E.38128
G1 X-32.133 Y20.751 E.27632
G1 X-37.867 Y15.017 E.38128
G1 X-37.867 Y20.894 E.27632
G1 X-32.133 Y26.627 E.38128
G1 X-32.133 Y32.503 E.27632
G1 X-37.867 Y26.77 E.38128
G1 X-37.867 Y32.646 E.27632
G1 X-32.133 Y38.379 E.38128
G1 X-32.133 Y44.255 E.27632
G1 X-37.867 Y38.522 E.38128
G1 X-37.867 Y44.398 E.27632
G1 X-32.133 Y50.131 E.38128
G1 X-32.133 Y56.007 E.27632
G1 X-37.867 Y50.274 E.38128
G1 X-37.867 Y56.15 E.27632
G1 X-32.133 Y61.883 E.38128
G1 X-32.133 Y67.759 E.27632
G1 X-37.867 Y62.026 E.38128
G1 X-37.867 Y59.717 E.10855
;LAYER_CHANGE
;Z:2.2
;HEIGHT:0.2
;BEFORE_LAYER_CHANGE
;2.2
G1 E-1.2 F2100
;WIPE_START
G1 F6000
G1 X-37.867 Y61.717
;WIPE_END
;AFTER_LAYER_CHANGE
;2.2
;_SET_FAN_SPEED_CHANGING_LAYER
G17
G3 Z2.6 I1.071 J.578 P1  F30000
G1 X34.365 Y-72.07 Z2.6
G1 Z2.2
G1 E1.2 F2100
SET_VELOCITY_LIMIT ACCEL=5000
;TYPE:Inner wall
G1 F9000
G1 X35 Y-72.02 E.02996
G1 X35.672 Y-72.073 E.03169
G1 X36.629 Y-72.295 E.0462
G1 X36.629 Y-78.113 E.27358
G1 X38.213 Y-78.113 E.07449
G1 X38.213 Y78.113 E7.34647
G1 X-38.213 Y78.113 E3.5939
G1 X-38.213 Y-78.113 E7.34647
G1 X-36.629 Y-78.113 E.07449
G1 X-36.629 Y-72.295 E.27358
G1 X-35.672 Y-72.073 E.0462
G1 X-35 Y-72.02 E.03169
G1 X-34.328 Y-72.073 E.03169
G1 X-33.371 Y-72.295 E.0462
G1 X-33.371 Y-78.113 E.27358
G1 X-31.787 Y-78.113 E.07449
G1 X-31.787 Y71.687 E7.0443
G1 X31.787 Y71.687 E2.98955
G1 X31.787 Y-78.113 E7.0443
M73 P32 R16
G1 X33.371 Y-78.113 E.07449
G1 X33.371 Y-72.295 E.27358
G1 X34.328 Y-72.073 E.0462
G1 X34.329 Y-72.073 E.00004
SET_VELOCITY_LIMIT ACCEL=10000
G1 X34.417 Y-72.645 F30000
SET_VELOCITY_LIMIT ACCEL=5000
;TYPE:Outer wall
G1 F7200
G1 X35 Y-72.599 E.02752
G1 X35.583 Y-72.645 E.02752
G1 X36.052 Y-72.754 E.02261
G1 X36.052 Y-78.69 E.27915
G1 X38.79 Y-78.69 E.12877
G1 X38.79 Y78.69 E7.40074
G1 X-38.79 Y78.69 E3.64817
G1 X-38.79 Y-78.69 E7.40074
G1 X-36.052 Y-78.69 E.12877
G1 X-36.052 Y-72.754 E.27915
G1 X-35.583 Y-72.645 E.02261
G1 X-35 Y-72.599 E.02752
G1 X-34.417 Y-72.645 E.02752
G1 X-33.948 Y-72.754 E.02261
G1 X-33.948 Y-78.69 E.27915
G1 X-31.21 Y-78.69 E.12877
G1 X-31.21 Y71.11 E7.0443
G1 X31.21 Y71.11 E2.93528
G1 X31.21 Y-78.69 E7.0443
G1 X33.948 Y-78.69 E.12877
G1 X33.948 Y-72.754 E.27915
G1 X34.382 Y-72.653 E.02091
SET_VELOCITY_LIMIT ACCEL=10000
G1 E-1.2 F2100
;WIPE_START
G1 F7200
G1 X35 Y-72.599
G1 X35.583 Y-72.645
G1 X36.052 Y-72.754
G1 X36.052 Y-73.067
;WIPE_END
G1 X36.909 Y-71.546 Z2.6 F30000
G1 Z2.2
G1 E1.2 F2100
;TYPE:Sparse infill
G1 F6000
G1 X36.1 Y-71.247 E.04055
G1 X35.551 Y-71.117 E.02651
G1 X35.024 Y-71.072 E.02488
G1 X34.672 Y-71.096 E.01659
G1 X37.867 Y-67.902 E.21246
G1 X37.867 Y-62.026 E.27632
G1 X32.133 Y-67.759 E.38128
G1 X32.133 Y-70.067 E.10855
G1 X37.169 Y-72.29 F30000
SET_VELOCITY_LIMIT ACCEL=7000
;TYPE:Internal solid infill
;WIDTH:0.546438
G1 F9000
G1 X37.415 Y-72.353 E.01042
G1 X37.673 Y-72.315 E.01067
G1 X37.673 Y-77.573 E.21573
G1 X37.169 Y-77.573 E.02066
G1 X37.169 Y-72.326 E.21526
SET_VELOCITY_LIMIT ACCEL=10000
G1 X33.046 Y-71.992 F30000
SET_VELOCITY_LIMIT ACCEL=7000
;WIDTH:0.55292
G1 F9000
G1 X34.039 Y-71.677 E.04328
G1 X34.532 Y-71.583 E.02089
G1 X35.015 Y-71.547 E.0201
G1 X35.729 Y-71.624 E.02986
G1 X36.679 Y-71.897 E.04106
G1 X36.93 Y-71.989 E.01112
SET_VELOCITY_LIMIT ACCEL=10000
G1 X32.327 Y-72.335 F30000
SET_VELOCITY_LIMIT ACCEL=7000
;WIDTH:0.546438
G1 F9000
G1 X32.746 Y-72.331 E.01719
G1 X32.831 Y-72.289 E.00388
G1 X32.831 Y-77.573 E.21679
G1 X32.327 Y-77.573 E.02066
G1 X32.327 Y-72.371 E.21343
SET_VELOCITY_LIMIT ACCEL=10000
G1 X37.867 Y-58.458 F30000
;TYPE:Sparse infill
;WIDTH:0.62
G1 F6000
G1 X37.867 Y-56.15 E.10855
G1 X32.133 Y-61.883 E.38128
G1 X32.133 Y-56.007 E.27632
G1 X37.867 Y-50.274 E.38128
G1 X37.867 Y-44.398 E.27632
G1 X32.133 Y-50.131 E.38128
G1 X32.133 Y-44.255 E.27632
G1 X37.867 Y-38.522 E.38128
G1 X37.867 Y-32.646 E.27632
G1 X32.133 Y-38.379 E.38128
G1 X32.133 Y-32.503 E.27632
G1 X37.867 Y-26.77 E.38128
G1 X37.867 Y-20.894 E.27632
G1 X32.133 Y-26.627 E.38128
G1 X32.133 Y-20.751 E.27632
G1 X37.867 Y-15.017 E.38128
G1 X37.867 Y-9.141 E.27632
G1 X32.133 Y-14.875 E.38128
G1 X32.133 Y-8.999 E.27632
G1 X37.867 Y-3.265 E.38128
G1 X37.867 Y2.611 E.27632
G1 X32.133 Y-3.123 E.38128
G1 X32.133 Y2.753 E.27632
G1 X37.867 Y8.487 E.38128
G1 X37.867 Y14.363 E.27632
G1 X32.133 Y8.629 E.38128
G1 X32.133 Y14.505 E.27632
G1 X37.867 Y20.239 E.38128
G1 X37.867 Y26.115 E.27632
G1 X32.133 Y20.381 E.38128
G1 X32.133 Y26.257 E.27632
G1 X37.867 Y31.991 E.38128
G1 X37.867 Y37.867 E.27632
G1 X32.133 Y32.133 E.38128
G1 X32.133 Y38.009 E.27632
G1 X37.867 Y43.743 E.38128
G1 X37.867 Y49.619 E.27632
G1 X32.133 Y43.885 E.38128
G1 X32.133 Y49.761 E.27632
G1 X37.867 Y55.495 E.38128
G1 X37.867 Y61.371 E.27632
G1 X32.133 Y55.637 E.38128
G1 X32.133 Y53.329 E.10855
G1 X37.867 Y64.938 F30000
G1 F6000
G1 X37.867 Y67.247 E.10855
G1 X32.133 Y61.513 E.38128
G1 X32.133 Y67.389 E.27632
G1 X37.867 Y73.123 E.38128
G1 X37.867 Y77.767 E.21838
G1 X36.635 Y77.767 E.05794
G1 X30.901 Y72.033 E.38128
G1 X25.025 Y72.033 E.27632
G1 X30.759 Y77.767 E.38128
G1 X24.883 Y77.767 E.27632
G1 X19.149 Y72.033 E.38128
G1 X13.273 Y72.033 E.27632
G1 X19.006 Y77.767 E.38128
G1 X13.13 Y77.767 E.27632
G1 X7.397 Y72.033 E.38128
G1 X9.705 Y72.033 E.10855
G1 X4.946 Y77.767 F30000
G1 F6000
G1 X7.254 Y77.767 E.10855
G1 X1.521 Y72.033 E.38128
G1 X-4.355 Y72.033 E.27632
G1 X1.378 Y77.767 E.38128
G1 X-4.498 Y77.767 E.27632
G1 X-10.231 Y72.033 E.38128
G1 X-16.107 Y72.033 E.27632
G1 X-10.374 Y77.767 E.38128
M73 P33 R16
G1 X-16.25 Y77.767 E.27632
G1 X-21.983 Y72.033 E.38128
G1 X-27.859 Y72.033 E.27632
G1 X-22.126 Y77.767 E.38128
G1 X-28.002 Y77.767 E.27632
G1 X-37.867 Y67.902 E.65605
G1 X-37.867 Y73.778 E.27632
G1 X-33.878 Y77.767 E.26528
G1 X-36.186 Y77.767 E.10855
G1 X-37.867 Y59.717 F30000
G1 F6000
G1 X-37.867 Y62.026 E.10855
G1 X-32.133 Y67.759 E.38128
G1 X-32.133 Y61.883 E.27632
G1 X-37.867 Y56.15 E.38128
G1 X-37.867 Y50.274 E.27632
G1 X-32.133 Y56.007 E.38128
G1 X-32.133 Y50.131 E.27632
G1 X-37.867 Y44.398 E.38128
G1 X-37.867 Y38.522 E.27632
G1 X-32.133 Y44.255 E.38128
G1 X-32.133 Y38.379 E.27632
G1 X-37.867 Y32.646 E.38128
G1 X-37.867 Y26.77 E.27632
G1 X-32.133 Y32.503 E.38128
G1 X-32.133 Y26.627 E.27632
G1 X-37.867 Y20.894 E.38128
G1 X-37.867 Y15.017 E.27632
G1 X-32.133 Y20.751 E.38128
G1 X-32.133 Y14.875 E.27632
G1 X-37.867 Y9.141 E.38128
G1 X-37.867 Y3.265 E.27632
G1 X-32.133 Y8.999 E.38128
G1 X-32.133 Y3.123 E.27632
G1 X-37.867 Y-2.611 E.38128
G1 X-37.867 Y-8.487 E.27632
G1 X-32.133 Y-2.753 E.38128
M73 P33 R15
G1 X-32.133 Y-.445 E.10855
G1 X-37.867 Y-16.671 F30000
G1 F6000
G1 X-37.867 Y-14.363 E.10855
G1 X-32.133 Y-8.629 E.38128
G1 X-32.133 Y-14.505 E.27632
G1 X-37.867 Y-20.239 E.38128
G1 X-37.867 Y-26.115 E.27632
G1 X-32.133 Y-20.381 E.38128
G1 X-32.133 Y-26.257 E.27632
G1 X-37.867 Y-31.991 E.38128
G1 X-37.867 Y-37.867 E.27632
G1 X-32.133 Y-32.133 E.38128
G1 X-32.133 Y-38.009 E.27632
G1 X-37.867 Y-43.743 E.38128
G1 X-37.867 Y-49.619 E.27632
G1 X-32.133 Y-43.885 E.38128
G1 X-32.133 Y-49.761 E.27632
G1 X-37.867 Y-55.495 E.38128
G1 X-37.867 Y-61.371 E.27632
G1 X-32.133 Y-55.637 E.38128
G1 X-32.133 Y-53.329 E.10855
G1 X-37.867 Y-69.555 F30000
G1 F6000
G1 X-37.867 Y-67.247 E.10855
G1 X-32.133 Y-61.513 E.38128
G1 X-32.133 Y-67.389 E.27632
G1 X-35.955 Y-71.211 E.25415
G1 X-35.507 Y-71.11 E.02161
G1 X-34.976 Y-71.072 E.02501
G1 X-34.449 Y-71.117 E.02488
G1 X-33.937 Y-71.236 E.02472
G1 X-33.69 Y-71.325 E.01231
G1 X-32.327 Y-72.315 F30000
SET_VELOCITY_LIMIT ACCEL=7000
;TYPE:Internal solid infill
;WIDTH:0.546438
G1 F9000
G1 X-32.327 Y-77.573 E.21573
G1 X-32.831 Y-77.573 E.02066
G1 X-32.831 Y-72.29 E.21673
G1 X-32.585 Y-72.353 E.01042
G1 X-32.363 Y-72.32 E.00919
SET_VELOCITY_LIMIT ACCEL=10000
G1 X-36.954 Y-71.992 F30000
SET_VELOCITY_LIMIT ACCEL=7000
;WIDTH:0.55292
G1 F9000
G1 X-35.961 Y-71.677 E.04328
G1 X-35.468 Y-71.583 E.02089
G1 X-34.986 Y-71.547 E.0201
G1 X-34.271 Y-71.624 E.02986
G1 X-33.321 Y-71.897 E.04106
G1 X-33.07 Y-71.989 E.01112
SET_VELOCITY_LIMIT ACCEL=10000
G1 X-37.169 Y-72.289 F30000
SET_VELOCITY_LIMIT ACCEL=7000
;WIDTH:0.546438
G1 F9000
G1 X-37.169 Y-77.573 E.21679
G1 X-37.673 Y-77.573 E.02066
G1 X-37.673 Y-72.335 E.21491
G1 X-37.254 Y-72.331 E.01719
G1 X-37.201 Y-72.305 E.0024
;LAYER_CHANGE
;Z:2.4
;HEIGHT:0.2
;BEFORE_LAYER_CHANGE
;2.4
G1 E-1.2 F2100
;WIPE_START
G1 F9000
G1 X-37.254 Y-72.331
G1 X-37.673 Y-72.335
G1 X-37.673 Y-73.857
;WIPE_END
;AFTER_LAYER_CHANGE
;2.4
;_SET_FAN_SPEED_CHANGING_LAYER
SET_VELOCITY_LIMIT ACCEL=10000
G17
G3 Z2.8 I-.024 J1.217 P1  F30000
G1 X36.98 Y-72.358 Z2.8
G1 Z2.4
G1 E1.2 F2100
SET_VELOCITY_LIMIT ACCEL=5000
;TYPE:Inner wall
;WIDTH:0.62
G1 F9000
G1 X37.043 Y-72.382 E.00317
G1 X37.043 Y-78.113 E.26951
G1 X38.213 Y-78.113 E.05502
G1 X38.213 Y78.113 E7.34647
G1 X-38.213 Y78.113 E3.5939
G1 X-38.213 Y-78.113 E7.34647
G1 X-37.043 Y-78.113 E.05502
G1 X-37.043 Y-72.382 E.26951
G1 X-36.294 Y-72.105 E.03753
G1 X-35.618 Y-71.949 E.03262
G1 X-35 Y-71.9 E.02916
G1 X-34.382 Y-71.949 E.02916
G1 X-33.706 Y-72.105 E.03262
G1 X-32.957 Y-72.382 E.03753
G1 X-32.957 Y-78.113 E.26951
G1 X-31.787 Y-78.113 E.05502
G1 X-31.787 Y71.687 E7.0443
G1 X31.787 Y71.687 E2.98955
G1 X31.787 Y-78.113 E7.0443
G1 X32.957 Y-78.113 E.05502
G1 X32.957 Y-72.382 E.26951
G1 X33.706 Y-72.105 E.03753
G1 X34.382 Y-71.949 E.03262
G1 X35 Y-71.9 E.02916
G1 X35.618 Y-71.949 E.02916
G1 X36.294 Y-72.105 E.03262
G1 X36.946 Y-72.346 E.03267
SET_VELOCITY_LIMIT ACCEL=10000
G1 X36.466 Y-72.784 F30000
SET_VELOCITY_LIMIT ACCEL=5000
;TYPE:Outer wall
G1 F7200
G1 X36.466 Y-78.69 E.27773
G1 X38.79 Y-78.69 E.1093
G1 X38.79 Y78.69 E7.40074
G1 X-38.79 Y78.69 E3.64817
G1 X-38.79 Y-78.69 E7.40074
G1 X-36.466 Y-78.69 E.1093
M73 P34 R15
G1 X-36.466 Y-72.784 E.27773
G1 X-36.128 Y-72.659 E.01692
G1 X-35.53 Y-72.521 E.02889
G1 X-35 Y-72.479 E.02499
G1 X-34.47 Y-72.521 E.02499
G1 X-33.872 Y-72.659 E.02889
G1 X-33.534 Y-72.784 E.01692
G1 X-33.534 Y-78.69 E.27773
G1 X-31.21 Y-78.69 E.1093
G1 X-31.21 Y71.11 E7.0443
G1 X31.21 Y71.11 E2.93528
G1 X31.21 Y-78.69 E7.0443
G1 X33.534 Y-78.69 E.1093
G1 X33.534 Y-72.784 E.27773
G1 X33.872 Y-72.659 E.01692
G1 X34.47 Y-72.521 E.02889
G1 X35 Y-72.479 E.02499
G1 X35.53 Y-72.521 E.02499
G1 X36.128 Y-72.659 E.02889
G1 X36.432 Y-72.771 E.01522
SET_VELOCITY_LIMIT ACCEL=10000
G1 X36.392 Y-71.773 F30000
;TYPE:Sparse infill
G1 F6000
G1 X35.671 Y-71.606 E.03478
G1 X35 Y-71.553 E.03167
G1 X34.329 Y-71.606 E.03167
G1 X34.113 Y-71.656 E.01043
G1 X37.867 Y-67.902 E.24966
G1 X37.867 Y-62.026 E.27632
G1 X32.133 Y-67.759 E.38128
G1 X32.133 Y-61.883 E.27632
G1 X37.867 Y-56.15 E.38128
G1 X37.867 Y-50.274 E.27632
G1 X32.133 Y-56.007 E.38128
G1 X32.133 Y-50.131 E.27632
G1 X37.867 Y-44.398 E.38128
G1 X37.867 Y-38.522 E.27632
G1 X32.133 Y-44.255 E.38128
G1 X32.133 Y-46.563 E.10855
G1 X37.867 Y-30.337 F30000
G1 F6000
G1 X37.867 Y-32.646 E.10855
G1 X32.133 Y-38.379 E.38128
G1 X32.133 Y-32.503 E.27632
G1 X37.867 Y-26.77 E.38128
G1 X37.867 Y-20.894 E.27632
G1 X32.133 Y-26.627 E.38128
G1 X32.133 Y-20.751 E.27632
G1 X37.867 Y-15.017 E.38128
G1 X37.867 Y-9.141 E.27632
G1 X32.133 Y-14.875 E.38128
G1 X32.133 Y-8.999 E.27632
G1 X37.867 Y-3.265 E.38128
G1 X37.867 Y2.611 E.27632
G1 X32.133 Y-3.123 E.38128
G1 X32.133 Y2.753 E.27632
G1 X37.867 Y8.487 E.38128
G1 X37.867 Y14.363 E.27632
G1 X32.133 Y8.629 E.38128
G1 X32.133 Y14.505 E.27632
G1 X37.867 Y20.239 E.38128
G1 X37.867 Y26.115 E.27632
G1 X32.133 Y20.381 E.38128
G1 X32.133 Y26.257 E.27632
G1 X37.867 Y31.991 E.38128
G1 X37.867 Y37.867 E.27632
G1 X32.133 Y32.133 E.38128
G1 X32.133 Y38.009 E.27632
G1 X37.867 Y43.743 E.38128
G1 X37.867 Y49.619 E.27632
G1 X32.133 Y43.885 E.38128
G1 X32.133 Y49.761 E.27632
G1 X37.867 Y55.495 E.38128
G1 X37.867 Y61.371 E.27632
G1 X32.133 Y55.637 E.38128
G1 X32.133 Y53.329 E.10855
G1 X37.867 Y64.938 F30000
G1 F6000
G1 X37.867 Y67.247 E.10855
G1 X32.133 Y61.513 E.38128
G1 X32.133 Y67.389 E.27632
G1 X37.867 Y73.123 E.38128
G1 X37.867 Y77.767 E.21838
G1 X36.635 Y77.767 E.05794
G1 X30.901 Y72.033 E.38128
G1 X25.025 Y72.033 E.27632
G1 X30.759 Y77.767 E.38128
G1 X24.883 Y77.767 E.27632
G1 X19.149 Y72.033 E.38128
G1 X13.273 Y72.033 E.27632
G1 X19.006 Y77.767 E.38128
G1 X16.698 Y77.767 E.10855
G1 X9.705 Y72.033 F30000
G1 F6000
G1 X7.397 Y72.033 E.10855
G1 X13.13 Y77.767 E.38128
G1 X7.254 Y77.767 E.27632
G1 X1.521 Y72.033 E.38128
G1 X-4.355 Y72.033 E.27632
G1 X1.378 Y77.767 E.38128
G1 X-4.498 Y77.767 E.27632
G1 X-10.231 Y72.033 E.38128
G1 X-16.107 Y72.033 E.27632
G1 X-10.374 Y77.767 E.38128
G1 X-16.25 Y77.767 E.27632
G1 X-21.983 Y72.033 E.38128
G1 X-27.859 Y72.033 E.27632
G1 X-22.126 Y77.767 E.38128
G1 X-28.002 Y77.767 E.27632
G1 X-37.867 Y67.902 E.65605
G1 X-37.867 Y73.778 E.27632
G1 X-33.878 Y77.767 E.26528
G1 X-36.186 Y77.767 E.10855
G1 X-37.867 Y59.717 F30000
G1 F6000
G1 X-37.867 Y62.026 E.10855
G1 X-32.133 Y67.759 E.38128
G1 X-32.133 Y61.883 E.27632
G1 X-37.867 Y56.15 E.38128
G1 X-37.867 Y50.274 E.27632
G1 X-32.133 Y56.007 E.38128
G1 X-32.133 Y53.699 E.10855
G1 X-37.867 Y42.089 F30000
G1 F6000
G1 X-37.867 Y44.398 E.10855
G1 X-32.133 Y50.131 E.38128
G1 X-32.133 Y44.255 E.27632
G1 X-37.867 Y38.522 E.38128
G1 X-37.867 Y32.646 E.27632
G1 X-32.133 Y38.379 E.38128
G1 X-32.133 Y32.503 E.27632
G1 X-37.867 Y26.77 E.38128
G1 X-37.867 Y24.461 E.10855
G1 X-32.133 Y28.935 F30000
G1 F6000
G1 X-32.133 Y26.627 E.10855
G1 X-37.867 Y20.894 E.38128
G1 X-37.867 Y15.017 E.27632
G1 X-32.133 Y20.751 E.38128
G1 X-32.133 Y14.875 E.27632
G1 X-37.867 Y9.141 E.38128
G1 X-37.867 Y3.265 E.27632
G1 X-32.133 Y8.999 E.38128
G1 X-32.133 Y3.123 E.27632
G1 X-37.867 Y-2.611 E.38128
G1 X-37.867 Y-8.487 E.27632
G1 X-32.133 Y-2.753 E.38128
G1 X-32.133 Y-8.629 E.27632
G1 X-37.867 Y-14.363 E.38128
G1 X-37.867 Y-16.671 E.10855
G1 X-32.133 Y-16.814 F30000
G1 F6000
G1 X-32.133 Y-14.505 E.10855
G1 X-37.867 Y-20.239 E.38128
G1 X-37.867 Y-26.115 E.27632
G1 X-32.133 Y-20.381 E.38128
G1 X-32.133 Y-26.257 E.27632
G1 X-37.867 Y-31.991 E.38128
G1 X-37.867 Y-37.867 E.27632
G1 X-32.133 Y-32.133 E.38128
G1 X-32.133 Y-38.009 E.27632
G1 X-37.867 Y-43.743 E.38128
G1 X-37.867 Y-49.619 E.27632
G1 X-32.133 Y-43.885 E.38128
G1 X-32.133 Y-49.761 E.27632
G1 X-37.867 Y-55.495 E.38128
G1 X-37.867 Y-61.371 E.27632
G1 X-32.133 Y-55.637 E.38128
G1 X-32.133 Y-61.513 E.27632
G1 X-37.867 Y-67.247 E.38128
G1 X-37.867 Y-71.944 E.22088
G1 X-36.964 Y-71.944 E.04246
G1 X-36.964 Y-71.983 E.00187
G1 X-36.589 Y-71.845 E.01877
G1 X-32.133 Y-67.389 E.29633
G1 X-32.133 Y-69.698 E.10855
G1 X-32.372 Y-72.29 F30000
;TYPE:Gap infill
;WIDTH:0.635942
G1 F9000
G1 X-32.372 Y-77.824 E.26744
G1 E-1.2 F2100
;WIPE_START
G1 F9000
G1 X-32.372 Y-75.824
;WIPE_END
G1 X-37.628 Y-77.824 Z2.8 F30000
G1 Z2.4
G1 E1.2 F2100
M73 P35 R15
G1 F9000
G1 X-37.628 Y-72.29 E.26744
G1 E-1.2 F2100
;WIPE_START
G1 F9000
G1 X-37.628 Y-74.29
;WIPE_END
G1 X-29.999 Y-74.072 Z2.8 F30000
G1 X32.372 Y-72.29 Z2.8
G1 Z2.4
G1 E1.2 F2100
G1 F9000
G1 X32.372 Y-77.824 E.26744
G1 E-1.2 F2100
;WIPE_START
G1 F9000
G1 X32.372 Y-75.824
;WIPE_END
G1 X37.628 Y-77.824 Z2.8 F30000
G1 Z2.4
G1 E1.2 F2100
G1 F9000
G1 X37.628 Y-72.29 E.26744
;LAYER_CHANGE
;Z:2.6
;HEIGHT:0.2
;BEFORE_LAYER_CHANGE
;2.6
G1 E-1.2 F2100
;WIPE_START
G1 F9000
G1 X37.628 Y-74.29
;WIPE_END
;AFTER_LAYER_CHANGE
;2.6
;_SET_FAN_SPEED_CHANGING_LAYER
G17
G3 Z3 I-1.192 J-.244 P1  F30000
G1 X37.231 Y-72.355 Z3
G1 Z2.6
G1 E1.2 F2100
SET_VELOCITY_LIMIT ACCEL=5000
;TYPE:Inner wall
;WIDTH:0.62
G1 F9000
G1 X37.303 Y-72.382 E.00362
G1 X37.303 Y-78.113 E.26951
G1 X38.213 Y-78.113 E.04277
G1 X38.213 Y78.113 E7.34647
G1 X-38.213 Y78.113 E3.5939
G1 X-38.213 Y-78.113 E7.34647
G1 X-37.303 Y-78.113 E.04277
G1 X-37.303 Y-72.382 E.26951
G1 X-36.178 Y-71.967 E.05639
G1 X-35.565 Y-71.824 E.02963
G1 X-35 Y-71.78 E.02664
G1 X-34.435 Y-71.824 E.02664
G1 X-33.822 Y-71.967 E.02963
G1 X-32.697 Y-72.382 E.05639
G1 X-32.697 Y-78.113 E.26951
G1 X-31.787 Y-78.113 E.04277
G1 X-31.787 Y71.687 E7.0443
G1 X31.787 Y71.687 E2.98955
G1 X31.787 Y-78.113 E7.0443
G1 X32.697 Y-78.113 E.04277
G1 X32.697 Y-72.382 E.26951
G1 X33.822 Y-71.967 E.05639
G1 X34.435 Y-71.824 E.02963
G1 X35 Y-71.78 E.02664
G1 X35.565 Y-71.824 E.02664
G1 X36.178 Y-71.967 E.02963
G1 X37.197 Y-72.343 E.05107
SET_VELOCITY_LIMIT ACCEL=10000
G1 X36.726 Y-72.784 F30000
SET_VELOCITY_LIMIT ACCEL=5000
;TYPE:Outer wall
G1 F7200
G1 X36.726 Y-78.69 E.27773
G1 X38.79 Y-78.69 E.09704
G1 X38.79 Y78.69 E7.40074
G1 X-38.79 Y78.69 E3.64817
G1 X-38.79 Y-78.69 E7.40074
G1 X-36.726 Y-78.69 E.09704
G1 X-36.726 Y-72.784 E.27773
G1 X-36.013 Y-72.521 E.03577
G1 X-35.476 Y-72.396 E.0259
G1 X-35 Y-72.359 E.02246
G1 X-34.524 Y-72.396 E.02246
G1 X-33.987 Y-72.521 E.0259
G1 X-33.274 Y-72.784 E.03577
G1 X-33.274 Y-78.69 E.27773
G1 X-31.21 Y-78.69 E.09704
G1 X-31.21 Y71.11 E7.0443
G1 X31.21 Y71.11 E2.93528
G1 X31.21 Y-78.69 E7.0443
G1 X33.274 Y-78.69 E.09704
G1 X33.274 Y-72.784 E.27773
G1 X33.987 Y-72.521 E.03577
G1 X34.524 Y-72.396 E.0259
G1 X35 Y-72.359 E.02246
G1 X35.476 Y-72.396 E.02246
G1 X36.013 Y-72.521 E.0259
G1 X36.693 Y-72.771 E.03408
SET_VELOCITY_LIMIT ACCEL=10000
G1 E-1.2 F2100
;WIPE_START
G1 F7200
G1 X36.704 Y-74.771
;WIPE_END
G1 X36.526 Y-71.726 Z3 F30000
G1 Z2.6
G1 E1.2 F2100
;TYPE:Sparse infill
G1 F6000
G1 X36.278 Y-71.634 E.01242
G1 X35.618 Y-71.481 E.03187
G1 X35 Y-71.432 E.02914
G1 X34.382 Y-71.481 E.02914
G1 X34.258 Y-71.51 E.00598
G1 X37.867 Y-67.902 E.23996
G1 X37.867 Y-62.026 E.27632
G1 X32.133 Y-67.759 E.38128
G1 X32.133 Y-61.883 E.27632
G1 X37.867 Y-56.15 E.38128
G1 X37.867 Y-50.274 E.27632
M73 P36 R15
G1 X32.133 Y-56.007 E.38128
G1 X32.133 Y-53.699 E.10855
G1 X37.867 Y-42.089 F30000
G1 F6000
G1 X37.867 Y-44.398 E.10855
G1 X32.133 Y-50.131 E.38128
G1 X32.133 Y-44.255 E.27632
G1 X37.867 Y-38.522 E.38128
G1 X37.867 Y-32.646 E.27632
G1 X32.133 Y-38.379 E.38128
G1 X32.133 Y-32.503 E.27632
G1 X37.867 Y-26.77 E.38128
G1 X37.867 Y-20.894 E.27632
G1 X32.133 Y-26.627 E.38128
G1 X32.133 Y-20.751 E.27632
G1 X37.867 Y-15.017 E.38128
G1 X37.867 Y-9.141 E.27632
G1 X32.133 Y-14.875 E.38128
G1 X32.133 Y-8.999 E.27632
G1 X37.867 Y-3.265 E.38128
G1 X37.867 Y2.611 E.27632
G1 X32.133 Y-3.123 E.38128
G1 X32.133 Y2.753 E.27632
G1 X37.867 Y8.487 E.38128
G1 X37.867 Y14.363 E.27632
G1 X32.133 Y8.629 E.38128
G1 X32.133 Y14.505 E.27632
G1 X37.867 Y20.239 E.38128
G1 X37.867 Y26.115 E.27632
G1 X32.133 Y20.381 E.38128
G1 X32.133 Y26.257 E.27632
G1 X37.867 Y31.991 E.38128
G1 X37.867 Y37.867 E.27632
G1 X32.133 Y32.133 E.38128
G1 X32.133 Y38.009 E.27632
G1 X37.867 Y43.743 E.38128
G1 X37.867 Y49.619 E.27632
G1 X32.133 Y43.885 E.38128
G1 X32.133 Y49.761 E.27632
G1 X37.867 Y55.495 E.38128
G1 X37.867 Y61.371 E.27632
G1 X32.133 Y55.637 E.38128
G1 X32.133 Y53.329 E.10855
G1 X37.867 Y64.938 F30000
G1 F6000
G1 X37.867 Y67.247 E.10855
G1 X32.133 Y61.513 E.38128
G1 X32.133 Y67.389 E.27632
G1 X37.867 Y73.123 E.38128
G1 X37.867 Y77.767 E.21838
G1 X36.635 Y77.767 E.05794
G1 X30.901 Y72.033 E.38128
G1 X25.025 Y72.033 E.27632
G1 X30.759 Y77.767 E.38128
G1 X24.883 Y77.767 E.27632
G1 X19.149 Y72.033 E.38128
G1 X13.273 Y72.033 E.27632
G1 X19.006 Y77.767 E.38128
G1 X16.698 Y77.767 E.10855
G1 X9.705 Y72.033 F30000
G1 F6000
G1 X7.397 Y72.033 E.10855
G1 X13.13 Y77.767 E.38128
G1 X7.254 Y77.767 E.27632
G1 X1.521 Y72.033 E.38128
G1 X-4.355 Y72.033 E.27632
G1 X1.378 Y77.767 E.38128
G1 X-4.498 Y77.767 E.27632
G1 X-10.231 Y72.033 E.38128
G1 X-16.107 Y72.033 E.27632
G1 X-10.374 Y77.767 E.38128
G1 X-16.25 Y77.767 E.27632
G1 X-21.983 Y72.033 E.38128
G1 X-27.859 Y72.033 E.27632
G1 X-22.126 Y77.767 E.38128
G1 X-28.002 Y77.767 E.27632
G1 X-37.867 Y67.902 E.65605
G1 X-37.867 Y73.778 E.27632
G1 X-33.878 Y77.767 E.26528
G1 X-36.186 Y77.767 E.10855
G1 X-37.867 Y59.717 F30000
G1 F6000
G1 X-37.867 Y62.026 E.10855
G1 X-32.133 Y67.759 E.38128
G1 X-32.133 Y61.883 E.27632
G1 X-37.867 Y56.15 E.38128
G1 X-37.867 Y50.274 E.27632
G1 X-32.133 Y56.007 E.38128
G1 X-32.133 Y53.699 E.10855
G1 X-37.867 Y42.089 F30000
G1 F6000
G1 X-37.867 Y44.398 E.10855
G1 X-32.133 Y50.131 E.38128
G1 X-32.133 Y44.255 E.27632
G1 X-37.867 Y38.522 E.38128
G1 X-37.867 Y32.646 E.27632
G1 X-32.133 Y38.379 E.38128
G1 X-32.133 Y32.503 E.27632
G1 X-37.867 Y26.77 E.38128
G1 X-37.867 Y24.461 E.10855
G1 X-32.133 Y28.935 F30000
G1 F6000
G1 X-32.133 Y26.627 E.10855
G1 X-37.867 Y20.894 E.38128
G1 X-37.867 Y15.017 E.27632
G1 X-32.133 Y20.751 E.38128
G1 X-32.133 Y14.875 E.27632
G1 X-37.867 Y9.141 E.38128
G1 X-37.867 Y3.265 E.27632
G1 X-32.133 Y8.999 E.38128
G1 X-32.133 Y3.123 E.27632
G1 X-37.867 Y-2.611 E.38128
G1 X-37.867 Y-8.487 E.27632
G1 X-32.133 Y-2.753 E.38128
G1 X-32.133 Y-8.629 E.27632
G1 X-37.867 Y-14.363 E.38128
G1 X-37.867 Y-16.671 E.10855
G1 X-32.133 Y-16.814 F30000
G1 F6000
G1 X-32.133 Y-14.505 E.10855
G1 X-37.867 Y-20.239 E.38128
G1 X-37.867 Y-26.115 E.27632
G1 X-32.133 Y-20.381 E.38128
G1 X-32.133 Y-26.257 E.27632
G1 X-37.867 Y-31.991 E.38128
G1 X-37.867 Y-37.867 E.27632
G1 X-32.133 Y-32.133 E.38128
G1 X-32.133 Y-38.009 E.27632
G1 X-37.867 Y-43.743 E.38128
G1 X-37.867 Y-49.619 E.27632
G1 X-32.133 Y-43.885 E.38128
G1 X-32.133 Y-49.761 E.27632
G1 X-37.867 Y-55.495 E.38128
G1 X-37.867 Y-61.371 E.27632
G1 X-32.133 Y-55.637 E.38128
G1 X-32.133 Y-61.513 E.27632
G1 X-37.867 Y-67.247 E.38128
G1 X-37.867 Y-71.896 E.21862
G1 X-37.224 Y-71.896 E.03021
G1 X-37.224 Y-71.983 E.00413
G1 X-36.437 Y-71.693 E.03947
G1 X-32.133 Y-67.389 E.2862
G1 X-32.133 Y-69.698 E.10855
G1 X-32.242 Y-72.242 F30000
;TYPE:Gap infill
;WIDTH:0.375298
G1 F9000
G1 X-32.242 Y-77.824 E.1512
G1 E-1.2 F2100
;WIPE_START
G1 F9000
G1 X-32.242 Y-75.824
;WIPE_END
G1 X-37.758 Y-77.824 Z3 F30000
G1 Z2.6
G1 E1.2 F2100
;WIDTH:0.375296
G1 F9000
G1 X-37.758 Y-72.242 E.1512
G1 E-1.2 F2100
;WIPE_START
G1 F9000
G1 X-37.758 Y-74.242
;WIPE_END
G1 X-30.129 Y-74.024 Z3 F30000
G1 X32.242 Y-72.242 Z3
G1 Z2.6
G1 E1.2 F2100
;WIDTH:0.375298
G1 F9000
G1 X32.242 Y-77.824 E.1512
G1 E-1.2 F2100
;WIPE_START
G1 F9000
G1 X32.242 Y-75.824
;WIPE_END
G1 X37.758 Y-77.824 Z3 F30000
G1 Z2.6
G1 E1.2 F2100
G1 F9000
G1 X37.758 Y-72.242 E.1512
;LAYER_CHANGE
;Z:2.8
;HEIGHT:0.2
;BEFORE_LAYER_CHANGE
;2.8
G1 E-1.2 F2100
;WIPE_START
G1 F9000
G1 X37.758 Y-74.242
;WIPE_END
;AFTER_LAYER_CHANGE
;2.8
;_SET_FAN_SPEED_CHANGING_LAYER
G17
G3 Z3.2 I-1.197 J-.218 P1  F30000
G1 X37.423 Y-72.406 Z3.2
G1 Z2.8
G1 E1.2 F2100
SET_VELOCITY_LIMIT ACCEL=5000
;TYPE:Inner wall
;WIDTH:0.62
G1 F9000
G1 X37.5 Y-72.442 E.00398
G1 X37.5 Y-78.113 E.26666
G1 X38.213 Y-78.113 E.03354
G1 X38.213 Y78.113 E7.34647
G1 X-38.213 Y78.113 E3.5939
G1 X-38.213 Y-78.113 E7.34647
G1 X-37.5 Y-78.113 E.03354
G1 X-37.5 Y-72.442 E.26666
G1 X-36.746 Y-72.08 E.0393
G1 X-36.063 Y-71.828 E.03426
G1 X-35.511 Y-71.7 E.02664
G1 X-35 Y-71.66 E.02411
G1 X-34.489 Y-71.7 E.02411
G1 X-33.937 Y-71.828 E.02664
G1 X-33.254 Y-72.08 E.03426
G1 X-32.5 Y-72.442 E.0393
G1 X-32.5 Y-78.113 E.26666
G1 X-31.787 Y-78.113 E.03354
G1 X-31.787 Y71.687 E7.0443
G1 X31.787 Y71.687 E2.98955
M73 P37 R15
G1 X31.787 Y-78.113 E7.0443
G1 X32.5 Y-78.113 E.03354
G1 X32.5 Y-72.442 E.26666
G1 X33.254 Y-72.08 E.0393
G1 X33.937 Y-71.828 E.03426
G1 X34.489 Y-71.7 E.02664
G1 X35 Y-71.66 E.02411
G1 X35.511 Y-71.7 E.02411
G1 X36.063 Y-71.828 E.02664
G1 X36.746 Y-72.08 E.03426
G1 X37.391 Y-72.39 E.03363
SET_VELOCITY_LIMIT ACCEL=10000
G1 X36.923 Y-72.805 F30000
SET_VELOCITY_LIMIT ACCEL=5000
;TYPE:Outer wall
G1 F7200
G1 X36.923 Y-78.69 E.27674
G1 X38.79 Y-78.69 E.08782
G1 X38.79 Y78.69 E7.40074
G1 X-38.79 Y78.69 E3.64817
G1 X-38.79 Y-78.69 E7.40074
G1 X-36.923 Y-78.69 E.08782
M73 P37 R14
G1 X-36.923 Y-72.805 E.27674
G1 X-36.521 Y-72.612 E.02095
G1 X-35.897 Y-72.382 E.03127
G1 X-35.423 Y-72.272 E.02291
G1 X-35 Y-72.238 E.01994
G1 X-34.577 Y-72.272 E.01994
G1 X-34.103 Y-72.382 E.02291
G1 X-33.479 Y-72.612 E.03127
G1 X-33.077 Y-72.805 E.02095
G1 X-33.077 Y-78.69 E.27674
G1 X-31.21 Y-78.69 E.08782
G1 X-31.21 Y71.11 E7.0443
G1 X31.21 Y71.11 E2.93528
G1 X31.21 Y-78.69 E7.0443
G1 X33.077 Y-78.69 E.08782
G1 X33.077 Y-72.805 E.27674
G1 X33.479 Y-72.612 E.02095
G1 X34.103 Y-72.382 E.03127
G1 X34.577 Y-72.272 E.02291
G1 X35 Y-72.238 E.01994
G1 X35.423 Y-72.272 E.01994
G1 X35.897 Y-72.382 E.02291
G1 X36.521 Y-72.612 E.03127
G1 X36.89 Y-72.789 E.01926
SET_VELOCITY_LIMIT ACCEL=10000
G1 E-1.2 F2100
;WIPE_START
G1 F7200
G1 X36.901 Y-74.789
;WIPE_END
G1 X37.856 Y-72.294 Z3.2 F30000
G1 Z2.8
G1 E1.2 F2100
;TYPE:Gap infill
;WIDTH:0.17911
G1 F9000
G1 X37.856 Y-77.824 E.06138
G1 E-1.2 F2100
;WIPE_START
G1 F9000
G1 X37.856 Y-75.824
;WIPE_END
G1 X32.144 Y-77.824 Z3.2 F30000
G1 Z2.8
G1 E1.2 F2100
;WIDTH:0.179112
G1 F9000
G1 X32.144 Y-72.294 E.06138
G1 X32.133 Y-70.067 F30000
;TYPE:Sparse infill
;WIDTH:0.62
G1 F6000
G1 X32.133 Y-67.759 E.10855
G1 X37.867 Y-62.026 E.38128
G1 X37.867 Y-67.902 E.27632
G1 X34.404 Y-71.364 E.23027
G1 X35 Y-71.312 E.02813
G1 X35.564 Y-71.357 E.02661
G1 X36.162 Y-71.496 E.02888
G1 X36.659 Y-71.679 E.02491
G1 X37.867 Y-58.458 F30000
G1 F6000
G1 X37.867 Y-56.15 E.10855
G1 X32.133 Y-61.883 E.38128
G1 X32.133 Y-56.007 E.27632
G1 X37.867 Y-50.274 E.38128
G1 X37.867 Y-44.398 E.27632
G1 X32.133 Y-50.131 E.38128
G1 X32.133 Y-44.255 E.27632
G1 X37.867 Y-38.522 E.38128
G1 X37.867 Y-32.646 E.27632
G1 X32.133 Y-38.379 E.38128
G1 X32.133 Y-32.503 E.27632
G1 X37.867 Y-26.77 E.38128
G1 X37.867 Y-20.894 E.27632
G1 X32.133 Y-26.627 E.38128
G1 X32.133 Y-20.751 E.27632
G1 X37.867 Y-15.017 E.38128
G1 X37.867 Y-9.141 E.27632
G1 X32.133 Y-14.875 E.38128
G1 X32.133 Y-8.999 E.27632
G1 X37.867 Y-3.265 E.38128
G1 X37.867 Y2.611 E.27632
G1 X32.133 Y-3.123 E.38128
G1 X32.133 Y2.753 E.27632
G1 X37.867 Y8.487 E.38128
G1 X37.867 Y14.363 E.27632
G1 X32.133 Y8.629 E.38128
G1 X32.133 Y14.505 E.27632
G1 X37.867 Y20.239 E.38128
G1 X37.867 Y26.115 E.27632
G1 X32.133 Y20.381 E.38128
G1 X32.133 Y26.257 E.27632
G1 X37.867 Y31.991 E.38128
G1 X37.867 Y37.867 E.27632
G1 X32.133 Y32.133 E.38128
G1 X32.133 Y38.009 E.27632
G1 X37.867 Y43.743 E.38128
G1 X37.867 Y49.619 E.27632
G1 X32.133 Y43.885 E.38128
G1 X32.133 Y49.761 E.27632
G1 X37.867 Y55.495 E.38128
G1 X37.867 Y61.371 E.27632
G1 X32.133 Y55.637 E.38128
G1 X32.133 Y53.329 E.10855
G1 X37.867 Y64.938 F30000
G1 F6000
G1 X37.867 Y67.247 E.10855
G1 X32.133 Y61.513 E.38128
G1 X32.133 Y67.389 E.27632
G1 X37.867 Y73.123 E.38128
G1 X37.867 Y77.767 E.21838
G1 X36.635 Y77.767 E.05794
G1 X30.901 Y72.033 E.38128
G1 X25.025 Y72.033 E.27632
G1 X30.759 Y77.767 E.38128
G1 X24.883 Y77.767 E.27632
G1 X19.149 Y72.033 E.38128
G1 X13.273 Y72.033 E.27632
G1 X19.006 Y77.767 E.38128
M73 P38 R14
G1 X16.698 Y77.767 E.10855
G1 X9.705 Y72.033 F30000
G1 F6000
G1 X7.397 Y72.033 E.10855
G1 X13.13 Y77.767 E.38128
G1 X7.254 Y77.767 E.27632
G1 X1.521 Y72.033 E.38128
G1 X-4.355 Y72.033 E.27632
G1 X1.378 Y77.767 E.38128
G1 X-4.498 Y77.767 E.27632
G1 X-10.231 Y72.033 E.38128
G1 X-16.107 Y72.033 E.27632
G1 X-10.374 Y77.767 E.38128
G1 X-16.25 Y77.767 E.27632
G1 X-21.983 Y72.033 E.38128
G1 X-27.859 Y72.033 E.27632
G1 X-22.126 Y77.767 E.38128
G1 X-28.002 Y77.767 E.27632
G1 X-37.867 Y67.902 E.65605
G1 X-37.867 Y73.778 E.27632
G1 X-33.878 Y77.767 E.26528
G1 X-36.186 Y77.767 E.10855
G1 X-32.133 Y70.067 F30000
G1 F6000
G1 X-32.133 Y67.759 E.10855
G1 X-37.867 Y62.026 E.38128
G1 X-37.867 Y56.15 E.27632
G1 X-32.133 Y61.883 E.38128
G1 X-32.133 Y56.007 E.27632
G1 X-37.867 Y50.274 E.38128
G1 X-37.867 Y44.398 E.27632
G1 X-32.133 Y50.131 E.38128
G1 X-32.133 Y44.255 E.27632
G1 X-37.867 Y38.522 E.38128
G1 X-37.867 Y36.213 E.10855
G1 X-32.133 Y40.687 F30000
G1 F6000
G1 X-32.133 Y38.379 E.10855
G1 X-37.867 Y32.646 E.38128
G1 X-37.867 Y26.77 E.27632
G1 X-32.133 Y32.503 E.38128
G1 X-32.133 Y26.627 E.27632
G1 X-37.867 Y20.894 E.38128
G1 X-37.867 Y15.017 E.27632
G1 X-32.133 Y20.751 E.38128
G1 X-32.133 Y14.875 E.27632
G1 X-37.867 Y9.141 E.38128
G1 X-37.867 Y3.265 E.27632
G1 X-32.133 Y8.999 E.38128
G1 X-32.133 Y3.123 E.27632
G1 X-37.867 Y-2.611 E.38128
G1 X-37.867 Y-8.487 E.27632
G1 X-32.133 Y-2.753 E.38128
G1 X-32.133 Y-8.629 E.27632
G1 X-37.867 Y-14.363 E.38128
G1 X-37.867 Y-20.239 E.27632
G1 X-32.133 Y-14.505 E.38128
G1 X-32.133 Y-16.814 E.10855
G1 X-37.867 Y-28.423 F30000
G1 F6000
G1 X-37.867 Y-26.115 E.10855
G1 X-32.133 Y-20.381 E.38128
G1 X-32.133 Y-26.257 E.27632
G1 X-37.867 Y-31.991 E.38128
G1 X-37.867 Y-37.867 E.27632
G1 X-32.133 Y-32.133 E.38128
G1 X-32.133 Y-38.009 E.27632
G1 X-37.867 Y-43.743 E.38128
G1 X-37.867 Y-49.619 E.27632
G1 X-32.133 Y-43.885 E.38128
G1 X-32.133 Y-49.761 E.27632
G1 X-37.867 Y-55.495 E.38128
G1 X-37.867 Y-57.803 E.10855
G1 X-32.133 Y-53.329 F30000
G1 F6000
G1 X-32.133 Y-55.637 E.10855
G1 X-37.867 Y-61.371 E.38128
G1 X-37.867 Y-67.247 E.27632
G1 X-32.133 Y-61.513 E.38128
G1 X-32.133 Y-67.389 E.27632
G1 X-36.284 Y-71.541 E.27606
G1 X-36.162 Y-71.496 E.00612
G1 X-35.564 Y-71.357 E.02888
G1 X-35 Y-71.312 E.02661
G1 X-34.436 Y-71.357 E.02661
G1 X-34.015 Y-71.454 E.02033
G1 X-32.144 Y-72.294 F30000
;TYPE:Gap infill
;WIDTH:0.17911
G1 F9000
G1 X-32.144 Y-77.824 E.06138
G1 E-1.2 F2100
;WIPE_START
G1 F9000
G1 X-32.144 Y-75.824
;WIPE_END
G1 X-37.856 Y-77.824 Z3.2 F30000
G1 Z2.8
G1 E1.2 F2100
G1 F9000
G1 X-37.856 Y-72.294 E.06138
;LAYER_CHANGE
;Z:3
;HEIGHT:0.2
;BEFORE_LAYER_CHANGE
;3
G1 E-1.2 F2100
;WIPE_START
G1 F9000
G1 X-37.856 Y-74.294
;WIPE_END
;AFTER_LAYER_CHANGE
;3
;_SET_FAN_SPEED_CHANGING_LAYER
G17
G3 Z3.4 I-.03 J1.217 P1  F30000
G1 X37.572 Y-72.403 Z3.4
G1 Z3
G1 E1.2 F2100
SET_VELOCITY_LIMIT ACCEL=5000
;TYPE:Inner wall
;WIDTH:0.62
G1 F9000
G1 X37.653 Y-72.442 E.00422
G1 X37.653 Y-78.113 E.26666
G1 X38.213 Y-78.113 E.02632
G1 X38.213 Y78.113 E7.34647
G1 X-38.213 Y78.113 E3.5939
G1 X-38.213 Y-78.113 E7.34647
G1 X-37.653 Y-78.113 E.02632
G1 X-37.653 Y-72.442 E.26666
G1 X-36.546 Y-71.91 E.05774
G1 X-35.948 Y-71.689 E.03002
G1 X-35.457 Y-71.576 E.02366
G1 X-35 Y-71.539 E.02158
G1 X-34.543 Y-71.576 E.02158
G1 X-34.052 Y-71.689 E.02366
G1 X-33.454 Y-71.91 E.03002
G1 X-32.347 Y-72.442 E.05774
G1 X-32.347 Y-78.113 E.26666
G1 X-31.787 Y-78.113 E.02632
G1 X-31.787 Y71.687 E7.0443
G1 X31.787 Y71.687 E2.98955
G1 X31.787 Y-78.113 E7.0443
G1 X32.347 Y-78.113 E.02632
G1 X32.347 Y-72.442 E.26666
G1 X33.454 Y-71.91 E.05774
G1 X34.052 Y-71.689 E.03002
G1 X34.543 Y-71.576 E.02366
G1 X35 Y-71.539 E.02158
G1 X35.457 Y-71.576 E.02158
G1 X35.948 Y-71.689 E.02366
G1 X36.546 Y-71.91 E.03002
G1 X37.54 Y-72.388 E.05183
SET_VELOCITY_LIMIT ACCEL=10000
G1 X37.076 Y-72.805 F30000
SET_VELOCITY_LIMIT ACCEL=5000
;TYPE:Outer wall
G1 F7200
G1 X37.076 Y-78.69 E.27674
G1 X38.79 Y-78.69 E.0806
G1 X38.79 Y78.69 E7.40074
G1 X-38.79 Y78.69 E3.64817
G1 X-38.79 Y-78.69 E7.40074
G1 X-37.076 Y-78.69 E.0806
M73 P39 R14
G1 X-37.076 Y-72.805 E.27674
G1 X-36.321 Y-72.442 E.03939
G1 X-35.782 Y-72.243 E.02703
G1 X-35.369 Y-72.147 E.01993
G1 X-35 Y-72.118 E.01741
G1 X-34.631 Y-72.147 E.01741
G1 X-34.218 Y-72.243 E.01993
G1 X-33.679 Y-72.442 E.02703
G1 X-32.924 Y-72.805 E.03939
G1 X-32.924 Y-78.69 E.27674
G1 X-31.21 Y-78.69 E.0806
G1 X-31.21 Y71.11 E7.0443
G1 X31.21 Y71.11 E2.93528
G1 X31.21 Y-78.69 E7.0443
G1 X32.924 Y-78.69 E.0806
G1 X32.924 Y-72.805 E.27674
G1 X33.679 Y-72.442 E.03939
G1 X34.218 Y-72.243 E.02703
G1 X34.631 Y-72.147 E.01993
G1 X35 Y-72.118 E.01741
G1 X35.369 Y-72.147 E.01741
G1 X35.782 Y-72.243 E.01993
G1 X36.321 Y-72.442 E.02703
G1 X37.044 Y-72.789 E.0377
SET_VELOCITY_LIMIT ACCEL=10000
G1 E-1.2 F2100
;WIPE_START
G1 F7200
G1 X37.055 Y-74.789
;WIPE_END
G1 X36.779 Y-71.638 Z3.4 F30000
G1 Z3
G1 E1.2 F2100
;TYPE:Sparse infill
G1 F6000
G1 X36.047 Y-71.357 E.03685
G1 X35.511 Y-71.232 E.0259
G1 X35 Y-71.192 E.02408
G1 X34.54 Y-71.228 E.0217
G1 X37.867 Y-67.902 E.22124
G1 X37.867 Y-62.026 E.27632
G1 X32.133 Y-67.759 E.38128
G1 X32.133 Y-70.067 E.10855
G1 X37.867 Y-58.458 F30000
G1 F6000
G1 X37.867 Y-56.15 E.10855
G1 X32.133 Y-61.883 E.38128
G1 X32.133 Y-56.007 E.27632
G1 X37.867 Y-50.274 E.38128
G1 X37.867 Y-44.398 E.27632
G1 X32.133 Y-50.131 E.38128
G1 X32.133 Y-44.255 E.27632
G1 X37.867 Y-38.522 E.38128
G1 X37.867 Y-32.646 E.27632
G1 X32.133 Y-38.379 E.38128
G1 X32.133 Y-32.503 E.27632
G1 X37.867 Y-26.77 E.38128
G1 X37.867 Y-20.894 E.27632
G1 X32.133 Y-26.627 E.38128
G1 X32.133 Y-20.751 E.27632
G1 X37.867 Y-15.017 E.38128
G1 X37.867 Y-9.141 E.27632
G1 X32.133 Y-14.875 E.38128
G1 X32.133 Y-8.999 E.27632
G1 X37.867 Y-3.265 E.38128
G1 X37.867 Y2.611 E.27632
G1 X32.133 Y-3.123 E.38128
G1 X32.133 Y2.753 E.27632
G1 X37.867 Y8.487 E.38128
G1 X37.867 Y14.363 E.27632
G1 X32.133 Y8.629 E.38128
G1 X32.133 Y14.505 E.27632
G1 X37.867 Y20.239 E.38128
G1 X37.867 Y26.115 E.27632
G1 X32.133 Y20.381 E.38128
G1 X32.133 Y26.257 E.27632
G1 X37.867 Y31.991 E.38128
G1 X37.867 Y37.867 E.27632
G1 X32.133 Y32.133 E.38128
G1 X32.133 Y38.009 E.27632
G1 X37.867 Y43.743 E.38128
G1 X37.867 Y49.619 E.27632
G1 X32.133 Y43.885 E.38128
G1 X32.133 Y49.761 E.27632
G1 X37.867 Y55.495 E.38128
G1 X37.867 Y61.371 E.27632
G1 X32.133 Y55.637 E.38128
G1 X32.133 Y53.329 E.10855
G1 X37.867 Y64.938 F30000
G1 F6000
G1 X37.867 Y67.247 E.10855
G1 X32.133 Y61.513 E.38128
G1 X32.133 Y67.389 E.27632
G1 X37.867 Y73.123 E.38128
G1 X37.867 Y77.767 E.21838
G1 X36.635 Y77.767 E.05794
G1 X30.901 Y72.033 E.38128
G1 X25.025 Y72.033 E.27632
G1 X30.759 Y77.767 E.38128
G1 X24.883 Y77.767 E.27632
G1 X19.149 Y72.033 E.38128
G1 X13.273 Y72.033 E.27632
G1 X19.006 Y77.767 E.38128
G1 X16.698 Y77.767 E.10855
G1 X9.705 Y72.033 F30000
G1 F6000
G1 X7.397 Y72.033 E.10855
G1 X13.13 Y77.767 E.38128
G1 X7.254 Y77.767 E.27632
G1 X1.521 Y72.033 E.38128
G1 X-4.355 Y72.033 E.27632
G1 X1.378 Y77.767 E.38128
G1 X-4.498 Y77.767 E.27632
G1 X-10.231 Y72.033 E.38128
G1 X-16.107 Y72.033 E.27632
G1 X-10.374 Y77.767 E.38128
G1 X-16.25 Y77.767 E.27632
G1 X-21.983 Y72.033 E.38128
G1 X-27.859 Y72.033 E.27632
G1 X-22.126 Y77.767 E.38128
G1 X-28.002 Y77.767 E.27632
G1 X-37.867 Y67.902 E.65605
G1 X-37.867 Y73.778 E.27632
G1 X-33.878 Y77.767 E.26528
G1 X-36.186 Y77.767 E.10855
G1 X-37.867 Y59.717 F30000
G1 F6000
G1 X-37.867 Y62.026 E.10855
G1 X-32.133 Y67.759 E.38128
G1 X-32.133 Y61.883 E.27632
G1 X-37.867 Y56.15 E.38128
G1 X-37.867 Y50.274 E.27632
G1 X-32.133 Y56.007 E.38128
G1 X-32.133 Y50.131 E.27632
G1 X-37.867 Y44.398 E.38128
G1 X-37.867 Y38.522 E.27632
G1 X-32.133 Y44.255 E.38128
G1 X-32.133 Y38.379 E.27632
G1 X-37.867 Y32.646 E.38128
G1 X-37.867 Y26.77 E.27632
G1 X-32.133 Y32.503 E.38128
G1 X-32.133 Y26.627 E.27632
G1 X-37.867 Y20.894 E.38128
G1 X-37.867 Y15.017 E.27632
G1 X-32.133 Y20.751 E.38128
G1 X-32.133 Y14.875 E.27632
G1 X-37.867 Y9.141 E.38128
G1 X-37.867 Y3.265 E.27632
G1 X-32.133 Y8.999 E.38128
G1 X-32.133 Y3.123 E.27632
G1 X-37.867 Y-2.611 E.38128
G1 X-37.867 Y-8.487 E.27632
G1 X-32.133 Y-2.753 E.38128
G1 X-32.133 Y-8.629 E.27632
G1 X-37.867 Y-14.363 E.38128
G1 X-37.867 Y-16.671 E.10855
G1 X-32.133 Y-16.814 F30000
G1 F6000
G1 X-32.133 Y-14.505 E.10855
G1 X-37.867 Y-20.239 E.38128
G1 X-37.867 Y-26.115 E.27632
G1 X-32.133 Y-20.381 E.38128
G1 X-32.133 Y-26.257 E.27632
G1 X-37.867 Y-31.991 E.38128
G1 X-37.867 Y-37.867 E.27632
G1 X-32.133 Y-32.133 E.38128
G1 X-32.133 Y-38.009 E.27632
G1 X-37.867 Y-43.743 E.38128
G1 X-37.867 Y-49.619 E.27632
G1 X-32.133 Y-43.885 E.38128
G1 X-32.133 Y-49.761 E.27632
G1 X-37.867 Y-55.495 E.38128
G1 X-37.867 Y-61.371 E.27632
M73 P40 R14
G1 X-32.133 Y-55.637 E.38128
G1 X-32.133 Y-61.513 E.27632
G1 X-37.867 Y-67.247 E.38128
G1 X-37.867 Y-72.161 E.23108
G1 X-36.682 Y-71.591 E.06183
G1 X-36.132 Y-71.388 E.02755
G1 X-32.133 Y-67.389 E.26593
G1 X-32.133 Y-69.698 E.10855
;LAYER_CHANGE
;Z:3.2
;HEIGHT:0.2
;BEFORE_LAYER_CHANGE
;3.2
G1 E-1.2 F2100
;WIPE_START
G1 F6000
G1 X-32.133 Y-67.698
;WIPE_END
;AFTER_LAYER_CHANGE
;3.2
;_SET_FAN_SPEED_CHANGING_LAYER
G17
G3 Z3.6 I.084 J1.214 P1  F30000
G1 X37.78 Y-72.54 Z3.6
G1 Z3.2
G1 E1.2 F2100
SET_VELOCITY_LIMIT ACCEL=5000
;TYPE:Inner wall
G1 F9000
G1 X37.78 Y-78.113 E.26205
G1 X38.213 Y-78.113 E.02035
G1 X38.213 Y78.113 E7.34647
G1 X-38.213 Y78.113 E3.5939
G1 X-38.213 Y-78.113 E7.34647
G1 X-37.78 Y-78.113 E.02035
G1 X-37.78 Y-72.449 E.26633
G1 X-36.351 Y-71.742 E.07497
G1 X-35.832 Y-71.55 E.02602
G1 X-35.404 Y-71.451 E.02067
G1 X-35 Y-71.419 E.01905
G1 X-34.596 Y-71.451 E.01905
G1 X-34.168 Y-71.55 E.02067
G1 X-33.649 Y-71.742 E.02602
G1 X-32.22 Y-72.449 E.07497
G1 X-32.22 Y-78.113 E.26633
G1 X-31.787 Y-78.113 E.02035
G1 X-31.787 Y71.687 E7.0443
G1 X31.787 Y71.687 E2.98955
G1 X31.787 Y-78.113 E7.0443
G1 X32.22 Y-78.113 E.02035
G1 X32.22 Y-72.449 E.26633
G1 X33.649 Y-71.742 E.07497
G1 X34.168 Y-71.55 E.02602
G1 X34.596 Y-71.451 E.02067
G1 X35 Y-71.419 E.01905
G1 X35.404 Y-71.451 E.01905
G1 X35.832 Y-71.55 E.02067
G1 X36.351 Y-71.742 E.02602
G1 X37.78 Y-72.449 E.07497
G1 X37.78 Y-72.504 E.00259
SET_VELOCITY_LIMIT ACCEL=10000
G1 X37.203 Y-72.808 F30000
SET_VELOCITY_LIMIT ACCEL=5000
;TYPE:Outer wall
G1 F7200
G1 X37.203 Y-78.69 E.27662
G1 X38.79 Y-78.69 E.07463
G1 X38.79 Y78.69 E7.40074
G1 X-38.79 Y78.69 E3.64817
G1 X-38.79 Y-78.69 E7.40074
G1 X-37.203 Y-78.69 E.07463
G1 X-37.203 Y-72.808 E.27662
G1 X-36.123 Y-72.273 E.05668
G1 X-35.666 Y-72.104 E.02288
G1 X-35.315 Y-72.023 E.01694
G1 X-35 Y-71.998 E.01488
G1 X-34.685 Y-72.023 E.01488
G1 X-34.334 Y-72.104 E.01694
G1 X-33.877 Y-72.273 E.02288
G1 X-32.797 Y-72.808 E.05668
G1 X-32.797 Y-78.69 E.27662
G1 X-31.21 Y-78.69 E.07463
G1 X-31.21 Y71.11 E7.0443
G1 X31.21 Y71.11 E2.93528
G1 X31.21 Y-78.69 E7.0443
G1 X32.797 Y-78.69 E.07463
G1 X32.797 Y-72.808 E.27662
G1 X33.877 Y-72.273 E.05668
G1 X34.334 Y-72.104 E.02288
G1 X34.685 Y-72.023 E.01694
G1 X35 Y-71.998 E.01488
G1 X35.315 Y-72.023 E.01488
G1 X35.666 Y-72.104 E.01694
G1 X36.123 Y-72.273 E.02288
G1 X37.171 Y-72.792 E.05499
SET_VELOCITY_LIMIT ACCEL=10000
G1 E-1.2 F2100
;WIPE_START
G1 F7200
G1 X37.182 Y-74.792
;WIPE_END
G1 X36.881 Y-71.618 Z3.6 F30000
G1 Z3.2
G1 E1.2 F2100
;TYPE:Sparse infill
G1 F6000
G1 X36.488 Y-71.424 E.02062
G1 X35.932 Y-71.218 E.02791
G1 X35.457 Y-71.108 E.02291
G1 X35 Y-71.072 E.02155
G1 X34.67 Y-71.098 E.01555
G1 X37.867 Y-67.902 E.21256
G1 X37.867 Y-62.026 E.27632
G1 X32.133 Y-67.759 E.38128
G1 X32.133 Y-70.067 E.10855
G1 X37.867 Y-58.458 F30000
G1 F6000
G1 X37.867 Y-56.15 E.10855
G1 X32.133 Y-61.883 E.38128
G1 X32.133 Y-56.007 E.27632
G1 X37.867 Y-50.274 E.38128
M73 P41 R14
G1 X37.867 Y-47.965 E.10855
G1 X32.133 Y-52.439 F30000
G1 F6000
G1 X32.133 Y-50.131 E.10855
G1 X37.867 Y-44.398 E.38128
G1 X37.867 Y-38.522 E.27632
G1 X32.133 Y-44.255 E.38128
G1 X32.133 Y-38.379 E.27632
G1 X37.867 Y-32.646 E.38128
G1 X37.867 Y-30.337 E.10855
G1 X32.133 Y-34.811 F30000
G1 F6000
G1 X32.133 Y-32.503 E.10855
G1 X37.867 Y-26.77 E.38128
G1 X37.867 Y-20.894 E.27632
G1 X32.133 Y-26.627 E.38128
G1 X32.133 Y-20.751 E.27632
G1 X37.867 Y-15.017 E.38128
G1 X37.867 Y-9.141 E.27632
G1 X32.133 Y-14.875 E.38128
G1 X32.133 Y-8.999 E.27632
G1 X37.867 Y-3.265 E.38128
G1 X37.867 Y2.611 E.27632
G1 X32.133 Y-3.123 E.38128
G1 X32.133 Y2.753 E.27632
G1 X37.867 Y8.487 E.38128
G1 X37.867 Y14.363 E.27632
G1 X32.133 Y8.629 E.38128
G1 X32.133 Y14.505 E.27632
G1 X37.867 Y20.239 E.38128
G1 X37.867 Y26.115 E.27632
G1 X32.133 Y20.381 E.38128
G1 X32.133 Y26.257 E.27632
G1 X37.867 Y31.991 E.38128
G1 X37.867 Y37.867 E.27632
G1 X32.133 Y32.133 E.38128
G1 X32.133 Y38.009 E.27632
G1 X37.867 Y43.743 E.38128
G1 X37.867 Y49.619 E.27632
G1 X32.133 Y43.885 E.38128
G1 X32.133 Y49.761 E.27632
G1 X37.867 Y55.495 E.38128
G1 X37.867 Y61.371 E.27632
G1 X32.133 Y55.637 E.38128
G1 X32.133 Y53.329 E.10855
G1 X37.867 Y64.938 F30000
G1 F6000
G1 X37.867 Y67.247 E.10855
G1 X32.133 Y61.513 E.38128
G1 X32.133 Y67.389 E.27632
G1 X37.867 Y73.123 E.38128
G1 X37.867 Y77.767 E.21838
G1 X36.635 Y77.767 E.05794
G1 X30.901 Y72.033 E.38128
G1 X25.025 Y72.033 E.27632
G1 X30.759 Y77.767 E.38128
G1 X24.883 Y77.767 E.27632
G1 X19.149 Y72.033 E.38128
G1 X13.273 Y72.033 E.27632
G1 X19.006 Y77.767 E.38128
G1 X16.698 Y77.767 E.10855
G1 X9.705 Y72.033 F30000
G1 F6000
G1 X7.397 Y72.033 E.10855
G1 X13.13 Y77.767 E.38128
G1 X7.254 Y77.767 E.27632
G1 X1.521 Y72.033 E.38128
G1 X-4.355 Y72.033 E.27632
G1 X1.378 Y77.767 E.38128
G1 X-4.498 Y77.767 E.27632
G1 X-10.231 Y72.033 E.38128
G1 X-16.107 Y72.033 E.27632
G1 X-10.374 Y77.767 E.38128
G1 X-16.25 Y77.767 E.27632
G1 X-21.983 Y72.033 E.38128
G1 X-27.859 Y72.033 E.27632
G1 X-22.126 Y77.767 E.38128
G1 X-28.002 Y77.767 E.27632
G1 X-37.867 Y67.902 E.65605
G1 X-37.867 Y73.778 E.27632
G1 X-33.878 Y77.767 E.26528
G1 X-36.186 Y77.767 E.10855
G1 X-32.133 Y70.067 F30000
G1 F6000
G1 X-32.133 Y67.759 E.10855
G1 X-37.867 Y62.026 E.38128
G1 X-37.867 Y56.15 E.27632
G1 X-32.133 Y61.883 E.38128
G1 X-32.133 Y56.007 E.27632
G1 X-37.867 Y50.274 E.38128
G1 X-37.867 Y44.398 E.27632
G1 X-32.133 Y50.131 E.38128
G1 X-32.133 Y44.255 E.27632
G1 X-37.867 Y38.522 E.38128
G1 X-37.867 Y36.213 E.10855
G1 X-32.133 Y40.687 F30000
G1 F6000
G1 X-32.133 Y38.379 E.10855
G1 X-37.867 Y32.646 E.38128
G1 X-37.867 Y26.77 E.27632
G1 X-32.133 Y32.503 E.38128
G1 X-32.133 Y26.627 E.27632
G1 X-37.867 Y20.894 E.38128
G1 X-37.867 Y15.017 E.27632
G1 X-32.133 Y20.751 E.38128
G1 X-32.133 Y14.875 E.27632
G1 X-37.867 Y9.141 E.38128
G1 X-37.867 Y3.265 E.27632
G1 X-32.133 Y8.999 E.38128
G1 X-32.133 Y3.123 E.27632
G1 X-37.867 Y-2.611 E.38128
G1 X-37.867 Y-8.487 E.27632
G1 X-32.133 Y-2.753 E.38128
G1 X-32.133 Y-8.629 E.27632
G1 X-37.867 Y-14.363 E.38128
M73 P41 R13
G1 X-37.867 Y-20.239 E.27632
G1 X-32.133 Y-14.505 E.38128
G1 X-32.133 Y-16.814 E.10855
G1 X-37.867 Y-28.423 F30000
G1 F6000
G1 X-37.867 Y-26.115 E.10855
G1 X-32.133 Y-20.381 E.38128
G1 X-32.133 Y-26.257 E.27632
G1 X-37.867 Y-31.991 E.38128
G1 X-37.867 Y-37.867 E.27632
G1 X-32.133 Y-32.133 E.38128
G1 X-32.133 Y-38.009 E.27632
G1 X-37.867 Y-43.743 E.38128
G1 X-37.867 Y-49.619 E.27632
G1 X-32.133 Y-43.885 E.38128
G1 X-32.133 Y-49.761 E.27632
G1 X-37.867 Y-55.495 E.38128
G1 X-37.867 Y-57.803 E.10855
G1 X-32.133 Y-53.329 F30000
G1 F6000
G1 X-32.133 Y-55.637 E.10855
G1 X-37.867 Y-61.371 E.38128
G1 X-37.867 Y-67.247 E.27632
G1 X-32.133 Y-61.513 E.38128
G1 X-32.133 Y-67.389 E.27632
G1 X-35.98 Y-71.236 E.2558
G1 X-35.457 Y-71.108 E.02531
G1 X-35 Y-71.072 E.02155
G1 X-34.543 Y-71.108 E.02155
G1 X-34.068 Y-71.218 E.02291
G1 X-33.725 Y-71.345 E.0172
;LAYER_CHANGE
;Z:3.4
;HEIGHT:0.2
;BEFORE_LAYER_CHANGE
;3.4
G1 E-1.2 F2100
;WIPE_START
G1 F6000
G1 X-34.068 Y-71.218
G1 X-34.543 Y-71.108
G1 X-35 Y-71.072
G1 X-35.457 Y-71.108
G1 X-35.681 Y-71.163
;WIPE_END
;AFTER_LAYER_CHANGE
;3.4
;_SET_FAN_SPEED_CHANGING_LAYER
G17
G3 Z3.8 I.023 J1.217 P1  F30000
G1 X37.863 Y-72.576 Z3.8
G1 Z3.4
G1 E1.2 F2100
SET_VELOCITY_LIMIT ACCEL=5000
;TYPE:Inner wall
G1 F9000
G1 X37.863 Y-78.113 E.26035
G1 X38.213 Y-78.113 E.01646
G1 X38.213 Y78.113 E7.34647
G1 X-38.213 Y78.113 E3.5939
G1 X-38.213 Y-78.113 E7.34647
G1 X-37.863 Y-78.113 E.01646
G1 X-37.863 Y-72.48 E.26489
G1 X-36.795 Y-71.882 E.05756
G1 X-36.146 Y-71.57 E.03383
G1 X-35.717 Y-71.412 E.02155
G1 X-35.35 Y-71.327 E.01768
G1 X-35 Y-71.299 E.01652
G1 X-34.65 Y-71.327 E.01652
G1 X-34.283 Y-71.412 E.01768
G1 X-33.854 Y-71.57 E.02155
G1 X-33.205 Y-71.882 E.03383
G1 X-32.137 Y-72.48 E.05756
G1 X-32.137 Y-78.113 E.26489
G1 X-31.787 Y-78.113 E.01646
G1 X-31.787 Y71.687 E7.0443
G1 X31.787 Y71.687 E2.98955
G1 X31.787 Y-78.113 E7.0443
M73 P42 R13
G1 X32.137 Y-78.113 E.01646
G1 X32.137 Y-72.48 E.26489
G1 X33.205 Y-71.882 E.05756
G1 X33.854 Y-71.57 E.03383
G1 X34.283 Y-71.412 E.02155
G1 X34.65 Y-71.327 E.01768
G1 X35 Y-71.299 E.01652
G1 X35.35 Y-71.327 E.01652
G1 X35.717 Y-71.412 E.01768
G1 X36.146 Y-71.57 E.02155
G1 X36.795 Y-71.882 E.03383
G1 X37.863 Y-72.48 E.05756
G1 X37.863 Y-72.54 E.00284
SET_VELOCITY_LIMIT ACCEL=10000
G1 X37.286 Y-72.818 F30000
SET_VELOCITY_LIMIT ACCEL=5000
;TYPE:Outer wall
G1 F7200
G1 X37.286 Y-78.69 E.27612
G1 X38.79 Y-78.69 E.07073
G1 X38.79 Y78.69 E7.40074
G1 X-38.79 Y78.69 E3.64817
G1 X-38.79 Y-78.69 E7.40074
G1 X-37.286 Y-78.69 E.07073
G1 X-37.286 Y-72.818 E.27612
G1 X-36.529 Y-72.394 E.04081
G1 X-35.921 Y-72.102 E.0317
G1 X-35.551 Y-71.966 E.01855
G1 X-35.262 Y-71.899 E.01395
G1 X-35 Y-71.878 E.01235
G1 X-34.738 Y-71.899 E.01235
G1 X-34.449 Y-71.966 E.01395
G1 X-34.079 Y-72.102 E.01855
G1 X-33.471 Y-72.394 E.0317
G1 X-32.714 Y-72.818 E.04081
G1 X-32.714 Y-78.69 E.27612
G1 X-31.21 Y-78.69 E.07073
G1 X-31.21 Y71.11 E7.0443
G1 X31.21 Y71.11 E2.93528
G1 X31.21 Y-78.69 E7.0443
G1 X32.714 Y-78.69 E.07073
G1 X32.714 Y-72.818 E.27612
G1 X33.471 Y-72.394 E.04081
G1 X34.079 Y-72.102 E.0317
G1 X34.449 Y-71.966 E.01855
G1 X34.738 Y-71.899 E.01395
G1 X35 Y-71.878 E.01235
G1 X35.262 Y-71.899 E.01235
G1 X35.551 Y-71.966 E.01395
G1 X35.921 Y-72.102 E.01855
G1 X36.529 Y-72.394 E.0317
G1 X37.254 Y-72.801 E.03912
SET_VELOCITY_LIMIT ACCEL=10000
G1 E-1.2 F2100
;WIPE_START
G1 F7200
G1 X37.265 Y-74.801
;WIPE_END
G1 X32.805 Y-71.709 Z3.8 F30000
G1 Z3.4
G1 E1.2 F2100
;TYPE:Sparse infill
G1 F6000
G1 X33.045 Y-71.575 E.01296
G1 X33.718 Y-71.251 E.03511
G1 X34.184 Y-71.079 E.02334
G1 X34.597 Y-70.984 E.01992
G1 X34.962 Y-70.955 E.01721
G1 X36.234 Y-69.043 E.10799
G1 X36.725 Y-68.552 E.03265
G1 X37.867 Y-67.792 E.06449
G1 X37.867 Y-61.916 E.27632
G1 X36.725 Y-62.676 E.06449
G1 X36.234 Y-63.167 E.03265
G1 X34.278 Y-66.105 E.16598
G1 X33.787 Y-66.596 E.03265
G1 X32.133 Y-67.697 E.09343
G1 X32.133 Y-61.821 E.27632
G1 X33.787 Y-60.72 E.09343
G1 X34.278 Y-60.229 E.03265
G1 X36.234 Y-57.291 E.16598
G1 X36.725 Y-56.8 E.03265
G1 X37.867 Y-56.04 E.06449
G1 X37.867 Y-50.164 E.27632
G1 X36.725 Y-50.924 E.06449
G1 X36.234 Y-51.415 E.03265
G1 X34.278 Y-54.353 E.16598
G1 X33.787 Y-54.844 E.03265
G1 X32.133 Y-55.945 E.09343
G1 X32.133 Y-50.069 E.27632
G1 X33.787 Y-48.968 E.09343
G1 X34.278 Y-48.477 E.03265
G1 X36.234 Y-45.539 E.16598
G1 X36.725 Y-45.048 E.03265
G1 X37.867 Y-44.288 E.06449
G1 X37.867 Y-41.98 E.10855
G1 X32.133 Y-46.501 F30000
G1 F6000
G1 X32.133 Y-44.193 E.10855
G1 X33.787 Y-43.092 E.09343
G1 X34.278 Y-42.601 E.03265
G1 X36.234 Y-39.663 E.16598
G1 X36.725 Y-39.172 E.03265
G1 X37.867 Y-38.412 E.06449
G1 X37.867 Y-32.536 E.27632
G1 X36.725 Y-33.296 E.06449
G1 X36.234 Y-33.787 E.03265
G1 X34.278 Y-36.725 E.16598
G1 X33.787 Y-37.216 E.03265
G1 X32.133 Y-38.317 E.09343
G1 X32.133 Y-32.441 E.27632
G1 X33.787 Y-31.34 E.09343
G1 X34.278 Y-30.849 E.03265
G1 X36.234 Y-27.911 E.16598
G1 X36.725 Y-27.42 E.03265
G1 X37.867 Y-26.66 E.06449
G1 X37.867 Y-20.784 E.27632
G1 X36.725 Y-21.544 E.06449
G1 X36.234 Y-22.035 E.03265
G1 X34.278 Y-24.973 E.16598
G1 X33.787 Y-25.464 E.03265
G1 X32.133 Y-26.565 E.09343
G1 X32.133 Y-20.689 E.27632
G1 X33.787 Y-19.588 E.09343
G1 X34.278 Y-19.097 E.03265
G1 X36.234 Y-16.159 E.16598
G1 X36.725 Y-15.668 E.03265
G1 X37.867 Y-14.908 E.06449
G1 X37.867 Y-9.032 E.27632
G1 X36.725 Y-9.792 E.06449
G1 X36.234 Y-10.283 E.03265
G1 X34.278 Y-13.221 E.16598
G1 X33.787 Y-13.712 E.03265
G1 X32.133 Y-14.813 E.09343
G1 X32.133 Y-8.937 E.27632
G1 X33.787 Y-7.836 E.09343
G1 X34.278 Y-7.345 E.03265
G1 X36.234 Y-4.407 E.16598
G1 X36.725 Y-3.916 E.03265
G1 X37.867 Y-3.156 E.06449
G1 X37.867 Y2.72 E.27632
G1 X36.725 Y1.96 E.06449
G1 X36.234 Y1.469 E.03265
G1 X34.278 Y-1.469 E.16598
G1 X33.787 Y-1.96 E.03265
G1 X32.133 Y-3.061 E.09343
G1 X32.133 Y2.815 E.27632
G1 X33.787 Y3.916 E.09343
G1 X34.278 Y4.407 E.03265
G1 X36.234 Y7.345 E.16598
G1 X36.725 Y7.836 E.03265
G1 X37.867 Y8.596 E.06449
G1 X37.867 Y14.472 E.27632
G1 X36.725 Y13.712 E.06449
G1 X36.234 Y13.221 E.03265
G1 X34.278 Y10.283 E.16598
G1 X33.787 Y9.792 E.03265
G1 X32.133 Y8.691 E.09343
G1 X32.133 Y14.567 E.27632
G1 X33.787 Y15.668 E.09343
G1 X34.278 Y16.159 E.03265
G1 X36.234 Y19.097 E.16598
G1 X36.725 Y19.588 E.03265
G1 X37.867 Y20.348 E.06449
G1 X37.867 Y26.224 E.27632
G1 X36.725 Y25.464 E.06449
G1 X36.234 Y24.973 E.03265
G1 X34.278 Y22.035 E.16598
G1 X33.787 Y21.544 E.03265
G1 X32.133 Y20.443 E.09343
G1 X32.133 Y26.319 E.27632
G1 X33.787 Y27.42 E.09343
G1 X34.278 Y27.911 E.03265
G1 X36.234 Y30.849 E.16598
G1 X36.725 Y31.34 E.03265
G1 X37.867 Y32.1 E.06449
G1 X37.867 Y37.976 E.27632
G1 X36.725 Y37.216 E.06449
G1 X36.234 Y36.725 E.03265
G1 X34.278 Y33.787 E.16598
G1 X33.787 Y33.296 E.03265
G1 X32.133 Y32.195 E.09343
G1 X32.133 Y38.071 E.27632
G1 X33.787 Y39.172 E.09343
G1 X34.278 Y39.663 E.03265
G1 X36.234 Y42.601 E.16598
G1 X36.725 Y43.092 E.03265
G1 X37.867 Y43.852 E.06449
G1 X37.867 Y49.728 E.27632
G1 X36.725 Y48.968 E.06449
G1 X36.234 Y48.477 E.03265
G1 X34.278 Y45.539 E.16598
G1 X33.787 Y45.048 E.03265
G1 X32.133 Y43.947 E.09343
G1 X32.133 Y49.823 E.27632
G1 X33.787 Y50.924 E.09343
G1 X34.278 Y51.415 E.03265
G1 X36.234 Y54.353 E.16598
G1 X36.725 Y54.844 E.03265
G1 X37.867 Y55.604 E.06449
G1 X37.867 Y61.48 E.27632
G1 X36.725 Y60.72 E.06449
G1 X36.234 Y60.229 E.03265
G1 X34.278 Y57.291 E.16598
G1 X33.787 Y56.8 E.03265
G1 X32.133 Y55.699 E.09343
G1 X32.133 Y53.391 E.10855
G1 X37.867 Y75.541 F30000
G1 F6000
G1 X37.867 Y73.232 E.10855
G1 X36.725 Y72.472 E.06449
G1 X36.234 Y71.981 E.03265
G1 X34.278 Y69.043 E.16598
G1 X33.787 Y68.552 E.03265
G1 X32.133 Y67.451 E.09343
G1 X32.133 Y61.575 E.27632
G1 X33.787 Y62.676 E.09343
G1 X34.278 Y63.167 E.03265
G1 X36.234 Y66.105 E.16598
G1 X36.725 Y66.596 E.03265
G1 X37.867 Y67.356 E.06449
G1 X37.867 Y69.665 E.10855
G1 X32.133 Y71.448 F30000
G1 F6000
G1 X32.133 Y72.033 E.02752
G1 X30.41 Y72.033 E.08103
G1 X30.849 Y72.472 E.02919
G1 X33.787 Y74.428 E.16598
G1 X34.278 Y74.919 E.03265
G1 X36.174 Y77.767 E.16086
G1 X30.298 Y77.767 E.27632
G1 X28.402 Y74.919 E.16086
G1 X27.911 Y74.428 E.03265
G1 X24.973 Y72.472 E.16598
G1 X24.534 Y72.033 E.02919
G1 X26.843 Y72.033 E.10855
G1 X26.73 Y77.767 F30000
G1 F6000
G1 X24.422 Y77.767 E.10855
G1 X22.526 Y74.919 E.16086
G1 X22.035 Y74.428 E.03265
G1 X19.097 Y72.472 E.16598
G1 X18.658 Y72.033 E.02919
G1 X12.782 Y72.033 E.27632
G1 X13.221 Y72.472 E.02919
G1 X16.159 Y74.428 E.16598
G1 X16.65 Y74.919 E.03265
G1 X18.546 Y77.767 E.16086
G1 X20.854 Y77.767 E.10855
G1 X9.214 Y72.033 F30000
G1 F6000
G1 X6.906 Y72.033 E.10855
G1 X7.345 Y72.472 E.02919
G1 X10.283 Y74.428 E.16598
G1 X10.774 Y74.919 E.03265
G1 X12.67 Y77.767 E.16086
G1 X6.794 Y77.767 E.27632
G1 X4.898 Y74.919 E.16086
G1 X4.407 Y74.428 E.03265
G1 X1.469 Y72.472 E.16598
G1 X1.03 Y72.033 E.02919
G1 X-4.846 Y72.033 E.27632
G1 X-4.407 Y72.472 E.02919
G1 X-1.469 Y74.428 E.16598
G1 X-.978 Y74.919 E.03265
G1 X.918 Y77.767 E.16086
G1 X-4.958 Y77.767 E.27632
G1 X-6.854 Y74.919 E.16086
G1 X-7.345 Y74.428 E.03265
G1 X-10.283 Y72.472 E.16598
G1 X-10.722 Y72.033 E.02919
G1 X-16.598 Y72.033 E.27632
G1 X-16.159 Y72.472 E.02919
G1 X-13.221 Y74.428 E.16598
M73 P43 R13
G1 X-12.73 Y74.919 E.03265
G1 X-10.834 Y77.767 E.16086
G1 X-16.71 Y77.767 E.27632
G1 X-18.606 Y74.919 E.16086
G1 X-19.097 Y74.428 E.03265
G1 X-22.035 Y72.472 E.16598
G1 X-22.474 Y72.033 E.02919
G1 X-28.35 Y72.033 E.27632
G1 X-27.911 Y72.472 E.02919
G1 X-24.973 Y74.428 E.16598
G1 X-24.482 Y74.919 E.03265
G1 X-22.586 Y77.767 E.16086
G1 X-28.462 Y77.767 E.27632
G1 X-30.358 Y74.919 E.16086
G1 X-30.849 Y74.428 E.03265
G1 X-33.787 Y72.472 E.16598
G1 X-34.278 Y71.981 E.03265
G1 X-36.234 Y69.043 E.16598
G1 X-36.725 Y68.552 E.03265
G1 X-37.867 Y67.792 E.06449
G1 X-37.867 Y73.668 E.27632
G1 X-36.725 Y74.428 E.06449
G1 X-36.234 Y74.919 E.03265
G1 X-34.338 Y77.767 E.16086
G1 X-36.647 Y77.767 E.10855
G1 X-32.133 Y70.006 F30000
G1 F6000
G1 X-32.133 Y67.697 E.10855
G1 X-33.787 Y66.596 E.09343
G1 X-34.278 Y66.105 E.03265
G1 X-36.234 Y63.167 E.16598
G1 X-36.725 Y62.676 E.03265
G1 X-37.867 Y61.916 E.06449
G1 X-37.867 Y56.04 E.27632
G1 X-36.725 Y56.8 E.06449
G1 X-36.234 Y57.291 E.03265
G1 X-34.278 Y60.229 E.16598
G1 X-33.787 Y60.72 E.03265
G1 X-32.133 Y61.821 E.09343
G1 X-32.133 Y55.945 E.27632
G1 X-33.787 Y54.844 E.09343
G1 X-34.278 Y54.353 E.03265
G1 X-36.234 Y51.415 E.16598
G1 X-36.725 Y50.924 E.03265
G1 X-37.867 Y50.164 E.06449
G1 X-37.867 Y44.288 E.27632
G1 X-36.725 Y45.048 E.06449
G1 X-36.234 Y45.539 E.03265
G1 X-34.278 Y48.477 E.16598
G1 X-33.787 Y48.968 E.03265
G1 X-32.133 Y50.069 E.09343
G1 X-32.133 Y44.193 E.27632
G1 X-33.787 Y43.092 E.09343
G1 X-34.278 Y42.601 E.03265
G1 X-36.234 Y39.663 E.16598
G1 X-36.725 Y39.172 E.03265
G1 X-37.867 Y38.412 E.06449
G1 X-37.867 Y32.536 E.27632
G1 X-36.725 Y33.296 E.06449
G1 X-36.234 Y33.787 E.03265
G1 X-34.278 Y36.725 E.16598
G1 X-33.787 Y37.216 E.03265
G1 X-32.133 Y38.317 E.09343
G1 X-32.133 Y32.441 E.27632
G1 X-33.787 Y31.34 E.09343
G1 X-34.278 Y30.849 E.03265
G1 X-36.234 Y27.911 E.16598
G1 X-36.725 Y27.42 E.03265
G1 X-37.867 Y26.66 E.06449
G1 X-37.867 Y20.784 E.27632
G1 X-36.725 Y21.544 E.06449
G1 X-36.234 Y22.035 E.03265
G1 X-34.278 Y24.973 E.16598
G1 X-33.787 Y25.464 E.03265
G1 X-32.133 Y26.565 E.09343
G1 X-32.133 Y20.689 E.27632
G1 X-33.787 Y19.588 E.09343
G1 X-34.278 Y19.097 E.03265
G1 X-36.234 Y16.159 E.16598
G1 X-36.725 Y15.668 E.03265
G1 X-37.867 Y14.908 E.06449
G1 X-37.867 Y9.032 E.27632
G1 X-36.725 Y9.792 E.06449
G1 X-36.234 Y10.283 E.03265
G1 X-34.278 Y13.221 E.16598
G1 X-33.787 Y13.712 E.03265
G1 X-32.133 Y14.813 E.09343
G1 X-32.133 Y8.937 E.27632
G1 X-33.787 Y7.836 E.09343
G1 X-34.278 Y7.345 E.03265
G1 X-36.234 Y4.407 E.16598
G1 X-36.725 Y3.916 E.03265
G1 X-37.867 Y3.156 E.06449
G1 X-37.867 Y-2.72 E.27632
G1 X-36.725 Y-1.96 E.06449
G1 X-36.234 Y-1.469 E.03265
G1 X-34.278 Y1.469 E.16598
G1 X-33.787 Y1.96 E.03265
G1 X-32.133 Y3.061 E.09343
G1 X-32.133 Y-2.815 E.27632
G1 X-33.787 Y-3.916 E.09343
G1 X-34.278 Y-4.407 E.03265
G1 X-36.234 Y-7.345 E.16598
G1 X-36.725 Y-7.836 E.03265
G1 X-37.867 Y-8.596 E.06449
G1 X-37.867 Y-10.904 E.10855
G1 X-32.133 Y-6.383 F30000
G1 F6000
G1 X-32.133 Y-8.691 E.10855
G1 X-33.787 Y-9.792 E.09343
G1 X-34.278 Y-10.283 E.03265
G1 X-36.234 Y-13.221 E.16598
G1 X-36.725 Y-13.712 E.03265
G1 X-37.867 Y-14.472 E.06449
G1 X-37.867 Y-20.348 E.27632
G1 X-36.725 Y-19.588 E.06449
G1 X-36.234 Y-19.097 E.03265
G1 X-34.278 Y-16.159 E.16598
G1 X-33.787 Y-15.668 E.03265
G1 X-32.133 Y-14.567 E.09343
G1 X-32.133 Y-20.443 E.27632
G1 X-33.787 Y-21.544 E.09343
G1 X-34.278 Y-22.035 E.03265
G1 X-36.234 Y-24.973 E.16598
G1 X-36.725 Y-25.464 E.03265
G1 X-37.867 Y-26.224 E.06449
G1 X-37.867 Y-32.1 E.27632
G1 X-36.725 Y-31.34 E.06449
G1 X-36.234 Y-30.849 E.03265
G1 X-34.278 Y-27.911 E.16598
G1 X-33.787 Y-27.42 E.03265
G1 X-32.133 Y-26.319 E.09343
G1 X-32.133 Y-28.627 E.10855
G1 X-37.867 Y-46.16 F30000
G1 F6000
G1 X-37.867 Y-43.852 E.10855
G1 X-36.725 Y-43.092 E.06449
G1 X-36.234 Y-42.601 E.03265
G1 X-34.278 Y-39.663 E.16598
G1 X-33.787 Y-39.172 E.03265
G1 X-32.133 Y-38.071 E.09343
G1 X-32.133 Y-32.195 E.27632
G1 X-33.787 Y-33.296 E.09343
G1 X-34.278 Y-33.787 E.03265
G1 X-36.234 Y-36.725 E.16598
G1 X-36.725 Y-37.216 E.03265
G1 X-37.867 Y-37.976 E.06449
G1 X-37.867 Y-40.284 E.10855
G1 X-32.133 Y-41.639 F30000
G1 F6000
G1 X-32.133 Y-43.947 E.10855
G1 X-33.787 Y-45.048 E.09343
G1 X-34.278 Y-45.539 E.03265
G1 X-36.234 Y-48.477 E.16598
G1 X-36.725 Y-48.968 E.03265
G1 X-37.867 Y-49.728 E.06449
G1 X-37.867 Y-55.604 E.27632
G1 X-36.725 Y-54.844 E.06449
G1 X-36.234 Y-54.353 E.03265
G1 X-34.278 Y-51.415 E.16598
G1 X-33.787 Y-50.924 E.03265
G1 X-32.133 Y-49.823 E.09343
G1 X-32.133 Y-55.699 E.27632
G1 X-33.787 Y-56.8 E.09343
G1 X-34.278 Y-57.291 E.03265
G1 X-36.234 Y-60.229 E.16598
G1 X-36.725 Y-60.72 E.03265
G1 X-37.867 Y-61.48 E.06449
G1 X-37.867 Y-67.356 E.27632
G1 X-36.725 Y-66.596 E.06449
G1 X-36.234 Y-66.105 E.03265
G1 X-34.278 Y-63.167 E.16598
G1 X-33.787 Y-62.676 E.03265
G1 X-32.133 Y-61.575 E.09343
G1 X-32.133 Y-67.451 E.27632
G1 X-33.787 Y-68.552 E.09343
G1 X-34.278 Y-69.043 E.03265
G1 X-35.6 Y-71.029 E.1122
G1 X-35.403 Y-70.984 E.00951
G1 X-35 Y-70.952 E.01903
G1 X-34.597 Y-70.984 E.01903
G1 X-34.184 Y-71.079 E.01992
G1 X-33.718 Y-71.251 E.02334
G1 X-33.379 Y-71.414 E.01772
;LAYER_CHANGE
;Z:3.6
;HEIGHT:0.2
;BEFORE_LAYER_CHANGE
;3.6
G1 E-1.2 F2100
;WIPE_START
G1 F6000
G1 X-33.718 Y-71.251
G1 X-34.184 Y-71.079
G1 X-34.597 Y-70.984
G1 X-35 Y-70.952
G1 X-35.298 Y-70.975
;WIPE_END
;AFTER_LAYER_CHANGE
;3.6
;_SET_FAN_SPEED_CHANGING_LAYER
G17
G3 Z4 I.024 J1.217 P1  F30000
G1 X37.862 Y-72.433 Z4
G1 Z3.6
G1 E1.2 F2100
SET_VELOCITY_LIMIT ACCEL=5000
;TYPE:Inner wall
G1 F9000
G1 X38.213 Y-72.63 E.01893
G1 X38.213 Y78.113 E7.08862
G1 X-38.213 Y78.113 E3.5939
G1 X-38.213 Y-72.63 E7.08862
G1 X-36.449 Y-71.642 E.09509
G1 X-35.946 Y-71.4 E.0262
G1 X-35.601 Y-71.273 E.01731
G1 X-35.297 Y-71.202 E.0147
G1 X-35 Y-71.179 E.014
G1 X-34.703 Y-71.202 E.014
G1 X-34.399 Y-71.273 E.0147
G1 X-34.054 Y-71.4 E.01731
G1 X-33.551 Y-71.642 E.02619
G1 X-31.787 Y-72.63 E.09509
G1 X-31.787 Y71.687 E6.78645
G1 X31.787 Y71.687 E2.98955
G1 X31.787 Y-72.63 E6.78645
G1 X33.551 Y-71.642 E.09509
G1 X34.054 Y-71.4 E.02619
G1 X34.399 Y-71.273 E.01731
G1 X34.703 Y-71.202 E.0147
G1 X35 Y-71.179 E.014
G1 X35.297 Y-71.202 E.014
G1 X35.601 Y-71.273 E.0147
G1 X35.946 Y-71.4 E.01731
G1 X36.449 Y-71.642 E.0262
G1 X37.83 Y-72.415 E.07447
SET_VELOCITY_LIMIT ACCEL=10000
G1 X37.369 Y-72.818 F30000
SET_VELOCITY_LIMIT ACCEL=5000
;TYPE:Outer wall
G1 F7200
G1 X37.369 Y-78.69 E.27612
G1 X38.79 Y-78.69 E.06684
G1 X38.79 Y78.69 E7.40074
G1 X-38.79 Y78.69 E3.64817
G1 X-38.79 Y-78.69 E7.40074
G1 X-37.369 Y-78.69 E.06684
G1 X-37.369 Y-72.818 E.27612
G1 X-36.182 Y-72.154 E.06394
G1 X-35.721 Y-71.932 E.02406
G1 X-35.435 Y-71.827 E.01432
G1 X-35.208 Y-71.774 E.01097
G1 X-35 Y-71.758 E.00982
G1 X-34.792 Y-71.774 E.00982
G1 X-34.565 Y-71.827 E.01097
G1 X-34.279 Y-71.932 E.01432
G1 X-33.818 Y-72.154 E.02406
G1 X-32.631 Y-72.818 E.06394
G1 X-32.631 Y-78.69 E.27612
G1 X-31.21 Y-78.69 E.06684
G1 X-31.21 Y71.11 E7.0443
M73 P44 R13
G1 X31.21 Y71.11 E2.93528
G1 X31.21 Y-78.69 E7.0443
G1 X32.631 Y-78.69 E.06684
G1 X32.631 Y-72.818 E.27612
G1 X33.818 Y-72.154 E.06394
G1 X34.279 Y-71.932 E.02406
G1 X34.565 Y-71.827 E.01432
G1 X34.792 Y-71.774 E.01097
G1 X35 Y-71.758 E.00982
G1 X35.208 Y-71.774 E.00982
G1 X35.435 Y-71.827 E.01097
G1 X35.721 Y-71.932 E.01432
G1 X36.182 Y-72.154 E.02406
G1 X37.337 Y-72.801 E.06225
SET_VELOCITY_LIMIT ACCEL=10000
G1 X38.079 Y-72.886 F30000
;TYPE:Gap infill
;WIDTH:0.887136
G1 F8883.983
G1 X38.079 Y-78.401 E.37946
G1 E-1.2 F2100
;WIPE_START
G1 F8883.983
G1 X38.079 Y-76.401
;WIPE_END
G1 X31.921 Y-78.401 Z4 F30000
G1 Z3.6
G1 E1.2 F2100
G1 F8883.983
G1 X31.921 Y-72.886 E.37946
G1 X32.964 Y-71.574 F30000
;TYPE:Sparse infill
;WIDTH:0.62
G1 F6000
G1 X33.392 Y-71.334 E.02304
G1 X33.918 Y-71.081 E.02747
G1 X34.299 Y-70.941 E.0191
G1 X34.65 Y-70.859 E.01693
G1 X35 Y-70.831 E.0165
G1 X35.116 Y-70.841 E.00549
G1 X35.881 Y-69.043 E.09185
G1 X36.725 Y-68.199 E.05616
G1 X37.867 Y-67.713 E.05833
G1 X37.867 Y-61.837 E.27632
G1 X36.725 Y-62.323 E.05833
G1 X35.881 Y-63.167 E.05616
G1 X34.632 Y-66.105 E.15012
G1 X33.787 Y-66.95 E.05616
G1 X32.133 Y-67.653 E.0845
G1 X32.133 Y-61.777 E.27632
G1 X33.787 Y-61.074 E.0845
G1 X34.632 Y-60.229 E.05616
G1 X35.881 Y-57.291 E.15012
G1 X36.725 Y-56.447 E.05616
G1 X37.867 Y-55.961 E.05833
G1 X37.867 Y-50.085 E.27632
G1 X36.725 Y-50.571 E.05833
G1 X35.881 Y-51.415 E.05616
G1 X34.632 Y-54.353 E.15012
G1 X33.787 Y-55.198 E.05616
G1 X32.133 Y-55.901 E.0845
G1 X32.133 Y-50.025 E.27632
G1 X33.787 Y-49.322 E.0845
G1 X34.632 Y-48.477 E.05616
G1 X35.881 Y-45.539 E.15012
G1 X36.725 Y-44.695 E.05616
G1 X37.867 Y-44.209 E.05833
G1 X37.867 Y-38.333 E.27632
G1 X36.725 Y-38.819 E.05833
G1 X35.881 Y-39.663 E.05616
G1 X34.632 Y-42.601 E.15012
G1 X33.787 Y-43.446 E.05616
G1 X32.133 Y-44.149 E.0845
G1 X32.133 Y-41.84 E.10855
G1 X32.133 Y-28.829 F30000
G1 F6000
G1 X32.133 Y-26.521 E.10855
G1 X33.787 Y-25.818 E.0845
G1 X34.632 Y-24.973 E.05616
G1 X35.881 Y-22.035 E.15012
G1 X36.725 Y-21.191 E.05616
G1 X37.867 Y-20.705 E.05833
G1 X37.867 Y-26.581 E.27632
G1 X36.725 Y-27.067 E.05833
G1 X35.881 Y-27.911 E.05616
G1 X34.632 Y-30.849 E.15012
G1 X33.787 Y-31.694 E.05616
G1 X32.133 Y-32.397 E.0845
G1 X32.133 Y-38.273 E.27632
G1 X33.787 Y-37.57 E.0845
G1 X34.632 Y-36.725 E.05616
G1 X35.881 Y-33.787 E.15012
G1 X36.725 Y-32.943 E.05616
G1 X37.867 Y-32.457 E.05833
G1 X37.867 Y-30.149 E.10855
G1 X37.867 Y-17.138 F30000
G1 F6000
G1 X37.867 Y-14.829 E.10855
G1 X36.725 Y-15.315 E.05833
G1 X35.881 Y-16.159 E.05616
G1 X34.632 Y-19.097 E.15012
G1 X33.787 Y-19.942 E.05616
G1 X32.133 Y-20.645 E.0845
G1 X32.133 Y-14.769 E.27632
G1 X33.787 Y-14.066 E.0845
G1 X34.632 Y-13.221 E.05616
G1 X35.881 Y-10.283 E.15012
G1 X36.725 Y-9.438 E.05616
G1 X37.867 Y-8.953 E.05833
G1 X37.867 Y-3.077 E.27632
G1 X36.725 Y-3.562 E.05833
G1 X35.881 Y-4.407 E.05616
G1 X34.632 Y-7.345 E.15012
G1 X33.787 Y-8.19 E.05616
G1 X32.133 Y-8.893 E.0845
G1 X32.133 Y-3.017 E.27632
G1 X33.787 Y-2.314 E.0845
G1 X34.632 Y-1.469 E.05616
G1 X35.881 Y1.469 E.15012
G1 X36.725 Y2.314 E.05616
G1 X37.867 Y2.799 E.05833
G1 X37.867 Y8.675 E.27632
G1 X36.725 Y8.19 E.05833
G1 X35.881 Y7.345 E.05616
G1 X34.632 Y4.407 E.15012
G1 X33.787 Y3.562 E.05616
G1 X32.133 Y2.859 E.0845
G1 X32.133 Y5.168 E.10855
G1 X37.867 Y16.859 F30000
G1 F6000
G1 X37.867 Y14.551 E.10855
G1 X36.725 Y14.066 E.05833
G1 X35.881 Y13.221 E.05616
G1 X34.632 Y10.283 E.15012
G1 X33.787 Y9.438 E.05616
G1 X32.133 Y8.735 E.0845
G1 X32.133 Y14.612 E.27632
G1 X33.787 Y15.315 E.0845
G1 X34.632 Y16.159 E.05616
G1 X35.881 Y19.097 E.15012
G1 X36.725 Y19.942 E.05616
G1 X37.867 Y20.427 E.05833
G1 X37.867 Y26.303 E.27632
G1 X36.725 Y25.818 E.05833
G1 X35.881 Y24.973 E.05616
G1 X34.632 Y22.035 E.15012
G1 X33.787 Y21.191 E.05616
G1 X32.133 Y20.488 E.0845
G1 X32.133 Y26.364 E.27632
G1 X33.787 Y27.067 E.0845
G1 X34.632 Y27.911 E.05616
G1 X35.881 Y30.849 E.15012
G1 X36.725 Y31.694 E.05616
G1 X37.867 Y32.179 E.05833
G1 X37.867 Y38.055 E.27632
G1 X36.725 Y37.57 E.05833
G1 X35.881 Y36.725 E.05616
G1 X34.632 Y33.787 E.15012
G1 X33.787 Y32.943 E.05616
G1 X32.133 Y32.24 E.0845
G1 X32.133 Y38.116 E.27632
G1 X33.787 Y38.819 E.0845
G1 X34.632 Y39.663 E.05616
G1 X35.881 Y42.601 E.15012
G1 X36.725 Y43.446 E.05616
G1 X37.867 Y43.931 E.05833
G1 X37.867 Y49.807 E.27632
G1 X36.725 Y49.322 E.05833
G1 X35.881 Y48.477 E.05616
G1 X34.632 Y45.539 E.15012
G1 X33.787 Y44.695 E.05616
G1 X32.133 Y43.992 E.0845
G1 X32.133 Y49.868 E.27632
G1 X33.787 Y50.571 E.0845
G1 X34.632 Y51.415 E.05616
G1 X35.881 Y54.353 E.15012
G1 X36.725 Y55.198 E.05616
G1 X37.867 Y55.683 E.05833
G1 X37.867 Y61.559 E.27632
G1 X36.725 Y61.074 E.05833
G1 X35.881 Y60.229 E.05616
G1 X34.632 Y57.291 E.15012
G1 X33.787 Y56.447 E.05616
G1 X32.133 Y55.744 E.0845
G1 X32.133 Y58.052 E.10855
G1 X37.867 Y65.127 F30000
G1 F6000
G1 X37.867 Y67.435 E.10855
G1 X36.725 Y66.95 E.05833
G1 X35.881 Y66.105 E.05616
G1 X34.632 Y63.167 E.15012
G1 X33.787 Y62.323 E.05616
G1 X32.133 Y61.62 E.0845
G1 X32.133 Y67.496 E.27632
G1 X33.787 Y68.199 E.0845
G1 X34.632 Y69.043 E.05616
G1 X35.881 Y71.981 E.15012
G1 X36.725 Y72.826 E.05616
G1 X37.867 Y73.311 E.05833
G1 X37.867 Y75.619 E.10855
G1 X32.133 Y71.802 F30000
G1 F6000
G1 X32.133 Y72.033 E.01089
G1 X30.057 Y72.033 E.09765
G1 X30.849 Y72.826 E.0527
G1 X33.787 Y74.075 E.15012
G1 X34.632 Y74.919 E.05616
G1 X35.842 Y77.767 E.1455
G1 X29.966 Y77.767 E.27632
G1 X28.756 Y74.919 E.1455
G1 X27.911 Y74.075 E.05616
G1 X24.973 Y72.826 E.15012
G1 X24.181 Y72.033 E.0527
G1 X26.489 Y72.033 E.10855
G1 X21.782 Y77.767 F30000
G1 F6000
G1 X24.09 Y77.767 E.10855
G1 X22.88 Y74.919 E.1455
G1 X22.035 Y74.075 E.05616
G1 X19.097 Y72.826 E.15012
G1 X18.305 Y72.033 E.0527
G1 X12.429 Y72.033 E.27632
G1 X13.221 Y72.826 E.0527
G1 X16.159 Y74.075 E.15012
G1 X17.004 Y74.919 E.05616
G1 X18.214 Y77.767 E.1455
G1 X15.906 Y77.767 E.10855
G1 X8.861 Y72.033 F30000
G1 F6000
G1 X6.553 Y72.033 E.10855
G1 X7.345 Y72.826 E.0527
G1 X10.283 Y74.075 E.15012
G1 X11.128 Y74.919 E.05616
G1 X12.338 Y77.767 E.1455
G1 X6.462 Y77.767 E.27632
G1 X5.252 Y74.919 E.1455
G1 X4.407 Y74.075 E.05616
G1 X1.469 Y72.826 E.15012
G1 X.677 Y72.033 E.0527
G1 X-5.199 Y72.033 E.27632
G1 X-4.407 Y72.826 E.0527
G1 X-1.469 Y74.075 E.15012
G1 X-.624 Y74.919 E.05616
G1 X.586 Y77.767 E.1455
G1 X-5.29 Y77.767 E.27632
G1 X-6.5 Y74.919 E.1455
G1 X-7.345 Y74.075 E.05616
G1 X-10.283 Y72.826 E.15012
G1 X-11.075 Y72.033 E.0527
G1 X-16.951 Y72.033 E.27632
G1 X-16.159 Y72.826 E.0527
G1 X-13.221 Y74.075 E.15012
G1 X-12.376 Y74.919 E.05616
G1 X-11.166 Y77.767 E.1455
G1 X-17.042 Y77.767 E.27632
G1 X-18.253 Y74.919 E.1455
G1 X-19.097 Y74.075 E.05616
G1 X-22.035 Y72.826 E.15012
G1 X-22.827 Y72.033 E.0527
G1 X-28.704 Y72.033 E.27632
G1 X-27.911 Y72.826 E.0527
G1 X-24.973 Y74.075 E.15012
G1 X-24.129 Y74.919 E.05616
G1 X-22.918 Y77.767 E.1455
G1 X-25.226 Y77.767 E.10855
G1 X-37.867 Y75.898 F30000
G1 F6000
G1 X-37.867 Y73.589 E.10855
G1 X-36.725 Y74.075 E.05833
G1 X-35.881 Y74.919 E.05616
G1 X-34.67 Y77.767 E.1455
G1 X-28.794 Y77.767 E.27632
G1 X-30.005 Y74.919 E.1455
G1 X-30.849 Y74.075 E.05616
G1 X-33.787 Y72.826 E.15012
G1 X-34.632 Y71.981 E.05616
G1 X-35.881 Y69.043 E.15012
G1 X-36.725 Y68.199 E.05616
G1 X-37.867 Y67.713 E.05833
G1 X-37.867 Y61.837 E.27632
G1 X-36.725 Y62.323 E.05833
G1 X-35.881 Y63.167 E.05616
G1 X-34.632 Y66.105 E.15012
G1 X-33.787 Y66.95 E.05616
G1 X-32.133 Y67.653 E.0845
G1 X-32.133 Y61.777 E.27632
G1 X-33.787 Y61.074 E.0845
G1 X-34.632 Y60.229 E.05616
G1 X-35.881 Y57.291 E.15012
G1 X-36.725 Y56.447 E.05616
G1 X-37.867 Y55.961 E.05833
G1 X-37.867 Y50.085 E.27632
G1 X-36.725 Y50.571 E.05833
G1 X-35.881 Y51.415 E.05616
G1 X-34.632 Y54.353 E.15012
G1 X-33.787 Y55.198 E.05616
G1 X-32.133 Y55.901 E.0845
G1 X-32.133 Y50.025 E.27632
G1 X-33.787 Y49.322 E.0845
G1 X-34.632 Y48.477 E.05616
G1 X-35.881 Y45.539 E.15012
G1 X-36.725 Y44.695 E.05616
G1 X-37.867 Y44.209 E.05833
G1 X-37.867 Y38.333 E.27632
G1 X-36.725 Y38.819 E.05833
G1 X-35.881 Y39.663 E.05616
G1 X-34.632 Y42.601 E.15012
G1 X-33.787 Y43.446 E.05616
G1 X-32.133 Y44.149 E.0845
G1 X-32.133 Y38.273 E.27632
G1 X-33.787 Y37.57 E.0845
G1 X-34.632 Y36.725 E.05616
G1 X-35.881 Y33.787 E.15012
G1 X-36.725 Y32.943 E.05616
G1 X-37.867 Y32.457 E.05833
G1 X-37.867 Y26.581 E.27632
G1 X-36.725 Y27.067 E.05833
G1 X-35.881 Y27.911 E.05616
G1 X-34.632 Y30.849 E.15012
G1 X-33.787 Y31.694 E.05616
G1 X-32.133 Y32.397 E.0845
G1 X-32.133 Y26.521 E.27632
G1 X-33.787 Y25.818 E.0845
G1 X-34.632 Y24.973 E.05616
G1 X-35.881 Y22.035 E.15012
G1 X-36.725 Y21.191 E.05616
G1 X-37.867 Y20.705 E.05833
G1 X-37.867 Y14.829 E.27632
G1 X-36.725 Y15.315 E.05833
G1 X-35.881 Y16.159 E.05616
G1 X-34.632 Y19.097 E.15012
G1 X-33.787 Y19.942 E.05616
G1 X-32.133 Y20.645 E.0845
G1 X-32.133 Y14.769 E.27632
G1 X-33.787 Y14.066 E.0845
G1 X-34.632 Y13.221 E.05616
G1 X-35.881 Y10.283 E.15012
G1 X-36.725 Y9.438 E.05616
G1 X-37.867 Y8.953 E.05833
G1 X-37.867 Y6.645 E.10855
G1 X-32.133 Y11.201 F30000
G1 F6000
G1 X-32.133 Y8.893 E.10855
G1 X-33.787 Y8.19 E.0845
G1 X-34.632 Y7.345 E.05616
G1 X-35.881 Y4.407 E.15012
G1 X-36.725 Y3.562 E.05616
G1 X-37.867 Y3.077 E.05833
G1 X-37.867 Y-2.799 E.27632
G1 X-36.725 Y-2.314 E.05833
G1 X-35.881 Y-1.469 E.05616
G1 X-34.632 Y1.469 E.15012
G1 X-33.787 Y2.314 E.05616
G1 X-32.133 Y3.017 E.0845
G1 X-32.133 Y-2.859 E.27632
G1 X-33.787 Y-3.562 E.0845
G1 X-34.632 Y-4.407 E.05616
G1 X-35.881 Y-7.345 E.15012
G1 X-36.725 Y-8.19 E.05616
G1 X-37.867 Y-8.675 E.05833
G1 X-37.867 Y-14.551 E.27632
G1 X-36.725 Y-14.066 E.05833
G1 X-35.881 Y-13.221 E.05616
G1 X-34.632 Y-10.283 E.15012
G1 X-33.787 Y-9.438 E.05616
G1 X-32.133 Y-8.735 E.0845
G1 X-32.133 Y-14.612 E.27632
G1 X-33.787 Y-15.315 E.0845
G1 X-34.632 Y-16.159 E.05616
G1 X-35.881 Y-19.097 E.15012
G1 X-36.725 Y-19.942 E.05616
G1 X-37.867 Y-20.427 E.05833
G1 X-37.867 Y-26.303 E.27632
G1 X-36.725 Y-25.818 E.05833
G1 X-35.881 Y-24.973 E.05616
G1 X-34.632 Y-22.035 E.15012
G1 X-33.787 Y-21.191 E.05616
G1 X-32.133 Y-20.488 E.0845
G1 X-32.133 Y-26.364 E.27632
G1 X-33.787 Y-27.067 E.0845
G1 X-34.632 Y-27.911 E.05616
G1 X-35.881 Y-30.849 E.15012
G1 X-36.725 Y-31.694 E.05616
G1 X-37.867 Y-32.179 E.05833
G1 X-37.867 Y-38.055 E.27632
G1 X-36.725 Y-37.57 E.05833
G1 X-35.881 Y-36.725 E.05616
G1 X-34.632 Y-33.787 E.15012
G1 X-33.787 Y-32.943 E.05616
G1 X-32.133 Y-32.24 E.0845
G1 X-32.133 Y-38.116 E.27632
G1 X-33.787 Y-38.819 E.0845
G1 X-34.632 Y-39.663 E.05616
G1 X-35.881 Y-42.601 E.15012
G1 X-36.725 Y-43.446 E.05616
G1 X-37.867 Y-43.931 E.05833
M73 P45 R13
G1 X-37.867 Y-49.807 E.27632
G1 X-36.725 Y-49.322 E.05833
G1 X-35.881 Y-48.477 E.05616
G1 X-34.632 Y-45.539 E.15012
G1 X-33.787 Y-44.695 E.05616
G1 X-32.133 Y-43.992 E.0845
G1 X-32.133 Y-49.868 E.27632
G1 X-33.787 Y-50.571 E.0845
G1 X-34.632 Y-51.415 E.05616
G1 X-35.881 Y-54.353 E.15012
G1 X-36.725 Y-55.198 E.05616
G1 X-37.867 Y-55.683 E.05833
G1 X-37.867 Y-57.991 E.10855
G1 X-32.133 Y-58.052 F30000
G1 F6000
G1 X-32.133 Y-55.744 E.10855
G1 X-33.787 Y-56.447 E.0845
G1 X-34.632 Y-57.291 E.05616
G1 X-35.881 Y-60.229 E.15012
G1 X-36.725 Y-61.074 E.05616
G1 X-37.867 Y-61.559 E.05833
G1 X-37.867 Y-67.435 E.27632
G1 X-36.725 Y-66.95 E.05833
G1 X-35.881 Y-66.105 E.05616
G1 X-34.632 Y-63.167 E.15012
G1 X-33.787 Y-62.323 E.05616
G1 X-32.133 Y-61.62 E.0845
G1 X-32.133 Y-67.496 E.27632
G1 X-33.787 Y-68.199 E.0845
G1 X-34.632 Y-69.043 E.05616
G1 X-35.409 Y-70.873 E.0935
G1 X-35 Y-70.831 E.01935
G1 X-34.65 Y-70.859 E.0165
G1 X-34.299 Y-70.941 E.01693
G1 X-33.918 Y-71.081 E.0191
G1 X-33.222 Y-71.429 E.03662
G1 X-31.921 Y-72.886 F30000
;TYPE:Gap infill
;WIDTH:0.887134
G1 F8884.003
G1 X-31.921 Y-78.401 E.37946
G1 E-1.2 F2100
;WIPE_START
G1 F8884.003
G1 X-31.921 Y-76.401
;WIPE_END
G1 X-38.079 Y-78.401 Z4 F30000
G1 Z3.6
G1 E1.2 F2100
;WIDTH:0.887136
G1 F8883.983
G1 X-38.079 Y-72.886 E.37946
;LAYER_CHANGE
;Z:3.8
;HEIGHT:0.2
;BEFORE_LAYER_CHANGE
;3.8
G1 E-1.2 F2100
;WIPE_START
G1 F8883.983
G1 X-38.079 Y-74.886
;WIPE_END
;AFTER_LAYER_CHANGE
;3.8
;_SET_FAN_SPEED_CHANGING_LAYER
G17
G3 Z4.2 I-.039 J1.216 P1  F30000
G1 X37.899 Y-72.447 Z4.2
G1 Z3.8
G1 E1.2 F2100
SET_VELOCITY_LIMIT ACCEL=5000
;TYPE:Inner wall
;WIDTH:0.62
G1 F9000
G1 X38.213 Y-72.635 E.0172
G1 X38.213 Y78.113 E7.08889
G1 X-38.213 Y78.113 E3.5939
G1 X-38.213 Y-72.635 E7.08889
G1 X-36.938 Y-71.869 E.06994
G1 X-36.089 Y-71.394 E.04576
G1 X-35.484 Y-71.128 E.03108
G1 X-35 Y-71.05 E.02306
G1 X-34.516 Y-71.128 E.02306
G1 X-33.911 Y-71.394 E.03108
G1 X-33.062 Y-71.869 E.04576
G1 X-31.787 Y-72.635 E.06994
G1 X-31.787 Y71.687 E6.78672
G1 X31.787 Y71.687 E2.98955
G1 X31.787 Y-72.635 E6.78672
G1 X33.062 Y-71.869 E.06994
G1 X33.911 Y-71.394 E.04576
G1 X34.516 Y-71.128 E.03108
G1 X35 Y-71.05 E.02306
G1 X35.484 Y-71.128 E.02306
G1 X36.089 Y-71.394 E.03108
G1 X36.938 Y-71.869 E.04576
G1 X37.869 Y-72.429 E.05105
SET_VELOCITY_LIMIT ACCEL=10000
G1 X37.407 Y-72.825 F30000
SET_VELOCITY_LIMIT ACCEL=5000
;TYPE:Outer wall
G1 F7200
G1 X37.407 Y-78.69 E.27582
G1 X38.79 Y-78.69 E.06502
G1 X38.79 Y78.69 E7.40074
G1 X-38.79 Y78.69 E3.64817
G1 X-38.79 Y-78.69 E7.40074
G1 X-37.407 Y-78.69 E.06502
M73 P45 R12
G1 X-37.407 Y-72.825 E.27582
G1 X-36.648 Y-72.369 E.04164
G1 X-35.831 Y-71.911 E.04404
G1 X-35.319 Y-71.686 E.0263
G1 X-35 Y-71.635 E.01521
G1 X-34.681 Y-71.686 E.01521
G1 X-34.169 Y-71.911 E.0263
G1 X-33.352 Y-72.369 E.04404
G1 X-32.593 Y-72.825 E.04164
G1 X-32.593 Y-78.69 E.27582
G1 X-31.21 Y-78.69 E.06502
G1 X-31.21 Y71.11 E7.0443
G1 X31.21 Y71.11 E2.93528
G1 X31.21 Y-78.69 E7.0443
G1 X32.593 Y-78.69 E.06502
G1 X32.593 Y-72.825 E.27582
G1 X33.352 Y-72.369 E.04164
G1 X34.169 Y-71.911 E.04404
G1 X34.681 Y-71.686 E.0263
G1 X35 Y-71.635 E.01521
G1 X35.319 Y-71.686 E.01521
G1 X35.831 Y-71.911 E.0263
G1 X36.648 Y-72.369 E.04404
G1 X37.376 Y-72.806 E.03994
SET_VELOCITY_LIMIT ACCEL=10000
G1 X38.099 Y-72.903 F30000
;TYPE:Gap infill
;WIDTH:0.848502
G1 F9000
G1 X38.099 Y-78.401 E.36092
G1 E-1.2 F2100
;WIPE_START
G1 F9000
G1 X38.099 Y-76.401
;WIPE_END
G1 X31.901 Y-78.401 Z4.2 F30000
G1 Z3.8
G1 E1.2 F2100
G1 F9000
G1 X31.901 Y-72.903 E.36092
G1 X32.133 Y-69.917 F30000
M73 P46 R12
;TYPE:Sparse infill
;WIDTH:0.62
G1 F6000
G1 X32.133 Y-67.608 E.10855
G1 X33.787 Y-67.303 E.07908
G1 X34.985 Y-66.105 E.07968
G1 X35.527 Y-63.167 E.14049
G1 X36.725 Y-61.969 E.07968
G1 X37.867 Y-61.759 E.05459
G1 X37.867 Y-67.635 E.27632
G1 X36.725 Y-67.845 E.05459
G1 X35.527 Y-69.043 E.07968
G1 X35.215 Y-70.734 E.08085
G1 X35.583 Y-70.793 E.01751
G1 X36.244 Y-71.084 E.03394
G1 X37.3 Y-71.683 E.05709
G1 X37.867 Y-47.698 F30000
G1 F6000
G1 X37.867 Y-50.007 E.10855
G1 X36.725 Y-50.217 E.05459
G1 X35.527 Y-51.415 E.07968
G1 X34.985 Y-54.353 E.14049
G1 X33.787 Y-55.551 E.07968
G1 X32.133 Y-55.856 E.07908
G1 X32.133 Y-61.732 E.27632
G1 X33.787 Y-61.427 E.07908
G1 X34.985 Y-60.229 E.07968
G1 X35.527 Y-57.291 E.14049
G1 X36.725 Y-56.093 E.07968
G1 X37.867 Y-55.883 E.05459
G1 X37.867 Y-53.574 E.10855
G1 X32.133 Y-52.289 F30000
G1 F6000
G1 X32.133 Y-49.98 E.10855
G1 X33.787 Y-49.675 E.07908
G1 X34.985 Y-48.477 E.07968
G1 X35.527 Y-45.539 E.14049
G1 X36.725 Y-44.341 E.07968
G1 X37.867 Y-44.131 E.05459
G1 X37.867 Y-38.255 E.27632
G1 X36.725 Y-38.465 E.05459
G1 X35.527 Y-39.663 E.07968
G1 X34.985 Y-42.601 E.14049
G1 X33.787 Y-43.799 E.07968
G1 X32.133 Y-44.104 E.07908
G1 X32.133 Y-38.228 E.27632
G1 X33.787 Y-37.923 E.07908
G1 X34.985 Y-36.725 E.07968
G1 X35.527 Y-33.787 E.14049
G1 X36.725 Y-32.589 E.07968
G1 X37.867 Y-32.378 E.05459
G1 X37.867 Y-26.502 E.27632
G1 X36.725 Y-26.713 E.05459
G1 X35.527 Y-27.911 E.07968
G1 X34.985 Y-30.849 E.14049
G1 X33.787 Y-32.047 E.07968
G1 X32.133 Y-32.352 E.07908
G1 X32.133 Y-26.476 E.27632
G1 X33.787 Y-26.171 E.07908
G1 X34.985 Y-24.973 E.07968
G1 X35.527 Y-22.035 E.14049
G1 X36.725 Y-20.837 E.07968
G1 X37.867 Y-20.626 E.05459
G1 X37.867 Y-14.75 E.27632
G1 X36.725 Y-14.961 E.05459
G1 X35.527 Y-16.159 E.07968
G1 X34.985 Y-19.097 E.14049
G1 X33.787 Y-20.295 E.07968
G1 X32.133 Y-20.6 E.07908
G1 X32.133 Y-14.724 E.27632
G1 X33.787 Y-14.419 E.07908
G1 X34.985 Y-13.221 E.07968
G1 X35.527 Y-10.283 E.14049
G1 X36.725 Y-9.085 E.07968
G1 X37.867 Y-8.874 E.05459
G1 X37.867 Y-2.998 E.27632
G1 X36.725 Y-3.209 E.05459
G1 X35.527 Y-4.407 E.07968
G1 X34.985 Y-7.345 E.14049
G1 X33.787 Y-8.543 E.07968
G1 X32.133 Y-8.848 E.07908
G1 X32.133 Y-2.972 E.27632
G1 X33.787 Y-2.667 E.07908
G1 X34.985 Y-1.469 E.07968
G1 X35.527 Y1.469 E.14049
G1 X36.725 Y2.667 E.07968
G1 X37.867 Y2.878 E.05459
G1 X37.867 Y5.186 E.10855
G1 X32.133 Y.596 F30000
G1 F6000
G1 X32.133 Y2.904 E.10855
G1 X33.787 Y3.209 E.07908
G1 X34.985 Y4.407 E.07968
G1 X35.527 Y7.345 E.14049
G1 X36.725 Y8.543 E.07968
G1 X37.867 Y8.754 E.05459
G1 X37.867 Y14.63 E.27632
G1 X36.725 Y14.419 E.05459
G1 X35.527 Y13.221 E.07968
G1 X34.985 Y10.283 E.14049
G1 X33.787 Y9.085 E.07968
G1 X32.133 Y8.78 E.07908
G1 X32.133 Y14.656 E.27632
G1 X33.787 Y14.961 E.07908
G1 X34.985 Y16.159 E.07968
G1 X35.527 Y19.097 E.14049
G1 X36.725 Y20.295 E.07968
G1 X37.867 Y20.506 E.05459
G1 X37.867 Y26.382 E.27632
G1 X36.725 Y26.171 E.05459
G1 X35.527 Y24.973 E.07968
G1 X34.985 Y22.035 E.14049
G1 X33.787 Y20.837 E.07968
G1 X32.133 Y20.532 E.07908
G1 X32.133 Y26.408 E.27632
G1 X33.787 Y26.713 E.07908
G1 X34.985 Y27.911 E.07968
G1 X35.527 Y30.849 E.14049
G1 X36.725 Y32.047 E.07968
G1 X37.867 Y32.258 E.05459
G1 X37.867 Y34.566 E.10855
G1 X32.133 Y29.976 F30000
G1 F6000
G1 X32.133 Y32.284 E.10855
G1 X33.787 Y32.589 E.07908
G1 X34.985 Y33.787 E.07968
G1 X35.527 Y36.725 E.14049
G1 X36.725 Y37.923 E.07968
G1 X37.867 Y38.134 E.05459
G1 X37.867 Y44.01 E.27632
G1 X36.725 Y43.799 E.05459
G1 X35.527 Y42.601 E.07968
G1 X34.985 Y39.663 E.14049
G1 X33.787 Y38.465 E.07968
G1 X32.133 Y38.16 E.07908
G1 X32.133 Y44.036 E.27632
G1 X33.787 Y44.341 E.07908
G1 X34.985 Y45.539 E.07968
G1 X35.527 Y48.477 E.14049
G1 X36.725 Y49.675 E.07968
G1 X37.867 Y49.886 E.05459
G1 X37.867 Y52.194 E.10855
G1 X32.133 Y47.604 F30000
G1 F6000
G1 X32.133 Y49.912 E.10855
G1 X33.787 Y50.217 E.07908
G1 X34.985 Y51.415 E.07968
G1 X35.527 Y54.353 E.14049
G1 X36.725 Y55.551 E.07968
G1 X37.867 Y55.762 E.05459
G1 X37.867 Y61.638 E.27632
G1 X36.725 Y61.427 E.05459
G1 X35.527 Y60.229 E.07968
G1 X34.985 Y57.291 E.14049
G1 X33.787 Y56.093 E.07968
G1 X32.133 Y55.788 E.07908
G1 X32.133 Y61.664 E.27632
G1 X33.787 Y61.969 E.07908
G1 X34.985 Y63.167 E.07968
G1 X35.527 Y66.105 E.14049
G1 X36.725 Y67.303 E.07968
G1 X37.867 Y67.514 E.05459
G1 X37.867 Y73.39 E.27632
G1 X36.725 Y73.179 E.05459
G1 X35.527 Y71.981 E.07968
G1 X34.985 Y69.043 E.14049
G1 X33.787 Y67.845 E.07968
G1 X32.133 Y67.54 E.07908
G1 X32.133 Y72.033 E.21129
G1 X29.703 Y72.033 E.11428
G1 X30.849 Y73.179 E.07621
G1 X33.787 Y73.721 E.14049
G1 X34.985 Y74.919 E.07968
G1 X35.51 Y77.767 E.13616
G1 X29.634 Y77.767 E.27632
G1 X29.109 Y74.919 E.13616
G1 X27.911 Y73.721 E.07968
G1 X24.973 Y73.179 E.14049
G1 X23.827 Y72.033 E.07621
G1 X26.135 Y72.033 E.10855
G1 X26.067 Y77.767 F30000
G1 F6000
G1 X23.758 Y77.767 E.10855
G1 X23.233 Y74.919 E.13616
G1 X22.035 Y73.721 E.07968
G1 X19.097 Y73.179 E.14049
G1 X17.951 Y72.033 E.07621
G1 X12.075 Y72.033 E.27632
G1 X13.221 Y73.179 E.07621
G1 X16.159 Y73.721 E.14049
G1 X17.357 Y74.919 E.07968
G1 X17.882 Y77.767 E.13616
G1 X12.006 Y77.767 E.27632
G1 X11.481 Y74.919 E.13616
G1 X10.283 Y73.721 E.07968
G1 X7.345 Y73.179 E.14049
G1 X6.199 Y72.033 E.07621
G1 X.323 Y72.033 E.27632
G1 X1.469 Y73.179 E.07621
G1 X4.407 Y73.721 E.14049
G1 X5.605 Y74.919 E.07968
G1 X6.13 Y77.767 E.13616
G1 X.254 Y77.767 E.27632
G1 X-.271 Y74.919 E.13616
G1 X-1.469 Y73.721 E.07968
G1 X-4.407 Y73.179 E.14049
G1 X-5.553 Y72.033 E.07621
G1 X-3.245 Y72.033 E.10855
G1 X-3.313 Y77.767 F30000
G1 F6000
G1 X-5.622 Y77.767 E.10855
G1 X-6.147 Y74.919 E.13616
G1 X-7.345 Y73.721 E.07968
G1 X-10.283 Y73.179 E.14049
G1 X-11.429 Y72.033 E.07621
G1 X-17.305 Y72.033 E.27632
G1 X-16.159 Y73.179 E.07621
G1 X-13.221 Y73.721 E.14049
G1 X-12.023 Y74.919 E.07968
G1 X-11.498 Y77.767 E.13616
G1 X-17.374 Y77.767 E.27632
G1 X-17.899 Y74.919 E.13616
G1 X-19.097 Y73.721 E.07968
G1 X-22.035 Y73.179 E.14049
G1 X-23.181 Y72.033 E.07621
G1 X-29.057 Y72.033 E.27632
G1 X-27.911 Y73.179 E.07621
G1 X-24.973 Y73.721 E.14049
G1 X-23.775 Y74.919 E.07968
G1 X-23.25 Y77.767 E.13616
G1 X-29.126 Y77.767 E.27632
G1 X-29.651 Y74.919 E.13616
G1 X-30.849 Y73.721 E.07968
G1 X-33.787 Y73.179 E.14049
G1 X-34.985 Y71.981 E.07968
G1 X-35.527 Y69.043 E.14049
G1 X-36.725 Y67.845 E.07968
G1 X-37.867 Y67.635 E.05459
G1 X-37.867 Y73.511 E.27632
G1 X-36.725 Y73.721 E.05459
G1 X-35.527 Y74.919 E.07968
G1 X-35.002 Y77.767 E.13616
G1 X-37.31 Y77.767 E.10855
G1 X-32.133 Y69.917 F30000
G1 F6000
G1 X-32.133 Y67.608 E.10855
G1 X-33.787 Y67.303 E.07908
G1 X-34.985 Y66.105 E.07968
G1 X-35.527 Y63.167 E.14049
G1 X-36.725 Y61.969 E.07968
G1 X-37.867 Y61.759 E.05459
G1 X-37.867 Y55.883 E.27632
G1 X-36.725 Y56.093 E.05459
G1 X-35.527 Y57.291 E.07968
G1 X-34.985 Y60.229 E.14049
G1 X-33.787 Y61.427 E.07968
G1 X-32.133 Y61.732 E.07908
G1 X-32.133 Y55.856 E.27632
G1 X-33.787 Y55.551 E.07908
G1 X-34.985 Y54.353 E.07968
G1 X-35.527 Y51.415 E.14049
G1 X-36.725 Y50.217 E.07968
G1 X-37.867 Y50.007 E.05459
G1 X-37.867 Y44.131 E.27632
G1 X-36.725 Y44.341 E.05459
G1 X-35.527 Y45.539 E.07968
G1 X-34.985 Y48.477 E.14049
G1 X-33.787 Y49.675 E.07968
G1 X-32.133 Y49.98 E.07908
G1 X-32.133 Y44.104 E.27632
G1 X-33.787 Y43.799 E.07908
G1 X-34.985 Y42.601 E.07968
G1 X-35.527 Y39.663 E.14049
G1 X-36.725 Y38.465 E.07968
G1 X-37.867 Y38.255 E.05459
G1 X-37.867 Y32.378 E.27632
G1 X-36.725 Y32.589 E.05459
G1 X-35.527 Y33.787 E.07968
G1 X-34.985 Y36.725 E.14049
G1 X-33.787 Y37.923 E.07968
G1 X-32.133 Y38.228 E.07908
G1 X-32.133 Y32.352 E.27632
G1 X-33.787 Y32.047 E.07908
G1 X-34.985 Y30.849 E.07968
G1 X-35.527 Y27.911 E.14049
G1 X-36.725 Y26.713 E.07968
G1 X-37.867 Y26.502 E.05459
G1 X-37.867 Y20.626 E.27632
G1 X-36.725 Y20.837 E.05459
G1 X-35.527 Y22.035 E.07968
G1 X-34.985 Y24.973 E.14049
G1 X-33.787 Y26.171 E.07968
G1 X-32.133 Y26.476 E.07908
G1 X-32.133 Y20.6 E.27632
G1 X-33.787 Y20.295 E.07908
G1 X-34.985 Y19.097 E.07968
G1 X-35.527 Y16.159 E.14049
G1 X-36.725 Y14.961 E.07968
G1 X-37.867 Y14.75 E.05459
G1 X-37.867 Y8.874 E.27632
G1 X-36.725 Y9.085 E.05459
G1 X-35.527 Y10.283 E.07968
G1 X-34.985 Y13.221 E.14049
G1 X-33.787 Y14.419 E.07968
G1 X-32.133 Y14.724 E.07908
G1 X-32.133 Y8.848 E.27632
G1 X-33.787 Y8.543 E.07908
G1 X-34.985 Y7.345 E.07968
G1 X-35.527 Y4.407 E.14049
G1 X-36.725 Y3.209 E.07968
G1 X-37.867 Y2.998 E.05459
G1 X-37.867 Y-2.878 E.27632
G1 X-36.725 Y-2.667 E.05459
G1 X-35.527 Y-1.469 E.07968
G1 X-34.985 Y1.469 E.14049
G1 X-33.787 Y2.667 E.07968
G1 X-32.133 Y2.972 E.07908
G1 X-32.133 Y-2.904 E.27632
G1 X-33.787 Y-3.209 E.07908
G1 X-34.985 Y-4.407 E.07968
G1 X-35.527 Y-7.345 E.14049
G1 X-36.725 Y-8.543 E.07968
G1 X-37.867 Y-8.754 E.05459
G1 X-37.867 Y-14.63 E.27632
G1 X-36.725 Y-14.419 E.05459
G1 X-35.527 Y-13.221 E.07968
G1 X-34.985 Y-10.283 E.14049
G1 X-33.787 Y-9.085 E.07968
G1 X-32.133 Y-8.78 E.07908
G1 X-32.133 Y-14.656 E.27632
G1 X-33.787 Y-14.961 E.07908
G1 X-34.985 Y-16.159 E.07968
G1 X-35.527 Y-19.097 E.14049
G1 X-36.725 Y-20.295 E.07968
G1 X-37.867 Y-20.506 E.05459
G1 X-37.867 Y-26.382 E.27632
G1 X-36.725 Y-26.171 E.05459
G1 X-35.527 Y-24.973 E.07968
G1 X-34.985 Y-22.035 E.14049
G1 X-33.787 Y-20.837 E.07968
G1 X-32.133 Y-20.532 E.07908
G1 X-32.133 Y-18.224 E.10855
G1 X-37.867 Y-29.949 F30000
G1 F6000
G1 X-37.867 Y-32.258 E.10855
G1 X-36.725 Y-32.047 E.05459
G1 X-35.527 Y-30.849 E.07968
G1 X-34.985 Y-27.911 E.14049
G1 X-33.787 Y-26.713 E.07968
G1 X-32.133 Y-26.408 E.07908
G1 X-32.133 Y-32.284 E.27632
G1 X-33.787 Y-32.589 E.07908
G1 X-34.985 Y-33.787 E.07968
G1 X-35.527 Y-36.725 E.14049
G1 X-36.725 Y-37.923 E.07968
G1 X-37.867 Y-38.134 E.05459
G1 X-37.867 Y-44.01 E.27632
G1 X-36.725 Y-43.799 E.05459
G1 X-35.527 Y-42.601 E.07968
G1 X-34.985 Y-39.663 E.14049
G1 X-33.787 Y-38.465 E.07968
G1 X-32.133 Y-38.16 E.07908
G1 X-32.133 Y-44.036 E.27632
G1 X-33.787 Y-44.341 E.07908
G1 X-34.985 Y-45.539 E.07968
G1 X-35.527 Y-48.477 E.14049
G1 X-36.725 Y-49.675 E.07968
G1 X-37.867 Y-49.886 E.05459
G1 X-37.867 Y-55.762 E.27632
G1 X-36.725 Y-55.551 E.05459
G1 X-35.527 Y-54.353 E.07968
G1 X-34.985 Y-51.415 E.14049
G1 X-33.787 Y-50.217 E.07968
G1 X-32.133 Y-49.912 E.07908
G1 X-32.133 Y-55.788 E.27632
G1 X-33.787 Y-56.093 E.07908
G1 X-34.985 Y-57.291 E.07968
G1 X-35.527 Y-60.229 E.14049
G1 X-36.725 Y-61.427 E.07968
G1 X-37.867 Y-61.638 E.05459
G1 X-37.867 Y-67.514 E.27632
G1 X-36.725 Y-67.303 E.05459
G1 X-35.527 Y-66.105 E.07968
G1 X-34.985 Y-63.167 E.14049
G1 X-33.787 Y-61.969 E.07968
G1 X-32.133 Y-61.664 E.07908
G1 X-32.133 Y-67.54 E.27632
G1 X-33.787 Y-67.845 E.07908
G1 X-34.985 Y-69.043 E.07968
G1 X-35.299 Y-70.748 E.0815
G1 X-35 Y-70.699 E.01426
G1 X-34.417 Y-70.793 E.02777
G1 X-33.756 Y-71.084 E.03394
G1 X-33.152 Y-71.422 E.03257
G1 X-31.901 Y-72.903 F30000
;TYPE:Gap infill
;WIDTH:0.848502
G1 F9000
G1 X-31.901 Y-78.401 E.36092
G1 E-1.2 F2100
;WIPE_START
G1 F9000
G1 X-31.901 Y-76.401
;WIPE_END
G1 X-38.099 Y-78.401 Z4.2 F30000
G1 Z3.8
G1 E1.2 F2100
G1 F9000
G1 X-38.099 Y-72.903 E.36092
;LAYER_CHANGE
;Z:4
;HEIGHT:0.2
;BEFORE_LAYER_CHANGE
;4
G1 E-1.2 F2100
;WIPE_START
G1 F9000
G1 X-38.099 Y-74.903
;WIPE_END
;AFTER_LAYER_CHANGE
;4
;_SET_FAN_SPEED_CHANGING_LAYER
G17
G3 Z4.4 I-.039 J1.216 P1  F30000
G1 X37.926 Y-72.444 Z4.4
G1 Z4
G1 E1.2 F2100
SET_VELOCITY_LIMIT ACCEL=5000
;TYPE:Inner wall
;WIDTH:0.62
G1 F9000
G1 X38.213 Y-72.614 E.01568
G1 X38.213 Y78.113 E7.08787
G1 X-38.213 Y78.113 E3.5939
G1 X-38.213 Y-72.614 E7.08787
M73 P47 R12
G1 X-35.752 Y-71.158 E.13444
G1 X-35.369 Y-70.989 E.01971
G1 X-35 Y-70.93 E.01756
G1 X-34.631 Y-70.989 E.01756
G1 X-34.248 Y-71.158 E.01971
G1 X-31.787 Y-72.614 E.13444
G1 X-31.787 Y71.687 E6.7857
G1 X31.787 Y71.687 E2.98955
G1 X31.787 Y-72.614 E6.7857
G1 X34.248 Y-71.158 E.13444
G1 X34.631 Y-70.989 E.01971
G1 X35 Y-70.93 E.01756
G1 X35.369 Y-70.989 E.01756
G1 X35.752 Y-71.158 E.01971
G1 X37.895 Y-72.426 E.11707
SET_VELOCITY_LIMIT ACCEL=10000
G1 X37.434 Y-72.823 F30000
SET_VELOCITY_LIMIT ACCEL=5000
;TYPE:Outer wall
G1 F7200
G1 X37.434 Y-78.69 E.27588
G1 X38.79 Y-78.69 E.06378
G1 X38.79 Y78.69 E7.40074
G1 X-38.79 Y78.69 E3.64817
G1 X-38.79 Y-78.69 E7.40074
G1 X-37.434 Y-78.69 E.06378
G1 X-37.434 Y-72.823 E.27588
G1 X-35.488 Y-71.672 E.10629
G1 X-35.204 Y-71.547 E.01461
G1 X-35 Y-71.514 E.00971
G1 X-34.796 Y-71.547 E.00971
G1 X-34.512 Y-71.672 E.01461
G1 X-32.566 Y-72.823 E.10629
G1 X-32.566 Y-78.69 E.27588
G1 X-31.21 Y-78.69 E.06378
G1 X-31.21 Y71.11 E7.0443
G1 X31.21 Y71.11 E2.93528
G1 X31.21 Y-78.69 E7.0443
G1 X32.566 Y-78.69 E.06378
G1 X32.566 Y-72.823 E.27588
G1 X34.512 Y-71.672 E.10629
G1 X34.796 Y-71.547 E.01461
G1 X35 Y-71.514 E.00971
G1 X35.204 Y-71.547 E.00971
G1 X35.488 Y-71.672 E.01461
G1 X37.403 Y-72.805 E.1046
SET_VELOCITY_LIMIT ACCEL=10000
G1 X38.112 Y-72.889 F30000
;TYPE:Gap infill
;WIDTH:0.822172
G1 F9000
G1 X38.112 Y-78.401 E.35002
G1 E-1.2 F2100
;WIPE_START
G1 F9000
G1 X38.112 Y-76.401
;WIPE_END
G1 X31.888 Y-78.401 Z4.4 F30000
G1 Z4
G1 E1.2 F2100
;WIDTH:0.82217
G1 F9000
G1 X31.888 Y-72.889 E.35002
G1 X37.867 Y-69.864 F30000
;TYPE:Sparse infill
;WIDTH:0.62
G1 F6000
G1 X37.867 Y-67.556 E.10855
G1 X36.725 Y-67.492 E.05377
G1 X35.173 Y-69.043 E.10319
G1 X35.262 Y-70.621 E.07433
G1 X35 Y-70.579 E.01249
G1 X34.533 Y-70.654 E.02227
G1 X34.089 Y-70.849 E.02277
G1 X32.133 Y-72.007 E.10687
G1 X32.133 Y-67.564 E.20892
G1 X33.787 Y-67.657 E.07789
G1 X35.339 Y-66.105 E.10319
G1 X35.173 Y-63.167 E.13838
G1 X36.725 Y-61.616 E.10319
G1 X37.867 Y-61.68 E.05377
G1 X37.867 Y-55.804 E.27632
G1 X36.725 Y-55.74 E.05377
G1 X35.173 Y-57.291 E.10319
G1 X35.339 Y-60.229 E.13838
G1 X33.787 Y-61.781 E.10319
G1 X32.133 Y-61.688 E.07789
G1 X32.133 Y-55.812 E.27632
G1 X33.787 Y-55.905 E.07789
G1 X35.339 Y-54.353 E.10319
G1 X35.173 Y-51.415 E.13838
G1 X36.725 Y-49.864 E.10319
G1 X37.867 Y-49.928 E.05377
G1 X37.867 Y-44.052 E.27632
G1 X36.725 Y-43.987 E.05377
G1 X35.173 Y-45.539 E.10319
G1 X35.339 Y-48.477 E.13838
G1 X33.787 Y-50.029 E.10319
G1 X32.133 Y-49.936 E.07789
G1 X32.133 Y-44.06 E.27632
G1 X33.787 Y-44.153 E.07789
G1 X35.339 Y-42.601 E.10319
G1 X35.173 Y-39.663 E.13838
G1 X36.725 Y-38.111 E.10319
G1 X37.867 Y-38.176 E.05377
G1 X37.867 Y-35.867 E.10855
G1 X32.133 Y-34.616 F30000
G1 F6000
G1 X32.133 Y-32.308 E.10855
G1 X33.787 Y-32.401 E.07789
G1 X35.339 Y-30.849 E.10319
G1 X35.173 Y-27.911 E.13838
G1 X36.725 Y-26.359 E.10319
G1 X37.867 Y-26.424 E.05377
G1 X37.867 Y-32.3 E.27632
G1 X36.725 Y-32.235 E.05377
G1 X35.173 Y-33.787 E.10319
G1 X35.339 Y-36.725 E.13838
G1 X33.787 Y-38.277 E.10319
G1 X32.133 Y-38.184 E.07789
G1 X32.133 Y-40.492 E.10855
G1 X37.867 Y-12.363 F30000
G1 F6000
G1 X37.867 Y-14.672 E.10855
G1 X36.725 Y-14.607 E.05377
G1 X35.173 Y-16.159 E.10319
G1 X35.339 Y-19.097 E.13838
G1 X33.787 Y-20.649 E.10319
G1 X32.133 Y-20.556 E.07789
G1 X32.133 Y-26.432 E.27632
G1 X33.787 Y-26.525 E.07789
G1 X35.339 Y-24.973 E.10319
G1 X35.173 Y-22.035 E.13838
G1 X36.725 Y-20.483 E.10319
G1 X37.867 Y-20.548 E.05377
G1 X37.867 Y-18.239 E.10855
G1 X32.133 Y-16.988 F30000
G1 F6000
G1 X32.133 Y-14.68 E.10855
G1 X33.787 Y-14.773 E.07789
G1 X35.339 Y-13.221 E.10319
G1 X35.173 Y-10.283 E.13838
G1 X36.725 Y-8.731 E.10319
G1 X37.867 Y-8.796 E.05377
G1 X37.867 Y-2.92 E.27632
G1 X36.725 Y-2.855 E.05377
G1 X35.173 Y-4.407 E.10319
G1 X35.339 Y-7.345 E.13838
G1 X33.787 Y-8.897 E.10319
G1 X32.133 Y-8.804 E.07789
G1 X32.133 Y-2.928 E.27632
G1 X33.787 Y-3.021 E.07789
G1 X35.339 Y-1.469 E.10319
G1 X35.173 Y1.469 E.13838
G1 X36.725 Y3.021 E.10319
G1 X37.867 Y2.956 E.05377
M73 P48 R12
G1 X37.867 Y8.832 E.27632
G1 X36.725 Y8.897 E.05377
G1 X35.173 Y7.345 E.10319
G1 X35.339 Y4.407 E.13838
G1 X33.787 Y2.855 E.10319
G1 X32.133 Y2.948 E.07789
G1 X32.133 Y8.824 E.27632
G1 X33.787 Y8.731 E.07789
G1 X35.339 Y10.283 E.10319
G1 X35.173 Y13.221 E.13838
G1 X36.725 Y14.773 E.10319
G1 X37.867 Y14.708 E.05377
G1 X37.867 Y20.584 E.27632
G1 X36.725 Y20.649 E.05377
G1 X35.173 Y19.097 E.10319
G1 X35.339 Y16.159 E.13838
G1 X33.787 Y14.607 E.10319
G1 X32.133 Y14.7 E.07789
G1 X32.133 Y20.576 E.27632
G1 X33.787 Y20.483 E.07789
G1 X35.339 Y22.035 E.10319
G1 X35.173 Y24.973 E.13838
G1 X36.725 Y26.525 E.10319
G1 X37.867 Y26.461 E.05377
G1 X37.867 Y32.337 E.27632
G1 X36.725 Y32.401 E.05377
G1 X35.173 Y30.849 E.10319
G1 X35.339 Y27.911 E.13838
G1 X33.787 Y26.359 E.10319
G1 X32.133 Y26.452 E.07789
G1 X32.133 Y32.328 E.27632
G1 X33.787 Y32.235 E.07789
G1 X35.339 Y33.787 E.10319
G1 X35.173 Y36.725 E.13838
G1 X36.725 Y38.277 E.10319
G1 X37.867 Y38.213 E.05377
G1 X37.867 Y44.089 E.27632
G1 X36.725 Y44.153 E.05377
G1 X35.173 Y42.601 E.10319
G1 X35.339 Y39.663 E.13838
G1 X33.787 Y38.111 E.10319
G1 X32.133 Y38.205 E.07789
G1 X32.133 Y44.081 E.27632
G1 X33.787 Y43.987 E.07789
G1 X35.339 Y45.539 E.10319
G1 X35.173 Y48.477 E.13838
G1 X36.725 Y50.029 E.10319
G1 X37.867 Y49.965 E.05377
G1 X37.867 Y55.841 E.27632
G1 X36.725 Y55.905 E.05377
G1 X35.173 Y54.353 E.10319
G1 X35.339 Y51.415 E.13838
G1 X33.787 Y49.864 E.10319
G1 X32.133 Y49.957 E.07789
G1 X32.133 Y47.648 E.10855
G1 X37.867 Y64.025 F30000
G1 F6000
G1 X37.867 Y61.717 E.10855
G1 X36.725 Y61.781 E.05377
G1 X35.173 Y60.229 E.10319
G1 X35.339 Y57.291 E.13838
G1 X33.787 Y55.74 E.10319
G1 X32.133 Y55.833 E.07789
G1 X32.133 Y61.709 E.27632
G1 X33.787 Y61.616 E.07789
G1 X35.339 Y63.167 E.10319
G1 X35.173 Y66.105 E.13838
G1 X36.725 Y67.657 E.10319
G1 X37.867 Y67.593 E.05377
G1 X37.867 Y73.469 E.27632
G1 X36.725 Y73.533 E.05377
G1 X35.173 Y71.981 E.10319
G1 X35.339 Y69.043 E.13838
G1 X33.787 Y67.492 E.10319
G1 X32.133 Y67.585 E.07789
G1 X32.133 Y69.893 E.10855
G1 X37.487 Y77.767 F30000
G1 F6000
G1 X35.179 Y77.767 E.10855
G1 X35.339 Y74.919 E.13411
G1 X33.787 Y73.368 E.10319
G1 X30.849 Y73.533 E.13838
G1 X29.35 Y72.033 E.09972
G1 X23.474 Y72.033 E.27632
G1 X24.973 Y73.533 E.09972
G1 X27.911 Y73.368 E.13838
G1 X29.463 Y74.919 E.10319
G1 X29.303 Y77.767 E.13411
G1 X23.427 Y77.767 E.27632
G1 X23.587 Y74.919 E.13411
G1 X22.035 Y73.368 E.10319
G1 X19.097 Y73.533 E.13838
G1 X17.598 Y72.033 E.09972
G1 X11.721 Y72.033 E.27632
G1 X13.221 Y73.533 E.09972
G1 X16.159 Y73.368 E.13838
G1 X17.711 Y74.919 E.10319
G1 X17.551 Y77.767 E.13411
G1 X11.674 Y77.767 E.27632
G1 X11.835 Y74.919 E.13411
G1 X10.283 Y73.368 E.10319
G1 X7.345 Y73.533 E.13838
G1 X5.845 Y72.033 E.09972
G1 X-.031 Y72.033 E.27632
G1 X1.469 Y73.533 E.09972
G1 X4.407 Y73.368 E.13838
G1 X5.959 Y74.919 E.10319
G1 X5.798 Y77.767 E.13411
G1 X-.078 Y77.767 E.27632
G1 X.083 Y74.919 E.13411
G1 X-1.469 Y73.368 E.10319
G1 X-4.407 Y73.533 E.13838
G1 X-5.907 Y72.033 E.09972
G1 X-3.598 Y72.033 E.10855
G1 X-8.262 Y77.767 F30000
G1 F6000
G1 X-5.954 Y77.767 E.10855
G1 X-5.793 Y74.919 E.13411
G1 X-7.345 Y73.368 E.10319
G1 X-10.283 Y73.533 E.13838
G1 X-11.783 Y72.033 E.09972
G1 X-17.659 Y72.033 E.27632
G1 X-16.159 Y73.533 E.09972
G1 X-13.221 Y73.368 E.13838
G1 X-11.669 Y74.919 E.10319
G1 X-11.83 Y77.767 E.13411
G1 X-17.706 Y77.767 E.27632
G1 X-17.545 Y74.919 E.13411
G1 X-19.097 Y73.368 E.10319
G1 X-22.035 Y73.533 E.13838
G1 X-23.535 Y72.033 E.09972
G1 X-29.411 Y72.033 E.27632
G1 X-27.911 Y73.533 E.09972
G1 X-24.973 Y73.368 E.13838
G1 X-23.421 Y74.919 E.10319
G1 X-23.582 Y77.767 E.13411
G1 X-29.458 Y77.767 E.27632
G1 X-29.297 Y74.919 E.13411
G1 X-30.849 Y73.368 E.10319
G1 X-33.787 Y73.533 E.13838
G1 X-35.339 Y71.981 E.10319
G1 X-35.173 Y69.043 E.13838
G1 X-36.725 Y67.492 E.10319
G1 X-37.867 Y67.556 E.05377
G1 X-37.867 Y73.432 E.27632
G1 X-36.725 Y73.368 E.05377
G1 X-35.173 Y74.919 E.10319
G1 X-35.334 Y77.767 E.13411
G1 X-37.642 Y77.767 E.10855
G1 X-32.133 Y69.872 F30000
G1 F6000
G1 X-32.133 Y67.564 E.10855
G1 X-33.787 Y67.657 E.07789
G1 X-35.339 Y66.105 E.10319
G1 X-35.173 Y63.167 E.13838
G1 X-36.725 Y61.616 E.10319
G1 X-37.867 Y61.68 E.05377
G1 X-37.867 Y55.804 E.27632
G1 X-36.725 Y55.74 E.05377
G1 X-35.173 Y57.291 E.10319
G1 X-35.339 Y60.229 E.13838
G1 X-33.787 Y61.781 E.10319
G1 X-32.133 Y61.688 E.07789
G1 X-32.133 Y55.812 E.27632
G1 X-33.787 Y55.905 E.07789
G1 X-35.339 Y54.353 E.10319
G1 X-35.173 Y51.415 E.13838
G1 X-36.725 Y49.864 E.10319
G1 X-37.867 Y49.928 E.05377
G1 X-37.867 Y47.619 E.10855
G1 X-32.133 Y52.244 F30000
G1 F6000
G1 X-32.133 Y49.936 E.10855
G1 X-33.787 Y50.029 E.07789
G1 X-35.339 Y48.477 E.10319
G1 X-35.173 Y45.539 E.13838
G1 X-36.725 Y43.987 E.10319
G1 X-37.867 Y44.052 E.05377
G1 X-37.867 Y38.176 E.27632
G1 X-36.725 Y38.111 E.05377
G1 X-35.173 Y39.663 E.10319
G1 X-35.339 Y42.601 E.13838
G1 X-33.787 Y44.153 E.10319
G1 X-32.133 Y44.06 E.07789
G1 X-32.133 Y38.184 E.27632
G1 X-33.787 Y38.277 E.07789
G1 X-35.339 Y36.725 E.10319
G1 X-35.173 Y33.787 E.13838
G1 X-36.725 Y32.235 E.10319
G1 X-37.867 Y32.3 E.05377
G1 X-37.867 Y26.424 E.27632
G1 X-36.725 Y26.359 E.05377
G1 X-35.173 Y27.911 E.10319
G1 X-35.339 Y30.849 E.13838
G1 X-33.787 Y32.401 E.10319
G1 X-32.133 Y32.308 E.07789
G1 X-32.133 Y26.432 E.27632
G1 X-33.787 Y26.525 E.07789
G1 X-35.339 Y24.973 E.10319
G1 X-35.173 Y22.035 E.13838
G1 X-36.725 Y20.483 E.10319
G1 X-37.867 Y20.548 E.05377
G1 X-37.867 Y18.239 E.10855
G1 X-32.133 Y22.864 F30000
G1 F6000
G1 X-32.133 Y20.556 E.10855
G1 X-33.787 Y20.649 E.07789
G1 X-35.339 Y19.097 E.10319
G1 X-35.173 Y16.159 E.13838
G1 X-36.725 Y14.607 E.10319
G1 X-37.867 Y14.672 E.05377
G1 X-37.867 Y8.796 E.27632
G1 X-36.725 Y8.731 E.05377
G1 X-35.173 Y10.283 E.10319
G1 X-35.339 Y13.221 E.13838
G1 X-33.787 Y14.773 E.10319
G1 X-32.133 Y14.68 E.07789
G1 X-32.133 Y8.804 E.27632
G1 X-33.787 Y8.897 E.07789
G1 X-35.339 Y7.345 E.10319
G1 X-35.173 Y4.407 E.13838
G1 X-36.725 Y2.855 E.10319
G1 X-37.867 Y2.92 E.05377
G1 X-37.867 Y-2.956 E.27632
G1 X-36.725 Y-3.021 E.05377
G1 X-35.173 Y-1.469 E.10319
G1 X-35.339 Y1.469 E.13838
G1 X-33.787 Y3.021 E.10319
G1 X-32.133 Y2.928 E.07789
G1 X-32.133 Y5.236 E.10855
G1 X-37.867 Y-17.017 F30000
G1 F6000
G1 X-37.867 Y-14.708 E.10855
G1 X-36.725 Y-14.773 E.05377
G1 X-35.173 Y-13.221 E.10319
G1 X-35.339 Y-10.283 E.13838
G1 X-33.787 Y-8.731 E.10319
G1 X-32.133 Y-8.824 E.07789
G1 X-32.133 Y-2.948 E.27632
G1 X-33.787 Y-2.855 E.07789
G1 X-35.339 Y-4.407 E.10319
G1 X-35.173 Y-7.345 E.13838
G1 X-36.725 Y-8.897 E.10319
G1 X-37.867 Y-8.832 E.05377
G1 X-37.867 Y-11.141 E.10855
G1 X-32.133 Y-12.392 F30000
G1 F6000
G1 X-32.133 Y-14.7 E.10855
G1 X-33.787 Y-14.607 E.07789
G1 X-35.339 Y-16.159 E.10319
G1 X-35.173 Y-19.097 E.13838
G1 X-36.725 Y-20.649 E.10319
G1 X-37.867 Y-20.584 E.05377
G1 X-37.867 Y-26.461 E.27632
G1 X-36.725 Y-26.525 E.05377
G1 X-35.173 Y-24.973 E.10319
G1 X-35.339 Y-22.035 E.13838
G1 X-33.787 Y-20.483 E.10319
G1 X-32.133 Y-20.576 E.07789
G1 X-32.133 Y-26.452 E.27632
G1 X-33.787 Y-26.359 E.07789
G1 X-35.339 Y-27.911 E.10319
G1 X-35.173 Y-30.849 E.13838
G1 X-36.725 Y-32.401 E.10319
G1 X-37.867 Y-32.337 E.05377
G1 X-37.867 Y-38.213 E.27632
G1 X-36.725 Y-38.277 E.05377
G1 X-35.173 Y-36.725 E.10319
G1 X-35.339 Y-33.787 E.13838
G1 X-33.787 Y-32.235 E.10319
G1 X-32.133 Y-32.328 E.07789
G1 X-32.133 Y-38.205 E.27632
G1 X-33.787 Y-38.111 E.07789
G1 X-35.339 Y-39.663 E.10319
G1 X-35.173 Y-42.601 E.13838
G1 X-36.725 Y-44.153 E.10319
G1 X-37.867 Y-44.089 E.05377
G1 X-37.867 Y-49.965 E.27632
G1 X-36.725 Y-50.029 E.05377
G1 X-35.173 Y-48.477 E.10319
G1 X-35.339 Y-45.539 E.13838
G1 X-33.787 Y-43.987 E.10319
G1 X-32.133 Y-44.081 E.07789
G1 X-32.133 Y-49.957 E.27632
G1 X-33.787 Y-49.864 E.07789
G1 X-35.339 Y-51.415 E.10319
G1 X-35.173 Y-54.353 E.13838
G1 X-36.725 Y-55.905 E.10319
G1 X-37.867 Y-55.841 E.05377
G1 X-37.867 Y-61.717 E.27632
G1 X-36.725 Y-61.781 E.05377
G1 X-35.173 Y-60.229 E.10319
G1 X-35.339 Y-57.291 E.13838
G1 X-33.787 Y-55.74 E.10319
G1 X-32.133 Y-55.833 E.07789
G1 X-32.133 Y-61.709 E.27632
G1 X-33.787 Y-61.616 E.07789
G1 X-35.339 Y-63.167 E.10319
G1 X-35.173 Y-66.105 E.13838
G1 X-36.725 Y-67.657 E.10319
G1 X-37.867 Y-67.593 E.05377
G1 X-37.867 Y-72.007 E.20756
G1 X-35.911 Y-70.849 E.10687
G1 X-35.467 Y-70.654 E.02277
G1 X-35.25 Y-70.619 E.01035
G1 X-35.339 Y-69.043 E.07424
G1 X-33.787 Y-67.492 E.10319
G1 X-32.133 Y-67.585 E.07789
G1 X-32.133 Y-69.893 E.10855
G1 X-31.888 Y-72.889 F30000
;TYPE:Gap infill
;WIDTH:0.82217
G1 F9000
G1 X-31.888 Y-78.401 E.35002
G1 E-1.2 F2100
;WIPE_START
G1 F9000
G1 X-31.888 Y-76.401
;WIPE_END
G1 X-38.112 Y-78.401 Z4.4 F30000
G1 Z4
G1 E1.2 F2100
;WIDTH:0.822172
G1 F9000
G1 X-38.112 Y-72.889 E.35002
;LAYER_CHANGE
;Z:4.2
;HEIGHT:0.2
;BEFORE_LAYER_CHANGE
;4.2
G1 E-1.2 F2100
;WIPE_START
G1 F9000
G1 X-38.112 Y-74.889
;WIPE_END
;AFTER_LAYER_CHANGE
;4.2
;_SET_FAN_SPEED_CHANGING_LAYER
G17
G3 Z4.6 I-.039 J1.216 P1  F30000
G1 X37.952 Y-72.447 Z4.6
G1 Z4.2
G1 E1.2 F2100
SET_VELOCITY_LIMIT ACCEL=5000
;TYPE:Inner wall
;WIDTH:0.62
G1 F9000
G1 X38.213 Y-72.604 E.01431
G1 X38.213 Y78.113 E7.0874
G1 X-38.213 Y78.113 E3.5939
G1 X-38.213 Y-72.604 E7.0874
G1 X-35 Y-70.673 E.17626
G1 X-31.787 Y-72.604 E.17626
G1 X-31.787 Y71.687 E6.78523
G1 X31.787 Y71.687 E2.98955
M73 P49 R12
G1 X31.787 Y-72.604 E6.78523
G1 X35 Y-70.673 E.17626
G1 X37.921 Y-72.429 E.16026
SET_VELOCITY_LIMIT ACCEL=10000
G1 X37.46 Y-72.825 F30000
SET_VELOCITY_LIMIT ACCEL=5000
;TYPE:Outer wall
G1 F7200
G1 X37.46 Y-78.69 E.27582
G1 X38.79 Y-78.69 E.06254
G1 X38.79 Y78.69 E7.40074
G1 X-38.79 Y78.69 E3.64817
G1 X-38.79 Y-78.69 E7.40074
G1 X-37.46 Y-78.69 E.06254
G1 X-37.46 Y-72.825 E.27582
G1 X-35 Y-71.346 E.13496
G1 X-32.54 Y-72.825 E.13496
G1 X-32.54 Y-78.69 E.27582
G1 X-31.21 Y-78.69 E.06254
G1 X-31.21 Y71.11 E7.0443
G1 X31.21 Y71.11 E2.93528
G1 X31.21 Y-78.69 E7.0443
G1 X32.54 Y-78.69 E.06254
G1 X32.54 Y-72.825 E.27582
G1 X35 Y-71.346 E.13496
G1 X37.429 Y-72.806 E.13326
SET_VELOCITY_LIMIT ACCEL=10000
G1 X38.125 Y-72.888 F30000
;TYPE:Gap infill
;WIDTH:0.795842
G1 F9000
G1 X38.125 Y-78.401 E.3383
G1 E-1.2 F2100
;WIPE_START
G1 F9000
G1 X38.125 Y-76.401
;WIPE_END
G1 X31.875 Y-78.401 Z4.6 F30000
G1 Z4.2
G1 E1.2 F2100
;WIDTH:0.795838
G1 F9000
G1 X31.875 Y-72.888 E.3383
G1 X33.286 Y-71.299 F30000
;TYPE:Sparse infill
;WIDTH:0.62
G1 F6000
G1 X35 Y-70.269 E.09402
G1 X35.265 Y-70.428 E.01452
G1 X35.408 Y-69.043 E.06548
G1 X33.787 Y-67.423 E.10776
G1 X32.133 Y-67.593 E.07818
G1 X32.133 Y-61.717 E.27632
G1 X33.787 Y-61.547 E.07818
G1 X35.408 Y-63.167 E.10776
G1 X35.105 Y-66.105 E.13889
G1 X36.725 Y-67.726 E.10776
G1 X37.867 Y-67.608 E.05397
G1 X37.867 Y-61.732 E.27632
G1 X36.725 Y-61.85 E.05397
G1 X35.105 Y-60.229 E.10776
G1 X35.408 Y-57.291 E.13889
G1 X33.787 Y-55.671 E.10776
G1 X32.133 Y-55.841 E.07818
G1 X32.133 Y-49.965 E.27632
G1 X33.787 Y-49.795 E.07818
G1 X35.408 Y-51.415 E.10776
G1 X35.105 Y-54.353 E.13889
G1 X36.725 Y-55.974 E.10776
G1 X37.867 Y-55.856 E.05397
G1 X37.867 Y-53.548 E.10855
G1 X32.133 Y-46.397 F30000
G1 F6000
G1 X32.133 Y-44.089 E.10855
G1 X33.787 Y-43.919 E.07818
G1 X35.408 Y-45.539 E.10776
G1 X35.105 Y-48.477 E.13889
G1 X36.725 Y-50.098 E.10776
G1 X37.867 Y-49.98 E.05397
G1 X37.867 Y-44.104 E.27632
G1 X36.725 Y-44.222 E.05397
G1 X35.105 Y-42.601 E.10776
G1 X35.408 Y-39.663 E.13889
G1 X33.787 Y-38.043 E.10776
G1 X32.133 Y-38.213 E.07818
G1 X32.133 Y-32.337 E.27632
G1 X33.787 Y-32.167 E.07818
G1 X35.408 Y-33.787 E.10776
G1 X35.105 Y-36.725 E.13889
G1 X36.725 Y-38.346 E.10776
G1 X37.867 Y-38.228 E.05397
G1 X37.867 Y-32.352 E.27632
G1 X36.725 Y-32.469 E.05397
G1 X35.105 Y-30.849 E.10776
G1 X35.408 Y-27.911 E.13889
G1 X33.787 Y-26.291 E.10776
G1 X32.133 Y-26.461 E.07818
G1 X32.133 Y-20.585 E.27632
G1 X33.787 Y-20.415 E.07818
G1 X35.408 Y-22.035 E.10776
G1 X35.105 Y-24.973 E.13889
G1 X36.725 Y-26.593 E.10776
G1 X37.867 Y-26.476 E.05397
G1 X37.867 Y-20.6 E.27632
G1 X36.725 Y-20.717 E.05397
G1 X35.105 Y-19.097 E.10776
G1 X35.408 Y-16.159 E.13889
G1 X33.787 Y-14.539 E.10776
G1 X32.133 Y-14.709 E.07818
G1 X32.133 Y-8.833 E.27632
G1 X33.787 Y-8.663 E.07818
G1 X35.408 Y-10.283 E.10776
G1 X35.105 Y-13.221 E.13889
G1 X36.725 Y-14.841 E.10776
G1 X37.867 Y-14.724 E.05397
G1 X37.867 Y-8.848 E.27632
G1 X36.725 Y-8.965 E.05397
G1 X35.105 Y-7.345 E.10776
G1 X35.408 Y-4.407 E.13889
G1 X33.787 Y-2.787 E.10776
G1 X32.133 Y-2.957 E.07818
G1 X32.133 Y2.919 E.27632
G1 X33.787 Y3.089 E.07818
G1 X35.408 Y1.469 E.10776
G1 X35.105 Y-1.469 E.13889
G1 X36.725 Y-3.089 E.10776
G1 X37.867 Y-2.972 E.05397
G1 X37.867 Y2.904 E.27632
G1 X36.725 Y2.787 E.05397
G1 X35.105 Y4.407 E.10776
G1 X35.408 Y7.345 E.13889
G1 X33.787 Y8.965 E.10776
G1 X32.133 Y8.795 E.07818
G1 X32.133 Y14.671 E.27632
G1 X33.787 Y14.841 E.07818
G1 X35.408 Y13.221 E.10776
G1 X35.105 Y10.283 E.13889
G1 X36.725 Y8.663 E.10776
G1 X37.867 Y8.78 E.05397
G1 X37.867 Y11.089 E.10855
G1 X32.133 Y18.239 F30000
G1 F6000
G1 X32.133 Y20.547 E.10855
G1 X33.787 Y20.717 E.07818
G1 X35.408 Y19.097 E.10776
G1 X35.105 Y16.159 E.13889
G1 X36.725 Y14.539 E.10776
G1 X37.867 Y14.656 E.05397
M73 P49 R11
G1 X37.867 Y20.532 E.27632
G1 X36.725 Y20.415 E.05397
G1 X35.105 Y22.035 E.10776
G1 X35.408 Y24.973 E.13889
G1 X33.787 Y26.593 E.10776
G1 X32.133 Y26.423 E.07818
G1 X32.133 Y32.299 E.27632
G1 X33.787 Y32.47 E.07818
G1 X35.408 Y30.849 E.10776
G1 X35.105 Y27.911 E.13889
G1 X36.725 Y26.291 E.10776
G1 X37.867 Y26.408 E.05397
G1 X37.867 Y32.284 E.27632
G1 X36.725 Y32.167 E.05397
G1 X35.105 Y33.787 E.10776
G1 X35.408 Y36.725 E.13889
G1 X33.787 Y38.346 E.10776
G1 X32.133 Y38.175 E.07818
G1 X32.133 Y44.051 E.27632
G1 X33.787 Y44.222 E.07818
G1 X35.408 Y42.601 E.10776
G1 X35.105 Y39.663 E.13889
G1 X36.725 Y38.043 E.10776
G1 X37.867 Y38.16 E.05397
G1 X37.867 Y44.036 E.27632
G1 X36.725 Y43.919 E.05397
G1 X35.105 Y45.539 E.10776
G1 X35.408 Y48.477 E.13889
G1 X33.787 Y50.098 E.10776
G1 X32.133 Y49.927 E.07818
G1 X32.133 Y55.803 E.27632
G1 X33.787 Y55.974 E.07818
G1 X35.408 Y54.353 E.10776
G1 X35.105 Y51.415 E.13889
G1 X36.725 Y49.795 E.10776
G1 X37.867 Y49.912 E.05397
G1 X37.867 Y55.788 E.27632
G1 X36.725 Y55.671 E.05397
M73 P50 R11
G1 X35.105 Y57.291 E.10776
G1 X35.408 Y60.229 E.13889
G1 X33.787 Y61.85 E.10776
G1 X32.133 Y61.679 E.07818
G1 X32.133 Y67.555 E.27632
G1 X33.787 Y67.726 E.07818
G1 X35.408 Y66.105 E.10776
G1 X35.105 Y63.167 E.13889
G1 X36.725 Y61.547 E.10776
G1 X37.867 Y61.664 E.05397
G1 X37.867 Y67.54 E.27632
G1 X36.725 Y67.423 E.05397
G1 X35.105 Y69.043 E.10776
G1 X35.408 Y71.981 E.13889
G1 X33.787 Y73.602 E.10776
G1 X30.849 Y73.299 E.13889
G1 X29.229 Y74.919 E.10776
G1 X29.522 Y77.767 E.13461
G1 X35.398 Y77.767 E.27632
G1 X35.105 Y74.919 E.13461
G1 X36.725 Y73.299 E.10776
G1 X37.867 Y73.416 E.05397
G1 X37.867 Y75.725 E.10855
G1 X31.788 Y72.033 F30000
G1 F6000
G1 X29.479 Y72.033 E.10855
G1 X27.911 Y73.602 E.1043
G1 X24.973 Y73.299 E.13889
G1 X23.353 Y74.919 E.10776
G1 X23.646 Y77.767 E.13461
G1 X17.77 Y77.767 E.27632
G1 X17.477 Y74.919 E.13461
G1 X19.097 Y73.299 E.10776
G1 X22.035 Y73.602 E.13889
G1 X23.603 Y72.033 E.1043
G1 X17.727 Y72.033 E.27632
G1 X16.159 Y73.602 E.1043
G1 X13.221 Y73.299 E.13889
G1 X11.601 Y74.919 E.10776
G1 X11.894 Y77.767 E.13461
G1 X6.018 Y77.767 E.27632
G1 X5.725 Y74.919 E.13461
G1 X7.345 Y73.299 E.10776
G1 X10.283 Y73.602 E.13889
G1 X11.851 Y72.033 E.1043
G1 X5.975 Y72.033 E.27632
G1 X4.407 Y73.602 E.1043
G1 X1.469 Y73.299 E.13889
G1 X-.151 Y74.919 E.10776
G1 X.142 Y77.767 E.13461
G1 X-5.734 Y77.767 E.27632
G1 X-6.027 Y74.919 E.13461
G1 X-4.407 Y73.299 E.10776
G1 X-1.469 Y73.602 E.13889
G1 X.099 Y72.033 E.1043
G1 X-5.777 Y72.033 E.27632
G1 X-7.345 Y73.602 E.1043
G1 X-10.283 Y73.299 E.13889
G1 X-11.903 Y74.919 E.10776
G1 X-11.61 Y77.767 E.13461
G1 X-17.486 Y77.767 E.27632
G1 X-17.779 Y74.919 E.13461
G1 X-16.159 Y73.299 E.10776
G1 X-13.221 Y73.602 E.13889
G1 X-11.653 Y72.033 E.1043
G1 X-17.529 Y72.033 E.27632
G1 X-19.097 Y73.602 E.1043
G1 X-22.035 Y73.299 E.13889
G1 X-23.655 Y74.919 E.10776
G1 X-23.362 Y77.767 E.13461
G1 X-29.238 Y77.767 E.27632
G1 X-29.531 Y74.919 E.13461
G1 X-27.911 Y73.299 E.10776
G1 X-24.973 Y73.602 E.13889
G1 X-23.405 Y72.033 E.1043
G1 X-29.281 Y72.033 E.27632
G1 X-30.849 Y73.602 E.1043
G1 X-33.787 Y73.299 E.13889
G1 X-35.408 Y74.919 E.10776
G1 X-35.114 Y77.767 E.13461
G1 X-37.422 Y77.767 E.10855
G1 X-32.133 Y69.902 F30000
G1 F6000
G1 X-32.133 Y67.593 E.10855
G1 X-33.787 Y67.423 E.07818
G1 X-35.408 Y69.043 E.10776
G1 X-35.105 Y71.981 E.13889
G1 X-36.725 Y73.602 E.10776
G1 X-37.867 Y73.484 E.05397
G1 X-37.867 Y67.608 E.27632
G1 X-36.725 Y67.726 E.05397
G1 X-35.105 Y66.105 E.10776
G1 X-35.408 Y63.167 E.13889
G1 X-33.787 Y61.547 E.10776
G1 X-32.133 Y61.717 E.07818
G1 X-32.133 Y55.841 E.27632
G1 X-33.787 Y55.671 E.07818
G1 X-35.408 Y57.291 E.10776
G1 X-35.105 Y60.229 E.13889
G1 X-36.725 Y61.85 E.10776
G1 X-37.867 Y61.732 E.05397
G1 X-37.867 Y59.424 E.10855
G1 X-32.133 Y52.274 F30000
G1 F6000
G1 X-32.133 Y49.965 E.10855
G1 X-33.787 Y49.795 E.07818
G1 X-35.408 Y51.415 E.10776
G1 X-35.105 Y54.353 E.13889
G1 X-36.725 Y55.974 E.10776
G1 X-37.867 Y55.856 E.05397
G1 X-37.867 Y49.98 E.27632
G1 X-36.725 Y50.098 E.05397
G1 X-35.105 Y48.477 E.10776
G1 X-35.408 Y45.539 E.13889
G1 X-33.787 Y43.919 E.10776
G1 X-32.133 Y44.089 E.07818
G1 X-32.133 Y38.213 E.27632
G1 X-33.787 Y38.043 E.07818
G1 X-35.408 Y39.663 E.10776
G1 X-35.105 Y42.601 E.13889
G1 X-36.725 Y44.222 E.10776
G1 X-37.867 Y44.104 E.05397
G1 X-37.867 Y38.228 E.27632
G1 X-36.725 Y38.346 E.05397
G1 X-35.105 Y36.725 E.10776
G1 X-35.408 Y33.787 E.13889
G1 X-33.787 Y32.167 E.10776
G1 X-32.133 Y32.337 E.07818
G1 X-32.133 Y26.461 E.27632
G1 X-33.787 Y26.291 E.07818
G1 X-35.408 Y27.911 E.10776
G1 X-35.105 Y30.849 E.13889
G1 X-36.725 Y32.469 E.10776
G1 X-37.867 Y32.352 E.05397
G1 X-37.867 Y26.476 E.27632
G1 X-36.725 Y26.593 E.05397
G1 X-35.105 Y24.973 E.10776
G1 X-35.408 Y22.035 E.13889
G1 X-33.787 Y20.415 E.10776
G1 X-32.133 Y20.585 E.07818
G1 X-32.133 Y14.709 E.27632
G1 X-33.787 Y14.539 E.07818
G1 X-35.408 Y16.159 E.10776
G1 X-35.105 Y19.097 E.13889
G1 X-36.725 Y20.717 E.10776
G1 X-37.867 Y20.6 E.05397
G1 X-37.867 Y14.724 E.27632
G1 X-36.725 Y14.841 E.05397
G1 X-35.105 Y13.221 E.10776
G1 X-35.408 Y10.283 E.13889
G1 X-33.787 Y8.663 E.10776
G1 X-32.133 Y8.833 E.07818
G1 X-32.133 Y2.957 E.27632
G1 X-33.787 Y2.787 E.07818
G1 X-35.408 Y4.407 E.10776
G1 X-35.105 Y7.345 E.13889
G1 X-36.725 Y8.965 E.10776
G1 X-37.867 Y8.848 E.05397
G1 X-37.867 Y6.539 E.10855
G1 X-32.133 Y-.611 F30000
G1 F6000
G1 X-32.133 Y-2.919 E.10855
G1 X-33.787 Y-3.089 E.07818
G1 X-35.408 Y-1.469 E.10776
G1 X-35.105 Y1.469 E.13889
G1 X-36.725 Y3.089 E.10776
G1 X-37.867 Y2.972 E.05397
G1 X-37.867 Y-2.904 E.27632
G1 X-36.725 Y-2.787 E.05397
G1 X-35.105 Y-4.407 E.10776
G1 X-35.408 Y-7.345 E.13889
G1 X-33.787 Y-8.965 E.10776
G1 X-32.133 Y-8.795 E.07818
G1 X-32.133 Y-14.671 E.27632
G1 X-33.787 Y-14.841 E.07818
G1 X-35.408 Y-13.221 E.10776
G1 X-35.105 Y-10.283 E.13889
G1 X-36.725 Y-8.663 E.10776
G1 X-37.867 Y-8.78 E.05397
G1 X-37.867 Y-14.656 E.27632
G1 X-36.725 Y-14.539 E.05397
G1 X-35.105 Y-16.159 E.10776
G1 X-35.408 Y-19.097 E.13889
G1 X-33.787 Y-20.717 E.10776
G1 X-32.133 Y-20.547 E.07818
G1 X-32.133 Y-26.423 E.27632
G1 X-33.787 Y-26.593 E.07818
G1 X-35.408 Y-24.973 E.10776
G1 X-35.105 Y-22.035 E.13889
G1 X-36.725 Y-20.415 E.10776
G1 X-37.867 Y-20.532 E.05397
G1 X-37.867 Y-26.408 E.27632
G1 X-36.725 Y-26.291 E.05397
G1 X-35.105 Y-27.911 E.10776
G1 X-35.408 Y-30.849 E.13889
G1 X-33.787 Y-32.47 E.10776
G1 X-32.133 Y-32.299 E.07818
G1 X-32.133 Y-38.175 E.27632
G1 X-33.787 Y-38.346 E.07818
G1 X-35.408 Y-36.725 E.10776
G1 X-35.105 Y-33.787 E.13889
G1 X-36.725 Y-32.167 E.10776
G1 X-37.867 Y-32.284 E.05397
G1 X-37.867 Y-38.16 E.27632
G1 X-36.725 Y-38.043 E.05397
G1 X-35.105 Y-39.663 E.10776
G1 X-35.408 Y-42.601 E.13889
G1 X-33.787 Y-44.222 E.10776
G1 X-32.133 Y-44.051 E.07818
G1 X-32.133 Y-49.927 E.27632
G1 X-33.787 Y-50.098 E.07818
G1 X-35.408 Y-48.477 E.10776
G1 X-35.105 Y-45.539 E.13889
G1 X-36.725 Y-43.919 E.10776
G1 X-37.867 Y-44.036 E.05397
G1 X-37.867 Y-46.345 E.10855
G1 X-32.133 Y-53.495 F30000
G1 F6000
G1 X-32.133 Y-55.803 E.10855
G1 X-33.787 Y-55.974 E.07818
G1 X-35.408 Y-54.353 E.10776
G1 X-35.105 Y-51.415 E.13889
G1 X-36.725 Y-49.795 E.10776
G1 X-37.867 Y-49.912 E.05397
G1 X-37.867 Y-55.788 E.27632
G1 X-36.725 Y-55.671 E.05397
G1 X-35.105 Y-57.291 E.10776
G1 X-35.408 Y-60.229 E.13889
G1 X-33.787 Y-61.85 E.10776
G1 X-32.133 Y-61.679 E.07818
G1 X-32.133 Y-67.555 E.27632
G1 X-33.787 Y-67.726 E.07818
G1 X-35.408 Y-66.105 E.10776
G1 X-35.105 Y-63.167 E.13889
G1 X-36.725 Y-61.547 E.10776
G1 X-37.867 Y-61.664 E.05397
G1 X-37.867 Y-67.54 E.27632
G1 X-36.725 Y-67.423 E.05397
G1 X-35.105 Y-69.043 E.10776
G1 X-35.246 Y-70.417 E.06496
G1 X-35 Y-70.269 E.01351
G1 X-33.268 Y-71.31 E.09503
G1 X-31.875 Y-72.888 F30000
;TYPE:Gap infill
;WIDTH:0.79584
G1 F9000
G1 X-31.875 Y-78.401 E.3383
G1 E-1.2 F2100
;WIPE_START
G1 F9000
G1 X-31.875 Y-76.401
;WIPE_END
G1 X-38.125 Y-78.401 Z4.6 F30000
G1 Z4.2
G1 E1.2 F2100
G1 F9000
G1 X-38.125 Y-72.888 E.3383
;LAYER_CHANGE
;Z:4.4
;HEIGHT:0.2
;BEFORE_LAYER_CHANGE
;4.4
G1 E-1.2 F2100
;WIPE_START
G1 F9000
G1 X-38.125 Y-74.888
;WIPE_END
;AFTER_LAYER_CHANGE
;4.4
;_SET_FAN_SPEED_CHANGING_LAYER
G17
G3 Z4.8 I-.039 J1.216 P1  F30000
G1 X37.926 Y-72.444 Z4.8
G1 Z4.4
G1 E1.2 F2100
SET_VELOCITY_LIMIT ACCEL=5000
;TYPE:Inner wall
;WIDTH:0.62
G1 F9000
G1 X38.213 Y-72.614 E.01568
G1 X38.213 Y78.113 E7.08787
G1 X-38.213 Y78.113 E3.5939
G1 X-38.213 Y-72.614 E7.08787
G1 X-35.752 Y-71.158 E.13444
G1 X-35.369 Y-70.989 E.01971
G1 X-35 Y-70.93 E.01756
G1 X-34.631 Y-70.989 E.01756
G1 X-34.248 Y-71.158 E.01971
G1 X-31.787 Y-72.614 E.13444
G1 X-31.787 Y71.687 E6.7857
G1 X31.787 Y71.687 E2.98955
G1 X31.787 Y-72.614 E6.7857
G1 X34.248 Y-71.158 E.13444
M73 P51 R11
G1 X34.631 Y-70.989 E.01971
G1 X35 Y-70.93 E.01756
G1 X35.369 Y-70.989 E.01756
G1 X35.752 Y-71.158 E.01971
G1 X37.895 Y-72.426 E.11707
SET_VELOCITY_LIMIT ACCEL=10000
G1 X37.434 Y-72.823 F30000
SET_VELOCITY_LIMIT ACCEL=5000
;TYPE:Outer wall
G1 F7200
G1 X37.434 Y-78.69 E.27588
G1 X38.79 Y-78.69 E.06378
G1 X38.79 Y78.69 E7.40074
G1 X-38.79 Y78.69 E3.64817
G1 X-38.79 Y-78.69 E7.40074
G1 X-37.434 Y-78.69 E.06378
G1 X-37.434 Y-72.823 E.27588
G1 X-35.488 Y-71.672 E.10629
G1 X-35.204 Y-71.547 E.01461
G1 X-35 Y-71.514 E.00971
G1 X-34.796 Y-71.547 E.00971
G1 X-34.512 Y-71.672 E.01461
G1 X-32.566 Y-72.823 E.10629
G1 X-32.566 Y-78.69 E.27588
G1 X-31.21 Y-78.69 E.06378
G1 X-31.21 Y71.11 E7.0443
G1 X31.21 Y71.11 E2.93528
G1 X31.21 Y-78.69 E7.0443
G1 X32.566 Y-78.69 E.06378
G1 X32.566 Y-72.823 E.27588
G1 X34.512 Y-71.672 E.10629
G1 X34.796 Y-71.547 E.01461
G1 X35 Y-71.514 E.00971
G1 X35.204 Y-71.547 E.00971
G1 X35.488 Y-71.672 E.01461
G1 X37.403 Y-72.805 E.1046
SET_VELOCITY_LIMIT ACCEL=10000
G1 X38.112 Y-72.889 F30000
;TYPE:Gap infill
;WIDTH:0.822172
G1 F9000
G1 X38.112 Y-78.401 E.35002
G1 E-1.2 F2100
;WIPE_START
G1 F9000
G1 X38.112 Y-76.401
;WIPE_END
G1 X31.888 Y-78.401 Z4.8 F30000
G1 Z4.4
G1 E1.2 F2100
;WIDTH:0.82217
G1 F9000
G1 X31.888 Y-72.889 E.35002
G1 X33.163 Y-71.397 F30000
;TYPE:Sparse infill
;WIDTH:0.62
G1 F6000
G1 X34.089 Y-70.849 E.05059
G1 X34.533 Y-70.654 E.02277
G1 X35 Y-70.579 E.02227
G1 X35.271 Y-70.623 E.01292
G1 X35.054 Y-69.043 E.07498
G1 X33.787 Y-67.776 E.08425
G1 X32.133 Y-67.549 E.0785
G1 X32.133 Y-61.673 E.27632
G1 X33.787 Y-61.9 E.0785
G1 X35.054 Y-63.167 E.08425
G1 X35.458 Y-66.105 E.13946
G1 X36.725 Y-67.372 E.08425
G1 X37.867 Y-67.529 E.05419
G1 X37.867 Y-61.653 E.27632
G1 X36.725 Y-61.496 E.05419
G1 X35.458 Y-60.229 E.08425
G1 X35.054 Y-57.291 E.13946
G1 X33.787 Y-56.024 E.08425
G1 X32.133 Y-55.797 E.0785
G1 X32.133 Y-49.921 E.27632
G1 X33.787 Y-50.148 E.0785
G1 X35.054 Y-51.415 E.08425
G1 X35.458 Y-54.353 E.13946
G1 X36.725 Y-55.62 E.08425
G1 X37.867 Y-55.777 E.05419
G1 X37.867 Y-49.901 E.27632
G1 X36.725 Y-49.744 E.05419
G1 X35.458 Y-48.477 E.08425
G1 X35.054 Y-45.539 E.13946
G1 X33.787 Y-44.272 E.08425
G1 X32.133 Y-44.045 E.0785
G1 X32.133 Y-46.353 E.10855
G1 X37.867 Y-41.717 F30000
G1 F6000
G1 X37.867 Y-44.025 E.10855
G1 X36.725 Y-43.868 E.05419
G1 X35.458 Y-42.601 E.08425
G1 X35.054 Y-39.663 E.13946
G1 X33.787 Y-38.396 E.08425
G1 X32.133 Y-38.169 E.0785
G1 X32.133 Y-32.293 E.27632
G1 X33.787 Y-32.52 E.0785
G1 X35.054 Y-33.787 E.08425
G1 X35.458 Y-36.725 E.13946
G1 X36.725 Y-37.992 E.08425
G1 X37.867 Y-38.149 E.05419
G1 X37.867 Y-32.273 E.27632
G1 X36.725 Y-32.116 E.05419
G1 X35.458 Y-30.849 E.08425
G1 X35.054 Y-27.911 E.13946
G1 X33.787 Y-26.644 E.08425
G1 X32.133 Y-26.417 E.0785
G1 X32.133 Y-20.541 E.27632
G1 X33.787 Y-20.768 E.0785
G1 X35.054 Y-22.035 E.08425
G1 X35.458 Y-24.973 E.13946
G1 X36.725 Y-26.24 E.08425
G1 X37.867 Y-26.397 E.05419
G1 X37.867 Y-20.521 E.27632
G1 X36.725 Y-20.364 E.05419
G1 X35.458 Y-19.097 E.08425
G1 X35.054 Y-16.159 E.13946
G1 X33.787 Y-14.892 E.08425
G1 X32.133 Y-14.665 E.0785
G1 X32.133 Y-8.789 E.27632
G1 X33.787 Y-9.016 E.0785
G1 X35.054 Y-10.283 E.08425
G1 X35.458 Y-13.221 E.13946
G1 X36.725 Y-14.488 E.08425
G1 X37.867 Y-14.645 E.05419
G1 X37.867 Y-8.769 E.27632
G1 X36.725 Y-8.612 E.05419
G1 X35.458 Y-7.345 E.08425
G1 X35.054 Y-4.407 E.13946
G1 X33.787 Y-3.14 E.08425
G1 X32.133 Y-2.913 E.0785
G1 X32.133 Y2.963 E.27632
G1 X33.787 Y2.736 E.0785
G1 X35.054 Y1.469 E.08425
G1 X35.458 Y-1.469 E.13946
G1 X36.725 Y-2.736 E.08425
G1 X37.867 Y-2.893 E.05419
G1 X37.867 Y2.983 E.27632
G1 X36.725 Y3.14 E.05419
G1 X35.458 Y4.407 E.08425
G1 X35.054 Y7.345 E.13946
G1 X33.787 Y8.612 E.08425
G1 X32.133 Y8.839 E.0785
G1 X32.133 Y14.715 E.27632
G1 X33.787 Y14.488 E.0785
G1 X35.054 Y13.221 E.08425
G1 X35.458 Y10.283 E.13946
G1 X36.725 Y9.016 E.08425
G1 X37.867 Y8.859 E.05419
G1 X37.867 Y14.735 E.27632
G1 X36.725 Y14.892 E.05419
G1 X35.458 Y16.159 E.08425
G1 X35.054 Y19.097 E.13946
G1 X33.787 Y20.364 E.08425
G1 X32.133 Y20.591 E.0785
G1 X32.133 Y26.468 E.27632
G1 X33.787 Y26.24 E.0785
G1 X35.054 Y24.973 E.08425
G1 X35.458 Y22.035 E.13946
G1 X36.725 Y20.768 E.08425
G1 X37.867 Y20.611 E.05419
G1 X37.867 Y26.487 E.27632
G1 X36.725 Y26.644 E.05419
G1 X35.458 Y27.911 E.08425
G1 X35.054 Y30.849 E.13946
G1 X33.787 Y32.116 E.08425
G1 X32.133 Y32.344 E.0785
G1 X32.133 Y38.22 E.27632
G1 X33.787 Y37.992 E.0785
G1 X35.054 Y36.725 E.08425
G1 X35.458 Y33.787 E.13946
G1 X36.725 Y32.52 E.08425
G1 X37.867 Y32.363 E.05419
G1 X37.867 Y38.239 E.27632
G1 X36.725 Y38.396 E.05419
G1 X35.458 Y39.663 E.08425
G1 X35.054 Y42.601 E.13946
G1 X33.787 Y43.868 E.08425
G1 X32.133 Y44.096 E.0785
G1 X32.133 Y49.972 E.27632
G1 X33.787 Y49.744 E.0785
G1 X35.054 Y48.477 E.08425
G1 X35.458 Y45.539 E.13946
G1 X36.725 Y44.272 E.08425
G1 X37.867 Y44.115 E.05419
G1 X37.867 Y46.424 E.10855
G1 X32.133 Y53.539 F30000
G1 F6000
G1 X32.133 Y55.848 E.10855
G1 X33.787 Y55.62 E.0785
G1 X35.054 Y54.353 E.08425
G1 X35.458 Y51.415 E.13946
G1 X36.725 Y50.148 E.08425
G1 X37.867 Y49.991 E.05419
G1 X37.867 Y55.867 E.27632
G1 X36.725 Y56.024 E.05419
G1 X35.458 Y57.291 E.08425
G1 X35.054 Y60.229 E.13946
G1 X33.787 Y61.496 E.08425
G1 X32.133 Y61.724 E.0785
G1 X32.133 Y67.6 E.27632
G1 X33.787 Y67.372 E.0785
G1 X35.054 Y66.105 E.08425
G1 X35.458 Y63.167 E.13946
G1 X36.725 Y61.9 E.08425
G1 X37.867 Y61.743 E.05419
G1 X37.867 Y67.619 E.27632
G1 X36.725 Y67.776 E.05419
G1 X35.458 Y69.043 E.08425
G1 X35.054 Y71.981 E.13946
G1 X33.787 Y73.248 E.08425
G1 X30.849 Y73.652 E.13946
G1 X29.582 Y74.919 E.08425
G1 X29.19 Y77.767 E.13516
G1 X35.066 Y77.767 E.27632
G1 X35.458 Y74.919 E.13516
G1 X36.725 Y73.652 E.08425
G1 X37.867 Y73.495 E.05419
G1 X37.867 Y75.804 E.10855
G1 X31.434 Y72.033 F30000
G1 F6000
G1 X29.126 Y72.033 E.10855
G1 X27.911 Y73.248 E.08078
G1 X24.973 Y73.652 E.13946
G1 X23.706 Y74.919 E.08425
G1 X23.314 Y77.767 E.13516
G1 X17.438 Y77.767 E.27632
G1 X17.83 Y74.919 E.13516
G1 X19.097 Y73.652 E.08425
G1 X22.035 Y73.248 E.13946
G1 X23.25 Y72.033 E.08078
G1 X17.374 Y72.033 E.27632
G1 X16.159 Y73.248 E.08078
G1 X13.221 Y73.652 E.13946
G1 X11.954 Y74.919 E.08425
G1 X11.562 Y77.767 E.13516
G1 X5.686 Y77.767 E.27632
G1 X6.078 Y74.919 E.13516
G1 X7.345 Y73.652 E.08425
G1 X10.283 Y73.248 E.13946
G1 X11.498 Y72.033 E.08078
G1 X13.806 Y72.033 E.10855
G1 X-2.498 Y77.767 F30000
G1 F6000
G1 X-.19 Y77.767 E.10855
G1 X.202 Y74.919 E.13516
G1 X1.469 Y73.652 E.08425
G1 X4.407 Y73.248 E.13946
G1 X5.622 Y72.033 E.08078
G1 X-.254 Y72.033 E.27632
G1 X-1.469 Y73.248 E.08078
G1 X-4.407 Y73.652 E.13946
G1 X-5.674 Y74.919 E.08425
G1 X-6.066 Y77.767 E.13516
G1 X-11.942 Y77.767 E.27632
G1 X-11.55 Y74.919 E.13516
G1 X-10.283 Y73.652 E.08425
G1 X-7.345 Y73.248 E.13946
G1 X-6.13 Y72.033 E.08078
G1 X-12.006 Y72.033 E.27632
G1 X-13.221 Y73.248 E.08078
G1 X-16.159 Y73.652 E.13946
G1 X-17.426 Y74.919 E.08425
G1 X-17.818 Y77.767 E.13516
M73 P52 R11
G1 X-20.126 Y77.767 E.10855
G1 X-15.574 Y72.033 F30000
G1 F6000
G1 X-17.882 Y72.033 E.10855
G1 X-19.097 Y73.248 E.08078
G1 X-22.035 Y73.652 E.13946
G1 X-23.302 Y74.919 E.08425
G1 X-23.694 Y77.767 E.13516
G1 X-29.57 Y77.767 E.27632
G1 X-29.178 Y74.919 E.13516
G1 X-27.911 Y73.652 E.08425
G1 X-24.973 Y73.248 E.13946
G1 X-23.758 Y72.033 E.08078
G1 X-29.634 Y72.033 E.27632
G1 X-30.849 Y73.248 E.08078
G1 X-33.787 Y73.652 E.13946
G1 X-35.054 Y74.919 E.08425
G1 X-35.446 Y77.767 E.13516
G1 X-37.867 Y77.767 E.11384
G1 X-37.867 Y73.405 E.2051
G1 X-36.725 Y73.248 E.05419
G1 X-35.458 Y71.981 E.08425
G1 X-35.054 Y69.043 E.13946
G1 X-33.787 Y67.776 E.08425
G1 X-32.133 Y67.549 E.0785
G1 X-32.133 Y61.673 E.27632
G1 X-33.787 Y61.9 E.0785
G1 X-35.054 Y63.167 E.08425
G1 X-35.458 Y66.105 E.13946
G1 X-36.725 Y67.372 E.08425
G1 X-37.867 Y67.529 E.05419
G1 X-37.867 Y61.653 E.27632
G1 X-36.725 Y61.496 E.05419
G1 X-35.458 Y60.229 E.08425
G1 X-35.054 Y57.291 E.13946
G1 X-33.787 Y56.024 E.08425
G1 X-32.133 Y55.797 E.0785
G1 X-32.133 Y49.921 E.27632
G1 X-33.787 Y50.148 E.0785
G1 X-35.054 Y51.415 E.08425
G1 X-35.458 Y54.353 E.13946
G1 X-36.725 Y55.62 E.08425
G1 X-37.867 Y55.777 E.05419
G1 X-37.867 Y49.901 E.27632
G1 X-36.725 Y49.744 E.05419
G1 X-35.458 Y48.477 E.08425
G1 X-35.054 Y45.539 E.13946
G1 X-33.787 Y44.272 E.08425
G1 X-32.133 Y44.045 E.0785
G1 X-32.133 Y38.169 E.27632
G1 X-33.787 Y38.396 E.0785
G1 X-35.054 Y39.663 E.08425
G1 X-35.458 Y42.601 E.13946
G1 X-36.725 Y43.868 E.08425
G1 X-37.867 Y44.025 E.05419
G1 X-37.867 Y38.149 E.27632
G1 X-36.725 Y37.992 E.05419
G1 X-35.458 Y36.725 E.08425
G1 X-35.054 Y33.787 E.13946
G1 X-33.787 Y32.52 E.08425
G1 X-32.133 Y32.293 E.0785
G1 X-32.133 Y26.417 E.27632
G1 X-33.787 Y26.644 E.0785
G1 X-35.054 Y27.911 E.08425
G1 X-35.458 Y30.849 E.13946
G1 X-36.725 Y32.116 E.08425
G1 X-37.867 Y32.273 E.05419
G1 X-37.867 Y26.397 E.27632
G1 X-36.725 Y26.24 E.05419
G1 X-35.458 Y24.973 E.08425
G1 X-35.054 Y22.035 E.13946
G1 X-33.787 Y20.768 E.08425
G1 X-32.133 Y20.541 E.0785
G1 X-32.133 Y14.665 E.27632
G1 X-33.787 Y14.892 E.0785
G1 X-35.054 Y16.159 E.08425
G1 X-35.458 Y19.097 E.13946
G1 X-36.725 Y20.364 E.08425
G1 X-37.867 Y20.521 E.05419
G1 X-37.867 Y14.645 E.27632
G1 X-36.725 Y14.488 E.05419
G1 X-35.458 Y13.221 E.08425
G1 X-35.054 Y10.283 E.13946
G1 X-33.787 Y9.016 E.08425
G1 X-32.133 Y8.789 E.0785
G1 X-32.133 Y2.913 E.27632
G1 X-33.787 Y3.14 E.0785
G1 X-35.054 Y4.407 E.08425
G1 X-35.458 Y7.345 E.13946
G1 X-36.725 Y8.612 E.08425
G1 X-37.867 Y8.769 E.05419
G1 X-37.867 Y2.893 E.27632
G1 X-36.725 Y2.736 E.05419
G1 X-35.458 Y1.469 E.08425
G1 X-35.054 Y-1.469 E.13946
G1 X-33.787 Y-2.736 E.08425
G1 X-32.133 Y-2.963 E.0785
G1 X-32.133 Y-8.839 E.27632
G1 X-33.787 Y-8.612 E.0785
G1 X-35.054 Y-7.345 E.08425
G1 X-35.458 Y-4.407 E.13946
G1 X-36.725 Y-3.14 E.08425
G1 X-37.867 Y-2.983 E.05419
G1 X-37.867 Y-8.859 E.27632
G1 X-36.725 Y-9.016 E.05419
G1 X-35.458 Y-10.283 E.08425
G1 X-35.054 Y-13.221 E.13946
G1 X-33.787 Y-14.488 E.08425
G1 X-32.133 Y-14.715 E.0785
G1 X-32.133 Y-20.591 E.27632
G1 X-33.787 Y-20.364 E.0785
G1 X-35.054 Y-19.097 E.08425
G1 X-35.458 Y-16.159 E.13946
G1 X-36.725 Y-14.892 E.08425
G1 X-37.867 Y-14.735 E.05419
G1 X-37.867 Y-20.611 E.27632
G1 X-36.725 Y-20.768 E.05419
G1 X-35.458 Y-22.035 E.08425
G1 X-35.054 Y-24.973 E.13946
G1 X-33.787 Y-26.24 E.08425
G1 X-32.133 Y-26.468 E.0785
G1 X-32.133 Y-32.344 E.27632
G1 X-33.787 Y-32.116 E.0785
G1 X-35.054 Y-30.849 E.08425
G1 X-35.458 Y-27.911 E.13946
G1 X-36.725 Y-26.644 E.08425
G1 X-37.867 Y-26.487 E.05419
G1 X-37.867 Y-32.363 E.27632
G1 X-36.725 Y-32.52 E.05419
G1 X-35.458 Y-33.787 E.08425
G1 X-35.054 Y-36.725 E.13946
G1 X-33.787 Y-37.992 E.08425
G1 X-32.133 Y-38.22 E.0785
G1 X-32.133 Y-44.096 E.27632
G1 X-33.787 Y-43.868 E.0785
G1 X-35.054 Y-42.601 E.08425
G1 X-35.458 Y-39.663 E.13946
G1 X-36.725 Y-38.396 E.08425
G1 X-37.867 Y-38.239 E.05419
G1 X-37.867 Y-44.115 E.27632
G1 X-36.725 Y-44.272 E.05419
G1 X-35.458 Y-45.539 E.08425
G1 X-35.054 Y-48.477 E.13946
G1 X-33.787 Y-49.744 E.08425
G1 X-32.133 Y-49.972 E.0785
G1 X-32.133 Y-55.848 E.27632
G1 X-33.787 Y-55.62 E.0785
G1 X-35.054 Y-54.353 E.08425
G1 X-35.458 Y-51.415 E.13946
G1 X-36.725 Y-50.148 E.08425
G1 X-37.867 Y-49.991 E.05419
G1 X-37.867 Y-55.867 E.27632
G1 X-36.725 Y-56.024 E.05419
G1 X-35.458 Y-57.291 E.08425
G1 X-35.054 Y-60.229 E.13946
G1 X-33.787 Y-61.496 E.08425
G1 X-32.133 Y-61.724 E.0785
G1 X-32.133 Y-67.6 E.27632
G1 X-33.787 Y-67.372 E.0785
G1 X-35.054 Y-66.105 E.08425
G1 X-35.458 Y-63.167 E.13946
G1 X-36.725 Y-61.9 E.08425
G1 X-37.867 Y-61.743 E.05419
G1 X-37.867 Y-67.619 E.27632
G1 X-36.725 Y-67.776 E.05419
G1 X-35.458 Y-69.043 E.08425
G1 X-35.242 Y-70.618 E.07475
G1 X-35 Y-70.579 E.0115
G1 X-34.533 Y-70.654 E.02227
G1 X-34.089 Y-70.849 E.02277
G1 X-33.137 Y-71.412 E.05201
G1 X-31.888 Y-72.889 F30000
;TYPE:Gap infill
;WIDTH:0.82217
G1 F9000
G1 X-31.888 Y-78.401 E.35002
G1 E-1.2 F2100
;WIPE_START
G1 F9000
G1 X-31.888 Y-76.401
;WIPE_END
G1 X-38.112 Y-78.401 Z4.8 F30000
G1 Z4.4
G1 E1.2 F2100
;WIDTH:0.822172
G1 F9000
G1 X-38.112 Y-72.889 E.35002
;LAYER_CHANGE
;Z:4.6
;HEIGHT:0.2
;BEFORE_LAYER_CHANGE
;4.6
G1 E-1.2 F2100
;WIPE_START
G1 F9000
G1 X-38.112 Y-74.889
;WIPE_END
;AFTER_LAYER_CHANGE
;4.6
;_SET_FAN_SPEED_CHANGING_LAYER
G17
G3 Z5 I-.039 J1.216 P1  F30000
G1 X37.899 Y-72.447 Z5
G1 Z4.6
G1 E1.2 F2100
SET_VELOCITY_LIMIT ACCEL=5000
;TYPE:Inner wall
;WIDTH:0.62
G1 F9000
G1 X38.213 Y-72.635 E.0172
G1 X38.213 Y78.113 E7.08889
G1 X-38.213 Y78.113 E3.5939
G1 X-38.213 Y-72.635 E7.08889
G1 X-36.938 Y-71.869 E.06994
G1 X-36.089 Y-71.394 E.04576
G1 X-35.484 Y-71.128 E.03108
G1 X-35 Y-71.05 E.02306
G1 X-34.516 Y-71.128 E.02306
G1 X-33.911 Y-71.394 E.03108
G1 X-33.062 Y-71.869 E.04576
G1 X-31.787 Y-72.635 E.06994
G1 X-31.787 Y71.687 E6.78672
G1 X31.787 Y71.687 E2.98955
G1 X31.787 Y-72.635 E6.78672
G1 X33.062 Y-71.869 E.06994
G1 X33.911 Y-71.394 E.04576
G1 X34.516 Y-71.128 E.03108
G1 X35 Y-71.05 E.02306
G1 X35.484 Y-71.128 E.02306
G1 X36.089 Y-71.394 E.03108
G1 X36.938 Y-71.869 E.04576
G1 X37.869 Y-72.429 E.05105
SET_VELOCITY_LIMIT ACCEL=10000
G1 X37.407 Y-72.825 F30000
SET_VELOCITY_LIMIT ACCEL=5000
;TYPE:Outer wall
G1 F7200
G1 X37.407 Y-78.69 E.27582
G1 X38.79 Y-78.69 E.06502
G1 X38.79 Y78.69 E7.40074
G1 X-38.79 Y78.69 E3.64817
G1 X-38.79 Y-78.69 E7.40074
G1 X-37.407 Y-78.69 E.06502
M73 P53 R11
G1 X-37.407 Y-72.825 E.27582
G1 X-36.648 Y-72.369 E.04164
G1 X-35.831 Y-71.911 E.04404
G1 X-35.319 Y-71.686 E.0263
G1 X-35 Y-71.635 E.01521
G1 X-34.681 Y-71.686 E.01521
G1 X-34.169 Y-71.911 E.0263
G1 X-33.352 Y-72.369 E.04404
G1 X-32.593 Y-72.825 E.04164
G1 X-32.593 Y-78.69 E.27582
G1 X-31.21 Y-78.69 E.06502
G1 X-31.21 Y71.11 E7.0443
G1 X31.21 Y71.11 E2.93528
G1 X31.21 Y-78.69 E7.0443
G1 X32.593 Y-78.69 E.06502
G1 X32.593 Y-72.825 E.27582
G1 X33.352 Y-72.369 E.04164
G1 X34.169 Y-71.911 E.04404
G1 X34.681 Y-71.686 E.0263
G1 X35 Y-71.635 E.01521
G1 X35.319 Y-71.686 E.01521
G1 X35.831 Y-71.911 E.0263
G1 X36.648 Y-72.369 E.04404
G1 X37.376 Y-72.806 E.03994
SET_VELOCITY_LIMIT ACCEL=10000
G1 X38.099 Y-72.903 F30000
;TYPE:Gap infill
;WIDTH:0.848502
G1 F9000
G1 X38.099 Y-78.401 E.36092
G1 E-1.2 F2100
;WIPE_START
G1 F9000
G1 X38.099 Y-76.401
;WIPE_END
G1 X31.901 Y-78.401 Z5 F30000
G1 Z4.6
G1 E1.2 F2100
G1 F9000
G1 X31.901 Y-72.903 E.36092
G1 X33.195 Y-71.398 F30000
;TYPE:Sparse infill
;WIDTH:0.62
G1 F6000
G1 X33.756 Y-71.084 E.03026
G1 X34.417 Y-70.793 E.03394
G1 X35 Y-70.699 E.02776
G1 X35.348 Y-70.755 E.01658
G1 X34.7 Y-69.043 E.08608
G1 X33.787 Y-68.13 E.06074
G1 X32.133 Y-67.504 E.08315
G1 X32.133 Y-61.628 E.27632
G1 X33.787 Y-62.254 E.08315
G1 X34.7 Y-63.167 E.06074
G1 X35.812 Y-66.105 E.14771
G1 X36.725 Y-67.018 E.06074
G1 X37.867 Y-67.45 E.05739
G1 X37.867 Y-61.574 E.27632
G1 X36.725 Y-61.142 E.05739
G1 X35.812 Y-60.229 E.06074
G1 X34.7 Y-57.291 E.14771
G1 X33.787 Y-56.378 E.06074
G1 X32.133 Y-55.752 E.08315
G1 X32.133 Y-49.876 E.27632
G1 X33.787 Y-50.502 E.08315
G1 X34.7 Y-51.415 E.06074
G1 X35.812 Y-54.353 E.14771
G1 X36.725 Y-55.266 E.06074
G1 X37.867 Y-55.698 E.05739
G1 X37.867 Y-49.822 E.27632
G1 X36.725 Y-49.39 E.05739
G1 X35.812 Y-48.477 E.06074
G1 X34.7 Y-45.539 E.14771
G1 X33.787 Y-44.626 E.06074
G1 X32.133 Y-44 E.08315
G1 X32.133 Y-38.124 E.27632
G1 X33.787 Y-38.75 E.08315
G1 X34.7 Y-39.663 E.06074
G1 X35.812 Y-42.601 E.14771
G1 X36.725 Y-43.514 E.06074
G1 X37.867 Y-43.946 E.05739
G1 X37.867 Y-38.07 E.27632
G1 X36.725 Y-37.638 E.05739
G1 X35.812 Y-36.725 E.06074
G1 X34.7 Y-33.787 E.14771
G1 X33.787 Y-32.874 E.06074
G1 X32.133 Y-32.248 E.08315
G1 X32.133 Y-26.372 E.27632
G1 X33.787 Y-26.998 E.08315
G1 X34.7 Y-27.911 E.06074
G1 X35.812 Y-30.849 E.14771
G1 X36.725 Y-31.762 E.06074
G1 X37.867 Y-32.194 E.05739
G1 X37.867 Y-26.318 E.27632
G1 X36.725 Y-25.886 E.05739
G1 X35.812 Y-24.973 E.06074
G1 X34.7 Y-22.035 E.14771
G1 X33.787 Y-21.122 E.06074
G1 X32.133 Y-20.496 E.08315
G1 X32.133 Y-18.188 E.10855
G1 X37.867 Y-18.134 F30000
G1 F6000
G1 X37.867 Y-20.442 E.10855
G1 X36.725 Y-20.01 E.05739
G1 X35.812 Y-19.097 E.06074
G1 X34.7 Y-16.159 E.14771
G1 X33.787 Y-15.246 E.06074
G1 X32.133 Y-14.62 E.08315
G1 X32.133 Y-8.744 E.27632
G1 X33.787 Y-9.37 E.08315
G1 X34.7 Y-10.283 E.06074
G1 X35.812 Y-13.221 E.14771
G1 X36.725 Y-14.134 E.06074
G1 X37.867 Y-14.566 E.05739
G1 X37.867 Y-8.69 E.27632
G1 X36.725 Y-8.258 E.05739
G1 X35.812 Y-7.345 E.06074
G1 X34.7 Y-4.407 E.14771
G1 X33.787 Y-3.494 E.06074
G1 X32.133 Y-2.868 E.08315
G1 X32.133 Y3.008 E.27632
G1 X33.787 Y2.382 E.08315
G1 X34.7 Y1.469 E.06074
G1 X35.812 Y-1.469 E.14771
G1 X36.725 Y-2.382 E.06074
G1 X37.867 Y-2.814 E.05739
G1 X37.867 Y3.062 E.27632
G1 X36.725 Y3.494 E.05739
G1 X35.812 Y4.407 E.06074
G1 X34.7 Y7.345 E.14771
G1 X33.787 Y8.258 E.06074
G1 X32.133 Y8.884 E.08315
G1 X32.133 Y14.76 E.27632
G1 X33.787 Y14.134 E.08315
G1 X34.7 Y13.221 E.06074
G1 X35.812 Y10.283 E.14771
G1 X36.725 Y9.37 E.06074
G1 X37.867 Y8.938 E.05739
G1 X37.867 Y11.246 E.10855
G1 X32.133 Y18.328 F30000
G1 F6000
G1 X32.133 Y20.636 E.10855
G1 X33.787 Y20.01 E.08315
G1 X34.7 Y19.097 E.06074
G1 X35.812 Y16.159 E.14771
G1 X36.725 Y15.246 E.06074
G1 X37.867 Y14.814 E.05739
G1 X37.867 Y20.69 E.27632
G1 X36.725 Y21.122 E.05739
G1 X35.812 Y22.035 E.06074
G1 X34.7 Y24.973 E.14771
G1 X33.787 Y25.886 E.06074
G1 X32.133 Y26.512 E.08315
G1 X32.133 Y32.388 E.27632
G1 X33.787 Y31.762 E.08315
G1 X34.7 Y30.849 E.06074
G1 X35.812 Y27.911 E.14771
G1 X36.725 Y26.998 E.06074
G1 X37.867 Y26.566 E.05739
G1 X37.867 Y32.442 E.27632
G1 X36.725 Y32.874 E.05739
G1 X35.812 Y33.787 E.06074
G1 X34.7 Y36.725 E.14771
G1 X33.787 Y37.638 E.06074
G1 X32.133 Y38.264 E.08315
G1 X32.133 Y44.14 E.27632
G1 X33.787 Y43.514 E.08315
G1 X34.7 Y42.601 E.06074
G1 X35.812 Y39.663 E.14771
G1 X36.725 Y38.75 E.06074
G1 X37.867 Y38.318 E.05739
G1 X37.867 Y44.194 E.27632
G1 X36.725 Y44.626 E.05739
G1 X35.812 Y45.539 E.06074
G1 X34.7 Y48.477 E.14771
G1 X33.787 Y49.39 E.06074
G1 X32.133 Y50.016 E.08315
G1 X32.133 Y55.892 E.27632
G1 X33.787 Y55.266 E.08315
G1 X34.7 Y54.353 E.06074
G1 X35.812 Y51.415 E.14771
G1 X36.725 Y50.502 E.06074
G1 X37.867 Y50.07 E.05739
G1 X37.867 Y52.378 E.10855
G1 X32.133 Y59.46 F30000
G1 F6000
G1 X32.133 Y61.768 E.10855
G1 X33.787 Y61.142 E.08315
G1 X34.7 Y60.229 E.06074
G1 X35.812 Y57.291 E.14771
G1 X36.725 Y56.378 E.06074
G1 X37.867 Y55.946 E.05739
G1 X37.867 Y61.822 E.27632
G1 X36.725 Y62.254 E.05739
G1 X35.812 Y63.167 E.06074
G1 X34.7 Y66.105 E.14771
G1 X33.787 Y67.019 E.06074
G1 X32.133 Y67.644 E.08315
G1 X32.133 Y72.033 E.2064
G1 X28.772 Y72.033 E.15805
G1 X27.911 Y72.895 E.05727
G1 X24.973 Y74.006 E.14771
G1 X24.06 Y74.919 E.06074
G1 X22.983 Y77.767 E.14316
G1 X17.107 Y77.767 E.27632
G1 X18.184 Y74.919 E.14316
G1 X19.097 Y74.006 E.06074
G1 X22.035 Y72.895 E.14771
G1 X22.896 Y72.033 E.05727
G1 X17.02 Y72.033 E.27632
G1 X16.159 Y72.895 E.05727
G1 X13.221 Y74.006 E.14771
G1 X12.308 Y74.919 E.06074
G1 X11.231 Y77.767 E.14316
G1 X5.355 Y77.767 E.27632
G1 X6.432 Y74.919 E.14316
G1 X7.345 Y74.006 E.06074
G1 X10.283 Y72.895 E.14771
G1 X11.144 Y72.033 E.05727
G1 X5.268 Y72.033 E.27632
G1 X4.407 Y72.895 E.05727
G1 X1.469 Y74.006 E.14771
G1 X.556 Y74.919 E.06074
G1 X-.521 Y77.767 E.14316
G1 X-6.397 Y77.767 E.27632
G1 X-5.32 Y74.919 E.14316
G1 X-4.407 Y74.006 E.06074
G1 X-1.469 Y72.895 E.14771
G1 X-.608 Y72.033 E.05727
G1 X-6.484 Y72.033 E.27632
G1 X-7.345 Y72.895 E.05727
G1 X-10.283 Y74.006 E.14771
G1 X-11.196 Y74.919 E.06074
G1 X-12.273 Y77.767 E.14316
G1 X-18.15 Y77.767 E.27632
G1 X-17.072 Y74.919 E.14316
G1 X-16.159 Y74.006 E.06074
G1 X-13.221 Y72.895 E.14771
G1 X-12.36 Y72.033 E.05727
G1 X-18.236 Y72.033 E.27632
G1 X-19.097 Y72.895 E.05727
G1 X-22.035 Y74.006 E.14771
G1 X-22.948 Y74.919 E.06074
G1 X-24.026 Y77.767 E.14316
G1 X-29.902 Y77.767 E.27632
G1 X-28.824 Y74.919 E.14316
G1 X-27.911 Y74.006 E.06074
G1 X-24.973 Y72.895 E.14771
G1 X-24.112 Y72.033 E.05727
G1 X-29.988 Y72.033 E.27632
G1 X-30.849 Y72.895 E.05727
G1 X-33.787 Y74.006 E.14771
G1 X-34.7 Y74.919 E.06074
G1 X-35.778 Y77.767 E.14316
G1 X-37.867 Y77.767 E.09824
G1 X-37.867 Y77.547 E.01031
G1 X-32.133 Y69.813 F30000
G1 F6000
G1 X-32.133 Y67.504 E.10855
G1 X-33.787 Y68.13 E.08315
G1 X-34.7 Y69.043 E.06074
G1 X-35.812 Y71.981 E.14771
G1 X-36.725 Y72.895 E.06074
G1 X-37.867 Y73.326 E.05739
G1 X-37.867 Y67.45 E.27632
G1 X-36.725 Y67.018 E.05739
G1 X-35.812 Y66.105 E.06074
G1 X-34.7 Y63.167 E.14771
G1 X-33.787 Y62.254 E.06074
G1 X-32.133 Y61.628 E.08315
G1 X-32.133 Y63.937 E.10855
G1 X-37.867 Y59.266 F30000
G1 F6000
G1 X-37.867 Y61.574 E.10855
G1 X-36.725 Y61.142 E.05739
G1 X-35.812 Y60.229 E.06074
G1 X-34.7 Y57.291 E.14771
G1 X-33.787 Y56.378 E.06074
G1 X-32.133 Y55.752 E.08315
G1 X-32.133 Y49.876 E.27632
G1 X-33.787 Y50.502 E.08315
G1 X-34.7 Y51.415 E.06074
G1 X-35.812 Y54.353 E.14771
G1 X-36.725 Y55.266 E.06074
G1 X-37.867 Y55.698 E.05739
G1 X-37.867 Y49.822 E.27632
G1 X-36.725 Y49.39 E.05739
G1 X-35.812 Y48.477 E.06074
G1 X-34.7 Y45.539 E.14771
G1 X-33.787 Y44.626 E.06074
G1 X-32.133 Y44 E.08315
G1 X-32.133 Y38.124 E.27632
G1 X-33.787 Y38.75 E.08315
G1 X-34.7 Y39.663 E.06074
G1 X-35.812 Y42.601 E.14771
G1 X-36.725 Y43.514 E.06074
G1 X-37.867 Y43.946 E.05739
G1 X-37.867 Y41.638 E.10855
G1 X-32.133 Y34.557 F30000
G1 F6000
G1 X-32.133 Y32.248 E.10855
G1 X-33.787 Y32.874 E.08315
G1 X-34.7 Y33.787 E.06074
G1 X-35.812 Y36.725 E.14771
G1 X-36.725 Y37.638 E.06074
G1 X-37.867 Y38.07 E.05739
G1 X-37.867 Y32.194 E.27632
G1 X-36.725 Y31.762 E.05739
G1 X-35.812 Y30.849 E.06074
G1 X-34.7 Y27.911 E.14771
G1 X-33.787 Y26.998 E.06074
G1 X-32.133 Y26.372 E.08315
G1 X-32.133 Y20.496 E.27632
G1 X-33.787 Y21.122 E.08315
G1 X-34.7 Y22.035 E.06074
G1 X-35.812 Y24.973 E.14771
G1 X-36.725 Y25.886 E.06074
G1 X-37.867 Y26.318 E.05739
G1 X-37.867 Y24.01 E.10855
G1 X-32.133 Y16.928 F30000
G1 F6000
G1 X-32.133 Y14.62 E.10855
G1 X-33.787 Y15.246 E.08315
G1 X-34.7 Y16.159 E.06074
G1 X-35.812 Y19.097 E.14771
G1 X-36.725 Y20.01 E.06074
G1 X-37.867 Y20.442 E.05739
G1 X-37.867 Y14.566 E.27632
G1 X-36.725 Y14.134 E.05739
G1 X-35.812 Y13.221 E.06074
G1 X-34.7 Y10.283 E.14771
G1 X-33.787 Y9.37 E.06074
G1 X-32.133 Y8.744 E.08315
G1 X-32.133 Y11.052 E.10855
G1 X-37.867 Y6.382 F30000
G1 F6000
G1 X-37.867 Y8.69 E.10855
G1 X-36.725 Y8.258 E.05739
G1 X-35.812 Y7.345 E.06074
G1 X-34.7 Y4.407 E.14771
G1 X-33.787 Y3.494 E.06074
G1 X-32.133 Y2.868 E.08315
G1 X-32.133 Y-3.008 E.27632
G1 X-33.787 Y-2.382 E.08315
G1 X-34.7 Y-1.469 E.06074
G1 X-35.812 Y1.469 E.14771
G1 X-36.725 Y2.382 E.06074
G1 X-37.867 Y2.814 E.05739
G1 X-37.867 Y-3.062 E.27632
G1 X-36.725 Y-3.494 E.05739
G1 X-35.812 Y-4.407 E.06074
G1 X-34.7 Y-7.345 E.14771
G1 X-33.787 Y-8.258 E.06074
G1 X-32.133 Y-8.884 E.08315
G1 X-32.133 Y-14.76 E.27632
G1 X-33.787 Y-14.134 E.08315
G1 X-34.7 Y-13.221 E.06074
G1 X-35.812 Y-10.283 E.14771
G1 X-36.725 Y-9.37 E.06074
G1 X-37.867 Y-8.938 E.05739
G1 X-37.867 Y-14.814 E.27632
G1 X-36.725 Y-15.246 E.05739
G1 X-35.812 Y-16.159 E.06074
G1 X-34.7 Y-19.097 E.14771
G1 X-33.787 Y-20.01 E.06074
M73 P54 R11
G1 X-32.133 Y-20.636 E.08315
G1 X-32.133 Y-26.512 E.27632
G1 X-33.787 Y-25.886 E.08315
G1 X-34.7 Y-24.973 E.06074
G1 X-35.812 Y-22.035 E.14771
G1 X-36.725 Y-21.122 E.06074
G1 X-37.867 Y-20.69 E.05739
G1 X-37.867 Y-26.566 E.27632
G1 X-36.725 Y-26.998 E.05739
G1 X-35.812 Y-27.911 E.06074
G1 X-34.7 Y-30.849 E.14771
G1 X-33.787 Y-31.762 E.06074
G1 X-32.133 Y-32.388 E.08315
G1 X-32.133 Y-38.264 E.27632
G1 X-33.787 Y-37.638 E.08315
G1 X-34.7 Y-36.725 E.06074
G1 X-35.812 Y-33.787 E.14771
G1 X-36.725 Y-32.874 E.06074
G1 X-37.867 Y-32.442 E.05739
G1 X-37.867 Y-38.318 E.27632
G1 X-36.725 Y-38.75 E.05739
G1 X-35.812 Y-39.663 E.06074
G1 X-34.7 Y-42.601 E.14771
G1 X-33.787 Y-43.514 E.06074
G1 X-32.133 Y-44.14 E.08315
G1 X-32.133 Y-50.016 E.27632
G1 X-33.787 Y-49.39 E.08315
G1 X-34.7 Y-48.477 E.06074
G1 X-35.812 Y-45.539 E.14771
G1 X-36.725 Y-44.626 E.06074
G1 X-37.867 Y-44.194 E.05739
G1 X-37.867 Y-46.502 E.10855
G1 X-32.133 Y-53.584 F30000
G1 F6000
G1 X-32.133 Y-55.892 E.10855
G1 X-33.787 Y-55.266 E.08315
G1 X-34.7 Y-54.353 E.06074
G1 X-35.812 Y-51.415 E.14771
G1 X-36.725 Y-50.502 E.06074
G1 X-37.867 Y-50.07 E.05739
M73 P54 R10
G1 X-37.867 Y-55.946 E.27632
G1 X-36.725 Y-56.378 E.05739
G1 X-35.812 Y-57.291 E.06074
G1 X-34.7 Y-60.229 E.14771
G1 X-33.787 Y-61.142 E.06074
G1 X-32.133 Y-61.768 E.08315
G1 X-32.133 Y-67.644 E.27632
G1 X-33.787 Y-67.019 E.08315
G1 X-34.7 Y-66.105 E.06074
G1 X-35.812 Y-63.167 E.14771
G1 X-36.725 Y-62.254 E.06074
G1 X-37.867 Y-61.822 E.05739
G1 X-37.867 Y-67.698 E.27632
G1 X-36.725 Y-68.13 E.05739
G1 X-35.812 Y-69.043 E.06074
G1 X-35.175 Y-70.727 E.08468
G1 X-35 Y-70.699 E.00832
G1 X-34.417 Y-70.793 E.02776
G1 X-33.756 Y-71.084 E.03394
G1 X-33.042 Y-71.484 E.03852
G1 X-31.901 Y-72.903 F30000
;TYPE:Gap infill
;WIDTH:0.848502
G1 F9000
G1 X-31.901 Y-78.401 E.36092
G1 E-1.2 F2100
;WIPE_START
G1 F9000
G1 X-31.901 Y-76.401
;WIPE_END
G1 X-38.099 Y-78.401 Z5 F30000
G1 Z4.6
G1 E1.2 F2100
G1 F9000
G1 X-38.099 Y-72.903 E.36092
G1 E-1.2 F2100
;WIPE_START
G1 F9000
G1 X-38.099 Y-74.903
;WIPE_END
G1 X-34.555 Y-68.143 Z5 F30000
G1 X37.867 Y70.006 Z5
G1 Z4.6
G1 E1.2 F2100
;TYPE:Sparse infill
;WIDTH:0.62
G1 F6000
G1 X37.867 Y67.698 E.10855
G1 X36.725 Y68.13 E.05739
G1 X35.812 Y69.043 E.06074
G1 X34.7 Y71.981 E.14771
G1 X33.787 Y72.895 E.06074
G1 X30.849 Y74.006 E.14771
G1 X29.936 Y74.919 E.06074
G1 X28.859 Y77.767 E.14316
G1 X34.735 Y77.767 E.27632
G1 X35.812 Y74.919 E.14316
G1 X36.725 Y74.006 E.06074
G1 X37.867 Y73.574 E.05739
G1 X37.867 Y75.882 E.10855
;LAYER_CHANGE
;Z:4.8
;HEIGHT:0.2
;BEFORE_LAYER_CHANGE
;4.8
G1 E-1.2 F2100
;WIPE_START
G1 F6000
G1 X37.867 Y73.882
;WIPE_END
;AFTER_LAYER_CHANGE
;4.8
;_SET_FAN_SPEED_CHANGING_LAYER
G17
G3 Z5.2 I1.217 J0 P1  F30000
G1 X37.862 Y-72.433 Z5.2
G1 Z4.8
G1 E1.2 F2100
SET_VELOCITY_LIMIT ACCEL=5000
;TYPE:Inner wall
G1 F9000
G1 X38.213 Y-72.63 E.01893
G1 X38.213 Y78.113 E7.08862
G1 X-38.213 Y78.113 E3.5939
G1 X-38.213 Y-72.63 E7.08862
G1 X-36.449 Y-71.642 E.09509
G1 X-35.946 Y-71.4 E.0262
G1 X-35.601 Y-71.273 E.01731
G1 X-35.297 Y-71.202 E.0147
G1 X-35 Y-71.179 E.014
G1 X-34.703 Y-71.202 E.014
G1 X-34.399 Y-71.273 E.0147
G1 X-34.054 Y-71.4 E.01731
G1 X-33.551 Y-71.642 E.02619
G1 X-31.787 Y-72.63 E.09509
G1 X-31.787 Y71.687 E6.78645
G1 X31.787 Y71.687 E2.98955
G1 X31.787 Y-72.63 E6.78645
G1 X33.551 Y-71.642 E.09509
G1 X34.054 Y-71.4 E.02619
G1 X34.399 Y-71.273 E.01731
G1 X34.703 Y-71.202 E.0147
G1 X35 Y-71.179 E.014
G1 X35.297 Y-71.202 E.014
G1 X35.601 Y-71.273 E.0147
G1 X35.946 Y-71.4 E.01731
G1 X36.449 Y-71.642 E.0262
G1 X37.83 Y-72.415 E.07447
SET_VELOCITY_LIMIT ACCEL=10000
G1 X37.369 Y-72.818 F30000
SET_VELOCITY_LIMIT ACCEL=5000
;TYPE:Outer wall
G1 F7200
G1 X37.369 Y-78.69 E.27612
G1 X38.79 Y-78.69 E.06684
G1 X38.79 Y78.69 E7.40074
G1 X-38.79 Y78.69 E3.64817
G1 X-38.79 Y-78.69 E7.40074
G1 X-37.369 Y-78.69 E.06684
G1 X-37.369 Y-72.818 E.27612
G1 X-36.182 Y-72.154 E.06394
G1 X-35.721 Y-71.932 E.02406
G1 X-35.435 Y-71.827 E.01432
G1 X-35.208 Y-71.774 E.01097
G1 X-35 Y-71.758 E.00982
G1 X-34.792 Y-71.774 E.00982
G1 X-34.565 Y-71.827 E.01097
G1 X-34.279 Y-71.932 E.01432
G1 X-33.818 Y-72.154 E.02406
G1 X-32.631 Y-72.818 E.06394
G1 X-32.631 Y-78.69 E.27612
G1 X-31.21 Y-78.69 E.06684
G1 X-31.21 Y71.11 E7.0443
G1 X31.21 Y71.11 E2.93528
G1 X31.21 Y-78.69 E7.0443
M73 P55 R10
G1 X32.631 Y-78.69 E.06684
G1 X32.631 Y-72.818 E.27612
G1 X33.818 Y-72.154 E.06394
G1 X34.279 Y-71.932 E.02406
G1 X34.565 Y-71.827 E.01432
G1 X34.792 Y-71.774 E.01097
G1 X35 Y-71.758 E.00982
G1 X35.208 Y-71.774 E.00982
G1 X35.435 Y-71.827 E.01097
G1 X35.721 Y-71.932 E.01432
G1 X36.182 Y-72.154 E.02406
G1 X37.337 Y-72.801 E.06225
SET_VELOCITY_LIMIT ACCEL=10000
G1 X38.079 Y-72.886 F30000
;TYPE:Gap infill
;WIDTH:0.887136
G1 F8883.983
G1 X38.079 Y-78.401 E.37946
G1 E-1.2 F2100
;WIPE_START
G1 F8883.983
G1 X38.079 Y-76.401
;WIPE_END
G1 X31.921 Y-78.401 Z5.2 F30000
G1 Z4.8
G1 E1.2 F2100
G1 F8883.983
G1 X31.921 Y-72.886 E.37946
G1 X33.295 Y-71.388 F30000
;TYPE:Sparse infill
;WIDTH:0.62
G1 F6000
G1 X33.918 Y-71.081 E.03268
G1 X34.299 Y-70.941 E.0191
G1 X34.65 Y-70.859 E.01693
G1 X35 Y-70.831 E.0165
G1 X35.35 Y-70.859 E.0165
G1 X35.491 Y-70.892 E.00683
G1 X34.347 Y-69.043 E.10224
G1 X33.787 Y-68.483 E.03722
G1 X32.133 Y-67.46 E.09146
G1 X32.133 Y-61.584 E.27632
G1 X33.787 Y-62.607 E.09146
G1 X34.347 Y-63.167 E.03722
G1 X36.165 Y-66.105 E.16248
G1 X36.725 Y-66.665 E.03722
G1 X37.867 Y-67.372 E.06313
G1 X37.867 Y-61.496 E.27632
G1 X36.725 Y-60.789 E.06313
G1 X36.165 Y-60.229 E.03722
G1 X34.347 Y-57.291 E.16248
G1 X33.787 Y-56.731 E.03722
G1 X32.133 Y-55.708 E.09146
G1 X32.133 Y-58.016 E.10855
G1 X37.867 Y-53.311 F30000
G1 F6000
G1 X37.867 Y-55.619 E.10855
G1 X36.725 Y-54.913 E.06313
G1 X36.165 Y-54.353 E.03722
G1 X34.347 Y-51.415 E.16248
G1 X33.787 Y-50.855 E.03722
G1 X32.133 Y-49.832 E.09146
G1 X32.133 Y-43.956 E.27632
G1 X33.787 Y-44.979 E.09146
G1 X34.347 Y-45.539 E.03722
G1 X36.165 Y-48.477 E.16248
G1 X36.725 Y-49.037 E.03722
G1 X37.867 Y-49.743 E.06313
G1 X37.867 Y-43.867 E.27632
G1 X36.725 Y-43.161 E.06313
G1 X36.165 Y-42.601 E.03722
G1 X34.347 Y-39.663 E.16248
G1 X33.787 Y-39.103 E.03722
G1 X32.133 Y-38.08 E.09146
G1 X32.133 Y-32.204 E.27632
G1 X33.787 Y-33.227 E.09146
G1 X34.347 Y-33.787 E.03722
G1 X36.165 Y-36.725 E.16248
G1 X36.725 Y-37.285 E.03722
G1 X37.867 Y-37.991 E.06313
G1 X37.867 Y-32.115 E.27632
G1 X36.725 Y-31.409 E.06313
G1 X36.165 Y-30.849 E.03722
G1 X34.347 Y-27.911 E.16248
G1 X33.787 Y-27.351 E.03722
G1 X32.133 Y-26.328 E.09146
G1 X32.133 Y-20.452 E.27632
G1 X33.787 Y-21.475 E.09146
G1 X34.347 Y-22.035 E.03722
G1 X36.165 Y-24.973 E.16248
G1 X36.725 Y-25.533 E.03722
G1 X37.867 Y-26.239 E.06313
G1 X37.867 Y-23.931 E.10855
G1 X32.133 Y-16.884 F30000
G1 F6000
G1 X32.133 Y-14.576 E.10855
G1 X33.787 Y-15.599 E.09146
G1 X34.347 Y-16.159 E.03722
G1 X36.165 Y-19.097 E.16248
G1 X36.725 Y-19.657 E.03722
G1 X37.867 Y-20.363 E.06313
G1 X37.867 Y-14.487 E.27632
G1 X36.725 Y-13.781 E.06313
G1 X36.165 Y-13.221 E.03722
G1 X34.347 Y-10.283 E.16248
G1 X33.787 Y-9.723 E.03722
G1 X32.133 Y-8.7 E.09146
G1 X32.133 Y-2.824 E.27632
G1 X33.787 Y-3.847 E.09146
G1 X34.347 Y-4.407 E.03722
G1 X36.165 Y-7.345 E.16248
G1 X36.725 Y-7.905 E.03722
G1 X37.867 Y-8.611 E.06313
G1 X37.867 Y-2.735 E.27632
G1 X36.725 Y-2.029 E.06313
G1 X36.165 Y-1.469 E.03722
G1 X34.347 Y1.469 E.16248
G1 X33.787 Y2.029 E.03722
G1 X32.133 Y3.052 E.09146
G1 X32.133 Y8.928 E.27632
G1 X33.787 Y7.905 E.09146
G1 X34.347 Y7.345 E.03722
G1 X36.165 Y4.407 E.16248
G1 X36.725 Y3.847 E.03722
G1 X37.867 Y3.141 E.06313
G1 X37.867 Y9.017 E.27632
G1 X36.725 Y9.723 E.06313
G1 X36.165 Y10.283 E.03722
G1 X34.347 Y13.221 E.16248
G1 X33.787 Y13.781 E.03722
G1 X32.133 Y14.804 E.09146
G1 X32.133 Y20.68 E.27632
G1 X33.787 Y19.657 E.09146
G1 X34.347 Y19.097 E.03722
G1 X36.165 Y16.159 E.16248
G1 X36.725 Y15.599 E.03722
G1 X37.867 Y14.893 E.06313
G1 X37.867 Y17.201 E.10855
G1 X32.133 Y24.248 F30000
G1 F6000
G1 X32.133 Y26.556 E.10855
G1 X33.787 Y25.533 E.09146
G1 X34.347 Y24.973 E.03722
G1 X36.165 Y22.035 E.16248
G1 X36.725 Y21.475 E.03722
G1 X37.867 Y20.769 E.06313
G1 X37.867 Y26.645 E.27632
G1 X36.725 Y27.351 E.06313
G1 X36.165 Y27.911 E.03722
G1 X34.347 Y30.849 E.16248
G1 X33.787 Y31.409 E.03722
G1 X32.133 Y32.432 E.09146
G1 X32.133 Y38.308 E.27632
G1 X33.787 Y37.285 E.09146
G1 X34.347 Y36.725 E.03722
G1 X36.165 Y33.787 E.16248
G1 X36.725 Y33.227 E.03722
G1 X37.867 Y32.521 E.06313
G1 X37.867 Y38.397 E.27632
G1 X36.725 Y39.103 E.06313
G1 X36.165 Y39.663 E.03722
G1 X34.347 Y42.601 E.16248
G1 X33.787 Y43.161 E.03722
G1 X32.133 Y44.184 E.09146
G1 X32.133 Y50.061 E.27632
G1 X33.787 Y49.037 E.09146
G1 X34.347 Y48.477 E.03722
G1 X36.165 Y45.539 E.16248
G1 X36.725 Y44.979 E.03722
G1 X37.867 Y44.273 E.06313
G1 X37.867 Y50.149 E.27632
G1 X36.725 Y50.855 E.06313
G1 X36.165 Y51.415 E.03722
G1 X34.347 Y54.353 E.16248
G1 X33.787 Y54.913 E.03722
G1 X32.133 Y55.937 E.09146
G1 X32.133 Y53.628 E.10855
G1 X37.867 Y53.717 F30000
G1 F6000
G1 X37.867 Y56.025 E.10855
G1 X36.725 Y56.731 E.06313
G1 X36.165 Y57.291 E.03722
G1 X34.347 Y60.229 E.16248
G1 X33.787 Y60.789 E.03722
G1 X32.133 Y61.813 E.09146
G1 X32.133 Y67.689 E.27632
G1 X33.787 Y66.665 E.09146
G1 X34.347 Y66.105 E.03722
G1 X36.165 Y63.167 E.16248
G1 X36.725 Y62.607 E.03722
G1 X37.867 Y61.901 E.06313
G1 X37.867 Y64.209 E.10855
G1 X36.711 Y77.767 F30000
G1 F6000
G1 X34.403 Y77.767 E.10855
G1 X36.165 Y74.919 E.15747
G1 X36.725 Y74.359 E.03722
G1 X37.867 Y73.653 E.06313
G1 X37.867 Y67.777 E.27632
G1 X36.725 Y68.483 E.06313
G1 X36.165 Y69.043 E.03722
G1 X34.347 Y71.981 E.16248
G1 X33.787 Y72.541 E.03722
G1 X30.849 Y74.359 E.16248
G1 X30.289 Y74.919 E.03722
G1 X28.527 Y77.767 E.15747
G1 X22.651 Y77.767 E.27632
G1 X24.413 Y74.919 E.15747
G1 X24.973 Y74.359 E.03722
G1 X27.911 Y72.541 E.16248
G1 X28.419 Y72.033 E.03376
G1 X22.543 Y72.033 E.27632
G1 X22.035 Y72.541 E.03376
G1 X19.097 Y74.359 E.16248
G1 X18.537 Y74.919 E.03722
G1 X16.775 Y77.767 E.15747
G1 X10.899 Y77.767 E.27632
G1 X12.661 Y74.919 E.15747
G1 X13.221 Y74.359 E.03722
G1 X16.159 Y72.541 E.16248
G1 X16.667 Y72.033 E.03376
G1 X10.791 Y72.033 E.27632
G1 X10.283 Y72.541 E.03376
G1 X7.345 Y74.359 E.16248
G1 X6.785 Y74.919 E.03722
G1 X5.023 Y77.767 E.15747
G1 X-.853 Y77.767 E.27632
G1 X.909 Y74.919 E.15747
G1 X1.469 Y74.359 E.03722
G1 X4.407 Y72.541 E.16248
G1 X4.915 Y72.033 E.03376
G1 X-.961 Y72.033 E.27632
G1 X-1.469 Y72.541 E.03376
G1 X-4.407 Y74.359 E.16248
G1 X-4.967 Y74.919 E.03722
G1 X-6.729 Y77.767 E.15747
G1 X-12.605 Y77.767 E.27632
G1 X-10.843 Y74.919 E.15747
G1 X-10.283 Y74.359 E.03722
G1 X-7.345 Y72.541 E.16248
G1 X-6.837 Y72.033 E.03376
G1 X-12.713 Y72.033 E.27632
G1 X-13.221 Y72.541 E.03376
G1 X-16.159 Y74.359 E.16248
G1 X-16.719 Y74.919 E.03722
G1 X-18.481 Y77.767 E.15747
G1 X-20.79 Y77.767 E.10855
G1 X-16.281 Y72.033 F30000
G1 F6000
G1 X-18.589 Y72.033 E.10855
G1 X-19.097 Y72.541 E.03376
G1 X-22.035 Y74.359 E.16248
G1 X-22.595 Y74.919 E.03722
G1 X-24.357 Y77.767 E.15747
G1 X-30.233 Y77.767 E.27632
G1 X-28.471 Y74.919 E.15747
G1 X-27.911 Y74.359 E.03722
G1 X-24.973 Y72.541 E.16248
G1 X-24.465 Y72.033 E.03376
G1 X-30.341 Y72.033 E.27632
G1 X-30.849 Y72.541 E.03376
G1 X-33.787 Y74.359 E.16248
G1 X-34.347 Y74.919 E.03722
G1 X-36.109 Y77.767 E.15747
G1 X-37.867 Y77.767 E.08264
G1 X-37.867 Y77.216 E.02591
G1 X-32.133 Y69.768 F30000
G1 F6000
G1 X-32.133 Y67.46 E.10855
G1 X-33.787 Y68.483 E.09146
G1 X-34.347 Y69.043 E.03722
G1 X-36.165 Y71.981 E.16248
G1 X-36.725 Y72.541 E.03722
G1 X-37.867 Y73.248 E.06313
G1 X-37.867 Y67.372 E.27632
G1 X-36.725 Y66.665 E.06313
G1 X-36.165 Y66.105 E.03722
G1 X-34.347 Y63.167 E.16248
G1 X-33.787 Y62.607 E.03722
G1 X-32.133 Y61.584 E.09146
G1 X-32.133 Y55.708 E.27632
G1 X-33.787 Y56.731 E.09146
G1 X-34.347 Y57.291 E.03722
G1 X-36.165 Y60.229 E.16248
G1 X-36.725 Y60.789 E.03722
G1 X-37.867 Y61.496 E.06313
G1 X-37.867 Y55.619 E.27632
G1 X-36.725 Y54.913 E.06313
G1 X-36.165 Y54.353 E.03722
G1 X-34.347 Y51.415 E.16248
G1 X-33.787 Y50.855 E.03722
G1 X-32.133 Y49.832 E.09146
G1 X-32.133 Y43.956 E.27632
G1 X-33.787 Y44.979 E.09146
G1 X-34.347 Y45.539 E.03722
G1 X-36.165 Y48.477 E.16248
G1 X-36.725 Y49.037 E.03722
G1 X-37.867 Y49.743 E.06313
G1 X-37.867 Y43.867 E.27632
G1 X-36.725 Y43.161 E.06313
G1 X-36.165 Y42.601 E.03722
G1 X-34.347 Y39.663 E.16248
G1 X-33.787 Y39.103 E.03722
G1 X-32.133 Y38.08 E.09146
G1 X-32.133 Y32.204 E.27632
G1 X-33.787 Y33.227 E.09146
G1 X-34.347 Y33.787 E.03722
G1 X-36.165 Y36.725 E.16248
G1 X-36.725 Y37.285 E.03722
G1 X-37.867 Y37.991 E.06313
G1 X-37.867 Y32.115 E.27632
G1 X-36.725 Y31.409 E.06313
G1 X-36.165 Y30.849 E.03722
G1 X-34.347 Y27.911 E.16248
G1 X-33.787 Y27.351 E.03722
G1 X-32.133 Y26.328 E.09146
G1 X-32.133 Y20.452 E.27632
G1 X-33.787 Y21.475 E.09146
G1 X-34.347 Y22.035 E.03722
G1 X-36.165 Y24.973 E.16248
G1 X-36.725 Y25.533 E.03722
G1 X-37.867 Y26.239 E.06313
G1 X-37.867 Y20.363 E.27632
G1 X-36.725 Y19.657 E.06313
G1 X-36.165 Y19.097 E.03722
G1 X-34.347 Y16.159 E.16248
G1 X-33.787 Y15.599 E.03722
G1 X-32.133 Y14.576 E.09146
G1 X-32.133 Y8.7 E.27632
G1 X-33.787 Y9.723 E.09146
G1 X-34.347 Y10.283 E.03722
G1 X-36.165 Y13.221 E.16248
G1 X-36.725 Y13.781 E.03722
G1 X-37.867 Y14.487 E.06313
G1 X-37.867 Y8.611 E.27632
G1 X-36.725 Y7.905 E.06313
G1 X-36.165 Y7.345 E.03722
G1 X-34.347 Y4.407 E.16248
G1 X-33.787 Y3.847 E.03722
G1 X-32.133 Y2.824 E.09146
G1 X-32.133 Y-3.052 E.27632
G1 X-33.787 Y-2.029 E.09146
G1 X-34.347 Y-1.469 E.03722
G1 X-36.165 Y1.469 E.16248
G1 X-36.725 Y2.029 E.03722
G1 X-37.867 Y2.735 E.06313
G1 X-37.867 Y.427 E.10855
G1 X-32.133 Y-6.62 F30000
G1 F6000
G1 X-32.133 Y-8.928 E.10855
G1 X-33.787 Y-7.905 E.09146
G1 X-34.347 Y-7.345 E.03722
G1 X-36.165 Y-4.407 E.16248
G1 X-36.725 Y-3.847 E.03722
G1 X-37.867 Y-3.141 E.06313
G1 X-37.867 Y-9.017 E.27632
G1 X-36.725 Y-9.723 E.06313
G1 X-36.165 Y-10.283 E.03722
G1 X-34.347 Y-13.221 E.16248
G1 X-33.787 Y-13.781 E.03722
G1 X-32.133 Y-14.804 E.09146
G1 X-32.133 Y-20.68 E.27632
G1 X-33.787 Y-19.657 E.09146
G1 X-34.347 Y-19.097 E.03722
G1 X-36.165 Y-16.159 E.16248
G1 X-36.725 Y-15.599 E.03722
G1 X-37.867 Y-14.893 E.06313
G1 X-37.867 Y-20.769 E.27632
G1 X-36.725 Y-21.475 E.06313
G1 X-36.165 Y-22.035 E.03722
G1 X-34.347 Y-24.973 E.16248
G1 X-33.787 Y-25.533 E.03722
G1 X-32.133 Y-26.556 E.09146
G1 X-32.133 Y-32.432 E.27632
G1 X-33.787 Y-31.409 E.09146
G1 X-34.347 Y-30.849 E.03722
G1 X-36.165 Y-27.911 E.16248
G1 X-36.725 Y-27.351 E.03722
G1 X-37.867 Y-26.645 E.06313
G1 X-37.867 Y-32.521 E.27632
G1 X-36.725 Y-33.227 E.06313
G1 X-36.165 Y-33.787 E.03722
G1 X-34.347 Y-36.725 E.16248
G1 X-33.787 Y-37.285 E.03722
G1 X-32.133 Y-38.308 E.09146
G1 X-32.133 Y-44.184 E.27632
G1 X-33.787 Y-43.161 E.09146
G1 X-34.347 Y-42.601 E.03722
G1 X-36.165 Y-39.663 E.16248
G1 X-36.725 Y-39.103 E.03722
G1 X-37.867 Y-38.397 E.06313
G1 X-37.867 Y-44.273 E.27632
G1 X-36.725 Y-44.979 E.06313
G1 X-36.165 Y-45.539 E.03722
G1 X-34.347 Y-48.477 E.16248
G1 X-33.787 Y-49.037 E.03722
G1 X-32.133 Y-50.061 E.09146
G1 X-32.133 Y-55.937 E.27632
G1 X-33.787 Y-54.913 E.09146
G1 X-34.347 Y-54.353 E.03722
G1 X-36.165 Y-51.415 E.16248
G1 X-36.725 Y-50.855 E.03722
G1 X-37.867 Y-50.149 E.06313
G1 X-37.867 Y-56.025 E.27632
G1 X-36.725 Y-56.731 E.06313
G1 X-36.165 Y-57.291 E.03722
G1 X-34.347 Y-60.229 E.16248
G1 X-33.787 Y-60.789 E.03722
G1 X-32.133 Y-61.813 E.09146
G1 X-32.133 Y-67.689 E.27632
G1 X-33.787 Y-66.665 E.09146
G1 X-34.347 Y-66.105 E.03722
G1 X-36.165 Y-63.167 E.16248
G1 X-36.725 Y-62.607 E.03722
G1 X-37.867 Y-61.901 E.06313
G1 X-37.867 Y-67.777 E.27632
G1 X-36.725 Y-68.483 E.06313
G1 X-36.165 Y-69.043 E.03722
G1 X-35.056 Y-70.836 E.09914
G1 X-34.65 Y-70.859 E.0191
G1 X-34.299 Y-70.941 E.01693
G1 X-33.918 Y-71.081 E.0191
G1 X-33.392 Y-71.334 E.02747
G1 X-32.911 Y-71.603 E.02591
G1 X-31.921 Y-72.886 F30000
;TYPE:Gap infill
;WIDTH:0.887134
G1 F8884.003
G1 X-31.921 Y-78.401 E.37946
G1 E-1.2 F2100
;WIPE_START
G1 F8884.003
G1 X-31.921 Y-76.401
;WIPE_END
G1 X-38.079 Y-78.401 Z5.2 F30000
G1 Z4.8
G1 E1.2 F2100
;WIDTH:0.887136
G1 F8883.983
G1 X-38.079 Y-72.886 E.37946
;LAYER_CHANGE
;Z:5
;HEIGHT:0.2
;BEFORE_LAYER_CHANGE
;5
G1 E-1.2 F2100
;WIPE_START
G1 F8883.983
G1 X-38.079 Y-74.886
;WIPE_END
;AFTER_LAYER_CHANGE
;5
;_SET_FAN_SPEED_CHANGING_LAYER
G17
G3 Z5.4 I-.037 J1.216 P1  F30000
G1 X37.863 Y-72.576 Z5.4
G1 Z5
G1 E1.2 F2100
SET_VELOCITY_LIMIT ACCEL=5000
;TYPE:Inner wall
;WIDTH:0.62
G1 F9000
G1 X37.863 Y-78.113 E.26035
G1 X38.213 Y-78.113 E.01646
G1 X38.213 Y78.113 E7.34647
G1 X-38.213 Y78.113 E3.5939
M73 P56 R10
G1 X-38.213 Y-78.113 E7.34647
G1 X-37.863 Y-78.113 E.01646
G1 X-37.863 Y-72.48 E.26489
G1 X-36.795 Y-71.882 E.05756
G1 X-36.146 Y-71.57 E.03383
G1 X-35.717 Y-71.412 E.02155
G1 X-35.35 Y-71.327 E.01768
G1 X-35 Y-71.299 E.01652
G1 X-34.65 Y-71.327 E.01652
G1 X-34.283 Y-71.412 E.01768
G1 X-33.854 Y-71.57 E.02155
G1 X-33.205 Y-71.882 E.03383
G1 X-32.137 Y-72.48 E.05756
G1 X-32.137 Y-78.113 E.26489
G1 X-31.787 Y-78.113 E.01646
G1 X-31.787 Y71.687 E7.0443
G1 X31.787 Y71.687 E2.98955
G1 X31.787 Y-78.113 E7.0443
G1 X32.137 Y-78.113 E.01646
G1 X32.137 Y-72.48 E.26489
G1 X33.205 Y-71.882 E.05756
G1 X33.854 Y-71.57 E.03383
G1 X34.283 Y-71.412 E.02155
G1 X34.65 Y-71.327 E.01768
G1 X35 Y-71.299 E.01652
G1 X35.35 Y-71.327 E.01652
G1 X35.717 Y-71.412 E.01768
G1 X36.146 Y-71.57 E.02155
G1 X36.795 Y-71.882 E.03383
G1 X37.863 Y-72.48 E.05756
G1 X37.863 Y-72.54 E.00284
SET_VELOCITY_LIMIT ACCEL=10000
G1 X37.286 Y-72.818 F30000
SET_VELOCITY_LIMIT ACCEL=5000
;TYPE:Outer wall
G1 F7200
G1 X37.286 Y-78.69 E.27612
G1 X38.79 Y-78.69 E.07073
G1 X38.79 Y78.69 E7.40074
G1 X-38.79 Y78.69 E3.64817
G1 X-38.79 Y-78.69 E7.40074
G1 X-37.286 Y-78.69 E.07073
G1 X-37.286 Y-72.818 E.27612
G1 X-36.529 Y-72.394 E.04081
G1 X-35.921 Y-72.102 E.0317
G1 X-35.551 Y-71.966 E.01855
G1 X-35.262 Y-71.899 E.01395
G1 X-35 Y-71.878 E.01235
G1 X-34.738 Y-71.899 E.01235
G1 X-34.449 Y-71.966 E.01395
G1 X-34.079 Y-72.102 E.01855
G1 X-33.471 Y-72.394 E.0317
G1 X-32.714 Y-72.818 E.04081
G1 X-32.714 Y-78.69 E.27612
G1 X-31.21 Y-78.69 E.07073
G1 X-31.21 Y71.11 E7.0443
G1 X31.21 Y71.11 E2.93528
G1 X31.21 Y-78.69 E7.0443
G1 X32.714 Y-78.69 E.07073
G1 X32.714 Y-72.818 E.27612
G1 X33.471 Y-72.394 E.04081
G1 X34.079 Y-72.102 E.0317
G1 X34.449 Y-71.966 E.01855
G1 X34.738 Y-71.899 E.01395
G1 X35 Y-71.878 E.01235
G1 X35.262 Y-71.899 E.01235
G1 X35.551 Y-71.966 E.01395
G1 X35.921 Y-72.102 E.01855
G1 X36.529 Y-72.394 E.0317
G1 X37.254 Y-72.801 E.03911
SET_VELOCITY_LIMIT ACCEL=10000
G1 E-1.2 F2100
;WIPE_START
G1 F7200
G1 X37.265 Y-74.801
;WIPE_END
G1 X33.589 Y-71.313 Z5.4 F30000
G1 Z5
G1 E1.2 F2100
;TYPE:Sparse infill
G1 F6000
G1 X34.184 Y-71.079 E.03006
G1 X34.597 Y-70.984 E.01992
G1 X35 Y-70.952 E.01903
G1 X35.403 Y-70.984 E.01903
G1 X35.827 Y-71.083 E.02048
G1 X32.133 Y-67.389 E.24566
G1 X32.133 Y-61.513 E.27632
G1 X37.867 Y-67.247 E.38128
G1 X37.867 Y-61.371 E.27632
G1 X32.133 Y-55.637 E.38128
G1 X32.133 Y-49.761 E.27632
G1 X37.867 Y-55.495 E.38128
G1 X37.867 Y-49.619 E.27632
G1 X32.133 Y-43.885 E.38128
G1 X32.133 Y-38.009 E.27632
G1 X37.867 Y-43.743 E.38128
G1 X37.867 Y-37.867 E.27632
G1 X32.133 Y-32.133 E.38128
G1 X32.133 Y-26.257 E.27632
G1 X37.867 Y-31.991 E.38128
G1 X37.867 Y-26.115 E.27632
G1 X32.133 Y-20.381 E.38128
G1 X32.133 Y-14.505 E.27632
G1 X37.867 Y-20.239 E.38128
G1 X37.867 Y-14.363 E.27632
G1 X32.133 Y-8.629 E.38128
G1 X32.133 Y-2.753 E.27632
G1 X37.867 Y-8.487 E.38128
G1 X37.867 Y-2.611 E.27632
G1 X32.133 Y3.123 E.38128
G1 X32.133 Y8.999 E.27632
G1 X37.867 Y3.265 E.38128
G1 X37.867 Y9.141 E.27632
G1 X32.133 Y14.875 E.38128
G1 X32.133 Y20.751 E.27632
G1 X37.867 Y15.017 E.38128
G1 X37.867 Y17.326 E.10855
M73 P57 R10
G1 X32.133 Y24.319 F30000
G1 F6000
G1 X32.133 Y26.627 E.10855
G1 X37.867 Y20.894 E.38128
G1 X37.867 Y26.77 E.27632
G1 X32.133 Y32.503 E.38128
G1 X32.133 Y30.195 E.10855
G1 X37.867 Y34.954 F30000
G1 F6000
G1 X37.867 Y32.646 E.10855
G1 X32.133 Y38.379 E.38128
G1 X32.133 Y44.255 E.27632
G1 X37.867 Y38.522 E.38128
G1 X37.867 Y44.398 E.27632
G1 X32.133 Y50.131 E.38128
G1 X32.133 Y56.007 E.27632
G1 X37.867 Y50.274 E.38128
G1 X37.867 Y52.582 E.10855
G1 X32.133 Y59.575 F30000
G1 F6000
G1 X32.133 Y61.883 E.10855
G1 X37.867 Y56.15 E.38128
G1 X37.867 Y62.026 E.27632
G1 X32.133 Y67.759 E.38128
G1 X32.133 Y72.033 E.201
G1 X27.859 Y72.033 E.201
G1 X22.126 Y77.767 E.38128
G1 X16.25 Y77.767 E.27632
G1 X21.983 Y72.033 E.38128
G1 X16.107 Y72.033 E.27632
G1 X10.374 Y77.767 E.38128
G1 X4.498 Y77.767 E.27632
G1 X10.231 Y72.033 E.38128
G1 X12.539 Y72.033 E.10855
G1 X.93 Y77.767 F30000
G1 F6000
G1 X-1.378 Y77.767 E.10855
G1 X4.355 Y72.033 E.38128
G1 X-1.521 Y72.033 E.27632
G1 X-7.254 Y77.767 E.38128
G1 X-13.13 Y77.767 E.27632
G1 X-7.397 Y72.033 E.38128
G1 X-13.273 Y72.033 E.27632
G1 X-19.007 Y77.767 E.38128
G1 X-24.883 Y77.767 E.27632
G1 X-19.149 Y72.033 E.38128
G1 X-25.025 Y72.033 E.27632
G1 X-30.759 Y77.767 E.38128
G1 X-36.635 Y77.767 E.27632
G1 X-30.901 Y72.033 E.38128
G1 X-28.593 Y72.033 E.10855
G1 X-37.867 Y70.814 F30000
G1 F6000
G1 X-37.867 Y73.123 E.10855
G1 X-32.133 Y67.389 E.38128
G1 X-32.133 Y61.513 E.27632
G1 X-37.867 Y67.247 E.38128
G1 X-37.867 Y61.371 E.27632
G1 X-32.133 Y55.637 E.38128
G1 X-32.133 Y49.761 E.27632
G1 X-37.867 Y55.495 E.38128
G1 X-37.867 Y53.186 E.10855
G1 X-32.133 Y46.194 F30000
G1 F6000
G1 X-32.133 Y43.885 E.10855
G1 X-37.867 Y49.619 E.38128
G1 X-37.867 Y43.743 E.27632
G1 X-32.133 Y38.009 E.38128
G1 X-32.133 Y32.133 E.27632
G1 X-37.867 Y37.867 E.38128
G1 X-37.867 Y31.991 E.27632
G1 X-32.133 Y26.257 E.38128
G1 X-32.133 Y28.566 E.10855
G1 X-37.867 Y23.806 F30000
G1 F6000
G1 X-37.867 Y26.115 E.10855
G1 X-32.133 Y20.381 E.38128
G1 X-32.133 Y14.505 E.27632
G1 X-37.867 Y20.239 E.38128
G1 X-37.867 Y14.363 E.27632
G1 X-32.133 Y8.629 E.38128
G1 X-32.133 Y2.753 E.27632
G1 X-37.867 Y8.487 E.38128
G1 X-37.867 Y2.611 E.27632
G1 X-32.133 Y-3.123 E.38128
G1 X-32.133 Y-8.999 E.27632
G1 X-37.867 Y-3.265 E.38128
G1 X-37.867 Y-9.141 E.27632
G1 X-32.133 Y-14.875 E.38128
G1 X-32.133 Y-20.751 E.27632
G1 X-37.867 Y-15.017 E.38128
G1 X-37.867 Y-20.894 E.27632
G1 X-32.133 Y-26.627 E.38128
G1 X-32.133 Y-32.503 E.27632
G1 X-37.867 Y-26.77 E.38128
G1 X-37.867 Y-32.646 E.27632
G1 X-32.133 Y-38.379 E.38128
G1 X-32.133 Y-44.255 E.27632
G1 X-37.867 Y-38.522 E.38128
G1 X-37.867 Y-44.398 E.27632
G1 X-32.133 Y-50.131 E.38128
G1 X-32.133 Y-56.007 E.27632
G1 X-37.867 Y-50.274 E.38128
G1 X-37.867 Y-52.582 E.10855
G1 X-32.133 Y-59.575 F30000
G1 F6000
G1 X-32.133 Y-61.883 E.10855
G1 X-37.867 Y-56.15 E.38128
G1 X-37.867 Y-62.026 E.27632
G1 X-32.133 Y-67.759 E.38128
G1 X-32.133 Y-72.085 E.20344
G1 X-33.045 Y-71.575 E.04915
G1 X-33.718 Y-71.251 E.03511
G1 X-34.184 Y-71.079 E.02334
G1 X-34.597 Y-70.984 E.01992
G1 X-34.801 Y-70.967 E.00964
G1 X-37.867 Y-67.902 E.20388
G1 X-37.867 Y-70.21 E.10855
G1 E-1.2 F2100
;WIPE_START
G1 F6000
G1 X-37.867 Y-68.21
;WIPE_END
G1 X-34.203 Y-61.514 Z5.4 F30000
G1 X37.867 Y70.21 Z5.4
G1 Z5
G1 E1.2 F2100
G1 F6000
G1 X37.867 Y67.902 E.10855
G1 X28.002 Y77.767 E.65605
G1 X33.878 Y77.767 E.27632
G1 X37.867 Y73.778 E.26528
G1 X37.867 Y76.086 E.10855
;LAYER_CHANGE
;Z:5.2
;HEIGHT:0.2
;BEFORE_LAYER_CHANGE
;5.2
G1 E-1.2 F2100
;WIPE_START
G1 F6000
G1 X37.867 Y74.086
;WIPE_END
;AFTER_LAYER_CHANGE
;5.2
;_SET_FAN_SPEED_CHANGING_LAYER
G17
G3 Z5.6 I1.217 J-.001 P1  F30000
G1 X37.78 Y-72.54 Z5.6
G1 Z5.2
G1 E1.2 F2100
SET_VELOCITY_LIMIT ACCEL=5000
;TYPE:Inner wall
G1 F9000
G1 X37.78 Y-78.113 E.26205
G1 X38.213 Y-78.113 E.02035
G1 X38.213 Y78.113 E7.34647
G1 X-38.213 Y78.113 E3.5939
G1 X-38.213 Y-78.113 E7.34647
G1 X-37.78 Y-78.113 E.02035
G1 X-37.78 Y-72.449 E.26633
G1 X-36.351 Y-71.742 E.07497
G1 X-35.832 Y-71.55 E.02602
G1 X-35.404 Y-71.451 E.02067
G1 X-35 Y-71.419 E.01905
G1 X-34.596 Y-71.451 E.01905
G1 X-34.168 Y-71.55 E.02067
G1 X-33.649 Y-71.742 E.02602
G1 X-32.22 Y-72.449 E.07497
G1 X-32.22 Y-78.113 E.26633
G1 X-31.787 Y-78.113 E.02035
G1 X-31.787 Y71.687 E7.0443
G1 X31.787 Y71.687 E2.98955
G1 X31.787 Y-78.113 E7.0443
G1 X32.22 Y-78.113 E.02035
M73 P58 R10
G1 X32.22 Y-72.449 E.26633
G1 X33.649 Y-71.742 E.07497
G1 X34.168 Y-71.55 E.02602
G1 X34.596 Y-71.451 E.02067
G1 X35 Y-71.419 E.01905
G1 X35.404 Y-71.451 E.01905
G1 X35.832 Y-71.55 E.02067
G1 X36.351 Y-71.742 E.02602
G1 X37.78 Y-72.449 E.07497
G1 X37.78 Y-72.504 E.00259
SET_VELOCITY_LIMIT ACCEL=10000
G1 X37.203 Y-72.808 F30000
SET_VELOCITY_LIMIT ACCEL=5000
;TYPE:Outer wall
G1 F7200
G1 X37.203 Y-78.69 E.27662
G1 X38.79 Y-78.69 E.07463
G1 X38.79 Y78.69 E7.40074
G1 X-38.79 Y78.69 E3.64817
G1 X-38.79 Y-78.69 E7.40074
G1 X-37.203 Y-78.69 E.07463
G1 X-37.203 Y-72.808 E.27662
G1 X-36.123 Y-72.273 E.05668
M73 P58 R9
G1 X-35.666 Y-72.104 E.02288
G1 X-35.315 Y-72.023 E.01694
G1 X-35 Y-71.998 E.01488
G1 X-34.685 Y-72.023 E.01488
G1 X-34.334 Y-72.104 E.01694
G1 X-33.877 Y-72.273 E.02288
G1 X-32.797 Y-72.808 E.05668
G1 X-32.797 Y-78.69 E.27662
G1 X-31.21 Y-78.69 E.07463
G1 X-31.21 Y71.11 E7.0443
G1 X31.21 Y71.11 E2.93528
G1 X31.21 Y-78.69 E7.0443
G1 X32.797 Y-78.69 E.07463
G1 X32.797 Y-72.808 E.27662
G1 X33.877 Y-72.273 E.05668
G1 X34.334 Y-72.104 E.02288
G1 X34.685 Y-72.023 E.01694
G1 X35 Y-71.998 E.01488
G1 X35.315 Y-72.023 E.01488
G1 X35.666 Y-72.104 E.01694
G1 X36.123 Y-72.273 E.02288
G1 X37.171 Y-72.792 E.05499
SET_VELOCITY_LIMIT ACCEL=10000
G1 E-1.2 F2100
;WIPE_START
G1 F7200
G1 X37.182 Y-74.792
;WIPE_END
G1 X33.725 Y-71.345 Z5.6 F30000
G1 Z5.2
G1 E1.2 F2100
;TYPE:Sparse infill
G1 F6000
G1 X34.068 Y-71.218 E.0172
G1 X34.543 Y-71.108 E.02291
G1 X35 Y-71.072 E.02155
G1 X35.457 Y-71.108 E.02155
G1 X35.98 Y-71.236 E.02531
G1 X32.133 Y-67.389 E.2558
G1 X32.133 Y-61.513 E.27632
G1 X37.867 Y-67.247 E.38128
G1 X37.867 Y-61.371 E.27632
G1 X32.133 Y-55.637 E.38128
G1 X32.133 Y-49.761 E.27632
G1 X37.867 Y-55.495 E.38128
G1 X37.867 Y-49.619 E.27632
G1 X32.133 Y-43.885 E.38128
G1 X32.133 Y-38.009 E.27632
G1 X37.867 Y-43.743 E.38128
G1 X37.867 Y-37.867 E.27632
G1 X32.133 Y-32.133 E.38128
G1 X32.133 Y-26.257 E.27632
G1 X37.867 Y-31.991 E.38128
G1 X37.867 Y-26.115 E.27632
G1 X32.133 Y-20.381 E.38128
G1 X32.133 Y-14.505 E.27632
G1 X37.867 Y-20.239 E.38128
G1 X37.867 Y-17.93 E.10855
G1 X32.133 Y-10.938 F30000
G1 F6000
G1 X32.133 Y-8.629 E.10855
G1 X37.867 Y-14.363 E.38128
G1 X37.867 Y-8.487 E.27632
G1 X32.133 Y-2.753 E.38128
G1 X32.133 Y3.123 E.27632
G1 X37.867 Y-2.611 E.38128
G1 X37.867 Y3.265 E.27632
G1 X32.133 Y8.999 E.38128
G1 X32.133 Y6.69 E.10855
G1 X37.867 Y11.45 F30000
G1 F6000
G1 X37.867 Y9.141 E.10855
G1 X32.133 Y14.875 E.38128
G1 X32.133 Y20.751 E.27632
G1 X37.867 Y15.017 E.38128
G1 X37.867 Y17.326 E.10855
G1 X32.133 Y24.319 F30000
G1 F6000
G1 X32.133 Y26.627 E.10855
G1 X37.867 Y20.894 E.38128
G1 X37.867 Y26.77 E.27632
G1 X32.133 Y32.503 E.38128
G1 X32.133 Y38.379 E.27632
G1 X37.867 Y32.646 E.38128
G1 X37.867 Y38.522 E.27632
G1 X32.133 Y44.255 E.38128
G1 X32.133 Y41.947 E.10855
G1 X37.867 Y46.706 F30000
G1 F6000
G1 X37.867 Y44.398 E.10855
G1 X32.133 Y50.131 E.38128
G1 X32.133 Y56.007 E.27632
G1 X37.867 Y50.274 E.38128
G1 X37.867 Y56.15 E.27632
G1 X32.133 Y61.883 E.38128
G1 X32.133 Y67.759 E.27632
G1 X37.867 Y62.026 E.38128
G1 X37.867 Y67.902 E.27632
G1 X28.002 Y77.767 E.65605
G1 X33.878 Y77.767 E.27632
G1 X37.867 Y73.778 E.26528
G1 X37.867 Y76.086 E.10855
G1 X30.167 Y72.033 F30000
G1 F6000
G1 X27.859 Y72.033 E.10855
G1 X22.126 Y77.767 E.38128
G1 X16.25 Y77.767 E.27632
G1 X21.983 Y72.033 E.38128
G1 X16.107 Y72.033 E.27632
G1 X10.374 Y77.767 E.38128
G1 X4.498 Y77.767 E.27632
G1 X10.231 Y72.033 E.38128
G1 X12.539 Y72.033 E.10855
G1 X.93 Y77.767 F30000
G1 F6000
G1 X-1.378 Y77.767 E.10855
G1 X4.355 Y72.033 E.38128
G1 X-1.521 Y72.033 E.27632
G1 X-7.254 Y77.767 E.38128
G1 X-13.13 Y77.767 E.27632
G1 X-7.397 Y72.033 E.38128
G1 X-13.273 Y72.033 E.27632
G1 X-19.007 Y77.767 E.38128
G1 X-21.315 Y77.767 E.10855
G1 X-16.841 Y72.033 F30000
G1 F6000
G1 X-19.149 Y72.033 E.10855
G1 X-24.883 Y77.767 E.38128
G1 X-30.759 Y77.767 E.27632
G1 X-25.025 Y72.033 E.38128
G1 X-30.901 Y72.033 E.27632
G1 X-36.635 Y77.767 E.38128
G1 X-37.867 Y77.767 E.05794
G1 X-37.867 Y73.123 E.21838
G1 X-32.133 Y67.389 E.38128
G1 X-32.133 Y61.513 E.27632
G1 X-37.867 Y67.247 E.38128
G1 X-37.867 Y61.371 E.27632
G1 X-32.133 Y55.637 E.38128
G1 X-32.133 Y49.761 E.27632
G1 X-37.867 Y55.495 E.38128
G1 X-37.867 Y53.186 E.10855
G1 X-32.133 Y46.194 F30000
G1 F6000
G1 X-32.133 Y43.885 E.10855
G1 X-37.867 Y49.619 E.38128
G1 X-37.867 Y43.743 E.27632
M73 P59 R9
G1 X-32.133 Y38.009 E.38128
G1 X-32.133 Y32.133 E.27632
G1 X-37.867 Y37.867 E.38128
G1 X-37.867 Y31.991 E.27632
G1 X-32.133 Y26.257 E.38128
G1 X-32.133 Y28.566 E.10855
G1 X-37.867 Y23.806 F30000
G1 F6000
G1 X-37.867 Y26.115 E.10855
G1 X-32.133 Y20.381 E.38128
G1 X-32.133 Y14.505 E.27632
G1 X-37.867 Y20.239 E.38128
G1 X-37.867 Y14.363 E.27632
G1 X-32.133 Y8.629 E.38128
G1 X-32.133 Y2.753 E.27632
G1 X-37.867 Y8.487 E.38128
G1 X-37.867 Y2.611 E.27632
G1 X-32.133 Y-3.123 E.38128
G1 X-32.133 Y-8.999 E.27632
G1 X-37.867 Y-3.265 E.38128
G1 X-37.867 Y-9.141 E.27632
G1 X-32.133 Y-14.875 E.38128
G1 X-32.133 Y-20.751 E.27632
G1 X-37.867 Y-15.017 E.38128
G1 X-37.867 Y-20.894 E.27632
G1 X-32.133 Y-26.627 E.38128
G1 X-32.133 Y-32.503 E.27632
G1 X-37.867 Y-26.77 E.38128
G1 X-37.867 Y-32.646 E.27632
G1 X-32.133 Y-38.379 E.38128
G1 X-32.133 Y-44.255 E.27632
G1 X-37.867 Y-38.522 E.38128
G1 X-37.867 Y-44.398 E.27632
G1 X-32.133 Y-50.131 E.38128
G1 X-32.133 Y-56.007 E.27632
G1 X-37.867 Y-50.274 E.38128
G1 X-37.867 Y-52.582 E.10855
G1 X-32.133 Y-59.575 F30000
G1 F6000
G1 X-32.133 Y-61.883 E.10855
G1 X-37.867 Y-56.15 E.38128
G1 X-37.867 Y-62.026 E.27632
G1 X-32.133 Y-67.759 E.38128
G1 X-32.133 Y-72.106 E.20441
G1 X-33.512 Y-71.424 E.07232
G1 X-34.068 Y-71.218 E.02791
G1 X-34.543 Y-71.108 E.02291
G1 X-34.67 Y-71.098 E.00601
G1 X-37.867 Y-67.902 E.21256
G1 X-37.867 Y-70.21 E.10855
;LAYER_CHANGE
;Z:5.4
;HEIGHT:0.2
;BEFORE_LAYER_CHANGE
;5.4
G1 E-1.2 F2100
;WIPE_START
G1 F6000
G1 X-37.867 Y-68.21
;WIPE_END
;AFTER_LAYER_CHANGE
;5.4
;_SET_FAN_SPEED_CHANGING_LAYER
G17
G3 Z5.8 I.068 J1.215 P1  F30000
G1 X37.572 Y-72.403 Z5.8
G1 Z5.4
G1 E1.2 F2100
SET_VELOCITY_LIMIT ACCEL=5000
;TYPE:Inner wall
G1 F9000
G1 X37.653 Y-72.442 E.00422
G1 X37.653 Y-78.113 E.26666
G1 X38.213 Y-78.113 E.02632
G1 X38.213 Y78.113 E7.34647
G1 X-38.213 Y78.113 E3.5939
G1 X-38.213 Y-78.113 E7.34647
G1 X-37.653 Y-78.113 E.02632
G1 X-37.653 Y-72.442 E.26666
G1 X-36.546 Y-71.91 E.05774
G1 X-35.948 Y-71.689 E.03002
G1 X-35.457 Y-71.576 E.02366
G1 X-35 Y-71.539 E.02158
G1 X-34.543 Y-71.576 E.02158
G1 X-34.052 Y-71.689 E.02366
G1 X-33.454 Y-71.91 E.03002
G1 X-32.347 Y-72.442 E.05774
G1 X-32.347 Y-78.113 E.26666
G1 X-31.787 Y-78.113 E.02632
G1 X-31.787 Y71.687 E7.0443
G1 X31.787 Y71.687 E2.98955
G1 X31.787 Y-78.113 E7.0443
G1 X32.347 Y-78.113 E.02632
G1 X32.347 Y-72.442 E.26666
G1 X33.454 Y-71.91 E.05774
G1 X34.052 Y-71.689 E.03002
G1 X34.543 Y-71.576 E.02366
G1 X35 Y-71.539 E.02158
G1 X35.457 Y-71.576 E.02158
G1 X35.948 Y-71.689 E.02366
G1 X36.546 Y-71.91 E.03002
G1 X37.54 Y-72.388 E.05183
SET_VELOCITY_LIMIT ACCEL=10000
G1 X37.076 Y-72.805 F30000
SET_VELOCITY_LIMIT ACCEL=5000
;TYPE:Outer wall
G1 F7200
G1 X37.076 Y-78.69 E.27674
G1 X38.79 Y-78.69 E.0806
G1 X38.79 Y78.69 E7.40074
G1 X-38.79 Y78.69 E3.64817
G1 X-38.79 Y-78.69 E7.40074
G1 X-37.076 Y-78.69 E.0806
G1 X-37.076 Y-72.805 E.27674
G1 X-36.321 Y-72.442 E.03939
G1 X-35.782 Y-72.243 E.02703
G1 X-35.369 Y-72.147 E.01993
G1 X-35 Y-72.118 E.01741
G1 X-34.631 Y-72.147 E.01741
G1 X-34.218 Y-72.243 E.01993
G1 X-33.679 Y-72.442 E.02703
G1 X-32.924 Y-72.805 E.03939
G1 X-32.924 Y-78.69 E.27674
G1 X-31.21 Y-78.69 E.0806
G1 X-31.21 Y71.11 E7.0443
G1 X31.21 Y71.11 E2.93528
M73 P60 R9
G1 X31.21 Y-78.69 E7.0443
G1 X32.924 Y-78.69 E.0806
G1 X32.924 Y-72.805 E.27674
G1 X33.679 Y-72.442 E.03939
G1 X34.218 Y-72.243 E.02703
G1 X34.631 Y-72.147 E.01993
G1 X35 Y-72.118 E.01741
G1 X35.369 Y-72.147 E.01741
G1 X35.782 Y-72.243 E.01993
G1 X36.321 Y-72.442 E.02703
G1 X37.044 Y-72.789 E.0377
SET_VELOCITY_LIMIT ACCEL=10000
G1 E-1.2 F2100
;WIPE_START
G1 F7200
G1 X37.055 Y-74.789
;WIPE_END
G1 X32.133 Y-69.698 Z5.8 F30000
G1 Z5.4
G1 E1.2 F2100
;TYPE:Sparse infill
G1 F6000
G1 X32.133 Y-67.389 E.10855
G1 X36.132 Y-71.388 E.26593
G1 X36.682 Y-71.591 E.02755
G1 X37.867 Y-72.161 E.06183
G1 X37.867 Y-67.247 E.23108
G1 X32.133 Y-61.513 E.38128
G1 X32.133 Y-55.637 E.27632
G1 X37.867 Y-61.371 E.38128
G1 X37.867 Y-55.495 E.27632
G1 X32.133 Y-49.761 E.38128
G1 X32.133 Y-52.07 E.10855
G1 X37.867 Y-47.31 F30000
G1 F6000
G1 X37.867 Y-49.619 E.10855
G1 X32.133 Y-43.885 E.38128
G1 X32.133 Y-38.009 E.27632
G1 X37.867 Y-43.743 E.38128
G1 X37.867 Y-37.867 E.27632
G1 X32.133 Y-32.133 E.38128
G1 X32.133 Y-26.257 E.27632
G1 X37.867 Y-31.991 E.38128
G1 X37.867 Y-26.115 E.27632
G1 X32.133 Y-20.381 E.38128
G1 X32.133 Y-18.073 E.10855
G1 X37.867 Y-17.93 F30000
G1 F6000
G1 X37.867 Y-20.239 E.10855
G1 X32.133 Y-14.505 E.38128
G1 X32.133 Y-8.629 E.27632
G1 X37.867 Y-14.363 E.38128
G1 X37.867 Y-8.487 E.27632
G1 X32.133 Y-2.753 E.38128
G1 X32.133 Y3.123 E.27632
G1 X37.867 Y-2.611 E.38128
G1 X37.867 Y3.265 E.27632
G1 X32.133 Y8.999 E.38128
G1 X32.133 Y6.69 E.10855
G1 X37.867 Y11.45 F30000
G1 F6000
G1 X37.867 Y9.141 E.10855
G1 X32.133 Y14.875 E.38128
G1 X32.133 Y20.751 E.27632
G1 X37.867 Y15.017 E.38128
G1 X37.867 Y20.894 E.27632
G1 X32.133 Y26.627 E.38128
G1 X32.133 Y32.503 E.27632
G1 X37.867 Y26.77 E.38128
G1 X37.867 Y29.078 E.10855
G1 X32.133 Y36.071 F30000
G1 F6000
G1 X32.133 Y38.379 E.10855
G1 X37.867 Y32.646 E.38128
G1 X37.867 Y38.522 E.27632
G1 X32.133 Y44.255 E.38128
G1 X32.133 Y50.131 E.27632
G1 X37.867 Y44.398 E.38128
G1 X37.867 Y50.274 E.27632
G1 X32.133 Y56.007 E.38128
G1 X32.133 Y61.883 E.27632
G1 X37.867 Y56.15 E.38128
G1 X37.867 Y58.458 E.10855
G1 X32.133 Y70.067 F30000
G1 F6000
G1 X32.133 Y67.759 E.10855
G1 X37.867 Y62.026 E.38128
G1 X37.867 Y67.902 E.27632
G1 X28.002 Y77.767 E.65605
G1 X22.126 Y77.767 E.27632
G1 X27.859 Y72.033 E.38128
G1 X30.167 Y72.033 E.10855
G1 X31.569 Y77.767 F30000
G1 F6000
G1 X33.878 Y77.767 E.10855
G1 X37.867 Y73.778 E.26528
G1 X37.867 Y76.086 E.10855
G1 X13.941 Y77.767 F30000
G1 F6000
G1 X16.25 Y77.767 E.10855
G1 X21.983 Y72.033 E.38128
G1 X16.107 Y72.033 E.27632
G1 X10.374 Y77.767 E.38128
G1 X4.498 Y77.767 E.27632
G1 X10.231 Y72.033 E.38128
G1 X12.539 Y72.033 E.10855
G1 X.93 Y77.767 F30000
G1 F6000
G1 X-1.378 Y77.767 E.10855
G1 X4.355 Y72.033 E.38128
G1 X-1.521 Y72.033 E.27632
G1 X-7.254 Y77.767 E.38128
G1 X-13.13 Y77.767 E.27632
G1 X-7.397 Y72.033 E.38128
G1 X-13.273 Y72.033 E.27632
G1 X-19.007 Y77.767 E.38128
G1 X-21.315 Y77.767 E.10855
G1 X-16.841 Y72.033 F30000
G1 F6000
G1 X-19.149 Y72.033 E.10855
G1 X-24.883 Y77.767 E.38128
G1 X-30.759 Y77.767 E.27632
G1 X-25.025 Y72.033 E.38128
G1 X-30.901 Y72.033 E.27632
G1 X-36.635 Y77.767 E.38128
G1 X-37.867 Y77.767 E.05794
G1 X-37.867 Y73.123 E.21838
G1 X-32.133 Y67.389 E.38128
G1 X-32.133 Y61.513 E.27632
G1 X-37.867 Y67.247 E.38128
G1 X-37.867 Y61.371 E.27632
G1 X-32.133 Y55.637 E.38128
G1 X-32.133 Y49.761 E.27632
G1 X-37.867 Y55.495 E.38128
G1 X-37.867 Y53.186 E.10855
G1 X-32.133 Y46.194 F30000
G1 F6000
G1 X-32.133 Y43.885 E.10855
G1 X-37.867 Y49.619 E.38128
G1 X-37.867 Y43.743 E.27632
G1 X-32.133 Y38.009 E.38128
G1 X-32.133 Y32.133 E.27632
G1 X-37.867 Y37.867 E.38128
G1 X-37.867 Y31.991 E.27632
G1 X-32.133 Y26.257 E.38128
G1 X-32.133 Y28.566 E.10855
G1 X-37.867 Y28.423 F30000
G1 F6000
G1 X-37.867 Y26.115 E.10855
G1 X-32.133 Y20.381 E.38128
G1 X-32.133 Y14.505 E.27632
G1 X-37.867 Y20.239 E.38128
G1 X-37.867 Y14.363 E.27632
G1 X-32.133 Y8.629 E.38128
G1 X-32.133 Y2.753 E.27632
G1 X-37.867 Y8.487 E.38128
G1 X-37.867 Y6.178 E.10855
G1 X-32.133 Y-.814 F30000
G1 F6000
G1 X-32.133 Y-3.123 E.10855
G1 X-37.867 Y2.611 E.38128
G1 X-37.867 Y-3.265 E.27632
G1 X-32.133 Y-8.999 E.38128
G1 X-32.133 Y-6.69 E.10855
G1 X-37.867 Y-11.45 F30000
G1 F6000
G1 X-37.867 Y-9.141 E.10855
G1 X-32.133 Y-14.875 E.38128
G1 X-32.133 Y-20.751 E.27632
G1 X-37.867 Y-15.017 E.38128
G1 X-37.867 Y-20.894 E.27632
G1 X-32.133 Y-26.627 E.38128
G1 X-32.133 Y-24.319 E.10855
G1 X-37.867 Y-29.078 F30000
G1 F6000
G1 X-37.867 Y-26.77 E.10855
G1 X-32.133 Y-32.503 E.38128
G1 X-32.133 Y-38.379 E.27632
G1 X-37.867 Y-32.646 E.38128
G1 X-37.867 Y-38.522 E.27632
G1 X-32.133 Y-44.255 E.38128
G1 X-32.133 Y-41.947 E.10855
G1 X-37.867 Y-46.706 F30000
G1 F6000
G1 X-37.867 Y-44.398 E.10855
G1 X-32.133 Y-50.131 E.38128
G1 X-32.133 Y-56.007 E.27632
G1 X-37.867 Y-50.274 E.38128
G1 X-37.867 Y-56.15 E.27632
G1 X-32.133 Y-61.883 E.38128
G1 X-32.133 Y-67.759 E.27632
G1 X-37.867 Y-62.026 E.38128
G1 X-37.867 Y-67.902 E.27632
G1 X-34.54 Y-71.228 E.22124
G1 X-35 Y-71.192 E.0217
G1 X-35.511 Y-71.232 E.02408
G1 X-36.047 Y-71.357 E.0259
G1 X-36.779 Y-71.638 E.03685
;LAYER_CHANGE
;Z:5.6
;HEIGHT:0.2
;BEFORE_LAYER_CHANGE
;5.6
G1 E-1.2 F2100
;WIPE_START
G1 F6000
G1 X-36.047 Y-71.357
G1 X-35.511 Y-71.232
G1 X-35 Y-71.192
G1 X-34.847 Y-71.204
;WIPE_END
;AFTER_LAYER_CHANGE
;5.6
;_SET_FAN_SPEED_CHANGING_LAYER
G17
G3 Z6 I.02 J1.217 P1  F30000
G1 X37.423 Y-72.406 Z6
G1 Z5.6
G1 E1.2 F2100
SET_VELOCITY_LIMIT ACCEL=5000
;TYPE:Inner wall
G1 F9000
G1 X37.5 Y-72.442 E.00398
G1 X37.5 Y-78.113 E.26666
G1 X38.213 Y-78.113 E.03354
G1 X38.213 Y78.113 E7.34647
G1 X-38.213 Y78.113 E3.5939
G1 X-38.213 Y-78.113 E7.34647
M73 P61 R9
G1 X-37.5 Y-78.113 E.03354
G1 X-37.5 Y-72.442 E.26666
G1 X-36.746 Y-72.08 E.0393
G1 X-36.063 Y-71.828 E.03426
G1 X-35.511 Y-71.7 E.02664
G1 X-35 Y-71.66 E.02411
G1 X-34.489 Y-71.7 E.02411
G1 X-33.937 Y-71.828 E.02664
G1 X-33.254 Y-72.08 E.03426
G1 X-32.5 Y-72.442 E.0393
G1 X-32.5 Y-78.113 E.26666
G1 X-31.787 Y-78.113 E.03354
G1 X-31.787 Y71.687 E7.0443
G1 X31.787 Y71.687 E2.98955
G1 X31.787 Y-78.113 E7.0443
G1 X32.5 Y-78.113 E.03354
G1 X32.5 Y-72.442 E.26666
G1 X33.254 Y-72.08 E.0393
G1 X33.937 Y-71.828 E.03426
G1 X34.489 Y-71.7 E.02664
G1 X35 Y-71.66 E.02411
G1 X35.511 Y-71.7 E.02411
G1 X36.063 Y-71.828 E.02664
G1 X36.746 Y-72.08 E.03426
G1 X37.391 Y-72.39 E.03363
SET_VELOCITY_LIMIT ACCEL=10000
G1 X36.923 Y-72.805 F30000
SET_VELOCITY_LIMIT ACCEL=5000
;TYPE:Outer wall
G1 F7200
G1 X36.923 Y-78.69 E.27674
G1 X38.79 Y-78.69 E.08782
G1 X38.79 Y78.69 E7.40074
G1 X-38.79 Y78.69 E3.64817
G1 X-38.79 Y-78.69 E7.40074
G1 X-36.923 Y-78.69 E.08782
G1 X-36.923 Y-72.805 E.27674
G1 X-36.521 Y-72.612 E.02095
G1 X-35.897 Y-72.382 E.03127
G1 X-35.423 Y-72.272 E.02291
G1 X-35 Y-72.238 E.01994
G1 X-34.577 Y-72.272 E.01994
G1 X-34.103 Y-72.382 E.02291
G1 X-33.479 Y-72.612 E.03127
G1 X-33.077 Y-72.805 E.02095
G1 X-33.077 Y-78.69 E.27674
G1 X-31.21 Y-78.69 E.08782
G1 X-31.21 Y71.11 E7.0443
G1 X31.21 Y71.11 E2.93528
G1 X31.21 Y-78.69 E7.0443
G1 X33.077 Y-78.69 E.08782
G1 X33.077 Y-72.805 E.27674
G1 X33.479 Y-72.612 E.02095
G1 X34.103 Y-72.382 E.03127
G1 X34.577 Y-72.272 E.02291
G1 X35 Y-72.238 E.01994
G1 X35.423 Y-72.272 E.01994
G1 X35.897 Y-72.382 E.02291
G1 X36.521 Y-72.612 E.03127
G1 X36.89 Y-72.789 E.01926
SET_VELOCITY_LIMIT ACCEL=10000
G1 E-1.2 F2100
;WIPE_START
G1 F7200
G1 X36.901 Y-74.789
;WIPE_END
G1 X37.856 Y-72.294 Z6 F30000
G1 Z5.6
G1 E1.2 F2100
;TYPE:Gap infill
;WIDTH:0.17911
G1 F9000
G1 X37.856 Y-77.824 E.06138
G1 E-1.2 F2100
;WIPE_START
G1 F9000
G1 X37.856 Y-75.824
;WIPE_END
G1 X32.144 Y-77.824 Z6 F30000
G1 Z5.6
G1 E1.2 F2100
;WIDTH:0.179112
G1 F9000
G1 X32.144 Y-72.294 E.06138
G1 X32.133 Y-69.698 F30000
;TYPE:Sparse infill
;WIDTH:0.62
G1 F6000
G1 X32.133 Y-67.389 E.10855
G1 X36.284 Y-71.541 E.27606
G1 X36.882 Y-71.761 E.02994
G1 X37.42 Y-72.02 E.02811
G1 X37.42 Y-71.947 E.00342
G1 X37.867 Y-71.947 E.02098
G1 X37.867 Y-67.247 E.22104
G1 X32.133 Y-61.513 E.38128
G1 X32.133 Y-55.637 E.27632
G1 X37.867 Y-61.371 E.38128
G1 X37.867 Y-55.495 E.27632
G1 X32.133 Y-49.761 E.38128
G1 X32.133 Y-52.07 E.10855
G1 X37.867 Y-47.31 F30000
G1 F6000
G1 X37.867 Y-49.619 E.10855
G1 X32.133 Y-43.885 E.38128
G1 X32.133 Y-38.009 E.27632
G1 X37.867 Y-43.743 E.38128
G1 X37.867 Y-37.867 E.27632
G1 X32.133 Y-32.133 E.38128
G1 X32.133 Y-26.257 E.27632
G1 X37.867 Y-31.991 E.38128
G1 X37.867 Y-26.115 E.27632
G1 X32.133 Y-20.381 E.38128
G1 X32.133 Y-22.69 E.10855
G1 X37.867 Y-17.93 F30000
G1 F6000
G1 X37.867 Y-20.239 E.10855
G1 X32.133 Y-14.505 E.38128
G1 X32.133 Y-8.629 E.27632
G1 X37.867 Y-14.363 E.38128
G1 X37.867 Y-8.487 E.27632
G1 X32.133 Y-2.753 E.38128
G1 X32.133 Y3.123 E.27632
G1 X37.867 Y-2.611 E.38128
G1 X37.867 Y3.265 E.27632
G1 X32.133 Y8.999 E.38128
G1 X32.133 Y6.69 E.10855
G1 X37.867 Y11.45 F30000
G1 F6000
M73 P62 R9
G1 X37.867 Y9.141 E.10855
G1 X32.133 Y14.875 E.38128
G1 X32.133 Y20.751 E.27632
G1 X37.867 Y15.017 E.38128
G1 X37.867 Y20.894 E.27632
G1 X32.133 Y26.627 E.38128
G1 X32.133 Y32.503 E.27632
G1 X37.867 Y26.77 E.38128
G1 X37.867 Y29.078 E.10855
G1 X32.133 Y36.071 F30000
G1 F6000
G1 X32.133 Y38.379 E.10855
G1 X37.867 Y32.646 E.38128
G1 X37.867 Y38.522 E.27632
G1 X32.133 Y44.255 E.38128
G1 X32.133 Y50.131 E.27632
G1 X37.867 Y44.398 E.38128
G1 X37.867 Y50.274 E.27632
G1 X32.133 Y56.007 E.38128
G1 X32.133 Y61.883 E.27632
G1 X37.867 Y56.15 E.38128
G1 X37.867 Y53.841 E.10855
G1 X37.867 Y76.086 F30000
G1 F6000
G1 X37.867 Y73.778 E.10855
G1 X33.878 Y77.767 E.26528
G1 X28.002 Y77.767 E.27632
G1 X37.867 Y67.902 E.65605
G1 X37.867 Y62.026 E.27632
G1 X32.133 Y67.759 E.38128
G1 X32.133 Y72.033 E.201
G1 X27.859 Y72.033 E.201
G1 X22.126 Y77.767 E.38128
G1 X16.25 Y77.767 E.27632
G1 X21.983 Y72.033 E.38128
G1 X16.107 Y72.033 E.27632
G1 X10.374 Y77.767 E.38128
G1 X4.498 Y77.767 E.27632
G1 X10.231 Y72.033 E.38128
G1 X4.355 Y72.033 E.27632
G1 X-1.378 Y77.767 E.38128
G1 X-7.254 Y77.767 E.27632
G1 X-1.521 Y72.033 E.38128
G1 X-7.397 Y72.033 E.27632
G1 X-13.13 Y77.767 E.38128
G1 X-15.439 Y77.767 E.10855
G1 X-15.581 Y72.033 F30000
G1 F6000
G1 X-13.273 Y72.033 E.10855
G1 X-19.007 Y77.767 E.38128
G1 X-24.883 Y77.767 E.27632
G1 X-19.149 Y72.033 E.38128
G1 X-25.025 Y72.033 E.27632
G1 X-30.759 Y77.767 E.38128
G1 X-33.067 Y77.767 E.10855
G1 X-28.593 Y72.033 F30000
G1 F6000
G1 X-30.901 Y72.033 E.10855
G1 X-36.635 Y77.767 E.38128
G1 X-37.867 Y77.767 E.05794
G1 X-37.867 Y73.123 E.21838
G1 X-32.133 Y67.389 E.38128
G1 X-32.133 Y61.513 E.27632
G1 X-37.867 Y67.247 E.38128
G1 X-37.867 Y61.371 E.27632
G1 X-32.133 Y55.637 E.38128
G1 X-32.133 Y49.761 E.27632
G1 X-37.867 Y55.495 E.38128
G1 X-37.867 Y53.186 E.10855
G1 X-32.133 Y46.194 F30000
G1 F6000
G1 X-32.133 Y43.885 E.10855
G1 X-37.867 Y49.619 E.38128
G1 X-37.867 Y43.743 E.27632
G1 X-32.133 Y38.009 E.38128
G1 X-32.133 Y32.133 E.27632
G1 X-37.867 Y37.867 E.38128
G1 X-37.867 Y31.991 E.27632
G1 X-32.133 Y26.257 E.38128
G1 X-32.133 Y28.566 E.10855
G1 X-37.867 Y23.806 F30000
G1 F6000
G1 X-37.867 Y26.115 E.10855
G1 X-32.133 Y20.381 E.38128
G1 X-32.133 Y14.505 E.27632
G1 X-37.867 Y20.239 E.38128
G1 X-37.867 Y14.363 E.27632
G1 X-32.133 Y8.629 E.38128
G1 X-32.133 Y2.753 E.27632
G1 X-37.867 Y8.487 E.38128
G1 X-37.867 Y2.611 E.27632
G1 X-32.133 Y-3.123 E.38128
G1 X-32.133 Y-8.999 E.27632
G1 X-37.867 Y-3.265 E.38128
G1 X-37.867 Y-9.141 E.27632
G1 X-32.133 Y-14.875 E.38128
G1 X-32.133 Y-20.751 E.27632
M73 P62 R8
G1 X-37.867 Y-15.017 E.38128
G1 X-37.867 Y-20.894 E.27632
G1 X-32.133 Y-26.627 E.38128
G1 X-32.133 Y-32.503 E.27632
G1 X-37.867 Y-26.77 E.38128
G1 X-37.867 Y-32.646 E.27632
G1 X-32.133 Y-38.379 E.38128
G1 X-32.133 Y-44.255 E.27632
G1 X-37.867 Y-38.522 E.38128
G1 X-37.867 Y-44.398 E.27632
G1 X-32.133 Y-50.131 E.38128
G1 X-32.133 Y-56.007 E.27632
G1 X-37.867 Y-50.274 E.38128
G1 X-37.867 Y-52.582 E.10855
G1 X-32.133 Y-59.575 F30000
G1 F6000
G1 X-32.133 Y-61.883 E.10855
G1 X-37.867 Y-56.15 E.38128
G1 X-37.867 Y-62.026 E.27632
G1 X-32.133 Y-67.759 E.38128
G1 X-32.133 Y-71.947 E.19695
G1 X-32.58 Y-71.947 E.02098
G1 X-32.58 Y-72.02 E.00342
G1 X-33.118 Y-71.761 E.02811
G1 X-33.838 Y-71.496 E.03605
G1 X-34.404 Y-71.364 E.02735
G1 X-37.867 Y-67.902 E.23027
G1 X-37.867 Y-70.21 E.10855
G1 X-37.856 Y-72.294 F30000
;TYPE:Gap infill
;WIDTH:0.17911
G1 F9000
G1 X-37.856 Y-77.824 E.06138
G1 E-1.2 F2100
;WIPE_START
G1 F9000
G1 X-37.856 Y-75.824
;WIPE_END
G1 X-32.144 Y-77.824 Z6 F30000
G1 Z5.6
G1 E1.2 F2100
G1 F9000
G1 X-32.144 Y-72.294 E.06138
;LAYER_CHANGE
;Z:5.8
;HEIGHT:0.2
;BEFORE_LAYER_CHANGE
;5.8
G1 E-1.2 F2100
;WIPE_START
G1 F9000
G1 X-32.144 Y-74.294
;WIPE_END
;AFTER_LAYER_CHANGE
;5.8
;_SET_FAN_SPEED_CHANGING_LAYER
G17
G3 Z6.2 I-.034 J1.216 P1  F30000
G1 X37.231 Y-72.355 Z6.2
G1 Z5.8
G1 E1.2 F2100
SET_VELOCITY_LIMIT ACCEL=5000
;TYPE:Inner wall
;WIDTH:0.62
G1 F9000
G1 X37.303 Y-72.382 E.00362
G1 X37.303 Y-78.113 E.26951
G1 X38.213 Y-78.113 E.04277
G1 X38.213 Y78.113 E7.34647
G1 X-38.213 Y78.113 E3.5939
G1 X-38.213 Y-78.113 E7.34647
G1 X-37.303 Y-78.113 E.04277
G1 X-37.303 Y-72.382 E.26951
G1 X-36.178 Y-71.967 E.05639
G1 X-35.565 Y-71.824 E.02963
G1 X-35 Y-71.78 E.02664
G1 X-34.435 Y-71.824 E.02664
G1 X-33.822 Y-71.967 E.02963
G1 X-32.697 Y-72.382 E.05639
G1 X-32.697 Y-78.113 E.26951
G1 X-31.787 Y-78.113 E.04277
G1 X-31.787 Y71.687 E7.0443
G1 X31.787 Y71.687 E2.98955
G1 X31.787 Y-78.113 E7.0443
G1 X32.697 Y-78.113 E.04277
G1 X32.697 Y-72.382 E.26951
G1 X33.822 Y-71.967 E.05639
G1 X34.435 Y-71.824 E.02963
M73 P63 R8
G1 X35 Y-71.78 E.02664
G1 X35.565 Y-71.824 E.02664
G1 X36.178 Y-71.967 E.02963
G1 X37.197 Y-72.343 E.05107
SET_VELOCITY_LIMIT ACCEL=10000
G1 X36.726 Y-72.784 F30000
SET_VELOCITY_LIMIT ACCEL=5000
;TYPE:Outer wall
G1 F5940
G1 X36.726 Y-73.78 E.04684
G1 X36.726 Y-77.564 E.17794
G1 X36.726 Y-78.69 E.05295
G1 X37.853 Y-78.69 E.053
G1 F7200
G1 X37.86 Y-78.69 E.00033
G1 X38.79 Y-78.69 E.04373
G1 X38.79 Y78.69 E7.40074
G1 X-38.79 Y78.69 E3.64817
G1 X-38.79 Y-78.69 E7.40074
G1 X-37.86 Y-78.69 E.04373
G1 X-37.853 Y-78.69 E.00033
G1 F5940
G1 X-36.726 Y-78.69 E.053
G1 X-36.726 Y-77.564 E.05295
G1 X-36.726 Y-73.78 E.17794
G1 X-36.726 Y-72.784 E.04684
G1 F7200
G1 X-36.013 Y-72.521 E.03574
G1 X-35.476 Y-72.396 E.02593
G1 X-35 Y-72.359 E.02245
G1 X-34.524 Y-72.396 E.02245
G1 X-33.987 Y-72.521 E.02593
G1 X-33.274 Y-72.784 E.03574
G1 F5940
G1 X-33.274 Y-73.78 E.04684
G1 X-33.274 Y-77.564 E.17794
G1 X-33.274 Y-78.69 E.05295
G1 X-32.147 Y-78.69 E.053
G1 F7200
G1 X-32.14 Y-78.69 E.00033
G1 X-31.21 Y-78.69 E.04373
G1 X-31.21 Y-77.76 E.04373
G1 X-31.21 Y70.308 E6.96285
G1 X-31.21 Y71.11 E.03771
G1 X-30.408 Y71.11 E.03771
G1 X30.408 Y71.11 E2.85985
G1 X31.21 Y71.11 E.03771
G1 X31.21 Y70.308 E.03771
G1 X31.21 Y-77.76 E6.96285
G1 X31.21 Y-78.69 E.04373
G1 X32.14 Y-78.69 E.04373
G1 X32.147 Y-78.69 E.00033
G1 F5940
G1 X33.274 Y-78.69 E.053
G1 X33.274 Y-77.564 E.05295
G1 X33.274 Y-73.78 E.17794
G1 X33.274 Y-72.784 E.04684
G1 F7200
G1 X33.987 Y-72.521 E.03574
G1 X34.524 Y-72.396 E.02593
G1 X35 Y-72.359 E.02245
G1 X35.476 Y-72.396 E.02245
G1 X36.013 Y-72.521 E.02593
G1 X36.693 Y-72.771 E.03407
SET_VELOCITY_LIMIT ACCEL=10000
G1 E-1.2 F2100
;WIPE_START
G1 F7200
G1 X36.704 Y-74.771
;WIPE_END
G1 X37.758 Y-72.242 Z6.2 F30000
G1 Z5.8
G1 E1.2 F2100
;TYPE:Gap infill
;WIDTH:0.375298
G1 F9000
G1 X37.758 Y-77.824 E.1512
G1 E-1.2 F2100
;WIPE_START
G1 F9000
G1 X37.758 Y-75.824
;WIPE_END
G1 X32.242 Y-77.824 Z6.2 F30000
G1 Z5.8
G1 E1.2 F2100
G1 F9000
G1 X32.242 Y-72.242 E.1512
G1 X32.133 Y-69.698 F30000
;TYPE:Sparse infill
;WIDTH:0.62
G1 F6000
G1 X32.133 Y-67.389 E.10855
G1 X36.437 Y-71.693 E.2862
G1 X37.224 Y-71.983 E.03947
G1 X37.224 Y-71.896 E.00413
G1 X37.867 Y-71.896 E.03021
G1 X37.867 Y-67.247 E.21862
G1 X32.133 Y-61.513 E.38128
G1 X32.133 Y-55.637 E.27632
G1 X37.867 Y-61.371 E.38128
G1 X37.867 Y-55.495 E.27632
G1 X32.133 Y-49.761 E.38128
G1 X32.133 Y-47.453 E.10855
G1 X37.867 Y-47.31 F30000
G1 F6000
G1 X37.867 Y-49.619 E.10855
G1 X32.133 Y-43.885 E.38128
G1 X32.133 Y-38.009 E.27632
G1 X37.867 Y-43.743 E.38128
G1 X37.867 Y-37.867 E.27632
G1 X32.133 Y-32.133 E.38128
G1 X32.133 Y-26.257 E.27632
G1 X37.867 Y-31.991 E.38128
G1 X37.867 Y-26.115 E.27632
G1 X32.133 Y-20.381 E.38128
G1 X32.133 Y-14.505 E.27632
G1 X37.867 Y-20.239 E.38128
G1 X37.867 Y-17.93 E.10855
G1 X32.133 Y-10.938 F30000
G1 F6000
G1 X32.133 Y-8.629 E.10855
G1 X37.867 Y-14.363 E.38128
G1 X37.867 Y-8.487 E.27632
G1 X32.133 Y-2.753 E.38128
G1 X32.133 Y3.123 E.27632
G1 X37.867 Y-2.611 E.38128
G1 X37.867 Y3.265 E.27632
G1 X32.133 Y8.999 E.38128
G1 X32.133 Y6.69 E.10855
G1 X37.867 Y11.45 F30000
G1 F6000
G1 X37.867 Y9.141 E.10855
G1 X32.133 Y14.875 E.38128
G1 X32.133 Y20.751 E.27632
G1 X37.867 Y15.017 E.38128
G1 X37.867 Y17.326 E.10855
G1 X32.133 Y24.319 F30000
G1 F6000
G1 X32.133 Y26.627 E.10855
G1 X37.867 Y20.894 E.38128
G1 X37.867 Y26.77 E.27632
G1 X32.133 Y32.503 E.38128
G1 X32.133 Y38.379 E.27632
G1 X37.867 Y32.646 E.38128
G1 X37.867 Y38.522 E.27632
G1 X32.133 Y44.255 E.38128
G1 X32.133 Y41.947 E.10855
G1 X37.867 Y46.706 F30000
G1 F6000
G1 X37.867 Y44.398 E.10855
G1 X32.133 Y50.131 E.38128
G1 X32.133 Y56.007 E.27632
G1 X37.867 Y50.274 E.38128
G1 X37.867 Y56.15 E.27632
G1 X32.133 Y61.883 E.38128
G1 X32.133 Y67.759 E.27632
G1 X37.867 Y62.026 E.38128
G1 X37.867 Y67.902 E.27632
G1 X28.002 Y77.767 E.65605
G1 X33.878 Y77.767 E.27632
G1 X37.867 Y73.778 E.26528
G1 X37.867 Y76.086 E.10855
G1 X30.167 Y72.033 F30000
G1 F6000
G1 X27.859 Y72.033 E.10855
G1 X22.126 Y77.767 E.38128
G1 X16.25 Y77.767 E.27632
G1 X21.983 Y72.033 E.38128
G1 X16.107 Y72.033 E.27632
G1 X10.374 Y77.767 E.38128
G1 X4.498 Y77.767 E.27632
G1 X10.231 Y72.033 E.38128
G1 X12.539 Y72.033 E.10855
G1 X.93 Y77.767 F30000
G1 F6000
G1 X-1.378 Y77.767 E.10855
G1 X4.355 Y72.033 E.38128
G1 X-1.521 Y72.033 E.27632
G1 X-7.254 Y77.767 E.38128
G1 X-13.13 Y77.767 E.27632
G1 X-7.397 Y72.033 E.38128
G1 X-13.273 Y72.033 E.27632
G1 X-19.007 Y77.767 E.38128
G1 X-24.883 Y77.767 E.27632
G1 X-19.149 Y72.033 E.38128
G1 X-25.025 Y72.033 E.27632
G1 X-30.759 Y77.767 E.38128
G1 X-33.067 Y77.767 E.10855
G1 X-28.593 Y72.033 F30000
G1 F6000
G1 X-30.901 Y72.033 E.10855
G1 X-36.635 Y77.767 E.38128
G1 X-37.867 Y77.767 E.05794
G1 X-37.867 Y73.123 E.21838
G1 X-32.133 Y67.389 E.38128
G1 X-32.133 Y61.513 E.27632
G1 X-37.867 Y67.247 E.38128
G1 X-37.867 Y61.371 E.27632
G1 X-32.133 Y55.637 E.38128
G1 X-32.133 Y49.761 E.27632
G1 X-37.867 Y55.495 E.38128
M73 P64 R8
G1 X-37.867 Y49.619 E.27632
G1 X-32.133 Y43.885 E.38128
G1 X-32.133 Y38.009 E.27632
G1 X-37.867 Y43.743 E.38128
G1 X-37.867 Y37.867 E.27632
G1 X-32.133 Y32.133 E.38128
G1 X-32.133 Y26.257 E.27632
G1 X-37.867 Y31.991 E.38128
G1 X-37.867 Y29.682 E.10855
G1 X-32.133 Y22.69 F30000
G1 F6000
G1 X-32.133 Y20.381 E.10855
G1 X-37.867 Y26.115 E.38128
G1 X-37.867 Y20.239 E.27632
G1 X-32.133 Y14.505 E.38128
G1 X-32.133 Y8.629 E.27632
G1 X-37.867 Y14.363 E.38128
G1 X-37.867 Y8.487 E.27632
G1 X-32.133 Y2.753 E.38128
G1 X-32.133 Y-3.123 E.27632
G1 X-37.867 Y2.611 E.38128
G1 X-37.867 Y-3.265 E.27632
G1 X-32.133 Y-8.999 E.38128
G1 X-32.133 Y-6.69 E.10855
G1 X-37.867 Y-11.45 F30000
G1 F6000
G1 X-37.867 Y-9.141 E.10855
G1 X-32.133 Y-14.875 E.38128
G1 X-32.133 Y-20.751 E.27632
G1 X-37.867 Y-15.017 E.38128
G1 X-37.867 Y-20.894 E.27632
G1 X-32.133 Y-26.627 E.38128
G1 X-32.133 Y-32.503 E.27632
G1 X-37.867 Y-26.77 E.38128
G1 X-37.867 Y-32.646 E.27632
G1 X-32.133 Y-38.379 E.38128
G1 X-32.133 Y-44.255 E.27632
G1 X-37.867 Y-38.522 E.38128
G1 X-37.867 Y-44.398 E.27632
G1 X-32.133 Y-50.131 E.38128
G1 X-32.133 Y-56.007 E.27632
G1 X-37.867 Y-50.274 E.38128
G1 X-37.867 Y-56.15 E.27632
G1 X-32.133 Y-61.883 E.38128
G1 X-32.133 Y-67.759 E.27632
G1 X-37.867 Y-62.026 E.38128
G1 X-37.867 Y-67.902 E.27632
G1 X-34.258 Y-71.51 E.23996
G1 X-34.382 Y-71.481 E.00598
G1 X-35 Y-71.432 E.02914
G1 X-35.618 Y-71.481 E.02914
G1 X-36.278 Y-71.634 E.03187
G1 X-36.526 Y-71.726 E.01242
G1 X-37.758 Y-72.242 F30000
;TYPE:Gap infill
;WIDTH:0.375296
G1 F9000
G1 X-37.758 Y-77.824 E.1512
G1 E-1.2 F2100
;WIPE_START
G1 F9000
G1 X-37.758 Y-75.824
;WIPE_END
G1 X-32.242 Y-77.824 Z6.2 F30000
G1 Z5.8
G1 E1.2 F2100
;WIDTH:0.375298
G1 F9000
G1 X-32.242 Y-72.242 E.1512
;LAYER_CHANGE
;Z:6
;HEIGHT:0.2
;BEFORE_LAYER_CHANGE
;6
G1 E-1.2 F2100
;WIPE_START
G1 F9000
G1 X-32.242 Y-74.242
;WIPE_END
;AFTER_LAYER_CHANGE
;6
;_SET_FAN_SPEED_CHANGING_LAYER
G17
G3 Z6.4 I-.033 J1.217 P1  F30000
G1 X36.98 Y-72.358 Z6.4
G1 Z6
G1 E1.2 F2100
SET_VELOCITY_LIMIT ACCEL=5000
;TYPE:Inner wall
;WIDTH:0.62
G1 F9000
G1 X37.043 Y-72.382 E.00317
G1 X37.043 Y-78.113 E.26951
G1 X38.213 Y-78.113 E.05502
G1 X38.213 Y78.113 E7.34647
G1 X-38.213 Y78.113 E3.5939
G1 X-38.213 Y-78.113 E7.34647
G1 X-37.043 Y-78.113 E.05502
G1 X-37.043 Y-72.382 E.26951
G1 X-36.294 Y-72.105 E.03753
G1 X-35.618 Y-71.949 E.03262
G1 X-35 Y-71.9 E.02916
G1 X-34.382 Y-71.949 E.02916
G1 X-33.706 Y-72.105 E.03262
G1 X-32.957 Y-72.382 E.03754
G1 X-32.957 Y-78.113 E.26951
G1 X-31.787 Y-78.113 E.05502
G1 X-31.787 Y71.687 E7.0443
G1 X31.787 Y71.687 E2.98955
G1 X31.787 Y-78.113 E7.0443
G1 X32.957 Y-78.113 E.05502
G1 X32.957 Y-72.382 E.26951
G1 X33.706 Y-72.105 E.03754
G1 X34.382 Y-71.949 E.03262
G1 X35 Y-71.9 E.02916
G1 X35.618 Y-71.949 E.02916
G1 X36.294 Y-72.105 E.03262
G1 X36.946 Y-72.346 E.03267
SET_VELOCITY_LIMIT ACCEL=10000
G1 X36.466 Y-72.784 F30000
SET_VELOCITY_LIMIT ACCEL=5000
;TYPE:Outer wall
G1 F3900
G1 X36.466 Y-78.69 E.27773
G1 X37.656 Y-78.69 E.05596
G1 F7200
G1 X37.86 Y-78.69 E.00959
G1 X38.79 Y-78.69 E.04373
G1 X38.79 Y78.69 E7.40074
G1 X-38.79 Y78.69 E3.64817
G1 X-38.79 Y-78.69 E7.40074
G1 X-37.86 Y-78.69 E.04373
G1 X-37.656 Y-78.69 E.00959
G1 F3900
G1 X-36.466 Y-78.69 E.05596
G1 X-36.466 Y-72.784 E.27773
G1 F7200
G1 X-36.128 Y-72.659 E.01695
G1 X-35.53 Y-72.521 E.02886
G1 X-35 Y-72.479 E.025
G1 X-34.47 Y-72.521 E.025
G1 X-33.872 Y-72.659 E.02886
G1 X-33.534 Y-72.784 E.01695
G1 F3900
G1 X-33.534 Y-78.69 E.27773
G1 X-32.344 Y-78.69 E.05596
G1 F7200
G1 X-32.14 Y-78.69 E.00959
G1 X-31.21 Y-78.69 E.04373
G1 X-31.21 Y-77.76 E.04373
G1 X-31.21 Y70.308 E6.96285
G1 X-31.21 Y71.11 E.03771
M73 P65 R8
G1 X-30.408 Y71.11 E.03771
G1 X30.408 Y71.11 E2.85985
G1 X31.21 Y71.11 E.03771
G1 X31.21 Y70.308 E.03771
G1 X31.21 Y-77.76 E6.96285
G1 X31.21 Y-78.69 E.04373
G1 X32.14 Y-78.69 E.04373
G1 X32.344 Y-78.69 E.00959
G1 F3900
G1 X33.534 Y-78.69 E.05596
G1 X33.534 Y-72.784 E.27773
G1 F7200
G1 X33.872 Y-72.659 E.01695
G1 X34.47 Y-72.521 E.02886
G1 X35 Y-72.479 E.025
G1 X35.53 Y-72.521 E.025
G1 X36.128 Y-72.659 E.02886
G1 X36.432 Y-72.771 E.01523
SET_VELOCITY_LIMIT ACCEL=10000
G1 E-1.2 F2100
;WIPE_START
G1 F7200
G1 X36.443 Y-74.771
;WIPE_END
G1 X37.628 Y-72.29 Z6.4 F30000
G1 Z6
G1 E1.2 F2100
;TYPE:Gap infill
;WIDTH:0.635942
G1 F9000
G1 X37.628 Y-77.824 E.26744
G1 E-1.2 F2100
;WIPE_START
G1 F9000
G1 X37.628 Y-75.824
;WIPE_END
G1 X32.372 Y-77.824 Z6.4 F30000
G1 Z6
G1 E1.2 F2100
;WIDTH:0.635944
G1 F9000
G1 X32.372 Y-72.29 E.26744
G1 X32.133 Y-69.698 F30000
;TYPE:Sparse infill
;WIDTH:0.62
G1 F6000
G1 X32.133 Y-67.389 E.10855
G1 X36.589 Y-71.845 E.29633
G1 X36.964 Y-71.983 E.01877
G1 X36.964 Y-71.944 E.00187
G1 X37.867 Y-71.944 E.04246
G1 X37.867 Y-67.247 E.22088
G1 X32.133 Y-61.513 E.38128
G1 X32.133 Y-55.637 E.27632
G1 X37.867 Y-61.371 E.38128
G1 X37.867 Y-55.495 E.27632
G1 X32.133 Y-49.761 E.38128
G1 X32.133 Y-43.885 E.27632
G1 X37.867 Y-49.619 E.38128
G1 X37.867 Y-43.743 E.27632
G1 X32.133 Y-38.009 E.38128
G1 X32.133 Y-40.318 E.10855
G1 X37.867 Y-35.558 F30000
G1 F6000
G1 X37.867 Y-37.867 E.10855
G1 X32.133 Y-32.133 E.38128
G1 X32.133 Y-26.257 E.27632
G1 X37.867 Y-31.991 E.38128
G1 X37.867 Y-26.115 E.27632
G1 X32.133 Y-20.381 E.38128
G1 X32.133 Y-22.69 E.10855
G1 X37.867 Y-17.93 F30000
G1 F6000
G1 X37.867 Y-20.239 E.10855
G1 X32.133 Y-14.505 E.38128
G1 X32.133 Y-8.629 E.27632
G1 X37.867 Y-14.363 E.38128
G1 X37.867 Y-8.487 E.27632
G1 X32.133 Y-2.753 E.38128
G1 X32.133 Y3.123 E.27632
G1 X37.867 Y-2.611 E.38128
G1 X37.867 Y3.265 E.27632
G1 X32.133 Y8.999 E.38128
G1 X32.133 Y6.69 E.10855
G1 X37.867 Y11.45 F30000
G1 F6000
G1 X37.867 Y9.141 E.10855
G1 X32.133 Y14.875 E.38128
G1 X32.133 Y20.751 E.27632
G1 X37.867 Y15.017 E.38128
G1 X37.867 Y20.894 E.27632
G1 X32.133 Y26.627 E.38128
G1 X32.133 Y32.503 E.27632
G1 X37.867 Y26.77 E.38128
G1 X37.867 Y29.078 E.10855
G1 X32.133 Y36.071 F30000
G1 F6000
G1 X32.133 Y38.379 E.10855
G1 X37.867 Y32.646 E.38128
G1 X37.867 Y38.522 E.27632
G1 X32.133 Y44.255 E.38128
G1 X32.133 Y50.131 E.27632
G1 X37.867 Y44.398 E.38128
G1 X37.867 Y50.274 E.27632
G1 X32.133 Y56.007 E.38128
G1 X32.133 Y61.883 E.27632
G1 X37.867 Y56.15 E.38128
G1 X37.867 Y53.841 E.10855
G1 X37.867 Y76.086 F30000
G1 F6000
G1 X37.867 Y73.778 E.10855
G1 X33.878 Y77.767 E.26528
G1 X28.002 Y77.767 E.27632
G1 X37.867 Y67.902 E.65605
G1 X37.867 Y62.026 E.27632
G1 X32.133 Y67.759 E.38128
G1 X32.133 Y72.033 E.201
G1 X27.859 Y72.033 E.201
G1 X22.126 Y77.767 E.38128
G1 X16.25 Y77.767 E.27632
G1 X21.983 Y72.033 E.38128
G1 X16.107 Y72.033 E.27632
G1 X10.374 Y77.767 E.38128
G1 X4.498 Y77.767 E.27632
G1 X10.231 Y72.033 E.38128
G1 X12.539 Y72.033 E.10855
G1 X.93 Y77.767 F30000
G1 F6000
G1 X-1.378 Y77.767 E.10855
G1 X4.355 Y72.033 E.38128
G1 X-1.521 Y72.033 E.27632
G1 X-7.254 Y77.767 E.38128
G1 X-13.13 Y77.767 E.27632
G1 X-7.397 Y72.033 E.38128
G1 X-13.273 Y72.033 E.27632
G1 X-19.007 Y77.767 E.38128
G1 X-24.883 Y77.767 E.27632
G1 X-19.149 Y72.033 E.38128
G1 X-16.841 Y72.033 E.10855
G1 X-33.067 Y77.767 F30000
G1 F6000
G1 X-30.759 Y77.767 E.10855
G1 X-25.025 Y72.033 E.38128
G1 X-30.901 Y72.033 E.27632
G1 X-36.635 Y77.767 E.38128
G1 X-37.867 Y77.767 E.05794
G1 X-37.867 Y73.123 E.21838
G1 X-32.133 Y67.389 E.38128
G1 X-32.133 Y61.513 E.27632
G1 X-37.867 Y67.247 E.38128
G1 X-37.867 Y61.371 E.27632
G1 X-32.133 Y55.637 E.38128
G1 X-32.133 Y49.761 E.27632
G1 X-37.867 Y55.495 E.38128
G1 X-37.867 Y53.186 E.10855
G1 X-32.133 Y46.194 F30000
G1 F6000
G1 X-32.133 Y43.885 E.10855
G1 X-37.867 Y49.619 E.38128
G1 X-37.867 Y43.743 E.27632
G1 X-32.133 Y38.009 E.38128
G1 X-32.133 Y32.133 E.27632
G1 X-37.867 Y37.867 E.38128
G1 X-37.867 Y31.991 E.27632
G1 X-32.133 Y26.257 E.38128
G1 X-32.133 Y28.566 E.10855
G1 X-37.867 Y23.806 F30000
G1 F6000
G1 X-37.867 Y26.115 E.10855
G1 X-32.133 Y20.381 E.38128
G1 X-32.133 Y14.505 E.27632
G1 X-37.867 Y20.239 E.38128
G1 X-37.867 Y14.363 E.27632
G1 X-32.133 Y8.629 E.38128
G1 X-32.133 Y2.753 E.27632
G1 X-37.867 Y8.487 E.38128
G1 X-37.867 Y2.611 E.27632
G1 X-32.133 Y-3.123 E.38128
G1 X-32.133 Y-8.999 E.27632
G1 X-37.867 Y-3.265 E.38128
G1 X-37.867 Y-9.141 E.27632
G1 X-32.133 Y-14.875 E.38128
G1 X-32.133 Y-20.751 E.27632
G1 X-37.867 Y-15.017 E.38128
G1 X-37.867 Y-20.894 E.27632
G1 X-32.133 Y-26.627 E.38128
G1 X-32.133 Y-32.503 E.27632
G1 X-37.867 Y-26.77 E.38128
G1 X-37.867 Y-32.646 E.27632
G1 X-32.133 Y-38.379 E.38128
G1 X-32.133 Y-44.255 E.27632
G1 X-37.867 Y-38.522 E.38128
G1 X-37.867 Y-44.398 E.27632
G1 X-32.133 Y-50.131 E.38128
G1 X-32.133 Y-56.007 E.27632
G1 X-37.867 Y-50.274 E.38128
G1 X-37.867 Y-52.582 E.10855
G1 X-32.133 Y-59.575 F30000
G1 F6000
G1 X-32.133 Y-61.883 E.10855
G1 X-37.867 Y-56.15 E.38128
G1 X-37.867 Y-62.026 E.27632
G1 X-32.133 Y-67.759 E.38128
G1 X-32.133 Y-71.944 E.19679
G1 X-33.036 Y-71.944 E.04246
G1 X-33.036 Y-71.983 E.00187
G1 X-33.607 Y-71.773 E.02858
G1 X-34.113 Y-71.656 E.02442
G1 X-37.867 Y-67.902 E.24966
G1 X-37.867 Y-70.21 E.10855
G1 X-37.628 Y-72.29 F30000
;TYPE:Gap infill
;WIDTH:0.635942
G1 F9000
G1 X-37.628 Y-77.824 E.26744
G1 E-1.2 F2100
;WIPE_START
G1 F9000
G1 X-37.628 Y-75.824
;WIPE_END
G1 X-32.372 Y-77.824 Z6.4 F30000
G1 Z6
G1 E1.2 F2100
G1 F9000
G1 X-32.372 Y-72.29 E.26744
;LAYER_CHANGE
;Z:6.2
;HEIGHT:0.2
;BEFORE_LAYER_CHANGE
;6.2
G1 E-1.2 F2100
;WIPE_START
G1 F9000
G1 X-32.372 Y-74.29
;WIPE_END
;AFTER_LAYER_CHANGE
;6.2
;_SET_FAN_SPEED_CHANGING_LAYER
G17
G3 Z6.6 I-.034 J1.216 P1  F30000
G1 X36.629 Y-72.336 Z6.6
G1 Z6.2
G1 E1.2 F2100
M73 P66 R8
SET_VELOCITY_LIMIT ACCEL=5000
;TYPE:Inner wall
;WIDTH:0.62
G1 F9000
G1 X36.629 Y-78.113 E.27164
G1 X38.213 Y-78.113 E.07449
G1 X38.213 Y78.113 E7.34647
G1 X-38.213 Y78.113 E3.5939
G1 X-38.213 Y-78.113 E7.34647
G1 X-36.629 Y-78.113 E.07449
G1 X-36.629 Y-72.295 E.27358
G1 X-35.672 Y-72.073 E.0462
G1 X-35 Y-72.02 E.03169
G1 X-34.328 Y-72.073 E.03169
G1 X-33.371 Y-72.295 E.0462
G1 X-33.371 Y-78.113 E.27358
G1 X-31.787 Y-78.113 E.07449
G1 X-31.787 Y71.687 E7.0443
G1 X31.787 Y71.687 E2.98955
G1 X31.787 Y-78.113 E7.0443
G1 X33.371 Y-78.113 E.07449
G1 X33.371 Y-72.295 E.27358
G1 X34.328 Y-72.073 E.0462
G1 X35 Y-72.02 E.03169
G1 X35.672 Y-72.073 E.03169
G1 X36.629 Y-72.295 E.0462
G1 X36.629 Y-72.3 E.00025
SET_VELOCITY_LIMIT ACCEL=10000
G1 X36.052 Y-72.754 F30000
SET_VELOCITY_LIMIT ACCEL=5000
;TYPE:Outer wall
G1 F2400
G1 X36.052 Y-72.962 E.00978
G1 F1620
G1 X36.052 Y-74.202 E.05831
G1 X36.052 Y-77.346 E.14785
G1 X36.052 Y-78.69 E.0632
M106 S255
G1 X37.396 Y-78.69 E.0632
G1 F7200
G1 X37.86 Y-78.69 E.02182
G1 X38.79 Y-78.69 E.04373
G1 X38.79 Y78.69 E7.40074
G1 X-38.79 Y78.69 E3.64817
G1 X-38.79 Y-78.69 E7.40074
G1 X-37.86 Y-78.69 E.04373
M73 P66 R7
G1 X-37.396 Y-78.69 E.02182
G1 F1620
G1 X-36.052 Y-78.69 E.0632
G1 X-36.052 Y-77.346 E.0632
G1 X-36.052 Y-74.202 E.14785
G1 X-36.052 Y-72.962 E.05831
M106 S255
G1 F2400
G1 X-36.052 Y-72.754 E.00978
G1 F7200
G1 X-35.583 Y-72.645 E.02264
G1 X-35 Y-72.599 E.0275
G1 X-34.417 Y-72.645 E.0275
G1 X-33.948 Y-72.754 E.02264
G1 F2400
G1 X-33.948 Y-72.962 E.00978
G1 F1620
G1 X-33.948 Y-74.202 E.05831
G1 X-33.948 Y-77.346 E.14785
G1 X-33.948 Y-78.69 E.0632
M106 S255
G1 X-32.604 Y-78.69 E.0632
G1 F7200
G1 X-32.14 Y-78.69 E.02182
G1 X-31.21 Y-78.69 E.04373
G1 X-31.21 Y-77.76 E.04373
G1 X-31.21 Y70.308 E6.96285
G1 X-31.21 Y71.11 E.03771
G1 X-30.408 Y71.11 E.03771
G1 X30.408 Y71.11 E2.85985
G1 X31.21 Y71.11 E.03771
G1 X31.21 Y70.308 E.03771
G1 X31.21 Y-77.76 E6.96285
G1 X31.21 Y-78.69 E.04373
G1 X32.14 Y-78.69 E.04373
G1 X32.604 Y-78.69 E.02182
G1 F1620
G1 X33.948 Y-78.69 E.0632
G1 X33.948 Y-77.346 E.0632
G1 X33.948 Y-74.202 E.14785
G1 X33.948 Y-72.962 E.05831
M106 S255
G1 F2400
G1 X33.948 Y-72.754 E.00978
G1 F7200
G1 X34.417 Y-72.645 E.02264
G1 X35 Y-72.599 E.0275
G1 X35.583 Y-72.645 E.0275
G1 X36.017 Y-72.746 E.02095
SET_VELOCITY_LIMIT ACCEL=10000
G1 E-1.2 F2100
;WIPE_START
G1 F7200
G1 X36.028 Y-74.745
;WIPE_END
G1 X37.673 Y-72.315 Z6.6 F30000
G1 Z6.2
G1 E1.2 F2100
SET_VELOCITY_LIMIT ACCEL=7000
;TYPE:Internal solid infill
;WIDTH:0.546438
G1 F9000
G1 X37.673 Y-77.573 E.21573
G1 X37.169 Y-77.573 E.02066
G1 X37.169 Y-72.386 E.2128
G1 X37.637 Y-72.32 E.01939
SET_VELOCITY_LIMIT ACCEL=10000
G1 X32.327 Y-72.315 F30000
SET_VELOCITY_LIMIT ACCEL=7000
;WIDTH:0.546437
G1 F9000
G1 X32.831 Y-72.383 E.02085
G1 X32.831 Y-77.573 E.21294
G1 X32.327 Y-77.573 E.02066
G1 X32.327 Y-72.351 E.21425
SET_VELOCITY_LIMIT ACCEL=10000
G1 X32.133 Y-69.698 F30000
;TYPE:Sparse infill
;WIDTH:0.62
G1 F6000
G1 X32.133 Y-67.389 E.10855
G1 X36.587 Y-71.843 E.29615
G1 X36.796 Y-71.696 E.01203
G1 X37.222 Y-71.853 E.02133
G1 X37.32 Y-71.823 E.00483
G1 X37.406 Y-71.823 E.00403
G1 X37.522 Y-71.775 E.00591
G1 X37.867 Y-71.775 E.01622
G1 X37.867 Y-67.247 E.21292
G1 X32.133 Y-61.513 E.38128
G1 X32.133 Y-55.637 E.27632
G1 X37.867 Y-61.371 E.38128
M73 P67 R7
G1 X37.867 Y-55.495 E.27632
G1 X32.133 Y-49.761 E.38128
G1 X32.133 Y-43.885 E.27632
G1 X37.867 Y-49.619 E.38128
G1 X37.867 Y-43.743 E.27632
G1 X32.133 Y-38.009 E.38128
G1 X32.133 Y-40.318 E.10855
G1 X37.867 Y-35.558 F30000
G1 F6000
G1 X37.867 Y-37.867 E.10855
G1 X32.133 Y-32.133 E.38128
G1 X32.133 Y-26.257 E.27632
G1 X37.867 Y-31.991 E.38128
G1 X37.867 Y-26.115 E.27632
G1 X32.133 Y-20.381 E.38128
G1 X32.133 Y-14.505 E.27632
G1 X37.867 Y-20.239 E.38128
G1 X37.867 Y-17.93 E.10855
G1 X32.133 Y-10.938 F30000
G1 F6000
G1 X32.133 Y-8.629 E.10855
G1 X37.867 Y-14.363 E.38128
G1 X37.867 Y-8.487 E.27632
G1 X32.133 Y-2.753 E.38128
G1 X32.133 Y3.123 E.27632
G1 X37.867 Y-2.611 E.38128
G1 X37.867 Y3.265 E.27632
G1 X32.133 Y8.999 E.38128
G1 X32.133 Y6.69 E.10855
G1 X37.867 Y11.45 F30000
G1 F6000
G1 X37.867 Y9.141 E.10855
G1 X32.133 Y14.875 E.38128
G1 X32.133 Y20.751 E.27632
G1 X37.867 Y15.017 E.38128
G1 X37.867 Y17.326 E.10855
G1 X32.133 Y24.319 F30000
G1 F6000
G1 X32.133 Y26.627 E.10855
G1 X37.867 Y20.894 E.38128
G1 X37.867 Y26.77 E.27632
G1 X32.133 Y32.503 E.38128
G1 X32.133 Y38.379 E.27632
G1 X37.867 Y32.646 E.38128
G1 X37.867 Y38.522 E.27632
G1 X32.133 Y44.255 E.38128
G1 X32.133 Y41.947 E.10855
G1 X37.867 Y46.706 F30000
G1 F6000
G1 X37.867 Y44.398 E.10855
G1 X32.133 Y50.131 E.38128
G1 X32.133 Y56.007 E.27632
G1 X37.867 Y50.274 E.38128
G1 X37.867 Y56.15 E.27632
G1 X32.133 Y61.883 E.38128
G1 X32.133 Y67.759 E.27632
G1 X37.867 Y62.026 E.38128
G1 X37.867 Y67.902 E.27632
G1 X28.002 Y77.767 E.65605
G1 X33.878 Y77.767 E.27632
G1 X37.867 Y73.778 E.26528
G1 X37.867 Y76.086 E.10855
G1 X30.167 Y72.033 F30000
G1 F6000
G1 X27.859 Y72.033 E.10855
G1 X22.126 Y77.767 E.38128
G1 X16.25 Y77.767 E.27632
G1 X21.983 Y72.033 E.38128
G1 X16.107 Y72.033 E.27632
G1 X10.374 Y77.767 E.38128
G1 X4.498 Y77.767 E.27632
G1 X10.231 Y72.033 E.38128
G1 X12.539 Y72.033 E.10855
G1 X.93 Y77.767 F30000
G1 F6000
G1 X-1.378 Y77.767 E.10855
G1 X4.355 Y72.033 E.38128
G1 X-1.521 Y72.033 E.27632
G1 X-7.254 Y77.767 E.38128
G1 X-13.13 Y77.767 E.27632
G1 X-7.397 Y72.033 E.38128
G1 X-13.273 Y72.033 E.27632
G1 X-19.007 Y77.767 E.38128
G1 X-21.315 Y77.767 E.10855
G1 X-16.841 Y72.033 F30000
G1 F6000
G1 X-19.149 Y72.033 E.10855
G1 X-24.883 Y77.767 E.38128
G1 X-30.759 Y77.767 E.27632
G1 X-25.025 Y72.033 E.38128
G1 X-30.901 Y72.033 E.27632
G1 X-36.635 Y77.767 E.38128
G1 X-37.867 Y77.767 E.05794
G1 X-37.867 Y73.123 E.21838
G1 X-32.133 Y67.389 E.38128
G1 X-32.133 Y61.513 E.27632
G1 X-37.867 Y67.247 E.38128
G1 X-37.867 Y61.371 E.27632
G1 X-32.133 Y55.637 E.38128
G1 X-32.133 Y49.761 E.27632
G1 X-37.867 Y55.495 E.38128
G1 X-37.867 Y49.619 E.27632
G1 X-32.133 Y43.885 E.38128
G1 X-32.133 Y38.009 E.27632
G1 X-37.867 Y43.743 E.38128
G1 X-37.867 Y41.434 E.10855
G1 X-32.133 Y34.442 F30000
G1 F6000
G1 X-32.133 Y32.133 E.10855
G1 X-37.867 Y37.867 E.38128
G1 X-37.867 Y31.991 E.27632
G1 X-32.133 Y26.257 E.38128
G1 X-32.133 Y28.566 E.10855
G1 X-37.867 Y28.423 F30000
G1 F6000
G1 X-37.867 Y26.115 E.10855
G1 X-32.133 Y20.381 E.38128
G1 X-32.133 Y14.505 E.27632
G1 X-37.867 Y20.239 E.38128
G1 X-37.867 Y14.363 E.27632
G1 X-32.133 Y8.629 E.38128
G1 X-32.133 Y2.753 E.27632
G1 X-37.867 Y8.487 E.38128
G1 X-37.867 Y6.178 E.10855
G1 X-32.133 Y-.814 F30000
G1 F6000
G1 X-32.133 Y-3.123 E.10855
G1 X-37.867 Y2.611 E.38128
G1 X-37.867 Y-3.265 E.27632
G1 X-32.133 Y-8.999 E.38128
G1 X-32.133 Y-6.69 E.10855
G1 X-37.867 Y-11.45 F30000
G1 F6000
G1 X-37.867 Y-9.141 E.10855
G1 X-32.133 Y-14.875 E.38128
G1 X-32.133 Y-20.751 E.27632
G1 X-37.867 Y-15.017 E.38128
G1 X-37.867 Y-20.894 E.27632
G1 X-32.133 Y-26.627 E.38128
G1 X-32.133 Y-32.503 E.27632
G1 X-37.867 Y-26.77 E.38128
G1 X-37.867 Y-32.646 E.27632
G1 X-32.133 Y-38.379 E.38128
G1 X-32.133 Y-44.255 E.27632
G1 X-37.867 Y-38.522 E.38128
G1 X-37.867 Y-44.398 E.27632
G1 X-32.133 Y-50.131 E.38128
G1 X-32.133 Y-56.007 E.27632
G1 X-37.867 Y-50.274 E.38128
G1 X-37.867 Y-56.15 E.27632
G1 X-32.133 Y-61.883 E.38128
G1 X-32.133 Y-67.759 E.27632
G1 X-37.867 Y-62.026 E.38128
G1 X-37.867 Y-67.902 E.27632
G1 X-33.967 Y-71.802 E.25935
G1 X-34.275 Y-71.73 E.01488
G1 X-35 Y-71.673 E.03419
G1 X-35.725 Y-71.73 E.03419
G1 X-36.248 Y-71.851 E.02528
G1 X-37.169 Y-72.383 F30000
SET_VELOCITY_LIMIT ACCEL=7000
;TYPE:Internal solid infill
;WIDTH:0.546437
G1 F9000
G1 X-37.169 Y-77.573 E.21294
G1 X-37.673 Y-77.573 E.02066
G1 X-37.673 Y-72.315 E.21573
G1 X-37.205 Y-72.378 E.01937
SET_VELOCITY_LIMIT ACCEL=10000
G1 X-32.327 Y-72.315 F30000
SET_VELOCITY_LIMIT ACCEL=7000
;WIDTH:0.546438
G1 F9000
G1 X-32.327 Y-77.573 E.21573
G1 X-32.831 Y-77.573 E.02066
G1 X-32.831 Y-72.386 E.2128
G1 X-32.363 Y-72.32 E.01939
;LAYER_CHANGE
;Z:6.4
;HEIGHT:0.2
;BEFORE_LAYER_CHANGE
;6.4
G1 E-1.2 F2100
;WIPE_START
G1 F9000
G1 X-32.831 Y-72.386
G1 X-32.831 Y-73.914
;WIPE_END
;AFTER_LAYER_CHANGE
;6.4
;_SET_FAN_SPEED_CHANGING_LAYER
SET_VELOCITY_LIMIT ACCEL=10000
G17
G3 Z6.8 I-1.112 J.494 P1  F30000
G1 X31.787 Y71.687 Z6.8
G1 Z6.4
G1 E1.2 F2100
SET_VELOCITY_LIMIT ACCEL=5000
;TYPE:Inner wall
;WIDTH:0.62
G1 F9000
G1 X31.787 Y-78.113 E7.0443
G1 X32.14 Y-78.113 E.0166
G1 X33.018 Y-78.113 E.04129
G1 F2400
G1 X34.258 Y-78.113 E.05831
G1 F600
G1 X34.558 Y-78.113 E.01411
SET_VELOCITY_LIMIT ACCEL=2500
;TYPE:Overhang wall
G1 X35.442 Y-78.113 E.04157
SET_VELOCITY_LIMIT ACCEL=5000
;TYPE:Inner wall
G1 X35.742 Y-78.113 E.01411
M106 S255
G1 F2400
G1 X36.982 Y-78.113 E.05831
G1 F9000
G1 X37.86 Y-78.113 E.04129
G1 X38.213 Y-78.113 E.0166
G1 X38.213 Y78.113 E7.34648
G1 X-38.213 Y78.113 E3.59391
G1 X-38.213 Y-78.113 E7.34648
G1 X-37.86 Y-78.113 E.0166
M73 P68 R7
G1 X-36.982 Y-78.113 E.04129
G1 F2400
G1 X-35.742 Y-78.113 E.05831
G1 F600
G1 X-35.442 Y-78.113 E.01411
SET_VELOCITY_LIMIT ACCEL=2500
;TYPE:Overhang wall
G1 X-34.558 Y-78.113 E.04157
SET_VELOCITY_LIMIT ACCEL=5000
;TYPE:Inner wall
G1 X-34.258 Y-78.113 E.01411
M106 S255
G1 F2400
G1 X-33.018 Y-78.113 E.05831
G1 F9000
G1 X-32.14 Y-78.113 E.04129
G1 X-31.787 Y-78.113 E.0166
G1 X-31.787 Y71.687 E7.0443
G1 X31.751 Y71.687 E2.98785
SET_VELOCITY_LIMIT ACCEL=10000
G1 X31.21 Y71.11 F30000
SET_VELOCITY_LIMIT ACCEL=5000
;TYPE:Outer wall
G1 F7200
G1 X31.21 Y70.308 E.03771
G1 X31.21 Y-77.76 E6.96285
G1 X31.21 Y-78.69 E.04373
G1 X32.14 Y-78.69 E.04373
G1 X33.018 Y-78.69 E.04129
G1 F2400
G1 X34.258 Y-78.69 E.05831
G1 F600
G1 X34.558 Y-78.69 E.01411
SET_VELOCITY_LIMIT ACCEL=2500
;TYPE:Overhang wall
G1 X35.442 Y-78.69 E.04157
SET_VELOCITY_LIMIT ACCEL=5000
;TYPE:Outer wall
G1 X35.742 Y-78.69 E.01411
M106 S255
G1 F2400
G1 X36.982 Y-78.69 E.05831
G1 F7200
G1 X37.86 Y-78.69 E.04129
G1 X38.79 Y-78.69 E.04373
G1 X38.79 Y78.69 E7.40074
G1 X-38.79 Y78.69 E3.64817
G1 X-38.79 Y-78.69 E7.40074
G1 X-37.86 Y-78.69 E.04373
G1 X-36.982 Y-78.69 E.04129
G1 F2400
G1 X-35.742 Y-78.69 E.05831
G1 F600
G1 X-35.442 Y-78.69 E.01411
SET_VELOCITY_LIMIT ACCEL=2500
;TYPE:Overhang wall
G1 X-34.558 Y-78.69 E.04157
SET_VELOCITY_LIMIT ACCEL=5000
;TYPE:Outer wall
G1 X-34.258 Y-78.69 E.01411
M106 S255
G1 F2400
G1 X-33.018 Y-78.69 E.05831
G1 F7200
G1 X-32.14 Y-78.69 E.04129
G1 X-31.21 Y-78.69 E.04373
G1 X-31.21 Y-77.76 E.04373
G1 X-31.21 Y70.308 E6.96285
G1 X-31.21 Y71.11 E.03771
G1 X-30.408 Y71.11 E.03771
G1 X30.348 Y71.11 E2.85703
G1 X31.174 Y71.11 E.03884
SET_VELOCITY_LIMIT ACCEL=10000
G1 E-1.2 F2100
;WIPE_START
G1 F7200
G1 X31.174 Y69.11
;WIPE_END
G1 X36.458 Y74.618 Z6.8 F30000
G1 X37.867 Y76.086 Z6.8
G1 Z6.4
G1 E1.2 F2100
;TYPE:Sparse infill
G1 F6000
G1 X37.867 Y73.778 E.10855
G1 X33.878 Y77.767 E.26528
G1 X28.002 Y77.767 E.27632
G1 X37.867 Y67.902 E.65605
G1 X37.867 Y62.026 E.27632
G1 X32.133 Y67.759 E.38128
G1 X32.133 Y72.033 E.201
G1 X27.859 Y72.033 E.201
G1 X22.126 Y77.767 E.38128
G1 X16.25 Y77.767 E.27632
G1 X21.983 Y72.033 E.38128
G1 X16.107 Y72.033 E.27632
G1 X10.374 Y77.767 E.38128
G1 X4.498 Y77.767 E.27632
G1 X10.231 Y72.033 E.38128
G1 X12.539 Y72.033 E.10855
G1 X.93 Y77.767 F30000
G1 F6000
G1 X-1.378 Y77.767 E.10855
G1 X4.355 Y72.033 E.38128
G1 X-1.521 Y72.033 E.27632
G1 X-7.254 Y77.767 E.38128
G1 X-13.13 Y77.767 E.27632
G1 X-7.397 Y72.033 E.38128
G1 X-13.273 Y72.033 E.27632
G1 X-19.007 Y77.767 E.38128
G1 X-24.883 Y77.767 E.27632
G1 X-19.149 Y72.033 E.38128
G1 X-25.025 Y72.033 E.27632
G1 X-30.759 Y77.767 E.38128
G1 X-33.067 Y77.767 E.10855
G1 X-28.593 Y72.033 F30000
G1 F6000
G1 X-30.901 Y72.033 E.10855
G1 X-36.635 Y77.767 E.38128
G1 X-37.867 Y77.767 E.05794
G1 X-37.867 Y73.123 E.21838
G1 X-32.133 Y67.389 E.38128
G1 X-32.133 Y61.513 E.27632
G1 X-37.867 Y67.247 E.38128
G1 X-37.867 Y61.371 E.27632
G1 X-32.133 Y55.637 E.38128
G1 X-32.133 Y49.761 E.27632
G1 X-37.867 Y55.495 E.38128
G1 X-37.867 Y53.186 E.10855
G1 X-32.133 Y46.194 F30000
G1 F6000
G1 X-32.133 Y43.885 E.10855
G1 X-37.867 Y49.619 E.38128
G1 X-37.867 Y43.743 E.27632
G1 X-32.133 Y38.009 E.38128
G1 X-32.133 Y32.133 E.27632
G1 X-37.867 Y37.867 E.38128
G1 X-37.867 Y31.991 E.27632
G1 X-32.133 Y26.257 E.38128
G1 X-32.133 Y28.566 E.10855
G1 X-37.867 Y28.423 F30000
G1 F6000
G1 X-37.867 Y26.115 E.10855
G1 X-32.133 Y20.381 E.38128
G1 X-32.133 Y14.505 E.27632
G1 X-37.867 Y20.239 E.38128
G1 X-37.867 Y14.363 E.27632
G1 X-32.133 Y8.629 E.38128
G1 X-32.133 Y2.753 E.27632
G1 X-37.867 Y8.487 E.38128
G1 X-37.867 Y6.178 E.10855
G1 X-32.133 Y-.814 F30000
G1 F6000
G1 X-32.133 Y-3.123 E.10855
G1 X-37.867 Y2.611 E.38128
G1 X-37.867 Y-3.265 E.27632
G1 X-32.133 Y-8.999 E.38128
G1 X-32.133 Y-6.69 E.10855
G1 X-37.867 Y-11.45 F30000
G1 F6000
G1 X-37.867 Y-9.141 E.10855
G1 X-32.133 Y-14.875 E.38128
G1 X-32.133 Y-20.751 E.27632
M73 P69 R7
G1 X-37.867 Y-15.017 E.38128
G1 X-37.867 Y-20.894 E.27632
G1 X-32.133 Y-26.627 E.38128
G1 X-32.133 Y-32.503 E.27632
G1 X-37.867 Y-26.77 E.38128
G1 X-37.867 Y-32.646 E.27632
G1 X-32.133 Y-38.379 E.38128
G1 X-32.133 Y-44.255 E.27632
G1 X-37.867 Y-38.522 E.38128
G1 X-37.867 Y-44.398 E.27632
G1 X-32.133 Y-50.131 E.38128
G1 X-32.133 Y-56.007 E.27632
G1 X-37.867 Y-50.274 E.38128
G1 X-37.867 Y-56.15 E.27632
G1 X-32.133 Y-61.883 E.38128
G1 X-32.133 Y-67.759 E.27632
G1 X-37.867 Y-62.026 E.38128
G1 X-37.867 Y-67.902 E.27632
G1 X-34.275 Y-71.494 E.23889
G1 X-34.976 Y-71.433 E.03311
G1 X-35.667 Y-71.484 E.03259
G1 X-36.41 Y-71.652 E.0358
G1 X-36.55 Y-71.702 E.00702
G1 X-37.758 Y-72.301 F30000
SET_VELOCITY_LIMIT ACCEL=7000
;TYPE:Internal solid infill
;WIDTH:0.55292
G1 F9000
G1 X-37.822 Y-72.301 E.00265
G1 X-37.854 Y-72.245 E.00265
G1 X-37.822 Y-72.19 E.00265
G1 X-37.758 Y-72.19 E.00265
G1 X-37.744 Y-72.214 E.00115
SET_VELOCITY_LIMIT ACCEL=10000
G1 X-37.784 Y-77.617 F30000
SET_VELOCITY_LIMIT ACCEL=2500
;TYPE:Bridge
;WIDTH:0.62
G1 F1500
G1 X-32.476 Y-77.617 E.24958
G1 X-32.476 Y-77.04 E.02714
G1 X-37.524 Y-77.04 E.23736
G1 X-37.524 Y-76.463 E.02714
G1 X-32.476 Y-76.463 E.23736
G1 X-32.476 Y-75.886 E.02714
G1 X-37.524 Y-75.886 E.23736
G1 X-37.524 Y-75.309 E.02714
G1 X-32.476 Y-75.309 E.23736
G1 X-32.476 Y-74.732 E.02714
G1 X-37.524 Y-74.732 E.23736
G1 X-37.524 Y-74.155 E.02714
G1 X-32.476 Y-74.155 E.23736
G1 X-32.476 Y-73.578 E.02714
G1 X-37.524 Y-73.578 E.23736
G1 X-37.524 Y-73 E.02714
G1 X-32.476 Y-73 E.23736
G1 X-32.513 Y-72.687 E.01482
G1 X-32.591 Y-72.428 E.01275
G1 X-32.611 Y-72.448 E.00132
G1 X-32.915 Y-72.514 E.01461
G1 X-33.161 Y-72.423 E.01235
G1 X-37.682 Y-72.423 E.21261
SET_VELOCITY_LIMIT ACCEL=10000
G1 X-32.212 Y-72.247 F30000
SET_VELOCITY_LIMIT ACCEL=7000
;TYPE:Internal solid infill
;WIDTH:0.55292
G1 F9000
M106 S255
G1 X-32.156 Y-72.64 E.01649
SET_VELOCITY_LIMIT ACCEL=10000
G1 E-1.2 F2100
;WIPE_START
G1 F9000
G1 X-32.212 Y-72.247
;WIPE_END
G1 X-24.585 Y-71.945 Z6.8 F30000
G1 X32.133 Y-69.698 Z6.8
G1 Z6.4
G1 E1.2 F2100
;TYPE:Sparse infill
;WIDTH:0.62
G1 F6000
G1 X32.133 Y-67.389 E.10855
G1 X36.392 Y-71.648 E.28324
G1 X37.112 Y-71.909 E.03597
G1 X37.198 Y-71.823 E.00574
G1 X37.867 Y-71.823 E.03145
G1 X37.867 Y-67.247 E.21518
G1 X32.133 Y-61.513 E.38128
G1 X32.133 Y-55.637 E.27632
G1 X37.867 Y-61.371 E.38128
G1 X37.867 Y-55.495 E.27632
G1 X32.133 Y-49.761 E.38128
G1 X32.133 Y-52.07 E.10855
G1 X37.867 Y-47.31 F30000
G1 F6000
G1 X37.867 Y-49.619 E.10855
G1 X32.133 Y-43.885 E.38128
G1 X32.133 Y-38.009 E.27632
G1 X37.867 Y-43.743 E.38128
G1 X37.867 Y-37.867 E.27632
G1 X32.133 Y-32.133 E.38128
G1 X32.133 Y-26.257 E.27632
G1 X37.867 Y-31.991 E.38128
G1 X37.867 Y-26.115 E.27632
G1 X32.133 Y-20.381 E.38128
G1 X32.133 Y-22.69 E.10855
G1 X37.867 Y-17.93 F30000
G1 F6000
G1 X37.867 Y-20.239 E.10855
G1 X32.133 Y-14.505 E.38128
G1 X32.133 Y-8.629 E.27632
G1 X37.867 Y-14.363 E.38128
G1 X37.867 Y-8.487 E.27632
G1 X32.133 Y-2.753 E.38128
G1 X32.133 Y3.123 E.27632
G1 X37.867 Y-2.611 E.38128
G1 X37.867 Y3.265 E.27632
G1 X32.133 Y8.999 E.38128
G1 X32.133 Y6.69 E.10855
G1 X37.867 Y11.45 F30000
G1 F6000
G1 X37.867 Y9.141 E.10855
G1 X32.133 Y14.875 E.38128
G1 X32.133 Y20.751 E.27632
G1 X37.867 Y15.017 E.38128
G1 X37.867 Y20.894 E.27632
G1 X32.133 Y26.627 E.38128
G1 X32.133 Y32.503 E.27632
G1 X37.867 Y26.77 E.38128
G1 X37.867 Y29.078 E.10855
G1 X32.133 Y36.071 F30000
G1 F6000
G1 X32.133 Y38.379 E.10855
G1 X37.867 Y32.646 E.38128
G1 X37.867 Y38.522 E.27632
G1 X32.133 Y44.255 E.38128
G1 X32.133 Y50.131 E.27632
G1 X37.867 Y44.398 E.38128
G1 X37.867 Y50.274 E.27632
G1 X32.133 Y56.007 E.38128
G1 X32.133 Y61.883 E.27632
G1 X37.867 Y56.15 E.38128
G1 X37.867 Y53.841 E.10855
G1 X37.788 Y-72.247 F30000
SET_VELOCITY_LIMIT ACCEL=7000
;TYPE:Internal solid infill
;WIDTH:0.55292
G1 F9000
G1 X37.844 Y-72.64 E.01649
SET_VELOCITY_LIMIT ACCEL=10000
G1 X37.784 Y-77.617 F30000
SET_VELOCITY_LIMIT ACCEL=2500
;TYPE:Bridge
;WIDTH:0.62
G1 F1500
G1 X32.476 Y-77.617 E.24958
G1 X32.476 Y-77.04 E.02714
G1 X37.524 Y-77.04 E.23736
G1 X37.524 Y-76.463 E.02714
G1 X32.476 Y-76.463 E.23736
G1 X32.476 Y-75.886 E.02714
G1 X37.524 Y-75.886 E.23736
G1 X37.524 Y-75.309 E.02714
G1 X32.476 Y-75.309 E.23736
G1 X32.476 Y-74.732 E.02714
G1 X37.524 Y-74.732 E.23736
G1 X37.524 Y-74.155 E.02714
G1 X32.476 Y-74.155 E.23736
G1 X32.476 Y-73.578 E.02714
G1 X37.524 Y-73.578 E.23736
G1 X37.524 Y-73 E.02714
G1 X32.476 Y-73 E.23736
G1 X32.513 Y-72.687 E.01483
G1 X32.591 Y-72.428 E.01274
G1 X32.611 Y-72.448 E.00132
G1 X32.915 Y-72.514 E.01461
G1 X33.161 Y-72.423 E.01235
G1 X37.682 Y-72.423 E.21261
SET_VELOCITY_LIMIT ACCEL=10000
G1 X32.242 Y-72.301 F30000
SET_VELOCITY_LIMIT ACCEL=7000
;TYPE:Internal solid infill
;WIDTH:0.55292
G1 F9000
M106 S255
G1 X32.178 Y-72.301 E.00265
G1 X32.146 Y-72.245 E.00265
G1 X32.178 Y-72.19 E.00265
G1 X32.242 Y-72.19 E.00265
G1 X32.256 Y-72.214 E.00115
;LAYER_CHANGE
;Z:6.6
;HEIGHT:0.2
;BEFORE_LAYER_CHANGE
;6.6
G1 E-1.2 F2100
;WIPE_START
G1 F9000
G1 X32.242 Y-72.19
G1 X32.178 Y-72.19
G1 X32.146 Y-72.245
G1 X32.178 Y-72.301
G1 X32.242 Y-72.301
;WIPE_END
;AFTER_LAYER_CHANGE
;6.6
;_SET_FAN_SPEED_CHANGING_LAYER
SET_VELOCITY_LIMIT ACCEL=10000
G17
G3 Z7 I-1.217 J-.004 P1  F30000
G1 X31.787 Y71.687 Z7
G1 Z6.6
G1 E1.2 F2100
SET_VELOCITY_LIMIT ACCEL=5000
;TYPE:Inner wall
;WIDTH:0.62
G1 F9000
G1 X31.787 Y-78.113 E7.0443
G1 X38.213 Y-78.113 E.30217
G1 X38.213 Y78.113 E7.34647
G1 X-38.213 Y78.113 E3.5939
G1 X-38.213 Y-78.113 E7.34647
G1 X-31.787 Y-78.113 E.30217
M73 P70 R7
G1 X-31.787 Y71.687 E7.0443
G1 X31.751 Y71.687 E2.98786
SET_VELOCITY_LIMIT ACCEL=10000
G1 X31.21 Y71.11 F30000
SET_VELOCITY_LIMIT ACCEL=5000
;TYPE:Outer wall
G1 F7200
G1 X31.21 Y-78.69 E7.0443
G1 X38.79 Y-78.69 E.35645
G1 X38.79 Y78.69 E7.40074
G1 X-38.79 Y78.69 E3.64817
G1 X-38.79 Y-78.69 E7.40074
G1 X-31.21 Y-78.69 E.35645
G1 X-31.21 Y71.11 E7.0443
G1 X31.174 Y71.11 E2.93359
SET_VELOCITY_LIMIT ACCEL=10000
G1 E-1.2 F2100
;WIPE_START
G1 F7200
G1 X31.174 Y69.11
;WIPE_END
G1 X36.458 Y74.618 Z7 F30000
G1 X37.867 Y76.086 Z7
G1 Z6.6
G1 E1.2 F2100
;TYPE:Sparse infill
G1 F6000
G1 X37.867 Y73.778 E.10855
G1 X33.878 Y77.767 E.26528
G1 X28.002 Y77.767 E.27632
G1 X37.867 Y67.902 E.65605
G1 X37.867 Y62.026 E.27632
G1 X32.133 Y67.759 E.38128
G1 X32.133 Y72.033 E.201
G1 X27.859 Y72.033 E.201
G1 X22.126 Y77.767 E.38128
G1 X16.25 Y77.767 E.27632
G1 X21.983 Y72.033 E.38128
G1 X16.107 Y72.033 E.27632
G1 X10.374 Y77.767 E.38128
G1 X4.498 Y77.767 E.27632
G1 X10.231 Y72.033 E.38128
G1 X4.355 Y72.033 E.27632
G1 X-1.378 Y77.767 E.38128
G1 X-7.254 Y77.767 E.27632
G1 X-1.521 Y72.033 E.38128
G1 X-7.397 Y72.033 E.27632
G1 X-13.13 Y77.767 E.38128
G1 X-19.007 Y77.767 E.27632
G1 X-13.273 Y72.033 E.38128
G1 X-19.149 Y72.033 E.27632
G1 X-24.883 Y77.767 E.38128
G1 X-30.759 Y77.767 E.27632
G1 X-25.025 Y72.033 E.38128
G1 X-30.901 Y72.033 E.27632
M73 P70 R6
G1 X-36.635 Y77.767 E.38128
G1 X-37.867 Y77.767 E.05794
G1 X-37.867 Y73.123 E.21838
G1 X-32.133 Y67.389 E.38128
G1 X-32.133 Y61.513 E.27632
G1 X-37.867 Y67.247 E.38128
G1 X-37.867 Y61.371 E.27632
G1 X-32.133 Y55.637 E.38128
G1 X-32.133 Y49.761 E.27632
G1 X-37.867 Y55.495 E.38128
G1 X-37.867 Y53.186 E.10855
G1 X-32.133 Y46.194 F30000
G1 F6000
G1 X-32.133 Y43.885 E.10855
G1 X-37.867 Y49.619 E.38128
G1 X-37.867 Y43.743 E.27632
G1 X-32.133 Y38.009 E.38128
G1 X-32.133 Y32.133 E.27632
G1 X-37.867 Y37.867 E.38128
G1 X-37.867 Y35.558 E.10855
G1 X-32.133 Y28.566 F30000
G1 F6000
G1 X-32.133 Y26.257 E.10855
G1 X-37.867 Y31.991 E.38128
G1 X-37.867 Y26.115 E.27632
G1 X-32.133 Y20.381 E.38128
G1 X-32.133 Y14.505 E.27632
G1 X-37.867 Y20.239 E.38128
G1 X-37.867 Y14.363 E.27632
G1 X-32.133 Y8.629 E.38128
G1 X-32.133 Y2.753 E.27632
G1 X-37.867 Y8.487 E.38128
G1 X-37.867 Y6.178 E.10855
G1 X-32.133 Y-.814 F30000
G1 F6000
G1 X-32.133 Y-3.123 E.10855
G1 X-37.867 Y2.611 E.38128
G1 X-37.867 Y-3.265 E.27632
G1 X-32.133 Y-8.999 E.38128
G1 X-32.133 Y-14.875 E.27632
G1 X-37.867 Y-9.141 E.38128
G1 X-37.867 Y-15.017 E.27632
G1 X-32.133 Y-20.751 E.38128
G1 X-32.133 Y-26.627 E.27632
G1 X-37.867 Y-20.894 E.38128
G1 X-37.867 Y-23.202 E.10855
M73 P71 R6
G1 X-32.133 Y-30.195 F30000
G1 F6000
G1 X-32.133 Y-32.503 E.10855
G1 X-37.867 Y-26.77 E.38128
G1 X-37.867 Y-32.646 E.27632
G1 X-32.133 Y-38.379 E.38128
G1 X-32.133 Y-44.255 E.27632
G1 X-37.867 Y-38.522 E.38128
G1 X-37.867 Y-44.398 E.27632
G1 X-32.133 Y-50.131 E.38128
G1 X-32.133 Y-47.823 E.10855
G1 X-37.867 Y-52.582 F30000
G1 F6000
G1 X-37.867 Y-50.274 E.10855
G1 X-32.133 Y-56.007 E.38128
G1 X-32.133 Y-61.883 E.27632
G1 X-37.867 Y-56.15 E.38128
G1 X-37.867 Y-58.458 E.10855
G1 X-32.133 Y-65.451 F30000
G1 F6000
G1 X-32.133 Y-67.759 E.10855
G1 X-37.867 Y-62.026 E.38128
G1 X-37.867 Y-67.902 E.27632
G1 X-34.129 Y-71.64 E.24858
G1 X-33.167 Y-71.863 E.04642
G1 X-32.904 Y-72.194 E.01991
G1 X-32.904 Y-72.865 E.03153
G1 X-32.133 Y-73.635 E.05124
G1 X-32.133 Y-75.943 E.10855
G1 X-33.558 Y-77.497 F30000
SET_VELOCITY_LIMIT ACCEL=7000
;TYPE:Internal solid infill
;WIDTH:0.879254
G1 F8967.709
G1 X-33.663 Y-77.497 E.00712
G1 X-33.715 Y-77.406 E.00712
G1 X-33.663 Y-77.316 E.00712
G1 X-33.558 Y-77.316 E.00712
G1 X-33.524 Y-77.375 E.00467
SET_VELOCITY_LIMIT ACCEL=10000
G1 X-35.176 Y-78.026 F30000
SET_VELOCITY_LIMIT ACCEL=7000
;WIDTH:0.658471
G1 F9000
G1 X-33.481 Y-76.332 E.12023
G1 X-33.481 Y-75.461 E.04366
G1 X-35.787 Y-77.767 E.16356
G1 X-36.519 Y-77.767 E.03675
G1 X-36.519 Y-77.629 E.00692
G1 X-33.481 Y-74.59 E.21553
G1 X-33.481 Y-73.72 E.04366
G1 X-36.519 Y-76.758 E.21553
G1 X-36.519 Y-75.888 E.04366
G1 X-33.481 Y-72.849 E.21553
G1 X-33.481 Y-72.395 E.02277
G1 X-33.494 Y-72.379 E.00104
G1 X-33.808 Y-72.306 E.0162
G1 X-36.519 Y-75.017 E.19231
G1 X-36.519 Y-74.147 E.04366
G1 X-34.539 Y-72.166 E.14047
G1 X-34.999 Y-72.13 E.02314
G1 X-35.405 Y-72.162 E.02044
G1 X-36.519 Y-73.276 E.07904
G1 X-36.519 Y-72.406 E.04366
G1 X-36.142 Y-72.028 E.02679
SET_VELOCITY_LIMIT ACCEL=10000
G1 X-37.867 Y-71.469 F30000
;TYPE:Sparse infill
;WIDTH:0.62
G1 F6000
G1 X-37.867 Y-73.778 E.10855
G1 X-37.096 Y-74.548 E.05124
G1 X-37.096 Y-76.856 E.10855
G1 E-1.2 F2100
;WIPE_START
G1 F6000
G1 X-37.096 Y-74.856
;WIPE_END
G17
G3 Z7 I.013 J1.217 P1  F30000
G1 X32.133 Y-75.574 Z7
G1 Z6.6
G1 E1.2 F2100
G1 F6000
G1 X32.133 Y-73.265 E.10855
G1 X32.904 Y-74.036 E.05124
G1 X32.904 Y-76.344 E.10855
G1 X34.824 Y-78.026 F30000
SET_VELOCITY_LIMIT ACCEL=7000
;TYPE:Internal solid infill
;WIDTH:0.658471
G1 F9000
G1 X36.519 Y-76.332 E.12023
G1 X36.519 Y-75.461 E.04366
G1 X34.213 Y-77.767 E.16356
G1 X33.481 Y-77.767 E.03675
G1 X33.481 Y-77.629 E.00692
G1 X36.519 Y-74.59 E.21553
G1 X36.519 Y-73.72 E.04366
G1 X33.481 Y-76.758 E.21553
G1 X33.481 Y-75.888 E.04366
G1 X36.519 Y-72.849 E.21553
G1 X36.519 Y-72.395 E.02277
G1 X36.506 Y-72.379 E.00104
G1 X36.192 Y-72.306 E.0162
G1 X33.481 Y-75.017 E.19231
G1 X33.481 Y-74.147 E.04366
G1 X35.461 Y-72.166 E.14047
G1 X35.001 Y-72.13 E.02314
G1 X34.595 Y-72.162 E.02044
G1 X33.481 Y-73.276 E.07904
G1 X33.481 Y-72.406 E.04366
G1 X33.858 Y-72.028 E.02679
SET_VELOCITY_LIMIT ACCEL=10000
G1 X37.867 Y-75.431 F30000
;TYPE:Sparse infill
;WIDTH:0.62
G1 F6000
G1 X37.867 Y-73.123 E.10855
G1 X37.096 Y-72.352 E.05124
G1 X37.096 Y-72.194 E.00744
G1 X36.833 Y-71.863 E.01991
G1 X36.538 Y-71.794 E.01423
G1 X32.133 Y-67.389 E.29293
G1 X32.133 Y-61.513 E.27632
G1 X37.867 Y-67.247 E.38128
G1 X37.867 Y-61.371 E.27632
G1 X32.133 Y-55.637 E.38128
G1 X32.133 Y-57.946 E.10855
G1 X37.867 Y-53.186 F30000
G1 F6000
G1 X37.867 Y-55.495 E.10855
G1 X32.133 Y-49.761 E.38128
G1 X32.133 Y-43.885 E.27632
G1 X37.867 Y-49.619 E.38128
G1 X37.867 Y-43.743 E.27632
G1 X32.133 Y-38.009 E.38128
G1 X32.133 Y-32.133 E.27632
G1 X37.867 Y-37.867 E.38128
G1 X37.867 Y-35.558 E.10855
G1 X32.133 Y-28.566 F30000
G1 F6000
G1 X32.133 Y-26.257 E.10855
G1 X37.867 Y-31.991 E.38128
G1 X37.867 Y-26.115 E.27632
G1 X32.133 Y-20.381 E.38128
G1 X32.133 Y-14.505 E.27632
G1 X37.867 Y-20.239 E.38128
G1 X37.867 Y-14.363 E.27632
G1 X32.133 Y-8.629 E.38128
G1 X32.133 Y-2.753 E.27632
G1 X37.867 Y-8.487 E.38128
G1 X37.867 Y-6.178 E.10855
G1 X32.133 Y.814 F30000
G1 F6000
G1 X32.133 Y3.123 E.10855
G1 X37.867 Y-2.611 E.38128
G1 X37.867 Y3.265 E.27632
G1 X32.133 Y8.999 E.38128
G1 X32.133 Y6.69 E.10855
G1 X37.867 Y11.45 F30000
G1 F6000
G1 X37.867 Y9.141 E.10855
G1 X32.133 Y14.875 E.38128
G1 X32.133 Y20.751 E.27632
G1 X37.867 Y15.017 E.38128
G1 X37.867 Y20.894 E.27632
G1 X32.133 Y26.627 E.38128
G1 X32.133 Y32.503 E.27632
G1 X37.867 Y26.77 E.38128
G1 X37.867 Y32.646 E.27632
G1 X32.133 Y38.379 E.38128
G1 X32.133 Y36.071 E.10855
G1 X37.867 Y40.83 F30000
G1 F6000
G1 X37.867 Y38.522 E.10855
G1 X32.133 Y44.255 E.38128
G1 X32.133 Y50.131 E.27632
G1 X37.867 Y44.398 E.38128
G1 X37.867 Y50.274 E.27632
G1 X32.133 Y56.007 E.38128
G1 X32.133 Y61.883 E.27632
G1 X37.867 Y56.15 E.38128
G1 X37.867 Y58.458 E.10855
G1 X36.442 Y-77.497 F30000
SET_VELOCITY_LIMIT ACCEL=7000
;TYPE:Internal solid infill
;WIDTH:0.879256
G1 F8967.687
G1 X36.337 Y-77.497 E.00712
G1 X36.285 Y-77.406 E.00712
G1 X36.337 Y-77.316 E.00712
G1 X36.442 Y-77.316 E.00712
G1 X36.476 Y-77.375 E.00467
;LAYER_CHANGE
;Z:6.8
;HEIGHT:0.2
;BEFORE_LAYER_CHANGE
;6.8
G1 E-1.2 F2100
;WIPE_START
G1 F8967.687
G1 X36.442 Y-77.316
G1 X36.337 Y-77.316
G1 X36.285 Y-77.406
G1 X36.337 Y-77.497
G1 X36.442 Y-77.497
;WIPE_END
;AFTER_LAYER_CHANGE
;6.8
;_SET_FAN_SPEED_CHANGING_LAYER
SET_VELOCITY_LIMIT ACCEL=10000
G17
G3 Z7.2 I-1.216 J-.038 P1  F30000
G1 X31.787 Y71.687 Z7.2
G1 Z6.8
G1 E1.2 F2100
SET_VELOCITY_LIMIT ACCEL=5000
;TYPE:Inner wall
;WIDTH:0.62
G1 F9000
G1 X31.787 Y-78.113 E7.0443
G1 X38.213 Y-78.113 E.30217
G1 X38.213 Y78.113 E7.34647
G1 X-38.213 Y78.113 E3.5939
G1 X-38.213 Y-78.113 E7.34647
G1 X-31.787 Y-78.113 E.30217
G1 X-31.787 Y71.687 E7.0443
G1 X31.751 Y71.687 E2.98786
SET_VELOCITY_LIMIT ACCEL=10000
G1 X31.21 Y71.11 F30000
SET_VELOCITY_LIMIT ACCEL=5000
;TYPE:Outer wall
G1 F7200
G1 X31.21 Y-78.69 E7.0443
G1 X38.79 Y-78.69 E.35645
M73 P72 R6
G1 X38.79 Y78.69 E7.40074
G1 X-38.79 Y78.69 E3.64817
G1 X-38.79 Y-78.69 E7.40074
G1 X-31.21 Y-78.69 E.35645
G1 X-31.21 Y71.11 E7.0443
G1 X31.174 Y71.11 E2.93359
SET_VELOCITY_LIMIT ACCEL=10000
G1 E-1.2 F2100
;WIPE_START
G1 F7200
G1 X31.174 Y69.11
;WIPE_END
G1 X36.458 Y74.618 Z7.2 F30000
G1 X37.867 Y76.086 Z7.2
G1 Z6.8
G1 E1.2 F2100
;TYPE:Sparse infill
G1 F6000
G1 X37.867 Y73.778 E.10855
G1 X33.878 Y77.767 E.26528
G1 X28.002 Y77.767 E.27632
G1 X37.867 Y67.902 E.65605
G1 X37.867 Y62.026 E.27632
G1 X32.133 Y67.759 E.38128
G1 X32.133 Y72.033 E.201
G1 X27.859 Y72.033 E.201
G1 X22.126 Y77.767 E.38128
G1 X16.25 Y77.767 E.27632
G1 X21.983 Y72.033 E.38128
G1 X16.107 Y72.033 E.27632
G1 X10.374 Y77.767 E.38128
G1 X4.498 Y77.767 E.27632
G1 X10.231 Y72.033 E.38128
G1 X12.539 Y72.033 E.10855
G1 X.93 Y77.767 F30000
G1 F6000
G1 X-1.378 Y77.767 E.10855
G1 X4.355 Y72.033 E.38128
G1 X-1.521 Y72.033 E.27632
G1 X-7.254 Y77.767 E.38128
G1 X-13.13 Y77.767 E.27632
G1 X-7.397 Y72.033 E.38128
G1 X-13.273 Y72.033 E.27632
G1 X-19.007 Y77.767 E.38128
G1 X-24.883 Y77.767 E.27632
G1 X-19.149 Y72.033 E.38128
G1 X-16.841 Y72.033 E.10855
G1 X-33.067 Y77.767 F30000
G1 F6000
G1 X-30.759 Y77.767 E.10855
G1 X-25.025 Y72.033 E.38128
G1 X-30.901 Y72.033 E.27632
G1 X-36.635 Y77.767 E.38128
G1 X-37.867 Y77.767 E.05794
G1 X-37.867 Y73.123 E.21838
G1 X-32.133 Y67.389 E.38128
G1 X-32.133 Y61.513 E.27632
G1 X-37.867 Y67.247 E.38128
G1 X-37.867 Y61.371 E.27632
G1 X-32.133 Y55.637 E.38128
G1 X-32.133 Y49.761 E.27632
G1 X-37.867 Y55.495 E.38128
G1 X-37.867 Y49.619 E.27632
G1 X-32.133 Y43.885 E.38128
G1 X-32.133 Y38.009 E.27632
G1 X-37.867 Y43.743 E.38128
G1 X-37.867 Y37.867 E.27632
G1 X-32.133 Y32.133 E.38128
G1 X-32.133 Y26.257 E.27632
G1 X-37.867 Y31.991 E.38128
G1 X-37.867 Y26.115 E.27632
G1 X-32.133 Y20.381 E.38128
G1 X-32.133 Y14.505 E.27632
G1 X-37.867 Y20.239 E.38128
G1 X-37.867 Y14.363 E.27632
G1 X-32.133 Y8.629 E.38128
G1 X-32.133 Y2.753 E.27632
G1 X-37.867 Y8.487 E.38128
G1 X-37.867 Y6.178 E.10855
G1 X-32.133 Y-.814 F30000
G1 F6000
G1 X-32.133 Y-3.123 E.10855
G1 X-37.867 Y2.611 E.38128
G1 X-37.867 Y-3.265 E.27632
G1 X-32.133 Y-8.999 E.38128
G1 X-32.133 Y-14.875 E.27632
G1 X-37.867 Y-9.141 E.38128
G1 X-37.867 Y-15.017 E.27632
G1 X-32.133 Y-20.751 E.38128
G1 X-32.133 Y-26.627 E.27632
G1 X-37.867 Y-20.894 E.38128
G1 X-37.867 Y-23.202 E.10855
G1 X-32.133 Y-30.195 F30000
G1 F6000
G1 X-32.133 Y-32.503 E.10855
G1 X-37.867 Y-26.77 E.38128
G1 X-37.867 Y-32.646 E.27632
G1 X-32.133 Y-38.379 E.38128
G1 X-32.133 Y-44.255 E.27632
G1 X-37.867 Y-38.522 E.38128
G1 X-37.867 Y-44.398 E.27632
G1 X-32.133 Y-50.131 E.38128
G1 X-32.133 Y-47.823 E.10855
G1 X-37.867 Y-52.582 F30000
G1 F6000
G1 X-37.867 Y-50.274 E.10855
G1 X-32.133 Y-56.007 E.38128
G1 X-32.133 Y-61.883 E.27632
G1 X-37.867 Y-56.15 E.38128
G1 X-37.867 Y-58.458 E.10855
G1 X-32.133 Y-65.451 F30000
G1 F6000
G1 X-32.133 Y-67.759 E.10855
G1 X-37.867 Y-62.026 E.38128
G1 X-37.867 Y-67.902 E.27632
G1 X-32.133 Y-73.635 E.38128
G1 X-32.133 Y-77.767 E.19429
G1 X-33.82 Y-77.767 E.0793
G1 X-33.82 Y-72.922 E.22783
G1 X-34.083 Y-72.59 E.01991
G1 X-34.419 Y-72.516 E.0162
G1 X-34.976 Y-72.472 E.02625
G1 X-35.625 Y-72.523 E.03062
G1 X-35.917 Y-72.59 E.01408
G1 X-36.18 Y-72.922 E.01991
G1 X-36.18 Y-75.464 E.11954
G1 X-37.867 Y-73.778 E.11215
G1 X-37.867 Y-76.086 E.10855
G1 X-34.4 Y-73.124 F30000
SET_VELOCITY_LIMIT ACCEL=7000
;TYPE:Internal solid infill
;WIDTH:0.619999
G1 F9000
G1 X-34.397 Y-77.536 E.20744
G1 X-35.603 Y-77.536 E.05673
G1 X-35.603 Y-73.123 E.2075
G1 X-35.052 Y-73.055 E.02611
G1 X-34.436 Y-73.121 E.02914
SET_VELOCITY_LIMIT ACCEL=10000
G1 X-35 Y-73.657 F30000
SET_VELOCITY_LIMIT ACCEL=7000
;WIDTH:0.672322
G1 F9000
G1 X-35 Y-76.897 E.16616
SET_VELOCITY_LIMIT ACCEL=10000
G1 E-1.2 F2100
;WIPE_START
G1 F9000
G1 X-35 Y-74.897
;WIPE_END
G1 X-27.368 Y-74.974 Z7.2 F30000
G1 X32.133 Y-75.574 Z7.2
G1 Z6.8
G1 E1.2 F2100
;TYPE:Sparse infill
;WIDTH:0.62
G1 F6000
G1 X32.133 Y-73.265 E.10855
G1 X33.82 Y-74.952 E.11215
G1 X33.82 Y-72.922 E.09546
G1 X34.083 Y-72.59 E.01991
G1 X34.419 Y-72.516 E.0162
G1 X34.976 Y-72.472 E.02625
G1 X35.581 Y-72.516 E.0285
G1 X35.917 Y-72.59 E.0162
G1 X36.18 Y-72.922 E.01991
G1 X36.18 Y-77.312 E.20646
G1 X36.635 Y-77.767 E.03021
G1 X37.867 Y-77.767 E.05794
G1 X37.867 Y-73.123 E.21838
G1 X32.133 Y-67.389 E.38128
G1 X32.133 Y-61.513 E.27632
G1 X37.867 Y-67.247 E.38128
G1 X37.867 Y-61.371 E.27632
G1 X32.133 Y-55.637 E.38128
G1 X32.133 Y-57.946 E.10855
G1 X37.867 Y-53.186 F30000
G1 F6000
G1 X37.867 Y-55.495 E.10855
G1 X32.133 Y-49.761 E.38128
G1 X32.133 Y-43.885 E.27632
G1 X37.867 Y-49.619 E.38128
G1 X37.867 Y-43.743 E.27632
M73 P73 R6
G1 X32.133 Y-38.009 E.38128
G1 X32.133 Y-32.133 E.27632
G1 X37.867 Y-37.867 E.38128
G1 X37.867 Y-35.558 E.10855
G1 X32.133 Y-28.566 F30000
G1 F6000
G1 X32.133 Y-26.257 E.10855
G1 X37.867 Y-31.991 E.38128
G1 X37.867 Y-26.115 E.27632
G1 X32.133 Y-20.381 E.38128
G1 X32.133 Y-14.505 E.27632
G1 X37.867 Y-20.239 E.38128
G1 X37.867 Y-14.363 E.27632
G1 X32.133 Y-8.629 E.38128
G1 X32.133 Y-2.753 E.27632
G1 X37.867 Y-8.487 E.38128
G1 X37.867 Y-6.178 E.10855
G1 X32.133 Y.814 F30000
G1 F6000
G1 X32.133 Y3.123 E.10855
G1 X37.867 Y-2.611 E.38128
G1 X37.867 Y3.265 E.27632
G1 X32.133 Y8.999 E.38128
G1 X32.133 Y6.69 E.10855
G1 X37.867 Y11.45 F30000
G1 F6000
G1 X37.867 Y9.141 E.10855
G1 X32.133 Y14.875 E.38128
G1 X32.133 Y20.751 E.27632
G1 X37.867 Y15.017 E.38128
G1 X37.867 Y20.894 E.27632
G1 X32.133 Y26.627 E.38128
G1 X32.133 Y32.503 E.27632
G1 X37.867 Y26.77 E.38128
G1 X37.867 Y32.646 E.27632
G1 X32.133 Y38.379 E.38128
G1 X32.133 Y44.255 E.27632
G1 X37.867 Y38.522 E.38128
G1 X37.867 Y40.83 E.10855
G1 X32.133 Y47.823 F30000
G1 F6000
G1 X32.133 Y50.131 E.10855
G1 X37.867 Y44.398 E.38128
G1 X37.867 Y50.274 E.27632
G1 X32.133 Y56.007 E.38128
G1 X32.133 Y61.883 E.27632
G1 X37.867 Y56.15 E.38128
G1 X37.867 Y58.458 E.10855
G1 X34.397 Y-73.123 F30000
SET_VELOCITY_LIMIT ACCEL=7000
;TYPE:Internal solid infill
;WIDTH:0.619999
G1 F9000
G1 X34.948 Y-73.055 E.02611
G1 X35.6 Y-73.124 E.03084
G1 X35.603 Y-77.536 E.20744
G1 X34.397 Y-77.536 E.05673
G1 X34.397 Y-73.159 E.20581
SET_VELOCITY_LIMIT ACCEL=10000
G1 X35 Y-73.657 F30000
SET_VELOCITY_LIMIT ACCEL=7000
;WIDTH:0.672322
G1 F9000
G1 X35 Y-76.897 E.16616
;LAYER_CHANGE
;Z:7
;HEIGHT:0.2
;BEFORE_LAYER_CHANGE
;7
G1 E-1.2 F2100
;WIPE_START
G1 F9000
G1 X35 Y-74.897
;WIPE_END
;AFTER_LAYER_CHANGE
;7
;_SET_FAN_SPEED_CHANGING_LAYER
SET_VELOCITY_LIMIT ACCEL=10000
G17
G3 Z7.4 I-1.217 J-.027 P1  F30000
G1 X31.787 Y71.687 Z7.4
G1 Z7
G1 E1.2 F2100
SET_VELOCITY_LIMIT ACCEL=5000
;TYPE:Inner wall
;WIDTH:0.62
G1 F9000
G1 X31.787 Y-78.113 E7.0443
G1 X38.213 Y-78.113 E.30217
G1 X38.213 Y78.113 E7.34647
G1 X-38.213 Y78.113 E3.5939
G1 X-38.213 Y-78.113 E7.34647
G1 X-31.787 Y-78.113 E.30217
G1 X-31.787 Y71.687 E7.0443
G1 X31.751 Y71.687 E2.98786
SET_VELOCITY_LIMIT ACCEL=10000
G1 X31.21 Y71.11 F30000
SET_VELOCITY_LIMIT ACCEL=5000
;TYPE:Outer wall
G1 F7200
G1 X31.21 Y-78.69 E7.0443
G1 X38.79 Y-78.69 E.35645
G1 X38.79 Y78.69 E7.40074
G1 X-38.79 Y78.69 E3.64817
G1 X-38.79 Y-78.69 E7.40074
G1 X-31.21 Y-78.69 E.35645
G1 X-31.21 Y71.11 E7.0443
G1 X31.174 Y71.11 E2.93359
M73 P74 R6
SET_VELOCITY_LIMIT ACCEL=10000
G1 E-1.2 F2100
;WIPE_START
G1 F7200
G1 X31.174 Y69.11
;WIPE_END
G1 X36.458 Y74.618 Z7.4 F30000
G1 X37.867 Y76.086 Z7.4
G1 Z7
G1 E1.2 F2100
;TYPE:Sparse infill
G1 F6000
G1 X37.867 Y73.778 E.10855
G1 X33.878 Y77.767 E.26528
G1 X28.002 Y77.767 E.27632
G1 X37.867 Y67.902 E.65605
G1 X37.867 Y62.026 E.27632
G1 X32.133 Y67.759 E.38128
G1 X32.133 Y72.033 E.201
G1 X27.859 Y72.033 E.201
G1 X22.126 Y77.767 E.38128
G1 X16.25 Y77.767 E.27632
G1 X21.983 Y72.033 E.38128
G1 X16.107 Y72.033 E.27632
G1 X10.374 Y77.767 E.38128
G1 X4.498 Y77.767 E.27632
G1 X10.231 Y72.033 E.38128
G1 X12.539 Y72.033 E.10855
G1 X.93 Y77.767 F30000
G1 F6000
G1 X-1.378 Y77.767 E.10855
G1 X4.355 Y72.033 E.38128
G1 X-1.521 Y72.033 E.27632
G1 X-7.254 Y77.767 E.38128
G1 X-13.13 Y77.767 E.27632
G1 X-7.397 Y72.033 E.38128
G1 X-13.273 Y72.033 E.27632
G1 X-19.007 Y77.767 E.38128
G1 X-21.315 Y77.767 E.10855
G1 X-16.841 Y72.033 F30000
G1 F6000
G1 X-19.149 Y72.033 E.10855
G1 X-24.883 Y77.767 E.38128
G1 X-30.759 Y77.767 E.27632
G1 X-25.025 Y72.033 E.38128
G1 X-30.901 Y72.033 E.27632
G1 X-36.635 Y77.767 E.38128
G1 X-37.867 Y77.767 E.05794
G1 X-37.867 Y73.123 E.21838
G1 X-32.133 Y67.389 E.38128
G1 X-32.133 Y61.513 E.27632
G1 X-37.867 Y67.247 E.38128
G1 X-37.867 Y61.371 E.27632
G1 X-32.133 Y55.637 E.38128
G1 X-32.133 Y49.761 E.27632
G1 X-37.867 Y55.495 E.38128
G1 X-37.867 Y49.619 E.27632
G1 X-32.133 Y43.885 E.38128
G1 X-32.133 Y38.009 E.27632
G1 X-37.867 Y43.743 E.38128
G1 X-37.867 Y37.867 E.27632
G1 X-32.133 Y32.133 E.38128
G1 X-32.133 Y26.257 E.27632
G1 X-37.867 Y31.991 E.38128
G1 X-37.867 Y26.115 E.27632
G1 X-32.133 Y20.381 E.38128
G1 X-32.133 Y14.505 E.27632
G1 X-37.867 Y20.239 E.38128
G1 X-37.867 Y14.363 E.27632
G1 X-32.133 Y8.629 E.38128
G1 X-32.133 Y2.753 E.27632
G1 X-37.867 Y8.487 E.38128
G1 X-37.867 Y6.178 E.10855
G1 X-32.133 Y-.814 F30000
G1 F6000
G1 X-32.133 Y-3.123 E.10855
G1 X-37.867 Y2.611 E.38128
G1 X-37.867 Y-3.265 E.27632
G1 X-32.133 Y-8.999 E.38128
G1 X-32.133 Y-14.875 E.27632
G1 X-37.867 Y-9.141 E.38128
G1 X-37.867 Y-15.017 E.27632
G1 X-32.133 Y-20.751 E.38128
G1 X-32.133 Y-26.627 E.27632
G1 X-37.867 Y-20.894 E.38128
G1 X-37.867 Y-23.202 E.10855
G1 X-32.133 Y-30.195 F30000
G1 F6000
G1 X-32.133 Y-32.503 E.10855
G1 X-37.867 Y-26.77 E.38128
G1 X-37.867 Y-32.646 E.27632
G1 X-32.133 Y-38.379 E.38128
G1 X-32.133 Y-44.255 E.27632
G1 X-37.867 Y-38.522 E.38128
G1 X-37.867 Y-44.398 E.27632
G1 X-32.133 Y-50.131 E.38128
G1 X-32.133 Y-47.823 E.10855
G1 X-37.867 Y-52.582 F30000
G1 F6000
G1 X-37.867 Y-50.274 E.10855
G1 X-32.133 Y-56.007 E.38128
G1 X-32.133 Y-61.883 E.27632
G1 X-37.867 Y-56.15 E.38128
G1 X-37.867 Y-58.458 E.10855
G1 X-32.133 Y-65.451 F30000
G1 F6000
G1 X-32.133 Y-67.759 E.10855
G1 X-37.867 Y-62.026 E.38128
G1 X-37.867 Y-67.902 E.27632
G1 X-32.133 Y-73.635 E.38128
G1 X-32.133 Y-77.767 E.19429
G1 X-33.878 Y-77.767 E.08203
G1 X-37.867 Y-73.778 E.26528
G1 X-37.867 Y-76.086 E.10855
G1 E-1.2 F2100
;WIPE_START
G1 F6000
G1 X-37.867 Y-74.086
;WIPE_END
G1 X-30.236 Y-74.248 Z7.4 F30000
G1 X32.133 Y-75.574 Z7.4
G1 Z7
G1 E1.2 F2100
G1 F6000
G1 X32.133 Y-73.265 E.10855
G1 X36.635 Y-77.767 E.29934
G1 X37.867 Y-77.767 E.05794
G1 X37.867 Y-73.123 E.21838
G1 X32.133 Y-67.389 E.38128
G1 X32.133 Y-61.513 E.27632
G1 X37.867 Y-67.247 E.38128
G1 X37.867 Y-61.371 E.27632
G1 X32.133 Y-55.637 E.38128
G1 X32.133 Y-57.946 E.10855
G1 X37.867 Y-53.186 F30000
G1 F6000
G1 X37.867 Y-55.495 E.10855
G1 X32.133 Y-49.761 E.38128
G1 X32.133 Y-43.885 E.27632
G1 X37.867 Y-49.619 E.38128
G1 X37.867 Y-43.743 E.27632
G1 X32.133 Y-38.009 E.38128
G1 X32.133 Y-32.133 E.27632
G1 X37.867 Y-37.867 E.38128
G1 X37.867 Y-35.558 E.10855
G1 X32.133 Y-28.566 F30000
G1 F6000
G1 X32.133 Y-26.257 E.10855
G1 X37.867 Y-31.991 E.38128
G1 X37.867 Y-26.115 E.27632
G1 X32.133 Y-20.381 E.38128
G1 X32.133 Y-14.505 E.27632
G1 X37.867 Y-20.239 E.38128
G1 X37.867 Y-14.363 E.27632
G1 X32.133 Y-8.629 E.38128
G1 X32.133 Y-2.753 E.27632
G1 X37.867 Y-8.487 E.38128
G1 X37.867 Y-6.178 E.10855
G1 X32.133 Y.814 F30000
G1 F6000
G1 X32.133 Y3.123 E.10855
G1 X37.867 Y-2.611 E.38128
G1 X37.867 Y3.265 E.27632
G1 X32.133 Y8.999 E.38128
G1 X32.133 Y6.69 E.10855
G1 X37.867 Y11.45 F30000
G1 F6000
G1 X37.867 Y9.141 E.10855
G1 X32.133 Y14.875 E.38128
G1 X32.133 Y20.751 E.27632
G1 X37.867 Y15.017 E.38128
G1 X37.867 Y20.894 E.27632
G1 X32.133 Y26.627 E.38128
G1 X32.133 Y32.503 E.27632
G1 X37.867 Y26.77 E.38128
G1 X37.867 Y32.646 E.27632
G1 X32.133 Y38.379 E.38128
G1 X32.133 Y36.071 E.10855
G1 X37.867 Y40.83 F30000
G1 F6000
G1 X37.867 Y38.522 E.10855
G1 X32.133 Y44.255 E.38128
G1 X32.133 Y50.131 E.27632
G1 X37.867 Y44.398 E.38128
G1 X37.867 Y50.274 E.27632
G1 X32.133 Y56.007 E.38128
G1 X32.133 Y61.883 E.27632
G1 X37.867 Y56.15 E.38128
G1 X37.867 Y58.458 E.10855
;LAYER_CHANGE
;Z:7.2
;HEIGHT:0.2
;BEFORE_LAYER_CHANGE
;7.2
G1 E-1.2 F2100
;WIPE_START
G1 F6000
G1 X37.867 Y56.458
;WIPE_END
;AFTER_LAYER_CHANGE
;7.2
;_SET_FAN_SPEED_CHANGING_LAYER
G17
G3 Z7.6 I-1.13 J-.451 P1  F30000
G1 X31.787 Y71.687 Z7.6
G1 Z7.2
G1 E1.2 F2100
SET_VELOCITY_LIMIT ACCEL=5000
;TYPE:Inner wall
G1 F9000
G1 X31.787 Y-78.113 E7.0443
G1 X38.213 Y-78.113 E.30217
M73 P74 R5
G1 X38.213 Y78.113 E7.34647
M73 P75 R5
G1 X-38.213 Y78.113 E3.5939
G1 X-38.213 Y-78.113 E7.34647
G1 X-31.787 Y-78.113 E.30217
G1 X-31.787 Y71.687 E7.0443
G1 X31.751 Y71.687 E2.98786
SET_VELOCITY_LIMIT ACCEL=10000
G1 X31.21 Y71.11 F30000
SET_VELOCITY_LIMIT ACCEL=5000
;TYPE:Outer wall
G1 F7200
G1 X31.21 Y-78.69 E7.0443
G1 X38.79 Y-78.69 E.35645
G1 X38.79 Y78.69 E7.40074
G1 X-38.79 Y78.69 E3.64817
G1 X-38.79 Y-78.69 E7.40074
G1 X-31.21 Y-78.69 E.35645
G1 X-31.21 Y71.11 E7.0443
G1 X31.174 Y71.11 E2.93359
SET_VELOCITY_LIMIT ACCEL=10000
G1 E-1.2 F2100
;WIPE_START
G1 F7200
G1 X31.174 Y69.11
;WIPE_END
G1 X32.284 Y76.661 Z7.6 F30000
G1 X32.362 Y77.19 Z7.6
G1 Z7.2
G1 E1.2 F2100
;TYPE:Sparse infill
G1 F6000
G1 X34.67 Y77.19 E.10855
G1 X36.33 Y74.919 E.13225
G1 X36.725 Y74.524 E.02627
G1 X37.29 Y74.112 E.03288
G1 X37.29 Y68.236 E.27632
G1 X36.725 Y68.648 E.03288
G1 X36.33 Y69.043 E.02627
G1 X34.182 Y71.981 E.17114
G1 X33.787 Y72.376 E.02627
G1 X30.849 Y74.524 E.17114
G1 X30.454 Y74.919 E.02627
G1 X28.794 Y77.19 E.13225
G1 X22.918 Y77.19 E.27632
G1 X24.578 Y74.919 E.13225
G1 X24.973 Y74.524 E.02627
G1 X27.591 Y72.61 E.15249
G1 X21.715 Y72.61 E.27632
G1 X19.097 Y74.524 E.15249
G1 X18.702 Y74.919 E.02627
G1 X17.042 Y77.19 E.13225
G1 X11.166 Y77.19 E.27632
G1 X12.826 Y74.919 E.13225
G1 X13.221 Y74.524 E.02627
G1 X15.839 Y72.61 E.15249
G1 X9.963 Y72.61 E.27632
G1 X7.345 Y74.524 E.15249
G1 X6.95 Y74.919 E.02627
G1 X5.29 Y77.19 E.13225
G1 X-.586 Y77.19 E.27632
G1 X1.074 Y74.919 E.13225
G1 X1.469 Y74.524 E.02627
G1 X4.087 Y72.61 E.15249
G1 X-1.789 Y72.61 E.27632
G1 X-4.407 Y74.524 E.15249
G1 X-4.802 Y74.919 E.02627
G1 X-6.462 Y77.19 E.13225
G1 X-8.77 Y77.19 E.10855
G1 X-5.357 Y72.61 F30000
G1 F6000
G1 X-7.665 Y72.61 E.10855
G1 X-10.283 Y74.524 E.15249
G1 X-10.678 Y74.919 E.02627
G1 X-12.338 Y77.19 E.13225
G1 X-18.214 Y77.19 E.27632
G1 X-16.554 Y74.919 E.13225
G1 X-16.159 Y74.524 E.02627
G1 X-13.541 Y72.61 E.15249
G1 X-19.417 Y72.61 E.27632
G1 X-22.035 Y74.524 E.15249
G1 X-22.43 Y74.919 E.02627
G1 X-24.09 Y77.19 E.13225
G1 X-29.966 Y77.19 E.27632
G1 X-28.306 Y74.919 E.13225
G1 X-27.911 Y74.524 E.02627
G1 X-25.293 Y72.61 E.15249
G1 X-31.169 Y72.61 E.27632
G1 X-33.787 Y74.524 E.15249
G1 X-34.182 Y74.919 E.02627
G1 X-35.842 Y77.19 E.13225
G1 X-37.29 Y77.19 E.06807
G1 X-37.29 Y72.789 E.20694
G1 X-36.725 Y72.376 E.03288
G1 X-36.33 Y71.981 E.02627
G1 X-34.182 Y69.043 E.17114
G1 X-33.787 Y68.648 E.02627
G1 X-32.71 Y67.861 E.06272
G1 X-32.71 Y61.985 E.27632
G1 X-33.787 Y62.772 E.06272
G1 X-34.182 Y63.167 E.02627
G1 X-36.33 Y66.105 E.17114
G1 X-36.725 Y66.5 E.02627
G1 X-37.29 Y66.913 E.03288
G1 X-37.29 Y61.037 E.27632
G1 X-36.725 Y60.624 E.03288
G1 X-36.33 Y60.229 E.02627
G1 X-34.182 Y57.291 E.17114
G1 X-33.787 Y56.896 E.02627
G1 X-32.71 Y56.109 E.06272
G1 X-32.71 Y50.233 E.27632
G1 X-33.787 Y51.02 E.06272
G1 X-34.182 Y51.415 E.02627
G1 X-36.33 Y54.353 E.17114
G1 X-36.725 Y54.748 E.02627
G1 X-37.29 Y55.161 E.03288
G1 X-37.29 Y49.285 E.27632
G1 X-36.725 Y48.872 E.03288
G1 X-36.33 Y48.477 E.02627
G1 X-34.182 Y45.539 E.17114
G1 X-33.787 Y45.144 E.02627
G1 X-32.71 Y44.357 E.06272
G1 X-32.71 Y38.481 E.27632
G1 X-33.787 Y39.268 E.06272
G1 X-34.182 Y39.663 E.02627
G1 X-36.33 Y42.601 E.17114
G1 X-36.725 Y42.996 E.02627
G1 X-37.29 Y43.409 E.03288
G1 X-37.29 Y37.533 E.27632
G1 X-36.725 Y37.12 E.03288
G1 X-36.33 Y36.725 E.02627
G1 X-34.182 Y33.787 E.17114
G1 X-33.787 Y33.392 E.02627
G1 X-32.71 Y32.605 E.06272
G1 X-32.71 Y26.729 E.27632
G1 X-33.787 Y27.516 E.06272
G1 X-34.182 Y27.911 E.02627
G1 X-36.33 Y30.849 E.17114
G1 X-36.725 Y31.244 E.02627
G1 X-37.29 Y31.657 E.03288
G1 X-37.29 Y25.781 E.27632
G1 X-36.725 Y25.368 E.03288
G1 X-36.33 Y24.973 E.02627
G1 X-34.182 Y22.035 E.17114
G1 X-33.787 Y21.64 E.02627
G1 X-32.71 Y20.853 E.06272
G1 X-32.71 Y23.161 E.10855
G1 X-37.29 Y17.596 F30000
G1 F6000
M73 P76 R5
G1 X-37.29 Y19.905 E.10855
G1 X-36.725 Y19.492 E.03288
G1 X-36.33 Y19.097 E.02627
G1 X-34.182 Y16.159 E.17114
G1 X-33.787 Y15.764 E.02627
G1 X-32.71 Y14.977 E.06272
G1 X-32.71 Y9.101 E.27632
G1 X-33.787 Y9.888 E.06272
G1 X-34.182 Y10.283 E.02627
G1 X-36.33 Y13.221 E.17114
G1 X-36.725 Y13.616 E.02627
G1 X-37.29 Y14.029 E.03288
G1 X-37.29 Y8.153 E.27632
G1 X-36.725 Y7.74 E.03288
G1 X-36.33 Y7.345 E.02627
G1 X-34.182 Y4.407 E.17114
G1 X-33.787 Y4.012 E.02627
G1 X-32.71 Y3.225 E.06272
G1 X-32.71 Y-2.651 E.27632
G1 X-33.787 Y-1.864 E.06272
G1 X-34.182 Y-1.469 E.02627
G1 X-36.33 Y1.469 E.17114
G1 X-36.725 Y1.864 E.02627
G1 X-37.29 Y2.277 E.03288
G1 X-37.29 Y-3.599 E.27632
G1 X-36.725 Y-4.012 E.03288
G1 X-36.33 Y-4.407 E.02627
G1 X-34.182 Y-7.345 E.17114
G1 X-33.787 Y-7.74 E.02627
G1 X-32.71 Y-8.527 E.06272
G1 X-32.71 Y-14.403 E.27632
G1 X-33.787 Y-13.616 E.06272
G1 X-34.182 Y-13.221 E.02627
G1 X-36.33 Y-10.283 E.17114
G1 X-36.725 Y-9.888 E.02627
G1 X-37.29 Y-9.475 E.03288
G1 X-37.29 Y-15.351 E.27632
G1 X-36.725 Y-15.764 E.03288
G1 X-36.33 Y-16.159 E.02627
G1 X-34.182 Y-19.097 E.17114
G1 X-33.787 Y-19.492 E.02627
G1 X-32.71 Y-20.279 E.06272
G1 X-32.71 Y-26.155 E.27632
G1 X-33.787 Y-25.368 E.06272
G1 X-34.182 Y-24.973 E.02627
G1 X-36.33 Y-22.035 E.17114
G1 X-36.725 Y-21.64 E.02627
G1 X-37.29 Y-21.227 E.03288
G1 X-37.29 Y-27.103 E.27632
G1 X-36.725 Y-27.516 E.03288
G1 X-36.33 Y-27.911 E.02627
G1 X-34.182 Y-30.849 E.17114
G1 X-33.787 Y-31.244 E.02627
G1 X-32.71 Y-32.031 E.06272
G1 X-32.71 Y-37.907 E.27632
G1 X-33.787 Y-37.12 E.06272
G1 X-34.182 Y-36.725 E.02627
G1 X-36.33 Y-33.787 E.17114
G1 X-36.725 Y-33.392 E.02627
G1 X-37.29 Y-32.979 E.03288
G1 X-37.29 Y-38.855 E.27632
G1 X-36.725 Y-39.268 E.03288
G1 X-36.33 Y-39.663 E.02627
G1 X-34.182 Y-42.601 E.17114
G1 X-33.787 Y-42.996 E.02627
G1 X-32.71 Y-43.783 E.06272
G1 X-32.71 Y-49.659 E.27632
G1 X-33.787 Y-48.872 E.06272
G1 X-34.182 Y-48.477 E.02627
G1 X-36.33 Y-45.539 E.17114
G1 X-36.725 Y-45.144 E.02627
G1 X-37.29 Y-44.731 E.03288
G1 X-37.29 Y-50.607 E.27632
G1 X-36.725 Y-51.02 E.03288
G1 X-36.33 Y-51.415 E.02627
G1 X-34.182 Y-54.353 E.17114
G1 X-33.787 Y-54.748 E.02627
G1 X-32.71 Y-55.535 E.06272
G1 X-32.71 Y-61.411 E.27632
G1 X-33.787 Y-60.624 E.06272
G1 X-34.182 Y-60.229 E.02627
G1 X-36.33 Y-57.291 E.17114
G1 X-36.725 Y-56.896 E.02627
G1 X-37.29 Y-56.483 E.03288
G1 X-37.29 Y-62.359 E.27632
G1 X-36.725 Y-62.772 E.03288
G1 X-36.33 Y-63.167 E.02627
G1 X-34.182 Y-66.105 E.17114
G1 X-33.787 Y-66.5 E.02627
G1 X-32.71 Y-67.287 E.06272
G1 X-32.71 Y-73.163 E.27632
G1 X-33.787 Y-72.376 E.06272
G1 X-34.182 Y-71.981 E.02627
G1 X-36.33 Y-69.043 E.17114
G1 X-36.725 Y-68.648 E.02627
G1 X-37.29 Y-68.236 E.03288
G1 X-37.29 Y-74.112 E.27632
G1 X-36.725 Y-74.524 E.03288
G1 X-36.33 Y-74.919 E.02627
G1 X-34.67 Y-77.19 E.13225
G1 X-32.71 Y-77.19 E.09216
G1 X-32.71 Y-76.841 E.01639
G1 E-1.2 F2100
;WIPE_START
G1 F6000
G1 X-32.71 Y-77.19
G1 X-34.362 Y-77.19
;WIPE_END
G1 X-26.731 Y-77.059 Z7.6 F30000
G1 X32.71 Y-76.045 Z7.6
G1 Z7.2
G1 E1.2 F2100
G1 F6000
G1 X32.71 Y-73.737 E.10855
G1 X33.787 Y-74.524 E.06272
G1 X34.182 Y-74.919 E.02627
G1 X35.842 Y-77.19 E.13225
G1 X37.29 Y-77.19 E.06807
G1 X37.29 Y-72.789 E.20694
G1 X36.725 Y-72.376 E.03288
G1 X36.33 Y-71.981 E.02627
G1 X34.182 Y-69.043 E.17114
G1 X33.787 Y-68.648 E.02627
G1 X32.71 Y-67.861 E.06272
G1 X32.71 Y-61.985 E.27632
G1 X33.787 Y-62.772 E.06272
G1 X34.182 Y-63.167 E.02627
G1 X36.33 Y-66.105 E.17114
G1 X36.725 Y-66.5 E.02627
G1 X37.29 Y-66.913 E.03288
G1 X37.29 Y-61.037 E.27632
G1 X36.725 Y-60.624 E.03288
G1 X36.33 Y-60.229 E.02627
G1 X34.182 Y-57.291 E.17114
G1 X33.787 Y-56.896 E.02627
G1 X32.71 Y-56.109 E.06272
G1 X32.71 Y-50.233 E.27632
G1 X33.787 Y-51.02 E.06272
G1 X34.182 Y-51.415 E.02627
G1 X36.33 Y-54.353 E.17114
G1 X36.725 Y-54.748 E.02627
G1 X37.29 Y-55.161 E.03288
G1 X37.29 Y-49.285 E.27632
G1 X36.725 Y-48.872 E.03288
G1 X36.33 Y-48.477 E.02627
G1 X34.182 Y-45.539 E.17114
G1 X33.787 Y-45.144 E.02627
G1 X32.71 Y-44.357 E.06272
G1 X32.71 Y-38.481 E.27632
G1 X33.787 Y-39.268 E.06272
G1 X34.182 Y-39.663 E.02627
G1 X36.33 Y-42.601 E.17114
G1 X36.725 Y-42.996 E.02627
G1 X37.29 Y-43.409 E.03288
G1 X37.29 Y-37.533 E.27632
G1 X36.725 Y-37.12 E.03288
G1 X36.33 Y-36.725 E.02627
G1 X34.182 Y-33.787 E.17114
G1 X33.787 Y-33.392 E.02627
G1 X32.71 Y-32.605 E.06272
G1 X32.71 Y-26.729 E.27632
G1 X33.787 Y-27.516 E.06272
G1 X34.182 Y-27.911 E.02627
G1 X36.33 Y-30.849 E.17114
G1 X36.725 Y-31.244 E.02627
G1 X37.29 Y-31.657 E.03288
G1 X37.29 Y-25.781 E.27632
G1 X36.725 Y-25.368 E.03288
G1 X36.33 Y-24.973 E.02627
G1 X34.182 Y-22.035 E.17114
G1 X33.787 Y-21.64 E.02627
G1 X32.71 Y-20.853 E.06272
G1 X32.71 Y-14.977 E.27632
G1 X33.787 Y-15.764 E.06272
G1 X34.182 Y-16.159 E.02627
G1 X36.33 Y-19.097 E.17114
G1 X36.725 Y-19.492 E.02627
G1 X37.29 Y-19.905 E.03288
G1 X37.29 Y-14.029 E.27632
G1 X36.725 Y-13.616 E.03288
G1 X36.33 Y-13.221 E.02627
G1 X34.182 Y-10.283 E.17114
G1 X33.787 Y-9.888 E.02627
G1 X32.71 Y-9.101 E.06272
G1 X32.71 Y-3.225 E.27632
G1 X33.787 Y-4.012 E.06272
G1 X34.182 Y-4.407 E.02627
G1 X36.33 Y-7.345 E.17114
G1 X36.725 Y-7.74 E.02627
G1 X37.29 Y-8.153 E.03288
G1 X37.29 Y-2.277 E.27632
G1 X36.725 Y-1.864 E.03288
G1 X36.33 Y-1.469 E.02627
G1 X34.182 Y1.469 E.17114
G1 X33.787 Y1.864 E.02627
G1 X32.71 Y2.651 E.06272
G1 X32.71 Y8.527 E.27632
G1 X33.787 Y7.74 E.06272
G1 X34.182 Y7.345 E.02627
G1 X36.33 Y4.407 E.17114
G1 X36.725 Y4.012 E.02627
G1 X37.29 Y3.599 E.03288
G1 X37.29 Y5.908 E.10855
G1 X32.71 Y12.095 F30000
G1 F6000
G1 X32.71 Y14.403 E.10855
G1 X33.787 Y13.616 E.06272
G1 X34.182 Y13.221 E.02627
G1 X36.33 Y10.283 E.17114
G1 X36.725 Y9.888 E.02627
G1 X37.29 Y9.475 E.03288
G1 X37.29 Y15.351 E.27632
G1 X36.725 Y15.764 E.03288
G1 X36.33 Y16.159 E.02627
G1 X34.182 Y19.097 E.17114
G1 X33.787 Y19.492 E.02627
G1 X32.71 Y20.279 E.06272
G1 X32.71 Y26.155 E.27632
G1 X33.787 Y25.368 E.06272
G1 X34.182 Y24.973 E.02627
G1 X36.33 Y22.035 E.17114
G1 X36.725 Y21.64 E.02627
G1 X37.29 Y21.227 E.03288
G1 X37.29 Y27.103 E.27632
G1 X36.725 Y27.516 E.03288
G1 X36.33 Y27.911 E.02627
G1 X34.182 Y30.849 E.17114
G1 X33.787 Y31.244 E.02627
G1 X32.71 Y32.031 E.06272
G1 X32.71 Y37.907 E.27632
G1 X33.787 Y37.12 E.06272
G1 X34.182 Y36.725 E.02627
G1 X36.33 Y33.787 E.17114
G1 X36.725 Y33.392 E.02627
G1 X37.29 Y32.979 E.03288
G1 X37.29 Y38.855 E.27632
G1 X36.725 Y39.268 E.03288
G1 X36.33 Y39.663 E.02627
G1 X34.182 Y42.601 E.17114
G1 X33.787 Y42.996 E.02627
G1 X32.71 Y43.783 E.06272
G1 X32.71 Y49.659 E.27632
G1 X33.787 Y48.872 E.06272
G1 X34.182 Y48.477 E.02627
G1 X36.33 Y45.539 E.17114
G1 X36.725 Y45.144 E.02627
G1 X37.29 Y44.731 E.03288
G1 X37.29 Y50.607 E.27632
G1 X36.725 Y51.02 E.03288
G1 X36.33 Y51.415 E.02627
G1 X34.182 Y54.353 E.17114
G1 X33.787 Y54.748 E.02627
G1 X32.71 Y55.535 E.06272
G1 X32.71 Y61.411 E.27632
G1 X33.787 Y60.624 E.06272
G1 X34.182 Y60.229 E.02627
G1 X36.33 Y57.291 E.17114
G1 X36.725 Y56.896 E.02627
G1 X37.29 Y56.483 E.03288
G1 X37.29 Y62.359 E.27632
G1 X36.725 Y62.772 E.03288
G1 X36.33 Y63.167 E.02627
G1 X34.182 Y66.105 E.17114
G1 X33.787 Y66.5 E.02627
G1 X32.71 Y67.287 E.06272
G1 X32.71 Y64.979 E.10855
G1 E-1.2 F2100
;WIPE_START
G1 F6000
G1 X32.71 Y66.979
;WIPE_END
G1 X25.1 Y67.564 Z7.6 F30000
G1 X-32.249 Y71.976 Z7.6
G1 Z7.2
G1 E1.2 F2100
SET_VELOCITY_LIMIT ACCEL=7000
;TYPE:Internal solid infill
;WIDTH:0.55292
G1 F9000
G1 X-32.249 Y-77.478 E6.21108
G1 X-32.278 Y-77.622 E.00609
G1 X-32.422 Y-77.651 E.00609
G1 X-37.578 Y-77.651 E.21429
G1 X-37.722 Y-77.622 E.00609
G1 X-37.751 Y-77.478 E.00609
G1 X-37.751 Y77.478 E6.43976
G1 X-37.722 Y77.622 E.00609
G1 X-37.578 Y77.651 E.00609
G1 X37.578 Y77.651 E3.12338
G1 X37.722 Y77.622 E.00609
G1 X37.751 Y77.478 E.00609
G1 X37.751 Y-77.478 E6.43976
G1 X37.722 Y-77.622 E.00609
G1 X37.578 Y-77.651 E.00609
G1 X32.422 Y-77.651 E.21429
G1 X32.278 Y-77.622 E.00609
G1 X32.249 Y-77.478 E.00609
G1 X32.249 Y71.976 E6.21108
G1 X32.219 Y72.119 E.00609
G1 X32.076 Y72.149 E.00609
G1 X-32.076 Y72.149 E2.66603
G1 X-32.219 Y72.119 E.00609
G1 X-32.241 Y72.011 E.00459
;LAYER_CHANGE
;Z:7.4
;HEIGHT:0.2
;BEFORE_LAYER_CHANGE
;7.4
G1 E-1.2 F2100
;WIPE_START
G1 F9000
G1 X-32.219 Y72.119
G1 X-32.076 Y72.149
G1 X-30.333 Y72.149
;WIPE_END
;AFTER_LAYER_CHANGE
;7.4
;_SET_FAN_SPEED_CHANGING_LAYER
SET_VELOCITY_LIMIT ACCEL=10000
G17
G3 Z7.8 I.009 J1.217 P1  F30000
G1 X31.787 Y71.687 Z7.8
G1 Z7.4
G1 E1.2 F2100
SET_VELOCITY_LIMIT ACCEL=5000
;TYPE:Inner wall
;WIDTH:0.62
G1 F9000
G1 X31.787 Y-78.113 E7.0443
G1 X38.213 Y-78.113 E.30217
G1 X38.213 Y78.113 E7.34647
G1 X-38.213 Y78.113 E3.5939
M73 P77 R5
G1 X-38.213 Y-78.113 E7.34647
G1 X-31.787 Y-78.113 E.30217
G1 X-31.787 Y71.687 E7.0443
G1 X31.751 Y71.687 E2.98786
SET_VELOCITY_LIMIT ACCEL=10000
G1 X31.21 Y71.11 F30000
SET_VELOCITY_LIMIT ACCEL=5000
;TYPE:Outer wall
G1 F7200
G1 X31.21 Y-78.69 E7.0443
G1 X38.79 Y-78.69 E.35645
G1 X38.79 Y78.69 E7.40074
G1 X-38.79 Y78.69 E3.64817
G1 X-38.79 Y-78.69 E7.40074
G1 X-31.21 Y-78.69 E.35645
G1 X-31.21 Y71.11 E7.0443
G1 X31.174 Y71.11 E2.93359
SET_VELOCITY_LIMIT ACCEL=10000
G1 E-1.2 F2100
;WIPE_START
G1 F7200
G1 X31.174 Y69.11
;WIPE_END
G1 X31.496 Y61.484 Z7.8 F30000
G1 X37.375 Y-78.023 Z7.8
G1 Z7.4
G1 E1.2 F2100
SET_VELOCITY_LIMIT ACCEL=2500
;TYPE:Internal Bridge
;WIDTH:0.6
;HEIGHT:0.6
G1 F3000
G1 X37.375 Y77.73 E17.94274
G1 X36.725 Y77.73 E.07488
G1 X36.725 Y-77.73 E17.90904
G1 X36.075 Y-77.73 E.07488
M73 P78 R5
G1 X36.075 Y77.73 E17.90904
G1 X35.425 Y77.73 E.07488
G1 X35.425 Y-77.73 E17.90904
G1 X34.775 Y-77.73 E.07488
G1 X34.775 Y77.73 E17.90904
G1 X34.125 Y77.73 E.07488
G1 X34.125 Y-77.73 E17.90904
G1 X33.475 Y-77.73 E.07488
M73 P79 R5
G1 X33.475 Y77.73 E17.90904
G1 X32.825 Y77.73 E.07488
M73 P79 R4
G1 X32.825 Y-77.73 E17.90904
G1 X32.175 Y-77.73 E.07488
G1 X32.175 Y77.73 E17.90904
G1 X31.525 Y77.73 E.07488
G1 X31.525 Y72.07 E.65208
G1 X30.875 Y72.07 E.07488
G1 X30.875 Y77.73 E.65208
G1 X30.225 Y77.73 E.07488
G1 X30.225 Y72.07 E.65208
G1 X29.575 Y72.07 E.07488
G1 X29.575 Y77.73 E.65208
G1 X28.925 Y77.73 E.07488
G1 X28.925 Y72.07 E.65208
G1 X28.275 Y72.07 E.07488
G1 X28.275 Y77.73 E.65208
G1 X27.625 Y77.73 E.07488
G1 X27.625 Y72.07 E.65208
G1 X26.975 Y72.07 E.07488
G1 X26.975 Y77.73 E.65208
G1 X26.325 Y77.73 E.07488
G1 X26.325 Y72.07 E.65208
G1 X25.675 Y72.07 E.07488
G1 X25.675 Y77.73 E.65208
G1 X25.025 Y77.73 E.07488
G1 X25.025 Y72.07 E.65208
G1 X24.375 Y72.07 E.07488
G1 X24.375 Y77.73 E.65208
G1 X23.725 Y77.73 E.07488
G1 X23.725 Y72.07 E.65208
G1 X23.075 Y72.07 E.07488
G1 X23.075 Y77.73 E.65208
G1 X22.425 Y77.73 E.07488
G1 X22.425 Y72.07 E.65208
G1 X21.775 Y72.07 E.07488
G1 X21.775 Y77.73 E.65208
G1 X21.125 Y77.73 E.07488
G1 X21.125 Y72.07 E.65208
G1 X20.475 Y72.07 E.07488
G1 X20.475 Y77.73 E.65208
G1 X19.825 Y77.73 E.07488
G1 X19.825 Y72.07 E.65208
G1 X19.175 Y72.07 E.07488
G1 X19.175 Y77.73 E.65208
G1 X18.525 Y77.73 E.07488
G1 X18.525 Y72.07 E.65208
G1 X17.875 Y72.07 E.07488
G1 X17.875 Y77.73 E.65208
G1 X17.225 Y77.73 E.07488
G1 X17.225 Y72.07 E.65208
G1 X16.575 Y72.07 E.07488
G1 X16.575 Y77.73 E.65208
G1 X15.925 Y77.73 E.07488
G1 X15.925 Y72.07 E.65208
G1 X15.275 Y72.07 E.07488
G1 X15.275 Y77.73 E.65208
G1 X14.625 Y77.73 E.07488
G1 X14.625 Y72.07 E.65208
G1 X13.975 Y72.07 E.07488
M73 P80 R4
G1 X13.975 Y77.73 E.65208
G1 X13.325 Y77.73 E.07488
G1 X13.325 Y72.07 E.65208
G1 X12.675 Y72.07 E.07488
G1 X12.675 Y77.73 E.65208
G1 X12.025 Y77.73 E.07488
G1 X12.025 Y72.07 E.65208
G1 X11.375 Y72.07 E.07488
G1 X11.375 Y77.73 E.65208
G1 X10.725 Y77.73 E.07488
G1 X10.725 Y72.07 E.65208
G1 X10.075 Y72.07 E.07488
G1 X10.075 Y77.73 E.65208
G1 X9.425 Y77.73 E.07488
G1 X9.425 Y72.07 E.65208
G1 X8.775 Y72.07 E.07488
G1 X8.775 Y77.73 E.65208
G1 X8.125 Y77.73 E.07488
G1 X8.125 Y72.07 E.65208
G1 X7.475 Y72.07 E.07488
G1 X7.475 Y77.73 E.65208
G1 X6.825 Y77.73 E.07488
G1 X6.825 Y72.07 E.65208
G1 X6.175 Y72.07 E.07488
G1 X6.175 Y77.73 E.65208
G1 X5.525 Y77.73 E.07488
G1 X5.525 Y72.07 E.65208
G1 X4.875 Y72.07 E.07488
G1 X4.875 Y77.73 E.65208
G1 X4.225 Y77.73 E.07488
G1 X4.225 Y72.07 E.65208
G1 X3.575 Y72.07 E.07488
G1 X3.575 Y77.73 E.65208
G1 X2.925 Y77.73 E.07488
G1 X2.925 Y72.07 E.65208
G1 X2.275 Y72.07 E.07488
G1 X2.275 Y77.73 E.65208
G1 X1.625 Y77.73 E.07488
G1 X1.625 Y72.07 E.65208
G1 X.975 Y72.07 E.07488
G1 X.975 Y77.73 E.65208
G1 X.325 Y77.73 E.07488
G1 X.325 Y72.07 E.65208
G1 X-.325 Y72.07 E.07488
G1 X-.325 Y77.73 E.65208
G1 X-.975 Y77.73 E.07488
G1 X-.975 Y72.07 E.65208
G1 X-1.625 Y72.07 E.07488
G1 X-1.625 Y77.73 E.65208
G1 X-2.275 Y77.73 E.07488
G1 X-2.275 Y72.07 E.65208
G1 X-2.925 Y72.07 E.07488
G1 X-2.925 Y77.73 E.65208
G1 X-3.575 Y77.73 E.07488
G1 X-3.575 Y72.07 E.65208
G1 X-4.225 Y72.07 E.07488
G1 X-4.225 Y77.73 E.65208
G1 X-4.875 Y77.73 E.07488
G1 X-4.875 Y72.07 E.65208
G1 X-5.525 Y72.07 E.07488
G1 X-5.525 Y77.73 E.65208
G1 X-6.175 Y77.73 E.07488
G1 X-6.175 Y72.07 E.65208
G1 X-6.825 Y72.07 E.07488
G1 X-6.825 Y77.73 E.65208
G1 X-7.475 Y77.73 E.07488
G1 X-7.475 Y72.07 E.65208
G1 X-8.125 Y72.07 E.07488
G1 X-8.125 Y77.73 E.65208
G1 X-8.775 Y77.73 E.07488
G1 X-8.775 Y72.07 E.65208
G1 X-9.425 Y72.07 E.07488
G1 X-9.425 Y77.73 E.65208
G1 X-10.075 Y77.73 E.07488
G1 X-10.075 Y72.07 E.65208
G1 X-10.725 Y72.07 E.07488
G1 X-10.725 Y77.73 E.65208
G1 X-11.375 Y77.73 E.07488
G1 X-11.375 Y72.07 E.65208
G1 X-12.025 Y72.07 E.07488
G1 X-12.025 Y77.73 E.65208
G1 X-12.675 Y77.73 E.07488
G1 X-12.675 Y72.07 E.65208
G1 X-13.325 Y72.07 E.07488
G1 X-13.325 Y77.73 E.65208
G1 X-13.975 Y77.73 E.07488
G1 X-13.975 Y72.07 E.65208
G1 X-14.625 Y72.07 E.07488
G1 X-14.625 Y77.73 E.65208
G1 X-15.275 Y77.73 E.07488
G1 X-15.275 Y72.07 E.65208
G1 X-15.925 Y72.07 E.07488
G1 X-15.925 Y77.73 E.65208
G1 X-16.575 Y77.73 E.07488
G1 X-16.575 Y72.07 E.65208
G1 X-17.225 Y72.07 E.07488
G1 X-17.225 Y77.73 E.65208
G1 X-17.875 Y77.73 E.07488
G1 X-17.875 Y72.07 E.65208
G1 X-18.525 Y72.07 E.07488
G1 X-18.525 Y77.73 E.65208
G1 X-19.175 Y77.73 E.07488
G1 X-19.175 Y72.07 E.65208
G1 X-19.825 Y72.07 E.07488
G1 X-19.825 Y77.73 E.65208
G1 X-20.475 Y77.73 E.07488
G1 X-20.475 Y72.07 E.65208
G1 X-21.125 Y72.07 E.07488
G1 X-21.125 Y77.73 E.65208
G1 X-21.775 Y77.73 E.07488
G1 X-21.775 Y72.07 E.65208
G1 X-22.425 Y72.07 E.07488
G1 X-22.425 Y77.73 E.65208
G1 X-23.075 Y77.73 E.07488
G1 X-23.075 Y72.07 E.65208
G1 X-23.725 Y72.07 E.07488
G1 X-23.725 Y77.73 E.65208
G1 X-24.375 Y77.73 E.07488
G1 X-24.375 Y72.07 E.65208
G1 X-25.025 Y72.07 E.07488
G1 X-25.025 Y77.73 E.65208
G1 X-25.675 Y77.73 E.07488
G1 X-25.675 Y72.07 E.65208
G1 X-26.325 Y72.07 E.07488
G1 X-26.325 Y77.73 E.65208
G1 X-26.975 Y77.73 E.07488
G1 X-26.975 Y72.07 E.65208
G1 X-27.625 Y72.07 E.07488
G1 X-27.625 Y77.73 E.65208
G1 X-28.275 Y77.73 E.07488
G1 X-28.275 Y72.07 E.65208
G1 X-28.925 Y72.07 E.07488
G1 X-28.925 Y77.73 E.65208
G1 X-29.575 Y77.73 E.07488
G1 X-29.575 Y72.07 E.65208
G1 X-30.225 Y72.07 E.07488
G1 X-30.225 Y77.73 E.65208
G1 X-30.875 Y77.73 E.07488
G1 X-30.875 Y72.07 E.65208
G1 X-31.525 Y72.07 E.07488
G1 X-31.525 Y77.73 E.65208
G1 X-32.175 Y77.73 E.07488
G1 X-32.175 Y-77.73 E17.90904
G1 X-32.825 Y-77.73 E.07488
G1 X-32.825 Y77.73 E17.90904
G1 X-33.475 Y77.73 E.07488
M73 P81 R4
G1 X-33.475 Y-77.73 E17.90904
G1 X-34.125 Y-77.73 E.07488
G1 X-34.125 Y77.73 E17.90904
G1 X-34.775 Y77.73 E.07488
G1 X-34.775 Y-77.73 E17.90904
G1 X-35.425 Y-77.73 E.07488
G1 X-35.425 Y77.73 E17.90904
G1 X-36.075 Y77.73 E.07488
M73 P82 R4
G1 X-36.075 Y-77.73 E17.90904
G1 X-36.725 Y-77.73 E.07488
G1 X-36.725 Y77.73 E17.90904
G1 X-37.375 Y77.73 E.07488
G1 X-37.375 Y-78.023 E17.94274
;LAYER_CHANGE
;Z:7.6
;HEIGHT:0.2
;BEFORE_LAYER_CHANGE
;7.6
G1 E-1.2 F2100
;WIPE_START
G1 F3000
G1 X-37.375 Y-76.023
;WIPE_END
;AFTER_LAYER_CHANGE
;7.6
;_SET_FAN_SPEED_CHANGING_LAYER
SET_VELOCITY_LIMIT ACCEL=10000
G17
G3 Z8 I-1.102 J.516 P1  F30000
G1 X31.787 Y71.687 Z8
G1 Z7.6
G1 E1.2 F2100
SET_VELOCITY_LIMIT ACCEL=5000
;TYPE:Inner wall
;WIDTH:0.62
G1 F9000
M106 S255
G1 X31.787 Y-78.113 E7.0443
G1 X38.213 Y-78.113 E.30217
G1 X38.213 Y78.113 E7.34647
G1 X-38.213 Y78.113 E3.5939
G1 X-38.213 Y-78.113 E7.34647
G1 X-31.787 Y-78.113 E.30217
M73 P83 R4
G1 X-31.787 Y71.687 E7.0443
G1 X31.751 Y71.687 E2.98786
SET_VELOCITY_LIMIT ACCEL=10000
G1 X31.21 Y71.11 F30000
SET_VELOCITY_LIMIT ACCEL=5000
;TYPE:Outer wall
G1 F7200
G1 X31.21 Y-78.69 E7.0443
G1 X38.79 Y-78.69 E.35645
G1 X38.79 Y78.69 E7.40074
G1 X-38.79 Y78.69 E3.64817
M73 P83 R3
G1 X-38.79 Y-78.69 E7.40074
G1 X-31.21 Y-78.69 E.35645
G1 X-31.21 Y71.11 E7.0443
G1 X31.174 Y71.11 E2.93359
SET_VELOCITY_LIMIT ACCEL=10000
G1 E-1.2 F2100
;WIPE_START
G1 F7200
G1 X31.174 Y69.11
;WIPE_END
G1 X36.639 Y74.438 Z8 F30000
G1 X38.126 Y75.888 Z8
G1 Z7.6
G1 E1.2 F2100
SET_VELOCITY_LIMIT ACCEL=7000
;TYPE:Internal solid infill
;WIDTH:0.620409
G1 F9000
G1 X36.248 Y77.767 E.125
G1 X35.431 Y77.767 E.03843
G1 X37.867 Y75.331 E.16207
G1 X37.867 Y74.515 E.03843
G1 X34.615 Y77.767 E.21642
G1 X33.798 Y77.767 E.03843
G1 X37.867 Y73.698 E.27078
G1 X37.867 Y72.881 E.03843
G1 X32.981 Y77.767 E.32513
G1 X32.165 Y77.767 E.03843
G1 X37.867 Y72.065 E.37948
G1 X37.867 Y71.248 E.03843
G1 X31.348 Y77.767 E.43383
G1 X30.531 Y77.767 E.03843
G1 X37.867 Y70.431 E.48818
G1 X37.867 Y69.614 E.03843
G1 X29.714 Y77.767 E.54253
G1 X28.898 Y77.767 E.03843
G1 X37.867 Y68.798 E.59688
G1 X37.867 Y67.981 E.03843
G1 X28.081 Y77.767 E.65123
G1 X27.264 Y77.767 E.03843
G1 X37.867 Y67.164 E.70558
G1 X37.867 Y66.348 E.03843
G1 X26.448 Y77.767 E.75993
G1 X25.631 Y77.767 E.03843
G1 X31.364 Y72.033 E.38156
G1 X32.133 Y72.033 E.03619
G1 X32.133 Y71.264 E.03619
G1 X37.867 Y65.531 E.38155
G1 X37.867 Y64.714 E.03843
G1 X32.133 Y70.448 E.38155
G1 X32.133 Y69.631 E.03843
G1 X37.867 Y63.898 E.38155
G1 X37.867 Y63.081 E.03843
G1 X32.133 Y68.814 E.38155
G1 X32.133 Y67.998 E.03843
G1 X37.867 Y62.264 E.38155
G1 X37.867 Y61.448 E.03843
G1 X32.133 Y67.181 E.38155
G1 X32.133 Y66.364 E.03843
G1 X37.867 Y60.631 E.38155
G1 X37.867 Y59.814 E.03843
G1 X32.133 Y65.548 E.38155
G1 X32.133 Y64.731 E.03843
G1 X37.867 Y58.997 E.38155
G1 X37.867 Y58.181 E.03843
G1 X32.133 Y63.914 E.38155
G1 X32.133 Y63.097 E.03843
G1 X37.867 Y57.364 E.38155
G1 X37.867 Y56.547 E.03843
G1 X32.133 Y62.281 E.38155
G1 X32.133 Y61.464 E.03843
G1 X37.867 Y55.731 E.38155
G1 X37.867 Y54.914 E.03843
G1 X32.133 Y60.647 E.38155
G1 X32.133 Y59.831 E.03843
G1 X37.867 Y54.097 E.38155
G1 X37.867 Y53.281 E.03843
G1 X32.133 Y59.014 E.38155
G1 X32.133 Y58.197 E.03843
G1 X37.867 Y52.464 E.38155
G1 X37.867 Y51.647 E.03843
G1 X32.133 Y57.381 E.38155
G1 X32.133 Y56.564 E.03843
G1 X37.867 Y50.831 E.38155
G1 X37.867 Y50.014 E.03843
G1 X32.133 Y55.747 E.38155
G1 X32.133 Y54.93 E.03843
G1 X37.867 Y49.197 E.38155
G1 X37.867 Y48.38 E.03843
G1 X32.133 Y54.114 E.38155
G1 X32.133 Y53.297 E.03843
G1 X37.867 Y47.564 E.38155
G1 X37.867 Y46.747 E.03843
G1 X32.133 Y52.48 E.38155
G1 X32.133 Y51.664 E.03843
G1 X37.867 Y45.93 E.38155
G1 X37.867 Y45.114 E.03843
G1 X32.133 Y50.847 E.38155
G1 X32.133 Y50.03 E.03843
G1 X37.867 Y44.297 E.38155
G1 X37.867 Y43.48 E.03843
G1 X32.133 Y49.214 E.38155
G1 X32.133 Y48.397 E.03843
G1 X37.867 Y42.664 E.38155
G1 X37.867 Y41.847 E.03843
G1 X32.133 Y47.58 E.38155
G1 X32.133 Y46.764 E.03843
G1 X37.867 Y41.03 E.38155
G1 X37.867 Y40.214 E.03843
G1 X32.133 Y45.947 E.38155
G1 X32.133 Y45.13 E.03843
G1 X37.867 Y39.397 E.38155
G1 X37.867 Y38.58 E.03843
G1 X32.133 Y44.313 E.38155
G1 X32.133 Y43.497 E.03843
G1 X37.867 Y37.763 E.38155
G1 X37.867 Y36.947 E.03843
G1 X32.133 Y42.68 E.38155
G1 X32.133 Y41.863 E.03843
G1 X37.867 Y36.13 E.38155
G1 X37.867 Y35.313 E.03843
G1 X32.133 Y41.047 E.38155
G1 X32.133 Y40.23 E.03843
G1 X37.867 Y34.497 E.38155
G1 X37.867 Y33.68 E.03843
G1 X32.133 Y39.413 E.38155
G1 X32.133 Y38.597 E.03843
G1 X37.867 Y32.863 E.38155
G1 X37.867 Y32.047 E.03843
G1 X32.133 Y37.78 E.38155
G1 X32.133 Y36.963 E.03843
G1 X37.867 Y31.23 E.38155
G1 X37.867 Y30.413 E.03843
G1 X32.133 Y36.147 E.38155
G1 X32.133 Y35.33 E.03843
G1 X37.867 Y29.597 E.38155
G1 X37.867 Y28.78 E.03843
M73 P84 R3
G1 X32.133 Y34.513 E.38155
G1 X32.133 Y33.696 E.03843
G1 X37.867 Y27.963 E.38155
G1 X37.867 Y27.146 E.03843
G1 X32.133 Y32.88 E.38155
G1 X32.133 Y32.063 E.03843
G1 X37.867 Y26.33 E.38155
G1 X37.867 Y25.513 E.03843
G1 X32.133 Y31.246 E.38155
G1 X32.133 Y30.43 E.03843
G1 X37.867 Y24.696 E.38155
G1 X37.867 Y23.88 E.03843
G1 X32.133 Y29.613 E.38155
G1 X32.133 Y28.796 E.03843
G1 X37.867 Y23.063 E.38155
G1 X37.867 Y22.246 E.03843
G1 X32.133 Y27.98 E.38155
G1 X32.133 Y27.163 E.03843
G1 X37.867 Y21.43 E.38155
G1 X37.867 Y20.613 E.03843
G1 X32.133 Y26.346 E.38155
G1 X32.133 Y25.53 E.03843
G1 X37.867 Y19.796 E.38155
G1 X37.867 Y18.98 E.03843
G1 X32.133 Y24.713 E.38155
G1 X32.133 Y23.896 E.03843
G1 X37.867 Y18.163 E.38155
G1 X37.867 Y17.346 E.03843
G1 X32.133 Y23.079 E.38155
G1 X32.133 Y22.263 E.03843
G1 X37.867 Y16.529 E.38155
G1 X37.867 Y15.713 E.03843
G1 X32.133 Y21.446 E.38155
G1 X32.133 Y20.629 E.03843
G1 X37.867 Y14.896 E.38155
G1 X37.867 Y14.079 E.03843
G1 X32.133 Y19.813 E.38155
G1 X32.133 Y18.996 E.03843
G1 X37.867 Y13.263 E.38155
G1 X37.867 Y12.446 E.03843
G1 X32.133 Y18.179 E.38155
G1 X32.133 Y17.363 E.03843
G1 X37.867 Y11.629 E.38155
G1 X37.867 Y10.813 E.03843
G1 X32.133 Y16.546 E.38155
G1 X32.133 Y15.729 E.03843
G1 X37.867 Y9.996 E.38155
G1 X37.867 Y9.179 E.03843
G1 X32.133 Y14.913 E.38155
G1 X32.133 Y14.096 E.03843
G1 X37.867 Y8.363 E.38155
G1 X37.867 Y7.546 E.03843
G1 X32.133 Y13.279 E.38155
G1 X32.133 Y12.462 E.03843
G1 X37.867 Y6.729 E.38155
G1 X37.867 Y5.912 E.03843
G1 X32.133 Y11.646 E.38155
G1 X32.133 Y10.829 E.03843
G1 X37.867 Y5.096 E.38155
G1 X37.867 Y4.279 E.03843
G1 X32.133 Y10.012 E.38155
G1 X32.133 Y9.196 E.03843
G1 X37.867 Y3.462 E.38155
G1 X37.867 Y2.646 E.03843
G1 X32.133 Y8.379 E.38155
G1 X32.133 Y7.562 E.03843
G1 X37.867 Y1.829 E.38155
G1 X37.867 Y1.012 E.03843
G1 X32.133 Y6.746 E.38155
G1 X32.133 Y5.929 E.03843
G1 X37.867 Y.196 E.38155
G1 X37.867 Y-.621 E.03843
G1 X32.133 Y5.112 E.38155
G1 X32.133 Y4.296 E.03843
G1 X37.867 Y-1.438 E.38155
G1 X37.867 Y-2.254 E.03843
G1 X32.133 Y3.479 E.38155
G1 X32.133 Y2.662 E.03843
G1 X37.867 Y-3.071 E.38155
G1 X37.867 Y-3.888 E.03843
G1 X32.133 Y1.845 E.38155
G1 X32.133 Y1.029 E.03843
G1 X37.867 Y-4.705 E.38155
G1 X37.867 Y-5.521 E.03843
G1 X32.133 Y.212 E.38155
G1 X32.133 Y-.605 E.03843
G1 X37.867 Y-6.338 E.38155
G1 X37.867 Y-7.155 E.03843
G1 X32.133 Y-1.421 E.38155
G1 X32.133 Y-2.238 E.03843
G1 X37.867 Y-7.971 E.38155
G1 X37.867 Y-8.788 E.03843
G1 X32.133 Y-3.055 E.38155
G1 X32.133 Y-3.871 E.03843
G1 X37.867 Y-9.605 E.38155
G1 X37.867 Y-10.421 E.03843
G1 X32.133 Y-4.688 E.38155
G1 X32.133 Y-5.505 E.03843
G1 X37.867 Y-11.238 E.38155
G1 X37.867 Y-12.055 E.03843
G1 X32.133 Y-6.321 E.38155
G1 X32.133 Y-7.138 E.03843
G1 X37.867 Y-12.871 E.38155
G1 X37.867 Y-13.688 E.03843
G1 X32.133 Y-7.955 E.38155
G1 X32.133 Y-8.772 E.03843
G1 X37.867 Y-14.505 E.38155
G1 X37.867 Y-15.322 E.03843
G1 X32.133 Y-9.588 E.38155
G1 X32.133 Y-10.405 E.03843
G1 X37.867 Y-16.138 E.38155
G1 X37.867 Y-16.955 E.03843
G1 X32.133 Y-11.222 E.38155
G1 X32.133 Y-12.038 E.03843
G1 X37.867 Y-17.772 E.38155
G1 X37.867 Y-18.588 E.03843
G1 X32.133 Y-12.855 E.38155
G1 X32.133 Y-13.672 E.03843
G1 X37.867 Y-19.405 E.38155
G1 X37.867 Y-20.222 E.03843
G1 X32.133 Y-14.488 E.38155
G1 X32.133 Y-15.305 E.03843
G1 X37.867 Y-21.038 E.38155
G1 X37.867 Y-21.855 E.03843
G1 X32.133 Y-16.122 E.38155
G1 X32.133 Y-16.938 E.03843
G1 X37.867 Y-22.672 E.38155
G1 X37.867 Y-23.488 E.03843
G1 X32.133 Y-17.755 E.38155
G1 X32.133 Y-18.572 E.03843
G1 X37.867 Y-24.305 E.38155
G1 X37.867 Y-25.122 E.03843
G1 X32.133 Y-19.389 E.38155
G1 X32.133 Y-20.205 E.03843
G1 X37.867 Y-25.939 E.38155
G1 X37.867 Y-26.755 E.03843
G1 X32.133 Y-21.022 E.38155
G1 X32.133 Y-21.839 E.03843
G1 X37.867 Y-27.572 E.38155
G1 X37.867 Y-28.389 E.03843
G1 X32.133 Y-22.655 E.38155
G1 X32.133 Y-23.472 E.03843
G1 X37.867 Y-29.205 E.38155
G1 X37.867 Y-30.022 E.03843
G1 X32.133 Y-24.289 E.38155
G1 X32.133 Y-25.105 E.03843
G1 X37.867 Y-30.839 E.38155
G1 X37.867 Y-31.655 E.03843
G1 X32.133 Y-25.922 E.38155
G1 X32.133 Y-26.739 E.03843
G1 X37.867 Y-32.472 E.38155
G1 X37.867 Y-33.289 E.03843
G1 X32.133 Y-27.555 E.38155
G1 X32.133 Y-28.372 E.03843
G1 X37.867 Y-34.105 E.38155
G1 X37.867 Y-34.922 E.03843
G1 X32.133 Y-29.189 E.38155
G1 X32.133 Y-30.006 E.03843
G1 X37.867 Y-35.739 E.38155
G1 X37.867 Y-36.556 E.03843
G1 X32.133 Y-30.822 E.38155
G1 X32.133 Y-31.639 E.03843
G1 X37.867 Y-37.372 E.38155
G1 X37.867 Y-38.189 E.03843
G1 X32.133 Y-32.456 E.38155
G1 X32.133 Y-33.272 E.03843
G1 X37.867 Y-39.006 E.38155
G1 X37.867 Y-39.822 E.03843
G1 X32.133 Y-34.089 E.38155
G1 X32.133 Y-34.906 E.03843
G1 X37.867 Y-40.639 E.38155
G1 X37.867 Y-41.456 E.03843
G1 X32.133 Y-35.722 E.38155
G1 X32.133 Y-36.539 E.03843
G1 X37.867 Y-42.272 E.38155
G1 X37.867 Y-43.089 E.03843
G1 X32.133 Y-37.356 E.38155
G1 X32.133 Y-38.172 E.03843
G1 X37.867 Y-43.906 E.38155
G1 X37.867 Y-44.723 E.03843
G1 X32.133 Y-38.989 E.38155
G1 X32.133 Y-39.806 E.03843
G1 X37.867 Y-45.539 E.38155
G1 X37.867 Y-46.356 E.03843
G1 X32.133 Y-40.623 E.38155
G1 X32.133 Y-41.439 E.03843
G1 X37.867 Y-47.173 E.38155
G1 X37.867 Y-47.989 E.03843
G1 X32.133 Y-42.256 E.38155
G1 X32.133 Y-43.073 E.03843
G1 X37.867 Y-48.806 E.38155
G1 X37.867 Y-49.623 E.03843
G1 X32.133 Y-43.889 E.38155
G1 X32.133 Y-44.706 E.03843
G1 X37.867 Y-50.439 E.38155
G1 X37.867 Y-51.256 E.03843
G1 X32.133 Y-45.523 E.38155
G1 X32.133 Y-46.339 E.03843
G1 X37.867 Y-52.073 E.38155
G1 X37.867 Y-52.889 E.03843
G1 X32.133 Y-47.156 E.38155
G1 X32.133 Y-47.973 E.03843
G1 X37.867 Y-53.706 E.38155
G1 X37.867 Y-54.523 E.03843
G1 X32.133 Y-48.789 E.38155
G1 X32.133 Y-49.606 E.03843
G1 X37.867 Y-55.34 E.38155
G1 X37.867 Y-56.156 E.03843
G1 X32.133 Y-50.423 E.38155
G1 X32.133 Y-51.24 E.03843
G1 X37.867 Y-56.973 E.38155
G1 X37.867 Y-57.79 E.03843
G1 X32.133 Y-52.056 E.38155
G1 X32.133 Y-52.873 E.03843
G1 X37.867 Y-58.606 E.38155
G1 X37.867 Y-59.423 E.03843
G1 X32.133 Y-53.69 E.38155
G1 X32.133 Y-54.506 E.03843
G1 X37.867 Y-60.24 E.38155
G1 X37.867 Y-61.056 E.03843
G1 X32.133 Y-55.323 E.38155
G1 X32.133 Y-56.14 E.03843
G1 X37.867 Y-61.873 E.38155
G1 X37.867 Y-62.69 E.03843
G1 X32.133 Y-56.956 E.38155
G1 X32.133 Y-57.773 E.03843
G1 X37.867 Y-63.506 E.38155
G1 X37.867 Y-64.323 E.03843
G1 X32.133 Y-58.59 E.38155
G1 X32.133 Y-59.406 E.03843
G1 X37.867 Y-65.14 E.38155
G1 X37.867 Y-65.957 E.03843
G1 X32.133 Y-60.223 E.38155
G1 X32.133 Y-61.04 E.03843
G1 X37.867 Y-66.773 E.38155
G1 X37.867 Y-67.59 E.03843
G1 X32.133 Y-61.857 E.38155
G1 X32.133 Y-62.673 E.03843
G1 X37.867 Y-68.407 E.38155
G1 X37.867 Y-69.223 E.03843
G1 X32.133 Y-63.49 E.38155
G1 X32.133 Y-64.307 E.03843
G1 X37.867 Y-70.04 E.38155
G1 X37.867 Y-70.857 E.03843
G1 X32.133 Y-65.123 E.38155
G1 X32.133 Y-65.94 E.03843
G1 X37.867 Y-71.673 E.38155
G1 X37.867 Y-72.49 E.03843
G1 X32.133 Y-66.757 E.38155
G1 X32.133 Y-67.573 E.03843
G1 X37.867 Y-73.307 E.38155
G1 X37.867 Y-74.123 E.03843
G1 X32.133 Y-68.39 E.38155
G1 X32.133 Y-69.207 E.03843
G1 X37.867 Y-74.94 E.38155
G1 X37.867 Y-75.757 E.03843
G1 X32.133 Y-70.023 E.38155
G1 X32.133 Y-70.84 E.03843
G1 X37.867 Y-76.574 E.38155
G1 X37.867 Y-77.39 E.03843
G1 X32.133 Y-71.657 E.38155
G1 X32.133 Y-72.474 E.03843
G1 X37.426 Y-77.767 E.35226
G1 X36.61 Y-77.767 E.03843
G1 X32.133 Y-73.29 E.29791
G1 X32.133 Y-74.107 E.03843
G1 X35.793 Y-77.767 E.24356
G1 X34.976 Y-77.767 E.03843
G1 X32.133 Y-74.924 E.1892
G1 X32.133 Y-75.74 E.03843
G1 X34.16 Y-77.767 E.13485
G1 X33.343 Y-77.767 E.03843
G1 X32.133 Y-76.557 E.0805
G1 X32.133 Y-77.374 E.03843
G1 X32.786 Y-78.026 E.04343
SET_VELOCITY_LIMIT ACCEL=10000
G1 E-1.2 F2100
;WIPE_START
G1 F9000
G1 X32.133 Y-77.374
G1 X32.133 Y-76.557
G1 X32.317 Y-76.741
;WIPE_END
G1 X32.24 Y-69.109 Z8 F30000
G1 X30.807 Y71.774 Z8
G1 Z7.6
G1 E1.2 F2100
SET_VELOCITY_LIMIT ACCEL=7000
G1 F9000
G1 X24.814 Y77.767 E.39884
G1 X23.998 Y77.767 E.03843
G1 X29.731 Y72.033 E.38156
G1 X28.914 Y72.033 E.03843
G1 X23.181 Y77.767 E.38156
G1 X22.364 Y77.767 E.03843
G1 X28.098 Y72.033 E.38156
G1 X27.281 Y72.033 E.03843
G1 X21.548 Y77.767 E.38156
G1 X20.731 Y77.767 E.03843
G1 X26.464 Y72.033 E.38156
G1 X25.647 Y72.033 E.03843
G1 X19.914 Y77.767 E.38156
G1 X19.097 Y77.767 E.03843
G1 X24.831 Y72.033 E.38156
G1 X24.014 Y72.033 E.03843
G1 X18.281 Y77.767 E.38156
G1 X17.464 Y77.767 E.03843
G1 X23.197 Y72.033 E.38156
G1 X22.381 Y72.033 E.03843
G1 X16.647 Y77.767 E.38156
G1 X15.831 Y77.767 E.03843
G1 X21.564 Y72.033 E.38156
G1 X20.747 Y72.033 E.03843
G1 X15.014 Y77.767 E.38156
G1 X14.197 Y77.767 E.03843
G1 X19.931 Y72.033 E.38156
G1 X19.114 Y72.033 E.03843
M73 P85 R3
G1 X13.381 Y77.767 E.38156
G1 X12.564 Y77.767 E.03843
G1 X18.297 Y72.033 E.38156
G1 X17.481 Y72.033 E.03843
G1 X11.747 Y77.767 E.38156
G1 X10.931 Y77.767 E.03843
G1 X16.664 Y72.033 E.38156
G1 X15.847 Y72.033 E.03843
G1 X10.114 Y77.767 E.38156
G1 X9.297 Y77.767 E.03843
G1 X15.03 Y72.033 E.38156
G1 X14.214 Y72.033 E.03843
G1 X8.48 Y77.767 E.38156
G1 X7.664 Y77.767 E.03843
G1 X13.397 Y72.033 E.38156
G1 X12.58 Y72.033 E.03843
G1 X6.847 Y77.767 E.38156
G1 X6.03 Y77.767 E.03843
G1 X11.764 Y72.033 E.38156
G1 X10.947 Y72.033 E.03843
G1 X5.214 Y77.767 E.38156
G1 X4.397 Y77.767 E.03843
G1 X10.13 Y72.033 E.38156
G1 X9.314 Y72.033 E.03843
G1 X3.58 Y77.767 E.38156
G1 X2.764 Y77.767 E.03843
G1 X8.497 Y72.033 E.38156
G1 X7.68 Y72.033 E.03843
G1 X1.947 Y77.767 E.38156
G1 X1.13 Y77.767 E.03843
G1 X6.864 Y72.033 E.38156
G1 X6.047 Y72.033 E.03843
G1 X.314 Y77.767 E.38156
G1 X-.503 Y77.767 E.03843
G1 X5.23 Y72.033 E.38156
G1 X4.413 Y72.033 E.03843
G1 X-1.32 Y77.767 E.38156
G1 X-2.137 Y77.767 E.03843
G1 X3.597 Y72.033 E.38156
G1 X2.78 Y72.033 E.03843
G1 X-2.953 Y77.767 E.38156
G1 X-3.77 Y77.767 E.03843
G1 X1.963 Y72.033 E.38156
G1 X1.147 Y72.033 E.03843
G1 X-4.587 Y77.767 E.38156
G1 X-5.403 Y77.767 E.03843
G1 X.33 Y72.033 E.38156
G1 X-.487 Y72.033 E.03843
G1 X-6.22 Y77.767 E.38156
G1 X-7.037 Y77.767 E.03843
G1 X-1.303 Y72.033 E.38156
G1 X-2.12 Y72.033 E.03843
G1 X-7.853 Y77.767 E.38156
G1 X-8.67 Y77.767 E.03843
G1 X-2.937 Y72.033 E.38156
G1 X-3.753 Y72.033 E.03843
G1 X-9.487 Y77.767 E.38156
G1 X-10.303 Y77.767 E.03843
G1 X-4.57 Y72.033 E.38156
G1 X-5.387 Y72.033 E.03843
G1 X-11.12 Y77.767 E.38156
G1 X-11.937 Y77.767 E.03843
G1 X-6.204 Y72.033 E.38156
G1 X-7.02 Y72.033 E.03843
G1 X-12.754 Y77.767 E.38156
G1 X-13.57 Y77.767 E.03843
G1 X-7.837 Y72.033 E.38156
G1 X-8.654 Y72.033 E.03843
G1 X-14.387 Y77.767 E.38156
G1 X-15.204 Y77.767 E.03843
G1 X-9.47 Y72.033 E.38156
G1 X-10.287 Y72.033 E.03843
G1 X-16.02 Y77.767 E.38156
G1 X-16.837 Y77.767 E.03843
G1 X-11.104 Y72.033 E.38156
G1 X-11.92 Y72.033 E.03843
G1 X-17.654 Y77.767 E.38156
G1 X-18.47 Y77.767 E.03843
G1 X-12.737 Y72.033 E.38156
G1 X-13.554 Y72.033 E.03843
G1 X-19.287 Y77.767 E.38156
G1 X-20.104 Y77.767 E.03843
G1 X-14.37 Y72.033 E.38156
G1 X-15.187 Y72.033 E.03843
G1 X-20.92 Y77.767 E.38156
G1 X-21.737 Y77.767 E.03843
G1 X-16.004 Y72.033 E.38156
G1 X-16.821 Y72.033 E.03843
G1 X-22.554 Y77.767 E.38156
G1 X-23.371 Y77.767 E.03843
G1 X-17.637 Y72.033 E.38156
G1 X-18.454 Y72.033 E.03843
G1 X-24.187 Y77.767 E.38156
G1 X-25.004 Y77.767 E.03843
G1 X-19.271 Y72.033 E.38156
G1 X-20.087 Y72.033 E.03843
G1 X-25.821 Y77.767 E.38156
G1 X-26.637 Y77.767 E.03843
G1 X-20.904 Y72.033 E.38156
G1 X-21.721 Y72.033 E.03843
G1 X-27.454 Y77.767 E.38156
G1 X-28.271 Y77.767 E.03843
G1 X-22.537 Y72.033 E.38156
G1 X-23.354 Y72.033 E.03843
G1 X-29.087 Y77.767 E.38156
G1 X-29.904 Y77.767 E.03843
G1 X-24.171 Y72.033 E.38156
G1 X-24.987 Y72.033 E.03843
G1 X-30.721 Y77.767 E.38156
G1 X-31.538 Y77.767 E.03843
G1 X-25.804 Y72.033 E.38156
G1 X-26.621 Y72.033 E.03843
G1 X-32.354 Y77.767 E.38156
G1 X-33.171 Y77.767 E.03843
G1 X-27.438 Y72.033 E.38156
G1 X-28.254 Y72.033 E.03843
G1 X-33.988 Y77.767 E.38156
G1 X-34.804 Y77.767 E.03843
G1 X-29.071 Y72.033 E.38156
G1 X-29.888 Y72.033 E.03843
G1 X-35.621 Y77.767 E.38156
G1 X-36.438 Y77.767 E.03843
G1 X-30.704 Y72.033 E.38156
G1 X-31.521 Y72.033 E.03843
G1 X-37.254 Y77.767 E.38156
G1 X-37.867 Y77.767 E.02881
G1 X-37.867 Y77.562 E.00962
G1 X-32.133 Y71.829 E.38155
G1 X-32.133 Y71.012 E.03843
G1 X-37.867 Y76.746 E.38155
G1 X-37.867 Y75.929 E.03843
G1 X-32.133 Y70.196 E.38155
G1 X-32.133 Y69.379 E.03843
G1 X-37.867 Y75.112 E.38155
G1 X-37.867 Y74.296 E.03843
G1 X-32.133 Y68.562 E.38155
G1 X-32.133 Y67.745 E.03843
G1 X-37.867 Y73.479 E.38155
G1 X-37.867 Y72.662 E.03843
G1 X-32.133 Y66.929 E.38155
G1 X-32.133 Y66.112 E.03843
G1 X-37.867 Y71.845 E.38155
G1 X-37.867 Y71.029 E.03843
G1 X-32.133 Y65.295 E.38155
G1 X-32.133 Y64.479 E.03843
G1 X-37.867 Y70.212 E.38155
G1 X-37.867 Y69.395 E.03843
G1 X-32.133 Y63.662 E.38155
G1 X-32.133 Y62.845 E.03843
G1 X-37.867 Y68.579 E.38155
G1 X-37.867 Y67.762 E.03843
G1 X-32.133 Y62.029 E.38155
G1 X-32.133 Y61.212 E.03843
G1 X-37.867 Y66.945 E.38155
G1 X-37.867 Y66.129 E.03843
G1 X-32.133 Y60.395 E.38155
G1 X-32.133 Y59.579 E.03843
G1 X-37.867 Y65.312 E.38155
G1 X-37.867 Y64.495 E.03843
G1 X-32.133 Y58.762 E.38155
G1 X-32.133 Y57.945 E.03843
G1 X-37.867 Y63.679 E.38155
G1 X-37.867 Y62.862 E.03843
G1 X-32.133 Y57.128 E.38155
G1 X-32.133 Y56.312 E.03843
G1 X-37.867 Y62.045 E.38155
G1 X-37.867 Y61.228 E.03843
G1 X-32.133 Y55.495 E.38155
G1 X-32.133 Y54.678 E.03843
G1 X-37.867 Y60.412 E.38155
G1 X-37.867 Y59.595 E.03843
G1 X-32.133 Y53.862 E.38155
G1 X-32.133 Y53.045 E.03843
G1 X-37.867 Y58.778 E.38155
G1 X-37.867 Y57.962 E.03843
G1 X-32.133 Y52.228 E.38155
G1 X-32.133 Y51.412 E.03843
G1 X-37.867 Y57.145 E.38155
G1 X-37.867 Y56.328 E.03843
G1 X-32.133 Y50.595 E.38155
G1 X-32.133 Y49.778 E.03843
G1 X-37.867 Y55.512 E.38155
G1 X-37.867 Y54.695 E.03843
G1 X-32.133 Y48.962 E.38155
G1 X-32.133 Y48.145 E.03843
G1 X-37.867 Y53.878 E.38155
G1 X-37.867 Y53.062 E.03843
G1 X-32.133 Y47.328 E.38155
G1 X-32.133 Y46.511 E.03843
G1 X-37.867 Y52.245 E.38155
G1 X-37.867 Y51.428 E.03843
G1 X-32.133 Y45.695 E.38155
G1 X-32.133 Y44.878 E.03843
G1 X-37.867 Y50.611 E.38155
G1 X-37.867 Y49.795 E.03843
G1 X-32.133 Y44.061 E.38155
G1 X-32.133 Y43.245 E.03843
G1 X-37.867 Y48.978 E.38155
G1 X-37.867 Y48.161 E.03843
G1 X-32.133 Y42.428 E.38155
G1 X-32.133 Y41.611 E.03843
G1 X-37.867 Y47.345 E.38155
G1 X-37.867 Y46.528 E.03843
G1 X-32.133 Y40.795 E.38155
G1 X-32.133 Y39.978 E.03843
G1 X-37.867 Y45.711 E.38155
G1 X-37.867 Y44.895 E.03843
G1 X-32.133 Y39.161 E.38155
G1 X-32.133 Y38.345 E.03843
G1 X-37.867 Y44.078 E.38155
G1 X-37.867 Y43.261 E.03843
G1 X-32.133 Y37.528 E.38155
G1 X-32.133 Y36.711 E.03843
G1 X-37.867 Y42.445 E.38155
G1 X-37.867 Y41.628 E.03843
G1 X-32.133 Y35.894 E.38155
G1 X-32.133 Y35.078 E.03843
G1 X-37.867 Y40.811 E.38155
G1 X-37.867 Y39.994 E.03843
G1 X-32.133 Y34.261 E.38155
G1 X-32.133 Y33.444 E.03843
G1 X-37.867 Y39.178 E.38155
G1 X-37.867 Y38.361 E.03843
G1 X-32.133 Y32.628 E.38155
G1 X-32.133 Y31.811 E.03843
G1 X-37.867 Y37.544 E.38155
G1 X-37.867 Y36.728 E.03843
G1 X-32.133 Y30.994 E.38155
G1 X-32.133 Y30.178 E.03843
G1 X-37.867 Y35.911 E.38155
G1 X-37.867 Y35.094 E.03843
G1 X-32.133 Y29.361 E.38155
G1 X-32.133 Y28.544 E.03843
G1 X-37.867 Y34.278 E.38155
G1 X-37.867 Y33.461 E.03843
G1 X-32.133 Y27.728 E.38155
G1 X-32.133 Y26.911 E.03843
G1 X-37.867 Y32.644 E.38155
G1 X-37.867 Y31.828 E.03843
G1 X-32.133 Y26.094 E.38155
G1 X-32.133 Y25.277 E.03843
G1 X-37.867 Y31.011 E.38155
G1 X-37.867 Y30.194 E.03843
G1 X-32.133 Y24.461 E.38155
G1 X-32.133 Y23.644 E.03843
G1 X-37.867 Y29.377 E.38155
G1 X-37.867 Y28.561 E.03843
G1 X-32.133 Y22.827 E.38155
G1 X-32.133 Y22.011 E.03843
G1 X-37.867 Y27.744 E.38155
G1 X-37.867 Y26.927 E.03843
G1 X-32.133 Y21.194 E.38155
G1 X-32.133 Y20.377 E.03843
G1 X-37.867 Y26.111 E.38155
G1 X-37.867 Y25.294 E.03843
G1 X-32.133 Y19.561 E.38155
G1 X-32.133 Y18.744 E.03843
G1 X-37.867 Y24.477 E.38155
G1 X-37.867 Y23.661 E.03843
G1 X-32.133 Y17.927 E.38155
G1 X-32.133 Y17.111 E.03843
G1 X-37.867 Y22.844 E.38155
G1 X-37.867 Y22.027 E.03843
G1 X-32.133 Y16.294 E.38155
G1 X-32.133 Y15.477 E.03843
G1 X-37.867 Y21.211 E.38155
G1 X-37.867 Y20.394 E.03843
G1 X-32.133 Y14.66 E.38155
G1 X-32.133 Y13.844 E.03843
G1 X-37.867 Y19.577 E.38155
G1 X-37.867 Y18.76 E.03843
G1 X-32.133 Y13.027 E.38155
G1 X-32.133 Y12.21 E.03843
G1 X-37.867 Y17.944 E.38155
G1 X-37.867 Y17.127 E.03843
G1 X-32.133 Y11.394 E.38155
G1 X-32.133 Y10.577 E.03843
G1 X-37.867 Y16.31 E.38155
G1 X-37.867 Y15.494 E.03843
G1 X-32.133 Y9.76 E.38155
G1 X-32.133 Y8.944 E.03843
G1 X-37.867 Y14.677 E.38155
G1 X-37.867 Y13.86 E.03843
G1 X-32.133 Y8.127 E.38155
G1 X-32.133 Y7.31 E.03843
G1 X-37.867 Y13.044 E.38155
G1 X-37.867 Y12.227 E.03843
G1 X-32.133 Y6.494 E.38155
G1 X-32.133 Y5.677 E.03843
G1 X-37.867 Y11.41 E.38155
G1 X-37.867 Y10.594 E.03843
G1 X-32.133 Y4.86 E.38155
G1 X-32.133 Y4.043 E.03843
G1 X-37.867 Y9.777 E.38155
G1 X-37.867 Y8.96 E.03843
G1 X-32.133 Y3.227 E.38155
G1 X-32.133 Y2.41 E.03843
G1 X-37.867 Y8.143 E.38155
G1 X-37.867 Y7.327 E.03843
G1 X-32.133 Y1.593 E.38155
G1 X-32.133 Y.777 E.03843
G1 X-37.867 Y6.51 E.38155
G1 X-37.867 Y5.693 E.03843
G1 X-32.133 Y-.04 E.38155
G1 X-32.133 Y-.857 E.03843
G1 X-37.867 Y4.877 E.38155
G1 X-37.867 Y4.06 E.03843
G1 X-32.133 Y-1.673 E.38155
G1 X-32.133 Y-2.49 E.03843
G1 X-37.867 Y3.243 E.38155
G1 X-37.867 Y2.427 E.03843
G1 X-32.133 Y-3.307 E.38155
M73 P86 R3
G1 X-32.133 Y-4.123 E.03843
G1 X-37.867 Y1.61 E.38155
G1 X-37.867 Y.793 E.03843
G1 X-32.133 Y-4.94 E.38155
G1 X-32.133 Y-5.757 E.03843
G1 X-37.867 Y-.023 E.38155
G1 X-37.867 Y-.84 E.03843
G1 X-32.133 Y-6.574 E.38155
G1 X-32.133 Y-7.39 E.03843
G1 X-37.867 Y-1.657 E.38155
G1 X-37.867 Y-2.474 E.03843
G1 X-32.133 Y-8.207 E.38155
G1 X-32.133 Y-9.024 E.03843
G1 X-37.867 Y-3.29 E.38155
G1 X-37.867 Y-4.107 E.03843
G1 X-32.133 Y-9.84 E.38155
G1 X-32.133 Y-10.657 E.03843
G1 X-37.867 Y-4.924 E.38155
G1 X-37.867 Y-5.74 E.03843
G1 X-32.133 Y-11.474 E.38155
G1 X-32.133 Y-12.29 E.03843
G1 X-37.867 Y-6.557 E.38155
G1 X-37.867 Y-7.374 E.03843
G1 X-32.133 Y-13.107 E.38155
G1 X-32.133 Y-13.924 E.03843
G1 X-37.867 Y-8.19 E.38155
G1 X-37.867 Y-9.007 E.03843
G1 X-32.133 Y-14.74 E.38155
G1 X-32.133 Y-15.557 E.03843
G1 X-37.867 Y-9.824 E.38155
G1 X-37.867 Y-10.641 E.03843
G1 X-32.133 Y-16.374 E.38155
G1 X-32.133 Y-17.191 E.03843
G1 X-37.867 Y-11.457 E.38155
G1 X-37.867 Y-12.274 E.03843
G1 X-32.133 Y-18.007 E.38155
G1 X-32.133 Y-18.824 E.03843
G1 X-37.867 Y-13.091 E.38155
G1 X-37.867 Y-13.907 E.03843
G1 X-32.133 Y-19.641 E.38155
G1 X-32.133 Y-20.457 E.03843
G1 X-37.867 Y-14.724 E.38155
G1 X-37.867 Y-15.541 E.03843
G1 X-32.133 Y-21.274 E.38155
G1 X-32.133 Y-22.091 E.03843
G1 X-37.867 Y-16.357 E.38155
G1 X-37.867 Y-17.174 E.03843
G1 X-32.133 Y-22.907 E.38155
G1 X-32.133 Y-23.724 E.03843
G1 X-37.867 Y-17.991 E.38155
G1 X-37.867 Y-18.807 E.03843
G1 X-32.133 Y-24.541 E.38155
G1 X-32.133 Y-25.357 E.03843
G1 X-37.867 Y-19.624 E.38155
G1 X-37.867 Y-20.441 E.03843
G1 X-32.133 Y-26.174 E.38155
G1 X-32.133 Y-26.991 E.03843
G1 X-37.867 Y-21.258 E.38155
G1 X-37.867 Y-22.074 E.03843
G1 X-32.133 Y-27.808 E.38155
G1 X-32.133 Y-28.624 E.03843
G1 X-37.867 Y-22.891 E.38155
G1 X-37.867 Y-23.708 E.03843
G1 X-32.133 Y-29.441 E.38155
G1 X-32.133 Y-30.258 E.03843
G1 X-37.867 Y-24.524 E.38155
G1 X-37.867 Y-25.341 E.03843
G1 X-32.133 Y-31.074 E.38155
G1 X-32.133 Y-31.891 E.03843
G1 X-37.867 Y-26.158 E.38155
G1 X-37.867 Y-26.974 E.03843
G1 X-32.133 Y-32.708 E.38155
G1 X-32.133 Y-33.524 E.03843
G1 X-37.867 Y-27.791 E.38155
G1 X-37.867 Y-28.608 E.03843
G1 X-32.133 Y-34.341 E.38155
G1 X-32.133 Y-35.158 E.03843
G1 X-37.867 Y-29.424 E.38155
G1 X-37.867 Y-30.241 E.03843
G1 X-32.133 Y-35.974 E.38155
G1 X-32.133 Y-36.791 E.03843
G1 X-37.867 Y-31.058 E.38155
G1 X-37.867 Y-31.875 E.03843
G1 X-32.133 Y-37.608 E.38155
G1 X-32.133 Y-38.425 E.03843
G1 X-37.867 Y-32.691 E.38155
G1 X-37.867 Y-33.508 E.03843
G1 X-32.133 Y-39.241 E.38155
G1 X-32.133 Y-40.058 E.03843
G1 X-37.867 Y-34.325 E.38155
G1 X-37.867 Y-35.141 E.03843
G1 X-32.133 Y-40.875 E.38155
G1 X-32.133 Y-41.691 E.03843
G1 X-37.867 Y-35.958 E.38155
G1 X-37.867 Y-36.775 E.03843
G1 X-32.133 Y-42.508 E.38155
G1 X-32.133 Y-43.325 E.03843
G1 X-37.867 Y-37.591 E.38155
G1 X-37.867 Y-38.408 E.03843
G1 X-32.133 Y-44.141 E.38155
G1 X-32.133 Y-44.958 E.03843
G1 X-37.867 Y-39.225 E.38155
G1 X-37.867 Y-40.041 E.03843
G1 X-32.133 Y-45.775 E.38155
G1 X-32.133 Y-46.591 E.03843
G1 X-37.867 Y-40.858 E.38155
G1 X-37.867 Y-41.675 E.03843
G1 X-32.133 Y-47.408 E.38155
G1 X-32.133 Y-48.225 E.03843
G1 X-37.867 Y-42.492 E.38155
G1 X-37.867 Y-43.308 E.03843
G1 X-32.133 Y-49.042 E.38155
G1 X-32.133 Y-49.858 E.03843
G1 X-37.867 Y-44.125 E.38155
G1 X-37.867 Y-44.942 E.03843
G1 X-32.133 Y-50.675 E.38155
G1 X-32.133 Y-51.492 E.03843
G1 X-37.867 Y-45.758 E.38155
G1 X-37.867 Y-46.575 E.03843
G1 X-32.133 Y-52.308 E.38155
G1 X-32.133 Y-53.125 E.03843
G1 X-37.867 Y-47.392 E.38155
G1 X-37.867 Y-48.208 E.03843
G1 X-32.133 Y-53.942 E.38155
G1 X-32.133 Y-54.758 E.03843
G1 X-37.867 Y-49.025 E.38155
G1 X-37.867 Y-49.842 E.03843
G1 X-32.133 Y-55.575 E.38155
G1 X-32.133 Y-56.392 E.03843
G1 X-37.867 Y-50.658 E.38155
G1 X-37.867 Y-51.475 E.03843
G1 X-32.133 Y-57.208 E.38155
G1 X-32.133 Y-58.025 E.03843
G1 X-37.867 Y-52.292 E.38155
G1 X-37.867 Y-53.109 E.03843
G1 X-32.133 Y-58.842 E.38155
G1 X-32.133 Y-59.659 E.03843
G1 X-37.867 Y-53.925 E.38155
G1 X-37.867 Y-54.742 E.03843
G1 X-32.133 Y-60.475 E.38155
G1 X-32.133 Y-61.292 E.03843
G1 X-37.867 Y-55.559 E.38155
G1 X-37.867 Y-56.375 E.03843
G1 X-32.133 Y-62.109 E.38155
G1 X-32.133 Y-62.925 E.03843
G1 X-37.867 Y-57.192 E.38155
G1 X-37.867 Y-58.009 E.03843
G1 X-32.133 Y-63.742 E.38155
G1 X-32.133 Y-64.559 E.03843
G1 X-37.867 Y-58.825 E.38155
G1 X-37.867 Y-59.642 E.03843
G1 X-32.133 Y-65.375 E.38155
G1 X-32.133 Y-66.192 E.03843
G1 X-37.867 Y-60.459 E.38155
G1 X-37.867 Y-61.275 E.03843
G1 X-32.133 Y-67.009 E.38155
G1 X-32.133 Y-67.825 E.03843
G1 X-37.867 Y-62.092 E.38155
G1 X-37.867 Y-62.909 E.03843
G1 X-32.133 Y-68.642 E.38155
G1 X-32.133 Y-69.459 E.03843
G1 X-37.867 Y-63.726 E.38155
G1 X-37.867 Y-64.542 E.03843
G1 X-32.133 Y-70.276 E.38155
G1 X-32.133 Y-71.092 E.03843
G1 X-37.867 Y-65.359 E.38155
G1 X-37.867 Y-66.176 E.03843
G1 X-32.133 Y-71.909 E.38155
G1 X-32.133 Y-72.726 E.03843
G1 X-37.867 Y-66.992 E.38155
G1 X-37.867 Y-67.809 E.03843
G1 X-32.133 Y-73.542 E.38155
G1 X-32.133 Y-74.359 E.03843
G1 X-37.867 Y-68.626 E.38155
G1 X-37.867 Y-69.442 E.03843
G1 X-32.133 Y-75.176 E.38155
G1 X-32.133 Y-75.992 E.03843
G1 X-37.867 Y-70.259 E.38155
G1 X-37.867 Y-71.076 E.03843
G1 X-32.133 Y-76.809 E.38155
G1 X-32.133 Y-77.626 E.03843
G1 X-37.867 Y-71.892 E.38155
G1 X-37.867 Y-72.709 E.03843
G1 X-32.809 Y-77.767 E.33658
G1 X-33.626 Y-77.767 E.03843
G1 X-37.867 Y-73.526 E.28223
G1 X-37.867 Y-74.343 E.03843
G1 X-34.443 Y-77.767 E.22788
G1 X-35.259 Y-77.767 E.03843
G1 X-37.867 Y-75.159 E.17353
G1 X-37.867 Y-75.976 E.03843
G1 X-36.076 Y-77.767 E.11918
G1 X-36.893 Y-77.767 E.03843
G1 X-38.126 Y-76.533 E.08211
SET_VELOCITY_LIMIT ACCEL=10000
G1 X-37.669 Y-77.656 F30000
SET_VELOCITY_LIMIT ACCEL=7000
;WIDTH:0.55292
G1 F9000
G1 X-37.733 Y-77.656 E.00265
G1 X-37.765 Y-77.601 E.00265
G1 X-37.733 Y-77.546 E.00265
G1 X-37.669 Y-77.546 E.00265
G1 X-37.655 Y-77.57 E.00115
SET_VELOCITY_LIMIT ACCEL=10000
G1 E-1.2 F2100
;WIPE_START
G1 F9000
G1 X-37.669 Y-77.546
G1 X-37.733 Y-77.546
G1 X-37.765 Y-77.601
G1 X-37.733 Y-77.656
G1 X-37.669 Y-77.656
;WIPE_END
G1 X-34.336 Y-70.79 Z8 F30000
G1 X37.564 Y77.323 Z8
G1 Z7.6
G1 E1.2 F2100
SET_VELOCITY_LIMIT ACCEL=7000
;WIDTH:0.867294
G1 F9000
G1 X37.461 Y77.323 E.00692
G1 X37.409 Y77.412 E.00692
G1 X37.461 Y77.501 E.00692
G1 X37.564 Y77.501 E.00692
G1 X37.597 Y77.443 E.0045
;LAYER_CHANGE
;Z:7.8
;HEIGHT:0.2
;BEFORE_LAYER_CHANGE
;7.8
G1 E-1.2 F2100
;WIPE_START
G1 F9000
G1 X37.564 Y77.501
G1 X37.461 Y77.501
G1 X37.409 Y77.412
G1 X37.461 Y77.323
G1 X37.564 Y77.323
;WIPE_END
;AFTER_LAYER_CHANGE
;7.8
;_SET_FAN_SPEED_CHANGING_LAYER
SET_VELOCITY_LIMIT ACCEL=10000
G17
G3 Z8.2 I.85 J-.871 P1  F30000
G1 X31.787 Y71.687 Z8.2
G1 Z7.8
G1 E1.2 F2100
SET_VELOCITY_LIMIT ACCEL=5000
;TYPE:Inner wall
;WIDTH:0.62
G1 F9000
G1 X31.787 Y-78.113 E7.0443
G1 X38.213 Y-78.113 E.30217
G1 X38.213 Y78.113 E7.34647
G1 X-38.213 Y78.113 E3.5939
G1 X-38.213 Y-78.113 E7.34647
G1 X-31.787 Y-78.113 E.30217
G1 X-31.787 Y71.687 E7.0443
G1 X31.751 Y71.687 E2.98786
M73 P87 R3
SET_VELOCITY_LIMIT ACCEL=10000
G1 X31.21 Y71.11 F30000
SET_VELOCITY_LIMIT ACCEL=5000
;TYPE:Outer wall
G1 F7200
G1 X31.21 Y-78.69 E7.0443
G1 X38.79 Y-78.69 E.35645
G1 X38.79 Y78.69 E7.40074
G1 X-38.79 Y78.69 E3.64817
G1 X-38.79 Y-78.69 E7.40074
G1 X-31.21 Y-78.69 E.35645
G1 X-31.21 Y71.11 E7.0443
G1 X31.174 Y71.11 E2.93359
SET_VELOCITY_LIMIT ACCEL=10000
G1 E-1.2 F2100
M73 P87 R2
;WIPE_START
G1 F7200
G1 X31.174 Y69.11
;WIPE_END
G1 X23.599 Y70.038 Z8.2 F30000
G1 X-37.669 Y77.546 Z8.2
G1 Z7.8
G1 E1.2 F2100
SET_VELOCITY_LIMIT ACCEL=7000
;TYPE:Internal solid infill
;WIDTH:0.55292
G1 F9000
G1 X-37.733 Y77.546 E.00265
G1 X-37.765 Y77.601 E.00265
G1 X-37.733 Y77.656 E.00265
G1 X-37.669 Y77.656 E.00265
G1 X-37.655 Y77.632 E.00115
SET_VELOCITY_LIMIT ACCEL=10000
G1 X-32.484 Y-77.459 F30000
SET_VELOCITY_LIMIT ACCEL=7000
;WIDTH:0.976078
G1 F8037.225
G1 X-32.601 Y-77.459 E.00887
G1 X-32.659 Y-77.358 E.00887
G1 X-32.601 Y-77.257 E.00887
G1 X-32.484 Y-77.257 E.00887
G1 X-32.444 Y-77.327 E.00613
SET_VELOCITY_LIMIT ACCEL=10000
G1 E-1.2 F2100
;WIPE_START
G1 F8037.225
G1 X-32.484 Y-77.257
G1 X-32.601 Y-77.257
G1 X-32.659 Y-77.358
G1 X-32.601 Y-77.459
G1 X-32.484 Y-77.459
;WIPE_END
G1 X-24.851 Y-77.463 Z8.2 F30000
G1 X37.564 Y-77.501 Z8.2
G1 Z7.8
G1 E1.2 F2100
SET_VELOCITY_LIMIT ACCEL=7000
;WIDTH:0.867292
G1 F9000
G1 X37.461 Y-77.501 E.00692
G1 X37.409 Y-77.412 E.00692
G1 X37.461 Y-77.323 E.00692
G1 X37.564 Y-77.323 E.00692
G1 X37.597 Y-77.381 E.0045
SET_VELOCITY_LIMIT ACCEL=10000
G1 X38.126 Y-75.888 F30000
SET_VELOCITY_LIMIT ACCEL=7000
;WIDTH:0.620409
G1 F9000
G1 X36.248 Y-77.767 E.125
G1 X35.431 Y-77.767 E.03843
G1 X37.867 Y-75.331 E.16207
G1 X37.867 Y-74.515 E.03843
G1 X34.615 Y-77.767 E.21642
G1 X33.798 Y-77.767 E.03843
G1 X37.867 Y-73.698 E.27078
G1 X37.867 Y-72.881 E.03843
G1 X32.981 Y-77.767 E.32513
G1 X32.165 Y-77.767 E.03843
G1 X37.867 Y-72.065 E.37948
G1 X37.867 Y-71.248 E.03843
G1 X32.133 Y-76.981 E.38155
G1 X32.133 Y-76.165 E.03843
G1 X37.867 Y-70.431 E.38155
G1 X37.867 Y-69.614 E.03843
G1 X32.133 Y-75.348 E.38155
G1 X32.133 Y-74.531 E.03843
G1 X37.867 Y-68.798 E.38155
G1 X37.867 Y-67.981 E.03843
G1 X32.133 Y-73.714 E.38155
G1 X32.133 Y-72.898 E.03843
G1 X37.867 Y-67.164 E.38155
G1 X37.867 Y-66.348 E.03843
G1 X32.133 Y-72.081 E.38155
G1 X32.133 Y-71.264 E.03843
G1 X37.867 Y-65.531 E.38155
G1 X37.867 Y-64.714 E.03843
G1 X32.133 Y-70.448 E.38155
G1 X32.133 Y-69.631 E.03843
G1 X37.867 Y-63.898 E.38155
G1 X37.867 Y-63.081 E.03843
G1 X32.133 Y-68.814 E.38155
G1 X32.133 Y-67.998 E.03843
G1 X37.867 Y-62.264 E.38155
G1 X37.867 Y-61.448 E.03843
G1 X32.133 Y-67.181 E.38155
G1 X32.133 Y-66.364 E.03843
G1 X37.867 Y-60.631 E.38155
G1 X37.867 Y-59.814 E.03843
G1 X32.133 Y-65.548 E.38155
G1 X32.133 Y-64.731 E.03843
G1 X37.867 Y-58.997 E.38155
G1 X37.867 Y-58.181 E.03843
G1 X32.133 Y-63.914 E.38155
G1 X32.133 Y-63.097 E.03843
G1 X37.867 Y-57.364 E.38155
G1 X37.867 Y-56.547 E.03843
G1 X32.133 Y-62.281 E.38155
G1 X32.133 Y-61.464 E.03843
G1 X37.867 Y-55.731 E.38155
G1 X37.867 Y-54.914 E.03843
G1 X32.133 Y-60.647 E.38155
G1 X32.133 Y-59.831 E.03843
G1 X37.867 Y-54.097 E.38155
G1 X37.867 Y-53.281 E.03843
G1 X32.133 Y-59.014 E.38155
G1 X32.133 Y-58.197 E.03843
G1 X37.867 Y-52.464 E.38155
G1 X37.867 Y-51.647 E.03843
G1 X32.133 Y-57.381 E.38155
G1 X32.133 Y-56.564 E.03843
G1 X37.867 Y-50.831 E.38155
G1 X37.867 Y-50.014 E.03843
G1 X32.133 Y-55.747 E.38155
G1 X32.133 Y-54.93 E.03843
G1 X37.867 Y-49.197 E.38155
G1 X37.867 Y-48.38 E.03843
G1 X32.133 Y-54.114 E.38155
G1 X32.133 Y-53.297 E.03843
G1 X37.867 Y-47.564 E.38155
G1 X37.867 Y-46.747 E.03843
G1 X32.133 Y-52.48 E.38155
G1 X32.133 Y-51.664 E.03843
G1 X37.867 Y-45.93 E.38155
G1 X37.867 Y-45.114 E.03843
G1 X32.133 Y-50.847 E.38155
G1 X32.133 Y-50.03 E.03843
G1 X37.867 Y-44.297 E.38155
G1 X37.867 Y-43.48 E.03843
G1 X32.133 Y-49.214 E.38155
G1 X32.133 Y-48.397 E.03843
G1 X37.867 Y-42.664 E.38155
G1 X37.867 Y-41.847 E.03843
G1 X32.133 Y-47.58 E.38155
G1 X32.133 Y-46.764 E.03843
G1 X37.867 Y-41.03 E.38155
G1 X37.867 Y-40.214 E.03843
G1 X32.133 Y-45.947 E.38155
G1 X32.133 Y-45.13 E.03843
G1 X37.867 Y-39.397 E.38155
G1 X37.867 Y-38.58 E.03843
G1 X32.133 Y-44.313 E.38155
G1 X32.133 Y-43.497 E.03843
G1 X37.867 Y-37.763 E.38155
G1 X37.867 Y-36.947 E.03843
G1 X32.133 Y-42.68 E.38155
G1 X32.133 Y-41.863 E.03843
G1 X37.867 Y-36.13 E.38155
G1 X37.867 Y-35.313 E.03843
G1 X32.133 Y-41.047 E.38155
G1 X32.133 Y-40.23 E.03843
G1 X37.867 Y-34.497 E.38155
G1 X37.867 Y-33.68 E.03843
G1 X32.133 Y-39.413 E.38155
G1 X32.133 Y-38.597 E.03843
G1 X37.867 Y-32.863 E.38155
G1 X37.867 Y-32.047 E.03843
G1 X32.133 Y-37.78 E.38155
G1 X32.133 Y-36.963 E.03843
G1 X37.867 Y-31.23 E.38155
G1 X37.867 Y-30.413 E.03843
G1 X32.133 Y-36.147 E.38155
G1 X32.133 Y-35.33 E.03843
G1 X37.867 Y-29.597 E.38155
G1 X37.867 Y-28.78 E.03843
G1 X32.133 Y-34.513 E.38155
G1 X32.133 Y-33.696 E.03843
G1 X37.867 Y-27.963 E.38155
G1 X37.867 Y-27.146 E.03843
G1 X32.133 Y-32.88 E.38155
G1 X32.133 Y-32.063 E.03843
G1 X37.867 Y-26.33 E.38155
G1 X37.867 Y-25.513 E.03843
G1 X32.133 Y-31.246 E.38155
G1 X32.133 Y-30.43 E.03843
G1 X37.867 Y-24.696 E.38155
G1 X37.867 Y-23.88 E.03843
G1 X32.133 Y-29.613 E.38155
M73 P88 R2
G1 X32.133 Y-28.796 E.03843
G1 X37.867 Y-23.063 E.38155
G1 X37.867 Y-22.246 E.03843
G1 X32.133 Y-27.98 E.38155
G1 X32.133 Y-27.163 E.03843
G1 X37.867 Y-21.43 E.38155
G1 X37.867 Y-20.613 E.03843
G1 X32.133 Y-26.346 E.38155
G1 X32.133 Y-25.53 E.03843
G1 X37.867 Y-19.796 E.38155
G1 X37.867 Y-18.98 E.03843
G1 X32.133 Y-24.713 E.38155
G1 X32.133 Y-23.896 E.03843
G1 X37.867 Y-18.163 E.38155
G1 X37.867 Y-17.346 E.03843
G1 X32.133 Y-23.079 E.38155
G1 X32.133 Y-22.263 E.03843
G1 X37.867 Y-16.529 E.38155
G1 X37.867 Y-15.713 E.03843
G1 X32.133 Y-21.446 E.38155
G1 X32.133 Y-20.629 E.03843
G1 X37.867 Y-14.896 E.38155
G1 X37.867 Y-14.079 E.03843
G1 X32.133 Y-19.813 E.38155
G1 X32.133 Y-18.996 E.03843
G1 X37.867 Y-13.263 E.38155
G1 X37.867 Y-12.446 E.03843
G1 X32.133 Y-18.179 E.38155
G1 X32.133 Y-17.363 E.03843
G1 X37.867 Y-11.629 E.38155
G1 X37.867 Y-10.813 E.03843
G1 X32.133 Y-16.546 E.38155
G1 X32.133 Y-15.729 E.03843
G1 X37.867 Y-9.996 E.38155
G1 X37.867 Y-9.179 E.03843
G1 X32.133 Y-14.913 E.38155
G1 X32.133 Y-14.096 E.03843
G1 X37.867 Y-8.363 E.38155
G1 X37.867 Y-7.546 E.03843
G1 X32.133 Y-13.279 E.38155
G1 X32.133 Y-12.462 E.03843
G1 X37.867 Y-6.729 E.38155
G1 X37.867 Y-5.912 E.03843
G1 X32.133 Y-11.646 E.38155
G1 X32.133 Y-10.829 E.03843
G1 X37.867 Y-5.096 E.38155
G1 X37.867 Y-4.279 E.03843
G1 X32.133 Y-10.012 E.38155
G1 X32.133 Y-9.196 E.03843
G1 X37.867 Y-3.462 E.38155
G1 X37.867 Y-2.646 E.03843
G1 X32.133 Y-8.379 E.38155
G1 X32.133 Y-7.562 E.03843
G1 X37.867 Y-1.829 E.38155
G1 X37.867 Y-1.012 E.03843
G1 X32.133 Y-6.746 E.38155
G1 X32.133 Y-5.929 E.03843
G1 X37.867 Y-.196 E.38155
G1 X37.867 Y.621 E.03843
G1 X32.133 Y-5.112 E.38155
G1 X32.133 Y-4.296 E.03843
G1 X37.867 Y1.438 E.38155
G1 X37.867 Y2.254 E.03843
G1 X32.133 Y-3.479 E.38156
G1 X32.133 Y-2.662 E.03843
G1 X37.867 Y3.071 E.38156
G1 X37.867 Y3.888 E.03843
G1 X32.133 Y-1.845 E.38155
G1 X32.133 Y-1.029 E.03843
G1 X37.867 Y4.705 E.38155
G1 X37.867 Y5.521 E.03843
G1 X32.133 Y-.212 E.38156
G1 X32.133 Y.605 E.03843
G1 X37.867 Y6.338 E.38156
G1 X37.867 Y7.155 E.03843
G1 X32.133 Y1.421 E.38155
G1 X32.133 Y2.238 E.03843
G1 X37.867 Y7.971 E.38155
G1 X37.867 Y8.788 E.03843
G1 X32.133 Y3.055 E.38155
G1 X32.133 Y3.871 E.03843
G1 X37.867 Y9.605 E.38156
G1 X37.867 Y10.421 E.03843
G1 X32.133 Y4.688 E.38156
G1 X32.133 Y5.505 E.03843
G1 X37.867 Y11.238 E.38155
G1 X37.867 Y12.055 E.03843
G1 X32.133 Y6.321 E.38155
G1 X32.133 Y7.138 E.03843
G1 X37.867 Y12.872 E.38156
G1 X37.867 Y13.688 E.03843
G1 X32.133 Y7.955 E.38156
G1 X32.133 Y8.772 E.03843
G1 X37.867 Y14.505 E.38155
G1 X37.867 Y15.322 E.03843
G1 X32.133 Y9.588 E.38155
G1 X32.133 Y10.405 E.03843
G1 X37.867 Y16.138 E.38155
G1 X37.867 Y16.955 E.03843
G1 X32.133 Y11.222 E.38156
G1 X32.133 Y12.038 E.03843
G1 X37.867 Y17.772 E.38156
G1 X37.867 Y18.588 E.03843
G1 X32.133 Y12.855 E.38155
G1 X32.133 Y13.672 E.03843
G1 X37.867 Y19.405 E.38155
G1 X37.867 Y20.222 E.03843
G1 X32.133 Y14.488 E.38156
G1 X32.133 Y15.305 E.03843
G1 X37.867 Y21.038 E.38156
G1 X37.867 Y21.855 E.03843
G1 X32.133 Y16.122 E.38155
G1 X32.133 Y16.938 E.03843
G1 X37.867 Y22.672 E.38155
G1 X37.867 Y23.489 E.03843
G1 X32.133 Y17.755 E.38155
G1 X32.133 Y18.572 E.03843
G1 X37.867 Y24.305 E.38156
G1 X37.867 Y25.122 E.03843
G1 X32.133 Y19.389 E.38155
G1 X32.133 Y20.205 E.03843
G1 X37.867 Y25.939 E.38155
G1 X37.867 Y26.755 E.03843
G1 X32.133 Y21.022 E.38155
G1 X32.133 Y21.839 E.03843
G1 X37.867 Y27.572 E.38156
G1 X37.867 Y28.389 E.03843
G1 X32.133 Y22.655 E.38156
G1 X32.133 Y23.472 E.03843
G1 X37.867 Y29.205 E.38155
G1 X37.867 Y30.022 E.03843
G1 X32.133 Y24.289 E.38155
G1 X32.133 Y25.105 E.03843
G1 X37.867 Y30.839 E.38155
G1 X37.867 Y31.655 E.03843
G1 X32.133 Y25.922 E.38156
G1 X32.133 Y26.739 E.03843
G1 X37.867 Y32.472 E.38155
G1 X37.867 Y33.289 E.03843
G1 X32.133 Y27.555 E.38155
G1 X32.133 Y28.372 E.03843
G1 X37.867 Y34.106 E.38155
G1 X37.867 Y34.922 E.03843
G1 X32.133 Y29.189 E.38156
G1 X32.133 Y30.006 E.03843
G1 X37.867 Y35.739 E.38156
G1 X37.867 Y36.556 E.03843
G1 X32.133 Y30.822 E.38155
G1 X32.133 Y31.639 E.03843
G1 X37.867 Y37.372 E.38155
G1 X37.867 Y38.189 E.03843
G1 X32.133 Y32.456 E.38155
G1 X32.133 Y33.272 E.03843
G1 X37.867 Y39.006 E.38156
G1 X37.867 Y39.822 E.03843
G1 X32.133 Y34.089 E.38155
G1 X32.133 Y34.906 E.03843
G1 X37.867 Y40.639 E.38155
G1 X37.867 Y41.456 E.03843
G1 X32.133 Y35.722 E.38155
G1 X32.133 Y36.539 E.03843
G1 X37.867 Y42.272 E.38156
G1 X37.867 Y43.089 E.03843
G1 X32.133 Y37.356 E.38156
G1 X32.133 Y38.172 E.03843
G1 X37.867 Y43.906 E.38155
G1 X37.867 Y44.723 E.03843
G1 X32.133 Y38.989 E.38155
G1 X32.133 Y39.806 E.03843
G1 X37.867 Y45.539 E.38155
G1 X37.867 Y46.356 E.03843
G1 X32.133 Y40.623 E.38156
G1 X32.133 Y41.439 E.03843
G1 X37.867 Y47.173 E.38155
G1 X37.867 Y47.989 E.03843
G1 X32.133 Y42.256 E.38155
G1 X32.133 Y43.073 E.03843
G1 X37.867 Y48.806 E.38155
G1 X37.867 Y49.623 E.03843
G1 X32.133 Y43.889 E.38156
G1 X32.133 Y44.706 E.03843
G1 X37.867 Y50.439 E.38156
G1 X37.867 Y51.256 E.03843
G1 X32.133 Y45.523 E.38155
G1 X32.133 Y46.339 E.03843
G1 X37.867 Y52.073 E.38155
G1 X37.867 Y52.889 E.03843
G1 X32.133 Y47.156 E.38156
G1 X32.133 Y47.973 E.03843
G1 X37.867 Y53.706 E.38156
G1 X37.867 Y54.523 E.03843
G1 X32.133 Y48.789 E.38155
G1 X32.133 Y49.606 E.03843
G1 X37.867 Y55.34 E.38155
G1 X37.867 Y56.156 E.03843
G1 X32.133 Y50.423 E.38155
G1 X32.133 Y51.24 E.03843
G1 X37.867 Y56.973 E.38156
G1 X37.867 Y57.79 E.03843
G1 X32.133 Y52.056 E.38156
G1 X32.133 Y52.873 E.03843
G1 X37.867 Y58.606 E.38156
G1 X37.867 Y59.423 E.03843
G1 X32.133 Y53.69 E.38156
G1 X32.133 Y54.506 E.03843
G1 X37.867 Y60.24 E.38156
G1 X37.867 Y61.056 E.03843
G1 X32.133 Y55.323 E.38156
G1 X32.133 Y56.14 E.03843
G1 X37.867 Y61.873 E.38156
G1 X37.867 Y62.69 E.03843
G1 X32.133 Y56.956 E.38156
G1 X32.133 Y57.773 E.03843
G1 X37.867 Y63.506 E.38156
G1 X37.867 Y64.323 E.03843
G1 X32.133 Y58.59 E.38156
G1 X32.133 Y59.406 E.03843
G1 X37.867 Y65.14 E.38156
G1 X37.867 Y65.957 E.03843
G1 X32.133 Y60.223 E.38156
G1 X32.133 Y61.04 E.03843
G1 X37.867 Y66.773 E.38156
G1 X37.867 Y67.59 E.03843
G1 X32.133 Y61.857 E.38156
G1 X32.133 Y62.673 E.03843
G1 X37.867 Y68.407 E.38156
G1 X37.867 Y69.223 E.03843
G1 X32.133 Y63.49 E.38156
G1 X32.133 Y64.307 E.03843
G1 X37.867 Y70.04 E.38156
G1 X37.867 Y70.857 E.03843
G1 X32.133 Y65.123 E.38156
G1 X32.133 Y65.94 E.03843
G1 X37.867 Y71.673 E.38156
G1 X37.867 Y72.49 E.03843
G1 X32.133 Y66.757 E.38156
G1 X32.133 Y67.573 E.03843
G1 X37.867 Y73.307 E.38156
G1 X37.867 Y74.123 E.03843
G1 X32.133 Y68.39 E.38156
G1 X32.133 Y69.207 E.03843
G1 X37.867 Y74.94 E.38156
G1 X37.867 Y75.757 E.03843
G1 X32.133 Y70.023 E.38156
G1 X32.133 Y70.84 E.03843
G1 X37.867 Y76.574 E.38156
G1 X37.867 Y77.39 E.03843
G1 X32.133 Y71.657 E.38156
G1 X32.133 Y72.033 E.01771
G1 X31.693 Y72.033 E.02072
G1 X37.426 Y77.767 E.38156
G1 X36.61 Y77.767 E.03843
G1 X30.876 Y72.033 E.38156
G1 X30.06 Y72.033 E.03843
G1 X35.793 Y77.767 E.38156
G1 X34.976 Y77.767 E.03843
G1 X29.243 Y72.033 E.38156
G1 X28.426 Y72.033 E.03843
G1 X34.16 Y77.767 E.38156
G1 X33.343 Y77.767 E.03843
G1 X27.61 Y72.033 E.38156
G1 X26.793 Y72.033 E.03843
G1 X32.526 Y77.767 E.38156
G1 X31.71 Y77.767 E.03843
G1 X25.976 Y72.033 E.38156
G1 X25.16 Y72.033 E.03843
G1 X30.893 Y77.767 E.38156
G1 X30.076 Y77.767 E.03843
G1 X24.343 Y72.033 E.38156
G1 X23.526 Y72.033 E.03843
G1 X29.259 Y77.767 E.38156
G1 X28.443 Y77.767 E.03843
G1 X22.709 Y72.033 E.38156
G1 X21.893 Y72.033 E.03843
G1 X27.626 Y77.767 E.38156
G1 X26.809 Y77.767 E.03843
G1 X21.076 Y72.033 E.38156
G1 X20.259 Y72.033 E.03843
G1 X25.993 Y77.767 E.38156
G1 X25.176 Y77.767 E.03843
G1 X19.443 Y72.033 E.38156
G1 X18.626 Y72.033 E.03843
G1 X24.359 Y77.767 E.38156
G1 X23.543 Y77.767 E.03843
G1 X17.809 Y72.033 E.38156
G1 X16.993 Y72.033 E.03843
G1 X22.726 Y77.767 E.38155
G1 X21.909 Y77.767 E.03843
G1 X16.176 Y72.033 E.38156
G1 X15.359 Y72.033 E.03843
G1 X21.093 Y77.767 E.38155
G1 X20.276 Y77.767 E.03843
G1 X14.543 Y72.033 E.38155
G1 X13.726 Y72.033 E.03843
G1 X19.459 Y77.767 E.38155
G1 X18.642 Y77.767 E.03843
G1 X12.909 Y72.033 E.38156
G1 X12.092 Y72.033 E.03843
G1 X17.826 Y77.767 E.38156
G1 X17.009 Y77.767 E.03843
G1 X11.276 Y72.033 E.38155
G1 X10.459 Y72.033 E.03843
G1 X16.192 Y77.767 E.38155
G1 X15.376 Y77.767 E.03843
G1 X9.642 Y72.033 E.38155
G1 X8.826 Y72.033 E.03843
G1 X14.559 Y77.767 E.38156
G1 X13.742 Y77.767 E.03843
G1 X8.009 Y72.033 E.38155
G1 X7.192 Y72.033 E.03843
G1 X12.926 Y77.767 E.38155
G1 X12.109 Y77.767 E.03843
M73 P89 R2
G1 X6.376 Y72.033 E.38155
G1 X5.559 Y72.033 E.03843
G1 X11.292 Y77.767 E.38156
G1 X10.476 Y77.767 E.03843
G1 X4.742 Y72.033 E.38156
G1 X3.926 Y72.033 E.03843
G1 X9.659 Y77.767 E.38155
G1 X8.842 Y77.767 E.03843
G1 X3.109 Y72.033 E.38155
G1 X2.292 Y72.033 E.03843
G1 X8.025 Y77.767 E.38155
G1 X7.209 Y77.767 E.03843
G1 X1.475 Y72.033 E.38156
G1 X.659 Y72.033 E.03843
G1 X6.392 Y77.767 E.38155
G1 X5.575 Y77.767 E.03843
G1 X-.158 Y72.033 E.38155
G1 X-.975 Y72.033 E.03843
G1 X4.759 Y77.767 E.38155
G1 X3.942 Y77.767 E.03843
G1 X-1.791 Y72.033 E.38155
G1 X-2.608 Y72.033 E.03843
G1 X3.125 Y77.767 E.38155
G1 X2.309 Y77.767 E.03843
G1 X-3.425 Y72.033 E.38155
G1 X-4.241 Y72.033 E.03843
G1 X1.492 Y77.767 E.38155
G1 X.675 Y77.767 E.03843
G1 X-5.058 Y72.033 E.38155
G1 X-5.875 Y72.033 E.03843
G1 X-.141 Y77.767 E.38155
G1 X-.958 Y77.767 E.03843
G1 X-6.691 Y72.033 E.38156
G1 X-7.508 Y72.033 E.03843
G1 X-1.775 Y77.767 E.38155
G1 X-2.592 Y77.767 E.03843
G1 X-8.325 Y72.033 E.38155
G1 X-9.142 Y72.033 E.03843
G1 X-3.408 Y77.767 E.38155
G1 X-4.225 Y77.767 E.03843
G1 X-9.958 Y72.033 E.38156
G1 X-10.775 Y72.033 E.03843
G1 X-5.042 Y77.767 E.38156
G1 X-5.858 Y77.767 E.03843
G1 X-11.592 Y72.033 E.38155
G1 X-12.408 Y72.033 E.03843
G1 X-6.675 Y77.767 E.38155
G1 X-7.492 Y77.767 E.03843
G1 X-13.225 Y72.033 E.38155
G1 X-14.042 Y72.033 E.03843
G1 X-8.308 Y77.767 E.38156
G1 X-9.125 Y77.767 E.03843
G1 X-14.858 Y72.033 E.38155
G1 X-15.675 Y72.033 E.03843
G1 X-9.942 Y77.767 E.38155
G1 X-10.758 Y77.767 E.03843
G1 X-16.492 Y72.033 E.38155
G1 X-17.308 Y72.033 E.03843
G1 X-11.575 Y77.767 E.38156
G1 X-12.392 Y77.767 E.03843
G1 X-18.125 Y72.033 E.38156
G1 X-18.942 Y72.033 E.03843
G1 X-13.209 Y77.767 E.38155
G1 X-14.025 Y77.767 E.03843
G1 X-19.759 Y72.033 E.38155
G1 X-20.575 Y72.033 E.03843
G1 X-14.842 Y77.767 E.38155
G1 X-15.659 Y77.767 E.03843
G1 X-21.392 Y72.033 E.38156
G1 X-22.209 Y72.033 E.03843
G1 X-16.475 Y77.767 E.38155
G1 X-17.292 Y77.767 E.03843
G1 X-23.025 Y72.033 E.38155
G1 X-23.842 Y72.033 E.03843
G1 X-18.109 Y77.767 E.38155
G1 X-18.925 Y77.767 E.03843
G1 X-24.659 Y72.033 E.38156
G1 X-25.475 Y72.033 E.03843
G1 X-19.742 Y77.767 E.38156
G1 X-20.559 Y77.767 E.03843
G1 X-26.292 Y72.033 E.38155
G1 X-27.109 Y72.033 E.03843
G1 X-21.375 Y77.767 E.38155
G1 X-22.192 Y77.767 E.03843
G1 X-27.925 Y72.033 E.38155
G1 X-28.742 Y72.033 E.03843
G1 X-23.009 Y77.767 E.38156
G1 X-23.826 Y77.767 E.03843
G1 X-29.559 Y72.033 E.38155
G1 X-30.376 Y72.033 E.03843
G1 X-24.642 Y77.767 E.38155
G1 X-25.459 Y77.767 E.03843
G1 X-31.452 Y71.774 E.39884
SET_VELOCITY_LIMIT ACCEL=10000
G1 X-31.874 Y-75.653 F30000
SET_VELOCITY_LIMIT ACCEL=7000
G1 F9000
G1 X-33.988 Y-77.767 E.14068
G1 X-34.804 Y-77.767 E.03843
G1 X-32.133 Y-75.096 E.17775
G1 X-32.133 Y-74.279 E.03843
G1 X-35.621 Y-77.767 E.2321
G1 X-36.438 Y-77.767 E.03843
G1 X-32.133 Y-73.462 E.28645
G1 X-32.133 Y-72.646 E.03843
G1 X-37.254 Y-77.767 E.3408
G1 X-37.867 Y-77.767 E.02882
G1 X-37.867 Y-77.562 E.00962
G1 X-32.133 Y-71.829 E.38155
G1 X-32.133 Y-71.012 E.03843
G1 X-37.867 Y-76.746 E.38155
G1 X-37.867 Y-75.929 E.03843
G1 X-32.133 Y-70.196 E.38155
G1 X-32.133 Y-69.379 E.03843
G1 X-37.867 Y-75.112 E.38155
G1 X-37.867 Y-74.296 E.03843
G1 X-32.133 Y-68.562 E.38155
G1 X-32.133 Y-67.746 E.03843
G1 X-37.867 Y-73.479 E.38155
G1 X-37.867 Y-72.662 E.03843
G1 X-32.133 Y-66.929 E.38155
G1 X-32.133 Y-66.112 E.03843
G1 X-37.867 Y-71.845 E.38155
G1 X-37.867 Y-71.029 E.03843
G1 X-32.133 Y-65.295 E.38155
G1 X-32.133 Y-64.479 E.03843
G1 X-37.867 Y-70.212 E.38155
G1 X-37.867 Y-69.395 E.03843
G1 X-32.133 Y-63.662 E.38155
G1 X-32.133 Y-62.845 E.03843
G1 X-37.867 Y-68.579 E.38155
G1 X-37.867 Y-67.762 E.03843
G1 X-32.133 Y-62.029 E.38155
G1 X-32.133 Y-61.212 E.03843
G1 X-37.867 Y-66.945 E.38155
G1 X-37.867 Y-66.129 E.03843
G1 X-32.133 Y-60.395 E.38155
G1 X-32.133 Y-59.579 E.03843
G1 X-37.867 Y-65.312 E.38155
G1 X-37.867 Y-64.495 E.03843
G1 X-32.133 Y-58.762 E.38155
G1 X-32.133 Y-57.945 E.03843
G1 X-37.867 Y-63.679 E.38155
G1 X-37.867 Y-62.862 E.03843
G1 X-32.133 Y-57.129 E.38155
G1 X-32.133 Y-56.312 E.03843
G1 X-37.867 Y-62.045 E.38155
G1 X-37.867 Y-61.228 E.03843
G1 X-32.133 Y-55.495 E.38155
G1 X-32.133 Y-54.678 E.03843
G1 X-37.867 Y-60.412 E.38155
G1 X-37.867 Y-59.595 E.03843
G1 X-32.133 Y-53.862 E.38155
G1 X-32.133 Y-53.045 E.03843
G1 X-37.867 Y-58.778 E.38155
G1 X-37.867 Y-57.962 E.03843
G1 X-32.133 Y-52.228 E.38155
G1 X-32.133 Y-51.412 E.03843
G1 X-37.867 Y-57.145 E.38155
G1 X-37.867 Y-56.328 E.03843
G1 X-32.133 Y-50.595 E.38155
G1 X-32.133 Y-49.778 E.03843
G1 X-37.867 Y-55.512 E.38155
G1 X-37.867 Y-54.695 E.03843
G1 X-32.133 Y-48.962 E.38155
G1 X-32.133 Y-48.145 E.03843
G1 X-37.867 Y-53.878 E.38155
G1 X-37.867 Y-53.062 E.03843
G1 X-32.133 Y-47.328 E.38155
G1 X-32.133 Y-46.511 E.03843
G1 X-37.867 Y-52.245 E.38155
G1 X-37.867 Y-51.428 E.03843
G1 X-32.133 Y-45.695 E.38155
G1 X-32.133 Y-44.878 E.03843
G1 X-37.867 Y-50.611 E.38155
G1 X-37.867 Y-49.795 E.03843
G1 X-32.133 Y-44.061 E.38155
G1 X-32.133 Y-43.245 E.03843
G1 X-37.867 Y-48.978 E.38155
G1 X-37.867 Y-48.161 E.03843
G1 X-32.133 Y-42.428 E.38155
G1 X-32.133 Y-41.611 E.03843
G1 X-37.867 Y-47.345 E.38155
G1 X-37.867 Y-46.528 E.03843
G1 X-32.133 Y-40.795 E.38155
G1 X-32.133 Y-39.978 E.03843
G1 X-37.867 Y-45.711 E.38155
G1 X-37.867 Y-44.895 E.03843
G1 X-32.133 Y-39.161 E.38155
G1 X-32.133 Y-38.345 E.03843
G1 X-37.867 Y-44.078 E.38155
G1 X-37.867 Y-43.261 E.03843
G1 X-32.133 Y-37.528 E.38155
G1 X-32.133 Y-36.711 E.03843
G1 X-37.867 Y-42.445 E.38156
G1 X-37.867 Y-41.628 E.03843
G1 X-32.133 Y-35.894 E.38156
G1 X-32.133 Y-35.078 E.03843
G1 X-37.867 Y-40.811 E.38155
G1 X-37.867 Y-39.994 E.03843
G1 X-32.133 Y-34.261 E.38155
G1 X-32.133 Y-33.444 E.03843
G1 X-37.867 Y-39.178 E.38155
G1 X-37.867 Y-38.361 E.03843
G1 X-32.133 Y-32.628 E.38156
G1 X-32.133 Y-31.811 E.03843
G1 X-37.867 Y-37.544 E.38156
G1 X-37.867 Y-36.728 E.03843
G1 X-32.133 Y-30.994 E.38155
G1 X-32.133 Y-30.178 E.03843
G1 X-37.867 Y-35.911 E.38155
G1 X-37.867 Y-35.094 E.03843
G1 X-32.133 Y-29.361 E.38156
G1 X-32.133 Y-28.544 E.03843
G1 X-37.867 Y-34.278 E.38156
G1 X-37.867 Y-33.461 E.03843
G1 X-32.133 Y-27.728 E.38155
G1 X-32.133 Y-26.911 E.03843
G1 X-37.867 Y-32.644 E.38155
G1 X-37.867 Y-31.828 E.03843
G1 X-32.133 Y-26.094 E.38155
G1 X-32.133 Y-25.277 E.03843
G1 X-37.867 Y-31.011 E.38156
G1 X-37.867 Y-30.194 E.03843
G1 X-32.133 Y-24.461 E.38155
G1 X-32.133 Y-23.644 E.03843
G1 X-37.867 Y-29.377 E.38155
G1 X-37.867 Y-28.561 E.03843
G1 X-32.133 Y-22.827 E.38155
G1 X-32.133 Y-22.011 E.03843
G1 X-37.867 Y-27.744 E.38156
G1 X-37.867 Y-26.927 E.03843
G1 X-32.133 Y-21.194 E.38156
G1 X-32.133 Y-20.377 E.03843
G1 X-37.867 Y-26.111 E.38155
G1 X-37.867 Y-25.294 E.03843
G1 X-32.133 Y-19.561 E.38155
G1 X-32.133 Y-18.744 E.03843
G1 X-37.867 Y-24.477 E.38155
G1 X-37.867 Y-23.661 E.03843
G1 X-32.133 Y-17.927 E.38156
G1 X-32.133 Y-17.111 E.03843
G1 X-37.867 Y-22.844 E.38155
G1 X-37.867 Y-22.027 E.03843
G1 X-32.133 Y-16.294 E.38155
G1 X-32.133 Y-15.477 E.03843
G1 X-37.867 Y-21.211 E.38155
G1 X-37.867 Y-20.394 E.03843
G1 X-32.133 Y-14.66 E.38156
G1 X-32.133 Y-13.844 E.03843
G1 X-37.867 Y-19.577 E.38156
G1 X-37.867 Y-18.76 E.03843
G1 X-32.133 Y-13.027 E.38155
G1 X-32.133 Y-12.21 E.03843
G1 X-37.867 Y-17.944 E.38155
G1 X-37.867 Y-17.127 E.03843
G1 X-32.133 Y-11.394 E.38155
G1 X-32.133 Y-10.577 E.03843
G1 X-37.867 Y-16.31 E.38156
G1 X-37.867 Y-15.494 E.03843
G1 X-32.133 Y-9.76 E.38155
G1 X-32.133 Y-8.944 E.03843
G1 X-37.867 Y-14.677 E.38155
G1 X-37.867 Y-13.86 E.03843
G1 X-32.133 Y-8.127 E.38155
G1 X-32.133 Y-7.31 E.03843
G1 X-37.867 Y-13.044 E.38156
G1 X-37.867 Y-12.227 E.03843
G1 X-32.133 Y-6.494 E.38156
G1 X-32.133 Y-5.677 E.03843
G1 X-37.867 Y-11.41 E.38155
G1 X-37.867 Y-10.594 E.03843
G1 X-32.133 Y-4.86 E.38155
G1 X-32.133 Y-4.043 E.03843
G1 X-37.867 Y-9.777 E.38155
G1 X-37.867 Y-8.96 E.03843
G1 X-32.133 Y-3.227 E.38156
G1 X-32.133 Y-2.41 E.03843
G1 X-37.867 Y-8.143 E.38155
G1 X-37.867 Y-7.327 E.03843
G1 X-32.133 Y-1.593 E.38155
G1 X-32.133 Y-.777 E.03843
G1 X-37.867 Y-6.51 E.38155
G1 X-37.867 Y-5.693 E.03843
G1 X-32.133 Y.04 E.38156
G1 X-32.133 Y.857 E.03843
G1 X-37.867 Y-4.877 E.38156
G1 X-37.867 Y-4.06 E.03843
G1 X-32.133 Y1.673 E.38155
G1 X-32.133 Y2.49 E.03843
G1 X-37.867 Y-3.243 E.38155
G1 X-37.867 Y-2.427 E.03843
G1 X-32.133 Y3.307 E.38156
G1 X-32.133 Y4.123 E.03843
G1 X-37.867 Y-1.61 E.38156
G1 X-37.867 Y-.793 E.03843
G1 X-32.133 Y4.94 E.38155
G1 X-32.133 Y5.757 E.03843
G1 X-37.867 Y.023 E.38155
G1 X-37.867 Y.84 E.03843
G1 X-32.133 Y6.574 E.38155
G1 X-32.133 Y7.39 E.03843
G1 X-37.867 Y1.657 E.38155
G1 X-37.867 Y2.474 E.03843
G1 X-32.133 Y8.207 E.38155
G1 X-32.133 Y9.024 E.03843
G1 X-37.867 Y3.29 E.38155
G1 X-37.867 Y4.107 E.03843
G1 X-32.133 Y9.84 E.38155
G1 X-32.133 Y10.657 E.03843
G1 X-37.867 Y4.924 E.38155
M73 P90 R2
G1 X-37.867 Y5.74 E.03843
G1 X-32.133 Y11.474 E.38155
G1 X-32.133 Y12.29 E.03843
G1 X-37.867 Y6.557 E.38155
G1 X-37.867 Y7.374 E.03843
G1 X-32.133 Y13.107 E.38155
G1 X-32.133 Y13.924 E.03843
G1 X-37.867 Y8.19 E.38155
G1 X-37.867 Y9.007 E.03843
G1 X-32.133 Y14.74 E.38155
G1 X-32.133 Y15.557 E.03843
G1 X-37.867 Y9.824 E.38155
G1 X-37.867 Y10.641 E.03843
G1 X-32.133 Y16.374 E.38155
G1 X-32.133 Y17.191 E.03843
G1 X-37.867 Y11.457 E.38155
G1 X-37.867 Y12.274 E.03843
G1 X-32.133 Y18.007 E.38155
G1 X-32.133 Y18.824 E.03843
G1 X-37.867 Y13.091 E.38155
G1 X-37.867 Y13.907 E.03843
G1 X-32.133 Y19.641 E.38155
G1 X-32.133 Y20.457 E.03843
G1 X-37.867 Y14.724 E.38155
G1 X-37.867 Y15.541 E.03843
G1 X-32.133 Y21.274 E.38155
G1 X-32.133 Y22.091 E.03843
G1 X-37.867 Y16.357 E.38155
G1 X-37.867 Y17.174 E.03843
G1 X-32.133 Y22.907 E.38155
G1 X-32.133 Y23.724 E.03843
G1 X-37.867 Y17.991 E.38155
G1 X-37.867 Y18.807 E.03843
G1 X-32.133 Y24.541 E.38155
G1 X-32.133 Y25.357 E.03843
G1 X-37.867 Y19.624 E.38155
G1 X-37.867 Y20.441 E.03843
G1 X-32.133 Y26.174 E.38155
G1 X-32.133 Y26.991 E.03843
G1 X-37.867 Y21.258 E.38155
G1 X-37.867 Y22.074 E.03843
G1 X-32.133 Y27.808 E.38155
G1 X-32.133 Y28.624 E.03843
G1 X-37.867 Y22.891 E.38155
G1 X-37.867 Y23.708 E.03843
G1 X-32.133 Y29.441 E.38155
G1 X-32.133 Y30.258 E.03843
G1 X-37.867 Y24.524 E.38155
G1 X-37.867 Y25.341 E.03843
G1 X-32.133 Y31.074 E.38155
G1 X-32.133 Y31.891 E.03843
G1 X-37.867 Y26.158 E.38155
G1 X-37.867 Y26.974 E.03843
G1 X-32.133 Y32.708 E.38155
G1 X-32.133 Y33.524 E.03843
G1 X-37.867 Y27.791 E.38155
G1 X-37.867 Y28.608 E.03843
G1 X-32.133 Y34.341 E.38155
G1 X-32.133 Y35.158 E.03843
G1 X-37.867 Y29.424 E.38156
G1 X-37.867 Y30.241 E.03843
G1 X-32.133 Y35.974 E.38156
G1 X-32.133 Y36.791 E.03843
G1 X-37.867 Y31.058 E.38156
G1 X-37.867 Y31.875 E.03843
G1 X-32.133 Y37.608 E.38156
G1 X-32.133 Y38.425 E.03843
G1 X-37.867 Y32.691 E.38156
G1 X-37.867 Y33.508 E.03843
G1 X-32.133 Y39.241 E.38156
G1 X-32.133 Y40.058 E.03843
G1 X-37.867 Y34.325 E.38156
G1 X-37.867 Y35.141 E.03843
G1 X-32.133 Y40.875 E.38156
G1 X-32.133 Y41.691 E.03843
G1 X-37.867 Y35.958 E.38156
G1 X-37.867 Y36.775 E.03843
G1 X-32.133 Y42.508 E.38156
G1 X-32.133 Y43.325 E.03843
G1 X-37.867 Y37.591 E.38156
G1 X-37.867 Y38.408 E.03843
G1 X-32.133 Y44.141 E.38156
G1 X-32.133 Y44.958 E.03843
G1 X-37.867 Y39.225 E.38156
G1 X-37.867 Y40.041 E.03843
G1 X-32.133 Y45.775 E.38156
G1 X-32.133 Y46.591 E.03843
G1 X-37.867 Y40.858 E.38156
G1 X-37.867 Y41.675 E.03843
G1 X-32.133 Y47.408 E.38156
G1 X-32.133 Y48.225 E.03843
G1 X-37.867 Y42.492 E.38156
G1 X-37.867 Y43.308 E.03843
G1 X-32.133 Y49.042 E.38156
G1 X-32.133 Y49.858 E.03843
G1 X-37.867 Y44.125 E.38156
G1 X-37.867 Y44.942 E.03843
G1 X-32.133 Y50.675 E.38156
G1 X-32.133 Y51.492 E.03843
G1 X-37.867 Y45.758 E.38156
G1 X-37.867 Y46.575 E.03843
G1 X-32.133 Y52.308 E.38156
G1 X-32.133 Y53.125 E.03843
G1 X-37.867 Y47.392 E.38156
G1 X-37.867 Y48.208 E.03843
G1 X-32.133 Y53.942 E.38156
G1 X-32.133 Y54.758 E.03843
G1 X-37.867 Y49.025 E.38156
G1 X-37.867 Y49.842 E.03843
G1 X-32.133 Y55.575 E.38156
G1 X-32.133 Y56.392 E.03843
G1 X-37.867 Y50.658 E.38156
G1 X-37.867 Y51.475 E.03843
G1 X-32.133 Y57.208 E.38156
G1 X-32.133 Y58.025 E.03843
G1 X-37.867 Y52.292 E.38156
G1 X-37.867 Y53.109 E.03843
G1 X-32.133 Y58.842 E.38156
G1 X-32.133 Y59.659 E.03843
G1 X-37.867 Y53.925 E.38156
G1 X-37.867 Y54.742 E.03843
G1 X-32.133 Y60.475 E.38156
G1 X-32.133 Y61.292 E.03843
G1 X-37.867 Y55.559 E.38156
G1 X-37.867 Y56.375 E.03843
G1 X-32.133 Y62.109 E.38156
G1 X-32.133 Y62.925 E.03843
G1 X-37.867 Y57.192 E.38156
G1 X-37.867 Y58.009 E.03843
G1 X-32.133 Y63.742 E.38156
G1 X-32.133 Y64.559 E.03843
G1 X-37.867 Y58.825 E.38156
G1 X-37.867 Y59.642 E.03843
G1 X-32.133 Y65.375 E.38156
G1 X-32.133 Y66.192 E.03843
G1 X-37.867 Y60.459 E.38155
G1 X-37.867 Y61.275 E.03843
G1 X-32.133 Y67.009 E.38155
G1 X-32.133 Y67.825 E.03843
G1 X-37.867 Y62.092 E.38156
G1 X-37.867 Y62.909 E.03843
G1 X-32.133 Y68.642 E.38156
G1 X-32.133 Y69.459 E.03843
G1 X-37.867 Y63.726 E.38155
G1 X-37.867 Y64.542 E.03843
G1 X-32.133 Y70.276 E.38155
G1 X-32.133 Y71.092 E.03843
G1 X-37.867 Y65.359 E.38155
G1 X-37.867 Y66.176 E.03843
G1 X-26.276 Y77.767 E.77139
G1 X-27.092 Y77.767 E.03843
G1 X-37.867 Y66.992 E.71704
G1 X-37.867 Y67.809 E.03843
G1 X-27.909 Y77.767 E.66268
G1 X-28.726 Y77.767 E.03843
G1 X-37.867 Y68.626 E.60833
G1 X-37.867 Y69.442 E.03843
G1 X-29.542 Y77.767 E.55398
G1 X-30.359 Y77.767 E.03843
G1 X-37.867 Y70.259 E.49963
G1 X-37.867 Y71.076 E.03843
G1 X-31.176 Y77.767 E.44528
G1 X-31.992 Y77.767 E.03843
G1 X-37.867 Y71.892 E.39093
G1 X-37.867 Y72.709 E.03843
G1 X-32.809 Y77.767 E.33658
G1 X-33.626 Y77.767 E.03843
G1 X-37.867 Y73.526 E.28223
G1 X-37.867 Y74.343 E.03843
G1 X-34.443 Y77.767 E.22788
G1 X-35.259 Y77.767 E.03843
G1 X-37.867 Y75.159 E.17353
G1 X-37.867 Y75.976 E.03843
G1 X-36.076 Y77.767 E.11917
G1 X-36.893 Y77.767 E.03843
G1 X-38.126 Y76.533 E.08211
;LAYER_CHANGE
;Z:8
;HEIGHT:0.2
;BEFORE_LAYER_CHANGE
;8
G1 E-1.2 F2100
;WIPE_START
G1 F9000
G1 X-36.893 Y77.767
G1 X-36.637 Y77.767
;WIPE_END
;AFTER_LAYER_CHANGE
;8
;_SET_FAN_SPEED_CHANGING_LAYER
SET_VELOCITY_LIMIT ACCEL=10000
G17
G3 Z8.4 I.108 J1.212 P1  F30000
G1 X31.787 Y71.687 Z8.4
G1 Z8
G1 E1.2 F2100
SET_VELOCITY_LIMIT ACCEL=5000
;TYPE:Inner wall
;WIDTH:0.62
G1 F9000
G1 X31.787 Y-78.113 E7.0443
G1 X38.213 Y-78.113 E.30217
G1 X38.213 Y78.113 E7.34647
G1 X-38.213 Y78.113 E3.5939
G1 X-38.213 Y-78.113 E7.34647
G1 X-31.787 Y-78.113 E.30217
G1 X-31.787 Y71.687 E7.0443
G1 X31.751 Y71.687 E2.98786
SET_VELOCITY_LIMIT ACCEL=10000
G1 X31.21 Y71.11 F30000
SET_VELOCITY_LIMIT ACCEL=5000
;TYPE:Outer wall
G1 F7200
G1 X31.21 Y-78.69 E7.0443
G1 X38.79 Y-78.69 E.35645
M73 P91 R2
G1 X38.79 Y78.69 E7.40074
G1 X-38.79 Y78.69 E3.64817
G1 X-38.79 Y-78.69 E7.40074
G1 X-31.21 Y-78.69 E.35645
G1 X-31.21 Y71.11 E7.0443
G1 X31.174 Y71.11 E2.93359
SET_VELOCITY_LIMIT ACCEL=10000
G1 E-1.2 F2100
;WIPE_START
G1 F7200
G1 X31.174 Y69.11
;WIPE_END
G1 X36.639 Y74.438 Z8.4 F30000
G1 X38.126 Y75.888 Z8.4
G1 Z8
G1 E1.2 F2100
SET_VELOCITY_LIMIT ACCEL=7000
;TYPE:Internal solid infill
;WIDTH:0.620409
G1 F9000
G1 X36.248 Y77.767 E.125
G1 X35.431 Y77.767 E.03843
G1 X37.867 Y75.331 E.16207
G1 X37.867 Y74.515 E.03843
G1 X34.615 Y77.767 E.21642
G1 X33.798 Y77.767 E.03843
G1 X37.867 Y73.698 E.27078
G1 X37.867 Y72.881 E.03843
G1 X32.981 Y77.767 E.32513
G1 X32.165 Y77.767 E.03843
G1 X37.867 Y72.065 E.37948
G1 X37.867 Y71.248 E.03843
G1 X31.348 Y77.767 E.43383
G1 X30.531 Y77.767 E.03843
G1 X37.867 Y70.431 E.48818
G1 X37.867 Y69.614 E.03843
G1 X29.714 Y77.767 E.54253
G1 X28.898 Y77.767 E.03843
G1 X37.867 Y68.798 E.59688
G1 X37.867 Y67.981 E.03843
G1 X28.081 Y77.767 E.65123
G1 X27.264 Y77.767 E.03843
G1 X37.867 Y67.164 E.70558
G1 X37.867 Y66.348 E.03843
G1 X26.448 Y77.767 E.75993
G1 X25.631 Y77.767 E.03843
G1 X31.364 Y72.033 E.38156
G1 X32.133 Y72.033 E.03619
G1 X32.133 Y71.264 E.03619
G1 X37.867 Y65.531 E.38155
G1 X37.867 Y64.714 E.03843
G1 X32.133 Y70.448 E.38155
G1 X32.133 Y69.631 E.03843
G1 X37.867 Y63.898 E.38155
G1 X37.867 Y63.081 E.03843
G1 X32.133 Y68.814 E.38155
G1 X32.133 Y67.998 E.03843
G1 X37.867 Y62.264 E.38155
G1 X37.867 Y61.448 E.03843
G1 X32.133 Y67.181 E.38155
G1 X32.133 Y66.364 E.03843
G1 X37.867 Y60.631 E.38155
G1 X37.867 Y59.814 E.03843
G1 X32.133 Y65.548 E.38155
G1 X32.133 Y64.731 E.03843
G1 X37.867 Y58.997 E.38155
G1 X37.867 Y58.181 E.03843
G1 X32.133 Y63.914 E.38155
G1 X32.133 Y63.097 E.03843
G1 X37.867 Y57.364 E.38155
G1 X37.867 Y56.547 E.03843
G1 X32.133 Y62.281 E.38155
G1 X32.133 Y61.464 E.03843
G1 X37.867 Y55.731 E.38155
G1 X37.867 Y54.914 E.03843
G1 X32.133 Y60.647 E.38155
G1 X32.133 Y59.831 E.03843
G1 X37.867 Y54.097 E.38155
G1 X37.867 Y53.281 E.03843
G1 X32.133 Y59.014 E.38155
G1 X32.133 Y58.197 E.03843
G1 X37.867 Y52.464 E.38155
G1 X37.867 Y51.647 E.03843
G1 X32.133 Y57.381 E.38155
G1 X32.133 Y56.564 E.03843
G1 X37.867 Y50.831 E.38155
G1 X37.867 Y50.014 E.03843
G1 X32.133 Y55.747 E.38155
G1 X32.133 Y54.93 E.03843
G1 X37.867 Y49.197 E.38155
G1 X37.867 Y48.38 E.03843
M73 P91 R1
G1 X32.133 Y54.114 E.38155
G1 X32.133 Y53.297 E.03843
G1 X37.867 Y47.564 E.38155
G1 X37.867 Y46.747 E.03843
G1 X32.133 Y52.48 E.38155
G1 X32.133 Y51.664 E.03843
G1 X37.867 Y45.93 E.38155
G1 X37.867 Y45.114 E.03843
G1 X32.133 Y50.847 E.38155
G1 X32.133 Y50.03 E.03843
G1 X37.867 Y44.297 E.38155
G1 X37.867 Y43.48 E.03843
G1 X32.133 Y49.214 E.38155
G1 X32.133 Y48.397 E.03843
G1 X37.867 Y42.664 E.38155
G1 X37.867 Y41.847 E.03843
G1 X32.133 Y47.58 E.38155
G1 X32.133 Y46.764 E.03843
G1 X37.867 Y41.03 E.38155
G1 X37.867 Y40.214 E.03843
G1 X32.133 Y45.947 E.38155
G1 X32.133 Y45.13 E.03843
G1 X37.867 Y39.397 E.38155
G1 X37.867 Y38.58 E.03843
G1 X32.133 Y44.313 E.38155
G1 X32.133 Y43.497 E.03843
G1 X37.867 Y37.763 E.38155
G1 X37.867 Y36.947 E.03843
G1 X32.133 Y42.68 E.38155
G1 X32.133 Y41.863 E.03843
G1 X37.867 Y36.13 E.38155
G1 X37.867 Y35.313 E.03843
G1 X32.133 Y41.047 E.38155
G1 X32.133 Y40.23 E.03843
G1 X37.867 Y34.497 E.38155
G1 X37.867 Y33.68 E.03843
G1 X32.133 Y39.413 E.38155
G1 X32.133 Y38.597 E.03843
G1 X37.867 Y32.863 E.38155
G1 X37.867 Y32.047 E.03843
G1 X32.133 Y37.78 E.38155
G1 X32.133 Y36.963 E.03843
G1 X37.867 Y31.23 E.38155
G1 X37.867 Y30.413 E.03843
G1 X32.133 Y36.147 E.38155
G1 X32.133 Y35.33 E.03843
G1 X37.867 Y29.597 E.38155
G1 X37.867 Y28.78 E.03843
G1 X32.133 Y34.513 E.38155
G1 X32.133 Y33.696 E.03843
G1 X37.867 Y27.963 E.38155
G1 X37.867 Y27.146 E.03843
G1 X32.133 Y32.88 E.38155
G1 X32.133 Y32.063 E.03843
G1 X37.867 Y26.33 E.38155
G1 X37.867 Y25.513 E.03843
G1 X32.133 Y31.246 E.38155
G1 X32.133 Y30.43 E.03843
G1 X37.867 Y24.696 E.38155
G1 X37.867 Y23.88 E.03843
G1 X32.133 Y29.613 E.38155
G1 X32.133 Y28.796 E.03843
G1 X37.867 Y23.063 E.38155
G1 X37.867 Y22.246 E.03843
G1 X32.133 Y27.98 E.38155
G1 X32.133 Y27.163 E.03843
G1 X37.867 Y21.43 E.38155
G1 X37.867 Y20.613 E.03843
G1 X32.133 Y26.346 E.38155
G1 X32.133 Y25.53 E.03843
G1 X37.867 Y19.796 E.38155
G1 X37.867 Y18.98 E.03843
G1 X32.133 Y24.713 E.38155
G1 X32.133 Y23.896 E.03843
G1 X37.867 Y18.163 E.38155
G1 X37.867 Y17.346 E.03843
G1 X32.133 Y23.079 E.38155
G1 X32.133 Y22.263 E.03843
G1 X37.867 Y16.529 E.38155
G1 X37.867 Y15.713 E.03843
G1 X32.133 Y21.446 E.38155
G1 X32.133 Y20.629 E.03843
G1 X37.867 Y14.896 E.38155
G1 X37.867 Y14.079 E.03843
G1 X32.133 Y19.813 E.38155
G1 X32.133 Y18.996 E.03843
G1 X37.867 Y13.263 E.38155
G1 X37.867 Y12.446 E.03843
G1 X32.133 Y18.179 E.38155
G1 X32.133 Y17.363 E.03843
G1 X37.867 Y11.629 E.38155
G1 X37.867 Y10.813 E.03843
G1 X32.133 Y16.546 E.38155
G1 X32.133 Y15.729 E.03843
G1 X37.867 Y9.996 E.38155
G1 X37.867 Y9.179 E.03843
G1 X32.133 Y14.913 E.38155
G1 X32.133 Y14.096 E.03843
G1 X37.867 Y8.363 E.38155
G1 X37.867 Y7.546 E.03843
M73 P92 R1
G1 X32.133 Y13.279 E.38155
G1 X32.133 Y12.462 E.03843
G1 X37.867 Y6.729 E.38155
G1 X37.867 Y5.912 E.03843
G1 X32.133 Y11.646 E.38155
G1 X32.133 Y10.829 E.03843
G1 X37.867 Y5.096 E.38155
G1 X37.867 Y4.279 E.03843
G1 X32.133 Y10.012 E.38155
G1 X32.133 Y9.196 E.03843
G1 X37.867 Y3.462 E.38155
G1 X37.867 Y2.646 E.03843
G1 X32.133 Y8.379 E.38155
G1 X32.133 Y7.562 E.03843
G1 X37.867 Y1.829 E.38155
G1 X37.867 Y1.012 E.03843
G1 X32.133 Y6.746 E.38155
G1 X32.133 Y5.929 E.03843
G1 X37.867 Y.196 E.38155
G1 X37.867 Y-.621 E.03843
G1 X32.133 Y5.112 E.38155
G1 X32.133 Y4.296 E.03843
G1 X37.867 Y-1.438 E.38155
G1 X37.867 Y-2.254 E.03843
G1 X32.133 Y3.479 E.38155
G1 X32.133 Y2.662 E.03843
G1 X37.867 Y-3.071 E.38155
G1 X37.867 Y-3.888 E.03843
G1 X32.133 Y1.845 E.38155
G1 X32.133 Y1.029 E.03843
G1 X37.867 Y-4.705 E.38155
G1 X37.867 Y-5.521 E.03843
G1 X32.133 Y.212 E.38155
G1 X32.133 Y-.605 E.03843
G1 X37.867 Y-6.338 E.38155
G1 X37.867 Y-7.155 E.03843
G1 X32.133 Y-1.421 E.38155
G1 X32.133 Y-2.238 E.03843
G1 X37.867 Y-7.971 E.38155
G1 X37.867 Y-8.788 E.03843
G1 X32.133 Y-3.055 E.38155
G1 X32.133 Y-3.871 E.03843
G1 X37.867 Y-9.605 E.38155
G1 X37.867 Y-10.421 E.03843
G1 X32.133 Y-4.688 E.38155
G1 X32.133 Y-5.505 E.03843
G1 X37.867 Y-11.238 E.38155
G1 X37.867 Y-12.055 E.03843
G1 X32.133 Y-6.321 E.38155
G1 X32.133 Y-7.138 E.03843
G1 X37.867 Y-12.871 E.38155
G1 X37.867 Y-13.688 E.03843
G1 X32.133 Y-7.955 E.38155
G1 X32.133 Y-8.772 E.03843
G1 X37.867 Y-14.505 E.38155
G1 X37.867 Y-15.322 E.03843
G1 X32.133 Y-9.588 E.38155
G1 X32.133 Y-10.405 E.03843
G1 X37.867 Y-16.138 E.38155
G1 X37.867 Y-16.955 E.03843
G1 X32.133 Y-11.222 E.38155
G1 X32.133 Y-12.038 E.03843
G1 X37.867 Y-17.772 E.38155
G1 X37.867 Y-18.588 E.03843
G1 X32.133 Y-12.855 E.38155
G1 X32.133 Y-13.672 E.03843
G1 X37.867 Y-19.405 E.38155
G1 X37.867 Y-20.222 E.03843
G1 X32.133 Y-14.488 E.38155
G1 X32.133 Y-15.305 E.03843
G1 X37.867 Y-21.038 E.38155
G1 X37.867 Y-21.855 E.03843
G1 X32.133 Y-16.122 E.38155
G1 X32.133 Y-16.938 E.03843
G1 X37.867 Y-22.672 E.38155
G1 X37.867 Y-23.488 E.03843
G1 X32.133 Y-17.755 E.38155
G1 X32.133 Y-18.572 E.03843
G1 X37.867 Y-24.305 E.38155
G1 X37.867 Y-25.122 E.03843
G1 X32.133 Y-19.389 E.38155
G1 X32.133 Y-20.205 E.03843
G1 X37.867 Y-25.939 E.38155
G1 X37.867 Y-26.755 E.03843
G1 X32.133 Y-21.022 E.38155
G1 X32.133 Y-21.839 E.03843
G1 X37.867 Y-27.572 E.38155
G1 X37.867 Y-28.389 E.03843
G1 X32.133 Y-22.655 E.38155
G1 X32.133 Y-23.472 E.03843
G1 X37.867 Y-29.205 E.38155
G1 X37.867 Y-30.022 E.03843
G1 X32.133 Y-24.289 E.38155
G1 X32.133 Y-25.105 E.03843
G1 X37.867 Y-30.839 E.38155
G1 X37.867 Y-31.655 E.03843
G1 X32.133 Y-25.922 E.38155
G1 X32.133 Y-26.739 E.03843
G1 X37.867 Y-32.472 E.38155
G1 X37.867 Y-33.289 E.03843
G1 X32.133 Y-27.555 E.38155
G1 X32.133 Y-28.372 E.03843
G1 X37.867 Y-34.105 E.38155
G1 X37.867 Y-34.922 E.03843
G1 X32.133 Y-29.189 E.38155
G1 X32.133 Y-30.006 E.03843
G1 X37.867 Y-35.739 E.38155
G1 X37.867 Y-36.556 E.03843
G1 X32.133 Y-30.822 E.38155
G1 X32.133 Y-31.639 E.03843
G1 X37.867 Y-37.372 E.38155
G1 X37.867 Y-38.189 E.03843
G1 X32.133 Y-32.456 E.38155
G1 X32.133 Y-33.272 E.03843
G1 X37.867 Y-39.006 E.38155
G1 X37.867 Y-39.822 E.03843
G1 X32.133 Y-34.089 E.38155
G1 X32.133 Y-34.906 E.03843
G1 X37.867 Y-40.639 E.38155
G1 X37.867 Y-41.456 E.03843
G1 X32.133 Y-35.722 E.38155
G1 X32.133 Y-36.539 E.03843
G1 X37.867 Y-42.272 E.38155
G1 X37.867 Y-43.089 E.03843
G1 X32.133 Y-37.356 E.38155
G1 X32.133 Y-38.172 E.03843
G1 X37.867 Y-43.906 E.38155
G1 X37.867 Y-44.723 E.03843
G1 X32.133 Y-38.989 E.38155
G1 X32.133 Y-39.806 E.03843
G1 X37.867 Y-45.539 E.38155
G1 X37.867 Y-46.356 E.03843
G1 X32.133 Y-40.623 E.38155
G1 X32.133 Y-41.439 E.03843
G1 X37.867 Y-47.173 E.38155
G1 X37.867 Y-47.989 E.03843
G1 X32.133 Y-42.256 E.38155
G1 X32.133 Y-43.073 E.03843
G1 X37.867 Y-48.806 E.38155
G1 X37.867 Y-49.623 E.03843
G1 X32.133 Y-43.889 E.38155
G1 X32.133 Y-44.706 E.03843
G1 X37.867 Y-50.439 E.38155
G1 X37.867 Y-51.256 E.03843
G1 X32.133 Y-45.523 E.38155
G1 X32.133 Y-46.339 E.03843
G1 X37.867 Y-52.073 E.38155
G1 X37.867 Y-52.889 E.03843
G1 X32.133 Y-47.156 E.38155
G1 X32.133 Y-47.973 E.03843
G1 X37.867 Y-53.706 E.38155
G1 X37.867 Y-54.523 E.03843
G1 X32.133 Y-48.789 E.38155
G1 X32.133 Y-49.606 E.03843
G1 X37.867 Y-55.34 E.38155
G1 X37.867 Y-56.156 E.03843
G1 X32.133 Y-50.423 E.38155
G1 X32.133 Y-51.24 E.03843
G1 X37.867 Y-56.973 E.38155
G1 X37.867 Y-57.79 E.03843
G1 X32.133 Y-52.056 E.38155
G1 X32.133 Y-52.873 E.03843
G1 X37.867 Y-58.606 E.38155
G1 X37.867 Y-59.423 E.03843
G1 X32.133 Y-53.69 E.38155
G1 X32.133 Y-54.506 E.03843
G1 X37.867 Y-60.24 E.38155
G1 X37.867 Y-61.056 E.03843
G1 X32.133 Y-55.323 E.38155
G1 X32.133 Y-56.14 E.03843
G1 X37.867 Y-61.873 E.38155
G1 X37.867 Y-62.69 E.03843
G1 X32.133 Y-56.956 E.38155
G1 X32.133 Y-57.773 E.03843
G1 X37.867 Y-63.506 E.38155
G1 X37.867 Y-64.323 E.03843
G1 X32.133 Y-58.59 E.38155
G1 X32.133 Y-59.406 E.03843
G1 X37.867 Y-65.14 E.38155
G1 X37.867 Y-65.957 E.03843
G1 X32.133 Y-60.223 E.38155
G1 X32.133 Y-61.04 E.03843
G1 X37.867 Y-66.773 E.38155
G1 X37.867 Y-67.59 E.03843
G1 X32.133 Y-61.857 E.38155
G1 X32.133 Y-62.673 E.03843
G1 X37.867 Y-68.407 E.38155
G1 X37.867 Y-69.223 E.03843
G1 X32.133 Y-63.49 E.38155
G1 X32.133 Y-64.307 E.03843
G1 X37.867 Y-70.04 E.38155
G1 X37.867 Y-70.857 E.03843
G1 X32.133 Y-65.123 E.38155
G1 X32.133 Y-65.94 E.03843
G1 X37.867 Y-71.673 E.38155
G1 X37.867 Y-72.49 E.03843
G1 X32.133 Y-66.757 E.38155
G1 X32.133 Y-67.573 E.03843
G1 X37.867 Y-73.307 E.38155
G1 X37.867 Y-74.123 E.03843
G1 X32.133 Y-68.39 E.38155
G1 X32.133 Y-69.207 E.03843
G1 X37.867 Y-74.94 E.38155
G1 X37.867 Y-75.757 E.03843
G1 X32.133 Y-70.023 E.38155
G1 X32.133 Y-70.84 E.03843
G1 X37.867 Y-76.574 E.38155
G1 X37.867 Y-77.39 E.03843
G1 X32.133 Y-71.657 E.38155
G1 X32.133 Y-72.474 E.03843
G1 X37.426 Y-77.767 E.35226
G1 X36.61 Y-77.767 E.03843
G1 X32.133 Y-73.29 E.29791
G1 X32.133 Y-74.107 E.03843
G1 X35.793 Y-77.767 E.24356
G1 X34.976 Y-77.767 E.03843
G1 X32.133 Y-74.924 E.1892
G1 X32.133 Y-75.74 E.03843
G1 X34.16 Y-77.767 E.13485
G1 X33.343 Y-77.767 E.03843
G1 X32.133 Y-76.557 E.0805
G1 X32.133 Y-77.374 E.03843
G1 X32.786 Y-78.026 E.04343
SET_VELOCITY_LIMIT ACCEL=10000
G1 E-1.2 F2100
;WIPE_START
G1 F9000
G1 X32.133 Y-77.374
G1 X32.133 Y-76.557
G1 X32.317 Y-76.741
;WIPE_END
G1 X32.24 Y-69.109 Z8.4 F30000
G1 X30.807 Y71.774 Z8.4
G1 Z8
G1 E1.2 F2100
SET_VELOCITY_LIMIT ACCEL=7000
G1 F9000
G1 X24.814 Y77.767 E.39884
G1 X23.998 Y77.767 E.03843
G1 X29.731 Y72.033 E.38156
G1 X28.914 Y72.033 E.03843
G1 X23.181 Y77.767 E.38156
G1 X22.364 Y77.767 E.03843
G1 X28.098 Y72.033 E.38156
G1 X27.281 Y72.033 E.03843
G1 X21.548 Y77.767 E.38156
G1 X20.731 Y77.767 E.03843
G1 X26.464 Y72.033 E.38156
G1 X25.647 Y72.033 E.03843
G1 X19.914 Y77.767 E.38156
G1 X19.097 Y77.767 E.03843
G1 X24.831 Y72.033 E.38156
G1 X24.014 Y72.033 E.03843
G1 X18.281 Y77.767 E.38156
G1 X17.464 Y77.767 E.03843
G1 X23.197 Y72.033 E.38156
G1 X22.381 Y72.033 E.03843
G1 X16.647 Y77.767 E.38156
G1 X15.831 Y77.767 E.03843
G1 X21.564 Y72.033 E.38156
G1 X20.747 Y72.033 E.03843
G1 X15.014 Y77.767 E.38156
G1 X14.197 Y77.767 E.03843
G1 X19.931 Y72.033 E.38156
G1 X19.114 Y72.033 E.03843
G1 X13.381 Y77.767 E.38156
G1 X12.564 Y77.767 E.03843
G1 X18.297 Y72.033 E.38156
G1 X17.481 Y72.033 E.03843
G1 X11.747 Y77.767 E.38156
G1 X10.931 Y77.767 E.03843
G1 X16.664 Y72.033 E.38156
G1 X15.847 Y72.033 E.03843
G1 X10.114 Y77.767 E.38156
G1 X9.297 Y77.767 E.03843
G1 X15.03 Y72.033 E.38156
G1 X14.214 Y72.033 E.03843
G1 X8.48 Y77.767 E.38156
G1 X7.664 Y77.767 E.03843
G1 X13.397 Y72.033 E.38156
G1 X12.58 Y72.033 E.03843
G1 X6.847 Y77.767 E.38156
G1 X6.03 Y77.767 E.03843
G1 X11.764 Y72.033 E.38156
G1 X10.947 Y72.033 E.03843
G1 X5.214 Y77.767 E.38156
G1 X4.397 Y77.767 E.03843
G1 X10.13 Y72.033 E.38156
G1 X9.314 Y72.033 E.03843
G1 X3.58 Y77.767 E.38156
G1 X2.764 Y77.767 E.03843
G1 X8.497 Y72.033 E.38156
G1 X7.68 Y72.033 E.03843
G1 X1.947 Y77.767 E.38156
G1 X1.13 Y77.767 E.03843
G1 X6.864 Y72.033 E.38156
G1 X6.047 Y72.033 E.03843
G1 X.314 Y77.767 E.38156
G1 X-.503 Y77.767 E.03843
G1 X5.23 Y72.033 E.38156
G1 X4.413 Y72.033 E.03843
G1 X-1.32 Y77.767 E.38156
G1 X-2.137 Y77.767 E.03843
G1 X3.597 Y72.033 E.38156
G1 X2.78 Y72.033 E.03843
G1 X-2.953 Y77.767 E.38156
G1 X-3.77 Y77.767 E.03843
G1 X1.963 Y72.033 E.38156
G1 X1.147 Y72.033 E.03843
G1 X-4.587 Y77.767 E.38156
G1 X-5.403 Y77.767 E.03843
G1 X.33 Y72.033 E.38156
G1 X-.487 Y72.033 E.03843
G1 X-6.22 Y77.767 E.38156
G1 X-7.037 Y77.767 E.03843
G1 X-1.303 Y72.033 E.38156
G1 X-2.12 Y72.033 E.03843
M73 P93 R1
G1 X-7.853 Y77.767 E.38156
G1 X-8.67 Y77.767 E.03843
G1 X-2.937 Y72.033 E.38156
G1 X-3.753 Y72.033 E.03843
G1 X-9.487 Y77.767 E.38156
G1 X-10.303 Y77.767 E.03843
G1 X-4.57 Y72.033 E.38156
G1 X-5.387 Y72.033 E.03843
G1 X-11.12 Y77.767 E.38156
G1 X-11.937 Y77.767 E.03843
G1 X-6.204 Y72.033 E.38156
G1 X-7.02 Y72.033 E.03843
G1 X-12.754 Y77.767 E.38156
G1 X-13.57 Y77.767 E.03843
G1 X-7.837 Y72.033 E.38156
G1 X-8.654 Y72.033 E.03843
G1 X-14.387 Y77.767 E.38156
G1 X-15.204 Y77.767 E.03843
G1 X-9.47 Y72.033 E.38156
G1 X-10.287 Y72.033 E.03843
G1 X-16.02 Y77.767 E.38156
G1 X-16.837 Y77.767 E.03843
G1 X-11.104 Y72.033 E.38156
G1 X-11.92 Y72.033 E.03843
G1 X-17.654 Y77.767 E.38156
G1 X-18.47 Y77.767 E.03843
G1 X-12.737 Y72.033 E.38156
G1 X-13.554 Y72.033 E.03843
G1 X-19.287 Y77.767 E.38156
G1 X-20.104 Y77.767 E.03843
G1 X-14.37 Y72.033 E.38156
G1 X-15.187 Y72.033 E.03843
G1 X-20.92 Y77.767 E.38156
G1 X-21.737 Y77.767 E.03843
G1 X-16.004 Y72.033 E.38156
G1 X-16.821 Y72.033 E.03843
G1 X-22.554 Y77.767 E.38156
G1 X-23.371 Y77.767 E.03843
G1 X-17.637 Y72.033 E.38156
G1 X-18.454 Y72.033 E.03843
G1 X-24.187 Y77.767 E.38156
G1 X-25.004 Y77.767 E.03843
G1 X-19.271 Y72.033 E.38156
G1 X-20.087 Y72.033 E.03843
G1 X-25.821 Y77.767 E.38156
G1 X-26.637 Y77.767 E.03843
G1 X-20.904 Y72.033 E.38156
G1 X-21.721 Y72.033 E.03843
G1 X-27.454 Y77.767 E.38156
G1 X-28.271 Y77.767 E.03843
G1 X-22.537 Y72.033 E.38156
G1 X-23.354 Y72.033 E.03843
G1 X-29.087 Y77.767 E.38156
G1 X-29.904 Y77.767 E.03843
G1 X-24.171 Y72.033 E.38156
G1 X-24.987 Y72.033 E.03843
G1 X-30.721 Y77.767 E.38156
G1 X-31.538 Y77.767 E.03843
G1 X-25.804 Y72.033 E.38156
G1 X-26.621 Y72.033 E.03843
G1 X-32.354 Y77.767 E.38156
G1 X-33.171 Y77.767 E.03843
G1 X-27.438 Y72.033 E.38156
G1 X-28.254 Y72.033 E.03843
G1 X-33.988 Y77.767 E.38156
G1 X-34.804 Y77.767 E.03843
G1 X-29.071 Y72.033 E.38156
G1 X-29.888 Y72.033 E.03843
G1 X-35.621 Y77.767 E.38156
G1 X-36.438 Y77.767 E.03843
G1 X-30.704 Y72.033 E.38156
G1 X-31.521 Y72.033 E.03843
G1 X-37.254 Y77.767 E.38156
G1 X-37.867 Y77.767 E.02881
G1 X-37.867 Y77.562 E.00962
G1 X-32.133 Y71.829 E.38155
G1 X-32.133 Y71.012 E.03843
G1 X-37.867 Y76.746 E.38155
G1 X-37.867 Y75.929 E.03843
G1 X-32.133 Y70.196 E.38155
G1 X-32.133 Y69.379 E.03843
G1 X-37.867 Y75.112 E.38155
G1 X-37.867 Y74.296 E.03843
G1 X-32.133 Y68.562 E.38155
G1 X-32.133 Y67.745 E.03843
G1 X-37.867 Y73.479 E.38155
G1 X-37.867 Y72.662 E.03843
G1 X-32.133 Y66.929 E.38155
G1 X-32.133 Y66.112 E.03843
G1 X-37.867 Y71.845 E.38155
G1 X-37.867 Y71.029 E.03843
G1 X-32.133 Y65.295 E.38155
G1 X-32.133 Y64.479 E.03843
G1 X-37.867 Y70.212 E.38155
G1 X-37.867 Y69.395 E.03843
G1 X-32.133 Y63.662 E.38155
G1 X-32.133 Y62.845 E.03843
G1 X-37.867 Y68.579 E.38155
G1 X-37.867 Y67.762 E.03843
G1 X-32.133 Y62.029 E.38155
G1 X-32.133 Y61.212 E.03843
G1 X-37.867 Y66.945 E.38155
G1 X-37.867 Y66.129 E.03843
G1 X-32.133 Y60.395 E.38155
G1 X-32.133 Y59.579 E.03843
G1 X-37.867 Y65.312 E.38155
G1 X-37.867 Y64.495 E.03843
G1 X-32.133 Y58.762 E.38155
G1 X-32.133 Y57.945 E.03843
G1 X-37.867 Y63.679 E.38155
G1 X-37.867 Y62.862 E.03843
G1 X-32.133 Y57.128 E.38155
G1 X-32.133 Y56.312 E.03843
G1 X-37.867 Y62.045 E.38155
G1 X-37.867 Y61.228 E.03843
G1 X-32.133 Y55.495 E.38155
G1 X-32.133 Y54.678 E.03843
G1 X-37.867 Y60.412 E.38155
G1 X-37.867 Y59.595 E.03843
G1 X-32.133 Y53.862 E.38155
G1 X-32.133 Y53.045 E.03843
G1 X-37.867 Y58.778 E.38155
G1 X-37.867 Y57.962 E.03843
G1 X-32.133 Y52.228 E.38155
G1 X-32.133 Y51.412 E.03843
G1 X-37.867 Y57.145 E.38155
G1 X-37.867 Y56.328 E.03843
G1 X-32.133 Y50.595 E.38155
G1 X-32.133 Y49.778 E.03843
G1 X-37.867 Y55.512 E.38155
G1 X-37.867 Y54.695 E.03843
G1 X-32.133 Y48.962 E.38155
G1 X-32.133 Y48.145 E.03843
G1 X-37.867 Y53.878 E.38155
G1 X-37.867 Y53.062 E.03843
G1 X-32.133 Y47.328 E.38155
G1 X-32.133 Y46.511 E.03843
G1 X-37.867 Y52.245 E.38155
G1 X-37.867 Y51.428 E.03843
G1 X-32.133 Y45.695 E.38155
G1 X-32.133 Y44.878 E.03843
G1 X-37.867 Y50.611 E.38155
G1 X-37.867 Y49.795 E.03843
G1 X-32.133 Y44.061 E.38155
G1 X-32.133 Y43.245 E.03843
G1 X-37.867 Y48.978 E.38155
G1 X-37.867 Y48.161 E.03843
G1 X-32.133 Y42.428 E.38155
G1 X-32.133 Y41.611 E.03843
G1 X-37.867 Y47.345 E.38155
G1 X-37.867 Y46.528 E.03843
G1 X-32.133 Y40.795 E.38155
G1 X-32.133 Y39.978 E.03843
G1 X-37.867 Y45.711 E.38155
G1 X-37.867 Y44.895 E.03843
G1 X-32.133 Y39.161 E.38155
G1 X-32.133 Y38.345 E.03843
G1 X-37.867 Y44.078 E.38155
G1 X-37.867 Y43.261 E.03843
G1 X-32.133 Y37.528 E.38155
G1 X-32.133 Y36.711 E.03843
G1 X-37.867 Y42.445 E.38155
G1 X-37.867 Y41.628 E.03843
G1 X-32.133 Y35.894 E.38155
G1 X-32.133 Y35.078 E.03843
G1 X-37.867 Y40.811 E.38155
G1 X-37.867 Y39.994 E.03843
G1 X-32.133 Y34.261 E.38155
G1 X-32.133 Y33.444 E.03843
G1 X-37.867 Y39.178 E.38155
G1 X-37.867 Y38.361 E.03843
G1 X-32.133 Y32.628 E.38155
G1 X-32.133 Y31.811 E.03843
G1 X-37.867 Y37.544 E.38155
G1 X-37.867 Y36.728 E.03843
G1 X-32.133 Y30.994 E.38155
G1 X-32.133 Y30.178 E.03843
G1 X-37.867 Y35.911 E.38155
G1 X-37.867 Y35.094 E.03843
G1 X-32.133 Y29.361 E.38155
G1 X-32.133 Y28.544 E.03843
G1 X-37.867 Y34.278 E.38155
G1 X-37.867 Y33.461 E.03843
G1 X-32.133 Y27.728 E.38155
G1 X-32.133 Y26.911 E.03843
G1 X-37.867 Y32.644 E.38155
G1 X-37.867 Y31.828 E.03843
G1 X-32.133 Y26.094 E.38155
G1 X-32.133 Y25.277 E.03843
G1 X-37.867 Y31.011 E.38155
G1 X-37.867 Y30.194 E.03843
G1 X-32.133 Y24.461 E.38155
G1 X-32.133 Y23.644 E.03843
G1 X-37.867 Y29.377 E.38155
G1 X-37.867 Y28.561 E.03843
G1 X-32.133 Y22.827 E.38155
G1 X-32.133 Y22.011 E.03843
G1 X-37.867 Y27.744 E.38155
G1 X-37.867 Y26.927 E.03843
G1 X-32.133 Y21.194 E.38155
G1 X-32.133 Y20.377 E.03843
G1 X-37.867 Y26.111 E.38155
G1 X-37.867 Y25.294 E.03843
G1 X-32.133 Y19.561 E.38155
G1 X-32.133 Y18.744 E.03843
G1 X-37.867 Y24.477 E.38155
G1 X-37.867 Y23.661 E.03843
G1 X-32.133 Y17.927 E.38155
G1 X-32.133 Y17.111 E.03843
G1 X-37.867 Y22.844 E.38155
G1 X-37.867 Y22.027 E.03843
G1 X-32.133 Y16.294 E.38155
G1 X-32.133 Y15.477 E.03843
G1 X-37.867 Y21.211 E.38155
G1 X-37.867 Y20.394 E.03843
G1 X-32.133 Y14.66 E.38155
G1 X-32.133 Y13.844 E.03843
G1 X-37.867 Y19.577 E.38155
G1 X-37.867 Y18.76 E.03843
G1 X-32.133 Y13.027 E.38155
G1 X-32.133 Y12.21 E.03843
G1 X-37.867 Y17.944 E.38155
G1 X-37.867 Y17.127 E.03843
G1 X-32.133 Y11.394 E.38155
G1 X-32.133 Y10.577 E.03843
G1 X-37.867 Y16.31 E.38155
G1 X-37.867 Y15.494 E.03843
G1 X-32.133 Y9.76 E.38155
G1 X-32.133 Y8.944 E.03843
G1 X-37.867 Y14.677 E.38155
G1 X-37.867 Y13.86 E.03843
G1 X-32.133 Y8.127 E.38155
G1 X-32.133 Y7.31 E.03843
G1 X-37.867 Y13.044 E.38155
G1 X-37.867 Y12.227 E.03843
G1 X-32.133 Y6.494 E.38155
G1 X-32.133 Y5.677 E.03843
G1 X-37.867 Y11.41 E.38155
G1 X-37.867 Y10.594 E.03843
G1 X-32.133 Y4.86 E.38155
G1 X-32.133 Y4.043 E.03843
G1 X-37.867 Y9.777 E.38155
G1 X-37.867 Y8.96 E.03843
G1 X-32.133 Y3.227 E.38155
G1 X-32.133 Y2.41 E.03843
G1 X-37.867 Y8.143 E.38155
G1 X-37.867 Y7.327 E.03843
G1 X-32.133 Y1.593 E.38155
G1 X-32.133 Y.777 E.03843
G1 X-37.867 Y6.51 E.38155
G1 X-37.867 Y5.693 E.03843
G1 X-32.133 Y-.04 E.38155
G1 X-32.133 Y-.857 E.03843
G1 X-37.867 Y4.877 E.38155
G1 X-37.867 Y4.06 E.03843
G1 X-32.133 Y-1.673 E.38155
G1 X-32.133 Y-2.49 E.03843
G1 X-37.867 Y3.243 E.38155
G1 X-37.867 Y2.427 E.03843
G1 X-32.133 Y-3.307 E.38155
G1 X-32.133 Y-4.123 E.03843
G1 X-37.867 Y1.61 E.38155
G1 X-37.867 Y.793 E.03843
G1 X-32.133 Y-4.94 E.38155
G1 X-32.133 Y-5.757 E.03843
G1 X-37.867 Y-.023 E.38155
G1 X-37.867 Y-.84 E.03843
G1 X-32.133 Y-6.574 E.38155
G1 X-32.133 Y-7.39 E.03843
G1 X-37.867 Y-1.657 E.38155
G1 X-37.867 Y-2.474 E.03843
G1 X-32.133 Y-8.207 E.38155
G1 X-32.133 Y-9.024 E.03843
G1 X-37.867 Y-3.29 E.38155
G1 X-37.867 Y-4.107 E.03843
G1 X-32.133 Y-9.84 E.38155
G1 X-32.133 Y-10.657 E.03843
G1 X-37.867 Y-4.924 E.38155
G1 X-37.867 Y-5.74 E.03843
G1 X-32.133 Y-11.474 E.38155
G1 X-32.133 Y-12.29 E.03843
G1 X-37.867 Y-6.557 E.38155
G1 X-37.867 Y-7.374 E.03843
G1 X-32.133 Y-13.107 E.38155
G1 X-32.133 Y-13.924 E.03843
G1 X-37.867 Y-8.19 E.38155
G1 X-37.867 Y-9.007 E.03843
G1 X-32.133 Y-14.74 E.38155
G1 X-32.133 Y-15.557 E.03843
G1 X-37.867 Y-9.824 E.38155
G1 X-37.867 Y-10.641 E.03843
G1 X-32.133 Y-16.374 E.38155
G1 X-32.133 Y-17.191 E.03843
G1 X-37.867 Y-11.457 E.38155
G1 X-37.867 Y-12.274 E.03843
G1 X-32.133 Y-18.007 E.38155
G1 X-32.133 Y-18.824 E.03843
G1 X-37.867 Y-13.091 E.38155
G1 X-37.867 Y-13.907 E.03843
G1 X-32.133 Y-19.641 E.38155
G1 X-32.133 Y-20.457 E.03843
G1 X-37.867 Y-14.724 E.38155
G1 X-37.867 Y-15.541 E.03843
G1 X-32.133 Y-21.274 E.38155
G1 X-32.133 Y-22.091 E.03843
G1 X-37.867 Y-16.357 E.38155
G1 X-37.867 Y-17.174 E.03843
G1 X-32.133 Y-22.907 E.38155
G1 X-32.133 Y-23.724 E.03843
G1 X-37.867 Y-17.991 E.38155
G1 X-37.867 Y-18.807 E.03843
G1 X-32.133 Y-24.541 E.38155
G1 X-32.133 Y-25.357 E.03843
M73 P94 R1
G1 X-37.867 Y-19.624 E.38155
G1 X-37.867 Y-20.441 E.03843
G1 X-32.133 Y-26.174 E.38155
G1 X-32.133 Y-26.991 E.03843
G1 X-37.867 Y-21.258 E.38155
G1 X-37.867 Y-22.074 E.03843
G1 X-32.133 Y-27.808 E.38155
G1 X-32.133 Y-28.624 E.03843
G1 X-37.867 Y-22.891 E.38155
G1 X-37.867 Y-23.708 E.03843
G1 X-32.133 Y-29.441 E.38155
G1 X-32.133 Y-30.258 E.03843
G1 X-37.867 Y-24.524 E.38155
G1 X-37.867 Y-25.341 E.03843
G1 X-32.133 Y-31.074 E.38155
G1 X-32.133 Y-31.891 E.03843
G1 X-37.867 Y-26.158 E.38155
G1 X-37.867 Y-26.974 E.03843
G1 X-32.133 Y-32.708 E.38155
G1 X-32.133 Y-33.524 E.03843
G1 X-37.867 Y-27.791 E.38155
G1 X-37.867 Y-28.608 E.03843
G1 X-32.133 Y-34.341 E.38155
G1 X-32.133 Y-35.158 E.03843
G1 X-37.867 Y-29.424 E.38155
G1 X-37.867 Y-30.241 E.03843
G1 X-32.133 Y-35.974 E.38155
G1 X-32.133 Y-36.791 E.03843
G1 X-37.867 Y-31.058 E.38155
G1 X-37.867 Y-31.875 E.03843
G1 X-32.133 Y-37.608 E.38155
G1 X-32.133 Y-38.425 E.03843
G1 X-37.867 Y-32.691 E.38155
G1 X-37.867 Y-33.508 E.03843
G1 X-32.133 Y-39.241 E.38155
G1 X-32.133 Y-40.058 E.03843
G1 X-37.867 Y-34.325 E.38155
G1 X-37.867 Y-35.141 E.03843
G1 X-32.133 Y-40.875 E.38155
G1 X-32.133 Y-41.691 E.03843
G1 X-37.867 Y-35.958 E.38155
G1 X-37.867 Y-36.775 E.03843
G1 X-32.133 Y-42.508 E.38155
G1 X-32.133 Y-43.325 E.03843
G1 X-37.867 Y-37.591 E.38155
G1 X-37.867 Y-38.408 E.03843
G1 X-32.133 Y-44.141 E.38155
G1 X-32.133 Y-44.958 E.03843
G1 X-37.867 Y-39.225 E.38155
G1 X-37.867 Y-40.041 E.03843
G1 X-32.133 Y-45.775 E.38155
G1 X-32.133 Y-46.591 E.03843
G1 X-37.867 Y-40.858 E.38155
G1 X-37.867 Y-41.675 E.03843
G1 X-32.133 Y-47.408 E.38155
G1 X-32.133 Y-48.225 E.03843
G1 X-37.867 Y-42.492 E.38155
G1 X-37.867 Y-43.308 E.03843
G1 X-32.133 Y-49.042 E.38155
G1 X-32.133 Y-49.858 E.03843
G1 X-37.867 Y-44.125 E.38155
G1 X-37.867 Y-44.942 E.03843
G1 X-32.133 Y-50.675 E.38155
G1 X-32.133 Y-51.492 E.03843
G1 X-37.867 Y-45.758 E.38155
G1 X-37.867 Y-46.575 E.03843
G1 X-32.133 Y-52.308 E.38155
G1 X-32.133 Y-53.125 E.03843
G1 X-37.867 Y-47.392 E.38155
G1 X-37.867 Y-48.208 E.03843
G1 X-32.133 Y-53.942 E.38155
G1 X-32.133 Y-54.758 E.03843
G1 X-37.867 Y-49.025 E.38155
G1 X-37.867 Y-49.842 E.03843
G1 X-32.133 Y-55.575 E.38155
G1 X-32.133 Y-56.392 E.03843
G1 X-37.867 Y-50.658 E.38155
G1 X-37.867 Y-51.475 E.03843
G1 X-32.133 Y-57.208 E.38155
G1 X-32.133 Y-58.025 E.03843
G1 X-37.867 Y-52.292 E.38155
G1 X-37.867 Y-53.109 E.03843
G1 X-32.133 Y-58.842 E.38155
G1 X-32.133 Y-59.659 E.03843
G1 X-37.867 Y-53.925 E.38155
G1 X-37.867 Y-54.742 E.03843
G1 X-32.133 Y-60.475 E.38155
G1 X-32.133 Y-61.292 E.03843
G1 X-37.867 Y-55.559 E.38155
G1 X-37.867 Y-56.375 E.03843
G1 X-32.133 Y-62.109 E.38155
G1 X-32.133 Y-62.925 E.03843
G1 X-37.867 Y-57.192 E.38155
G1 X-37.867 Y-58.009 E.03843
G1 X-32.133 Y-63.742 E.38155
G1 X-32.133 Y-64.559 E.03843
G1 X-37.867 Y-58.825 E.38155
G1 X-37.867 Y-59.642 E.03843
G1 X-32.133 Y-65.375 E.38155
G1 X-32.133 Y-66.192 E.03843
G1 X-37.867 Y-60.459 E.38155
G1 X-37.867 Y-61.275 E.03843
G1 X-32.133 Y-67.009 E.38155
G1 X-32.133 Y-67.825 E.03843
G1 X-37.867 Y-62.092 E.38155
G1 X-37.867 Y-62.909 E.03843
G1 X-32.133 Y-68.642 E.38155
G1 X-32.133 Y-69.459 E.03843
G1 X-37.867 Y-63.726 E.38155
G1 X-37.867 Y-64.542 E.03843
G1 X-32.133 Y-70.276 E.38155
G1 X-32.133 Y-71.092 E.03843
G1 X-37.867 Y-65.359 E.38155
G1 X-37.867 Y-66.176 E.03843
G1 X-32.133 Y-71.909 E.38155
G1 X-32.133 Y-72.726 E.03843
G1 X-37.867 Y-66.992 E.38155
G1 X-37.867 Y-67.809 E.03843
G1 X-32.133 Y-73.542 E.38155
G1 X-32.133 Y-74.359 E.03843
G1 X-37.867 Y-68.626 E.38155
G1 X-37.867 Y-69.442 E.03843
G1 X-32.133 Y-75.176 E.38155
G1 X-32.133 Y-75.992 E.03843
G1 X-37.867 Y-70.259 E.38155
G1 X-37.867 Y-71.076 E.03843
G1 X-32.133 Y-76.809 E.38155
G1 X-32.133 Y-77.626 E.03843
G1 X-37.867 Y-71.892 E.38155
G1 X-37.867 Y-72.709 E.03843
G1 X-32.809 Y-77.767 E.33658
G1 X-33.626 Y-77.767 E.03843
G1 X-37.867 Y-73.526 E.28223
G1 X-37.867 Y-74.343 E.03843
G1 X-34.443 Y-77.767 E.22788
G1 X-35.259 Y-77.767 E.03843
G1 X-37.867 Y-75.159 E.17353
G1 X-37.867 Y-75.976 E.03843
G1 X-36.076 Y-77.767 E.11918
G1 X-36.893 Y-77.767 E.03843
G1 X-38.126 Y-76.533 E.08211
SET_VELOCITY_LIMIT ACCEL=10000
G1 X-37.669 Y-77.656 F30000
SET_VELOCITY_LIMIT ACCEL=7000
;WIDTH:0.55292
G1 F9000
G1 X-37.733 Y-77.656 E.00265
G1 X-37.765 Y-77.601 E.00265
G1 X-37.733 Y-77.546 E.00265
G1 X-37.669 Y-77.546 E.00265
G1 X-37.655 Y-77.57 E.00115
SET_VELOCITY_LIMIT ACCEL=10000
G1 E-1.2 F2100
;WIPE_START
G1 F9000
G1 X-37.669 Y-77.546
G1 X-37.733 Y-77.546
G1 X-37.765 Y-77.601
G1 X-37.733 Y-77.656
G1 X-37.669 Y-77.656
;WIPE_END
G1 X-34.336 Y-70.79 Z8.4 F30000
G1 X37.564 Y77.323 Z8.4
G1 Z8
G1 E1.2 F2100
SET_VELOCITY_LIMIT ACCEL=7000
;WIDTH:0.867294
G1 F9000
G1 X37.461 Y77.323 E.00692
G1 X37.409 Y77.412 E.00692
G1 X37.461 Y77.501 E.00692
G1 X37.564 Y77.501 E.00692
G1 X37.597 Y77.443 E.0045
;LAYER_CHANGE
;Z:8.2
;HEIGHT:0.2
;BEFORE_LAYER_CHANGE
;8.2
G1 E-1.2 F2100
;WIPE_START
G1 F9000
G1 X37.564 Y77.501
G1 X37.461 Y77.501
G1 X37.409 Y77.412
G1 X37.461 Y77.323
G1 X37.564 Y77.323
;WIPE_END
;AFTER_LAYER_CHANGE
;8.2
;_SET_FAN_SPEED_CHANGING_LAYER
SET_VELOCITY_LIMIT ACCEL=10000
G17
G3 Z8.6 I.85 J-.871 P1  F30000
G1 X31.787 Y71.687 Z8.6
G1 Z8.2
G1 E1.2 F2100
SET_VELOCITY_LIMIT ACCEL=5000
;TYPE:Inner wall
;WIDTH:0.62
G1 F9000
G1 X31.787 Y-78.113 E7.0443
G1 X38.213 Y-78.113 E.30217
G1 X38.213 Y78.113 E7.34647
G1 X-38.213 Y78.113 E3.5939
G1 X-38.213 Y-78.113 E7.34647
G1 X-31.787 Y-78.113 E.30217
G1 X-31.787 Y71.687 E7.0443
G1 X31.751 Y71.687 E2.98786
SET_VELOCITY_LIMIT ACCEL=10000
G1 X31.21 Y71.11 F30000
SET_VELOCITY_LIMIT ACCEL=5000
;TYPE:Outer wall
G1 F7200
G1 X31.21 Y-78.69 E7.0443
G1 X38.79 Y-78.69 E.35645
G1 X38.79 Y78.69 E7.40074
G1 X-38.79 Y78.69 E3.64817
M73 P95 R1
G1 X-38.79 Y-78.69 E7.40074
G1 X-31.21 Y-78.69 E.35645
G1 X-31.21 Y71.11 E7.0443
G1 X31.174 Y71.11 E2.93359
SET_VELOCITY_LIMIT ACCEL=10000
G1 E-1.2 F2100
;WIPE_START
G1 F7200
G1 X31.174 Y69.11
;WIPE_END
G1 X31.47 Y61.483 Z8.6 F30000
G1 X36.872 Y-77.94 Z8.6
G1 Z8.2
G1 E1.2 F2100
SET_VELOCITY_LIMIT ACCEL=2000
;TYPE:Top surface
;WIDTH:0.620742
G1 F7200
G1 X38.04 Y-76.772 E.07778
SET_VELOCITY_LIMIT ACCEL=10000
G1 X38.04 Y-75.955 F30000
SET_VELOCITY_LIMIT ACCEL=2000
G1 F7200
G1 X36.055 Y-77.94 E.1322
SET_VELOCITY_LIMIT ACCEL=10000
G1 X35.237 Y-77.94 F30000
SET_VELOCITY_LIMIT ACCEL=2000
G1 F7200
G1 X38.04 Y-75.137 E.18661
SET_VELOCITY_LIMIT ACCEL=10000
G1 X38.04 Y-74.32 F30000
SET_VELOCITY_LIMIT ACCEL=2000
G1 F7200
G1 X34.42 Y-77.94 E.24102
SET_VELOCITY_LIMIT ACCEL=10000
G1 X33.603 Y-77.94 F30000
SET_VELOCITY_LIMIT ACCEL=2000
G1 F7200
G1 X38.04 Y-73.503 E.29544
SET_VELOCITY_LIMIT ACCEL=10000
G1 X38.04 Y-72.686 F30000
SET_VELOCITY_LIMIT ACCEL=2000
G1 F7200
G1 X32.786 Y-77.94 E.34985
SET_VELOCITY_LIMIT ACCEL=10000
G1 X31.969 Y-77.94 F30000
SET_VELOCITY_LIMIT ACCEL=2000
G1 F7200
G1 X38.04 Y-71.869 E.40426
SET_VELOCITY_LIMIT ACCEL=10000
G1 X38.04 Y-71.052 F30000
SET_VELOCITY_LIMIT ACCEL=2000
G1 F7200
G1 X31.96 Y-77.131 E.40483
SET_VELOCITY_LIMIT ACCEL=10000
G1 X31.96 Y-76.314 F30000
SET_VELOCITY_LIMIT ACCEL=2000
G1 F7200
G1 X38.04 Y-70.234 E.40483
SET_VELOCITY_LIMIT ACCEL=10000
G1 X38.04 Y-69.417 F30000
SET_VELOCITY_LIMIT ACCEL=2000
G1 F7200
G1 X31.96 Y-75.497 E.40483
SET_VELOCITY_LIMIT ACCEL=10000
G1 X31.96 Y-74.68 F30000
SET_VELOCITY_LIMIT ACCEL=2000
G1 F7200
G1 X38.04 Y-68.6 E.40483
SET_VELOCITY_LIMIT ACCEL=10000
G1 X38.04 Y-67.783 F30000
SET_VELOCITY_LIMIT ACCEL=2000
G1 F7200
G1 X31.96 Y-73.862 E.40483
SET_VELOCITY_LIMIT ACCEL=10000
G1 X31.96 Y-73.045 F30000
SET_VELOCITY_LIMIT ACCEL=2000
G1 F7200
G1 X38.04 Y-66.966 E.40483
SET_VELOCITY_LIMIT ACCEL=10000
G1 X38.04 Y-66.149 F30000
SET_VELOCITY_LIMIT ACCEL=2000
G1 F7200
G1 X31.96 Y-72.228 E.40483
SET_VELOCITY_LIMIT ACCEL=10000
G1 X31.96 Y-71.411 F30000
SET_VELOCITY_LIMIT ACCEL=2000
G1 F7200
G1 X38.04 Y-65.331 E.40483
SET_VELOCITY_LIMIT ACCEL=10000
G1 X38.04 Y-64.514 F30000
SET_VELOCITY_LIMIT ACCEL=2000
G1 F7200
G1 X31.96 Y-70.594 E.40483
SET_VELOCITY_LIMIT ACCEL=10000
G1 X31.96 Y-69.777 F30000
SET_VELOCITY_LIMIT ACCEL=2000
G1 F7200
G1 X38.04 Y-63.697 E.40483
SET_VELOCITY_LIMIT ACCEL=10000
G1 X38.04 Y-62.88 F30000
SET_VELOCITY_LIMIT ACCEL=2000
G1 F7200
G1 X31.96 Y-68.96 E.40483
SET_VELOCITY_LIMIT ACCEL=10000
G1 X31.96 Y-68.142 F30000
SET_VELOCITY_LIMIT ACCEL=2000
G1 F7200
G1 X38.04 Y-62.063 E.40483
SET_VELOCITY_LIMIT ACCEL=10000
G1 X38.04 Y-61.246 F30000
SET_VELOCITY_LIMIT ACCEL=2000
G1 F7200
G1 X31.96 Y-67.325 E.40483
SET_VELOCITY_LIMIT ACCEL=10000
G1 X31.96 Y-66.508 F30000
SET_VELOCITY_LIMIT ACCEL=2000
G1 F7200
G1 X38.04 Y-60.428 E.40483
SET_VELOCITY_LIMIT ACCEL=10000
G1 X38.04 Y-59.611 F30000
SET_VELOCITY_LIMIT ACCEL=2000
G1 F7200
G1 X31.96 Y-65.691 E.40483
SET_VELOCITY_LIMIT ACCEL=10000
G1 X31.96 Y-64.874 F30000
SET_VELOCITY_LIMIT ACCEL=2000
G1 F7200
G1 X38.04 Y-58.794 E.40483
SET_VELOCITY_LIMIT ACCEL=10000
G1 X38.04 Y-57.977 F30000
SET_VELOCITY_LIMIT ACCEL=2000
G1 F7200
G1 X31.96 Y-64.057 E.40483
SET_VELOCITY_LIMIT ACCEL=10000
G1 X31.96 Y-63.239 F30000
SET_VELOCITY_LIMIT ACCEL=2000
G1 F7200
G1 X38.04 Y-57.16 E.40483
SET_VELOCITY_LIMIT ACCEL=10000
G1 X38.04 Y-56.343 F30000
SET_VELOCITY_LIMIT ACCEL=2000
G1 F7200
G1 X31.96 Y-62.422 E.40483
SET_VELOCITY_LIMIT ACCEL=10000
G1 X31.96 Y-61.605 F30000
SET_VELOCITY_LIMIT ACCEL=2000
G1 F7200
G1 X38.04 Y-55.525 E.40483
SET_VELOCITY_LIMIT ACCEL=10000
G1 X38.04 Y-54.708 F30000
SET_VELOCITY_LIMIT ACCEL=2000
G1 F7200
G1 X31.96 Y-60.788 E.40483
SET_VELOCITY_LIMIT ACCEL=10000
G1 X31.96 Y-59.971 F30000
SET_VELOCITY_LIMIT ACCEL=2000
G1 F7200
G1 X38.04 Y-53.891 E.40483
SET_VELOCITY_LIMIT ACCEL=10000
G1 X38.04 Y-53.074 F30000
SET_VELOCITY_LIMIT ACCEL=2000
G1 F7200
G1 X31.96 Y-59.154 E.40483
SET_VELOCITY_LIMIT ACCEL=10000
G1 X31.96 Y-58.336 F30000
SET_VELOCITY_LIMIT ACCEL=2000
G1 F7200
G1 X38.04 Y-52.257 E.40483
SET_VELOCITY_LIMIT ACCEL=10000
G1 X38.04 Y-51.44 F30000
SET_VELOCITY_LIMIT ACCEL=2000
G1 F7200
G1 X31.96 Y-57.519 E.40483
SET_VELOCITY_LIMIT ACCEL=10000
G1 X31.96 Y-56.702 F30000
SET_VELOCITY_LIMIT ACCEL=2000
G1 F7200
G1 X38.04 Y-50.622 E.40483
SET_VELOCITY_LIMIT ACCEL=10000
G1 X38.04 Y-49.805 F30000
SET_VELOCITY_LIMIT ACCEL=2000
G1 F7200
G1 X31.96 Y-55.885 E.40483
SET_VELOCITY_LIMIT ACCEL=10000
G1 X31.96 Y-55.068 F30000
SET_VELOCITY_LIMIT ACCEL=2000
G1 F7200
G1 X38.04 Y-48.988 E.40483
SET_VELOCITY_LIMIT ACCEL=10000
G1 X38.04 Y-48.171 F30000
SET_VELOCITY_LIMIT ACCEL=2000
G1 F7200
G1 X31.96 Y-54.251 E.40483
SET_VELOCITY_LIMIT ACCEL=10000
G1 X31.96 Y-53.433 F30000
SET_VELOCITY_LIMIT ACCEL=2000
G1 F7200
G1 X38.04 Y-47.354 E.40483
SET_VELOCITY_LIMIT ACCEL=10000
G1 X38.04 Y-46.537 F30000
SET_VELOCITY_LIMIT ACCEL=2000
G1 F7200
G1 X31.96 Y-52.616 E.40483
SET_VELOCITY_LIMIT ACCEL=10000
G1 X31.96 Y-51.799 F30000
SET_VELOCITY_LIMIT ACCEL=2000
G1 F7200
G1 X38.04 Y-45.719 E.40483
SET_VELOCITY_LIMIT ACCEL=10000
G1 X38.04 Y-44.902 F30000
SET_VELOCITY_LIMIT ACCEL=2000
G1 F7200
G1 X31.96 Y-50.982 E.40483
SET_VELOCITY_LIMIT ACCEL=10000
G1 X31.96 Y-50.165 F30000
SET_VELOCITY_LIMIT ACCEL=2000
G1 F7200
G1 X38.04 Y-44.085 E.40483
SET_VELOCITY_LIMIT ACCEL=10000
G1 X38.04 Y-43.268 F30000
SET_VELOCITY_LIMIT ACCEL=2000
G1 F7200
G1 X31.96 Y-49.348 E.40483
SET_VELOCITY_LIMIT ACCEL=10000
G1 X31.96 Y-48.53 F30000
SET_VELOCITY_LIMIT ACCEL=2000
G1 F7200
G1 X38.04 Y-42.451 E.40483
SET_VELOCITY_LIMIT ACCEL=10000
G1 X38.04 Y-41.634 F30000
SET_VELOCITY_LIMIT ACCEL=2000
G1 F7200
G1 X31.96 Y-47.713 E.40483
SET_VELOCITY_LIMIT ACCEL=10000
G1 X31.96 Y-46.896 F30000
SET_VELOCITY_LIMIT ACCEL=2000
G1 F7200
G1 X38.04 Y-40.816 E.40483
SET_VELOCITY_LIMIT ACCEL=10000
G1 X38.04 Y-39.999 F30000
SET_VELOCITY_LIMIT ACCEL=2000
G1 F7200
G1 X31.96 Y-46.079 E.40483
SET_VELOCITY_LIMIT ACCEL=10000
G1 X31.96 Y-45.262 F30000
SET_VELOCITY_LIMIT ACCEL=2000
G1 F7200
G1 X38.04 Y-39.182 E.40483
SET_VELOCITY_LIMIT ACCEL=10000
G1 X38.04 Y-38.365 F30000
SET_VELOCITY_LIMIT ACCEL=2000
G1 F7200
G1 X31.96 Y-44.445 E.40483
SET_VELOCITY_LIMIT ACCEL=10000
G1 X31.96 Y-43.627 F30000
SET_VELOCITY_LIMIT ACCEL=2000
G1 F7200
G1 X38.04 Y-37.548 E.40483
SET_VELOCITY_LIMIT ACCEL=10000
G1 X38.04 Y-36.731 F30000
SET_VELOCITY_LIMIT ACCEL=2000
G1 F7200
G1 X31.96 Y-42.81 E.40483
SET_VELOCITY_LIMIT ACCEL=10000
G1 X31.96 Y-41.993 F30000
M73 P95 R0
SET_VELOCITY_LIMIT ACCEL=2000
G1 F7200
G1 X38.04 Y-35.914 E.40483
SET_VELOCITY_LIMIT ACCEL=10000
G1 X38.04 Y-35.096 F30000
SET_VELOCITY_LIMIT ACCEL=2000
G1 F7200
G1 X31.96 Y-41.176 E.40483
SET_VELOCITY_LIMIT ACCEL=10000
G1 X31.96 Y-40.359 F30000
SET_VELOCITY_LIMIT ACCEL=2000
G1 F7200
G1 X38.04 Y-34.279 E.40483
SET_VELOCITY_LIMIT ACCEL=10000
G1 X38.04 Y-33.462 F30000
SET_VELOCITY_LIMIT ACCEL=2000
G1 F7200
G1 X31.96 Y-39.542 E.40483
SET_VELOCITY_LIMIT ACCEL=10000
G1 X31.96 Y-38.724 F30000
SET_VELOCITY_LIMIT ACCEL=2000
G1 F7200
G1 X38.04 Y-32.645 E.40483
SET_VELOCITY_LIMIT ACCEL=10000
G1 X38.04 Y-31.828 F30000
SET_VELOCITY_LIMIT ACCEL=2000
G1 F7200
G1 X31.96 Y-37.907 E.40483
SET_VELOCITY_LIMIT ACCEL=10000
G1 X31.96 Y-37.09 F30000
SET_VELOCITY_LIMIT ACCEL=2000
G1 F7200
G1 X38.04 Y-31.011 E.40483
SET_VELOCITY_LIMIT ACCEL=10000
G1 X38.04 Y-30.193 F30000
SET_VELOCITY_LIMIT ACCEL=2000
G1 F7200
G1 X31.96 Y-36.273 E.40483
SET_VELOCITY_LIMIT ACCEL=10000
G1 X31.96 Y-35.456 F30000
SET_VELOCITY_LIMIT ACCEL=2000
G1 F7200
G1 X38.04 Y-29.376 E.40483
SET_VELOCITY_LIMIT ACCEL=10000
G1 X38.04 Y-28.559 F30000
SET_VELOCITY_LIMIT ACCEL=2000
G1 F7200
G1 X31.96 Y-34.639 E.40483
SET_VELOCITY_LIMIT ACCEL=10000
G1 X31.96 Y-33.821 F30000
SET_VELOCITY_LIMIT ACCEL=2000
G1 F7200
G1 X38.04 Y-27.742 E.40483
SET_VELOCITY_LIMIT ACCEL=10000
G1 X38.04 Y-26.925 F30000
SET_VELOCITY_LIMIT ACCEL=2000
G1 F7200
G1 X31.96 Y-33.004 E.40483
SET_VELOCITY_LIMIT ACCEL=10000
G1 X31.96 Y-32.187 F30000
SET_VELOCITY_LIMIT ACCEL=2000
G1 F7200
G1 X38.04 Y-26.108 E.40483
SET_VELOCITY_LIMIT ACCEL=10000
G1 X38.04 Y-25.29 F30000
SET_VELOCITY_LIMIT ACCEL=2000
G1 F7200
G1 X31.96 Y-31.37 E.40483
SET_VELOCITY_LIMIT ACCEL=10000
G1 X31.96 Y-30.553 F30000
SET_VELOCITY_LIMIT ACCEL=2000
G1 F7200
G1 X38.04 Y-24.473 E.40483
SET_VELOCITY_LIMIT ACCEL=10000
G1 X38.04 Y-23.656 F30000
M73 P96 R0
SET_VELOCITY_LIMIT ACCEL=2000
G1 F7200
G1 X31.96 Y-29.736 E.40483
SET_VELOCITY_LIMIT ACCEL=10000
G1 X31.96 Y-28.918 F30000
SET_VELOCITY_LIMIT ACCEL=2000
G1 F7200
G1 X38.04 Y-22.839 E.40483
SET_VELOCITY_LIMIT ACCEL=10000
G1 X38.04 Y-22.022 F30000
SET_VELOCITY_LIMIT ACCEL=2000
G1 F7200
G1 X31.96 Y-28.101 E.40483
SET_VELOCITY_LIMIT ACCEL=10000
G1 X31.96 Y-27.284 F30000
SET_VELOCITY_LIMIT ACCEL=2000
G1 F7200
G1 X38.04 Y-21.205 E.40483
SET_VELOCITY_LIMIT ACCEL=10000
G1 X38.04 Y-20.387 F30000
SET_VELOCITY_LIMIT ACCEL=2000
G1 F7200
G1 X31.96 Y-26.467 E.40483
SET_VELOCITY_LIMIT ACCEL=10000
G1 X31.96 Y-25.65 F30000
SET_VELOCITY_LIMIT ACCEL=2000
G1 F7200
G1 X38.04 Y-19.57 E.40483
SET_VELOCITY_LIMIT ACCEL=10000
G1 X38.04 Y-18.753 F30000
SET_VELOCITY_LIMIT ACCEL=2000
G1 F7200
G1 X31.96 Y-24.833 E.40483
SET_VELOCITY_LIMIT ACCEL=10000
G1 X31.96 Y-24.015 F30000
SET_VELOCITY_LIMIT ACCEL=2000
G1 F7200
G1 X38.04 Y-17.936 E.40483
SET_VELOCITY_LIMIT ACCEL=10000
G1 X38.04 Y-17.119 F30000
SET_VELOCITY_LIMIT ACCEL=2000
G1 F7200
G1 X31.96 Y-23.198 E.40483
SET_VELOCITY_LIMIT ACCEL=10000
G1 X31.96 Y-22.381 F30000
SET_VELOCITY_LIMIT ACCEL=2000
G1 F7200
G1 X38.04 Y-16.302 E.40483
SET_VELOCITY_LIMIT ACCEL=10000
G1 X38.04 Y-15.484 F30000
SET_VELOCITY_LIMIT ACCEL=2000
G1 F7200
G1 X31.96 Y-21.564 E.40483
SET_VELOCITY_LIMIT ACCEL=10000
G1 X31.96 Y-20.747 F30000
SET_VELOCITY_LIMIT ACCEL=2000
G1 F7200
G1 X38.04 Y-14.667 E.40483
SET_VELOCITY_LIMIT ACCEL=10000
G1 X38.04 Y-13.85 F30000
SET_VELOCITY_LIMIT ACCEL=2000
G1 F7200
G1 X31.96 Y-19.93 E.40483
SET_VELOCITY_LIMIT ACCEL=10000
G1 X31.96 Y-19.113 F30000
SET_VELOCITY_LIMIT ACCEL=2000
G1 F7200
G1 X38.04 Y-13.033 E.40483
SET_VELOCITY_LIMIT ACCEL=10000
G1 X38.04 Y-12.216 F30000
SET_VELOCITY_LIMIT ACCEL=2000
G1 F7200
G1 X31.96 Y-18.295 E.40483
SET_VELOCITY_LIMIT ACCEL=10000
G1 X31.96 Y-17.478 F30000
SET_VELOCITY_LIMIT ACCEL=2000
G1 F7200
G1 X38.04 Y-11.399 E.40483
SET_VELOCITY_LIMIT ACCEL=10000
G1 X38.04 Y-10.581 F30000
SET_VELOCITY_LIMIT ACCEL=2000
G1 F7200
G1 X31.96 Y-16.661 E.40483
SET_VELOCITY_LIMIT ACCEL=10000
G1 X31.96 Y-15.844 F30000
SET_VELOCITY_LIMIT ACCEL=2000
G1 F7200
G1 X38.04 Y-9.764 E.40483
SET_VELOCITY_LIMIT ACCEL=10000
G1 X38.04 Y-8.947 F30000
SET_VELOCITY_LIMIT ACCEL=2000
G1 F7200
G1 X31.96 Y-15.027 E.40483
SET_VELOCITY_LIMIT ACCEL=10000
G1 X31.96 Y-14.21 F30000
SET_VELOCITY_LIMIT ACCEL=2000
G1 F7200
G1 X38.04 Y-8.13 E.40483
SET_VELOCITY_LIMIT ACCEL=10000
G1 X38.04 Y-7.313 F30000
SET_VELOCITY_LIMIT ACCEL=2000
G1 F7200
G1 X31.96 Y-13.392 E.40483
SET_VELOCITY_LIMIT ACCEL=10000
G1 X31.96 Y-12.575 F30000
SET_VELOCITY_LIMIT ACCEL=2000
G1 F7200
G1 X38.04 Y-6.496 E.40483
SET_VELOCITY_LIMIT ACCEL=10000
G1 X38.04 Y-5.678 F30000
SET_VELOCITY_LIMIT ACCEL=2000
G1 F7200
G1 X31.96 Y-11.758 E.40483
SET_VELOCITY_LIMIT ACCEL=10000
G1 X31.96 Y-10.941 F30000
SET_VELOCITY_LIMIT ACCEL=2000
G1 F7200
G1 X38.04 Y-4.861 E.40483
SET_VELOCITY_LIMIT ACCEL=10000
G1 X38.04 Y-4.044 F30000
SET_VELOCITY_LIMIT ACCEL=2000
G1 F7200
G1 X31.96 Y-10.124 E.40483
SET_VELOCITY_LIMIT ACCEL=10000
G1 X31.96 Y-9.307 F30000
SET_VELOCITY_LIMIT ACCEL=2000
G1 F7200
G1 X38.04 Y-3.227 E.40483
SET_VELOCITY_LIMIT ACCEL=10000
G1 X38.04 Y-2.41 F30000
SET_VELOCITY_LIMIT ACCEL=2000
G1 F7200
G1 X31.96 Y-8.489 E.40483
SET_VELOCITY_LIMIT ACCEL=10000
G1 X31.96 Y-7.672 F30000
SET_VELOCITY_LIMIT ACCEL=2000
G1 F7200
G1 X38.04 Y-1.593 E.40483
SET_VELOCITY_LIMIT ACCEL=10000
G1 X38.04 Y-.775 F30000
SET_VELOCITY_LIMIT ACCEL=2000
G1 F7200
G1 X31.96 Y-6.855 E.40483
SET_VELOCITY_LIMIT ACCEL=10000
G1 X31.96 Y-6.038 F30000
SET_VELOCITY_LIMIT ACCEL=2000
G1 F7200
G1 X38.04 Y.042 E.40483
SET_VELOCITY_LIMIT ACCEL=10000
G1 X38.04 Y.859 F30000
SET_VELOCITY_LIMIT ACCEL=2000
G1 F7200
G1 X31.96 Y-5.221 E.40483
SET_VELOCITY_LIMIT ACCEL=10000
G1 X31.96 Y-4.404 F30000
SET_VELOCITY_LIMIT ACCEL=2000
G1 F7200
G1 X38.04 Y1.676 E.40483
SET_VELOCITY_LIMIT ACCEL=10000
G1 X38.04 Y2.493 F30000
SET_VELOCITY_LIMIT ACCEL=2000
G1 F7200
G1 X31.96 Y-3.586 E.40483
SET_VELOCITY_LIMIT ACCEL=10000
G1 X31.96 Y-2.769 F30000
SET_VELOCITY_LIMIT ACCEL=2000
G1 F7200
G1 X38.04 Y3.31 E.40483
SET_VELOCITY_LIMIT ACCEL=10000
G1 X38.04 Y4.128 F30000
SET_VELOCITY_LIMIT ACCEL=2000
G1 F7200
G1 X31.96 Y-1.952 E.40483
SET_VELOCITY_LIMIT ACCEL=10000
G1 X31.96 Y-1.135 F30000
SET_VELOCITY_LIMIT ACCEL=2000
G1 F7200
G1 X38.04 Y4.945 E.40483
SET_VELOCITY_LIMIT ACCEL=10000
G1 X38.04 Y5.762 F30000
SET_VELOCITY_LIMIT ACCEL=2000
G1 F7200
G1 X31.96 Y-.318 E.40483
SET_VELOCITY_LIMIT ACCEL=10000
G1 X31.96 Y.499 F30000
SET_VELOCITY_LIMIT ACCEL=2000
G1 F7200
G1 X38.04 Y6.579 E.40483
SET_VELOCITY_LIMIT ACCEL=10000
G1 X38.04 Y7.396 F30000
SET_VELOCITY_LIMIT ACCEL=2000
G1 F7200
G1 X31.96 Y1.317 E.40483
SET_VELOCITY_LIMIT ACCEL=10000
G1 X31.96 Y2.134 F30000
SET_VELOCITY_LIMIT ACCEL=2000
G1 F7200
G1 X38.04 Y8.213 E.40483
SET_VELOCITY_LIMIT ACCEL=10000
G1 X38.04 Y9.031 F30000
SET_VELOCITY_LIMIT ACCEL=2000
G1 F7200
G1 X31.96 Y2.951 E.40483
SET_VELOCITY_LIMIT ACCEL=10000
G1 X31.96 Y3.768 F30000
SET_VELOCITY_LIMIT ACCEL=2000
G1 F7200
G1 X38.04 Y9.848 E.40483
SET_VELOCITY_LIMIT ACCEL=10000
G1 X38.04 Y10.665 F30000
SET_VELOCITY_LIMIT ACCEL=2000
G1 F7200
G1 X31.96 Y4.585 E.40483
SET_VELOCITY_LIMIT ACCEL=10000
G1 X31.96 Y5.402 F30000
SET_VELOCITY_LIMIT ACCEL=2000
G1 F7200
G1 X38.04 Y11.482 E.40483
SET_VELOCITY_LIMIT ACCEL=10000
G1 X38.04 Y12.299 F30000
SET_VELOCITY_LIMIT ACCEL=2000
G1 F7200
G1 X31.96 Y6.22 E.40483
SET_VELOCITY_LIMIT ACCEL=10000
G1 X31.96 Y7.037 F30000
SET_VELOCITY_LIMIT ACCEL=2000
G1 F7200
G1 X38.04 Y13.116 E.40483
SET_VELOCITY_LIMIT ACCEL=10000
G1 X38.04 Y13.933 F30000
SET_VELOCITY_LIMIT ACCEL=2000
G1 F7200
G1 X31.96 Y7.854 E.40483
SET_VELOCITY_LIMIT ACCEL=10000
G1 X31.96 Y8.671 F30000
SET_VELOCITY_LIMIT ACCEL=2000
G1 F7200
G1 X38.04 Y14.751 E.40483
SET_VELOCITY_LIMIT ACCEL=10000
G1 X38.04 Y15.568 F30000
SET_VELOCITY_LIMIT ACCEL=2000
G1 F7200
G1 X31.96 Y9.488 E.40483
SET_VELOCITY_LIMIT ACCEL=10000
G1 X31.96 Y10.305 F30000
SET_VELOCITY_LIMIT ACCEL=2000
G1 F7200
G1 X38.04 Y16.385 E.40483
SET_VELOCITY_LIMIT ACCEL=10000
G1 X38.04 Y17.202 F30000
SET_VELOCITY_LIMIT ACCEL=2000
G1 F7200
G1 X31.96 Y11.123 E.40483
SET_VELOCITY_LIMIT ACCEL=10000
G1 X31.96 Y11.94 F30000
SET_VELOCITY_LIMIT ACCEL=2000
G1 F7200
G1 X38.04 Y18.019 E.40483
SET_VELOCITY_LIMIT ACCEL=10000
G1 X38.04 Y18.836 F30000
SET_VELOCITY_LIMIT ACCEL=2000
G1 F7200
G1 X31.96 Y12.757 E.40483
SET_VELOCITY_LIMIT ACCEL=10000
G1 X31.96 Y13.574 F30000
SET_VELOCITY_LIMIT ACCEL=2000
G1 F7200
G1 X38.04 Y19.654 E.40483
SET_VELOCITY_LIMIT ACCEL=10000
G1 X38.04 Y20.471 F30000
SET_VELOCITY_LIMIT ACCEL=2000
G1 F7200
G1 X31.96 Y14.391 E.40483
SET_VELOCITY_LIMIT ACCEL=10000
G1 X31.96 Y15.208 F30000
SET_VELOCITY_LIMIT ACCEL=2000
G1 F7200
G1 X38.04 Y21.288 E.40483
SET_VELOCITY_LIMIT ACCEL=10000
G1 X38.04 Y22.105 F30000
SET_VELOCITY_LIMIT ACCEL=2000
G1 F7200
G1 X31.96 Y16.026 E.40483
SET_VELOCITY_LIMIT ACCEL=10000
G1 X31.96 Y16.843 F30000
SET_VELOCITY_LIMIT ACCEL=2000
G1 F7200
G1 X38.04 Y22.922 E.40483
SET_VELOCITY_LIMIT ACCEL=10000
G1 X38.04 Y23.739 F30000
SET_VELOCITY_LIMIT ACCEL=2000
G1 F7200
G1 X31.96 Y17.66 E.40483
SET_VELOCITY_LIMIT ACCEL=10000
G1 X31.96 Y18.477 F30000
SET_VELOCITY_LIMIT ACCEL=2000
G1 F7200
G1 X38.04 Y24.557 E.40483
SET_VELOCITY_LIMIT ACCEL=10000
G1 X38.04 Y25.374 F30000
SET_VELOCITY_LIMIT ACCEL=2000
G1 F7200
G1 X31.96 Y19.294 E.40483
SET_VELOCITY_LIMIT ACCEL=10000
G1 X31.96 Y20.111 F30000
SET_VELOCITY_LIMIT ACCEL=2000
G1 F7200
G1 X38.04 Y26.191 E.40483
SET_VELOCITY_LIMIT ACCEL=10000
G1 X38.04 Y27.008 F30000
SET_VELOCITY_LIMIT ACCEL=2000
G1 F7200
G1 X31.96 Y20.929 E.40483
SET_VELOCITY_LIMIT ACCEL=10000
G1 X31.96 Y21.746 F30000
SET_VELOCITY_LIMIT ACCEL=2000
G1 F7200
G1 X38.04 Y27.825 E.40483
SET_VELOCITY_LIMIT ACCEL=10000
G1 X38.04 Y28.642 F30000
SET_VELOCITY_LIMIT ACCEL=2000
G1 F7200
G1 X31.96 Y22.563 E.40483
SET_VELOCITY_LIMIT ACCEL=10000
G1 X31.96 Y23.38 F30000
SET_VELOCITY_LIMIT ACCEL=2000
G1 F7200
G1 X38.04 Y29.46 E.40483
SET_VELOCITY_LIMIT ACCEL=10000
G1 X38.04 Y30.277 F30000
SET_VELOCITY_LIMIT ACCEL=2000
G1 F7200
G1 X31.96 Y24.197 E.40483
SET_VELOCITY_LIMIT ACCEL=10000
G1 X31.96 Y25.014 F30000
SET_VELOCITY_LIMIT ACCEL=2000
G1 F7200
G1 X38.04 Y31.094 E.40483
SET_VELOCITY_LIMIT ACCEL=10000
G1 X38.04 Y31.911 F30000
SET_VELOCITY_LIMIT ACCEL=2000
G1 F7200
G1 X31.96 Y25.831 E.40483
SET_VELOCITY_LIMIT ACCEL=10000
G1 X31.96 Y26.649 F30000
SET_VELOCITY_LIMIT ACCEL=2000
G1 F7200
G1 X38.04 Y32.728 E.40483
SET_VELOCITY_LIMIT ACCEL=10000
G1 X38.04 Y33.545 F30000
SET_VELOCITY_LIMIT ACCEL=2000
G1 F7200
G1 X31.96 Y27.466 E.40483
SET_VELOCITY_LIMIT ACCEL=10000
G1 X31.96 Y28.283 F30000
SET_VELOCITY_LIMIT ACCEL=2000
G1 F7200
G1 X38.04 Y34.363 E.40483
SET_VELOCITY_LIMIT ACCEL=10000
G1 X38.04 Y35.18 F30000
SET_VELOCITY_LIMIT ACCEL=2000
G1 F7200
G1 X31.96 Y29.1 E.40483
SET_VELOCITY_LIMIT ACCEL=10000
G1 X31.96 Y29.917 F30000
SET_VELOCITY_LIMIT ACCEL=2000
G1 F7200
G1 X38.04 Y35.997 E.40483
SET_VELOCITY_LIMIT ACCEL=10000
G1 X38.04 Y36.814 F30000
SET_VELOCITY_LIMIT ACCEL=2000
G1 F7200
G1 X31.96 Y30.734 E.40483
SET_VELOCITY_LIMIT ACCEL=10000
G1 X31.96 Y31.552 F30000
SET_VELOCITY_LIMIT ACCEL=2000
G1 F7200
G1 X38.04 Y37.631 E.40483
SET_VELOCITY_LIMIT ACCEL=10000
G1 X38.04 Y38.448 F30000
SET_VELOCITY_LIMIT ACCEL=2000
G1 F7200
G1 X31.96 Y32.369 E.40483
SET_VELOCITY_LIMIT ACCEL=10000
G1 X31.96 Y33.186 F30000
SET_VELOCITY_LIMIT ACCEL=2000
G1 F7200
G1 X38.04 Y39.266 E.40483
SET_VELOCITY_LIMIT ACCEL=10000
G1 X38.04 Y40.083 F30000
SET_VELOCITY_LIMIT ACCEL=2000
G1 F7200
G1 X31.96 Y34.003 E.40483
SET_VELOCITY_LIMIT ACCEL=10000
G1 X31.96 Y34.82 F30000
SET_VELOCITY_LIMIT ACCEL=2000
G1 F7200
G1 X38.04 Y40.9 E.40483
SET_VELOCITY_LIMIT ACCEL=10000
G1 X38.04 Y41.717 F30000
SET_VELOCITY_LIMIT ACCEL=2000
G1 F7200
G1 X31.96 Y35.637 E.40483
SET_VELOCITY_LIMIT ACCEL=10000
G1 X31.96 Y36.455 F30000
SET_VELOCITY_LIMIT ACCEL=2000
G1 F7200
G1 X38.04 Y42.534 E.40483
SET_VELOCITY_LIMIT ACCEL=10000
G1 X38.04 Y43.351 F30000
SET_VELOCITY_LIMIT ACCEL=2000
G1 F7200
G1 X31.96 Y37.272 E.40483
SET_VELOCITY_LIMIT ACCEL=10000
G1 X31.96 Y38.089 F30000
SET_VELOCITY_LIMIT ACCEL=2000
G1 F7200
G1 X38.04 Y44.169 E.40483
SET_VELOCITY_LIMIT ACCEL=10000
G1 X38.04 Y44.986 F30000
SET_VELOCITY_LIMIT ACCEL=2000
G1 F7200
G1 X31.96 Y38.906 E.40483
SET_VELOCITY_LIMIT ACCEL=10000
G1 X31.96 Y39.723 F30000
SET_VELOCITY_LIMIT ACCEL=2000
G1 F7200
G1 X38.04 Y45.803 E.40483
SET_VELOCITY_LIMIT ACCEL=10000
G1 X38.04 Y46.62 F30000
SET_VELOCITY_LIMIT ACCEL=2000
G1 F7200
G1 X31.96 Y40.54 E.40483
SET_VELOCITY_LIMIT ACCEL=10000
G1 X31.96 Y41.358 F30000
SET_VELOCITY_LIMIT ACCEL=2000
G1 F7200
G1 X38.04 Y47.437 E.40483
SET_VELOCITY_LIMIT ACCEL=10000
G1 X38.04 Y48.254 F30000
SET_VELOCITY_LIMIT ACCEL=2000
G1 F7200
G1 X31.96 Y42.175 E.40483
SET_VELOCITY_LIMIT ACCEL=10000
G1 X31.96 Y42.992 F30000
SET_VELOCITY_LIMIT ACCEL=2000
G1 F7200
G1 X38.04 Y49.072 E.40483
SET_VELOCITY_LIMIT ACCEL=10000
G1 X38.04 Y49.889 F30000
SET_VELOCITY_LIMIT ACCEL=2000
G1 F7200
G1 X31.96 Y43.809 E.40483
SET_VELOCITY_LIMIT ACCEL=10000
G1 X31.96 Y44.626 F30000
SET_VELOCITY_LIMIT ACCEL=2000
G1 F7200
G1 X38.04 Y50.706 E.40483
SET_VELOCITY_LIMIT ACCEL=10000
G1 X38.04 Y51.523 F30000
SET_VELOCITY_LIMIT ACCEL=2000
G1 F7200
G1 X31.96 Y45.443 E.40483
SET_VELOCITY_LIMIT ACCEL=10000
G1 X31.96 Y46.261 F30000
SET_VELOCITY_LIMIT ACCEL=2000
G1 F7200
G1 X38.04 Y52.34 E.40483
SET_VELOCITY_LIMIT ACCEL=10000
G1 X38.04 Y53.157 F30000
SET_VELOCITY_LIMIT ACCEL=2000
G1 F7200
G1 X31.96 Y47.078 E.40483
SET_VELOCITY_LIMIT ACCEL=10000
G1 X31.96 Y47.895 F30000
SET_VELOCITY_LIMIT ACCEL=2000
G1 F7200
G1 X38.04 Y53.975 E.40483
SET_VELOCITY_LIMIT ACCEL=10000
G1 X38.04 Y54.792 F30000
SET_VELOCITY_LIMIT ACCEL=2000
G1 F7200
G1 X31.96 Y48.712 E.40483
SET_VELOCITY_LIMIT ACCEL=10000
G1 X31.96 Y49.529 F30000
SET_VELOCITY_LIMIT ACCEL=2000
G1 F7200
G1 X38.04 Y55.609 E.40483
SET_VELOCITY_LIMIT ACCEL=10000
G1 X38.04 Y56.426 F30000
SET_VELOCITY_LIMIT ACCEL=2000
G1 F7200
G1 X31.96 Y50.346 E.40483
SET_VELOCITY_LIMIT ACCEL=10000
G1 X31.96 Y51.164 F30000
SET_VELOCITY_LIMIT ACCEL=2000
G1 F7200
G1 X38.04 Y57.243 E.40483
SET_VELOCITY_LIMIT ACCEL=10000
G1 X38.04 Y58.06 F30000
SET_VELOCITY_LIMIT ACCEL=2000
G1 F7200
G1 X31.96 Y51.981 E.40483
SET_VELOCITY_LIMIT ACCEL=10000
G1 X31.96 Y52.798 F30000
SET_VELOCITY_LIMIT ACCEL=2000
G1 F7200
M73 P97 R0
G1 X38.04 Y58.877 E.40483
SET_VELOCITY_LIMIT ACCEL=10000
G1 X38.04 Y59.695 F30000
SET_VELOCITY_LIMIT ACCEL=2000
G1 F7200
G1 X31.96 Y53.615 E.40483
SET_VELOCITY_LIMIT ACCEL=10000
G1 X31.96 Y54.432 F30000
SET_VELOCITY_LIMIT ACCEL=2000
G1 F7200
G1 X38.04 Y60.512 E.40483
SET_VELOCITY_LIMIT ACCEL=10000
G1 X38.04 Y61.329 F30000
SET_VELOCITY_LIMIT ACCEL=2000
G1 F7200
G1 X31.96 Y55.249 E.40483
SET_VELOCITY_LIMIT ACCEL=10000
G1 X31.96 Y56.067 F30000
SET_VELOCITY_LIMIT ACCEL=2000
G1 F7200
G1 X38.04 Y62.146 E.40483
SET_VELOCITY_LIMIT ACCEL=10000
G1 X38.04 Y62.963 F30000
SET_VELOCITY_LIMIT ACCEL=2000
G1 F7200
G1 X31.96 Y56.884 E.40483
SET_VELOCITY_LIMIT ACCEL=10000
G1 X31.96 Y57.701 F30000
SET_VELOCITY_LIMIT ACCEL=2000
G1 F7200
G1 X38.04 Y63.78 E.40483
SET_VELOCITY_LIMIT ACCEL=10000
G1 X38.04 Y64.598 F30000
SET_VELOCITY_LIMIT ACCEL=2000
G1 F7200
G1 X31.96 Y58.518 E.40483
SET_VELOCITY_LIMIT ACCEL=10000
G1 X31.96 Y59.335 F30000
SET_VELOCITY_LIMIT ACCEL=2000
G1 F7200
G1 X38.04 Y65.415 E.40483
SET_VELOCITY_LIMIT ACCEL=10000
G1 X38.04 Y66.232 F30000
SET_VELOCITY_LIMIT ACCEL=2000
G1 F7200
G1 X31.96 Y60.152 E.40483
SET_VELOCITY_LIMIT ACCEL=10000
G1 X31.96 Y60.97 F30000
SET_VELOCITY_LIMIT ACCEL=2000
G1 F7200
G1 X38.04 Y67.049 E.40483
SET_VELOCITY_LIMIT ACCEL=10000
G1 X38.04 Y67.866 F30000
SET_VELOCITY_LIMIT ACCEL=2000
G1 F7200
G1 X31.96 Y61.787 E.40483
SET_VELOCITY_LIMIT ACCEL=10000
G1 X31.96 Y62.604 F30000
SET_VELOCITY_LIMIT ACCEL=2000
G1 F7200
G1 X38.04 Y68.683 E.40483
SET_VELOCITY_LIMIT ACCEL=10000
G1 X38.04 Y69.501 F30000
SET_VELOCITY_LIMIT ACCEL=2000
G1 F7200
G1 X31.96 Y63.421 E.40483
SET_VELOCITY_LIMIT ACCEL=10000
G1 X31.96 Y64.238 F30000
SET_VELOCITY_LIMIT ACCEL=2000
G1 F7200
G1 X38.04 Y70.318 E.40483
SET_VELOCITY_LIMIT ACCEL=10000
G1 X38.04 Y71.135 F30000
SET_VELOCITY_LIMIT ACCEL=2000
G1 F7200
G1 X31.96 Y65.055 E.40483
SET_VELOCITY_LIMIT ACCEL=10000
G1 X31.96 Y65.873 F30000
SET_VELOCITY_LIMIT ACCEL=2000
G1 F7200
G1 X38.04 Y71.952 E.40483
SET_VELOCITY_LIMIT ACCEL=10000
G1 X38.04 Y72.769 F30000
SET_VELOCITY_LIMIT ACCEL=2000
G1 F7200
G1 X31.96 Y66.69 E.40483
SET_VELOCITY_LIMIT ACCEL=10000
G1 X31.96 Y67.507 F30000
SET_VELOCITY_LIMIT ACCEL=2000
G1 F7200
G1 X38.04 Y73.586 E.40483
SET_VELOCITY_LIMIT ACCEL=10000
G1 X38.04 Y74.404 F30000
SET_VELOCITY_LIMIT ACCEL=2000
G1 F7200
G1 X31.96 Y68.324 E.40483
SET_VELOCITY_LIMIT ACCEL=10000
G1 X31.96 Y69.141 F30000
SET_VELOCITY_LIMIT ACCEL=2000
G1 F7200
G1 X38.04 Y75.221 E.40483
SET_VELOCITY_LIMIT ACCEL=10000
G1 X38.04 Y76.038 F30000
SET_VELOCITY_LIMIT ACCEL=2000
G1 F7200
G1 X31.96 Y69.958 E.40483
SET_VELOCITY_LIMIT ACCEL=10000
G1 X31.96 Y70.775 F30000
SET_VELOCITY_LIMIT ACCEL=2000
G1 F7200
G1 X38.04 Y76.855 E.40483
SET_VELOCITY_LIMIT ACCEL=10000
G1 X38.04 Y77.672 F30000
SET_VELOCITY_LIMIT ACCEL=2000
G1 F7200
G1 X31.96 Y71.593 E.40483
SET_VELOCITY_LIMIT ACCEL=10000
G1 X31.411 Y71.86 F30000
SET_VELOCITY_LIMIT ACCEL=2000
G1 F7200
G1 X37.49 Y77.94 E.40483
SET_VELOCITY_LIMIT ACCEL=10000
G1 X36.673 Y77.94 F30000
SET_VELOCITY_LIMIT ACCEL=2000
G1 F7200
G1 X30.593 Y71.86 E.40483
SET_VELOCITY_LIMIT ACCEL=10000
G1 X29.776 Y71.86 F30000
SET_VELOCITY_LIMIT ACCEL=2000
G1 F7200
G1 X35.856 Y77.94 E.40483
SET_VELOCITY_LIMIT ACCEL=10000
G1 X35.039 Y77.94 F30000
SET_VELOCITY_LIMIT ACCEL=2000
G1 F7200
G1 X28.959 Y71.86 E.40483
SET_VELOCITY_LIMIT ACCEL=10000
G1 X28.142 Y71.86 F30000
SET_VELOCITY_LIMIT ACCEL=2000
G1 F7200
G1 X34.222 Y77.94 E.40483
SET_VELOCITY_LIMIT ACCEL=10000
G1 X33.404 Y77.94 F30000
SET_VELOCITY_LIMIT ACCEL=2000
G1 F7200
G1 X27.325 Y71.86 E.40483
SET_VELOCITY_LIMIT ACCEL=10000
G1 X26.508 Y71.86 F30000
SET_VELOCITY_LIMIT ACCEL=2000
G1 F7200
G1 X32.587 Y77.94 E.40483
SET_VELOCITY_LIMIT ACCEL=10000
G1 X31.77 Y77.94 F30000
SET_VELOCITY_LIMIT ACCEL=2000
G1 F7200
G1 X25.69 Y71.86 E.40483
SET_VELOCITY_LIMIT ACCEL=10000
G1 X24.873 Y71.86 F30000
SET_VELOCITY_LIMIT ACCEL=2000
G1 F7200
G1 X30.953 Y77.94 E.40483
SET_VELOCITY_LIMIT ACCEL=10000
G1 X30.136 Y77.94 F30000
SET_VELOCITY_LIMIT ACCEL=2000
G1 F7200
G1 X24.056 Y71.86 E.40483
SET_VELOCITY_LIMIT ACCEL=10000
G1 X23.239 Y71.86 F30000
SET_VELOCITY_LIMIT ACCEL=2000
G1 F7200
G1 X29.319 Y77.94 E.40483
SET_VELOCITY_LIMIT ACCEL=10000
G1 X28.501 Y77.94 F30000
SET_VELOCITY_LIMIT ACCEL=2000
G1 F7200
G1 X22.422 Y71.86 E.40483
SET_VELOCITY_LIMIT ACCEL=10000
G1 X21.605 Y71.86 F30000
SET_VELOCITY_LIMIT ACCEL=2000
G1 F7200
G1 X27.684 Y77.94 E.40483
SET_VELOCITY_LIMIT ACCEL=10000
G1 X26.867 Y77.94 F30000
SET_VELOCITY_LIMIT ACCEL=2000
G1 F7200
G1 X20.787 Y71.86 E.40483
SET_VELOCITY_LIMIT ACCEL=10000
G1 X19.97 Y71.86 F30000
SET_VELOCITY_LIMIT ACCEL=2000
G1 F7200
G1 X26.05 Y77.94 E.40483
SET_VELOCITY_LIMIT ACCEL=10000
G1 X25.233 Y77.94 F30000
SET_VELOCITY_LIMIT ACCEL=2000
G1 F7200
G1 X19.153 Y71.86 E.40483
SET_VELOCITY_LIMIT ACCEL=10000
G1 X18.336 Y71.86 F30000
SET_VELOCITY_LIMIT ACCEL=2000
G1 F7200
G1 X24.416 Y77.94 E.40483
SET_VELOCITY_LIMIT ACCEL=10000
G1 X23.598 Y77.94 F30000
SET_VELOCITY_LIMIT ACCEL=2000
G1 F7200
G1 X17.519 Y71.86 E.40483
SET_VELOCITY_LIMIT ACCEL=10000
G1 X16.702 Y71.86 F30000
SET_VELOCITY_LIMIT ACCEL=2000
G1 F7200
G1 X22.781 Y77.94 E.40483
SET_VELOCITY_LIMIT ACCEL=10000
G1 X21.964 Y77.94 F30000
SET_VELOCITY_LIMIT ACCEL=2000
G1 F7200
G1 X15.884 Y71.86 E.40483
SET_VELOCITY_LIMIT ACCEL=10000
G1 X15.067 Y71.86 F30000
SET_VELOCITY_LIMIT ACCEL=2000
G1 F7200
G1 X21.147 Y77.94 E.40483
SET_VELOCITY_LIMIT ACCEL=10000
G1 X20.33 Y77.94 F30000
SET_VELOCITY_LIMIT ACCEL=2000
G1 F7200
G1 X14.25 Y71.86 E.40483
SET_VELOCITY_LIMIT ACCEL=10000
G1 X13.433 Y71.86 F30000
SET_VELOCITY_LIMIT ACCEL=2000
G1 F7200
G1 X19.513 Y77.94 E.40483
SET_VELOCITY_LIMIT ACCEL=10000
G1 X18.695 Y77.94 F30000
SET_VELOCITY_LIMIT ACCEL=2000
G1 F7200
G1 X12.616 Y71.86 E.40483
SET_VELOCITY_LIMIT ACCEL=10000
G1 X11.799 Y71.86 F30000
SET_VELOCITY_LIMIT ACCEL=2000
G1 F7200
G1 X17.878 Y77.94 E.40483
SET_VELOCITY_LIMIT ACCEL=10000
G1 X17.061 Y77.94 F30000
SET_VELOCITY_LIMIT ACCEL=2000
G1 F7200
G1 X10.981 Y71.86 E.40483
SET_VELOCITY_LIMIT ACCEL=10000
G1 X10.164 Y71.86 F30000
SET_VELOCITY_LIMIT ACCEL=2000
G1 F7200
G1 X16.244 Y77.94 E.40483
SET_VELOCITY_LIMIT ACCEL=10000
G1 X15.427 Y77.94 F30000
SET_VELOCITY_LIMIT ACCEL=2000
G1 F7200
G1 X9.347 Y71.86 E.40483
SET_VELOCITY_LIMIT ACCEL=10000
G1 X8.53 Y71.86 F30000
SET_VELOCITY_LIMIT ACCEL=2000
G1 F7200
G1 X14.61 Y77.94 E.40483
SET_VELOCITY_LIMIT ACCEL=10000
G1 X13.792 Y77.94 F30000
SET_VELOCITY_LIMIT ACCEL=2000
G1 F7200
G1 X7.713 Y71.86 E.40483
SET_VELOCITY_LIMIT ACCEL=10000
G1 X6.896 Y71.86 F30000
SET_VELOCITY_LIMIT ACCEL=2000
G1 F7200
G1 X12.975 Y77.94 E.40483
SET_VELOCITY_LIMIT ACCEL=10000
G1 X12.158 Y77.94 F30000
SET_VELOCITY_LIMIT ACCEL=2000
G1 F7200
G1 X6.079 Y71.86 E.40483
SET_VELOCITY_LIMIT ACCEL=10000
G1 X5.261 Y71.86 F30000
SET_VELOCITY_LIMIT ACCEL=2000
G1 F7200
G1 X11.341 Y77.94 E.40483
SET_VELOCITY_LIMIT ACCEL=10000
G1 X10.524 Y77.94 F30000
SET_VELOCITY_LIMIT ACCEL=2000
G1 F7200
G1 X4.444 Y71.86 E.40483
SET_VELOCITY_LIMIT ACCEL=10000
G1 X3.627 Y71.86 F30000
SET_VELOCITY_LIMIT ACCEL=2000
G1 F7200
G1 X9.707 Y77.94 E.40483
SET_VELOCITY_LIMIT ACCEL=10000
G1 X8.889 Y77.94 F30000
SET_VELOCITY_LIMIT ACCEL=2000
G1 F7200
G1 X2.81 Y71.86 E.40483
SET_VELOCITY_LIMIT ACCEL=10000
G1 X1.993 Y71.86 F30000
SET_VELOCITY_LIMIT ACCEL=2000
G1 F7200
G1 X8.072 Y77.94 E.40483
SET_VELOCITY_LIMIT ACCEL=10000
G1 X7.255 Y77.94 F30000
SET_VELOCITY_LIMIT ACCEL=2000
G1 F7200
G1 X1.176 Y71.86 E.40483
SET_VELOCITY_LIMIT ACCEL=10000
G1 X.358 Y71.86 F30000
SET_VELOCITY_LIMIT ACCEL=2000
G1 F7200
G1 X6.438 Y77.94 E.40483
SET_VELOCITY_LIMIT ACCEL=10000
G1 X5.621 Y77.94 F30000
SET_VELOCITY_LIMIT ACCEL=2000
G1 F7200
G1 X-.459 Y71.86 E.40483
SET_VELOCITY_LIMIT ACCEL=10000
G1 X-1.276 Y71.86 F30000
SET_VELOCITY_LIMIT ACCEL=2000
G1 F7200
G1 X4.804 Y77.94 E.40483
SET_VELOCITY_LIMIT ACCEL=10000
G1 X3.986 Y77.94 F30000
SET_VELOCITY_LIMIT ACCEL=2000
G1 F7200
G1 X-2.093 Y71.86 E.40483
SET_VELOCITY_LIMIT ACCEL=10000
G1 X-2.91 Y71.86 F30000
SET_VELOCITY_LIMIT ACCEL=2000
G1 F7200
G1 X3.169 Y77.94 E.40483
SET_VELOCITY_LIMIT ACCEL=10000
G1 X2.352 Y77.94 F30000
SET_VELOCITY_LIMIT ACCEL=2000
G1 F7200
G1 X-3.727 Y71.86 E.40483
SET_VELOCITY_LIMIT ACCEL=10000
G1 X-4.545 Y71.86 F30000
SET_VELOCITY_LIMIT ACCEL=2000
G1 F7200
G1 X1.535 Y77.94 E.40483
SET_VELOCITY_LIMIT ACCEL=10000
G1 X.718 Y77.94 F30000
SET_VELOCITY_LIMIT ACCEL=2000
G1 F7200
G1 X-5.362 Y71.86 E.40483
SET_VELOCITY_LIMIT ACCEL=10000
G1 X-6.179 Y71.86 F30000
SET_VELOCITY_LIMIT ACCEL=2000
G1 F7200
G1 X-.099 Y77.94 E.40483
SET_VELOCITY_LIMIT ACCEL=10000
G1 X-.917 Y77.94 F30000
SET_VELOCITY_LIMIT ACCEL=2000
G1 F7200
G1 X-6.996 Y71.86 E.40483
SET_VELOCITY_LIMIT ACCEL=10000
G1 X-7.813 Y71.86 F30000
SET_VELOCITY_LIMIT ACCEL=2000
G1 F7200
G1 X-1.734 Y77.94 E.40483
SET_VELOCITY_LIMIT ACCEL=10000
G1 X-2.551 Y77.94 F30000
SET_VELOCITY_LIMIT ACCEL=2000
G1 F7200
G1 X-8.63 Y71.86 E.40483
SET_VELOCITY_LIMIT ACCEL=10000
G1 X-9.448 Y71.86 F30000
SET_VELOCITY_LIMIT ACCEL=2000
G1 F7200
G1 X-3.368 Y77.94 E.40483
SET_VELOCITY_LIMIT ACCEL=10000
G1 X-4.185 Y77.94 F30000
SET_VELOCITY_LIMIT ACCEL=2000
G1 F7200
G1 X-10.265 Y71.86 E.40483
SET_VELOCITY_LIMIT ACCEL=10000
G1 X-11.082 Y71.86 F30000
SET_VELOCITY_LIMIT ACCEL=2000
G1 F7200
G1 X-5.002 Y77.94 E.40483
SET_VELOCITY_LIMIT ACCEL=10000
G1 X-5.819 Y77.94 F30000
SET_VELOCITY_LIMIT ACCEL=2000
G1 F7200
G1 X-11.899 Y71.86 E.40483
SET_VELOCITY_LIMIT ACCEL=10000
G1 X-12.716 Y71.86 F30000
SET_VELOCITY_LIMIT ACCEL=2000
G1 F7200
G1 X-6.637 Y77.94 E.40483
SET_VELOCITY_LIMIT ACCEL=10000
G1 X-7.454 Y77.94 F30000
SET_VELOCITY_LIMIT ACCEL=2000
G1 F7200
G1 X-13.533 Y71.86 E.40483
SET_VELOCITY_LIMIT ACCEL=10000
G1 X-14.351 Y71.86 F30000
SET_VELOCITY_LIMIT ACCEL=2000
G1 F7200
G1 X-8.271 Y77.94 E.40483
SET_VELOCITY_LIMIT ACCEL=10000
G1 X-9.088 Y77.94 F30000
SET_VELOCITY_LIMIT ACCEL=2000
G1 F7200
G1 X-15.168 Y71.86 E.40483
SET_VELOCITY_LIMIT ACCEL=10000
G1 X-15.985 Y71.86 F30000
SET_VELOCITY_LIMIT ACCEL=2000
G1 F7200
G1 X-9.905 Y77.94 E.40483
SET_VELOCITY_LIMIT ACCEL=10000
G1 X-10.722 Y77.94 F30000
SET_VELOCITY_LIMIT ACCEL=2000
G1 F7200
G1 X-16.802 Y71.86 E.40483
SET_VELOCITY_LIMIT ACCEL=10000
G1 X-17.619 Y71.86 F30000
SET_VELOCITY_LIMIT ACCEL=2000
G1 F7200
G1 X-11.54 Y77.94 E.40483
SET_VELOCITY_LIMIT ACCEL=10000
G1 X-12.357 Y77.94 F30000
SET_VELOCITY_LIMIT ACCEL=2000
G1 F7200
G1 X-18.436 Y71.86 E.40483
SET_VELOCITY_LIMIT ACCEL=10000
G1 X-19.254 Y71.86 F30000
SET_VELOCITY_LIMIT ACCEL=2000
G1 F7200
G1 X-13.174 Y77.94 E.40483
SET_VELOCITY_LIMIT ACCEL=10000
G1 X-13.991 Y77.94 F30000
SET_VELOCITY_LIMIT ACCEL=2000
G1 F7200
G1 X-20.071 Y71.86 E.40483
SET_VELOCITY_LIMIT ACCEL=10000
G1 X-20.888 Y71.86 F30000
SET_VELOCITY_LIMIT ACCEL=2000
G1 F7200
G1 X-14.808 Y77.94 E.40483
SET_VELOCITY_LIMIT ACCEL=10000
G1 X-15.625 Y77.94 F30000
SET_VELOCITY_LIMIT ACCEL=2000
G1 F7200
G1 X-21.705 Y71.86 E.40483
SET_VELOCITY_LIMIT ACCEL=10000
G1 X-22.522 Y71.86 F30000
SET_VELOCITY_LIMIT ACCEL=2000
G1 F7200
G1 X-16.443 Y77.94 E.40483
SET_VELOCITY_LIMIT ACCEL=10000
G1 X-17.26 Y77.94 F30000
SET_VELOCITY_LIMIT ACCEL=2000
G1 F7200
G1 X-23.339 Y71.86 E.40483
SET_VELOCITY_LIMIT ACCEL=10000
G1 X-24.157 Y71.86 F30000
SET_VELOCITY_LIMIT ACCEL=2000
G1 F7200
G1 X-18.077 Y77.94 E.40483
SET_VELOCITY_LIMIT ACCEL=10000
G1 X-18.894 Y77.94 F30000
SET_VELOCITY_LIMIT ACCEL=2000
G1 F7200
G1 X-24.974 Y71.86 E.40483
SET_VELOCITY_LIMIT ACCEL=10000
G1 X-25.791 Y71.86 F30000
SET_VELOCITY_LIMIT ACCEL=2000
G1 F7200
G1 X-19.711 Y77.94 E.40483
SET_VELOCITY_LIMIT ACCEL=10000
G1 X-20.528 Y77.94 F30000
SET_VELOCITY_LIMIT ACCEL=2000
G1 F7200
G1 X-26.608 Y71.86 E.40483
SET_VELOCITY_LIMIT ACCEL=10000
G1 X-27.425 Y71.86 F30000
SET_VELOCITY_LIMIT ACCEL=2000
G1 F7200
G1 X-21.346 Y77.94 E.40483
SET_VELOCITY_LIMIT ACCEL=10000
G1 X-22.163 Y77.94 F30000
SET_VELOCITY_LIMIT ACCEL=2000
G1 F7200
G1 X-28.242 Y71.86 E.40483
SET_VELOCITY_LIMIT ACCEL=10000
G1 X-29.06 Y71.86 F30000
SET_VELOCITY_LIMIT ACCEL=2000
G1 F7200
G1 X-22.98 Y77.94 E.40483
SET_VELOCITY_LIMIT ACCEL=10000
G1 X-23.797 Y77.94 F30000
SET_VELOCITY_LIMIT ACCEL=2000
G1 F7200
G1 X-29.877 Y71.86 E.40483
SET_VELOCITY_LIMIT ACCEL=10000
G1 X-30.694 Y71.86 F30000
SET_VELOCITY_LIMIT ACCEL=2000
G1 F7200
G1 X-24.614 Y77.94 E.40483
SET_VELOCITY_LIMIT ACCEL=10000
G1 X-25.431 Y77.94 F30000
SET_VELOCITY_LIMIT ACCEL=2000
G1 F7200
G1 X-31.511 Y71.86 E.40483
SET_VELOCITY_LIMIT ACCEL=10000
G1 E-1.2 F2100
M73 P98 R0
;WIPE_START
G1 F7200
G1 X-30.097 Y73.274
;WIPE_END
G1 X-30.191 Y65.643 Z8.6 F30000
G1 X-31.96 Y-77.313 Z8.6
G1 Z8.2
G1 E1.2 F2100
SET_VELOCITY_LIMIT ACCEL=2000
G1 F7200
G1 X-32.587 Y-77.94 E.04175
SET_VELOCITY_LIMIT ACCEL=10000
G1 X-33.404 Y-77.94 F30000
SET_VELOCITY_LIMIT ACCEL=2000
G1 F7200
G1 X-31.96 Y-76.496 E.09617
SET_VELOCITY_LIMIT ACCEL=10000
G1 X-31.96 Y-75.678 F30000
SET_VELOCITY_LIMIT ACCEL=2000
G1 F7200
G1 X-34.222 Y-77.94 E.15058
SET_VELOCITY_LIMIT ACCEL=10000
G1 X-35.039 Y-77.94 F30000
SET_VELOCITY_LIMIT ACCEL=2000
G1 F7200
G1 X-31.96 Y-74.861 E.20499
SET_VELOCITY_LIMIT ACCEL=10000
G1 X-31.96 Y-74.044 F30000
SET_VELOCITY_LIMIT ACCEL=2000
G1 F7200
G1 X-35.856 Y-77.94 E.25941
SET_VELOCITY_LIMIT ACCEL=10000
G1 X-36.673 Y-77.94 F30000
SET_VELOCITY_LIMIT ACCEL=2000
G1 F7200
G1 X-31.96 Y-73.227 E.31382
SET_VELOCITY_LIMIT ACCEL=10000
G1 X-31.96 Y-72.41 F30000
SET_VELOCITY_LIMIT ACCEL=2000
G1 F7200
G1 X-37.49 Y-77.94 E.36823
SET_VELOCITY_LIMIT ACCEL=10000
G1 X-38.04 Y-77.672 F30000
SET_VELOCITY_LIMIT ACCEL=2000
G1 F7200
G1 X-31.96 Y-71.593 E.40483
SET_VELOCITY_LIMIT ACCEL=10000
G1 X-31.96 Y-70.775 F30000
SET_VELOCITY_LIMIT ACCEL=2000
G1 F7200
G1 X-38.04 Y-76.855 E.40483
SET_VELOCITY_LIMIT ACCEL=10000
G1 X-38.04 Y-76.038 F30000
SET_VELOCITY_LIMIT ACCEL=2000
G1 F7200
G1 X-31.96 Y-69.958 E.40483
SET_VELOCITY_LIMIT ACCEL=10000
G1 X-31.96 Y-69.141 F30000
SET_VELOCITY_LIMIT ACCEL=2000
G1 F7200
G1 X-38.04 Y-75.221 E.40483
SET_VELOCITY_LIMIT ACCEL=10000
G1 X-38.04 Y-74.404 F30000
SET_VELOCITY_LIMIT ACCEL=2000
G1 F7200
G1 X-31.96 Y-68.324 E.40483
SET_VELOCITY_LIMIT ACCEL=10000
G1 X-31.96 Y-67.507 F30000
SET_VELOCITY_LIMIT ACCEL=2000
G1 F7200
G1 X-38.04 Y-73.586 E.40483
SET_VELOCITY_LIMIT ACCEL=10000
G1 X-38.04 Y-72.769 F30000
SET_VELOCITY_LIMIT ACCEL=2000
G1 F7200
G1 X-31.96 Y-66.69 E.40483
SET_VELOCITY_LIMIT ACCEL=10000
G1 X-31.96 Y-65.872 F30000
SET_VELOCITY_LIMIT ACCEL=2000
G1 F7200
G1 X-38.04 Y-71.952 E.40483
SET_VELOCITY_LIMIT ACCEL=10000
G1 X-38.04 Y-71.135 F30000
SET_VELOCITY_LIMIT ACCEL=2000
G1 F7200
G1 X-31.96 Y-65.055 E.40483
SET_VELOCITY_LIMIT ACCEL=10000
G1 X-31.96 Y-64.238 F30000
SET_VELOCITY_LIMIT ACCEL=2000
G1 F7200
G1 X-38.04 Y-70.318 E.40483
SET_VELOCITY_LIMIT ACCEL=10000
G1 X-38.04 Y-69.501 F30000
SET_VELOCITY_LIMIT ACCEL=2000
G1 F7200
G1 X-31.96 Y-63.421 E.40483
SET_VELOCITY_LIMIT ACCEL=10000
G1 X-31.96 Y-62.604 F30000
SET_VELOCITY_LIMIT ACCEL=2000
G1 F7200
G1 X-38.04 Y-68.683 E.40483
SET_VELOCITY_LIMIT ACCEL=10000
G1 X-38.04 Y-67.866 F30000
SET_VELOCITY_LIMIT ACCEL=2000
G1 F7200
G1 X-31.96 Y-61.787 E.40483
SET_VELOCITY_LIMIT ACCEL=10000
G1 X-31.96 Y-60.97 F30000
SET_VELOCITY_LIMIT ACCEL=2000
G1 F7200
G1 X-38.04 Y-67.049 E.40483
SET_VELOCITY_LIMIT ACCEL=10000
G1 X-38.04 Y-66.232 F30000
SET_VELOCITY_LIMIT ACCEL=2000
G1 F7200
G1 X-31.96 Y-60.152 E.40483
SET_VELOCITY_LIMIT ACCEL=10000
G1 X-31.96 Y-59.335 F30000
SET_VELOCITY_LIMIT ACCEL=2000
G1 F7200
G1 X-38.04 Y-65.415 E.40483
SET_VELOCITY_LIMIT ACCEL=10000
G1 X-38.04 Y-64.598 F30000
SET_VELOCITY_LIMIT ACCEL=2000
G1 F7200
G1 X-31.96 Y-58.518 E.40483
SET_VELOCITY_LIMIT ACCEL=10000
G1 X-31.96 Y-57.701 F30000
SET_VELOCITY_LIMIT ACCEL=2000
G1 F7200
G1 X-38.04 Y-63.78 E.40483
SET_VELOCITY_LIMIT ACCEL=10000
G1 X-38.04 Y-62.963 F30000
SET_VELOCITY_LIMIT ACCEL=2000
G1 F7200
G1 X-31.96 Y-56.884 E.40483
SET_VELOCITY_LIMIT ACCEL=10000
G1 X-31.96 Y-56.067 F30000
SET_VELOCITY_LIMIT ACCEL=2000
G1 F7200
G1 X-38.04 Y-62.146 E.40483
SET_VELOCITY_LIMIT ACCEL=10000
G1 X-38.04 Y-61.329 F30000
SET_VELOCITY_LIMIT ACCEL=2000
G1 F7200
G1 X-31.96 Y-55.249 E.40483
SET_VELOCITY_LIMIT ACCEL=10000
G1 X-31.96 Y-54.432 F30000
SET_VELOCITY_LIMIT ACCEL=2000
G1 F7200
G1 X-38.04 Y-60.512 E.40483
SET_VELOCITY_LIMIT ACCEL=10000
G1 X-38.04 Y-59.695 F30000
SET_VELOCITY_LIMIT ACCEL=2000
G1 F7200
G1 X-31.96 Y-53.615 E.40483
SET_VELOCITY_LIMIT ACCEL=10000
G1 X-31.96 Y-52.798 F30000
SET_VELOCITY_LIMIT ACCEL=2000
G1 F7200
G1 X-38.04 Y-58.877 E.40483
SET_VELOCITY_LIMIT ACCEL=10000
G1 X-38.04 Y-58.06 F30000
SET_VELOCITY_LIMIT ACCEL=2000
G1 F7200
G1 X-31.96 Y-51.981 E.40483
SET_VELOCITY_LIMIT ACCEL=10000
G1 X-31.96 Y-51.164 F30000
SET_VELOCITY_LIMIT ACCEL=2000
G1 F7200
G1 X-38.04 Y-57.243 E.40483
SET_VELOCITY_LIMIT ACCEL=10000
G1 X-38.04 Y-56.426 F30000
SET_VELOCITY_LIMIT ACCEL=2000
G1 F7200
G1 X-31.96 Y-50.346 E.40483
SET_VELOCITY_LIMIT ACCEL=10000
G1 X-31.96 Y-49.529 F30000
SET_VELOCITY_LIMIT ACCEL=2000
G1 F7200
G1 X-38.04 Y-55.609 E.40483
SET_VELOCITY_LIMIT ACCEL=10000
G1 X-38.04 Y-54.792 F30000
SET_VELOCITY_LIMIT ACCEL=2000
G1 F7200
G1 X-31.96 Y-48.712 E.40483
SET_VELOCITY_LIMIT ACCEL=10000
G1 X-31.96 Y-47.895 F30000
SET_VELOCITY_LIMIT ACCEL=2000
G1 F7200
G1 X-38.04 Y-53.974 E.40483
SET_VELOCITY_LIMIT ACCEL=10000
G1 X-38.04 Y-53.157 F30000
SET_VELOCITY_LIMIT ACCEL=2000
G1 F7200
G1 X-31.96 Y-47.078 E.40483
SET_VELOCITY_LIMIT ACCEL=10000
G1 X-31.96 Y-46.261 F30000
SET_VELOCITY_LIMIT ACCEL=2000
G1 F7200
G1 X-38.04 Y-52.34 E.40483
SET_VELOCITY_LIMIT ACCEL=10000
G1 X-38.04 Y-51.523 F30000
SET_VELOCITY_LIMIT ACCEL=2000
G1 F7200
G1 X-31.96 Y-45.443 E.40483
SET_VELOCITY_LIMIT ACCEL=10000
G1 X-31.96 Y-44.626 F30000
SET_VELOCITY_LIMIT ACCEL=2000
G1 F7200
G1 X-38.04 Y-50.706 E.40483
SET_VELOCITY_LIMIT ACCEL=10000
G1 X-38.04 Y-49.889 F30000
SET_VELOCITY_LIMIT ACCEL=2000
G1 F7200
G1 X-31.96 Y-43.809 E.40483
SET_VELOCITY_LIMIT ACCEL=10000
G1 X-31.96 Y-42.992 F30000
SET_VELOCITY_LIMIT ACCEL=2000
G1 F7200
G1 X-38.04 Y-49.072 E.40483
SET_VELOCITY_LIMIT ACCEL=10000
G1 X-38.04 Y-48.254 F30000
SET_VELOCITY_LIMIT ACCEL=2000
G1 F7200
G1 X-31.96 Y-42.175 E.40483
SET_VELOCITY_LIMIT ACCEL=10000
G1 X-31.96 Y-41.358 F30000
SET_VELOCITY_LIMIT ACCEL=2000
G1 F7200
G1 X-38.04 Y-47.437 E.40483
SET_VELOCITY_LIMIT ACCEL=10000
G1 X-38.04 Y-46.62 F30000
SET_VELOCITY_LIMIT ACCEL=2000
G1 F7200
G1 X-31.96 Y-40.54 E.40483
SET_VELOCITY_LIMIT ACCEL=10000
G1 X-31.96 Y-39.723 F30000
SET_VELOCITY_LIMIT ACCEL=2000
G1 F7200
G1 X-38.04 Y-45.803 E.40483
SET_VELOCITY_LIMIT ACCEL=10000
G1 X-38.04 Y-44.986 F30000
SET_VELOCITY_LIMIT ACCEL=2000
G1 F7200
G1 X-31.96 Y-38.906 E.40483
SET_VELOCITY_LIMIT ACCEL=10000
G1 X-31.96 Y-38.089 F30000
SET_VELOCITY_LIMIT ACCEL=2000
G1 F7200
G1 X-38.04 Y-44.169 E.40483
SET_VELOCITY_LIMIT ACCEL=10000
G1 X-38.04 Y-43.351 F30000
SET_VELOCITY_LIMIT ACCEL=2000
G1 F7200
G1 X-31.96 Y-37.272 E.40483
SET_VELOCITY_LIMIT ACCEL=10000
G1 X-31.96 Y-36.455 F30000
SET_VELOCITY_LIMIT ACCEL=2000
G1 F7200
G1 X-38.04 Y-42.534 E.40483
SET_VELOCITY_LIMIT ACCEL=10000
G1 X-38.04 Y-41.717 F30000
SET_VELOCITY_LIMIT ACCEL=2000
G1 F7200
G1 X-31.96 Y-35.637 E.40483
SET_VELOCITY_LIMIT ACCEL=10000
G1 X-31.96 Y-34.82 F30000
SET_VELOCITY_LIMIT ACCEL=2000
G1 F7200
G1 X-38.04 Y-40.9 E.40483
SET_VELOCITY_LIMIT ACCEL=10000
G1 X-38.04 Y-40.083 F30000
SET_VELOCITY_LIMIT ACCEL=2000
G1 F7200
G1 X-31.96 Y-34.003 E.40483
SET_VELOCITY_LIMIT ACCEL=10000
G1 X-31.96 Y-33.186 F30000
SET_VELOCITY_LIMIT ACCEL=2000
G1 F7200
G1 X-38.04 Y-39.266 E.40483
SET_VELOCITY_LIMIT ACCEL=10000
G1 X-38.04 Y-38.448 F30000
SET_VELOCITY_LIMIT ACCEL=2000
G1 F7200
G1 X-31.96 Y-32.369 E.40483
SET_VELOCITY_LIMIT ACCEL=10000
G1 X-31.96 Y-31.552 F30000
SET_VELOCITY_LIMIT ACCEL=2000
G1 F7200
G1 X-38.04 Y-37.631 E.40483
SET_VELOCITY_LIMIT ACCEL=10000
G1 X-38.04 Y-36.814 F30000
SET_VELOCITY_LIMIT ACCEL=2000
G1 F7200
G1 X-31.96 Y-30.734 E.40483
SET_VELOCITY_LIMIT ACCEL=10000
G1 X-31.96 Y-29.917 F30000
SET_VELOCITY_LIMIT ACCEL=2000
G1 F7200
G1 X-38.04 Y-35.997 E.40483
SET_VELOCITY_LIMIT ACCEL=10000
G1 X-38.04 Y-35.18 F30000
SET_VELOCITY_LIMIT ACCEL=2000
G1 F7200
G1 X-31.96 Y-29.1 E.40483
SET_VELOCITY_LIMIT ACCEL=10000
G1 X-31.96 Y-28.283 F30000
SET_VELOCITY_LIMIT ACCEL=2000
G1 F7200
G1 X-38.04 Y-34.363 E.40483
SET_VELOCITY_LIMIT ACCEL=10000
G1 X-38.04 Y-33.545 F30000
SET_VELOCITY_LIMIT ACCEL=2000
G1 F7200
G1 X-31.96 Y-27.466 E.40483
SET_VELOCITY_LIMIT ACCEL=10000
G1 X-31.96 Y-26.649 F30000
SET_VELOCITY_LIMIT ACCEL=2000
G1 F7200
G1 X-38.04 Y-32.728 E.40483
SET_VELOCITY_LIMIT ACCEL=10000
G1 X-38.04 Y-31.911 F30000
SET_VELOCITY_LIMIT ACCEL=2000
G1 F7200
G1 X-31.96 Y-25.831 E.40483
SET_VELOCITY_LIMIT ACCEL=10000
G1 X-31.96 Y-25.014 F30000
SET_VELOCITY_LIMIT ACCEL=2000
G1 F7200
G1 X-38.04 Y-31.094 E.40483
SET_VELOCITY_LIMIT ACCEL=10000
G1 X-38.04 Y-30.277 F30000
SET_VELOCITY_LIMIT ACCEL=2000
G1 F7200
G1 X-31.96 Y-24.197 E.40483
SET_VELOCITY_LIMIT ACCEL=10000
G1 X-31.96 Y-23.38 F30000
SET_VELOCITY_LIMIT ACCEL=2000
G1 F7200
G1 X-38.04 Y-29.46 E.40483
SET_VELOCITY_LIMIT ACCEL=10000
G1 X-38.04 Y-28.642 F30000
SET_VELOCITY_LIMIT ACCEL=2000
G1 F7200
G1 X-31.96 Y-22.563 E.40483
SET_VELOCITY_LIMIT ACCEL=10000
G1 X-31.96 Y-21.746 F30000
SET_VELOCITY_LIMIT ACCEL=2000
G1 F7200
G1 X-38.04 Y-27.825 E.40483
SET_VELOCITY_LIMIT ACCEL=10000
G1 X-38.04 Y-27.008 F30000
SET_VELOCITY_LIMIT ACCEL=2000
G1 F7200
G1 X-31.96 Y-20.928 E.40483
SET_VELOCITY_LIMIT ACCEL=10000
G1 X-31.96 Y-20.111 F30000
SET_VELOCITY_LIMIT ACCEL=2000
G1 F7200
G1 X-38.04 Y-26.191 E.40483
SET_VELOCITY_LIMIT ACCEL=10000
G1 X-38.04 Y-25.374 F30000
SET_VELOCITY_LIMIT ACCEL=2000
G1 F7200
G1 X-31.96 Y-19.294 E.40483
SET_VELOCITY_LIMIT ACCEL=10000
G1 X-31.96 Y-18.477 F30000
SET_VELOCITY_LIMIT ACCEL=2000
G1 F7200
G1 X-38.04 Y-24.557 E.40483
SET_VELOCITY_LIMIT ACCEL=10000
G1 X-38.04 Y-23.739 F30000
SET_VELOCITY_LIMIT ACCEL=2000
G1 F7200
G1 X-31.96 Y-17.66 E.40483
SET_VELOCITY_LIMIT ACCEL=10000
G1 X-31.96 Y-16.843 F30000
SET_VELOCITY_LIMIT ACCEL=2000
G1 F7200
G1 X-38.04 Y-22.922 E.40483
SET_VELOCITY_LIMIT ACCEL=10000
G1 X-38.04 Y-22.105 F30000
SET_VELOCITY_LIMIT ACCEL=2000
G1 F7200
G1 X-31.96 Y-16.026 E.40483
SET_VELOCITY_LIMIT ACCEL=10000
G1 X-31.96 Y-15.208 F30000
SET_VELOCITY_LIMIT ACCEL=2000
G1 F7200
G1 X-38.04 Y-21.288 E.40483
SET_VELOCITY_LIMIT ACCEL=10000
G1 X-38.04 Y-20.471 F30000
SET_VELOCITY_LIMIT ACCEL=2000
G1 F7200
G1 X-31.96 Y-14.391 E.40483
SET_VELOCITY_LIMIT ACCEL=10000
G1 X-31.96 Y-13.574 F30000
SET_VELOCITY_LIMIT ACCEL=2000
G1 F7200
G1 X-38.04 Y-19.654 E.40483
SET_VELOCITY_LIMIT ACCEL=10000
G1 X-38.04 Y-18.836 F30000
SET_VELOCITY_LIMIT ACCEL=2000
G1 F7200
G1 X-31.96 Y-12.757 E.40483
SET_VELOCITY_LIMIT ACCEL=10000
G1 X-31.96 Y-11.94 F30000
SET_VELOCITY_LIMIT ACCEL=2000
G1 F7200
G1 X-38.04 Y-18.019 E.40483
SET_VELOCITY_LIMIT ACCEL=10000
G1 X-38.04 Y-17.202 F30000
SET_VELOCITY_LIMIT ACCEL=2000
G1 F7200
G1 X-31.96 Y-11.123 E.40483
SET_VELOCITY_LIMIT ACCEL=10000
G1 X-31.96 Y-10.305 F30000
SET_VELOCITY_LIMIT ACCEL=2000
G1 F7200
G1 X-38.04 Y-16.385 E.40483
SET_VELOCITY_LIMIT ACCEL=10000
G1 X-38.04 Y-15.568 F30000
SET_VELOCITY_LIMIT ACCEL=2000
G1 F7200
G1 X-31.96 Y-9.488 E.40483
SET_VELOCITY_LIMIT ACCEL=10000
G1 X-31.96 Y-8.671 F30000
SET_VELOCITY_LIMIT ACCEL=2000
G1 F7200
G1 X-38.04 Y-14.751 E.40483
SET_VELOCITY_LIMIT ACCEL=10000
G1 X-38.04 Y-13.933 F30000
SET_VELOCITY_LIMIT ACCEL=2000
G1 F7200
G1 X-31.96 Y-7.854 E.40483
SET_VELOCITY_LIMIT ACCEL=10000
G1 X-31.96 Y-7.037 F30000
SET_VELOCITY_LIMIT ACCEL=2000
G1 F7200
G1 X-38.04 Y-13.116 E.40483
SET_VELOCITY_LIMIT ACCEL=10000
G1 X-38.04 Y-12.299 F30000
SET_VELOCITY_LIMIT ACCEL=2000
G1 F7200
G1 X-31.96 Y-6.22 E.40483
SET_VELOCITY_LIMIT ACCEL=10000
G1 X-31.96 Y-5.402 F30000
SET_VELOCITY_LIMIT ACCEL=2000
G1 F7200
G1 X-38.04 Y-11.482 E.40483
SET_VELOCITY_LIMIT ACCEL=10000
G1 X-38.04 Y-10.665 F30000
SET_VELOCITY_LIMIT ACCEL=2000
G1 F7200
G1 X-31.96 Y-4.585 E.40483
SET_VELOCITY_LIMIT ACCEL=10000
G1 X-31.96 Y-3.768 F30000
SET_VELOCITY_LIMIT ACCEL=2000
G1 F7200
G1 X-38.04 Y-9.848 E.40483
SET_VELOCITY_LIMIT ACCEL=10000
G1 X-38.04 Y-9.03 F30000
SET_VELOCITY_LIMIT ACCEL=2000
G1 F7200
G1 X-31.96 Y-2.951 E.40483
SET_VELOCITY_LIMIT ACCEL=10000
G1 X-31.96 Y-2.134 F30000
SET_VELOCITY_LIMIT ACCEL=2000
G1 F7200
G1 X-38.04 Y-8.213 E.40483
SET_VELOCITY_LIMIT ACCEL=10000
G1 X-38.04 Y-7.396 F30000
SET_VELOCITY_LIMIT ACCEL=2000
G1 F7200
G1 X-31.96 Y-1.317 E.40483
SET_VELOCITY_LIMIT ACCEL=10000
G1 X-31.96 Y-.499 F30000
SET_VELOCITY_LIMIT ACCEL=2000
G1 F7200
G1 X-38.04 Y-6.579 E.40483
SET_VELOCITY_LIMIT ACCEL=10000
G1 X-38.04 Y-5.762 F30000
SET_VELOCITY_LIMIT ACCEL=2000
G1 F7200
G1 X-31.96 Y.318 E.40483
SET_VELOCITY_LIMIT ACCEL=10000
G1 X-31.96 Y1.135 F30000
SET_VELOCITY_LIMIT ACCEL=2000
G1 F7200
G1 X-38.04 Y-4.945 E.40483
SET_VELOCITY_LIMIT ACCEL=10000
G1 X-38.04 Y-4.127 F30000
SET_VELOCITY_LIMIT ACCEL=2000
G1 F7200
G1 X-31.96 Y1.952 E.40483
SET_VELOCITY_LIMIT ACCEL=10000
G1 X-31.96 Y2.769 F30000
SET_VELOCITY_LIMIT ACCEL=2000
G1 F7200
G1 X-38.04 Y-3.31 E.40483
SET_VELOCITY_LIMIT ACCEL=10000
G1 X-38.04 Y-2.493 F30000
SET_VELOCITY_LIMIT ACCEL=2000
G1 F7200
G1 X-31.96 Y3.586 E.40483
SET_VELOCITY_LIMIT ACCEL=10000
G1 X-31.96 Y4.404 F30000
M73 P99 R0
SET_VELOCITY_LIMIT ACCEL=2000
G1 F7200
G1 X-38.04 Y-1.676 E.40483
SET_VELOCITY_LIMIT ACCEL=10000
G1 X-38.04 Y-.859 F30000
SET_VELOCITY_LIMIT ACCEL=2000
G1 F7200
G1 X-31.96 Y5.221 E.40483
SET_VELOCITY_LIMIT ACCEL=10000
G1 X-31.96 Y6.038 F30000
SET_VELOCITY_LIMIT ACCEL=2000
G1 F7200
G1 X-38.04 Y-.042 E.40483
SET_VELOCITY_LIMIT ACCEL=10000
G1 X-38.04 Y.775 F30000
SET_VELOCITY_LIMIT ACCEL=2000
G1 F7200
G1 X-31.96 Y6.855 E.40483
SET_VELOCITY_LIMIT ACCEL=10000
G1 X-31.96 Y7.672 F30000
SET_VELOCITY_LIMIT ACCEL=2000
G1 F7200
G1 X-38.04 Y1.593 E.40483
SET_VELOCITY_LIMIT ACCEL=10000
G1 X-38.04 Y2.41 F30000
SET_VELOCITY_LIMIT ACCEL=2000
G1 F7200
G1 X-31.96 Y8.489 E.40483
SET_VELOCITY_LIMIT ACCEL=10000
G1 X-31.96 Y9.307 F30000
SET_VELOCITY_LIMIT ACCEL=2000
G1 F7200
G1 X-38.04 Y3.227 E.40483
SET_VELOCITY_LIMIT ACCEL=10000
G1 X-38.04 Y4.044 F30000
SET_VELOCITY_LIMIT ACCEL=2000
G1 F7200
G1 X-31.96 Y10.124 E.40483
SET_VELOCITY_LIMIT ACCEL=10000
G1 X-31.96 Y10.941 F30000
SET_VELOCITY_LIMIT ACCEL=2000
G1 F7200
G1 X-38.04 Y4.861 E.40483
SET_VELOCITY_LIMIT ACCEL=10000
G1 X-38.04 Y5.678 F30000
SET_VELOCITY_LIMIT ACCEL=2000
G1 F7200
G1 X-31.96 Y11.758 E.40483
SET_VELOCITY_LIMIT ACCEL=10000
G1 X-31.96 Y12.575 F30000
SET_VELOCITY_LIMIT ACCEL=2000
G1 F7200
G1 X-38.04 Y6.496 E.40483
SET_VELOCITY_LIMIT ACCEL=10000
G1 X-38.04 Y7.313 F30000
SET_VELOCITY_LIMIT ACCEL=2000
G1 F7200
G1 X-31.96 Y13.392 E.40483
SET_VELOCITY_LIMIT ACCEL=10000
G1 X-31.96 Y14.21 F30000
SET_VELOCITY_LIMIT ACCEL=2000
G1 F7200
G1 X-38.04 Y8.13 E.40483
SET_VELOCITY_LIMIT ACCEL=10000
G1 X-38.04 Y8.947 F30000
SET_VELOCITY_LIMIT ACCEL=2000
G1 F7200
G1 X-31.96 Y15.027 E.40483
SET_VELOCITY_LIMIT ACCEL=10000
G1 X-31.96 Y15.844 F30000
SET_VELOCITY_LIMIT ACCEL=2000
G1 F7200
G1 X-38.04 Y9.764 E.40483
SET_VELOCITY_LIMIT ACCEL=10000
G1 X-38.04 Y10.581 F30000
SET_VELOCITY_LIMIT ACCEL=2000
G1 F7200
G1 X-31.96 Y16.661 E.40483
SET_VELOCITY_LIMIT ACCEL=10000
G1 X-31.96 Y17.478 F30000
SET_VELOCITY_LIMIT ACCEL=2000
G1 F7200
G1 X-38.04 Y11.399 E.40483
SET_VELOCITY_LIMIT ACCEL=10000
G1 X-38.04 Y12.216 F30000
SET_VELOCITY_LIMIT ACCEL=2000
G1 F7200
G1 X-31.96 Y18.295 E.40483
SET_VELOCITY_LIMIT ACCEL=10000
G1 X-31.96 Y19.113 F30000
SET_VELOCITY_LIMIT ACCEL=2000
G1 F7200
G1 X-38.04 Y13.033 E.40483
SET_VELOCITY_LIMIT ACCEL=10000
G1 X-38.04 Y13.85 F30000
SET_VELOCITY_LIMIT ACCEL=2000
G1 F7200
G1 X-31.96 Y19.93 E.40483
SET_VELOCITY_LIMIT ACCEL=10000
G1 X-31.96 Y20.747 F30000
SET_VELOCITY_LIMIT ACCEL=2000
G1 F7200
G1 X-38.04 Y14.667 E.40483
SET_VELOCITY_LIMIT ACCEL=10000
G1 X-38.04 Y15.484 F30000
SET_VELOCITY_LIMIT ACCEL=2000
G1 F7200
G1 X-31.96 Y21.564 E.40483
SET_VELOCITY_LIMIT ACCEL=10000
G1 X-31.96 Y22.381 F30000
SET_VELOCITY_LIMIT ACCEL=2000
G1 F7200
G1 X-38.04 Y16.302 E.40483
SET_VELOCITY_LIMIT ACCEL=10000
G1 X-38.04 Y17.119 F30000
SET_VELOCITY_LIMIT ACCEL=2000
G1 F7200
G1 X-31.96 Y23.198 E.40483
SET_VELOCITY_LIMIT ACCEL=10000
G1 X-31.96 Y24.016 F30000
SET_VELOCITY_LIMIT ACCEL=2000
G1 F7200
G1 X-38.04 Y17.936 E.40483
SET_VELOCITY_LIMIT ACCEL=10000
G1 X-38.04 Y18.753 F30000
SET_VELOCITY_LIMIT ACCEL=2000
G1 F7200
G1 X-31.96 Y24.833 E.40483
SET_VELOCITY_LIMIT ACCEL=10000
G1 X-31.96 Y25.65 F30000
SET_VELOCITY_LIMIT ACCEL=2000
G1 F7200
G1 X-38.04 Y19.57 E.40483
SET_VELOCITY_LIMIT ACCEL=10000
G1 X-38.04 Y20.387 F30000
SET_VELOCITY_LIMIT ACCEL=2000
G1 F7200
G1 X-31.96 Y26.467 E.40483
SET_VELOCITY_LIMIT ACCEL=10000
G1 X-31.96 Y27.284 F30000
SET_VELOCITY_LIMIT ACCEL=2000
G1 F7200
G1 X-38.04 Y21.205 E.40483
SET_VELOCITY_LIMIT ACCEL=10000
G1 X-38.04 Y22.022 F30000
SET_VELOCITY_LIMIT ACCEL=2000
G1 F7200
G1 X-31.96 Y28.101 E.40483
SET_VELOCITY_LIMIT ACCEL=10000
G1 X-31.96 Y28.919 F30000
SET_VELOCITY_LIMIT ACCEL=2000
G1 F7200
G1 X-38.04 Y22.839 E.40483
SET_VELOCITY_LIMIT ACCEL=10000
G1 X-38.04 Y23.656 F30000
SET_VELOCITY_LIMIT ACCEL=2000
G1 F7200
G1 X-31.96 Y29.736 E.40483
SET_VELOCITY_LIMIT ACCEL=10000
G1 X-31.96 Y30.553 F30000
SET_VELOCITY_LIMIT ACCEL=2000
G1 F7200
G1 X-38.04 Y24.473 E.40483
SET_VELOCITY_LIMIT ACCEL=10000
G1 X-38.04 Y25.29 F30000
SET_VELOCITY_LIMIT ACCEL=2000
G1 F7200
G1 X-31.96 Y31.37 E.40483
SET_VELOCITY_LIMIT ACCEL=10000
G1 X-31.96 Y32.187 F30000
SET_VELOCITY_LIMIT ACCEL=2000
G1 F7200
G1 X-38.04 Y26.108 E.40483
SET_VELOCITY_LIMIT ACCEL=10000
G1 X-38.04 Y26.925 F30000
SET_VELOCITY_LIMIT ACCEL=2000
G1 F7200
G1 X-31.96 Y33.004 E.40483
SET_VELOCITY_LIMIT ACCEL=10000
G1 X-31.96 Y33.821 F30000
SET_VELOCITY_LIMIT ACCEL=2000
G1 F7200
G1 X-38.04 Y27.742 E.40483
SET_VELOCITY_LIMIT ACCEL=10000
G1 X-38.04 Y28.559 F30000
SET_VELOCITY_LIMIT ACCEL=2000
G1 F7200
G1 X-31.96 Y34.639 E.40483
SET_VELOCITY_LIMIT ACCEL=10000
G1 X-31.96 Y35.456 F30000
SET_VELOCITY_LIMIT ACCEL=2000
G1 F7200
G1 X-38.04 Y29.376 E.40483
SET_VELOCITY_LIMIT ACCEL=10000
G1 X-38.04 Y30.193 F30000
SET_VELOCITY_LIMIT ACCEL=2000
G1 F7200
G1 X-31.96 Y36.273 E.40483
SET_VELOCITY_LIMIT ACCEL=10000
G1 X-31.96 Y37.09 F30000
SET_VELOCITY_LIMIT ACCEL=2000
G1 F7200
G1 X-38.04 Y31.011 E.40483
SET_VELOCITY_LIMIT ACCEL=10000
G1 X-38.04 Y31.828 F30000
SET_VELOCITY_LIMIT ACCEL=2000
G1 F7200
G1 X-31.96 Y37.907 E.40483
SET_VELOCITY_LIMIT ACCEL=10000
G1 X-31.96 Y38.724 F30000
SET_VELOCITY_LIMIT ACCEL=2000
G1 F7200
G1 X-38.04 Y32.645 E.40483
SET_VELOCITY_LIMIT ACCEL=10000
G1 X-38.04 Y33.462 F30000
SET_VELOCITY_LIMIT ACCEL=2000
G1 F7200
G1 X-31.96 Y39.542 E.40483
SET_VELOCITY_LIMIT ACCEL=10000
G1 X-31.96 Y40.359 F30000
SET_VELOCITY_LIMIT ACCEL=2000
G1 F7200
G1 X-38.04 Y34.279 E.40483
SET_VELOCITY_LIMIT ACCEL=10000
G1 X-38.04 Y35.096 F30000
SET_VELOCITY_LIMIT ACCEL=2000
G1 F7200
G1 X-31.96 Y41.176 E.40483
SET_VELOCITY_LIMIT ACCEL=10000
G1 X-31.96 Y41.993 F30000
SET_VELOCITY_LIMIT ACCEL=2000
G1 F7200
G1 X-38.04 Y35.914 E.40483
SET_VELOCITY_LIMIT ACCEL=10000
G1 X-38.04 Y36.731 F30000
SET_VELOCITY_LIMIT ACCEL=2000
G1 F7200
G1 X-31.96 Y42.81 E.40483
SET_VELOCITY_LIMIT ACCEL=10000
G1 X-31.96 Y43.627 F30000
SET_VELOCITY_LIMIT ACCEL=2000
G1 F7200
G1 X-38.04 Y37.548 E.40483
SET_VELOCITY_LIMIT ACCEL=10000
G1 X-38.04 Y38.365 F30000
SET_VELOCITY_LIMIT ACCEL=2000
G1 F7200
G1 X-31.96 Y44.445 E.40483
SET_VELOCITY_LIMIT ACCEL=10000
G1 X-31.96 Y45.262 F30000
SET_VELOCITY_LIMIT ACCEL=2000
G1 F7200
G1 X-38.04 Y39.182 E.40483
SET_VELOCITY_LIMIT ACCEL=10000
G1 X-38.04 Y39.999 F30000
SET_VELOCITY_LIMIT ACCEL=2000
G1 F7200
G1 X-31.96 Y46.079 E.40483
SET_VELOCITY_LIMIT ACCEL=10000
G1 X-31.96 Y46.896 F30000
SET_VELOCITY_LIMIT ACCEL=2000
G1 F7200
G1 X-38.04 Y40.817 E.40483
SET_VELOCITY_LIMIT ACCEL=10000
G1 X-38.04 Y41.634 F30000
SET_VELOCITY_LIMIT ACCEL=2000
G1 F7200
G1 X-31.96 Y47.713 E.40483
SET_VELOCITY_LIMIT ACCEL=10000
G1 X-31.96 Y48.53 F30000
SET_VELOCITY_LIMIT ACCEL=2000
G1 F7200
G1 X-38.04 Y42.451 E.40483
SET_VELOCITY_LIMIT ACCEL=10000
G1 X-38.04 Y43.268 F30000
SET_VELOCITY_LIMIT ACCEL=2000
G1 F7200
G1 X-31.96 Y49.348 E.40483
SET_VELOCITY_LIMIT ACCEL=10000
G1 X-31.96 Y50.165 F30000
SET_VELOCITY_LIMIT ACCEL=2000
G1 F7200
G1 X-38.04 Y44.085 E.40483
SET_VELOCITY_LIMIT ACCEL=10000
G1 X-38.04 Y44.902 F30000
SET_VELOCITY_LIMIT ACCEL=2000
G1 F7200
G1 X-31.96 Y50.982 E.40483
SET_VELOCITY_LIMIT ACCEL=10000
G1 X-31.96 Y51.799 F30000
SET_VELOCITY_LIMIT ACCEL=2000
G1 F7200
G1 X-38.04 Y45.719 E.40483
SET_VELOCITY_LIMIT ACCEL=10000
G1 X-38.04 Y46.537 F30000
SET_VELOCITY_LIMIT ACCEL=2000
G1 F7200
G1 X-31.96 Y52.616 E.40483
SET_VELOCITY_LIMIT ACCEL=10000
G1 X-31.96 Y53.433 F30000
SET_VELOCITY_LIMIT ACCEL=2000
G1 F7200
G1 X-38.04 Y47.354 E.40483
SET_VELOCITY_LIMIT ACCEL=10000
G1 X-38.04 Y48.171 F30000
SET_VELOCITY_LIMIT ACCEL=2000
G1 F7200
G1 X-31.96 Y54.251 E.40483
SET_VELOCITY_LIMIT ACCEL=10000
G1 X-31.96 Y55.068 F30000
SET_VELOCITY_LIMIT ACCEL=2000
G1 F7200
G1 X-38.04 Y48.988 E.40483
SET_VELOCITY_LIMIT ACCEL=10000
G1 X-38.04 Y49.805 F30000
SET_VELOCITY_LIMIT ACCEL=2000
G1 F7200
G1 X-31.96 Y55.885 E.40483
SET_VELOCITY_LIMIT ACCEL=10000
G1 X-31.96 Y56.702 F30000
SET_VELOCITY_LIMIT ACCEL=2000
G1 F7200
G1 X-38.04 Y50.622 E.40483
SET_VELOCITY_LIMIT ACCEL=10000
G1 X-38.04 Y51.44 F30000
SET_VELOCITY_LIMIT ACCEL=2000
G1 F7200
G1 X-31.96 Y57.519 E.40483
SET_VELOCITY_LIMIT ACCEL=10000
G1 X-31.96 Y58.336 F30000
SET_VELOCITY_LIMIT ACCEL=2000
G1 F7200
G1 X-38.04 Y52.257 E.40483
SET_VELOCITY_LIMIT ACCEL=10000
G1 X-38.04 Y53.074 F30000
SET_VELOCITY_LIMIT ACCEL=2000
G1 F7200
G1 X-31.96 Y59.154 E.40483
SET_VELOCITY_LIMIT ACCEL=10000
G1 X-31.96 Y59.971 F30000
SET_VELOCITY_LIMIT ACCEL=2000
G1 F7200
G1 X-38.04 Y53.891 E.40483
SET_VELOCITY_LIMIT ACCEL=10000
G1 X-38.04 Y54.708 F30000
SET_VELOCITY_LIMIT ACCEL=2000
G1 F7200
G1 X-31.96 Y60.788 E.40483
SET_VELOCITY_LIMIT ACCEL=10000
G1 X-31.96 Y61.605 F30000
SET_VELOCITY_LIMIT ACCEL=2000
G1 F7200
G1 X-38.04 Y55.525 E.40483
SET_VELOCITY_LIMIT ACCEL=10000
G1 X-38.04 Y56.343 F30000
SET_VELOCITY_LIMIT ACCEL=2000
G1 F7200
G1 X-31.96 Y62.422 E.40483
SET_VELOCITY_LIMIT ACCEL=10000
G1 X-31.96 Y63.239 F30000
SET_VELOCITY_LIMIT ACCEL=2000
G1 F7200
G1 X-38.04 Y57.16 E.40483
SET_VELOCITY_LIMIT ACCEL=10000
G1 X-38.04 Y57.977 F30000
SET_VELOCITY_LIMIT ACCEL=2000
G1 F7200
G1 X-31.96 Y64.057 E.40483
SET_VELOCITY_LIMIT ACCEL=10000
G1 X-31.96 Y64.874 F30000
SET_VELOCITY_LIMIT ACCEL=2000
G1 F7200
G1 X-38.04 Y58.794 E.40483
SET_VELOCITY_LIMIT ACCEL=10000
G1 X-38.04 Y59.611 F30000
SET_VELOCITY_LIMIT ACCEL=2000
G1 F7200
G1 X-31.96 Y65.691 E.40483
SET_VELOCITY_LIMIT ACCEL=10000
G1 X-31.96 Y66.508 F30000
SET_VELOCITY_LIMIT ACCEL=2000
G1 F7200
G1 X-38.04 Y60.428 E.40483
SET_VELOCITY_LIMIT ACCEL=10000
G1 X-38.04 Y61.246 F30000
SET_VELOCITY_LIMIT ACCEL=2000
G1 F7200
G1 X-31.96 Y67.325 E.40483
SET_VELOCITY_LIMIT ACCEL=10000
G1 X-31.96 Y68.142 F30000
SET_VELOCITY_LIMIT ACCEL=2000
G1 F7200
G1 X-38.04 Y62.063 E.40483
SET_VELOCITY_LIMIT ACCEL=10000
G1 X-38.04 Y62.88 F30000
SET_VELOCITY_LIMIT ACCEL=2000
G1 F7200
G1 X-31.96 Y68.96 E.40483
SET_VELOCITY_LIMIT ACCEL=10000
G1 X-31.96 Y69.777 F30000
SET_VELOCITY_LIMIT ACCEL=2000
G1 F7200
G1 X-38.04 Y63.697 E.40483
SET_VELOCITY_LIMIT ACCEL=10000
G1 X-38.04 Y64.514 F30000
SET_VELOCITY_LIMIT ACCEL=2000
G1 F7200
G1 X-31.96 Y70.594 E.40483
SET_VELOCITY_LIMIT ACCEL=10000
G1 X-31.96 Y71.411 F30000
SET_VELOCITY_LIMIT ACCEL=2000
G1 F7200
G1 X-38.04 Y65.331 E.40483
SET_VELOCITY_LIMIT ACCEL=10000
G1 X-38.04 Y66.149 F30000
SET_VELOCITY_LIMIT ACCEL=2000
G1 F7200
G1 X-26.249 Y77.94 E.78516
SET_VELOCITY_LIMIT ACCEL=10000
G1 X-27.066 Y77.94 F30000
SET_VELOCITY_LIMIT ACCEL=2000
G1 F7200
G1 X-38.04 Y66.966 E.73075
SET_VELOCITY_LIMIT ACCEL=10000
G1 X-38.04 Y67.783 F30000
SET_VELOCITY_LIMIT ACCEL=2000
G1 F7200
G1 X-27.883 Y77.94 E.67633
SET_VELOCITY_LIMIT ACCEL=10000
G1 X-28.7 Y77.94 F30000
SET_VELOCITY_LIMIT ACCEL=2000
G1 F7200
G1 X-38.04 Y68.6 E.62192
SET_VELOCITY_LIMIT ACCEL=10000
G1 X-38.04 Y69.417 F30000
SET_VELOCITY_LIMIT ACCEL=2000
G1 F7200
G1 X-29.517 Y77.94 E.5675
SET_VELOCITY_LIMIT ACCEL=10000
G1 X-30.334 Y77.94 F30000
SET_VELOCITY_LIMIT ACCEL=2000
G1 F7200
G1 X-38.04 Y70.234 E.51309
SET_VELOCITY_LIMIT ACCEL=10000
G1 X-38.04 Y71.052 F30000
SET_VELOCITY_LIMIT ACCEL=2000
G1 F7200
G1 X-31.152 Y77.94 E.45868
SET_VELOCITY_LIMIT ACCEL=10000
G1 X-31.969 Y77.94 F30000
SET_VELOCITY_LIMIT ACCEL=2000
G1 F7200
G1 X-38.04 Y71.869 E.40426
SET_VELOCITY_LIMIT ACCEL=10000
G1 X-38.04 Y72.686 F30000
SET_VELOCITY_LIMIT ACCEL=2000
G1 F7200
G1 X-32.786 Y77.94 E.34985
SET_VELOCITY_LIMIT ACCEL=10000
G1 X-33.603 Y77.94 F30000
SET_VELOCITY_LIMIT ACCEL=2000
G1 F7200
G1 X-38.04 Y73.503 E.29544
SET_VELOCITY_LIMIT ACCEL=10000
G1 X-38.04 Y74.32 F30000
SET_VELOCITY_LIMIT ACCEL=2000
G1 F7200
G1 X-34.42 Y77.94 E.24102
SET_VELOCITY_LIMIT ACCEL=10000
G1 X-35.237 Y77.94 F30000
SET_VELOCITY_LIMIT ACCEL=2000
G1 F7200
G1 X-38.04 Y75.137 E.18661
SET_VELOCITY_LIMIT ACCEL=10000
G1 X-38.04 Y75.955 F30000
SET_VELOCITY_LIMIT ACCEL=2000
G1 F7200
G1 X-36.055 Y77.94 E.13219
SET_VELOCITY_LIMIT ACCEL=10000
G1 X-36.872 Y77.94 F30000
SET_VELOCITY_LIMIT ACCEL=2000
G1 F7200
G1 X-38.04 Y76.772 E.07778
G1 E-1.2 F2100
;WIPE_START
G1 F7200
G1 X-36.872 Y77.94
;WIPE_END
M106 S0
M106 P2 S0
;TYPE:Custom
; filament end gcode
G1 E-3 F3600
G0 X50 Y50 F30000
M104 S0 ; turn off temperature
M73 P100 R0
; EXECUTABLE_BLOCK_END

; filament used [mm] = 6184.94
; filament used [cm3] = 14.88
; filament used [g] = 18.45
; filament cost = 0.37
; total filament used [g] = 18.45
; total filament cost = 0.37
; total layers count = 41
; estimated printing time (normal mode) = 23m 56s
; estimated first layer printing time (normal mode) = 15s

; CONFIG_BLOCK_START
; accel_to_decel_enable = 0
; accel_to_decel_factor = 50%
; activate_air_filtration = 0
; activate_chamber_temp_control = 0
; adaptive_bed_mesh_margin = 0
; adaptive_pressure_advance = 0
; adaptive_pressure_advance_bridges = 0
; adaptive_pressure_advance_model = "0,0,0\n0,0,0"
; adaptive_pressure_advance_overhangs = 0
; additional_cooling_fan_speed = 100
; alternate_extra_wall = 0
; auxiliary_fan = 1
; bbl_calib_mark_logo = 1
; bbl_use_printhost = 0
; bed_custom_model = 
; bed_custom_texture = 
; bed_exclude_area = 0x0
; bed_mesh_max = 99999,99999
; bed_mesh_min = -99999,-99999
; bed_mesh_probe_distance = 50,50
; before_layer_change_gcode = ;BEFORE_LAYER_CHANGE\n;[layer_z]
; best_object_pos = 0.5,0.5
; bottom_shell_layers = 3
; bottom_shell_thickness = 0
; bottom_solid_infill_flow_ratio = 1
; bottom_surface_pattern = monotonic
; bridge_acceleration = 50%
; bridge_angle = 0
; bridge_density = 100%
; bridge_flow = 1
; bridge_no_support = 0
; bridge_speed = 25
; brim_ears_detection_length = 1
; brim_ears_max_angle = 125
; brim_object_gap = 0.1
; brim_type = no_brim
; brim_width = 5
; chamber_temperature = 0
; change_extrusion_role_gcode = 
; change_filament_gcode = 
; close_fan_the_first_x_layers = 1
; complete_print_exhaust_fan_speed = 80
; cool_plate_temp = 60
; cool_plate_temp_initial_layer = 55
; cooling_tube_length = 5
; cooling_tube_retraction = 91.5
; counterbore_hole_bridging = none
; curr_bed_type = High Temp Plate
; default_acceleration = 10000
; default_filament_colour = ""
; default_filament_profile = "Flashforge Generic PLA"
; default_jerk = 0
; default_print_profile = 0.30mm Standard @Flashforge AD5M Pro 0.6 Nozzle
; deretraction_speed = 35
; detect_narrow_internal_solid_infill = 1
; detect_overhang_wall = 1
; detect_thin_wall = 0
; different_settings_to_system = initial_layer_print_height;layer_height;raft_contact_distance;;
; disable_m73 = 0
; dont_filter_internal_bridges = disabled
; dont_slow_down_outer_wall = 0
; draft_shield = disabled
; during_print_exhaust_fan_speed = 60
; elefant_foot_compensation = 0.15
; elefant_foot_compensation_layers = 1
; emit_machine_limits_to_gcode = 1
; enable_arc_fitting = 0
; enable_extra_bridge_layer = disabled
; enable_filament_ramming = 1
; enable_long_retraction_when_cut = 0
; enable_overhang_bridge_fan = 1
; enable_overhang_speed = 1
; enable_pressure_advance = 1
; enable_prime_tower = 0
; enable_support = 0
; enforce_support_layers = 0
; eng_plate_temp = 60
; eng_plate_temp_initial_layer = 55
; ensure_vertical_shell_thickness = ensure_all
; exclude_object = 0
; extra_loading_move = -2
; extra_perimeters_on_overhangs = 0
; extruder_clearance_height_to_lid = 150
; extruder_clearance_height_to_rod = 27
; extruder_clearance_radius = 76
; extruder_colour = #26A69A
; extruder_offset = 0x0
; extrusion_rate_smoothing_external_perimeter_only = 0
; fan_cooling_layer_time = 100
; fan_kickstart = 0
; fan_max_speed = 100
; fan_min_speed = 100
; fan_speedup_overhangs = 1
; fan_speedup_time = 0
; filament_colour = #26A69A
; filament_cooling_final_speed = 3.4
; filament_cooling_initial_speed = 2.2
; filament_cooling_moves = 4
; filament_cost = 20
; filament_density = 1.24
; filament_diameter = 1.75
; filament_end_gcode = "; filament end gcode\n"
; filament_flow_ratio = 0.98
; filament_ids = FFG01
; filament_is_support = 0
; filament_loading_speed = 28
; filament_loading_speed_start = 3
; filament_max_volumetric_speed = 25
; filament_minimal_purge_on_wipe_tower = 15
; filament_multitool_ramming = 0
; filament_multitool_ramming_flow = 10
; filament_multitool_ramming_volume = 10
; filament_notes = ""
; filament_ramming_parameters = "120 100 6.6 6.8 7.2 7.6 7.9 8.2 8.7 9.4 9.9 10.0| 0.05 6.6 0.45 6.8 0.95 7.8 1.45 8.3 1.95 9.7 2.45 10 2.95 7.6 3.45 7.6 3.95 7.6 4.45 7.6 4.95 7.6"
; filament_settings_id = "Flashforge Generic PLA"
; filament_shrink = 100%
; filament_shrinkage_compensation_z = 100%
; filament_soluble = 0
; filament_stamping_distance = 0
; filament_stamping_loading_speed = 0
; filament_start_gcode = "; filament start gcode\n;right_extruder_material: PLA\n"
; filament_toolchange_delay = 0
; filament_type = PLA
; filament_unloading_speed = 90
; filament_unloading_speed_start = 100
; filament_vendor = Generic
; filename_format = {input_filename_base}.gcode
; filter_out_gap_fill = 0.5
; first_layer_print_sequence = 0
; flush_into_infill = 0
; flush_into_objects = 0
; flush_into_support = 1
; flush_multiplier = 0.3
; flush_volumes_matrix = 0
; flush_volumes_vector = 140,140
; full_fan_speed_layer = 0
; fuzzy_skin = none
; fuzzy_skin_first_layer = 0
; fuzzy_skin_noise_type = classic
; fuzzy_skin_octaves = 4
; fuzzy_skin_persistence = 0.5
; fuzzy_skin_point_distance = 0.3
; fuzzy_skin_scale = 1
; fuzzy_skin_thickness = 0.2
; gap_fill_target = nowhere
; gap_infill_speed = 150
; gcode_add_line_number = 0
; gcode_comments = 0
; gcode_flavor = klipper
; gcode_label_objects = 0
; has_scarf_joint_seam = 0
; head_wrap_detect_zone = 
; high_current_on_filament_swap = 0
; hole_to_polyhole = 0
; hole_to_polyhole_threshold = 0.01
; hole_to_polyhole_twisted = 1
; host_type = octoprint
; hot_plate_temp = 50
; hot_plate_temp_initial_layer = 55
; idle_temperature = 0
; independent_support_layer_height = 1
; infill_anchor = 400%
; infill_anchor_max = 20
; infill_combination = 0
; infill_combination_max_layer_height = 100%
; infill_direction = 45
; infill_jerk = 9
; infill_wall_overlap = 40%
; inherits_group = "0.18mm Fine @Flashforge AD5M Pro 0.6 Nozzle";;
; initial_layer_acceleration = 500
; initial_layer_infill_speed = 65
; initial_layer_jerk = 9
; initial_layer_line_width = 0.65
; initial_layer_min_bead_width = 85%
; initial_layer_print_height = 0.2
; initial_layer_speed = 45
; initial_layer_travel_speed = 100%
; inner_wall_acceleration = 5000
; inner_wall_jerk = 9
; inner_wall_line_width = 0.62
; inner_wall_speed = 150
; interface_shells = 0
; interlocking_beam = 0
; interlocking_beam_layer_count = 2
; interlocking_beam_width = 0.8
; interlocking_boundary_avoidance = 2
; interlocking_depth = 2
; interlocking_orientation = 22.5
; internal_bridge_angle = 0
; internal_bridge_density = 100%
; internal_bridge_fan_speed = -1
; internal_bridge_flow = 1
; internal_bridge_speed = 50
; internal_solid_infill_acceleration = 7000
; internal_solid_infill_line_width = 0.62
; internal_solid_infill_pattern = monotonic
; internal_solid_infill_speed = 150
; ironing_angle = -1
; ironing_flow = 15%
; ironing_inset = 0
; ironing_pattern = zig-zag
; ironing_spacing = 0.1
; ironing_speed = 15
; ironing_type = no ironing
; is_infill_first = 0
; lattice_angle_1 = -45
; lattice_angle_2 = 45
; layer_change_gcode = ;AFTER_LAYER_CHANGE\n;[layer_z]
; layer_height = 0.2
; line_width = 0.62
; long_retractions_when_cut = 0
; machine_end_gcode = G1 E-3 F3600\nG0 X50 Y50 F30000\nM104 S0 ; turn off temperature
; machine_load_filament_time = 0
; machine_max_acceleration_e = 5000,5000
; machine_max_acceleration_extruding = 20000,20000
; machine_max_acceleration_retracting = 5000,5000
; machine_max_acceleration_travel = 20000,20000
; machine_max_acceleration_x = 20000,20000
; machine_max_acceleration_y = 20000,20000
; machine_max_acceleration_z = 500,500
; machine_max_jerk_e = 2.5,2.5
; machine_max_jerk_x = 9,9
; machine_max_jerk_y = 9,9
; machine_max_jerk_z = 3,3
; machine_max_speed_e = 30,30
; machine_max_speed_x = 600,600
; machine_max_speed_y = 600,600
; machine_max_speed_z = 20,20
; machine_min_extruding_rate = 0,0
; machine_min_travel_rate = 0,0
; machine_pause_gcode = M25
; machine_start_gcode = M190 S[bed_temperature_initial_layer_single]\nM104 S[nozzle_temperature_initial_layer]\nG90\nM83\nG1 Z5 F6000\nG1 E-0.2 F800\nG1 X110 Y-110 F6000\nG1 E2 F800\nG1 Y-110 X55 Z0.25 F4800\nG1 X-55 E8 F2400\nG1 Y-109.6 F2400\nG1 X55 E5 F2400\nG1 Y-110 X55 Z0.45 F4800\nG1 X-55 E8 F2400\nG1 Y-109.6 F2400\nG1 X55 E5 F2400\nG92 E0
; machine_tool_change_time = 0
; machine_unload_filament_time = 0
; make_overhang_printable = 0
; make_overhang_printable_angle = 55
; make_overhang_printable_hole_size = 0
; manual_filament_change = 0
; max_bridge_length = 10
; max_layer_height = 0.42
; max_travel_detour_distance = 0
; max_volumetric_extrusion_rate_slope = 0
; max_volumetric_extrusion_rate_slope_segment_length = 3
; min_bead_width = 85%
; min_feature_size = 25%
; min_layer_height = 0.15
; min_length_factor = 0.5
; min_skirt_length = 0
; min_width_top_surface = 300%
; minimum_sparse_infill_area = 15
; mmu_segmented_region_interlocking_depth = 0
; mmu_segmented_region_max_width = 0
; notes = 
; nozzle_diameter = 0.6
; nozzle_height = 2.5
; nozzle_hrc = 0
; nozzle_temperature = 220
; nozzle_temperature_initial_layer = 220
; nozzle_temperature_range_high = 230
; nozzle_temperature_range_low = 190
; nozzle_type = hardened_steel
; nozzle_volume = 0
; only_one_wall_first_layer = 0
; only_one_wall_top = 0
; ooze_prevention = 0
; other_layers_print_sequence = 0
; other_layers_print_sequence_nums = 0
; outer_wall_acceleration = 5000
; outer_wall_jerk = 9
; outer_wall_line_width = 0.62
; outer_wall_speed = 120
; overhang_1_4_speed = 0
; overhang_2_4_speed = 40
; overhang_3_4_speed = 20
; overhang_4_4_speed = 10
; overhang_fan_speed = 100
; overhang_fan_threshold = 50%
; overhang_reverse = 0
; overhang_reverse_internal_only = 0
; overhang_reverse_threshold = 50%
; overhang_speed_classic = 0
; parking_pos_retraction = 92
; pellet_flow_coefficient = 0.4157
; pellet_modded_printer = 0
; post_process = 
; precise_outer_wall = 0
; precise_z_height = 0
; preferred_orientation = 0
; preheat_steps = 1
; preheat_time = 30
; pressure_advance = 0.025
; prime_tower_brim_width = 3
; prime_tower_width = 60
; prime_volume = 45
; print_compatible_printers = "Flashforge Adventurer 5M Pro 0.6 Nozzle"
; print_flow_ratio = 1
; print_order = default
; print_sequence = by layer
; print_settings_id = No support, no raft
; printable_area = -110x-110,110x-110,110x110,-110x110
; printable_height = 220
; printer_model = Flashforge Adventurer 5M Pro
; printer_notes = 
; printer_settings_id = Flashforge Adventurer 5M Pro 0.6 Nozzle
; printer_structure = undefine
; printer_technology = FFF
; printer_variant = 0.6
; printhost_authorization_type = key
; printhost_ssl_ignore_revoke = 0
; printing_by_object_gcode = 
; purge_in_prime_tower = 1
; raft_contact_distance = 0.16
; raft_expansion = 1.5
; raft_first_layer_density = 90%
; raft_first_layer_expansion = 2
; raft_layers = 0
; reduce_crossing_wall = 0
; reduce_fan_stop_start_freq = 1
; reduce_infill_retraction = 1
; required_nozzle_HRC = 0
; resolution = 0.012
; retract_before_wipe = 100%
; retract_length_toolchange = 2
; retract_lift_above = 0
; retract_lift_below = 0
; retract_lift_enforce = All Surfaces
; retract_on_top_layer = 1
; retract_restart_extra = 0
; retract_restart_extra_toolchange = 0
; retract_when_changing_layer = 1
; retraction_distances_when_cut = 18
; retraction_length = 1.2
; retraction_minimum_travel = 1
; retraction_speed = 35
; role_based_wipe_speed = 1
; rotate_solid_infill_direction = 1
; scan_first_layer = 0
; scarf_angle_threshold = 155
; scarf_joint_flow_ratio = 1
; scarf_joint_speed = 100%
; scarf_overhang_threshold = 40%
; seam_gap = 6%
; seam_position = aligned
; seam_slope_conditional = 0
; seam_slope_entire_loop = 0
; seam_slope_inner_walls = 0
; seam_slope_min_length = 20
; seam_slope_start_height = 0
; seam_slope_steps = 10
; seam_slope_type = none
; silent_mode = 0
; single_extruder_multi_material = 0
; single_extruder_multi_material_priming = 0
; single_loop_draft_shield = 0
; skirt_distance = 2
; skirt_height = 1
; skirt_loops = 0
; skirt_speed = 50
; skirt_start_angle = -135
; skirt_type = combined
; slice_closing_radius = 0.049
; slicing_mode = regular
; slow_down_for_layer_cooling = 1
; slow_down_layer_time = 6
; slow_down_layers = 1
; slow_down_min_speed = 20
; slowdown_for_curled_perimeters = 1
; small_area_infill_flow_compensation = 0
; small_area_infill_flow_compensation_model = 0,0;"\n0.2,0.4444";"\n0.4,0.6145";"\n0.6,0.7059";"\n0.8,0.7619";"\n1.5,0.8571";"\n2,0.8889";"\n3,0.9231";"\n5,0.9520";"\n10,1"
; small_perimeter_speed = 50%
; small_perimeter_threshold = 0
; solid_infill_direction = 45
; solid_infill_filament = 1
; sparse_infill_acceleration = 100%
; sparse_infill_density = 15%
; sparse_infill_filament = 1
; sparse_infill_line_width = 0.62
; sparse_infill_pattern = crosshatch
; sparse_infill_speed = 100
; spiral_finishing_flow_ratio = 0
; spiral_mode = 0
; spiral_mode_max_xy_smoothing = 200%
; spiral_mode_smooth = 0
; spiral_starting_flow_ratio = 0
; staggered_inner_seams = 0
; standby_temperature_delta = -5
; start_end_points = 30x-3,54x245
; supertack_plate_temp = 35
; supertack_plate_temp_initial_layer = 35
; support_air_filtration = 1
; support_angle = 0
; support_base_pattern = rectilinear
; support_base_pattern_spacing = 2.5
; support_bottom_interface_spacing = 0.35
; support_bottom_z_distance = 0.18
; support_chamber_temp_control = 1
; support_critical_regions_only = 0
; support_expansion = 0
; support_filament = 0
; support_interface_bottom_layers = 0
; support_interface_filament = 0
; support_interface_loop_pattern = 0
; support_interface_not_for_body = 1
; support_interface_pattern = auto
; support_interface_spacing = 0.35
; support_interface_speed = 40
; support_interface_top_layers = 2
; support_line_width = 0.62
; support_material_interface_fan_speed = 100
; support_multi_bed_types = 1
; support_object_first_layer_gap = 0.2
; support_object_xy_distance = 0.4
; support_on_build_plate_only = 0
; support_remove_small_overhang = 1
; support_speed = 100
; support_style = default
; support_threshold_angle = 30
; support_threshold_overlap = 50%
; support_top_z_distance = 0.18
; support_type = normal(auto)
; temperature_vitrification = 60
; template_custom_gcode = 
; textured_cool_plate_temp = 40
; textured_cool_plate_temp_initial_layer = 40
; textured_plate_temp = 60
; textured_plate_temp_initial_layer = 55
; thick_bridges = 0
; thick_internal_bridges = 1
; thumbnails = 140x110/PNG
; thumbnails_format = PNG
; time_cost = 0
; time_lapse_gcode = 
; timelapse_type = 0
; top_bottom_infill_wall_overlap = 25%
; top_shell_layers = 5
; top_shell_thickness = 1
; top_solid_infill_flow_ratio = 1
; top_surface_acceleration = 2000
; top_surface_jerk = 9
; top_surface_line_width = 0.62
; top_surface_pattern = monotonicline
; top_surface_speed = 120
; travel_acceleration = 10000
; travel_jerk = 12
; travel_slope = 3
; travel_speed = 500
; travel_speed_z = 0
; tree_support_adaptive_layer_height = 1
; tree_support_angle_slow = 25
; tree_support_auto_brim = 1
; tree_support_branch_angle = 45
; tree_support_branch_angle_organic = 40
; tree_support_branch_diameter = 5
; tree_support_branch_diameter_angle = 5
; tree_support_branch_diameter_organic = 2
; tree_support_branch_distance = 5
; tree_support_branch_distance_organic = 1
; tree_support_brim_width = 3
; tree_support_tip_diameter = 0.8
; tree_support_top_rate = 30%
; tree_support_wall_count = 0
; upward_compatible_machine = 
; use_firmware_retraction = 0
; use_relative_e_distances = 1
; wall_direction = auto
; wall_distribution_count = 1
; wall_filament = 1
; wall_generator = classic
; wall_loops = 2
; wall_sequence = inner wall/outer wall
; wall_transition_angle = 10
; wall_transition_filter_deviation = 25%
; wall_transition_length = 100%
; wipe = 1
; wipe_before_external_loop = 0
; wipe_distance = 2
; wipe_on_loops = 0
; wipe_speed = 200
; wipe_tower_bridging = 10
; wipe_tower_cone_angle = 0
; wipe_tower_extra_flow = 100%
; wipe_tower_extra_spacing = 100%
; wipe_tower_filament = 0
; wipe_tower_max_purge_speed = 90
; wipe_tower_no_sparse_layers = 0
; wipe_tower_rotation_angle = 0
; wipe_tower_x = 165.000
; wipe_tower_x = 165
; wipe_tower_y = 250.000
; wipe_tower_y = 250
; wiping_volumes_extruders = 70,70,70,70,70,70,70,70,70,70
; xy_contour_compensation = 0
; xy_hole_compensation = 0
; z_hop = 0.4
; z_hop_types = Auto Lift
; z_offset = 0
; first_layer_bed_temperature = 55
; bed_shape = -110x-110,110x-110,110x110,-110x110
; first_layer_temperature = 220
; first_layer_height = 0.200
; CONFIG_BLOCK_END


