; HEADER_BLOCK_START
; generated by OrcaSlicer 2.3.0 on 2026-01-07 at 16:18:48
; total layer number: 15
;_GP_TOTAL_LAYER_NUMBER_PLACEHOLDER
; filament_density: 1.24
; filament_diameter: 1.75
; max_z_height: 3.00
; HEADER_BLOCK_END

; THUMBNAIL_BLOCK_START

;
; thumbnail begin 140x110 2116
; iVBORw0KGgoAAAANSUhEUgAAAIwAAABuCAYAAAD1TPu3AAAF+klEQVR4Ae2dW2sUSxSF++G8nEMO4i
; XJJJlJooLgg+BDBH1QFB9EEAU1EmM0ibdovDKJd4Oj4g1REJ988qf4U+antLMba6i01d1VTdfu3dPr
; g0LQDD1Yi1WratfuBAEAAAAAAAAAADAQbD11orP7x9eQ/gwASOKf7dumlVjUmHr/skt/HwCgQ6Igce
; hi0QfcBkSYXCVpjK+t/gpAfclyFdOgn/93z+6jAagXtq6CJarmuCxBcJuaQ5PrugTBbWpIka6CQDzg
; 5Am2WaPVeRI2Vq+GYw9Wwtarx1iiBgFfrjL1qRPumDsb7pg/F44sz4ejN66EzZdrm35mZOnizwBUBx
; ILLRE+lp7J108NgmkjEFcV31mFRvPZw2hJatxa2rQkIRBXCNMStPPbB6/CsV7GUI+ShSnYtmjp6C0b
; Y/dXwukvb0UIB25TMkmuMtFbMkgsNBq3lqPRfN4WIRpsv0vC5CoklpGr832x6IKhMbF+N9z1/WPpok
; EgZibLVdT4b9/eztDM/g6JhZYmCWLRv28A/JK0BNGORRfK1jMnu/rnOHZOLmJRLhgAf5jqQCZX2XL8
; SD8jcJQEXF1F/64BKB6bYGtyFV+FxrxiyXJBUAC2wVb/z5fkKjYuCArA1lVUsNU/J8lVslwQFICpDl
; Q1V5n69Cr1+4KCME26yVWGDs70q8E+C41FuErcBUEB5A22UrfLcBWPmHJHlqX7WoJo0vMc7mW5ICgA
; F1fhCLZKpKM3F6MbdbYCG2/fhqv4RuJ2WZ2TkGBUKSGtyo1gy4Tk7TJ9D10wJqexcUFQAFWpA5Ewk6
; raCLZM2NaBOJagPKEW22UmpNWB6LnDly9E92JcxII6EAPSgi09m55HgrEJtTYuCApCarClnY0STNql
; KtSBmKBJpyYuKa6SmEd6SxKCbcn8f+jAUp4LTqgD1Yy8wZYE5mPi6bmN28tOrSVwFSYk1YF0Rxu5th
; BlFJsjflxwYkBaHSjuFEowaf1ICLZMVOGCE/U7pzkM6kBMVOnapMt2GcG2YKTVgZov2s790gi2TJgc
; oqw6UF+kC7PW/dLYLjMhsR8oLpisI37UgZiQ3g8UnbX8EUxSsEUdiImqBFt63tSHDaslCELxQNISlB
; UUfWWVyXcvcn0OwZaBvI3u8UJjUWKh3EEvHLS9t4Jgy4TEYNs/3u8JxubeClyFCWl1oL++hyYYl2CL
; OlDBVKXRnZ5F5ywmd0GwZUJSHSjv68NQB2JCUqN7JNLrC86XsRFsGUhagrJaPH1fxlantTaXsRFsmU
; h64XHZwZaWFdvjfTS6M5B3u8wZbNVl7CSxoNGdiUF4L5x67TvE4hlJ22V6Nv0CKtfL2NguMyDtglP8
; tNbmMjaCLROSGt3jYlWCcb2Mje2yB6rwwuPmxnpmSyouODFQpWCbJE5ccGICLzwGVkiqA6lJR0uqUE
; x9yGU2uqtJVx2GWbf3EWyZkPrC4/4uSGtJTSokwlWYSMod8Z1FmcF2fO1OFxecSsZ20un4nCPYTn9+
; nfrvSaJGsGXANXfQZFG+8RlshxfnnH5fIi44MSGp+KccjCabBJPVNJbmKgi2BSOtUhx3C10waSe2cB
; UGJB2oJYrmz2Vs29eoY7vsAcmuYjtQB2JC4jF94841pxNb1IGYkOYqKneMXr9sdW8F22UmpC5BallR
; gsm6t4Jgy8TYvZtdaWLRR9qJLYJtCaTVWiQPuEpJ2PTfSBuoA5WIEozNiakEV0GwFUBcNHYtou/Dyb
; fPwtbGOotYUAcSxrbTJ3/Zus0k1XLmzobDC7O9SbwUjq4selvOUAcSTlw0pkA83l79SzCtN0+9iAWu
; UgHibhNfoqKJXLrYF8zY3RuFiwWN7hVjaGZ/J+428YMzX22sqANVmOFLs13XQJx3oNF9QNhy7PBPn9
; tvbJcHFFMgzvs+OATbmmAKxKbXpOdxFdSBBhib7TeCLdhEnkCMOlDNMW2/ba8iwFVqjKkepQIxgi0w
; YqpHTTy6h2AL0tEFQ71DcBWQiXIbJRjUgUAmFIi3nz8NVwEAAAAAAAAAMED8BtBNarmLHGuAAAAAAE
; lFTkSuQmCC
; thumbnail end
; THUMBNAIL_BLOCK_END

; external perimeters extrusion width = 0.62mm
; perimeters extrusion width = 0.62mm
; infill extrusion width = 0.62mm
; solid infill extrusion width = 0.62mm
; top infill extrusion width = 0.62mm
; first layer extrusion width = 0.65mm

; EXECUTABLE_BLOCK_START
M73 P0 R9
M106 S0
M106 P2 S0
;TYPE:Custom
M190 S55
M104 S220
G90
M83
G1 Z5 F6000
G1 E-0.2 F800
G1 X110 Y-110 F6000
G1 E2 F800
M73 P0 R8
G1 Y-110 X55 Z0.25 F4800
G1 X-55 E8 F2400
G1 Y-109.6 F2400
M73 P1 R8
G1 X55 E5 F2400
G1 Y-110 X55 Z0.45 F4800
G1 X-55 E8 F2400
G1 Y-109.6 F2400
M73 P2 R8
G1 X55 E5 F2400
G92 E0
G90
G21
M83 ; use relative distances for extrusion
; filament start gcode
;right_extruder_material: PLA
SET_PRESSURE_ADVANCE ADVANCE=0.025; Override pressure advance value
M106 S0
M106 P2 S0
;LAYER_CHANGE
;Z:0.2
;HEIGHT:0.2
;BEFORE_LAYER_CHANGE
;0.2
G1 E-1.2 F2100
;AFTER_LAYER_CHANGE
;0.2
;_SET_FAN_SPEED_CHANGING_LAYER
SET_VELOCITY_LIMIT ACCEL=500
G1 X1.625 Y-7.975 F30000
G1 Z.6
G1 Z.2
G1 E1.2 F2100
;TYPE:Outer wall
;WIDTH:0.65
G1 F2700
G1 X4.575 Y-7.975 E.14593
G1 X4.575 Y-4.025 E.1954
G1 X1.625 Y-4.025 E.14593
G1 X1.625 Y-7.939 E.19362
G1 E-1.2 F2100
;WIPE_START
G1 F2700
G1 X3.625 Y-7.963
;WIPE_END
G1 X7.725 Y-4.025 Z.6 F30000
G1 Z.2
G1 E1.2 F2100
G1 F2700
G1 X7.725 Y-7.975 E.1954
G1 X10.675 Y-7.975 E.14593
G1 X10.675 Y-4.025 E.1954
M73 P3 R8
G1 X7.761 Y-4.025 E.14415
G1 E-1.2 F2100
;WIPE_START
G1 F2700
G1 X7.743 Y-6.025
;WIPE_END
G1 X13.825 Y-7.975 Z.6 F30000
G1 Z.2
G1 E1.2 F2100
G1 F2700
G1 X16.775 Y-7.975 E.14593
G1 X16.775 Y-4.025 E.1954
G1 X13.825 Y-4.025 E.14593
G1 X13.825 Y-7.939 E.19362
G1 E-1.2 F2100
;WIPE_START
G1 F2700
G1 X15.825 Y-7.963
;WIPE_END
G1 X19.925 Y-7.975 Z.6 F30000
G1 Z.2
G1 E1.2 F2100
G1 F2700
G1 X22.875 Y-7.975 E.14593
G1 X22.875 Y-4.025 E.1954
G1 X19.925 Y-4.025 E.14593
G1 X19.925 Y-7.939 E.19362
G1 E-1.2 F2100
;WIPE_START
G1 F2700
G1 X21.925 Y-7.963
;WIPE_END
G1 X26.025 Y-4.025 Z.6 F30000
G1 Z.2
G1 E1.2 F2100
G1 F2700
G1 X26.025 Y-7.975 E.1954
G1 X28.975 Y-7.975 E.14593
G1 X28.975 Y-4.025 E.1954
G1 X26.061 Y-4.025 E.14415
G1 E-1.2 F2100
;WIPE_START
G1 F2700
G1 X26.043 Y-6.025
;WIPE_END
G1 X33.049 Y-2.998 Z.6 F30000
G1 X40.023 Y.015 Z.6
G1 Z.2
G1 E1.2 F2100
G1 F2700
G1 X40.021 Y0 E.00072
G1 X40.088 Y-.512 E.02556
G1 X40.286 Y-.99 E.02556
G1 X40.601 Y-1.399 E.02556
G1 X41.01 Y-1.714 E.02556
G1 X41.488 Y-1.912 E.02556
G1 X41.964 Y-1.974 E.02379
G1 X42.509 Y-1.913 E.02713
G1 X42.99 Y-1.714 E.02571
G1 X43.4 Y-1.399 E.02559
G1 X43.714 Y-.985 E.02569
G1 X43.892 Y-.532 E.02408
G1 X43.949 Y-.003 E.02633
G1 X43.904 Y.5 E.02498
G1 X43.714 Y.985 E.02579
G1 X43.4 Y1.399 E.02569
G1 X42.99 Y1.714 E.02559
G1 X42.512 Y1.912 E.02556
G1 X42 Y1.979 E.02556
G1 X41.488 Y1.912 E.02556
G1 X41.01 Y1.714 E.02556
G1 X40.601 Y1.399 E.02556
G1 X40.286 Y.99 E.02556
G1 X40.088 Y.512 E.02556
G1 X40.028 Y.05 E.02305
G1 E-1.2 F2100
;WIPE_START
G1 F2700
G1 X40.021 Y0
G1 X40.088 Y-.512
G1 X40.286 Y-.99
G1 X40.601 Y-1.399
G1 X40.917 Y-1.643
;WIPE_END
G1 X33.358 Y-2.695 Z.6 F30000
G1 X-4.575 Y-7.975 Z.6
G1 Z.2
G1 E1.2 F2100
G1 F2700
G1 X-1.625 Y-7.975 E.14593
G1 X-1.625 Y-4.025 E.1954
G1 X-4.575 Y-4.025 E.14593
M73 P4 R8
G1 X-4.575 Y-7.939 E.19362
G1 E-1.2 F2100
;WIPE_START
G1 F2700
G1 X-2.575 Y-7.963
;WIPE_END
G1 X-10.208 Y-7.974 Z.6 F30000
G1 X-10.675 Y-7.975 Z.6
G1 Z.2
G1 E1.2 F2100
G1 F2700
G1 X-7.725 Y-7.975 E.14593
G1 X-7.725 Y-4.025 E.1954
G1 X-10.675 Y-4.025 E.14593
G1 X-10.675 Y-7.939 E.19362
G1 E-1.2 F2100
;WIPE_START
G1 F2700
G1 X-8.675 Y-7.963
;WIPE_END
G1 X-15.628 Y-4.816 Z.6 F30000
G1 X-17.375 Y-4.025 Z.6
G1 Z.2
G1 E1.2 F2100
G1 F2700
G1 X-17.375 Y-7.975 E.1954
G1 X-14.425 Y-7.975 E.14593
G1 X-14.425 Y-4.025 E.1954
G1 X-17.339 Y-4.025 E.14415
G1 E-1.2 F2100
;WIPE_START
G1 F2700
G1 X-17.357 Y-6.025
;WIPE_END
G1 X-22.875 Y-4.025 Z.6 F30000
G1 Z.2
G1 E1.2 F2100
G1 F2700
G1 X-22.875 Y-7.975 E.1954
G1 X-19.925 Y-7.975 E.14593
G1 X-19.925 Y-4.025 E.1954
G1 X-22.839 Y-4.025 E.14415
G1 E-1.2 F2100
;WIPE_START
G1 F2700
G1 X-22.857 Y-6.025
;WIPE_END
G1 X-28.975 Y-4.025 Z.6 F30000
G1 Z.2
G1 E1.2 F2100
G1 F2700
G1 X-28.975 Y-7.975 E.1954
G1 X-26.025 Y-7.975 E.14593
G1 X-26.025 Y-4.025 E.1954
G1 X-28.939 Y-4.025 E.14415
G1 X-28.975 Y-3.418 F30000
;TYPE:Inner wall
G1 F2700
G1 X-25.418 Y-3.418 E.17597
G1 X-25.418 Y-8.918 E.27208
G1 X-23.482 Y-8.918 E.09576
G1 X-23.482 Y-3.418 E.27208
G1 X-19.318 Y-3.418 E.206
G1 X-19.318 Y-8.918 E.27208
G1 X-17.982 Y-8.918 E.06608
M73 P5 R8
G1 X-17.982 Y-3.418 E.27208
G1 X-13.818 Y-3.418 E.206
G1 X-13.818 Y-8.918 E.27208
G1 X-11.282 Y-8.918 E.12545
G1 X-11.282 Y-3.418 E.27208
G1 X-7.118 Y-3.418 E.206
G1 X-7.118 Y-8.918 E.27208
G1 X-5.182 Y-8.918 E.09576
G1 X-5.182 Y-3.418 E.27208
G1 X-1.018 Y-3.418 E.206
G1 X-1.018 Y-8.918 E.27208
G1 X1.018 Y-8.918 E.10071
G1 X1.018 Y-3.418 E.27208
G1 X5.182 Y-3.418 E.206
G1 X5.182 Y-8.918 E.27208
G1 X7.118 Y-8.918 E.09576
G1 X7.118 Y-3.418 E.27208
G1 X11.282 Y-3.418 E.206
G1 X11.282 Y-8.918 E.27208
G1 X13.218 Y-8.918 E.09576
G1 X13.218 Y-3.418 E.27208
G1 X17.382 Y-3.418 E.206
G1 X17.382 Y-8.918 E.27208
G1 X19.318 Y-8.918 E.09576
G1 X19.318 Y-3.418 E.27208
G1 X23.482 Y-3.418 E.206
G1 X23.482 Y-8.918 E.27208
G1 X25.418 Y-8.918 E.09576
G1 X25.418 Y-3.418 E.27208
G1 X29.582 Y-3.418 E.206
G1 X29.582 Y-8.918 E.27208
G1 X43.918 Y-8.918 E.70918
G1 X43.919 Y-1.765 E.35383
G1 X43.296 Y-2.244 E.03886
M73 P6 R8
G1 X42.663 Y-2.506 E.03391
G1 X41.959 Y-2.586 E.03504
G1 X41.329 Y-2.503 E.03141
G1 X40.704 Y-2.244 E.03347
G1 X40.168 Y-1.832 E.03347
G1 X39.756 Y-1.296 E.03347
G1 X39.497 Y-.671 E.03347
G1 X39.409 Y0 E.03347
G1 X39.497 Y.671 E.03347
G1 X39.756 Y1.296 E.03347
G1 X40.168 Y1.832 E.03347
G1 X40.704 Y2.244 E.03347
G1 X41.329 Y2.503 E.03347
G1 X42 Y2.591 E.03347
G1 X42.671 Y2.503 E.03347
G1 X43.296 Y2.244 E.03348
G1 X43.918 Y1.766 E.03881
G1 X43.918 Y8.918 E.3538
G1 X32.082 Y8.918 E.58551
G1 X32.082 Y3.418 E.27208
G1 X-32.082 Y3.418 E3.17416
G1 X-32.082 Y8.918 E.27208
G1 X-43.918 Y8.918 E.58551
G1 X-43.918 Y1.766 E.3538
G1 X-43.296 Y2.244 E.03881
G1 X-42.671 Y2.503 E.03348
G1 X-42 Y2.591 E.03347
G1 X-41.329 Y2.503 E.03347
G1 X-40.704 Y2.244 E.03347
G1 X-40.168 Y1.832 E.03347
G1 X-39.756 Y1.296 E.03347
G1 X-39.497 Y.671 E.03347
G1 X-39.409 Y0 E.03347
G1 X-39.497 Y-.671 E.03347
G1 X-39.756 Y-1.296 E.03347
G1 X-40.168 Y-1.832 E.03347
G1 X-40.704 Y-2.244 E.03347
G1 X-41.337 Y-2.506 E.0339
G1 X-42.041 Y-2.586 E.03504
G1 X-42.671 Y-2.503 E.03141
G1 X-43.296 Y-2.244 E.03348
G1 X-43.918 Y-1.766 E.03881
G1 X-43.918 Y-8.918 E.3538
G1 X-29.582 Y-8.918 E.70919
G1 X-29.582 Y-3.418 E.27208
G1 X-29.011 Y-3.418 E.02825
G1 E-1.2 F2100
;WIPE_START
G1 F2700
G1 X-27.011 Y-3.418
;WIPE_END
G1 X-19.532 Y-1.897 Z.6 F30000
G1 X31.475 Y8.475 Z.6
G1 Z.2
M73 P7 R8
G1 E1.2 F2100
;TYPE:Outer wall
G1 F2700
G1 X-31.475 Y8.475 E3.11409
G1 X-31.475 Y4.025 E.22014
G1 X31.475 Y4.025 E3.11409
G1 X31.475 Y8.439 E.21836
G1 E-1.2 F2100
;WIPE_START
G1 F2700
G1 X29.475 Y8.44
;WIPE_END
G1 X21.905 Y7.464 Z.6 F30000
G1 X-43.705 Y-.997 Z.6
G1 Z.2
G1 E1.2 F2100
G1 F2700
G1 X-43.4 Y-1.399 E.02493
G1 X-42.99 Y-1.714 E.02559
G1 X-42.512 Y-1.912 E.02556
G1 X-42.036 Y-1.974 E.02379
G1 X-41.491 Y-1.913 E.02713
G1 X-41.01 Y-1.714 E.02571
G1 X-40.601 Y-1.399 E.02556
G1 X-40.286 Y-.99 E.02556
G1 X-40.088 Y-.512 E.02556
G1 X-40.021 Y0 E.02556
G1 X-40.088 Y.512 E.02556
G1 X-40.286 Y.99 E.02556
G1 X-40.601 Y1.399 E.02556
G1 X-41.01 Y1.714 E.02556
G1 X-41.488 Y1.912 E.02556
G1 X-42 Y1.979 E.02556
G1 X-42.512 Y1.912 E.02556
G1 X-42.99 Y1.714 E.02556
G1 X-43.4 Y1.399 E.02559
G1 X-43.714 Y.985 E.02569
G1 X-43.904 Y.5 E.02579
G1 X-43.949 Y0 E.02483
G1 X-43.904 Y-.5 E.02483
G1 X-43.722 Y-.966 E.02476
G1 E-1.2 F2100
;WIPE_START
G1 F2700
G1 X-43.4 Y-1.399
G1 X-42.99 Y-1.714
G1 X-42.512 Y-1.912
G1 X-42.089 Y-1.967
;WIPE_END
G1 X-34.486 Y-2.631 Z.6 F30000
G1 X44.525 Y-9.525 Z.6
M73 P8 R8
G1 Z.2
G1 E1.2 F2100
G1 F2700
G1 X44.525 Y-2.5 E.34753
G1 X44.527 Y-.995 E.07442
G1 X44.553 Y.001 E.04932
G1 X44.525 Y1.497 E.074
G1 X44.525 Y9.525 E.39714
G1 X-44.525 Y9.525 E4.40524
G1 X-44.525 Y1.497 E.39714
G1 X-44.553 Y0 E.07407
G1 X-44.525 Y-1.497 E.07407
G1 X-44.525 Y-9.525 E.39714
G1 X44.489 Y-9.525 E4.40346
G1 E-1.2 F2100
M73 P9 R8
;WIPE_START
G1 F2700
G1 X44.499 Y-7.525
;WIPE_END
G1 X43.797 Y-1.434 Z.6 F30000
G1 Z.2
G1 E1.2 F2100
;TYPE:Gap infill
;WIDTH:0.162427
G1 F2700
G1 X43.921 Y-1.309 E.00171
;WIDTH:0.183181
G1 X44.045 Y-1.184 E.00201
;WIDTH:0.208612
G1 X44.226 Y-.974 E.00374
G1 X44.161 Y-.863 F30000
;WIDTH:0.144659
G1 F2700
G1 X44.2 Y-.667 E.00166
G1 X44.161 Y-.863 F30000
;WIDTH:0.191478
G1 F2700
G1 X44.122 Y-1.06 E.00243
;WIDTH:0.214888
G1 X44.083 Y-1.257 E.00281
G1 E-1.2 F2100
;WIPE_START
G1 F2700
G1 X44.122 Y-1.06
;WIPE_END
G1 X44.205 Y.652 Z.6 F30000
G1 Z.2
G1 E1.2 F2100
;WIDTH:0.144896
G1 F2700
G1 X44.165 Y.853 E.0017
;WIDTH:0.192848
G1 X44.126 Y1.054 E.0025
;WIDTH:0.216824
G1 X44.086 Y1.255 E.0029
G1 X44.045 Y1.184 F30000
;WIDTH:0.183194
G1 F2700
G1 X43.921 Y1.309 E.00201
;WIDTH:0.162436
G1 X43.797 Y1.434 E.00172
G1 X44.045 Y1.184 F30000
;WIDTH:0.208642
G1 F2700
G1 X44.232 Y.968 E.00385
G1 E-1.2 F2100
;WIPE_START
G1 F2700
G1 X44.045 Y1.184
;WIPE_END
G1 X37.609 Y5.285 Z.6 F30000
G1 X31.779 Y9 Z.6
G1 Z.2
G1 E1.2 F2100
;WIDTH:0.485842
G1 F2700
G1 X-31.779 Y9 E2.29394
G1 E-1.2 F2100
;WIPE_START
G1 F2700
G1 X-29.779 Y9
;WIPE_END
G1 X-36.495 Y5.375 Z.6 F30000
G1 X-43.797 Y1.434 Z.6
G1 Z.2
G1 E1.2 F2100
;WIDTH:0.141678
G1 F2700
G1 X-43.921 Y1.309 E.00142
;WIDTH:0.183195
G1 X-44.045 Y1.184 E.00201
;WIDTH:0.203955
G1 X-44.232 Y.968 E.00374
G1 X-44.165 Y.853 F30000
;WIDTH:0.192849
G1 F2700
G1 X-44.125 Y1.054 E.0025
;WIDTH:0.240801
G1 X-44.086 Y1.255 E.00331
G1 X-44.165 Y.853 F30000
;WIDTH:0.168873
G1 F2700
G1 X-44.205 Y.652 E.0021
G1 E-1.2 F2100
;WIPE_START
G1 F2700
G1 X-44.165 Y.853
;WIPE_END
G1 X-44.205 Y-.652 Z.6 F30000
G1 Z.2
G1 E1.2 F2100
;WIDTH:0.168871
G1 F2700
G1 X-44.165 Y-.853 E.0021
;WIDTH:0.192847
G1 X-44.126 Y-1.054 E.0025
;WIDTH:0.240799
G1 X-44.086 Y-1.255 E.0033
G1 X-44.045 Y-1.184 F30000
;WIDTH:0.20395
G1 F2700
G1 X-44.232 Y-.968 E.00374
G1 X-44.045 Y-1.184 F30000
;WIDTH:0.183192
G1 F2700
G1 X-43.921 Y-1.309 E.00201
;WIDTH:0.141677
G1 X-43.797 Y-1.434 E.00142
G1 E-1.2 F2100
;WIPE_START
G1 F2700
G1 X-43.921 Y-1.309
;WIPE_END
G1 X-37.266 Y-5.046 Z.6 F30000
G1 X-30.696 Y-8.736 Z.6
G1 Z.2
G1 E1.2 F2100
;TYPE:Bottom surface
;WIDTH:0.65187
G1 F3900
G1 X-30.037 Y-8.077 E.04622
G1 X-30.037 Y-7.216 E.04273
M73 P10 R8
G1 X-31.284 Y-8.463 E.08749
G1 X-32.145 Y-8.463 E.04273
G1 X-30.037 Y-6.355 E.14792
G1 X-30.037 Y-5.494 E.04273
G1 X-33.006 Y-8.463 E.20836
G1 X-33.868 Y-8.463 E.04273
G1 X-29.764 Y-4.359 E.28796
G1 E-1.2 F2100
;WIPE_START
G1 F3900
G1 X-31.178 Y-5.773
;WIPE_END
G1 X-24.668 Y-8.736 Z.6 F30000
G1 Z.2
G1 E1.2 F2100
G1 F3900
G1 X-23.937 Y-8.005 E.05126
G1 X-23.937 Y-7.144 E.04273
G1 X-24.963 Y-8.169 E.07195
G1 X-24.963 Y-7.308 E.04273
G1 X-23.937 Y-6.283 E.07195
G1 X-23.937 Y-5.422 E.04273
G1 X-24.963 Y-6.447 E.07195
G1 X-24.963 Y-5.586 E.04273
G1 X-23.664 Y-4.287 E.09112
G1 E-1.2 F2100
;WIPE_START
G1 F3900
G1 X-24.963 Y-5.586
G1 X-24.963 Y-5.75
;WIPE_END
G1 X-17.544 Y-7.543 Z.6 F30000
G1 X-12.611 Y-8.736 Z.6
G1 Z.2
G1 E1.2 F2100
G1 F3900
G1 X-11.737 Y-7.862 E.06132
G1 X-11.737 Y-7.001 E.04273
G1 X-13.199 Y-8.463 E.10258
G1 X-13.363 Y-8.463 E.00811
G1 X-13.363 Y-7.765 E.03462
G1 X-11.737 Y-6.14 E.11405
G1 X-11.737 Y-5.278 E.04273
G1 X-13.363 Y-6.904 E.11405
G1 X-13.363 Y-6.042 E.04273
G1 X-11.464 Y-4.144 E.13322
G1 E-1.2 F2100
;WIPE_START
G1 F3900
G1 X-12.878 Y-5.558
;WIPE_END
G1 X-6.583 Y-8.736 Z.6 F30000
G1 Z.2
G1 E1.2 F2100
G1 F3900
G1 X-5.637 Y-7.79 E.06635
G1 X-5.637 Y-6.929 E.04273
G1 X-6.663 Y-7.954 E.07195
G1 X-6.663 Y-7.093 E.04273
G1 X-5.637 Y-6.068 E.07195
G1 X-5.637 Y-5.207 E.04273
G1 X-6.663 Y-6.232 E.07195
G1 X-6.663 Y-5.371 E.04273
G1 X-5.364 Y-4.072 E.09112
G1 E-1.2 F2100
;WIPE_START
G1 F3900
G1 X-6.663 Y-5.371
G1 X-6.663 Y-5.535
;WIPE_END
G1 X-.555 Y-8.736 Z.6 F30000
G1 Z.2
G1 E1.2 F2100
G1 F3900
G1 X.563 Y-7.619 E.0784
G1 X.563 Y-6.757 E.04273
G1 X-.563 Y-7.883 E.07896
G1 X-.563 Y-7.021 E.04273
G1 X.563 Y-5.896 E.07896
G1 X.563 Y-5.035 E.04273
G1 X-.563 Y-6.16 E.07896
G1 X-.563 Y-5.299 E.04273
G1 X.836 Y-3.901 E.09813
G1 E-1.2 F2100
M73 P11 R8
;WIPE_START
G1 F3900
G1 X-.563 Y-5.299
G1 X-.563 Y-5.321
;WIPE_END
G1 X6.278 Y-8.707 Z.6 F30000
G1 X6.335 Y-8.736 Z.6
G1 Z.2
G1 E1.2 F2100
G1 F3900
G1 X6.663 Y-8.408 E.023
G1 X6.663 Y-7.547 E.04273
G1 X5.747 Y-8.463 E.06426
G1 X5.637 Y-8.463 E.00543
G1 X5.637 Y-7.711 E.0373
G1 X6.663 Y-6.686 E.07195
G1 X6.663 Y-5.825 E.04273
G1 X5.637 Y-6.85 E.07195
G1 X5.637 Y-5.989 E.04273
G1 X6.663 Y-4.963 E.07195
G1 X6.663 Y-4.102 E.04273
G1 X5.364 Y-5.401 E.09112
G1 E-1.2 F2100
;WIPE_START
G1 F3900
G1 X6.663 Y-4.102
G1 X6.663 Y-4.266
;WIPE_END
G1 X12.363 Y-8.736 Z.6 F30000
G1 Z.2
G1 E1.2 F2100
G1 F3900
G1 X12.763 Y-8.336 E.02803
G1 X12.763 Y-7.475 E.04273
G1 X11.775 Y-8.463 E.06929
G1 X11.737 Y-8.463 E.00188
G1 X11.737 Y-7.639 E.04086
G1 X12.763 Y-6.614 E.07195
G1 X12.763 Y-5.753 E.04273
M73 P11 R7
G1 X11.737 Y-6.778 E.07195
G1 X11.737 Y-5.917 E.04273
G1 X12.763 Y-4.892 E.07195
G1 X12.763 Y-4.03 E.04273
G1 X11.464 Y-5.329 E.09112
G1 E-1.2 F2100
;WIPE_START
G1 F3900
G1 X12.763 Y-4.03
G1 X12.763 Y-4.194
;WIPE_END
G1 X18.391 Y-8.736 Z.6 F30000
G1 Z.2
G1 E1.2 F2100
G1 F3900
G1 X18.863 Y-8.265 E.03306
G1 X18.863 Y-7.403 E.04273
G1 X17.837 Y-8.429 E.07195
G1 X17.837 Y-7.568 E.04273
G1 X18.863 Y-6.542 E.07195
G1 X18.863 Y-5.681 E.04273
G1 X17.837 Y-6.706 E.07195
G1 X17.837 Y-5.845 E.04273
G1 X18.863 Y-4.82 E.07195
G1 X18.863 Y-3.959 E.04273
G1 X17.564 Y-5.257 E.09112
G1 E-1.2 F2100
;WIPE_START
G1 F3900
G1 X18.863 Y-3.959
G1 X18.863 Y-4.123
;WIPE_END
G1 X24.42 Y-8.736 Z.6 F30000
G1 Z.2
G1 E1.2 F2100
G1 F3900
G1 X24.963 Y-8.193 E.03809
G1 X24.963 Y-7.332 E.04273
G1 X23.937 Y-8.357 E.07195
G1 X23.937 Y-7.496 E.04273
G1 X24.963 Y-6.471 E.07195
G1 X24.963 Y-5.609 E.04273
G1 X23.937 Y-6.635 E.07195
G1 X23.937 Y-5.773 E.04273
G1 X24.963 Y-4.748 E.07195
G1 X24.963 Y-3.887 E.04273
G1 X23.664 Y-5.185 E.09112
G1 E-1.2 F2100
;WIPE_START
G1 F3900
G1 X24.963 Y-3.887
G1 X24.963 Y-4.051
;WIPE_END
G1 X32.337 Y-6.02 Z.6 F30000
G1 X42.505 Y-8.736 Z.6
G1 Z.2
M73 P12 R7
G1 E1.2 F2100
G1 F3900
G1 X43.463 Y-7.778 E.06724
G1 X43.463 Y-6.916 E.04274
G1 X41.917 Y-8.463 E.10851
G1 X41.055 Y-8.463 E.04273
G1 X43.463 Y-6.055 E.16895
G1 X43.463 Y-5.194 E.04274
G1 X40.194 Y-8.463 E.22939
G1 X39.333 Y-8.463 E.04273
G1 X43.463 Y-4.332 E.28984
G1 X43.463 Y-3.471 E.04274
G1 X38.472 Y-8.463 E.35028
G1 X37.611 Y-8.463 E.04273
G1 X43.365 Y-2.708 E.40381
G1 X42.778 Y-2.952 E.03155
G1 X42.195 Y-3.018 E.02911
G1 X36.75 Y-8.463 E.38211
G1 X35.888 Y-8.463 E.04273
G1 X41.382 Y-2.969 E.3855
G1 X41.21 Y-2.947 E.00857
G1 X40.739 Y-2.751 E.02534
G1 X35.027 Y-8.463 E.4008
G1 X34.166 Y-8.463 E.04273
G1 X40.199 Y-2.43 E.42334
G1 X39.843 Y-2.157 E.02225
G1 X39.742 Y-2.026 E.00823
G1 X33.305 Y-8.463 E.45173
G1 X32.444 Y-8.463 E.04273
G1 X39.368 Y-1.538 E.48592
G1 X39.113 Y-.933 E.03262
G1 X31.582 Y-8.463 E.52843
G1 X30.721 Y-8.463 E.04273
G1 X39.231 Y.047 E.59718
G1 E-1.2 F2100
;WIPE_START
G1 F3900
G1 X37.817 Y-1.367
;WIPE_END
G1 X42.723 Y2.678 Z.6 F30000
G1 Z.2
G1 E1.2 F2100
G1 F3900
G1 X43.463 Y3.418 E.05188
G1 X43.463 Y4.279 E.04273
G1 X41.953 Y2.769 E.10596
G1 E-1.2 F2100
;WIPE_START
G1 F3900
G1 X43.367 Y4.183
;WIPE_END
G1 X43.736 Y5.413 Z.6 F30000
G1 Z.2
G1 E1.2 F2100
G1 F3900
G1 X41.278 Y2.956 E.17246
G1 X41.21 Y2.947 E.0034
G1 X40.475 Y2.642 E.03952
G1 X39.843 Y2.157 E.03952
G1 X39.358 Y1.525 E.03952
G1 X39.053 Y.79 E.03952
G1 X39.044 Y.722 E.0034
G1 X30.037 Y-8.285 E.63207
G1 X30.037 Y-7.424 E.04273
M73 P13 R7
G1 X43.463 Y6.001 E.94213
G1 X43.463 Y6.862 E.04273
G1 X30.037 Y-6.563 E.94213
G1 X30.037 Y-5.702 E.04273
G1 X43.463 Y7.724 E.94213
G1 X43.463 Y8.463 E.03667
G1 X43.341 Y8.463 E.00606
G1 X30.037 Y-4.841 E.93356
G1 X30.037 Y-3.979 E.04273
G1 X42.479 Y8.463 E.87313
G1 X41.618 Y8.463 E.04273
G1 X30.037 Y-3.118 E.81269
G1 X30.037 Y-2.963 E.00772
G1 X29.332 Y-2.963 E.03501
G1 X40.757 Y8.463 E.80177
G1 X39.896 Y8.463 E.04273
G1 X28.471 Y-2.963 E.80177
G1 X27.609 Y-2.963 E.04273
G1 X39.035 Y8.463 E.80177
G1 X38.173 Y8.463 E.04273
G1 X26.748 Y-2.963 E.80177
G1 X25.887 Y-2.963 E.04273
G1 X31.812 Y2.963 E.41581
G1 X32.537 Y2.963 E.03598
G1 X32.537 Y3.688 E.03598
G1 X37.312 Y8.463 E.33508
G1 X36.451 Y8.463 E.04273
G1 X32.537 Y4.549 E.27465
G1 X32.537 Y5.41 E.04273
G1 X35.59 Y8.463 E.21421
G1 X34.729 Y8.463 E.04273
M73 P14 R7
G1 X32.537 Y6.271 E.15378
G1 X32.537 Y7.132 E.04273
G1 X33.868 Y8.463 E.09334
G1 X33.006 Y8.463 E.04273
G1 X32.264 Y7.72 E.05208
G1 E-1.2 F2100
;WIPE_START
G1 F3900
G1 X33.006 Y8.463
G1 X33.868 Y8.463
G1 X33.804 Y8.399
;WIPE_END
G1 X31.224 Y3.236 Z.6 F30000
G1 Z.2
G1 E1.2 F2100
G1 F3900
G1 X23.937 Y-4.051 E.51136
G1 X23.937 Y-3.19 E.04273
G1 X30.09 Y2.963 E.43176
G1 X29.229 Y2.963 E.04273
G1 X23.303 Y-2.963 E.41581
G1 X22.442 Y-2.963 E.04273
G1 X28.368 Y2.963 E.41581
G1 X27.506 Y2.963 E.04273
G1 X21.581 Y-2.963 E.41581
G1 X20.72 Y-2.963 E.04273
G1 X26.645 Y2.963 E.41581
G1 X25.784 Y2.963 E.04273
G1 X19.586 Y-3.236 E.43498
G1 E-1.2 F2100
;WIPE_START
G1 F3900
G1 X21 Y-1.822
;WIPE_END
G1 X17.564 Y-4.396 Z.6 F30000
G1 Z.2
G1 E1.2 F2100
G1 F3900
G1 X24.923 Y2.963 E.51639
G1 X24.062 Y2.963 E.04273
G1 X17.837 Y-3.262 E.43679
G1 X17.837 Y-2.963 E.01484
G1 X17.275 Y-2.963 E.0279
G1 X23.2 Y2.963 E.41581
G1 X22.339 Y2.963 E.04273
G1 X16.414 Y-2.963 E.41581
G1 X15.553 Y-2.963 E.04273
G1 X21.478 Y2.963 E.41581
G1 X20.617 Y2.963 E.04273
G1 X14.692 Y-2.963 E.41581
G1 X13.83 Y-2.963 E.04273
G1 X19.756 Y2.963 E.41581
G1 X18.894 Y2.963 E.04273
G1 X11.737 Y-4.194 E.50226
G1 X11.737 Y-3.333 E.04273
M73 P15 R7
G1 X18.033 Y2.963 E.44182
G1 X17.172 Y2.963 E.04273
G1 X11.247 Y-2.963 E.41581
G1 X10.386 Y-2.963 E.04273
G1 X16.311 Y2.963 E.41581
G1 X15.45 Y2.963 E.04273
G1 X9.525 Y-2.963 E.41581
G1 X8.663 Y-2.963 E.04273
G1 X14.589 Y2.963 E.41581
G1 X13.727 Y2.963 E.04273
G1 X7.529 Y-3.236 E.43498
G1 E-1.2 F2100
;WIPE_START
G1 F3900
G1 X8.943 Y-1.822
;WIPE_END
G1 X5.364 Y-4.539 Z.6 F30000
G1 Z.2
G1 E1.2 F2100
G1 F3900
G1 X12.866 Y2.963 E.52646
G1 X12.005 Y2.963 E.04273
G1 X5.637 Y-3.405 E.44685
G1 X5.637 Y-2.963 E.02195
G1 X5.219 Y-2.963 E.02078
G1 X11.144 Y2.963 E.41581
G1 X10.283 Y2.963 E.04273
G1 X4.357 Y-2.963 E.41581
G1 X3.496 Y-2.963 E.04273
G1 X9.421 Y2.963 E.41581
G1 X8.56 Y2.963 E.04273
G1 X2.635 Y-2.963 E.41581
G1 X1.774 Y-2.963 E.04273
G1 X7.699 Y2.963 E.41581
G1 X6.838 Y2.963 E.04273
G1 X-.563 Y-4.438 E.51934
G1 X-.563 Y-3.577 E.04273
G1 X5.977 Y2.963 E.4589
G1 X5.116 Y2.963 E.04273
G1 X-.81 Y-2.963 E.41581
G1 X-1.671 Y-2.963 E.04273
G1 X4.254 Y2.963 E.41581
G1 X3.393 Y2.963 E.04273
M73 P16 R7
G1 X-2.532 Y-2.963 E.41581
G1 X-3.393 Y-2.963 E.04273
G1 X2.532 Y2.963 E.41581
G1 X1.671 Y2.963 E.04273
G1 X-4.528 Y-3.236 E.43498
G1 E-1.2 F2100
;WIPE_START
G1 F3900
G1 X-3.113 Y-1.822
;WIPE_END
G1 X-6.936 Y-4.783 Z.6 F30000
G1 Z.2
G1 E1.2 F2100
G1 F3900
G1 X.81 Y2.963 E.54354
G1 X-.052 Y2.963 E.04273
G1 X-6.663 Y-3.648 E.46393
G1 X-6.663 Y-2.963 E.03403
G1 X-6.838 Y-2.963 E.0087
G1 X-.913 Y2.963 E.41581
G1 X-1.774 Y2.963 E.04273
G1 X-7.699 Y-2.963 E.41581
G1 X-8.56 Y-2.963 E.04273
G1 X-2.635 Y2.963 E.41581
G1 X-3.496 Y2.963 E.04273
G1 X-9.422 Y-2.963 E.41581
G1 X-10.283 Y-2.963 E.04273
G1 X-4.358 Y2.963 E.41581
G1 X-5.219 Y2.963 E.04273
G1 X-11.144 Y-2.963 E.41581
G1 X-11.737 Y-2.963 E.02945
G1 X-11.737 Y-3.556 E.02945
G1 X-13.363 Y-5.181 E.11405
G1 X-13.363 Y-4.32 E.04273
G1 X-6.08 Y2.963 E.51107
G1 X-6.941 Y2.963 E.04273
G1 X-13.363 Y-3.459 E.45064
G1 X-13.363 Y-2.963 E.02463
G1 X-13.727 Y-2.963 E.01811
G1 X-7.802 Y2.963 E.41581
G1 X-8.663 Y2.963 E.04273
G1 X-14.589 Y-2.963 E.41581
G1 X-15.45 Y-2.963 E.04273
G1 X-9.525 Y2.963 E.41581
G1 X-10.386 Y2.963 E.04273
G1 X-16.311 Y-2.963 E.41581
G1 X-17.172 Y-2.963 E.04273
M73 P17 R7
G1 X-11.247 Y2.963 E.41581
G1 X-12.108 Y2.963 E.04273
G1 X-17.809 Y-2.738 E.40005
G1 X-17.809 Y-2.659 E.00392
G1 X-18.591 Y-2.659 E.03882
G1 X-12.969 Y2.963 E.39451
G1 X-13.831 Y2.963 E.04273
G1 X-19.756 Y-2.963 E.41581
G1 X-20.617 Y-2.963 E.04273
G1 X-14.692 Y2.963 E.41581
G1 X-15.553 Y2.963 E.04273
G1 X-21.478 Y-2.963 E.41581
G1 X-22.339 Y-2.963 E.04273
G1 X-16.414 Y2.963 E.41581
G1 X-17.275 Y2.963 E.04273
G1 X-23.201 Y-2.963 E.41581
G1 X-23.937 Y-2.963 E.03656
G1 X-23.937 Y-3.699 E.03656
G1 X-24.963 Y-4.725 E.07195
G1 X-24.963 Y-3.864 E.04273
G1 X-18.136 Y2.963 E.47903
G1 X-18.998 Y2.963 E.04273
G1 X-24.963 Y-3.002 E.41859
G1 X-24.963 Y-2.963 E.00197
G1 X-25.784 Y-2.963 E.04076
G1 X-19.859 Y2.963 E.41581
G1 X-20.72 Y2.963 E.04273
G1 X-26.645 Y-2.963 E.41581
G1 X-27.506 Y-2.963 E.04273
G1 X-21.581 Y2.963 E.41581
G1 X-22.442 Y2.963 E.04273
G1 X-28.641 Y-3.236 E.43498
G1 E-1.2 F2100
;WIPE_START
G1 F3900
G1 X-27.227 Y-1.822
;WIPE_END
G1 X-23.03 Y3.236 Z.6 F30000
G1 Z.2
G1 E1.2 F2100
G1 F3900
G1 X-29.229 Y-2.963 E.43498
G1 X-30.037 Y-2.963 E.04012
G1 X-30.037 Y-3.771 E.04012
G1 X-34.729 Y-8.463 E.32922
G1 X-35.59 Y-8.463 E.04273
G1 X-24.165 Y2.963 E.80177
G1 X-25.026 Y2.963 E.04273
M73 P18 R7
G1 X-36.451 Y-8.463 E.80177
G1 X-37.312 Y-8.463 E.04273
G1 X-25.887 Y2.963 E.80177
G1 X-26.748 Y2.963 E.04273
G1 X-38.174 Y-8.463 E.80177
G1 X-39.035 Y-8.463 E.04273
G1 X-27.61 Y2.963 E.80177
G1 X-28.471 Y2.963 E.04273
G1 X-39.896 Y-8.463 E.80177
G1 X-40.757 Y-8.463 E.04273
G1 X-29.332 Y2.963 E.80177
G1 X-30.193 Y2.963 E.04273
G1 X-41.618 Y-8.463 E.80177
G1 X-42.479 Y-8.463 E.04273
G1 X-31.054 Y2.963 E.80177
G1 X-31.915 Y2.963 E.04273
G1 X-43.341 Y-8.463 E.80177
G1 X-43.463 Y-8.463 E.00605
G1 X-43.463 Y-7.723 E.03668
G1 X-32.537 Y3.202 E.76669
G1 X-32.537 Y4.063 E.04273
G1 X-43.463 Y-6.862 E.76669
G1 X-43.463 Y-6.001 E.04273
G1 X-32.537 Y4.924 E.76669
G1 X-32.537 Y5.785 E.04273
G1 X-39.044 Y-.722 E.45663
G1 X-39.053 Y-.79 E.00341
G1 X-39.358 Y-1.525 E.03952
G1 X-39.843 Y-2.157 E.03952
M73 P19 R7
G1 X-40.475 Y-2.642 E.03952
G1 X-41.222 Y-2.952 E.04016
G1 X-41.281 Y-2.958 E.00293
G1 X-43.463 Y-5.14 E.1531
G1 X-43.463 Y-4.279 E.04273
G1 X-42.207 Y-3.023 E.0881
G1 X-42.79 Y-2.947 E.02914
G1 X-42.933 Y-2.887 E.00768
G1 X-43.736 Y-3.691 E.05637
G1 E-1.2 F2100
;WIPE_START
G1 F3900
G1 X-42.933 Y-2.887
G1 X-42.79 Y-2.947
G1 X-42.207 Y-3.023
G1 X-42.293 Y-3.109
;WIPE_END
G1 X-39.231 Y-.047 Z.6 F30000
G1 Z.2
G1 E1.2 F2100
G1 F3900
G1 X-32.537 Y6.647 E.46974
G1 X-32.537 Y7.508 E.04273
G1 X-39.113 Y.933 E.46142
G1 X-39.368 Y1.538 E.03262
G1 X-32.537 Y8.369 E.47934
G1 X-32.537 Y8.463 E.00465
G1 X-33.305 Y8.463 E.03809
G1 X-39.742 Y2.026 E.45172
G1 X-39.843 Y2.157 E.00823
G1 X-40.199 Y2.43 E.02225
G1 X-34.166 Y8.463 E.42333
G1 X-35.027 Y8.463 E.04273
G1 X-40.739 Y2.751 E.4008
G1 X-41.21 Y2.947 E.02534
G1 X-41.382 Y2.969 E.00858
G1 X-35.888 Y8.463 E.3855
G1 X-36.75 Y8.463 E.04273
G1 X-42.186 Y3.026 E.38151
G1 X-42.79 Y2.947 E.0302
G1 X-43.365 Y2.708 E.03092
G1 X-37.611 Y8.463 E.40382
G1 X-38.472 Y8.463 E.04273
G1 X-43.463 Y3.472 E.35023
G1 X-43.463 Y4.333 E.04273
G1 X-39.333 Y8.463 E.28979
G1 X-40.194 Y8.463 E.04273
G1 X-43.463 Y5.194 E.22936
G1 X-43.463 Y6.055 E.04273
G1 X-41.056 Y8.463 E.16892
G1 X-41.917 Y8.463 E.04273
G1 X-43.463 Y6.917 E.10849
G1 X-43.463 Y7.778 E.04273
G1 X-42.505 Y8.736 E.06722
G1 E-1.2 F2100
;WIPE_START
G1 F3900
G1 X-43.463 Y7.778
G1 X-43.463 Y7.133
;WIPE_END
G1 X-38.379 Y1.44 Z.6 F30000
G1 X-29.279 Y-8.75 Z.6
G1 Z.2
G1 E1.2 F2100
;TYPE:Gap infill
;WIDTH:0.985842
G1 F2700
M73 P20 R7
G1 X-25.721 Y-8.75 E.27331
G1 E-1.2 F2100
;WIPE_START
G1 F2700
G1 X-27.721 Y-8.75
;WIPE_END
G1 X-23.179 Y-8.75 Z.6 F30000
G1 Z.2
G1 E1.2 F2100
G1 F2700
G1 X-19.621 Y-8.75 E.27331
G1 X-18.65 Y-8.614 F30000
;WIDTH:0.771682
G1 F2700
G1 X-18.65 Y-3.114 E.32662
G1 E-1.2 F2100
;WIPE_START
G1 F2700
G1 X-18.65 Y-5.114
;WIPE_END
G1 X-17.679 Y-8.75 Z.6 F30000
G1 Z.2
G1 E1.2 F2100
;WIDTH:0.985842
G1 F2700
G1 X-14.121 Y-8.75 E.27331
G1 E-1.2 F2100
;WIPE_START
G1 F2700
G1 X-16.121 Y-8.75
;WIPE_END
G1 X-10.979 Y-8.75 Z.6 F30000
G1 Z.2
G1 E1.2 F2100
G1 F2700
G1 X-7.421 Y-8.75 E.27331
G1 E-1.2 F2100
;WIPE_START
G1 F2700
G1 X-9.421 Y-8.75
;WIPE_END
G1 X-4.879 Y-8.75 Z.6 F30000
G1 Z.2
G1 E1.2 F2100
G1 F2700
G1 X-1.321 Y-8.75 E.27331
G1 E-1.2 F2100
;WIPE_START
G1 F2700
G1 X-3.321 Y-8.75
;WIPE_END
G1 X1.321 Y-8.75 Z.6 F30000
G1 Z.2
G1 E1.2 F2100
G1 F2700
G1 X4.879 Y-8.75 E.27331
G1 E-1.2 F2100
;WIPE_START
G1 F2700
G1 X2.879 Y-8.75
;WIPE_END
G1 X7.421 Y-8.75 Z.6 F30000
G1 Z.2
G1 E1.2 F2100
G1 F2700
G1 X10.979 Y-8.75 E.27331
G1 E-1.2 F2100
;WIPE_START
G1 F2700
G1 X8.979 Y-8.75
;WIPE_END
G1 X13.521 Y-8.75 Z.6 F30000
G1 Z.2
G1 E1.2 F2100
G1 F2700
G1 X17.079 Y-8.75 E.27331
G1 E-1.2 F2100
;WIPE_START
G1 F2700
G1 X15.079 Y-8.75
;WIPE_END
G1 X19.621 Y-8.75 Z.6 F30000
G1 Z.2
G1 E1.2 F2100
G1 F2700
G1 X23.179 Y-8.75 E.27331
G1 E-1.2 F2100
;WIPE_START
G1 F2700
G1 X21.179 Y-8.75
;WIPE_END
G1 X25.721 Y-8.75 Z.6 F30000
G1 Z.2
G1 E1.2 F2100
G1 F2700
G1 X29.279 Y-8.75 E.27331
M106 S255
M106 P2 S255
;LAYER_CHANGE
;Z:0.4
;HEIGHT:0.2
;BEFORE_LAYER_CHANGE
;0.4
G1 E-1.2 F2100
M73 P21 R7
;WIPE_START
G1 F2700
G1 X27.279 Y-8.75
;WIPE_END
;AFTER_LAYER_CHANGE
;0.4
;_SET_FAN_SPEED_CHANGING_LAYER
SET_VELOCITY_LIMIT ACCEL=10000
M140 S50 ; set bed temperature
G17
G3 Z.8 I-1.184 J.28 P1  F30000
G1 X31.31 Y8.31 Z.8
G1 Z.4
G1 E1.2 F2100
SET_VELOCITY_LIMIT ACCEL=5000
;TYPE:Outer wall
;WIDTH:0.62
G1 F7200
G1 X-31.31 Y8.31 E2.94469
G1 X-31.31 Y4.19 E.19374
G1 X31.31 Y4.19 E2.94469
G1 X31.31 Y8.274 E.19205
SET_VELOCITY_LIMIT ACCEL=10000
G1 E-1.2 F2100
;WIPE_START
G1 F7200
G1 X29.31 Y8.275
;WIPE_END
G1 X21.737 Y7.321 Z.8 F30000
G1 X-43.57 Y-.906 Z.8
G1 Z.4
G1 E1.2 F2100
SET_VELOCITY_LIMIT ACCEL=5000
G1 F7200
G1 X-43.282 Y-1.282 E.02225
G1 X-42.906 Y-1.57 E.02225
G1 X-42.469 Y-1.751 E.02225
G1 X-42.043 Y-1.807 E.02024
G1 X-41.534 Y-1.752 E.02404
G1 X-41.094 Y-1.57 E.02243
G1 X-40.718 Y-1.282 E.02225
G1 X-40.43 Y-.906 E.02225
G1 X-40.249 Y-.469 E.02225
G1 X-40.187 Y0 E.02225
G1 X-40.249 Y.469 E.02225
G1 X-40.43 Y.906 E.02225
G1 X-40.718 Y1.282 E.02225
G1 X-41.094 Y1.57 E.02225
G1 X-41.531 Y1.751 E.02225
G1 X-42 Y1.813 E.02225
G1 X-42.469 Y1.751 E.02225
G1 X-42.906 Y1.57 E.02225
G1 X-43.282 Y1.282 E.02225
G1 X-43.57 Y.906 E.02225
G1 X-43.751 Y.469 E.02225
G1 X-43.813 Y0 E.02225
G1 X-43.751 Y-.469 E.02225
G1 X-43.584 Y-.873 E.02056
SET_VELOCITY_LIMIT ACCEL=10000
G1 E-1.2 F2100
;WIPE_START
G1 F7200
G1 X-43.282 Y-1.282
G1 X-42.906 Y-1.57
G1 X-42.469 Y-1.751
G1 X-42.043 Y-1.807
G1 X-41.928 Y-1.795
;WIPE_END
G1 X-34.297 Y-1.628 Z.8 F30000
G1 X40.187 Y.004 Z.8
G1 Z.4
G1 E1.2 F2100
SET_VELOCITY_LIMIT ACCEL=5000
G1 F7200
G1 X40.249 Y-.469 E.02243
G1 X40.43 Y-.906 E.02225
G1 X40.718 Y-1.282 E.02225
G1 X41.094 Y-1.57 E.02225
G1 X41.531 Y-1.751 E.02225
G1 X41.957 Y-1.807 E.02024
G1 X42.466 Y-1.752 E.02404
G1 X42.906 Y-1.57 E.02243
G1 X43.282 Y-1.282 E.02225
G1 X43.57 Y-.906 E.02225
G1 X43.735 Y-.509 E.02024
G1 X43.813 Y-.004 E.02404
G1 X43.751 Y.469 E.02243
G1 X43.57 Y.906 E.02225
G1 X43.282 Y1.282 E.02225
G1 X42.906 Y1.57 E.02225
G1 X42.469 Y1.751 E.02225
G1 X42 Y1.813 E.02225
G1 X41.531 Y1.751 E.02225
G1 X41.094 Y1.57 E.02225
G1 X40.718 Y1.282 E.02225
G1 X40.43 Y.906 E.02225
G1 X40.265 Y.509 E.02024
G1 X40.192 Y.039 E.02234
SET_VELOCITY_LIMIT ACCEL=10000
G1 E-1.2 F2100
;WIPE_START
G1 F7200
G1 X40.249 Y-.469
G1 X40.43 Y-.906
G1 X40.718 Y-1.282
G1 X41.094 Y-1.57
G1 X41.157 Y-1.596
;WIPE_END
G1 X33.615 Y-2.769 Z.8 F30000
G1 X1.213 Y-7.81 Z.8
G1 Z.4
G1 E1.2 F2100
SET_VELOCITY_LIMIT ACCEL=5000
;TYPE:Inner wall
G1 F9000
G1 X1.213 Y-8.387 E.02714
G1 X4.987 Y-8.387 E.17748
G1 X4.987 Y-3.613 E.2245
G1 X1.213 Y-3.613 E.17748
G1 X1.213 Y-7.774 E.19567
SET_VELOCITY_LIMIT ACCEL=10000
G1 X1.79 Y-7.81 F30000
SET_VELOCITY_LIMIT ACCEL=5000
;TYPE:Outer wall
G1 F7200
G1 X4.41 Y-7.81 E.1232
G1 X4.41 Y-4.19 E.17023
G1 X1.79 Y-4.19 E.1232
G1 X1.79 Y-7.774 E.16854
SET_VELOCITY_LIMIT ACCEL=10000
G1 E-1.2 F2100
;WIPE_START
G1 F7200
G1 X3.79 Y-7.801
;WIPE_END
G1 X7.89 Y-3.613 Z.8 F30000
G1 Z.4
G1 E1.2 F2100
SET_VELOCITY_LIMIT ACCEL=5000
;TYPE:Inner wall
G1 F9000
G1 X7.313 Y-3.613 E.02714
G1 X7.313 Y-8.387 E.2245
G1 X11.087 Y-8.387 E.17748
G1 X11.087 Y-3.613 E.2245
G1 X7.926 Y-3.613 E.14865
SET_VELOCITY_LIMIT ACCEL=10000
G1 X7.89 Y-4.19 F30000
SET_VELOCITY_LIMIT ACCEL=5000
;TYPE:Outer wall
G1 F7200
G1 X7.89 Y-7.81 E.17023
G1 X10.51 Y-7.81 E.1232
G1 X10.51 Y-4.19 E.17023
G1 X7.926 Y-4.19 E.12151
SET_VELOCITY_LIMIT ACCEL=10000
G1 E-1.2 F2100
;WIPE_START
G1 F7200
G1 X7.906 Y-6.19
;WIPE_END
G1 X13.413 Y-7.81 Z.8 F30000
G1 Z.4
G1 E1.2 F2100
SET_VELOCITY_LIMIT ACCEL=5000
;TYPE:Inner wall
G1 F9000
G1 X13.413 Y-8.387 E.02714
G1 X17.187 Y-8.387 E.17748
G1 X17.187 Y-3.613 E.2245
G1 X13.413 Y-3.613 E.17748
G1 X13.413 Y-7.774 E.19567
SET_VELOCITY_LIMIT ACCEL=10000
G1 X13.99 Y-7.81 F30000
SET_VELOCITY_LIMIT ACCEL=5000
;TYPE:Outer wall
G1 F7200
G1 X16.61 Y-7.81 E.1232
G1 X16.61 Y-4.19 E.17023
G1 X13.99 Y-4.19 E.1232
G1 X13.99 Y-7.774 E.16854
SET_VELOCITY_LIMIT ACCEL=10000
G1 E-1.2 F2100
;WIPE_START
G1 F7200
G1 X15.99 Y-7.801
;WIPE_END
G1 X19.513 Y-7.81 Z.8 F30000
G1 Z.4
G1 E1.2 F2100
SET_VELOCITY_LIMIT ACCEL=5000
;TYPE:Inner wall
G1 F9000
G1 X19.513 Y-8.387 E.02714
G1 X23.287 Y-8.387 E.17748
G1 X23.287 Y-3.613 E.2245
G1 X19.513 Y-3.613 E.17748
M73 P22 R7
G1 X19.513 Y-7.774 E.19567
SET_VELOCITY_LIMIT ACCEL=10000
G1 X20.09 Y-7.81 F30000
SET_VELOCITY_LIMIT ACCEL=5000
;TYPE:Outer wall
G1 F7200
G1 X22.71 Y-7.81 E.1232
G1 X22.71 Y-4.19 E.17023
G1 X20.09 Y-4.19 E.1232
G1 X20.09 Y-7.774 E.16854
SET_VELOCITY_LIMIT ACCEL=10000
G1 E-1.2 F2100
;WIPE_START
G1 F7200
G1 X22.09 Y-7.801
;WIPE_END
G1 X26.19 Y-3.613 Z.8 F30000
G1 Z.4
G1 E1.2 F2100
SET_VELOCITY_LIMIT ACCEL=5000
;TYPE:Inner wall
G1 F9000
G1 X25.613 Y-3.613 E.02714
G1 X25.613 Y-8.387 E.2245
G1 X29.387 Y-8.387 E.17748
G1 X29.387 Y-3.613 E.2245
G1 X26.226 Y-3.613 E.14865
SET_VELOCITY_LIMIT ACCEL=10000
G1 X26.19 Y-4.19 F30000
SET_VELOCITY_LIMIT ACCEL=5000
;TYPE:Outer wall
G1 F7200
G1 X26.19 Y-7.81 E.17023
G1 X28.81 Y-7.81 E.1232
G1 X28.81 Y-4.19 E.17023
G1 X26.226 Y-4.19 E.12151
SET_VELOCITY_LIMIT ACCEL=10000
G1 E-1.2 F2100
;WIPE_START
G1 F7200
G1 X26.206 Y-6.19
;WIPE_END
G1 X18.584 Y-6.586 Z.8 F30000
G1 X-4.987 Y-7.81 Z.8
G1 Z.4
G1 E1.2 F2100
SET_VELOCITY_LIMIT ACCEL=5000
;TYPE:Inner wall
G1 F9000
G1 X-4.987 Y-8.387 E.02714
G1 X-1.213 Y-8.387 E.17748
G1 X-1.213 Y-3.613 E.2245
G1 X-4.987 Y-3.613 E.17748
G1 X-4.987 Y-7.774 E.19567
SET_VELOCITY_LIMIT ACCEL=10000
G1 X-4.41 Y-7.81 F30000
SET_VELOCITY_LIMIT ACCEL=5000
;TYPE:Outer wall
G1 F7200
G1 X-1.79 Y-7.81 E.1232
G1 X-1.79 Y-4.19 E.17023
G1 X-4.41 Y-4.19 E.1232
G1 X-4.41 Y-7.774 E.16854
SET_VELOCITY_LIMIT ACCEL=10000
G1 E-1.2 F2100
;WIPE_START
G1 F7200
G1 X-2.41 Y-7.801
;WIPE_END
G1 X-10.043 Y-7.809 Z.8 F30000
G1 X-11.087 Y-7.81 Z.8
G1 Z.4
G1 E1.2 F2100
SET_VELOCITY_LIMIT ACCEL=5000
;TYPE:Inner wall
G1 F9000
G1 X-11.087 Y-8.387 E.02714
G1 X-7.313 Y-8.387 E.17748
G1 X-7.313 Y-3.613 E.2245
G1 X-11.087 Y-3.613 E.17748
G1 X-11.087 Y-7.774 E.19567
SET_VELOCITY_LIMIT ACCEL=10000
G1 X-10.51 Y-7.81 F30000
SET_VELOCITY_LIMIT ACCEL=5000
;TYPE:Outer wall
G1 F7200
G1 X-7.89 Y-7.81 E.1232
G1 X-7.89 Y-4.19 E.17023
G1 X-10.51 Y-4.19 E.1232
G1 X-10.51 Y-7.774 E.16854
SET_VELOCITY_LIMIT ACCEL=10000
G1 E-1.2 F2100
;WIPE_START
G1 F7200
G1 X-8.51 Y-7.801
;WIPE_END
G1 X-15.387 Y-4.491 Z.8 F30000
G1 X-17.21 Y-3.613 Z.8
G1 Z.4
G1 E1.2 F2100
M73 P22 R6
SET_VELOCITY_LIMIT ACCEL=5000
;TYPE:Inner wall
G1 F9000
G1 X-17.787 Y-3.613 E.02714
G1 X-17.787 Y-8.387 E.2245
G1 X-14.013 Y-8.387 E.17748
G1 X-14.013 Y-3.613 E.2245
G1 X-17.174 Y-3.613 E.14865
SET_VELOCITY_LIMIT ACCEL=10000
G1 X-17.21 Y-4.19 F30000
SET_VELOCITY_LIMIT ACCEL=5000
;TYPE:Outer wall
G1 F7200
G1 X-17.21 Y-7.81 E.17023
G1 X-14.59 Y-7.81 E.1232
G1 X-14.59 Y-4.19 E.17023
G1 X-17.174 Y-4.19 E.12151
SET_VELOCITY_LIMIT ACCEL=10000
G1 E-1.2 F2100
;WIPE_START
G1 F7200
G1 X-17.194 Y-6.19
;WIPE_END
G1 X-22.71 Y-3.613 Z.8 F30000
G1 Z.4
G1 E1.2 F2100
SET_VELOCITY_LIMIT ACCEL=5000
;TYPE:Inner wall
G1 F9000
G1 X-23.287 Y-3.613 E.02714
G1 X-23.287 Y-8.387 E.2245
G1 X-19.513 Y-8.387 E.17748
G1 X-19.513 Y-3.613 E.2245
G1 X-22.674 Y-3.613 E.14865
SET_VELOCITY_LIMIT ACCEL=10000
G1 X-22.71 Y-4.19 F30000
SET_VELOCITY_LIMIT ACCEL=5000
;TYPE:Outer wall
G1 F7200
G1 X-22.71 Y-7.81 E.17023
G1 X-20.09 Y-7.81 E.1232
G1 X-20.09 Y-4.19 E.17023
G1 X-22.674 Y-4.19 E.12151
SET_VELOCITY_LIMIT ACCEL=10000
G1 E-1.2 F2100
;WIPE_START
G1 F7200
G1 X-22.694 Y-6.19
;WIPE_END
G1 X-28.81 Y-3.613 Z.8 F30000
G1 Z.4
G1 E1.2 F2100
SET_VELOCITY_LIMIT ACCEL=5000
;TYPE:Inner wall
G1 F9000
G1 X-29.387 Y-3.613 E.02714
G1 X-29.387 Y-8.387 E.2245
G1 X-25.613 Y-8.387 E.17748
G1 X-25.613 Y-3.613 E.2245
G1 X-28.774 Y-3.613 E.14865
SET_VELOCITY_LIMIT ACCEL=10000
G1 X-28.81 Y-4.19 F30000
SET_VELOCITY_LIMIT ACCEL=5000
;TYPE:Outer wall
G1 F7200
G1 X-28.81 Y-7.81 E.17023
G1 X-26.19 Y-7.81 E.1232
G1 X-26.19 Y-4.19 E.17023
G1 X-28.774 Y-4.19 E.12151
SET_VELOCITY_LIMIT ACCEL=10000
G1 E-1.2 F2100
;WIPE_START
G1 F7200
G1 X-28.794 Y-6.19
;WIPE_END
G1 X-21.192 Y-5.51 Z.8 F30000
G1 X39.615 Y-.07 Z.8
G1 Z.4
G1 E1.2 F2100
SET_VELOCITY_LIMIT ACCEL=5000
;TYPE:Inner wall
G1 F9000
G1 X39.604 Y.011 E.00384
G1 X39.706 Y.666 E.03118
G1 X39.926 Y1.197 E.02706
G1 X40.307 Y1.693 E.0294
G1 X40.803 Y2.074 E.0294
G1 X41.38 Y2.313 E.0294
G1 X42 Y2.395 E.0294
G1 X42.62 Y2.313 E.0294
G1 X43.197 Y2.074 E.0294
G1 X43.693 Y1.693 E.0294
G1 X43.878 Y1.453 E.01426
G1 X44.113 Y1.532 E.01167
G1 X44.113 Y9.113 E.35647
G1 X31.887 Y9.113 E.57492
G1 X31.887 Y3.613 E.25864
G1 X-31.887 Y3.613 E2.99896
G1 X-31.887 Y9.113 E.25864
M73 P23 R6
G1 X-44.113 Y9.113 E.57492
G1 X-44.113 Y1.532 E.35647
G1 X-43.878 Y1.453 E.01167
G1 X-43.693 Y1.693 E.01426
G1 X-43.197 Y2.074 E.0294
G1 X-42.62 Y2.313 E.0294
G1 X-42 Y2.395 E.0294
G1 X-41.38 Y2.313 E.0294
G1 X-40.803 Y2.074 E.0294
G1 X-40.307 Y1.693 E.0294
G1 X-39.926 Y1.197 E.0294
G1 X-39.687 Y.62 E.0294
G1 X-39.605 Y0 E.0294
G1 X-39.687 Y-.62 E.0294
G1 X-39.926 Y-1.197 E.0294
G1 X-40.307 Y-1.693 E.0294
G1 X-40.803 Y-2.074 E.0294
G1 X-41.39 Y-2.317 E.0299
G1 X-42.049 Y-2.388 E.03118
G1 X-42.62 Y-2.313 E.02706
G1 X-43.197 Y-2.074 E.0294
G1 X-43.693 Y-1.693 E.0294
G1 X-43.878 Y-1.453 E.01426
G1 X-44.113 Y-1.532 E.01167
G1 X-44.113 Y-9.113 E.35647
G1 X44.113 Y-9.113 E4.14879
G1 X44.113 Y-1.532 E.35647
G1 X43.878 Y-1.453 E.01167
G1 X43.693 Y-1.693 E.01426
G1 X43.197 Y-2.074 E.0294
G1 X42.61 Y-2.317 E.0299
G1 X41.951 Y-2.388 E.03118
G1 X41.38 Y-2.313 E.02706
G1 X40.803 Y-2.074 E.0294
G1 X40.307 Y-1.693 E.0294
G1 X39.926 Y-1.197 E.0294
G1 X39.687 Y-.62 E.0294
G1 X39.619 Y-.106 E.02437
SET_VELOCITY_LIMIT ACCEL=10000
G1 E-1.2 F2100
;WIPE_START
G1 F9000
G1 X39.604 Y.011
G1 X39.706 Y.666
G1 X39.926 Y1.197
G1 X40.307 Y1.693
G1 X40.322 Y1.705
;WIPE_END
G1 X43.054 Y-5.422 Z.8 F30000
G1 X44.69 Y-9.69 Z.8
G1 Z.4
G1 E1.2 F2100
SET_VELOCITY_LIMIT ACCEL=5000
;TYPE:Outer wall
G1 F7200
G1 X44.69 Y9.69 E.91134
G1 X-44.69 Y9.69 E4.20307
G1 X-44.69 Y-9.69 E.91134
G1 X44.654 Y-9.69 E4.20137
SET_VELOCITY_LIMIT ACCEL=10000
G1 E-1.2 F2100
;WIPE_START
G1 F7200
G1 X44.658 Y-7.69
;WIPE_END
G1 X43.519 Y-2.724 Z.8 F30000
G1 Z.4
G1 E1.2 F2100
SET_VELOCITY_LIMIT ACCEL=7000
;TYPE:Internal solid infill
;WIDTH:0.740158
G1 F9000
G1 X43.432 Y-2.724 E.00495
G1 X43.389 Y-2.648 E.00495
G1 X43.432 Y-2.573 E.00495
G1 X43.519 Y-2.573 E.00495
G1 X43.545 Y-2.617 E.00291
SET_VELOCITY_LIMIT ACCEL=10000
G1 X44.122 Y-1.231 F30000
;TYPE:Gap infill
;WIDTH:0.432405
G1 F9000
G1 X44.207 Y-.617 E.01966
;WIDTH:0.409682
G1 X44.229 Y-.324 E.0088
;WIDTH:0.364238
G1 X44.252 Y-.03 E.00771
;WIDTH:0.35687
G1 X44.234 Y.291 E.00822
;WIDTH:0.39571
G1 X44.216 Y.569 E.00801
;WIDTH:0.420457
G1 X44.128 Y1.233 E.02061
G1 X43.723 Y2.172 F30000
SET_VELOCITY_LIMIT ACCEL=7000
;TYPE:Internal solid infill
;WIDTH:0.55292
G1 F9000
G1 X43.659 Y2.172 E.00265
G1 X43.627 Y2.227 E.00265
G1 X43.659 Y2.282 E.00265
G1 X43.723 Y2.282 E.00265
G1 X43.737 Y2.258 E.00115
SET_VELOCITY_LIMIT ACCEL=10000
G1 X42.722 Y8.575 F30000
SET_VELOCITY_LIMIT ACCEL=7000
;WIDTH:0.542243
G1 F9000
G1 X43.575 Y8.575 E.03468
G1 X43.575 Y7.722 E.03468
G1 X42.748 Y8.549 E.04758
SET_VELOCITY_LIMIT ACCEL=10000
G1 X41.59 Y9.026 F30000
SET_VELOCITY_LIMIT ACCEL=7000
;WIDTH:0.620915
G1 F9000
G1 X43.767 Y6.85 E.14495
G1 X43.767 Y6.688 E.00766
G1 X43.74 Y6.661 E.00178
G1 X43.74 Y6.06 E.02832
G1 X41.033 Y8.767 E.18032
G1 X40.215 Y8.767 E.0385
G1 X43.74 Y5.242 E.23476
G1 X43.74 Y4.425 E.0385
G1 X39.398 Y8.767 E.28921
G1 X38.581 Y8.767 E.0385
G1 X43.74 Y3.607 E.34366
G1 X43.74 Y2.79 E.0385
G1 X37.763 Y8.767 E.3981
G1 X36.946 Y8.767 E.0385
G1 X43.168 Y2.544 E.41449
G1 X42.313 Y2.762 E.04158
G1 X42.15 Y2.745 E.00773
G1 X36.128 Y8.767 E.40107
G1 X35.311 Y8.767 E.0385
G1 X41.411 Y2.666 E.40633
G1 X41.29 Y2.65 E.00576
G1 X40.809 Y2.451 E.02452
G1 X34.493 Y8.767 E.42066
G1 X33.676 Y8.767 E.0385
G1 X40.31 Y2.133 E.44189
G1 X40.06 Y1.94 E.01487
G1 X39.897 Y1.728 E.01259
G1 X32.859 Y8.767 E.46882
G1 X32.233 Y8.767 E.02945
G1 X32.233 Y8.575 E.00905
G1 X39.569 Y1.239 E.4886
G1 X39.37 Y.76 E.02443
G1 X39.351 Y.639 E.00576
G1 X32.233 Y7.757 E.47412
G1 X32.233 Y6.94 E.0385
G1 X39.57 Y-.397 E.4887
M73 P24 R6
SET_VELOCITY_LIMIT ACCEL=10000
G1 X42.416 Y-2.425 F30000
SET_VELOCITY_LIMIT ACCEL=7000
G1 F9000
G1 X43.767 Y-3.776 E.08999
G1 X43.767 Y-4.594 E.0385
G1 X41.603 Y-2.43 E.14413
SET_VELOCITY_LIMIT ACCEL=10000
G1 X44.026 Y-5.671 F30000
SET_VELOCITY_LIMIT ACCEL=7000
G1 F9000
G1 X32.233 Y6.122 E.78552
G1 X32.233 Y5.305 E.0385
G1 X43.767 Y-6.228 E.76822
G1 X43.767 Y-7.046 E.0385
G1 X32.233 Y4.488 E.76822
G1 X32.233 Y3.67 E.0385
G1 X43.767 Y-7.863 E.76822
G1 X43.767 Y-8.681 E.0385
G1 X31.819 Y3.267 E.79579
G1 X31.002 Y3.267 E.0385
G1 X43.035 Y-8.767 E.80152
G1 X42.218 Y-8.767 E.0385
G1 X30.185 Y3.267 E.80152
G1 X29.367 Y3.267 E.0385
G1 X41.401 Y-8.767 E.80152
G1 X40.583 Y-8.767 E.0385
G1 X28.55 Y3.267 E.80152
G1 X27.732 Y3.267 E.0385
G1 X39.766 Y-8.767 E.80152
G1 X38.948 Y-8.767 E.0385
G1 X26.915 Y3.267 E.80152
G1 X26.098 Y3.267 E.0385
G1 X38.131 Y-8.767 E.80152
G1 X37.313 Y-8.767 E.0385
G1 X25.28 Y3.267 E.80152
G1 X24.463 Y3.267 E.0385
G1 X36.496 Y-8.767 E.80152
G1 X35.679 Y-8.767 E.0385
G1 X23.645 Y3.267 E.80152
G1 X22.828 Y3.267 E.0385
G1 X34.861 Y-8.767 E.80152
G1 X34.044 Y-8.767 E.0385
G1 X29.76 Y-4.483 E.28533
G1 X29.76 Y-5.3 E.0385
G1 X33.226 Y-8.767 E.23089
G1 X32.409 Y-8.767 E.0385
G1 X29.76 Y-6.118 E.17644
G1 X29.76 Y-6.935 E.0385
G1 X31.592 Y-8.767 E.12199
G1 X30.774 Y-8.767 E.0385
G1 X29.5 Y-7.493 E.08484
SET_VELOCITY_LIMIT ACCEL=10000
G1 X28.777 Y-3.5 F30000
SET_VELOCITY_LIMIT ACCEL=7000
G1 F9000
G1 X22.01 Y3.267 E.45069
G1 X21.193 Y3.267 E.0385
G1 X27.7 Y-3.24 E.43339
G1 X26.882 Y-3.24 E.0385
G1 X20.376 Y3.267 E.43339
G1 X19.558 Y3.267 E.0385
G1 X26.071 Y-3.246 E.43383
G1 X25.324 Y-3.273 E.03523
G1 X25.31 Y-3.302 E.00153
G1 X18.741 Y3.267 E.43754
G1 X17.923 Y3.267 E.0385
G1 X25.042 Y-3.852 E.47417
G1 X25 Y-3.925 E.00399
G1 X24.592 Y-3.517 E.02718
G1 X24.241 Y-3.868 E.02336
G1 X17.106 Y3.267 E.47523
G1 X16.289 Y3.267 E.0385
G1 X22.795 Y-3.24 E.43339
G1 X21.978 Y-3.24 E.0385
G1 X15.471 Y3.267 E.43339
G1 X14.654 Y3.267 E.0385
G1 X21.16 Y-3.24 E.43339
G1 X20.343 Y-3.24 E.0385
G1 X13.836 Y3.267 E.43339
G1 X13.019 Y3.267 E.0385
G1 X19.552 Y-3.267 E.43518
G1 X19.167 Y-3.267 E.01816
G1 X19.167 Y-3.698 E.02033
G1 X12.202 Y3.267 E.46393
G1 X11.384 Y3.267 E.0385
G1 X18.523 Y-3.873 E.47554
G1 X18.471 Y-3.925 E.00351
G1 X17.486 Y-2.94 E.06562
G1 X17.186 Y-3.24 E.01996
G1 X17.073 Y-3.24 E.0053
G1 X10.567 Y3.267 E.43339
G1 X9.749 Y3.267 E.0385
G1 X16.256 Y-3.24 E.43339
G1 X15.439 Y-3.24 E.0385
G1 X8.932 Y3.267 E.43339
G1 X8.115 Y3.267 E.0385
G1 X14.621 Y-3.24 E.43339
G1 X14.006 Y-3.24 E.02896
G1 X13.821 Y-3.257 E.00877
G1 X7.297 Y3.267 E.43454
G1 X6.48 Y3.267 E.0385
G1 X13.067 Y-3.32 E.43875
G1 X13.067 Y-3.432 E.00525
G1 X12.8 Y-3.871 E.0242
G1 X5.662 Y3.267 E.4754
G1 X4.845 Y3.267 E.0385
G1 X11.989 Y-3.878 E.47588
G1 X11.942 Y-3.925 E.00317
G1 X11.256 Y-3.24 E.04566
G1 X10.534 Y-3.24 E.03402
G1 X4.027 Y3.267 E.43339
G1 X3.21 Y3.267 E.0385
G1 X9.717 Y-3.24 E.43339
M73 P25 R6
G1 X8.899 Y-3.24 E.0385
G1 X2.393 Y3.267 E.43339
G1 X1.575 Y3.267 E.0385
G1 X8.082 Y-3.24 E.43339
G1 X7.362 Y-3.24 E.03393
G1 X7.344 Y-3.267 E.0015
G1 X7.291 Y-3.267 E.00251
G1 X.758 Y3.267 E.43518
G1 X-.06 Y3.267 E.0385
G1 X6.966 Y-3.759 E.46797
G1 X6.328 Y-3.827 E.03025
G1 X6.272 Y-3.882 E.00369
G1 X-.877 Y3.267 E.47618
G1 X-1.694 Y3.267 E.0385
G1 X4.812 Y-3.24 E.43339
G1 X3.995 Y-3.24 E.0385
G1 X-2.512 Y3.267 E.43339
G1 X-3.329 Y3.267 E.0385
G1 X3.177 Y-3.24 E.43339
G1 X2.36 Y-3.24 E.0385
G1 X-4.147 Y3.267 E.43339
G1 X-4.964 Y3.267 E.0385
G1 X1.569 Y-3.267 E.43518
G1 X.867 Y-3.267 E.0331
G1 X.866 Y-3.381 E.00537
G1 X-5.781 Y3.267 E.44278
G1 X-6.599 Y3.267 E.0385
G1 X.84 Y-4.172 E.49548
G1 X.84 Y-4.249 E.00363
G1 X-.469 Y-2.94 E.08718
G1 X-.769 Y-3.24 E.01996
G1 X-.91 Y-3.24 E.00665
G1 X-7.416 Y3.267 E.43339
G1 X-8.234 Y3.267 E.0385
G1 X-1.727 Y-3.24 E.43339
G1 X-2.544 Y-3.24 E.0385
G1 X-9.051 Y3.267 E.43339
G1 X-9.868 Y3.267 E.0385
G1 X-3.362 Y-3.24 E.43339
G1 X-4.179 Y-3.24 E.0385
G1 X-10.686 Y3.267 E.43339
G1 X-11.503 Y3.267 E.0385
G1 X-4.97 Y-3.267 E.43518
G1 X-5.333 Y-3.267 E.01712
G1 X-5.337 Y-3.717 E.02123
G1 X-12.321 Y3.267 E.46519
G1 X-13.138 Y3.267 E.0385
G1 X-5.979 Y-3.892 E.47683
G1 X-6.013 Y-3.925 E.00222
G1 X-6.998 Y-2.94 E.06562
G1 X-7.297 Y-3.24 E.01996
G1 X-7.449 Y-3.24 E.00713
G1 X-13.955 Y3.267 E.43339
G1 X-14.773 Y3.267 E.0385
G1 X-8.266 Y-3.24 E.43339
G1 X-9.084 Y-3.24 E.0385
G1 X-15.59 Y3.267 E.43339
G1 X-16.408 Y3.267 E.0385
G1 X-9.901 Y-3.24 E.43339
G1 X-10.703 Y-3.256 E.03776
G1 X-17.225 Y3.267 E.43445
G1 X-18.043 Y3.267 E.0385
G1 X-11.46 Y-3.316 E.43844
G1 X-11.46 Y-4.133 E.0385
G1 X-18.86 Y3.267 E.49289
G1 X-19.677 Y3.267 E.0385
G1 X-11.46 Y-4.951 E.54734
G1 X-11.46 Y-5.007 E.00265
G1 X-13.527 Y-2.94 E.13765
G1 X-13.826 Y-3.24 E.01996
G1 X-13.988 Y-3.24 E.00762
G1 X-20.495 Y3.267 E.43339
G1 X-21.312 Y3.267 E.0385
G1 X-14.806 Y-3.24 E.43339
G1 X-15.623 Y-3.24 E.0385
G1 X-22.13 Y3.267 E.43339
G1 X-22.947 Y3.267 E.0385
G1 X-16.44 Y-3.24 E.43339
G1 X-17.258 Y-3.24 E.0385
G1 X-23.764 Y3.267 E.43339
G1 X-24.582 Y3.267 E.0385
G1 X-18.048 Y-3.267 E.43518
G1 X-18.133 Y-3.267 E.004
G1 X-18.133 Y-3.645 E.01782
G1 X-18.237 Y-3.895 E.01277
G1 X-25.399 Y3.267 E.47706
G1 X-26.217 Y3.267 E.0385
G1 X-19.71 Y-3.24 E.43339
G1 X-20.527 Y-3.24 E.0385
G1 X-27.034 Y3.267 E.43339
G1 X-27.851 Y3.267 E.0385
G1 X-21.345 Y-3.24 E.43339
G1 X-22.162 Y-3.24 E.0385
G1 X-28.669 Y3.267 E.43339
G1 X-29.486 Y3.267 E.0385
G1 X-22.953 Y-3.267 E.43518
G1 X-23.633 Y-3.267 E.03205
G1 X-23.633 Y-3.404 E.00645
G1 X-30.304 Y3.267 E.4443
G1 X-31.121 Y3.267 E.0385
G1 X-23.764 Y-4.09 E.49001
SET_VELOCITY_LIMIT ACCEL=10000
G1 E-1.2 F2100
;WIPE_START
G1 F9000
G1 X-25.179 Y-2.676
;WIPE_END
G1 X-29.698 Y3.475 Z.8 F30000
G1 X-31.974 Y6.571 Z.8
G1 Z.4
G1 E1.2 F2100
SET_VELOCITY_LIMIT ACCEL=7000
G1 F9000
G1 X-34.169 Y8.767 E.14622
G1 X-34.986 Y8.767 E.0385
G1 X-32.233 Y6.014 E.18337
G1 X-32.233 Y5.196 E.0385
G1 X-35.804 Y8.767 E.23781
G1 X-36.621 Y8.767 E.0385
G1 X-31.974 Y4.119 E.30956
SET_VELOCITY_LIMIT ACCEL=10000
G1 X-37.698 Y9.026 F30000
SET_VELOCITY_LIMIT ACCEL=7000
G1 F9000
G1 X-24.581 Y-4.091 E.8737
SET_VELOCITY_LIMIT ACCEL=10000
G1 X-25.99 Y-3.5 F30000
SET_VELOCITY_LIMIT ACCEL=7000
G1 F9000
G1 X-38.256 Y8.767 E.81704
G1 X-39.073 Y8.767 E.0385
G1 X-27.067 Y-3.24 E.79974
G1 X-27.884 Y-3.24 E.0385
M73 P26 R6
G1 X-39.891 Y8.767 E.79974
G1 X-40.708 Y8.767 E.0385
G1 X-28.702 Y-3.24 E.79974
G1 X-29.372 Y-3.24 E.0316
G1 X-29.387 Y-3.267 E.00145
G1 X-29.492 Y-3.267 E.00494
G1 X-41.526 Y8.767 E.80152
G1 X-42.343 Y8.767 E.0385
G1 X-29.733 Y-3.843 E.83991
G1 X-29.733 Y-4.66 E.0385
G1 X-43.16 Y8.767 E.89435
G1 X-43.767 Y8.767 E.02856
G1 X-43.767 Y8.556 E.00994
G1 X-29.733 Y-5.478 E.93474
G1 X-29.733 Y-6.295 E.0385
G1 X-43.767 Y7.738 E.93474
G1 X-43.767 Y6.921 E.0385
G1 X-29.733 Y-7.113 E.93474
G1 X-29.733 Y-7.93 E.0385
G1 X-43.767 Y6.103 E.93474
G1 X-43.767 Y5.286 E.0385
G1 X-30.022 Y-8.459 E.91552
G1 X-30.022 Y-8.767 E.0145
G1 X-30.531 Y-8.767 E.024
G1 X-39.261 Y-.037 E.58146
G1 X-39.366 Y-.75 E.03392
G1 X-31.349 Y-8.767 E.534
G1 X-32.166 Y-8.767 E.0385
G1 X-39.605 Y-1.328 E.4955
G1 X-39.951 Y-1.799 E.02754
G1 X-32.984 Y-8.767 E.46411
G1 X-33.801 Y-8.767 E.0385
G1 X-40.381 Y-2.187 E.43828
G1 X-40.628 Y-2.376 E.01467
G1 X-40.897 Y-2.488 E.01373
G1 X-34.618 Y-8.767 E.41822
G1 X-35.436 Y-8.767 E.0385
G1 X-41.523 Y-2.68 E.40544
G1 X-42.053 Y-2.737 E.02514
G1 X-42.318 Y-2.702 E.01256
G1 X-36.253 Y-8.767 E.40395
G1 X-37.071 Y-8.767 E.0385
G1 X-43.767 Y-2.073 E.44592
G1 X-43.767 Y-2.888 E.03837
G1 X-37.888 Y-8.767 E.39156
G1 X-38.706 Y-8.767 E.0385
G1 X-43.767 Y-3.706 E.33712
G1 X-43.767 Y-4.523 E.0385
G1 X-39.523 Y-8.767 E.28267
G1 X-40.34 Y-8.767 E.0385
G1 X-43.767 Y-5.34 E.22822
G1 X-43.767 Y-6.158 E.0385
G1 X-41.158 Y-8.767 E.17378
G1 X-41.975 Y-8.767 E.0385
G1 X-43.767 Y-6.975 E.11933
G1 X-43.767 Y-7.793 E.0385
G1 X-42.533 Y-9.026 E.08218
SET_VELOCITY_LIMIT ACCEL=10000
G1 E-1.2 F2100
;WIPE_START
G1 F9000
G1 X-43.767 Y-7.793
G1 X-43.767 Y-7.537
;WIPE_END
G1 X-42.254 Y-.056 Z.8 F30000
G1 X-41.747 Y2.449 Z.8
G1 Z.4
G1 E1.2 F2100
SET_VELOCITY_LIMIT ACCEL=7000
G1 F9000
G1 X-43.767 Y4.469 E.13454
G1 X-43.767 Y3.651 E.0385
G1 X-42.75 Y2.634 E.06774
G1 X-43.328 Y2.395 E.02947
G1 X-44.026 Y3.093 E.04654
SET_VELOCITY_LIMIT ACCEL=10000
G1 X-44.128 Y1.233 F30000
;TYPE:Gap infill
;WIDTH:0.403463
G1 F9000
G1 X-44.216 Y.569 E.01968
G1 X-44.234 Y.294 E.00808
;WIDTH:0.359953
G1 X-44.252 Y.02 E.00711
;WIDTH:0.357717
G1 X-44.234 Y-.294 E.00806
;WIDTH:0.395946
G1 X-44.216 Y-.569 E.00792
;WIDTH:0.420458
G1 X-44.128 Y-1.233 E.02061
G1 X-43.569 Y-8.656 F30000
SET_VELOCITY_LIMIT ACCEL=7000
;TYPE:Internal solid infill
;WIDTH:0.55292
G1 F9000
G1 X-43.633 Y-8.656 E.00265
G1 X-43.665 Y-8.601 E.00265
G1 X-43.633 Y-8.546 E.00265
G1 X-43.569 Y-8.546 E.00265
G1 X-43.555 Y-8.57 E.00115
SET_VELOCITY_LIMIT ACCEL=10000
G1 X-29.676 Y-8.75 F30000
;TYPE:Gap infill
;WIDTH:0.191684
G1 F9000
G1 X-25.324 Y-8.75 E.05275
G1 X-23.576 Y-8.75 F30000
G1 F9000
G1 X-19.224 Y-8.75 E.05275
G1 X-18.076 Y-8.75 F30000
G1 F9000
G1 X-13.724 Y-8.75 E.05275
G1 X-11.376 Y-8.75 F30000
G1 F9000
G1 X-7.024 Y-8.75 E.05275
G1 X-5.276 Y-8.75 F30000
G1 F9000
G1 X-.924 Y-8.75 E.05275
G1 X.924 Y-8.75 F30000
G1 F9000
G1 X5.276 Y-8.75 E.05275
G1 X7.024 Y-8.75 F30000
G1 F9000
G1 X11.376 Y-8.75 E.05275
G1 X13.124 Y-8.75 F30000
G1 F9000
G1 X17.476 Y-8.75 E.05275
G1 X19.224 Y-8.75 F30000
G1 F9000
G1 X23.576 Y-8.75 E.05275
G1 X25.324 Y-8.75 F30000
G1 F9000
G1 X29.676 Y-8.75 E.05275
G1 E-1.2 F2100
;WIPE_START
G1 F9000
G1 X27.676 Y-8.75
;WIPE_END
G1 X23.864 Y-4.341 Z.8 F30000
G1 Z.4
G1 E1.2 F2100
SET_VELOCITY_LIMIT ACCEL=7000
;TYPE:Internal solid infill
;WIDTH:0.619999
G1 F9000
G1 X23.979 Y-4.456 E.00767
G1 X24.271 Y-4.527 E.01413
G1 X24.592 Y-4.252 E.01984
G1 X24.839 Y-4.491 E.0162
G1 X25.036 Y-4.461 E.00937
G1 X25.036 Y-8.077 E.17005
G1 X24.797 Y-8.204 E.01272
G1 X24.747 Y-8.366 E.00796
G1 X24.747 Y-8.536 E.00801
G1 X24.153 Y-8.536 E.02796
G1 X24.144 Y-8.296 E.01127
G1 X24.057 Y-8.151 E.00795
G1 X23.864 Y-8.077 E.00974
G1 X23.864 Y-4.377 E.17402
SET_VELOCITY_LIMIT ACCEL=10000
G1 X24.45 Y-5.085 F30000
SET_VELOCITY_LIMIT ACCEL=7000
;WIDTH:0.637524
G1 F9000
G1 X24.45 Y-7.681 E.12578
SET_VELOCITY_LIMIT ACCEL=10000
G1 E-1.2 F2100
;WIPE_START
G1 F9000
G1 X24.45 Y-5.681
;WIPE_END
G1 X17.764 Y-3.953 Z.8 F30000
G1 Z.4
G1 E1.2 F2100
SET_VELOCITY_LIMIT ACCEL=7000
;WIDTH:0.619999
G1 F9000
G1 X18.267 Y-4.456 E.03342
G1 X18.431 Y-4.538 E.00863
G1 X18.675 Y-4.456 E.01209
G1 X18.84 Y-4.312 E.01029
G1 X18.936 Y-4.296 E.00459
G1 X18.936 Y-8.077 E.17783
G1 X18.697 Y-8.204 E.01272
G1 X18.647 Y-8.366 E.00796
G1 X18.647 Y-8.536 E.00801
G1 X18.053 Y-8.536 E.02796
G1 X18.044 Y-8.296 E.01127
G1 X17.957 Y-8.151 E.00795
G1 X17.764 Y-8.077 E.00974
G1 X17.764 Y-3.989 E.19223
SET_VELOCITY_LIMIT ACCEL=10000
G1 X11.664 Y-4.382 F30000
SET_VELOCITY_LIMIT ACCEL=7000
G1 F9000
G1 X11.738 Y-4.456 E.0049
G1 X12.044 Y-4.522 E.01471
G1 X12.35 Y-4.252 E.0192
G1 X12.606 Y-4.497 E.01667
G1 X12.836 Y-4.46 E.01095
G1 X12.836 Y-8.077 E.17008
G1 X12.597 Y-8.204 E.01272
G1 X12.547 Y-8.366 E.00796
G1 X12.547 Y-8.536 E.00801
G1 X11.953 Y-8.536 E.02796
G1 X11.944 Y-8.296 E.01127
G1 X11.857 Y-8.151 E.00795
G1 X11.664 Y-8.077 E.00974
G1 X11.664 Y-4.418 E.17206
SET_VELOCITY_LIMIT ACCEL=10000
G1 X5.564 Y-3.995 F30000
SET_VELOCITY_LIMIT ACCEL=7000
G1 F9000
M73 P27 R6
G1 X6.025 Y-4.456 E.03065
G1 X6.203 Y-4.539 E.00924
G1 X6.433 Y-4.456 E.01151
G1 X6.606 Y-4.32 E.01036
G1 X6.736 Y-4.306 E.00613
G1 X6.736 Y-8.077 E.17735
G1 X6.497 Y-8.204 E.01272
G1 X6.447 Y-8.366 E.00796
G1 X6.447 Y-8.536 E.00801
G1 X5.853 Y-8.536 E.02796
G1 X5.844 Y-8.296 E.01127
G1 X5.757 Y-8.151 E.00795
G1 X5.564 Y-8.077 E.00974
G1 X5.564 Y-4.031 E.19026
SET_VELOCITY_LIMIT ACCEL=10000
G1 X-.469 Y-3.675 F30000
SET_VELOCITY_LIMIT ACCEL=7000
G1 F9000
G1 X.636 Y-4.779 E.07347
G1 X.636 Y-8.077 E.15507
G1 X.399 Y-8.201 E.01258
G1 X.347 Y-8.366 E.0081
G1 X.347 Y-8.536 E.00801
G1 X-.347 Y-8.536 E.03266
G1 X-.362 Y-8.275 E.0123
G1 X-.437 Y-8.156 E.0066
G1 X-.636 Y-8.077 E.01005
G1 X-.636 Y-3.751 E.20343
G1 X-.502 Y-3.69 E.00694
SET_VELOCITY_LIMIT ACCEL=10000
G1 X0 Y-5.043 F30000
SET_VELOCITY_LIMIT ACCEL=7000
;WIDTH:0.737526
G1 F9000
G1 X0 Y-7.659 E.14806
SET_VELOCITY_LIMIT ACCEL=10000
G1 E-1.2 F2100
;WIPE_START
G1 F9000
G1 X0 Y-5.659
;WIPE_END
G1 X-7.623 Y-5.276 Z.8 F30000
G1 X-23.864 Y-4.461 Z.8
G1 Z.4
G1 E1.2 F2100
SET_VELOCITY_LIMIT ACCEL=7000
;WIDTH:0.619999
G1 F9000
G1 X-23.864 Y-8.077 E.17007
G1 X-24.103 Y-8.204 E.01272
G1 X-24.153 Y-8.366 E.00796
G1 X-24.153 Y-8.536 E.00801
G1 X-24.747 Y-8.536 E.02796
G1 X-24.756 Y-8.296 E.01127
G1 X-24.843 Y-8.151 E.00795
G1 X-25.036 Y-8.077 E.00974
G1 X-25.036 Y-4.407 E.17257
G1 X-24.987 Y-4.456 E.00323
G1 X-24.636 Y-4.5 E.01665
G1 X-24.375 Y-4.252 E.01693
G1 X-24.114 Y-4.5 E.01693
G1 X-23.9 Y-4.466 E.01022
SET_VELOCITY_LIMIT ACCEL=10000
G1 X-18.363 Y-4.459 F30000
SET_VELOCITY_LIMIT ACCEL=7000
;WIDTH:0.617282
G1 F9000
G1 X-18.364 Y-8.077 E.16934
G1 X-18.581 Y-8.177 E.01116
G1 X-18.65 Y-8.341 E.00832
G1 X-18.719 Y-8.177 E.00832
G1 X-18.937 Y-8.076 E.01123
G1 X-18.937 Y-3.975 E.19195
G1 X-18.457 Y-4.455 E.03175
G1 X-18.399 Y-4.457 E.00275
SET_VELOCITY_LIMIT ACCEL=10000
G1 E-1.2 F2100
;WIPE_START
G1 F9000
G1 X-18.457 Y-4.455
G1 X-18.937 Y-3.975
G1 X-18.937 Y-5.238
;WIPE_END
G1 X-12.251 Y-5.781 Z.8 F30000
G1 Z.4
G1 E1.2 F2100
SET_VELOCITY_LIMIT ACCEL=7000
;WIDTH:0.640224
G1 F9000
G1 X-12.251 Y-7.757 E.09621
G1 X-12.379 Y-7.86 E.008
G1 X-12.407 Y-7.949 E.00451
G1 X-12.693 Y-7.949 E.01388
G1 X-12.775 Y-7.791 E.00868
G1 X-12.849 Y-7.757 E.00392
G1 X-12.849 Y-5.183 E.12529
G1 X-12.277 Y-5.755 E.03936
SET_VELOCITY_LIMIT ACCEL=10000
G1 X-11.664 Y-5.537 F30000
SET_VELOCITY_LIMIT ACCEL=7000
;WIDTH:0.619999
G1 F9000
G1 X-11.664 Y-8.077 E.11943
G1 X-11.9 Y-8.199 E.01248
G1 X-11.953 Y-8.366 E.00821
G1 X-11.953 Y-8.536 E.00801
G1 X-13.147 Y-8.536 E.05618
G1 X-13.147 Y-8.366 E.00801
G1 X-13.218 Y-8.176 E.00951
G1 X-13.436 Y-8.077 E.01125
G1 X-13.436 Y-3.766 E.20275
G1 X-11.69 Y-5.512 E.11613
SET_VELOCITY_LIMIT ACCEL=10000
G1 E-1.2 F2100
;WIPE_START
G1 F9000
G1 X-13.104 Y-4.098
;WIPE_END
G1 X-5.564 Y-4.293 Z.8 F30000
G1 Z.4
G1 E1.2 F2100
SET_VELOCITY_LIMIT ACCEL=7000
G1 F9000
G1 X-5.564 Y-8.077 E.17795
G1 X-5.803 Y-8.204 E.01272
G1 X-5.853 Y-8.366 E.00796
G1 X-5.853 Y-8.536 E.00801
G1 X-6.447 Y-8.536 E.02796
G1 X-6.456 Y-8.296 E.01127
G1 X-6.543 Y-8.151 E.00795
G1 X-6.736 Y-8.077 E.00974
G1 X-6.736 Y-3.937 E.1947
G1 X-6.217 Y-4.456 E.03452
G1 X-6.058 Y-4.537 E.00838
G1 X-5.809 Y-4.456 E.01233
G1 X-5.646 Y-4.309 E.01029
G1 X-5.599 Y-4.3 E.00223
SET_VELOCITY_LIMIT ACCEL=10000
G1 E-1.2 F2100
;WIPE_START
G1 F9000
G1 X-5.646 Y-4.309
G1 X-5.809 Y-4.456
G1 X-6.058 Y-4.537
G1 X-6.217 Y-4.456
G1 X-6.736 Y-3.937
G1 X-6.736 Y-4.496
;WIPE_END
G1 X-13.444 Y-.855 Z.8 F30000
G1 X-31.599 Y9 Z.8
G1 Z.4
G1 E1.2 F2100
;TYPE:Gap infill
;WIDTH:0.84584
G1 F9000
G1 X31.599 Y9 E4.13485
;LAYER_CHANGE
;Z:0.6
;HEIGHT:0.2
;BEFORE_LAYER_CHANGE
;0.6
G1 E-1.2 F2100
;WIPE_START
G1 F9000
G1 X29.599 Y9
;WIPE_END
;AFTER_LAYER_CHANGE
;0.6
;_SET_FAN_SPEED_CHANGING_LAYER
G17
G3 Z1 I.455 J1.129 P1  F30000
G1 X31.31 Y8.31 Z1
G1 Z.6
G1 E1.2 F2100
SET_VELOCITY_LIMIT ACCEL=5000
;TYPE:Outer wall
;WIDTH:0.62
G1 F7200
G1 X-31.31 Y8.31 E2.94469
G1 X-31.31 Y4.19 E.19374
G1 X31.31 Y4.19 E2.94469
G1 X31.31 Y8.274 E.19205
SET_VELOCITY_LIMIT ACCEL=10000
G1 E-1.2 F2100
;WIPE_START
G1 F7200
G1 X29.31 Y8.275
;WIPE_END
G1 X21.737 Y7.321 Z1 F30000
G1 X-43.57 Y-.906 Z1
G1 Z.6
G1 E1.2 F2100
SET_VELOCITY_LIMIT ACCEL=5000
G1 F7200
G1 X-43.282 Y-1.282 E.02225
G1 X-42.906 Y-1.57 E.02225
G1 X-42.469 Y-1.751 E.02225
G1 X-42.105 Y-1.799 E.01726
G1 X-42 Y-1.813 E.00499
G1 X-41.531 Y-1.751 E.02225
G1 X-41.094 Y-1.57 E.02225
G1 X-40.718 Y-1.282 E.02225
G1 X-40.43 Y-.906 E.02225
G1 X-40.249 Y-.469 E.02225
G1 X-40.187 Y0 E.02225
G1 X-40.249 Y.469 E.02225
G1 X-40.43 Y.906 E.02225
G1 X-40.718 Y1.282 E.02225
G1 X-41.094 Y1.57 E.02225
G1 X-41.531 Y1.751 E.02225
G1 X-42 Y1.813 E.02225
G1 X-42.469 Y1.751 E.02225
G1 X-42.906 Y1.57 E.02225
G1 X-43.282 Y1.282 E.02225
G1 X-43.57 Y.906 E.02225
G1 X-43.751 Y.469 E.02225
G1 X-43.813 Y0 E.02225
G1 X-43.751 Y-.469 E.02225
G1 X-43.584 Y-.873 E.02056
SET_VELOCITY_LIMIT ACCEL=10000
G1 E-1.2 F2100
;WIPE_START
G1 F7200
G1 X-43.282 Y-1.282
G1 X-42.906 Y-1.57
G1 X-42.469 Y-1.751
G1 X-42.105 Y-1.799
G1 X-42 Y-1.813
G1 X-41.928 Y-1.803
;WIPE_END
G1 X-34.298 Y-1.636 Z1 F30000
G1 X40.187 Y0 Z1
G1 Z.6
G1 E1.2 F2100
SET_VELOCITY_LIMIT ACCEL=5000
G1 F7200
M73 P28 R6
G1 X40.249 Y-.469 E.02225
G1 X40.43 Y-.906 E.02225
G1 X40.718 Y-1.282 E.02225
G1 X41.094 Y-1.57 E.02225
G1 X41.531 Y-1.751 E.02225
G1 X41.895 Y-1.799 E.01726
G1 X42 Y-1.813 E.00499
G1 X42.469 Y-1.751 E.02225
G1 X42.906 Y-1.57 E.02225
G1 X43.282 Y-1.282 E.02225
G1 X43.57 Y-.906 E.02225
G1 X43.71 Y-.567 E.01726
G1 X43.751 Y-.469 E.00499
G1 X43.813 Y0 E.02225
G1 X43.751 Y.469 E.02225
G1 X43.57 Y.906 E.02225
G1 X43.282 Y1.282 E.02225
G1 X42.906 Y1.57 E.02225
G1 X42.469 Y1.751 E.02225
G1 X42 Y1.813 E.02225
G1 X41.531 Y1.751 E.02225
G1 X41.094 Y1.57 E.02225
G1 X40.718 Y1.282 E.02225
G1 X40.43 Y.906 E.02225
G1 X40.29 Y.567 E.01726
G1 X40.249 Y.469 E.00499
G1 X40.192 Y.036 E.02056
SET_VELOCITY_LIMIT ACCEL=10000
G1 E-1.2 F2100
;WIPE_START
G1 F7200
G1 X40.249 Y-.469
G1 X40.43 Y-.906
G1 X40.718 Y-1.282
G1 X41.094 Y-1.57
G1 X41.16 Y-1.598
;WIPE_END
G1 X33.619 Y-2.77 Z1 F30000
G1 X1.213 Y-7.81 Z1
G1 Z.6
G1 E1.2 F2100
SET_VELOCITY_LIMIT ACCEL=5000
;TYPE:Inner wall
G1 F9000
G1 X1.213 Y-8.387 E.02714
G1 X4.987 Y-8.387 E.17748
G1 X4.987 Y-3.613 E.2245
G1 X1.213 Y-3.613 E.17748
G1 X1.213 Y-7.774 E.19567
SET_VELOCITY_LIMIT ACCEL=10000
G1 X1.79 Y-7.81 F30000
SET_VELOCITY_LIMIT ACCEL=5000
;TYPE:Outer wall
G1 F7200
G1 X4.41 Y-7.81 E.1232
G1 X4.41 Y-4.19 E.17023
G1 X1.79 Y-4.19 E.1232
G1 X1.79 Y-7.774 E.16854
SET_VELOCITY_LIMIT ACCEL=10000
G1 E-1.2 F2100
;WIPE_START
G1 F7200
G1 X3.79 Y-7.801
;WIPE_END
G1 X7.89 Y-3.613 Z1 F30000
G1 Z.6
G1 E1.2 F2100
SET_VELOCITY_LIMIT ACCEL=5000
;TYPE:Inner wall
G1 F9000
G1 X7.313 Y-3.613 E.02714
G1 X7.313 Y-8.387 E.2245
G1 X11.087 Y-8.387 E.17748
G1 X11.087 Y-3.613 E.2245
G1 X7.926 Y-3.613 E.14865
SET_VELOCITY_LIMIT ACCEL=10000
G1 X7.89 Y-4.19 F30000
SET_VELOCITY_LIMIT ACCEL=5000
;TYPE:Outer wall
G1 F7200
G1 X7.89 Y-7.81 E.17023
G1 X10.51 Y-7.81 E.1232
G1 X10.51 Y-4.19 E.17023
G1 X7.926 Y-4.19 E.12151
SET_VELOCITY_LIMIT ACCEL=10000
G1 E-1.2 F2100
;WIPE_START
G1 F7200
G1 X7.906 Y-6.19
;WIPE_END
G1 X13.413 Y-7.81 Z1 F30000
G1 Z.6
G1 E1.2 F2100
SET_VELOCITY_LIMIT ACCEL=5000
;TYPE:Inner wall
G1 F9000
G1 X13.413 Y-8.387 E.02714
G1 X17.187 Y-8.387 E.17748
G1 X17.187 Y-3.613 E.2245
G1 X13.413 Y-3.613 E.17748
G1 X13.413 Y-7.774 E.19567
SET_VELOCITY_LIMIT ACCEL=10000
G1 X13.99 Y-7.81 F30000
SET_VELOCITY_LIMIT ACCEL=5000
;TYPE:Outer wall
G1 F7200
G1 X16.61 Y-7.81 E.1232
G1 X16.61 Y-4.19 E.17023
G1 X13.99 Y-4.19 E.1232
G1 X13.99 Y-7.774 E.16854
SET_VELOCITY_LIMIT ACCEL=10000
G1 E-1.2 F2100
;WIPE_START
G1 F7200
G1 X15.99 Y-7.801
;WIPE_END
G1 X19.513 Y-7.81 Z1 F30000
G1 Z.6
G1 E1.2 F2100
SET_VELOCITY_LIMIT ACCEL=5000
;TYPE:Inner wall
G1 F9000
G1 X19.513 Y-8.387 E.02714
G1 X23.287 Y-8.387 E.17748
G1 X23.287 Y-3.613 E.2245
G1 X19.513 Y-3.613 E.17748
G1 X19.513 Y-7.774 E.19567
SET_VELOCITY_LIMIT ACCEL=10000
G1 X20.09 Y-7.81 F30000
SET_VELOCITY_LIMIT ACCEL=5000
;TYPE:Outer wall
G1 F7200
G1 X22.71 Y-7.81 E.1232
G1 X22.71 Y-4.19 E.17023
G1 X20.09 Y-4.19 E.1232
G1 X20.09 Y-7.774 E.16854
SET_VELOCITY_LIMIT ACCEL=10000
G1 E-1.2 F2100
;WIPE_START
G1 F7200
G1 X22.09 Y-7.801
;WIPE_END
G1 X26.19 Y-3.613 Z1 F30000
G1 Z.6
G1 E1.2 F2100
SET_VELOCITY_LIMIT ACCEL=5000
;TYPE:Inner wall
G1 F9000
G1 X25.613 Y-3.613 E.02714
G1 X25.613 Y-8.387 E.2245
G1 X29.387 Y-8.387 E.17748
G1 X29.387 Y-3.613 E.2245
G1 X26.226 Y-3.613 E.14865
SET_VELOCITY_LIMIT ACCEL=10000
G1 X26.19 Y-4.19 F30000
SET_VELOCITY_LIMIT ACCEL=5000
;TYPE:Outer wall
G1 F7200
G1 X26.19 Y-7.81 E.17023
G1 X28.81 Y-7.81 E.1232
G1 X28.81 Y-4.19 E.17023
G1 X26.226 Y-4.19 E.12151
SET_VELOCITY_LIMIT ACCEL=10000
G1 E-1.2 F2100
;WIPE_START
G1 F7200
G1 X26.206 Y-6.19
;WIPE_END
G1 X18.584 Y-6.586 Z1 F30000
G1 X-4.987 Y-7.81 Z1
G1 Z.6
G1 E1.2 F2100
SET_VELOCITY_LIMIT ACCEL=5000
;TYPE:Inner wall
G1 F9000
G1 X-4.987 Y-8.387 E.02714
G1 X-1.213 Y-8.387 E.17748
G1 X-1.213 Y-3.613 E.2245
G1 X-4.987 Y-3.613 E.17748
G1 X-4.987 Y-7.774 E.19567
SET_VELOCITY_LIMIT ACCEL=10000
G1 X-4.41 Y-7.81 F30000
SET_VELOCITY_LIMIT ACCEL=5000
;TYPE:Outer wall
G1 F7200
G1 X-1.79 Y-7.81 E.1232
G1 X-1.79 Y-4.19 E.17023
G1 X-4.41 Y-4.19 E.1232
G1 X-4.41 Y-7.774 E.16854
SET_VELOCITY_LIMIT ACCEL=10000
G1 E-1.2 F2100
;WIPE_START
G1 F7200
G1 X-2.41 Y-7.801
;WIPE_END
G1 X-10.043 Y-7.809 Z1 F30000
G1 X-11.087 Y-7.81 Z1
G1 Z.6
G1 E1.2 F2100
SET_VELOCITY_LIMIT ACCEL=5000
;TYPE:Inner wall
G1 F9000
G1 X-11.087 Y-8.387 E.02714
G1 X-7.313 Y-8.387 E.17748
G1 X-7.313 Y-3.613 E.2245
G1 X-11.087 Y-3.613 E.17748
G1 X-11.087 Y-7.774 E.19567
SET_VELOCITY_LIMIT ACCEL=10000
G1 X-10.51 Y-7.81 F30000
SET_VELOCITY_LIMIT ACCEL=5000
;TYPE:Outer wall
G1 F7200
G1 X-7.89 Y-7.81 E.1232
G1 X-7.89 Y-4.19 E.17023
G1 X-10.51 Y-4.19 E.1232
G1 X-10.51 Y-7.774 E.16854
SET_VELOCITY_LIMIT ACCEL=10000
G1 E-1.2 F2100
;WIPE_START
G1 F7200
G1 X-8.51 Y-7.801
;WIPE_END
G1 X-15.387 Y-4.491 Z1 F30000
G1 X-17.21 Y-3.613 Z1
G1 Z.6
G1 E1.2 F2100
SET_VELOCITY_LIMIT ACCEL=5000
;TYPE:Inner wall
G1 F9000
G1 X-17.787 Y-3.613 E.02714
G1 X-17.787 Y-8.387 E.2245
G1 X-14.013 Y-8.387 E.17748
G1 X-14.013 Y-3.613 E.2245
G1 X-17.174 Y-3.613 E.14865
M73 P29 R6
SET_VELOCITY_LIMIT ACCEL=10000
G1 X-17.21 Y-4.19 F30000
SET_VELOCITY_LIMIT ACCEL=5000
;TYPE:Outer wall
G1 F7200
G1 X-17.21 Y-7.81 E.17023
G1 X-14.59 Y-7.81 E.1232
G1 X-14.59 Y-4.19 E.17023
G1 X-17.174 Y-4.19 E.12151
SET_VELOCITY_LIMIT ACCEL=10000
G1 E-1.2 F2100
;WIPE_START
G1 F7200
G1 X-17.194 Y-6.19
;WIPE_END
G1 X-22.71 Y-3.613 Z1 F30000
G1 Z.6
G1 E1.2 F2100
SET_VELOCITY_LIMIT ACCEL=5000
;TYPE:Inner wall
G1 F9000
G1 X-23.287 Y-3.613 E.02714
G1 X-23.287 Y-8.387 E.2245
G1 X-19.513 Y-8.387 E.17748
G1 X-19.513 Y-3.613 E.2245
G1 X-22.674 Y-3.613 E.14865
SET_VELOCITY_LIMIT ACCEL=10000
G1 X-22.71 Y-4.19 F30000
SET_VELOCITY_LIMIT ACCEL=5000
;TYPE:Outer wall
G1 F7200
G1 X-22.71 Y-7.81 E.17023
G1 X-20.09 Y-7.81 E.1232
G1 X-20.09 Y-4.19 E.17023
G1 X-22.674 Y-4.19 E.12151
SET_VELOCITY_LIMIT ACCEL=10000
G1 E-1.2 F2100
;WIPE_START
G1 F7200
G1 X-22.694 Y-6.19
;WIPE_END
G1 X-28.81 Y-3.613 Z1 F30000
G1 Z.6
G1 E1.2 F2100
SET_VELOCITY_LIMIT ACCEL=5000
;TYPE:Inner wall
G1 F9000
G1 X-29.387 Y-3.613 E.02714
G1 X-29.387 Y-8.387 E.2245
G1 X-25.613 Y-8.387 E.17748
G1 X-25.613 Y-3.613 E.2245
G1 X-28.774 Y-3.613 E.14865
SET_VELOCITY_LIMIT ACCEL=10000
G1 X-28.81 Y-4.19 F30000
SET_VELOCITY_LIMIT ACCEL=5000
;TYPE:Outer wall
G1 F7200
G1 X-28.81 Y-7.81 E.17023
G1 X-26.19 Y-7.81 E.1232
G1 X-26.19 Y-4.19 E.17023
G1 X-28.774 Y-4.19 E.12151
SET_VELOCITY_LIMIT ACCEL=10000
G1 E-1.2 F2100
;WIPE_START
G1 F7200
G1 X-28.794 Y-6.19
;WIPE_END
G1 X-21.193 Y-5.494 Z1 F30000
G1 X39.615 Y.072 Z1
G1 Z.6
G1 E1.2 F2100
SET_VELOCITY_LIMIT ACCEL=5000
;TYPE:Inner wall
G1 F9000
G1 X39.687 Y.62 E.02596
G1 X39.926 Y1.197 E.0294
G1 X40.307 Y1.693 E.0294
G1 X40.803 Y2.074 E.0294
G1 X41.38 Y2.313 E.0294
G1 X42 Y2.395 E.0294
G1 X42.62 Y2.313 E.0294
G1 X43.197 Y2.074 E.0294
G1 X43.693 Y1.693 E.0294
G1 X43.878 Y1.453 E.01426
G1 X44.113 Y1.532 E.01167
G1 X44.113 Y9.113 E.35647
G1 X31.887 Y9.113 E.57492
G1 X31.887 Y3.613 E.25864
G1 X-31.887 Y3.613 E2.99896
G1 X-31.887 Y9.113 E.25864
G1 X-44.113 Y9.113 E.57492
G1 X-44.113 Y1.532 E.35647
G1 X-43.878 Y1.453 E.01167
G1 X-43.693 Y1.693 E.01426
G1 X-43.197 Y2.074 E.0294
G1 X-42.62 Y2.313 E.0294
G1 X-42 Y2.395 E.0294
G1 X-41.38 Y2.313 E.0294
G1 X-40.803 Y2.074 E.0294
G1 X-40.307 Y1.693 E.0294
G1 X-39.926 Y1.197 E.0294
G1 X-39.687 Y.62 E.0294
G1 X-39.605 Y0 E.0294
G1 X-39.687 Y-.62 E.0294
G1 X-39.926 Y-1.197 E.0294
G1 X-40.307 Y-1.693 E.0294
G1 X-40.803 Y-2.074 E.0294
G1 X-41.38 Y-2.313 E.0294
G1 X-42 Y-2.395 E.0294
G1 X-42.62 Y-2.313 E.0294
G1 X-43.197 Y-2.074 E.0294
G1 X-43.693 Y-1.693 E.0294
G1 X-43.878 Y-1.453 E.01426
G1 X-44.113 Y-1.532 E.01167
G1 X-44.113 Y-9.113 E.35647
G1 X44.113 Y-9.113 E4.14879
G1 X44.113 Y-1.532 E.35647
G1 X43.878 Y-1.453 E.01167
G1 X43.693 Y-1.693 E.01426
G1 X43.197 Y-2.074 E.0294
G1 X42.62 Y-2.313 E.0294
G1 X42 Y-2.395 E.0294
G1 X41.38 Y-2.313 E.0294
G1 X40.803 Y-2.074 E.0294
G1 X40.307 Y-1.693 E.0294
G1 X39.926 Y-1.197 E.0294
G1 X39.687 Y-.62 E.0294
G1 X39.605 Y0 E.0294
G1 X39.61 Y.037 E.00174
SET_VELOCITY_LIMIT ACCEL=10000
G1 E-1.2 F2100
;WIPE_START
G1 F9000
G1 X39.687 Y.62
G1 X39.926 Y1.197
G1 X40.307 Y1.693
G1 X40.435 Y1.792
;WIPE_END
G1 X43.087 Y-5.365 Z1 F30000
G1 X44.69 Y-9.69 Z1
G1 Z.6
G1 E1.2 F2100
SET_VELOCITY_LIMIT ACCEL=5000
;TYPE:Outer wall
G1 F7200
G1 X44.69 Y9.69 E.91134
G1 X-44.69 Y9.69 E4.20307
G1 X-44.69 Y-9.69 E.91134
G1 X44.654 Y-9.69 E4.20137
M73 P30 R6
SET_VELOCITY_LIMIT ACCEL=10000
G1 E-1.2 F2100
;WIPE_START
G1 F7200
G1 X44.658 Y-7.69
;WIPE_END
G1 X42.722 Y-8.575 Z1 F30000
G1 Z.6
G1 E1.2 F2100
SET_VELOCITY_LIMIT ACCEL=7000
;TYPE:Internal solid infill
;WIDTH:0.542243
G1 F9000
G1 X43.575 Y-7.722 E.04905
G1 X43.575 Y-8.575 E.03468
G1 X42.758 Y-8.575 E.03322
SET_VELOCITY_LIMIT ACCEL=10000
G1 X44.09 Y-1.22 F30000
;TYPE:Gap infill
;WIDTH:0.518262
G1 F9000
G1 X44.13 Y-1.019 E.00792
;WIDTH:0.495439
G1 X44.17 Y-.819 E.00754
;WIDTH:0.449795
G1 X44.209 Y-.618 E.00678
;WIDTH:0.399696
G1 X44.234 Y-.294 E.00944
;WIDTH:0.359953
G1 X44.252 Y-.02 E.00711
;WIDTH:0.357717
G1 X44.234 Y.294 E.00806
;WIDTH:0.395946
G1 X44.216 Y.569 E.00792
;WIDTH:0.420457
G1 X44.128 Y1.233 E.02061
G1 X42.418 Y2.427 F30000
SET_VELOCITY_LIMIT ACCEL=7000
;TYPE:Internal solid infill
;WIDTH:0.620915
G1 F9000
G1 X43.767 Y3.776 E.08986
G1 X43.767 Y4.594 E.0385
G1 X41.603 Y2.43 E.14413
SET_VELOCITY_LIMIT ACCEL=10000
G1 E-1.2 F2100
;WIPE_START
G1 F9000
G1 X43.017 Y3.844
;WIPE_END
G1 X43.752 Y-3.753 Z1 F30000
G1 X44.026 Y-6.59 Z1
G1 Z.6
G1 E1.2 F2100
SET_VELOCITY_LIMIT ACCEL=7000
G1 F9000
G1 X41.85 Y-8.767 E.14495
G1 X41.033 Y-8.767 E.0385
G1 X43.74 Y-6.06 E.18032
G1 X43.74 Y-5.242 E.0385
G1 X40.215 Y-8.767 E.23477
G1 X39.398 Y-8.767 E.0385
G1 X43.74 Y-4.425 E.28921
G1 X43.74 Y-3.607 E.0385
G1 X38.581 Y-8.767 E.34366
G1 X37.763 Y-8.767 E.0385
G1 X43.74 Y-2.79 E.3981
G1 X43.74 Y-2.64 E.00705
G1 X43.373 Y-2.492 E.01863
G1 X43.168 Y-2.544 E.00996
G1 X36.946 Y-8.767 E.41449
G1 X36.128 Y-8.767 E.0385
G1 X42.15 Y-2.745 E.40107
G1 X42 Y-2.744 E.00704
G1 X41.411 Y-2.666 E.02798
G1 X35.311 Y-8.767 E.40633
G1 X34.493 Y-8.767 E.0385
G1 X40.809 Y-2.451 E.42066
G1 X40.628 Y-2.376 E.00922
G1 X40.31 Y-2.133 E.01887
G1 X33.676 Y-8.767 E.44189
G1 X32.859 Y-8.767 E.0385
G1 X39.897 Y-1.728 E.46882
G1 X39.624 Y-1.372 E.02115
G1 X39.569 Y-1.239 E.00677
G1 X32.041 Y-8.767 E.50139
G1 X31.224 Y-8.767 E.0385
G1 X39.341 Y-.649 E.5407
G1 X39.256 Y0 E.03083
G1 X39.269 Y.096 E.00454
G1 X30.406 Y-8.767 E.5903
G1 X30.022 Y-8.767 E.01811
G1 X30.022 Y-8.334 E.02039
G1 X43.767 Y5.411 E.91552
G1 X43.767 Y6.228 E.0385
G1 X29.733 Y-7.805 E.93474
G1 X29.733 Y-6.988 E.0385
G1 X43.767 Y7.046 E.93474
G1 X43.767 Y7.863 E.0385
G1 X29.733 Y-6.17 E.93474
G1 X29.733 Y-5.353 E.0385
G1 X43.767 Y8.681 E.93474
G1 X43.767 Y8.767 E.00405
G1 X43.035 Y8.767 E.03445
G1 X29.733 Y-4.535 E.88603
G1 X29.733 Y-3.718 E.0385
G1 X42.218 Y8.767 E.83158
G1 X41.401 Y8.767 E.0385
G1 X29.367 Y-3.267 E.80152
G1 X29.231 Y-3.267 E.00641
G1 X29.203 Y-3.24 E.00183
G1 X28.577 Y-3.24 E.0295
G1 X40.583 Y8.767 E.79974
G1 X39.766 Y8.767 E.0385
G1 X27.759 Y-3.24 E.79974
G1 X26.942 Y-3.24 E.0385
G1 X38.948 Y8.767 E.79974
G1 X38.131 Y8.767 E.0385
G1 X26.124 Y-3.24 E.79974
G1 X25.942 Y-3.24 E.00859
G1 X25.642 Y-2.94 E.01996
G1 X24.657 Y-3.925 E.06562
G1 X24.639 Y-3.908 E.00119
G1 X37.313 Y8.767 E.84421
G1 X36.496 Y8.767 E.0385
G1 X32.233 Y4.504 E.28393
G1 X32.233 Y5.321 E.0385
G1 X35.679 Y8.767 E.22949
G1 X34.861 Y8.767 E.0385
G1 X32.233 Y6.139 E.17504
G1 X32.233 Y6.956 E.0385
G1 X34.044 Y8.767 E.1206
G1 X33.226 Y8.767 E.0385
M73 P31 R6
G1 X31.974 Y7.514 E.08345
SET_VELOCITY_LIMIT ACCEL=10000
G1 X31.256 Y3.526 F30000
SET_VELOCITY_LIMIT ACCEL=7000
G1 F9000
G1 X23.912 Y-3.817 E.48913
G1 X23.791 Y-3.817 E.00571
G1 X23.587 Y-3.325 E.0251
G1 X30.179 Y3.267 E.43904
G1 X29.361 Y3.267 E.0385
G1 X22.855 Y-3.24 E.43339
G1 X22.037 Y-3.24 E.0385
G1 X28.544 Y3.267 E.43339
G1 X27.726 Y3.267 E.0385
G1 X21.22 Y-3.24 E.43339
G1 X20.402 Y-3.24 E.0385
G1 X26.909 Y3.267 E.43339
G1 X26.092 Y3.267 E.0385
G1 X19.585 Y-3.24 E.43339
G1 X19.413 Y-3.24 E.0081
G1 X19.113 Y-2.94 E.01996
G1 X18.128 Y-3.925 E.06562
G1 X18.105 Y-3.902 E.00153
G1 X25.274 Y3.267 E.47752
G1 X24.457 Y3.267 E.0385
G1 X17.534 Y-3.656 E.46113
G1 X17.533 Y-3.267 E.01835
G1 X17.106 Y-3.267 E.02013
G1 X23.639 Y3.267 E.43518
G1 X22.822 Y3.267 E.0385
G1 X16.315 Y-3.24 E.43339
G1 X15.498 Y-3.24 E.0385
G1 X22.005 Y3.267 E.43339
G1 X21.187 Y3.267 E.0385
G1 X14.681 Y-3.24 E.43339
G1 X13.863 Y-3.24 E.0385
G1 X20.37 Y3.267 E.43339
G1 X19.552 Y3.267 E.0385
G1 X12.388 Y-3.898 E.47722
G1 X12.307 Y-3.817 E.00539
G1 X11.651 Y-3.817 E.03088
G1 X18.735 Y3.267 E.47183
G1 X17.918 Y3.267 E.0385
G1 X11.384 Y-3.267 E.43518
G1 X11.322 Y-3.267 E.00295
G1 X11.31 Y-3.24 E.00137
G1 X10.594 Y-3.24 E.03377
G1 X17.1 Y3.267 E.43339
G1 X16.283 Y3.267 E.0385
G1 X9.776 Y-3.24 E.43339
G1 X8.959 Y-3.24 E.0385
G1 X15.465 Y3.267 E.43339
G1 X14.648 Y3.267 E.0385
G1 X8.141 Y-3.24 E.43339
G1 X7.324 Y-3.24 E.0385
G1 X13.83 Y3.267 E.43339
G1 X13.013 Y3.267 E.0385
G1 X5.854 Y-3.893 E.47687
G1 X5.818 Y-3.856 E.00241
G1 X5.333 Y-3.626 E.02525
G1 X5.333 Y-3.596 E.00144
G1 X12.196 Y3.267 E.45709
G1 X11.378 Y3.267 E.0385
G1 X4.845 Y-3.267 E.43518
G1 X4.028 Y-3.267 E.0385
G1 X10.561 Y3.267 E.43518
G1 X9.743 Y3.267 E.0385
G1 X3.21 Y-3.267 E.43518
G1 X2.393 Y-3.267 E.0385
G1 X9.186 Y3.526 E.45247
SET_VELOCITY_LIMIT ACCEL=10000
G1 X1.126 Y-4.533 F30000
SET_VELOCITY_LIMIT ACCEL=7000
G1 F9000
G1 X-.84 Y-6.499 E.13097
G1 X-.84 Y-5.682 E.0385
G1 X.867 Y-3.975 E.11367
G1 X.867 Y-3.267 E.03337
G1 X1.575 Y-3.267 E.03337
G1 X8.109 Y3.267 E.43518
G1 X7.291 Y3.267 E.0385
G1 X-.84 Y-4.864 E.5416
G1 X-.844 Y-4.051 E.03831
G1 X6.474 Y3.267 E.48742
G1 X5.656 Y3.267 E.0385
G1 X-.859 Y-3.248 E.43396
G1 X-1.668 Y-3.24 E.0381
G1 X4.839 Y3.267 E.43339
G1 X4.022 Y3.267 E.0385
G1 X-2.485 Y-3.24 E.43339
G1 X-3.302 Y-3.24 E.0385
G1 X3.204 Y3.267 E.43339
G1 X2.387 Y3.267 E.0385
G1 X-4.12 Y-3.24 E.43339
G1 X-4.937 Y-3.24 E.0385
G1 X1.569 Y3.267 E.43339
G1 X.752 Y3.267 E.0385
G1 X-6.398 Y-3.883 E.47622
G1 X-6.434 Y-3.846 E.00245
G1 X-6.967 Y-3.668 E.02643
G1 X-6.967 Y-3.635 E.00158
G1 X-.065 Y3.267 E.45968
G1 X-.883 Y3.267 E.0385
G1 X-7.416 Y-3.267 E.43518
G1 X-8.234 Y-3.267 E.0385
G1 X-1.7 Y3.267 E.43518
G1 X-2.518 Y3.267 E.0385
G1 X-9.051 Y-3.267 E.43518
G1 X-9.868 Y-3.267 E.0385
G1 X-3.075 Y3.526 E.45247
SET_VELOCITY_LIMIT ACCEL=10000
G1 X-11.174 Y-4.572 F30000
SET_VELOCITY_LIMIT ACCEL=7000
G1 F9000
G1 X-13.64 Y-7.038 E.16427
G1 X-13.64 Y-6.221 E.0385
G1 X-11.433 Y-4.014 E.14698
G1 X-11.433 Y-3.267 E.03521
G1 X-10.686 Y-3.267 E.03521
G1 X-4.152 Y3.267 E.43518
G1 X-4.97 Y3.267 E.0385
G1 X-13.64 Y-5.403 E.57749
G1 X-13.64 Y-4.586 E.0385
G1 X-5.787 Y3.267 E.52305
G1 X-6.605 Y3.267 E.0385
G1 X-13.667 Y-3.795 E.47039
G1 X-13.667 Y-3.267 E.0249
G1 X-13.955 Y-3.267 E.0136
G1 X-7.422 Y3.267 E.43518
G1 X-8.24 Y3.267 E.0385
G1 X-14.746 Y-3.24 E.43339
G1 X-15.564 Y-3.24 E.0385
M73 P32 R6
G1 X-9.057 Y3.267 E.43339
G1 X-9.874 Y3.267 E.0385
G1 X-16.381 Y-3.24 E.43339
G1 X-17.198 Y-3.24 E.0385
G1 X-10.692 Y3.267 E.43339
G1 X-11.509 Y3.267 E.0385
G1 X-18.016 Y-3.24 E.43339
G1 X-18.128 Y-3.24 E.0053
G1 X-18.428 Y-2.94 E.01996
G1 X-19.167 Y-3.679 E.04921
G1 X-19.167 Y-3.573 E.00498
G1 X-12.327 Y3.267 E.45561
G1 X-13.144 Y3.267 E.0385
G1 X-19.677 Y-3.267 E.43518
G1 X-19.746 Y-3.267 E.00321
G1 X-19.785 Y-3.24 E.00224
G1 X-20.468 Y-3.24 E.03217
G1 X-13.961 Y3.267 E.43339
G1 X-14.779 Y3.267 E.0385
G1 X-21.285 Y-3.24 E.43339
G1 X-22.103 Y-3.24 E.0385
G1 X-15.596 Y3.267 E.43339
G1 X-16.414 Y3.267 E.0385
G1 X-22.92 Y-3.24 E.43339
G1 X-23.025 Y-3.24 E.00493
G1 X-23.325 Y-2.94 E.01996
G1 X-24.31 Y-3.925 E.06562
G1 X-24.366 Y-3.869 E.00378
G1 X-17.231 Y3.267 E.47527
G1 X-18.048 Y3.267 E.0385
G1 X-25.132 Y-3.817 E.47183
G1 X-25.176 Y-3.817 E.00205
G1 X-25.267 Y-3.597 E.01121
G1 X-25.267 Y-3.267 E.01556
G1 X-25.399 Y-3.267 E.00624
G1 X-18.866 Y3.267 E.43518
G1 X-19.683 Y3.267 E.0385
G1 X-26.19 Y-3.24 E.43339
G1 X-27.007 Y-3.24 E.0385
G1 X-20.501 Y3.267 E.43339
G1 X-21.318 Y3.267 E.0385
G1 X-27.825 Y-3.24 E.43339
G1 X-28.642 Y-3.24 E.0385
G1 X-21.876 Y3.526 E.45069
SET_VELOCITY_LIMIT ACCEL=10000
G1 E-1.2 F2100
;WIPE_START
G1 F9000
G1 X-23.29 Y2.112
;WIPE_END
G1 X-27.737 Y-4.091 Z1 F30000
G1 X-29.5 Y-6.551 Z1
G1 Z.6
G1 E1.2 F2100
SET_VELOCITY_LIMIT ACCEL=7000
G1 F9000
G1 X-31.717 Y-8.767 E.14762
G1 X-32.534 Y-8.767 E.0385
G1 X-29.76 Y-5.993 E.18476
G1 X-29.76 Y-5.175 E.0385
G1 X-33.351 Y-8.767 E.23921
G1 X-34.169 Y-8.767 E.0385
G1 X-29.5 Y-4.098 E.31095
SET_VELOCITY_LIMIT ACCEL=10000
G1 X-35.246 Y-9.026 F30000
SET_VELOCITY_LIMIT ACCEL=7000
G1 F9000
G1 X-22.953 Y3.267 E.81882
G1 X-23.77 Y3.267 E.0385
G1 X-35.804 Y-8.767 E.80152
G1 X-36.621 Y-8.767 E.0385
G1 X-24.588 Y3.267 E.80152
G1 X-25.405 Y3.267 E.0385
G1 X-37.438 Y-8.767 E.80152
G1 X-38.256 Y-8.767 E.0385
G1 X-26.223 Y3.267 E.80152
G1 X-27.04 Y3.267 E.0385
G1 X-39.073 Y-8.767 E.80152
G1 X-39.891 Y-8.767 E.0385
G1 X-27.857 Y3.267 E.80152
G1 X-28.675 Y3.267 E.0385
G1 X-40.708 Y-8.767 E.80152
G1 X-41.526 Y-8.767 E.0385
G1 X-29.492 Y3.267 E.80152
G1 X-30.31 Y3.267 E.0385
G1 X-42.343 Y-8.767 E.80152
G1 X-43.16 Y-8.767 E.0385
G1 X-31.127 Y3.267 E.80152
G1 X-31.944 Y3.267 E.0385
G1 X-43.767 Y-8.556 E.78746
G1 X-43.767 Y-7.738 E.0385
G1 X-32.233 Y3.795 E.76822
G1 X-32.233 Y4.613 E.0385
G1 X-43.767 Y-6.921 E.76822
G1 X-43.767 Y-6.103 E.0385
G1 X-32.233 Y5.43 E.76822
G1 X-32.233 Y6.247 E.0385
G1 X-43.767 Y-5.286 E.76822
G1 X-43.767 Y-4.469 E.0385
G1 X-42.037 Y-2.739 E.1152
G1 X-42.75 Y-2.634 E.03392
G1 X-43.767 Y-3.651 E.06774
G1 X-43.767 Y-2.834 E.0385
G1 X-43.129 Y-2.196 E.04248
SET_VELOCITY_LIMIT ACCEL=10000
G1 E-1.2 F2100
;WIPE_START
G1 F9000
G1 X-43.767 Y-2.834
G1 X-43.767 Y-3.651
G1 X-43.568 Y-3.453
;WIPE_END
G1 X-39.551 Y-.253 Z1 F30000
G1 Z.6
G1 E1.2 F2100
SET_VELOCITY_LIMIT ACCEL=7000
G1 F9000
G1 X-32.233 Y7.065 E.48744
G1 X-32.233 Y7.882 E.0385
G1 X-39.366 Y.75 E.47509
G1 X-39.605 Y1.328 E.02947
G1 X-32.233 Y8.7 E.49103
G1 X-32.233 Y8.767 E.00316
M73 P33 R6
G1 X-32.984 Y8.767 E.03534
G1 X-39.951 Y1.799 E.46411
G1 X-40.06 Y1.94 E.00839
G1 X-40.381 Y2.187 E.01907
G1 X-33.801 Y8.767 E.43828
G1 X-34.618 Y8.767 E.0385
G1 X-40.897 Y2.488 E.41822
G1 X-41.29 Y2.65 E.02001
G1 X-41.522 Y2.681 E.01101
G1 X-35.436 Y8.767 E.40536
G1 X-36.253 Y8.767 E.0385
G1 X-42.318 Y2.702 E.40395
G1 X-42.71 Y2.65 E.01864
G1 X-43.372 Y2.376 E.03374
G1 X-43.755 Y2.083 E.02272
G1 X-37.071 Y8.767 E.44521
G1 X-37.888 Y8.767 E.0385
G1 X-43.767 Y2.888 E.39156
G1 X-43.767 Y3.706 E.0385
G1 X-38.706 Y8.767 E.33712
G1 X-39.523 Y8.767 E.0385
G1 X-43.767 Y4.523 E.28267
G1 X-43.767 Y5.34 E.0385
G1 X-40.34 Y8.767 E.22822
G1 X-41.158 Y8.767 E.0385
G1 X-43.767 Y6.158 E.17378
G1 X-43.767 Y6.975 E.0385
G1 X-41.975 Y8.767 E.11933
G1 X-42.793 Y8.767 E.0385
G1 X-44.026 Y7.533 E.08218
SET_VELOCITY_LIMIT ACCEL=10000
G1 X-44.128 Y1.233 F30000
;TYPE:Gap infill
;WIDTH:0.403463
G1 F9000
G1 X-44.216 Y.569 E.01968
G1 X-44.234 Y.294 E.00808
;WIDTH:0.359953
G1 X-44.252 Y.02 E.00711
;WIDTH:0.357717
G1 X-44.234 Y-.294 E.00806
;WIDTH:0.395946
G1 X-44.216 Y-.569 E.00792
;WIDTH:0.420458
G1 X-44.128 Y-1.233 E.02061
G1 X-43.659 Y-2.282 F30000
SET_VELOCITY_LIMIT ACCEL=7000
;TYPE:Internal solid infill
;WIDTH:0.55292
G1 F9000
G1 X-43.723 Y-2.282 E.00265
G1 X-43.755 Y-2.226 E.00265
G1 X-43.723 Y-2.171 E.00265
G1 X-43.659 Y-2.171 E.00265
G1 X-43.646 Y-2.195 E.00115
SET_VELOCITY_LIMIT ACCEL=10000
G1 X-29.676 Y-8.75 F30000
;TYPE:Gap infill
;WIDTH:0.191684
G1 F9000
G1 X-25.324 Y-8.75 E.05275
G1 X-23.576 Y-8.75 F30000
G1 F9000
G1 X-19.224 Y-8.75 E.05275
G1 X-18.65 Y-8.539 F30000
SET_VELOCITY_LIMIT ACCEL=7000
;TYPE:Internal solid infill
;WIDTH:0.614622
G1 F9000
G1 X-18.65 Y-8.377 E.00754
SET_VELOCITY_LIMIT ACCEL=10000
G1 X-18.363 Y-3.756 F30000
SET_VELOCITY_LIMIT ACCEL=7000
;WIDTH:0.617283
G1 F9000
G1 X-18.364 Y-8.077 E.20224
G1 X-18.581 Y-8.177 E.01116
G1 X-18.65 Y-8.341 E.00832
G1 X-18.719 Y-8.177 E.00832
G1 X-18.937 Y-8.076 E.01123
G1 X-18.937 Y-4.182 E.18227
G1 X-18.428 Y-3.675 E.03365
G1 X-18.385 Y-3.728 E.00318
SET_VELOCITY_LIMIT ACCEL=10000
G1 X-18.076 Y-8.75 F30000
;TYPE:Gap infill
;WIDTH:0.191684
G1 F9000
G1 X-13.724 Y-8.75 E.05275
G1 X-11.376 Y-8.75 F30000
G1 F9000
G1 X-7.024 Y-8.75 E.05275
G1 X-5.276 Y-8.75 F30000
G1 F9000
G1 X-.924 Y-8.75 E.05275
G1 X0 Y-7.365 F30000
SET_VELOCITY_LIMIT ACCEL=7000
;TYPE:Internal solid infill
;WIDTH:0.737524
G1 F9000
G1 X0 Y-7.659 E.01662
SET_VELOCITY_LIMIT ACCEL=10000
G1 X.636 Y-5.83 F30000
SET_VELOCITY_LIMIT ACCEL=7000
;WIDTH:0.619999
G1 F9000
G1 X.636 Y-8.077 E.10567
G1 X.399 Y-8.201 E.01258
G1 X.347 Y-8.366 E.0081
G1 X.347 Y-8.536 E.00801
G1 X-.347 Y-8.536 E.03266
G1 X-.362 Y-8.275 E.0123
G1 X-.437 Y-8.156 E.0066
G1 X-.636 Y-8.077 E.01005
G1 X-.636 Y-7.102 E.04587
G1 X.61 Y-5.855 E.08288
SET_VELOCITY_LIMIT ACCEL=10000
G1 E-1.2 F2100
;WIPE_START
G1 F9000
G1 X-.636 Y-7.102
G1 X-.636 Y-7.339
;WIPE_END
G1 X-5.564 Y-3.869 Z1 F30000
G1 Z.6
G1 E1.2 F2100
SET_VELOCITY_LIMIT ACCEL=7000
G1 F9000
G1 X-5.564 Y-8.077 E.19789
G1 X-5.803 Y-8.204 E.01272
G1 X-5.853 Y-8.366 E.00796
G1 X-5.853 Y-8.536 E.00801
G1 X-6.447 Y-8.536 E.02796
G1 X-6.456 Y-8.296 E.01127
G1 X-6.543 Y-8.151 E.00795
G1 X-6.736 Y-8.077 E.00974
G1 X-6.736 Y-4.293 E.17795
G1 X-6.559 Y-4.456 E.0113
G1 X-6.287 Y-4.532 E.01327
G1 X-6.151 Y-4.456 E.00735
G1 X-5.59 Y-3.894 E.03734
SET_VELOCITY_LIMIT ACCEL=10000
G1 X-6.15 Y-5.102 F30000
SET_VELOCITY_LIMIT ACCEL=7000
;WIDTH:0.63753
G1 F9000
G1 X-6.15 Y-7.681 E.12495
SET_VELOCITY_LIMIT ACCEL=10000
G1 E-1.2 F2100
;WIPE_START
G1 F9000
G1 X-6.15 Y-5.681
;WIPE_END
G1 X-11.664 Y-5.888 Z1 F30000
G1 Z.6
G1 E1.2 F2100
SET_VELOCITY_LIMIT ACCEL=7000
;WIDTH:0.619999
G1 F9000
G1 X-11.664 Y-8.077 E.10293
G1 X-11.904 Y-8.206 E.01281
G1 X-11.953 Y-8.536 E.0157
G1 X-13.147 Y-8.536 E.05618
G1 X-13.193 Y-8.21 E.0155
G1 X-13.272 Y-8.128 E.00534
G1 X-13.436 Y-8.077 E.00806
G1 X-13.436 Y-7.66 E.01961
G1 X-11.69 Y-5.914 E.11613
SET_VELOCITY_LIMIT ACCEL=10000
G1 E-1.2 F2100
;WIPE_START
G1 F9000
G1 X-13.104 Y-7.328
;WIPE_END
G1 X-20.436 Y-5.206 Z1 F30000
G1 X-23.864 Y-4.214 Z1
G1 Z.6
M73 P33 R5
G1 E1.2 F2100
SET_VELOCITY_LIMIT ACCEL=7000
G1 F9000
G1 X-23.864 Y-8.077 E.18164
G1 X-24.103 Y-8.204 E.01272
G1 X-24.153 Y-8.366 E.00796
G1 X-24.153 Y-8.536 E.00801
G1 X-24.747 Y-8.536 E.02796
G1 X-24.756 Y-8.296 E.01127
G1 X-24.843 Y-8.151 E.00795
G1 X-25.036 Y-8.077 E.00974
G1 X-25.036 Y-4.336 E.17591
G1 X-24.633 Y-4.336 E.01893
G1 X-24.514 Y-4.456 E.00795
G1 X-24.356 Y-4.537 E.00833
G1 X-24.106 Y-4.456 E.01237
G1 X-23.89 Y-4.24 E.01437
SET_VELOCITY_LIMIT ACCEL=10000
G1 X-24.45 Y-5.115 F30000
SET_VELOCITY_LIMIT ACCEL=7000
;WIDTH:0.637526
G1 F9000
G1 X-24.45 Y-7.681 E.12431
SET_VELOCITY_LIMIT ACCEL=10000
G1 E-1.2 F2100
;WIPE_START
G1 F9000
G1 X-24.45 Y-5.681
;WIPE_END
G1 X-27.791 Y1.182 Z1 F30000
G1 X-31.599 Y9 Z1
G1 Z.6
G1 E1.2 F2100
;TYPE:Gap infill
;WIDTH:0.84584
G1 F9000
G1 X31.599 Y9 E4.13485
G1 X29.676 Y-8.75 F30000
;WIDTH:0.191684
G1 F9000
G1 X25.324 Y-8.75 E.05275
G1 X23.576 Y-8.75 F30000
G1 F9000
G1 X19.224 Y-8.75 E.05275
G1 X17.476 Y-8.75 F30000
G1 F9000
G1 X13.124 Y-8.75 E.05275
G1 X11.376 Y-8.75 F30000
G1 F9000
G1 X7.024 Y-8.75 E.05275
G1 X5.276 Y-8.75 F30000
G1 F9000
G1 X.924 Y-8.75 E.05275
G1 E-1.2 F2100
;WIPE_START
G1 F9000
G1 X2.924 Y-8.75
;WIPE_END
G1 X5.564 Y-4.338 Z1 F30000
G1 Z.6
G1 E1.2 F2100
SET_VELOCITY_LIMIT ACCEL=7000
;TYPE:Internal solid infill
;WIDTH:0.619999
G1 F9000
G1 X5.682 Y-4.456 E.00787
G1 X5.973 Y-4.527 E.01409
G1 X6.091 Y-4.456 E.00644
G1 X6.736 Y-3.811 E.04291
G1 X6.736 Y-8.077 E.20063
G1 X6.497 Y-8.204 E.01272
G1 X6.447 Y-8.366 E.00796
G1 X6.447 Y-8.536 E.00801
G1 X5.853 Y-8.536 E.02796
G1 X5.844 Y-8.296 E.01127
G1 X5.757 Y-8.151 E.00795
G1 X5.564 Y-8.077 E.00974
G1 X5.564 Y-4.374 E.17416
SET_VELOCITY_LIMIT ACCEL=10000
G1 X11.664 Y-4.336 F30000
SET_VELOCITY_LIMIT ACCEL=7000
G1 F9000
G1 X12.092 Y-4.336 E.02011
G1 X12.211 Y-4.456 E.00795
G1 X12.361 Y-4.535 E.00796
G1 X12.619 Y-4.456 E.01272
G1 X12.836 Y-4.239 E.01439
G1 X12.836 Y-8.077 E.18046
G1 X12.597 Y-8.204 E.01272
G1 X12.547 Y-8.366 E.00796
G1 X12.547 Y-8.536 E.00801
G1 X11.953 Y-8.536 E.02796
G1 X11.944 Y-8.296 E.01127
G1 X11.857 Y-8.151 E.00795
G1 X11.664 Y-8.077 E.00974
G1 X11.664 Y-4.372 E.17421
SET_VELOCITY_LIMIT ACCEL=10000
G1 X17.764 Y-4.297 F30000
SET_VELOCITY_LIMIT ACCEL=7000
G1 F9000
G1 X17.924 Y-4.456 E.01061
G1 X18.201 Y-4.531 E.01351
G1 X18.332 Y-4.456 E.00709
G1 X18.936 Y-3.852 E.04014
G1 X18.936 Y-8.077 E.19867
G1 X18.697 Y-8.204 E.01272
G1 X18.647 Y-8.366 E.00796
G1 X18.647 Y-8.536 E.00801
G1 X18.053 Y-8.536 E.02796
G1 X18.044 Y-8.296 E.01127
G1 X17.957 Y-8.151 E.00795
G1 X17.764 Y-8.077 E.00974
G1 X17.764 Y-4.333 E.17608
SET_VELOCITY_LIMIT ACCEL=10000
G1 X23.864 Y-4.336 F30000
SET_VELOCITY_LIMIT ACCEL=7000
G1 F9000
G1 X24.334 Y-4.336 E.02207
G1 X24.589 Y-4.532 E.01513
G1 X24.861 Y-4.456 E.0133
G1 X25.036 Y-4.281 E.01162
G1 X25.036 Y-8.077 E.1785
G1 X24.797 Y-8.204 E.01272
M73 P34 R5
G1 X24.747 Y-8.366 E.00796
G1 X24.747 Y-8.536 E.00801
G1 X24.153 Y-8.536 E.02796
G1 X24.144 Y-8.296 E.01127
G1 X24.057 Y-8.151 E.00795
G1 X23.864 Y-8.077 E.00974
G1 X23.864 Y-4.372 E.17421
;LAYER_CHANGE
;Z:0.8
;HEIGHT:0.2
;BEFORE_LAYER_CHANGE
;0.8
G1 E-1.2 F2100
;WIPE_START
G1 F9000
G1 X23.864 Y-6.372
;WIPE_END
;AFTER_LAYER_CHANGE
;0.8
;_SET_FAN_SPEED_CHANGING_LAYER
SET_VELOCITY_LIMIT ACCEL=10000
G17
G3 Z1.2 I-1.085 J.55 P1  F30000
G1 X31.31 Y8.31 Z1.2
G1 Z.8
G1 E1.2 F2100
SET_VELOCITY_LIMIT ACCEL=5000
;TYPE:Outer wall
;WIDTH:0.62
G1 F7200
G1 X-31.31 Y8.31 E2.94469
G1 X-31.31 Y4.19 E.19374
G1 X31.31 Y4.19 E2.94469
G1 X31.31 Y8.274 E.19205
SET_VELOCITY_LIMIT ACCEL=10000
G1 E-1.2 F2100
;WIPE_START
G1 F7200
G1 X29.31 Y8.275
;WIPE_END
G1 X21.737 Y7.321 Z1.2 F30000
G1 X-43.57 Y-.906 Z1.2
G1 Z.8
G1 E1.2 F2100
SET_VELOCITY_LIMIT ACCEL=5000
G1 F7200
G1 X-43.282 Y-1.282 E.02225
G1 X-42.906 Y-1.57 E.02225
G1 X-42.469 Y-1.751 E.02225
G1 X-42.131 Y-1.795 E.01604
G1 X-42 Y-1.813 E.00622
G1 X-41.531 Y-1.751 E.02225
G1 X-41.094 Y-1.57 E.02225
G1 X-40.718 Y-1.282 E.02225
G1 X-40.43 Y-.906 E.02225
G1 X-40.249 Y-.469 E.02225
G1 X-40.187 Y0 E.02225
G1 X-40.249 Y.469 E.02225
G1 X-40.43 Y.906 E.02225
G1 X-40.718 Y1.282 E.02225
G1 X-41.094 Y1.57 E.02225
G1 X-41.531 Y1.751 E.02225
G1 X-42 Y1.813 E.02225
G1 X-42.469 Y1.751 E.02225
G1 X-42.906 Y1.57 E.02225
G1 X-43.282 Y1.282 E.02225
G1 X-43.57 Y.906 E.02225
G1 X-43.751 Y.469 E.02225
G1 X-43.813 Y0 E.02225
G1 X-43.751 Y-.469 E.02225
G1 X-43.584 Y-.873 E.02056
SET_VELOCITY_LIMIT ACCEL=10000
G1 E-1.2 F2100
;WIPE_START
G1 F7200
G1 X-43.282 Y-1.282
G1 X-42.906 Y-1.57
G1 X-42.469 Y-1.751
G1 X-42.131 Y-1.795
G1 X-42 Y-1.813
G1 X-41.928 Y-1.803
;WIPE_END
G1 X-34.298 Y-1.636 Z1.2 F30000
G1 X40.187 Y0 Z1.2
G1 Z.8
G1 E1.2 F2100
SET_VELOCITY_LIMIT ACCEL=5000
G1 F7200
G1 X40.249 Y-.469 E.02225
G1 X40.43 Y-.906 E.02225
G1 X40.718 Y-1.282 E.02225
G1 X41.094 Y-1.57 E.02225
G1 X41.531 Y-1.751 E.02225
G1 X41.869 Y-1.795 E.01604
G1 X42 Y-1.813 E.00622
G1 X42.469 Y-1.751 E.02225
G1 X42.906 Y-1.57 E.02225
G1 X43.282 Y-1.282 E.02225
G1 X43.57 Y-.906 E.02225
G1 X43.7 Y-.591 E.01604
G1 X43.751 Y-.469 E.00622
G1 X43.813 Y0 E.02225
G1 X43.751 Y.469 E.02225
G1 X43.57 Y.906 E.02225
G1 X43.282 Y1.282 E.02225
G1 X42.906 Y1.57 E.02225
G1 X42.469 Y1.751 E.02225
G1 X42 Y1.813 E.02225
G1 X41.531 Y1.751 E.02225
G1 X41.094 Y1.57 E.02225
G1 X40.718 Y1.282 E.02225
G1 X40.43 Y.906 E.02225
G1 X40.3 Y.591 E.01604
G1 X40.249 Y.469 E.00622
G1 X40.192 Y.036 E.02056
SET_VELOCITY_LIMIT ACCEL=10000
G1 E-1.2 F2100
;WIPE_START
G1 F7200
G1 X40.249 Y-.469
G1 X40.43 Y-.906
G1 X40.718 Y-1.282
G1 X41.094 Y-1.57
G1 X41.16 Y-1.598
;WIPE_END
G1 X33.619 Y-2.77 Z1.2 F30000
G1 X1.213 Y-7.81 Z1.2
G1 Z.8
G1 E1.2 F2100
SET_VELOCITY_LIMIT ACCEL=5000
;TYPE:Inner wall
G1 F9000
G1 X1.213 Y-8.387 E.02714
G1 X4.987 Y-8.387 E.17748
G1 X4.987 Y-3.613 E.2245
G1 X1.213 Y-3.613 E.17748
G1 X1.213 Y-7.774 E.19567
SET_VELOCITY_LIMIT ACCEL=10000
G1 X1.79 Y-7.81 F30000
SET_VELOCITY_LIMIT ACCEL=5000
;TYPE:Outer wall
G1 F7200
G1 X4.41 Y-7.81 E.1232
G1 X4.41 Y-4.19 E.17023
G1 X1.79 Y-4.19 E.1232
G1 X1.79 Y-7.774 E.16854
SET_VELOCITY_LIMIT ACCEL=10000
G1 E-1.2 F2100
;WIPE_START
G1 F7200
G1 X3.79 Y-7.801
;WIPE_END
G1 X7.89 Y-3.613 Z1.2 F30000
G1 Z.8
G1 E1.2 F2100
SET_VELOCITY_LIMIT ACCEL=5000
;TYPE:Inner wall
G1 F9000
G1 X7.313 Y-3.613 E.02714
G1 X7.313 Y-8.387 E.2245
G1 X11.087 Y-8.387 E.17748
G1 X11.087 Y-3.613 E.2245
G1 X7.926 Y-3.613 E.14865
SET_VELOCITY_LIMIT ACCEL=10000
G1 X7.89 Y-4.19 F30000
SET_VELOCITY_LIMIT ACCEL=5000
;TYPE:Outer wall
G1 F7200
G1 X7.89 Y-7.81 E.17023
G1 X10.51 Y-7.81 E.1232
G1 X10.51 Y-4.19 E.17023
G1 X7.926 Y-4.19 E.12151
SET_VELOCITY_LIMIT ACCEL=10000
G1 E-1.2 F2100
;WIPE_START
G1 F7200
G1 X7.906 Y-6.19
;WIPE_END
G1 X13.413 Y-7.81 Z1.2 F30000
G1 Z.8
G1 E1.2 F2100
SET_VELOCITY_LIMIT ACCEL=5000
;TYPE:Inner wall
G1 F9000
G1 X13.413 Y-8.387 E.02714
G1 X17.187 Y-8.387 E.17748
G1 X17.187 Y-3.613 E.2245
G1 X13.413 Y-3.613 E.17748
G1 X13.413 Y-7.774 E.19567
SET_VELOCITY_LIMIT ACCEL=10000
G1 X13.99 Y-7.81 F30000
SET_VELOCITY_LIMIT ACCEL=5000
;TYPE:Outer wall
G1 F7200
G1 X16.61 Y-7.81 E.1232
G1 X16.61 Y-4.19 E.17023
G1 X13.99 Y-4.19 E.1232
G1 X13.99 Y-7.774 E.16854
SET_VELOCITY_LIMIT ACCEL=10000
G1 E-1.2 F2100
;WIPE_START
G1 F7200
G1 X15.99 Y-7.801
;WIPE_END
G1 X19.513 Y-7.81 Z1.2 F30000
G1 Z.8
G1 E1.2 F2100
SET_VELOCITY_LIMIT ACCEL=5000
;TYPE:Inner wall
G1 F9000
G1 X19.513 Y-8.387 E.02714
G1 X23.287 Y-8.387 E.17748
G1 X23.287 Y-3.613 E.2245
G1 X19.513 Y-3.613 E.17748
G1 X19.513 Y-7.774 E.19567
M73 P35 R5
SET_VELOCITY_LIMIT ACCEL=10000
G1 X20.09 Y-7.81 F30000
SET_VELOCITY_LIMIT ACCEL=5000
;TYPE:Outer wall
G1 F7200
G1 X22.71 Y-7.81 E.1232
G1 X22.71 Y-4.19 E.17023
G1 X20.09 Y-4.19 E.1232
G1 X20.09 Y-7.774 E.16854
SET_VELOCITY_LIMIT ACCEL=10000
G1 E-1.2 F2100
;WIPE_START
G1 F7200
G1 X22.09 Y-7.801
;WIPE_END
G1 X26.19 Y-3.613 Z1.2 F30000
G1 Z.8
G1 E1.2 F2100
SET_VELOCITY_LIMIT ACCEL=5000
;TYPE:Inner wall
G1 F9000
G1 X25.613 Y-3.613 E.02714
G1 X25.613 Y-8.387 E.2245
G1 X29.387 Y-8.387 E.17748
G1 X29.387 Y-3.613 E.2245
G1 X26.226 Y-3.613 E.14865
SET_VELOCITY_LIMIT ACCEL=10000
G1 X26.19 Y-4.19 F30000
SET_VELOCITY_LIMIT ACCEL=5000
;TYPE:Outer wall
G1 F7200
G1 X26.19 Y-7.81 E.17023
G1 X28.81 Y-7.81 E.1232
G1 X28.81 Y-4.19 E.17023
G1 X26.226 Y-4.19 E.12151
SET_VELOCITY_LIMIT ACCEL=10000
G1 E-1.2 F2100
;WIPE_START
G1 F7200
G1 X26.206 Y-6.19
;WIPE_END
G1 X18.584 Y-6.586 Z1.2 F30000
G1 X-4.987 Y-7.81 Z1.2
G1 Z.8
G1 E1.2 F2100
SET_VELOCITY_LIMIT ACCEL=5000
;TYPE:Inner wall
G1 F9000
G1 X-4.987 Y-8.387 E.02714
G1 X-1.213 Y-8.387 E.17748
G1 X-1.213 Y-3.613 E.2245
G1 X-4.987 Y-3.613 E.17748
G1 X-4.987 Y-7.774 E.19567
SET_VELOCITY_LIMIT ACCEL=10000
G1 X-4.41 Y-7.81 F30000
SET_VELOCITY_LIMIT ACCEL=5000
;TYPE:Outer wall
G1 F7200
G1 X-1.79 Y-7.81 E.1232
G1 X-1.79 Y-4.19 E.17023
G1 X-4.41 Y-4.19 E.1232
G1 X-4.41 Y-7.774 E.16854
SET_VELOCITY_LIMIT ACCEL=10000
G1 E-1.2 F2100
;WIPE_START
G1 F7200
G1 X-2.41 Y-7.801
;WIPE_END
G1 X-10.043 Y-7.809 Z1.2 F30000
G1 X-11.087 Y-7.81 Z1.2
G1 Z.8
G1 E1.2 F2100
SET_VELOCITY_LIMIT ACCEL=5000
;TYPE:Inner wall
G1 F9000
G1 X-11.087 Y-8.387 E.02714
G1 X-7.313 Y-8.387 E.17748
G1 X-7.313 Y-3.613 E.2245
G1 X-11.087 Y-3.613 E.17748
G1 X-11.087 Y-7.774 E.19567
SET_VELOCITY_LIMIT ACCEL=10000
G1 X-10.51 Y-7.81 F30000
SET_VELOCITY_LIMIT ACCEL=5000
;TYPE:Outer wall
G1 F7200
G1 X-7.89 Y-7.81 E.1232
G1 X-7.89 Y-4.19 E.17023
G1 X-10.51 Y-4.19 E.1232
G1 X-10.51 Y-7.774 E.16854
SET_VELOCITY_LIMIT ACCEL=10000
G1 E-1.2 F2100
;WIPE_START
G1 F7200
G1 X-8.51 Y-7.801
;WIPE_END
G1 X-15.387 Y-4.491 Z1.2 F30000
G1 X-17.21 Y-3.613 Z1.2
G1 Z.8
G1 E1.2 F2100
SET_VELOCITY_LIMIT ACCEL=5000
;TYPE:Inner wall
G1 F9000
G1 X-17.787 Y-3.613 E.02714
G1 X-17.787 Y-8.387 E.2245
G1 X-14.013 Y-8.387 E.17748
G1 X-14.013 Y-3.613 E.2245
G1 X-17.174 Y-3.613 E.14865
SET_VELOCITY_LIMIT ACCEL=10000
G1 X-17.21 Y-4.19 F30000
SET_VELOCITY_LIMIT ACCEL=5000
;TYPE:Outer wall
G1 F7200
G1 X-17.21 Y-7.81 E.17023
G1 X-14.59 Y-7.81 E.1232
G1 X-14.59 Y-4.19 E.17023
G1 X-17.174 Y-4.19 E.12151
SET_VELOCITY_LIMIT ACCEL=10000
G1 E-1.2 F2100
;WIPE_START
G1 F7200
G1 X-17.194 Y-6.19
;WIPE_END
G1 X-22.71 Y-3.613 Z1.2 F30000
G1 Z.8
G1 E1.2 F2100
SET_VELOCITY_LIMIT ACCEL=5000
;TYPE:Inner wall
G1 F9000
G1 X-23.287 Y-3.613 E.02714
G1 X-23.287 Y-8.387 E.2245
G1 X-19.513 Y-8.387 E.17748
G1 X-19.513 Y-3.613 E.2245
G1 X-22.674 Y-3.613 E.14865
SET_VELOCITY_LIMIT ACCEL=10000
G1 X-22.71 Y-4.19 F30000
SET_VELOCITY_LIMIT ACCEL=5000
;TYPE:Outer wall
G1 F7200
G1 X-22.71 Y-7.81 E.17023
G1 X-20.09 Y-7.81 E.1232
G1 X-20.09 Y-4.19 E.17023
G1 X-22.674 Y-4.19 E.12151
SET_VELOCITY_LIMIT ACCEL=10000
G1 E-1.2 F2100
;WIPE_START
G1 F7200
G1 X-22.694 Y-6.19
;WIPE_END
G1 X-28.81 Y-3.613 Z1.2 F30000
G1 Z.8
G1 E1.2 F2100
SET_VELOCITY_LIMIT ACCEL=5000
;TYPE:Inner wall
G1 F9000
G1 X-29.387 Y-3.613 E.02714
G1 X-29.387 Y-8.387 E.2245
G1 X-25.613 Y-8.387 E.17748
G1 X-25.613 Y-3.613 E.2245
G1 X-28.774 Y-3.613 E.14865
SET_VELOCITY_LIMIT ACCEL=10000
G1 X-28.81 Y-4.19 F30000
SET_VELOCITY_LIMIT ACCEL=5000
;TYPE:Outer wall
G1 F7200
G1 X-28.81 Y-7.81 E.17023
G1 X-26.19 Y-7.81 E.1232
G1 X-26.19 Y-4.19 E.17023
G1 X-28.774 Y-4.19 E.12151
SET_VELOCITY_LIMIT ACCEL=10000
G1 E-1.2 F2100
;WIPE_START
G1 F7200
G1 X-28.794 Y-6.19
;WIPE_END
G1 X-21.193 Y-5.494 Z1.2 F30000
G1 X39.615 Y.073 Z1.2
G1 Z.8
G1 E1.2 F2100
SET_VELOCITY_LIMIT ACCEL=5000
;TYPE:Inner wall
G1 F9000
G1 X39.687 Y.62 E.02596
G1 X39.926 Y1.197 E.0294
G1 X40.307 Y1.693 E.0294
G1 X40.803 Y2.074 E.0294
G1 X41.38 Y2.313 E.0294
G1 X42 Y2.395 E.0294
G1 X42.62 Y2.313 E.0294
G1 X43.197 Y2.074 E.0294
G1 X43.693 Y1.693 E.0294
G1 X43.878 Y1.453 E.01426
G1 X44.113 Y1.532 E.01167
G1 X44.113 Y9.113 E.35647
G1 X31.887 Y9.113 E.57492
G1 X31.887 Y3.613 E.25864
G1 X-31.887 Y3.613 E2.99896
G1 X-31.887 Y9.113 E.25864
M73 P36 R5
G1 X-44.113 Y9.113 E.57492
G1 X-44.113 Y1.532 E.35647
G1 X-43.878 Y1.453 E.01167
G1 X-43.693 Y1.693 E.01426
G1 X-43.197 Y2.074 E.0294
G1 X-42.62 Y2.313 E.0294
G1 X-42 Y2.395 E.0294
G1 X-41.38 Y2.313 E.0294
G1 X-40.803 Y2.074 E.0294
G1 X-40.307 Y1.693 E.0294
G1 X-39.926 Y1.197 E.0294
G1 X-39.687 Y.62 E.0294
G1 X-39.605 Y0 E.0294
G1 X-39.687 Y-.62 E.0294
G1 X-39.926 Y-1.197 E.0294
G1 X-40.307 Y-1.693 E.0294
G1 X-40.803 Y-2.074 E.0294
G1 X-41.38 Y-2.313 E.0294
G1 X-42 Y-2.395 E.0294
G1 X-42.62 Y-2.313 E.0294
G1 X-43.197 Y-2.074 E.0294
G1 X-43.693 Y-1.693 E.0294
G1 X-43.878 Y-1.453 E.01426
G1 X-44.113 Y-1.532 E.01167
G1 X-44.113 Y-9.113 E.35647
G1 X44.113 Y-9.113 E4.14879
G1 X44.113 Y-1.532 E.35647
G1 X43.878 Y-1.453 E.01167
G1 X43.693 Y-1.693 E.01426
G1 X43.197 Y-2.074 E.0294
G1 X42.62 Y-2.313 E.0294
G1 X42 Y-2.395 E.0294
G1 X41.38 Y-2.313 E.0294
G1 X40.803 Y-2.074 E.0294
G1 X40.307 Y-1.693 E.0294
G1 X39.926 Y-1.197 E.0294
G1 X39.687 Y-.62 E.0294
G1 X39.605 Y0 E.0294
G1 X39.61 Y.037 E.00175
SET_VELOCITY_LIMIT ACCEL=10000
G1 E-1.2 F2100
;WIPE_START
G1 F9000
G1 X39.687 Y.62
G1 X39.926 Y1.197
G1 X40.307 Y1.693
G1 X40.435 Y1.792
;WIPE_END
G1 X43.087 Y-5.365 Z1.2 F30000
G1 X44.69 Y-9.69 Z1.2
G1 Z.8
G1 E1.2 F2100
SET_VELOCITY_LIMIT ACCEL=5000
;TYPE:Outer wall
G1 F7200
G1 X44.69 Y9.69 E.91134
G1 X-44.69 Y9.69 E4.20307
G1 X-44.69 Y-9.69 E.91134
G1 X44.654 Y-9.69 E4.20137
SET_VELOCITY_LIMIT ACCEL=10000
G1 E-1.2 F2100
;WIPE_START
G1 F7200
G1 X44.658 Y-7.69
;WIPE_END
G1 X44.128 Y-1.233 Z1.2 F30000
G1 Z.8
G1 E1.2 F2100
;TYPE:Gap infill
;WIDTH:0.403463
G1 F9000
G1 X44.216 Y-.569 E.01968
G1 X44.234 Y-.294 E.00808
;WIDTH:0.359953
G1 X44.252 Y-.02 E.00711
;WIDTH:0.357717
G1 X44.234 Y.294 E.00806
;WIDTH:0.395946
G1 X44.216 Y.569 E.00792
;WIDTH:0.420458
G1 X44.128 Y1.233 E.02061
G1 X40.849 Y2.468 F30000
;TYPE:Sparse infill
;WIDTH:0.62
G1 F6000
G1 X41.29 Y2.65 E.02244
G1 X42 Y2.744 E.03368
G1 X42.71 Y2.65 E.03368
G1 X43.078 Y2.498 E.01874
G1 X43.767 Y2.803 E.03541
G1 X43.767 Y5.112 E.10855
G1 X31.599 Y9 F30000
;TYPE:Gap infill
;WIDTH:0.84584
G1 F9000
G1 X-31.599 Y9 E4.13485
G1 X-35.993 Y8.767 F30000
;TYPE:Sparse infill
;WIDTH:0.62
G1 F6000
G1 X-38.301 Y8.767 E.10855
G1 X-39.663 Y8.162 E.07008
G1 X-40.48 Y7.345 E.05435
G1 X-41.784 Y4.407 E.15114
G1 X-42.601 Y3.59 E.05435
G1 X-43.767 Y3.073 E.05996
G1 X-43.767 Y2.073 E.04698
G1 X-43.372 Y2.376 E.02339
G1 X-42.71 Y2.65 E.03368
G1 X-42 Y2.744 E.03368
G1 X-41.29 Y2.65 E.03368
G1 X-40.628 Y2.376 E.03369
G1 X-40.038 Y1.912 E.03532
G1 X-39.663 Y2.286 E.02492
G1 X-36.725 Y3.59 E.15114
G1 X-35.908 Y4.407 E.05435
G1 X-34.604 Y7.345 E.15114
G1 X-33.787 Y8.162 E.05435
G1 X-32.425 Y8.767 E.07008
G1 X-32.233 Y8.767 E.00901
G1 X-32.233 Y3.267 E.25864
G1 X-31.577 Y3.267 E.03085
G1 X-33.787 Y2.286 E.11369
G1 X-34.604 Y1.469 E.05435
G1 X-35.908 Y-1.469 E.15114
G1 X-36.725 Y-2.286 E.05435
G1 X-39.663 Y-3.59 E.15114
G1 X-40.48 Y-4.407 E.05435
G1 X-41.784 Y-7.345 E.15114
G1 X-42.601 Y-8.162 E.05435
G1 X-43.767 Y-8.679 E.05996
G1 X-43.767 Y-8.767 E.0041
G1 X-38.087 Y-8.767 E.26707
G1 X-36.725 Y-8.162 E.07008
G1 X-35.908 Y-7.345 E.05435
G1 X-34.604 Y-4.407 E.15114
G1 X-33.787 Y-3.59 E.05435
G1 X-30.849 Y-2.286 E.15114
G1 X-30.032 Y-1.469 E.05435
M73 P37 R5
G1 X-28.728 Y1.469 E.15114
G1 X-27.911 Y2.286 E.05435
G1 X-25.701 Y3.267 E.11369
G1 X-23.393 Y3.267 E.10855
G1 X-25.267 Y-5.984 F30000
G1 F6000
G1 X-25.267 Y-8.293 E.10855
G1 X-24.973 Y-8.162 E.0151
G1 X-24.156 Y-7.345 E.05435
G1 X-23.633 Y-6.167 E.06058
G1 X-23.633 Y-3.267 E.13641
G1 X-21.307 Y-3.267 E.1094
G1 X-19.097 Y-2.286 E.11369
G1 X-18.28 Y-1.469 E.05435
G1 X-16.976 Y1.469 E.15114
G1 X-16.159 Y2.286 E.05435
G1 X-13.949 Y3.267 E.11369
G1 X-11.641 Y3.267 E.10855
G1 X-17.517 Y3.267 F30000
G1 F6000
G1 X-19.825 Y3.267 E.10855
G1 X-22.035 Y2.286 E.11369
G1 X-22.852 Y1.469 E.05435
G1 X-24.156 Y-1.469 E.15114
G1 X-24.973 Y-2.286 E.05435
G1 X-27.183 Y-3.267 E.11369
G1 X-29.733 Y-3.267 E.11993
G1 X-29.733 Y-6.672 E.16015
G1 X-30.032 Y-7.345 E.03461
G1 X-30.849 Y-8.162 E.05435
G1 X-32.211 Y-8.767 E.07008
G1 X-34.52 Y-8.767 E.10855
G1 X-29.676 Y-8.75 F30000
;TYPE:Gap infill
;WIDTH:0.191684
G1 F9000
G1 X-25.324 Y-8.75 E.05275
G1 X-23.576 Y-8.75 F30000
G1 F9000
G1 X-19.224 Y-8.75 E.05275
G1 X-18.076 Y-8.75 F30000
G1 F9000
G1 X-13.724 Y-8.75 E.05275
G1 X-11.376 Y-8.75 F30000
G1 F9000
G1 X-7.024 Y-8.75 E.05275
G1 X-5.276 Y-8.75 F30000
G1 F9000
G1 X-.924 Y-8.75 E.05275
G1 E-1.2 F2100
;WIPE_START
G1 F9000
G1 X-2.924 Y-8.75
;WIPE_END
G1 X-6.967 Y-5.476 Z1.2 F30000
G1 Z.8
G1 E1.2 F2100
;TYPE:Sparse infill
;WIDTH:0.62
G1 F6000
G1 X-6.967 Y-7.784 E.10855
G1 X-6.528 Y-7.345 E.02919
G1 X-5.333 Y-4.653 E.1385
G1 X-5.333 Y-3.267 E.06518
G1 X-3.679 Y-3.267 E.0778
G1 X-1.469 Y-2.286 E.11369
G1 X-.652 Y-1.469 E.05435
G1 X.652 Y1.469 E.15114
G1 X1.469 Y2.286 E.05435
G1 X3.679 Y3.267 E.11369
G1 X5.987 Y3.267 E.10855
G1 X11.863 Y3.267 F30000
G1 F6000
G1 X9.555 Y3.267 E.10855
G1 X7.345 Y2.286 E.11369
G1 X6.528 Y1.469 E.05435
G1 X5.224 Y-1.469 E.15114
G1 X4.407 Y-2.286 E.05435
G1 X2.197 Y-3.267 E.11369
G1 X.867 Y-3.267 E.06256
G1 X.867 Y-4.192 E.04351
G1 X.652 Y-4.407 E.0143
G1 X-.652 Y-7.345 E.15114
G1 X-.867 Y-7.56 E.0143
G1 X-.867 Y-8.308 E.03517
G1 X-.578 Y-8.308 E.01357
G1 X-.578 Y-8.767 E.02157
G1 X.235 Y-8.767 E.03824
G1 X.924 Y-8.75 F30000
;TYPE:Gap infill
;WIDTH:0.191684
G1 F9000
G1 X5.276 Y-8.75 E.05275
G1 X5.974 Y-8.767 F30000
;TYPE:Sparse infill
;WIDTH:0.62
G1 F6000
G1 X5.622 Y-8.767 E.01657
G1 X5.622 Y-8.308 E.02157
G1 X5.333 Y-8.308 E.01357
G1 X5.333 Y-7.099 E.05683
G1 X6.528 Y-4.407 E.1385
G1 X6.967 Y-3.968 E.02919
G1 X6.967 Y-3.267 E.03298
G1 X8.073 Y-3.267 E.05203
G1 X10.283 Y-2.286 E.11369
G1 X11.1 Y-1.469 E.05435
G1 X12.404 Y1.469 E.15114
G1 X13.221 Y2.286 E.05435
G1 X15.431 Y3.267 E.11369
G1 X17.739 Y3.267 E.10855
G1 E-1.2 F2100
;WIPE_START
G1 F6000
G1 X15.739 Y3.267
;WIPE_END
G1 X14.116 Y-4.191 Z1.2 F30000
G1 X13.124 Y-8.75 Z1.2
G1 Z.8
G1 E1.2 F2100
;TYPE:Gap infill
;WIDTH:0.191684
G1 F9000
G1 X17.476 Y-8.75 E.05275
G1 X17.623 Y-8.308 F30000
;TYPE:Sparse infill
;WIDTH:0.62
G1 F6000
G1 X17.533 Y-8.308 E.00423
G1 X17.533 Y-6.09 E.10432
G1 X18.28 Y-4.407 E.08656
G1 X19.097 Y-3.59 E.05435
G1 X19.167 Y-3.559 E.00358
G1 X19.167 Y-3.267 E.01374
G1 X19.825 Y-3.267 E.03097
G1 X22.035 Y-2.286 E.11369
G1 X22.852 Y-1.469 E.05435
G1 X24.156 Y1.469 E.15114
G1 X24.973 Y2.286 E.05435
G1 X27.183 Y3.267 E.11369
G1 X29.491 Y3.267 E.10855
G1 X23.615 Y3.267 F30000
G1 F6000
G1 X21.307 Y3.267 E.10855
G1 X19.097 Y2.286 E.11369
G1 X18.28 Y1.469 E.05435
G1 X16.976 Y-1.469 E.15114
G1 X16.159 Y-2.286 E.05435
G1 X13.949 Y-3.267 E.11369
G1 X13.067 Y-3.267 E.0415
G1 X13.067 Y-3.744 E.02245
G1 X12.404 Y-4.407 E.04409
G1 X11.433 Y-6.594 E.11253
G1 X11.433 Y-8.308 E.08057
G1 X11.722 Y-8.308 E.01357
G1 X11.722 Y-8.614 E.01441
G1 X11.376 Y-8.75 F30000
;TYPE:Gap infill
;WIDTH:0.191684
G1 F9000
G1 X7.024 Y-8.75 E.05275
G1 X.111 Y3.267 F30000
;TYPE:Sparse infill
;WIDTH:0.62
G1 F6000
G1 X-2.197 Y3.267 E.10855
G1 X-4.407 Y2.286 E.11369
G1 X-5.224 Y1.469 E.05435
G1 X-6.528 Y-1.469 E.15114
G1 X-7.345 Y-2.286 E.05435
G1 X-9.555 Y-3.267 E.11369
G1 X-11.433 Y-3.267 E.08833
G1 X-11.433 Y-5.158 E.08892
G1 X-12.404 Y-7.345 E.11253
G1 X-13.221 Y-8.162 E.05435
G1 X-13.549 Y-8.308 E.01688
G1 X-13.667 Y-8.308 E.00553
G1 X-13.667 Y-6.117 E.10302
G1 E-1.2 F2100
;WIPE_START
G1 F6000
G1 X-13.667 Y-8.117
;WIPE_END
G1 X-19.167 Y-5.885 Z1.2 F30000
G1 Z.8
G1 E1.2 F2100
G1 F6000
G1 X-19.167 Y-8.193 E.10855
G1 X-19.097 Y-8.162 E.00358
G1 X-18.28 Y-7.345 E.05435
G1 X-18.133 Y-7.015 E.01698
G1 X-18.133 Y-3.267 E.17626
G1 X-15.431 Y-3.267 E.12708
G1 X-13.221 Y-2.286 E.11369
G1 X-12.404 Y-1.469 E.05435
G1 X-11.1 Y1.469 E.15114
G1 X-10.283 Y2.286 E.05435
G1 X-8.073 Y3.267 E.11369
G1 X-5.765 Y3.267 E.10855
G1 E-1.2 F2100
;WIPE_START
G1 F6000
G1 X-7.765 Y3.267
;WIPE_END
G1 X-.498 Y.934 Z1.2 F30000
G1 X29.676 Y-8.75 Z1.2
G1 Z.8
G1 E1.2 F2100
;TYPE:Gap infill
;WIDTH:0.191684
G1 F9000
G1 X25.324 Y-8.75 E.05275
G1 X19.224 Y-8.75 F30000
G1 F9000
G1 X23.576 Y-8.75 E.05275
G1 X23.633 Y-7.893 F30000
;TYPE:Sparse infill
;WIDTH:0.62
G1 F6000
G1 X23.633 Y-5.585 E.10855
G1 X24.156 Y-4.407 E.06058
G1 X24.973 Y-3.59 E.05435
G1 X25.267 Y-3.459 E.0151
G1 X25.267 Y-3.267 E.00906
G1 X25.701 Y-3.267 E.02043
G1 X27.911 Y-2.286 E.11369
G1 X28.728 Y-1.469 E.05435
G1 X30.032 Y1.469 E.15114
G1 X30.849 Y2.286 E.05435
G1 X33.787 Y3.59 E.15114
G1 X34.604 Y4.407 E.05435
G1 X35.908 Y7.345 E.15114
G1 X36.725 Y8.162 E.05435
G1 X38.087 Y8.767 E.07008
G1 X43.767 Y8.767 E.26707
G1 X43.767 Y8.679 E.0041
G1 X42.601 Y8.162 E.05996
G1 X41.784 Y7.345 E.05435
G1 X40.48 Y4.407 E.15114
G1 X39.663 Y3.59 E.05435
G1 X36.725 Y2.286 E.15114
G1 X35.908 Y1.469 E.05435
G1 X34.604 Y-1.469 E.15114
G1 X33.787 Y-2.286 E.05435
G1 X30.849 Y-3.59 E.15114
G1 X30.032 Y-4.407 E.05435
G1 X29.733 Y-5.08 E.03461
G1 X29.733 Y-8.308 E.1518
G1 X30.022 Y-8.308 E.01357
G1 X30.022 Y-8.767 E.02157
G1 X32.425 Y-8.767 E.113
G1 X33.787 Y-8.162 E.07008
G1 X34.604 Y-7.345 E.05435
G1 X35.908 Y-4.407 E.15114
M73 P38 R5
G1 X36.725 Y-3.59 E.05435
G1 X39.663 Y-2.286 E.15114
G1 X40.038 Y-1.912 E.02492
G1 X40.628 Y-2.376 E.03532
G1 X41.29 Y-2.65 E.03369
G1 X42 Y-2.744 E.03368
G1 X42.71 Y-2.65 E.03368
G1 X43.372 Y-2.376 E.03368
G1 X43.767 Y-2.073 E.02339
G1 X43.767 Y-3.073 E.04698
G1 X42.601 Y-3.59 E.05996
G1 X41.784 Y-4.407 E.05435
G1 X40.48 Y-7.345 E.15114
G1 X39.663 Y-8.162 E.05435
G1 X38.301 Y-8.767 E.07008
G1 X35.993 Y-8.767 E.10855
G1 E-1.2 F2100
;WIPE_START
G1 F6000
G1 X37.993 Y-8.767
;WIPE_END
G1 X30.368 Y-8.426 Z1.2 F30000
G1 X-43.767 Y-5.112 Z1.2
G1 Z.8
G1 E1.2 F2100
G1 F6000
G1 X-43.767 Y-2.803 E.10855
G1 X-43.078 Y-2.498 E.03541
G1 X-42.71 Y-2.65 E.01874
G1 X-42 Y-2.744 E.03368
G1 X-41.29 Y-2.65 E.03368
G1 X-40.849 Y-2.468 E.02244
G1 X-44.128 Y-1.233 F30000
;TYPE:Gap infill
;WIDTH:0.420458
G1 F9000
G1 X-44.216 Y-.569 E.02061
;WIDTH:0.395946
G1 X-44.234 Y-.294 E.00792
;WIDTH:0.357717
G1 X-44.252 Y.02 E.00806
;WIDTH:0.359953
G1 X-44.234 Y.294 E.00711
;WIDTH:0.403463
G1 X-44.216 Y.569 E.00808
G1 X-44.128 Y1.233 E.01968
;LAYER_CHANGE
;Z:1
;HEIGHT:0.2
;BEFORE_LAYER_CHANGE
;1
G1 E-1.2 F2100
;WIPE_START
G1 F9000
G1 X-44.216 Y.569
G1 X-44.234 Y.294
;WIPE_END
;AFTER_LAYER_CHANGE
;1
;_SET_FAN_SPEED_CHANGING_LAYER
G17
G3 Z1.4 I-.128 J1.21 P1  F30000
G1 X31.31 Y8.31 Z1.4
G1 Z1
G1 E1.2 F2100
SET_VELOCITY_LIMIT ACCEL=5000
;TYPE:Outer wall
;WIDTH:0.62
G1 F7200
G1 X-31.31 Y8.31 E2.94469
G1 X-31.31 Y4.19 E.19374
G1 X31.31 Y4.19 E2.94469
G1 X31.31 Y8.274 E.19205
SET_VELOCITY_LIMIT ACCEL=10000
G1 E-1.2 F2100
;WIPE_START
G1 F7200
G1 X29.31 Y8.275
;WIPE_END
G1 X21.737 Y7.321 Z1.4 F30000
G1 X-43.57 Y-.906 Z1.4
G1 Z1
G1 E1.2 F2100
SET_VELOCITY_LIMIT ACCEL=5000
G1 F7200
G1 X-43.282 Y-1.282 E.02225
G1 X-42.906 Y-1.57 E.02225
G1 X-42.469 Y-1.751 E.02225
G1 X-42.157 Y-1.792 E.01481
G1 X-42 Y-1.813 E.00744
G1 X-41.531 Y-1.751 E.02225
G1 X-41.094 Y-1.57 E.02225
G1 X-40.718 Y-1.282 E.02225
G1 X-40.43 Y-.906 E.02225
G1 X-40.249 Y-.469 E.02225
G1 X-40.187 Y0 E.02225
G1 X-40.249 Y.469 E.02225
G1 X-40.43 Y.906 E.02225
G1 X-40.718 Y1.282 E.02225
G1 X-41.094 Y1.57 E.02225
G1 X-41.531 Y1.751 E.02225
G1 X-42 Y1.813 E.02225
G1 X-42.469 Y1.751 E.02225
G1 X-42.906 Y1.57 E.02225
G1 X-43.282 Y1.282 E.02225
G1 X-43.57 Y.906 E.02225
G1 X-43.751 Y.469 E.02225
G1 X-43.813 Y0 E.02225
G1 X-43.751 Y-.469 E.02225
G1 X-43.584 Y-.873 E.02056
SET_VELOCITY_LIMIT ACCEL=10000
G1 E-1.2 F2100
;WIPE_START
G1 F7200
G1 X-43.282 Y-1.282
G1 X-42.906 Y-1.57
G1 X-42.469 Y-1.751
G1 X-42.157 Y-1.792
G1 X-42 Y-1.813
G1 X-41.928 Y-1.803
;WIPE_END
G1 X-34.298 Y-1.636 Z1.4 F30000
G1 X40.187 Y0 Z1.4
G1 Z1
G1 E1.2 F2100
SET_VELOCITY_LIMIT ACCEL=5000
G1 F7200
G1 X40.249 Y-.469 E.02225
G1 X40.43 Y-.906 E.02225
G1 X40.718 Y-1.282 E.02225
G1 X41.094 Y-1.57 E.02225
G1 X41.531 Y-1.751 E.02225
G1 X41.843 Y-1.792 E.01481
G1 X42 Y-1.813 E.00744
G1 X42.469 Y-1.751 E.02225
G1 X42.906 Y-1.57 E.02225
G1 X43.282 Y-1.282 E.02225
G1 X43.57 Y-.906 E.02225
G1 X43.751 Y-.469 E.02225
G1 X43.813 Y0 E.02225
G1 X43.751 Y.469 E.02225
G1 X43.57 Y.906 E.02225
G1 X43.282 Y1.282 E.02225
G1 X42.906 Y1.57 E.02225
G1 X42.469 Y1.751 E.02225
G1 X42 Y1.813 E.02225
G1 X41.531 Y1.751 E.02225
G1 X41.094 Y1.57 E.02225
G1 X40.718 Y1.282 E.02225
G1 X40.43 Y.906 E.02225
G1 X40.249 Y.469 E.02225
G1 X40.192 Y.036 E.02056
SET_VELOCITY_LIMIT ACCEL=10000
G1 E-1.2 F2100
;WIPE_START
G1 F7200
G1 X40.249 Y-.469
G1 X40.43 Y-.906
G1 X40.718 Y-1.282
G1 X41.094 Y-1.57
G1 X41.16 Y-1.598
;WIPE_END
G1 X33.619 Y-2.77 Z1.4 F30000
G1 X1.213 Y-7.81 Z1.4
G1 Z1
G1 E1.2 F2100
SET_VELOCITY_LIMIT ACCEL=5000
;TYPE:Inner wall
G1 F9000
G1 X1.213 Y-8.387 E.02714
G1 X4.987 Y-8.387 E.17748
G1 X4.987 Y-3.613 E.2245
G1 X1.213 Y-3.613 E.17748
G1 X1.213 Y-7.774 E.19567
SET_VELOCITY_LIMIT ACCEL=10000
G1 X1.79 Y-7.81 F30000
SET_VELOCITY_LIMIT ACCEL=5000
;TYPE:Outer wall
G1 F7200
G1 X4.41 Y-7.81 E.1232
G1 X4.41 Y-4.19 E.17023
G1 X1.79 Y-4.19 E.1232
G1 X1.79 Y-7.774 E.16854
SET_VELOCITY_LIMIT ACCEL=10000
G1 E-1.2 F2100
;WIPE_START
G1 F7200
G1 X3.79 Y-7.801
;WIPE_END
G1 X7.89 Y-3.613 Z1.4 F30000
G1 Z1
G1 E1.2 F2100
SET_VELOCITY_LIMIT ACCEL=5000
;TYPE:Inner wall
G1 F9000
G1 X7.313 Y-3.613 E.02714
G1 X7.313 Y-8.387 E.2245
G1 X11.087 Y-8.387 E.17748
G1 X11.087 Y-3.613 E.2245
G1 X7.926 Y-3.613 E.14865
SET_VELOCITY_LIMIT ACCEL=10000
G1 X7.89 Y-4.19 F30000
SET_VELOCITY_LIMIT ACCEL=5000
;TYPE:Outer wall
G1 F7200
G1 X7.89 Y-7.81 E.17023
G1 X10.51 Y-7.81 E.1232
G1 X10.51 Y-4.19 E.17023
G1 X7.926 Y-4.19 E.12151
SET_VELOCITY_LIMIT ACCEL=10000
G1 E-1.2 F2100
;WIPE_START
G1 F7200
G1 X7.906 Y-6.19
;WIPE_END
G1 X13.413 Y-7.81 Z1.4 F30000
G1 Z1
G1 E1.2 F2100
M73 P39 R5
SET_VELOCITY_LIMIT ACCEL=5000
;TYPE:Inner wall
G1 F9000
G1 X13.413 Y-8.387 E.02714
G1 X17.187 Y-8.387 E.17748
G1 X17.187 Y-3.613 E.2245
G1 X13.413 Y-3.613 E.17748
G1 X13.413 Y-7.774 E.19567
SET_VELOCITY_LIMIT ACCEL=10000
G1 X13.99 Y-7.81 F30000
SET_VELOCITY_LIMIT ACCEL=5000
;TYPE:Outer wall
G1 F7200
G1 X16.61 Y-7.81 E.1232
G1 X16.61 Y-4.19 E.17023
G1 X13.99 Y-4.19 E.1232
G1 X13.99 Y-7.774 E.16854
SET_VELOCITY_LIMIT ACCEL=10000
G1 E-1.2 F2100
;WIPE_START
G1 F7200
G1 X15.99 Y-7.801
;WIPE_END
G1 X19.513 Y-7.81 Z1.4 F30000
G1 Z1
G1 E1.2 F2100
SET_VELOCITY_LIMIT ACCEL=5000
;TYPE:Inner wall
G1 F9000
G1 X19.513 Y-8.387 E.02714
G1 X23.287 Y-8.387 E.17748
G1 X23.287 Y-3.613 E.2245
G1 X19.513 Y-3.613 E.17748
G1 X19.513 Y-7.774 E.19567
SET_VELOCITY_LIMIT ACCEL=10000
G1 X20.09 Y-7.81 F30000
SET_VELOCITY_LIMIT ACCEL=5000
;TYPE:Outer wall
G1 F7200
G1 X22.71 Y-7.81 E.1232
G1 X22.71 Y-4.19 E.17023
G1 X20.09 Y-4.19 E.1232
G1 X20.09 Y-7.774 E.16854
SET_VELOCITY_LIMIT ACCEL=10000
G1 E-1.2 F2100
;WIPE_START
G1 F7200
G1 X22.09 Y-7.801
;WIPE_END
G1 X26.19 Y-3.613 Z1.4 F30000
G1 Z1
G1 E1.2 F2100
SET_VELOCITY_LIMIT ACCEL=5000
;TYPE:Inner wall
G1 F9000
G1 X25.613 Y-3.613 E.02714
G1 X25.613 Y-8.387 E.2245
G1 X29.387 Y-8.387 E.17748
G1 X29.387 Y-3.613 E.2245
G1 X26.226 Y-3.613 E.14865
SET_VELOCITY_LIMIT ACCEL=10000
G1 X26.19 Y-4.19 F30000
SET_VELOCITY_LIMIT ACCEL=5000
;TYPE:Outer wall
G1 F7200
G1 X26.19 Y-7.81 E.17023
G1 X28.81 Y-7.81 E.1232
G1 X28.81 Y-4.19 E.17023
G1 X26.226 Y-4.19 E.12151
SET_VELOCITY_LIMIT ACCEL=10000
G1 E-1.2 F2100
;WIPE_START
G1 F7200
G1 X26.206 Y-6.19
;WIPE_END
G1 X18.584 Y-6.586 Z1.4 F30000
G1 X-4.987 Y-7.81 Z1.4
G1 Z1
G1 E1.2 F2100
SET_VELOCITY_LIMIT ACCEL=5000
;TYPE:Inner wall
G1 F9000
G1 X-4.987 Y-8.387 E.02714
G1 X-1.213 Y-8.387 E.17748
G1 X-1.213 Y-3.613 E.2245
G1 X-4.987 Y-3.613 E.17748
G1 X-4.987 Y-7.774 E.19567
SET_VELOCITY_LIMIT ACCEL=10000
G1 X-4.41 Y-7.81 F30000
SET_VELOCITY_LIMIT ACCEL=5000
;TYPE:Outer wall
G1 F7200
G1 X-1.79 Y-7.81 E.1232
G1 X-1.79 Y-4.19 E.17023
G1 X-4.41 Y-4.19 E.1232
G1 X-4.41 Y-7.774 E.16854
SET_VELOCITY_LIMIT ACCEL=10000
G1 E-1.2 F2100
;WIPE_START
G1 F7200
G1 X-2.41 Y-7.801
;WIPE_END
G1 X-10.043 Y-7.809 Z1.4 F30000
G1 X-11.087 Y-7.81 Z1.4
G1 Z1
G1 E1.2 F2100
SET_VELOCITY_LIMIT ACCEL=5000
;TYPE:Inner wall
G1 F9000
G1 X-11.087 Y-8.387 E.02714
G1 X-7.313 Y-8.387 E.17748
G1 X-7.313 Y-3.613 E.2245
G1 X-11.087 Y-3.613 E.17748
G1 X-11.087 Y-7.774 E.19567
SET_VELOCITY_LIMIT ACCEL=10000
G1 X-10.51 Y-7.81 F30000
SET_VELOCITY_LIMIT ACCEL=5000
;TYPE:Outer wall
G1 F7200
G1 X-7.89 Y-7.81 E.1232
G1 X-7.89 Y-4.19 E.17023
G1 X-10.51 Y-4.19 E.1232
G1 X-10.51 Y-7.774 E.16854
SET_VELOCITY_LIMIT ACCEL=10000
G1 E-1.2 F2100
;WIPE_START
G1 F7200
G1 X-8.51 Y-7.801
;WIPE_END
G1 X-15.387 Y-4.491 Z1.4 F30000
G1 X-17.21 Y-3.613 Z1.4
G1 Z1
G1 E1.2 F2100
SET_VELOCITY_LIMIT ACCEL=5000
;TYPE:Inner wall
G1 F9000
G1 X-17.787 Y-3.613 E.02714
G1 X-17.787 Y-8.387 E.2245
G1 X-14.013 Y-8.387 E.17748
G1 X-14.013 Y-3.613 E.2245
G1 X-17.174 Y-3.613 E.14865
SET_VELOCITY_LIMIT ACCEL=10000
G1 X-17.21 Y-4.19 F30000
SET_VELOCITY_LIMIT ACCEL=5000
;TYPE:Outer wall
G1 F7200
G1 X-17.21 Y-7.81 E.17023
G1 X-14.59 Y-7.81 E.1232
G1 X-14.59 Y-4.19 E.17023
G1 X-17.174 Y-4.19 E.12151
SET_VELOCITY_LIMIT ACCEL=10000
G1 E-1.2 F2100
;WIPE_START
G1 F7200
G1 X-17.194 Y-6.19
;WIPE_END
G1 X-22.71 Y-3.613 Z1.4 F30000
G1 Z1
G1 E1.2 F2100
SET_VELOCITY_LIMIT ACCEL=5000
;TYPE:Inner wall
G1 F9000
G1 X-23.287 Y-3.613 E.02714
G1 X-23.287 Y-8.387 E.2245
G1 X-19.513 Y-8.387 E.17748
G1 X-19.513 Y-3.613 E.2245
G1 X-22.674 Y-3.613 E.14865
SET_VELOCITY_LIMIT ACCEL=10000
G1 X-22.71 Y-4.19 F30000
SET_VELOCITY_LIMIT ACCEL=5000
;TYPE:Outer wall
G1 F7200
G1 X-22.71 Y-7.81 E.17023
G1 X-20.09 Y-7.81 E.1232
G1 X-20.09 Y-4.19 E.17023
G1 X-22.674 Y-4.19 E.12151
SET_VELOCITY_LIMIT ACCEL=10000
G1 E-1.2 F2100
;WIPE_START
G1 F7200
G1 X-22.694 Y-6.19
;WIPE_END
G1 X-28.81 Y-3.613 Z1.4 F30000
G1 Z1
G1 E1.2 F2100
SET_VELOCITY_LIMIT ACCEL=5000
;TYPE:Inner wall
G1 F9000
G1 X-29.387 Y-3.613 E.02714
G1 X-29.387 Y-8.387 E.2245
G1 X-25.613 Y-8.387 E.17748
G1 X-25.613 Y-3.613 E.2245
G1 X-28.774 Y-3.613 E.14865
SET_VELOCITY_LIMIT ACCEL=10000
G1 X-28.81 Y-4.19 F30000
SET_VELOCITY_LIMIT ACCEL=5000
;TYPE:Outer wall
G1 F7200
G1 X-28.81 Y-7.81 E.17023
G1 X-26.19 Y-7.81 E.1232
G1 X-26.19 Y-4.19 E.17023
G1 X-28.774 Y-4.19 E.12151
SET_VELOCITY_LIMIT ACCEL=10000
G1 E-1.2 F2100
;WIPE_START
G1 F7200
G1 X-28.794 Y-6.19
;WIPE_END
G1 X-21.193 Y-5.494 Z1.4 F30000
G1 X39.615 Y.073 Z1.4
G1 Z1
M73 P40 R5
G1 E1.2 F2100
SET_VELOCITY_LIMIT ACCEL=5000
;TYPE:Inner wall
G1 F9000
G1 X39.687 Y.62 E.02593
G1 X39.926 Y1.197 E.0294
G1 X40.307 Y1.693 E.0294
G1 X40.803 Y2.074 E.0294
G1 X41.38 Y2.313 E.0294
G1 X42 Y2.395 E.0294
G1 X42.62 Y2.313 E.0294
G1 X43.197 Y2.074 E.0294
G1 X43.693 Y1.693 E.0294
G1 X43.878 Y1.453 E.01426
G1 X44.113 Y1.532 E.01167
G1 X44.113 Y9.113 E.35647
G1 X31.887 Y9.113 E.57492
G1 X31.887 Y3.613 E.25864
G1 X-31.887 Y3.613 E2.99896
G1 X-31.887 Y9.113 E.25864
G1 X-44.113 Y9.113 E.57492
G1 X-44.113 Y1.532 E.35647
G1 X-43.878 Y1.453 E.01167
G1 X-43.693 Y1.693 E.01426
G1 X-43.197 Y2.074 E.0294
G1 X-42.62 Y2.313 E.0294
G1 X-42 Y2.395 E.0294
G1 X-41.38 Y2.313 E.0294
G1 X-40.803 Y2.074 E.0294
G1 X-40.307 Y1.693 E.0294
G1 X-39.926 Y1.197 E.0294
G1 X-39.687 Y.62 E.0294
G1 X-39.605 Y0 E.0294
G1 X-39.687 Y-.62 E.0294
G1 X-39.926 Y-1.197 E.0294
G1 X-40.307 Y-1.693 E.0294
G1 X-40.803 Y-2.074 E.0294
G1 X-41.38 Y-2.313 E.0294
G1 X-42 Y-2.395 E.0294
G1 X-42.62 Y-2.313 E.0294
G1 X-43.197 Y-2.074 E.0294
G1 X-43.693 Y-1.693 E.0294
G1 X-43.878 Y-1.453 E.01426
G1 X-44.113 Y-1.532 E.01167
G1 X-44.113 Y-9.113 E.35647
G1 X44.113 Y-9.113 E4.14879
G1 X44.113 Y-1.532 E.35647
G1 X43.878 Y-1.453 E.01167
G1 X43.693 Y-1.693 E.01426
G1 X43.197 Y-2.074 E.0294
G1 X42.62 Y-2.313 E.0294
G1 X42 Y-2.395 E.0294
G1 X41.38 Y-2.313 E.0294
G1 X40.803 Y-2.074 E.0294
G1 X40.307 Y-1.693 E.0294
G1 X39.926 Y-1.197 E.0294
G1 X39.687 Y-.62 E.0294
G1 X39.605 Y0 E.0294
G1 X39.61 Y.037 E.00178
SET_VELOCITY_LIMIT ACCEL=10000
G1 E-1.2 F2100
;WIPE_START
G1 F9000
G1 X39.687 Y.62
G1 X39.926 Y1.197
G1 X40.307 Y1.693
G1 X40.435 Y1.792
;WIPE_END
G1 X43.087 Y-5.365 Z1.4 F30000
G1 X44.69 Y-9.69 Z1.4
G1 Z1
G1 E1.2 F2100
SET_VELOCITY_LIMIT ACCEL=5000
;TYPE:Outer wall
G1 F7200
G1 X44.69 Y9.69 E.91134
G1 X-44.69 Y9.69 E4.20307
G1 X-44.69 Y-9.69 E.91134
G1 X44.654 Y-9.69 E4.20137
SET_VELOCITY_LIMIT ACCEL=10000
G1 E-1.2 F2100
;WIPE_START
G1 F7200
G1 X44.658 Y-7.69
;WIPE_END
G1 X40.572 Y-8.767 Z1.4 F30000
G1 Z1
G1 E1.2 F2100
;TYPE:Sparse infill
G1 F6000
G1 X38.263 Y-8.767 E.10855
G1 X39.663 Y-7.809 E.07976
G1 X40.127 Y-7.345 E.03084
G1 X42.137 Y-4.407 E.16741
G1 X42.601 Y-3.943 E.03084
G1 X43.767 Y-3.146 E.06641
G1 X43.767 Y-2.073 E.05042
G1 X43.372 Y-2.376 E.02339
G1 X42.71 Y-2.65 E.03368
G1 X42 Y-2.744 E.03368
G1 X41.29 Y-2.65 E.03368
G1 X40.628 Y-2.376 E.03368
G1 X40.06 Y-1.94 E.03368
G1 X39.884 Y-1.712 E.01355
G1 X39.663 Y-1.933 E.01471
G1 X36.725 Y-3.943 E.16741
G1 X36.261 Y-4.407 E.03084
G1 X34.251 Y-7.345 E.16741
G1 X33.787 Y-7.809 E.03084
G1 X32.387 Y-8.767 E.07976
G1 X30.022 Y-8.767 E.11123
G1 X30.022 Y-8.308 E.02157
G1 X29.733 Y-8.308 E.01357
G1 X29.733 Y-5.36 E.13863
G1 X30.385 Y-4.407 E.05429
G1 X30.849 Y-3.943 E.03084
G1 X33.787 Y-1.933 E.16741
G1 X34.251 Y-1.469 E.03084
G1 X36.261 Y1.469 E.16741
G1 X36.725 Y1.933 E.03084
G1 X39.663 Y3.943 E.16741
G1 X40.127 Y4.407 E.03084
G1 X42.137 Y7.345 E.16741
G1 X42.601 Y7.809 E.03084
G1 X43.767 Y8.606 E.06641
G1 X43.767 Y8.767 E.00754
G1 X38.125 Y8.767 E.2653
G1 X36.725 Y7.809 E.07976
M73 P41 R5
G1 X36.261 Y7.345 E.03084
G1 X34.251 Y4.407 E.16741
G1 X33.787 Y3.943 E.03084
G1 X30.849 Y1.933 E.16741
G1 X30.385 Y1.469 E.03084
G1 X28.375 Y-1.469 E.16741
G1 X27.911 Y-1.933 E.03084
G1 X25.962 Y-3.267 E.11107
G1 X25.267 Y-3.267 E.03269
G1 X25.267 Y-3.742 E.02237
G1 X24.973 Y-3.943 E.01673
G1 X24.509 Y-4.407 E.03084
G1 X23.633 Y-5.687 E.07294
G1 X23.633 Y-7.995 E.10855
G1 X23.576 Y-8.75 F30000
;TYPE:Gap infill
;WIDTH:0.191684
G1 F9000
G1 X19.224 Y-8.75 E.05275
G1 X25.324 Y-8.75 F30000
G1 F9000
G1 X29.676 Y-8.75 E.05275
G1 X44.128 Y-1.233 F30000
;WIDTH:0.403463
G1 F9000
G1 X44.216 Y-.569 E.01968
G1 X44.234 Y-.294 E.00808
;WIDTH:0.359953
G1 X44.252 Y-.02 E.00711
;WIDTH:0.357717
G1 X44.234 Y.294 E.00806
;WIDTH:0.395946
G1 X44.216 Y.569 E.00792
;WIDTH:0.420458
G1 X44.128 Y1.233 E.02061
G1 X41.066 Y2.558 F30000
;TYPE:Sparse infill
;WIDTH:0.62
G1 F6000
G1 X41.29 Y2.65 E.01138
G1 X42 Y2.744 E.03368
G1 X42.71 Y2.65 E.03368
G1 X43.296 Y2.408 E.0298
G1 X43.767 Y2.73 E.02684
G1 X43.767 Y5.039 E.10855
G1 X31.599 Y9 F30000
;TYPE:Gap infill
;WIDTH:0.84584
G1 F9000
G1 X-31.599 Y9 E4.13485
G1 E-1.2 F2100
;WIPE_START
G1 F9000
G1 X-29.599 Y9
;WIPE_END
G1 X-22.608 Y5.936 Z1.4 F30000
G1 X-16.518 Y3.267 Z1.4
G1 Z1
G1 E1.2 F2100
;TYPE:Sparse infill
;WIDTH:0.62
G1 F6000
G1 X-14.21 Y3.267 E.10855
G1 X-16.159 Y1.933 E.11107
G1 X-16.623 Y1.469 E.03084
G1 X-18.633 Y-1.469 E.16741
G1 X-19.097 Y-1.933 E.03084
G1 X-21.046 Y-3.267 E.11107
G1 X-23.633 Y-3.267 E.12165
G1 X-23.633 Y-6.065 E.13159
G1 X-24.509 Y-7.345 E.07294
G1 X-24.973 Y-7.809 E.03084
G1 X-25.267 Y-8.01 E.01673
G1 X-25.267 Y-5.701 E.10855
G1 E-1.2 F2100
;WIPE_START
G1 F6000
G1 X-25.267 Y-7.701
;WIPE_END
G1 X-19.167 Y-5.548 Z1.4 F30000
G1 Z1
G1 E1.2 F2100
G1 F6000
G1 X-19.167 Y-7.856 E.10855
G1 X-19.097 Y-7.809 E.00397
G1 X-18.633 Y-7.345 E.03084
G1 X-18.133 Y-6.614 E.04163
G1 X-18.133 Y-3.267 E.15743
G1 X-15.17 Y-3.267 E.13933
G1 X-13.221 Y-1.933 E.11107
G1 X-12.757 Y-1.469 E.03084
G1 X-10.747 Y1.469 E.16741
G1 X-10.283 Y1.933 E.03084
G1 X-8.334 Y3.267 E.11107
G1 X-2.458 Y3.267 E.27632
G1 X-4.407 Y1.933 E.11107
G1 X-4.871 Y1.469 E.03084
G1 X-6.881 Y-1.469 E.16741
G1 X-7.345 Y-1.933 E.03084
G1 X-9.294 Y-3.267 E.11107
G1 X-11.433 Y-3.267 E.10059
G1 X-11.433 Y-5.41 E.1008
G1 X-12.757 Y-7.345 E.11024
G1 X-13.221 Y-7.809 E.03084
G1 X-13.667 Y-8.114 E.02539
G1 X-13.667 Y-5.805 E.10855
G1 E-1.2 F2100
;WIPE_START
G1 F6000
G1 X-13.667 Y-7.805
;WIPE_END
G1 X-6.042 Y-8.153 Z1.4 F30000
G1 X7.024 Y-8.75 Z1.4
G1 Z1
G1 E1.2 F2100
;TYPE:Gap infill
;WIDTH:0.191684
G1 F9000
G1 X11.376 Y-8.75 E.05275
G1 X11.722 Y-8.362 F30000
;TYPE:Sparse infill
;WIDTH:0.62
G1 F6000
G1 X11.722 Y-8.308 E.00252
G1 X11.433 Y-8.308 E.01357
G1 X11.433 Y-6.342 E.09246
G1 X12.757 Y-4.407 E.11024
G1 X13.067 Y-4.098 E.02058
G1 X13.067 Y-3.267 E.03907
G1 X14.21 Y-3.267 E.05375
G1 X16.159 Y-1.933 E.11107
G1 X16.623 Y-1.469 E.03084
G1 X18.633 Y1.469 E.16741
G1 X19.097 Y1.933 E.03084
G1 X21.046 Y3.267 E.11107
G1 X26.922 Y3.267 E.27632
G1 X24.973 Y1.933 E.11107
G1 X24.509 Y1.469 E.03084
G1 X22.499 Y-1.469 E.16741
G1 X22.035 Y-1.933 E.03084
G1 X20.086 Y-3.267 E.11107
G1 X19.167 Y-3.267 E.04322
G1 X19.167 Y-3.896 E.02957
G1 X19.097 Y-3.943 E.00397
G1 X18.633 Y-4.407 E.03084
G1 X17.533 Y-6.014 E.09159
G1 X17.533 Y-8.308 E.10785
G1 X17.548 Y-8.308 E.0007
G1 X17.476 Y-8.75 F30000
;TYPE:Gap infill
;WIDTH:0.191684
G1 F9000
G1 X13.124 Y-8.75 E.05275
G1 X12.862 Y3.267 F30000
;TYPE:Sparse infill
;WIDTH:0.62
G1 F6000
G1 X15.17 Y3.267 E.10855
G1 X13.221 Y1.933 E.11107
G1 X12.757 Y1.469 E.03084
G1 X10.747 Y-1.469 E.16741
G1 X10.283 Y-1.933 E.03084
G1 X8.334 Y-3.267 E.11107
G1 X6.967 Y-3.267 E.06429
G1 X6.967 Y-4.322 E.04961
G1 X6.881 Y-4.407 E.00568
G1 X5.333 Y-6.669 E.12889
G1 X5.333 Y-8.308 E.07706
G1 X5.622 Y-8.308 E.01357
G1 X5.622 Y-8.689 E.01791
G1 X5.276 Y-8.75 F30000
;TYPE:Gap infill
;WIDTH:0.191684
G1 F9000
G1 X.924 Y-8.75 E.05275
G1 X-.182 Y-8.767 F30000
;TYPE:Sparse infill
;WIDTH:0.62
G1 F6000
G1 X-.578 Y-8.767 E.01861
G1 X-.578 Y-8.308 E.02157
G1 X-.867 Y-8.308 E.01357
G1 X-.867 Y-7.143 E.0548
G1 X.867 Y-4.609 E.14433
G1 X.867 Y-3.267 E.06315
G1 X2.458 Y-3.267 E.07482
G1 X4.407 Y-1.933 E.11107
G1 X4.871 Y-1.469 E.03084
G1 X6.881 Y1.469 E.16741
G1 X7.345 Y1.933 E.03084
G1 X9.294 Y3.267 E.11107
G1 X3.418 Y3.267 E.27632
G1 X1.469 Y1.933 E.11107
G1 X1.005 Y1.469 E.03084
G1 X-1.005 Y-1.469 E.16741
G1 X-1.469 Y-1.933 E.03084
G1 X-3.418 Y-3.267 E.11107
G1 X-5.333 Y-3.267 E.09005
G1 X-5.333 Y-5.083 E.08541
G1 X-6.881 Y-7.345 E.12889
G1 X-6.967 Y-7.43 E.00568
G1 X-6.967 Y-8.308 E.04126
G1 X-6.678 Y-8.308 E.01357
G1 X-6.678 Y-8.767 E.02157
G1 X-5.995 Y-8.767 E.03214
G1 X-5.276 Y-8.75 F30000
;TYPE:Gap infill
;WIDTH:0.191684
G1 F9000
G1 X-.924 Y-8.75 E.05275
G1 X-7.024 Y-8.75 F30000
G1 F9000
G1 X-11.376 Y-8.75 E.05275
G1 X-13.724 Y-8.75 F30000
G1 F9000
G1 X-18.076 Y-8.75 E.05275
G1 X-19.224 Y-8.75 F30000
G1 F9000
G1 X-23.576 Y-8.75 E.05275
G1 X-25.324 Y-8.75 F30000
G1 F9000
G1 X-29.676 Y-8.75 E.05275
G1 X-34.557 Y-8.767 F30000
;TYPE:Sparse infill
;WIDTH:0.62
G1 F6000
G1 X-32.249 Y-8.767 E.10855
G1 X-30.849 Y-7.809 E.07976
G1 X-30.385 Y-7.345 E.03084
G1 X-29.733 Y-6.392 E.05429
G1 X-29.733 Y-3.267 E.14698
G1 X-26.922 Y-3.267 E.13218
G1 X-24.973 Y-1.933 E.11107
G1 X-24.509 Y-1.469 E.03084
G1 X-22.499 Y1.469 E.16741
G1 X-22.035 Y1.933 E.03084
G1 X-20.086 Y3.267 E.11107
G1 X-25.962 Y3.267 E.27632
G1 X-27.911 Y1.933 E.11107
G1 X-28.375 Y1.469 E.03084
G1 X-30.385 Y-1.469 E.16741
G1 X-30.849 Y-1.933 E.03084
G1 X-33.787 Y-3.943 E.16741
G1 X-34.251 Y-4.407 E.03084
G1 X-36.261 Y-7.345 E.16741
G1 X-36.725 Y-7.809 E.03084
G1 X-38.125 Y-8.767 E.07976
G1 X-43.767 Y-8.767 E.2653
G1 X-43.767 Y-8.606 E.00754
G1 X-42.601 Y-7.809 E.06641
G1 X-42.137 Y-7.345 E.03084
G1 X-40.127 Y-4.407 E.16741
G1 X-39.663 Y-3.943 E.03084
G1 X-36.725 Y-1.933 E.16741
G1 X-36.261 Y-1.469 E.03084
G1 X-34.251 Y1.469 E.16741
G1 X-33.787 Y1.933 E.03084
G1 X-31.838 Y3.267 E.11107
G1 X-32.233 Y3.267 E.0186
M73 P42 R5
G1 X-32.233 Y8.767 E.25864
G1 X-32.387 Y8.767 E.00724
G1 X-33.787 Y7.809 E.07976
G1 X-34.251 Y7.345 E.03084
G1 X-36.261 Y4.407 E.16741
G1 X-36.725 Y3.943 E.03084
G1 X-39.663 Y1.933 E.16741
G1 X-39.884 Y1.712 E.01471
G1 X-40.06 Y1.94 E.01355
G1 X-40.628 Y2.376 E.03368
G1 X-41.29 Y2.65 E.03368
G1 X-42 Y2.744 E.03368
G1 X-42.71 Y2.65 E.03368
G1 X-43.372 Y2.376 E.03368
G1 X-43.767 Y2.073 E.02339
G1 X-43.767 Y3.146 E.05042
G1 X-42.601 Y3.943 E.06641
G1 X-42.137 Y4.407 E.03084
G1 X-40.127 Y7.345 E.16741
G1 X-39.663 Y7.809 E.03084
G1 X-38.263 Y8.767 E.07976
G1 X-40.572 Y8.767 E.10855
G1 X-44.128 Y1.233 F30000
;TYPE:Gap infill
;WIDTH:0.403463
G1 F9000
G1 X-44.216 Y.569 E.01968
G1 X-44.234 Y.294 E.00808
;WIDTH:0.359953
G1 X-44.252 Y.02 E.00711
;WIDTH:0.357717
G1 X-44.234 Y-.294 E.00806
;WIDTH:0.395946
G1 X-44.216 Y-.569 E.00792
;WIDTH:0.420458
G1 X-44.128 Y-1.233 E.02061
G1 X-41.066 Y-2.558 F30000
;TYPE:Sparse infill
;WIDTH:0.62
G1 F6000
G1 X-41.29 Y-2.65 E.01138
G1 X-42 Y-2.744 E.03368
G1 X-42.71 Y-2.65 E.03368
G1 X-43.296 Y-2.408 E.0298
G1 X-43.767 Y-2.73 E.02684
G1 X-43.767 Y-5.039 E.10855
;LAYER_CHANGE
;Z:1.2
;HEIGHT:0.2
;BEFORE_LAYER_CHANGE
;1.2
G1 E-1.2 F2100
;WIPE_START
G1 F6000
G1 X-43.767 Y-3.039
;WIPE_END
;AFTER_LAYER_CHANGE
;1.2
;_SET_FAN_SPEED_CHANGING_LAYER
G17
G3 Z1.6 I-.182 J1.203 P1  F30000
G1 X31.31 Y8.31 Z1.6
G1 Z1.2
G1 E1.2 F2100
SET_VELOCITY_LIMIT ACCEL=5000
;TYPE:Outer wall
G1 F7200
G1 X-31.31 Y8.31 E2.94469
G1 X-31.31 Y4.19 E.19374
G1 X31.31 Y4.19 E2.94469
G1 X31.31 Y8.274 E.19205
SET_VELOCITY_LIMIT ACCEL=10000
G1 E-1.2 F2100
;WIPE_START
G1 F7200
G1 X29.31 Y8.275
;WIPE_END
G1 X21.737 Y7.321 Z1.6 F30000
G1 X-43.57 Y-.906 Z1.6
G1 Z1.2
G1 E1.2 F2100
SET_VELOCITY_LIMIT ACCEL=5000
G1 F7200
G1 X-43.282 Y-1.282 E.02225
G1 X-42.906 Y-1.57 E.02225
G1 X-42.469 Y-1.751 E.02225
G1 X-42.183 Y-1.789 E.01358
G1 X-42 Y-1.813 E.00867
G1 X-41.531 Y-1.751 E.02225
G1 X-41.094 Y-1.57 E.02225
G1 X-40.718 Y-1.282 E.02225
G1 X-40.43 Y-.906 E.02225
G1 X-40.249 Y-.469 E.02225
G1 X-40.187 Y0 E.02225
G1 X-40.249 Y.469 E.02225
G1 X-40.43 Y.906 E.02225
G1 X-40.718 Y1.282 E.02225
G1 X-41.094 Y1.57 E.02225
G1 X-41.531 Y1.751 E.02225
G1 X-42 Y1.813 E.02225
G1 X-42.469 Y1.751 E.02225
G1 X-42.906 Y1.57 E.02225
G1 X-43.282 Y1.282 E.02225
G1 X-43.57 Y.906 E.02225
G1 X-43.751 Y.469 E.02225
G1 X-43.813 Y0 E.02225
G1 X-43.751 Y-.469 E.02225
G1 X-43.584 Y-.873 E.02056
SET_VELOCITY_LIMIT ACCEL=10000
G1 E-1.2 F2100
;WIPE_START
G1 F7200
G1 X-43.282 Y-1.282
G1 X-42.906 Y-1.57
G1 X-42.469 Y-1.751
G1 X-42.183 Y-1.789
G1 X-42 Y-1.813
G1 X-41.928 Y-1.803
;WIPE_END
G1 X-34.298 Y-1.636 Z1.6 F30000
G1 X40.187 Y0 Z1.6
G1 Z1.2
G1 E1.2 F2100
SET_VELOCITY_LIMIT ACCEL=5000
G1 F7200
G1 X40.249 Y-.469 E.02225
G1 X40.43 Y-.906 E.02225
G1 X40.718 Y-1.282 E.02225
G1 X41.094 Y-1.57 E.02225
G1 X41.531 Y-1.751 E.02225
G1 X41.817 Y-1.789 E.01358
G1 X42 Y-1.813 E.00867
G1 X42.469 Y-1.751 E.02225
G1 X42.906 Y-1.57 E.02225
G1 X43.282 Y-1.282 E.02225
G1 X43.57 Y-.906 E.02225
G1 X43.751 Y-.469 E.02225
G1 X43.813 Y0 E.02225
G1 X43.751 Y.469 E.02225
G1 X43.57 Y.906 E.02225
G1 X43.282 Y1.282 E.02225
G1 X42.906 Y1.57 E.02225
G1 X42.469 Y1.751 E.02225
G1 X42 Y1.813 E.02225
G1 X41.531 Y1.751 E.02225
G1 X41.094 Y1.57 E.02225
G1 X40.718 Y1.282 E.02225
G1 X40.43 Y.906 E.02225
G1 X40.249 Y.469 E.02225
G1 X40.192 Y.036 E.02056
SET_VELOCITY_LIMIT ACCEL=10000
G1 E-1.2 F2100
;WIPE_START
G1 F7200
G1 X40.249 Y-.469
G1 X40.43 Y-.906
G1 X40.718 Y-1.282
G1 X41.094 Y-1.57
G1 X41.16 Y-1.598
;WIPE_END
G1 X33.619 Y-2.77 Z1.6 F30000
G1 X1.213 Y-7.81 Z1.6
G1 Z1.2
G1 E1.2 F2100
SET_VELOCITY_LIMIT ACCEL=5000
;TYPE:Inner wall
G1 F9000
G1 X1.213 Y-8.387 E.02714
G1 X4.987 Y-8.387 E.17748
G1 X4.987 Y-3.613 E.2245
G1 X1.213 Y-3.613 E.17748
G1 X1.213 Y-7.774 E.19567
SET_VELOCITY_LIMIT ACCEL=10000
G1 X1.79 Y-7.81 F30000
SET_VELOCITY_LIMIT ACCEL=5000
;TYPE:Outer wall
G1 F7200
G1 X4.41 Y-7.81 E.1232
G1 X4.41 Y-4.19 E.17023
G1 X1.79 Y-4.19 E.1232
G1 X1.79 Y-7.774 E.16854
SET_VELOCITY_LIMIT ACCEL=10000
G1 E-1.2 F2100
;WIPE_START
G1 F7200
G1 X3.79 Y-7.801
;WIPE_END
G1 X7.89 Y-3.613 Z1.6 F30000
G1 Z1.2
G1 E1.2 F2100
SET_VELOCITY_LIMIT ACCEL=5000
;TYPE:Inner wall
G1 F9000
G1 X7.313 Y-3.613 E.02714
G1 X7.313 Y-8.387 E.2245
G1 X11.087 Y-8.387 E.17748
G1 X11.087 Y-3.613 E.2245
G1 X7.926 Y-3.613 E.14865
SET_VELOCITY_LIMIT ACCEL=10000
G1 X7.89 Y-4.19 F30000
SET_VELOCITY_LIMIT ACCEL=5000
;TYPE:Outer wall
G1 F7200
G1 X7.89 Y-7.81 E.17023
G1 X10.51 Y-7.81 E.1232
G1 X10.51 Y-4.19 E.17023
G1 X7.926 Y-4.19 E.12151
SET_VELOCITY_LIMIT ACCEL=10000
G1 E-1.2 F2100
;WIPE_START
G1 F7200
G1 X7.906 Y-6.19
;WIPE_END
G1 X13.413 Y-7.81 Z1.6 F30000
G1 Z1.2
G1 E1.2 F2100
SET_VELOCITY_LIMIT ACCEL=5000
;TYPE:Inner wall
G1 F9000
G1 X13.413 Y-8.387 E.02714
G1 X17.187 Y-8.387 E.17748
G1 X17.187 Y-3.613 E.2245
G1 X13.413 Y-3.613 E.17748
G1 X13.413 Y-7.774 E.19567
SET_VELOCITY_LIMIT ACCEL=10000
G1 X13.99 Y-7.81 F30000
M73 P43 R5
SET_VELOCITY_LIMIT ACCEL=5000
;TYPE:Outer wall
G1 F7200
G1 X16.61 Y-7.81 E.1232
G1 X16.61 Y-4.19 E.17023
G1 X13.99 Y-4.19 E.1232
G1 X13.99 Y-7.774 E.16854
SET_VELOCITY_LIMIT ACCEL=10000
G1 E-1.2 F2100
;WIPE_START
G1 F7200
G1 X15.99 Y-7.801
;WIPE_END
G1 X19.513 Y-7.81 Z1.6 F30000
G1 Z1.2
G1 E1.2 F2100
SET_VELOCITY_LIMIT ACCEL=5000
;TYPE:Inner wall
G1 F9000
G1 X19.513 Y-8.387 E.02714
G1 X23.287 Y-8.387 E.17748
G1 X23.287 Y-3.613 E.2245
G1 X19.513 Y-3.613 E.17748
G1 X19.513 Y-7.774 E.19567
SET_VELOCITY_LIMIT ACCEL=10000
G1 X20.09 Y-7.81 F30000
SET_VELOCITY_LIMIT ACCEL=5000
;TYPE:Outer wall
G1 F7200
G1 X22.71 Y-7.81 E.1232
G1 X22.71 Y-4.19 E.17023
G1 X20.09 Y-4.19 E.1232
G1 X20.09 Y-7.774 E.16854
SET_VELOCITY_LIMIT ACCEL=10000
G1 E-1.2 F2100
;WIPE_START
G1 F7200
G1 X22.09 Y-7.801
;WIPE_END
G1 X26.19 Y-3.613 Z1.6 F30000
G1 Z1.2
G1 E1.2 F2100
SET_VELOCITY_LIMIT ACCEL=5000
;TYPE:Inner wall
G1 F9000
G1 X25.613 Y-3.613 E.02714
G1 X25.613 Y-8.387 E.2245
G1 X29.387 Y-8.387 E.17748
G1 X29.387 Y-3.613 E.2245
G1 X26.226 Y-3.613 E.14865
SET_VELOCITY_LIMIT ACCEL=10000
G1 X26.19 Y-4.19 F30000
SET_VELOCITY_LIMIT ACCEL=5000
;TYPE:Outer wall
G1 F7200
G1 X26.19 Y-7.81 E.17023
G1 X28.81 Y-7.81 E.1232
G1 X28.81 Y-4.19 E.17023
G1 X26.226 Y-4.19 E.12151
SET_VELOCITY_LIMIT ACCEL=10000
G1 E-1.2 F2100
;WIPE_START
G1 F7200
G1 X26.206 Y-6.19
;WIPE_END
G1 X18.584 Y-6.586 Z1.6 F30000
G1 X-4.987 Y-7.81 Z1.6
G1 Z1.2
G1 E1.2 F2100
SET_VELOCITY_LIMIT ACCEL=5000
;TYPE:Inner wall
G1 F9000
G1 X-4.987 Y-8.387 E.02714
G1 X-1.213 Y-8.387 E.17748
G1 X-1.213 Y-3.613 E.2245
G1 X-4.987 Y-3.613 E.17748
G1 X-4.987 Y-7.774 E.19567
SET_VELOCITY_LIMIT ACCEL=10000
G1 X-4.41 Y-7.81 F30000
SET_VELOCITY_LIMIT ACCEL=5000
;TYPE:Outer wall
G1 F7200
G1 X-1.79 Y-7.81 E.1232
G1 X-1.79 Y-4.19 E.17023
G1 X-4.41 Y-4.19 E.1232
G1 X-4.41 Y-7.774 E.16854
SET_VELOCITY_LIMIT ACCEL=10000
G1 E-1.2 F2100
;WIPE_START
G1 F7200
G1 X-2.41 Y-7.801
;WIPE_END
G1 X-10.043 Y-7.809 Z1.6 F30000
G1 X-11.087 Y-7.81 Z1.6
G1 Z1.2
G1 E1.2 F2100
SET_VELOCITY_LIMIT ACCEL=5000
;TYPE:Inner wall
G1 F9000
G1 X-11.087 Y-8.387 E.02714
G1 X-7.313 Y-8.387 E.17748
G1 X-7.313 Y-3.613 E.2245
G1 X-11.087 Y-3.613 E.17748
G1 X-11.087 Y-7.774 E.19567
SET_VELOCITY_LIMIT ACCEL=10000
G1 X-10.51 Y-7.81 F30000
SET_VELOCITY_LIMIT ACCEL=5000
;TYPE:Outer wall
G1 F7200
G1 X-7.89 Y-7.81 E.1232
G1 X-7.89 Y-4.19 E.17023
G1 X-10.51 Y-4.19 E.1232
G1 X-10.51 Y-7.774 E.16854
SET_VELOCITY_LIMIT ACCEL=10000
G1 E-1.2 F2100
;WIPE_START
G1 F7200
G1 X-8.51 Y-7.801
;WIPE_END
G1 X-15.387 Y-4.491 Z1.6 F30000
G1 X-17.21 Y-3.613 Z1.6
G1 Z1.2
G1 E1.2 F2100
SET_VELOCITY_LIMIT ACCEL=5000
;TYPE:Inner wall
G1 F9000
G1 X-17.787 Y-3.613 E.02714
G1 X-17.787 Y-8.387 E.2245
G1 X-14.013 Y-8.387 E.17748
G1 X-14.013 Y-3.613 E.2245
G1 X-17.174 Y-3.613 E.14865
SET_VELOCITY_LIMIT ACCEL=10000
G1 X-17.21 Y-4.19 F30000
SET_VELOCITY_LIMIT ACCEL=5000
;TYPE:Outer wall
G1 F7200
G1 X-17.21 Y-7.81 E.17023
G1 X-14.59 Y-7.81 E.1232
G1 X-14.59 Y-4.19 E.17023
G1 X-17.174 Y-4.19 E.12151
SET_VELOCITY_LIMIT ACCEL=10000
G1 E-1.2 F2100
;WIPE_START
G1 F7200
G1 X-17.194 Y-6.19
;WIPE_END
G1 X-22.71 Y-3.613 Z1.6 F30000
G1 Z1.2
G1 E1.2 F2100
SET_VELOCITY_LIMIT ACCEL=5000
;TYPE:Inner wall
G1 F9000
G1 X-23.287 Y-3.613 E.02714
G1 X-23.287 Y-8.387 E.2245
G1 X-19.513 Y-8.387 E.17748
G1 X-19.513 Y-3.613 E.2245
G1 X-22.674 Y-3.613 E.14865
SET_VELOCITY_LIMIT ACCEL=10000
G1 X-22.71 Y-4.19 F30000
SET_VELOCITY_LIMIT ACCEL=5000
;TYPE:Outer wall
G1 F7200
G1 X-22.71 Y-7.81 E.17023
G1 X-20.09 Y-7.81 E.1232
G1 X-20.09 Y-4.19 E.17023
G1 X-22.674 Y-4.19 E.12151
SET_VELOCITY_LIMIT ACCEL=10000
G1 E-1.2 F2100
;WIPE_START
G1 F7200
G1 X-22.694 Y-6.19
;WIPE_END
G1 X-28.81 Y-3.613 Z1.6 F30000
G1 Z1.2
G1 E1.2 F2100
SET_VELOCITY_LIMIT ACCEL=5000
;TYPE:Inner wall
G1 F9000
G1 X-29.387 Y-3.613 E.02714
G1 X-29.387 Y-8.387 E.2245
G1 X-25.613 Y-8.387 E.17748
G1 X-25.613 Y-3.613 E.2245
G1 X-28.774 Y-3.613 E.14865
SET_VELOCITY_LIMIT ACCEL=10000
G1 X-28.81 Y-4.19 F30000
SET_VELOCITY_LIMIT ACCEL=5000
;TYPE:Outer wall
G1 F7200
G1 X-28.81 Y-7.81 E.17023
G1 X-26.19 Y-7.81 E.1232
G1 X-26.19 Y-4.19 E.17023
G1 X-28.774 Y-4.19 E.12151
SET_VELOCITY_LIMIT ACCEL=10000
G1 E-1.2 F2100
;WIPE_START
G1 F7200
G1 X-28.794 Y-6.19
;WIPE_END
G1 X-21.193 Y-5.494 Z1.6 F30000
G1 X39.615 Y.074 Z1.6
G1 Z1.2
G1 E1.2 F2100
SET_VELOCITY_LIMIT ACCEL=5000
;TYPE:Inner wall
G1 F9000
G1 X39.687 Y.62 E.02591
G1 X39.926 Y1.197 E.0294
G1 X40.307 Y1.693 E.0294
G1 X40.803 Y2.074 E.0294
G1 X41.38 Y2.313 E.0294
G1 X42 Y2.395 E.0294
G1 X42.62 Y2.313 E.0294
G1 X43.197 Y2.074 E.0294
G1 X43.693 Y1.693 E.0294
G1 X43.878 Y1.453 E.01426
G1 X44.113 Y1.532 E.01167
G1 X44.113 Y9.113 E.35647
G1 X31.887 Y9.113 E.57492
M73 P44 R5
G1 X31.887 Y3.613 E.25864
G1 X-31.887 Y3.613 E2.99896
G1 X-31.887 Y9.113 E.25864
G1 X-44.113 Y9.113 E.57492
G1 X-44.113 Y1.532 E.35647
G1 X-43.878 Y1.453 E.01167
G1 X-43.693 Y1.693 E.01426
G1 X-43.197 Y2.074 E.0294
G1 X-42.62 Y2.313 E.0294
G1 X-42 Y2.395 E.0294
G1 X-41.38 Y2.313 E.0294
G1 X-40.803 Y2.074 E.0294
G1 X-40.307 Y1.693 E.0294
G1 X-39.926 Y1.197 E.0294
G1 X-39.687 Y.62 E.0294
G1 X-39.605 Y0 E.0294
G1 X-39.687 Y-.62 E.0294
G1 X-39.926 Y-1.197 E.0294
G1 X-40.307 Y-1.693 E.0294
G1 X-40.803 Y-2.074 E.0294
G1 X-41.38 Y-2.313 E.0294
G1 X-42 Y-2.395 E.0294
G1 X-42.62 Y-2.313 E.0294
G1 X-43.197 Y-2.074 E.0294
G1 X-43.693 Y-1.693 E.0294
G1 X-43.878 Y-1.453 E.01426
G1 X-44.113 Y-1.532 E.01167
G1 X-44.113 Y-9.113 E.35647
G1 X44.113 Y-9.113 E4.14879
G1 X44.113 Y-1.532 E.35647
G1 X43.878 Y-1.453 E.01167
G1 X43.693 Y-1.693 E.01426
G1 X43.197 Y-2.074 E.0294
G1 X42.62 Y-2.313 E.0294
G1 X42 Y-2.395 E.0294
G1 X41.38 Y-2.313 E.0294
G1 X40.803 Y-2.074 E.0294
G1 X40.307 Y-1.693 E.0294
G1 X39.926 Y-1.197 E.0294
G1 X39.687 Y-.62 E.0294
G1 X39.605 Y0 E.0294
G1 X39.61 Y.038 E.00179
SET_VELOCITY_LIMIT ACCEL=10000
G1 E-1.2 F2100
;WIPE_START
G1 F9000
G1 X39.687 Y.62
G1 X39.926 Y1.197
G1 X40.307 Y1.693
G1 X40.436 Y1.792
;WIPE_END
G1 X43.087 Y-5.365 Z1.6 F30000
G1 X44.69 Y-9.69 Z1.6
G1 Z1.2
G1 E1.2 F2100
SET_VELOCITY_LIMIT ACCEL=5000
;TYPE:Outer wall
G1 F7200
G1 X44.69 Y9.69 E.91134
G1 X-44.69 Y9.69 E4.20307
G1 X-44.69 Y-9.69 E.91134
G1 X44.654 Y-9.69 E4.20137
SET_VELOCITY_LIMIT ACCEL=10000
G1 E-1.2 F2100
M73 P44 R4
;WIPE_START
G1 F7200
G1 X44.658 Y-7.69
;WIPE_END
G1 X40.55 Y-8.767 Z1.6 F30000
G1 Z1.2
G1 E1.2 F2100
;TYPE:Sparse infill
G1 F6000
G1 X38.241 Y-8.767 E.10855
G1 X43.767 Y-3.241 E.36744
G1 X43.767 Y-2.073 E.05492
G1 X43.372 Y-2.376 E.02339
G1 X42.71 Y-2.65 E.03368
G1 X42 Y-2.744 E.03368
G1 X41.29 Y-2.65 E.03368
G1 X40.628 Y-2.376 E.03368
G1 X40.06 Y-1.94 E.03368
G1 X39.683 Y-1.449 E.02911
G1 X32.365 Y-8.767 E.48663
G1 X30.022 Y-8.767 E.11021
G1 X30.022 Y-8.308 E.02157
G1 X29.733 Y-8.308 E.01357
G1 X29.733 Y-5.523 E.13097
G1 X43.767 Y8.511 E.93326
G1 X43.767 Y8.767 E.01204
G1 X38.147 Y8.767 E.26427
G1 X26.113 Y-3.267 E.80025
G1 X25.267 Y-3.267 E.03982
G1 X25.267 Y-4.113 E.03982
G1 X23.633 Y-5.747 E.10862
G1 X23.633 Y-8.055 E.10855
G1 X23.576 Y-8.75 F30000
M73 P45 R4
;TYPE:Gap infill
;WIDTH:0.191684
G1 F9000
G1 X19.224 Y-8.75 E.05275
G1 X25.324 Y-8.75 F30000
G1 F9000
G1 X29.676 Y-8.75 E.05275
G1 E-1.2 F2100
;WIPE_START
G1 F9000
G1 X27.676 Y-8.75
;WIPE_END
G1 X25.704 Y-1.377 Z1.6 F30000
G1 X24.462 Y3.267 Z1.6
G1 Z1.2
G1 E1.2 F2100
;TYPE:Sparse infill
;WIDTH:0.62
G1 F6000
G1 X26.771 Y3.267 E.10855
G1 X20.237 Y-3.267 E.43449
G1 X19.167 Y-3.267 E.05035
G1 X19.167 Y-4.337 E.05035
G1 X17.533 Y-5.971 E.10862
G1 X17.533 Y-8.279 E.10855
G1 X17.476 Y-8.75 F30000
;TYPE:Gap infill
;WIDTH:0.191684
G1 F9000
G1 X13.124 Y-8.75 E.05275
G1 X7.024 Y-8.75 F30000
G1 F9000
G1 X11.376 Y-8.75 E.05275
G1 X11.628 Y-8.308 F30000
;TYPE:Sparse infill
;WIDTH:0.62
G1 F6000
G1 X11.433 Y-8.308 E.00918
G1 X11.433 Y-6.195 E.09937
G1 X13.067 Y-4.561 E.10862
G1 X13.067 Y-3.267 E.06088
G1 X14.361 Y-3.267 E.06088
G1 X20.895 Y3.267 E.43449
G1 X15.019 Y3.267 E.27632
G1 X8.485 Y-3.267 E.43449
G1 X6.967 Y-3.267 E.07142
G1 X6.967 Y-4.785 E.07142
G1 X5.333 Y-6.419 E.10862
G1 X5.333 Y-8.308 E.08884
G1 X5.622 Y-8.308 E.01357
G1 X5.622 Y-8.438 E.00614
G1 X5.276 Y-8.75 F30000
;TYPE:Gap infill
;WIDTH:0.191684
G1 F9000
G1 X.924 Y-8.75 E.05275
G1 X-5.276 Y-8.75 F30000
G1 F9000
G1 X-.924 Y-8.75 E.05275
G1 X-.578 Y-8.762 F30000
;TYPE:Sparse infill
;WIDTH:0.62
G1 F6000
G1 X-.578 Y-8.308 E.02138
G1 X-.867 Y-8.308 E.01357
G1 X-.867 Y-6.743 E.0736
G1 X.867 Y-5.009 E.11527
G1 X.867 Y-3.267 E.08195
G1 X2.609 Y-3.267 E.08195
G1 X9.143 Y3.267 E.43449
G1 X3.267 Y3.267 E.27632
G1 X-3.267 Y-3.267 E.43449
G1 X-5.333 Y-3.267 E.09718
G1 X-5.333 Y-5.333 E.09718
G1 X-6.967 Y-6.967 E.10862
G1 X-6.967 Y-8.308 E.06307
G1 X-6.678 Y-8.308 E.01357
G1 X-6.678 Y-8.767 E.02157
G1 X-6.458 Y-8.767 E.01034
G1 X-7.024 Y-8.75 F30000
;TYPE:Gap infill
;WIDTH:0.191684
G1 F9000
G1 X-11.376 Y-8.75 E.05275
G1 X-13.724 Y-8.75 F30000
G1 F9000
G1 X-18.076 Y-8.75 E.05275
G1 X-19.224 Y-8.75 F30000
G1 F9000
G1 X-23.576 Y-8.75 E.05275
G1 X-25.324 Y-8.75 F30000
G1 F9000
G1 X-29.676 Y-8.75 E.05275
G1 E-1.2 F2100
;WIPE_START
G1 F9000
G1 X-27.676 Y-8.75
;WIPE_END
G1 X-25.267 Y-5.33 Z1.6 F30000
G1 Z1.2
G1 E1.2 F2100
;TYPE:Sparse infill
;WIDTH:0.62
G1 F6000
G1 X-25.267 Y-7.639 E.10855
G1 X-23.633 Y-6.005 E.10862
G1 X-23.633 Y-3.267 E.12878
G1 X-20.895 Y-3.267 E.12878
G1 X-14.361 Y3.267 E.43449
G1 X-20.237 Y3.267 E.27632
G1 X-26.771 Y-3.267 E.43449
G1 X-29.733 Y-3.267 E.13931
G1 X-29.733 Y-6.229 E.13931
G1 X-32.271 Y-8.767 E.16875
G1 X-38.147 Y-8.767 E.27632
G1 X-26.113 Y3.267 E.80025
G1 X-31.989 Y3.267 E.27632
G1 X-43.767 Y-8.511 E.78322
G1 X-43.767 Y-6.202 E.10855
G1 X-44.128 Y-1.233 F30000
;TYPE:Gap infill
;WIDTH:0.420458
G1 F9000
G1 X-44.216 Y-.569 E.02061
;WIDTH:0.395946
G1 X-44.234 Y-.294 E.00792
;WIDTH:0.357717
G1 X-44.252 Y.02 E.00806
;WIDTH:0.359953
G1 X-44.234 Y.294 E.00711
;WIDTH:0.403463
G1 X-44.216 Y.569 E.00808
G1 X-44.128 Y1.233 E.01968
G1 X-40.55 Y8.767 F30000
;TYPE:Sparse infill
;WIDTH:0.62
G1 F6000
G1 X-38.241 Y8.767 E.10855
G1 X-43.767 Y3.241 E.36744
G1 X-43.767 Y2.073 E.05492
G1 X-43.372 Y2.376 E.02339
G1 X-42.71 Y2.65 E.03368
G1 X-42 Y2.744 E.03368
G1 X-41.29 Y2.65 E.03368
G1 X-40.628 Y2.376 E.03368
G1 X-40.06 Y1.94 E.03368
G1 X-39.683 Y1.449 E.02911
G1 X-32.365 Y8.767 E.48663
G1 X-32.233 Y8.767 E.00621
G1 X-32.233 Y6.59 E.10234
G1 X-31.599 Y9 F30000
;TYPE:Gap infill
;WIDTH:0.84584
G1 F9000
G1 X31.599 Y9 E4.13485
G1 X44.128 Y1.233 F30000
;WIDTH:0.420458
G1 F9000
G1 X44.216 Y.569 E.02061
;WIDTH:0.395946
G1 X44.234 Y.294 E.00792
;WIDTH:0.357717
G1 X44.252 Y-.02 E.00806
;WIDTH:0.359953
G1 X44.234 Y-.294 E.00711
;WIDTH:0.403463
G1 X44.216 Y-.569 E.00808
G1 X44.128 Y-1.233 E.01968
G1 E-1.2 F2100
;WIPE_START
G1 F9000
G1 X44.216 Y-.569
G1 X44.234 Y-.294
;WIPE_END
G1 X36.621 Y.257 Z1.6 F30000
G1 X-4.918 Y3.267 Z1.6
G1 Z1.2
G1 E1.2 F2100
;TYPE:Sparse infill
;WIDTH:0.62
G1 F6000
G1 X-2.609 Y3.267 E.10855
G1 X-9.143 Y-3.267 E.43449
G1 X-11.433 Y-3.267 E.10772
G1 X-11.433 Y-5.557 E.10772
G1 X-13.667 Y-7.791 E.14852
G1 X-13.667 Y-3.267 E.21274
G1 X-15.019 Y-3.267 E.06358
G1 X-8.485 Y3.267 E.43449
G1 X-10.794 Y3.267 E.10855
G1 X-18.133 Y-4.073 F30000
G1 F6000
G1 X-18.133 Y-6.381 E.10855
G1 X-19.167 Y-7.415 E.06872
G1 X-19.167 Y-5.106 E.10855
;LAYER_CHANGE
;Z:1.4
;HEIGHT:0.2
;BEFORE_LAYER_CHANGE
;1.4
G1 E-1.2 F2100
M73 P46 R4
;WIPE_START
G1 F6000
G1 X-19.167 Y-7.106
;WIPE_END
;AFTER_LAYER_CHANGE
;1.4
;_SET_FAN_SPEED_CHANGING_LAYER
G17
G3 Z1.8 I-.355 J1.164 P1  F30000
G1 X31.31 Y8.31 Z1.8
G1 Z1.4
G1 E1.2 F2100
SET_VELOCITY_LIMIT ACCEL=5000
;TYPE:Outer wall
G1 F7200
G1 X-31.31 Y8.31 E2.94469
G1 X-31.31 Y4.19 E.19374
G1 X31.31 Y4.19 E2.94469
G1 X31.31 Y8.274 E.19205
SET_VELOCITY_LIMIT ACCEL=10000
G1 E-1.2 F2100
;WIPE_START
G1 F7200
G1 X29.31 Y8.275
;WIPE_END
G1 X21.737 Y7.321 Z1.8 F30000
G1 X-43.57 Y-.906 Z1.8
G1 Z1.4
G1 E1.2 F2100
SET_VELOCITY_LIMIT ACCEL=5000
G1 F7200
G1 X-43.282 Y-1.282 E.02225
G1 X-42.906 Y-1.57 E.02225
G1 X-42.469 Y-1.751 E.02225
G1 X-42.209 Y-1.785 E.01235
G1 X-42 Y-1.813 E.0099
G1 X-41.531 Y-1.751 E.02225
G1 X-41.094 Y-1.57 E.02225
G1 X-40.718 Y-1.282 E.02225
G1 X-40.43 Y-.906 E.02225
G1 X-40.249 Y-.469 E.02225
G1 X-40.187 Y0 E.02225
G1 X-40.249 Y.469 E.02225
G1 X-40.43 Y.906 E.02225
G1 X-40.718 Y1.282 E.02225
G1 X-41.094 Y1.57 E.02225
G1 X-41.531 Y1.751 E.02225
G1 X-42 Y1.813 E.02225
G1 X-42.469 Y1.751 E.02225
G1 X-42.906 Y1.57 E.02225
G1 X-43.282 Y1.282 E.02225
G1 X-43.57 Y.906 E.02225
G1 X-43.751 Y.469 E.02225
G1 X-43.813 Y0 E.02225
G1 X-43.751 Y-.469 E.02225
G1 X-43.584 Y-.873 E.02056
SET_VELOCITY_LIMIT ACCEL=10000
G1 E-1.2 F2100
;WIPE_START
G1 F7200
G1 X-43.282 Y-1.282
G1 X-42.906 Y-1.57
G1 X-42.469 Y-1.751
G1 X-42.209 Y-1.785
G1 X-42 Y-1.813
G1 X-41.928 Y-1.803
;WIPE_END
G1 X-34.298 Y-1.636 Z1.8 F30000
G1 X40.187 Y0 Z1.8
G1 Z1.4
G1 E1.2 F2100
SET_VELOCITY_LIMIT ACCEL=5000
G1 F7200
G1 X40.249 Y-.469 E.02225
G1 X40.43 Y-.906 E.02225
G1 X40.718 Y-1.282 E.02225
G1 X41.094 Y-1.57 E.02225
G1 X41.531 Y-1.751 E.02225
G1 X41.791 Y-1.785 E.01235
G1 X42 Y-1.813 E.0099
G1 X42.469 Y-1.751 E.02225
G1 X42.906 Y-1.57 E.02225
G1 X43.282 Y-1.282 E.02225
G1 X43.57 Y-.906 E.02225
G1 X43.751 Y-.469 E.02225
G1 X43.813 Y0 E.02225
G1 X43.751 Y.469 E.02225
G1 X43.57 Y.906 E.02225
G1 X43.282 Y1.282 E.02225
G1 X42.906 Y1.57 E.02225
G1 X42.469 Y1.751 E.02225
G1 X42 Y1.813 E.02225
G1 X41.531 Y1.751 E.02225
G1 X41.094 Y1.57 E.02225
G1 X40.718 Y1.282 E.02225
G1 X40.43 Y.906 E.02225
G1 X40.249 Y.469 E.02225
G1 X40.192 Y.036 E.02056
SET_VELOCITY_LIMIT ACCEL=10000
G1 E-1.2 F2100
;WIPE_START
G1 F7200
G1 X40.249 Y-.469
G1 X40.43 Y-.906
G1 X40.718 Y-1.282
G1 X41.094 Y-1.57
G1 X41.16 Y-1.598
;WIPE_END
G1 X33.619 Y-2.77 Z1.8 F30000
G1 X1.213 Y-7.81 Z1.8
G1 Z1.4
G1 E1.2 F2100
SET_VELOCITY_LIMIT ACCEL=5000
;TYPE:Inner wall
G1 F9000
G1 X1.213 Y-8.387 E.02714
G1 X4.987 Y-8.387 E.17748
G1 X4.987 Y-3.613 E.2245
G1 X1.213 Y-3.613 E.17748
G1 X1.213 Y-7.774 E.19567
SET_VELOCITY_LIMIT ACCEL=10000
G1 X1.79 Y-7.81 F30000
SET_VELOCITY_LIMIT ACCEL=5000
;TYPE:Outer wall
G1 F7200
G1 X4.41 Y-7.81 E.1232
G1 X4.41 Y-4.19 E.17023
G1 X1.79 Y-4.19 E.1232
G1 X1.79 Y-7.774 E.16854
SET_VELOCITY_LIMIT ACCEL=10000
G1 E-1.2 F2100
;WIPE_START
G1 F7200
G1 X3.79 Y-7.801
;WIPE_END
G1 X7.89 Y-3.613 Z1.8 F30000
G1 Z1.4
G1 E1.2 F2100
SET_VELOCITY_LIMIT ACCEL=5000
;TYPE:Inner wall
G1 F9000
G1 X7.313 Y-3.613 E.02714
G1 X7.313 Y-8.387 E.2245
G1 X11.087 Y-8.387 E.17748
G1 X11.087 Y-3.613 E.2245
G1 X7.926 Y-3.613 E.14865
SET_VELOCITY_LIMIT ACCEL=10000
G1 X7.89 Y-4.19 F30000
SET_VELOCITY_LIMIT ACCEL=5000
;TYPE:Outer wall
G1 F7200
G1 X7.89 Y-7.81 E.17023
G1 X10.51 Y-7.81 E.1232
G1 X10.51 Y-4.19 E.17023
G1 X7.926 Y-4.19 E.12151
SET_VELOCITY_LIMIT ACCEL=10000
G1 E-1.2 F2100
;WIPE_START
G1 F7200
G1 X7.906 Y-6.19
;WIPE_END
G1 X13.413 Y-7.81 Z1.8 F30000
G1 Z1.4
G1 E1.2 F2100
SET_VELOCITY_LIMIT ACCEL=5000
;TYPE:Inner wall
G1 F9000
G1 X13.413 Y-8.387 E.02714
G1 X17.187 Y-8.387 E.17748
G1 X17.187 Y-3.613 E.2245
G1 X13.413 Y-3.613 E.17748
G1 X13.413 Y-7.774 E.19567
SET_VELOCITY_LIMIT ACCEL=10000
G1 X13.99 Y-7.81 F30000
SET_VELOCITY_LIMIT ACCEL=5000
;TYPE:Outer wall
G1 F7200
G1 X16.61 Y-7.81 E.1232
G1 X16.61 Y-4.19 E.17023
G1 X13.99 Y-4.19 E.1232
G1 X13.99 Y-7.774 E.16854
SET_VELOCITY_LIMIT ACCEL=10000
G1 E-1.2 F2100
;WIPE_START
G1 F7200
G1 X15.99 Y-7.801
;WIPE_END
G1 X19.513 Y-7.81 Z1.8 F30000
G1 Z1.4
G1 E1.2 F2100
SET_VELOCITY_LIMIT ACCEL=5000
;TYPE:Inner wall
G1 F9000
G1 X19.513 Y-8.387 E.02714
G1 X23.287 Y-8.387 E.17748
G1 X23.287 Y-3.613 E.2245
G1 X19.513 Y-3.613 E.17748
G1 X19.513 Y-7.774 E.19567
SET_VELOCITY_LIMIT ACCEL=10000
G1 X20.09 Y-7.81 F30000
M73 P47 R4
SET_VELOCITY_LIMIT ACCEL=5000
;TYPE:Outer wall
G1 F7200
G1 X22.71 Y-7.81 E.1232
G1 X22.71 Y-4.19 E.17023
G1 X20.09 Y-4.19 E.1232
G1 X20.09 Y-7.774 E.16854
SET_VELOCITY_LIMIT ACCEL=10000
G1 E-1.2 F2100
;WIPE_START
G1 F7200
G1 X22.09 Y-7.801
;WIPE_END
G1 X26.19 Y-3.613 Z1.8 F30000
G1 Z1.4
G1 E1.2 F2100
SET_VELOCITY_LIMIT ACCEL=5000
;TYPE:Inner wall
G1 F9000
G1 X25.613 Y-3.613 E.02714
G1 X25.613 Y-8.387 E.2245
G1 X29.387 Y-8.387 E.17748
G1 X29.387 Y-3.613 E.2245
G1 X26.226 Y-3.613 E.14865
SET_VELOCITY_LIMIT ACCEL=10000
G1 X26.19 Y-4.19 F30000
SET_VELOCITY_LIMIT ACCEL=5000
;TYPE:Outer wall
G1 F7200
G1 X26.19 Y-7.81 E.17023
G1 X28.81 Y-7.81 E.1232
G1 X28.81 Y-4.19 E.17023
G1 X26.226 Y-4.19 E.12151
SET_VELOCITY_LIMIT ACCEL=10000
G1 E-1.2 F2100
;WIPE_START
G1 F7200
G1 X26.206 Y-6.19
;WIPE_END
G1 X18.584 Y-6.586 Z1.8 F30000
G1 X-4.987 Y-7.81 Z1.8
G1 Z1.4
G1 E1.2 F2100
SET_VELOCITY_LIMIT ACCEL=5000
;TYPE:Inner wall
G1 F9000
G1 X-4.987 Y-8.387 E.02714
G1 X-1.213 Y-8.387 E.17748
G1 X-1.213 Y-3.613 E.2245
G1 X-4.987 Y-3.613 E.17748
G1 X-4.987 Y-7.774 E.19567
SET_VELOCITY_LIMIT ACCEL=10000
G1 X-4.41 Y-7.81 F30000
SET_VELOCITY_LIMIT ACCEL=5000
;TYPE:Outer wall
G1 F7200
G1 X-1.79 Y-7.81 E.1232
G1 X-1.79 Y-4.19 E.17023
G1 X-4.41 Y-4.19 E.1232
G1 X-4.41 Y-7.774 E.16854
SET_VELOCITY_LIMIT ACCEL=10000
G1 E-1.2 F2100
;WIPE_START
G1 F7200
G1 X-2.41 Y-7.801
;WIPE_END
G1 X-10.043 Y-7.809 Z1.8 F30000
G1 X-11.087 Y-7.81 Z1.8
G1 Z1.4
G1 E1.2 F2100
SET_VELOCITY_LIMIT ACCEL=5000
;TYPE:Inner wall
G1 F9000
G1 X-11.087 Y-8.387 E.02714
G1 X-7.313 Y-8.387 E.17748
G1 X-7.313 Y-3.613 E.2245
G1 X-11.087 Y-3.613 E.17748
G1 X-11.087 Y-7.774 E.19567
SET_VELOCITY_LIMIT ACCEL=10000
G1 X-10.51 Y-7.81 F30000
SET_VELOCITY_LIMIT ACCEL=5000
;TYPE:Outer wall
G1 F7200
G1 X-7.89 Y-7.81 E.1232
G1 X-7.89 Y-4.19 E.17023
G1 X-10.51 Y-4.19 E.1232
G1 X-10.51 Y-7.774 E.16854
SET_VELOCITY_LIMIT ACCEL=10000
G1 E-1.2 F2100
;WIPE_START
G1 F7200
G1 X-8.51 Y-7.801
;WIPE_END
G1 X-15.387 Y-4.491 Z1.8 F30000
G1 X-17.21 Y-3.613 Z1.8
G1 Z1.4
G1 E1.2 F2100
SET_VELOCITY_LIMIT ACCEL=5000
;TYPE:Inner wall
G1 F9000
G1 X-17.787 Y-3.613 E.02714
G1 X-17.787 Y-8.387 E.2245
G1 X-14.013 Y-8.387 E.17748
G1 X-14.013 Y-3.613 E.2245
G1 X-17.174 Y-3.613 E.14865
SET_VELOCITY_LIMIT ACCEL=10000
G1 X-17.21 Y-4.19 F30000
SET_VELOCITY_LIMIT ACCEL=5000
;TYPE:Outer wall
G1 F7200
G1 X-17.21 Y-7.81 E.17023
G1 X-14.59 Y-7.81 E.1232
G1 X-14.59 Y-4.19 E.17023
G1 X-17.174 Y-4.19 E.12151
SET_VELOCITY_LIMIT ACCEL=10000
G1 E-1.2 F2100
;WIPE_START
G1 F7200
G1 X-17.194 Y-6.19
;WIPE_END
G1 X-22.71 Y-3.613 Z1.8 F30000
G1 Z1.4
G1 E1.2 F2100
SET_VELOCITY_LIMIT ACCEL=5000
;TYPE:Inner wall
G1 F9000
G1 X-23.287 Y-3.613 E.02714
G1 X-23.287 Y-8.387 E.2245
G1 X-19.513 Y-8.387 E.17748
G1 X-19.513 Y-3.613 E.2245
G1 X-22.674 Y-3.613 E.14865
SET_VELOCITY_LIMIT ACCEL=10000
G1 X-22.71 Y-4.19 F30000
SET_VELOCITY_LIMIT ACCEL=5000
;TYPE:Outer wall
G1 F7200
G1 X-22.71 Y-7.81 E.17023
G1 X-20.09 Y-7.81 E.1232
G1 X-20.09 Y-4.19 E.17023
G1 X-22.674 Y-4.19 E.12151
SET_VELOCITY_LIMIT ACCEL=10000
G1 E-1.2 F2100
;WIPE_START
G1 F7200
G1 X-22.694 Y-6.19
;WIPE_END
G1 X-28.81 Y-3.613 Z1.8 F30000
G1 Z1.4
G1 E1.2 F2100
SET_VELOCITY_LIMIT ACCEL=5000
;TYPE:Inner wall
G1 F9000
G1 X-29.387 Y-3.613 E.02714
G1 X-29.387 Y-8.387 E.2245
G1 X-25.613 Y-8.387 E.17748
G1 X-25.613 Y-3.613 E.2245
G1 X-28.774 Y-3.613 E.14865
SET_VELOCITY_LIMIT ACCEL=10000
G1 X-28.81 Y-4.19 F30000
SET_VELOCITY_LIMIT ACCEL=5000
;TYPE:Outer wall
G1 F7200
G1 X-28.81 Y-7.81 E.17023
G1 X-26.19 Y-7.81 E.1232
G1 X-26.19 Y-4.19 E.17023
G1 X-28.774 Y-4.19 E.12151
SET_VELOCITY_LIMIT ACCEL=10000
G1 E-1.2 F2100
;WIPE_START
G1 F7200
G1 X-28.794 Y-6.19
;WIPE_END
G1 X-21.193 Y-5.494 Z1.8 F30000
G1 X39.615 Y.074 Z1.8
G1 Z1.4
G1 E1.2 F2100
SET_VELOCITY_LIMIT ACCEL=5000
;TYPE:Inner wall
G1 F9000
G1 X39.687 Y.62 E.02589
G1 X39.926 Y1.197 E.0294
G1 X40.307 Y1.693 E.0294
G1 X40.803 Y2.074 E.0294
G1 X41.38 Y2.313 E.0294
G1 X42 Y2.395 E.0294
G1 X42.62 Y2.313 E.0294
G1 X43.197 Y2.074 E.0294
G1 X43.693 Y1.693 E.0294
G1 X43.878 Y1.453 E.01426
G1 X44.113 Y1.532 E.01167
G1 X44.113 Y9.113 E.35647
G1 X31.887 Y9.113 E.57492
G1 X31.887 Y3.613 E.25864
G1 X-31.887 Y3.613 E2.99896
G1 X-31.887 Y9.113 E.25864
M73 P48 R4
G1 X-44.113 Y9.113 E.57492
G1 X-44.113 Y1.532 E.35647
G1 X-43.878 Y1.453 E.01167
G1 X-43.693 Y1.693 E.01426
G1 X-43.197 Y2.074 E.0294
G1 X-42.62 Y2.313 E.0294
G1 X-42 Y2.395 E.0294
G1 X-41.38 Y2.313 E.0294
G1 X-40.803 Y2.074 E.0294
G1 X-40.307 Y1.693 E.0294
G1 X-39.926 Y1.197 E.0294
G1 X-39.687 Y.62 E.0294
G1 X-39.605 Y0 E.0294
G1 X-39.687 Y-.62 E.0294
G1 X-39.926 Y-1.197 E.0294
G1 X-40.307 Y-1.693 E.0294
G1 X-40.803 Y-2.074 E.0294
G1 X-41.38 Y-2.313 E.0294
G1 X-42 Y-2.395 E.0294
G1 X-42.62 Y-2.313 E.0294
G1 X-43.197 Y-2.074 E.0294
G1 X-43.693 Y-1.693 E.0294
G1 X-43.878 Y-1.453 E.01426
G1 X-44.113 Y-1.532 E.01167
G1 X-44.113 Y-9.113 E.35647
G1 X44.113 Y-9.113 E4.14879
G1 X44.113 Y-1.532 E.35647
G1 X43.878 Y-1.453 E.01167
G1 X43.693 Y-1.693 E.01426
G1 X43.197 Y-2.074 E.0294
G1 X42.62 Y-2.313 E.0294
G1 X42 Y-2.395 E.0294
G1 X41.38 Y-2.313 E.0294
G1 X40.803 Y-2.074 E.0294
G1 X40.307 Y-1.693 E.0294
G1 X39.926 Y-1.197 E.0294
G1 X39.687 Y-.62 E.0294
G1 X39.605 Y0 E.0294
G1 X39.61 Y.038 E.00181
SET_VELOCITY_LIMIT ACCEL=10000
G1 E-1.2 F2100
;WIPE_START
G1 F9000
G1 X39.687 Y.62
G1 X39.926 Y1.197
G1 X40.307 Y1.693
G1 X40.436 Y1.793
;WIPE_END
G1 X43.088 Y-5.364 Z1.8 F30000
G1 X44.69 Y-9.69 Z1.8
G1 Z1.4
G1 E1.2 F2100
SET_VELOCITY_LIMIT ACCEL=5000
;TYPE:Outer wall
G1 F7200
G1 X44.69 Y9.69 E.91134
G1 X-44.69 Y9.69 E4.20307
G1 X-44.69 Y-9.69 E.91134
G1 X44.654 Y-9.69 E4.20137
SET_VELOCITY_LIMIT ACCEL=10000
G1 E-1.2 F2100
;WIPE_START
G1 F7200
G1 X44.658 Y-7.69
;WIPE_END
G1 X40.55 Y-8.767 Z1.8 F30000
G1 Z1.4
G1 E1.2 F2100
;TYPE:Sparse infill
G1 F6000
G1 X38.241 Y-8.767 E.10855
G1 X43.767 Y-3.241 E.36744
G1 X43.767 Y-2.073 E.05492
G1 X43.372 Y-2.376 E.02339
G1 X42.71 Y-2.65 E.03368
G1 X42 Y-2.744 E.03368
G1 X41.29 Y-2.65 E.03368
G1 X40.628 Y-2.376 E.03368
G1 X40.06 Y-1.94 E.03368
G1 X39.683 Y-1.449 E.02911
G1 X32.365 Y-8.767 E.48663
G1 X30.022 Y-8.767 E.11021
G1 X30.022 Y-8.308 E.02157
G1 X29.733 Y-8.308 E.01357
G1 X29.733 Y-5.523 E.13097
G1 X43.767 Y8.511 E.93326
G1 X43.767 Y8.767 E.01204
G1 X38.147 Y8.767 E.26427
G1 X26.113 Y-3.267 E.80025
G1 X25.267 Y-3.267 E.03982
G1 X25.267 Y-4.113 E.03982
G1 X23.633 Y-5.747 E.10862
G1 X23.633 Y-8.055 E.10855
G1 X23.576 Y-8.75 F30000
;TYPE:Gap infill
;WIDTH:0.191684
G1 F9000
G1 X19.224 Y-8.75 E.05275
G1 X25.324 Y-8.75 F30000
G1 F9000
G1 X29.676 Y-8.75 E.05275
G1 E-1.2 F2100
;WIPE_START
G1 F9000
G1 X27.676 Y-8.75
;WIPE_END
G1 X25.704 Y-1.377 Z1.8 F30000
G1 X24.462 Y3.267 Z1.8
G1 Z1.4
G1 E1.2 F2100
;TYPE:Sparse infill
;WIDTH:0.62
G1 F6000
G1 X26.771 Y3.267 E.10855
G1 X20.237 Y-3.267 E.43449
G1 X19.167 Y-3.267 E.05035
G1 X19.167 Y-4.337 E.05035
G1 X17.533 Y-5.971 E.10862
G1 X17.533 Y-8.279 E.10855
G1 X17.476 Y-8.75 F30000
;TYPE:Gap infill
;WIDTH:0.191684
G1 F9000
G1 X13.124 Y-8.75 E.05275
G1 X7.024 Y-8.75 F30000
M73 P49 R4
G1 F9000
G1 X11.376 Y-8.75 E.05275
G1 X11.628 Y-8.308 F30000
;TYPE:Sparse infill
;WIDTH:0.62
G1 F6000
G1 X11.433 Y-8.308 E.00918
G1 X11.433 Y-6.195 E.09937
G1 X13.067 Y-4.561 E.10862
G1 X13.067 Y-3.267 E.06088
G1 X14.361 Y-3.267 E.06088
G1 X20.895 Y3.267 E.43449
G1 X15.019 Y3.267 E.27632
G1 X8.485 Y-3.267 E.43449
G1 X6.967 Y-3.267 E.07142
G1 X6.967 Y-4.785 E.07142
G1 X5.333 Y-6.419 E.10862
G1 X5.333 Y-8.308 E.08884
G1 X5.622 Y-8.308 E.01357
G1 X5.622 Y-8.438 E.00614
G1 X5.276 Y-8.75 F30000
;TYPE:Gap infill
;WIDTH:0.191684
G1 F9000
G1 X.924 Y-8.75 E.05275
G1 X-5.276 Y-8.75 F30000
G1 F9000
G1 X-.924 Y-8.75 E.05275
G1 X-.578 Y-8.762 F30000
;TYPE:Sparse infill
;WIDTH:0.62
G1 F6000
G1 X-.578 Y-8.308 E.02138
G1 X-.867 Y-8.308 E.01357
G1 X-.867 Y-6.743 E.0736
G1 X.867 Y-5.009 E.11527
G1 X.867 Y-3.267 E.08195
G1 X2.609 Y-3.267 E.08195
G1 X9.143 Y3.267 E.43449
G1 X3.267 Y3.267 E.27632
G1 X-3.267 Y-3.267 E.43449
G1 X-5.333 Y-3.267 E.09718
G1 X-5.333 Y-5.333 E.09718
G1 X-6.967 Y-6.967 E.10862
G1 X-6.967 Y-8.308 E.06307
G1 X-6.678 Y-8.308 E.01357
G1 X-6.678 Y-8.767 E.02157
G1 X-6.458 Y-8.767 E.01034
G1 X-7.024 Y-8.75 F30000
;TYPE:Gap infill
;WIDTH:0.191684
G1 F9000
G1 X-11.376 Y-8.75 E.05275
G1 X-13.724 Y-8.75 F30000
G1 F9000
G1 X-18.076 Y-8.75 E.05275
G1 X-19.224 Y-8.75 F30000
G1 F9000
G1 X-23.576 Y-8.75 E.05275
G1 X-25.324 Y-8.75 F30000
G1 F9000
G1 X-29.676 Y-8.75 E.05275
G1 E-1.2 F2100
;WIPE_START
G1 F9000
G1 X-27.676 Y-8.75
;WIPE_END
G1 X-25.267 Y-5.33 Z1.8 F30000
G1 Z1.4
G1 E1.2 F2100
;TYPE:Sparse infill
;WIDTH:0.62
G1 F6000
G1 X-25.267 Y-7.639 E.10855
G1 X-23.633 Y-6.005 E.10862
G1 X-23.633 Y-3.267 E.12878
G1 X-20.895 Y-3.267 E.12878
G1 X-14.361 Y3.267 E.43449
G1 X-20.237 Y3.267 E.27632
G1 X-26.771 Y-3.267 E.43449
G1 X-29.733 Y-3.267 E.13931
G1 X-29.733 Y-6.229 E.13931
G1 X-32.271 Y-8.767 E.16875
G1 X-38.147 Y-8.767 E.27632
G1 X-26.113 Y3.267 E.80025
G1 X-31.989 Y3.267 E.27632
G1 X-43.767 Y-8.511 E.78322
G1 X-43.767 Y-6.202 E.10855
G1 X-44.128 Y-1.233 F30000
;TYPE:Gap infill
;WIDTH:0.420458
G1 F9000
G1 X-44.216 Y-.569 E.02061
;WIDTH:0.395946
G1 X-44.234 Y-.294 E.00792
;WIDTH:0.357717
G1 X-44.252 Y.02 E.00806
;WIDTH:0.359953
G1 X-44.234 Y.294 E.00711
;WIDTH:0.403463
G1 X-44.216 Y.569 E.00808
G1 X-44.128 Y1.233 E.01968
G1 X-40.55 Y8.767 F30000
;TYPE:Sparse infill
;WIDTH:0.62
G1 F6000
G1 X-38.241 Y8.767 E.10855
G1 X-43.767 Y3.241 E.36744
G1 X-43.767 Y2.073 E.05492
G1 X-43.372 Y2.376 E.02339
G1 X-42.71 Y2.65 E.03368
G1 X-42 Y2.744 E.03368
G1 X-41.29 Y2.65 E.03368
G1 X-40.628 Y2.376 E.03368
G1 X-40.06 Y1.94 E.03368
G1 X-39.683 Y1.449 E.02911
G1 X-32.365 Y8.767 E.48663
G1 X-32.233 Y8.767 E.00621
G1 X-32.233 Y6.59 E.10234
G1 X-31.599 Y9 F30000
;TYPE:Gap infill
;WIDTH:0.84584
G1 F9000
G1 X31.599 Y9 E4.13485
G1 X44.128 Y1.233 F30000
;WIDTH:0.420457
G1 F9000
G1 X44.216 Y.569 E.02061
;WIDTH:0.395946
G1 X44.234 Y.294 E.00792
;WIDTH:0.357717
G1 X44.252 Y-.02 E.00806
;WIDTH:0.359953
G1 X44.234 Y-.294 E.00711
;WIDTH:0.403463
G1 X44.216 Y-.569 E.00808
G1 X44.128 Y-1.233 E.01968
G1 E-1.2 F2100
;WIPE_START
G1 F9000
G1 X44.216 Y-.569
G1 X44.234 Y-.294
;WIPE_END
G1 X36.626 Y.314 Z1.8 F30000
G1 X-.301 Y3.267 Z1.8
G1 Z1.4
G1 E1.2 F2100
;TYPE:Sparse infill
;WIDTH:0.62
G1 F6000
G1 X-2.609 Y3.267 E.10855
G1 X-9.143 Y-3.267 E.43449
G1 X-11.433 Y-3.267 E.10772
G1 X-11.433 Y-5.557 E.10772
G1 X-13.667 Y-7.791 E.14852
G1 X-13.667 Y-3.267 E.21274
G1 X-15.019 Y-3.267 E.06358
G1 X-8.485 Y3.267 E.43449
G1 X-6.177 Y3.267 E.10855
G1 X-18.133 Y-4.073 F30000
G1 F6000
G1 X-18.133 Y-6.381 E.10855
G1 X-19.167 Y-7.415 E.06872
G1 X-19.167 Y-5.106 E.10855
;LAYER_CHANGE
;Z:1.6
;HEIGHT:0.2
;BEFORE_LAYER_CHANGE
;1.6
G1 E-1.2 F2100
;WIPE_START
G1 F6000
G1 X-19.167 Y-7.106
;WIPE_END
;AFTER_LAYER_CHANGE
;1.6
;_SET_FAN_SPEED_CHANGING_LAYER
G17
G3 Z2 I-.355 J1.164 P1  F30000
G1 X31.31 Y8.31 Z2
G1 Z1.6
G1 E1.2 F2100
SET_VELOCITY_LIMIT ACCEL=5000
;TYPE:Outer wall
G1 F7200
G1 X-31.31 Y8.31 E2.94469
G1 X-31.31 Y4.19 E.19374
M73 P50 R4
G1 X31.31 Y4.19 E2.94469
G1 X31.31 Y8.274 E.19205
SET_VELOCITY_LIMIT ACCEL=10000
G1 E-1.2 F2100
;WIPE_START
G1 F7200
G1 X29.31 Y8.275
;WIPE_END
G1 X21.737 Y7.321 Z2 F30000
G1 X-43.57 Y-.906 Z2
G1 Z1.6
G1 E1.2 F2100
SET_VELOCITY_LIMIT ACCEL=5000
G1 F7200
G1 X-43.282 Y-1.282 E.02225
G1 X-42.906 Y-1.57 E.02225
G1 X-42.469 Y-1.751 E.02225
G1 X-42.235 Y-1.782 E.01113
G1 X-42 Y-1.813 E.01113
G1 X-41.531 Y-1.751 E.02225
G1 X-41.094 Y-1.57 E.02225
G1 X-40.718 Y-1.282 E.02225
G1 X-40.43 Y-.906 E.02225
G1 X-40.249 Y-.469 E.02225
G1 X-40.187 Y0 E.02225
G1 X-40.249 Y.469 E.02225
G1 X-40.43 Y.906 E.02225
G1 X-40.718 Y1.282 E.02225
G1 X-41.094 Y1.57 E.02225
G1 X-41.531 Y1.751 E.02225
G1 X-42 Y1.813 E.02225
G1 X-42.469 Y1.751 E.02225
G1 X-42.906 Y1.57 E.02225
G1 X-43.282 Y1.282 E.02225
G1 X-43.57 Y.906 E.02225
G1 X-43.751 Y.469 E.02225
G1 X-43.813 Y0 E.02225
G1 X-43.751 Y-.469 E.02225
G1 X-43.584 Y-.873 E.02056
SET_VELOCITY_LIMIT ACCEL=10000
G1 E-1.2 F2100
;WIPE_START
G1 F7200
G1 X-43.282 Y-1.282
G1 X-42.906 Y-1.57
G1 X-42.469 Y-1.751
G1 X-42.235 Y-1.782
G1 X-42 Y-1.813
G1 X-41.928 Y-1.803
;WIPE_END
G1 X-34.298 Y-1.636 Z2 F30000
G1 X40.187 Y0 Z2
G1 Z1.6
G1 E1.2 F2100
SET_VELOCITY_LIMIT ACCEL=5000
G1 F7200
G1 X40.249 Y-.469 E.02225
G1 X40.43 Y-.906 E.02225
G1 X40.718 Y-1.282 E.02225
G1 X41.094 Y-1.57 E.02225
G1 X41.531 Y-1.751 E.02225
G1 X41.765 Y-1.782 E.01113
G1 X42 Y-1.813 E.01113
G1 X42.469 Y-1.751 E.02225
G1 X42.906 Y-1.57 E.02225
G1 X43.282 Y-1.282 E.02225
G1 X43.57 Y-.906 E.02225
G1 X43.751 Y-.469 E.02225
G1 X43.813 Y0 E.02225
G1 X43.751 Y.469 E.02225
G1 X43.57 Y.906 E.02225
G1 X43.282 Y1.282 E.02225
G1 X42.906 Y1.57 E.02225
G1 X42.469 Y1.751 E.02225
G1 X42 Y1.813 E.02225
G1 X41.531 Y1.751 E.02225
G1 X41.094 Y1.57 E.02225
G1 X40.718 Y1.282 E.02225
G1 X40.43 Y.906 E.02225
G1 X40.249 Y.469 E.02225
G1 X40.192 Y.036 E.02056
SET_VELOCITY_LIMIT ACCEL=10000
G1 E-1.2 F2100
;WIPE_START
G1 F7200
G1 X40.249 Y-.469
G1 X40.43 Y-.906
G1 X40.718 Y-1.282
G1 X41.094 Y-1.57
G1 X41.16 Y-1.598
;WIPE_END
G1 X33.619 Y-2.77 Z2 F30000
G1 X1.213 Y-7.81 Z2
G1 Z1.6
G1 E1.2 F2100
SET_VELOCITY_LIMIT ACCEL=5000
;TYPE:Inner wall
G1 F9000
G1 X1.213 Y-8.387 E.02714
G1 X4.987 Y-8.387 E.17748
G1 X4.987 Y-3.613 E.2245
G1 X1.213 Y-3.613 E.17748
G1 X1.213 Y-7.774 E.19567
SET_VELOCITY_LIMIT ACCEL=10000
G1 X1.79 Y-7.81 F30000
SET_VELOCITY_LIMIT ACCEL=5000
;TYPE:Outer wall
G1 F7200
G1 X4.41 Y-7.81 E.1232
G1 X4.41 Y-4.19 E.17023
G1 X1.79 Y-4.19 E.1232
G1 X1.79 Y-7.774 E.16854
SET_VELOCITY_LIMIT ACCEL=10000
G1 E-1.2 F2100
;WIPE_START
G1 F7200
G1 X3.79 Y-7.801
;WIPE_END
G1 X7.89 Y-3.613 Z2 F30000
G1 Z1.6
G1 E1.2 F2100
SET_VELOCITY_LIMIT ACCEL=5000
;TYPE:Inner wall
G1 F9000
G1 X7.313 Y-3.613 E.02714
G1 X7.313 Y-8.387 E.2245
G1 X11.087 Y-8.387 E.17748
G1 X11.087 Y-3.613 E.2245
G1 X7.926 Y-3.613 E.14865
SET_VELOCITY_LIMIT ACCEL=10000
G1 X7.89 Y-4.19 F30000
SET_VELOCITY_LIMIT ACCEL=5000
;TYPE:Outer wall
G1 F7200
G1 X7.89 Y-7.81 E.17023
G1 X10.51 Y-7.81 E.1232
G1 X10.51 Y-4.19 E.17023
G1 X7.926 Y-4.19 E.12151
SET_VELOCITY_LIMIT ACCEL=10000
G1 E-1.2 F2100
;WIPE_START
G1 F7200
G1 X7.906 Y-6.19
;WIPE_END
G1 X13.413 Y-7.81 Z2 F30000
G1 Z1.6
G1 E1.2 F2100
SET_VELOCITY_LIMIT ACCEL=5000
;TYPE:Inner wall
G1 F9000
G1 X13.413 Y-8.387 E.02714
G1 X17.187 Y-8.387 E.17748
G1 X17.187 Y-3.613 E.2245
G1 X13.413 Y-3.613 E.17748
G1 X13.413 Y-7.774 E.19567
SET_VELOCITY_LIMIT ACCEL=10000
G1 X13.99 Y-7.81 F30000
SET_VELOCITY_LIMIT ACCEL=5000
;TYPE:Outer wall
G1 F7200
G1 X16.61 Y-7.81 E.1232
G1 X16.61 Y-4.19 E.17023
G1 X13.99 Y-4.19 E.1232
G1 X13.99 Y-7.774 E.16854
SET_VELOCITY_LIMIT ACCEL=10000
G1 E-1.2 F2100
;WIPE_START
G1 F7200
G1 X15.99 Y-7.801
;WIPE_END
G1 X19.513 Y-7.81 Z2 F30000
G1 Z1.6
G1 E1.2 F2100
SET_VELOCITY_LIMIT ACCEL=5000
;TYPE:Inner wall
G1 F9000
G1 X19.513 Y-8.387 E.02714
G1 X23.287 Y-8.387 E.17748
G1 X23.287 Y-3.613 E.2245
G1 X19.513 Y-3.613 E.17748
G1 X19.513 Y-7.774 E.19567
SET_VELOCITY_LIMIT ACCEL=10000
G1 X20.09 Y-7.81 F30000
SET_VELOCITY_LIMIT ACCEL=5000
;TYPE:Outer wall
G1 F7200
G1 X22.71 Y-7.81 E.1232
G1 X22.71 Y-4.19 E.17023
G1 X20.09 Y-4.19 E.1232
G1 X20.09 Y-7.774 E.16854
SET_VELOCITY_LIMIT ACCEL=10000
G1 E-1.2 F2100
;WIPE_START
G1 F7200
G1 X22.09 Y-7.801
;WIPE_END
G1 X26.19 Y-3.613 Z2 F30000
G1 Z1.6
G1 E1.2 F2100
SET_VELOCITY_LIMIT ACCEL=5000
;TYPE:Inner wall
G1 F9000
G1 X25.613 Y-3.613 E.02714
G1 X25.613 Y-8.387 E.2245
G1 X29.387 Y-8.387 E.17748
G1 X29.387 Y-3.613 E.2245
G1 X26.226 Y-3.613 E.14865
SET_VELOCITY_LIMIT ACCEL=10000
G1 X26.19 Y-4.19 F30000
SET_VELOCITY_LIMIT ACCEL=5000
;TYPE:Outer wall
G1 F7200
G1 X26.19 Y-7.81 E.17023
G1 X28.81 Y-7.81 E.1232
M73 P51 R4
G1 X28.81 Y-4.19 E.17023
G1 X26.226 Y-4.19 E.12151
SET_VELOCITY_LIMIT ACCEL=10000
G1 E-1.2 F2100
;WIPE_START
G1 F7200
G1 X26.206 Y-6.19
;WIPE_END
G1 X18.584 Y-6.586 Z2 F30000
G1 X-4.987 Y-7.81 Z2
G1 Z1.6
G1 E1.2 F2100
SET_VELOCITY_LIMIT ACCEL=5000
;TYPE:Inner wall
G1 F9000
G1 X-4.987 Y-8.387 E.02714
G1 X-1.213 Y-8.387 E.17748
G1 X-1.213 Y-3.613 E.2245
G1 X-4.987 Y-3.613 E.17748
G1 X-4.987 Y-7.774 E.19567
SET_VELOCITY_LIMIT ACCEL=10000
G1 X-4.41 Y-7.81 F30000
SET_VELOCITY_LIMIT ACCEL=5000
;TYPE:Outer wall
G1 F7200
G1 X-1.79 Y-7.81 E.1232
G1 X-1.79 Y-4.19 E.17023
G1 X-4.41 Y-4.19 E.1232
G1 X-4.41 Y-7.774 E.16854
SET_VELOCITY_LIMIT ACCEL=10000
G1 E-1.2 F2100
;WIPE_START
G1 F7200
G1 X-2.41 Y-7.801
;WIPE_END
G1 X-10.043 Y-7.809 Z2 F30000
G1 X-11.087 Y-7.81 Z2
G1 Z1.6
G1 E1.2 F2100
SET_VELOCITY_LIMIT ACCEL=5000
;TYPE:Inner wall
G1 F9000
G1 X-11.087 Y-8.387 E.02714
G1 X-7.313 Y-8.387 E.17748
G1 X-7.313 Y-3.613 E.2245
G1 X-11.087 Y-3.613 E.17748
G1 X-11.087 Y-7.774 E.19567
SET_VELOCITY_LIMIT ACCEL=10000
G1 X-10.51 Y-7.81 F30000
SET_VELOCITY_LIMIT ACCEL=5000
;TYPE:Outer wall
G1 F7200
G1 X-7.89 Y-7.81 E.1232
G1 X-7.89 Y-4.19 E.17023
G1 X-10.51 Y-4.19 E.1232
G1 X-10.51 Y-7.774 E.16854
SET_VELOCITY_LIMIT ACCEL=10000
G1 E-1.2 F2100
;WIPE_START
G1 F7200
G1 X-8.51 Y-7.801
;WIPE_END
G1 X-15.387 Y-4.491 Z2 F30000
G1 X-17.21 Y-3.613 Z2
G1 Z1.6
G1 E1.2 F2100
SET_VELOCITY_LIMIT ACCEL=5000
;TYPE:Inner wall
G1 F9000
G1 X-17.787 Y-3.613 E.02714
G1 X-17.787 Y-8.387 E.2245
G1 X-14.013 Y-8.387 E.17748
G1 X-14.013 Y-3.613 E.2245
G1 X-17.174 Y-3.613 E.14865
SET_VELOCITY_LIMIT ACCEL=10000
G1 X-17.21 Y-4.19 F30000
SET_VELOCITY_LIMIT ACCEL=5000
;TYPE:Outer wall
G1 F7200
G1 X-17.21 Y-7.81 E.17023
G1 X-14.59 Y-7.81 E.1232
G1 X-14.59 Y-4.19 E.17023
G1 X-17.174 Y-4.19 E.12151
SET_VELOCITY_LIMIT ACCEL=10000
G1 E-1.2 F2100
;WIPE_START
G1 F7200
G1 X-17.194 Y-6.19
;WIPE_END
G1 X-22.71 Y-3.613 Z2 F30000
G1 Z1.6
G1 E1.2 F2100
SET_VELOCITY_LIMIT ACCEL=5000
;TYPE:Inner wall
G1 F9000
G1 X-23.287 Y-3.613 E.02714
G1 X-23.287 Y-8.387 E.2245
G1 X-19.513 Y-8.387 E.17748
G1 X-19.513 Y-3.613 E.2245
G1 X-22.674 Y-3.613 E.14865
SET_VELOCITY_LIMIT ACCEL=10000
G1 X-22.71 Y-4.19 F30000
SET_VELOCITY_LIMIT ACCEL=5000
;TYPE:Outer wall
G1 F7200
G1 X-22.71 Y-7.81 E.17023
G1 X-20.09 Y-7.81 E.1232
G1 X-20.09 Y-4.19 E.17023
G1 X-22.674 Y-4.19 E.12151
SET_VELOCITY_LIMIT ACCEL=10000
G1 E-1.2 F2100
;WIPE_START
G1 F7200
G1 X-22.694 Y-6.19
;WIPE_END
G1 X-28.81 Y-3.613 Z2 F30000
G1 Z1.6
G1 E1.2 F2100
SET_VELOCITY_LIMIT ACCEL=5000
;TYPE:Inner wall
G1 F9000
G1 X-29.387 Y-3.613 E.02714
G1 X-29.387 Y-8.387 E.2245
G1 X-25.613 Y-8.387 E.17748
G1 X-25.613 Y-3.613 E.2245
G1 X-28.774 Y-3.613 E.14865
SET_VELOCITY_LIMIT ACCEL=10000
G1 X-28.81 Y-4.19 F30000
SET_VELOCITY_LIMIT ACCEL=5000
;TYPE:Outer wall
G1 F7200
G1 X-28.81 Y-7.81 E.17023
G1 X-26.19 Y-7.81 E.1232
G1 X-26.19 Y-4.19 E.17023
G1 X-28.774 Y-4.19 E.12151
SET_VELOCITY_LIMIT ACCEL=10000
G1 E-1.2 F2100
;WIPE_START
G1 F7200
G1 X-28.794 Y-6.19
;WIPE_END
G1 X-21.193 Y-5.494 Z2 F30000
G1 X39.615 Y.074 Z2
G1 Z1.6
G1 E1.2 F2100
SET_VELOCITY_LIMIT ACCEL=5000
;TYPE:Inner wall
G1 F9000
G1 X39.687 Y.62 E.02587
G1 X39.926 Y1.197 E.0294
G1 X40.307 Y1.693 E.0294
G1 X40.803 Y2.074 E.0294
G1 X41.38 Y2.313 E.0294
G1 X42 Y2.395 E.0294
G1 X42.62 Y2.313 E.0294
G1 X43.197 Y2.074 E.0294
G1 X43.693 Y1.693 E.0294
G1 X43.878 Y1.453 E.01426
G1 X44.113 Y1.532 E.01167
G1 X44.113 Y9.113 E.35647
G1 X31.887 Y9.113 E.57492
G1 X31.887 Y3.613 E.25864
G1 X-31.887 Y3.613 E2.99896
G1 X-31.887 Y9.113 E.25864
G1 X-44.113 Y9.113 E.57492
G1 X-44.113 Y1.532 E.35647
G1 X-43.878 Y1.453 E.01167
G1 X-43.693 Y1.693 E.01426
G1 X-43.197 Y2.074 E.0294
G1 X-42.62 Y2.313 E.0294
G1 X-42 Y2.395 E.0294
G1 X-41.38 Y2.313 E.0294
G1 X-40.803 Y2.074 E.0294
G1 X-40.307 Y1.693 E.0294
G1 X-39.926 Y1.197 E.0294
G1 X-39.687 Y.62 E.0294
G1 X-39.605 Y0 E.0294
G1 X-39.687 Y-.62 E.0294
G1 X-39.926 Y-1.197 E.0294
G1 X-40.307 Y-1.693 E.0294
G1 X-40.803 Y-2.074 E.0294
G1 X-41.38 Y-2.313 E.0294
G1 X-42 Y-2.395 E.0294
G1 X-42.62 Y-2.313 E.0294
G1 X-43.197 Y-2.074 E.0294
G1 X-43.693 Y-1.693 E.0294
G1 X-43.878 Y-1.453 E.01426
G1 X-44.113 Y-1.532 E.01167
G1 X-44.113 Y-9.113 E.35647
G1 X44.113 Y-9.113 E4.14879
G1 X44.113 Y-1.532 E.35647
M73 P52 R4
G1 X43.878 Y-1.453 E.01167
G1 X43.693 Y-1.693 E.01426
G1 X43.197 Y-2.074 E.0294
G1 X42.62 Y-2.313 E.0294
G1 X42 Y-2.395 E.0294
G1 X41.38 Y-2.313 E.0294
G1 X40.803 Y-2.074 E.0294
G1 X40.307 Y-1.693 E.0294
G1 X39.926 Y-1.197 E.0294
G1 X39.687 Y-.62 E.0294
G1 X39.605 Y0 E.0294
G1 X39.61 Y.039 E.00183
SET_VELOCITY_LIMIT ACCEL=10000
G1 E-1.2 F2100
;WIPE_START
G1 F9000
G1 X39.687 Y.62
G1 X39.926 Y1.197
G1 X40.307 Y1.693
G1 X40.436 Y1.793
;WIPE_END
G1 X43.088 Y-5.364 Z2 F30000
G1 X44.69 Y-9.69 Z2
G1 Z1.6
G1 E1.2 F2100
SET_VELOCITY_LIMIT ACCEL=5000
;TYPE:Outer wall
G1 F7200
G1 X44.69 Y9.69 E.91134
G1 X-44.69 Y9.69 E4.20307
G1 X-44.69 Y-9.69 E.91134
G1 X44.654 Y-9.69 E4.20137
SET_VELOCITY_LIMIT ACCEL=10000
G1 E-1.2 F2100
;WIPE_START
G1 F7200
G1 X44.658 Y-7.69
;WIPE_END
G1 X40.55 Y-8.767 Z2 F30000
G1 Z1.6
G1 E1.2 F2100
;TYPE:Sparse infill
G1 F6000
G1 X38.241 Y-8.767 E.10855
G1 X43.767 Y-3.241 E.36744
G1 X43.767 Y-2.073 E.05492
G1 X43.372 Y-2.376 E.02339
G1 X42.71 Y-2.65 E.03368
G1 X42 Y-2.744 E.03368
G1 X41.29 Y-2.65 E.03368
G1 X40.628 Y-2.376 E.03368
G1 X40.06 Y-1.94 E.03368
G1 X39.683 Y-1.449 E.02911
G1 X32.365 Y-8.767 E.48663
G1 X30.022 Y-8.767 E.11021
G1 X30.022 Y-8.308 E.02157
G1 X29.733 Y-8.308 E.01357
G1 X29.733 Y-5.523 E.13097
G1 X43.767 Y8.511 E.93326
G1 X43.767 Y8.767 E.01204
G1 X38.147 Y8.767 E.26427
G1 X26.113 Y-3.267 E.80025
G1 X25.267 Y-3.267 E.03982
G1 X25.267 Y-4.113 E.03982
G1 X23.633 Y-5.747 E.10862
G1 X23.633 Y-8.055 E.10855
G1 X23.576 Y-8.75 F30000
;TYPE:Gap infill
;WIDTH:0.191684
G1 F9000
G1 X19.224 Y-8.75 E.05275
G1 X25.324 Y-8.75 F30000
G1 F9000
G1 X29.676 Y-8.75 E.05275
G1 E-1.2 F2100
;WIPE_START
G1 F9000
G1 X27.676 Y-8.75
;WIPE_END
G1 X25.704 Y-1.377 Z2 F30000
G1 X24.462 Y3.267 Z2
G1 Z1.6
G1 E1.2 F2100
;TYPE:Sparse infill
;WIDTH:0.62
G1 F6000
G1 X26.771 Y3.267 E.10855
G1 X20.237 Y-3.267 E.43449
G1 X19.167 Y-3.267 E.05035
G1 X19.167 Y-4.337 E.05035
G1 X17.533 Y-5.971 E.10862
G1 X17.533 Y-8.279 E.10855
G1 X17.476 Y-8.75 F30000
;TYPE:Gap infill
;WIDTH:0.191684
G1 F9000
G1 X13.124 Y-8.75 E.05275
G1 X7.024 Y-8.75 F30000
G1 F9000
G1 X11.376 Y-8.75 E.05275
G1 X11.628 Y-8.308 F30000
;TYPE:Sparse infill
;WIDTH:0.62
G1 F6000
G1 X11.433 Y-8.308 E.00918
G1 X11.433 Y-6.195 E.09937
G1 X13.067 Y-4.561 E.10862
G1 X13.067 Y-3.267 E.06088
G1 X14.361 Y-3.267 E.06088
G1 X20.895 Y3.267 E.43449
G1 X15.019 Y3.267 E.27632
G1 X8.485 Y-3.267 E.43449
G1 X6.967 Y-3.267 E.07142
G1 X6.967 Y-4.785 E.07142
G1 X5.333 Y-6.419 E.10862
G1 X5.333 Y-8.308 E.08884
G1 X5.622 Y-8.308 E.01357
G1 X5.622 Y-8.438 E.00614
G1 X5.276 Y-8.75 F30000
;TYPE:Gap infill
;WIDTH:0.191684
G1 F9000
G1 X.924 Y-8.75 E.05275
G1 X-5.276 Y-8.75 F30000
M73 P53 R4
G1 F9000
G1 X-.924 Y-8.75 E.05275
G1 X-.578 Y-8.762 F30000
;TYPE:Sparse infill
;WIDTH:0.62
G1 F6000
G1 X-.578 Y-8.308 E.02138
G1 X-.867 Y-8.308 E.01357
G1 X-.867 Y-6.743 E.0736
G1 X.867 Y-5.009 E.11527
G1 X.867 Y-3.267 E.08195
G1 X2.609 Y-3.267 E.08195
G1 X9.143 Y3.267 E.43449
G1 X3.267 Y3.267 E.27632
G1 X-3.267 Y-3.267 E.43449
G1 X-5.333 Y-3.267 E.09718
G1 X-5.333 Y-5.333 E.09718
G1 X-6.967 Y-6.967 E.10862
G1 X-6.967 Y-8.308 E.06307
G1 X-6.678 Y-8.308 E.01357
G1 X-6.678 Y-8.767 E.02157
G1 X-6.458 Y-8.767 E.01034
G1 X-7.024 Y-8.75 F30000
;TYPE:Gap infill
;WIDTH:0.191684
G1 F9000
G1 X-11.376 Y-8.75 E.05275
G1 X-13.724 Y-8.75 F30000
G1 F9000
G1 X-18.076 Y-8.75 E.05275
G1 X-19.224 Y-8.75 F30000
G1 F9000
G1 X-23.576 Y-8.75 E.05275
G1 X-25.324 Y-8.75 F30000
G1 F9000
G1 X-29.676 Y-8.75 E.05275
G1 E-1.2 F2100
;WIPE_START
G1 F9000
G1 X-27.676 Y-8.75
;WIPE_END
G1 X-25.267 Y-5.33 Z2 F30000
G1 Z1.6
G1 E1.2 F2100
;TYPE:Sparse infill
;WIDTH:0.62
G1 F6000
G1 X-25.267 Y-7.639 E.10855
G1 X-23.633 Y-6.005 E.10862
G1 X-23.633 Y-3.267 E.12878
G1 X-20.895 Y-3.267 E.12878
G1 X-14.361 Y3.267 E.43449
G1 X-20.237 Y3.267 E.27632
G1 X-26.771 Y-3.267 E.43449
G1 X-29.733 Y-3.267 E.13931
G1 X-29.733 Y-6.229 E.13931
G1 X-32.271 Y-8.767 E.16875
G1 X-38.147 Y-8.767 E.27632
G1 X-26.113 Y3.267 E.80025
G1 X-31.989 Y3.267 E.27632
G1 X-43.767 Y-8.511 E.78322
G1 X-43.767 Y-6.202 E.10855
G1 X-44.128 Y-1.233 F30000
;TYPE:Gap infill
;WIDTH:0.420458
G1 F9000
G1 X-44.216 Y-.569 E.02061
;WIDTH:0.395946
G1 X-44.234 Y-.294 E.00792
;WIDTH:0.357717
G1 X-44.252 Y.02 E.00806
;WIDTH:0.359953
G1 X-44.234 Y.294 E.00711
;WIDTH:0.403463
G1 X-44.216 Y.569 E.00808
G1 X-44.128 Y1.233 E.01968
G1 X-40.55 Y8.767 F30000
;TYPE:Sparse infill
;WIDTH:0.62
G1 F6000
G1 X-38.241 Y8.767 E.10855
G1 X-43.767 Y3.241 E.36744
G1 X-43.767 Y2.073 E.05492
G1 X-43.372 Y2.376 E.02339
G1 X-42.71 Y2.65 E.03368
G1 X-42 Y2.744 E.03368
G1 X-41.29 Y2.65 E.03368
G1 X-40.628 Y2.376 E.03368
G1 X-40.06 Y1.94 E.03368
G1 X-39.683 Y1.449 E.02911
G1 X-32.365 Y8.767 E.48663
G1 X-32.233 Y8.767 E.00621
G1 X-32.233 Y6.59 E.10234
G1 X-31.599 Y9 F30000
;TYPE:Gap infill
;WIDTH:0.84584
G1 F9000
G1 X31.599 Y9 E4.13485
G1 X44.128 Y1.233 F30000
;WIDTH:0.420457
G1 F9000
G1 X44.216 Y.569 E.02061
;WIDTH:0.395946
G1 X44.234 Y.294 E.00792
;WIDTH:0.357717
G1 X44.252 Y-.02 E.00806
;WIDTH:0.359953
G1 X44.234 Y-.294 E.00711
;WIDTH:0.403463
G1 X44.216 Y-.569 E.00808
G1 X44.128 Y-1.233 E.01968
G1 E-1.2 F2100
;WIPE_START
G1 F9000
G1 X44.216 Y-.569
G1 X44.234 Y-.294
;WIPE_END
G1 X36.626 Y.314 Z2 F30000
G1 X-.301 Y3.267 Z2
G1 Z1.6
G1 E1.2 F2100
;TYPE:Sparse infill
;WIDTH:0.62
G1 F6000
G1 X-2.609 Y3.267 E.10855
G1 X-9.143 Y-3.267 E.43449
G1 X-11.433 Y-3.267 E.10772
G1 X-11.433 Y-5.557 E.10772
G1 X-13.667 Y-7.791 E.14852
G1 X-13.667 Y-3.267 E.21274
G1 X-15.019 Y-3.267 E.06358
G1 X-8.485 Y3.267 E.43449
G1 X-6.177 Y3.267 E.10855
G1 X-18.133 Y-4.073 F30000
G1 F6000
G1 X-18.133 Y-6.381 E.10855
G1 X-19.167 Y-7.415 E.06872
G1 X-19.167 Y-5.106 E.10855
;LAYER_CHANGE
;Z:1.8
;HEIGHT:0.2
;BEFORE_LAYER_CHANGE
;1.8
G1 E-1.2 F2100
;WIPE_START
G1 F6000
G1 X-19.167 Y-7.106
;WIPE_END
;AFTER_LAYER_CHANGE
;1.8
;_SET_FAN_SPEED_CHANGING_LAYER
G17
G3 Z2.2 I-.355 J1.164 P1  F30000
G1 X31.31 Y8.31 Z2.2
G1 Z1.8
G1 E1.2 F2100
SET_VELOCITY_LIMIT ACCEL=5000
;TYPE:Outer wall
G1 F7200
G1 X-31.31 Y8.31 E2.94469
G1 X-31.31 Y4.19 E.19374
G1 X31.31 Y4.19 E2.94469
G1 X31.31 Y8.274 E.19205
M73 P54 R4
SET_VELOCITY_LIMIT ACCEL=10000
G1 E-1.2 F2100
;WIPE_START
G1 F7200
G1 X29.31 Y8.275
;WIPE_END
G1 X21.737 Y7.321 Z2.2 F30000
G1 X-43.57 Y-.906 Z2.2
G1 Z1.8
G1 E1.2 F2100
SET_VELOCITY_LIMIT ACCEL=5000
G1 F7200
G1 X-43.282 Y-1.282 E.02225
G1 X-42.906 Y-1.57 E.02225
G1 X-42.469 Y-1.751 E.02225
G1 X-42.26 Y-1.778 E.0099
G1 X-42 Y-1.813 E.01235
G1 X-41.531 Y-1.751 E.02225
G1 X-41.094 Y-1.57 E.02225
G1 X-40.718 Y-1.282 E.02225
G1 X-40.43 Y-.906 E.02225
G1 X-40.249 Y-.469 E.02225
G1 X-40.187 Y0 E.02225
G1 X-40.249 Y.469 E.02225
G1 X-40.43 Y.906 E.02225
G1 X-40.718 Y1.282 E.02225
G1 X-41.094 Y1.57 E.02225
G1 X-41.531 Y1.751 E.02225
G1 X-42 Y1.813 E.02225
G1 X-42.469 Y1.751 E.02225
G1 X-42.906 Y1.57 E.02225
G1 X-43.282 Y1.282 E.02225
G1 X-43.57 Y.906 E.02225
G1 X-43.751 Y.469 E.02225
G1 X-43.813 Y0 E.02225
G1 X-43.751 Y-.469 E.02225
G1 X-43.584 Y-.873 E.02056
SET_VELOCITY_LIMIT ACCEL=10000
G1 E-1.2 F2100
;WIPE_START
G1 F7200
G1 X-43.282 Y-1.282
G1 X-42.906 Y-1.57
G1 X-42.469 Y-1.751
G1 X-42.26 Y-1.778
G1 X-42 Y-1.813
G1 X-41.928 Y-1.803
;WIPE_END
G1 X-34.298 Y-1.636 Z2.2 F30000
G1 X40.187 Y0 Z2.2
G1 Z1.8
G1 E1.2 F2100
SET_VELOCITY_LIMIT ACCEL=5000
G1 F7200
G1 X40.249 Y-.469 E.02225
G1 X40.43 Y-.906 E.02225
G1 X40.718 Y-1.282 E.02225
G1 X41.094 Y-1.57 E.02225
G1 X41.531 Y-1.751 E.02225
G1 X41.74 Y-1.778 E.0099
G1 X42 Y-1.813 E.01235
G1 X42.469 Y-1.751 E.02225
G1 X42.906 Y-1.57 E.02225
G1 X43.282 Y-1.282 E.02225
G1 X43.57 Y-.906 E.02225
G1 X43.751 Y-.469 E.02225
G1 X43.813 Y0 E.02225
G1 X43.751 Y.469 E.02225
G1 X43.57 Y.906 E.02225
G1 X43.282 Y1.282 E.02225
G1 X42.906 Y1.57 E.02225
G1 X42.469 Y1.751 E.02225
G1 X42 Y1.813 E.02225
G1 X41.531 Y1.751 E.02225
G1 X41.094 Y1.57 E.02225
G1 X40.718 Y1.282 E.02225
G1 X40.43 Y.906 E.02225
G1 X40.249 Y.469 E.02225
G1 X40.192 Y.036 E.02056
SET_VELOCITY_LIMIT ACCEL=10000
G1 E-1.2 F2100
;WIPE_START
G1 F7200
G1 X40.249 Y-.469
G1 X40.43 Y-.906
G1 X40.718 Y-1.282
G1 X41.094 Y-1.57
G1 X41.16 Y-1.598
;WIPE_END
G1 X33.619 Y-2.77 Z2.2 F30000
G1 X1.213 Y-7.81 Z2.2
G1 Z1.8
G1 E1.2 F2100
SET_VELOCITY_LIMIT ACCEL=5000
;TYPE:Inner wall
G1 F9000
G1 X1.213 Y-8.387 E.02714
G1 X4.987 Y-8.387 E.17748
G1 X4.987 Y-3.613 E.2245
G1 X1.213 Y-3.613 E.17748
G1 X1.213 Y-7.774 E.19567
SET_VELOCITY_LIMIT ACCEL=10000
G1 X1.79 Y-7.81 F30000
SET_VELOCITY_LIMIT ACCEL=5000
;TYPE:Outer wall
G1 F7200
G1 X4.41 Y-7.81 E.1232
G1 X4.41 Y-4.19 E.17023
G1 X1.79 Y-4.19 E.1232
G1 X1.79 Y-7.774 E.16854
SET_VELOCITY_LIMIT ACCEL=10000
G1 E-1.2 F2100
;WIPE_START
G1 F7200
G1 X3.79 Y-7.801
;WIPE_END
G1 X7.89 Y-3.613 Z2.2 F30000
G1 Z1.8
G1 E1.2 F2100
SET_VELOCITY_LIMIT ACCEL=5000
;TYPE:Inner wall
G1 F9000
G1 X7.313 Y-3.613 E.02714
G1 X7.313 Y-8.387 E.2245
G1 X11.087 Y-8.387 E.17748
G1 X11.087 Y-3.613 E.2245
G1 X7.926 Y-3.613 E.14865
SET_VELOCITY_LIMIT ACCEL=10000
G1 X7.89 Y-4.19 F30000
SET_VELOCITY_LIMIT ACCEL=5000
;TYPE:Outer wall
G1 F7200
G1 X7.89 Y-7.81 E.17023
G1 X10.51 Y-7.81 E.1232
G1 X10.51 Y-4.19 E.17023
G1 X7.926 Y-4.19 E.12151
SET_VELOCITY_LIMIT ACCEL=10000
G1 E-1.2 F2100
;WIPE_START
G1 F7200
G1 X7.906 Y-6.19
;WIPE_END
G1 X13.413 Y-7.81 Z2.2 F30000
G1 Z1.8
G1 E1.2 F2100
SET_VELOCITY_LIMIT ACCEL=5000
;TYPE:Inner wall
G1 F9000
G1 X13.413 Y-8.387 E.02714
G1 X17.187 Y-8.387 E.17748
G1 X17.187 Y-3.613 E.2245
G1 X13.413 Y-3.613 E.17748
G1 X13.413 Y-7.774 E.19567
SET_VELOCITY_LIMIT ACCEL=10000
G1 X13.99 Y-7.81 F30000
SET_VELOCITY_LIMIT ACCEL=5000
;TYPE:Outer wall
G1 F7200
G1 X16.61 Y-7.81 E.1232
G1 X16.61 Y-4.19 E.17023
G1 X13.99 Y-4.19 E.1232
G1 X13.99 Y-7.774 E.16854
SET_VELOCITY_LIMIT ACCEL=10000
G1 E-1.2 F2100
;WIPE_START
G1 F7200
G1 X15.99 Y-7.801
;WIPE_END
G1 X19.513 Y-7.81 Z2.2 F30000
G1 Z1.8
G1 E1.2 F2100
SET_VELOCITY_LIMIT ACCEL=5000
;TYPE:Inner wall
G1 F9000
G1 X19.513 Y-8.387 E.02714
G1 X23.287 Y-8.387 E.17748
G1 X23.287 Y-3.613 E.2245
G1 X19.513 Y-3.613 E.17748
G1 X19.513 Y-7.774 E.19567
SET_VELOCITY_LIMIT ACCEL=10000
G1 X20.09 Y-7.81 F30000
SET_VELOCITY_LIMIT ACCEL=5000
;TYPE:Outer wall
G1 F7200
G1 X22.71 Y-7.81 E.1232
G1 X22.71 Y-4.19 E.17023
G1 X20.09 Y-4.19 E.1232
G1 X20.09 Y-7.774 E.16854
SET_VELOCITY_LIMIT ACCEL=10000
G1 E-1.2 F2100
;WIPE_START
G1 F7200
G1 X22.09 Y-7.801
;WIPE_END
G1 X26.19 Y-3.613 Z2.2 F30000
G1 Z1.8
G1 E1.2 F2100
SET_VELOCITY_LIMIT ACCEL=5000
;TYPE:Inner wall
G1 F9000
G1 X25.613 Y-3.613 E.02714
G1 X25.613 Y-8.387 E.2245
G1 X29.387 Y-8.387 E.17748
G1 X29.387 Y-3.613 E.2245
G1 X26.226 Y-3.613 E.14865
SET_VELOCITY_LIMIT ACCEL=10000
G1 X26.19 Y-4.19 F30000
SET_VELOCITY_LIMIT ACCEL=5000
;TYPE:Outer wall
G1 F7200
G1 X26.19 Y-7.81 E.17023
G1 X28.81 Y-7.81 E.1232
G1 X28.81 Y-4.19 E.17023
G1 X26.226 Y-4.19 E.12151
SET_VELOCITY_LIMIT ACCEL=10000
G1 E-1.2 F2100
;WIPE_START
G1 F7200
G1 X26.206 Y-6.19
;WIPE_END
G1 X18.584 Y-6.586 Z2.2 F30000
G1 X-4.987 Y-7.81 Z2.2
G1 Z1.8
G1 E1.2 F2100
SET_VELOCITY_LIMIT ACCEL=5000
;TYPE:Inner wall
G1 F9000
G1 X-4.987 Y-8.387 E.02714
G1 X-1.213 Y-8.387 E.17748
G1 X-1.213 Y-3.613 E.2245
G1 X-4.987 Y-3.613 E.17748
G1 X-4.987 Y-7.774 E.19567
SET_VELOCITY_LIMIT ACCEL=10000
G1 X-4.41 Y-7.81 F30000
M73 P55 R4
SET_VELOCITY_LIMIT ACCEL=5000
;TYPE:Outer wall
G1 F7200
G1 X-1.79 Y-7.81 E.1232
G1 X-1.79 Y-4.19 E.17023
G1 X-4.41 Y-4.19 E.1232
G1 X-4.41 Y-7.774 E.16854
SET_VELOCITY_LIMIT ACCEL=10000
G1 E-1.2 F2100
;WIPE_START
G1 F7200
G1 X-2.41 Y-7.801
;WIPE_END
G1 X-10.043 Y-7.809 Z2.2 F30000
G1 X-11.087 Y-7.81 Z2.2
G1 Z1.8
G1 E1.2 F2100
SET_VELOCITY_LIMIT ACCEL=5000
;TYPE:Inner wall
G1 F9000
G1 X-11.087 Y-8.387 E.02714
G1 X-7.313 Y-8.387 E.17748
G1 X-7.313 Y-3.613 E.2245
G1 X-11.087 Y-3.613 E.17748
G1 X-11.087 Y-7.774 E.19567
SET_VELOCITY_LIMIT ACCEL=10000
G1 X-10.51 Y-7.81 F30000
SET_VELOCITY_LIMIT ACCEL=5000
;TYPE:Outer wall
G1 F7200
G1 X-7.89 Y-7.81 E.1232
G1 X-7.89 Y-4.19 E.17023
G1 X-10.51 Y-4.19 E.1232
G1 X-10.51 Y-7.774 E.16854
SET_VELOCITY_LIMIT ACCEL=10000
G1 E-1.2 F2100
;WIPE_START
G1 F7200
G1 X-8.51 Y-7.801
;WIPE_END
G1 X-15.387 Y-4.491 Z2.2 F30000
G1 X-17.21 Y-3.613 Z2.2
G1 Z1.8
G1 E1.2 F2100
SET_VELOCITY_LIMIT ACCEL=5000
;TYPE:Inner wall
G1 F9000
G1 X-17.787 Y-3.613 E.02714
G1 X-17.787 Y-8.387 E.2245
G1 X-14.013 Y-8.387 E.17748
G1 X-14.013 Y-3.613 E.2245
G1 X-17.174 Y-3.613 E.14865
SET_VELOCITY_LIMIT ACCEL=10000
G1 X-17.21 Y-4.19 F30000
SET_VELOCITY_LIMIT ACCEL=5000
;TYPE:Outer wall
G1 F7200
G1 X-17.21 Y-7.81 E.17023
G1 X-14.59 Y-7.81 E.1232
G1 X-14.59 Y-4.19 E.17023
G1 X-17.174 Y-4.19 E.12151
SET_VELOCITY_LIMIT ACCEL=10000
G1 E-1.2 F2100
;WIPE_START
G1 F7200
G1 X-17.194 Y-6.19
;WIPE_END
G1 X-22.71 Y-3.613 Z2.2 F30000
G1 Z1.8
G1 E1.2 F2100
SET_VELOCITY_LIMIT ACCEL=5000
;TYPE:Inner wall
G1 F9000
G1 X-23.287 Y-3.613 E.02714
G1 X-23.287 Y-8.387 E.2245
G1 X-19.513 Y-8.387 E.17748
G1 X-19.513 Y-3.613 E.2245
G1 X-22.674 Y-3.613 E.14865
SET_VELOCITY_LIMIT ACCEL=10000
G1 X-22.71 Y-4.19 F30000
SET_VELOCITY_LIMIT ACCEL=5000
;TYPE:Outer wall
G1 F7200
G1 X-22.71 Y-7.81 E.17023
G1 X-20.09 Y-7.81 E.1232
G1 X-20.09 Y-4.19 E.17023
G1 X-22.674 Y-4.19 E.12151
SET_VELOCITY_LIMIT ACCEL=10000
G1 E-1.2 F2100
;WIPE_START
G1 F7200
G1 X-22.694 Y-6.19
;WIPE_END
G1 X-28.81 Y-3.613 Z2.2 F30000
G1 Z1.8
G1 E1.2 F2100
SET_VELOCITY_LIMIT ACCEL=5000
;TYPE:Inner wall
G1 F9000
G1 X-29.387 Y-3.613 E.02714
G1 X-29.387 Y-8.387 E.2245
G1 X-25.613 Y-8.387 E.17748
G1 X-25.613 Y-3.613 E.2245
G1 X-28.774 Y-3.613 E.14865
SET_VELOCITY_LIMIT ACCEL=10000
G1 X-28.81 Y-4.19 F30000
SET_VELOCITY_LIMIT ACCEL=5000
;TYPE:Outer wall
G1 F7200
G1 X-28.81 Y-7.81 E.17023
G1 X-26.19 Y-7.81 E.1232
G1 X-26.19 Y-4.19 E.17023
G1 X-28.774 Y-4.19 E.12151
SET_VELOCITY_LIMIT ACCEL=10000
G1 E-1.2 F2100
;WIPE_START
G1 F7200
G1 X-28.794 Y-6.19
;WIPE_END
G1 X-21.193 Y-5.494 Z2.2 F30000
G1 X39.615 Y.075 Z2.2
G1 Z1.8
G1 E1.2 F2100
SET_VELOCITY_LIMIT ACCEL=5000
;TYPE:Inner wall
G1 F9000
G1 X39.687 Y.62 E.02585
G1 X39.926 Y1.197 E.0294
G1 X40.307 Y1.693 E.0294
G1 X40.803 Y2.074 E.0294
G1 X41.38 Y2.313 E.0294
G1 X42 Y2.395 E.0294
G1 X42.62 Y2.313 E.0294
G1 X43.197 Y2.074 E.0294
G1 X43.693 Y1.693 E.0294
G1 X43.878 Y1.453 E.01426
G1 X44.113 Y1.532 E.01167
G1 X44.113 Y9.113 E.35647
G1 X31.887 Y9.113 E.57492
G1 X31.887 Y3.613 E.25864
G1 X-31.887 Y3.613 E2.99896
G1 X-31.887 Y9.113 E.25864
M73 P55 R3
G1 X-44.113 Y9.113 E.57492
G1 X-44.113 Y1.532 E.35647
G1 X-43.878 Y1.453 E.01167
G1 X-43.693 Y1.693 E.01426
G1 X-43.197 Y2.074 E.0294
G1 X-42.62 Y2.313 E.0294
G1 X-42 Y2.395 E.0294
G1 X-41.38 Y2.313 E.0294
G1 X-40.803 Y2.074 E.0294
G1 X-40.307 Y1.693 E.0294
G1 X-39.926 Y1.197 E.0294
G1 X-39.687 Y.62 E.0294
G1 X-39.605 Y0 E.0294
G1 X-39.687 Y-.62 E.0294
G1 X-39.926 Y-1.197 E.0294
G1 X-40.307 Y-1.693 E.0294
G1 X-40.803 Y-2.074 E.0294
G1 X-41.38 Y-2.313 E.0294
G1 X-42 Y-2.395 E.0294
G1 X-42.62 Y-2.313 E.0294
G1 X-43.197 Y-2.074 E.0294
G1 X-43.693 Y-1.693 E.0294
G1 X-43.878 Y-1.453 E.01426
G1 X-44.113 Y-1.532 E.01167
G1 X-44.113 Y-9.113 E.35647
G1 X44.113 Y-9.113 E4.14879
G1 X44.113 Y-1.532 E.35647
G1 X43.878 Y-1.453 E.01167
G1 X43.693 Y-1.693 E.01426
G1 X43.197 Y-2.074 E.0294
G1 X42.62 Y-2.313 E.0294
G1 X42 Y-2.395 E.0294
G1 X41.38 Y-2.313 E.0294
G1 X40.803 Y-2.074 E.0294
M73 P56 R3
G1 X40.307 Y-1.693 E.0294
G1 X39.926 Y-1.197 E.0294
G1 X39.687 Y-.62 E.0294
G1 X39.605 Y0 E.0294
G1 X39.61 Y.039 E.00185
SET_VELOCITY_LIMIT ACCEL=10000
G1 E-1.2 F2100
;WIPE_START
G1 F9000
G1 X39.687 Y.62
G1 X39.926 Y1.197
G1 X40.307 Y1.693
G1 X40.437 Y1.793
;WIPE_END
G1 X43.088 Y-5.364 Z2.2 F30000
G1 X44.69 Y-9.69 Z2.2
G1 Z1.8
G1 E1.2 F2100
SET_VELOCITY_LIMIT ACCEL=5000
;TYPE:Outer wall
G1 F7200
G1 X44.69 Y9.69 E.91134
G1 X-44.69 Y9.69 E4.20307
G1 X-44.69 Y-9.69 E.91134
G1 X44.654 Y-9.69 E4.20137
SET_VELOCITY_LIMIT ACCEL=10000
G1 E-1.2 F2100
;WIPE_START
G1 F7200
G1 X44.658 Y-7.69
;WIPE_END
G1 X40.55 Y-8.767 Z2.2 F30000
G1 Z1.8
G1 E1.2 F2100
;TYPE:Sparse infill
G1 F6000
G1 X38.241 Y-8.767 E.10855
G1 X43.767 Y-3.241 E.36744
G1 X43.767 Y-2.073 E.05492
G1 X43.372 Y-2.376 E.02339
G1 X42.71 Y-2.65 E.03368
G1 X42 Y-2.744 E.03368
G1 X41.29 Y-2.65 E.03368
G1 X40.628 Y-2.376 E.03368
G1 X40.06 Y-1.94 E.03368
G1 X39.683 Y-1.449 E.02911
G1 X32.365 Y-8.767 E.48663
G1 X30.022 Y-8.767 E.11021
G1 X30.022 Y-8.308 E.02157
G1 X29.733 Y-8.308 E.01357
G1 X29.733 Y-5.523 E.13097
G1 X43.767 Y8.511 E.93326
G1 X43.767 Y8.767 E.01204
G1 X38.147 Y8.767 E.26427
G1 X26.113 Y-3.267 E.80025
G1 X25.267 Y-3.267 E.03982
G1 X25.267 Y-4.113 E.03982
G1 X23.633 Y-5.747 E.10862
G1 X23.633 Y-8.055 E.10855
G1 X23.576 Y-8.75 F30000
;TYPE:Gap infill
;WIDTH:0.191684
G1 F9000
G1 X19.224 Y-8.75 E.05275
G1 X25.324 Y-8.75 F30000
G1 F9000
G1 X29.676 Y-8.75 E.05275
G1 E-1.2 F2100
;WIPE_START
G1 F9000
G1 X27.676 Y-8.75
;WIPE_END
G1 X25.704 Y-1.377 Z2.2 F30000
G1 X24.462 Y3.267 Z2.2
G1 Z1.8
G1 E1.2 F2100
;TYPE:Sparse infill
;WIDTH:0.62
G1 F6000
G1 X26.771 Y3.267 E.10855
G1 X20.237 Y-3.267 E.43449
G1 X19.167 Y-3.267 E.05035
G1 X19.167 Y-4.337 E.05035
G1 X17.533 Y-5.971 E.10862
G1 X17.533 Y-8.279 E.10855
G1 X17.476 Y-8.75 F30000
;TYPE:Gap infill
;WIDTH:0.191684
G1 F9000
G1 X13.124 Y-8.75 E.05275
G1 X7.024 Y-8.75 F30000
G1 F9000
G1 X11.376 Y-8.75 E.05275
G1 X11.628 Y-8.308 F30000
;TYPE:Sparse infill
;WIDTH:0.62
G1 F6000
G1 X11.433 Y-8.308 E.00918
G1 X11.433 Y-6.195 E.09937
G1 X13.067 Y-4.561 E.10862
G1 X13.067 Y-3.267 E.06088
G1 X14.361 Y-3.267 E.06088
G1 X20.895 Y3.267 E.43449
G1 X15.019 Y3.267 E.27632
G1 X8.485 Y-3.267 E.43449
G1 X6.967 Y-3.267 E.07142
G1 X6.967 Y-4.785 E.07142
G1 X5.333 Y-6.419 E.10862
G1 X5.333 Y-8.308 E.08884
G1 X5.622 Y-8.308 E.01357
G1 X5.622 Y-8.438 E.00614
G1 X5.276 Y-8.75 F30000
;TYPE:Gap infill
;WIDTH:0.191684
G1 F9000
G1 X.924 Y-8.75 E.05275
G1 X-5.276 Y-8.75 F30000
G1 F9000
G1 X-.924 Y-8.75 E.05275
G1 X-.578 Y-8.762 F30000
;TYPE:Sparse infill
;WIDTH:0.62
G1 F6000
G1 X-.578 Y-8.308 E.02138
G1 X-.867 Y-8.308 E.01357
G1 X-.867 Y-6.743 E.0736
G1 X.867 Y-5.009 E.11527
G1 X.867 Y-3.267 E.08195
G1 X2.609 Y-3.267 E.08195
G1 X9.143 Y3.267 E.43449
G1 X3.267 Y3.267 E.27632
G1 X-3.267 Y-3.267 E.43449
G1 X-5.333 Y-3.267 E.09718
G1 X-5.333 Y-5.333 E.09718
G1 X-6.967 Y-6.967 E.10862
G1 X-6.967 Y-8.308 E.06307
G1 X-6.678 Y-8.308 E.01357
G1 X-6.678 Y-8.767 E.02157
G1 X-6.458 Y-8.767 E.01034
G1 X-7.024 Y-8.75 F30000
;TYPE:Gap infill
;WIDTH:0.191684
G1 F9000
G1 X-11.376 Y-8.75 E.05275
G1 X-13.724 Y-8.75 F30000
M73 P57 R3
G1 F9000
G1 X-18.076 Y-8.75 E.05275
G1 X-19.224 Y-8.75 F30000
G1 F9000
G1 X-23.576 Y-8.75 E.05275
G1 X-25.324 Y-8.75 F30000
G1 F9000
G1 X-29.676 Y-8.75 E.05275
G1 E-1.2 F2100
;WIPE_START
G1 F9000
G1 X-27.676 Y-8.75
;WIPE_END
G1 X-25.267 Y-5.33 Z2.2 F30000
G1 Z1.8
G1 E1.2 F2100
;TYPE:Sparse infill
;WIDTH:0.62
G1 F6000
G1 X-25.267 Y-7.639 E.10855
G1 X-23.633 Y-6.005 E.10862
G1 X-23.633 Y-3.267 E.12878
G1 X-20.895 Y-3.267 E.12878
G1 X-14.361 Y3.267 E.43449
G1 X-20.237 Y3.267 E.27632
G1 X-26.771 Y-3.267 E.43449
G1 X-29.733 Y-3.267 E.13931
G1 X-29.733 Y-6.229 E.13931
G1 X-32.271 Y-8.767 E.16875
G1 X-38.147 Y-8.767 E.27632
G1 X-26.113 Y3.267 E.80025
G1 X-31.989 Y3.267 E.27632
G1 X-43.767 Y-8.511 E.78322
G1 X-43.767 Y-6.202 E.10855
G1 X-44.128 Y-1.233 F30000
;TYPE:Gap infill
;WIDTH:0.420458
G1 F9000
G1 X-44.216 Y-.569 E.02061
;WIDTH:0.395946
G1 X-44.234 Y-.294 E.00792
;WIDTH:0.357717
G1 X-44.252 Y.02 E.00806
;WIDTH:0.359953
G1 X-44.234 Y.294 E.00711
;WIDTH:0.403463
G1 X-44.216 Y.569 E.00808
G1 X-44.128 Y1.233 E.01968
G1 X-40.55 Y8.767 F30000
;TYPE:Sparse infill
;WIDTH:0.62
G1 F6000
G1 X-38.241 Y8.767 E.10855
G1 X-43.767 Y3.241 E.36744
G1 X-43.767 Y2.073 E.05492
G1 X-43.372 Y2.376 E.02339
G1 X-42.71 Y2.65 E.03368
G1 X-42 Y2.744 E.03368
G1 X-41.29 Y2.65 E.03368
G1 X-40.628 Y2.376 E.03368
G1 X-40.06 Y1.94 E.03368
G1 X-39.683 Y1.449 E.02911
G1 X-32.365 Y8.767 E.48663
G1 X-32.233 Y8.767 E.00621
G1 X-32.233 Y6.59 E.10234
G1 X-31.599 Y9 F30000
;TYPE:Gap infill
;WIDTH:0.84584
G1 F9000
G1 X31.599 Y9 E4.13485
G1 X44.128 Y1.233 F30000
;WIDTH:0.420457
G1 F9000
G1 X44.216 Y.569 E.02061
;WIDTH:0.395946
G1 X44.234 Y.294 E.00792
;WIDTH:0.357717
G1 X44.252 Y-.02 E.00806
;WIDTH:0.359953
G1 X44.234 Y-.294 E.00711
;WIDTH:0.403463
G1 X44.216 Y-.569 E.00808
G1 X44.128 Y-1.233 E.01968
G1 E-1.2 F2100
;WIPE_START
G1 F9000
G1 X44.216 Y-.569
G1 X44.234 Y-.294
;WIPE_END
G1 X36.626 Y.314 Z2.2 F30000
G1 X-.301 Y3.267 Z2.2
G1 Z1.8
G1 E1.2 F2100
;TYPE:Sparse infill
;WIDTH:0.62
G1 F6000
G1 X-2.609 Y3.267 E.10855
G1 X-9.143 Y-3.267 E.43449
G1 X-11.433 Y-3.267 E.10772
G1 X-11.433 Y-5.557 E.10772
G1 X-13.667 Y-7.791 E.14852
G1 X-13.667 Y-3.267 E.21274
G1 X-15.019 Y-3.267 E.06358
G1 X-8.485 Y3.267 E.43449
G1 X-6.177 Y3.267 E.10855
G1 X-18.133 Y-4.073 F30000
G1 F6000
G1 X-18.133 Y-6.381 E.10855
G1 X-19.167 Y-7.415 E.06872
G1 X-19.167 Y-5.106 E.10855
;LAYER_CHANGE
;Z:2
;HEIGHT:0.2
;BEFORE_LAYER_CHANGE
;2
G1 E-1.2 F2100
;WIPE_START
G1 F6000
G1 X-19.167 Y-7.106
;WIPE_END
;AFTER_LAYER_CHANGE
;2
;_SET_FAN_SPEED_CHANGING_LAYER
G17
G3 Z2.4 I-.355 J1.164 P1  F30000
G1 X31.31 Y8.31 Z2.4
G1 Z2
G1 E1.2 F2100
SET_VELOCITY_LIMIT ACCEL=5000
;TYPE:Outer wall
G1 F7200
G1 X-31.31 Y8.31 E2.94469
G1 X-31.31 Y4.19 E.19374
G1 X31.31 Y4.19 E2.94469
G1 X31.31 Y8.274 E.19205
SET_VELOCITY_LIMIT ACCEL=10000
G1 E-1.2 F2100
;WIPE_START
G1 F7200
G1 X29.31 Y8.275
;WIPE_END
G1 X21.737 Y7.321 Z2.4 F30000
G1 X-43.57 Y-.906 Z2.4
G1 Z2
G1 E1.2 F2100
SET_VELOCITY_LIMIT ACCEL=5000
G1 F7200
G1 X-43.282 Y-1.282 E.02225
G1 X-42.906 Y-1.57 E.02225
M73 P58 R3
G1 X-42.469 Y-1.751 E.02225
G1 X-42.286 Y-1.775 E.00867
G1 X-42 Y-1.813 E.01358
G1 X-41.531 Y-1.751 E.02225
G1 X-41.094 Y-1.57 E.02225
G1 X-40.718 Y-1.282 E.02225
G1 X-40.606 Y-1.135 E.00867
G1 X-40.43 Y-.906 E.01358
G1 X-40.249 Y-.469 E.02225
G1 X-40.187 Y0 E.02225
G1 X-40.249 Y.469 E.02225
G1 X-40.43 Y.906 E.02225
G1 X-40.718 Y1.282 E.02225
G1 X-41.094 Y1.57 E.02225
G1 X-41.531 Y1.751 E.02225
G1 X-42 Y1.813 E.02225
G1 X-42.469 Y1.751 E.02225
G1 X-42.906 Y1.57 E.02225
G1 X-43.282 Y1.282 E.02225
G1 X-43.394 Y1.135 E.00867
G1 X-43.57 Y.906 E.01358
G1 X-43.751 Y.469 E.02225
G1 X-43.813 Y0 E.02225
G1 X-43.751 Y-.469 E.02225
G1 X-43.584 Y-.873 E.02056
SET_VELOCITY_LIMIT ACCEL=10000
G1 E-1.2 F2100
;WIPE_START
G1 F7200
G1 X-43.282 Y-1.282
G1 X-42.906 Y-1.57
G1 X-42.469 Y-1.751
G1 X-42.286 Y-1.775
G1 X-42 Y-1.813
G1 X-41.928 Y-1.803
;WIPE_END
G1 X-34.298 Y-1.636 Z2.4 F30000
G1 X40.187 Y0 Z2.4
G1 Z2
G1 E1.2 F2100
SET_VELOCITY_LIMIT ACCEL=5000
G1 F7200
G1 X40.249 Y-.469 E.02225
G1 X40.43 Y-.906 E.02225
G1 X40.718 Y-1.282 E.02225
G1 X41.094 Y-1.57 E.02225
G1 X41.531 Y-1.751 E.02225
G1 X41.714 Y-1.775 E.00867
G1 X42 Y-1.813 E.01358
G1 X42.469 Y-1.751 E.02225
G1 X42.906 Y-1.57 E.02225
G1 X43.282 Y-1.282 E.02225
G1 X43.57 Y-.906 E.02225
G1 X43.751 Y-.469 E.02225
G1 X43.813 Y0 E.02225
G1 X43.751 Y.469 E.02225
G1 X43.57 Y.906 E.02225
G1 X43.282 Y1.282 E.02225
G1 X42.906 Y1.57 E.02225
G1 X42.469 Y1.751 E.02225
G1 X42 Y1.813 E.02225
G1 X41.531 Y1.751 E.02225
G1 X41.094 Y1.57 E.02225
G1 X40.718 Y1.282 E.02225
G1 X40.43 Y.906 E.02225
G1 X40.249 Y.469 E.02225
G1 X40.192 Y.036 E.02056
SET_VELOCITY_LIMIT ACCEL=10000
G1 E-1.2 F2100
;WIPE_START
G1 F7200
G1 X40.249 Y-.469
G1 X40.43 Y-.906
G1 X40.718 Y-1.282
G1 X41.094 Y-1.57
G1 X41.16 Y-1.598
;WIPE_END
G1 X33.619 Y-2.77 Z2.4 F30000
G1 X1.213 Y-7.81 Z2.4
G1 Z2
G1 E1.2 F2100
SET_VELOCITY_LIMIT ACCEL=5000
;TYPE:Inner wall
G1 F9000
G1 X1.213 Y-8.387 E.02714
G1 X4.987 Y-8.387 E.17748
G1 X4.987 Y-3.613 E.2245
G1 X1.213 Y-3.613 E.17748
G1 X1.213 Y-7.774 E.19567
SET_VELOCITY_LIMIT ACCEL=10000
G1 X1.79 Y-7.81 F30000
SET_VELOCITY_LIMIT ACCEL=5000
;TYPE:Outer wall
G1 F7200
G1 X4.41 Y-7.81 E.1232
G1 X4.41 Y-4.19 E.17023
G1 X1.79 Y-4.19 E.1232
G1 X1.79 Y-7.774 E.16854
SET_VELOCITY_LIMIT ACCEL=10000
G1 E-1.2 F2100
;WIPE_START
G1 F7200
G1 X3.79 Y-7.801
;WIPE_END
G1 X7.89 Y-3.613 Z2.4 F30000
G1 Z2
G1 E1.2 F2100
SET_VELOCITY_LIMIT ACCEL=5000
;TYPE:Inner wall
G1 F9000
G1 X7.313 Y-3.613 E.02714
G1 X7.313 Y-8.387 E.2245
G1 X11.087 Y-8.387 E.17748
G1 X11.087 Y-3.613 E.2245
G1 X7.926 Y-3.613 E.14865
SET_VELOCITY_LIMIT ACCEL=10000
G1 X7.89 Y-4.19 F30000
SET_VELOCITY_LIMIT ACCEL=5000
;TYPE:Outer wall
G1 F7200
G1 X7.89 Y-7.81 E.17023
G1 X10.51 Y-7.81 E.1232
G1 X10.51 Y-4.19 E.17023
G1 X7.926 Y-4.19 E.12151
SET_VELOCITY_LIMIT ACCEL=10000
G1 E-1.2 F2100
;WIPE_START
G1 F7200
G1 X7.906 Y-6.19
;WIPE_END
G1 X13.413 Y-7.81 Z2.4 F30000
G1 Z2
G1 E1.2 F2100
SET_VELOCITY_LIMIT ACCEL=5000
;TYPE:Inner wall
G1 F9000
G1 X13.413 Y-8.387 E.02714
G1 X17.187 Y-8.387 E.17748
G1 X17.187 Y-3.613 E.2245
G1 X13.413 Y-3.613 E.17748
G1 X13.413 Y-7.774 E.19567
SET_VELOCITY_LIMIT ACCEL=10000
G1 X13.99 Y-7.81 F30000
SET_VELOCITY_LIMIT ACCEL=5000
;TYPE:Outer wall
G1 F7200
G1 X16.61 Y-7.81 E.1232
G1 X16.61 Y-4.19 E.17023
G1 X13.99 Y-4.19 E.1232
G1 X13.99 Y-7.774 E.16854
SET_VELOCITY_LIMIT ACCEL=10000
G1 E-1.2 F2100
;WIPE_START
G1 F7200
G1 X15.99 Y-7.801
;WIPE_END
G1 X19.513 Y-7.81 Z2.4 F30000
G1 Z2
G1 E1.2 F2100
SET_VELOCITY_LIMIT ACCEL=5000
;TYPE:Inner wall
G1 F9000
G1 X19.513 Y-8.387 E.02714
G1 X23.287 Y-8.387 E.17748
G1 X23.287 Y-3.613 E.2245
G1 X19.513 Y-3.613 E.17748
G1 X19.513 Y-7.774 E.19567
SET_VELOCITY_LIMIT ACCEL=10000
G1 X20.09 Y-7.81 F30000
SET_VELOCITY_LIMIT ACCEL=5000
;TYPE:Outer wall
G1 F7200
G1 X22.71 Y-7.81 E.1232
G1 X22.71 Y-4.19 E.17023
G1 X20.09 Y-4.19 E.1232
G1 X20.09 Y-7.774 E.16854
SET_VELOCITY_LIMIT ACCEL=10000
G1 E-1.2 F2100
;WIPE_START
G1 F7200
G1 X22.09 Y-7.801
;WIPE_END
G1 X26.19 Y-3.613 Z2.4 F30000
G1 Z2
G1 E1.2 F2100
SET_VELOCITY_LIMIT ACCEL=5000
;TYPE:Inner wall
G1 F9000
G1 X25.613 Y-3.613 E.02714
G1 X25.613 Y-8.387 E.2245
G1 X29.387 Y-8.387 E.17748
G1 X29.387 Y-3.613 E.2245
G1 X26.226 Y-3.613 E.14865
SET_VELOCITY_LIMIT ACCEL=10000
G1 X26.19 Y-4.19 F30000
SET_VELOCITY_LIMIT ACCEL=5000
;TYPE:Outer wall
G1 F7200
G1 X26.19 Y-7.81 E.17023
G1 X28.81 Y-7.81 E.1232
G1 X28.81 Y-4.19 E.17023
G1 X26.226 Y-4.19 E.12151
SET_VELOCITY_LIMIT ACCEL=10000
G1 E-1.2 F2100
;WIPE_START
G1 F7200
G1 X26.206 Y-6.19
;WIPE_END
G1 X18.584 Y-6.586 Z2.4 F30000
G1 X-4.987 Y-7.81 Z2.4
G1 Z2
G1 E1.2 F2100
SET_VELOCITY_LIMIT ACCEL=5000
;TYPE:Inner wall
G1 F9000
G1 X-4.987 Y-8.387 E.02714
G1 X-1.213 Y-8.387 E.17748
G1 X-1.213 Y-3.613 E.2245
G1 X-4.987 Y-3.613 E.17748
G1 X-4.987 Y-7.774 E.19567
SET_VELOCITY_LIMIT ACCEL=10000
G1 X-4.41 Y-7.81 F30000
SET_VELOCITY_LIMIT ACCEL=5000
;TYPE:Outer wall
G1 F7200
G1 X-1.79 Y-7.81 E.1232
G1 X-1.79 Y-4.19 E.17023
G1 X-4.41 Y-4.19 E.1232
G1 X-4.41 Y-7.774 E.16854
SET_VELOCITY_LIMIT ACCEL=10000
G1 E-1.2 F2100
;WIPE_START
G1 F7200
G1 X-2.41 Y-7.801
;WIPE_END
G1 X-10.043 Y-7.809 Z2.4 F30000
G1 X-11.087 Y-7.81 Z2.4
G1 Z2
G1 E1.2 F2100
SET_VELOCITY_LIMIT ACCEL=5000
;TYPE:Inner wall
G1 F9000
G1 X-11.087 Y-8.387 E.02714
G1 X-7.313 Y-8.387 E.17748
G1 X-7.313 Y-3.613 E.2245
G1 X-11.087 Y-3.613 E.17748
G1 X-11.087 Y-7.774 E.19567
M73 P59 R3
SET_VELOCITY_LIMIT ACCEL=10000
G1 X-10.51 Y-7.81 F30000
SET_VELOCITY_LIMIT ACCEL=5000
;TYPE:Outer wall
G1 F7200
G1 X-7.89 Y-7.81 E.1232
G1 X-7.89 Y-4.19 E.17023
G1 X-10.51 Y-4.19 E.1232
G1 X-10.51 Y-7.774 E.16854
SET_VELOCITY_LIMIT ACCEL=10000
G1 E-1.2 F2100
;WIPE_START
G1 F7200
G1 X-8.51 Y-7.801
;WIPE_END
G1 X-15.387 Y-4.491 Z2.4 F30000
G1 X-17.21 Y-3.613 Z2.4
G1 Z2
G1 E1.2 F2100
SET_VELOCITY_LIMIT ACCEL=5000
;TYPE:Inner wall
G1 F9000
G1 X-17.787 Y-3.613 E.02714
G1 X-17.787 Y-8.387 E.2245
G1 X-14.013 Y-8.387 E.17748
G1 X-14.013 Y-3.613 E.2245
G1 X-17.174 Y-3.613 E.14865
SET_VELOCITY_LIMIT ACCEL=10000
G1 X-17.21 Y-4.19 F30000
SET_VELOCITY_LIMIT ACCEL=5000
;TYPE:Outer wall
G1 F7200
G1 X-17.21 Y-7.81 E.17023
G1 X-14.59 Y-7.81 E.1232
G1 X-14.59 Y-4.19 E.17023
G1 X-17.174 Y-4.19 E.12151
SET_VELOCITY_LIMIT ACCEL=10000
G1 E-1.2 F2100
;WIPE_START
G1 F7200
G1 X-17.194 Y-6.19
;WIPE_END
G1 X-22.71 Y-3.613 Z2.4 F30000
G1 Z2
G1 E1.2 F2100
SET_VELOCITY_LIMIT ACCEL=5000
;TYPE:Inner wall
G1 F9000
G1 X-23.287 Y-3.613 E.02714
G1 X-23.287 Y-8.387 E.2245
G1 X-19.513 Y-8.387 E.17748
G1 X-19.513 Y-3.613 E.2245
G1 X-22.674 Y-3.613 E.14865
SET_VELOCITY_LIMIT ACCEL=10000
G1 X-22.71 Y-4.19 F30000
SET_VELOCITY_LIMIT ACCEL=5000
;TYPE:Outer wall
G1 F7200
G1 X-22.71 Y-7.81 E.17023
G1 X-20.09 Y-7.81 E.1232
G1 X-20.09 Y-4.19 E.17023
G1 X-22.674 Y-4.19 E.12151
SET_VELOCITY_LIMIT ACCEL=10000
G1 E-1.2 F2100
;WIPE_START
G1 F7200
G1 X-22.694 Y-6.19
;WIPE_END
G1 X-28.81 Y-3.613 Z2.4 F30000
G1 Z2
G1 E1.2 F2100
SET_VELOCITY_LIMIT ACCEL=5000
;TYPE:Inner wall
G1 F9000
G1 X-29.387 Y-3.613 E.02714
G1 X-29.387 Y-8.387 E.2245
G1 X-25.613 Y-8.387 E.17748
G1 X-25.613 Y-3.613 E.2245
G1 X-28.774 Y-3.613 E.14865
SET_VELOCITY_LIMIT ACCEL=10000
G1 X-28.81 Y-4.19 F30000
SET_VELOCITY_LIMIT ACCEL=5000
;TYPE:Outer wall
G1 F7200
G1 X-28.81 Y-7.81 E.17023
G1 X-26.19 Y-7.81 E.1232
G1 X-26.19 Y-4.19 E.17023
G1 X-28.774 Y-4.19 E.12151
SET_VELOCITY_LIMIT ACCEL=10000
G1 E-1.2 F2100
;WIPE_START
G1 F7200
G1 X-28.794 Y-6.19
;WIPE_END
G1 X-21.193 Y-5.494 Z2.4 F30000
G1 X39.615 Y.075 Z2.4
G1 Z2
G1 E1.2 F2100
SET_VELOCITY_LIMIT ACCEL=5000
;TYPE:Inner wall
G1 F9000
G1 X39.687 Y.62 E.02584
G1 X39.926 Y1.197 E.0294
G1 X40.307 Y1.693 E.0294
G1 X40.803 Y2.074 E.0294
G1 X41.38 Y2.313 E.0294
G1 X42 Y2.395 E.0294
G1 X42.62 Y2.313 E.0294
G1 X43.197 Y2.074 E.0294
G1 X43.693 Y1.693 E.0294
G1 X43.878 Y1.453 E.01426
G1 X44.113 Y1.532 E.01167
G1 X44.113 Y9.113 E.35647
G1 X31.887 Y9.113 E.57492
G1 X31.887 Y3.613 E.25864
G1 X-31.887 Y3.613 E2.99896
G1 X-31.887 Y9.113 E.25864
G1 X-44.113 Y9.113 E.57492
G1 X-44.113 Y1.532 E.35647
G1 X-43.878 Y1.453 E.01167
G1 X-43.693 Y1.693 E.01426
G1 X-43.197 Y2.074 E.0294
G1 X-42.62 Y2.313 E.0294
G1 X-42 Y2.395 E.0294
G1 X-41.38 Y2.313 E.0294
G1 X-40.803 Y2.074 E.0294
G1 X-40.307 Y1.693 E.0294
G1 X-39.926 Y1.197 E.0294
G1 X-39.687 Y.62 E.0294
G1 X-39.605 Y0 E.0294
G1 X-39.687 Y-.62 E.0294
G1 X-39.926 Y-1.197 E.0294
G1 X-40.148 Y-1.487 E.01715
G1 X-40.307 Y-1.693 E.01224
G1 X-40.803 Y-2.074 E.0294
G1 X-41.38 Y-2.313 E.0294
G1 X-42 Y-2.395 E.0294
G1 X-42.62 Y-2.313 E.0294
G1 X-43.197 Y-2.074 E.0294
G1 X-43.693 Y-1.693 E.0294
G1 X-43.878 Y-1.453 E.01426
G1 X-44.113 Y-1.532 E.01167
G1 X-44.113 Y-9.113 E.35647
G1 X44.113 Y-9.113 E4.14879
G1 X44.113 Y-1.532 E.35647
G1 X43.878 Y-1.453 E.01167
G1 X43.693 Y-1.693 E.01426
G1 X43.197 Y-2.074 E.0294
G1 X42.62 Y-2.313 E.0294
G1 X42 Y-2.395 E.0294
G1 X41.38 Y-2.313 E.0294
G1 X40.803 Y-2.074 E.0294
G1 X40.307 Y-1.693 E.0294
G1 X39.926 Y-1.197 E.0294
G1 X39.687 Y-.62 E.0294
G1 X39.605 Y0 E.0294
G1 X39.61 Y.039 E.00187
SET_VELOCITY_LIMIT ACCEL=10000
G1 E-1.2 F2100
;WIPE_START
G1 F9000
G1 X39.687 Y.62
G1 X39.926 Y1.197
G1 X40.307 Y1.693
G1 X40.437 Y1.793
;WIPE_END
G1 X43.088 Y-5.364 Z2.4 F30000
G1 X44.69 Y-9.69 Z2.4
G1 Z2
G1 E1.2 F2100
SET_VELOCITY_LIMIT ACCEL=5000
;TYPE:Outer wall
G1 F7200
G1 X44.69 Y9.69 E.91134
G1 X-44.69 Y9.69 E4.20307
G1 X-44.69 Y-9.69 E.91134
M73 P60 R3
G1 X44.654 Y-9.69 E4.20137
SET_VELOCITY_LIMIT ACCEL=10000
G1 E-1.2 F2100
;WIPE_START
G1 F7200
G1 X44.658 Y-7.69
;WIPE_END
G1 X41.127 Y-8.19 Z2.4 F30000
G1 Z2
G1 E1.2 F2100
;TYPE:Sparse infill
G1 F6000
G1 X38.819 Y-8.19 E.10855
G1 X43.19 Y-3.819 E.29069
G1 X43.19 Y-3.077 E.03489
G1 X42.861 Y-3.213 E.01673
G1 X42 Y-3.326 E.04083
G1 X41.139 Y-3.213 E.04083
G1 X40.337 Y-2.88 E.04083
G1 X39.648 Y-2.352 E.04083
G1 X39.271 Y-1.861 E.02911
G1 X32.943 Y-8.19 E.42088
G1 X30.599 Y-8.19 E.11021
G1 X30.599 Y-7.731 E.02157
G1 X30.31 Y-7.731 E.01357
G1 X30.31 Y-4.946 E.13097
G1 X43.19 Y7.933 E.8565
G1 X43.19 Y8.19 E.01204
G1 X37.57 Y8.19 E.26427
G1 X32.81 Y3.43 E.3165
G1 X32.81 Y2.69 E.03483
G1 X32.07 Y2.69 E.03483
G1 X26.691 Y-2.69 E.35773
G1 X24.69 Y-2.69 E.09409
G1 X24.69 Y-4.691 E.09409
G1 X24.21 Y-5.17 E.03187
G1 X24.21 Y-7.478 E.10855
G1 X23.576 Y-8.75 F30000
;TYPE:Gap infill
;WIDTH:0.191684
G1 F9000
G1 X19.224 Y-8.75 E.05275
G1 X19.149 Y-7.762 F30000
SET_VELOCITY_LIMIT ACCEL=7000
;TYPE:Internal solid infill
;WIDTH:0.55292
G1 F9000
G1 X19.074 Y-6.889 E.03641
G1 X19.051 Y-6.796 E.00398
G1 X19.051 Y-3.324 E.14426
G1 X19.081 Y-3.181 E.00609
G1 X19.224 Y-3.151 E.00609
G1 X23.576 Y-3.151 E.18083
G1 X23.719 Y-3.181 E.00609
G1 X23.749 Y-3.324 E.00609
G1 X23.749 Y-8.019 E.19512
G1 X23.778 Y-8.163 E.00609
G1 X24.008 Y-8.222 E.00984
G1 X24.067 Y-8.622 E.01678
G1 X24.69 Y-8.651 E.0259
G1 X24.833 Y-8.622 E.00609
G1 X24.892 Y-8.222 E.01678
G1 X25.122 Y-8.163 E.00984
G1 X25.151 Y-8.019 E.00609
G1 X25.151 Y-3.324 E.19512
G1 X25.181 Y-3.181 E.00609
G1 X25.324 Y-3.151 E.00609
G1 X29.676 Y-3.151 E.18083
G1 X29.819 Y-3.181 E.00609
G1 X29.849 Y-3.324 E.00609
G1 X29.849 Y-8.019 E.19512
G1 X29.878 Y-8.163 E.00609
G1 X30.108 Y-8.222 E.00984
G1 X30.167 Y-8.622 E.01678
G1 X30.31 Y-8.651 E.00609
G1 X43.478 Y-8.651 E.54723
G1 X43.622 Y-8.622 E.00609
G1 X43.651 Y-8.478 E.00609
G1 X43.651 Y-2.645 E.24243
G1 X43.588 Y-2.436 E.00908
G1 X42.761 Y-2.754 E.03682
G1 X42.023 Y-2.857 E.031
G1 X41.282 Y-2.766 E.031
G1 X40.591 Y-2.486 E.031
G1 X39.995 Y-2.036 E.031
G1 X39.537 Y-1.448 E.031
G1 X39.246 Y-.761 E.031
G1 X39.143 Y-.023 E.031
G1 X39.234 Y.718 E.031
G1 X39.514 Y1.409 E.031
G1 X39.964 Y2.005 E.031
G1 X40.552 Y2.463 E.031
G1 X41.239 Y2.754 E.031
G1 X41.977 Y2.857 E.031
G1 X42.718 Y2.766 E.031
G1 X43.409 Y2.486 E.031
G1 X43.588 Y2.436 E.00773
G1 X43.651 Y2.645 E.00908
G1 X43.651 Y8.478 E.24243
G1 X43.622 Y8.622 E.00609
G1 X43.478 Y8.651 E.00609
G1 X32.522 Y8.651 E.45532
G1 X32.378 Y8.622 E.00609
G1 X32.349 Y8.478 E.00609
G1 X32.349 Y3.324 E.21418
G1 X32.319 Y3.181 E.00609
G1 X32.176 Y3.151 E.00609
G1 X-32.176 Y3.151 E2.67434
G1 X-32.319 Y3.181 E.00609
G1 X-32.349 Y3.324 E.00609
G1 X-32.349 Y8.478 E.21418
G1 X-32.378 Y8.622 E.00609
G1 X-32.522 Y8.651 E.00609
G1 X-43.478 Y8.651 E.45532
G1 X-43.622 Y8.622 E.00609
G1 X-43.651 Y8.478 E.00609
G1 X-43.651 Y2.645 E.24243
G1 X-43.588 Y2.436 E.00908
G1 X-42.761 Y2.754 E.03682
G1 X-42.023 Y2.857 E.031
G1 X-41.282 Y2.766 E.031
G1 X-40.591 Y2.486 E.031
G1 X-39.995 Y2.036 E.031
G1 X-39.537 Y1.448 E.031
G1 X-39.246 Y.761 E.031
G1 X-39.143 Y.023 E.031
G1 X-39.234 Y-.718 E.031
G1 X-39.514 Y-1.409 E.031
G1 X-39.964 Y-2.005 E.031
G1 X-40.552 Y-2.463 E.031
G1 X-41.239 Y-2.754 E.031
G1 X-41.977 Y-2.857 E.031
G1 X-42.718 Y-2.766 E.031
G1 X-43.409 Y-2.486 E.031
G1 X-43.588 Y-2.436 E.00773
G1 X-43.651 Y-2.645 E.00908
G1 X-43.651 Y-8.478 E.24243
G1 X-43.622 Y-8.622 E.00609
G1 X-43.478 Y-8.651 E.00609
G1 X-30.31 Y-8.651 E.54723
G1 X-30.167 Y-8.622 E.00609
G1 X-30.108 Y-8.222 E.01678
G1 X-29.878 Y-8.163 E.00984
G1 X-29.849 Y-8.019 E.00609
G1 X-29.849 Y-3.324 E.19512
G1 X-29.819 Y-3.181 E.00609
G1 X-29.676 Y-3.151 E.00609
G1 X-25.324 Y-3.151 E.18083
G1 X-25.181 Y-3.181 E.00609
G1 X-25.151 Y-3.324 E.00609
G1 X-25.151 Y-7.947 E.19213
SET_VELOCITY_LIMIT ACCEL=10000
G1 X-25.324 Y-8.75 F30000
;TYPE:Gap infill
;WIDTH:0.191684
G1 F9000
G1 X-29.676 Y-8.75 E.05275
G1 X-30.31 Y-4.498 F30000
;TYPE:Sparse infill
;WIDTH:0.62
G1 F6000
G1 X-30.31 Y-6.806 E.10855
G1 X-31.694 Y-8.19 E.09199
G1 X-37.57 Y-8.19 E.27632
G1 X-26.691 Y2.69 E.7235
G1 X-32.567 Y2.69 E.27632
M73 P61 R3
G1 X-43.19 Y-7.933 E.70647
G1 X-43.19 Y-5.625 E.10855
G1 X-44.128 Y-1.233 F30000
;TYPE:Gap infill
;WIDTH:0.420458
G1 F9000
G1 X-44.216 Y-.569 E.02061
;WIDTH:0.395946
G1 X-44.234 Y-.294 E.00792
;WIDTH:0.357717
G1 X-44.252 Y.02 E.00806
;WIDTH:0.359953
G1 X-44.234 Y.294 E.00711
;WIDTH:0.403463
G1 X-44.216 Y.569 E.00808
G1 X-44.128 Y1.233 E.01968
G1 X-41.127 Y8.19 F30000
;TYPE:Sparse infill
;WIDTH:0.62
G1 F6000
G1 X-38.819 Y8.19 E.10855
G1 X-43.19 Y3.819 E.29069
G1 X-43.19 Y3.077 E.03489
G1 X-42.861 Y3.213 E.01673
G1 X-42 Y3.326 E.04083
G1 X-41.139 Y3.213 E.04083
G1 X-40.337 Y2.88 E.04083
G1 X-39.648 Y2.352 E.04083
G1 X-39.271 Y1.861 E.02911
G1 X-32.943 Y8.19 E.42088
G1 X-35.251 Y8.19 E.10855
G1 X-31.599 Y9 F30000
;TYPE:Gap infill
;WIDTH:0.84584
G1 F9000
G1 X31.599 Y9 E4.13485
G1 E-1.2 F2100
;WIPE_START
G1 F9000
G1 X29.599 Y9
;WIPE_END
G1 X24.476 Y3.342 Z2.4 F30000
G1 X23.885 Y2.69 Z2.4
G1 Z2
G1 E1.2 F2100
;TYPE:Sparse infill
;WIDTH:0.62
G1 F6000
G1 X26.194 Y2.69 E.10855
G1 X20.814 Y-2.69 E.35773
G1 X18.59 Y-2.69 E.10463
G1 X18.59 Y-4.914 E.10463
G1 X18.11 Y-5.394 E.03187
G1 X18.11 Y-7.062 E.07844
G1 X17.98 Y-7.688 E.0301
G1 X17.476 Y-8.75 F30000
;TYPE:Gap infill
;WIDTH:0.191684
G1 F9000
G1 X13.124 Y-8.75 E.05275
G1 X11.376 Y-8.75 F30000
G1 F9000
G1 X7.024 Y-8.75 E.05275
G1 X5.276 Y-8.75 F30000
G1 F9000
G1 X.924 Y-8.75 E.05275
G1 X-.239 Y-8.289 F30000
;TYPE:Sparse infill
;WIDTH:0.62
G1 F6000
G1 X-.118 Y-7.731 E.02687
G1 X-.29 Y-7.731 E.00808
G1 X-.29 Y-6.166 E.0736
G1 X.29 Y-5.586 E.03852
G1 X.29 Y-2.69 E.13622
G1 X3.186 Y-2.69 E.13622
G1 X8.566 Y2.69 E.35773
G1 X2.69 Y2.69 E.27632
G1 X-2.69 Y-2.69 E.35773
G1 X-5.91 Y-2.69 E.15146
G1 X-5.91 Y-5.91 E.15146
G1 X-6.39 Y-6.39 E.03187
G1 X-6.39 Y-2.69 E.17399
G1 X-8.566 Y-2.69 E.10233
G1 X-3.186 Y2.69 E.35773
G1 X-9.062 Y2.69 E.27632
G1 X-14.442 Y-2.69 E.35773
G1 X-20.318 Y-2.69 E.27632
G1 X-14.938 Y2.69 E.35773
G1 X-20.814 Y2.69 E.27632
G1 X-26.194 Y-2.69 E.35773
G1 X-24.69 Y-2.69 E.07073
G1 X-24.69 Y-7.062 E.20559
G1 X-24.21 Y-6.582 E.03187
G1 X-24.21 Y-4.274 E.10855
G1 X-23.755 Y-8.083 F30000
SET_VELOCITY_LIMIT ACCEL=7000
;TYPE:Internal solid infill
;WIDTH:0.55292
G1 F9000
G1 X-23.749 Y-3.324 E.19778
G1 X-23.719 Y-3.181 E.00609
G1 X-23.576 Y-3.151 E.00609
G1 X-19.224 Y-3.151 E.18083
G1 X-19.081 Y-3.181 E.00609
G1 X-19.051 Y-3.324 E.00609
G1 X-19.051 Y-8.019 E.19512
G1 X-19.022 Y-8.163 E.00609
;WIDTH:0.570981
G1 X-18.836 Y-8.237 E.0086
;WIDTH:0.595063
G1 X-18.65 Y-8.31 E.00899
G1 X-18.278 Y-8.163 E.01799
;WIDTH:0.55292
G1 X-18.249 Y-8.019 E.00609
G1 X-18.249 Y-3.324 E.19512
G1 X-18.219 Y-3.181 E.00609
G1 X-18.076 Y-3.151 E.00609
G1 X-13.724 Y-3.151 E.18083
G1 X-13.581 Y-3.181 E.00609
G1 X-13.551 Y-3.324 E.00609
G1 X-13.551 Y-8.019 E.19512
G1 X-13.533 Y-8.116 E.00408
SET_VELOCITY_LIMIT ACCEL=10000
G1 X-13.724 Y-8.75 F30000
;TYPE:Gap infill
;WIDTH:0.191684
G1 F9000
G1 X-18.076 Y-8.75 E.05275
G1 X-19.224 Y-8.75 F30000
G1 F9000
G1 X-23.576 Y-8.75 E.05275
G1 X-12.979 Y-8.767 F30000
;TYPE:Sparse infill
;WIDTH:0.62
G1 F6000
G1 X-13.291 Y-8.767 E.01467
G1 X-12.77 Y-7.731 E.05453
G1 X-13.09 Y-7.731 E.01503
G1 X-13.09 Y-7.214 E.02432
G1 X-12.01 Y-6.134 E.07177
G1 X-12.01 Y-3.826 E.10855
G1 X-11.549 Y-7.214 F30000
SET_VELOCITY_LIMIT ACCEL=7000
;TYPE:Internal solid infill
;WIDTH:0.55292
G1 F9000
G1 X-11.549 Y-3.324 E.16166
G1 X-11.519 Y-3.181 E.00609
G1 X-11.376 Y-3.151 E.00609
G1 X-7.024 Y-3.151 E.18083
G1 X-6.881 Y-3.181 E.00609
G1 X-6.851 Y-3.324 E.00609
G1 X-6.851 Y-8.019 E.19512
G1 X-6.822 Y-8.163 E.00609
G1 X-6.592 Y-8.222 E.00984
G1 X-6.533 Y-8.622 E.01678
G1 X-5.91 Y-8.651 E.0259
G1 X-5.767 Y-8.622 E.00609
G1 X-5.708 Y-8.222 E.01678
G1 X-5.478 Y-8.163 E.00984
G1 X-5.449 Y-8.019 E.00609
G1 X-5.449 Y-3.324 E.19512
G1 X-5.419 Y-3.181 E.00609
G1 X-5.276 Y-3.151 E.00609
G1 X-.924 Y-3.151 E.18083
G1 X-.781 Y-3.181 E.00609
G1 X-.751 Y-3.324 E.00609
G1 X-.751 Y-8.019 E.19512
G1 X-.729 Y-8.128 E.00459
SET_VELOCITY_LIMIT ACCEL=10000
G1 X-.924 Y-8.75 F30000
;TYPE:Gap infill
;WIDTH:0.191684
G1 F9000
G1 X-5.276 Y-8.75 E.05275
G1 X-7.024 Y-8.75 F30000
G1 F9000
G1 X-11.376 Y-8.75 E.05275
G1 X.751 Y-7.136 F30000
SET_VELOCITY_LIMIT ACCEL=7000
;TYPE:Internal solid infill
;WIDTH:0.55292
G1 F9000
G1 X.751 Y-3.324 E.15839
G1 X.781 Y-3.181 E.00609
G1 X.924 Y-3.151 E.00609
G1 X5.276 Y-3.151 E.18083
G1 X5.419 Y-3.181 E.00609
G1 X5.449 Y-3.324 E.00609
G1 X5.449 Y-8.019 E.19512
G1 X5.478 Y-8.163 E.00609
G1 X5.708 Y-8.222 E.00984
G1 X5.767 Y-8.622 E.01678
G1 X6.11 Y-8.651 E.01429
G1 X6.411 Y-8.629 E.01257
G1 X6.549 Y-8.575 E.00617
G1 X6.592 Y-8.222 E.01475
G1 X6.822 Y-8.163 E.00984
G1 X6.851 Y-8.019 E.00609
G1 X6.851 Y-3.324 E.19512
G1 X6.881 Y-3.181 E.00609
G1 X7.024 Y-3.151 E.00609
G1 X11.376 Y-3.151 E.18083
G1 X11.519 Y-3.181 E.00609
G1 X11.549 Y-3.324 E.00609
G1 X11.549 Y-8.019 E.19512
G1 X11.578 Y-8.163 E.00609
G1 X11.808 Y-8.222 E.00984
G1 X11.867 Y-8.622 E.01678
G1 X12.49 Y-8.651 E.0259
G1 X12.633 Y-8.622 E.00609
G1 X12.692 Y-8.222 E.01678
G1 X12.922 Y-8.163 E.00984
G1 X12.951 Y-8.019 E.00609
G1 X12.951 Y-3.324 E.19512
G1 X12.981 Y-3.181 E.00609
G1 X13.124 Y-3.151 E.00609
G1 X17.476 Y-3.151 E.18083
G1 X17.619 Y-3.181 E.00609
G1 X17.649 Y-3.324 E.00609
G1 X17.649 Y-6.978 E.15184
SET_VELOCITY_LIMIT ACCEL=10000
G1 E-1.2 F2100
;WIPE_START
G1 F9000
G1 X17.649 Y-4.978
;WIPE_END
G1 X12.01 Y-3.309 Z2.4 F30000
G1 Z2
G1 E1.2 F2100
;TYPE:Sparse infill
;WIDTH:0.62
G1 F6000
G1 X12.01 Y-5.618 E.10855
G1 X12.49 Y-5.138 E.03187
G1 X12.49 Y-2.69 E.11516
G1 X14.938 Y-2.69 E.11516
G1 X20.318 Y2.69 E.35773
G1 X14.442 Y2.69 E.27632
G1 X9.062 Y-2.69 E.35773
G1 X6.39 Y-2.69 E.12569
M73 P62 R3
G1 X6.39 Y-5.362 E.12569
G1 X5.91 Y-5.842 E.03187
G1 X5.91 Y-3.533 E.10855
G1 E-1.2 F2100
;WIPE_START
G1 F6000
G1 X5.91 Y-5.533
;WIPE_END
G1 X13.44 Y-6.781 Z2.4 F30000
G1 X25.324 Y-8.75 Z2.4
G1 Z2
G1 E1.2 F2100
;TYPE:Gap infill
;WIDTH:0.191684
G1 F9000
G1 X29.676 Y-8.75 E.05275
G1 X44.128 Y-1.233 F30000
;WIDTH:0.403463
G1 F9000
G1 X44.216 Y-.569 E.01968
G1 X44.234 Y-.294 E.00808
;WIDTH:0.359953
G1 X44.252 Y-.02 E.00711
;WIDTH:0.357717
G1 X44.234 Y.294 E.00806
;WIDTH:0.395946
G1 X44.216 Y.569 E.00792
;WIDTH:0.420458
G1 X44.128 Y1.233 E.02061
;LAYER_CHANGE
;Z:2.2
;HEIGHT:0.2
;BEFORE_LAYER_CHANGE
;2.2
G1 E-1.2 F2100
;WIPE_START
G1 F9000
G1 X44.216 Y.569
;WIPE_END
;AFTER_LAYER_CHANGE
;2.2
;_SET_FAN_SPEED_CHANGING_LAYER
G17
G3 Z2.6 I-.626 J-1.044 P1  F30000
G1 X31.31 Y8.31 Z2.6
G1 Z2.2
G1 E1.2 F2100
SET_VELOCITY_LIMIT ACCEL=5000
;TYPE:Outer wall
;WIDTH:0.62
G1 F7200
G1 X-31.31 Y8.31 E2.94469
G1 X-31.31 Y4.19 E.19374
G1 X31.31 Y4.19 E2.94469
G1 X31.31 Y8.274 E.19205
SET_VELOCITY_LIMIT ACCEL=10000
G1 E-1.2 F2100
;WIPE_START
G1 F7200
G1 X29.31 Y8.275
;WIPE_END
G1 X21.737 Y7.321 Z2.6 F30000
G1 X-43.57 Y-.906 Z2.6
G1 Z2.2
G1 E1.2 F2100
SET_VELOCITY_LIMIT ACCEL=5000
G1 F7200
G1 X-43.282 Y-1.282 E.02225
G1 X-42.906 Y-1.57 E.02225
G1 X-42.469 Y-1.751 E.02225
G1 X-42.312 Y-1.772 E.00744
G1 X-42 Y-1.813 E.01481
G1 X-41.531 Y-1.751 E.02225
G1 X-41.094 Y-1.57 E.02225
G1 X-40.718 Y-1.282 E.02225
G1 X-40.43 Y-.906 E.02225
G1 X-40.249 Y-.469 E.02225
G1 X-40.187 Y0 E.02225
G1 X-40.249 Y.469 E.02225
G1 X-40.43 Y.906 E.02225
G1 X-40.718 Y1.282 E.02225
G1 X-40.844 Y1.378 E.00744
G1 X-41.094 Y1.57 E.01481
G1 X-41.531 Y1.751 E.02225
G1 X-42 Y1.813 E.02225
G1 X-42.469 Y1.751 E.02225
G1 X-42.906 Y1.57 E.02225
G1 X-43.282 Y1.282 E.02225
G1 X-43.57 Y.906 E.02225
G1 X-43.751 Y.469 E.02225
G1 X-43.813 Y0 E.02225
G1 X-43.751 Y-.469 E.02225
G1 X-43.584 Y-.873 E.02056
SET_VELOCITY_LIMIT ACCEL=10000
G1 E-1.2 F2100
;WIPE_START
G1 F7200
G1 X-43.282 Y-1.282
G1 X-42.906 Y-1.57
G1 X-42.469 Y-1.751
G1 X-42.312 Y-1.772
G1 X-42 Y-1.813
G1 X-41.928 Y-1.803
;WIPE_END
G1 X-34.298 Y-1.636 Z2.6 F30000
G1 X40.187 Y0 Z2.6
G1 Z2.2
G1 E1.2 F2100
SET_VELOCITY_LIMIT ACCEL=5000
G1 F7200
G1 X40.249 Y-.469 E.02225
G1 X40.43 Y-.906 E.02225
G1 X40.718 Y-1.282 E.02225
G1 X41.094 Y-1.57 E.02225
G1 X41.531 Y-1.751 E.02225
G1 X41.688 Y-1.772 E.00744
G1 X42 Y-1.813 E.01481
G1 X42.469 Y-1.751 E.02225
G1 X42.906 Y-1.57 E.02225
G1 X43.282 Y-1.282 E.02225
G1 X43.57 Y-.906 E.02225
G1 X43.751 Y-.469 E.02225
G1 X43.813 Y0 E.02225
G1 X43.751 Y.469 E.02225
G1 X43.57 Y.906 E.02225
G1 X43.282 Y1.282 E.02225
G1 X43.156 Y1.378 E.00744
G1 X42.906 Y1.57 E.01481
G1 X42.469 Y1.751 E.02225
G1 X42 Y1.813 E.02225
G1 X41.531 Y1.751 E.02225
G1 X41.094 Y1.57 E.02225
G1 X40.718 Y1.282 E.02225
G1 X40.43 Y.906 E.02225
G1 X40.249 Y.469 E.02225
G1 X40.192 Y.036 E.02056
SET_VELOCITY_LIMIT ACCEL=10000
G1 E-1.2 F2100
;WIPE_START
G1 F7200
G1 X40.249 Y-.469
G1 X40.43 Y-.906
G1 X40.718 Y-1.282
G1 X41.094 Y-1.57
G1 X41.16 Y-1.598
;WIPE_END
G1 X33.619 Y-2.77 Z2.6 F30000
G1 X1.213 Y-7.81 Z2.6
G1 Z2.2
G1 E1.2 F2100
SET_VELOCITY_LIMIT ACCEL=5000
;TYPE:Inner wall
G1 F9000
G1 X1.213 Y-8.387 E.02714
G1 X4.987 Y-8.387 E.17748
G1 X4.987 Y-3.613 E.2245
G1 X1.213 Y-3.613 E.17748
G1 X1.213 Y-7.774 E.19567
SET_VELOCITY_LIMIT ACCEL=10000
G1 X1.79 Y-7.81 F30000
SET_VELOCITY_LIMIT ACCEL=5000
;TYPE:Outer wall
G1 F7200
G1 X4.41 Y-7.81 E.1232
G1 X4.41 Y-4.19 E.17023
G1 X1.79 Y-4.19 E.1232
G1 X1.79 Y-7.774 E.16854
SET_VELOCITY_LIMIT ACCEL=10000
G1 E-1.2 F2100
;WIPE_START
G1 F7200
G1 X3.79 Y-7.801
;WIPE_END
G1 X7.89 Y-3.613 Z2.6 F30000
G1 Z2.2
G1 E1.2 F2100
SET_VELOCITY_LIMIT ACCEL=5000
;TYPE:Inner wall
G1 F9000
G1 X7.313 Y-3.613 E.02714
G1 X7.313 Y-8.387 E.2245
G1 X11.087 Y-8.387 E.17748
G1 X11.087 Y-3.613 E.2245
G1 X7.926 Y-3.613 E.14865
SET_VELOCITY_LIMIT ACCEL=10000
G1 X7.89 Y-4.19 F30000
SET_VELOCITY_LIMIT ACCEL=5000
;TYPE:Outer wall
G1 F7200
G1 X7.89 Y-7.81 E.17023
G1 X10.51 Y-7.81 E.1232
G1 X10.51 Y-4.19 E.17023
G1 X7.926 Y-4.19 E.12151
SET_VELOCITY_LIMIT ACCEL=10000
G1 E-1.2 F2100
;WIPE_START
G1 F7200
G1 X7.906 Y-6.19
;WIPE_END
G1 X13.413 Y-7.81 Z2.6 F30000
G1 Z2.2
G1 E1.2 F2100
SET_VELOCITY_LIMIT ACCEL=5000
;TYPE:Inner wall
G1 F9000
G1 X13.413 Y-8.387 E.02714
G1 X17.187 Y-8.387 E.17748
G1 X17.187 Y-3.613 E.2245
G1 X13.413 Y-3.613 E.17748
G1 X13.413 Y-7.774 E.19567
SET_VELOCITY_LIMIT ACCEL=10000
G1 X13.99 Y-7.81 F30000
SET_VELOCITY_LIMIT ACCEL=5000
;TYPE:Outer wall
G1 F7200
G1 X16.61 Y-7.81 E.1232
G1 X16.61 Y-4.19 E.17023
G1 X13.99 Y-4.19 E.1232
G1 X13.99 Y-7.774 E.16854
SET_VELOCITY_LIMIT ACCEL=10000
G1 E-1.2 F2100
M73 P63 R3
;WIPE_START
G1 F7200
G1 X15.99 Y-7.801
;WIPE_END
G1 X19.513 Y-7.81 Z2.6 F30000
G1 Z2.2
G1 E1.2 F2100
SET_VELOCITY_LIMIT ACCEL=5000
;TYPE:Inner wall
G1 F9000
G1 X19.513 Y-8.387 E.02714
G1 X23.287 Y-8.387 E.17748
G1 X23.287 Y-3.613 E.2245
G1 X19.513 Y-3.613 E.17748
G1 X19.513 Y-7.774 E.19567
SET_VELOCITY_LIMIT ACCEL=10000
G1 X20.09 Y-7.81 F30000
SET_VELOCITY_LIMIT ACCEL=5000
;TYPE:Outer wall
G1 F7200
G1 X22.71 Y-7.81 E.1232
G1 X22.71 Y-4.19 E.17023
G1 X20.09 Y-4.19 E.1232
G1 X20.09 Y-7.774 E.16854
SET_VELOCITY_LIMIT ACCEL=10000
G1 E-1.2 F2100
;WIPE_START
G1 F7200
G1 X22.09 Y-7.801
;WIPE_END
G1 X26.19 Y-3.613 Z2.6 F30000
G1 Z2.2
G1 E1.2 F2100
SET_VELOCITY_LIMIT ACCEL=5000
;TYPE:Inner wall
G1 F9000
G1 X25.613 Y-3.613 E.02714
G1 X25.613 Y-8.387 E.2245
G1 X29.387 Y-8.387 E.17748
G1 X29.387 Y-3.613 E.2245
G1 X26.226 Y-3.613 E.14865
SET_VELOCITY_LIMIT ACCEL=10000
G1 X26.19 Y-4.19 F30000
SET_VELOCITY_LIMIT ACCEL=5000
;TYPE:Outer wall
G1 F7200
G1 X26.19 Y-7.81 E.17023
G1 X28.81 Y-7.81 E.1232
G1 X28.81 Y-4.19 E.17023
G1 X26.226 Y-4.19 E.12151
SET_VELOCITY_LIMIT ACCEL=10000
G1 E-1.2 F2100
;WIPE_START
G1 F7200
G1 X26.206 Y-6.19
;WIPE_END
G1 X18.584 Y-6.586 Z2.6 F30000
G1 X-4.987 Y-7.81 Z2.6
G1 Z2.2
G1 E1.2 F2100
SET_VELOCITY_LIMIT ACCEL=5000
;TYPE:Inner wall
G1 F9000
G1 X-4.987 Y-8.387 E.02714
G1 X-1.213 Y-8.387 E.17748
G1 X-1.213 Y-3.613 E.2245
G1 X-4.987 Y-3.613 E.17748
G1 X-4.987 Y-7.774 E.19567
SET_VELOCITY_LIMIT ACCEL=10000
G1 X-4.41 Y-7.81 F30000
SET_VELOCITY_LIMIT ACCEL=5000
;TYPE:Outer wall
G1 F7200
G1 X-1.79 Y-7.81 E.1232
G1 X-1.79 Y-4.19 E.17023
G1 X-4.41 Y-4.19 E.1232
G1 X-4.41 Y-7.774 E.16854
SET_VELOCITY_LIMIT ACCEL=10000
G1 E-1.2 F2100
;WIPE_START
G1 F7200
G1 X-2.41 Y-7.801
;WIPE_END
G1 X-10.043 Y-7.809 Z2.6 F30000
G1 X-11.087 Y-7.81 Z2.6
G1 Z2.2
G1 E1.2 F2100
SET_VELOCITY_LIMIT ACCEL=5000
;TYPE:Inner wall
G1 F9000
G1 X-11.087 Y-8.387 E.02714
G1 X-7.313 Y-8.387 E.17748
G1 X-7.313 Y-3.613 E.2245
G1 X-11.087 Y-3.613 E.17748
G1 X-11.087 Y-7.774 E.19567
SET_VELOCITY_LIMIT ACCEL=10000
G1 X-10.51 Y-7.81 F30000
SET_VELOCITY_LIMIT ACCEL=5000
;TYPE:Outer wall
G1 F7200
G1 X-7.89 Y-7.81 E.1232
G1 X-7.89 Y-4.19 E.17023
G1 X-10.51 Y-4.19 E.1232
G1 X-10.51 Y-7.774 E.16854
SET_VELOCITY_LIMIT ACCEL=10000
G1 E-1.2 F2100
;WIPE_START
G1 F7200
G1 X-8.51 Y-7.801
;WIPE_END
G1 X-15.387 Y-4.491 Z2.6 F30000
G1 X-17.21 Y-3.613 Z2.6
G1 Z2.2
G1 E1.2 F2100
SET_VELOCITY_LIMIT ACCEL=5000
;TYPE:Inner wall
G1 F9000
G1 X-17.787 Y-3.613 E.02714
G1 X-17.787 Y-8.387 E.2245
G1 X-14.013 Y-8.387 E.17748
G1 X-14.013 Y-3.613 E.2245
G1 X-17.174 Y-3.613 E.14865
SET_VELOCITY_LIMIT ACCEL=10000
G1 X-17.21 Y-4.19 F30000
SET_VELOCITY_LIMIT ACCEL=5000
;TYPE:Outer wall
G1 F7200
G1 X-17.21 Y-7.81 E.17023
G1 X-14.59 Y-7.81 E.1232
G1 X-14.59 Y-4.19 E.17023
G1 X-17.174 Y-4.19 E.12151
SET_VELOCITY_LIMIT ACCEL=10000
G1 E-1.2 F2100
;WIPE_START
G1 F7200
G1 X-17.194 Y-6.19
;WIPE_END
G1 X-22.71 Y-3.613 Z2.6 F30000
G1 Z2.2
G1 E1.2 F2100
SET_VELOCITY_LIMIT ACCEL=5000
;TYPE:Inner wall
G1 F9000
G1 X-23.287 Y-3.613 E.02714
G1 X-23.287 Y-8.387 E.2245
G1 X-19.513 Y-8.387 E.17748
G1 X-19.513 Y-3.613 E.2245
G1 X-22.674 Y-3.613 E.14865
SET_VELOCITY_LIMIT ACCEL=10000
G1 X-22.71 Y-4.19 F30000
SET_VELOCITY_LIMIT ACCEL=5000
;TYPE:Outer wall
G1 F7200
G1 X-22.71 Y-7.81 E.17023
G1 X-20.09 Y-7.81 E.1232
G1 X-20.09 Y-4.19 E.17023
G1 X-22.674 Y-4.19 E.12151
SET_VELOCITY_LIMIT ACCEL=10000
G1 E-1.2 F2100
;WIPE_START
G1 F7200
G1 X-22.694 Y-6.19
;WIPE_END
G1 X-28.81 Y-3.613 Z2.6 F30000
G1 Z2.2
G1 E1.2 F2100
SET_VELOCITY_LIMIT ACCEL=5000
;TYPE:Inner wall
G1 F9000
G1 X-29.387 Y-3.613 E.02714
G1 X-29.387 Y-8.387 E.2245
G1 X-25.613 Y-8.387 E.17748
G1 X-25.613 Y-3.613 E.2245
G1 X-28.774 Y-3.613 E.14865
SET_VELOCITY_LIMIT ACCEL=10000
G1 X-28.81 Y-4.19 F30000
SET_VELOCITY_LIMIT ACCEL=5000
;TYPE:Outer wall
G1 F7200
G1 X-28.81 Y-7.81 E.17023
G1 X-26.19 Y-7.81 E.1232
G1 X-26.19 Y-4.19 E.17023
G1 X-28.774 Y-4.19 E.12151
SET_VELOCITY_LIMIT ACCEL=10000
G1 E-1.2 F2100
;WIPE_START
G1 F7200
G1 X-28.794 Y-6.19
;WIPE_END
G1 X-21.192 Y-5.51 Z2.6 F30000
G1 X39.615 Y-.075 Z2.6
G1 Z2.2
G1 E1.2 F2100
SET_VELOCITY_LIMIT ACCEL=5000
;TYPE:Inner wall
G1 F9000
G1 X39.605 Y0 E.00358
G1 X39.687 Y.62 E.0294
G1 X39.926 Y1.197 E.0294
G1 X40.307 Y1.693 E.0294
G1 X40.803 Y2.074 E.0294
G1 X41.38 Y2.313 E.0294
G1 X42 Y2.395 E.0294
G1 X42.62 Y2.313 E.0294
G1 X43.197 Y2.074 E.0294
G1 X43.693 Y1.693 E.0294
G1 X43.878 Y1.453 E.01426
G1 X44.113 Y1.532 E.01167
G1 X44.113 Y9.113 E.35647
G1 X31.887 Y9.113 E.57492
G1 X31.887 Y3.613 E.25864
G1 X-31.887 Y3.613 E2.99896
M73 P64 R3
G1 X-31.887 Y9.113 E.25864
G1 X-44.113 Y9.113 E.57492
G1 X-44.113 Y1.532 E.35647
G1 X-43.878 Y1.453 E.01167
G1 X-43.693 Y1.693 E.01426
G1 X-43.197 Y2.074 E.0294
G1 X-42.62 Y2.313 E.0294
G1 X-42 Y2.395 E.0294
G1 X-41.38 Y2.313 E.0294
G1 X-40.803 Y2.074 E.0294
G1 X-40.307 Y1.693 E.0294
G1 X-39.926 Y1.197 E.0294
G1 X-39.687 Y.62 E.0294
G1 X-39.605 Y0 E.0294
G1 X-39.687 Y-.62 E.0294
G1 X-39.926 Y-1.197 E.0294
G1 X-40.307 Y-1.693 E.0294
G1 X-40.803 Y-2.074 E.0294
G1 X-41.38 Y-2.313 E.0294
G1 X-42 Y-2.395 E.0294
G1 X-42.62 Y-2.313 E.0294
G1 X-43.197 Y-2.074 E.0294
G1 X-43.693 Y-1.693 E.0294
G1 X-43.878 Y-1.453 E.01426
G1 X-44.113 Y-1.532 E.01167
G1 X-44.113 Y-9.113 E.35647
G1 X44.113 Y-9.113 E4.14879
G1 X44.113 Y-1.532 E.35647
G1 X43.878 Y-1.453 E.01167
G1 X43.693 Y-1.693 E.01426
G1 X43.197 Y-2.074 E.0294
G1 X42.62 Y-2.313 E.0294
G1 X42 Y-2.395 E.0294
G1 X41.38 Y-2.313 E.0294
G1 X40.803 Y-2.074 E.0294
G1 X40.307 Y-1.693 E.0294
G1 X39.926 Y-1.197 E.0294
G1 X39.687 Y-.62 E.0294
G1 X39.62 Y-.111 E.02412
SET_VELOCITY_LIMIT ACCEL=10000
G1 E-1.2 F2100
;WIPE_START
G1 F9000
G1 X39.605 Y0
G1 X39.687 Y.62
G1 X39.926 Y1.197
G1 X40.307 Y1.693
G1 X40.317 Y1.701
;WIPE_END
G1 X43.052 Y-5.424 Z2.6 F30000
G1 X44.69 Y-9.69 Z2.6
G1 Z2.2
G1 E1.2 F2100
SET_VELOCITY_LIMIT ACCEL=5000
;TYPE:Outer wall
G1 F7200
G1 X44.69 Y9.69 E.91134
G1 X-44.69 Y9.69 E4.20307
G1 X-44.69 Y-9.69 E.91134
G1 X44.654 Y-9.69 E4.20137
SET_VELOCITY_LIMIT ACCEL=10000
G1 E-1.2 F2100
;WIPE_START
G1 F7200
G1 X44.658 Y-7.69
;WIPE_END
G1 X43.225 Y-2.16 Z2.6 F30000
G1 Z2.2
G1 E1.2 F2100
SET_VELOCITY_LIMIT ACCEL=2500
;TYPE:Internal Bridge
;WIDTH:0.6
;HEIGHT:0.6
G1 F3000
G1 X43.225 Y-8.73 E.75688
G1 X42.575 Y-8.73 E.07488
G1 X42.575 Y-2.705 E.6941
G1 X42 Y-2.781 E.06681
G1 X41.925 Y-2.771 E.00872
G1 X41.925 Y-8.73 E.68652
G1 X41.275 Y-8.73 E.07488
G1 X41.275 Y-2.684 E.69655
G1 X40.625 Y-2.415 E.08105
G1 X40.625 Y-8.73 E.72757
G1 X39.975 Y-8.73 E.07488
G1 X39.975 Y-1.409 E.84338
SET_VELOCITY_LIMIT ACCEL=10000
G1 E-1.2 F2100
;WIPE_START
G1 F3000
G1 X39.975 Y-3.409
;WIPE_END
G1 X43.225 Y2.16 Z2.6 F30000
G1 Z2.2
G1 E1.2 F2100
M73 P65 R3
SET_VELOCITY_LIMIT ACCEL=2500
G1 F3000
G1 X43.225 Y8.73 E.75688
G1 X42.575 Y8.73 E.07488
G1 X42.575 Y2.705 E.6941
G1 X42 Y2.781 E.06681
G1 X41.925 Y2.771 E.00872
G1 X41.925 Y8.73 E.68652
G1 X41.275 Y8.73 E.07488
G1 X41.275 Y2.684 E.69655
G1 X40.625 Y2.415 E.08105
G1 X40.625 Y8.73 E.72757
G1 X39.975 Y8.73 E.07488
G1 X39.975 Y1.409 E.84338
SET_VELOCITY_LIMIT ACCEL=10000
G1 X39.325 Y9.023 F30000
SET_VELOCITY_LIMIT ACCEL=2500
G1 F3000
G1 X39.325 Y-8.73 E2.04514
G1 X38.675 Y-8.73 E.07488
G1 X38.675 Y8.73 E2.01144
G1 X38.025 Y8.73 E.07488
G1 X38.025 Y-8.73 E2.01144
G1 X37.375 Y-8.73 E.07488
G1 X37.375 Y8.73 E2.01144
G1 X36.725 Y8.73 E.07488
G1 X36.725 Y-8.73 E2.01144
G1 X36.075 Y-8.73 E.07488
G1 X36.075 Y8.73 E2.01144
G1 X35.425 Y8.73 E.07488
G1 X35.425 Y-8.73 E2.01144
G1 X34.775 Y-8.73 E.07488
G1 X34.775 Y8.73 E2.01144
G1 X34.125 Y8.73 E.07488
G1 X34.125 Y-8.73 E2.01144
G1 X33.475 Y-8.73 E.07488
G1 X33.475 Y8.73 E2.01144
G1 X32.825 Y8.73 E.07488
G1 X32.825 Y-8.73 E2.01144
G1 X32.175 Y-8.73 E.07488
G1 X32.175 Y3.23 E1.37784
G1 X31.525 Y3.23 E.07488
M73 P66 R3
G1 X31.525 Y-8.73 E1.37784
G1 X30.875 Y-8.73 E.07488
G1 X30.875 Y3.23 E1.37784
G1 X30.225 Y3.23 E.07488
G1 X30.225 Y-8.73 E1.37784
G1 X30.058 Y-8.73 E.0192
G1 X30.058 Y-8.271 E.05285
G1 X29.77 Y-8.271 E.03324
G1 X29.77 Y-3.23 E.58075
G1 X29.575 Y-3.23 E.02245
G1 X29.575 Y3.23 E.74424
G1 X28.925 Y3.23 E.07488
G1 X28.925 Y-3.23 E.74424
G1 X28.275 Y-3.23 E.07488
G1 X28.275 Y3.23 E.74424
G1 X27.625 Y3.23 E.07488
G1 X27.625 Y-3.23 E.74424
G1 X26.975 Y-3.23 E.07488
G1 X26.975 Y3.23 E.74424
G1 X26.325 Y3.23 E.07488
G1 X26.325 Y-3.23 E.74424
G1 X25.675 Y-3.23 E.07488
G1 X25.675 Y3.23 E.74424
G1 X25.025 Y3.23 E.07488
G1 X25.025 Y-8.271 E1.32499
G1 X24.942 Y-8.271 E.00959
G1 X24.942 Y-8.73 E.05285
G1 X24.375 Y-8.73 E.06529
G1 X24.375 Y3.23 E1.37784
G1 X23.725 Y3.23 E.07488
G1 X23.725 Y-8.271 E1.32499
G1 X23.67 Y-8.271 E.00635
G1 X23.67 Y-3.23 E.58075
G1 X23.075 Y-3.23 E.06853
G1 X23.075 Y3.23 E.74424
G1 X22.425 Y3.23 E.07488
G1 X22.425 Y-3.23 E.74424
G1 X21.775 Y-3.23 E.07488
G1 X21.775 Y3.23 E.74424
G1 X21.125 Y3.23 E.07488
G1 X21.125 Y-3.23 E.74424
G1 X20.475 Y-3.23 E.07488
G1 X20.475 Y3.23 E.74424
G1 X19.825 Y3.23 E.07488
G1 X19.825 Y-3.23 E.74424
G1 X19.175 Y-3.23 E.07488
G1 X19.175 Y3.23 E.74424
G1 X18.525 Y3.23 E.07488
M73 P66 R2
G1 X18.525 Y-6.583 E1.13045
G1 X17.875 Y-6.571 E.07489
G1 X17.875 Y3.23 E1.12914
G1 X17.225 Y3.23 E.07488
G1 X17.225 Y-3.23 E.74424
G1 X16.575 Y-3.23 E.07488
G1 X16.575 Y3.23 E.74424
G1 X15.925 Y3.23 E.07488
G1 X15.925 Y-3.23 E.74424
G1 X15.275 Y-3.23 E.07488
M73 P67 R2
G1 X15.275 Y3.23 E.74424
G1 X14.625 Y3.23 E.07488
G1 X14.625 Y-3.23 E.74424
G1 X13.975 Y-3.23 E.07488
G1 X13.975 Y3.23 E.74424
G1 X13.325 Y3.23 E.07488
G1 X13.325 Y-3.23 E.74424
G1 X13.03 Y-3.23 E.03395
G1 X13.03 Y-8.271 E.58075
G1 X12.742 Y-8.271 E.03324
G1 X12.742 Y-8.73 E.05285
G1 X12.675 Y-8.73 E.00769
G1 X12.675 Y3.23 E1.37784
G1 X12.025 Y3.23 E.07488
G1 X12.025 Y-8.73 E1.37784
G1 X11.758 Y-8.73 E.03072
G1 X11.758 Y-8.271 E.05285
G1 X11.47 Y-8.271 E.03324
G1 X11.47 Y-3.23 E.58075
G1 X11.375 Y-3.23 E.01093
G1 X11.375 Y3.23 E.74424
G1 X10.725 Y3.23 E.07488
G1 X10.725 Y-3.23 E.74424
G1 X10.075 Y-3.23 E.07488
G1 X10.075 Y3.23 E.74424
G1 X9.425 Y3.23 E.07488
G1 X9.425 Y-3.23 E.74424
G1 X8.775 Y-3.23 E.07488
G1 X8.775 Y3.23 E.74424
G1 X8.125 Y3.23 E.07488
G1 X8.125 Y-3.23 E.74424
G1 X7.475 Y-3.23 E.07488
G1 X7.475 Y3.23 E.74424
G1 X6.825 Y3.23 E.07488
G1 X6.825 Y-8.271 E1.32499
G1 X6.642 Y-8.271 E.02111
G1 X6.642 Y-8.421 E.01728
G1 X6.175 Y-8.488 E.05432
G1 X6.175 Y3.23 E1.34999
G1 X5.525 Y3.23 E.07488
G1 X5.525 Y-8.271 E1.32499
G1 X5.37 Y-8.271 E.01787
G1 X5.37 Y-3.23 E.58075
G1 X4.875 Y-3.23 E.05701
G1 X4.875 Y3.23 E.74424
G1 X4.225 Y3.23 E.07488
G1 X4.225 Y-3.23 E.74424
G1 X3.575 Y-3.23 E.07488
G1 X3.575 Y3.23 E.74424
G1 X2.925 Y3.23 E.07488
G1 X2.925 Y-3.23 E.74424
G1 X2.275 Y-3.23 E.07488
G1 X2.275 Y3.23 E.74424
G1 X1.625 Y3.23 E.07488
G1 X1.625 Y-3.23 E.74424
G1 X.975 Y-3.23 E.07488
G1 X.975 Y3.23 E.74424
G1 X.325 Y3.23 E.07488
G1 X.325 Y-6.981 E1.17628
G1 X-.325 Y-6.976 E.07488
G1 X-.325 Y3.23 E1.17581
G1 X-.975 Y3.23 E.07488
M73 P68 R2
G1 X-.975 Y-3.23 E.74424
G1 X-1.625 Y-3.23 E.07488
G1 X-1.625 Y3.23 E.74424
G1 X-2.275 Y3.23 E.07488
G1 X-2.275 Y-3.23 E.74424
G1 X-2.925 Y-3.23 E.07488
G1 X-2.925 Y3.23 E.74424
G1 X-3.575 Y3.23 E.07488
G1 X-3.575 Y-3.23 E.74424
G1 X-4.225 Y-3.23 E.07488
G1 X-4.225 Y3.23 E.74424
G1 X-4.875 Y3.23 E.07488
G1 X-4.875 Y-3.23 E.74424
G1 X-5.37 Y-3.23 E.05699
G1 X-5.37 Y-8.271 E.58075
G1 X-5.525 Y-8.271 E.01789
G1 X-5.525 Y3.23 E1.32499
G1 X-6.175 Y3.23 E.07488
G1 X-6.175 Y-8.73 E1.37784
G1 X-6.642 Y-8.73 E.05376
G1 X-6.642 Y-8.271 E.05285
G1 X-6.825 Y-8.271 E.02112
G1 X-6.825 Y3.23 E1.32499
G1 X-7.475 Y3.23 E.07488
G1 X-7.475 Y-3.23 E.74424
G1 X-8.125 Y-3.23 E.07488
G1 X-8.125 Y3.23 E.74424
G1 X-8.775 Y3.23 E.07488
G1 X-8.775 Y-3.23 E.74424
G1 X-9.425 Y-3.23 E.07488
G1 X-9.425 Y3.23 E.74424
G1 X-10.075 Y3.23 E.07488
G1 X-10.075 Y-3.23 E.74424
G1 X-10.725 Y-3.23 E.07488
G1 X-10.725 Y3.23 E.74424
G1 X-11.375 Y3.23 E.07488
G1 X-11.375 Y-3.23 E.74424
G1 X-11.47 Y-3.23 E.01091
G1 X-11.47 Y-6.905 E.42331
G1 X-11.704 Y-5.969 E.11116
G1 X-12.025 Y-6.289 E.05223
G1 X-12.025 Y3.23 E1.09666
G1 X-12.675 Y3.23 E.07488
G1 X-12.675 Y-6.939 E1.17154
G1 X-13.325 Y-7.589 E.1059
G1 X-13.325 Y3.23 E1.24642
G1 X-13.975 Y3.23 E.07488
G1 X-13.975 Y-3.23 E.74424
G1 X-14.625 Y-3.23 E.07488
G1 X-14.625 Y3.23 E.74424
G1 X-15.275 Y3.23 E.07488
G1 X-15.275 Y-3.23 E.74424
G1 X-15.925 Y-3.23 E.07488
G1 X-15.925 Y3.23 E.74424
G1 X-16.575 Y3.23 E.07488
G1 X-16.575 Y-3.23 E.74424
G1 X-17.225 Y-3.23 E.07488
G1 X-17.225 Y3.23 E.74424
G1 X-17.875 Y3.23 E.07488
G1 X-17.875 Y-3.23 E.74424
G1 X-18.17 Y-3.23 E.03395
G1 X-18.17 Y-8.271 E.58075
G1 X-18.458 Y-8.271 E.03324
M73 P69 R2
G1 X-18.458 Y-8.73 E.05285
G1 X-18.525 Y-8.73 E.00769
G1 X-18.525 Y3.23 E1.37784
G1 X-19.175 Y3.23 E.07488
G1 X-19.175 Y-3.23 E.74424
G1 X-19.825 Y-3.23 E.07488
G1 X-19.825 Y3.23 E.74424
G1 X-20.475 Y3.23 E.07488
G1 X-20.475 Y-3.23 E.74424
G1 X-21.125 Y-3.23 E.07488
G1 X-21.125 Y3.23 E.74424
G1 X-21.775 Y3.23 E.07488
G1 X-21.775 Y-3.23 E.74424
G1 X-22.425 Y-3.23 E.07488
G1 X-22.425 Y3.23 E.74424
G1 X-23.075 Y3.23 E.07488
G1 X-23.075 Y-3.23 E.74424
G1 X-23.67 Y-3.23 E.06851
G1 X-23.67 Y-7.873 E.53484
G1 X-23.725 Y-7.703 E.02054
G1 X-23.725 Y3.23 E1.25955
G1 X-24.375 Y3.23 E.07488
G1 X-24.375 Y-6.061 E1.07033
G1 X-25.025 Y-7.405 E.17202
G1 X-25.025 Y3.23 E1.22519
G1 X-25.675 Y3.23 E.07488
G1 X-25.675 Y-3.23 E.74424
G1 X-26.325 Y-3.23 E.07488
G1 X-26.325 Y3.23 E.74424
G1 X-26.975 Y3.23 E.07488
G1 X-26.975 Y-3.23 E.74424
G1 X-27.625 Y-3.23 E.07488
G1 X-27.625 Y3.23 E.74424
G1 X-28.275 Y3.23 E.07488
G1 X-28.275 Y-3.23 E.74424
G1 X-28.925 Y-3.23 E.07488
G1 X-28.925 Y3.23 E.74424
G1 X-29.575 Y3.23 E.07488
G1 X-29.575 Y-3.23 E.74424
G1 X-29.77 Y-3.23 E.02243
G1 X-29.77 Y-8.271 E.58075
G1 X-30.058 Y-8.271 E.03324
G1 X-30.058 Y-8.73 E.05285
G1 X-30.225 Y-8.73 E.01921
G1 X-30.225 Y3.23 E1.37784
G1 X-30.875 Y3.23 E.07488
G1 X-30.875 Y-8.73 E1.37784
G1 X-31.525 Y-8.73 E.07488
G1 X-31.525 Y3.23 E1.37784
G1 X-32.175 Y3.23 E.07488
G1 X-32.175 Y-8.73 E1.37784
G1 X-32.825 Y-8.73 E.07488
G1 X-32.825 Y8.73 E2.01144
G1 X-33.475 Y8.73 E.07488
G1 X-33.475 Y-8.73 E2.01144
G1 X-34.125 Y-8.73 E.07488
M73 P70 R2
G1 X-34.125 Y8.73 E2.01144
G1 X-34.775 Y8.73 E.07488
G1 X-34.775 Y-8.73 E2.01144
G1 X-35.425 Y-8.73 E.07488
G1 X-35.425 Y8.73 E2.01144
G1 X-36.075 Y8.73 E.07488
G1 X-36.075 Y-8.73 E2.01144
G1 X-36.725 Y-8.73 E.07488
G1 X-36.725 Y8.73 E2.01144
G1 X-37.375 Y8.73 E.07488
G1 X-37.375 Y-8.73 E2.01144
G1 X-38.025 Y-8.73 E.07488
G1 X-38.025 Y8.73 E2.01144
G1 X-38.675 Y8.73 E.07488
G1 X-38.675 Y-8.73 E2.01144
G1 X-39.325 Y-8.73 E.07488
G1 X-39.325 Y8.73 E2.01144
G1 X-39.975 Y8.73 E.07488
G1 X-39.975 Y1.89 E.78801
G1 X-40.034 Y1.966 E.0111
G1 X-40.625 Y2.415 E.08549
G1 X-40.625 Y8.73 E.72756
G1 X-41.275 Y8.73 E.07488
G1 X-41.275 Y2.684 E.69654
G1 X-41.925 Y2.771 E.07555
G1 X-41.925 Y8.73 E.68652
G1 X-42.575 Y8.73 E.07488
G1 X-42.575 Y2.705 E.6941
G1 X-42.72 Y2.686 E.01681
G1 X-43.225 Y2.477 E.06301
G1 X-43.225 Y9.023 E.7541
SET_VELOCITY_LIMIT ACCEL=10000
G1 X-39.975 Y-1.409 F30000
SET_VELOCITY_LIMIT ACCEL=2500
G1 F3000
G1 X-39.975 Y-8.73 E.84336
G1 X-40.625 Y-8.73 E.07488
G1 X-40.625 Y-2.415 E.72756
G1 X-41.275 Y-2.684 E.08105
G1 X-41.275 Y-8.73 E.69654
G1 X-41.925 Y-8.73 E.07488
G1 X-41.925 Y-2.771 E.68652
G1 X-42 Y-2.781 E.00871
M73 P71 R2
G1 X-42.575 Y-2.705 E.06682
G1 X-42.575 Y-8.73 E.6941
G1 X-43.225 Y-8.73 E.07488
G1 X-43.225 Y-2.16 E.75688
SET_VELOCITY_LIMIT ACCEL=10000
G1 X-44.128 Y-1.233 F30000
;TYPE:Gap infill
;WIDTH:0.420458
;HEIGHT:0.2
G1 F9000
M106 S255
G1 X-44.216 Y-.569 E.02061
;WIDTH:0.395946
G1 X-44.234 Y-.294 E.00792
;WIDTH:0.357717
G1 X-44.252 Y.02 E.00806
;WIDTH:0.359953
G1 X-44.234 Y.294 E.00711
;WIDTH:0.403463
G1 X-44.216 Y.569 E.00808
G1 X-44.128 Y1.233 E.01968
G1 X-31.599 Y9 F30000
;WIDTH:0.84584
G1 F9000
G1 X31.599 Y9 E4.13485
G1 X44.128 Y1.233 F30000
;WIDTH:0.420457
G1 F9000
G1 X44.216 Y.569 E.02061
;WIDTH:0.395946
G1 X44.234 Y.294 E.00792
;WIDTH:0.357717
G1 X44.252 Y-.02 E.00806
;WIDTH:0.359953
G1 X44.234 Y-.294 E.00711
;WIDTH:0.403463
G1 X44.216 Y-.569 E.00808
G1 X44.128 Y-1.233 E.01968
G1 X29.676 Y-8.75 F30000
;WIDTH:0.191684
G1 F9000
G1 X25.324 Y-8.75 E.05275
G1 X23.576 Y-8.75 F30000
G1 F9000
G1 X19.224 Y-8.75 E.05275
G1 X17.476 Y-8.75 F30000
G1 F9000
G1 X13.124 Y-8.75 E.05275
G1 X11.376 Y-8.75 F30000
G1 F9000
G1 X7.024 Y-8.75 E.05275
G1 X5.276 Y-8.75 F30000
G1 F9000
G1 X.924 Y-8.75 E.05275
G1 X-.068 Y-7.616 F30000
SET_VELOCITY_LIMIT ACCEL=7000
;TYPE:Internal solid infill
;WIDTH:0.646963
G1 F9000
G1 X.473 Y-7.62 E.0266
G1 X.556 Y-8.084 E.02319
G1 X.41 Y-8.148 E.00784
G1 X.346 Y-8.366 E.01115
G1 X.346 Y-8.534 E.00831
G1 X-.291 Y-8.534 E.03133
G1 X-.075 Y-7.652 E.04473
SET_VELOCITY_LIMIT ACCEL=10000
G1 X-.924 Y-8.75 F30000
;TYPE:Gap infill
;WIDTH:0.191684
G1 F9000
G1 X-5.276 Y-8.75 E.05275
G1 X-7.024 Y-8.75 F30000
G1 F9000
G1 X-11.376 Y-8.75 E.05275
G1 X-12.077 Y-7.317 F30000
SET_VELOCITY_LIMIT ACCEL=7000
;TYPE:Internal solid infill
;WIDTH:0.771665
G1 F9000
G1 X-11.876 Y-8.118 E.04908
G1 X-12.003 Y-8.231 E.01004
G1 X-12.029 Y-8.46 E.01371
G1 X-13.052 Y-8.46 E.06077
G1 X-12.857 Y-8.096 E.02452
G1 X-12.103 Y-7.342 E.06333
SET_VELOCITY_LIMIT ACCEL=10000
G1 X-13.724 Y-8.75 F30000
;TYPE:Gap infill
;WIDTH:0.191684
G1 F9000
G1 X-18.076 Y-8.75 E.05275
G1 X-19.224 Y-8.75 F30000
G1 F9000
G1 X-23.576 Y-8.75 E.05275
G1 X-24.416 Y-7.529 F30000
SET_VELOCITY_LIMIT ACCEL=7000
;TYPE:Internal solid infill
;WIDTH:0.5977
G1 F9000
G1 X-24.13 Y-8.406 E.04171
G1 X-24.134 Y-8.547 E.00639
G1 X-24.758 Y-8.547 E.02824
G1 X-24.761 Y-8.332 E.00973
G1 X-24.791 Y-8.305 E.00184
G1 X-24.431 Y-7.561 E.03735
SET_VELOCITY_LIMIT ACCEL=10000
G1 X-25.324 Y-8.75 F30000
;TYPE:Gap infill
;WIDTH:0.191684
G1 F9000
G1 X-29.676 Y-8.75 E.05275
G1 E-1.2 F2100
;WIPE_START
G1 F9000
G1 X-27.676 Y-8.75
;WIPE_END
G1 X-20.047 Y-8.502 Z2.6 F30000
G1 X18.141 Y-7.261 Z2.6
G1 Z2.2
G1 E1.2 F2100
SET_VELOCITY_LIMIT ACCEL=7000
;TYPE:Internal solid infill
;WIDTH:0.761676
G1 F9000
G1 X18.622 Y-7.269 E.02816
G1 X18.764 Y-8.09 E.0488
G1 X18.639 Y-8.164 E.00852
G1 X18.576 Y-8.366 E.01238
G1 X18.576 Y-8.465 E.00582
G1 X18.124 Y-8.465 E.02653
G1 X18.113 Y-8.279 E.01089
G1 X18.061 Y-8.164 E.00743
G1 X17.963 Y-8.112 E.00649
G1 X18.134 Y-7.296 E.04883
;LAYER_CHANGE
;Z:2.4
;HEIGHT:0.2
;BEFORE_LAYER_CHANGE
;2.4
G1 E-1.2 F2100
;WIPE_START
G1 F9000
G1 X17.963 Y-8.112
G1 X18.061 Y-8.164
G1 X18.113 Y-8.279
G1 X18.124 Y-8.465
G1 X18.576 Y-8.465
G1 X18.576 Y-8.366
G1 X18.632 Y-8.183
;WIPE_END
;AFTER_LAYER_CHANGE
;2.4
;_SET_FAN_SPEED_CHANGING_LAYER
SET_VELOCITY_LIMIT ACCEL=10000
G17
G3 Z2.8 I-.965 J.742 P1  F30000
G1 X31.31 Y8.31 Z2.8
G1 Z2.4
G1 E1.2 F2100
SET_VELOCITY_LIMIT ACCEL=5000
;TYPE:Outer wall
;WIDTH:0.62
G1 F7200
G1 X-31.31 Y8.31 E2.94469
G1 X-31.31 Y4.19 E.19374
G1 X31.31 Y4.19 E2.94469
G1 X31.31 Y8.274 E.19205
SET_VELOCITY_LIMIT ACCEL=10000
G1 E-1.2 F2100
;WIPE_START
G1 F7200
G1 X29.31 Y8.275
;WIPE_END
G1 X21.737 Y7.321 Z2.8 F30000
G1 X-43.569 Y-.907 Z2.8
G1 Z2.4
G1 E1.2 F2100
SET_VELOCITY_LIMIT ACCEL=5000
G1 F7200
G1 X-43.282 Y-1.282 E.02222
G1 X-42.906 Y-1.57 E.02225
G1 X-42.469 Y-1.751 E.02225
G1 X-42.338 Y-1.768 E.00622
G1 X-42 Y-1.813 E.01604
G1 X-41.531 Y-1.751 E.02225
G1 X-41.094 Y-1.57 E.02225
G1 X-40.718 Y-1.282 E.02225
G1 X-40.43 Y-.906 E.02225
G1 X-40.249 Y-.469 E.02225
G1 X-40.187 Y0 E.02225
G1 X-40.249 Y.469 E.02225
G1 X-40.43 Y.906 E.02225
G1 X-40.718 Y1.282 E.02225
G1 X-40.823 Y1.362 E.00622
G1 X-41.094 Y1.57 E.01604
G1 X-41.531 Y1.751 E.02225
G1 X-42 Y1.813 E.02225
G1 X-42.469 Y1.751 E.02225
G1 X-42.906 Y1.57 E.02225
G1 X-43.282 Y1.282 E.02225
G1 X-43.57 Y.906 E.02225
G1 X-43.751 Y.469 E.02225
G1 X-43.813 Y0 E.02225
G1 X-43.751 Y-.469 E.02225
G1 X-43.583 Y-.874 E.02059
SET_VELOCITY_LIMIT ACCEL=10000
G1 E-1.2 F2100
;WIPE_START
G1 F7200
G1 X-43.282 Y-1.282
G1 X-42.906 Y-1.57
G1 X-42.469 Y-1.751
G1 X-42.338 Y-1.768
G1 X-42 Y-1.813
G1 X-41.928 Y-1.803
;WIPE_END
G1 X-34.297 Y-1.636 Z2.8 F30000
G1 X40.187 Y-.001 Z2.8
G1 Z2.4
G1 E1.2 F2100
SET_VELOCITY_LIMIT ACCEL=5000
G1 F7200
G1 X40.249 Y-.469 E.02222
G1 X40.43 Y-.906 E.02225
G1 X40.718 Y-1.282 E.02225
G1 X41.094 Y-1.57 E.02225
G1 X41.531 Y-1.751 E.02225
G1 X41.662 Y-1.768 E.00622
G1 X42 Y-1.813 E.01604
G1 X42.469 Y-1.751 E.02225
G1 X42.906 Y-1.57 E.02225
G1 X43.282 Y-1.282 E.02225
G1 X43.57 Y-.906 E.02225
G1 X43.751 Y-.469 E.02225
G1 X43.813 Y0 E.02225
G1 X43.751 Y.469 E.02225
G1 X43.57 Y.906 E.02225
G1 X43.282 Y1.282 E.02225
G1 X42.906 Y1.57 E.02225
G1 X42.469 Y1.751 E.02225
G1 X42 Y1.813 E.02225
G1 X41.531 Y1.751 E.02225
G1 X41.094 Y1.57 E.02225
G1 X40.718 Y1.282 E.02225
G1 X40.43 Y.906 E.02225
G1 X40.249 Y.469 E.02225
G1 X40.192 Y.035 E.02059
SET_VELOCITY_LIMIT ACCEL=10000
G1 E-1.2 F2100
;WIPE_START
G1 F7200
G1 X40.249 Y-.469
G1 X40.43 Y-.906
G1 X40.718 Y-1.282
G1 X41.094 Y-1.57
G1 X41.161 Y-1.598
;WIPE_END
G1 X33.619 Y-2.771 Z2.8 F30000
G1 X1.213 Y-7.81 Z2.8
M73 P72 R2
G1 Z2.4
G1 E1.2 F2100
SET_VELOCITY_LIMIT ACCEL=5000
;TYPE:Inner wall
G1 F9000
G1 X1.213 Y-8.387 E.02714
G1 X4.987 Y-8.387 E.17748
G1 X4.987 Y-3.613 E.2245
G1 X1.213 Y-3.613 E.17748
G1 X1.213 Y-7.774 E.19567
SET_VELOCITY_LIMIT ACCEL=10000
G1 X1.79 Y-7.81 F30000
SET_VELOCITY_LIMIT ACCEL=5000
;TYPE:Outer wall
G1 F7200
G1 X4.41 Y-7.81 E.1232
G1 X4.41 Y-4.19 E.17023
G1 X1.79 Y-4.19 E.1232
G1 X1.79 Y-7.774 E.16854
SET_VELOCITY_LIMIT ACCEL=10000
G1 E-1.2 F2100
;WIPE_START
G1 F7200
G1 X3.79 Y-7.801
;WIPE_END
G1 X7.89 Y-3.613 Z2.8 F30000
G1 Z2.4
G1 E1.2 F2100
SET_VELOCITY_LIMIT ACCEL=5000
;TYPE:Inner wall
G1 F9000
G1 X7.313 Y-3.613 E.02714
G1 X7.313 Y-8.387 E.2245
G1 X11.087 Y-8.387 E.17748
G1 X11.087 Y-3.613 E.2245
G1 X7.926 Y-3.613 E.14865
SET_VELOCITY_LIMIT ACCEL=10000
G1 X7.89 Y-4.19 F30000
SET_VELOCITY_LIMIT ACCEL=5000
;TYPE:Outer wall
G1 F7200
G1 X7.89 Y-7.81 E.17023
G1 X10.51 Y-7.81 E.1232
G1 X10.51 Y-4.19 E.17023
G1 X7.926 Y-4.19 E.12151
SET_VELOCITY_LIMIT ACCEL=10000
G1 E-1.2 F2100
;WIPE_START
G1 F7200
G1 X7.906 Y-6.19
;WIPE_END
G1 X13.413 Y-7.81 Z2.8 F30000
G1 Z2.4
G1 E1.2 F2100
SET_VELOCITY_LIMIT ACCEL=5000
;TYPE:Inner wall
G1 F9000
G1 X13.413 Y-8.387 E.02714
G1 X17.187 Y-8.387 E.17748
G1 X17.187 Y-3.613 E.2245
G1 X13.413 Y-3.613 E.17748
G1 X13.413 Y-7.774 E.19567
SET_VELOCITY_LIMIT ACCEL=10000
G1 X13.99 Y-7.81 F30000
SET_VELOCITY_LIMIT ACCEL=5000
;TYPE:Outer wall
G1 F7200
G1 X16.61 Y-7.81 E.1232
G1 X16.61 Y-4.19 E.17023
G1 X13.99 Y-4.19 E.1232
G1 X13.99 Y-7.774 E.16854
SET_VELOCITY_LIMIT ACCEL=10000
G1 E-1.2 F2100
;WIPE_START
G1 F7200
G1 X15.99 Y-7.801
;WIPE_END
G1 X19.513 Y-7.81 Z2.8 F30000
G1 Z2.4
G1 E1.2 F2100
SET_VELOCITY_LIMIT ACCEL=5000
;TYPE:Inner wall
G1 F9000
G1 X19.513 Y-8.387 E.02714
G1 X23.287 Y-8.387 E.17748
G1 X23.287 Y-3.613 E.2245
G1 X19.513 Y-3.613 E.17748
G1 X19.513 Y-7.774 E.19567
SET_VELOCITY_LIMIT ACCEL=10000
G1 X20.09 Y-7.81 F30000
SET_VELOCITY_LIMIT ACCEL=5000
;TYPE:Outer wall
G1 F7200
G1 X22.71 Y-7.81 E.1232
G1 X22.71 Y-4.19 E.17023
G1 X20.09 Y-4.19 E.1232
G1 X20.09 Y-7.774 E.16854
SET_VELOCITY_LIMIT ACCEL=10000
G1 E-1.2 F2100
;WIPE_START
G1 F7200
G1 X22.09 Y-7.801
;WIPE_END
G1 X26.19 Y-3.613 Z2.8 F30000
G1 Z2.4
G1 E1.2 F2100
SET_VELOCITY_LIMIT ACCEL=5000
;TYPE:Inner wall
G1 F9000
G1 X25.613 Y-3.613 E.02714
G1 X25.613 Y-8.387 E.2245
G1 X29.387 Y-8.387 E.17748
G1 X29.387 Y-3.613 E.2245
G1 X26.226 Y-3.613 E.14865
SET_VELOCITY_LIMIT ACCEL=10000
G1 X26.19 Y-4.19 F30000
SET_VELOCITY_LIMIT ACCEL=5000
;TYPE:Outer wall
G1 F7200
G1 X26.19 Y-7.81 E.17023
G1 X28.81 Y-7.81 E.1232
G1 X28.81 Y-4.19 E.17023
G1 X26.226 Y-4.19 E.12151
SET_VELOCITY_LIMIT ACCEL=10000
G1 E-1.2 F2100
;WIPE_START
G1 F7200
G1 X26.206 Y-6.19
;WIPE_END
G1 X18.584 Y-6.586 Z2.8 F30000
G1 X-4.987 Y-7.81 Z2.8
G1 Z2.4
G1 E1.2 F2100
SET_VELOCITY_LIMIT ACCEL=5000
;TYPE:Inner wall
G1 F9000
G1 X-4.987 Y-8.387 E.02714
G1 X-1.213 Y-8.387 E.17748
G1 X-1.213 Y-3.613 E.2245
G1 X-4.987 Y-3.613 E.17748
G1 X-4.987 Y-7.774 E.19567
SET_VELOCITY_LIMIT ACCEL=10000
G1 X-4.41 Y-7.81 F30000
SET_VELOCITY_LIMIT ACCEL=5000
;TYPE:Outer wall
G1 F7200
G1 X-1.79 Y-7.81 E.1232
G1 X-1.79 Y-4.19 E.17023
G1 X-4.41 Y-4.19 E.1232
G1 X-4.41 Y-7.774 E.16854
SET_VELOCITY_LIMIT ACCEL=10000
G1 E-1.2 F2100
;WIPE_START
G1 F7200
G1 X-2.41 Y-7.801
;WIPE_END
G1 X-10.043 Y-7.809 Z2.8 F30000
G1 X-11.087 Y-7.81 Z2.8
G1 Z2.4
G1 E1.2 F2100
SET_VELOCITY_LIMIT ACCEL=5000
;TYPE:Inner wall
G1 F9000
G1 X-11.087 Y-8.387 E.02714
G1 X-7.313 Y-8.387 E.17748
G1 X-7.313 Y-3.613 E.2245
G1 X-11.087 Y-3.613 E.17748
G1 X-11.087 Y-7.774 E.19567
SET_VELOCITY_LIMIT ACCEL=10000
G1 X-10.51 Y-7.81 F30000
SET_VELOCITY_LIMIT ACCEL=5000
;TYPE:Outer wall
G1 F7200
G1 X-7.89 Y-7.81 E.1232
G1 X-7.89 Y-4.19 E.17023
G1 X-10.51 Y-4.19 E.1232
G1 X-10.51 Y-7.774 E.16854
SET_VELOCITY_LIMIT ACCEL=10000
G1 E-1.2 F2100
;WIPE_START
G1 F7200
G1 X-8.51 Y-7.801
;WIPE_END
G1 X-15.387 Y-4.491 Z2.8 F30000
G1 X-17.21 Y-3.613 Z2.8
G1 Z2.4
G1 E1.2 F2100
SET_VELOCITY_LIMIT ACCEL=5000
;TYPE:Inner wall
G1 F9000
G1 X-17.787 Y-3.613 E.02714
G1 X-17.787 Y-8.387 E.2245
G1 X-14.013 Y-8.387 E.17748
G1 X-14.013 Y-3.613 E.2245
G1 X-17.174 Y-3.613 E.14865
SET_VELOCITY_LIMIT ACCEL=10000
G1 X-17.21 Y-4.19 F30000
SET_VELOCITY_LIMIT ACCEL=5000
;TYPE:Outer wall
G1 F7200
G1 X-17.21 Y-7.81 E.17023
G1 X-14.59 Y-7.81 E.1232
G1 X-14.59 Y-4.19 E.17023
G1 X-17.174 Y-4.19 E.12151
SET_VELOCITY_LIMIT ACCEL=10000
G1 E-1.2 F2100
;WIPE_START
G1 F7200
G1 X-17.194 Y-6.19
;WIPE_END
G1 X-22.71 Y-3.613 Z2.8 F30000
G1 Z2.4
M73 P73 R2
G1 E1.2 F2100
SET_VELOCITY_LIMIT ACCEL=5000
;TYPE:Inner wall
G1 F9000
G1 X-23.287 Y-3.613 E.02714
G1 X-23.287 Y-8.387 E.2245
G1 X-19.513 Y-8.387 E.17748
G1 X-19.513 Y-3.613 E.2245
G1 X-22.674 Y-3.613 E.14865
SET_VELOCITY_LIMIT ACCEL=10000
G1 X-22.71 Y-4.19 F30000
SET_VELOCITY_LIMIT ACCEL=5000
;TYPE:Outer wall
G1 F7200
G1 X-22.71 Y-7.81 E.17023
G1 X-20.09 Y-7.81 E.1232
G1 X-20.09 Y-4.19 E.17023
G1 X-22.674 Y-4.19 E.12151
SET_VELOCITY_LIMIT ACCEL=10000
G1 E-1.2 F2100
;WIPE_START
G1 F7200
G1 X-22.694 Y-6.19
;WIPE_END
G1 X-28.81 Y-3.613 Z2.8 F30000
G1 Z2.4
G1 E1.2 F2100
SET_VELOCITY_LIMIT ACCEL=5000
;TYPE:Inner wall
G1 F9000
G1 X-29.387 Y-3.613 E.02714
G1 X-29.387 Y-8.387 E.2245
G1 X-25.613 Y-8.387 E.17748
G1 X-25.613 Y-3.613 E.2245
G1 X-28.774 Y-3.613 E.14865
SET_VELOCITY_LIMIT ACCEL=10000
G1 X-28.81 Y-4.19 F30000
SET_VELOCITY_LIMIT ACCEL=5000
;TYPE:Outer wall
G1 F7200
G1 X-28.81 Y-7.81 E.17023
G1 X-26.19 Y-7.81 E.1232
G1 X-26.19 Y-4.19 E.17023
G1 X-28.774 Y-4.19 E.12151
SET_VELOCITY_LIMIT ACCEL=10000
G1 E-1.2 F2100
;WIPE_START
G1 F7200
G1 X-28.794 Y-6.19
;WIPE_END
G1 X-21.192 Y-5.51 Z2.8 F30000
G1 X39.615 Y-.076 Z2.8
G1 Z2.4
G1 E1.2 F2100
SET_VELOCITY_LIMIT ACCEL=5000
;TYPE:Inner wall
G1 F9000
G1 X39.605 Y0 E.0036
G1 X39.687 Y.62 E.0294
G1 X39.926 Y1.197 E.0294
G1 X40.307 Y1.693 E.0294
G1 X40.803 Y2.074 E.0294
G1 X41.38 Y2.313 E.0294
G1 X42 Y2.395 E.0294
G1 X42.62 Y2.313 E.0294
G1 X43.197 Y2.074 E.0294
G1 X43.693 Y1.693 E.0294
G1 X43.878 Y1.453 E.01426
G1 X44.113 Y1.532 E.01167
G1 X44.113 Y9.113 E.35647
G1 X31.887 Y9.113 E.57492
G1 X31.887 Y3.613 E.25864
G1 X-31.887 Y3.613 E2.99896
G1 X-31.887 Y9.113 E.25864
G1 X-44.113 Y9.113 E.57492
G1 X-44.113 Y1.532 E.35647
G1 X-43.878 Y1.453 E.01167
G1 X-43.693 Y1.693 E.01426
G1 X-43.197 Y2.074 E.0294
G1 X-42.62 Y2.313 E.0294
G1 X-42 Y2.395 E.0294
G1 X-41.38 Y2.313 E.0294
G1 X-40.803 Y2.074 E.0294
G1 X-40.307 Y1.693 E.0294
G1 X-39.926 Y1.197 E.0294
G1 X-39.687 Y.62 E.0294
G1 X-39.605 Y0 E.0294
G1 X-39.687 Y-.62 E.0294
G1 X-39.926 Y-1.197 E.0294
G1 X-40.307 Y-1.693 E.0294
G1 X-40.803 Y-2.074 E.0294
G1 X-41.38 Y-2.313 E.0294
G1 X-42 Y-2.395 E.0294
G1 X-42.62 Y-2.313 E.0294
G1 X-43.197 Y-2.074 E.0294
G1 X-43.693 Y-1.693 E.0294
G1 X-43.878 Y-1.453 E.01426
G1 X-44.113 Y-1.532 E.01167
G1 X-44.113 Y-9.113 E.35647
G1 X44.113 Y-9.113 E4.14879
G1 X44.113 Y-1.532 E.35647
G1 X43.878 Y-1.453 E.01167
G1 X43.693 Y-1.693 E.01426
G1 X43.197 Y-2.074 E.0294
G1 X42.62 Y-2.313 E.0294
G1 X42 Y-2.395 E.0294
G1 X41.38 Y-2.313 E.0294
G1 X40.803 Y-2.074 E.0294
G1 X40.307 Y-1.693 E.0294
G1 X39.926 Y-1.197 E.0294
G1 X39.687 Y-.62 E.0294
G1 X39.62 Y-.112 E.0241
SET_VELOCITY_LIMIT ACCEL=10000
G1 E-1.2 F2100
;WIPE_START
G1 F9000
G1 X39.605 Y0
G1 X39.687 Y.62
G1 X39.926 Y1.197
G1 X40.307 Y1.693
G1 X40.316 Y1.701
;WIPE_END
G1 X43.052 Y-5.425 Z2.8 F30000
G1 X44.69 Y-9.69 Z2.8
G1 Z2.4
G1 E1.2 F2100
SET_VELOCITY_LIMIT ACCEL=5000
;TYPE:Outer wall
G1 F7200
G1 X44.69 Y9.69 E.91134
G1 X-44.69 Y9.69 E4.20307
G1 X-44.69 Y-9.69 E.91134
G1 X44.654 Y-9.69 E4.20137
SET_VELOCITY_LIMIT ACCEL=10000
G1 E-1.2 F2100
M73 P74 R2
;WIPE_START
G1 F7200
G1 X44.658 Y-7.69
;WIPE_END
G1 X44.128 Y-1.233 Z2.8 F30000
G1 Z2.4
G1 E1.2 F2100
;TYPE:Gap infill
;WIDTH:0.403463
G1 F9000
G1 X44.216 Y-.569 E.01968
G1 X44.234 Y-.294 E.00808
;WIDTH:0.359953
G1 X44.252 Y-.02 E.00711
;WIDTH:0.357717
G1 X44.234 Y.294 E.00806
;WIDTH:0.395946
G1 X44.216 Y.569 E.00792
;WIDTH:0.420458
G1 X44.128 Y1.233 E.02061
G1 X42.722 Y8.575 F30000
SET_VELOCITY_LIMIT ACCEL=7000
;TYPE:Internal solid infill
;WIDTH:0.542242
G1 F9000
G1 X43.575 Y8.575 E.03468
G1 X43.575 Y7.722 E.03468
G1 X42.748 Y8.549 E.04758
SET_VELOCITY_LIMIT ACCEL=10000
G1 X41.59 Y9.026 F30000
SET_VELOCITY_LIMIT ACCEL=7000
;WIDTH:0.620915
G1 F9000
G1 X43.767 Y6.85 E.14495
G1 X43.767 Y6.688 E.00766
G1 X43.74 Y6.661 E.00178
G1 X43.74 Y6.06 E.02832
G1 X41.033 Y8.767 E.18032
G1 X40.215 Y8.767 E.0385
G1 X43.74 Y5.242 E.23476
G1 X43.74 Y4.425 E.0385
G1 X39.398 Y8.767 E.28921
G1 X38.581 Y8.767 E.0385
G1 X43.74 Y3.607 E.34366
G1 X43.74 Y2.79 E.0385
G1 X37.763 Y8.767 E.3981
G1 X36.946 Y8.767 E.0385
G1 X43.168 Y2.544 E.41449
G1 X42.313 Y2.762 E.04158
G1 X42.15 Y2.745 E.00773
G1 X36.128 Y8.767 E.40107
G1 X35.311 Y8.767 E.0385
G1 X41.411 Y2.666 E.40633
G1 X41.29 Y2.65 E.00576
G1 X40.809 Y2.451 E.02452
G1 X34.493 Y8.767 E.42066
G1 X33.676 Y8.767 E.0385
G1 X40.31 Y2.133 E.44189
G1 X40.06 Y1.94 E.01487
G1 X39.897 Y1.728 E.01259
G1 X32.859 Y8.767 E.46882
G1 X32.233 Y8.767 E.02945
G1 X32.233 Y8.575 E.00905
G1 X39.569 Y1.239 E.4886
G1 X39.35 Y.71 E.02697
G1 X39.341 Y.649 E.00291
G1 X32.233 Y7.757 E.47346
G1 X32.233 Y6.94 E.0385
G1 X39.57 Y-.397 E.4887
SET_VELOCITY_LIMIT ACCEL=10000
G1 X42.418 Y-2.427 F30000
SET_VELOCITY_LIMIT ACCEL=7000
G1 F9000
G1 X43.767 Y-3.776 E.08986
G1 X43.767 Y-4.594 E.0385
G1 X41.603 Y-2.43 E.14413
SET_VELOCITY_LIMIT ACCEL=10000
G1 X44.026 Y-5.671 F30000
SET_VELOCITY_LIMIT ACCEL=7000
G1 F9000
G1 X32.233 Y6.122 E.78552
G1 X32.233 Y5.305 E.0385
G1 X43.767 Y-6.228 E.76822
G1 X43.767 Y-7.046 E.0385
G1 X32.233 Y4.488 E.76822
G1 X32.233 Y3.67 E.0385
G1 X43.767 Y-7.863 E.76822
G1 X43.767 Y-8.681 E.0385
G1 X31.819 Y3.267 E.79579
G1 X31.002 Y3.267 E.0385
G1 X43.035 Y-8.767 E.80152
G1 X42.218 Y-8.767 E.0385
G1 X30.185 Y3.267 E.80152
G1 X29.367 Y3.267 E.0385
G1 X41.401 Y-8.767 E.80152
G1 X40.583 Y-8.767 E.0385
G1 X28.55 Y3.267 E.80152
G1 X27.732 Y3.267 E.0385
G1 X39.766 Y-8.767 E.80152
G1 X38.948 Y-8.767 E.0385
G1 X26.915 Y3.267 E.80152
G1 X26.098 Y3.267 E.0385
G1 X38.131 Y-8.767 E.80152
G1 X37.313 Y-8.767 E.0385
G1 X25.28 Y3.267 E.80152
G1 X24.463 Y3.267 E.0385
G1 X36.496 Y-8.767 E.80152
G1 X35.679 Y-8.767 E.0385
G1 X23.645 Y3.267 E.80152
G1 X22.828 Y3.267 E.0385
G1 X34.861 Y-8.767 E.80152
G1 X34.044 Y-8.767 E.0385
G1 X29.76 Y-4.483 E.28533
G1 X29.76 Y-5.3 E.0385
G1 X33.226 Y-8.767 E.23089
G1 X32.409 Y-8.767 E.0385
G1 X29.76 Y-6.118 E.17644
G1 X29.76 Y-6.935 E.0385
G1 X31.592 Y-8.767 E.12199
G1 X30.774 Y-8.767 E.0385
G1 X29.5 Y-7.493 E.08484
SET_VELOCITY_LIMIT ACCEL=10000
G1 X28.777 Y-3.5 F30000
SET_VELOCITY_LIMIT ACCEL=7000
G1 F9000
G1 X22.01 Y3.267 E.45069
G1 X21.193 Y3.267 E.0385
G1 X27.7 Y-3.24 E.43339
G1 X26.882 Y-3.24 E.0385
G1 X20.376 Y3.267 E.43339
G1 X19.558 Y3.267 E.0385
M73 P75 R2
G1 X26.071 Y-3.246 E.43383
G1 X25.324 Y-3.273 E.03523
G1 X25.31 Y-3.302 E.00153
G1 X18.741 Y3.267 E.43754
G1 X17.923 Y3.267 E.0385
G1 X25.042 Y-3.852 E.47417
G1 X25 Y-3.925 E.00399
G1 X24.592 Y-3.517 E.02718
G1 X24.241 Y-3.868 E.02336
G1 X17.106 Y3.267 E.47523
G1 X16.289 Y3.267 E.0385
G1 X22.795 Y-3.24 E.43339
G1 X21.978 Y-3.24 E.0385
G1 X15.471 Y3.267 E.43339
G1 X14.654 Y3.267 E.0385
G1 X21.16 Y-3.24 E.43339
G1 X20.343 Y-3.24 E.0385
G1 X13.836 Y3.267 E.43339
G1 X13.019 Y3.267 E.0385
G1 X19.552 Y-3.267 E.43518
G1 X19.167 Y-3.267 E.01816
G1 X19.167 Y-3.698 E.02033
G1 X12.202 Y3.267 E.46393
G1 X11.384 Y3.267 E.0385
G1 X18.523 Y-3.873 E.47554
G1 X18.471 Y-3.925 E.00351
G1 X17.486 Y-2.94 E.06562
G1 X17.186 Y-3.24 E.01996
G1 X17.073 Y-3.24 E.0053
G1 X10.567 Y3.267 E.43339
G1 X9.749 Y3.267 E.0385
G1 X16.256 Y-3.24 E.43339
G1 X15.439 Y-3.24 E.0385
G1 X8.932 Y3.267 E.43339
G1 X8.115 Y3.267 E.0385
G1 X14.621 Y-3.24 E.43339
G1 X14.006 Y-3.24 E.02896
G1 X13.821 Y-3.257 E.00877
G1 X7.297 Y3.267 E.43454
G1 X6.48 Y3.267 E.0385
G1 X13.067 Y-3.32 E.43875
G1 X13.067 Y-3.432 E.00525
G1 X12.8 Y-3.871 E.0242
G1 X5.662 Y3.267 E.4754
G1 X4.845 Y3.267 E.0385
G1 X11.989 Y-3.878 E.47588
G1 X11.942 Y-3.925 E.00317
G1 X11.256 Y-3.24 E.04566
G1 X10.534 Y-3.24 E.03402
G1 X4.027 Y3.267 E.43339
G1 X3.21 Y3.267 E.0385
G1 X9.717 Y-3.24 E.43339
G1 X8.899 Y-3.24 E.0385
G1 X2.393 Y3.267 E.43339
G1 X1.575 Y3.267 E.0385
G1 X8.082 Y-3.24 E.43339
G1 X7.362 Y-3.24 E.03393
G1 X7.344 Y-3.267 E.0015
G1 X7.291 Y-3.267 E.00251
G1 X.758 Y3.267 E.43518
G1 X-.06 Y3.267 E.0385
G1 X6.966 Y-3.759 E.46797
G1 X6.328 Y-3.827 E.03025
G1 X6.272 Y-3.882 E.00369
G1 X-.877 Y3.267 E.47618
G1 X-1.694 Y3.267 E.0385
G1 X4.812 Y-3.24 E.43339
G1 X3.995 Y-3.24 E.0385
G1 X-2.512 Y3.267 E.43339
G1 X-3.329 Y3.267 E.0385
G1 X3.177 Y-3.24 E.43339
G1 X2.36 Y-3.24 E.0385
G1 X-4.147 Y3.267 E.43339
G1 X-4.964 Y3.267 E.0385
G1 X1.569 Y-3.267 E.43518
G1 X.867 Y-3.267 E.0331
G1 X.866 Y-3.381 E.00537
G1 X-5.781 Y3.267 E.44278
G1 X-6.599 Y3.267 E.0385
G1 X.84 Y-4.172 E.49548
G1 X.84 Y-4.249 E.00363
G1 X-.469 Y-2.94 E.08718
G1 X-.769 Y-3.24 E.01996
G1 X-.91 Y-3.24 E.00665
G1 X-7.416 Y3.267 E.43339
G1 X-8.234 Y3.267 E.0385
G1 X-1.727 Y-3.24 E.43339
G1 X-2.544 Y-3.24 E.0385
G1 X-9.051 Y3.267 E.43339
G1 X-9.868 Y3.267 E.0385
G1 X-3.362 Y-3.24 E.43339
G1 X-4.179 Y-3.24 E.0385
G1 X-10.686 Y3.267 E.43339
G1 X-11.503 Y3.267 E.0385
G1 X-4.97 Y-3.267 E.43518
G1 X-5.333 Y-3.267 E.01712
G1 X-5.337 Y-3.717 E.02123
G1 X-12.321 Y3.267 E.46519
G1 X-13.138 Y3.267 E.0385
G1 X-5.979 Y-3.892 E.47683
G1 X-6.013 Y-3.925 E.00222
G1 X-6.998 Y-2.94 E.06562
G1 X-7.297 Y-3.24 E.01996
G1 X-7.449 Y-3.24 E.00713
G1 X-13.955 Y3.267 E.43339
G1 X-14.773 Y3.267 E.0385
G1 X-8.266 Y-3.24 E.43339
G1 X-9.084 Y-3.24 E.0385
G1 X-15.59 Y3.267 E.43339
G1 X-16.408 Y3.267 E.0385
G1 X-9.901 Y-3.24 E.43339
G1 X-10.703 Y-3.256 E.03776
G1 X-17.225 Y3.267 E.43445
G1 X-18.043 Y3.267 E.0385
G1 X-11.46 Y-3.316 E.43844
G1 X-11.46 Y-4.133 E.0385
G1 X-18.86 Y3.267 E.49289
G1 X-19.677 Y3.267 E.0385
G1 X-11.46 Y-4.951 E.54734
G1 X-11.46 Y-5.007 E.00265
G1 X-13.527 Y-2.94 E.13765
G1 X-13.826 Y-3.24 E.01996
G1 X-13.988 Y-3.24 E.00762
G1 X-20.495 Y3.267 E.43339
G1 X-21.312 Y3.267 E.0385
G1 X-14.806 Y-3.24 E.43339
G1 X-15.623 Y-3.24 E.0385
M73 P76 R2
G1 X-22.13 Y3.267 E.43339
G1 X-22.947 Y3.267 E.0385
G1 X-16.44 Y-3.24 E.43339
G1 X-17.258 Y-3.24 E.0385
G1 X-23.764 Y3.267 E.43339
G1 X-24.582 Y3.267 E.0385
G1 X-18.048 Y-3.267 E.43518
G1 X-18.133 Y-3.267 E.004
G1 X-18.133 Y-3.645 E.01782
G1 X-18.237 Y-3.895 E.01277
G1 X-25.399 Y3.267 E.47706
G1 X-26.217 Y3.267 E.0385
G1 X-19.71 Y-3.24 E.43339
G1 X-20.527 Y-3.24 E.0385
G1 X-27.034 Y3.267 E.43339
G1 X-27.851 Y3.267 E.0385
G1 X-21.345 Y-3.24 E.43339
G1 X-22.162 Y-3.24 E.0385
G1 X-28.669 Y3.267 E.43339
G1 X-29.486 Y3.267 E.0385
G1 X-22.953 Y-3.267 E.43518
G1 X-23.633 Y-3.267 E.03205
G1 X-23.633 Y-3.404 E.00645
G1 X-30.304 Y3.267 E.4443
G1 X-31.121 Y3.267 E.0385
G1 X-23.764 Y-4.09 E.49001
SET_VELOCITY_LIMIT ACCEL=10000
G1 E-1.2 F2100
;WIPE_START
G1 F9000
G1 X-25.179 Y-2.676
;WIPE_END
G1 X-29.698 Y3.475 Z2.8 F30000
G1 X-31.974 Y6.571 Z2.8
G1 Z2.4
G1 E1.2 F2100
SET_VELOCITY_LIMIT ACCEL=7000
G1 F9000
G1 X-34.169 Y8.767 E.14622
G1 X-34.986 Y8.767 E.0385
G1 X-32.233 Y6.014 E.18337
G1 X-32.233 Y5.196 E.0385
G1 X-35.804 Y8.767 E.23781
G1 X-36.621 Y8.767 E.0385
G1 X-31.974 Y4.119 E.30956
SET_VELOCITY_LIMIT ACCEL=10000
G1 X-37.698 Y9.026 F30000
SET_VELOCITY_LIMIT ACCEL=7000
G1 F9000
G1 X-24.581 Y-4.091 E.8737
SET_VELOCITY_LIMIT ACCEL=10000
G1 X-25.99 Y-3.5 F30000
SET_VELOCITY_LIMIT ACCEL=7000
G1 F9000
G1 X-38.256 Y8.767 E.81704
G1 X-39.073 Y8.767 E.0385
G1 X-27.067 Y-3.24 E.79974
G1 X-27.884 Y-3.24 E.0385
G1 X-39.891 Y8.767 E.79974
G1 X-40.708 Y8.767 E.0385
G1 X-28.702 Y-3.24 E.79974
G1 X-29.372 Y-3.24 E.0316
G1 X-29.387 Y-3.267 E.00145
G1 X-29.492 Y-3.267 E.00494
G1 X-41.526 Y8.767 E.80152
G1 X-42.343 Y8.767 E.0385
G1 X-29.733 Y-3.843 E.83991
G1 X-29.733 Y-4.66 E.0385
G1 X-43.16 Y8.767 E.89435
G1 X-43.767 Y8.767 E.02856
G1 X-43.767 Y8.556 E.00994
G1 X-29.733 Y-5.478 E.93474
G1 X-29.733 Y-6.295 E.0385
G1 X-43.767 Y7.738 E.93474
G1 X-43.767 Y6.921 E.0385
G1 X-29.733 Y-7.113 E.93474
G1 X-29.733 Y-7.93 E.0385
G1 X-43.767 Y6.103 E.93474
G1 X-43.767 Y5.286 E.0385
G1 X-30.022 Y-8.459 E.91552
G1 X-30.022 Y-8.767 E.0145
G1 X-30.531 Y-8.767 E.024
G1 X-39.261 Y-.037 E.58146
G1 X-39.366 Y-.75 E.03392
G1 X-31.349 Y-8.767 E.534
G1 X-32.166 Y-8.767 E.0385
G1 X-39.605 Y-1.328 E.4955
G1 X-39.951 Y-1.799 E.02754
G1 X-32.984 Y-8.767 E.46411
G1 X-33.801 Y-8.767 E.0385
G1 X-40.381 Y-2.187 E.43828
G1 X-40.628 Y-2.376 E.01467
G1 X-40.897 Y-2.488 E.01373
G1 X-34.618 Y-8.767 E.41822
G1 X-35.436 Y-8.767 E.0385
G1 X-41.522 Y-2.681 E.40536
G1 X-42 Y-2.744 E.02273
G1 X-42.318 Y-2.702 E.0151
G1 X-36.253 Y-8.767 E.40395
G1 X-37.071 Y-8.767 E.0385
G1 X-43.767 Y-2.073 E.44592
G1 X-43.767 Y-2.888 E.03837
G1 X-37.888 Y-8.767 E.39156
G1 X-38.706 Y-8.767 E.0385
G1 X-43.767 Y-3.706 E.33712
G1 X-43.767 Y-4.523 E.0385
G1 X-39.523 Y-8.767 E.28267
G1 X-40.34 Y-8.767 E.0385
G1 X-43.767 Y-5.34 E.22822
G1 X-43.767 Y-6.158 E.0385
G1 X-41.158 Y-8.767 E.17378
G1 X-41.975 Y-8.767 E.0385
G1 X-43.767 Y-6.975 E.11933
G1 X-43.767 Y-7.793 E.0385
G1 X-42.533 Y-9.026 E.08218
SET_VELOCITY_LIMIT ACCEL=10000
G1 E-1.2 F2100
;WIPE_START
G1 F9000
G1 X-43.767 Y-7.793
G1 X-43.767 Y-7.537
M73 P77 R2
;WIPE_END
G1 X-42.254 Y-.056 Z2.8 F30000
G1 X-41.747 Y2.449 Z2.8
G1 Z2.4
G1 E1.2 F2100
SET_VELOCITY_LIMIT ACCEL=7000
G1 F9000
G1 X-43.767 Y4.469 E.13454
G1 X-43.767 Y3.651 E.0385
G1 X-42.75 Y2.634 E.06774
G1 X-43.328 Y2.395 E.02947
G1 X-44.026 Y3.093 E.04654
SET_VELOCITY_LIMIT ACCEL=10000
G1 X-44.128 Y1.233 F30000
;TYPE:Gap infill
;WIDTH:0.403463
G1 F9000
G1 X-44.216 Y.569 E.01968
G1 X-44.234 Y.294 E.00808
;WIDTH:0.359953
G1 X-44.252 Y.02 E.00711
;WIDTH:0.357717
G1 X-44.234 Y-.294 E.00806
;WIDTH:0.395946
G1 X-44.216 Y-.569 E.00792
;WIDTH:0.420458
G1 X-44.128 Y-1.233 E.02061
G1 X-43.569 Y-8.656 F30000
SET_VELOCITY_LIMIT ACCEL=7000
;TYPE:Internal solid infill
;WIDTH:0.55292
G1 F9000
G1 X-43.633 Y-8.656 E.00265
G1 X-43.665 Y-8.601 E.00265
G1 X-43.633 Y-8.546 E.00265
G1 X-43.569 Y-8.546 E.00265
G1 X-43.555 Y-8.57 E.00115
SET_VELOCITY_LIMIT ACCEL=10000
G1 X-29.676 Y-8.75 F30000
;TYPE:Gap infill
;WIDTH:0.191684
G1 F9000
G1 X-25.324 Y-8.75 E.05275
G1 X-23.576 Y-8.75 F30000
G1 F9000
G1 X-19.224 Y-8.75 E.05275
G1 X-18.076 Y-8.75 F30000
G1 F9000
G1 X-13.724 Y-8.75 E.05275
G1 X-11.376 Y-8.75 F30000
G1 F9000
G1 X-7.024 Y-8.75 E.05275
G1 X-5.276 Y-8.75 F30000
G1 F9000
G1 X-.924 Y-8.75 E.05275
G1 X.924 Y-8.75 F30000
G1 F9000
G1 X5.276 Y-8.75 E.05275
G1 X7.024 Y-8.75 F30000
G1 F9000
G1 X11.376 Y-8.75 E.05275
G1 X13.124 Y-8.75 F30000
G1 F9000
G1 X17.476 Y-8.75 E.05275
G1 X19.224 Y-8.75 F30000
G1 F9000
G1 X23.576 Y-8.75 E.05275
G1 X25.324 Y-8.75 F30000
G1 F9000
G1 X29.676 Y-8.75 E.05275
G1 E-1.2 F2100
;WIPE_START
G1 F9000
G1 X27.676 Y-8.75
;WIPE_END
G1 X23.864 Y-4.341 Z2.8 F30000
G1 Z2.4
G1 E1.2 F2100
SET_VELOCITY_LIMIT ACCEL=7000
;TYPE:Internal solid infill
;WIDTH:0.619999
G1 F9000
G1 X23.979 Y-4.456 E.00767
G1 X24.271 Y-4.527 E.01413
G1 X24.592 Y-4.252 E.01984
G1 X24.839 Y-4.491 E.0162
G1 X25.036 Y-4.461 E.00937
G1 X25.036 Y-8.077 E.17005
G1 X24.797 Y-8.204 E.01272
G1 X24.747 Y-8.366 E.00796
G1 X24.747 Y-8.536 E.00801
G1 X24.153 Y-8.536 E.02796
G1 X24.144 Y-8.296 E.01127
G1 X24.057 Y-8.151 E.00795
G1 X23.864 Y-8.077 E.00974
G1 X23.864 Y-4.377 E.17402
SET_VELOCITY_LIMIT ACCEL=10000
G1 X24.45 Y-5.085 F30000
SET_VELOCITY_LIMIT ACCEL=7000
;WIDTH:0.637524
G1 F9000
G1 X24.45 Y-7.681 E.12578
SET_VELOCITY_LIMIT ACCEL=10000
G1 E-1.2 F2100
;WIPE_START
G1 F9000
G1 X24.45 Y-5.681
;WIPE_END
G1 X17.764 Y-3.953 Z2.8 F30000
G1 Z2.4
G1 E1.2 F2100
SET_VELOCITY_LIMIT ACCEL=7000
;WIDTH:0.619999
G1 F9000
G1 X18.267 Y-4.456 E.03342
G1 X18.431 Y-4.538 E.00863
G1 X18.675 Y-4.456 E.01209
G1 X18.84 Y-4.312 E.01029
G1 X18.936 Y-4.296 E.00459
G1 X18.936 Y-8.077 E.17783
G1 X18.697 Y-8.204 E.01272
G1 X18.647 Y-8.366 E.00796
G1 X18.647 Y-8.536 E.00801
G1 X18.053 Y-8.536 E.02796
G1 X18.044 Y-8.296 E.01127
G1 X17.957 Y-8.151 E.00795
G1 X17.764 Y-8.077 E.00974
G1 X17.764 Y-3.989 E.19223
SET_VELOCITY_LIMIT ACCEL=10000
G1 X11.664 Y-4.382 F30000
SET_VELOCITY_LIMIT ACCEL=7000
G1 F9000
G1 X11.738 Y-4.456 E.0049
G1 X12.044 Y-4.522 E.01471
G1 X12.35 Y-4.252 E.0192
G1 X12.606 Y-4.497 E.01667
G1 X12.836 Y-4.46 E.01095
G1 X12.836 Y-8.077 E.17008
G1 X12.597 Y-8.204 E.01272
G1 X12.547 Y-8.366 E.00796
G1 X12.547 Y-8.536 E.00801
G1 X11.953 Y-8.536 E.02796
G1 X11.944 Y-8.296 E.01127
G1 X11.857 Y-8.151 E.00795
G1 X11.664 Y-8.077 E.00974
G1 X11.664 Y-4.418 E.17206
SET_VELOCITY_LIMIT ACCEL=10000
G1 X5.564 Y-3.995 F30000
SET_VELOCITY_LIMIT ACCEL=7000
G1 F9000
G1 X6.025 Y-4.456 E.03065
G1 X6.203 Y-4.539 E.00924
G1 X6.433 Y-4.456 E.01151
G1 X6.606 Y-4.32 E.01036
G1 X6.736 Y-4.306 E.00613
G1 X6.736 Y-8.077 E.17735
G1 X6.497 Y-8.204 E.01272
G1 X6.447 Y-8.366 E.00796
G1 X6.447 Y-8.536 E.00801
G1 X5.853 Y-8.536 E.02796
G1 X5.844 Y-8.296 E.01127
G1 X5.757 Y-8.151 E.00795
G1 X5.564 Y-8.077 E.00974
G1 X5.564 Y-4.031 E.19026
SET_VELOCITY_LIMIT ACCEL=10000
G1 X-.469 Y-3.675 F30000
SET_VELOCITY_LIMIT ACCEL=7000
G1 F9000
G1 X.636 Y-4.779 E.07347
G1 X.636 Y-8.077 E.15507
G1 X.399 Y-8.201 E.01258
G1 X.347 Y-8.366 E.0081
G1 X.347 Y-8.536 E.00801
G1 X-.347 Y-8.536 E.03266
G1 X-.362 Y-8.275 E.0123
G1 X-.437 Y-8.156 E.0066
G1 X-.636 Y-8.077 E.01005
G1 X-.636 Y-3.751 E.20343
G1 X-.502 Y-3.69 E.00694
SET_VELOCITY_LIMIT ACCEL=10000
G1 X-23.864 Y-4.461 F30000
SET_VELOCITY_LIMIT ACCEL=7000
G1 F9000
G1 X-23.864 Y-8.077 E.17007
G1 X-24.103 Y-8.204 E.01272
G1 X-24.153 Y-8.366 E.00796
G1 X-24.153 Y-8.536 E.00801
G1 X-24.747 Y-8.536 E.02796
G1 X-24.756 Y-8.296 E.01127
G1 X-24.843 Y-8.151 E.00795
G1 X-25.036 Y-8.077 E.00974
G1 X-25.036 Y-4.407 E.17257
G1 X-24.987 Y-4.456 E.00323
G1 X-24.636 Y-4.5 E.01665
G1 X-24.375 Y-4.252 E.01693
G1 X-24.114 Y-4.5 E.01693
G1 X-23.9 Y-4.466 E.01022
SET_VELOCITY_LIMIT ACCEL=10000
G1 X-18.363 Y-4.459 F30000
SET_VELOCITY_LIMIT ACCEL=7000
;WIDTH:0.617282
G1 F9000
G1 X-18.364 Y-8.077 E.16934
G1 X-18.581 Y-8.177 E.01116
G1 X-18.65 Y-8.341 E.00832
G1 X-18.719 Y-8.177 E.00832
G1 X-18.937 Y-8.076 E.01123
G1 X-18.937 Y-3.975 E.19195
G1 X-18.457 Y-4.455 E.03175
G1 X-18.399 Y-4.457 E.00275
SET_VELOCITY_LIMIT ACCEL=10000
G1 E-1.2 F2100
;WIPE_START
G1 F9000
G1 X-18.457 Y-4.455
G1 X-18.937 Y-3.975
G1 X-18.937 Y-5.238
;WIPE_END
G1 X-12.251 Y-5.781 Z2.8 F30000
G1 Z2.4
G1 E1.2 F2100
SET_VELOCITY_LIMIT ACCEL=7000
;WIDTH:0.640224
G1 F9000
G1 X-12.251 Y-7.757 E.09621
G1 X-12.379 Y-7.86 E.008
G1 X-12.407 Y-7.949 E.00451
G1 X-12.693 Y-7.949 E.01388
G1 X-12.775 Y-7.791 E.00868
G1 X-12.849 Y-7.757 E.00392
G1 X-12.849 Y-5.183 E.12529
G1 X-12.277 Y-5.755 E.03936
SET_VELOCITY_LIMIT ACCEL=10000
G1 X-11.664 Y-5.537 F30000
SET_VELOCITY_LIMIT ACCEL=7000
;WIDTH:0.619999
G1 F9000
G1 X-11.664 Y-8.077 E.11943
G1 X-11.9 Y-8.199 E.01248
G1 X-11.953 Y-8.366 E.00821
G1 X-11.953 Y-8.536 E.00801
G1 X-13.147 Y-8.536 E.05618
G1 X-13.147 Y-8.366 E.00801
G1 X-13.218 Y-8.176 E.00951
G1 X-13.436 Y-8.077 E.01125
G1 X-13.436 Y-3.766 E.20275
G1 X-11.69 Y-5.512 E.11613
SET_VELOCITY_LIMIT ACCEL=10000
G1 E-1.2 F2100
;WIPE_START
G1 F9000
G1 X-13.104 Y-4.098
;WIPE_END
G1 X-5.564 Y-4.293 Z2.8 F30000
G1 Z2.4
G1 E1.2 F2100
SET_VELOCITY_LIMIT ACCEL=7000
G1 F9000
G1 X-5.564 Y-8.077 E.17795
G1 X-5.803 Y-8.204 E.01272
G1 X-5.853 Y-8.366 E.00796
G1 X-5.853 Y-8.536 E.00801
G1 X-6.447 Y-8.536 E.02796
G1 X-6.456 Y-8.296 E.01127
G1 X-6.543 Y-8.151 E.00795
G1 X-6.736 Y-8.077 E.00974
G1 X-6.736 Y-3.937 E.1947
G1 X-6.217 Y-4.456 E.03452
G1 X-6.058 Y-4.537 E.00838
G1 X-5.809 Y-4.456 E.01233
G1 X-5.646 Y-4.309 E.01029
G1 X-5.599 Y-4.3 E.00223
SET_VELOCITY_LIMIT ACCEL=10000
G1 E-1.2 F2100
;WIPE_START
G1 F9000
G1 X-5.646 Y-4.309
G1 X-5.809 Y-4.456
G1 X-6.058 Y-4.537
G1 X-6.217 Y-4.456
G1 X-6.736 Y-3.937
G1 X-6.736 Y-4.496
;WIPE_END
G1 X-13.444 Y-.855 Z2.8 F30000
G1 X-31.599 Y9 Z2.8
G1 Z2.4
G1 E1.2 F2100
;TYPE:Gap infill
;WIDTH:0.84584
G1 F9000
G1 X31.599 Y9 E4.13485
;LAYER_CHANGE
;Z:2.6
;HEIGHT:0.2
;BEFORE_LAYER_CHANGE
;2.6
G1 E-1.2 F2100
;WIPE_START
G1 F9000
G1 X29.599 Y9
;WIPE_END
;AFTER_LAYER_CHANGE
;2.6
;_SET_FAN_SPEED_CHANGING_LAYER
G17
G3 Z3 I.455 J1.129 P1  F30000
G1 X31.31 Y8.31 Z3
M73 P77 R1
G1 Z2.6
G1 E1.2 F2100
SET_VELOCITY_LIMIT ACCEL=5000
;TYPE:Outer wall
;WIDTH:0.62
G1 F7200
G1 X-31.31 Y8.31 E2.94469
G1 X-31.31 Y4.19 E.19374
M73 P78 R1
G1 X31.31 Y4.19 E2.94469
G1 X31.31 Y8.274 E.19205
SET_VELOCITY_LIMIT ACCEL=10000
G1 E-1.2 F2100
;WIPE_START
G1 F7200
G1 X29.31 Y8.275
;WIPE_END
G1 X21.737 Y7.321 Z3 F30000
G1 X-43.569 Y-.907 Z3
G1 Z2.6
G1 E1.2 F2100
SET_VELOCITY_LIMIT ACCEL=5000
G1 F7200
G1 X-43.282 Y-1.282 E.0222
G1 X-42.906 Y-1.57 E.02225
G1 X-42.469 Y-1.751 E.02225
G1 X-42.364 Y-1.765 E.00499
G1 X-42 Y-1.813 E.01726
G1 X-41.531 Y-1.751 E.02225
G1 X-41.094 Y-1.57 E.02225
G1 X-40.718 Y-1.282 E.02225
G1 X-40.43 Y-.906 E.02225
G1 X-40.249 Y-.469 E.02225
G1 X-40.187 Y0 E.02225
G1 X-40.249 Y.469 E.02225
G1 X-40.43 Y.906 E.02225
G1 X-40.718 Y1.282 E.02225
G1 X-41.094 Y1.57 E.02225
G1 X-41.531 Y1.751 E.02225
G1 X-42 Y1.813 E.02225
G1 X-42.469 Y1.751 E.02225
G1 X-42.906 Y1.57 E.02225
G1 X-43.282 Y1.282 E.02225
G1 X-43.57 Y.906 E.02225
G1 X-43.751 Y.469 E.02225
G1 X-43.813 Y0 E.02225
G1 X-43.751 Y-.469 E.02225
G1 X-43.583 Y-.874 E.02062
SET_VELOCITY_LIMIT ACCEL=10000
G1 E-1.2 F2100
;WIPE_START
G1 F7200
G1 X-43.282 Y-1.282
G1 X-42.906 Y-1.57
G1 X-42.469 Y-1.751
G1 X-42.364 Y-1.765
G1 X-42 Y-1.813
G1 X-41.927 Y-1.803
;WIPE_END
G1 X-34.297 Y-1.636 Z3 F30000
G1 X40.187 Y-.001 Z3
G1 Z2.6
G1 E1.2 F2100
SET_VELOCITY_LIMIT ACCEL=5000
G1 F7200
G1 X40.249 Y-.469 E.0222
G1 X40.43 Y-.906 E.02225
G1 X40.718 Y-1.282 E.02225
G1 X41.094 Y-1.57 E.02225
G1 X41.531 Y-1.751 E.02225
G1 X41.636 Y-1.765 E.00499
G1 X42 Y-1.813 E.01726
G1 X42.469 Y-1.751 E.02225
G1 X42.906 Y-1.57 E.02225
G1 X43.282 Y-1.282 E.02225
G1 X43.57 Y-.906 E.02225
G1 X43.751 Y-.469 E.02225
G1 X43.813 Y0 E.02225
G1 X43.751 Y.469 E.02225
G1 X43.57 Y.906 E.02225
G1 X43.282 Y1.282 E.02225
G1 X42.906 Y1.57 E.02225
G1 X42.469 Y1.751 E.02225
G1 X42 Y1.813 E.02225
G1 X41.531 Y1.751 E.02225
G1 X41.094 Y1.57 E.02225
G1 X40.718 Y1.282 E.02225
G1 X40.43 Y.906 E.02225
G1 X40.249 Y.469 E.02225
G1 X40.192 Y.035 E.02061
SET_VELOCITY_LIMIT ACCEL=10000
G1 E-1.2 F2100
;WIPE_START
G1 F7200
G1 X40.249 Y-.469
G1 X40.43 Y-.906
G1 X40.718 Y-1.282
G1 X41.094 Y-1.57
G1 X41.162 Y-1.598
;WIPE_END
G1 X33.62 Y-2.771 Z3 F30000
G1 X1.213 Y-7.81 Z3
G1 Z2.6
G1 E1.2 F2100
SET_VELOCITY_LIMIT ACCEL=5000
;TYPE:Inner wall
G1 F9000
G1 X1.213 Y-8.387 E.02714
G1 X4.987 Y-8.387 E.17748
G1 X4.987 Y-3.613 E.2245
G1 X1.213 Y-3.613 E.17748
G1 X1.213 Y-7.774 E.19567
SET_VELOCITY_LIMIT ACCEL=10000
G1 X1.79 Y-7.81 F30000
SET_VELOCITY_LIMIT ACCEL=5000
;TYPE:Outer wall
G1 F7200
G1 X4.41 Y-7.81 E.1232
G1 X4.41 Y-4.19 E.17023
G1 X1.79 Y-4.19 E.1232
G1 X1.79 Y-7.774 E.16854
SET_VELOCITY_LIMIT ACCEL=10000
G1 E-1.2 F2100
;WIPE_START
G1 F7200
G1 X3.79 Y-7.801
;WIPE_END
G1 X7.89 Y-3.613 Z3 F30000
G1 Z2.6
G1 E1.2 F2100
SET_VELOCITY_LIMIT ACCEL=5000
;TYPE:Inner wall
G1 F9000
G1 X7.313 Y-3.613 E.02714
G1 X7.313 Y-8.387 E.2245
G1 X11.087 Y-8.387 E.17748
G1 X11.087 Y-3.613 E.2245
G1 X7.926 Y-3.613 E.14865
SET_VELOCITY_LIMIT ACCEL=10000
G1 X7.89 Y-4.19 F30000
SET_VELOCITY_LIMIT ACCEL=5000
;TYPE:Outer wall
G1 F7200
G1 X7.89 Y-7.81 E.17023
G1 X10.51 Y-7.81 E.1232
G1 X10.51 Y-4.19 E.17023
G1 X7.926 Y-4.19 E.12151
SET_VELOCITY_LIMIT ACCEL=10000
G1 E-1.2 F2100
;WIPE_START
G1 F7200
G1 X7.906 Y-6.19
;WIPE_END
G1 X13.413 Y-7.81 Z3 F30000
G1 Z2.6
G1 E1.2 F2100
SET_VELOCITY_LIMIT ACCEL=5000
;TYPE:Inner wall
G1 F9000
G1 X13.413 Y-8.387 E.02714
G1 X17.187 Y-8.387 E.17748
G1 X17.187 Y-3.613 E.2245
G1 X13.413 Y-3.613 E.17748
G1 X13.413 Y-7.774 E.19567
SET_VELOCITY_LIMIT ACCEL=10000
G1 X13.99 Y-7.81 F30000
SET_VELOCITY_LIMIT ACCEL=5000
;TYPE:Outer wall
G1 F7200
G1 X16.61 Y-7.81 E.1232
G1 X16.61 Y-4.19 E.17023
G1 X13.99 Y-4.19 E.1232
G1 X13.99 Y-7.774 E.16854
SET_VELOCITY_LIMIT ACCEL=10000
G1 E-1.2 F2100
;WIPE_START
G1 F7200
G1 X15.99 Y-7.801
;WIPE_END
G1 X19.513 Y-7.81 Z3 F30000
G1 Z2.6
G1 E1.2 F2100
SET_VELOCITY_LIMIT ACCEL=5000
;TYPE:Inner wall
G1 F9000
G1 X19.513 Y-8.387 E.02714
G1 X23.287 Y-8.387 E.17748
G1 X23.287 Y-3.613 E.2245
G1 X19.513 Y-3.613 E.17748
G1 X19.513 Y-7.774 E.19567
SET_VELOCITY_LIMIT ACCEL=10000
G1 X20.09 Y-7.81 F30000
SET_VELOCITY_LIMIT ACCEL=5000
;TYPE:Outer wall
G1 F7200
G1 X22.71 Y-7.81 E.1232
G1 X22.71 Y-4.19 E.17023
G1 X20.09 Y-4.19 E.1232
G1 X20.09 Y-7.774 E.16854
SET_VELOCITY_LIMIT ACCEL=10000
G1 E-1.2 F2100
;WIPE_START
G1 F7200
G1 X22.09 Y-7.801
;WIPE_END
G1 X26.19 Y-3.613 Z3 F30000
G1 Z2.6
G1 E1.2 F2100
SET_VELOCITY_LIMIT ACCEL=5000
;TYPE:Inner wall
G1 F9000
G1 X25.613 Y-3.613 E.02714
G1 X25.613 Y-8.387 E.2245
G1 X29.387 Y-8.387 E.17748
G1 X29.387 Y-3.613 E.2245
G1 X26.226 Y-3.613 E.14865
SET_VELOCITY_LIMIT ACCEL=10000
G1 X26.19 Y-4.19 F30000
SET_VELOCITY_LIMIT ACCEL=5000
;TYPE:Outer wall
G1 F7200
G1 X26.19 Y-7.81 E.17023
G1 X28.81 Y-7.81 E.1232
M73 P79 R1
G1 X28.81 Y-4.19 E.17023
G1 X26.226 Y-4.19 E.12151
SET_VELOCITY_LIMIT ACCEL=10000
G1 E-1.2 F2100
;WIPE_START
G1 F7200
G1 X26.206 Y-6.19
;WIPE_END
G1 X18.584 Y-6.586 Z3 F30000
G1 X-4.987 Y-7.81 Z3
G1 Z2.6
G1 E1.2 F2100
SET_VELOCITY_LIMIT ACCEL=5000
;TYPE:Inner wall
G1 F9000
G1 X-4.987 Y-8.387 E.02714
G1 X-1.213 Y-8.387 E.17748
G1 X-1.213 Y-3.613 E.2245
G1 X-4.987 Y-3.613 E.17748
G1 X-4.987 Y-7.774 E.19567
SET_VELOCITY_LIMIT ACCEL=10000
G1 X-4.41 Y-7.81 F30000
SET_VELOCITY_LIMIT ACCEL=5000
;TYPE:Outer wall
G1 F7200
G1 X-1.79 Y-7.81 E.1232
G1 X-1.79 Y-4.19 E.17023
G1 X-4.41 Y-4.19 E.1232
G1 X-4.41 Y-7.774 E.16854
SET_VELOCITY_LIMIT ACCEL=10000
G1 E-1.2 F2100
;WIPE_START
G1 F7200
G1 X-2.41 Y-7.801
;WIPE_END
G1 X-10.043 Y-7.809 Z3 F30000
G1 X-11.087 Y-7.81 Z3
G1 Z2.6
G1 E1.2 F2100
SET_VELOCITY_LIMIT ACCEL=5000
;TYPE:Inner wall
G1 F9000
G1 X-11.087 Y-8.387 E.02714
G1 X-7.313 Y-8.387 E.17748
G1 X-7.313 Y-3.613 E.2245
G1 X-11.087 Y-3.613 E.17748
G1 X-11.087 Y-7.774 E.19567
SET_VELOCITY_LIMIT ACCEL=10000
G1 X-10.51 Y-7.81 F30000
SET_VELOCITY_LIMIT ACCEL=5000
;TYPE:Outer wall
G1 F7200
G1 X-7.89 Y-7.81 E.1232
G1 X-7.89 Y-4.19 E.17023
G1 X-10.51 Y-4.19 E.1232
G1 X-10.51 Y-7.774 E.16854
SET_VELOCITY_LIMIT ACCEL=10000
G1 E-1.2 F2100
;WIPE_START
G1 F7200
G1 X-8.51 Y-7.801
;WIPE_END
G1 X-15.387 Y-4.491 Z3 F30000
G1 X-17.21 Y-3.613 Z3
G1 Z2.6
G1 E1.2 F2100
SET_VELOCITY_LIMIT ACCEL=5000
;TYPE:Inner wall
G1 F9000
G1 X-17.787 Y-3.613 E.02714
G1 X-17.787 Y-8.387 E.2245
G1 X-14.013 Y-8.387 E.17748
G1 X-14.013 Y-3.613 E.2245
G1 X-17.174 Y-3.613 E.14865
SET_VELOCITY_LIMIT ACCEL=10000
G1 X-17.21 Y-4.19 F30000
SET_VELOCITY_LIMIT ACCEL=5000
;TYPE:Outer wall
G1 F7200
G1 X-17.21 Y-7.81 E.17023
G1 X-14.59 Y-7.81 E.1232
G1 X-14.59 Y-4.19 E.17023
G1 X-17.174 Y-4.19 E.12151
SET_VELOCITY_LIMIT ACCEL=10000
G1 E-1.2 F2100
;WIPE_START
G1 F7200
G1 X-17.194 Y-6.19
;WIPE_END
G1 X-22.71 Y-3.613 Z3 F30000
G1 Z2.6
G1 E1.2 F2100
SET_VELOCITY_LIMIT ACCEL=5000
;TYPE:Inner wall
G1 F9000
G1 X-23.287 Y-3.613 E.02714
G1 X-23.287 Y-8.387 E.2245
G1 X-19.513 Y-8.387 E.17748
G1 X-19.513 Y-3.613 E.2245
G1 X-22.674 Y-3.613 E.14865
SET_VELOCITY_LIMIT ACCEL=10000
G1 X-22.71 Y-4.19 F30000
SET_VELOCITY_LIMIT ACCEL=5000
;TYPE:Outer wall
G1 F7200
G1 X-22.71 Y-7.81 E.17023
G1 X-20.09 Y-7.81 E.1232
G1 X-20.09 Y-4.19 E.17023
G1 X-22.674 Y-4.19 E.12151
SET_VELOCITY_LIMIT ACCEL=10000
G1 E-1.2 F2100
;WIPE_START
G1 F7200
G1 X-22.694 Y-6.19
;WIPE_END
G1 X-28.81 Y-3.613 Z3 F30000
G1 Z2.6
G1 E1.2 F2100
SET_VELOCITY_LIMIT ACCEL=5000
;TYPE:Inner wall
G1 F9000
G1 X-29.387 Y-3.613 E.02714
G1 X-29.387 Y-8.387 E.2245
G1 X-25.613 Y-8.387 E.17748
G1 X-25.613 Y-3.613 E.2245
G1 X-28.774 Y-3.613 E.14865
SET_VELOCITY_LIMIT ACCEL=10000
G1 X-28.81 Y-4.19 F30000
SET_VELOCITY_LIMIT ACCEL=5000
;TYPE:Outer wall
G1 F7200
G1 X-28.81 Y-7.81 E.17023
G1 X-26.19 Y-7.81 E.1232
G1 X-26.19 Y-4.19 E.17023
G1 X-28.774 Y-4.19 E.12151
SET_VELOCITY_LIMIT ACCEL=10000
G1 E-1.2 F2100
;WIPE_START
G1 F7200
G1 X-28.794 Y-6.19
;WIPE_END
G1 X-21.192 Y-5.511 Z3 F30000
G1 X39.615 Y-.076 Z3
G1 Z2.6
G1 E1.2 F2100
SET_VELOCITY_LIMIT ACCEL=5000
;TYPE:Inner wall
G1 F9000
G1 X39.605 Y0 E.00363
G1 X39.687 Y.62 E.0294
G1 X39.926 Y1.197 E.0294
G1 X40.307 Y1.693 E.0294
G1 X40.803 Y2.074 E.0294
G1 X41.38 Y2.313 E.0294
G1 X42 Y2.395 E.0294
G1 X42.62 Y2.313 E.0294
G1 X43.197 Y2.074 E.0294
G1 X43.693 Y1.693 E.0294
G1 X43.878 Y1.453 E.01426
G1 X44.113 Y1.532 E.01167
G1 X44.113 Y9.113 E.35647
G1 X31.887 Y9.113 E.57492
G1 X31.887 Y3.613 E.25864
G1 X-31.887 Y3.613 E2.99896
G1 X-31.887 Y9.113 E.25864
G1 X-44.113 Y9.113 E.57492
G1 X-44.113 Y1.532 E.35647
G1 X-43.878 Y1.453 E.01167
G1 X-43.693 Y1.693 E.01426
G1 X-43.197 Y2.074 E.0294
G1 X-42.62 Y2.313 E.0294
G1 X-42 Y2.395 E.0294
G1 X-41.38 Y2.313 E.0294
G1 X-40.803 Y2.074 E.0294
G1 X-40.307 Y1.693 E.0294
G1 X-39.926 Y1.197 E.0294
G1 X-39.687 Y.62 E.0294
G1 X-39.605 Y0 E.0294
G1 X-39.687 Y-.62 E.0294
G1 X-39.926 Y-1.197 E.0294
G1 X-40.307 Y-1.693 E.0294
G1 X-40.803 Y-2.074 E.0294
G1 X-41.38 Y-2.313 E.0294
G1 X-42 Y-2.395 E.0294
G1 X-42.62 Y-2.313 E.0294
G1 X-43.197 Y-2.074 E.0294
G1 X-43.693 Y-1.693 E.0294
G1 X-43.878 Y-1.453 E.01426
G1 X-44.113 Y-1.532 E.01167
G1 X-44.113 Y-9.113 E.35647
G1 X44.113 Y-9.113 E4.14879
G1 X44.113 Y-1.532 E.35647
M73 P80 R1
G1 X43.878 Y-1.453 E.01167
G1 X43.693 Y-1.693 E.01426
G1 X43.197 Y-2.074 E.0294
G1 X42.62 Y-2.313 E.0294
G1 X42 Y-2.395 E.0294
G1 X41.38 Y-2.313 E.0294
G1 X40.803 Y-2.074 E.0294
G1 X40.307 Y-1.693 E.0294
G1 X39.926 Y-1.197 E.0294
G1 X39.687 Y-.62 E.0294
G1 X39.62 Y-.112 E.02408
SET_VELOCITY_LIMIT ACCEL=10000
G1 E-1.2 F2100
;WIPE_START
G1 F9000
G1 X39.605 Y0
G1 X39.687 Y.62
G1 X39.926 Y1.197
G1 X40.307 Y1.693
G1 X40.316 Y1.7
;WIPE_END
G1 X43.052 Y-5.425 Z3 F30000
G1 X44.69 Y-9.69 Z3
G1 Z2.6
G1 E1.2 F2100
SET_VELOCITY_LIMIT ACCEL=5000
;TYPE:Outer wall
G1 F7200
G1 X44.69 Y9.69 E.91134
G1 X-44.69 Y9.69 E4.20307
G1 X-44.69 Y-9.69 E.91134
G1 X44.654 Y-9.69 E4.20137
SET_VELOCITY_LIMIT ACCEL=10000
G1 E-1.2 F2100
;WIPE_START
G1 F7200
G1 X44.658 Y-7.69
;WIPE_END
G1 X42.722 Y-8.575 Z3 F30000
G1 Z2.6
G1 E1.2 F2100
SET_VELOCITY_LIMIT ACCEL=7000
;TYPE:Internal solid infill
;WIDTH:0.542243
G1 F9000
G1 X43.575 Y-7.722 E.04905
G1 X43.575 Y-8.575 E.03468
G1 X42.758 Y-8.575 E.03322
SET_VELOCITY_LIMIT ACCEL=10000
G1 X44.128 Y-1.233 F30000
;TYPE:Gap infill
;WIDTH:0.403463
G1 F9000
G1 X44.216 Y-.569 E.01968
G1 X44.234 Y-.294 E.00808
;WIDTH:0.359953
G1 X44.252 Y-.02 E.00711
;WIDTH:0.357717
G1 X44.234 Y.294 E.00806
;WIDTH:0.395946
G1 X44.216 Y.569 E.00792
;WIDTH:0.420458
G1 X44.128 Y1.233 E.02061
G1 X42.418 Y2.427 F30000
SET_VELOCITY_LIMIT ACCEL=7000
;TYPE:Internal solid infill
;WIDTH:0.620915
G1 F9000
G1 X43.767 Y3.776 E.08986
G1 X43.767 Y4.594 E.0385
G1 X41.603 Y2.43 E.14413
SET_VELOCITY_LIMIT ACCEL=10000
G1 E-1.2 F2100
;WIPE_START
G1 F9000
G1 X43.017 Y3.844
;WIPE_END
G1 X43.752 Y-3.753 Z3 F30000
G1 X44.026 Y-6.59 Z3
G1 Z2.6
G1 E1.2 F2100
SET_VELOCITY_LIMIT ACCEL=7000
G1 F9000
G1 X41.85 Y-8.767 E.14495
G1 X41.033 Y-8.767 E.0385
G1 X43.74 Y-6.06 E.18032
G1 X43.74 Y-5.242 E.0385
G1 X40.215 Y-8.767 E.23477
G1 X39.398 Y-8.767 E.0385
G1 X43.74 Y-4.425 E.28921
G1 X43.74 Y-3.607 E.0385
G1 X38.581 Y-8.767 E.34366
G1 X37.763 Y-8.767 E.0385
G1 X43.74 Y-2.79 E.3981
G1 X43.74 Y-2.64 E.00705
G1 X43.373 Y-2.492 E.01863
G1 X43.168 Y-2.544 E.00996
G1 X36.946 Y-8.767 E.41449
G1 X36.128 Y-8.767 E.0385
G1 X42.15 Y-2.745 E.40107
G1 X42 Y-2.744 E.00704
G1 X41.411 Y-2.666 E.02798
G1 X35.311 Y-8.767 E.40633
G1 X34.493 Y-8.767 E.0385
G1 X40.809 Y-2.451 E.42066
G1 X40.628 Y-2.376 E.00922
G1 X40.31 Y-2.133 E.01887
G1 X33.676 Y-8.767 E.44189
G1 X32.859 Y-8.767 E.0385
G1 X39.897 Y-1.728 E.46882
G1 X39.624 Y-1.372 E.02115
G1 X39.569 Y-1.239 E.00677
G1 X32.041 Y-8.767 E.50139
G1 X31.224 Y-8.767 E.0385
G1 X39.341 Y-.649 E.5407
G1 X39.256 Y0 E.03083
G1 X39.269 Y.096 E.00454
G1 X30.406 Y-8.767 E.5903
G1 X30.022 Y-8.767 E.01811
G1 X30.022 Y-8.334 E.02039
G1 X43.767 Y5.411 E.91552
G1 X43.767 Y6.228 E.0385
G1 X29.733 Y-7.805 E.93474
G1 X29.733 Y-6.988 E.0385
G1 X43.767 Y7.046 E.93474
G1 X43.767 Y7.863 E.0385
M73 P81 R1
G1 X29.733 Y-6.17 E.93474
G1 X29.733 Y-5.353 E.0385
G1 X43.767 Y8.681 E.93474
G1 X43.767 Y8.767 E.00405
G1 X43.035 Y8.767 E.03445
G1 X29.733 Y-4.535 E.88603
G1 X29.733 Y-3.718 E.0385
G1 X42.218 Y8.767 E.83158
G1 X41.401 Y8.767 E.0385
G1 X29.367 Y-3.267 E.80152
G1 X29.231 Y-3.267 E.00641
G1 X29.203 Y-3.24 E.00183
G1 X28.577 Y-3.24 E.0295
G1 X40.583 Y8.767 E.79974
G1 X39.766 Y8.767 E.0385
G1 X27.759 Y-3.24 E.79974
G1 X26.942 Y-3.24 E.0385
G1 X38.948 Y8.767 E.79974
G1 X38.131 Y8.767 E.0385
G1 X26.124 Y-3.24 E.79974
G1 X25.942 Y-3.24 E.00859
G1 X25.642 Y-2.94 E.01996
G1 X24.657 Y-3.925 E.06562
G1 X24.639 Y-3.908 E.00119
G1 X37.313 Y8.767 E.84421
G1 X36.496 Y8.767 E.0385
G1 X32.233 Y4.504 E.28393
G1 X32.233 Y5.321 E.0385
G1 X35.679 Y8.767 E.22949
G1 X34.861 Y8.767 E.0385
G1 X32.233 Y6.139 E.17504
G1 X32.233 Y6.956 E.0385
G1 X34.044 Y8.767 E.1206
G1 X33.226 Y8.767 E.0385
G1 X31.974 Y7.514 E.08345
SET_VELOCITY_LIMIT ACCEL=10000
G1 X31.256 Y3.526 F30000
SET_VELOCITY_LIMIT ACCEL=7000
G1 F9000
G1 X23.912 Y-3.817 E.48913
G1 X23.791 Y-3.817 E.00571
G1 X23.587 Y-3.325 E.0251
G1 X30.179 Y3.267 E.43904
G1 X29.361 Y3.267 E.0385
G1 X22.855 Y-3.24 E.43339
G1 X22.037 Y-3.24 E.0385
G1 X28.544 Y3.267 E.43339
G1 X27.726 Y3.267 E.0385
G1 X21.22 Y-3.24 E.43339
G1 X20.402 Y-3.24 E.0385
G1 X26.909 Y3.267 E.43339
G1 X26.092 Y3.267 E.0385
G1 X19.585 Y-3.24 E.43339
G1 X19.413 Y-3.24 E.0081
G1 X19.113 Y-2.94 E.01996
G1 X18.128 Y-3.925 E.06562
G1 X18.105 Y-3.902 E.00153
G1 X25.274 Y3.267 E.47752
G1 X24.457 Y3.267 E.0385
G1 X17.534 Y-3.656 E.46113
G1 X17.533 Y-3.267 E.01835
G1 X17.106 Y-3.267 E.02013
G1 X23.639 Y3.267 E.43518
G1 X22.822 Y3.267 E.0385
G1 X16.315 Y-3.24 E.43339
G1 X15.498 Y-3.24 E.0385
G1 X22.005 Y3.267 E.43339
G1 X21.187 Y3.267 E.0385
G1 X14.681 Y-3.24 E.43339
G1 X13.863 Y-3.24 E.0385
G1 X20.37 Y3.267 E.43339
G1 X19.552 Y3.267 E.0385
G1 X12.388 Y-3.898 E.47722
G1 X12.307 Y-3.817 E.00539
G1 X11.651 Y-3.817 E.03088
G1 X18.735 Y3.267 E.47183
G1 X17.918 Y3.267 E.0385
G1 X11.384 Y-3.267 E.43518
G1 X11.322 Y-3.267 E.00295
G1 X11.31 Y-3.24 E.00137
G1 X10.594 Y-3.24 E.03377
G1 X17.1 Y3.267 E.43339
G1 X16.283 Y3.267 E.0385
G1 X9.776 Y-3.24 E.43339
G1 X8.959 Y-3.24 E.0385
G1 X15.465 Y3.267 E.43339
G1 X14.648 Y3.267 E.0385
G1 X8.141 Y-3.24 E.43339
G1 X7.324 Y-3.24 E.0385
G1 X13.83 Y3.267 E.43339
G1 X13.013 Y3.267 E.0385
G1 X5.854 Y-3.893 E.47687
G1 X5.818 Y-3.856 E.00241
G1 X5.333 Y-3.626 E.02525
G1 X5.333 Y-3.596 E.00144
G1 X12.196 Y3.267 E.45709
G1 X11.378 Y3.267 E.0385
G1 X4.845 Y-3.267 E.43518
G1 X4.028 Y-3.267 E.0385
G1 X10.561 Y3.267 E.43518
G1 X9.743 Y3.267 E.0385
G1 X3.21 Y-3.267 E.43518
G1 X2.393 Y-3.267 E.0385
G1 X9.186 Y3.526 E.45247
SET_VELOCITY_LIMIT ACCEL=10000
G1 X1.126 Y-4.533 F30000
SET_VELOCITY_LIMIT ACCEL=7000
G1 F9000
G1 X-.84 Y-6.499 E.13097
G1 X-.84 Y-5.682 E.0385
G1 X.867 Y-3.975 E.11367
G1 X.867 Y-3.267 E.03337
G1 X1.575 Y-3.267 E.03337
G1 X8.109 Y3.267 E.43518
G1 X7.291 Y3.267 E.0385
G1 X-.84 Y-4.864 E.5416
G1 X-.844 Y-4.051 E.03831
G1 X6.474 Y3.267 E.48742
G1 X5.656 Y3.267 E.0385
G1 X-.859 Y-3.248 E.43396
G1 X-1.668 Y-3.24 E.0381
M73 P82 R1
G1 X4.839 Y3.267 E.43339
G1 X4.022 Y3.267 E.0385
G1 X-2.485 Y-3.24 E.43339
G1 X-3.302 Y-3.24 E.0385
G1 X3.204 Y3.267 E.43339
G1 X2.387 Y3.267 E.0385
G1 X-4.12 Y-3.24 E.43339
G1 X-4.937 Y-3.24 E.0385
G1 X1.569 Y3.267 E.43339
G1 X.752 Y3.267 E.0385
G1 X-6.398 Y-3.883 E.47622
G1 X-6.434 Y-3.846 E.00245
G1 X-6.967 Y-3.668 E.02643
G1 X-6.967 Y-3.635 E.00158
G1 X-.065 Y3.267 E.45968
G1 X-.883 Y3.267 E.0385
G1 X-7.416 Y-3.267 E.43518
G1 X-8.234 Y-3.267 E.0385
G1 X-1.7 Y3.267 E.43518
G1 X-2.518 Y3.267 E.0385
G1 X-9.051 Y-3.267 E.43518
G1 X-9.868 Y-3.267 E.0385
G1 X-3.075 Y3.526 E.45247
SET_VELOCITY_LIMIT ACCEL=10000
G1 X-11.174 Y-4.572 F30000
SET_VELOCITY_LIMIT ACCEL=7000
G1 F9000
G1 X-13.64 Y-7.038 E.16427
G1 X-13.64 Y-6.221 E.0385
G1 X-11.433 Y-4.014 E.14698
G1 X-11.433 Y-3.267 E.03521
G1 X-10.686 Y-3.267 E.03521
G1 X-4.152 Y3.267 E.43518
G1 X-4.97 Y3.267 E.0385
G1 X-13.64 Y-5.403 E.57749
G1 X-13.64 Y-4.586 E.0385
G1 X-5.787 Y3.267 E.52305
G1 X-6.605 Y3.267 E.0385
G1 X-13.667 Y-3.795 E.47039
G1 X-13.667 Y-3.267 E.0249
G1 X-13.955 Y-3.267 E.0136
G1 X-7.422 Y3.267 E.43518
G1 X-8.24 Y3.267 E.0385
G1 X-14.746 Y-3.24 E.43339
G1 X-15.564 Y-3.24 E.0385
G1 X-9.057 Y3.267 E.43339
G1 X-9.874 Y3.267 E.0385
G1 X-16.381 Y-3.24 E.43339
G1 X-17.198 Y-3.24 E.0385
G1 X-10.692 Y3.267 E.43339
G1 X-11.509 Y3.267 E.0385
G1 X-18.016 Y-3.24 E.43339
G1 X-18.128 Y-3.24 E.0053
G1 X-18.428 Y-2.94 E.01996
G1 X-19.167 Y-3.679 E.04921
G1 X-19.167 Y-3.573 E.00498
G1 X-12.327 Y3.267 E.45561
G1 X-13.144 Y3.267 E.0385
G1 X-19.677 Y-3.267 E.43518
G1 X-19.746 Y-3.267 E.00321
G1 X-19.785 Y-3.24 E.00224
G1 X-20.468 Y-3.24 E.03217
G1 X-13.961 Y3.267 E.43339
G1 X-14.779 Y3.267 E.0385
G1 X-21.285 Y-3.24 E.43339
G1 X-22.103 Y-3.24 E.0385
G1 X-15.596 Y3.267 E.43339
G1 X-16.414 Y3.267 E.0385
G1 X-22.92 Y-3.24 E.43339
G1 X-23.025 Y-3.24 E.00493
G1 X-23.325 Y-2.94 E.01996
G1 X-24.31 Y-3.925 E.06562
G1 X-24.366 Y-3.869 E.00378
G1 X-17.231 Y3.267 E.47527
G1 X-18.048 Y3.267 E.0385
G1 X-25.132 Y-3.817 E.47183
G1 X-25.176 Y-3.817 E.00205
G1 X-25.267 Y-3.597 E.01121
G1 X-25.267 Y-3.267 E.01556
G1 X-25.399 Y-3.267 E.00624
G1 X-18.866 Y3.267 E.43518
G1 X-19.683 Y3.267 E.0385
G1 X-26.19 Y-3.24 E.43339
G1 X-27.007 Y-3.24 E.0385
G1 X-20.501 Y3.267 E.43339
G1 X-21.318 Y3.267 E.0385
G1 X-27.825 Y-3.24 E.43339
G1 X-28.642 Y-3.24 E.0385
G1 X-21.876 Y3.526 E.45069
SET_VELOCITY_LIMIT ACCEL=10000
G1 E-1.2 F2100
;WIPE_START
G1 F9000
G1 X-23.29 Y2.112
;WIPE_END
G1 X-27.737 Y-4.091 Z3 F30000
G1 X-29.5 Y-6.551 Z3
G1 Z2.6
G1 E1.2 F2100
SET_VELOCITY_LIMIT ACCEL=7000
G1 F9000
G1 X-31.717 Y-8.767 E.14762
G1 X-32.534 Y-8.767 E.0385
G1 X-29.76 Y-5.993 E.18476
G1 X-29.76 Y-5.175 E.0385
G1 X-33.351 Y-8.767 E.23921
G1 X-34.169 Y-8.767 E.0385
G1 X-29.5 Y-4.098 E.31095
SET_VELOCITY_LIMIT ACCEL=10000
G1 X-35.246 Y-9.026 F30000
SET_VELOCITY_LIMIT ACCEL=7000
G1 F9000
G1 X-22.953 Y3.267 E.81882
G1 X-23.77 Y3.267 E.0385
G1 X-35.804 Y-8.767 E.80152
G1 X-36.621 Y-8.767 E.0385
G1 X-24.588 Y3.267 E.80152
G1 X-25.405 Y3.267 E.0385
G1 X-37.438 Y-8.767 E.80152
G1 X-38.256 Y-8.767 E.0385
G1 X-26.223 Y3.267 E.80152
G1 X-27.04 Y3.267 E.0385
G1 X-39.073 Y-8.767 E.80152
G1 X-39.891 Y-8.767 E.0385
G1 X-27.857 Y3.267 E.80152
G1 X-28.675 Y3.267 E.0385
G1 X-40.708 Y-8.767 E.80152
G1 X-41.526 Y-8.767 E.0385
M73 P83 R1
G1 X-29.492 Y3.267 E.80152
G1 X-30.31 Y3.267 E.0385
G1 X-42.343 Y-8.767 E.80152
G1 X-43.16 Y-8.767 E.0385
G1 X-31.127 Y3.267 E.80152
G1 X-31.944 Y3.267 E.0385
G1 X-43.767 Y-8.556 E.78746
G1 X-43.767 Y-7.738 E.0385
G1 X-32.233 Y3.795 E.76822
G1 X-32.233 Y4.613 E.0385
G1 X-43.767 Y-6.921 E.76822
G1 X-43.767 Y-6.103 E.0385
G1 X-32.233 Y5.43 E.76822
G1 X-32.233 Y6.247 E.0385
G1 X-43.767 Y-5.286 E.76822
G1 X-43.767 Y-4.469 E.0385
G1 X-42.037 Y-2.739 E.1152
G1 X-42.75 Y-2.634 E.03392
G1 X-43.767 Y-3.651 E.06774
G1 X-43.767 Y-2.834 E.0385
G1 X-43.129 Y-2.196 E.04248
SET_VELOCITY_LIMIT ACCEL=10000
G1 E-1.2 F2100
;WIPE_START
G1 F9000
G1 X-43.767 Y-2.834
G1 X-43.767 Y-3.651
G1 X-43.568 Y-3.453
;WIPE_END
G1 X-39.551 Y-.253 Z3 F30000
G1 Z2.6
G1 E1.2 F2100
SET_VELOCITY_LIMIT ACCEL=7000
G1 F9000
G1 X-32.233 Y7.065 E.48744
G1 X-32.233 Y7.882 E.0385
G1 X-39.366 Y.75 E.47509
G1 X-39.605 Y1.328 E.02947
G1 X-32.233 Y8.7 E.49103
G1 X-32.233 Y8.767 E.00316
G1 X-32.984 Y8.767 E.03534
G1 X-39.951 Y1.799 E.46411
G1 X-40.06 Y1.94 E.00839
G1 X-40.381 Y2.187 E.01907
G1 X-33.801 Y8.767 E.43828
G1 X-34.618 Y8.767 E.0385
G1 X-40.897 Y2.488 E.41822
G1 X-41.29 Y2.65 E.02001
G1 X-41.522 Y2.681 E.01101
G1 X-35.436 Y8.767 E.40536
G1 X-36.253 Y8.767 E.0385
G1 X-42.318 Y2.702 E.40395
G1 X-42.71 Y2.65 E.01864
G1 X-43.372 Y2.376 E.03374
G1 X-43.755 Y2.083 E.02272
G1 X-37.071 Y8.767 E.44521
G1 X-37.888 Y8.767 E.0385
G1 X-43.767 Y2.888 E.39156
G1 X-43.767 Y3.706 E.0385
G1 X-38.706 Y8.767 E.33712
G1 X-39.523 Y8.767 E.0385
G1 X-43.767 Y4.523 E.28267
G1 X-43.767 Y5.34 E.0385
G1 X-40.34 Y8.767 E.22822
G1 X-41.158 Y8.767 E.0385
G1 X-43.767 Y6.158 E.17378
G1 X-43.767 Y6.975 E.0385
G1 X-41.975 Y8.767 E.11933
G1 X-42.793 Y8.767 E.0385
G1 X-44.026 Y7.533 E.08218
SET_VELOCITY_LIMIT ACCEL=10000
G1 X-44.128 Y1.233 F30000
;TYPE:Gap infill
;WIDTH:0.403463
G1 F9000
G1 X-44.216 Y.569 E.01968
G1 X-44.234 Y.294 E.00808
;WIDTH:0.359953
G1 X-44.252 Y.02 E.00711
;WIDTH:0.357717
G1 X-44.234 Y-.294 E.00806
;WIDTH:0.395946
G1 X-44.216 Y-.569 E.00792
;WIDTH:0.420457
G1 X-44.128 Y-1.233 E.02061
G1 E-1.2 F2100
;WIPE_START
G1 F9000
G1 X-44.216 Y-.569
;WIPE_END
G1 X-38.135 Y4.043 Z3 F30000
G1 X-31.599 Y9 Z3
G1 Z2.6
G1 E1.2 F2100
;WIDTH:0.84584
G1 F9000
G1 X31.599 Y9 E4.13485
G1 X29.676 Y-8.75 F30000
;WIDTH:0.191684
G1 F9000
G1 X25.324 Y-8.75 E.05275
G1 X23.576 Y-8.75 F30000
G1 F9000
G1 X19.224 Y-8.75 E.05275
G1 X17.476 Y-8.75 F30000
G1 F9000
G1 X13.124 Y-8.75 E.05275
G1 X11.376 Y-8.75 F30000
G1 F9000
G1 X7.024 Y-8.75 E.05275
G1 X5.276 Y-8.75 F30000
G1 F9000
G1 X.924 Y-8.75 E.05275
G1 X-.924 Y-8.75 F30000
G1 F9000
G1 X-5.276 Y-8.75 E.05275
G1 X-7.024 Y-8.75 F30000
G1 F9000
G1 X-11.376 Y-8.75 E.05275
G1 X-13.724 Y-8.75 F30000
G1 F9000
G1 X-18.076 Y-8.75 E.05275
G1 X-19.224 Y-8.75 F30000
G1 F9000
G1 X-23.576 Y-8.75 E.05275
G1 X-25.324 Y-8.75 F30000
G1 F9000
G1 X-29.676 Y-8.75 E.05275
G1 E-1.2 F2100
;WIPE_START
G1 F9000
G1 X-27.676 Y-8.75
;WIPE_END
G1 X-23.864 Y-4.214 Z3 F30000
G1 Z2.6
G1 E1.2 F2100
SET_VELOCITY_LIMIT ACCEL=7000
;TYPE:Internal solid infill
;WIDTH:0.619999
G1 F9000
G1 X-23.864 Y-8.077 E.18164
G1 X-24.103 Y-8.204 E.01272
G1 X-24.153 Y-8.366 E.00796
G1 X-24.153 Y-8.536 E.00801
G1 X-24.747 Y-8.536 E.02796
G1 X-24.756 Y-8.296 E.01127
G1 X-24.843 Y-8.151 E.00795
G1 X-25.036 Y-8.077 E.00974
G1 X-25.036 Y-4.336 E.17591
G1 X-24.633 Y-4.336 E.01893
G1 X-24.514 Y-4.456 E.00795
G1 X-24.356 Y-4.537 E.00833
G1 X-24.106 Y-4.456 E.01237
G1 X-23.89 Y-4.24 E.01437
SET_VELOCITY_LIMIT ACCEL=10000
G1 X-18.363 Y-3.756 F30000
SET_VELOCITY_LIMIT ACCEL=7000
;WIDTH:0.617283
G1 F9000
G1 X-18.364 Y-8.077 E.20224
G1 X-18.581 Y-8.177 E.01116
G1 X-18.65 Y-8.341 E.00832
G1 X-18.719 Y-8.177 E.00832
G1 X-18.937 Y-8.076 E.01123
G1 X-18.937 Y-4.182 E.18227
G1 X-18.428 Y-3.675 E.03365
G1 X-18.385 Y-3.728 E.00318
SET_VELOCITY_LIMIT ACCEL=10000
G1 E-1.2 F2100
;WIPE_START
G1 F9000
G1 X-18.428 Y-3.675
G1 X-18.937 Y-4.182
G1 X-18.937 Y-5.395
;WIPE_END
G1 X-11.664 Y-5.888 Z3 F30000
G1 Z2.6
G1 E1.2 F2100
SET_VELOCITY_LIMIT ACCEL=7000
;WIDTH:0.619999
G1 F9000
G1 X-11.664 Y-8.077 E.10293
G1 X-11.904 Y-8.206 E.01281
G1 X-11.953 Y-8.536 E.0157
G1 X-13.147 Y-8.536 E.05618
G1 X-13.193 Y-8.21 E.0155
G1 X-13.272 Y-8.128 E.00534
G1 X-13.436 Y-8.077 E.00806
G1 X-13.436 Y-7.66 E.01961
G1 X-11.69 Y-5.914 E.11613
SET_VELOCITY_LIMIT ACCEL=10000
G1 E-1.2 F2100
M73 P84 R1
;WIPE_START
G1 F9000
G1 X-13.104 Y-7.328
;WIPE_END
G1 X-6.167 Y-4.145 Z3 F30000
G1 X-5.564 Y-3.869 Z3
G1 Z2.6
G1 E1.2 F2100
SET_VELOCITY_LIMIT ACCEL=7000
G1 F9000
G1 X-5.564 Y-8.077 E.19789
G1 X-5.803 Y-8.204 E.01272
G1 X-5.853 Y-8.366 E.00796
G1 X-5.853 Y-8.536 E.00801
G1 X-6.447 Y-8.536 E.02796
G1 X-6.456 Y-8.296 E.01127
G1 X-6.543 Y-8.151 E.00795
G1 X-6.736 Y-8.077 E.00974
G1 X-6.736 Y-4.293 E.17795
G1 X-6.559 Y-4.456 E.0113
G1 X-6.287 Y-4.532 E.01327
G1 X-6.151 Y-4.456 E.00735
G1 X-5.59 Y-3.894 E.03734
SET_VELOCITY_LIMIT ACCEL=10000
G1 E-1.2 F2100
;WIPE_START
G1 F9000
G1 X-6.151 Y-4.456
G1 X-6.287 Y-4.532
G1 X-6.559 Y-4.456
G1 X-6.736 Y-4.293
G1 X-6.736 Y-4.82
;WIPE_END
G1 X.636 Y-5.83 Z3 F30000
G1 Z2.6
G1 E1.2 F2100
SET_VELOCITY_LIMIT ACCEL=7000
G1 F9000
G1 X.636 Y-8.077 E.10567
G1 X.399 Y-8.201 E.01258
G1 X.347 Y-8.366 E.0081
G1 X.347 Y-8.536 E.00801
G1 X-.347 Y-8.536 E.03266
G1 X-.362 Y-8.275 E.0123
G1 X-.437 Y-8.156 E.0066
G1 X-.636 Y-8.077 E.01005
G1 X-.636 Y-7.102 E.04587
G1 X.61 Y-5.855 E.08288
SET_VELOCITY_LIMIT ACCEL=10000
G1 E-1.2 F2100
;WIPE_START
G1 F9000
G1 X-.636 Y-7.102
G1 X-.636 Y-7.339
;WIPE_END
G1 X5.564 Y-4.338 Z3 F30000
G1 Z2.6
G1 E1.2 F2100
SET_VELOCITY_LIMIT ACCEL=7000
G1 F9000
G1 X5.682 Y-4.456 E.00787
G1 X5.973 Y-4.527 E.01409
G1 X6.091 Y-4.456 E.00644
G1 X6.736 Y-3.811 E.04291
G1 X6.736 Y-8.077 E.20063
G1 X6.497 Y-8.204 E.01272
G1 X6.447 Y-8.366 E.00796
G1 X6.447 Y-8.536 E.00801
G1 X5.853 Y-8.536 E.02796
G1 X5.844 Y-8.296 E.01127
G1 X5.757 Y-8.151 E.00795
G1 X5.564 Y-8.077 E.00974
G1 X5.564 Y-4.374 E.17416
SET_VELOCITY_LIMIT ACCEL=10000
G1 X11.664 Y-4.336 F30000
SET_VELOCITY_LIMIT ACCEL=7000
G1 F9000
G1 X12.092 Y-4.336 E.02011
G1 X12.211 Y-4.456 E.00795
G1 X12.361 Y-4.535 E.00796
G1 X12.619 Y-4.456 E.01272
G1 X12.836 Y-4.239 E.01439
G1 X12.836 Y-8.077 E.18046
G1 X12.597 Y-8.204 E.01272
G1 X12.547 Y-8.366 E.00796
G1 X12.547 Y-8.536 E.00801
G1 X11.953 Y-8.536 E.02796
G1 X11.944 Y-8.296 E.01127
G1 X11.857 Y-8.151 E.00795
G1 X11.664 Y-8.077 E.00974
G1 X11.664 Y-4.372 E.17421
SET_VELOCITY_LIMIT ACCEL=10000
G1 X17.764 Y-4.297 F30000
SET_VELOCITY_LIMIT ACCEL=7000
G1 F9000
G1 X17.924 Y-4.456 E.01061
G1 X18.201 Y-4.531 E.01351
G1 X18.332 Y-4.456 E.00709
G1 X18.936 Y-3.852 E.04014
G1 X18.936 Y-8.077 E.19867
G1 X18.697 Y-8.204 E.01272
G1 X18.647 Y-8.366 E.00796
G1 X18.647 Y-8.536 E.00801
G1 X18.053 Y-8.536 E.02796
G1 X18.044 Y-8.296 E.01127
G1 X17.957 Y-8.151 E.00795
G1 X17.764 Y-8.077 E.00974
G1 X17.764 Y-4.333 E.17608
SET_VELOCITY_LIMIT ACCEL=10000
G1 X23.864 Y-4.336 F30000
SET_VELOCITY_LIMIT ACCEL=7000
G1 F9000
G1 X24.334 Y-4.336 E.02207
G1 X24.589 Y-4.532 E.01513
G1 X24.861 Y-4.456 E.0133
G1 X25.036 Y-4.281 E.01162
G1 X25.036 Y-8.077 E.1785
G1 X24.797 Y-8.204 E.01272
G1 X24.747 Y-8.366 E.00796
G1 X24.747 Y-8.536 E.00801
G1 X24.153 Y-8.536 E.02796
G1 X24.144 Y-8.296 E.01127
G1 X24.057 Y-8.151 E.00795
G1 X23.864 Y-8.077 E.00974
G1 X23.864 Y-4.372 E.17421
;LAYER_CHANGE
;Z:2.8
;HEIGHT:0.2
;BEFORE_LAYER_CHANGE
;2.8
G1 E-1.2 F2100
;WIPE_START
G1 F9000
G1 X23.864 Y-6.372
;WIPE_END
;AFTER_LAYER_CHANGE
;2.8
;_SET_FAN_SPEED_CHANGING_LAYER
SET_VELOCITY_LIMIT ACCEL=10000
G17
G3 Z3.2 I-1.085 J.55 P1  F30000
G1 X31.31 Y8.31 Z3.2
G1 Z2.8
G1 E1.2 F2100
SET_VELOCITY_LIMIT ACCEL=5000
;TYPE:Outer wall
;WIDTH:0.62
G1 F7200
G1 X-31.31 Y8.31 E2.94469
G1 X-31.31 Y4.19 E.19374
G1 X31.31 Y4.19 E2.94469
G1 X31.31 Y8.274 E.19205
SET_VELOCITY_LIMIT ACCEL=10000
G1 E-1.2 F2100
;WIPE_START
G1 F7200
G1 X29.31 Y8.275
;WIPE_END
G1 X21.737 Y7.321 Z3.2 F30000
G1 X-43.569 Y-.908 Z3.2
G1 Z2.8
G1 E1.2 F2100
SET_VELOCITY_LIMIT ACCEL=5000
G1 F7200
G1 X-43.282 Y-1.282 E.02217
G1 X-42.903 Y-1.572 E.02243
G1 X-42.427 Y-1.757 E.02404
G1 X-42 Y-1.813 E.02024
G1 X-41.531 Y-1.751 E.02225
G1 X-41.09 Y-1.568 E.02243
G1 X-40.692 Y-1.248 E.02404
G1 X-40.43 Y-.906 E.02024
G1 X-40.249 Y-.469 E.02225
G1 X-40.187 Y0 E.02225
G1 X-40.249 Y.469 E.02225
G1 X-40.432 Y.91 E.02243
G1 X-40.752 Y1.308 E.02404
G1 X-41.094 Y1.57 E.02024
G1 X-41.531 Y1.751 E.02225
G1 X-42 Y1.813 E.02225
G1 X-42.469 Y1.751 E.02225
G1 X-42.91 Y1.568 E.02243
G1 X-43.308 Y1.248 E.02404
G1 X-43.57 Y.906 E.02024
G1 X-43.751 Y.469 E.02225
G1 X-43.813 Y0 E.02225
G1 X-43.751 Y-.469 E.02225
G1 X-43.583 Y-.875 E.02064
SET_VELOCITY_LIMIT ACCEL=10000
G1 E-1.2 F2100
;WIPE_START
G1 F7200
G1 X-43.282 Y-1.282
G1 X-42.903 Y-1.572
G1 X-42.427 Y-1.757
G1 X-42 Y-1.813
G1 X-41.926 Y-1.803
;WIPE_END
G1 X-34.295 Y-1.635 Z3.2 F30000
G1 X40.188 Y-.002 Z3.2
G1 Z2.8
G1 E1.2 F2100
SET_VELOCITY_LIMIT ACCEL=5000
G1 F7200
G1 X40.249 Y-.469 E.02218
G1 X40.43 Y-.906 E.02225
G1 X40.718 Y-1.282 E.02225
G1 X41.097 Y-1.572 E.02243
G1 X41.573 Y-1.757 E.02404
G1 X42 Y-1.813 E.02024
G1 X42.469 Y-1.751 E.02225
G1 X42.906 Y-1.57 E.02225
G1 X43.282 Y-1.282 E.02225
G1 X43.57 Y-.906 E.02225
G1 X43.751 Y-.469 E.02225
G1 X43.813 Y0 E.02225
G1 X43.751 Y.469 E.02225
G1 X43.568 Y.91 E.02243
G1 X43.248 Y1.308 E.02404
G1 X42.906 Y1.57 E.02024
G1 X42.469 Y1.751 E.02225
G1 X42 Y1.813 E.02225
G1 X41.531 Y1.751 E.02225
G1 X41.094 Y1.57 E.02225
G1 X40.718 Y1.282 E.02225
G1 X40.43 Y.906 E.02225
G1 X40.249 Y.469 E.02225
G1 X40.192 Y.034 E.02063
SET_VELOCITY_LIMIT ACCEL=10000
G1 E-1.2 F2100
;WIPE_START
G1 F7200
G1 X40.249 Y-.469
G1 X40.43 Y-.906
G1 X40.718 Y-1.282
G1 X41.097 Y-1.572
G1 X41.162 Y-1.597
;WIPE_END
G1 X33.62 Y-2.77 Z3.2 F30000
G1 X1.213 Y-7.81 Z3.2
G1 Z2.8
G1 E1.2 F2100
SET_VELOCITY_LIMIT ACCEL=5000
;TYPE:Inner wall
G1 F9000
G1 X1.213 Y-8.387 E.02714
G1 X4.987 Y-8.387 E.17748
G1 X4.987 Y-3.613 E.2245
G1 X1.213 Y-3.613 E.17748
G1 X1.213 Y-7.774 E.19567
SET_VELOCITY_LIMIT ACCEL=10000
G1 X1.79 Y-7.81 F30000
SET_VELOCITY_LIMIT ACCEL=5000
;TYPE:Outer wall
G1 F7200
G1 X4.41 Y-7.81 E.1232
G1 X4.41 Y-4.19 E.17023
M73 P85 R1
G1 X1.79 Y-4.19 E.1232
G1 X1.79 Y-7.774 E.16854
SET_VELOCITY_LIMIT ACCEL=10000
G1 E-1.2 F2100
;WIPE_START
G1 F7200
G1 X3.79 Y-7.801
;WIPE_END
G1 X7.89 Y-3.613 Z3.2 F30000
G1 Z2.8
G1 E1.2 F2100
SET_VELOCITY_LIMIT ACCEL=5000
;TYPE:Inner wall
G1 F9000
G1 X7.313 Y-3.613 E.02714
G1 X7.313 Y-8.387 E.2245
G1 X11.087 Y-8.387 E.17748
G1 X11.087 Y-3.613 E.2245
G1 X7.926 Y-3.613 E.14865
SET_VELOCITY_LIMIT ACCEL=10000
G1 X7.89 Y-4.19 F30000
SET_VELOCITY_LIMIT ACCEL=5000
;TYPE:Outer wall
G1 F7200
G1 X7.89 Y-7.81 E.17023
G1 X10.51 Y-7.81 E.1232
G1 X10.51 Y-4.19 E.17023
G1 X7.926 Y-4.19 E.12151
SET_VELOCITY_LIMIT ACCEL=10000
G1 E-1.2 F2100
;WIPE_START
G1 F7200
G1 X7.906 Y-6.19
;WIPE_END
G1 X13.413 Y-7.81 Z3.2 F30000
G1 Z2.8
G1 E1.2 F2100
SET_VELOCITY_LIMIT ACCEL=5000
;TYPE:Inner wall
G1 F9000
G1 X13.413 Y-8.387 E.02714
G1 X17.187 Y-8.387 E.17748
G1 X17.187 Y-3.613 E.2245
G1 X13.413 Y-3.613 E.17748
G1 X13.413 Y-7.774 E.19567
SET_VELOCITY_LIMIT ACCEL=10000
G1 X13.99 Y-7.81 F30000
SET_VELOCITY_LIMIT ACCEL=5000
;TYPE:Outer wall
G1 F7200
G1 X16.61 Y-7.81 E.1232
G1 X16.61 Y-4.19 E.17023
G1 X13.99 Y-4.19 E.1232
G1 X13.99 Y-7.774 E.16854
SET_VELOCITY_LIMIT ACCEL=10000
G1 E-1.2 F2100
;WIPE_START
G1 F7200
G1 X15.99 Y-7.801
;WIPE_END
G1 X19.513 Y-7.81 Z3.2 F30000
G1 Z2.8
G1 E1.2 F2100
SET_VELOCITY_LIMIT ACCEL=5000
;TYPE:Inner wall
G1 F9000
G1 X19.513 Y-8.387 E.02714
G1 X23.287 Y-8.387 E.17748
G1 X23.287 Y-3.613 E.2245
G1 X19.513 Y-3.613 E.17748
G1 X19.513 Y-7.774 E.19567
SET_VELOCITY_LIMIT ACCEL=10000
G1 X20.09 Y-7.81 F30000
SET_VELOCITY_LIMIT ACCEL=5000
;TYPE:Outer wall
G1 F7200
G1 X22.71 Y-7.81 E.1232
G1 X22.71 Y-4.19 E.17023
G1 X20.09 Y-4.19 E.1232
G1 X20.09 Y-7.774 E.16854
SET_VELOCITY_LIMIT ACCEL=10000
G1 E-1.2 F2100
;WIPE_START
G1 F7200
G1 X22.09 Y-7.801
;WIPE_END
G1 X26.19 Y-3.613 Z3.2 F30000
G1 Z2.8
G1 E1.2 F2100
SET_VELOCITY_LIMIT ACCEL=5000
;TYPE:Inner wall
G1 F9000
G1 X25.613 Y-3.613 E.02714
G1 X25.613 Y-8.387 E.2245
G1 X29.387 Y-8.387 E.17748
G1 X29.387 Y-3.613 E.2245
G1 X26.226 Y-3.613 E.14865
SET_VELOCITY_LIMIT ACCEL=10000
G1 X26.19 Y-4.19 F30000
SET_VELOCITY_LIMIT ACCEL=5000
;TYPE:Outer wall
G1 F7200
G1 X26.19 Y-7.81 E.17023
G1 X28.81 Y-7.81 E.1232
G1 X28.81 Y-4.19 E.17023
G1 X26.226 Y-4.19 E.12151
SET_VELOCITY_LIMIT ACCEL=10000
G1 E-1.2 F2100
;WIPE_START
G1 F7200
G1 X26.206 Y-6.19
;WIPE_END
G1 X18.584 Y-6.586 Z3.2 F30000
G1 X-4.987 Y-7.81 Z3.2
G1 Z2.8
G1 E1.2 F2100
SET_VELOCITY_LIMIT ACCEL=5000
;TYPE:Inner wall
G1 F9000
G1 X-4.987 Y-8.387 E.02714
G1 X-1.213 Y-8.387 E.17748
G1 X-1.213 Y-3.613 E.2245
G1 X-4.987 Y-3.613 E.17748
G1 X-4.987 Y-7.774 E.19567
SET_VELOCITY_LIMIT ACCEL=10000
G1 X-4.41 Y-7.81 F30000
SET_VELOCITY_LIMIT ACCEL=5000
;TYPE:Outer wall
G1 F7200
G1 X-1.79 Y-7.81 E.1232
G1 X-1.79 Y-4.19 E.17023
G1 X-4.41 Y-4.19 E.1232
G1 X-4.41 Y-7.774 E.16854
SET_VELOCITY_LIMIT ACCEL=10000
G1 E-1.2 F2100
;WIPE_START
G1 F7200
G1 X-2.41 Y-7.801
;WIPE_END
G1 X-10.043 Y-7.809 Z3.2 F30000
G1 X-11.087 Y-7.81 Z3.2
G1 Z2.8
G1 E1.2 F2100
SET_VELOCITY_LIMIT ACCEL=5000
;TYPE:Inner wall
G1 F9000
G1 X-11.087 Y-8.387 E.02714
G1 X-7.313 Y-8.387 E.17748
G1 X-7.313 Y-3.613 E.2245
G1 X-11.087 Y-3.613 E.17748
G1 X-11.087 Y-7.774 E.19567
SET_VELOCITY_LIMIT ACCEL=10000
G1 X-10.51 Y-7.81 F30000
SET_VELOCITY_LIMIT ACCEL=5000
;TYPE:Outer wall
G1 F7200
G1 X-7.89 Y-7.81 E.1232
G1 X-7.89 Y-4.19 E.17023
G1 X-10.51 Y-4.19 E.1232
G1 X-10.51 Y-7.774 E.16854
SET_VELOCITY_LIMIT ACCEL=10000
G1 E-1.2 F2100
;WIPE_START
G1 F7200
G1 X-8.51 Y-7.801
;WIPE_END
G1 X-15.387 Y-4.491 Z3.2 F30000
G1 X-17.21 Y-3.613 Z3.2
G1 Z2.8
G1 E1.2 F2100
SET_VELOCITY_LIMIT ACCEL=5000
;TYPE:Inner wall
G1 F9000
G1 X-17.787 Y-3.613 E.02714
G1 X-17.787 Y-8.387 E.2245
G1 X-14.013 Y-8.387 E.17748
G1 X-14.013 Y-3.613 E.2245
G1 X-17.174 Y-3.613 E.14865
SET_VELOCITY_LIMIT ACCEL=10000
G1 X-17.21 Y-4.19 F30000
SET_VELOCITY_LIMIT ACCEL=5000
;TYPE:Outer wall
G1 F7200
G1 X-17.21 Y-7.81 E.17023
G1 X-14.59 Y-7.81 E.1232
G1 X-14.59 Y-4.19 E.17023
G1 X-17.174 Y-4.19 E.12151
SET_VELOCITY_LIMIT ACCEL=10000
G1 E-1.2 F2100
;WIPE_START
G1 F7200
G1 X-17.194 Y-6.19
;WIPE_END
G1 X-22.71 Y-3.613 Z3.2 F30000
G1 Z2.8
G1 E1.2 F2100
SET_VELOCITY_LIMIT ACCEL=5000
;TYPE:Inner wall
G1 F9000
G1 X-23.287 Y-3.613 E.02714
G1 X-23.287 Y-8.387 E.2245
G1 X-19.513 Y-8.387 E.17748
G1 X-19.513 Y-3.613 E.2245
G1 X-22.674 Y-3.613 E.14865
SET_VELOCITY_LIMIT ACCEL=10000
G1 X-22.71 Y-4.19 F30000
SET_VELOCITY_LIMIT ACCEL=5000
;TYPE:Outer wall
G1 F7200
G1 X-22.71 Y-7.81 E.17023
G1 X-20.09 Y-7.81 E.1232
G1 X-20.09 Y-4.19 E.17023
G1 X-22.674 Y-4.19 E.12151
SET_VELOCITY_LIMIT ACCEL=10000
G1 E-1.2 F2100
M73 P86 R1
;WIPE_START
G1 F7200
G1 X-22.694 Y-6.19
;WIPE_END
G1 X-28.81 Y-3.613 Z3.2 F30000
G1 Z2.8
G1 E1.2 F2100
SET_VELOCITY_LIMIT ACCEL=5000
;TYPE:Inner wall
G1 F9000
G1 X-29.387 Y-3.613 E.02714
G1 X-29.387 Y-8.387 E.2245
G1 X-25.613 Y-8.387 E.17748
G1 X-25.613 Y-3.613 E.2245
G1 X-28.774 Y-3.613 E.14865
SET_VELOCITY_LIMIT ACCEL=10000
G1 X-28.81 Y-4.19 F30000
SET_VELOCITY_LIMIT ACCEL=5000
;TYPE:Outer wall
G1 F7200
G1 X-28.81 Y-7.81 E.17023
G1 X-26.19 Y-7.81 E.1232
G1 X-26.19 Y-4.19 E.17023
G1 X-28.774 Y-4.19 E.12151
SET_VELOCITY_LIMIT ACCEL=10000
G1 E-1.2 F2100
;WIPE_START
G1 F7200
G1 X-28.794 Y-6.19
;WIPE_END
G1 X-21.192 Y-5.511 Z3.2 F30000
G1 X39.615 Y-.077 Z3.2
G1 Z2.8
G1 E1.2 F2100
SET_VELOCITY_LIMIT ACCEL=5000
;TYPE:Inner wall
G1 F9000
G1 X39.605 Y0 E.00365
G1 X39.687 Y.62 E.0294
G1 X39.926 Y1.197 E.0294
G1 X40.307 Y1.693 E.0294
G1 X40.803 Y2.074 E.0294
G1 X41.38 Y2.313 E.0294
G1 X42 Y2.395 E.0294
G1 X42.62 Y2.313 E.0294
G1 X43.197 Y2.074 E.0294
G1 X43.654 Y1.724 E.02706
G1 X43.882 Y1.441 E.01709
G1 X44.113 Y1.522 E.01152
G1 X44.113 Y9.113 E.35696
G1 X31.887 Y9.113 E.57492
G1 X31.887 Y3.613 E.25864
G1 X-31.887 Y3.613 E2.99896
G1 X-31.887 Y9.113 E.25864
G1 X-44.113 Y9.113 E.57492
G1 X-44.113 Y1.532 E.35647
G1 X-43.878 Y1.453 E.01167
G1 X-43.724 Y1.654 E.01192
G1 X-43.207 Y2.07 E.03118
G1 X-42.62 Y2.313 E.0299
G1 X-42 Y2.395 E.0294
G1 X-41.38 Y2.313 E.0294
G1 X-40.803 Y2.074 E.0294
G1 X-40.346 Y1.724 E.02706
G1 X-39.93 Y1.207 E.03118
G1 X-39.687 Y.62 E.0299
G1 X-39.605 Y0 E.0294
G1 X-39.687 Y-.62 E.0294
G1 X-39.926 Y-1.197 E.0294
G1 X-40.276 Y-1.654 E.02706
G1 X-40.793 Y-2.07 E.03118
G1 X-41.38 Y-2.313 E.0299
G1 X-42 Y-2.395 E.0294
G1 X-42.57 Y-2.32 E.02706
G1 X-43.189 Y-2.08 E.03118
G1 X-43.693 Y-1.693 E.0299
G1 X-43.878 Y-1.453 E.01426
G1 X-44.113 Y-1.532 E.01167
G1 X-44.113 Y-9.113 E.35647
G1 X44.113 Y-9.113 E4.14879
G1 X44.113 Y-1.532 E.35647
G1 X43.878 Y-1.453 E.01167
G1 X43.693 Y-1.693 E.01426
G1 X43.197 Y-2.074 E.0294
G1 X42.62 Y-2.313 E.0294
G1 X42 Y-2.395 E.0294
G1 X41.43 Y-2.32 E.02706
G1 X40.811 Y-2.08 E.03118
G1 X40.307 Y-1.693 E.0299
G1 X39.926 Y-1.197 E.0294
G1 X39.687 Y-.62 E.0294
G1 X39.62 Y-.113 E.02406
SET_VELOCITY_LIMIT ACCEL=10000
G1 E-1.2 F2100
;WIPE_START
G1 F9000
G1 X39.605 Y0
G1 X39.687 Y.62
G1 X39.926 Y1.197
G1 X40.307 Y1.693
G1 X40.315 Y1.7
;WIPE_END
G1 X43.052 Y-5.425 Z3.2 F30000
G1 X44.69 Y-9.69 Z3.2
G1 Z2.8
G1 E1.2 F2100
SET_VELOCITY_LIMIT ACCEL=5000
;TYPE:Outer wall
G1 F7200
G1 X44.69 Y9.69 E.91134
G1 X-44.69 Y9.69 E4.20307
G1 X-44.69 Y-9.69 E.91134
G1 X44.654 Y-9.69 E4.20137
SET_VELOCITY_LIMIT ACCEL=10000
G1 E-1.2 F2100
M73 P87 R1
;WIPE_START
G1 F7200
G1 X44.658 Y-7.69
;WIPE_END
G1 X44.128 Y-1.233 Z3.2 F30000
G1 Z2.8
G1 E1.2 F2100
;TYPE:Gap infill
;WIDTH:0.403463
G1 F9000
G1 X44.216 Y-.569 E.01968
G1 X44.234 Y-.294 E.00808
;WIDTH:0.359953
G1 X44.252 Y-.02 E.00711
;WIDTH:0.357717
G1 X44.234 Y.294 E.00806
;WIDTH:0.395946
G1 X44.216 Y.569 E.00792
;WIDTH:0.420458
G1 X44.13 Y1.222 E.02027
G1 X42.722 Y8.575 F30000
SET_VELOCITY_LIMIT ACCEL=7000
;TYPE:Internal solid infill
;WIDTH:0.542242
G1 F9000
G1 X43.575 Y8.575 E.03468
G1 X43.575 Y7.722 E.03468
G1 X42.748 Y8.549 E.04758
SET_VELOCITY_LIMIT ACCEL=10000
G1 X41.59 Y9.026 F30000
SET_VELOCITY_LIMIT ACCEL=7000
;WIDTH:0.620915
G1 F9000
G1 X43.767 Y6.85 E.14495
G1 X43.767 Y6.688 E.00766
G1 X43.74 Y6.661 E.00178
G1 X43.74 Y6.06 E.02832
G1 X41.033 Y8.767 E.18032
G1 X40.215 Y8.767 E.0385
G1 X43.74 Y5.242 E.23476
G1 X43.74 Y4.425 E.0385
G1 X39.398 Y8.767 E.28921
G1 X38.581 Y8.767 E.0385
G1 X43.74 Y3.607 E.34366
G1 X43.74 Y2.79 E.0385
G1 X37.763 Y8.767 E.3981
G1 X36.946 Y8.767 E.0385
G1 X43.168 Y2.544 E.41449
G1 X42.313 Y2.762 E.04159
G1 X42.15 Y2.745 E.00773
G1 X36.128 Y8.767 E.40107
G1 X35.311 Y8.767 E.0385
G1 X41.411 Y2.666 E.40633
G1 X41.29 Y2.65 E.00576
G1 X40.809 Y2.451 E.02452
G1 X34.493 Y8.767 E.42066
G1 X33.676 Y8.767 E.0385
G1 X40.31 Y2.133 E.44189
G1 X40.06 Y1.94 E.01487
G1 X39.897 Y1.728 E.01259
G1 X32.859 Y8.767 E.46882
G1 X32.233 Y8.767 E.02945
G1 X32.233 Y8.575 E.00905
G1 X39.569 Y1.239 E.4886
G1 X39.35 Y.71 E.02697
G1 X39.341 Y.649 E.00291
G1 X32.233 Y7.757 E.47346
G1 X32.233 Y6.94 E.0385
G1 X39.57 Y-.397 E.4887
SET_VELOCITY_LIMIT ACCEL=10000
G1 X42.418 Y-2.427 F30000
SET_VELOCITY_LIMIT ACCEL=7000
G1 F9000
G1 X43.767 Y-3.776 E.08986
G1 X43.767 Y-4.594 E.0385
G1 X41.603 Y-2.43 E.14413
SET_VELOCITY_LIMIT ACCEL=10000
G1 X44.026 Y-5.671 F30000
SET_VELOCITY_LIMIT ACCEL=7000
G1 F9000
G1 X32.233 Y6.122 E.78552
G1 X32.233 Y5.305 E.0385
G1 X43.767 Y-6.228 E.76822
G1 X43.767 Y-7.046 E.0385
G1 X32.233 Y4.488 E.76822
G1 X32.233 Y3.67 E.0385
G1 X43.767 Y-7.863 E.76822
G1 X43.767 Y-8.681 E.0385
G1 X31.819 Y3.267 E.79579
G1 X31.002 Y3.267 E.0385
G1 X43.035 Y-8.767 E.80152
G1 X42.218 Y-8.767 E.0385
G1 X30.185 Y3.267 E.80152
G1 X29.367 Y3.267 E.0385
G1 X41.401 Y-8.767 E.80152
G1 X40.583 Y-8.767 E.0385
G1 X28.55 Y3.267 E.80152
G1 X27.732 Y3.267 E.0385
G1 X39.766 Y-8.767 E.80152
G1 X38.948 Y-8.767 E.0385
G1 X26.915 Y3.267 E.80152
G1 X26.098 Y3.267 E.0385
G1 X38.131 Y-8.767 E.80152
G1 X37.313 Y-8.767 E.0385
G1 X25.28 Y3.267 E.80152
G1 X24.463 Y3.267 E.0385
G1 X36.496 Y-8.767 E.80152
G1 X35.679 Y-8.767 E.0385
G1 X23.645 Y3.267 E.80152
G1 X22.828 Y3.267 E.0385
G1 X34.861 Y-8.767 E.80152
G1 X34.044 Y-8.767 E.0385
G1 X29.76 Y-4.483 E.28533
G1 X29.76 Y-5.3 E.0385
G1 X33.226 Y-8.767 E.23089
G1 X32.409 Y-8.767 E.0385
G1 X29.76 Y-6.118 E.17644
G1 X29.76 Y-6.935 E.0385
G1 X31.592 Y-8.767 E.12199
G1 X30.774 Y-8.767 E.0385
G1 X29.5 Y-7.493 E.08484
SET_VELOCITY_LIMIT ACCEL=10000
G1 X28.777 Y-3.5 F30000
SET_VELOCITY_LIMIT ACCEL=7000
G1 F9000
G1 X22.01 Y3.267 E.45069
G1 X21.193 Y3.267 E.0385
G1 X27.7 Y-3.24 E.43339
G1 X26.882 Y-3.24 E.0385
G1 X20.376 Y3.267 E.43339
G1 X19.558 Y3.267 E.0385
G1 X26.071 Y-3.246 E.43383
G1 X25.324 Y-3.273 E.03523
G1 X25.31 Y-3.302 E.00153
G1 X18.741 Y3.267 E.43754
G1 X17.923 Y3.267 E.0385
G1 X25.042 Y-3.852 E.47417
G1 X25 Y-3.925 E.00399
G1 X24.592 Y-3.517 E.02718
G1 X24.241 Y-3.868 E.02336
G1 X17.106 Y3.267 E.47523
G1 X16.289 Y3.267 E.0385
M73 P88 R1
G1 X22.795 Y-3.24 E.43339
G1 X21.978 Y-3.24 E.0385
G1 X15.471 Y3.267 E.43339
G1 X14.654 Y3.267 E.0385
G1 X21.16 Y-3.24 E.43339
G1 X20.343 Y-3.24 E.0385
G1 X13.836 Y3.267 E.43339
G1 X13.019 Y3.267 E.0385
G1 X19.552 Y-3.267 E.43518
G1 X19.167 Y-3.267 E.01816
G1 X19.167 Y-3.698 E.02033
G1 X12.202 Y3.267 E.46393
G1 X11.384 Y3.267 E.0385
G1 X18.523 Y-3.873 E.47554
G1 X18.471 Y-3.925 E.00351
G1 X17.486 Y-2.94 E.06562
G1 X17.186 Y-3.24 E.01996
G1 X17.073 Y-3.24 E.0053
G1 X10.567 Y3.267 E.43339
G1 X9.749 Y3.267 E.0385
G1 X16.256 Y-3.24 E.43339
G1 X15.439 Y-3.24 E.0385
G1 X8.932 Y3.267 E.43339
G1 X8.115 Y3.267 E.0385
G1 X14.621 Y-3.24 E.43339
G1 X14.006 Y-3.24 E.02896
G1 X13.821 Y-3.257 E.00877
G1 X7.297 Y3.267 E.43454
G1 X6.48 Y3.267 E.0385
G1 X13.067 Y-3.32 E.43875
G1 X13.067 Y-3.432 E.00525
G1 X12.8 Y-3.871 E.0242
G1 X5.662 Y3.267 E.4754
G1 X4.845 Y3.267 E.0385
G1 X11.989 Y-3.878 E.47588
G1 X11.942 Y-3.925 E.00317
G1 X11.256 Y-3.24 E.04566
G1 X10.534 Y-3.24 E.03402
G1 X4.027 Y3.267 E.43339
G1 X3.21 Y3.267 E.0385
G1 X9.717 Y-3.24 E.43339
G1 X8.899 Y-3.24 E.0385
G1 X2.393 Y3.267 E.43339
G1 X1.575 Y3.267 E.0385
G1 X8.082 Y-3.24 E.43339
G1 X7.362 Y-3.24 E.03393
G1 X7.344 Y-3.267 E.0015
G1 X7.291 Y-3.267 E.00251
G1 X.758 Y3.267 E.43518
G1 X-.06 Y3.267 E.0385
G1 X6.966 Y-3.759 E.46797
G1 X6.328 Y-3.827 E.03025
G1 X6.272 Y-3.882 E.00369
G1 X-.877 Y3.267 E.47618
G1 X-1.694 Y3.267 E.0385
G1 X4.812 Y-3.24 E.43339
G1 X3.995 Y-3.24 E.0385
G1 X-2.512 Y3.267 E.43339
G1 X-3.329 Y3.267 E.0385
G1 X3.177 Y-3.24 E.43339
G1 X2.36 Y-3.24 E.0385
G1 X-4.147 Y3.267 E.43339
G1 X-4.964 Y3.267 E.0385
G1 X1.569 Y-3.267 E.43518
G1 X.867 Y-3.267 E.0331
G1 X.866 Y-3.381 E.00537
G1 X-5.781 Y3.267 E.44278
G1 X-6.599 Y3.267 E.0385
G1 X.84 Y-4.172 E.49548
G1 X.84 Y-4.249 E.00363
G1 X-.469 Y-2.94 E.08718
G1 X-.769 Y-3.24 E.01996
G1 X-.91 Y-3.24 E.00665
G1 X-7.416 Y3.267 E.43339
G1 X-8.234 Y3.267 E.0385
G1 X-1.727 Y-3.24 E.43339
G1 X-2.544 Y-3.24 E.0385
G1 X-9.051 Y3.267 E.43339
G1 X-9.868 Y3.267 E.0385
G1 X-3.362 Y-3.24 E.43339
G1 X-4.179 Y-3.24 E.0385
G1 X-10.686 Y3.267 E.43339
G1 X-11.503 Y3.267 E.0385
G1 X-4.97 Y-3.267 E.43518
G1 X-5.333 Y-3.267 E.01712
G1 X-5.337 Y-3.717 E.02123
G1 X-12.321 Y3.267 E.46519
G1 X-13.138 Y3.267 E.0385
G1 X-5.979 Y-3.892 E.47683
G1 X-6.013 Y-3.925 E.00222
G1 X-6.998 Y-2.94 E.06562
G1 X-7.297 Y-3.24 E.01996
G1 X-7.449 Y-3.24 E.00713
G1 X-13.955 Y3.267 E.43339
G1 X-14.773 Y3.267 E.0385
G1 X-8.266 Y-3.24 E.43339
G1 X-9.084 Y-3.24 E.0385
G1 X-15.59 Y3.267 E.43339
G1 X-16.408 Y3.267 E.0385
G1 X-9.901 Y-3.24 E.43339
G1 X-10.703 Y-3.256 E.03776
G1 X-17.225 Y3.267 E.43445
G1 X-18.043 Y3.267 E.0385
G1 X-11.46 Y-3.316 E.43844
G1 X-11.46 Y-4.133 E.0385
G1 X-18.86 Y3.267 E.49289
G1 X-19.677 Y3.267 E.0385
G1 X-11.46 Y-4.951 E.54734
G1 X-11.46 Y-5.007 E.00265
G1 X-13.527 Y-2.94 E.13765
G1 X-13.826 Y-3.24 E.01996
G1 X-13.988 Y-3.24 E.00762
G1 X-20.495 Y3.267 E.43339
G1 X-21.312 Y3.267 E.0385
G1 X-14.806 Y-3.24 E.43339
G1 X-15.623 Y-3.24 E.0385
G1 X-22.13 Y3.267 E.43339
G1 X-22.947 Y3.267 E.0385
G1 X-16.44 Y-3.24 E.43339
G1 X-17.258 Y-3.24 E.0385
G1 X-23.764 Y3.267 E.43339
G1 X-24.582 Y3.267 E.0385
G1 X-18.048 Y-3.267 E.43518
G1 X-18.133 Y-3.267 E.004
G1 X-18.133 Y-3.645 E.01782
G1 X-18.237 Y-3.895 E.01277
G1 X-25.399 Y3.267 E.47706
G1 X-26.217 Y3.267 E.0385
M73 P89 R0
G1 X-19.71 Y-3.24 E.43339
G1 X-20.527 Y-3.24 E.0385
G1 X-27.034 Y3.267 E.43339
G1 X-27.851 Y3.267 E.0385
G1 X-21.345 Y-3.24 E.43339
G1 X-22.162 Y-3.24 E.0385
G1 X-28.669 Y3.267 E.43339
G1 X-29.486 Y3.267 E.0385
G1 X-22.953 Y-3.267 E.43518
G1 X-23.633 Y-3.267 E.03205
G1 X-23.633 Y-3.404 E.00645
G1 X-30.304 Y3.267 E.4443
G1 X-31.121 Y3.267 E.0385
G1 X-23.764 Y-4.09 E.49001
SET_VELOCITY_LIMIT ACCEL=10000
G1 E-1.2 F2100
;WIPE_START
G1 F9000
G1 X-25.179 Y-2.676
;WIPE_END
G1 X-29.698 Y3.475 Z3.2 F30000
G1 X-31.974 Y6.571 Z3.2
G1 Z2.8
G1 E1.2 F2100
SET_VELOCITY_LIMIT ACCEL=7000
G1 F9000
G1 X-34.169 Y8.767 E.14622
G1 X-34.986 Y8.767 E.0385
G1 X-32.233 Y6.014 E.18337
G1 X-32.233 Y5.196 E.0385
G1 X-35.804 Y8.767 E.23781
G1 X-36.621 Y8.767 E.0385
G1 X-31.974 Y4.119 E.30956
SET_VELOCITY_LIMIT ACCEL=10000
G1 X-37.698 Y9.026 F30000
SET_VELOCITY_LIMIT ACCEL=7000
G1 F9000
G1 X-24.581 Y-4.091 E.8737
SET_VELOCITY_LIMIT ACCEL=10000
G1 X-25.99 Y-3.5 F30000
SET_VELOCITY_LIMIT ACCEL=7000
G1 F9000
G1 X-38.256 Y8.767 E.81704
G1 X-39.073 Y8.767 E.0385
G1 X-27.067 Y-3.24 E.79974
G1 X-27.884 Y-3.24 E.0385
G1 X-39.891 Y8.767 E.79974
G1 X-40.708 Y8.767 E.0385
G1 X-28.702 Y-3.24 E.79974
G1 X-29.372 Y-3.24 E.0316
G1 X-29.387 Y-3.267 E.00145
G1 X-29.492 Y-3.267 E.00494
G1 X-41.526 Y8.767 E.80152
G1 X-42.343 Y8.767 E.0385
G1 X-29.733 Y-3.843 E.83991
G1 X-29.733 Y-4.66 E.0385
G1 X-43.16 Y8.767 E.89435
G1 X-43.767 Y8.767 E.02856
G1 X-43.767 Y8.556 E.00994
G1 X-29.733 Y-5.478 E.93474
G1 X-29.733 Y-6.295 E.0385
G1 X-43.767 Y7.738 E.93474
G1 X-43.767 Y6.921 E.0385
G1 X-29.733 Y-7.113 E.93474
G1 X-29.733 Y-7.93 E.0385
G1 X-43.767 Y6.103 E.93474
G1 X-43.767 Y5.286 E.0385
G1 X-30.022 Y-8.459 E.91552
G1 X-30.022 Y-8.767 E.0145
G1 X-30.531 Y-8.767 E.024
G1 X-39.261 Y-.037 E.58146
G1 X-39.366 Y-.75 E.03392
G1 X-31.349 Y-8.767 E.534
G1 X-32.166 Y-8.767 E.0385
G1 X-39.605 Y-1.328 E.4955
G1 X-39.951 Y-1.799 E.02754
G1 X-32.984 Y-8.767 E.46411
G1 X-33.801 Y-8.767 E.0385
G1 X-40.383 Y-2.185 E.43843
G1 X-40.614 Y-2.371 E.01398
G1 X-40.897 Y-2.488 E.01443
G1 X-34.618 Y-8.767 E.41822
G1 X-35.436 Y-8.767 E.0385
G1 X-41.522 Y-2.681 E.40536
G1 X-42 Y-2.744 E.02273
G1 X-42.318 Y-2.702 E.0151
G1 X-36.253 Y-8.767 E.40395
G1 X-37.071 Y-8.767 E.0385
G1 X-43.767 Y-2.073 E.44592
G1 X-43.767 Y-2.888 E.03837
G1 X-37.888 Y-8.767 E.39156
G1 X-38.706 Y-8.767 E.0385
G1 X-43.767 Y-3.706 E.33712
G1 X-43.767 Y-4.523 E.0385
G1 X-39.523 Y-8.767 E.28267
G1 X-40.34 Y-8.767 E.0385
G1 X-43.767 Y-5.34 E.22822
G1 X-43.767 Y-6.158 E.0385
G1 X-41.158 Y-8.767 E.17378
G1 X-41.975 Y-8.767 E.0385
G1 X-43.767 Y-6.975 E.11933
G1 X-43.767 Y-7.793 E.0385
G1 X-42.533 Y-9.026 E.08218
SET_VELOCITY_LIMIT ACCEL=10000
G1 E-1.2 F2100
;WIPE_START
G1 F9000
G1 X-43.767 Y-7.793
G1 X-43.767 Y-7.537
;WIPE_END
G1 X-42.254 Y-.056 Z3.2 F30000
G1 X-41.747 Y2.449 Z3.2
G1 Z2.8
G1 E1.2 F2100
SET_VELOCITY_LIMIT ACCEL=7000
G1 F9000
G1 X-43.767 Y4.469 E.13454
G1 X-43.767 Y3.651 E.0385
G1 X-42.75 Y2.634 E.06774
G1 X-43.328 Y2.395 E.02947
G1 X-44.026 Y3.093 E.04654
SET_VELOCITY_LIMIT ACCEL=10000
G1 X-44.128 Y1.233 F30000
;TYPE:Gap infill
;WIDTH:0.403463
G1 F9000
G1 X-44.216 Y.569 E.01968
G1 X-44.234 Y.294 E.00808
;WIDTH:0.359953
G1 X-44.252 Y.02 E.00711
;WIDTH:0.357717
G1 X-44.234 Y-.294 E.00806
;WIDTH:0.395946
G1 X-44.216 Y-.569 E.00792
;WIDTH:0.420458
G1 X-44.128 Y-1.233 E.02061
G1 X-43.569 Y-8.656 F30000
SET_VELOCITY_LIMIT ACCEL=7000
;TYPE:Internal solid infill
;WIDTH:0.55292
G1 F9000
G1 X-43.633 Y-8.656 E.00265
G1 X-43.665 Y-8.601 E.00265
G1 X-43.633 Y-8.546 E.00265
G1 X-43.569 Y-8.546 E.00265
G1 X-43.555 Y-8.57 E.00115
SET_VELOCITY_LIMIT ACCEL=10000
G1 X-29.676 Y-8.75 F30000
;TYPE:Gap infill
;WIDTH:0.191684
G1 F9000
G1 X-25.324 Y-8.75 E.05275
G1 X-23.576 Y-8.75 F30000
M73 P90 R0
G1 F9000
G1 X-19.224 Y-8.75 E.05275
G1 X-18.076 Y-8.75 F30000
G1 F9000
G1 X-13.724 Y-8.75 E.05275
G1 X-11.376 Y-8.75 F30000
G1 F9000
G1 X-7.024 Y-8.75 E.05275
G1 X-5.276 Y-8.75 F30000
G1 F9000
G1 X-.924 Y-8.75 E.05275
G1 X.924 Y-8.75 F30000
G1 F9000
G1 X5.276 Y-8.75 E.05275
G1 X7.024 Y-8.75 F30000
G1 F9000
G1 X11.376 Y-8.75 E.05275
G1 X13.124 Y-8.75 F30000
G1 F9000
G1 X17.476 Y-8.75 E.05275
G1 X19.224 Y-8.75 F30000
G1 F9000
G1 X23.576 Y-8.75 E.05275
G1 X25.324 Y-8.75 F30000
G1 F9000
G1 X29.676 Y-8.75 E.05275
G1 E-1.2 F2100
;WIPE_START
G1 F9000
G1 X27.676 Y-8.75
;WIPE_END
G1 X23.864 Y-4.341 Z3.2 F30000
G1 Z2.8
G1 E1.2 F2100
SET_VELOCITY_LIMIT ACCEL=7000
;TYPE:Internal solid infill
;WIDTH:0.619999
G1 F9000
G1 X23.979 Y-4.456 E.00767
G1 X24.271 Y-4.527 E.01413
G1 X24.592 Y-4.252 E.01984
G1 X24.839 Y-4.491 E.0162
G1 X25.036 Y-4.461 E.00937
G1 X25.036 Y-8.077 E.17005
G1 X24.797 Y-8.204 E.01272
G1 X24.747 Y-8.366 E.00796
G1 X24.747 Y-8.536 E.00801
G1 X24.153 Y-8.536 E.02796
G1 X24.144 Y-8.296 E.01127
G1 X24.057 Y-8.151 E.00795
G1 X23.864 Y-8.077 E.00974
G1 X23.864 Y-4.377 E.17402
SET_VELOCITY_LIMIT ACCEL=10000
G1 X24.45 Y-5.085 F30000
SET_VELOCITY_LIMIT ACCEL=7000
;WIDTH:0.637524
G1 F9000
G1 X24.45 Y-7.681 E.12578
SET_VELOCITY_LIMIT ACCEL=10000
G1 E-1.2 F2100
;WIPE_START
G1 F9000
G1 X24.45 Y-5.681
;WIPE_END
G1 X17.764 Y-3.953 Z3.2 F30000
G1 Z2.8
G1 E1.2 F2100
SET_VELOCITY_LIMIT ACCEL=7000
;WIDTH:0.619999
G1 F9000
G1 X18.267 Y-4.456 E.03342
G1 X18.431 Y-4.538 E.00863
G1 X18.675 Y-4.456 E.01209
G1 X18.84 Y-4.312 E.01029
G1 X18.936 Y-4.296 E.00459
G1 X18.936 Y-8.077 E.17783
G1 X18.697 Y-8.204 E.01272
G1 X18.647 Y-8.366 E.00796
G1 X18.647 Y-8.536 E.00801
G1 X18.053 Y-8.536 E.02796
G1 X18.044 Y-8.296 E.01127
G1 X17.957 Y-8.151 E.00795
G1 X17.764 Y-8.077 E.00974
G1 X17.764 Y-3.989 E.19223
SET_VELOCITY_LIMIT ACCEL=10000
G1 X11.664 Y-4.382 F30000
SET_VELOCITY_LIMIT ACCEL=7000
G1 F9000
G1 X11.738 Y-4.456 E.0049
G1 X12.044 Y-4.522 E.01471
G1 X12.35 Y-4.252 E.0192
G1 X12.606 Y-4.497 E.01667
G1 X12.836 Y-4.46 E.01095
G1 X12.836 Y-8.077 E.17008
G1 X12.597 Y-8.204 E.01272
G1 X12.547 Y-8.366 E.00796
G1 X12.547 Y-8.536 E.00801
G1 X11.953 Y-8.536 E.02796
G1 X11.944 Y-8.296 E.01127
G1 X11.857 Y-8.151 E.00795
G1 X11.664 Y-8.077 E.00974
G1 X11.664 Y-4.418 E.17206
SET_VELOCITY_LIMIT ACCEL=10000
G1 X5.564 Y-3.995 F30000
SET_VELOCITY_LIMIT ACCEL=7000
G1 F9000
G1 X6.025 Y-4.456 E.03065
G1 X6.203 Y-4.539 E.00924
G1 X6.433 Y-4.456 E.01151
G1 X6.606 Y-4.32 E.01036
G1 X6.736 Y-4.306 E.00613
G1 X6.736 Y-8.077 E.17735
G1 X6.497 Y-8.204 E.01272
G1 X6.447 Y-8.366 E.00796
G1 X6.447 Y-8.536 E.00801
G1 X5.853 Y-8.536 E.02796
G1 X5.844 Y-8.296 E.01127
G1 X5.757 Y-8.151 E.00795
G1 X5.564 Y-8.077 E.00974
G1 X5.564 Y-4.031 E.19026
SET_VELOCITY_LIMIT ACCEL=10000
G1 X-.469 Y-3.675 F30000
SET_VELOCITY_LIMIT ACCEL=7000
G1 F9000
G1 X.636 Y-4.779 E.07347
G1 X.636 Y-8.077 E.15507
G1 X.399 Y-8.201 E.01258
G1 X.347 Y-8.366 E.0081
G1 X.347 Y-8.536 E.00801
G1 X-.347 Y-8.536 E.03266
G1 X-.362 Y-8.275 E.0123
G1 X-.437 Y-8.156 E.0066
G1 X-.636 Y-8.077 E.01005
G1 X-.636 Y-3.751 E.20343
G1 X-.502 Y-3.69 E.00694
SET_VELOCITY_LIMIT ACCEL=10000
G1 X0 Y-5.043 F30000
SET_VELOCITY_LIMIT ACCEL=7000
;WIDTH:0.737526
G1 F9000
G1 X0 Y-7.659 E.14806
SET_VELOCITY_LIMIT ACCEL=10000
G1 E-1.2 F2100
;WIPE_START
G1 F9000
G1 X0 Y-5.659
;WIPE_END
G1 X-7.623 Y-5.276 Z3.2 F30000
G1 X-23.864 Y-4.461 Z3.2
G1 Z2.8
G1 E1.2 F2100
SET_VELOCITY_LIMIT ACCEL=7000
;WIDTH:0.619999
G1 F9000
G1 X-23.864 Y-8.077 E.17007
G1 X-24.103 Y-8.204 E.01272
G1 X-24.153 Y-8.366 E.00796
G1 X-24.153 Y-8.536 E.00801
G1 X-24.747 Y-8.536 E.02796
G1 X-24.756 Y-8.296 E.01127
G1 X-24.843 Y-8.151 E.00795
G1 X-25.036 Y-8.077 E.00974
G1 X-25.036 Y-4.407 E.17257
G1 X-24.987 Y-4.456 E.00323
G1 X-24.636 Y-4.5 E.01665
G1 X-24.375 Y-4.252 E.01693
G1 X-24.114 Y-4.5 E.01693
G1 X-23.9 Y-4.466 E.01022
SET_VELOCITY_LIMIT ACCEL=10000
G1 X-18.363 Y-4.459 F30000
SET_VELOCITY_LIMIT ACCEL=7000
;WIDTH:0.617282
G1 F9000
G1 X-18.364 Y-8.077 E.16934
G1 X-18.581 Y-8.177 E.01116
G1 X-18.65 Y-8.341 E.00832
G1 X-18.719 Y-8.177 E.00832
G1 X-18.937 Y-8.076 E.01123
G1 X-18.937 Y-3.975 E.19195
G1 X-18.457 Y-4.455 E.03175
G1 X-18.399 Y-4.457 E.00275
SET_VELOCITY_LIMIT ACCEL=10000
G1 E-1.2 F2100
;WIPE_START
G1 F9000
G1 X-18.457 Y-4.455
G1 X-18.937 Y-3.975
G1 X-18.937 Y-5.238
;WIPE_END
G1 X-12.251 Y-5.781 Z3.2 F30000
G1 Z2.8
G1 E1.2 F2100
SET_VELOCITY_LIMIT ACCEL=7000
;WIDTH:0.640224
G1 F9000
G1 X-12.251 Y-7.757 E.09621
G1 X-12.379 Y-7.86 E.008
G1 X-12.407 Y-7.949 E.00451
G1 X-12.693 Y-7.949 E.01388
G1 X-12.775 Y-7.791 E.00868
G1 X-12.849 Y-7.757 E.00392
G1 X-12.849 Y-5.183 E.12529
G1 X-12.277 Y-5.755 E.03936
SET_VELOCITY_LIMIT ACCEL=10000
G1 X-11.664 Y-5.537 F30000
SET_VELOCITY_LIMIT ACCEL=7000
;WIDTH:0.619999
G1 F9000
G1 X-11.664 Y-8.077 E.11943
G1 X-11.9 Y-8.199 E.01248
G1 X-11.953 Y-8.366 E.00821
G1 X-11.953 Y-8.536 E.00801
G1 X-13.147 Y-8.536 E.05618
G1 X-13.147 Y-8.366 E.00801
G1 X-13.218 Y-8.176 E.00951
G1 X-13.436 Y-8.077 E.01125
G1 X-13.436 Y-3.766 E.20275
G1 X-11.69 Y-5.512 E.11613
SET_VELOCITY_LIMIT ACCEL=10000
G1 E-1.2 F2100
;WIPE_START
G1 F9000
G1 X-13.104 Y-4.098
;WIPE_END
G1 X-5.564 Y-4.293 Z3.2 F30000
G1 Z2.8
G1 E1.2 F2100
SET_VELOCITY_LIMIT ACCEL=7000
G1 F9000
G1 X-5.564 Y-8.077 E.17795
G1 X-5.803 Y-8.204 E.01272
G1 X-5.853 Y-8.366 E.00796
G1 X-5.853 Y-8.536 E.00801
G1 X-6.447 Y-8.536 E.02796
G1 X-6.456 Y-8.296 E.01127
G1 X-6.543 Y-8.151 E.00795
G1 X-6.736 Y-8.077 E.00974
G1 X-6.736 Y-3.937 E.1947
G1 X-6.217 Y-4.456 E.03452
G1 X-6.058 Y-4.537 E.00838
G1 X-5.809 Y-4.456 E.01233
G1 X-5.646 Y-4.309 E.01029
G1 X-5.599 Y-4.3 E.00223
SET_VELOCITY_LIMIT ACCEL=10000
G1 E-1.2 F2100
;WIPE_START
G1 F9000
G1 X-5.646 Y-4.309
G1 X-5.809 Y-4.456
G1 X-6.058 Y-4.537
G1 X-6.217 Y-4.456
G1 X-6.736 Y-3.937
G1 X-6.736 Y-4.496
;WIPE_END
G1 X-13.444 Y-.855 Z3.2 F30000
G1 X-31.599 Y9 Z3.2
G1 Z2.8
G1 E1.2 F2100
;TYPE:Gap infill
;WIDTH:0.84584
G1 F9000
G1 X31.599 Y9 E4.13485
;LAYER_CHANGE
;Z:3
;HEIGHT:0.2
;BEFORE_LAYER_CHANGE
;3
G1 E-1.2 F2100
;WIPE_START
G1 F9000
G1 X29.599 Y9
;WIPE_END
;AFTER_LAYER_CHANGE
;3
;_SET_FAN_SPEED_CHANGING_LAYER
G17
G3 Z3.4 I.455 J1.129 P1  F30000
G1 X31.31 Y8.31 Z3.4
G1 Z3
G1 E1.2 F2100
SET_VELOCITY_LIMIT ACCEL=5000
;TYPE:Outer wall
;WIDTH:0.62
G1 F7200
G1 X-31.31 Y8.31 E2.94469
G1 X-31.31 Y4.19 E.19374
M73 P91 R0
G1 X31.31 Y4.19 E2.94469
G1 X31.31 Y8.274 E.19205
SET_VELOCITY_LIMIT ACCEL=10000
G1 E-1.2 F2100
;WIPE_START
G1 F7200
G1 X29.31 Y8.275
;WIPE_END
G1 X21.737 Y7.321 Z3.4 F30000
G1 X-43.569 Y-.908 Z3.4
G1 Z3
G1 E1.2 F2100
SET_VELOCITY_LIMIT ACCEL=5000
G1 F7200
G1 X-43.282 Y-1.282 E.02216
G1 X-42.905 Y-1.571 E.02231
G1 X-42.455 Y-1.753 E.02285
G1 X-42 Y-1.813 E.02158
G1 X-41.531 Y-1.751 E.02225
G1 X-41.092 Y-1.569 E.02231
G1 X-40.709 Y-1.27 E.02285
G1 X-40.43 Y-.906 E.02158
G1 X-40.249 Y-.469 E.02225
G1 X-40.187 Y0 E.02225
G1 X-40.249 Y.469 E.02225
G1 X-40.43 Y.906 E.02225
G1 X-40.718 Y1.282 E.02225
G1 X-41.094 Y1.57 E.02225
G1 X-41.531 Y1.751 E.02225
G1 X-42 Y1.813 E.02225
G1 X-42.469 Y1.751 E.02225
G1 X-42.908 Y1.569 E.02231
G1 X-43.291 Y1.27 E.02285
G1 X-43.57 Y.906 E.02158
G1 X-43.751 Y.469 E.02225
G1 X-43.813 Y0 E.02225
G1 X-43.751 Y-.469 E.02225
G1 X-43.583 Y-.875 E.02066
SET_VELOCITY_LIMIT ACCEL=10000
G1 E-1.2 F2100
;WIPE_START
G1 F7200
G1 X-43.282 Y-1.282
G1 X-42.905 Y-1.571
G1 X-42.455 Y-1.753
G1 X-42 Y-1.813
G1 X-41.926 Y-1.803
;WIPE_END
G1 X-34.295 Y-1.636 Z3.4 F30000
G1 X40.188 Y-.002 Z3.4
G1 Z3
G1 E1.2 F2100
SET_VELOCITY_LIMIT ACCEL=5000
G1 F7200
G1 X40.249 Y-.469 E.02216
G1 X40.43 Y-.906 E.02225
G1 X40.718 Y-1.282 E.02225
G1 X41.095 Y-1.571 E.02231
G1 X41.545 Y-1.753 E.02285
G1 X42 Y-1.813 E.02158
G1 X42.469 Y-1.751 E.02225
G1 X42.906 Y-1.57 E.02225
G1 X43.282 Y-1.282 E.02225
G1 X43.57 Y-.906 E.02225
G1 X43.751 Y-.469 E.02225
G1 X43.813 Y0 E.02225
G1 X43.751 Y.469 E.02225
G1 X43.57 Y.906 E.02225
G1 X43.282 Y1.282 E.02225
G1 X42.906 Y1.57 E.02225
G1 X42.469 Y1.751 E.02225
G1 X42 Y1.813 E.02225
G1 X41.531 Y1.751 E.02225
G1 X41.094 Y1.57 E.02225
G1 X40.718 Y1.282 E.02225
G1 X40.43 Y.906 E.02225
G1 X40.249 Y.469 E.02225
G1 X40.192 Y.034 E.02065
SET_VELOCITY_LIMIT ACCEL=10000
G1 E-1.2 F2100
;WIPE_START
G1 F7200
G1 X40.249 Y-.469
G1 X40.43 Y-.906
G1 X40.718 Y-1.282
G1 X41.095 Y-1.571
G1 X41.162 Y-1.598
;WIPE_END
G1 X33.62 Y-2.771 Z3.4 F30000
G1 X1.213 Y-7.81 Z3.4
G1 Z3
G1 E1.2 F2100
SET_VELOCITY_LIMIT ACCEL=5000
;TYPE:Inner wall
G1 F9000
G1 X1.213 Y-8.387 E.02714
G1 X4.987 Y-8.387 E.17748
G1 X4.987 Y-3.613 E.2245
G1 X1.213 Y-3.613 E.17748
G1 X1.213 Y-7.774 E.19567
SET_VELOCITY_LIMIT ACCEL=10000
G1 X1.79 Y-7.81 F30000
SET_VELOCITY_LIMIT ACCEL=5000
;TYPE:Outer wall
G1 F7200
G1 X4.41 Y-7.81 E.1232
G1 X4.41 Y-4.19 E.17023
G1 X1.79 Y-4.19 E.1232
G1 X1.79 Y-7.774 E.16854
SET_VELOCITY_LIMIT ACCEL=10000
G1 E-1.2 F2100
;WIPE_START
G1 F7200
G1 X3.79 Y-7.801
;WIPE_END
G1 X7.89 Y-3.613 Z3.4 F30000
G1 Z3
G1 E1.2 F2100
SET_VELOCITY_LIMIT ACCEL=5000
;TYPE:Inner wall
G1 F9000
G1 X7.313 Y-3.613 E.02714
G1 X7.313 Y-8.387 E.2245
G1 X11.087 Y-8.387 E.17748
G1 X11.087 Y-3.613 E.2245
G1 X7.926 Y-3.613 E.14865
SET_VELOCITY_LIMIT ACCEL=10000
G1 X7.89 Y-4.19 F30000
SET_VELOCITY_LIMIT ACCEL=5000
;TYPE:Outer wall
G1 F7200
G1 X7.89 Y-7.81 E.17023
G1 X10.51 Y-7.81 E.1232
G1 X10.51 Y-4.19 E.17023
G1 X7.926 Y-4.19 E.12151
SET_VELOCITY_LIMIT ACCEL=10000
G1 E-1.2 F2100
;WIPE_START
G1 F7200
G1 X7.906 Y-6.19
;WIPE_END
G1 X13.413 Y-7.81 Z3.4 F30000
G1 Z3
G1 E1.2 F2100
SET_VELOCITY_LIMIT ACCEL=5000
;TYPE:Inner wall
G1 F9000
G1 X13.413 Y-8.387 E.02714
G1 X17.187 Y-8.387 E.17748
G1 X17.187 Y-3.613 E.2245
G1 X13.413 Y-3.613 E.17748
G1 X13.413 Y-7.774 E.19567
SET_VELOCITY_LIMIT ACCEL=10000
G1 X13.99 Y-7.81 F30000
SET_VELOCITY_LIMIT ACCEL=5000
;TYPE:Outer wall
G1 F7200
G1 X16.61 Y-7.81 E.1232
G1 X16.61 Y-4.19 E.17023
G1 X13.99 Y-4.19 E.1232
G1 X13.99 Y-7.774 E.16854
SET_VELOCITY_LIMIT ACCEL=10000
G1 E-1.2 F2100
;WIPE_START
G1 F7200
G1 X15.99 Y-7.801
;WIPE_END
G1 X19.513 Y-7.81 Z3.4 F30000
G1 Z3
G1 E1.2 F2100
SET_VELOCITY_LIMIT ACCEL=5000
;TYPE:Inner wall
G1 F9000
G1 X19.513 Y-8.387 E.02714
G1 X23.287 Y-8.387 E.17748
G1 X23.287 Y-3.613 E.2245
G1 X19.513 Y-3.613 E.17748
G1 X19.513 Y-7.774 E.19567
SET_VELOCITY_LIMIT ACCEL=10000
G1 X20.09 Y-7.81 F30000
SET_VELOCITY_LIMIT ACCEL=5000
;TYPE:Outer wall
G1 F7200
G1 X22.71 Y-7.81 E.1232
G1 X22.71 Y-4.19 E.17023
G1 X20.09 Y-4.19 E.1232
G1 X20.09 Y-7.774 E.16854
SET_VELOCITY_LIMIT ACCEL=10000
G1 E-1.2 F2100
;WIPE_START
G1 F7200
G1 X22.09 Y-7.801
;WIPE_END
G1 X26.19 Y-3.613 Z3.4 F30000
G1 Z3
G1 E1.2 F2100
SET_VELOCITY_LIMIT ACCEL=5000
;TYPE:Inner wall
G1 F9000
G1 X25.613 Y-3.613 E.02714
G1 X25.613 Y-8.387 E.2245
G1 X29.387 Y-8.387 E.17748
G1 X29.387 Y-3.613 E.2245
G1 X26.226 Y-3.613 E.14865
SET_VELOCITY_LIMIT ACCEL=10000
G1 X26.19 Y-4.19 F30000
SET_VELOCITY_LIMIT ACCEL=5000
;TYPE:Outer wall
G1 F7200
G1 X26.19 Y-7.81 E.17023
G1 X28.81 Y-7.81 E.1232
G1 X28.81 Y-4.19 E.17023
G1 X26.226 Y-4.19 E.12151
SET_VELOCITY_LIMIT ACCEL=10000
G1 E-1.2 F2100
;WIPE_START
G1 F7200
G1 X26.206 Y-6.19
;WIPE_END
G1 X18.584 Y-6.586 Z3.4 F30000
G1 X-4.987 Y-7.81 Z3.4
M73 P92 R0
G1 Z3
G1 E1.2 F2100
SET_VELOCITY_LIMIT ACCEL=5000
;TYPE:Inner wall
G1 F9000
G1 X-4.987 Y-8.387 E.02714
G1 X-1.213 Y-8.387 E.17748
G1 X-1.213 Y-3.613 E.2245
G1 X-4.987 Y-3.613 E.17748
G1 X-4.987 Y-7.774 E.19567
SET_VELOCITY_LIMIT ACCEL=10000
G1 X-4.41 Y-7.81 F30000
SET_VELOCITY_LIMIT ACCEL=5000
;TYPE:Outer wall
G1 F7200
G1 X-1.79 Y-7.81 E.1232
G1 X-1.79 Y-4.19 E.17023
G1 X-4.41 Y-4.19 E.1232
G1 X-4.41 Y-7.774 E.16854
SET_VELOCITY_LIMIT ACCEL=10000
G1 E-1.2 F2100
;WIPE_START
G1 F7200
G1 X-2.41 Y-7.801
;WIPE_END
G1 X-10.043 Y-7.809 Z3.4 F30000
G1 X-11.087 Y-7.81 Z3.4
G1 Z3
G1 E1.2 F2100
SET_VELOCITY_LIMIT ACCEL=5000
;TYPE:Inner wall
G1 F9000
G1 X-11.087 Y-8.387 E.02714
G1 X-7.313 Y-8.387 E.17748
G1 X-7.313 Y-3.613 E.2245
G1 X-11.087 Y-3.613 E.17748
G1 X-11.087 Y-7.774 E.19567
SET_VELOCITY_LIMIT ACCEL=10000
G1 X-10.51 Y-7.81 F30000
SET_VELOCITY_LIMIT ACCEL=5000
;TYPE:Outer wall
G1 F7200
G1 X-7.89 Y-7.81 E.1232
G1 X-7.89 Y-4.19 E.17023
G1 X-10.51 Y-4.19 E.1232
G1 X-10.51 Y-7.774 E.16854
SET_VELOCITY_LIMIT ACCEL=10000
G1 E-1.2 F2100
;WIPE_START
G1 F7200
G1 X-8.51 Y-7.801
;WIPE_END
G1 X-15.387 Y-4.491 Z3.4 F30000
G1 X-17.21 Y-3.613 Z3.4
G1 Z3
G1 E1.2 F2100
SET_VELOCITY_LIMIT ACCEL=5000
;TYPE:Inner wall
G1 F9000
G1 X-17.787 Y-3.613 E.02714
G1 X-17.787 Y-8.387 E.2245
G1 X-14.013 Y-8.387 E.17748
G1 X-14.013 Y-3.613 E.2245
G1 X-17.174 Y-3.613 E.14865
SET_VELOCITY_LIMIT ACCEL=10000
G1 X-17.21 Y-4.19 F30000
SET_VELOCITY_LIMIT ACCEL=5000
;TYPE:Outer wall
G1 F7200
G1 X-17.21 Y-7.81 E.17023
G1 X-14.59 Y-7.81 E.1232
G1 X-14.59 Y-4.19 E.17023
G1 X-17.174 Y-4.19 E.12151
SET_VELOCITY_LIMIT ACCEL=10000
G1 E-1.2 F2100
;WIPE_START
G1 F7200
G1 X-17.194 Y-6.19
;WIPE_END
G1 X-22.71 Y-3.613 Z3.4 F30000
G1 Z3
G1 E1.2 F2100
SET_VELOCITY_LIMIT ACCEL=5000
;TYPE:Inner wall
G1 F9000
G1 X-23.287 Y-3.613 E.02714
G1 X-23.287 Y-8.387 E.2245
G1 X-19.513 Y-8.387 E.17748
G1 X-19.513 Y-3.613 E.2245
G1 X-22.674 Y-3.613 E.14865
SET_VELOCITY_LIMIT ACCEL=10000
G1 X-22.71 Y-4.19 F30000
SET_VELOCITY_LIMIT ACCEL=5000
;TYPE:Outer wall
G1 F7200
G1 X-22.71 Y-7.81 E.17023
G1 X-20.09 Y-7.81 E.1232
G1 X-20.09 Y-4.19 E.17023
G1 X-22.674 Y-4.19 E.12151
SET_VELOCITY_LIMIT ACCEL=10000
G1 E-1.2 F2100
;WIPE_START
G1 F7200
G1 X-22.694 Y-6.19
;WIPE_END
G1 X-28.81 Y-3.613 Z3.4 F30000
G1 Z3
G1 E1.2 F2100
SET_VELOCITY_LIMIT ACCEL=5000
;TYPE:Inner wall
G1 F9000
G1 X-29.387 Y-3.613 E.02714
G1 X-29.387 Y-8.387 E.2245
G1 X-25.613 Y-8.387 E.17748
G1 X-25.613 Y-3.613 E.2245
G1 X-28.774 Y-3.613 E.14865
SET_VELOCITY_LIMIT ACCEL=10000
G1 X-28.81 Y-4.19 F30000
SET_VELOCITY_LIMIT ACCEL=5000
;TYPE:Outer wall
G1 F7200
G1 X-28.81 Y-7.81 E.17023
G1 X-26.19 Y-7.81 E.1232
G1 X-26.19 Y-4.19 E.17023
G1 X-28.774 Y-4.19 E.12151
SET_VELOCITY_LIMIT ACCEL=10000
G1 E-1.2 F2100
;WIPE_START
G1 F7200
G1 X-28.794 Y-6.19
;WIPE_END
G1 X-21.192 Y-5.511 Z3.4 F30000
G1 X39.615 Y-.077 Z3.4
G1 Z3
G1 E1.2 F2100
SET_VELOCITY_LIMIT ACCEL=5000
;TYPE:Inner wall
G1 F9000
G1 X39.605 Y0 E.00367
G1 X39.687 Y.62 E.0294
G1 X39.926 Y1.197 E.0294
G1 X40.307 Y1.693 E.0294
G1 X40.803 Y2.074 E.0294
G1 X41.38 Y2.313 E.0294
G1 X42 Y2.395 E.0294
G1 X42.62 Y2.313 E.0294
G1 X43.197 Y2.074 E.0294
G1 X43.693 Y1.693 E.0294
G1 X43.878 Y1.453 E.01426
G1 X44.113 Y1.532 E.01167
G1 X44.113 Y9.113 E.35647
G1 X31.887 Y9.113 E.57492
G1 X31.887 Y3.613 E.25864
G1 X-31.887 Y3.613 E2.99896
G1 X-31.887 Y9.113 E.25864
G1 X-44.113 Y9.113 E.57492
G1 X-44.113 Y1.532 E.35647
G1 X-43.878 Y1.453 E.01167
G1 X-43.704 Y1.68 E.01347
G1 X-43.201 Y2.072 E.02999
G1 X-42.62 Y2.313 E.02958
G1 X-42 Y2.395 E.0294
G1 X-41.38 Y2.313 E.0294
G1 X-40.803 Y2.074 E.0294
G1 X-40.307 Y1.693 E.0294
G1 X-39.926 Y1.197 E.0294
G1 X-39.687 Y.62 E.0294
G1 X-39.605 Y0 E.0294
G1 X-39.687 Y-.62 E.0294
G1 X-39.926 Y-1.197 E.0294
G1 X-40.296 Y-1.68 E.02861
G1 X-40.799 Y-2.072 E.02999
G1 X-41.38 Y-2.313 E.02958
G1 X-42 Y-2.395 E.0294
G1 X-42.603 Y-2.315 E.02861
G1 X-43.194 Y-2.076 E.02999
G1 X-43.693 Y-1.693 E.02958
G1 X-43.878 Y-1.453 E.01426
G1 X-44.113 Y-1.532 E.01167
G1 X-44.113 Y-9.113 E.35647
G1 X44.113 Y-9.113 E4.14879
G1 X44.113 Y-1.532 E.35647
M73 P93 R0
G1 X43.878 Y-1.453 E.01167
G1 X43.693 Y-1.693 E.01426
G1 X43.197 Y-2.074 E.0294
G1 X42.62 Y-2.313 E.0294
G1 X42 Y-2.395 E.0294
G1 X41.397 Y-2.315 E.02861
G1 X40.806 Y-2.076 E.02999
G1 X40.307 Y-1.693 E.02957
G1 X39.926 Y-1.197 E.0294
G1 X39.687 Y-.62 E.0294
G1 X39.62 Y-.113 E.02404
SET_VELOCITY_LIMIT ACCEL=10000
G1 E-1.2 F2100
;WIPE_START
G1 F9000
G1 X39.605 Y0
G1 X39.687 Y.62
G1 X39.926 Y1.197
G1 X40.307 Y1.693
G1 X40.315 Y1.7
;WIPE_END
G1 X43.052 Y-5.425 Z3.4 F30000
G1 X44.69 Y-9.69 Z3.4
G1 Z3
G1 E1.2 F2100
SET_VELOCITY_LIMIT ACCEL=5000
;TYPE:Outer wall
G1 F7200
G1 X44.69 Y9.69 E.91134
G1 X-44.69 Y9.69 E4.20307
G1 X-44.69 Y-9.69 E.91134
G1 X44.654 Y-9.69 E4.20137
SET_VELOCITY_LIMIT ACCEL=10000
G1 E-1.2 F2100
;WIPE_START
G1 F7200
G1 X44.658 Y-7.69
;WIPE_END
G1 X44.128 Y-1.233 Z3.4 F30000
G1 Z3
G1 E1.2 F2100
;TYPE:Gap infill
;WIDTH:0.403465
G1 F9000
G1 X44.216 Y-.569 E.01968
G1 X44.234 Y-.294 E.00808
;WIDTH:0.359953
G1 X44.252 Y-.02 E.00711
;WIDTH:0.357717
G1 X44.234 Y.294 E.00806
;WIDTH:0.395946
G1 X44.216 Y.569 E.00792
;WIDTH:0.420458
G1 X44.128 Y1.233 E.02061
G1 E-1.2 F2100
;WIPE_START
G1 F9000
G1 X44.216 Y.569
;WIPE_END
G1 X37.87 Y4.809 Z3.4 F30000
G1 X31.599 Y9 Z3.4
G1 Z3
G1 E1.2 F2100
;WIDTH:0.84584
G1 F9000
G1 X-31.599 Y9 E4.13485
G1 E-1.2 F2100
;WIPE_START
G1 F9000
G1 X-29.599 Y9
;WIPE_END
G1 X-36.33 Y5.402 Z3.4 F30000
G1 X-44.128 Y1.233 Z3.4
G1 Z3
G1 E1.2 F2100
;WIDTH:0.403463
G1 F9000
G1 X-44.216 Y.569 E.01968
G1 X-44.234 Y.294 E.00808
;WIDTH:0.359953
G1 X-44.252 Y.02 E.00711
;WIDTH:0.357717
G1 X-44.234 Y-.294 E.00806
;WIDTH:0.395946
G1 X-44.216 Y-.569 E.00792
;WIDTH:0.420458
G1 X-44.128 Y-1.233 E.02061
G1 E-1.2 F2100
;WIPE_START
G1 F9000
G1 X-44.216 Y-.569
;WIPE_END
G1 X-37.782 Y-4.675 Z3.4 F30000
G1 X-31.1 Y-8.94 Z3.4
G1 Z3
G1 E1.2 F2100
SET_VELOCITY_LIMIT ACCEL=2000
;TYPE:Top surface
;WIDTH:0.623266
G1 F7200
G1 X-29.56 Y-7.4 E.10296
SET_VELOCITY_LIMIT ACCEL=10000
G1 X-29.56 Y-6.58 F30000
SET_VELOCITY_LIMIT ACCEL=2000
G1 F7200
G1 X-31.92 Y-8.94 E.15785
SET_VELOCITY_LIMIT ACCEL=10000
G1 X-32.741 Y-8.94 F30000
SET_VELOCITY_LIMIT ACCEL=2000
G1 F7200
G1 X-29.56 Y-5.759 E.21274
SET_VELOCITY_LIMIT ACCEL=10000
G1 X-29.56 Y-4.938 F30000
SET_VELOCITY_LIMIT ACCEL=2000
G1 F7200
G1 X-33.562 Y-8.94 E.26763
SET_VELOCITY_LIMIT ACCEL=10000
G1 X-34.383 Y-8.94 F30000
SET_VELOCITY_LIMIT ACCEL=2000
G1 F7200
G1 X-29.56 Y-4.117 E.32252
SET_VELOCITY_LIMIT ACCEL=10000
G1 E-1.2 F2100
;WIPE_START
G1 F7200
G1 X-30.974 Y-5.532
;WIPE_END
G1 X-24.534 Y-8.94 Z3.4 F30000
G1 Z3
G1 E1.2 F2100
SET_VELOCITY_LIMIT ACCEL=2000
G1 F7200
G1 X-23.46 Y-7.866 E.0718
SET_VELOCITY_LIMIT ACCEL=10000
G1 X-23.46 Y-7.045 F30000
SET_VELOCITY_LIMIT ACCEL=2000
G1 F7200
G1 X-25.151 Y-8.737 E.1131
SET_VELOCITY_LIMIT ACCEL=10000
G1 X-25.44 Y-8.204 F30000
SET_VELOCITY_LIMIT ACCEL=2000
G1 F7200
G1 X-23.46 Y-6.225 E.13239
SET_VELOCITY_LIMIT ACCEL=10000
G1 X-23.46 Y-5.404 F30000
SET_VELOCITY_LIMIT ACCEL=2000
G1 F7200
G1 X-25.44 Y-7.384 E.13239
SET_VELOCITY_LIMIT ACCEL=10000
G1 X-25.44 Y-6.563 F30000
SET_VELOCITY_LIMIT ACCEL=2000
G1 F7200
G1 X-23.46 Y-4.583 E.13239
SET_VELOCITY_LIMIT ACCEL=10000
G1 X-23.46 Y-3.763 F30000
SET_VELOCITY_LIMIT ACCEL=2000
G1 F7200
G1 X-25.44 Y-5.742 E.13239
SET_VELOCITY_LIMIT ACCEL=10000
G1 E-1.2 F2100
;WIPE_START
G1 F7200
G1 X-24.026 Y-4.328
;WIPE_END
G1 X-18.789 Y-8.94 Z3.4 F30000
G1 Z3
M73 P94 R0
G1 E1.2 F2100
SET_VELOCITY_LIMIT ACCEL=2000
G1 F7200
G1 X-17.96 Y-8.111 E.05541
SET_VELOCITY_LIMIT ACCEL=10000
G1 X-17.96 Y-7.291 F30000
SET_VELOCITY_LIMIT ACCEL=2000
G1 F7200
G1 X-19.151 Y-8.481 E.07961
SET_VELOCITY_LIMIT ACCEL=10000
G1 X-19.34 Y-7.849 F30000
SET_VELOCITY_LIMIT ACCEL=2000
G1 F7200
G1 X-17.96 Y-6.47 E.09227
SET_VELOCITY_LIMIT ACCEL=10000
G1 X-17.96 Y-5.649 F30000
SET_VELOCITY_LIMIT ACCEL=2000
G1 F7200
G1 X-19.34 Y-7.029 E.09227
SET_VELOCITY_LIMIT ACCEL=10000
G1 X-19.34 Y-6.208 F30000
SET_VELOCITY_LIMIT ACCEL=2000
G1 F7200
G1 X-17.96 Y-4.828 E.09227
SET_VELOCITY_LIMIT ACCEL=10000
G1 X-17.96 Y-4.008 F30000
SET_VELOCITY_LIMIT ACCEL=2000
G1 F7200
G1 X-19.34 Y-5.387 E.09227
SET_VELOCITY_LIMIT ACCEL=10000
G1 E-1.2 F2100
;WIPE_START
G1 F7200
G1 X-17.96 Y-4.008
;WIPE_END
G1 X-12.223 Y-8.94 Z3.4 F30000
G1 Z3
G1 E1.2 F2100
SET_VELOCITY_LIMIT ACCEL=2000
G1 F7200
G1 X-11.26 Y-7.977 E.06438
SET_VELOCITY_LIMIT ACCEL=10000
G1 X-11.26 Y-7.156 F30000
SET_VELOCITY_LIMIT ACCEL=2000
G1 F7200
G1 X-13.044 Y-8.94 E.11927
SET_VELOCITY_LIMIT ACCEL=10000
G1 X-13.551 Y-8.627 F30000
SET_VELOCITY_LIMIT ACCEL=2000
G1 F7200
G1 X-11.26 Y-6.336 E.15323
SET_VELOCITY_LIMIT ACCEL=10000
G1 X-11.26 Y-5.515 F30000
SET_VELOCITY_LIMIT ACCEL=2000
G1 F7200
G1 X-13.84 Y-8.095 E.17252
SET_VELOCITY_LIMIT ACCEL=10000
G1 X-13.84 Y-7.274 F30000
SET_VELOCITY_LIMIT ACCEL=2000
G1 F7200
G1 X-11.26 Y-4.694 E.17252
SET_VELOCITY_LIMIT ACCEL=10000
G1 X-11.26 Y-3.874 F30000
SET_VELOCITY_LIMIT ACCEL=2000
G1 F7200
G1 X-13.84 Y-6.453 E.17252
SET_VELOCITY_LIMIT ACCEL=10000
G1 E-1.2 F2100
;WIPE_START
G1 F7200
G1 X-12.426 Y-5.039
;WIPE_END
G1 X-5.234 Y-7.596 Z3.4 F30000
G1 X-5.16 Y-7.622 Z3.4
G1 Z3
G1 E1.2 F2100
SET_VELOCITY_LIMIT ACCEL=2000
G1 F7200
G1 X-6.478 Y-8.94 E.08811
SET_VELOCITY_LIMIT ACCEL=10000
G1 X-6.851 Y-8.493 F30000
SET_VELOCITY_LIMIT ACCEL=2000
G1 F7200
G1 X-5.16 Y-6.802 E.1131
SET_VELOCITY_LIMIT ACCEL=10000
G1 X-5.16 Y-5.981 F30000
SET_VELOCITY_LIMIT ACCEL=2000
G1 F7200
G1 X-7.14 Y-7.96 E.13239
SET_VELOCITY_LIMIT ACCEL=10000
G1 X-7.14 Y-7.14 F30000
SET_VELOCITY_LIMIT ACCEL=2000
G1 F7200
G1 X-5.16 Y-5.16 E.13239
SET_VELOCITY_LIMIT ACCEL=10000
G1 X-5.16 Y-4.339 F30000
SET_VELOCITY_LIMIT ACCEL=2000
G1 F7200
G1 X-7.14 Y-6.319 E.13239
SET_VELOCITY_LIMIT ACCEL=10000
G1 X-7.14 Y-5.498 F30000
SET_VELOCITY_LIMIT ACCEL=2000
G1 F7200
G1 X-5.16 Y-3.519 E.13239
SET_VELOCITY_LIMIT ACCEL=10000
G1 E-1.2 F2100
;WIPE_START
G1 F7200
G1 X-6.574 Y-4.933
;WIPE_END
G1 X-.034 Y-8.866 Z3.4 F30000
G1 X.088 Y-8.94 Z3.4
G1 Z3
G1 E1.2 F2100
SET_VELOCITY_LIMIT ACCEL=2000
G1 F7200
G1 X1.04 Y-7.988 E.06364
SET_VELOCITY_LIMIT ACCEL=10000
G1 X1.04 Y-7.167 F30000
SET_VELOCITY_LIMIT ACCEL=2000
G1 F7200
G1 X-.733 Y-8.94 E.11853
SET_VELOCITY_LIMIT ACCEL=10000
G1 X-1.04 Y-8.426 F30000
SET_VELOCITY_LIMIT ACCEL=2000
G1 F7200
G1 X1.04 Y-6.347 E.13908
SET_VELOCITY_LIMIT ACCEL=10000
G1 X1.04 Y-5.526 F30000
SET_VELOCITY_LIMIT ACCEL=2000
G1 F7200
G1 X-1.04 Y-7.606 E.13908
SET_VELOCITY_LIMIT ACCEL=10000
G1 X-1.04 Y-6.785 F30000
SET_VELOCITY_LIMIT ACCEL=2000
G1 F7200
G1 X1.04 Y-4.705 E.13908
SET_VELOCITY_LIMIT ACCEL=10000
G1 X1.04 Y-3.885 F30000
SET_VELOCITY_LIMIT ACCEL=2000
G1 F7200
G1 X-1.04 Y-5.964 E.13908
SET_VELOCITY_LIMIT ACCEL=10000
G1 E-1.2 F2100
;WIPE_START
G1 F7200
G1 X.374 Y-4.55
;WIPE_END
G1 X5.833 Y-8.94 Z3.4 F30000
G1 Z3
G1 E1.2 F2100
SET_VELOCITY_LIMIT ACCEL=2000
G1 F7200
G1 X7.14 Y-7.633 E.08737
SET_VELOCITY_LIMIT ACCEL=10000
G1 X7.14 Y-6.813 F30000
SET_VELOCITY_LIMIT ACCEL=2000
G1 F7200
G1 X5.449 Y-8.504 E.1131
SET_VELOCITY_LIMIT ACCEL=10000
G1 X5.16 Y-7.971 F30000
SET_VELOCITY_LIMIT ACCEL=2000
G1 F7200
G1 X7.14 Y-5.992 E.13239
SET_VELOCITY_LIMIT ACCEL=10000
G1 X7.14 Y-5.171 F30000
SET_VELOCITY_LIMIT ACCEL=2000
G1 F7200
G1 X5.16 Y-7.151 E.13239
SET_VELOCITY_LIMIT ACCEL=10000
G1 X5.16 Y-6.33 F30000
SET_VELOCITY_LIMIT ACCEL=2000
G1 F7200
G1 X7.14 Y-4.35 E.13239
SET_VELOCITY_LIMIT ACCEL=10000
G1 X7.14 Y-3.53 F30000
SET_VELOCITY_LIMIT ACCEL=2000
G1 F7200
G1 X5.16 Y-5.509 E.13239
SET_VELOCITY_LIMIT ACCEL=10000
G1 E-1.2 F2100
;WIPE_START
G1 F7200
G1 X6.574 Y-4.095
;WIPE_END
G1 X12.399 Y-8.94 Z3.4 F30000
G1 Z3
G1 E1.2 F2100
SET_VELOCITY_LIMIT ACCEL=2000
G1 F7200
G1 X13.24 Y-8.099 E.05622
SET_VELOCITY_LIMIT ACCEL=10000
G1 X13.24 Y-7.278 F30000
SET_VELOCITY_LIMIT ACCEL=2000
G1 F7200
G1 X11.578 Y-8.94 E.11111
SET_VELOCITY_LIMIT ACCEL=10000
G1 X11.26 Y-8.437 F30000
SET_VELOCITY_LIMIT ACCEL=2000
G1 F7200
G1 X13.24 Y-6.458 E.13239
SET_VELOCITY_LIMIT ACCEL=10000
G1 X13.24 Y-5.637 F30000
SET_VELOCITY_LIMIT ACCEL=2000
G1 F7200
G1 X11.26 Y-7.617 E.13239
SET_VELOCITY_LIMIT ACCEL=10000
G1 X11.26 Y-6.796 F30000
SET_VELOCITY_LIMIT ACCEL=2000
G1 F7200
G1 X13.24 Y-4.816 E.13239
SET_VELOCITY_LIMIT ACCEL=10000
G1 X13.24 Y-3.996 F30000
SET_VELOCITY_LIMIT ACCEL=2000
G1 F7200
G1 X11.26 Y-5.975 E.13239
SET_VELOCITY_LIMIT ACCEL=10000
G1 E-1.2 F2100
;WIPE_START
G1 F7200
G1 X12.674 Y-4.561
;WIPE_END
G1 X18.144 Y-8.94 Z3.4 F30000
G1 Z3
G1 E1.2 F2100
SET_VELOCITY_LIMIT ACCEL=2000
G1 F7200
G1 X19.34 Y-7.744 E.07995
SET_VELOCITY_LIMIT ACCEL=10000
G1 X19.34 Y-6.924 F30000
SET_VELOCITY_LIMIT ACCEL=2000
G1 F7200
G1 X17.649 Y-8.615 E.1131
SET_VELOCITY_LIMIT ACCEL=10000
G1 X17.36 Y-8.082 F30000
SET_VELOCITY_LIMIT ACCEL=2000
G1 F7200
G1 X19.34 Y-6.103 E.13239
SET_VELOCITY_LIMIT ACCEL=10000
G1 X19.34 Y-5.282 F30000
SET_VELOCITY_LIMIT ACCEL=2000
G1 F7200
G1 X17.36 Y-7.262 E.13239
SET_VELOCITY_LIMIT ACCEL=10000
G1 X17.36 Y-6.441 F30000
SET_VELOCITY_LIMIT ACCEL=2000
G1 F7200
G1 X19.34 Y-4.461 E.13239
SET_VELOCITY_LIMIT ACCEL=10000
G1 X19.34 Y-3.641 F30000
SET_VELOCITY_LIMIT ACCEL=2000
G1 F7200
G1 X17.36 Y-5.62 E.13239
SET_VELOCITY_LIMIT ACCEL=10000
G1 E-1.2 F2100
;WIPE_START
G1 F7200
G1 X18.774 Y-4.206
;WIPE_END
G1 X23.889 Y-8.94 Z3.4 F30000
G1 Z3
G1 E1.2 F2100
SET_VELOCITY_LIMIT ACCEL=2000
G1 F7200
G1 X25.44 Y-7.389 E.10369
SET_VELOCITY_LIMIT ACCEL=10000
G1 X25.44 Y-6.569 F30000
SET_VELOCITY_LIMIT ACCEL=2000
G1 F7200
G1 X23.528 Y-8.481 E.12789
SET_VELOCITY_LIMIT ACCEL=10000
G1 X23.46 Y-7.728 F30000
SET_VELOCITY_LIMIT ACCEL=2000
G1 F7200
G1 X25.44 Y-5.748 E.13239
SET_VELOCITY_LIMIT ACCEL=10000
G1 X25.44 Y-4.927 F30000
SET_VELOCITY_LIMIT ACCEL=2000
G1 F7200
G1 X23.46 Y-6.907 E.13239
SET_VELOCITY_LIMIT ACCEL=10000
G1 X23.46 Y-6.086 F30000
SET_VELOCITY_LIMIT ACCEL=2000
G1 F7200
G1 X25.44 Y-4.107 E.13239
SET_VELOCITY_LIMIT ACCEL=10000
G1 E-1.2 F2100
;WIPE_START
G1 F7200
G1 X24.026 Y-5.521
;WIPE_END
G1 X31.534 Y-6.891 Z3.4 F30000
M73 P95 R0
G1 X42.766 Y-8.94 Z3.4
G1 Z3
G1 E1.2 F2100
SET_VELOCITY_LIMIT ACCEL=2000
G1 F7200
G1 X43.94 Y-7.766 E.07848
SET_VELOCITY_LIMIT ACCEL=10000
G1 X43.94 Y-6.946 F30000
SET_VELOCITY_LIMIT ACCEL=2000
G1 F7200
G1 X41.946 Y-8.94 E.13337
SET_VELOCITY_LIMIT ACCEL=10000
G1 X41.125 Y-8.94 F30000
SET_VELOCITY_LIMIT ACCEL=2000
G1 F7200
G1 X43.94 Y-6.125 E.18826
SET_VELOCITY_LIMIT ACCEL=10000
G1 X43.94 Y-5.304 F30000
SET_VELOCITY_LIMIT ACCEL=2000
G1 F7200
G1 X40.304 Y-8.94 E.24315
SET_VELOCITY_LIMIT ACCEL=10000
G1 X39.483 Y-8.94 F30000
SET_VELOCITY_LIMIT ACCEL=2000
G1 F7200
G1 X43.94 Y-4.483 E.29804
SET_VELOCITY_LIMIT ACCEL=10000
G1 X43.94 Y-3.663 F30000
SET_VELOCITY_LIMIT ACCEL=2000
G1 F7200
G1 X38.663 Y-8.94 E.35293
SET_VELOCITY_LIMIT ACCEL=10000
G1 X37.842 Y-8.94 F30000
SET_VELOCITY_LIMIT ACCEL=2000
G1 F7200
G1 X43.94 Y-2.842 E.40782
SET_VELOCITY_LIMIT ACCEL=10000
G1 X43.94 Y-2.021 F30000
SET_VELOCITY_LIMIT ACCEL=2000
G1 F7200
G1 X37.021 Y-8.94 E.46271
SET_VELOCITY_LIMIT ACCEL=10000
G1 X36.2 Y-8.94 F30000
SET_VELOCITY_LIMIT ACCEL=2000
G1 F7200
G1 X42.657 Y-2.483 E.43184
SET_VELOCITY_LIMIT ACCEL=10000
G1 X41.779 Y-2.54 F30000
SET_VELOCITY_LIMIT ACCEL=2000
G1 F7200
G1 X35.38 Y-8.94 E.428
SET_VELOCITY_LIMIT ACCEL=10000
G1 X34.559 Y-8.94 F30000
SET_VELOCITY_LIMIT ACCEL=2000
G1 F7200
G1 X41.112 Y-2.387 E.43826
SET_VELOCITY_LIMIT ACCEL=10000
G1 X40.567 Y-2.111 F30000
SET_VELOCITY_LIMIT ACCEL=2000
G1 F7200
G1 X33.738 Y-8.94 E.45669
SET_VELOCITY_LIMIT ACCEL=10000
G1 X32.918 Y-8.94 F30000
SET_VELOCITY_LIMIT ACCEL=2000
G1 F7200
G1 X40.121 Y-1.736 E.48178
SET_VELOCITY_LIMIT ACCEL=10000
G1 X39.768 Y-1.268 F30000
SET_VELOCITY_LIMIT ACCEL=2000
G1 F7200
G1 X32.097 Y-8.94 E.51305
SET_VELOCITY_LIMIT ACCEL=10000
G1 X31.276 Y-8.94 F30000
SET_VELOCITY_LIMIT ACCEL=2000
G1 F7200
G1 X39.528 Y-.688 E.55187
SET_VELOCITY_LIMIT ACCEL=10000
G1 X39.436 Y.041 F30000
SET_VELOCITY_LIMIT ACCEL=2000
G1 F7200
G1 X30.455 Y-8.94 E.60062
SET_VELOCITY_LIMIT ACCEL=10000
G1 X29.849 Y-8.726 F30000
SET_VELOCITY_LIMIT ACCEL=2000
G1 F7200
G1 X39.715 Y1.141 E.65987
SET_VELOCITY_LIMIT ACCEL=10000
G1 E-1.2 F2100
;WIPE_START
G1 F7200
G1 X38.301 Y-.273
;WIPE_END
G1 X43.268 Y2.232 Z3.4 F30000
G1 Z3
G1 E1.2 F2100
SET_VELOCITY_LIMIT ACCEL=2000
G1 F7200
G1 X43.94 Y2.903 E.0449
SET_VELOCITY_LIMIT ACCEL=10000
G1 X43.94 Y3.724 F30000
SET_VELOCITY_LIMIT ACCEL=2000
G1 F7200
G1 X42.688 Y2.472 E.08371
SET_VELOCITY_LIMIT ACCEL=10000
G1 X41.959 Y2.564 F30000
SET_VELOCITY_LIMIT ACCEL=2000
G1 F7200
G1 X43.94 Y4.545 E.13247
SET_VELOCITY_LIMIT ACCEL=10000
G1 X43.94 Y5.365 F30000
SET_VELOCITY_LIMIT ACCEL=2000
G1 F7200
G1 X40.859 Y2.285 E.20604
SET_VELOCITY_LIMIT ACCEL=10000
G1 E-1.2 F2100
;WIPE_START
G1 F7200
G1 X42.273 Y3.699
;WIPE_END
G1 X43.94 Y6.186 Z3.4 F30000
G1 Z3
G1 E1.2 F2100
SET_VELOCITY_LIMIT ACCEL=2000
G1 F7200
G1 X29.56 Y-8.193 E.9617
SET_VELOCITY_LIMIT ACCEL=10000
G1 X29.56 Y-7.373 F30000
SET_VELOCITY_LIMIT ACCEL=2000
G1 F7200
G1 X43.94 Y7.007 E.9617
SET_VELOCITY_LIMIT ACCEL=10000
G1 X43.94 Y7.828 F30000
SET_VELOCITY_LIMIT ACCEL=2000
G1 F7200
G1 X29.56 Y-6.552 E.9617
SET_VELOCITY_LIMIT ACCEL=10000
G1 X29.56 Y-5.731 F30000
SET_VELOCITY_LIMIT ACCEL=2000
G1 F7200
G1 X43.94 Y8.648 E.9617
SET_VELOCITY_LIMIT ACCEL=10000
G1 X43.411 Y8.94 F30000
SET_VELOCITY_LIMIT ACCEL=2000
G1 F7200
G1 X29.56 Y-4.911 E.9263
SET_VELOCITY_LIMIT ACCEL=10000
G1 X29.56 Y-4.09 F30000
SET_VELOCITY_LIMIT ACCEL=2000
G1 F7200
G1 X42.59 Y8.94 E.87141
SET_VELOCITY_LIMIT ACCEL=10000
G1 X41.769 Y8.94 F30000
SET_VELOCITY_LIMIT ACCEL=2000
G1 F7200
G1 X29.389 Y-3.44 E.82794
SET_VELOCITY_LIMIT ACCEL=10000
G1 X28.569 Y-3.44 F30000
SET_VELOCITY_LIMIT ACCEL=2000
G1 F7200
G1 X40.948 Y8.94 E.82794
SET_VELOCITY_LIMIT ACCEL=10000
G1 X40.128 Y8.94 F30000
SET_VELOCITY_LIMIT ACCEL=2000
G1 F7200
G1 X27.748 Y-3.44 E.82794
SET_VELOCITY_LIMIT ACCEL=10000
G1 X26.927 Y-3.44 F30000
SET_VELOCITY_LIMIT ACCEL=2000
G1 F7200
G1 X39.307 Y8.94 E.82794
SET_VELOCITY_LIMIT ACCEL=10000
G1 X38.486 Y8.94 F30000
M73 P96 R0
SET_VELOCITY_LIMIT ACCEL=2000
G1 F7200
G1 X26.107 Y-3.44 E.82794
SET_VELOCITY_LIMIT ACCEL=10000
G1 E-1.2 F2100
;WIPE_START
G1 F7200
G1 X27.521 Y-2.026
;WIPE_END
G1 X23.46 Y-5.265 Z3.4 F30000
G1 Z3
G1 E1.2 F2100
SET_VELOCITY_LIMIT ACCEL=2000
G1 F7200
G1 X37.665 Y8.94 E.95003
SET_VELOCITY_LIMIT ACCEL=10000
G1 X36.845 Y8.94 F30000
SET_VELOCITY_LIMIT ACCEL=2000
G1 F7200
G1 X32.06 Y4.155 E.31998
SET_VELOCITY_LIMIT ACCEL=10000
G1 X32.06 Y4.976 F30000
SET_VELOCITY_LIMIT ACCEL=2000
G1 F7200
G1 X36.024 Y8.94 E.26509
SET_VELOCITY_LIMIT ACCEL=10000
G1 X35.203 Y8.94 F30000
SET_VELOCITY_LIMIT ACCEL=2000
G1 F7200
G1 X32.06 Y5.797 E.2102
SET_VELOCITY_LIMIT ACCEL=10000
G1 X32.06 Y6.618 F30000
SET_VELOCITY_LIMIT ACCEL=2000
G1 F7200
G1 X34.382 Y8.94 E.15531
SET_VELOCITY_LIMIT ACCEL=10000
G1 X33.562 Y8.94 F30000
SET_VELOCITY_LIMIT ACCEL=2000
G1 F7200
G1 X32.06 Y7.438 E.10042
SET_VELOCITY_LIMIT ACCEL=10000
G1 X32.06 Y8.259 F30000
SET_VELOCITY_LIMIT ACCEL=2000
G1 F7200
G1 X32.741 Y8.94 E.04553
SET_VELOCITY_LIMIT ACCEL=10000
G1 E-1.2 F2100
;WIPE_START
G1 F7200
G1 X32.06 Y8.259
;WIPE_END
G1 X31.345 Y3.44 Z3.4 F30000
G1 Z3
G1 E1.2 F2100
SET_VELOCITY_LIMIT ACCEL=2000
G1 F7200
G1 X23.46 Y-4.445 E.52731
SET_VELOCITY_LIMIT ACCEL=10000
G1 X23.46 Y-3.624 F30000
SET_VELOCITY_LIMIT ACCEL=2000
G1 F7200
G1 X30.524 Y3.44 E.47242
SET_VELOCITY_LIMIT ACCEL=10000
G1 X29.703 Y3.44 F30000
SET_VELOCITY_LIMIT ACCEL=2000
G1 F7200
G1 X22.824 Y-3.44 E.4601
SET_VELOCITY_LIMIT ACCEL=10000
G1 X22.003 Y-3.44 F30000
SET_VELOCITY_LIMIT ACCEL=2000
G1 F7200
G1 X28.882 Y3.44 E.4601
SET_VELOCITY_LIMIT ACCEL=10000
G1 X28.062 Y3.44 F30000
SET_VELOCITY_LIMIT ACCEL=2000
G1 F7200
G1 X21.182 Y-3.44 E.4601
SET_VELOCITY_LIMIT ACCEL=10000
G1 X20.361 Y-3.44 F30000
SET_VELOCITY_LIMIT ACCEL=2000
G1 F7200
G1 X27.241 Y3.44 E.4601
SET_VELOCITY_LIMIT ACCEL=10000
G1 X26.42 Y3.44 F30000
SET_VELOCITY_LIMIT ACCEL=2000
G1 F7200
G1 X19.541 Y-3.44 E.4601
SET_VELOCITY_LIMIT ACCEL=10000
G1 E-1.2 F2100
;WIPE_START
G1 F7200
G1 X20.955 Y-2.026
;WIPE_END
G1 X17.36 Y-4.8 Z3.4 F30000
G1 Z3
G1 E1.2 F2100
SET_VELOCITY_LIMIT ACCEL=2000
G1 F7200
G1 X25.6 Y3.44 E.55104
SET_VELOCITY_LIMIT ACCEL=10000
G1 X24.779 Y3.44 F30000
SET_VELOCITY_LIMIT ACCEL=2000
G1 F7200
G1 X17.36 Y-3.979 E.49615
SET_VELOCITY_LIMIT ACCEL=10000
G1 X17.078 Y-3.44 F30000
SET_VELOCITY_LIMIT ACCEL=2000
G1 F7200
G1 X23.958 Y3.44 E.4601
SET_VELOCITY_LIMIT ACCEL=10000
G1 X23.137 Y3.44 F30000
SET_VELOCITY_LIMIT ACCEL=2000
G1 F7200
G1 X16.258 Y-3.44 E.4601
SET_VELOCITY_LIMIT ACCEL=10000
G1 X15.437 Y-3.44 F30000
SET_VELOCITY_LIMIT ACCEL=2000
G1 F7200
G1 X22.317 Y3.44 E.4601
SET_VELOCITY_LIMIT ACCEL=10000
G1 X21.496 Y3.44 F30000
SET_VELOCITY_LIMIT ACCEL=2000
G1 F7200
G1 X14.616 Y-3.44 E.4601
SET_VELOCITY_LIMIT ACCEL=10000
G1 X13.796 Y-3.44 F30000
SET_VELOCITY_LIMIT ACCEL=2000
G1 F7200
G1 X20.675 Y3.44 E.4601
SET_VELOCITY_LIMIT ACCEL=10000
G1 X19.854 Y3.44 F30000
SET_VELOCITY_LIMIT ACCEL=2000
G1 F7200
G1 X11.26 Y-5.154 E.57478
SET_VELOCITY_LIMIT ACCEL=10000
G1 X11.26 Y-4.334 F30000
SET_VELOCITY_LIMIT ACCEL=2000
G1 F7200
G1 X19.034 Y3.44 E.51988
SET_VELOCITY_LIMIT ACCEL=10000
G1 X18.213 Y3.44 F30000
SET_VELOCITY_LIMIT ACCEL=2000
G1 F7200
G1 X11.26 Y-3.513 E.46499
SET_VELOCITY_LIMIT ACCEL=10000
G1 X10.513 Y-3.44 F30000
SET_VELOCITY_LIMIT ACCEL=2000
G1 F7200
G1 X17.392 Y3.44 E.4601
SET_VELOCITY_LIMIT ACCEL=10000
G1 X16.571 Y3.44 F30000
SET_VELOCITY_LIMIT ACCEL=2000
G1 F7200
G1 X9.692 Y-3.44 E.4601
SET_VELOCITY_LIMIT ACCEL=10000
G1 X8.871 Y-3.44 F30000
SET_VELOCITY_LIMIT ACCEL=2000
G1 F7200
G1 X15.751 Y3.44 E.4601
SET_VELOCITY_LIMIT ACCEL=10000
G1 X14.93 Y3.44 F30000
SET_VELOCITY_LIMIT ACCEL=2000
G1 F7200
G1 X8.05 Y-3.44 E.4601
SET_VELOCITY_LIMIT ACCEL=10000
G1 X7.23 Y-3.44 F30000
SET_VELOCITY_LIMIT ACCEL=2000
G1 F7200
G1 X14.109 Y3.44 E.4601
SET_VELOCITY_LIMIT ACCEL=10000
G1 X13.289 Y3.44 F30000
SET_VELOCITY_LIMIT ACCEL=2000
G1 F7200
G1 X5.16 Y-4.689 E.54362
SET_VELOCITY_LIMIT ACCEL=10000
G1 X5.16 Y-3.868 F30000
SET_VELOCITY_LIMIT ACCEL=2000
G1 F7200
G1 X12.468 Y3.44 E.48873
SET_VELOCITY_LIMIT ACCEL=10000
G1 X11.647 Y3.44 F30000
M73 P97 R0
SET_VELOCITY_LIMIT ACCEL=2000
G1 F7200
G1 X4.767 Y-3.44 E.4601
SET_VELOCITY_LIMIT ACCEL=10000
G1 X3.947 Y-3.44 F30000
SET_VELOCITY_LIMIT ACCEL=2000
G1 F7200
G1 X10.826 Y3.44 E.4601
SET_VELOCITY_LIMIT ACCEL=10000
G1 X10.006 Y3.44 F30000
SET_VELOCITY_LIMIT ACCEL=2000
G1 F7200
G1 X3.126 Y-3.44 E.4601
SET_VELOCITY_LIMIT ACCEL=10000
G1 X2.305 Y-3.44 F30000
SET_VELOCITY_LIMIT ACCEL=2000
G1 F7200
G1 X9.185 Y3.44 E.4601
SET_VELOCITY_LIMIT ACCEL=10000
G1 X8.364 Y3.44 F30000
SET_VELOCITY_LIMIT ACCEL=2000
G1 F7200
G1 X1.485 Y-3.44 E.4601
SET_VELOCITY_LIMIT ACCEL=10000
G1 E-1.2 F2100
;WIPE_START
G1 F7200
G1 X2.899 Y-2.026
;WIPE_END
G1 X-1.04 Y-5.143 Z3.4 F30000
G1 Z3
G1 E1.2 F2100
SET_VELOCITY_LIMIT ACCEL=2000
G1 F7200
G1 X7.543 Y3.44 E.57404
SET_VELOCITY_LIMIT ACCEL=10000
G1 X6.723 Y3.44 F30000
SET_VELOCITY_LIMIT ACCEL=2000
G1 F7200
G1 X-1.04 Y-4.323 E.51915
SET_VELOCITY_LIMIT ACCEL=10000
G1 X-1.04 Y-3.502 F30000
SET_VELOCITY_LIMIT ACCEL=2000
G1 F7200
G1 X5.902 Y3.44 E.46426
SET_VELOCITY_LIMIT ACCEL=10000
G1 X5.081 Y3.44 F30000
SET_VELOCITY_LIMIT ACCEL=2000
G1 F7200
G1 X-1.798 Y-3.44 E.4601
SET_VELOCITY_LIMIT ACCEL=10000
G1 X-2.619 Y-3.44 F30000
SET_VELOCITY_LIMIT ACCEL=2000
G1 F7200
G1 X4.26 Y3.44 E.4601
SET_VELOCITY_LIMIT ACCEL=10000
G1 X3.44 Y3.44 F30000
SET_VELOCITY_LIMIT ACCEL=2000
G1 F7200
G1 X-3.44 Y-3.44 E.4601
SET_VELOCITY_LIMIT ACCEL=10000
G1 X-4.261 Y-3.44 F30000
SET_VELOCITY_LIMIT ACCEL=2000
G1 F7200
G1 X2.619 Y3.44 E.4601
SET_VELOCITY_LIMIT ACCEL=10000
G1 X1.798 Y3.44 F30000
SET_VELOCITY_LIMIT ACCEL=2000
G1 F7200
G1 X-5.081 Y-3.44 E.4601
SET_VELOCITY_LIMIT ACCEL=10000
G1 E-1.2 F2100
;WIPE_START
G1 F7200
G1 X-3.667 Y-2.026
;WIPE_END
G1 X-7.14 Y-4.678 Z3.4 F30000
G1 Z3
G1 E1.2 F2100
SET_VELOCITY_LIMIT ACCEL=2000
G1 F7200
G1 X.978 Y3.44 E.54288
SET_VELOCITY_LIMIT ACCEL=10000
G1 X.157 Y3.44 F30000
SET_VELOCITY_LIMIT ACCEL=2000
G1 F7200
G1 X-7.14 Y-3.857 E.48799
SET_VELOCITY_LIMIT ACCEL=10000
G1 X-7.544 Y-3.44 F30000
SET_VELOCITY_LIMIT ACCEL=2000
G1 F7200
G1 X-.664 Y3.44 E.4601
SET_VELOCITY_LIMIT ACCEL=10000
G1 X-1.485 Y3.44 F30000
SET_VELOCITY_LIMIT ACCEL=2000
G1 F7200
G1 X-8.364 Y-3.44 E.4601
SET_VELOCITY_LIMIT ACCEL=10000
G1 X-9.185 Y-3.44 F30000
SET_VELOCITY_LIMIT ACCEL=2000
G1 F7200
G1 X-2.305 Y3.44 E.4601
SET_VELOCITY_LIMIT ACCEL=10000
G1 X-3.126 Y3.44 F30000
SET_VELOCITY_LIMIT ACCEL=2000
G1 F7200
G1 X-10.006 Y-3.44 E.4601
SET_VELOCITY_LIMIT ACCEL=10000
G1 X-10.826 Y-3.44 F30000
SET_VELOCITY_LIMIT ACCEL=2000
G1 F7200
G1 X-3.947 Y3.44 E.4601
SET_VELOCITY_LIMIT ACCEL=10000
G1 X-4.768 Y3.44 F30000
SET_VELOCITY_LIMIT ACCEL=2000
G1 F7200
G1 X-13.84 Y-5.632 E.60674
SET_VELOCITY_LIMIT ACCEL=10000
G1 X-13.84 Y-4.812 F30000
SET_VELOCITY_LIMIT ACCEL=2000
G1 F7200
G1 X-5.588 Y3.44 E.55185
SET_VELOCITY_LIMIT ACCEL=10000
G1 X-6.409 Y3.44 F30000
SET_VELOCITY_LIMIT ACCEL=2000
G1 F7200
G1 X-13.84 Y-3.991 E.49696
SET_VELOCITY_LIMIT ACCEL=10000
G1 X-14.109 Y-3.44 F30000
SET_VELOCITY_LIMIT ACCEL=2000
G1 F7200
G1 X-7.23 Y3.44 E.4601
SET_VELOCITY_LIMIT ACCEL=10000
G1 X-8.051 Y3.44 F30000
SET_VELOCITY_LIMIT ACCEL=2000
G1 F7200
G1 X-14.93 Y-3.44 E.4601
SET_VELOCITY_LIMIT ACCEL=10000
G1 X-15.751 Y-3.44 F30000
SET_VELOCITY_LIMIT ACCEL=2000
G1 F7200
G1 X-8.871 Y3.44 E.4601
SET_VELOCITY_LIMIT ACCEL=10000
G1 X-9.692 Y3.44 F30000
SET_VELOCITY_LIMIT ACCEL=2000
G1 F7200
G1 X-16.572 Y-3.44 E.4601
SET_VELOCITY_LIMIT ACCEL=10000
G1 X-17.392 Y-3.44 F30000
SET_VELOCITY_LIMIT ACCEL=2000
G1 F7200
G1 X-10.513 Y3.44 E.4601
SET_VELOCITY_LIMIT ACCEL=10000
G1 X-11.333 Y3.44 F30000
SET_VELOCITY_LIMIT ACCEL=2000
G1 F7200
G1 X-19.34 Y-4.567 E.53546
SET_VELOCITY_LIMIT ACCEL=10000
G1 X-19.34 Y-3.746 F30000
SET_VELOCITY_LIMIT ACCEL=2000
G1 F7200
G1 X-12.154 Y3.44 E.48057
SET_VELOCITY_LIMIT ACCEL=10000
G1 X-12.975 Y3.44 F30000
SET_VELOCITY_LIMIT ACCEL=2000
G1 F7200
G1 X-19.855 Y-3.44 E.4601
SET_VELOCITY_LIMIT ACCEL=10000
G1 X-20.675 Y-3.44 F30000
SET_VELOCITY_LIMIT ACCEL=2000
G1 F7200
G1 X-13.796 Y3.44 E.4601
SET_VELOCITY_LIMIT ACCEL=10000
G1 X-14.616 Y3.44 F30000
SET_VELOCITY_LIMIT ACCEL=2000
G1 F7200
G1 X-21.496 Y-3.44 E.4601
SET_VELOCITY_LIMIT ACCEL=10000
G1 X-22.317 Y-3.44 F30000
M73 P98 R0
SET_VELOCITY_LIMIT ACCEL=2000
G1 F7200
G1 X-15.437 Y3.44 E.4601
SET_VELOCITY_LIMIT ACCEL=10000
G1 X-16.258 Y3.44 F30000
SET_VELOCITY_LIMIT ACCEL=2000
G1 F7200
G1 X-23.137 Y-3.44 E.4601
SET_VELOCITY_LIMIT ACCEL=10000
G1 E-1.2 F2100
;WIPE_START
G1 F7200
G1 X-21.723 Y-2.026
;WIPE_END
G1 X-25.44 Y-4.921 Z3.4 F30000
G1 Z3
G1 E1.2 F2100
SET_VELOCITY_LIMIT ACCEL=2000
G1 F7200
G1 X-17.079 Y3.44 E.55919
SET_VELOCITY_LIMIT ACCEL=10000
G1 X-17.899 Y3.44 F30000
SET_VELOCITY_LIMIT ACCEL=2000
G1 F7200
G1 X-25.44 Y-4.101 E.5043
SET_VELOCITY_LIMIT ACCEL=10000
G1 X-25.6 Y-3.44 F30000
SET_VELOCITY_LIMIT ACCEL=2000
G1 F7200
G1 X-18.72 Y3.44 E.4601
SET_VELOCITY_LIMIT ACCEL=10000
G1 X-19.541 Y3.44 F30000
SET_VELOCITY_LIMIT ACCEL=2000
G1 F7200
G1 X-26.42 Y-3.44 E.4601
SET_VELOCITY_LIMIT ACCEL=10000
G1 X-27.241 Y-3.44 F30000
SET_VELOCITY_LIMIT ACCEL=2000
G1 F7200
G1 X-20.362 Y3.44 E.4601
SET_VELOCITY_LIMIT ACCEL=10000
G1 X-21.182 Y3.44 F30000
SET_VELOCITY_LIMIT ACCEL=2000
G1 F7200
G1 X-28.062 Y-3.44 E.4601
SET_VELOCITY_LIMIT ACCEL=10000
G1 X-28.883 Y-3.44 F30000
SET_VELOCITY_LIMIT ACCEL=2000
G1 F7200
G1 X-22.003 Y3.44 E.4601
SET_VELOCITY_LIMIT ACCEL=10000
G1 X-22.824 Y3.44 F30000
SET_VELOCITY_LIMIT ACCEL=2000
G1 F7200
G1 X-35.203 Y-8.94 E.82794
SET_VELOCITY_LIMIT ACCEL=10000
G1 X-36.024 Y-8.94 F30000
SET_VELOCITY_LIMIT ACCEL=2000
G1 F7200
G1 X-23.644 Y3.44 E.82794
SET_VELOCITY_LIMIT ACCEL=10000
G1 X-24.465 Y3.44 F30000
SET_VELOCITY_LIMIT ACCEL=2000
G1 F7200
G1 X-36.845 Y-8.94 E.82794
SET_VELOCITY_LIMIT ACCEL=10000
G1 X-37.666 Y-8.94 F30000
SET_VELOCITY_LIMIT ACCEL=2000
G1 F7200
G1 X-25.286 Y3.44 E.82794
SET_VELOCITY_LIMIT ACCEL=10000
G1 X-26.107 Y3.44 F30000
SET_VELOCITY_LIMIT ACCEL=2000
G1 F7200
G1 X-38.486 Y-8.94 E.82794
SET_VELOCITY_LIMIT ACCEL=10000
G1 X-39.307 Y-8.94 F30000
SET_VELOCITY_LIMIT ACCEL=2000
G1 F7200
G1 X-26.927 Y3.44 E.82794
SET_VELOCITY_LIMIT ACCEL=10000
G1 X-27.748 Y3.44 F30000
SET_VELOCITY_LIMIT ACCEL=2000
G1 F7200
G1 X-40.128 Y-8.94 E.82794
SET_VELOCITY_LIMIT ACCEL=10000
G1 X-40.948 Y-8.94 F30000
SET_VELOCITY_LIMIT ACCEL=2000
G1 F7200
G1 X-28.569 Y3.44 E.82794
SET_VELOCITY_LIMIT ACCEL=10000
G1 X-29.39 Y3.44 F30000
SET_VELOCITY_LIMIT ACCEL=2000
G1 F7200
G1 X-41.769 Y-8.94 E.82794
SET_VELOCITY_LIMIT ACCEL=10000
G1 X-42.59 Y-8.94 F30000
SET_VELOCITY_LIMIT ACCEL=2000
G1 F7200
G1 X-30.21 Y3.44 E.82794
SET_VELOCITY_LIMIT ACCEL=10000
G1 X-31.031 Y3.44 F30000
SET_VELOCITY_LIMIT ACCEL=2000
G1 F7200
G1 X-43.411 Y-8.94 E.82794
SET_VELOCITY_LIMIT ACCEL=10000
G1 X-43.94 Y-8.648 F30000
SET_VELOCITY_LIMIT ACCEL=2000
G1 F7200
G1 X-31.852 Y3.44 E.80844
SET_VELOCITY_LIMIT ACCEL=10000
G1 X-32.06 Y4.052 F30000
SET_VELOCITY_LIMIT ACCEL=2000
G1 F7200
G1 X-43.94 Y-7.827 E.7945
SET_VELOCITY_LIMIT ACCEL=10000
G1 X-43.94 Y-7.007 F30000
SET_VELOCITY_LIMIT ACCEL=2000
G1 F7200
G1 X-32.06 Y4.873 E.7945
SET_VELOCITY_LIMIT ACCEL=10000
G1 X-32.06 Y5.694 F30000
SET_VELOCITY_LIMIT ACCEL=2000
G1 F7200
G1 X-43.94 Y-6.186 E.7945
SET_VELOCITY_LIMIT ACCEL=10000
G1 X-43.94 Y-5.365 F30000
SET_VELOCITY_LIMIT ACCEL=2000
G1 F7200
G1 X-40.859 Y-2.285 E.20602
SET_VELOCITY_LIMIT ACCEL=10000
G1 E-1.2 F2100
;WIPE_START
G1 F7200
G1 X-42.273 Y-3.699
;WIPE_END
G1 X-41.959 Y-2.564 Z3.4 F30000
G1 Z3
G1 E1.2 F2100
SET_VELOCITY_LIMIT ACCEL=2000
G1 F7200
G1 X-43.94 Y-4.545 E.13246
SET_VELOCITY_LIMIT ACCEL=10000
G1 X-43.94 Y-3.724 F30000
SET_VELOCITY_LIMIT ACCEL=2000
G1 F7200
G1 X-42.685 Y-2.469 E.08392
SET_VELOCITY_LIMIT ACCEL=10000
G1 X-43.269 Y-2.233 F30000
SET_VELOCITY_LIMIT ACCEL=2000
G1 F7200
G1 X-43.94 Y-2.903 E.04484
SET_VELOCITY_LIMIT ACCEL=10000
G1 E-1.2 F2100
;WIPE_START
G1 F7200
G1 X-43.269 Y-2.233
;WIPE_END
G1 X-39.715 Y-1.141 Z3.4 F30000
M73 P99 R0
G1 Z3
G1 E1.2 F2100
SET_VELOCITY_LIMIT ACCEL=2000
G1 F7200
G1 X-32.06 Y6.514 E.51197
SET_VELOCITY_LIMIT ACCEL=10000
G1 X-32.06 Y7.335 F30000
SET_VELOCITY_LIMIT ACCEL=2000
G1 F7200
G1 X-39.436 Y-.041 E.49329
SET_VELOCITY_LIMIT ACCEL=10000
G1 X-39.528 Y.688 F30000
SET_VELOCITY_LIMIT ACCEL=2000
G1 F7200
G1 X-32.06 Y8.156 E.49943
SET_VELOCITY_LIMIT ACCEL=10000
G1 X-32.097 Y8.94 F30000
SET_VELOCITY_LIMIT ACCEL=2000
G1 F7200
G1 X-39.768 Y1.269 E.51305
SET_VELOCITY_LIMIT ACCEL=10000
G1 X-40.121 Y1.736 F30000
SET_VELOCITY_LIMIT ACCEL=2000
G1 F7200
G1 X-32.918 Y8.94 E.48178
SET_VELOCITY_LIMIT ACCEL=10000
G1 X-33.738 Y8.94 F30000
SET_VELOCITY_LIMIT ACCEL=2000
G1 F7200
G1 X-40.567 Y2.111 E.45669
SET_VELOCITY_LIMIT ACCEL=10000
G1 X-41.11 Y2.389 F30000
SET_VELOCITY_LIMIT ACCEL=2000
G1 F7200
G1 X-34.559 Y8.94 E.43813
SET_VELOCITY_LIMIT ACCEL=10000
G1 X-35.38 Y8.94 F30000
SET_VELOCITY_LIMIT ACCEL=2000
G1 F7200
G1 X-41.779 Y2.54 E.42799
SET_VELOCITY_LIMIT ACCEL=10000
G1 X-42.658 Y2.483 F30000
SET_VELOCITY_LIMIT ACCEL=2000
G1 F7200
G1 X-36.201 Y8.94 E.43184
SET_VELOCITY_LIMIT ACCEL=10000
G1 X-37.021 Y8.94 F30000
SET_VELOCITY_LIMIT ACCEL=2000
G1 F7200
G1 X-43.94 Y2.021 E.4627
SET_VELOCITY_LIMIT ACCEL=10000
G1 X-43.94 Y2.842 F30000
SET_VELOCITY_LIMIT ACCEL=2000
G1 F7200
G1 X-37.842 Y8.94 E.40781
SET_VELOCITY_LIMIT ACCEL=10000
G1 X-38.663 Y8.94 F30000
SET_VELOCITY_LIMIT ACCEL=2000
G1 F7200
G1 X-43.94 Y3.663 E.35292
SET_VELOCITY_LIMIT ACCEL=10000
G1 X-43.94 Y4.484 F30000
SET_VELOCITY_LIMIT ACCEL=2000
G1 F7200
G1 X-39.484 Y8.94 E.29803
SET_VELOCITY_LIMIT ACCEL=10000
G1 X-40.304 Y8.94 F30000
SET_VELOCITY_LIMIT ACCEL=2000
G1 F7200
G1 X-43.94 Y5.304 E.24314
SET_VELOCITY_LIMIT ACCEL=10000
G1 X-43.94 Y6.125 F30000
SET_VELOCITY_LIMIT ACCEL=2000
G1 F7200
G1 X-41.125 Y8.94 E.18825
SET_VELOCITY_LIMIT ACCEL=10000
G1 X-41.946 Y8.94 F30000
SET_VELOCITY_LIMIT ACCEL=2000
G1 F7200
G1 X-43.94 Y6.946 E.13336
SET_VELOCITY_LIMIT ACCEL=10000
G1 X-43.94 Y7.766 F30000
SET_VELOCITY_LIMIT ACCEL=2000
G1 F7200
G1 X-42.766 Y8.94 E.07847
SET_VELOCITY_LIMIT ACCEL=10000
G1 E-1.2 F2100
;WIPE_START
G1 F7200
G1 X-43.94 Y7.766
;WIPE_END
G1 X-38.951 Y1.99 Z3.4 F30000
G1 X-29.676 Y-8.75 Z3.4
G1 Z3
G1 E1.2 F2100
;TYPE:Gap infill
;WIDTH:0.191684
G1 F9000
G1 X-25.324 Y-8.75 E.05275
G1 E-1.2 F2100
;WIPE_START
G1 F9000
G1 X-27.324 Y-8.75
;WIPE_END
G1 X-23.576 Y-8.75 Z3.4 F30000
G1 Z3
G1 E1.2 F2100
G1 F9000
G1 X-19.224 Y-8.75 E.05275
G1 E-1.2 F2100
;WIPE_START
G1 F9000
G1 X-21.224 Y-8.75
;WIPE_END
G1 X-18.076 Y-8.75 Z3.4 F30000
G1 Z3
G1 E1.2 F2100
G1 F9000
G1 X-13.724 Y-8.75 E.05275
G1 E-1.2 F2100
;WIPE_START
G1 F9000
G1 X-15.724 Y-8.75
;WIPE_END
G1 X-11.376 Y-8.75 Z3.4 F30000
G1 Z3
G1 E1.2 F2100
G1 F9000
G1 X-7.024 Y-8.75 E.05275
G1 E-1.2 F2100
;WIPE_START
G1 F9000
G1 X-9.024 Y-8.75
;WIPE_END
G1 X-5.276 Y-8.75 Z3.4 F30000
G1 Z3
G1 E1.2 F2100
G1 F9000
G1 X-.924 Y-8.75 E.05275
G1 E-1.2 F2100
;WIPE_START
G1 F9000
G1 X-2.924 Y-8.75
;WIPE_END
G1 X.924 Y-8.75 Z3.4 F30000
G1 Z3
G1 E1.2 F2100
G1 F9000
G1 X5.276 Y-8.75 E.05275
G1 E-1.2 F2100
;WIPE_START
G1 F9000
G1 X3.276 Y-8.75
;WIPE_END
G1 X7.024 Y-8.75 Z3.4 F30000
G1 Z3
G1 E1.2 F2100
G1 F9000
G1 X11.376 Y-8.75 E.05275
G1 E-1.2 F2100
;WIPE_START
G1 F9000
G1 X9.376 Y-8.75
;WIPE_END
G1 X13.124 Y-8.75 Z3.4 F30000
G1 Z3
G1 E1.2 F2100
G1 F9000
G1 X17.476 Y-8.75 E.05275
G1 E-1.2 F2100
;WIPE_START
G1 F9000
G1 X15.476 Y-8.75
;WIPE_END
G1 X19.224 Y-8.75 Z3.4 F30000
G1 Z3
G1 E1.2 F2100
G1 F9000
G1 X23.576 Y-8.75 E.05275
G1 E-1.2 F2100
;WIPE_START
G1 F9000
G1 X21.576 Y-8.75
;WIPE_END
G1 X25.324 Y-8.75 Z3.4 F30000
G1 Z3
G1 E1.2 F2100
G1 F9000
G1 X29.676 Y-8.75 E.05275
G1 E-1.2 F2100
;WIPE_START
G1 F9000
G1 X27.676 Y-8.75
;WIPE_END
M106 S0
M106 P2 S0
;TYPE:Custom
; filament end gcode
G1 E-3 F3600
G0 X50 Y50 F30000
M104 S0 ; turn off temperature
M73 P100 R0
; EXECUTABLE_BLOCK_END

; filament used [mm] = 1576.25
; filament used [cm3] = 3.79
; filament used [g] = 4.70
; filament cost = 0.09
; total filament used [g] = 4.70
; total filament cost = 0.09
; total layers count = 15
; estimated printing time (normal mode) = 9m 1s
; estimated first layer printing time (normal mode) = 14s

; CONFIG_BLOCK_START
; accel_to_decel_enable = 0
; accel_to_decel_factor = 50%
; activate_air_filtration = 0
; activate_chamber_temp_control = 0
; adaptive_bed_mesh_margin = 0
; adaptive_pressure_advance = 0
; adaptive_pressure_advance_bridges = 0
; adaptive_pressure_advance_model = "0,0,0\n0,0,0"
; adaptive_pressure_advance_overhangs = 0
; additional_cooling_fan_speed = 100
; alternate_extra_wall = 0
; auxiliary_fan = 1
; bbl_calib_mark_logo = 1
; bbl_use_printhost = 0
; bed_custom_model = 
; bed_custom_texture = 
; bed_exclude_area = 0x0
; bed_mesh_max = 99999,99999
; bed_mesh_min = -99999,-99999
; bed_mesh_probe_distance = 50,50
; before_layer_change_gcode = ;BEFORE_LAYER_CHANGE\n;[layer_z]
; best_object_pos = 0.5,0.5
; bottom_shell_layers = 3
; bottom_shell_thickness = 0
; bottom_solid_infill_flow_ratio = 1
; bottom_surface_pattern = monotonic
; bridge_acceleration = 50%
; bridge_angle = 0
; bridge_density = 100%
; bridge_flow = 1
; bridge_no_support = 0
; bridge_speed = 25
; brim_ears_detection_length = 1
; brim_ears_max_angle = 125
; brim_object_gap = 0.1
; brim_type = no_brim
; brim_width = 5
; chamber_temperature = 0
; change_extrusion_role_gcode = 
; change_filament_gcode = 
; close_fan_the_first_x_layers = 1
; complete_print_exhaust_fan_speed = 80
; cool_plate_temp = 60
; cool_plate_temp_initial_layer = 55
; cooling_tube_length = 5
; cooling_tube_retraction = 91.5
; counterbore_hole_bridging = none
; curr_bed_type = High Temp Plate
; default_acceleration = 10000
; default_filament_colour = ""
; default_filament_profile = "Flashforge Generic PLA"
; default_jerk = 0
; default_print_profile = 0.30mm Standard @Flashforge AD5M Pro 0.6 Nozzle
; deretraction_speed = 35
; detect_narrow_internal_solid_infill = 1
; detect_overhang_wall = 1
; detect_thin_wall = 0
; different_settings_to_system = initial_layer_print_height;layer_height;raft_contact_distance;;
; disable_m73 = 0
; dont_filter_internal_bridges = disabled
; dont_slow_down_outer_wall = 0
; draft_shield = disabled
; during_print_exhaust_fan_speed = 60
; elefant_foot_compensation = 0.15
; elefant_foot_compensation_layers = 1
; emit_machine_limits_to_gcode = 1
; enable_arc_fitting = 0
; enable_extra_bridge_layer = disabled
; enable_filament_ramming = 1
; enable_long_retraction_when_cut = 0
; enable_overhang_bridge_fan = 1
; enable_overhang_speed = 1
; enable_pressure_advance = 1
; enable_prime_tower = 0
; enable_support = 0
; enforce_support_layers = 0
; eng_plate_temp = 60
; eng_plate_temp_initial_layer = 55
; ensure_vertical_shell_thickness = ensure_all
; exclude_object = 0
; extra_loading_move = -2
; extra_perimeters_on_overhangs = 0
; extruder_clearance_height_to_lid = 150
; extruder_clearance_height_to_rod = 27
; extruder_clearance_radius = 76
; extruder_colour = #26A69A
; extruder_offset = 0x0
; extrusion_rate_smoothing_external_perimeter_only = 0
; fan_cooling_layer_time = 100
; fan_kickstart = 0
; fan_max_speed = 100
; fan_min_speed = 100
; fan_speedup_overhangs = 1
; fan_speedup_time = 0
; filament_colour = #26A69A
; filament_cooling_final_speed = 3.4
; filament_cooling_initial_speed = 2.2
; filament_cooling_moves = 4
; filament_cost = 20
; filament_density = 1.24
; filament_diameter = 1.75
; filament_end_gcode = "; filament end gcode\n"
; filament_flow_ratio = 0.98
; filament_ids = FFG01
; filament_is_support = 0
; filament_loading_speed = 28
; filament_loading_speed_start = 3
; filament_max_volumetric_speed = 25
; filament_minimal_purge_on_wipe_tower = 15
; filament_multitool_ramming = 0
; filament_multitool_ramming_flow = 10
; filament_multitool_ramming_volume = 10
; filament_notes = ""
; filament_ramming_parameters = "120 100 6.6 6.8 7.2 7.6 7.9 8.2 8.7 9.4 9.9 10.0| 0.05 6.6 0.45 6.8 0.95 7.8 1.45 8.3 1.95 9.7 2.45 10 2.95 7.6 3.45 7.6 3.95 7.6 4.45 7.6 4.95 7.6"
; filament_settings_id = "Flashforge Generic PLA"
; filament_shrink = 100%
; filament_shrinkage_compensation_z = 100%
; filament_soluble = 0
; filament_stamping_distance = 0
; filament_stamping_loading_speed = 0
; filament_start_gcode = "; filament start gcode\n;right_extruder_material: PLA\n"
; filament_toolchange_delay = 0
; filament_type = PLA
; filament_unloading_speed = 90
; filament_unloading_speed_start = 100
; filament_vendor = Generic
; filename_format = {input_filename_base}.gcode
; filter_out_gap_fill = 0.5
; first_layer_print_sequence = 0
; flush_into_infill = 0
; flush_into_objects = 0
; flush_into_support = 1
; flush_multiplier = 0.3
; flush_volumes_matrix = 0
; flush_volumes_vector = 140,140
; full_fan_speed_layer = 0
; fuzzy_skin = none
; fuzzy_skin_first_layer = 0
; fuzzy_skin_noise_type = classic
; fuzzy_skin_octaves = 4
; fuzzy_skin_persistence = 0.5
; fuzzy_skin_point_distance = 0.3
; fuzzy_skin_scale = 1
; fuzzy_skin_thickness = 0.2
; gap_fill_target = nowhere
; gap_infill_speed = 150
; gcode_add_line_number = 0
; gcode_comments = 0
; gcode_flavor = klipper
; gcode_label_objects = 0
; has_scarf_joint_seam = 0
; head_wrap_detect_zone = 
; high_current_on_filament_swap = 0
; hole_to_polyhole = 0
; hole_to_polyhole_threshold = 0.01
; hole_to_polyhole_twisted = 1
; host_type = octoprint
; hot_plate_temp = 50
; hot_plate_temp_initial_layer = 55
; idle_temperature = 0
; independent_support_layer_height = 1
; infill_anchor = 400%
; infill_anchor_max = 20
; infill_combination = 0
; infill_combination_max_layer_height = 100%
; infill_direction = 45
; infill_jerk = 9
; infill_wall_overlap = 40%
; inherits_group = "0.18mm Fine @Flashforge AD5M Pro 0.6 Nozzle";;
; initial_layer_acceleration = 500
; initial_layer_infill_speed = 65
; initial_layer_jerk = 9
; initial_layer_line_width = 0.65
; initial_layer_min_bead_width = 85%
; initial_layer_print_height = 0.2
; initial_layer_speed = 45
; initial_layer_travel_speed = 100%
; inner_wall_acceleration = 5000
; inner_wall_jerk = 9
; inner_wall_line_width = 0.62
; inner_wall_speed = 150
; interface_shells = 0
; interlocking_beam = 0
; interlocking_beam_layer_count = 2
; interlocking_beam_width = 0.8
; interlocking_boundary_avoidance = 2
; interlocking_depth = 2
; interlocking_orientation = 22.5
; internal_bridge_angle = 0
; internal_bridge_density = 100%
; internal_bridge_fan_speed = -1
; internal_bridge_flow = 1
; internal_bridge_speed = 50
; internal_solid_infill_acceleration = 7000
; internal_solid_infill_line_width = 0.62
; internal_solid_infill_pattern = monotonic
; internal_solid_infill_speed = 150
; ironing_angle = -1
; ironing_flow = 15%
; ironing_inset = 0
; ironing_pattern = zig-zag
; ironing_spacing = 0.1
; ironing_speed = 15
; ironing_type = no ironing
; is_infill_first = 0
; lattice_angle_1 = -45
; lattice_angle_2 = 45
; layer_change_gcode = ;AFTER_LAYER_CHANGE\n;[layer_z]
; layer_height = 0.2
; line_width = 0.62
; long_retractions_when_cut = 0
; machine_end_gcode = G1 E-3 F3600\nG0 X50 Y50 F30000\nM104 S0 ; turn off temperature
; machine_load_filament_time = 0
; machine_max_acceleration_e = 5000,5000
; machine_max_acceleration_extruding = 20000,20000
; machine_max_acceleration_retracting = 5000,5000
; machine_max_acceleration_travel = 20000,20000
; machine_max_acceleration_x = 20000,20000
; machine_max_acceleration_y = 20000,20000
; machine_max_acceleration_z = 500,500
; machine_max_jerk_e = 2.5,2.5
; machine_max_jerk_x = 9,9
; machine_max_jerk_y = 9,9
; machine_max_jerk_z = 3,3
; machine_max_speed_e = 30,30
; machine_max_speed_x = 600,600
; machine_max_speed_y = 600,600
; machine_max_speed_z = 20,20
; machine_min_extruding_rate = 0,0
; machine_min_travel_rate = 0,0
; machine_pause_gcode = M25
; machine_start_gcode = M190 S[bed_temperature_initial_layer_single]\nM104 S[nozzle_temperature_initial_layer]\nG90\nM83\nG1 Z5 F6000\nG1 E-0.2 F800\nG1 X110 Y-110 F6000\nG1 E2 F800\nG1 Y-110 X55 Z0.25 F4800\nG1 X-55 E8 F2400\nG1 Y-109.6 F2400\nG1 X55 E5 F2400\nG1 Y-110 X55 Z0.45 F4800\nG1 X-55 E8 F2400\nG1 Y-109.6 F2400\nG1 X55 E5 F2400\nG92 E0
; machine_tool_change_time = 0
; machine_unload_filament_time = 0
; make_overhang_printable = 0
; make_overhang_printable_angle = 55
; make_overhang_printable_hole_size = 0
; manual_filament_change = 0
; max_bridge_length = 10
; max_layer_height = 0.42
; max_travel_detour_distance = 0
; max_volumetric_extrusion_rate_slope = 0
; max_volumetric_extrusion_rate_slope_segment_length = 3
; min_bead_width = 85%
; min_feature_size = 25%
; min_layer_height = 0.15
; min_length_factor = 0.5
; min_skirt_length = 0
; min_width_top_surface = 300%
; minimum_sparse_infill_area = 15
; mmu_segmented_region_interlocking_depth = 0
; mmu_segmented_region_max_width = 0
; notes = 
; nozzle_diameter = 0.6
; nozzle_height = 2.5
; nozzle_hrc = 0
; nozzle_temperature = 220
; nozzle_temperature_initial_layer = 220
; nozzle_temperature_range_high = 230
; nozzle_temperature_range_low = 190
; nozzle_type = hardened_steel
; nozzle_volume = 0
; only_one_wall_first_layer = 0
; only_one_wall_top = 0
; ooze_prevention = 0
; other_layers_print_sequence = 0
; other_layers_print_sequence_nums = 0
; outer_wall_acceleration = 5000
; outer_wall_jerk = 9
; outer_wall_line_width = 0.62
; outer_wall_speed = 120
; overhang_1_4_speed = 0
; overhang_2_4_speed = 40
; overhang_3_4_speed = 20
; overhang_4_4_speed = 10
; overhang_fan_speed = 100
; overhang_fan_threshold = 50%
; overhang_reverse = 0
; overhang_reverse_internal_only = 0
; overhang_reverse_threshold = 50%
; overhang_speed_classic = 0
; parking_pos_retraction = 92
; pellet_flow_coefficient = 0.4157
; pellet_modded_printer = 0
; post_process = 
; precise_outer_wall = 0
; precise_z_height = 0
; preferred_orientation = 0
; preheat_steps = 1
; preheat_time = 30
; pressure_advance = 0.025
; prime_tower_brim_width = 3
; prime_tower_width = 60
; prime_volume = 45
; print_compatible_printers = "Flashforge Adventurer 5M Pro 0.6 Nozzle"
; print_flow_ratio = 1
; print_order = default
; print_sequence = by layer
; print_settings_id = No support, no raft
; printable_area = -110x-110,110x-110,110x110,-110x110
; printable_height = 220
; printer_model = Flashforge Adventurer 5M Pro
; printer_notes = 
; printer_settings_id = Flashforge Adventurer 5M Pro 0.6 Nozzle
; printer_structure = undefine
; printer_technology = FFF
; printer_variant = 0.6
; printhost_authorization_type = key
; printhost_ssl_ignore_revoke = 0
; printing_by_object_gcode = 
; purge_in_prime_tower = 1
; raft_contact_distance = 0.16
; raft_expansion = 1.5
; raft_first_layer_density = 90%
; raft_first_layer_expansion = 2
; raft_layers = 0
; reduce_crossing_wall = 0
; reduce_fan_stop_start_freq = 1
; reduce_infill_retraction = 1
; required_nozzle_HRC = 0
; resolution = 0.012
; retract_before_wipe = 100%
; retract_length_toolchange = 2
; retract_lift_above = 0
; retract_lift_below = 0
; retract_lift_enforce = All Surfaces
; retract_on_top_layer = 1
; retract_restart_extra = 0
; retract_restart_extra_toolchange = 0
; retract_when_changing_layer = 1
; retraction_distances_when_cut = 18
; retraction_length = 1.2
; retraction_minimum_travel = 1
; retraction_speed = 35
; role_based_wipe_speed = 1
; rotate_solid_infill_direction = 1
; scan_first_layer = 0
; scarf_angle_threshold = 155
; scarf_joint_flow_ratio = 1
; scarf_joint_speed = 100%
; scarf_overhang_threshold = 40%
; seam_gap = 6%
; seam_position = aligned
; seam_slope_conditional = 0
; seam_slope_entire_loop = 0
; seam_slope_inner_walls = 0
; seam_slope_min_length = 20
; seam_slope_start_height = 0
; seam_slope_steps = 10
; seam_slope_type = none
; silent_mode = 0
; single_extruder_multi_material = 0
; single_extruder_multi_material_priming = 0
; single_loop_draft_shield = 0
; skirt_distance = 2
; skirt_height = 1
; skirt_loops = 0
; skirt_speed = 50
; skirt_start_angle = -135
; skirt_type = combined
; slice_closing_radius = 0.049
; slicing_mode = regular
; slow_down_for_layer_cooling = 1
; slow_down_layer_time = 6
; slow_down_layers = 1
; slow_down_min_speed = 20
; slowdown_for_curled_perimeters = 1
; small_area_infill_flow_compensation = 0
; small_area_infill_flow_compensation_model = 0,0;"\n0.2,0.4444";"\n0.4,0.6145";"\n0.6,0.7059";"\n0.8,0.7619";"\n1.5,0.8571";"\n2,0.8889";"\n3,0.9231";"\n5,0.9520";"\n10,1"
; small_perimeter_speed = 50%
; small_perimeter_threshold = 0
; solid_infill_direction = 45
; solid_infill_filament = 1
; sparse_infill_acceleration = 100%
; sparse_infill_density = 15%
; sparse_infill_filament = 1
; sparse_infill_line_width = 0.62
; sparse_infill_pattern = crosshatch
; sparse_infill_speed = 100
; spiral_finishing_flow_ratio = 0
; spiral_mode = 0
; spiral_mode_max_xy_smoothing = 200%
; spiral_mode_smooth = 0
; spiral_starting_flow_ratio = 0
; staggered_inner_seams = 0
; standby_temperature_delta = -5
; start_end_points = 30x-3,54x245
; supertack_plate_temp = 35
; supertack_plate_temp_initial_layer = 35
; support_air_filtration = 1
; support_angle = 0
; support_base_pattern = rectilinear
; support_base_pattern_spacing = 2.5
; support_bottom_interface_spacing = 0.35
; support_bottom_z_distance = 0.18
; support_chamber_temp_control = 1
; support_critical_regions_only = 0
; support_expansion = 0
; support_filament = 0
; support_interface_bottom_layers = 0
; support_interface_filament = 0
; support_interface_loop_pattern = 0
; support_interface_not_for_body = 1
; support_interface_pattern = auto
; support_interface_spacing = 0.35
; support_interface_speed = 40
; support_interface_top_layers = 2
; support_line_width = 0.62
; support_material_interface_fan_speed = 100
; support_multi_bed_types = 1
; support_object_first_layer_gap = 0.2
; support_object_xy_distance = 0.4
; support_on_build_plate_only = 0
; support_remove_small_overhang = 1
; support_speed = 100
; support_style = default
; support_threshold_angle = 30
; support_threshold_overlap = 50%
; support_top_z_distance = 0.18
; support_type = normal(auto)
; temperature_vitrification = 60
; template_custom_gcode = 
; textured_cool_plate_temp = 40
; textured_cool_plate_temp_initial_layer = 40
; textured_plate_temp = 60
; textured_plate_temp_initial_layer = 55
; thick_bridges = 0
; thick_internal_bridges = 1
; thumbnails = 140x110/PNG
; thumbnails_format = PNG
; time_cost = 0
; time_lapse_gcode = 
; timelapse_type = 0
; top_bottom_infill_wall_overlap = 25%
; top_shell_layers = 5
; top_shell_thickness = 1
; top_solid_infill_flow_ratio = 1
; top_surface_acceleration = 2000
; top_surface_jerk = 9
; top_surface_line_width = 0.62
; top_surface_pattern = monotonicline
; top_surface_speed = 120
; travel_acceleration = 10000
; travel_jerk = 12
; travel_slope = 3
; travel_speed = 500
; travel_speed_z = 0
; tree_support_adaptive_layer_height = 1
; tree_support_angle_slow = 25
; tree_support_auto_brim = 1
; tree_support_branch_angle = 45
; tree_support_branch_angle_organic = 40
; tree_support_branch_diameter = 5
; tree_support_branch_diameter_angle = 5
; tree_support_branch_diameter_organic = 2
; tree_support_branch_distance = 5
; tree_support_branch_distance_organic = 1
; tree_support_brim_width = 3
; tree_support_tip_diameter = 0.8
; tree_support_top_rate = 30%
; tree_support_wall_count = 0
; upward_compatible_machine = 
; use_firmware_retraction = 0
; use_relative_e_distances = 1
; wall_direction = auto
; wall_distribution_count = 1
; wall_filament = 1
; wall_generator = classic
; wall_loops = 2
; wall_sequence = inner wall/outer wall
; wall_transition_angle = 10
; wall_transition_filter_deviation = 25%
; wall_transition_length = 100%
; wipe = 1
; wipe_before_external_loop = 0
; wipe_distance = 2
; wipe_on_loops = 0
; wipe_speed = 200
; wipe_tower_bridging = 10
; wipe_tower_cone_angle = 0
; wipe_tower_extra_flow = 100%
; wipe_tower_extra_spacing = 100%
; wipe_tower_filament = 0
; wipe_tower_max_purge_speed = 90
; wipe_tower_no_sparse_layers = 0
; wipe_tower_rotation_angle = 0
; wipe_tower_x = 165.000
; wipe_tower_x = 165
; wipe_tower_y = 250.000
; wipe_tower_y = 250
; wiping_volumes_extruders = 70,70,70,70,70,70,70,70,70,70
; xy_contour_compensation = 0
; xy_hole_compensation = 0
; z_hop = 0.4
; z_hop_types = Auto Lift
; z_offset = 0
; first_layer_bed_temperature = 55
; bed_shape = -110x-110,110x-110,110x110,-110x110
; first_layer_temperature = 220
; first_layer_height = 0.200
; CONFIG_BLOCK_END


