; HEADER_BLOCK_START
; generated by OrcaSlicer 2.3.0 on 2025-11-01 at 17:16:07
; total layer number: 48
;_GP_TOTAL_LAYER_NUMBER_PLACEHOLDER
; filament_density: 1.24
; filament_diameter: 1.75
; max_z_height: 7.00
; HEADER_BLOCK_END

; THUMBNAIL_BLOCK_START

;
; thumbnail begin 140x110 3760
; iVBORw0KGgoAAAANSUhEUgAAAIwAAABuCAYAAAD1TPu3AAAKyUlEQVR4Ae2dCVNUVxbHX01NJpVoFh
; iWplm7WdzQqNFMZrfGqVGnjEOAEQEXQKPgihoVjVF0EhB3wBUFXJLMTDKTfAQ+Sn+Um/u/993u2+t7
; vb0Fzr/qX9023W3T9+c5dznnaRgkEolEIpFIJBKJRCKRSCQSiUQikUgkEolEyk2//HVpA/xWS+OWd3
; 67ua9k57bRir7ueeXg2aML+p/xc2W8Bq81SItXGGCAoWBofHqXFcL1Y5cjCiSCyMfSAcGgFgoQuwDh
; 7zZI3hdAwYA5BYgdeCjyeEwqmhQy1RQDHoo6HhAGwcmUQ+D4VIgqXo4odsDBassgFVdemqMUwvhdDF
; JxBFj8lH4o2rgofKF+giAXEzQF0mJKQVamCXGeWkqwEDR5ainCQtDkqKUwZ7EyzWlsCqshPw1sMU3H
; Cjbk5w25QhvfhUFKL+RuPw2oE6bUlEaLdWMuX+M7MUjJouiS3rRqSiEvzF1Ck+PCDTdHWcOta8JeAI
; aiTILcXEaHJsdY9cgpFhjsZ+W9nax8725WsX8Pq+jrZhX9PaxioJcFjg6w2ivnXIWG5jKa3NikQySp
; vjjMyva0s7KuNnGbDpjKg3ulP9vPakcvuAIMyk0NkpTT6QiwBM8MsbLujqyBCRzpY9XnjhMwbsrpLz
; 945igr7+nIGZjAUD+rPn/CcWgMkvM7u/UToxyWzryBCRw7yBru/MtRYGjn13B+whsYGigYMDWXzxIw
; TsvPwDidlmilZDgPTPD0EAHjZ73ZUOcoMHXXRgoGTP2NK44C82ZdzRZjqetXwYDjm3bYiMsXmKrhQU
; c/MzYY36go22IsdQGY8PQNh7/88byAqTp1hDn/mQkYIQBTP/6lo1++ggYT4GyBqTpx2HFY4FqeSgkY
; QwJT88UZxwdAuX7iKo8aByyBQRqr+/qya58TcBMwhgQGX0Z4esK1wZARZ0xs6gFe7K/AdV9d4v7C1c
; 8lP9u4SJ8EjBEDpn78Cmt0eWC8aqzsCBhTCpjA0YO+GkSnjOhSOdBDwCjpwNReH/HVYDphuW/UQcDo
; UsBgM8ztuYyXLJf/sU3GXyx7u8EgxQNTff6krwa1mLDIDUYJTMmuHVSmqcSXshEFDEyp6S6ruXjahE
; UC897WP1GPktJ7f/njvA6MG7UmXnLsvCsGzNutq0YNktRbK5v7EoFZqtAkwyKBeaOifItBksKxPQ7z
; EoEBREsJmtSwdIplNZU2aELXAEoFUgEjWjyuLf45TfycJd4AiYrANamugarTgymBwSrKzfOmYhqroZ
; qLw2lhqeRnWXgeAaNJfXlJUUYDBq46eWRRpSjAggNOzFEyRRf1fIOU3DWAfZh0wKA7EfUobjWTFRIU
; 0UTXLTfk0gGD311/HRWBG8k1vdjptQJGFDGd+IyDc943kEhQxvh87IKIKgqWdMAgFQEsAiZBqYrAkX
; asgKk8fEA4cOwQq73qbXCioPR1y4ItDZZ0wNSlmOjTSslI3zWAcgc7wKAKTpROYof4yjkWmnK+Gi4T
; KGj0l6B8atoaGKyYUr0fAWNk7hrAEYFdYCoP7ZM2q+PcutqCiCZ8jiWq+Ha3sbKuT6VtApMOFpi6Bg
; yLroEZQHMxa2B0K3iKda0XzDOQboLYEhjsk3AAFOUsgKkZGWaNT+6kBZHKGwyLroGZe6zx2X2+3L6a
; MzAx9wqrFpGaLz8XRhkmYApNjQvHDZL5GIyLDNVxeGG+byRSoIoKZd3t0gqOLIGp5JNgpK7w49sEjJ
; UsuwY4NE0cmvDDW2IfJl9gUNQdc490v2kUfisf2CO9v0u4fN/umPf+U7oAwFT09bCG29dZ+NGttLCI
; 9ExdA1KWXQMmME3PJ8UtVg+LBZjg58dF9Ao/vMkaM0QXGJGRgDH0roEMq5tnHJrnJjTc4Qc3xT6MX4
; EpP9AtIgbSDH6XRovoQl0DCQIwGQ8YZ0xgZidj5tEGqxE/AVPO3yd49hhruPuVCctELLpkmFirrgGD
; JGWra0Clpdkp0xIawIQdX7zeq8AIUPgqSlyZ897XImJgRxvzMqtUpLf1GiQpW10D+lwGwMxJcJpxnz
; /ezH8e5vOBWr7y8QIw6KDEvAPzMwEKn9iG7muwPLKGBZZlDwRMnPQi8Iyn0QoaRBcOTPPctHDL/APW
; wsERxoqKD0od33upuXTGUWDwMyz9q8+dECfv9bjeL/99VAoSE1ykoUe3My6h46NLJwGTqKy6BsR8Zj
; IGDYcFXvnykfCqFw+FW/jzmvnzm/jAhO5cF//ScfXLQgKD51Xxs6wg9nX4+2N7APs1OigiBSlQ9NWQ
; DVj0roHSXdupa0Ap666B6CQYqWlaANMCUF4/Zmu+fcpaudd+O8NWv+AQzU6LqNOMgcKg8bMmpAcMLN
; IXriIFB1WJaPT8ql9u8vHVmPDxQwLm6gsnxesAh4giE1clIHhPmIMSuj9mpp4bUVBERHlsDUp8KqKu
; gZRK1TVg2Wutr5xMaFYgwrx+wtb++zlb/985tuH7ebYBt9ytrx6zlTwyAR5EnSakhSl5qXgxwJhfIC
; IgMsAKANicg0RvTTAEHIggsAkJDj8FJAoUPleJpp8nd23BkrJrYC11DcQpqWvATgG4eXQAaJpFepo2
; Iw2gecY2/vCCbfr/K+6XbBO/v5GDs/67Z2wN0hcmzE/vCXiQJsTgIiJwhxRIUY9F5yD64wBOTGC5Qw
; oQvvKJ7tqKaKKcKywSGIMULz43iKQqz7RVkoloY+7PABoVbVZ/84St+88s2/DDPNv802u2+cdX7EMO
; DiLOOg5OKwdr9cuHbAWPPM0AD+9lAoTNNBEdBASa9ccBhrnaCSfOTWY0qPOCpZOV/oO6HlMqZT1vNl
; 0DagU1OxWd16x4xdMUB2fNdzPsA0SY7+fYh/97KW4/4DC1fvOUrUa6wkQZrzOPIJoAoXpfpBIFQqo5
; CKBQYKj7+mO25izpC8ENUmrxDa5IKmCwirJ9ff9omppKmhQLeBBVAInmVRwYeAWPNmKJjiiF15pHEQ
; IgbBIqkMy/o9HcOIy/nx0osa6BDoouuSgdMGLFcuowT1HXbQ9GOniUBSAvEiyAeSD2d+J2lWcnYwAJ
; 35dWsAjfk6loxj4saFKTsHRQdMlFpW1/X0gHjPBgjl0DCh79TGpuytwANHeOAUn0/pQGjAaOCYkedb
; JNP6J00+waiMGSDMz7W/9MS2k7sgIG5Y95dQ2oAVZpRosW8VEkPiU1RaNIdoAkg9KeUG2XDAyloixl
; BQxceXg/C/ANNbf/tzRboIwMy2Jwde6UARiCJUfZAUaYn1J7uWsgVuLQbgsYg5S77AKjlzaowm834B
; GQXDgluwZwweiutqyAMUj5K1tgUnUNFKtzQHYNjPCzqCFxUh1XD5MlMAapcMoVmDgP9EbBwyGi3jWg
; dw4kmUNRb3YN1Fw6LbsGcJLc2xkr6AYMe9pzAobmLEUSP+JfyBcY5WiJQ6rSBmVcQp67fF+X9F6tFg
; aXmS8AMARLkbV80/rRxQBMya7tEbpunYMq/WTbgl+BKaFiKPfEByDiF2BKPiFQPCM+IBGvAlOycxuB
; 4lUt27Bu1AvAlOz8W2T5RxvpunR+UhI8RQYGKYcgWUQCQCU7/rpQCGBK23ZE4OUfbyJAlqKWrV87+u
; 4fPp5Xfn/71oV3f/+befid331EUJBIJBKJRCKRSCQSiUQikUgkEolEIpFIJFIh9TN9oN5E8vfQZwAA
; AABJRU5ErkJggg==
; thumbnail end
; THUMBNAIL_BLOCK_END

; external perimeters extrusion width = 0.62mm
; perimeters extrusion width = 0.62mm
; infill extrusion width = 0.62mm
; solid infill extrusion width = 0.62mm
; top infill extrusion width = 0.62mm
; support material extrusion width = 0.62mm
; first layer extrusion width = 0.65mm

; EXECUTABLE_BLOCK_START
M73 P0 R4
M106 S0
M106 P2 S0
;TYPE:Custom
M190 S55
M104 S220
G90
M83
G1 Z5 F6000
G1 E-0.2 F800
G1 X110 Y-110 F6000
G1 E2 F800
G1 Y-110 X55 Z0.25 F4800
G1 X-55 E8 F2400
M73 P1 R4
G1 Y-109.6 F2400
M73 P2 R4
G1 X55 E5 F2400
G1 Y-110 X55 Z0.45 F4800
M73 P3 R4
G1 X-55 E8 F2400
G1 Y-109.6 F2400
M73 P4 R4
G1 X55 E5 F2400
G92 E0
G90
G21
M83 ; use relative distances for extrusion
; filament start gcode
;right_extruder_material: PLA
SET_PRESSURE_ADVANCE ADVANCE=0.025; Override pressure advance value
M106 S0
M106 P2 S0
;LAYER_CHANGE
;Z:0.2
;HEIGHT:0.2
;BEFORE_LAYER_CHANGE
;0.2
G1 E-1.2 F2100
M73 P5 R4
;AFTER_LAYER_CHANGE
;0.2
;_SET_FAN_SPEED_CHANGING_LAYER
SET_VELOCITY_LIMIT ACCEL=500
G1 X8.118 Y8.118 F30000
G1 Z.6
G1 Z.2
G1 E1.2 F2100
;TYPE:Support
;WIDTH:0.65
G1 F2700
G1 X-8.118 Y8.118 E.80314
G1 X-8.118 Y-8.118 E.80314
G1 X8.118 Y-8.118 E.80314
M73 P6 R4
G1 X8.118 Y8.027 E.79864
G1 E-1.2 F2100
;WIPE_START
G1 F2700
G1 X8.118 Y6.027
;WIPE_END
G1 X3.94 Y-.361 Z.6 F30000
G1 X-.09 Y-6.524 Z.6
G1 Z.2
G1 E1.2 F2100
G1 F2700
G1 X-.074 Y-6.524 E.00077
G1 X.296 Y-6.518 E.01833
G1 X.312 Y-6.518 E.00081
G1 X.701 Y-6.487 E.01927
G1 X.717 Y-6.485 E.00081
G1 X1.103 Y-6.431 E.01927
G1 X1.119 Y-6.428 E.00081
G1 X1.501 Y-6.35 E.01929
G1 X1.517 Y-6.346 E.00085
G1 X1.911 Y-6.238 E.02019
G1 X1.926 Y-6.234 E.00077
G1 X2.277 Y-6.115 E.01833
G1 X2.292 Y-6.109 E.00081
G1 X2.653 Y-5.961 E.01927
G1 X2.668 Y-5.955 E.00081
G1 X3.018 Y-5.785 E.01927
G1 X3.033 Y-5.777 E.00081
G1 X3.372 Y-5.586 E.01927
G1 X3.386 Y-5.578 E.00081
G1 X3.713 Y-5.366 E.01927
G1 X3.726 Y-5.356 E.00081
G1 X4.039 Y-5.125 E.01927
G1 X4.052 Y-5.114 E.00081
G1 X4.35 Y-4.864 E.01927
G1 X4.362 Y-4.853 E.00081
G1 X4.644 Y-4.583 E.01929
G1 X4.656 Y-4.571 E.00085
G1 X4.932 Y-4.271 E.02019
G1 X4.943 Y-4.259 E.00077
G1 X5.177 Y-3.972 E.01833
G1 X5.187 Y-3.959 E.00081
G1 X5.414 Y-3.642 E.01927
G1 X5.423 Y-3.629 E.00081
G1 X5.63 Y-3.299 E.01927
G1 X5.638 Y-3.285 E.00081
G1 X5.824 Y-2.942 E.01927
G1 X5.831 Y-2.928 E.00081
G1 X5.996 Y-2.575 E.01927
G1 X6.002 Y-2.56 E.00081
G1 X6.144 Y-2.197 E.01927
G1 X6.15 Y-2.182 E.00081
G1 X6.269 Y-1.811 E.01927
G1 X6.273 Y-1.795 E.00081
G1 X6.369 Y-1.418 E.01927
G1 X6.373 Y-1.402 E.00081
G1 X6.445 Y-1.019 E.01927
G1 X6.448 Y-1.003 E.00081
G1 X6.496 Y-.616 E.01927
G1 X6.497 Y-.6 E.00081
G1 X6.522 Y-.211 E.01927
G1 X6.522 Y-.195 E.00081
G1 X6.522 Y.195 E.01927
G1 X6.522 Y.211 E.00081
G1 X6.497 Y.6 E.01927
G1 X6.496 Y.616 E.00081
G1 X6.448 Y1.003 E.01927
G1 X6.445 Y1.019 E.00081
G1 X6.373 Y1.402 E.01927
G1 X6.369 Y1.417 E.00081
G1 X6.273 Y1.795 E.01927
G1 X6.269 Y1.811 E.00081
M73 P7 R4
G1 X6.15 Y2.182 E.01927
G1 X6.144 Y2.197 E.00081
G1 X6.002 Y2.56 E.01927
G1 X5.996 Y2.575 E.00081
G1 X5.831 Y2.928 E.01927
G1 X5.824 Y2.942 E.00081
G1 X5.638 Y3.285 E.01927
G1 X5.63 Y3.299 E.00081
G1 X5.423 Y3.629 E.01927
G1 X5.414 Y3.642 E.00081
G1 X5.187 Y3.959 E.01927
G1 X5.177 Y3.972 E.00081
G1 X4.931 Y4.274 E.01927
G1 X4.92 Y4.286 E.00081
G1 X4.655 Y4.572 E.01927
G1 X4.644 Y4.584 E.00081
G1 X4.362 Y4.853 E.01927
G1 X4.35 Y4.864 E.00081
G1 X4.052 Y5.114 E.01927
G1 X4.039 Y5.125 E.00081
G1 X3.726 Y5.356 E.01927
G1 X3.713 Y5.366 E.00081
G1 X3.386 Y5.578 E.01927
G1 X3.372 Y5.586 E.00081
G1 X3.033 Y5.777 E.01927
G1 X3.018 Y5.785 E.00081
G1 X2.668 Y5.955 E.01927
G1 X2.653 Y5.961 E.00081
G1 X2.292 Y6.109 E.01927
G1 X2.277 Y6.115 E.00081
G1 X1.908 Y6.24 E.01927
G1 X1.892 Y6.245 E.00081
G1 X1.516 Y6.346 E.01927
G1 X1.5 Y6.35 E.00081
G1 X1.119 Y6.428 E.01927
G1 X1.103 Y6.431 E.00081
G1 X.717 Y6.485 E.01927
G1 X.701 Y6.487 E.00081
G1 X.312 Y6.518 E.01927
G1 X.296 Y6.518 E.00081
G1 X-.093 Y6.524 E.01927
G1 X-.11 Y6.524 E.00081
G1 X-.499 Y6.506 E.01927
G1 X-.515 Y6.505 E.00081
G1 X-.902 Y6.462 E.01927
G1 X-.918 Y6.46 E.00081
G1 X-1.302 Y6.394 E.01927
G1 X-1.318 Y6.39 E.00081
G1 X-1.697 Y6.3 E.01927
G1 X-1.713 Y6.296 E.00081
G1 X-2.086 Y6.183 E.01927
G1 X-2.101 Y6.177 E.00081
G1 X-2.466 Y6.041 E.01927
G1 X-2.481 Y6.035 E.00081
G1 X-2.837 Y5.876 E.01927
G1 X-2.851 Y5.869 E.00081
G1 X-3.197 Y5.688 E.01929
G1 X-3.212 Y5.68 E.00085
G1 X-3.56 Y5.467 E.02019
G1 X-3.573 Y5.459 E.00077
G1 X-3.878 Y5.248 E.01833
G1 X-3.891 Y5.238 E.00081
G1 X-4.197 Y4.996 E.01927
G1 X-4.209 Y4.986 E.00081
G1 X-4.499 Y4.726 E.01927
G1 X-4.511 Y4.715 E.00081
G1 X-4.784 Y4.437 E.01929
G1 X-4.796 Y4.424 E.00085
G1 X-5.063 Y4.115 E.02019
G1 X-5.073 Y4.103 E.00077
G1 X-5.298 Y3.809 E.01833
G1 X-5.307 Y3.796 E.00081
G1 X-5.524 Y3.472 E.01927
G1 X-5.533 Y3.458 E.00081
G1 X-5.73 Y3.122 E.01927
G1 X-5.737 Y3.108 E.00081
G1 X-5.913 Y2.76 E.01927
G1 X-5.919 Y2.745 E.00081
G1 X-6.073 Y2.387 E.01927
G1 X-6.079 Y2.372 E.00081
G1 X-6.209 Y2.005 E.01927
G1 X-6.214 Y1.989 E.00081
G1 X-6.322 Y1.615 E.01927
G1 X-6.326 Y1.599 E.00081
G1 X-6.41 Y1.219 E.01927
G1 X-6.413 Y1.203 E.00081
G1 X-6.474 Y.818 E.01927
G1 X-6.476 Y.802 E.00081
G1 X-6.512 Y.414 E.01927
G1 X-6.513 Y.398 E.00081
G1 X-6.525 Y.008 E.01927
G1 X-6.525 Y-.008 E.00081
G1 X-6.513 Y-.398 E.01927
G1 X-6.512 Y-.414 E.00081
G1 X-6.476 Y-.802 E.01929
G1 X-6.473 Y-.819 E.00085
G1 X-6.409 Y-1.222 E.02019
G1 X-6.406 Y-1.237 E.00077
G1 X-6.326 Y-1.599 E.01833
G1 X-6.322 Y-1.615 E.00081
G1 X-6.214 Y-1.989 E.01927
G1 X-6.209 Y-2.005 E.00081
G1 X-6.079 Y-2.372 E.01927
G1 X-6.073 Y-2.387 E.00081
G1 X-5.919 Y-2.745 E.01929
G1 X-5.912 Y-2.761 E.00085
G1 X-5.727 Y-3.125 E.02019
G1 X-5.72 Y-3.139 E.00077
M73 P7 R3
G1 X-5.533 Y-3.458 E.01833
G1 X-5.524 Y-3.472 E.00081
G1 X-5.307 Y-3.796 E.01927
G1 X-5.298 Y-3.809 E.00081
G1 X-5.061 Y-4.118 E.01927
G1 X-5.051 Y-4.131 E.00081
G1 X-4.795 Y-4.425 E.01927
G1 X-4.784 Y-4.437 E.00081
G1 X-4.511 Y-4.715 E.01929
G1 X-4.498 Y-4.727 E.00085
G1 X-4.194 Y-4.998 E.02019
G1 X-4.182 Y-5.008 E.00077
G1 X-3.891 Y-5.238 E.01833
G1 X-3.878 Y-5.248 E.00081
G1 X-3.558 Y-5.47 E.01927
G1 X-3.544 Y-5.479 E.00081
G1 X-3.211 Y-5.68 E.01927
G1 X-3.197 Y-5.688 E.00081
G1 X-2.851 Y-5.869 E.01927
G1 X-2.837 Y-5.876 E.00081
G1 X-2.481 Y-6.035 E.01929
G1 X-2.465 Y-6.041 E.00085
G1 X-2.082 Y-6.183 E.02019
G1 X-2.067 Y-6.188 E.00077
G1 X-1.713 Y-6.296 E.01833
G1 X-1.697 Y-6.3 E.00081
G1 X-1.318 Y-6.39 E.01927
G1 X-1.302 Y-6.394 E.00081
G1 X-.918 Y-6.46 E.01927
G1 X-.902 Y-6.462 E.00081
G1 X-.515 Y-6.505 E.01929
G1 X-.498 Y-6.506 E.00085
G1 X-.181 Y-6.52 E.01569
G1 E-1.2 F2100
;WIPE_START
G1 F2700
G1 X-.498 Y-6.506
G1 X-.515 Y-6.505
G1 X-.902 Y-6.462
G1 X-.918 Y-6.46
G1 X-1.302 Y-6.394
G1 X-1.318 Y-6.39
G1 X-1.697 Y-6.3
G1 X-1.713 Y-6.296
G1 X-2.067 Y-6.188
G1 X-2.082 Y-6.183
G1 X-2.14 Y-6.162
;WIPE_END
G1 X2.163 Y.142 Z.6 F30000
G1 X7.42 Y7.844 Z.6
G1 Z.2
M73 P8 R3
G1 E1.2 F2100
G1 F2700
G1 X7.42 Y-7.571 E.7626
G1 X6.745 Y-7.571 E.03337
G1 X6.745 Y-2.113 E.26999
G1 X6.667 Y-2.357 E.01265
G1 X6.656 Y-2.388 E.00165
G1 X6.508 Y-2.767 E.02011
G1 X6.495 Y-2.797 E.00165
G1 X6.323 Y-3.166 E.02011
G1 X6.308 Y-3.196 E.00165
G1 X6.114 Y-3.553 E.02011
G1 X6.097 Y-3.582 E.00165
G1 X6.071 Y-3.624 E.00246
G1 X6.071 Y-7.571 E.19527
G1 X5.396 Y-7.571 E.03337
G1 X5.396 Y-4.567 E.1486
G1 X5.361 Y-4.611 E.00277
G1 X5.34 Y-4.635 E.00157
G1 X5.052 Y-4.948 E.02103
G1 X5.028 Y-4.972 E.00173
G1 X4.733 Y-5.254 E.02015
G1 X4.722 Y-5.264 E.00076
G1 X4.722 Y-7.571 E.11414
G1 X4.047 Y-7.571 E.03337
G1 X4.047 Y-5.799 E.08769
G1 X4.045 Y-5.8 E.00016
G1 X4.017 Y-5.819 E.00165
G1 X3.676 Y-6.041 E.02012
G1 X3.648 Y-6.058 E.00165
G1 X3.373 Y-6.213 E.01561
G1 X3.373 Y-7.571 E.06719
G1 X2.698 Y-7.571 E.03337
G1 X2.698 Y-6.533 E.05135
G1 X2.492 Y-6.618 E.01104
G1 X2.46 Y-6.63 E.00165
G1 X2.094 Y-6.754 E.01915
G1 X2.063 Y-6.763 E.00157
G1 X2.024 Y-6.774 E.00204
G1 X2.024 Y-7.571 E.03944
G1 X1.349 Y-7.571 E.03337
G1 X1.349 Y-6.939 E.03128
G1 X1.22 Y-6.965 E.0065
G1 X1.187 Y-6.971 E.00165
G1 X.785 Y-7.028 E.02011
G1 X.752 Y-7.031 E.00165
G1 X.675 Y-7.037 E.00383
G1 X.675 Y-7.571 E.02641
G1 X0 Y-7.571 E.03337
G1 X0 Y-7.069 E.02483
G1 X-.074 Y-7.07 E.00365
G1 X-.106 Y-7.07 E.00157
G1 X-.53 Y-7.051 E.02103
G1 X-.565 Y-7.049 E.00173
G1 X-.675 Y-7.037 E.00544
G1 X-.675 Y-7.571 E.02644
G1 X-1.349 Y-7.571 E.03337
G1 X-1.349 Y-6.94 E.03122
G1 X-1.404 Y-6.931 E.00274
G1 X-1.436 Y-6.924 E.00165
G1 X-1.832 Y-6.83 E.02011
G1 X-1.864 Y-6.821 E.00165
G1 X-2.024 Y-6.773 E.00825
G1 X-2.024 Y-7.571 E.0395
G1 X-2.698 Y-7.571 E.03337
G1 X-2.698 Y-6.536 E.0512
G1 X-3.067 Y-6.372 E.02
G1 X-3.097 Y-6.357 E.00165
G1 X-3.373 Y-6.213 E.01538
G1 X-3.373 Y-7.571 E.0672
M73 P9 R3
G1 X-4.047 Y-7.571 E.03337
G1 X-4.047 Y-5.795 E.08786
G1 X-4.196 Y-5.692 E.00897
G1 X-4.223 Y-5.672 E.00165
G1 X-4.527 Y-5.432 E.01915
G1 X-4.551 Y-5.412 E.00157
G1 X-4.722 Y-5.259 E.01131
G1 X-4.722 Y-7.571 E.11437
G1 X-5.396 Y-7.571 E.03337
G1 X-5.396 Y-4.566 E.14865
G1 X-5.469 Y-4.483 E.00547
G1 X-5.49 Y-4.457 E.00165
G1 X-5.737 Y-4.134 E.02011
G1 X-5.756 Y-4.107 E.00165
G1 X-5.983 Y-3.77 E.02011
G1 X-6.001 Y-3.741 E.00165
G1 X-6.071 Y-3.621 E.00689
G1 X-6.071 Y-7.571 E.19541
G1 X-6.745 Y-7.571 E.03337
G1 X-6.745 Y-2.12 E.26967
G1 X-6.849 Y-1.758 E.01865
G1 X-6.858 Y-1.725 E.00165
G1 X-6.941 Y-1.347 E.01915
G1 X-6.947 Y-1.316 E.00157
G1 X-7.014 Y-.896 E.02103
G1 X-7.019 Y-.862 E.00173
G1 X-7.057 Y-.456 E.02015
G1 X-7.059 Y-.423 E.00165
G1 X-7.071 Y-.017 E.02011
G1 X-7.071 Y.017 E.00165
G1 X-7.059 Y.423 E.02011
G1 X-7.057 Y.456 E.00165
G1 X-7.019 Y.861 E.02011
G1 X-7.015 Y.894 E.00165
G1 X-6.952 Y1.296 E.02011
G1 X-6.946 Y1.328 E.00165
G1 X-6.858 Y1.725 E.02011
G1 X-6.849 Y1.758 E.00165
G1 X-6.745 Y2.12 E.01865
G1 X-6.745 Y7.571 E.26967
G1 X-6.071 Y7.571 E.03337
G1 X-6.071 Y3.621 E.19541
G1 X-6.001 Y3.741 E.00689
G1 X-5.983 Y3.77 E.00165
G1 X-5.756 Y4.107 E.02011
G1 X-5.737 Y4.134 E.00165
G1 X-5.502 Y4.442 E.01915
G1 X-5.482 Y4.466 E.00157
G1 X-5.396 Y4.565 E.00646
G1 X-5.396 Y7.571 E.14871
G1 X-4.722 Y7.571 E.03337
G1 X-4.722 Y5.26 E.11433
G1 X-4.567 Y5.398 E.01025
G1 X-4.542 Y5.42 E.00165
G1 X-4.223 Y5.672 E.02011
G1 X-4.196 Y5.692 E.00165
G1 X-4.047 Y5.795 E.00897
G1 X-4.047 Y7.571 E.08786
G1 X-3.373 Y7.571 E.03337
G1 X-3.373 Y6.213 E.0672
G1 X-3.097 Y6.357 E.01538
G1 X-3.067 Y6.372 E.00165
G1 X-2.698 Y6.536 E.02
G1 X-2.698 Y7.571 E.0512
G1 X-2.024 Y7.571 E.03337
G1 X-2.024 Y6.773 E.0395
G1 X-1.864 Y6.821 E.00826
G1 X-1.832 Y6.83 E.00165
G1 X-1.436 Y6.924 E.02011
G1 X-1.404 Y6.931 E.00165
G1 X-1.349 Y6.94 E.00274
G1 X-1.349 Y7.571 E.03122
G1 X-.675 Y7.571 E.03337
G1 X-.675 Y7.037 E.02644
G1 X-.566 Y7.049 E.00541
M73 P10 R3
G1 X-.533 Y7.051 E.00165
G1 X-.127 Y7.07 E.02011
G1 X-.093 Y7.071 E.00165
G1 X0 Y7.069 E.00462
G1 X0 Y7.571 E.02483
G1 X.675 Y7.571 E.03337
G1 X.675 Y7.037 E.02641
G1 X.752 Y7.031 E.00383
G1 X.785 Y7.028 E.00165
G1 X1.187 Y6.971 E.02011
G1 X1.22 Y6.965 E.00165
G1 X1.349 Y6.939 E.0065
G1 X1.349 Y7.571 E.03128
G1 X2.024 Y7.571 E.03337
G1 X2.024 Y6.775 E.03939
G1 X2.043 Y6.77 E.00101
G1 X2.075 Y6.76 E.00165
G1 X2.46 Y6.63 E.02011
G1 X2.491 Y6.618 E.00165
G1 X2.698 Y6.533 E.01105
G1 X2.698 Y7.571 E.05135
G1 X3.373 Y7.571 E.03337
G1 X3.373 Y6.213 E.06719
G1 X3.648 Y6.058 E.01562
G1 X3.676 Y6.041 E.00165
G1 X4.017 Y5.819 E.02011
G1 X4.045 Y5.8 E.00165
G1 X4.047 Y5.799 E.00016
G1 X4.047 Y7.571 E.08769
G1 X4.722 Y7.571 E.03337
G1 X4.722 Y5.264 E.11414
G1 X4.733 Y5.254 E.00076
G1 X5.027 Y4.973 E.02011
G1 X5.051 Y4.949 E.00165
G1 X5.327 Y4.651 E.02011
G1 X5.349 Y4.626 E.00165
G1 X5.396 Y4.567 E.00373
G1 X5.396 Y7.571 E.1486
G1 X6.071 Y7.571 E.03337
G1 X6.071 Y3.624 E.19527
G1 X6.097 Y3.582 E.00246
G1 X6.114 Y3.553 E.00165
G1 X6.308 Y3.196 E.02011
G1 X6.323 Y3.166 E.00165
G1 X6.495 Y2.797 E.02011
G1 X6.508 Y2.767 E.00165
G1 X6.656 Y2.388 E.02011
G1 X6.667 Y2.357 E.00165
G1 X6.745 Y2.113 E.01265
G1 X6.745 Y7.844 E.28351
G1 X-7.42 Y7.844 F30000
G1 F2700
G1 X-7.42 Y-7.844 E.77612
G1 E-1.2 F2100
;WIPE_START
G1 F2700
G1 X-7.42 Y-5.844
;WIPE_END
G1 X-2.622 Y-.419 Z.6 F30000
G1 Z.2
M73 P11 R3
G1 E1.2 F2100
;TYPE:Inner wall
G1 F2700
G1 X-2.582 Y-.636 E.01091
G1 X-2.486 Y-.943 E.01588
G1 X-2.354 Y-1.236 E.01589
G1 X-2.192 Y-1.504 E.01553
G1 X-1.992 Y-1.762 E.01615
G1 X-1.763 Y-1.99 E.01597
G1 X-1.511 Y-2.188 E.01588
G1 X-1.236 Y-2.354 E.01588
G1 X-.943 Y-2.486 E.01588
G1 X-.636 Y-2.582 E.01588
G1 X-.321 Y-2.64 E.01588
G1 X-.007 Y-2.659 E.01553
G1 X.319 Y-2.64 E.01615
G1 X.636 Y-2.582 E.01597
G1 X.943 Y-2.486 E.01588
G1 X1.236 Y-2.354 E.01589
G1 X1.504 Y-2.192 E.01553
G1 X1.762 Y-1.992 E.01615
G1 X1.99 Y-1.763 E.01597
G1 X2.188 Y-1.511 E.01589
G1 X2.354 Y-1.236 E.01588
G1 X2.486 Y-.943 E.01588
G1 X2.582 Y-.636 E.01588
G1 X2.64 Y-.321 E.01588
G1 X2.659 Y0 E.01588
G1 X2.64 Y.321 E.01588
G1 X2.582 Y.636 E.01589
G1 X2.486 Y.943 E.01588
G1 X2.354 Y1.236 E.01588
G1 X2.188 Y1.511 E.01588
G1 X1.99 Y1.763 E.01589
G1 X1.763 Y1.99 E.01588
G1 X1.511 Y2.188 E.01588
G1 X1.236 Y2.354 E.01588
G1 X.943 Y2.486 E.01588
G1 X.636 Y2.582 E.01588
G1 X.321 Y2.64 E.01588
G1 X0 Y2.659 E.01588
G1 X-.321 Y2.64 E.01588
G1 X-.636 Y2.582 E.01589
G1 X-.943 Y2.486 E.01588
G1 X-1.236 Y2.354 E.01588
G1 X-1.511 Y2.188 E.01588
G1 X-1.763 Y1.99 E.01589
G1 X-1.99 Y1.763 E.01588
G1 X-2.188 Y1.511 E.01588
G1 X-2.354 Y1.236 E.01588
G1 X-2.486 Y.943 E.01588
G1 X-2.582 Y.636 E.01588
G1 X-2.64 Y.321 E.01588
G1 X-2.659 Y0 E.01588
G1 X-2.64 Y-.321 E.01588
G1 X-2.628 Y-.384 E.0032
G1 X-2.024 Y-.31 F30000
;TYPE:Outer wall
G1 F2700
G1 X-1.991 Y-.491 E.00909
G1 X-1.918 Y-.727 E.01225
G1 X-1.816 Y-.953 E.01225
G1 X-1.691 Y-1.16 E.01194
G1 X-1.536 Y-1.359 E.01252
G1 X-1.36 Y-1.535 E.01229
G1 X-1.165 Y-1.688 E.01225
G1 X-.953 Y-1.816 E.01225
G1 X-.727 Y-1.918 E.01225
G1 X-.491 Y-1.991 E.01225
G1 X-.247 Y-2.036 E.01225
G1 X-.006 Y-2.05 E.01194
G1 X.246 Y-2.036 E.01252
G1 X.491 Y-1.991 E.01229
G1 X.727 Y-1.918 E.01225
G1 X.953 Y-1.816 E.01225
G1 X1.16 Y-1.691 E.01194
G1 X1.359 Y-1.536 E.01252
G1 X1.535 Y-1.36 E.01229
G1 X1.688 Y-1.165 E.01225
G1 X1.816 Y-.953 E.01225
G1 X1.918 Y-.727 E.01225
G1 X1.991 Y-.491 E.01225
G1 X2.036 Y-.247 E.01225
G1 X2.051 Y0 E.01225
G1 X2.036 Y.247 E.01225
G1 X1.991 Y.491 E.01225
G1 X1.918 Y.727 E.01225
G1 X1.816 Y.953 E.01225
G1 X1.688 Y1.165 E.01225
G1 X1.535 Y1.36 E.01225
G1 X1.36 Y1.535 E.01225
G1 X1.165 Y1.688 E.01225
G1 X.953 Y1.816 E.01225
G1 X.727 Y1.918 E.01225
G1 X.491 Y1.991 E.01225
G1 X.247 Y2.036 E.01225
G1 X0 Y2.051 E.01225
G1 X-.247 Y2.036 E.01225
G1 X-.491 Y1.991 E.01225
G1 X-.727 Y1.918 E.01225
G1 X-.953 Y1.816 E.01225
G1 X-1.165 Y1.688 E.01225
G1 X-1.36 Y1.535 E.01225
G1 X-1.535 Y1.36 E.01225
G1 X-1.688 Y1.165 E.01225
G1 X-1.816 Y.953 E.01225
G1 X-1.918 Y.727 E.01225
G1 X-1.991 Y.491 E.01225
G1 X-2.036 Y.247 E.01225
G1 X-2.051 Y0 E.01225
G1 X-2.036 Y-.247 E.01225
G1 X-2.031 Y-.275 E.00138
G1 E-1.2 F2100
;WIPE_START
G1 F2700
G1 X-1.991 Y-.491
G1 X-1.918 Y-.727
G1 X-1.816 Y-.953
G1 X-1.691 Y-1.16
G1 X-1.536 Y-1.359
G1 X-1.36 Y-1.535
G1 X-1.165 Y-1.688
G1 X-.953 Y-1.816
G1 X-.911 Y-1.835
;WIPE_END
G1 X-3.169 Y3.758 Z.6 F30000
G1 Z.2
G1 E1.2 F2100
;TYPE:Inner wall
G1 F2700
G1 X-3.618 Y3.329 E.0307
G1 X-3.811 Y3.106 E.0146
G1 X-4.174 Y2.599 E.03083
G1 X-4.314 Y2.36 E.01371
G1 X-4.578 Y1.793 E.03096
G1 X-4.769 Y1.197 E.03096
G1 X-4.829 Y.927 E.01369
G1 X-4.907 Y.306 E.03096
G1 X-4.907 Y-.32 E.03096
G1 X-4.881 Y-.596 E.01368
G1 X-4.762 Y-1.225 E.03169
G1 X-4.685 Y-1.491 E.01369
G1 X-4.453 Y-2.086 E.0316
G1 X-4.319 Y-2.349 E.0146
G1 X-3.988 Y-2.877 E.03083
G1 X-3.819 Y-3.097 E.01371
G1 X-3.385 Y-3.566 E.0316
G1 X-3.165 Y-3.762 E.0146
G1 X-2.664 Y-4.133 E.03083
G1 X-2.427 Y-4.276 E.01371
G1 X-1.852 Y-4.555 E.0316
G1 X-1.575 Y-4.657 E.0146
G1 X-.988 Y-4.816 E.03012
G1 X-.382 Y-4.901 E.03025
G1 X.244 Y-4.911 E.03097
G1 X.52 Y-4.889 E.01369
G1 X1.149 Y-4.781 E.0316
G1 X1.434 Y-4.703 E.0146
G1 X2.017 Y-4.484 E.03083
G1 X2.267 Y-4.363 E.01371
G1 X2.815 Y-4.032 E.03168
G1 X3.037 Y-3.867 E.01369
G1 X3.513 Y-3.44 E.0316
G1 X3.712 Y-3.223 E.0146
G1 X4.082 Y-2.739 E.03012
G1 X4.398 Y-2.199 E.03097
G1 X4.627 Y-1.663 E.02881
G1 X4.8 Y-1.062 E.03096
G1 X4.895 Y-.458 E.03024
G1 X4.914 Y.153 E.03024
G1 X4.855 Y.776 E.03096
G1 X4.804 Y1.048 E.01369
G1 X4.631 Y1.649 E.03096
G1 X4.391 Y2.211 E.03024
G1 X4.075 Y2.752 E.03096
G1 X3.905 Y2.988 E.01441
G1 X3.721 Y3.214 E.01441
G1 X3.272 Y3.671 E.03168
G1 X3.06 Y3.849 E.01369
G1 X2.546 Y4.206 E.03096
G1 X1.991 Y4.496 E.03096
G1 X1.735 Y4.601 E.01369
G1 X1.123 Y4.787 E.03168
G1 X.851 Y4.843 E.0137
G1 X.229 Y4.911 E.03096
G1 X-.396 Y4.901 E.03096
G1 X-.672 Y4.871 E.01369
G1 X-1.299 Y4.742 E.03168
G1 X-1.564 Y4.662 E.01369
G1 X-2.156 Y4.419 E.03168
G1 X-2.401 Y4.291 E.01369
G1 X-2.939 Y3.942 E.03169
G1 X-3.142 Y3.781 E.01281
G1 X-3.588 Y4.197 F30000
;TYPE:Outer wall
G1 F2700
G1 X-4.058 Y3.748 E.03214
G1 X-4.288 Y3.482 E.01741
G1 X-4.684 Y2.93 E.03359
G1 X-4.852 Y2.642 E.01651
G1 X-5.144 Y2.014 E.03423
G1 X-5.356 Y1.356 E.03423
G1 X-5.428 Y1.03 E.0165
G1 X-5.514 Y.343 E.03423
G1 X-5.514 Y-.349 E.03423
G1 X-5.483 Y-.68 E.01649
G1 X-5.353 Y-1.365 E.03449
G1 X-5.261 Y-1.686 E.0165
G1 X-5.007 Y-2.334 E.03445
G1 X-4.848 Y-2.648 E.01741
M73 P12 R3
G1 X-4.487 Y-3.223 E.03359
G1 X-4.284 Y-3.488 E.01651
G1 X-3.811 Y-4 E.03445
G1 X-3.548 Y-4.234 E.01741
G1 X-3.002 Y-4.638 E.03359
G1 X-2.717 Y-4.81 E.0165
G1 X-2.09 Y-5.114 E.03445
G1 X-1.76 Y-5.236 E.01741
G1 X-1.109 Y-5.412 E.03334
G1 X-.429 Y-5.508 E.03398
G1 X.263 Y-5.518 E.03424
G1 X.595 Y-5.492 E.0165
G1 X1.281 Y-5.374 E.03445
G1 X1.621 Y-5.281 E.01741
G1 X2.257 Y-5.043 E.03359
G1 X2.557 Y-4.897 E.01651
G1 X3.153 Y-4.536 E.03448
G1 X3.421 Y-4.338 E.0165
G1 X3.94 Y-3.873 E.03445
G1 X4.178 Y-3.614 E.01741
G1 X4.587 Y-3.078 E.03334
G1 X4.936 Y-2.481 E.03424
G1 X5.203 Y-1.858 E.03348
G1 X5.394 Y-1.193 E.03423
G1 X5.5 Y-.515 E.03398
G1 X5.522 Y.172 E.03398
G1 X5.457 Y.861 E.03423
G1 X5.395 Y1.188 E.0165
G1 X5.204 Y1.854 E.03423
G1 X4.934 Y2.485 E.03398
G1 X4.585 Y3.082 E.03423
G1 X4.173 Y3.62 E.03348
G1 X3.684 Y4.117 E.03448
G1 X3.429 Y4.331 E.0165
G1 X2.861 Y4.726 E.03423
G1 X2.248 Y5.047 E.03423
G1 X1.939 Y5.173 E.0165
G1 X1.272 Y5.376 E.03448
G1 X.946 Y5.443 E.0165
G1 X.258 Y5.518 E.03423
G1 X-.434 Y5.508 E.03423
G1 X-.766 Y5.471 E.0165
G1 X-1.449 Y5.331 E.03448
G1 X-1.768 Y5.234 E.0165
G1 X-2.413 Y4.97 E.03448
G1 X-2.708 Y4.815 E.01649
G1 X-3.293 Y4.436 E.03449
G1 X-3.555 Y4.229 E.0165
G1 X-3.562 Y4.222 E.00052
G1 E-1.2 F2100
;WIPE_START
G1 F2700
G1 X-4.058 Y3.748
G1 X-4.288 Y3.482
G1 X-4.684 Y2.93
G1 X-4.827 Y2.685
;WIPE_END
G1 X.511 Y-2.771 Z.6 F30000
G1 X1.998 Y-4.291 Z.6
G1 Z.2
G1 E1.2 F2100
;TYPE:Bottom surface
;WIDTH:0.677946
G1 F3900
G1 X3.378 Y-2.912 E.10095
G1 X3.703 Y-2.485 E.02775
G1 X3.99 Y-1.994 E.02947
G1 X4.197 Y-1.51 E.0272
G1 X4.325 Y-1.066 E.02392
G1 X1.057 Y-4.334 E.23913
G1 X.463 Y-4.437 E.0312
G1 X.041 Y-4.452 E.02188
G1 X4.452 Y-.041 E.32283
G1 X4.458 Y.139 E.0093
G1 X4.389 Y.794 E.03408
G1 X3.064 Y-.531 E.09694
G1 X3.025 Y-.746 E.01129
G1 X2.913 Y-1.105 E.01947
G1 X2.758 Y-1.448 E.01947
G1 X2.564 Y-1.77 E.01947
G1 X2.332 Y-2.066 E.01947
G1 X2.064 Y-2.334 E.0196
G1 X1.763 Y-2.568 E.01975
G1 X1.448 Y-2.758 E.01905
G1 X1.105 Y-2.913 E.01947
G1 X.746 Y-3.025 E.01947
G1 X.531 Y-3.064 E.01129
G1 X-.789 Y-4.384 E.0966
G1 X-.896 Y-4.369 E.00559
G1 X-1.502 Y-4.199 E.03256
G1 X-.392 Y-3.089 E.08119
G1 X-.746 Y-3.025 E.01857
G1 X-1.111 Y-2.91 E.01983
G1 X-2.12 Y-3.919 E.07385
G1 X-2.41 Y-3.754 E.01726
G1 X-2.665 Y-3.566 E.0164
G1 X-1.703 Y-2.604 E.07039
G1 X-2.066 Y-2.332 E.02346
G1 X-2.197 Y-2.2 E.00963
G1 X-3.149 Y-3.151 E.06961
M73 P13 R3
G1 X-3.569 Y-2.674 E.03293
G1 X-2.602 Y-1.707 E.0708
G1 X-2.758 Y-1.448 E.01565
G1 X-2.908 Y-1.115 E.01889
G1 X-3.921 Y-2.127 E.07409
G1 X-4.037 Y-1.899 E.01323
G1 X-4.193 Y-1.501 E.02213
G1 X-2.833 Y-.141 E.0995
G1 E-1.2 F2100
;WIPE_START
G1 F3900
G1 X-4.193 Y-1.501
G1 X-4.164 Y-1.573
;WIPE_END
G1 X2.833 Y.136 Z.6 F30000
G1 Z.2
G1 E1.2 F2100
G1 F3900
G1 X4.199 Y1.502 E.09994
G1 X3.983 Y2.006 E.02838
G1 X3.917 Y2.119 E.00674
G1 X2.91 Y1.111 E.07373
G1 X2.758 Y1.448 E.0191
G1 X2.604 Y1.703 E.01545
G1 X3.572 Y2.671 E.07086
G1 X3.382 Y2.91 E.0158
G1 X3.149 Y3.146 E.01716
G1 X2.2 Y2.197 E.06944
G1 X2.066 Y2.332 E.00983
G1 X1.707 Y2.602 E.02326
G1 X2.67 Y3.565 E.0705
G1 X2.31 Y3.815 E.0227
G1 X2.121 Y3.914 E.01103
G1 X1.115 Y2.908 E.07361
G1 X.746 Y3.025 E.02004
G1 X.397 Y3.089 E.01833
G1 X1.504 Y4.195 E.08098
G1 X1.01 Y4.345 E.02669
G1 X.799 Y4.389 E.01116
G1 X-.524 Y3.065 E.09685
G1 X-.746 Y3.025 E.01164
G1 X-1.105 Y2.913 E.01946
G1 X-1.448 Y2.758 E.01947
G1 X-1.77 Y2.564 E.01947
G1 X-2.066 Y2.332 E.01947
G1 X-2.332 Y2.066 E.01947
G1 X-2.564 Y1.77 E.01947
G1 X-2.758 Y1.448 E.01947
G1 X-2.913 Y1.105 E.01947
G1 X-3.025 Y.746 E.01947
G1 X-3.065 Y.524 E.01164
G1 X-4.381 Y-.791 E.09625
G1 X-4.451 Y-.299 E.02573
G1 X-4.451 Y.036 E.01735
G1 X-.036 Y4.451 E.32308
G1 X-.368 Y4.446 E.01717
G1 X-.601 Y4.421 E.01212
M73 P14 R3
G1 X-1.059 Y4.327 E.02419
G1 X-4.335 Y1.051 E.23975
G1 X-4.153 Y1.626 E.03125
G1 X-3.91 Y2.149 E.02982
G1 X-3.791 Y2.351 E.01215
G1 X-3.453 Y2.824 E.03009
G1 X-1.996 Y4.288 E.10686
M106 S255
M106 P2 S255
;LAYER_CHANGE
;Z:0.4
;HEIGHT:0.2
;BEFORE_LAYER_CHANGE
;0.4
G1 E-1.2 F2100
;WIPE_START
G1 F3900
G1 X-3.407 Y2.87
;WIPE_END
;AFTER_LAYER_CHANGE
;0.4
;_SET_FAN_SPEED_CHANGING_LAYER
SET_VELOCITY_LIMIT ACCEL=10000
M140 S50 ; set bed temperature
G17
G3 Z.8 I1.164 J.355 P1  F30000
G1 X-2.427 Y-.345 Z.8
G1 Z.4
G1 E1.2 F2100
SET_VELOCITY_LIMIT ACCEL=5000
;TYPE:Inner wall
;WIDTH:0.62
G1 F1916
G1 X-2.404 Y-.542 E.00937
G1 X-2.298 Y-.896 E.01734
G1 X-2.032 Y-1.402 E.02691
G1 X-1.637 Y-1.848 E.02799
G1 X-1.17 Y-2.17 E.02671
G1 X-.849 Y-2.315 E.01653
G1 X-.298 Y-2.451 E.02671
G1 X.27 Y-2.451 E.02671
G1 X.616 Y-2.387 E.01653
G1 X1.122 Y-2.195 E.02544
G1 X1.4 Y-2.028 E.01526
G1 X1.655 Y-1.827 E.01526
G1 X2.032 Y-1.402 E.02671
G1 X2.308 Y-.875 E.02799
G1 X2.451 Y-.298 E.02798
G1 X2.451 Y.27 E.02671
G1 X2.392 Y.59 E.01526
G1 X2.296 Y.899 E.01526
G1 X2.044 Y1.378 E.02544
G1 X1.827 Y1.655 E.01653
G1 X1.402 Y2.032 E.02671
G1 X.875 Y2.308 E.02798
G1 X.298 Y2.451 E.02798
G1 X-.27 Y2.451 E.02671
G1 X-.59 Y2.392 E.01526
G1 X-.899 Y2.296 E.01526
G1 X-1.402 Y2.032 E.02671
G1 X-1.848 Y1.637 E.02799
G1 X-2.17 Y1.17 E.02671
G1 X-2.315 Y.849 E.01653
G1 X-2.444 Y.324 E.02544
G1 X-2.465 Y-.026 E.01647
G1 X-2.432 Y-.309 E.01341
SET_VELOCITY_LIMIT ACCEL=10000
G1 X-1.854 Y-.277 F30000
SET_VELOCITY_LIMIT ACCEL=5000
;TYPE:Outer wall
G1 F1916
G1 X-1.837 Y-.424 E.007
G1 X-1.761 Y-.676 E.01237
G1 X-1.553 Y-1.072 E.02102
G1 X-1.251 Y-1.413 E.0214
G1 X-.885 Y-1.666 E.02095
G1 X-.66 Y-1.767 E.01159
G1 X-.227 Y-1.874 E.02095
G1 X.218 Y-1.874 E.02095
G1 X.461 Y-1.829 E.01159
G1 X.868 Y-1.674 E.0205
G1 X1.071 Y-1.552 E.01115
G1 X1.258 Y-1.406 E.01115
G1 X1.553 Y-1.072 E.02095
G1 X1.765 Y-.669 E.02139
G1 X1.874 Y-.227 E.02139
G1 X1.874 Y.218 E.02095
G1 X1.831 Y.451 E.01115
G1 X1.76 Y.678 E.01115
G1 X1.558 Y1.064 E.0205
G1 X1.406 Y1.258 E.01159
G1 X1.072 Y1.553 E.02095
G1 X.669 Y1.765 E.02139
G1 X.227 Y1.874 E.02139
G1 X-.218 Y1.874 E.02095
G1 X-.451 Y1.831 E.01115
G1 X-.678 Y1.76 E.01115
G1 X-1.072 Y1.553 E.02095
G1 X-1.413 Y1.251 E.0214
G1 X-1.666 Y.885 E.02095
G1 X-1.767 Y.66 E.01159
G1 X-1.871 Y.237 E.0205
G1 X-1.886 Y-.009 E.01157
G1 X-1.859 Y-.241 E.01098
SET_VELOCITY_LIMIT ACCEL=10000
G1 E-1.2 F2100
;WIPE_START
G1 F7200
G1 X-1.837 Y-.424
G1 X-1.761 Y-.676
G1 X-1.553 Y-1.072
G1 X-1.251 Y-1.413
G1 X-.885 Y-1.666
G1 X-.698 Y-1.75
;WIPE_END
G1 X-3.317 Y3.889 Z.8 F30000
G1 Z.4
G1 E1.2 F2100
SET_VELOCITY_LIMIT ACCEL=5000
;TYPE:Inner wall
G1 F1916
G1 X-3.519 Y3.708 E.0128
G1 X-3.967 Y3.223 E.03102
G1 X-4.175 Y2.948 E.01623
G1 X-4.491 Y2.441 E.02808
G1 X-4.759 Y1.864 E.02994
G1 X-4.958 Y1.246 E.03054
G1 X-5.021 Y.962 E.01365
G1 X-5.103 Y.304 E.03119
G1 X-5.112 Y.014 E.01365
G1 X-5.071 Y-.645 E.03102
G1 X-5.015 Y-.985 E.01623
G1 X-4.866 Y-1.563 E.02808
G1 X-4.629 Y-2.169 E.03059
G1 X-4.499 Y-2.428 E.01366
G1 X-4.148 Y-2.987 E.03102
G1 X-3.936 Y-3.26 E.01623
G1 X-3.52 Y-3.707 E.02872
G1 X-3.303 Y-3.901 E.01371
G1 X-2.77 Y-4.296 E.03119
G1 X-2.522 Y-4.447 E.01366
G1 X-1.928 Y-4.734 E.03102
G1 X-1.604 Y-4.852 E.01623
G1 X-1.027 Y-5.007 E.02808
G1 X-.387 Y-5.097 E.03042
G1 X-.042 Y-5.11 E.01623
G1 X.554 Y-5.081 E.02807
G1 X1.192 Y-4.971 E.03042
G1 X1.524 Y-4.878 E.01623
G1 X2.096 Y-4.663 E.02873
G1 X2.358 Y-4.536 E.01371
G1 X2.925 Y-4.192 E.03119
G1 X3.159 Y-4.019 E.01365
G1 X3.652 Y-3.577 E.03119
G1 X3.85 Y-3.364 E.01365
G1 X4.244 Y-2.848 E.03054
G1 X4.565 Y-2.299 E.02989
G1 X4.815 Y-1.715 E.02989
G1 X4.994 Y-1.091 E.03054
G1 X5.048 Y-.805 E.01365
G1 X5.11 Y-.145 E.03119
G1 X5.11 Y.145 E.01365
G1 X5.048 Y.805 E.03119
G1 X4.992 Y1.104 E.0143
G1 X4.917 Y1.399 E.0143
G1 X4.694 Y2.024 E.03119
G1 X4.572 Y2.287 E.01365
G1 X4.244 Y2.848 E.03054
G1 X3.85 Y3.364 E.03054
G1 X3.652 Y3.577 E.01365
M73 P15 R3
G1 X3.169 Y4.01 E.03053
G1 X2.647 Y4.372 E.02989
G1 X2.071 Y4.674 E.03054
G1 X1.803 Y4.784 E.01365
G1 X1.168 Y4.977 E.03119
G1 X.874 Y5.037 E.01413
G1 X.518 Y5.084 E.01688
G1 X-.092 Y5.111 E.02872
G1 X-.383 Y5.098 E.01371
G1 X-1.04 Y5.005 E.03119
G1 X-1.323 Y4.938 E.01366
G1 X-1.938 Y4.73 E.03054
G1 X-2.522 Y4.447 E.03054
G1 X-2.77 Y4.296 E.01365
G1 X-3.289 Y3.912 E.03035
SET_VELOCITY_LIMIT ACCEL=10000
G1 X-3.702 Y4.319 F30000
SET_VELOCITY_LIMIT ACCEL=5000
;TYPE:Outer wall
G1 F1916
G1 X-3.925 Y4.119 E.01407
G1 X-4.411 Y3.594 E.03366
G1 X-4.651 Y3.274 E.0188
G1 X-4.999 Y2.716 E.03092
G1 X-5.298 Y2.075 E.03328
G1 X-5.516 Y1.397 E.03349
G1 X-5.59 Y1.06 E.01619
G1 X-5.679 Y.349 E.03372
G1 X-5.69 Y.005 E.01619
G1 X-5.645 Y-.71 E.03366
G1 X-5.58 Y-1.104 E.0188
G1 X-5.417 Y-1.741 E.03092
G1 X-5.157 Y-2.404 E.03351
G1 X-5.002 Y-2.712 E.01619
G1 X-4.622 Y-3.318 E.03366
G1 X-4.376 Y-3.634 E.0188
G1 X-3.925 Y-4.119 E.03115
G1 X-3.668 Y-4.349 E.01621
G1 X-3.092 Y-4.776 E.03372
G1 X-2.798 Y-4.954 E.01619
G1 X-2.154 Y-5.266 E.03366
G1 X-1.778 Y-5.403 E.0188
G1 X-1.143 Y-5.573 E.03092
G1 X-.438 Y-5.673 E.03345
G1 X-.039 Y-5.688 E.0188
G1 X.618 Y-5.656 E.03092
G1 X1.319 Y-5.535 E.03345
G1 X1.704 Y-5.427 E.0188
G1 X2.324 Y-5.194 E.03115
G1 X2.634 Y-5.043 E.01621
G1 X3.247 Y-4.672 E.03372
G1 X3.524 Y-4.467 E.01619
G1 X4.058 Y-3.988 E.03372
G1 X4.292 Y-3.736 E.01619
G1 X4.724 Y-3.17 E.03349
G1 X5.081 Y-2.559 E.03327
G1 X5.36 Y-1.909 E.03327
G1 X5.556 Y-1.224 E.03349
G1 X5.62 Y-.886 E.01619
G1 X5.687 Y-.172 E.03372
G1 X5.687 Y.172 E.01619
G1 X5.62 Y.886 E.03372
G1 X5.556 Y1.229 E.01642
G1 X5.47 Y1.567 E.01642
G1 X5.229 Y2.243 E.03372
G1 X5.084 Y2.555 E.01619
G1 X4.724 Y3.17 E.03349
G1 X4.292 Y3.736 E.03349
G1 X4.058 Y3.988 E.01619
G1 X3.527 Y4.464 E.03349
G1 X2.946 Y4.867 E.03327
G1 X2.315 Y5.197 E.03349
G1 X1.997 Y5.328 E.01619
G1 X1.311 Y5.537 E.03372
G1 X.97 Y5.607 E.01636
G1 X.569 Y5.66 E.01903
G1 X-.093 Y5.689 E.03115
G1 X-.437 Y5.673 E.01621
G1 X-1.147 Y5.573 E.03372
G1 X-1.482 Y5.493 E.01619
G1 X-2.157 Y5.265 E.03349
G1 X-2.798 Y4.954 E.03349
G1 X-3.092 Y4.776 E.01619
G1 X-3.668 Y4.349 E.03372
G1 X-3.675 Y4.343 E.00043
SET_VELOCITY_LIMIT ACCEL=10000
G1 E-1.2 F2100
;WIPE_START
G1 F7200
G1 X-3.925 Y4.119
G1 X-4.411 Y3.594
G1 X-4.651 Y3.274
G1 X-4.942 Y2.808
;WIPE_END
G1 X-4.988 Y.291 Z.8 F30000
G1 Z.4
G1 E1.2 F2100
SET_VELOCITY_LIMIT ACCEL=7000
;TYPE:Internal solid infill
;WIDTH:0.735415
G1 F1916
G1 X.013 Y-4.71 E.39914
G1 X-.711 Y-4.651 E.04103
G1 X-.756 Y-4.695 E.00358
G1 X-1.028 Y-4.648 E.01558
G1 X-4.646 Y-1.031 E.28866
G1 X-4.536 Y-1.457 E.0248
G1 X-4.313 Y-2.028 E.0346
G1 X-4.197 Y-2.258 E.01456
G1 X-3.864 Y-2.788 E.03531
G1 X-2.102 Y-4.554 E.14076
SET_VELOCITY_LIMIT ACCEL=10000
G1 X2.993 Y.47 F30000
SET_VELOCITY_LIMIT ACCEL=7000
;WIDTH:0.619999
G1 F1916
G1 X4.43 Y-.966 E.09552
G1 X4.27 Y-1.521 E.02716
G1 X4.048 Y-2.039 E.0265
G1 X3.766 Y-2.522 E.02632
G1 X3.243 Y-3.168 E.03911
G1 X2.598 Y-3.715 E.03973
G1 X1.863 Y-4.133 E.03979
G1 X1.059 Y-4.408 E.03996
G1 X.599 Y-4.48 E.02189
G1 X-1.012 Y-2.869 E.10714
G1 X-.402 Y-3.019 E.02957
G1 X.297 Y-3.028 E.03284
G1 X.796 Y-2.936 E.02388
G1 X1.351 Y-2.726 E.0279
M73 P16 R3
G1 X2.017 Y-2.276 E.03781
G1 X2.487 Y-1.759 E.03284
G1 X2.835 Y-1.113 E.03453
G1 X3.019 Y-.402 E.03453
G1 X3.028 Y.297 E.03284
G1 X3 Y.435 E.00664
SET_VELOCITY_LIMIT ACCEL=10000
G1 X.858 Y-3.686 F30000
SET_VELOCITY_LIMIT ACCEL=7000
;WIDTH:0.95781
G1 F1916
G1 X1.554 Y-3.448 E.05489
G1 X2.164 Y-3.093 E.05257
G1 X2.624 Y-2.721 E.04414
G1 X3.039 Y-2.248 E.04691
G1 X3.376 Y-1.7 E.04794
G1 X3.584 Y-1.217 E.03926
SET_VELOCITY_LIMIT ACCEL=10000
G1 E-1.2 F2100
;WIPE_START
G1 F8197.707
G1 X3.376 Y-1.7
G1 X3.039 Y-2.248
G1 X2.624 Y-2.721
G1 X2.468 Y-2.848
;WIPE_END
G1 X-2.402 Y-1.66 Z.8 F30000
G1 Z.4
G1 E1.2 F2100
SET_VELOCITY_LIMIT ACCEL=7000
;WIDTH:0.55292
G1 F1916
G1 X-1.936 Y-2.156 E.02832
SET_VELOCITY_LIMIT ACCEL=10000
G1 X-1.507 Y2.628 F30000
SET_VELOCITY_LIMIT ACCEL=7000
;WIDTH:0.619999
G1 F1916
G1 X-1.759 Y2.487 E.01357
G1 X-2.257 Y2.046 E.03128
G1 X-2.66 Y1.476 E.03284
G1 X-2.869 Y1.013 E.02388
G1 X-3.011 Y.437 E.0279
G1 X-3.041 Y-.068 E.02377
G1 X-2.974 Y-.636 E.02687
G1 X-2.864 Y-1.018 E.0187
G1 X-4.479 Y.598 E.10742
G1 X-4.398 Y1.103 E.02405
G1 X-4.221 Y1.653 E.02718
G1 X-3.984 Y2.162 E.02638
G1 X-3.521 Y2.856 E.03926
G1 X-2.933 Y3.457 E.03952
G1 X-2.238 Y3.943 E.03992
G1 X-1.718 Y4.195 E.02713
G1 X-1.167 Y4.381 E.02738
G1 X-.96 Y4.424 E.00993
G1 X.459 Y3.005 E.09437
G1 X-.297 Y3.028 E.03554
G1 X-1.002 Y2.863 E.03406
G1 X-1.475 Y2.643 E.0245
SET_VELOCITY_LIMIT ACCEL=10000
G1 X-1.181 Y3.588 F30000
SET_VELOCITY_LIMIT ACCEL=7000
;WIDTH:0.953923
G1 F1916
G1 X-1.49 Y3.478 E.0244
G1 X-2.044 Y3.179 E.04672
G1 X-2.445 Y2.882 E.03707
G1 X-2.914 Y2.415 E.04906
G1 X-3.27 Y1.897 E.04671
G1 X-3.526 Y1.381 E.04274
G1 X-3.668 Y.891 E.03784
SET_VELOCITY_LIMIT ACCEL=10000
G1 X2.888 Y3.659 F30000
SET_VELOCITY_LIMIT ACCEL=7000
;WIDTH:0.55292
G1 F1916
G1 X3.501 Y3.062 E.03552
G1 X3.871 Y2.64 E.02333
SET_VELOCITY_LIMIT ACCEL=10000
G1 X4.821 Y1.146 F30000
SET_VELOCITY_LIMIT ACCEL=7000
;WIDTH:0.658477
G1 F1916
G1 X1.432 Y4.535 E.2404
G1 X1.291 Y4.577 E.00738
G1 X1.227 Y4.513 E.00455
G1 X.435 Y4.661 E.04039
G1 X4.663 Y.433 E.29987
G1 X4.716 Y.131 E.01542
G1 X4.709 Y-.483 E.03078
G1 X-.709 Y4.935 E.38432
;LAYER_CHANGE
;Z:0.563333
;HEIGHT:0.163333
;BEFORE_LAYER_CHANGE
;0.563333
G1 E-1.2 F2100
;WIPE_START
G1 F9000
G1 X.705 Y3.521
;WIPE_END
;AFTER_LAYER_CHANGE
;0.563333
;_SET_FAN_SPEED_CHANGING_LAYER
SET_VELOCITY_LIMIT ACCEL=10000
G17
G3 Z.963 I-.985 J.714 P1  F30000
G1 X2.614 Y6.154 Z.963
G1 Z.563
G1 E1.2 F2100
;TYPE:Support
;WIDTH:0.62
;HEIGHT:0.363333
G1 F2558
G1 X6.154 Y6.154 E.28408
G1 X6.154 Y3.077 E.2469
G1 X5.937 Y3.077 E.01744
G1 X5.969 Y3.018 E.00537
G1 X5.978 Y2.999 E.00172
G1 X6.145 Y2.641 E.03166
G1 X6.153 Y2.622 E.00172
G1 X6.154 Y2.62 E.00018
G1 X6.154 Y2.789 E.01356
G1 E-1.2 F2100
;WIPE_START
G1 F6000
G1 X6.154 Y2.62
G1 X6.153 Y2.622
G1 X6.145 Y2.641
G1 X5.978 Y2.999
G1 X5.969 Y3.018
G1 X5.937 Y3.077
G1 X6.154 Y3.077
G1 X6.154 Y4.184
;WIPE_END
G1 X6.154 Y-2.789 Z.963 F30000
M73 P17 R3
G1 Z.563
G1 E1.2 F2100
G1 F2558
G1 X6.154 Y-2.62 E.01356
G1 X6.153 Y-2.622 E.00018
G1 X6.145 Y-2.641 E.00172
G1 X5.978 Y-2.999 E.03166
G1 X5.969 Y-3.018 E.00172
G1 X5.937 Y-3.077 E.00537
G1 X6.154 Y-3.077 E.01744
G1 X6.154 Y-6.154 E.2469
G1 X2.614 Y-6.154 E.28408
G1 E-1.2 F2100
;WIPE_START
G1 F6000
G1 X4.614 Y-6.154
;WIPE_END
G1 X-3.013 Y-5.851 Z.963 F30000
G1 X-3.256 Y-5.842 Z.963
G1 Z.563
G1 E1.2 F2100
G1 F2558
G1 X-3.071 Y-5.939 E.01676
G1 X-2.925 Y-6.015 E.01323
G1 X-2.906 Y-6.024 E.00172
G1 X-2.615 Y-6.154 E.02555
G1 X-6.154 Y-6.154 E.28397
G1 X-6.154 Y-3.077 E.2469
G1 X-5.936 Y-3.077 E.01751
G1 X-6.06 Y-2.831 E.02209
G1 X-6.069 Y-2.812 E.00172
G1 X-6.154 Y-2.612 E.0174
G1 X-6.154 Y-2.789 E.01414
G1 E-1.2 F2100
;WIPE_START
G1 F6000
G1 X-6.154 Y-2.612
G1 X-6.069 Y-2.812
G1 X-6.06 Y-2.831
G1 X-5.936 Y-3.077
G1 X-6.154 Y-3.077
G1 X-6.154 Y-4.169
;WIPE_END
G1 X-4.162 Y3.199 Z.963 F30000
G1 X-3.484 Y5.706 Z.963
G1 Z.563
G1 E1.2 F2100
G1 F2558
G1 X-3.631 Y5.617 E.01381
G1 X-3.649 Y5.606 E.00173
G1 X-3.973 Y5.381 E.03166
G1 X-3.99 Y5.368 E.00172
G1 X-4.3 Y5.123 E.03166
G1 X-4.316 Y5.109 E.00172
G1 X-4.61 Y4.846 E.03166
G1 X-4.626 Y4.831 E.00172
G1 X-4.903 Y4.55 E.03166
G1 X-4.917 Y4.534 E.00172
G1 X-4.938 Y4.51 E.00253
G1 X-5.176 Y4.236 E.02914
G1 X-5.189 Y4.22 E.00172
G1 X-5.429 Y3.906 E.03166
G1 X-5.442 Y3.889 E.00172
G1 X-5.479 Y3.834 E.00535
G1 X-5.662 Y3.561 E.02631
G1 X-5.673 Y3.543 E.00171
G1 X-5.736 Y3.436 E.00999
G1 X-5.872 Y3.202 E.02169
G1 X-5.882 Y3.184 E.00171
G1 X-5.936 Y3.077 E.00957
G1 X-6.154 Y3.077 E.01751
G1 X-6.154 Y6.154 E.2469
G1 X-2.615 Y6.154 E.28397
;LAYER_CHANGE
;Z:0.6
;HEIGHT:0.0366667
;BEFORE_LAYER_CHANGE
;0.6
G1 E-1.2 F2100
;WIPE_START
G1 F6000
G1 X-4.615 Y6.154
;WIPE_END
;AFTER_LAYER_CHANGE
;0.6
;_SET_FAN_SPEED_CHANGING_LAYER
G17
G3 Z1 I1.154 J.386 P1  F30000
G1 X-2.425 Y-.401 Z1
G1 Z.6
G1 E1.2 F2100
SET_VELOCITY_LIMIT ACCEL=5000
;TYPE:Inner wall
;HEIGHT:0.2
G1 F2558
G1 X-2.315 Y-.849 E.02169
G1 X-2.17 Y-1.17 E.01653
G1 X-1.849 Y-1.635 E.02661
G1 X-1.451 Y-1.991 E.02512
G1 X-1.128 Y-2.193 E.01789
G1 X-.593 Y-2.396 E.02693
G1 X-.063 Y-2.463 E.02512
G1 X.317 Y-2.446 E.01789
G1 X.849 Y-2.315 E.02575
G1 X1.17 Y-2.17 E.01653
G1 X1.637 Y-1.848 E.02671
G1 X2.032 Y-1.402 E.02798
G1 X2.308 Y-.875 E.02798
G1 X2.444 Y-.324 E.02671
G1 X2.464 Y0 E.01526
G1 X2.444 Y.324 E.01526
G1 X2.308 Y.875 E.02671
G1 X2.033 Y1.4 E.02789
G1 X1.68 Y1.802 E.02512
G1 X1.384 Y2.041 E.01789
G1 X.875 Y2.308 E.02703
G1 X.324 Y2.444 E.02671
G1 X0 Y2.464 E.01526
G1 X-.324 Y2.444 E.01526
G1 X-.875 Y2.308 E.02671
G1 X-1.4 Y2.033 E.02789
G1 X-1.802 Y1.68 E.02512
G1 X-2.041 Y1.384 E.01789
G1 X-2.308 Y.875 E.02703
G1 X-2.444 Y.324 E.02671
G1 X-2.464 Y0 E.01526
G1 X-2.444 Y-.324 E.01526
G1 X-2.434 Y-.366 E.00205
SET_VELOCITY_LIMIT ACCEL=10000
G1 X-1.865 Y-.263 F30000
SET_VELOCITY_LIMIT ACCEL=5000
;TYPE:Outer wall
G1 F2558
G1 X-1.767 Y-.66 E.01922
G1 X-1.666 Y-.885 E.01159
G1 X-1.413 Y-1.251 E.02092
G1 X-1.103 Y-1.528 E.01956
G1 X-.87 Y-1.674 E.0129
G1 X-.452 Y-1.832 E.02103
G1 X-.04 Y-1.884 E.01956
G1 X.234 Y-1.872 E.0129
G1 X.66 Y-1.767 E.02061
G1 X.885 Y-1.666 E.01159
G1 X1.251 Y-1.413 E.02095
G1 X1.553 Y-1.072 E.02139
G1 X1.765 Y-.669 E.02139
G1 X1.871 Y-.237 E.02095
G1 X1.886 Y0 E.01115
G1 X1.871 Y.237 E.01115
G1 X1.765 Y.669 E.02095
G1 X1.554 Y1.071 E.02136
G1 X1.279 Y1.384 E.01956
G1 X1.066 Y1.557 E.0129
G1 X.669 Y1.765 E.02106
G1 X.237 Y1.871 E.02095
G1 X0 Y1.886 E.01115
G1 X-.237 Y1.871 E.01115
G1 X-.669 Y1.765 E.02095
G1 X-1.071 Y1.554 E.02136
G1 X-1.384 Y1.279 E.01956
G1 X-1.557 Y1.066 E.0129
G1 X-1.765 Y.669 E.02106
G1 X-1.871 Y.237 E.02095
G1 X-1.886 Y0 E.01115
G1 X-1.872 Y-.228 E.01074
SET_VELOCITY_LIMIT ACCEL=10000
G1 E-1.2 F2100
;WIPE_START
G1 F7200
G1 X-1.767 Y-.66
G1 X-1.666 Y-.885
G1 X-1.413 Y-1.251
G1 X-1.103 Y-1.528
G1 X-.87 Y-1.674
G1 X-.708 Y-1.735
;WIPE_END
G1 X-3.312 Y3.894 Z1 F30000
G1 Z.6
G1 E1.2 F2100
SET_VELOCITY_LIMIT ACCEL=5000
;TYPE:Inner wall
G1 F2558
G1 X-3.519 Y3.708 E.0131
G1 X-3.966 Y3.225 E.03092
G1 X-4.194 Y2.919 E.01794
G1 X-4.49 Y2.442 E.02641
G1 X-4.759 Y1.864 E.02998
G1 X-4.958 Y1.246 E.03054
G1 X-5.023 Y.954 E.01404
G1 X-5.079 Y.563 E.01859
G1 X-5.111 Y.002 E.02641
G1 X-5.071 Y-.643 E.03037
M73 P18 R3
G1 X-5.007 Y-1.019 E.01794
G1 X-4.867 Y-1.562 E.02641
G1 X-4.634 Y-2.156 E.02998
G1 X-4.324 Y-2.727 E.03054
G1 X-4.158 Y-2.975 E.01404
G1 X-3.914 Y-3.286 E.01859
G1 X-3.525 Y-3.702 E.0268
G1 X-3.236 Y-3.955 E.01803
G1 X-2.783 Y-4.287 E.02641
G1 X-2.216 Y-4.607 E.03063
G1 X-1.943 Y-4.729 E.01405
G1 X-1.571 Y-4.862 E.01859
G1 X-1.028 Y-5.007 E.02641
G1 X-.389 Y-5.097 E.03037
G1 X-.008 Y-5.11 E.01794
G1 X.553 Y-5.081 E.02641
G1 X1.182 Y-4.973 E.02998
G1 X1.803 Y-4.784 E.03054
G1 X2.072 Y-4.674 E.01365
G1 X2.659 Y-4.366 E.03119
G1 X2.914 Y-4.201 E.01431
G1 X3.159 Y-4.019 E.0143
G1 X3.652 Y-3.577 E.03119
G1 X3.85 Y-3.364 E.01365
G1 X4.244 Y-2.848 E.03054
G1 X4.565 Y-2.299 E.02988
G1 X4.82 Y-1.702 E.03054
G1 X4.909 Y-1.426 E.01365
G1 X5.05 Y-.792 E.03054
G1 X5.11 Y-.145 E.03054
G1 X5.11 Y.145 E.01365
G1 X5.049 Y.8 E.03093
G1 X4.973 Y1.174 E.01794
G1 X4.816 Y1.713 E.02641
G1 X4.565 Y2.299 E.02998
G1 X4.237 Y2.86 E.03054
G1 X4.06 Y3.107 E.0143
G1 X3.868 Y3.343 E.01431
G1 X3.412 Y3.805 E.03054
G1 X2.903 Y4.208 E.03054
G1 X2.647 Y4.374 E.0143
G1 X2.383 Y4.523 E.0143
G1 X1.777 Y4.793 E.03119
G1 X1.502 Y4.886 E.01365
G1 X.862 Y5.039 E.03093
G1 X.484 Y5.087 E.01794
G1 X-.091 Y5.111 E.02706
G1 X-.383 Y5.098 E.01375
G1 X-1.026 Y5.007 E.03054
G1 X-1.653 Y4.837 E.03054
G1 X-1.933 Y4.733 E.01404
G1 X-2.292 Y4.567 E.01859
G1 X-2.78 Y4.289 E.02641
G1 X-3.284 Y3.916 E.0295
SET_VELOCITY_LIMIT ACCEL=10000
G1 X-3.697 Y4.323 F30000
SET_VELOCITY_LIMIT ACCEL=5000
;TYPE:Outer wall
G1 F2558
G1 X-3.925 Y4.119 E.01436
G1 X-4.41 Y3.594 E.03363
G1 X-4.672 Y3.244 E.02054
G1 X-4.999 Y2.717 E.0292
G1 X-5.298 Y2.075 E.0333
G1 X-5.516 Y1.397 E.03349
G1 X-5.591 Y1.058 E.01632
G1 X-5.654 Y.621 E.02076
G1 X-5.689 Y.001 E.0292
G1 X-5.645 Y-.709 E.03343
G1 X-5.572 Y-1.14 E.02054
G1 X-5.417 Y-1.741 E.0292
G1 X-5.158 Y-2.4 E.0333
G1 X-4.818 Y-3.026 E.03349
G1 X-4.625 Y-3.314 E.01632
G1 X-4.352 Y-3.661 E.02076
G1 X-3.927 Y-4.117 E.02934
G1 X-3.597 Y-4.405 E.02057
G1 X-3.097 Y-4.773 E.0292
G1 X-2.476 Y-5.123 E.03353
G1 X-2.159 Y-5.264 E.01633
G1 X-1.743 Y-5.414 E.02076
G1 X-1.143 Y-5.573 E.0292
G1 X-.439 Y-5.673 E.03343
G1 X-.003 Y-5.688 E.02054
G1 X.617 Y-5.656 E.0292
G1 X1.315 Y-5.535 E.0333
G1 X1.997 Y-5.328 E.03349
G1 X2.315 Y-5.197 E.01619
G1 X2.951 Y-4.865 E.03372
G1 X3.243 Y-4.675 E.01642
G1 X3.524 Y-4.467 E.01641
G1 X4.058 Y-3.988 E.03372
G1 X4.292 Y-3.736 E.01619
G1 X4.724 Y-3.17 E.03349
G1 X5.081 Y-2.559 E.03327
G1 X5.362 Y-1.904 E.03349
G1 X5.467 Y-1.577 E.01619
G1 X5.621 Y-.881 E.03349
G1 X5.687 Y-.172 E.03349
G1 X5.687 Y.172 E.01619
G1 X5.62 Y.884 E.03363
G1 X5.534 Y1.312 E.02054
G1 X5.36 Y1.908 E.0292
G1 X5.081 Y2.559 E.0333
G1 X4.722 Y3.174 E.03349
G1 X4.519 Y3.458 E.01641
G1 X4.298 Y3.728 E.01642
G1 X3.798 Y4.236 E.03349
G1 X3.239 Y4.678 E.03349
G1 X2.946 Y4.868 E.01642
G1 X2.642 Y5.039 E.01642
G1 X1.988 Y5.331 E.03372
G1 X1.662 Y5.442 E.01619
G1 X.966 Y5.607 E.03363
G1 X.533 Y5.663 E.02054
G1 X-.093 Y5.689 E.02943
G1 X-.437 Y5.673 E.01622
G1 X-1.142 Y5.574 E.03349
G1 X-1.83 Y5.387 E.03349
G1 X-2.155 Y5.266 E.01632
G1 X-2.556 Y5.081 E.02076
G1 X-3.096 Y4.774 E.0292
G1 X-3.668 Y4.349 E.03353
G1 X-3.671 Y4.347 E.00013
SET_VELOCITY_LIMIT ACCEL=10000
G1 E-1.2 F2100
;WIPE_START
G1 F7200
G1 X-3.925 Y4.119
G1 X-4.41 Y3.594
G1 X-4.672 Y3.244
G1 X-4.939 Y2.814
;WIPE_END
G1 X-4.985 Y-.288 Z1 F30000
G1 Z.6
G1 E1.2 F2100
SET_VELOCITY_LIMIT ACCEL=7000
;TYPE:Internal solid infill
;WIDTH:0.735415
G1 F2558
G1 X.013 Y4.71 E.39884
G1 X-.711 Y4.651 E.04101
G1 X-.756 Y4.695 E.00358
G1 X-1.029 Y4.648 E.01561
G1 X-4.652 Y1.024 E.28918
G1 X-4.436 Y1.737 E.04205
G1 X-4.185 Y2.277 E.03358
G1 X-3.908 Y2.724 E.02968
G1 X-3.837 Y2.819 E.00669
G1 X-2.092 Y4.564 E.13929
SET_VELOCITY_LIMIT ACCEL=10000
G1 X3.005 Y-.459 F30000
SET_VELOCITY_LIMIT ACCEL=7000
;WIDTH:0.619999
G1 F2558
G1 X3.019 Y.367 E.03886
G1 X2.872 Y1.001 E.03058
G1 X2.528 Y1.699 E.0366
G1 X2.098 Y2.201 E.03108
G1 X1.693 Y2.53 E.02453
G1 X1.113 Y2.835 E.03084
G1 X.437 Y3.011 E.03284
G1 X-.367 Y3.019 E.03781
G1 X-1.012 Y2.869 E.03113
G1 X.601 Y4.482 E.10727
G1 X1.416 Y4.294 E.03931
G1 X2.076 Y4.028 E.03347
G1 X2.53 Y3.76 E.0248
G1 X2.99 Y3.404 E.02735
G1 X3.402 Y2.994 E.02733
G1 X3.727 Y2.578 E.0248
G1 X4.025 Y2.08 E.02733
G1 X4.249 Y1.572 E.0261
G1 X4.419 Y.955 E.03007
G1 X3.031 Y-.433 E.09235
SET_VELOCITY_LIMIT ACCEL=10000
G1 X.847 Y3.676 F30000
M73 P19 R3
SET_VELOCITY_LIMIT ACCEL=7000
;WIDTH:0.954655
G1 F2558
G1 X1.398 Y3.52 E.04255
G1 X2.023 Y3.197 E.05226
G1 X2.527 Y2.819 E.04684
G1 X3.047 Y2.245 E.0575
G1 X3.376 Y1.7 E.04728
G1 X3.584 Y1.213 E.03933
SET_VELOCITY_LIMIT ACCEL=10000
G1 E-1.2 F2100
;WIPE_START
G1 F8226.075
G1 X3.376 Y1.7
G1 X3.047 Y2.245
G1 X2.527 Y2.819
G1 X2.479 Y2.855
;WIPE_END
G1 X-2.411 Y1.647 Z1 F30000
G1 Z.6
G1 E1.2 F2100
SET_VELOCITY_LIMIT ACCEL=7000
;WIDTH:0.55292
G1 F2558
G1 X-1.684 Y2.379 E.0429
SET_VELOCITY_LIMIT ACCEL=10000
G1 X-2.878 Y-.975 F30000
SET_VELOCITY_LIMIT ACCEL=7000
;WIDTH:0.619999
G1 F2558
G1 X-2.676 Y-1.45 E.02427
G1 X-2.304 Y-1.991 E.0309
G1 X-1.817 Y-2.438 E.03108
G1 X-1.364 Y-2.721 E.02512
G1 X-.765 Y-2.948 E.03011
G1 X-.111 Y-3.039 E.03108
G1 X.459 Y-3.005 E.02682
G1 X-.963 Y-4.427 E.09456
G1 X-1.461 Y-4.286 E.02432
G1 X-1.961 Y-4.088 E.02533
G1 X-2.465 Y-3.804 E.02721
G1 X-3.128 Y-3.282 E.03966
G1 X-3.472 Y-2.913 E.0237
G1 X-3.833 Y-2.422 E.02867
G1 X-4.11 Y-1.912 E.02729
G1 X-4.317 Y-1.384 E.02666
G1 X-4.446 Y-.87 E.02493
G1 X-4.482 Y-.601 E.01278
G1 X-2.869 Y1.012 E.10727
G1 X-3.011 Y.437 E.02788
G1 X-3.019 Y-.367 E.03781
G1 X-2.886 Y-.939 E.02761
SET_VELOCITY_LIMIT ACCEL=10000
G1 X-1.185 Y-3.59 F30000
SET_VELOCITY_LIMIT ACCEL=7000
;WIDTH:0.953038
G1 F2558
G1 X-1.763 Y-3.35 E.04639
G1 X-2.259 Y-3.028 E.04389
G1 X-2.754 Y-2.595 E.04872
G1 X-3.198 Y-2.019 E.05398
G1 X-3.528 Y-1.366 E.05422
G1 X-3.669 Y-.892 E.03667
SET_VELOCITY_LIMIT ACCEL=10000
G1 X1.157 Y-4.81 F30000
SET_VELOCITY_LIMIT ACCEL=7000
;WIDTH:0.658477
G1 F2558
G1 X4.548 Y-1.419 E.24054
G1 X4.589 Y-1.272 E.00763
G1 X4.53 Y-1.214 E.00417
G1 X4.664 Y-.432 E.03977
G1 X.436 Y-4.66 E.29994
G1 X.127 Y-4.718 E.01575
G1 X-.487 Y-4.712 E.03079
G1 X4.931 Y.705 E.38429
SET_VELOCITY_LIMIT ACCEL=10000
G1 X2.877 Y-3.67 F30000
SET_VELOCITY_LIMIT ACCEL=7000
;WIDTH:0.55292
G1 F2558
G1 X3.321 Y-3.249 E.02545
G1 X3.871 Y-2.638 E.03414
;LAYER_CHANGE
;Z:0.8
;HEIGHT:0.2
;BEFORE_LAYER_CHANGE
;0.8
G1 E-1.2 F2100
;WIPE_START
G1 F9000
G1 X3.321 Y-3.249
G1 X2.877 Y-3.67
;WIPE_END
;AFTER_LAYER_CHANGE
;0.8
;_SET_FAN_SPEED_CHANGING_LAYER
SET_VELOCITY_LIMIT ACCEL=10000
G17
G3 Z1.2 I-.639 J-1.036 P1  F30000
G1 X-2.425 Y-.4 Z1.2
G1 Z.8
G1 E1.2 F2100
SET_VELOCITY_LIMIT ACCEL=5000
;TYPE:Inner wall
;WIDTH:0.62
G1 F1388
G1 X-2.315 Y-.849 E.02173
G1 X-2.17 Y-1.17 E.01652
G1 X-1.848 Y-1.637 E.02671
G1 X-1.423 Y-2.014 E.02671
G1 X-1.122 Y-2.195 E.01653
G1 X-.594 Y-2.396 E.02657
G1 X-.077 Y-2.462 E.0245
G1 X.315 Y-2.446 E.01845
G1 X.849 Y-2.315 E.02586
G1 X1.17 Y-2.17 E.01653
G1 X1.637 Y-1.848 E.02671
G1 X2.032 Y-1.402 E.02798
G1 X2.308 Y-.875 E.02799
G1 X2.444 Y-.324 E.02671
G1 X2.464 Y0 E.01526
G1 X2.444 Y.324 E.01526
G1 X2.308 Y.875 E.02671
G1 X2.032 Y1.402 E.02799
G1 X1.639 Y1.846 E.02784
G1 X1.212 Y2.144 E.0245
G1 X.858 Y2.313 E.01844
G1 X.324 Y2.444 E.02586
G1 X0 Y2.464 E.01526
G1 X-.324 Y2.444 E.01526
G1 X-.875 Y2.308 E.02671
G1 X-1.402 Y2.032 E.02799
G1 X-1.846 Y1.639 E.02784
G1 X-2.144 Y1.212 E.0245
G1 X-2.301 Y.882 E.01718
G1 X-2.4 Y.564 E.01568
G1 X-2.465 Y.027 E.02544
G1 X-2.444 Y-.324 E.01653
G1 X-2.434 Y-.366 E.00202
SET_VELOCITY_LIMIT ACCEL=10000
G1 X-1.865 Y-.262 F30000
SET_VELOCITY_LIMIT ACCEL=5000
;TYPE:Outer wall
G1 F1388
G1 X-1.767 Y-.66 E.01926
G1 X-1.666 Y-.885 E.01159
G1 X-1.413 Y-1.251 E.02095
M73 P20 R3
G1 X-1.079 Y-1.547 E.02095
G1 X-.868 Y-1.674 E.01159
G1 X-.453 Y-1.832 E.0209
G1 X-.052 Y-1.884 E.01902
G1 X.234 Y-1.872 E.01342
G1 X.66 Y-1.767 E.02065
G1 X.885 Y-1.666 E.01159
G1 X1.251 Y-1.413 E.02095
G1 X1.553 Y-1.072 E.02139
G1 X1.765 Y-.669 E.0214
G1 X1.871 Y-.237 E.02095
G1 X1.886 Y0 E.01115
G1 X1.871 Y.237 E.01115
G1 X1.765 Y.669 E.02095
G1 X1.553 Y1.072 E.0214
G1 X1.252 Y1.412 E.02134
G1 X.921 Y1.644 E.01902
G1 X.663 Y1.766 E.01342
G1 X.237 Y1.871 E.02065
G1 X0 Y1.886 E.01115
G1 X-.237 Y1.871 E.01115
G1 X-.669 Y1.765 E.02095
G1 X-1.072 Y1.553 E.0214
G1 X-1.412 Y1.252 E.02134
G1 X-1.644 Y.921 E.01902
G1 X-1.762 Y.672 E.01298
G1 X-1.834 Y.442 E.0113
G1 X-1.886 Y.009 E.0205
G1 X-1.872 Y-.227 E.01114
SET_VELOCITY_LIMIT ACCEL=10000
G1 E-1.2 F2100
;WIPE_START
G1 F7200
G1 X-1.767 Y-.66
G1 X-1.666 Y-.885
G1 X-1.413 Y-1.251
G1 X-1.079 Y-1.547
G1 X-.868 Y-1.674
G1 X-.709 Y-1.735
;WIPE_END
G1 X-3.302 Y3.902 Z1.2 F30000
G1 Z.8
G1 E1.2 F2100
SET_VELOCITY_LIMIT ACCEL=5000
;TYPE:Inner wall
G1 F1388
G1 X-3.604 Y3.622 E.01937
G1 X-3.959 Y3.233 E.02473
G1 X-4.335 Y2.709 E.03034
G1 X-4.54 Y2.345 E.01965
G1 X-4.758 Y1.867 E.02473
G1 X-4.958 Y1.246 E.03067
G1 X-5.021 Y.962 E.01365
G1 X-5.103 Y.304 E.03119
G1 X-5.112 Y.014 E.01365
G1 X-5.071 Y-.641 E.03085
G1 X-5 Y-1.053 E.01965
G1 X-4.867 Y-1.562 E.02473
G1 X-4.632 Y-2.162 E.03034
G1 X-4.438 Y-2.532 E.01965
G1 X-4.156 Y-2.976 E.02473
G1 X-3.743 Y-3.482 E.03067
G1 X-3.535 Y-3.693 E.01397
G1 X-3.209 Y-3.976 E.0203
G1 X-2.773 Y-4.295 E.02539
G1 X-2.522 Y-4.447 E.01379
G1 X-1.932 Y-4.733 E.03085
G1 X-1.538 Y-4.873 E.01965
G1 X-1.029 Y-5.007 E.02473
G1 X-.39 Y-5.097 E.03034
G1 X.027 Y-5.109 E.01965
G1 X.552 Y-5.081 E.02473
G1 X1.182 Y-4.973 E.03002
G1 X1.803 Y-4.784 E.03054
G1 X2.358 Y-4.536 E.02859
G1 X2.914 Y-4.199 E.03054
G1 X3.423 Y-3.797 E.03054
G1 X3.85 Y-3.364 E.02859
G1 X4.244 Y-2.848 E.03054
G1 X4.568 Y-2.293 E.0302
G1 X4.738 Y-1.912 E.01965
G1 X4.912 Y-1.415 E.02473
G1 X5.05 Y-.792 E.03002
G1 X5.11 Y-.145 E.03054
G1 X5.11 Y.145 E.01365
G1 X5.048 Y.805 E.03119
G1 X4.993 Y1.097 E.01397
G1 X4.88 Y1.514 E.0203
G1 X4.696 Y2.021 E.02538
G1 X4.572 Y2.287 E.01379
G1 X4.241 Y2.854 E.03085
G1 X3.992 Y3.189 E.01965
G1 X3.644 Y3.584 E.02474
G1 X3.164 Y4.015 E.03034
G1 X2.824 Y4.258 E.01965
G1 X2.373 Y4.527 E.02473
G1 X1.777 Y4.793 E.03067
G1 X1.502 Y4.886 E.01366
G1 X.857 Y5.04 E.03119
G1 X.569 Y5.08 E.01365
G1 X-.093 Y5.111 E.03119
G1 X-.383 Y5.098 E.01365
G1 X-1.04 Y5.005 E.03119
G1 X-1.323 Y4.938 E.01366
G1 X-1.944 Y4.728 E.03085
G1 X-2.323 Y4.551 E.01965
G1 X-2.779 Y4.29 E.02473
G1 X-3.273 Y3.924 E.02892
SET_VELOCITY_LIMIT ACCEL=10000
G1 X-3.694 Y4.325 F30000
SET_VELOCITY_LIMIT ACCEL=5000
;TYPE:Outer wall
G1 F1388
G1 X-4.014 Y4.029 E.02051
G1 X-4.408 Y3.597 E.02747
G1 X-4.822 Y3.02 E.03342
G1 X-5.054 Y2.607 E.02227
G1 X-5.297 Y2.076 E.02747
G1 X-5.516 Y1.397 E.03354
G1 X-5.59 Y1.06 E.01619
G1 X-5.679 Y.349 E.03372
G1 X-5.69 Y.005 E.01619
G1 X-5.645 Y-.708 E.0336
G1 X-5.564 Y-1.175 E.02227
G1 X-5.417 Y-1.74 E.02747
G1 X-5.158 Y-2.402 E.03342
G1 X-4.938 Y-2.822 E.02227
G1 X-4.624 Y-3.315 E.02747
G1 X-4.173 Y-3.867 E.03354
G1 X-3.93 Y-4.114 E.0163
G1 X-3.569 Y-4.428 E.0225
G1 X-3.093 Y-4.775 E.0277
G1 X-2.798 Y-4.954 E.01624
G1 X-2.155 Y-5.266 E.0336
M73 P21 R3
G1 X-1.708 Y-5.424 E.02227
G1 X-1.143 Y-5.573 E.02747
G1 X-.44 Y-5.673 E.03342
G1 X.034 Y-5.687 E.02227
G1 X.617 Y-5.656 E.02747
G1 X1.315 Y-5.535 E.03331
G1 X1.997 Y-5.328 E.03349
G1 X2.634 Y-5.043 E.03281
G1 X3.243 Y-4.675 E.03349
G1 X3.802 Y-4.233 E.03349
G1 X4.292 Y-3.736 E.03281
G1 X4.724 Y-3.17 E.03349
G1 X5.082 Y-2.557 E.03338
G1 X5.275 Y-2.125 E.02227
G1 X5.468 Y-1.573 E.02747
G1 X5.621 Y-.881 E.03331
G1 X5.687 Y-.172 E.03349
G1 X5.687 Y.172 E.01619
G1 X5.62 Y.886 E.03372
G1 X5.556 Y1.227 E.0163
G1 X5.431 Y1.688 E.0225
G1 X5.229 Y2.242 E.0277
G1 X5.084 Y2.555 E.01624
G1 X4.723 Y3.172 E.0336
G1 X4.441 Y3.552 E.02227
G1 X4.055 Y3.991 E.02747
G1 X3.526 Y4.465 E.03342
G1 X3.141 Y4.741 E.02227
G1 X2.639 Y5.04 E.02747
G1 X1.988 Y5.331 E.03354
G1 X1.662 Y5.442 E.01619
G1 X.964 Y5.607 E.03372
G1 X.623 Y5.655 E.01619
G1 X-.093 Y5.689 E.03372
G1 X-.437 Y5.673 E.01619
G1 X-1.147 Y5.573 E.03372
G1 X-1.482 Y5.493 E.01619
G1 X-2.159 Y5.264 E.0336
G1 X-2.588 Y5.064 E.02227
G1 X-3.095 Y4.774 E.02747
G1 X-3.666 Y4.351 E.03342
G1 X-3.668 Y4.35 E.00007
SET_VELOCITY_LIMIT ACCEL=10000
G1 E-1.2 F2100
;WIPE_START
G1 F7200
G1 X-4.014 Y4.029
G1 X-4.408 Y3.597
G1 X-4.822 Y3.02
G1 X-4.936 Y2.817
;WIPE_END
G1 X-4.759 Y.235 Z1.2 F30000
G1 Z.8
G1 E1.2 F2100
;TYPE:Sparse infill
G1 F1388
G1 X-4.679 Y.903 E.03165
G1 X-4.623 Y1.155 E.01213
G1 X-4.435 Y1.741 E.02895
G1 X-4.231 Y2.188 E.02309
G1 X-4.098 Y2.423 E.01271
G1 X-1.469 Y3.59 E.13526
G1 X-.652 Y4.407 E.05435
G1 X-.508 Y4.73 E.01664
G1 X-.093 Y4.765 E.01958
G1 X.537 Y4.735 E.02967
G1 X.792 Y4.699 E.01213
G1 X1.406 Y4.553 E.02967
G1 X1.651 Y4.471 E.01213
G1 X2.213 Y4.22 E.02895
G1 X2.634 Y3.968 E.02309
G1 X2.947 Y3.744 E.01808
G1 X3.398 Y3.34 E.02848
G1 X3.523 Y3.198 E.00891
G1 X1.557 Y2.325 E.10114
G1 X1.387 Y2.445 E.00978
G1 X.975 Y2.64 E.02146
G1 X.376 Y2.788 E.02898
G1 X0 Y2.811 E.01772
G1 X-.376 Y2.788 E.01772
G1 X-.999 Y2.634 E.03017
G1 X-1.6 Y2.319 E.03194
G1 X-2.106 Y1.871 E.03174
G1 X-2.445 Y1.387 E.02779
G1 X-2.624 Y1.009 E.0197
G1 X-2.74 Y.637 E.01831
G1 X-2.813 Y.037 E.02839
G1 X-2.788 Y-.376 E.01948
G1 X-2.643 Y-.962 E.0284
G1 X-2.473 Y-1.34 E.01948
G1 X-2.109 Y-1.868 E.03017
G1 X-1.568 Y-2.33 E.03345
G1 X-3.527 Y-3.199 E.10076
G1 X-3.485 Y-3.25 E.0031
G1 X-3.298 Y-3.441 E.01257
G1 X-2.993 Y-3.705 E.01898
G1 X-2.581 Y-4.006 E.024
G1 X-2.357 Y-4.142 E.01233
G1 X-1.798 Y-4.413 E.0292
G1 X-1.436 Y-4.541 E.01807
G1 X-.961 Y-4.667 E.02309
G1 X-.361 Y-4.751 E.02848
G1 X.023 Y-4.763 E.01808
G1 X.505 Y-4.737 E.02269
G1 X.652 Y-4.407 E.01699
G1 X1.469 Y-3.59 E.05435
G1 X4.089 Y-2.427 E.13478
M73 P22 R3
G1 X4.26 Y-2.135 E.01592
G1 X4.416 Y-1.784 E.01808
G1 X4.578 Y-1.32 E.02309
G1 X4.707 Y-.738 E.02805
G1 X4.753 Y-.242 E.02341
;LAYER_CHANGE
;Z:0.926667
;HEIGHT:0.126667
;BEFORE_LAYER_CHANGE
;0.926667
G1 E-1.2 F2100
;WIPE_START
G1 F6000
G1 X4.707 Y-.738
G1 X4.578 Y-1.32
G1 X4.416 Y-1.784
G1 X4.26 Y-2.135
G1 X4.244 Y-2.161
;WIPE_END
;AFTER_LAYER_CHANGE
;0.926667
;_SET_FAN_SPEED_CHANGING_LAYER
G17
G3 Z1.327 I.38 J1.156 P1  F30000
G1 X6.154 Y-2.789 Z1.327
G1 Z.927
G1 E1.2 F2100
;TYPE:Support
;HEIGHT:0.363333
G1 F1956
G1 X6.154 Y-2.62 E.01356
G1 X6.153 Y-2.622 E.00018
G1 X6.145 Y-2.641 E.00172
G1 X5.978 Y-2.999 E.03166
G1 X5.969 Y-3.018 E.00172
G1 X5.937 Y-3.077 E.00537
G1 X6.154 Y-3.077 E.01744
G1 X6.154 Y-6.154 E.2469
G1 X2.614 Y-6.154 E.28408
G1 E-1.2 F2100
;WIPE_START
G1 F6000
G1 X4.614 Y-6.154
;WIPE_END
G1 X-3.013 Y-5.851 Z1.327 F30000
G1 X-3.256 Y-5.842 Z1.327
G1 Z.927
G1 E1.2 F2100
G1 F1956
G1 X-3.11 Y-5.918 E.01325
G1 X-2.925 Y-6.015 E.01674
G1 X-2.906 Y-6.024 E.00172
G1 X-2.659 Y-6.135 E.02172
G1 X-2.615 Y-6.154 E.00382
G1 X-6.154 Y-6.154 E.28397
G1 X-6.154 Y-3.077 E.2469
G1 X-5.936 Y-3.077 E.01751
G1 X-6.06 Y-2.831 E.02209
G1 X-6.069 Y-2.812 E.00172
G1 X-6.154 Y-2.612 E.0174
G1 X-6.154 Y-2.789 E.01414
G1 E-1.2 F2100
;WIPE_START
G1 F6000
G1 X-6.154 Y-2.612
G1 X-6.069 Y-2.812
G1 X-6.06 Y-2.831
G1 X-5.936 Y-3.077
G1 X-6.154 Y-3.077
G1 X-6.154 Y-4.169
;WIPE_END
G1 X-4.162 Y3.199 Z1.327 F30000
G1 X-3.484 Y5.706 Z1.327
G1 Z.927
G1 E1.2 F2100
G1 F1956
G1 X-3.631 Y5.617 E.01381
G1 X-3.649 Y5.606 E.00173
G1 X-3.973 Y5.381 E.03166
G1 X-3.99 Y5.368 E.00172
G1 X-4.3 Y5.123 E.03166
G1 X-4.316 Y5.109 E.00172
G1 X-4.61 Y4.846 E.03167
G1 X-4.626 Y4.831 E.00172
G1 X-4.751 Y4.704 E.01433
G1 X-4.766 Y4.688 E.00177
G1 X-4.903 Y4.55 E.01556
G1 X-4.917 Y4.534 E.00172
G1 X-5.176 Y4.236 E.03166
G1 X-5.189 Y4.22 E.00172
G1 X-5.429 Y3.906 E.03166
G1 X-5.442 Y3.889 E.00172
G1 X-5.573 Y3.694 E.01888
G1 X-5.662 Y3.561 E.01278
G1 X-5.673 Y3.543 E.00171
G1 X-5.872 Y3.202 E.03169
G1 X-5.882 Y3.184 E.00171
G1 X-5.936 Y3.077 E.00957
G1 X-6.154 Y3.077 E.01751
G1 X-6.154 Y6.154 E.2469
G1 X-2.615 Y6.154 E.28397
G1 E-1.2 F2100
;WIPE_START
G1 F6000
G1 X-4.615 Y6.154
;WIPE_END
G1 X2.614 Y6.154 Z1.327 F30000
G1 Z.927
G1 E1.2 F2100
G1 F1956
G1 X6.154 Y6.154 E.28408
G1 X6.154 Y3.077 E.2469
G1 X5.937 Y3.077 E.01744
G1 X5.969 Y3.018 E.00537
G1 X5.978 Y2.999 E.00172
G1 X6.145 Y2.641 E.03166
G1 X6.153 Y2.622 E.00172
G1 X6.154 Y2.62 E.00018
G1 X6.154 Y2.789 E.01356
;LAYER_CHANGE
;Z:1
;HEIGHT:0.0733333
;BEFORE_LAYER_CHANGE
;1
G1 E-1.2 F2100
;WIPE_START
G1 F6000
G1 X6.154 Y2.62
G1 X6.153 Y2.622
G1 X6.145 Y2.641
G1 X5.978 Y2.999
G1 X5.969 Y3.018
G1 X5.937 Y3.077
G1 X6.154 Y3.077
G1 X6.154 Y4.184
;WIPE_END
;AFTER_LAYER_CHANGE
;1
;_SET_FAN_SPEED_CHANGING_LAYER
G17
G3 Z1.4 I.568 J-1.076 P1  F30000
G1 X-2.427 Y-.341 Z1.4
G1 Z1
G1 E1.2 F2100
SET_VELOCITY_LIMIT ACCEL=5000
;TYPE:Inner wall
;HEIGHT:0.2
G1 F1956
M73 P23 R3
G1 X-2.4 Y-.564 E.01057
G1 X-2.297 Y-.896 E.01634
G1 X-2.077 Y-1.324 E.02262
G1 X-1.836 Y-1.648 E.019
G1 X-1.423 Y-2.014 E.02596
G1 X-1.122 Y-2.195 E.01653
G1 X-.595 Y-2.395 E.02652
G1 X-.091 Y-2.461 E.0239
G1 X.313 Y-2.447 E.019
G1 X.871 Y-2.309 E.02704
G1 X1.324 Y-2.077 E.0239
G1 X1.648 Y-1.836 E.019
G1 X2.032 Y-1.402 E.02723
G1 X2.308 Y-.875 E.02798
G1 X2.444 Y-.324 E.02671
G1 X2.464 Y0 E.01526
G1 X2.444 Y.324 E.01526
G1 X2.308 Y.875 E.02671
G1 X2.032 Y1.402 E.02798
G1 X1.655 Y1.827 E.02671
G1 X1.378 Y2.044 E.01653
G1 X.875 Y2.308 E.02671
G1 X.324 Y2.444 E.02671
G1 X0 Y2.464 E.01526
G1 X-.324 Y2.444 E.01526
G1 X-.875 Y2.308 E.02671
G1 X-1.402 Y2.032 E.02798
G1 X-1.827 Y1.655 E.02671
G1 X-2.044 Y1.378 E.01653
G1 X-2.308 Y.875 E.02671
G1 X-2.444 Y.324 E.02671
G1 X-2.465 Y-.027 E.01653
G1 X-2.432 Y-.305 E.01318
SET_VELOCITY_LIMIT ACCEL=10000
G1 X-1.854 Y-.271 F30000
SET_VELOCITY_LIMIT ACCEL=5000
;TYPE:Outer wall
G1 F1956
G1 X-1.834 Y-.442 E.0081
G1 X-1.761 Y-.676 E.01153
G1 X-1.586 Y-1.017 E.01803
G1 X-1.408 Y-1.255 E.01395
G1 X-1.079 Y-1.547 E.02069
G1 X-.868 Y-1.674 E.01159
G1 X-.453 Y-1.832 E.02088
G1 X-.063 Y-1.883 E.01847
G1 X.233 Y-1.872 E.01395
G1 X.668 Y-1.765 E.02106
G1 X1.017 Y-1.586 E.01847
G1 X1.255 Y-1.408 E.01395
G1 X1.553 Y-1.072 E.02113
G1 X1.765 Y-.669 E.02139
G1 X1.871 Y-.237 E.02095
G1 X1.886 Y0 E.01115
G1 X1.871 Y.237 E.01115
G1 X1.765 Y.669 E.02095
G1 X1.553 Y1.072 E.02139
G1 X1.258 Y1.406 E.02095
G1 X1.064 Y1.558 E.01159
G1 X.669 Y1.765 E.02095
G1 X.237 Y1.871 E.02095
G1 X0 Y1.886 E.01115
G1 X-.237 Y1.871 E.01115
G1 X-.669 Y1.765 E.02095
G1 X-1.072 Y1.553 E.02139
G1 X-1.406 Y1.258 E.02095
G1 X-1.558 Y1.064 E.01159
G1 X-1.765 Y.669 E.02095
G1 X-1.871 Y.237 E.02095
G1 X-1.886 Y-.009 E.01159
G1 X-1.859 Y-.235 E.01071
SET_VELOCITY_LIMIT ACCEL=10000
G1 E-1.2 F2100
;WIPE_START
G1 F7200
G1 X-1.834 Y-.442
G1 X-1.761 Y-.676
G1 X-1.586 Y-1.017
G1 X-1.408 Y-1.255
G1 X-1.079 Y-1.547
G1 X-.868 Y-1.674
G1 X-.7 Y-1.738
;WIPE_END
G1 X-3.296 Y3.907 Z1.4 F30000
G1 Z1
G1 E1.2 F2100
SET_VELOCITY_LIMIT ACCEL=5000
;TYPE:Inner wall
G1 F1956
G1 X-3.629 Y3.597 E.02135
G1 X-3.958 Y3.234 E.02305
G1 X-4.334 Y2.71 E.03032
G1 X-4.555 Y2.314 E.02135
G1 X-4.758 Y1.868 E.02305
G1 X-4.958 Y1.246 E.03073
G1 X-5.022 Y.957 E.0139
G1 X-5.085 Y.493 E.022
G1 X-5.111 Y.004 E.02305
G1 X-5.071 Y-.64 E.03032
G1 X-4.992 Y-1.087 E.02135
G1 X-4.867 Y-1.561 E.02305
G1 X-4.632 Y-2.161 E.03032
G1 X-4.42 Y-2.562 E.02135
G1 X-4.156 Y-2.975 E.02305
G1 X-3.743 Y-3.482 E.03072
G1 X-3.536 Y-3.692 E.0139
G1 X-3.181 Y-3.998 E.022
G1 X-2.774 Y-4.294 E.0237
G1 X-2.522 Y-4.447 E.01384
G1 X-1.933 Y-4.732 E.03078
G1 X-1.505 Y-4.883 E.02135
G1 X-1.03 Y-5.007 E.02305
G1 X-.392 Y-5.096 E.03032
G1 X.062 Y-5.109 E.02135
G1 X.551 Y-5.082 E.02305
G1 X1.182 Y-4.973 E.03007
G1 X1.803 Y-4.784 E.03054
G1 X2.076 Y-4.672 E.0139
G1 X2.493 Y-4.46 E.022
G1 X2.91 Y-4.202 E.02305
G1 X3.423 Y-3.797 E.03072
G1 X3.85 Y-3.364 E.02859
G1 X4.244 Y-2.848 E.03054
G1 X4.565 Y-2.299 E.02989
G1 X4.82 Y-1.702 E.03054
G1 X4.909 Y-1.426 E.01365
G1 X5.05 Y-.792 E.03054
G1 X5.11 Y-.145 E.03054
G1 X5.11 Y.145 E.01365
G1 X5.049 Y.797 E.03078
G1 X4.956 Y1.241 E.02135
G1 X4.817 Y1.711 E.02305
G1 X4.565 Y2.299 E.03007
G1 X4.237 Y2.86 E.03054
G1 X4.06 Y3.107 E.0143
G1 X3.868 Y3.343 E.01431
G1 X3.408 Y3.809 E.03078
G1 X3.056 Y4.095 E.02135
G1 X2.639 Y4.378 E.0237
G1 X2.383 Y4.523 E.01384
G1 X1.777 Y4.793 E.03119
G1 X1.502 Y4.886 E.01366
G1 X.87 Y5.037 E.03054
G1 X.225 Y5.107 E.03054
G1 X-.383 Y5.098 E.02859
G1 X-1.04 Y5.005 E.03119
G1 X-1.323 Y4.938 E.01366
G1 X-1.943 Y4.728 E.03078
G1 X-2.354 Y4.535 E.02135
G1 X-2.778 Y4.29 E.02305
G1 X-3.267 Y3.928 E.02863
SET_VELOCITY_LIMIT ACCEL=10000
G1 X-3.691 Y4.328 F30000
SET_VELOCITY_LIMIT ACCEL=5000
;TYPE:Outer wall
G1 F1956
G1 X-4.04 Y4.003 E.02242
G1 X-4.408 Y3.598 E.02574
G1 X-4.822 Y3.02 E.03342
G1 X-5.071 Y2.574 E.02401
G1 X-5.297 Y2.076 E.02574
G1 X-5.516 Y1.397 E.03356
G1 X-5.59 Y1.059 E.01627
G1 X-5.66 Y.548 E.02424
G1 X-5.689 Y.001 E.02574
G1 X-5.645 Y-.708 E.03342
G1 X-5.556 Y-1.211 E.02401
G1 X-5.417 Y-1.74 E.02574
G1 X-5.158 Y-2.402 E.03342
G1 X-4.919 Y-2.853 E.02401
G1 X-4.624 Y-3.314 E.02574
G1 X-4.173 Y-3.867 E.03356
G1 X-3.93 Y-4.114 E.01628
G1 X-3.54 Y-4.451 E.02424
G1 X-3.094 Y-4.775 E.02597
G1 X-2.798 Y-4.954 E.01625
G1 X-2.155 Y-5.266 E.03358
G1 X-1.674 Y-5.435 E.02401
G1 X-1.144 Y-5.573 E.02574
G1 X-.44 Y-5.672 E.03342
G1 X.07 Y-5.686 E.02401
G1 X.617 Y-5.656 E.02574
G1 X1.315 Y-5.535 E.03333
G1 X1.997 Y-5.328 E.03349
G1 X2.317 Y-5.197 E.01628
M73 P24 R3
G1 X2.776 Y-4.963 E.02424
G1 X3.242 Y-4.675 E.02574
G1 X3.802 Y-4.233 E.03356
G1 X4.292 Y-3.736 E.03281
G1 X4.724 Y-3.17 E.03349
G1 X5.081 Y-2.559 E.03327
G1 X5.362 Y-1.904 E.03349
G1 X5.467 Y-1.577 E.01619
G1 X5.621 Y-.881 E.03349
G1 X5.687 Y-.172 E.03349
G1 X5.687 Y.172 E.01619
G1 X5.621 Y.883 E.03358
G1 X5.516 Y1.383 E.02401
G1 X5.36 Y1.908 E.02574
G1 X5.081 Y2.559 E.03333
G1 X4.722 Y3.174 E.03349
G1 X4.519 Y3.458 E.01641
G1 X4.298 Y3.728 E.01642
G1 X3.797 Y4.237 E.03358
G1 X3.4 Y4.558 E.02401
G1 X2.944 Y4.869 E.02597
G1 X2.642 Y5.039 E.01625
G1 X1.988 Y5.331 E.03372
G1 X1.662 Y5.442 E.01619
G1 X.969 Y5.606 E.03349
G1 X.261 Y5.684 E.03349
G1 X-.437 Y5.673 E.03282
G1 X-1.147 Y5.573 E.03372
G1 X-1.482 Y5.493 E.01619
G1 X-2.159 Y5.264 E.03358
G1 X-2.621 Y5.047 E.02401
G1 X-3.095 Y4.774 E.02574
G1 X-3.664 Y4.352 E.03331
SET_VELOCITY_LIMIT ACCEL=10000
G1 E-1.2 F2100
;WIPE_START
G1 F7200
G1 X-4.04 Y4.003
G1 X-4.408 Y3.598
G1 X-4.822 Y3.02
G1 X-4.934 Y2.82
;WIPE_END
G1 X-4.749 Y-.252 Z1.4 F30000
G1 Z1
G1 E1.2 F2100
;TYPE:Sparse infill
G1 F1956
G1 X-4.765 Y.006 E.01211
G1 X-4.74 Y.461 E.02143
G1 X-4.681 Y.896 E.02066
G1 X-4.623 Y1.155 E.01248
G1 X-4.435 Y1.743 E.02902
G1 X-4.322 Y1.991 E.01284
G1 X-1.469 Y3.943 E.16254
G1 X-1.005 Y4.407 E.03084
G1 X-.813 Y4.687 E.01598
G1 X-.356 Y4.752 E.0217
G1 X.208 Y4.761 E.02657
G1 X.811 Y4.695 E.02851
G1 X1.406 Y4.553 E.02876
G1 X1.651 Y4.471 E.01213
G1 X2.227 Y4.213 E.02966
G1 X2.456 Y4.084 E.0124
G1 X2.849 Y3.817 E.02234
G1 X3.175 Y3.552 E.01976
G1 X3.441 Y3.282 E.01782
G1 X1.796 Y2.157 E.09374
G1 X1.893 Y2.081 E.0058
G1 X2.319 Y1.6 E.03017
G1 X2.634 Y.999 E.03194
G1 X2.788 Y.376 E.03017
G1 X2.811 Y0 E.01772
G1 X2.788 Y-.376 E.01772
G1 X2.634 Y-.999 E.03017
G1 X2.319 Y-1.6 E.03194
G1 X1.883 Y-2.092 E.03089
G1 X1.507 Y-2.372 E.02203
G1 X.994 Y-2.636 E.02715
G1 X.361 Y-2.792 E.03063
G1 X-.107 Y-2.808 E.02203
G1 X-.679 Y-2.734 E.02715
G1 X-1.274 Y-2.508 E.0299
G1 X-1.629 Y-2.294 E.01948
G1 X-1.789 Y-2.152 E.01007
G1 X-3.449 Y-3.287 E.09457
G1 X-3.299 Y-3.439 E.01003
G1 X-2.966 Y-3.726 E.02066
G1 X-2.582 Y-4.006 E.02233
G1 X-2.357 Y-4.142 E.0124
G1 X-1.8 Y-4.412 E.02911
G1 X-1.403 Y-4.551 E.01976
G1 X-.962 Y-4.666 E.02143
G1 X-.363 Y-4.751 E.02846
G1 X.057 Y-4.762 E.01976
G1 X.512 Y-4.737 E.02143
G1 X.815 Y-4.685 E.01446
G1 X1.005 Y-4.407 E.01582
G1 X1.469 Y-3.943 E.03084
G1 X4.319 Y-1.993 E.16242
G1 X4.496 Y-1.581 E.02107
G1 X4.575 Y-1.335 E.01213
G1 X4.707 Y-.738 E.02876
G1 X4.764 Y-.129 E.02876
G1 X4.753 Y.249 E.0178
;LAYER_CHANGE
;Z:1.2
;HEIGHT:0.2
;BEFORE_LAYER_CHANGE
;1.2
G1 E-1.2 F2100
;WIPE_START
G1 F6000
G1 X4.764 Y-.129
G1 X4.707 Y-.738
G1 X4.575 Y-1.335
G1 X4.496 Y-1.581
G1 X4.441 Y-1.71
;WIPE_END
;AFTER_LAYER_CHANGE
;1.2
;_SET_FAN_SPEED_CHANGING_LAYER
G17
G3 Z1.6 I-.229 J-1.195 P1  F30000
G1 X-2.426 Y-.396 Z1.6
G1 Z1.2
G1 E1.2 F2100
SET_VELOCITY_LIMIT ACCEL=5000
;TYPE:Inner wall
G1 F1483
G1 X-2.315 Y-.849 E.02194
G1 X-2.17 Y-1.17 E.01653
G1 X-1.851 Y-1.633 E.02647
G1 X-1.484 Y-1.965 E.0233
G1 X-1.134 Y-2.191 E.01956
G1 X-.596 Y-2.395 E.02708
G1 X-.104 Y-2.46 E.0233
G1 X.311 Y-2.447 E.01956
G1 X.849 Y-2.315 E.02604
G1 X1.17 Y-2.17 E.01653
G1 X1.637 Y-1.848 E.02671
G1 X2.032 Y-1.402 E.02798
G1 X2.308 Y-.875 E.02798
G1 X2.444 Y-.324 E.02671
G1 X2.464 Y0 E.01526
G1 X2.444 Y.324 E.01526
G1 X2.308 Y.875 E.02671
G1 X2.044 Y1.378 E.02671
G1 X1.827 Y1.655 E.01653
M73 P25 R3
G1 X1.402 Y2.032 E.02671
G1 X.875 Y2.308 E.02798
G1 X.324 Y2.444 E.02671
G1 X0 Y2.464 E.01526
G1 X-.324 Y2.444 E.01526
G1 X-.875 Y2.308 E.02671
G1 X-1.378 Y2.044 E.02671
G1 X-1.655 Y1.827 E.01653
G1 X-2.032 Y1.402 E.02671
G1 X-2.308 Y.875 E.02799
G1 X-2.444 Y.324 E.02671
G1 X-2.464 Y0 E.01526
G1 X-2.444 Y-.324 E.01526
G1 X-2.435 Y-.361 E.00181
SET_VELOCITY_LIMIT ACCEL=10000
G1 X-1.866 Y-.258 F30000
SET_VELOCITY_LIMIT ACCEL=5000
;TYPE:Outer wall
G1 F1483
G1 X-1.767 Y-.66 E.01947
G1 X-1.666 Y-.885 E.01159
G1 X-1.414 Y-1.25 E.02087
G1 X-1.131 Y-1.506 E.01793
G1 X-.872 Y-1.673 E.01447
G1 X-.453 Y-1.832 E.02108
G1 X-.075 Y-1.882 E.01793
G1 X.232 Y-1.872 E.01447
G1 X.66 Y-1.767 E.02072
G1 X.885 Y-1.666 E.01159
G1 X1.251 Y-1.413 E.02095
G1 X1.553 Y-1.072 E.0214
G1 X1.765 Y-.669 E.02139
G1 X1.871 Y-.237 E.02095
G1 X1.886 Y0 E.01115
G1 X1.871 Y.237 E.01115
G1 X1.765 Y.669 E.02095
G1 X1.558 Y1.064 E.02095
G1 X1.406 Y1.258 E.01159
G1 X1.072 Y1.553 E.02095
G1 X.669 Y1.765 E.02139
G1 X.237 Y1.871 E.02095
G1 X0 Y1.886 E.01115
G1 X-.237 Y1.871 E.01115
G1 X-.669 Y1.765 E.02095
G1 X-1.064 Y1.558 E.02095
G1 X-1.258 Y1.406 E.01159
G1 X-1.553 Y1.072 E.02095
G1 X-1.765 Y.669 E.02139
G1 X-1.871 Y.237 E.02095
G1 X-1.886 Y0 E.01115
G1 X-1.872 Y-.223 E.01049
SET_VELOCITY_LIMIT ACCEL=10000
G1 E-1.2 F2100
;WIPE_START
G1 F7200
G1 X-1.767 Y-.66
G1 X-1.666 Y-.885
G1 X-1.414 Y-1.25
G1 X-1.131 Y-1.506
G1 X-.872 Y-1.673
G1 X-.713 Y-1.733
;WIPE_END
G1 X-3.295 Y3.907 Z1.6 F30000
G1 Z1.2
G1 E1.2 F2100
SET_VELOCITY_LIMIT ACCEL=5000
;TYPE:Inner wall
G1 F1483
G1 X-3.653 Y3.572 E.02305
G1 X-3.957 Y3.235 E.02135
G1 X-4.333 Y2.711 E.03032
G1 X-4.571 Y2.283 E.02305
G1 X-4.758 Y1.869 E.02135
G1 X-4.958 Y1.246 E.03078
G1 X-5.021 Y.962 E.01365
G1 X-5.103 Y.304 E.03119
G1 X-5.112 Y.01 E.01384
G1 X-5.085 Y-.493 E.0237
G1 X-5.024 Y-.943 E.02135
G1 X-4.865 Y-1.568 E.03032
G1 X-4.69 Y-2.026 E.02305
G1 X-4.494 Y-2.436 E.02135
G1 X-4.154 Y-2.979 E.03013
G1 X-3.743 Y-3.482 E.03054
G1 X-3.303 Y-3.901 E.02859
G1 X-2.778 Y-4.29 E.03073
G1 X-2.354 Y-4.535 E.02305
G1 X-1.939 Y-4.73 E.02154
G1 X-1.471 Y-4.893 E.02329
G1 X-1.032 Y-5.006 E.02135
G1 X-.393 Y-5.096 E.03032
G1 X.097 Y-5.108 E.02305
G1 X.55 Y-5.082 E.02135
G1 X1.182 Y-4.973 E.03013
G1 X1.803 Y-4.784 E.03054
G1 X2.358 Y-4.536 E.02859
G1 X2.914 Y-4.199 E.03054
G1 X3.423 Y-3.797 E.03054
G1 X3.85 Y-3.364 E.02859
G1 X4.244 Y-2.848 E.03054
G1 X4.565 Y-2.299 E.02989
G1 X4.817 Y-1.711 E.03007
G1 X4.956 Y-1.241 E.02305
G1 X5.049 Y-.797 E.02135
G1 X5.11 Y-.145 E.03078
G1 X5.11 Y.145 E.01365
G1 X5.05 Y.792 E.03054
G1 X4.909 Y1.426 E.03054
G1 X4.82 Y1.702 E.01365
G1 X4.565 Y2.299 E.03054
G1 X4.237 Y2.86 E.03054
G1 X4.06 Y3.107 E.0143
G1 X3.868 Y3.343 E.01431
G1 X3.402 Y3.815 E.03119
G1 X3.18 Y4.002 E.01365
G1 X2.635 Y4.38 E.03119
G1 X2.383 Y4.523 E.01365
G1 X1.777 Y4.793 E.03119
G1 X1.502 Y4.886 E.01365
G1 X.87 Y5.037 E.03054
G1 X.225 Y5.107 E.03054
G1 X-.383 Y5.098 E.02859
G1 X-1.026 Y5.007 E.03054
G1 X-1.653 Y4.837 E.03054
G1 X-1.925 Y4.736 E.01365
G1 X-2.522 Y4.447 E.03119
G1 X-2.77 Y4.296 E.01365
G1 X-3.266 Y3.929 E.02903
SET_VELOCITY_LIMIT ACCEL=10000
G1 X-3.688 Y4.33 F30000
SET_VELOCITY_LIMIT ACCEL=5000
;TYPE:Outer wall
G1 F1483
G1 X-4.065 Y3.977 E.02432
G1 X-4.407 Y3.598 E.02401
G1 X-4.822 Y3.02 E.03342
G1 X-5.087 Y2.542 E.02574
G1 X-5.297 Y2.076 E.02401
G1 X-5.516 Y1.397 E.03358
G1 X-5.59 Y1.06 E.01619
G1 X-5.679 Y.349 E.03372
G1 X-5.69 Y.003 E.01625
G1 X-5.66 Y-.548 E.02597
G1 X-5.591 Y-1.054 E.02401
G1 X-5.416 Y-1.743 E.03342
G1 X-5.221 Y-2.254 E.02574
G1 X-5 Y-2.714 E.02401
M73 P26 R3
G1 X-4.624 Y-3.315 E.03335
G1 X-4.173 Y-3.867 E.03349
G1 X-3.668 Y-4.349 E.03282
G1 X-3.095 Y-4.774 E.03356
G1 X-2.621 Y-5.047 E.02574
G1 X-2.157 Y-5.265 E.02408
G1 X-1.639 Y-5.446 E.02583
G1 X-1.144 Y-5.573 E.02401
G1 X-.441 Y-5.672 E.03342
G1 X.107 Y-5.686 E.02574
G1 X.616 Y-5.656 E.02401
G1 X1.315 Y-5.535 E.03335
G1 X1.997 Y-5.328 E.03349
G1 X2.634 Y-5.043 E.03281
G1 X3.243 Y-4.675 E.03349
G1 X3.802 Y-4.233 E.03349
G1 X4.292 Y-3.736 E.03281
G1 X4.724 Y-3.17 E.03349
G1 X5.081 Y-2.559 E.03327
G1 X5.36 Y-1.908 E.03333
G1 X5.516 Y-1.383 E.02574
G1 X5.621 Y-.883 E.02401
G1 X5.687 Y-.172 E.03358
G1 X5.687 Y.172 E.01619
G1 X5.621 Y.881 E.03349
G1 X5.467 Y1.577 E.03349
G1 X5.362 Y1.904 E.01619
G1 X5.081 Y2.559 E.03349
G1 X4.722 Y3.174 E.03349
G1 X4.519 Y3.458 E.01641
G1 X4.298 Y3.728 E.01642
G1 X3.795 Y4.239 E.03372
G1 X3.531 Y4.461 E.01619
G1 X2.942 Y4.87 E.03372
G1 X2.642 Y5.039 E.01619
G1 X1.988 Y5.331 E.03372
G1 X1.662 Y5.442 E.01619
G1 X.969 Y5.606 E.03349
G1 X.261 Y5.684 E.03349
G1 X-.437 Y5.673 E.03282
G1 X-1.142 Y5.574 E.03349
G1 X-1.83 Y5.387 E.03349
G1 X-2.152 Y5.267 E.01619
G1 X-2.798 Y4.954 E.03372
G1 X-3.092 Y4.776 E.01619
G1 X-3.661 Y4.355 E.03329
SET_VELOCITY_LIMIT ACCEL=10000
G1 E-1.2 F2100
;WIPE_START
G1 F7200
G1 X-4.065 Y3.977
G1 X-4.407 Y3.598
G1 X-4.822 Y3.02
G1 X-4.931 Y2.823
;WIPE_END
G1 X-3.936 Y-.848 Z1.6 F30000
G1 Z1.2
G1 E1.2 F2100
;TYPE:Sparse infill
G1 F1483
G1 X-3.771 Y-1.415 E.02778
G1 X-3.575 Y-1.855 E.02266
G1 X-3.458 Y-2.066 E.01133
G1 X-3.186 Y-2.464 E.02266
G1 X-2.848 Y-2.848 E.02407
G1 X-1.982 Y-1.982 E.0576
G1 X-1.695 Y-2.241 E.01818
G1 X-1.291 Y-2.502 E.02261
G1 X-.681 Y-2.733 E.03068
G1 X-.122 Y-2.807 E.02652
G1 X.359 Y-2.792 E.02261
G1 X.962 Y-2.643 E.02924
G1 X1.34 Y-2.473 E.01948
G1 X1.868 Y-2.109 E.03017
G1 X2.319 Y-1.6 E.03194
G1 X2.634 Y-.999 E.03194
G1 X2.788 Y-.376 E.03017
G1 X2.811 Y0 E.01772
G1 X2.788 Y.376 E.01772
G1 X2.634 Y.999 E.03017
G1 X2.336 Y1.567 E.03017
G1 X2.081 Y1.893 E.01948
G1 X1.981 Y1.981 E.00624
G1 X2.847 Y2.847 E.05757
G1 X3.111 Y2.558 E.01841
G1 X3.259 Y2.368 E.01133
G1 X3.518 Y1.962 E.02266
G1 X3.727 Y1.527 E.02265
G1 X3.812 Y1.302 E.01133
G1 X3.937 Y.848 E.02213
G1 X4.558 Y.155 F30000
SET_VELOCITY_LIMIT ACCEL=7000
;TYPE:Internal solid infill
;WIDTH:0.553391
G1 F1483
G1 X4.51 Y-.71 E.03603
G1 X4.327 Y-1.458 E.03203
G1 X4.122 Y-1.964 E.02272
G1 X3.858 Y-2.442 E.02272
G1 X3.538 Y-2.885 E.02272
G1 X3.169 Y-3.287 E.02272
G1 X2.753 Y-3.641 E.02272
G1 X2.299 Y-3.944 E.02271
G1 X1.812 Y-4.191 E.02271
G1 X1.298 Y-4.376 E.02272
G1 X.766 Y-4.5 E.02271
G1 X.223 Y-4.555 E.02271
G1 X-.353 Y-4.548 E.02397
G1 X-.92 Y-4.472 E.02378
G1 X-1.65 Y-4.256 E.03169
G1 X-2.144 Y-4.023 E.02271
G1 X-2.613 Y-3.744 E.02269
G1 X-3.042 Y-3.406 E.02271
G1 X-3.426 Y-3.018 E.02272
G1 X-3.762 Y-2.588 E.02272
G1 X-4.044 Y-2.12 E.02272
G1 X-4.264 Y-1.62 E.02272
G1 X-4.43 Y-1.1 E.02269
G1 X-4.532 Y-.564 E.02271
M73 P27 R3
G1 X-4.562 Y-.019 E.02272
G1 X-4.53 Y.526 E.0227
G1 X-4.441 Y1.064 E.02269
G1 X-4.282 Y1.587 E.02272
G1 X-4.055 Y2.084 E.02272
G1 X-3.783 Y2.556 E.02269
G1 X-3.449 Y2.989 E.02271
G1 X-3.067 Y3.378 E.02271
G1 X-2.639 Y3.718 E.0227
G1 X-2.18 Y4.011 E.02269
G1 X-1.684 Y4.239 E.02271
G1 X-1.166 Y4.413 E.0227
G1 X-.631 Y4.521 E.02271
G1 X-.087 Y4.564 E.02271
G1 X.459 Y4.541 E.02271
G1 X.997 Y4.451 E.02271
G1 X1.523 Y4.305 E.02269
G1 X2.023 Y4.086 E.02272
G1 X2.498 Y3.818 E.02269
G1 X2.937 Y3.494 E.0227
G1 X3.334 Y3.119 E.02271
G1 X3.683 Y2.699 E.02271
G1 X3.978 Y2.239 E.02272
G1 X4.212 Y1.746 E.02271
G1 X4.386 Y1.276 E.02088
G1 X4.513 Y.711 E.02406
G1 X4.555 Y.191 E.02172
;LAYER_CHANGE
;Z:1.29
;HEIGHT:0.0899999
;BEFORE_LAYER_CHANGE
;1.29
G1 E-1.2 F2100
;WIPE_START
G1 F9000
G1 X4.513 Y.711
G1 X4.386 Y1.276
G1 X4.212 Y1.746
G1 X4.041 Y2.105
;WIPE_END
;AFTER_LAYER_CHANGE
;1.29
;_SET_FAN_SPEED_CHANGING_LAYER
SET_VELOCITY_LIMIT ACCEL=10000
G17
G3 Z1.69 I-.374 J1.158 P1  F30000
G1 X6.154 Y2.789 Z1.69
G1 Z1.29
G1 E1.2 F2100
;TYPE:Support
;WIDTH:0.62
;HEIGHT:0.363333
G1 F2548
G1 X6.154 Y2.62 E.01356
G1 X6.153 Y2.622 E.00018
G1 X6.145 Y2.641 E.00172
G1 X5.978 Y2.999 E.03166
G1 X5.969 Y3.018 E.00172
G1 X5.937 Y3.077 E.00537
G1 X6.154 Y3.077 E.01744
G1 X6.154 Y6.154 E.2469
G1 X2.614 Y6.154 E.28408
G1 E-1.2 F2100
;WIPE_START
G1 F6000
G1 X4.614 Y6.154
;WIPE_END
G1 X-2.615 Y6.154 Z1.69 F30000
G1 Z1.29
G1 E1.2 F2100
G1 F2548
G1 X-6.154 Y6.154 E.28397
G1 X-6.154 Y3.077 E.2469
G1 X-5.936 Y3.077 E.01751
G1 X-5.931 Y3.087 E.00088
G1 X-5.882 Y3.184 E.00869
G1 X-5.872 Y3.202 E.0017
G1 X-5.673 Y3.543 E.03168
G1 X-5.662 Y3.561 E.00171
G1 X-5.442 Y3.889 E.03166
G1 X-5.429 Y3.906 E.00172
G1 X-5.189 Y4.22 E.03166
G1 X-5.176 Y4.236 E.00172
G1 X-5.157 Y4.258 E.00234
G1 X-4.917 Y4.534 E.02932
G1 X-4.903 Y4.55 E.00172
G1 X-4.777 Y4.677 E.01434
G1 X-4.766 Y4.688 E.00123
G1 X-4.751 Y4.704 E.00177
G1 X-4.626 Y4.831 E.01433
G1 X-4.61 Y4.846 E.00172
G1 X-4.316 Y5.109 E.03167
G1 X-4.3 Y5.123 E.00172
G1 X-3.99 Y5.368 E.03166
G1 X-3.973 Y5.381 E.00172
G1 X-3.649 Y5.606 E.03166
G1 X-3.631 Y5.617 E.00173
G1 X-3.484 Y5.706 E.01381
G1 E-1.2 F2100
;WIPE_START
G1 F6000
G1 X-3.631 Y5.617
G1 X-3.649 Y5.606
G1 X-3.973 Y5.381
G1 X-3.99 Y5.368
G1 X-4.3 Y5.123
G1 X-4.316 Y5.109
G1 X-4.61 Y4.846
G1 X-4.626 Y4.831
G1 X-4.751 Y4.704
G1 X-4.766 Y4.688
G1 X-4.777 Y4.677
G1 X-4.903 Y4.55
G1 X-4.917 Y4.534
G1 X-5.01 Y4.427
;WIPE_END
G1 X-6.154 Y-2.789 Z1.69 F30000
G1 Z1.29
G1 E1.2 F2100
G1 F2548
G1 X-6.154 Y-2.612 E.01414
G1 X-6.139 Y-2.648 E.00307
G1 X-6.106 Y-2.726 E.00686
G1 X-6.069 Y-2.812 E.00748
G1 X-6.06 Y-2.831 E.00172
G1 X-5.936 Y-3.077 E.02209
G1 X-6.154 Y-3.077 E.01751
G1 X-6.154 Y-6.154 E.2469
G1 X-2.615 Y-6.154 E.28397
G1 X-2.906 Y-6.024 E.02555
G1 X-2.925 Y-6.015 E.00172
G1 X-2.997 Y-5.977 E.00652
G1 X-3.05 Y-5.95 E.00482
G1 X-3.11 Y-5.918 E.0054
G1 X-3.256 Y-5.842 E.01325
G1 E-1.2 F2100
;WIPE_START
G1 F6000
G1 X-3.11 Y-5.918
G1 X-3.05 Y-5.95
G1 X-2.997 Y-5.977
G1 X-2.997 Y-5.977
G1 X-2.925 Y-6.015
G1 X-2.906 Y-6.024
G1 X-2.615 Y-6.154
G1 X-3.902 Y-6.154
;WIPE_END
G1 X2.614 Y-6.154 Z1.69 F30000
G1 Z1.29
G1 E1.2 F2100
G1 F2548
G1 X6.154 Y-6.154 E.28408
G1 X6.154 Y-3.077 E.2469
G1 X5.937 Y-3.077 E.01744
G1 X5.969 Y-3.018 E.00537
G1 X5.978 Y-2.999 E.00172
G1 X6.145 Y-2.641 E.03166
G1 X6.153 Y-2.622 E.00172
G1 X6.154 Y-2.62 E.00018
G1 X6.154 Y-2.789 E.01356
;LAYER_CHANGE
;Z:1.4
;HEIGHT:0.11
;BEFORE_LAYER_CHANGE
;1.4
G1 E-1.2 F2100
;WIPE_START
G1 F6000
G1 X6.154 Y-2.62
G1 X6.153 Y-2.622
G1 X6.145 Y-2.641
G1 X5.978 Y-2.999
G1 X5.969 Y-3.018
G1 X5.937 Y-3.077
G1 X6.154 Y-3.077
G1 X6.154 Y-4.184
;WIPE_END
;AFTER_LAYER_CHANGE
;1.4
;_SET_FAN_SPEED_CHANGING_LAYER
G17
G3 Z1.8 I-.492 J-1.113 P1  F30000
G1 X-2.427 Y-.394 Z1.8
M73 P28 R3
G1 Z1.4
G1 E1.2 F2100
SET_VELOCITY_LIMIT ACCEL=5000
;TYPE:Inner wall
;HEIGHT:0.2
G1 F2548
G1 X-2.315 Y-.849 E.02203
G1 X-2.17 Y-1.17 E.01652
G1 X-1.851 Y-1.632 E.02642
G1 X-1.494 Y-1.957 E.02271
G1 X-1.136 Y-2.19 E.02012
G1 X-.597 Y-2.395 E.02711
G1 X-.118 Y-2.459 E.02271
G1 X.31 Y-2.448 E.02012
G1 X.849 Y-2.315 E.02612
G1 X1.17 Y-2.17 E.01653
G1 X1.637 Y-1.848 E.02671
G1 X2.032 Y-1.402 E.02799
G1 X2.308 Y-.875 E.02798
G1 X2.444 Y-.324 E.02671
G1 X2.464 Y0 E.01526
G1 X2.444 Y.324 E.01526
G1 X2.308 Y.875 E.02671
G1 X2.032 Y1.402 E.02798
G1 X1.655 Y1.827 E.02671
G1 X1.378 Y2.044 E.01653
G1 X.875 Y2.308 E.02671
G1 X.324 Y2.444 E.02671
G1 X0 Y2.464 E.01526
G1 X-.324 Y2.444 E.01526
G1 X-.875 Y2.308 E.02671
G1 X-1.402 Y2.032 E.02798
G1 X-1.827 Y1.655 E.02671
G1 X-2.044 Y1.378 E.01653
G1 X-2.308 Y.875 E.02671
G1 X-2.444 Y.324 E.02671
G1 X-2.464 Y0 E.01526
G1 X-2.444 Y-.324 E.01526
G1 X-2.435 Y-.359 E.00172
SET_VELOCITY_LIMIT ACCEL=10000
G1 X-1.866 Y-.256 F30000
SET_VELOCITY_LIMIT ACCEL=5000
;TYPE:Outer wall
G1 F2548
G1 X-1.767 Y-.66 E.01956
G1 X-1.666 Y-.885 E.01159
G1 X-1.414 Y-1.25 E.02085
G1 X-1.14 Y-1.499 E.01739
G1 X-.873 Y-1.673 E.015
G1 X-.454 Y-1.832 E.02109
G1 X-.087 Y-1.881 E.01739
G1 X.232 Y-1.872 E.015
G1 X.66 Y-1.767 E.02074
G1 X.885 Y-1.666 E.01159
G1 X1.251 Y-1.413 E.02095
G1 X1.553 Y-1.072 E.02139
G1 X1.765 Y-.669 E.02139
G1 X1.871 Y-.237 E.02095
G1 X1.886 Y0 E.01115
G1 X1.871 Y.237 E.01115
G1 X1.765 Y.669 E.02095
G1 X1.553 Y1.072 E.02139
G1 X1.258 Y1.406 E.02095
G1 X1.064 Y1.558 E.01159
G1 X.669 Y1.765 E.02095
G1 X.237 Y1.871 E.02095
G1 X0 Y1.886 E.01115
G1 X-.237 Y1.871 E.01115
G1 X-.669 Y1.765 E.02095
G1 X-1.072 Y1.553 E.02139
G1 X-1.406 Y1.258 E.02095
G1 X-1.558 Y1.064 E.01159
G1 X-1.765 Y.669 E.02095
G1 X-1.871 Y.237 E.02095
G1 X-1.886 Y0 E.01115
G1 X-1.872 Y-.221 E.0104
SET_VELOCITY_LIMIT ACCEL=10000
G1 E-1.2 F2100
;WIPE_START
G1 F7200
G1 X-1.767 Y-.66
G1 X-1.666 Y-.885
G1 X-1.414 Y-1.25
G1 X-1.14 Y-1.499
G1 X-.873 Y-1.673
G1 X-.714 Y-1.733
;WIPE_END
G1 X-3.295 Y3.908 Z1.8 F30000
G1 Z1.4
G1 E1.2 F2100
SET_VELOCITY_LIMIT ACCEL=5000
;TYPE:Inner wall
G1 F2548
G1 X-3.677 Y3.547 E.02474
G1 X-3.957 Y3.236 E.01965
G1 X-4.333 Y2.712 E.03034
G1 X-4.587 Y2.252 E.02473
G1 X-4.758 Y1.867 E.01979
G1 X-4.925 Y1.361 E.02505
G1 X-5.022 Y.952 E.01979
G1 X-5.092 Y.424 E.02505
G1 X-5.112 Y.007 E.01965
G1 X-5.072 Y-.634 E.0302
G1 X-4.953 Y-1.262 E.03002
G1 X-4.796 Y-1.763 E.02473
G1 X-4.637 Y-2.15 E.01965
G1 X-4.324 Y-2.727 E.03085
G1 X-4.162 Y-2.968 E.01365
G1 X-3.743 Y-3.482 E.03119
G1 X-3.303 Y-3.901 E.0286
G1 X-2.779 Y-4.29 E.03067
G1 X-2.323 Y-4.551 E.02473
G1 X-1.941 Y-4.729 E.01979
G1 X-1.438 Y-4.903 E.02505
G1 X-1.033 Y-5.006 E.01965
G1 X-.394 Y-5.096 E.03034
G1 X.132 Y-5.108 E.02473
G1 X.549 Y-5.082 E.01965
G1 X1.184 Y-4.972 E.03034
G1 X1.689 Y-4.822 E.02473
G1 X2.091 Y-4.665 E.0203
G1 X2.358 Y-4.536 E.01397
G1 X2.925 Y-4.192 E.03119
G1 X3.159 Y-4.019 E.01365
G1 X3.644 Y-3.584 E.03067
G1 X3.992 Y-3.189 E.02473
G1 X4.241 Y-2.854 E.01965
G1 X4.566 Y-2.297 E.03034
G1 X4.776 Y-1.814 E.02473
G1 X4.911 Y-1.419 E.01965
G1 X5.05 Y-.792 E.0302
G1 X5.11 Y-.145 E.03054
G1 X5.11 Y.145 E.01365
G1 X5.05 Y.792 E.03054
G1 X4.909 Y1.426 E.03054
G1 X4.82 Y1.702 E.01365
G1 X4.565 Y2.299 E.03054
G1 X4.237 Y2.86 E.03054
G1 X4.06 Y3.107 E.0143
G1 X3.868 Y3.343 E.0143
G1 X3.402 Y3.815 E.03119
G1 X3.18 Y4.002 E.01365
G1 X2.635 Y4.38 E.03119
G1 X2.383 Y4.523 E.01365
G1 X1.777 Y4.793 E.03119
G1 X1.502 Y4.886 E.01365
G1 X.87 Y5.037 E.03054
G1 X.225 Y5.107 E.03054
G1 X-.383 Y5.098 E.02859
G1 X-1.026 Y5.007 E.03054
G1 X-1.653 Y4.837 E.03054
G1 X-1.925 Y4.736 E.01365
G1 X-2.522 Y4.447 E.03119
G1 X-2.77 Y4.296 E.01365
G1 X-3.266 Y3.929 E.02898
SET_VELOCITY_LIMIT ACCEL=10000
G1 X-3.637 Y4.372 F30000
SET_VELOCITY_LIMIT ACCEL=5000
;TYPE:Outer wall
G1 F2548
G1 X-3.665 Y4.351 E.00164
G1 X-4.091 Y3.951 E.02747
G1 X-4.407 Y3.598 E.02227
G1 X-4.821 Y3.021 E.03342
G1 X-5.104 Y2.509 E.02747
G1 X-5.297 Y2.076 E.02232
G1 X-5.481 Y1.519 E.02758
G1 X-5.591 Y1.057 E.02232
G1 X-5.667 Y.475 E.02758
G1 X-5.69 Y.002 E.02227
G1 X-5.645 Y-.706 E.03338
G1 X-5.514 Y-1.402 E.03331
G1 X-5.339 Y-1.96 E.02747
G1 X-5.16 Y-2.398 E.02227
G1 X-4.818 Y-3.026 E.0336
G1 X-4.627 Y-3.312 E.01619
G1 X-4.173 Y-3.867 E.03372
G1 X-3.668 Y-4.349 E.03282
G1 X-3.095 Y-4.774 E.03354
G1 X-2.588 Y-5.064 E.02747
G1 X-2.158 Y-5.264 E.02232
G1 X-1.604 Y-5.456 E.02758
G1 X-1.145 Y-5.573 E.02227
G1 X-.441 Y-5.672 E.03342
G1 X.143 Y-5.685 E.02747
G1 X.616 Y-5.656 E.02227
G1 X1.316 Y-5.535 E.03342
G1 X1.876 Y-5.369 E.02747
G1 X2.322 Y-5.194 E.0225
G1 X2.634 Y-5.043 E.0163
G1 X3.247 Y-4.672 E.03372
G1 X3.524 Y-4.467 E.01619
G1 X4.055 Y-3.991 E.03354
G1 X4.441 Y-3.552 E.02747
G1 X4.723 Y-3.172 E.02227
G1 X5.082 Y-2.558 E.03342
G1 X5.315 Y-2.023 E.02747
G1 X5.467 Y-1.574 E.02227
G1 X5.621 Y-.881 E.03338
G1 X5.687 Y-.172 E.03349
G1 X5.687 Y.172 E.01619
G1 X5.621 Y.881 E.03349
G1 X5.467 Y1.577 E.03349
G1 X5.362 Y1.904 E.01619
G1 X5.081 Y2.559 E.03349
G1 X4.722 Y3.174 E.03349
G1 X4.519 Y3.458 E.01642
G1 X4.298 Y3.728 E.01642
G1 X3.795 Y4.239 E.03372
G1 X3.531 Y4.461 E.01619
G1 X2.942 Y4.87 E.03372
G1 X2.642 Y5.039 E.01619
G1 X1.988 Y5.331 E.03372
G1 X1.662 Y5.442 E.01619
G1 X.969 Y5.606 E.03349
G1 X.261 Y5.684 E.03349
G1 X-.437 Y5.673 E.03282
G1 X-1.142 Y5.574 E.03349
M73 P29 R3
G1 X-1.83 Y5.387 E.03349
G1 X-2.152 Y5.267 E.01619
G1 X-2.798 Y4.954 E.03372
G1 X-3.092 Y4.776 E.01619
G1 X-3.609 Y4.394 E.03021
SET_VELOCITY_LIMIT ACCEL=10000
G1 E-1.2 F2100
;WIPE_START
G1 F7200
G1 X-3.665 Y4.351
G1 X-4.091 Y3.951
G1 X-4.407 Y3.598
G1 X-4.821 Y3.021
G1 X-4.899 Y2.88
;WIPE_END
G1 X-2.417 Y1.637 Z1.8 F30000
G1 Z1.4
G1 E1.2 F2100
SET_VELOCITY_LIMIT ACCEL=7000
;TYPE:Internal solid infill
;WIDTH:0.55292
G1 F2548
G1 X-1.685 Y2.377 E.04324
SET_VELOCITY_LIMIT ACCEL=10000
G1 X.849 Y3.675 F30000
SET_VELOCITY_LIMIT ACCEL=7000
;WIDTH:0.954526
G1 F2548
G1 X1.422 Y3.505 E.04442
G1 X1.946 Y3.243 E.04353
G1 X2.49 Y2.85 E.04979
G1 X2.866 Y2.466 E.03994
G1 X3.184 Y2.047 E.0391
G1 X3.492 Y1.457 E.04941
G1 X3.581 Y1.211 E.0194
SET_VELOCITY_LIMIT ACCEL=10000
G1 X3.004 Y-.462 F30000
SET_VELOCITY_LIMIT ACCEL=7000
;WIDTH:0.619999
G1 F2548
G1 X3.019 Y.367 E.03901
G1 X2.872 Y1 E.03053
G1 X2.526 Y1.702 E.03678
G1 X2.07 Y2.23 E.03284
G1 X1.67 Y2.543 E.02388
G1 X1.113 Y2.835 E.02959
G1 X.437 Y3.011 E.03284
G1 X-.367 Y3.019 E.03781
G1 X-1.009 Y2.87 E.03098
G1 X.598 Y4.477 E.10688
G1 X1.041 Y4.394 E.02119
G1 X1.571 Y4.253 E.0258
G1 X2.333 Y3.887 E.03973
G1 X3.017 Y3.384 E.03991
G1 X3.434 Y2.96 E.02799
G1 X3.755 Y2.542 E.02479
G1 X4.048 Y2.039 E.02737
G1 X4.276 Y1.508 E.02716
G1 X4.418 Y.951 E.02701
G1 X3.03 Y-.436 E.0923
SET_VELOCITY_LIMIT ACCEL=10000
G1 X-.916 Y-2.891 F30000
SET_VELOCITY_LIMIT ACCEL=7000
G1 F2548
G1 X-.707 Y-2.962 E.01039
G1 X-.172 Y-3.034 E.02536
G1 X.357 Y-3.024 E.02488
G1 X.462 Y-3.004 E.00503
G1 X-.955 Y-4.422 E.09426
G1 X-1.665 Y-4.214 E.03477
G1 X-2.167 Y-3.96 E.02646
G1 X-2.676 Y-3.648 E.02807
G1 X-3.275 Y-3.131 E.03722
G1 X-3.798 Y-2.467 E.03976
G1 X-4.084 Y-1.96 E.02736
G1 X-4.28 Y-1.436 E.0263
G1 X-4.415 Y-.976 E.02256
G1 X-4.477 Y-.598 E.01799
G1 X-2.87 Y1.009 E.10688
G1 X-3.011 Y.437 E.02773
G1 X-3.019 Y-.367 E.03781
G1 X-2.869 Y-1.013 E.03115
G1 X-2.66 Y-1.476 E.02388
G1 X-2.307 Y-1.987 E.0292
G1 X-1.942 Y-2.33 E.02358
G1 X-1.424 Y-2.691 E.02968
G1 X-.949 Y-2.878 E.02399
SET_VELOCITY_LIMIT ACCEL=10000
G1 X-1.181 Y-3.59 F30000
SET_VELOCITY_LIMIT ACCEL=7000
;WIDTH:0.954817
G1 F2548
G1 X-1.741 Y-3.355 E.04517
G1 X-2.234 Y-3.051 E.04296
G1 X-2.761 Y-2.592 E.05194
G1 X-3.204 Y-2.008 E.05446
G1 X-3.427 Y-1.603 E.03439
G1 X-3.67 Y-.891 E.05588
SET_VELOCITY_LIMIT ACCEL=10000
G1 X-4.985 Y-.29 F30000
SET_VELOCITY_LIMIT ACCEL=7000
;WIDTH:0.735415
G1 F2548
G1 X.015 Y4.71 E.39902
G1 X-.709 Y4.651 E.041
G1 X-.754 Y4.696 E.00358
G1 X-1.026 Y4.649 E.01558
G1 X-4.649 Y1.025 E.28916
G1 X-4.591 Y1.267 E.01403
G1 X-4.435 Y1.742 E.02823
G1 X-4.276 Y2.097 E.02192
G1 X-4.039 Y2.527 E.02771
G1 X-3.818 Y2.836 E.02143
G1 X-2.097 Y4.556 E.13731
SET_VELOCITY_LIMIT ACCEL=10000
G1 E-1.2 F2100
;WIPE_START
G1 F9000
G1 X-3.512 Y3.142
;WIPE_END
G1 X1.557 Y-2.565 Z1.8 F30000
G1 X2.685 Y-3.836 Z1.8
G1 Z1.4
G1 E1.2 F2100
SET_VELOCITY_LIMIT ACCEL=7000
;WIDTH:0.55292
G1 F2548
G1 X3.313 Y-3.257 E.03549
G1 X3.867 Y-2.646 E.03428
SET_VELOCITY_LIMIT ACCEL=10000
G1 X1.157 Y-4.812 F30000
SET_VELOCITY_LIMIT ACCEL=7000
;WIDTH:0.658477
G1 F2548
G1 X4.542 Y-1.427 E.24017
G1 X4.587 Y-1.279 E.00772
G1 X4.526 Y-1.219 E.0043
G1 X4.663 Y-.436 E.03987
G1 X.436 Y-4.663 E.29987
G1 X.127 Y-4.72 E.01573
G1 X-.485 Y-4.713 E.03072
G1 X4.931 Y.703 E.38419
;LAYER_CHANGE
;Z:1.6
;HEIGHT:0.2
;BEFORE_LAYER_CHANGE
;1.6
G1 E-1.2 F2100
M73 P30 R3
;WIPE_START
G1 F9000
G1 X3.517 Y-.711
;WIPE_END
;AFTER_LAYER_CHANGE
;1.6
;_SET_FAN_SPEED_CHANGING_LAYER
SET_VELOCITY_LIMIT ACCEL=10000
G17
G3 Z2 I-.065 J-1.215 P1  F30000
G1 X-2.427 Y-.392 Z2
G1 Z1.6
G1 E1.2 F2100
SET_VELOCITY_LIMIT ACCEL=5000
;TYPE:Inner wall
;WIDTH:0.62
G1 F1882
G1 X-2.308 Y-.875 E.02343
G1 X-2.044 Y-1.378 E.02671
G1 X-1.827 Y-1.655 E.01652
G1 X-1.423 Y-2.014 E.02544
G1 X-1.122 Y-2.195 E.01653
G1 X-.598 Y-2.394 E.02636
G1 X-.132 Y-2.459 E.02212
G1 X.308 Y-2.448 E.02069
G1 X.875 Y-2.308 E.02747
G1 X1.378 Y-2.044 E.02671
G1 X1.655 Y-1.827 E.01653
G1 X2.032 Y-1.402 E.02671
G1 X2.308 Y-.875 E.02798
G1 X2.444 Y-.324 E.02671
G1 X2.464 Y0 E.01526
G1 X2.444 Y.324 E.01526
G1 X2.308 Y.875 E.02671
G1 X2.032 Y1.402 E.02798
G1 X1.655 Y1.827 E.02671
G1 X1.378 Y2.044 E.01652
G1 X.875 Y2.308 E.02671
G1 X.324 Y2.444 E.02671
G1 X0 Y2.464 E.01526
G1 X-.324 Y2.444 E.01526
G1 X-.875 Y2.308 E.02671
G1 X-1.402 Y2.032 E.02798
G1 X-1.827 Y1.655 E.02671
G1 X-2.044 Y1.378 E.01653
G1 X-2.308 Y.875 E.02671
G1 X-2.444 Y.324 E.02671
G1 X-2.464 Y0 E.01526
G1 X-2.444 Y-.324 E.01526
G1 X-2.436 Y-.357 E.00159
SET_VELOCITY_LIMIT ACCEL=10000
G1 X-1.867 Y-.254 F30000
SET_VELOCITY_LIMIT ACCEL=5000
;TYPE:Outer wall
G1 F1882
G1 X-1.765 Y-.669 E.02013
G1 X-1.558 Y-1.064 E.02095
G1 X-1.406 Y-1.258 E.01159
G1 X-1.079 Y-1.547 E.0205
G1 X-.868 Y-1.674 E.01159
G1 X-.454 Y-1.832 E.02083
G1 X-.099 Y-1.881 E.01686
G1 X.231 Y-1.873 E.01553
G1 X.669 Y-1.765 E.02122
G1 X1.064 Y-1.558 E.02095
G1 X1.258 Y-1.406 E.01159
G1 X1.553 Y-1.072 E.02095
G1 X1.765 Y-.669 E.0214
G1 X1.871 Y-.237 E.02095
G1 X1.886 Y0 E.01115
G1 X1.871 Y.237 E.01115
G1 X1.765 Y.669 E.02095
G1 X1.553 Y1.072 E.0214
G1 X1.258 Y1.406 E.02095
G1 X1.064 Y1.558 E.01159
G1 X.669 Y1.765 E.02095
G1 X.237 Y1.871 E.02095
G1 X0 Y1.886 E.01115
G1 X-.237 Y1.871 E.01115
G1 X-.669 Y1.765 E.02095
G1 X-1.072 Y1.553 E.0214
G1 X-1.406 Y1.258 E.02095
G1 X-1.558 Y1.064 E.01159
G1 X-1.765 Y.669 E.02095
G1 X-1.871 Y.237 E.02095
G1 X-1.886 Y0 E.01115
G1 X-1.872 Y-.218 E.01027
SET_VELOCITY_LIMIT ACCEL=10000
G1 E-1.2 F2100
;WIPE_START
G1 F7200
G1 X-1.765 Y-.669
G1 X-1.558 Y-1.064
G1 X-1.406 Y-1.258
G1 X-1.079 Y-1.547
G1 X-.868 Y-1.674
G1 X-.717 Y-1.732
;WIPE_END
G1 X-3.278 Y3.92 Z2 F30000
G1 Z1.6
G1 E1.2 F2100
SET_VELOCITY_LIMIT ACCEL=5000
;TYPE:Inner wall
G1 F1882
G1 X-3.294 Y3.909 E.00091
G1 X-3.702 Y3.523 E.02641
G1 X-3.956 Y3.238 E.01794
G1 X-4.332 Y2.713 E.03037
G1 X-4.602 Y2.221 E.02641
G1 X-4.757 Y1.872 E.01794
G1 X-4.958 Y1.246 E.03093
G1 X-5.021 Y.962 E.01365
G1 X-5.103 Y.304 E.03119
G1 X-5.112 Y.012 E.01375
G1 X-5.079 Y-.563 E.02706
G1 X-5.024 Y-.94 E.01794
G1 X-4.865 Y-1.566 E.03037
G1 X-4.663 Y-2.09 E.02641
G1 X-4.496 Y-2.433 E.01794
G1 X-4.153 Y-2.98 E.03037
G1 X-3.8 Y-3.417 E.02641
G1 X-3.534 Y-3.694 E.01803
G1 X-3.1 Y-4.063 E.0268
G1 X-2.787 Y-4.285 E.01803
G1 X-2.292 Y-4.567 E.0268
G1 X-1.944 Y-4.728 E.01803
G1 X-1.405 Y-4.913 E.0268
G1 X-1.035 Y-5.006 E.01794
G1 X-.395 Y-5.096 E.03037
G1 X.166 Y-5.107 E.02641
G1 X.547 Y-5.082 E.01794
G1 X1.182 Y-4.973 E.03028
G1 X1.803 Y-4.784 E.03054
M73 P30 R2
G1 X2.358 Y-4.536 E.02859
G1 X2.925 Y-4.192 E.03119
G1 X3.159 Y-4.019 E.01365
G1 X3.652 Y-3.577 E.03119
G1 X3.85 Y-3.364 E.01365
G1 X4.244 Y-2.848 E.03054
G1 X4.565 Y-2.299 E.02989
G1 X4.816 Y-1.713 E.02998
G1 X4.973 Y-1.174 E.02641
G1 X5.049 Y-.8 E.01794
G1 X5.11 Y-.145 E.03093
G1 X5.11 Y.145 E.01365
G1 X5.048 Y.805 E.03119
G1 X4.994 Y1.093 E.01375
G1 X4.837 Y1.647 E.02706
G1 X4.698 Y2.016 E.01859
G1 X4.572 Y2.287 E.01405
G1 X4.244 Y2.848 E.03054
G1 X3.857 Y3.354 E.02998
G1 X3.465 Y3.756 E.02641
G1 X3.176 Y4.005 E.01794
G1 X2.635 Y4.38 E.03093
G1 X2.383 Y4.523 E.01365
G1 X1.777 Y4.793 E.03119
G1 X1.502 Y4.886 E.01365
G1 X.868 Y5.037 E.03063
G1 X.31 Y5.101 E.02641
G1 X-.085 Y5.112 E.01859
G1 X-.383 Y5.098 E.01404
G1 X-1.026 Y5.007 E.03054
G1 X-1.653 Y4.837 E.03054
G1 X-1.925 Y4.736 E.01365
G1 X-2.522 Y4.447 E.03119
G1 X-2.77 Y4.296 E.01365
G1 X-3.249 Y3.942 E.02802
SET_VELOCITY_LIMIT ACCEL=10000
G1 X-3.622 Y4.384 F30000
SET_VELOCITY_LIMIT ACCEL=5000
;TYPE:Outer wall
G1 F1882
G1 X-3.665 Y4.352 E.00254
G1 X-4.116 Y3.925 E.0292
G1 X-4.407 Y3.599 E.02054
G1 X-4.821 Y3.021 E.03343
M73 P31 R2
G1 X-5.12 Y2.477 E.0292
G1 X-5.297 Y2.077 E.02054
G1 X-5.516 Y1.397 E.03363
G1 X-5.59 Y1.06 E.01619
G1 X-5.679 Y.349 E.03372
G1 X-5.69 Y.004 E.01622
G1 X-5.654 Y-.621 E.02943
G1 X-5.591 Y-1.053 E.02054
G1 X-5.416 Y-1.742 E.03343
G1 X-5.192 Y-2.321 E.0292
G1 X-5.001 Y-2.714 E.02054
G1 X-4.623 Y-3.316 E.03344
G1 X-4.233 Y-3.799 E.0292
G1 X-3.93 Y-4.114 E.02057
G1 X-3.454 Y-4.518 E.02934
G1 X-3.098 Y-4.772 E.02057
G1 X-2.556 Y-5.081 E.02934
G1 X-2.159 Y-5.264 E.02057
G1 X-1.569 Y-5.467 E.02934
G1 X-1.145 Y-5.573 E.02054
G1 X-.441 Y-5.672 E.03343
G1 X.18 Y-5.685 E.0292
G1 X.615 Y-5.656 E.02054
G1 X1.315 Y-5.535 E.0334
G1 X1.997 Y-5.328 E.03349
G1 X2.634 Y-5.043 E.03281
G1 X3.247 Y-4.672 E.03372
G1 X3.524 Y-4.467 E.01619
G1 X4.058 Y-3.988 E.03372
G1 X4.292 Y-3.736 E.01619
G1 X4.724 Y-3.17 E.03349
G1 X5.081 Y-2.559 E.03327
G1 X5.36 Y-1.908 E.0333
G1 X5.534 Y-1.312 E.0292
G1 X5.62 Y-.884 E.02054
G1 X5.687 Y-.172 E.03363
G1 X5.687 Y.172 E.01619
G1 X5.62 Y.886 E.03372
G1 X5.556 Y1.225 E.01622
G1 X5.386 Y1.827 E.02943
G1 X5.23 Y2.24 E.02076
G1 X5.084 Y2.555 E.01633
G1 X4.724 Y3.17 E.03349
G1 X4.294 Y3.732 E.0333
G1 X3.86 Y4.177 E.0292
G1 X3.53 Y4.462 E.02054
G1 X2.942 Y4.87 E.03363
G1 X2.642 Y5.039 E.01619
G1 X1.988 Y5.331 E.03372
G1 X1.662 Y5.442 E.01619
G1 X.968 Y5.607 E.03353
G1 X.351 Y5.677 E.0292
G1 X-.09 Y5.689 E.02076
G1 X-.437 Y5.673 E.01633
G1 X-1.142 Y5.574 E.03349
G1 X-1.83 Y5.387 E.03349
G1 X-2.152 Y5.267 E.01619
G1 X-2.798 Y4.954 E.03372
G1 X-3.092 Y4.776 E.01619
G1 X-3.593 Y4.405 E.02929
SET_VELOCITY_LIMIT ACCEL=10000
G1 E-1.2 F2100
;WIPE_START
G1 F7200
G1 X-3.665 Y4.352
G1 X-4.116 Y3.925
G1 X-4.407 Y3.599
G1 X-4.821 Y3.021
G1 X-4.889 Y2.897
;WIPE_END
G1 X-1.182 Y3.593 Z2 F30000
G1 Z1.6
G1 E1.2 F2100
SET_VELOCITY_LIMIT ACCEL=7000
;TYPE:Internal solid infill
;WIDTH:0.953596
G1 F1882
G1 X-1.869 Y3.286 E.0558
G1 X-2.449 Y2.879 E.05263
G1 X-2.846 Y2.486 E.0414
G1 X-3.202 Y2.016 E.04379
G1 X-3.486 Y1.454 E.0467
G1 X-3.671 Y.892 E.04393
SET_VELOCITY_LIMIT ACCEL=10000
G1 X-1.52 Y2.622 F30000
SET_VELOCITY_LIMIT ACCEL=7000
;WIDTH:0.619999
G1 F1882
G1 X-1.759 Y2.487 E.01289
G1 X-2.232 Y2.067 E.02974
G1 X-2.543 Y1.67 E.02373
G1 X-2.835 Y1.113 E.02959
G1 X-3.011 Y.437 E.03284
G1 X-3.019 Y-.367 E.03781
G1 X-2.869 Y-1.013 E.03115
G1 X-4.479 Y.598 E.10708
G1 X-4.399 Y1.097 E.0238
G1 X-4.08 Y1.973 E.04383
G1 X-3.809 Y2.447 E.02566
G1 X-3.28 Y3.127 E.04051
G1 X-2.88 Y3.495 E.02557
G1 X-2.241 Y3.941 E.03664
G1 X-1.469 Y4.289 E.0398
G1 X-.955 Y4.418 E.02496
G1 X.458 Y3.005 E.09398
G1 X-.367 Y3.019 E.03884
G1 X-1.004 Y2.871 E.03075
G1 X-1.488 Y2.637 E.02524
SET_VELOCITY_LIMIT ACCEL=10000
G1 X-2.423 Y-1.631 F30000
SET_VELOCITY_LIMIT ACCEL=7000
;WIDTH:0.55292
G1 F1882
G1 X-1.704 Y-2.361 E.04257
SET_VELOCITY_LIMIT ACCEL=10000
G1 X-1.036 Y-2.845 F30000
SET_VELOCITY_LIMIT ACCEL=7000
;WIDTH:0.619999
G1 F1882
G1 X-.709 Y-2.961 E.01633
G1 X-.188 Y-3.033 E.02476
G1 X.354 Y-3.024 E.02545
G1 X1.047 Y-2.86 E.03353
G1 X1.67 Y-2.543 E.03284
G1 X2.07 Y-2.23 E.02388
G1 X2.487 Y-1.759 E.02959
G1 X2.835 Y-1.113 E.03453
G1 X3.011 Y-.437 E.03284
G1 X3.021 Y.442 E.04134
G1 X4.427 Y-.963 E.09349
G1 X4.272 Y-1.518 E.02708
G1 X4.048 Y-2.039 E.02666
G1 X3.766 Y-2.522 E.02631
G1 X3.243 Y-3.168 E.03911
G1 X2.595 Y-3.718 E.03992
G1 X2.09 Y-4.023 E.02778
G1 X1.6 Y-4.242 E.02521
G1 X1.05 Y-4.41 E.02707
G1 X.6 Y-4.481 E.02141
G1 X-1.011 Y-2.871 E.10712
SET_VELOCITY_LIMIT ACCEL=10000
G1 X.86 Y-3.68 F30000
M73 P32 R2
SET_VELOCITY_LIMIT ACCEL=7000
;WIDTH:0.951139
G1 F1882
G1 X1.398 Y-3.52 E.04154
G1 X2.015 Y-3.201 E.0514
G1 X2.486 Y-2.845 E.04365
G1 X3.039 Y-2.248 E.06026
G1 X3.376 Y-1.7 E.04759
G1 X3.584 Y-1.218 E.0389
SET_VELOCITY_LIMIT ACCEL=10000
G1 X2.426 Y4.045 F30000
SET_VELOCITY_LIMIT ACCEL=7000
;WIDTH:0.55292
G1 F1882
G1 X3.151 Y3.415 E.03993
G1 X3.509 Y3.053 E.02113
G1 X3.87 Y2.64 E.02281
SET_VELOCITY_LIMIT ACCEL=10000
G1 X4.813 Y1.154 F30000
SET_VELOCITY_LIMIT ACCEL=7000
;WIDTH:0.658477
G1 F1882
G1 X1.417 Y4.55 E.24092
G1 X1.278 Y4.584 E.00716
G1 X1.218 Y4.524 E.00427
G1 X.43 Y4.666 E.04014
G1 X4.66 Y.436 E.30005
G1 X4.716 Y.13 E.01561
G1 X4.709 Y-.483 E.03074
G1 X-.709 Y4.935 E.38434
SET_VELOCITY_LIMIT ACCEL=10000
G1 X-4.988 Y.291 F30000
SET_VELOCITY_LIMIT ACCEL=7000
;WIDTH:0.735415
G1 F1882
G1 X.013 Y-4.71 E.39913
G1 X-.712 Y-4.651 E.04103
G1 X-.757 Y-4.695 E.00358
G1 X-1.026 Y-4.651 E.01538
G1 X-4.644 Y-1.033 E.28874
G1 X-4.535 Y-1.461 E.0249
G1 X-4.345 Y-1.952 E.02969
G1 X-4.192 Y-2.265 E.01966
G1 X-3.87 Y-2.779 E.03424
G1 X-2.092 Y-4.564 E.14219
;LAYER_CHANGE
;Z:1.65333
;HEIGHT:0.0533333
;BEFORE_LAYER_CHANGE
;1.65333
G1 E-1.2 F2100
;WIPE_START
G1 F9000
G1 X-3.503 Y-3.147
;WIPE_END
;AFTER_LAYER_CHANGE
;1.65333
;_SET_FAN_SPEED_CHANGING_LAYER
SET_VELOCITY_LIMIT ACCEL=10000
G17
G3 Z2.053 I-.163 J-1.206 P1  F30000
G1 X-6.154 Y-2.789 Z2.053
G1 Z1.653
G1 E1.2 F2100
;TYPE:Support
;WIDTH:0.62
;HEIGHT:0.363333
G1 F2566
G1 X-6.154 Y-2.612 E.01414
G1 X-6.069 Y-2.812 E.0174
G1 X-6.06 Y-2.831 E.00172
G1 X-5.936 Y-3.077 E.02209
G1 X-6.154 Y-3.077 E.01751
G1 X-6.154 Y-6.154 E.2469
G1 X-2.615 Y-6.154 E.28397
G1 X-2.639 Y-6.143 E.00213
G1 X-2.906 Y-6.024 E.02341
G1 X-2.925 Y-6.015 E.00172
G1 X-2.984 Y-5.984 E.00535
G1 X-3.012 Y-5.97 E.00252
G1 X-3.017 Y-5.967 E.00048
G1 X-3.16 Y-5.892 E.01289
G1 X-3.256 Y-5.842 E.00876
G1 E-1.2 F2100
;WIPE_START
G1 F6000
G1 X-3.16 Y-5.892
G1 X-3.017 Y-5.967
G1 X-3.012 Y-5.97
G1 X-2.984 Y-5.984
G1 X-2.925 Y-6.015
G1 X-2.906 Y-6.024
G1 X-2.639 Y-6.143
G1 X-2.615 Y-6.154
G1 X-3.902 Y-6.154
;WIPE_END
G1 X2.614 Y-6.154 Z2.053 F30000
G1 Z1.653
G1 E1.2 F2100
G1 F2566
G1 X6.154 Y-6.154 E.28408
G1 X6.154 Y-3.077 E.2469
G1 X5.937 Y-3.077 E.01744
G1 X5.969 Y-3.018 E.00537
G1 X5.978 Y-2.999 E.00172
G1 X6.145 Y-2.641 E.03166
G1 X6.153 Y-2.622 E.00172
G1 X6.154 Y-2.62 E.00018
G1 X6.154 Y-2.789 E.01356
G1 E-1.2 F2100
;WIPE_START
G1 F6000
G1 X6.154 Y-2.62
G1 X6.153 Y-2.622
G1 X6.145 Y-2.641
G1 X5.978 Y-2.999
G1 X5.969 Y-3.018
G1 X5.937 Y-3.077
G1 X6.154 Y-3.077
G1 X6.154 Y-4.184
;WIPE_END
G1 X6.154 Y2.789 Z2.053 F30000
M73 P33 R2
G1 Z1.653
G1 E1.2 F2100
G1 F2566
G1 X6.154 Y2.62 E.01356
G1 X6.153 Y2.622 E.00018
G1 X6.145 Y2.641 E.00172
G1 X5.978 Y2.999 E.03166
G1 X5.969 Y3.018 E.00172
G1 X5.937 Y3.077 E.00537
G1 X6.154 Y3.077 E.01744
G1 X6.154 Y6.154 E.2469
G1 X2.614 Y6.154 E.28408
G1 E-1.2 F2100
;WIPE_START
G1 F6000
G1 X4.614 Y6.154
;WIPE_END
G1 X-2.615 Y6.154 Z2.053 F30000
G1 Z1.653
G1 E1.2 F2100
G1 F2566
G1 X-6.154 Y6.154 E.28397
G1 X-6.154 Y3.077 E.2469
G1 X-5.936 Y3.077 E.01751
G1 X-5.882 Y3.184 E.00957
G1 X-5.872 Y3.202 E.00171
G1 X-5.673 Y3.543 E.03168
G1 X-5.666 Y3.554 E.00098
G1 X-5.662 Y3.561 E.00073
G1 X-5.442 Y3.889 E.03166
G1 X-5.429 Y3.906 E.00172
G1 X-5.189 Y4.22 E.03166
G1 X-5.176 Y4.236 E.00172
G1 X-4.917 Y4.534 E.03166
G1 X-4.903 Y4.55 E.00172
G1 X-4.856 Y4.597 E.00535
G1 X-4.785 Y4.67 E.00813
G1 X-4.626 Y4.831 E.01818
G1 X-4.61 Y4.846 E.00172
G1 X-4.316 Y5.109 E.03167
G1 X-4.3 Y5.123 E.00172
G1 X-3.99 Y5.368 E.03166
G1 X-3.973 Y5.381 E.00172
G1 X-3.649 Y5.606 E.03166
G1 X-3.631 Y5.617 E.00173
G1 X-3.484 Y5.706 E.01381
;LAYER_CHANGE
;Z:1.8
;HEIGHT:0.146667
;BEFORE_LAYER_CHANGE
;1.8
G1 E-1.2 F2100
;WIPE_START
G1 F6000
G1 X-3.631 Y5.617
G1 X-3.649 Y5.606
G1 X-3.973 Y5.381
G1 X-3.99 Y5.368
G1 X-4.3 Y5.123
G1 X-4.316 Y5.109
G1 X-4.61 Y4.846
G1 X-4.626 Y4.831
G1 X-4.785 Y4.67
G1 X-4.856 Y4.597
G1 X-4.903 Y4.55
G1 X-4.917 Y4.534
G1 X-5.01 Y4.427
;WIPE_END
;AFTER_LAYER_CHANGE
;1.8
;_SET_FAN_SPEED_CHANGING_LAYER
G17
G3 Z2.2 I1.073 J.575 P1  F30000
G1 X-2.428 Y-.39 Z2.2
G1 Z1.8
G1 E1.2 F2100
SET_VELOCITY_LIMIT ACCEL=5000
;TYPE:Inner wall
;HEIGHT:0.2
G1 F2566
G1 X-2.31 Y-.867 E.02309
G1 X-2.105 Y-1.277 E.02155
G1 X-1.841 Y-1.643 E.02126
G1 X-1.423 Y-2.014 E.02627
G1 X-1.122 Y-2.195 E.01653
G1 X-.599 Y-2.394 E.0263
G1 X-.145 Y-2.458 E.02154
G1 X.307 Y-2.448 E.02126
G1 X.867 Y-2.31 E.02713
G1 X1.277 Y-2.105 E.02155
G1 X1.643 Y-1.841 E.02126
G1 X2.032 Y-1.402 E.02754
G1 X2.308 Y-.875 E.02798
G1 X2.444 Y-.324 E.02671
G1 X2.464 Y0 E.01526
G1 X2.444 Y.324 E.01526
G1 X2.308 Y.875 E.02671
G1 X2.032 Y1.402 E.02798
G1 X1.655 Y1.827 E.02671
G1 X1.378 Y2.044 E.01653
G1 X.875 Y2.308 E.02671
G1 X.324 Y2.444 E.02671
G1 X0 Y2.464 E.01526
G1 X-.324 Y2.444 E.01526
G1 X-.875 Y2.308 E.02671
G1 X-1.402 Y2.032 E.02798
G1 X-1.827 Y1.655 E.02671
G1 X-2.044 Y1.378 E.01653
G1 X-2.308 Y.875 E.02671
G1 X-2.444 Y.324 E.02671
G1 X-2.464 Y0 E.01526
G1 X-2.444 Y-.324 E.01526
G1 X-2.436 Y-.355 E.00151
SET_VELOCITY_LIMIT ACCEL=10000
G1 X-1.867 Y-.252 F30000
SET_VELOCITY_LIMIT ACCEL=5000
;TYPE:Outer wall
G1 F2566
G1 X-1.765 Y-.666 E.02007
G1 X-1.61 Y-.977 E.01633
G1 X-1.41 Y-1.254 E.01606
G1 X-1.079 Y-1.547 E.02079
G1 X-.868 Y-1.674 E.01159
G1 X-.455 Y-1.831 E.02081
G1 X-.111 Y-1.88 E.01633
G1 X.231 Y-1.873 E.01606
G1 X.666 Y-1.765 E.0211
G1 X.977 Y-1.61 E.01633
G1 X1.254 Y-1.41 E.01606
G1 X1.553 Y-1.072 E.02124
G1 X1.765 Y-.669 E.02139
G1 X1.871 Y-.237 E.02095
G1 X1.886 Y0 E.01115
G1 X1.871 Y.237 E.01115
G1 X1.765 Y.669 E.02095
G1 X1.553 Y1.072 E.02139
G1 X1.258 Y1.406 E.02095
G1 X1.064 Y1.558 E.01159
G1 X.669 Y1.765 E.02095
G1 X.237 Y1.871 E.02095
G1 X0 Y1.886 E.01115
G1 X-.237 Y1.871 E.01115
G1 X-.669 Y1.765 E.02095
G1 X-1.072 Y1.553 E.02139
G1 X-1.406 Y1.258 E.02095
G1 X-1.558 Y1.064 E.01159
G1 X-1.765 Y.669 E.02095
G1 X-1.871 Y.237 E.02095
G1 X-1.886 Y0 E.01115
G1 X-1.872 Y-.216 E.0102
SET_VELOCITY_LIMIT ACCEL=10000
G1 E-1.2 F2100
;WIPE_START
G1 F7200
G1 X-1.765 Y-.666
G1 X-1.61 Y-.977
G1 X-1.41 Y-1.254
G1 X-1.079 Y-1.547
G1 X-.868 Y-1.674
G1 X-.718 Y-1.731
;WIPE_END
G1 X-3.262 Y3.932 Z2.2 F30000
G1 Z1.8
G1 E1.2 F2100
SET_VELOCITY_LIMIT ACCEL=5000
;TYPE:Inner wall
G1 F2566
G1 X-3.293 Y3.909 E.00181
G1 X-3.726 Y3.498 E.02808
G1 X-3.954 Y3.239 E.01623
G1 X-4.331 Y2.714 E.03042
G1 X-4.618 Y2.19 E.02807
G1 X-4.756 Y1.874 E.01623
G1 X-4.958 Y1.246 E.03102
G1 X-5.021 Y.961 E.01371
G1 X-5.098 Y.355 E.02873
G1 X-5.112 Y.01 E.01623
G1 X-5.072 Y-.635 E.03042
G1 X-4.962 Y-1.222 E.02808
G1 X-4.87 Y-1.555 E.01623
G1 X-4.634 Y-2.157 E.03042
G1 X-4.35 Y-2.682 E.02807
G1 X-4.16 Y-2.971 E.01623
G1 X-3.743 Y-3.482 E.03102
G1 X-3.539 Y-3.689 E.01371
G1 X-3.072 Y-4.084 E.02873
G1 X-2.79 Y-4.284 E.01628
G1 X-2.261 Y-4.583 E.02855
G1 X-1.946 Y-4.727 E.01628
G1 X-1.372 Y-4.923 E.02855
G1 X-1.036 Y-5.006 E.01623
G1 X-.396 Y-5.096 E.03042
G1 X.201 Y-5.107 E.02807
G1 X.545 Y-5.083 E.01623
G1 X1.182 Y-4.973 E.03037
G1 X1.803 Y-4.784 E.03054
G1 X2.073 Y-4.673 E.01371
G1 X2.614 Y-4.391 E.02872
G1 X2.906 Y-4.205 E.01628
G1 X3.384 Y-3.83 E.02855
G1 X3.85 Y-3.364 E.031
G1 X4.244 Y-2.848 E.03054
G1 X4.565 Y-2.299 E.02989
G1 X4.82 Y-1.702 E.03054
G1 X4.909 Y-1.426 E.01365
G1 X5.05 Y-.792 E.03054
G1 X5.11 Y-.145 E.03054
G1 X5.11 Y.145 E.01365
G1 X5.05 Y.792 E.03054
G1 X4.909 Y1.426 E.03054
G1 X4.82 Y1.702 E.01365
G1 X4.565 Y2.299 E.03054
G1 X4.237 Y2.86 E.03054
G1 X4.06 Y3.107 E.0143
G1 X3.868 Y3.343 E.01431
G1 X3.402 Y3.815 E.03119
M73 P34 R2
G1 X3.18 Y4.002 E.01365
G1 X2.635 Y4.38 E.03119
G1 X2.383 Y4.523 E.01366
G1 X1.777 Y4.793 E.03119
G1 X1.502 Y4.886 E.01366
G1 X.869 Y5.037 E.03059
G1 X.276 Y5.103 E.02807
G1 X-.383 Y5.098 E.03099
G1 X-1.026 Y5.007 E.03054
G1 X-1.653 Y4.837 E.03054
G1 X-1.926 Y4.735 E.01371
G1 X-2.477 Y4.47 E.02872
G1 X-2.773 Y4.294 E.01623
G1 X-3.233 Y3.953 E.02692
SET_VELOCITY_LIMIT ACCEL=10000
G1 X-3.606 Y4.396 F30000
SET_VELOCITY_LIMIT ACCEL=5000
;TYPE:Outer wall
G1 F2566
G1 X-3.665 Y4.352 E.00346
G1 X-4.142 Y3.899 E.03092
G1 X-4.406 Y3.599 E.0188
G1 X-4.821 Y3.021 E.03345
G1 X-5.136 Y2.444 E.03092
G1 X-5.297 Y2.078 E.0188
G1 X-5.516 Y1.397 E.03366
G1 X-5.59 Y1.06 E.01621
G1 X-5.674 Y.403 E.03115
G1 X-5.69 Y.004 E.0188
G1 X-5.645 Y-.706 E.03345
G1 X-5.525 Y-1.353 E.03092
G1 X-5.418 Y-1.738 E.0188
G1 X-5.158 Y-2.4 E.03345
G1 X-4.846 Y-2.979 E.03092
G1 X-4.626 Y-3.313 E.0188
G1 X-4.173 Y-3.867 E.03366
G1 X-3.932 Y-4.113 E.01621
G1 X-3.426 Y-4.541 E.03115
G1 X-3.099 Y-4.772 E.01882
G1 X-2.524 Y-5.098 E.03109
G1 X-2.16 Y-5.264 E.01882
G1 X-1.534 Y-5.477 E.03109
G1 X-1.146 Y-5.573 E.0188
G1 X-.442 Y-5.672 E.03345
G1 X.216 Y-5.684 E.03092
G1 X.615 Y-5.656 E.0188
G1 X1.315 Y-5.535 E.03343
G1 X1.997 Y-5.328 E.03349
G1 X2.316 Y-5.197 E.01621
G1 X2.903 Y-4.892 E.03115
G1 X3.241 Y-4.677 E.01882
G1 X3.76 Y-4.268 E.03109
G1 X4.055 Y-3.991 E.01903
G1 X4.292 Y-3.736 E.01636
G1 X4.724 Y-3.17 E.03349
G1 X5.081 Y-2.559 E.03327
G1 X5.362 Y-1.904 E.03349
G1 X5.467 Y-1.577 E.01619
G1 X5.621 Y-.881 E.03349
G1 X5.687 Y-.172 E.03349
G1 X5.687 Y.172 E.01619
G1 X5.621 Y.881 E.03349
G1 X5.467 Y1.577 E.03349
G1 X5.362 Y1.904 E.01619
G1 X5.081 Y2.559 E.03349
G1 X4.722 Y3.174 E.03349
G1 X4.519 Y3.458 E.01641
G1 X4.298 Y3.728 E.01642
G1 X3.795 Y4.239 E.03372
G1 X3.531 Y4.461 E.01619
G1 X2.942 Y4.87 E.03372
G1 X2.642 Y5.039 E.01619
G1 X1.988 Y5.331 E.03372
G1 X1.662 Y5.442 E.01619
G1 X.968 Y5.606 E.03351
G1 X.315 Y5.68 E.03092
G1 X-.09 Y5.689 E.01902
G1 X-.437 Y5.673 E.01636
G1 X-1.142 Y5.574 E.03349
G1 X-1.83 Y5.387 E.03349
G1 X-2.153 Y5.267 E.01621
G1 X-2.75 Y4.979 E.03115
G1 X-3.093 Y4.775 E.0188
G1 X-3.577 Y4.417 E.0283
SET_VELOCITY_LIMIT ACCEL=10000
G1 E-1.2 F2100
;WIPE_START
G1 F7200
G1 X-3.665 Y4.352
G1 X-4.142 Y3.899
G1 X-4.406 Y3.599
G1 X-4.821 Y3.021
G1 X-4.879 Y2.915
;WIPE_END
G1 X-2.417 Y1.637 Z2.2 F30000
G1 Z1.8
G1 E1.2 F2100
SET_VELOCITY_LIMIT ACCEL=7000
;TYPE:Internal solid infill
;WIDTH:0.55292
G1 F2566
G1 X-1.685 Y2.377 E.04324
SET_VELOCITY_LIMIT ACCEL=10000
G1 X.85 Y3.675 F30000
SET_VELOCITY_LIMIT ACCEL=7000
;WIDTH:0.954518
G1 F2566
G1 X1.422 Y3.505 E.04438
G1 X1.946 Y3.243 E.04353
G1 X2.49 Y2.85 E.04979
G1 X2.866 Y2.466 E.03994
G1 X3.184 Y2.047 E.0391
G1 X3.492 Y1.457 E.04941
G1 X3.581 Y1.211 E.01945
SET_VELOCITY_LIMIT ACCEL=10000
G1 X3.004 Y-.463 F30000
SET_VELOCITY_LIMIT ACCEL=7000
;WIDTH:0.619999
G1 F2566
G1 X3.019 Y.367 E.03906
G1 X2.872 Y.999 E.0305
G1 X2.526 Y1.702 E.03681
G1 X2.07 Y2.23 E.03284
G1 X1.67 Y2.543 E.02388
G1 X1.113 Y2.835 E.02959
G1 X.437 Y3.011 E.03284
G1 X-.367 Y3.019 E.03781
G1 X-1.008 Y2.87 E.03093
G1 X.6 Y4.478 E.10691
G1 X1.042 Y4.394 E.02115
G1 X1.571 Y4.253 E.02577
G1 X2.333 Y3.887 E.03973
G1 X3.017 Y3.384 E.03991
G1 X3.434 Y2.96 E.02799
G1 X3.755 Y2.542 E.02479
G1 X4.049 Y2.039 E.02737
G1 X4.276 Y1.508 E.02716
G1 X4.418 Y.951 E.02704
G1 X3.03 Y-.438 E.09233
SET_VELOCITY_LIMIT ACCEL=10000
G1 X-.203 Y-3.032 F30000
SET_VELOCITY_LIMIT ACCEL=7000
G1 F2566
G1 X.351 Y-3.025 E.02604
G1 X.463 Y-3.004 E.00537
G1 X-.956 Y-4.423 E.09438
G1 X-1.435 Y-4.282 E.0235
G1 X-2.002 Y-4.066 E.02851
G1 X-2.722 Y-3.623 E.03976
G1 X-3.315 Y-3.092 E.03742
G1 X-3.859 Y-2.377 E.04224
G1 X-4.107 Y-1.918 E.02453
G1 X-4.4 Y-1.086 E.0415
G1 X-4.477 Y-.599 E.02317
G1 X-2.87 Y1.008 E.1069
G1 X-3.011 Y.437 E.02768
G1 X-3.019 Y-.367 E.03781
G1 X-2.863 Y-1.036 E.0323
G1 X-2.611 Y-1.556 E.02715
G1 X-2.29 Y-2.007 E.02603
G1 X-1.786 Y-2.463 E.03198
G1 X-1.351 Y-2.726 E.02386
G1 X-.773 Y-2.945 E.02907
G1 X-.238 Y-3.027 E.02545
SET_VELOCITY_LIMIT ACCEL=10000
G1 X-1.171 Y-3.588 F30000
SET_VELOCITY_LIMIT ACCEL=7000
;WIDTH:0.947506
G1 F2566
G1 X-1.672 Y-3.396 E.03957
G1 X-2.125 Y-3.125 E.03891
G1 X-2.74 Y-2.61 E.05912
G1 X-3.189 Y-2.03 E.05407
G1 X-3.499 Y-1.426 E.05007
G1 X-3.671 Y-.894 E.04116
SET_VELOCITY_LIMIT ACCEL=10000
G1 X.286 Y4.98 F30000
SET_VELOCITY_LIMIT ACCEL=7000
;WIDTH:0.735415
G1 F2566
G1 X-4.713 Y-.019 E.39888
G1 X-4.655 Y.704 E.04091
M73 P35 R2
G1 X-4.699 Y.748 E.00349
G1 X-4.653 Y1.02 E.01558
G1 X-1.024 Y4.649 E.2896
G1 X-1.547 Y4.507 E.03055
G1 X-1.79 Y4.417 E.01465
G1 X-2.313 Y4.165 E.03272
G1 X-2.581 Y4.005 E.01763
G1 X-2.836 Y3.817 E.01786
G1 X-4.57 Y2.082 E.13843
SET_VELOCITY_LIMIT ACCEL=10000
G1 E-1.2 F2100
;WIPE_START
G1 F9000
G1 X-3.156 Y3.497
;WIPE_END
G1 X2.97 Y-1.056 Z2.2 F30000
G1 X4.512 Y-2.203 Z2.2
G1 Z1.8
G1 E1.2 F2100
SET_VELOCITY_LIMIT ACCEL=7000
;WIDTH:0.633096
G1 F2566
G1 X3.11 Y-3.605 E.09535
G1 X2.706 Y-3.922 E.02471
G1 X2.441 Y-4.091 E.0151
G1 X1.927 Y-4.359 E.02789
G1 X1.686 Y-4.457 E.01249
G1 X1.308 Y-4.572 E.01904
G1 X4.583 Y-1.297 E.22276
G1 X4.587 Y-1.277 E.00097
G1 X4.528 Y-1.218 E.00403
G1 X4.675 Y-.371 E.04135
G1 X.37 Y-4.676 E.29277
G1 X.126 Y-4.722 E.01194
G1 X-.502 Y-4.713 E.03023
G1 X4.922 Y.711 E.36892
;LAYER_CHANGE
;Z:2
;HEIGHT:0.2
;BEFORE_LAYER_CHANGE
;2
G1 E-1.2 F2100
;WIPE_START
G1 F9000
G1 X3.508 Y-.703
;WIPE_END
;AFTER_LAYER_CHANGE
;2
;_SET_FAN_SPEED_CHANGING_LAYER
SET_VELOCITY_LIMIT ACCEL=10000
G17
G3 Z2.4 I-.065 J-1.215 P1  F30000
G1 X-2.428 Y-.388 Z2.4
G1 Z2
G1 E1.2 F2100
SET_VELOCITY_LIMIT ACCEL=5000
;TYPE:Inner wall
;WIDTH:0.62
G1 F2266
G1 X-2.315 Y-.849 E.02235
G1 X-2.17 Y-1.17 E.01653
G1 X-1.863 Y-1.615 E.02544
G1 X-1.615 Y-1.863 E.01653
G1 X-1.147 Y-2.186 E.02671
G1 X-.6 Y-2.393 E.02751
G1 X-.159 Y-2.457 E.02097
G1 X.305 Y-2.449 E.02183
G1 X.849 Y-2.315 E.02633
G1 X1.17 Y-2.17 E.01653
G1 X1.637 Y-1.848 E.02671
G1 X2.014 Y-1.423 E.02671
G1 X2.181 Y-1.145 E.01526
G1 X2.315 Y-.849 E.01526
G1 X2.451 Y-.298 E.02671
G1 X2.451 Y.27 E.02671
G1 X2.392 Y.59 E.01526
G1 X2.296 Y.899 E.01526
G1 X2.036 Y1.393 E.02623
G1 X1.748 Y1.734 E.02097
G1 X1.395 Y2.035 E.02183
G1 X.875 Y2.308 E.02761
G1 X.298 Y2.451 E.02798
G1 X-.27 Y2.451 E.02671
G1 X-.59 Y2.392 E.01526
G1 X-.899 Y2.296 E.01526
G1 X-1.402 Y2.032 E.02671
G1 X-1.84 Y1.644 E.02751
G1 X-2.102 Y1.282 E.02097
G1 X-2.31 Y.868 E.02183
G1 X-2.451 Y.298 E.02761
G1 X-2.451 Y-.298 E.02799
G1 X-2.437 Y-.353 E.00267
SET_VELOCITY_LIMIT ACCEL=10000
G1 X-1.868 Y-.249 F30000
SET_VELOCITY_LIMIT ACCEL=5000
;TYPE:Outer wall
G1 F2266
G1 X-1.767 Y-.66 E.01988
G1 X-1.666 Y-.885 E.01159
G1 X-1.418 Y-1.244 E.0205
G1 X-1.244 Y-1.418 E.01159
G1 X-.877 Y-1.671 E.02095
G1 X-.455 Y-1.831 E.02123
G1 X-.123 Y-1.879 E.01579
G1 X.23 Y-1.873 E.01659
G1 X.66 Y-1.767 E.02082
G1 X.885 Y-1.666 E.01159
G1 X1.251 Y-1.413 E.02095
G1 X1.547 Y-1.079 E.02095
G1 X1.67 Y-.876 E.01115
G1 X1.767 Y-.66 E.01115
G1 X1.874 Y-.227 E.02095
G1 X1.874 Y.218 E.02095
G1 X1.831 Y.451 E.01115
G1 X1.76 Y.678 E.01115
G1 X1.555 Y1.069 E.02078
G1 X1.338 Y1.325 E.01579
G1 X1.07 Y1.555 E.01659
G1 X.669 Y1.765 E.02126
G1 X.227 Y1.874 E.02139
G1 X-.218 Y1.874 E.02095
G1 X-.451 Y1.831 E.01115
G1 X-.678 Y1.76 E.01115
G1 X-1.072 Y1.553 E.02095
G1 X-1.41 Y1.254 E.02123
G1 X-1.607 Y.982 E.01579
G1 X-1.765 Y.667 E.01659
G1 X-1.874 Y.227 E.02126
G1 X-1.874 Y-.214 E.02077
SET_VELOCITY_LIMIT ACCEL=10000
G1 E-1.2 F2100
;WIPE_START
G1 F7200
G1 X-1.767 Y-.66
G1 X-1.666 Y-.885
G1 X-1.418 Y-1.244
G1 X-1.244 Y-1.418
G1 X-.877 Y-1.671
G1 X-.721 Y-1.73
;WIPE_END
G1 X-3.246 Y3.944 Z2.4 F30000
G1 Z2
G1 E1.2 F2100
SET_VELOCITY_LIMIT ACCEL=5000
;TYPE:Inner wall
G1 F2266
G1 X-3.292 Y3.91 E.00273
G1 X-3.75 Y3.474 E.02972
G1 X-3.953 Y3.241 E.01451
G1 X-4.331 Y2.714 E.03049
G1 X-4.633 Y2.159 E.02972
G1 X-4.755 Y1.876 E.01451
G1 X-4.958 Y1.246 E.03113
G1 X-5.021 Y.962 E.01365
G1 X-5.103 Y.304 E.03119
G1 X-5.103 Y-.304 E.02859
G1 X-5.021 Y-.962 E.03119
G1 X-4.958 Y-1.246 E.01365
G1 X-4.759 Y-1.864 E.03054
G1 X-4.485 Y-2.453 E.03054
G1 X-4.339 Y-2.703 E.01365
G1 X-3.96 Y-3.231 E.03054
G1 X-3.519 Y-3.708 E.03054
G1 X-3.303 Y-3.901 E.01365
M73 P36 R2
G1 X-2.781 Y-4.288 E.03055
G1 X-2.231 Y-4.599 E.02972
G1 X-1.949 Y-4.726 E.01453
G1 X-1.339 Y-4.933 E.03031
G1 X-1.039 Y-5.005 E.01451
G1 X-.397 Y-5.096 E.03049
G1 X.235 Y-5.106 E.02972
G1 X.543 Y-5.083 E.01451
G1 X1.182 Y-4.973 E.03047
G1 X1.803 Y-4.784 E.03054
G1 X2.071 Y-4.674 E.01365
G1 X2.659 Y-4.366 E.03119
G1 X2.914 Y-4.201 E.0143
G1 X3.159 Y-4.019 E.0143
G1 X3.652 Y-3.577 E.03119
G1 X3.85 Y-3.364 E.01365
G1 X4.244 Y-2.848 E.03054
G1 X4.565 Y-2.299 E.02988
G1 X4.815 Y-1.715 E.0299
G1 X4.99 Y-1.107 E.02972
G1 X5.048 Y-.804 E.01451
G1 X5.11 Y-.145 E.03112
G1 X5.11 Y.145 E.01365
G1 X5.048 Y.805 E.03119
G1 X4.994 Y1.091 E.01367
G1 X4.816 Y1.712 E.03037
G1 X4.7 Y2.013 E.01516
G1 X4.572 Y2.287 E.01424
G1 X4.244 Y2.848 E.03054
G1 X3.858 Y3.353 E.0299
G1 X3.415 Y3.804 E.02972
G1 X3.179 Y4.003 E.01451
G1 X2.647 Y4.372 E.03047
G1 X2.072 Y4.674 E.03054
G1 X1.79 Y4.789 E.01431
G1 X1.502 Y4.886 E.0143
G1 X.87 Y5.037 E.03054
G1 X.225 Y5.107 E.03054
G1 X-.383 Y5.098 E.02859
G1 X-1.026 Y5.007 E.03054
G1 X-1.653 Y4.837 E.03054
G1 X-1.925 Y4.736 E.01367
G1 X-2.507 Y4.455 E.03037
G1 X-2.771 Y4.296 E.01451
G1 X-3.217 Y3.965 E.02607
SET_VELOCITY_LIMIT ACCEL=10000
G1 X-3.589 Y4.408 F30000
SET_VELOCITY_LIMIT ACCEL=5000
;TYPE:Outer wall
G1 F2266
G1 X-3.665 Y4.352 E.00441
G1 X-4.167 Y3.873 E.03264
G1 X-4.406 Y3.6 E.01706
G1 X-4.821 Y3.021 E.03348
G1 X-5.153 Y2.412 E.03264
G1 X-5.296 Y2.079 E.01706
G1 X-5.516 Y1.397 E.0337
G1 X-5.59 Y1.06 E.01619
G1 X-5.679 Y.349 E.03372
G1 X-5.679 Y-.349 E.03281
G1 X-5.59 Y-1.06 E.03372
G1 X-5.516 Y-1.397 E.01619
G1 X-5.298 Y-2.075 E.03349
G1 X-4.997 Y-2.72 E.03349
G1 X-4.824 Y-3.018 E.01619
G1 X-4.408 Y-3.596 E.03349
G1 X-3.925 Y-4.119 E.03349
G1 X-3.668 Y-4.349 E.01619
G1 X-3.096 Y-4.773 E.0335
G1 X-2.492 Y-5.114 E.03264
G1 X-2.161 Y-5.263 E.01706
G1 X-1.499 Y-5.488 E.03284
G1 X-1.147 Y-5.573 E.01706
G1 X-.442 Y-5.672 E.03348
G1 X.252 Y-5.684 E.03264
G1 X.614 Y-5.656 E.01706
G1 X1.315 Y-5.535 E.03347
G1 X1.997 Y-5.328 E.03349
G1 X2.315 Y-5.197 E.01619
G1 X2.951 Y-4.865 E.03372
G1 X3.243 Y-4.675 E.01642
G1 X3.524 Y-4.467 E.01641
G1 X4.058 Y-3.988 E.03372
G1 X4.292 Y-3.736 E.01619
G1 X4.724 Y-3.17 E.03349
G1 X5.081 Y-2.559 E.03327
G1 X5.36 Y-1.909 E.03327
G1 X5.552 Y-1.242 E.03264
G1 X5.62 Y-.886 E.01706
G1 X5.687 Y-.172 E.0337
G1 X5.687 Y.172 E.01619
G1 X5.62 Y.886 E.03372
G1 X5.556 Y1.224 E.01619
G1 X5.364 Y1.896 E.03286
G1 X5.231 Y2.239 E.01729
G1 X5.084 Y2.555 E.01639
G1 X4.724 Y3.17 E.03349
G1 X4.294 Y3.732 E.03327
G1 X3.808 Y4.227 E.03264
G1 X3.531 Y4.461 E.01706
G1 X2.946 Y4.867 E.03347
G1 X2.315 Y5.197 E.03349
G1 X1.992 Y5.33 E.01642
G1 X1.662 Y5.442 E.01642
G1 X.969 Y5.606 E.03349
G1 X.261 Y5.684 E.03349
G1 X-.437 Y5.673 E.03282
G1 X-1.142 Y5.574 E.03349
G1 X-1.83 Y5.387 E.03349
G1 X-2.153 Y5.267 E.01619
G1 X-2.782 Y4.963 E.03287
G1 X-3.093 Y4.776 E.01706
G1 X-3.56 Y4.429 E.02738
SET_VELOCITY_LIMIT ACCEL=10000
G1 E-1.2 F2100
;WIPE_START
G1 F7200
G1 X-3.665 Y4.352
G1 X-4.167 Y3.873
G1 X-4.406 Y3.6
G1 X-4.821 Y3.021
G1 X-4.869 Y2.932
;WIPE_END
G1 X2.74 Y2.338 Z2.4 F30000
G1 X4.517 Y2.199 Z2.4
G1 Z2
G1 E1.2 F2100
SET_VELOCITY_LIMIT ACCEL=2000
;TYPE:Top surface
;WIDTH:0.63698
G1 F2266
G1 X2.217 Y4.5 E.1575
SET_VELOCITY_LIMIT ACCEL=10000
G1 E-1.2 F2100
;WIPE_START
G1 F7200
G1 X3.631 Y3.086
;WIPE_END
G1 X.947 Y4.929 Z2.4 F30000
G1 Z2
G1 E1.2 F2100
SET_VELOCITY_LIMIT ACCEL=2000
G1 F2266
G1 X4.934 Y.942 E.27296
SET_VELOCITY_LIMIT ACCEL=10000
G1 X5.023 Y.013 F30000
SET_VELOCITY_LIMIT ACCEL=2000
G1 F2266
G1 X.019 Y5.017 E.34261
SET_VELOCITY_LIMIT ACCEL=10000
G1 X-.761 Y4.957 F30000
SET_VELOCITY_LIMIT ACCEL=2000
G1 F2266
G1 X4.965 Y-.769 E.39197
SET_VELOCITY_LIMIT ACCEL=10000
G1 X4.802 Y-1.446 F30000
M73 P37 R2
SET_VELOCITY_LIMIT ACCEL=2000
G1 F2266
G1 X2.323 Y1.033 E.16972
SET_VELOCITY_LIMIT ACCEL=10000
G1 X2.537 Y-.021 F30000
SET_VELOCITY_LIMIT ACCEL=2000
G1 F2266
G1 X4.574 Y-2.058 E.13944
SET_VELOCITY_LIMIT ACCEL=10000
G1 X4.284 Y-2.608 F30000
SET_VELOCITY_LIMIT ACCEL=2000
G1 F2266
G1 X2.428 Y-.752 E.12708
SET_VELOCITY_LIMIT ACCEL=10000
G1 X2.169 Y-1.333 F30000
SET_VELOCITY_LIMIT ACCEL=2000
G1 F2266
G1 X3.939 Y-3.104 E.12122
SET_VELOCITY_LIMIT ACCEL=10000
G1 X3.549 Y-3.553 F30000
SET_VELOCITY_LIMIT ACCEL=2000
G1 F2266
G1 X1.795 Y-1.8 E.12006
SET_VELOCITY_LIMIT ACCEL=10000
G1 X1.324 Y-2.169 F30000
SET_VELOCITY_LIMIT ACCEL=2000
G1 F2266
G1 X3.106 Y-3.95 E.12197
SET_VELOCITY_LIMIT ACCEL=10000
G1 X2.61 Y-4.294 F30000
SET_VELOCITY_LIMIT ACCEL=2000
G1 F2266
G1 X.745 Y-2.429 E.12766
SET_VELOCITY_LIMIT ACCEL=10000
G1 X.016 Y-2.54 F30000
SET_VELOCITY_LIMIT ACCEL=2000
G1 F2266
G1 X2.058 Y-4.583 E.13983
SET_VELOCITY_LIMIT ACCEL=10000
G1 X1.439 Y-4.804 F30000
SET_VELOCITY_LIMIT ACCEL=2000
G1 F2266
G1 X-1.049 Y-2.315 E.17036
SET_VELOCITY_LIMIT ACCEL=10000
G1 E-1.2 F2100
;WIPE_START
G1 F7200
G1 X.365 Y-3.73
;WIPE_END
G1 X1.033 Y2.323 Z2.4 F30000
G1 Z2
G1 E1.2 F2100
SET_VELOCITY_LIMIT ACCEL=2000
G1 F2266
G1 X-1.447 Y4.803 E.16979
SET_VELOCITY_LIMIT ACCEL=10000
G1 X-2.059 Y4.575 F30000
SET_VELOCITY_LIMIT ACCEL=2000
G1 F2266
G1 X-.021 Y2.537 E.13951
SET_VELOCITY_LIMIT ACCEL=10000
G1 X-.755 Y2.431 F30000
SET_VELOCITY_LIMIT ACCEL=2000
G1 F2266
G1 X-2.614 Y4.289 E.12722
SET_VELOCITY_LIMIT ACCEL=10000
G1 X-3.105 Y3.941 F30000
SET_VELOCITY_LIMIT ACCEL=2000
G1 F2266
G1 X-1.331 Y2.167 E.12144
SET_VELOCITY_LIMIT ACCEL=10000
G1 X-1.8 Y1.795 F30000
SET_VELOCITY_LIMIT ACCEL=2000
G1 F2266
G1 X-3.549 Y3.545 E.11979
SET_VELOCITY_LIMIT ACCEL=10000
G1 X-3.946 Y3.102 F30000
SET_VELOCITY_LIMIT ACCEL=2000
G1 F2266
G1 X-2.174 Y1.33 E.12132
SET_VELOCITY_LIMIT ACCEL=10000
G1 X-2.429 Y.745 F30000
SET_VELOCITY_LIMIT ACCEL=2000
G1 F2266
G1 X-4.291 Y2.606 E.12745
SET_VELOCITY_LIMIT ACCEL=10000
G1 X-4.583 Y2.058 F30000
SET_VELOCITY_LIMIT ACCEL=2000
G1 F2266
G1 X-2.537 Y.012 E.14003
SET_VELOCITY_LIMIT ACCEL=10000
G1 X-2.323 Y-1.042 F30000
SET_VELOCITY_LIMIT ACCEL=2000
G1 F2266
G1 X-4.805 Y1.44 E.16992
SET_VELOCITY_LIMIT ACCEL=10000
G1 X-4.959 Y.754 F30000
SET_VELOCITY_LIMIT ACCEL=2000
G1 F2266
G1 X.754 Y-4.959 E.39113
SET_VELOCITY_LIMIT ACCEL=10000
G1 X-.03 Y-5.015 F30000
SET_VELOCITY_LIMIT ACCEL=2000
G1 F2266
G1 X-5.016 Y-.029 E.34138
SET_VELOCITY_LIMIT ACCEL=10000
G1 X-4.935 Y-.951 F30000
M73 P38 R2
SET_VELOCITY_LIMIT ACCEL=2000
G1 F2266
G1 X-.956 Y-4.93 E.2724
SET_VELOCITY_LIMIT ACCEL=10000
G1 E-1.2 F2100
;WIPE_START
G1 F7200
G1 X-2.37 Y-3.515
;WIPE_END
G1 X-2.219 Y-4.506 Z2.4 F30000
G1 Z2
G1 E1.2 F2100
SET_VELOCITY_LIMIT ACCEL=2000
G1 F2266
G1 X-4.492 Y-2.234 E.15557
;LAYER_CHANGE
;Z:2.01667
;HEIGHT:0.0166667
;BEFORE_LAYER_CHANGE
;2.01667
G1 E-1.2 F2100
;WIPE_START
G1 F7200
G1 X-3.077 Y-3.648
;WIPE_END
;AFTER_LAYER_CHANGE
;2.01667
;_SET_FAN_SPEED_CHANGING_LAYER
SET_VELOCITY_LIMIT ACCEL=10000
G17
G3 Z2.417 I1.213 J-.099 P1  F30000
G1 X-3.256 Y-5.842 Z2.417
G1 Z2.017
G1 E1.2 F2100
;TYPE:Support
;WIDTH:0.62
;HEIGHT:0.363333
G1 F1546
G1 X-2.946 Y-6.004 E.02812
G1 X-2.925 Y-6.015 E.00188
G1 X-2.906 Y-6.024 E.00172
G1 X-2.615 Y-6.154 E.02555
G1 X-6.154 Y-6.154 E.28397
G1 X-6.154 Y-3.077 E.2469
G1 X-5.936 Y-3.077 E.01751
G1 X-5.973 Y-3.003 E.00664
G1 X-6.06 Y-2.831 E.01545
G1 X-6.069 Y-2.812 E.00172
G1 X-6.106 Y-2.726 E.00748
G1 X-6.154 Y-2.612 E.00992
G1 X-6.154 Y-2.789 E.01414
G1 E-1.2 F2100
;WIPE_START
G1 F6000
G1 X-6.154 Y-2.612
G1 X-6.106 Y-2.726
G1 X-6.069 Y-2.812
G1 X-6.06 Y-2.831
G1 X-5.973 Y-3.003
G1 X-5.936 Y-3.077
G1 X-6.154 Y-3.077
G1 X-6.154 Y-4.169
;WIPE_END
G1 X-4.162 Y3.199 Z2.417 F30000
G1 X-3.484 Y5.706 Z2.417
G1 Z2.017
G1 E1.2 F2100
G1 F1546
G1 X-3.621 Y5.623 E.01291
G1 X-3.631 Y5.617 E.00089
G1 X-3.64 Y5.612 E.00085
G1 X-3.649 Y5.606 E.00085
G1 X-3.724 Y5.553 E.0074
G1 X-3.973 Y5.381 E.0243
G1 X-3.99 Y5.368 E.00172
G1 X-4.127 Y5.26 E.01393
G1 X-4.3 Y5.123 E.01773
G1 X-4.316 Y5.109 E.00172
G1 X-4.471 Y4.971 E.01669
G1 X-4.61 Y4.846 E.01497
G1 X-4.626 Y4.831 E.00172
G1 X-4.856 Y4.597 E.02631
G1 X-4.886 Y4.567 E.00347
G1 X-4.903 Y4.55 E.00188
G1 X-4.917 Y4.534 E.00172
G1 X-5.169 Y4.245 E.03076
G1 X-5.176 Y4.236 E.0009
G1 X-5.182 Y4.229 E.0008
G1 X-5.189 Y4.22 E.00088
G1 X-5.429 Y3.906 E.03171
G1 X-5.442 Y3.889 E.00172
G1 X-5.662 Y3.561 E.03166
G1 X-5.667 Y3.552 E.00085
G1 X-5.673 Y3.543 E.00086
G1 X-5.872 Y3.202 E.03169
G1 X-5.882 Y3.184 E.00171
G1 X-5.936 Y3.077 E.00957
G1 X-6.154 Y3.077 E.01751
G1 X-6.154 Y6.154 E.2469
G1 X-2.615 Y6.154 E.28397
G1 E-1.2 F2100
;WIPE_START
G1 F6000
G1 X-4.615 Y6.154
;WIPE_END
G1 X2.614 Y6.154 Z2.417 F30000
G1 Z2.017
G1 E1.2 F2100
G1 F1546
G1 X6.154 Y6.154 E.28408
G1 X6.154 Y3.077 E.2469
G1 X5.937 Y3.077 E.01744
G1 X5.969 Y3.018 E.00537
G1 X5.978 Y2.999 E.00172
G1 X6.145 Y2.641 E.03171
G1 X6.149 Y2.631 E.00087
G1 X6.153 Y2.622 E.00081
G1 X6.154 Y2.62 E.00018
G1 X6.154 Y2.789 E.01356
G1 E-1.2 F2100
;WIPE_START
G1 F6000
G1 X6.154 Y2.62
G1 X6.153 Y2.622
G1 X6.149 Y2.631
G1 X6.145 Y2.641
G1 X5.978 Y2.999
G1 X5.969 Y3.018
G1 X5.937 Y3.077
G1 X6.154 Y3.077
G1 X6.154 Y4.184
;WIPE_END
G1 X6.154 Y-2.789 Z2.417 F30000
G1 Z2.017
G1 E1.2 F2100
G1 F1546
M73 P39 R2
G1 X6.154 Y-2.62 E.01356
G1 X6.153 Y-2.622 E.00018
G1 X6.145 Y-2.641 E.00172
G1 X5.978 Y-2.999 E.03166
G1 X5.969 Y-3.018 E.00172
G1 X5.937 Y-3.077 E.00537
G1 X6.154 Y-3.077 E.01744
G1 X6.154 Y-6.154 E.2469
G1 X2.614 Y-6.154 E.28408
;LAYER_CHANGE
;Z:2.2
;HEIGHT:0.183333
;BEFORE_LAYER_CHANGE
;2.2
G1 E-1.2 F2100
;WIPE_START
G1 F6000
G1 X4.614 Y-6.154
;WIPE_END
;AFTER_LAYER_CHANGE
;2.2
;_SET_FAN_SPEED_CHANGING_LAYER
G17
G3 Z2.6 I-.771 J-.941 P1  F30000
G1 X-2.429 Y-.386 Z2.6
G1 Z2.2
G1 E1.2 F2100
SET_VELOCITY_LIMIT ACCEL=5000
;TYPE:Inner wall
;HEIGHT:0.2
G1 F1546
G1 X-2.315 Y-.849 E.02245
G1 X-2.17 Y-1.17 E.01653
G1 X-1.863 Y-1.615 E.02544
G1 X-1.615 Y-1.863 E.01653
G1 X-1.147 Y-2.186 E.02671
G1 X-.602 Y-2.393 E.02744
G1 X-.172 Y-2.456 E.0204
G1 X.304 Y-2.449 E.02241
G1 X.849 Y-2.315 E.02639
G1 X1.17 Y-2.17 E.01653
G1 X1.615 Y-1.863 E.02544
G1 X1.863 Y-1.615 E.01653
G1 X2.17 Y-1.17 E.02544
G1 X2.315 Y-.849 E.01653
G1 X2.451 Y-.298 E.02671
G1 X2.451 Y.27 E.02671
G1 X2.392 Y.59 E.01526
G1 X2.296 Y.899 E.01526
G1 X2.037 Y1.392 E.02616
G1 X1.758 Y1.724 E.0204
G1 X1.396 Y2.035 E.02241
G1 X.875 Y2.308 E.02766
G1 X.298 Y2.451 E.02798
G1 X-.27 Y2.451 E.02671
G1 X-.59 Y2.392 E.01526
G1 X-.899 Y2.296 E.01526
G1 X-1.392 Y2.037 E.02616
G1 X-1.724 Y1.758 E.0204
G1 X-2.035 Y1.396 E.02241
G1 X-2.308 Y.875 E.02767
G1 X-2.451 Y.298 E.02798
G1 X-2.451 Y-.298 E.02799
G1 X-2.438 Y-.351 E.00257
SET_VELOCITY_LIMIT ACCEL=10000
G1 X-1.869 Y-.247 F30000
SET_VELOCITY_LIMIT ACCEL=5000
;TYPE:Outer wall
G1 F1546
G1 X-1.767 Y-.66 E.01998
G1 X-1.666 Y-.885 E.01159
G1 X-1.418 Y-1.244 E.0205
G1 X-1.244 Y-1.418 E.01159
G1 X-.877 Y-1.671 E.02095
G1 X-.455 Y-1.831 E.0212
G1 X-.134 Y-1.878 E.01526
G1 X.23 Y-1.873 E.01713
G1 X.66 Y-1.767 E.02084
G1 X.885 Y-1.666 E.01159
G1 X1.244 Y-1.418 E.0205
G1 X1.418 Y-1.244 E.01159
G1 X1.666 Y-.885 E.0205
G1 X1.767 Y-.66 E.01159
G1 X1.874 Y-.227 E.02095
G1 X1.874 Y.218 E.02095
G1 X1.831 Y.451 E.01115
G1 X1.76 Y.678 E.01115
G1 X1.555 Y1.068 E.02076
G1 X1.346 Y1.317 E.01526
G1 X1.07 Y1.554 E.01713
G1 X.669 Y1.765 E.02128
G1 X.227 Y1.874 E.02139
G1 X-.218 Y1.874 E.02095
G1 X-.451 Y1.831 E.01115
G1 X-.678 Y1.76 E.01115
G1 X-1.068 Y1.555 E.02076
G1 X-1.317 Y1.346 E.01526
G1 X-1.554 Y1.07 E.01713
G1 X-1.765 Y.669 E.02128
G1 X-1.874 Y.227 E.02139
G1 X-1.874 Y-.212 E.02067
SET_VELOCITY_LIMIT ACCEL=10000
G1 E-1.2 F2100
;WIPE_START
G1 F7200
G1 X-1.767 Y-.66
G1 X-1.666 Y-.885
G1 X-1.418 Y-1.244
G1 X-1.244 Y-1.418
G1 X-.877 Y-1.671
G1 X-.723 Y-1.73
;WIPE_END
G1 X-2.257 Y2.776 Z2.6 F30000
G1 Z2.2
G1 E1.2 F2100
SET_VELOCITY_LIMIT ACCEL=5000
;TYPE:Inner wall
G1 F1546
G1 X-2.555 Y2.506 E.01888
G1 X-2.716 Y2.328 E.01131
G1 X-2.956 Y2.017 E.01846
G1 X-3.18 Y1.641 E.02061
G1 X-3.282 Y1.424 E.01124
G1 X-3.419 Y1.056 E.01846
G1 X-3.523 Y.63 E.02061
G1 X-3.556 Y.394 E.01124
G1 X-3.578 Y.001 E.01847
G1 X-3.552 Y-.44 E.02082
G1 X-3.419 Y-1.055 E.02955
G1 X-3.266 Y-1.464 E.02054
G1 X-3.16 Y-1.678 E.01124
G1 X-2.839 Y-2.179 E.02796
G1 X-2.549 Y-2.511 E.02075
G1 X-2.221 Y-2.806 E.02075
G1 X-1.695 Y-3.151 E.02955
G1 X-1.119 Y-3.4 E.02955
G1 X-.691 Y-3.511 E.02075
G1 X-.259 Y-3.569 E.02054
G1 X-.02 Y-3.578 E.01124
G1 X.373 Y-3.559 E.01846
G1 X.805 Y-3.487 E.02061
G1 X1.036 Y-3.424 E.01124
G1 X1.405 Y-3.291 E.01846
G1 X1.801 Y-3.093 E.02082
G1 X2.314 Y-2.729 E.02955
G1 X2.629 Y-2.428 E.02054
G1 X2.785 Y-2.246 E.01124
G1 X3.015 Y-1.927 E.01846
G1 X3.224 Y-1.552 E.02019
G1 X3.386 Y-1.156 E.02012
G1 X3.503 Y-.731 E.02075
G1 X3.578 Y-.094 E.03017
G1 X3.537 Y.542 E.02996
G1 X3.492 Y.777 E.01124
G1 X3.387 Y1.155 E.01846
G1 X3.224 Y1.552 E.02019
G1 X3.009 Y1.938 E.02075
G1 X2.614 Y2.444 E.03017
G1 X2.473 Y2.587 E.00944
M73 P40 R2
G1 X2.324 Y2.721 E.00945
G1 X1.971 Y2.986 E.02075
G1 X1.593 Y3.205 E.02054
G1 X1.375 Y3.303 E.01124
G1 X1.005 Y3.434 E.01846
G1 X.586 Y3.53 E.02019
G1 X.147 Y3.576 E.02075
G1 X-.48 Y3.546 E.02955
G1 X-1.093 Y3.408 E.02955
G1 X-1.504 Y3.247 E.02075
G1 X-1.893 Y3.037 E.02075
G1 X-2.228 Y2.797 E.0194
SET_VELOCITY_LIMIT ACCEL=10000
G1 X-2.627 Y3.22 F30000
SET_VELOCITY_LIMIT ACCEL=5000
;TYPE:Outer wall
G1 F1546
G1 X-2.963 Y2.915 E.02132
G1 X-3.159 Y2.699 E.01375
G1 X-3.434 Y2.342 E.02117
G1 X-3.691 Y1.912 E.02355
G1 X-3.815 Y1.648 E.01372
G1 X-3.971 Y1.226 E.02117
G1 X-4.09 Y.739 E.02355
G1 X-4.131 Y.45 E.01372
G1 X-4.156 Y.001 E.02118
G1 X-4.126 Y-.501 E.02362
G1 X-4.09 Y-.738 E.01126
G1 X-3.971 Y-1.225 E.02359
G1 X-3.796 Y-1.693 E.02352
G1 X-3.666 Y-1.955 E.01372
G1 X-3.432 Y-2.345 E.02139
G1 X-3.291 Y-2.539 E.01128
G1 X-2.961 Y-2.917 E.02359
G1 X-2.588 Y-3.252 E.0236
G1 X-2.396 Y-3.396 E.01126
G1 X-1.969 Y-3.66 E.02359
G1 X-1.514 Y-3.871 E.0236
G1 X-1.289 Y-3.952 E.01126
G1 X-.803 Y-4.078 E.0236
G1 X-.308 Y-4.145 E.02352
G1 X-.016 Y-4.155 E.01372
G1 X.434 Y-4.133 E.02117
G1 X.928 Y-4.051 E.02355
G1 X1.21 Y-3.975 E.01372
G1 X1.633 Y-3.822 E.02117
G1 X2.082 Y-3.597 E.02362
G1 X2.286 Y-3.471 E.01126
G1 X2.687 Y-3.17 E.02359
G1 X3.049 Y-2.825 E.02352
G1 X3.239 Y-2.603 E.01372
G1 X3.502 Y-2.238 E.02117
G1 X3.745 Y-1.803 E.0234
G1 X3.933 Y-1.343 E.02338
G1 X4.067 Y-.86 E.02359
G1 X4.109 Y-.624 E.01126
G1 X4.155 Y-.12 E.02381
G1 X4.155 Y.12 E.01126
G1 X4.109 Y.623 E.02374
G1 X4.054 Y.909 E.01372
G1 X3.933 Y1.343 E.02117
G1 X3.745 Y1.803 E.0234
G1 X3.5 Y2.241 E.02359
G1 X3.365 Y2.439 E.01126
G1 X3.044 Y2.83 E.02381
G1 X2.872 Y3.004 E.01148
G1 X2.691 Y3.168 E.01148
G1 X2.29 Y3.469 E.02359
G1 X1.856 Y3.719 E.02352
G1 X1.59 Y3.839 E.01372
G1 X1.166 Y3.989 E.02117
G1 X.681 Y4.1 E.0234
G1 X.182 Y4.152 E.02359
G1 X-.058 Y4.156 E.01126
G1 X-.558 Y4.118 E.0236
G1 X-1.05 Y4.022 E.02359
G1 X-1.28 Y3.954 E.01126
G1 X-1.747 Y3.771 E.0236
G1 X-2.189 Y3.533 E.02359
G1 X-2.597 Y3.241 E.02364
SET_VELOCITY_LIMIT ACCEL=10000
G1 E-1.2 F2100
;WIPE_START
G1 F7200
G1 X-2.963 Y2.915
G1 X-3.159 Y2.699
G1 X-3.434 Y2.342
G1 X-3.691 Y1.912
G1 X-3.804 Y1.67
;WIPE_END
G1 X-1.901 Y2.342 Z2.6 F30000
G1 Z2.2
G1 E1.2 F2100
;TYPE:Gap infill
;WIDTH:0.579629
G1 F1546
G1 X-1.601 Y2.559 E.0162
G1 X-1.089 Y2.816 E.02503
G1 X-.737 Y2.924 E.0161
G1 X-.405 Y2.992 E.01481
G1 X.122 Y3.013 E.0231
G1 X.333 Y3.002 E.0092
G1 X.848 Y2.894 E.02303
G1 X1.167 Y2.785 E.01473
G1 X1.731 Y2.474 E.02816
G1 X2.17 Y2.101 E.0252
G1 X2.538 Y1.637 E.02592
G1 X2.816 Y1.089 E.02686
G1 X2.923 Y.737 E.0161
G1 X2.983 Y.461 E.01237
G1 X3.014 Y-.074 E.02342
G1 X2.999 Y-.333 E.01133
G1 X2.952 Y-.614 E.0125
G1 X2.858 Y-.976 E.01634
G1 X2.664 Y-1.42 E.0212
G1 X2.345 Y-1.9 E.02519
G1 X2.224 Y-2.043 E.00822
G1 X1.956 Y-2.302 E.01629
G1 X1.463 Y-2.642 E.02618
G1 X1.007 Y-2.846 E.02185
G1 X.685 Y-2.936 E.01462
G1 X.345 Y-3.002 E.01513
G1 X-.218 Y-3.012 E.02466
G1 X-.768 Y-2.92 E.02439
G1 X-1.432 Y-2.662 E.03117
G1 X-1.871 Y-2.367 E.02312
G1 X-2.15 Y-2.118 E.01635
G1 X-2.304 Y-1.951 E.00994
G1 X-2.666 Y-1.421 E.02805
G1 X-2.846 Y-1.007 E.01975
G1 X-3.001 Y-.374 E.0285
G1 X-3.004 Y.339 E.03119
G1 X-2.883 Y.887 E.02455
G1 X-2.81 Y1.099 E.0098
G1 X-2.679 Y1.382 E.01364
G1 X-2.476 Y1.732 E.0177
G1 X-2.1 Y2.168 E.02519
G1 X-1.928 Y2.318 E.00998
;LAYER_CHANGE
;Z:2.38
;HEIGHT:0.18
;BEFORE_LAYER_CHANGE
;2.38
G1 E-1.2 F2100
;WIPE_START
G1 F9000
G1 X-1.601 Y2.559
G1 X-1.089 Y2.816
G1 X-.737 Y2.924
G1 X-.405 Y2.992
G1 X-.091 Y3.005
;WIPE_END
;AFTER_LAYER_CHANGE
;2.38
;_SET_FAN_SPEED_CHANGING_LAYER
G17
G3 Z2.78 I-1.033 J-.644 P1  F30000
G1 X-2.054 Y6.154 Z2.78
G1 Z2.38
G1 E1.2 F2100
;TYPE:Support
;WIDTH:0.62
;HEIGHT:0.363333
G1 F2022
G1 X-6.154 Y6.154 E.32898
G1 X-6.154 Y3.077 E.2469
M73 P41 R2
G1 X-5.712 Y3.077 E.03548
G1 X-5.705 Y3.091 E.00124
G1 X-5.698 Y3.104 E.00121
G1 X-5.502 Y3.44 E.03119
G1 X-5.494 Y3.452 E.00122
G1 X-5.277 Y3.775 E.03116
G1 X-5.269 Y3.787 E.00122
G1 X-5.032 Y4.096 E.0312
G1 X-5.022 Y4.108 E.00128
G1 X-4.754 Y4.415 E.03266
G1 X-4.744 Y4.425 E.00116
G1 X-4.485 Y4.689 E.02964
G1 X-4.474 Y4.699 E.00122
G1 X-4.185 Y4.958 E.03117
G1 X-4.173 Y4.968 E.00122
G1 X-3.869 Y5.209 E.03116
G1 X-3.857 Y5.218 E.00122
G1 X-3.537 Y5.44 E.03119
G1 X-3.524 Y5.448 E.00129
G1 X-3.175 Y5.658 E.03264
G1 X-3.162 Y5.665 E.00117
G1 X-3.11 Y5.692 E.00474
G1 X-4.3 Y2.841 F30000
;HEIGHT:0.2
G1 F2022
G1 X-4.42 Y2.653 E.0105
G1 X-4.431 Y2.635 E.00097
G1 X-4.571 Y2.384 E.01354
G1 X-4.58 Y2.366 E.00097
G1 X-4.705 Y2.106 E.01354
G1 X-4.714 Y2.087 E.00097
G1 X-4.738 Y2.029 E.00298
G1 X-4.823 Y1.821 E.01056
G1 X-4.83 Y1.802 E.00097
G1 X-4.923 Y1.529 E.01354
G1 X-4.929 Y1.51 E.00097
G1 X-5.006 Y1.232 E.01354
G1 X-5.011 Y1.212 E.00097
G1 X-5.071 Y.931 E.01354
G1 X-5.074 Y.91 E.00097
G1 X-5.117 Y.626 E.01354
G1 X-5.12 Y.605 E.00097
G1 X-5.125 Y.542 E.00298
G1 X-5.145 Y.319 E.01056
G1 X-5.147 Y.298 E.00097
G1 X-5.155 Y.01 E.01354
G1 X-5.155 Y0 E.00048
G1 X-6.331 Y0 E.05531
G1 X-6.331 Y-.005 E.00024
G1 X-6.32 Y-.388 E.01803
G1 X-6.319 Y-.399 E.00048
G1 X-6.283 Y-.781 E.01804
G1 X-6.282 Y-.791 E.00048
G1 X-6.222 Y-1.17 E.01803
G1 X-6.221 Y-1.18 E.00049
G1 X-6.138 Y-1.554 E.01804
G1 X-6.135 Y-1.564 E.00048
G1 X-6.029 Y-1.933 E.01803
G1 X-6.026 Y-1.943 E.00049
G1 X-5.897 Y-2.304 E.01804
G1 X-5.894 Y-2.314 E.00048
G1 X-5.743 Y-2.666 E.01804
G1 X-5.738 Y-2.675 E.00048
G1 X-5.566 Y-3.018 E.01804
G1 X-5.561 Y-3.027 E.00048
G1 X-5.532 Y-3.077 E.00272
G1 X-4.134 Y-3.077 E.06573
G1 X-4.084 Y-3.145 E.00397
G1 X-4.072 Y-3.162 E.00097
G1 X-3.889 Y-3.384 E.01354
G1 X-3.875 Y-3.4 E.00097
G1 X-3.68 Y-3.611 E.01354
G1 X-3.665 Y-3.625 E.00097
G1 X-3.457 Y-3.824 E.01354
G1 X-3.442 Y-3.838 E.00097
G1 X-3.222 Y-4.024 E.01354
G1 X-3.206 Y-4.037 E.00097
G1 X-2.976 Y-4.21 E.01354
G1 X-2.959 Y-4.221 E.00097
G1 X-2.719 Y-4.38 E.01354
G1 X-2.701 Y-4.391 E.00097
G1 X-2.452 Y-4.535 E.01354
G1 X-2.434 Y-4.545 E.00097
G1 X-2.176 Y-4.673 E.01354
G1 X-2.158 Y-4.682 E.00097
G1 X-1.893 Y-4.795 E.01354
G1 X-1.874 Y-4.803 E.00097
G1 X-1.603 Y-4.9 E.01354
G1 X-1.583 Y-4.906 E.00097
G1 X-1.307 Y-4.987 E.01354
G1 X-1.287 Y-4.992 E.00097
G1 X-1.006 Y-5.056 E.01354
G1 X-.986 Y-5.06 E.00097
G1 X-.702 Y-5.107 E.01354
G1 X-.682 Y-5.11 E.00097
G1 X-.396 Y-5.14 E.01354
G1 X-.375 Y-5.142 E.00097
G1 X-.087 Y-5.154 E.01354
G1 X-.067 Y-5.155 E.00097
G1 X-.003 Y-5.154 E.00298
G1 X.221 Y-5.15 E.01056
G1 X.242 Y-5.15 E.00097
G1 X.529 Y-5.128 E.01354
G1 X.549 Y-5.126 E.00097
G1 X.834 Y-5.087 E.01354
G1 X.855 Y-5.084 E.00097
G1 X1.137 Y-5.028 E.01354
G1 X1.157 Y-5.024 E.00097
G1 X1.436 Y-4.951 E.01354
G1 X1.456 Y-4.945 E.00097
G1 X1.516 Y-4.926 E.00298
G1 X1.729 Y-4.857 E.01056
G1 X1.749 Y-4.85 E.00097
G1 X2.017 Y-4.744 E.01354
G1 X2.036 Y-4.736 E.00097
G1 X2.297 Y-4.615 E.01354
G1 X2.315 Y-4.606 E.00097
G1 X2.569 Y-4.47 E.01354
G1 X2.587 Y-4.459 E.00097
G1 X2.831 Y-4.308 E.01354
G1 X2.849 Y-4.297 E.00097
G1 X3.084 Y-4.131 E.01354
G1 X3.1 Y-4.119 E.00097
G1 X3.325 Y-3.939 E.01353
G1 X3.341 Y-3.926 E.00097
G1 X3.555 Y-3.733 E.01354
G1 X3.57 Y-3.719 E.00097
G1 X3.772 Y-3.514 E.01353
G1 X3.786 Y-3.499 E.00097
G1 X3.975 Y-3.282 E.01354
G1 X3.989 Y-3.266 E.00097
G1 X4.027 Y-3.216 E.00298
G1 X4.135 Y-3.077 E.00826
G1 X5.53 Y-3.077 E.06564
G1 X5.469 Y-3.19 E.00602
G1 X5.464 Y-3.199 E.00049
G1 X5.26 Y-3.523 E.01803
G1 X5.255 Y-3.532 E.00049
G1 X5.031 Y-3.844 E.01803
G1 X5.025 Y-3.852 E.00048
G1 X4.783 Y-4.149 E.01804
G1 X4.776 Y-4.157 E.00048
G1 X4.515 Y-4.438 E.01803
G1 X4.508 Y-4.446 E.00048
G1 X4.231 Y-4.711 E.01803
G1 X4.223 Y-4.717 E.00048
G1 X3.93 Y-4.964 E.01804
G1 X3.922 Y-4.971 E.00048
G1 X3.613 Y-5.199 E.01803
G1 X3.605 Y-5.205 E.00048
G1 X3.283 Y-5.414 E.01804
G1 X3.274 Y-5.419 E.00048
G1 X2.94 Y-5.607 E.01803
G1 X2.931 Y-5.612 E.00048
G1 X2.586 Y-5.779 E.01804
G1 X2.577 Y-5.784 E.00049
G1 X2.222 Y-5.929 E.01803
G1 X2.212 Y-5.933 E.00048
G1 X1.849 Y-6.056 E.01803
G1 X1.839 Y-6.059 E.00048
G1 X1.486 Y-6.154 E.0172
G1 X-1.473 Y-6.154 E.13914
G1 X-1.668 Y-6.107 E.00944
G1 X-1.678 Y-6.105 E.00046
G1 X-2.026 Y-5.998 E.01715
G1 X-2.036 Y-5.995 E.00048
G1 X-2.396 Y-5.861 E.01805
G1 X-2.406 Y-5.857 E.00051
G1 X-2.772 Y-5.692 E.01891
G1 X-2.781 Y-5.687 E.00046
G1 X-3.104 Y-5.518 E.01714
G1 X-3.113 Y-5.513 E.00049
G1 X-3.441 Y-5.315 E.01803
G1 X-3.45 Y-5.309 E.00049
G1 X-2.054 Y-6.154 F30000
;HEIGHT:0.363333
G1 F2022
G1 X-6.154 Y-6.154 E.32898
G1 X-6.154 Y-3.077 E.2469
G1 X-5.712 Y-3.077 E.03548
G1 X-5.88 Y-2.744 E.02993
G1 X-5.886 Y-2.73 E.00122
G1 X-6.039 Y-2.373 E.03117
G1 X-6.045 Y-2.359 E.00122
G1 X-6.154 Y-2.051 E.02622
G1 X-6.154 Y-2.789 E.05917
G1 X2.047 Y-6.154 F30000
G1 F2022
G1 X6.154 Y-6.154 E.32954
G1 X6.154 Y-3.077 E.2469
G1 X5.709 Y-3.077 E.0357
G1 X5.792 Y-2.926 E.01384
G1 X5.798 Y-2.912 E.00122
G1 X5.962 Y-2.56 E.03116
G1 X5.968 Y-2.546 E.00122
G1 X6.11 Y-2.184 E.03116
G1 X6.115 Y-2.17 E.00122
G1 X6.154 Y-2.048 E.01028
G1 X6.154 Y-2.789 E.05942
G1 X4.3 Y-2.841 F30000
;HEIGHT:0.2
G1 F2022
G1 X4.339 Y-2.784 E.00323
G1 X4.35 Y-2.767 E.00097
G1 X4.498 Y-2.52 E.01354
G1 X4.508 Y-2.502 E.00097
G1 X4.64 Y-2.246 E.01354
G1 X4.649 Y-2.227 E.00097
G1 X4.766 Y-1.965 E.01354
G1 X4.774 Y-1.945 E.00097
G1 X4.875 Y-1.676 E.01354
G1 X4.882 Y-1.656 E.00097
G1 X4.967 Y-1.381 E.01354
G1 X4.972 Y-1.362 E.00097
G1 X5.04 Y-1.082 E.01354
G1 X5.045 Y-1.062 E.00097
G1 X5.096 Y-.779 E.01354
G1 X5.099 Y-.758 E.00097
G1 X5.134 Y-.472 E.01354
G1 X5.135 Y-.452 E.00097
G1 X5.153 Y-.165 E.01354
G1 X5.153 Y-.144 E.00097
G1 X5.153 Y0 E.00677
G1 X6.329 Y0 E.05527
G1 X6.329 Y.192 E.00902
G1 X6.328 Y.202 E.00048
G1 X6.304 Y.585 E.01803
G1 X6.303 Y.595 E.00049
G1 X6.256 Y.976 E.01804
G1 X6.254 Y.986 E.00048
G1 X6.183 Y1.363 E.01804
G1 X6.181 Y1.373 E.00048
G1 X6.086 Y1.744 E.01803
G1 X6.084 Y1.754 E.00049
G1 X5.972 Y2.101 E.01715
G1 X5.969 Y2.111 E.00046
G1 X5.823 Y2.486 E.01891
G1 X5.819 Y2.496 E.00051
G1 X5.657 Y2.843 E.01805
G1 X5.652 Y2.853 E.00048
G1 X5.53 Y3.077 E.01201
G1 X4.135 Y3.077 E.06564
G1 X3.988 Y3.266 E.01124
G1 X3.975 Y3.282 E.00097
G1 X3.786 Y3.499 E.01354
G1 X3.772 Y3.514 E.00097
G1 X3.57 Y3.719 E.01353
G1 X3.555 Y3.733 E.00097
G1 X3.341 Y3.926 E.01354
G1 X3.325 Y3.939 E.00097
G1 X3.1 Y4.119 E.01354
G1 X3.084 Y4.131 E.00097
G1 X2.849 Y4.297 E.01354
G1 X2.831 Y4.308 E.00097
G1 X2.587 Y4.459 E.01354
G1 X2.569 Y4.47 E.00097
G1 X2.315 Y4.606 E.01354
G1 X2.297 Y4.615 E.00097
G1 X2.036 Y4.736 E.01354
G1 X2.017 Y4.744 E.00097
G1 X1.958 Y4.768 E.00298
G1 X1.749 Y4.85 E.01056
G1 X1.729 Y4.857 E.00097
G1 X1.456 Y4.945 E.01354
G1 X1.436 Y4.951 E.00097
G1 X1.157 Y5.024 E.01354
G1 X1.137 Y5.028 E.00097
G1 X.855 Y5.084 E.01354
G1 X.834 Y5.087 E.00097
G1 X.549 Y5.126 E.01354
G1 X.529 Y5.128 E.00097
G1 X.242 Y5.15 E.01354
G1 X.221 Y5.15 E.00097
G1 X-.067 Y5.155 E.01354
G1 X-.087 Y5.154 E.00097
G1 X-.375 Y5.142 E.01354
G1 X-.396 Y5.14 E.00097
G1 X-.682 Y5.11 E.01354
G1 X-.702 Y5.107 E.00097
G1 X-.986 Y5.06 E.01354
G1 X-1.006 Y5.056 E.00097
G1 X-1.287 Y4.992 E.01354
G1 X-1.307 Y4.987 E.00097
G1 X-1.583 Y4.906 E.01354
G1 X-1.603 Y4.9 E.00097
G1 X-1.874 Y4.803 E.01354
G1 X-1.893 Y4.795 E.00097
G1 X-2.158 Y4.682 E.01354
G1 X-2.176 Y4.673 E.00097
G1 X-2.434 Y4.545 E.01354
G1 X-2.452 Y4.535 E.00097
G1 X-2.701 Y4.391 E.01353
G1 X-2.719 Y4.38 E.00097
G1 X-2.959 Y4.221 E.01354
G1 X-2.976 Y4.21 E.00097
G1 X-3.206 Y4.037 E.01354
G1 X-3.222 Y4.024 E.00097
G1 X-3.271 Y3.983 E.00298
G1 X-3.442 Y3.838 E.01056
G1 X-3.457 Y3.824 E.00097
G1 X-3.665 Y3.625 E.01354
G1 X-3.68 Y3.611 E.00097
G1 X-3.875 Y3.4 E.01354
G1 X-3.889 Y3.384 E.00097
G1 X-3.929 Y3.335 E.00298
G1 X-4.072 Y3.162 E.01056
G1 X-4.084 Y3.145 E.00097
G1 X-4.134 Y3.077 E.00397
G1 X-5.532 Y3.077 E.06573
G1 X-5.367 Y3.358 E.01531
G1 X-5.362 Y3.367 E.00049
G1 X-5.148 Y3.685 E.01803
G1 X-5.142 Y3.694 E.00049
G1 X-4.909 Y3.999 E.01804
G1 X-4.902 Y4.007 E.00051
G1 X-4.638 Y4.31 E.01891
G1 X-4.631 Y4.317 E.00046
G1 X-4.375 Y4.577 E.01714
G1 X-4.368 Y4.584 E.00049
G1 X-4.082 Y4.84 E.01804
G1 X-4.074 Y4.846 E.00048
G1 X-3.773 Y5.084 E.01803
G1 X-3.765 Y5.09 E.00048
G1 X-3.45 Y5.309 E.01805
G1 X-3.441 Y5.315 E.00051
G1 X-3.096 Y5.522 E.01891
G1 X-3.087 Y5.527 E.00046
G1 X-2.764 Y5.696 E.01715
G1 X-2.755 Y5.701 E.00048
G1 X-2.405 Y5.857 E.01804
G1 X-2.395 Y5.861 E.00048
G1 X-2.036 Y5.995 E.01803
G1 X-2.026 Y5.998 E.00049
M73 P42 R2
G1 X-1.66 Y6.11 E.01803
G1 X-1.65 Y6.113 E.00048
G1 X-1.476 Y6.154 E.00841
G1 X1.486 Y6.154 E.13925
G1 X1.839 Y6.059 E.0172
G1 X1.849 Y6.056 E.00049
G1 X2.212 Y5.933 E.01803
G1 X2.222 Y5.929 E.00048
G1 X2.577 Y5.784 E.01804
G1 X2.586 Y5.779 E.00048
G1 X2.931 Y5.612 E.01804
G1 X2.94 Y5.607 E.00048
G1 X3.274 Y5.419 E.01804
G1 X3.283 Y5.414 E.00048
G1 X3.605 Y5.205 E.01803
G1 X3.613 Y5.199 E.00049
G1 X2.047 Y6.154 F30000
;HEIGHT:0.363333
G1 F2022
G1 X6.154 Y6.154 E.32954
G1 X6.154 Y3.077 E.2469
G1 X5.709 Y3.077 E.0357
G1 X5.792 Y2.925 E.01384
G1 X5.798 Y2.912 E.00122
G1 X5.962 Y2.559 E.03119
G1 X5.969 Y2.545 E.00128
G1 X6.116 Y2.165 E.03266
G1 X6.121 Y2.152 E.00116
G1 X6.154 Y2.048 E.00875
G1 X6.154 Y2.789 E.05942
;LAYER_CHANGE
;Z:2.4
;HEIGHT:0.02
;BEFORE_LAYER_CHANGE
;2.4
G1 E-1.2 F2100
;WIPE_START
G1 F6000
G1 X6.154 Y2.048
G1 X6.121 Y2.152
G1 X6.116 Y2.165
G1 X5.969 Y2.545
G1 X5.962 Y2.559
G1 X5.798 Y2.912
G1 X5.792 Y2.925
G1 X5.709 Y3.077
G1 X5.846 Y3.077
;WIPE_END
;AFTER_LAYER_CHANGE
;2.4
;_SET_FAN_SPEED_CHANGING_LAYER
G17
G3 Z2.8 I.467 J-1.124 P1  F30000
G1 X-2.433 Y-.367 Z2.8
G1 Z2.4
G1 E1.2 F2100
SET_VELOCITY_LIMIT ACCEL=5000
;TYPE:Inner wall
;HEIGHT:0.2
G1 F2022
G1 X-2.362 Y-.697 E.01588
G1 X-2.183 Y-1.152 E.023
G1 X-1.855 Y-1.626 E.02709
G1 X-1.548 Y-1.915 E.01984
G1 X-1.142 Y-2.188 E.023
G1 X-.603 Y-2.392 E.02709
G1 X-.186 Y-2.455 E.01984
G1 X.303 Y-2.449 E.023
G1 X.849 Y-2.315 E.02645
G1 X1.17 Y-2.17 E.01653
G1 X1.626 Y-1.855 E.02609
G1 X1.915 Y-1.548 E.01984
G1 X2.173 Y-1.164 E.02173
G1 X2.315 Y-.849 E.01626
G1 X2.451 Y-.298 E.02671
G1 X2.451 Y.27 E.02671
G1 X2.392 Y.59 E.01526
G1 X2.296 Y.899 E.01526
G1 X2.038 Y1.391 E.02609
G1 X1.767 Y1.714 E.01984
G1 X1.397 Y2.034 E.023
G1 X.875 Y2.308 E.02772
G1 X.298 Y2.451 E.02798
G1 X-.27 Y2.451 E.02671
G1 X-.59 Y2.392 E.01526
G1 X-.899 Y2.296 E.01526
G1 X-1.402 Y2.032 E.02671
G1 X-1.838 Y1.646 E.02736
G1 X-2.088 Y1.306 E.01984
G1 X-2.31 Y.87 E.023
G1 X-2.451 Y.298 E.02772
G1 X-2.451 Y-.284 E.02736
G1 X-2.44 Y-.331 E.00227
SET_VELOCITY_LIMIT ACCEL=10000
G1 X-1.869 Y-.245 F30000
SET_VELOCITY_LIMIT ACCEL=5000
;TYPE:Outer wall
G1 F2022
G1 X-1.808 Y-.529 E.01366
G1 X-1.67 Y-.879 E.01766
G1 X-1.415 Y-1.248 E.02108
G1 X-1.187 Y-1.462 E.01474
G1 X-.875 Y-1.672 E.01766
G1 X-.456 Y-1.831 E.02108
G1 X-.146 Y-1.878 E.01474
G1 X.229 Y-1.873 E.01766
G1 X.66 Y-1.767 E.02086
G1 X.885 Y-1.666 E.01159
G1 X1.248 Y-1.415 E.02073
G1 X1.462 Y-1.187 E.01474
G1 X1.667 Y-.883 E.01722
G1 X1.767 Y-.66 E.0115
G1 X1.874 Y-.227 E.02095
G1 X1.874 Y.218 E.02095
G1 X1.831 Y.451 E.01115
G1 X1.76 Y.678 E.01115
G1 X1.555 Y1.068 E.02073
G1 X1.355 Y1.309 E.01474
G1 X1.07 Y1.554 E.01766
G1 X.669 Y1.765 E.0213
G1 X.227 Y1.874 E.02139
G1 X-.218 Y1.874 E.02095
G1 X-.451 Y1.831 E.01115
G1 X-.678 Y1.76 E.01115
G1 X-1.072 Y1.553 E.02095
G1 X-1.409 Y1.255 E.02118
G1 X-1.595 Y1.002 E.01474
G1 X-1.765 Y.667 E.01766
G1 X-1.874 Y.227 E.0213
G1 X-1.874 Y-.21 E.02056
SET_VELOCITY_LIMIT ACCEL=10000
G1 E-1.2 F2100
;WIPE_START
G1 F7200
G1 X-1.808 Y-.529
G1 X-1.67 Y-.879
G1 X-1.415 Y-1.248
G1 X-1.187 Y-1.462
G1 X-.875 Y-1.672
G1 X-.725 Y-1.729
;WIPE_END
G1 X-2.005 Y2.514 Z2.8 F30000
G1 Z2.4
G1 E1.2 F2100
SET_VELOCITY_LIMIT ACCEL=5000
;TYPE:Inner wall
G1 F2022
G1 X-2.291 Y2.257 E.01809
G1 X-2.553 Y1.957 E.01871
G1 X-2.802 Y1.577 E.0214
G1 X-2.937 Y1.312 E.01397
G1 X-3.073 Y.948 E.01827
G1 X-3.164 Y.574 E.01809
G1 X-3.212 Y.179 E.01872
G1 X-3.203 Y-.276 E.0214
G1 X-3.165 Y-.571 E.01398
G1 X-3.073 Y-.948 E.01827
G1 X-2.938 Y-1.308 E.01809
G1 X-2.755 Y-1.661 E.01872
G1 X-2.553 Y-1.957 E.01685
G1 X-2.291 Y-2.257 E.01871
G1 X-2.005 Y-2.514 E.01809
G1 X-1.686 Y-2.739 E.01833
G1 X-1.449 Y-2.87 E.01274
G1 X-1.007 Y-3.055 E.02256
G1 X-.622 Y-3.155 E.01871
G1 X-.235 Y-3.208 E.01833
G1 X.332 Y-3.199 E.0267
G1 X.721 Y-3.135 E.01851
G1 X.982 Y-3.062 E.01274
G1 X1.427 Y-2.883 E.02256
G1 X1.772 Y-2.684 E.01871
G1 X2.079 Y-2.453 E.01809
G1 X2.361 Y-2.184 E.01833
G1 X2.536 Y-1.977 E.01274
G1 X2.708 Y-1.735 E.01397
G1 X2.898 Y-1.395 E.01827
G1 X3.043 Y-1.039 E.01809
G1 X3.149 Y-.656 E.01871
G1 X3.203 Y-.302 E.01685
G1 X3.215 Y.101 E.01896
G1 X3.194 Y.372 E.01274
G1 X3.147 Y.665 E.01398
G1 X3.042 Y1.044 E.01851
G1 X2.811 Y1.563 E.0267
G1 X2.602 Y1.89 E.01827
G1 X2.349 Y2.198 E.01871
G1 X1.925 Y2.577 E.02673
G1 X1.442 Y2.875 E.0267
G1 X1.08 Y3.03 E.01851
G1 X.821 Y3.109 E.01274
G1 X.531 Y3.172 E.01397
G1 X.131 Y3.214 E.01889
G1 X-.227 Y3.209 E.01685
G1 X-.622 Y3.155 E.01871
G1 X-1.007 Y3.055 E.01871
G1 X-1.536 Y2.826 E.02712
G1 X-1.975 Y2.534 E.0248
SET_VELOCITY_LIMIT ACCEL=10000
G1 X-2.377 Y2.956 F30000
SET_VELOCITY_LIMIT ACCEL=5000
;TYPE:Outer wall
G1 F2022
G1 X-2.703 Y2.663 E.02063
G1 X-3.004 Y2.317 E.02156
G1 X-3.306 Y1.859 E.02582
G1 X-3.466 Y1.544 E.01657
G1 X-3.626 Y1.118 E.0214
G1 X-3.733 Y.677 E.02134
G1 X-3.788 Y.222 E.02156
G1 X-3.779 Y-.327 E.02582
M73 P43 R2
G1 X-3.733 Y-.676 E.01657
G1 X-3.626 Y-1.118 E.0214
G1 X-3.466 Y-1.543 E.02134
G1 X-3.255 Y-1.95 E.02156
G1 X-3.005 Y-2.317 E.02091
G1 X-2.703 Y-2.663 E.02156
G1 X-2.366 Y-2.966 E.02134
G1 X-1.993 Y-3.229 E.02143
G1 X-1.708 Y-3.386 E.0153
G1 X-1.177 Y-3.607 E.02707
G1 X-.733 Y-3.723 E.02156
G1 X-.282 Y-3.784 E.02142
G1 X.043 Y-3.792 E.0153
G1 X.395 Y-3.774 E.01657
G1 X.846 Y-3.699 E.02149
G1 X1.159 Y-3.611 E.0153
G1 X1.693 Y-3.396 E.02707
G1 X2.09 Y-3.166 E.02156
G1 X2.453 Y-2.894 E.02134
G1 X2.783 Y-2.579 E.02142
G1 X2.992 Y-2.331 E.0153
G1 X3.197 Y-2.044 E.01657
G1 X3.418 Y-1.646 E.0214
G1 X3.591 Y-1.226 E.02134
G1 X3.712 Y-.784 E.02156
G1 X3.779 Y-.345 E.02091
G1 X3.793 Y.115 E.02164
G1 X3.767 Y.44 E.0153
G1 X3.712 Y.788 E.01657
G1 X3.59 Y1.228 E.02149
G1 X3.47 Y1.53 E.0153
G1 X3.315 Y1.847 E.01657
G1 X3.07 Y2.23 E.0214
G1 X2.778 Y2.584 E.02156
G1 X2.626 Y2.739 E.01024
G1 X2.274 Y3.037 E.02164
G1 X2.005 Y3.219 E.0153
G1 X1.698 Y3.393 E.01657
G1 X1.278 Y3.572 E.02149
G1 X.967 Y3.667 E.0153
G1 X.623 Y3.743 E.01657
G1 X.166 Y3.791 E.02162
G1 X-.279 Y3.784 E.02091
G1 X-.733 Y3.723 E.02156
G1 X-1.177 Y3.607 E.02156
G1 X-1.382 Y3.534 E.01024
G1 X-1.802 Y3.339 E.02178
G1 X-1.991 Y3.23 E.01024
G1 X-2.349 Y2.978 E.02058
SET_VELOCITY_LIMIT ACCEL=10000
G1 X-1.768 Y2.216 F30000
;TYPE:Gap infill
;WIDTH:0.219998
G1 F2022
G1 X-1.604 Y2.341 E.00298
G1 X-1.358 Y2.487 E.00413
G1 X-.892 Y2.694 E.00735
G1 X-.548 Y2.784 E.00513
G1 X-.312 Y2.822 E.00346
G1 X.333 Y2.821 E.0093
G1 X.724 Y2.739 E.00577
G1 X.998 Y2.661 E.00411
G1 X1.271 Y2.532 E.00434
G1 X1.697 Y2.275 E.00719
G1 X2.07 Y1.942 E.00721
G1 X2.343 Y1.605 E.00626
G1 X2.477 Y1.377 E.00382
G1 X2.684 Y.922 E.00721
G1 X2.777 Y.585 E.00505
G1 X2.823 Y.312 E.00399
G1 X2.822 Y-.333 E.0093
G1 X2.686 Y-.917 E.00866
G1 X2.502 Y-1.34 E.00664
G1 X2.213 Y-1.777 E.00756
G1 X1.863 Y-2.145 E.00733
G1 X1.346 Y-2.499 E.00904
G1 X.864 Y-2.701 E.00755
G1 X.341 Y-2.821 E.00774
G1 X-.207 Y-2.832 E.0079
G1 X-.706 Y-2.75 E.0073
G1 X-1.305 Y-2.524 E.00924
G1 X-1.777 Y-2.214 E.00815
G1 X-2.143 Y-1.862 E.00733
G1 X-2.506 Y-1.335 E.00924
G1 X-2.72 Y-.812 E.00815
G1 X-2.821 Y-.333 E.00707
G1 X-2.821 Y.333 E.0096
G1 X-2.709 Y.836 E.00744
G1 X-2.655 Y1.008 E.00261
G1 X-2.471 Y1.39 E.00611
G1 X-2.254 Y1.722 E.00572
G1 X-2.107 Y1.903 E.00337
G1 X-1.795 Y2.191 E.00613
;LAYER_CHANGE
;Z:2.58
;HEIGHT:0.18
;BEFORE_LAYER_CHANGE
;2.58
G1 E-1.2 F2100
;WIPE_START
G1 F9000
G1 X-1.604 Y2.341
G1 X-1.358 Y2.487
G1 X-.892 Y2.694
G1 X-.548 Y2.784
G1 X-.312 Y2.822
G1 X.055 Y2.821
;WIPE_END
;AFTER_LAYER_CHANGE
;2.58
;_SET_FAN_SPEED_CHANGING_LAYER
G17
G3 Z2.98 I-.009 J-1.217 P1  F30000
G1 X-3.851 Y2.85 Z2.98
G1 Z2.58
G1 E1.2 F2100
;TYPE:Support
;WIDTH:0.62
;HEIGHT:0.2
G1 F1548
G1 X-3.955 Y2.709 E.00825
G1 X-3.966 Y2.692 E.00097
G1 X-4.109 Y2.467 E.01252
G1 X-4.12 Y2.45 E.00097
G1 X-4.178 Y2.345 E.00561
G1 X-4.25 Y2.217 E.00691
G1 X-4.259 Y2.199 E.00097
G1 X-4.375 Y1.959 E.01252
G1 X-4.383 Y1.94 E.00098
G1 X-4.484 Y1.694 E.01251
G1 X-4.491 Y1.675 E.00097
G1 X-4.577 Y1.423 E.01252
G1 X-4.583 Y1.403 E.00097
G1 X-4.654 Y1.146 E.01252
G1 X-4.659 Y1.126 E.00097
G1 X-4.714 Y.866 E.01251
G1 X-4.718 Y.846 E.00097
G1 X-4.758 Y.582 E.01252
G1 X-4.76 Y.562 E.00097
G1 X-4.784 Y.297 E.01251
G1 X-4.785 Y.276 E.00097
G1 X-4.793 Y.01 E.01252
G1 X-4.793 Y0 E.00048
G1 X-6.154 Y0 E.064
G1 X-6.154 Y-3.077 E.1447
G1 X-3.673 Y-3.077 E.11668
G1 X-3.616 Y-3.146 E.00419
G1 X-3.603 Y-3.161 E.00097
G1 X-3.422 Y-3.357 E.01252
G1 X-3.407 Y-3.371 E.00097
G1 X-3.215 Y-3.555 E.01252
G1 X-3.2 Y-3.569 E.00097
G1 X-2.997 Y-3.741 E.01252
G1 X-2.98 Y-3.754 E.00097
G1 X-2.768 Y-3.914 E.01252
G1 X-2.751 Y-3.925 E.00097
G1 X-2.528 Y-4.072 E.01252
G1 X-2.511 Y-4.083 E.00097
G1 X-2.28 Y-4.216 E.01252
G1 X-2.262 Y-4.226 E.00097
G1 X-2.156 Y-4.279 E.00561
G1 X-2.024 Y-4.345 E.00691
G1 X-2.006 Y-4.354 E.00097
G1 X-1.761 Y-4.458 E.01252
G1 X-1.742 Y-4.466 E.00097
G1 X-1.491 Y-4.555 E.01252
G1 X-1.471 Y-4.562 E.00097
G1 X-1.216 Y-4.636 E.01252
G1 X-1.196 Y-4.642 E.00097
G1 X-.936 Y-4.701 E.01252
G1 X-.916 Y-4.705 E.00097
G1 X-.654 Y-4.748 E.01252
G1 X-.633 Y-4.751 E.00097
G1 X-.368 Y-4.779 E.01252
G1 X-.348 Y-4.781 E.00096
G1 X-.082 Y-4.793 E.01252
G1 X-.061 Y-4.793 E.00097
G1 X.058 Y-4.791 E.00561
G1 X.205 Y-4.789 E.00691
G1 X.225 Y-4.788 E.00097
G1 X.491 Y-4.768 E.01251
G1 X.511 Y-4.766 E.00097
G1 X.775 Y-4.73 E.01252
G1 X.795 Y-4.727 E.00097
G1 X1.057 Y-4.675 E.01252
G1 X1.077 Y-4.671 E.00097
G1 X1.334 Y-4.604 E.01251
G1 X1.354 Y-4.598 E.00097
G1 X1.468 Y-4.561 E.00561
G1 X1.607 Y-4.516 E.00691
G1 X1.627 Y-4.509 E.00097
G1 X1.874 Y-4.412 E.01252
G1 X1.893 Y-4.403 E.00097
G1 X2.135 Y-4.292 E.01252
G1 X2.153 Y-4.282 E.00097
G1 X2.388 Y-4.156 E.01252
G1 X2.406 Y-4.146 E.00097
G1 X2.632 Y-4.006 E.01252
G1 X2.649 Y-3.995 E.00097
G1 X2.867 Y-3.841 E.01251
G1 X2.883 Y-3.829 E.00097
G1 X3.091 Y-3.663 E.01252
G1 X3.107 Y-3.65 E.00097
G1 X3.305 Y-3.472 E.01252
G1 X3.32 Y-3.457 E.00097
G1 X3.507 Y-3.268 E.01252
G1 X3.521 Y-3.253 E.00097
G1 X3.674 Y-3.077 E.01097
G1 X6.154 Y-3.077 E.11662
G1 X6.154 Y-6.154 E.1447
G1 X-6.154 Y-6.154 E.5788
G1 E-1.2 F2100
M73 P44 R2
;WIPE_START
G1 F6000
G1 X-4.154 Y-6.154
;WIPE_END
G1 X2.901 Y-3.243 Z2.98 F30000
G1 X3.853 Y-2.85 Z2.98
G1 Z2.58
G1 E1.2 F2100
G1 F1548
G1 X3.872 Y-2.826 E.00147
G1 X3.884 Y-2.809 E.00097
G1 X4.034 Y-2.589 E.01252
G1 X4.045 Y-2.572 E.00097
G1 X4.181 Y-2.343 E.01252
G1 X4.191 Y-2.325 E.00097
G1 X4.314 Y-2.089 E.01252
G1 X4.323 Y-2.07 E.00097
G1 X4.431 Y-1.827 E.01253
G1 X4.439 Y-1.808 E.00096
G1 X4.533 Y-1.559 E.01252
G1 X4.539 Y-1.539 E.00097
G1 X4.618 Y-1.285 E.01251
G1 X4.623 Y-1.265 E.00097
G1 X4.686 Y-1.007 E.01252
G1 X4.691 Y-.987 E.00097
G1 X4.738 Y-.725 E.01252
G1 X4.741 Y-.704 E.00097
G1 X4.773 Y-.44 E.01252
G1 X4.775 Y-.419 E.00096
G1 X4.791 Y-.154 E.01252
G1 X4.791 Y-.133 E.00097
G1 X4.791 Y0 E.00626
G1 X6.154 Y0 E.06408
G1 X6.154 Y3.077 E.1447
G1 X3.674 Y3.077 E.11662
G1 X3.521 Y3.253 E.01096
G1 X3.507 Y3.268 E.00097
G1 X3.32 Y3.457 E.01252
G1 X3.305 Y3.472 E.00097
G1 X3.107 Y3.65 E.01252
G1 X3.091 Y3.663 E.00097
G1 X2.883 Y3.829 E.01252
G1 X2.867 Y3.841 E.00097
G1 X2.649 Y3.995 E.01252
G1 X2.632 Y4.006 E.00097
G1 X2.53 Y4.069 E.00561
G1 X2.406 Y4.146 E.00691
G1 X2.388 Y4.156 E.00097
G1 X2.153 Y4.282 E.01252
G1 X2.135 Y4.292 E.00097
G1 X1.893 Y4.403 E.01252
G1 X1.874 Y4.412 E.00097
G1 X1.627 Y4.509 E.01252
G1 X1.607 Y4.516 E.00097
G1 X1.354 Y4.598 E.01252
G1 X1.334 Y4.604 E.00097
G1 X1.219 Y4.634 E.00561
G1 X1.077 Y4.671 E.0069
G1 X1.057 Y4.675 E.00097
G1 X.795 Y4.727 E.01252
G1 X.775 Y4.73 E.00097
G1 X.511 Y4.766 E.01252
G1 X.491 Y4.768 E.00097
G1 X.225 Y4.788 E.01251
G1 X.205 Y4.789 E.00097
G1 X-.061 Y4.793 E.01252
G1 X-.082 Y4.793 E.00097
G1 X-.348 Y4.781 E.01252
G1 X-.368 Y4.779 E.00096
G1 X-.633 Y4.751 E.01252
G1 X-.654 Y4.748 E.00097
G1 X-.916 Y4.705 E.01252
G1 X-.936 Y4.701 E.00097
G1 X-1.196 Y4.642 E.01252
G1 X-1.216 Y4.636 E.00097
G1 X-1.471 Y4.562 E.01252
G1 X-1.491 Y4.555 E.00097
G1 X-1.742 Y4.466 E.01252
G1 X-1.761 Y4.458 E.00097
G1 X-2.006 Y4.354 E.01252
G1 X-2.024 Y4.345 E.00097
G1 X-2.262 Y4.226 E.01252
G1 X-2.28 Y4.216 E.00097
G1 X-2.511 Y4.083 E.01252
G1 X-2.528 Y4.072 E.00097
G1 X-2.751 Y3.925 E.01252
G1 X-2.767 Y3.914 E.00097
G1 X-2.98 Y3.754 E.01252
G1 X-2.997 Y3.741 E.00097
G1 X-3.2 Y3.569 E.01252
G1 X-3.215 Y3.555 E.00097
G1 X-3.407 Y3.371 E.01252
G1 X-3.422 Y3.357 E.00097
G1 X-3.603 Y3.161 E.01252
G1 X-3.616 Y3.146 E.00097
G1 X-3.673 Y3.077 E.00419
G1 X-6.154 Y3.077 E.11668
G1 X-6.154 Y6.154 E.1447
G1 X6.154 Y6.154 E.5788
;LAYER_CHANGE
;Z:2.6
;HEIGHT:0.02
;BEFORE_LAYER_CHANGE
;2.6
G1 E-1.2 F2100
;WIPE_START
G1 F6000
G1 X4.154 Y6.154
;WIPE_END
;AFTER_LAYER_CHANGE
;2.6
;_SET_FAN_SPEED_CHANGING_LAYER
G17
G3 Z3 I.851 J-.87 P1  F30000
G1 X-2.433 Y-.296 Z3
G1 Z2.6
G1 E1.2 F2100
SET_VELOCITY_LIMIT ACCEL=5000
;TYPE:Inner wall
;HEIGHT:0.2
G1 F1548
G1 X-2.397 Y-.591 E.01397
G1 X-2.186 Y-1.147 E.02798
G1 X-1.848 Y-1.637 E.02798
G1 X-1.423 Y-2.014 E.02671
G1 X-1.122 Y-2.195 E.01653
G1 X-.605 Y-2.392 E.026
G1 X-.2 Y-2.455 E.01928
G1 X.302 Y-2.45 E.0236
G1 X.849 Y-2.315 E.0265
G1 X1.17 Y-2.17 E.01652
G1 X1.637 Y-1.848 E.02671
G1 X2.014 Y-1.423 E.02671
G1 X2.181 Y-1.145 E.01526
G1 X2.315 Y-.849 E.01526
G1 X2.451 Y-.298 E.02671
G1 X2.451 Y.27 E.02671
G1 X2.392 Y.59 E.01526
G1 X2.296 Y.899 E.01526
G1 X2.039 Y1.389 E.026
G1 X1.777 Y1.705 E.01928
G1 X1.398 Y2.034 E.0236
G1 X.875 Y2.308 E.02777
M73 P45 R2
G1 X.298 Y2.451 E.02798
G1 X-.27 Y2.451 E.02671
G1 X-.59 Y2.392 E.01526
G1 X-.899 Y2.296 E.01526
G1 X-1.402 Y2.032 E.02671
G1 X-1.848 Y1.637 E.02798
G1 X-2.177 Y1.16 E.02728
G1 X-2.335 Y.781 E.01928
G1 X-2.444 Y.319 E.02232
G1 X-2.465 Y-.027 E.01631
G1 X-2.437 Y-.26 E.01104
SET_VELOCITY_LIMIT ACCEL=10000
G1 X-1.86 Y-.226 F30000
SET_VELOCITY_LIMIT ACCEL=5000
;TYPE:Outer wall
G1 F1548
G1 X-1.832 Y-.452 E.01068
G1 X-1.671 Y-.877 E.02139
G1 X-1.413 Y-1.251 E.02139
G1 X-1.079 Y-1.547 E.02095
G1 X-.868 Y-1.674 E.01159
G1 X-.457 Y-1.831 E.0207
G1 X-.158 Y-1.877 E.01421
G1 X.229 Y-1.873 E.0182
G1 X.66 Y-1.767 E.02087
G1 X.885 Y-1.666 E.01159
G1 X1.251 Y-1.413 E.02095
G1 X1.547 Y-1.079 E.02095
G1 X1.67 Y-.876 E.01115
G1 X1.767 Y-.66 E.01115
G1 X1.874 Y-.227 E.02095
G1 X1.874 Y.218 E.02095
G1 X1.831 Y.451 E.01115
G1 X1.76 Y.678 E.01115
G1 X1.556 Y1.067 E.0207
G1 X1.363 Y1.3 E.01421
G1 X1.071 Y1.554 E.0182
G1 X.669 Y1.765 E.02132
G1 X.227 Y1.874 E.02139
G1 X-.218 Y1.874 E.02095
G1 X-.451 Y1.831 E.01115
G1 X-.678 Y1.76 E.01115
G1 X-1.072 Y1.553 E.02095
G1 X-1.413 Y1.251 E.02139
G1 X-1.668 Y.881 E.02115
G1 X-1.785 Y.603 E.01421
G1 X-1.871 Y.235 E.01776
G1 X-1.886 Y-.009 E.01152
G1 X-1.864 Y-.19 E.00858
SET_VELOCITY_LIMIT ACCEL=10000
G1 E-1.2 F2100
;WIPE_START
G1 F7200
G1 X-1.832 Y-.452
G1 X-1.671 Y-.877
G1 X-1.413 Y-1.251
G1 X-1.079 Y-1.547
G1 X-.868 Y-1.674
G1 X-.742 Y-1.722
;WIPE_END
G1 X-1.857 Y2.337 Z3 F30000
G1 Z2.6
G1 E1.2 F2100
SET_VELOCITY_LIMIT ACCEL=5000
;TYPE:Inner wall
G1 F1548
G1 X-2.143 Y2.093 E.01766
G1 X-2.474 Y1.687 E.02465
G1 X-2.736 Y1.217 E.02529
G1 X-2.861 Y.883 E.01677
G1 X-2.949 Y.523 E.01741
G1 X-2.995 Y-.011 E.02523
G1 X-2.946 Y-.534 E.02471
G1 X-2.803 Y-1.053 E.02532
G1 X-2.578 Y-1.525 E.02458
G1 X-2.369 Y-1.832 E.01747
G1 X-2.126 Y-2.11 E.01738
G1 X-1.724 Y-2.448 E.02469
G1 X-1.419 Y-2.637 E.01686
G1 X-1.082 Y-2.793 E.01747
G1 X-.766 Y-2.895 E.0156
G1 X-.237 Y-2.986 E.02525
G1 X.134 Y-2.991 E.01747
G1 X.491 Y-2.954 E.01684
G1 X.84 Y-2.874 E.01684
G1 X1.189 Y-2.749 E.01747
G1 X1.486 Y-2.601 E.0156
G1 X1.937 Y-2.284 E.02592
G1 X2.195 Y-2.037 E.01677
G1 X2.422 Y-1.76 E.01686
G1 X2.693 Y-1.312 E.02462
G1 X2.834 Y-.968 E.01747
G1 X2.929 Y-.623 E.01684
G1 X2.993 Y-.103 E.02463
G1 X2.982 Y.268 E.01747
G1 X2.927 Y.636 E.01747
G1 X2.839 Y.955 E.0156
G1 X2.698 Y1.299 E.01747
G1 X2.431 Y1.75 E.02462
G1 X2.195 Y2.037 E.01747
G1 X1.927 Y2.293 E.01747
G1 X1.488 Y2.6 E.02517
G1 X1.011 Y2.819 E.02468
G1 X.666 Y2.919 E.01687
G1 X.3 Y2.98 E.01747
G1 X-.224 Y2.986 E.02463
G1 X-.579 Y2.938 E.01684
G1 X-1.082 Y2.793 E.02463
G1 X-1.419 Y2.637 E.01747
G1 X-1.733 Y2.442 E.01738
G1 X-1.83 Y2.36 E.00596
SET_VELOCITY_LIMIT ACCEL=10000
G1 X-2.236 Y2.786 F30000
SET_VELOCITY_LIMIT ACCEL=5000
;TYPE:Outer wall
G1 F1548
G1 X-2.548 Y2.504 E.01978
G1 X-2.687 Y2.354 E.00963
G1 X-2.952 Y2.012 E.02031
G1 X-3.173 Y1.642 E.02028
G1 X-3.268 Y1.443 E.01039
G1 X-3.414 Y1.053 E.01956
G1 X-3.516 Y.634 E.02029
G1 X-3.548 Y.415 E.01039
G1 X-3.573 Y-.004 E.01975
G1 X-3.565 Y-.225 E.01039
G1 X-3.515 Y-.638 E.01956
G1 X-3.413 Y-1.057 E.02029
G1 X-3.341 Y-1.266 E.01038
G1 X-3.169 Y-1.65 E.01978
G1 X-3.069 Y-1.828 E.00962
G1 X-2.826 Y-2.185 E.02031
G1 X-2.542 Y-2.51 E.02028
G1 X-2.382 Y-2.662 E.01039
G1 X-2.057 Y-2.921 E.01956
G1 X-1.693 Y-3.146 E.0201
G1 X-1.301 Y-3.327 E.02031
G1 X-.903 Y-3.457 E.01966
G1 X-.475 Y-3.541 E.02053
G1 X-.272 Y-3.562 E.00962
G1 X.16 Y-3.569 E.02031
G1 X.585 Y-3.524 E.02009
G1 X1.002 Y-3.429 E.02009
G1 X1.408 Y-3.283 E.02031
G1 X1.782 Y-3.096 E.01966
G1 X2.146 Y-2.856 E.0205
G1 X2.318 Y-2.718 E.01038
G1 X2.619 Y-2.43 E.01956
G1 X2.89 Y-2.1 E.0201
G1 X3.123 Y-1.736 E.02031
G1 X3.217 Y-1.554 E.00962
G1 X3.381 Y-1.155 E.02031
G1 X3.494 Y-.743 E.02009
G1 X3.559 Y-.316 E.02031
G1 X3.571 Y-.112 E.00962
G1 X3.558 Y.32 E.02031
G1 X3.494 Y.747 E.02031
G1 X3.382 Y1.15 E.01966
G1 X3.219 Y1.55 E.02031
G1 X3.008 Y1.927 E.02031
G1 X2.893 Y2.096 E.00962
G1 X2.619 Y2.43 E.02031
G1 X2.307 Y2.728 E.02031
G1 X2.147 Y2.856 E.00962
G1 X1.783 Y3.096 E.0205
G1 X1.588 Y3.2 E.01039
G1 X1.205 Y3.363 E.01956
G1 X.795 Y3.483 E.0201
G1 X.369 Y3.554 E.02031
G1 X.165 Y3.569 E.00962
G1 X-.267 Y3.562 E.02031
G1 X-.69 Y3.505 E.02009
G1 X-1.108 Y3.396 E.02031
G1 X-1.301 Y3.327 E.00962
G1 X-1.693 Y3.146 E.02031
G1 X-2.06 Y2.919 E.02028
G1 X-2.207 Y2.808 E.00869
;LAYER_CHANGE
;Z:2.78
;HEIGHT:0.18
;BEFORE_LAYER_CHANGE
;2.78
G1 E-1.2 F2100
;WIPE_START
G1 F7200
M73 P46 R2
G1 X-2.548 Y2.504
G1 X-2.687 Y2.354
G1 X-2.952 Y2.012
G1 X-3.173 Y1.642
G1 X-3.268 Y1.443
G1 X-3.357 Y1.204
;WIPE_END
;AFTER_LAYER_CHANGE
;2.78
;_SET_FAN_SPEED_CHANGING_LAYER
SET_VELOCITY_LIMIT ACCEL=10000
G17
G3 Z3.18 I-1.207 J-.153 P1  F30000
G1 X-3.566 Y2.858 Z3.18
G1 Z2.78
G1 E1.2 F2100
;TYPE:Support
;HEIGHT:0.2
G1 F1530
G1 X-3.61 Y2.805 E.00324
G1 X-3.623 Y2.788 E.00097
G1 X-3.771 Y2.584 E.01189
G1 X-3.783 Y2.567 E.00097
G1 X-3.919 Y2.354 E.01189
G1 X-3.93 Y2.336 E.00097
G1 X-4.053 Y2.114 E.01193
G1 X-4.063 Y2.095 E.00103
G1 X-4.179 Y1.852 E.01267
G1 X-4.187 Y1.834 E.00091
G1 X-4.276 Y1.616 E.01107
G1 X-4.284 Y1.597 E.00097
G1 X-4.365 Y1.357 E.01189
G1 X-4.371 Y1.338 E.00097
G1 X-4.439 Y1.094 E.0119
G1 X-4.444 Y1.074 E.00097
G1 X-4.496 Y.826 E.01192
G1 X-4.5 Y.804 E.00104
G1 X-4.539 Y.537 E.01267
G1 X-4.542 Y.518 E.00091
G1 X-4.563 Y.284 E.01108
G1 X-4.564 Y.263 E.00097
G1 X-4.572 Y.01 E.01193
G1 X-4.572 Y0 E.00045
G1 X-6.154 Y0 E.07442
G1 X-6.154 Y-3.077 E.1447
G1 X-3.379 Y-3.077 E.13051
G1 X-3.263 Y-3.202 E.00798
G1 X-3.248 Y-3.217 E.00104
G1 X-3.052 Y-3.403 E.01266
G1 X-3.038 Y-3.415 E.0009
G1 X-2.858 Y-3.568 E.01108
G1 X-2.842 Y-3.581 E.00097
G1 X-2.64 Y-3.732 E.01189
G1 X-2.623 Y-3.744 E.00097
G1 X-2.412 Y-3.883 E.0119
G1 X-2.394 Y-3.894 E.00097
G1 X-2.175 Y-4.021 E.01189
G1 X-2.157 Y-4.031 E.00097
G1 X-1.931 Y-4.144 E.01189
G1 X-1.912 Y-4.152 E.00097
G1 X-1.68 Y-4.252 E.01189
G1 X-1.661 Y-4.259 E.00097
G1 X-1.423 Y-4.345 E.01189
G1 X-1.403 Y-4.351 E.00097
G1 X-1.16 Y-4.422 E.01189
G1 X-1.14 Y-4.427 E.00097
G1 X-.894 Y-4.483 E.0119
G1 X-.873 Y-4.487 E.00097
G1 X-.624 Y-4.529 E.01189
G1 X-.603 Y-4.532 E.00097
G1 X-.351 Y-4.558 E.01193
G1 X-.329 Y-4.56 E.00103
G1 X-.06 Y-4.571 E.01267
G1 X-.041 Y-4.571 E.0009
G1 X.195 Y-4.567 E.01108
G1 X.215 Y-4.566 E.00097
G1 X.468 Y-4.548 E.01189
G1 X.488 Y-4.545 E.00097
G1 X.739 Y-4.511 E.01189
G1 X.759 Y-4.508 E.00097
G1 X1.007 Y-4.459 E.01189
G1 X1.027 Y-4.455 E.00097
G1 X1.272 Y-4.391 E.01189
G1 X1.292 Y-4.385 E.00097
G1 X1.532 Y-4.307 E.0119
G1 X1.552 Y-4.3 E.00097
G1 X1.787 Y-4.208 E.01189
G1 X1.806 Y-4.2 E.00097
G1 X2.036 Y-4.093 E.01189
G1 X2.054 Y-4.084 E.00097
G1 X2.277 Y-3.964 E.01189
G1 X2.295 Y-3.954 E.00097
G1 X2.51 Y-3.821 E.01189
G1 X2.527 Y-3.81 E.00097
G1 X2.734 Y-3.664 E.01192
G1 X2.752 Y-3.65 E.00103
G1 X2.962 Y-3.482 E.01267
G1 X2.977 Y-3.469 E.0009
G1 X3.152 Y-3.311 E.01108
G1 X3.167 Y-3.297 E.00097
G1 X3.344 Y-3.117 E.01189
G1 X3.358 Y-3.102 E.00097
G1 X3.38 Y-3.077 E.00155
G1 X6.154 Y-3.077 E.13046
G1 X6.154 Y-6.154 E.1447
G1 X-6.154 Y-6.154 E.5788
G1 E-1.2 F2100
;WIPE_START
G1 F6000
G1 X-4.154 Y-6.154
;WIPE_END
G1 X2.865 Y-3.157 Z3.18 F30000
G1 X3.567 Y-2.858 Z3.18
G1 Z2.78
G1 E1.2 F2100
G1 F1530
G1 X3.692 Y-2.695 E.00964
G1 X3.705 Y-2.679 E.00097
G1 X3.847 Y-2.47 E.01189
G1 X3.858 Y-2.452 E.00097
G1 X3.988 Y-2.235 E.01189
G1 X3.998 Y-2.217 E.00097
G1 X4.115 Y-1.992 E.01193
G1 X4.124 Y-1.972 E.00103
G1 X4.233 Y-1.726 E.01267
G1 X4.24 Y-1.708 E.0009
G1 X4.323 Y-1.487 E.01108
G1 X4.329 Y-1.468 E.00097
G1 X4.404 Y-1.226 E.01189
G1 X4.41 Y-1.206 E.00097
G1 X4.469 Y-.961 E.01189
G1 X4.474 Y-.941 E.00097
G1 X4.519 Y-.692 E.0119
G1 X4.522 Y-.671 E.00097
G1 X4.552 Y-.42 E.0119
G1 X4.554 Y-.4 E.00096
G1 X4.569 Y-.147 E.01189
G1 X4.57 Y-.126 E.00097
G1 X4.57 Y0 E.00595
G1 X6.154 Y0 E.07451
G1 X6.154 Y3.077 E.1447
G1 X3.38 Y3.077 E.13046
G1 X3.358 Y3.102 E.00155
G1 X3.344 Y3.117 E.00097
G1 X3.167 Y3.297 E.01189
G1 X3.152 Y3.311 E.00097
G1 X2.964 Y3.481 E.01189
G1 X2.948 Y3.494 E.00097
G1 X2.75 Y3.652 E.01189
G1 X2.734 Y3.664 E.00097
G1 X2.527 Y3.81 E.01189
G1 X2.51 Y3.821 E.00097
G1 X2.294 Y3.954 E.01193
G1 X2.275 Y3.965 E.00103
G1 X2.037 Y4.092 E.01268
G1 X2.02 Y4.101 E.0009
G1 X1.806 Y4.2 E.01108
G1 X1.787 Y4.208 E.00097
G1 X1.552 Y4.3 E.0119
G1 X1.532 Y4.307 E.00097
G1 X1.292 Y4.385 E.01189
G1 X1.272 Y4.391 E.00097
G1 X1.027 Y4.455 E.01189
G1 X1.007 Y4.459 E.00097
G1 X.759 Y4.508 E.01189
G1 X.739 Y4.511 E.00097
G1 X.488 Y4.545 E.0119
G1 X.467 Y4.548 E.00097
G1 X.215 Y4.566 E.01189
G1 X.195 Y4.567 E.00097
G1 X-.058 Y4.571 E.01189
G1 X-.079 Y4.571 E.00097
G1 X-.331 Y4.56 E.01189
G1 X-.352 Y4.558 E.00096
G1 X-.603 Y4.532 E.0119
G1 X-.624 Y4.529 E.00097
G1 X-.874 Y4.487 E.01193
G1 X-.896 Y4.483 E.00103
G1 X-1.158 Y4.422 E.01267
G1 X-1.177 Y4.417 E.0009
G1 X-1.403 Y4.351 E.01108
G1 X-1.422 Y4.345 E.00097
G1 X-1.661 Y4.259 E.01189
G1 X-1.68 Y4.252 E.00097
G1 X-1.912 Y4.152 E.01189
G1 X-1.931 Y4.144 E.00097
G1 X-2.157 Y4.031 E.0119
G1 X-2.175 Y4.021 E.00097
G1 X-2.394 Y3.894 E.01189
G1 X-2.412 Y3.883 E.00097
G1 X-2.624 Y3.744 E.01193
G1 X-2.642 Y3.731 E.00103
G1 X-2.856 Y3.569 E.01267
G1 X-2.872 Y3.557 E.0009
M73 P47 R2
G1 X-3.051 Y3.404 E.01108
G1 X-3.067 Y3.39 E.00097
G1 X-3.249 Y3.216 E.01189
G1 X-3.264 Y3.201 E.00097
G1 X-3.379 Y3.077 E.00795
G1 X-6.154 Y3.077 E.13051
G1 X-6.154 Y6.154 E.1447
G1 X6.154 Y6.154 E.5788
;LAYER_CHANGE
;Z:2.8
;HEIGHT:0.02
;BEFORE_LAYER_CHANGE
;2.8
G1 E-1.2 F2100
;WIPE_START
G1 F6000
G1 X4.154 Y6.154
;WIPE_END
;AFTER_LAYER_CHANGE
;2.8
;_SET_FAN_SPEED_CHANGING_LAYER
G17
G3 Z3.2 I.857 J-.864 P1  F30000
G1 X-2.43 Y-.379 Z3.2
G1 Z2.8
G1 E1.2 F2100
SET_VELOCITY_LIMIT ACCEL=5000
;TYPE:Inner wall
;HEIGHT:0.2
G1 F1530
G1 X-2.315 Y-.849 E.02275
G1 X-2.17 Y-1.17 E.01653
G1 X-1.863 Y-1.615 E.02544
G1 X-1.615 Y-1.863 E.01652
G1 X-1.147 Y-2.186 E.02671
G1 X-.607 Y-2.391 E.02718
G1 X-.214 Y-2.454 E.01872
G1 X.301 Y-2.45 E.0242
G1 X.849 Y-2.315 E.02654
G1 X1.17 Y-2.17 E.01653
G1 X1.615 Y-1.863 E.02544
G1 X1.863 Y-1.615 E.01652
G1 X2.17 Y-1.17 E.02544
G1 X2.315 Y-.849 E.01653
G1 X2.451 Y-.298 E.02671
G1 X2.451 Y.27 E.02671
G1 X2.392 Y.59 E.01526
G1 X2.296 Y.899 E.01526
G1 X2.04 Y1.387 E.02591
G1 X1.787 Y1.695 E.01872
G1 X1.399 Y2.033 E.0242
G1 X.875 Y2.308 E.02782
G1 X.298 Y2.451 E.02798
G1 X-.27 Y2.451 E.02671
G1 X-.59 Y2.392 E.01526
G1 X-.899 Y2.296 E.01526
G1 X-1.402 Y2.032 E.02671
G1 X-1.848 Y1.637 E.02799
G1 X-2.176 Y1.161 E.02718
G1 X-2.331 Y.795 E.01872
G1 X-2.451 Y.294 E.0242
G1 X-2.451 Y-.298 E.02782
G1 X-2.439 Y-.344 E.00227
SET_VELOCITY_LIMIT ACCEL=10000
G1 X-1.87 Y-.241 F30000
SET_VELOCITY_LIMIT ACCEL=5000
;TYPE:Outer wall
G1 F1530
G1 X-1.767 Y-.66 E.02028
G1 X-1.666 Y-.885 E.01159
G1 X-1.418 Y-1.244 E.0205
G1 X-1.244 Y-1.418 E.01159
G1 X-.877 Y-1.671 E.02095
G1 X-.457 Y-1.83 E.02111
G1 X-.17 Y-1.876 E.01368
G1 X.229 Y-1.873 E.01874
G1 X.66 Y-1.767 E.02089
G1 X.885 Y-1.666 E.01159
G1 X1.244 Y-1.418 E.0205
G1 X1.418 Y-1.244 E.01159
G1 X1.666 Y-.885 E.0205
G1 X1.767 Y-.66 E.01159
G1 X1.874 Y-.227 E.02095
G1 X1.874 Y.218 E.02095
G1 X1.831 Y.451 E.01115
G1 X1.76 Y.678 E.01115
G1 X1.556 Y1.067 E.02067
G1 X1.371 Y1.292 E.01368
G1 X1.071 Y1.554 E.01874
G1 X.669 Y1.765 E.02134
G1 X.227 Y1.874 E.02139
G1 X-.218 Y1.874 E.02095
G1 X-.451 Y1.831 E.01115
G1 X-.678 Y1.76 E.01115
G1 X-1.072 Y1.553 E.02095
G1 X-1.413 Y1.252 E.02139
G1 X-1.668 Y.882 E.02112
G1 X-1.781 Y.614 E.01368
G1 X-1.874 Y.226 E.01874
G1 X-1.874 Y-.206 E.02031
SET_VELOCITY_LIMIT ACCEL=10000
G1 E-1.2 F2100
;WIPE_START
G1 F7200
G1 X-1.767 Y-.66
G1 X-1.666 Y-.885
G1 X-1.418 Y-1.244
G1 X-1.244 Y-1.418
G1 X-.877 Y-1.671
G1 X-.729 Y-1.727
;WIPE_END
G1 X-1.764 Y2.234 Z3.2 F30000
G1 Z2.8
G1 E1.2 F2100
SET_VELOCITY_LIMIT ACCEL=5000
;TYPE:Inner wall
G1 F1530
G1 X-2.027 Y1.997 E.01663
G1 X-2.26 Y1.731 E.01663
G1 X-2.529 Y1.306 E.02363
G1 X-2.718 Y.842 E.02357
G1 X-2.801 Y.503 E.01643
G1 X-2.832 Y.271 E.01098
G1 X-2.846 Y-.002 E.01287
G1 X-2.835 Y-.239 E.01115
G1 X-2.801 Y-.505 E.01261
G1 X-2.719 Y-.839 E.01617
G1 X-2.598 Y-1.163 E.01626
G1 X-2.493 Y-1.371 E.01098
G1 X-2.26 Y-1.731 E.02015
G1 X-2.027 Y-1.997 E.01663
G1 X-1.764 Y-2.234 E.01663
G1 X-1.349 Y-2.506 E.02337
G1 X-1.035 Y-2.651 E.01626
G1 X-.814 Y-2.726 E.01098
M73 P48 R2
G1 X-.553 Y-2.792 E.01261
G1 X-.207 Y-2.839 E.01643
G1 X.294 Y-2.831 E.02357
G1 X.633 Y-2.774 E.01617
G1 X.973 Y-2.675 E.01663
G1 X1.428 Y-2.462 E.02363
G1 X1.838 Y-2.173 E.02357
G1 X2.086 Y-1.936 E.01617
G1 X2.311 Y-1.662 E.01663
G1 X2.518 Y-1.325 E.01861
G1 X2.634 Y-1.078 E.01287
G1 X2.783 Y-.595 E.02374
G1 X2.834 Y-.255 E.01617
G1 X2.845 Y.091 E.01626
G1 X2.827 Y.323 E.01098
G1 X2.785 Y.588 E.01261
G1 X2.692 Y.925 E.01643
G1 X2.487 Y1.383 E.02357
G1 X2.302 Y1.673 E.01617
G1 X2.078 Y1.946 E.01663
G1 X1.703 Y2.281 E.02363
G1 X1.276 Y2.544 E.02357
G1 X.955 Y2.681 E.01643
G1 X.732 Y2.749 E.01098
G1 X.47 Y2.807 E.01261
G1 X.114 Y2.844 E.0168
G1 X-.199 Y2.84 E.01476
G1 X-.55 Y2.792 E.01663
G1 X-.885 Y2.705 E.01626
G1 X-1.346 Y2.508 E.02357
G1 X-1.734 Y2.254 E.02185
SET_VELOCITY_LIMIT ACCEL=10000
G1 X-2.131 Y2.68 F30000
SET_VELOCITY_LIMIT ACCEL=5000
;TYPE:Outer wall
G1 F1530
G1 X-2.439 Y2.403 E.01948
G1 X-2.712 Y2.091 E.01948
G1 X-3.04 Y1.576 E.02874
G1 X-3.16 Y1.314 E.01353
G1 X-3.271 Y1.01 E.01521
G1 X-3.369 Y.61 E.0194
G1 X-3.407 Y.324 E.01353
G1 X-3.424 Y-.001 E.0153
G1 X-3.41 Y-.289 E.01359
G1 X-3.369 Y-.61 E.01521
G1 X-3.272 Y-1.009 E.01932
G1 X-3.127 Y-1.394 E.01935
G1 X-2.998 Y-1.651 E.01353
G1 X-2.712 Y-2.091 E.02467
G1 X-2.439 Y-2.403 E.01948
G1 X-2.131 Y-2.68 E.01948
G1 X-1.622 Y-3.015 E.02865
G1 X-1.249 Y-3.188 E.01935
G1 X-.977 Y-3.28 E.01353
G1 X-.663 Y-3.359 E.01522
G1 X-.254 Y-3.415 E.0194
G1 X.034 Y-3.422 E.01353
G1 X.357 Y-3.405 E.01521
G1 X.762 Y-3.338 E.01932
G1 X1.159 Y-3.222 E.01948
G1 X1.714 Y-2.964 E.02874
G1 X1.956 Y-2.809 E.01353
G1 X2.213 Y-2.613 E.01521
G1 X2.51 Y-2.329 E.01931
G1 X2.773 Y-2.009 E.01948
G1 X3.03 Y-1.592 E.02302
G1 X3.169 Y-1.298 E.0153
G1 X3.265 Y-1.026 E.01359
G1 X3.349 Y-.713 E.01521
G1 X3.41 Y-.307 E.01932
G1 X3.422 Y.104 E.01935
G1 X3.4 Y.391 E.01353
G1 X3.349 Y.711 E.01521
G1 X3.24 Y1.108 E.01941
G1 X3.134 Y1.376 E.01353
G1 X2.991 Y1.666 E.01521
G1 X2.77 Y2.013 E.01932
G1 X2.507 Y2.332 E.01948
G1 X2.052 Y2.741 E.02874
G1 X1.814 Y2.902 E.01353
G1 X1.533 Y3.062 E.01521
G1 X1.153 Y3.224 E.01941
G1 X.878 Y3.308 E.01353
G1 X.562 Y3.377 E.01521
G1 X.149 Y3.421 E.01953
G1 X-.251 Y3.415 E.01882
G1 X-.662 Y3.359 E.01948
G1 X-1.06 Y3.256 E.01935
G1 X-1.329 Y3.154 E.01353
G1 X-1.621 Y3.016 E.01521
G1 X-2.101 Y2.7 E.02701
;LAYER_CHANGE
;Z:2.98
;HEIGHT:0.18
;BEFORE_LAYER_CHANGE
;2.98
G1 E-1.2 F2100
;WIPE_START
G1 F7200
G1 X-2.439 Y2.403
G1 X-2.712 Y2.091
G1 X-3.04 Y1.576
G1 X-3.16 Y1.314
G1 X-3.242 Y1.091
;WIPE_END
;AFTER_LAYER_CHANGE
;2.98
;_SET_FAN_SPEED_CHANGING_LAYER
SET_VELOCITY_LIMIT ACCEL=10000
G17
G3 Z3.38 I-1.214 J-.088 P1  F30000
G1 X-3.37 Y2.863 Z3.38
G1 Z2.98
G1 E1.2 F2100
;TYPE:Support
;HEIGHT:0.2
G1 F1343
G1 X-3.493 Y2.714 E.00909
G1 X-3.505 Y2.697 E.00097
G1 X-3.649 Y2.5 E.01148
G1 X-3.66 Y2.483 E.00097
G1 X-3.792 Y2.277 E.01147
G1 X-3.802 Y2.26 E.00097
G1 X-3.921 Y2.047 E.01148
G1 X-3.931 Y2.028 E.00097
G1 X-4.036 Y1.808 E.01148
G1 X-4.045 Y1.789 E.00098
G1 X-4.084 Y1.694 E.00487
G1 X-4.137 Y1.564 E.0066
G1 X-4.145 Y1.544 E.00097
G1 X-4.223 Y1.314 E.01148
G1 X-4.229 Y1.294 E.00097
G1 X-4.294 Y1.059 E.01148
G1 X-4.299 Y1.039 E.00097
G1 X-4.35 Y.8 E.01147
G1 X-4.354 Y.78 E.00097
G1 X-4.39 Y.538 E.01148
G1 X-4.393 Y.518 E.00097
G1 X-4.402 Y.415 E.00487
G1 X-4.414 Y.275 E.0066
G1 X-4.416 Y.254 E.00097
G1 X-4.423 Y.01 E.01148
G1 X-4.423 Y0 E.00048
G1 X-6.154 Y0 E.08141
G1 X-6.154 Y-3.077 E.1447
G1 X-3.176 Y-3.077 E.14004
G1 X-3.158 Y-3.097 E.00126
G1 X-3.144 Y-3.111 E.00097
G1 X-2.967 Y-3.28 E.01148
G1 X-2.952 Y-3.294 E.00097
G1 X-2.766 Y-3.452 E.01148
G1 X-2.75 Y-3.464 E.00097
G1 X-2.554 Y-3.611 E.01147
G1 X-2.538 Y-3.623 E.00097
G1 X-2.334 Y-3.757 E.01148
G1 X-2.316 Y-3.768 E.00097
G1 X-2.105 Y-3.89 E.01148
G1 X-2.087 Y-3.9 E.00097
G1 X-1.869 Y-4.009 E.01148
G1 X-1.85 Y-4.018 E.00097
G1 X-1.625 Y-4.113 E.01148
G1 X-1.606 Y-4.121 E.00097
G1 X-1.377 Y-4.203 E.01148
G1 X-1.357 Y-4.21 E.00097
G1 X-1.257 Y-4.239 E.00488
G1 X-1.123 Y-4.278 E.00659
G1 X-1.103 Y-4.283 E.00097
G1 X-.865 Y-4.338 E.01148
G1 X-.845 Y-4.342 E.00097
G1 X-.604 Y-4.382 E.01147
G1 X-.584 Y-4.384 E.00097
G1 X-.341 Y-4.41 E.01148
G1 X-.32 Y-4.411 E.00096
G1 X-.076 Y-4.422 E.01148
G1 X-.056 Y-4.423 E.00097
G1 X.048 Y-4.421 E.00488
G1 X.188 Y-4.419 E.0066
G1 X.209 Y-4.418 E.00097
G1 X.452 Y-4.4 E.01147
G1 X.473 Y-4.398 E.00097
G1 X.714 Y-4.365 E.01148
G1 X.735 Y-4.362 E.00097
G1 X.974 Y-4.314 E.01148
G1 X.994 Y-4.31 E.00097
G1 X1.23 Y-4.248 E.01147
G1 X1.25 Y-4.243 E.00097
G1 X1.482 Y-4.167 E.01148
G1 X1.502 Y-4.16 E.00097
G1 X1.729 Y-4.071 E.01148
G1 X1.748 Y-4.063 E.00097
G1 X1.969 Y-3.96 E.01147
G1 X1.988 Y-3.951 E.00097
G1 X2.203 Y-3.836 E.01148
G1 X2.22 Y-3.825 E.00097
G1 X2.428 Y-3.697 E.01148
G1 X2.445 Y-3.686 E.00097
G1 X2.53 Y-3.626 E.00488
G1 X2.645 Y-3.545 E.0066
G1 X2.661 Y-3.533 E.00097
G1 X2.852 Y-3.381 E.01148
G1 X2.868 Y-3.367 E.00097
G1 X3.049 Y-3.204 E.01148
G1 X3.064 Y-3.19 E.00097
G1 X3.175 Y-3.077 E.00744
G1 X6.154 Y-3.077 E.14009
G1 X6.154 Y-6.154 E.1447
G1 X-6.154 Y-6.154 E.5788
M73 P49 R2
G1 E-1.2 F2100
;WIPE_START
G1 F6000
G1 X-4.154 Y-6.154
;WIPE_END
G1 X2.839 Y-3.096 Z3.38 F30000
G1 X3.369 Y-2.864 Z3.38
G1 Z2.98
G1 E1.2 F2100
G1 F1343
G1 X3.41 Y-2.817 E.00291
G1 X3.423 Y-2.801 E.00097
G1 X3.572 Y-2.608 E.01147
G1 X3.584 Y-2.591 E.00097
G1 X3.722 Y-2.39 E.01148
G1 X3.733 Y-2.372 E.00097
G1 X3.858 Y-2.163 E.01148
G1 X3.868 Y-2.145 E.00097
G1 X3.916 Y-2.053 E.00488
G1 X3.98 Y-1.928 E.0066
G1 X3.989 Y-1.91 E.00097
G1 X4.089 Y-1.687 E.01148
G1 X4.096 Y-1.668 E.00096
G1 X4.182 Y-1.439 E.01148
G1 X4.189 Y-1.42 E.00097
G1 X4.219 Y-1.321 E.00488
G1 X4.261 Y-1.187 E.00659
G1 X4.266 Y-1.167 E.00097
G1 X4.324 Y-.93 E.01147
G1 X4.328 Y-.91 E.00097
G1 X4.372 Y-.669 E.01148
G1 X4.375 Y-.649 E.00097
G1 X4.404 Y-.407 E.01148
G1 X4.406 Y-.386 E.00096
G1 X4.421 Y-.143 E.01148
G1 X4.421 Y-.122 E.00097
G1 X4.421 Y0 E.00574
G1 X6.154 Y0 E.08149
G1 X6.154 Y3.077 E.1447
G1 X3.175 Y3.077 E.14009
G1 X3.064 Y3.19 E.00744
G1 X3.049 Y3.204 E.00097
G1 X2.868 Y3.367 E.01148
G1 X2.852 Y3.381 E.00097
G1 X2.661 Y3.533 E.01148
G1 X2.645 Y3.545 E.00097
G1 X2.445 Y3.686 E.01147
G1 X2.428 Y3.697 E.00097
G1 X2.34 Y3.751 E.00488
G1 X2.22 Y3.825 E.0066
G1 X2.203 Y3.836 E.00097
G1 X1.988 Y3.951 E.01148
G1 X1.969 Y3.96 E.00097
G1 X1.748 Y4.063 E.01148
G1 X1.729 Y4.071 E.00097
G1 X1.502 Y4.16 E.01148
G1 X1.482 Y4.167 E.00097
G1 X1.25 Y4.243 E.01148
G1 X1.23 Y4.248 E.00097
G1 X1.13 Y4.274 E.00488
G1 X.994 Y4.31 E.0066
G1 X.974 Y4.314 E.00097
G1 X.735 Y4.362 E.01147
G1 X.714 Y4.365 E.00097
G1 X.473 Y4.398 E.01148
G1 X.452 Y4.4 E.00097
G1 X.209 Y4.418 E.01147
G1 X.188 Y4.419 E.00097
G1 X-.056 Y4.423 E.01148
G1 X-.076 Y4.422 E.00097
G1 X-.32 Y4.411 E.01147
G1 X-.341 Y4.41 E.00096
G1 X-.584 Y4.384 E.01148
G1 X-.604 Y4.382 E.00097
G1 X-.845 Y4.342 E.01148
G1 X-.865 Y4.338 E.00097
G1 X-1.103 Y4.283 E.01148
G1 X-1.123 Y4.278 E.00097
G1 X-1.357 Y4.21 E.01148
G1 X-1.377 Y4.203 E.00097
G1 X-1.606 Y4.121 E.01147
G1 X-1.625 Y4.113 E.00097
G1 X-1.721 Y4.073 E.00488
G1 X-1.85 Y4.018 E.0066
G1 X-1.869 Y4.009 E.00097
G1 X-2.087 Y3.9 E.01148
G1 X-2.105 Y3.89 E.00097
G1 X-2.316 Y3.768 E.01147
G1 X-2.334 Y3.757 E.00097
G1 X-2.538 Y3.623 E.01148
G1 X-2.554 Y3.611 E.00097
G1 X-2.75 Y3.464 E.01148
G1 X-2.766 Y3.452 E.00097
G1 X-2.952 Y3.294 E.01148
G1 X-2.967 Y3.28 E.00097
G1 X-3.144 Y3.111 E.01148
G1 X-3.158 Y3.097 E.00097
G1 X-3.176 Y3.077 E.00126
G1 X-6.154 Y3.077 E.14004
G1 X-6.154 Y6.154 E.1447
G1 X6.154 Y6.154 E.5788
;LAYER_CHANGE
;Z:3
;HEIGHT:0.02
;BEFORE_LAYER_CHANGE
;3
G1 E-1.2 F2100
;WIPE_START
G1 F6000
G1 X4.154 Y6.154
;WIPE_END
;AFTER_LAYER_CHANGE
;3
;_SET_FAN_SPEED_CHANGING_LAYER
G17
G3 Z3.4 I.885 J-.835 P1  F30000
G1 X-1.861 Y-.22 Z3.4
M73 P50 R2
G1 Z3
G1 E1.2 F2100
SET_VELOCITY_LIMIT ACCEL=5000
;TYPE:Outer wall
;HEIGHT:0.2
G1 F1343
G1 X-1.832 Y-.452 E.01098
G1 X-1.671 Y-.877 E.02139
G1 X-1.416 Y-1.246 E.02108
G1 X-1.215 Y-1.44 E.01316
G1 X-.876 Y-1.671 E.01929
G1 X-.458 Y-1.83 E.02104
G1 X-.182 Y-1.876 E.01316
G1 X.228 Y-1.873 E.01929
G1 X.66 Y-1.767 E.02091
G1 X.885 Y-1.666 E.01159
G1 X1.246 Y-1.416 E.02063
G1 X1.44 Y-1.215 E.01316
G1 X1.666 Y-.884 E.01884
G1 X1.767 Y-.66 E.01155
G1 X1.874 Y-.227 E.02095
G1 X1.874 Y.218 E.02095
G1 X1.831 Y.451 E.01115
G1 X1.76 Y.678 E.01115
G1 X1.556 Y1.066 E.02063
G1 X1.38 Y1.283 E.01316
G1 X1.071 Y1.554 E.01929
G1 X.669 Y1.765 E.02135
G1 X.227 Y1.874 E.02139
G1 X-.218 Y1.874 E.02095
G1 X-.451 Y1.831 E.01115
G1 X-.678 Y1.76 E.01115
G1 X-1.072 Y1.553 E.02095
G1 X-1.408 Y1.256 E.02108
G1 X-1.576 Y1.033 E.01316
G1 X-1.765 Y.668 E.01929
G1 X-1.871 Y.237 E.02091
G1 X-1.886 Y-.009 E.01159
G1 X-1.865 Y-.184 E.00828
SET_VELOCITY_LIMIT ACCEL=10000
G1 E-1.2 F2100
;WIPE_START
G1 F7200
G1 X-1.832 Y-.452
G1 X-1.671 Y-.877
G1 X-1.416 Y-1.246
G1 X-1.215 Y-1.44
G1 X-.876 Y-1.671
G1 X-.748 Y-1.72
;WIPE_END
G1 X-2.065 Y2.597 Z3.4 F30000
G1 Z3
G1 E1.2 F2100
SET_VELOCITY_LIMIT ACCEL=5000
G1 F1343
G1 X-2.495 Y2.186 E.02797
G1 X-2.846 Y1.706 E.02797
G1 X-3.031 Y1.349 E.01888
G1 X-3.17 Y.978 E.01866
G1 X-3.264 Y.591 E.01871
G1 X-3.306 Y.266 E.01541
G1 X-3.318 Y.001 E.01248
G1 X-3.3 Y-.328 E.01551
G1 X-3.265 Y-.59 E.01243
G1 X-3.17 Y-.979 E.01881
G1 X-2.946 Y-1.526 E.02782
G1 X-2.627 Y-2.026 E.02786
G1 X-2.363 Y-2.328 E.01888
G1 X-2.068 Y-2.594 E.01866
G1 X-1.576 Y-2.919 E.02775
G1 X-1.03 Y-3.154 E.02797
G1 X-.641 Y-3.255 E.01888
G1 X-.247 Y-3.308 E.01871
G1 X.345 Y-3.3 E.02782
G1 X.739 Y-3.234 E.01881
G1 X1.054 Y-3.144 E.01541
G1 X1.302 Y-3.052 E.01243
G1 X1.659 Y-2.873 E.01877
G1 X2.142 Y-2.534 E.02775
G1 X2.56 Y-2.111 E.02797
G1 X2.796 Y-1.785 E.01892
G1 X2.958 Y-1.5 E.01541
G1 X3.069 Y-1.26 E.01243
G1 X3.198 Y-.882 E.01881
G1 X3.304 Y-.3 E.02782
G1 X3.305 Y.293 E.02786
G1 X3.245 Y.691 E.01892
G1 X3.16 Y1.007 E.01541
G1 X3.07 Y1.257 E.01248
G1 X2.929 Y1.555 E.01551
G1 X2.797 Y1.784 E.01243
G1 X2.562 Y2.107 E.01876
G1 X2.149 Y2.528 E.02775
G1 X1.828 Y2.769 E.01888
G1 X1.483 Y2.968 E.01871
G1 X.932 Y3.184 E.02782
G1 X.543 Y3.273 E.01876
G1 X.144 Y3.315 E.01888
G1 X-.378 Y3.295 E.02455
G1 X-.639 Y3.256 E.01243
G1 X-1.025 Y3.155 E.01876
G1 X-1.568 Y2.924 E.02775
G1 X-2.035 Y2.617 E.02628
SET_VELOCITY_LIMIT ACCEL=10000
G1 X-1.613 Y2.035 F30000
;TYPE:Gap infill
;WIDTH:0.896877
G1 F1343
G1 X-1.223 Y2.289 E.03239
G1 X-.798 Y2.474 E.03227
G1 X-.306 Y2.583 E.03504
G1 X.263 Y2.586 E.03957
G1 X.726 Y2.492 E.03288
G1 X1.165 Y2.319 E.03285
G1 X1.434 Y2.171 E.02138
G1 X1.68 Y1.979 E.02171
G1 X2.011 Y1.645 E.03267
G1 X2.176 Y1.424 E.01924
G1 X2.29 Y1.22 E.01625
G1 X2.408 Y.983 E.01847
G1 X2.475 Y.793 E.01399
G1 X2.542 Y.544 E.01796
G1 X2.59 Y.231 E.022
G1 X2.587 Y-.263 E.03435
G1 X2.453 Y-.856 E.04235
G1 X2.307 Y-1.2 E.02602
G1 X2.008 Y-1.653 E.03778
G1 X1.676 Y-1.989 E.03285
G1 X1.269 Y-2.269 E.03434
G1 X.857 Y-2.455 E.0315
G1 X.274 Y-2.587 E.04156
G1 X-.202 Y-2.592 E.03315
G1 X-.684 Y-2.507 E.03403
G1 X-1.24 Y-2.287 E.04159
G1 X-1.693 Y-1.971 E.03848
G1 X-1.987 Y-1.675 E.02902
G1 X-2.311 Y-1.196 E.04027
G1 X-2.511 Y-.672 E.03902
G1 X-2.557 Y-.456 E.0153
G1 X-2.598 Y-.069 E.02708
G1 X-2.571 Y.382 E.03149
G1 X-2.449 Y.872 E.03514
G1 X-2.229 Y1.334 E.03559
M73 P51 R2
G1 X-1.954 Y1.717 E.03284
G1 X-1.639 Y2.01 E.02992
;LAYER_CHANGE
;Z:3.2
;HEIGHT:0.2
;BEFORE_LAYER_CHANGE
;3.2
G1 E-1.2 F2100
;WIPE_START
G1 F8782.651
G1 X-1.223 Y2.289
G1 X-.798 Y2.474
G1 X-.306 Y2.583
G1 X.226 Y2.586
;WIPE_END
;AFTER_LAYER_CHANGE
;3.2
;_SET_FAN_SPEED_CHANGING_LAYER
G17
G3 Z3.6 I.977 J-.726 P1  F30000
G1 X-1.87 Y-.236 Z3.6
G1 Z3.2
G1 E1.2 F2100
SET_VELOCITY_LIMIT ACCEL=5000
;TYPE:Outer wall
;WIDTH:0.62
G1 F1200
G1 X-1.822 Y-.484 E.01185
G1 X-1.671 Y-.878 E.01984
G1 X-1.417 Y-1.245 E.02101
G1 X-1.225 Y-1.433 E.01264
G1 X-.877 Y-1.671 E.01984
G1 X-.459 Y-1.83 E.02101
G1 X-.194 Y-1.875 E.01264
G1 X.228 Y-1.873 E.01984
G1 X.669 Y-1.765 E.02137
G1 X1.064 Y-1.558 E.02095
G1 X1.258 Y-1.406 E.01159
G1 X1.547 Y-1.079 E.0205
G1 X1.67 Y-.876 E.01115
G1 X1.767 Y-.66 E.01115
G1 X1.874 Y-.227 E.02095
G1 X1.874 Y.218 E.02095
G1 X1.831 Y.451 E.01115
G1 X1.76 Y.678 E.01115
G1 X1.558 Y1.064 E.0205
G1 X1.406 Y1.258 E.01159
G1 X1.072 Y1.553 E.02095
G1 X.669 Y1.765 E.0214
G1 X.227 Y1.874 E.02139
G1 X-.218 Y1.874 E.02095
G1 X-.451 Y1.831 E.01115
G1 X-.678 Y1.76 E.01115
G1 X-1.072 Y1.553 E.02095
G1 X-1.407 Y1.256 E.02104
G1 X-1.57 Y1.043 E.01264
G1 X-1.765 Y.669 E.01984
G1 X-1.874 Y.227 E.02137
G1 X-1.874 Y-.201 E.02013
SET_VELOCITY_LIMIT ACCEL=10000
G1 E-1.2 F2100
;WIPE_START
G1 F7200
G1 X-1.822 Y-.484
G1 X-1.671 Y-.878
G1 X-1.417 Y-1.245
G1 X-1.225 Y-1.433
G1 X-.877 Y-1.671
G1 X-.733 Y-1.726
;WIPE_END
G1 X-2.024 Y2.538 Z3.6 F30000
G1 Z3.2
G1 E1.2 F2100
SET_VELOCITY_LIMIT ACCEL=5000
G1 F1200
G1 X-2.441 Y2.139 E.02715
G1 X-2.682 Y1.828 E.01847
G1 X-2.881 Y1.495 E.01828
G1 X-3.101 Y.96 E.02719
G1 X-3.194 Y.579 E.01843
G1 X-3.237 Y.229 E.01658
G1 X-3.246 Y.003 E.01063
G1 X-3.222 Y-.388 E.01843
G1 X-3.103 Y-.954 E.02719
G1 X-2.965 Y-1.32 E.0184
G1 X-2.784 Y-1.669 E.01847
G1 X-2.571 Y-1.982 E.01782
G1 X-2.312 Y-2.278 E.01847
G1 X-2.024 Y-2.538 E.01826
G1 X-1.706 Y-2.761 E.01825
G1 X-1.36 Y-2.947 E.01847
G1 X-1.007 Y-3.086 E.01782
G1 X-.627 Y-3.184 E.01847
G1 X-.242 Y-3.237 E.01828
G1 X.336 Y-3.228 E.02719
G1 X.722 Y-3.164 E.0184
G1 X1.099 Y-3.054 E.01847
G1 X1.627 Y-2.809 E.02736
G1 X2.099 Y-2.476 E.02715
G1 X2.38 Y-2.207 E.01828
G1 X2.604 Y-1.936 E.01658
G1 X2.734 Y-1.75 E.01063
G1 X2.924 Y-1.408 E.01843
G1 X3.128 Y-.867 E.02719
G1 X3.209 Y-.484 E.0184
G1 X3.245 Y-.092 E.01847
G1 X3.214 Y.449 E.0255
G1 X3.176 Y.672 E.01063
G1 X3.071 Y1.049 E.01842
G1 X2.836 Y1.578 E.02719
G1 X2.626 Y1.908 E.0184
G1 X2.376 Y2.211 E.01847
G1 X1.947 Y2.597 E.02715
G1 X1.622 Y2.811 E.01828
G1 X1.308 Y2.97 E.01658
G1 X1.097 Y3.055 E.01066
G1 X.756 Y3.156 E.01673
G1 X.534 Y3.202 E.01066
G1 X.181 Y3.24 E.01673
G1 X-.046 Y3.245 E.01066
G1 X-.401 Y3.22 E.01673
G1 X-.624 Y3.185 E.01063
G1 X-1.007 Y3.086 E.01862
G1 X-1.507 Y2.874 E.0255
G1 X-1.704 Y2.763 E.01063
G1 X-1.994 Y2.558 E.01671
SET_VELOCITY_LIMIT ACCEL=10000
G1 X-1.534 Y2.047 F30000
;TYPE:Gap infill
;WIDTH:0.825903
G1 F1200
G1 X-1.494 Y2.083 E.00338
G1 X-1.2 Y2.26 E.02196
G1 X-.795 Y2.437 E.02815
G1 X-.324 Y2.545 E.03085
G1 X.263 Y2.55 E.03743
G1 X.589 Y2.49 E.0212
G1 X.953 Y2.381 E.02425
G1 X1.279 Y2.218 E.02323
G1 X1.495 Y2.083 E.01626
G1 X1.879 Y1.747 E.03257
G1 X2.145 Y1.402 E.02781
G1 X2.398 Y.904 E.03562
G1 X2.483 Y.636 E.01792
G1 X2.538 Y.367 E.0175
G1 X2.559 Y-.073 E.02815
G1 X2.55 Y-.263 E.01209
G1 X2.467 Y-.681 E.0272
G1 X2.308 Y-1.116 E.02961
G1 X2.073 Y-1.51 E.02925
G1 X1.696 Y-1.923 E.03565
G1 X1.287 Y-2.213 E.03203
M73 P52 R2
G1 X.868 Y-2.415 E.02966
G1 X.268 Y-2.552 E.03924
G1 X-.216 Y-2.554 E.03092
G1 X-.673 Y-2.473 E.02958
G1 X-1.149 Y-2.292 E.0325
G1 X-1.346 Y-2.178 E.01453
G1 X-1.629 Y-1.979 E.02207
G1 X-1.958 Y-1.653 E.02958
G1 X-2.247 Y-1.234 E.0325
G1 X-2.448 Y-.755 E.0331
G1 X-2.548 Y-.302 E.02963
G1 X-2.551 Y.263 E.03601
G1 X-2.447 Y.755 E.03208
G1 X-2.269 Y1.183 E.02959
G1 X-2.125 Y1.435 E.01855
G1 X-1.93 Y1.69 E.02045
G1 X-1.56 Y2.023 E.03177
;LAYER_CHANGE
;Z:3.39
;HEIGHT:0.19
;BEFORE_LAYER_CHANGE
;3.39
G1 E-1.2 F2100
;WIPE_START
G1 F9000
G1 X-1.494 Y2.083
G1 X-1.2 Y2.26
G1 X-.795 Y2.437
G1 X-.324 Y2.545
G1 X.263 Y2.55
G1 X.317 Y2.54
;WIPE_END
;AFTER_LAYER_CHANGE
;3.39
;_SET_FAN_SPEED_CHANGING_LAYER
G17
G3 Z3.79 I-.112 J-1.212 P1  F30000
G1 X-3.225 Y2.868 Z3.79
G1 Z3.39
G1 E1.2 F2100
;TYPE:Support
;WIDTH:0.62
;HEIGHT:0.41
G1 F1331
G1 X-3.244 Y2.848 E.0025
G1 X-3.257 Y2.832 E.00183
G1 X-3.408 Y2.649 E.02112
G1 X-3.421 Y2.632 E.00183
G1 X-3.561 Y2.44 E.02112
G1 X-3.572 Y2.423 E.00183
G1 X-3.7 Y2.223 E.02112
G1 X-3.711 Y2.205 E.00183
G1 X-3.827 Y1.998 E.02112
G1 X-3.836 Y1.979 E.00183
G1 X-3.939 Y1.765 E.02113
G1 X-3.948 Y1.746 E.00184
G1 X-4.038 Y1.526 E.02111
G1 X-4.045 Y1.507 E.00183
G1 X-4.122 Y1.282 E.02112
G1 X-4.128 Y1.263 E.00182
G1 X-4.191 Y1.033 E.02113
G1 X-4.196 Y1.013 E.00183
G1 X-4.245 Y.781 E.02111
G1 X-4.249 Y.761 E.00184
G1 X-4.284 Y.526 E.02113
G1 X-4.287 Y.505 E.00184
G1 X-4.3 Y.355 E.01342
G1 X-4.308 Y.268 E.00769
G1 X-4.309 Y.248 E.00183
G1 X-4.317 Y.01 E.02112
G1 X-4.317 Y0 E.00092
G1 X-6.154 Y0 E.16331
G1 X-6.154 Y-3.077 E.27347
G1 X-3.026 Y-3.077 E.27805
G1 X-2.896 Y-3.201 E.01593
G1 X-2.881 Y-3.215 E.00183
G1 X-2.699 Y-3.368 E.02112
G1 X-2.683 Y-3.381 E.00183
G1 X-2.493 Y-3.524 E.02112
G1 X-2.476 Y-3.536 E.00183
G1 X-2.278 Y-3.667 E.02113
G1 X-2.26 Y-3.677 E.00183
G1 X-2.055 Y-3.796 E.02112
G1 X-2.036 Y-3.806 E.00183
G1 X-1.824 Y-3.912 E.02113
G1 X-1.805 Y-3.921 E.00183
G1 X-1.587 Y-4.014 E.02112
G1 X-1.567 Y-4.022 E.00183
G1 X-1.344 Y-4.102 E.02112
G1 X-1.324 Y-4.108 E.00183
G1 X-1.096 Y-4.175 E.02112
G1 X-1.076 Y-4.18 E.00182
G1 X-.844 Y-4.233 E.02113
G1 X-.824 Y-4.237 E.00183
G1 X-.59 Y-4.276 E.02112
G1 X-.569 Y-4.279 E.00183
G1 X-.333 Y-4.304 E.02113
G1 X-.312 Y-4.305 E.00182
G1 X-.075 Y-4.316 E.02112
G1 X-.054 Y-4.316 E.00183
G1 X.097 Y-4.314 E.01343
G1 X.183 Y-4.313 E.00769
G1 X.204 Y-4.312 E.00183
G1 X.441 Y-4.294 E.02111
G1 X.461 Y-4.292 E.00184
G1 X.697 Y-4.26 E.02112
G1 X.717 Y-4.257 E.00183
G1 X.951 Y-4.211 E.02112
G1 X.971 Y-4.206 E.00184
G1 X1.201 Y-4.146 E.02111
G1 X1.22 Y-4.14 E.00183
G1 X1.364 Y-4.094 E.01343
G1 X1.446 Y-4.067 E.00769
G1 X1.466 Y-4.06 E.00183
G1 X1.687 Y-3.973 E.02112
G1 X1.706 Y-3.965 E.00183
G1 X1.922 Y-3.865 E.02112
G1 X1.94 Y-3.856 E.00183
G1 X2.149 Y-3.743 E.02112
G1 X2.167 Y-3.733 E.00183
G1 X2.369 Y-3.608 E.02112
G1 X2.387 Y-3.597 E.00184
G1 X2.581 Y-3.46 E.02112
G1 X2.597 Y-3.448 E.00183
G1 X2.783 Y-3.299 E.02112
G1 X2.799 Y-3.286 E.00183
G1 X2.976 Y-3.127 E.02112
G1 X2.99 Y-3.113 E.00183
G1 X3.026 Y-3.077 E.00447
G1 X6.154 Y-3.077 E.27803
G1 X6.154 Y-6.154 E.27347
G1 X-6.154 Y-6.154 E1.09387
G1 E-1.2 F2100
;WIPE_START
G1 F6000
G1 X-4.154 Y-6.154
;WIPE_END
G1 X2.818 Y-3.049 Z3.79 F30000
G1 X3.224 Y-2.868 Z3.79
G1 Z3.39
G1 E1.2 F2100
G1 F1331
G1 X3.328 Y-2.749 E.01397
G1 X3.341 Y-2.734 E.00183
M73 P53 R2
G1 X3.486 Y-2.546 E.02112
G1 X3.498 Y-2.529 E.00183
G1 X3.632 Y-2.333 E.02112
G1 X3.643 Y-2.315 E.00183
G1 X3.765 Y-2.111 E.02112
G1 X3.775 Y-2.093 E.00183
G1 X3.845 Y-1.959 E.01343
G1 X3.885 Y-1.882 E.00769
G1 X3.894 Y-1.864 E.00183
G1 X3.99 Y-1.646 E.02114
G1 X3.998 Y-1.627 E.00182
G1 X4.082 Y-1.405 E.02112
G1 X4.088 Y-1.385 E.00183
G1 X4.158 Y-1.158 E.02112
G1 X4.164 Y-1.138 E.00184
G1 X4.22 Y-.908 E.02112
G1 X4.224 Y-.888 E.00182
G1 X4.251 Y-.739 E.01344
G1 X4.267 Y-.654 E.00769
G1 X4.27 Y-.633 E.00183
G1 X4.298 Y-.397 E.02113
G1 X4.3 Y-.377 E.00182
G1 X4.314 Y-.139 E.02112
G1 X4.315 Y-.119 E.00183
G1 X4.315 Y0 E.01056
G1 X6.154 Y0 E.16345
G1 X6.154 Y3.077 E.27347
G1 X3.026 Y3.077 E.27803
G1 X2.99 Y3.113 E.00447
G1 X2.976 Y3.127 E.00183
G1 X2.799 Y3.286 E.02112
G1 X2.783 Y3.299 E.00183
G1 X2.597 Y3.448 E.02112
G1 X2.581 Y3.46 E.00183
G1 X2.387 Y3.597 E.02112
G1 X2.369 Y3.608 E.00184
G1 X2.167 Y3.733 E.02112
G1 X2.149 Y3.743 E.00183
G1 X1.94 Y3.856 E.02112
G1 X1.922 Y3.865 E.00183
G1 X1.706 Y3.965 E.02112
G1 X1.687 Y3.973 E.00183
G1 X1.546 Y4.028 E.01343
G1 X1.466 Y4.06 E.00769
G1 X1.446 Y4.067 E.00183
G1 X1.22 Y4.14 E.02112
G1 X1.201 Y4.146 E.00183
G1 X.971 Y4.206 E.02112
G1 X.95 Y4.211 E.00184
G1 X.717 Y4.257 E.02112
G1 X.697 Y4.26 E.00183
G1 X.461 Y4.292 E.02113
G1 X.441 Y4.294 E.00184
G1 X.204 Y4.312 E.02111
G1 X.183 Y4.313 E.00183
G1 X-.054 Y4.316 E.02112
G1 X-.075 Y4.316 E.00183
G1 X-.312 Y4.305 E.02112
G1 X-.333 Y4.304 E.00182
G1 X-.483 Y4.288 E.01344
G1 X-.569 Y4.279 E.00769
G1 X-.59 Y4.276 E.00183
G1 X-.824 Y4.237 E.02112
G1 X-.844 Y4.233 E.00183
G1 X-1.076 Y4.18 E.02113
G1 X-1.096 Y4.175 E.00182
G1 X-1.324 Y4.108 E.02112
G1 X-1.344 Y4.102 E.00183
G1 X-1.567 Y4.022 E.02112
G1 X-1.587 Y4.014 E.00183
G1 X-1.805 Y3.921 E.02112
G1 X-1.824 Y3.912 E.00183
G1 X-2.036 Y3.806 E.02112
G1 X-2.055 Y3.796 E.00183
G1 X-2.26 Y3.677 E.02112
G1 X-2.278 Y3.667 E.00183
G1 X-2.476 Y3.536 E.02113
G1 X-2.493 Y3.524 E.00183
G1 X-2.683 Y3.381 E.02112
G1 X-2.699 Y3.368 E.00183
G1 X-2.881 Y3.215 E.02112
G1 X-2.896 Y3.201 E.00183
G1 X-3.026 Y3.077 E.01593
G1 X-6.154 Y3.077 E.27805
G1 X-6.154 Y6.154 E.27347
G1 X6.154 Y6.154 E1.09387
;LAYER_CHANGE
;Z:3.4
;HEIGHT:0.00999999
;BEFORE_LAYER_CHANGE
;3.4
G1 E-1.2 F2100
;WIPE_START
G1 F6000
G1 X4.154 Y6.154
;WIPE_END
;AFTER_LAYER_CHANGE
;3.4
;_SET_FAN_SPEED_CHANGING_LAYER
G17
G3 Z3.8 I.885 J-.835 P1  F30000
G1 X-1.871 Y-.234 Z3.8
G1 Z3.4
G1 E1.2 F2100
SET_VELOCITY_LIMIT ACCEL=5000
;TYPE:Outer wall
;HEIGHT:0.2
G1 F1331
G1 X-1.825 Y-.472 E.0114
G1 X-1.671 Y-.877 E.02039
G1 X-1.413 Y-1.251 E.02138
G1 X-1.079 Y-1.547 E.02095
G1 X-.868 Y-1.674 E.01159
G1 X-.46 Y-1.829 E.02055
G1 X-.206 Y-1.874 E.01211
G1 X.228 Y-1.873 E.02039
G1 X.661 Y-1.767 E.02098
G1 X.895 Y-1.659 E.01211
G1 X1.252 Y-1.412 E.02039
G1 X1.547 Y-1.079 E.02094
G1 X1.67 Y-.876 E.01115
G1 X1.767 Y-.66 E.01115
G1 X1.871 Y-.236 E.02055
G1 X1.885 Y.022 E.01211
G1 X1.832 Y.452 E.02039
G1 X1.674 Y.869 E.02098
G1 X1.539 Y1.089 E.01211
G1 X1.251 Y1.413 E.02039
G1 X.885 Y1.666 E.02094
G1 X.66 Y1.767 E.01159
G1 X.236 Y1.871 E.02055
G1 X-.022 Y1.885 E.01211
G1 X-.452 Y1.832 E.02039
G1 X-.869 Y1.674 E.02098
M73 P53 R1
G1 X-1.089 Y1.539 E.01211
G1 X-1.413 Y1.251 E.02039
G1 X-1.666 Y.885 E.02094
G1 X-1.767 Y.66 E.01159
G1 X-1.874 Y.227 E.02095
G1 X-1.874 Y-.198 E.02002
SET_VELOCITY_LIMIT ACCEL=10000
G1 E-1.2 F2100
;WIPE_START
G1 F7200
G1 X-1.825 Y-.472
G1 X-1.671 Y-.877
G1 X-1.413 Y-1.251
G1 X-1.079 Y-1.547
G1 X-.868 Y-1.674
G1 X-.736 Y-1.725
;WIPE_END
G1 X-2.007 Y-2.497 Z3.8 F30000
G1 Z3.4
M73 P54 R1
G1 E1.2 F2100
SET_VELOCITY_LIMIT ACCEL=5000
G1 F1331
G1 X-1.847 Y-2.618 E.00943
G1 X-1.518 Y-2.821 E.0182
G1 X-.995 Y-3.046 E.02679
G1 X-.619 Y-3.143 E.01824
G1 X-.239 Y-3.195 E.01803
G1 X.331 Y-3.187 E.02682
G1 X.713 Y-3.123 E.0182
G1 X1.085 Y-3.015 E.01824
G1 X1.602 Y-2.775 E.02679
G1 X1.922 Y-2.563 E.01802
G1 X2.218 Y-2.313 E.01824
G1 X2.472 Y-2.039 E.01758
G1 X2.7 Y-1.725 E.01824
G1 X2.887 Y-1.39 E.01803
G1 X3.087 Y-.856 E.02682
G1 X3.191 Y-.292 E.02698
G1 X3.192 Y.283 E.02701
G1 X3.134 Y.666 E.01824
G1 X3.032 Y1.036 E.01803
G1 X2.892 Y1.379 E.01741
G1 X2.8 Y1.557 E.00943
G1 X2.589 Y1.887 E.01842
G1 X2.214 Y2.316 E.02679
G1 X1.769 Y2.671 E.02679
G1 X1.433 Y2.865 E.01825
G1 X1.093 Y3.011 E.01741
G1 X.902 Y3.074 E.00943
G1 X.525 Y3.16 E.0182
G1 X.139 Y3.201 E.01824
G1 X-.235 Y3.195 E.01759
G1 X-.619 Y3.143 E.01824
G1 X-.99 Y3.047 E.01803
G1 X-1.515 Y2.823 E.02682
G1 X-1.994 Y2.508 E.02698
G1 X-2.282 Y2.248 E.01825
G1 X-2.526 Y1.97 E.01741
G1 X-2.645 Y1.808 E.00943
G1 X-2.846 Y1.472 E.01842
G1 X-2.998 Y1.13 E.01759
G1 X-3.112 Y.76 E.01824
G1 X-3.181 Y.383 E.01802
G1 X-3.204 Y0 E.01803
G1 X-3.182 Y-.37 E.01741
G1 X-3.153 Y-.568 E.00943
G1 X-3.061 Y-.945 E.01821
G1 X-2.846 Y-1.472 E.02682
G1 X-2.647 Y-1.805 E.0182
G1 X-2.41 Y-2.112 E.01824
G1 X-2.033 Y-2.472 E.0245
SET_VELOCITY_LIMIT ACCEL=10000
G1 X-1.589 Y-1.981 F30000
;TYPE:Gap infill
;WIDTH:0.782818
G1 F1331
G1 X-1.915 Y-1.678 E.02684
G1 X-2.26 Y-1.171 E.03694
G1 X-2.427 Y-.75 E.02733
G1 X-2.528 Y-.291 E.0283
G1 X-2.53 Y.263 E.03339
G1 X-2.399 Y.843 E.03587
G1 X-2.254 Y1.178 E.02204
G1 X-1.933 Y1.652 E.03453
G1 X-1.582 Y1.988 E.02927
G1 X-1.19 Y2.249 E.02838
G1 X-.652 Y2.458 E.03479
G1 X-.181 Y2.534 E.02876
G1 X.298 Y2.525 E.02889
G1 X.87 Y2.391 E.03542
G1 X1.236 Y2.221 E.02434
G1 X1.718 Y1.874 E.03578
G1 X2.053 Y1.502 E.03019
G1 X2.296 Y1.092 E.02877
G1 X2.458 Y.652 E.02825
G1 X2.529 Y.225 E.0261
G1 X2.532 Y-.236 E.02777
G1 X2.445 Y-.682 E.02739
G1 X2.262 Y-1.162 E.031
G1 X2.056 Y-1.495 E.02361
G1 X1.763 Y-1.831 E.02687
G1 X1.654 Y-1.931 E.00896
G1 X1.275 Y-2.199 E.02793
G1 X.861 Y-2.395 E.02762
G1 X.264 Y-2.531 E.03691
G1 X-.23 Y-2.532 E.02982
G1 X-.667 Y-2.453 E.02676
G1 X-1.186 Y-2.25 E.03357
G1 X-1.559 Y-2.001 E.02708
;LAYER_CHANGE
;Z:3.6
;HEIGHT:0.2
;BEFORE_LAYER_CHANGE
;3.6
G1 E-1.2 F2100
;WIPE_START
G1 F9000
G1 X-1.915 Y-1.678
G1 X-2.26 Y-1.171
G1 X-2.427 Y-.75
G1 X-2.525 Y-.307
;WIPE_END
;AFTER_LAYER_CHANGE
;3.6
;_SET_FAN_SPEED_CHANGING_LAYER
G17
G3 Z4 I-.171 J1.205 P1  F30000
G1 X-1.861 Y-.213 Z4
G1 Z3.6
G1 E1.2 F2100
SET_VELOCITY_LIMIT ACCEL=5000
;TYPE:Outer wall
;WIDTH:0.62
G1 F1200
G1 X-1.832 Y-.452 E.01129
G1 X-1.674 Y-.868 E.02095
G1 X-1.547 Y-1.079 E.01159
G1 X-1.251 Y-1.413 E.02095
G1 X-.885 Y-1.666 E.02095
G1 X-.66 Y-1.767 E.01159
G1 X-.237 Y-1.871 E.0205
G1 X.009 Y-1.886 E.01159
G1 X.452 Y-1.832 E.02095
G1 X.868 Y-1.674 E.02095
G1 X1.079 Y-1.547 E.01159
G1 X1.413 Y-1.251 E.02095
G1 X1.666 Y-.885 E.02095
G1 X1.767 Y-.66 E.01159
G1 X1.871 Y-.237 E.0205
G1 X1.886 Y.009 E.01159
G1 X1.832 Y.452 E.02095
G1 X1.674 Y.868 E.02095
G1 X1.547 Y1.079 E.01159
G1 X1.251 Y1.413 E.02095
G1 X.885 Y1.666 E.02095
G1 X.66 Y1.767 E.01159
G1 X.237 Y1.871 E.0205
G1 X-.009 Y1.886 E.01159
G1 X-.452 Y1.832 E.02095
G1 X-.868 Y1.674 E.02095
G1 X-1.079 Y1.547 E.01159
G1 X-1.413 Y1.251 E.02095
G1 X-1.666 Y.885 E.02095
G1 X-1.767 Y.66 E.01159
G1 X-1.871 Y.237 E.0205
G1 X-1.886 Y-.009 E.01159
G1 X-1.866 Y-.178 E.00797
M73 P55 R1
SET_VELOCITY_LIMIT ACCEL=10000
G1 E-1.2 F2100
;WIPE_START
G1 F7200
G1 X-1.832 Y-.452
G1 X-1.674 Y-.868
G1 X-1.547 Y-1.079
G1 X-1.251 Y-1.413
G1 X-.885 Y-1.666
G1 X-.756 Y-1.724
;WIPE_END
G1 X-1.972 Y2.492 Z4 F30000
G1 Z3.6
G1 E1.2 F2100
SET_VELOCITY_LIMIT ACCEL=5000
G1 F1200
G1 X-2.131 Y2.374 E.00933
G1 X-2.405 Y2.095 E.01838
G1 X-2.738 Y1.636 E.02667
G1 X-2.985 Y1.125 E.02667
G1 X-3.099 Y.756 E.01816
G1 X-3.167 Y.381 E.01794
G1 X-3.184 Y-.191 E.02689
G1 X-3.099 Y-.756 E.02689
G1 X-2.916 Y-1.293 E.02667
G1 X-2.738 Y-1.636 E.01816
G1 X-2.52 Y-1.955 E.01816
G1 X-2.131 Y-2.374 E.02689
G1 X-1.677 Y-2.713 E.02667
G1 X-1.341 Y-2.894 E.01794
G1 X-.986 Y-3.033 E.01794
G1 X-.612 Y-3.13 E.01816
G1 X-.243 Y-3.18 E.01751
G1 X.143 Y-3.186 E.01816
G1 X.523 Y-3.146 E.01794
G1 X1.072 Y-3.004 E.02667
G1 X1.427 Y-2.853 E.01816
G1 X1.757 Y-2.662 E.01794
G1 X2.201 Y-2.309 E.02667
G1 X2.464 Y-2.026 E.01816
G1 X2.691 Y-1.713 E.01816
G1 X2.872 Y-1.388 E.0175
G1 X3.018 Y-1.031 E.01816
G1 X3.12 Y-.663 E.01794
G1 X3.188 Y-.1 E.02667
G1 X3.177 Y.286 E.01816
G1 X3.119 Y.668 E.01816
G1 X3.02 Y1.027 E.01751
G1 X2.874 Y1.384 E.01816
G1 X2.583 Y1.871 E.02667
G1 X2.338 Y2.169 E.01816
G1 X2.059 Y2.436 E.01816
G1 X1.591 Y2.765 E.02689
G1 X1.072 Y3.004 E.02689
G1 X.523 Y3.146 E.02667
G1 X.143 Y3.186 E.01794
G1 X-.238 Y3.181 E.01794
G1 X-.616 Y3.129 E.01794
G1 X-1.161 Y2.971 E.02667
G1 X-1.673 Y2.716 E.02689
G1 X-1.943 Y2.514 E.01587
SET_VELOCITY_LIMIT ACCEL=10000
G1 X-1.515 Y2.025 F30000
;TYPE:Gap infill
;WIDTH:0.769443
G1 F1200
G1 X-1.488 Y2.048 E.00209
G1 X-1.326 Y2.161 E.01169
G1 X-1.122 Y2.269 E.01369
G1 X-.917 Y2.359 E.01322
G1 X-.564 Y2.471 E.02192
G1 X.004 Y2.535 E.03385
G1 X.367 Y2.509 E.02156
G1 X.848 Y2.391 E.02935
G1 X1.261 Y2.199 E.02692
G1 X1.714 Y1.869 E.03319
G1 X2.054 Y1.489 E.03022
G1 X2.286 Y1.095 E.02704
G1 X2.474 Y.565 E.03332
G1 X2.536 Y-.004 E.03385
G1 X2.514 Y-.302 E.0177
G1 X2.475 Y-.531 E.01378
G1 X2.369 Y-.902 E.02285
G1 X2.215 Y-1.232 E.02156
G1 X1.958 Y-1.61 E.02705
G1 X1.869 Y-1.714 E.00809
G1 X1.437 Y-2.088 E.03385
G1 X1.135 Y-2.269 E.02085
G1 X.851 Y-2.384 E.01812
G1 X.564 Y-2.469 E.01772
G1 X.062 Y-2.535 E.03
G1 X-.367 Y-2.508 E.02541
G1 X-.841 Y-2.392 E.02892
G1 X-1.232 Y-2.215 E.02541
G1 X-1.693 Y-1.892 E.03331
G1 X-2.051 Y-1.49 E.03184
G1 X-2.272 Y-1.123 E.02541
G1 X-2.466 Y-.602 E.03291
G1 X-2.533 Y-.061 E.03224
G1 X-2.519 Y.308 E.02189
G1 X-2.375 Y.895 E.03575
G1 X-2.175 Y1.299 E.02673
G1 X-1.869 Y1.714 E.03049
G1 X-1.542 Y2.001 E.02578
;LAYER_CHANGE
;Z:3.8
;HEIGHT:0.2
;BEFORE_LAYER_CHANGE
;3.8
G1 E-1.2 F2100
;WIPE_START
G1 F9000
G1 X-1.488 Y2.048
G1 X-1.326 Y2.161
G1 X-1.122 Y2.269
G1 X-.917 Y2.359
G1 X-.564 Y2.471
G1 X.004 Y2.535
G1 X.338 Y2.511
;WIPE_END
;AFTER_LAYER_CHANGE
;3.8
;_SET_FAN_SPEED_CHANGING_LAYER
G17
G3 Z4.2 I-.126 J-1.21 P1  F30000
G1 X-3.124 Y2.872 Z4.2
G1 Z3.8
G1 E1.2 F2100
;TYPE:Support
;WIDTH:0.62
;HEIGHT:0.41
G1 F1329
G1 X-3.19 Y2.801 E.00861
G1 X-3.203 Y2.785 E.00183
G1 X-3.352 Y2.605 E.02074
G1 X-3.364 Y2.588 E.00183
G1 X-3.501 Y2.4 E.02074
G1 X-3.513 Y2.383 E.00183
G1 X-3.639 Y2.186 E.02074
G1 X-3.649 Y2.168 E.00183
G1 X-3.763 Y1.964 E.02074
G1 X-3.772 Y1.946 E.00183
G1 X-3.874 Y1.736 E.02075
G1 X-3.882 Y1.717 E.00184
G1 X-3.97 Y1.501 E.02072
G1 X-3.978 Y1.482 E.00183
G1 X-4.054 Y1.259 E.02089
G1 X-4.061 Y1.236 E.00213
G1 X-4.131 Y.971 E.02444
G1 X-4.135 Y.954 E.00154
G1 X-4.175 Y.768 E.01687
G1 X-4.178 Y.748 E.00184
G1 X-4.213 Y.517 E.02074
G1 X-4.216 Y.496 E.00184
G1 X-4.236 Y.264 E.02073
G1 X-4.238 Y.244 E.00183
G1 X-4.245 Y.01 E.02074
G1 X-4.245 Y0 E.00092
G1 X-6.154 Y0 E.1697
G1 X-6.154 Y-3.077 E.27347
G1 X-2.922 Y-3.077 E.28728
M73 P56 R1
G1 X-2.848 Y-3.148 E.00906
G1 X-2.833 Y-3.161 E.00183
G1 X-2.655 Y-3.312 E.02074
G1 X-2.638 Y-3.325 E.00183
G1 X-2.452 Y-3.465 E.02074
G1 X-2.435 Y-3.477 E.00183
G1 X-2.239 Y-3.606 E.0209
G1 X-2.218 Y-3.619 E.00213
G1 X-1.979 Y-3.754 E.02445
G1 X-1.963 Y-3.762 E.00153
G1 X-1.794 Y-3.847 E.01688
G1 X-1.775 Y-3.856 E.00183
G1 X-1.56 Y-3.948 E.02074
G1 X-1.541 Y-3.955 E.00183
G1 X-1.321 Y-4.034 E.02074
G1 X-1.302 Y-4.04 E.00183
G1 X-1.078 Y-4.106 E.02074
G1 X-1.058 Y-4.111 E.00182
G1 X-.83 Y-4.163 E.02075
G1 X-.81 Y-4.167 E.00183
G1 X-.58 Y-4.205 E.02074
G1 X-.56 Y-4.208 E.00183
G1 X-.326 Y-4.232 E.0209
G1 X-.302 Y-4.234 E.00212
G1 X-.027 Y-4.244 E.02445
G1 X-.01 Y-4.244 E.00153
G1 X.18 Y-4.241 E.01688
G1 X.201 Y-4.24 E.00183
G1 X.433 Y-4.223 E.02073
G1 X.454 Y-4.22 E.00184
G1 X.685 Y-4.189 E.02074
G1 X.706 Y-4.186 E.00183
G1 X.936 Y-4.14 E.02089
G1 X.96 Y-4.135 E.00214
G1 X1.225 Y-4.063 E.02444
G1 X1.242 Y-4.058 E.00153
G1 X1.422 Y-3.999 E.01688
G1 X1.442 Y-3.992 E.00183
G1 X1.659 Y-3.907 E.02074
G1 X1.678 Y-3.899 E.00183
G1 X1.889 Y-3.801 E.02074
G1 X1.908 Y-3.792 E.00183
G1 X2.113 Y-3.681 E.02074
G1 X2.131 Y-3.671 E.00183
G1 X2.33 Y-3.548 E.02074
G1 X2.347 Y-3.537 E.00184
G1 X2.538 Y-3.403 E.02074
G1 X2.554 Y-3.39 E.00183
G1 X2.737 Y-3.245 E.02074
G1 X2.752 Y-3.231 E.00183
G1 X2.924 Y-3.077 E.02049
G1 X6.154 Y-3.077 E.28709
G1 X6.154 Y-6.154 E.27347
G1 X-6.154 Y-6.154 E1.09387
G1 E-1.2 F2100
;WIPE_START
G1 F6000
G1 X-4.154 Y-6.154
;WIPE_END
G1 X2.804 Y-3.017 Z4.2 F30000
G1 X3.126 Y-2.871 Z4.2
G1 Z3.8
G1 E1.2 F2100
G1 F1329
G1 X3.272 Y-2.704 E.01975
G1 X3.285 Y-2.688 E.00183
G1 X3.429 Y-2.502 E.02089
G1 X3.443 Y-2.482 E.00213
G1 X3.596 Y-2.254 E.02445
G1 X3.605 Y-2.239 E.00153
G1 X3.702 Y-2.076 E.01688
G1 X3.712 Y-2.058 E.00183
G1 X3.82 Y-1.851 E.02074
G1 X3.829 Y-1.832 E.00183
G1 X3.924 Y-1.619 E.02075
G1 X3.932 Y-1.6 E.00182
G1 X4.014 Y-1.38 E.02089
G1 X4.022 Y-1.357 E.00213
G1 X4.1 Y-1.094 E.02445
G1 X4.105 Y-1.077 E.00153
G1 X4.15 Y-.893 E.01687
G1 X4.154 Y-.873 E.00182
G1 X4.196 Y-.643 E.02075
G1 X4.199 Y-.622 E.00183
G1 X4.227 Y-.391 E.02075
G1 X4.229 Y-.37 E.00182
G1 X4.242 Y-.137 E.02074
G1 X4.243 Y-.117 E.00183
G1 X4.243 Y0 E.01037
G1 X6.154 Y0 E.16984
G1 X6.154 Y3.077 E.27347
G1 X2.924 Y3.077 E.28709
G1 X2.752 Y3.231 E.02049
G1 X2.737 Y3.245 E.00183
G1 X2.554 Y3.39 E.02074
G1 X2.538 Y3.403 E.00183
G1 X2.347 Y3.537 E.02074
G1 X2.33 Y3.548 E.00184
G1 X2.131 Y3.671 E.02074
G1 X2.113 Y3.681 E.00183
G1 X1.906 Y3.793 E.02089
G1 X1.885 Y3.803 E.00213
G1 X1.634 Y3.916 E.02445
G1 X1.618 Y3.923 E.00153
G1 X1.442 Y3.992 E.01688
G1 X1.422 Y3.999 E.00183
G1 X1.2 Y4.071 E.02074
G1 X1.18 Y4.077 E.00183
G1 X.955 Y4.136 E.02073
G1 X.934 Y4.141 E.00184
G1 X.706 Y4.186 E.02074
G1 X.685 Y4.189 E.00183
G1 X.454 Y4.22 E.02075
G1 X.433 Y4.223 E.00184
G1 X.201 Y4.24 E.02073
G1 X.18 Y4.241 E.00183
G1 X-.053 Y4.244 E.02074
G1 X-.074 Y4.244 E.00183
G1 X-.307 Y4.234 E.02074
G1 X-.327 Y4.232 E.00182
G1 X-.56 Y4.208 E.02075
G1 X-.58 Y4.205 E.00183
G1 X-.81 Y4.167 E.02074
G1 X-.83 Y4.163 E.00183
G1 X-1.058 Y4.111 E.02075
G1 X-1.078 Y4.106 E.00182
G1 X-1.302 Y4.04 E.02074
G1 X-1.321 Y4.034 E.00183
G1 X-1.541 Y3.955 E.02074
G1 X-1.56 Y3.948 E.00183
G1 X-1.775 Y3.856 E.02074
G1 X-1.794 Y3.847 E.00183
G1 X-2.002 Y3.743 E.02074
G1 X-2.021 Y3.733 E.00183
G1 X-2.223 Y3.616 E.02074
G1 X-2.24 Y3.605 E.00183
G1 X-2.435 Y3.477 E.02074
G1 X-2.452 Y3.465 E.00183
G1 X-2.638 Y3.325 E.02074
G1 X-2.655 Y3.312 E.00183
G1 X-2.833 Y3.161 E.02074
G1 X-2.848 Y3.148 E.00183
G1 X-2.922 Y3.077 E.00906
G1 X-6.154 Y3.077 E.28728
G1 X-6.154 Y6.154 E.27347
G1 X6.154 Y6.154 E1.09387
M73 P57 R1
G1 E-1.2 F2100
;WIPE_START
G1 F6000
G1 X4.154 Y6.154
;WIPE_END
G1 X-1.085 Y.604 Z4.2 F30000
G1 X-1.873 Y-.23 Z4.2
G1 Z3.8
G1 E1.2 F2100
SET_VELOCITY_LIMIT ACCEL=5000
;TYPE:Outer wall
;HEIGHT:0.2
G1 F1329
G1 X-1.765 Y-.669 E.02125
G1 X-1.564 Y-1.053 E.02039
G1 X-1.406 Y-1.257 E.0121
G1 X-1.089 Y-1.539 E.01999
G1 X-.877 Y-1.669 E.01167
G1 X-.66 Y-1.767 E.0112
G1 X-.227 Y-1.874 E.02095
G1 X.227 Y-1.874 E.0214
G1 X.669 Y-1.765 E.02138
G1 X1.053 Y-1.564 E.02039
G1 X1.257 Y-1.406 E.01211
G1 X1.547 Y-1.079 E.02055
G1 X1.67 Y-.876 E.01115
G1 X1.767 Y-.66 E.01115
G1 X1.874 Y-.227 E.02095
G1 X1.874 Y.218 E.02095
G1 X1.829 Y.46 E.01158
G1 X1.679 Y.857 E.01995
G1 X1.548 Y1.078 E.01211
G1 X1.252 Y1.412 E.02098
G1 X.895 Y1.659 E.02039
G1 X.661 Y1.767 E.01211
G1 X.227 Y1.874 E.021
G1 X-.218 Y1.874 E.02095
G1 X-.46 Y1.829 E.01158
G1 X-.857 Y1.679 E.01995
G1 X-1.078 Y1.548 E.01211
G1 X-1.406 Y1.258 E.02055
G1 X-1.558 Y1.064 E.01159
G1 X-1.765 Y.669 E.02095
G1 X-1.874 Y.227 E.02139
G1 X-1.874 Y-.194 E.01984
SET_VELOCITY_LIMIT ACCEL=10000
G1 E-1.2 F2100
;WIPE_START
G1 F7200
G1 X-1.765 Y-.669
G1 X-1.564 Y-1.053
G1 X-1.406 Y-1.257
G1 X-1.089 Y-1.539
G1 X-.877 Y-1.669
G1 X-.742 Y-1.73
;WIPE_END
G1 X-1.959 Y2.528 Z4.2 F30000
G1 Z3.8
G1 E1.2 F2100
SET_VELOCITY_LIMIT ACCEL=5000
G1 F1329
G1 X-2.144 Y2.381 E.01113
G1 X-2.416 Y2.105 E.01824
G1 X-2.753 Y1.639 E.02701
G1 X-2.999 Y1.126 E.02679
G1 X-3.152 Y.577 E.02679
G1 X-3.198 Y.192 E.01824
G1 X-3.198 Y-.196 E.01824
G1 X-3.112 Y-.764 E.02701
G1 X-2.927 Y-1.303 E.02679
G1 X-2.75 Y-1.643 E.01802
G1 X-2.534 Y-1.96 E.01802
G1 X-2.148 Y-2.378 E.02677
G1 X-1.83 Y-2.629 E.01909
G1 X-1.518 Y-2.821 E.01719
G1 X-1.166 Y-2.984 E.01825
G1 X-.615 Y-3.145 E.02701
G1 X-.244 Y-3.195 E.01759
G1 X.144 Y-3.201 E.01824
G1 X.529 Y-3.16 E.01824
G1 X.911 Y-3.071 E.0184
G1 X1.259 Y-2.946 E.01741
G1 X1.602 Y-2.775 E.01803
G1 X1.922 Y-2.563 E.01802
G1 X2.346 Y-2.183 E.02679
G1 X2.698 Y-1.729 E.02701
G1 X2.888 Y-1.387 E.01842
G1 X2.969 Y-1.203 E.00943
G1 X3.088 Y-.853 E.01741
G1 X3.168 Y-.477 E.01803
G1 X3.203 Y.096 E.02701
G1 X3.134 Y.666 E.02701
G1 X3.031 Y1.039 E.0182
G1 X2.959 Y1.227 E.00943
G1 X2.798 Y1.56 E.01741
G1 X2.589 Y1.887 E.01825
G1 X2.214 Y2.316 E.02679
G1 X1.766 Y2.674 E.02698
G1 X1.259 Y2.946 E.02704
G1 X.898 Y3.075 E.01803
G1 X.525 Y3.16 E.01802
G1 X-.047 Y3.204 E.02698
G1 X-.619 Y3.143 E.02704
G1 X-.99 Y3.047 E.01803
G1 X-1.351 Y2.905 E.01824
G1 X-1.844 Y2.62 E.02679
G1 X-1.93 Y2.551 E.00519
SET_VELOCITY_LIMIT ACCEL=10000
G1 X-1.494 Y2.056 F30000
M73 P58 R1
;TYPE:Gap infill
;WIDTH:0.783514
G1 F1329
G1 X-1.469 Y2.078 E.00199
G1 X-1.071 Y2.305 E.02765
G1 X-.785 Y2.415 E.01851
G1 X-.496 Y2.493 E.01804
G1 X-.037 Y2.538 E.02786
G1 X.422 Y2.506 E.02772
G1 X.909 Y2.374 E.0305
G1 X1.19 Y2.242 E.01873
G1 X1.4 Y2.118 E.0147
G1 X1.719 Y1.873 E.02429
G1 X2.059 Y1.495 E.03067
G1 X2.285 Y1.113 E.0268
G1 X2.487 Y.528 E.03733
G1 X2.537 Y.076 E.02746
G1 X2.514 Y-.384 E.02781
G1 X2.377 Y-.906 E.03254
G1 X2.138 Y-1.376 E.03182
G1 X1.767 Y-1.827 E.03526
G1 X1.434 Y-2.099 E.02592
G1 X.942 Y-2.363 E.03371
G1 X.424 Y-2.506 E.03242
G1 X.114 Y-2.537 E.01883
G1 X-.199 Y-2.534 E.01888
G1 X-.477 Y-2.495 E.01696
G1 X-.927 Y-2.369 E.02818
G1 X-1.206 Y-2.24 E.01856
G1 X-1.455 Y-2.087 E.01763
G1 X-1.861 Y-1.727 E.03274
G1 X-2.134 Y-1.38 E.02667
G1 X-2.36 Y-.941 E.02981
G1 X-2.464 Y-.609 E.02096
G1 X-2.516 Y-.35 E.01598
G1 X-2.536 Y-.155 E.01183
G1 X-2.536 Y.152 E.0185
G1 X-2.499 Y.456 E.01851
G1 X-2.383 Y.894 E.02734
G1 X-2.184 Y1.296 E.02704
G1 X-2.088 Y1.446 E.01076
G1 X-1.861 Y1.732 E.02205
G1 X-1.521 Y2.032 E.02738
;LAYER_CHANGE
;Z:4
;HEIGHT:0.2
;BEFORE_LAYER_CHANGE
;4
G1 E-1.2 F2100
;WIPE_START
G1 F9000
G1 X-1.469 Y2.078
G1 X-1.071 Y2.305
G1 X-.785 Y2.415
G1 X-.496 Y2.493
G1 X-.037 Y2.538
G1 X.368 Y2.51
;WIPE_END
;AFTER_LAYER_CHANGE
;4
;_SET_FAN_SPEED_CHANGING_LAYER
G17
G3 Z4.4 I.942 J-.771 P1  F30000
G1 X-1.874 Y-.227 Z4.4
G1 Z4
G1 E1.2 F2100
SET_VELOCITY_LIMIT ACCEL=5000
;TYPE:Outer wall
;WIDTH:0.62
G1 F1200
G1 X-1.765 Y-.669 E.02137
G1 X-1.57 Y-1.043 E.01984
G1 X-1.407 Y-1.256 E.01264
G1 X-1.079 Y-1.547 E.02059
G1 X-.876 Y-1.67 E.01115
G1 X-.66 Y-1.767 E.01115
G1 X-.227 Y-1.874 E.02095
G1 X.227 Y-1.874 E.0214
G1 X.669 Y-1.765 E.02137
G1 X1.043 Y-1.57 E.01984
G1 X1.249 Y-1.413 E.01219
G1 X1.418 Y-1.244 E.01124
G1 X1.666 Y-.885 E.0205
G1 X1.767 Y-.66 E.01159
G1 X1.874 Y-.227 E.02095
G1 X1.874 Y.218 E.02095
G1 X1.831 Y.451 E.01115
G1 X1.76 Y.678 E.01115
G1 X1.553 Y1.072 E.02095
G1 X1.258 Y1.406 E.02095
G1 X1.064 Y1.558 E.01159
G1 X.669 Y1.765 E.02095
G1 X.227 Y1.874 E.02139
G1 X-.218 Y1.874 E.02095
G1 X-.451 Y1.831 E.01115
G1 X-.678 Y1.76 E.01115
G1 X-1.072 Y1.553 E.02095
G1 X-1.406 Y1.258 E.02095
G1 X-1.558 Y1.064 E.01159
G1 X-1.765 Y.669 E.02095
G1 X-1.874 Y.227 E.02139
G1 X-1.874 Y-.191 E.0197
SET_VELOCITY_LIMIT ACCEL=10000
G1 E-1.2 F2100
;WIPE_START
G1 F7200
G1 X-1.765 Y-.669
G1 X-1.57 Y-1.043
G1 X-1.407 Y-1.256
G1 X-1.079 Y-1.547
G1 X-.876 Y-1.67
G1 X-.744 Y-1.729
;WIPE_END
G1 X-1.986 Y2.562 Z4.4 F30000
G1 Z4
G1 E1.2 F2100
SET_VELOCITY_LIMIT ACCEL=5000
G1 F1200
G1 X-2.027 Y2.535 E.00234
G1 X-2.447 Y2.132 E.02736
G1 X-2.786 Y1.665 E.02715
G1 X-3.039 Y1.141 E.02736
G1 X-3.193 Y.58 E.02736
G1 X-3.24 Y.194 E.01826
G1 X-3.24 Y-.199 E.01847
G1 X-3.152 Y-.774 E.02736
G1 X-2.965 Y-1.32 E.02715
G1 X-2.786 Y-1.665 E.01826
G1 X-2.568 Y-1.985 E.01826
G1 X-2.172 Y-2.412 E.02736
G1 X-1.706 Y-2.761 E.02736
G1 X-1.364 Y-2.945 E.01825
G1 X-1.003 Y-3.087 E.01826
G1 X-.623 Y-3.186 E.01847
G1 X-.247 Y-3.236 E.01782
G1 X.146 Y-3.242 E.01847
G1 X.536 Y-3.201 E.01847
G1 X1.095 Y-3.055 E.02714
G1 X1.452 Y-2.903 E.01826
G1 X1.788 Y-2.709 E.01825
G1 X2.099 Y-2.476 E.01826
G1 X2.383 Y-2.204 E.01847
G1 X2.623 Y-1.912 E.01782
G1 X2.922 Y-1.413 E.02736
G1 X3.073 Y-1.046 E.01862
G1 X3.137 Y-.829 E.01063
G1 X3.209 Y-.484 E.01658
G1 X3.244 Y-.097 E.01828
G1 X3.233 Y.291 E.01826
G1 X3.175 Y.675 E.01826
G1 X3.071 Y1.052 E.0184
G1 X2.835 Y1.58 E.02719
G1 X2.51 Y2.058 E.02717
G1 X2.24 Y2.349 E.01869
M73 P59 R1
G1 X1.951 Y2.594 E.01782
G1 X1.456 Y2.901 E.02736
G1 X.915 Y3.114 E.02736
G1 X.532 Y3.202 E.01847
G1 X.146 Y3.242 E.01826
G1 X-.243 Y3.237 E.01825
G1 X-.627 Y3.184 E.01826
G1 X-1.182 Y3.023 E.02715
G1 X-1.542 Y2.856 E.01869
G1 X-1.956 Y2.582 E.02334
SET_VELOCITY_LIMIT ACCEL=10000
G1 X-1.58 Y2.012 F30000
;TYPE:Gap infill
;WIDTH:0.824858
G1 F1200
G1 X-1.215 Y2.252 E.02787
G1 X-.935 Y2.389 E.01985
G1 X-.59 Y2.492 E.02292
G1 X-.314 Y2.544 E.01789
G1 X.263 Y2.55 E.03675
G1 X.72 Y2.457 E.02977
G1 X1.152 Y2.285 E.02958
G1 X1.549 Y2.043 E.02967
G1 X1.749 Y1.876 E.01659
G1 X1.979 Y1.624 E.02173
G1 X2.235 Y1.246 E.02913
G1 X2.426 Y.828 E.02922
G1 X2.495 Y.591 E.01577
G1 X2.544 Y.314 E.01789
G1 X2.55 Y-.263 E.03676
G1 X2.429 Y-.819 E.03629
G1 X2.271 Y-1.186 E.02546
G1 X1.961 Y-1.65 E.03558
G1 X1.676 Y-1.941 E.0259
G1 X1.378 Y-2.161 E.02361
G1 X.871 Y-2.414 E.03614
G1 X.356 Y-2.539 E.03378
G1 X-.2 Y-2.555 E.03544
G1 X-.486 Y-2.514 E.01839
G1 X-.848 Y-2.419 E.02383
G1 X-1.078 Y-2.326 E.0158
G1 X-1.343 Y-2.183 E.01918
G1 X-1.507 Y-2.069 E.01274
G1 X-1.875 Y-1.742 E.03136
G1 X-2.16 Y-1.378 E.02949
G1 X-2.379 Y-.95 E.03067
G1 X-2.484 Y-.614 E.02238
G1 X-2.536 Y-.355 E.01687
G1 X-2.557 Y-.156 E.01275
G1 X-2.55 Y.263 E.02665
G1 X-2.521 Y.452 E.0122
G1 X-2.403 Y.902 E.02965
G1 X-2.198 Y1.313 E.0293
G1 X-1.937 Y1.682 E.02876
G1 X-1.609 Y1.991 E.0287
;LAYER_CHANGE
;Z:4.2
;HEIGHT:0.2
;BEFORE_LAYER_CHANGE
;4.2
G1 E-1.2 F2100
;WIPE_START
G1 F9000
G1 X-1.215 Y2.252
G1 X-.935 Y2.389
G1 X-.59 Y2.492
G1 X-.314 Y2.544
G1 X.26 Y2.55
;WIPE_END
;AFTER_LAYER_CHANGE
;4.2
;_SET_FAN_SPEED_CHANGING_LAYER
G17
G3 Z4.6 I.965 J-.741 P1  F30000
G1 X-1.872 Y-.227 Z4.6
G1 Z4.2
G1 E1.2 F2100
SET_VELOCITY_LIMIT ACCEL=5000
;TYPE:Outer wall
;WIDTH:0.62
G1 F1200
G1 X-1.871 Y-.237 E.00046
G1 X-1.765 Y-.668 E.02091
G1 X-1.576 Y-1.033 E.01929
G1 X-1.408 Y-1.255 E.01312
G1 X-1.108 Y-1.525 E.01897
G1 X-.871 Y-1.673 E.01316
G1 X-.452 Y-1.832 E.02104
G1 X-.046 Y-1.884 E.01929
G1 X.234 Y-1.872 E.01316
G1 X.668 Y-1.765 E.02104
G1 X1.033 Y-1.576 E.01929
G1 X1.256 Y-1.408 E.01316
G1 X1.553 Y-1.072 E.02108
G1 X1.765 Y-.669 E.02139
G1 X1.871 Y-.237 E.02095
G1 X1.886 Y0 E.01115
G1 X1.871 Y.237 E.01115
G1 X1.765 Y.669 E.02095
G1 X1.554 Y1.071 E.02135
G1 X1.283 Y1.38 E.01929
G1 X1.066 Y1.556 E.01316
G1 X.669 Y1.765 E.02108
G1 X.237 Y1.871 E.02095
G1 X0 Y1.886 E.01115
G1 X-.237 Y1.871 E.01115
G1 X-.669 Y1.765 E.02095
G1 X-1.071 Y1.554 E.02135
G1 X-1.38 Y1.283 E.01929
G1 X-1.556 Y1.066 E.01316
G1 X-1.765 Y.669 E.02108
G1 X-1.871 Y.237 E.02095
G1 X-1.886 Y0 E.01115
G1 X-1.874 Y-.191 E.009
SET_VELOCITY_LIMIT ACCEL=10000
G1 E-1.2 F2100
;WIPE_START
G1 F7200
G1 X-1.871 Y-.237
G1 X-1.765 Y-.668
G1 X-1.576 Y-1.033
G1 X-1.408 Y-1.255
G1 X-1.108 Y-1.525
G1 X-.871 Y-1.673
G1 X-.743 Y-1.722
;WIPE_END
G1 X-2.005 Y2.639 Z4.6 F30000
G1 Z4.2
G1 E1.2 F2100
SET_VELOCITY_LIMIT ACCEL=5000
G1 F1200
G1 X-2.065 Y2.597 E.00344
G1 X-2.363 Y2.328 E.01888
G1 X-2.627 Y2.026 E.01888
G1 X-2.946 Y1.526 E.02786
G1 X-3.17 Y.979 E.02782
G1 X-3.265 Y.59 E.01881
G1 X-3.3 Y.328 E.01243
G1 X-3.318 Y.001 E.01541
G1 X-3.294 Y-.398 E.01881
G1 X-3.17 Y-.977 E.02782
G1 X-3.031 Y-1.349 E.01871
G1 X-2.846 Y-1.706 E.01888
G1 X-2.495 Y-2.186 E.02797
G1 X-2.065 Y-2.597 E.02797
G1 X-1.572 Y-2.921 E.02775
G1 X-1.21 Y-3.089 E.01876
G1 X-.96 Y-3.174 E.01243
G1 X-.642 Y-3.255 E.01541
G1 X-.246 Y-3.309 E.01881
G1 X.346 Y-3.299 E.02782
M73 P60 R1
G1 X.738 Y-3.234 E.01871
G1 X1.3 Y-3.053 E.02775
G1 X1.661 Y-2.872 E.01898
G1 X1.883 Y-2.73 E.01243
G1 X2.144 Y-2.531 E.01541
G1 X2.432 Y-2.256 E.01871
G1 X2.793 Y-1.79 E.02775
G1 X2.99 Y-1.437 E.01898
G1 X3.094 Y-1.194 E.01243
G1 X3.198 Y-.884 E.01541
G1 X3.281 Y-.49 E.01893
G1 X3.304 Y-.302 E.0089
G1 X3.305 Y.293 E.02797
G1 X3.245 Y.69 E.01888
G1 X3.139 Y1.074 E.01876
G1 X2.898 Y1.615 E.02782
G1 X2.566 Y2.104 E.0278
G1 X2.149 Y2.528 E.02797
G1 X1.828 Y2.769 E.01888
G1 X1.482 Y2.968 E.01877
G1 X.931 Y3.184 E.02782
G1 X.543 Y3.273 E.0187
G1 X.144 Y3.315 E.01888
G1 X-.316 Y3.301 E.02164
G1 X-.64 Y3.255 E.01541
G1 X-1.025 Y3.155 E.01871
G1 X-1.395 Y3.01 E.01866
G1 X-1.748 Y2.82 E.01888
G1 X-1.976 Y2.66 E.01309
SET_VELOCITY_LIMIT ACCEL=10000
G1 X-1.515 Y2.112 F30000
;TYPE:Gap infill
;WIDTH:0.897473
G1 F1200
G1 X-1.091 Y2.356 E.03404
G1 X-.803 Y2.471 E.02163
G1 X-.499 Y2.548 E.02186
G1 X-.25 Y2.588 E.01751
G1 X.026 Y2.598 E.01922
G1 X.306 Y2.581 E.01955
G1 X.724 Y2.493 E.02973
G1 X1.163 Y2.32 E.03287
G1 X1.433 Y2.171 E.02148
G1 X1.682 Y1.981 E.02179
G1 X2.01 Y1.643 E.03283
G1 X2.267 Y1.262 E.03197
G1 X2.461 Y.838 E.03248
G1 X2.539 Y.54 E.02148
G1 X2.589 Y.231 E.02177
G1 X2.583 Y-.306 E.03741
G1 X2.501 Y-.694 E.0276
G1 X2.426 Y-.941 E.01797
G1 X2.342 Y-1.12 E.01377
G1 X2.108 Y-1.517 E.0321
G1 X1.771 Y-1.902 E.03566
G1 X1.383 Y-2.2 E.03405
G1 X1.02 Y-2.391 E.02858
G1 X.871 Y-2.446 E.01101
G1 X.572 Y-2.531 E.02171
G1 X.276 Y-2.586 E.02093
G1 X-.196 Y-2.59 E.03291
G1 X-.673 Y-2.511 E.03367
G1 X-1.227 Y-2.294 E.04141
G1 X-1.613 Y-2.036 E.03237
G1 X-1.954 Y-1.717 E.03246
G1 X-2.199 Y-1.383 E.02889
G1 X-2.373 Y-1.057 E.02573
G1 X-2.48 Y-.77 E.02133
G1 X-2.569 Y-.382 E.02772
G1 X-2.6 Y-.026 E.02488
G1 X-2.572 Y.382 E.02848
G1 X-2.446 Y.873 E.03529
G1 X-2.305 Y1.192 E.02428
G1 X-2.172 Y1.422 E.01847
G1 X-1.918 Y1.752 E.02901
G1 X-1.542 Y2.089 E.03513
;LAYER_CHANGE
;Z:4.21
;HEIGHT:0.0100002
;BEFORE_LAYER_CHANGE
;4.21
G1 E-1.2 F2100
;WIPE_START
G1 F8776.518
G1 X-1.091 Y2.356
G1 X-.803 Y2.471
G1 X-.499 Y2.548
G1 X-.25 Y2.588
G1 X.026 Y2.598
G1 X.306 Y2.581
G1 X.348 Y2.572
;WIPE_END
;AFTER_LAYER_CHANGE
;4.21
;_SET_FAN_SPEED_CHANGING_LAYER
G17
G3 Z4.61 I-.117 J1.211 P1  F30000
G1 X3.369 Y2.864 Z4.61
G1 Z4.21
G1 E1.2 F2100
;TYPE:Support
;WIDTH:0.62
;HEIGHT:0.41
G1 F3309
G1 X3.41 Y2.817 E.0055
G1 X3.423 Y2.801 E.00183
G1 X3.572 Y2.608 E.02169
G1 X3.584 Y2.591 E.00183
G1 X3.722 Y2.39 E.02169
G1 X3.733 Y2.372 E.00183
G1 X3.858 Y2.163 E.02169
G1 X3.868 Y2.145 E.00183
G1 X3.98 Y1.928 E.02169
G1 X3.989 Y1.91 E.00183
G1 X4.032 Y1.815 E.00922
G1 X4.089 Y1.687 E.01249
G1 X4.097 Y1.668 E.00182
G1 X4.182 Y1.439 E.02168
G1 X4.189 Y1.42 E.00183
G1 X4.261 Y1.187 E.02168
G1 X4.266 Y1.167 E.00184
G1 X4.324 Y.93 E.02169
G1 X4.328 Y.91 E.00182
G1 X4.372 Y.669 E.0217
G1 X4.375 Y.649 E.00183
G1 X4.387 Y.546 E.00922
G1 X4.404 Y.407 E.01248
G1 X4.406 Y.386 E.00182
G1 X4.421 Y.143 E.02168
G1 X4.421 Y.122 E.00183
G1 X4.421 Y0 E.01084
G1 X4.576 Y0 E.01376
G1 X4.576 Y.135 E.01202
G1 X4.576 Y.139 E.0003
G1 X4.56 Y.409 E.02405
G1 X4.56 Y.412 E.0003
G1 X4.527 Y.681 E.02405
G1 X4.527 Y.684 E.0003
G1 X4.478 Y.95 E.02404
G1 X4.478 Y.953 E.0003
G1 X4.414 Y1.216 E.02405
G1 X4.413 Y1.22 E.0003
G1 X4.333 Y1.478 E.02405
G1 X4.332 Y1.481 E.0003
G1 X4.237 Y1.735 E.02405
G1 X4.236 Y1.738 E.0003
G1 X4.148 Y1.935 E.01919
G1 X4.125 Y1.985 E.00486
G1 X4.124 Y1.988 E.0003
G1 X3.999 Y2.228 E.02405
G1 X3.998 Y2.231 E.0003
G1 X3.859 Y2.463 E.02405
G1 X3.857 Y2.466 E.0003
G1 X3.705 Y2.69 E.02405
G1 X3.703 Y2.692 E.0003
G1 X3.575 Y2.857 E.01854
G1 X4.502 Y2.511 F30000
;TYPE:Support interface
G1 F2400
M106 S255
G1 X4.498 Y2.52 E.00085
G1 X4.35 Y2.767 E.02558
G1 X4.339 Y2.784 E.00183
G1 X4.177 Y3.022 E.02558
G1 X4.165 Y3.038 E.00183
G1 X3.988 Y3.266 E.02558
G1 X3.975 Y3.282 E.00183
G1 X3.786 Y3.499 E.02558
G1 X3.772 Y3.514 E.00183
G1 X3.708 Y3.579 E.00807
G1 X3.708 Y6.154 E.2289
G1 X2.781 Y6.154 E.08239
G1 X2.781 Y4.339 E.16132
G1 X2.587 Y4.459 E.02034
G1 X2.569 Y4.47 E.00183
G1 X2.315 Y4.606 E.02558
G1 X2.297 Y4.615 E.00183
G1 X2.036 Y4.736 E.02558
G1 X2.017 Y4.744 E.00183
G1 X1.854 Y4.808 E.01551
G1 X1.854 Y6.154 E.11962
G1 X.927 Y6.154 E.08239
G1 X.927 Y5.07 E.09639
G1 X.855 Y5.084 E.00656
G1 X.834 Y5.087 E.00183
G1 X.549 Y5.126 E.02558
G1 X.529 Y5.128 E.00183
G1 X.242 Y5.15 E.02558
G1 X.221 Y5.15 E.00183
G1 X0 Y5.154 E.01964
G1 X0 Y6.154 E.08891
G1 X-.927 Y6.154 E.08239
G1 X-.927 Y5.07 E.09637
G1 X-.986 Y5.06 E.00532
G1 X-1.006 Y5.056 E.00183
G1 X-1.287 Y4.992 E.02558
G1 X-1.307 Y4.987 E.00183
G1 X-1.583 Y4.906 E.02558
G1 X-1.603 Y4.9 E.00183
G1 X-1.854 Y4.81 E.02373
G1 X-1.854 Y6.154 E.11949
G1 X-2.781 Y6.154 E.08239
G1 X-2.781 Y4.339 E.16134
G1 X-2.959 Y4.221 E.01893
G1 X-2.976 Y4.21 E.00183
G1 X-3.206 Y4.037 E.02558
G1 X-3.222 Y4.024 E.00183
G1 X-3.442 Y3.838 E.02558
G1 X-3.457 Y3.824 E.00183
G1 X-3.665 Y3.625 E.02558
G1 X-3.68 Y3.611 E.00183
G1 X-3.708 Y3.58 E.00374
G1 X-3.708 Y6.154 E.2288
G1 X-4.635 Y6.154 E.08239
G1 X-4.635 Y2.251 E.34685
M73 P61 R1
G1 X-4.705 Y2.106 E.01432
G1 X-4.714 Y2.087 E.00183
G1 X-4.799 Y1.88 E.01995
G1 X-4.823 Y1.821 E.00563
G1 X-4.83 Y1.802 E.00183
G1 X-4.923 Y1.529 E.02558
G1 X-4.929 Y1.51 E.00183
G1 X-5.006 Y1.232 E.02558
G1 X-5.011 Y1.212 E.00183
G1 X-5.07 Y.931 E.02558
G1 X-5.074 Y.91 E.00183
G1 X-5.101 Y.734 E.01588
G1 X-4.413 Y.288 F30000
;TYPE:Support
G1 F3309
M106 S255
G1 X-4.393 Y.518 E.02047
G1 X-4.39 Y.538 E.00184
G1 X-4.354 Y.78 E.02169
G1 X-4.35 Y.8 E.00184
G1 X-4.299 Y1.039 E.02168
G1 X-4.294 Y1.059 E.00183
G1 X-4.229 Y1.294 E.0217
G1 X-4.223 Y1.314 E.00182
G1 X-4.145 Y1.544 E.02169
G1 X-4.137 Y1.564 E.00183
G1 X-4.045 Y1.789 E.02167
G1 X-4.036 Y1.808 E.00184
G1 X-3.931 Y2.028 E.02169
G1 X-3.921 Y2.047 E.00183
G1 X-3.871 Y2.137 E.00922
G1 X-3.802 Y2.26 E.01247
G1 X-3.792 Y2.277 E.00183
G1 X-3.66 Y2.483 E.02169
G1 X-3.649 Y2.5 E.00183
G1 X-3.505 Y2.698 E.02169
G1 X-3.493 Y2.714 E.00183
G1 X-3.427 Y2.794 E.00922
G1 X-3.338 Y2.902 E.01247
G1 X-3.324 Y2.918 E.00183
G1 X-3.176 Y3.077 E.01931
G1 X-3.387 Y3.077 E.01877
G1 X-3.263 Y3.212 E.01632
G1 X-3.26 Y3.214 E.0003
G1 X-3.065 Y3.401 E.02405
G1 X-3.062 Y3.403 E.0003
G1 X-2.856 Y3.578 E.02405
G1 X-2.853 Y3.58 E.0003
G1 X-2.637 Y3.743 E.02405
G1 X-2.634 Y3.745 E.0003
G1 X-2.408 Y3.894 E.02405
G1 X-2.405 Y3.895 E.00029
G1 X-2.171 Y4.031 E.02405
G1 X-2.168 Y4.032 E.0003
G1 X-1.926 Y4.153 E.02404
G1 X-1.923 Y4.155 E.0003
G1 X-1.674 Y4.261 E.02405
G1 X-1.671 Y4.262 E.00029
G1 X-1.416 Y4.354 E.02405
G1 X-1.413 Y4.355 E.0003
G1 X-1.153 Y4.43 E.02405
G1 X-1.15 Y4.431 E.0003
G1 X-.886 Y4.491 E.02405
G1 X-.883 Y4.492 E.00029
G1 X-.616 Y4.536 E.02405
G1 X-.613 Y4.537 E.00029
G1 X-.558 Y4.543 E.00487
G1 X-.344 Y4.565 E.01918
G1 X-.34 Y4.565 E.00029
G1 X-.07 Y4.578 E.02404
G1 X-.067 Y4.578 E.0003
G1 X.204 Y4.574 E.02405
G1 X.207 Y4.573 E.0003
G1 X.477 Y4.553 E.02404
G1 X.48 Y4.553 E.0003
G1 X.748 Y4.517 E.02405
G1 X.752 Y4.516 E.00029
G1 X1.017 Y4.464 E.02405
G1 X1.02 Y4.463 E.0003
G1 X1.282 Y4.395 E.02405
G1 X1.285 Y4.394 E.0003
G1 X1.543 Y4.31 E.02404
G1 X1.546 Y4.309 E.0003
G1 X1.597 Y4.289 E.00486
G1 X1.798 Y4.21 E.01918
G1 X1.801 Y4.209 E.0003
G1 X2.046 Y4.095 E.02405
G1 X2.049 Y4.094 E.0003
G1 X2.288 Y3.966 E.02405
G1 X2.291 Y3.964 E.0003
G1 X2.521 Y3.822 E.02405
G1 X2.523 Y3.82 E.0003
G1 X2.745 Y3.664 E.02404
G1 X2.747 Y3.662 E.0003
G1 X2.79 Y3.628 E.00486
G1 X2.959 Y3.493 E.01919
G1 X2.961 Y3.491 E.0003
G1 X3.163 Y3.31 E.02404
G1 X3.165 Y3.308 E.0003
G1 X3.355 Y3.115 E.02405
G1 X3.357 Y3.113 E.00029
G1 X3.388 Y3.077 E.0042
G1 X3.175 Y3.077 E.01895
G1 X3.064 Y3.19 E.01406
G1 X3.049 Y3.204 E.00183
G1 X2.868 Y3.367 E.02169
G1 X2.852 Y3.381 E.00183
G1 X2.742 Y3.468 E.01247
G1 X2.661 Y3.533 E.00922
G1 X2.645 Y3.545 E.00183
G1 X2.445 Y3.686 E.02168
G1 X2.428 Y3.697 E.00184
G1 X2.22 Y3.825 E.02169
G1 X2.203 Y3.836 E.00183
G1 X1.988 Y3.951 E.02169
G1 X1.969 Y3.96 E.00183
G1 X1.748 Y4.063 E.02169
G1 X1.729 Y4.071 E.00183
G1 X1.598 Y4.122 E.01247
G1 X1.502 Y4.16 E.00922
G1 X1.482 Y4.167 E.00183
G1 X1.25 Y4.243 E.02169
G1 X1.23 Y4.248 E.00183
G1 X.994 Y4.31 E.02168
G1 X.974 Y4.314 E.00184
G1 X.735 Y4.362 E.02169
G1 X.714 Y4.365 E.00183
G1 X.473 Y4.398 E.02169
G1 X.452 Y4.4 E.00184
G1 X.209 Y4.418 E.02167
G1 X.188 Y4.419 E.00183
G1 X-.056 Y4.423 E.02169
G1 X-.076 Y4.422 E.00183
G1 X-.32 Y4.411 E.02168
G1 X-.341 Y4.41 E.00182
G1 X-.584 Y4.384 E.0217
G1 X-.604 Y4.382 E.00183
G1 X-.845 Y4.342 E.02169
G1 X-.865 Y4.338 E.00183
G1 X-1.103 Y4.283 E.0217
G1 X-1.123 Y4.278 E.00182
G1 X-1.257 Y4.239 E.01247
G1 X-1.357 Y4.21 E.00922
G1 X-1.377 Y4.203 E.00183
G1 X-1.606 Y4.121 E.02169
G1 X-1.625 Y4.113 E.00183
G1 X-1.85 Y4.018 E.02169
G1 X-1.869 Y4.009 E.00183
G1 X-2.087 Y3.9 E.02169
G1 X-2.105 Y3.89 E.00183
G1 X-2.316 Y3.768 E.02169
G1 X-2.334 Y3.757 E.00183
G1 X-2.451 Y3.68 E.01247
G1 X-2.538 Y3.623 E.00922
G1 X-2.554 Y3.611 E.00183
G1 X-2.75 Y3.464 E.02169
G1 X-2.766 Y3.452 E.00183
G1 X-2.952 Y3.294 E.02169
G1 X-2.967 Y3.28 E.00183
G1 X-2.969 Y3.278 E.00025
G1 X-3.575 Y2.858 F30000
G1 F3309
G1 X-3.621 Y2.802 E.00642
G1 X-3.623 Y2.799 E.0003
G1 X-3.782 Y2.58 E.02405
G1 X-3.784 Y2.578 E.00029
G1 X-3.929 Y2.35 E.02405
G1 X-3.931 Y2.347 E.0003
G1 X-4.063 Y2.11 E.02404
G1 X-4.064 Y2.107 E.0003
G1 X-4.182 Y1.864 E.02404
G1 X-4.183 Y1.861 E.0003
G1 X-4.265 Y1.661 E.01918
G1 X-4.286 Y1.61 E.00486
G1 X-4.287 Y1.607 E.0003
G1 X-4.374 Y1.351 E.02404
G1 X-4.375 Y1.348 E.0003
G1 X-4.447 Y1.087 E.02405
G1 X-4.448 Y1.084 E.0003
G1 X-4.504 Y.819 E.02405
G1 X-4.505 Y.816 E.0003
G1 X-4.545 Y.548 E.02405
G1 X-4.546 Y.545 E.0003
G1 X-4.565 Y.33 E.01918
G1 X-4.57 Y.275 E.00486
G1 X-4.57 Y.272 E.00029
G1 X-4.578 Y.002 E.02405
G1 X-4.578 Y0 E.00015
G1 X-4.423 Y0 E.01379
G1 X-4.423 Y-.01 E.00092
G1 X-4.416 Y-.254 E.02169
G1 X-4.414 Y-.275 E.00183
G1 X-4.393 Y-.518 E.02168
G1 X-4.39 Y-.538 E.00184
G1 X-4.354 Y-.78 E.02169
G1 X-4.35 Y-.8 E.00184
G1 X-4.299 Y-1.039 E.02168
G1 X-4.294 Y-1.059 E.00183
G1 X-4.229 Y-1.294 E.02169
G1 X-4.223 Y-1.314 E.00182
G1 X-4.145 Y-1.544 E.02169
G1 X-4.137 Y-1.564 E.00183
G1 X-4.045 Y-1.789 E.02167
G1 X-4.036 Y-1.808 E.00184
G1 X-3.931 Y-2.028 E.02169
G1 X-3.921 Y-2.047 E.00183
G1 X-3.853 Y-2.169 E.01247
G1 X-3.802 Y-2.26 E.00922
G1 X-3.792 Y-2.277 E.00183
G1 X-3.66 Y-2.483 E.02169
G1 X-3.649 Y-2.5 E.00183
G1 X-3.505 Y-2.697 E.02169
G1 X-3.493 Y-2.714 E.00183
G1 X-3.403 Y-2.822 E.01247
G1 X-3.338 Y-2.902 E.00922
G1 X-3.324 Y-2.918 E.00183
G1 X-3.176 Y-3.077 E.01931
G1 X-3.387 Y-3.077 E.01877
G1 X-3.262 Y-3.212 E.01633
G1 X-3.26 Y-3.214 E.00029
G1 X-3.065 Y-3.401 E.02405
G1 X-3.062 Y-3.403 E.0003
G1 X-2.856 Y-3.578 E.02404
G1 X-2.853 Y-3.58 E.0003
G1 X-2.637 Y-3.743 E.02405
G1 X-2.634 Y-3.745 E.0003
G1 X-2.408 Y-3.894 E.02404
G1 X-2.405 Y-3.895 E.0003
G1 X-2.171 Y-4.031 E.02405
G1 X-2.168 Y-4.032 E.0003
G1 X-1.926 Y-4.153 E.02405
G1 X-1.923 Y-4.155 E.0003
G1 X-1.674 Y-4.261 E.02405
G1 X-1.671 Y-4.262 E.0003
G1 X-1.416 Y-4.354 E.02405
G1 X-1.413 Y-4.355 E.00029
G1 X-1.153 Y-4.43 E.02405
G1 X-1.15 Y-4.431 E.0003
G1 X-.886 Y-4.491 E.02405
G1 X-.883 Y-4.492 E.0003
G1 X-.616 Y-4.536 E.02405
G1 X-.613 Y-4.537 E.0003
G1 X-.344 Y-4.565 E.02405
G1 X-.34 Y-4.565 E.0003
G1 X-.07 Y-4.578 E.02404
G1 X-.067 Y-4.578 E.0003
G1 X.149 Y-4.574 E.01919
G1 X.204 Y-4.574 E.00486
G1 X.207 Y-4.573 E.0003
G1 X.477 Y-4.553 E.02404
G1 X.48 Y-4.553 E.00029
G1 X.748 Y-4.517 E.02405
G1 X.752 Y-4.516 E.00029
G1 X1.017 Y-4.464 E.02405
G1 X1.02 Y-4.463 E.00029
G1 X1.282 Y-4.395 E.02405
G1 X1.285 Y-4.394 E.00029
G1 X1.491 Y-4.327 E.01919
G1 X1.543 Y-4.31 E.00486
G1 X1.546 Y-4.309 E.0003
G1 X1.798 Y-4.21 E.02405
G1 X1.801 Y-4.209 E.00029
G1 X2.046 Y-4.095 E.02405
G1 X2.049 Y-4.094 E.00029
G1 X2.288 Y-3.966 E.02404
G1 X2.29 Y-3.964 E.0003
G1 X2.521 Y-3.822 E.02405
G1 X2.523 Y-3.82 E.0003
G1 X2.7 Y-3.696 E.01918
G1 X2.745 Y-3.664 E.00486
G1 X2.747 Y-3.662 E.0003
G1 X2.959 Y-3.493 E.02405
G1 X2.961 Y-3.491 E.0003
G1 X3.163 Y-3.31 E.02405
G1 X3.165 Y-3.308 E.0003
G1 X3.355 Y-3.115 E.02404
G1 X3.357 Y-3.113 E.0003
G1 X3.388 Y-3.077 E.0042
G1 X3.175 Y-3.077 E.01895
G1 X3.064 Y-3.19 E.01406
G1 X3.049 Y-3.204 E.00183
G1 X2.868 Y-3.367 E.02169
G1 X2.852 Y-3.381 E.00183
G1 X2.661 Y-3.533 E.02169
G1 X2.645 Y-3.545 E.00183
G1 X2.445 Y-3.686 E.02168
G1 X2.428 Y-3.697 E.00184
G1 X2.22 Y-3.825 E.02169
G1 X2.203 Y-3.836 E.00183
G1 X1.988 Y-3.951 E.02169
G1 X1.969 Y-3.96 E.00183
G1 X1.748 Y-4.063 E.02169
G1 X1.729 Y-4.071 E.00183
G1 X1.502 Y-4.16 E.02169
G1 X1.482 Y-4.167 E.00183
G1 X1.384 Y-4.199 E.00922
G1 X1.25 Y-4.243 E.01247
G1 X1.23 Y-4.248 E.00183
G1 X.994 Y-4.31 E.02168
G1 X.974 Y-4.314 E.00184
G1 X.735 Y-4.362 E.02169
G1 X.714 Y-4.365 E.00183
G1 X.473 Y-4.398 E.02169
G1 X.452 Y-4.4 E.00184
G1 X.209 Y-4.418 E.02168
G1 X.188 Y-4.419 E.00183
G1 X.084 Y-4.421 E.00922
G1 X-.056 Y-4.423 E.01247
G1 X-.076 Y-4.422 E.00183
G1 X-.32 Y-4.411 E.02169
G1 X-.341 Y-4.41 E.00182
G1 X-.584 Y-4.384 E.0217
G1 X-.604 Y-4.382 E.00183
G1 X-.845 Y-4.342 E.02169
G1 X-.865 Y-4.338 E.00183
G1 X-1.103 Y-4.283 E.0217
G1 X-1.123 Y-4.278 E.00182
G1 X-1.222 Y-4.249 E.00922
G1 X-1.357 Y-4.21 E.01247
G1 X-1.377 Y-4.203 E.00183
G1 X-1.606 Y-4.121 E.02169
G1 X-1.625 Y-4.113 E.00183
G1 X-1.85 Y-4.018 E.02169
G1 X-1.869 Y-4.009 E.00183
G1 X-2.087 Y-3.9 E.02169
G1 X-2.105 Y-3.89 E.00183
G1 X-2.316 Y-3.768 E.02169
G1 X-2.334 Y-3.757 E.00183
G1 X-2.42 Y-3.7 E.00922
G1 X-2.538 Y-3.623 E.01248
G1 X-2.554 Y-3.611 E.00183
G1 X-2.75 Y-3.464 E.02169
G1 X-2.766 Y-3.452 E.00183
G1 X-2.952 Y-3.294 E.02169
G1 X-2.967 Y-3.28 E.00183
G1 X-2.969 Y-3.278 E.00025
G1 E-1.2 F2100
;WIPE_START
G1 F6000
G1 X-2.967 Y-3.28
G1 X-2.952 Y-3.294
G1 X-2.766 Y-3.452
G1 X-2.75 Y-3.464
G1 X-2.554 Y-3.611
G1 X-2.538 Y-3.623
G1 X-2.42 Y-3.7
G1 X-2.334 Y-3.757
G1 X-2.316 Y-3.768
G1 X-2.105 Y-3.89
G1 X-2.087 Y-3.9
G1 X-1.869 Y-4.009
G1 X-1.85 Y-4.018
G1 X-1.625 Y-4.113
G1 X-1.606 Y-4.121
G1 X-1.377 Y-4.203
G1 X-1.357 Y-4.21
G1 X-1.238 Y-4.244
;WIPE_END
G1 X-5.101 Y-.734 Z4.61 F30000
G1 Z4.21
G1 E1.2 F2100
;TYPE:Support interface
G1 F2400
M106 S255
G1 X-5.074 Y-.91 E.01588
G1 X-5.07 Y-.931 E.00183
G1 X-5.011 Y-1.212 E.02558
G1 X-5.006 Y-1.232 E.00183
G1 X-4.929 Y-1.51 E.02558
G1 X-4.923 Y-1.529 E.00183
G1 X-4.83 Y-1.802 E.02558
G1 X-4.823 Y-1.821 E.00183
G1 X-4.738 Y-2.029 E.01995
G1 X-4.714 Y-2.087 E.00563
G1 X-4.705 Y-2.106 E.00183
G1 X-4.635 Y-2.251 E.01432
G1 X-4.635 Y-6.154 E.34685
G1 X-3.708 Y-6.154 E.08239
G1 X-3.708 Y-3.58 E.2288
G1 X-3.68 Y-3.611 E.00374
G1 X-3.665 Y-3.625 E.00183
G1 X-3.457 Y-3.824 E.02558
G1 X-3.442 Y-3.838 E.00183
G1 X-3.222 Y-4.024 E.02558
G1 X-3.206 Y-4.037 E.00183
G1 X-2.976 Y-4.21 E.02558
G1 X-2.959 Y-4.221 E.00183
G1 X-2.781 Y-4.339 E.01893
G1 X-2.781 Y-6.154 E.16134
G1 X-1.854 Y-6.154 E.08239
G1 X-1.854 Y-4.81 E.11949
G1 X-1.603 Y-4.9 E.02373
G1 X-1.583 Y-4.906 E.00183
G1 X-1.307 Y-4.987 E.02558
G1 X-1.287 Y-4.992 E.00183
G1 X-1.006 Y-5.056 E.02558
G1 X-.986 Y-5.06 E.00183
G1 X-.927 Y-5.07 E.00532
G1 X-.927 Y-6.154 E.09637
G1 X0 Y-6.154 E.08239
G1 X0 Y-5.154 E.08891
G1 X.158 Y-5.151 E.01401
G1 X.221 Y-5.15 E.00563
G1 X.242 Y-5.15 E.00183
G1 X.529 Y-5.128 E.02558
G1 X.549 Y-5.126 E.00183
G1 X.834 Y-5.087 E.02558
G1 X.855 Y-5.084 E.00183
G1 X.927 Y-5.07 E.00656
G1 X.927 Y-6.154 E.09639
G1 X1.854 Y-6.154 E.08239
G1 X1.854 Y-4.808 E.11962
G1 X2.017 Y-4.744 E.01551
G1 X2.036 Y-4.736 E.00183
G1 X2.297 Y-4.615 E.02558
G1 X2.315 Y-4.606 E.00183
G1 X2.569 Y-4.47 E.02558
G1 X2.587 Y-4.459 E.00183
G1 X2.781 Y-4.339 E.02034
G1 X2.781 Y-6.154 E.16132
G1 X3.708 Y-6.154 E.08239
G1 X3.708 Y-3.579 E.2289
G1 X3.772 Y-3.514 E.00807
G1 X3.786 Y-3.499 E.00183
G1 X3.975 Y-3.282 E.02558
G1 X3.988 Y-3.266 E.00183
G1 X4.165 Y-3.038 E.02558
G1 X4.177 Y-3.022 E.00183
G1 X4.339 Y-2.784 E.02558
G1 X4.35 Y-2.767 E.00183
G1 X4.498 Y-2.52 E.02558
G1 X4.508 Y-2.502 E.00183
G1 X4.635 Y-2.255 E.02466
G1 X4.635 Y-6.154 E.3465
G1 X5.562 Y-6.154 E.08239
G1 X5.562 Y6.154 E1.09387
G1 X4.635 Y6.154 E.08239
M73 P62 R1
G1 X4.635 Y2.255 E.3465
G1 X4.64 Y2.246 E.00092
G1 X4.649 Y2.227 E.00183
G1 X4.675 Y2.17 E.00563
G1 X4.766 Y1.965 E.01995
G1 X4.774 Y1.945 E.00183
G1 X4.875 Y1.676 E.02558
G1 X4.882 Y1.656 E.00183
G1 X4.967 Y1.381 E.02558
G1 X4.972 Y1.362 E.00183
G1 X5.04 Y1.082 E.02558
G1 X5.045 Y1.062 E.00183
G1 X5.096 Y.779 E.02558
G1 X5.099 Y.758 E.00183
G1 X5.101 Y.744 E.00124
G1 E-1.2 F2100
;WIPE_START
G1 F2400
G1 X5.099 Y.758
G1 X5.096 Y.779
G1 X5.045 Y1.062
G1 X5.04 Y1.082
G1 X4.972 Y1.362
G1 X4.967 Y1.381
G1 X4.882 Y1.656
G1 X4.875 Y1.676
G1 X4.774 Y1.945
G1 X4.766 Y1.965
G1 X4.675 Y2.17
G1 X4.649 Y2.227
G1 X4.64 Y2.246
G1 X4.635 Y2.255
G1 X4.635 Y2.668
;WIPE_END
G1 X5.851 Y6.154 Z4.61 F30000
G1 Z4.21
G1 E1.2 F2100
G1 F2400
G1 X6.154 Y6.154 E.02694
G1 X6.154 Y-6.154 E1.09387
G1 X5.851 Y-6.154 E.02694
G1 E-1.2 F2100
;WIPE_START
G1 F2400
G1 X6.154 Y-6.154
G1 X6.154 Y-4.457
;WIPE_END
G1 X-1.39 Y-5.613 Z4.61 F30000
G1 X-4.924 Y-6.154 Z4.61
G1 Z4.21
G1 E1.2 F2100
G1 F2400
G1 X-5.562 Y-6.154 E.05675
G1 X-5.562 Y6.154 E1.09387
G1 X-6.154 Y6.154 E.05259
G1 X-6.154 Y-6.154 E1.09387
G1 X-5.851 Y-6.154 E.02694
;LAYER_CHANGE
;Z:4.4
;HEIGHT:0.19
;BEFORE_LAYER_CHANGE
;4.4
G1 E-1.2 F2100
;WIPE_START
G1 F2400
G1 X-6.154 Y-6.154
G1 X-6.154 Y-4.457
;WIPE_END
;AFTER_LAYER_CHANGE
;4.4
;_SET_FAN_SPEED_CHANGING_LAYER
G17
G3 Z4.8 I-.912 J.805 P1  F30000
G1 X-2.448 Y-.259 Z4.8
G1 Z4.4
G1 E1.2 F2100
SET_VELOCITY_LIMIT ACCEL=5000
;TYPE:Inner wall
;HEIGHT:0.2
G1 F3309
M106 S255
G1 X-2.444 Y-.324 E.00304
G1 X-2.309 Y-.872 E.02655
G1 X-2.073 Y-1.329 E.0242
G1 X-1.835 Y-1.648 E.01872
G1 X-1.423 Y-2.014 E.02591
G1 X-1.122 Y-2.195 E.01653
G1 X-.594 Y-2.396 E.02655
G1 X-.084 Y-2.462 E.0242
G1 X.314 Y-2.447 E.01872
G1 X.872 Y-2.309 E.02702
G1 X1.329 Y-2.073 E.0242
G1 X1.648 Y-1.835 E.01872
G1 X2.032 Y-1.402 E.02718
G1 X2.308 Y-.875 E.02798
G1 X2.444 Y-.324 E.02671
G1 X2.464 Y0 E.01526
G1 X2.444 Y.324 E.01526
G1 X2.308 Y.875 E.02671
G1 X2.033 Y1.399 E.02782
G1 X1.695 Y1.787 E.0242
G1 X1.387 Y2.04 E.01872
G1 X.875 Y2.308 E.02718
G1 X.324 Y2.444 E.02671
G1 X0 Y2.464 E.01526
G1 X-.324 Y2.444 E.01526
G1 X-.875 Y2.308 E.02671
G1 X-1.399 Y2.033 E.02782
G1 X-1.787 Y1.695 E.0242
G1 X-2.04 Y1.387 E.01872
G1 X-2.308 Y.875 E.02718
G1 X-2.444 Y.324 E.02671
G1 X-2.464 Y0 E.01526
G1 X-2.45 Y-.224 E.01053
SET_VELOCITY_LIMIT ACCEL=10000
G1 X-1.872 Y-.225 F30000
SET_VELOCITY_LIMIT ACCEL=5000
;TYPE:Outer wall
G1 F3309
G1 X-1.871 Y-.237 E.00057
G1 X-1.765 Y-.668 E.02089
G1 X-1.582 Y-1.022 E.01874
G1 X-1.408 Y-1.255 E.01368
G1 X-1.079 Y-1.547 E.02067
G1 X-.868 Y-1.674 E.01159
G1 X-.453 Y-1.832 E.02089
G1 X-.057 Y-1.883 E.01874
G1 X.233 Y-1.872 E.01368
G1 X.668 Y-1.765 E.02106
G1 X1.022 Y-1.582 E.01874
G1 X1.255 Y-1.408 E.01368
G1 X1.553 Y-1.072 E.02111
G1 X1.765 Y-.669 E.02139
G1 X1.871 Y-.237 E.02095
G1 X1.886 Y0 E.01115
G1 X1.871 Y.237 E.01115
G1 X1.765 Y.669 E.02095
G1 X1.554 Y1.071 E.02134
G1 X1.292 Y1.371 E.01874
G1 X1.067 Y1.556 E.01368
G1 X.669 Y1.765 E.02111
G1 X.237 Y1.871 E.02095
G1 X0 Y1.886 E.01115
G1 X-.237 Y1.871 E.01115
G1 X-.669 Y1.765 E.02095
G1 X-1.071 Y1.554 E.02134
G1 X-1.371 Y1.292 E.01874
M73 P63 R1
G1 X-1.556 Y1.067 E.01368
G1 X-1.765 Y.669 E.02111
G1 X-1.871 Y.237 E.02095
G1 X-1.886 Y0 E.01115
G1 X-1.874 Y-.189 E.00889
SET_VELOCITY_LIMIT ACCEL=10000
G1 E-1.2 F2100
;WIPE_START
G1 F7200
G1 X-1.871 Y-.237
G1 X-1.765 Y-.668
G1 X-1.582 Y-1.022
G1 X-1.408 Y-1.255
G1 X-1.079 Y-1.547
G1 X-.868 Y-1.674
G1 X-.745 Y-1.721
;WIPE_END
G1 X-1.727 Y2.257 Z4.8 F30000
G1 Z4.4
G1 E1.2 F2100
SET_VELOCITY_LIMIT ACCEL=5000
;TYPE:Inner wall
G1 F3309
G1 X-1.77 Y2.229 E.00246
G1 X-2.03 Y1.995 E.01643
G1 X-2.208 Y1.794 E.01261
G1 X-2.351 Y1.605 E.01115
G1 X-2.493 Y1.371 E.01287
G1 X-2.598 Y1.163 E.01098
G1 X-2.724 Y.826 E.01689
G1 X-2.825 Y.34 E.02337
G1 X-2.846 Y0 E.01601
G1 X-2.825 Y-.353 E.01663
G1 X-2.719 Y-.839 E.02337
G1 X-2.598 Y-1.161 E.01617
G1 X-2.477 Y-1.4 E.01261
G1 X-2.353 Y-1.602 E.01115
G1 X-2.187 Y-1.82 E.01287
G1 X-2.031 Y-1.993 E.01098
G1 X-1.772 Y-2.227 E.01643
G1 X-1.353 Y-2.504 E.02357
G1 X-1.036 Y-2.651 E.01643
G1 X-.782 Y-2.735 E.01261
G1 X-.555 Y-2.791 E.01098
G1 X-.209 Y-2.838 E.01643
G1 X.292 Y-2.831 E.02357
G1 X.637 Y-2.774 E.01643
G1 X.895 Y-2.701 E.01261
G1 X1.114 Y-2.619 E.01098
G1 X1.435 Y-2.459 E.01689
G1 X1.84 Y-2.171 E.02337
G1 X2.086 Y-1.936 E.01601
G1 X2.311 Y-1.662 E.01663
G1 X2.533 Y-1.296 E.02014
G1 X2.633 Y-1.081 E.01115
G1 X2.783 Y-.597 E.02383
G1 X2.834 Y-.255 E.01626
G1 X2.845 Y.089 E.01617
G1 X2.823 Y.356 E.01261
G1 X2.785 Y.586 E.01098
G1 X2.692 Y.923 E.01643
G1 X2.488 Y1.381 E.02357
G1 X2.302 Y1.673 E.01626
G1 X2.078 Y1.946 E.01663
G1 X1.761 Y2.234 E.02014
G1 X1.572 Y2.372 E.01098
G1 X1.27 Y2.547 E.01643
G1 X.803 Y2.73 E.02357
G1 X.466 Y2.807 E.01626
G1 X.114 Y2.844 E.01663
G1 X-.199 Y2.84 E.01476
G1 X-.553 Y2.792 E.0168
G1 X-.813 Y2.726 E.01261
G1 X-1.035 Y2.651 E.01098
G1 X-1.352 Y2.504 E.01643
G1 X-1.697 Y2.277 E.01942
SET_VELOCITY_LIMIT ACCEL=10000
G1 X-2.052 Y2.737 F30000
SET_VELOCITY_LIMIT ACCEL=5000
;TYPE:Outer wall
G1 F3309
G1 X-2.133 Y2.678 E.00473
G1 X-2.44 Y2.402 E.01941
G1 X-2.655 Y2.16 E.01521
G1 X-2.829 Y1.929 E.01359
G1 X-2.998 Y1.651 E.0153
G1 X-3.127 Y1.394 E.01353
G1 X-3.273 Y1.005 E.01957
G1 X-3.399 Y.409 E.02865
G1 X-3.424 Y0 E.01926
G1 X-3.399 Y-.413 E.01948
G1 X-3.272 Y-1.009 E.02865
G1 X-3.127 Y-1.394 E.01932
G1 X-2.981 Y-1.682 E.01521
G1 X-2.829 Y-1.928 E.01358
G1 X-2.632 Y-2.187 E.0153
G1 X-2.441 Y-2.402 E.01353
G1 X-2.134 Y-2.678 E.01941
G1 X-1.871 Y-2.866 E.01521
G1 X-1.624 Y-3.014 E.01353
G1 X-1.25 Y-3.188 E.01941
G1 X-.943 Y-3.29 E.01521
G1 X-.664 Y-3.359 E.01353
G1 X-.255 Y-3.414 E.01941
G1 X.069 Y-3.422 E.01521
G1 X.356 Y-3.405 E.01353
G1 X.763 Y-3.338 E.01941
G1 X1.074 Y-3.25 E.01521
G1 X1.344 Y-3.149 E.01353
G1 X1.716 Y-2.963 E.01957
G1 X2.214 Y-2.612 E.02865
G1 X2.51 Y-2.329 E.01926
G1 X2.773 Y-2.009 E.01948
G1 X3.046 Y-1.561 E.02467
G1 X3.168 Y-1.299 E.01359
G1 X3.276 Y-.992 E.0153
G1 X3.349 Y-.714 E.01353
G1 X3.41 Y-.307 E.01935
G1 X3.422 Y.104 E.01932
G1 X3.396 Y.426 E.01521
G1 X3.35 Y.71 E.01353
G1 X3.24 Y1.108 E.0194
G1 X3.119 Y1.408 E.01521
G1 X2.991 Y1.666 E.01353
G1 X2.77 Y2.013 E.01935
G1 X2.507 Y2.332 E.01948
G1 X2.12 Y2.687 E.02467
G1 X1.888 Y2.857 E.01353
G1 X1.53 Y3.063 E.0194
G1 X1.234 Y3.192 E.01521
G1 X.962 Y3.286 E.01353
G1 X.561 Y3.378 E.01935
G1 X.149 Y3.421 E.01948
G1 X-.251 Y3.415 E.01882
G1 X-.663 Y3.359 E.01953
G1 X-.977 Y3.28 E.01521
G1 X-1.249 Y3.188 E.01353
G1 X-1.624 Y3.015 E.0194
G1 X-1.9 Y2.847 E.01521
G1 X-2.023 Y2.758 E.00711
;LAYER_CHANGE
;Z:4.6
;HEIGHT:0.2
;BEFORE_LAYER_CHANGE
;4.6
G1 E-1.2 F2100
;WIPE_START
G1 F7200
G1 X-2.133 Y2.678
G1 X-2.44 Y2.402
G1 X-2.655 Y2.16
G1 X-2.829 Y1.929
G1 X-2.998 Y1.651
G1 X-3.127 Y1.394
G1 X-3.206 Y1.183
;WIPE_END
;AFTER_LAYER_CHANGE
;4.6
;_SET_FAN_SPEED_CHANGING_LAYER
SET_VELOCITY_LIMIT ACCEL=10000
G17
G3 Z5 I1.078 J.564 P1  F30000
G1 X-2.435 Y-.292 Z5
G1 Z4.6
G1 E1.2 F2100
SET_VELOCITY_LIMIT ACCEL=5000
;TYPE:Inner wall
G1 F1200
G1 X-2.413 Y-.494 E.00959
G1 X-2.301 Y-.889 E.01928
G1 X-2.044 Y-1.378 E.026
G1 X-1.83 Y-1.651 E.01631
G1 X-1.478 Y-1.97 E.02232
G1 X-1.133 Y-2.191 E.01928
G1 X-.595 Y-2.395 E.02706
G1 X-.098 Y-2.461 E.0236
G1 X.312 Y-2.447 E.01928
G1 X.875 Y-2.308 E.02727
G1 X1.378 Y-2.044 E.02671
G1 X1.655 Y-1.827 E.01653
G1 X2.032 Y-1.402 E.02671
G1 X2.308 Y-.875 E.02799
G1 X2.444 Y-.324 E.02671
G1 X2.464 Y0 E.01526
G1 X2.444 Y.324 E.01526
G1 X2.308 Y.875 E.02671
G1 X2.032 Y1.402 E.02798
G1 X1.655 Y1.827 E.02671
G1 X1.378 Y2.044 E.01652
G1 X.875 Y2.308 E.02671
G1 X.324 Y2.444 E.02671
G1 X0 Y2.464 E.01526
G1 X-.324 Y2.444 E.01526
G1 X-.875 Y2.308 E.02671
G1 X-1.402 Y2.032 E.02798
G1 X-1.844 Y1.64 E.02777
G1 X-2.134 Y1.23 E.0236
G1 X-2.312 Y.861 E.01928
G1 X-2.444 Y.324 E.026
G1 X-2.465 Y-.022 E.01631
G1 X-2.439 Y-.256 E.01104
SET_VELOCITY_LIMIT ACCEL=10000
G1 X-1.862 Y-.228 F30000
SET_VELOCITY_LIMIT ACCEL=5000
;TYPE:Outer wall
G1 F1200
G1 X-1.844 Y-.383 E.00735
G1 X-1.762 Y-.674 E.01421
G1 X-1.558 Y-1.064 E.0207
G1 X-1.407 Y-1.257 E.01152
G1 X-1.126 Y-1.51 E.01776
G1 X-.872 Y-1.673 E.01421
G1 X-.453 Y-1.832 E.02107
G1 X-.069 Y-1.882 E.0182
G1 X.233 Y-1.872 E.01421
G1 X.669 Y-1.765 E.02115
G1 X1.064 Y-1.558 E.02095
G1 X1.258 Y-1.406 E.01159
G1 X1.553 Y-1.072 E.02095
G1 X1.765 Y-.669 E.0214
G1 X1.871 Y-.237 E.02095
G1 X1.886 Y0 E.01115
G1 X1.871 Y.237 E.01115
G1 X1.765 Y.669 E.02095
G1 X1.553 Y1.072 E.0214
G1 X1.258 Y1.406 E.02095
G1 X1.064 Y1.558 E.01159
G1 X.669 Y1.765 E.02095
G1 X.237 Y1.871 E.02095
G1 X0 Y1.886 E.01115
G1 X-.237 Y1.871 E.01115
G1 X-.669 Y1.765 E.02095
G1 X-1.072 Y1.553 E.0214
G1 X-1.411 Y1.253 E.02132
G1 X-1.635 Y.936 E.0182
G1 X-1.766 Y.664 E.01421
M73 P64 R1
G1 X-1.871 Y.237 E.0207
G1 X-1.886 Y-.008 E.01152
G1 X-1.866 Y-.192 E.00871
SET_VELOCITY_LIMIT ACCEL=10000
G1 E-1.2 F2100
;WIPE_START
G1 F7200
G1 X-1.844 Y-.383
G1 X-1.762 Y-.674
G1 X-1.558 Y-1.064
G1 X-1.407 Y-1.257
G1 X-1.126 Y-1.51
G1 X-.872 Y-1.673
G1 X-.741 Y-1.723
;WIPE_END
G1 X-1.779 Y2.404 Z5 F30000
G1 Z4.6
G1 E1.2 F2100
SET_VELOCITY_LIMIT ACCEL=5000
;TYPE:Inner wall
G1 F1200
G1 X-2.014 Y2.217 E.01413
G1 X-2.377 Y1.822 E.02525
G1 X-2.658 Y1.379 E.02465
G1 X-2.859 Y.894 E.02468
G1 X-2.946 Y.534 E.01741
G1 X-2.989 Y.18 E.01677
G1 X-2.973 Y-.357 E.02525
G1 X-2.861 Y-.883 E.02532
G1 X-2.664 Y-1.369 E.02468
G1 X-2.474 Y-1.687 E.01739
G1 X-2.247 Y-1.981 E.01747
G1 X-2.014 Y-2.217 E.0156
G1 X-1.724 Y-2.449 E.01747
G1 X-1.419 Y-2.637 E.01684
G1 X-.938 Y-2.844 E.02463
G1 X-.579 Y-2.938 E.01747
G1 X-.223 Y-2.986 E.01687
G1 X.302 Y-2.98 E.02468
G1 X.666 Y-2.919 E.01738
G1 X1.023 Y-2.815 E.01747
G1 X1.498 Y-2.593 E.02465
G1 X1.928 Y-2.292 E.02468
G1 X2.195 Y-2.036 E.01741
G1 X2.422 Y-1.761 E.01677
G1 X2.698 Y-1.299 E.02532
G1 X2.884 Y-.808 E.02468
G1 X2.982 Y-.282 E.02517
G1 X2.993 Y.09 E.01747
G1 X2.961 Y.447 E.01686
G1 X2.838 Y.957 E.02468
G1 X2.698 Y1.3 E.01741
G1 X2.422 Y1.762 E.02531
G1 X2.322 Y1.892 E.00772
G1 X1.947 Y2.276 E.02525
G1 X1.65 Y2.499 E.01747
G1 X1.328 Y2.685 E.01747
G1 X.84 Y2.874 E.02463
G1 X.491 Y2.954 E.01684
G1 X.121 Y2.993 E.01747
G1 X-.401 Y2.968 E.02458
G1 X-.926 Y2.848 E.02532
G1 X-1.409 Y2.643 E.02468
G1 X-1.724 Y2.449 E.01739
G1 X-1.751 Y2.427 E.00164
SET_VELOCITY_LIMIT ACCEL=10000
G1 X-2.139 Y2.856 F30000
SET_VELOCITY_LIMIT ACCEL=5000
;TYPE:Outer wall
G1 F1200
G1 X-2.394 Y2.652 E.01535
G1 X-2.542 Y2.511 E.00962
G1 X-2.829 Y2.182 E.02053
G1 X-2.949 Y2.016 E.00962
G1 X-3.171 Y1.645 E.02032
G1 X-3.341 Y1.266 E.01956
G1 X-3.413 Y1.057 E.01038
G1 X-3.515 Y.638 E.02029
G1 X-3.565 Y.225 E.01956
G1 X-3.573 Y.004 E.01039
G1 X-3.548 Y-.415 E.01975
G1 X-3.516 Y-.634 E.01039
G1 X-3.414 Y-1.053 E.02029
G1 X-3.268 Y-1.443 E.01956
G1 X-3.173 Y-1.642 E.01038
G1 X-2.952 Y-2.012 E.02028
G1 X-2.687 Y-2.354 E.02031
G1 X-2.394 Y-2.652 E.01966
G1 X-2.056 Y-2.921 E.02031
G1 X-1.693 Y-3.146 E.02009
G1 X-1.301 Y-3.327 E.02031
G1 X-1.108 Y-3.396 E.00962
G1 X-.69 Y-3.505 E.02031
G1 X-.267 Y-3.562 E.0201
G1 X.149 Y-3.569 E.01956
G1 X.369 Y-3.554 E.01038
G1 X.795 Y-3.483 E.02028
G1 X1.21 Y-3.362 E.02031
G1 X1.4 Y-3.287 E.00962
G1 X1.786 Y-3.094 E.02032
G1 X2.134 Y-2.865 E.01956
G1 X2.307 Y-2.728 E.01038
G1 X2.619 Y-2.43 E.02029
G1 X2.883 Y-2.109 E.01956
G1 X3.009 Y-1.927 E.01039
G1 X3.219 Y-1.55 E.02029
G1 X3.377 Y-1.165 E.01956
G1 X3.443 Y-.954 E.01038
G1 X3.534 Y-.528 E.0205
G1 X3.558 Y-.325 E.00961
G1 X3.571 Y.107 E.02031
G1 X3.533 Y.533 E.0201
G1 X3.446 Y.94 E.01956
G1 X3.382 Y1.151 E.01038
G1 X3.219 Y1.55 E.02029
G1 X3.016 Y1.914 E.01956
G1 X2.763 Y2.266 E.0204
G1 X2.466 Y2.586 E.02053
G1 X2.314 Y2.722 E.00962
G1 X1.968 Y2.981 E.02031
G1 X1.594 Y3.197 E.02031
G1 X1.408 Y3.283 E.00962
G1 X1.002 Y3.429 E.02031
G1 X.585 Y3.524 E.02009
G1 X.156 Y3.569 E.02031
G1 X-.049 Y3.572 E.00962
G1 X-.469 Y3.541 E.01978
G1 X-.686 Y3.506 E.01038
G1 X-1.104 Y3.398 E.02029
G1 X-1.492 Y3.246 E.01956
G1 X-1.689 Y3.148 E.01038
G1 X-2.056 Y2.921 E.02028
G1 X-2.111 Y2.878 E.00327
;LAYER_CHANGE
;Z:4.62
;HEIGHT:0.02
;BEFORE_LAYER_CHANGE
;4.62
G1 E-1.2 F2100
;WIPE_START
G1 F7200
G1 X-2.394 Y2.652
G1 X-2.542 Y2.511
G1 X-2.829 Y2.182
G1 X-2.949 Y2.016
G1 X-3.171 Y1.645
G1 X-3.318 Y1.317
;WIPE_END
;AFTER_LAYER_CHANGE
;4.62
;_SET_FAN_SPEED_CHANGING_LAYER
SET_VELOCITY_LIMIT ACCEL=10000
G17
G3 Z5.02 I.378 J-1.157 P1  F30000
G1 X-5.101 Y.734 Z5.02
G1 Z4.62
G1 E1.2 F2100
M73 P65 R1
;TYPE:Support interface
;HEIGHT:0.41
G1 F2400
M106 S255
G1 X-5.074 Y.91 E.01588
G1 X-5.07 Y.931 E.00183
G1 X-5.011 Y1.212 E.02558
G1 X-5.006 Y1.232 E.00183
G1 X-4.929 Y1.51 E.02558
G1 X-4.923 Y1.529 E.00183
G1 X-4.83 Y1.802 E.02558
G1 X-4.823 Y1.821 E.00183
G1 X-4.799 Y1.88 E.00563
G1 X-4.714 Y2.087 E.01995
G1 X-4.705 Y2.106 E.00183
G1 X-4.635 Y2.251 E.01432
G1 X-4.635 Y6.154 E.34685
G1 X-3.708 Y6.154 E.08239
G1 X-3.708 Y3.58 E.2288
G1 X-3.68 Y3.611 E.00374
G1 X-3.665 Y3.625 E.00183
G1 X-3.457 Y3.824 E.02558
G1 X-3.442 Y3.838 E.00183
G1 X-3.222 Y4.024 E.02558
G1 X-3.206 Y4.037 E.00183
G1 X-2.976 Y4.21 E.02558
G1 X-2.959 Y4.221 E.00183
G1 X-2.781 Y4.339 E.01893
G1 X-2.781 Y6.154 E.16134
G1 X-1.854 Y6.154 E.08239
G1 X-1.854 Y4.81 E.11949
G1 X-1.603 Y4.9 E.02373
G1 X-1.583 Y4.906 E.00183
G1 X-1.307 Y4.987 E.02558
G1 X-1.287 Y4.992 E.00183
G1 X-1.006 Y5.056 E.02558
G1 X-.986 Y5.06 E.00183
G1 X-.927 Y5.07 E.00532
G1 X-.927 Y6.154 E.09637
G1 X0 Y6.154 E.08239
G1 X0 Y5.154 E.08891
G1 X.221 Y5.15 E.01964
G1 X.242 Y5.15 E.00183
G1 X.529 Y5.128 E.02558
G1 X.549 Y5.126 E.00183
G1 X.834 Y5.087 E.02558
G1 X.855 Y5.084 E.00183
G1 X.927 Y5.07 E.00656
G1 X.927 Y6.154 E.09639
G1 X1.854 Y6.154 E.08239
G1 X1.854 Y4.808 E.11962
G1 X2.017 Y4.744 E.01551
G1 X2.036 Y4.736 E.00183
G1 X2.297 Y4.615 E.02558
G1 X2.315 Y4.606 E.00183
G1 X2.569 Y4.47 E.02558
G1 X2.587 Y4.459 E.00183
G1 X2.781 Y4.339 E.02034
G1 X2.781 Y6.154 E.16132
G1 X3.708 Y6.154 E.08239
G1 X3.708 Y3.579 E.2289
G1 X3.772 Y3.514 E.00807
G1 X3.786 Y3.499 E.00183
G1 X3.975 Y3.282 E.02558
G1 X3.988 Y3.266 E.00183
G1 X4.165 Y3.038 E.02558
G1 X4.177 Y3.022 E.00183
G1 X4.339 Y2.784 E.02558
G1 X4.35 Y2.767 E.00183
G1 X4.498 Y2.52 E.02558
G1 X4.502 Y2.511 E.00085
G1 E-1.2 F2100
;WIPE_START
G1 F2400
G1 X4.498 Y2.52
G1 X4.35 Y2.767
G1 X4.339 Y2.784
G1 X4.177 Y3.022
G1 X4.165 Y3.038
G1 X3.988 Y3.266
G1 X3.975 Y3.282
G1 X3.786 Y3.499
G1 X3.772 Y3.514
G1 X3.708 Y3.579
G1 X3.708 Y4.245
;WIPE_END
G1 X5.101 Y.744 Z5.02 F30000
G1 Z4.62
G1 E1.2 F2100
G1 F2400
G1 X5.099 Y.758 E.00124
G1 X5.096 Y.779 E.00183
G1 X5.045 Y1.062 E.02558
G1 X5.04 Y1.082 E.00183
G1 X4.972 Y1.362 E.02558
G1 X4.967 Y1.381 E.00183
G1 X4.882 Y1.656 E.02558
G1 X4.875 Y1.676 E.00183
G1 X4.774 Y1.945 E.02558
G1 X4.766 Y1.965 E.00183
G1 X4.675 Y2.17 E.01995
G1 X4.649 Y2.227 E.00563
G1 X4.64 Y2.246 E.00183
G1 X4.635 Y2.255 E.00092
G1 X4.635 Y6.154 E.3465
G1 X5.562 Y6.154 E.08239
G1 X5.562 Y-6.154 E1.09387
G1 X4.635 Y-6.154 E.08239
G1 X4.635 Y-2.255 E.3465
G1 X4.508 Y-2.502 E.02466
G1 X4.498 Y-2.52 E.00183
G1 X4.35 Y-2.767 E.02558
G1 X4.339 Y-2.784 E.00183
G1 X4.177 Y-3.022 E.02558
G1 X4.165 Y-3.038 E.00183
G1 X3.988 Y-3.266 E.02558
G1 X3.975 Y-3.282 E.00183
G1 X3.786 Y-3.499 E.02558
G1 X3.772 Y-3.514 E.00183
G1 X3.708 Y-3.579 E.00807
G1 X3.708 Y-6.154 E.2289
G1 X2.781 Y-6.154 E.08239
G1 X2.781 Y-4.339 E.16132
G1 X2.587 Y-4.459 E.02034
G1 X2.569 Y-4.47 E.00183
G1 X2.315 Y-4.606 E.02558
G1 X2.297 Y-4.615 E.00183
G1 X2.036 Y-4.736 E.02558
G1 X2.017 Y-4.744 E.00183
G1 X1.854 Y-4.808 E.01551
G1 X1.854 Y-6.154 E.11962
G1 X.927 Y-6.154 E.08239
G1 X.927 Y-5.07 E.09639
G1 X.855 Y-5.084 E.00656
G1 X.834 Y-5.087 E.00183
G1 X.549 Y-5.126 E.02558
G1 X.529 Y-5.128 E.00183
G1 X.242 Y-5.15 E.02558
G1 X.221 Y-5.15 E.00183
G1 X.158 Y-5.151 E.00563
G1 X0 Y-5.154 E.01401
G1 X0 Y-6.154 E.08891
G1 X-.927 Y-6.154 E.08239
G1 X-.927 Y-5.07 E.09637
G1 X-.986 Y-5.06 E.00532
G1 X-1.006 Y-5.056 E.00183
G1 X-1.287 Y-4.992 E.02558
G1 X-1.307 Y-4.987 E.00183
G1 X-1.583 Y-4.906 E.02558
G1 X-1.603 Y-4.9 E.00183
G1 X-1.854 Y-4.81 E.02373
G1 X-1.854 Y-6.154 E.11949
G1 X-2.781 Y-6.154 E.08239
G1 X-2.781 Y-4.339 E.16134
G1 X-2.959 Y-4.221 E.01893
G1 X-2.976 Y-4.21 E.00183
G1 X-3.206 Y-4.037 E.02558
G1 X-3.222 Y-4.024 E.00183
G1 X-3.442 Y-3.838 E.02558
G1 X-3.457 Y-3.824 E.00183
G1 X-3.665 Y-3.625 E.02558
G1 X-3.68 Y-3.611 E.00183
G1 X-3.708 Y-3.58 E.00374
G1 X-3.708 Y-6.154 E.2288
G1 X-4.635 Y-6.154 E.08239
G1 X-4.635 Y-2.251 E.34685
G1 X-4.705 Y-2.106 E.01432
G1 X-4.714 Y-2.087 E.00183
G1 X-4.738 Y-2.029 E.00563
G1 X-4.823 Y-1.821 E.01995
G1 X-4.83 Y-1.802 E.00183
G1 X-4.923 Y-1.529 E.02558
G1 X-4.929 Y-1.51 E.00183
G1 X-5.006 Y-1.232 E.02558
G1 X-5.011 Y-1.212 E.00183
G1 X-5.07 Y-.931 E.02558
G1 X-5.074 Y-.91 E.00183
G1 X-5.101 Y-.734 E.01588
G1 E-1.2 F2100
;WIPE_START
G1 F2400
G1 X-5.074 Y-.91
G1 X-5.07 Y-.931
G1 X-5.011 Y-1.212
G1 X-5.006 Y-1.232
G1 X-4.929 Y-1.51
G1 X-4.923 Y-1.529
M73 P66 R1
G1 X-4.83 Y-1.802
G1 X-4.823 Y-1.821
G1 X-4.738 Y-2.029
G1 X-4.714 Y-2.087
G1 X-4.705 Y-2.106
G1 X-4.635 Y-2.251
G1 X-4.635 Y-2.657
;WIPE_END
G1 X-4.924 Y-6.154 Z5.02 F30000
G1 Z4.62
G1 E1.2 F2100
G1 F2400
G1 X-5.562 Y-6.154 E.05675
G1 X-5.562 Y6.154 E1.09387
G1 X-6.154 Y6.154 E.05259
G1 X-6.154 Y-6.154 E1.09387
G1 X-5.851 Y-6.154 E.02694
G1 E-1.2 F2100
;WIPE_START
G1 F2400
G1 X-6.154 Y-6.154
G1 X-6.154 Y-4.457
;WIPE_END
G1 X1.403 Y-5.526 Z5.02 F30000
G1 X5.851 Y-6.154 Z5.02
G1 Z4.62
G1 E1.2 F2100
G1 F2400
G1 X6.154 Y-6.154 E.02694
G1 X6.154 Y6.154 E1.09387
G1 X5.851 Y6.154 E.02694
;LAYER_CHANGE
;Z:4.8
;HEIGHT:0.18
;BEFORE_LAYER_CHANGE
;4.8
G1 E-1.2 F2100
;WIPE_START
G1 F2400
G1 X6.154 Y6.154
G1 X6.154 Y4.457
;WIPE_END
;AFTER_LAYER_CHANGE
;4.8
;_SET_FAN_SPEED_CHANGING_LAYER
G17
G3 Z5.2 I.585 J-1.067 P1  F30000
G1 X-2.448 Y-.255 Z5.2
G1 Z4.8
G1 E1.2 F2100
SET_VELOCITY_LIMIT ACCEL=5000
;TYPE:Inner wall
;HEIGHT:0.2
G1 F2713
M106 S255
G1 X-2.444 Y-.324 E.00324
G1 X-2.308 Y-.875 E.02671
G1 X-2.044 Y-1.378 E.02671
G1 X-1.827 Y-1.655 E.01652
G1 X-1.423 Y-2.014 E.02544
G1 X-1.122 Y-2.195 E.01653
G1 X-.596 Y-2.395 E.02645
G1 X-.111 Y-2.46 E.023
G1 X.31 Y-2.447 E.01984
G1 X.875 Y-2.308 E.02736
G1 X1.378 Y-2.044 E.02671
G1 X1.655 Y-1.827 E.01652
G1 X2.032 Y-1.402 E.02671
G1 X2.308 Y-.875 E.02798
G1 X2.444 Y-.324 E.02671
G1 X2.464 Y0 E.01526
G1 X2.444 Y.324 E.01526
G1 X2.308 Y.875 E.02671
G1 X2.032 Y1.402 E.02798
G1 X1.655 Y1.827 E.02671
G1 X1.378 Y2.044 E.01653
G1 X.875 Y2.308 E.02671
G1 X.324 Y2.444 E.02671
G1 X0 Y2.464 E.01526
G1 X-.324 Y2.444 E.01526
G1 X-.875 Y2.308 E.02671
G1 X-1.402 Y2.032 E.02798
G1 X-1.827 Y1.655 E.02671
G1 X-2.044 Y1.378 E.01653
G1 X-2.308 Y.875 E.02671
G1 X-2.444 Y.324 E.02671
G1 X-2.464 Y0 E.01526
G1 X-2.45 Y-.219 E.01033
SET_VELOCITY_LIMIT ACCEL=10000
G1 X-1.872 Y-.22 F30000
SET_VELOCITY_LIMIT ACCEL=5000
;TYPE:Outer wall
G1 F2713
G1 X-1.871 Y-.237 E.00077
G1 X-1.765 Y-.669 E.02095
G1 X-1.558 Y-1.064 E.02095
G1 X-1.406 Y-1.258 E.01159
G1 X-1.079 Y-1.547 E.0205
G1 X-.868 Y-1.674 E.01159
G1 X-.453 Y-1.832 E.02086
G1 X-.081 Y-1.882 E.01766
G1 X.232 Y-1.872 E.01474
G1 X.669 Y-1.765 E.02118
G1 X1.064 Y-1.558 E.02095
G1 X1.258 Y-1.406 E.01159
G1 X1.553 Y-1.072 E.02095
G1 X1.765 Y-.669 E.02139
G1 X1.871 Y-.237 E.02095
G1 X1.886 Y0 E.01115
G1 X1.871 Y.237 E.01115
G1 X1.765 Y.669 E.02095
G1 X1.553 Y1.072 E.02139
G1 X1.258 Y1.406 E.02095
G1 X1.064 Y1.558 E.01159
G1 X.669 Y1.765 E.02095
G1 X.237 Y1.871 E.02095
G1 X0 Y1.886 E.01115
G1 X-.237 Y1.871 E.01115
G1 X-.669 Y1.765 E.02095
G1 X-1.072 Y1.553 E.02139
G1 X-1.406 Y1.258 E.02095
G1 X-1.558 Y1.064 E.01159
G1 X-1.765 Y.669 E.02095
G1 X-1.871 Y.237 E.02095
G1 X-1.886 Y0 E.01115
G1 X-1.874 Y-.184 E.00869
SET_VELOCITY_LIMIT ACCEL=10000
G1 E-1.2 F2100
;WIPE_START
G1 F7200
G1 X-1.871 Y-.237
G1 X-1.765 Y-.669
G1 X-1.558 Y-1.064
G1 X-1.406 Y-1.258
G1 X-1.079 Y-1.547
G1 X-.868 Y-1.674
G1 X-.749 Y-1.72
;WIPE_END
G1 X-1.907 Y2.587 Z5.2 F30000
G1 Z4.8
G1 E1.2 F2100
M73 P67 R1
SET_VELOCITY_LIMIT ACCEL=5000
;TYPE:Inner wall
G1 F2713
G1 X-2.088 Y2.445 E.01085
G1 X-2.414 Y2.126 E.0214
G1 X-2.657 Y1.812 E.01871
G1 X-2.861 Y1.47 E.01871
G1 X-3.073 Y.948 E.02649
G1 X-3.165 Y.571 E.01827
G1 X-3.203 Y.276 E.01398
G1 X-3.212 Y-.179 E.0214
G1 X-3.164 Y-.574 E.01872
G1 X-3.073 Y-.948 E.01809
G1 X-2.937 Y-1.312 E.01827
G1 X-2.802 Y-1.577 E.01397
G1 X-2.66 Y-1.808 E.01274
G1 X-2.414 Y-2.126 E.01896
G1 X-2.005 Y-2.514 E.02649
G1 X-1.691 Y-2.736 E.01809
G1 X-1.34 Y-2.924 E.01871
G1 X-1.007 Y-3.055 E.01685
G1 X-.622 Y-3.155 E.01871
G1 X-.237 Y-3.208 E.01827
G1 X.331 Y-3.199 E.0267
G1 X.716 Y-3.135 E.01833
G1 X1.098 Y-3.024 E.01871
G1 X1.427 Y-2.883 E.01685
G1 X1.772 Y-2.684 E.01871
G1 X2.079 Y-2.453 E.01809
G1 X2.476 Y-2.053 E.02649
G1 X2.71 Y-1.731 E.01871
G1 X2.899 Y-1.392 E.01827
G1 X3.099 Y-.861 E.0267
G1 X3.18 Y-.479 E.01833
G1 X3.216 Y-.083 E.01871
G1 X3.205 Y.275 E.01685
G1 X3.146 Y.669 E.01871
G1 X3.042 Y1.043 E.01827
G1 X2.812 Y1.562 E.0267
G1 X2.602 Y1.89 E.01833
G1 X2.349 Y2.198 E.01872
G1 X1.929 Y2.573 E.02649
G1 X1.605 Y2.787 E.01827
G1 X1.34 Y2.922 E.01397
G1 X1.086 Y3.028 E.01292
G1 X.797 Y3.115 E.01422
G1 X.532 Y3.172 E.01274
G1 X.131 Y3.214 E.01896
G1 X-.435 Y3.187 E.02667
G1 X-.989 Y3.061 E.0267
G1 X-1.352 Y2.918 E.01833
G1 X-1.844 Y2.636 E.02667
G1 X-1.878 Y2.609 E.00206
SET_VELOCITY_LIMIT ACCEL=10000
G1 X-2.263 Y3.041 F30000
SET_VELOCITY_LIMIT ACCEL=5000
;TYPE:Outer wall
G1 F2713
G1 X-2.462 Y2.885 E.01189
G1 X-2.854 Y2.5 E.02584
G1 X-3.135 Y2.137 E.02159
G1 X-3.37 Y1.744 E.02153
G1 X-3.464 Y1.548 E.01022
G1 X-3.626 Y1.118 E.02161
G1 X-3.733 Y.676 E.02139
G1 X-3.779 Y.327 E.01655
G1 X-3.788 Y-.222 E.02582
G1 X-3.733 Y-.677 E.02155
G1 X-3.626 Y-1.118 E.02134
G1 X-3.466 Y-1.544 E.0214
G1 X-3.306 Y-1.859 E.01661
G1 X-3.136 Y-2.136 E.01528
G1 X-2.854 Y-2.5 E.02165
G1 X-2.706 Y-2.66 E.01025
G1 X-2.366 Y-2.966 E.02151
G1 X-1.995 Y-3.228 E.02136
G1 X-1.591 Y-3.445 E.02157
G1 X-1.177 Y-3.607 E.02091
G1 X-.733 Y-3.723 E.02158
G1 X-.282 Y-3.784 E.0214
G1 X.07 Y-3.792 E.01656
G1 X.395 Y-3.774 E.01531
G1 X.844 Y-3.699 E.02141
G1 X1.284 Y-3.57 E.02156
G1 X1.693 Y-3.396 E.0209
G1 X2.09 Y-3.166 E.02158
G1 X2.453 Y-2.894 E.02133
G1 X2.785 Y-2.577 E.02159
G1 X2.928 Y-2.413 E.01023
G1 X3.197 Y-2.043 E.02151
G1 X3.419 Y-1.645 E.02143
G1 X3.555 Y-1.32 E.01657
G1 X3.657 Y-1.011 E.0153
G1 X3.752 Y-.565 E.02144
G1 X3.793 Y-.109 E.02153
G1 X3.78 Y.336 E.02093
G1 X3.711 Y.789 E.02155
G1 X3.59 Y1.228 E.02141
G1 X3.459 Y1.555 E.01657
G1 X3.315 Y1.846 E.01527
G1 X3.07 Y2.23 E.02142
G1 X2.778 Y2.584 E.02158
G1 X2.626 Y2.739 E.01021
G1 X2.276 Y3.036 E.02159
G1 X1.896 Y3.287 E.02142
G1 X1.582 Y3.447 E.01657
G1 X1.28 Y3.572 E.01537
G1 X.941 Y3.674 E.01665
G1 X.623 Y3.743 E.0153
G1 X.166 Y3.791 E.02161
G1 X-.052 Y3.794 E.01025
G1 X-.511 Y3.76 E.02164
G1 X-.857 Y3.695 E.01656
G1 X-1.171 Y3.609 E.01531
G1 X-1.595 Y3.443 E.02141
G1 X-1.999 Y3.225 E.02159
G1 X-2.181 Y3.105 E.01025
G1 X-2.234 Y3.063 E.00318
SET_VELOCITY_LIMIT ACCEL=10000
G1 X-1.623 Y2.334 F30000
;TYPE:Gap infill
;WIDTH:0.219438
G1 F2713
G1 X-1.016 Y2.652 E.00986
G1 X-.386 Y2.815 E.00936
G1 X.005 Y2.836 E.00564
G1 X.472 Y2.798 E.00674
G1 X.998 Y2.661 E.00782
G1 X1.574 Y2.361 E.00934
G1 X1.914 Y2.092 E.00624
G1 X2.067 Y1.939 E.00311
G1 X2.333 Y1.622 E.00595
G1 X2.477 Y1.375 E.00412
G1 X2.651 Y1.016 E.00574
G1 X2.812 Y.387 E.00933
G1 X2.839 Y-.005 E.00566
G1 X2.807 Y-.423 E.00603
G1 X2.65 Y-1.015 E.00881
G1 X2.555 Y-1.226 E.00333
G1 X2.344 Y-1.606 E.00625
G1 X2.179 Y-1.812 E.0038
G1 X1.905 Y-2.104 E.00576
G1 X1.565 Y-2.37 E.00621
G1 X.999 Y-2.662 E.00916
G1 X.37 Y-2.816 E.00931
G1 X-.124 Y-2.834 E.0071
G1 X-.696 Y-2.753 E.00832
G1 X-1.279 Y-2.535 E.00894
G1 X-1.65 Y-2.31 E.00624
G1 X-2.105 Y-1.906 E.00876
G1 X-2.364 Y-1.576 E.00603
G1 X-2.652 Y-1.016 E.00905
G1 X-2.812 Y-.388 E.00933
G1 X-2.837 Y-.005 E.00551
G1 X-2.813 Y.388 E.00566
G1 X-2.657 Y.997 E.00905
G1 X-2.522 Y1.291 E.00465
G1 X-2.363 Y1.575 E.00469
G1 X-2.095 Y1.917 E.00625
G1 X-1.65 Y2.31 E.00853
;LAYER_CHANGE
;Z:4.82
;HEIGHT:0.02
;BEFORE_LAYER_CHANGE
;4.82
G1 E-1.2 F2100
;WIPE_START
G1 F9000
G1 X-1.016 Y2.652
G1 X-.386 Y2.815
G1 X.005 Y2.836
G1 X.241 Y2.817
;WIPE_END
;AFTER_LAYER_CHANGE
;4.82
;_SET_FAN_SPEED_CHANGING_LAYER
G17
G3 Z5.22 I.087 J1.214 P1  F30000
G1 X4.502 Y2.511 Z5.22
G1 Z4.82
G1 E1.2 F2100
;TYPE:Support interface
;WIDTH:0.62
;HEIGHT:0.2
G1 F2400
M106 S255
G1 X4.498 Y2.52 E.00045
G1 X4.35 Y2.767 E.01353
G1 X4.339 Y2.784 E.00097
G1 X4.177 Y3.022 E.01354
G1 X4.165 Y3.038 E.00097
G1 X3.988 Y3.266 E.01354
G1 X3.975 Y3.282 E.00097
G1 X3.786 Y3.499 E.01354
G1 X3.772 Y3.514 E.00097
G1 X3.708 Y3.579 E.00427
G1 X3.708 Y6.154 E.12111
G1 X2.781 Y6.154 E.0436
G1 X2.781 Y4.339 E.08536
G1 X2.587 Y4.459 E.01076
G1 X2.569 Y4.47 E.00097
G1 X2.315 Y4.606 E.01354
G1 X2.297 Y4.615 E.00097
G1 X2.036 Y4.736 E.01354
G1 X2.017 Y4.744 E.00097
G1 X1.854 Y4.808 E.00821
G1 X1.854 Y6.154 E.0633
G1 X.927 Y6.154 E.0436
G1 X.927 Y5.07 E.051
G1 X.855 Y5.084 E.00347
G1 X.834 Y5.087 E.00097
G1 X.549 Y5.126 E.01354
G1 X.529 Y5.128 E.00097
G1 X.242 Y5.15 E.01354
G1 X.221 Y5.15 E.00097
G1 X0 Y5.154 E.01039
G1 X0 Y6.154 E.04704
G1 X-.927 Y6.154 E.0436
G1 X-.927 Y5.07 E.05099
G1 X-.986 Y5.06 E.00282
G1 X-1.006 Y5.056 E.00097
G1 X-1.287 Y4.992 E.01354
G1 X-1.307 Y4.987 E.00097
G1 X-1.583 Y4.906 E.01354
G1 X-1.603 Y4.9 E.00097
G1 X-1.854 Y4.81 E.01255
G1 X-1.854 Y6.154 E.06323
G1 X-2.781 Y6.154 E.0436
G1 X-2.781 Y4.339 E.08537
G1 X-2.959 Y4.221 E.01002
G1 X-2.976 Y4.21 E.00097
G1 X-3.206 Y4.037 E.01354
G1 X-3.222 Y4.024 E.00097
G1 X-3.442 Y3.838 E.01354
G1 X-3.457 Y3.824 E.00097
G1 X-3.665 Y3.625 E.01354
G1 X-3.68 Y3.611 E.00097
G1 X-3.708 Y3.58 E.00198
G1 X-3.708 Y6.154 E.12106
G1 X-4.635 Y6.154 E.0436
G1 X-4.635 Y2.251 E.18353
G1 X-4.705 Y2.106 E.00758
G1 X-4.714 Y2.087 E.00097
G1 X-4.799 Y1.88 E.01056
G1 X-4.823 Y1.821 E.00298
G1 X-4.83 Y1.802 E.00097
G1 X-4.923 Y1.529 E.01354
G1 X-4.929 Y1.51 E.00097
G1 X-5.006 Y1.232 E.01353
G1 X-5.011 Y1.212 E.00097
G1 X-5.071 Y.931 E.01354
G1 X-5.074 Y.91 E.00097
G1 X-5.101 Y.734 E.0084
G1 E-1.2 F2100
;WIPE_START
G1 F2400
M73 P68 R1
G1 X-5.074 Y.91
G1 X-5.071 Y.931
G1 X-5.011 Y1.212
G1 X-5.006 Y1.232
G1 X-4.929 Y1.51
G1 X-4.923 Y1.529
G1 X-4.83 Y1.802
G1 X-4.823 Y1.821
G1 X-4.799 Y1.88
G1 X-4.714 Y2.087
G1 X-4.705 Y2.106
G1 X-4.635 Y2.251
G1 X-4.635 Y2.657
;WIPE_END
G1 X-5.101 Y-.734 Z5.22 F30000
G1 Z4.82
G1 E1.2 F2100
G1 F2400
G1 X-5.074 Y-.91 E.0084
G1 X-5.071 Y-.931 E.00097
G1 X-5.011 Y-1.212 E.01354
G1 X-5.006 Y-1.232 E.00097
G1 X-4.929 Y-1.51 E.01354
G1 X-4.923 Y-1.529 E.00097
G1 X-4.83 Y-1.802 E.01354
G1 X-4.823 Y-1.821 E.00097
G1 X-4.738 Y-2.029 E.01056
G1 X-4.714 Y-2.087 E.00298
G1 X-4.705 Y-2.106 E.00097
G1 X-4.635 Y-2.251 E.00758
G1 X-4.635 Y-6.154 E.18353
G1 X-3.708 Y-6.154 E.0436
G1 X-3.708 Y-3.58 E.12106
G1 X-3.68 Y-3.611 E.00198
G1 X-3.665 Y-3.625 E.00097
G1 X-3.457 Y-3.824 E.01354
G1 X-3.442 Y-3.838 E.00097
G1 X-3.222 Y-4.024 E.01354
G1 X-3.206 Y-4.037 E.00097
G1 X-2.976 Y-4.21 E.01354
G1 X-2.959 Y-4.221 E.00097
G1 X-2.781 Y-4.339 E.01002
G1 X-2.781 Y-6.154 E.08537
G1 X-1.854 Y-6.154 E.0436
G1 X-1.854 Y-4.81 E.06323
G1 X-1.603 Y-4.9 E.01255
G1 X-1.583 Y-4.906 E.00097
G1 X-1.307 Y-4.987 E.01354
G1 X-1.287 Y-4.992 E.00097
G1 X-1.006 Y-5.056 E.01354
G1 X-.986 Y-5.06 E.00097
G1 X-.927 Y-5.07 E.00282
G1 X-.927 Y-6.154 E.05099
G1 X0 Y-6.154 E.0436
G1 X0 Y-5.154 E.04704
G1 X.158 Y-5.151 E.00742
G1 X.221 Y-5.15 E.00298
G1 X.242 Y-5.15 E.00097
G1 X.529 Y-5.128 E.01354
G1 X.549 Y-5.126 E.00097
G1 X.834 Y-5.087 E.01354
G1 X.855 Y-5.084 E.00097
G1 X.927 Y-5.07 E.00347
G1 X.927 Y-6.154 E.051
G1 X1.854 Y-6.154 E.0436
G1 X1.854 Y-4.808 E.0633
G1 X2.017 Y-4.744 E.00821
G1 X2.036 Y-4.736 E.00097
G1 X2.297 Y-4.615 E.01354
G1 X2.315 Y-4.606 E.00097
G1 X2.569 Y-4.47 E.01354
G1 X2.587 Y-4.459 E.00097
G1 X2.781 Y-4.339 E.01076
G1 X2.781 Y-6.154 E.08536
G1 X3.708 Y-6.154 E.0436
G1 X3.708 Y-3.579 E.12111
G1 X3.772 Y-3.514 E.00427
G1 X3.786 Y-3.499 E.00097
G1 X3.975 Y-3.282 E.01353
G1 X3.988 Y-3.266 E.00097
G1 X4.165 Y-3.038 E.01354
G1 X4.177 Y-3.022 E.00097
G1 X4.339 Y-2.784 E.01354
G1 X4.35 Y-2.767 E.00097
G1 X4.498 Y-2.52 E.01354
G1 X4.508 Y-2.502 E.00097
G1 X4.635 Y-2.255 E.01305
G1 X4.635 Y-6.154 E.18334
G1 X5.562 Y-6.154 E.0436
G1 X5.562 Y6.154 E.5788
G1 X4.635 Y6.154 E.0436
G1 X4.635 Y2.255 E.18334
G1 X4.64 Y2.246 E.00049
G1 X4.649 Y2.227 E.00097
G1 X4.675 Y2.17 E.00298
G1 X4.766 Y1.965 E.01056
G1 X4.774 Y1.945 E.00097
G1 X4.875 Y1.676 E.01354
G1 X4.882 Y1.656 E.00097
G1 X4.967 Y1.381 E.01354
G1 X4.972 Y1.362 E.00097
G1 X5.04 Y1.082 E.01354
G1 X5.045 Y1.062 E.00097
G1 X5.096 Y.779 E.01354
G1 X5.099 Y.758 E.00097
G1 X5.101 Y.744 E.00065
G1 E-1.2 F2100
;WIPE_START
G1 F2400
G1 X5.099 Y.758
G1 X5.096 Y.779
G1 X5.045 Y1.062
G1 X5.04 Y1.082
G1 X4.972 Y1.362
G1 X4.967 Y1.381
G1 X4.882 Y1.656
G1 X4.875 Y1.676
G1 X4.774 Y1.945
G1 X4.766 Y1.965
G1 X4.675 Y2.17
G1 X4.649 Y2.227
G1 X4.64 Y2.246
G1 X4.635 Y2.255
G1 X4.635 Y2.668
;WIPE_END
G1 X5.851 Y6.154 Z5.22 F30000
G1 Z4.82
G1 E1.2 F2100
G1 F2400
G1 X6.154 Y6.154 E.01426
G1 X6.154 Y-6.154 E.5788
G1 X5.851 Y-6.154 E.01426
G1 E-1.2 F2100
;WIPE_START
G1 F2400
G1 X6.154 Y-6.154
G1 X6.154 Y-4.457
;WIPE_END
G1 X-1.39 Y-5.613 Z5.22 F30000
G1 X-4.924 Y-6.154 Z5.22
G1 Z4.82
G1 E1.2 F2100
G1 F2400
G1 X-5.562 Y-6.154 E.03003
G1 X-5.562 Y6.154 E.5788
G1 X-6.154 Y6.154 E.02782
M73 P69 R1
G1 X-6.154 Y-6.154 E.5788
G1 X-5.851 Y-6.154 E.01426
;LAYER_CHANGE
;Z:5
;HEIGHT:0.18
;BEFORE_LAYER_CHANGE
;5
G1 E-1.2 F2100
;WIPE_START
G1 F2400
G1 X-6.154 Y-6.154
G1 X-6.154 Y-4.457
;WIPE_END
;AFTER_LAYER_CHANGE
;5
;_SET_FAN_SPEED_CHANGING_LAYER
G17
G3 Z5.4 I-.913 J.805 P1  F30000
G1 X-2.448 Y-.252 Z5.4
G1 Z5
G1 E1.2 F2100
SET_VELOCITY_LIMIT ACCEL=5000
;TYPE:Inner wall
;HEIGHT:0.2
G1 F4041
M106 S255
G1 X-2.444 Y-.324 E.00338
G1 X-2.315 Y-.849 E.02544
G1 X-2.17 Y-1.17 E.01653
G1 X-1.848 Y-1.637 E.02671
G1 X-1.423 Y-2.014 E.02671
G1 X-1.122 Y-2.195 E.01653
G1 X-.597 Y-2.394 E.02639
G1 X-.125 Y-2.459 E.02241
G1 X.309 Y-2.448 E.0204
G1 X.849 Y-2.315 E.02616
G1 X1.17 Y-2.17 E.01653
G1 X1.637 Y-1.848 E.02671
G1 X2.032 Y-1.402 E.02799
G1 X2.308 Y-.875 E.02798
G1 X2.444 Y-.324 E.02671
G1 X2.464 Y0 E.01526
G1 X2.444 Y.324 E.01526
G1 X2.308 Y.875 E.02671
G1 X2.035 Y1.396 E.02767
G1 X1.724 Y1.758 E.02241
G1 X1.392 Y2.037 E.0204
G1 X.875 Y2.308 E.02744
G1 X.324 Y2.444 E.02671
G1 X0 Y2.464 E.01526
G1 X-.324 Y2.444 E.01526
G1 X-.875 Y2.308 E.02671
G1 X-1.396 Y2.035 E.02767
G1 X-1.758 Y1.724 E.02241
G1 X-2.037 Y1.392 E.0204
G1 X-2.308 Y.875 E.02744
G1 X-2.444 Y.324 E.02671
G1 X-2.464 Y0 E.01526
G1 X-2.451 Y-.216 E.01019
SET_VELOCITY_LIMIT ACCEL=10000
G1 X-1.872 Y-.217 F30000
SET_VELOCITY_LIMIT ACCEL=5000
;TYPE:Outer wall
G1 F4041
G1 X-1.871 Y-.237 E.00091
G1 X-1.767 Y-.66 E.0205
G1 X-1.666 Y-.885 E.01159
G1 X-1.413 Y-1.251 E.02095
G1 X-1.079 Y-1.547 E.02095
G1 X-.868 Y-1.674 E.01159
G1 X-.454 Y-1.832 E.02084
G1 X-.093 Y-1.881 E.01713
G1 X.231 Y-1.873 E.01526
G1 X.66 Y-1.767 E.02076
G1 X.885 Y-1.666 E.01159
G1 X1.251 Y-1.413 E.02095
G1 X1.553 Y-1.072 E.02139
G1 X1.765 Y-.669 E.02139
G1 X1.871 Y-.237 E.02095
G1 X1.886 Y0 E.01115
G1 X1.871 Y.237 E.01115
G1 X1.765 Y.669 E.02095
G1 X1.554 Y1.07 E.02128
G1 X1.317 Y1.346 E.01713
G1 X1.068 Y1.555 E.01526
G1 X.669 Y1.765 E.0212
G1 X.237 Y1.871 E.02095
G1 X0 Y1.886 E.01115
G1 X-.237 Y1.871 E.01115
G1 X-.669 Y1.765 E.02095
G1 X-1.07 Y1.554 E.02128
G1 X-1.346 Y1.317 E.01713
G1 X-1.555 Y1.068 E.01526
G1 X-1.765 Y.669 E.0212
G1 X-1.871 Y.237 E.02095
G1 X-1.886 Y0 E.01115
G1 X-1.875 Y-.181 E.00855
SET_VELOCITY_LIMIT ACCEL=10000
G1 E-1.2 F2100
;WIPE_START
G1 F7200
G1 X-1.871 Y-.237
G1 X-1.767 Y-.66
G1 X-1.666 Y-.885
G1 X-1.413 Y-1.251
G1 X-1.079 Y-1.547
G1 X-.868 Y-1.674
G1 X-.752 Y-1.719
;WIPE_END
G1 X-2.074 Y2.902 Z5.4 F30000
G1 Z5
G1 E1.2 F2100
SET_VELOCITY_LIMIT ACCEL=5000
;TYPE:Inner wall
G1 F4041
G1 X-2.231 Y2.797 E.00885
G1 X-2.686 Y2.365 E.02955
G1 X-2.956 Y2.016 E.02075
G1 X-3.177 Y1.647 E.02019
G1 X-3.337 Y1.289 E.01847
G1 X-3.417 Y1.063 E.01124
G1 X-3.521 Y.637 E.02061
G1 X-3.569 Y.248 E.01847
G1 X-3.579 Y.007 E.01131
G1 X-3.556 Y-.394 E.01888
G1 X-3.523 Y-.63 E.01124
G1 X-3.419 Y-1.056 E.02061
G1 X-3.282 Y-1.424 E.01847
G1 X-3.18 Y-1.641 E.01124
G1 X-2.839 Y-2.179 E.02997
G1 X-2.549 Y-2.511 E.02075
G1 X-2.231 Y-2.797 E.02013
G1 X-1.708 Y-3.145 E.02955
G1 X-1.119 Y-3.4 E.03017
G1 X-.691 Y-3.511 E.02075
G1 X-.266 Y-3.568 E.02019
G1 X.127 Y-3.575 E.01846
G1 X.365 Y-3.56 E.01124
G1 X.798 Y-3.488 E.02061
G1 X1.175 Y-3.379 E.01847
G1 X1.398 Y-3.294 E.01124
G1 X1.79 Y-3.098 E.02061
G1 X2.119 Y-2.883 E.01847
G1 X2.307 Y-2.736 E.01124
G1 X2.623 Y-2.434 E.02054
G1 X3.009 Y-1.938 E.02955
G1 X3.224 Y-1.552 E.02075
G1 X3.386 Y-1.156 E.02012
G1 X3.503 Y-.731 E.02075
G1 X3.539 Y-.533 E.00945
G1 X3.563 Y-.334 E.00944
G1 X3.566 Y.308 E.03017
G1 X3.5 Y.744 E.02075
G1 X3.386 Y1.158 E.02019
G1 X3.238 Y1.522 E.01846
G1 X3.13 Y1.735 E.01124
G1 X2.773 Y2.263 E.02996
G1 X2.472 Y2.587 E.02082
G1 X2.173 Y2.842 E.01846
G1 X1.979 Y2.982 E.01124
G1 X1.599 Y3.201 E.02061
G1 X1.239 Y3.356 E.01847
G1 X1.012 Y3.432 E.01124
G1 X.586 Y3.53 E.02054
G1 X.147 Y3.576 E.02075
G1 X-.447 Y3.55 E.02796
G1 X-.683 Y3.513 E.01124
G1 X-1.119 Y3.4 E.02117
G1 X-1.708 Y3.145 E.03017
G1 X-2.044 Y2.922 E.019
SET_VELOCITY_LIMIT ACCEL=10000
G1 X-2.423 Y3.368 F30000
SET_VELOCITY_LIMIT ACCEL=5000
;TYPE:Outer wall
G1 F1980
G1 X-2.591 Y3.249 E.00968
G1 X-2.964 Y2.914 E.02358
G1 X-3.127 Y2.738 E.01128
G1 X-3.434 Y2.341 E.0236
G1 X-3.689 Y1.914 E.02339
G1 X-3.874 Y1.503 E.02119
G1 X-3.971 Y1.228 E.01371
G1 X-4.089 Y.742 E.02352
G1 X-4.145 Y.295 E.02118
G1 X-4.156 Y.003 E.01374
G1 X-4.131 Y-.45 E.02133
G1 X-4.09 Y-.739 E.01373
G1 X-3.971 Y-1.226 E.02357
G1 X-3.815 Y-1.648 E.02116
G1 X-3.691 Y-1.912 E.01372
G1 X-3.432 Y-2.345 E.02373
G1 X-3.291 Y-2.539 E.01128
G1 X-2.961 Y-2.917 E.0236
G1 X-2.591 Y-3.249 E.02338
G1 X-2.181 Y-3.538 E.02359
G1 X-1.974 Y-3.658 E.01125
G1 X-1.514 Y-3.871 E.02384
G1 X-1.289 Y-3.952 E.01125
G1 X-.803 Y-4.078 E.02361
G1 X-.31 Y-4.145 E.0234
G1 X.14 Y-4.153 E.02116
G1 X.431 Y-4.134 E.01371
G1 X.925 Y-4.052 E.02355
G1 X1.358 Y-3.927 E.02119
G1 X1.631 Y-3.823 E.01374
G1 X2.079 Y-3.599 E.02355
G1 X2.455 Y-3.352 E.02116
G1 X2.685 Y-3.173 E.01371
G1 X3.047 Y-2.827 E.02355
G1 X3.365 Y-2.439 E.02359
G1 X3.5 Y-2.242 E.01123
G1 X3.745 Y-1.803 E.02364
G1 X3.933 Y-1.343 E.02337
G1 X4.067 Y-.86 E.02357
G1 X4.11 Y-.619 E.01151
G1 X4.139 Y-.377 E.01146
G1 X4.154 Y.129 E.0238
G1 X4.14 Y.368 E.01126
G1 X4.065 Y.864 E.02359
G1 X3.933 Y1.344 E.02341
G1 X3.764 Y1.761 E.02116
G1 X3.632 Y2.021 E.01371
G1 X3.36 Y2.447 E.02377
G1 X3.213 Y2.636 E.01126
G1 X2.872 Y3.004 E.02359
G1 X2.529 Y3.297 E.02121
G1 X2.292 Y3.467 E.01372
G1 X1.859 Y3.717 E.02351
M73 P70 R1
G1 X1.445 Y3.896 E.02121
G1 X1.169 Y3.989 E.0137
G1 X.681 Y4.1 E.02353
G1 X.182 Y4.152 E.02359
G1 X-.058 Y4.156 E.01129
G1 X-.512 Y4.123 E.02141
G1 X-.8 Y4.079 E.0137
G1 X-1.289 Y3.952 E.02376
G1 X-1.514 Y3.871 E.01125
G1 X-1.974 Y3.658 E.02384
G1 X-2.181 Y3.538 E.01125
G1 X-2.393 Y3.389 E.01219
SET_VELOCITY_LIMIT ACCEL=10000
G1 E-1.2 F2100
;WIPE_START
G1 F1980
G1 X-2.591 Y3.249
G1 X-2.964 Y2.914
G1 X-3.127 Y2.738
G1 X-3.434 Y2.341
G1 X-3.689 Y1.914
G1 X-3.696 Y1.898
;WIPE_END
G1 X-1.72 Y2.476 Z5.4 F30000
G1 Z5
G1 E1.2 F2100
;TYPE:Gap infill
;WIDTH:0.57968
G1 F4041
M106 S255
G1 X-1.68 Y2.505 E.00215
G1 X-1.443 Y2.647 E.01209
G1 X-1.1 Y2.811 E.01663
G1 X-.945 Y2.867 E.00719
G1 X-.431 Y2.99 E.0231
G1 X.016 Y3.017 E.0196
G1 X.494 Y2.977 E.021
G1 X.853 Y2.892 E.0161
G1 X1.099 Y2.81 E.01137
G1 X1.678 Y2.514 E.02842
G1 X2.1 Y2.169 E.02387
G1 X2.338 Y1.906 E.01551
G1 X2.505 Y1.68 E.01228
G1 X2.638 Y1.459 E.0113
G1 X2.811 Y1.1 E.01743
G1 X2.858 Y.974 E.00586
G1 X2.988 Y.431 E.02444
G1 X3.015 Y.016 E.01819
G1 X2.991 Y-.432 E.0196
G1 X2.813 Y-1.101 E.03028
G1 X2.504 Y-1.69 E.02909
G1 X2.207 Y-2.053 E.02051
G1 X2.027 Y-2.24 E.01137
G1 X1.511 Y-2.613 E.02783
G1 X1.051 Y-2.828 E.02221
G1 X.669 Y-2.939 E.01742
G1 X.411 Y-2.992 E.01152
G1 X-.134 Y-3.013 E.02384
G1 X-.583 Y-2.961 E.01978
G1 X-.762 Y-2.922 E.00801
G1 X-1.386 Y-2.682 E.02922
G1 X-1.769 Y-2.444 E.01974
G1 X-2.24 Y-2.027 E.02752
G1 X-2.394 Y-1.835 E.01076
G1 X-2.64 Y-1.462 E.01955
G1 X-2.827 Y-1.051 E.01975
G1 X-2.883 Y-.887 E.00756
G1 X-2.99 Y-.431 E.02049
G1 X-3.02 Y-.016 E.01821
G1 X-2.969 Y.536 E.02427
G1 X-2.881 Y.896 E.01621
G1 X-2.81 Y1.099 E.0094
G1 X-2.674 Y1.39 E.01404
G1 X-2.498 Y1.703 E.01572
G1 X-2.166 Y2.098 E.02256
G1 X-1.88 Y2.358 E.0169
G1 X-1.749 Y2.455 E.00715
;LAYER_CHANGE
;Z:5.2
;HEIGHT:0.2
;BEFORE_LAYER_CHANGE
;5.2
G1 E-1.2 F2100
;WIPE_START
G1 F9000
G1 X-1.68 Y2.505
G1 X-1.443 Y2.647
G1 X-1.1 Y2.811
G1 X-.945 Y2.867
G1 X-.431 Y2.99
G1 X.016 Y3.017
G1 X.133 Y3.007
;WIPE_END
;AFTER_LAYER_CHANGE
;5.2
;_SET_FAN_SPEED_CHANGING_LAYER
G17
G3 Z5.6 I.954 J-.756 P1  F30000
G1 X-2.449 Y-.251 Z5.6
G1 Z5.2
G1 E1.2 F2100
SET_VELOCITY_LIMIT ACCEL=5000
;TYPE:Inner wall
;WIDTH:0.62
G1 F9000
G1 X-2.444 Y-.324 E.00344
G1 X-2.308 Y-.875 E.02671
G1 X-2.044 Y-1.378 E.02671
G1 X-1.832 Y-1.649 E.01615
G1 X-1.51 Y-1.944 E.02056
G1 X-1.138 Y-2.189 E.02097
G1 X-.598 Y-2.394 E.02713
G1 X-.138 Y-2.458 E.02183
G1 X.307 Y-2.448 E.02097
G1 X.875 Y-2.308 E.02751
G1 X1.378 Y-2.044 E.02671
G1 X1.655 Y-1.827 E.01652
G1 X2.032 Y-1.402 E.02671
G1 X2.308 Y-.875 E.02798
G1 X2.444 Y-.324 E.02671
G1 X2.464 Y0 E.01526
G1 X2.444 Y.324 E.01526
G1 X2.308 Y.875 E.02671
G1 X2.032 Y1.402 E.02798
G1 X1.655 Y1.827 E.02671
G1 X1.378 Y2.044 E.01653
G1 X.875 Y2.308 E.02671
G1 X.324 Y2.444 E.02671
G1 X0 Y2.464 E.01526
G1 X-.324 Y2.444 E.01526
G1 X-.875 Y2.308 E.02671
G1 X-1.402 Y2.032 E.02798
G1 X-1.848 Y1.637 E.02798
G1 X-2.17 Y1.17 E.02671
G1 X-2.315 Y.849 E.01653
G1 X-2.444 Y.324 E.02544
G1 X-2.464 Y0 E.01526
G1 X-2.451 Y-.215 E.01013
SET_VELOCITY_LIMIT ACCEL=10000
G1 X-1.872 Y-.216 F30000
SET_VELOCITY_LIMIT ACCEL=5000
;TYPE:Outer wall
G1 F7200
G1 X-1.871 Y-.237 E.00097
G1 X-1.765 Y-.669 E.02095
G1 X-1.558 Y-1.064 E.02095
G1 X-1.407 Y-1.256 E.01146
G1 X-1.154 Y-1.488 E.01615
G1 X-.874 Y-1.672 E.01579
G1 X-.454 Y-1.831 E.0211
G1 X-.105 Y-1.88 E.01659
G1 X.231 Y-1.873 E.01579
G1 X.669 Y-1.765 E.02123
G1 X1.064 Y-1.558 E.02095
G1 X1.258 Y-1.406 E.01159
G1 X1.553 Y-1.072 E.02095
G1 X1.765 Y-.669 E.02139
G1 X1.871 Y-.237 E.02095
G1 X1.886 Y0 E.01115
G1 X1.871 Y.237 E.01115
G1 X1.765 Y.669 E.02095
G1 X1.553 Y1.072 E.02139
G1 X1.258 Y1.406 E.02095
G1 X1.064 Y1.558 E.01159
G1 X.669 Y1.765 E.02095
G1 X.237 Y1.871 E.02095
G1 X0 Y1.886 E.01115
G1 X-.237 Y1.871 E.01115
G1 X-.669 Y1.765 E.02095
G1 X-1.072 Y1.553 E.02139
G1 X-1.413 Y1.251 E.02139
G1 X-1.666 Y.885 E.02095
G1 X-1.767 Y.66 E.01159
G1 X-1.871 Y.237 E.0205
G1 X-1.886 Y0 E.01115
G1 X-1.875 Y-.18 E.00849
SET_VELOCITY_LIMIT ACCEL=10000
G1 E-1.2 F2100
;WIPE_START
G1 F7200
G1 X-1.871 Y-.237
G1 X-1.765 Y-.669
G1 X-1.558 Y-1.064
G1 X-1.407 Y-1.256
G1 X-1.154 Y-1.488
G1 X-.874 Y-1.672
G1 X-.753 Y-1.718
;WIPE_END
G17
G3 Z5.6 I-.374 J-1.158 P1  F30000
G1 X-5.094 Y-.316 Z5.6
G1 Z5.2
G1 E1.2 F2100
SET_VELOCITY_LIMIT ACCEL=2500
;TYPE:Overhang wall
G1 F600
G1 X-5.089 Y-.49 E.00819
G1 X-5.053 Y-.778 E.01365
G1 X-4.909 Y-1.426 E.03122
G1 X-4.82 Y-1.702 E.01364
G1 X-4.565 Y-2.299 E.03053
G1 X-4.244 Y-2.848 E.02991
G1 X-3.85 Y-3.364 E.03053
G1 X-3.652 Y-3.577 E.01368
G1 X-3.169 Y-4.01 E.0305
G1 X-2.635 Y-4.38 E.03055
G1 X-2.383 Y-4.523 E.01363
G1 X-1.778 Y-4.793 E.03115
G1 X-1.486 Y-4.891 E.01448
G1 X-.857 Y-5.04 E.0304
G1 X-.555 Y-5.082 E.01434
G1 X-.252 Y-5.106 E.01429
G1 X.411 Y-5.096 E.03118
G1 X.7 Y-5.064 E.01367
M73 P71 R1
G1 X1.336 Y-4.934 E.03053
G1 X1.951 Y-4.725 E.03054
G1 X2.228 Y-4.601 E.01427
G1 X2.498 Y-4.46 E.01432
G1 X3.054 Y-4.099 E.03117
G1 X3.282 Y-3.919 E.01366
G1 X3.762 Y-3.461 E.0312
G1 X3.952 Y-3.242 E.01363
G1 X4.331 Y-2.715 E.03053
G1 X4.64 Y-2.145 E.03049
G1 X4.761 Y-1.861 E.01452
G1 X4.954 Y-1.259 E.02973
G1 X5.074 Y-.621 E.03053
G1 X5.101 Y-.332 E.01365
G1 X5.101 Y.33 E.03113
G1 X5.072 Y.637 E.0145
G1 X4.954 Y1.258 E.02972
G1 X4.759 Y1.864 E.02994
G1 X4.485 Y2.453 E.03055
G1 X4.339 Y2.703 E.01361
G1 X3.96 Y3.231 E.03056
G1 X3.519 Y3.708 E.03055
G1 X3.303 Y3.901 E.01362
G1 X2.77 Y4.296 E.0312
G1 X2.51 Y4.454 E.01431
G1 X2.241 Y4.595 E.01428
G1 X1.64 Y4.841 E.03054
G1 X1.026 Y5.007 E.02991
G1 X.383 Y5.098 E.03054
G1 X.093 Y5.111 E.01365
G1 X-.569 Y5.08 E.03116
G1 X-.857 Y5.04 E.01367
G1 X-1.502 Y4.886 E.03118
G1 X-1.777 Y4.793 E.01365
G1 X-2.383 Y4.523 E.0312
G1 X-2.635 Y4.38 E.01363
G1 X-3.18 Y4.002 E.03119
G1 X-3.402 Y3.815 E.01365
G1 X-3.858 Y3.353 E.03053
G1 X-4.253 Y2.837 E.03056
G1 X-4.414 Y2.58 E.01426
G1 X-4.567 Y2.296 E.01517
G1 X-4.815 Y1.715 E.02971
G1 X-4.991 Y1.104 E.0299
G1 X-5.091 Y.463 E.03051
G1 X-5.109 Y.173 E.01366
G1 X-5.095 Y-.28 E.02131
SET_VELOCITY_LIMIT ACCEL=10000
G1 X-5.671 Y-.334 F30000
SET_VELOCITY_LIMIT ACCEL=2500
G1 F600
G1 X-5.664 Y-.535 E.00946
G1 X-5.622 Y-.877 E.0162
G1 X-5.467 Y-1.577 E.03371
G1 X-5.362 Y-1.904 E.01615
G1 X-5.081 Y-2.559 E.03352
M73 P72 R1
G1 X-4.724 Y-3.17 E.03328
G1 X-4.292 Y-3.736 E.03348
G1 X-4.058 Y-3.988 E.01617
G1 X-3.527 Y-4.464 E.03353
G1 X-2.942 Y-4.87 E.03349
G1 X-2.642 Y-5.039 E.01619
G1 X-1.988 Y-5.331 E.03368
G1 X-1.644 Y-5.446 E.01706
G1 X-.964 Y-5.607 E.03286
G1 X-.618 Y-5.656 E.01643
G1 X-.27 Y-5.683 E.01641
G1 X.447 Y-5.672 E.03372
G1 X.789 Y-5.635 E.01618
G1 X1.487 Y-5.492 E.0335
G1 X2.161 Y-5.263 E.03347
G1 X2.48 Y-5.121 E.01642
G1 X2.789 Y-4.959 E.01641
G1 X3.391 Y-4.569 E.03373
G1 X3.661 Y-4.355 E.0162
G1 X4.18 Y-3.86 E.03373
G1 X4.406 Y-3.6 E.0162
G1 X4.821 Y-3.022 E.03346
G1 X5.161 Y-2.396 E.0335
G1 X5.302 Y-2.062 E.01705
G1 X5.514 Y-1.401 E.03264
G1 X5.646 Y-.701 E.0335
G1 X5.678 Y-.359 E.01615
G1 X5.678 Y.358 E.03372
G1 X5.644 Y.719 E.01705
G1 X5.514 Y1.401 E.03265
G1 X5.298 Y2.075 E.03328
G1 X4.997 Y2.72 E.03347
G1 X4.824 Y3.018 E.0162
G1 X4.408 Y3.596 E.03349
G1 X3.925 Y4.119 E.03348
G1 X3.668 Y4.349 E.01622
G1 X3.092 Y4.776 E.03372
G1 X2.794 Y4.957 E.0164
G1 X2.484 Y5.119 E.01645
G1 X1.825 Y5.389 E.03349
G1 X1.142 Y5.574 E.03328
G1 X.437 Y5.673 E.03348
G1 X.093 Y5.689 E.01619
G1 X-.623 Y5.655 E.03371
G1 X-.964 Y5.607 E.01619
G1 X-1.662 Y5.442 E.03373
M73 P73 R1
G1 X-1.988 Y5.331 E.01619
G1 X-2.642 Y5.039 E.03368
G1 X-2.942 Y4.87 E.01619
G1 X-3.531 Y4.461 E.03372
G1 X-3.795 Y4.239 E.01622
G1 X-4.294 Y3.732 E.03345
G1 X-4.727 Y3.166 E.03351
G1 X-4.912 Y2.871 E.01637
G1 X-5.087 Y2.547 E.01732
G1 X-5.36 Y1.909 E.03263
G1 X-5.555 Y1.229 E.03327
G1 X-5.665 Y.525 E.03351
G1 X-5.687 Y.182 E.01616
G1 X-5.672 Y-.298 E.02258
SET_VELOCITY_LIMIT ACCEL=10000
G1 E-1.2 F2100
;WIPE_START
G1 F600
G1 X-5.664 Y-.535
G1 X-5.622 Y-.877
G1 X-5.467 Y-1.577
G1 X-5.362 Y-1.904
G1 X-5.221 Y-2.233
;WIPE_END
G17
G3 Z5.6 I.144 J1.208 P1  F30000
G1 X3.78 Y-3.309 Z5.6
G1 Z5.2
G1 E1.2 F2100
SET_VELOCITY_LIMIT ACCEL=2500
;TYPE:Bridge
G1 F600
G1 X4.622 Y1.151 E.21343
G1 X4.436 Y1.737 E.02891
G1 X4.229 Y2.182 E.02308
G1 X3.142 Y-3.574 E.27546
G1 X2.852 Y-3.818 E.01782
G1 X2.461 Y-4.071 E.0219
G1 X2.746 Y-2.565 E.07208
G1 F1500
M73 P74 R1
G1 X3.492 Y1.387 E.18912
G1 F600
G1 X3.776 Y2.894 E.07211
G1 X3.692 Y3.012 E.00681
G1 X3.293 Y3.443 E.02762
G1 X3.008 Y1.932 E.07231
G1 F1500
G1 X2.096 Y-2.895 E.231
G1 F600
G1 X1.811 Y-4.407 E.07235
G1 X1.185 Y-4.611 E.03096
G1 X1.245 Y-4.289 E.0154
G1 F1500
G1 X1.476 Y-3.071 E.0583
G1 X1.622 Y-2.293 E.03722
G1 X1.567 Y-2.336 E.00328
G1 X.969 Y-2.642 E.03159
G1 X.634 Y-4.42 E.08508
G1 F600
G1 X.575 Y-4.729 E.01479
G1 X-.017 Y-4.756 E.02787
G1 X.038 Y-4.465 E.01393
G1 F1500
G1 X.353 Y-2.793 E.08001
G1 X-.234 Y-2.794 E.0276
G1 X-.543 Y-4.432 E.07839
G1 F600
G1 X-.599 Y-4.726 E.01407
G1 X-1.164 Y-4.611 E.02711
G1 X-1.111 Y-4.326 E.01363
G1 F1500
G1 X-.801 Y-2.687 E.07844
G1 X-1.347 Y-2.466 E.0277
G1 X-1.664 Y-4.144 E.0803
G1 F600
G1 X-1.719 Y-4.44 E.01416
G1 X-2.26 Y-4.194 E.02795
G1 X-2.202 Y-3.884 E.01483
G1 F1500
G1 X-1.863 Y-2.091 E.08581
G1 X-2.088 Y-1.884 E.01438
G1 X-2.347 Y-1.546 E.02002
G1 X-2.494 Y-2.32 E.03705
G1 X-2.724 Y-3.538 E.05829
G1 F600
G1 X-2.836 Y-4.136 E.02861
SET_VELOCITY_LIMIT ACCEL=10000
G1 E-1.2 F2100
;WIPE_START
G1 F600
G1 X-2.465 Y-2.17
;WIPE_END
G17
G3 Z5.6 I-.697 J.998 P1  F30000
G1 X2.27 Y1.135 Z5.6
G1 Z5.2
M73 P75 R1
G1 E1.2 F2100
SET_VELOCITY_LIMIT ACCEL=2500
G1 F1500
G1 X2.321 Y1.407 E.01301
G1 X2.494 Y2.32 E.0437
G1 X2.724 Y3.539 E.05833
G1 F600
G1 X2.783 Y3.856 E.01516
G1 X2.577 Y4.008 E.01204
G1 X2.26 Y4.194 E.01728
G1 X2.202 Y3.885 E.01478
G1 F1500
G1 X1.865 Y2.103 E.08528
G1 X1.567 Y2.336 E.01779
G1 X1.344 Y2.453 E.01184
G1 X1.663 Y4.143 E.08088
G1 F600
G1 X1.718 Y4.435 E.01397
G1 X1.529 Y4.512 E.0096
G1 X1.164 Y4.611 E.01778
G1 X1.11 Y4.324 E.01373
G1 F1500
G1 X.8 Y2.683 E.07853
G1 X.376 Y2.788 E.02054
G1 X.234 Y2.796 E.00669
G1 X.543 Y4.432 E.07829
G1 F600
G1 X.597 Y4.718 E.01369
G1 X.093 Y4.765 E.0238
G1 X.018 Y4.761 E.00353
G1 X-.038 Y4.466 E.01412
G1 F1500
G1 X-.354 Y2.789 E.08025
G1 X-.969 Y2.642 E.02973
G1 X-.634 Y4.421 E.08513
G1 F600
G1 X-.575 Y4.73 E.01479
G1 X-.792 Y4.699 E.01031
G1 X-1.186 Y4.606 E.01904
G1 X-1.246 Y4.287 E.01526
G1 F1500
G1 X-1.476 Y3.069 E.05829
G1 X-1.648 Y2.156 E.04369
G1 X-1.7 Y1.884 E.01302
SET_VELOCITY_LIMIT ACCEL=10000
G1 E-1.2 F2100
;WIPE_START
G1 F1500
G1 X-1.329 Y3.849
;WIPE_END
G17
G3 Z5.6 I-1.091 J-.539 P1  F30000
G1 X-1.754 Y4.709 Z5.6
G1 Z5.2
G1 E1.2 F2100
SET_VELOCITY_LIMIT ACCEL=2500
G1 F600
G1 X-2.088 Y2.94 E.08466
G1 F1500
G1 X-3.007 Y-1.929 E.23301
G1 F600
G1 X-3.291 Y-3.435 E.07207
G1 X-3.584 Y-3.14 E.01955
G1 X-3.776 Y-2.89 E.01482
G1 X-3.492 Y-1.388 E.07188
G1 F1500
G1 X-2.745 Y2.568 E.18932
G1 F600
G1 X-2.459 Y4.081 E.07241
G1 X-2.97 Y3.727 E.02923
M73 P76 R1
G1 X-3.141 Y3.583 E.01051
G1 X-4.23 Y-2.186 E.27608
G1 X-4.496 Y-1.581 E.03108
G1 X-4.619 Y-1.135 E.02176
G1 X-3.78 Y3.309 E.21267
;LAYER_CHANGE
;Z:5.4
;HEIGHT:0.2
;BEFORE_LAYER_CHANGE
;5.4
G1 E-1.2 F2100
;WIPE_START
G1 F600
G1 X-4.151 Y1.343
;WIPE_END
;AFTER_LAYER_CHANGE
;5.4
;_SET_FAN_SPEED_CHANGING_LAYER
SET_VELOCITY_LIMIT ACCEL=10000
G17
G3 Z5.8 I.841 J.88 P1  F30000
G1 X-2.432 Y-.3 Z5.8
G1 Z5.4
G1 E1.2 F2100
SET_VELOCITY_LIMIT ACCEL=5000
;TYPE:Inner wall
G1 F1882
M106 S255
G1 X-2.397 Y-.591 E.01375
G1 X-2.186 Y-1.147 E.02798
G1 X-1.848 Y-1.637 E.02799
G1 X-1.423 Y-2.014 E.02671
G1 X-1.122 Y-2.195 E.01652
G1 X-.6 Y-2.394 E.02627
G1 X-.152 Y-2.457 E.02126
G1 X.306 Y-2.449 E.02155
G1 X.875 Y-2.308 E.02757
G1 X1.378 Y-2.044 E.02671
G1 X1.655 Y-1.827 E.01653
G1 X2.014 Y-1.423 E.02544
G1 X2.181 Y-1.145 E.01526
G1 X2.315 Y-.849 E.01526
G1 X2.451 Y-.298 E.02671
G1 X2.451 Y.27 E.02671
G1 X2.392 Y.59 E.01526
G1 X2.296 Y.899 E.01526
G1 X2.036 Y1.394 E.02627
G1 X1.743 Y1.739 E.02126
G1 X1.395 Y2.036 E.02155
G1 X.875 Y2.308 E.02757
G1 X.298 Y2.451 E.02798
G1 X-.27 Y2.451 E.02671
G1 X-.59 Y2.392 E.01526
G1 X-.899 Y2.296 E.01526
G1 X-1.402 Y2.032 E.02671
G1 X-1.841 Y1.643 E.02754
G1 X-2.105 Y1.277 E.02126
G1 X-2.31 Y.867 E.02155
G1 X-2.444 Y.324 E.0263
G1 X-2.465 Y-.027 E.01653
G1 X-2.436 Y-.265 E.01127
SET_VELOCITY_LIMIT ACCEL=10000
G1 X-1.859 Y-.231 F30000
SET_VELOCITY_LIMIT ACCEL=5000
;TYPE:Outer wall
G1 F1882
G1 X-1.832 Y-.452 E.01046
G1 X-1.671 Y-.877 E.0214
G1 X-1.413 Y-1.251 E.0214
G1 X-1.079 Y-1.547 E.02095
G1 X-.868 Y-1.674 E.01159
G1 X-.455 Y-1.831 E.0208
G1 X-.117 Y-1.88 E.01606
G1 X.23 Y-1.873 E.01633
G1 X.669 Y-1.765 E.02125
G1 X1.064 Y-1.558 E.02095
G1 X1.258 Y-1.406 E.01159
G1 X1.547 Y-1.079 E.0205
G1 X1.67 Y-.876 E.01115
G1 X1.767 Y-.66 E.01115
G1 X1.874 Y-.227 E.02095
G1 X1.874 Y.218 E.02095
G1 X1.831 Y.451 E.01115
G1 X1.76 Y.678 E.01115
G1 X1.555 Y1.069 E.0208
G1 X1.334 Y1.329 E.01606
G1 X1.069 Y1.555 E.01633
G1 X.669 Y1.765 E.02125
G1 X.227 Y1.874 E.02139
M73 P77 R1
G1 X-.218 Y1.874 E.02095
G1 X-.451 Y1.831 E.01115
G1 X-.678 Y1.76 E.01115
G1 X-1.072 Y1.553 E.02095
G1 X-1.41 Y1.254 E.02124
G1 X-1.61 Y.977 E.01606
G1 X-1.765 Y.666 E.01633
G1 X-1.871 Y.237 E.02081
G1 X-1.886 Y-.009 E.01159
G1 X-1.864 Y-.195 E.0088
M73 P77 R0
SET_VELOCITY_LIMIT ACCEL=10000
G1 E-1.2 F2100
;WIPE_START
G1 F7200
G1 X-1.832 Y-.452
G1 X-1.671 Y-.877
G1 X-1.413 Y-1.251
G1 X-1.079 Y-1.547
G1 X-.868 Y-1.674
G1 X-.738 Y-1.724
;WIPE_END
G17
G3 Z5.8 I.574 J-1.073 P1  F30000
G1 X-3.833 Y-3.38 Z5.8
G1 Z5.4
G1 E1.2 F2100
SET_VELOCITY_LIMIT ACCEL=5000
;TYPE:Inner wall
G1 F1882
G1 X-3.406 Y-3.812 E.02856
G1 X-3.139 Y-4.033 E.01628
G1 X-2.636 Y-4.38 E.02873
G1 X-2.383 Y-4.523 E.01371
G1 X-1.777 Y-4.793 E.03119
G1 X-1.502 Y-4.886 E.01366
G1 X-.87 Y-5.037 E.03054
G1 X-.228 Y-5.107 E.03037
G1 X.117 Y-5.109 E.01623
G1 X.712 Y-5.061 E.02807
G1 X1.349 Y-4.931 E.03059
G1 X1.627 Y-4.846 E.01365
G1 X2.241 Y-4.595 E.03119
G1 X2.498 Y-4.46 E.01365
G1 X3.051 Y-4.101 E.03102
G1 X3.32 Y-3.885 E.01623
G1 X3.751 Y-3.472 E.02807
G1 X4.162 Y-2.968 E.03059
G1 X4.485 Y-2.453 E.02859
G1 X4.759 Y-1.864 E.03053
G1 X4.957 Y-1.249 E.03037
G1 X5.029 Y-.911 E.01623
G1 X5.101 Y-.319 E.02807
G1 X5.101 Y.328 E.03042
G1 X5.066 Y.671 E.01623
G1 X4.952 Y1.271 E.02872
G1 X4.871 Y1.551 E.01371
G1 X4.63 Y2.166 E.03102
G1 X4.473 Y2.473 E.01623
G1 X4.154 Y2.978 E.02808
G1 X3.745 Y3.479 E.03042
G1 X3.501 Y3.723 E.01623
G1 X3.044 Y4.106 E.02807
G1 X2.51 Y4.453 E.02994
G1 X1.925 Y4.736 E.03054
G1 X1.653 Y4.837 E.01366
G1 X1.013 Y5.011 E.03119
G1 X.411 Y5.096 E.02859
G1 X-.249 Y5.106 E.03102
G1 X-.592 Y5.076 E.01623
G1 X-1.194 Y4.971 E.02873
G1 X-1.475 Y4.895 E.01371
G1 X-2.097 Y4.662 E.03119
G1 X-2.358 Y4.536 E.01365
G1 X-2.914 Y4.199 E.03054
G1 X-3.42 Y3.799 E.03037
G1 X-3.668 Y3.559 E.01623
G1 X-4.058 Y3.107 E.02807
G1 X-4.419 Y2.57 E.03042
G1 X-4.581 Y2.265 E.01623
G1 X-4.819 Y1.707 E.02855
G1 X-4.922 Y1.376 E.01628
G1 X-5.052 Y.779 E.02873
G1 X-5.089 Y.49 E.01371
G1 X-5.109 Y-.169 E.03102
G1 X-5.085 Y-.513 E.01623
G1 X-4.991 Y-1.103 E.02807
G1 X-4.812 Y-1.725 E.03042
G1 X-4.684 Y-2.045 E.01623
G1 X-4.414 Y-2.578 E.02807
G1 X-4.053 Y-3.115 E.03042
G1 X-3.856 Y-3.353 E.01454
SET_VELOCITY_LIMIT ACCEL=10000
G1 X-4.256 Y-3.773 F30000
SET_VELOCITY_LIMIT ACCEL=5000
;TYPE:Outer wall
G1 F1882
G1 X-3.796 Y-4.238 E.03076
G1 X-3.488 Y-4.493 E.01882
G1 X-2.943 Y-4.87 E.03115
G1 X-2.642 Y-5.039 E.01621
G1 X-1.988 Y-5.331 E.03372
G1 X-1.662 Y-5.442 E.01619
G1 X-.969 Y-5.606 E.03349
G1 X-.262 Y-5.684 E.03343
G1 X.138 Y-5.687 E.0188
G1 X.793 Y-5.634 E.03092
G1 X1.492 Y-5.491 E.03351
G1 X1.821 Y-5.39 E.01619
G1 X2.484 Y-5.119 E.03372
G1 X2.789 Y-4.959 E.01619
G1 X3.39 Y-4.569 E.03366
G1 X3.702 Y-4.319 E.0188
G1 X4.176 Y-3.864 E.03092
G1 X4.627 Y-3.312 E.03351
G1 X4.997 Y-2.72 E.03282
G1 X5.298 Y-2.075 E.03349
G1 X5.515 Y-1.398 E.03343
G1 X5.598 Y-1.007 E.0188
G1 X5.678 Y-.354 E.03092
G1 X5.678 Y.357 E.03345
G1 X5.638 Y.755 E.0188
G1 X5.513 Y1.406 E.03115
G1 X5.418 Y1.737 E.01621
G1 X5.157 Y2.403 E.03366
G1 X4.974 Y2.759 E.0188
G1 X4.624 Y3.315 E.03092
G1 X4.174 Y3.866 E.03345
G1 X3.891 Y4.149 E.0188
G1 X3.387 Y4.571 E.03092
G1 X2.793 Y4.956 E.03328
G1 X2.152 Y5.267 E.03349
G1 X1.83 Y5.387 E.01619
G1 X1.138 Y5.575 E.03372
G1 X.447 Y5.672 E.03281
G1 X-.269 Y5.683 E.03366
G1 X-.667 Y5.649 E.0188
G1 X-1.32 Y5.535 E.03115
G1 X-1.652 Y5.445 E.01621
G1 X-2.324 Y5.193 E.03372
G1 X-2.634 Y5.043 E.01619
G1 X-3.243 Y4.675 E.03349
G1 X-3.801 Y4.234 E.03343
G1 X-4.088 Y3.955 E.0188
G1 X-4.518 Y3.458 E.03092
G1 X-4.914 Y2.867 E.03345
G1 X-5.102 Y2.514 E.0188
G1 X-5.361 Y1.906 E.03109
G1 X-5.48 Y1.524 E.01882
G1 X-5.622 Y.877 E.03115
G1 X-5.664 Y.535 E.01621
G1 X-5.687 Y-.181 E.03366
G1 X-5.659 Y-.579 E.0188
G1 X-5.555 Y-1.229 E.03092
G1 X-5.359 Y-1.912 E.03345
G1 X-5.21 Y-2.283 E.0188
G1 X-4.913 Y-2.87 E.03092
G1 X-4.516 Y-3.461 E.03345
G1 X-4.28 Y-3.746 E.01743
SET_VELOCITY_LIMIT ACCEL=10000
G1 E-1.2 F2100
M73 P78 R0
;WIPE_START
G1 F7200
G1 X-3.796 Y-4.238
G1 X-3.488 Y-4.493
G1 X-2.943 Y-4.87
G1 X-2.727 Y-4.991
;WIPE_END
G17
G3 Z5.8 I-.816 J.902 P1  F30000
G1 X-1.176 Y-3.588 Z5.8
G1 Z5.4
G1 E1.2 F2100
SET_VELOCITY_LIMIT ACCEL=7000
;TYPE:Internal solid infill
;WIDTH:0.952847
G1 F1882
G1 X-1.692 Y-3.379 E.04123
G1 X-2.125 Y-3.125 E.03725
G1 X-2.516 Y-2.82 E.03676
G1 X-2.911 Y-2.413 E.04202
G1 X-3.26 Y-1.921 E.04479
G1 X-3.562 Y-1.265 E.05354
G1 X-3.679 Y-.892 E.02898
SET_VELOCITY_LIMIT ACCEL=10000
G1 X-2.389 Y-1.869 F30000
SET_VELOCITY_LIMIT ACCEL=7000
;WIDTH:0.619999
G1 F1882
G1 X-2.257 Y-2.046 E.01036
G1 X-1.786 Y-2.463 E.02959
G1 X-1.351 Y-2.726 E.02388
G1 X-.774 Y-2.944 E.029
G1 X-.211 Y-3.032 E.02683
G1 X.349 Y-3.025 E.02633
G1 X.459 Y-3.005 E.00525
G1 X-.954 Y-4.419 E.094
G1 X-1.571 Y-4.253 E.03003
G1 X-2.334 Y-3.886 E.03981
G1 X-3.018 Y-3.383 E.03994
G1 X-3.595 Y-2.762 E.03985
G1 X-3.912 Y-2.289 E.02678
G1 X-4.268 Y-1.529 E.03945
G1 X-4.426 Y-.978 E.02695
G1 X-4.483 Y-.603 E.01788
G1 X-2.869 Y1.012 E.10736
G1 X-3.011 Y.437 E.02786
G1 X-3.041 Y-.07 E.02388
G1 X-2.966 Y-.695 E.02959
G1 X-2.713 Y-1.385 E.03453
G1 X-2.409 Y-1.839 E.02573
SET_VELOCITY_LIMIT ACCEL=10000
G1 X-2.5 Y1.533 F30000
SET_VELOCITY_LIMIT ACCEL=7000
;WIDTH:0.55292
G1 F1882
G1 X-2.17 Y1.92 E.02115
G1 X-1.686 Y2.378 E.02768
SET_VELOCITY_LIMIT ACCEL=10000
G1 X.853 Y3.677 F30000
SET_VELOCITY_LIMIT ACCEL=7000
;WIDTH:0.953121
G1 F1882
G1 X1.436 Y3.505 E.04508
G1 X2.036 Y3.188 E.05035
G1 X2.615 Y2.725 E.05497
G1 X3.064 Y2.225 E.04988
G1 X3.43 Y1.592 E.05425
G1 X3.576 Y1.219 E.02971
SET_VELOCITY_LIMIT ACCEL=10000
G1 X2.862 Y1.006 F30000
SET_VELOCITY_LIMIT ACCEL=7000
;WIDTH:0.619999
G1 F1882
G1 X2.532 Y1.69 E.03573
G1 X2.209 Y2.082 E.02386
G1 X1.76 Y2.483 E.02832
G1 X1.113 Y2.835 E.03466
G1 X.402 Y3.019 E.03453
G1 X-.297 Y3.028 E.03284
G1 X-1.023 Y2.857 E.0351
G1 X.605 Y4.485 E.10828
G1 X1.068 Y4.392 E.02219
G1 X1.706 Y4.2 E.03137
G1 X2.226 Y3.949 E.02713
G1 X2.696 Y3.644 E.02638
G1 X3.322 Y3.085 E.03944
G1 X3.682 Y2.644 E.02679
G1 X4.107 Y1.92 E.03945
G1 X4.321 Y1.373 E.02764
G1 X4.418 Y.954 E.02023
G1 X3.005 Y-.459 E.094
G1 X3.028 Y.297 E.03557
G1 X2.87 Y.971 E.03256
SET_VELOCITY_LIMIT ACCEL=10000
G1 X2.789 Y-3.746 F30000
SET_VELOCITY_LIMIT ACCEL=7000
;WIDTH:0.55292
G1 F1882
G1 X3.412 Y-3.155 E.03568
G1 X3.786 Y-2.742 E.02316
SET_VELOCITY_LIMIT ACCEL=10000
G1 X4.811 Y-1.156 F30000
SET_VELOCITY_LIMIT ACCEL=7000
;WIDTH:0.658477
G1 F1882
G1 X1.42 Y-4.547 E.2406
G1 X1.279 Y-4.59 E.00738
G1 X1.216 Y-4.527 E.00447
G1 X.433 Y-4.663 E.03985
G1 X4.664 Y-.433 E.3001
G1 X4.722 Y-.123 E.0158
G1 X4.715 Y.489 E.03072
G1 X-.705 Y-4.931 E.38448
SET_VELOCITY_LIMIT ACCEL=10000
G1 X-4.984 Y-.287 F30000
SET_VELOCITY_LIMIT ACCEL=7000
;WIDTH:0.735415
G1 F1882
G1 X.01 Y4.707 E.39853
G1 X-.714 Y4.648 E.04097
M73 P79 R0
G1 X-.76 Y4.695 E.00374
G1 X-1.028 Y4.648 E.01532
G1 X-4.642 Y1.034 E.28845
G1 X-4.587 Y1.287 E.01464
G1 X-4.493 Y1.587 E.01771
G1 X-4.268 Y2.116 E.03244
G1 X-4.122 Y2.392 E.01763
G1 X-3.831 Y2.824 E.02938
G1 X-2.082 Y4.573 E.13957
;LAYER_CHANGE
;Z:5.6
;HEIGHT:0.2
;BEFORE_LAYER_CHANGE
;5.6
G1 E-1.2 F2100
;WIPE_START
G1 F9000
G1 X-3.497 Y3.159
;WIPE_END
;AFTER_LAYER_CHANGE
;5.6
;_SET_FAN_SPEED_CHANGING_LAYER
SET_VELOCITY_LIMIT ACCEL=10000
G17
G3 Z6 I1.162 J.361 P1  F30000
G1 X-2.451 Y-.211 Z6
G1 Z5.6
G1 E1.2 F2100
SET_VELOCITY_LIMIT ACCEL=5000
;TYPE:Inner wall
;WIDTH:0.62
G1 F1492
G1 X-2.451 Y-.298 E.00408
G1 X-2.308 Y-.875 E.02798
G1 X-2.044 Y-1.378 E.02671
G1 X-1.834 Y-1.646 E.01602
G1 X-1.532 Y-1.928 E.01942
G1 X-1.14 Y-2.188 E.02212
G1 X-.601 Y-2.393 E.02712
G1 X-.166 Y-2.457 E.02069
G1 X.305 Y-2.449 E.02212
G1 X.875 Y-2.308 E.02764
G1 X1.378 Y-2.044 E.02671
G1 X1.655 Y-1.827 E.01653
G1 X2.014 Y-1.423 E.02544
G1 X2.181 Y-1.145 E.01526
G1 X2.315 Y-.849 E.01526
G1 X2.451 Y-.298 E.02671
G1 X2.451 Y.27 E.02671
G1 X2.392 Y.59 E.01526
G1 X2.296 Y.899 E.01526
G1 X2.032 Y1.402 E.02671
G1 X1.655 Y1.827 E.02671
G1 X1.378 Y2.044 E.01652
G1 X.875 Y2.308 E.02671
G1 X.298 Y2.451 E.02798
G1 X-.27 Y2.451 E.02671
G1 X-.59 Y2.392 E.01526
G1 X-.899 Y2.296 E.01526
G1 X-1.402 Y2.032 E.02671
G1 X-1.827 Y1.655 E.02671
G1 X-2.044 Y1.378 E.01653
G1 X-2.308 Y.875 E.02671
G1 X-2.451 Y.298 E.02798
G1 X-2.451 Y-.175 E.02221
SET_VELOCITY_LIMIT ACCEL=10000
G1 X-1.874 Y-.211 F30000
SET_VELOCITY_LIMIT ACCEL=5000
;TYPE:Outer wall
G1 F1492
G1 X-1.874 Y-.227 E.00079
G1 X-1.765 Y-.669 E.02139
G1 X-1.558 Y-1.064 E.02095
G1 X-1.408 Y-1.255 E.01142
G1 X-1.173 Y-1.473 E.01508
G1 X-.875 Y-1.672 E.01686
G1 X-.455 Y-1.831 E.02109
G1 X-.128 Y-1.879 E.01553
G1 X.23 Y-1.873 E.01686
G1 X.669 Y-1.765 E.02127
G1 X1.064 Y-1.558 E.02095
G1 X1.258 Y-1.406 E.01159
G1 X1.547 Y-1.079 E.0205
G1 X1.67 Y-.876 E.01115
G1 X1.767 Y-.66 E.01115
G1 X1.874 Y-.227 E.02095
G1 X1.874 Y.218 E.02095
G1 X1.831 Y.451 E.01115
G1 X1.76 Y.678 E.01115
G1 X1.553 Y1.072 E.02095
G1 X1.258 Y1.406 E.02095
G1 X1.064 Y1.558 E.01159
G1 X.669 Y1.765 E.02095
G1 X.227 Y1.874 E.02139
G1 X-.218 Y1.874 E.02095
G1 X-.451 Y1.831 E.01115
G1 X-.678 Y1.76 E.01115
G1 X-1.072 Y1.553 E.02095
G1 X-1.406 Y1.258 E.02095
G1 X-1.558 Y1.064 E.01159
G1 X-1.765 Y.669 E.02095
G1 X-1.874 Y.227 E.02139
G1 X-1.874 Y-.175 E.01891
SET_VELOCITY_LIMIT ACCEL=10000
G1 E-1.2 F2100
;WIPE_START
G1 F7200
G1 X-1.874 Y-.227
G1 X-1.765 Y-.669
G1 X-1.558 Y-1.064
G1 X-1.408 Y-1.255
G1 X-1.173 Y-1.473
G1 X-.875 Y-1.672
G1 X-.758 Y-1.716
;WIPE_END
G17
G3 Z6 I.573 J-1.074 P1  F30000
G1 X-3.846 Y-3.365 Z6
G1 Z5.6
G1 E1.2 F2100
SET_VELOCITY_LIMIT ACCEL=5000
;TYPE:Inner wall
G1 F1492
G1 X-3.402 Y-3.815 E.02972
G1 X-3.18 Y-4.002 E.01365
G1 X-2.635 Y-4.38 E.03119
G1 X-2.383 Y-4.523 E.01366
G1 X-1.782 Y-4.791 E.03093
G1 X-1.419 Y-4.909 E.01794
G1 X-.872 Y-5.036 E.02641
G1 X-.23 Y-5.107 E.03037
G1 X.151 Y-5.108 E.01794
G1 X.711 Y-5.062 E.02641
G1 X1.344 Y-4.932 E.03037
G1 X1.707 Y-4.816 E.01794
G1 X2.234 Y-4.598 E.0268
G1 X2.571 Y-4.416 E.01803
G1 X3.048 Y-4.104 E.0268
G1 X3.346 Y-3.862 E.01803
G1 X3.751 Y-3.472 E.02641
G1 X4.162 Y-2.968 E.03063
G1 X4.324 Y-2.727 E.01365
G1 X4.641 Y-2.144 E.03119
M73 P80 R0
G1 X4.76 Y-1.864 E.0143
G1 X4.863 Y-1.578 E.01431
G1 X5.022 Y-.948 E.03054
G1 X5.101 Y-.318 E.02989
G1 X5.101 Y.318 E.02988
G1 X5.021 Y.962 E.03054
G1 X4.958 Y1.246 E.01365
G1 X4.757 Y1.872 E.03093
G1 X4.602 Y2.221 E.01794
G1 X4.332 Y2.713 E.02641
G1 X3.956 Y3.238 E.03037
G1 X3.702 Y3.523 E.01794
G1 X3.284 Y3.918 E.02706
G1 X3.054 Y4.099 E.01375
G1 X2.498 Y4.46 E.03119
G1 X2.241 Y4.595 E.01365
G1 X1.64 Y4.841 E.03054
G1 X1.013 Y5.011 E.03054
G1 X.713 Y5.062 E.0143
G1 X.411 Y5.096 E.0143
G1 X-.252 Y5.106 E.03119
G1 X-.542 Y5.083 E.01365
G1 X-1.182 Y4.973 E.03054
G1 X-1.803 Y4.784 E.03054
G1 X-2.071 Y4.674 E.01365
G1 X-2.647 Y4.372 E.03054
G1 X-3.18 Y4.002 E.03054
G1 X-3.402 Y3.815 E.01365
G1 X-3.868 Y3.343 E.03119
G1 X-4.051 Y3.118 E.01365
G1 X-4.413 Y2.579 E.03054
G1 X-4.705 Y1.999 E.03054
G1 X-4.814 Y1.72 E.01404
G1 X-4.93 Y1.343 E.01859
G1 X-5.052 Y.78 E.02706
G1 X-5.089 Y.49 E.01375
G1 X-5.109 Y-.167 E.03093
G1 X-5.081 Y-.548 E.01794
G1 X-4.991 Y-1.102 E.02641
G1 X-4.813 Y-1.723 E.03037
G1 X-4.669 Y-2.076 E.01794
G1 X-4.414 Y-2.577 E.02641
G1 X-4.051 Y-3.118 E.03063
G1 X-3.871 Y-3.339 E.01343
SET_VELOCITY_LIMIT ACCEL=10000
G1 X-4.257 Y-3.77 F30000
SET_VELOCITY_LIMIT ACCEL=5000
;TYPE:Outer wall
G1 F1492
G1 X-3.795 Y-4.239 E.03098
G1 X-3.531 Y-4.461 E.01619
G1 X-2.942 Y-4.87 E.03372
G1 X-2.642 Y-5.039 E.01619
G1 X-1.989 Y-5.33 E.03363
G1 X-1.574 Y-5.465 E.02054
G1 X-.969 Y-5.606 E.0292
G1 X-.262 Y-5.684 E.03344
G1 X.174 Y-5.685 E.02054
G1 X.793 Y-5.634 E.0292
G1 X1.49 Y-5.491 E.03344
G1 X1.906 Y-5.359 E.02054
G1 X2.482 Y-5.12 E.02934
G1 X2.867 Y-4.912 E.02057
G1 X3.389 Y-4.57 E.02934
G1 X3.729 Y-4.295 E.02057
G1 X4.176 Y-3.864 E.0292
G1 X4.627 Y-3.312 E.03353
G1 X4.818 Y-3.026 E.01619
G1 X5.161 Y-2.396 E.03372
G1 X5.298 Y-2.075 E.01641
G1 X5.415 Y-1.746 E.01642
G1 X5.591 Y-1.056 E.03349
G1 X5.678 Y-.354 E.03327
G1 X5.678 Y.354 E.03326
G1 X5.59 Y1.06 E.03349
G1 X5.516 Y1.397 E.01619
G1 X5.297 Y2.077 E.03363
G1 X5.12 Y2.477 E.02054
G1 X4.821 Y3.021 E.0292
G1 X4.407 Y3.599 E.03343
G1 X4.116 Y3.925 E.02054
G1 X3.662 Y4.355 E.02943
G1 X3.391 Y4.569 E.01622
G1 X2.789 Y4.959 E.03372
G1 X2.484 Y5.119 E.01619
G1 X1.825 Y5.389 E.03349
G1 X1.138 Y5.575 E.03349
G1 X.794 Y5.634 E.01642
G1 X.447 Y5.672 E.01641
G1 X-.27 Y5.683 E.03372
G1 X-.613 Y5.657 E.01619
G1 X-1.315 Y5.535 E.03349
G1 X-1.997 Y5.328 E.03349
G1 X-2.315 Y5.197 E.01619
G1 X-2.946 Y4.867 E.03349
G1 X-3.531 Y4.461 E.03349
G1 X-3.795 Y4.239 E.01619
G1 X-4.298 Y3.728 E.03372
G1 X-4.516 Y3.462 E.01619
G1 X-4.912 Y2.87 E.03349
G1 X-5.233 Y2.234 E.03349
G1 X-5.359 Y1.911 E.01632
G1 X-5.489 Y1.489 E.02076
G1 X-5.622 Y.877 E.02943
G1 X-5.664 Y.535 E.01622
G1 X-5.687 Y-.18 E.03363
G1 X-5.654 Y-.615 E.02054
G1 X-5.555 Y-1.228 E.0292
G1 X-5.359 Y-1.912 E.03344
G1 X-5.195 Y-2.316 E.02054
G1 X-4.913 Y-2.87 E.0292
G1 X-4.515 Y-3.462 E.03353
G1 X-4.298 Y-3.728 E.01619
G1 X-4.282 Y-3.744 E.00104
SET_VELOCITY_LIMIT ACCEL=10000
G1 E-1.2 F2100
;WIPE_START
G1 F7200
G1 X-3.795 Y-4.239
G1 X-3.531 Y-4.461
G1 X-2.942 Y-4.87
G1 X-2.73 Y-4.99
;WIPE_END
G17
G3 Z6 I-.178 J1.204 P1  F30000
G1 X.223 Y-4.554 Z6
G1 Z5.6
G1 E1.2 F2100
M73 P81 R0
SET_VELOCITY_LIMIT ACCEL=7000
;TYPE:Internal solid infill
;WIDTH:0.552928
G1 F1492
G1 X-.587 Y-4.527 E.03367
G1 X-1.129 Y-4.417 E.023
G1 X-1.651 Y-4.257 E.02267
G1 X-2.145 Y-4.025 E.0227
G1 X-2.61 Y-3.739 E.02267
G1 X-3.037 Y-3.413 E.02234
G1 X-3.422 Y-3.014 E.02304
G1 X-3.761 Y-2.587 E.02267
G1 X-4.04 Y-2.118 E.02269
G1 X-4.268 Y-1.622 E.02268
G1 X-4.431 Y-1.101 E.02269
G1 X-4.524 Y-.563 E.0227
G1 X-4.564 Y-.019 E.02266
G1 X-4.532 Y.526 E.02268
G1 X-4.44 Y1.064 E.02268
G1 X-4.28 Y1.586 E.02269
G1 X-4.06 Y2.086 E.02269
G1 X-3.778 Y2.553 E.02269
G1 X-3.46 Y2.984 E.02223
G1 X-3.065 Y3.376 E.02315
G1 X-2.643 Y3.722 E.02267
G1 X-2.178 Y4.008 E.02269
G1 X-1.686 Y4.243 E.02267
G1 X-1.167 Y4.414 E.0227
G1 X-.63 Y4.516 E.0227
G1 X-.087 Y4.565 E.02267
G1 X.459 Y4.544 E.02269
G1 X.998 Y4.456 E.0227
G1 X1.523 Y4.305 E.0227
G1 X2.024 Y4.088 E.02269
G1 X2.497 Y3.816 E.02267
G1 X2.931 Y3.504 E.02222
G1 X3.33 Y3.115 E.02316
G1 X3.682 Y2.698 E.02267
G1 X3.975 Y2.237 E.02269
G1 X4.217 Y1.749 E.02267
G1 X4.39 Y1.231 E.02269
G1 X4.512 Y.699 E.02267
G1 X4.563 Y.155 E.02269
G1 X4.558 Y-.284 E.01826
G1 X4.488 Y-.847 E.0236
G1 X4.343 Y-1.416 E.02436
G1 X4.151 Y-1.907 E.02194
G1 X3.854 Y-2.44 E.02535
G1 X3.537 Y-2.884 E.02267
G1 X3.165 Y-3.283 E.02269
G1 X2.755 Y-3.643 E.02267
G1 X2.296 Y-3.939 E.02271
G1 X1.81 Y-4.187 E.02266
G1 X1.298 Y-4.376 E.02268
G1 X.766 Y-4.501 E.02269
G1 X.259 Y-4.55 E.0212
SET_VELOCITY_LIMIT ACCEL=10000
G1 X3.937 Y-.848 F30000
;TYPE:Sparse infill
;WIDTH:0.62
G1 F1492
G1 X3.812 Y-1.302 E.02213
G1 X3.727 Y-1.527 E.01133
G1 X3.518 Y-1.962 E.02266
G1 X3.259 Y-2.368 E.02266
G1 X3.111 Y-2.558 E.01133
G1 X2.847 Y-2.847 E.01841
G1 X1.981 Y-1.981 E.05757
G1 X2.294 Y-1.629 E.02215
G1 X2.489 Y-1.306 E.01772
G1 X2.643 Y-.962 E.01772
G1 X2.797 Y-.34 E.03017
G1 X2.797 Y.302 E.03017
G1 X2.729 Y.673 E.01772
G1 X2.617 Y1.032 E.01772
G1 X2.319 Y1.6 E.03017
G1 X1.893 Y2.081 E.03017
G1 X1.567 Y2.336 E.01948
G1 X.999 Y2.634 E.03017
G1 X.34 Y2.797 E.03194
G1 X-.302 Y2.797 E.03017
G1 X-.673 Y2.729 E.01772
G1 X-1.032 Y2.617 E.01772
G1 X-1.6 Y2.319 E.03017
G1 X-1.981 Y1.981 E.02392
G1 X-2.848 Y2.848 E.05761
G1 X-3.186 Y2.464 E.02407
G1 X-3.328 Y2.269 E.01133
G1 X-3.575 Y1.855 E.02265
G1 X-3.771 Y1.415 E.02266
G1 X-3.936 Y.848 E.02778
;LAYER_CHANGE
;Z:5.8
;HEIGHT:0.2
;BEFORE_LAYER_CHANGE
;5.8
G1 E-1.2 F2100
;WIPE_START
G1 F6000
G1 X-3.771 Y1.415
G1 X-3.575 Y1.855
G1 X-3.328 Y2.269
G1 X-3.186 Y2.464
G1 X-3.051 Y2.617
;WIPE_END
;AFTER_LAYER_CHANGE
;5.8
;_SET_FAN_SPEED_CHANGING_LAYER
G17
G3 Z6.2 I1.19 J.253 P1  F30000
G1 X-2.451 Y-.208 Z6.2
G1 Z5.8
G1 E1.2 F2100
SET_VELOCITY_LIMIT ACCEL=5000
;TYPE:Inner wall
G1 F1402
G1 X-2.451 Y-.298 E.00422
G1 X-2.315 Y-.849 E.02671
G1 X-2.17 Y-1.17 E.01653
G1 X-1.848 Y-1.637 E.02671
G1 X-1.423 Y-2.014 E.02671
G1 X-1.122 Y-2.195 E.01653
G1 X-.602 Y-2.392 E.02613
G1 X-.179 Y-2.456 E.02012
G1 X.304 Y-2.449 E.02271
G1 X.849 Y-2.315 E.02642
G1 X1.17 Y-2.17 E.01653
G1 X1.637 Y-1.848 E.02671
G1 X2.014 Y-1.423 E.02671
G1 X2.181 Y-1.145 E.01526
G1 X2.315 Y-.849 E.01526
G1 X2.451 Y-.298 E.02671
G1 X2.451 Y.27 E.02671
G1 X2.392 Y.59 E.01526
G1 X2.296 Y.899 E.01526
G1 X2.032 Y1.402 E.02671
G1 X1.655 Y1.827 E.02671
G1 X1.378 Y2.044 E.01653
G1 X.875 Y2.308 E.02671
M73 P82 R0
G1 X.298 Y2.451 E.02798
G1 X-.27 Y2.451 E.02671
G1 X-.59 Y2.392 E.01526
G1 X-.899 Y2.296 E.01526
G1 X-1.378 Y2.044 E.02544
G1 X-1.655 Y1.827 E.01653
G1 X-2.032 Y1.402 E.02671
G1 X-2.308 Y.875 E.02799
G1 X-2.451 Y.298 E.02798
G1 X-2.451 Y-.172 E.02208
SET_VELOCITY_LIMIT ACCEL=10000
G1 X-1.874 Y-.208 F30000
SET_VELOCITY_LIMIT ACCEL=5000
;TYPE:Outer wall
G1 F1402
G1 X-1.874 Y-.227 E.00092
G1 X-1.767 Y-.66 E.02095
G1 X-1.666 Y-.885 E.01159
G1 X-1.413 Y-1.251 E.02095
G1 X-1.079 Y-1.547 E.02095
G1 X-.868 Y-1.674 E.01159
G1 X-.456 Y-1.831 E.02074
G1 X-.14 Y-1.878 E.015
G1 X.23 Y-1.873 E.01739
G1 X.66 Y-1.767 E.02085
G1 X.885 Y-1.666 E.01159
G1 X1.251 Y-1.413 E.02095
G1 X1.547 Y-1.079 E.02095
G1 X1.67 Y-.876 E.01115
G1 X1.767 Y-.66 E.01115
G1 X1.874 Y-.227 E.02095
G1 X1.874 Y.218 E.02095
G1 X1.831 Y.451 E.01115
G1 X1.76 Y.678 E.01115
G1 X1.553 Y1.072 E.02095
G1 X1.258 Y1.406 E.02095
G1 X1.064 Y1.558 E.01159
G1 X.669 Y1.765 E.02095
G1 X.227 Y1.874 E.02139
G1 X-.218 Y1.874 E.02095
G1 X-.451 Y1.831 E.01115
G1 X-.678 Y1.76 E.01115
G1 X-1.064 Y1.558 E.0205
G1 X-1.258 Y1.406 E.01159
G1 X-1.553 Y1.072 E.02095
G1 X-1.765 Y.669 E.02139
G1 X-1.874 Y.227 E.02139
G1 X-1.874 Y-.172 E.01878
SET_VELOCITY_LIMIT ACCEL=10000
G1 E-1.2 F2100
;WIPE_START
G1 F7200
G1 X-1.874 Y-.227
G1 X-1.767 Y-.66
G1 X-1.666 Y-.885
G1 X-1.413 Y-1.251
G1 X-1.079 Y-1.547
G1 X-.868 Y-1.674
G1 X-.761 Y-1.715
;WIPE_END
G1 X-3.816 Y-3.395 Z6.2 F30000
G1 Z5.8
G1 E1.2 F2100
SET_VELOCITY_LIMIT ACCEL=5000
;TYPE:Inner wall
G1 F1402
G1 X-3.786 Y-3.431 E.00222
G1 X-3.405 Y-3.813 E.02538
G1 X-3.18 Y-4.002 E.01379
G1 X-2.635 Y-4.38 E.03118
G1 X-2.382 Y-4.523 E.01366
G1 X-1.777 Y-4.793 E.03119
G1 X-1.502 Y-4.886 E.01365
G1 X-.87 Y-5.037 E.03054
G1 X-.232 Y-5.106 E.0302
G1 X.186 Y-5.106 E.01965
G1 X.71 Y-5.062 E.02473
G1 X1.349 Y-4.931 E.03068
G1 X1.627 Y-4.846 E.01365
G1 X2.241 Y-4.595 E.03119
G1 X2.498 Y-4.46 E.01365
G1 X3.048 Y-4.103 E.03085
G1 X3.372 Y-3.839 E.01965
G1 X3.75 Y-3.473 E.02473
G1 X4.162 Y-2.968 E.03067
G1 X4.328 Y-2.721 E.01397
G1 X4.54 Y-2.345 E.0203
G1 X4.758 Y-1.867 E.02473
G1 X4.956 Y-1.252 E.03034
G1 X5.039 Y-.843 E.01965
G1 X5.101 Y-.321 E.02474
G1 X5.101 Y.318 E.03002
G1 X5.021 Y.962 E.03054
G1 X4.958 Y1.246 E.01365
G1 X4.757 Y1.87 E.03085
G1 X4.587 Y2.252 E.01965
G1 X4.333 Y2.712 E.02473
G1 X3.957 Y3.236 E.03034
G1 X3.677 Y3.547 E.01965
G1 X3.295 Y3.908 E.02473
G1 X2.77 Y4.296 E.03067
G1 X2.522 Y4.447 E.01365
G1 X1.925 Y4.736 E.03119
G1 X1.653 Y4.837 E.01366
G1 X1.013 Y5.011 E.03119
G1 X.713 Y5.062 E.0143
G1 X.411 Y5.096 E.0143
G1 X-.245 Y5.106 E.03085
G1 X-.661 Y5.067 E.01965
G1 X-1.179 Y4.974 E.02473
G1 X-1.803 Y4.784 E.03067
G1 X-2.078 Y4.671 E.01397
G1 X-2.463 Y4.477 E.0203
G1 X-2.911 Y4.201 E.02473
G1 X-3.417 Y3.801 E.03034
G1 X-3.715 Y3.508 E.01965
G1 X-4.057 Y3.109 E.02473
G1 X-4.413 Y2.579 E.03002
G1 X-4.705 Y1.999 E.03054
G1 X-4.814 Y1.722 E.01397
G1 X-4.939 Y1.309 E.0203
G1 X-5.051 Y.788 E.02505
G1 X-5.096 Y.37 E.01979
G1 X-5.109 Y-.17 E.02538
G1 X-5.091 Y-.463 E.01379
G1 X-4.991 Y-1.104 E.03054
G1 X-4.813 Y-1.721 E.0302
G1 X-4.654 Y-2.108 E.01965
G1 X-4.415 Y-2.576 E.02473
G1 X-4.055 Y-3.112 E.03034
G1 X-3.84 Y-3.368 E.01574
SET_VELOCITY_LIMIT ACCEL=10000
G1 X-4.258 Y-3.767 F30000
SET_VELOCITY_LIMIT ACCEL=5000
;TYPE:Outer wall
G1 F1402
G1 X-4.212 Y-3.822 E.00336
G1 X-3.796 Y-4.239 E.0277
G1 X-3.531 Y-4.461 E.01624
G1 X-2.942 Y-4.87 E.03372
G1 X-2.642 Y-5.039 E.01619
G1 X-1.988 Y-5.331 E.03372
G1 X-1.662 Y-5.442 E.01619
G1 X-.969 Y-5.606 E.03349
G1 X-.263 Y-5.683 E.03338
G1 X.211 Y-5.683 E.02227
G1 X.793 Y-5.634 E.02747
M73 P83 R0
G1 X1.492 Y-5.491 E.03354
G1 X1.821 Y-5.39 E.01619
G1 X2.484 Y-5.119 E.03372
G1 X2.789 Y-4.959 E.01619
G1 X3.389 Y-4.57 E.0336
G1 X3.756 Y-4.271 E.02227
G1 X4.176 Y-3.864 E.02747
G1 X4.627 Y-3.312 E.03354
G1 X4.82 Y-3.024 E.0163
G1 X5.054 Y-2.607 E.0225
G1 X5.297 Y-2.076 E.02747
G1 X5.515 Y-1.399 E.03342
G1 X5.61 Y-.935 E.02227
G1 X5.678 Y-.355 E.02747
G1 X5.678 Y.354 E.03331
G1 X5.59 Y1.06 E.03349
G1 X5.516 Y1.397 E.01619
G1 X5.297 Y2.077 E.0336
G1 X5.104 Y2.509 E.02227
G1 X4.821 Y3.021 E.02747
G1 X4.407 Y3.598 E.03342
G1 X4.091 Y3.951 E.02227
G1 X3.665 Y4.351 E.02747
G1 X3.092 Y4.776 E.03354
G1 X2.798 Y4.954 E.01619
G1 X2.152 Y5.267 E.03372
G1 X1.83 Y5.387 E.01619
G1 X1.138 Y5.575 E.03372
G1 X.794 Y5.634 E.01642
G1 X.447 Y5.672 E.01641
G1 X-.268 Y5.683 E.0336
G1 X-.739 Y5.639 E.02227
G1 X-1.314 Y5.536 E.02747
G1 X-1.997 Y5.328 E.03354
G1 X-2.317 Y5.196 E.0163
G1 X-2.745 Y4.981 E.0225
G1 X-3.242 Y4.675 E.02747
G1 X-3.8 Y4.234 E.03342
G1 X-4.137 Y3.902 E.02227
G1 X-4.518 Y3.458 E.02747
G1 X-4.912 Y2.87 E.03331
G1 X-5.233 Y2.234 E.03349
G1 X-5.359 Y1.911 E.0163
G1 X-5.498 Y1.454 E.0225
G1 X-5.621 Y.88 E.02758
G1 X-5.672 Y.408 E.02232
G1 X-5.687 Y-.181 E.0277
G1 X-5.665 Y-.525 E.01624
G1 X-5.555 Y-1.229 E.03349
G1 X-5.359 Y-1.911 E.03338
G1 X-5.179 Y-2.349 E.02227
G1 X-4.913 Y-2.869 E.02747
G1 X-4.517 Y-3.46 E.03342
G1 X-4.281 Y-3.74 E.01722
SET_VELOCITY_LIMIT ACCEL=10000
G1 E-1.2 F2100
;WIPE_START
G1 F7200
G1 X-4.212 Y-3.822
G1 X-3.796 Y-4.239
G1 X-3.531 Y-4.461
G1 X-2.942 Y-4.87
G1 X-2.732 Y-4.988
;WIPE_END
G1 X-4.656 Y.978 Z6.2 F30000
G1 Z5.8
G1 E1.2 F2100
;TYPE:Sparse infill
G1 F1402
G1 X-4.708 Y.733 E.0118
G1 X-4.75 Y.347 E.01827
G1 X-4.763 Y-.163 E.024
G1 X-4.747 Y-.425 E.01233
G1 X-4.652 Y-1.029 E.02876
G1 X-4.573 Y-1.303 E.01339
G1 X-1.297 Y-4.579 E.21789
G1 X-.811 Y-4.695 E.02347
G1 X-.213 Y-4.76 E.02829
G1 X.171 Y-4.76 E.01807
G1 X.661 Y-4.719 E.02309
G1 X1.264 Y-4.595 E.02895
G1 X1.511 Y-4.52 E.01213
G1 X2.094 Y-4.281 E.02966
G1 X2.323 Y-4.161 E.01213
G1 X2.844 Y-3.823 E.0292
G1 X3.142 Y-3.58 E.01807
G1 X3.364 Y-3.364 E.01457
G1 X1.981 Y-1.981 E.09199
G1 X2.294 Y-1.629 E.02215
G1 X2.489 Y-1.306 E.01772
G1 X2.643 Y-.962 E.01772
G1 X2.797 Y-.34 E.03017
G1 X2.797 Y.302 E.03017
G1 X2.729 Y.673 E.01772
G1 X2.617 Y1.032 E.01772
G1 X2.319 Y1.6 E.03017
G1 X1.893 Y2.081 E.03017
G1 X1.567 Y2.336 E.01948
G1 X.999 Y2.634 E.03017
G1 X.34 Y2.797 E.03194
G1 X-.302 Y2.797 E.03017
G1 X-.673 Y2.729 E.01772
G1 X-1.032 Y2.617 E.01772
G1 X-1.567 Y2.336 E.0284
G1 X-1.893 Y2.081 E.01948
G1 X-1.981 Y1.981 E.00624
G1 X-3.366 Y3.366 E.09208
G1 X-3.188 Y3.541 E.01176
M73 P84 R0
G1 X-2.713 Y3.917 E.02848
G1 X-2.294 Y4.174 E.02309
G1 X-1.934 Y4.356 E.01898
G1 X-1.687 Y4.457 E.01257
G1 X-1.097 Y4.636 E.02895
G1 X-.614 Y4.723 E.02309
G1 X-.231 Y4.759 E.01807
G1 X.389 Y4.75 E.0292
G1 X.938 Y4.672 E.02606
G1 X1.302 Y4.574 E.01774
G1 X4.577 Y1.299 E.21779
G1 X4.679 Y.903 E.01922
G1 X4.755 Y.296 E.02876
G1 X4.755 Y-.3 E.02805
G1 X4.657 Y-.984 E.03248
;LAYER_CHANGE
;Z:6
;HEIGHT:0.2
;BEFORE_LAYER_CHANGE
;6
G1 E-1.2 F2100
;WIPE_START
G1 F6000
G1 X4.755 Y-.3
G1 X4.755 Y.296
G1 X4.679 Y.903
G1 X4.654 Y1.001
;WIPE_END
;AFTER_LAYER_CHANGE
;6
;_SET_FAN_SPEED_CHANGING_LAYER
G17
G3 Z6.4 I.204 J-1.2 P1  F30000
G1 X-2.451 Y-.207 Z6.4
G1 Z6
G1 E1.2 F2100
SET_VELOCITY_LIMIT ACCEL=5000
;TYPE:Inner wall
G1 F1402
G1 X-2.451 Y-.298 E.00427
G1 X-2.308 Y-.875 E.02798
G1 X-2.044 Y-1.378 E.02671
G1 X-1.836 Y-1.644 E.01586
G1 X-1.553 Y-1.911 E.01829
G1 X-1.142 Y-2.188 E.0233
G1 X-.604 Y-2.392 E.02708
G1 X-.193 Y-2.455 E.01956
G1 X.302 Y-2.449 E.0233
G1 X.875 Y-2.308 E.02775
G1 X1.378 Y-2.044 E.02671
G1 X1.644 Y-1.836 E.01586
G1 X1.911 Y-1.553 E.01829
G1 X2.173 Y-1.165 E.02203
G1 X2.315 Y-.849 E.01629
G1 X2.451 Y-.298 E.02671
G1 X2.451 Y.27 E.02671
G1 X2.392 Y.59 E.01526
G1 X2.296 Y.899 E.01526
G1 X2.044 Y1.378 E.02544
G1 X1.827 Y1.655 E.01653
G1 X1.402 Y2.032 E.02671
G1 X.875 Y2.308 E.02799
G1 X.298 Y2.451 E.02798
G1 X-.27 Y2.451 E.02671
G1 X-.59 Y2.392 E.01526
G1 X-.899 Y2.296 E.01526
G1 X-1.378 Y2.044 E.02544
G1 X-1.655 Y1.827 E.01653
G1 X-2.032 Y1.402 E.02671
G1 X-2.308 Y.875 E.02799
G1 X-2.451 Y.298 E.02798
G1 X-2.451 Y-.171 E.02203
SET_VELOCITY_LIMIT ACCEL=10000
G1 X-1.874 Y-.207 F30000
SET_VELOCITY_LIMIT ACCEL=5000
;TYPE:Outer wall
G1 F1402
G1 X-1.874 Y-.227 E.00097
G1 X-1.765 Y-.669 E.02139
G1 X-1.558 Y-1.064 E.02095
G1 X-1.409 Y-1.254 E.01136
G1 X-1.192 Y-1.459 E.01403
G1 X-.875 Y-1.672 E.01793
G1 X-.456 Y-1.831 E.02108
G1 X-.152 Y-1.877 E.01447
G1 X.229 Y-1.873 E.01793
G1 X.669 Y-1.765 E.02131
G1 X1.064 Y-1.558 E.02095
G1 X1.254 Y-1.409 E.01136
G1 X1.459 Y-1.192 E.01403
G1 X1.666 Y-.883 E.01749
G1 X1.767 Y-.66 E.01151
G1 X1.874 Y-.227 E.02095
G1 X1.874 Y.218 E.02095
G1 X1.831 Y.451 E.01115
G1 X1.76 Y.678 E.01115
G1 X1.558 Y1.064 E.0205
G1 X1.406 Y1.258 E.01159
G1 X1.072 Y1.553 E.02095
G1 X.669 Y1.765 E.0214
G1 X.227 Y1.874 E.02139
G1 X-.218 Y1.874 E.02095
G1 X-.451 Y1.831 E.01115
G1 X-.678 Y1.76 E.01115
G1 X-1.064 Y1.558 E.0205
G1 X-1.258 Y1.406 E.01159
G1 X-1.553 Y1.072 E.02095
G1 X-1.765 Y.669 E.0214
G1 X-1.874 Y.227 E.02139
G1 X-1.874 Y-.171 E.01873
SET_VELOCITY_LIMIT ACCEL=10000
G1 E-1.2 F2100
;WIPE_START
G1 F7200
G1 X-1.874 Y-.227
G1 X-1.765 Y-.669
G1 X-1.558 Y-1.064
G1 X-1.409 Y-1.254
G1 X-1.192 Y-1.459
G1 X-.875 Y-1.672
G1 X-.762 Y-1.715
;WIPE_END
G1 X-3.851 Y-3.36 Z6.4 F30000
G1 Z6
G1 E1.2 F2100
SET_VELOCITY_LIMIT ACCEL=5000
;TYPE:Inner wall
G1 F1402
G1 X-3.408 Y-3.809 E.02964
G1 X-3.056 Y-4.095 E.02135
G1 X-2.639 Y-4.378 E.0237
G1 X-2.383 Y-4.523 E.01384
G1 X-1.785 Y-4.79 E.03078
G1 X-1.352 Y-4.927 E.02135
G1 X-.874 Y-5.036 E.02305
G1 X-.233 Y-5.106 E.03032
G1 X.221 Y-5.105 E.02135
G1 X.709 Y-5.062 E.02305
G1 X1.349 Y-4.931 E.03073
G1 X1.627 Y-4.846 E.01365
G1 X2.241 Y-4.595 E.03119
G1 X2.498 Y-4.46 E.01365
G1 X3.047 Y-4.104 E.03078
G1 X3.398 Y-3.816 E.02135
G1 X3.749 Y-3.474 E.02305
G1 X4.162 Y-2.968 E.03072
M73 P85 R0
G1 X4.332 Y-2.715 E.0143
G1 X4.485 Y-2.453 E.01431
G1 X4.759 Y-1.864 E.03054
G1 X4.955 Y-1.254 E.03013
G1 X5.045 Y-.809 E.02135
G1 X5.101 Y-.322 E.02305
G1 X5.101 Y.323 E.03032
G1 X5.05 Y.774 E.02135
G1 X4.955 Y1.255 E.02305
G1 X4.758 Y1.869 E.03032
G1 X4.571 Y2.283 E.02135
G1 X4.333 Y2.711 E.02305
G1 X3.957 Y3.235 E.03032
G1 X3.653 Y3.572 E.02135
G1 X3.295 Y3.907 E.02305
G1 X2.77 Y4.296 E.03072
G1 X2.522 Y4.447 E.01365
G1 X1.925 Y4.736 E.03119
G1 X1.653 Y4.837 E.01366
G1 X1.013 Y5.011 E.03119
G1 X.713 Y5.062 E.0143
G1 X.411 Y5.096 E.0143
G1 X-.244 Y5.106 E.03078
G1 X-.696 Y5.062 E.02135
G1 X-1.178 Y4.974 E.02305
G1 X-1.79 Y4.788 E.03007
G1 X-2.375 Y4.526 E.03013
G1 X-2.766 Y4.296 E.02135
G1 X-3.177 Y4.005 E.0237
G1 X-3.402 Y3.815 E.01384
G1 X-3.858 Y3.353 E.03054
G1 X-4.253 Y2.837 E.03054
G1 X-4.41 Y2.586 E.0139
G1 X-4.625 Y2.171 E.022
G1 X-4.816 Y1.714 E.02329
G1 X-4.948 Y1.275 E.02154
G1 X-5.05 Y.791 E.02329
G1 X-5.098 Y.335 E.02154
G1 X-5.109 Y-.16 E.02329
G1 X-5.072 Y-.617 E.02154
G1 X-4.992 Y-1.1 E.02305
G1 X-4.813 Y-1.72 E.03032
G1 X-4.64 Y-2.139 E.02135
G1 X-4.415 Y-2.575 E.02305
G1 X-4.051 Y-3.118 E.03072
G1 X-3.875 Y-3.334 E.01311
SET_VELOCITY_LIMIT ACCEL=10000
G1 X-4.262 Y-3.765 F30000
SET_VELOCITY_LIMIT ACCEL=5000
;TYPE:Outer wall
G1 F1402
G1 X-3.797 Y-4.237 E.03117
G1 X-3.4 Y-4.558 E.02401
G1 X-2.944 Y-4.869 E.02597
G1 X-2.642 Y-5.039 E.01625
G1 X-1.99 Y-5.33 E.03358
G1 X-1.504 Y-5.484 E.02401
G1 X-.97 Y-5.606 E.02574
G1 X-.264 Y-5.683 E.03342
G1 X.247 Y-5.681 E.02401
G1 X.792 Y-5.634 E.02574
G1 X1.492 Y-5.491 E.03356
G1 X1.821 Y-5.39 E.01619
G1 X2.484 Y-5.119 E.03372
G1 X2.789 Y-4.959 E.01619
G1 X3.388 Y-4.57 E.03358
G1 X3.783 Y-4.246 E.02401
G1 X4.175 Y-3.865 E.02574
G1 X4.627 Y-3.312 E.03356
G1 X4.821 Y-3.022 E.01641
G1 X4.997 Y-2.72 E.01642
G1 X5.298 Y-2.075 E.03349
G1 X5.515 Y-1.399 E.03335
G1 X5.615 Y-.899 E.02401
G1 X5.678 Y-.355 E.02574
G1 X5.678 Y.356 E.03342
G1 X5.621 Y.863 E.02401
G1 X5.515 Y1.4 E.02574
G1 X5.297 Y2.076 E.03342
G1 X5.087 Y2.542 E.02401
G1 X4.822 Y3.02 E.02574
G1 X4.407 Y3.598 E.03342
G1 X4.065 Y3.977 E.02401
G1 X3.666 Y4.351 E.02574
G1 X3.092 Y4.776 E.03356
G1 X2.798 Y4.954 E.01619
G1 X2.152 Y5.267 E.03372
G1 X1.83 Y5.387 E.01619
G1 X1.138 Y5.575 E.03372
G1 X.794 Y5.634 E.01642
G1 X.447 Y5.672 E.01641
G1 X-.267 Y5.683 E.03358
G1 X-.775 Y5.634 E.02401
G1 X-1.314 Y5.536 E.02574
G1 X-1.992 Y5.329 E.03333
G1 X-2.64 Y5.04 E.03335
G1 X-3.08 Y4.781 E.02401
G1 X-3.53 Y4.462 E.02597
G1 X-3.795 Y4.239 E.01625
G1 X-4.294 Y3.732 E.03349
G1 X-4.727 Y3.166 E.03349
G1 X-4.911 Y2.873 E.01627
G1 X-5.148 Y2.415 E.02424
G1 X-5.36 Y1.909 E.02583
G1 X-5.507 Y1.418 E.02407
G1 X-5.621 Y.881 E.02583
G1 X-5.675 Y.372 E.02407
G1 X-5.687 Y-.177 E.02583
G1 X-5.645 Y-.688 E.02407
G1 X-5.555 Y-1.228 E.02574
G1 X-5.359 Y-1.911 E.03342
G1 X-5.164 Y-2.382 E.02401
G1 X-4.913 Y-2.869 E.02574
G1 X-4.516 Y-3.462 E.03356
G1 X-4.298 Y-3.728 E.01619
G1 X-4.287 Y-3.739 E.00072
SET_VELOCITY_LIMIT ACCEL=10000
G1 E-1.2 F2100
;WIPE_START
G1 F7200
M73 P86 R0
G1 X-3.797 Y-4.237
G1 X-3.4 Y-4.558
G1 X-2.944 Y-4.869
G1 X-2.736 Y-4.986
;WIPE_END
G1 X-4.656 Y.979 Z6.4 F30000
G1 Z6
G1 E1.2 F2100
;TYPE:Sparse infill
G1 F1402
G1 X-4.708 Y.736 E.01165
G1 X-4.752 Y.313 E.02002
G1 X-4.763 Y-.15 E.02177
G1 X-4.728 Y-.574 E.02002
G1 X-4.653 Y-1.024 E.02143
G1 X-4.573 Y-1.303 E.01366
G1 X-1.294 Y-4.582 E.2181
G1 X-.817 Y-4.694 E.02303
G1 X-.215 Y-4.76 E.02846
G1 X.205 Y-4.758 E.01976
G1 X.659 Y-4.719 E.02143
G1 X1.264 Y-4.595 E.02903
G1 X1.511 Y-4.52 E.01213
G1 X2.094 Y-4.281 E.02967
G1 X2.323 Y-4.161 E.01213
G1 X2.842 Y-3.824 E.02911
G1 X3.167 Y-3.557 E.01976
G1 X3.365 Y-3.365 E.01298
G1 X1.982 Y-1.982 E.09195
G1 X2.182 Y-1.77 E.0137
G1 X2.476 Y-1.334 E.02475
G1 X2.643 Y-.962 E.01915
G1 X2.797 Y-.34 E.03017
G1 X2.797 Y.302 E.03017
G1 X2.729 Y.673 E.01772
G1 X2.617 Y1.032 E.01772
G1 X2.336 Y1.567 E.0284
G1 X2.081 Y1.893 E.01948
G1 X1.6 Y2.319 E.03017
G1 X.999 Y2.634 E.03194
G1 X.34 Y2.797 E.03194
G1 X-.302 Y2.797 E.03017
G1 X-.673 Y2.729 E.01772
G1 X-1.032 Y2.617 E.01772
G1 X-1.567 Y2.336 E.0284
G1 X-1.893 Y2.081 E.01949
G1 X-1.981 Y1.981 E.00624
G1 X-3.362 Y3.362 E.09185
G1 X-3.167 Y3.561 E.01309
G1 X-2.965 Y3.731 E.0124
G1 X-2.578 Y4.005 E.02233
G1 X-2.216 Y4.218 E.01976
G1 X-1.668 Y4.463 E.0282
G1 X-1.096 Y4.637 E.02812
G1 X-.648 Y4.718 E.02143
G1 X-.23 Y4.759 E.01976
G1 X.389 Y4.75 E.02911
G1 X.938 Y4.672 E.02606
G1 X1.302 Y4.574 E.01774
G1 X4.577 Y1.299 E.21779
G1 X4.619 Y1.168 E.00646
G1 X4.708 Y.721 E.02143
G1 X4.755 Y.303 E.01976
G1 X4.755 Y-.302 E.02846
G1 X4.703 Y-.754 E.02143
G1 X4.656 Y-.984 E.01101
;LAYER_CHANGE
;Z:6.2
;HEIGHT:0.2
;BEFORE_LAYER_CHANGE
;6.2
G1 E-1.2 F2100
;WIPE_START
G1 F6000
G1 X4.703 Y-.754
G1 X4.755 Y-.302
G1 X4.755 Y.303
G1 X4.708 Y.721
G1 X4.652 Y1
;WIPE_END
;AFTER_LAYER_CHANGE
;6.2
;_SET_FAN_SPEED_CHANGING_LAYER
G17
G3 Z6.6 I.204 J-1.2 P1  F30000
G1 X-2.451 Y-.205 Z6.6
G1 Z6.2
G1 E1.2 F2100
SET_VELOCITY_LIMIT ACCEL=5000
;TYPE:Inner wall
G1 F1874
G1 X-2.451 Y-.298 E.00435
G1 X-2.308 Y-.875 E.02799
G1 X-2.044 Y-1.378 E.02671
G1 X-1.837 Y-1.642 E.01577
G1 X-1.564 Y-1.902 E.01773
G1 X-1.143 Y-2.187 E.0239
G1 X-.606 Y-2.391 E.02704
G1 X-.207 Y-2.454 E.019
G1 X.301 Y-2.45 E.0239
G1 X.875 Y-2.308 E.0278
G1 X1.378 Y-2.044 E.02671
G1 X1.642 Y-1.837 E.01577
G1 X1.902 Y-1.564 E.01773
G1 X2.172 Y-1.166 E.02262
G1 X2.315 Y-.849 E.01634
G1 X2.451 Y-.298 E.02671
G1 X2.451 Y.27 E.02671
G1 X2.392 Y.59 E.01526
G1 X2.296 Y.899 E.01526
G1 X2.032 Y1.402 E.02671
G1 X1.648 Y1.836 E.02723
G1 X1.324 Y2.077 E.019
G1 X.871 Y2.309 E.0239
G1 X.298 Y2.451 E.0278
G1 X-.27 Y2.451 E.02671
G1 X-.59 Y2.392 E.01526
G1 X-.899 Y2.296 E.01526
G1 X-1.402 Y2.032 E.02671
G1 X-1.836 Y1.648 E.02723
G1 X-2.077 Y1.324 E.019
G1 X-2.309 Y.871 E.0239
G1 X-2.451 Y.298 E.0278
G1 X-2.451 Y-.169 E.02194
SET_VELOCITY_LIMIT ACCEL=10000
G1 X-1.874 Y-.205 F30000
SET_VELOCITY_LIMIT ACCEL=5000
;TYPE:Outer wall
G1 F1874
G1 X-1.874 Y-.227 E.00106
G1 X-1.765 Y-.669 E.0214
G1 X-1.558 Y-1.064 E.02095
M73 P87 R0
G1 X-1.409 Y-1.253 E.01133
G1 X-1.201 Y-1.451 E.0135
G1 X-.876 Y-1.672 E.01847
G1 X-.457 Y-1.83 E.02107
G1 X-.164 Y-1.877 E.01395
G1 X.229 Y-1.873 E.01847
G1 X.669 Y-1.765 E.02133
G1 X1.064 Y-1.558 E.02095
G1 X1.253 Y-1.409 E.01133
G1 X1.451 Y-1.201 E.0135
G1 X1.666 Y-.884 E.01803
G1 X1.767 Y-.66 E.01153
G1 X1.874 Y-.227 E.02095
G1 X1.874 Y.218 E.02095
G1 X1.831 Y.451 E.01115
G1 X1.76 Y.678 E.01115
G1 X1.553 Y1.072 E.02095
G1 X1.255 Y1.408 E.02113
G1 X1.017 Y1.586 E.01395
G1 X.668 Y1.765 E.01847
G1 X.227 Y1.874 E.02133
G1 X-.218 Y1.874 E.02095
G1 X-.451 Y1.831 E.01115
G1 X-.678 Y1.76 E.01115
G1 X-1.072 Y1.553 E.02095
G1 X-1.408 Y1.255 E.02113
G1 X-1.586 Y1.017 E.01395
G1 X-1.765 Y.668 E.01847
G1 X-1.874 Y.227 E.02133
G1 X-1.874 Y-.169 E.01864
SET_VELOCITY_LIMIT ACCEL=10000
G1 E-1.2 F2100
;WIPE_START
G1 F7200
G1 X-1.874 Y-.227
G1 X-1.765 Y-.669
G1 X-1.558 Y-1.064
G1 X-1.409 Y-1.253
G1 X-1.201 Y-1.451
G1 X-.876 Y-1.672
G1 X-.763 Y-1.714
;WIPE_END
G1 X-3.853 Y-3.357 Z6.6 F30000
G1 Z6.2
G1 E1.2 F2100
SET_VELOCITY_LIMIT ACCEL=5000
;TYPE:Inner wall
G1 F1874
G1 X-3.402 Y-3.815 E.03022
G1 X-3.18 Y-4.002 E.01366
G1 X-2.635 Y-4.38 E.03118
G1 X-2.382 Y-4.523 E.01366
G1 X-1.79 Y-4.788 E.03053
G1 X-1.168 Y-4.977 E.03054
G1 X-.884 Y-5.035 E.01365
G1 X-.234 Y-5.106 E.03073
G1 X.256 Y-5.103 E.02305
G1 X.708 Y-5.062 E.02135
G1 X1.34 Y-4.933 E.03032
G1 X1.805 Y-4.78 E.02305
G1 X2.227 Y-4.601 E.02154
G1 X2.661 Y-4.362 E.02329
G1 X3.039 Y-4.11 E.02135
G1 X3.539 Y-3.689 E.03078
G1 X3.743 Y-3.482 E.01365
G1 X4.162 Y-2.968 E.03119
G1 X4.332 Y-2.715 E.0143
G1 X4.485 Y-2.453 E.0143
G1 X4.759 Y-1.864 E.03054
G1 X4.955 Y-1.255 E.03007
G1 X5.05 Y-.774 E.02305
G1 X5.101 Y-.323 E.02135
G1 X5.101 Y.322 E.03032
G1 X5.045 Y.809 E.02305
G1 X4.955 Y1.254 E.02135
G1 X4.758 Y1.868 E.03032
G1 X4.555 Y2.314 E.02305
G1 X4.334 Y2.71 E.02135
G1 X3.958 Y3.234 E.03032
G1 X3.629 Y3.597 E.02305
G1 X3.296 Y3.907 E.02135
G1 X2.77 Y4.296 E.03078
G1 X2.522 Y4.447 E.01365
G1 X1.925 Y4.736 E.03119
G1 X1.653 Y4.837 E.01366
G1 X1.013 Y5.011 E.03119
G1 X.713 Y5.062 E.0143
G1 X.411 Y5.096 E.0143
G1 X-.238 Y5.106 E.03054
G1 X-.884 Y5.035 E.03054
G1 X-1.168 Y4.977 E.01366
G1 X-1.803 Y4.784 E.03119
G1 X-2.071 Y4.674 E.01365
G1 X-2.647 Y4.372 E.03054
G1 X-3.18 Y4.002 E.03054
G1 X-3.402 Y3.815 E.01365
G1 X-3.858 Y3.353 E.03054
G1 X-4.253 Y2.837 E.03054
G1 X-4.409 Y2.587 E.01384
G1 X-4.64 Y2.139 E.0237
G1 X-4.815 Y1.716 E.02154
G1 X-4.956 Y1.241 E.02329
G1 X-5.05 Y.793 E.02154
G1 X-5.1 Y.3 E.02329
G1 X-5.109 Y-.158 E.02154
G1 X-5.068 Y-.651 E.0233
G1 X-4.992 Y-1.099 E.02135
G1 X-4.814 Y-1.719 E.03032
G1 X-4.625 Y-2.171 E.02305
G1 X-4.416 Y-2.574 E.02135
G1 X-4.051 Y-3.118 E.03078
G1 X-3.878 Y-3.331 E.01293
SET_VELOCITY_LIMIT ACCEL=10000
G1 X-4.265 Y-3.762 F30000
SET_VELOCITY_LIMIT ACCEL=5000
;TYPE:Outer wall
G1 F1874
G1 X-3.795 Y-4.239 E.03149
G1 X-3.531 Y-4.461 E.01619
G1 X-2.942 Y-4.87 E.03372
G1 X-2.642 Y-5.039 E.01619
G1 X-1.992 Y-5.329 E.03349
G1 X-1.311 Y-5.537 E.03349
G1 X-.973 Y-5.606 E.01619
G1 X-.264 Y-5.683 E.03356
G1 X.283 Y-5.68 E.02574
G1 X.792 Y-5.634 E.02401
G1 X1.488 Y-5.491 E.03342
G1 X2.008 Y-5.32 E.02574
G1 X2.48 Y-5.121 E.02408
G1 X2.961 Y-4.855 E.02583
G1 X3.386 Y-4.573 E.02401
G1 X3.932 Y-4.113 E.03358
G1 X4.173 Y-3.867 E.01619
G1 X4.627 Y-3.312 E.03372
G1 X4.821 Y-3.022 E.01641
G1 X4.997 Y-2.72 E.01642
G1 X5.298 Y-2.075 E.03349
G1 X5.515 Y-1.4 E.03333
G1 X5.621 Y-.863 E.02574
G1 X5.678 Y-.356 E.02401
G1 X5.678 Y.355 E.03342
G1 X5.615 Y.899 E.02574
G1 X5.515 Y1.399 E.02401
G1 X5.297 Y2.076 E.03342
G1 X5.071 Y2.574 E.02574
G1 X4.822 Y3.02 E.02401
G1 X4.408 Y3.598 E.03342
G1 X4.04 Y4.003 E.02574
G1 X3.666 Y4.351 E.02401
G1 X3.092 Y4.776 E.03358
G1 X2.798 Y4.954 E.01619
G1 X2.152 Y5.267 E.03372
G1 X1.83 Y5.387 E.01619
G1 X1.138 Y5.575 E.03372
G1 X.794 Y5.634 E.01642
G1 X.447 Y5.672 E.01641
G1 X-.265 Y5.683 E.03349
G1 X-.973 Y5.606 E.03349
G1 X-1.311 Y5.537 E.01619
G1 X-1.997 Y5.328 E.03372
G1 X-2.315 Y5.197 E.01619
G1 X-2.946 Y4.867 E.03349
G1 X-3.531 Y4.461 E.03349
G1 X-3.795 Y4.239 E.01619
G1 X-4.294 Y3.732 E.03349
G1 X-4.727 Y3.166 E.03349
G1 X-4.911 Y2.873 E.01625
G1 X-5.164 Y2.382 E.02597
G1 X-5.36 Y1.909 E.02407
G1 X-5.516 Y1.383 E.02583
G1 X-5.621 Y.882 E.02407
M73 P88 R0
G1 X-5.677 Y.335 E.02583
G1 X-5.687 Y-.177 E.02407
G1 X-5.641 Y-.724 E.02583
G1 X-5.556 Y-1.227 E.02401
G1 X-5.359 Y-1.91 E.03342
G1 X-5.148 Y-2.415 E.02574
G1 X-4.913 Y-2.869 E.02401
G1 X-4.516 Y-3.462 E.03358
G1 X-4.298 Y-3.728 E.01619
G1 X-4.29 Y-3.737 E.00054
SET_VELOCITY_LIMIT ACCEL=10000
G1 E-1.2 F2100
;WIPE_START
G1 F7200
G1 X-3.795 Y-4.239
G1 X-3.531 Y-4.461
G1 X-2.942 Y-4.87
G1 X-2.739 Y-4.984
;WIPE_END
G1 X-1.174 Y-3.591 Z6.6 F30000
G1 Z6.2
G1 E1.2 F2100
SET_VELOCITY_LIMIT ACCEL=7000
;TYPE:Internal solid infill
;WIDTH:0.949711
G1 F1874
G1 X-1.641 Y-3.403 E.03719
G1 X-1.946 Y-3.243 E.02548
G1 X-2.457 Y-2.875 E.04653
G1 X-2.859 Y-2.47 E.04219
G1 X-3.201 Y-2.015 E.04203
G1 X-3.488 Y-1.455 E.0465
G1 X-3.666 Y-.901 E.04299
SET_VELOCITY_LIMIT ACCEL=10000
G1 X-.909 Y-2.893 F30000
SET_VELOCITY_LIMIT ACCEL=7000
;WIDTH:0.619999
G1 F1874
G1 X-.725 Y-2.957 E.00915
G1 X-.225 Y-3.031 E.02376
G1 X.34 Y-3.026 E.02661
G1 X.471 Y-3.002 E.00626
G1 X-.958 Y-4.431 E.09502
G1 X-1.528 Y-4.264 E.02797
G1 X-2.389 Y-3.846 E.04499
G1 X-3.014 Y-3.387 E.03645
G1 X-3.592 Y-2.766 E.03992
G1 X-3.915 Y-2.285 E.02724
G1 X-4.27 Y-1.522 E.03957
G1 X-4.427 Y-.974 E.02679
G1 X-4.48 Y-.609 E.01736
G1 X-2.872 Y1 E.10697
G1 X-3.019 Y.402 E.02897
G1 X-3.028 Y-.333 E.03453
G1 X-2.86 Y-1.047 E.03453
G1 X-2.597 Y-1.568 E.02741
G1 X-2.279 Y-2.015 E.02581
G1 X-1.917 Y-2.36 E.02353
G1 X-1.439 Y-2.684 E.02713
G1 X-.943 Y-2.88 E.0251
SET_VELOCITY_LIMIT ACCEL=10000
G1 X-2.46 Y1.579 F30000
SET_VELOCITY_LIMIT ACCEL=7000
;WIDTH:0.55292
G1 F1874
G1 X-2.14 Y1.946 E.02025
G1 X-1.684 Y2.375 E.02601
SET_VELOCITY_LIMIT ACCEL=10000
G1 X.859 Y3.675 F30000
SET_VELOCITY_LIMIT ACCEL=7000
;WIDTH:0.955616
G1 F1874
G1 X1.422 Y3.51 E.04364
G1 X1.947 Y3.239 E.04392
G1 X2.431 Y2.902 E.04388
G1 X2.937 Y2.382 E.05392
G1 X3.202 Y2.018 E.0335
G1 X3.475 Y1.489 E.04429
G1 X3.575 Y1.196 E.023
SET_VELOCITY_LIMIT ACCEL=10000
G1 X2.867 Y.985 F30000
SET_VELOCITY_LIMIT ACCEL=7000
;WIDTH:0.619999
G1 F1874
G1 X2.819 Y1.144 E.00784
G1 X2.526 Y1.702 E.02959
G1 X2.06 Y2.241 E.03353
G1 X1.649 Y2.554 E.0243
G1 X1.105 Y2.838 E.02884
G1 X.402 Y3.019 E.03416
G1 X-.297 Y3.028 E.03284
G1 X-1.012 Y2.86 E.03453
G1 X.614 Y4.486 E.10811
G1 X1.074 Y4.39 E.02209
G1 X1.703 Y4.202 E.03086
G1 X2.456 Y3.811 E.03992
G1 X2.922 Y3.466 E.02724
G1 X3.512 Y2.866 E.03957
G1 X3.842 Y2.405 E.02666
G1 X4.218 Y1.659 E.0393
G1 X4.417 Y.944 E.0349
G1 X3.002 Y-.471 E.09411
G1 X3.028 Y.297 E.03613
G1 X2.875 Y.95 E.03153
SET_VELOCITY_LIMIT ACCEL=10000
G1 X2.777 Y-3.761 F30000
SET_VELOCITY_LIMIT ACCEL=7000
;WIDTH:0.55292
G1 F1874
G1 X3.221 Y-3.353 E.02507
G1 X3.792 Y-2.738 E.03487
SET_VELOCITY_LIMIT ACCEL=10000
G1 X4.807 Y-1.169 F30000
SET_VELOCITY_LIMIT ACCEL=7000
;WIDTH:0.658477
G1 F1874
G1 X1.441 Y-4.535 E.23878
G1 X1.299 Y-4.582 E.00752
G1 X1.234 Y-4.517 E.00462
G1 X.443 Y-4.662 E.04031
G1 X4.662 Y-.443 E.29929
G1 X4.722 Y-.132 E.01588
G1 X4.714 Y.479 E.03064
G1 X-.697 Y-4.932 E.38381
SET_VELOCITY_LIMIT ACCEL=10000
G1 X-4.986 Y-.298 F30000
M73 P89 R0
SET_VELOCITY_LIMIT ACCEL=7000
;WIDTH:0.735415
G1 F1874
G1 X.023 Y4.71 E.39968
G1 X-.694 Y4.662 E.04052
G1 X-.735 Y4.703 E.00331
G1 X-1.012 Y4.655 E.01583
G1 X-4.649 Y1.018 E.29027
G1 X-4.488 Y1.6 E.03409
G1 X-4.325 Y1.994 E.02402
G1 X-4.108 Y2.416 E.0268
G1 X-3.968 Y2.639 E.01487
G1 X-3.84 Y2.807 E.0119
G1 X-2.07 Y4.577 E.14125
;LAYER_CHANGE
;Z:6.4
;HEIGHT:0.2
;BEFORE_LAYER_CHANGE
;6.4
G1 E-1.2 F2100
;WIPE_START
G1 F9000
G1 X-3.484 Y3.163
;WIPE_END
;AFTER_LAYER_CHANGE
;6.4
;_SET_FAN_SPEED_CHANGING_LAYER
SET_VELOCITY_LIMIT ACCEL=10000
G17
G3 Z6.8 I1.163 J.357 P1  F30000
G1 X-2.451 Y-.201 Z6.8
G1 Z6.4
G1 E1.2 F2100
SET_VELOCITY_LIMIT ACCEL=5000
;TYPE:Inner wall
;WIDTH:0.62
G1 F1919
G1 X-2.451 Y-.279 E.00367
G1 X-2.372 Y-.664 E.01845
G1 X-2.184 Y-1.15 E.0245
G1 X-1.848 Y-1.637 E.02784
G1 X-1.423 Y-2.014 E.02671
G1 X-1.122 Y-2.195 E.01653
G1 X-.608 Y-2.39 E.02586
G1 X-.221 Y-2.453 E.01844
G1 X.3 Y-2.45 E.0245
G1 X.858 Y-2.313 E.02699
G1 X1.212 Y-2.144 E.01844
G1 X1.639 Y-1.846 E.0245
G1 X2.014 Y-1.423 E.02657
G1 X2.186 Y-1.137 E.01568
G1 X2.329 Y-.801 E.01718
G1 X2.451 Y-.295 E.0245
G1 X2.451 Y.27 E.02657
G1 X2.392 Y.59 E.01526
G1 X2.296 Y.899 E.01526
G1 X2.044 Y1.378 E.02544
G1 X1.827 Y1.655 E.01652
G1 X1.402 Y2.032 E.02671
G1 X.875 Y2.308 E.02799
G1 X.298 Y2.451 E.02798
G1 X-.27 Y2.451 E.02671
G1 X-.59 Y2.392 E.01526
G1 X-.899 Y2.296 E.01526
G1 X-1.402 Y2.032 E.02671
G1 X-1.848 Y1.637 E.02798
G1 X-2.176 Y1.162 E.02713
G1 X-2.329 Y.801 E.01844
G1 X-2.451 Y.295 E.0245
G1 X-2.451 Y-.165 E.02162
SET_VELOCITY_LIMIT ACCEL=10000
G1 X-1.874 Y-.201 F30000
SET_VELOCITY_LIMIT ACCEL=5000
;TYPE:Outer wall
G1 F1919
G1 X-1.874 Y-.221 E.00093
G1 X-1.816 Y-.501 E.01342
G1 X-1.671 Y-.878 E.01902
G1 X-1.413 Y-1.251 E.02135
G1 X-1.079 Y-1.547 E.02095
G1 X-.868 Y-1.674 E.01159
G1 X-.458 Y-1.83 E.02065
G1 X-.176 Y-1.876 E.01342
G1 X.229 Y-1.873 E.01902
G1 X.663 Y-1.766 E.02105
G1 X.921 Y-1.644 E.01342
G1 X1.252 Y-1.412 E.01902
G1 X1.547 Y-1.079 E.0209
G1 X1.671 Y-.874 E.0113
G1 X1.779 Y-.62 E.01298
G1 X1.874 Y-.226 E.01902
G1 X1.874 Y.218 E.0209
G1 X1.831 Y.451 E.01115
G1 X1.76 Y.678 E.01115
G1 X1.558 Y1.064 E.0205
G1 X1.406 Y1.258 E.01159
G1 X1.072 Y1.553 E.02095
G1 X.669 Y1.765 E.02139
G1 X.227 Y1.874 E.02139
G1 X-.218 Y1.874 E.02095
G1 X-.451 Y1.831 E.01115
G1 X-.678 Y1.76 E.01115
G1 X-1.072 Y1.553 E.02095
G1 X-1.413 Y1.251 E.02139
G1 X-1.668 Y.882 E.0211
G1 X-1.779 Y.62 E.01342
G1 X-1.874 Y.226 E.01902
G1 X-1.874 Y-.165 E.01842
SET_VELOCITY_LIMIT ACCEL=10000
G1 E-1.2 F2100
;WIPE_START
G1 F7200
G1 X-1.874 Y-.221
G1 X-1.816 Y-.501
G1 X-1.671 Y-.878
G1 X-1.413 Y-1.251
G1 X-1.079 Y-1.547
G1 X-.868 Y-1.674
G1 X-.767 Y-1.713
;WIPE_END
G1 X-3.824 Y-3.381 Z6.8 F30000
G1 Z6.4
G1 E1.2 F2100
SET_VELOCITY_LIMIT ACCEL=5000
;TYPE:Inner wall
G1 F1919
G1 X-3.715 Y-3.508 E.00785
G1 X-3.408 Y-3.811 E.0203
G1 X-3.18 Y-4.002 E.01397
G1 X-2.635 Y-4.38 E.03119
G1 X-2.382 Y-4.523 E.01366
G1 X-1.79 Y-4.788 E.03053
G1 X-1.168 Y-4.977 E.03054
G1 X-.884 Y-5.035 E.01365
G1 X-.235 Y-5.106 E.03067
G1 X.291 Y-5.101 E.02473
G1 X.707 Y-5.063 E.01965
G1 X1.339 Y-4.933 E.03034
G1 X1.838 Y-4.768 E.02473
G1 X2.225 Y-4.602 E.01979
G1 X2.691 Y-4.344 E.02505
G1 X3.04 Y-4.109 E.01979
G1 X3.45 Y-3.769 E.02505
G1 X3.75 Y-3.474 E.01979
G1 X4.089 Y-3.064 E.02505
G1 X4.329 Y-2.718 E.01979
G1 X4.587 Y-2.252 E.02505
G1 X4.763 Y-1.858 E.0203
G1 X4.863 Y-1.578 E.01397
G1 X5.022 Y-.948 E.03054
G1 X5.101 Y-.318 E.02989
G1 X5.101 Y.321 E.03002
G1 X5.039 Y.843 E.02474
G1 X4.956 Y1.252 E.01965
G1 X4.758 Y1.867 E.03034
G1 X4.54 Y2.345 E.02473
G1 X4.335 Y2.709 E.01965
G1 X3.959 Y3.233 E.03034
G1 X3.604 Y3.622 E.02473
G1 X3.298 Y3.906 E.01965
G1 X2.77 Y4.296 E.03085
M73 P90 R0
G1 X2.522 Y4.447 E.01365
G1 X1.925 Y4.736 E.03119
G1 X1.653 Y4.837 E.01366
G1 X1.013 Y5.011 E.03119
G1 X.713 Y5.062 E.0143
G1 X.411 Y5.096 E.0143
G1 X-.238 Y5.106 E.03054
G1 X-.884 Y5.035 E.03054
G1 X-1.168 Y4.977 E.01366
G1 X-1.803 Y4.784 E.03119
G1 X-2.072 Y4.674 E.01366
G1 X-2.647 Y4.372 E.03054
G1 X-3.18 Y4.002 E.03054
G1 X-3.402 Y3.815 E.01365
G1 X-3.858 Y3.353 E.03054
G1 X-4.253 Y2.837 E.03054
G1 X-4.407 Y2.591 E.01365
G1 X-4.705 Y1.999 E.03119
G1 X-4.812 Y1.725 E.01379
G1 X-4.965 Y1.208 E.02539
G1 X-5.049 Y.795 E.01979
G1 X-5.103 Y.265 E.02505
G1 X-5.11 Y-.166 E.0203
G1 X-5.091 Y-.463 E.01397
G1 X-4.991 Y-1.104 E.03054
G1 X-4.814 Y-1.718 E.03002
G1 X-4.61 Y-2.203 E.02473
G1 X-4.417 Y-2.573 E.01965
G1 X-4.057 Y-3.109 E.03034
G1 X-3.847 Y-3.354 E.01519
SET_VELOCITY_LIMIT ACCEL=10000
G1 X-4.262 Y-3.757 F30000
SET_VELOCITY_LIMIT ACCEL=5000
;TYPE:Outer wall
G1 F1919
G1 X-4.137 Y-3.902 E.00899
G1 X-3.797 Y-4.238 E.0225
G1 X-3.531 Y-4.461 E.0163
G1 X-2.942 Y-4.87 E.03372
G1 X-2.642 Y-5.039 E.01619
G1 X-1.992 Y-5.329 E.03349
G1 X-1.311 Y-5.537 E.03349
G1 X-.973 Y-5.606 E.01619
G1 X-.264 Y-5.683 E.03354
G1 X.32 Y-5.678 E.02747
G1 X.791 Y-5.634 E.02227
G1 X1.488 Y-5.491 E.03342
G1 X2.042 Y-5.308 E.02747
G1 X2.479 Y-5.121 E.02232
G1 X2.992 Y-4.837 E.02758
G1 X3.386 Y-4.572 E.02232
G1 X3.837 Y-4.198 E.02758
G1 X4.176 Y-3.865 E.02232
G1 X4.549 Y-3.413 E.02758
G1 X4.82 Y-3.023 E.02232
G1 X5.104 Y-2.509 E.02758
G1 X5.299 Y-2.072 E.0225
G1 X5.415 Y-1.746 E.0163
G1 X5.591 Y-1.056 E.03349
G1 X5.678 Y-.354 E.03327
G1 X5.678 Y.355 E.03331
G1 X5.61 Y.935 E.02747
G1 X5.515 Y1.399 E.02227
G1 X5.297 Y2.076 E.03342
G1 X5.054 Y2.607 E.02747
G1 X4.822 Y3.02 E.02227
G1 X4.408 Y3.597 E.03342
G1 X4.014 Y4.029 E.02747
G1 X3.666 Y4.351 E.02227
G1 X3.092 Y4.776 E.0336
G1 X2.798 Y4.954 E.01619
G1 X2.152 Y5.267 E.03372
G1 X1.83 Y5.387 E.01619
G1 X1.138 Y5.575 E.03372
G1 X.794 Y5.634 E.01642
G1 X.447 Y5.672 E.01641
G1 X-.265 Y5.683 E.03349
G1 X-.973 Y5.606 E.03349
G1 X-1.311 Y5.537 E.01619
G1 X-1.997 Y5.328 E.03372
G1 X-2.315 Y5.197 E.01619
G1 X-2.946 Y4.867 E.03349
G1 X-3.531 Y4.461 E.03349
G1 X-3.795 Y4.239 E.01619
G1 X-4.294 Y3.732 E.03349
G1 X-4.727 Y3.166 E.03349
G1 X-4.91 Y2.875 E.01619
G1 X-5.233 Y2.234 E.03372
G1 X-5.359 Y1.913 E.01624
G1 X-5.525 Y1.348 E.0277
G1 X-5.621 Y.883 E.02232
G1 X-5.679 Y.299 E.02758
G1 X-5.687 Y-.179 E.0225
G1 X-5.665 Y-.525 E.0163
G1 X-5.555 Y-1.229 E.03349
G1 X-5.359 Y-1.91 E.03331
G1 X-5.133 Y-2.448 E.02747
G1 X-4.914 Y-2.868 E.02227
G1 X-4.518 Y-3.458 E.03342
G1 X-4.285 Y-3.73 E.01679
SET_VELOCITY_LIMIT ACCEL=10000
G1 E-1.2 F2100
;WIPE_START
G1 F7200
G1 X-4.137 Y-3.902
G1 X-3.797 Y-4.238
G1 X-3.531 Y-4.461
G1 X-2.942 Y-4.87
G1 X-2.741 Y-4.983
;WIPE_END
G1 X-4.984 Y.291 Z6.8 F30000
G1 Z6.4
G1 E1.2 F2100
SET_VELOCITY_LIMIT ACCEL=7000
;TYPE:Internal solid infill
;WIDTH:0.735415
G1 F1919
G1 X.019 Y-4.712 E.39924
G1 X-.699 Y-4.661 E.04063
G1 X-.741 Y-4.702 E.00333
G1 X-1.018 Y-4.654 E.01587
G1 X-4.653 Y-1.019 E.29009
G1 X-4.487 Y-1.602 E.03423
G1 X-4.297 Y-2.055 E.02771
G1 X-4.119 Y-2.396 E.02169
G1 X-3.839 Y-2.813 E.02833
G1 X-2.095 Y-4.556 E.13914
SET_VELOCITY_LIMIT ACCEL=10000
G1 E-1.2 F2100
;WIPE_START
G1 F9000
G1 X-3.51 Y-3.142
;WIPE_END
G1 X-1.172 Y3.587 Z6.8 F30000
G1 Z6.4
G1 E1.2 F2100
SET_VELOCITY_LIMIT ACCEL=7000
;WIDTH:0.957281
G1 F1919
M73 P91 R0
G1 X-1.488 Y3.474 E.02501
G1 X-1.971 Y3.229 E.04037
G1 X-2.346 Y2.968 E.034
G1 X-2.746 Y2.598 E.0406
G1 X-3.139 Y2.106 E.04691
G1 X-3.485 Y1.471 E.0539
G1 X-3.671 Y.895 E.04505
SET_VELOCITY_LIMIT ACCEL=10000
G1 X-2.851 Y-1.026 F30000
SET_VELOCITY_LIMIT ACCEL=7000
;WIDTH:0.619999
G1 F1919
G1 X-4.477 Y.601 E.10819
G1 X-4.385 Y1.127 E.02512
G1 X-4.175 Y1.767 E.03166
G1 X-3.772 Y2.515 E.03998
G1 X-3.424 Y2.97 E.02694
G1 X-2.821 Y3.549 E.03929
G1 X-2.351 Y3.876 E.02694
G1 X-1.603 Y4.241 E.03912
G1 X-.953 Y4.421 E.03174
G1 X.464 Y3.004 E.09424
G1 X-.297 Y3.028 E.0358
G1 X-.994 Y2.864 E.03368
G1 X-1.624 Y2.567 E.03276
G1 X-2.257 Y2.046 E.03855
G1 X-2.667 Y1.466 E.0334
G1 X-2.87 Y1.005 E.02367
G1 X-3.02 Y.396 E.02951
G1 X-3.028 Y-.309 E.03312
G1 X-2.933 Y-.803 E.02367
G1 X-2.863 Y-.992 E.00949
SET_VELOCITY_LIMIT ACCEL=10000
G1 X-2.179 Y-1.909 F30000
SET_VELOCITY_LIMIT ACCEL=7000
;WIDTH:0.55292
G1 F1919
G1 X-1.704 Y-2.359 E.0272
SET_VELOCITY_LIMIT ACCEL=10000
G1 X-1.029 Y-2.848 F30000
SET_VELOCITY_LIMIT ACCEL=7000
;WIDTH:0.619999
G1 F1919
G1 X-.729 Y-2.955 E.01499
G1 X-.241 Y-3.031 E.02322
G1 X.338 Y-3.027 E.02724
G1 X1.024 Y-2.866 E.03312
G1 X1.481 Y-2.655 E.02367
G1 X1.998 Y-2.299 E.02951
G1 X2.463 Y-1.786 E.03256
G1 X2.718 Y-1.362 E.02326
G1 X2.885 Y-.959 E.0205
G1 X3.02 Y-.396 E.02724
G1 X3.028 Y.297 E.03256
G1 X2.992 Y.476 E.0086
G1 X4.423 Y-.955 E.09514
G1 X4.324 Y-1.352 E.01927
G1 X4.093 Y-1.937 E.02955
G1 X3.753 Y-2.51 E.03132
G1 X3.571 Y-2.778 E.01526
G1 X3.06 Y-3.341 E.03574
G1 X2.382 Y-3.855 E.04001
G1 X1.924 Y-4.1 E.02441
G1 X1.188 Y-4.374 E.03693
G1 X.599 Y-4.476 E.0281
G1 X-1.004 Y-2.873 E.1066
SET_VELOCITY_LIMIT ACCEL=10000
G1 X.853 Y-3.676 F30000
SET_VELOCITY_LIMIT ACCEL=7000
;WIDTH:0.946349
G1 F1919
G1 X1.394 Y-3.511 E.04165
G1 X1.858 Y-3.296 E.03764
G1 X2.42 Y-2.902 E.05055
G1 X3.02 Y-2.279 E.06365
G1 X3.322 Y-1.8 E.04168
G1 X3.584 Y-1.216 E.04712
SET_VELOCITY_LIMIT ACCEL=10000
G1 X4.81 Y1.161 F30000
SET_VELOCITY_LIMIT ACCEL=7000
;WIDTH:0.658477
G1 F1919
G1 X1.432 Y4.538 E.23958
G1 X1.294 Y4.576 E.00721
G1 X1.231 Y4.513 E.00446
G1 X.436 Y4.664 E.04057
G1 X4.663 Y.437 E.29985
G1 X4.722 Y.128 E.01581
G1 X4.712 Y-.482 E.03058
G1 X-.702 Y4.931 E.38401
SET_VELOCITY_LIMIT ACCEL=10000
G1 X2.544 Y3.953 F30000
SET_VELOCITY_LIMIT ACCEL=7000
;WIDTH:0.55292
G1 F1919
G1 X3.003 Y3.557 E.02518
G1 X3.609 Y2.946 E.03576
G1 X3.971 Y2.52 E.02325
;LAYER_CHANGE
;Z:6.6
;HEIGHT:0.2
;BEFORE_LAYER_CHANGE
;6.6
G1 E-1.2 F2100
;WIPE_START
G1 F9000
G1 X3.609 Y2.946
G1 X3.003 Y3.557
G1 X2.564 Y3.936
;WIPE_END
;AFTER_LAYER_CHANGE
;6.6
;_SET_FAN_SPEED_CHANGING_LAYER
SET_VELOCITY_LIMIT ACCEL=10000
G17
G3 Z7 I.781 J-.933 P1  F30000
G1 X-2.438 Y-.252 Z7
G1 Z6.6
G1 E1.2 F2100
SET_VELOCITY_LIMIT ACCEL=5000
;TYPE:Inner wall
;WIDTH:0.62
G1 F1894
G1 X-2.397 Y-.591 E.01607
G1 X-2.186 Y-1.147 E.02798
G1 X-1.859 Y-1.62 E.02703
G1 X-1.586 Y-1.885 E.01789
G1 X-1.145 Y-2.187 E.02512
G1 X-.61 Y-2.39 E.02693
G1 X-.235 Y-2.453 E.01789
G1 X.3 Y-2.45 E.02512
M73 P92 R0
G1 X.856 Y-2.313 E.02693
G1 X1.2 Y-2.152 E.01789
G1 X1.638 Y-1.846 E.02512
G1 X2.014 Y-1.423 E.02661
G1 X2.181 Y-1.145 E.01526
G1 X2.315 Y-.849 E.01526
G1 X2.451 Y-.298 E.02671
G1 X2.451 Y.27 E.02671
G1 X2.387 Y.616 E.01652
G1 X2.193 Y1.128 E.02575
G1 X1.991 Y1.451 E.01789
G1 X1.635 Y1.849 E.02512
G1 X1.17 Y2.17 E.02661
G1 X.849 Y2.315 E.01653
G1 X.298 Y2.451 E.02671
G1 X-.27 Y2.451 E.02671
G1 X-.616 Y2.387 E.01652
G1 X-1.128 Y2.193 E.02575
G1 X-1.451 Y1.991 E.01789
G1 X-1.849 Y1.635 E.02512
G1 X-2.174 Y1.164 E.02693
G1 X-2.325 Y.815 E.01789
G1 X-2.444 Y.322 E.02384
G1 X-2.465 Y-.027 E.01643
G1 X-2.442 Y-.216 E.00895
SET_VELOCITY_LIMIT ACCEL=10000
G1 X-1.865 Y-.182 F30000
SET_VELOCITY_LIMIT ACCEL=5000
;TYPE:Outer wall
G1 F1894
G1 X-1.832 Y-.452 E.01277
G1 X-1.671 Y-.877 E.02139
G1 X-1.417 Y-1.246 E.02106
G1 X-1.22 Y-1.437 E.0129
G1 X-.876 Y-1.671 E.01956
G1 X-.458 Y-1.83 E.02103
G1 X-.188 Y-1.875 E.0129
G1 X.228 Y-1.873 E.01956
G1 X.662 Y-1.766 E.02103
G1 X.911 Y-1.65 E.0129
G1 X1.252 Y-1.412 E.01956
G1 X1.547 Y-1.079 E.02091
G1 X1.67 Y-.876 E.01115
G1 X1.767 Y-.66 E.01115
G1 X1.874 Y-.227 E.02095
G1 X1.874 Y.218 E.02095
G1 X1.829 Y.461 E.01159
G1 X1.674 Y.87 E.02061
G1 X1.528 Y1.103 E.0129
G1 X1.251 Y1.413 E.01956
G1 X.885 Y1.666 E.02092
G1 X.66 Y1.767 E.01159
G1 X.227 Y1.874 E.02095
G1 X-.218 Y1.874 E.02095
G1 X-.461 Y1.829 E.01159
G1 X-.87 Y1.674 E.02061
G1 X-1.103 Y1.528 E.0129
G1 X-1.413 Y1.251 E.01956
G1 X-1.667 Y.883 E.02103
G1 X-1.776 Y.631 E.0129
G1 X-1.871 Y.236 E.01912
G1 X-1.886 Y-.009 E.01156
G1 X-1.87 Y-.146 E.00648
SET_VELOCITY_LIMIT ACCEL=10000
G1 E-1.2 F2100
;WIPE_START
G1 F7200
G1 X-1.832 Y-.452
G1 X-1.671 Y-.877
G1 X-1.417 Y-1.246
G1 X-1.22 Y-1.437
G1 X-.876 Y-1.671
G1 X-.784 Y-1.707
;WIPE_END
G1 X-3.858 Y-3.353 Z7 F30000
G1 Z6.6
G1 E1.2 F2100
SET_VELOCITY_LIMIT ACCEL=5000
;TYPE:Inner wall
G1 F1894
G1 X-3.402 Y-3.815 E.03054
G1 X-3.18 Y-4.002 E.01366
G1 X-2.645 Y-4.374 E.03063
G1 X-2.149 Y-4.636 E.02641
G1 X-1.798 Y-4.785 E.01794
G1 X-1.168 Y-4.977 E.03093
G1 X-.884 Y-5.035 E.01365
G1 X-.236 Y-5.106 E.03063
G1 X.325 Y-5.1 E.02641
G1 X.705 Y-5.063 E.01794
G1 X1.349 Y-4.931 E.03093
G1 X1.627 Y-4.846 E.01365
G1 X2.23 Y-4.599 E.03063
G1 X2.72 Y-4.326 E.02641
G1 X3.038 Y-4.111 E.01804
G1 X3.476 Y-3.746 E.0268
G1 X3.747 Y-3.477 E.01794
G1 X4.162 Y-2.968 E.03093
G1 X4.332 Y-2.715 E.0143
G1 X4.485 Y-2.453 E.01431
G1 X4.765 Y-1.851 E.03119
G1 X4.863 Y-1.578 E.01365
G1 X5.022 Y-.948 E.03054
G1 X5.101 Y-.318 E.02989
G1 X5.101 Y.318 E.02988
G1 X5.021 Y.962 E.03054
G1 X4.958 Y1.246 E.01365
G1 X4.759 Y1.866 E.03063
G1 X4.524 Y2.376 E.02641
G1 X4.336 Y2.708 E.01794
G1 X3.959 Y3.233 E.03037
G1 X3.58 Y3.647 E.02641
G1 X3.299 Y3.905 E.01794
G1 X2.77 Y4.296 E.03093
G1 X2.51 Y4.454 E.0143
G1 X2.241 Y4.595 E.0143
G1 X1.64 Y4.841 E.03054
G1 X1.013 Y5.011 E.03054
G1 X.713 Y5.062 E.0143
G1 X.411 Y5.096 E.0143
G1 X-.24 Y5.106 E.03063
G1 X-.799 Y5.047 E.02641
G1 X-1.174 Y4.975 E.01794
G1 X-1.803 Y4.784 E.03093
G1 X-2.072 Y4.674 E.01366
G1 X-2.647 Y4.372 E.03054
G1 X-3.18 Y4.002 E.03054
G1 X-3.402 Y3.815 E.01365
G1 X-3.858 Y3.353 E.03054
G1 X-4.253 Y2.837 E.03054
G1 X-4.407 Y2.591 E.01365
G1 X-4.705 Y1.999 E.03119
G1 X-4.812 Y1.726 E.01375
G1 X-4.973 Y1.174 E.02706
G1 X-5.051 Y.786 E.01859
G1 X-5.089 Y.49 E.01404
G1 X-5.109 Y-.161 E.03063
G1 X-5.059 Y-.72 E.02641
G1 X-4.992 Y-1.098 E.01804
G1 X-4.837 Y-1.647 E.0268
G1 X-4.698 Y-2.016 E.01859
G1 X-4.572 Y-2.287 E.01404
G1 X-4.244 Y-2.848 E.03054
G1 X-3.88 Y-3.324 E.02819
SET_VELOCITY_LIMIT ACCEL=10000
G1 X-4.27 Y-3.757 F30000
SET_VELOCITY_LIMIT ACCEL=5000
;TYPE:Outer wall
G1 F1894
G1 X-3.795 Y-4.239 E.03183
G1 X-3.531 Y-4.461 E.01619
G1 X-2.946 Y-4.868 E.03352
G1 X-2.397 Y-5.158 E.0292
G1 X-1.995 Y-5.328 E.02054
G1 X-1.311 Y-5.537 E.03363
G1 X-.973 Y-5.606 E.01619
G1 X-.265 Y-5.683 E.03353
G1 X.356 Y-5.676 E.0292
G1 X.791 Y-5.634 E.02054
G1 X1.492 Y-5.491 E.03363
G1 X1.821 Y-5.39 E.01619
G1 X2.481 Y-5.12 E.03353
G1 X3.023 Y-4.818 E.0292
G1 X3.385 Y-4.573 E.02057
G1 X3.864 Y-4.173 E.02933
G1 X4.175 Y-3.866 E.02054
G1 X4.627 Y-3.312 E.03363
G1 X4.821 Y-3.022 E.01641
G1 X4.997 Y-2.72 E.01642
G1 X5.3 Y-2.07 E.03372
G1 X5.415 Y-1.746 E.01619
G1 X5.591 Y-1.056 E.03349
G1 X5.678 Y-.354 E.03327
G1 X5.678 Y.354 E.03326
G1 X5.59 Y1.06 E.03349
G1 X5.516 Y1.397 E.01619
G1 X5.297 Y2.075 E.03353
G1 X5.038 Y2.639 E.0292
G1 X4.822 Y3.019 E.02054
G1 X4.408 Y3.597 E.03344
G1 X3.988 Y4.055 E.0292
M73 P93 R0
G1 X3.667 Y4.35 E.02054
G1 X3.092 Y4.776 E.03363
G1 X2.794 Y4.957 E.01642
G1 X2.484 Y5.119 E.01642
G1 X1.825 Y5.389 E.03349
G1 X1.138 Y5.575 E.03349
G1 X.794 Y5.634 E.01642
G1 X.447 Y5.672 E.01641
G1 X-.266 Y5.683 E.03353
G1 X-.884 Y5.618 E.0292
G1 X-1.312 Y5.536 E.02054
G1 X-1.997 Y5.328 E.03363
G1 X-2.315 Y5.197 E.01619
G1 X-2.946 Y4.867 E.03349
G1 X-3.531 Y4.461 E.03349
G1 X-3.795 Y4.239 E.01619
G1 X-4.294 Y3.732 E.03349
G1 X-4.727 Y3.166 E.03349
G1 X-4.91 Y2.875 E.01619
G1 X-5.233 Y2.234 E.03372
G1 X-5.359 Y1.913 E.01622
G1 X-5.534 Y1.312 E.02943
G1 X-5.621 Y.879 E.02076
G1 X-5.664 Y.535 E.01633
G1 X-5.687 Y-.178 E.03353
G1 X-5.632 Y-.796 E.0292
G1 X-5.556 Y-1.227 E.02057
G1 X-5.386 Y-1.827 E.02934
G1 X-5.23 Y-2.24 E.02076
G1 X-5.084 Y-2.555 E.01632
G1 X-4.724 Y-3.17 E.03349
G1 X-4.295 Y-3.731 E.03324
SET_VELOCITY_LIMIT ACCEL=10000
G1 E-1.2 F2100
;WIPE_START
G1 F7200
G1 X-3.795 Y-4.239
G1 X-3.531 Y-4.461
G1 X-2.946 Y-4.868
G1 X-2.742 Y-4.975
;WIPE_END
G1 X-1.159 Y-3.588 Z7 F30000
G1 Z6.6
G1 E1.2 F2100
SET_VELOCITY_LIMIT ACCEL=7000
;TYPE:Internal solid infill
;WIDTH:0.952928
G1 F1894
G1 X-1.646 Y-3.409 E.03843
G1 X-1.943 Y-3.246 E.0251
G1 X-2.378 Y-2.937 E.03963
G1 X-2.799 Y-2.548 E.04249
G1 X-3.139 Y-2.106 E.04132
G1 X-3.396 Y-1.677 E.03712
G1 X-3.678 Y-.9 E.06132
SET_VELOCITY_LIMIT ACCEL=10000
G1 X-.898 Y-2.898 F30000
SET_VELOCITY_LIMIT ACCEL=7000
;WIDTH:0.619999
G1 F1894
G1 X-.306 Y-3.026 E.02848
G1 X.337 Y-3.027 E.0302
G1 X.471 Y-3.002 E.00643
G1 X-.958 Y-4.431 E.09502
G1 X-1.855 Y-4.129 E.04454
G1 X-2.341 Y-3.882 E.02563
G1 X-3.017 Y-3.384 E.03945
G1 X-3.422 Y-2.973 E.02713
G1 X-3.764 Y-2.526 E.0265
G1 X-4.057 Y-2.025 E.02729
G1 X-4.29 Y-1.461 E.02867
G1 X-4.428 Y-.974 E.02382
G1 X-4.479 Y-.608 E.01739
G1 X-2.872 Y1 E.10692
G1 X-3.011 Y.432 E.02748
G1 X-3.041 Y-.07 E.02369
G1 X-2.966 Y-.695 E.02959
G1 X-2.713 Y-1.385 E.03453
G1 X-2.318 Y-1.971 E.03326
G1 X-1.94 Y-2.342 E.02488
G1 X-1.521 Y-2.629 E.02392
G1 X-.931 Y-2.883 E.03022
SET_VELOCITY_LIMIT ACCEL=10000
G1 X-2.18 Y1.905 F30000
SET_VELOCITY_LIMIT ACCEL=7000
;WIDTH:0.55292
G1 F1894
G1 X-1.74 Y2.325 E.02526
SET_VELOCITY_LIMIT ACCEL=10000
G1 X-1.021 Y2.851 F30000
SET_VELOCITY_LIMIT ACCEL=7000
;WIDTH:0.619999
G1 F1894
G1 X.614 Y4.486 E.10872
G1 X1.386 Y4.312 E.0372
G1 X1.95 Y4.09 E.02849
G1 X2.394 Y3.847 E.02383
G1 X3.216 Y3.189 E.04951
G1 X3.608 Y2.719 E.02878
G1 X4.014 Y2.104 E.03465
G1 X4.234 Y1.604 E.02566
G1 X4.419 Y.946 E.03217
G1 X3.002 Y-.471 E.09423
G1 X3.028 Y.297 E.03613
G1 X2.936 Y.796 E.02388
G1 X2.723 Y1.359 E.02832
G1 X2.438 Y1.817 E.02534
G1 X2.043 Y2.259 E.0279
G1 X1.599 Y2.575 E.02559
G1 X1.062 Y2.852 E.02841
G1 X.402 Y3.019 E.03204
G1 X-.297 Y3.028 E.03284
G1 X-.796 Y2.936 E.02388
G1 X-.987 Y2.864 E.0096
SET_VELOCITY_LIMIT ACCEL=10000
G1 X.865 Y3.677 F30000
SET_VELOCITY_LIMIT ACCEL=7000
;WIDTH:0.952777
G1 F1894
G1 X1.366 Y3.528 E.0388
G1 X1.898 Y3.272 E.04375
G1 X2.408 Y2.908 E.04645
G1 X2.914 Y2.41 E.05266
G1 X3.325 Y1.803 E.05436
G1 X3.51 Y1.401 E.03282
G1 X3.578 Y1.197 E.01592
SET_VELOCITY_LIMIT ACCEL=10000
G1 X2.217 Y-4.507 F30000
SET_VELOCITY_LIMIT ACCEL=7000
;WIDTH:0.633824
G1 F1894
G1 X3.533 Y-3.191 E.0896
G1 X3.884 Y-2.761 E.02672
G1 X4.178 Y-2.292 E.02669
G1 X4.444 Y-1.72 E.03038
G1 X4.571 Y-1.317 E.02032
G1 X1.307 Y-4.582 E.22228
G1 X1.292 Y-4.586 E.00078
G1 X1.228 Y-4.523 E.00434
G1 X.376 Y-4.678 E.04172
G1 X4.675 Y-.378 E.29275
G1 X4.72 Y-.134 E.01195
M73 P94 R0
G1 X4.712 Y.494 E.03027
G1 X-.706 Y-4.923 E.36889
SET_VELOCITY_LIMIT ACCEL=10000
G1 X-4.984 Y-.296 F30000
SET_VELOCITY_LIMIT ACCEL=7000
;WIDTH:0.735415
G1 F1894
G1 X.022 Y4.709 E.39947
G1 X-.697 Y4.658 E.04063
G1 X-.743 Y4.705 E.00371
G1 X-1.014 Y4.653 E.01556
G1 X-4.652 Y1.015 E.29034
G1 X-4.484 Y1.614 E.03513
G1 X-4.389 Y1.857 E.01471
G1 X-4.105 Y2.421 E.0356
G1 X-3.968 Y2.639 E.01456
G1 X-3.84 Y2.807 E.0119
G1 X-2.07 Y4.577 E.14125
;LAYER_CHANGE
;Z:6.8
;HEIGHT:0.2
;BEFORE_LAYER_CHANGE
;6.8
G1 E-1.2 F2100
;WIPE_START
G1 F9000
G1 X-3.484 Y3.163
;WIPE_END
;AFTER_LAYER_CHANGE
;6.8
;_SET_FAN_SPEED_CHANGING_LAYER
SET_VELOCITY_LIMIT ACCEL=10000
G17
G3 Z7.2 I1.163 J.358 P1  F30000
G1 X-2.451 Y-.198 Z7.2
G1 Z6.8
G1 E1.2 F2100
SET_VELOCITY_LIMIT ACCEL=5000
;TYPE:Inner wall
;WIDTH:0.62
G1 F1929
G1 X-2.451 Y-.275 E.00362
G1 X-2.381 Y-.637 E.01734
G1 X-2.185 Y-1.148 E.02575
G1 X-1.861 Y-1.618 E.02685
G1 X-1.597 Y-1.876 E.01734
G1 X-1.146 Y-2.186 E.02575
G1 X-.612 Y-2.389 E.02685
G1 X-.249 Y-2.452 E.01734
G1 X.299 Y-2.45 E.02574
G1 X.853 Y-2.314 E.02685
G1 X1.188 Y-2.159 E.01734
G1 X1.638 Y-1.847 E.02574
G1 X2.014 Y-1.423 E.02665
G1 X2.182 Y-1.145 E.01526
G1 X2.315 Y-.849 E.01526
G1 X2.451 Y-.298 E.02671
G1 X2.451 Y.27 E.02671
G1 X2.387 Y.616 E.01652
G1 X2.194 Y1.126 E.02564
G1 X2 Y1.44 E.01734
G1 X1.636 Y1.848 E.02574
G1 X1.17 Y2.17 E.02665
G1 X.849 Y2.315 E.01653
G1 X.298 Y2.451 E.02671
G1 X-.27 Y2.451 E.02671
G1 X-.616 Y2.387 E.01652
G1 X-1.126 Y2.194 E.02564
G1 X-1.44 Y2 E.01734
G1 X-1.848 Y1.636 E.02574
G1 X-2.17 Y1.17 E.02665
G1 X-2.315 Y.849 E.01653
G1 X-2.451 Y.298 E.02671
G1 X-2.451 Y-.162 E.0216
SET_VELOCITY_LIMIT ACCEL=10000
G1 X-1.874 Y-.198 F30000
SET_VELOCITY_LIMIT ACCEL=5000
;TYPE:Outer wall
G1 F1929
G1 X-1.874 Y-.22 E.00102
G1 X-1.824 Y-.478 E.01237
G1 X-1.671 Y-.877 E.02011
G1 X-1.417 Y-1.245 E.021
G1 X-1.229 Y-1.429 E.01237
G1 X-.877 Y-1.671 E.02011
G1 X-.459 Y-1.83 E.021
G1 X-.2 Y-1.875 E.01237
G1 X.228 Y-1.873 E.02011
G1 X.661 Y-1.767 E.021
G1 X.9 Y-1.656 E.01237
G1 X1.252 Y-1.412 E.02011
G1 X1.547 Y-1.079 E.02093
G1 X1.67 Y-.876 E.01115
G1 X1.767 Y-.66 E.01115
G1 X1.874 Y-.227 E.02095
G1 X1.874 Y.218 E.02095
G1 X1.829 Y.461 E.01159
G1 X1.674 Y.87 E.02057
G1 X1.536 Y1.093 E.01237
G1 X1.251 Y1.413 E.02011
G1 X.885 Y1.666 E.02093
G1 X.66 Y1.767 E.01159
G1 X.227 Y1.874 E.02095
G1 X-.218 Y1.874 E.02095
G1 X-.461 Y1.829 E.01159
G1 X-.87 Y1.674 E.02057
G1 X-1.093 Y1.536 E.01237
G1 X-1.413 Y1.251 E.02011
G1 X-1.666 Y.885 E.02093
G1 X-1.767 Y.66 E.01159
G1 X-1.874 Y.227 E.02095
G1 X-1.874 Y-.162 E.0183
SET_VELOCITY_LIMIT ACCEL=10000
G1 E-1.2 F2100
;WIPE_START
G1 F7200
G1 X-1.874 Y-.22
G1 X-1.824 Y-.478
G1 X-1.671 Y-.877
G1 X-1.417 Y-1.245
G1 X-1.229 Y-1.429
G1 X-.877 Y-1.671
G1 X-.77 Y-1.712
;WIPE_END
G1 X-3.861 Y-3.35 Z7.2 F30000
G1 Z6.8
G1 E1.2 F2100
SET_VELOCITY_LIMIT ACCEL=5000
;TYPE:Inner wall
G1 F1929
G1 X-3.402 Y-3.815 E.03072
G1 X-3.18 Y-4.002 E.01366
G1 X-2.635 Y-4.38 E.03118
G1 X-2.382 Y-4.523 E.01366
G1 X-1.79 Y-4.788 E.03053
G1 X-1.168 Y-4.977 E.03054
G1 X-.884 Y-5.035 E.01365
G1 X-.237 Y-5.106 E.03059
G1 X.36 Y-5.098 E.02807
M73 P95 R0
G1 X.703 Y-5.063 E.01623
G1 X1.337 Y-4.933 E.03042
G1 X1.903 Y-4.743 E.02807
G1 X2.22 Y-4.605 E.01628
G1 X2.75 Y-4.308 E.02856
G1 X3.046 Y-4.106 E.01688
G1 X3.282 Y-3.919 E.01414
G1 X3.752 Y-3.471 E.03054
G1 X4.162 Y-2.968 E.03054
G1 X4.325 Y-2.726 E.01371
G1 X4.618 Y-2.19 E.02873
G1 X4.863 Y-1.578 E.03099
G1 X5.022 Y-.948 E.03054
G1 X5.101 Y-.318 E.02989
G1 X5.101 Y.319 E.02994
G1 X5.029 Y.911 E.02808
G1 X4.957 Y1.249 E.01623
G1 X4.759 Y1.865 E.03042
G1 X4.508 Y2.407 E.02807
G1 X4.337 Y2.706 E.01623
G1 X3.96 Y3.232 E.03042
G1 X3.555 Y3.671 E.02807
G1 X3.3 Y3.904 E.01623
G1 X2.77 Y4.296 E.03102
G1 X2.521 Y4.447 E.01371
G1 X1.972 Y4.715 E.02872
G1 X1.65 Y4.838 E.01623
G1 X1.013 Y5.011 E.03102
G1 X.713 Y5.062 E.0143
G1 X.411 Y5.096 E.0143
G1 X-.238 Y5.106 E.03054
G1 X-.884 Y5.035 E.03054
G1 X-1.168 Y4.977 E.01366
G1 X-1.803 Y4.784 E.03119
G1 X-2.072 Y4.674 E.01365
G1 X-2.647 Y4.372 E.03054
G1 X-3.17 Y4.01 E.02994
G1 X-3.615 Y3.612 E.02807
G1 X-3.861 Y3.351 E.01688
G1 X-4.051 Y3.118 E.01414
G1 X-4.414 Y2.578 E.03059
G1 X-4.684 Y2.045 E.02808
G1 X-4.813 Y1.724 E.01628
G1 X-4.982 Y1.14 E.02856
G1 X-5.051 Y.788 E.01688
G1 X-5.089 Y.49 E.01413
G1 X-5.109 Y-.16 E.03059
G1 X-5.055 Y-.755 E.02807
G1 X-4.993 Y-1.094 E.01623
G1 X-4.815 Y-1.716 E.03042
G1 X-4.581 Y-2.265 E.02807
G1 X-4.419 Y-2.57 E.01623
G1 X-4.051 Y-3.118 E.03102
G1 X-3.884 Y-3.322 E.01243
SET_VELOCITY_LIMIT ACCEL=10000
G1 X-4.272 Y-3.755 F30000
SET_VELOCITY_LIMIT ACCEL=5000
;TYPE:Outer wall
G1 F1929
G1 X-3.795 Y-4.239 E.03199
G1 X-3.531 Y-4.461 E.01619
G1 X-2.942 Y-4.87 E.03372
G1 X-2.642 Y-5.039 E.01619
G1 X-1.992 Y-5.329 E.03349
G1 X-1.311 Y-5.537 E.03349
G1 X-.973 Y-5.606 E.01619
G1 X-.265 Y-5.683 E.03351
G1 X.393 Y-5.675 E.03092
G1 X.79 Y-5.634 E.0188
G1 X1.487 Y-5.492 E.03345
G1 X2.11 Y-5.282 E.03092
G1 X2.477 Y-5.122 E.01882
G1 X3.054 Y-4.799 E.03109
G1 X3.388 Y-4.571 E.01902
G1 X3.661 Y-4.355 E.01636
G1 X4.176 Y-3.864 E.03349
G1 X4.627 Y-3.312 E.03349
G1 X4.819 Y-3.026 E.01621
G1 X5.136 Y-2.444 E.03115
G1 X5.298 Y-2.074 E.01902
G1 X5.415 Y-1.746 E.01636
G1 X5.591 Y-1.056 E.03349
G1 X5.678 Y-.354 E.03327
G1 X5.678 Y.354 E.03328
G1 X5.598 Y1.007 E.03092
G1 X5.515 Y1.398 E.0188
G1 X5.298 Y2.075 E.03345
G1 X5.022 Y2.672 E.03092
G1 X4.823 Y3.019 E.0188
G1 X4.408 Y3.597 E.03345
G1 X3.963 Y4.081 E.03092
G1 X3.667 Y4.35 E.0188
G1 X3.092 Y4.776 E.03366
G1 X2.797 Y4.954 E.01621
G1 X2.202 Y5.245 E.03115
G1 X1.829 Y5.388 E.0188
G1 X1.138 Y5.575 E.03366
G1 X.794 Y5.634 E.01642
G1 X.447 Y5.672 E.01641
G1 X-.265 Y5.683 E.03349
G1 X-.973 Y5.606 E.03349
G1 X-1.311 Y5.537 E.01619
G1 X-1.997 Y5.328 E.03372
G1 X-2.315 Y5.197 E.01619
G1 X-2.946 Y4.867 E.03349
G1 X-3.528 Y4.464 E.03328
G1 X-4.018 Y4.026 E.03092
G1 X-4.296 Y3.731 E.01902
G1 X-4.516 Y3.462 E.01636
G1 X-4.913 Y2.87 E.03351
G1 X-5.21 Y2.283 E.03092
G1 X-5.359 Y1.912 E.01882
G1 X-5.543 Y1.277 E.03109
G1 X-5.621 Y.88 E.01902
G1 X-5.664 Y.535 E.01636
G1 X-5.687 Y-.177 E.03351
G1 X-5.627 Y-.832 E.03092
G1 X-5.556 Y-1.226 E.0188
G1 X-5.36 Y-1.909 E.03345
G1 X-5.102 Y-2.514 E.03092
G1 X-4.914 Y-2.867 E.0188
G1 X-4.516 Y-3.462 E.03366
G1 X-4.298 Y-3.728 E.01619
G1 X-4.297 Y-3.729 E.00004
SET_VELOCITY_LIMIT ACCEL=10000
G1 E-1.2 F2100
;WIPE_START
G1 F7200
G1 X-3.795 Y-4.239
G1 X-3.531 Y-4.461
G1 X-2.942 Y-4.87
G1 X-2.749 Y-4.979
;WIPE_END
G1 X-4.98 Y.292 Z7.2 F30000
G1 Z6.8
G1 E1.2 F2100
SET_VELOCITY_LIMIT ACCEL=7000
;TYPE:Internal solid infill
;WIDTH:0.735415
G1 F1929
G1 X.023 Y-4.711 E.39925
G1 X-.694 Y-4.661 E.04056
G1 X-.735 Y-4.703 E.00331
G1 X-1.012 Y-4.655 E.01583
G1 X-4.657 Y-1.011 E.29087
G1 X-4.488 Y-1.6 E.0346
M73 P96 R0
G1 X-4.268 Y-2.116 E.03164
G1 X-4.122 Y-2.392 E.01763
G1 X-3.85 Y-2.797 E.02754
G1 X-2.086 Y-4.561 E.14074
SET_VELOCITY_LIMIT ACCEL=10000
G1 E-1.2 F2100
;WIPE_START
G1 F9000
G1 X-3.5 Y-3.146
;WIPE_END
G1 X-1.168 Y3.59 Z7.2 F30000
G1 Z6.8
G1 E1.2 F2100
SET_VELOCITY_LIMIT ACCEL=7000
;WIDTH:0.950824
G1 F1929
G1 X-1.703 Y3.374 E.04272
G1 X-2.154 Y3.109 E.03869
G1 X-2.677 Y2.673 E.0504
G1 X-2.995 Y2.31 E.03567
G1 X-3.341 Y1.777 E.04701
G1 X-3.561 Y1.263 E.04137
G1 X-3.667 Y.899 E.02803
SET_VELOCITY_LIMIT ACCEL=10000
G1 X-2.852 Y-1.02 F30000
SET_VELOCITY_LIMIT ACCEL=7000
;WIDTH:0.619999
G1 F1929
G1 X-4.484 Y.613 E.10854
G1 X-4.389 Y1.099 E.0233
G1 X-4.153 Y1.815 E.03545
G1 X-3.915 Y2.285 E.0248
G1 X-3.59 Y2.769 E.0274
G1 X-3.209 Y3.201 E.02711
G1 X-2.812 Y3.556 E.02501
G1 X-2.351 Y3.876 E.0264
G1 X-1.603 Y4.241 E.03912
G1 X-.948 Y4.422 E.03195
G1 X.471 Y3.002 E.09441
G1 X-.297 Y3.028 E.03613
G1 X-.796 Y2.936 E.02388
G1 X-1.356 Y2.724 E.02817
G1 X-1.805 Y2.448 E.02476
G1 X-2.258 Y2.044 E.02856
G1 X-2.655 Y1.483 E.03231
G1 X-2.869 Y1.013 E.02429
G1 X-3.019 Y.402 E.02959
G1 X-3.028 Y-.302 E.03311
G1 X-2.929 Y-.819 E.02476
G1 X-2.865 Y-.986 E.00838
SET_VELOCITY_LIMIT ACCEL=10000
G1 X-2.197 Y-1.885 F30000
SET_VELOCITY_LIMIT ACCEL=7000
;WIDTH:0.55292
G1 F1929
G1 X-1.887 Y-2.192 E.01811
SET_VELOCITY_LIMIT ACCEL=10000
G1 X.858 Y-3.675 F30000
SET_VELOCITY_LIMIT ACCEL=7000
;WIDTH:0.956894
G1 F1929
G1 X1.382 Y-3.525 E.04057
G1 X1.918 Y-3.255 E.04472
G1 X2.42 Y-2.913 E.04523
G1 X2.775 Y-2.567 E.0369
G1 X3.136 Y-2.114 E.04318
G1 X3.417 Y-1.608 E.04311
G1 X3.583 Y-1.212 E.03193
SET_VELOCITY_LIMIT ACCEL=10000
G1 X2.75 Y-1.257 F30000
SET_VELOCITY_LIMIT ACCEL=7000
;WIDTH:0.619999
G1 F1929
G1 X2.872 Y-1 E.01338
G1 X3.019 Y-.402 E.02899
G1 X3.028 Y.297 E.03284
G1 X3 Y.473 E.0084
G1 X4.423 Y-.95 E.09465
G1 X4.324 Y-1.351 E.0194
G1 X4.117 Y-1.888 E.02707
G1 X3.8 Y-2.447 E.03026
G1 X3.357 Y-3.042 E.03487
G1 X2.943 Y-3.445 E.02719
G1 X2.493 Y-3.782 E.02643
G1 X1.736 Y-4.181 E.04022
G1 X1.244 Y-4.356 E.02459
G1 X.605 Y-4.477 E.03055
G1 X-1.021 Y-2.851 E.10813
G1 X-.738 Y-2.953 E.01413
G1 X-.272 Y-3.029 E.02218
G1 X.335 Y-3.027 E.02856
G1 X1.083 Y-2.843 E.03624
G1 X1.623 Y-2.56 E.02866
G1 X2.047 Y-2.255 E.02454
G1 X2.463 Y-1.786 E.02952
G1 X2.733 Y-1.289 E.02658
SET_VELOCITY_LIMIT ACCEL=10000
G1 X4.493 Y2.234 F30000
SET_VELOCITY_LIMIT ACCEL=7000
;WIDTH:0.63427
G1 F1929
G1 X3.201 Y3.526 E.08808
G1 X3.08 Y3.636 E.00786
G1 X2.577 Y4.008 E.03016
G1 X2.355 Y4.143 E.01251
G1 X1.834 Y4.397 E.02794
G1 X1.542 Y4.509 E.01505
G1 X1.322 Y4.568 E.01099
G1 X4.57 Y1.32 E.22136
G1 X4.575 Y1.304 E.0008
G1 X4.51 Y1.239 E.00446
G1 X4.674 Y.381 E.0421
G1 X.379 Y4.676 E.29269
G1 X.132 Y4.723 E.01211
G1 X-.493 Y4.711 E.03011
G1 X4.925 Y-.707 E.36922
;LAYER_CHANGE
;Z:7
;HEIGHT:0.2
;BEFORE_LAYER_CHANGE
;7
G1 E-1.2 F2100
M73 P97 R0
;WIPE_START
G1 F9000
G1 X3.511 Y.707
;WIPE_END
;AFTER_LAYER_CHANGE
;7
;_SET_FAN_SPEED_CHANGING_LAYER
SET_VELOCITY_LIMIT ACCEL=10000
G17
G3 Z7.4 I.182 J-1.203 P1  F30000
G1 X-2.451 Y-.196 Z7.4
G1 Z7
G1 E1.2 F2100
SET_VELOCITY_LIMIT ACCEL=5000
;TYPE:Inner wall
;WIDTH:0.62
G1 F2202
G1 X-2.451 Y-.272 E.00357
G1 X-2.385 Y-.623 E.0168
G1 X-2.186 Y-1.148 E.02639
G1 X-1.862 Y-1.616 E.02676
G1 X-1.609 Y-1.868 E.0168
G1 X-1.147 Y-2.186 E.02638
G1 X-.615 Y-2.388 E.02676
G1 X-.263 Y-2.451 E.0168
G1 X.298 Y-2.451 E.02639
G1 X.851 Y-2.314 E.02676
G1 X1.176 Y-2.167 E.0168
G1 X1.616 Y-1.862 E.02518
G1 X1.868 Y-1.609 E.01678
G1 X2.171 Y-1.169 E.02511
G1 X2.315 Y-.849 E.01651
G1 X2.451 Y-.298 E.02671
G1 X2.451 Y.27 E.02671
G1 X2.392 Y.59 E.01526
G1 X2.296 Y.899 E.01526
G1 X2.044 Y1.38 E.02551
G1 X1.822 Y1.66 E.0168
G1 X1.402 Y2.032 E.02639
G1 X.875 Y2.308 E.02797
G1 X.298 Y2.451 E.02799
G1 X-.27 Y2.451 E.02671
G1 X-.59 Y2.392 E.01526
G1 X-.899 Y2.296 E.01526
G1 X-1.402 Y2.032 E.02671
G1 X-1.829 Y1.654 E.02678
G1 X-2.048 Y1.372 E.0168
G1 X-2.308 Y.875 E.02639
G1 X-2.451 Y.298 E.02797
G1 X-2.451 Y-.16 E.02152
SET_VELOCITY_LIMIT ACCEL=10000
G1 X-1.874 Y-.196 F30000
SET_VELOCITY_LIMIT ACCEL=5000
;TYPE:Outer wall
G1 F2202
G1 X-1.874 Y-.219 E.00106
G1 X-1.827 Y-.466 E.01185
G1 X-1.671 Y-.877 E.02067
G1 X-1.418 Y-1.244 E.02097
G1 X-1.239 Y-1.422 E.01185
G1 X-.877 Y-1.671 E.02067
G1 X-.46 Y-1.829 E.02097
G1 X-.212 Y-1.874 E.01185
G1 X.228 Y-1.873 E.02067
G1 X.661 Y-1.767 E.02097
G1 X.89 Y-1.663 E.01185
G1 X1.244 Y-1.418 E.02025
G1 X1.422 Y-1.239 E.01185
G1 X1.666 Y-.885 E.02022
G1 X1.767 Y-.66 E.01159
G1 X1.874 Y-.227 E.02095
G1 X1.874 Y.218 E.02095
G1 X1.831 Y.451 E.01115
G1 X1.76 Y.678 E.01115
G1 X1.557 Y1.064 E.02053
G1 X1.401 Y1.262 E.01185
G1 X1.072 Y1.553 E.02067
G1 X.669 Y1.765 E.02139
G1 X.227 Y1.874 E.0214
G1 X-.218 Y1.874 E.02095
G1 X-.451 Y1.831 E.01115
G1 X-.678 Y1.76 E.01115
G1 X-1.072 Y1.553 E.02095
G1 X-1.406 Y1.257 E.02097
G1 X-1.561 Y1.058 E.01185
G1 X-1.765 Y.669 E.02067
G1 X-1.874 Y.227 E.02139
G1 X-1.874 Y-.16 E.01822
SET_VELOCITY_LIMIT ACCEL=10000
G1 E-1.2 F2100
;WIPE_START
G1 F7200
G1 X-1.874 Y-.219
G1 X-1.827 Y-.466
G1 X-1.671 Y-.877
G1 X-1.418 Y-1.244
G1 X-1.239 Y-1.422
G1 X-.877 Y-1.671
G1 X-.772 Y-1.711
;WIPE_END
G1 X-3.863 Y-3.348 Z7.4 F30000
G1 Z7
G1 E1.2 F2100
SET_VELOCITY_LIMIT ACCEL=5000
;TYPE:Inner wall
G1 F2202
G1 X-3.402 Y-3.815 E.03086
G1 X-3.18 Y-4.002 E.01365
G1 X-2.635 Y-4.38 E.03119
G1 X-2.383 Y-4.523 E.01365
G1 X-1.79 Y-4.788 E.03054
G1 X-1.168 Y-4.977 E.03054
G1 X-.884 Y-5.035 E.01365
G1 X-.238 Y-5.106 E.03055
G1 X.394 Y-5.096 E.02972
G1 X.701 Y-5.064 E.01451
G1 X1.349 Y-4.931 E.03113
G1 X1.627 Y-4.846 E.01365
G1 X2.228 Y-4.6 E.03055
G1 X2.779 Y-4.29 E.02972
G1 X3.033 Y-4.115 E.01453
G1 X3.527 Y-3.7 E.03031
G1 X3.744 Y-3.481 E.01451
G1 X4.162 Y-2.968 E.03112
G1 X4.332 Y-2.715 E.0143
G1 X4.485 Y-2.453 E.0143
G1 X4.759 Y-1.864 E.03054
G1 X4.954 Y-1.258 E.0299
G1 X5.072 Y-.637 E.02972
G1 X5.101 Y-.33 E.01451
G1 X5.101 Y.318 E.03047
G1 X5.021 Y.962 E.03054
G1 X4.958 Y1.246 E.01365
G1 X4.759 Y1.864 E.03055
G1 X4.493 Y2.437 E.02972
G1 X4.338 Y2.704 E.01451
G1 X3.96 Y3.231 E.03049
G1 X3.531 Y3.696 E.02972
G1 X3.302 Y3.903 E.01453
G1 X2.784 Y4.287 E.03031
G1 X2.521 Y4.447 E.01451
G1 X1.925 Y4.736 E.03112
G1 X1.653 Y4.837 E.01365
G1 X1.013 Y5.011 E.03119
G1 X.713 Y5.062 E.0143
G1 X.411 Y5.096 E.0143
G1 X-.238 Y5.106 E.03054
G1 X-.884 Y5.035 E.03054
G1 X-1.168 Y4.977 E.01366
G1 X-1.803 Y4.784 E.03119
G1 X-2.071 Y4.674 E.01365
G1 X-2.647 Y4.372 E.03054
G1 X-3.18 Y4.002 E.03054
G1 X-3.402 Y3.815 E.01365
G1 X-3.858 Y3.353 E.03054
G1 X-4.253 Y2.837 E.03054
G1 X-4.407 Y2.591 E.01367
G1 X-4.698 Y2.014 E.03037
G1 X-4.812 Y1.727 E.01453
G1 X-4.99 Y1.107 E.03031
G1 X-5.051 Y.791 E.01516
G1 X-5.089 Y.49 E.01424
G1 X-5.109 Y-.173 E.03119
G1 X-5.091 Y-.463 E.01365
G1 X-4.991 Y-1.104 E.03054
G1 X-4.815 Y-1.715 E.0299
G1 X-4.567 Y-2.296 E.02972
G1 X-4.42 Y-2.568 E.01451
G1 X-4.051 Y-3.118 E.03112
G1 X-3.886 Y-3.32 E.01229
SET_VELOCITY_LIMIT ACCEL=10000
G1 X-4.274 Y-3.753 F30000
SET_VELOCITY_LIMIT ACCEL=5000
;TYPE:Outer wall
G1 F2202
G1 X-3.795 Y-4.239 E.03212
G1 X-3.531 Y-4.461 E.01619
G1 X-2.942 Y-4.87 E.03372
G1 X-2.642 Y-5.039 E.01619
G1 X-1.992 Y-5.329 E.03349
G1 X-1.311 Y-5.537 E.03349
G1 X-.973 Y-5.606 E.01619
G1 X-.265 Y-5.683 E.0335
G1 X.429 Y-5.673 E.03264
G1 X.789 Y-5.635 E.01706
G1 X1.492 Y-5.491 E.0337
G1 X1.821 Y-5.39 E.01619
G1 X2.48 Y-5.12 E.0335
G1 X3.085 Y-4.78 E.03264
G1 X3.384 Y-4.574 E.01706
G1 X3.918 Y-4.125 E.03284
G1 X4.174 Y-3.867 E.01706
G1 X4.627 Y-3.312 E.0337
G1 X4.821 Y-3.022 E.01641
G1 X4.997 Y-2.72 E.01642
G1 X5.298 Y-2.075 E.03349
G1 X5.514 Y-1.401 E.03327
G1 X5.644 Y-.719 E.03264
G1 X5.678 Y-.358 E.01706
G1 X5.678 Y.354 E.03347
G1 X5.59 Y1.06 E.03349
G1 X5.516 Y1.397 E.01619
G1 X5.298 Y2.075 E.0335
M73 P98 R0
G1 X5.005 Y2.704 E.03264
G1 X4.823 Y3.018 E.01706
G1 X4.408 Y3.597 E.03348
G1 X3.937 Y4.106 E.03264
G1 X3.668 Y4.349 E.01706
G1 X3.107 Y4.766 E.03284
G1 X2.797 Y4.954 E.01706
G1 X2.152 Y5.267 E.0337
G1 X1.83 Y5.387 E.01619
G1 X1.138 Y5.575 E.03372
G1 X.794 Y5.634 E.01642
G1 X.447 Y5.672 E.01642
G1 X-.265 Y5.683 E.03349
G1 X-.973 Y5.606 E.03349
G1 X-1.311 Y5.537 E.01619
G1 X-1.997 Y5.328 E.03372
G1 X-2.315 Y5.197 E.01619
G1 X-2.946 Y4.867 E.03349
G1 X-3.531 Y4.461 E.03349
G1 X-3.795 Y4.239 E.01619
G1 X-4.294 Y3.732 E.03349
G1 X-4.727 Y3.166 E.03349
G1 X-4.91 Y2.874 E.01619
G1 X-5.225 Y2.25 E.03287
G1 X-5.358 Y1.913 E.01706
G1 X-5.552 Y1.242 E.03284
G1 X-5.621 Y.881 E.01729
G1 X-5.664 Y.535 E.01639
G1 X-5.687 Y-.182 E.03372
G1 X-5.665 Y-.525 E.01619
G1 X-5.555 Y-1.229 E.03349
G1 X-5.36 Y-1.909 E.03327
G1 X-5.087 Y-2.547 E.03264
G1 X-4.915 Y-2.867 E.01706
G1 X-4.515 Y-3.462 E.0337
G1 X-4.299 Y-3.727 E.01609
SET_VELOCITY_LIMIT ACCEL=10000
G1 E-1.2 F2100
;WIPE_START
G1 F7200
G1 X-3.795 Y-4.239
G1 X-3.531 Y-4.461
G1 X-2.942 Y-4.87
G1 X-2.751 Y-4.978
;WIPE_END
G1 X4.364 Y-2.215 Z7.4 F30000
G1 X4.414 Y-2.196 Z7.4
G1 Z7
G1 E1.2 F2100
SET_VELOCITY_LIMIT ACCEL=2000
;TYPE:Top surface
;WIDTH:0.626755
G1 F2202
G1 X2.183 Y-4.427 E.15009
SET_VELOCITY_LIMIT ACCEL=10000
G1 E-1.2 F2100
;WIPE_START
G1 F7200
G1 X3.597 Y-3.013
;WIPE_END
G1 X.948 Y-4.836 Z7.4 F30000
G1 Z7
G1 E1.2 F2100
SET_VELOCITY_LIMIT ACCEL=2000
G1 F2202
G1 X4.837 Y-.947 E.26165
SET_VELOCITY_LIMIT ACCEL=10000
G1 X4.928 Y-.03 F30000
SET_VELOCITY_LIMIT ACCEL=2000
G1 F2202
G1 X.03 Y-4.929 E.32957
SET_VELOCITY_LIMIT ACCEL=10000
G1 X-.743 Y-4.876 F30000
SET_VELOCITY_LIMIT ACCEL=2000
G1 F2202
G1 X4.874 Y.741 E.37795
SET_VELOCITY_LIMIT ACCEL=10000
G1 X4.722 Y1.415 F30000
SET_VELOCITY_LIMIT ACCEL=2000
G1 F2202
G1 X2.504 Y-.803 E.14919
SET_VELOCITY_LIMIT ACCEL=10000
G1 X2.624 Y.142 F30000
SET_VELOCITY_LIMIT ACCEL=2000
G1 F2202
G1 X4.498 Y2.016 E.12608
SET_VELOCITY_LIMIT ACCEL=10000
G1 X4.22 Y2.564 F30000
SET_VELOCITY_LIMIT ACCEL=2000
G1 F2202
G1 X2.496 Y.84 E.11599
SET_VELOCITY_LIMIT ACCEL=10000
G1 X2.229 Y1.399 F30000
SET_VELOCITY_LIMIT ACCEL=2000
G1 F2202
G1 X3.878 Y3.048 E.11098
SET_VELOCITY_LIMIT ACCEL=10000
G1 X3.49 Y3.485 F30000
SET_VELOCITY_LIMIT ACCEL=2000
G1 F2202
G1 X1.861 Y1.857 E.10958
SET_VELOCITY_LIMIT ACCEL=10000
G1 X1.405 Y2.226 F30000
SET_VELOCITY_LIMIT ACCEL=2000
G1 F2202
G1 X3.052 Y3.873 E.1108
SET_VELOCITY_LIMIT ACCEL=10000
G1 X2.569 Y4.215 F30000
SET_VELOCITY_LIMIT ACCEL=2000
G1 F2202
G1 X.847 Y2.494 E.11585
SET_VELOCITY_LIMIT ACCEL=10000
G1 X.151 Y2.624 F30000
SET_VELOCITY_LIMIT ACCEL=2000
G1 F2202
G1 X2.023 Y4.496 E.12596
SET_VELOCITY_LIMIT ACCEL=10000
G1 X1.422 Y4.721 F30000
SET_VELOCITY_LIMIT ACCEL=2000
G1 F2202
G1 X-.786 Y2.512 E.14858
SET_VELOCITY_LIMIT ACCEL=10000
G1 E-1.2 F2100
;WIPE_START
G1 F7200
M73 P99 R0
G1 X.628 Y3.926
;WIPE_END
G1 X.803 Y-2.504 Z7.4 F30000
G1 Z7
G1 E1.2 F2100
SET_VELOCITY_LIMIT ACCEL=2000
G1 F2202
G1 X-1.414 Y-4.721 E.14914
SET_VELOCITY_LIMIT ACCEL=10000
G1 X-2.016 Y-4.497 F30000
SET_VELOCITY_LIMIT ACCEL=2000
G1 F2202
G1 X-.143 Y-2.624 E.12603
SET_VELOCITY_LIMIT ACCEL=10000
G1 X-.834 Y-2.49 F30000
SET_VELOCITY_LIMIT ACCEL=2000
G1 F2202
G1 X-2.564 Y-4.219 E.11638
SET_VELOCITY_LIMIT ACCEL=10000
G1 X-3.051 Y-3.881 F30000
SET_VELOCITY_LIMIT ACCEL=2000
G1 F2202
G1 X-1.395 Y-2.225 E.11142
SET_VELOCITY_LIMIT ACCEL=10000
G1 X-1.859 Y-1.863 F30000
SET_VELOCITY_LIMIT ACCEL=2000
G1 F2202
G1 X-3.483 Y-3.487 E.10925
SET_VELOCITY_LIMIT ACCEL=10000
G1 X-3.878 Y-3.057 F30000
SET_VELOCITY_LIMIT ACCEL=2000
G1 F2202
G1 X-2.222 Y-1.4 E.11144
SET_VELOCITY_LIMIT ACCEL=10000
G1 X-2.488 Y-.841 F30000
SET_VELOCITY_LIMIT ACCEL=2000
G1 F2202
G1 X-4.213 Y-2.566 E.11609
SET_VELOCITY_LIMIT ACCEL=10000
G1 X-4.495 Y-2.023 F30000
SET_VELOCITY_LIMIT ACCEL=2000
G1 F2202
G1 X-2.624 Y-.151 E.12592
SET_VELOCITY_LIMIT ACCEL=10000
G1 X-2.507 Y.791 F30000
SET_VELOCITY_LIMIT ACCEL=2000
G1 F2202
G1 X-4.719 Y-1.421 E.14883
SET_VELOCITY_LIMIT ACCEL=10000
G1 X-4.871 Y-.747 F30000
SET_VELOCITY_LIMIT ACCEL=2000
G1 F2202
G1 X.756 Y4.879 E.37858
SET_VELOCITY_LIMIT ACCEL=10000
G1 X-.02 Y4.929 F30000
SET_VELOCITY_LIMIT ACCEL=2000
G1 F2202
G1 X-4.93 Y.02 E.33032
SET_VELOCITY_LIMIT ACCEL=10000
G1 X-4.849 Y.927 F30000
SET_VELOCITY_LIMIT ACCEL=2000
G1 F2202
G1 X-.925 Y4.85 E.26396
SET_VELOCITY_LIMIT ACCEL=10000
G1 E-1.2 F2100
;WIPE_START
G1 F7200
G1 X-2.34 Y3.436
;WIPE_END
G1 X-2.179 Y4.422 Z7.4 F30000
G1 Z7
G1 E1.2 F2100
SET_VELOCITY_LIMIT ACCEL=2000
G1 F2202
G1 X-4.42 Y2.181 E.15077
G1 E-1.2 F2100
;WIPE_START
G1 F7200
G1 X-3.006 Y3.595
;WIPE_END
M106 S0
M106 P2 S0
;TYPE:Custom
; filament end gcode
G1 E-3 F3600
G0 X50 Y50 F30000
M104 S0 ; turn off temperature
M73 P100 R0
; EXECUTABLE_BLOCK_END

; filament used [mm] = 320.39
; filament used [cm3] = 0.77
; filament used [g] = 0.96
; filament cost = 0.02
; total filament used [g] = 0.96
; total filament cost = 0.02
; total layers count = 48
; estimated printing time (normal mode) = 4m 19s
; estimated first layer printing time (normal mode) = 15s

; CONFIG_BLOCK_START
; accel_to_decel_enable = 0
; accel_to_decel_factor = 50%
; activate_air_filtration = 0
; activate_chamber_temp_control = 0
; adaptive_bed_mesh_margin = 0
; adaptive_pressure_advance = 0
; adaptive_pressure_advance_bridges = 0
; adaptive_pressure_advance_model = "0,0,0\n0,0,0"
; adaptive_pressure_advance_overhangs = 0
; additional_cooling_fan_speed = 100
; alternate_extra_wall = 0
; auxiliary_fan = 1
; bbl_calib_mark_logo = 1
; bbl_use_printhost = 0
; bed_custom_model = 
; bed_custom_texture = 
; bed_exclude_area = 0x0
; bed_mesh_max = 99999,99999
; bed_mesh_min = -99999,-99999
; bed_mesh_probe_distance = 50,50
; before_layer_change_gcode = ;BEFORE_LAYER_CHANGE\n;[layer_z]
; best_object_pos = 0.5,0.5
; bottom_shell_layers = 3
; bottom_shell_thickness = 0
; bottom_solid_infill_flow_ratio = 1
; bottom_surface_pattern = monotonic
; bridge_acceleration = 50%
; bridge_angle = 0
; bridge_density = 100%
; bridge_flow = 1
; bridge_no_support = 0
; bridge_speed = 25
; brim_ears_detection_length = 1
; brim_ears_max_angle = 125
; brim_object_gap = 0.1
; brim_type = no_brim
; brim_width = 5
; chamber_temperature = 0
; change_extrusion_role_gcode = 
; change_filament_gcode = 
; close_fan_the_first_x_layers = 1
; complete_print_exhaust_fan_speed = 80
; cool_plate_temp = 60
; cool_plate_temp_initial_layer = 55
; cooling_tube_length = 5
; cooling_tube_retraction = 91.5
; counterbore_hole_bridging = none
; curr_bed_type = High Temp Plate
; default_acceleration = 10000
; default_filament_colour = ""
; default_filament_profile = "Flashforge Generic PLA"
; default_jerk = 0
; default_print_profile = 0.30mm Standard @Flashforge AD5M Pro 0.6 Nozzle
; deretraction_speed = 35
; detect_narrow_internal_solid_infill = 1
; detect_overhang_wall = 1
; detect_thin_wall = 0
; different_settings_to_system = enable_support;initial_layer_print_height;layer_height;raft_contact_distance;;
; disable_m73 = 0
; dont_filter_internal_bridges = disabled
; dont_slow_down_outer_wall = 0
; draft_shield = disabled
; during_print_exhaust_fan_speed = 60
; elefant_foot_compensation = 0.15
; elefant_foot_compensation_layers = 1
; emit_machine_limits_to_gcode = 1
; enable_arc_fitting = 0
; enable_extra_bridge_layer = disabled
; enable_filament_ramming = 1
; enable_long_retraction_when_cut = 0
; enable_overhang_bridge_fan = 1
; enable_overhang_speed = 1
; enable_pressure_advance = 1
; enable_prime_tower = 0
; enable_support = 1
; enforce_support_layers = 0
; eng_plate_temp = 60
; eng_plate_temp_initial_layer = 55
; ensure_vertical_shell_thickness = ensure_all
; exclude_object = 0
; extra_loading_move = -2
; extra_perimeters_on_overhangs = 0
; extruder_clearance_height_to_lid = 150
; extruder_clearance_height_to_rod = 27
; extruder_clearance_radius = 76
; extruder_colour = #26A69A
; extruder_offset = 0x0
; extrusion_rate_smoothing_external_perimeter_only = 0
; fan_cooling_layer_time = 100
; fan_kickstart = 0
; fan_max_speed = 100
; fan_min_speed = 100
; fan_speedup_overhangs = 1
; fan_speedup_time = 0
; filament_colour = #26A69A
; filament_cooling_final_speed = 3.4
; filament_cooling_initial_speed = 2.2
; filament_cooling_moves = 4
; filament_cost = 20
; filament_density = 1.24
; filament_diameter = 1.75
; filament_end_gcode = "; filament end gcode\n"
; filament_flow_ratio = 0.98
; filament_ids = FFG01
; filament_is_support = 0
; filament_loading_speed = 28
; filament_loading_speed_start = 3
; filament_max_volumetric_speed = 25
; filament_minimal_purge_on_wipe_tower = 15
; filament_multitool_ramming = 0
; filament_multitool_ramming_flow = 10
; filament_multitool_ramming_volume = 10
; filament_notes = ""
; filament_ramming_parameters = "120 100 6.6 6.8 7.2 7.6 7.9 8.2 8.7 9.4 9.9 10.0| 0.05 6.6 0.45 6.8 0.95 7.8 1.45 8.3 1.95 9.7 2.45 10 2.95 7.6 3.45 7.6 3.95 7.6 4.45 7.6 4.95 7.6"
; filament_settings_id = "Flashforge Generic PLA"
; filament_shrink = 100%
; filament_shrinkage_compensation_z = 100%
; filament_soluble = 0
; filament_stamping_distance = 0
; filament_stamping_loading_speed = 0
; filament_start_gcode = "; filament start gcode\n;right_extruder_material: PLA\n"
; filament_toolchange_delay = 0
; filament_type = PLA
; filament_unloading_speed = 90
; filament_unloading_speed_start = 100
; filament_vendor = Generic
; filename_format = {input_filename_base}.gcode
; filter_out_gap_fill = 0.5
; first_layer_print_sequence = 0
; flush_into_infill = 0
; flush_into_objects = 0
; flush_into_support = 1
; flush_multiplier = 0.3
; flush_volumes_matrix = 0
; flush_volumes_vector = 140,140
; full_fan_speed_layer = 0
; fuzzy_skin = none
; fuzzy_skin_first_layer = 0
; fuzzy_skin_noise_type = classic
; fuzzy_skin_octaves = 4
; fuzzy_skin_persistence = 0.5
; fuzzy_skin_point_distance = 0.3
; fuzzy_skin_scale = 1
; fuzzy_skin_thickness = 0.2
; gap_fill_target = nowhere
; gap_infill_speed = 150
; gcode_add_line_number = 0
; gcode_comments = 0
; gcode_flavor = klipper
; gcode_label_objects = 0
; has_scarf_joint_seam = 0
; head_wrap_detect_zone = 
; high_current_on_filament_swap = 0
; hole_to_polyhole = 0
; hole_to_polyhole_threshold = 0.01
; hole_to_polyhole_twisted = 1
; host_type = octoprint
; hot_plate_temp = 50
; hot_plate_temp_initial_layer = 55
; idle_temperature = 0
; independent_support_layer_height = 1
; infill_anchor = 400%
; infill_anchor_max = 20
; infill_combination = 0
; infill_combination_max_layer_height = 100%
; infill_direction = 45
; infill_jerk = 9
; infill_wall_overlap = 40%
; inherits_group = "0.18mm Fine @Flashforge AD5M Pro 0.6 Nozzle";;
; initial_layer_acceleration = 500
; initial_layer_infill_speed = 65
; initial_layer_jerk = 9
; initial_layer_line_width = 0.65
; initial_layer_min_bead_width = 85%
; initial_layer_print_height = 0.2
; initial_layer_speed = 45
; initial_layer_travel_speed = 100%
; inner_wall_acceleration = 5000
; inner_wall_jerk = 9
; inner_wall_line_width = 0.62
; inner_wall_speed = 150
; interface_shells = 0
; interlocking_beam = 0
; interlocking_beam_layer_count = 2
; interlocking_beam_width = 0.8
; interlocking_boundary_avoidance = 2
; interlocking_depth = 2
; interlocking_orientation = 22.5
; internal_bridge_angle = 0
; internal_bridge_density = 100%
; internal_bridge_fan_speed = -1
; internal_bridge_flow = 1
; internal_bridge_speed = 50
; internal_solid_infill_acceleration = 7000
; internal_solid_infill_line_width = 0.62
; internal_solid_infill_pattern = monotonic
; internal_solid_infill_speed = 150
; ironing_angle = -1
; ironing_flow = 15%
; ironing_inset = 0
; ironing_pattern = zig-zag
; ironing_spacing = 0.1
; ironing_speed = 15
; ironing_type = no ironing
; is_infill_first = 0
; lattice_angle_1 = -45
; lattice_angle_2 = 45
; layer_change_gcode = ;AFTER_LAYER_CHANGE\n;[layer_z]
; layer_height = 0.2
; line_width = 0.62
; long_retractions_when_cut = 0
; machine_end_gcode = G1 E-3 F3600\nG0 X50 Y50 F30000\nM104 S0 ; turn off temperature
; machine_load_filament_time = 0
; machine_max_acceleration_e = 5000,5000
; machine_max_acceleration_extruding = 20000,20000
; machine_max_acceleration_retracting = 5000,5000
; machine_max_acceleration_travel = 20000,20000
; machine_max_acceleration_x = 20000,20000
; machine_max_acceleration_y = 20000,20000
; machine_max_acceleration_z = 500,500
; machine_max_jerk_e = 2.5,2.5
; machine_max_jerk_x = 9,9
; machine_max_jerk_y = 9,9
; machine_max_jerk_z = 3,3
; machine_max_speed_e = 30,30
; machine_max_speed_x = 600,600
; machine_max_speed_y = 600,600
; machine_max_speed_z = 20,20
; machine_min_extruding_rate = 0,0
; machine_min_travel_rate = 0,0
; machine_pause_gcode = M25
; machine_start_gcode = M190 S[bed_temperature_initial_layer_single]\nM104 S[nozzle_temperature_initial_layer]\nG90\nM83\nG1 Z5 F6000\nG1 E-0.2 F800\nG1 X110 Y-110 F6000\nG1 E2 F800\nG1 Y-110 X55 Z0.25 F4800\nG1 X-55 E8 F2400\nG1 Y-109.6 F2400\nG1 X55 E5 F2400\nG1 Y-110 X55 Z0.45 F4800\nG1 X-55 E8 F2400\nG1 Y-109.6 F2400\nG1 X55 E5 F2400\nG92 E0
; machine_tool_change_time = 0
; machine_unload_filament_time = 0
; make_overhang_printable = 0
; make_overhang_printable_angle = 55
; make_overhang_printable_hole_size = 0
; manual_filament_change = 0
; max_bridge_length = 10
; max_layer_height = 0.42
; max_travel_detour_distance = 0
; max_volumetric_extrusion_rate_slope = 0
; max_volumetric_extrusion_rate_slope_segment_length = 3
; min_bead_width = 85%
; min_feature_size = 25%
; min_layer_height = 0.15
; min_length_factor = 0.5
; min_skirt_length = 0
; min_width_top_surface = 300%
; minimum_sparse_infill_area = 15
; mmu_segmented_region_interlocking_depth = 0
; mmu_segmented_region_max_width = 0
; notes = 
; nozzle_diameter = 0.6
; nozzle_height = 2.5
; nozzle_hrc = 0
; nozzle_temperature = 220
; nozzle_temperature_initial_layer = 220
; nozzle_temperature_range_high = 230
; nozzle_temperature_range_low = 190
; nozzle_type = hardened_steel
; nozzle_volume = 0
; only_one_wall_first_layer = 0
; only_one_wall_top = 0
; ooze_prevention = 0
; other_layers_print_sequence = 0
; other_layers_print_sequence_nums = 0
; outer_wall_acceleration = 5000
; outer_wall_jerk = 9
; outer_wall_line_width = 0.62
; outer_wall_speed = 120
; overhang_1_4_speed = 0
; overhang_2_4_speed = 40
; overhang_3_4_speed = 20
; overhang_4_4_speed = 10
; overhang_fan_speed = 100
; overhang_fan_threshold = 50%
; overhang_reverse = 0
; overhang_reverse_internal_only = 0
; overhang_reverse_threshold = 50%
; overhang_speed_classic = 0
; parking_pos_retraction = 92
; pellet_flow_coefficient = 0.4157
; pellet_modded_printer = 0
; post_process = 
; precise_outer_wall = 0
; precise_z_height = 0
; preferred_orientation = 0
; preheat_steps = 1
; preheat_time = 30
; pressure_advance = 0.025
; prime_tower_brim_width = 3
; prime_tower_width = 60
; prime_volume = 45
; print_compatible_printers = "Flashforge Adventurer 5M Pro 0.6 Nozzle"
; print_flow_ratio = 1
; print_order = default
; print_sequence = by layer
; print_settings_id = Supported, no raft
; printable_area = -110x-110,110x-110,110x110,-110x110
; printable_height = 220
; printer_model = Flashforge Adventurer 5M Pro
; printer_notes = 
; printer_settings_id = Flashforge Adventurer 5M Pro 0.6 Nozzle
; printer_structure = undefine
; printer_technology = FFF
; printer_variant = 0.6
; printhost_authorization_type = key
; printhost_ssl_ignore_revoke = 0
; printing_by_object_gcode = 
; purge_in_prime_tower = 1
; raft_contact_distance = 0.16
; raft_expansion = 1.5
; raft_first_layer_density = 90%
; raft_first_layer_expansion = 2
; raft_layers = 0
; reduce_crossing_wall = 0
; reduce_fan_stop_start_freq = 1
; reduce_infill_retraction = 1
; required_nozzle_HRC = 0
; resolution = 0.012
; retract_before_wipe = 100%
; retract_length_toolchange = 2
; retract_lift_above = 0
; retract_lift_below = 0
; retract_lift_enforce = All Surfaces
; retract_on_top_layer = 1
; retract_restart_extra = 0
; retract_restart_extra_toolchange = 0
; retract_when_changing_layer = 1
; retraction_distances_when_cut = 18
; retraction_length = 1.2
; retraction_minimum_travel = 1
; retraction_speed = 35
; role_based_wipe_speed = 1
; rotate_solid_infill_direction = 1
; scan_first_layer = 0
; scarf_angle_threshold = 155
; scarf_joint_flow_ratio = 1
; scarf_joint_speed = 100%
; scarf_overhang_threshold = 40%
; seam_gap = 6%
; seam_position = aligned
; seam_slope_conditional = 0
; seam_slope_entire_loop = 0
; seam_slope_inner_walls = 0
; seam_slope_min_length = 20
; seam_slope_start_height = 0
; seam_slope_steps = 10
; seam_slope_type = none
; silent_mode = 0
; single_extruder_multi_material = 0
; single_extruder_multi_material_priming = 0
; single_loop_draft_shield = 0
; skirt_distance = 2
; skirt_height = 1
; skirt_loops = 0
; skirt_speed = 50
; skirt_start_angle = -135
; skirt_type = combined
; slice_closing_radius = 0.049
; slicing_mode = regular
; slow_down_for_layer_cooling = 1
; slow_down_layer_time = 6
; slow_down_layers = 1
; slow_down_min_speed = 20
; slowdown_for_curled_perimeters = 1
; small_area_infill_flow_compensation = 0
; small_area_infill_flow_compensation_model = 0,0;"\n0.2,0.4444";"\n0.4,0.6145";"\n0.6,0.7059";"\n0.8,0.7619";"\n1.5,0.8571";"\n2,0.8889";"\n3,0.9231";"\n5,0.9520";"\n10,1"
; small_perimeter_speed = 50%
; small_perimeter_threshold = 0
; solid_infill_direction = 45
; solid_infill_filament = 1
; sparse_infill_acceleration = 100%
; sparse_infill_density = 15%
; sparse_infill_filament = 1
; sparse_infill_line_width = 0.62
; sparse_infill_pattern = crosshatch
; sparse_infill_speed = 100
; spiral_finishing_flow_ratio = 0
; spiral_mode = 0
; spiral_mode_max_xy_smoothing = 200%
; spiral_mode_smooth = 0
; spiral_starting_flow_ratio = 0
; staggered_inner_seams = 0
; standby_temperature_delta = -5
; start_end_points = 30x-3,54x245
; supertack_plate_temp = 35
; supertack_plate_temp_initial_layer = 35
; support_air_filtration = 1
; support_angle = 0
; support_base_pattern = rectilinear
; support_base_pattern_spacing = 2.5
; support_bottom_interface_spacing = 0.35
; support_bottom_z_distance = 0.18
; support_chamber_temp_control = 1
; support_critical_regions_only = 0
; support_expansion = 0
; support_filament = 0
; support_interface_bottom_layers = 0
; support_interface_filament = 0
; support_interface_loop_pattern = 0
; support_interface_not_for_body = 1
; support_interface_pattern = auto
; support_interface_spacing = 0.35
; support_interface_speed = 40
; support_interface_top_layers = 2
; support_line_width = 0.62
; support_material_interface_fan_speed = 100
; support_multi_bed_types = 1
; support_object_first_layer_gap = 0.2
; support_object_xy_distance = 0.4
; support_on_build_plate_only = 0
; support_remove_small_overhang = 1
; support_speed = 100
; support_style = default
; support_threshold_angle = 30
; support_threshold_overlap = 50%
; support_top_z_distance = 0.18
; support_type = normal(auto)
; temperature_vitrification = 60
; template_custom_gcode = 
; textured_cool_plate_temp = 40
; textured_cool_plate_temp_initial_layer = 40
; textured_plate_temp = 60
; textured_plate_temp_initial_layer = 55
; thick_bridges = 0
; thick_internal_bridges = 1
; thumbnails = 140x110/PNG
; thumbnails_format = PNG
; time_cost = 0
; time_lapse_gcode = 
; timelapse_type = 0
; top_bottom_infill_wall_overlap = 25%
; top_shell_layers = 5
; top_shell_thickness = 1
; top_solid_infill_flow_ratio = 1
; top_surface_acceleration = 2000
; top_surface_jerk = 9
; top_surface_line_width = 0.62
; top_surface_pattern = monotonicline
; top_surface_speed = 120
; travel_acceleration = 10000
; travel_jerk = 12
; travel_slope = 3
; travel_speed = 500
; travel_speed_z = 0
; tree_support_adaptive_layer_height = 1
; tree_support_angle_slow = 25
; tree_support_auto_brim = 1
; tree_support_branch_angle = 45
; tree_support_branch_angle_organic = 40
; tree_support_branch_diameter = 5
; tree_support_branch_diameter_angle = 5
; tree_support_branch_diameter_organic = 2
; tree_support_branch_distance = 5
; tree_support_branch_distance_organic = 1
; tree_support_brim_width = 3
; tree_support_tip_diameter = 0.8
; tree_support_top_rate = 30%
; tree_support_wall_count = 0
; upward_compatible_machine = 
; use_firmware_retraction = 0
; use_relative_e_distances = 1
; wall_direction = auto
; wall_distribution_count = 1
; wall_filament = 1
; wall_generator = classic
; wall_loops = 2
; wall_sequence = inner wall/outer wall
; wall_transition_angle = 10
; wall_transition_filter_deviation = 25%
; wall_transition_length = 100%
; wipe = 1
; wipe_before_external_loop = 0
; wipe_distance = 2
; wipe_on_loops = 0
; wipe_speed = 200
; wipe_tower_bridging = 10
; wipe_tower_cone_angle = 0
; wipe_tower_extra_flow = 100%
; wipe_tower_extra_spacing = 100%
; wipe_tower_filament = 0
; wipe_tower_max_purge_speed = 90
; wipe_tower_no_sparse_layers = 0
; wipe_tower_rotation_angle = 0
; wipe_tower_x = 165.000
; wipe_tower_x = 165
; wipe_tower_y = 250.000
; wipe_tower_y = 250
; wiping_volumes_extruders = 70,70,70,70,70,70,70,70,70,70
; xy_contour_compensation = 0
; xy_hole_compensation = 0
; z_hop = 0.4
; z_hop_types = Auto Lift
; z_offset = 0
; first_layer_bed_temperature = 55
; bed_shape = -110x-110,110x-110,110x110,-110x110
; first_layer_temperature = 220
; first_layer_height = 0.200
; CONFIG_BLOCK_END


