; HEADER_BLOCK_START
; generated by OrcaSlicer 2.3.0 on 2025-11-01 at 15:10:27
; total layer number: 48
;_GP_TOTAL_LAYER_NUMBER_PLACEHOLDER
; filament_density: 1.24
; filament_diameter: 1.75
; max_z_height: 7.00
; HEADER_BLOCK_END

; THUMBNAIL_BLOCK_START

;
; thumbnail begin 140x110 3856
; iVBORw0KGgoAAAANSUhEUgAAAIwAAABuCAYAAAD1TPu3AAALEklEQVR4Ae2d+1dU1xXHZ622PySpZm
; EYnsNreBpJ1CRt05WmKyt92KTaIjS8FARFBRTxERWjUTC+jYA8fIKgadqmTf4G/hT+lNP9PWfOzGW4
; d7gDM/fO5ezvWt/FoMww957P7LPPPvteQiEWi8VisVgsFovFYrFYLBaLxWKxWCwWi8VisVge6Odvba
; uEX6ur/mTLb3/Vk7d3z2hBT8eCk/H/2ngOHGJtTlnBwOBX3LqyXP10XGTCeK2Sc4NLGqQQK5gCJBhE
; DGam4EgHIvxuvIcQK3elIclkBGF4NpkwEJhq/Igk64EH7zXE8l4alFyKJulGnRDLGwUVFI44HgtRJQ
; hTT7rGMXGOk2EhhAcJgvWYp6kMSK98gjTwG402Idb6BFg2Q66SrnHMXARMU4AlSIOcDTM0LsWwMDSu
; xbAwNK5las7C0KxDm7XGkinjgxRiJWTS0nm9RmtGiBUKIdwGaeD8tPFTE09F6dn4wh4234I0YLlgoz
; cscyW6VD28Jcqvj+ATTD4hioeOiuJTx0Tx8HER+fpLUXb1vKiauuP7+4SNTYD9zl0ASenIsCg6fkjk
; tzeLcGeLCB/8QoS7WkXBoXYkmaKgt1MUHD4gCo8clC4aPCzh8RsaI3MZP6NL6aXTIr+jWeS37Rf5rU
; 2ugZHuO0gRqE+UjV30DRgjV0x+nOiqh7dF5NIZkU9wbASYwmPdoqi/R5SeP+kbNCGT5Md0BFhKzg4S
; GP/IGDBFA72i9MKQL8AY1XTlx+qofGxEwpJpYGReQwmz18dj1GrJ68ouoouGJRvAFJ044jkwRuUxXi
; e8FXevZR2YittXGZhsyWtgsCrKNjBlY95OS0ZVfb0GpuTMAAMTZFEldcnLk1tmSXgZmADKa2DgbAJT
; fKZfVD74xtPjIUjNAaagt2PJa2AwsNkCJnLlnKfHAtP7YmCy7UIa/EwDU3y63/PjgN9q3msOMNv+/t
; mSHycZ9RgAkClgsJsdnb7jy3G8+enHZgHj9ZxvPdmIDBsFJvLVGV9ggVFXMg6YyOWzvpzsBDi3RAlN
; J+kCg5yl8tvrvr53lAmMAoYOdgEn3s+TbgWndOS0HAQAYQWmqL9XbTBeHBblNy/nRBMVImR+R4uZwP
; ixaRd0YxMVwLzeuH00ZIpeq6/t8WvTLsjWm6hGA+NHDSOojvfzEDC/KMj/JGSK0EClgYH9WjEFydYW
; DSTjRjVQoR8GkUUDg9J6kAbPD1h00REuGjhsXgMV+kc0MHDphVOBGkQvracibdRhjOqHwcHiRKCsHo
; dmkPMZO6Np3QoLIg3+3cgGqoo7V1cAA1fc/jowg+k1LHB5rI3C2AYq5C9WYGR9ZozrM3aw6OhiHDDW
; fhiskJKBkS0DPm8d+GV97VQyLCp3GWVgYCS8ycDAfl4o5hcsJWcH1L5WEixIfK0/a1YDVU/nUvLJSk
; CTAEb2m5w6bkSdBiufwsOdMVhaHKcibbMaqGyAiU7ftQVGbgCS0U4QhIFfT1RRVzW0JDkBC2BKfh43
; UJErx284AlN0vEcUDx0TZaMXch4Cd6DckqCgaotSvx0wEpY712whe/PT35sFjO3y+dmEqJq46QgMXH
; jskCg6eVSU37wSCDDsQMGdH9A+IZu4pFcDU9h7QERGTovqJw9WvYZqoDIMmMgVh1XQ88kENA7ASB/t
; psSvLyfu1+IalNEYKO3Nyg7AIOrg3jXVj7+1fS1sDRgFTMoGKooyNRqaNYCR7utS1wXl0F2ikkHB4O
; e3NamWUDgFMAW9HbKjL/rovm10kQ1UnS1mAuNYoAM0cw/lSSs9P7QmMNJJd4mqvD/mGyASkouxu1tJ
; UJpcAVNIkUXCMnvfMbrIBqpOw/phfrbll5UqTzmSAphJUTP/UIJTfv2Sa2CS+2/Rt5tNgPCJhwE/2j
; zz2/cro1e4tckVMJimSr88KaIUIaOz90QUsDhEF4AFYEKmSQPjuOH4fEIBMz8lLaMNndR0gEk2Grr1
; tUS42SFcfuMrCVPV1O2Urrg3KsGF1c0TB9XFcQf0dU6xS1fSBAawYCUEGACLU2SB1a61ocCEu1qXZd
; 0lVQOVhubFlDI9RuK4EWBWGVcGaONKARhN4HB3W9xoDpfGlQXaBMt6gQnT6wM65GrIvaIzdxUsNpEF
; xraAqs20CFo0mHcnTZXHrNFARVMTVk0yyhAwtS+myfSVwCmnpWkQgQnTayFSIFepmqR8hwqWMrI4gK
; KnokQDFSW8fzAo4bVKA5OygcoCjQRmYVrULcyIOnpch/zm2gU5teU6MHgu8imAUjn+jZrqJCyx1ZAD
; MPLCO8t14WETpyOtcFfbsrXrzjGfSYIGwDS8fCS2w4uzoh45Dp3YckpucwmY8MFWWTNBriTzJKpkV0
; 3elFdMyuTWYelsdfLOtZHTkVVWYFImwRoamc8QNIsKmh3/fCrd+N0T8TaBVEsDEKVBwd4TElyvgQl3
; t8rfG7l8TkIipx6AQkvtOCiUq0RTRBUnWOCQ6drW9PnSyq67NXphCJrqOZUI1xI09a8eicZ/PRM7f5
; gXO/89J3aRG189FnX0c7UEWXTihtx/AkC4HXwmgUGRTV6YL6fUIdlBiLJ9fNohcOXqR+cpj+6nXAWt
; BYvx0UUrGRjVC5Pi/reINnMq2iCnqUek+f6p2PXfBbH7f4viPfLuH16IdyjqbEfUoecg8lTP3JO1js
; p79MmnZXLZtfOyClt68ZSsoSDHiL+HgVh7hf67A2QU4yK0YRihqQ9gYOWC19GASEgm1JRTpaMJ5SjR
; FKsfu5zFqYEqxFKirH8hGRgM2Jq307CNNs/F7h8Xxfs/vRQf/AgreBB1dhBYNU/GRQ0NYA192uUUAa
; P4hhULRYRKGnDsmkvTcl+7Sv4bPaaIBeuKrpxqsCxGFJlJRJJVkADyZ+PKKVdDnbawbPnwA/4DW1bJ
; qSkJGPkJH16jgSqW2yhwphU4SIYpurxL09P7P72Sfg/Rh8DZSUAh8ryNZJmeg2mrBgP7+IFMQqVlZC
; DPaN9dAcQK62lGA6IhwfuKgzKR+N7B6j58LbbddjwVOcgOGLUB2UNV3hOpw3kSOCoxnpVRp+G7xzLy
; yDwH0PxnXjR+/0w0UrKMlVbDYmyZjlUYEmtAZDvID0RN7OvK350EBt4H7AIU3UC1cseaYXEtJ2DkHZ
; 8on3DVQGWFZ34qHnnqXs7K6NNA01PDKxWF5Ff6vh5wwbEaT+0LtSWBvSxpgATPTSYe29htRNENVGp1
; 1WILDMPiUk7AYPdX+mQfJawuwbHAowCKbTUsqCKg8kysihz7PvZY72PFreGJOwbJc3eQaFDiDVTtzY
; 7AMCxpKhUwWMrq5SxWOm5WH6vyCQmRBSRHq6gifzY5grgAZEVEoRWZAsW6AbkaGIZlnaJax3IqYAqP
; dilTUW7DLQzJIOgVzRorm7WM2kzJcL9l43F/SmAYlg0K7ZxugMmlBiq0K6CmU9DdHttP2u8KGGM3Fb
; Mht8DYNVFlu4EKRTwU9NAZKCHQcMQ3IFMDk/c3jipZ0bZ9e5bSBSZu3A0zRQNVqiYqNE/pBipsW+Av
; z6IEED7wRTzvUBuPzWkDw7B4IBqc5fUC47iP5LSfREYPS3jFflKrgmUDwOTt+wuD4rXoxC8HDZi8fX
; sYFL+V9/mflnIdmLy9DErO6Y3d747mtzUt5woweX/98/LrOxpGQ6xgaEXk8QAY5CWcm2wi5X32x6VM
; AkM77MvcdmCo3tj1zujWjz9c2Po77d8sbP1IectHv2YoWCwWi8VisVgsFovFYrFYLBaLxWKxWCwWi8
; XyTf8HIf5IkdRdXlgAAAAASUVORK5CYII=
; thumbnail end
; THUMBNAIL_BLOCK_END

; external perimeters extrusion width = 0.62mm
; perimeters extrusion width = 0.62mm
; infill extrusion width = 0.62mm
; solid infill extrusion width = 0.62mm
; top infill extrusion width = 0.62mm
; support material extrusion width = 0.62mm
; first layer extrusion width = 0.65mm

; EXECUTABLE_BLOCK_START
M73 P0 R5
M106 S0
M106 P2 S0
;TYPE:Custom
M190 S55
M104 S220
G90
M83
G1 Z5 F6000
G1 E-0.2 F800
G1 X110 Y-110 F6000
G1 E2 F800
G1 Y-110 X55 Z0.25 F4800
G1 X-55 E8 F2400
G1 Y-109.6 F2400
M73 P1 R5
G1 X55 E5 F2400
G1 Y-110 X55 Z0.45 F4800
M73 P2 R5
G1 X-55 E8 F2400
G1 Y-109.6 F2400
M73 P3 R5
G1 X55 E5 F2400
G92 E0
G90
G21
M83 ; use relative distances for extrusion
; filament start gcode
;right_extruder_material: PLA
SET_PRESSURE_ADVANCE ADVANCE=0.025; Override pressure advance value
M106 S0
M106 P2 S0
;LAYER_CHANGE
;Z:0.2
;HEIGHT:0.2
;BEFORE_LAYER_CHANGE
;0.2
G1 E-1.2 F2100
M73 P4 R4
;AFTER_LAYER_CHANGE
;0.2
;_SET_FAN_SPEED_CHANGING_LAYER
SET_VELOCITY_LIMIT ACCEL=500
G1 X8.118 Y-8.118 F30000
G1 Z.6
G1 Z.2
G1 E1.2 F2100
;TYPE:Support
;WIDTH:0.65
G1 F2700
G1 X11.195 Y-8.118 E.15222
G1 X11.195 Y8.118 E.80314
G1 X8.118 Y8.118 E.15222
G1 X8.118 Y11.195 E.15222
M73 P5 R4
G1 X-8.118 Y11.195 E.80314
G1 X-8.118 Y8.118 E.15222
G1 X-11.195 Y8.118 E.15222
G1 X-11.195 Y-8.118 E.80314
G1 X-8.118 Y-8.118 E.15222
G1 X-8.118 Y-11.195 E.15222
G1 X8.118 Y-11.195 E.80314
G1 X8.118 Y-8.209 E.14772
G1 X-.404 Y-9.016 F30000
G1 F2700
G1 X.157 Y-9.023 E.02772
G1 X.172 Y-9.023 E.00075
G1 X.68 Y-8.999 E.02514
G1 X.695 Y-8.998 E.00079
G1 X1.227 Y-8.941 E.02644
G1 X1.243 Y-8.939 E.00079
G1 X1.77 Y-8.85 E.02644
G1 X1.785 Y-8.847 E.00079
G1 X2.306 Y-8.725 E.02644
G1 X2.321 Y-8.721 E.00079
G1 X2.834 Y-8.569 E.02644
G1 X2.849 Y-8.564 E.00079
G1 X3.351 Y-8.38 E.02644
G1 X3.366 Y-8.374 E.00079
G1 X3.855 Y-8.16 E.02644
G1 X3.87 Y-8.153 E.00079
G1 X4.346 Y-7.91 E.02644
G1 X4.36 Y-7.902 E.00079
G1 X4.82 Y-7.63 E.02644
G1 X4.833 Y-7.622 E.00079
G1 X5.276 Y-7.322 E.02644
G1 X5.289 Y-7.313 E.00079
G1 X5.713 Y-6.987 E.02644
G1 X5.725 Y-6.977 E.00079
G1 X6.128 Y-6.626 E.02644
G1 X6.14 Y-6.615 E.00079
G1 X6.52 Y-6.24 E.02644
G1 X6.531 Y-6.228 E.00079
G1 X6.889 Y-5.831 E.02644
G1 X6.899 Y-5.818 E.00079
G1 X7.231 Y-5.4 E.02644
G1 X7.241 Y-5.387 E.00079
G1 X7.547 Y-4.949 E.02644
G1 X7.556 Y-4.936 E.00079
G1 X7.835 Y-4.48 E.02644
G1 X7.843 Y-4.466 E.00079
G1 X8.093 Y-3.994 E.02644
G1 X8.1 Y-3.979 E.00079
G1 X8.322 Y-3.493 E.02644
G1 X8.328 Y-3.478 E.00079
G1 X8.519 Y-2.979 E.02644
G1 X8.524 Y-2.964 E.00079
M73 P6 R4
G1 X8.685 Y-2.454 E.02644
G1 X8.689 Y-2.439 E.00079
G1 X8.818 Y-1.92 E.02644
G1 X8.822 Y-1.904 E.00079
G1 X8.919 Y-1.379 E.02644
G1 X8.921 Y-1.363 E.00079
G1 X8.987 Y-.833 E.02644
G1 X8.988 Y-.817 E.00079
G1 X9.021 Y-.283 E.02644
G1 X9.021 Y-.267 E.00079
G1 X9.021 Y.267 E.02644
G1 X9.021 Y.283 E.00079
G1 X8.988 Y.817 E.02644
G1 X8.987 Y.833 E.00079
G1 X8.921 Y1.363 E.02644
G1 X8.919 Y1.379 E.00079
G1 X8.822 Y1.904 E.02644
G1 X8.818 Y1.92 E.00079
G1 X8.689 Y2.439 E.02646
G1 X8.685 Y2.455 E.00083
G1 X8.515 Y2.989 E.02772
G1 X8.51 Y3.004 E.00075
G1 X8.328 Y3.478 E.02514
G1 X8.322 Y3.493 E.00079
G1 X8.1 Y3.979 E.02644
G1 X8.093 Y3.994 E.00079
G1 X7.843 Y4.466 E.02644
G1 X7.835 Y4.48 E.00079
G1 X7.556 Y4.936 E.02644
G1 X7.547 Y4.949 E.00079
G1 X7.241 Y5.387 E.02646
G1 X7.231 Y5.401 E.00083
G1 X6.881 Y5.839 E.02772
G1 X6.871 Y5.85 E.00075
G1 X6.531 Y6.228 E.02514
G1 X6.52 Y6.24 E.00079
G1 X6.14 Y6.615 E.02644
G1 X6.128 Y6.626 E.00079
G1 X5.725 Y6.977 E.02644
G1 X5.713 Y6.987 E.00079
G1 X5.289 Y7.313 E.02644
G1 X5.276 Y7.322 E.00079
G1 X4.833 Y7.622 E.02644
G1 X4.82 Y7.63 E.00079
G1 X4.36 Y7.902 E.02644
G1 X4.346 Y7.91 E.00079
G1 X3.87 Y8.153 E.02644
G1 X3.855 Y8.16 E.00079
G1 X3.366 Y8.374 E.02644
G1 X3.351 Y8.38 E.00079
G1 X2.849 Y8.564 E.02644
G1 X2.834 Y8.569 E.00079
G1 X2.321 Y8.721 E.02644
G1 X2.306 Y8.725 E.00079
G1 X1.785 Y8.847 E.02644
G1 X1.77 Y8.85 E.00079
G1 X1.243 Y8.939 E.02644
G1 X1.227 Y8.941 E.00079
G1 X.696 Y8.998 E.02644
G1 X.68 Y8.999 E.00079
G1 X.146 Y9.024 E.02644
G1 X.13 Y9.024 E.00079
G1 X-.405 Y9.016 E.02644
G1 X-.421 Y9.015 E.00079
G1 X-.954 Y8.974 E.02644
G1 X-.97 Y8.973 E.00079
G1 X-1.499 Y8.9 E.02644
G1 X-1.515 Y8.897 E.00079
G1 X-2.039 Y8.792 E.02644
G1 X-2.054 Y8.788 E.00079
G1 X-2.571 Y8.651 E.02644
G1 X-2.586 Y8.646 E.00079
G1 X-3.094 Y8.478 E.02644
G1 X-3.109 Y8.473 E.00079
G1 X-3.605 Y8.274 E.02644
G1 X-3.619 Y8.267 E.00079
G1 X-4.102 Y8.039 E.02644
G1 X-4.117 Y8.031 E.00079
G1 X-4.585 Y7.774 E.02644
G1 X-4.599 Y7.766 E.00079
G1 X-5.05 Y7.48 E.02644
G1 X-5.064 Y7.471 E.00079
G1 X-5.497 Y7.158 E.02644
G1 X-5.51 Y7.148 E.00079
G1 X-5.923 Y6.809 E.02644
G1 X-5.935 Y6.799 E.00079
G1 X-6.327 Y6.436 E.02644
G1 X-6.339 Y6.424 E.00079
G1 X-6.708 Y6.038 E.02646
G1 X-6.719 Y6.025 E.00083
G1 X-7.08 Y5.596 E.02772
G1 X-7.089 Y5.584 E.00075
G1 X-7.393 Y5.177 E.02514
G1 X-7.402 Y5.164 E.00079
G1 X-7.694 Y4.717 E.02644
G1 X-7.703 Y4.703 E.00079
G1 X-7.968 Y4.239 E.02644
G1 X-7.975 Y4.224 E.00079
G1 X-8.211 Y3.745 E.02646
G1 X-8.218 Y3.729 E.00083
G1 X-8.433 Y3.212 E.02772
G1 X-8.439 Y3.198 E.00075
G1 X-8.606 Y2.718 E.02514
G1 X-8.611 Y2.703 E.00079
G1 X-8.756 Y2.188 E.02644
G1 X-8.76 Y2.173 E.00079
G1 X-8.873 Y1.65 E.02644
G1 X-8.876 Y1.635 E.00079
G1 X-8.957 Y1.106 E.02644
G1 X-8.959 Y1.09 E.00079
G1 X-9.008 Y.558 E.02644
G1 X-9.009 Y.542 E.00079
G1 X-9.025 Y.008 E.02644
G1 X-9.025 Y-.008 E.00079
G1 X-9.009 Y-.543 E.02646
G1 X-9.008 Y-.559 E.00083
G1 X-8.955 Y-1.117 E.02772
G1 X-8.953 Y-1.132 E.00075
G1 X-8.876 Y-1.635 E.02514
G1 X-8.873 Y-1.65 E.00079
G1 X-8.76 Y-2.173 E.02644
G1 X-8.756 Y-2.188 E.00079
G1 X-8.611 Y-2.703 E.02644
G1 X-8.606 Y-2.718 E.00079
G1 X-8.43 Y-3.223 E.02646
G1 X-8.424 Y-3.239 E.00083
G1 X-8.206 Y-3.755 E.02772
G1 X-8.2 Y-3.769 E.00075
G1 X-7.975 Y-4.225 E.02514
G1 X-7.968 Y-4.239 E.00079
G1 X-7.703 Y-4.703 E.02644
G1 X-7.694 Y-4.717 E.00079
G1 X-7.402 Y-5.164 E.02644
G1 X-7.393 Y-5.177 E.00079
G1 X-7.073 Y-5.606 E.02646
G1 X-7.063 Y-5.619 E.00083
G1 X-6.7 Y-6.046 E.02772
G1 X-6.689 Y-6.057 E.00075
G1 X-6.339 Y-6.424 E.02514
G1 X-6.327 Y-6.436 E.00079
G1 X-5.935 Y-6.799 E.02644
G1 X-5.923 Y-6.809 E.00079
G1 X-5.51 Y-7.148 E.02644
G1 X-5.497 Y-7.158 E.00079
G1 X-5.063 Y-7.471 E.02644
G1 X-5.05 Y-7.48 E.00079
G1 X-4.599 Y-7.766 E.02644
G1 X-4.585 Y-7.774 E.00079
G1 X-4.117 Y-8.031 E.02644
G1 X-4.102 Y-8.039 E.00079
G1 X-3.619 Y-8.267 E.02644
G1 X-3.605 Y-8.274 E.00079
G1 X-3.109 Y-8.473 E.02644
G1 X-3.094 Y-8.478 E.00079
G1 X-2.586 Y-8.646 E.02644
G1 X-2.571 Y-8.651 E.00079
G1 X-2.054 Y-8.788 E.02644
G1 X-2.039 Y-8.792 E.00079
G1 X-1.515 Y-8.897 E.02644
G1 X-1.499 Y-8.9 E.00079
G1 X-.97 Y-8.973 E.02644
G1 X-.954 Y-8.974 E.00079
G1 X-.494 Y-9.01 E.02278
G1 E-1.2 F2100
;WIPE_START
G1 F2700
G1 X-.954 Y-8.974
G1 X-.97 Y-8.973
G1 X-1.499 Y-8.9
G1 X-1.515 Y-8.897
G1 X-2.039 Y-8.792
G1 X-2.054 Y-8.788
M73 P7 R4
G1 X-2.463 Y-8.68
;WIPE_END
G1 X2.161 Y-2.607 Z.6 F30000
G1 X10.118 Y7.844 Z.6
G1 Z.2
G1 E1.2 F2100
G1 F2700
G1 X10.118 Y-7.571 E.7626
G1 X9.443 Y-7.571 E.03337
G1 X9.443 Y7.571 E.74909
G1 X8.769 Y7.571 E.03337
G1 X8.769 Y3.829 E.18511
G1 X8.594 Y4.213 E.02087
G1 X8.58 Y4.243 E.00162
G1 X8.321 Y4.729 E.02726
G1 X8.305 Y4.758 E.00162
G1 X8.094 Y5.102 E.01998
G1 X8.094 Y7.571 E.12214
G1 X7.571 Y7.571 E.02588
G1 X7.571 Y10.648 E.15222
G1 X7.42 Y10.648 E.00749
G1 X7.42 Y6.039 E.228
G1 X7.303 Y6.186 E.00927
G1 X7.283 Y6.209 E.00154
G1 X6.932 Y6.6 E.02595
G1 X6.91 Y6.623 E.00162
G1 X6.745 Y6.785 E.01142
G1 X6.745 Y10.648 E.19111
G1 X6.071 Y10.648 E.03337
G1 X6.071 Y7.4 E.1607
G1 X6.052 Y7.415 E.00118
G1 X5.616 Y7.751 E.02726
G1 X5.589 Y7.77 E.00162
G1 X5.396 Y7.9 E.01152
G1 X5.396 Y10.648 E.13593
G1 X4.722 Y10.648 E.03337
G1 X4.722 Y8.323 E.11504
G1 X4.63 Y8.377 E.00524
G1 X4.602 Y8.393 E.00162
G1 X4.111 Y8.643 E.02727
G1 X4.082 Y8.657 E.00162
G1 X4.047 Y8.673 E.00186
G1 X4.047 Y10.648 E.09774
G1 X3.373 Y10.648 E.03337
G1 X3.373 Y8.954 E.08383
G1 X3.029 Y9.08 E.01812
G1 X2.998 Y9.09 E.00162
M73 P8 R4
G1 X2.698 Y9.179 E.01546
G1 X2.698 Y10.648 E.07268
G1 X2.024 Y10.648 E.03337
G1 X2.024 Y9.352 E.06412
G1 X1.901 Y9.381 E.00622
G1 X1.869 Y9.387 E.00162
G1 X1.349 Y9.475 E.02609
G1 X1.349 Y10.648 E.05803
G1 X.675 Y10.648 E.03337
G1 X.675 Y9.547 E.0545
G1 X.162 Y9.57 E.02537
G1 X.13 Y9.571 E.00162
G1 X0 Y9.569 E.00641
G1 X0 Y10.648 E.05342
G1 X-.675 Y10.648 E.03337
G1 X-.675 Y9.544 E.05464
G1 X-1.004 Y9.519 E.01633
G1 X-1.036 Y9.515 E.00162
G1 X-1.349 Y9.472 E.01563
G1 X-1.349 Y10.648 E.0582
G1 X-2.024 Y10.648 E.03337
G1 X-2.024 Y9.352 E.06413
G1 X-2.155 Y9.326 E.00661
G1 X-2.186 Y9.318 E.00162
G1 X-2.698 Y9.183 E.02619
G1 X-2.698 Y10.648 E.07251
G1 X-3.373 Y10.648 E.03337
G1 X-3.373 Y8.956 E.08374
G1 X-3.816 Y8.778 E.02361
G1 X-3.846 Y8.765 E.00162
G1 X-4.047 Y8.669 E.01103
G1 X-4.047 Y10.648 E.0979
G1 X-4.722 Y10.648 E.03337
G1 X-4.722 Y8.322 E.11508
G1 X-4.856 Y8.248 E.00756
G1 X-4.884 Y8.232 E.00162
G1 X-5.349 Y7.937 E.02727
G1 X-5.377 Y7.919 E.00162
G1 X-5.396 Y7.904 E.0012
G1 X-5.396 Y10.648 E.13574
G1 X-6.071 Y10.648 E.03337
G1 X-6.071 Y7.395 E.16096
G1 X-6.276 Y7.227 E.0131
G1 X-6.3 Y7.205 E.00162
G1 X-6.705 Y6.831 E.02727
G1 X-6.728 Y6.808 E.00162
G1 X-6.745 Y6.79 E.00125
G1 X-6.745 Y10.648 E.19089
G1 X-7.42 Y10.648 E.03337
G1 X-7.42 Y6.041 E.22795
G1 X-7.503 Y5.942 E.00639
G1 X-7.522 Y5.917 E.00154
G1 X-7.836 Y5.497 E.02594
G1 X-7.854 Y5.47 E.00162
G1 X-8.094 Y5.103 E.02168
G1 X-8.094 Y7.571 E.12209
G1 X-8.769 Y7.571 E.03337
G1 X-8.769 Y3.08 E.22215
G1 E-1.2 F2100
;WIPE_START
G1 F2700
G1 X-8.769 Y5.08
;WIPE_END
G1 X-1.851 Y1.857 Z.6 F30000
G1 X8.769 Y-3.091 Z.6
G1 Z.2
M73 P9 R4
G1 E1.2 F2100
G1 F2700
G1 X8.769 Y-7.571 E.22165
G1 X8.094 Y-7.571 E.03337
G1 X8.094 Y-5.102 E.12214
G1 X8.018 Y-5.228 E.00729
G1 X8 Y-5.255 E.00162
G1 X7.684 Y-5.707 E.02726
G1 X7.664 Y-5.733 E.00162
G1 X7.42 Y-6.041 E.01946
G1 X7.42 Y-10.648 E.22791
G1 X6.745 Y-10.648 E.03337
G1 X6.745 Y-6.785 E.19111
G1 X6.517 Y-7.01 E.01585
G1 X6.493 Y-7.032 E.00162
G1 X6.078 Y-7.394 E.02726
G1 X6.071 Y-7.4 E.00044
G1 X6.071 Y-10.648 E.1607
G1 X5.396 Y-10.648 E.03337
G1 X5.396 Y-7.9 E.13593
G1 X5.133 Y-8.079 E.01575
G1 X5.105 Y-8.096 E.00162
G1 X4.722 Y-8.323 E.02202
G1 X4.722 Y-10.648 E.11504
G1 X4.047 Y-10.648 E.03337
G1 X4.047 Y-8.673 E.09774
G1 X3.577 Y-8.878 E.0254
G1 X3.546 Y-8.89 E.00162
G1 X3.373 Y-8.954 E.00915
G1 X3.373 Y-10.648 E.08383
G1 X2.698 Y-10.648 E.03337
G1 X2.698 Y-9.179 E.07268
G1 X2.47 Y-9.247 E.0118
G1 X2.438 Y-9.256 E.00162
G1 X2.024 Y-9.352 E.02105
G1 X2.024 Y-10.648 E.06412
G1 X1.349 Y-10.648 E.03337
G1 X1.349 Y-9.475 E.05803
G1 X1.326 Y-9.479 E.00117
G1 X1.293 Y-9.484 E.00162
G1 X.745 Y-9.542 E.02726
G1 X.713 Y-9.545 E.00162
G1 X.675 Y-9.547 E.00189
G1 X.675 Y-10.648 E.0545
G1 X0 Y-10.648 E.03337
G1 X0 Y-9.567 E.05347
G1 X-.419 Y-9.562 E.02073
G1 X-.453 Y-9.561 E.00169
G1 X-.675 Y-9.544 E.01098
G1 X-.675 Y-10.648 E.05464
G1 X-1.349 Y-10.648 E.03337
G1 X-1.349 Y-9.472 E.0582
G1 X-1.582 Y-9.44 E.01164
G1 X-1.614 Y-9.434 E.00162
G1 X-2.024 Y-9.352 E.02065
G1 X-2.024 Y-10.648 E.06413
G1 X-2.698 Y-10.648 E.03337
G1 X-2.698 Y-9.183 E.07251
G1 X-2.719 Y-9.177 E.00107
G1 X-2.75 Y-9.168 E.00162
G1 X-3.273 Y-8.994 E.02726
G1 X-3.304 Y-8.983 E.00162
G1 X-3.373 Y-8.956 E.00365
G1 X-3.373 Y-10.648 E.08374
G1 X-4.047 Y-10.648 E.03337
G1 X-4.047 Y-8.669 E.0979
G1 X-4.344 Y-8.529 E.01623
G1 X-4.373 Y-8.514 E.00162
G1 X-4.722 Y-8.322 E.0197
G1 X-4.722 Y-10.648 E.11508
M73 P10 R4
G1 X-5.396 Y-10.648 E.03337
G1 X-5.396 Y-7.904 E.13574
G1 X-5.823 Y-7.596 E.02606
G1 X-5.849 Y-7.576 E.00162
G1 X-6.071 Y-7.395 E.01417
G1 X-6.071 Y-10.648 E.16096
G1 X-6.745 Y-10.648 E.03337
G1 X-6.745 Y-6.79 E.19089
G1 X-7.09 Y-6.429 E.02469
G1 X-7.111 Y-6.406 E.00154
G1 X-7.42 Y-6.042 E.0236
G1 X-7.42 Y-10.648 E.22787
G1 X-7.571 Y-10.648 E.00749
G1 X-7.571 Y-7.571 E.15222
G1 X-8.094 Y-7.571 E.02588
G1 X-8.094 Y-5.103 E.12209
G1 X-8.156 Y-5.009 E.00558
G1 X-8.173 Y-4.981 E.00162
G1 X-8.446 Y-4.502 E.02726
G1 X-8.462 Y-4.473 E.00162
G1 X-8.693 Y-4.003 E.02595
G1 X-8.706 Y-3.974 E.00154
G1 X-8.769 Y-3.826 E.00796
G1 X-8.769 Y-7.571 E.18526
G1 X-9.443 Y-7.571 E.03337
G1 X-9.443 Y7.571 E.74909
G1 X-10.118 Y7.571 E.03337
G1 X-10.118 Y-7.844 E.7626
G1 E-1.2 F2100
;WIPE_START
G1 F2700
G1 X-10.118 Y-5.844
;WIPE_END
G1 X-3.417 Y-2.19 Z.6 F30000
G1 X3.381 Y1.519 Z.6
G1 Z.2
G1 E1.2 F2100
;TYPE:Inner wall
G1 F2700
G1 X3.366 Y1.557 E.00205
G1 X3.178 Y1.912 E.01986
G1 X2.952 Y2.244 E.01987
G1 X2.692 Y2.55 E.01987
G1 X2.401 Y2.827 E.01986
G1 X2.081 Y3.07 E.01987
G1 X1.737 Y3.277 E.01986
G1 X1.382 Y3.441 E.01938
G1 X.994 Y3.573 E.02027
G1 X.6 Y3.66 E.01995
G1 X.201 Y3.703 E.01987
G1 X-.201 Y3.703 E.01986
G1 X-.6 Y3.66 E.01987
G1 X-.992 Y3.573 E.01987
G1 X-1.373 Y3.445 E.01987
G1 X-1.737 Y3.277 E.01986
G1 X-2.081 Y3.07 E.01986
G1 X-2.401 Y2.827 E.01987
G1 X-2.692 Y2.55 E.01986
G1 X-2.952 Y2.244 E.01987
G1 X-3.178 Y1.912 E.01987
G1 X-3.366 Y1.557 E.01986
M73 P11 R4
G1 X-3.515 Y1.184 E.01987
G1 X-3.622 Y.797 E.01986
G1 X-3.687 Y.401 E.01987
G1 X-3.709 Y0 E.01987
G1 X-3.687 Y-.401 E.01986
G1 X-3.622 Y-.797 E.01987
G1 X-3.515 Y-1.184 E.01986
G1 X-3.366 Y-1.557 E.01987
G1 X-3.178 Y-1.912 E.01987
G1 X-2.952 Y-2.244 E.01986
G1 X-2.692 Y-2.55 E.01987
G1 X-2.401 Y-2.827 E.01987
G1 X-2.081 Y-3.07 E.01987
G1 X-1.737 Y-3.277 E.01987
G1 X-1.382 Y-3.441 E.01938
G1 X-.994 Y-3.573 E.02027
G1 X-.6 Y-3.66 E.01995
G1 X-.201 Y-3.703 E.01987
G1 X.201 Y-3.703 E.01986
G1 X.59 Y-3.661 E.01938
G1 X.991 Y-3.574 E.02026
G1 X1.373 Y-3.445 E.01995
G1 X1.737 Y-3.277 E.01986
G1 X2.081 Y-3.07 E.01986
G1 X2.401 Y-2.827 E.01987
G1 X2.692 Y-2.55 E.01987
G1 X2.952 Y-2.244 E.01986
G1 X3.178 Y-1.912 E.01987
G1 X3.366 Y-1.557 E.01986
G1 X3.515 Y-1.184 E.01987
G1 X3.622 Y-.797 E.01986
G1 X3.687 Y-.401 E.01987
G1 X3.709 Y0 E.01987
G1 X3.687 Y.401 E.01986
G1 X3.624 Y.788 E.01938
G1 X3.515 Y1.183 E.02027
G1 X3.395 Y1.485 E.01611
G1 X2.817 Y1.294 F30000
;TYPE:Outer wall
G1 F2700
G1 X2.814 Y1.302 E.00042
G1 X2.657 Y1.599 E.01661
G1 X2.468 Y1.876 E.01661
G1 X2.251 Y2.132 E.01661
G1 X2.007 Y2.363 E.01661
G1 X1.74 Y2.566 E.01661
G1 X1.452 Y2.74 E.01661
G1 X1.156 Y2.877 E.01617
G1 X.83 Y2.988 E.01701
G1 X.502 Y3.06 E.01664
G1 X.168 Y3.096 E.01661
G1 X-.168 Y3.096 E.01661
G1 X-.502 Y3.06 E.01661
G1 X-.83 Y2.988 E.01661
G1 X-1.148 Y2.88 E.01661
G1 X-1.452 Y2.739 E.01661
G1 X-1.74 Y2.566 E.01661
G1 X-2.007 Y2.363 E.01661
G1 X-2.251 Y2.132 E.01661
G1 X-2.468 Y1.876 E.01661
G1 X-2.657 Y1.599 E.01661
G1 X-2.814 Y1.302 E.01661
G1 X-2.938 Y.99 E.01661
G1 X-3.028 Y.667 E.01661
G1 X-3.083 Y.335 E.01661
G1 X-3.101 Y0 E.01661
G1 X-3.083 Y-.335 E.01661
G1 X-3.028 Y-.667 E.01661
G1 X-2.938 Y-.99 E.01661
G1 X-2.814 Y-1.302 E.01661
G1 X-2.657 Y-1.599 E.01661
G1 X-2.468 Y-1.876 E.01661
G1 X-2.251 Y-2.132 E.01661
G1 X-2.007 Y-2.363 E.01661
G1 X-1.74 Y-2.566 E.01661
G1 X-1.452 Y-2.74 E.01661
G1 X-1.156 Y-2.877 E.01617
G1 X-.83 Y-2.988 E.01701
G1 X-.502 Y-3.06 E.01664
G1 X-.168 Y-3.096 E.01661
G1 X.168 Y-3.096 E.01661
G1 X.493 Y-3.061 E.01617
G1 X.829 Y-2.988 E.01701
G1 X1.148 Y-2.88 E.01664
G1 X1.452 Y-2.739 E.01661
G1 X1.74 Y-2.566 E.01661
G1 X2.007 Y-2.363 E.01661
G1 X2.251 Y-2.132 E.01661
G1 X2.468 Y-1.876 E.01661
G1 X2.657 Y-1.599 E.01661
G1 X2.814 Y-1.302 E.01661
G1 X2.938 Y-.99 E.01661
G1 X3.028 Y-.667 E.01661
G1 X3.083 Y-.335 E.01661
G1 X3.101 Y0 E.01661
G1 X3.083 Y.335 E.01661
G1 X3.03 Y.658 E.01617
G1 X2.939 Y.989 E.01701
G1 X2.831 Y1.261 E.01444
G1 E-1.2 F2100
;WIPE_START
G1 F2700
G1 X2.814 Y1.302
G1 X2.657 Y1.599
G1 X2.468 Y1.876
G1 X2.251 Y2.132
G1 X2.007 Y2.363
G1 X1.74 Y2.566
G1 X1.503 Y2.709
;WIPE_END
G1 X2.412 Y-4.869 Z.6 F30000
G1 X2.658 Y-6.922 Z.6
G1 Z.2
G1 E1.2 F2100
;TYPE:Inner wall
G1 F2700
G1 X2.76 Y-6.885 E.00535
G1 X3.175 Y-6.704 E.02238
G1 X3.577 Y-6.498 E.02238
G1 X3.967 Y-6.268 E.02238
G1 X4.342 Y-6.014 E.02238
G1 X4.7 Y-5.738 E.02238
G1 X5.041 Y-5.441 E.02238
G1 X5.364 Y-5.124 E.02238
G1 X5.666 Y-4.787 E.02238
G1 X5.947 Y-4.433 E.02238
G1 X6.206 Y-4.062 E.02238
G1 X6.442 Y-3.676 E.02238
G1 X6.655 Y-3.276 E.02238
G1 X6.842 Y-2.865 E.02238
G1 X7.004 Y-2.442 E.02238
G1 X7.14 Y-2.011 E.02238
G1 X7.249 Y-1.572 E.02238
G1 X7.331 Y-1.127 E.02238
G1 X7.386 Y-.678 E.02238
G1 X7.414 Y-.226 E.02238
G1 X7.414 Y.226 E.02238
G1 X7.386 Y.678 E.02238
G1 X7.331 Y1.127 E.02238
G1 X7.249 Y1.572 E.02238
G1 X7.14 Y2.009 E.0223
G1 X6.995 Y2.465 E.02366
G1 X6.842 Y2.865 E.02118
G1 X6.655 Y3.276 E.02238
G1 X6.442 Y3.676 E.02238
G1 X6.206 Y4.062 E.02238
G1 X5.948 Y4.431 E.0223
G1 X5.65 Y4.805 E.02366
G1 X5.364 Y5.124 E.02118
G1 X5.041 Y5.441 E.02238
G1 X4.7 Y5.738 E.02238
G1 X4.342 Y6.014 E.02238
G1 X3.967 Y6.268 E.02238
G1 X3.577 Y6.498 E.02238
G1 X3.175 Y6.704 E.02238
G1 X2.76 Y6.885 E.02238
G1 X2.335 Y7.04 E.02238
G1 X1.902 Y7.17 E.02238
G1 X1.461 Y7.272 E.02238
G1 X1.015 Y7.348 E.02238
G1 X.565 Y7.396 E.02238
G1 X.113 Y7.417 E.02238
G1 X-.339 Y7.41 E.02238
G1 X-.79 Y7.375 E.02238
G1 X-1.238 Y7.313 E.02238
G1 X-1.682 Y7.224 E.02238
G1 X-2.119 Y7.108 E.02238
G1 X-2.549 Y6.966 E.02238
G1 X-2.969 Y6.797 E.02238
G1 X-3.378 Y6.604 E.02238
G1 X-3.774 Y6.386 E.02238
G1 X-4.156 Y6.144 E.02238
G1 X-4.523 Y5.879 E.02238
G1 X-4.873 Y5.592 E.02238
G1 X-5.205 Y5.285 E.02238
G1 X-5.516 Y4.959 E.0223
G1 X-5.824 Y4.593 E.02366
G1 X-6.08 Y4.249 E.02118
G1 X-6.327 Y3.871 E.02238
G1 X-6.552 Y3.478 E.02238
G1 X-6.751 Y3.073 E.0223
G1 X-6.934 Y2.632 E.02366
G1 X-7.075 Y2.227 E.02117
G1 X-7.198 Y1.792 E.02238
G1 X-7.294 Y1.35 E.02238
G1 X-7.362 Y.903 E.02238
G1 X-7.404 Y.452 E.02238
G1 X-7.417 Y0 E.02238
G1 X-7.404 Y-.451 E.0223
G1 X-7.359 Y-.927 E.02366
G1 X-7.294 Y-1.35 E.02118
G1 X-7.198 Y-1.792 E.02238
G1 X-7.075 Y-2.227 E.02238
G1 X-6.927 Y-2.653 E.0223
G1 X-6.741 Y-3.094 E.02366
G1 X-6.552 Y-3.478 E.02118
G1 X-6.327 Y-3.871 E.02238
G1 X-6.08 Y-4.249 E.02238
G1 X-5.81 Y-4.611 E.0223
G1 X-5.5 Y-4.975 E.02366
G1 X-5.205 Y-5.285 E.02118
G1 X-4.873 Y-5.592 E.02238
G1 X-4.523 Y-5.879 E.02238
G1 X-4.156 Y-6.144 E.02238
G1 X-3.774 Y-6.386 E.02238
G1 X-3.377 Y-6.604 E.02238
G1 X-2.969 Y-6.797 E.02238
G1 X-2.549 Y-6.966 E.02238
G1 X-2.119 Y-7.108 E.02238
G1 X-1.682 Y-7.224 E.02238
G1 X-1.238 Y-7.313 E.02238
G1 X-.79 Y-7.375 E.02238
G1 X-.341 Y-7.41 E.0223
G1 X.137 Y-7.415 E.02366
G1 X.565 Y-7.396 E.02118
G1 X1.015 Y-7.348 E.02238
G1 X1.461 Y-7.272 E.02238
G1 X1.902 Y-7.17 E.02238
G1 X2.335 Y-7.04 E.02238
G1 X2.625 Y-6.934 E.01525
G1 X2.867 Y-7.492 F30000
;TYPE:Outer wall
G1 F2700
G1 X2.986 Y-7.449 E.00626
G1 X3.434 Y-7.253 E.02421
G1 X3.87 Y-7.03 E.02421
G1 X4.292 Y-6.781 E.02421
G1 X4.697 Y-6.507 E.02421
G1 X5.085 Y-6.208 E.02421
G1 X5.454 Y-5.887 E.02421
G1 X5.803 Y-5.543 E.02421
G1 X6.13 Y-5.179 E.02421
G1 X6.434 Y-4.796 E.02421
G1 X6.715 Y-4.395 E.02421
G1 X6.97 Y-3.977 E.02421
G1 X7.199 Y-3.545 E.02421
G1 X7.402 Y-3.099 E.02421
G1 X7.577 Y-2.642 E.02421
G1 X7.724 Y-2.175 E.02422
G1 X7.843 Y-1.7 E.02421
G1 X7.932 Y-1.219 E.02421
G1 X7.991 Y-.733 E.02421
G1 X8.021 Y-.245 E.02421
G1 X8.021 Y.245 E.02421
G1 X7.991 Y.733 E.02421
G1 X7.932 Y1.219 E.02421
G1 X7.843 Y1.7 E.02421
G1 X7.724 Y2.175 E.02418
G1 X7.568 Y2.666 E.02549
G1 X7.402 Y3.099 E.02296
G1 X7.199 Y3.545 E.02421
G1 X6.97 Y3.977 E.02421
G1 X6.715 Y4.395 E.02421
G1 X6.435 Y4.795 E.02418
G1 X6.113 Y5.198 E.02549
G1 X5.803 Y5.543 E.02297
G1 X5.454 Y5.887 E.02421
G1 X5.085 Y6.208 E.02421
G1 X4.697 Y6.507 E.02421
G1 X4.292 Y6.781 E.02421
G1 X3.87 Y7.03 E.02421
G1 X3.434 Y7.253 E.02421
G1 X2.986 Y7.449 E.02421
G1 X2.526 Y7.617 E.02421
G1 X2.057 Y7.757 E.02421
G1 X1.581 Y7.868 E.02421
G1 X1.098 Y7.949 E.02421
G1 X.611 Y8.001 E.02421
G1 X.122 Y8.024 E.02421
G1 X-.367 Y8.016 E.02421
G1 X-.855 Y7.979 E.02421
G1 X-1.34 Y7.912 E.02421
M73 P12 R4
G1 X-1.82 Y7.816 E.02421
G1 X-2.293 Y7.69 E.02421
G1 X-2.757 Y7.536 E.02421
G1 X-3.212 Y7.354 E.02421
G1 X-3.654 Y7.145 E.02421
G1 X-4.083 Y6.909 E.02421
G1 X-4.496 Y6.647 E.02421
G1 X-4.893 Y6.36 E.02421
G1 X-5.272 Y6.05 E.02421
G1 X-5.631 Y5.717 E.02421
G1 X-5.969 Y5.364 E.02418
G1 X-6.3 Y4.969 E.02549
G1 X-6.577 Y4.597 E.02296
G1 X-6.845 Y4.188 E.02421
G1 X-7.088 Y3.763 E.02421
G1 X-7.304 Y3.324 E.02418
G1 X-7.502 Y2.848 E.02549
G1 X-7.654 Y2.41 E.02296
G1 X-7.787 Y1.939 E.02421
G1 X-7.891 Y1.46 E.02421
G1 X-7.965 Y.977 E.02421
G1 X-8.01 Y.489 E.02421
G1 X-8.025 Y0 E.02421
G1 X-8.01 Y-.489 E.02418
G1 X-7.961 Y-1.002 E.02549
G1 X-7.891 Y-1.46 E.02296
G1 X-7.787 Y-1.939 E.02421
G1 X-7.654 Y-2.41 E.02421
G1 X-7.493 Y-2.871 E.02418
G1 X-7.293 Y-3.346 E.02549
G1 X-7.088 Y-3.763 E.02297
G1 X-6.845 Y-4.188 E.02421
G1 X-6.577 Y-4.597 E.02421
G1 X-6.285 Y-4.989 E.02418
G1 X-5.952 Y-5.382 E.02549
G1 X-5.631 Y-5.717 E.02297
G1 X-5.272 Y-6.05 E.02421
G1 X-4.893 Y-6.36 E.02421
G1 X-4.496 Y-6.647 E.02421
G1 X-4.083 Y-6.909 E.02421
G1 X-3.654 Y-7.145 E.02421
G1 X-3.212 Y-7.354 E.02421
G1 X-2.757 Y-7.536 E.02421
G1 X-2.293 Y-7.69 E.02421
G1 X-1.82 Y-7.816 E.02421
G1 X-1.34 Y-7.912 E.02421
G1 X-.855 Y-7.979 E.02421
G1 X-.368 Y-8.016 E.02418
G1 X.148 Y-8.023 E.02549
G1 X.611 Y-8.001 E.02296
G1 X1.098 Y-7.949 E.02421
G1 X1.581 Y-7.868 E.02421
G1 X2.057 Y-7.757 E.02421
G1 X2.526 Y-7.617 E.02421
G1 X2.833 Y-7.504 E.01617
G1 E-1.2 F2100
;WIPE_START
G1 F2700
G1 X2.986 Y-7.449
G1 X3.434 Y-7.253
G1 X3.87 Y-7.03
G1 X4.292 Y-6.781
G1 X4.597 Y-6.574
;WIPE_END
G1 X3.485 Y-6.34 Z.6 F30000
G1 Z.2
G1 E1.2 F2100
;TYPE:Bottom surface
;WIDTH:0.674617
G1 F3900
G1 X5.188 Y-4.637 E.12395
G1 X5.582 Y-4.161 E.03184
G1 X5.825 Y-3.812 E.02186
G1 X6.047 Y-3.45 E.02186
G1 X6.246 Y-3.075 E.02186
G1 X6.532 Y-2.4 E.03776
G1 X2.401 Y-6.531 E.30076
G1 X1.785 Y-6.729 E.03331
G1 X1.181 Y-6.858 E.03176
G1 X6.858 Y-1.181 E.41328
G1 X6.933 Y-.636 E.02829
G1 X6.959 Y-.187 E.02316
G1 X.188 Y-6.957 E.49287
G1 X-.321 Y-6.954 E.0262
G1 X-.675 Y-6.927 E.0183
G1 X6.928 Y.676 E.55348
G1 X6.809 Y1.45 E.04031
G1 X3.892 Y-1.467 E.21231
G1 X3.78 Y-1.749 E.01562
G1 X3.569 Y-2.147 E.02321
G1 X3.315 Y-2.52 E.02321
G1 X3.024 Y-2.864 E.02321
G1 X2.696 Y-3.174 E.02321
G1 X2.337 Y-3.447 E.02321
G1 X1.951 Y-3.68 E.02321
G1 X1.464 Y-3.895 E.02741
G1 X-1.448 Y-6.807 E.21197
G1 X-2.152 Y-6.618 E.03753
G1 X.317 Y-4.149 E.17974
G1 X-.225 Y-4.159 E.02792
G1 X-.551 Y-4.123 E.01685
G1 X-2.801 Y-6.373 E.16379
G1 X-3.395 Y-6.074 E.03425
G1 X-1.278 Y-3.957 E.15411
M73 P13 R4
G1 X-1.551 Y-3.864 E.01482
G1 X-1.912 Y-3.697 E.02048
G1 X-3.947 Y-5.733 E.14817
G1 X-4.454 Y-5.346 E.03281
G1 X-2.461 Y-3.353 E.14512
G1 X-2.696 Y-3.174 E.01521
G1 X-2.942 Y-2.941 E.01745
G1 X-4.922 Y-4.921 E.14415
G1 X-5.347 Y-4.453 E.03256
G1 X-3.356 Y-2.461 E.14497
G1 X-3.569 Y-2.147 E.01952
G1 X-3.696 Y-1.908 E.01396
G1 X-5.734 Y-3.946 E.14839
G1 X-6.075 Y-3.394 E.03341
G1 X-3.961 Y-1.279 E.15393
G1 X-4.067 Y-.895 E.02052
G1 X-4.124 Y-.549 E.01805
G1 X-6.372 Y-2.797 E.16363
G1 X-6.619 Y-2.151 E.0356
G1 X-3.833 Y.635 E.20283
G1 E-1.2 F2100
;WIPE_START
G1 F3900
G1 X-5.247 Y-.779
;WIPE_END
G1 X2.384 Y-.655 Z.6 F30000
G1 X3.834 Y-.632 Z.6
G1 Z.2
G1 E1.2 F2100
G1 F3900
G1 X6.617 Y2.152 E.20262
G1 X6.565 Y2.314 E.00879
G1 X6.371 Y2.799 E.02688
G1 X4.124 Y.551 E.16363
G1 X4.069 Y.885 E.0174
G1 X3.96 Y1.281 E.02116
G1 X6.075 Y3.397 E.15398
G1 X5.732 Y3.946 E.03337
G1 X3.695 Y1.909 E.14829
G1 X3.569 Y2.147 E.01386
G1 X3.355 Y2.463 E.01962
G1 X5.347 Y4.455 E.14502
G1 X4.92 Y4.921 E.03255
G1 X2.941 Y2.942 E.14407
M73 P14 R4
G1 X2.696 Y3.174 E.01736
G1 X2.459 Y3.354 E.0153
G1 X4.454 Y5.349 E.1452
G1 X3.945 Y5.733 E.03283
G1 X1.91 Y3.698 E.14811
G1 X1.551 Y3.864 E.02038
G1 X1.277 Y3.958 E.01492
G1 X3.395 Y6.077 E.15423
G1 X2.797 Y6.372 E.03433
G1 X.549 Y4.123 E.16368
G1 X.225 Y4.159 E.01674
G1 X-.32 Y4.148 E.02807
G1 X2.152 Y6.62 E.17992
G1 X1.447 Y6.808 E.03757
G1 X-1.468 Y3.894 E.21215
G1 X-1.951 Y3.68 E.0272
G1 X-2.337 Y3.447 E.02321
G1 X-2.696 Y3.174 E.02321
G1 X-3.024 Y2.864 E.02321
G1 X-3.315 Y2.52 E.02321
G1 X-3.569 Y2.147 E.02321
G1 X-3.78 Y1.749 E.02321
G1 X-3.89 Y1.471 E.01539
G1 X-6.807 Y-1.446 E.21232
G1 X-6.925 Y-.671 E.04035
G1 X.672 Y6.927 E.55306
G1 X.106 Y6.961 E.02917
G1 X-.192 Y6.957 E.01533
G1 X-6.956 Y.192 E.49244
G1 X-6.91 Y.847 E.03381
G1 X-6.859 Y1.183 E.01748
G1 X-1.181 Y6.86 E.41331
G1 X-1.579 Y6.781 E.02088
G1 X-1.989 Y6.672 E.02186
G1 X-2.4 Y6.535 E.02228
G1 X-6.532 Y2.403 E.30078
G1 X-6.336 Y2.885 E.02678
G1 X-6.149 Y3.264 E.02174
G1 X-5.939 Y3.633 E.02186
G1 X-5.706 Y3.988 E.02186
G1 X-5.467 Y4.31 E.02064
G1 X-5.195 Y4.633 E.02172
G1 X-3.499 Y6.329 E.12346
M106 S255
M106 P2 S255
;LAYER_CHANGE
;Z:0.4
;HEIGHT:0.2
;BEFORE_LAYER_CHANGE
;0.4
G1 E-1.2 F2100
;WIPE_START
G1 F3900
G1 X-4.913 Y4.915
;WIPE_END
;AFTER_LAYER_CHANGE
;0.4
;_SET_FAN_SPEED_CHANGING_LAYER
SET_VELOCITY_LIMIT ACCEL=10000
M140 S50 ; set bed temperature
G17
G3 Z.8 I.478 J1.119 P1  F30000
G1 X3.2 Y1.446 Z.8
G1 Z.4
M73 P15 R4
G1 E1.2 F2100
SET_VELOCITY_LIMIT ACCEL=5000
;TYPE:Inner wall
;WIDTH:0.62
G1 F4047
G1 X3.189 Y1.475 E.00146
G1 X3.01 Y1.811 E.01789
G1 X2.797 Y2.126 E.01789
G1 X2.551 Y2.416 E.01789
G1 X2.275 Y2.678 E.01789
G1 X1.972 Y2.908 E.01789
G1 X1.646 Y3.104 E.01789
G1 X1.3 Y3.264 E.01789
G1 X.94 Y3.385 E.01789
G1 X.568 Y3.467 E.01789
G1 X.19 Y3.508 E.01789
G1 X-.19 Y3.508 E.01789
G1 X-.568 Y3.467 E.01789
G1 X-.94 Y3.385 E.01789
G1 X-1.3 Y3.264 E.01789
G1 X-1.646 Y3.104 E.01789
G1 X-1.972 Y2.908 E.01789
G1 X-2.275 Y2.678 E.01789
G1 X-2.551 Y2.416 E.01789
G1 X-2.797 Y2.126 E.01789
G1 X-3.01 Y1.811 E.01789
G1 X-3.189 Y1.475 E.01789
G1 X-3.329 Y1.122 E.01789
G1 X-3.431 Y.755 E.01789
G1 X-3.493 Y.38 E.01789
G1 X-3.513 Y0 E.01789
G1 X-3.493 Y-.38 E.01789
G1 X-3.431 Y-.755 E.01789
G1 X-3.329 Y-1.122 E.01789
G1 X-3.199 Y-1.449 E.01656
G1 X-3.013 Y-1.808 E.01903
G1 X-2.797 Y-2.126 E.01807
G1 X-2.551 Y-2.416 E.01789
G1 X-2.275 Y-2.678 E.01789
G1 X-1.994 Y-2.891 E.01657
G1 X-1.649 Y-3.103 E.01903
G1 X-1.3 Y-3.264 E.01807
G1 X-.94 Y-3.385 E.01789
G1 X-.568 Y-3.467 E.01789
G1 X-.19 Y-3.508 E.01789
G1 X.19 Y-3.508 E.01789
G1 X.568 Y-3.467 E.01789
G1 X.94 Y-3.385 E.01789
G1 X1.3 Y-3.264 E.01789
G1 X1.646 Y-3.104 E.01789
G1 X1.972 Y-2.908 E.01789
G1 X2.275 Y-2.678 E.01789
G1 X2.551 Y-2.416 E.01789
G1 X2.797 Y-2.126 E.01789
G1 X3.01 Y-1.811 E.01789
G1 X3.189 Y-1.475 E.01789
G1 X3.329 Y-1.122 E.01789
G1 X3.431 Y-.755 E.01789
G1 X3.493 Y-.38 E.01789
G1 X3.513 Y0 E.01789
G1 X3.493 Y.38 E.01789
G1 X3.431 Y.755 E.01789
G1 X3.329 Y1.122 E.01789
G1 X3.213 Y1.413 E.01474
SET_VELOCITY_LIMIT ACCEL=10000
G1 X2.664 Y1.233 F30000
SET_VELOCITY_LIMIT ACCEL=5000
;TYPE:Outer wall
G1 F4047
G1 X2.515 Y1.513 E.01495
G1 X2.337 Y1.776 E.01495
G1 X2.131 Y2.019 E.01495
G1 X1.9 Y2.237 E.01495
G1 X1.647 Y2.43 E.01495
G1 X1.375 Y2.594 E.01495
G1 X1.087 Y2.727 E.01495
G1 X.785 Y2.828 E.01495
G1 X.475 Y2.897 E.01495
G1 X.159 Y2.931 E.01495
G1 X-.159 Y2.931 E.01495
G1 X-.475 Y2.897 E.01495
G1 X-.785 Y2.828 E.01495
G1 X-1.087 Y2.727 E.01495
G1 X-1.375 Y2.594 E.01495
G1 X-1.647 Y2.43 E.01495
G1 X-1.9 Y2.237 E.01495
G1 X-2.131 Y2.019 E.01495
G1 X-2.337 Y1.776 E.01495
G1 X-2.515 Y1.513 E.01495
G1 X-2.664 Y1.233 E.01495
G1 X-2.782 Y.937 E.01495
G1 X-2.867 Y.631 E.01495
G1 X-2.918 Y.317 E.01495
G1 X-2.935 Y0 E.01495
G1 X-2.918 Y-.317 E.01495
G1 X-2.867 Y-.631 E.01495
G1 X-2.782 Y-.937 E.01495
G1 X-2.674 Y-1.209 E.01374
G1 X-2.516 Y-1.512 E.01609
G1 X-2.337 Y-1.776 E.01501
G1 X-2.131 Y-2.019 E.01495
G1 X-1.9 Y-2.237 E.01495
G1 X-1.668 Y-2.414 E.01374
G1 X-1.376 Y-2.593 E.01609
G1 X-1.087 Y-2.727 E.01501
G1 X-.785 Y-2.828 E.01495
G1 X-.475 Y-2.897 E.01495
G1 X-.159 Y-2.931 E.01495
G1 X.159 Y-2.931 E.01495
G1 X.475 Y-2.897 E.01495
G1 X.785 Y-2.828 E.01495
G1 X1.087 Y-2.727 E.01495
G1 X1.375 Y-2.594 E.01495
G1 X1.647 Y-2.43 E.01495
G1 X1.9 Y-2.237 E.01495
G1 X2.131 Y-2.019 E.01495
G1 X2.337 Y-1.776 E.01495
G1 X2.515 Y-1.513 E.01495
G1 X2.664 Y-1.233 E.01495
G1 X2.782 Y-.937 E.01495
G1 X2.867 Y-.631 E.01495
G1 X2.918 Y-.317 E.01495
G1 X2.935 Y0 E.01495
G1 X2.918 Y.317 E.01495
G1 X2.867 Y.631 E.01495
G1 X2.782 Y.937 E.01495
G1 X2.677 Y1.199 E.01325
SET_VELOCITY_LIMIT ACCEL=10000
G1 E-1.2 F2100
;WIPE_START
G1 F7200
G1 X2.515 Y1.513
G1 X2.337 Y1.776
G1 X2.131 Y2.019
G1 X1.9 Y2.237
G1 X1.647 Y2.43
G1 X1.375 Y2.594
G1 X1.323 Y2.617
;WIPE_END
G1 X2.42 Y-4.936 Z.8 F30000
G1 X2.734 Y-7.102 Z.8
G1 Z.4
G1 E1.2 F2100
SET_VELOCITY_LIMIT ACCEL=5000
;TYPE:Inner wall
G1 F4047
G1 X2.833 Y-7.066 E.00492
G1 X3.258 Y-6.88 E.02183
G1 X3.671 Y-6.669 E.02183
G1 X4.071 Y-6.432 E.02183
G1 X4.456 Y-6.172 E.02183
G1 X4.824 Y-5.889 E.02183
G1 X5.174 Y-5.584 E.02183
G1 X5.505 Y-5.258 E.02184
G1 X5.815 Y-4.913 E.02183
G1 X6.101 Y-4.552 E.02167
G1 X6.408 Y-4.105 E.02548
G1 X6.612 Y-3.773 E.01834
G1 X6.83 Y-3.363 E.02183
G1 X7.022 Y-2.94 E.02183
G1 X7.188 Y-2.506 E.02183
G1 X7.327 Y-2.064 E.02183
G1 X7.44 Y-1.613 E.02183
G1 X7.524 Y-1.16 E.02167
G1 X7.585 Y-.621 E.02549
G1 X7.609 Y-.232 E.01834
G1 X7.609 Y.229 E.02167
G1 X7.572 Y.769 E.02549
G1 X7.524 Y1.156 E.01834
G1 X7.44 Y1.613 E.02183
G1 X7.327 Y2.064 E.02183
G1 X7.188 Y2.506 E.02183
G1 X7.022 Y2.94 E.02183
G1 X6.83 Y3.363 E.02183
G1 X6.612 Y3.773 E.02183
G1 X6.37 Y4.169 E.02183
G1 X6.104 Y4.549 E.02183
G1 X5.815 Y4.913 E.02183
G1 X5.505 Y5.258 E.02184
G1 X5.174 Y5.584 E.02183
G1 X4.824 Y5.889 E.02183
G1 X4.456 Y6.172 E.02183
G1 X4.071 Y6.432 E.02183
G1 X3.671 Y6.669 E.02183
G1 X3.258 Y6.88 E.02184
G1 X2.836 Y7.064 E.02167
G1 X2.325 Y7.247 E.02549
G1 X1.952 Y7.358 E.01834
G1 X1.499 Y7.463 E.02183
G1 X1.042 Y7.541 E.02183
G1 X.58 Y7.59 E.02183
G1 X.116 Y7.612 E.02183
G1 X-.348 Y7.605 E.02183
G1 X-.811 Y7.569 E.02184
G1 X-1.271 Y7.506 E.02183
G1 X-1.726 Y7.414 E.02183
G1 X-2.175 Y7.295 E.02183
G1 X-2.616 Y7.149 E.02183
G1 X-3.047 Y6.976 E.02183
G1 X-3.466 Y6.778 E.02183
G1 X-3.873 Y6.554 E.02183
G1 X-4.265 Y6.305 E.02183
G1 X-4.642 Y6.034 E.02183
G1 X-5.001 Y5.739 E.02183
G1 X-5.342 Y5.424 E.02183
G1 X-5.662 Y5.088 E.02183
G1 X-5.962 Y4.733 E.02183
G1 X-6.24 Y4.361 E.02183
G1 X-6.494 Y3.973 E.02183
G1 X-6.724 Y3.569 E.02183
G1 X-6.929 Y3.153 E.02183
G1 X-7.108 Y2.724 E.02183
G1 X-7.261 Y2.286 E.02183
G1 X-7.386 Y1.843 E.02167
G1 X-7.497 Y1.312 E.02549
G1 X-7.556 Y.926 E.01834
G1 X-7.598 Y.464 E.02183
G1 X-7.613 Y0 E.02183
G1 X-7.598 Y-.464 E.02183
G1 X-7.556 Y-.926 E.02183
G1 X-7.485 Y-1.385 E.02183
G1 X-7.387 Y-1.839 E.02183
G1 X-7.261 Y-2.286 E.02183
G1 X-7.109 Y-2.721 E.02167
G1 X-6.896 Y-3.219 E.02549
G1 X-6.724 Y-3.569 E.01834
G1 X-6.494 Y-3.973 E.02183
G1 X-6.239 Y-4.361 E.02183
G1 X-5.964 Y-4.731 E.02167
G1 X-5.611 Y-5.142 E.02549
G1 X-5.342 Y-5.424 E.01834
G1 X-5.001 Y-5.739 E.02183
G1 X-4.642 Y-6.034 E.02183
G1 X-4.265 Y-6.305 E.02183
G1 X-3.873 Y-6.554 E.02183
G1 X-3.466 Y-6.778 E.02183
G1 X-3.047 Y-6.976 E.02183
G1 X-2.619 Y-7.148 E.02167
G1 X-2.103 Y-7.314 E.02548
G1 X-1.726 Y-7.414 E.01834
G1 X-1.271 Y-7.506 E.02183
G1 X-.811 Y-7.569 E.02183
G1 X-.352 Y-7.604 E.02167
G1 X.19 Y-7.608 E.02549
G1 X.58 Y-7.59 E.01834
G1 X1.042 Y-7.541 E.02183
G1 X1.499 Y-7.463 E.02183
G1 X1.952 Y-7.358 E.02183
G1 X2.397 Y-7.225 E.02183
G1 X2.7 Y-7.114 E.01522
SET_VELOCITY_LIMIT ACCEL=10000
G1 X2.933 Y-7.644 F30000
SET_VELOCITY_LIMIT ACCEL=5000
;TYPE:Outer wall
G1 F4047
G1 X3.047 Y-7.602 E.00575
G1 X3.505 Y-7.402 E.02349
G1 X3.95 Y-7.174 E.02349
G1 X4.38 Y-6.92 E.02349
G1 X4.794 Y-6.64 E.02349
G1 X5.19 Y-6.336 E.02349
G1 X5.566 Y-6.008 E.02349
G1 X5.922 Y-5.657 E.02349
G1 X6.256 Y-5.286 E.02349
G1 X6.566 Y-4.895 E.02343
G1 X6.893 Y-4.42 E.02714
G1 X7.113 Y-4.059 E.01989
G1 X7.348 Y-3.618 E.02349
G1 X7.554 Y-3.163 E.02349
G1 X7.733 Y-2.697 E.02349
G1 X7.883 Y-2.22 E.02349
G1 X8.004 Y-1.735 E.02349
G1 X8.095 Y-1.245 E.02343
G1 X8.16 Y-.672 E.02714
G1 X8.186 Y-.25 E.01989
G1 X8.186 Y.249 E.02343
G1 X8.146 Y.824 E.02714
G1 X8.095 Y1.244 E.01989
G1 X8.004 Y1.735 E.02349
G1 X7.883 Y2.22 E.02349
G1 X7.733 Y2.697 E.02349
G1 X7.554 Y3.163 E.02349
G1 X7.348 Y3.618 E.02349
G1 X7.113 Y4.059 E.02349
G1 X6.853 Y4.485 E.02349
G1 X6.567 Y4.894 E.02349
G1 X6.256 Y5.286 E.02349
G1 X5.922 Y5.657 E.02349
G1 X5.566 Y6.008 E.02349
G1 X5.19 Y6.336 E.02349
G1 X4.794 Y6.64 E.02349
G1 X4.38 Y6.92 E.02349
G1 X3.95 Y7.174 E.02349
G1 X3.505 Y7.402 E.02349
G1 X3.049 Y7.601 E.02343
G1 X2.505 Y7.795 E.02714
G1 X2.1 Y7.916 E.01989
G1 X1.613 Y8.029 E.02349
G1 X1.121 Y8.113 E.02349
G1 X.624 Y8.166 E.02349
G1 X.125 Y8.189 E.02349
G1 X-.375 Y8.181 E.02349
G1 X-.873 Y8.143 E.02349
G1 X-1.367 Y8.075 E.02349
G1 X-1.857 Y7.977 E.02349
G1 X-2.34 Y7.848 E.02349
G1 X-2.814 Y7.691 E.02349
G1 X-3.278 Y7.505 E.02349
G1 X-3.729 Y7.292 E.02349
G1 X-4.167 Y7.051 E.02349
G1 X-4.589 Y6.783 E.02349
G1 X-4.994 Y6.491 E.02349
G1 X-5.38 Y6.175 E.02349
G1 X-5.747 Y5.835 E.02349
G1 X-6.092 Y5.474 E.02349
G1 X-6.414 Y5.092 E.02349
G1 X-6.713 Y4.692 E.02349
G1 X-6.986 Y4.274 E.02349
G1 X-7.234 Y3.84 E.02349
G1 X-7.454 Y3.392 E.02349
G1 X-7.647 Y2.931 E.02349
G1 X-7.812 Y2.459 E.02349
G1 X-7.947 Y1.98 E.02343
G1 X-8.065 Y1.415 E.02714
G1 X-8.129 Y.997 E.01989
G1 X-8.175 Y.499 E.02349
G1 X-8.19 Y0 E.02349
G1 X-8.175 Y-.499 E.02349
G1 X-8.129 Y-.997 E.02349
G1 X-8.053 Y-1.49 E.02349
G1 X-7.947 Y-1.979 E.02349
G1 X-7.812 Y-2.459 E.02349
G1 X-7.648 Y-2.93 E.02343
G1 X-7.421 Y-3.461 E.02714
G1 X-7.234 Y-3.84 E.01989
G1 X-6.986 Y-4.274 E.02349
G1 X-6.713 Y-4.692 E.02349
G1 X-6.415 Y-5.091 E.02343
G1 X-6.039 Y-5.529 E.02714
G1 X-5.747 Y-5.835 E.01989
G1 X-5.38 Y-6.175 E.02349
G1 X-4.994 Y-6.491 E.02349
G1 X-4.589 Y-6.783 E.02349
G1 X-4.167 Y-7.051 E.02349
G1 X-3.729 Y-7.292 E.02349
G1 X-3.278 Y-7.505 E.02349
G1 X-2.815 Y-7.691 E.02343
G1 X-2.266 Y-7.868 E.02714
G1 X-1.857 Y-7.977 E.01989
G1 X-1.367 Y-8.075 E.02349
G1 X-.873 Y-8.143 E.02349
G1 X-.376 Y-8.181 E.02343
G1 X.201 Y-8.185 E.02714
G1 X.624 Y-8.166 E.01989
G1 X1.121 Y-8.113 E.02349
G1 X1.613 Y-8.029 E.02349
G1 X2.1 Y-7.916 E.02349
G1 X2.578 Y-7.773 E.02349
G1 X2.899 Y-7.656 E.01605
SET_VELOCITY_LIMIT ACCEL=10000
G1 E-1.2 F2100
;WIPE_START
G1 F7200
G1 X3.047 Y-7.602
G1 X3.505 Y-7.402
G1 X3.95 Y-7.174
G1 X4.38 Y-6.92
G1 X4.664 Y-6.728
;WIPE_END
G1 X3.942 Y-6.408 Z.8 F30000
G1 Z.4
G1 E1.2 F2100
SET_VELOCITY_LIMIT ACCEL=7000
;TYPE:Internal solid infill
;WIDTH:0.654624
G1 F4047
G1 X1.198 Y-3.664 E.19345
G1 X1.033 Y-3.719 E.0087
G1 X.493 Y-3.824 E.0274
G1 X3.194 Y-6.524 E.19037
G1 X2.59 Y-6.786 E.03278
G1 X-.66 Y-3.536 E.22913
SET_VELOCITY_LIMIT ACCEL=10000
G1 E-1.2 F2100
;WIPE_START
G1 F9000
G1 X.754 Y-4.95
;WIPE_END
G1 X-3.456 Y.99 Z.8 F30000
G1 Z.4
G1 E1.2 F2100
M73 P16 R4
SET_VELOCITY_LIMIT ACCEL=7000
G1 F4047
G1 X-6.22 Y3.754 E.19484
G1 X-6.523 Y3.193 E.03182
G1 X-3.825 Y.494 E.19022
G1 X-3.86 Y0 E.0247
G1 X-3.841 Y-.355 E.01771
G1 X-6.788 Y2.592 E.20773
G1 X-6.999 Y1.939 E.03424
G1 X-3.545 Y-1.515 E.24348
G1 X-3.311 Y-1.986 E.0262
G1 X-3.073 Y-2.336 E.0211
G1 X-2.802 Y-2.655 E.02083
G1 X-2.499 Y-2.942 E.02083
G1 X-2.19 Y-3.177 E.01936
G1 X-1.813 Y-3.408 E.02204
G1 X-1.514 Y-3.546 E.01639
G1 X1.94 Y-7 E.24348
G1 X1.431 Y-7.124 E.02608
G1 X1.228 Y-7.154 E.01025
G1 X-7.159 Y1.233 E.59117
G1 X-7.251 Y.46 E.03879
G1 X.43 Y-7.221 E.54149
G1 X.05 Y-7.232 E.01896
G1 X-.466 Y-7.19 E.02581
G1 X-7.254 Y-.402 E.47851
G1 X-7.212 Y-.884 E.02412
G1 X-7.13 Y-1.391 E.0256
G1 X-1.517 Y-7.004 E.39563
G1 X-1.97 Y-6.902 E.02309
G1 X-2.038 Y-6.971 E.00486
G1 X-2.607 Y-6.78 E.02988
G1 X-6.784 Y-2.603 E.29445
G1 X-6.418 Y-3.407 E.04403
G1 X-6.198 Y-3.792 E.02209
G1 X-5.956 Y-4.163 E.02209
G1 X-5.694 Y-4.514 E.02185
G1 X-5.429 Y-4.822 E.02026
G1 X-3.703 Y-6.549 E.12168
SET_VELOCITY_LIMIT ACCEL=10000
G1 X4.393 Y-2.855 F30000
SET_VELOCITY_LIMIT ACCEL=7000
;WIDTH:0.6498
G1 F4047
G1 X4.842 Y-3.304 E.03137
G1 X4.534 Y-3.705 E.02502
G1 X4.114 Y-4.163 E.03075
G1 X3.683 Y-3.732 E.03016
G1 X4.084 Y-3.302 E.02909
G1 X4.373 Y-2.885 E.02512
SET_VELOCITY_LIMIT ACCEL=10000
G1 X3.037 Y-2.71 F30000
SET_VELOCITY_LIMIT ACCEL=7000
;WIDTH:0.619999
G1 F4047
G1 X3.274 Y-2.45 E.01657
G1 X3.698 Y-1.745 E.03866
G1 X3.987 Y-.91 E.04158
G1 X4.005 Y-.814 E.00455
G1 X6.306 Y-3.116 E.15307
G1 X5.921 Y-3.795 E.03671
G1 X5.593 Y-4.26 E.02674
G1 X5.087 Y-4.859 E.03691
G1 X4.457 Y-5.443 E.04037
G1 X4.04 Y-5.747 E.02427
G1 X1.91 Y-3.617 E.14164
G1 X2.624 Y-3.137 E.04043
G1 X3.012 Y-2.736 E.02624
SET_VELOCITY_LIMIT ACCEL=10000
G1 X2.814 Y-3.705 F30000
SET_VELOCITY_LIMIT ACCEL=7000
G1 F4047
G1 X3.09 Y-3.493 E.01634
G1 X3.655 Y-2.896 E.03866
G1 X4.193 Y-2.043 E.04742
G1 X4.264 Y-1.89 E.00795
G1 X5.588 Y-3.214 E.08806
G1 X5.204 Y-3.82 E.03371
G1 X4.797 Y-4.308 E.02989
G1 X4.098 Y-4.989 E.04589
G1 X2.84 Y-3.73 E.08369
SET_VELOCITY_LIMIT ACCEL=10000
G1 X6.574 Y3.659 F30000
SET_VELOCITY_LIMIT ACCEL=7000
;WIDTH:0.676193
G1 F4047
G1 X4.604 Y5.621 E.14346
G1 X4.253 Y5.891 E.02287
G1 X3.886 Y6.14 E.02287
G1 X3.504 Y6.365 E.02287
G1 X3.11 Y6.567 E.02287
G1 X2.533 Y6.805 E.0322
G1 X6.808 Y2.529 E.31203
G1 X7.03 Y1.823 E.03819
G1 X6.968 Y1.761 E.00453
G1 X7.037 Y1.405 E.01872
G1 X1.295 Y7.147 E.41902
G1 X.994 Y7.198 E.01577
G1 X.29 Y7.257 E.03649
G1 X7.202 Y.344 E.50449
G1 X7.236 Y-.197 E.02797
G1 X7.215 Y-.564 E.01899
G1 X-.588 Y7.239 E.56947
G1 X-1.376 Y7.131 E.04104
G1 X7.13 Y-1.374 E.62073
G1 X6.955 Y-2.095 E.03826
G1 X3.67 Y1.19 E.23972
G1 X3.503 Y1.621 E.02383
G1 X3.308 Y1.99 E.02157
G1 X3.073 Y2.336 E.02157
G1 X2.802 Y2.655 E.02157
G1 X2.499 Y2.942 E.02157
G1 X2.166 Y3.195 E.02157
M73 P17 R4
G1 X1.808 Y3.41 E.02157
G1 X1.429 Y3.586 E.02157
G1 X1.195 Y3.665 E.01272
G1 X-2.097 Y6.956 E.24023
G1 X-2.756 Y6.72 E.03613
G1 X.391 Y3.573 E.22962
SET_VELOCITY_LIMIT ACCEL=10000
G1 X3.579 Y.385 F30000
SET_VELOCITY_LIMIT ACCEL=7000
G1 F4047
G1 X6.92 Y-2.955 E.24379
SET_VELOCITY_LIMIT ACCEL=10000
G1 E-1.2 F2100
;WIPE_START
G1 F9000
G1 X5.506 Y-1.541
;WIPE_END
G1 X-1.041 Y2.383 Z.8 F30000
G1 X-3.53 Y3.876 Z.8
G1 Z.4
G1 E1.2 F2100
SET_VELOCITY_LIMIT ACCEL=7000
;WIDTH:0.652946
G1 F4047
G1 X-3.741 Y3.69 E.01396
G1 X-4.167 Y4.116 E.03
G1 X-3.588 Y4.633 E.03859
G1 X-3.298 Y4.833 E.01751
G1 X-2.867 Y4.402 E.03031
G1 X-3.502 Y3.898 E.04031
SET_VELOCITY_LIMIT ACCEL=10000
G1 X-3.7 Y2.809 F30000
SET_VELOCITY_LIMIT ACCEL=7000
;WIDTH:0.619999
G1 F4047
G1 X-4.985 Y4.095 E.08546
G1 X-4.531 Y4.6 E.03197
G1 X-3.937 Y5.117 E.03702
G1 X-3.219 Y5.593 E.0405
G1 X-1.885 Y4.259 E.08872
G1 X-2.539 Y3.912 E.03483
G1 X-3.146 Y3.423 E.03664
G1 X-3.45 Y3.139 E.01956
G1 X-3.678 Y2.838 E.01776
SET_VELOCITY_LIMIT ACCEL=10000
G1 X-2.772 Y2.983 F30000
SET_VELOCITY_LIMIT ACCEL=7000
G1 F4047
G1 X-2.99 Y2.789 E.01371
G1 X-3.488 Y2.135 E.03866
G1 X-3.608 Y1.901 E.01236
G1 X-5.748 Y4.041 E.14232
G1 X-5.494 Y4.392 E.02036
G1 X-4.936 Y5.012 E.03922
G1 X-4.29 Y5.576 E.04033
G1 X-3.578 Y6.057 E.04037
G1 X-3.11 Y6.3 E.02484
G1 X-.808 Y3.998 E.15306
G1 X-1.485 Y3.81 E.03302
G1 X-2.269 Y3.402 E.04158
G1 X-2.745 Y3.006 E.0291
;LAYER_CHANGE
;Z:0.563333
;HEIGHT:0.163333
;BEFORE_LAYER_CHANGE
;0.563333
G1 E-1.2 F2100
;WIPE_START
G1 F9000
G1 X-2.269 Y3.402
G1 X-1.485 Y3.81
G1 X-1.006 Y3.943
;WIPE_END
;AFTER_LAYER_CHANGE
;0.563333
;_SET_FAN_SPEED_CHANGING_LAYER
SET_VELOCITY_LIMIT ACCEL=10000
G17
G3 Z.963 I-1.146 J-.41 P1  F30000
G1 X-2.735 Y8.77 Z.963
G1 Z.563
G1 E1.2 F2100
;TYPE:Support
;WIDTH:0.62
;HEIGHT:0.363333
G1 F5525
G1 X-3.147 Y8.633 E.03489
G1 X-3.167 Y8.625 E.00168
G1 X-3.668 Y8.425 E.04329
G1 X-3.687 Y8.416 E.00169
G1 X-4.175 Y8.185 E.04328
G1 X-4.193 Y8.176 E.00169
G1 X-4.418 Y8.052 E.02058
G1 X-4.666 Y7.916 E.0227
G1 X-4.684 Y7.905 E.00167
G1 X-5.14 Y7.617 E.04331
G1 X-5.157 Y7.605 E.00168
G1 X-5.595 Y7.289 E.04328
G1 X-5.611 Y7.276 E.00169
G1 X-5.847 Y7.083 E.02445
G1 X-6.029 Y6.934 E.01883
G1 X-6.044 Y6.921 E.00169
G1 X-6.154 Y6.819 E.01201
G1 X-6.154 Y9.231 E.19356
G1 X6.154 Y9.231 E.98761
G1 X6.154 Y6.82 E.1935
G1 X5.83 Y7.102 E.03445
G1 X5.814 Y7.115 E.00168
G1 X5.387 Y7.444 E.04328
G1 X5.37 Y7.456 E.00169
G1 X4.923 Y7.759 E.04329
G1 X4.905 Y7.77 E.0017
G1 X4.441 Y8.044 E.04327
G1 X4.422 Y8.054 E.00169
G1 X3.942 Y8.3 E.04328
G1 X3.923 Y8.309 E.00168
G1 X3.691 Y8.41 E.02029
G1 X3.429 Y8.525 E.02299
G1 X3.409 Y8.533 E.00169
G1 X2.903 Y8.718 E.04328
G1 X2.883 Y8.725 E.00169
G1 X2.732 Y8.77 E.01262
G1 E-1.2 F2100
;WIPE_START
G1 F6000
G1 X2.883 Y8.725
G1 X2.903 Y8.718
G1 X3.409 Y8.533
G1 X3.429 Y8.525
G1 X3.691 Y8.41
G1 X3.923 Y8.309
G1 X3.942 Y8.3
G1 X4.422 Y8.054
G1 X4.441 Y8.044
G1 X4.562 Y7.973
;WIPE_END
G1 X9.231 Y6.154 Z.963 F30000
G1 Z.563
G1 E1.2 F2100
G1 F5525
G1 X6.818 Y6.154 E.19365
G1 X6.833 Y6.137 E.00187
G1 X7.012 Y5.938 E.02144
G1 X7.026 Y5.922 E.00169
G1 X7.361 Y5.5 E.04328
G1 X7.374 Y5.483 E.00169
G1 X7.683 Y5.041 E.04328
G1 X7.694 Y5.023 E.00168
G1 X7.976 Y4.563 E.04331
G1 X7.986 Y4.545 E.00167
G1 X8.239 Y4.068 E.04328
G1 X8.248 Y4.049 E.00169
G1 X8.414 Y3.686 E.03204
G1 X8.472 Y3.558 E.01124
G1 X8.48 Y3.539 E.00169
G1 X8.657 Y3.077 E.03969
G1 X9.231 Y3.077 E.0461
G1 X9.231 Y0 E.2469
G1 X9.185 Y0 E.00374
G1 X9.185 Y-.27 E.02164
G1 X9.184 Y-.291 E.00169
G1 X9.169 Y-.536 E.0197
G1 X9.16 Y-.689 E.01234
G1 X9.151 Y-.829 E.01124
G1 X9.149 Y-.85 E.00168
G1 X9.083 Y-1.385 E.04329
G1 X9.08 Y-1.406 E.00169
G1 X8.982 Y-1.937 E.04329
G1 X8.978 Y-1.957 E.00168
G1 X8.847 Y-2.481 E.04328
G1 X8.842 Y-2.501 E.00169
G1 X8.68 Y-3.015 E.04329
G1 X8.673 Y-3.035 E.00169
G1 X8.657 Y-3.077 E.00359
G1 X9.231 Y-3.077 E.0461
G1 X9.231 Y-6.154 E.2469
G1 X6.818 Y-6.154 E.19365
G1 E-1.2 F2100
;WIPE_START
G1 F6000
G1 X8.818 Y-6.154
;WIPE_END
G1 X2.732 Y-8.77 Z.963 F30000
G1 Z.563
G1 E1.2 F2100
G1 F5525
G1 X2.883 Y-8.725 E.01262
G1 X2.903 Y-8.718 E.00169
G1 X3.409 Y-8.533 E.04328
G1 X3.418 Y-8.529 E.00075
G1 X3.429 Y-8.525 E.00094
G1 X3.587 Y-8.456 E.01387
G1 X3.923 Y-8.309 E.02942
G1 X3.942 Y-8.3 E.00169
G1 X4.422 Y-8.054 E.04328
G1 X4.441 Y-8.044 E.00169
G1 X4.905 Y-7.77 E.04327
G1 X4.923 Y-7.758 E.0017
G1 X5.37 Y-7.456 E.04328
G1 X5.387 Y-7.444 E.00169
G1 X5.814 Y-7.115 E.04328
G1 X5.826 Y-7.106 E.00117
G1 X5.831 Y-7.102 E.00052
G1 X5.888 Y-7.052 E.0061
G1 X5.936 Y-7.01 E.00514
G1 X6.035 Y-6.924 E.01053
G1 X6.154 Y-6.82 E.01268
G1 X6.154 Y-9.231 E.1935
G1 X-6.154 Y-9.231 E.98761
G1 X-6.154 Y-6.819 E.19356
G1 X-6.044 Y-6.921 E.01201
G1 X-6.029 Y-6.934 E.00169
G1 X-5.611 Y-7.276 E.04328
G1 X-5.595 Y-7.289 E.00169
G1 X-5.157 Y-7.605 E.04328
G1 X-5.14 Y-7.617 E.00168
G1 X-4.901 Y-7.767 E.02264
G1 X-4.684 Y-7.905 E.02067
G1 X-4.666 Y-7.916 E.00167
G1 X-4.418 Y-8.052 E.02271
G1 X-4.193 Y-8.176 E.02057
G1 X-4.175 Y-8.185 E.00169
G1 X-3.687 Y-8.416 E.04329
G1 X-3.668 Y-8.425 E.00169
G1 X-3.167 Y-8.625 E.04328
G1 X-3.147 Y-8.633 E.00169
G1 X-2.735 Y-8.77 E.0349
G1 E-1.2 F2100
;WIPE_START
G1 F6000
G1 X-3.147 Y-8.633
G1 X-3.167 Y-8.625
G1 X-3.668 Y-8.425
G1 X-3.687 Y-8.416
G1 X-4.175 Y-8.185
G1 X-4.193 Y-8.176
G1 X-4.418 Y-8.052
G1 X-4.564 Y-7.972
;WIPE_END
G1 X-9.231 Y-6.154 Z.963 F30000
G1 Z.563
G1 E1.2 F2100
G1 F5525
G1 X-6.823 Y-6.154 E.19324
G1 X-6.828 Y-6.149 E.00055
G1 X-6.842 Y-6.134 E.00169
G1 X-7.01 Y-5.935 E.02088
G1 X-7.19 Y-5.722 E.0224
G1 X-7.203 Y-5.705 E.00168
G1 X-7.342 Y-5.518 E.01869
G1 X-7.442 Y-5.385 E.01335
G1 X-7.453 Y-5.369 E.00157
G1 X-7.525 Y-5.273 E.00967
G1 X-7.537 Y-5.255 E.00168
G1 X-7.827 Y-4.813 E.04243
G1 X-7.833 Y-4.804 E.00085
G1 X-7.844 Y-4.786 E.0017
G1 X-8.111 Y-4.318 E.04327
G1 X-8.121 Y-4.299 E.00168
G1 X-8.32 Y-3.894 E.0362
G1 X-8.359 Y-3.815 E.00708
M73 P18 R4
G1 X-8.368 Y-3.796 E.00169
G1 X-8.576 Y-3.298 E.04328
G1 X-8.584 Y-3.279 E.00169
G1 X-8.654 Y-3.077 E.01713
G1 X-9.231 Y-3.077 E.04632
G1 X-9.231 Y0 E.2469
G1 X-9.189 Y0 E.00343
G1 X-9.189 Y.011 E.00084
G1 X-9.172 Y.55 E.04328
G1 X-9.171 Y.571 E.00169
G1 X-9.156 Y.737 E.01337
G1 X-9.141 Y.892 E.01253
G1 X-9.122 Y1.108 E.01737
G1 X-9.119 Y1.129 E.00169
G1 X-9.037 Y1.662 E.04329
G1 X-9.033 Y1.683 E.00169
G1 X-8.919 Y2.21 E.04328
G1 X-8.914 Y2.23 E.00169
G1 X-8.768 Y2.749 E.04329
G1 X-8.761 Y2.769 E.00169
G1 X-8.654 Y3.077 E.02615
G1 X-9.231 Y3.077 E.04632
G1 X-9.231 Y6.154 E.2469
G1 X-6.823 Y6.154 E.19324
;LAYER_CHANGE
;Z:0.6
;HEIGHT:0.0366667
;BEFORE_LAYER_CHANGE
;0.6
G1 E-1.2 F2100
;WIPE_START
G1 F6000
G1 X-8.823 Y6.154
;WIPE_END
;AFTER_LAYER_CHANGE
;0.6
;_SET_FAN_SPEED_CHANGING_LAYER
G17
G3 Z1 I.444 J1.133 P1  F30000
G1 X3.2 Y1.446 Z1
G1 Z.6
G1 E1.2 F2100
SET_VELOCITY_LIMIT ACCEL=5000
;TYPE:Inner wall
;HEIGHT:0.2
G1 F5525
G1 X3.189 Y1.475 E.00146
G1 X3.01 Y1.811 E.01789
G1 X2.797 Y2.126 E.01789
G1 X2.551 Y2.416 E.01789
G1 X2.275 Y2.678 E.01789
G1 X1.972 Y2.908 E.01789
G1 X1.646 Y3.104 E.01789
G1 X1.343 Y3.244 E.0157
G1 X.946 Y3.384 E.01979
G1 X.568 Y3.467 E.01817
G1 X.19 Y3.508 E.01789
G1 X-.19 Y3.508 E.01789
G1 X-.568 Y3.467 E.01789
G1 X-.94 Y3.385 E.01789
G1 X-1.3 Y3.264 E.01789
G1 X-1.646 Y3.104 E.01789
G1 X-1.972 Y2.908 E.01789
G1 X-2.275 Y2.678 E.01789
G1 X-2.551 Y2.416 E.01789
G1 X-2.797 Y2.126 E.01789
G1 X-3.01 Y1.811 E.01789
G1 X-3.189 Y1.475 E.01789
G1 X-3.329 Y1.122 E.01789
G1 X-3.431 Y.755 E.01789
G1 X-3.493 Y.38 E.01789
G1 X-3.511 Y.047 E.0157
G1 X-3.494 Y-.374 E.01979
G1 X-3.431 Y-.755 E.01817
G1 X-3.329 Y-1.122 E.01789
G1 X-3.189 Y-1.475 E.01789
G1 X-3.01 Y-1.811 E.01789
G1 X-2.797 Y-2.126 E.01789
G1 X-2.551 Y-2.416 E.01789
G1 X-2.275 Y-2.678 E.01789
G1 X-1.972 Y-2.908 E.01789
G1 X-1.646 Y-3.104 E.01789
G1 X-1.3 Y-3.264 E.01789
G1 X-.94 Y-3.385 E.01789
G1 X-.568 Y-3.467 E.01789
G1 X-.19 Y-3.508 E.01789
G1 X.19 Y-3.508 E.01789
G1 X.522 Y-3.472 E.0157
G1 X.934 Y-3.387 E.01979
G1 X1.3 Y-3.264 E.01817
G1 X1.646 Y-3.104 E.01789
G1 X1.972 Y-2.908 E.01789
G1 X2.275 Y-2.678 E.01789
G1 X2.551 Y-2.416 E.01789
G1 X2.797 Y-2.126 E.01789
G1 X3.01 Y-1.811 E.01789
G1 X3.189 Y-1.475 E.01789
G1 X3.329 Y-1.122 E.01789
G1 X3.431 Y-.755 E.01789
G1 X3.493 Y-.38 E.01789
G1 X3.511 Y-.047 E.0157
G1 X3.494 Y.374 E.01979
G1 X3.431 Y.755 E.01817
G1 X3.329 Y1.122 E.01789
G1 X3.213 Y1.413 E.01473
SET_VELOCITY_LIMIT ACCEL=10000
G1 X2.664 Y1.233 F30000
SET_VELOCITY_LIMIT ACCEL=5000
;TYPE:Outer wall
G1 F5525
G1 X2.515 Y1.513 E.01495
G1 X2.337 Y1.776 E.01495
G1 X2.131 Y2.019 E.01495
G1 X1.9 Y2.237 E.01495
G1 X1.647 Y2.43 E.01495
G1 X1.375 Y2.594 E.01495
G1 X1.125 Y2.709 E.01294
G1 X.787 Y2.828 E.01685
G1 X.475 Y2.897 E.01505
G1 X.159 Y2.931 E.01495
G1 X-.159 Y2.931 E.01495
G1 X-.475 Y2.897 E.01495
G1 X-.785 Y2.828 E.01495
G1 X-1.087 Y2.727 E.01495
G1 X-1.375 Y2.594 E.01495
G1 X-1.647 Y2.43 E.01495
G1 X-1.9 Y2.237 E.01495
G1 X-2.131 Y2.019 E.01495
G1 X-2.337 Y1.776 E.01495
G1 X-2.515 Y1.513 E.01495
G1 X-2.664 Y1.233 E.01495
G1 X-2.782 Y.937 E.01495
G1 X-2.867 Y.631 E.01495
G1 X-2.918 Y.317 E.01495
G1 X-2.933 Y.043 E.01294
G1 X-2.919 Y-.315 E.01685
G1 X-2.867 Y-.631 E.01505
G1 X-2.782 Y-.937 E.01495
G1 X-2.664 Y-1.233 E.01495
G1 X-2.515 Y-1.513 E.01495
G1 X-2.337 Y-1.776 E.01495
G1 X-2.131 Y-2.019 E.01495
G1 X-1.9 Y-2.237 E.01495
G1 X-1.647 Y-2.43 E.01495
G1 X-1.375 Y-2.594 E.01495
G1 X-1.087 Y-2.727 E.01495
G1 X-.785 Y-2.828 E.01495
G1 X-.475 Y-2.897 E.01495
G1 X-.159 Y-2.931 E.01495
G1 X.159 Y-2.931 E.01495
G1 X.432 Y-2.901 E.01294
G1 X.783 Y-2.829 E.01685
G1 X1.087 Y-2.727 E.01505
G1 X1.375 Y-2.594 E.01495
G1 X1.647 Y-2.43 E.01495
G1 X1.9 Y-2.237 E.01495
G1 X2.131 Y-2.019 E.01495
G1 X2.337 Y-1.776 E.01495
G1 X2.515 Y-1.513 E.01495
G1 X2.664 Y-1.233 E.01495
G1 X2.782 Y-.937 E.01495
G1 X2.867 Y-.631 E.01495
G1 X2.918 Y-.317 E.01495
G1 X2.933 Y-.043 E.01294
G1 X2.919 Y.315 E.01685
G1 X2.867 Y.631 E.01505
G1 X2.782 Y.937 E.01495
G1 X2.677 Y1.199 E.01325
SET_VELOCITY_LIMIT ACCEL=10000
G1 E-1.2 F2100
;WIPE_START
G1 F7200
G1 X2.515 Y1.513
G1 X2.337 Y1.776
G1 X2.131 Y2.019
G1 X1.9 Y2.237
G1 X1.647 Y2.43
G1 X1.375 Y2.594
G1 X1.323 Y2.617
;WIPE_END
G1 X2.427 Y-4.935 Z1 F30000
G1 X2.744 Y-7.098 Z1
G1 Z.6
G1 E1.2 F2100
SET_VELOCITY_LIMIT ACCEL=5000
;TYPE:Inner wall
G1 F5525
G1 X2.833 Y-7.066 E.00445
G1 X3.258 Y-6.88 E.02183
G1 X3.671 Y-6.669 E.02183
G1 X4.071 Y-6.432 E.02183
G1 X4.451 Y-6.175 E.02158
G1 X4.917 Y-5.808 E.02792
G1 X5.505 Y-5.258 E.03781
G1 X5.815 Y-4.913 E.02183
G1 X6.104 Y-4.549 E.02183
G1 X6.37 Y-4.169 E.02183
G1 X6.609 Y-3.777 E.02158
G1 X7.022 Y-2.94 E.0439
G1 X7.188 Y-2.506 E.02183
G1 X7.327 Y-2.064 E.02183
G1 X7.44 Y-1.613 E.02183
G1 X7.523 Y-1.162 E.02158
G1 X7.588 Y-.572 E.02792
G1 X7.609 Y.227 E.03755
G1 X7.566 Y.819 E.02792
G1 X7.44 Y1.613 E.03781
G1 X7.327 Y2.064 E.02183
G1 X7.19 Y2.501 E.02158
G1 X6.97 Y3.053 E.02792
G1 X6.612 Y3.773 E.03781
G1 X6.37 Y4.169 E.02183
G1 X6.104 Y4.549 E.02183
G1 X5.815 Y4.913 E.02183
G1 X5.505 Y5.258 E.02183
G1 X5.174 Y5.584 E.02183
G1 X4.824 Y5.889 E.02183
G1 X4.456 Y6.172 E.02183
G1 X4.071 Y6.432 E.02183
G1 X3.671 Y6.669 E.02183
G1 X3.258 Y6.88 E.02183
G1 X2.833 Y7.066 E.02183
G1 X2.397 Y7.225 E.02183
G1 X1.957 Y7.357 E.02158
G1 X1.377 Y7.484 E.02792
G1 X.58 Y7.59 E.03781
G1 X.116 Y7.612 E.02183
G1 X-.343 Y7.605 E.02158
G1 X-.934 Y7.552 E.02792
G1 X-1.726 Y7.414 E.03781
G1 X-2.175 Y7.295 E.02183
G1 X-2.616 Y7.149 E.02183
G1 X-3.047 Y6.976 E.02183
G1 X-3.466 Y6.778 E.02183
G1 X-3.873 Y6.554 E.02183
G1 X-4.265 Y6.305 E.02184
G1 X-4.642 Y6.034 E.02183
G1 X-5.001 Y5.739 E.02183
G1 X-5.342 Y5.424 E.02183
G1 X-5.662 Y5.088 E.02183
G1 X-5.962 Y4.733 E.02183
G1 X-6.239 Y4.361 E.02183
G1 X-6.494 Y3.973 E.02183
G1 X-6.724 Y3.569 E.02183
G1 X-6.929 Y3.153 E.02183
G1 X-7.108 Y2.724 E.02183
G1 X-7.261 Y2.286 E.02183
G1 X-7.387 Y1.839 E.02183
G1 X-7.485 Y1.385 E.02183
G1 X-7.556 Y.926 E.02183
G1 X-7.598 Y.464 E.02183
G1 X-7.613 Y0 E.02183
G1 X-7.598 Y-.464 E.02183
G1 X-7.556 Y-.926 E.02183
G1 X-7.485 Y-1.385 E.02183
G1 X-7.388 Y-1.834 E.02158
G1 X-7.22 Y-2.403 E.02792
G1 X-6.929 Y-3.153 E.03781
G1 X-6.724 Y-3.569 E.02183
G1 X-6.496 Y-3.968 E.02158
G1 X-6.165 Y-4.461 E.02792
G1 X-5.662 Y-5.088 E.03781
G1 X-5.342 Y-5.424 E.02183
G1 X-5.001 Y-5.739 E.02183
G1 X-4.642 Y-6.034 E.02183
G1 X-4.265 Y-6.305 E.02183
G1 X-3.873 Y-6.554 E.02184
G1 X-3.466 Y-6.778 E.02183
G1 X-3.047 Y-6.976 E.02183
G1 X-2.616 Y-7.149 E.02183
G1 X-2.175 Y-7.295 E.02184
G1 X-1.726 Y-7.414 E.02183
G1 X-1.271 Y-7.506 E.02183
G1 X-.811 Y-7.569 E.02183
G1 X-.354 Y-7.604 E.02158
G1 X.58 Y-7.59 E.0439
G1 X1.042 Y-7.541 E.02183
G1 X1.499 Y-7.463 E.02183
G1 X1.952 Y-7.358 E.02183
G1 X2.397 Y-7.225 E.02183
G1 X2.71 Y-7.111 E.01569
SET_VELOCITY_LIMIT ACCEL=10000
G1 X2.942 Y-7.64 F30000
SET_VELOCITY_LIMIT ACCEL=5000
;TYPE:Outer wall
G1 F5525
G1 X3.047 Y-7.602 E.00528
G1 X3.505 Y-7.402 E.02349
G1 X3.95 Y-7.174 E.02349
G1 X4.38 Y-6.92 E.02349
G1 X4.792 Y-6.641 E.0234
G1 X5.286 Y-6.252 E.02958
G1 X5.566 Y-6.008 E.01748
G1 X5.922 Y-5.657 E.02349
G1 X6.256 Y-5.286 E.02349
G1 X6.567 Y-4.894 E.02349
G1 X6.853 Y-4.485 E.02349
G1 X7.112 Y-4.06 E.0234
G1 X7.554 Y-3.163 E.04705
G1 X7.733 Y-2.697 E.02349
G1 X7.883 Y-2.22 E.02349
G1 X8.004 Y-1.735 E.02349
G1 X8.094 Y-1.246 E.0234
G1 X8.163 Y-.621 E.02958
G1 X8.186 Y-.25 E.01748
G1 X8.186 Y.248 E.0234
G1 X8.14 Y.875 E.02958
G1 X8.095 Y1.244 E.01748
G1 X8.004 Y1.735 E.02349
G1 X7.883 Y2.22 E.02349
G1 X7.734 Y2.695 E.0234
G1 X7.502 Y3.279 E.02958
G1 X7.348 Y3.618 E.01748
G1 X7.113 Y4.059 E.02349
G1 X6.853 Y4.485 E.02349
G1 X6.567 Y4.894 E.02349
G1 X6.256 Y5.286 E.02349
G1 X5.922 Y5.657 E.02349
G1 X5.566 Y6.008 E.02349
G1 X5.19 Y6.336 E.02349
G1 X4.794 Y6.64 E.02349
G1 X4.38 Y6.92 E.02349
G1 X3.95 Y7.174 E.02349
G1 X3.505 Y7.402 E.02349
G1 X3.047 Y7.602 E.02349
G1 X2.578 Y7.773 E.02349
G1 X2.101 Y7.916 E.0234
G1 X1.487 Y8.051 E.02958
G1 X1.121 Y8.113 E.01748
G1 X.624 Y8.166 E.02349
G1 X.125 Y8.189 E.02349
G1 X-.373 Y8.181 E.0234
G1 X-.999 Y8.126 E.02958
G1 X-1.367 Y8.075 E.01748
G1 X-1.857 Y7.977 E.02349
G1 X-2.34 Y7.848 E.02349
G1 X-2.814 Y7.691 E.02349
G1 X-3.278 Y7.505 E.02349
G1 X-3.729 Y7.292 E.02349
G1 X-4.167 Y7.051 E.02349
G1 X-4.589 Y6.783 E.02349
G1 X-4.994 Y6.491 E.02349
G1 X-5.38 Y6.175 E.02349
G1 X-5.747 Y5.835 E.02349
G1 X-6.092 Y5.474 E.02349
G1 X-6.414 Y5.092 E.02349
G1 X-6.713 Y4.692 E.02349
G1 X-6.986 Y4.274 E.02349
G1 X-7.234 Y3.84 E.02349
G1 X-7.454 Y3.392 E.02349
G1 X-7.647 Y2.931 E.02349
G1 X-7.812 Y2.459 E.02349
G1 X-7.947 Y1.979 E.02349
G1 X-8.053 Y1.49 E.02349
G1 X-8.129 Y.997 E.02349
G1 X-8.175 Y.499 E.02349
G1 X-8.19 Y0 E.02349
G1 X-8.175 Y-.499 E.02349
G1 X-8.129 Y-.997 E.02349
G1 X-8.053 Y-1.49 E.02349
G1 X-7.948 Y-1.977 E.0234
G1 X-7.77 Y-2.58 E.02958
G1 X-7.647 Y-2.931 E.01748
G1 X-7.454 Y-3.392 E.02349
G1 X-7.234 Y-3.84 E.02349
G1 X-6.987 Y-4.272 E.0234
G1 X-6.636 Y-4.794 E.02958
G1 X-6.414 Y-5.092 E.01748
G1 X-6.092 Y-5.474 E.02349
G1 X-5.747 Y-5.835 E.02349
G1 X-5.38 Y-6.175 E.02349
G1 X-4.994 Y-6.491 E.02349
G1 X-4.589 Y-6.783 E.02349
G1 X-4.167 Y-7.051 E.02349
G1 X-3.729 Y-7.292 E.02349
G1 X-3.278 Y-7.505 E.02349
G1 X-2.814 Y-7.691 E.02349
G1 X-2.34 Y-7.848 E.02349
G1 X-1.857 Y-7.977 E.02349
G1 X-1.367 Y-8.075 E.02349
G1 X-.873 Y-8.143 E.02349
G1 X-.376 Y-8.181 E.0234
G1 X.624 Y-8.166 E.04705
G1 X1.121 Y-8.113 E.02349
G1 X1.613 Y-8.029 E.02349
G1 X2.1 Y-7.916 E.02349
G1 X2.578 Y-7.773 E.02349
G1 X2.908 Y-7.653 E.01652
SET_VELOCITY_LIMIT ACCEL=10000
G1 E-1.2 F2100
;WIPE_START
G1 F7200
G1 X3.047 Y-7.602
G1 X3.505 Y-7.402
G1 X3.95 Y-7.174
G1 X4.38 Y-6.92
G1 X4.672 Y-6.722
;WIPE_END
G1 X3.656 Y-6.577 Z1 F30000
G1 Z.6
G1 E1.2 F2100
SET_VELOCITY_LIMIT ACCEL=7000
;TYPE:Internal solid infill
;WIDTH:0.676188
G1 F5525
G1 X5.575 Y-4.659 E.14
G1 X5.826 Y-4.342 E.02084
G1 X6.08 Y-3.979 E.02287
G1 X6.305 Y-3.61 E.02232
G1 X6.704 Y-2.801 E.04654
G1 X6.808 Y-2.529 E.01502
G1 X2.53 Y-6.808 E.31225
G1 X1.822 Y-7.033 E.03833
G1 X1.759 Y-6.97 E.00456
G1 X1.403 Y-7.039 E.01871
G1 X7.146 Y-1.296 E.4191
G1 X7.242 Y-.548 E.03891
G1 X7.249 Y-.298 E.01293
G1 X.347 Y-7.199 E.50366
G1 X-.187 Y-7.225 E.02763
G1 X-.561 Y-7.212 E.01931
G1 X7.236 Y.585 E.569
G1 X7.221 Y.779 E.01006
M73 P19 R4
G1 X7.127 Y1.372 E.03097
G1 X-1.375 Y-7.131 E.6205
G1 X-2.097 Y-6.956 E.03829
G1 X1.195 Y-3.665 E.24022
G1 X1.429 Y-3.586 E.01272
G1 X1.808 Y-3.41 E.02157
G1 X2.166 Y-3.195 E.02157
G1 X2.499 Y-2.942 E.02157
G1 X2.802 Y-2.655 E.02157
G1 X3.073 Y-2.336 E.02157
G1 X3.308 Y-1.99 E.02157
G1 X3.503 Y-1.621 E.02157
G1 X3.67 Y-1.19 E.02383
G1 X6.955 Y2.095 E.23972
G1 X6.863 Y2.385 E.01571
G1 X6.717 Y2.753 E.02041
G1 X3.579 Y-.385 E.229
SET_VELOCITY_LIMIT ACCEL=10000
G1 X.391 Y-3.573 F30000
SET_VELOCITY_LIMIT ACCEL=7000
G1 F5525
G1 X-2.955 Y-6.92 E.2442
SET_VELOCITY_LIMIT ACCEL=10000
G1 X-3.731 Y-3.677 F30000
SET_VELOCITY_LIMIT ACCEL=7000
;WIDTH:0.647968
G1 F5525
G1 X-3.349 Y-4.051 E.02638
G1 X-2.856 Y-4.392 E.02955
G1 X-3.305 Y-4.841 E.03129
G1 X-3.716 Y-4.528 E.02546
G1 X-4.166 Y-4.112 E.03024
G1 X-3.756 Y-3.702 E.0286
SET_VELOCITY_LIMIT ACCEL=10000
G1 X-1.878 Y-4.252 F30000
SET_VELOCITY_LIMIT ACCEL=7000
;WIDTH:0.619999
G1 F5525
G1 X-3.213 Y-5.587 E.08876
G1 X-3.645 Y-5.327 E.02371
G1 X-4.242 Y-4.868 E.03541
G1 X-4.794 Y-4.324 E.03642
G1 X-4.976 Y-4.085 E.01413
G1 X-3.712 Y-2.822 E.08402
G1 X-3.09 Y-3.493 E.04305
G1 X-2.267 Y-4.076 E.04742
G1 X-1.911 Y-4.238 E.01837
SET_VELOCITY_LIMIT ACCEL=10000
G1 X-.801 Y-3.991 F30000
SET_VELOCITY_LIMIT ACCEL=7000
G1 F5525
G1 X-3.115 Y-6.305 E.15388
G1 X-3.882 Y-5.862 E.04164
G1 X-4.344 Y-5.517 E.02711
G1 X-4.769 Y-5.159 E.02614
G1 X-5.228 Y-4.707 E.0303
G1 X-5.74 Y-4.033 E.03977
G1 X-3.606 Y-1.899 E.14194
G1 X-3.274 Y-2.45 E.03023
G1 X-2.671 Y-3.096 E.04158
G1 X-1.943 Y-3.598 E.04158
G1 X-1.124 Y-3.932 E.04158
G1 X-.837 Y-3.985 E.01374
SET_VELOCITY_LIMIT ACCEL=10000
G1 X-6.409 Y-3.943 F30000
SET_VELOCITY_LIMIT ACCEL=7000
;WIDTH:0.654624
G1 F5525
G1 X-3.667 Y-1.201 E.19329
G1 X-3.77 Y-.83 E.01921
G1 X-3.825 Y-.494 E.01695
G1 X-6.523 Y-3.193 E.19022
G1 X-6.612 Y-3.013 E.00997
G1 X-6.779 Y-2.583 E.023
G1 X-3.534 Y.661 E.22872
SET_VELOCITY_LIMIT ACCEL=10000
G1 E-1.2 F2100
;WIPE_START
G1 F9000
G1 X-4.949 Y-.753
;WIPE_END
G1 X.993 Y3.459 Z1 F30000
G1 Z.6
G1 E1.2 F2100
SET_VELOCITY_LIMIT ACCEL=7000
G1 F5525
G1 X3.753 Y6.218 E.19451
G1 X3.194 Y6.524 E.03177
G1 X.493 Y3.824 E.19037
G1 X.209 Y3.854 E.01424
G1 X-.357 Y3.838 E.02824
G1 X2.59 Y6.786 E.20778
G1 X1.94 Y7 E.03415
G1 X-1.514 Y3.546 E.24348
G1 X-1.808 Y3.41 E.01613
G1 X-2.166 Y3.195 E.02083
G1 X-2.499 Y2.942 E.02083
G1 X-2.802 Y2.655 E.02083
G1 X-3.073 Y2.336 E.02083
G1 X-3.308 Y1.99 E.02083
G1 X-3.545 Y1.515 E.02646
G1 X-6.997 Y-1.936 E.24332
G1 X-7.052 Y-1.748 E.00978
G1 X-7.154 Y-1.228 E.02642
G1 X1.229 Y7.155 E.5909
G1 X.458 Y7.249 E.03869
G1 X-7.222 Y-.431 E.54139
G1 X-7.234 Y-.052 E.0189
G1 X-7.191 Y.465 E.02586
G1 X-.404 Y7.252 E.4784
G1 X-.889 Y7.209 E.02425
G1 X-1.402 Y7.119 E.02595
G1 X-7.006 Y1.515 E.39505
G1 X-6.906 Y1.966 E.02304
G1 X-6.973 Y2.033 E.0047
G1 X-6.784 Y2.602 E.02987
G1 X-2.607 Y6.78 E.29449
G1 X-3.309 Y6.469 E.03827
G1 X-3.697 Y6.255 E.02209
G1 X-4.071 Y6.018 E.02209
G1 X-4.431 Y5.759 E.02209
G1 X-4.772 Y5.48 E.02196
G1 X-6.547 Y3.704 E.12519
SET_VELOCITY_LIMIT ACCEL=10000
G1 E-1.2 F2100
;WIPE_START
G1 F9000
G1 X-5.133 Y5.118
;WIPE_END
G1 X1.772 Y1.866 Z1 F30000
G1 X4.005 Y.814 Z1
G1 Z.6
G1 E1.2 F2100
SET_VELOCITY_LIMIT ACCEL=7000
;WIDTH:0.619999
G1 F5525
G1 X3.724 Y1.689 E.04318
G1 X3.274 Y2.45 E.04158
G1 X2.671 Y3.096 E.04158
G1 X1.91 Y3.617 E.04335
G1 X4.04 Y5.747 E.14165
G1 X4.457 Y5.443 E.02427
G1 X5.087 Y4.859 E.04037
G1 X5.64 Y4.204 E.04034
G1 X6.109 Y3.489 E.04019
G1 X6.298 Y3.108 E.02001
G1 X4.03 Y.84 E.15085
SET_VELOCITY_LIMIT ACCEL=10000
G1 X4.393 Y2.855 F30000
SET_VELOCITY_LIMIT ACCEL=7000
;WIDTH:0.649844
G1 F5525
M73 P20 R4
G1 X4.084 Y3.302 E.0269
G1 X3.683 Y3.732 E.02909
G1 X4.114 Y4.163 E.03016
G1 X4.534 Y3.705 E.03076
G1 X4.837 Y3.299 E.02507
G1 X4.419 Y2.88 E.02925
SET_VELOCITY_LIMIT ACCEL=10000
G1 X2.814 Y3.705 F30000
SET_VELOCITY_LIMIT ACCEL=7000
;WIDTH:0.619999
G1 F5525
G1 X4.098 Y4.989 E.08538
G1 X4.669 Y4.46 E.03658
G1 X5.177 Y3.858 E.03702
G1 X5.595 Y3.22 E.03586
G1 X4.264 Y1.89 E.08851
G1 X3.769 Y2.747 E.04657
G1 X3.09 Y3.493 E.04742
G1 X2.843 Y3.683 E.01465
;LAYER_CHANGE
;Z:0.8
;HEIGHT:0.2
;BEFORE_LAYER_CHANGE
;0.8
G1 E-1.2 F2100
;WIPE_START
G1 F9000
G1 X3.09 Y3.493
G1 X3.769 Y2.747
G1 X4.109 Y2.158
;WIPE_END
;AFTER_LAYER_CHANGE
;0.8
;_SET_FAN_SPEED_CHANGING_LAYER
SET_VELOCITY_LIMIT ACCEL=10000
G17
G3 Z1.2 I.751 J-.958 P1  F30000
G1 X3.2 Y1.446 Z1.2
G1 Z.8
G1 E1.2 F2100
SET_VELOCITY_LIMIT ACCEL=5000
;TYPE:Inner wall
;WIDTH:0.62
G1 F2037
G1 X3.189 Y1.475 E.00147
G1 X3.01 Y1.811 E.01789
G1 X2.833 Y2.073 E.01484
G1 X2.557 Y2.411 E.02055
G1 X2.275 Y2.678 E.01827
G1 X1.972 Y2.908 E.01789
G1 X1.646 Y3.104 E.01789
G1 X1.3 Y3.264 E.01789
G1 X.94 Y3.385 E.01789
G1 X.568 Y3.467 E.01789
G1 X.19 Y3.508 E.01789
G1 X-.19 Y3.508 E.01789
G1 X-.568 Y3.467 E.01789
G1 X-.94 Y3.385 E.01789
G1 X-1.3 Y3.264 E.01789
G1 X-1.646 Y3.104 E.01789
G1 X-1.972 Y2.908 E.01789
G1 X-2.275 Y2.678 E.01789
G1 X-2.551 Y2.416 E.01789
G1 X-2.797 Y2.126 E.01789
G1 X-3.01 Y1.811 E.01789
G1 X-3.189 Y1.475 E.01789
G1 X-3.329 Y1.122 E.01789
G1 X-3.431 Y.755 E.01789
G1 X-3.493 Y.38 E.01789
G1 X-3.513 Y0 E.01789
G1 X-3.493 Y-.38 E.01789
G1 X-3.431 Y-.755 E.01789
G1 X-3.329 Y-1.122 E.01789
G1 X-3.189 Y-1.475 E.01789
G1 X-3.01 Y-1.811 E.01789
G1 X-2.833 Y-2.073 E.01484
G1 X-2.557 Y-2.411 E.02055
G1 X-2.275 Y-2.678 E.01827
G1 X-1.972 Y-2.908 E.01789
G1 X-1.646 Y-3.104 E.01789
G1 X-1.3 Y-3.264 E.01789
G1 X-.94 Y-3.385 E.01789
G1 X-.568 Y-3.467 E.01789
G1 X-.19 Y-3.508 E.01789
G1 X.19 Y-3.508 E.01789
G1 X.568 Y-3.467 E.01789
G1 X.94 Y-3.385 E.01789
G1 X1.3 Y-3.264 E.01789
G1 X1.646 Y-3.104 E.01789
G1 X1.972 Y-2.908 E.01789
G1 X2.275 Y-2.678 E.01789
G1 X2.551 Y-2.416 E.01789
G1 X2.797 Y-2.126 E.01789
G1 X3.01 Y-1.811 E.01789
G1 X3.189 Y-1.475 E.01789
G1 X3.329 Y-1.122 E.01789
G1 X3.431 Y-.755 E.01789
G1 X3.493 Y-.38 E.01789
G1 X3.513 Y0 E.01789
G1 X3.493 Y.38 E.01789
G1 X3.431 Y.755 E.01789
G1 X3.329 Y1.122 E.01789
G1 X3.214 Y1.413 E.01473
SET_VELOCITY_LIMIT ACCEL=10000
G1 X2.664 Y1.233 F30000
SET_VELOCITY_LIMIT ACCEL=5000
;TYPE:Outer wall
G1 F2037
G1 X2.515 Y1.513 E.01495
G1 X2.37 Y1.727 E.01214
G1 X2.133 Y2.017 E.01761
G1 X1.9 Y2.237 E.01508
G1 X1.647 Y2.43 E.01495
G1 X1.375 Y2.594 E.01495
G1 X1.087 Y2.727 E.01495
G1 X.785 Y2.828 E.01495
G1 X.475 Y2.897 E.01495
G1 X.159 Y2.931 E.01495
G1 X-.159 Y2.931 E.01495
G1 X-.475 Y2.897 E.01495
G1 X-.785 Y2.828 E.01495
G1 X-1.087 Y2.727 E.01495
G1 X-1.375 Y2.594 E.01495
G1 X-1.647 Y2.43 E.01495
G1 X-1.9 Y2.237 E.01495
G1 X-2.131 Y2.019 E.01495
G1 X-2.337 Y1.776 E.01495
G1 X-2.515 Y1.513 E.01495
G1 X-2.664 Y1.233 E.01495
G1 X-2.782 Y.937 E.01495
G1 X-2.867 Y.631 E.01495
G1 X-2.918 Y.317 E.01495
G1 X-2.935 Y0 E.01495
G1 X-2.918 Y-.317 E.01495
G1 X-2.867 Y-.631 E.01495
G1 X-2.782 Y-.937 E.01495
G1 X-2.664 Y-1.233 E.01495
G1 X-2.515 Y-1.513 E.01495
G1 X-2.37 Y-1.727 E.01214
G1 X-2.133 Y-2.017 E.01761
G1 X-1.9 Y-2.237 E.01508
G1 X-1.647 Y-2.43 E.01495
G1 X-1.375 Y-2.594 E.01495
G1 X-1.087 Y-2.727 E.01495
G1 X-.785 Y-2.828 E.01495
G1 X-.475 Y-2.897 E.01495
G1 X-.159 Y-2.931 E.01495
G1 X.159 Y-2.931 E.01495
G1 X.475 Y-2.897 E.01495
G1 X.785 Y-2.828 E.01495
G1 X1.087 Y-2.727 E.01495
G1 X1.375 Y-2.594 E.01495
G1 X1.647 Y-2.43 E.01495
G1 X1.9 Y-2.237 E.01495
G1 X2.131 Y-2.019 E.01495
G1 X2.337 Y-1.776 E.01495
G1 X2.515 Y-1.513 E.01495
G1 X2.664 Y-1.233 E.01495
G1 X2.782 Y-.937 E.01495
G1 X2.867 Y-.631 E.01495
G1 X2.918 Y-.317 E.01495
G1 X2.935 Y0 E.01495
G1 X2.918 Y.317 E.01495
G1 X2.867 Y.631 E.01495
G1 X2.782 Y.937 E.01495
G1 X2.677 Y1.199 E.01325
SET_VELOCITY_LIMIT ACCEL=10000
G1 E-1.2 F2100
;WIPE_START
G1 F7200
G1 X2.515 Y1.513
G1 X2.37 Y1.727
G1 X2.133 Y2.017
G1 X1.9 Y2.237
G1 X1.647 Y2.43
G1 X1.375 Y2.594
G1 X1.323 Y2.618
;WIPE_END
G1 X2.435 Y-4.933 Z1.2 F30000
G1 X2.754 Y-7.095 Z1.2
G1 Z.8
G1 E1.2 F2100
SET_VELOCITY_LIMIT ACCEL=5000
;TYPE:Inner wall
G1 F2037
G1 X2.833 Y-7.066 E.00395
G1 X3.258 Y-6.88 E.02183
G1 X3.671 Y-6.669 E.02183
G1 X4.071 Y-6.432 E.02183
G1 X4.456 Y-6.172 E.02183
G1 X4.824 Y-5.889 E.02183
G1 X5.174 Y-5.584 E.02183
G1 X5.505 Y-5.258 E.02183
G1 X5.815 Y-4.913 E.02183
G1 X6.099 Y-4.555 E.0215
G1 X6.461 Y-4.02 E.03036
G1 X6.83 Y-3.363 E.03545
G1 X7.022 Y-2.94 E.02183
G1 X7.188 Y-2.506 E.02183
G1 X7.327 Y-2.064 E.02183
G1 X7.44 Y-1.613 E.02183
G1 X7.524 Y-1.156 E.02183
G1 X7.581 Y-.696 E.02183
G1 X7.609 Y-.232 E.02183
G1 X7.609 Y.232 E.02183
G1 X7.581 Y.696 E.02183
G1 X7.524 Y1.156 E.02183
G1 X7.44 Y1.613 E.02183
G1 X7.327 Y2.064 E.02183
G1 X7.19 Y2.5 E.0215
G1 X6.83 Y3.363 E.04398
G1 X6.612 Y3.773 E.02183
G1 X6.37 Y4.169 E.02183
G1 X6.104 Y4.549 E.02184
G1 X5.815 Y4.913 E.02183
G1 X5.505 Y5.258 E.02183
G1 X5.174 Y5.584 E.02183
G1 X4.824 Y5.889 E.02183
G1 X4.456 Y6.172 E.02183
G1 X4.071 Y6.432 E.02183
G1 X3.671 Y6.669 E.02183
G1 X3.258 Y6.88 E.02184
G1 X2.839 Y7.063 E.0215
G1 X2.229 Y7.275 E.03035
G1 X1.499 Y7.463 E.03545
G1 X1.042 Y7.541 E.02183
G1 X.58 Y7.59 E.02183
G1 X.116 Y7.612 E.02183
G1 X-.348 Y7.605 E.02183
G1 X-.811 Y7.569 E.02184
G1 X-1.271 Y7.506 E.02183
G1 X-1.726 Y7.414 E.02183
G1 X-2.175 Y7.295 E.02183
G1 X-2.616 Y7.149 E.02183
G1 X-3.047 Y6.976 E.02183
G1 X-3.466 Y6.778 E.02183
G1 X-3.873 Y6.554 E.02184
G1 X-4.265 Y6.305 E.02183
G1 X-4.642 Y6.034 E.02183
G1 X-5.001 Y5.739 E.02183
G1 X-5.342 Y5.424 E.02183
G1 X-5.662 Y5.088 E.02183
G1 X-5.962 Y4.733 E.02183
G1 X-6.239 Y4.361 E.02183
G1 X-6.49 Y3.978 E.02151
G1 X-6.801 Y3.413 E.03035
G1 X-7.108 Y2.724 E.03545
G1 X-7.261 Y2.286 E.02183
G1 X-7.385 Y1.846 E.0215
G1 X-7.512 Y1.213 E.03035
G1 X-7.598 Y.464 E.03545
G1 X-7.613 Y0 E.02183
G1 X-7.599 Y-.457 E.0215
G1 X-7.529 Y-1.099 E.03036
G1 X-7.387 Y-1.839 E.03545
G1 X-7.261 Y-2.286 E.02183
G1 X-7.108 Y-2.724 E.02183
G1 X-6.929 Y-3.153 E.02183
G1 X-6.724 Y-3.569 E.02183
G1 X-6.497 Y-3.966 E.0215
G1 X-6.135 Y-4.501 E.03035
G1 X-5.662 Y-5.088 E.03545
G1 X-5.342 Y-5.424 E.02183
M73 P21 R4
G1 X-5.006 Y-5.735 E.0215
G1 X-4.5 Y-6.136 E.03035
G1 X-3.873 Y-6.554 E.03545
G1 X-3.466 Y-6.778 E.02183
G1 X-3.047 Y-6.976 E.02183
G1 X-2.616 Y-7.149 E.02183
G1 X-2.175 Y-7.295 E.02184
G1 X-1.726 Y-7.414 E.02183
G1 X-1.271 Y-7.506 E.02183
G1 X-.811 Y-7.569 E.02183
G1 X-.355 Y-7.604 E.0215
G1 X.29 Y-7.604 E.03035
G1 X1.042 Y-7.541 E.03545
G1 X1.499 Y-7.463 E.02183
G1 X1.952 Y-7.358 E.02184
G1 X2.397 Y-7.225 E.02183
G1 X2.72 Y-7.107 E.01619
SET_VELOCITY_LIMIT ACCEL=10000
G1 X2.952 Y-7.637 F30000
SET_VELOCITY_LIMIT ACCEL=5000
;TYPE:Outer wall
G1 F2037
G1 X3.047 Y-7.602 E.00478
G1 X3.505 Y-7.402 E.02349
G1 X3.95 Y-7.174 E.02349
G1 X4.38 Y-6.92 E.02349
G1 X4.794 Y-6.64 E.02349
G1 X5.19 Y-6.336 E.02349
G1 X5.566 Y-6.008 E.02349
G1 X5.922 Y-5.657 E.02349
G1 X6.256 Y-5.286 E.02349
G1 X6.565 Y-4.896 E.02337
G1 X6.946 Y-4.332 E.03201
G1 X7.348 Y-3.618 E.03854
G1 X7.554 Y-3.163 E.02349
G1 X7.733 Y-2.697 E.02349
G1 X7.883 Y-2.22 E.02349
G1 X8.004 Y-1.735 E.02349
G1 X8.095 Y-1.244 E.02349
G1 X8.156 Y-.748 E.02349
G1 X8.186 Y-.25 E.02349
G1 X8.186 Y.25 E.02349
G1 X8.156 Y.748 E.02349
G1 X8.095 Y1.244 E.02349
G1 X8.004 Y1.735 E.02349
G1 X7.883 Y2.22 E.02349
G1 X7.734 Y2.694 E.02337
G1 X7.48 Y3.326 E.03201
G1 X7.113 Y4.059 E.03854
G1 X6.853 Y4.485 E.02349
G1 X6.566 Y4.894 E.02349
G1 X6.256 Y5.286 E.02349
G1 X5.922 Y5.657 E.02349
G1 X5.566 Y6.008 E.02349
G1 X5.19 Y6.336 E.02349
G1 X4.794 Y6.64 E.02349
G1 X4.38 Y6.92 E.02349
G1 X3.95 Y7.174 E.02349
G1 X3.505 Y7.402 E.02349
G1 X3.05 Y7.601 E.02337
G1 X2.407 Y7.825 E.03201
G1 X1.613 Y8.029 E.03855
G1 X1.121 Y8.113 E.02349
G1 X.624 Y8.166 E.02349
G1 X.125 Y8.189 E.02349
G1 X-.375 Y8.181 E.02349
G1 X-.873 Y8.143 E.02349
G1 X-1.367 Y8.075 E.02349
G1 X-1.857 Y7.977 E.02349
G1 X-2.34 Y7.848 E.02349
G1 X-2.814 Y7.691 E.02349
G1 X-3.278 Y7.505 E.02349
G1 X-3.729 Y7.292 E.02349
G1 X-4.167 Y7.051 E.02349
G1 X-4.589 Y6.783 E.02349
G1 X-4.994 Y6.491 E.02349
G1 X-5.38 Y6.175 E.02349
G1 X-5.747 Y5.835 E.02349
G1 X-6.092 Y5.474 E.02349
G1 X-6.414 Y5.092 E.02349
G1 X-6.713 Y4.692 E.02349
G1 X-6.985 Y4.276 E.02338
G1 X-7.313 Y3.679 E.03201
G1 X-7.647 Y2.931 E.03855
G1 X-7.812 Y2.459 E.02349
G1 X-7.947 Y1.981 E.02337
G1 X-8.08 Y1.314 E.03201
G1 X-8.175 Y.499 E.03854
G1 X-8.19 Y0 E.02349
G1 X-8.175 Y-.497 E.02337
G1 X-8.102 Y-1.174 E.03201
G1 X-7.947 Y-1.979 E.03854
G1 X-7.812 Y-2.459 E.02349
G1 X-7.647 Y-2.931 E.02349
G1 X-7.454 Y-3.392 E.02349
G1 X-7.234 Y-3.84 E.02349
G1 X-6.987 Y-4.272 E.02338
G1 X-6.606 Y-4.835 E.03201
G1 X-6.092 Y-5.474 E.03854
G1 X-5.747 Y-5.835 E.02349
G1 X-5.382 Y-6.173 E.02337
G1 X-4.849 Y-6.596 E.03201
G1 X-4.167 Y-7.051 E.03854
G1 X-3.729 Y-7.292 E.02349
G1 X-3.278 Y-7.505 E.02349
G1 X-2.814 Y-7.691 E.02349
G1 X-2.34 Y-7.848 E.02349
G1 X-1.857 Y-7.977 E.02349
G1 X-1.367 Y-8.075 E.02349
G1 X-.873 Y-8.143 E.02349
G1 X-.377 Y-8.181 E.02337
G1 X.304 Y-8.181 E.03201
G1 X1.121 Y-8.113 E.03855
G1 X1.613 Y-8.029 E.02349
G1 X2.1 Y-7.916 E.02349
G1 X2.578 Y-7.773 E.02349
G1 X2.918 Y-7.649 E.01702
SET_VELOCITY_LIMIT ACCEL=10000
G1 E-1.2 F2100
;WIPE_START
G1 F7200
G1 X3.047 Y-7.602
G1 X3.505 Y-7.402
G1 X3.95 Y-7.174
G1 X4.38 Y-6.92
G1 X4.681 Y-6.716
;WIPE_END
G1 X1.688 Y-7.064 Z1.2 F30000
G1 Z.8
G1 E1.2 F2100
;TYPE:Sparse infill
G1 F2037
G1 X.998 Y-7.197 E.03303
G1 X.276 Y-7.257 E.03409
G1 X-.342 Y-7.258 E.02905
G1 X-.604 Y-7.238 E.01236
G1 X.652 Y-4.407 E.14562
G1 X1.469 Y-3.59 E.05435
G1 X4.407 Y-2.286 E.15114
G1 X5.224 Y-1.469 E.05435
G1 X6.528 Y1.469 E.15114
G1 X7.001 Y1.942 E.03147
G1 X6.865 Y2.381 E.02159
G1 X6.516 Y3.214 E.04249
G1 X6.311 Y3.601 E.02059
G1 X6.08 Y3.979 E.02084
G1 X5.826 Y4.342 E.02084
G1 X5.416 Y4.839 E.03028
G1 X5.224 Y4.407 E.02222
G1 X4.407 Y3.59 E.05435
G1 X2.642 Y2.807 E.0908
G1 X2.811 Y2.647 E.01092
G1 X3.111 Y2.28 E.02232
G1 X3.308 Y1.99 E.01646
G1 X3.503 Y1.621 E.01965
G1 X3.658 Y1.233 E.01966
G1 X3.769 Y.832 E.01954
G1 E-1.2 F2100
;WIPE_START
G1 F6000
G1 X3.658 Y1.233
G1 X3.503 Y1.621
G1 X3.308 Y1.99
G1 X3.111 Y2.28
G1 X2.859 Y2.588
;WIPE_END
G1 X-3.769 Y-.832 Z1.2 F30000
G1 Z.8
G1 E1.2 F2100
G1 F2037
G1 X-3.658 Y-1.233 E.01954
G1 X-3.503 Y-1.621 E.01965
G1 X-3.308 Y-1.99 E.01965
G1 X-3.111 Y-2.28 E.01646
G1 X-2.811 Y-2.647 E.02232
G1 X-2.642 Y-2.807 E.01092
G1 X-4.407 Y-3.59 E.0908
G1 X-5.224 Y-4.407 E.05435
G1 X-5.417 Y-4.841 E.02232
M73 P22 R4
G1 X-5.857 Y-4.295 E.03297
G1 X-6.203 Y-3.783 E.02905
G1 X-6.418 Y-3.407 E.02038
G1 X-6.614 Y-3.009 E.02084
G1 X-6.785 Y-2.6 E.02084
G1 X-6.999 Y-1.94 E.03264
G1 X-6.528 Y-1.469 E.03133
G1 X-5.224 Y1.469 E.15114
G1 X-4.407 Y2.286 E.05435
G1 X-1.469 Y3.59 E.15114
G1 X-.652 Y4.407 E.05435
G1 X.605 Y7.239 E.14571
G1 X.111 Y7.265 E.02326
G1 X-.332 Y7.258 E.02084
G1 X-.774 Y7.225 E.02084
G1 X-1.213 Y7.164 E.02084
G1 X-1.687 Y7.066 E.02276
;LAYER_CHANGE
;Z:0.926667
;HEIGHT:0.126667
;BEFORE_LAYER_CHANGE
;0.926667
G1 E-1.2 F2100
;WIPE_START
G1 F6000
G1 X-1.213 Y7.164
G1 X-.774 Y7.225
G1 X-.332 Y7.258
G1 X.111 Y7.265
G1 X.297 Y7.256
;WIPE_END
;AFTER_LAYER_CHANGE
;0.926667
;_SET_FAN_SPEED_CHANGING_LAYER
G17
G3 Z1.327 I-.643 J1.033 P1  F30000
G1 X2.732 Y8.77 Z1.327
G1 Z.927
G1 E1.2 F2100
;TYPE:Support
;HEIGHT:0.363333
G1 F3282
G1 X2.745 Y8.766 E.00112
G1 X2.883 Y8.725 E.0115
G1 X2.903 Y8.718 E.00169
G1 X3.409 Y8.533 E.04328
G1 X3.429 Y8.525 E.00169
G1 X3.662 Y8.423 E.02043
G1 X3.923 Y8.309 E.02286
G1 X3.942 Y8.3 E.00168
G1 X4.422 Y8.054 E.04328
G1 X4.441 Y8.044 E.00169
G1 X4.905 Y7.77 E.04327
G1 X4.923 Y7.759 E.0017
G1 X5.37 Y7.456 E.04328
G1 X5.376 Y7.452 E.00058
G1 X5.387 Y7.444 E.00111
G1 X5.614 Y7.269 E.02301
G1 X5.814 Y7.115 E.02028
G1 X5.83 Y7.102 E.00168
G1 X6.154 Y6.82 E.03445
G1 X6.154 Y9.231 E.1935
G1 X-6.154 Y9.231 E.98761
G1 X-6.154 Y6.819 E.19356
G1 X-6.044 Y6.921 E.01201
G1 X-6.029 Y6.934 E.00169
G1 X-5.611 Y7.276 E.04329
G1 X-5.603 Y7.282 E.0008
G1 X-5.595 Y7.289 E.00088
G1 X-5.518 Y7.344 E.00759
G1 X-5.157 Y7.605 E.03569
G1 X-5.14 Y7.617 E.00168
G1 X-4.901 Y7.767 E.02264
G1 X-4.684 Y7.905 E.02067
G1 X-4.666 Y7.916 E.00167
G1 X-4.513 Y8 E.01399
G1 X-4.193 Y8.176 E.02928
G1 X-4.175 Y8.185 E.00169
G1 X-3.918 Y8.307 E.0228
G1 X-3.687 Y8.416 E.02048
G1 X-3.668 Y8.425 E.00169
G1 X-3.167 Y8.625 E.04329
G1 X-3.155 Y8.63 E.00107
G1 X-3.147 Y8.633 E.00062
G1 X-2.735 Y8.77 E.03489
G1 E-1.2 F2100
;WIPE_START
G1 F6000
G1 X-3.147 Y8.633
G1 X-3.155 Y8.63
G1 X-3.167 Y8.625
G1 X-3.668 Y8.425
G1 X-3.687 Y8.416
G1 X-3.918 Y8.307
G1 X-4.175 Y8.185
G1 X-4.193 Y8.176
G1 X-4.513 Y8
G1 X-4.564 Y7.972
;WIPE_END
G1 X-6.823 Y6.154 Z1.327 F30000
G1 Z.927
G1 E1.2 F2100
G1 F3282
G1 X-9.231 Y6.154 E.19324
G1 X-9.231 Y3.077 E.2469
G1 X-8.654 Y3.077 E.04632
G1 X-8.761 Y2.769 E.02615
G1 X-8.768 Y2.749 E.00169
G1 X-8.914 Y2.23 E.04329
G1 X-8.919 Y2.21 E.00169
G1 X-9.033 Y1.683 E.04328
G1 X-9.037 Y1.662 E.00169
G1 X-9.074 Y1.421 E.01956
G1 X-9.119 Y1.129 E.02372
G1 X-9.122 Y1.108 E.00169
G1 X-9.171 Y.571 E.04327
G1 X-9.172 Y.55 E.00169
G1 X-9.189 Y.011 E.04328
G1 X-9.189 Y0 E.00084
G1 X-9.231 Y0 E.00343
G1 X-9.231 Y-3.077 E.2469
G1 X-8.654 Y-3.077 E.04632
G1 X-8.584 Y-3.279 E.01713
G1 X-8.576 Y-3.298 E.00169
G1 X-8.503 Y-3.474 E.0153
G1 X-8.368 Y-3.796 E.02798
G1 X-8.359 Y-3.815 E.00169
G1 X-8.121 Y-4.299 E.04328
G1 X-8.111 Y-4.318 E.00169
G1 X-7.844 Y-4.786 E.04327
G1 X-7.833 Y-4.804 E.0017
G1 X-7.537 Y-5.255 E.04328
G1 X-7.525 Y-5.273 E.00168
G1 X-7.442 Y-5.385 E.01124
G1 X-7.203 Y-5.705 E.03204
G1 X-7.19 Y-5.722 E.00168
G1 X-7.01 Y-5.935 E.0224
G1 X-6.842 Y-6.134 E.02088
G1 X-6.828 Y-6.149 E.00169
G1 X-6.823 Y-6.154 E.00055
G1 X-9.231 Y-6.154 E.19324
G1 E-1.2 F2100
;WIPE_START
G1 F6000
G1 X-7.231 Y-6.154
;WIPE_END
G1 X-2.735 Y-8.77 Z1.327 F30000
G1 Z.927
G1 E1.2 F2100
G1 F3282
G1 X-3.147 Y-8.633 E.0349
G1 X-3.167 Y-8.625 E.00169
G1 X-3.668 Y-8.425 E.04328
G1 X-3.687 Y-8.416 E.00169
G1 X-4.175 Y-8.185 E.04329
G1 X-4.193 Y-8.176 E.00169
G1 X-4.305 Y-8.114 E.01023
G1 X-4.666 Y-7.916 E.03305
G1 X-4.684 Y-7.905 E.00167
G1 X-5.14 Y-7.617 E.0433
G1 X-5.157 Y-7.605 E.00169
G1 X-5.595 Y-7.289 E.04328
G1 X-5.611 Y-7.276 E.00169
G1 X-6.029 Y-6.934 E.04328
G1 X-6.044 Y-6.921 E.00169
G1 X-6.154 Y-6.819 E.01201
G1 X-6.154 Y-9.231 E.19356
G1 X6.154 Y-9.231 E.98761
G1 X6.154 Y-6.82 E.1935
G1 X6.026 Y-6.932 E.01366
G1 X5.936 Y-7.01 E.00955
G1 X5.91 Y-7.033 E.00281
G1 X5.83 Y-7.102 E.00843
G1 X5.814 Y-7.115 E.00168
G1 X5.387 Y-7.444 E.04328
G1 X5.37 Y-7.456 E.00169
G1 X4.923 Y-7.758 E.04328
G1 X4.905 Y-7.77 E.0017
G1 X4.441 Y-8.044 E.04327
G1 X4.422 Y-8.054 E.00169
G1 X4.181 Y-8.178 E.02177
G1 X3.942 Y-8.3 E.02151
G1 X3.923 Y-8.309 E.00169
G1 X3.429 Y-8.525 E.04329
G1 X3.42 Y-8.528 E.00073
G1 X3.409 Y-8.533 E.00095
G1 X2.903 Y-8.718 E.04328
G1 X2.883 Y-8.725 E.00169
G1 X2.732 Y-8.77 E.01262
G1 E-1.2 F2100
;WIPE_START
G1 F6000
G1 X2.883 Y-8.725
G1 X2.903 Y-8.718
G1 X3.409 Y-8.533
G1 X3.42 Y-8.528
G1 X3.429 Y-8.525
G1 X3.923 Y-8.309
G1 X3.942 Y-8.3
G1 X4.181 Y-8.178
G1 X4.422 Y-8.054
G1 X4.441 Y-8.044
G1 X4.562 Y-7.973
;WIPE_END
G1 X6.818 Y-6.154 Z1.327 F30000
G1 Z.927
G1 E1.2 F2100
G1 F3282
M73 P22 R3
G1 X9.231 Y-6.154 E.19365
G1 X9.231 Y-3.077 E.2469
G1 X8.657 Y-3.077 E.0461
G1 X8.673 Y-3.035 E.00359
G1 X8.68 Y-3.015 E.00169
G1 X8.842 Y-2.501 E.04329
G1 X8.847 Y-2.481 E.00169
G1 X8.978 Y-1.957 E.04328
G1 X8.982 Y-1.937 E.00168
G1 X9.08 Y-1.406 E.04329
G1 X9.083 Y-1.385 E.00169
G1 X9.149 Y-.85 E.04329
G1 X9.151 Y-.829 E.00168
G1 X9.16 Y-.689 E.01124
G1 X9.169 Y-.536 E.01234
G1 X9.184 Y-.291 E.0197
G1 X9.185 Y-.27 E.00169
G1 X9.185 Y0 E.02164
G1 X9.231 Y0 E.00374
G1 X9.231 Y3.077 E.2469
G1 X8.657 Y3.077 E.0461
M73 P23 R3
G1 X8.48 Y3.539 E.03969
G1 X8.472 Y3.558 E.00169
G1 X8.371 Y3.78 E.01956
G1 X8.248 Y4.049 E.02372
G1 X8.239 Y4.068 E.00169
G1 X7.986 Y4.545 E.04328
G1 X7.976 Y4.563 E.00167
G1 X7.694 Y5.023 E.04331
G1 X7.683 Y5.041 E.00168
G1 X7.374 Y5.483 E.04328
G1 X7.365 Y5.494 E.00112
G1 X7.361 Y5.5 E.00057
G1 X7.026 Y5.922 E.04328
G1 X7.012 Y5.938 E.00169
G1 X6.818 Y6.154 E.0233
G1 X9.231 Y6.154 E.19365
;LAYER_CHANGE
;Z:1
;HEIGHT:0.0733333
;BEFORE_LAYER_CHANGE
;1
G1 E-1.2 F2100
;WIPE_START
G1 F6000
G1 X7.231 Y6.154
;WIPE_END
;AFTER_LAYER_CHANGE
;1
;_SET_FAN_SPEED_CHANGING_LAYER
G17
G3 Z1.4 I.924 J-.792 P1  F30000
G1 X3.2 Y1.446 Z1.4
G1 Z1
G1 E1.2 F2100
SET_VELOCITY_LIMIT ACCEL=5000
;TYPE:Inner wall
;HEIGHT:0.2
G1 F3282
G1 X3.189 Y1.475 E.00147
G1 X3.01 Y1.811 E.01789
G1 X2.797 Y2.126 E.01789
G1 X2.551 Y2.416 E.01789
G1 X2.275 Y2.678 E.01789
G1 X1.972 Y2.908 E.01789
G1 X1.646 Y3.104 E.01789
G1 X1.3 Y3.264 E.01789
G1 X.94 Y3.385 E.01789
G1 X.568 Y3.467 E.01789
G1 X.19 Y3.508 E.01789
G1 X-.19 Y3.508 E.01789
G1 X-.568 Y3.467 E.01789
G1 X-.94 Y3.385 E.01789
G1 X-1.3 Y3.264 E.01789
G1 X-1.646 Y3.104 E.01789
G1 X-1.972 Y2.908 E.01789
G1 X-2.275 Y2.678 E.01789
G1 X-2.551 Y2.416 E.01789
G1 X-2.797 Y2.126 E.01789
G1 X-3.01 Y1.811 E.01789
G1 X-3.189 Y1.475 E.01789
G1 X-3.329 Y1.122 E.01789
G1 X-3.431 Y.755 E.01789
G1 X-3.493 Y.38 E.01789
G1 X-3.513 Y0 E.01789
G1 X-3.493 Y-.38 E.01789
G1 X-3.431 Y-.755 E.01789
G1 X-3.329 Y-1.122 E.01789
G1 X-3.219 Y-1.398 E.01399
G1 X-3.016 Y-1.803 E.02131
G1 X-2.797 Y-2.126 E.01835
G1 X-2.551 Y-2.416 E.01789
G1 X-2.275 Y-2.678 E.01789
G1 X-1.972 Y-2.908 E.01789
G1 X-1.646 Y-3.104 E.01789
G1 X-1.3 Y-3.264 E.01789
G1 X-.94 Y-3.385 E.01789
G1 X-.649 Y-3.449 E.01399
G1 X-.2 Y-3.508 E.02131
G1 X.19 Y-3.508 E.01835
G1 X.568 Y-3.467 E.01789
G1 X.94 Y-3.385 E.01789
G1 X1.3 Y-3.264 E.01789
G1 X1.646 Y-3.104 E.01789
G1 X1.972 Y-2.908 E.01789
G1 X2.275 Y-2.678 E.01789
G1 X2.551 Y-2.416 E.01789
G1 X2.797 Y-2.126 E.01789
G1 X3.01 Y-1.811 E.01789
G1 X3.189 Y-1.475 E.01789
G1 X3.329 Y-1.122 E.01789
G1 X3.431 Y-.755 E.01789
G1 X3.493 Y-.38 E.01789
G1 X3.513 Y0 E.01789
G1 X3.493 Y.38 E.01789
G1 X3.445 Y.673 E.01399
G1 X3.333 Y1.113 E.02131
G1 X3.214 Y1.413 E.01519
SET_VELOCITY_LIMIT ACCEL=10000
G1 X2.664 Y1.233 F30000
SET_VELOCITY_LIMIT ACCEL=5000
;TYPE:Outer wall
G1 F3282
G1 X2.515 Y1.513 E.01495
G1 X2.337 Y1.776 E.01495
G1 X2.131 Y2.019 E.01495
G1 X1.9 Y2.237 E.01495
G1 X1.647 Y2.43 E.01495
G1 X1.375 Y2.594 E.01495
G1 X1.087 Y2.727 E.01495
G1 X.785 Y2.828 E.01495
G1 X.475 Y2.897 E.01495
G1 X.159 Y2.931 E.01495
G1 X-.159 Y2.931 E.01495
G1 X-.475 Y2.897 E.01495
G1 X-.785 Y2.828 E.01495
G1 X-1.087 Y2.727 E.01495
G1 X-1.375 Y2.594 E.01495
G1 X-1.647 Y2.43 E.01495
G1 X-1.9 Y2.237 E.01495
G1 X-2.131 Y2.019 E.01495
G1 X-2.337 Y1.776 E.01495
G1 X-2.515 Y1.513 E.01495
G1 X-2.664 Y1.233 E.01495
G1 X-2.782 Y.937 E.01495
G1 X-2.867 Y.631 E.01495
G1 X-2.918 Y.317 E.01495
G1 X-2.935 Y0 E.01495
G1 X-2.918 Y-.317 E.01495
G1 X-2.867 Y-.631 E.01495
G1 X-2.782 Y-.937 E.01495
G1 X-2.692 Y-1.161 E.01135
G1 X-2.517 Y-1.511 E.01837
G1 X-2.337 Y-1.776 E.01511
G1 X-2.131 Y-2.019 E.01495
G1 X-1.9 Y-2.237 E.01495
G1 X-1.647 Y-2.43 E.01495
G1 X-1.375 Y-2.594 E.01495
G1 X-1.087 Y-2.727 E.01495
G1 X-.785 Y-2.828 E.01495
G1 X-.55 Y-2.88 E.01135
G1 X-.162 Y-2.931 E.01837
G1 X.159 Y-2.931 E.01511
G1 X.475 Y-2.897 E.01495
G1 X.785 Y-2.828 E.01495
G1 X1.087 Y-2.727 E.01495
G1 X1.375 Y-2.594 E.01495
G1 X1.647 Y-2.43 E.01495
G1 X1.9 Y-2.237 E.01495
G1 X2.131 Y-2.019 E.01495
G1 X2.337 Y-1.776 E.01495
G1 X2.515 Y-1.513 E.01495
G1 X2.664 Y-1.233 E.01495
G1 X2.782 Y-.937 E.01495
G1 X2.867 Y-.631 E.01495
G1 X2.918 Y-.317 E.01495
G1 X2.935 Y0 E.01495
G1 X2.918 Y.317 E.01495
G1 X2.879 Y.556 E.01135
G1 X2.783 Y.934 E.01837
G1 X2.677 Y1.199 E.01342
SET_VELOCITY_LIMIT ACCEL=10000
G1 E-1.2 F2100
;WIPE_START
G1 F7200
G1 X2.515 Y1.513
G1 X2.337 Y1.776
G1 X2.131 Y2.019
G1 X1.9 Y2.237
G1 X1.647 Y2.43
G1 X1.375 Y2.594
G1 X1.323 Y2.617
;WIPE_END
G1 X2.444 Y-4.932 Z1.4 F30000
G1 X2.764 Y-7.091 Z1.4
G1 Z1
G1 E1.2 F2100
SET_VELOCITY_LIMIT ACCEL=5000
;TYPE:Inner wall
G1 F3282
G1 X2.833 Y-7.066 E.00343
G1 X3.258 Y-6.88 E.02183
G1 X3.671 Y-6.669 E.02183
G1 X4.071 Y-6.432 E.02183
G1 X4.456 Y-6.172 E.02183
G1 X4.824 Y-5.889 E.02183
G1 X5.174 Y-5.584 E.02183
G1 X5.505 Y-5.258 E.02183
G1 X5.815 Y-4.913 E.02183
G1 X6.098 Y-4.556 E.02144
G1 X6.477 Y-3.991 E.03197
G1 X6.834 Y-3.354 E.03435
G1 X7.022 Y-2.94 E.02138
G1 X7.188 Y-2.506 E.02183
G1 X7.327 Y-2.064 E.02183
G1 X7.44 Y-1.613 E.02183
G1 X7.523 Y-1.165 E.02144
G1 X7.593 Y-.488 E.03197
G1 X7.608 Y.233 E.03395
G1 X7.555 Y.901 E.03152
G1 X7.437 Y1.622 E.03435
G1 X7.327 Y2.064 E.02138
G1 X7.191 Y2.498 E.02144
G1 X6.935 Y3.128 E.03197
G1 X6.607 Y3.781 E.03435
G1 X6.37 Y4.169 E.02138
G1 X6.104 Y4.549 E.02183
G1 X5.815 Y4.913 E.02183
G1 X5.505 Y5.258 E.02183
G1 X5.174 Y5.584 E.02184
G1 X4.824 Y5.889 E.02183
G1 X4.456 Y6.172 E.02183
G1 X4.071 Y6.432 E.02183
G1 X3.671 Y6.669 E.02183
G1 X3.258 Y6.88 E.02183
G1 X2.84 Y7.063 E.02144
G1 X2.198 Y7.284 E.03197
G1 X1.49 Y7.465 E.03435
G1 X1.042 Y7.541 E.02138
G1 X.58 Y7.59 E.02183
G1 X.116 Y7.612 E.02183
G1 X-.348 Y7.605 E.02183
G1 X-.811 Y7.569 E.02184
G1 X-1.271 Y7.506 E.02183
G1 X-1.726 Y7.414 E.02183
G1 X-2.175 Y7.295 E.02183
G1 X-2.616 Y7.149 E.02183
G1 X-3.047 Y6.976 E.02183
G1 X-3.466 Y6.778 E.02183
G1 X-3.873 Y6.554 E.02184
G1 X-4.265 Y6.305 E.02183
G1 X-4.642 Y6.034 E.02183
G1 X-5.001 Y5.739 E.02183
G1 X-5.342 Y5.424 E.02183
G1 X-5.662 Y5.088 E.02183
G1 X-5.962 Y4.733 E.02183
G1 X-6.24 Y4.361 E.02183
G1 X-6.494 Y3.973 E.02183
G1 X-6.724 Y3.569 E.02183
G1 X-6.929 Y3.153 E.02183
G1 X-7.108 Y2.724 E.02183
G1 X-7.261 Y2.286 E.02183
G1 X-7.385 Y1.847 E.02144
G1 X-7.516 Y1.18 E.03197
G1 X-7.599 Y.454 E.03435
G1 X-7.613 Y0 E.02138
G1 X-7.599 Y-.456 E.02144
G1 X-7.524 Y-1.131 E.03197
G1 X-7.386 Y-1.84 E.03395
G1 X-7.192 Y-2.482 E.03152
G1 X-6.925 Y-3.161 E.03435
G1 X-6.724 Y-3.569 E.02138
G1 X-6.498 Y-3.965 E.02144
G1 X-6.115 Y-4.527 E.03197
G1 X-5.656 Y-5.095 E.03435
G1 X-5.342 Y-5.424 E.02138
G1 X-5.001 Y-5.739 E.02183
G1 X-4.642 Y-6.034 E.02183
G1 X-4.265 Y-6.305 E.02183
G1 X-3.873 Y-6.554 E.02183
G1 X-3.466 Y-6.778 E.02184
G1 X-3.047 Y-6.976 E.02183
G1 X-2.616 Y-7.149 E.02183
G1 X-2.175 Y-7.295 E.02184
G1 X-1.726 Y-7.414 E.02183
G1 X-1.271 Y-7.506 E.02183
G1 X-.811 Y-7.569 E.02183
G1 X-.357 Y-7.604 E.02144
G1 X.323 Y-7.601 E.03197
G1 X1.051 Y-7.539 E.03435
G1 X1.499 Y-7.463 E.02138
G1 X1.952 Y-7.358 E.02183
G1 X2.397 Y-7.225 E.02183
G1 X2.73 Y-7.103 E.01671
SET_VELOCITY_LIMIT ACCEL=10000
G1 X2.962 Y-7.633 F30000
SET_VELOCITY_LIMIT ACCEL=5000
;TYPE:Outer wall
G1 F3282
G1 X3.047 Y-7.602 E.00426
G1 X3.505 Y-7.402 E.02349
G1 X3.95 Y-7.174 E.02349
G1 X4.38 Y-6.92 E.02349
G1 X4.794 Y-6.64 E.02349
G1 X5.19 Y-6.336 E.02349
G1 X5.566 Y-6.008 E.02349
G1 X5.922 Y-5.657 E.02349
G1 X6.256 Y-5.286 E.02349
G1 X6.565 Y-4.897 E.02335
G1 X6.969 Y-4.293 E.03416
G1 X7.349 Y-3.615 E.03658
G1 X7.554 Y-3.163 E.02333
G1 X7.733 Y-2.697 E.02349
G1 X7.883 Y-2.22 E.02349
G1 X8.004 Y-1.735 E.02349
G1 X8.094 Y-1.247 E.02335
G1 X8.169 Y-.524 E.03416
G1 X8.186 Y.25 E.03644
G1 X8.128 Y.971 E.034
G1 X8.003 Y1.739 E.03658
G1 X7.883 Y2.22 E.02333
G1 X7.734 Y2.694 E.02335
G1 X7.461 Y3.367 E.03416
G1 X7.112 Y4.062 E.03657
G1 X6.853 Y4.485 E.02333
G1 X6.567 Y4.894 E.02349
G1 X6.256 Y5.286 E.02349
G1 X5.922 Y5.657 E.02349
G1 X5.566 Y6.008 E.02349
G1 X5.19 Y6.336 E.02349
G1 X4.794 Y6.64 E.02349
G1 X4.38 Y6.92 E.02349
G1 X3.95 Y7.174 E.02349
G1 X3.505 Y7.402 E.02349
G1 X3.05 Y7.601 E.02335
G1 X2.363 Y7.837 E.03416
G1 X1.61 Y8.03 E.03657
G1 X1.121 Y8.113 E.02333
G1 X.624 Y8.166 E.02349
G1 X.125 Y8.189 E.02349
G1 X-.375 Y8.181 E.02349
G1 X-.873 Y8.143 E.02349
G1 X-1.367 Y8.075 E.02349
G1 X-1.857 Y7.977 E.02349
G1 X-2.34 Y7.848 E.02349
G1 X-2.814 Y7.691 E.02349
G1 X-3.278 Y7.505 E.02349
G1 X-3.729 Y7.292 E.02349
G1 X-4.167 Y7.051 E.02349
G1 X-4.589 Y6.783 E.02349
G1 X-4.994 Y6.491 E.02349
G1 X-5.38 Y6.175 E.02349
G1 X-5.747 Y5.835 E.02349
G1 X-6.092 Y5.474 E.02349
G1 X-6.414 Y5.092 E.02349
G1 X-6.713 Y4.692 E.02349
G1 X-6.986 Y4.274 E.02349
G1 X-7.234 Y3.84 E.02349
G1 X-7.454 Y3.392 E.02349
G1 X-7.647 Y2.931 E.02349
G1 X-7.812 Y2.459 E.02349
G1 X-7.946 Y1.981 E.02335
G1 X-8.087 Y1.269 E.03416
G1 X-8.175 Y.496 E.03658
G1 X-8.19 Y0 E.02333
G1 X-8.175 Y-.496 E.02335
G1 X-8.095 Y-1.218 E.03416
G1 X-7.947 Y-1.979 E.03644
G1 X-7.738 Y-2.671 E.034
G1 X-7.453 Y-3.395 E.03657
G1 X-7.234 Y-3.84 E.02333
G1 X-6.988 Y-4.271 E.02335
G1 X-6.578 Y-4.871 E.03416
G1 X-6.09 Y-5.476 E.03657
G1 X-5.747 Y-5.835 E.02333
M73 P24 R3
G1 X-5.38 Y-6.175 E.02349
G1 X-4.994 Y-6.491 E.02349
G1 X-4.589 Y-6.783 E.02349
G1 X-4.167 Y-7.051 E.02349
G1 X-3.729 Y-7.292 E.02349
G1 X-3.278 Y-7.505 E.02349
G1 X-2.814 Y-7.691 E.02349
G1 X-2.34 Y-7.848 E.02349
G1 X-1.857 Y-7.977 E.02349
G1 X-1.367 Y-8.075 E.02349
G1 X-.873 Y-8.143 E.02349
G1 X-.377 Y-8.181 E.02335
G1 X.349 Y-8.178 E.03416
G1 X1.124 Y-8.112 E.03658
G1 X1.613 Y-8.029 E.02333
G1 X2.1 Y-7.916 E.02349
G1 X2.578 Y-7.773 E.02349
G1 X2.929 Y-7.645 E.01754
SET_VELOCITY_LIMIT ACCEL=10000
G1 E-1.2 F2100
;WIPE_START
G1 F7200
G1 X3.047 Y-7.602
G1 X3.505 Y-7.402
G1 X3.95 Y-7.174
G1 X4.38 Y-6.92
G1 X4.69 Y-6.71
;WIPE_END
G1 X1.388 Y-7.131 Z1.4 F30000
G1 Z1
G1 E1.2 F2100
;TYPE:Sparse infill
G1 F3282
G1 X1.007 Y-7.196 E.01814
G1 X.308 Y-7.255 E.03301
G1 X-.344 Y-7.258 E.03065
G1 X-.91 Y-7.206 E.02673
G1 X1.005 Y-4.407 E.15949
G1 X1.469 Y-3.943 E.03084
G1 X4.407 Y-1.933 E.16741
G1 X4.871 Y-1.469 E.03084
G1 X6.881 Y1.469 E.16741
G1 X7.071 Y1.659 E.01264
G1 X6.864 Y2.381 E.03532
G1 X6.62 Y2.985 E.03065
G1 X6.304 Y3.612 E.03301
G1 X6.08 Y3.979 E.02021
G1 X5.826 Y4.342 E.02084
G1 X5.55 Y4.689 E.02084
G1 X5.274 Y4.997 E.01942
G1 X4.871 Y4.407 E.0336
G1 X4.407 Y3.943 E.03084
G1 X2.686 Y2.765 E.09809
G1 X2.802 Y2.655 E.00757
G1 X3.073 Y2.336 E.01965
G1 X3.308 Y1.99 E.01965
G1 X3.503 Y1.621 E.01965
G1 X3.663 Y1.22 E.0203
G1 X3.777 Y.772 E.02172
G1 E-1.2 F2100
;WIPE_START
G1 F6000
G1 X3.663 Y1.22
G1 X3.503 Y1.621
G1 X3.308 Y1.99
G1 X3.073 Y2.336
G1 X2.898 Y2.542
;WIPE_END
G1 X-3.779 Y-.773 Z1.4 F30000
G1 Z1
G1 E1.2 F2100
G1 F3282
G1 X-3.658 Y-1.233 E.02236
G1 X-3.535 Y-1.54 E.01557
G1 X-3.315 Y-1.979 E.02308
G1 X-3.073 Y-2.336 E.0203
G1 X-2.802 Y-2.655 E.01965
G1 X-2.686 Y-2.765 E.00757
G1 X-4.407 Y-3.943 E.09809
G1 X-4.871 Y-4.407 E.03084
G1 X-5.273 Y-4.995 E.03348
G1 X-5.837 Y-4.32 E.04134
G1 X-6.204 Y-3.782 E.03066
G1 X-6.418 Y-3.407 E.02029
G1 X-6.608 Y-3.021 E.02021
G1 X-6.865 Y-2.368 E.03301
G1 X-7.069 Y-1.657 E.0348
G1 X-6.881 Y-1.469 E.01248
G1 X-4.871 Y1.469 E.16741
G1 X-4.407 Y1.933 E.03084
G1 X-1.469 Y3.943 E.16741
G1 X-1.005 Y4.407 E.03084
G1 X.911 Y7.207 E.15953
G1 X.554 Y7.245 E.01689
G1 X.111 Y7.265 E.02084
G1 X-.332 Y7.258 E.02084
G1 X-.774 Y7.225 E.02084
G1 X-1.386 Y7.129 E.02913
;LAYER_CHANGE
;Z:1.2
;HEIGHT:0.2
;BEFORE_LAYER_CHANGE
;1.2
G1 E-1.2 F2100
;WIPE_START
G1 F6000
G1 X-.774 Y7.225
G1 X-.332 Y7.258
G1 X.111 Y7.265
G1 X.554 Y7.245
G1 X.604 Y7.24
;WIPE_END
;AFTER_LAYER_CHANGE
;1.2
;_SET_FAN_SPEED_CHANGING_LAYER
G17
G3 Z1.6 I1.111 J.498 P1  F30000
G1 X3.2 Y1.446 Z1.6
G1 Z1.2
G1 E1.2 F2100
SET_VELOCITY_LIMIT ACCEL=5000
;TYPE:Inner wall
G1 F2407
G1 X3.189 Y1.475 E.00147
G1 X3.01 Y1.811 E.01789
G1 X2.797 Y2.126 E.01789
G1 X2.551 Y2.416 E.01789
G1 X2.275 Y2.678 E.01789
G1 X1.972 Y2.908 E.01789
G1 X1.646 Y3.104 E.01789
G1 X1.3 Y3.264 E.01789
G1 X.94 Y3.385 E.01789
G1 X.568 Y3.467 E.01789
G1 X.19 Y3.508 E.01789
G1 X-.19 Y3.508 E.01789
G1 X-.568 Y3.467 E.01789
G1 X-.94 Y3.385 E.01789
G1 X-1.3 Y3.264 E.01789
G1 X-1.646 Y3.104 E.01789
G1 X-1.885 Y2.96 E.01315
G1 X-2.266 Y2.686 E.02207
G1 X-2.551 Y2.416 E.01843
G1 X-2.797 Y2.126 E.01789
G1 X-3.01 Y1.811 E.01789
G1 X-3.189 Y1.475 E.01789
G1 X-3.329 Y1.122 E.01789
G1 X-3.431 Y.755 E.01789
G1 X-3.493 Y.38 E.01789
G1 X-3.508 Y.101 E.01315
G1 X-3.495 Y-.368 E.02207
G1 X-3.431 Y-.755 E.01843
G1 X-3.329 Y-1.122 E.01789
G1 X-3.189 Y-1.475 E.01789
G1 X-3.01 Y-1.811 E.01789
G1 X-2.797 Y-2.126 E.01789
G1 X-2.551 Y-2.416 E.01789
G1 X-2.275 Y-2.678 E.01789
G1 X-1.972 Y-2.908 E.01789
G1 X-1.646 Y-3.104 E.01789
G1 X-1.3 Y-3.264 E.01789
G1 X-.94 Y-3.385 E.01789
G1 X-.568 Y-3.467 E.01789
G1 X-.19 Y-3.508 E.01789
G1 X.19 Y-3.508 E.01789
G1 X.568 Y-3.467 E.01789
G1 X.94 Y-3.385 E.01789
G1 X1.3 Y-3.264 E.01789
G1 X1.646 Y-3.104 E.01789
G1 X1.972 Y-2.908 E.01789
G1 X2.275 Y-2.678 E.01789
G1 X2.551 Y-2.416 E.01789
G1 X2.797 Y-2.126 E.01789
G1 X3.01 Y-1.811 E.01789
G1 X3.189 Y-1.475 E.01789
G1 X3.329 Y-1.122 E.01789
G1 X3.431 Y-.755 E.01789
G1 X3.493 Y-.38 E.01789
G1 X3.508 Y-.101 E.01315
G1 X3.495 Y.368 E.02207
G1 X3.431 Y.755 E.01843
G1 X3.329 Y1.122 E.01789
G1 X3.214 Y1.413 E.01473
SET_VELOCITY_LIMIT ACCEL=10000
G1 X2.664 Y1.233 F30000
SET_VELOCITY_LIMIT ACCEL=5000
;TYPE:Outer wall
G1 F2407
G1 X2.515 Y1.513 E.01495
G1 X2.337 Y1.776 E.01495
G1 X2.131 Y2.019 E.01495
G1 X1.9 Y2.237 E.01495
G1 X1.647 Y2.43 E.01495
G1 X1.375 Y2.594 E.01495
G1 X1.087 Y2.727 E.01495
G1 X.785 Y2.828 E.01495
G1 X.475 Y2.897 E.01495
G1 X.159 Y2.931 E.01495
G1 X-.159 Y2.931 E.01495
G1 X-.475 Y2.897 E.01495
G1 X-.785 Y2.828 E.01495
G1 X-1.087 Y2.727 E.01495
G1 X-1.375 Y2.594 E.01495
G1 X-1.897 Y2.24 E.02966
G1 X-2.131 Y2.019 E.01514
G1 X-2.337 Y1.776 E.01495
G1 X-2.515 Y1.513 E.01495
G1 X-2.664 Y1.233 E.01495
G1 X-2.782 Y.937 E.01495
G1 X-2.867 Y.631 E.01495
G1 X-2.918 Y.317 E.01495
G1 X-2.93 Y.093 E.01056
G1 X-2.919 Y-.313 E.01913
G1 X-2.867 Y-.631 E.01514
G1 X-2.782 Y-.937 E.01495
G1 X-2.664 Y-1.233 E.01495
G1 X-2.515 Y-1.513 E.01495
G1 X-2.337 Y-1.776 E.01495
G1 X-2.131 Y-2.019 E.01495
G1 X-1.9 Y-2.237 E.01495
G1 X-1.647 Y-2.43 E.01495
G1 X-1.375 Y-2.594 E.01495
G1 X-1.087 Y-2.727 E.01495
G1 X-.785 Y-2.828 E.01495
G1 X-.475 Y-2.897 E.01495
G1 X-.159 Y-2.931 E.01495
G1 X.159 Y-2.931 E.01495
G1 X.475 Y-2.897 E.01495
G1 X.785 Y-2.828 E.01495
G1 X1.087 Y-2.727 E.01495
G1 X1.375 Y-2.594 E.01495
G1 X1.647 Y-2.43 E.01495
G1 X1.9 Y-2.237 E.01495
G1 X2.131 Y-2.019 E.01495
G1 X2.337 Y-1.776 E.01495
G1 X2.515 Y-1.513 E.01495
G1 X2.664 Y-1.233 E.01495
G1 X2.782 Y-.937 E.01495
G1 X2.867 Y-.631 E.01495
G1 X2.918 Y-.317 E.01495
G1 X2.93 Y-.093 E.01056
G1 X2.919 Y.313 E.01913
G1 X2.867 Y.631 E.01514
G1 X2.782 Y.937 E.01495
G1 X2.677 Y1.199 E.01325
SET_VELOCITY_LIMIT ACCEL=10000
G1 E-1.2 F2100
;WIPE_START
G1 F7200
G1 X2.515 Y1.513
G1 X2.337 Y1.776
G1 X2.131 Y2.019
G1 X1.9 Y2.237
G1 X1.647 Y2.43
G1 X1.375 Y2.594
G1 X1.323 Y2.617
;WIPE_END
G1 X2.453 Y-4.931 Z1.6 F30000
G1 X2.775 Y-7.087 Z1.6
G1 Z1.2
G1 E1.2 F2100
SET_VELOCITY_LIMIT ACCEL=5000
;TYPE:Inner wall
G1 F2407
M73 P25 R3
G1 X2.833 Y-7.066 E.00287
G1 X3.249 Y-6.884 E.02138
G1 X3.892 Y-6.537 E.03435
G1 X4.454 Y-6.172 E.03152
G1 X5.017 Y-5.72 E.03395
G1 X5.51 Y-5.252 E.03197
G1 X5.815 Y-4.913 E.02144
G1 X6.104 Y-4.549 E.02183
G1 X6.37 Y-4.169 E.02183
G1 X6.612 Y-3.773 E.02184
G1 X6.83 Y-3.363 E.02183
G1 X7.022 Y-2.94 E.02183
G1 X7.188 Y-2.506 E.02183
G1 X7.327 Y-2.064 E.02183
G1 X7.44 Y-1.613 E.02183
G1 X7.524 Y-1.156 E.02183
G1 X7.581 Y-.696 E.02183
G1 X7.609 Y-.232 E.02183
G1 X7.609 Y.232 E.02183
G1 X7.581 Y.696 E.02183
G1 X7.524 Y1.156 E.02183
G1 X7.44 Y1.613 E.02183
G1 X7.327 Y2.064 E.02183
G1 X7.191 Y2.497 E.02138
G1 X6.915 Y3.173 E.03435
G1 X6.608 Y3.78 E.03197
G1 X6.37 Y4.169 E.02144
G1 X6.104 Y4.549 E.02183
G1 X5.815 Y4.913 E.02183
G1 X5.505 Y5.258 E.02183
G1 X5.174 Y5.584 E.02184
G1 X4.824 Y5.889 E.02183
G1 X4.456 Y6.172 E.02183
G1 X4.071 Y6.432 E.02183
G1 X3.671 Y6.669 E.02183
G1 X3.258 Y6.88 E.02183
G1 X2.833 Y7.066 E.02183
G1 X2.397 Y7.225 E.02183
G1 X1.952 Y7.358 E.02183
G1 X1.499 Y7.463 E.02183
G1 X1.042 Y7.541 E.02183
G1 X.58 Y7.59 E.02183
G1 X.116 Y7.612 E.02183
G1 X-.348 Y7.605 E.02183
G1 X-.811 Y7.569 E.02184
G1 X-1.271 Y7.506 E.02183
G1 X-1.726 Y7.414 E.02183
G1 X-2.175 Y7.295 E.02183
G1 X-2.616 Y7.149 E.02183
G1 X-3.047 Y6.976 E.02183
G1 X-3.466 Y6.778 E.02183
G1 X-3.873 Y6.554 E.02184
G1 X-4.265 Y6.305 E.02183
G1 X-4.642 Y6.034 E.02183
G1 X-5.001 Y5.739 E.02183
G1 X-5.342 Y5.424 E.02183
G1 X-5.662 Y5.088 E.02183
G1 X-5.962 Y4.733 E.02183
G1 X-6.239 Y4.361 E.02183
G1 X-6.494 Y3.973 E.02183
G1 X-6.724 Y3.569 E.02183
G1 X-6.925 Y3.161 E.02138
G1 X-7.192 Y2.482 E.03435
G1 X-7.389 Y1.831 E.03197
G1 X-7.485 Y1.385 E.02144
G1 X-7.556 Y.926 E.02183
G1 X-7.598 Y.464 E.02183
G1 X-7.613 Y0 E.02183
G1 X-7.598 Y-.464 E.02183
G1 X-7.556 Y-.926 E.02183
G1 X-7.485 Y-1.385 E.02183
G1 X-7.387 Y-1.839 E.02183
G1 X-7.261 Y-2.286 E.02183
G1 X-7.108 Y-2.724 E.02183
G1 X-6.929 Y-3.153 E.02183
G1 X-6.724 Y-3.569 E.02183
G1 X-6.499 Y-3.964 E.02138
G1 X-6.085 Y-4.567 E.03435
G1 X-5.657 Y-5.094 E.03197
G1 X-5.342 Y-5.424 E.02144
G1 X-5.001 Y-5.739 E.02183
G1 X-4.642 Y-6.034 E.02183
G1 X-4.265 Y-6.305 E.02184
G1 X-3.873 Y-6.554 E.02183
G1 X-3.466 Y-6.778 E.02183
G1 X-3.047 Y-6.976 E.02183
G1 X-2.616 Y-7.149 E.02183
G1 X-2.175 Y-7.295 E.02184
G1 X-1.726 Y-7.414 E.02183
G1 X-1.271 Y-7.506 E.02183
G1 X-.811 Y-7.569 E.02183
G1 X-.358 Y-7.604 E.02138
G1 X.373 Y-7.599 E.03435
G1 X1.05 Y-7.54 E.03197
G1 X1.499 Y-7.463 E.02144
G1 X1.952 Y-7.358 E.02184
G1 X2.397 Y-7.225 E.02183
G1 X2.741 Y-7.099 E.01727
SET_VELOCITY_LIMIT ACCEL=10000
G1 X2.973 Y-7.629 F30000
SET_VELOCITY_LIMIT ACCEL=5000
;TYPE:Outer wall
G1 F2407
G1 X3.047 Y-7.602 E.0037
G1 X3.502 Y-7.403 E.02333
G1 X4.187 Y-7.034 E.03658
G1 X4.793 Y-6.64 E.034
G1 X5.397 Y-6.155 E.03644
G1 X5.924 Y-5.655 E.03416
G1 X6.256 Y-5.286 E.02335
G1 X6.567 Y-4.894 E.02349
G1 X6.853 Y-4.485 E.02349
G1 X7.113 Y-4.059 E.02349
G1 X7.348 Y-3.618 E.02349
G1 X7.554 Y-3.163 E.02349
G1 X7.733 Y-2.697 E.02349
G1 X7.883 Y-2.22 E.02349
G1 X8.004 Y-1.735 E.02349
G1 X8.095 Y-1.244 E.02349
G1 X8.156 Y-.748 E.02349
G1 X8.186 Y-.25 E.02349
G1 X8.186 Y.25 E.02349
G1 X8.156 Y.748 E.02349
G1 X8.095 Y1.244 E.02349
G1 X8.004 Y1.735 E.02349
G1 X7.883 Y2.22 E.02349
G1 X7.734 Y2.693 E.02333
G1 X7.44 Y3.413 E.03657
G1 X7.112 Y4.061 E.03416
G1 X6.853 Y4.485 E.02335
G1 X6.567 Y4.894 E.02349
G1 X6.256 Y5.286 E.02349
G1 X5.922 Y5.657 E.02349
G1 X5.566 Y6.008 E.02349
G1 X5.19 Y6.336 E.02349
G1 X4.794 Y6.64 E.02349
G1 X4.38 Y6.92 E.02349
G1 X3.95 Y7.174 E.02349
G1 X3.505 Y7.402 E.02349
G1 X3.047 Y7.602 E.02349
G1 X2.578 Y7.773 E.02349
G1 X2.1 Y7.916 E.02349
G1 X1.613 Y8.029 E.02349
G1 X1.121 Y8.113 E.02349
G1 X.624 Y8.166 E.02349
G1 X.125 Y8.189 E.02349
G1 X-.375 Y8.181 E.02349
G1 X-.873 Y8.143 E.02349
G1 X-1.367 Y8.075 E.02349
G1 X-1.857 Y7.977 E.02349
G1 X-2.34 Y7.848 E.02349
G1 X-2.814 Y7.691 E.02349
G1 X-3.278 Y7.505 E.02349
G1 X-3.729 Y7.292 E.02349
G1 X-4.167 Y7.051 E.02349
G1 X-4.589 Y6.783 E.02349
G1 X-4.994 Y6.491 E.02349
G1 X-5.38 Y6.175 E.02349
G1 X-5.747 Y5.835 E.02349
G1 X-6.092 Y5.474 E.02349
G1 X-6.414 Y5.092 E.02349
G1 X-6.713 Y4.692 E.02349
G1 X-6.986 Y4.274 E.02349
G1 X-7.234 Y3.84 E.02349
G1 X-7.453 Y3.395 E.02333
G1 X-7.738 Y2.671 E.03657
G1 X-7.948 Y1.976 E.03416
G1 X-8.053 Y1.49 E.02335
G1 X-8.129 Y.997 E.02349
G1 X-8.175 Y.499 E.02349
G1 X-8.19 Y0 E.02349
G1 X-8.175 Y-.499 E.02349
G1 X-8.129 Y-.997 E.02349
G1 X-8.053 Y-1.49 E.02349
G1 X-7.947 Y-1.979 E.02349
G1 X-7.812 Y-2.459 E.02349
G1 X-7.647 Y-2.931 E.02349
G1 X-7.454 Y-3.392 E.02349
G1 X-7.234 Y-3.84 E.02349
G1 X-6.988 Y-4.271 E.02333
G1 X-6.548 Y-4.912 E.03658
G1 X-6.09 Y-5.476 E.03416
G1 X-5.747 Y-5.835 E.02335
G1 X-5.38 Y-6.175 E.02349
G1 X-4.994 Y-6.491 E.02349
G1 X-4.589 Y-6.783 E.02349
G1 X-4.167 Y-7.051 E.02349
G1 X-3.729 Y-7.292 E.02349
G1 X-3.278 Y-7.505 E.02349
G1 X-2.814 Y-7.691 E.02349
G1 X-2.34 Y-7.848 E.02349
G1 X-1.857 Y-7.977 E.02349
G1 X-1.367 Y-8.075 E.02349
G1 X-.873 Y-8.143 E.02349
G1 X-.378 Y-8.181 E.02333
G1 X.4 Y-8.176 E.03658
G1 X1.123 Y-8.112 E.03416
G1 X1.613 Y-8.029 E.02335
G1 X2.1 Y-7.916 E.02349
G1 X2.578 Y-7.773 E.02349
G1 X2.94 Y-7.641 E.0181
SET_VELOCITY_LIMIT ACCEL=10000
G1 E-1.2 F2100
;WIPE_START
G1 F7200
G1 X3.047 Y-7.602
G1 X3.502 Y-7.403
G1 X4.187 Y-7.034
G1 X4.699 Y-6.701
;WIPE_END
G1 X6.315 Y-1.663 Z1.6 F30000
G1 Z1.2
G1 E1.2 F2100
;TYPE:Sparse infill
G1 F2407
G1 X6.43 Y-1.156 E.02448
G1 X6.522 Y-.387 E.0364
G1 X6.533 Y0 E.01821
G1 X6.501 Y.625 E.02942
G1 X-.626 Y-6.502 E.47396
G1 X-1.346 Y-6.393 E.03422
G1 X-1.722 Y-6.302 E.01821
G1 X-2.092 Y-6.189 E.01821
G1 X-2.81 Y-5.898 E.0364
G1 X-3.154 Y-5.722 E.01821
G1 X-3.809 Y-5.308 E.0364
M73 P26 R3
G1 X-4.117 Y-5.073 E.01821
G1 X-4.618 Y-4.618 E.03185
G1 X-2.727 Y-2.727 E.12581
G1 X-3.073 Y-2.336 E.02455
G1 X-3.308 Y-1.99 E.01965
G1 X-3.503 Y-1.621 E.01965
G1 X-3.658 Y-1.233 E.01966
G1 X-3.788 Y-.717 E.02499
G1 X-6.315 Y1.663 F30000
G1 F2407
G1 X-6.43 Y1.156 E.02448
G1 X-6.522 Y.387 E.0364
G1 X-6.533 Y0 E.01821
G1 X-6.501 Y-.625 E.02942
G1 X.626 Y6.502 E.47396
G1 X1.346 Y6.393 E.03422
G1 X1.722 Y6.302 E.01821
G1 X2.267 Y6.124 E.02696
G1 X2.81 Y5.898 E.02764
G1 X3.154 Y5.722 E.01821
G1 X3.809 Y5.308 E.0364
G1 X4.117 Y5.073 E.01821
G1 X4.618 Y4.618 E.03185
G1 X2.727 Y2.727 E.12581
G1 X3.073 Y2.336 E.02455
G1 X3.308 Y1.99 E.01965
G1 X3.503 Y1.621 E.01965
G1 X3.658 Y1.233 E.01966
G1 X3.788 Y.717 E.02499
G1 X7.067 Y.018 F30000
SET_VELOCITY_LIMIT ACCEL=7000
;TYPE:Internal solid infill
;WIDTH:0.553146
G1 F2407
G1 X7.019 Y-.818 E.03481
G1 X6.873 Y-1.642 E.03481
G1 X6.631 Y-2.443 E.03481
G1 X6.295 Y-3.21 E.03481
G1 X5.871 Y-3.932 E.03481
G1 X5.364 Y-4.599 E.03481
G1 X4.784 Y-5.203 E.03481
G1 X4.138 Y-5.735 E.03482
G1 X3.619 Y-6.069 E.02565
G1 X2.674 Y-6.545 E.04399
G1 X1.881 Y-6.816 E.03483
G1 X1.062 Y-6.99 E.03483
G1 X.436 Y-7.054 E.02617
G1 X-.605 Y-7.041 E.04328
G1 X-1.438 Y-6.921 E.03499
G1 X-2.246 Y-6.701 E.03482
G1 X-3.023 Y-6.388 E.03482
G1 X-3.757 Y-5.986 E.03481
G1 X-4.439 Y-5.499 E.03482
G1 X-5.058 Y-4.935 E.03481
G1 X-5.608 Y-4.304 E.03481
G1 X-6.072 Y-3.607 E.03483
G1 X-6.459 Y-2.865 E.03479
G1 X-6.753 Y-2.081 E.03481
G1 X-6.951 Y-1.268 E.03481
G1 X-7.052 Y-.437 E.03481
G1 X-7.055 Y.4 E.03481
G1 X-6.958 Y1.232 E.03481
G1 X-6.823 Y1.846 E.02615
G1 X-6.631 Y2.446 E.02618
G1 X-6.428 Y2.937 E.0221
G1 X-6.029 Y3.688 E.03534
G1 X-5.535 Y4.394 E.03583
G1 X-4.959 Y5.036 E.03583
G1 X-4.31 Y5.602 E.03583
G1 X-3.596 Y6.085 E.03583
G1 X-2.829 Y6.478 E.03583
G1 X-2.02 Y6.774 E.03584
G1 X-1.18 Y6.97 E.03584
G1 X-.323 Y7.063 E.03584
G1 X.539 Y7.05 E.03584
G1 X1.233 Y6.959 E.02912
G1 X1.847 Y6.82 E.02617
G1 X2.444 Y6.63 E.02605
G1 X3.027 Y6.392 E.02617
G1 X3.759 Y5.99 E.03474
G1 X4.441 Y5.502 E.03484
G1 X5.06 Y4.938 E.03483
G1 X5.475 Y4.465 E.02617
G1 X5.852 Y3.961 E.02617
G1 X6.133 Y3.511 E.02207
G1 X6.421 Y2.948 E.02627
G1 X6.62 Y2.479 E.0212
G1 X6.866 Y1.678 E.03482
G1 X7.016 Y.854 E.03482
G1 X7.065 Y.054 E.03332
;LAYER_CHANGE
;Z:1.29
;HEIGHT:0.0899999
;BEFORE_LAYER_CHANGE
;1.29
G1 E-1.2 F2100
;WIPE_START
G1 F9000
G1 X7.016 Y.854
G1 X6.866 Y1.678
G1 X6.76 Y2.023
;WIPE_END
;AFTER_LAYER_CHANGE
;1.29
;_SET_FAN_SPEED_CHANGING_LAYER
SET_VELOCITY_LIMIT ACCEL=10000
G17
G3 Z1.69 I-1.044 J.625 P1  F30000
G1 X9.231 Y6.154 Z1.69
G1 Z1.29
G1 E1.2 F2100
;TYPE:Support
;WIDTH:0.62
;HEIGHT:0.363333
G1 F4151
G1 X6.818 Y6.154 E.19365
G1 X7.012 Y5.938 E.0233
G1 X7.026 Y5.922 E.00169
G1 X7.361 Y5.5 E.04328
G1 X7.374 Y5.483 E.00169
G1 X7.683 Y5.041 E.04328
G1 X7.694 Y5.023 E.00168
G1 X7.976 Y4.563 E.04331
G1 X7.986 Y4.545 E.00167
G1 X8.239 Y4.068 E.04328
G1 X8.248 Y4.049 E.00169
G1 X8.349 Y3.827 E.01956
G1 X8.472 Y3.558 E.02372
G1 X8.48 Y3.539 E.00169
G1 X8.657 Y3.077 E.03969
G1 X9.231 Y3.077 E.0461
G1 X9.231 Y0 E.2469
G1 X9.185 Y0 E.00374
G1 X9.185 Y-.27 E.02164
G1 X9.184 Y-.291 E.00169
G1 X9.166 Y-.586 E.02372
G1 X9.151 Y-.829 E.01956
G1 X9.149 Y-.85 E.00168
G1 X9.083 Y-1.385 E.04329
G1 X9.08 Y-1.406 E.00169
G1 X8.982 Y-1.937 E.0433
G1 X8.978 Y-1.957 E.00168
G1 X8.847 Y-2.481 E.04328
G1 X8.842 Y-2.501 E.00169
G1 X8.68 Y-3.015 E.04329
G1 X8.673 Y-3.035 E.00169
G1 X8.657 Y-3.077 E.00359
G1 X9.231 Y-3.077 E.0461
G1 X9.231 Y-6.154 E.2469
G1 X6.818 Y-6.154 E.19365
G1 E-1.2 F2100
;WIPE_START
G1 F6000
G1 X8.818 Y-6.154
;WIPE_END
G1 X2.732 Y-8.77 Z1.69 F30000
G1 Z1.29
G1 E1.2 F2100
G1 F4151
G1 X2.883 Y-8.725 E.01262
G1 X2.903 Y-8.718 E.00169
G1 X3.409 Y-8.533 E.04328
G1 X3.429 Y-8.525 E.00169
G1 X3.923 Y-8.309 E.04328
G1 X3.942 Y-8.3 E.00168
G1 X4.422 Y-8.054 E.04328
G1 X4.441 Y-8.044 E.00169
G1 X4.74 Y-7.867 E.02788
G1 X4.827 Y-7.816 E.00808
G1 X4.905 Y-7.77 E.00731
G1 X4.923 Y-7.758 E.0017
G1 X5.37 Y-7.456 E.04328
G1 X5.387 Y-7.444 E.00169
G1 X5.814 Y-7.115 E.04328
G1 X5.83 Y-7.102 E.00168
G1 X6.154 Y-6.82 E.03445
G1 X6.154 Y-9.231 E.1935
G1 X-6.154 Y-9.231 E.98761
G1 X-6.154 Y-6.819 E.19356
G1 X-6.044 Y-6.921 E.01201
G1 X-6.029 Y-6.934 E.00169
G1 X-5.611 Y-7.276 E.04328
G1 X-5.595 Y-7.289 E.00169
G1 X-5.157 Y-7.605 E.04328
G1 X-5.14 Y-7.617 E.00168
G1 X-4.751 Y-7.863 E.03696
G1 X-4.684 Y-7.905 E.00635
G1 X-4.666 Y-7.916 E.00167
G1 X-4.193 Y-8.176 E.04329
G1 X-4.182 Y-8.182 E.00102
M73 P27 R3
G1 X-4.175 Y-8.185 E.00067
G1 X-3.872 Y-8.329 E.02685
G1 X-3.687 Y-8.416 E.01643
G1 X-3.677 Y-8.421 E.00084
G1 X-3.668 Y-8.425 E.00084
G1 X-3.414 Y-8.526 E.02194
G1 X-3.167 Y-8.625 E.02134
G1 X-3.147 Y-8.633 E.00169
G1 X-2.735 Y-8.77 E.03489
G1 E-1.2 F2100
;WIPE_START
G1 F6000
G1 X-3.147 Y-8.633
G1 X-3.167 Y-8.625
G1 X-3.414 Y-8.526
G1 X-3.668 Y-8.425
G1 X-3.677 Y-8.421
G1 X-3.677 Y-8.421
G1 X-3.687 Y-8.416
G1 X-3.872 Y-8.329
G1 X-4.175 Y-8.185
G1 X-4.182 Y-8.182
G1 X-4.193 Y-8.176
G1 X-4.564 Y-7.972
;WIPE_END
G1 X-9.231 Y-6.154 Z1.69 F30000
G1 Z1.29
G1 E1.2 F2100
G1 F4151
G1 X-6.823 Y-6.154 E.19324
G1 X-6.828 Y-6.149 E.00055
G1 X-6.842 Y-6.134 E.00169
G1 X-7.19 Y-5.722 E.04328
G1 X-7.197 Y-5.713 E.0009
G1 X-7.203 Y-5.705 E.00078
G1 X-7.318 Y-5.551 E.0154
G1 X-7.387 Y-5.458 E.00936
G1 X-7.525 Y-5.273 E.01853
G1 X-7.537 Y-5.255 E.00168
G1 X-7.833 Y-4.804 E.04328
G1 X-7.844 Y-4.786 E.00169
G1 X-7.979 Y-4.548 E.02195
G1 X-8.111 Y-4.318 E.02133
G1 X-8.121 Y-4.299 E.00168
G1 X-8.359 Y-3.815 E.04328
G1 X-8.368 Y-3.796 E.00169
G1 X-8.503 Y-3.474 E.02798
G1 X-8.576 Y-3.298 E.0153
G1 X-8.584 Y-3.279 E.00169
G1 X-8.643 Y-3.108 E.01449
G1 X-8.654 Y-3.077 E.00264
G1 X-9.231 Y-3.077 E.04632
G1 X-9.231 Y0 E.2469
G1 X-9.189 Y0 E.00343
G1 X-9.189 Y.011 E.00084
G1 X-9.172 Y.55 E.04328
G1 X-9.171 Y.571 E.00169
G1 X-9.122 Y1.108 E.04327
G1 X-9.119 Y1.129 E.00169
G1 X-9.09 Y1.318 E.01541
G1 X-9.082 Y1.369 E.00407
G1 X-9.037 Y1.662 E.02382
G1 X-9.033 Y1.683 E.00169
G1 X-8.919 Y2.21 E.04328
G1 X-8.914 Y2.23 E.00169
G1 X-8.768 Y2.749 E.04329
G1 X-8.761 Y2.769 E.00168
G1 X-8.681 Y3 E.01956
G1 X-8.67 Y3.031 E.00268
G1 X-8.654 Y3.077 E.00391
G1 X-9.231 Y3.077 E.04632
G1 X-9.231 Y6.154 E.2469
G1 X-6.823 Y6.154 E.19324
G1 E-1.2 F2100
;WIPE_START
G1 F6000
G1 X-8.823 Y6.154
;WIPE_END
G1 X-2.735 Y8.77 Z1.69 F30000
G1 Z1.29
G1 E1.2 F2100
G1 F4151
G1 X-3.147 Y8.633 E.03489
G1 X-3.167 Y8.625 E.00169
G1 X-3.668 Y8.425 E.04328
G1 X-3.687 Y8.416 E.00169
G1 X-4.175 Y8.185 E.04328
G1 X-4.193 Y8.176 E.00169
G1 X-4.666 Y7.916 E.04328
G1 X-4.684 Y7.905 E.00167
G1 X-5.024 Y7.69 E.03228
G1 X-5.14 Y7.617 E.01102
G1 X-5.157 Y7.605 E.00168
G1 X-5.383 Y7.442 E.02236
G1 X-5.595 Y7.289 E.02092
G1 X-5.611 Y7.276 E.00169
G1 X-5.86 Y7.072 E.02581
G1 X-6.029 Y6.934 E.01748
G1 X-6.044 Y6.921 E.00169
G1 X-6.154 Y6.819 E.01201
G1 X-6.154 Y9.231 E.19356
G1 X6.154 Y9.231 E.98761
G1 X6.154 Y6.82 E.1935
G1 X5.83 Y7.102 E.03445
G1 X5.814 Y7.115 E.00168
G1 X5.387 Y7.444 E.04328
G1 X5.37 Y7.456 E.00169
G1 X4.923 Y7.759 E.04329
G1 X4.905 Y7.77 E.0017
G1 X4.441 Y8.044 E.04327
G1 X4.422 Y8.054 E.00169
G1 X3.942 Y8.3 E.04328
G1 X3.923 Y8.309 E.00168
G1 X3.429 Y8.525 E.04328
G1 X3.409 Y8.533 E.00169
G1 X2.903 Y8.718 E.04329
G1 X2.883 Y8.725 E.00169
G1 X2.732 Y8.77 E.01262
;LAYER_CHANGE
;Z:1.4
;HEIGHT:0.11
;BEFORE_LAYER_CHANGE
;1.4
G1 E-1.2 F2100
;WIPE_START
G1 F6000
G1 X2.883 Y8.725
G1 X2.903 Y8.718
G1 X3.409 Y8.533
G1 X3.429 Y8.525
G1 X3.923 Y8.309
G1 X3.942 Y8.3
G1 X4.422 Y8.054
G1 X4.441 Y8.044
G1 X4.562 Y7.973
;WIPE_END
;AFTER_LAYER_CHANGE
;1.4
;_SET_FAN_SPEED_CHANGING_LAYER
G17
G3 Z1.8 I1.191 J-.248 P1  F30000
G1 X3.2 Y1.446 Z1.8
G1 Z1.4
G1 E1.2 F2100
SET_VELOCITY_LIMIT ACCEL=5000
;TYPE:Inner wall
;HEIGHT:0.2
G1 F4151
G1 X3.189 Y1.475 E.00147
G1 X3.01 Y1.811 E.01789
G1 X2.797 Y2.126 E.01789
G1 X2.551 Y2.416 E.01789
G1 X2.275 Y2.678 E.01789
G1 X1.972 Y2.908 E.01789
G1 X1.646 Y3.104 E.01789
G1 X1.3 Y3.264 E.01789
G1 X.94 Y3.385 E.01789
G1 X.568 Y3.467 E.01789
G1 X.19 Y3.508 E.01789
G1 X-.19 Y3.508 E.01789
G1 X-.568 Y3.467 E.01789
G1 X-.94 Y3.385 E.01789
G1 X-1.3 Y3.264 E.01789
G1 X-1.646 Y3.104 E.01789
G1 X-1.972 Y2.908 E.01789
G1 X-2.275 Y2.678 E.01789
G1 X-2.551 Y2.416 E.01789
G1 X-2.797 Y2.126 E.01789
G1 X-3.01 Y1.811 E.01789
G1 X-3.189 Y1.475 E.01789
G1 X-3.329 Y1.122 E.01789
G1 X-3.436 Y.737 E.01877
G1 X-3.508 Y.148 E.02791
G1 X-3.495 Y-.367 E.02423
G1 X-3.431 Y-.755 E.0185
G1 X-3.329 Y-1.122 E.01789
G1 X-3.189 Y-1.475 E.01789
G1 X-3.01 Y-1.811 E.01789
G1 X-2.797 Y-2.126 E.01789
G1 X-2.551 Y-2.416 E.01789
G1 X-2.275 Y-2.678 E.01789
G1 X-1.972 Y-2.908 E.01789
G1 X-1.646 Y-3.104 E.01789
G1 X-1.284 Y-3.272 E.01877
G1 X-.714 Y-3.438 E.02792
G1 X-.203 Y-3.508 E.02423
G1 X.19 Y-3.508 E.0185
G1 X.568 Y-3.467 E.01789
G1 X.94 Y-3.385 E.01789
G1 X1.3 Y-3.264 E.01789
G1 X1.646 Y-3.104 E.01789
G1 X1.972 Y-2.908 E.01789
G1 X2.275 Y-2.678 E.01789
G1 X2.551 Y-2.416 E.01789
G1 X2.797 Y-2.126 E.01789
G1 X3.01 Y-1.811 E.01789
G1 X3.189 Y-1.475 E.01789
G1 X3.329 Y-1.122 E.01789
G1 X3.436 Y-.737 E.01876
G1 X3.508 Y-.148 E.02791
G1 X3.495 Y.367 E.02423
G1 X3.431 Y.755 E.0185
G1 X3.329 Y1.122 E.01789
G1 X3.214 Y1.413 E.01472
SET_VELOCITY_LIMIT ACCEL=10000
G1 X2.664 Y1.233 F30000
SET_VELOCITY_LIMIT ACCEL=5000
;TYPE:Outer wall
G1 F4151
G1 X2.515 Y1.513 E.01495
G1 X2.337 Y1.776 E.01495
G1 X2.131 Y2.019 E.01495
G1 X1.9 Y2.237 E.01495
G1 X1.647 Y2.43 E.01495
G1 X1.375 Y2.594 E.01495
G1 X1.087 Y2.727 E.01495
G1 X.785 Y2.828 E.01495
G1 X.475 Y2.897 E.01495
G1 X.159 Y2.931 E.01495
G1 X-.159 Y2.931 E.01495
G1 X-.475 Y2.897 E.01495
G1 X-.785 Y2.828 E.01495
G1 X-1.087 Y2.727 E.01495
G1 X-1.375 Y2.594 E.01495
G1 X-1.647 Y2.43 E.01495
G1 X-1.9 Y2.237 E.01495
G1 X-2.131 Y2.019 E.01495
G1 X-2.337 Y1.776 E.01495
G1 X-2.515 Y1.513 E.01495
G1 X-2.664 Y1.233 E.01495
G1 X-2.782 Y.937 E.01495
G1 X-2.869 Y.625 E.01525
G1 X-2.93 Y.12 E.0239
G1 X-2.919 Y-.313 E.02038
G1 X-2.867 Y-.631 E.01516
G1 X-2.782 Y-.937 E.01495
G1 X-2.664 Y-1.233 E.01495
G1 X-2.515 Y-1.513 E.01495
G1 X-2.337 Y-1.776 E.01495
G1 X-2.131 Y-2.019 E.01495
G1 X-1.9 Y-2.237 E.01495
G1 X-1.647 Y-2.43 E.01495
G1 X-1.375 Y-2.594 E.01495
G1 X-1.081 Y-2.73 E.01525
G1 X-.593 Y-2.872 E.0239
G1 X-.163 Y-2.931 E.02038
G1 X.159 Y-2.931 E.01516
G1 X.475 Y-2.897 E.01495
G1 X.785 Y-2.828 E.01495
G1 X1.087 Y-2.727 E.01495
G1 X1.375 Y-2.594 E.01495
G1 X1.647 Y-2.43 E.01495
G1 X1.9 Y-2.237 E.01495
G1 X2.131 Y-2.019 E.01495
G1 X2.337 Y-1.776 E.01495
G1 X2.515 Y-1.513 E.01495
G1 X2.664 Y-1.233 E.01495
G1 X2.782 Y-.937 E.01495
G1 X2.869 Y-.625 E.01525
G1 X2.93 Y-.12 E.0239
G1 X2.919 Y.313 E.02038
G1 X2.867 Y.631 E.01516
G1 X2.782 Y.937 E.01495
G1 X2.677 Y1.199 E.01325
SET_VELOCITY_LIMIT ACCEL=10000
G1 E-1.2 F2100
;WIPE_START
G1 F7200
G1 X2.515 Y1.513
G1 X2.337 Y1.776
G1 X2.131 Y2.019
G1 X1.9 Y2.237
G1 X1.647 Y2.43
G1 X1.375 Y2.594
G1 X1.323 Y2.617
;WIPE_END
G1 X2.462 Y-4.93 Z1.8 F30000
G1 X2.787 Y-7.083 Z1.8
G1 Z1.4
G1 E1.2 F2100
SET_VELOCITY_LIMIT ACCEL=5000
;TYPE:Inner wall
G1 F4151
G1 X2.833 Y-7.066 E.0023
G1 X3.258 Y-6.88 E.02183
G1 X3.921 Y-6.521 E.03545
G1 X4.461 Y-6.168 E.03036
G1 X5.042 Y-5.699 E.03512
G1 X5.509 Y-5.253 E.03035
G1 X5.815 Y-4.913 E.0215
G1 X6.104 Y-4.549 E.02183
G1 X6.521 Y-3.921 E.03545
G1 X6.833 Y-3.356 E.03036
G1 X7.022 Y-2.94 E.0215
G1 X7.188 Y-2.506 E.02183
G1 X7.327 Y-2.064 E.02183
G1 X7.44 Y-1.613 E.02183
G1 X7.524 Y-1.156 E.02183
G1 X7.598 Y-.406 E.03545
G1 X7.609 Y.239 E.03036
G1 X7.545 Y.983 E.03512
G1 X7.438 Y1.62 E.03035
G1 X7.327 Y2.064 E.0215
G1 X7.188 Y2.506 E.02183
G1 X6.902 Y3.204 E.03545
G1 X6.608 Y3.779 E.03035
G1 X6.37 Y4.169 E.02151
G1 X6.104 Y4.549 E.02183
G1 X5.815 Y4.913 E.02183
G1 X5.505 Y5.258 E.02183
G1 X5.174 Y5.584 E.02184
G1 X4.824 Y5.889 E.02183
G1 X4.456 Y6.172 E.02183
G1 X4.071 Y6.432 E.02183
G1 X3.671 Y6.669 E.02183
G1 X3.258 Y6.88 E.02183
G1 X2.833 Y7.066 E.02183
G1 X2.397 Y7.225 E.02183
G1 X1.952 Y7.358 E.02183
G1 X1.499 Y7.463 E.02183
G1 X1.042 Y7.541 E.02183
G1 X.58 Y7.59 E.02183
G1 X.116 Y7.612 E.02183
G1 X-.348 Y7.605 E.02183
G1 X-.811 Y7.569 E.02184
G1 X-1.271 Y7.506 E.02183
G1 X-1.726 Y7.414 E.02183
G1 X-2.175 Y7.295 E.02183
G1 X-2.616 Y7.149 E.02184
G1 X-3.047 Y6.976 E.02183
G1 X-3.466 Y6.778 E.02183
G1 X-3.873 Y6.554 E.02183
G1 X-4.265 Y6.305 E.02183
G1 X-4.642 Y6.034 E.02183
G1 X-5.001 Y5.739 E.02183
G1 X-5.342 Y5.424 E.02183
G1 X-5.662 Y5.088 E.02183
G1 X-5.962 Y4.733 E.02183
G1 X-6.24 Y4.361 E.02183
G1 X-6.494 Y3.973 E.02183
G1 X-6.852 Y3.309 E.03545
G1 X-7.111 Y2.718 E.03035
G1 X-7.261 Y2.286 E.0215
G1 X-7.387 Y1.839 E.02183
G1 X-7.529 Y1.099 E.03545
G1 X-7.599 Y.457 E.03036
G1 X-7.613 Y0 E.0215
G1 X-7.598 Y-.464 E.02183
G1 X-7.556 Y-.926 E.02183
G1 X-7.485 Y-1.385 E.02183
G1 X-7.387 Y-1.839 E.02183
G1 X-7.261 Y-2.286 E.02183
G1 X-7.108 Y-2.724 E.02183
G1 X-6.929 Y-3.153 E.02183
G1 X-6.724 Y-3.569 E.02183
G1 X-6.494 Y-3.973 E.02183
G1 X-6.066 Y-4.593 E.03545
G1 X-5.658 Y-5.093 E.03035
G1 X-5.342 Y-5.424 E.0215
G1 X-5.001 Y-5.739 E.02183
G1 X-4.642 Y-6.034 E.02183
G1 X-4.265 Y-6.305 E.02184
G1 X-3.873 Y-6.554 E.02183
G1 X-3.466 Y-6.778 E.02183
G1 X-3.047 Y-6.976 E.02183
G1 X-2.616 Y-7.149 E.02183
G1 X-2.175 Y-7.295 E.02183
G1 X-1.726 Y-7.414 E.02183
G1 X-1.271 Y-7.506 E.02183
G1 X-.811 Y-7.569 E.02183
G1 X-.348 Y-7.605 E.02183
G1 X.406 Y-7.598 E.03545
G1 X1.048 Y-7.54 E.03035
G1 X1.499 Y-7.463 E.0215
G1 X1.952 Y-7.358 E.02183
G1 X2.397 Y-7.225 E.02183
G1 X2.753 Y-7.095 E.01784
SET_VELOCITY_LIMIT ACCEL=10000
G1 X2.985 Y-7.625 F30000
SET_VELOCITY_LIMIT ACCEL=5000
;TYPE:Outer wall
G1 F4151
G1 X3.047 Y-7.602 E.00313
G1 X3.505 Y-7.402 E.02349
G1 X4.226 Y-7.011 E.03854
G1 X4.796 Y-6.639 E.03201
M73 P28 R3
G1 X5.431 Y-6.125 E.03843
G1 X5.924 Y-5.655 E.03201
G1 X6.256 Y-5.286 E.02337
G1 X6.567 Y-4.894 E.02349
G1 X7.02 Y-4.212 E.03855
G1 X7.349 Y-3.615 E.03201
G1 X7.554 Y-3.163 E.02337
G1 X7.733 Y-2.697 E.02349
G1 X7.883 Y-2.22 E.02349
G1 X8.004 Y-1.735 E.02349
G1 X8.095 Y-1.244 E.02349
G1 X8.175 Y-.428 E.03855
G1 X8.186 Y.252 E.03201
G1 X8.117 Y1.066 E.03843
G1 X8.003 Y1.738 E.03201
G1 X7.883 Y2.22 E.02337
G1 X7.733 Y2.697 E.02349
G1 X7.422 Y3.455 E.03854
G1 X7.112 Y4.061 E.03201
G1 X6.853 Y4.485 E.02338
G1 X6.567 Y4.894 E.02349
G1 X6.256 Y5.286 E.02349
G1 X5.922 Y5.657 E.02349
G1 X5.566 Y6.008 E.02349
G1 X5.19 Y6.336 E.02349
G1 X4.794 Y6.64 E.02349
G1 X4.38 Y6.92 E.02349
G1 X3.95 Y7.174 E.02349
G1 X3.505 Y7.402 E.02349
G1 X3.047 Y7.602 E.02349
G1 X2.578 Y7.773 E.02349
G1 X2.1 Y7.916 E.02349
G1 X1.613 Y8.029 E.02349
G1 X1.121 Y8.113 E.02349
G1 X.624 Y8.166 E.02349
G1 X.125 Y8.189 E.02349
G1 X-.375 Y8.181 E.02349
G1 X-.873 Y8.143 E.02349
G1 X-1.367 Y8.075 E.02349
G1 X-1.857 Y7.977 E.02349
G1 X-2.34 Y7.848 E.02349
G1 X-2.814 Y7.691 E.02349
G1 X-3.278 Y7.505 E.02349
G1 X-3.729 Y7.292 E.02349
G1 X-4.167 Y7.051 E.02349
G1 X-4.589 Y6.783 E.02349
G1 X-4.994 Y6.491 E.02349
G1 X-5.38 Y6.175 E.02349
G1 X-5.747 Y5.835 E.02349
G1 X-6.092 Y5.474 E.02349
G1 X-6.414 Y5.092 E.02349
G1 X-6.713 Y4.692 E.02349
G1 X-6.986 Y4.274 E.02349
G1 X-7.375 Y3.552 E.03854
G1 X-7.648 Y2.929 E.03201
G1 X-7.812 Y2.459 E.02337
G1 X-7.947 Y1.979 E.02349
G1 X-8.102 Y1.174 E.03854
G1 X-8.175 Y.497 E.03201
G1 X-8.19 Y0 E.02337
G1 X-8.175 Y-.499 E.02349
G1 X-8.129 Y-.997 E.02349
G1 X-8.053 Y-1.49 E.02349
G1 X-7.947 Y-1.979 E.02349
G1 X-7.812 Y-2.459 E.02349
G1 X-7.647 Y-2.931 E.02349
G1 X-7.454 Y-3.392 E.02349
G1 X-7.234 Y-3.84 E.02349
G1 X-6.986 Y-4.274 E.02349
G1 X-6.521 Y-4.949 E.03855
G1 X-6.09 Y-5.476 E.03201
G1 X-5.747 Y-5.835 E.02338
G1 X-5.38 Y-6.175 E.02349
G1 X-4.994 Y-6.491 E.02349
G1 X-4.589 Y-6.783 E.02349
G1 X-4.167 Y-7.051 E.02349
G1 X-3.729 Y-7.292 E.02349
G1 X-3.278 Y-7.505 E.02349
G1 X-2.814 Y-7.691 E.02349
G1 X-2.34 Y-7.848 E.02349
G1 X-1.857 Y-7.977 E.02349
G1 X-1.367 Y-8.075 E.02349
G1 X-.873 Y-8.143 E.02349
G1 X-.375 Y-8.181 E.02349
G1 X.445 Y-8.174 E.03854
G1 X1.123 Y-8.112 E.03201
G1 X1.613 Y-8.029 E.02337
G1 X2.1 Y-7.916 E.02349
G1 X2.578 Y-7.773 E.02349
G1 X2.951 Y-7.637 E.01867
SET_VELOCITY_LIMIT ACCEL=10000
G1 E-1.2 F2100
;WIPE_START
G1 F7200
G1 X3.047 Y-7.602
G1 X3.505 Y-7.402
G1 X4.226 Y-7.011
G1 X4.71 Y-6.695
;WIPE_END
G1 X2.489 Y-5.03 Z1.8 F30000
G1 Z1.4
G1 E1.2 F2100
;TYPE:Sparse infill
G1 F4151
G1 X1.792 Y-5.323 E.03555
G1 X1.487 Y-5.416 E.01501
G1 X.835 Y-5.554 E.03133
G1 X.271 Y-5.605 E.02662
G1 X5.607 Y-.269 E.35481
G1 X5.529 Y-.988 E.03397
G1 X5.417 Y-1.473 E.02344
G1 X5.263 Y-1.962 E.02409
G1 X5.031 Y-2.488 E.02703
G1 X3.788 Y.717 F30000
G1 F4151
G1 X3.658 Y1.233 E.02499
G1 X3.503 Y1.621 E.01965
G1 X3.308 Y1.99 E.01966
G1 X3.073 Y2.336 E.01965
G1 X2.727 Y2.727 E.02455
G1 X3.969 Y3.969 E.0826
G1 X3.539 Y4.361 E.02737
G1 X2.998 Y4.749 E.0313
G1 X2.421 Y5.068 E.03097
G1 X1.948 Y5.265 E.02409
G1 X1.481 Y5.417 E.02313
G1 X.986 Y5.526 E.02381
G1 X.493 Y5.595 E.02344
G1 X-.267 Y5.609 E.03575
G1 X-5.607 Y.269 E.35507
G1 X-5.607 Y-.333 E.02832
G1 X-5.528 Y-.994 E.03129
G1 X-5.372 Y-1.64 E.03129
G1 X-5.137 Y-2.271 E.03162
G1 X-5 Y-2.559 E.015
G1 X-4.655 Y-3.144 E.03195
G1 X-4.469 Y-3.403 E.015
G1 X-3.971 Y-3.971 E.03552
G1 X-2.727 Y-2.727 E.08273
G1 X-3.073 Y-2.336 E.02455
G1 X-3.308 Y-1.99 E.01965
G1 X-3.503 Y-1.621 E.01965
G1 X-3.658 Y-1.233 E.01966
G1 X-3.788 Y-.717 E.02499
G1 X-.171 Y-6.948 F30000
SET_VELOCITY_LIMIT ACCEL=7000
;TYPE:Internal solid infill
;WIDTH:0.753054
G1 F4151
G1 X-.721 Y-6.927 E.03184
G1 X-1.557 Y-6.786 E.04911
G1 X-2.155 Y-6.618 E.03594
G1 X-3.152 Y-6.211 E.0623
G1 X-3.885 Y-5.782 E.04914
G1 X-4.56 Y-5.266 E.04916
G1 X-5.161 Y-4.672 E.04889
G1 X-5.488 Y-4.286 E.02927
G1 X-5.929 Y-3.649 E.04486
G1 X-6.184 Y-3.193 E.03021
G1 X-6.634 Y-2.126 E.06706
G1 X-6.847 Y-1.29 E.0499
G1 X-6.951 Y-.469 E.04789
G1 X-6.956 Y.358 E.04783
G1 X-6.893 Y.989 E.03669
G1 X-6.764 Y1.665 E.03986
G1 X-6.541 Y2.39 E.04386
G1 X-6.279 Y3.013 E.03916
G1 X-5.949 Y3.617 E.03982
G1 X-5.581 Y4.16 E.03795
G1 X-4.902 Y4.946 E.0601
G1 X-4.262 Y5.504 E.04912
G1 X-3.78 Y5.844 E.03414
G1 X-2.808 Y6.374 E.06409
G1 X-2.011 Y6.669 E.04915
G1 X-1.185 Y6.865 E.04915
G1 X-.34 Y6.958 E.04916
G1 X.509 Y6.948 E.04915
G1 X1.188 Y6.859 E.03962
G1 X1.805 Y6.721 E.03658
G1 X2.404 Y6.532 E.03636
G1 X2.958 Y6.308 E.03458
G1 X3.672 Y5.919 E.04702
G1 X4.346 Y5.442 E.04782
G1 X4.954 Y4.894 E.04732
G1 X5.38 Y4.413 E.03722
G1 X5.764 Y3.9 E.03705
G1 X6.037 Y3.474 E.02927
G1 X6.308 Y2.947 E.0343
G1 X6.57 Y2.31 E.03984
G1 X6.802 Y1.501 E.04871
G1 X6.903 Y.917 E.03432
G1 X6.953 Y.372 E.03168
G1 X6.957 Y-.344 E.04139
G1 X6.854 Y-1.172 E.04833
G1 X6.719 Y-1.808 E.03761
G1 X6.579 Y-2.294 E.02927
G1 X6.261 Y-3.054 E.04767
G1 X5.974 Y-3.572 E.0343
G1 X5.597 Y-4.149 E.03986
G1 X5.052 Y-4.79 E.04869
G1 X4.662 Y-5.174 E.03165
G1 X4.094 Y-5.632 E.04226
G1 X3.613 Y-5.954 E.03346
G1 X2.564 Y-6.476 E.0678
G1 X1.806 Y-6.724 E.04616
G1 X1.121 Y-6.871 E.04051
G1 X.454 Y-6.949 E.03886
G1 X-.135 Y-6.948 E.03408
SET_VELOCITY_LIMIT ACCEL=10000
G1 E-1.2 F2100
;WIPE_START
G1 F9000
G1 X.454 Y-6.949
G1 X1.121 Y-6.871
G1 X1.806 Y-6.724
G1 X1.843 Y-6.712
;WIPE_END
G1 X-1.486 Y.156 Z1.8 F30000
G1 X-3.807 Y4.947 Z1.8
G1 Z1.4
G1 E1.2 F2100
SET_VELOCITY_LIMIT ACCEL=7000
;WIDTH:0.752005
G1 F4151
G1 X-4.202 Y4.635 E.02905
G1 X-4.914 Y3.87 E.06041
G1 X-5.328 Y3.254 E.04287
G1 X-5.628 Y2.727 E.03503
G1 X-5.852 Y2.22 E.03206
G1 X-6.031 Y1.661 E.03391
G1 X-6.155 Y1.123 E.03189
G1 X-6.246 Y.399 E.04215
G1 X-6.249 Y-.342 E.04284
G1 X-6.164 Y-1.079 E.04284
G1 X-5.989 Y-1.815 E.04369
G1 X-5.68 Y-2.601 E.04881
G1 X-5.328 Y-3.253 E.04279
G1 X-4.991 Y-3.775 E.0359
G1 X-4.252 Y-4.59 E.06357
G1 X-3.67 Y-5.067 E.04348
G1 X-3.033 Y-5.472 E.04368
G1 X-2.127 Y-5.88 E.05736
G1 X-1.413 Y-6.081 E.0429
G1 X-.911 Y-6.19 E.02965
G1 X-.207 Y-6.25 E.0408
G1 X.359 Y-6.246 E.03272
G1 X.873 Y-6.196 E.02986
G1 X1.608 Y-6.033 E.04351
G1 X2.318 Y-5.806 E.04305
G1 X3.247 Y-5.346 E.05994
G1 X4.167 Y-4.666 E.06609
G1 X4.956 Y-3.819 E.06686
G1 X5.356 Y-3.207 E.04225
G1 X5.608 Y-2.773 E.029
G1 X5.853 Y-2.212 E.03536
G1 X6.03 Y-1.66 E.03349
G1 X6.154 Y-1.123 E.03189
G1 X6.244 Y-.399 E.04214
G1 X6.251 Y.205 E.0349
G1 X6.198 Y.816 E.03542
G1 X6.112 Y1.321 E.02959
G1 X5.988 Y1.814 E.02941
G1 X5.659 Y2.651 E.05193
G1 X5.431 Y3.098 E.02899
G1 X5.014 Y3.737 E.04409
G1 X4.515 Y4.334 E.04495
G1 X3.966 Y4.842 E.04327
G1 X3.365 Y5.277 E.04284
G1 X2.724 Y5.634 E.0424
G1 X2.189 Y5.859 E.03351
G1 X1.672 Y6.028 E.03146
G1 X1.119 Y6.155 E.0328
G1 X.572 Y6.231 E.03189
G1 X-.173 Y6.255 E.04305
G1 X-.895 Y6.193 E.04191
G1 X-1.622 Y6.043 E.04287
G1 X-2.339 Y5.803 E.04368
G1 X-3.199 Y5.371 E.05561
G1 X-3.778 Y4.967 E.04079
;LAYER_CHANGE
;Z:1.6
;HEIGHT:0.2
;BEFORE_LAYER_CHANGE
;1.6
G1 E-1.2 F2100
;WIPE_START
G1 F9000
M73 P29 R3
G1 X-3.199 Y5.371
G1 X-2.339 Y5.803
G1 X-2.024 Y5.908
;WIPE_END
;AFTER_LAYER_CHANGE
;1.6
;_SET_FAN_SPEED_CHANGING_LAYER
SET_VELOCITY_LIMIT ACCEL=10000
G17
G3 Z2 I.79 J.925 P1  F30000
G1 X3.2 Y1.446 Z2
G1 Z1.6
G1 E1.2 F2100
SET_VELOCITY_LIMIT ACCEL=5000
;TYPE:Inner wall
;WIDTH:0.62
G1 F3127
G1 X3.189 Y1.475 E.00148
G1 X3.01 Y1.811 E.01789
G1 X2.797 Y2.126 E.01789
G1 X2.551 Y2.416 E.01789
G1 X2.275 Y2.678 E.01789
G1 X1.972 Y2.908 E.01789
G1 X1.646 Y3.104 E.01789
G1 X1.3 Y3.264 E.01789
G1 X.94 Y3.385 E.01789
G1 X.568 Y3.467 E.01789
G1 X.19 Y3.508 E.01789
G1 X-.19 Y3.508 E.01789
G1 X-.568 Y3.467 E.01789
G1 X-.94 Y3.385 E.01789
G1 X-1.3 Y3.264 E.01789
G1 X-1.646 Y3.104 E.01789
G1 X-1.972 Y2.908 E.01789
G1 X-2.275 Y2.678 E.01789
G1 X-2.551 Y2.416 E.01789
G1 X-2.797 Y2.126 E.01789
G1 X-3.01 Y1.811 E.01789
G1 X-3.189 Y1.475 E.01789
G1 X-3.329 Y1.122 E.01789
G1 X-3.431 Y.755 E.01789
G1 X-3.493 Y.38 E.01789
G1 X-3.513 Y0 E.01789
G1 X-3.493 Y-.38 E.01789
G1 X-3.428 Y-.773 E.01871
G1 X-3.253 Y-1.321 E.02709
G1 X-3.019 Y-1.799 E.02504
G1 X-2.797 Y-2.126 E.01857
G1 X-2.551 Y-2.416 E.01789
G1 X-2.275 Y-2.678 E.01789
G1 X-1.972 Y-2.908 E.01789
G1 X-1.646 Y-3.104 E.01789
G1 X-1.3 Y-3.264 E.01789
G1 X-.94 Y-3.385 E.01789
G1 X-.568 Y-3.467 E.01789
G1 X-.19 Y-3.508 E.01789
G1 X.19 Y-3.508 E.01789
G1 X.568 Y-3.467 E.01789
G1 X.94 Y-3.385 E.01789
G1 X1.3 Y-3.264 E.01789
G1 X1.646 Y-3.104 E.01789
G1 X1.987 Y-2.899 E.01871
G1 X2.431 Y-2.533 E.02709
G1 X2.789 Y-2.138 E.02504
G1 X3.01 Y-1.811 E.01857
G1 X3.189 Y-1.475 E.01789
G1 X3.329 Y-1.122 E.01789
G1 X3.431 Y-.755 E.01789
G1 X3.493 Y-.38 E.01789
G1 X3.514 Y.018 E.01871
G1 X3.461 Y.591 E.02709
G1 X3.335 Y1.108 E.02504
G1 X3.214 Y1.413 E.0154
SET_VELOCITY_LIMIT ACCEL=10000
G1 X2.664 Y1.233 F30000
SET_VELOCITY_LIMIT ACCEL=5000
;TYPE:Outer wall
G1 F3127
G1 X2.515 Y1.513 E.01495
G1 X2.337 Y1.776 E.01495
G1 X2.131 Y2.019 E.01495
G1 X1.9 Y2.237 E.01495
G1 X1.647 Y2.43 E.01495
G1 X1.375 Y2.594 E.01495
G1 X1.087 Y2.727 E.01495
G1 X.785 Y2.828 E.01495
G1 X.475 Y2.897 E.01495
G1 X.159 Y2.931 E.01495
G1 X-.159 Y2.931 E.01495
G1 X-.475 Y2.897 E.01495
G1 X-.785 Y2.828 E.01495
G1 X-1.087 Y2.727 E.01495
G1 X-1.375 Y2.594 E.01495
G1 X-1.647 Y2.43 E.01495
G1 X-1.9 Y2.237 E.01495
G1 X-2.131 Y2.019 E.01495
G1 X-2.337 Y1.776 E.01495
G1 X-2.515 Y1.513 E.01495
G1 X-2.664 Y1.233 E.01495
G1 X-2.782 Y.937 E.01495
G1 X-2.867 Y.631 E.01495
G1 X-2.918 Y.317 E.01495
G1 X-2.935 Y0 E.01495
G1 X-2.918 Y-.317 E.01495
G1 X-2.866 Y-.637 E.01524
G1 X-2.716 Y-1.105 E.02311
G1 X-2.518 Y-1.509 E.02116
G1 X-2.337 Y-1.776 E.01518
G1 X-2.131 Y-2.019 E.01495
G1 X-1.9 Y-2.237 E.01495
G1 X-1.647 Y-2.43 E.01495
G1 X-1.375 Y-2.594 E.01495
G1 X-1.087 Y-2.727 E.01495
G1 X-.785 Y-2.828 E.01495
G1 X-.475 Y-2.897 E.01495
G1 X-.159 Y-2.931 E.01495
G1 X.159 Y-2.931 E.01495
G1 X.475 Y-2.897 E.01495
G1 X.785 Y-2.828 E.01495
G1 X1.087 Y-2.727 E.01495
G1 X1.375 Y-2.594 E.01495
G1 X1.653 Y-2.426 E.01523
G1 X2.032 Y-2.114 E.02311
G1 X2.334 Y-1.781 E.02116
G1 X2.515 Y-1.513 E.01518
G1 X2.664 Y-1.233 E.01495
G1 X2.782 Y-.937 E.01495
G1 X2.867 Y-.631 E.01495
G1 X2.918 Y-.317 E.01495
G1 X2.936 Y.006 E.01523
G1 X2.89 Y.495 E.02311
G1 X2.784 Y.933 E.02116
G1 X2.677 Y1.199 E.01349
SET_VELOCITY_LIMIT ACCEL=10000
G1 E-1.2 F2100
;WIPE_START
G1 F7200
G1 X2.515 Y1.513
G1 X2.337 Y1.776
G1 X2.131 Y2.019
G1 X1.9 Y2.237
G1 X1.647 Y2.43
G1 X1.375 Y2.594
G1 X1.323 Y2.617
;WIPE_END
G1 X2.471 Y-4.928 Z2 F30000
G1 X2.798 Y-7.078 Z2
G1 Z1.6
G1 E1.2 F2100
SET_VELOCITY_LIMIT ACCEL=5000
;TYPE:Inner wall
G1 F3127
G1 X2.833 Y-7.066 E.00172
G1 X3.258 Y-6.88 E.02183
G1 X3.964 Y-6.496 E.03781
G1 X4.46 Y-6.169 E.02792
G1 X5.08 Y-5.666 E.03756
G1 X5.508 Y-5.254 E.02792
G1 X5.815 Y-4.913 E.02158
G1 X6.104 Y-4.549 E.02183
G1 X6.37 Y-4.169 E.02183
G1 X6.612 Y-3.773 E.02184
G1 X6.83 Y-3.363 E.02183
G1 X7.022 Y-2.94 E.02183
G1 X7.188 Y-2.506 E.02183
G1 X7.327 Y-2.064 E.02183
G1 X7.44 Y-1.613 E.02184
G1 X7.524 Y-1.156 E.02183
G1 X7.601 Y-.356 E.03781
G1 X7.609 Y.238 E.02792
G1 X7.539 Y1.033 E.03756
G1 X7.438 Y1.618 E.02792
G1 X7.327 Y2.064 E.02158
G1 X7.188 Y2.506 E.02183
G1 X6.881 Y3.25 E.03781
G1 X6.609 Y3.777 E.02792
G1 X6.37 Y4.169 E.02158
G1 X6.104 Y4.549 E.02183
G1 X5.815 Y4.913 E.02183
G1 X5.505 Y5.258 E.02183
G1 X5.174 Y5.584 E.02183
G1 X4.824 Y5.889 E.02183
G1 X4.456 Y6.172 E.02183
G1 X4.071 Y6.432 E.02183
G1 X3.671 Y6.669 E.02183
G1 X3.258 Y6.88 E.02183
G1 X2.833 Y7.066 E.02183
G1 X2.397 Y7.225 E.02183
G1 X1.952 Y7.358 E.02183
G1 X1.499 Y7.463 E.02183
G1 X1.042 Y7.541 E.02183
G1 X.58 Y7.59 E.02183
G1 X.116 Y7.612 E.02183
G1 X-.348 Y7.605 E.02183
G1 X-.811 Y7.569 E.02184
G1 X-1.271 Y7.506 E.02183
G1 X-1.726 Y7.414 E.02183
G1 X-2.175 Y7.295 E.02183
G1 X-2.616 Y7.149 E.02183
G1 X-3.047 Y6.976 E.02183
G1 X-3.466 Y6.778 E.02183
G1 X-3.873 Y6.554 E.02183
G1 X-4.265 Y6.305 E.02183
G1 X-4.642 Y6.034 E.02183
G1 X-5.001 Y5.739 E.02183
G1 X-5.342 Y5.424 E.02183
G1 X-5.662 Y5.088 E.02183
G1 X-5.962 Y4.733 E.02183
G1 X-6.24 Y4.361 E.02183
G1 X-6.494 Y3.973 E.02183
G1 X-6.724 Y3.569 E.02183
G1 X-6.929 Y3.153 E.02183
G1 X-7.22 Y2.403 E.03781
G1 X-7.388 Y1.834 E.02792
G1 X-7.485 Y1.385 E.02158
G1 X-7.556 Y.926 E.02183
G1 X-7.598 Y.464 E.02183
G1 X-7.613 Y0 E.02183
G1 X-7.598 Y-.464 E.02183
G1 X-7.556 Y-.926 E.02183
G1 X-7.485 Y-1.385 E.02183
G1 X-7.387 Y-1.839 E.02183
G1 X-7.261 Y-2.286 E.02183
G1 X-7.108 Y-2.724 E.02183
G1 X-6.929 Y-3.153 E.02183
G1 X-6.724 Y-3.569 E.02183
G1 X-6.494 Y-3.973 E.02183
G1 X-6.036 Y-4.634 E.03781
G1 X-5.659 Y-5.092 E.02792
G1 X-5.342 Y-5.424 E.02158
G1 X-5.001 Y-5.739 E.02183
G1 X-4.642 Y-6.034 E.02183
G1 X-4.265 Y-6.305 E.02184
G1 X-3.873 Y-6.554 E.02183
G1 X-3.466 Y-6.778 E.02183
G1 X-3.047 Y-6.976 E.02183
G1 X-2.616 Y-7.149 E.02183
G1 X-2.175 Y-7.295 E.02183
G1 X-1.726 Y-7.414 E.02183
G1 X-1.271 Y-7.506 E.02183
G1 X-.811 Y-7.569 E.02183
G1 X-.348 Y-7.605 E.02184
G1 X.456 Y-7.596 E.03781
G1 X1.047 Y-7.54 E.02792
G1 X1.499 Y-7.463 E.02158
G1 X1.952 Y-7.358 E.02184
G1 X2.397 Y-7.225 E.02183
G1 X2.764 Y-7.091 E.01842
SET_VELOCITY_LIMIT ACCEL=10000
G1 X2.996 Y-7.62 F30000
SET_VELOCITY_LIMIT ACCEL=5000
;TYPE:Outer wall
G1 F3127
G1 X3.047 Y-7.602 E.00255
G1 X3.505 Y-7.402 E.02349
G1 X3.95 Y-7.174 E.02349
G1 X4.27 Y-6.985 E.01748
G1 X4.795 Y-6.639 E.02958
G1 X5.19 Y-6.336 E.0234
G1 X5.47 Y-6.092 E.01748
G1 X5.923 Y-5.656 E.02958
G1 X6.256 Y-5.286 E.0234
G1 X6.567 Y-4.894 E.02349
G1 X6.853 Y-4.485 E.02349
G1 X7.113 Y-4.059 E.02349
G1 X7.348 Y-3.618 E.02349
G1 X7.554 Y-3.163 E.02349
G1 X7.733 Y-2.697 E.02349
G1 X7.883 Y-2.22 E.02349
G1 X8.004 Y-1.735 E.02349
G1 X8.095 Y-1.244 E.02349
G1 X8.156 Y-.748 E.02349
G1 X8.178 Y-.377 E.01748
G1 X8.186 Y.252 E.02958
G1 X8.156 Y.748 E.0234
G1 X8.11 Y1.117 E.01748
G1 X8.003 Y1.737 E.02958
G1 X7.883 Y2.22 E.0234
G1 X7.733 Y2.697 E.02349
G1 X7.554 Y3.163 E.02349
G1 X7.4 Y3.501 E.01748
G1 X7.112 Y4.06 E.02958
G1 X6.853 Y4.485 E.0234
G1 X6.567 Y4.894 E.02349
G1 X6.256 Y5.286 E.02349
G1 X5.922 Y5.657 E.02349
G1 X5.566 Y6.008 E.02349
G1 X5.19 Y6.336 E.02349
G1 X4.794 Y6.64 E.02349
G1 X4.38 Y6.92 E.02349
G1 X3.95 Y7.174 E.02349
G1 X3.505 Y7.402 E.02349
G1 X3.047 Y7.602 E.02349
G1 X2.578 Y7.773 E.02349
G1 X2.1 Y7.916 E.02349
G1 X1.613 Y8.029 E.02349
G1 X1.121 Y8.113 E.02349
G1 X.624 Y8.166 E.02349
G1 X.125 Y8.189 E.02349
G1 X-.375 Y8.181 E.02349
G1 X-.873 Y8.143 E.02349
G1 X-1.367 Y8.075 E.02349
G1 X-1.857 Y7.977 E.02349
G1 X-2.34 Y7.848 E.02349
G1 X-2.814 Y7.691 E.02349
G1 X-3.278 Y7.505 E.02349
G1 X-3.729 Y7.292 E.02349
G1 X-4.167 Y7.051 E.02349
G1 X-4.589 Y6.783 E.02349
G1 X-4.994 Y6.491 E.02349
G1 X-5.38 Y6.175 E.02349
G1 X-5.747 Y5.835 E.02349
G1 X-6.092 Y5.474 E.02349
G1 X-6.414 Y5.092 E.02349
G1 X-6.713 Y4.692 E.02349
G1 X-6.986 Y4.274 E.02349
G1 X-7.234 Y3.84 E.02349
G1 X-7.454 Y3.392 E.02349
G1 X-7.647 Y2.931 E.02349
G1 X-7.77 Y2.58 E.01748
G1 X-7.948 Y1.977 E.02958
G1 X-8.053 Y1.49 E.0234
G1 X-8.129 Y.997 E.02349
G1 X-8.175 Y.499 E.02349
G1 X-8.19 Y0 E.02349
G1 X-8.175 Y-.499 E.02349
G1 X-8.129 Y-.997 E.02349
G1 X-8.053 Y-1.49 E.02349
G1 X-7.947 Y-1.979 E.02349
G1 X-7.812 Y-2.459 E.02349
G1 X-7.647 Y-2.931 E.02349
G1 X-7.454 Y-3.392 E.02349
G1 X-7.234 Y-3.84 E.02349
G1 X-6.986 Y-4.274 E.02349
G1 X-6.713 Y-4.692 E.02349
G1 X-6.491 Y-4.99 E.01748
G1 X-6.091 Y-5.475 E.02957
G1 X-5.747 Y-5.835 E.0234
G1 X-5.38 Y-6.175 E.02349
G1 X-4.994 Y-6.491 E.02349
G1 X-4.589 Y-6.783 E.02349
M73 P30 R3
G1 X-4.167 Y-7.051 E.02349
G1 X-3.729 Y-7.292 E.02349
G1 X-3.278 Y-7.505 E.02349
G1 X-2.814 Y-7.691 E.02349
G1 X-2.34 Y-7.848 E.02349
G1 X-1.857 Y-7.977 E.02349
G1 X-1.367 Y-8.075 E.02349
G1 X-.873 Y-8.143 E.02349
G1 X-.375 Y-8.181 E.02349
G1 X.125 Y-8.189 E.02349
G1 X.496 Y-8.172 E.01749
G1 X1.122 Y-8.113 E.02957
G1 X1.613 Y-8.029 E.0234
G1 X2.1 Y-7.916 E.02349
G1 X2.578 Y-7.773 E.02349
G1 X2.963 Y-7.633 E.01925
SET_VELOCITY_LIMIT ACCEL=10000
G1 E-1.2 F2100
;WIPE_START
G1 F7200
G1 X3.047 Y-7.602
G1 X3.505 Y-7.402
G1 X3.95 Y-7.174
G1 X4.27 Y-6.985
G1 X4.72 Y-6.689
;WIPE_END
G1 X3.786 Y.717 Z2 F30000
G1 Z1.6
G1 E1.2 F2100
;TYPE:Sparse infill
G1 F3127
G1 X3.666 Y1.214 E.02407
G1 X3.503 Y1.621 E.0206
G1 X3.308 Y1.99 E.01965
G1 X3.073 Y2.336 E.01965
G1 X2.727 Y2.727 E.02455
G1 X3.708 Y3.708 E.06526
G1 X3.878 Y3.536 E.01137
G1 X4.182 Y3.176 E.02215
G1 X4.344 Y2.95 E.01308
G1 X4.67 Y2.397 E.03019
G1 X4.921 Y1.828 E.02925
G1 X5.104 Y1.227 E.02954
G1 X5.192 Y.766 E.02205
G1 X5.242 Y.298 E.02215
G1 X5.251 Y.02 E.01308
G1 X5.203 Y-.673 E.03265
G1 X.673 Y-5.203 E.30125
G1 X.302 Y-5.239 E.01753
G1 X-.148 Y-5.248 E.0212
G1 X-.775 Y-5.192 E.02958
G1 X-1.403 Y-5.06 E.03019
G1 X-1.663 Y-4.981 E.01274
G1 X-2.276 Y-4.732 E.03114
G1 X-2.517 Y-4.608 E.01275
G1 X-3.06 Y-4.265 E.03019
G1 X-3.548 Y-3.869 E.02954
G1 X-3.708 Y-3.708 E.01068
G1 X-2.727 Y-2.727 E.06526
G1 X-3.073 Y-2.336 E.02455
G1 X-3.319 Y-1.973 E.0206
G1 X-3.575 Y-1.451 E.02737
G1 X-3.766 Y-.854 E.02947
G1 X-3.788 Y-.717 E.00654
G1 X-4.99 Y-1.603 F30000
G1 F3127
G1 X-5.104 Y-1.227 E.0185
G1 X-5.192 Y-.766 E.02205
G1 X-5.24 Y-.318 E.0212
G1 X-5.24 Y.317 E.02988
G1 X-5.201 Y.675 E.01692
G1 X-.674 Y5.202 E.30108
G1 X-1.075 Y5.139 E.01912
G1 X-1.688 Y4.971 E.02988
G1 X-2.108 Y4.806 E.0212
G1 X-2.529 Y4.601 E.02205
G1 X-2.822 Y4.415 E.0163
G1 X-2.322 Y5.322 F30000
SET_VELOCITY_LIMIT ACCEL=7000
;TYPE:Internal solid infill
;WIDTH:0.619999
G1 F3127
G1 X-2.78 Y5.12 E.02354
G1 X-3.389 Y4.739 E.03374
G1 X-4.114 Y4.119 E.0449
G1 X-4.552 Y3.605 E.03175
G1 X-4.958 Y3.043 E.0326
G1 X-5.292 Y2.417 E.03338
G1 X-5.519 Y1.844 E.02899
G1 X-5.67 Y1.342 E.02466
G1 X-5.817 Y.34 E.04761
G1 X-5.817 Y-.34 E.03197
G1 X-5.672 Y-1.332 E.04715
G1 X-5.47 Y-2.006 E.03305
G1 X-5.188 Y-2.652 E.03315
G1 X-4.65 Y-3.511 E.04765
G1 X-3.96 Y-4.273 E.04838
G1 X-3.405 Y-4.728 E.03375
G1 X-2.616 Y-5.198 E.04316
G1 X-1.991 Y-5.455 E.0318
G1 X-1.332 Y-5.664 E.03252
G1 X-.642 Y-5.782 E.03292
G1 X-.135 Y-5.824 E.02392
G1 X.823 Y-5.768 E.04514
G1 X1.524 Y-5.623 E.03362
G1 X2.51 Y-5.258 E.04948
G1 X3.089 Y-4.94 E.03106
G1 X3.657 Y-4.536 E.03275
G1 X4.039 Y-4.197 E.02402
G1 X4.406 Y-3.813 E.02496
G1 X4.993 Y-3.004 E.04702
G1 X5.33 Y-2.353 E.03447
G1 X5.606 Y-1.546 E.04011
G1 X5.753 Y-.87 E.03253
G1 X5.8 Y-.273 E.02819
G1 X5.818 Y.314 E.0276
G1 X5.681 Y1.271 E.04549
G1 X5.49 Y1.939 E.03262
G1 X5.251 Y2.507 E.02901
G1 X4.65 Y3.511 E.055
G1 X3.929 Y4.303 E.05039
G1 X3.405 Y4.728 E.03174
G1 X2.539 Y5.244 E.04741
G1 X1.807 Y5.523 E.03681
G1 X1.14 Y5.705 E.03252
G1 X.429 Y5.807 E.03379
G1 X-.165 Y5.825 E.02793
G1 X-1.001 Y5.728 E.03955
G1 X-1.676 Y5.572 E.0326
G1 X-2.288 Y5.335 E.03089
SET_VELOCITY_LIMIT ACCEL=10000
G1 X6.839 Y-1.596 F30000
SET_VELOCITY_LIMIT ACCEL=7000
G1 F3127
G1 X6.759 Y-1.942 E.01671
G1 X6.489 Y-2.717 E.03859
G1 X6.11 Y-3.486 E.04033
G1 X5.64 Y-4.204 E.04034
G1 X5.09 Y-4.856 E.04012
G1 X4.698 Y-5.233 E.02558
G1 X4.119 Y-5.703 E.03507
G1 X3.671 Y-5.998 E.02522
G1 X2.614 Y-6.531 E.05565
G1 X1.803 Y-6.8 E.04017
G1 X.967 Y-6.968 E.04012
G1 X.43 Y-7.019 E.02536
G1 X-.753 Y-6.994 E.05565
G1 X-1.595 Y-6.851 E.04016
G1 X-2.417 Y-6.606 E.04033
G1 X-3.203 Y-6.263 E.04034
G1 X-3.942 Y-5.827 E.04033
G1 X-4.622 Y-5.304 E.04034
G1 X-5.23 Y-4.705 E.04012
G1 X-5.573 Y-4.289 E.02536
G1 X-6.215 Y-3.295 E.05565
G1 X-6.569 Y-2.518 E.04016
G1 X-6.826 Y-1.7 E.04034
G1 X-6.982 Y-.856 E.04033
G1 X-7.035 Y0 E.04034
G1 X-6.982 Y.856 E.04034
G1 X-6.827 Y1.695 E.04012
G1 X-6.674 Y2.217 E.02558
G1 X-6.402 Y2.916 E.03528
G1 X-6.001 Y3.671 E.04019
G1 X-5.51 Y4.374 E.04034
G1 X-4.936 Y5.012 E.04033
G1 X-4.29 Y5.576 E.04033
G1 X-3.579 Y6.056 E.04033
G1 X-2.816 Y6.447 E.04033
G1 X-2.01 Y6.742 E.04034
G1 X-1.175 Y6.936 E.04033
G1 X-.322 Y7.027 E.04034
G1 X.536 Y7.014 E.04033
G1 X1.386 Y6.897 E.04034
G1 X2.215 Y6.677 E.04033
G1 X3.011 Y6.358 E.04033
G1 X3.762 Y5.944 E.04033
G1 X4.458 Y5.442 E.04034
G1 X5.087 Y4.859 E.04033
G1 X5.64 Y4.204 E.04034
G1 X6.108 Y3.49 E.04012
G1 X6.357 Y3.007 E.02558
G1 X6.643 Y2.313 E.03528
G1 X6.874 Y1.495 E.03998
G1 X6.966 Y.959 E.02558
G1 X7.031 Y.216 E.03507
G1 X7.025 Y-.299 E.02422
G1 X6.973 Y-.863 E.02661
G1 X6.845 Y-1.56 E.03335
SET_VELOCITY_LIMIT ACCEL=10000
G1 X-.1 Y-6.416 F30000
SET_VELOCITY_LIMIT ACCEL=7000
;WIDTH:0.674983
G1 F3127
G1 X-.696 Y-6.388 E.03074
G1 X-1.457 Y-6.259 E.03978
G1 X-2.206 Y-6.029 E.04034
G1 X-2.703 Y-5.828 E.02764
G1 X-3.6 Y-5.322 E.05303
G1 X-4.222 Y-4.846 E.04036
G1 X-4.776 Y-4.29 E.0404
G1 X-5.151 Y-3.838 E.03023
G1 X-5.679 Y-3.011 E.05056
G1 X-6.003 Y-2.301 E.0402
G1 X-6.239 Y-1.553 E.04038
G1 X-6.373 Y-.781 E.04035
G1 X-6.425 Y0 E.04034
G1 X-6.373 Y.782 E.04034
G1 X-6.267 Y1.42 E.03336
G1 X-6.099 Y2.021 E.03211
G1 X-5.848 Y2.663 E.03549
G1 X-5.481 Y3.353 E.04027
G1 X-5.028 Y3.992 E.04034
G1 X-4.66 Y4.422 E.02917
G1 X-3.917 Y5.092 E.0515
G1 X-3.27 Y5.533 E.04035
G1 X-2.569 Y5.883 E.04034
M73 P31 R3
G1 X-2.09 Y6.075 E.0266
G1 X-1.363 Y6.278 E.03885
G1 X-.294 Y6.422 E.05557
G1 X.359 Y6.416 E.03365
G1 X.908 Y6.359 E.02841
G1 X1.664 Y6.205 E.03973
G1 X2.705 Y5.831 E.05696
G1 X3.434 Y5.426 E.04298
G1 X4.071 Y4.971 E.04034
G1 X4.643 Y4.435 E.04033
G1 X5.063 Y3.957 E.03279
G1 X5.579 Y3.182 E.04795
G1 X6.008 Y2.28 E.05143
G1 X6.236 Y1.548 E.03949
G1 X6.358 Y.88 E.03498
G1 X6.42 Y.295 E.03029
G1 X6.413 Y-.292 E.03023
G1 X6.375 Y-.805 E.02651
G1 X6.254 Y-1.469 E.03476
G1 X5.929 Y-2.482 E.05482
G1 X5.583 Y-3.186 E.04037
G1 X5.148 Y-3.837 E.04035
G1 X4.647 Y-4.44 E.04039
G1 X4.08 Y-4.963 E.03971
G1 X3.468 Y-5.411 E.03904
G1 X2.796 Y-5.776 E.03944
G1 X1.782 Y-6.174 E.05609
G1 X.99 Y-6.35 E.04179
G1 X.407 Y-6.406 E.03012
G1 X-.064 Y-6.415 E.02427
;LAYER_CHANGE
;Z:1.65333
;HEIGHT:0.0533333
;BEFORE_LAYER_CHANGE
;1.65333
G1 E-1.2 F2100
;WIPE_START
G1 F9000
G1 X.407 Y-6.406
G1 X.99 Y-6.35
G1 X1.782 Y-6.174
G1 X1.905 Y-6.125
;WIPE_END
;AFTER_LAYER_CHANGE
;1.65333
;_SET_FAN_SPEED_CHANGING_LAYER
SET_VELOCITY_LIMIT ACCEL=10000
G17
G3 Z2.053 I1.161 J.363 P1  F30000
G1 X2.732 Y-8.77 Z2.053
G1 Z1.653
G1 E1.2 F2100
;TYPE:Support
;WIDTH:0.62
;HEIGHT:0.363333
G1 F4424
G1 X2.883 Y-8.725 E.01262
G1 X2.903 Y-8.718 E.00169
G1 X3.409 Y-8.533 E.04328
G1 X3.429 Y-8.525 E.00169
G1 X3.923 Y-8.309 E.04328
G1 X3.942 Y-8.3 E.00168
G1 X4.422 Y-8.054 E.04328
G1 X4.441 Y-8.044 E.00169
G1 X4.785 Y-7.841 E.03204
G1 X4.905 Y-7.77 E.01123
G1 X4.913 Y-7.765 E.00073
G1 X4.923 Y-7.758 E.00097
G1 X5.169 Y-7.592 E.02385
G1 X5.37 Y-7.456 E.01943
G1 X5.387 Y-7.444 E.00169
G1 X5.814 Y-7.115 E.04328
G1 X5.83 Y-7.102 E.00168
G1 X6.092 Y-6.873 E.02788
G1 X6.154 Y-6.82 E.00657
G1 X6.154 Y-9.231 E.1935
G1 X-6.154 Y-9.231 E.98761
G1 X-6.154 Y-6.819 E.19356
G1 X-6.044 Y-6.921 E.01201
G1 X-6.029 Y-6.934 E.00169
G1 X-5.611 Y-7.276 E.04328
G1 X-5.595 Y-7.289 E.00169
G1 X-5.157 Y-7.605 E.04328
G1 X-5.14 Y-7.617 E.00168
G1 X-4.684 Y-7.905 E.0433
G1 X-4.666 Y-7.916 E.00167
G1 X-4.193 Y-8.176 E.04329
G1 X-4.175 Y-8.185 E.00169
G1 X-3.687 Y-8.416 E.04328
G1 X-3.668 Y-8.425 E.00169
G1 X-3.309 Y-8.569 E.03104
G1 X-3.167 Y-8.625 E.01225
G1 X-3.147 Y-8.633 E.00169
G1 X-2.735 Y-8.77 E.03489
G1 E-1.2 F2100
;WIPE_START
G1 F6000
G1 X-3.147 Y-8.633
G1 X-3.167 Y-8.625
G1 X-3.309 Y-8.569
G1 X-3.668 Y-8.425
G1 X-3.687 Y-8.416
G1 X-4.175 Y-8.185
G1 X-4.193 Y-8.176
G1 X-4.564 Y-7.972
;WIPE_END
G1 X-9.231 Y-6.154 Z2.053 F30000
G1 Z1.653
G1 E1.2 F2100
G1 F4424
G1 X-6.823 Y-6.154 E.19324
G1 X-6.828 Y-6.149 E.00055
G1 X-6.842 Y-6.134 E.00169
G1 X-6.956 Y-5.998 E.01419
G1 X-7.19 Y-5.722 E.02909
G1 X-7.203 Y-5.705 E.00168
G1 X-7.238 Y-5.658 E.00469
G1 X-7.287 Y-5.593 E.00655
G1 X-7.318 Y-5.551 E.00416
G1 X-7.453 Y-5.369 E.01821
G1 X-7.525 Y-5.273 E.00967
G1 X-7.537 Y-5.255 E.00168
G1 X-7.833 Y-4.804 E.04328
G1 X-7.844 Y-4.786 E.0017
G1 X-8.111 Y-4.318 E.04327
G1 X-8.121 Y-4.299 E.00168
G1 X-8.359 Y-3.815 E.04328
G1 X-8.368 Y-3.796 E.00169
G1 X-8.503 Y-3.474 E.02798
G1 X-8.576 Y-3.298 E.0153
G1 X-8.584 Y-3.279 E.00169
G1 X-8.654 Y-3.077 E.01713
G1 X-9.231 Y-3.077 E.04632
G1 X-9.231 Y0 E.2469
G1 X-9.189 Y0 E.00343
G1 X-9.189 Y.011 E.00084
G1 X-9.172 Y.55 E.04328
G1 X-9.171 Y.571 E.00169
G1 X-9.122 Y1.108 E.04327
G1 X-9.119 Y1.129 E.00169
G1 X-9.09 Y1.318 E.0154
G1 X-9.077 Y1.402 E.00678
G1 X-9.037 Y1.662 E.0211
G1 X-9.033 Y1.683 E.00169
G1 X-8.984 Y1.909 E.0186
G1 X-8.919 Y2.21 E.02467
G1 X-8.914 Y2.23 E.00169
G1 X-8.801 Y2.631 E.03341
G1 X-8.768 Y2.749 E.00988
G1 X-8.761 Y2.769 E.00169
G1 X-8.738 Y2.836 E.00567
G1 X-8.715 Y2.902 E.00557
G1 X-8.67 Y3.031 E.011
G1 X-8.654 Y3.077 E.00391
G1 X-9.231 Y3.077 E.04632
G1 X-9.231 Y6.154 E.2469
G1 X-6.823 Y6.154 E.19324
G1 E-1.2 F2100
;WIPE_START
G1 F6000
G1 X-8.823 Y6.154
;WIPE_END
G1 X-2.735 Y8.77 Z2.053 F30000
G1 Z1.653
G1 E1.2 F2100
G1 F4424
G1 X-3.147 Y8.633 E.03489
G1 X-3.167 Y8.625 E.00168
G1 X-3.227 Y8.601 E.00518
G1 X-3.668 Y8.425 E.0381
G1 X-3.687 Y8.416 E.00169
G1 X-4.175 Y8.185 E.04328
G1 X-4.193 Y8.176 E.00169
G1 X-4.429 Y8.046 E.02156
G1 X-4.666 Y7.916 E.02172
G1 X-4.684 Y7.905 E.00167
G1 X-5.14 Y7.617 E.04331
G1 X-5.157 Y7.605 E.00168
G1 X-5.186 Y7.584 E.0029
G1 X-5.595 Y7.289 E.04039
G1 X-5.611 Y7.276 E.00169
G1 X-6.029 Y6.934 E.04328
G1 X-6.044 Y6.921 E.00169
G1 X-6.154 Y6.819 E.01201
G1 X-6.154 Y9.231 E.19356
G1 X6.154 Y9.231 E.98761
G1 X6.154 Y6.82 E.1935
G1 X5.83 Y7.102 E.03445
G1 X5.814 Y7.115 E.00169
G1 X5.387 Y7.444 E.04328
G1 X5.37 Y7.456 E.00169
G1 X4.923 Y7.759 E.04329
G1 X4.905 Y7.77 E.0017
G1 X4.441 Y8.044 E.04327
G1 X4.422 Y8.054 E.00169
G1 X3.942 Y8.3 E.04328
G1 X3.923 Y8.309 E.00168
G1 X3.429 Y8.525 E.04328
G1 X3.409 Y8.533 E.00169
G1 X2.903 Y8.718 E.04328
G1 X2.883 Y8.725 E.00169
G1 X2.732 Y8.77 E.01262
G1 E-1.2 F2100
;WIPE_START
G1 F6000
G1 X2.883 Y8.725
G1 X2.903 Y8.718
G1 X3.409 Y8.533
G1 X3.429 Y8.525
G1 X3.923 Y8.309
G1 X3.942 Y8.3
G1 X4.422 Y8.054
G1 X4.441 Y8.044
G1 X4.562 Y7.973
;WIPE_END
G1 X9.231 Y6.154 Z2.053 F30000
G1 Z1.653
G1 E1.2 F2100
G1 F4424
G1 X6.818 Y6.154 E.19365
G1 X7.012 Y5.938 E.0233
G1 X7.026 Y5.922 E.00169
G1 X7.361 Y5.5 E.04328
G1 X7.374 Y5.483 E.00169
G1 X7.683 Y5.041 E.04328
G1 X7.694 Y5.023 E.00168
G1 X7.976 Y4.563 E.04331
G1 X7.986 Y4.545 E.00167
G1 X8.239 Y4.068 E.04328
G1 X8.248 Y4.049 E.00169
G1 X8.285 Y3.969 E.00708
G1 X8.472 Y3.558 E.0362
G1 X8.48 Y3.539 E.00169
G1 X8.657 Y3.077 E.03969
G1 X9.231 Y3.077 E.0461
G1 X9.231 Y0 E.2469
G1 X9.185 Y0 E.00374
G1 X9.185 Y-.27 E.02164
G1 X9.184 Y-.291 E.00169
G1 X9.181 Y-.332 E.00335
G1 X9.172 Y-.482 E.01205
G1 X9.151 Y-.829 E.02788
G1 X9.149 Y-.85 E.00168
G1 X9.083 Y-1.385 E.04329
G1 X9.08 Y-1.406 E.00169
G1 X8.982 Y-1.937 E.04329
G1 X8.978 Y-1.957 E.00168
G1 X8.847 Y-2.481 E.04328
G1 X8.842 Y-2.501 E.00169
G1 X8.68 Y-3.015 E.04329
G1 X8.673 Y-3.035 E.00169
G1 X8.657 Y-3.077 E.00359
G1 X9.231 Y-3.077 E.0461
G1 X9.231 Y-6.154 E.2469
G1 X6.818 Y-6.154 E.19365
;LAYER_CHANGE
;Z:1.8
;HEIGHT:0.146667
;BEFORE_LAYER_CHANGE
;1.8
G1 E-1.2 F2100
;WIPE_START
G1 F6000
G1 X8.818 Y-6.154
;WIPE_END
;AFTER_LAYER_CHANGE
;1.8
;_SET_FAN_SPEED_CHANGING_LAYER
G17
G3 Z2.2 I-.979 J-.723 P1  F30000
G1 X3.2 Y1.446 Z2.2
G1 Z1.8
G1 E1.2 F2100
SET_VELOCITY_LIMIT ACCEL=5000
;TYPE:Inner wall
;HEIGHT:0.2
G1 F4424
G1 X3.189 Y1.475 E.00148
G1 X3.01 Y1.811 E.01789
G1 X2.797 Y2.126 E.01789
G1 X2.551 Y2.416 E.01789
M73 P32 R3
G1 X2.275 Y2.678 E.01789
G1 X1.972 Y2.908 E.01789
G1 X1.646 Y3.104 E.01789
G1 X1.3 Y3.264 E.01789
G1 X.94 Y3.385 E.01789
G1 X.568 Y3.467 E.01789
G1 X.19 Y3.508 E.01789
G1 X-.19 Y3.508 E.01789
G1 X-.568 Y3.467 E.01789
G1 X-.94 Y3.385 E.01789
G1 X-1.3 Y3.264 E.01789
G1 X-1.646 Y3.104 E.01789
G1 X-1.972 Y2.908 E.01789
G1 X-2.275 Y2.678 E.01789
G1 X-2.551 Y2.416 E.01789
G1 X-2.797 Y2.126 E.01789
G1 X-3.01 Y1.811 E.01789
G1 X-3.189 Y1.475 E.01789
G1 X-3.329 Y1.122 E.01789
G1 X-3.436 Y.739 E.01866
G1 X-3.506 Y.185 E.02626
G1 X-3.495 Y-.364 E.02585
G1 X-3.431 Y-.755 E.01863
G1 X-3.329 Y-1.122 E.01789
G1 X-3.189 Y-1.475 E.01789
G1 X-3.01 Y-1.811 E.01789
G1 X-2.797 Y-2.126 E.01789
G1 X-2.551 Y-2.416 E.01789
G1 X-2.275 Y-2.678 E.01789
G1 X-1.972 Y-2.908 E.01789
G1 X-1.646 Y-3.104 E.01789
G1 X-1.286 Y-3.271 E.01866
G1 X-.75 Y-3.429 E.02626
G1 X-.206 Y-3.508 E.02585
G1 X.19 Y-3.508 E.01863
G1 X.568 Y-3.467 E.01789
G1 X.94 Y-3.385 E.01789
G1 X1.3 Y-3.264 E.01789
G1 X1.646 Y-3.104 E.01789
G1 X1.972 Y-2.908 E.01789
G1 X2.275 Y-2.678 E.01789
G1 X2.551 Y-2.416 E.01789
G1 X2.797 Y-2.126 E.01789
G1 X3.01 Y-1.811 E.01789
G1 X3.189 Y-1.475 E.01789
G1 X3.329 Y-1.122 E.01789
G1 X3.436 Y-.739 E.01866
G1 X3.506 Y-.185 E.02626
G1 X3.495 Y.364 E.02585
G1 X3.431 Y.755 E.01863
G1 X3.329 Y1.122 E.01789
G1 X3.214 Y1.413 E.01472
SET_VELOCITY_LIMIT ACCEL=10000
G1 X2.664 Y1.232 F30000
SET_VELOCITY_LIMIT ACCEL=5000
;TYPE:Outer wall
G1 F4424
G1 X2.664 Y1.233 E.00001
G1 X2.515 Y1.513 E.01495
G1 X2.337 Y1.776 E.01495
G1 X2.131 Y2.019 E.01495
G1 X1.9 Y2.237 E.01495
G1 X1.647 Y2.43 E.01495
G1 X1.375 Y2.594 E.01495
G1 X1.087 Y2.727 E.01495
G1 X.785 Y2.828 E.01495
G1 X.475 Y2.897 E.01495
G1 X.159 Y2.931 E.01495
G1 X-.159 Y2.931 E.01495
G1 X-.475 Y2.897 E.01495
G1 X-.785 Y2.828 E.01495
G1 X-1.087 Y2.727 E.01495
G1 X-1.375 Y2.594 E.01495
G1 X-1.647 Y2.43 E.01495
G1 X-1.9 Y2.237 E.01495
G1 X-2.131 Y2.019 E.01495
G1 X-2.337 Y1.776 E.01495
G1 X-2.515 Y1.513 E.01495
G1 X-2.664 Y1.233 E.01495
G1 X-2.782 Y.937 E.01495
G1 X-2.868 Y.626 E.01522
G1 X-2.928 Y.154 E.02233
G1 X-2.919 Y-.312 E.02194
G1 X-2.867 Y-.631 E.01521
G1 X-2.782 Y-.937 E.01495
G1 X-2.664 Y-1.233 E.01495
G1 X-2.515 Y-1.513 E.01495
G1 X-2.337 Y-1.776 E.01495
G1 X-2.131 Y-2.019 E.01495
G1 X-1.9 Y-2.237 E.01495
G1 X-1.647 Y-2.43 E.01495
G1 X-1.375 Y-2.594 E.01495
G1 X-1.081 Y-2.729 E.01522
G1 X-.626 Y-2.864 E.02233
G1 X-.164 Y-2.931 E.02194
G1 X.159 Y-2.931 E.01521
G1 X.475 Y-2.897 E.01495
G1 X.785 Y-2.828 E.01495
G1 X1.087 Y-2.727 E.01495
G1 X1.375 Y-2.594 E.01495
G1 X1.647 Y-2.43 E.01495
G1 X1.9 Y-2.237 E.01495
G1 X2.131 Y-2.019 E.01495
G1 X2.337 Y-1.776 E.01495
G1 X2.515 Y-1.513 E.01495
G1 X2.664 Y-1.233 E.01495
G1 X2.782 Y-.937 E.01495
G1 X2.868 Y-.626 E.01522
G1 X2.928 Y-.154 E.02233
G1 X2.919 Y.312 E.02194
G1 X2.867 Y.631 E.01521
G1 X2.782 Y.937 E.01495
G1 X2.678 Y1.199 E.01325
SET_VELOCITY_LIMIT ACCEL=10000
G1 E-1.2 F2100
;WIPE_START
G1 F7200
G1 X2.664 Y1.233
G1 X2.515 Y1.513
G1 X2.337 Y1.776
G1 X2.131 Y2.019
G1 X1.9 Y2.237
G1 X1.647 Y2.43
G1 X1.375 Y2.594
G1 X1.323 Y2.617
;WIPE_END
G1 X2.481 Y-4.927 Z2.2 F30000
G1 X2.81 Y-7.074 Z2.2
G1 Z1.8
G1 E1.2 F2100
SET_VELOCITY_LIMIT ACCEL=5000
;TYPE:Inner wall
G1 F4424
G1 X2.833 Y-7.066 E.00112
G1 X3.258 Y-6.88 E.02183
G1 X3.671 Y-6.669 E.02183
G1 X4.007 Y-6.47 E.01834
G1 X4.459 Y-6.17 E.02548
G1 X4.824 Y-5.889 E.02167
G1 X5.118 Y-5.633 E.01834
G1 X5.507 Y-5.256 E.02548
G1 X5.815 Y-4.913 E.02167
G1 X6.104 Y-4.549 E.02183
G1 X6.37 Y-4.169 E.02183
G1 X6.573 Y-3.836 E.01834
G1 X6.831 Y-3.359 E.02549
G1 X7.022 Y-2.94 E.02167
G1 X7.188 Y-2.506 E.02183
G1 X7.327 Y-2.064 E.02183
G1 X7.44 Y-1.613 E.02183
G1 X7.524 Y-1.156 E.02183
G1 X7.581 Y-.696 E.02183
G1 X7.604 Y-.306 E.01834
G1 X7.609 Y.236 E.02549
G1 X7.581 Y.696 E.02167
G1 X7.524 Y1.156 E.02183
G1 X7.44 Y1.613 E.02183
G1 X7.327 Y2.064 E.02183
G1 X7.188 Y2.506 E.02183
G1 X7.022 Y2.94 E.02183
G1 X6.86 Y3.295 E.01834
G1 X6.61 Y3.776 E.02549
G1 X6.37 Y4.169 E.02167
G1 X6.104 Y4.549 E.02183
G1 X5.815 Y4.913 E.02183
G1 X5.505 Y5.258 E.02183
G1 X5.174 Y5.584 E.02184
G1 X4.824 Y5.889 E.02183
G1 X4.456 Y6.172 E.02183
G1 X4.071 Y6.432 E.02183
G1 X3.671 Y6.669 E.02183
G1 X3.258 Y6.88 E.02183
G1 X2.833 Y7.066 E.02183
G1 X2.397 Y7.225 E.02184
G1 X1.952 Y7.358 E.02183
G1 X1.499 Y7.463 E.02183
G1 X1.042 Y7.541 E.02183
G1 X.58 Y7.59 E.02183
G1 X.116 Y7.612 E.02183
G1 X-.348 Y7.605 E.02183
G1 X-.811 Y7.569 E.02184
G1 X-1.271 Y7.506 E.02183
G1 X-1.726 Y7.414 E.02183
G1 X-2.175 Y7.295 E.02183
G1 X-2.616 Y7.149 E.02183
G1 X-3.047 Y6.976 E.02183
G1 X-3.466 Y6.778 E.02183
G1 X-3.873 Y6.554 E.02183
G1 X-4.265 Y6.305 E.02183
G1 X-4.642 Y6.034 E.02183
G1 X-5.001 Y5.739 E.02183
G1 X-5.342 Y5.424 E.02183
G1 X-5.662 Y5.088 E.02183
G1 X-5.962 Y4.733 E.02184
G1 X-6.195 Y4.421 E.01834
G1 X-6.496 Y3.97 E.02549
G1 X-6.724 Y3.569 E.02167
G1 X-6.929 Y3.153 E.02184
G1 X-7.108 Y2.724 E.02183
G1 X-7.261 Y2.286 E.02183
G1 X-7.387 Y1.839 E.02183
G1 X-7.485 Y1.385 E.02183
G1 X-7.545 Y1 E.01834
G1 X-7.598 Y.461 E.02548
G1 X-7.613 Y0 E.02167
G1 X-7.598 Y-.464 E.02183
G1 X-7.556 Y-.926 E.02183
G1 X-7.497 Y-1.312 E.01834
G1 X-7.386 Y-1.843 E.02548
G1 X-7.261 Y-2.286 E.02167
G1 X-7.108 Y-2.724 E.02183
G1 X-6.929 Y-3.153 E.02183
G1 X-6.724 Y-3.569 E.02183
G1 X-6.494 Y-3.973 E.02183
G1 X-6.24 Y-4.361 E.02183
G1 X-5.962 Y-4.733 E.02184
G1 X-5.662 Y-5.088 E.02183
G1 X-5.393 Y-5.37 E.01834
G1 X-4.998 Y-5.742 E.02548
G1 X-4.642 Y-6.034 E.02167
G1 X-4.265 Y-6.305 E.02184
G1 X-3.873 Y-6.554 E.02183
G1 X-3.466 Y-6.778 E.02183
G1 X-3.047 Y-6.976 E.02183
G1 X-2.616 Y-7.149 E.02183
G1 X-2.175 Y-7.295 E.02184
G1 X-1.726 Y-7.414 E.02183
G1 X-1.271 Y-7.506 E.02183
G1 X-.811 Y-7.569 E.02183
G1 X-.348 Y-7.605 E.02184
G1 X.116 Y-7.612 E.02183
G1 X.506 Y-7.594 E.01834
G1 X1.045 Y-7.54 E.02548
G1 X1.499 Y-7.463 E.02167
G1 X1.952 Y-7.358 E.02184
G1 X2.397 Y-7.225 E.02183
G1 X2.776 Y-7.086 E.01902
SET_VELOCITY_LIMIT ACCEL=10000
G1 X3.009 Y-7.616 F30000
SET_VELOCITY_LIMIT ACCEL=5000
;TYPE:Outer wall
G1 F4424
G1 X3.047 Y-7.602 E.00195
G1 X3.505 Y-7.402 E.02349
G1 X3.95 Y-7.174 E.02349
G1 X4.314 Y-6.959 E.01989
G1 X4.795 Y-6.64 E.02714
G1 X5.19 Y-6.336 E.02343
G1 X5.508 Y-6.058 E.01989
G1 X5.923 Y-5.656 E.02714
G1 X6.256 Y-5.286 E.02343
G1 X6.567 Y-4.894 E.02349
G1 X6.853 Y-4.485 E.02349
G1 X7.073 Y-4.124 E.01989
G1 X7.348 Y-3.616 E.02714
G1 X7.554 Y-3.163 E.02343
G1 X7.733 Y-2.697 E.02349
G1 X7.883 Y-2.22 E.02349
G1 X8.004 Y-1.735 E.02349
G1 X8.095 Y-1.244 E.02349
G1 X8.156 Y-.748 E.02349
G1 X8.181 Y-.326 E.01989
G1 X8.186 Y.251 E.02714
G1 X8.156 Y.748 E.02343
G1 X8.095 Y1.244 E.02349
G1 X8.004 Y1.735 E.02349
G1 X7.883 Y2.22 E.02349
G1 X7.733 Y2.697 E.02349
G1 X7.554 Y3.163 E.02349
G1 X7.379 Y3.548 E.01989
G1 X7.113 Y4.06 E.02714
G1 X6.853 Y4.485 E.02343
G1 X6.567 Y4.894 E.02349
G1 X6.256 Y5.286 E.02349
G1 X5.922 Y5.657 E.02349
G1 X5.566 Y6.008 E.02349
G1 X5.19 Y6.336 E.02349
G1 X4.794 Y6.64 E.02349
G1 X4.38 Y6.92 E.02349
G1 X3.95 Y7.174 E.02349
G1 X3.505 Y7.402 E.02349
G1 X3.047 Y7.602 E.02349
G1 X2.578 Y7.773 E.02349
G1 X2.1 Y7.916 E.02349
G1 X1.613 Y8.029 E.02349
G1 X1.121 Y8.113 E.02349
G1 X.624 Y8.166 E.02349
G1 X.125 Y8.189 E.02349
G1 X-.375 Y8.181 E.02349
G1 X-.873 Y8.143 E.02349
G1 X-1.367 Y8.075 E.02349
G1 X-1.857 Y7.977 E.02349
G1 X-2.34 Y7.848 E.02349
G1 X-2.814 Y7.691 E.02349
G1 X-3.278 Y7.505 E.02349
G1 X-3.729 Y7.292 E.02349
G1 X-4.167 Y7.051 E.02349
G1 X-4.589 Y6.783 E.02349
G1 X-4.994 Y6.491 E.02349
G1 X-5.38 Y6.175 E.02349
G1 X-5.747 Y5.835 E.02349
G1 X-6.092 Y5.474 E.02349
G1 X-6.414 Y5.092 E.02349
G1 X-6.667 Y4.753 E.01989
G1 X-6.987 Y4.273 E.02714
G1 X-7.234 Y3.84 E.02343
G1 X-7.454 Y3.392 E.02349
G1 X-7.647 Y2.931 E.02349
G1 X-7.812 Y2.459 E.02349
G1 X-7.947 Y1.979 E.02349
G1 X-8.053 Y1.49 E.02349
G1 X-8.117 Y1.072 E.01989
G1 X-8.175 Y.498 E.02714
G1 X-8.19 Y0 E.02343
G1 X-8.175 Y-.499 E.02349
G1 X-8.129 Y-.997 E.02349
G1 X-8.065 Y-1.415 E.01989
G1 X-7.947 Y-1.98 E.02714
G1 X-7.812 Y-2.459 E.02343
G1 X-7.647 Y-2.931 E.02349
G1 X-7.454 Y-3.392 E.02349
G1 X-7.234 Y-3.84 E.02349
G1 X-6.986 Y-4.274 E.02349
G1 X-6.713 Y-4.692 E.02349
G1 X-6.414 Y-5.092 E.02349
G1 X-6.092 Y-5.474 E.02349
G1 X-5.8 Y-5.78 E.01989
G1 X-5.379 Y-6.175 E.02714
G1 X-4.994 Y-6.491 E.02343
G1 X-4.589 Y-6.783 E.02349
G1 X-4.167 Y-7.051 E.02349
G1 X-3.729 Y-7.292 E.02349
G1 X-3.278 Y-7.505 E.02349
G1 X-2.814 Y-7.691 E.02349
G1 X-2.34 Y-7.848 E.02349
G1 X-1.857 Y-7.977 E.02349
G1 X-1.367 Y-8.075 E.02349
G1 X-.873 Y-8.143 E.02349
G1 X-.375 Y-8.181 E.02349
G1 X.125 Y-8.189 E.02349
G1 X.547 Y-8.17 E.01989
G1 X1.122 Y-8.113 E.02714
G1 X1.613 Y-8.029 E.02343
G1 X2.1 Y-7.916 E.02349
G1 X2.578 Y-7.773 E.02349
G1 X2.975 Y-7.628 E.01985
SET_VELOCITY_LIMIT ACCEL=10000
G1 E-1.2 F2100
;WIPE_START
G1 F7200
G1 X3.047 Y-7.602
G1 X3.505 Y-7.402
G1 X3.95 Y-7.174
G1 X4.314 Y-6.959
G1 X4.731 Y-6.682
;WIPE_END
G1 X3.998 Y-3.033 Z2.2 F30000
G1 Z1.8
G1 E1.2 F2100
;TYPE:Sparse infill
G1 F4424
G1 X4.182 Y-2.792 E.01426
G1 X4.319 Y-2.574 E.01212
G1 X4.61 Y-2.009 E.0299
G1 X4.707 Y-1.77 E.01212
G1 X4.887 Y-1.18 E.02902
G1 X4.929 Y-.947 E.01112
G1 X.947 Y-4.929 E.26482
G1 X.727 Y-4.975 E.01059
G1 X.427 Y-5.009 E.01419
G1 X-.148 Y-5.025 E.02703
G1 X-.742 Y-4.972 E.02807
G1 X-1.339 Y-4.846 E.02867
G1 X-3.788 Y-.717 F30000
G1 F4424
G1 X-3.658 Y-1.233 E.02499
G1 X-3.503 Y-1.621 E.01966
G1 X-3.308 Y-1.99 E.01965
G1 X-3.073 Y-2.336 E.01965
G1 X-2.727 Y-2.727 E.02455
G1 X-3.555 Y-3.555 E.05509
G1 X-3.996 Y-3.05 E.03151
G1 X-4.337 Y-2.543 E.02875
G1 X-4.481 Y-2.278 E.01419
G1 X-4.712 Y-1.752 E.02703
G1 X-4.887 Y-1.181 E.02807
G1 X-4.995 Y-.575 E.02896
G1 X-5.018 Y-.318 E.01212
G1 X-5.018 Y.314 E.0297
G1 X-4.99 Y.614 E.01419
G1 X-4.929 Y.947 E.01591
G1 X-.942 Y4.935 E.26519
G1 X-.448 Y5.007 E.02347
G1 X.169 Y5.026 E.02902
G1 X.426 Y5.01 E.01213
G1 X1.035 Y4.919 E.02895
G1 X1.61 Y4.762 E.02801
G1 X2.177 Y4.533 E.02875
G1 X2.444 Y4.393 E.01419
G1 X2.93 Y4.085 E.02703
G1 X3.409 Y3.697 E.02901
G1 X3.555 Y3.555 E.00957
G1 X2.727 Y2.727 E.05509
G1 X3.073 Y2.336 E.02455
G1 X3.308 Y1.99 E.01965
G1 X3.503 Y1.621 E.01966
G1 X3.658 Y1.233 E.01965
G1 X3.788 Y.717 E.02499
G1 X-.926 Y5.507 F30000
SET_VELOCITY_LIMIT ACCEL=7000
;TYPE:Internal solid infill
;WIDTH:0.619999
G1 F4424
G1 X-1.446 Y5.414 E.02484
G1 X-2.279 Y5.112 E.04168
G1 X-2.866 Y4.808 E.03109
G1 X-3.409 Y4.424 E.03127
G1 X-3.915 Y3.999 E.0311
G1 X-4.266 Y3.633 E.02381
G1 X-4.808 Y2.88 E.04367
G1 X-5.091 Y2.3 E.03033
G1 X-5.335 Y1.687 E.03105
G1 X-5.491 Y1.042 E.0312
G1 X-5.592 Y.364 E.0322
G1 X-5.577 Y-.367 E.03439
M73 P33 R3
G1 X-5.51 Y-.971 E.02858
G1 X-5.445 Y-1.326 E.01697
G1 X-5.256 Y-1.945 E.03045
G1 X-4.924 Y-2.651 E.03666
G1 X-4.58 Y-3.216 E.0311
G1 X-4.158 Y-3.73 E.03127
G1 X-3.818 Y-4.103 E.02374
G1 X-3.274 Y-4.548 E.03304
G1 X-2.51 Y-5.004 E.04186
G1 X-1.914 Y-5.247 E.03027
G1 X-1.284 Y-5.448 E.0311
G1 X-.609 Y-5.562 E.03218
G1 X.055 Y-5.591 E.03124
G1 X.784 Y-5.549 E.03433
G1 X1.468 Y-5.408 E.03285
G1 X2.098 Y-5.179 E.03155
G1 X2.697 Y-4.902 E.03105
G1 X3.26 Y-4.537 E.03153
G1 X3.75 Y-4.165 E.02893
G1 X4.239 Y-3.666 E.03285
G1 X4.807 Y-2.881 E.04555
G1 X5.237 Y-1.996 E.04628
G1 X5.445 Y-1.325 E.03305
G1 X5.576 Y-.471 E.04065
G1 X5.582 Y.178 E.03048
G1 X5.535 Y.833 E.03089
G1 X5.445 Y1.326 E.02357
G1 X5.256 Y1.943 E.03033
G1 X4.848 Y2.812 E.04514
G1 X4.472 Y3.375 E.03186
G1 X4.028 Y3.872 E.03133
G1 X3.548 Y4.326 E.03106
G1 X3.006 Y4.711 E.03126
G1 X2.45 Y5.04 E.03039
G1 X1.818 Y5.301 E.03216
G1 X1.164 Y5.482 E.03191
G1 X.394 Y5.579 E.03651
G1 X-.267 Y5.589 E.03108
G1 X-.89 Y5.512 E.02952
SET_VELOCITY_LIMIT ACCEL=10000
G1 X6.304 Y-.352 F30000
SET_VELOCITY_LIMIT ACCEL=7000
;WIDTH:0.899241
G1 F4424
G1 X6.172 Y-1.338 E.06946
G1 X5.964 Y-2.08 E.05374
G1 X5.658 Y-2.793 E.05418
G1 X5.408 Y-3.263 E.03711
G1 X5.06 Y-3.77 E.04292
G1 X4.561 Y-4.367 E.05427
G1 X4.181 Y-4.732 E.0368
G1 X3.698 Y-5.113 E.04293
G1 X3.045 Y-5.531 E.05412
G1 X2.348 Y-5.857 E.05369
G1 X1.754 Y-6.065 E.04391
G1 X.974 Y-6.24 E.05582
G1 X.096 Y-6.311 E.06143
G1 X-.673 Y-6.279 E.0537
G1 X-1.432 Y-6.15 E.05372
G1 X-2.168 Y-5.925 E.0537
G1 X-2.643 Y-5.732 E.03579
G1 X-3.538 Y-5.23 E.07161
G1 X-4.146 Y-4.765 E.05342
G1 X-4.693 Y-4.217 E.05403
G1 X-5.049 Y-3.79 E.0388
G1 X-5.414 Y-3.246 E.04572
G1 X-5.887 Y-2.288 E.07451
G1 X-6.129 Y-1.535 E.05523
G1 X-6.265 Y-.784 E.05326
G1 X-6.308 Y.295 E.07533
G1 X-6.205 Y1.149 E.06
G1 X-6.023 Y1.896 E.05369
G1 X-5.743 Y2.613 E.05371
G1 X-5.474 Y3.146 E.04163
G1 X-4.944 Y3.925 E.06579
G1 X-4.431 Y4.499 E.0537
G1 X-3.847 Y5.001 E.0537
G1 X-3.404 Y5.318 E.03803
G1 X-2.75 Y5.683 E.05228
G1 X-1.804 Y6.052 E.07082
G1 X-1.053 Y6.221 E.05371
G1 X-.51 Y6.293 E.03824
G1 X.149 Y6.311 E.04599
G1 X1.209 Y6.199 E.07442
G1 X1.974 Y6.001 E.05511
G1 X2.681 Y5.721 E.05306
G1 X3.375 Y5.332 E.05552
G1 X4.001 Y4.885 E.05371
G1 X4.563 Y4.359 E.05371
G1 X4.961 Y3.905 E.04213
G1 X5.416 Y3.247 E.05582
G1 X5.823 Y2.438 E.0632
G1 X6.078 Y1.712 E.0537
G1 X6.242 Y.959 E.05374
G1 X6.306 Y.197 E.0534
G1 X6.304 Y-.316 E.03575
SET_VELOCITY_LIMIT ACCEL=10000
G1 X3.707 Y-5.964 F30000
SET_VELOCITY_LIMIT ACCEL=7000
;WIDTH:0.619999
G1 F4424
G1 X3.053 Y-6.323 E.03508
G1 X2.576 Y-6.544 E.02472
G1 X1.803 Y-6.8 E.03826
G1 X.967 Y-6.968 E.04012
G1 X.107 Y-7.034 E.04055
G1 X-.75 Y-6.995 E.04033
G1 X-1.595 Y-6.851 E.04033
G1 X-2.417 Y-6.606 E.04033
G1 X-3.203 Y-6.263 E.04034
G1 X-3.942 Y-5.827 E.04033
G1 X-4.618 Y-5.307 E.04012
G1 X-5.233 Y-4.702 E.04055
G1 X-5.766 Y-4.03 E.04033
G1 X-6.214 Y-3.298 E.04033
G1 X-6.569 Y-2.518 E.04033
G1 X-6.826 Y-1.701 E.04027
G1 X-6.931 Y-1.183 E.02485
G1 X-7.022 Y-.429 E.0357
G1 X-7.022 Y.424 E.04014
G1 X-6.917 Y1.28 E.04055
G1 X-6.71 Y2.113 E.04033
G1 X-6.403 Y2.913 E.04033
G1 X-6.003 Y3.667 E.04012
G1 X-5.509 Y4.374 E.04055
G1 X-4.936 Y5.012 E.04033
G1 X-4.29 Y5.576 E.04033
G1 X-3.579 Y6.056 E.04033
G1 X-2.816 Y6.447 E.04033
G1 X-2.01 Y6.742 E.04034
G1 X-1.175 Y6.936 E.04033
G1 X-.322 Y7.027 E.04034
G1 X.536 Y7.014 E.04033
G1 X1.386 Y6.897 E.04034
G1 X2.215 Y6.677 E.04033
G1 X3.011 Y6.358 E.04033
G1 X3.762 Y5.944 E.04033
G1 X4.458 Y5.442 E.04034
G1 X5.087 Y4.859 E.04034
G1 X5.64 Y4.204 E.04034
G1 X6.108 Y3.49 E.04012
G1 X6.489 Y2.717 E.04055
G1 X6.771 Y1.907 E.04033
G1 X6.953 Y1.069 E.04034
G1 X7.031 Y.219 E.04012
G1 X7.007 Y-.599 E.03848
G1 X6.882 Y-1.447 E.04033
G1 X6.654 Y-2.274 E.04033
G1 X6.326 Y-3.073 E.04061
G1 X6.09 Y-3.517 E.02364
G1 X5.664 Y-4.168 E.03658
G1 X5.335 Y-4.566 E.0243
G1 X4.792 Y-5.145 E.03737
G1 X4.155 Y-5.674 E.0389
G1 X3.737 Y-5.944 E.02342
;LAYER_CHANGE
;Z:2
;HEIGHT:0.2
;BEFORE_LAYER_CHANGE
;2
G1 E-1.2 F2100
;WIPE_START
G1 F9000
G1 X4.155 Y-5.674
G1 X4.792 Y-5.145
G1 X5.253 Y-4.653
;WIPE_END
;AFTER_LAYER_CHANGE
;2
;_SET_FAN_SPEED_CHANGING_LAYER
SET_VELOCITY_LIMIT ACCEL=10000
G17
G3 Z2.4 I-1.153 J-.388 P1  F30000
G1 X3.2 Y1.446 Z2.4
G1 Z2
G1 E1.2 F2100
SET_VELOCITY_LIMIT ACCEL=5000
;TYPE:Inner wall
;WIDTH:0.62
G1 F4299
G1 X3.189 Y1.475 E.00148
G1 X3.01 Y1.811 E.01789
G1 X2.797 Y2.126 E.01789
G1 X2.551 Y2.416 E.01789
G1 X2.275 Y2.678 E.01789
G1 X1.972 Y2.908 E.01789
G1 X1.646 Y3.104 E.01789
G1 X1.3 Y3.264 E.01789
G1 X.94 Y3.385 E.01789
G1 X.568 Y3.467 E.01789
G1 X.19 Y3.508 E.01789
G1 X-.19 Y3.508 E.01789
G1 X-.568 Y3.467 E.01789
G1 X-.94 Y3.385 E.01789
G1 X-1.3 Y3.264 E.01789
G1 X-1.646 Y3.104 E.01789
G1 X-1.972 Y2.908 E.01789
G1 X-2.275 Y2.678 E.01789
G1 X-2.551 Y2.416 E.01789
G1 X-2.797 Y2.126 E.01789
G1 X-3.01 Y1.811 E.01789
G1 X-3.189 Y1.475 E.01789
G1 X-3.329 Y1.122 E.01789
G1 X-3.435 Y.741 E.0186
G1 X-3.505 Y.204 E.02545
G1 X-3.496 Y-.363 E.02667
G1 X-3.431 Y-.755 E.01869
G1 X-3.329 Y-1.122 E.01789
G1 X-3.189 Y-1.475 E.01789
G1 X-3.01 Y-1.811 E.01789
G1 X-2.797 Y-2.126 E.01789
G1 X-2.551 Y-2.416 E.01789
G1 X-2.275 Y-2.678 E.01789
G1 X-1.972 Y-2.908 E.01789
G1 X-1.646 Y-3.104 E.01789
G1 X-1.3 Y-3.264 E.01789
G1 X-.94 Y-3.385 E.01789
G1 X-.568 Y-3.467 E.01789
G1 X-.19 Y-3.508 E.01789
G1 X.19 Y-3.508 E.01789
G1 X.583 Y-3.465 E.0186
G1 X1.108 Y-3.331 E.02544
G1 X1.631 Y-3.113 E.02667
G1 X1.972 Y-2.908 E.01869
G1 X2.275 Y-2.678 E.01789
G1 X2.551 Y-2.416 E.01789
G1 X2.797 Y-2.126 E.01789
G1 X3.01 Y-1.811 E.01789
G1 X3.189 Y-1.475 E.01789
G1 X3.329 Y-1.122 E.01789
G1 X3.435 Y-.741 E.0186
G1 X3.505 Y-.204 E.02545
G1 X3.496 Y.363 E.02667
G1 X3.431 Y.755 E.01869
G1 X3.329 Y1.122 E.01789
G1 X3.214 Y1.413 E.01472
SET_VELOCITY_LIMIT ACCEL=10000
G1 X2.664 Y1.232 F30000
SET_VELOCITY_LIMIT ACCEL=5000
;TYPE:Outer wall
G1 F4299
G1 X2.664 Y1.233 E.00001
G1 X2.515 Y1.513 E.01495
G1 X2.337 Y1.776 E.01495
G1 X2.131 Y2.019 E.01495
G1 X1.9 Y2.237 E.01495
G1 X1.647 Y2.43 E.01495
G1 X1.375 Y2.594 E.01495
G1 X1.087 Y2.727 E.01495
G1 X.785 Y2.828 E.01495
G1 X.475 Y2.897 E.01495
G1 X.159 Y2.931 E.01495
G1 X-.159 Y2.931 E.01495
G1 X-.475 Y2.897 E.01495
G1 X-.785 Y2.828 E.01495
G1 X-1.087 Y2.727 E.01495
G1 X-1.375 Y2.594 E.01495
G1 X-1.647 Y2.43 E.01495
G1 X-1.9 Y2.237 E.01495
G1 X-2.131 Y2.019 E.01495
G1 X-2.337 Y1.776 E.01495
G1 X-2.515 Y1.513 E.01495
G1 X-2.664 Y1.233 E.01495
G1 X-2.782 Y.937 E.01495
G1 X-2.868 Y.626 E.0152
G1 X-2.927 Y.172 E.02155
G1 X-2.919 Y-.312 E.02272
G1 X-2.867 Y-.631 E.01522
G1 X-2.782 Y-.937 E.01495
G1 X-2.664 Y-1.233 E.01495
G1 X-2.515 Y-1.513 E.01495
G1 X-2.337 Y-1.776 E.01495
G1 X-2.131 Y-2.019 E.01495
G1 X-1.9 Y-2.237 E.01495
G1 X-1.647 Y-2.43 E.01495
G1 X-1.375 Y-2.594 E.01495
G1 X-1.087 Y-2.727 E.01495
G1 X-.785 Y-2.828 E.01495
G1 X-.475 Y-2.897 E.01495
G1 X-.159 Y-2.931 E.01495
G1 X.159 Y-2.931 E.01495
G1 X.48 Y-2.896 E.0152
G1 X.924 Y-2.783 E.02155
G1 X1.37 Y-2.597 E.02272
G1 X1.647 Y-2.43 E.01523
G1 X1.9 Y-2.237 E.01495
G1 X2.131 Y-2.019 E.01495
G1 X2.337 Y-1.776 E.01495
G1 X2.515 Y-1.513 E.01495
G1 X2.664 Y-1.233 E.01495
G1 X2.782 Y-.937 E.01495
G1 X2.868 Y-.626 E.0152
G1 X2.927 Y-.172 E.02155
G1 X2.919 Y.312 E.02272
G1 X2.867 Y.631 E.01522
G1 X2.782 Y.937 E.01495
G1 X2.678 Y1.199 E.01324
SET_VELOCITY_LIMIT ACCEL=10000
G1 E-1.2 F2100
;WIPE_START
G1 F7200
G1 X2.664 Y1.233
G1 X2.515 Y1.513
G1 X2.337 Y1.776
G1 X2.131 Y2.019
G1 X1.9 Y2.237
G1 X1.647 Y2.43
G1 X1.375 Y2.594
G1 X1.323 Y2.617
;WIPE_END
G1 X2.504 Y-4.923 Z2.4 F30000
G1 X2.839 Y-7.062 Z2.4
G1 Z2
G1 E1.2 F2100
SET_VELOCITY_LIMIT ACCEL=5000
;TYPE:Inner wall
G1 F4299
G1 X3.259 Y-6.879 E.02154
G1 X3.671 Y-6.669 E.02178
G1 X4.05 Y-6.445 E.02067
G1 X4.457 Y-6.171 E.02305
G1 X4.824 Y-5.889 E.02177
G1 X5.155 Y-5.6 E.02067
G1 X5.505 Y-5.257 E.02305
G1 X5.815 Y-4.913 E.02177
G1 X6.104 Y-4.549 E.02183
G1 X6.37 Y-4.169 E.02183
G1 X6.612 Y-3.773 E.02183
G1 X6.83 Y-3.363 E.02183
G1 X7.022 Y-2.94 E.02184
G1 X7.179 Y-2.529 E.02067
G1 X7.328 Y-2.062 E.02305
G1 X7.44 Y-1.613 E.02178
G1 X7.524 Y-1.156 E.02183
G1 X7.581 Y-.696 E.02183
G1 X7.607 Y-.257 E.02067
G1 X7.609 Y.233 E.02305
G1 X7.581 Y.696 E.02177
G1 X7.527 Y1.132 E.02068
G1 X7.439 Y1.614 E.02305
G1 X7.327 Y2.064 E.02177
G1 X7.188 Y2.506 E.02183
G1 X7.022 Y2.94 E.02183
G1 X6.84 Y3.34 E.02067
G1 X6.611 Y3.774 E.02305
G1 X6.37 Y4.169 E.02177
G1 X6.104 Y4.549 E.02183
G1 X5.815 Y4.913 E.02184
G1 X5.505 Y5.258 E.02183
G1 X5.174 Y5.584 E.02183
G1 X4.824 Y5.889 E.02184
G1 X4.456 Y6.172 E.02183
G1 X4.071 Y6.432 E.02183
G1 X3.671 Y6.669 E.02183
G1 X3.258 Y6.88 E.02183
G1 X2.833 Y7.066 E.02183
G1 X2.396 Y7.225 E.02184
G1 X1.952 Y7.358 E.02183
G1 X1.499 Y7.463 E.02183
G1 X1.042 Y7.541 E.02183
G1 X.58 Y7.59 E.02183
G1 X.116 Y7.612 E.02183
G1 X-.348 Y7.605 E.02183
G1 X-.811 Y7.569 E.02183
G1 X-1.271 Y7.506 E.02183
G1 X-1.726 Y7.414 E.02183
G1 X-2.175 Y7.295 E.02183
M73 P34 R3
G1 X-2.592 Y7.157 E.02068
G1 X-3.048 Y6.976 E.02305
G1 X-3.466 Y6.778 E.02177
G1 X-3.873 Y6.554 E.02183
G1 X-4.265 Y6.305 E.02183
G1 X-4.642 Y6.034 E.02183
G1 X-5.001 Y5.739 E.02183
G1 X-5.342 Y5.424 E.02183
G1 X-5.662 Y5.088 E.02183
G1 X-5.962 Y4.733 E.02183
G1 X-6.24 Y4.361 E.02183
G1 X-6.494 Y3.973 E.02183
G1 X-6.724 Y3.569 E.02183
G1 X-6.929 Y3.153 E.02183
G1 X-7.108 Y2.724 E.02183
G1 X-7.253 Y2.309 E.02068
G1 X-7.387 Y1.838 E.02305
G1 X-7.485 Y1.385 E.02177
G1 X-7.556 Y.926 E.02183
G1 X-7.598 Y.464 E.02183
G1 X-7.613 Y0 E.02183
G1 X-7.598 Y-.464 E.02183
G1 X-7.556 Y-.926 E.02183
G1 X-7.485 Y-1.385 E.02183
G1 X-7.387 Y-1.839 E.02183
G1 X-7.261 Y-2.286 E.02183
G1 X-7.108 Y-2.724 E.02183
G1 X-6.929 Y-3.153 E.02183
G1 X-6.724 Y-3.569 E.02183
G1 X-6.494 Y-3.973 E.02183
G1 X-6.239 Y-4.361 E.02183
G1 X-5.977 Y-4.714 E.02068
G1 X-5.661 Y-5.089 E.02305
G1 X-5.342 Y-5.424 E.02177
G1 X-5.001 Y-5.739 E.02184
G1 X-4.642 Y-6.034 E.02183
G1 X-4.285 Y-6.291 E.02068
G1 X-3.872 Y-6.554 E.02305
G1 X-3.466 Y-6.778 E.02177
G1 X-3.047 Y-6.976 E.02183
G1 X-2.616 Y-7.149 E.02183
G1 X-2.175 Y-7.295 E.02183
G1 X-1.75 Y-7.408 E.02068
G1 X-1.27 Y-7.506 E.02305
G1 X-.811 Y-7.569 E.02177
G1 X-.348 Y-7.605 E.02184
G1 X.116 Y-7.612 E.02183
G1 X.555 Y-7.592 E.02068
G1 X1.043 Y-7.541 E.02305
G1 X1.499 Y-7.463 E.02177
G1 X1.952 Y-7.358 E.02183
G1 X2.397 Y-7.225 E.02183
G1 X2.806 Y-7.076 E.02049
SET_VELOCITY_LIMIT ACCEL=10000
G1 X3.068 Y-7.591 F30000
SET_VELOCITY_LIMIT ACCEL=5000
;TYPE:Outer wall
G1 F4299
G1 X3.506 Y-7.402 E.02241
G1 X3.95 Y-7.174 E.02347
G1 X4.358 Y-6.933 E.02229
G1 X4.794 Y-6.64 E.02471
G1 X5.19 Y-6.336 E.02347
G1 X5.547 Y-6.024 E.02229
G1 X5.922 Y-5.657 E.02471
G1 X6.256 Y-5.286 E.02347
G1 X6.567 Y-4.894 E.02349
G1 X6.853 Y-4.485 E.02349
G1 X7.113 Y-4.059 E.02349
G1 X7.348 Y-3.618 E.02349
G1 X7.554 Y-3.163 E.02349
G1 X7.724 Y-2.72 E.02229
G1 X7.883 Y-2.22 E.02471
G1 X8.004 Y-1.735 E.02347
G1 X8.095 Y-1.244 E.02349
G1 X8.156 Y-.748 E.02349
G1 X8.184 Y-.275 E.02229
G1 X8.186 Y.25 E.02471
G1 X8.156 Y.748 E.02347
G1 X8.098 Y1.219 E.02229
G1 X8.004 Y1.736 E.02471
G1 X7.883 Y2.22 E.02347
G1 X7.733 Y2.697 E.02349
G1 X7.554 Y3.163 E.02349
G1 X7.358 Y3.594 E.02229
G1 X7.113 Y4.059 E.02471
G1 X6.853 Y4.485 E.02347
G1 X6.567 Y4.894 E.02349
G1 X6.256 Y5.286 E.02349
G1 X5.922 Y5.657 E.02349
G1 X5.566 Y6.008 E.02349
G1 X5.19 Y6.336 E.02349
G1 X4.794 Y6.64 E.02349
G1 X4.38 Y6.92 E.02349
G1 X3.95 Y7.174 E.02349
G1 X3.505 Y7.402 E.02349
G1 X3.047 Y7.602 E.02349
G1 X2.578 Y7.773 E.02349
G1 X2.1 Y7.916 E.02349
G1 X1.613 Y8.029 E.02349
G1 X1.121 Y8.113 E.02349
G1 X.624 Y8.166 E.02349
G1 X.125 Y8.189 E.02349
G1 X-.375 Y8.181 E.02349
G1 X-.873 Y8.143 E.02349
G1 X-1.367 Y8.075 E.02349
G1 X-1.857 Y7.976 E.02349
G1 X-2.34 Y7.848 E.02349
G1 X-2.79 Y7.699 E.02229
G1 X-3.278 Y7.505 E.02471
G1 X-3.729 Y7.292 E.02347
G1 X-4.167 Y7.051 E.02349
G1 X-4.589 Y6.783 E.02349
G1 X-4.994 Y6.491 E.02349
G1 X-5.38 Y6.175 E.02349
G1 X-5.747 Y5.835 E.02349
G1 X-6.092 Y5.474 E.02349
G1 X-6.414 Y5.092 E.02349
G1 X-6.713 Y4.692 E.02349
G1 X-6.986 Y4.274 E.02349
G1 X-7.234 Y3.84 E.02349
G1 X-7.454 Y3.392 E.02349
G1 X-7.647 Y2.931 E.02349
G1 X-7.803 Y2.483 E.02229
G1 X-7.947 Y1.978 E.02471
G1 X-8.053 Y1.49 E.02347
G1 X-8.129 Y.997 E.02349
G1 X-8.175 Y.499 E.02349
G1 X-8.19 Y0 E.02349
G1 X-8.175 Y-.499 E.02349
G1 X-8.129 Y-.997 E.02349
G1 X-8.053 Y-1.49 E.02349
G1 X-7.947 Y-1.979 E.02349
G1 X-7.812 Y-2.459 E.02349
G1 X-7.647 Y-2.931 E.02349
G1 X-7.454 Y-3.392 E.02349
G1 X-7.234 Y-3.84 E.02349
G1 X-6.986 Y-4.274 E.02349
G1 X-6.713 Y-4.692 E.02349
G1 X-6.429 Y-5.072 E.02229
G1 X-6.092 Y-5.474 E.02471
G1 X-5.747 Y-5.835 E.02347
G1 X-5.38 Y-6.175 E.02349
G1 X-4.994 Y-6.491 E.02349
G1 X-4.61 Y-6.769 E.02229
G1 X-4.166 Y-7.051 E.02471
G1 X-3.729 Y-7.292 E.02347
G1 X-3.278 Y-7.505 E.02349
G1 X-2.814 Y-7.691 E.02349
G1 X-2.34 Y-7.848 E.02349
G1 X-1.882 Y-7.97 E.02229
G1 X-1.367 Y-8.075 E.02471
G1 X-.873 Y-8.143 E.02347
G1 X-.375 Y-8.181 E.02349
G1 X.125 Y-8.189 E.02349
G1 X.598 Y-8.167 E.02229
G1 X1.121 Y-8.113 E.02471
G1 X1.613 Y-8.029 E.02347
G1 X2.1 Y-7.916 E.02349
G1 X2.578 Y-7.773 E.02349
G1 X3.023 Y-7.611 E.02229
G1 X3.035 Y-7.605 E.00061
SET_VELOCITY_LIMIT ACCEL=10000
G1 E-1.2 F2100
;WIPE_START
G1 F7200
G1 X3.506 Y-7.402
G1 X3.95 Y-7.174
G1 X4.358 Y-6.933
G1 X4.785 Y-6.646
;WIPE_END
G1 X-1.142 Y-4.733 Z2.4 F30000
G1 Z2
G1 E1.2 F2100
;TYPE:Sparse infill
G1 F4299
G1 X-.72 Y-4.822 E.02027
G1 X-.127 Y-4.875 E.02801
G1 X.143 Y-4.874 E.01267
G1 X.719 Y-4.822 E.02721
G1 X1.143 Y-4.733 E.02038
G1 X4.742 Y-1.134 E.23934
G1 X4.799 Y-.864 E.01295
G1 X4.867 Y-.289 E.02721
G1 X4.867 Y.307 E.02803
G1 X4.842 Y.575 E.01267
G1 X4.739 Y1.145 E.02722
G1 X4.564 Y1.717 E.02814
G1 X4.339 Y2.225 E.02615
G1 X4.044 Y2.723 E.02721
G1 X3.693 Y3.183 E.02719
G1 X3.442 Y3.442 E.01697
G1 X2.727 Y2.727 E.04756
G1 X3.073 Y2.336 E.02455
G1 X3.308 Y1.99 E.01965
G1 X3.503 Y1.621 E.01965
G1 X3.658 Y1.233 E.01966
G1 X3.788 Y.717 E.02499
G1 E-1.2 F2100
;WIPE_START
G1 F6000
G1 X3.658 Y1.233
G1 X3.503 Y1.621
G1 X3.308 Y1.99
G1 X3.073 Y2.336
G1 X2.93 Y2.497
;WIPE_END
G1 X6.531 Y3.74 Z2.4 F30000
G1 Z2
G1 E1.2 F2100
SET_VELOCITY_LIMIT ACCEL=2000
;TYPE:Top surface
;WIDTH:0.623972
G1 F4299
G1 X3.747 Y6.524 E.18641
SET_VELOCITY_LIMIT ACCEL=10000
G1 E-1.2 F2100
;WIPE_START
G1 F7200
G1 X5.161 Y5.109
;WIPE_END
G1 X2.278 Y7.17 Z2.4 F30000
G1 Z2
G1 E1.2 F2100
SET_VELOCITY_LIMIT ACCEL=2000
G1 F4299
G1 X7.169 Y2.28 E.32746
SET_VELOCITY_LIMIT ACCEL=10000
G1 E-1.2 F2100
;WIPE_START
G1 F7200
G1 X5.754 Y3.694
;WIPE_END
G1 X7.427 Y1.2 Z2.4 F30000
G1 Z2
G1 E1.2 F2100
SET_VELOCITY_LIMIT ACCEL=2000
G1 F4299
G1 X1.201 Y7.426 E.4169
SET_VELOCITY_LIMIT ACCEL=10000
G1 X.288 Y7.517 F30000
SET_VELOCITY_LIMIT ACCEL=2000
G1 F4299
G1 X7.519 Y.286 E.48419
SET_VELOCITY_LIMIT ACCEL=10000
G1 X7.505 Y-.521 F30000
SET_VELOCITY_LIMIT ACCEL=2000
G1 F4299
G1 X4.628 Y2.355 E.19261
SET_VELOCITY_LIMIT ACCEL=10000
G1 X5.071 Y1.09 F30000
SET_VELOCITY_LIMIT ACCEL=2000
G1 F4299
G1 X7.418 Y-1.256 E.15712
SET_VELOCITY_LIMIT ACCEL=10000
G1 X7.271 Y-1.931 F30000
SET_VELOCITY_LIMIT ACCEL=2000
G1 F4299
G1 X5.184 Y.156 E.13976
SET_VELOCITY_LIMIT ACCEL=10000
G1 X5.146 Y-.628 F30000
SET_VELOCITY_LIMIT ACCEL=2000
G1 F4299
G1 X7.076 Y-2.558 E.1292
SET_VELOCITY_LIMIT ACCEL=10000
G1 X6.836 Y-3.14 F30000
M73 P35 R3
SET_VELOCITY_LIMIT ACCEL=2000
G1 F4299
G1 X5.017 Y-1.321 E.12179
SET_VELOCITY_LIMIT ACCEL=10000
G1 X4.816 Y-1.941 F30000
SET_VELOCITY_LIMIT ACCEL=2000
G1 F4299
G1 X6.56 Y-3.685 E.11681
SET_VELOCITY_LIMIT ACCEL=10000
G1 X6.247 Y-4.194 F30000
SET_VELOCITY_LIMIT ACCEL=2000
G1 F4299
G1 X4.547 Y-2.494 E.11381
SET_VELOCITY_LIMIT ACCEL=10000
G1 X4.23 Y-2.999 F30000
SET_VELOCITY_LIMIT ACCEL=2000
G1 F4299
G1 X5.899 Y-4.668 E.11174
SET_VELOCITY_LIMIT ACCEL=10000
G1 X5.521 Y-5.111 F30000
SET_VELOCITY_LIMIT ACCEL=2000
G1 F4299
G1 X3.868 Y-3.458 E.11067
SET_VELOCITY_LIMIT ACCEL=10000
G1 X3.458 Y-3.87 F30000
SET_VELOCITY_LIMIT ACCEL=2000
G1 F4299
G1 X5.111 Y-5.523 E.11066
SET_VELOCITY_LIMIT ACCEL=10000
G1 X4.667 Y-5.901 F30000
SET_VELOCITY_LIMIT ACCEL=2000
G1 F4299
G1 X3.002 Y-4.236 E.11149
SET_VELOCITY_LIMIT ACCEL=10000
G1 X2.498 Y-4.554 F30000
SET_VELOCITY_LIMIT ACCEL=2000
G1 F4299
G1 X4.191 Y-6.246 E.11333
SET_VELOCITY_LIMIT ACCEL=10000
G1 X3.684 Y-6.561 F30000
SET_VELOCITY_LIMIT ACCEL=2000
G1 F4299
G1 X1.933 Y-4.811 E.11721
SET_VELOCITY_LIMIT ACCEL=10000
G1 X1.321 Y-5.02 F30000
SET_VELOCITY_LIMIT ACCEL=2000
G1 F4299
G1 X3.138 Y-6.837 E.12172
SET_VELOCITY_LIMIT ACCEL=10000
G1 X2.555 Y-7.075 F30000
SET_VELOCITY_LIMIT ACCEL=2000
G1 F4299
G1 X.628 Y-5.149 E.12901
SET_VELOCITY_LIMIT ACCEL=10000
G1 X-.151 Y-5.191 F30000
SET_VELOCITY_LIMIT ACCEL=2000
G1 F4299
G1 X1.931 Y-7.274 E.13946
SET_VELOCITY_LIMIT ACCEL=10000
G1 X1.253 Y-7.417 F30000
SET_VELOCITY_LIMIT ACCEL=2000
G1 F4299
G1 X-1.098 Y-5.067 E.15741
SET_VELOCITY_LIMIT ACCEL=10000
G1 X-2.375 Y-4.611 F30000
SET_VELOCITY_LIMIT ACCEL=2000
G1 F4299
G1 X.52 Y-7.506 E.1939
SET_VELOCITY_LIMIT ACCEL=10000
G1 E-1.2 F2100
;WIPE_START
G1 F7200
G1 X-.894 Y-6.092
;WIPE_END
G1 X1.331 Y1.209 Z2.4 F30000
G1 X2.369 Y4.614 Z2.4
G1 Z2
G1 E1.2 F2100
SET_VELOCITY_LIMIT ACCEL=2000
G1 F4299
G1 X-.521 Y7.505 E.19355
SET_VELOCITY_LIMIT ACCEL=10000
G1 X-1.258 Y7.42 F30000
SET_VELOCITY_LIMIT ACCEL=2000
G1 F4299
G1 X1.083 Y5.079 E.15675
SET_VELOCITY_LIMIT ACCEL=10000
G1 X.158 Y5.182 F30000
SET_VELOCITY_LIMIT ACCEL=2000
G1 F4299
G1 X-1.931 Y7.27 E.13987
SET_VELOCITY_LIMIT ACCEL=10000
G1 X-2.559 Y7.077 F30000
SET_VELOCITY_LIMIT ACCEL=2000
G1 F4299
G1 X-.63 Y5.148 E.12912
SET_VELOCITY_LIMIT ACCEL=10000
G1 X-1.323 Y5.019 F30000
SET_VELOCITY_LIMIT ACCEL=2000
G1 F4299
G1 X-3.14 Y6.836 E.12168
SET_VELOCITY_LIMIT ACCEL=10000
G1 X-3.684 Y6.559 F30000
SET_VELOCITY_LIMIT ACCEL=2000
G1 F4299
G1 X-1.935 Y4.81 E.11712
SET_VELOCITY_LIMIT ACCEL=10000
G1 X-2.5 Y4.553 F30000
SET_VELOCITY_LIMIT ACCEL=2000
G1 F4299
G1 X-4.195 Y6.248 E.1135
SET_VELOCITY_LIMIT ACCEL=10000
G1 X-4.669 Y5.9 F30000
SET_VELOCITY_LIMIT ACCEL=2000
G1 F4299
G1 X-3.003 Y4.235 E.1115
SET_VELOCITY_LIMIT ACCEL=10000
G1 X-3.459 Y3.869 F30000
SET_VELOCITY_LIMIT ACCEL=2000
G1 F4299
G1 X-5.11 Y5.52 E.11055
SET_VELOCITY_LIMIT ACCEL=10000
G1 X-5.522 Y5.11 F30000
SET_VELOCITY_LIMIT ACCEL=2000
G1 F4299
G1 X-3.867 Y3.455 E.11082
SET_VELOCITY_LIMIT ACCEL=10000
G1 X-4.231 Y2.997 F30000
SET_VELOCITY_LIMIT ACCEL=2000
G1 F4299
G1 X-5.902 Y4.669 E.11189
SET_VELOCITY_LIMIT ACCEL=10000
G1 X-6.247 Y4.191 F30000
SET_VELOCITY_LIMIT ACCEL=2000
G1 F4299
G1 X-4.548 Y2.492 E.11378
SET_VELOCITY_LIMIT ACCEL=10000
G1 X-4.817 Y1.939 F30000
SET_VELOCITY_LIMIT ACCEL=2000
G1 F4299
G1 X-6.56 Y3.682 E.11672
SET_VELOCITY_LIMIT ACCEL=10000
G1 X-6.839 Y3.14 F30000
SET_VELOCITY_LIMIT ACCEL=2000
G1 F4299
G1 X-5.018 Y1.319 E.12195
SET_VELOCITY_LIMIT ACCEL=10000
G1 X-5.147 Y.626 F30000
SET_VELOCITY_LIMIT ACCEL=2000
G1 F4299
G1 X-7.076 Y2.555 E.12918
SET_VELOCITY_LIMIT ACCEL=10000
G1 X-7.271 Y1.929 F30000
SET_VELOCITY_LIMIT ACCEL=2000
G1 F4299
G1 X-5.184 Y-.158 E.13977
SET_VELOCITY_LIMIT ACCEL=10000
G1 X-5.071 Y-1.094 F30000
SET_VELOCITY_LIMIT ACCEL=2000
G1 F4299
G1 X-7.418 Y1.254 E.15718
SET_VELOCITY_LIMIT ACCEL=10000
G1 X-7.506 Y.52 F30000
SET_VELOCITY_LIMIT ACCEL=2000
G1 F4299
G1 X-4.626 Y-2.36 E.19288
SET_VELOCITY_LIMIT ACCEL=10000
G1 E-1.2 F2100
;WIPE_START
G1 F7200
G1 X-6.04 Y-.946
;WIPE_END
G1 X-7.517 Y-.291 Z2.4 F30000
G1 Z2
G1 E1.2 F2100
SET_VELOCITY_LIMIT ACCEL=2000
G1 F4299
G1 X-.289 Y-7.519 E.484
SET_VELOCITY_LIMIT ACCEL=10000
G1 X-1.202 Y-7.428 F30000
M73 P36 R3
SET_VELOCITY_LIMIT ACCEL=2000
G1 F4299
G1 X-7.426 Y-1.204 E.41677
SET_VELOCITY_LIMIT ACCEL=10000
G1 E-1.2 F2100
;WIPE_START
G1 F7200
G1 X-6.012 Y-2.618
;WIPE_END
G1 X-7.172 Y-2.279 Z2.4 F30000
G1 Z2
G1 E1.2 F2100
SET_VELOCITY_LIMIT ACCEL=2000
G1 F4299
G1 X-2.283 Y-7.168 E.32735
SET_VELOCITY_LIMIT ACCEL=10000
G1 E-1.2 F2100
;WIPE_START
G1 F7200
G1 X-3.697 Y-5.754
;WIPE_END
G1 X-3.751 Y-6.522 Z2.4 F30000
G1 Z2
G1 E1.2 F2100
SET_VELOCITY_LIMIT ACCEL=2000
G1 F4299
G1 X-6.519 Y-3.754 E.18533
SET_VELOCITY_LIMIT ACCEL=10000
G1 E-1.2 F2100
;WIPE_START
G1 F7200
G1 X-5.104 Y-5.168
;WIPE_END
G1 X-3.788 Y-.717 Z2.4 F30000
G1 Z2
G1 E1.2 F2100
;TYPE:Sparse infill
;WIDTH:0.62
G1 F4299
G1 X-3.658 Y-1.233 E.02499
G1 X-3.503 Y-1.621 E.01966
G1 X-3.308 Y-1.99 E.01965
G1 X-3.073 Y-2.336 E.01965
G1 X-2.727 Y-2.727 E.02455
G1 X-3.442 Y-3.442 E.04756
G1 X-3.693 Y-3.183 E.01697
G1 X-4.044 Y-2.723 E.02719
G1 X-4.339 Y-2.225 E.02721
G1 X-4.564 Y-1.717 E.02615
G1 X-4.739 Y-1.145 E.02814
G1 X-4.842 Y-.575 E.02722
G1 X-4.867 Y-.307 E.01267
G1 X-4.867 Y.289 E.02803
G1 X-4.799 Y.864 E.02721
G1 X-4.742 Y1.134 E.01295
G1 X-1.143 Y4.733 E.23934
G1 X-.72 Y4.822 E.02036
G1 X-.144 Y4.873 E.02716
G1 X.433 Y4.856 E.02719
G1 X1.143 Y4.738 E.03382
;LAYER_CHANGE
;Z:2.01667
;HEIGHT:0.0166667
;BEFORE_LAYER_CHANGE
;2.01667
G1 E-1.2 F2100
;WIPE_START
G1 F6000
G1 X.433 Y4.856
G1 X-.144 Y4.873
G1 X-.72 Y4.822
G1 X-.842 Y4.796
;WIPE_END
;AFTER_LAYER_CHANGE
;2.01667
;_SET_FAN_SPEED_CHANGING_LAYER
G17
G3 Z2.417 I-1.099 J-.523 P1  F30000
G1 X-2.735 Y8.77 Z2.417
G1 Z2.017
G1 E1.2 F2100
;TYPE:Support
;HEIGHT:0.363333
G1 F3265
G1 X-3.147 Y8.633 E.03489
G1 X-3.167 Y8.625 E.00168
G1 X-3.658 Y8.429 E.04241
G1 X-3.668 Y8.425 E.00087
G1 X-3.677 Y8.421 E.00084
G1 X-3.687 Y8.416 E.00085
G1 X-4.175 Y8.185 E.04328
G1 X-4.193 Y8.176 E.00169
G1 X-4.346 Y8.092 E.01395
G1 X-4.666 Y7.916 E.02933
G1 X-4.684 Y7.905 E.00167
G1 X-5.14 Y7.617 E.04331
G1 X-5.157 Y7.605 E.00168
G1 X-5.595 Y7.289 E.04328
G1 X-5.611 Y7.276 E.00169
G1 X-6.029 Y6.934 E.04328
G1 X-6.044 Y6.921 E.00169
G1 X-6.154 Y6.819 E.01201
G1 X-6.154 Y9.231 E.19356
G1 X6.154 Y9.231 E.98761
G1 X6.154 Y6.82 E.1935
G1 X5.83 Y7.102 E.03445
G1 X5.814 Y7.115 E.00168
G1 X5.387 Y7.444 E.04328
G1 X5.37 Y7.456 E.00169
G1 X5.146 Y7.607 E.02162
G1 X4.923 Y7.759 E.02166
G1 X4.905 Y7.77 E.0017
G1 X4.441 Y8.044 E.04327
G1 X4.422 Y8.054 E.00169
G1 X3.942 Y8.3 E.04328
G1 X3.923 Y8.309 E.00168
G1 X3.429 Y8.525 E.04328
G1 X3.409 Y8.533 E.00169
G1 X2.903 Y8.718 E.04329
G1 X2.883 Y8.725 E.00169
G1 X2.732 Y8.77 E.01262
G1 E-1.2 F2100
;WIPE_START
G1 F6000
G1 X2.883 Y8.725
G1 X2.903 Y8.718
G1 X3.409 Y8.533
G1 X3.429 Y8.525
G1 X3.923 Y8.309
G1 X3.942 Y8.3
G1 X4.422 Y8.054
G1 X4.441 Y8.044
G1 X4.562 Y7.973
;WIPE_END
G1 X9.231 Y6.154 Z2.417 F30000
G1 Z2.017
G1 E1.2 F2100
G1 F3265
G1 X6.818 Y6.154 E.19365
G1 X6.947 Y6.01 E.01555
G1 X7.012 Y5.938 E.00775
G1 X7.026 Y5.922 E.00169
G1 X7.26 Y5.627 E.03021
G1 X7.361 Y5.5 E.01308
G1 X7.374 Y5.483 E.00169
G1 X7.683 Y5.041 E.04328
G1 X7.694 Y5.023 E.00168
G1 X7.976 Y4.563 E.04329
G1 X7.981 Y4.553 E.00088
G1 X7.986 Y4.545 E.00081
G1 X7.991 Y4.535 E.0009
G1 X8.239 Y4.068 E.04238
G1 X8.248 Y4.049 E.00169
G1 X8.285 Y3.969 E.00708
G1 X8.472 Y3.558 E.0362
G1 X8.48 Y3.539 E.00169
G1 X8.657 Y3.077 E.03969
G1 X9.231 Y3.077 E.0461
G1 X9.231 Y0 E.2469
G1 X9.185 Y0 E.00374
G1 X9.185 Y-.27 E.02164
G1 X9.184 Y-.291 E.00169
G1 X9.179 Y-.379 E.00708
G1 X9.16 Y-.675 E.02382
G1 X9.153 Y-.792 E.00938
G1 X9.151 Y-.829 E.003
G1 X9.149 Y-.85 E.00168
G1 X9.083 Y-1.385 E.04329
G1 X9.08 Y-1.406 E.00169
G1 X9.032 Y-1.666 E.02121
G1 X8.982 Y-1.937 E.02208
G1 X8.978 Y-1.957 E.00168
G1 X8.847 Y-2.481 E.04328
G1 X8.845 Y-2.49 E.00081
G1 X8.842 Y-2.501 E.00088
G1 X8.838 Y-2.511 E.00086
G1 X8.68 Y-3.015 E.04242
G1 X8.673 Y-3.035 E.00169
G1 X8.657 Y-3.077 E.00359
G1 X9.231 Y-3.077 E.0461
G1 X9.231 Y-6.154 E.2469
G1 X6.818 Y-6.154 E.19365
G1 E-1.2 F2100
;WIPE_START
G1 F6000
G1 X8.818 Y-6.154
;WIPE_END
G1 X2.732 Y-8.77 Z2.417 F30000
G1 Z2.017
G1 E1.2 F2100
G1 F3265
G1 X2.883 Y-8.725 E.01262
G1 X2.903 Y-8.718 E.00169
G1 X3.123 Y-8.637 E.01881
G1 X3.381 Y-8.543 E.02202
G1 X3.409 Y-8.533 E.00245
G1 X3.429 Y-8.525 E.00168
G1 X3.913 Y-8.313 E.04239
G1 X3.923 Y-8.309 E.00089
G1 X3.932 Y-8.305 E.00081
G1 X3.942 Y-8.3 E.00087
G1 X4.422 Y-8.054 E.04328
G1 X4.441 Y-8.044 E.00169
G1 X4.662 Y-7.913 E.02062
G1 X4.829 Y-7.815 E.01559
G1 X4.846 Y-7.805 E.00157
G1 X4.879 Y-7.785 E.00306
G1 X4.905 Y-7.77 E.00244
G1 X4.923 Y-7.758 E.00171
G1 X5.361 Y-7.462 E.0424
G1 X5.37 Y-7.456 E.00088
G1 X5.378 Y-7.45 E.00083
G1 X5.387 Y-7.444 E.00085
G1 X5.814 Y-7.115 E.04328
G1 X5.83 Y-7.102 E.00168
G1 X6.154 Y-6.82 E.03445
G1 X6.154 Y-9.231 E.1935
M73 P37 R3
G1 X-6.154 Y-9.231 E.98761
G1 X-6.154 Y-6.819 E.19356
G1 X-6.044 Y-6.921 E.01201
G1 X-6.029 Y-6.934 E.00169
G1 X-5.611 Y-7.276 E.04328
G1 X-5.595 Y-7.289 E.00169
G1 X-5.182 Y-7.587 E.04083
G1 X-5.157 Y-7.605 E.00245
G1 X-5.14 Y-7.617 E.00168
G1 X-4.693 Y-7.899 E.0424
G1 X-4.684 Y-7.905 E.00089
G1 X-4.675 Y-7.91 E.00084
G1 X-4.666 Y-7.916 E.00084
G1 X-4.193 Y-8.176 E.04329
G1 X-4.175 Y-8.185 E.00169
G1 X-3.687 Y-8.416 E.04328
G1 X-3.668 Y-8.425 E.00169
G1 X-3.167 Y-8.625 E.04328
G1 X-3.147 Y-8.633 E.00168
G1 X-2.735 Y-8.77 E.03489
G1 E-1.2 F2100
;WIPE_START
G1 F6000
G1 X-3.147 Y-8.633
G1 X-3.167 Y-8.625
G1 X-3.668 Y-8.425
G1 X-3.687 Y-8.416
G1 X-4.175 Y-8.185
G1 X-4.193 Y-8.176
G1 X-4.564 Y-7.972
;WIPE_END
G1 X-9.231 Y-6.154 Z2.417 F30000
G1 Z2.017
G1 E1.2 F2100
G1 F3265
G1 X-6.823 Y-6.154 E.19324
G1 X-6.828 Y-6.149 E.00055
G1 X-6.835 Y-6.141 E.00085
G1 X-6.842 Y-6.134 E.00083
G1 X-6.849 Y-6.125 E.00089
G1 X-7.19 Y-5.722 E.04239
G1 X-7.203 Y-5.705 E.00168
G1 X-7.221 Y-5.681 E.00246
G1 X-7.525 Y-5.273 E.04083
G1 X-7.537 Y-5.255 E.00168
G1 X-7.833 Y-4.804 E.04328
G1 X-7.844 Y-4.786 E.0017
G1 X-7.979 Y-4.548 E.02194
G1 X-8.111 Y-4.318 E.02133
G1 X-8.121 Y-4.299 E.00168
G1 X-8.359 Y-3.815 E.04328
G1 X-8.368 Y-3.796 E.00169
G1 X-8.576 Y-3.298 E.04328
G1 X-8.584 Y-3.279 E.00169
G1 X-8.654 Y-3.077 E.01713
G1 X-9.231 Y-3.077 E.04632
G1 X-9.231 Y0 E.2469
G1 X-9.189 Y0 E.00343
G1 X-9.189 Y.011 E.00084
G1 X-9.172 Y.55 E.04328
G1 X-9.171 Y.571 E.00169
G1 X-9.148 Y.818 E.01995
G1 X-9.122 Y1.108 E.02332
G1 X-9.119 Y1.129 E.00169
G1 X-9.037 Y1.662 E.04329
G1 X-9.033 Y1.683 E.00169
G1 X-8.919 Y2.21 E.04332
G1 X-8.916 Y2.22 E.00083
G1 X-8.914 Y2.23 E.00082
G1 X-8.911 Y2.241 E.00087
G1 X-8.768 Y2.749 E.04241
G1 X-8.761 Y2.769 E.00169
G1 X-8.751 Y2.798 E.00245
G1 X-8.738 Y2.836 E.00319
G1 X-8.654 Y3.077 E.0205
G1 X-9.231 Y3.077 E.04632
G1 X-9.231 Y6.154 E.2469
G1 X-6.823 Y6.154 E.19324
;LAYER_CHANGE
;Z:2.2
;HEIGHT:0.183333
;BEFORE_LAYER_CHANGE
;2.2
G1 E-1.2 F2100
;WIPE_START
G1 F6000
G1 X-8.823 Y6.154
;WIPE_END
;AFTER_LAYER_CHANGE
;2.2
;_SET_FAN_SPEED_CHANGING_LAYER
G17
G3 Z2.6 I.444 J1.133 P1  F30000
G1 X3.2 Y1.446 Z2.6
G1 Z2.2
G1 E1.2 F2100
SET_VELOCITY_LIMIT ACCEL=5000
;TYPE:Inner wall
;HEIGHT:0.2
G1 F3265
G1 X3.189 Y1.475 E.00148
G1 X3.01 Y1.811 E.01789
G1 X2.797 Y2.126 E.01789
G1 X2.551 Y2.416 E.01789
G1 X2.275 Y2.678 E.01789
G1 X1.972 Y2.908 E.01789
G1 X1.646 Y3.104 E.01789
G1 X1.3 Y3.264 E.01789
G1 X.94 Y3.385 E.01789
G1 X.568 Y3.467 E.01789
G1 X.19 Y3.508 E.01789
G1 X-.19 Y3.508 E.01789
G1 X-.568 Y3.467 E.01789
G1 X-.94 Y3.385 E.01789
G1 X-1.3 Y3.264 E.01789
G1 X-1.646 Y3.104 E.01789
G1 X-1.972 Y2.908 E.01789
G1 X-2.275 Y2.678 E.01789
G1 X-2.551 Y2.416 E.01789
G1 X-2.797 Y2.126 E.01789
G1 X-3.01 Y1.811 E.01789
G1 X-3.189 Y1.475 E.01789
G1 X-3.329 Y1.122 E.01789
G1 X-3.431 Y.755 E.01789
G1 X-3.493 Y.38 E.01789
G1 X-3.513 Y0 E.01789
G1 X-3.493 Y-.38 E.01789
G1 X-3.429 Y-.769 E.01854
G1 X-3.273 Y-1.269 E.02463
G1 X-3.021 Y-1.796 E.0275
G1 X-2.797 Y-2.126 E.01874
G1 X-2.551 Y-2.416 E.01789
G1 X-2.275 Y-2.678 E.01789
G1 X-1.972 Y-2.908 E.01789
G1 X-1.646 Y-3.104 E.01789
G1 X-1.3 Y-3.264 E.01789
G1 X-.94 Y-3.385 E.01789
G1 X-.568 Y-3.467 E.01789
G1 X-.19 Y-3.508 E.01789
G1 X.19 Y-3.508 E.01789
G1 X.568 Y-3.467 E.01789
G1 X.94 Y-3.385 E.01789
G1 X1.3 Y-3.264 E.01789
G1 X1.646 Y-3.104 E.01789
G1 X1.983 Y-2.901 E.01854
G1 X2.39 Y-2.571 E.02463
G1 X2.787 Y-2.141 E.0275
G1 X3.01 Y-1.811 E.01874
G1 X3.189 Y-1.475 E.01789
G1 X3.329 Y-1.122 E.01789
G1 X3.431 Y-.755 E.01789
G1 X3.493 Y-.38 E.01789
G1 X3.514 Y.014 E.01854
G1 X3.47 Y.536 E.02463
G1 X3.336 Y1.105 E.0275
G1 X3.214 Y1.412 E.01556
SET_VELOCITY_LIMIT ACCEL=10000
G1 X2.664 Y1.232 F30000
SET_VELOCITY_LIMIT ACCEL=5000
;TYPE:Outer wall
G1 F3265
G1 X2.664 Y1.233 E.00001
G1 X2.515 Y1.513 E.01495
G1 X2.337 Y1.776 E.01495
G1 X2.131 Y2.019 E.01495
G1 X1.9 Y2.237 E.01495
G1 X1.647 Y2.43 E.01495
G1 X1.375 Y2.594 E.01495
G1 X1.087 Y2.727 E.01495
G1 X.785 Y2.828 E.01495
G1 X.475 Y2.897 E.01495
G1 X.159 Y2.931 E.01495
G1 X-.159 Y2.931 E.01495
G1 X-.475 Y2.897 E.01495
G1 X-.785 Y2.828 E.01495
G1 X-1.087 Y2.727 E.01495
G1 X-1.375 Y2.594 E.01495
G1 X-1.647 Y2.43 E.01495
G1 X-1.9 Y2.237 E.01495
G1 X-2.131 Y2.019 E.01495
G1 X-2.337 Y1.776 E.01495
G1 X-2.515 Y1.513 E.01495
G1 X-2.664 Y1.233 E.01495
G1 X-2.782 Y.937 E.01495
G1 X-2.867 Y.631 E.01495
G1 X-2.918 Y.317 E.01495
G1 X-2.935 Y0 E.01495
G1 X-2.918 Y-.317 E.01495
G1 X-2.866 Y-.636 E.01517
G1 X-2.735 Y-1.057 E.02077
G1 X-2.519 Y-1.508 E.0235
G1 X-2.337 Y-1.776 E.01524
G1 X-2.131 Y-2.019 E.01495
G1 X-1.9 Y-2.237 E.01495
G1 X-1.647 Y-2.43 E.01495
G1 X-1.375 Y-2.594 E.01495
G1 X-1.087 Y-2.727 E.01495
G1 X-.785 Y-2.828 E.01495
G1 X-.475 Y-2.897 E.01495
G1 X-.159 Y-2.931 E.01495
G1 X.159 Y-2.931 E.01495
G1 X.475 Y-2.897 E.01495
G1 X.785 Y-2.828 E.01495
G1 X1.087 Y-2.727 E.01495
G1 X1.375 Y-2.594 E.01495
G1 X1.651 Y-2.427 E.01517
G1 X1.995 Y-2.149 E.02077
G1 X2.333 Y-1.782 E.0235
G1 X2.515 Y-1.513 E.01524
G1 X2.664 Y-1.233 E.01495
G1 X2.782 Y-.937 E.01495
G1 X2.867 Y-.631 E.01495
G1 X2.918 Y-.317 E.01495
G1 X2.936 Y.005 E.01517
G1 X2.898 Y.445 E.02077
G1 X2.784 Y.931 E.0235
G1 X2.678 Y1.199 E.01354
SET_VELOCITY_LIMIT ACCEL=10000
G1 E-1.2 F2100
;WIPE_START
G1 F7200
G1 X2.664 Y1.233
G1 X2.515 Y1.513
G1 X2.337 Y1.776
G1 X2.131 Y2.019
G1 X1.9 Y2.237
G1 X1.647 Y2.43
G1 X1.375 Y2.594
G1 X1.324 Y2.617
;WIPE_END
G1 X-5.239 Y3.094 Z2.6 F30000
G1 Z2.2
G1 E1.2 F2100
SET_VELOCITY_LIMIT ACCEL=5000
;TYPE:Inner wall
G1 F3265
G1 X-5.413 Y2.778 E.01696
G1 X-5.701 Y2.127 E.03348
G1 X-5.868 Y1.596 E.02617
G1 X-5.99 Y1.068 E.02551
G1 X-6.074 Y.36 E.0335
G1 X-6.074 Y-.36 E.0339
G1 X-5.989 Y-1.076 E.0339
G1 X-5.819 Y-1.777 E.0339
G1 X-5.568 Y-2.453 E.0339
G1 X-5.413 Y-2.778 E.01696
G1 X-5.047 Y-3.399 E.0339
G1 X-4.836 Y-3.692 E.01696
G1 X-4.366 Y-4.238 E.0339
G1 X-4.107 Y-4.49 E.01696
G1 X-3.547 Y-4.944 E.0339
G1 X-2.938 Y-5.329 E.0339
G1 X-2.287 Y-5.639 E.0339
G1 X-1.949 Y-5.764 E.01696
G1 X-1.253 Y-5.954 E.0339
G1 X-.898 Y-6.018 E.01696
G1 X-.189 Y-6.082 E.03348
G1 X.367 Y-6.07 E.02617
G1 X.907 Y-6.017 E.02551
G1 X1.604 Y-5.87 E.0335
G1 X1.949 Y-5.764 E.01696
G1 X2.617 Y-5.493 E.0339
G1 X3.248 Y-5.145 E.0339
G1 X3.834 Y-4.725 E.0339
G1 X4.107 Y-4.49 E.01696
G1 X4.609 Y-3.972 E.0339
G1 X4.836 Y-3.692 E.01696
G1 X5.239 Y-3.094 E.0339
G1 X5.413 Y-2.778 E.01696
G1 X5.701 Y-2.127 E.03348
G1 X5.868 Y-1.596 E.02617
G1 X5.99 Y-1.068 E.02551
G1 X6.074 Y-.36 E.0335
G1 X6.074 Y.36 E.0339
G1 X5.989 Y1.076 E.0339
G1 X5.819 Y1.777 E.0339
G1 X5.568 Y2.453 E.0339
G1 X5.413 Y2.778 E.01696
G1 X5.051 Y3.392 E.03348
G1 X4.718 Y3.837 E.02617
G1 X4.36 Y4.244 E.02551
G1 X3.834 Y4.725 E.0335
G1 X3.248 Y5.145 E.0339
G1 X2.625 Y5.489 E.03348
G1 X2.111 Y5.703 E.02617
G1 X1.604 Y5.869 E.02509
G1 X1.069 Y5.987 E.02576
G1 X.532 Y6.061 E.02551
G1 X-.18 Y6.082 E.0335
G1 X-.54 Y6.061 E.01696
G1 X-.898 Y6.018 E.01696
G1 X-1.604 Y5.87 E.0339
G1 X-2.287 Y5.639 E.0339
G1 X-2.938 Y5.329 E.0339
G1 X-3.248 Y5.145 E.01696
G1 X-3.834 Y4.725 E.0339
G1 X-4.107 Y4.49 E.01696
G1 X-4.609 Y3.972 E.0339
G1 X-4.836 Y3.692 E.01696
G1 X-5.219 Y3.124 E.03221
SET_VELOCITY_LIMIT ACCEL=10000
G1 X-5.736 Y3.388 F30000
SET_VELOCITY_LIMIT ACCEL=5000
;TYPE:Outer wall
G1 F3265
G1 X-5.927 Y3.042 E.01857
G1 X-6.244 Y2.323 E.03697
G1 X-6.425 Y1.748 E.02832
G1 X-6.557 Y1.176 E.02765
G1 X-6.65 Y.395 E.03698
G1 X-6.65 Y-.395 E.03712
M73 P38 R3
G1 X-6.557 Y-1.178 E.03712
G1 X-6.476 Y-1.565 E.01857
G1 X-6.245 Y-2.32 E.03712
G1 X-5.927 Y-3.042 E.03712
G1 X-5.526 Y-3.722 E.03712
G1 X-5.295 Y-4.043 E.01857
G1 X-4.78 Y-4.64 E.03712
G1 X-4.497 Y-4.915 E.01857
G1 X-3.884 Y-5.413 E.03712
G1 X-3.216 Y-5.834 E.03712
G1 X-2.865 Y-6.014 E.01857
G1 X-2.134 Y-6.311 E.03712
G1 X-1.756 Y-6.426 E.01857
G1 X-.984 Y-6.589 E.03712
G1 X-.201 Y-6.659 E.03697
G1 X.402 Y-6.647 E.02832
G1 X.987 Y-6.589 E.02765
G1 X1.756 Y-6.426 E.03698
G1 X2.504 Y-6.174 E.03712
G1 X2.865 Y-6.014 E.01857
G1 X3.556 Y-5.633 E.03712
G1 X4.198 Y-5.173 E.03712
G1 X4.78 Y-4.64 E.03712
G1 X5.047 Y-4.349 E.01857
G1 X5.526 Y-3.722 E.03712
G1 X5.736 Y-3.388 E.01857
G1 X5.927 Y-3.042 E.01857
G1 X6.244 Y-2.323 E.03697
G1 X6.425 Y-1.748 E.02832
G1 X6.557 Y-1.176 E.02765
G1 X6.65 Y-.395 E.03698
G1 X6.65 Y.395 E.03712
G1 X6.557 Y1.178 E.03712
G1 X6.476 Y1.565 E.01857
G1 X6.245 Y2.32 E.03712
G1 X5.927 Y3.042 E.03712
G1 X5.527 Y3.719 E.03697
G1 X5.166 Y4.201 E.02832
G1 X4.778 Y4.643 E.02765
G1 X4.198 Y5.173 E.03698
G1 X3.556 Y5.633 E.03712
G1 X2.868 Y6.013 E.03697
G1 X2.312 Y6.245 E.02832
G1 X1.756 Y6.426 E.0275
G1 X1.171 Y6.555 E.02818
G1 X.589 Y6.636 E.02765
G1 X-.197 Y6.659 E.03698
G1 X-.592 Y6.636 E.01857
G1 X-1.372 Y6.519 E.03712
G1 X-1.756 Y6.426 E.01857
G1 X-2.504 Y6.174 E.03712
G1 X-3.216 Y5.834 E.03712
G1 X-3.884 Y5.413 E.03712
G1 X-4.198 Y5.173 E.01857
G1 X-4.78 Y4.64 E.03712
G1 X-5.047 Y4.349 E.01857
G1 X-5.526 Y3.722 E.03712
G1 X-5.717 Y3.418 E.01687
SET_VELOCITY_LIMIT ACCEL=10000
G1 E-1.2 F2100
;WIPE_START
G1 F7200
G1 X-5.927 Y3.042
G1 X-6.244 Y2.323
G1 X-6.425 Y1.748
G1 X-6.466 Y1.572
;WIPE_END
G1 X-4.659 Y-.995 Z2.6 F30000
G1 Z2.2
G1 E1.2 F2100
;TYPE:Sparse infill
G1 F3265
G1 X-4.74 Y-.544 E.02151
G1 X-4.762 Y-.303 E.01141
G1 X-4.762 Y.283 E.02752
G1 X-4.695 Y.844 E.02658
G1 X-4.587 Y1.289 E.02153
G1 X-1.28 Y4.596 E.21993
G1 X-.704 Y4.718 E.02769
G1 X-.141 Y4.768 E.02658
G1 X.425 Y4.751 E.02663
G1 X.967 Y4.671 E.02577
G1 X1.242 Y4.606 E.0133
G1 X1.793 Y4.42 E.02733
G1 X2.321 Y4.169 E.02752
G1 X2.53 Y4.045 E.01141
G1 X3.022 Y3.692 E.02847
G1 X3.207 Y3.533 E.01147
G1 X3.368 Y3.368 E.01086
G1 X2.727 Y2.727 E.04264
G1 X3.073 Y2.336 E.02455
G1 X3.308 Y1.99 E.01965
G1 X3.503 Y1.621 E.01966
G1 X3.667 Y1.209 E.02084
G1 X3.783 Y.716 E.02383
G1 X4.659 Y.994 F30000
G1 F3265
G1 X4.74 Y.544 E.02149
G1 X4.771 Y.02 E.0247
G1 X4.735 Y-.584 E.02847
G1 X4.7 Y-.824 E.01141
G1 X4.587 Y-1.289 E.02247
G1 X1.28 Y-4.596 E.21993
G1 X.703 Y-4.718 E.02774
G1 X.157 Y-4.768 E.02577
G1 X-.125 Y-4.769 E.0133
G1 X-.704 Y-4.718 E.02733
G1 X-1.277 Y-4.597 E.02752
G1 X-1.528 Y-4.52 E.01235
G1 X-1.775 Y-4.429 E.01236
G1 X-2.303 Y-4.177 E.02752
G1 X-2.781 Y-3.876 E.02658
G1 X-3.221 Y-3.519 E.02663
G1 X-3.368 Y-3.368 E.00991
G1 X-2.727 Y-2.727 E.04264
G1 X-3.073 Y-2.336 E.02455
G1 X-3.322 Y-1.969 E.02084
G1 X-3.596 Y-1.396 E.0299
G1 X-3.767 Y-.849 E.02695
G1 X-3.788 Y-.717 E.00629
G1 E-1.2 F2100
;WIPE_START
G1 F6000
G1 X-3.767 Y-.849
G1 X-3.596 Y-1.396
G1 X-3.322 Y-1.969
G1 X-3.073 Y-2.336
G1 X-2.931 Y-2.496
;WIPE_END
G1 X4.372 Y-.277 Z2.6 F30000
G1 X5.422 Y.043 Z2.6
G1 Z2.2
G1 E1.2 F2100
SET_VELOCITY_LIMIT ACCEL=7000
;TYPE:Internal solid infill
;WIDTH:0.775299
G1 F3265
G1 X5.335 Y-.954 E.05969
G1 X5.193 Y-1.564 E.0374
G1 X4.836 Y-2.439 E.05639
G1 X4.501 Y-3.014 E.03975
G1 X4.113 Y-3.54 E.03894
G1 X3.448 Y-4.188 E.05544
G1 X2.909 Y-4.58 E.0398
G1 X2.346 Y-4.893 E.03845
G1 X1.771 Y-5.119 E.03687
G1 X.84 Y-5.36 E.05736
G1 X.328 Y-5.413 E.03074
G1 X-.161 Y-5.415 E.02915
G1 X-.775 Y-5.36 E.03681
G1 X-1.428 Y-5.226 E.0398
G1 X-1.999 Y-5.043 E.03577
G1 X-2.607 Y-4.759 E.04006
G1 X-3.152 Y-4.417 E.03839
G1 X-3.647 Y-4.005 E.03842
G1 X-4.079 Y-3.565 E.0368
G1 X-4.474 Y-3.068 E.03793
G1 X-4.813 Y-2.486 E.04018
G1 X-5.078 Y-1.901 E.03832
G1 X-5.267 Y-1.287 E.03834
G1 X-5.384 Y-.641 E.03916
G1 X-5.418 Y.283 E.05518
G1 X-5.343 Y.945 E.03981
G1 X-5.187 Y1.584 E.03922
G1 X-4.836 Y2.439 E.05519
G1 X-4.493 Y3.026 E.04055
G1 X-4.107 Y3.534 E.03808
G1 X-3.422 Y4.211 E.05747
G1 X-2.67 Y4.721 E.05425
G1 X-2.036 Y5.021 E.04183
G1 X-1.428 Y5.226 E.03831
G1 X-.842 Y5.359 E.03589
G1 X-.175 Y5.424 E.03994
G1 X.469 Y5.406 E.03845
G1 X1.08 Y5.315 E.03687
G1 X1.881 Y5.083 E.0498
G1 X2.617 Y4.749 E.04826
G1 X3.403 Y4.227 E.05627
G1 X3.885 Y3.778 E.0393
G1 X4.475 Y3.069 E.05507
G1 X4.813 Y2.486 E.04021
G1 X5.078 Y1.901 E.03832
G1 X5.267 Y1.287 E.03834
G1 X5.384 Y.641 E.03916
G1 X5.42 Y.079 E.03365
;LAYER_CHANGE
;Z:2.38
;HEIGHT:0.18
;BEFORE_LAYER_CHANGE
;2.38
G1 E-1.2 F2100
;WIPE_START
G1 F9000
G1 X5.384 Y.641
G1 X5.267 Y1.287
G1 X5.078 Y1.901
G1 X5.021 Y2.026
;WIPE_END
;AFTER_LAYER_CHANGE
;2.38
;_SET_FAN_SPEED_CHANGING_LAYER
SET_VELOCITY_LIMIT ACCEL=10000
G17
G3 Z2.78 I-1.136 J.437 P1  F30000
G1 X6.528 Y5.943 Z2.78
G1 Z2.38
G1 E1.2 F2100
;TYPE:Support
;WIDTH:0.62
;HEIGHT:0.2
G1 F4060
G1 X6.743 Y5.704 E.01512
G1 X6.749 Y5.696 E.00048
G1 X7.078 Y5.282 E.02486
G1 X7.084 Y5.274 E.00048
G1 X7.387 Y4.841 E.02485
G1 X7.392 Y4.832 E.00048
G1 X7.668 Y4.381 E.02486
G1 X7.673 Y4.372 E.0005
G1 X7.932 Y3.881 E.02607
G1 X7.936 Y3.873 E.00045
G1 X8.144 Y3.415 E.02362
G1 X8.148 Y3.406 E.00048
G1 X8.274 Y3.077 E.01657
G1 X7.016 Y3.077 E.05919
G1 X7.178 Y2.677 E.0203
G1 X7.185 Y2.658 E.00096
G1 X7.324 Y2.247 E.02039
G1 X7.33 Y2.228 E.00096
G1 X7.444 Y1.809 E.02039
G1 X7.449 Y1.789 E.00096
G1 X7.538 Y1.365 E.02039
G1 X7.542 Y1.345 E.00096
G1 X7.606 Y.916 E.02039
G1 X7.608 Y.896 E.00096
G1 X7.647 Y.464 E.02039
G1 X7.648 Y.444 E.00096
G1 X7.661 Y.01 E.02039
G1 X7.661 Y0 E.00048
G1 X8.827 Y0 E.05483
G1 X8.826 Y-.291 E.01368
G1 X8.826 Y-.301 E.00045
G1 X8.795 Y-.802 E.02362
G1 X8.794 Y-.812 E.00048
G1 X8.73 Y-1.337 E.02485
G1 X8.728 Y-1.347 E.00047
G1 X8.632 Y-1.866 E.02486
G1 X8.63 Y-1.876 E.00047
G1 X8.502 Y-2.389 E.02487
G1 X8.499 Y-2.4 E.0005
G1 X8.331 Y-2.928 E.02607
G1 X8.328 Y-2.937 E.00045
G1 X8.274 Y-3.077 E.00706
G1 X7.016 Y-3.077 E.05919
G1 X7.015 Y-3.079 E.00009
G1 X7.007 Y-3.098 E.00096
G1 X6.82 Y-3.489 E.02039
G1 X6.811 Y-3.507 E.00096
G1 X6.601 Y-3.887 E.02039
G1 X6.591 Y-3.905 E.00096
G1 X6.36 Y-4.271 E.02039
G1 X6.348 Y-4.288 E.00096
G1 X6.095 Y-4.64 E.02039
G1 X6.083 Y-4.657 E.00096
G1 X5.81 Y-4.993 E.02039
G1 X5.796 Y-5.009 E.00096
G1 X5.504 Y-5.329 E.02039
G1 X5.49 Y-5.343 E.00096
G1 X5.178 Y-5.645 E.02039
G1 X5.163 Y-5.659 E.00096
G1 X4.835 Y-5.942 E.02039
G1 X4.819 Y-5.955 E.00096
G1 X4.788 Y-5.979 E.00185
G1 X6.549 Y-6.154 F30000
;HEIGHT:0.363333
G1 F4060
G1 X9.231 Y-6.154 E.21522
G1 X9.231 Y-3.077 E.2469
G1 X8.443 Y-3.077 E.06329
M73 P39 R3
G1 X8.476 Y-2.991 E.00739
G1 X8.48 Y-2.978 E.00114
G1 X8.65 Y-2.445 E.04487
G1 X8.654 Y-2.43 E.00125
G1 X8.783 Y-1.912 E.04282
G1 X8.786 Y-1.897 E.00119
G1 X8.883 Y-1.373 E.04281
G1 X8.885 Y-1.358 E.0012
G1 X8.95 Y-.829 E.0428
G1 X8.952 Y-.814 E.00119
G1 X8.983 Y-.308 E.04068
G1 X8.983 Y-.294 E.00114
G1 X8.984 Y0 E.02356
G1 X9.231 Y0 E.01985
G1 X9.231 Y3.077 E.2469
G1 X8.443 Y3.077 E.06329
G1 X8.294 Y3.465 E.03329
G1 X8.288 Y3.478 E.0012
G1 X8.078 Y3.94 E.04069
G1 X8.072 Y3.953 E.00114
G1 X7.811 Y4.447 E.04487
G1 X7.804 Y4.461 E.00125
G1 X7.525 Y4.916 E.04283
G1 X7.517 Y4.929 E.00119
G1 X7.211 Y5.366 E.04279
G1 X7.202 Y5.378 E.0012
G1 X6.871 Y5.795 E.04279
G1 X6.861 Y5.807 E.0012
G1 X6.549 Y6.154 E.03748
G1 X9.231 Y6.154 E.21522
G1 E-1.2 F2100
;WIPE_START
G1 F6000
G1 X7.231 Y6.154
;WIPE_END
G1 X1.956 Y8.77 Z2.78 F30000
G1 Z2.38
G1 E1.2 F2100
G1 F4060
G1 X2.297 Y8.69 E.02815
G1 X2.312 Y8.686 E.00119
G1 X2.823 Y8.534 E.04279
G1 X2.837 Y8.529 E.0012
G1 X3.338 Y8.346 E.0428
G1 X3.351 Y8.34 E.0012
G1 X3.84 Y8.127 E.04279
G1 X3.854 Y8.121 E.0012
G1 X4.329 Y7.878 E.0428
G1 X4.342 Y7.87 E.0012
G1 X4.801 Y7.599 E.04279
G1 X4.813 Y7.591 E.0012
G1 X5.255 Y7.292 E.0428
G1 X5.267 Y7.284 E.0012
G1 X5.69 Y6.958 E.04279
G1 X5.701 Y6.949 E.0012
G1 X6.104 Y6.599 E.0428
G1 X6.114 Y6.588 E.0012
G1 X6.154 Y6.549 E.00447
G1 X6.154 Y9.231 E.2152
G1 X-6.154 Y9.231 E.98761
G1 X-6.154 Y6.546 E.21544
G1 X-5.911 Y6.772 E.02663
G1 X-5.899 Y6.782 E.0012
G1 X-5.487 Y7.12 E.04279
G1 X-5.475 Y7.129 E.0012
G1 X-5.043 Y7.441 E.04279
G1 X-5.03 Y7.449 E.00119
G1 X-4.579 Y7.735 E.04283
G1 X-4.567 Y7.742 E.00118
G1 X-4.1 Y7.999 E.04278
G1 X-4.086 Y8.006 E.0012
G1 X-3.604 Y8.234 E.04282
G1 X-3.59 Y8.241 E.00125
G1 X-3.07 Y8.447 E.04487
G1 X-3.057 Y8.452 E.00114
G1 X-2.575 Y8.612 E.04069
G1 X-2.561 Y8.616 E.0012
G1 X-2.046 Y8.753 E.04278
G1 X-2.031 Y8.756 E.0012
G1 X-1.964 Y8.77 E.00551
G1 X-4.323 Y6.321 F30000
;HEIGHT:0.2
G1 F4060
G1 X-4.098 Y6.472 E.01275
G1 X-4.081 Y6.483 E.00096
G1 X-3.707 Y6.704 E.02039
G1 X-3.69 Y6.714 E.00096
G1 X-3.304 Y6.912 E.02039
G1 X-3.285 Y6.92 E.00096
G1 X-2.889 Y7.095 E.02039
G1 X-2.87 Y7.103 E.00096
G1 X-2.463 Y7.254 E.02039
G1 X-2.444 Y7.26 E.00096
G1 X-2.029 Y7.387 E.02039
G1 X-2.009 Y7.393 E.00096
G1 X-1.588 Y7.494 E.02039
G1 X-1.568 Y7.499 E.00096
G1 X-1.141 Y7.575 E.02039
G1 X-1.121 Y7.578 E.00096
G1 X-.69 Y7.63 E.02039
G1 X-.67 Y7.631 E.00096
G1 X-.237 Y7.657 E.02039
G1 X-.217 Y7.658 E.00096
G1 X.217 Y7.658 E.02039
G1 X.237 Y7.657 E.00096
G1 X.67 Y7.631 E.02039
G1 X.69 Y7.63 E.00096
G1 X1.121 Y7.578 E.02039
G1 X1.141 Y7.575 E.00096
G1 X1.347 Y7.538 E.00986
G1 X1.568 Y7.499 E.01054
G1 X1.588 Y7.494 E.00096
G1 X2.009 Y7.393 E.02039
G1 X2.029 Y7.387 E.00096
G1 X2.444 Y7.26 E.02039
G1 X2.463 Y7.254 E.00096
G1 X2.66 Y7.181 E.00986
G1 X2.87 Y7.103 E.01054
G1 X2.889 Y7.095 E.00096
G1 X3.285 Y6.92 E.02039
G1 X3.304 Y6.912 E.00096
G1 X3.69 Y6.714 E.02039
G1 X3.707 Y6.704 E.00096
G1 X4.081 Y6.483 E.02039
G1 X4.098 Y6.472 E.00096
G1 X4.458 Y6.23 E.02039
G1 X4.474 Y6.218 E.00096
G1 X4.558 Y6.154 E.00497
G1 X6.332 Y6.154 E.08338
G1 X6.006 Y6.475 E.02149
G1 X5.999 Y6.482 E.00048
G1 X5.6 Y6.829 E.02486
G1 X5.592 Y6.835 E.00047
G1 X5.173 Y7.158 E.02485
G1 X5.165 Y7.164 E.00048
G1 X4.727 Y7.46 E.02485
G1 X4.719 Y7.465 E.00048
G1 X4.264 Y7.734 E.02485
G1 X4.255 Y7.739 E.00048
G1 X3.784 Y7.98 E.02485
G1 X3.775 Y7.984 E.00048
G1 X3.291 Y8.195 E.02485
G1 X3.281 Y8.199 E.00048
G1 X2.785 Y8.381 E.02485
G1 X2.775 Y8.384 E.00048
G1 X2.269 Y8.535 E.02485
G1 X2.259 Y8.538 E.00048
G1 X1.744 Y8.657 E.02486
G1 X1.735 Y8.659 E.00047
G1 X1.213 Y8.748 E.02486
G1 X1.203 Y8.749 E.00048
G1 X.678 Y8.805 E.02485
G1 X.668 Y8.806 E.00048
G1 X.14 Y8.83 E.02485
G1 X.13 Y8.831 E.00048
G1 X-.399 Y8.822 E.02485
G1 X-.409 Y8.822 E.00048
G1 X-.936 Y8.782 E.02486
G1 X-.946 Y8.781 E.00048
G1 X-1.47 Y8.708 E.02485
G1 X-1.48 Y8.707 E.00048
G1 X-1.998 Y8.603 E.02485
G1 X-2.008 Y8.6 E.00048
G1 X-2.518 Y8.465 E.02485
G1 X-2.528 Y8.462 E.00048
G1 X-3.005 Y8.304 E.02362
G1 X-3.014 Y8.3 E.00045
G1 X-3.529 Y8.096 E.02607
G1 X-3.539 Y8.091 E.0005
G1 X-4.017 Y7.865 E.02486
G1 X-4.026 Y7.86 E.00048
G1 X-4.489 Y7.606 E.02485
G1 X-4.498 Y7.6 E.00048
G1 X-4.944 Y7.318 E.02485
G1 X-4.953 Y7.312 E.00047
G1 X-5.381 Y7.003 E.02486
G1 X-5.389 Y6.997 E.00048
G1 X-5.798 Y6.662 E.02485
G1 X-5.806 Y6.655 E.00048
G1 X-6.193 Y6.296 E.02485
G1 X-6.201 Y6.289 E.00048
G1 X-6.329 Y6.154 E.00875
G1 X-4.558 Y6.154 E.08327
G1 X-4.819 Y5.955 E.01542
G1 X-4.835 Y5.942 E.00096
G1 X-5.163 Y5.659 E.02039
G1 X-5.178 Y5.645 E.00096
G1 X-5.49 Y5.343 E.02039
G1 X-5.504 Y5.329 E.00096
G1 X-5.796 Y5.009 E.02039
G1 X-5.81 Y4.993 E.00096
G1 X-6.083 Y4.657 E.02039
G1 X-6.095 Y4.64 E.00096
G1 X-6.348 Y4.288 E.02039
G1 X-6.36 Y4.271 E.00096
G1 X-6.591 Y3.905 E.02039
G1 X-6.601 Y3.887 E.00096
G1 X-6.811 Y3.507 E.02039
G1 X-6.82 Y3.489 E.00096
G1 X-6.892 Y3.338 E.00787
G1 X-9.231 Y-6.154 F30000
;HEIGHT:0.363333
G1 F4060
G1 X-6.546 Y-6.154 E.21544
G1 X-6.681 Y-6.013 E.01566
G1 X-6.692 Y-6.001 E.00125
G1 X-7.051 Y-5.573 E.04487
G1 X-7.06 Y-5.562 E.00114
G1 X-7.363 Y-5.155 E.04069
G1 X-7.372 Y-5.143 E.0012
G1 X-7.664 Y-4.697 E.04279
G1 X-7.672 Y-4.684 E.00121
G1 X-7.936 Y-4.221 E.04278
G1 X-7.943 Y-4.208 E.0012
G1 X-8.178 Y-3.729 E.04279
G1 X-8.185 Y-3.716 E.0012
G1 X-8.39 Y-3.224 E.0428
G1 X-8.396 Y-3.21 E.0012
G1 X-8.442 Y-3.077 E.01129
G1 X-9.231 Y-3.077 E.06331
G1 X-9.231 Y0 E.2469
G1 X-8.989 Y0 E.01947
G1 X-8.989 Y.007 E.0006
G1 X-8.972 Y.541 E.04279
G1 X-8.971 Y.555 E.0012
G1 X-8.923 Y1.086 E.04278
G1 X-8.921 Y1.101 E.0012
G1 X-8.84 Y1.628 E.0428
G1 X-8.837 Y1.643 E.0012
G1 X-8.724 Y2.165 E.04281
G1 X-8.72 Y2.18 E.00125
G1 X-8.567 Y2.718 E.04487
G1 X-8.563 Y2.731 E.00114
G1 X-8.442 Y3.077 E.02939
G1 X-9.231 Y3.077 E.06331
G1 X-9.231 Y6.154 E.2469
G1 X-6.546 Y6.154 E.21544
G1 X-6.528 Y5.946 F30000
;HEIGHT:0.2
G1 F4060
G1 X-6.566 Y5.906 E.00254
G1 X-6.572 Y5.899 E.00048
G1 X-6.914 Y5.495 E.02485
G1 X-6.92 Y5.487 E.00048
G1 X-7.236 Y5.064 E.02486
G1 X-7.242 Y5.055 E.00047
G1 X-7.531 Y4.613 E.02485
G1 X-7.536 Y4.604 E.00048
G1 X-7.798 Y4.145 E.02485
G1 X-7.803 Y4.136 E.00048
G1 X-8.036 Y3.662 E.02486
G1 X-8.041 Y3.653 E.00048
G1 X-8.245 Y3.165 E.02485
G1 X-8.248 Y3.156 E.00048
G1 X-8.276 Y3.077 E.00393
G1 X-7.016 Y3.077 E.05927
G1 X-7.178 Y2.677 E.0203
G1 X-7.185 Y2.658 E.00096
G1 X-7.324 Y2.247 E.02039
G1 X-7.33 Y2.228 E.00096
G1 X-7.389 Y2.011 E.01054
G1 X-7.444 Y1.809 E.00986
G1 X-7.449 Y1.789 E.00096
G1 X-7.538 Y1.365 E.02039
G1 X-7.542 Y1.345 E.00096
G1 X-7.606 Y.916 E.02039
G1 X-7.608 Y.896 E.00096
G1 X-7.647 Y.464 E.02039
G1 X-7.648 Y.444 E.00096
G1 X-7.661 Y.01 E.02039
G1 X-7.661 Y0 E.00048
G1 X-8.831 Y0 E.05505
G1 X-8.831 Y-.005 E.00024
G1 X-8.815 Y-.533 E.02486
G1 X-8.815 Y-.543 E.00047
G1 X-8.766 Y-1.07 E.02486
G1 X-8.765 Y-1.08 E.00047
G1 X-8.685 Y-1.602 E.02485
G1 X-8.683 Y-1.612 E.00048
G1 X-8.571 Y-2.129 E.02485
G1 X-8.569 Y-2.139 E.00048
G1 X-8.425 Y-2.647 E.02486
G1 X-8.422 Y-2.657 E.00047
G1 X-8.276 Y-3.077 E.02092
G1 X-7.016 Y-3.077 E.05927
G1 X-7.015 Y-3.079 E.00009
G1 X-7.007 Y-3.098 E.00096
G1 X-6.82 Y-3.489 E.02039
G1 X-6.811 Y-3.507 E.00096
G1 X-6.601 Y-3.887 E.02039
G1 X-6.591 Y-3.904 E.00096
G1 X-6.36 Y-4.271 E.02039
G1 X-6.348 Y-4.288 E.00096
G1 X-6.095 Y-4.64 E.02039
G1 X-6.083 Y-4.657 E.00096
G1 X-5.81 Y-4.993 E.02039
G1 X-5.796 Y-5.009 E.00096
G1 X-5.504 Y-5.329 E.02039
G1 X-5.49 Y-5.343 E.00096
G1 X-5.178 Y-5.645 E.02039
G1 X-5.163 Y-5.659 E.00096
G1 X-4.835 Y-5.942 E.02039
G1 X-4.819 Y-5.955 E.00096
G1 X-4.558 Y-6.154 E.01542
G1 X-6.329 Y-6.154 E.08327
G1 X-6.201 Y-6.289 E.00875
G1 X-6.193 Y-6.296 E.00048
G1 X-5.806 Y-6.655 E.02485
G1 X-5.798 Y-6.662 E.00048
G1 X-5.389 Y-6.997 E.02485
G1 X-5.381 Y-7.003 E.00048
G1 X-4.974 Y-7.297 E.02363
G1 X-4.966 Y-7.302 E.00045
G1 X-4.498 Y-7.6 E.02607
G1 X-4.489 Y-7.605 E.0005
G1 X-4.026 Y-7.86 E.02486
G1 X-4.017 Y-7.865 E.00047
G1 X-3.539 Y-8.091 E.02486
G1 X-3.53 Y-8.095 E.00047
G1 X-3.039 Y-8.292 E.02486
G1 X-3.03 Y-8.295 E.00047
G1 X-2.528 Y-8.462 E.02486
G1 X-2.518 Y-8.465 E.00047
G1 X-2.033 Y-8.594 E.02362
G1 X-2.024 Y-8.596 E.00045
G1 X-1.48 Y-8.707 E.02607
G1 X-1.47 Y-8.708 E.0005
G1 X-.946 Y-8.781 E.02486
G1 X-.936 Y-8.782 E.00048
G1 X-.409 Y-8.822 E.02486
G1 X-.399 Y-8.822 E.00048
G1 X.13 Y-8.831 E.02485
G1 X.14 Y-8.83 E.00048
G1 X.642 Y-8.807 E.02362
G1 X.651 Y-8.807 E.00045
G1 X1.203 Y-8.749 E.02607
G1 X1.213 Y-8.748 E.0005
G1 X1.735 Y-8.659 E.02487
G1 X1.744 Y-8.657 E.00047
G1 X2.259 Y-8.538 E.02485
G1 X2.269 Y-8.535 E.00048
G1 X2.775 Y-8.384 E.02485
G1 X2.785 Y-8.381 E.00048
G1 X3.257 Y-8.208 E.02362
G1 X3.266 Y-8.205 E.00045
G1 X3.775 Y-7.984 E.02607
G1 X3.784 Y-7.98 E.0005
G1 X4.255 Y-7.739 E.02487
G1 X4.264 Y-7.734 E.00048
G1 X4.696 Y-7.478 E.02362
G1 X4.704 Y-7.473 E.00045
G1 X5.164 Y-7.164 E.02607
G1 X5.173 Y-7.158 E.0005
G1 X5.592 Y-6.835 E.02487
G1 X5.6 Y-6.829 E.00047
G1 X5.979 Y-6.499 E.02363
G1 X5.986 Y-6.492 E.00045
G1 X6.331 Y-6.154 E.02273
G1 X4.558 Y-6.154 E.08337
G1 X4.474 Y-6.218 E.00497
G1 X4.458 Y-6.23 E.00096
G1 X4.098 Y-6.472 E.02039
G1 X4.081 Y-6.483 E.00096
G1 X3.707 Y-6.704 E.02039
G1 X3.69 Y-6.714 E.00096
G1 X3.304 Y-6.912 E.02039
G1 X3.285 Y-6.92 E.00096
G1 X2.889 Y-7.095 E.02039
G1 X2.87 Y-7.103 E.00096
G1 X2.463 Y-7.254 E.02039
G1 X2.444 Y-7.26 E.00096
G1 X2.029 Y-7.387 E.02039
G1 X2.009 Y-7.393 E.00096
G1 X1.588 Y-7.494 E.02039
G1 X1.568 Y-7.499 E.00096
G1 X1.141 Y-7.575 E.02039
G1 X1.121 Y-7.578 E.00096
G1 X.69 Y-7.63 E.02039
G1 X.67 Y-7.631 E.00096
G1 X.461 Y-7.644 E.00986
G1 X.237 Y-7.657 E.01054
G1 X.217 Y-7.658 E.00096
G1 X-.217 Y-7.658 E.02039
G1 X-.237 Y-7.657 E.00096
G1 X-.67 Y-7.631 E.02039
G1 X-.69 Y-7.63 E.00096
G1 X-1.121 Y-7.578 E.02039
G1 X-1.141 Y-7.575 E.00096
G1 X-1.568 Y-7.499 E.02039
G1 X-1.588 Y-7.494 E.00096
G1 X-2.009 Y-7.393 E.02039
G1 X-2.029 Y-7.387 E.00096
G1 X-2.444 Y-7.26 E.02039
G1 X-2.463 Y-7.254 E.00096
G1 X-2.87 Y-7.103 E.02039
G1 X-2.889 Y-7.095 E.00096
G1 X-3.285 Y-6.92 E.02039
G1 X-3.304 Y-6.912 E.00096
G1 X-3.69 Y-6.714 E.02039
G1 X-3.707 Y-6.704 E.00096
G1 X-4.081 Y-6.483 E.02039
G1 X-4.098 Y-6.472 E.00096
G1 X-4.323 Y-6.321 E.01275
G1 X-1.957 Y-8.77 F30000
;HEIGHT:0.363333
G1 F4060
G1 X-2.057 Y-8.749 E.00819
G1 X-2.071 Y-8.746 E.00114
G1 X-2.561 Y-8.616 E.04068
G1 X-2.575 Y-8.612 E.0012
G1 X-3.082 Y-8.444 E.0428
G1 X-3.096 Y-8.439 E.0012
G1 X-3.591 Y-8.24 E.04279
G1 X-3.604 Y-8.234 E.0012
G1 X-4.086 Y-8.006 E.0428
G1 X-4.1 Y-7.999 E.0012
G1 X-4.567 Y-7.742 E.04282
G1 X-4.581 Y-7.734 E.00125
G1 X-5.052 Y-7.433 E.04487
G1 X-5.064 Y-7.425 E.00114
G1 X-5.475 Y-7.129 E.04068
G1 X-5.487 Y-7.12 E.0012
G1 X-5.899 Y-6.782 E.04279
G1 X-5.911 Y-6.772 E.0012
G1 X-6.154 Y-6.546 E.02663
G1 X-6.154 Y-9.231 E.21544
G1 X6.154 Y-9.231 E.98761
G1 X6.154 Y-6.547 E.21535
G1 X6.094 Y-6.606 E.00674
M73 P40 R3
G1 X6.084 Y-6.616 E.00114
G1 X5.701 Y-6.949 E.04069
G1 X5.69 Y-6.958 E.0012
G1 X5.267 Y-7.284 E.04282
G1 X5.254 Y-7.293 E.00125
G1 X4.79 Y-7.605 E.04487
G1 X4.778 Y-7.613 E.00114
G1 X4.342 Y-7.87 E.04068
G1 X4.329 Y-7.878 E.0012
G1 X3.853 Y-8.121 E.04283
G1 X3.839 Y-8.127 E.00125
G1 X3.326 Y-8.35 E.04487
G1 X3.313 Y-8.355 E.00114
G1 X2.837 Y-8.529 E.04069
G1 X2.823 Y-8.534 E.0012
G1 X2.312 Y-8.686 E.04279
G1 X2.297 Y-8.69 E.00119
G1 X1.956 Y-8.77 E.02814
;LAYER_CHANGE
;Z:2.4
;HEIGHT:0.02
;BEFORE_LAYER_CHANGE
;2.4
G1 E-1.2 F2100
;WIPE_START
G1 F6000
G1 X2.297 Y-8.69
G1 X2.312 Y-8.686
G1 X2.823 Y-8.534
G1 X2.837 Y-8.529
G1 X3.313 Y-8.355
G1 X3.326 Y-8.35
G1 X3.839 Y-8.127
G1 X3.844 Y-8.125
;WIPE_END
;AFTER_LAYER_CHANGE
;2.4
;_SET_FAN_SPEED_CHANGING_LAYER
G17
G3 Z2.8 I-1.214 J-.082 P1  F30000
G1 X3.2 Y1.446 Z2.8
G1 Z2.4
G1 E1.2 F2100
SET_VELOCITY_LIMIT ACCEL=5000
;TYPE:Inner wall
;HEIGHT:0.2
G1 F4060
G1 X3.189 Y1.475 E.00149
G1 X3.01 Y1.811 E.01789
G1 X2.797 Y2.126 E.01789
G1 X2.551 Y2.416 E.01789
G1 X2.275 Y2.678 E.01789
G1 X1.972 Y2.908 E.01789
G1 X1.646 Y3.104 E.01789
G1 X1.3 Y3.264 E.01789
G1 X.94 Y3.385 E.01789
G1 X.568 Y3.467 E.01789
G1 X.19 Y3.508 E.01789
G1 X-.19 Y3.508 E.01789
G1 X-.568 Y3.467 E.01789
G1 X-.94 Y3.385 E.01789
G1 X-1.3 Y3.264 E.01789
G1 X-1.646 Y3.104 E.01789
G1 X-1.972 Y2.908 E.01789
G1 X-2.275 Y2.678 E.01789
G1 X-2.551 Y2.416 E.01789
G1 X-2.797 Y2.126 E.01789
G1 X-3.01 Y1.811 E.01789
G1 X-3.189 Y1.475 E.01789
G1 X-3.329 Y1.122 E.01789
G1 X-3.431 Y.755 E.01789
G1 X-3.493 Y.38 E.01789
G1 X-3.513 Y0 E.01789
G1 X-3.493 Y-.38 E.01789
G1 X-3.431 Y-.755 E.01789
G1 X-3.329 Y-1.122 E.01789
G1 X-3.184 Y-1.487 E.01847
G1 X-2.949 Y-1.902 E.02245
G1 X-2.797 Y-2.126 E.01273
G1 X-2.551 Y-2.416 E.01789
G1 X-2.275 Y-2.678 E.01789
G1 X-1.972 Y-2.908 E.01789
G1 X-1.646 Y-3.104 E.01789
G1 X-1.3 Y-3.264 E.01789
G1 X-.94 Y-3.385 E.01789
G1 X-.568 Y-3.467 E.01789
G1 X-.19 Y-3.508 E.01789
G1 X.19 Y-3.508 E.01789
G1 X.581 Y-3.466 E.01847
G1 X1.044 Y-3.35 E.02245
G1 X1.3 Y-3.264 E.01273
G1 X1.646 Y-3.104 E.01789
G1 X1.972 Y-2.908 E.01789
G1 X2.275 Y-2.678 E.01789
G1 X2.551 Y-2.416 E.01789
G1 X2.797 Y-2.126 E.01789
G1 X3.01 Y-1.811 E.01789
G1 X3.189 Y-1.475 E.01789
G1 X3.329 Y-1.122 E.01789
G1 X3.431 Y-.755 E.01789
G1 X3.493 Y-.38 E.01789
G1 X3.513 Y0 E.01789
G1 X3.493 Y.38 E.01789
G1 X3.429 Y.767 E.01847
G1 X3.289 Y1.224 E.02245
G1 X3.214 Y1.412 E.00955
SET_VELOCITY_LIMIT ACCEL=10000
G1 X2.664 Y1.232 F30000
SET_VELOCITY_LIMIT ACCEL=5000
;TYPE:Outer wall
G1 F4060
G1 X2.664 Y1.233 E.00002
G1 X2.515 Y1.513 E.01495
G1 X2.337 Y1.776 E.01495
G1 X2.131 Y2.019 E.01495
G1 X1.9 Y2.237 E.01495
G1 X1.647 Y2.43 E.01495
G1 X1.375 Y2.594 E.01495
G1 X1.087 Y2.727 E.01495
G1 X.785 Y2.828 E.01495
G1 X.475 Y2.897 E.01495
G1 X.159 Y2.931 E.01495
G1 X-.159 Y2.931 E.01495
G1 X-.475 Y2.897 E.01495
G1 X-.785 Y2.828 E.01495
G1 X-1.087 Y2.727 E.01495
G1 X-1.375 Y2.594 E.01495
G1 X-1.647 Y2.43 E.01495
G1 X-1.9 Y2.237 E.01495
G1 X-2.131 Y2.019 E.01495
G1 X-2.337 Y1.776 E.01495
G1 X-2.515 Y1.513 E.01495
G1 X-2.664 Y1.233 E.01495
G1 X-2.782 Y.937 E.01495
G1 X-2.867 Y.631 E.01495
G1 X-2.918 Y.317 E.01495
G1 X-2.935 Y0 E.01495
G1 X-2.918 Y-.317 E.01495
G1 X-2.867 Y-.631 E.01495
G1 X-2.782 Y-.937 E.01495
G1 X-2.663 Y-1.237 E.01515
G1 X-2.337 Y-1.776 E.02965
G1 X-2.131 Y-2.019 E.01495
G1 X-1.9 Y-2.237 E.01495
G1 X-1.647 Y-2.43 E.01495
G1 X-1.375 Y-2.594 E.01495
G1 X-1.087 Y-2.727 E.01495
G1 X-.785 Y-2.828 E.01495
G1 X-.475 Y-2.897 E.01495
G1 X-.159 Y-2.931 E.01495
G1 X.159 Y-2.931 E.01495
G1 X.479 Y-2.896 E.01515
G1 X1.087 Y-2.727 E.02965
G1 X1.375 Y-2.594 E.01495
G1 X1.647 Y-2.43 E.01495
G1 X1.9 Y-2.237 E.01495
G1 X2.131 Y-2.019 E.01495
G1 X2.337 Y-1.776 E.01495
G1 X2.515 Y-1.513 E.01495
G1 X2.664 Y-1.233 E.01495
G1 X2.782 Y-.937 E.01495
G1 X2.867 Y-.631 E.01495
G1 X2.918 Y-.317 E.01495
G1 X2.935 Y0 E.01495
G1 X2.918 Y.317 E.01495
G1 X2.866 Y.635 E.01515
G1 X2.744 Y1.032 E.01951
G1 X2.678 Y1.199 E.00845
SET_VELOCITY_LIMIT ACCEL=10000
G1 E-1.2 F2100
;WIPE_START
G1 F7200
G1 X2.664 Y1.233
G1 X2.515 Y1.513
G1 X2.337 Y1.776
G1 X2.131 Y2.019
G1 X1.9 Y2.237
G1 X1.647 Y2.43
G1 X1.375 Y2.594
G1 X1.324 Y2.617
;WIPE_END
G1 X2.106 Y-4.975 Z2.8 F30000
G1 X2.139 Y-5.296 Z2.8
G1 Z2.4
G1 E1.2 F2100
SET_VELOCITY_LIMIT ACCEL=5000
;TYPE:Inner wall
G1 F4060
G1 X2.455 Y-5.164 E.01613
G1 X3.052 Y-4.835 E.03205
G1 X3.606 Y-4.437 E.03208
G1 X3.975 Y-4.107 E.02326
G1 X4.329 Y-3.736 E.02412
G1 X4.75 Y-3.184 E.03267
G1 X4.917 Y-2.919 E.0147
G1 X5.235 Y-2.301 E.0327
G1 X5.412 Y-1.839 E.02326
G1 X5.557 Y-1.347 E.02412
G1 X5.678 Y-.676 E.03205
G1 X5.719 Y.013 E.03248
G1 X5.709 Y.33 E.01492
G1 X5.654 Y.835 E.02388
G1 X5.559 Y1.339 E.02412
G1 X5.36 Y1.991 E.03205
G1 X5.087 Y2.611 E.03186
G1 X4.736 Y3.206 E.03248
G1 X4.551 Y3.463 E.01492
G1 X4.223 Y3.851 E.02388
G1 X3.863 Y4.216 E.02412
G1 X3.333 Y4.646 E.03205
G1 X2.749 Y5.014 E.03248
G1 X2.471 Y5.157 E.0147
G1 X1.819 Y5.422 E.0331
G1 X1.52 Y5.513 E.0147
G1 X.84 Y5.656 E.0327
G1 X.347 Y5.705 E.02326
G1 X-.17 Y5.716 E.02434
G1 X-.667 Y5.677 E.02345
G1 X-1.174 Y5.596 E.02412
G1 X-1.836 Y5.415 E.03227
G1 X-2.296 Y5.234 E.02326
G1 X-2.757 Y5.009 E.02412
G1 X-3.333 Y4.646 E.03205
G1 X-3.87 Y4.21 E.03248
G1 X-4.097 Y3.989 E.01492
G1 X-4.433 Y3.608 E.02388
G1 X-4.74 Y3.198 E.02412
G1 X-5.087 Y2.611 E.03205
G1 X-5.36 Y1.991 E.03186
G1 X-5.559 Y1.339 E.03208
G1 X-5.652 Y.853 E.02326
G1 X-5.708 Y.343 E.02412
G1 X-5.708 Y-.343 E.03227
G1 X-5.654 Y-.835 E.02326
G1 X-5.559 Y-1.339 E.02412
G1 X-5.36 Y-1.991 E.03205
G1 X-5.087 Y-2.611 E.03186
G1 X-4.736 Y-3.206 E.03248
G1 X-4.551 Y-3.463 E.01492
G1 X-4.223 Y-3.851 E.02388
G1 X-3.863 Y-4.216 E.02412
G1 X-3.333 Y-4.646 E.03205
G1 X-2.749 Y-5.014 E.03248
G1 X-2.471 Y-5.157 E.0147
G1 X-1.819 Y-5.422 E.0331
G1 X-1.52 Y-5.513 E.0147
G1 X-.844 Y-5.655 E.03248
G1 X-.165 Y-5.716 E.03208
G1 X.33 Y-5.706 E.02326
G1 X.84 Y-5.656 E.02412
G1 X1.512 Y-5.515 E.03227
G1 X1.982 Y-5.361 E.02326
G1 X2.105 Y-5.31 E.00629
SET_VELOCITY_LIMIT ACCEL=10000
G1 X2.361 Y-5.829 F30000
SET_VELOCITY_LIMIT ACCEL=5000
;TYPE:Outer wall
G1 F4060
G1 X2.706 Y-5.685 E.01762
G1 X3.361 Y-5.324 E.03515
G1 X3.968 Y-4.888 E.03515
G1 X4.377 Y-4.522 E.0258
G1 X4.768 Y-4.111 E.02667
G1 X5.225 Y-3.513 E.03536
G1 X5.419 Y-3.206 E.01711
G1 X5.762 Y-2.537 E.03537
G1 X5.959 Y-2.024 E.0258
G1 X6.119 Y-1.48 E.02667
G1 X6.252 Y-.745 E.03515
G1 X6.296 Y.005 E.03529
G1 X6.285 Y.37 E.01719
G1 X6.226 Y.92 E.02602
G1 X6.12 Y1.477 E.02668
G1 X5.902 Y2.192 E.03514
G1 X5.601 Y2.875 E.03508
G1 X5.219 Y3.521 E.03529
G1 X5.006 Y3.818 E.01719
G1 X4.65 Y4.241 E.02602
G1 X4.251 Y4.644 E.02667
G1 X3.67 Y5.115 E.03514
G1 X3.036 Y5.516 E.03529
G1 X2.712 Y5.682 E.01712
G1 X2.012 Y5.966 E.03551
G1 X1.664 Y6.072 E.01711
G1 X.928 Y6.227 E.03537
G1 X.382 Y6.282 E.0258
G1 X-.187 Y6.293 E.02675
G1 X-.735 Y6.25 E.02587
G1 X-1.295 Y6.161 E.02668
G1 X-2.018 Y5.964 E.03522
G1 X-2.529 Y5.763 E.0258
G1 X-3.038 Y5.514 E.02667
G1 X-3.67 Y5.115 E.03515
G1 X-4.253 Y4.642 E.03529
G1 X-4.515 Y4.388 E.01719
G1 X-4.881 Y3.972 E.02602
G1 X-5.221 Y3.518 E.02668
G1 X-5.601 Y2.875 E.03515
G1 X-5.902 Y2.192 E.03508
G1 X-6.12 Y1.477 E.03515
G1 X-6.223 Y.938 E.0258
G1 X-6.285 Y.374 E.02667
G1 X-6.285 Y-.375 E.03522
G1 X-6.226 Y-.92 E.0258
G1 X-6.12 Y-1.477 E.02668
G1 X-5.902 Y-2.192 E.03514
G1 X-5.601 Y-2.875 E.03508
G1 X-5.219 Y-3.521 E.03529
G1 X-5.006 Y-3.818 E.01719
G1 X-4.65 Y-4.241 E.02602
G1 X-4.251 Y-4.644 E.02667
G1 X-3.67 Y-5.115 E.03514
G1 X-3.036 Y-5.516 E.03529
G1 X-2.712 Y-5.682 E.01712
G1 X-2.012 Y-5.966 E.03551
G1 X-1.664 Y-6.072 E.01711
G1 X-.93 Y-6.227 E.03529
G1 X-.185 Y-6.293 E.03515
G1 X.364 Y-6.283 E.0258
G1 X.928 Y-6.227 E.02667
G1 X1.661 Y-6.073 E.03522
G1 X2.183 Y-5.903 E.0258
G1 X2.327 Y-5.842 E.00736
SET_VELOCITY_LIMIT ACCEL=10000
G1 E-1.2 F2100
;WIPE_START
G1 F7200
G1 X2.706 Y-5.685
G1 X3.361 Y-5.324
G1 X3.968 Y-4.888
G1 X4.039 Y-4.825
;WIPE_END
G1 X3.788 Y.717 Z2.8 F30000
G1 Z2.4
G1 E1.2 F2100
;TYPE:Sparse infill
G1 F4060
G1 X3.767 Y.847 E.00618
G1 X3.616 Y1.339 E.02422
G1 X3.503 Y1.621 E.01427
G1 X3.308 Y1.99 E.01966
G1 X3.073 Y2.336 E.01965
G1 X2.727 Y2.727 E.02455
G1 X3.323 Y3.323 E.03966
G1 X3.735 Y2.851 E.02945
G1 X4.057 Y2.373 E.02713
G1 X4.172 Y2.164 E.01121
G1 X4.413 Y1.618 E.02807
G1 X4.489 Y1.392 E.01121
G1 X4.625 Y.831 E.02713
G1 X4.693 Y.258 E.02713
G1 X4.7 Y.02 E.01121
G1 X4.665 Y-.576 E.02807
G1 X4.63 Y-.812 E.01121
G1 X4.494 Y-1.372 E.02713
G1 X1.387 Y-4.489 E.20698
G1 X.693 Y-4.648 E.03347
G1 X.153 Y-4.697 E.0255
G1 X-.123 Y-4.698 E.01297
G1 X-.694 Y-4.647 E.02694
G1 X-1.258 Y-4.529 E.02713
G1 X-1.486 Y-4.459 E.01121
G1 X-2.022 Y-4.242 E.02718
G1 X-2.497 Y-3.981 E.0255
G1 X-2.727 Y-3.828 E.01297
G1 X-3.187 Y-3.454 E.02789
G1 X-3.323 Y-3.323 E.00888
G1 X-2.727 Y-2.727 E.03966
G1 X-3.073 Y-2.336 E.02455
G1 X-3.243 Y-2.085 E.01427
G1 X-3.497 Y-1.637 E.02422
G1 X-3.658 Y-1.233 E.02046
G1 X-3.788 Y-.717 E.025
G1 X-4.613 Y-.881 F30000
G1 F4060
G1 X-4.693 Y-.258 E.02952
G1 X-4.7 Y-.02 E.01121
G1 X-4.666 Y.556 E.02713
G1 X-4.567 Y1.104 E.02618
G1 X-4.477 Y1.399 E.0145
G1 X-1.394 Y4.482 E.20503
G1 X-.968 Y4.598 E.02079
G1 X-.397 Y4.683 E.02713
M73 P41 R3
G1 X-.159 Y4.697 E.01121
G1 X.418 Y4.68 E.02718
G1 X.886 Y4.611 E.02224
G1 X.437 Y5.18 F30000
SET_VELOCITY_LIMIT ACCEL=7000
;TYPE:Internal solid infill
;WIDTH:0.55292
G1 F4060
G1 X1.045 Y5.093 E.0255
G1 X1.649 Y4.931 E.02601
G1 X2.502 Y4.568 E.03853
G1 X3.008 Y4.251 E.0248
G1 X3.52 Y3.839 E.02733
G1 X4.118 Y3.176 E.03709
G1 X4.485 Y2.639 E.02702
G1 X4.879 Y1.821 E.03773
G1 X5.056 Y1.215 E.02624
G1 X5.147 Y.763 E.01916
G1 X5.201 Y.015 E.03116
G1 X5.172 Y-.608 E.02591
G1 X5.054 Y-1.223 E.02606
G1 X4.768 Y-2.094 E.03808
G1 X4.473 Y-2.652 E.02624
G1 X3.961 Y-3.379 E.03696
G1 X3.503 Y-3.842 E.02706
G1 X2.802 Y-4.389 E.03697
G1 X2.245 Y-4.699 E.02648
G1 X1.657 Y-4.928 E.02623
G1 X.794 Y-5.146 E.037
G1 X.181 Y-5.195 E.02556
G1 X-.756 Y-5.152 E.03899
G1 X-1.379 Y-5.014 E.02651
G1 X-2.214 Y-4.704 E.037
G1 X-2.755 Y-4.414 E.02551
G1 X-3.508 Y-3.849 E.03915
G1 X-4.118 Y-3.176 E.03773
G1 X-4.485 Y-2.639 E.02703
G1 X-4.879 Y-1.821 E.03773
G1 X-5.055 Y-1.219 E.02606
G1 X-5.199 Y-.311 E.0382
G1 X-5.191 Y.31 E.02583
G1 X-5.063 Y1.218 E.03808
G1 X-4.883 Y1.809 E.02569
G1 X-4.645 Y2.354 E.02473
G1 X-4.309 Y2.91 E.027
G1 X-4.038 Y3.283 E.01916
G1 X-3.521 Y3.826 E.03116
G1 X-3.044 Y4.226 E.02587
G1 X-2.509 Y4.555 E.0261
G1 X-1.673 Y4.931 E.03808
G1 X-1.078 Y5.095 E.02566
G1 X-.453 Y5.18 E.02622
G1 X.401 Y5.18 E.0355
;LAYER_CHANGE
;Z:2.58
;HEIGHT:0.18
;BEFORE_LAYER_CHANGE
;2.58
G1 E-1.2 F2100
;WIPE_START
G1 F9000
G1 X-.453 Y5.18
G1 X-1.078 Y5.095
G1 X-1.575 Y4.959
;WIPE_END
;AFTER_LAYER_CHANGE
;2.58
;_SET_FAN_SPEED_CHANGING_LAYER
SET_VELOCITY_LIMIT ACCEL=10000
G17
G3 Z2.98 I-.453 J-1.13 P1  F30000
G1 X-4.155 Y5.993 Z2.98
G1 Z2.58
G1 E1.2 F2100
;TYPE:Support
;WIDTH:0.62
;HEIGHT:0.2
G1 F2900
G1 X-4.244 Y5.933 E.00505
G1 X-4.261 Y5.921 E.00096
G1 X-4.589 Y5.671 E.01937
G1 X-4.604 Y5.658 E.00096
G1 X-4.916 Y5.389 E.01937
G1 X-4.931 Y5.376 E.00096
G1 X-5.227 Y5.089 E.01937
G1 X-5.241 Y5.074 E.00096
G1 X-5.519 Y4.77 E.01937
G1 X-5.533 Y4.755 E.00096
G1 X-5.656 Y4.602 E.00924
G1 X-5.792 Y4.435 E.01013
G1 X-5.805 Y4.418 E.00096
G1 X-6.045 Y4.084 E.01937
G1 X-6.056 Y4.067 E.00096
G1 X-6.276 Y3.718 E.01937
G1 X-6.286 Y3.701 E.00096
G1 X-6.485 Y3.34 E.01937
G1 X-6.495 Y3.322 E.00096
G1 X-6.611 Y3.077 E.01276
G1 X-9.231 Y3.077 E.1232
G1 X-9.231 Y0 E.1447
G1 X-7.295 Y0 E.09106
G1 X-7.295 Y-.01 E.00048
G1 X-7.283 Y-.422 E.01937
G1 X-7.281 Y-.442 E.00096
G1 X-7.245 Y-.853 E.01937
G1 X-7.242 Y-.873 E.00096
G1 X-7.213 Y-1.067 E.00924
G1 X-7.182 Y-1.28 E.01013
G1 X-7.178 Y-1.301 E.00096
G1 X-7.093 Y-1.704 E.01937
G1 X-7.088 Y-1.723 E.00096
G1 X-6.98 Y-2.121 E.01937
G1 X-6.974 Y-2.14 E.00096
G1 X-6.842 Y-2.531 E.01937
G1 X-6.835 Y-2.55 E.00096
G1 X-6.68 Y-2.931 E.01937
G1 X-6.672 Y-2.95 E.00096
G1 X-6.611 Y-3.077 E.00661
G1 X-9.231 Y-3.077 E.1232
G1 X-9.231 Y-6.154 E.1447
G1 X-3.916 Y-6.154 E.24994
G1 X-3.903 Y-6.163 E.00075
G1 X-3.886 Y-6.174 E.00096
G1 X-3.531 Y-6.383 E.01937
G1 X-3.513 Y-6.393 E.00096
G1 X-3.146 Y-6.581 E.01937
G1 X-3.128 Y-6.59 E.00096
G1 X-2.751 Y-6.756 E.01937
G1 X-2.732 Y-6.764 E.00096
G1 X-2.346 Y-6.907 E.01937
G1 X-2.327 Y-6.914 E.00096
G1 X-1.933 Y-7.034 E.01937
G1 X-1.913 Y-7.04 E.00096
G1 X-1.513 Y-7.136 E.01937
G1 X-1.493 Y-7.141 E.00096
G1 X-1.087 Y-7.213 E.01938
G1 X-1.067 Y-7.216 E.00096
G1 X-.658 Y-7.265 E.01938
G1 X-.638 Y-7.267 E.00095
G1 X-.226 Y-7.291 E.01937
G1 X-.206 Y-7.292 E.00096
G1 X.206 Y-7.292 E.01937
G1 X.226 Y-7.291 E.00096
G1 X.423 Y-7.28 E.00924
G1 X.638 Y-7.267 E.01012
G1 X.658 Y-7.265 E.00095
G1 X1.067 Y-7.216 E.01938
G1 X1.087 Y-7.213 E.00096
G1 X1.493 Y-7.141 E.01938
G1 X1.513 Y-7.136 E.00096
G1 X1.913 Y-7.04 E.01937
G1 X1.933 Y-7.034 E.00096
G1 X2.327 Y-6.914 E.01937
G1 X2.346 Y-6.907 E.00096
G1 X2.53 Y-6.839 E.00924
G1 X2.732 Y-6.764 E.01013
G1 X2.751 Y-6.756 E.00096
G1 X3.128 Y-6.59 E.01937
G1 X3.146 Y-6.581 E.00096
G1 X3.513 Y-6.393 E.01937
G1 X3.531 Y-6.383 E.00096
G1 X3.886 Y-6.174 E.01937
G1 X3.903 Y-6.163 E.00096
G1 X3.916 Y-6.154 E.00075
G1 X9.231 Y-6.154 E.24994
G1 X9.231 Y-3.077 E.1447
G1 X6.611 Y-3.077 E.1232
G1 X6.672 Y-2.95 E.00661
G1 X6.68 Y-2.931 E.00096
G1 X6.835 Y-2.55 E.01937
G1 X6.842 Y-2.531 E.00096
G1 X6.905 Y-2.344 E.00924
G1 X6.974 Y-2.14 E.01013
G1 X6.98 Y-2.121 E.00096
G1 X7.088 Y-1.723 E.01938
G1 X7.093 Y-1.704 E.00096
G1 X7.178 Y-1.301 E.01937
G1 X7.182 Y-1.28 E.00096
G1 X7.243 Y-.873 E.01937
G1 X7.245 Y-.853 E.00096
G1 X7.281 Y-.442 E.01936
G1 X7.283 Y-.422 E.00096
G1 X7.295 Y-.01 E.01937
G1 X7.295 Y0 E.00048
G1 X9.231 Y0 E.09106
G1 X9.231 Y3.077 E.1447
G1 X6.611 Y3.077 E.1232
G1 X6.495 Y3.322 E.01276
G1 X6.485 Y3.34 E.00096
G1 X6.286 Y3.701 E.01937
G1 X6.276 Y3.718 E.00096
G1 X6.056 Y4.067 E.01937
G1 X6.045 Y4.084 E.00096
G1 X5.805 Y4.418 E.01937
G1 X5.792 Y4.435 E.00096
G1 X5.533 Y4.755 E.01937
G1 X5.519 Y4.77 E.00096
G1 X5.387 Y4.915 E.00924
G1 X5.241 Y5.074 E.01013
G1 X5.227 Y5.089 E.00096
G1 X4.931 Y5.376 E.01937
G1 X4.916 Y5.389 E.00096
G1 X4.604 Y5.658 E.01937
G1 X4.589 Y5.671 E.00096
G1 X4.261 Y5.921 E.01937
G1 X4.244 Y5.933 E.00096
G1 X4.155 Y5.993 E.00505
G1 X6.154 Y6.616 F30000
G1 F2900
G1 X6.154 Y9.231 E.12299
G1 X-6.154 Y9.231 E.5788
G1 X-6.154 Y6.616 E.12299
G1 X-9.231 Y3.366 F30000
G1 F2900
G1 X-9.231 Y6.154 E.13113
G1 X-3.916 Y6.154 E.24994
G1 X-3.903 Y6.163 E.00075
G1 X-3.886 Y6.174 E.00096
G1 X-3.531 Y6.383 E.01937
G1 X-3.513 Y6.393 E.00096
G1 X-3.146 Y6.581 E.01937
G1 X-3.128 Y6.59 E.00096
G1 X-2.931 Y6.677 E.01013
G1 X-2.751 Y6.756 E.00924
G1 X-2.732 Y6.764 E.00096
G1 X-2.346 Y6.907 E.01937
G1 X-2.327 Y6.914 E.00096
G1 X-1.933 Y7.034 E.01937
G1 X-1.913 Y7.04 E.00096
G1 X-1.513 Y7.136 E.01937
G1 X-1.493 Y7.141 E.00096
G1 X-1.087 Y7.213 E.01938
G1 X-1.067 Y7.216 E.00096
G1 X-.853 Y7.242 E.01013
G1 X-.658 Y7.265 E.00925
G1 X-.638 Y7.267 E.00095
G1 X-.226 Y7.291 E.01937
G1 X-.206 Y7.292 E.00096
G1 X.206 Y7.292 E.01937
G1 X.226 Y7.291 E.00096
G1 X.441 Y7.279 E.01013
G1 X.638 Y7.267 E.00924
G1 X.658 Y7.265 E.00095
G1 X1.067 Y7.216 E.01938
G1 X1.087 Y7.213 E.00096
G1 X1.493 Y7.141 E.01938
G1 X1.513 Y7.136 E.00096
G1 X1.913 Y7.04 E.01937
G1 X1.933 Y7.034 E.00096
G1 X2.327 Y6.914 E.01937
G1 X2.346 Y6.907 E.00096
G1 X2.732 Y6.764 E.01937
G1 X2.751 Y6.756 E.00096
G1 X3.128 Y6.59 E.01937
G1 X3.146 Y6.581 E.00096
G1 X3.513 Y6.393 E.01937
G1 X3.531 Y6.383 E.00096
G1 X3.886 Y6.174 E.01937
G1 X3.903 Y6.163 E.00096
G1 X3.916 Y6.154 E.00075
G1 X9.231 Y6.154 E.24994
G1 X9.231 Y3.366 E.13113
G1 X6.154 Y-6.616 F30000
G1 F2900
M73 P42 R3
G1 X6.154 Y-9.231 E.12299
G1 X-6.154 Y-9.231 E.5788
G1 X-6.154 Y-6.616 E.12299
;LAYER_CHANGE
;Z:2.6
;HEIGHT:0.02
;BEFORE_LAYER_CHANGE
;2.6
G1 E-1.2 F2100
;WIPE_START
G1 F6000
G1 X-6.154 Y-8.616
;WIPE_END
;AFTER_LAYER_CHANGE
;2.6
;_SET_FAN_SPEED_CHANGING_LAYER
G17
G3 Z3 I-.891 J.829 P1  F30000
G1 X3.2 Y1.446 Z3
G1 Z2.6
G1 E1.2 F2100
SET_VELOCITY_LIMIT ACCEL=5000
;TYPE:Inner wall
;HEIGHT:0.2
G1 F2900
G1 X3.189 Y1.475 E.00149
G1 X3.01 Y1.811 E.01789
G1 X2.797 Y2.126 E.01789
G1 X2.551 Y2.416 E.01789
M73 P42 R2
G1 X2.275 Y2.678 E.01789
G1 X1.972 Y2.908 E.01789
G1 X1.646 Y3.104 E.01789
G1 X1.3 Y3.264 E.01789
G1 X.94 Y3.385 E.01789
G1 X.568 Y3.467 E.01789
G1 X.19 Y3.508 E.01789
G1 X-.19 Y3.508 E.01789
G1 X-.568 Y3.467 E.01789
G1 X-.94 Y3.385 E.01789
G1 X-1.3 Y3.264 E.01789
G1 X-1.646 Y3.104 E.01789
G1 X-1.972 Y2.908 E.01789
G1 X-2.275 Y2.678 E.01789
G1 X-2.551 Y2.416 E.01789
G1 X-2.797 Y2.126 E.01789
G1 X-3.01 Y1.811 E.01789
G1 X-3.189 Y1.475 E.01789
G1 X-3.329 Y1.122 E.01789
G1 X-3.434 Y.745 E.01839
G1 X-3.498 Y.288 E.02169
G1 X-3.513 Y0 E.01357
G1 X-3.493 Y-.38 E.01789
G1 X-3.431 Y-.755 E.01789
G1 X-3.329 Y-1.122 E.01789
G1 X-3.189 Y-1.475 E.01789
G1 X-3.01 Y-1.811 E.01789
G1 X-2.797 Y-2.126 E.01789
G1 X-2.551 Y-2.416 E.01789
G1 X-2.275 Y-2.678 E.01789
G1 X-1.972 Y-2.908 E.01789
G1 X-1.646 Y-3.104 E.01789
G1 X-1.3 Y-3.264 E.01789
G1 X-.94 Y-3.385 E.01789
G1 X-.568 Y-3.467 E.01789
G1 X-.19 Y-3.508 E.01789
G1 X.19 Y-3.508 E.01789
G1 X.568 Y-3.467 E.01789
G1 X.94 Y-3.385 E.01789
G1 X1.3 Y-3.264 E.01789
G1 X1.646 Y-3.104 E.01789
G1 X1.972 Y-2.908 E.01789
G1 X2.275 Y-2.678 E.01789
G1 X2.551 Y-2.416 E.01789
G1 X2.797 Y-2.126 E.01789
G1 X3.01 Y-1.811 E.01789
G1 X3.189 Y-1.475 E.01789
G1 X3.329 Y-1.122 E.01789
G1 X3.434 Y-.745 E.01839
G1 X3.498 Y-.288 E.02169
G1 X3.513 Y0 E.01357
G1 X3.493 Y.38 E.01789
G1 X3.431 Y.755 E.01789
G1 X3.329 Y1.122 E.01789
G1 X3.214 Y1.412 E.01471
SET_VELOCITY_LIMIT ACCEL=10000
G1 X2.664 Y1.232 F30000
SET_VELOCITY_LIMIT ACCEL=5000
;TYPE:Outer wall
G1 F2900
G1 X2.664 Y1.233 E.00002
G1 X2.515 Y1.513 E.01495
G1 X2.337 Y1.776 E.01495
G1 X2.131 Y2.019 E.01495
G1 X1.9 Y2.237 E.01495
G1 X1.647 Y2.43 E.01495
G1 X1.375 Y2.594 E.01495
G1 X1.087 Y2.727 E.01495
G1 X.785 Y2.828 E.01495
G1 X.475 Y2.897 E.01495
G1 X.159 Y2.931 E.01495
G1 X-.159 Y2.931 E.01495
G1 X-.475 Y2.897 E.01495
G1 X-.785 Y2.828 E.01495
G1 X-1.087 Y2.727 E.01495
G1 X-1.375 Y2.594 E.01495
G1 X-1.647 Y2.43 E.01495
G1 X-1.9 Y2.237 E.01495
G1 X-2.131 Y2.019 E.01495
G1 X-2.337 Y1.776 E.01495
G1 X-2.515 Y1.513 E.01495
G1 X-2.664 Y1.233 E.01495
G1 X-2.782 Y.937 E.01495
G1 X-2.868 Y.627 E.01512
G1 X-2.923 Y.233 E.01875
G1 X-2.935 Y0 E.01095
G1 X-2.918 Y-.317 E.01495
G1 X-2.867 Y-.631 E.01495
G1 X-2.782 Y-.937 E.01495
G1 X-2.664 Y-1.233 E.01495
G1 X-2.515 Y-1.513 E.01495
G1 X-2.337 Y-1.776 E.01495
G1 X-2.131 Y-2.019 E.01495
G1 X-1.9 Y-2.237 E.01495
G1 X-1.647 Y-2.43 E.01495
G1 X-1.375 Y-2.594 E.01495
G1 X-1.087 Y-2.727 E.01495
G1 X-.785 Y-2.828 E.01495
G1 X-.475 Y-2.897 E.01495
G1 X-.159 Y-2.931 E.01495
G1 X.159 Y-2.931 E.01495
G1 X.475 Y-2.897 E.01495
G1 X.785 Y-2.828 E.01495
G1 X1.087 Y-2.727 E.01495
G1 X1.375 Y-2.594 E.01495
G1 X1.647 Y-2.43 E.01495
G1 X1.9 Y-2.237 E.01495
G1 X2.131 Y-2.019 E.01495
G1 X2.337 Y-1.776 E.01495
G1 X2.515 Y-1.513 E.01495
G1 X2.664 Y-1.233 E.01495
G1 X2.782 Y-.937 E.01495
G1 X2.868 Y-.627 E.01512
G1 X2.923 Y-.233 E.01875
G1 X2.935 Y0 E.01095
G1 X2.918 Y.317 E.01495
G1 X2.867 Y.631 E.01495
G1 X2.782 Y.937 E.01495
G1 X2.678 Y1.199 E.01324
SET_VELOCITY_LIMIT ACCEL=10000
G1 E-1.2 F2100
;WIPE_START
G1 F7200
G1 X2.664 Y1.233
G1 X2.515 Y1.513
G1 X2.337 Y1.776
G1 X2.131 Y2.019
G1 X1.9 Y2.237
G1 X1.647 Y2.43
G1 X1.375 Y2.594
G1 X1.324 Y2.617
;WIPE_END
G1 X2.067 Y-4.979 Z3 F30000
G1 X2.078 Y-5.088 Z3
G1 Z2.6
G1 E1.2 F2100
SET_VELOCITY_LIMIT ACCEL=5000
;TYPE:Inner wall
G1 F2900
G1 X2.352 Y-4.968 E.01408
G1 X2.934 Y-4.647 E.03128
G1 X3.44 Y-4.285 E.02925
G1 X3.702 Y-4.062 E.01616
G1 X4.163 Y-3.588 E.03111
G1 X4.566 Y-3.06 E.03124
G1 X4.726 Y-2.806 E.01408
G1 X5.035 Y-2.204 E.03186
G1 X5.148 Y-1.926 E.01408
G1 X5.342 Y-1.29 E.03128
G1 X5.453 Y-.678 E.02925
G1 X5.486 Y-.336 E.01616
G1 X5.486 Y.339 E.03173
G1 X5.459 Y.637 E.01408
G1 X5.342 Y1.291 E.03124
G1 X5.151 Y1.914 E.03066
G1 X4.902 Y2.484 E.02925
G1 X4.738 Y2.786 E.01616
G1 X4.368 Y3.335 E.03111
G1 X3.934 Y3.838 E.03124
G1 X3.72 Y4.046 E.01408
G1 X3.203 Y4.466 E.03128
G1 X2.678 Y4.798 E.02925
G1 X2.373 Y4.957 E.01616
G1 X1.76 Y5.206 E.03111
G1 X1.132 Y5.378 E.03062
G1 X.475 Y5.476 E.03124
G1 X.176 Y5.493 E.01408
G1 X-.489 Y5.474 E.03128
G1 X-1.104 Y5.383 E.02925
G1 X-1.439 Y5.304 E.01616
G1 X-2.078 Y5.088 E.03173
G1 X-2.352 Y4.968 E.01408
G1 X-2.934 Y4.647 E.03128
G1 X-3.44 Y4.285 E.02925
G1 X-3.702 Y4.062 E.01616
G1 X-4.163 Y3.588 E.03111
G1 X-4.566 Y3.06 E.03124
G1 X-4.726 Y2.806 E.01408
G1 X-5.035 Y2.204 E.03186
G1 X-5.148 Y1.926 E.01408
G1 X-5.342 Y1.29 E.03128
G1 X-5.453 Y.678 E.02925
G1 X-5.486 Y.336 E.01616
G1 X-5.486 Y-.339 E.03173
G1 X-5.459 Y-.637 E.01408
G1 X-5.342 Y-1.291 E.03124
G1 X-5.151 Y-1.914 E.03066
G1 X-4.902 Y-2.484 E.02925
G1 X-4.738 Y-2.786 E.01616
G1 X-4.368 Y-3.335 E.03111
G1 X-3.934 Y-3.838 E.03124
G1 X-3.72 Y-4.046 E.01408
G1 X-3.203 Y-4.466 E.03128
G1 X-2.678 Y-4.798 E.02925
G1 X-2.373 Y-4.957 E.01616
G1 X-1.748 Y-5.211 E.03173
G1 X-1.461 Y-5.298 E.01408
G1 X-.811 Y-5.435 E.03124
G1 X-.162 Y-5.493 E.03066
G1 X.46 Y-5.476 E.02925
G1 X.801 Y-5.437 E.01616
G1 X1.449 Y-5.301 E.03111
G1 X2.044 Y-5.1 E.02955
SET_VELOCITY_LIMIT ACCEL=10000
G1 X2.287 Y-5.627 F30000
SET_VELOCITY_LIMIT ACCEL=5000
;TYPE:Outer wall
G1 F2900
G1 X2.608 Y-5.485 E.01649
G1 X3.242 Y-5.136 E.03407
G1 X3.796 Y-4.74 E.03198
G1 X4.097 Y-4.484 E.0186
G1 X4.601 Y-3.965 E.03401
G1 X5.04 Y-3.389 E.03406
G1 X5.227 Y-3.093 E.01649
G1 X5.56 Y-2.444 E.03427
G1 X5.692 Y-2.119 E.0165
G1 X5.904 Y-1.426 E.03407
G1 X6.025 Y-.757 E.03198
G1 X6.063 Y-.363 E.0186
G1 X6.063 Y.364 E.03423
G1 X6.032 Y.714 E.01649
G1 X5.904 Y1.427 E.03406
G1 X5.693 Y2.115 E.03385
G1 X5.42 Y2.738 E.03198
G1 X5.232 Y3.086 E.0186
G1 X4.828 Y3.685 E.03401
G1 X4.355 Y4.234 E.03406
G1 X4.103 Y4.478 E.0165
G1 X3.541 Y4.935 E.03407
G1 X2.966 Y5.299 E.03198
G1 X2.615 Y5.482 E.0186
G1 X1.945 Y5.754 E.03401
G1 X1.251 Y5.943 E.03384
G1 X.535 Y6.05 E.03405
G1 X.185 Y6.071 E.0165
G1 X-.54 Y6.05 E.03407
G1 X-1.212 Y5.95 E.03198
G1 X-1.597 Y5.86 E.0186
G1 X-2.287 Y5.627 E.03423
G1 X-2.608 Y5.485 E.01649
G1 X-3.242 Y5.136 E.03407
G1 X-3.796 Y4.74 E.03198
G1 X-4.097 Y4.484 E.0186
G1 X-4.601 Y3.965 E.03401
G1 X-5.04 Y3.389 E.03406
G1 X-5.227 Y3.093 E.01649
G1 X-5.56 Y2.444 E.03427
G1 X-5.692 Y2.119 E.0165
G1 X-5.904 Y1.426 E.03407
G1 X-6.025 Y.757 E.03198
G1 X-6.063 Y.363 E.0186
G1 X-6.063 Y-.364 E.03423
G1 X-6.032 Y-.714 E.01649
G1 X-5.904 Y-1.427 E.03406
G1 X-5.693 Y-2.115 E.03385
G1 X-5.42 Y-2.738 E.03198
M73 P43 R2
G1 X-5.232 Y-3.086 E.0186
G1 X-4.828 Y-3.685 E.03401
G1 X-4.355 Y-4.234 E.03406
G1 X-4.103 Y-4.478 E.0165
G1 X-3.541 Y-4.935 E.03407
G1 X-2.966 Y-5.299 E.03198
G1 X-2.615 Y-5.482 E.0186
G1 X-1.941 Y-5.755 E.03423
G1 X-1.605 Y-5.858 E.0165
G1 X-.897 Y-6.007 E.03406
G1 X-.18 Y-6.071 E.03385
G1 X.5 Y-6.052 E.03198
G1 X.893 Y-6.008 E.0186
G1 X1.601 Y-5.859 E.03401
G1 X2.253 Y-5.638 E.03236
SET_VELOCITY_LIMIT ACCEL=10000
G1 E-1.2 F2100
;WIPE_START
G1 F7200
G1 X2.608 Y-5.485
G1 X3.242 Y-5.136
G1 X3.796 Y-4.74
G1 X3.955 Y-4.605
;WIPE_END
G1 X3.788 Y.717 Z3 F30000
G1 Z2.6
G1 E1.2 F2100
;TYPE:Sparse infill
G1 F2900
G1 X3.658 Y1.233 E.02499
G1 X3.503 Y1.621 E.01965
G1 X3.308 Y1.99 E.01966
G1 X3.073 Y2.336 E.01965
G1 X2.727 Y2.727 E.02455
G1 X3.641 Y3.641 E.06079
G1 X4.092 Y3.124 E.03227
G1 X4.441 Y2.606 E.02936
G1 X4.59 Y2.332 E.0147
G1 X4.826 Y1.794 E.02761
G1 X5.005 Y1.209 E.02874
G1 X5.116 Y.591 E.02955
G1 X5.14 Y.323 E.01263
G1 X5.14 Y-.319 E.03022
G1 X5.08 Y-.796 E.0226
G1 X.79 Y-5.086 E.28527
G1 X.746 Y-5.095 E.00212
G1 X.435 Y-5.13 E.0147
G1 X-.151 Y-5.146 E.02761
G1 X-.76 Y-5.092 E.02874
G1 X-1.375 Y-4.963 E.02955
G1 X-1.632 Y-4.884 E.01263
G1 X-2.228 Y-4.643 E.03023
G1 X-2.505 Y-4.498 E.0147
G1 X-3.001 Y-4.184 E.02761
G1 X-3.489 Y-3.787 E.0296
G1 X-3.641 Y-3.641 E.0099
G1 X-2.727 Y-2.727 E.06079
G1 X-3.073 Y-2.336 E.02455
G1 X-3.308 Y-1.99 E.01965
G1 X-3.503 Y-1.621 E.01965
G1 X-3.658 Y-1.233 E.01966
G1 X-3.788 Y-.717 E.02499
G1 X-4.921 Y-1.484 F30000
G1 F2900
G1 X-5.005 Y-1.209 E.01352
G1 X-5.116 Y-.591 E.02955
G1 X-5.14 Y-.323 E.01263
G1 X-5.14 Y.319 E.03022
G1 X-5.08 Y.796 E.0226
G1 X-.798 Y5.078 E.28476
G1 X-1.343 Y4.971 E.02615
G1 X-1.952 Y4.765 E.03023
G1 X-2.198 Y4.657 E.01263
G1 X-2.749 Y4.353 E.0296
G1 X-2.921 Y4.23 E.00992
;LAYER_CHANGE
;Z:2.78
;HEIGHT:0.18
;BEFORE_LAYER_CHANGE
;2.78
G1 E-1.2 F2100
;WIPE_START
G1 F6000
G1 X-2.749 Y4.353
G1 X-2.198 Y4.657
G1 X-1.952 Y4.765
G1 X-1.343 Y4.971
G1 X-1.1 Y5.019
;WIPE_END
;AFTER_LAYER_CHANGE
;2.78
;_SET_FAN_SPEED_CHANGING_LAYER
G17
G3 Z3.18 I-.428 J-1.139 P1  F30000
G1 X-3.731 Y6.007 Z3.18
G1 Z2.78
G1 E1.2 F2100
;TYPE:Support
;HEIGHT:0.2
G1 F2949
G1 X-3.767 Y5.986 E.00198
G1 X-3.784 Y5.975 E.00096
G1 X-4.115 Y5.752 E.01875
G1 X-4.131 Y5.74 E.00096
G1 X-4.412 Y5.527 E.01658
G1 X-4.426 Y5.515 E.00086
G1 X-4.764 Y5.227 E.02087
G1 X-4.781 Y5.212 E.00106
G1 X-5.068 Y4.934 E.0188
G1 X-5.082 Y4.919 E.00096
G1 X-5.351 Y4.625 E.01875
G1 X-5.364 Y4.609 E.00096
G1 X-5.616 Y4.3 E.01875
G1 X-5.628 Y4.284 E.00096
G1 X-5.86 Y3.96 E.01875
G1 X-5.872 Y3.943 E.00096
G1 X-6.085 Y3.605 E.01875
G1 X-6.095 Y3.588 E.00096
G1 X-6.288 Y3.239 E.01875
G1 X-6.297 Y3.22 E.00096
G1 X-6.365 Y3.077 E.00747
G1 X-9.231 Y3.077 E.13478
G1 X-9.231 Y0 E.1447
G1 X-7.073 Y0 E.10151
G1 X-7.073 Y-.01 E.00048
G1 X-7.061 Y-.409 E.01875
G1 X-7.06 Y-.429 E.00096
G1 X-7.024 Y-.826 E.01875
G1 X-7.022 Y-.847 E.00096
G1 X-6.963 Y-1.241 E.01875
G1 X-6.959 Y-1.261 E.00096
G1 X-6.877 Y-1.651 E.01875
G1 X-6.872 Y-1.671 E.00096
G1 X-6.767 Y-2.056 E.01876
G1 X-6.761 Y-2.075 E.00096
G1 X-6.634 Y-2.453 E.01875
G1 X-6.626 Y-2.472 E.00096
G1 X-6.477 Y-2.842 E.01875
G1 X-6.468 Y-2.86 E.00096
G1 X-6.365 Y-3.077 E.01128
G1 X-9.231 Y-3.077 E.13478
G1 X-9.231 Y-6.154 E.1447
G1 X-3.482 Y-6.154 E.27035
G1 X-3.463 Y-6.165 E.00103
G1 X-3.447 Y-6.174 E.00086
G1 X-3.054 Y-6.379 E.02087
G1 X-3.033 Y-6.389 E.00106
G1 X-2.668 Y-6.55 E.0188
G1 X-2.649 Y-6.558 E.00096
G1 X-2.275 Y-6.697 E.01875
G1 X-2.255 Y-6.703 E.00096
G1 X-1.874 Y-6.82 E.01875
G1 X-1.854 Y-6.825 E.00096
G1 X-1.467 Y-6.919 E.01875
G1 X-1.447 Y-6.923 E.00096
G1 X-1.054 Y-6.994 E.01876
G1 X-1.034 Y-6.997 E.00096
G1 X-.638 Y-7.044 E.01876
G1 X-.618 Y-7.046 E.00095
G1 X-.22 Y-7.069 E.01875
G1 X-.199 Y-7.07 E.00096
G1 X.199 Y-7.07 E.01875
G1 X.22 Y-7.069 E.00096
G1 X.572 Y-7.048 E.01657
G1 X.59 Y-7.047 E.00085
G1 X1.031 Y-6.997 E.02088
G1 X1.053 Y-6.994 E.00106
G1 X1.447 Y-6.923 E.01881
G1 X1.467 Y-6.919 E.00096
G1 X1.854 Y-6.825 E.01875
G1 X1.874 Y-6.82 E.00096
G1 X2.255 Y-6.703 E.01875
G1 X2.275 Y-6.697 E.00096
G1 X2.649 Y-6.558 E.01875
G1 X2.668 Y-6.55 E.00096
G1 X3.032 Y-6.39 E.01875
G1 X3.051 Y-6.381 E.00096
G1 X3.406 Y-6.199 E.01875
G1 X3.424 Y-6.189 E.00096
G1 X3.482 Y-6.154 E.0032
G1 X9.231 Y-6.154 E.27035
G1 X9.231 Y-3.077 E.1447
G1 X6.365 Y-3.077 E.13478
G1 X6.468 Y-2.86 E.01128
G1 X6.477 Y-2.842 E.00096
G1 X6.626 Y-2.472 E.01875
G1 X6.634 Y-2.453 E.00096
G1 X6.761 Y-2.075 E.01875
G1 X6.767 Y-2.056 E.00096
G1 X6.872 Y-1.671 E.01875
G1 X6.877 Y-1.651 E.00096
G1 X6.959 Y-1.261 E.01875
G1 X6.963 Y-1.241 E.00096
G1 X7.015 Y-.892 E.01658
G1 X7.017 Y-.874 E.00086
G1 X7.059 Y-.432 E.02087
G1 X7.061 Y-.41 E.00106
G1 X7.073 Y-.01 E.0188
G1 X7.073 Y0 E.00048
G1 X9.231 Y0 E.10151
G1 X9.231 Y3.077 E.1447
G1 X6.365 Y3.077 E.13478
G1 X6.317 Y3.179 E.00529
G1 X6.308 Y3.195 E.00086
G1 X6.097 Y3.585 E.02087
G1 X6.085 Y3.605 E.00106
G1 X5.872 Y3.943 E.0188
G1 X5.86 Y3.96 E.00096
G1 X5.628 Y4.284 E.01875
G1 X5.615 Y4.3 E.00096
G1 X5.364 Y4.609 E.01875
G1 X5.351 Y4.625 E.00096
G1 X5.082 Y4.919 E.01875
G1 X5.068 Y4.934 E.00096
G1 X4.781 Y5.212 E.01875
G1 X4.766 Y5.225 E.00096
G1 X4.464 Y5.486 E.01875
G1 X4.448 Y5.498 E.00096
G1 X4.131 Y5.74 E.01875
G1 X4.115 Y5.752 E.00096
G1 X3.784 Y5.975 E.01875
G1 X3.767 Y5.986 E.00096
G1 X3.731 Y6.007 E.00198
G1 X6.154 Y6.616 F30000
G1 F2949
G1 X6.154 Y9.231 E.12299
G1 X-6.154 Y9.231 E.5788
G1 X-6.154 Y6.616 E.12299
G1 X-9.231 Y3.366 F30000
M73 P44 R2
G1 F2949
G1 X-9.231 Y6.154 E.13113
G1 X-3.482 Y6.154 E.27035
G1 X-3.424 Y6.189 E.0032
G1 X-3.406 Y6.199 E.00096
G1 X-3.051 Y6.381 E.01875
G1 X-3.032 Y6.39 E.00096
G1 X-2.668 Y6.55 E.01875
G1 X-2.649 Y6.558 E.00096
G1 X-2.275 Y6.697 E.01875
G1 X-2.255 Y6.703 E.00096
G1 X-1.873 Y6.82 E.0188
G1 X-1.851 Y6.826 E.00106
G1 X-1.419 Y6.928 E.02088
G1 X-1.401 Y6.931 E.00086
G1 X-1.054 Y6.994 E.01658
G1 X-1.034 Y6.997 E.00096
G1 X-.638 Y7.044 E.01876
G1 X-.618 Y7.046 E.00095
G1 X-.22 Y7.069 E.01875
G1 X-.199 Y7.07 E.00096
G1 X.199 Y7.07 E.01875
G1 X.22 Y7.069 E.00096
G1 X.618 Y7.046 E.01875
G1 X.638 Y7.044 E.00095
G1 X1.034 Y6.997 E.01876
G1 X1.054 Y6.994 E.00096
G1 X1.447 Y6.923 E.01876
G1 X1.467 Y6.919 E.00096
G1 X1.854 Y6.825 E.01875
G1 X1.874 Y6.82 E.00096
G1 X2.256 Y6.703 E.01875
G1 X2.275 Y6.697 E.00096
G1 X2.649 Y6.558 E.01875
G1 X2.668 Y6.55 E.00096
G1 X3.033 Y6.389 E.0188
G1 X3.054 Y6.379 E.00106
G1 X3.447 Y6.174 E.02087
G1 X3.463 Y6.165 E.00086
G1 X3.482 Y6.154 E.00103
G1 X9.231 Y6.154 E.27035
G1 X9.231 Y3.366 E.13113
G1 X6.154 Y-6.616 F30000
G1 F2949
G1 X6.154 Y-9.231 E.12299
G1 X-6.154 Y-9.231 E.5788
G1 X-6.154 Y-6.616 E.12299
;LAYER_CHANGE
;Z:2.8
;HEIGHT:0.02
;BEFORE_LAYER_CHANGE
;2.8
G1 E-1.2 F2100
;WIPE_START
G1 F6000
G1 X-6.154 Y-8.616
;WIPE_END
;AFTER_LAYER_CHANGE
;2.8
;_SET_FAN_SPEED_CHANGING_LAYER
G17
G3 Z3.2 I-.891 J.829 P1  F30000
G1 X3.2 Y1.446 Z3.2
G1 Z2.8
G1 E1.2 F2100
SET_VELOCITY_LIMIT ACCEL=5000
;TYPE:Inner wall
;HEIGHT:0.2
G1 F2949
G1 X3.189 Y1.475 E.00149
G1 X3.01 Y1.811 E.01789
G1 X2.797 Y2.126 E.01789
G1 X2.551 Y2.416 E.01789
G1 X2.275 Y2.678 E.01789
G1 X1.972 Y2.908 E.01789
G1 X1.646 Y3.104 E.01789
G1 X1.3 Y3.264 E.01789
G1 X.94 Y3.385 E.01789
G1 X.568 Y3.467 E.01789
G1 X.19 Y3.508 E.01789
G1 X-.19 Y3.508 E.01789
G1 X-.568 Y3.467 E.01789
G1 X-.94 Y3.385 E.01789
G1 X-1.3 Y3.264 E.01789
G1 X-1.646 Y3.104 E.01789
G1 X-1.979 Y2.903 E.01831
G1 X-2.328 Y2.627 E.02093
G1 X-2.551 Y2.416 E.01441
G1 X-2.797 Y2.126 E.01789
G1 X-3.01 Y1.811 E.01789
G1 X-3.189 Y1.475 E.01789
G1 X-3.329 Y1.122 E.01789
G1 X-3.431 Y.755 E.01789
G1 X-3.493 Y.38 E.01789
G1 X-3.513 Y0 E.01789
G1 X-3.493 Y-.38 E.01789
G1 X-3.43 Y-.764 E.01831
G1 X-3.302 Y-1.19 E.02093
G1 X-3.189 Y-1.475 E.01441
G1 X-3.01 Y-1.811 E.01789
G1 X-2.797 Y-2.126 E.01789
G1 X-2.551 Y-2.416 E.01789
G1 X-2.275 Y-2.678 E.01789
G1 X-1.972 Y-2.908 E.01789
G1 X-1.646 Y-3.104 E.01789
G1 X-1.3 Y-3.264 E.01789
G1 X-.94 Y-3.385 E.01789
G1 X-.568 Y-3.467 E.01789
G1 X-.19 Y-3.508 E.01789
G1 X.19 Y-3.508 E.01789
G1 X.568 Y-3.467 E.01789
G1 X.94 Y-3.385 E.01789
G1 X1.3 Y-3.264 E.01789
G1 X1.646 Y-3.104 E.01789
G1 X1.979 Y-2.903 E.01831
G1 X2.328 Y-2.627 E.02093
G1 X2.551 Y-2.416 E.01441
G1 X2.797 Y-2.126 E.01789
G1 X3.01 Y-1.811 E.01789
G1 X3.189 Y-1.475 E.01789
G1 X3.329 Y-1.122 E.01789
G1 X3.431 Y-.755 E.01789
G1 X3.493 Y-.38 E.01789
G1 X3.514 Y.009 E.01831
G1 X3.481 Y.453 E.02093
G1 X3.431 Y.755 E.01441
G1 X3.329 Y1.122 E.01789
G1 X3.214 Y1.412 E.0147
SET_VELOCITY_LIMIT ACCEL=10000
G1 X2.664 Y1.232 F30000
SET_VELOCITY_LIMIT ACCEL=5000
;TYPE:Outer wall
G1 F2949
G1 X2.664 Y1.233 E.00002
G1 X2.515 Y1.513 E.01495
G1 X2.337 Y1.776 E.01495
G1 X2.131 Y2.019 E.01495
G1 X1.9 Y2.237 E.01495
G1 X1.647 Y2.43 E.01495
G1 X1.375 Y2.594 E.01495
G1 X1.087 Y2.727 E.01495
G1 X.785 Y2.828 E.01495
G1 X.475 Y2.897 E.01495
G1 X.159 Y2.931 E.01495
G1 X-.159 Y2.931 E.01495
G1 X-.475 Y2.897 E.01495
G1 X-.785 Y2.828 E.01495
G1 X-1.087 Y2.727 E.01495
G1 X-1.375 Y2.594 E.01495
G1 X-1.65 Y2.428 E.01509
G1 X-1.95 Y2.19 E.01799
G1 X-2.131 Y2.019 E.01174
G1 X-2.337 Y1.776 E.01495
G1 X-2.515 Y1.513 E.01495
G1 X-2.664 Y1.233 E.01495
G1 X-2.782 Y.937 E.01495
G1 X-2.867 Y.631 E.01495
G1 X-2.918 Y.317 E.01495
G1 X-2.935 Y0 E.01495
G1 X-2.918 Y-.317 E.01495
G1 X-2.866 Y-.634 E.01509
G1 X-2.757 Y-1.001 E.01799
G1 X-2.664 Y-1.233 E.01174
G1 X-2.515 Y-1.513 E.01495
G1 X-2.337 Y-1.776 E.01495
G1 X-2.131 Y-2.019 E.01495
G1 X-1.9 Y-2.237 E.01495
G1 X-1.647 Y-2.43 E.01495
G1 X-1.375 Y-2.594 E.01495
G1 X-1.087 Y-2.727 E.01495
G1 X-.785 Y-2.828 E.01495
G1 X-.475 Y-2.897 E.01495
G1 X-.159 Y-2.931 E.01495
G1 X.159 Y-2.931 E.01495
G1 X.475 Y-2.897 E.01495
G1 X.785 Y-2.828 E.01495
G1 X1.087 Y-2.727 E.01495
G1 X1.375 Y-2.594 E.01495
G1 X1.65 Y-2.428 E.01509
G1 X1.95 Y-2.19 E.01799
G1 X2.131 Y-2.019 E.01174
G1 X2.337 Y-1.776 E.01495
G1 X2.515 Y-1.513 E.01495
G1 X2.664 Y-1.233 E.01495
G1 X2.782 Y-.937 E.01495
G1 X2.867 Y-.631 E.01495
G1 X2.918 Y-.317 E.01495
G1 X2.936 Y.003 E.01509
G1 X2.907 Y.385 E.01799
G1 X2.867 Y.631 E.01174
G1 X2.782 Y.937 E.01495
G1 X2.678 Y1.199 E.01323
SET_VELOCITY_LIMIT ACCEL=10000
G1 E-1.2 F2100
;WIPE_START
G1 F7200
G1 X2.664 Y1.233
G1 X2.515 Y1.513
G1 X2.337 Y1.776
G1 X2.131 Y2.019
G1 X1.9 Y2.237
G1 X1.647 Y2.43
G1 X1.375 Y2.594
G1 X1.324 Y2.617
;WIPE_END
G1 X2.041 Y-4.929 Z3.2 F30000
G1 Z2.8
G1 E1.2 F2100
SET_VELOCITY_LIMIT ACCEL=5000
;TYPE:Inner wall
G1 F2949
G1 X2.31 Y-4.819 E.01363
G1 X2.569 Y-4.687 E.01368
G1 X3.115 Y-4.342 E.03039
G1 X3.607 Y-3.943 E.02977
G1 X4.057 Y-3.479 E.03039
G1 X4.24 Y-3.253 E.01366
G1 X4.601 Y-2.717 E.03039
G1 X4.896 Y-2.142 E.03039
G1 X5.005 Y-1.873 E.01366
G1 X5.197 Y-1.244 E.03094
G1 X5.261 Y-.939 E.01464
G1 X5.334 Y-.317 E.02946
G1 X5.334 Y.328 E.03034
G1 X5.305 Y.638 E.01464
G1 X5.194 Y1.255 E.02946
G1 X5.005 Y1.873 E.03041
G1 X4.892 Y2.153 E.01421
G1 X4.751 Y2.446 E.01526
G1 X4.432 Y2.985 E.02946
G1 X4.048 Y3.488 E.02979
G1 X3.599 Y3.951 E.03032
G1 X3.362 Y4.153 E.01463
G1 X2.843 Y4.525 E.03001
G1 X2.574 Y4.683 E.01465
G1 X2.009 Y4.952 E.02946
G1 X1.397 Y5.158 E.03034
G1 X1.095 Y5.23 E.01463
G1 X.475 Y5.322 E.02946
G1 X-.158 Y5.341 E.02979
G1 X-.789 Y5.285 E.02977
G1 X-1.42 Y5.152 E.03032
G1 X-1.717 Y5.06 E.01464
G1 X-2.31 Y4.819 E.03008
G1 X-2.569 Y4.687 E.01368
G1 X-3.115 Y4.342 E.03039
G1 X-3.616 Y3.935 E.03032
G1 X-3.839 Y3.718 E.01464
G1 X-4.247 Y3.243 E.02946
G1 X-4.601 Y2.717 E.02979
G1 X-4.896 Y2.142 E.03039
G1 X-5.005 Y1.873 E.01366
G1 X-5.197 Y1.244 E.03094
G1 X-5.261 Y.939 E.01464
G1 X-5.334 Y.317 E.02946
G1 X-5.334 Y-.328 E.03034
G1 X-5.305 Y-.638 E.01464
G1 X-5.194 Y-1.255 E.02946
G1 X-5.005 Y-1.873 E.03041
G1 X-4.892 Y-2.153 E.01421
G1 X-4.751 Y-2.446 E.01526
G1 X-4.432 Y-2.985 E.02946
G1 X-4.048 Y-3.488 E.02979
G1 X-3.607 Y-3.943 E.02977
G1 X-3.115 Y-4.342 E.02977
G1 X-2.58 Y-4.679 E.02977
G1 X-1.996 Y-4.957 E.03039
G1 X-1.712 Y-5.063 E.01428
G1 X-1.421 Y-5.152 E.01428
G1 X-.789 Y-5.285 E.03039
G1 X-.147 Y-5.342 E.03032
G1 X.165 Y-5.341 E.01464
G1 X.789 Y-5.285 E.02946
G1 X1.42 Y-5.152 E.03034
G1 X1.717 Y-5.06 E.01463
G1 X2.008 Y-4.942 E.01475
SET_VELOCITY_LIMIT ACCEL=10000
G1 X2.259 Y-5.463 F30000
SET_VELOCITY_LIMIT ACCEL=5000
;TYPE:Outer wall
G1 F2949
G1 X2.551 Y-5.344 E.01483
G1 X2.855 Y-5.188 E.01608
M73 P45 R2
G1 X3.452 Y-4.811 E.03321
G1 X3.997 Y-4.369 E.03299
G1 X4.489 Y-3.862 E.03321
G1 X4.704 Y-3.597 E.01607
G1 X5.099 Y-3.011 E.03321
G1 X5.421 Y-2.383 E.03321
G1 X5.55 Y-2.066 E.01607
G1 X5.757 Y-1.387 E.0334
G1 X5.831 Y-1.032 E.01706
G1 X5.911 Y-.351 E.03224
G1 X5.911 Y.355 E.03319
G1 X5.878 Y.716 E.01706
G1 X5.756 Y1.391 E.03223
G1 X5.55 Y2.066 E.03322
G1 X5.42 Y2.387 E.01626
G1 X5.261 Y2.718 E.01728
G1 X4.911 Y3.308 E.03223
G1 X4.486 Y3.866 E.033
G1 X3.994 Y4.372 E.03319
G1 X3.719 Y4.608 E.01706
G1 X3.158 Y5.01 E.03243
G1 X2.845 Y5.193 E.01707
G1 X2.226 Y5.487 E.03224
G1 X1.557 Y5.713 E.03319
G1 X1.204 Y5.798 E.01706
G1 X.526 Y5.898 E.03224
G1 X-.175 Y5.919 E.033
G1 X-.874 Y5.857 E.03299
G1 X-1.565 Y5.711 E.03319
G1 X-1.912 Y5.604 E.01706
G1 X-2.551 Y5.344 E.03245
G1 X-2.855 Y5.188 E.01608
G1 X-3.452 Y4.811 E.03321
G1 X-4 Y4.367 E.03319
G1 X-4.26 Y4.113 E.01706
G1 X-4.707 Y3.593 E.03224
G1 X-5.099 Y3.011 E.033
G1 X-5.421 Y2.383 E.03321
G1 X-5.55 Y2.066 E.01607
G1 X-5.757 Y1.387 E.0334
G1 X-5.831 Y1.032 E.01706
G1 X-5.911 Y.351 E.03224
G1 X-5.911 Y-.355 E.03319
G1 X-5.878 Y-.716 E.01706
G1 X-5.756 Y-1.391 E.03223
G1 X-5.55 Y-2.066 E.03322
G1 X-5.42 Y-2.387 E.01626
G1 X-5.261 Y-2.718 E.01728
G1 X-4.911 Y-3.308 E.03223
G1 X-4.486 Y-3.866 E.033
G1 X-3.997 Y-4.369 E.03299
G1 X-3.452 Y-4.811 E.03299
G1 X-2.859 Y-5.186 E.03299
G1 X-2.221 Y-5.489 E.03321
G1 X-1.897 Y-5.61 E.01629
G1 X-1.565 Y-5.711 E.01629
G1 X-.874 Y-5.857 E.03321
G1 X-.171 Y-5.919 E.03319
G1 X.191 Y-5.918 E.01706
G1 X.874 Y-5.857 E.03223
G1 X1.565 Y-5.711 E.03319
G1 X1.912 Y-5.604 E.01706
G1 X2.225 Y-5.477 E.01593
SET_VELOCITY_LIMIT ACCEL=10000
G1 E-1.2 F2100
;WIPE_START
G1 F7200
G1 X2.551 Y-5.344
G1 X2.855 Y-5.188
G1 X3.452 Y-4.811
G1 X3.918 Y-4.433
;WIPE_END
G1 X3.064 Y-3.937 Z3.2 F30000
G1 Z2.8
G1 E1.2 F2100
;TYPE:Sparse infill
G1 F2949
G1 X2.913 Y-4.06 E.00912
G1 X2.397 Y-4.386 E.0287
G1 X2.165 Y-4.504 E.01223
G1 X1.601 Y-4.734 E.02866
G1 X1.333 Y-4.817 E.01318
G1 X.987 Y-4.89 E.01665
G1 X4.899 Y-.977 E.2602
G1 X4.988 Y-.297 E.03226
G1 X4.988 Y.312 E.02863
G1 X4.962 Y.591 E.01318
G1 X4.857 Y1.173 E.0278
G1 X4.679 Y1.757 E.02873
G1 X4.446 Y2.282 E.027
G1 X4.145 Y2.791 E.0278
G1 X3.785 Y3.262 E.02786
G1 X3.527 Y3.527 E.0174
G1 X2.727 Y2.727 E.05326
G1 X3.073 Y2.336 E.02455
G1 X3.308 Y1.99 E.01965
G1 X3.503 Y1.621 E.01965
G1 X3.658 Y1.233 E.01966
G1 X3.788 Y.717 E.02499
G1 E-1.2 F2100
;WIPE_START
G1 F6000
G1 X3.658 Y1.233
G1 X3.503 Y1.621
G1 X3.308 Y1.99
G1 X3.073 Y2.336
G1 X2.93 Y2.497
;WIPE_END
G1 X-3.064 Y3.937 Z3.2 F30000
G1 Z2.8
G1 E1.2 F2100
G1 F2949
G1 X-2.913 Y4.06 E.00912
G1 X-2.397 Y4.386 E.0287
G1 X-2.165 Y4.504 E.01223
G1 X-1.601 Y4.734 E.02866
G1 X-1.333 Y4.817 E.01318
G1 X-.987 Y4.89 E.01665
G1 X-4.899 Y.977 E.2602
G1 X-4.988 Y.297 E.03226
G1 X-4.988 Y-.312 E.02863
G1 X-4.962 Y-.591 E.01318
G1 X-4.857 Y-1.173 E.0278
G1 X-4.679 Y-1.757 E.02873
G1 X-4.446 Y-2.282 E.027
G1 X-4.145 Y-2.791 E.0278
G1 X-3.785 Y-3.262 E.02786
G1 X-3.527 Y-3.527 E.0174
G1 X-2.727 Y-2.727 E.05326
G1 X-3.073 Y-2.336 E.02455
G1 X-3.308 Y-1.99 E.01966
G1 X-3.503 Y-1.621 E.01965
G1 X-3.629 Y-1.304 E.01601
G1 X-3.768 Y-.842 E.0227
G1 X-3.788 Y-.717 E.00596
;LAYER_CHANGE
;Z:2.98
;HEIGHT:0.18
;BEFORE_LAYER_CHANGE
;2.98
G1 E-1.2 F2100
;WIPE_START
G1 F6000
G1 X-3.768 Y-.842
G1 X-3.629 Y-1.304
G1 X-3.503 Y-1.621
G1 X-3.308 Y-1.99
G1 X-3.073 Y-2.336
G1 X-2.931 Y-2.496
;WIPE_END
;AFTER_LAYER_CHANGE
;2.98
;_SET_FAN_SPEED_CHANGING_LAYER
G17
G3 Z3.38 I.958 J-.75 P1  F30000
G1 X-6.154 Y-6.616 Z3.38
G1 Z2.98
G1 E1.2 F2100
;TYPE:Support
;HEIGHT:0.2
G1 F2939
G1 X-6.154 Y-9.231 E.12299
G1 X6.154 Y-9.231 E.5788
G1 X6.154 Y-6.616 E.12299
G1 E-1.2 F2100
;WIPE_START
G1 F6000
G1 X6.154 Y-8.616
;WIPE_END
G1 X4.749 Y-1.114 Z3.38 F30000
G1 X3.414 Y6.017 Z3.38
G1 Z2.98
G1 E1.2 F2100
G1 F2939
G1 X3.684 Y5.858 E.01476
G1 X3.703 Y5.847 E.00101
G1 X4.026 Y5.629 E.01835
G1 X4.043 Y5.617 E.00096
G1 X4.335 Y5.394 E.0173
G1 X4.35 Y5.382 E.00091
G1 X4.663 Y5.114 E.01932
G1 X4.678 Y5.1 E.00101
G1 X4.959 Y4.828 E.01835
G1 X4.973 Y4.813 E.00096
G1 X5.236 Y4.526 E.01833
G1 X5.249 Y4.51 E.00096
G1 X5.495 Y4.208 E.01833
G1 X5.507 Y4.191 E.00096
G1 X5.734 Y3.875 E.01833
G1 X5.746 Y3.858 E.00096
G1 X5.954 Y3.528 E.01833
G1 X5.964 Y3.511 E.00096
G1 X6.142 Y3.188 E.01731
G1 X6.151 Y3.171 E.00091
G1 X6.196 Y3.077 E.00491
G1 X9.231 Y3.077 E.14274
G1 X9.231 Y0 E.1447
G1 X6.921 Y0 E.10865
G1 X6.921 Y-.01 E.00048
G1 X6.909 Y-.4 E.01833
G1 X6.908 Y-.42 E.00096
G1 X6.873 Y-.808 E.01832
G1 X6.871 Y-.829 E.00096
G1 X6.817 Y-1.193 E.01731
G1 X6.813 Y-1.212 E.00091
M73 P46 R2
G1 X6.73 Y-1.614 E.01933
G1 X6.725 Y-1.635 E.00101
G1 X6.622 Y-2.012 E.01836
G1 X6.616 Y-2.031 E.00096
G1 X6.491 Y-2.4 E.01833
G1 X6.484 Y-2.419 E.00096
G1 X6.338 Y-2.781 E.01833
G1 X6.329 Y-2.799 E.00096
G1 X6.197 Y-3.077 E.01447
G1 X9.231 Y-3.077 E.14269
G1 X9.231 Y-6.154 E.1447
G1 X3.16 Y-6.154 E.28551
G1 X2.986 Y-6.244 E.00921
G1 X2.967 Y-6.252 E.00096
G1 X2.61 Y-6.409 E.01833
G1 X2.592 Y-6.417 E.00096
G1 X2.247 Y-6.545 E.0173
G1 X2.228 Y-6.551 E.00091
G1 X1.836 Y-6.673 E.01932
G1 X1.815 Y-6.678 E.00102
G1 X1.435 Y-6.77 E.01836
G1 X1.416 Y-6.774 E.00096
G1 X1.032 Y-6.843 E.01833
G1 X1.012 Y-6.846 E.00096
G1 X.625 Y-6.892 E.01834
G1 X.604 Y-6.894 E.00095
G1 X.237 Y-6.916 E.0173
G1 X.218 Y-6.917 E.00091
G1 X-.193 Y-6.918 E.01932
G1 X-.215 Y-6.917 E.00101
G1 X-.604 Y-6.894 E.01835
G1 X-.625 Y-6.892 E.00095
G1 X-1.012 Y-6.846 E.01833
G1 X-1.032 Y-6.843 E.00096
G1 X-1.416 Y-6.774 E.01833
G1 X-1.436 Y-6.77 E.00096
G1 X-1.814 Y-6.679 E.01833
G1 X-1.834 Y-6.673 E.00096
G1 X-2.207 Y-6.559 E.01833
G1 X-2.226 Y-6.553 E.00096
G1 X-2.592 Y-6.417 E.01833
G1 X-2.61 Y-6.409 E.00096
G1 X-2.967 Y-6.252 E.01833
G1 X-2.986 Y-6.244 E.00096
G1 X-3.16 Y-6.154 E.00921
G1 X-9.231 Y-6.154 E.28551
G1 X-9.231 Y-3.077 E.1447
G1 X-6.196 Y-3.077 E.14274
G1 X-6.329 Y-2.801 E.01442
G1 X-6.337 Y-2.781 E.00102
G1 X-6.484 Y-2.419 E.01835
G1 X-6.491 Y-2.4 E.00096
G1 X-6.616 Y-2.031 E.01833
G1 X-6.622 Y-2.012 E.00096
G1 X-6.725 Y-1.635 E.01833
G1 X-6.729 Y-1.616 E.00096
G1 X-6.81 Y-1.234 E.01832
G1 X-6.813 Y-1.214 E.00096
G1 X-6.868 Y-.85 E.01731
G1 X-6.87 Y-.831 E.00091
G1 X-6.908 Y-.422 E.01932
G1 X-6.909 Y-.4 E.00101
G1 X-6.921 Y-.01 E.01835
G1 X-6.921 Y0 E.00048
G1 X-9.231 Y0 E.10865
G1 X-9.231 Y3.077 E.1447
G1 X-6.197 Y3.077 E.14269
G1 X-6.162 Y3.151 E.00386
G1 X-6.152 Y3.169 E.00096
G1 X-5.964 Y3.511 E.01833
G1 X-5.954 Y3.528 E.00096
G1 X-5.746 Y3.858 E.01833
G1 X-5.734 Y3.875 E.00096
G1 X-5.507 Y4.191 E.01833
G1 X-5.495 Y4.208 E.00096
G1 X-5.249 Y4.51 E.01833
G1 X-5.236 Y4.526 E.00096
G1 X-4.987 Y4.797 E.0173
G1 X-4.974 Y4.811 E.00091
G1 X-4.68 Y5.098 E.01933
G1 X-4.664 Y5.113 E.00101
G1 X-4.369 Y5.368 E.01835
G1 X-4.353 Y5.38 E.00096
G1 X-4.043 Y5.617 E.01833
G1 X-4.026 Y5.629 E.00096
G1 X-3.703 Y5.847 E.01833
G1 X-3.686 Y5.858 E.00096
G1 X-3.414 Y6.018 E.01484
G1 X-6.154 Y6.616 F30000
G1 F2939
G1 X-6.154 Y9.231 E.12299
G1 X6.154 Y9.231 E.5788
G1 X6.154 Y6.616 E.12299
G1 X9.231 Y3.366 F30000
G1 F2939
G1 X9.231 Y6.154 E.13113
G1 X3.16 Y6.154 E.28551
G1 X2.986 Y6.244 E.00921
G1 X2.967 Y6.252 E.00096
G1 X2.61 Y6.409 E.01833
G1 X2.592 Y6.417 E.00096
G1 X2.226 Y6.553 E.01833
G1 X2.207 Y6.559 E.00096
G1 X1.834 Y6.673 E.01835
G1 X1.813 Y6.679 E.00101
G1 X1.413 Y6.774 E.01933
G1 X1.394 Y6.778 E.00091
G1 X1.032 Y6.843 E.0173
G1 X1.012 Y6.846 E.00096
G1 X.625 Y6.892 E.01833
G1 X.604 Y6.894 E.00095
G1 X.215 Y6.917 E.01833
G1 X.195 Y6.918 E.00096
G1 X-.195 Y6.918 E.01833
G1 X-.215 Y6.917 E.00096
G1 X-.604 Y6.894 E.01833
G1 X-.625 Y6.892 E.00095
G1 X-1.012 Y6.846 E.01834
G1 X-1.032 Y6.843 E.00096
G1 X-1.416 Y6.774 E.01833
G1 X-1.435 Y6.77 E.00096
G1 X-1.815 Y6.678 E.01836
G1 X-1.836 Y6.673 E.00102
G1 X-2.228 Y6.551 E.01932
G1 X-2.247 Y6.545 E.00091
G1 X-2.592 Y6.417 E.01731
G1 X-2.61 Y6.409 E.00096
G1 X-2.967 Y6.252 E.01833
G1 X-2.986 Y6.244 E.00096
G1 X-3.16 Y6.154 E.00921
G1 X-9.231 Y6.154 E.28551
G1 X-9.231 Y3.366 E.13113
;LAYER_CHANGE
;Z:3
;HEIGHT:0.02
;BEFORE_LAYER_CHANGE
;3
G1 E-1.2 F2100
;WIPE_START
G1 F6000
G1 X-9.231 Y5.366
;WIPE_END
;AFTER_LAYER_CHANGE
;3
;_SET_FAN_SPEED_CHANGING_LAYER
G17
G3 Z3.4 I.366 J1.161 P1  F30000
G1 X3.2 Y1.446 Z3.4
G1 Z3
G1 E1.2 F2100
SET_VELOCITY_LIMIT ACCEL=5000
;TYPE:Inner wall
;HEIGHT:0.2
G1 F2939
G1 X3.189 Y1.475 E.0015
G1 X3.01 Y1.811 E.01789
G1 X2.797 Y2.126 E.01789
G1 X2.551 Y2.416 E.01789
G1 X2.275 Y2.678 E.01789
G1 X1.972 Y2.908 E.01789
G1 X1.646 Y3.104 E.01789
G1 X1.3 Y3.264 E.01789
G1 X.94 Y3.385 E.01789
G1 X.568 Y3.467 E.01789
G1 X.19 Y3.508 E.01789
G1 X-.19 Y3.508 E.01789
G1 X-.568 Y3.467 E.01789
G1 X-.94 Y3.385 E.01789
G1 X-1.3 Y3.264 E.01789
G1 X-1.646 Y3.104 E.01789
G1 X-1.972 Y2.908 E.01789
G1 X-2.275 Y2.678 E.01789
G1 X-2.551 Y2.416 E.01789
G1 X-2.797 Y2.126 E.01789
G1 X-3.01 Y1.811 E.01789
G1 X-3.189 Y1.475 E.01789
G1 X-3.329 Y1.122 E.01789
G1 X-3.431 Y.755 E.01789
G1 X-3.493 Y.38 E.01789
G1 X-3.513 Y0 E.01789
G1 X-3.493 Y-.38 E.01789
G1 X-3.431 Y-.755 E.01789
G1 X-3.329 Y-1.122 E.01789
G1 X-3.189 Y-1.475 E.01789
G1 X-3.01 Y-1.811 E.01789
G1 X-2.797 Y-2.126 E.01789
G1 X-2.551 Y-2.416 E.01789
G1 X-2.275 Y-2.678 E.01789
G1 X-1.972 Y-2.908 E.01789
G1 X-1.646 Y-3.104 E.01789
G1 X-1.294 Y-3.267 E.01822
G1 X-.885 Y-3.397 E.02017
G1 X-.568 Y-3.467 E.01527
G1 X-.19 Y-3.508 E.01789
G1 X.19 Y-3.508 E.01789
G1 X.568 Y-3.467 E.01789
G1 X.94 Y-3.385 E.01789
G1 X1.3 Y-3.264 E.01789
G1 X1.646 Y-3.104 E.01789
G1 X1.972 Y-2.908 E.01789
G1 X2.275 Y-2.678 E.01789
G1 X2.556 Y-2.411 E.01822
G1 X2.828 Y-2.08 E.02017
G1 X3.01 Y-1.811 E.01527
G1 X3.189 Y-1.475 E.01789
G1 X3.329 Y-1.122 E.01789
G1 X3.431 Y-.755 E.01789
G1 X3.493 Y-.38 E.01789
G1 X3.513 Y0 E.01789
G1 X3.493 Y.38 E.01789
G1 X3.43 Y.762 E.01822
G1 X3.309 Y1.174 E.02017
G1 X3.214 Y1.412 E.01208
SET_VELOCITY_LIMIT ACCEL=10000
G1 X2.664 Y1.232 F30000
SET_VELOCITY_LIMIT ACCEL=5000
;TYPE:Outer wall
G1 F2939
G1 X2.664 Y1.233 E.00002
G1 X2.515 Y1.513 E.01495
G1 X2.337 Y1.776 E.01495
G1 X2.131 Y2.019 E.01495
G1 X1.9 Y2.237 E.01495
G1 X1.647 Y2.43 E.01495
G1 X1.375 Y2.594 E.01495
G1 X1.087 Y2.727 E.01495
G1 X.785 Y2.828 E.01495
G1 X.475 Y2.897 E.01495
G1 X.159 Y2.931 E.01495
G1 X-.159 Y2.931 E.01495
G1 X-.475 Y2.897 E.01495
G1 X-.785 Y2.828 E.01495
G1 X-1.087 Y2.727 E.01495
G1 X-1.375 Y2.594 E.01495
G1 X-1.647 Y2.43 E.01495
G1 X-1.9 Y2.237 E.01495
G1 X-2.131 Y2.019 E.01495
G1 X-2.337 Y1.776 E.01495
G1 X-2.515 Y1.513 E.01495
G1 X-2.664 Y1.233 E.01495
G1 X-2.782 Y.937 E.01495
G1 X-2.867 Y.631 E.01495
G1 X-2.918 Y.317 E.01495
G1 X-2.935 Y0 E.01495
G1 X-2.918 Y-.317 E.01495
G1 X-2.867 Y-.631 E.01495
G1 X-2.782 Y-.937 E.01495
G1 X-2.664 Y-1.233 E.01495
G1 X-2.515 Y-1.513 E.01495
G1 X-2.337 Y-1.776 E.01495
G1 X-2.131 Y-2.019 E.01495
G1 X-1.9 Y-2.237 E.01495
G1 X-1.647 Y-2.43 E.01495
G1 X-1.375 Y-2.594 E.01495
G1 X-1.084 Y-2.728 E.01506
G1 X-.735 Y-2.839 E.01723
G1 X-.475 Y-2.897 E.01254
G1 X-.159 Y-2.931 E.01495
G1 X.159 Y-2.931 E.01495
G1 X.475 Y-2.897 E.01495
G1 X.785 Y-2.828 E.01495
G1 X1.087 Y-2.727 E.01495
G1 X1.375 Y-2.594 E.01495
G1 X1.647 Y-2.43 E.01495
G1 X1.9 Y-2.237 E.01495
G1 X2.133 Y-2.017 E.01506
G1 X2.366 Y-1.734 E.01723
G1 X2.515 Y-1.513 E.01254
G1 X2.664 Y-1.233 E.01495
G1 X2.782 Y-.937 E.01495
G1 X2.867 Y-.631 E.01495
G1 X2.918 Y-.317 E.01495
M73 P47 R2
G1 X2.935 Y0 E.01495
G1 X2.918 Y.317 E.01495
G1 X2.866 Y.633 E.01506
G1 X2.763 Y.985 E.01723
G1 X2.678 Y1.199 E.01082
SET_VELOCITY_LIMIT ACCEL=10000
G1 E-1.2 F2100
;WIPE_START
G1 F7200
G1 X2.664 Y1.233
G1 X2.515 Y1.513
G1 X2.337 Y1.776
G1 X2.131 Y2.019
G1 X1.9 Y2.237
G1 X1.647 Y2.43
G1 X1.375 Y2.594
G1 X1.324 Y2.617
;WIPE_END
G1 X2.018 Y-4.825 Z3.4 F30000
G1 Z3
G1 E1.2 F2100
SET_VELOCITY_LIMIT ACCEL=5000
;TYPE:Inner wall
G1 F2939
G1 X2.252 Y-4.73 E.0119
G1 X2.796 Y-4.429 E.02922
G1 X3.301 Y-4.068 E.02918
G1 X3.768 Y-3.64 E.0298
G1 X3.96 Y-3.43 E.01337
G1 X4.345 Y-2.926 E.02981
G1 X4.66 Y-2.392 E.02919
G1 X4.916 Y-1.812 E.02981
G1 X5.007 Y-1.543 E.01336
G1 X5.159 Y-.914 E.03042
G1 X5.201 Y-.633 E.01337
G1 X5.239 Y.013 E.03042
G1 X5.23 Y.31 E.01398
G1 X5.204 Y.607 E.01398
G1 X5.092 Y1.23 E.02981
G1 X4.91 Y1.824 E.02918
G1 X4.66 Y2.392 E.02919
G1 X4.338 Y2.938 E.02981
G1 X4.166 Y3.177 E.01386
G1 X3.952 Y3.438 E.01589
G1 X3.527 Y3.874 E.0286
G1 X3.311 Y4.06 E.0134
G1 X2.786 Y4.437 E.03043
G1 X2.541 Y4.582 E.01336
G1 X1.969 Y4.854 E.0298
G1 X1.371 Y5.056 E.02968
G1 X1.055 Y5.131 E.01527
G1 X.466 Y5.218 E.02799
G1 X-.155 Y5.236 E.02922
G1 X-.773 Y5.181 E.02919
G1 X-1.391 Y5.051 E.02968
G1 X-1.701 Y4.954 E.01527
G1 X-2.262 Y4.726 E.02848
G1 X-2.551 Y4.575 E.01531
G1 X-3.064 Y4.249 E.02861
G1 X-3.291 Y4.077 E.0134
G1 X-3.759 Y3.649 E.0298
G1 X-4.172 Y3.169 E.0298
G1 X-4.338 Y2.938 E.01337
G1 X-4.66 Y2.392 E.02981
G1 X-4.916 Y1.812 E.02981
G1 X-5.007 Y1.543 E.01336
G1 X-5.156 Y.927 E.02981
G1 X-5.229 Y.31 E.02919
G1 X-5.229 Y-.323 E.0298
G1 X-5.204 Y-.607 E.01336
G1 X-5.092 Y-1.23 E.02981
G1 X-4.91 Y-1.824 E.02918
G1 X-4.66 Y-2.392 E.02919
G1 X-4.338 Y-2.938 E.02981
G1 X-4.166 Y-3.177 E.01386
G1 X-3.952 Y-3.438 E.01589
G1 X-3.536 Y-3.864 E.02798
G1 X-3.054 Y-4.256 E.02922
G1 X-2.529 Y-4.587 E.02919
G1 X-1.957 Y-4.86 E.0298
G1 X-1.678 Y-4.963 E.01398
G1 X-1.394 Y-5.05 E.01398
G1 X-.773 Y-5.181 E.02981
G1 X-.145 Y-5.237 E.02968
G1 X.18 Y-5.235 E.01527
G1 X.773 Y-5.181 E.02799
G1 X1.391 Y-5.051 E.02972
G1 X1.701 Y-4.954 E.01527
G1 X1.984 Y-4.839 E.01439
SET_VELOCITY_LIMIT ACCEL=10000
G1 X2.236 Y-5.359 F30000
SET_VELOCITY_LIMIT ACCEL=5000
;TYPE:Outer wall
G1 F2939
G1 X2.501 Y-5.251 E.01349
G1 X3.105 Y-4.918 E.03242
G1 X3.665 Y-4.517 E.03241
G1 X4.177 Y-4.048 E.03262
G1 X4.403 Y-3.801 E.01578
G1 X4.824 Y-3.249 E.03262
G1 X5.175 Y-2.656 E.03241
G1 X5.454 Y-2.021 E.03262
G1 X5.562 Y-1.703 E.01578
G1 X5.726 Y-1.024 E.03284
G1 X5.775 Y-.693 E.01578
G1 X5.817 Y.005 E.03284
G1 X5.807 Y.345 E.01599
G1 X5.776 Y.683 E.01599
G1 X5.654 Y1.366 E.03262
G1 X5.452 Y2.025 E.03241
G1 X5.175 Y2.656 E.03241
G1 X4.822 Y3.253 E.03262
G1 X4.624 Y3.529 E.01595
G1 X4.382 Y3.823 E.01793
G1 X3.923 Y4.295 E.03094
G1 X3.669 Y4.514 E.01579
G1 X3.101 Y4.921 E.03284
G1 X2.812 Y5.092 E.01578
G1 X2.186 Y5.39 E.03262
G1 X1.53 Y5.612 E.03258
G1 X1.163 Y5.698 E.01771
G1 X.517 Y5.793 E.03072
G1 X-.172 Y5.814 E.03242
G1 X-.859 Y5.753 E.03241
G1 X-1.537 Y5.61 E.03258
G1 X-1.896 Y5.498 E.01771
G1 X-2.505 Y5.25 E.03089
G1 X-2.839 Y5.076 E.01772
G1 X-3.395 Y4.723 E.03094
G1 X-3.661 Y4.52 E.01579
G1 X-4.173 Y4.051 E.03262
G1 X-4.626 Y3.526 E.03262
G1 X-4.822 Y3.253 E.01578
G1 X-5.175 Y2.656 E.03262
G1 X-5.454 Y2.021 E.03262
G1 X-5.562 Y1.703 E.01578
G1 X-5.725 Y1.029 E.03262
G1 X-5.806 Y.345 E.03241
G1 X-5.806 Y-.349 E.03262
G1 X-5.776 Y-.683 E.01578
G1 X-5.654 Y-1.366 E.03262
G1 X-5.452 Y-2.025 E.03241
G1 X-5.175 Y-2.656 E.03241
G1 X-4.822 Y-3.253 E.03262
G1 X-4.624 Y-3.529 E.01595
G1 X-4.382 Y-3.823 E.01793
G1 X-3.926 Y-4.291 E.03072
G1 X-3.391 Y-4.726 E.03242
G1 X-2.808 Y-5.094 E.03241
G1 X-2.182 Y-5.392 E.03262
G1 X-1.863 Y-5.51 E.016
G1 X-1.538 Y-5.61 E.01599
G1 X-.859 Y-5.753 E.03262
G1 X-.169 Y-5.814 E.03258
G1 X.208 Y-5.812 E.01771
G1 X.858 Y-5.753 E.03072
G1 X1.537 Y-5.61 E.03259
G1 X1.896 Y-5.498 E.01771
G1 X2.202 Y-5.373 E.01554
SET_VELOCITY_LIMIT ACCEL=10000
G1 E-1.2 F2100
;WIPE_START
G1 F7200
G1 X2.501 Y-5.251
G1 X3.105 Y-4.918
G1 X3.665 Y-4.517
G1 X3.885 Y-4.315
;WIPE_END
G1 X3.788 Y.717 Z3.4 F30000
G1 Z3
G1 E1.2 F2100
;TYPE:Sparse infill
G1 F2939
G1 X3.768 Y.839 E.00583
G1 X3.636 Y1.287 E.02194
G1 X3.503 Y1.621 E.0169
G1 X3.308 Y1.99 E.01966
G1 X3.073 Y2.336 E.01965
G1 X2.727 Y2.727 E.02455
G1 X3.453 Y3.453 E.04834
G1 X3.097 Y3.788 E.02298
G1 X2.596 Y4.147 E.02898
G1 X2.378 Y4.276 E.01192
G1 X1.838 Y4.533 E.02811
G1 X1.276 Y4.723 E.02794
G1 X.99 Y4.79 E.01381
G1 X.435 Y4.872 E.02634
G1 X-.145 Y4.889 E.02731
G1 X-.722 Y4.838 E.02725
G1 X-1.122 Y4.754 E.01923
G1 X-4.752 Y1.124 E.24136
G1 X-4.814 Y.865 E.01253
G1 X-4.883 Y.29 E.02725
G1 X-4.883 Y-.308 E.02811
G1 X-4.86 Y-.56 E.01192
G1 X-4.751 Y-1.161 E.02873
G1 X-3.788 Y-.717 F30000
G1 F2939
G1 X-3.658 Y-1.233 E.02499
G1 X-3.503 Y-1.621 E.01965
G1 X-3.308 Y-1.99 E.01966
G1 X-3.073 Y-2.336 E.01965
G1 X-2.727 Y-2.727 E.02455
G1 X-3.453 Y-3.453 E.04834
G1 X-3.302 Y-3.608 E.01017
G1 X-2.852 Y-3.974 E.0273
G1 X-2.362 Y-4.284 E.02725
G1 X-1.822 Y-4.541 E.02811
G1 X-1.307 Y-4.715 E.02554
G1 X-.722 Y-4.838 E.02812
G1 X-.13 Y-4.891 E.02794
G1 X.163 Y-4.889 E.01381
G1 X.721 Y-4.838 E.02634
G1 X1.122 Y-4.754 E.01929
G1 X4.752 Y-1.124 E.24136
G1 X4.856 Y-.597 E.02529
G1 X4.893 Y.018 E.02898
G1 X4.86 Y.56 E.02554
G1 X4.751 Y1.161 E.0287
;LAYER_CHANGE
;Z:3.2
;HEIGHT:0.2
;BEFORE_LAYER_CHANGE
;3.2
G1 E-1.2 F2100
;WIPE_START
G1 F6000
G1 X4.86 Y.56
G1 X4.893 Y.018
G1 X4.856 Y-.597
G1 X4.811 Y-.823
;WIPE_END
;AFTER_LAYER_CHANGE
;3.2
;_SET_FAN_SPEED_CHANGING_LAYER
G17
G3 Z3.6 I-.992 J-.705 P1  F30000
G1 X3.2 Y1.446 Z3.6
G1 Z3.2
G1 E1.2 F2100
SET_VELOCITY_LIMIT ACCEL=5000
;TYPE:Inner wall
G1 F1488
G1 X3.189 Y1.475 E.0015
G1 X3.01 Y1.811 E.01789
G1 X2.797 Y2.126 E.01789
G1 X2.551 Y2.416 E.01789
G1 X2.275 Y2.678 E.01789
G1 X1.972 Y2.908 E.01789
G1 X1.646 Y3.104 E.01789
G1 X1.3 Y3.264 E.01789
G1 X.94 Y3.385 E.01789
G1 X.568 Y3.467 E.01789
G1 X.19 Y3.508 E.01789
G1 X-.19 Y3.508 E.01789
G1 X-.568 Y3.467 E.01789
G1 X-.94 Y3.385 E.01789
G1 X-1.3 Y3.264 E.01789
G1 X-1.646 Y3.104 E.01789
M73 P48 R2
G1 X-1.972 Y2.908 E.01789
G1 X-2.275 Y2.678 E.01789
G1 X-2.551 Y2.416 E.01789
G1 X-2.797 Y2.126 E.01789
G1 X-3.01 Y1.811 E.01789
G1 X-3.189 Y1.475 E.01789
G1 X-3.329 Y1.122 E.01789
G1 X-3.433 Y.751 E.01812
G1 X-3.495 Y.343 E.01941
G1 X-3.513 Y0 E.01613
G1 X-3.493 Y-.38 E.01789
G1 X-3.431 Y-.755 E.01789
G1 X-3.329 Y-1.122 E.01789
G1 X-3.189 Y-1.475 E.01789
G1 X-3.01 Y-1.811 E.01789
G1 X-2.797 Y-2.126 E.01789
G1 X-2.551 Y-2.416 E.01789
G1 X-2.275 Y-2.678 E.01789
G1 X-1.972 Y-2.908 E.01789
G1 X-1.646 Y-3.104 E.01789
G1 X-1.296 Y-3.266 E.01812
G1 X-.903 Y-3.393 E.01941
G1 X-.568 Y-3.467 E.01613
G1 X-.19 Y-3.508 E.01789
G1 X.19 Y-3.508 E.01789
G1 X.573 Y-3.467 E.01812
G1 X.975 Y-3.373 E.01941
G1 X1.3 Y-3.264 E.01613
G1 X1.646 Y-3.104 E.01789
G1 X1.972 Y-2.908 E.01789
G1 X2.275 Y-2.678 E.01789
G1 X2.551 Y-2.416 E.01789
G1 X2.797 Y-2.126 E.01789
G1 X3.01 Y-1.811 E.01789
G1 X3.189 Y-1.475 E.01789
G1 X3.329 Y-1.122 E.01789
G1 X3.433 Y-.751 E.01812
G1 X3.495 Y-.343 E.01941
G1 X3.513 Y0 E.01613
G1 X3.493 Y.38 E.01789
G1 X3.431 Y.755 E.01789
G1 X3.329 Y1.122 E.01789
G1 X3.214 Y1.412 E.0147
SET_VELOCITY_LIMIT ACCEL=10000
G1 X2.664 Y1.232 F30000
SET_VELOCITY_LIMIT ACCEL=5000
;TYPE:Outer wall
G1 F1488
G1 X2.664 Y1.233 E.00003
G1 X2.515 Y1.513 E.01495
G1 X2.337 Y1.776 E.01495
G1 X2.131 Y2.019 E.01495
G1 X1.9 Y2.237 E.01495
G1 X1.647 Y2.43 E.01495
G1 X1.375 Y2.594 E.01495
G1 X1.087 Y2.727 E.01495
G1 X.785 Y2.828 E.01495
G1 X.475 Y2.897 E.01495
G1 X.159 Y2.931 E.01495
G1 X-.159 Y2.931 E.01495
G1 X-.475 Y2.897 E.01495
G1 X-.785 Y2.828 E.01495
G1 X-1.087 Y2.727 E.01495
G1 X-1.375 Y2.594 E.01495
G1 X-1.647 Y2.43 E.01495
G1 X-1.9 Y2.237 E.01495
G1 X-2.131 Y2.019 E.01495
G1 X-2.337 Y1.776 E.01495
G1 X-2.515 Y1.513 E.01495
G1 X-2.664 Y1.233 E.01495
G1 X-2.782 Y.937 E.01495
G1 X-2.867 Y.629 E.01503
G1 X-2.92 Y.283 E.01647
G1 X-2.935 Y0 E.01334
G1 X-2.918 Y-.317 E.01495
G1 X-2.867 Y-.631 E.01495
G1 X-2.782 Y-.937 E.01495
G1 X-2.664 Y-1.233 E.01495
G1 X-2.515 Y-1.513 E.01495
G1 X-2.337 Y-1.776 E.01495
G1 X-2.131 Y-2.019 E.01495
G1 X-1.9 Y-2.237 E.01495
G1 X-1.647 Y-2.43 E.01495
G1 X-1.375 Y-2.594 E.01495
G1 X-1.085 Y-2.728 E.01503
G1 X-.752 Y-2.836 E.01647
G1 X-.475 Y-2.897 E.01334
G1 X-.159 Y-2.931 E.01495
G1 X.159 Y-2.931 E.01495
G1 X.477 Y-2.897 E.01503
G1 X.818 Y-2.818 E.01647
G1 X1.087 Y-2.727 E.01334
G1 X1.375 Y-2.594 E.01495
G1 X1.647 Y-2.43 E.01495
G1 X1.9 Y-2.237 E.01495
G1 X2.131 Y-2.019 E.01495
G1 X2.337 Y-1.776 E.01495
G1 X2.515 Y-1.513 E.01495
G1 X2.664 Y-1.233 E.01495
G1 X2.782 Y-.937 E.01495
G1 X2.867 Y-.629 E.01503
G1 X2.92 Y-.283 E.01647
G1 X2.935 Y0 E.01334
G1 X2.918 Y.317 E.01495
G1 X2.867 Y.631 E.01495
G1 X2.782 Y.937 E.01495
G1 X2.678 Y1.199 E.01323
SET_VELOCITY_LIMIT ACCEL=10000
G1 E-1.2 F2100
;WIPE_START
G1 F7200
G1 X2.664 Y1.233
G1 X2.515 Y1.513
G1 X2.337 Y1.776
G1 X2.131 Y2.019
G1 X1.9 Y2.237
G1 X1.647 Y2.43
G1 X1.375 Y2.594
G1 X1.324 Y2.617
;WIPE_END
G1 X2.009 Y-4.751 Z3.6 F30000
G1 Z3.2
G1 E1.2 F2100
SET_VELOCITY_LIMIT ACCEL=5000
;TYPE:Inner wall
G1 F1488
G1 X2.222 Y-4.665 E.0108
G1 X2.758 Y-4.369 E.02879
G1 X3.267 Y-4.005 E.02941
G1 X3.479 Y-3.822 E.01317
G1 X3.914 Y-3.373 E.02941
G1 X4.294 Y-2.876 E.02941
G1 X4.443 Y-2.639 E.01317
G1 X4.729 Y-2.083 E.02941
G1 X4.942 Y-1.509 E.02879
G1 X5.089 Y-.901 E.02941
G1 X5.13 Y-.624 E.01317
G1 X5.168 Y.013 E.03003
G1 X5.16 Y.293 E.01317
G1 X5.086 Y.914 E.02941
G1 X4.939 Y1.522 E.02941
G1 X4.849 Y1.787 E.01317
G1 X4.592 Y2.372 E.03003
G1 X4.457 Y2.617 E.01316
G1 X4.107 Y3.135 E.02941
G1 X3.699 Y3.609 E.02941
G1 X3.498 Y3.804 E.01317
G1 X3.002 Y4.207 E.03003
G1 X2.759 Y4.37 E.01379
G1 X2.507 Y4.519 E.01378
G1 X1.942 Y4.788 E.02941
G1 X1.352 Y4.988 E.02929
G1 X1.043 Y5.061 E.01494
G1 X.46 Y5.147 E.02772
G1 X-.166 Y5.165 E.02944
G1 X-.446 Y5.149 E.01317
G1 X-1.064 Y5.056 E.02941
G1 X-1.655 Y4.895 E.02879
G1 X-2.222 Y4.665 E.02879
G1 X-2.77 Y4.363 E.02941
G1 X-3.002 Y4.207 E.01317
G1 X-3.496 Y3.806 E.02991
G1 X-3.723 Y3.583 E.01494
G1 X-4.107 Y3.136 E.02772
G1 X-4.455 Y2.619 E.02933
G1 X-4.607 Y2.34 E.01494
G1 X-4.844 Y1.8 E.02772
G1 X-5.023 Y1.214 E.02882
G1 X-5.131 Y.611 E.02879
G1 X-5.168 Y-.013 E.02941
G1 X-5.16 Y-.293 E.01317
G1 X-5.086 Y-.914 E.02941
G1 X-4.939 Y-1.522 E.02941
G1 X-4.849 Y-1.787 E.01317
G1 X-4.592 Y-2.372 E.03003
G1 X-4.457 Y-2.617 E.01316
G1 X-4.107 Y-3.135 E.02941
G1 X-3.699 Y-3.609 E.02941
G1 X-3.498 Y-3.804 E.01317
G1 X-3.004 Y-4.205 E.02991
G1 X-2.74 Y-4.381 E.01494
G1 X-2.223 Y-4.665 E.02772
G1 X-1.643 Y-4.9 E.02945
G1 X-1.375 Y-4.982 E.01317
G1 X-.763 Y-5.111 E.02941
G1 X-.143 Y-5.166 E.02929
G1 X.175 Y-5.164 E.01494
G1 X.762 Y-5.111 E.02772
G1 X1.375 Y-4.982 E.02944
G1 X1.643 Y-4.9 E.01317
G1 X1.976 Y-4.765 E.01692
SET_VELOCITY_LIMIT ACCEL=10000
G1 X2.226 Y-5.286 F30000
SET_VELOCITY_LIMIT ACCEL=5000
;TYPE:Outer wall
G1 F1488
G1 X2.471 Y-5.187 E.01241
G1 X3.067 Y-4.858 E.03201
G1 X3.624 Y-4.459 E.03223
G1 X3.875 Y-4.242 E.01558
G1 X4.352 Y-3.751 E.03223
G1 X4.768 Y-3.206 E.03223
G1 X4.945 Y-2.926 E.01558
M73 P49 R2
G1 X5.258 Y-2.316 E.03223
G1 X5.495 Y-1.678 E.03201
G1 X5.656 Y-1.012 E.03223
G1 X5.705 Y-.684 E.01558
G1 X5.746 Y.005 E.03244
G1 X5.736 Y.336 E.01558
G1 X5.655 Y1.016 E.03223
G1 X5.494 Y1.682 E.03223
G1 X5.388 Y1.996 E.01558
G1 X5.109 Y2.628 E.03244
G1 X4.95 Y2.918 E.01558
G1 X4.567 Y3.486 E.03223
G1 X4.119 Y4.005 E.03223
G1 X3.882 Y4.236 E.01558
G1 X3.346 Y4.671 E.03244
G1 X3.067 Y4.859 E.0158
G1 X2.778 Y5.029 E.0158
G1 X2.159 Y5.324 E.03223
G1 X1.511 Y5.543 E.03219
G1 X1.151 Y5.628 E.01738
G1 X.51 Y5.723 E.03046
G1 X-.175 Y5.743 E.03224
G1 X-.506 Y5.723 E.01558
G1 X-1.183 Y5.622 E.03223
G1 X-1.84 Y5.443 E.03201
G1 X-2.471 Y5.187 E.03201
G1 X-3.071 Y4.856 E.03223
G1 X-3.346 Y4.671 E.01558
G1 X-3.881 Y4.237 E.0324
G1 X-4.145 Y3.978 E.01738
G1 X-4.567 Y3.486 E.03046
G1 X-4.949 Y2.919 E.0322
G1 X-5.126 Y2.594 E.01738
G1 X-5.386 Y2.001 E.03046
G1 X-5.585 Y1.349 E.03202
G1 X-5.705 Y.68 E.03201
G1 X-5.746 Y-.005 E.03223
G1 X-5.736 Y-.336 E.01558
G1 X-5.655 Y-1.016 E.03223
G1 X-5.494 Y-1.682 E.03223
G1 X-5.388 Y-1.996 E.01558
G1 X-5.109 Y-2.628 E.03244
G1 X-4.95 Y-2.918 E.01558
G1 X-4.567 Y-3.486 E.03223
G1 X-4.119 Y-4.005 E.03223
G1 X-3.882 Y-4.236 E.01558
G1 X-3.347 Y-4.67 E.0324
G1 X-3.039 Y-4.875 E.01738
G1 X-2.471 Y-5.187 E.03046
G1 X-1.836 Y-5.444 E.03224
G1 X-1.519 Y-5.541 E.01558
G1 X-.848 Y-5.682 E.03223
G1 X-.167 Y-5.743 E.03218
G1 X.203 Y-5.741 E.01738
G1 X.848 Y-5.682 E.03046
G1 X1.519 Y-5.541 E.03224
G1 X1.836 Y-5.444 E.01558
G1 X2.193 Y-5.3 E.01813
SET_VELOCITY_LIMIT ACCEL=10000
G1 E-1.2 F2100
;WIPE_START
G1 F7200
G1 X2.471 Y-5.187
G1 X3.067 Y-4.858
G1 X3.624 Y-4.459
G1 X3.875 Y-4.242
G1 X3.877 Y-4.24
;WIPE_END
G1 X3.788 Y.717 Z3.6 F30000
G1 Z3.2
G1 E1.2 F2100
;TYPE:Sparse infill
G1 F1488
G1 X3.658 Y1.233 E.02499
G1 X3.503 Y1.621 E.01965
G1 X3.308 Y1.99 E.01966
G1 X3.073 Y2.336 E.01965
G1 X2.727 Y2.727 E.02455
G1 X3.409 Y3.409 E.04536
G1 X3.831 Y2.925 E.03021
G1 X4.161 Y2.436 E.02772
G1 X4.281 Y2.218 E.01172
G1 X4.526 Y1.662 E.02858
G1 X4.606 Y1.426 E.01172
G1 X4.744 Y.853 E.02772
G1 X4.814 Y.267 E.02772
G1 X4.821 Y.018 E.01172
G1 X4.785 Y-.588 E.02858
G1 X4.749 Y-.835 E.01172
G1 X4.655 Y-1.221 E.01866
G1 X1.214 Y-4.662 E.22885
G1 X.711 Y-4.768 E.0242
G1 X.158 Y-4.818 E.02608
G1 X-.128 Y-4.82 E.01348
G1 X-.712 Y-4.768 E.02755
G1 X-1.289 Y-4.646 E.02772
G1 X-1.527 Y-4.573 E.01172
G1 X-2.074 Y-4.351 E.02777
G1 X-2.56 Y-4.085 E.02607
G1 X-2.799 Y-3.926 E.01348
G1 X-3.268 Y-3.545 E.02841
G1 X-3.409 Y-3.409 E.00922
G1 X-2.727 Y-2.727 E.04536
G1 X-3.073 Y-2.336 E.02455
G1 X-3.308 Y-1.99 E.01965
G1 X-3.503 Y-1.621 E.01966
G1 X-3.658 Y-1.233 E.01965
G1 X-3.788 Y-.717 E.02499
G1 X-4.692 Y-1.068 F30000
G1 F1488
G1 X-4.744 Y-.853 E.01041
G1 X-4.814 Y-.267 E.02772
G1 X-4.821 Y-.018 E.01172
G1 X-4.787 Y.57 E.02772
G1 X-4.66 Y1.216 E.03096
G1 X-1.222 Y4.655 E.22866
G1 X-.993 Y4.717 E.01114
G1 X-.41 Y4.804 E.02772
G1 X-.161 Y4.819 E.01172
G1 X.429 Y4.801 E.02777
G1 X1.063 Y4.7 E.03019
;LAYER_CHANGE
;Z:3.39
;HEIGHT:0.19
;BEFORE_LAYER_CHANGE
;3.39
G1 E-1.2 F2100
;WIPE_START
G1 F6000
G1 X.429 Y4.801
G1 X-.161 Y4.819
G1 X-.41 Y4.804
G1 X-.923 Y4.727
;WIPE_END
;AFTER_LAYER_CHANGE
;3.39
;_SET_FAN_SPEED_CHANGING_LAYER
G17
G3 Z3.79 I-.604 J-1.056 P1  F30000
G1 X-3.185 Y6.021 Z3.79
G1 Z3.39
G1 E1.2 F2100
;TYPE:Support
;HEIGHT:0.41
G1 F2843
G1 X-3.32 Y5.951 E.01354
G1 X-3.336 Y5.942 E.00163
G1 X-3.63 Y5.769 E.03031
G1 X-3.647 Y5.758 E.00181
M73 P50 R2
G1 X-3.965 Y5.543 E.03408
G1 X-3.982 Y5.532 E.00181
G1 X-4.286 Y5.299 E.03409
G1 X-4.302 Y5.286 E.00181
G1 X-4.593 Y5.036 E.03408
G1 X-4.608 Y5.022 E.00181
G1 X-4.883 Y4.755 E.03408
G1 X-4.897 Y4.74 E.00181
G1 X-5.156 Y4.457 E.03409
G1 X-5.169 Y4.442 E.00181
G1 X-5.411 Y4.144 E.03408
G1 X-5.423 Y4.128 E.00181
G1 X-5.647 Y3.816 E.03409
G1 X-5.658 Y3.799 E.00181
G1 X-5.863 Y3.475 E.03408
G1 X-5.874 Y3.457 E.00181
G1 X-6.059 Y3.121 E.03409
G1 X-6.068 Y3.103 E.00181
G1 X-6.08 Y3.077 E.00256
G1 X-9.231 Y3.077 E.28002
G1 X-9.231 Y0 E.27347
G1 X-6.815 Y0 E.2147
G1 X-6.815 Y-.01 E.00091
G1 X-6.804 Y-.394 E.03409
G1 X-6.803 Y-.414 E.00181
G1 X-6.769 Y-.796 E.03408
G1 X-6.766 Y-.816 E.00182
G1 X-6.71 Y-1.196 E.03409
G1 X-6.706 Y-1.216 E.00182
G1 X-6.627 Y-1.591 E.03407
G1 X-6.622 Y-1.611 E.00181
G1 X-6.521 Y-1.981 E.03409
G1 X-6.515 Y-2 E.00181
G1 X-6.393 Y-2.364 E.03409
G1 X-6.385 Y-2.383 E.00181
G1 X-6.241 Y-2.738 E.03408
G1 X-6.233 Y-2.757 E.00181
G1 X-6.08 Y-3.077 E.03153
G1 X-9.231 Y-3.077 E.28002
G1 X-9.231 Y-6.154 E.27347
G1 X-2.929 Y-6.154 E.56013
G1 X-2.922 Y-6.157 E.00067
G1 X-2.571 Y-6.312 E.03408
G1 X-2.552 Y-6.32 E.00181
G1 X-2.192 Y-6.453 E.03409
G1 X-2.173 Y-6.46 E.00181
G1 X-1.806 Y-6.572 E.03408
G1 X-1.787 Y-6.577 E.00182
G1 X-1.414 Y-6.667 E.03408
G1 X-1.394 Y-6.671 E.00181
G1 X-1.016 Y-6.739 E.0341
G1 X-.996 Y-6.742 E.00181
G1 X-.615 Y-6.788 E.0341
G1 X-.595 Y-6.789 E.0018
G1 X-.211 Y-6.812 E.03418
G1 X-.189 Y-6.813 E.002
G1 X.236 Y-6.81 E.03776
G1 X.255 Y-6.81 E.00163
G1 X.595 Y-6.789 E.03031
G1 X.615 Y-6.788 E.0018
G1 X.996 Y-6.742 E.0341
G1 X1.016 Y-6.739 E.00181
G1 X1.394 Y-6.671 E.03409
G1 X1.414 Y-6.667 E.00181
G1 X1.788 Y-6.577 E.03418
G1 X1.809 Y-6.571 E.002
G1 X2.215 Y-6.444 E.03777
G1 X2.232 Y-6.438 E.00162
G1 X2.552 Y-6.32 E.03031
G1 X2.571 Y-6.312 E.00181
G1 X2.922 Y-6.157 E.03408
G1 X2.929 Y-6.154 E.00067
G1 X9.231 Y-6.154 E.56013
G1 X9.231 Y-3.077 E.27347
G1 X6.08 Y-3.077 E.28002
G1 X6.233 Y-2.757 E.03153
G1 X6.241 Y-2.738 E.00181
G1 X6.385 Y-2.383 E.03409
G1 X6.393 Y-2.364 E.00181
G1 X6.515 Y-2 E.03408
G1 X6.521 Y-1.981 E.00181
G1 X6.622 Y-1.611 E.0341
G1 X6.627 Y-1.591 E.00181
G1 X6.706 Y-1.216 E.03408
G1 X6.71 Y-1.196 E.00182
G1 X6.766 Y-.816 E.03409
G1 X6.769 Y-.796 E.00182
G1 X6.803 Y-.414 E.03407
G1 X6.804 Y-.394 E.00181
G1 X6.815 Y-.01 E.03409
G1 X6.815 Y0 E.00091
G1 X9.231 Y0 E.2147
G1 X9.231 Y3.077 E.27347
G1 X6.08 Y3.077 E.28002
G1 X6.068 Y3.103 E.00256
G1 X6.059 Y3.121 E.00181
G1 X5.874 Y3.457 E.03409
G1 X5.863 Y3.475 E.00181
G1 X5.658 Y3.799 E.03408
G1 X5.647 Y3.816 E.00181
G1 X5.423 Y4.128 E.03418
G1 X5.409 Y4.146 E.002
G1 X5.139 Y4.475 E.03777
G1 X5.128 Y4.488 E.00161
G1 X4.897 Y4.74 E.03032
G1 X4.883 Y4.755 E.00181
G1 X4.608 Y5.022 E.03409
G1 X4.593 Y5.036 E.00181
G1 X4.302 Y5.286 E.03408
G1 X4.286 Y5.299 E.00181
G1 X3.982 Y5.532 E.03409
G1 X3.965 Y5.543 E.00181
G1 X3.647 Y5.758 E.03409
G1 X3.63 Y5.769 E.00181
G1 X3.299 Y5.964 E.03409
G1 X3.282 Y5.973 E.00181
G1 X3.186 Y6.023 E.00959
G1 X6.154 Y6.616 F30000
G1 F2843
G1 X6.154 Y9.231 E.23244
G1 X-6.154 Y9.231 E1.09387
G1 X-6.154 Y6.616 E.23244
G1 X-9.231 Y3.366 F30000
G1 F2843
G1 X-9.231 Y6.154 E.24782
G1 X-2.929 Y6.154 E.56012
G1 X-2.923 Y6.157 E.00058
G1 X-2.571 Y6.312 E.03418
G1 X-2.552 Y6.32 E.00181
G1 X-2.232 Y6.438 E.03031
G1 X-2.215 Y6.444 E.00162
G1 X-1.809 Y6.571 E.03777
G1 X-1.788 Y6.577 E.002
G1 X-1.414 Y6.667 E.03418
G1 X-1.394 Y6.671 E.00181
G1 X-1.016 Y6.739 E.03409
G1 X-.996 Y6.742 E.00181
G1 X-.615 Y6.788 E.0341
G1 X-.595 Y6.789 E.0018
G1 X-.212 Y6.812 E.03408
G1 X-.192 Y6.813 E.00181
G1 X.192 Y6.813 E.03408
G1 X.212 Y6.812 E.00181
G1 X.595 Y6.789 E.03408
G1 X.615 Y6.788 E.0018
G1 X.996 Y6.742 E.0341
G1 X1.016 Y6.739 E.00181
G1 X1.352 Y6.679 E.03031
G1 X1.37 Y6.675 E.00163
G1 X1.784 Y6.578 E.03777
G1 X1.805 Y6.572 E.00199
G1 X2.173 Y6.46 E.03417
G1 X2.192 Y6.453 E.00181
G1 X2.552 Y6.32 E.03409
G1 X2.571 Y6.312 E.00181
G1 X2.922 Y6.157 E.03408
G1 X2.929 Y6.154 E.00067
G1 X9.231 Y6.154 E.56013
G1 X9.231 Y3.366 E.24782
G1 X6.154 Y-6.616 F30000
G1 F2843
G1 X6.154 Y-9.231 E.23244
G1 X-6.154 Y-9.231 E1.09387
G1 X-6.154 Y-6.616 E.23244
;LAYER_CHANGE
;Z:3.4
;HEIGHT:0.00999999
;BEFORE_LAYER_CHANGE
;3.4
G1 E-1.2 F2100
;WIPE_START
G1 F6000
G1 X-6.154 Y-8.616
;WIPE_END
;AFTER_LAYER_CHANGE
;3.4
;_SET_FAN_SPEED_CHANGING_LAYER
G17
G3 Z3.8 I-.891 J.829 P1  F30000
G1 X3.2 Y1.446 Z3.8
G1 Z3.4
G1 E1.2 F2100
SET_VELOCITY_LIMIT ACCEL=5000
;TYPE:Inner wall
;HEIGHT:0.2
G1 F2843
M73 P51 R2
G1 X3.189 Y1.475 E.0015
G1 X3.01 Y1.811 E.01789
G1 X2.797 Y2.126 E.01789
G1 X2.551 Y2.416 E.01789
G1 X2.275 Y2.678 E.01789
G1 X1.972 Y2.908 E.01789
G1 X1.646 Y3.104 E.01789
G1 X1.3 Y3.264 E.01789
G1 X.94 Y3.385 E.01789
G1 X.568 Y3.467 E.01789
G1 X.19 Y3.508 E.01789
G1 X-.19 Y3.508 E.01789
G1 X-.568 Y3.467 E.01789
G1 X-.94 Y3.385 E.01789
G1 X-1.303 Y3.263 E.01801
G1 X-1.662 Y3.094 E.01865
G1 X-1.972 Y2.908 E.017
G1 X-2.275 Y2.678 E.01789
G1 X-2.551 Y2.416 E.01789
G1 X-2.797 Y2.126 E.01789
G1 X-3.01 Y1.811 E.01789
G1 X-3.189 Y1.475 E.01789
G1 X-3.329 Y1.122 E.01789
G1 X-3.432 Y.753 E.01801
G1 X-3.494 Y.361 E.01865
G1 X-3.513 Y0 E.017
G1 X-3.493 Y-.38 E.01789
G1 X-3.431 Y-.755 E.01789
G1 X-3.329 Y-1.122 E.01789
G1 X-3.189 Y-1.475 E.01789
G1 X-3.01 Y-1.811 E.01789
G1 X-2.797 Y-2.126 E.01789
G1 X-2.551 Y-2.416 E.01789
G1 X-2.275 Y-2.678 E.01789
G1 X-1.972 Y-2.908 E.01789
G1 X-1.646 Y-3.104 E.01789
G1 X-1.3 Y-3.264 E.01789
G1 X-.94 Y-3.385 E.01789
G1 X-.568 Y-3.467 E.01789
G1 X-.19 Y-3.508 E.01789
G1 X.19 Y-3.508 E.01789
G1 X.568 Y-3.467 E.01789
G1 X.94 Y-3.385 E.01789
G1 X1.303 Y-3.263 E.01801
G1 X1.662 Y-3.094 E.01865
G1 X1.972 Y-2.908 E.017
G1 X2.275 Y-2.678 E.01789
G1 X2.551 Y-2.416 E.01789
G1 X2.797 Y-2.126 E.01789
G1 X3.01 Y-1.811 E.01789
G1 X3.189 Y-1.475 E.01789
G1 X3.329 Y-1.122 E.01789
G1 X3.432 Y-.753 E.01801
G1 X3.494 Y-.361 E.01865
G1 X3.513 Y0 E.017
G1 X3.493 Y.38 E.01789
G1 X3.431 Y.755 E.01789
G1 X3.329 Y1.122 E.01789
G1 X3.214 Y1.412 E.0147
SET_VELOCITY_LIMIT ACCEL=10000
G1 X2.664 Y1.232 F30000
SET_VELOCITY_LIMIT ACCEL=5000
;TYPE:Outer wall
G1 F2843
G1 X2.664 Y1.233 E.00003
G1 X2.515 Y1.513 E.01495
G1 X2.337 Y1.776 E.01495
G1 X2.131 Y2.019 E.01495
G1 X1.9 Y2.237 E.01495
G1 X1.647 Y2.43 E.01495
G1 X1.375 Y2.594 E.01495
G1 X1.087 Y2.727 E.01495
G1 X.785 Y2.828 E.01495
G1 X.475 Y2.897 E.01495
G1 X.159 Y2.931 E.01495
G1 X-.159 Y2.931 E.01495
G1 X-.475 Y2.897 E.01495
G1 X-.785 Y2.828 E.01495
G1 X-1.087 Y2.727 E.01499
G1 X-1.39 Y2.585 E.01571
G1 X-1.647 Y2.43 E.01414
G1 X-1.9 Y2.237 E.01495
G1 X-2.131 Y2.019 E.01495
G1 X-2.337 Y1.776 E.01495
G1 X-2.515 Y1.513 E.01495
G1 X-2.664 Y1.233 E.01495
G1 X-2.782 Y.937 E.01495
G1 X-2.867 Y.63 E.01499
G1 X-2.919 Y.3 E.01571
G1 X-2.935 Y0 E.01414
G1 X-2.918 Y-.317 E.01495
G1 X-2.867 Y-.631 E.01495
G1 X-2.782 Y-.937 E.01495
G1 X-2.664 Y-1.233 E.01495
G1 X-2.515 Y-1.513 E.01495
G1 X-2.337 Y-1.776 E.01495
G1 X-2.131 Y-2.019 E.01495
G1 X-1.9 Y-2.237 E.01495
G1 X-1.647 Y-2.43 E.01495
G1 X-1.375 Y-2.594 E.01495
G1 X-1.087 Y-2.727 E.01495
G1 X-.785 Y-2.828 E.01495
G1 X-.475 Y-2.897 E.01495
G1 X-.159 Y-2.931 E.01495
G1 X.159 Y-2.931 E.01495
G1 X.475 Y-2.897 E.01495
G1 X.785 Y-2.828 E.01495
G1 X1.087 Y-2.727 E.01499
G1 X1.39 Y-2.585 E.01571
G1 X1.647 Y-2.43 E.01414
G1 X1.9 Y-2.237 E.01495
G1 X2.131 Y-2.019 E.01495
G1 X2.337 Y-1.776 E.01495
G1 X2.515 Y-1.513 E.01495
G1 X2.664 Y-1.233 E.01495
G1 X2.782 Y-.937 E.01495
G1 X2.867 Y-.63 E.01499
G1 X2.919 Y-.3 E.01571
G1 X2.935 Y0 E.01414
G1 X2.918 Y.317 E.01495
G1 X2.867 Y.631 E.01495
G1 X2.782 Y.937 E.01495
G1 X2.678 Y1.199 E.01322
SET_VELOCITY_LIMIT ACCEL=10000
G1 E-1.2 F2100
;WIPE_START
G1 F7200
G1 X2.664 Y1.233
G1 X2.515 Y1.513
G1 X2.337 Y1.776
G1 X2.131 Y2.019
G1 X1.9 Y2.237
G1 X1.647 Y2.43
G1 X1.375 Y2.594
G1 X1.324 Y2.617
;WIPE_END
G1 X2.009 Y-4.707 Z3.8 F30000
G1 Z3.4
G1 E1.2 F2100
SET_VELOCITY_LIMIT ACCEL=5000
;TYPE:Inner wall
G1 F2843
G1 X2.204 Y-4.628 E.00988
G1 X2.746 Y-4.329 E.02912
G1 X2.994 Y-4.16 E.01408
G1 X3.459 Y-3.782 E.0282
G1 X3.891 Y-3.338 E.02912
G1 X4.079 Y-3.105 E.01408
G1 X4.413 Y-2.607 E.0282
G1 X4.691 Y-2.066 E.02858
G1 X4.906 Y-1.486 E.0291
G1 X4.984 Y-1.197 E.01408
G1 X5.09 Y-.607 E.0282
G1 X5.126 Y.013 E.0292
G1 X5.118 Y.291 E.01305
G1 X5.043 Y.918 E.02972
G1 X4.981 Y1.211 E.01408
G1 X4.805 Y1.784 E.0282
G1 X4.56 Y2.341 E.02858
G1 X4.245 Y2.875 E.02918
G1 X4.083 Y3.1 E.01305
G1 X3.669 Y3.58 E.0298
G1 X3.462 Y3.782 E.0136
G1 X3.224 Y3.985 E.0147
G1 X2.737 Y4.334 E.0282
G1 X2.194 Y4.633 E.02912
G1 X1.92 Y4.753 E.01408
G1 X1.351 Y4.944 E.0282
G1 X.744 Y5.072 E.0292
G1 X.468 Y5.105 E.01305
G1 X-.165 Y5.124 E.0298
G1 X-.442 Y5.107 E.01305
G1 X-1.056 Y5.016 E.02918
G1 X-1.642 Y4.856 E.02856
G1 X-2.217 Y4.622 E.02918
G1 X-2.463 Y4.496 E.01305
G1 X-2.998 Y4.158 E.02973
G1 X-3.235 Y3.976 E.01408
G1 X-3.677 Y3.571 E.0282
G1 X-4.074 Y3.11 E.02858
G1 X-4.413 Y2.607 E.02856
G1 X-4.697 Y2.055 E.02918
G1 X-4.801 Y1.797 E.01305
G1 X-4.982 Y1.204 E.02918
G1 X-5.09 Y.606 E.02856
G1 X-5.126 Y-.013 E.02918
G1 X-5.118 Y-.291 E.01305
G1 X-5.043 Y-.918 E.02972
G1 X-4.981 Y-1.211 E.01408
G1 X-4.805 Y-1.784 E.0282
G1 X-4.56 Y-2.341 E.02858
G1 X-4.245 Y-2.875 E.02918
G1 X-4.083 Y-3.1 E.01305
G1 X-3.669 Y-3.58 E.0298
G1 X-3.47 Y-3.774 E.01305
G1 X-2.988 Y-4.165 E.02918
G1 X-2.463 Y-4.496 E.02918
G1 X-2.217 Y-4.622 E.01305
G1 X-1.629 Y-4.861 E.0298
G1 X-1.364 Y-4.942 E.01305
G1 X-.757 Y-5.069 E.02918
G1 X-.14 Y-5.124 E.0291
G1 X.159 Y-5.123 E.01408
G1 X.756 Y-5.07 E.0282
G1 X1.362 Y-4.942 E.02912
G1 X1.649 Y-4.854 E.01408
G1 X1.976 Y-4.72 E.01662
SET_VELOCITY_LIMIT ACCEL=10000
G1 X2.227 Y-5.241 F30000
SET_VELOCITY_LIMIT ACCEL=5000
;TYPE:Outer wall
G1 F2843
G1 X2.453 Y-5.149 E.01148
G1 X3.048 Y-4.821 E.03198
G1 X3.339 Y-4.624 E.01651
G1 X3.85 Y-4.209 E.03097
G1 X4.323 Y-3.721 E.03198
G1 X4.544 Y-3.447 E.01651
G1 X4.911 Y-2.901 E.03097
G1 X5.22 Y-2.299 E.03179
G1 X5.456 Y-1.662 E.03197
G1 X5.548 Y-1.323 E.01651
G1 X5.664 Y-.675 E.03097
G1 X5.704 Y.005 E.032
G1 X5.694 Y.333 E.01546
G1 X5.613 Y1.013 E.03219
G1 X5.54 Y1.356 E.01651
G1 X5.347 Y1.986 E.03097
G1 X5.074 Y2.604 E.03179
G1 X4.728 Y3.19 E.032
G1 X4.537 Y3.458 E.01547
G1 X4.089 Y3.976 E.03221
G1 X3.851 Y4.208 E.01566
G1 X3.58 Y4.44 E.01673
G1 X3.045 Y4.823 E.03097
G1 X2.449 Y5.151 E.03198
G1 X2.128 Y5.292 E.01651
G1 X1.504 Y5.502 E.03097
G1 X.838 Y5.642 E.032
G1 X.511 Y5.681 E.01546
G1 X-.174 Y5.701 E.03221
G1 X-.502 Y5.682 E.01547
G1 X-1.175 Y5.581 E.03199
G1 X-1.827 Y5.403 E.03178
G1 X-2.457 Y5.148 E.032
G1 X-2.75 Y4.997 E.01546
G1 X-3.329 Y4.632 E.03219
G1 X-3.607 Y4.418 E.01651
G1 X-4.092 Y3.973 E.03097
G1 X-4.534 Y3.461 E.03179
G1 X-4.911 Y2.901 E.03178
G1 X-5.222 Y2.295 E.032
G1 X-5.345 Y1.99 E.01546
G1 X-5.544 Y1.34 E.032
G1 X-5.664 Y.675 E.03178
G1 X-5.704 Y-.005 E.032
G1 X-5.694 Y-.333 E.01546
G1 X-5.613 Y-1.013 E.03219
G1 X-5.54 Y-1.356 E.01651
G1 X-5.347 Y-1.986 E.03097
G1 X-5.074 Y-2.604 E.03179
G1 X-4.728 Y-3.19 E.032
G1 X-4.537 Y-3.458 E.01547
G1 X-4.089 Y-3.976 E.03221
G1 X-3.854 Y-4.206 E.01546
G1 X-3.325 Y-4.634 E.032
G1 X-2.75 Y-4.997 E.03199
G1 X-2.457 Y-5.148 E.01547
G1 X-1.822 Y-5.405 E.03221
G1 X-1.508 Y-5.501 E.01546
G1 X-.842 Y-5.641 E.032
G1 X-.165 Y-5.702 E.03197
G1 X.186 Y-5.7 E.01651
G1 X.842 Y-5.641 E.03097
G1 X1.507 Y-5.501 E.03198
G1 X1.843 Y-5.397 E.01651
G1 X2.193 Y-5.255 E.0178
SET_VELOCITY_LIMIT ACCEL=10000
G1 E-1.2 F2100
;WIPE_START
G1 F7200
G1 X2.453 Y-5.149
G1 X3.048 Y-4.821
G1 X3.339 Y-4.624
G1 X3.85 Y-4.209
G1 X3.871 Y-4.187
;WIPE_END
G1 X4.774 Y.231 Z3.8 F30000
G1 Z3.4
G1 E1.2 F2100
;TYPE:Sparse infill
G1 F2843
G1 X4.78 Y.018 E.00999
G1 X4.745 Y-.566 E.02752
G1 X4.646 Y-1.121 E.02653
G1 X4.576 Y-1.381 E.01263
G1 X4.33 Y-2.011 E.03185
G1 X1.469 Y-3.916 E.16161
G1 X.978 Y-4.407 E.03265
G1 X.775 Y-4.712 E.01722
G1 X.705 Y-4.727 E.00337
G1 X.143 Y-4.777 E.02653
G1 X-.126 Y-4.778 E.01263
G1 X-.706 Y-4.726 E.02738
G1 X-1.278 Y-4.606 E.02749
G1 X-1.514 Y-4.534 E.0116
G1 X-2.072 Y-4.307 E.02835
G1 X-2.292 Y-4.195 E.0116
G1 X-2.786 Y-3.883 E.02749
G1 X-3.24 Y-3.514 E.02749
G1 X-3.464 Y-3.288 E.01497
G1 X-2.683 Y-2.768 E.04413
G1 X-2.802 Y-2.655 E.00776
G1 X-3.073 Y-2.336 E.01965
G1 X-3.308 Y-1.99 E.01966
G1 X-3.503 Y-1.621 E.01965
G1 X-3.658 Y-1.233 E.01966
G1 X-3.779 Y-.777 E.02216
G1 X-4.774 Y-.231 F30000
G1 F2843
M73 P52 R2
G1 X-4.78 Y-.018 E.00999
G1 X-4.745 Y.565 E.02749
G1 X-4.645 Y1.122 E.02662
G1 X-4.474 Y1.682 E.02749
G1 X-4.33 Y2.011 E.01694
G1 X-1.469 Y3.916 E.16161
G1 X-.978 Y4.407 E.03265
G1 X-.778 Y4.707 E.01695
G1 X-.406 Y4.763 E.01769
G1 X-.16 Y4.777 E.0116
G1 X.443 Y4.759 E.02835
G1 X.688 Y4.73 E.0116
G1 X1.26 Y4.61 E.02752
G1 X1.795 Y4.429 E.02653
G1 X2.041 Y4.322 E.01263
G1 X2.552 Y4.041 E.02741
G1 X3.01 Y3.712 E.02654
G1 X3.228 Y3.526 E.01349
G1 X3.464 Y3.288 E.01573
G1 X2.683 Y2.768 E.04413
G1 X2.802 Y2.655 E.00776
G1 X3.073 Y2.336 E.01965
G1 X3.308 Y1.99 E.01966
G1 X3.503 Y1.621 E.01965
G1 X3.658 Y1.233 E.01966
G1 X3.779 Y.777 E.02216
;LAYER_CHANGE
;Z:3.6
;HEIGHT:0.2
;BEFORE_LAYER_CHANGE
;3.6
G1 E-1.2 F2100
;WIPE_START
G1 F6000
G1 X3.658 Y1.233
G1 X3.503 Y1.621
G1 X3.308 Y1.99
G1 X3.073 Y2.336
G1 X2.895 Y2.546
;WIPE_END
;AFTER_LAYER_CHANGE
;3.6
;_SET_FAN_SPEED_CHANGING_LAYER
G17
G3 Z4 I1.173 J.326 P1  F30000
G1 X3.2 Y1.446 Z4
G1 Z3.6
G1 E1.2 F2100
SET_VELOCITY_LIMIT ACCEL=5000
;TYPE:Inner wall
G1 F1459
G1 X3.189 Y1.475 E.0015
G1 X3.01 Y1.811 E.01789
G1 X2.797 Y2.126 E.01789
G1 X2.551 Y2.416 E.01789
G1 X2.275 Y2.678 E.01789
G1 X1.972 Y2.908 E.01789
G1 X1.646 Y3.104 E.01789
G1 X1.3 Y3.264 E.01789
G1 X.94 Y3.385 E.01789
G1 X.568 Y3.467 E.01789
G1 X.19 Y3.508 E.01789
G1 X-.19 Y3.508 E.01789
G1 X-.568 Y3.467 E.01789
G1 X-.94 Y3.385 E.01789
G1 X-1.3 Y3.264 E.01789
G1 X-1.646 Y3.104 E.01789
G1 X-1.972 Y2.908 E.01789
G1 X-2.275 Y2.678 E.01789
G1 X-2.551 Y2.416 E.01789
G1 X-2.797 Y2.126 E.01789
G1 X-3.01 Y1.811 E.01789
G1 X-3.189 Y1.475 E.01789
G1 X-3.329 Y1.122 E.01789
G1 X-3.431 Y.755 E.01789
G1 X-3.493 Y.38 E.01789
G1 X-3.513 Y0 E.01789
G1 X-3.493 Y-.38 E.01789
G1 X-3.431 Y-.755 E.01789
G1 X-3.329 Y-1.122 E.01789
G1 X-3.189 Y-1.475 E.01789
G1 X-3.01 Y-1.811 E.01789
G1 X-2.797 Y-2.126 E.01789
G1 X-2.551 Y-2.416 E.01789
G1 X-2.275 Y-2.678 E.01789
G1 X-1.972 Y-2.908 E.01789
G1 X-1.646 Y-3.104 E.01789
G1 X-1.3 Y-3.264 E.01789
G1 X-.94 Y-3.385 E.01789
G1 X-.568 Y-3.467 E.01789
G1 X-.19 Y-3.508 E.01789
G1 X.19 Y-3.508 E.01789
G1 X.568 Y-3.467 E.01789
G1 X.94 Y-3.385 E.01789
G1 X1.3 Y-3.264 E.01789
G1 X1.646 Y-3.104 E.01789
G1 X1.972 Y-2.908 E.01789
G1 X2.275 Y-2.678 E.01789
G1 X2.551 Y-2.416 E.01789
G1 X2.797 Y-2.126 E.01789
G1 X3.01 Y-1.811 E.01789
G1 X3.189 Y-1.475 E.01789
G1 X3.329 Y-1.122 E.01789
G1 X3.431 Y-.755 E.01789
G1 X3.493 Y-.38 E.01789
G1 X3.513 Y0 E.01789
G1 X3.493 Y.38 E.01789
G1 X3.431 Y.755 E.01789
G1 X3.329 Y1.122 E.01789
G1 X3.214 Y1.412 E.01469
SET_VELOCITY_LIMIT ACCEL=10000
G1 X2.664 Y1.232 F30000
SET_VELOCITY_LIMIT ACCEL=5000
;TYPE:Outer wall
G1 F1459
G1 X2.664 Y1.233 E.00003
G1 X2.515 Y1.513 E.01495
G1 X2.337 Y1.776 E.01495
G1 X2.131 Y2.019 E.01495
G1 X1.9 Y2.237 E.01495
G1 X1.647 Y2.43 E.01495
G1 X1.375 Y2.594 E.01495
G1 X1.087 Y2.727 E.01495
G1 X.785 Y2.828 E.01495
G1 X.475 Y2.897 E.01495
G1 X.159 Y2.931 E.01495
G1 X-.159 Y2.931 E.01495
G1 X-.475 Y2.897 E.01495
G1 X-.785 Y2.828 E.01495
G1 X-1.087 Y2.727 E.01495
G1 X-1.375 Y2.594 E.01495
G1 X-1.647 Y2.43 E.01495
G1 X-1.9 Y2.237 E.01495
G1 X-2.131 Y2.019 E.01495
G1 X-2.337 Y1.776 E.01495
G1 X-2.515 Y1.513 E.01495
G1 X-2.664 Y1.233 E.01495
G1 X-2.782 Y.937 E.01495
G1 X-2.867 Y.631 E.01495
G1 X-2.918 Y.317 E.01495
G1 X-2.935 Y0 E.01495
G1 X-2.918 Y-.317 E.01495
G1 X-2.867 Y-.631 E.01495
G1 X-2.782 Y-.937 E.01495
G1 X-2.664 Y-1.233 E.01495
G1 X-2.515 Y-1.513 E.01495
G1 X-2.337 Y-1.776 E.01495
G1 X-2.131 Y-2.019 E.01495
G1 X-1.9 Y-2.237 E.01495
G1 X-1.647 Y-2.43 E.01495
G1 X-1.375 Y-2.594 E.01495
G1 X-1.087 Y-2.727 E.01495
G1 X-.785 Y-2.828 E.01495
G1 X-.475 Y-2.897 E.01495
G1 X-.159 Y-2.931 E.01495
G1 X.159 Y-2.931 E.01495
G1 X.475 Y-2.897 E.01495
G1 X.785 Y-2.828 E.01495
G1 X1.087 Y-2.727 E.01495
G1 X1.375 Y-2.594 E.01495
G1 X1.647 Y-2.43 E.01495
G1 X1.9 Y-2.237 E.01495
G1 X2.131 Y-2.019 E.01495
G1 X2.337 Y-1.776 E.01495
G1 X2.515 Y-1.513 E.01495
G1 X2.664 Y-1.233 E.01495
G1 X2.782 Y-.937 E.01495
G1 X2.867 Y-.631 E.01495
G1 X2.918 Y-.317 E.01495
G1 X2.935 Y0 E.01495
G1 X2.918 Y.317 E.01495
G1 X2.867 Y.631 E.01495
G1 X2.782 Y.937 E.01495
G1 X2.678 Y1.198 E.01322
SET_VELOCITY_LIMIT ACCEL=10000
G1 E-1.2 F2100
;WIPE_START
G1 F7200
G1 X2.664 Y1.233
G1 X2.515 Y1.513
G1 X2.337 Y1.776
G1 X2.131 Y2.019
G1 X1.9 Y2.237
G1 X1.647 Y2.43
G1 X1.375 Y2.594
G1 X1.324 Y2.617
;WIPE_END
G1 X1.964 Y-4.716 Z4 F30000
G1 Z3.6
G1 E1.2 F2100
SET_VELOCITY_LIMIT ACCEL=5000
;TYPE:Inner wall
G1 F1459
G1 X2.468 Y-4.476 E.02623
G1 X2.991 Y-4.146 E.0291
G1 X3.211 Y-3.978 E.01301
G1 X3.667 Y-3.56 E.0291
G1 X4.063 Y-3.102 E.02848
G1 X4.401 Y-2.599 E.02848
G1 X4.684 Y-2.049 E.0291
G1 X4.788 Y-1.792 E.01301
G1 X4.968 Y-1.201 E.0291
G1 X5.078 Y-.592 E.0291
G1 X5.104 Y-.303 E.01363
G1 X5.112 Y-.013 E.01363
G1 X5.075 Y.605 E.0291
G1 X4.966 Y1.214 E.0291
G1 X4.89 Y1.493 E.01363
G1 X4.797 Y1.768 E.01363
G1 X4.547 Y2.334 E.0291
G1 X4.233 Y2.867 E.0291
G1 X4.071 Y3.092 E.01301
G1 X3.667 Y3.56 E.0291
G1 X3.221 Y3.969 E.02848
G1 X2.729 Y4.322 E.02848
G1 X2.198 Y4.615 E.02848
G1 X1.625 Y4.847 E.0291
G1 X1.36 Y4.928 E.01301
G1 X.742 Y5.058 E.02972
G1 X.454 Y5.092 E.01363
G1 X.165 Y5.11 E.01363
G1 X-.467 Y5.091 E.02972
G1 X-.742 Y5.058 E.01301
G1 X-1.347 Y4.931 E.0291
M73 P53 R2
G1 X-1.921 Y4.737 E.02848
G1 X-2.468 Y4.476 E.02848
G1 X-2.991 Y4.146 E.0291
G1 X-3.211 Y3.978 E.01301
G1 X-3.667 Y3.56 E.0291
G1 X-4.063 Y3.102 E.02848
G1 X-4.401 Y2.599 E.02848
G1 X-4.684 Y2.049 E.0291
G1 X-4.788 Y1.792 E.01301
G1 X-4.968 Y1.201 E.0291
G1 X-5.078 Y.592 E.0291
G1 X-5.104 Y.303 E.01363
G1 X-5.112 Y.013 E.01363
G1 X-5.075 Y-.605 E.0291
G1 X-4.966 Y-1.214 E.0291
G1 X-4.89 Y-1.493 E.01363
G1 X-4.797 Y-1.768 E.01363
G1 X-4.547 Y-2.334 E.0291
G1 X-4.233 Y-2.867 E.0291
G1 X-4.071 Y-3.092 E.01301
G1 X-3.667 Y-3.56 E.0291
G1 X-3.221 Y-3.969 E.02848
G1 X-2.729 Y-4.322 E.02848
G1 X-2.198 Y-4.615 E.02848
G1 X-1.625 Y-4.847 E.0291
G1 X-1.36 Y-4.928 E.01301
G1 X-.742 Y-5.058 E.02972
G1 X-.454 Y-5.092 E.01363
G1 X-.165 Y-5.11 E.01363
G1 X.467 Y-5.091 E.02972
G1 X.742 Y-5.058 E.01301
G1 X1.347 Y-4.931 E.0291
G1 X1.921 Y-4.737 E.02848
G1 X1.932 Y-4.732 E.00055
SET_VELOCITY_LIMIT ACCEL=10000
G1 X2.212 Y-5.237 F30000
SET_VELOCITY_LIMIT ACCEL=5000
;TYPE:Outer wall
G1 F1459
G1 X2.747 Y-4.982 E.02785
G1 X3.321 Y-4.62 E.03192
G1 X3.581 Y-4.421 E.01542
G1 X4.082 Y-3.963 E.03192
G1 X4.522 Y-3.452 E.0317
G1 X4.899 Y-2.893 E.0317
G1 X5.209 Y-2.289 E.03192
G1 X5.332 Y-1.985 E.01543
G1 X5.53 Y-1.336 E.03191
G1 X5.65 Y-.668 E.03192
G1 X5.68 Y-.337 E.01564
G1 X5.69 Y-.005 E.01564
G1 X5.65 Y.673 E.03192
G1 X5.529 Y1.341 E.03192
G1 X5.442 Y1.662 E.01564
G1 X5.335 Y1.977 E.01564
G1 X5.062 Y2.598 E.03192
G1 X4.717 Y3.182 E.03192
G1 X4.525 Y3.449 E.01543
G1 X4.082 Y3.963 E.03192
G1 X3.585 Y4.418 E.0317
G1 X3.037 Y4.811 E.0317
G1 X2.447 Y5.136 E.0317
G1 X1.818 Y5.392 E.03192
G1 X1.504 Y5.487 E.01543
G1 X.836 Y5.628 E.03213
G1 X.505 Y5.667 E.01564
G1 X.173 Y5.687 E.01564
G1 X-.51 Y5.667 E.03213
G1 X-.836 Y5.628 E.01542
G1 X-1.5 Y5.488 E.03192
G1 X-2.138 Y5.272 E.0317
G1 X-2.747 Y4.982 E.0317
G1 X-3.321 Y4.62 E.03192
G1 X-3.581 Y4.421 E.01542
G1 X-4.082 Y3.963 E.03192
G1 X-4.522 Y3.452 E.0317
G1 X-4.899 Y2.893 E.0317
G1 X-5.209 Y2.289 E.03192
G1 X-5.332 Y1.985 E.01543
G1 X-5.53 Y1.336 E.03191
G1 X-5.65 Y.668 E.03192
G1 X-5.68 Y.337 E.01564
G1 X-5.69 Y.005 E.01564
G1 X-5.65 Y-.673 E.03192
G1 X-5.529 Y-1.341 E.03192
G1 X-5.442 Y-1.662 E.01564
G1 X-5.335 Y-1.977 E.01564
G1 X-5.062 Y-2.598 E.03192
G1 X-4.717 Y-3.182 E.03192
G1 X-4.525 Y-3.449 E.01543
G1 X-4.082 Y-3.963 E.03192
G1 X-3.585 Y-4.418 E.0317
G1 X-3.037 Y-4.811 E.0317
G1 X-2.447 Y-5.136 E.0317
G1 X-1.818 Y-5.392 E.03192
G1 X-1.504 Y-5.487 E.01543
G1 X-.836 Y-5.628 E.03213
G1 X-.505 Y-5.667 E.01564
G1 X-.173 Y-5.687 E.01564
G1 X.51 Y-5.667 E.03213
G1 X.836 Y-5.628 E.01542
G1 X1.5 Y-5.488 E.03192
G1 X2.138 Y-5.272 E.0317
G1 X2.18 Y-5.253 E.00216
SET_VELOCITY_LIMIT ACCEL=10000
G1 E-1.2 F2100
;WIPE_START
G1 F7200
G1 X2.747 Y-4.982
G1 X3.321 Y-4.62
G1 X3.581 Y-4.421
G1 X3.851 Y-4.175
;WIPE_END
G1 X4.758 Y-.267 Z4 F30000
G1 Z3.6
G1 E1.2 F2100
;TYPE:Sparse infill
G1 F1459
G1 X4.734 Y-.545 E.01316
G1 X4.631 Y-1.119 E.02741
G1 X4.461 Y-1.677 E.02741
G1 X4.369 Y-1.904 E.01156
G1 X4.083 Y-2.451 E.02899
G1 X1.46 Y-3.572 E.13415
G1 X.624 Y-4.407 E.05556
G1 X.483 Y-4.74 E.01703
G1 X.441 Y-4.745 E.00196
G1 X-.159 Y-4.763 E.02827
G1 X-.423 Y-4.747 E.01242
G1 X-.686 Y-4.716 E.01242
G1 X-1.274 Y-4.592 E.02827
G1 X-1.509 Y-4.52 E.01156
G1 X-2.049 Y-4.301 E.02741
G1 X-2.543 Y-4.029 E.02655
G1 X-3.002 Y-3.7 E.02655
G1 X-3.419 Y-3.319 E.02655
G1 X-3.53 Y-3.19 E.00802
G1 X-2.638 Y-2.81 E.04557
G1 X-2.802 Y-2.655 E.01066
G1 X-3.073 Y-2.336 E.01965
G1 X-3.308 Y-1.99 E.01966
G1 X-3.503 Y-1.621 E.01965
G1 X-3.658 Y-1.233 E.01966
G1 X-3.768 Y-.838 E.01927
G1 X-4.758 Y.267 F30000
G1 F1459
G1 X-4.734 Y.545 E.01316
G1 X-4.631 Y1.119 E.02741
G1 X-4.461 Y1.677 E.02741
G1 X-4.369 Y1.904 E.01156
G1 X-4.083 Y2.451 E.02899
M73 P54 R2
G1 X-1.46 Y3.572 E.13415
G1 X-.624 Y4.407 E.05556
G1 X-.483 Y4.74 E.01703
G1 X-.441 Y4.745 E.00196
G1 X.159 Y4.763 E.02827
G1 X.423 Y4.747 E.01242
G1 X.686 Y4.716 E.01242
G1 X1.274 Y4.592 E.02827
G1 X1.509 Y4.52 E.01156
G1 X2.049 Y4.301 E.02741
G1 X2.543 Y4.029 E.02655
G1 X3.002 Y3.7 E.02655
G1 X3.419 Y3.319 E.02655
G1 X3.53 Y3.19 E.00802
G1 X2.638 Y2.81 E.04557
G1 X2.802 Y2.655 E.01066
G1 X3.073 Y2.336 E.01965
G1 X3.308 Y1.99 E.01966
G1 X3.503 Y1.621 E.01965
G1 X3.658 Y1.233 E.01966
G1 X3.768 Y.838 E.01927
;LAYER_CHANGE
;Z:3.8
;HEIGHT:0.2
;BEFORE_LAYER_CHANGE
;3.8
G1 E-1.2 F2100
;WIPE_START
G1 F6000
G1 X3.658 Y1.233
G1 X3.503 Y1.621
G1 X3.308 Y1.99
G1 X3.073 Y2.336
G1 X2.855 Y2.592
;WIPE_END
;AFTER_LAYER_CHANGE
;3.8
;_SET_FAN_SPEED_CHANGING_LAYER
G17
G3 Z4.2 I-1.186 J.271 P1  F30000
G1 X3.569 Y5.722 Z4.2
G1 Z3.8
G1 E1.2 F2100
;TYPE:Support
;HEIGHT:0.41
G1 F2821
G1 X3.592 Y5.708 E.00232
G1 X3.609 Y5.698 E.00181
G1 X3.924 Y5.486 E.03371
G1 X3.94 Y5.474 E.00181
G1 X4.242 Y5.244 E.03371
G1 X4.257 Y5.231 E.00181
G1 X4.545 Y4.983 E.03371
G1 X4.56 Y4.969 E.00181
G1 X4.832 Y4.705 E.03371
G1 X4.846 Y4.69 E.00181
G1 X5.102 Y4.411 E.03371
G1 X5.116 Y4.395 E.00181
G1 X5.355 Y4.101 E.03371
G1 X5.367 Y4.084 E.00181
G1 X5.588 Y3.776 E.03371
G1 X5.6 Y3.759 E.00181
G1 X5.802 Y3.439 E.03371
G1 X5.812 Y3.421 E.00181
G1 X5.996 Y3.089 E.03371
G1 X6.002 Y3.077 E.00117
G1 X9.231 Y3.077 E.28703
G1 X9.231 Y0 E.27347
G1 X6.744 Y0 E.22101
G1 X6.744 Y-.01 E.00091
G1 X6.733 Y-.39 E.0338
G1 X6.732 Y-.413 E.00199
G1 X6.692 Y-.828 E.03712
G1 X6.69 Y-.847 E.00165
G1 X6.64 Y-1.183 E.0302
G1 X6.636 Y-1.203 E.00182
G1 X6.558 Y-1.574 E.0337
G1 X6.553 Y-1.594 E.00181
G1 X6.453 Y-1.96 E.03372
G1 X6.447 Y-1.98 E.00181
G1 X6.326 Y-2.339 E.03371
G1 X6.319 Y-2.358 E.00181
G1 X6.176 Y-2.709 E.03371
G1 X6.168 Y-2.728 E.00181
G1 X6.005 Y-3.071 E.03371
G1 X6.002 Y-3.077 E.00065
G1 X9.231 Y-3.077 E.28703
G1 X9.231 Y-6.154 E.27347
G1 X2.753 Y-6.154 E.57574
G1 X2.544 Y-6.246 E.02027
G1 X2.525 Y-6.254 E.00181
G1 X2.17 Y-6.386 E.03371
G1 X2.15 Y-6.392 E.00181
G1 X1.788 Y-6.503 E.0337
G1 X1.768 Y-6.509 E.00182
G1 X1.399 Y-6.598 E.03371
G1 X1.379 Y-6.602 E.00181
G1 X1.005 Y-6.669 E.0338
G1 X.983 Y-6.672 E.00199
G1 X.567 Y-6.719 E.03714
G1 X.549 Y-6.721 E.00163
G1 X.21 Y-6.741 E.03019
G1 X.19 Y-6.742 E.00181
G1 X-.19 Y-6.742 E.03371
G1 X-.21 Y-6.741 E.00181
G1 X-.589 Y-6.719 E.03371
G1 X-.609 Y-6.717 E.0018
G1 X-.986 Y-6.672 E.03372
G1 X-1.006 Y-6.669 E.00181
G1 X-1.379 Y-6.602 E.03372
G1 X-1.399 Y-6.598 E.00181
G1 X-1.768 Y-6.509 E.03371
G1 X-1.788 Y-6.503 E.00182
G1 X-2.15 Y-6.392 E.03371
G1 X-2.17 Y-6.386 E.00181
G1 X-2.525 Y-6.254 E.03371
G1 X-2.544 Y-6.246 E.00181
G1 X-2.753 Y-6.154 E.02027
G1 X-9.231 Y-6.154 E.57574
G1 X-9.231 Y-3.077 E.27347
G1 X-5.999 Y-3.077 E.28721
G1 X-6.013 Y-3.051 E.0026
G1 X-6.022 Y-3.035 E.00164
G1 X-6.168 Y-2.728 E.0302
G1 X-6.176 Y-2.709 E.00181
G1 X-6.319 Y-2.358 E.03371
G1 X-6.326 Y-2.339 E.00181
G1 X-6.447 Y-1.98 E.03371
G1 X-6.453 Y-1.96 E.00181
G1 X-6.554 Y-1.593 E.03381
G1 X-6.559 Y-1.571 E.00199
G1 X-6.642 Y-1.162 E.03712
G1 X-6.646 Y-1.144 E.00166
G1 X-6.696 Y-.808 E.03019
G1 X-6.698 Y-.787 E.00182
G1 X-6.732 Y-.41 E.0337
G1 X-6.733 Y-.389 E.00181
G1 X-6.744 Y-.01 E.03371
G1 X-6.744 Y0 E.00091
G1 X-9.231 Y0 E.22101
G1 X-9.231 Y3.077 E.27347
G1 X-6.002 Y3.077 E.28703
G1 X-5.996 Y3.089 E.00117
G1 X-5.812 Y3.421 E.03371
G1 X-5.802 Y3.439 E.00181
G1 X-5.6 Y3.759 E.03371
G1 X-5.588 Y3.776 E.00181
G1 X-5.367 Y4.084 E.03371
G1 X-5.355 Y4.101 E.00181
G1 X-5.116 Y4.395 E.03371
G1 X-5.102 Y4.411 E.00181
G1 X-4.846 Y4.69 E.03371
G1 X-4.832 Y4.705 E.00181
G1 X-4.559 Y4.97 E.0338
G1 X-4.543 Y4.985 E.00199
G1 X-4.225 Y5.256 E.03713
G1 X-4.21 Y5.268 E.00164
G1 X-3.94 Y5.474 E.0302
G1 X-3.924 Y5.486 E.00181
G1 X-3.609 Y5.698 E.03371
G1 X-3.592 Y5.708 E.00181
G1 X-3.563 Y5.725 E.00291
G1 X-6.154 Y6.616 F30000
G1 F2821
G1 X-6.154 Y9.231 E.23244
G1 X6.154 Y9.231 E1.09387
G1 X6.154 Y6.616 E.23244
G1 X9.231 Y3.366 F30000
G1 F2821
G1 X9.231 Y6.154 E.24782
G1 X2.75 Y6.154 E.57601
G1 X2.547 Y6.245 E.01978
G1 X2.526 Y6.253 E.00198
G1 X2.17 Y6.386 E.0338
G1 X2.15 Y6.392 E.00181
G1 X1.788 Y6.503 E.03371
G1 X1.768 Y6.509 E.00182
G1 X1.399 Y6.598 E.03371
G1 X1.379 Y6.602 E.00181
G1 X1.045 Y6.662 E.03021
G1 X1.027 Y6.665 E.00164
G1 X.612 Y6.717 E.03714
G1 X.59 Y6.719 E.00198
G1 X.21 Y6.741 E.0338
G1 X.19 Y6.742 E.00181
G1 X-.19 Y6.742 E.03371
G1 X-.21 Y6.741 E.00181
G1 X-.589 Y6.719 E.03371
G1 X-.609 Y6.717 E.0018
G1 X-.986 Y6.672 E.03373
G1 X-1.006 Y6.669 E.00181
G1 X-1.34 Y6.609 E.0302
G1 X-1.358 Y6.605 E.00164
G1 X-1.765 Y6.509 E.03714
G1 X-1.787 Y6.503 E.00198
G1 X-2.15 Y6.392 E.0338
G1 X-2.17 Y6.386 E.00181
G1 X-2.525 Y6.254 E.03371
G1 X-2.544 Y6.246 E.00181
G1 X-2.753 Y6.154 E.02027
G1 X-9.231 Y6.154 E.57574
G1 X-9.231 Y3.366 E.24782
M73 P55 R2
G1 X-6.154 Y-6.616 F30000
G1 F2821
G1 X-6.154 Y-9.231 E.23244
G1 X6.154 Y-9.231 E1.09387
G1 X6.154 Y-6.616 E.23244
G1 E-1.2 F2100
;WIPE_START
G1 F6000
G1 X6.154 Y-8.616
;WIPE_END
G1 X4.004 Y-1.292 Z4.2 F30000
G1 X3.201 Y1.445 Z4.2
G1 Z3.8
G1 E1.2 F2100
SET_VELOCITY_LIMIT ACCEL=5000
;TYPE:Inner wall
;HEIGHT:0.2
G1 F2821
G1 X3.189 Y1.475 E.00151
G1 X3.01 Y1.811 E.01789
G1 X2.797 Y2.126 E.01789
G1 X2.551 Y2.416 E.01789
G1 X2.275 Y2.678 E.01789
G1 X1.987 Y2.897 E.017
G1 X1.648 Y3.103 E.01865
G1 X1.3 Y3.264 E.01801
G1 X.94 Y3.385 E.01789
G1 X.568 Y3.467 E.01789
G1 X.19 Y3.508 E.01789
G1 X-.19 Y3.508 E.01789
G1 X-.568 Y3.467 E.01789
G1 X-.94 Y3.385 E.01789
G1 X-1.3 Y3.264 E.01789
G1 X-1.646 Y3.104 E.01789
G1 X-1.972 Y2.908 E.01789
G1 X-2.275 Y2.678 E.01789
G1 X-2.551 Y2.416 E.01789
G1 X-2.797 Y2.126 E.01789
G1 X-3.01 Y1.811 E.01789
G1 X-3.189 Y1.475 E.01789
G1 X-3.329 Y1.122 E.01789
G1 X-3.431 Y.755 E.01789
G1 X-3.493 Y.38 E.01789
G1 X-3.512 Y.019 E.017
G1 X-3.493 Y-.377 E.01865
G1 X-3.431 Y-.755 E.01801
G1 X-3.329 Y-1.122 E.01789
G1 X-3.189 Y-1.475 E.01789
G1 X-3.01 Y-1.811 E.01789
G1 X-2.797 Y-2.126 E.01789
G1 X-2.551 Y-2.416 E.01789
G1 X-2.275 Y-2.678 E.01789
G1 X-1.987 Y-2.897 E.017
G1 X-1.648 Y-3.103 E.01865
G1 X-1.3 Y-3.264 E.01801
G1 X-.94 Y-3.385 E.01789
G1 X-.568 Y-3.467 E.01789
G1 X-.19 Y-3.508 E.01789
G1 X.19 Y-3.508 E.01789
G1 X.55 Y-3.469 E.017
G1 X.937 Y-3.386 E.01865
G1 X1.3 Y-3.264 E.01801
G1 X1.646 Y-3.104 E.01789
G1 X1.972 Y-2.908 E.01789
G1 X2.275 Y-2.678 E.01789
G1 X2.551 Y-2.416 E.01789
G1 X2.797 Y-2.126 E.01789
G1 X3.01 Y-1.811 E.01789
G1 X3.189 Y-1.475 E.01789
G1 X3.329 Y-1.122 E.01789
G1 X3.431 Y-.755 E.01789
G1 X3.493 Y-.38 E.01789
G1 X3.512 Y-.019 E.017
G1 X3.493 Y.377 E.01865
G1 X3.431 Y.755 E.01801
G1 X3.329 Y1.122 E.01789
G1 X3.214 Y1.412 E.01469
SET_VELOCITY_LIMIT ACCEL=10000
G1 X2.664 Y1.232 F30000
SET_VELOCITY_LIMIT ACCEL=5000
;TYPE:Outer wall
G1 F2821
G1 X2.664 Y1.233 E.00004
G1 X2.515 Y1.513 E.01495
G1 X2.337 Y1.776 E.01495
G1 X2.131 Y2.019 E.01495
G1 X1.9 Y2.237 E.01495
G1 X1.661 Y2.419 E.01414
G1 X1.376 Y2.593 E.01571
G1 X1.087 Y2.727 E.01499
G1 X.785 Y2.828 E.01495
G1 X.475 Y2.897 E.01495
G1 X.159 Y2.931 E.01495
G1 X-.159 Y2.931 E.01495
G1 X-.475 Y2.897 E.01495
G1 X-.785 Y2.828 E.01495
G1 X-1.087 Y2.727 E.01495
G1 X-1.375 Y2.594 E.01495
G1 X-1.647 Y2.43 E.01495
G1 X-1.9 Y2.237 E.01495
G1 X-2.131 Y2.019 E.01495
G1 X-2.337 Y1.776 E.01495
G1 X-2.515 Y1.513 E.01495
G1 X-2.664 Y1.233 E.01495
G1 X-2.782 Y.937 E.01495
G1 X-2.867 Y.631 E.01495
G1 X-2.918 Y.317 E.01495
G1 X-2.935 Y.017 E.01414
G1 X-2.918 Y-.316 E.01571
G1 X-2.867 Y-.631 E.01499
G1 X-2.782 Y-.937 E.01495
G1 X-2.664 Y-1.233 E.01495
G1 X-2.515 Y-1.513 E.01495
G1 X-2.337 Y-1.776 E.01495
G1 X-2.131 Y-2.019 E.01495
G1 X-1.9 Y-2.237 E.01495
G1 X-1.661 Y-2.419 E.01414
G1 X-1.376 Y-2.593 E.01571
G1 X-1.087 Y-2.727 E.01499
G1 X-.785 Y-2.828 E.01495
G1 X-.475 Y-2.897 E.01495
G1 X-.159 Y-2.931 E.01495
G1 X.159 Y-2.931 E.01495
G1 X.458 Y-2.899 E.01414
G1 X.784 Y-2.829 E.01571
G1 X1.087 Y-2.727 E.01499
G1 X1.375 Y-2.594 E.01495
G1 X1.647 Y-2.43 E.01495
G1 X1.9 Y-2.237 E.01495
G1 X2.131 Y-2.019 E.01495
G1 X2.337 Y-1.776 E.01495
G1 X2.515 Y-1.513 E.01495
G1 X2.664 Y-1.233 E.01495
G1 X2.782 Y-.937 E.01495
G1 X2.867 Y-.631 E.01495
G1 X2.918 Y-.317 E.01495
G1 X2.935 Y-.017 E.01414
G1 X2.918 Y.316 E.01571
G1 X2.867 Y.631 E.01499
G1 X2.782 Y.937 E.01495
G1 X2.678 Y1.198 E.01322
SET_VELOCITY_LIMIT ACCEL=10000
G1 E-1.2 F2100
;WIPE_START
G1 F7200
G1 X2.664 Y1.233
G1 X2.515 Y1.513
G1 X2.337 Y1.776
G1 X2.131 Y2.019
G1 X1.9 Y2.237
G1 X1.661 Y2.419
G1 X1.376 Y2.593
G1 X1.324 Y2.617
;WIPE_END
G1 X2.044 Y-4.693 Z4.2 F30000
G1 Z3.8
G1 E1.2 F2100
SET_VELOCITY_LIMIT ACCEL=5000
;TYPE:Inner wall
G1 F2821
G1 X2.204 Y-4.627 E.00814
G1 X2.736 Y-4.334 E.02856
G1 X3.23 Y-3.98 E.02858
G1 X3.673 Y-3.576 E.0282
G1 X3.876 Y-3.355 E.01408
G1 X4.259 Y-2.853 E.02972
G1 X4.407 Y-2.618 E.01305
G1 X4.697 Y-2.055 E.0298
G1 X4.801 Y-1.797 E.01307
G1 X4.981 Y-1.211 E.02882
G1 X5.043 Y-.918 E.01408
G1 X5.117 Y-.304 E.02911
G1 X5.117 Y.317 E.02918
G1 X5.092 Y.593 E.01305
G1 X4.98 Y1.217 E.0298
G1 X4.907 Y1.485 E.01305
G1 X4.691 Y2.066 E.02918
G1 X4.413 Y2.607 E.02858
G1 X4.079 Y3.105 E.0282
G1 X3.891 Y3.338 E.01408
G1 X3.46 Y3.782 E.0291
G1 X2.988 Y4.165 E.02856
G1 X2.463 Y4.496 E.02918
G1 X2.217 Y4.622 E.01305
G1 X1.642 Y4.856 E.02918
G1 X1.043 Y5.019 E.02918
G1 X.77 Y5.068 E.01305
G1 X.152 Y5.123 E.02918
G1 X-.455 Y5.105 E.02856
G1 X-1.056 Y5.016 E.02858
G1 X-1.635 Y4.858 E.0282
G1 X-1.916 Y4.755 E.01408
G1 X-2.475 Y4.489 E.0291
G1 X-2.999 Y4.157 E.02918
G1 X-3.22 Y3.989 E.01307
G1 X-3.673 Y3.576 E.02882
G1 X-3.876 Y3.355 E.01408
G1 X-4.259 Y2.853 E.02972
G1 X-4.414 Y2.607 E.01367
G1 X-4.555 Y2.353 E.01367
G1 X-4.805 Y1.784 E.0292
G1 X-4.981 Y1.211 E.0282
G1 X-5.043 Y.918 E.01408
G1 X-5.117 Y.304 E.02911
G1 X-5.117 Y-.317 E.02918
G1 X-5.092 Y-.593 E.01305
G1 X-4.98 Y-1.217 E.0298
G1 X-4.907 Y-1.485 E.01305
G1 X-4.691 Y-2.066 E.02918
G1 X-4.413 Y-2.607 E.02858
G1 X-4.079 Y-3.105 E.0282
G1 X-3.891 Y-3.338 E.01408
G1 X-3.46 Y-3.782 E.0291
G1 X-2.988 Y-4.165 E.02856
G1 X-2.463 Y-4.496 E.02918
G1 X-2.217 Y-4.622 E.01305
G1 X-1.642 Y-4.856 E.02918
G1 X-1.043 Y-5.019 E.02918
G1 X-.77 Y-5.068 E.01305
G1 X-.151 Y-5.123 E.0292
G1 X.448 Y-5.106 E.0282
G1 X.745 Y-5.072 E.01408
G1 X1.364 Y-4.942 E.02972
G1 X1.629 Y-4.861 E.01305
G1 X2.011 Y-4.706 E.01934
SET_VELOCITY_LIMIT ACCEL=10000
G1 X2.261 Y-5.227 F30000
SET_VELOCITY_LIMIT ACCEL=5000
;TYPE:Outer wall
G1 F2821
G1 X2.453 Y-5.149 E.00975
G1 X3.045 Y-4.823 E.03178
G1 X3.594 Y-4.429 E.03179
G1 X4.08 Y-3.985 E.03097
G1 X4.318 Y-3.727 E.01651
G1 X4.734 Y-3.183 E.03219
G1 X4.909 Y-2.905 E.01546
G1 X5.222 Y-2.295 E.03221
G1 X5.346 Y-1.99 E.01547
G1 X5.54 Y-1.356 E.03118
G1 X5.613 Y-1.013 E.01651
G1 X5.694 Y-.338 E.03197
G1 X5.694 Y.343 E.032
G1 X5.665 Y.67 E.01546
G1 X5.543 Y1.344 E.03221
G1 X5.457 Y1.662 E.01547
G1 X5.22 Y2.299 E.03199
G1 X4.911 Y2.901 E.03179
G1 X4.544 Y3.447 E.03097
G1 X4.323 Y3.721 E.01651
G1 X3.85 Y4.208 E.03197
G1 X3.325 Y4.634 E.03178
G1 X2.75 Y4.997 E.032
G1 X2.457 Y5.148 E.01547
G1 X1.827 Y5.403 E.03199
G1 X1.17 Y5.583 E.032
G1 X.847 Y5.641 E.01546
G1 X.169 Y5.701 E.032
G1 X-.506 Y5.681 E.03178
G1 X-1.175 Y5.581 E.03179
G1 X-1.81 Y5.408 E.03097
G1 X-2.14 Y5.287 E.01651
G1 X-2.754 Y4.995 E.03197
G1 X-3.329 Y4.632 E.032
G1 X-3.591 Y4.432 E.01547
G1 X-4.08 Y3.985 E.03118
G1 X-4.318 Y3.727 E.01651
G1 X-4.734 Y3.183 E.03219
G1 X-4.912 Y2.901 E.01568
G1 X-5.073 Y2.609 E.01568
G1 X-5.347 Y1.986 E.032
G1 X-5.54 Y1.356 E.03097
G1 X-5.613 Y1.013 E.01651
G1 X-5.694 Y.338 E.03197
G1 X-5.694 Y-.343 E.032
G1 X-5.665 Y-.67 E.01546
G1 X-5.543 Y-1.344 E.03221
G1 X-5.457 Y-1.662 E.01547
M73 P56 R2
G1 X-5.22 Y-2.299 E.03199
G1 X-4.911 Y-2.901 E.03179
G1 X-4.544 Y-3.447 E.03097
G1 X-4.323 Y-3.721 E.01651
G1 X-3.85 Y-4.208 E.03197
G1 X-3.325 Y-4.634 E.03178
G1 X-2.75 Y-4.997 E.032
G1 X-2.457 Y-5.148 E.01547
G1 X-1.827 Y-5.403 E.03199
G1 X-1.17 Y-5.583 E.032
G1 X-.847 Y-5.641 E.01546
G1 X-.169 Y-5.701 E.032
G1 X.489 Y-5.682 E.03097
G1 X.838 Y-5.642 E.01651
G1 X1.508 Y-5.501 E.03219
G1 X1.822 Y-5.405 E.01546
G1 X2.227 Y-5.241 E.02055
SET_VELOCITY_LIMIT ACCEL=10000
G1 E-1.2 F2100
;WIPE_START
G1 F7200
G1 X2.453 Y-5.149
G1 X3.045 Y-4.823
G1 X3.594 Y-4.429
G1 X3.893 Y-4.156
;WIPE_END
G1 X4.728 Y-.637 Z4.2 F30000
G1 Z3.8
G1 E1.2 F2100
;TYPE:Sparse infill
G1 F2821
G1 X4.645 Y-1.124 E.02323
G1 X4.475 Y-1.681 E.0274
G1 X4.382 Y-1.91 E.01163
G1 X4.106 Y-2.446 E.02835
G1 X3.893 Y-2.762 E.0179
G1 X2.365 Y-3.044 E.07305
G1 X2.166 Y-3.195 E.01176
G1 X1.808 Y-3.41 E.01965
G1 X1.429 Y-3.586 E.01966
G1 X.938 Y-3.74 E.0242
G1 X.271 Y-4.407 E.04435
G1 X.205 Y-4.767 E.01721
G1 X-.141 Y-4.777 E.01626
G1 X-.724 Y-4.725 E.02751
G1 X-.967 Y-4.681 E.0116
G1 X-1.531 Y-4.527 E.02749
G1 X-2.072 Y-4.307 E.02749
G1 X-2.292 Y-4.195 E.0116
G1 X-2.786 Y-3.883 E.02749
G1 X-3.226 Y-3.526 E.02662
G1 X-3.661 Y-3.071 E.0296
G1 X-2.574 Y-2.871 E.05197
G1 X-2.802 Y-2.655 E.01479
G1 X-3.073 Y-2.336 E.01965
G1 X-3.308 Y-1.99 E.01966
G1 X-3.503 Y-1.621 E.01965
G1 X-3.658 Y-1.233 E.01966
G1 X-3.744 Y-.922 E.01514
G1 X-4.728 Y.637 F30000
G1 F2821
G1 X-4.645 Y1.124 E.02323
G1 X-4.48 Y1.663 E.02653
G1 X-4.244 Y2.199 E.02751
G1 X-4.116 Y2.431 E.01246
G1 X-3.893 Y2.762 E.01876
G1 X-2.365 Y3.044 E.07305
G1 X-2.166 Y3.195 E.01176
G1 X-1.808 Y3.41 E.01965
G1 X-1.429 Y3.586 E.01966
G1 X-.938 Y3.74 E.02422
G1 X-.271 Y4.407 E.04433
G1 X-.205 Y4.766 E.01719
G1 X.142 Y4.777 E.01629
G1 X.724 Y4.725 E.02749
G1 X.967 Y4.681 E.0116
G1 X1.531 Y4.527 E.02749
G1 X2.072 Y4.307 E.02749
G1 X2.292 Y4.195 E.0116
G1 X2.786 Y3.883 E.02749
G1 X3.226 Y3.526 E.02662
G1 X3.661 Y3.071 E.0296
G1 X2.574 Y2.871 E.05197
G1 X2.802 Y2.655 E.01479
G1 X3.073 Y2.336 E.01965
G1 X3.308 Y1.99 E.01966
G1 X3.503 Y1.621 E.01965
G1 X3.658 Y1.233 E.01966
G1 X3.744 Y.922 E.01514
;LAYER_CHANGE
;Z:4
;HEIGHT:0.2
;BEFORE_LAYER_CHANGE
;4
G1 E-1.2 F2100
;WIPE_START
G1 F6000
G1 X3.658 Y1.233
G1 X3.503 Y1.621
G1 X3.308 Y1.99
G1 X3.073 Y2.336
G1 X2.802 Y2.655
G1 X2.798 Y2.659
;WIPE_END
;AFTER_LAYER_CHANGE
;4
;_SET_FAN_SPEED_CHANGING_LAYER
G17
G3 Z4.4 I1.158 J.375 P1  F30000
G1 X3.175 Y1.494 Z4.4
G1 Z4
G1 E1.2 F2100
SET_VELOCITY_LIMIT ACCEL=5000
;TYPE:Inner wall
G1 F1481
G1 X3.013 Y1.807 E.01656
G1 X2.797 Y2.126 E.01812
G1 X2.551 Y2.416 E.01789
G1 X2.275 Y2.678 E.01789
G1 X1.972 Y2.908 E.01789
G1 X1.646 Y3.104 E.01789
G1 X1.3 Y3.264 E.01789
G1 X.94 Y3.385 E.01789
G1 X.568 Y3.467 E.01789
G1 X.19 Y3.508 E.01789
G1 X-.19 Y3.508 E.01789
G1 X-.568 Y3.467 E.01789
G1 X-.94 Y3.385 E.01789
G1 X-1.3 Y3.264 E.01789
G1 X-1.646 Y3.104 E.01789
G1 X-1.972 Y2.908 E.01789
G1 X-2.275 Y2.678 E.01789
G1 X-2.551 Y2.416 E.01789
G1 X-2.797 Y2.126 E.01789
G1 X-3.01 Y1.811 E.01789
G1 X-3.189 Y1.475 E.01789
G1 X-3.329 Y1.122 E.01789
G1 X-3.431 Y.755 E.01789
G1 X-3.493 Y.38 E.01789
G1 X-3.513 Y0 E.01789
G1 X-3.493 Y-.38 E.01789
G1 X-3.431 Y-.755 E.01789
G1 X-3.329 Y-1.122 E.01789
G1 X-3.203 Y-1.44 E.01613
G1 X-3.013 Y-1.807 E.01941
G1 X-2.797 Y-2.126 E.01812
G1 X-2.551 Y-2.416 E.01789
G1 X-2.275 Y-2.678 E.01789
G1 X-1.972 Y-2.908 E.01789
G1 X-1.646 Y-3.104 E.01789
G1 X-1.3 Y-3.264 E.01789
G1 X-.94 Y-3.385 E.01789
G1 X-.605 Y-3.459 E.01613
G1 X-.195 Y-3.508 E.01941
G1 X.19 Y-3.508 E.01812
G1 X.568 Y-3.467 E.01789
G1 X.94 Y-3.385 E.01789
G1 X1.3 Y-3.264 E.01789
G1 X1.646 Y-3.104 E.01789
G1 X1.972 Y-2.908 E.01789
G1 X2.275 Y-2.678 E.01789
G1 X2.551 Y-2.416 E.01789
G1 X2.797 Y-2.126 E.01789
G1 X3.01 Y-1.811 E.01789
G1 X3.189 Y-1.475 E.01789
G1 X3.329 Y-1.122 E.01789
G1 X3.431 Y-.755 E.01789
G1 X3.493 Y-.38 E.01789
G1 X3.513 Y0 E.01789
G1 X3.493 Y.38 E.01789
G1 X3.431 Y.755 E.01789
G1 X3.329 Y1.122 E.01789
G1 X3.203 Y1.44 E.01613
G1 X3.191 Y1.462 E.00116
SET_VELOCITY_LIMIT ACCEL=10000
G1 X2.662 Y1.23 F30000
SET_VELOCITY_LIMIT ACCEL=5000
;TYPE:Outer wall
G1 F1481
G1 X2.516 Y1.512 E.01493
G1 X2.337 Y1.776 E.01503
G1 X2.131 Y2.019 E.01495
G1 X1.9 Y2.237 E.01495
G1 X1.647 Y2.43 E.01495
G1 X1.375 Y2.594 E.01495
G1 X1.087 Y2.727 E.01495
G1 X.785 Y2.828 E.01495
G1 X.475 Y2.897 E.01495
G1 X.159 Y2.931 E.01495
G1 X-.159 Y2.931 E.01495
G1 X-.475 Y2.897 E.01495
G1 X-.785 Y2.828 E.01495
G1 X-1.087 Y2.727 E.01495
G1 X-1.375 Y2.594 E.01495
G1 X-1.647 Y2.43 E.01495
G1 X-1.9 Y2.237 E.01495
G1 X-2.131 Y2.019 E.01495
G1 X-2.337 Y1.776 E.01495
G1 X-2.515 Y1.513 E.01495
G1 X-2.664 Y1.233 E.01495
G1 X-2.782 Y.937 E.01495
G1 X-2.867 Y.631 E.01495
G1 X-2.918 Y.317 E.01495
G1 X-2.935 Y0 E.01495
G1 X-2.918 Y-.317 E.01495
G1 X-2.867 Y-.631 E.01495
G1 X-2.782 Y-.937 E.01495
G1 X-2.677 Y-1.201 E.01334
G1 X-2.516 Y-1.512 E.01647
G1 X-2.337 Y-1.776 E.01503
G1 X-2.131 Y-2.019 E.01495
G1 X-1.9 Y-2.237 E.01495
G1 X-1.647 Y-2.43 E.01495
G1 X-1.375 Y-2.594 E.01495
G1 X-1.087 Y-2.727 E.01495
G1 X-.785 Y-2.828 E.01495
G1 X-.508 Y-2.889 E.01334
G1 X-.161 Y-2.931 E.01647
G1 X.159 Y-2.931 E.01503
G1 X.475 Y-2.897 E.01495
G1 X.785 Y-2.828 E.01495
G1 X1.087 Y-2.727 E.01495
G1 X1.375 Y-2.594 E.01495
G1 X1.647 Y-2.43 E.01495
G1 X1.9 Y-2.237 E.01495
G1 X2.131 Y-2.019 E.01495
G1 X2.337 Y-1.776 E.01495
G1 X2.515 Y-1.513 E.01495
G1 X2.664 Y-1.233 E.01495
G1 X2.782 Y-.937 E.01495
G1 X2.867 Y-.631 E.01495
G1 X2.918 Y-.317 E.01495
G1 X2.935 Y0 E.01495
G1 X2.918 Y.317 E.01495
G1 X2.867 Y.631 E.01495
G1 X2.782 Y.937 E.01495
G1 X2.678 Y1.198 E.01318
SET_VELOCITY_LIMIT ACCEL=10000
G1 E-1.2 F2100
;WIPE_START
G1 F7200
G1 X2.516 Y1.512
G1 X2.337 Y1.776
G1 X2.131 Y2.019
G1 X1.9 Y2.237
G1 X1.647 Y2.43
M73 P57 R2
G1 X1.375 Y2.594
G1 X1.325 Y2.617
;WIPE_END
G1 X2.075 Y-4.725 Z4.4 F30000
G1 Z4
G1 E1.2 F2100
SET_VELOCITY_LIMIT ACCEL=5000
;TYPE:Inner wall
G1 F1481
G1 X2.222 Y-4.665 E.00748
G1 X2.759 Y-4.369 E.02882
G1 X3.239 Y-4.026 E.02772
G1 X3.48 Y-3.82 E.01494
G1 X3.914 Y-3.373 E.02929
G1 X4.294 Y-2.876 E.02941
G1 X4.443 Y-2.639 E.01317
G1 X4.735 Y-2.071 E.03003
G1 X4.84 Y-1.812 E.01317
G1 X5.023 Y-1.213 E.02944
G1 X5.128 Y-.633 E.02772
G1 X5.158 Y-.317 E.01494
G1 X5.158 Y.306 E.02929
G1 X5.086 Y.914 E.02879
G1 X4.942 Y1.509 E.02879
G1 X4.724 Y2.095 E.02941
G1 X4.598 Y2.36 E.01378
G1 X4.457 Y2.617 E.01378
G1 X4.107 Y3.135 E.02941
G1 X3.708 Y3.599 E.02879
G1 X3.256 Y4.012 E.02879
G1 X2.758 Y4.37 E.02882
G1 X2.242 Y4.655 E.02772
G1 X1.952 Y4.785 E.01494
G1 X1.361 Y4.985 E.02933
G1 X.785 Y5.107 E.02772
G1 X.456 Y5.148 E.01556
G1 X.166 Y5.165 E.01367
G1 X-.46 Y5.147 E.02944
G1 X-1.043 Y5.061 E.02772
G1 X-1.365 Y4.985 E.01556
G1 X-1.643 Y4.9 E.01367
G1 X-2.222 Y4.665 E.02941
G1 X-2.759 Y4.369 E.02882
G1 X-3.239 Y4.026 E.02772
G1 X-3.48 Y3.82 E.01494
G1 X-3.914 Y3.373 E.02929
G1 X-4.294 Y2.876 E.02941
G1 X-4.443 Y2.639 E.01317
G1 X-4.735 Y2.071 E.03003
G1 X-4.84 Y1.812 E.01317
G1 X-5.023 Y1.213 E.02944
G1 X-5.128 Y.633 E.02772
G1 X-5.158 Y.317 E.01494
G1 X-5.158 Y-.307 E.02932
G1 X-5.089 Y-.892 E.02772
G1 X-5.026 Y-1.204 E.01494
G1 X-4.844 Y-1.8 E.02932
G1 X-4.607 Y-2.34 E.02772
G1 X-4.455 Y-2.619 E.01494
G1 X-4.107 Y-3.136 E.02932
G1 X-3.723 Y-3.583 E.02772
G1 X-3.495 Y-3.806 E.01498
G1 X-3.03 Y-4.185 E.02822
G1 X-2.768 Y-4.364 E.01494
G1 X-2.222 Y-4.665 E.02929
G1 X-1.643 Y-4.9 E.02941
G1 X-1.375 Y-4.982 E.01317
G1 X-.763 Y-5.111 E.02941
G1 X-.152 Y-5.165 E.02882
G1 X.437 Y-5.149 E.02772
G1 X.753 Y-5.113 E.01494
G1 X1.375 Y-4.982 E.02991
G1 X1.643 Y-4.9 E.01317
G1 X2.041 Y-4.738 E.02023
SET_VELOCITY_LIMIT ACCEL=10000
G1 X2.292 Y-5.26 F30000
SET_VELOCITY_LIMIT ACCEL=5000
;TYPE:Outer wall
G1 F1481
G1 X2.471 Y-5.187 E.0091
G1 X3.067 Y-4.858 E.03202
G1 X3.594 Y-4.481 E.03046
G1 X3.875 Y-4.242 E.01738
G1 X4.352 Y-3.751 E.03219
G1 X4.768 Y-3.206 E.03223
G1 X4.945 Y-2.926 E.01558
G1 X5.26 Y-2.312 E.03244
G1 X5.384 Y-2.005 E.01558
G1 X5.585 Y-1.349 E.03224
G1 X5.7 Y-.712 E.03046
G1 X5.735 Y-.344 E.01738
G1 X5.735 Y.34 E.03218
G1 X5.655 Y1.016 E.03201
G1 X5.495 Y1.678 E.03201
G1 X5.256 Y2.32 E.03223
G1 X5.112 Y2.624 E.0158
G1 X4.95 Y2.918 E.0158
G1 X4.567 Y3.486 E.03223
G1 X4.122 Y4.002 E.03201
G1 X3.62 Y4.461 E.03201
G1 X3.067 Y4.858 E.03202
G1 X2.5 Y5.172 E.03046
G1 X2.163 Y5.323 E.01738
G1 X1.514 Y5.542 E.0322
G1 X.881 Y5.677 E.03046
G1 X.509 Y5.723 E.01759
G1 X.175 Y5.743 E.01576
G1 X-.51 Y5.723 E.03224
G1 X-1.151 Y5.628 E.03046
G1 X-1.515 Y5.542 E.01759
G1 X-1.836 Y5.444 E.01576
G1 X-2.471 Y5.187 E.03223
G1 X-3.067 Y4.858 E.03202
G1 X-3.594 Y4.481 E.03046
G1 X-3.875 Y4.242 E.01738
G1 X-4.352 Y3.751 E.03219
G1 X-4.768 Y3.206 E.03223
G1 X-4.945 Y2.926 E.01558
G1 X-5.26 Y2.312 E.03244
G1 X-5.384 Y2.005 E.01558
G1 X-5.585 Y1.349 E.03224
G1 X-5.7 Y.712 E.03046
G1 X-5.735 Y.344 E.01738
G1 X-5.735 Y-.341 E.0322
G1 X-5.66 Y-.984 E.03046
G1 X-5.586 Y-1.346 E.01738
G1 X-5.386 Y-2.001 E.0322
G1 X-5.126 Y-2.594 E.03046
G1 X-4.949 Y-2.919 E.01738
G1 X-4.567 Y-3.486 E.0322
G1 X-4.145 Y-3.978 E.03046
G1 X-3.881 Y-4.237 E.01739
G1 X-3.376 Y-4.648 E.03063
G1 X-3.07 Y-4.856 E.01738
G1 X-2.471 Y-5.187 E.03218
G1 X-1.836 Y-5.444 E.03223
G1 X-1.519 Y-5.541 E.01558
G1 X-.848 Y-5.682 E.03223
G1 X-.17 Y-5.743 E.03202
G1 X.477 Y-5.725 E.03046
G1 X.845 Y-5.683 E.01738
G1 X1.519 Y-5.541 E.0324
G1 X1.836 Y-5.444 E.01558
G1 X2.258 Y-5.273 E.02144
SET_VELOCITY_LIMIT ACCEL=10000
G1 E-1.2 F2100
;WIPE_START
G1 F7200
G1 X2.471 Y-5.187
G1 X3.067 Y-4.858
G1 X3.594 Y-4.481
G1 X3.875 Y-4.242
G1 X3.926 Y-4.19
;WIPE_END
G1 X4.726 Y-.909 Z4.4 F30000
G1 Z4
G1 E1.2 F2100
M73 P58 R2
;TYPE:Sparse infill
G1 F1481
G1 X4.686 Y-1.131 E.01061
G1 X4.513 Y-1.696 E.02777
G1 X4.42 Y-1.927 E.01172
G1 X4.142 Y-2.468 E.02858
G1 X4.009 Y-2.678 E.01172
G1 X3.775 Y-2.985 E.01815
G1 X2.528 Y-2.915 E.05875
G1 X2.166 Y-3.195 E.0215
G1 X1.808 Y-3.41 E.01965
G1 X1.429 Y-3.586 E.01966
G1 X1.033 Y-3.719 E.01965
G1 X.502 Y-3.823 E.02544
G1 X-.083 Y-4.407 E.03886
G1 X-.06 Y-4.816 E.01926
G1 X-.142 Y-4.818 E.00387
G1 X-.712 Y-4.768 E.02691
G1 X-1.289 Y-4.646 E.02772
G1 X-1.527 Y-4.573 E.01172
G1 X-2.073 Y-4.352 E.02772
G1 X-2.586 Y-4.069 E.02755
G1 X-2.823 Y-3.907 E.01348
G1 X-3.264 Y-3.548 E.02677
G1 X-3.47 Y-3.346 E.01353
G1 X-3.858 Y-2.886 E.0283
G1 X-2.47 Y-2.964 E.06537
G1 X-2.802 Y-2.655 E.02138
G1 X-3.073 Y-2.336 E.01966
G1 X-3.311 Y-1.984 E.01998
G1 X-3.518 Y-1.584 E.02118
G1 X-3.658 Y-1.233 E.0178
G1 X-3.707 Y-1.057 E.00855
G1 X-4.726 Y.909 F30000
G1 F1481
G1 X-4.686 Y1.131 E.01061
G1 X-4.513 Y1.696 E.02777
G1 X-4.42 Y1.927 E.01172
G1 X-4.142 Y2.468 E.02858
G1 X-4.009 Y2.678 E.01172
G1 X-3.775 Y2.985 E.01815
G1 X-2.528 Y2.915 E.05875
G1 X-2.166 Y3.195 E.0215
G1 X-1.808 Y3.41 E.01965
G1 X-1.429 Y3.586 E.01966
G1 X-1.033 Y3.719 E.01965
G1 X-.502 Y3.823 E.02544
G1 X.083 Y4.407 E.03886
G1 X.06 Y4.816 E.01925
G1 X.161 Y4.819 E.00478
G1 X.727 Y4.765 E.02674
G1 X1.27 Y4.65 E.02607
G1 X1.826 Y4.462 E.0276
G1 X2.087 Y4.345 E.01348
G1 X2.572 Y4.077 E.02608
G1 X3.037 Y3.743 E.02691
G1 X3.459 Y3.358 E.02686
G1 X3.858 Y2.886 E.02904
G1 X2.47 Y2.964 E.06537
G1 X2.802 Y2.655 E.02138
G1 X3.073 Y2.336 E.01966
G1 X3.311 Y1.984 E.01998
G1 X3.518 Y1.584 E.02117
G1 X3.658 Y1.233 E.0178
G1 X3.707 Y1.057 E.00855
;LAYER_CHANGE
;Z:4.2
;HEIGHT:0.2
;BEFORE_LAYER_CHANGE
;4.2
G1 E-1.2 F2100
;WIPE_START
G1 F6000
G1 X3.658 Y1.233
G1 X3.518 Y1.584
G1 X3.311 Y1.984
G1 X3.073 Y2.336
G1 X2.802 Y2.655
G1 X2.695 Y2.754
;WIPE_END
;AFTER_LAYER_CHANGE
;4.2
;_SET_FAN_SPEED_CHANGING_LAYER
G17
G3 Z4.6 I1.135 J.438 P1  F30000
G1 X3.201 Y1.445 Z4.6
G1 Z4.2
G1 E1.2 F2100
SET_VELOCITY_LIMIT ACCEL=5000
;TYPE:Inner wall
G1 F1501
G1 X3.189 Y1.475 E.00151
G1 X3.01 Y1.811 E.01789
G1 X2.828 Y2.08 E.01527
G1 X2.556 Y2.411 E.02017
G1 X2.275 Y2.678 E.01822
G1 X1.972 Y2.908 E.01789
G1 X1.646 Y3.104 E.01789
G1 X1.3 Y3.264 E.01789
G1 X.94 Y3.385 E.01789
G1 X.568 Y3.467 E.01789
G1 X.19 Y3.508 E.01789
G1 X-.19 Y3.508 E.01789
G1 X-.568 Y3.467 E.01789
G1 X-.94 Y3.385 E.01789
G1 X-1.3 Y3.264 E.01789
G1 X-1.646 Y3.104 E.01789
G1 X-1.972 Y2.908 E.01789
G1 X-2.275 Y2.678 E.01789
G1 X-2.551 Y2.416 E.01789
G1 X-2.797 Y2.126 E.01789
G1 X-3.01 Y1.811 E.01789
G1 X-3.189 Y1.475 E.01789
G1 X-3.329 Y1.122 E.01789
G1 X-3.431 Y.755 E.01789
G1 X-3.493 Y.38 E.01789
G1 X-3.513 Y0 E.01789
G1 X-3.493 Y-.38 E.01789
G1 X-3.431 Y-.755 E.01789
G1 X-3.329 Y-1.122 E.01789
G1 X-3.189 Y-1.475 E.01789
G1 X-3.01 Y-1.811 E.01789
G1 X-2.828 Y-2.08 E.01527
G1 X-2.556 Y-2.411 E.02017
G1 X-2.275 Y-2.678 E.01822
G1 X-1.972 Y-2.908 E.01789
G1 X-1.646 Y-3.104 E.01789
G1 X-1.3 Y-3.264 E.01789
G1 X-.94 Y-3.385 E.01789
G1 X-.623 Y-3.455 E.01527
G1 X-.197 Y-3.508 E.02017
G1 X.19 Y-3.508 E.01822
G1 X.568 Y-3.467 E.01789
G1 X.94 Y-3.385 E.01789
G1 X1.3 Y-3.264 E.01789
G1 X1.646 Y-3.104 E.01789
G1 X1.972 Y-2.908 E.01789
G1 X2.275 Y-2.678 E.01789
G1 X2.551 Y-2.416 E.01789
G1 X2.797 Y-2.126 E.01789
G1 X3.01 Y-1.811 E.01789
G1 X3.189 Y-1.475 E.01789
G1 X3.329 Y-1.122 E.01789
G1 X3.431 Y-.755 E.01789
G1 X3.493 Y-.38 E.01789
G1 X3.513 Y0 E.01789
G1 X3.493 Y.38 E.01789
G1 X3.431 Y.755 E.01789
G1 X3.329 Y1.122 E.01789
G1 X3.214 Y1.412 E.01468
SET_VELOCITY_LIMIT ACCEL=10000
G1 X2.664 Y1.232 F30000
SET_VELOCITY_LIMIT ACCEL=5000
;TYPE:Outer wall
G1 F1501
G1 X2.664 Y1.233 E.00004
G1 X2.515 Y1.513 E.01495
G1 X2.366 Y1.734 E.01254
G1 X2.133 Y2.017 E.01723
G1 X1.9 Y2.237 E.01506
G1 X1.647 Y2.43 E.01495
G1 X1.375 Y2.594 E.01495
G1 X1.087 Y2.727 E.01495
G1 X.785 Y2.828 E.01495
G1 X.475 Y2.897 E.01495
G1 X.159 Y2.931 E.01495
G1 X-.159 Y2.931 E.01495
G1 X-.475 Y2.897 E.01495
G1 X-.785 Y2.828 E.01495
G1 X-1.087 Y2.727 E.01495
G1 X-1.375 Y2.594 E.01495
G1 X-1.647 Y2.43 E.01495
G1 X-1.9 Y2.237 E.01495
G1 X-2.131 Y2.019 E.01495
G1 X-2.337 Y1.776 E.01495
G1 X-2.515 Y1.513 E.01495
G1 X-2.664 Y1.233 E.01495
G1 X-2.782 Y.937 E.01495
G1 X-2.867 Y.631 E.01495
G1 X-2.918 Y.317 E.01495
G1 X-2.935 Y0 E.01495
G1 X-2.918 Y-.317 E.01495
G1 X-2.867 Y-.631 E.01495
G1 X-2.782 Y-.937 E.01495
G1 X-2.664 Y-1.233 E.01495
G1 X-2.515 Y-1.513 E.01495
G1 X-2.366 Y-1.734 E.01254
G1 X-2.133 Y-2.017 E.01723
G1 X-1.9 Y-2.237 E.01506
G1 X-1.647 Y-2.43 E.01495
G1 X-1.375 Y-2.594 E.01495
G1 X-1.087 Y-2.727 E.01495
G1 X-.785 Y-2.828 E.01495
G1 X-.525 Y-2.886 E.01254
G1 X-.161 Y-2.931 E.01723
G1 X.159 Y-2.931 E.01506
G1 X.475 Y-2.897 E.01495
G1 X.785 Y-2.828 E.01495
G1 X1.087 Y-2.727 E.01495
G1 X1.375 Y-2.594 E.01495
G1 X1.647 Y-2.43 E.01495
G1 X1.9 Y-2.237 E.01495
G1 X2.131 Y-2.019 E.01495
G1 X2.337 Y-1.776 E.01495
G1 X2.515 Y-1.513 E.01495
M73 P59 R2
G1 X2.664 Y-1.233 E.01495
G1 X2.782 Y-.937 E.01495
G1 X2.867 Y-.631 E.01495
G1 X2.918 Y-.317 E.01495
G1 X2.935 Y0 E.01495
G1 X2.918 Y.317 E.01495
G1 X2.867 Y.631 E.01495
G1 X2.782 Y.937 E.01495
G1 X2.678 Y1.198 E.01321
SET_VELOCITY_LIMIT ACCEL=10000
G1 E-1.2 F2100
;WIPE_START
G1 F7200
G1 X2.664 Y1.233
G1 X2.515 Y1.513
G1 X2.366 Y1.734
G1 X2.133 Y2.017
G1 X1.9 Y2.237
G1 X1.647 Y2.43
G1 X1.375 Y2.594
G1 X1.324 Y2.617
;WIPE_END
G1 X2.105 Y-4.794 Z4.6 F30000
G1 Z4.2
G1 E1.2 F2100
SET_VELOCITY_LIMIT ACCEL=5000
;TYPE:Inner wall
G1 F1501
G1 X2.244 Y-4.734 E.00711
G1 X2.796 Y-4.429 E.02968
G1 X3.301 Y-4.068 E.02919
G1 X3.768 Y-3.64 E.0298
G1 X3.96 Y-3.43 E.01336
G1 X4.353 Y-2.916 E.03043
G1 X4.504 Y-2.676 E.01336
G1 X4.794 Y-2.112 E.02981
G1 X5.01 Y-1.53 E.02919
G1 X5.159 Y-.914 E.02981
G1 X5.201 Y-.633 E.01336
G1 X5.239 Y.013 E.03042
G1 X5.23 Y.31 E.01398
G1 X5.204 Y.607 E.01398
G1 X5.092 Y1.23 E.02981
G1 X4.91 Y1.824 E.02919
G1 X4.66 Y2.392 E.02918
G1 X4.338 Y2.938 E.02981
G1 X4.172 Y3.169 E.01336
G1 X3.758 Y3.649 E.02984
G1 X3.32 Y4.052 E.02798
G1 X3.063 Y4.25 E.01527
G1 X2.518 Y4.594 E.0303
G1 X2.265 Y4.724 E.01337
G1 X1.665 Y4.967 E.03042
G1 X1.394 Y5.05 E.01337
G1 X.773 Y5.181 E.0298
G1 X.155 Y5.236 E.02919
G1 X-.478 Y5.217 E.02981
G1 X-.761 Y5.184 E.01336
G1 X-1.382 Y5.053 E.02984
G1 X-1.946 Y4.863 E.02799
G1 X-2.244 Y4.734 E.01527
G1 X-2.796 Y4.429 E.02968
G1 X-3.301 Y4.068 E.02919
G1 X-3.768 Y3.64 E.0298
G1 X-3.96 Y3.43 E.01336
G1 X-4.353 Y2.916 E.03043
G1 X-4.504 Y2.676 E.01336
G1 X-4.794 Y2.112 E.02981
G1 X-5.01 Y1.53 E.02919
G1 X-5.159 Y.914 E.02981
G1 X-5.201 Y.633 E.01336
G1 X-5.239 Y-.013 E.03043
G1 X-5.23 Y-.31 E.01398
G1 X-5.204 Y-.607 E.01398
G1 X-5.092 Y-1.23 E.02981
G1 X-4.91 Y-1.824 E.02919
G1 X-4.66 Y-2.392 E.02918
G1 X-4.338 Y-2.938 E.02981
G1 X-4.172 Y-3.169 E.0134
G1 X-3.776 Y-3.631 E.02861
G1 X-3.544 Y-3.858 E.01527
G1 X-3.054 Y-4.256 E.02968
G1 X-2.518 Y-4.594 E.0298
G1 X-2.265 Y-4.724 E.01337
G1 X-1.665 Y-4.967 E.03042
G1 X-1.394 Y-5.05 E.01337
G1 X-.773 Y-5.181 E.0298
G1 X-.154 Y-5.236 E.02922
G1 X.44 Y-5.219 E.02799
G1 X.763 Y-5.183 E.01527
G1 X1.382 Y-5.053 E.02972
G1 X1.946 Y-4.863 E.02799
G1 X2.072 Y-4.809 E.00647
SET_VELOCITY_LIMIT ACCEL=10000
G1 X2.334 Y-5.324 F30000
SET_VELOCITY_LIMIT ACCEL=5000
;TYPE:Outer wall
G1 F1501
G1 X2.498 Y-5.253 E.0084
G1 X3.105 Y-4.918 E.03258
G1 X3.665 Y-4.517 E.03241
G1 X4.177 Y-4.048 E.03262
G1 X4.403 Y-3.801 E.01578
G1 X4.827 Y-3.246 E.03284
G1 X5.006 Y-2.962 E.01578
G1 X5.323 Y-2.345 E.03262
G1 X5.563 Y-1.699 E.03241
G1 X5.726 Y-1.024 E.03262
G1 X5.775 Y-.693 E.01578
G1 X5.817 Y.005 E.03284
G1 X5.807 Y.345 E.01599
G1 X5.776 Y.683 E.01599
G1 X5.654 Y1.366 E.03262
G1 X5.452 Y2.025 E.03241
G1 X5.175 Y2.656 E.03241
G1 X4.822 Y3.253 E.03262
G1 X4.626 Y3.526 E.01578
G1 X4.173 Y4.052 E.03264
G1 X3.692 Y4.493 E.03072
G1 X3.394 Y4.724 E.01771
G1 X2.804 Y5.096 E.03279
G1 X2.506 Y5.249 E.01578
G1 X1.859 Y5.512 E.03284
G1 X1.538 Y5.61 E.01578
G1 X.859 Y5.753 E.03262
G1 X.172 Y5.814 E.03241
G1 X-.521 Y5.793 E.03262
G1 X-.854 Y5.754 E.01578
G1 X-1.533 Y5.611 E.03264
G1 X-2.153 Y5.403 E.03072
G1 X-2.498 Y5.253 E.01771
G1 X-3.105 Y4.918 E.03258
G1 X-3.665 Y4.517 E.03241
G1 X-4.177 Y4.048 E.03262
G1 X-4.403 Y3.801 E.01578
G1 X-4.827 Y3.246 E.03284
G1 X-5.006 Y2.962 E.01578
G1 X-5.323 Y2.345 E.03262
G1 X-5.563 Y1.699 E.03241
G1 X-5.726 Y1.024 E.03262
G1 X-5.775 Y.693 E.01578
G1 X-5.817 Y-.005 E.03284
G1 X-5.807 Y-.345 E.01599
G1 X-5.776 Y-.683 E.01599
G1 X-5.654 Y-1.366 E.03262
G1 X-5.452 Y-2.025 E.03241
G1 X-5.175 Y-2.656 E.03241
G1 X-4.822 Y-3.253 E.03262
G1 X-4.626 Y-3.526 E.01579
G1 X-4.197 Y-4.025 E.03094
G1 X-3.929 Y-4.289 E.01771
G1 X-3.391 Y-4.726 E.03258
G1 X-2.804 Y-5.096 E.03262
G1 X-2.506 Y-5.249 E.01578
G1 X-1.859 Y-5.512 E.03284
G1 X-1.538 Y-5.61 E.01578
G1 X-.859 Y-5.753 E.03262
G1 X-.172 Y-5.814 E.03242
G1 X.481 Y-5.796 E.03072
G1 X.855 Y-5.753 E.01771
G1 X1.533 Y-5.611 E.03259
G1 X2.153 Y-5.403 E.03072
G1 X2.301 Y-5.338 E.00762
M73 P60 R2
SET_VELOCITY_LIMIT ACCEL=10000
G1 E-1.2 F2100
;WIPE_START
G1 F7200
G1 X2.498 Y-5.253
G1 X3.105 Y-4.918
G1 X3.665 Y-4.517
G1 X3.963 Y-4.244
;WIPE_END
G1 X3.695 Y-1.098 Z4.6 F30000
G1 Z4.2
G1 E1.2 F2100
;TYPE:Sparse infill
G1 F1501
G1 X3.503 Y-1.621 E.0262
G1 X3.308 Y-1.99 E.01965
G1 X3.073 Y-2.336 E.01965
G1 X2.802 Y-2.655 E.01965
G1 X2.436 Y-2.99 E.02334
G1 X3.982 Y-2.83 E.07309
G1 X3.694 Y-3.208 E.02233
G1 X3.523 Y-3.395 E.01191
G1 X3.082 Y-3.798 E.02812
G1 X2.611 Y-4.136 E.02725
G1 X2.091 Y-4.423 E.02794
G1 X1.821 Y-4.54 E.01381
G1 X1.29 Y-4.718 E.02634
G1 X.708 Y-4.841 E.02799
G1 X.416 Y-4.874 E.01381
G1 X.102 Y-4.883 E.01476
G1 X.151 Y-4.407 E.02248
G1 X-.427 Y-3.828 E.03847
G1 X-.682 Y-3.797 E.01206
G1 X-1.033 Y-3.719 E.0169
G1 X-1.429 Y-3.586 E.01965
G1 X-1.808 Y-3.41 E.01966
G1 X-2.166 Y-3.195 E.01965
G1 X-2.546 Y-2.898 E.02268
G1 X-3.835 Y-3.03 E.06092
G1 X-4.048 Y-2.748 E.01662
G1 X-4.352 Y-2.234 E.02811
G1 X-4.585 Y-1.703 E.02725
G1 X-4.755 Y-1.149 E.02725
G1 X-4.79 Y-.954 E.00929
G1 X-3.695 Y1.098 F30000
G1 F1501
G1 X-3.503 Y1.621 E.0262
G1 X-3.308 Y1.99 E.01965
G1 X-3.073 Y2.336 E.01965
G1 X-2.802 Y2.655 E.01966
G1 X-2.436 Y2.99 E.02334
G1 X-3.982 Y2.83 E.07309
G1 X-3.694 Y3.208 E.02233
G1 X-3.523 Y3.395 E.01191
G1 X-3.082 Y3.798 E.02812
G1 X-2.611 Y4.136 E.02725
G1 X-2.091 Y4.423 E.02794
G1 X-1.821 Y4.54 E.01381
G1 X-1.29 Y4.718 E.02634
G1 X-.704 Y4.842 E.02817
G1 X-.453 Y4.872 E.01191
G1 X-.102 Y4.882 E.01648
G1 X-.151 Y4.407 E.02245
G1 X.425 Y3.831 E.0383
G1 X.625 Y3.809 E.00946
G1 X1.033 Y3.719 E.01965
G1 X1.429 Y3.586 E.01965
G1 X1.808 Y3.41 E.01966
G1 X2.166 Y3.195 E.01965
G1 X2.546 Y2.898 E.02268
G1 X3.834 Y3.03 E.06091
G1 X4.048 Y2.748 E.01663
G1 X4.352 Y2.234 E.02811
G1 X4.585 Y1.703 E.02725
G1 X4.755 Y1.149 E.02725
G1 X4.79 Y.955 E.00928
;LAYER_CHANGE
;Z:4.21
;HEIGHT:0.0100002
;BEFORE_LAYER_CHANGE
;4.21
G1 E-1.2 F2100
;WIPE_START
G1 F6000
G1 X4.755 Y1.149
G1 X4.585 Y1.703
G1 X4.352 Y2.234
G1 X4.048 Y2.748
G1 X4.02 Y2.785
;WIPE_END
;AFTER_LAYER_CHANGE
;4.21
;_SET_FAN_SPEED_CHANGING_LAYER
G17
G3 Z4.61 I-.173 J1.205 P1  F30000
G1 X6.955 Y3.206 Z4.61
G1 Z4.21
G1 E1.2 F2100
;TYPE:Support interface
;HEIGHT:0.41
G1 F2400
M106 S255
G1 X6.82 Y3.489 E.02788
G1 X6.811 Y3.507 E.00181
G1 X6.601 Y3.887 E.03854
G1 X6.591 Y3.904 E.00181
G1 X6.49 Y4.065 E.01689
G1 X6.49 Y6.154 E.18565
G1 X6.154 Y6.154 E.02981
G1 X6.154 Y9.231 E.27347
G1 X5.562 Y9.231 E.05259
G1 X5.562 Y5.265 E.35253
G1 X5.504 Y5.329 E.00773
G1 X5.49 Y5.343 E.00181
G1 X5.178 Y5.645 E.03854
G1 X5.163 Y5.659 E.00181
G1 X4.835 Y5.942 E.03854
G1 X4.819 Y5.955 E.00181
G1 X4.635 Y6.095 E.02053
G1 X4.635 Y9.231 E.2787
G1 X3.708 Y9.231 E.08239
G1 X3.708 Y6.703 E.22466
G1 X3.707 Y6.704 E.00009
G1 X3.69 Y6.714 E.00181
G1 X3.304 Y6.912 E.03854
G1 X3.285 Y6.92 E.00181
G1 X2.889 Y7.095 E.03853
G1 X2.87 Y7.103 E.00181
G1 X2.781 Y7.136 E.00839
G1 X2.781 Y9.231 E.18623
G1 X1.854 Y9.231 E.08239
G1 X1.854 Y7.43 E.16008
G1 X1.588 Y7.494 E.02434
G1 X1.568 Y7.499 E.00181
G1 X1.141 Y7.575 E.03854
G1 X1.121 Y7.578 E.00181
G1 X.927 Y7.601 E.01735
G1 X.927 Y9.231 E.14485
G1 X0 Y9.231 E.08239
G1 X0 Y7.658 E.13985
G1 X-.217 Y7.658 E.01927
G1 X-.237 Y7.657 E.00181
G1 X-.67 Y7.631 E.03854
G1 X-.69 Y7.63 E.00181
G1 X-.927 Y7.601 E.02118
G1 X-.927 Y9.231 E.14485
G1 X-1.854 Y9.231 E.08239
G1 X-1.854 Y7.43 E.16008
G1 X-2.009 Y7.392 E.0142
G1 X-2.029 Y7.387 E.00181
G1 X-2.444 Y7.26 E.03854
G1 X-2.463 Y7.254 E.00181
G1 X-2.66 Y7.181 E.01863
G1 X-2.781 Y7.136 E.01153
G1 X-2.781 Y9.231 E.18623
G1 X-3.708 Y9.231 E.08239
G1 X-3.708 Y6.703 E.22466
G1 X-4.081 Y6.483 E.03845
G1 X-4.098 Y6.472 E.00181
G1 X-4.458 Y6.23 E.03854
G1 X-4.474 Y6.218 E.00181
G1 X-4.635 Y6.095 E.01801
G1 X-4.635 Y9.231 E.2787
G1 X-5.562 Y9.231 E.08239
G1 X-5.562 Y5.265 E.35253
G1 X-5.796 Y5.009 E.0308
M73 P61 R2
G1 X-5.81 Y4.993 E.00181
G1 X-6.083 Y4.657 E.03854
G1 X-6.095 Y4.64 E.00181
G1 X-6.348 Y4.288 E.03854
G1 X-6.36 Y4.271 E.00181
G1 X-6.49 Y4.065 E.02164
G1 X-6.49 Y6.154 E.18565
G1 X-7.417 Y6.154 E.08239
G1 X-7.417 Y1.909 E.37724
G1 X-7.444 Y1.809 E.00923
G1 X-7.449 Y1.789 E.00181
G1 X-7.538 Y1.365 E.03854
G1 X-7.542 Y1.345 E.00181
G1 X-7.606 Y.916 E.03854
G1 X-7.608 Y.896 E.00181
G1 X-7.647 Y.464 E.03854
G1 X-7.648 Y.444 E.00181
G1 X-7.661 Y.01 E.03854
G1 X-7.661 Y-.01 E.00181
G1 X-7.648 Y-.444 E.03854
G1 X-7.647 Y-.464 E.00181
G1 X-7.608 Y-.896 E.03854
G1 X-7.606 Y-.916 E.00181
G1 X-7.542 Y-1.345 E.03854
G1 X-7.538 Y-1.365 E.00181
G1 X-7.449 Y-1.789 E.03854
G1 X-7.444 Y-1.809 E.00181
G1 X-7.417 Y-1.909 E.00923
G1 X-7.417 Y-6.154 E.37724
G1 X-8.344 Y-6.154 E.08239
G1 X-8.344 Y6.154 E1.09387
G1 X-9.231 Y6.154 E.07888
G1 X-9.231 Y-6.154 E1.09387
G1 X-8.632 Y-6.154 E.05323
G1 E-1.2 F2100
;WIPE_START
G1 F2400
G1 X-9.231 Y-6.154
G1 X-9.231 Y-4.753
;WIPE_END
G1 X-6.955 Y-3.206 Z4.61 F30000
G1 Z4.21
G1 E1.2 F2100
G1 F2400
G1 X-6.82 Y-3.489 E.02788
G1 X-6.811 Y-3.507 E.00181
G1 X-6.601 Y-3.887 E.03854
G1 X-6.591 Y-3.904 E.00181
G1 X-6.49 Y-4.065 E.01689
G1 X-6.49 Y-6.154 E.18565
G1 X-6.154 Y-6.154 E.02981
G1 X-6.154 Y-9.231 E.27347
G1 X-5.562 Y-9.231 E.05259
G1 X-5.562 Y-5.265 E.35253
G1 X-5.504 Y-5.329 E.00773
M73 P61 R1
G1 X-5.49 Y-5.343 E.00181
G1 X-5.178 Y-5.645 E.03854
G1 X-5.163 Y-5.659 E.00181
G1 X-4.835 Y-5.942 E.03854
G1 X-4.819 Y-5.955 E.00181
G1 X-4.635 Y-6.095 E.02053
G1 X-4.635 Y-9.231 E.2787
G1 X-3.708 Y-9.231 E.08239
G1 X-3.708 Y-6.703 E.22466
G1 X-3.707 Y-6.704 E.00009
G1 X-3.69 Y-6.714 E.00181
G1 X-3.304 Y-6.912 E.03854
G1 X-3.285 Y-6.92 E.00181
G1 X-2.889 Y-7.095 E.03853
G1 X-2.87 Y-7.103 E.00181
G1 X-2.781 Y-7.136 E.00839
G1 X-2.781 Y-9.231 E.18623
G1 X-1.854 Y-9.231 E.08239
G1 X-1.854 Y-7.43 E.16008
G1 X-1.588 Y-7.494 E.02434
G1 X-1.568 Y-7.499 E.00181
G1 X-1.141 Y-7.575 E.03854
G1 X-1.121 Y-7.578 E.00181
G1 X-.927 Y-7.601 E.01735
G1 X-.927 Y-9.231 E.14485
G1 X0 Y-9.231 E.08239
G1 X0 Y-7.658 E.13985
G1 X.217 Y-7.658 E.01927
G1 X.237 Y-7.657 E.00181
G1 X.446 Y-7.645 E.01863
G1 X.67 Y-7.631 E.01991
G1 X.69 Y-7.63 E.00181
G1 X.927 Y-7.601 E.02118
G1 X.927 Y-9.231 E.14485
G1 X1.854 Y-9.231 E.08239
G1 X1.854 Y-7.43 E.16008
G1 X2.009 Y-7.392 E.0142
G1 X2.029 Y-7.387 E.00181
G1 X2.444 Y-7.26 E.03854
G1 X2.463 Y-7.254 E.00181
G1 X2.66 Y-7.181 E.01863
G1 X2.781 Y-7.136 E.01153
G1 X2.781 Y-9.231 E.18623
G1 X3.708 Y-9.231 E.08239
G1 X3.708 Y-6.703 E.22466
G1 X4.081 Y-6.483 E.03845
G1 X4.098 Y-6.472 E.00181
G1 X4.458 Y-6.23 E.03854
G1 X4.474 Y-6.218 E.00181
G1 X4.635 Y-6.095 E.01801
G1 X4.635 Y-9.231 E.2787
G1 X5.562 Y-9.231 E.08239
G1 X5.562 Y-5.265 E.35253
G1 X5.796 Y-5.009 E.0308
G1 X5.81 Y-4.993 E.00181
G1 X6.083 Y-4.657 E.03854
G1 X6.095 Y-4.64 E.00181
G1 X6.348 Y-4.288 E.03854
G1 X6.36 Y-4.271 E.00181
G1 X6.49 Y-4.065 E.02164
G1 X6.49 Y-6.154 E.18565
G1 X7.417 Y-6.154 E.08239
G1 X7.417 Y-1.909 E.37724
G1 X7.444 Y-1.809 E.00923
G1 X7.449 Y-1.789 E.00181
G1 X7.538 Y-1.365 E.03854
G1 X7.542 Y-1.345 E.00181
G1 X7.606 Y-.916 E.03854
G1 X7.608 Y-.896 E.00181
G1 X7.647 Y-.464 E.03854
G1 X7.648 Y-.444 E.00181
G1 X7.661 Y-.01 E.03854
G1 X7.661 Y.01 E.00181
G1 X7.648 Y.444 E.03854
G1 X7.647 Y.464 E.00181
G1 X7.608 Y.896 E.03854
G1 X7.606 Y.916 E.00181
G1 X7.542 Y1.345 E.03854
G1 X7.538 Y1.365 E.00181
G1 X7.449 Y1.789 E.03854
G1 X7.444 Y1.809 E.00181
G1 X7.417 Y1.909 E.00923
G1 X7.417 Y6.154 E.37724
G1 X8.344 Y6.154 E.08239
M73 P62 R1
G1 X8.344 Y-6.154 E1.09387
G1 X9.231 Y-6.154 E.07888
G1 X9.231 Y6.154 E1.09387
G1 X8.632 Y6.154 E.05324
G1 X3.752 Y6.007 F30000
;TYPE:Support
G1 F6000
M106 S255
G1 X3.78 Y5.991 E.00291
G1 X3.783 Y5.989 E.0003
G1 X4.128 Y5.756 E.03702
G1 X4.131 Y5.754 E.00029
G1 X4.462 Y5.502 E.03702
G1 X4.465 Y5.5 E.00029
G1 X4.78 Y5.228 E.03702
G1 X4.783 Y5.225 E.0003
G1 X5.081 Y4.935 E.03702
G1 X5.084 Y4.933 E.0003
G1 X5.365 Y4.626 E.03702
G1 X5.367 Y4.623 E.00029
G1 X5.629 Y4.3 E.03702
G1 X5.631 Y4.297 E.00029
G1 X5.874 Y3.959 E.03702
G1 X5.876 Y3.956 E.00029
G1 X6.099 Y3.604 E.03702
G1 X6.1 Y3.601 E.00029
G1 X6.301 Y3.236 E.03702
G1 X6.303 Y3.233 E.00029
G1 X6.377 Y3.077 E.01536
G1 X6.197 Y3.077 E.01601
G1 X6.329 Y2.799 E.02735
G1 X6.338 Y2.781 E.00181
G1 X6.484 Y2.419 E.03464
G1 X6.491 Y2.4 E.00181
G1 X6.616 Y2.031 E.03464
G1 X6.622 Y2.012 E.00181
G1 X6.725 Y1.635 E.03465
G1 X6.729 Y1.616 E.00181
G1 X6.81 Y1.234 E.03463
G1 X6.813 Y1.214 E.00182
G1 X6.871 Y.829 E.03464
G1 X6.873 Y.808 E.00182
G1 X6.908 Y.42 E.03468
G1 X6.909 Y.398 E.00191
G1 X6.92 Y0 E.0354
G1 X7.084 Y0 E.01457
G1 X7.084 Y-.002 E.00015
G1 X7.071 Y-.418 E.03702
G1 X7.071 Y-.421 E.00029
G1 X7.034 Y-.836 E.03701
G1 X7.034 Y-.839 E.0003
G1 X6.972 Y-1.251 E.03702
G1 X6.972 Y-1.255 E.00029
G1 X6.886 Y-1.662 E.03702
G1 X6.885 Y-1.665 E.00029
G1 X6.775 Y-2.067 E.03701
G1 X6.774 Y-2.07 E.0003
G1 X6.641 Y-2.465 E.03702
G1 X6.64 Y-2.468 E.00029
G1 X6.483 Y-2.854 E.03702
G1 X6.482 Y-2.857 E.00029
G1 X6.377 Y-3.077 E.02165
G1 X6.197 Y-3.077 E.01601
G1 X6.162 Y-3.151 E.00729
G1 X6.152 Y-3.169 E.00181
G1 X5.964 Y-3.511 E.03464
G1 X5.954 Y-3.528 E.00181
G1 X5.746 Y-3.858 E.03464
G1 X5.734 Y-3.875 E.00181
G1 X5.507 Y-4.191 E.03464
G1 X5.495 Y-4.208 E.00181
G1 X5.249 Y-4.51 E.03464
G1 X5.236 Y-4.526 E.00181
G1 X4.973 Y-4.813 E.03464
G1 X4.959 Y-4.828 E.00181
G1 X4.679 Y-5.099 E.03464
G1 X4.664 Y-5.113 E.00181
G1 X4.369 Y-5.368 E.03464
G1 X4.353 Y-5.38 E.00181
G1 X4.042 Y-5.617 E.03469
G1 X4.025 Y-5.63 E.00191
G1 X3.683 Y-5.858 E.03652
G1 X3.667 Y-5.869 E.00172
G1 X3.414 Y-6.018 E.02611
G1 E-1.2 F2100
;WIPE_START
G1 F6000
G1 X3.667 Y-5.869
G1 X3.683 Y-5.858
G1 X4.025 Y-5.63
G1 X4.042 Y-5.617
G1 X4.353 Y-5.38
G1 X4.369 Y-5.368
G1 X4.664 Y-5.113
G1 X4.679 Y-5.099
G1 X4.959 Y-4.828
G1 X4.973 Y-4.813
G1 X4.989 Y-4.796
;WIPE_END
G1 X-2.512 Y-6.208 Z4.61 F30000
G1 X-2.901 Y-6.282 Z4.61
G1 Z4.21
G1 E1.2 F2100
G1 F6000
G1 X-2.61 Y-6.409 E.02821
G1 X-2.592 Y-6.417 E.00181
G1 X-2.226 Y-6.553 E.03464
G1 X-2.207 Y-6.559 E.00181
G1 X-1.834 Y-6.673 E.03463
G1 X-1.814 Y-6.679 E.00182
G1 X-1.457 Y-6.765 E.0327
G1 X-1.438 Y-6.769 E.00171
G1 X-1.034 Y-6.843 E.03653
G1 X-1.012 Y-6.846 E.00191
G1 X-.625 Y-6.892 E.0347
G1 X-.604 Y-6.894 E.0018
G1 X-.215 Y-6.917 E.03464
G1 X-.195 Y-6.918 E.00181
G1 X.195 Y-6.918 E.03464
G1 X.215 Y-6.917 E.00181
G1 X.583 Y-6.896 E.0327
G1 X.602 Y-6.894 E.00171
G1 X1.01 Y-6.847 E.03654
G1 X1.031 Y-6.843 E.00191
G1 X1.416 Y-6.774 E.0347
G1 X1.435 Y-6.77 E.00181
G1 X1.814 Y-6.679 E.03464
G1 X1.834 Y-6.673 E.00182
G1 X2.207 Y-6.559 E.03463
G1 X2.226 Y-6.553 E.00181
G1 X2.592 Y-6.417 E.03464
G1 X2.61 Y-6.409 E.00181
G1 X2.967 Y-6.252 E.03464
G1 X2.986 Y-6.244 E.00181
G1 X3.16 Y-6.154 E.0174
G1 X3.503 Y-6.154 E.03054
G1 X3.421 Y-6.203 E.00846
G1 X3.418 Y-6.204 E.0003
G1 X3.048 Y-6.394 E.03702
G1 X3.045 Y-6.396 E.00029
G1 X2.664 Y-6.564 E.03702
G1 X2.661 Y-6.565 E.00029
G1 X2.459 Y-6.64 E.01915
G1 X2.27 Y-6.71 E.01787
G1 X2.267 Y-6.711 E.00029
G1 X1.869 Y-6.833 E.03702
G1 X1.866 Y-6.834 E.00029
G1 X1.461 Y-6.931 E.03702
G1 X1.457 Y-6.932 E.0003
G1 X1.048 Y-7.006 E.03702
G1 X1.044 Y-7.006 E.00029
G1 X.631 Y-7.056 E.03702
G1 X.627 Y-7.056 E.00029
G1 X.412 Y-7.069 E.01915
G1 X.212 Y-7.08 E.01787
G1 X.208 Y-7.081 E.0003
G1 X-.208 Y-7.081 E.03701
G1 X-.212 Y-7.08 E.0003
G1 X-.627 Y-7.056 E.03701
G1 X-.631 Y-7.056 E.0003
G1 X-1.044 Y-7.006 E.03702
G1 X-1.048 Y-7.006 E.00029
G1 X-1.457 Y-6.932 E.03702
G1 X-1.461 Y-6.931 E.00029
G1 X-1.866 Y-6.834 E.03702
G1 X-1.869 Y-6.833 E.00029
G1 X-2.267 Y-6.711 E.03702
G1 X-2.27 Y-6.71 E.0003
G1 X-2.661 Y-6.565 E.03701
G1 X-2.664 Y-6.564 E.00029
G1 X-3.045 Y-6.396 E.03702
G1 X-3.048 Y-6.394 E.0003
G1 X-3.418 Y-6.204 E.03702
G1 X-3.421 Y-6.203 E.00029
G1 X-3.503 Y-6.154 E.00847
G1 X-3.16 Y-6.154 E.03054
G1 X-3.332 Y-6.066 E.01724
G1 X-3.35 Y-6.056 E.00181
G1 X-3.686 Y-5.858 E.03464
G1 X-3.703 Y-5.847 E.00181
G1 X-4.026 Y-5.629 E.03464
G1 X-4.043 Y-5.617 E.00181
G1 X-4.353 Y-5.38 E.03464
G1 X-4.369 Y-5.368 E.00181
G1 X-4.664 Y-5.113 E.03464
G1 X-4.679 Y-5.099 E.00181
G1 X-4.959 Y-4.828 E.03464
G1 X-4.973 Y-4.813 E.00181
G1 X-5.236 Y-4.526 E.03464
G1 X-5.249 Y-4.51 E.00181
G1 X-5.495 Y-4.208 E.03464
G1 X-5.507 Y-4.191 E.00181
G1 X-5.734 Y-3.875 E.03464
G1 X-5.746 Y-3.858 E.00181
G1 X-5.954 Y-3.528 E.03469
G1 X-5.965 Y-3.509 E.00191
G1 X-6.162 Y-3.149 E.03652
G1 X-6.171 Y-3.131 E.00172
G1 X-6.197 Y-3.077 E.00535
G1 X-6.377 Y-3.077 E.01601
G1 X-6.482 Y-2.857 E.02165
G1 X-6.483 Y-2.854 E.00029
G1 X-6.64 Y-2.468 E.03702
G1 X-6.641 Y-2.465 E.00029
G1 X-6.774 Y-2.07 E.03702
G1 X-6.775 Y-2.067 E.00029
G1 X-6.832 Y-1.859 E.01915
G1 X-6.885 Y-1.665 E.01787
G1 X-6.886 Y-1.662 E.00029
G1 X-6.972 Y-1.255 E.03702
G1 X-6.972 Y-1.251 E.00029
G1 X-7.034 Y-.839 E.03702
G1 X-7.034 Y-.836 E.0003
G1 X-7.071 Y-.421 E.03702
G1 X-7.071 Y-.418 E.00029
G1 X-7.084 Y-.002 E.03702
G1 X-7.084 Y0 E.00015
G1 X-6.92 Y0 E.01457
G1 X-6.92 Y.013 E.00113
G1 X-6.92 Y.032 E.00172
G1 X-6.909 Y.4 E.0327
G1 X-6.908 Y.42 E.00181
G1 X-6.873 Y.808 E.03463
G1 X-6.871 Y.829 E.00182
G1 X-6.813 Y1.214 E.03464
G1 X-6.81 Y1.234 E.00182
G1 X-6.729 Y1.616 E.03468
G1 X-6.724 Y1.637 E.00191
G1 X-6.615 Y2.033 E.03653
G1 X-6.609 Y2.052 E.00171
G1 X-6.491 Y2.4 E.0327
G1 X-6.484 Y2.419 E.00181
G1 X-6.338 Y2.781 E.03464
G1 X-6.329 Y2.799 E.00181
G1 X-6.197 Y3.077 E.02735
G1 X-6.377 Y3.077 E.01601
G1 X-6.303 Y3.233 E.01536
G1 X-6.301 Y3.236 E.00029
G1 X-6.1 Y3.601 E.03702
G1 X-6.098 Y3.604 E.00029
G1 X-5.876 Y3.956 E.03702
G1 X-5.874 Y3.959 E.00029
G1 X-5.631 Y4.297 E.03702
G1 X-5.629 Y4.3 E.00029
G1 X-5.367 Y4.623 E.03702
G1 X-5.365 Y4.626 E.00029
G1 X-5.084 Y4.933 E.03702
G1 X-5.081 Y4.935 E.00029
G1 X-4.783 Y5.225 E.03702
G1 X-4.78 Y5.228 E.00029
G1 X-4.465 Y5.5 E.03702
G1 X-4.462 Y5.502 E.00029
G1 X-4.131 Y5.754 E.03702
G1 X-4.128 Y5.756 E.00029
G1 X-3.783 Y5.989 E.03702
G1 X-3.78 Y5.991 E.0003
G1 X-3.752 Y6.007 E.00291
G1 X-2.901 Y6.282 F30000
G1 F6000
G1 X-2.61 Y6.409 E.02821
G1 X-2.592 Y6.417 E.00181
G1 X-2.226 Y6.553 E.03464
G1 X-2.207 Y6.559 E.00181
G1 X-1.834 Y6.673 E.03463
G1 X-1.814 Y6.679 E.00182
G1 X-1.435 Y6.77 E.03464
G1 X-1.416 Y6.774 E.00181
G1 X-1.032 Y6.843 E.03465
G1 X-1.012 Y6.846 E.00181
G1 X-.625 Y6.892 E.03465
G1 X-.604 Y6.894 E.0018
G1 X-.215 Y6.917 E.03464
G1 X-.195 Y6.918 E.00181
G1 X.195 Y6.918 E.03469
G1 X.217 Y6.917 E.00191
G1 X.627 Y6.892 E.03652
G1 X.646 Y6.89 E.00171
G1 X1.012 Y6.846 E.03271
G1 X1.032 Y6.843 E.00181
G1 X1.416 Y6.774 E.03465
G1 X1.436 Y6.77 E.00181
G1 X1.814 Y6.679 E.03464
G1 X1.834 Y6.673 E.00182
G1 X2.207 Y6.559 E.03463
G1 X2.226 Y6.553 E.00181
G1 X2.592 Y6.417 E.03464
G1 X2.61 Y6.409 E.00181
G1 X2.967 Y6.252 E.03464
G1 X2.986 Y6.244 E.00181
G1 X3.16 Y6.154 E.0174
G1 X3.503 Y6.154 E.03054
G1 X3.421 Y6.203 E.00847
G1 X3.418 Y6.204 E.00029
G1 X3.048 Y6.394 E.03702
G1 X3.045 Y6.396 E.0003
G1 X2.664 Y6.564 E.03702
G1 X2.661 Y6.565 E.00029
G1 X2.27 Y6.71 E.03701
G1 X2.267 Y6.711 E.0003
G1 X1.869 Y6.833 E.03702
G1 X1.866 Y6.834 E.00029
G1 X1.461 Y6.931 E.03702
G1 X1.457 Y6.932 E.00029
G1 X1.048 Y7.006 E.03702
G1 X1.044 Y7.006 E.00029
G1 X.631 Y7.056 E.03702
G1 X.627 Y7.056 E.00029
G1 X.427 Y7.068 E.01787
G1 X.212 Y7.08 E.01915
G1 X.208 Y7.081 E.0003
G1 X-.208 Y7.081 E.03701
G1 X-.212 Y7.08 E.0003
G1 X-.627 Y7.056 E.03701
G1 X-.631 Y7.056 E.00029
G1 X-1.044 Y7.006 E.03702
G1 X-1.048 Y7.006 E.00029
G1 X-1.457 Y6.932 E.03702
G1 X-1.461 Y6.931 E.00029
G1 X-1.866 Y6.834 E.03702
G1 X-1.869 Y6.833 E.00029
G1 X-2.267 Y6.711 E.03702
G1 X-2.27 Y6.71 E.00029
G1 X-2.459 Y6.64 E.01787
G1 X-2.661 Y6.565 E.01915
G1 X-2.664 Y6.564 E.00029
G1 X-3.045 Y6.396 E.03702
G1 X-3.048 Y6.394 E.00029
G1 X-3.418 Y6.204 E.03702
G1 X-3.421 Y6.203 E.00029
G1 X-3.503 Y6.154 E.00846
G1 X-3.16 Y6.154 E.03054
G1 X-3.332 Y6.066 E.01724
G1 X-3.35 Y6.056 E.00181
G1 X-3.667 Y5.869 E.0327
G1 X-3.683 Y5.858 E.00172
G1 X-4.025 Y5.63 E.03652
G1 X-4.042 Y5.617 E.00191
G1 X-4.353 Y5.38 E.03469
G1 X-4.369 Y5.368 E.00181
G1 X-4.664 Y5.113 E.03464
G1 X-4.679 Y5.099 E.00181
G1 X-4.959 Y4.828 E.03464
G1 X-4.973 Y4.813 E.00181
G1 X-5.236 Y4.526 E.03464
G1 X-5.249 Y4.51 E.00181
G1 X-5.495 Y4.208 E.03464
G1 X-5.507 Y4.191 E.00181
G1 X-5.734 Y3.875 E.03464
G1 X-5.746 Y3.858 E.00181
G1 X-5.954 Y3.528 E.03464
G1 X-5.964 Y3.511 E.00181
G1 X-6.063 Y3.332 E.0181
;LAYER_CHANGE
;Z:4.4
;HEIGHT:0.19
;BEFORE_LAYER_CHANGE
;4.4
G1 E-1.2 F2100
;WIPE_START
G1 F6000
G1 X-5.964 Y3.511
G1 X-5.954 Y3.528
G1 X-5.746 Y3.858
G1 X-5.734 Y3.875
G1 X-5.507 Y4.191
G1 X-5.495 Y4.208
G1 X-5.249 Y4.51
G1 X-5.236 Y4.526
G1 X-4.973 Y4.813
G1 X-4.959 Y4.828
G1 X-4.861 Y4.922
;WIPE_END
;AFTER_LAYER_CHANGE
;4.4
;_SET_FAN_SPEED_CHANGING_LAYER
G17
G3 Z4.8 I.482 J1.117 P1  F30000
G1 X3.201 Y1.445 Z4.8
G1 Z4.4
G1 E1.2 F2100
SET_VELOCITY_LIMIT ACCEL=5000
;TYPE:Inner wall
;HEIGHT:0.2
G1 F9000
G1 X3.189 Y1.475 E.00152
G1 X3.01 Y1.811 E.01789
G1 X2.797 Y2.126 E.01789
G1 X2.551 Y2.416 E.01789
G1 X2.275 Y2.678 E.01789
G1 X1.972 Y2.908 E.01789
G1 X1.646 Y3.104 E.01789
G1 X1.3 Y3.264 E.01789
G1 X.94 Y3.385 E.01789
G1 X.568 Y3.467 E.01789
G1 X.19 Y3.508 E.01789
G1 X-.19 Y3.508 E.01789
G1 X-.568 Y3.467 E.01789
G1 X-.94 Y3.385 E.01789
G1 X-1.3 Y3.264 E.01789
G1 X-1.646 Y3.104 E.01789
G1 X-1.908 Y2.946 E.01441
G1 X-2.268 Y2.684 E.02093
G1 X-2.551 Y2.416 E.01831
G1 X-2.797 Y2.126 E.01789
G1 X-3.01 Y1.811 E.01789
G1 X-3.189 Y1.475 E.01789
G1 X-3.329 Y1.122 E.01789
G1 X-3.431 Y.755 E.01789
G1 X-3.493 Y.38 E.01789
G1 X-3.509 Y.074 E.01441
G1 X-3.494 Y-.371 E.02093
G1 X-3.431 Y-.755 E.01831
G1 X-3.329 Y-1.122 E.01789
G1 X-3.189 Y-1.475 E.01789
G1 X-3.01 Y-1.811 E.01789
G1 X-2.797 Y-2.126 E.01789
G1 X-2.551 Y-2.416 E.01789
G1 X-2.275 Y-2.678 E.01789
G1 X-1.972 Y-2.908 E.01789
G1 X-1.646 Y-3.104 E.01789
G1 X-1.3 Y-3.264 E.01789
G1 X-.94 Y-3.385 E.01789
G1 X-.568 Y-3.467 E.01789
G1 X-.19 Y-3.508 E.01789
G1 X.19 Y-3.508 E.01789
G1 X.568 Y-3.467 E.01789
G1 X.94 Y-3.385 E.01789
G1 X1.3 Y-3.264 E.01789
G1 X1.646 Y-3.104 E.01789
G1 X1.908 Y-2.946 E.01441
G1 X2.268 Y-2.684 E.02093
G1 X2.551 Y-2.416 E.01831
M73 P63 R1
G1 X2.797 Y-2.126 E.01789
G1 X3.01 Y-1.811 E.01789
G1 X3.189 Y-1.475 E.01789
G1 X3.329 Y-1.122 E.01789
G1 X3.431 Y-.755 E.01789
G1 X3.493 Y-.38 E.01789
G1 X3.509 Y-.074 E.01441
G1 X3.494 Y.371 E.02093
G1 X3.431 Y.755 E.01831
G1 X3.329 Y1.122 E.01789
G1 X3.214 Y1.412 E.01468
SET_VELOCITY_LIMIT ACCEL=10000
G1 X2.665 Y1.232 F30000
SET_VELOCITY_LIMIT ACCEL=5000
;TYPE:Outer wall
G1 F7200
G1 X2.664 Y1.233 E.00005
G1 X2.515 Y1.513 E.01495
G1 X2.337 Y1.776 E.01495
G1 X2.131 Y2.019 E.01495
G1 X1.9 Y2.237 E.01495
G1 X1.647 Y2.43 E.01495
G1 X1.375 Y2.594 E.01495
G1 X1.087 Y2.727 E.01495
G1 X.785 Y2.828 E.01495
G1 X.475 Y2.897 E.01495
G1 X.159 Y2.931 E.01495
G1 X-.159 Y2.931 E.01495
G1 X-.475 Y2.897 E.01495
G1 X-.785 Y2.828 E.01495
G1 X-1.087 Y2.727 E.01495
G1 X-1.375 Y2.594 E.01495
G1 X-1.589 Y2.465 E.01174
G1 X-1.898 Y2.239 E.01799
G1 X-2.131 Y2.019 E.01509
G1 X-2.337 Y1.776 E.01495
G1 X-2.515 Y1.513 E.01495
G1 X-2.664 Y1.233 E.01495
G1 X-2.782 Y.937 E.01495
G1 X-2.867 Y.631 E.01495
G1 X-2.918 Y.317 E.01495
G1 X-2.932 Y.068 E.01174
G1 X-2.919 Y-.314 E.01799
G1 X-2.867 Y-.631 E.01509
G1 X-2.782 Y-.937 E.01495
G1 X-2.664 Y-1.233 E.01495
G1 X-2.515 Y-1.513 E.01495
G1 X-2.337 Y-1.776 E.01495
G1 X-2.131 Y-2.019 E.01495
G1 X-1.9 Y-2.237 E.01495
G1 X-1.647 Y-2.43 E.01495
G1 X-1.375 Y-2.594 E.01495
G1 X-1.087 Y-2.727 E.01495
G1 X-.785 Y-2.828 E.01495
G1 X-.475 Y-2.897 E.01495
G1 X-.159 Y-2.931 E.01495
G1 X.159 Y-2.931 E.01495
G1 X.475 Y-2.897 E.01495
G1 X.785 Y-2.828 E.01495
G1 X1.087 Y-2.727 E.01495
G1 X1.375 Y-2.594 E.01495
G1 X1.589 Y-2.465 E.01174
G1 X1.898 Y-2.239 E.01799
G1 X2.131 Y-2.019 E.01509
G1 X2.337 Y-1.776 E.01495
G1 X2.515 Y-1.513 E.01495
G1 X2.664 Y-1.233 E.01495
G1 X2.782 Y-.937 E.01495
G1 X2.867 Y-.631 E.01495
G1 X2.918 Y-.317 E.01495
G1 X2.932 Y-.068 E.01174
G1 X2.919 Y.314 E.01799
G1 X2.867 Y.631 E.01509
G1 X2.782 Y.937 E.01495
G1 X2.678 Y1.198 E.01321
SET_VELOCITY_LIMIT ACCEL=10000
G1 E-1.2 F2100
;WIPE_START
G1 F7200
G1 X2.664 Y1.233
G1 X2.515 Y1.513
G1 X2.337 Y1.776
G1 X2.131 Y2.019
G1 X1.9 Y2.237
G1 X1.647 Y2.43
G1 X1.375 Y2.594
G1 X1.324 Y2.617
;WIPE_END
G1 X2.17 Y-4.876 Z4.8 F30000
G1 Z4.4
G1 E1.2 F2100
SET_VELOCITY_LIMIT ACCEL=5000
;TYPE:Inner wall
G1 F9000
G1 X2.298 Y-4.824 E.00654
G1 X2.847 Y-4.522 E.02946
G1 X3.106 Y-4.349 E.01464
G1 X3.607 Y-3.943 E.03032
G1 X4.057 Y-3.479 E.03039
G1 X4.24 Y-3.253 E.01366
G1 X4.601 Y-2.717 E.03039
G1 X4.89 Y-2.154 E.02979
G1 X5.109 Y-1.567 E.02946
G1 X5.192 Y-1.267 E.01464
G1 X5.306 Y-.632 E.03034
G1 X5.344 Y-.006 E.02946
G1 X5.335 Y.318 E.01526
G1 X5.308 Y.619 E.01421
G1 X5.194 Y1.255 E.03039
G1 X5.009 Y1.861 E.02979
G1 X4.757 Y2.435 E.02946
G1 X4.608 Y2.708 E.01463
G1 X4.247 Y3.242 E.03032
G1 X3.825 Y3.732 E.03039
G1 X3.617 Y3.934 E.01366
G1 X3.115 Y4.342 E.03039
G1 X2.58 Y4.679 E.02977
G1 X1.996 Y4.957 E.03039
G1 X1.724 Y5.059 E.01366
G1 X1.1 Y5.229 E.03041
G1 X.481 Y5.322 E.02946
G1 X.17 Y5.341 E.01464
G1 X-.474 Y5.322 E.03032
G1 X-1.114 Y5.227 E.03039
G1 X-1.409 Y5.156 E.01428
G1 X-1.699 Y5.067 E.01428
G1 X-2.298 Y4.824 E.03041
G1 X-2.847 Y4.522 E.02946
G1 X-3.106 Y4.349 E.01464
G1 X-3.607 Y3.943 E.03032
G1 X-4.048 Y3.488 E.02977
G1 X-4.44 Y2.975 E.03039
G1 X-4.595 Y2.729 E.01366
G1 X-4.89 Y2.154 E.03041
G1 X-5.109 Y1.567 E.02946
G1 X-5.192 Y1.267 E.01464
G1 X-5.306 Y.632 E.03034
G1 X-5.344 Y.006 E.02946
G1 X-5.335 Y-.318 E.01526
G1 X-5.308 Y-.619 E.01421
G1 X-5.194 Y-1.255 E.03039
G1 X-5.009 Y-1.861 E.02979
G1 X-4.757 Y-2.435 E.02946
G1 X-4.608 Y-2.708 E.01463
G1 X-4.247 Y-3.242 E.03032
G1 X-3.825 Y-3.732 E.03039
G1 X-3.617 Y-3.934 E.01366
G1 X-3.115 Y-4.342 E.03039
G1 X-2.58 Y-4.679 E.02977
G1 X-1.996 Y-4.957 E.03039
G1 X-1.724 Y-5.059 E.01368
G1 X-1.107 Y-5.228 E.03008
G1 X-.801 Y-5.284 E.01464
G1 X-.158 Y-5.341 E.03034
G1 X.468 Y-5.323 E.02946
G1 X.777 Y-5.287 E.01463
G1 X1.421 Y-5.152 E.03094
G1 X1.699 Y-5.067 E.01366
G1 X2.136 Y-4.89 E.02218
SET_VELOCITY_LIMIT ACCEL=10000
G1 X2.386 Y-5.411 F30000
SET_VELOCITY_LIMIT ACCEL=5000
;TYPE:Outer wall
G1 F7200
G1 X2.547 Y-5.346 E.00814
G1 X3.147 Y-5.016 E.03224
G1 X3.449 Y-4.814 E.01706
G1 X3.997 Y-4.369 E.03319
G1 X4.489 Y-3.862 E.03321
G1 X4.704 Y-3.597 E.01607
G1 X5.099 Y-3.011 E.03321
G1 X5.419 Y-2.387 E.033
G1 X5.658 Y-1.745 E.03223
G1 X5.755 Y-1.395 E.01706
G1 X5.88 Y-.7 E.03319
G1 X5.921 Y-.016 E.03223
G1 X5.912 Y.351 E.01728
G1 X5.881 Y.696 E.01626
G1 X5.756 Y1.391 E.03321
G1 X5.551 Y2.062 E.033
G1 X5.275 Y2.69 E.03224
G1 X5.101 Y3.008 E.01706
G1 X4.707 Y3.593 E.03319
G1 X4.246 Y4.128 E.03321
G1 X4.001 Y4.366 E.01607
G1 X3.452 Y4.811 E.03321
G1 X2.859 Y5.186 E.03299
G1 X2.221 Y5.489 E.03321
G1 X1.901 Y5.608 E.01607
G1 X1.22 Y5.795 E.03322
G1 X.542 Y5.896 E.03223
G1 X.18 Y5.919 E.01706
G1 X-.526 Y5.898 E.03319
G1 X-1.224 Y5.794 E.03321
G1 X-1.561 Y5.713 E.01629
G1 X-1.892 Y5.611 E.01629
G1 X-2.547 Y5.346 E.03322
G1 X-3.147 Y5.016 E.03224
G1 X-3.449 Y4.814 E.01706
G1 X-3.997 Y4.369 E.03319
G1 X-4.486 Y3.866 E.03299
G1 X-4.914 Y3.304 E.03321
G1 X-5.097 Y3.015 E.01607
G1 X-5.419 Y2.387 E.03322
G1 X-5.658 Y1.745 E.03223
G1 X-5.755 Y1.395 E.01706
G1 X-5.88 Y.7 E.03319
G1 X-5.921 Y.016 E.03223
G1 X-5.912 Y-.351 E.01728
G1 X-5.881 Y-.696 E.01626
G1 X-5.756 Y-1.391 E.03321
G1 X-5.551 Y-2.062 E.033
G1 X-5.275 Y-2.69 E.03224
G1 X-5.101 Y-3.008 E.01706
G1 X-4.707 Y-3.593 E.03319
G1 X-4.246 Y-4.128 E.03321
G1 X-4.001 Y-4.366 E.01607
G1 X-3.452 Y-4.811 E.03321
G1 X-2.859 Y-5.186 E.03299
G1 X-2.221 Y-5.489 E.03321
G1 X-1.901 Y-5.609 E.01608
G1 X-1.235 Y-5.791 E.03245
G1 X-.878 Y-5.856 E.01706
G1 X-.175 Y-5.919 E.03319
G1 X.51 Y-5.899 E.03224
G1 X.87 Y-5.858 E.01706
G1 X1.565 Y-5.711 E.0334
G1 X1.892 Y-5.611 E.01607
G1 X2.353 Y-5.425 E.02339
SET_VELOCITY_LIMIT ACCEL=10000
G1 E-1.2 F2100
;WIPE_START
G1 F7200
G1 X2.547 Y-5.346
G1 X3.147 Y-5.016
G1 X3.449 Y-4.814
G1 X3.997 Y-4.369
G1 X4.023 Y-4.343
;WIPE_END
G1 X3.738 Y-.943 Z4.8 F30000
G1 Z4.4
G1 E1.2 F2100
;TYPE:Sparse infill
G1 F6000
G1 X3.658 Y-1.233 E.01412
G1 X3.503 Y-1.621 E.01965
G1 X3.308 Y-1.99 E.01966
G1 X3.073 Y-2.336 E.01965
G1 X2.802 Y-2.655 E.01965
G1 X2.558 Y-2.886 E.01581
G1 X3.938 Y-3.076 E.0655
G1 X3.798 Y-3.249 E.01048
G1 X3.373 Y-3.687 E.0287
G1 X2.9 Y-4.07 E.02861
G1 X2.667 Y-4.226 E.01318
G1 X2.149 Y-4.511 E.0278
G1 X1.583 Y-4.74 E.02873
G1 X1.335 Y-4.816 E.01221
G1 X.722 Y-4.945 E.02947
G1 X.443 Y-4.977 E.01318
G1 X-.121 Y-4.994 E.02657
G1 X-.202 Y-4.407 E.02785
G1 X-.849 Y-3.76 E.04304
G1 X-1.033 Y-3.719 E.00883
G1 X-1.429 Y-3.586 E.01965
G1 X-1.808 Y-3.41 E.01965
G1 X-2.166 Y-3.195 E.01965
G1 X-2.408 Y-3.011 E.01431
G1 X-4.147 Y-2.772 E.08252
G1 X-4.311 Y-2.527 E.01385
G1 X-4.446 Y-2.282 E.01318
G1 X-4.684 Y-1.74 E.0278
G1 X-4.857 Y-1.174 E.02786
G1 X-4.954 Y-.632 E.02586
G1 X-3.738 Y.943 F30000
G1 F6000
G1 X-3.658 Y1.233 E.01412
G1 X-3.503 Y1.621 E.01966
G1 X-3.308 Y1.99 E.01965
G1 X-3.073 Y2.336 E.01965
G1 X-2.802 Y2.655 E.01966
G1 X-2.558 Y2.886 E.01581
G1 X-3.928 Y3.074 E.06502
G1 X-3.785 Y3.262 E.0111
G1 X-3.373 Y3.687 E.02784
G1 X-2.9 Y4.07 E.02861
G1 X-2.667 Y4.226 E.01318
G1 X-2.149 Y4.511 E.0278
G1 X-1.583 Y4.74 E.02873
G1 X-1.047 Y4.887 E.02613
G1 X-.444 Y4.977 E.0287
G1 X.121 Y4.994 E.02659
G1 X.202 Y4.407 E.02785
G1 X.849 Y3.76 E.04304
G1 X1.033 Y3.719 E.00883
G1 X1.429 Y3.586 E.01965
G1 X1.808 Y3.41 E.01966
G1 X2.166 Y3.195 E.01965
G1 X2.408 Y3.011 E.01431
G1 X4.147 Y2.772 E.08252
G1 X4.311 Y2.527 E.01385
G1 X4.446 Y2.282 E.01318
G1 X4.684 Y1.74 E.0278
G1 X4.857 Y1.174 E.02786
G1 X4.954 Y.632 E.02586
;LAYER_CHANGE
;Z:4.6
;HEIGHT:0.2
;BEFORE_LAYER_CHANGE
;4.6
G1 E-1.2 F2100
;WIPE_START
G1 F6000
G1 X4.857 Y1.174
G1 X4.684 Y1.74
G1 X4.446 Y2.282
G1 X4.318 Y2.515
;WIPE_END
;AFTER_LAYER_CHANGE
;4.6
;_SET_FAN_SPEED_CHANGING_LAYER
G17
G3 Z5 I.842 J-.879 P1  F30000
G1 X3.201 Y1.445 Z5
G1 Z4.6
G1 E1.2 F2100
SET_VELOCITY_LIMIT ACCEL=5000
;TYPE:Inner wall
G1 F1550
G1 X3.189 Y1.475 E.00152
G1 X3.01 Y1.811 E.01789
G1 X2.797 Y2.126 E.01789
G1 X2.551 Y2.416 E.01789
G1 X2.275 Y2.678 E.01789
G1 X1.972 Y2.908 E.01789
G1 X1.646 Y3.104 E.01789
G1 X1.3 Y3.264 E.01789
G1 X.94 Y3.385 E.01789
G1 X.568 Y3.467 E.01789
G1 X.19 Y3.508 E.01789
G1 X-.19 Y3.508 E.01789
G1 X-.568 Y3.467 E.01789
G1 X-.94 Y3.385 E.01789
G1 X-1.3 Y3.264 E.01789
G1 X-1.646 Y3.104 E.01789
G1 X-1.972 Y2.908 E.01789
G1 X-2.275 Y2.678 E.01789
G1 X-2.551 Y2.416 E.01789
G1 X-2.797 Y2.126 E.01789
G1 X-3.01 Y1.811 E.01789
G1 X-3.189 Y1.475 E.01789
G1 X-3.329 Y1.122 E.01789
G1 X-3.431 Y.755 E.01789
G1 X-3.493 Y.38 E.01789
G1 X-3.513 Y0 E.01789
G1 X-3.493 Y-.38 E.01789
G1 X-3.431 Y-.755 E.01789
G1 X-3.329 Y-1.122 E.01789
G1 X-3.223 Y-1.39 E.01357
G1 X-3.016 Y-1.802 E.02169
G1 X-2.797 Y-2.126 E.01839
G1 X-2.551 Y-2.416 E.01789
G1 X-2.275 Y-2.678 E.01789
G1 X-1.972 Y-2.908 E.01789
G1 X-1.646 Y-3.104 E.01789
G1 X-1.3 Y-3.264 E.01789
G1 X-.94 Y-3.385 E.01789
G1 X-.568 Y-3.467 E.01789
G1 X-.19 Y-3.508 E.01789
G1 X.19 Y-3.508 E.01789
G1 X.568 Y-3.467 E.01789
G1 X.94 Y-3.385 E.01789
G1 X1.3 Y-3.264 E.01789
G1 X1.646 Y-3.104 E.01789
G1 X1.972 Y-2.908 E.01789
G1 X2.275 Y-2.678 E.01789
G1 X2.551 Y-2.416 E.01789
G1 X2.797 Y-2.126 E.01789
G1 X3.01 Y-1.811 E.01789
G1 X3.189 Y-1.475 E.01789
G1 X3.329 Y-1.122 E.01789
G1 X3.431 Y-.755 E.01789
G1 X3.493 Y-.38 E.01789
G1 X3.508 Y-.092 E.01357
G1 X3.495 Y.369 E.02169
G1 X3.431 Y.755 E.01839
G1 X3.329 Y1.122 E.01789
M73 P64 R1
G1 X3.214 Y1.412 E.01468
SET_VELOCITY_LIMIT ACCEL=10000
G1 X2.664 Y1.233 F30000
SET_VELOCITY_LIMIT ACCEL=5000
;TYPE:Outer wall
G1 F1550
G1 X2.515 Y1.513 E.01495
G1 X2.337 Y1.776 E.01495
G1 X2.131 Y2.019 E.01495
G1 X1.9 Y2.237 E.01495
G1 X1.647 Y2.43 E.01495
G1 X1.375 Y2.594 E.01495
G1 X1.087 Y2.727 E.01495
G1 X.785 Y2.828 E.01495
G1 X.475 Y2.897 E.01495
G1 X.159 Y2.931 E.01495
G1 X-.159 Y2.931 E.01495
G1 X-.475 Y2.897 E.01495
G1 X-.785 Y2.828 E.01495
G1 X-1.087 Y2.727 E.01495
G1 X-1.375 Y2.594 E.01495
G1 X-1.647 Y2.43 E.01495
G1 X-1.9 Y2.237 E.01495
G1 X-2.131 Y2.019 E.01495
G1 X-2.337 Y1.776 E.01495
G1 X-2.515 Y1.513 E.01495
G1 X-2.664 Y1.233 E.01495
G1 X-2.782 Y.937 E.01495
G1 X-2.867 Y.631 E.01495
G1 X-2.918 Y.317 E.01495
G1 X-2.935 Y0 E.01495
G1 X-2.918 Y-.317 E.01495
G1 X-2.867 Y-.631 E.01495
G1 X-2.782 Y-.937 E.01495
G1 X-2.696 Y-1.154 E.01095
G1 X-2.517 Y-1.51 E.01875
G1 X-2.337 Y-1.776 E.01512
G1 X-2.131 Y-2.019 E.01495
G1 X-1.9 Y-2.237 E.01495
G1 X-1.647 Y-2.43 E.01495
G1 X-1.375 Y-2.594 E.01495
G1 X-1.087 Y-2.727 E.01495
G1 X-.785 Y-2.828 E.01495
G1 X-.475 Y-2.897 E.01495
G1 X-.159 Y-2.931 E.01495
G1 X.159 Y-2.931 E.01495
G1 X.475 Y-2.897 E.01495
G1 X.785 Y-2.828 E.01495
G1 X1.087 Y-2.727 E.01495
G1 X1.375 Y-2.594 E.01495
G1 X1.647 Y-2.43 E.01495
G1 X1.9 Y-2.237 E.01495
G1 X2.131 Y-2.019 E.01495
G1 X2.337 Y-1.776 E.01495
G1 X2.515 Y-1.513 E.01495
G1 X2.664 Y-1.233 E.01495
G1 X2.782 Y-.937 E.01495
G1 X2.867 Y-.631 E.01495
G1 X2.918 Y-.317 E.01495
G1 X2.931 Y-.085 E.01095
G1 X2.919 Y.314 E.01875
G1 X2.867 Y.631 E.01512
G1 X2.782 Y.937 E.01495
G1 X2.677 Y1.199 E.01325
SET_VELOCITY_LIMIT ACCEL=10000
G1 E-1.2 F2100
;WIPE_START
G1 F7200
G1 X2.515 Y1.513
G1 X2.337 Y1.776
G1 X2.131 Y2.019
G1 X1.9 Y2.237
G1 X1.647 Y2.43
G1 X1.375 Y2.594
G1 X1.323 Y2.617
;WIPE_END
G1 X2.232 Y-4.961 Z5 F30000
G1 X2.239 Y-5.017 Z5
G1 Z4.6
G1 E1.2 F2100
SET_VELOCITY_LIMIT ACCEL=5000
;TYPE:Inner wall
G1 F1550
G1 X2.352 Y-4.968 E.00581
G1 X2.943 Y-4.642 E.03173
G1 X3.227 Y-4.448 E.01616
G1 X3.709 Y-4.055 E.02924
G1 X4.163 Y-3.588 E.03066
G1 X4.566 Y-3.06 E.03124
G1 X4.726 Y-2.806 E.01408
G1 X5.035 Y-2.204 E.03186
G1 X5.148 Y-1.926 E.01408
G1 X5.345 Y-1.281 E.03173
G1 X5.413 Y-.944 E.01616
G1 X5.486 Y-.326 E.02925
G1 X5.486 Y.336 E.03114
G1 X5.453 Y.678 E.01616
G1 X5.342 Y1.29 E.02925
G1 X5.148 Y1.926 E.03128
G1 X5.031 Y2.213 E.01457
G1 X4.876 Y2.534 E.01678
G1 X4.558 Y3.069 E.02925
G1 X4.163 Y3.588 E.03066
G1 X3.709 Y4.055 E.03062
G1 X3.193 Y4.473 E.03124
G1 X2.937 Y4.646 E.01457
G1 X2.628 Y4.826 E.01678
G1 X2.057 Y5.097 E.02973
G1 X1.733 Y5.215 E.0162
G1 X1.133 Y5.377 E.02924
G1 X.488 Y5.474 E.03066
G1 X-.176 Y5.493 E.03124
G1 X-.475 Y5.476 E.01408
G1 X-1.145 Y5.376 E.03186
G1 X-1.436 Y5.305 E.01408
G1 X-2.065 Y5.093 E.03124
G1 X-2.663 Y4.808 E.03111
G1 X-2.957 Y4.631 E.01616
G1 X-3.462 Y4.268 E.02925
G1 X-3.951 Y3.821 E.03114
G1 X-4.181 Y3.566 E.01616
G1 X-4.558 Y3.071 E.02925
G1 X-4.889 Y2.509 E.03066
G1 X-5.152 Y1.914 E.03062
G1 X-5.345 Y1.281 E.03111
G1 X-5.413 Y.944 E.01616
G1 X-5.486 Y.326 E.02925
G1 X-5.486 Y-.336 E.03114
G1 X-5.453 Y-.678 E.01616
G1 X-5.342 Y-1.29 E.02925
G1 X-5.148 Y-1.926 E.03128
G1 X-5.031 Y-2.213 E.01457
G1 X-4.876 Y-2.534 E.01678
G1 X-4.558 Y-3.069 E.02925
G1 X-4.163 Y-3.588 E.03066
G1 X-3.709 Y-4.055 E.03062
G1 X-3.204 Y-4.465 E.03062
G1 X-2.653 Y-4.813 E.03062
G1 X-2.053 Y-5.098 E.03124
G1 X-1.773 Y-5.203 E.01408
G1 X-1.119 Y-5.381 E.03186
G1 X-.825 Y-5.434 E.01408
G1 X-.153 Y-5.494 E.03173
G1 X.191 Y-5.492 E.01616
G1 X.811 Y-5.435 E.02925
G1 X1.449 Y-5.301 E.03066
G1 X2.078 Y-5.088 E.03124
G1 X2.206 Y-5.032 E.00657
SET_VELOCITY_LIMIT ACCEL=10000
G1 X2.471 Y-5.546 F30000
SET_VELOCITY_LIMIT ACCEL=5000
;TYPE:Outer wall
G1 F1550
G1 X2.608 Y-5.485 E.00702
G1 X3.245 Y-5.134 E.03423
G1 X3.572 Y-4.911 E.0186
G1 X4.099 Y-4.481 E.03198
G1 X4.601 Y-3.965 E.03385
G1 X5.04 Y-3.389 E.03406
G1 X5.227 Y-3.093 E.0165
G1 X5.56 Y-2.444 E.03427
G1 X5.692 Y-2.119 E.0165
G1 X5.905 Y-1.423 E.03423
G1 X5.984 Y-1.035 E.0186
G1 X6.063 Y-.36 E.03198
G1 X6.063 Y.363 E.03402
G1 X6.025 Y.757 E.0186
G1 X5.904 Y1.426 E.03198
G1 X5.692 Y2.119 E.03407
G1 X5.559 Y2.448 E.01667
G1 X5.385 Y2.808 E.01882
G1 X5.038 Y3.393 E.03198
G1 X4.601 Y3.965 E.03385
G1 X4.1 Y4.481 E.03384
G1 X3.537 Y4.938 E.03405
G1 X3.243 Y5.136 E.01667
G1 X2.897 Y5.337 E.01882
G1 X2.28 Y5.63 E.03215
G1 X1.908 Y5.765 E.01862
G1 X1.251 Y5.943 E.03198
G1 X.539 Y6.05 E.03385
G1 X-.185 Y6.071 E.03406
G1 X-.535 Y6.05 E.0165
G1 X-1.256 Y5.943 E.03427
G1 X-1.597 Y5.86 E.0165
G1 X-2.283 Y5.628 E.03406
G1 X-2.936 Y5.317 E.03401
G1 X-3.275 Y5.114 E.0186
G1 X-3.827 Y4.716 E.03198
G1 X-4.36 Y4.228 E.03402
M73 P65 R1
G1 X-4.626 Y3.935 E.0186
G1 X-5.037 Y3.393 E.03198
G1 X-5.403 Y2.773 E.03385
G1 X-5.693 Y2.115 E.03384
G1 X-5.905 Y1.423 E.03401
G1 X-5.984 Y1.035 E.0186
G1 X-6.063 Y.36 E.03198
G1 X-6.063 Y-.363 E.03402
G1 X-6.025 Y-.757 E.0186
G1 X-5.904 Y-1.426 E.03198
G1 X-5.692 Y-2.119 E.03407
G1 X-5.559 Y-2.448 E.01667
G1 X-5.385 Y-2.808 E.01882
G1 X-5.038 Y-3.393 E.03198
G1 X-4.601 Y-3.965 E.03385
G1 X-4.1 Y-4.481 E.03384
G1 X-3.541 Y-4.935 E.03384
G1 X-2.932 Y-5.319 E.03384
G1 X-2.278 Y-5.63 E.03405
G1 X-1.95 Y-5.752 E.0165
G1 X-1.247 Y-5.945 E.03427
G1 X-.901 Y-6.007 E.0165
G1 X-.176 Y-6.071 E.03423
G1 X.219 Y-6.069 E.0186
G1 X.896 Y-6.007 E.03198
G1 X1.601 Y-5.859 E.03385
G1 X2.287 Y-5.627 E.03406
G1 X2.438 Y-5.56 E.00778
SET_VELOCITY_LIMIT ACCEL=10000
G1 E-1.2 F2100
;WIPE_START
G1 F7200
G1 X2.608 Y-5.485
G1 X3.245 Y-5.134
G1 X3.572 Y-4.911
G1 X4.099 Y-4.481
G1 X4.107 Y-4.473
;WIPE_END
G1 X3.764 Y-.852 Z5 F30000
G1 Z4.6
G1 E1.2 F2100
;TYPE:Sparse infill
G1 F1550
G1 X3.658 Y-1.233 E.01859
G1 X3.503 Y-1.621 E.01966
G1 X3.308 Y-1.99 E.01965
G1 X3.073 Y-2.336 E.01966
G1 X2.802 Y-2.655 E.01965
G1 X2.627 Y-2.82 E.01134
G1 X3.935 Y-3.315 E.06575
G1 X3.9 Y-3.361 E.00272
G1 X3.474 Y-3.8 E.02874
G1 X3.019 Y-4.17 E.02761
G1 X2.761 Y-4.347 E.0147
G1 X2.198 Y-4.657 E.03023
G1 X1.952 Y-4.765 E.01263
G1 X1.357 Y-4.967 E.02955
G1 X.759 Y-5.092 E.02874
G1 X.174 Y-5.146 E.02761
G1 X-.28 Y-5.135 E.02139
G1 X-.556 Y-4.407 E.0366
G1 X-1.35 Y-3.612 E.05284
G1 X-1.808 Y-3.41 E.02353
G1 X-2.01 Y-3.289 E.01107
G1 X-4.407 Y-2.382 E.12053
G1 X-4.713 Y-2.077 E.02033
G1 X-4.821 Y-1.81 E.01352
G1 X-5.005 Y-1.208 E.0296
G1 X-5.11 Y-.631 E.02761
G1 X-5.14 Y-.319 E.0147
G1 X-5.14 Y.172 E.02312
G1 X-3.764 Y.852 F30000
G1 F1550
G1 X-3.658 Y1.233 E.01859
G1 X-3.503 Y1.621 E.01966
G1 X-3.308 Y1.99 E.01965
G1 X-3.073 Y2.336 E.01965
G1 X-2.802 Y2.655 E.01965
G1 X-2.627 Y2.82 E.01134
G1 X-3.936 Y3.316 E.06581
G1 X-3.705 Y3.577 E.0164
G1 X-3.243 Y3.999 E.02942
G1 X-2.767 Y4.342 E.02761
G1 X-2.499 Y4.503 E.0147
G1 X-1.935 Y4.771 E.02936
G1 X-1.34 Y4.972 E.02955
G1 X-1.079 Y5.035 E.01263
G1 X-.439 Y5.131 E.03041
G1 X-.171 Y5.147 E.01263
G1 X.281 Y5.133 E.02125
G1 X.556 Y4.407 E.03652
G1 X1.35 Y3.612 E.05284
G1 X1.808 Y3.41 E.02353
G1 X2.01 Y3.289 E.01107
G1 X4.407 Y2.382 E.12053
G1 X4.713 Y2.077 E.02033
G1 X4.821 Y1.81 E.01352
G1 X5.005 Y1.208 E.0296
G1 X5.11 Y.631 E.02761
G1 X5.14 Y.319 E.0147
G1 X5.14 Y-.172 E.02312
;LAYER_CHANGE
;Z:4.62
;HEIGHT:0.02
;BEFORE_LAYER_CHANGE
;4.62
G1 E-1.2 F2100
;WIPE_START
G1 F6000
G1 X5.14 Y.319
G1 X5.11 Y.631
G1 X5.005 Y1.208
G1 X4.827 Y1.79
;WIPE_END
;AFTER_LAYER_CHANGE
;4.62
;_SET_FAN_SPEED_CHANGING_LAYER
G17
G3 Z5.02 I-.674 J1.013 P1  F30000
G1 X6.955 Y3.206 Z5.02
G1 Z4.62
G1 E1.2 F2100
;TYPE:Support interface
;HEIGHT:0.41
G1 F2400
M106 S255
G1 X6.82 Y3.489 E.02788
G1 X6.811 Y3.507 E.00181
G1 X6.601 Y3.887 E.03854
G1 X6.591 Y3.904 E.00181
G1 X6.49 Y4.065 E.01689
G1 X6.49 Y6.154 E.18565
G1 X6.154 Y6.154 E.02981
G1 X6.154 Y9.231 E.27347
G1 X5.562 Y9.231 E.05259
G1 X5.562 Y5.265 E.35253
G1 X5.504 Y5.329 E.00773
G1 X5.49 Y5.343 E.00181
G1 X5.178 Y5.645 E.03854
G1 X5.163 Y5.659 E.00181
G1 X4.835 Y5.942 E.03854
G1 X4.819 Y5.955 E.00181
G1 X4.635 Y6.095 E.02053
G1 X4.635 Y9.231 E.2787
G1 X3.708 Y9.231 E.08239
G1 X3.708 Y6.703 E.22466
G1 X3.707 Y6.704 E.00009
G1 X3.69 Y6.714 E.00181
G1 X3.304 Y6.912 E.03854
G1 X3.285 Y6.92 E.00181
G1 X2.889 Y7.095 E.03853
G1 X2.87 Y7.103 E.00181
G1 X2.781 Y7.136 E.00839
G1 X2.781 Y9.231 E.18623
G1 X1.854 Y9.231 E.08239
G1 X1.854 Y7.43 E.16008
G1 X1.588 Y7.494 E.02434
M73 P66 R1
G1 X1.568 Y7.499 E.00181
G1 X1.141 Y7.575 E.03854
G1 X1.121 Y7.578 E.00181
G1 X.927 Y7.601 E.01735
G1 X.927 Y9.231 E.14485
G1 X0 Y9.231 E.08239
G1 X0 Y7.658 E.13985
G1 X-.217 Y7.658 E.01927
G1 X-.237 Y7.657 E.00181
G1 X-.67 Y7.631 E.03854
G1 X-.69 Y7.63 E.00181
G1 X-.927 Y7.601 E.02118
G1 X-.927 Y9.231 E.14485
G1 X-1.854 Y9.231 E.08239
G1 X-1.854 Y7.43 E.16008
G1 X-2.009 Y7.392 E.0142
G1 X-2.029 Y7.387 E.00181
G1 X-2.444 Y7.26 E.03854
G1 X-2.463 Y7.254 E.00181
G1 X-2.66 Y7.181 E.01863
G1 X-2.781 Y7.136 E.01153
G1 X-2.781 Y9.231 E.18623
G1 X-3.708 Y9.231 E.08239
G1 X-3.708 Y6.703 E.22466
G1 X-4.081 Y6.483 E.03845
G1 X-4.098 Y6.472 E.00181
G1 X-4.458 Y6.23 E.03854
G1 X-4.474 Y6.218 E.00181
G1 X-4.635 Y6.095 E.01801
G1 X-4.635 Y9.231 E.2787
G1 X-5.562 Y9.231 E.08239
G1 X-5.562 Y5.265 E.35253
G1 X-5.796 Y5.009 E.0308
G1 X-5.81 Y4.993 E.00181
G1 X-6.083 Y4.657 E.03854
G1 X-6.095 Y4.64 E.00181
G1 X-6.348 Y4.288 E.03854
G1 X-6.36 Y4.271 E.00181
G1 X-6.49 Y4.065 E.02164
G1 X-6.49 Y6.154 E.18565
G1 X-7.417 Y6.154 E.08239
G1 X-7.417 Y1.909 E.37724
G1 X-7.444 Y1.809 E.00923
G1 X-7.449 Y1.789 E.00181
G1 X-7.538 Y1.365 E.03854
G1 X-7.542 Y1.345 E.00181
G1 X-7.606 Y.916 E.03854
G1 X-7.608 Y.896 E.00181
G1 X-7.647 Y.464 E.03854
G1 X-7.648 Y.444 E.00181
G1 X-7.661 Y.01 E.03854
G1 X-7.661 Y-.01 E.00181
G1 X-7.648 Y-.444 E.03854
G1 X-7.647 Y-.464 E.00181
G1 X-7.608 Y-.896 E.03854
G1 X-7.606 Y-.916 E.00181
G1 X-7.542 Y-1.345 E.03854
G1 X-7.538 Y-1.365 E.00181
G1 X-7.449 Y-1.789 E.03854
G1 X-7.444 Y-1.809 E.00181
G1 X-7.417 Y-1.909 E.00923
G1 X-7.417 Y-6.154 E.37724
G1 X-8.344 Y-6.154 E.08239
G1 X-8.344 Y6.154 E1.09387
G1 X-9.231 Y6.154 E.07888
G1 X-9.231 Y-6.154 E1.09387
G1 X-8.632 Y-6.154 E.05323
G1 E-1.2 F2100
;WIPE_START
G1 F2400
G1 X-9.231 Y-6.154
G1 X-9.231 Y-4.753
;WIPE_END
G1 X-6.955 Y-3.206 Z5.02 F30000
G1 Z4.62
G1 E1.2 F2100
G1 F2400
G1 X-6.82 Y-3.489 E.02788
G1 X-6.811 Y-3.507 E.00181
G1 X-6.601 Y-3.887 E.03854
G1 X-6.591 Y-3.904 E.00181
G1 X-6.49 Y-4.065 E.01689
G1 X-6.49 Y-6.154 E.18565
G1 X-6.154 Y-6.154 E.02981
G1 X-6.154 Y-9.231 E.27347
G1 X-5.562 Y-9.231 E.05259
G1 X-5.562 Y-5.265 E.35253
G1 X-5.504 Y-5.329 E.00773
G1 X-5.49 Y-5.343 E.00181
G1 X-5.178 Y-5.645 E.03854
G1 X-5.163 Y-5.659 E.00181
G1 X-4.835 Y-5.942 E.03854
G1 X-4.819 Y-5.955 E.00181
G1 X-4.635 Y-6.095 E.02053
G1 X-4.635 Y-9.231 E.2787
G1 X-3.708 Y-9.231 E.08239
G1 X-3.708 Y-6.703 E.22466
G1 X-3.707 Y-6.704 E.00009
G1 X-3.69 Y-6.714 E.00181
G1 X-3.304 Y-6.912 E.03854
G1 X-3.285 Y-6.92 E.00181
G1 X-2.889 Y-7.095 E.03853
G1 X-2.87 Y-7.103 E.00181
G1 X-2.781 Y-7.136 E.00839
G1 X-2.781 Y-9.231 E.18623
G1 X-1.854 Y-9.231 E.08239
G1 X-1.854 Y-7.43 E.16008
G1 X-1.588 Y-7.494 E.02434
G1 X-1.568 Y-7.499 E.00181
G1 X-1.141 Y-7.575 E.03854
G1 X-1.121 Y-7.578 E.00181
G1 X-.927 Y-7.601 E.01735
G1 X-.927 Y-9.231 E.14485
G1 X0 Y-9.231 E.08239
G1 X0 Y-7.658 E.13985
G1 X.217 Y-7.658 E.01927
G1 X.237 Y-7.657 E.00181
G1 X.446 Y-7.645 E.01863
G1 X.67 Y-7.631 E.01991
G1 X.69 Y-7.63 E.00181
G1 X.927 Y-7.601 E.02118
G1 X.927 Y-9.231 E.14485
G1 X1.854 Y-9.231 E.08239
G1 X1.854 Y-7.43 E.16008
G1 X2.009 Y-7.392 E.0142
G1 X2.029 Y-7.387 E.00181
G1 X2.444 Y-7.26 E.03854
G1 X2.463 Y-7.254 E.00181
G1 X2.66 Y-7.181 E.01863
G1 X2.781 Y-7.136 E.01153
G1 X2.781 Y-9.231 E.18623
G1 X3.708 Y-9.231 E.08239
M73 P67 R1
G1 X3.708 Y-6.703 E.22466
G1 X4.081 Y-6.483 E.03845
G1 X4.098 Y-6.472 E.00181
G1 X4.458 Y-6.23 E.03854
G1 X4.474 Y-6.218 E.00181
G1 X4.635 Y-6.095 E.01801
G1 X4.635 Y-9.231 E.2787
G1 X5.562 Y-9.231 E.08239
G1 X5.562 Y-5.265 E.35253
G1 X5.796 Y-5.009 E.0308
G1 X5.81 Y-4.993 E.00181
G1 X6.083 Y-4.657 E.03854
G1 X6.095 Y-4.64 E.00181
G1 X6.348 Y-4.288 E.03854
G1 X6.36 Y-4.271 E.00181
G1 X6.49 Y-4.065 E.02164
G1 X6.49 Y-6.154 E.18565
G1 X7.417 Y-6.154 E.08239
G1 X7.417 Y-1.909 E.37724
G1 X7.444 Y-1.809 E.00923
G1 X7.449 Y-1.789 E.00181
G1 X7.538 Y-1.365 E.03854
G1 X7.542 Y-1.345 E.00181
G1 X7.606 Y-.916 E.03854
G1 X7.608 Y-.896 E.00181
G1 X7.647 Y-.464 E.03854
G1 X7.648 Y-.444 E.00181
G1 X7.661 Y-.01 E.03854
G1 X7.661 Y.01 E.00181
G1 X7.648 Y.444 E.03854
G1 X7.647 Y.464 E.00181
G1 X7.608 Y.896 E.03854
G1 X7.606 Y.916 E.00181
G1 X7.542 Y1.345 E.03854
G1 X7.538 Y1.365 E.00181
G1 X7.449 Y1.789 E.03854
G1 X7.444 Y1.809 E.00181
G1 X7.417 Y1.909 E.00923
G1 X7.417 Y6.154 E.37724
G1 X8.344 Y6.154 E.08239
G1 X8.344 Y-6.154 E1.09387
G1 X9.231 Y-6.154 E.07888
G1 X9.231 Y6.154 E1.09387
G1 X8.632 Y6.154 E.05324
;LAYER_CHANGE
;Z:4.8
;HEIGHT:0.18
;BEFORE_LAYER_CHANGE
;4.8
G1 E-1.2 F2100
;WIPE_START
G1 F2400
G1 X9.231 Y6.154
G1 X9.231 Y4.753
;WIPE_END
;AFTER_LAYER_CHANGE
;4.8
;_SET_FAN_SPEED_CHANGING_LAYER
G17
G3 Z5.2 I.585 J-1.067 P1  F30000
G1 X3.201 Y1.445 Z5.2
G1 Z4.8
G1 E1.2 F2100
SET_VELOCITY_LIMIT ACCEL=5000
;TYPE:Inner wall
;HEIGHT:0.2
G1 F9000
M106 S255
G1 X3.189 Y1.475 E.00152
G1 X3.01 Y1.811 E.01789
G1 X2.797 Y2.126 E.01789
G1 X2.551 Y2.416 E.01789
G1 X2.275 Y2.678 E.01789
G1 X1.972 Y2.908 E.01789
G1 X1.646 Y3.104 E.01789
G1 X1.4 Y3.218 E.01273
G1 X.952 Y3.383 E.02245
G1 X.568 Y3.467 E.01847
G1 X.19 Y3.508 E.01789
G1 X-.19 Y3.508 E.01789
G1 X-.568 Y3.467 E.01789
G1 X-.94 Y3.385 E.01789
G1 X-1.3 Y3.264 E.01789
G1 X-1.646 Y3.104 E.01789
G1 X-1.972 Y2.908 E.01789
G1 X-2.275 Y2.678 E.01789
G1 X-2.551 Y2.416 E.01789
G1 X-2.797 Y2.126 E.01789
G1 X-3.01 Y1.811 E.01789
G1 X-3.189 Y1.475 E.01789
G1 X-3.329 Y1.122 E.01789
G1 X-3.431 Y.755 E.01789
G1 X-3.493 Y.38 E.01789
G1 X-3.513 Y0 E.01789
G1 X-3.493 Y-.38 E.01789
G1 X-3.431 Y-.755 E.01789
G1 X-3.329 Y-1.122 E.01789
G1 X-3.189 Y-1.475 E.01789
G1 X-3.01 Y-1.811 E.01789
G1 X-2.859 Y-2.035 E.01273
G1 X-2.56 Y-2.408 E.02245
G1 X-2.275 Y-2.678 E.01847
G1 X-1.972 Y-2.908 E.01789
G1 X-1.646 Y-3.104 E.01789
G1 X-1.4 Y-3.218 E.01273
G1 X-.952 Y-3.383 E.02245
G1 X-.568 Y-3.467 E.01847
G1 X-.19 Y-3.508 E.01789
G1 X.19 Y-3.508 E.01789
G1 X.568 Y-3.467 E.01789
G1 X.94 Y-3.385 E.01789
G1 X1.3 Y-3.264 E.01789
G1 X1.646 Y-3.104 E.01789
G1 X1.972 Y-2.908 E.01789
G1 X2.275 Y-2.678 E.01789
G1 X2.551 Y-2.416 E.01789
G1 X2.797 Y-2.126 E.01789
G1 X3.01 Y-1.811 E.01789
G1 X3.189 Y-1.475 E.01789
G1 X3.329 Y-1.122 E.01789
G1 X3.431 Y-.755 E.01789
G1 X3.493 Y-.38 E.01789
G1 X3.513 Y0 E.01789
G1 X3.493 Y.38 E.01789
G1 X3.449 Y.647 E.01273
G1 X3.334 Y1.11 E.02245
G1 X3.214 Y1.412 E.01525
SET_VELOCITY_LIMIT ACCEL=10000
G1 X2.664 Y1.233 F30000
SET_VELOCITY_LIMIT ACCEL=5000
;TYPE:Outer wall
G1 F7200
G1 X2.515 Y1.513 E.01495
G1 X2.337 Y1.776 E.01495
G1 X2.131 Y2.019 E.01495
G1 X1.9 Y2.237 E.01495
G1 X1.647 Y2.43 E.01495
G1 X1.375 Y2.594 E.01495
G1 X1.179 Y2.684 E.01016
G1 X.79 Y2.828 E.01951
G1 X.475 Y2.897 E.01515
G1 X.159 Y2.931 E.01495
G1 X-.159 Y2.931 E.01495
G1 X-.475 Y2.897 E.01495
G1 X-.785 Y2.828 E.01495
G1 X-1.087 Y2.727 E.01495
G1 X-1.375 Y2.594 E.01495
G1 X-1.647 Y2.43 E.01495
G1 X-1.9 Y2.237 E.01495
G1 X-2.131 Y2.019 E.01495
G1 X-2.337 Y1.776 E.01495
G1 X-2.515 Y1.513 E.01495
G1 X-2.664 Y1.233 E.01495
G1 X-2.782 Y.937 E.01495
G1 X-2.867 Y.631 E.01495
G1 X-2.918 Y.317 E.01495
G1 X-2.935 Y0 E.01495
G1 X-2.918 Y-.317 E.01495
G1 X-2.867 Y-.631 E.01495
G1 X-2.782 Y-.937 E.01495
G1 X-2.664 Y-1.233 E.01495
G1 X-2.515 Y-1.513 E.01495
G1 X-2.134 Y-2.016 E.02965
G1 X-1.9 Y-2.237 E.01515
G1 X-1.647 Y-2.43 E.01495
G1 X-1.375 Y-2.594 E.01495
G1 X-.79 Y-2.828 E.02965
G1 X-.475 Y-2.897 E.01515
G1 X-.159 Y-2.931 E.01495
G1 X.159 Y-2.931 E.01495
G1 X.475 Y-2.897 E.01495
G1 X.785 Y-2.828 E.01495
G1 X1.087 Y-2.727 E.01495
G1 X1.375 Y-2.594 E.01495
G1 X1.647 Y-2.43 E.01495
G1 X1.9 Y-2.237 E.01495
G1 X2.131 Y-2.019 E.01495
G1 X2.337 Y-1.776 E.01495
G1 X2.515 Y-1.513 E.01495
G1 X2.664 Y-1.233 E.01495
G1 X2.782 Y-.937 E.01495
G1 X2.867 Y-.631 E.01495
G1 X2.918 Y-.317 E.01495
G1 X2.935 Y0 E.01495
G1 X2.918 Y.317 E.01495
G1 X2.783 Y.933 E.02965
G1 X2.677 Y1.199 E.01346
SET_VELOCITY_LIMIT ACCEL=10000
G1 E-1.2 F2100
;WIPE_START
G1 F7200
G1 X2.515 Y1.513
G1 X2.337 Y1.776
G1 X2.131 Y2.019
G1 X1.9 Y2.237
G1 X1.647 Y2.43
G1 X1.375 Y2.594
G1 X1.323 Y2.617
;WIPE_END
G1 X2.303 Y-4.952 Z5.2 F30000
G1 X2.336 Y-5.212 Z5.2
G1 Z4.8
G1 E1.2 F2100
SET_VELOCITY_LIMIT ACCEL=5000
;TYPE:Inner wall
G1 F9000
G1 X2.463 Y-5.16 E.00643
G1 X2.914 Y-4.917 E.02412
G1 X3.33 Y-4.649 E.02326
G1 X3.859 Y-4.219 E.03208
G1 X4.331 Y-3.733 E.03186
G1 X4.75 Y-3.184 E.03248
G1 X4.919 Y-2.916 E.01489
G1 X5.164 Y-2.45 E.02474
G1 X5.359 Y-1.995 E.02326
G1 X5.559 Y-1.339 E.03227
G1 X5.654 Y-.835 E.02412
G1 X5.708 Y-.343 E.02326
G1 X5.708 Y.352 E.0327
G1 X5.68 Y.663 E.0147
G1 X5.558 Y1.343 E.03248
G1 X5.356 Y2.004 E.03248
G1 X5.239 Y2.293 E.0147
G1 X4.917 Y2.919 E.0331
G1 X4.75 Y3.184 E.0147
G1 X4.331 Y3.733 E.03248
G1 X3.859 Y4.219 E.03186
G1 X3.33 Y4.648 E.03205
G1 X2.899 Y4.926 E.02412
G1 X2.463 Y5.16 E.02326
G1 X1.831 Y5.417 E.03208
G1 X1.178 Y5.595 E.03186
G1 X.495 Y5.697 E.03247
G1 X.183 Y5.716 E.0147
G1 X-.512 Y5.695 E.03267
G1 X-1.02 Y5.624 E.02412
G1 X-1.503 Y5.517 E.02326
G1 X-2.153 Y5.297 E.03227
G1 X-2.618 Y5.081 E.02412
G1 X-3.048 Y4.838 E.02326
G1 X-3.603 Y4.44 E.03208
G1 X-4.112 Y3.974 E.03248
G1 X-4.323 Y3.743 E.0147
G1 X-4.75 Y3.184 E.0331
G1 X-4.919 Y2.916 E.01489
G1 X-5.164 Y2.45 E.02474
G1 X-5.359 Y1.995 E.02326
G1 X-5.559 Y1.339 E.03227
G1 X-5.654 Y.835 E.02412
G1 X-5.708 Y.343 E.02326
G1 X-5.708 Y-.352 E.0327
G1 X-5.68 Y-.663 E.0147
G1 X-5.558 Y-1.343 E.03248
G1 X-5.356 Y-2.004 E.03248
G1 X-5.239 Y-2.293 E.0147
G1 X-4.917 Y-2.919 E.0331
G1 X-4.75 Y-3.184 E.0147
G1 X-4.331 Y-3.733 E.03248
G1 X-3.859 Y-4.219 E.03186
G1 X-3.33 Y-4.648 E.03205
G1 X-2.899 Y-4.926 E.02412
G1 X-2.463 Y-5.16 E.02326
G1 X-1.819 Y-5.422 E.0327
G1 X-1.52 Y-5.513 E.0147
G1 X-.844 Y-5.655 E.03248
G1 X-.165 Y-5.716 E.03205
G1 X.347 Y-5.705 E.02412
G1 X.84 Y-5.656 E.02326
G1 X1.52 Y-5.513 E.0327
G1 X1.819 Y-5.422 E.0147
G1 X2.303 Y-5.225 E.02455
SET_VELOCITY_LIMIT ACCEL=10000
G1 X2.553 Y-5.747 F30000
SET_VELOCITY_LIMIT ACCEL=5000
;TYPE:Outer wall
G1 F5100
G1 X2.709 Y-5.683 E.00793
G1 X3.208 Y-5.414 E.02666
G1 X3.669 Y-5.116 E.02581
G1 X4.25 Y-4.645 E.03517
G1 X4.769 Y-4.11 E.03505
G1 X5.225 Y-3.513 E.03533
G1 X5.42 Y-3.205 E.01714
G1 X5.685 Y-2.698 E.0269
G1 X5.901 Y-2.194 E.02579
G1 X6.12 Y-1.477 E.03525
G1 X6.226 Y-.92 E.02666
G1 X6.285 Y-.375 E.02578
G1 X6.285 Y.378 E.03541
G1 X6.252 Y.74 E.01709
G1 X6.12 Y1.479 E.0353
G1 X5.9 Y2.197 E.03531
G1 X5.764 Y2.534 E.01709
G1 X5.419 Y3.206 E.03552
G1 X5.225 Y3.513 E.01708
G1 X4.769 Y4.11 E.03533
G1 X4.25 Y4.645 E.03505
G1 X3.669 Y5.116 E.03517
G1 X3.192 Y5.423 E.02667
M73 P68 R1
G1 X2.709 Y5.683 E.02579
G1 X2.016 Y5.964 E.03517
G1 X1.297 Y6.161 E.03506
G1 X.555 Y6.272 E.03528
G1 X.191 Y6.293 E.01715
G1 X-.56 Y6.271 E.03533
G1 X-1.122 Y6.192 E.02669
G1 X-1.658 Y6.074 E.02581
G1 X-2.368 Y5.834 E.03524
G1 X-2.882 Y5.595 E.02666
G1 X-3.36 Y5.325 E.02582
G1 X-3.967 Y4.889 E.03514
G1 X-4.521 Y4.382 E.03531
G1 X-4.766 Y4.114 E.01708
G1 X-5.225 Y3.513 E.03556
G1 X-5.42 Y3.205 E.01714
G1 X-5.685 Y2.698 E.0269
G1 X-5.901 Y2.194 E.02579
G1 X-6.12 Y1.477 E.03525
G1 X-6.226 Y.92 E.02666
G1 X-6.285 Y.375 E.02578
G1 X-6.285 Y-.378 E.03541
G1 X-6.252 Y-.74 E.01709
G1 X-6.12 Y-1.479 E.0353
G1 X-5.9 Y-2.197 E.03531
G1 X-5.764 Y-2.534 E.01709
G1 X-5.419 Y-3.206 E.03552
G1 X-5.225 Y-3.513 E.01708
G1 X-4.769 Y-4.11 E.03533
G1 X-4.25 Y-4.645 E.03505
G1 X-3.669 Y-5.116 E.03517
G1 X-3.192 Y-5.423 E.02667
G1 X-2.709 Y-5.683 E.02579
G1 X-2.012 Y-5.966 E.03537
G1 X-1.664 Y-6.072 E.01711
G1 X-.93 Y-6.227 E.03528
G1 X-.185 Y-6.293 E.03517
G1 X.382 Y-6.282 E.02667
G1 X.928 Y-6.227 E.02581
G1 X1.664 Y-6.072 E.03537
G1 X2.012 Y-5.966 E.01711
G1 X2.52 Y-5.76 E.02578
SET_VELOCITY_LIMIT ACCEL=10000
G1 E-1.2 F2100
;WIPE_START
G1 F5100
G1 X2.709 Y-5.683
G1 X3.208 Y-5.414
G1 X3.669 Y-5.116
G1 X4.197 Y-4.688
;WIPE_END
G1 X3.777 Y-.787 Z5.2 F30000
G1 Z4.8
G1 E1.2 F2100
;TYPE:Sparse infill
G1 F6000
G1 X3.658 Y-1.233 E.02167
G1 X3.503 Y-1.621 E.01966
G1 X3.308 Y-1.99 E.01965
G1 X3.073 Y-2.336 E.01966
G1 X2.802 Y-2.655 E.01965
G1 X2.675 Y-2.775 E.00825
G1 X3.989 Y-3.588 E.07265
G1 X3.625 Y-3.963 E.02454
G1 X3.126 Y-4.368 E.03023
G1 X2.738 Y-4.619 E.02174
G1 X2.315 Y-4.847 E.02258
G1 X1.703 Y-5.095 E.03106
G1 X1.434 Y-5.177 E.01325
G1 X.787 Y-5.313 E.03109
G1 X.327 Y-5.359 E.02173
G1 X-.153 Y-5.369 E.02258
G1 X-.323 Y-5.354 E.00801
G1 X-.909 Y-4.407 E.05237
G1 X-1.469 Y-3.847 E.03722
G1 X-4.407 Y-2.029 E.16248
G1 X-4.967 Y-1.469 E.03722
G1 X-5.272 Y-.976 E.02727
G1 X-5.336 Y-.617 E.01714
G1 X-5.361 Y-.336 E.01325
G1 X-5.361 Y.325 E.03109
G1 X-5.312 Y.784 E.02174
G1 X-5.205 Y1.312 E.02531
G1 X-3.777 Y.787 F30000
G1 F6000
G1 X-3.658 Y1.233 E.02167
G1 X-3.503 Y1.621 E.01966
G1 X-3.308 Y1.99 E.01965
G1 X-3.073 Y2.336 E.01965
G1 X-2.802 Y2.655 E.01965
G1 X-2.675 Y2.775 E.00825
G1 X-3.993 Y3.591 E.07289
G1 X-3.867 Y3.729 E.00877
G1 X-3.384 Y4.171 E.03078
G1 X-2.862 Y4.545 E.03023
G1 X-2.459 Y4.773 E.02174
G1 X-2.024 Y4.975 E.02258
G1 X-1.41 Y5.183 E.0305
G1 X-.958 Y5.283 E.02174
G1 X-.483 Y5.349 E.02258
G1 X.319 Y5.361 E.0377
G1 X.909 Y4.407 E.05274
G1 X1.469 Y3.847 E.03722
G1 X4.407 Y2.029 E.16248
G1 X4.967 Y1.469 E.03722
G1 X5.272 Y.976 E.02727
G1 X5.336 Y.617 E.01714
G1 X5.361 Y.336 E.01325
G1 X5.361 Y-.325 E.03109
G1 X5.312 Y-.784 E.02174
G1 X5.205 Y-1.312 E.02531
;LAYER_CHANGE
;Z:4.82
;HEIGHT:0.02
;BEFORE_LAYER_CHANGE
;4.82
G1 E-1.2 F2100
;WIPE_START
G1 F6000
G1 X5.312 Y-.784
G1 X5.361 Y-.325
G1 X5.361 Y.336
G1 X5.336 Y.617
G1 X5.326 Y.673
;WIPE_END
;AFTER_LAYER_CHANGE
;4.82
;_SET_FAN_SPEED_CHANGING_LAYER
G17
G3 Z5.22 I-1.024 J.658 P1  F30000
G1 X6.955 Y3.206 Z5.22
G1 Z4.82
G1 E1.2 F2100
;TYPE:Support interface
;HEIGHT:0.2
G1 F2400
M106 S255
G1 X6.82 Y3.489 E.01475
G1 X6.811 Y3.507 E.00096
G1 X6.601 Y3.887 E.02039
G1 X6.591 Y3.905 E.00096
G1 X6.49 Y4.065 E.00894
G1 X6.49 Y6.154 E.09823
G1 X6.154 Y6.154 E.01577
G1 X6.154 Y9.231 E.1447
G1 X5.562 Y9.231 E.02782
G1 X5.562 Y5.265 E.18653
G1 X5.504 Y5.329 E.00409
G1 X5.49 Y5.343 E.00096
G1 X5.178 Y5.645 E.02039
G1 X5.163 Y5.659 E.00096
G1 X4.835 Y5.942 E.02039
G1 X4.819 Y5.955 E.00096
G1 X4.635 Y6.095 E.01086
G1 X4.635 Y9.231 E.14747
G1 X3.708 Y9.231 E.0436
G1 X3.708 Y6.703 E.11887
G1 X3.707 Y6.704 E.00005
G1 X3.69 Y6.714 E.00096
G1 X3.304 Y6.912 E.02039
G1 X3.285 Y6.92 E.00096
G1 X2.889 Y7.095 E.02039
G1 X2.87 Y7.103 E.00096
G1 X2.781 Y7.136 E.00444
G1 X2.781 Y9.231 E.09854
G1 X1.854 Y9.231 E.0436
G1 X1.854 Y7.43 E.0847
G1 X1.588 Y7.494 E.01288
G1 X1.568 Y7.499 E.00096
G1 X1.141 Y7.575 E.02039
G1 X1.121 Y7.578 E.00096
G1 X.927 Y7.601 E.00918
G1 X.927 Y9.231 E.07664
G1 X0 Y9.231 E.0436
G1 X0 Y7.658 E.074
G1 X-.217 Y7.658 E.0102
G1 X-.237 Y7.657 E.00096
G1 X-.67 Y7.631 E.02039
G1 X-.69 Y7.63 E.00096
G1 X-.927 Y7.601 E.01121
G1 X-.927 Y9.231 E.07664
G1 X-1.854 Y9.231 E.0436
G1 X-1.854 Y7.43 E.0847
G1 X-2.009 Y7.393 E.00751
G1 X-2.029 Y7.387 E.00096
G1 X-2.444 Y7.26 E.02039
G1 X-2.463 Y7.254 E.00096
G1 X-2.66 Y7.181 E.00986
G1 X-2.781 Y7.136 E.0061
G1 X-2.781 Y9.231 E.09854
G1 X-3.708 Y9.231 E.0436
G1 X-3.708 Y6.703 E.11887
G1 X-4.081 Y6.483 E.02034
G1 X-4.098 Y6.472 E.00096
G1 X-4.458 Y6.23 E.02039
G1 X-4.474 Y6.218 E.00096
G1 X-4.635 Y6.095 E.00953
G1 X-4.635 Y9.231 E.14747
G1 X-5.562 Y9.231 E.0436
G1 X-5.562 Y5.265 E.18653
G1 X-5.796 Y5.009 E.0163
G1 X-5.81 Y4.993 E.00096
G1 X-6.083 Y4.657 E.02039
G1 X-6.095 Y4.64 E.00096
G1 X-6.348 Y4.288 E.02039
G1 X-6.36 Y4.271 E.00096
G1 X-6.49 Y4.065 E.01145
G1 X-6.49 Y6.154 E.09823
G1 X-7.417 Y6.154 E.0436
G1 X-7.417 Y1.909 E.19961
G1 X-7.444 Y1.809 E.00488
G1 X-7.449 Y1.789 E.00096
G1 X-7.538 Y1.365 E.02039
G1 X-7.542 Y1.345 E.00096
G1 X-7.606 Y.916 E.02039
G1 X-7.608 Y.896 E.00096
G1 X-7.647 Y.464 E.02039
G1 X-7.648 Y.444 E.00096
G1 X-7.661 Y.01 E.02039
G1 X-7.661 Y-.01 E.00096
G1 X-7.648 Y-.444 E.02039
G1 X-7.647 Y-.464 E.00096
G1 X-7.608 Y-.896 E.02039
G1 X-7.606 Y-.916 E.00096
G1 X-7.542 Y-1.345 E.02039
G1 X-7.538 Y-1.365 E.00096
G1 X-7.449 Y-1.789 E.02039
G1 X-7.444 Y-1.809 E.00096
G1 X-7.417 Y-1.909 E.00488
G1 X-7.417 Y-6.154 E.19961
G1 X-8.344 Y-6.154 E.0436
G1 X-8.344 Y6.154 E.5788
G1 X-9.231 Y6.154 E.04174
M73 P69 R1
G1 X-9.231 Y-6.154 E.5788
G1 X-8.632 Y-6.154 E.02817
G1 E-1.2 F2100
;WIPE_START
G1 F2400
G1 X-9.231 Y-6.154
G1 X-9.231 Y-4.753
;WIPE_END
G1 X-6.955 Y-3.206 Z5.22 F30000
G1 Z4.82
G1 E1.2 F2100
G1 F2400
G1 X-6.82 Y-3.489 E.01475
G1 X-6.811 Y-3.507 E.00096
G1 X-6.601 Y-3.887 E.02039
G1 X-6.591 Y-3.905 E.00096
G1 X-6.49 Y-4.065 E.00894
G1 X-6.49 Y-6.154 E.09823
G1 X-6.154 Y-6.154 E.01577
G1 X-6.154 Y-9.231 E.1447
G1 X-5.562 Y-9.231 E.02782
G1 X-5.562 Y-5.265 E.18653
G1 X-5.504 Y-5.329 E.00409
G1 X-5.49 Y-5.343 E.00096
G1 X-5.178 Y-5.645 E.02039
G1 X-5.163 Y-5.659 E.00096
G1 X-4.835 Y-5.942 E.02039
G1 X-4.819 Y-5.955 E.00096
G1 X-4.635 Y-6.095 E.01086
G1 X-4.635 Y-9.231 E.14747
G1 X-3.708 Y-9.231 E.0436
G1 X-3.708 Y-6.703 E.11887
G1 X-3.707 Y-6.704 E.00005
G1 X-3.69 Y-6.714 E.00096
G1 X-3.304 Y-6.912 E.02039
G1 X-3.285 Y-6.92 E.00096
G1 X-2.889 Y-7.095 E.02039
G1 X-2.87 Y-7.103 E.00096
G1 X-2.781 Y-7.136 E.00444
G1 X-2.781 Y-9.231 E.09854
G1 X-1.854 Y-9.231 E.0436
G1 X-1.854 Y-7.43 E.0847
G1 X-1.588 Y-7.494 E.01288
G1 X-1.568 Y-7.499 E.00096
G1 X-1.141 Y-7.575 E.02039
G1 X-1.121 Y-7.578 E.00096
G1 X-.927 Y-7.601 E.00918
G1 X-.927 Y-9.231 E.07664
G1 X0 Y-9.231 E.0436
G1 X0 Y-7.658 E.074
G1 X.217 Y-7.658 E.0102
G1 X.237 Y-7.657 E.00096
G1 X.446 Y-7.645 E.00986
G1 X.67 Y-7.631 E.01053
G1 X.69 Y-7.63 E.00096
G1 X.927 Y-7.601 E.01121
G1 X.927 Y-9.231 E.07664
G1 X1.854 Y-9.231 E.0436
G1 X1.854 Y-7.43 E.0847
G1 X2.009 Y-7.392 E.00751
G1 X2.029 Y-7.387 E.00096
G1 X2.444 Y-7.26 E.02039
G1 X2.463 Y-7.254 E.00096
G1 X2.66 Y-7.181 E.00986
G1 X2.781 Y-7.136 E.0061
G1 X2.781 Y-9.231 E.09854
G1 X3.708 Y-9.231 E.0436
G1 X3.708 Y-6.703 E.11887
G1 X4.081 Y-6.483 E.02034
G1 X4.098 Y-6.472 E.00096
G1 X4.458 Y-6.23 E.02039
G1 X4.474 Y-6.218 E.00096
G1 X4.635 Y-6.095 E.00953
G1 X4.635 Y-9.231 E.14747
G1 X5.562 Y-9.231 E.0436
G1 X5.562 Y-5.265 E.18653
G1 X5.796 Y-5.009 E.0163
G1 X5.81 Y-4.993 E.00096
G1 X6.083 Y-4.657 E.02039
G1 X6.095 Y-4.64 E.00096
G1 X6.348 Y-4.288 E.02039
G1 X6.36 Y-4.271 E.00096
G1 X6.49 Y-4.065 E.01145
G1 X6.49 Y-6.154 E.09823
G1 X7.417 Y-6.154 E.0436
G1 X7.417 Y-1.909 E.19961
G1 X7.444 Y-1.809 E.00488
G1 X7.449 Y-1.789 E.00096
G1 X7.538 Y-1.365 E.02039
G1 X7.542 Y-1.345 E.00096
G1 X7.606 Y-.916 E.02039
G1 X7.608 Y-.896 E.00096
G1 X7.647 Y-.464 E.02039
G1 X7.648 Y-.444 E.00096
G1 X7.661 Y-.01 E.02039
G1 X7.661 Y.01 E.00096
G1 X7.648 Y.444 E.02039
G1 X7.647 Y.464 E.00096
G1 X7.608 Y.896 E.02039
G1 X7.606 Y.916 E.00096
G1 X7.542 Y1.345 E.02039
G1 X7.538 Y1.365 E.00096
G1 X7.449 Y1.789 E.02039
G1 X7.444 Y1.809 E.00096
G1 X7.417 Y1.909 E.00488
G1 X7.417 Y6.154 E.19961
G1 X8.344 Y6.154 E.0436
G1 X8.344 Y-6.154 E.5788
G1 X9.231 Y-6.154 E.04174
G1 X9.231 Y6.154 E.5788
G1 X8.632 Y6.154 E.02817
M73 P70 R1
;LAYER_CHANGE
;Z:5
;HEIGHT:0.18
;BEFORE_LAYER_CHANGE
;5
G1 E-1.2 F2100
;WIPE_START
G1 F2400
G1 X9.231 Y6.154
G1 X9.231 Y4.753
;WIPE_END
;AFTER_LAYER_CHANGE
;5
;_SET_FAN_SPEED_CHANGING_LAYER
G17
G3 Z5.4 I.585 J-1.067 P1  F30000
G1 X3.201 Y1.445 Z5.4
G1 Z5
G1 E1.2 F2100
SET_VELOCITY_LIMIT ACCEL=5000
;TYPE:Inner wall
;HEIGHT:0.2
G1 F9000
M106 S255
G1 X3.189 Y1.475 E.00152
G1 X3.01 Y1.811 E.01789
G1 X2.797 Y2.126 E.01789
G1 X2.551 Y2.416 E.01789
G1 X2.275 Y2.678 E.01789
G1 X1.972 Y2.908 E.01789
G1 X1.646 Y3.104 E.01789
G1 X1.3 Y3.264 E.01789
G1 X.94 Y3.385 E.01789
G1 X.568 Y3.467 E.01789
G1 X.19 Y3.508 E.01789
G1 X-.19 Y3.508 E.01789
G1 X-.568 Y3.467 E.01789
G1 X-.94 Y3.385 E.01789
G1 X-1.3 Y3.264 E.01789
G1 X-1.646 Y3.104 E.01789
G1 X-1.972 Y2.908 E.01789
G1 X-2.275 Y2.678 E.01789
G1 X-2.551 Y2.416 E.01789
G1 X-2.797 Y2.126 E.01789
G1 X-3.01 Y1.811 E.01789
G1 X-3.189 Y1.475 E.01789
G1 X-3.329 Y1.122 E.01789
G1 X-3.436 Y.738 E.01874
G1 X-3.507 Y.157 E.0275
G1 X-3.495 Y-.366 E.02463
G1 X-3.431 Y-.755 E.01854
G1 X-3.329 Y-1.122 E.01789
G1 X-3.189 Y-1.475 E.01789
G1 X-3.01 Y-1.811 E.01789
G1 X-2.797 Y-2.126 E.01789
G1 X-2.551 Y-2.416 E.01789
G1 X-2.275 Y-2.678 E.01789
G1 X-1.972 Y-2.908 E.01789
G1 X-1.646 Y-3.104 E.01789
G1 X-1.3 Y-3.264 E.01789
G1 X-.94 Y-3.385 E.01789
G1 X-.568 Y-3.467 E.01789
G1 X-.19 Y-3.508 E.01789
G1 X.19 Y-3.508 E.01789
G1 X.568 Y-3.467 E.01789
G1 X.94 Y-3.385 E.01789
G1 X1.3 Y-3.264 E.01789
G1 X1.646 Y-3.104 E.01789
G1 X1.972 Y-2.908 E.01789
G1 X2.275 Y-2.678 E.01789
G1 X2.551 Y-2.416 E.01789
G1 X2.797 Y-2.126 E.01789
G1 X3.01 Y-1.811 E.01789
G1 X3.189 Y-1.475 E.01789
G1 X3.329 Y-1.122 E.01789
G1 X3.436 Y-.738 E.01874
G1 X3.507 Y-.157 E.0275
G1 X3.495 Y.366 E.02463
G1 X3.431 Y.755 E.01854
G1 X3.329 Y1.122 E.01789
G1 X3.214 Y1.412 E.01467
SET_VELOCITY_LIMIT ACCEL=10000
G1 X2.664 Y1.233 F30000
SET_VELOCITY_LIMIT ACCEL=5000
;TYPE:Outer wall
G1 F7200
G1 X2.515 Y1.513 E.01495
G1 X2.337 Y1.776 E.01495
G1 X2.131 Y2.019 E.01495
G1 X1.9 Y2.237 E.01495
G1 X1.647 Y2.43 E.01495
G1 X1.375 Y2.594 E.01495
G1 X1.087 Y2.727 E.01495
G1 X.785 Y2.828 E.01495
G1 X.475 Y2.897 E.01495
G1 X.159 Y2.931 E.01495
G1 X-.159 Y2.931 E.01495
G1 X-.475 Y2.897 E.01495
G1 X-.785 Y2.828 E.01495
G1 X-1.087 Y2.727 E.01495
G1 X-1.375 Y2.594 E.01495
G1 X-1.647 Y2.43 E.01495
G1 X-1.9 Y2.237 E.01495
G1 X-2.131 Y2.019 E.01495
G1 X-2.337 Y1.776 E.01495
G1 X-2.515 Y1.513 E.01495
G1 X-2.664 Y1.233 E.01495
G1 X-2.782 Y.937 E.01495
G1 X-2.869 Y.625 E.01524
G1 X-2.929 Y.129 E.0235
G1 X-2.919 Y-.313 E.02077
G1 X-2.867 Y-.631 E.01517
G1 X-2.782 Y-.937 E.01495
G1 X-2.664 Y-1.233 E.01495
G1 X-2.515 Y-1.513 E.01495
G1 X-2.337 Y-1.776 E.01495
G1 X-2.131 Y-2.019 E.01495
G1 X-1.9 Y-2.237 E.01495
G1 X-1.647 Y-2.43 E.01495
G1 X-1.375 Y-2.594 E.01495
G1 X-1.087 Y-2.727 E.01495
G1 X-.785 Y-2.828 E.01495
G1 X-.475 Y-2.897 E.01495
G1 X-.159 Y-2.931 E.01495
G1 X.159 Y-2.931 E.01495
G1 X.475 Y-2.897 E.01495
G1 X.785 Y-2.828 E.01495
G1 X1.087 Y-2.727 E.01495
G1 X1.375 Y-2.594 E.01495
G1 X1.647 Y-2.43 E.01495
G1 X1.9 Y-2.237 E.01495
G1 X2.131 Y-2.019 E.01495
G1 X2.337 Y-1.776 E.01495
G1 X2.515 Y-1.513 E.01495
G1 X2.664 Y-1.233 E.01495
G1 X2.782 Y-.937 E.01495
G1 X2.869 Y-.625 E.01524
G1 X2.929 Y-.129 E.0235
G1 X2.919 Y.313 E.02077
G1 X2.867 Y.631 E.01517
G1 X2.782 Y.937 E.01495
G1 X2.677 Y1.199 E.01325
SET_VELOCITY_LIMIT ACCEL=10000
G1 E-1.2 F2100
;WIPE_START
G1 F7200
G1 X2.515 Y1.513
G1 X2.337 Y1.776
G1 X2.131 Y2.019
G1 X1.9 Y2.237
G1 X1.647 Y2.43
G1 X1.375 Y2.594
G1 X1.323 Y2.617
;WIPE_END
G1 X2.404 Y-4.938 Z5.4 F30000
G1 X2.491 Y-5.545 Z5.4
G1 Z5
G1 E1.2 F2100
SET_VELOCITY_LIMIT ACCEL=5000
;TYPE:Inner wall
G1 F9000
G1 X2.625 Y-5.489 E.00681
G1 X3.248 Y-5.145 E.03348
G1 X3.834 Y-4.725 E.0339
G1 X4.366 Y-4.238 E.0339
G1 X4.609 Y-3.972 E.01696
G1 X4.836 Y-3.692 E.01696
G1 X5.239 Y-3.094 E.0339
G1 X5.568 Y-2.453 E.0339
G1 X5.704 Y-2.119 E.01696
G1 X5.914 Y-1.429 E.0339
G1 X6.042 Y-.72 E.0339
G1 X6.085 Y0 E.0339
G1 X6.074 Y.36 E.01696
G1 X5.99 Y1.068 E.0335
G1 X5.868 Y1.596 E.02551
G1 X5.701 Y2.127 E.02617
G1 X5.413 Y2.778 E.03348
G1 X5.047 Y3.399 E.0339
G1 X4.836 Y3.692 E.01696
G1 X4.366 Y4.238 E.0339
G1 X4.107 Y4.49 E.01696
G1 X3.547 Y4.944 E.0339
G1 X2.938 Y5.329 E.0339
G1 X2.287 Y5.639 E.0339
G1 X1.949 Y5.764 E.01696
G1 X1.604 Y5.87 E.01696
G1 X.907 Y6.017 E.0335
G1 X.367 Y6.07 E.02551
G1 X-.189 Y6.082 E.02617
G1 X-.898 Y6.018 E.03348
G1 X-1.596 Y5.872 E.0335
G1 X-2.111 Y5.703 E.02551
G1 X-2.625 Y5.489 E.02617
G1 X-3.248 Y5.145 E.03348
G1 X-3.834 Y4.725 E.0339
G1 X-4.366 Y4.238 E.0339
G1 X-4.609 Y3.972 E.01696
G1 X-4.836 Y3.692 E.01696
G1 X-5.239 Y3.094 E.0339
G1 X-5.568 Y2.453 E.0339
G1 X-5.704 Y2.119 E.01696
G1 X-5.914 Y1.429 E.0339
G1 X-6.042 Y.72 E.0339
G1 X-6.085 Y0 E.0339
G1 X-6.074 Y-.36 E.01696
G1 X-5.99 Y-1.068 E.0335
G1 X-5.868 Y-1.596 E.02551
G1 X-5.701 Y-2.127 E.02617
G1 X-5.413 Y-2.778 E.03348
G1 X-5.047 Y-3.399 E.0339
G1 X-4.836 Y-3.692 E.01696
G1 X-4.366 Y-4.238 E.0339
G1 X-4.107 Y-4.49 E.01696
G1 X-3.547 Y-4.944 E.0339
G1 X-2.938 Y-5.329 E.0339
G1 X-2.287 Y-5.639 E.0339
G1 X-1.949 Y-5.764 E.01696
G1 X-1.604 Y-5.87 E.01696
G1 X-.898 Y-6.018 E.0339
G1 X-.189 Y-6.082 E.0335
G1 X.353 Y-6.071 E.02551
G1 X.907 Y-6.016 E.02617
G1 X1.596 Y-5.872 E.03308
G1 X2.111 Y-5.703 E.02551
G1 X2.458 Y-5.559 E.01767
SET_VELOCITY_LIMIT ACCEL=10000
G1 X2.713 Y-6.078 F30000
SET_VELOCITY_LIMIT ACCEL=5000
;TYPE:Outer wall
G1 F1980
G1 X2.868 Y-6.013 E.0079
G1 X3.556 Y-5.633 E.03696
G1 X4.198 Y-5.173 E.03714
G1 X4.78 Y-4.64 E.03711
G1 X5.047 Y-4.349 E.01857
G1 X5.526 Y-3.722 E.0371
G1 X5.736 Y-3.388 E.01855
G1 X6.097 Y-2.686 E.03712
G1 X6.245 Y-2.32 E.01856
G1 X6.476 Y-1.565 E.03713
G1 X6.615 Y-.788 E.03712
G1 X6.662 Y0 E.03712
G1 X6.65 Y.395 E.01858
G1 X6.557 Y1.176 E.03699
G1 X6.425 Y1.748 E.02761
G1 X6.244 Y2.323 E.02835
G1 X5.927 Y3.042 E.03695
G1 X5.526 Y3.722 E.03712
G1 X5.295 Y4.043 E.0186
G1 X4.78 Y4.64 E.03708
G1 X4.497 Y4.915 E.01856
G1 X3.884 Y5.413 E.03714
G1 X3.216 Y5.834 E.03713
G1 X2.504 Y6.174 E.0371
G1 X2.134 Y6.311 E.01855
G1 X1.756 Y6.426 E.01858
G1 X.987 Y6.589 E.03697
G1 X.402 Y6.647 E.02764
G1 X-.201 Y6.659 E.02836
G1 X-.984 Y6.589 E.03697
G1 X-1.753 Y6.427 E.03696
G1 X-2.312 Y6.245 E.02764
G1 X-2.868 Y6.013 E.02833
G1 X-3.556 Y5.633 E.03696
G1 X-4.198 Y5.173 E.03714
G1 X-4.78 Y4.64 E.03711
G1 X-5.047 Y4.349 E.01857
G1 X-5.526 Y3.722 E.0371
G1 X-5.736 Y3.388 E.01855
G1 X-6.097 Y2.686 E.03712
G1 X-6.245 Y2.32 E.01856
G1 X-6.476 Y1.565 E.03713
G1 X-6.615 Y.788 E.03712
G1 X-6.662 Y0 E.03712
G1 X-6.65 Y-.395 E.01858
G1 X-6.557 Y-1.176 E.03699
G1 X-6.425 Y-1.748 E.02761
G1 X-6.244 Y-2.323 E.02835
G1 X-5.927 Y-3.042 E.03695
G1 X-5.526 Y-3.722 E.03712
G1 X-5.295 Y-4.043 E.0186
G1 X-4.78 Y-4.64 E.03708
G1 X-4.497 Y-4.915 E.01856
G1 X-3.884 Y-5.413 E.03714
G1 X-3.216 Y-5.834 E.03713
G1 X-2.504 Y-6.174 E.0371
G1 X-2.134 Y-6.311 E.01855
G1 X-1.756 Y-6.426 E.01858
G1 X-.984 Y-6.589 E.0371
G1 X-.2 Y-6.659 E.03701
G1 X.387 Y-6.648 E.02761
G1 X.987 Y-6.588 E.02836
G1 X1.753 Y-6.427 E.03681
G1 X2.312 Y-6.245 E.02764
G1 X2.68 Y-6.091 E.01876
SET_VELOCITY_LIMIT ACCEL=10000
G1 E-1.2 F2100
;WIPE_START
G1 F1980
G1 X2.868 Y-6.013
G1 X3.556 Y-5.633
G1 X4.198 Y-5.173
G1 X4.361 Y-5.024
;WIPE_END
G1 X1.924 Y-5.2 Z5.4 F30000
G1 Z5
M73 P71 R1
G1 E1.2 F2100
SET_VELOCITY_LIMIT ACCEL=7000
;TYPE:Internal solid infill
;WIDTH:0.55292
G1 F9000
M106 S255
G1 X1.458 Y-5.361 E.02052
G1 X.826 Y-5.493 E.02681
G1 X.322 Y-5.542 E.02104
G1 X-.82 Y-5.495 E.04751
G1 X-1.466 Y-5.35 E.02753
G1 X-2.081 Y-5.142 E.02696
G1 X-2.657 Y-4.878 E.02634
G1 X-3.233 Y-4.518 E.02823
G1 X-3.739 Y-4.096 E.02737
G1 X-4.197 Y-3.625 E.0273
G1 X-4.604 Y-3.108 E.02735
G1 X-4.926 Y-2.567 E.02617
G1 X-5.195 Y-1.969 E.02725
G1 X-5.356 Y-1.457 E.02231
G1 X-5.503 Y-.69 E.03246
G1 X-5.546 Y-.001 E.02869
G1 X-5.512 Y.657 E.02734
G1 X-5.391 Y1.299 E.02717
G1 X-5.208 Y1.904 E.02629
G1 X-4.941 Y2.529 E.02821
G1 X-4.607 Y3.096 E.02738
G1 X-4.227 Y3.598 E.02615
G1 X-3.521 Y4.295 E.04124
G1 X-2.994 Y4.678 E.02707
G1 X-2.391 Y5.004 E.0285
G1 X-1.926 Y5.205 E.02103
G1 X-1.43 Y5.368 E.02171
G1 X-.819 Y5.486 E.02587
G1 X-.171 Y5.544 E.02705
G1 X.335 Y5.539 E.02103
G1 X1.138 Y5.433 E.03363
G1 X1.745 Y5.269 E.02616
G1 X2.635 Y4.889 E.04022
G1 X3.208 Y4.535 E.02799
G1 X3.738 Y4.096 E.0286
G1 X4.197 Y3.625 E.02731
G1 X4.604 Y3.108 E.02735
G1 X4.926 Y2.567 E.02617
G1 X5.195 Y1.969 E.02725
G1 X5.356 Y1.457 E.02231
G1 X5.503 Y.69 E.03246
G1 X5.546 Y.001 E.02869
G1 X5.512 Y-.657 E.02734
G1 X5.391 Y-1.299 E.02717
G1 X5.202 Y-1.921 E.02703
G1 X4.789 Y-2.816 E.04097
G1 X4.406 Y-3.369 E.02794
G1 X3.986 Y-3.863 E.02697
G1 X3.498 Y-4.311 E.02751
G1 X2.96 Y-4.689 E.02733
G1 X2.395 Y-5.013 E.02707
G1 X1.958 Y-5.186 E.01955
SET_VELOCITY_LIMIT ACCEL=10000
G1 X3.787 Y-.717 F30000
;TYPE:Sparse infill
;WIDTH:0.62
G1 F6000
G1 X3.658 Y-1.233 E.02497
G1 X3.503 Y-1.621 E.01966
G1 X3.308 Y-1.99 E.01965
G1 X3.073 Y-2.336 E.01966
G1 X2.727 Y-2.727 E.02455
G1 X3.549 Y-3.549 E.05469
G1 X3.392 Y-3.71 E.01057
G1 X2.947 Y-4.073 E.02703
G1 X2.697 Y-4.243 E.01419
G1 X2.144 Y-4.548 E.0297
G1 X1.908 Y-4.652 E.01213
G1 X1.325 Y-4.849 E.02895
G1 X.741 Y-4.972 E.02807
G1 X.168 Y-5.024 E.02703
G1 X-.133 Y-5.026 E.01419
G1 X-.762 Y-4.97 E.0297
G1 X-.937 Y-4.939 E.00836
G1 X-4.929 Y-.947 E.26548
G1 X-4.887 Y-1.18 E.01112
G1 X-4.707 Y-1.77 E.02902
G1 X-4.604 Y-2.023 E.01287
G1 X-4.464 Y-2.313 E.01513
G1 X-4.17 Y-2.807 E.02703
G1 X-3.998 Y-3.033 E.01337
G1 X-3.787 Y.717 F30000
G1 F6000
G1 X-3.658 Y1.233 E.02497
G1 X-3.503 Y1.621 E.01966
G1 X-3.308 Y1.99 E.01965
G1 X-3.073 Y2.336 E.01965
G1 X-2.727 Y2.727 E.02455
G1 X-3.552 Y3.552 E.0549
G1 X-3.167 Y3.905 E.02456
G1 X-2.7 Y4.241 E.02703
G1 X-2.441 Y4.396 E.01419
G1 X-1.889 Y4.659 E.02875
G1 X-1.306 Y4.856 E.02896
G1 X-1.055 Y4.916 E.01212
G1 X-.426 Y5.01 E.0299
G1 X-.169 Y5.026 E.01212
G1 X.446 Y5.007 E.02896
G1 X.943 Y4.933 E.0236
G1 X4.929 Y.947 E.26511
G1 X4.887 Y1.18 E.01112
G1 X4.707 Y1.77 E.02902
G1 X4.604 Y2.023 E.01287
G1 X4.464 Y2.313 E.01513
G1 X4.17 Y2.807 E.02703
G1 X3.998 Y3.033 E.01337
;LAYER_CHANGE
;Z:5.2
;HEIGHT:0.2
;BEFORE_LAYER_CHANGE
;5.2
G1 E-1.2 F2100
;WIPE_START
G1 F6000
G1 X4.17 Y2.807
G1 X4.464 Y2.313
G1 X4.604 Y2.023
G1 X4.707 Y1.77
G1 X4.866 Y1.248
;WIPE_END
;AFTER_LAYER_CHANGE
;5.2
;_SET_FAN_SPEED_CHANGING_LAYER
G17
G3 Z5.6 I-.143 J-1.209 P1  F30000
G1 X3.201 Y1.445 Z5.6
G1 Z5.2
G1 E1.2 F2100
SET_VELOCITY_LIMIT ACCEL=5000
;TYPE:Inner wall
G1 F9000
G1 X3.189 Y1.475 E.00153
G1 X3.01 Y1.811 E.01789
G1 X2.797 Y2.126 E.01789
G1 X2.551 Y2.416 E.01789
G1 X2.275 Y2.678 E.01789
G1 X1.972 Y2.908 E.01789
G1 X1.646 Y3.104 E.01789
G1 X1.3 Y3.264 E.01789
G1 X.94 Y3.385 E.01789
G1 X.568 Y3.467 E.01789
G1 X.19 Y3.508 E.01789
G1 X-.19 Y3.508 E.01789
G1 X-.568 Y3.467 E.01789
G1 X-.94 Y3.385 E.01789
G1 X-1.3 Y3.264 E.01789
G1 X-1.646 Y3.104 E.01789
G1 X-1.972 Y2.908 E.01789
G1 X-2.275 Y2.678 E.01789
G1 X-2.551 Y2.416 E.01789
G1 X-2.797 Y2.126 E.01789
G1 X-3.01 Y1.811 E.01789
G1 X-3.189 Y1.475 E.01789
G1 X-3.329 Y1.122 E.01789
G1 X-3.436 Y.739 E.01869
G1 X-3.506 Y.176 E.02668
G1 X-3.495 Y-.365 E.02544
G1 X-3.431 Y-.755 E.0186
G1 X-3.329 Y-1.122 E.01789
G1 X-3.189 Y-1.475 E.01789
G1 X-3.01 Y-1.811 E.01789
G1 X-2.797 Y-2.126 E.01789
G1 X-2.551 Y-2.416 E.01789
G1 X-2.275 Y-2.678 E.01789
G1 X-1.972 Y-2.908 E.01789
G1 X-1.646 Y-3.104 E.01789
G1 X-1.3 Y-3.264 E.01789
G1 X-.94 Y-3.385 E.01789
G1 X-.568 Y-3.467 E.01789
G1 X-.19 Y-3.508 E.01789
G1 X.19 Y-3.508 E.01789
G1 X.568 Y-3.467 E.01789
G1 X.94 Y-3.385 E.01789
G1 X1.3 Y-3.264 E.01789
G1 X1.646 Y-3.104 E.01789
G1 X1.972 Y-2.908 E.01789
G1 X2.275 Y-2.678 E.01789
G1 X2.551 Y-2.416 E.01789
G1 X2.797 Y-2.126 E.01789
G1 X3.01 Y-1.811 E.01789
G1 X3.189 Y-1.475 E.01789
G1 X3.329 Y-1.122 E.01789
G1 X3.436 Y-.739 E.01869
G1 X3.506 Y-.176 E.02668
G1 X3.495 Y.365 E.02544
G1 X3.431 Y.755 E.0186
G1 X3.329 Y1.122 E.01789
G1 X3.214 Y1.412 E.01467
SET_VELOCITY_LIMIT ACCEL=10000
G1 X2.665 Y1.231 F30000
SET_VELOCITY_LIMIT ACCEL=5000
;TYPE:Outer wall
G1 F7200
G1 X2.664 Y1.233 E.00006
G1 X2.515 Y1.513 E.01495
G1 X2.337 Y1.776 E.01495
G1 X2.131 Y2.019 E.01495
G1 X1.9 Y2.237 E.01495
G1 X1.647 Y2.43 E.01495
G1 X1.375 Y2.594 E.01495
G1 X1.087 Y2.727 E.01495
G1 X.785 Y2.828 E.01495
G1 X.475 Y2.897 E.01495
G1 X.159 Y2.931 E.01495
G1 X-.159 Y2.931 E.01495
G1 X-.475 Y2.897 E.01495
G1 X-.785 Y2.828 E.01495
G1 X-1.087 Y2.727 E.01495
G1 X-1.375 Y2.594 E.01495
G1 X-1.647 Y2.43 E.01495
G1 X-1.9 Y2.237 E.01495
G1 X-2.131 Y2.019 E.01495
G1 X-2.337 Y1.776 E.01495
G1 X-2.515 Y1.513 E.01495
G1 X-2.664 Y1.233 E.01495
G1 X-2.782 Y.937 E.01495
G1 X-2.868 Y.625 E.01523
G1 X-2.928 Y.146 E.02272
G1 X-2.919 Y-.312 E.02155
G1 X-2.867 Y-.631 E.0152
G1 X-2.782 Y-.937 E.01495
G1 X-2.664 Y-1.233 E.01495
G1 X-2.515 Y-1.513 E.01495
G1 X-2.337 Y-1.776 E.01495
G1 X-2.131 Y-2.019 E.01495
G1 X-1.9 Y-2.237 E.01495
G1 X-1.647 Y-2.43 E.01495
G1 X-1.375 Y-2.594 E.01495
G1 X-1.087 Y-2.727 E.01495
G1 X-.785 Y-2.828 E.01495
G1 X-.475 Y-2.897 E.01495
G1 X-.159 Y-2.931 E.01495
G1 X.159 Y-2.931 E.01495
G1 X.475 Y-2.897 E.01495
G1 X.785 Y-2.828 E.01495
G1 X1.087 Y-2.727 E.01495
G1 X1.375 Y-2.594 E.01495
G1 X1.647 Y-2.43 E.01495
G1 X1.9 Y-2.237 E.01495
G1 X2.131 Y-2.019 E.01495
G1 X2.337 Y-1.776 E.01495
G1 X2.515 Y-1.513 E.01495
G1 X2.664 Y-1.233 E.01495
G1 X2.782 Y-.937 E.01495
G1 X2.868 Y-.625 E.01523
G1 X2.928 Y-.146 E.02272
G1 X2.919 Y.312 E.02155
G1 X2.867 Y.631 E.0152
G1 X2.782 Y.937 E.01495
G1 X2.678 Y1.198 E.0132
SET_VELOCITY_LIMIT ACCEL=10000
G1 E-1.2 F2100
;WIPE_START
G1 F7200
G1 X2.664 Y1.233
G1 X2.515 Y1.513
G1 X2.337 Y1.776
G1 X2.131 Y2.019
G1 X1.9 Y2.237
G1 X1.647 Y2.43
G1 X1.375 Y2.594
G1 X1.324 Y2.617
;WIPE_END
G17
G3 Z5.6 I-.148 J1.208 P1  F30000
G1 X6.858 Y3.296 Z5.6
G1 Z5.2
G1 E1.2 F2100
SET_VELOCITY_LIMIT ACCEL=2500
;TYPE:Overhang wall
G1 F600
G1 X6.724 Y3.569 E.0143
G1 X6.494 Y3.973 E.02186
G1 X6.24 Y4.361 E.02181
G1 X5.962 Y4.733 E.02184
G1 X5.662 Y5.088 E.02186
G1 X5.342 Y5.424 E.02182
G1 X5.001 Y5.739 E.02183
G1 X4.642 Y6.034 E.02185
G1 X4.265 Y6.305 E.02183
G1 X3.873 Y6.554 E.02184
G1 X3.466 Y6.778 E.02185
G1 X3.047 Y6.976 E.02179
G1 X2.616 Y7.149 E.02184
G1 X2.175 Y7.295 E.02184
G1 X1.726 Y7.414 E.02184
G1 X1.272 Y7.505 E.02177
G1 X.787 Y7.571 E.02302
G1 X.348 Y7.605 E.02071
G1 X-.115 Y7.612 E.02177
G1 X-.604 Y7.588 E.02302
G1 X-1.042 Y7.541 E.02072
G1 X-1.499 Y7.463 E.0218
G1 X-1.952 Y7.358 E.02187
G1 X-2.397 Y7.225 E.02184
G1 X-2.833 Y7.066 E.02182
M73 P72 R1
G1 X-3.258 Y6.88 E.02182
G1 X-3.671 Y6.669 E.02181
G1 X-4.071 Y6.432 E.02186
G1 X-4.456 Y6.172 E.02185
G1 X-4.824 Y5.889 E.02183
G1 X-5.174 Y5.584 E.02183
G1 X-5.505 Y5.258 E.02185
G1 X-5.815 Y4.913 E.02181
G1 X-6.104 Y4.549 E.02186
G1 X-6.37 Y4.169 E.02181
G1 X-6.612 Y3.773 E.02182
G1 X-6.83 Y3.363 E.02184
G1 X-7.022 Y2.94 E.02184
G1 X-7.188 Y2.506 E.02185
G1 X-7.327 Y2.064 E.02179
G1 X-7.44 Y1.613 E.02186
G1 X-7.524 Y1.156 E.02185
G1 X-7.581 Y.696 E.0218
G1 X-7.609 Y.232 E.02186
G1 X-7.609 Y-.231 E.02177
G1 X-7.578 Y-.72 E.02304
G1 X-7.524 Y-1.156 E.02066
G1 X-7.44 Y-1.613 E.02185
G1 X-7.327 Y-2.064 E.02186
G1 X-7.188 Y-2.506 E.02179
G1 X-7.022 Y-2.94 E.02185
G1 X-6.83 Y-3.363 E.02184
G1 X-6.612 Y-3.773 E.02184
G1 X-6.37 Y-4.169 E.02182
G1 X-6.104 Y-4.548 E.02177
G1 X-5.798 Y-4.931 E.02305
G1 X-5.505 Y-5.258 E.02065
G1 X-5.174 Y-5.584 E.02185
G1 X-4.824 Y-5.889 E.02183
G1 X-4.456 Y-6.172 E.02183
G1 X-4.072 Y-6.432 E.02181
G1 X-3.649 Y-6.68 E.02306
G1 X-3.258 Y-6.88 E.02065
G1 X-2.833 Y-7.066 E.02182
G1 X-2.397 Y-7.225 E.02182
G1 X-1.952 Y-7.358 E.02184
G1 X-1.499 Y-7.463 E.02187
G1 X-1.042 Y-7.541 E.0218
G1 X-.581 Y-7.59 E.0218
G1 X-.091 Y-7.611 E.02306
G1 X.348 Y-7.605 E.02065
G1 X.811 Y-7.569 E.02184
G1 X1.271 Y-7.506 E.02183
G1 X1.725 Y-7.414 E.02178
G1 X2.198 Y-7.287 E.02303
G1 X2.616 Y-7.149 E.0207
G1 X3.047 Y-6.976 E.02184
G1 X3.466 Y-6.778 E.02179
G1 X3.873 Y-6.554 E.02185
G1 X4.265 Y-6.305 E.02184
G1 X4.642 Y-6.034 E.02183
G1 X5.001 Y-5.739 E.02185
G1 X5.342 Y-5.424 E.02183
G1 X5.662 Y-5.088 E.02182
G1 X5.962 Y-4.733 E.02186
G1 X6.239 Y-4.361 E.02181
G1 X6.494 Y-3.973 E.02183
G1 X6.724 Y-3.569 E.02186
G1 X6.929 Y-3.153 E.02181
G1 X7.108 Y-2.724 E.02186
G1 X7.261 Y-2.286 E.02182
G1 X7.387 Y-1.839 E.02184
M73 P73 R1
G1 X7.485 Y-1.385 E.02184
G1 X7.556 Y-.926 E.02184
G1 X7.598 Y-.464 E.02181
G1 X7.613 Y0 E.02183
G1 X7.598 Y.464 E.02183
G1 X7.556 Y.925 E.02177
G1 X7.48 Y1.409 E.02304
G1 X7.387 Y1.839 E.02069
G1 X7.261 Y2.286 E.02184
G1 X7.108 Y2.724 E.02182
G1 X6.929 Y3.153 E.02186
G1 X6.874 Y3.264 E.00583
SET_VELOCITY_LIMIT ACCEL=10000
G1 X7.376 Y3.551 F30000
SET_VELOCITY_LIMIT ACCEL=2500
G1 F600
G1 X7.234 Y3.84 E.01514
G1 X6.986 Y4.274 E.02351
G1 X6.713 Y4.692 E.02348
G1 X6.414 Y5.092 E.02348
G1 X6.092 Y5.474 E.02349
G1 X5.747 Y5.835 E.02348
G1 X5.38 Y6.175 E.02353
G1 X4.994 Y6.491 E.02346
G1 X4.589 Y6.783 E.02348
G1 X4.167 Y7.051 E.02351
G1 X3.729 Y7.292 E.02351
G1 X3.278 Y7.505 E.02345
G1 X2.814 Y7.691 E.02351
G1 X2.34 Y7.848 E.02348
G1 X1.857 Y7.976 E.0235
G1 X1.368 Y8.075 E.02346
G1 X.847 Y8.145 E.02472
G1 X.375 Y8.181 E.02226
G1 X-.124 Y8.189 E.02347
G1 X-.649 Y8.163 E.02472
G1 X-1.121 Y8.113 E.02232
G1 X-1.613 Y8.029 E.02347
G1 X-2.1 Y7.916 E.02351
G1 X-2.578 Y7.773 E.02346
G1 X-3.047 Y7.602 E.02347
G1 X-3.505 Y7.402 E.0235
G1 X-3.95 Y7.174 E.02351
G1 X-4.38 Y6.92 E.02348
G1 X-4.794 Y6.64 E.0235
G1 X-5.19 Y6.336 E.02348
G1 X-5.566 Y6.008 E.02346
G1 X-5.922 Y5.657 E.02351
G1 X-6.256 Y5.286 E.02347
G1 X-6.567 Y4.894 E.02353
G1 X-6.853 Y4.485 E.02347
G1 X-7.113 Y4.059 E.02347
G1 X-7.348 Y3.618 E.0235
G1 X-7.554 Y3.163 E.02349
G1 X-7.733 Y2.697 E.02347
G1 X-7.883 Y2.22 E.02351
G1 X-8.004 Y1.735 E.02351
G1 X-8.095 Y1.244 E.02348
G1 X-8.156 Y.748 E.0235
G1 X-8.186 Y.25 E.02346
G1 X-8.186 Y-.249 E.02347
G1 X-8.152 Y-.774 E.02474
G1 X-8.095 Y-1.244 E.02226
G1 X-8.004 Y-1.735 E.02348
G1 X-7.883 Y-2.22 E.02351
G1 X-7.733 Y-2.697 E.02351
G1 X-7.554 Y-3.163 E.02347
G1 X-7.348 Y-3.618 E.02349
M73 P74 R1
G1 X-7.113 Y-4.059 E.0235
G1 X-6.853 Y-4.485 E.02347
G1 X-6.567 Y-4.894 E.02347
G1 X-6.239 Y-5.305 E.02473
G1 X-5.922 Y-5.657 E.02228
G1 X-5.566 Y-6.008 E.02351
G1 X-5.19 Y-6.336 E.02346
G1 X-4.794 Y-6.64 E.02348
G1 X-4.38 Y-6.92 E.0235
G1 X-3.927 Y-7.186 E.0247
G1 X-3.505 Y-7.402 E.02229
G1 X-3.047 Y-7.602 E.0235
G1 X-2.578 Y-7.773 E.02347
G1 X-2.1 Y-7.916 E.02346
G1 X-1.613 Y-8.029 E.02351
G1 X-1.121 Y-8.113 E.02347
G1 X-.624 Y-8.166 E.0235
G1 X-.099 Y-8.189 E.02471
G1 X.375 Y-8.181 E.02229
G1 X.873 Y-8.143 E.02349
G1 X1.367 Y-8.075 E.02345
G1 X1.857 Y-7.977 E.0235
G1 X2.364 Y-7.84 E.0247
G1 X2.814 Y-7.691 E.02229
G1 X3.278 Y-7.505 E.02351
G1 X3.729 Y-7.292 E.02345
G1 X4.167 Y-7.051 E.02351
G1 X4.589 Y-6.783 E.02351
G1 X4.994 Y-6.491 E.02348
G1 X5.38 Y-6.175 E.02346
G1 X5.747 Y-5.835 E.02353
G1 X6.092 Y-5.474 E.02348
G1 X6.414 Y-5.092 E.02349
G1 X6.713 Y-4.692 E.02348
G1 X6.986 Y-4.274 E.02348
G1 X7.234 Y-3.84 E.02351
G1 X7.454 Y-3.392 E.02347
G1 X7.647 Y-2.931 E.0235
G1 X7.812 Y-2.459 E.02351
G1 X7.947 Y-1.979 E.02345
G1 X8.053 Y-1.49 E.02353
G1 X8.129 Y-.997 E.02346
G1 X8.175 Y-.499 E.02352
G1 X8.19 Y0 E.02348
G1 X8.175 Y.499 E.02348
G1 X8.129 Y.996 E.02347
G1 X8.048 Y1.515 E.0247
G1 X7.947 Y1.979 E.02233
G1 X7.812 Y2.459 E.02345
G1 X7.647 Y2.931 E.02351
G1 X7.454 Y3.392 E.0235
G1 X7.392 Y3.519 E.00665
SET_VELOCITY_LIMIT ACCEL=10000
G1 E-1.2 F2100
;WIPE_START
G1 F600
G1 X7.234 Y3.84
G1 X6.986 Y4.274
G1 X6.713 Y4.692
G1 X6.414 Y5.092
G1 X6.322 Y5.202
;WIPE_END
G17
G3 Z5.6 I.268 J-1.187 P1  F30000
G1 X2.829 Y4.415 Z5.6
G1 Z5.2
G1 E1.2 F2100
;TYPE:Sparse infill
G1 F6000
M106 S255
G1 X2.264 Y4.737 E.03057
G1 X1.681 Y4.973 E.02958
G1 X1.081 Y5.137 E.02925
G1 X.679 Y5.197 E.01912
G1 X5.203 Y.673 E.30087
M73 P75 R1
G1 X5.24 Y.331 E.01616
G1 X5.24 Y-.318 E.03053
G1 X5.192 Y-.766 E.02118
G1 X5.104 Y-1.227 E.02207
G1 X4.919 Y-1.835 E.02988
G1 X4.742 Y-2.249 E.02118
G1 X4.514 Y-2.682 E.02299
G1 X4.366 Y-2.917 E.01306
G1 X3.977 Y-3.427 E.03019
G1 X3.706 Y-3.706 E.01828
G1 X2.727 Y-2.727 E.06513
G1 X3.073 Y-2.336 E.02455
G1 X3.308 Y-1.99 E.01965
G1 X3.503 Y-1.621 E.01965
G1 X3.658 Y-1.233 E.01966
G1 X3.787 Y-.717 E.02497
G1 E-1.2 F2100
;WIPE_START
G1 F6000
G1 X3.658 Y-1.233
G1 X3.503 Y-1.621
G1 X3.308 Y-1.99
G1 X3.073 Y-2.336
G1 X2.93 Y-2.497
;WIPE_END
G1 X-3.787 Y.717 Z5.6 F30000
G1 Z5.2
G1 E1.2 F2100
G1 F6000
G1 X-3.658 Y1.233 E.02497
G1 X-3.503 Y1.621 E.01966
G1 X-3.308 Y1.99 E.01965
G1 X-3.073 Y2.336 E.01965
G1 X-2.727 Y2.727 E.02455
G1 X-3.709 Y3.709 E.06534
G1 X-3.964 Y3.443 E.01734
G1 X-4.366 Y2.917 E.03114
G1 X-4.514 Y2.682 E.01306
G1 X-4.742 Y2.249 E.02299
G1 X-4.919 Y1.835 E.02118
G1 X-5.104 Y1.227 E.02988
G1 X-5.192 Y.766 E.02207
G1 X-5.24 Y.318 E.02118
G1 X-5.24 Y-.331 E.03053
G1 X-5.203 Y-.673 E.01616
G1 X-.675 Y-5.201 E.30113
G1 X-1.403 Y-5.06 E.03488
G1 X-1.663 Y-4.981 E.01275
G1 X-2.264 Y-4.737 E.03053
G1 X-2.825 Y-4.417 E.03034
G1 E-1.2 F2100
;WIPE_START
G1 F6000
G1 X-2.264 Y-4.737
G1 X-1.663 Y-4.981
G1 X-1.403 Y-5.06
G1 X-.977 Y-5.142
;WIPE_END
G17
G3 Z5.6 I1.135 J-.438 P1  F30000
G1 X-1.81 Y-7.302 Z5.6
G1 Z5.2
G1 E1.2 F2100
SET_VELOCITY_LIMIT ACCEL=2500
;TYPE:Bridge
G1 F600
G1 X-4.382 Y-5.792 E.14025
G1 X-4.938 Y-5.33 E.03399
G1 X-5.254 Y-5.019 E.02085
G1 X-5.534 Y-4.707 E.01971
G1 X-5.905 Y-4.229 E.02845
G1 X-.815 Y-7.217 E.27755
G1 X-.087 Y-7.265 E.03431
G1 X.388 Y-7.254 E.02234
G1 X-6.525 Y-3.195 E.37698
G1 X-6.702 Y-2.806 E.0201
G1 X-6.885 Y-2.315 E.02464
G1 X-6.487 Y-2.549 E.02171
G1 F1500
G1 X-5.417 Y-3.177 E.05834
G1 X-4.468 Y-3.734 E.05175
M73 P76 R1
G1 X-3.921 Y-4.31 E.03735
G1 X-3.406 Y-4.728 E.03119
G1 X-2.954 Y-5.021 E.02533
G1 X-2.497 Y-5.265 E.02436
G1 X-1.867 Y-5.521 E.03198
G1 X-1.536 Y-5.622 E.01627
G1 X-1.095 Y-5.714 E.02118
G1 X-.133 Y-6.279 E.05246
G1 X.936 Y-6.907 E.0583
G1 F600
G1 X1.333 Y-7.14 E.02165
G1 X1.646 Y-7.077 E.01501
G1 X2.137 Y-6.943 E.02393
G1 X1.788 Y-6.738 E.01903
G1 F1500
G1 X.22 Y-5.817 E.08551
G1 X.842 Y-5.766 E.02935
G1 X1.161 Y-5.7 E.01532
G1 X2.52 Y-6.498 E.07411
G1 F600
G1 X2.84 Y-6.686 E.01745
G1 X3.309 Y-6.469 E.0243
G1 X3.464 Y-6.383 E.00834
G1 X3.166 Y-6.208 E.01625
G1 F1500
G1 X1.942 Y-5.49 E.06673
G1 X2.604 Y-5.209 E.03382
G1 X3.746 Y-5.88 E.06229
G1 F600
G1 X4.028 Y-6.045 E.01536
G1 X4.071 Y-6.018 E.00239
G1 X4.535 Y-5.674 E.02716
G1 X4.263 Y-5.514 E.01484
G1 F1500
G1 X3.178 Y-4.877 E.05917
G1 X3.405 Y-4.728 E.01277
G1 X3.682 Y-4.504 E.01675
G1 X4.731 Y-5.12 E.05721
G1 F600
G1 X4.994 Y-5.274 E.01433
G1 X5.411 Y-4.849 E.028
G1 X5.149 Y-4.696 E.01427
G1 F1500
G1 X4.13 Y-4.097 E.05558
G1 X4.403 Y-3.816 E.01842
G1 X4.525 Y-3.66 E.00931
G1 X5.527 Y-4.249 E.05466
G1 F600
G1 X5.781 Y-4.397 E.01382
G1 X6.112 Y-3.923 E.02719
G1 X5.859 Y-3.774 E.01381
G1 F1500
G1 X4.873 Y-3.195 E.05377
G1 X5.159 Y-2.694 E.02713
G1 X6.152 Y-3.277 E.05415
G1 F600
G1 X6.407 Y-3.427 E.01391
G1 X6.657 Y-2.905 E.02722
G1 X6.403 Y-2.755 E.01387
G1 F1500
G1 X5.404 Y-2.169 E.05446
G1 X5.591 Y-1.609 E.02776
G1 X6.61 Y-2.208 E.05558
G1 F600
G1 X6.869 Y-2.36 E.01412
G1 X7.041 Y-1.791 E.02795
G1 X6.777 Y-1.637 E.01437
G1 F1500
G1 X5.731 Y-1.022 E.05706
G1 X5.812 Y-.401 E.02945
G1 X6.892 Y-1.035 E.05889
G1 F600
G1 X7.164 Y-1.195 E.01484
G1 X7.241 Y-.57 E.02961
G1 X6.96 Y-.406 E.0153
G1 F1500
G1 X5.817 Y.265 E.06233
G1 X5.79 Y.666 E.0189
G1 X5.734 Y.984 E.01518
G1 X6.964 Y.261 E.06709
G1 F600
G1 X7.263 Y.085 E.01632
G1 X7.222 Y.779 E.03269
G1 X6.902 Y.967 E.01745
G1 F1500
G1 X5.544 Y1.764 E.07405
G1 X5.455 Y2.051 E.01413
G1 X5.343 Y2.328 E.01405
G1 X5.18 Y2.647 E.01685
G1 X6.754 Y1.723 E.08583
G1 F600
G1 X7.403 Y1.342 E.03539
SET_VELOCITY_LIMIT ACCEL=10000
G1 E-1.2 F2100
;WIPE_START
G1 F600
G1 X5.678 Y2.354
;WIPE_END
G17
G3 Z5.6 I.547 J-1.087 P1  F30000
M73 P77 R1
G1 X-4.754 Y-2.897 Z5.6
G1 Z5.2
G1 E1.2 F2100
SET_VELOCITY_LIMIT ACCEL=2500
G1 F1500
G1 X-5.685 Y-2.351 E.05075
G1 X-6.754 Y-1.723 E.0583
G1 F600
G1 X-7.105 Y-1.517 E.01914
G1 X-7.222 Y-.779 E.03514
G1 X-6.902 Y-.967 E.01745
G1 F1500
G1 X-5.544 Y-1.764 E.07405
G1 X-5.66 Y-1.384 E.01868
G1 X-5.734 Y-.983 E.01918
G1 X-6.964 Y-.261 E.06707
G1 F600
G1 X-7.263 Y-.086 E.01629
G1 X-7.241 Y.571 E.03091
G1 X-6.96 Y.406 E.01532
G1 F1500
G1 X-5.817 Y-.265 E.06233
G1 X-5.812 Y.401 E.03132
G1 X-6.892 Y1.035 E.05889
G1 F600
G1 X-7.165 Y1.195 E.01488
G1 X-7.039 Y1.79 E.0286
G1 X-6.777 Y1.637 E.01427
G1 F1500
G1 X-5.731 Y1.022 E.05706
G1 X-5.668 Y1.351 E.01575
G1 X-5.591 Y1.61 E.01271
G1 X-6.61 Y2.208 E.05556
G1 F600
G1 X-6.871 Y2.361 E.01423
G1 X-6.861 Y2.392 E.00153
G1 X-6.657 Y2.905 E.02596
G1 X-6.403 Y2.755 E.01387
G1 F1500
G1 X-5.404 Y2.169 E.05446
G1 X-5.159 Y2.694 E.02724
G1 X-6.151 Y3.277 E.05411
G1 F600
G1 X-6.404 Y3.425 E.01378
G1 X-6.311 Y3.601 E.00936
G1 X-6.114 Y3.924 E.01779
G1 X-5.859 Y3.774 E.01391
G1 F1500
G1 X-4.873 Y3.195 E.05377
G1 X-4.525 Y3.66 E.02731
G1 X-5.527 Y4.249 E.05466
G1 F600
G1 X-5.782 Y4.398 E.01389
G1 X-5.408 Y4.848 E.02752
G1 X-5.149 Y4.696 E.01412
G1 F1500
G1 X-4.136 Y4.101 E.05525
G1 X-3.69 Y4.509 E.02842
G1 X-4.731 Y5.12 E.05676
G1 F600
G1 X-4.995 Y5.274 E.01437
G1 X-4.535 Y5.674 E.02867
G1 X-4.262 Y5.514 E.01488
G1 F1500
G1 X-3.18 Y4.878 E.05902
G1 X-2.603 Y5.209 E.03128
G1 X-3.746 Y5.88 E.06233
G1 F600
G1 X-4.027 Y6.045 E.01532
G1 X-3.466 Y6.385 E.03085
G1 X-3.166 Y6.208 E.01638
G1 F1500
G1 X-1.936 Y5.486 E.06707
G1 X-1.546 Y5.618 E.01936
G1 X-1.167 Y5.704 E.01828
G1 X-2.52 Y6.498 E.07377
G1 F600
G1 X-2.839 Y6.685 E.01739
G1 X-2.287 Y6.897 E.02781
G1 X-2.136 Y6.942 E.00741
G1 X-1.788 Y6.738 E.01897
G1 F1500
G1 X-.719 Y6.11 E.0583
G1 X.212 Y5.564 E.05075
SET_VELOCITY_LIMIT ACCEL=10000
G1 E-1.2 F2100
;WIPE_START
G1 F1500
G1 X-1.513 Y6.576
;WIPE_END
G17
G3 Z5.6 I-1.193 J-.242 P1  F30000
G1 X-1.666 Y7.336 Z5.6
G1 Z5.2
G1 E1.2 F2100
SET_VELOCITY_LIMIT ACCEL=2500
G1 F600
G1 X-.936 Y6.907 E.03982
G1 F1500
M73 P78 R1
G1 X.133 Y6.279 E.0583
G1 X1.086 Y5.72 E.05196
G1 X1.881 Y5.515 E.03861
G1 X2.497 Y5.265 E.03126
G1 X2.954 Y5.021 E.02436
G1 X3.406 Y4.728 E.02533
G1 X3.921 Y4.31 E.03119
G1 X4.468 Y3.734 E.03735
G1 X5.417 Y3.177 E.05175
G1 X6.487 Y2.549 E.05834
G1 F600
G1 X6.884 Y2.316 E.02165
G1 X6.785 Y2.601 E.01419
G1 X6.521 Y3.198 E.0307
G1 X-.384 Y7.252 E.37653
G1 X.332 Y7.258 E.03367
G1 X.814 Y7.218 E.02274
G1 X5.907 Y4.228 E.27772
G1 X5.691 Y4.518 E.017
G1 X5.405 Y4.856 E.02082
G1 X5.099 Y5.177 E.02085
G1 X4.774 Y5.478 E.02083
G1 X4.431 Y5.759 E.02085
G1 X1.809 Y7.303 E.14309
;LAYER_CHANGE
;Z:5.4
;HEIGHT:0.2
;BEFORE_LAYER_CHANGE
;5.4
G1 E-1.2 F2100
;WIPE_START
G1 F600
G1 X3.533 Y6.288
;WIPE_END
;AFTER_LAYER_CHANGE
;5.4
;_SET_FAN_SPEED_CHANGING_LAYER
SET_VELOCITY_LIMIT ACCEL=10000
G17
G3 Z5.8 I1.214 J-.083 P1  F30000
G1 X3.201 Y1.445 Z5.8
G1 Z5.4
G1 E1.2 F2100
SET_VELOCITY_LIMIT ACCEL=5000
;TYPE:Inner wall
G1 F2822
M106 S255
G1 X3.189 Y1.475 E.00153
G1 X3.01 Y1.811 E.01789
G1 X2.797 Y2.126 E.01789
G1 X2.551 Y2.416 E.01789
G1 X2.275 Y2.678 E.01789
G1 X1.972 Y2.908 E.01789
G1 X1.646 Y3.104 E.01789
G1 X1.3 Y3.264 E.01789
G1 X.94 Y3.385 E.01789
M73 P79 R1
G1 X.568 Y3.467 E.01789
G1 X.19 Y3.508 E.01789
G1 X-.19 Y3.508 E.01789
G1 X-.568 Y3.467 E.01789
G1 X-.94 Y3.385 E.01789
G1 X-1.3 Y3.264 E.01789
G1 X-1.646 Y3.104 E.01789
G1 X-1.972 Y2.908 E.01789
G1 X-2.275 Y2.678 E.01789
G1 X-2.551 Y2.416 E.01789
G1 X-2.797 Y2.126 E.01789
G1 X-3.01 Y1.811 E.01789
G1 X-3.189 Y1.475 E.01789
G1 X-3.329 Y1.122 E.01789
G1 X-3.431 Y.755 E.01789
G1 X-3.493 Y.38 E.01789
G1 X-3.513 Y0 E.01789
G1 X-3.493 Y-.38 E.01789
G1 X-3.431 Y-.755 E.01789
G1 X-3.329 Y-1.122 E.01789
G1 X-3.183 Y-1.49 E.01863
G1 X-2.908 Y-1.966 E.02585
G1 X-2.563 Y-2.405 E.02626
G1 X-2.275 Y-2.678 E.01866
G1 X-1.972 Y-2.908 E.01789
G1 X-1.646 Y-3.104 E.01789
G1 X-1.3 Y-3.264 E.01789
G1 X-.94 Y-3.385 E.01789
G1 X-.568 Y-3.467 E.01789
G1 X-.19 Y-3.508 E.01789
G1 X.19 Y-3.508 E.01789
G1 X.568 Y-3.467 E.01789
G1 X.94 Y-3.385 E.01789
G1 X1.3 Y-3.264 E.01789
G1 X1.646 Y-3.104 E.01789
G1 X1.985 Y-2.9 E.01863
G1 X2.411 Y-2.552 E.02585
G1 X2.788 Y-2.14 E.02626
G1 X3.01 Y-1.811 E.01866
G1 X3.189 Y-1.475 E.01789
G1 X3.329 Y-1.122 E.01789
G1 X3.431 Y-.755 E.01789
G1 X3.493 Y-.38 E.01789
G1 X3.514 Y.016 E.01863
G1 X3.465 Y.563 E.02585
G1 X3.336 Y1.107 E.02626
G1 X3.214 Y1.412 E.01544
SET_VELOCITY_LIMIT ACCEL=10000
G1 X2.665 Y1.231 F30000
SET_VELOCITY_LIMIT ACCEL=5000
;TYPE:Outer wall
G1 F2822
G1 X2.664 Y1.233 E.00006
G1 X2.515 Y1.513 E.01495
G1 X2.337 Y1.776 E.01495
G1 X2.131 Y2.019 E.01495
G1 X1.9 Y2.237 E.01495
G1 X1.647 Y2.43 E.01495
G1 X1.375 Y2.594 E.01495
G1 X1.087 Y2.727 E.01495
G1 X.785 Y2.828 E.01495
G1 X.475 Y2.897 E.01495
G1 X.159 Y2.931 E.01495
G1 X-.159 Y2.931 E.01495
G1 X-.475 Y2.897 E.01495
G1 X-.785 Y2.828 E.01495
G1 X-1.087 Y2.727 E.01495
G1 X-1.375 Y2.594 E.01495
G1 X-1.647 Y2.43 E.01495
G1 X-1.9 Y2.237 E.01495
G1 X-2.131 Y2.019 E.01495
G1 X-2.337 Y1.776 E.01495
G1 X-2.515 Y1.513 E.01495
G1 X-2.664 Y1.233 E.01495
G1 X-2.782 Y.937 E.01495
G1 X-2.867 Y.631 E.01495
G1 X-2.918 Y.317 E.01495
G1 X-2.935 Y0 E.01495
G1 X-2.918 Y-.317 E.01495
G1 X-2.867 Y-.631 E.01495
G1 X-2.782 Y-.937 E.01495
G1 X-2.662 Y-1.238 E.01521
G1 X-2.429 Y-1.642 E.02194
G1 X-2.135 Y-2.015 E.02233
G1 X-1.9 Y-2.237 E.01522
G1 X-1.647 Y-2.43 E.01495
G1 X-1.375 Y-2.594 E.01495
G1 X-1.087 Y-2.727 E.01495
G1 X-.785 Y-2.828 E.01495
G1 X-.475 Y-2.897 E.01495
G1 X-.159 Y-2.931 E.01495
G1 X.159 Y-2.931 E.01495
G1 X.475 Y-2.897 E.01495
G1 X.785 Y-2.828 E.01495
G1 X1.087 Y-2.727 E.01495
G1 X1.375 Y-2.594 E.01495
G1 X1.652 Y-2.427 E.01521
G1 X2.013 Y-2.132 E.02194
G1 X2.334 Y-1.781 E.02233
G1 X2.515 Y-1.513 E.01522
G1 X2.664 Y-1.233 E.01495
G1 X2.782 Y-.937 E.01495
G1 X2.867 Y-.631 E.01495
G1 X2.918 Y-.317 E.01495
G1 X2.936 Y.006 E.01521
G1 X2.894 Y.47 E.02194
G1 X2.784 Y.932 E.02233
G1 X2.678 Y1.198 E.01346
SET_VELOCITY_LIMIT ACCEL=10000
G1 E-1.2 F2100
;WIPE_START
G1 F7200
G1 X2.664 Y1.233
G1 X2.515 Y1.513
G1 X2.337 Y1.776
G1 X2.131 Y2.019
G1 X1.9 Y2.237
G1 X1.647 Y2.43
G1 X1.375 Y2.594
G1 X1.324 Y2.617
;WIPE_END
G17
G3 Z5.8 I1.173 J.326 P1  F30000
G1 X3.873 Y-6.554 Z5.8
G1 Z5.4
G1 E1.2 F2100
SET_VELOCITY_LIMIT ACCEL=5000
;TYPE:Inner wall
G1 F2822
G1 X4.265 Y-6.305 E.02183
G1 X4.642 Y-6.034 E.02183
G1 X5.001 Y-5.739 E.02183
G1 X5.342 Y-5.424 E.02183
G1 X5.662 Y-5.088 E.02183
G1 X5.962 Y-4.733 E.02183
G1 X6.24 Y-4.361 E.02183
G1 X6.494 Y-3.973 E.02183
G1 X6.724 Y-3.569 E.02183
G1 X6.929 Y-3.153 E.02183
G1 X7.108 Y-2.724 E.02183
G1 X7.261 Y-2.286 E.02183
G1 X7.387 Y-1.839 E.02183
G1 X7.485 Y-1.385 E.02183
G1 X7.556 Y-.926 E.02183
G1 X7.598 Y-.464 E.02183
G1 X7.613 Y0 E.02183
G1 X7.598 Y.464 E.02183
G1 X7.556 Y.926 E.02183
G1 X7.485 Y1.385 E.02183
G1 X7.387 Y1.839 E.02183
G1 X7.261 Y2.286 E.02183
G1 X7.108 Y2.724 E.02184
G1 X6.929 Y3.153 E.02183
G1 X6.724 Y3.569 E.02184
G1 X6.494 Y3.973 E.02183
G1 X6.239 Y4.361 E.02183
G1 X5.962 Y4.733 E.02183
G1 X5.662 Y5.088 E.02183
G1 X5.342 Y5.424 E.02183
G1 X5.001 Y5.739 E.02183
G1 X4.642 Y6.034 E.02183
G1 X4.265 Y6.305 E.02184
G1 X3.873 Y6.554 E.02183
G1 X3.466 Y6.778 E.02183
G1 X3.047 Y6.976 E.02183
G1 X2.616 Y7.149 E.02183
G1 X2.175 Y7.295 E.02183
G1 X1.726 Y7.414 E.02183
G1 X1.275 Y7.505 E.02167
G1 X.737 Y7.575 E.02548
G1 X.348 Y7.605 E.01834
G1 X-.113 Y7.612 E.02167
G1 X-.654 Y7.582 E.02549
G1 X-1.042 Y7.541 E.01834
G1 X-1.499 Y7.463 E.02183
G1 X-1.952 Y7.358 E.02183
G1 X-2.397 Y7.225 E.02183
G1 X-2.833 Y7.066 E.02183
G1 X-3.258 Y6.88 E.02183
G1 X-3.671 Y6.669 E.02183
G1 X-4.071 Y6.432 E.02183
G1 X-4.456 Y6.172 E.02183
G1 X-4.824 Y5.889 E.02183
G1 X-5.174 Y5.584 E.02183
G1 X-5.505 Y5.258 E.02184
G1 X-5.815 Y4.913 E.02183
G1 X-6.101 Y4.552 E.02167
G1 X-6.408 Y4.105 E.02549
G1 X-6.612 Y3.773 E.01834
G1 X-6.83 Y3.363 E.02183
G1 X-7.022 Y2.94 E.02183
G1 X-7.188 Y2.506 E.02183
G1 X-7.327 Y2.064 E.02183
G1 X-7.44 Y1.613 E.02183
G1 X-7.524 Y1.16 E.02167
G1 X-7.585 Y.621 E.02549
G1 X-7.609 Y.232 E.01834
G1 X-7.609 Y-.229 E.02167
G1 X-7.572 Y-.769 E.02549
G1 X-7.524 Y-1.156 E.01834
G1 X-7.44 Y-1.61 E.02167
G1 X-7.305 Y-2.134 E.02548
G1 X-7.188 Y-2.506 E.01834
G1 X-7.022 Y-2.94 E.02183
G1 X-6.83 Y-3.363 E.02183
G1 X-6.614 Y-3.77 E.02167
G1 X-6.327 Y-4.23 E.02548
G1 X-6.104 Y-4.549 E.01834
G1 X-5.815 Y-4.913 E.02183
G1 X-5.505 Y-5.258 E.02184
G1 X-5.174 Y-5.584 E.02183
G1 X-4.824 Y-5.889 E.02183
G1 X-4.456 Y-6.172 E.02183
G1 X-4.074 Y-6.43 E.02167
G1 X-3.605 Y-6.702 E.02548
G1 X-3.258 Y-6.88 E.01834
G1 X-2.833 Y-7.066 E.02183
G1 X-2.397 Y-7.225 E.02183
G1 X-1.952 Y-7.358 E.02183
G1 X-1.499 Y-7.463 E.02183
G1 X-1.042 Y-7.541 E.02183
G1 X-.583 Y-7.59 E.02167
G1 X-.042 Y-7.61 E.02549
G1 X.348 Y-7.605 E.01834
G1 X.811 Y-7.569 E.02184
G1 X1.271 Y-7.506 E.02183
G1 X1.723 Y-7.415 E.02167
G1 X2.245 Y-7.272 E.02548
G1 X2.616 Y-7.149 E.01834
G1 X3.043 Y-6.978 E.02167
G1 X3.531 Y-6.742 E.02549
G1 X3.842 Y-6.571 E.01665
SET_VELOCITY_LIMIT ACCEL=10000
G1 X4.167 Y-7.051 F30000
SET_VELOCITY_LIMIT ACCEL=5000
;TYPE:Outer wall
G1 F2822
G1 X4.589 Y-6.783 E.02349
G1 X4.994 Y-6.491 E.02349
G1 X5.38 Y-6.175 E.02349
G1 X5.747 Y-5.835 E.02349
G1 X6.092 Y-5.474 E.02349
G1 X6.414 Y-5.092 E.02349
G1 X6.713 Y-4.692 E.02349
G1 X6.986 Y-4.274 E.02349
G1 X7.234 Y-3.84 E.02349
G1 X7.454 Y-3.392 E.02349
G1 X7.647 Y-2.931 E.02349
G1 X7.812 Y-2.459 E.02349
G1 X7.947 Y-1.979 E.02349
G1 X8.053 Y-1.49 E.02349
G1 X8.129 Y-.997 E.02349
G1 X8.175 Y-.499 E.02349
G1 X8.19 Y0 E.02349
G1 X8.175 Y.499 E.02349
G1 X8.129 Y.997 E.02349
G1 X8.053 Y1.49 E.02349
G1 X7.947 Y1.979 E.02349
G1 X7.812 Y2.459 E.02349
G1 X7.647 Y2.931 E.02349
G1 X7.454 Y3.392 E.02349
G1 X7.234 Y3.84 E.02349
G1 X6.986 Y4.274 E.02349
G1 X6.713 Y4.692 E.02349
G1 X6.414 Y5.092 E.02349
G1 X6.092 Y5.474 E.02349
G1 X5.747 Y5.835 E.02349
G1 X5.38 Y6.175 E.02349
G1 X4.994 Y6.491 E.02349
G1 X4.589 Y6.783 E.02349
G1 X4.167 Y7.051 E.02349
G1 X3.729 Y7.292 E.02349
G1 X3.278 Y7.505 E.02349
G1 X2.814 Y7.691 E.02349
G1 X2.34 Y7.848 E.02349
G1 X1.857 Y7.977 E.02349
G1 X1.369 Y8.075 E.02343
G1 X.796 Y8.149 E.02714
G1 X.375 Y8.181 E.01989
G1 X-.124 Y8.189 E.02343
G1 X-.7 Y8.158 E.02714
G1 X-1.121 Y8.113 E.01989
G1 X-1.613 Y8.029 E.02349
G1 X-2.1 Y7.916 E.02349
G1 X-2.578 Y7.773 E.02349
G1 X-3.047 Y7.602 E.02349
G1 X-3.505 Y7.402 E.02349
G1 X-3.95 Y7.174 E.02349
G1 X-4.38 Y6.92 E.02349
G1 X-4.794 Y6.64 E.02349
G1 X-5.19 Y6.336 E.02349
G1 X-5.566 Y6.008 E.02349
G1 X-5.922 Y5.657 E.02349
G1 X-6.256 Y5.286 E.02349
G1 X-6.566 Y4.895 E.02343
G1 X-6.893 Y4.42 E.02714
G1 X-7.113 Y4.059 E.01989
G1 X-7.348 Y3.618 E.02349
G1 X-7.554 Y3.163 E.02349
G1 X-7.733 Y2.697 E.02349
G1 X-7.883 Y2.22 E.02349
G1 X-8.004 Y1.735 E.02349
G1 X-8.095 Y1.245 E.02343
G1 X-8.16 Y.672 E.02714
G1 X-8.186 Y.25 E.01989
G1 X-8.186 Y-.249 E.02343
G1 X-8.146 Y-.824 E.02714
G1 X-8.095 Y-1.244 E.01989
G1 X-8.004 Y-1.734 E.02343
G1 X-7.86 Y-2.293 E.02714
G1 X-7.733 Y-2.697 E.01989
G1 X-7.554 Y-3.163 E.02349
G1 X-7.348 Y-3.618 E.02349
G1 X-7.114 Y-4.058 E.02343
G1 X-6.809 Y-4.548 E.02714
G1 X-6.567 Y-4.894 E.01989
G1 X-6.256 Y-5.286 E.02349
G1 X-5.922 Y-5.657 E.02349
G1 X-5.566 Y-6.008 E.02349
G1 X-5.19 Y-6.336 E.02349
G1 X-4.794 Y-6.64 E.02349
G1 X-4.381 Y-6.92 E.02343
G1 X-3.882 Y-7.209 E.02714
G1 X-3.505 Y-7.402 E.01989
G1 X-3.047 Y-7.602 E.02349
G1 X-2.578 Y-7.773 E.02349
G1 X-2.1 Y-7.916 E.02349
M73 P80 R1
G1 X-1.613 Y-8.029 E.02349
G1 X-1.121 Y-8.113 E.02349
G1 X-.625 Y-8.166 E.02343
G1 X-.048 Y-8.188 E.02714
G1 X.375 Y-8.181 E.01989
G1 X.873 Y-8.143 E.02349
G1 X1.367 Y-8.075 E.02349
G1 X1.856 Y-7.977 E.02343
G1 X2.413 Y-7.824 E.02714
G1 X2.814 Y-7.691 E.01989
G1 X3.277 Y-7.506 E.02343
G1 X3.796 Y-7.255 E.02714
G1 X4.135 Y-7.068 E.0182
SET_VELOCITY_LIMIT ACCEL=10000
G1 E-1.2 F2100
;WIPE_START
G1 F7200
G1 X4.589 Y-6.783
G1 X4.994 Y-6.491
G1 X5.38 Y-6.175
G1 X5.722 Y-5.858
;WIPE_END
G17
G3 Z5.8 I-1.139 J-.428 P1  F30000
G1 X3.788 Y-.717 Z5.8
G1 Z5.4
G1 E1.2 F2100
;TYPE:Sparse infill
G1 F2822
G1 X3.658 Y-1.233 E.02501
G1 X3.503 Y-1.621 E.01966
G1 X3.308 Y-1.99 E.01965
G1 X3.06 Y-2.355 E.02073
G1 X2.723 Y-2.723 E.02348
G1 X3.968 Y-3.968 E.0828
G1 X4.255 Y-3.667 E.01956
G1 X4.46 Y-3.414 E.01533
G1 X4.836 Y-2.856 E.03162
G1 X5.143 Y-2.258 E.03162
G1 X5.263 Y-1.962 E.015
G1 X5.459 Y-1.319 E.03162
G1 X5.577 Y-.664 E.03129
G1 X5.617 Y.007 E.03162
G1 X5.609 Y.267 E.01223
G1 X.271 Y5.605 E.35498
G1 X.835 Y5.554 E.02662
G1 X1.487 Y5.416 E.03133
G1 X2.105 Y5.208 E.03065
G1 X2.487 Y5.025 E.01992
G1 X1.013 Y6.883 F30000
SET_VELOCITY_LIMIT ACCEL=7000
;TYPE:Internal solid infill
;WIDTH:0.753594
G1 F2822
G1 X1.558 Y6.789 E.03207
G1 X2.373 Y6.549 E.04918
G1 X3.152 Y6.211 E.04918
G1 X3.885 Y5.782 E.04918
G1 X4.56 Y5.266 E.04919
G1 X5.164 Y4.669 E.04916
G1 X5.487 Y4.279 E.02937
G1 X5.72 Y3.971 E.02234
G1 X6.143 Y3.286 E.04666
G1 X6.498 Y2.514 E.04919
G1 X6.707 Y1.863 E.03959
G1 X6.845 Y1.252 E.03629
G1 X6.944 Y.446 E.04703
G1 X6.963 Y.022 E.02457
G1 X6.925 Y-.734 E.04384
G1 X6.782 Y-1.583 E.04988
G1 X6.545 Y-2.377 E.04793
G1 X6.161 Y-3.246 E.05503
G1 X5.721 Y-3.972 E.04918
G1 X5.196 Y-4.639 E.04918
G1 X4.592 Y-5.237 E.04918
G1 X3.92 Y-5.758 E.04924
G1 X3.243 Y-6.163 E.04569
G1 X2.787 Y-6.385 E.02936
G1 X2.068 Y-6.651 E.04444
G1 X1.579 Y-6.785 E.02933
G1 X1.076 Y-6.875 E.02959
G1 X.424 Y-6.946 E.03799
G1 X-.187 Y-6.958 E.03538
G1 X-.932 Y-6.904 E.04325
G1 X-1.765 Y-6.74 E.04919
G1 X-2.55 Y-6.483 E.04785
G1 X-3.278 Y-6.146 E.04645
G1 X-4.014 Y-5.692 E.05007
G1 X-4.662 Y-5.174 E.04803
G1 X-5.305 Y-4.51 E.05356
G1 X-5.78 Y-3.88 E.04568
G1 X-6.05 Y-3.451 E.02933
G1 X-6.417 Y-2.709 E.04794
G1 X-6.682 Y-1.966 E.0457
G1 X-6.809 Y-1.475 E.02936
G1 X-6.927 Y-.717 E.04443
G1 X-6.963 Y-.211 E.02936
G1 X-6.941 Y.565 E.04499
G1 X-6.812 Y1.455 E.05205
G1 X-6.585 Y2.273 E.04919
G1 X-6.255 Y3.056 E.04922
G1 X-6.006 Y3.517 E.03033
G1 X-5.597 Y4.15 E.04366
G1 X-5.053 Y4.797 E.04893
G1 X-4.435 Y5.374 E.04896
G1 X-3.766 Y5.861 E.04791
G1 X-3.053 Y6.26 E.04734
G1 X-2.446 Y6.515 E.0381
G1 X-1.85 Y6.708 E.03628
G1 X-1.351 Y6.833 E.02983
G1 X-.611 Y6.937 E.04323
G1 X-.105 Y6.967 E.02936
G1 X.407 Y6.948 E.02967
G1 X.977 Y6.887 E.0332
SET_VELOCITY_LIMIT ACCEL=10000
G1 X4.646 Y4.17 F30000
SET_VELOCITY_LIMIT ACCEL=7000
;WIDTH:0.750516
G1 F2822
G1 X4.252 Y4.59 E.03315
G1 X3.67 Y5.067 E.04339
G1 X3.045 Y5.465 E.04273
G1 X2.364 Y5.793 E.04363
G1 X1.677 Y6.028 E.04183
G1 X.958 Y6.181 E.04236
G1 X.397 Y6.242 E.03259
G1 X-.111 Y6.256 E.02926
G1 X-.896 Y6.192 E.04542
G1 X-1.615 Y6.044 E.04232
G1 X-2.153 Y5.872 E.03261
G1 X-2.677 Y5.658 E.03262
G1 X-3.317 Y5.307 E.04207
G1 X-3.921 Y4.877 E.04275
G1 X-4.481 Y4.369 E.04364
G1 X-4.956 Y3.82 E.04184
G1 X-5.266 Y3.371 E.03144
G1 X-5.599 Y2.763 E.04
G1 X-5.851 Y2.216 E.03474
G1 X-6.075 Y1.497 E.04339
G1 X-6.21 Y.753 E.04359
G1 X-6.249 Y-.215 E.05587
G1 X-6.164 Y-1.072 E.04966
G1 X-6.042 Y-1.624 E.03259
G1 X-5.871 Y-2.163 E.03263
G1 X-5.572 Y-2.845 E.0429
G1 X-5.189 Y-3.472 E.0424
G1 X-4.781 Y-4.02 E.03937
G1 X-4.254 Y-4.591 E.04482
G1 X-3.672 Y-5.068 E.04341
G1 X-3.046 Y-5.466 E.04275
G1 X-2.364 Y-5.795 E.04364
G1 X-1.677 Y-6.029 E.04184
G1 X-.952 Y-6.185 E.04279
G1 X-.207 Y-6.253 E.0431
G1 X.345 Y-6.245 E.03185
G1 X.908 Y-6.19 E.0326
G1 X1.429 Y-6.088 E.03065
G1 X2.153 Y-5.872 E.04357
G1 X2.677 Y-5.657 E.03262
G1 X3.316 Y-5.306 E.04206
G1 X3.92 Y-4.876 E.04273
G1 X4.48 Y-4.367 E.04363
G1 X4.955 Y-3.819 E.04183
G1 X5.38 Y-3.193 E.04363
G1 X5.853 Y-2.217 E.06257
G1 X6.077 Y-1.498 E.04341
G1 X6.213 Y-.754 E.0436
G1 X6.245 Y.011 E.04413
G1 X6.205 Y.762 E.0434
G1 X6.068 Y1.518 E.04425
G1 X5.872 Y2.164 E.03893
G1 X5.573 Y2.845 E.04291
M73 P80 R0
G1 X5.112 Y3.593 E.05067
G1 X4.668 Y4.142 E.04071
SET_VELOCITY_LIMIT ACCEL=10000
G1 E-1.2 F2100
;WIPE_START
G1 F9000
G1 X5.112 Y3.593
G1 X5.573 Y2.845
G1 X5.74 Y2.465
;WIPE_END
G1 X-1.767 Y1.088 Z5.8 F30000
G1 X-3.788 Y.717 Z5.8
G1 Z5.4
G1 E1.2 F2100
;TYPE:Sparse infill
;WIDTH:0.62
G1 F2822
G1 X-3.658 Y1.233 E.02499
G1 X-3.503 Y1.621 E.01966
G1 X-3.308 Y1.99 E.01965
G1 X-3.073 Y2.336 E.01965
G1 X-2.727 Y2.727 E.02455
G1 X-3.968 Y3.968 E.08259
G1 X-4.255 Y3.667 E.01956
G1 X-4.46 Y3.414 E.01533
G1 X-4.836 Y2.856 E.03162
G1 X-5.143 Y2.258 E.03162
G1 X-5.263 Y1.962 E.015
G1 X-5.459 Y1.319 E.03162
G1 X-5.577 Y.664 E.03129
G1 X-5.617 Y-.007 E.03162
M73 P81 R0
G1 X-5.609 Y-.267 E.01223
G1 X-.271 Y-5.605 E.35499
G1 X-.829 Y-5.555 E.02635
G1 X-1.487 Y-5.416 E.03162
G1 X-2.105 Y-5.208 E.03065
G1 X-2.487 Y-5.026 E.01992
;LAYER_CHANGE
;Z:5.6
;HEIGHT:0.2
;BEFORE_LAYER_CHANGE
;5.6
G1 E-1.2 F2100
;WIPE_START
G1 F6000
G1 X-2.105 Y-5.208
G1 X-1.487 Y-5.416
G1 X-.829 Y-5.555
G1 X-.578 Y-5.577
;WIPE_END
;AFTER_LAYER_CHANGE
;5.6
;_SET_FAN_SPEED_CHANGING_LAYER
G17
G3 Z6 I-1.072 J.577 P1  F30000
G1 X3.201 Y1.445 Z6
G1 Z5.6
G1 E1.2 F2100
SET_VELOCITY_LIMIT ACCEL=5000
;TYPE:Inner wall
G1 F2427
G1 X3.189 Y1.475 E.00153
G1 X3.01 Y1.811 E.01789
G1 X2.797 Y2.126 E.01789
G1 X2.551 Y2.416 E.01789
G1 X2.275 Y2.678 E.01789
G1 X1.972 Y2.908 E.01789
G1 X1.646 Y3.104 E.01789
G1 X1.3 Y3.264 E.01789
G1 X.94 Y3.385 E.01789
G1 X.568 Y3.467 E.01789
G1 X.19 Y3.508 E.01789
G1 X-.19 Y3.508 E.01789
G1 X-.568 Y3.467 E.01789
G1 X-.94 Y3.385 E.01789
G1 X-1.3 Y3.264 E.01789
G1 X-1.646 Y3.104 E.01789
G1 X-1.972 Y2.908 E.01789
G1 X-2.275 Y2.678 E.01789
G1 X-2.551 Y2.416 E.01789
G1 X-2.797 Y2.126 E.01789
G1 X-3.01 Y1.811 E.01789
G1 X-3.189 Y1.475 E.01789
G1 X-3.329 Y1.122 E.01789
G1 X-3.431 Y.755 E.01789
G1 X-3.493 Y.38 E.01789
G1 X-3.513 Y0 E.01789
G1 X-3.493 Y-.38 E.01789
G1 X-3.429 Y-.77 E.01857
G1 X-3.27 Y-1.278 E.02504
G1 X-3.02 Y-1.797 E.02709
G1 X-2.797 Y-2.126 E.01871
G1 X-2.551 Y-2.416 E.01789
G1 X-2.275 Y-2.678 E.01789
G1 X-1.972 Y-2.908 E.01789
G1 X-1.646 Y-3.104 E.01789
G1 X-1.287 Y-3.27 E.01857
G1 X-.777 Y-3.423 E.02504
G1 X-.208 Y-3.508 E.02709
G1 X.19 Y-3.508 E.01871
G1 X.568 Y-3.467 E.01789
G1 X.94 Y-3.385 E.01789
G1 X1.3 Y-3.264 E.01789
G1 X1.646 Y-3.104 E.01789
G1 X1.972 Y-2.908 E.01789
G1 X2.275 Y-2.678 E.01789
G1 X2.551 Y-2.416 E.01789
G1 X2.797 Y-2.126 E.01789
G1 X3.01 Y-1.811 E.01789
G1 X3.189 Y-1.475 E.01789
G1 X3.329 Y-1.122 E.01789
G1 X3.431 Y-.755 E.01789
G1 X3.493 Y-.38 E.01789
G1 X3.514 Y.014 E.01857
G1 X3.468 Y.545 E.02504
G1 X3.336 Y1.106 E.02709
G1 X3.214 Y1.412 E.01549
SET_VELOCITY_LIMIT ACCEL=10000
G1 X2.665 Y1.231 F30000
SET_VELOCITY_LIMIT ACCEL=5000
;TYPE:Outer wall
G1 F2427
G1 X2.664 Y1.233 E.00006
G1 X2.515 Y1.513 E.01495
G1 X2.337 Y1.776 E.01495
G1 X2.131 Y2.019 E.01495
G1 X1.9 Y2.237 E.01495
G1 X1.647 Y2.43 E.01495
G1 X1.375 Y2.594 E.01495
G1 X1.087 Y2.727 E.01495
G1 X.785 Y2.828 E.01495
G1 X.475 Y2.897 E.01495
G1 X.159 Y2.931 E.01495
G1 X-.159 Y2.931 E.01495
G1 X-.475 Y2.897 E.01495
G1 X-.785 Y2.828 E.01495
G1 X-1.087 Y2.727 E.01495
G1 X-1.375 Y2.594 E.01495
G1 X-1.647 Y2.43 E.01495
G1 X-1.9 Y2.237 E.01495
G1 X-2.131 Y2.019 E.01495
G1 X-2.337 Y1.776 E.01495
G1 X-2.515 Y1.513 E.01495
G1 X-2.664 Y1.233 E.01495
G1 X-2.782 Y.937 E.01495
G1 X-2.867 Y.631 E.01495
G1 X-2.918 Y.317 E.01495
G1 X-2.935 Y0 E.01495
G1 X-2.918 Y-.317 E.01495
G1 X-2.866 Y-.636 E.01518
G1 X-2.732 Y-1.065 E.02116
G1 X-2.519 Y-1.508 E.02311
G1 X-2.337 Y-1.776 E.01523
G1 X-2.131 Y-2.019 E.01495
G1 X-1.9 Y-2.237 E.01495
G1 X-1.647 Y-2.43 E.01495
G1 X-1.375 Y-2.594 E.01495
G1 X-1.082 Y-2.729 E.01518
G1 X-.651 Y-2.859 E.02116
G1 X-.165 Y-2.931 E.02311
G1 X.159 Y-2.931 E.01523
G1 X.475 Y-2.897 E.01495
G1 X.785 Y-2.828 E.01495
G1 X1.087 Y-2.727 E.01495
G1 X1.375 Y-2.594 E.01495
G1 X1.647 Y-2.43 E.01495
G1 X1.9 Y-2.237 E.01495
G1 X2.131 Y-2.019 E.01495
G1 X2.337 Y-1.776 E.01495
G1 X2.515 Y-1.513 E.01495
G1 X2.664 Y-1.233 E.01495
G1 X2.782 Y-.937 E.01495
G1 X2.867 Y-.631 E.01495
G1 X2.918 Y-.317 E.01495
G1 X2.936 Y.005 E.01518
G1 X2.897 Y.453 E.02116
G1 X2.784 Y.932 E.02311
G1 X2.678 Y1.198 E.01348
SET_VELOCITY_LIMIT ACCEL=10000
G1 E-1.2 F2100
;WIPE_START
G1 F7200
G1 X2.664 Y1.233
G1 X2.515 Y1.513
G1 X2.337 Y1.776
G1 X2.131 Y2.019
G1 X1.9 Y2.237
G1 X1.647 Y2.43
G1 X1.375 Y2.594
G1 X1.325 Y2.617
;WIPE_END
G17
G3 Z6 I1.174 J.32 P1  F30000
G1 X3.831 Y-6.576 Z6
G1 Z5.6
G1 E1.2 F2100
SET_VELOCITY_LIMIT ACCEL=5000
;TYPE:Inner wall
G1 F2427
G1 X3.873 Y-6.554 E.00223
G1 X4.265 Y-6.305 E.02183
G1 X4.642 Y-6.034 E.02183
G1 X5.001 Y-5.739 E.02183
G1 X5.342 Y-5.424 E.02183
G1 X5.662 Y-5.088 E.02183
G1 X5.959 Y-4.737 E.02158
G1 X6.308 Y-4.257 E.02792
G1 X6.724 Y-3.569 E.03781
G1 X6.929 Y-3.153 E.02183
G1 X7.108 Y-2.724 E.02183
G1 X7.261 Y-2.286 E.02183
G1 X7.387 Y-1.839 E.02183
G1 X7.485 Y-1.385 E.02183
G1 X7.556 Y-.926 E.02183
G1 X7.598 Y-.464 E.02183
G1 X7.613 Y0 E.02183
G1 X7.598 Y.464 E.02183
G1 X7.556 Y.926 E.02183
G1 X7.485 Y1.385 E.02183
G1 X7.387 Y1.839 E.02183
G1 X7.261 Y2.286 E.02183
G1 X7.108 Y2.724 E.02183
G1 X6.929 Y3.153 E.02183
G1 X6.724 Y3.569 E.02183
G1 X6.494 Y3.973 E.02183
G1 X6.239 Y4.361 E.02184
G1 X5.962 Y4.733 E.02183
G1 X5.662 Y5.088 E.02183
G1 X5.342 Y5.424 E.02183
G1 X5.001 Y5.739 E.02183
G1 X4.642 Y6.034 E.02183
G1 X4.265 Y6.305 E.02183
G1 X3.873 Y6.554 E.02183
G1 X3.466 Y6.778 E.02183
G1 X3.047 Y6.976 E.02183
G1 X2.616 Y7.149 E.02183
G1 X2.175 Y7.295 E.02184
G1 X1.726 Y7.414 E.02183
G1 X1.271 Y7.506 E.02184
G1 X.811 Y7.569 E.02183
G1 X.348 Y7.605 E.02184
G1 X-.116 Y7.612 E.02183
G1 X-.58 Y7.59 E.02183
G1 X-1.042 Y7.541 E.02183
G1 X-1.499 Y7.463 E.02183
G1 X-1.952 Y7.358 E.02183
G1 X-2.397 Y7.225 E.02183
G1 X-2.833 Y7.066 E.02183
G1 X-3.258 Y6.88 E.02183
G1 X-3.671 Y6.669 E.02183
G1 X-4.071 Y6.432 E.02183
G1 X-4.456 Y6.172 E.02183
G1 X-4.824 Y5.889 E.02183
G1 X-5.174 Y5.584 E.02183
G1 X-5.501 Y5.262 E.02158
G1 X-5.892 Y4.816 E.02792
G1 X-6.37 Y4.169 E.03781
G1 X-6.612 Y3.773 E.02183
G1 X-6.83 Y3.363 E.02183
G1 X-7.022 Y2.94 E.02183
G1 X-7.188 Y2.506 E.02183
G1 X-7.327 Y2.064 E.02183
G1 X-7.44 Y1.613 E.02183
G1 X-7.524 Y1.156 E.02183
G1 X-7.581 Y.696 E.02183
G1 X-7.609 Y.232 E.02183
G1 X-7.609 Y-.232 E.02183
G1 X-7.581 Y-.696 E.02183
G1 X-7.524 Y-1.156 E.02183
G1 X-7.44 Y-1.613 E.02183
G1 X-7.327 Y-2.064 E.02183
G1 X-7.188 Y-2.506 E.02183
G1 X-7.022 Y-2.94 E.02183
G1 X-6.832 Y-3.358 E.02158
G1 X-6.37 Y-4.169 E.0439
G1 X-6.104 Y-4.549 E.02183
G1 X-5.815 Y-4.913 E.02183
G1 X-5.505 Y-5.258 E.02183
G1 X-5.178 Y-5.58 E.02158
G1 X-4.725 Y-5.965 E.02792
G1 X-4.076 Y-6.429 E.03756
G1 X-3.561 Y-6.725 E.02792
G1 X-2.833 Y-7.066 E.03781
G1 X-2.397 Y-7.225 E.02183
G1 X-1.952 Y-7.358 E.02183
G1 X-1.499 Y-7.463 E.02183
G1 X-1.042 Y-7.541 E.02183
G1 X-.585 Y-7.59 E.02158
G1 X.348 Y-7.605 E.0439
G1 X.811 Y-7.569 E.02183
G1 X1.271 Y-7.506 E.02183
G1 X1.721 Y-7.415 E.02158
G1 X2.293 Y-7.256 E.02792
G1 X3.047 Y-6.976 E.03781
G1 X3.466 Y-6.778 E.02183
G1 X3.8 Y-6.594 E.01791
SET_VELOCITY_LIMIT ACCEL=10000
G1 X4.11 Y-7.082 F30000
SET_VELOCITY_LIMIT ACCEL=5000
;TYPE:Outer wall
G1 F2427
G1 X4.167 Y-7.051 E.00306
G1 X4.589 Y-6.783 E.02349
G1 X4.994 Y-6.491 E.02349
G1 X5.38 Y-6.175 E.02349
G1 X5.747 Y-5.835 E.02349
M73 P82 R0
G1 X6.092 Y-5.474 E.02349
G1 X6.413 Y-5.094 E.0234
G1 X6.783 Y-4.585 E.02958
G1 X6.986 Y-4.274 E.01748
G1 X7.234 Y-3.84 E.02349
G1 X7.454 Y-3.392 E.02349
G1 X7.647 Y-2.931 E.02349
G1 X7.812 Y-2.459 E.02349
G1 X7.947 Y-1.979 E.02349
G1 X8.053 Y-1.49 E.02349
G1 X8.129 Y-.997 E.02349
G1 X8.175 Y-.499 E.02349
G1 X8.19 Y0 E.02349
G1 X8.175 Y.499 E.02349
G1 X8.129 Y.997 E.02349
G1 X8.053 Y1.49 E.02349
G1 X7.947 Y1.979 E.02349
G1 X7.812 Y2.459 E.02349
G1 X7.647 Y2.931 E.02349
G1 X7.454 Y3.392 E.02349
G1 X7.234 Y3.84 E.02349
G1 X6.986 Y4.274 E.02349
G1 X6.713 Y4.692 E.02349
G1 X6.414 Y5.092 E.02349
G1 X6.092 Y5.474 E.02349
G1 X5.747 Y5.835 E.02349
G1 X5.38 Y6.175 E.02349
G1 X4.994 Y6.491 E.02349
G1 X4.589 Y6.783 E.02349
G1 X4.167 Y7.051 E.02349
G1 X3.729 Y7.292 E.02349
G1 X3.278 Y7.505 E.02349
G1 X2.814 Y7.691 E.02349
G1 X2.34 Y7.848 E.02349
G1 X1.857 Y7.977 E.02349
G1 X1.367 Y8.075 E.02349
G1 X.873 Y8.143 E.02349
G1 X.375 Y8.181 E.02349
G1 X-.125 Y8.189 E.02349
G1 X-.624 Y8.166 E.02349
G1 X-1.121 Y8.113 E.02349
G1 X-1.613 Y8.029 E.02349
G1 X-2.1 Y7.916 E.02349
G1 X-2.578 Y7.773 E.02349
G1 X-3.047 Y7.602 E.02349
G1 X-3.505 Y7.402 E.02349
G1 X-3.95 Y7.174 E.02349
G1 X-4.38 Y6.92 E.02349
G1 X-4.794 Y6.64 E.02349
G1 X-5.19 Y6.336 E.02349
G1 X-5.566 Y6.008 E.02349
G1 X-5.921 Y5.658 E.0234
G1 X-6.335 Y5.186 E.02958
G1 X-6.567 Y4.894 E.01748
G1 X-6.853 Y4.485 E.02349
G1 X-7.113 Y4.059 E.02349
G1 X-7.348 Y3.618 E.02349
G1 X-7.554 Y3.163 E.02349
G1 X-7.733 Y2.697 E.02349
G1 X-7.883 Y2.22 E.02349
G1 X-8.004 Y1.735 E.02349
G1 X-8.095 Y1.244 E.02349
G1 X-8.156 Y.748 E.02349
G1 X-8.186 Y.25 E.02349
G1 X-8.186 Y-.25 E.02349
G1 X-8.156 Y-.748 E.02349
G1 X-8.095 Y-1.244 E.02349
G1 X-8.004 Y-1.735 E.02349
G1 X-7.883 Y-2.22 E.02349
G1 X-7.733 Y-2.697 E.02349
G1 X-7.554 Y-3.163 E.02349
G1 X-7.348 Y-3.616 E.0234
G1 X-6.853 Y-4.485 E.04705
G1 X-6.567 Y-4.894 E.02349
G1 X-6.256 Y-5.286 E.02349
G1 X-5.922 Y-5.657 E.02349
G1 X-5.568 Y-6.006 E.0234
G1 X-5.088 Y-6.414 E.02958
G1 X-4.794 Y-6.64 E.01748
G1 X-4.381 Y-6.919 E.0234
G1 X-3.836 Y-7.233 E.02957
G1 X-3.505 Y-7.402 E.01748
G1 X-3.047 Y-7.602 E.02349
G1 X-2.578 Y-7.773 E.02349
G1 X-2.1 Y-7.916 E.02349
G1 X-1.613 Y-8.029 E.02349
G1 X-1.121 Y-8.113 E.02349
G1 X-.626 Y-8.166 E.0234
G1 X.375 Y-8.181 E.04705
G1 X.873 Y-8.143 E.02349
G1 X1.367 Y-8.075 E.02349
G1 X1.855 Y-7.977 E.0234
G1 X2.461 Y-7.808 E.02957
G1 X2.814 Y-7.691 E.01748
G1 X3.278 Y-7.505 E.02349
G1 X3.729 Y-7.292 E.02349
G1 X4.078 Y-7.099 E.01874
SET_VELOCITY_LIMIT ACCEL=10000
G1 E-1.2 F2100
;WIPE_START
G1 F7200
G1 X4.167 Y-7.051
G1 X4.589 Y-6.783
G1 X4.994 Y-6.491
G1 X5.38 Y-6.175
G1 X5.674 Y-5.903
;WIPE_END
G17
G3 Z6 I-1.144 J-.416 P1  F30000
G1 X3.788 Y-.717 Z6
G1 Z5.6
G1 E1.2 F2100
;TYPE:Sparse infill
G1 F2427
G1 X3.658 Y-1.233 E.02499
G1 X3.503 Y-1.621 E.01966
G1 X3.308 Y-1.99 E.01965
G1 X3.073 Y-2.336 E.01966
G1 X2.727 Y-2.727 E.02455
G1 X4.618 Y-4.618 E.12581
G1 X4.117 Y-5.073 E.03185
G1 X3.809 Y-5.308 E.01821
G1 X3.154 Y-5.722 E.0364
G1 X2.81 Y-5.898 E.01821
G1 X2.267 Y-6.124 E.02764
G1 X1.722 Y-6.302 E.02696
G1 X1.346 Y-6.393 E.01821
G1 X.626 Y-6.502 E.03422
G1 X-6.501 Y.625 E.47396
G1 X-6.533 Y0 E.02942
G1 X-6.522 Y-.387 E.01821
G1 X-6.43 Y-1.156 E.0364
G1 X-6.315 Y-1.663 E.02448
G1 X-3.788 Y.717 F30000
G1 F2427
G1 X-3.658 Y1.233 E.02499
G1 X-3.503 Y1.621 E.01966
G1 X-3.308 Y1.99 E.01965
G1 X-3.073 Y2.336 E.01965
G1 X-2.727 Y2.727 E.02455
G1 X-4.618 Y4.618 E.12581
G1 X-4.117 Y5.073 E.03185
G1 X-3.809 Y5.308 E.01821
G1 X-3.154 Y5.722 E.0364
G1 X-2.81 Y5.898 E.01821
G1 X-2.092 Y6.189 E.0364
G1 X-1.722 Y6.302 E.01821
G1 X-1.346 Y6.393 E.01821
G1 X-.626 Y6.502 E.03422
G1 X6.501 Y-.625 E.47396
G1 X6.533 Y0 E.02942
G1 X6.522 Y.387 E.01821
G1 X6.43 Y1.156 E.0364
G1 X6.315 Y1.663 E.02448
G1 X-5.081 Y4.907 F30000
SET_VELOCITY_LIMIT ACCEL=7000
;TYPE:Internal solid infill
;WIDTH:0.553437
G1 F2427
G1 X-4.466 Y5.475 E.03482
G1 X-3.787 Y5.965 E.03483
G1 X-3.055 Y6.371 E.03483
G1 X-2.463 Y6.624 E.02678
G1 X-1.879 Y6.816 E.02559
G1 X-1.062 Y6.99 E.03474
G1 X-.228 Y7.066 E.03485
G1 X.416 Y7.053 E.02679
G1 X1.028 Y6.992 E.02558
G1 X1.603 Y6.883 E.02433
G1 X2.429 Y6.637 E.03585
G1 X3.218 Y6.293 E.03585
G1 X3.961 Y5.855 E.03585
G1 X4.644 Y5.329 E.03585
G1 X5.258 Y4.725 E.03586
G1 X5.795 Y4.05 E.03586
G1 X6.245 Y3.315 E.03586
G1 X6.603 Y2.531 E.03586
G1 X6.816 Y1.865 E.02908
G1 X6.952 Y1.265 E.02559
G1 X7.052 Y.437 E.03472
M73 P83 R0
G1 X7.055 Y-.4 E.03483
G1 X7.014 Y-.86 E.01919
G1 X6.857 Y-1.707 E.03584
G1 X6.599 Y-2.529 E.03585
G1 X6.243 Y-3.311 E.03572
G1 X5.854 Y-3.956 E.03135
G1 X5.534 Y-4.399 E.02276
G1 X5.081 Y-4.914 E.02852
G1 X4.468 Y-5.477 E.03462
G1 X3.788 Y-5.966 E.03484
G1 X3.056 Y-6.372 E.03483
G1 X2.463 Y-6.622 E.02678
G1 X1.877 Y-6.811 E.02558
G1 X1.179 Y-6.971 E.02979
G1 X.421 Y-7.056 E.03172
G1 X-.552 Y-7.049 E.0405
G1 X-1.438 Y-6.918 E.03724
G1 X-2.246 Y-6.7 E.03483
G1 X-3.023 Y-6.388 E.03483
G1 X-3.759 Y-5.99 E.03483
G1 X-4.393 Y-5.539 E.03235
G1 X-4.806 Y-5.181 E.02276
G1 X-5.398 Y-4.561 E.03565
G1 X-5.911 Y-3.874 E.03566
G1 X-6.346 Y-3.11 E.0366
G1 X-6.755 Y-2.082 E.046
G1 X-6.953 Y-1.268 E.03484
G1 X-7.054 Y-.437 E.03484
G1 X-7.056 Y.4 E.03483
G1 X-6.959 Y1.232 E.03483
G1 X-6.764 Y2.046 E.03483
G1 X-6.474 Y2.832 E.03483
G1 X-6.094 Y3.578 E.03483
G1 X-5.628 Y4.274 E.03483
G1 X-5.104 Y4.88 E.03334
;LAYER_CHANGE
;Z:5.8
;HEIGHT:0.2
;BEFORE_LAYER_CHANGE
;5.8
G1 E-1.2 F2100
;WIPE_START
G1 F9000
G1 X-5.628 Y4.274
G1 X-6.094 Y3.578
G1 X-6.258 Y3.256
;WIPE_END
;AFTER_LAYER_CHANGE
;5.8
;_SET_FAN_SPEED_CHANGING_LAYER
SET_VELOCITY_LIMIT ACCEL=10000
G17
G3 Z6.2 I.229 J1.195 P1  F30000
G1 X3.201 Y1.445 Z6.2
G1 Z5.8
G1 E1.2 F2100
SET_VELOCITY_LIMIT ACCEL=5000
;TYPE:Inner wall
;WIDTH:0.62
G1 F2047
G1 X3.189 Y1.475 E.00154
G1 X3.01 Y1.811 E.01789
G1 X2.797 Y2.126 E.01789
G1 X2.551 Y2.416 E.01789
G1 X2.275 Y2.678 E.01789
G1 X1.972 Y2.908 E.01789
G1 X1.646 Y3.104 E.01789
G1 X1.3 Y3.264 E.01789
G1 X.94 Y3.385 E.01789
G1 X.568 Y3.467 E.01789
G1 X.19 Y3.508 E.01789
G1 X-.19 Y3.508 E.01789
G1 X-.568 Y3.467 E.01789
G1 X-.94 Y3.385 E.01789
G1 X-1.3 Y3.264 E.01789
G1 X-1.646 Y3.104 E.01789
G1 X-1.972 Y2.908 E.01789
G1 X-2.275 Y2.678 E.01789
G1 X-2.551 Y2.416 E.01789
G1 X-2.797 Y2.126 E.01789
G1 X-3.01 Y1.811 E.01789
G1 X-3.189 Y1.475 E.01789
G1 X-3.329 Y1.122 E.01789
G1 X-3.435 Y.743 E.0185
G1 X-3.503 Y.232 E.02423
G1 X-3.496 Y-.361 E.02791
G1 X-3.431 Y-.755 E.01877
G1 X-3.329 Y-1.122 E.01789
G1 X-3.189 Y-1.475 E.01789
G1 X-3.01 Y-1.811 E.01789
G1 X-2.797 Y-2.126 E.01789
G1 X-2.551 Y-2.416 E.01789
G1 X-2.275 Y-2.678 E.01789
G1 X-1.972 Y-2.908 E.01789
G1 X-1.646 Y-3.104 E.01789
G1 X-1.3 Y-3.264 E.01789
G1 X-.94 Y-3.385 E.01789
G1 X-.568 Y-3.467 E.01789
G1 X-.19 Y-3.508 E.01789
G1 X.19 Y-3.508 E.01789
G1 X.568 Y-3.467 E.01789
G1 X.94 Y-3.385 E.01789
G1 X1.3 Y-3.264 E.01789
G1 X1.646 Y-3.104 E.01789
G1 X1.972 Y-2.908 E.01789
G1 X2.275 Y-2.678 E.01789
G1 X2.551 Y-2.416 E.01789
G1 X2.797 Y-2.126 E.01789
G1 X3.01 Y-1.811 E.01789
G1 X3.189 Y-1.475 E.01789
G1 X3.329 Y-1.122 E.01789
G1 X3.435 Y-.743 E.0185
G1 X3.503 Y-.232 E.02423
G1 X3.496 Y.361 E.02791
G1 X3.431 Y.755 E.01877
G1 X3.329 Y1.122 E.01789
G1 X3.214 Y1.411 E.01466
SET_VELOCITY_LIMIT ACCEL=10000
G1 X2.665 Y1.231 F30000
SET_VELOCITY_LIMIT ACCEL=5000
;TYPE:Outer wall
G1 F2047
G1 X2.664 Y1.233 E.00006
G1 X2.515 Y1.513 E.01495
G1 X2.337 Y1.776 E.01495
G1 X2.131 Y2.019 E.01495
G1 X1.9 Y2.237 E.01495
G1 X1.647 Y2.43 E.01495
G1 X1.375 Y2.594 E.01495
G1 X1.087 Y2.727 E.01495
G1 X.785 Y2.828 E.01495
G1 X.475 Y2.897 E.01495
G1 X.159 Y2.931 E.01495
G1 X-.159 Y2.931 E.01495
G1 X-.475 Y2.897 E.01495
G1 X-.785 Y2.828 E.01495
G1 X-1.087 Y2.727 E.01495
G1 X-1.375 Y2.594 E.01495
G1 X-1.647 Y2.43 E.01495
G1 X-1.9 Y2.237 E.01495
G1 X-2.131 Y2.019 E.01495
G1 X-2.337 Y1.776 E.01495
G1 X-2.515 Y1.513 E.01495
G1 X-2.664 Y1.233 E.01495
G1 X-2.782 Y.937 E.01495
G1 X-2.868 Y.627 E.01516
G1 X-2.926 Y.197 E.02038
G1 X-2.919 Y-.311 E.0239
G1 X-2.867 Y-.631 E.01525
G1 X-2.782 Y-.937 E.01495
G1 X-2.664 Y-1.233 E.01495
G1 X-2.515 Y-1.513 E.01495
G1 X-2.337 Y-1.776 E.01495
G1 X-2.131 Y-2.019 E.01495
G1 X-1.9 Y-2.237 E.01495
G1 X-1.647 Y-2.43 E.01495
G1 X-1.375 Y-2.594 E.01495
G1 X-1.087 Y-2.727 E.01495
G1 X-.785 Y-2.828 E.01495
G1 X-.475 Y-2.897 E.01495
G1 X-.159 Y-2.931 E.01495
G1 X.159 Y-2.931 E.01495
G1 X.475 Y-2.897 E.01495
G1 X.785 Y-2.828 E.01495
G1 X1.087 Y-2.727 E.01495
G1 X1.375 Y-2.594 E.01495
G1 X1.647 Y-2.43 E.01495
G1 X1.9 Y-2.237 E.01495
G1 X2.131 Y-2.019 E.01495
G1 X2.337 Y-1.776 E.01495
G1 X2.515 Y-1.513 E.01495
G1 X2.664 Y-1.233 E.01495
G1 X2.782 Y-.937 E.01495
G1 X2.868 Y-.627 E.01516
G1 X2.926 Y-.197 E.02038
G1 X2.919 Y.311 E.0239
G1 X2.867 Y.631 E.01525
G1 X2.782 Y.937 E.01495
G1 X2.678 Y1.198 E.01319
SET_VELOCITY_LIMIT ACCEL=10000
G1 E-1.2 F2100
;WIPE_START
G1 F7200
G1 X2.664 Y1.233
G1 X2.515 Y1.513
G1 X2.337 Y1.776
G1 X2.131 Y2.019
G1 X1.9 Y2.237
G1 X1.647 Y2.43
G1 X1.375 Y2.594
G1 X1.325 Y2.617
;WIPE_END
G1 X3.276 Y-4.762 Z6.2 F30000
G1 X3.766 Y-6.613 Z6.2
G1 Z5.8
G1 E1.2 F2100
SET_VELOCITY_LIMIT ACCEL=5000
;TYPE:Inner wall
G1 F2047
G1 X3.873 Y-6.554 E.00576
G1 X4.265 Y-6.305 E.02183
G1 X4.642 Y-6.034 E.02183
G1 X5.001 Y-5.739 E.02183
G1 X5.336 Y-5.429 E.0215
G1 X5.775 Y-4.955 E.03036
G1 X6.239 Y-4.361 E.03545
G1 X6.494 Y-3.973 E.02183
G1 X6.724 Y-3.569 E.02183
G1 X6.929 Y-3.153 E.02183
G1 X7.108 Y-2.724 E.02183
G1 X7.261 Y-2.286 E.02183
G1 X7.387 Y-1.839 E.02183
G1 X7.485 Y-1.385 E.02183
G1 X7.556 Y-.926 E.02183
G1 X7.598 Y-.464 E.02183
G1 X7.613 Y0 E.02183
G1 X7.598 Y.464 E.02183
G1 X7.556 Y.926 E.02183
G1 X7.485 Y1.385 E.02183
G1 X7.387 Y1.839 E.02183
G1 X7.261 Y2.286 E.02183
G1 X7.108 Y2.724 E.02183
G1 X6.929 Y3.153 E.02183
G1 X6.724 Y3.569 E.02183
G1 X6.494 Y3.973 E.02183
G1 X6.239 Y4.361 E.02184
G1 X5.962 Y4.733 E.02183
G1 X5.662 Y5.088 E.02183
G1 X5.342 Y5.424 E.02183
G1 X5.001 Y5.739 E.02183
G1 X4.642 Y6.034 E.02183
G1 X4.265 Y6.305 E.02183
G1 X3.873 Y6.554 E.02183
G1 X3.466 Y6.778 E.02183
G1 X3.047 Y6.976 E.02183
G1 X2.616 Y7.149 E.02183
G1 X2.175 Y7.295 E.02183
G1 X1.726 Y7.414 E.02183
G1 X1.278 Y7.504 E.0215
G1 X.637 Y7.582 E.03035
G1 X-.116 Y7.612 E.03545
G1 X-.58 Y7.59 E.02183
G1 X-1.042 Y7.541 E.02183
G1 X-1.499 Y7.463 E.02183
G1 X-1.952 Y7.358 E.02184
M73 P84 R0
G1 X-2.397 Y7.225 E.02183
G1 X-2.833 Y7.066 E.02183
G1 X-3.258 Y6.88 E.02183
G1 X-3.671 Y6.669 E.02183
G1 X-4.071 Y6.432 E.02183
G1 X-4.456 Y6.172 E.02183
G1 X-4.824 Y5.889 E.02183
G1 X-5.174 Y5.584 E.02184
G1 X-5.505 Y5.258 E.02183
G1 X-5.815 Y4.913 E.02183
G1 X-6.099 Y4.555 E.0215
G1 X-6.461 Y4.02 E.03036
G1 X-6.83 Y3.363 E.03545
G1 X-7.022 Y2.94 E.02183
G1 X-7.188 Y2.506 E.02183
G1 X-7.327 Y2.064 E.02183
G1 X-7.44 Y1.613 E.02183
G1 X-7.524 Y1.156 E.02183
G1 X-7.581 Y.696 E.02183
G1 X-7.609 Y.232 E.02183
G1 X-7.609 Y-.232 E.02183
G1 X-7.581 Y-.696 E.02183
G1 X-7.524 Y-1.156 E.02183
G1 X-7.44 Y-1.613 E.02183
G1 X-7.327 Y-2.064 E.02183
G1 X-7.19 Y-2.5 E.0215
G1 X-6.95 Y-3.099 E.03035
G1 X-6.612 Y-3.773 E.03545
G1 X-6.37 Y-4.169 E.02183
G1 X-6.104 Y-4.549 E.02183
G1 X-5.815 Y-4.913 E.02183
G1 X-5.505 Y-5.258 E.02183
G1 X-5.179 Y-5.579 E.0215
G1 X-4.685 Y-5.996 E.03036
G1 X-4.071 Y-6.432 E.03545
G1 X-3.671 Y-6.669 E.02183
G1 X-3.258 Y-6.88 E.02183
G1 X-2.833 Y-7.066 E.02183
G1 X-2.397 Y-7.225 E.02183
G1 X-1.952 Y-7.358 E.02183
G1 X-1.499 Y-7.463 E.02183
G1 X-1.042 Y-7.541 E.02183
G1 X-.587 Y-7.59 E.0215
G1 X.348 Y-7.605 E.04398
G1 X.811 Y-7.569 E.02184
G1 X1.271 Y-7.506 E.02183
G1 X1.719 Y-7.416 E.0215
G1 X2.341 Y-7.24 E.03035
G1 X3.047 Y-6.976 E.03545
G1 X3.466 Y-6.778 E.02183
G1 X3.734 Y-6.63 E.01439
SET_VELOCITY_LIMIT ACCEL=10000
G1 X4.044 Y-7.118 F30000
SET_VELOCITY_LIMIT ACCEL=5000
;TYPE:Outer wall
G1 F2047
G1 X4.167 Y-7.051 E.00658
G1 X4.589 Y-6.783 E.02349
G1 X4.994 Y-6.491 E.02349
G1 X5.38 Y-6.175 E.02349
G1 X5.745 Y-5.837 E.02337
G1 X6.207 Y-5.337 E.03201
G1 X6.713 Y-4.692 E.03855
G1 X6.986 Y-4.274 E.02349
G1 X7.234 Y-3.84 E.02349
G1 X7.454 Y-3.392 E.02349
G1 X7.647 Y-2.931 E.02349
G1 X7.812 Y-2.459 E.02349
G1 X7.947 Y-1.979 E.02349
G1 X8.053 Y-1.49 E.02349
G1 X8.129 Y-.997 E.02349
G1 X8.175 Y-.499 E.02349
G1 X8.19 Y0 E.02349
G1 X8.175 Y.499 E.02349
G1 X8.129 Y.997 E.02349
G1 X8.053 Y1.49 E.02349
G1 X7.947 Y1.979 E.02349
G1 X7.812 Y2.459 E.02349
G1 X7.647 Y2.931 E.02349
G1 X7.454 Y3.392 E.02349
G1 X7.234 Y3.84 E.02349
G1 X6.986 Y4.274 E.02349
G1 X6.713 Y4.692 E.02349
G1 X6.414 Y5.092 E.02349
G1 X6.092 Y5.474 E.02349
G1 X5.747 Y5.835 E.02349
G1 X5.38 Y6.175 E.02349
G1 X4.994 Y6.491 E.02349
G1 X4.589 Y6.783 E.02349
G1 X4.167 Y7.051 E.02349
G1 X3.729 Y7.292 E.02349
G1 X3.278 Y7.505 E.02349
G1 X2.814 Y7.691 E.02349
G1 X2.34 Y7.848 E.02349
G1 X1.857 Y7.977 E.02349
G1 X1.37 Y8.074 E.02337
G1 X.694 Y8.157 E.03201
G1 X-.125 Y8.189 E.03854
G1 X-.624 Y8.166 E.02349
G1 X-1.121 Y8.113 E.02349
G1 X-1.613 Y8.029 E.02349
G1 X-2.1 Y7.916 E.02349
G1 X-2.578 Y7.773 E.02349
G1 X-3.047 Y7.602 E.02349
G1 X-3.505 Y7.402 E.02349
G1 X-3.95 Y7.174 E.02349
G1 X-4.38 Y6.92 E.02349
G1 X-4.794 Y6.64 E.02349
G1 X-5.19 Y6.336 E.02349
G1 X-5.566 Y6.008 E.02349
G1 X-5.922 Y5.657 E.02349
G1 X-6.256 Y5.286 E.02349
G1 X-6.565 Y4.896 E.02337
G1 X-6.946 Y4.332 E.03201
G1 X-7.348 Y3.618 E.03854
G1 X-7.554 Y3.163 E.02349
G1 X-7.733 Y2.697 E.02349
G1 X-7.883 Y2.22 E.02349
G1 X-8.004 Y1.735 E.02349
G1 X-8.095 Y1.244 E.02349
G1 X-8.156 Y.748 E.02349
G1 X-8.186 Y.25 E.02349
G1 X-8.186 Y-.25 E.02349
G1 X-8.156 Y-.748 E.02349
G1 X-8.095 Y-1.244 E.02349
G1 X-8.004 Y-1.735 E.02349
G1 X-7.883 Y-2.22 E.02349
G1 X-7.734 Y-2.694 E.02337
G1 X-7.48 Y-3.326 E.03201
G1 X-7.113 Y-4.059 E.03854
G1 X-6.853 Y-4.485 E.02349
G1 X-6.567 Y-4.894 E.02349
G1 X-6.256 Y-5.286 E.02349
G1 X-5.922 Y-5.657 E.02349
G1 X-5.568 Y-6.006 E.02338
G1 X-5.048 Y-6.445 E.03201
G1 X-4.38 Y-6.92 E.03855
G1 X-3.95 Y-7.174 E.02349
G1 X-3.505 Y-7.402 E.02349
G1 X-3.047 Y-7.602 E.02349
G1 X-2.578 Y-7.773 E.02349
G1 X-2.1 Y-7.916 E.02349
G1 X-1.613 Y-8.029 E.02349
G1 X-1.121 Y-8.113 E.02349
G1 X-.626 Y-8.166 E.02337
G1 X.375 Y-8.181 E.04707
G1 X.873 Y-8.143 E.02349
G1 X1.367 Y-8.075 E.02349
G1 X1.855 Y-7.977 E.02337
G1 X2.51 Y-7.792 E.03201
G1 X3.278 Y-7.505 E.03854
G1 X3.729 Y-7.292 E.02349
G1 X4.013 Y-7.135 E.01521
SET_VELOCITY_LIMIT ACCEL=10000
G1 E-1.2 F2100
;WIPE_START
G1 F7200
G1 X4.167 Y-7.051
G1 X4.589 Y-6.783
G1 X4.994 Y-6.491
G1 X5.38 Y-6.175
G1 X5.619 Y-5.953
;WIPE_END
G1 X-1.023 Y-7.193 Z6.2 F30000
G1 Z5.8
G1 E1.2 F2100
;TYPE:Sparse infill
G1 F2047
G1 X-.566 Y-7.244 E.02164
G1 X.338 Y-7.258 E.04248
G1 X.774 Y-7.225 E.02059
G1 X1.276 Y-7.152 E.02383
G1 X-7.15 Y1.274 E.56034
G1 X-6.994 Y1.97 E.03352
G1 X-6.861 Y2.392 E.02084
G1 X-6.702 Y2.806 E.02084
G1 X-6.52 Y3.206 E.02065
G1 X-6.166 Y3.838 E.03409
G1 X-5.82 Y4.35 E.02906
G1 X-5.55 Y4.689 E.02038
G1 X-5.136 Y5.136 E.02865
G1 X-2.727 Y2.727 E.16022
G1 X-3.073 Y2.336 E.02455
M73 P85 R0
G1 X-3.308 Y1.99 E.01965
G1 X-3.503 Y1.621 E.01965
G1 X-3.658 Y1.233 E.01966
G1 X-3.787 Y.717 E.02498
G1 E-1.2 F2100
;WIPE_START
G1 F6000
G1 X-3.658 Y1.233
G1 X-3.503 Y1.621
G1 X-3.308 Y1.99
G1 X-3.073 Y2.336
G1 X-2.93 Y2.497
;WIPE_END
G1 X3.787 Y-.717 Z6.2 F30000
G1 Z5.8
G1 E1.2 F2100
G1 F2047
G1 X3.658 Y-1.233 E.02498
G1 X3.503 Y-1.621 E.01966
G1 X3.308 Y-1.99 E.01965
G1 X3.073 Y-2.336 E.01966
G1 X2.727 Y-2.727 E.02455
G1 X5.136 Y-5.136 E.16022
G1 X5.511 Y-4.73 E.02599
G1 X5.958 Y-4.159 E.03409
G1 X6.198 Y-3.792 E.02065
G1 X6.418 Y-3.407 E.02084
G1 X6.614 Y-3.009 E.02084
G1 X6.785 Y-2.601 E.02084
G1 X6.931 Y-2.182 E.02084
G1 X7.051 Y-1.755 E.02084
G1 X7.152 Y-1.276 E.02305
G1 X-1.274 Y7.15 E.56037
G1 X-.554 Y7.245 E.03418
G1 X-.115 Y7.265 E.02065
G1 X.609 Y7.237 E.03409
G1 X1.023 Y7.187 E.01961
;LAYER_CHANGE
;Z:6
;HEIGHT:0.2
;BEFORE_LAYER_CHANGE
;6
G1 E-1.2 F2100
;WIPE_START
G1 F6000
G1 X.609 Y7.237
G1 X-.115 Y7.265
G1 X-.554 Y7.245
G1 X-.969 Y7.19
;WIPE_END
;AFTER_LAYER_CHANGE
;6
;_SET_FAN_SPEED_CHANGING_LAYER
G17
G3 Z6.4 I.985 J.715 P1  F30000
G1 X3.201 Y1.445 Z6.4
G1 Z6
G1 E1.2 F2100
SET_VELOCITY_LIMIT ACCEL=5000
;TYPE:Inner wall
G1 F2685
G1 X3.189 Y1.475 E.00154
G1 X3.01 Y1.811 E.01789
G1 X2.797 Y2.126 E.01789
G1 X2.551 Y2.416 E.01789
G1 X2.275 Y2.678 E.01789
G1 X1.972 Y2.908 E.01789
G1 X1.646 Y3.104 E.01789
G1 X1.3 Y3.264 E.01789
G1 X.94 Y3.385 E.01789
G1 X.568 Y3.467 E.01789
G1 X.19 Y3.508 E.01789
G1 X-.19 Y3.508 E.01789
G1 X-.568 Y3.467 E.01789
G1 X-.94 Y3.385 E.01789
G1 X-1.3 Y3.264 E.01789
G1 X-1.646 Y3.104 E.01789
G1 X-1.972 Y2.908 E.01789
G1 X-2.275 Y2.678 E.01789
G1 X-2.551 Y2.416 E.01789
G1 X-2.797 Y2.126 E.01789
G1 X-3.01 Y1.811 E.01789
G1 X-3.189 Y1.475 E.01789
G1 X-3.329 Y1.122 E.01789
G1 X-3.431 Y.755 E.01789
G1 X-3.493 Y.38 E.01789
G1 X-3.513 Y0 E.01789
G1 X-3.493 Y-.38 E.01789
G1 X-3.431 Y-.755 E.01789
G1 X-3.329 Y-1.122 E.01789
G1 X-3.184 Y-1.486 E.01843
G1 X-2.954 Y-1.895 E.02207
G1 X-2.797 Y-2.126 E.01315
G1 X-2.543 Y-2.425 E.01843
G1 X-2.194 Y-2.739 E.02207
G1 X-1.972 Y-2.908 E.01315
G1 X-1.646 Y-3.104 E.01789
G1 X-1.3 Y-3.264 E.01789
G1 X-.94 Y-3.385 E.01789
G1 X-.568 Y-3.467 E.01789
G1 X-.19 Y-3.508 E.01789
G1 X.19 Y-3.508 E.01789
G1 X.568 Y-3.467 E.01789
G1 X.94 Y-3.385 E.01789
G1 X1.3 Y-3.264 E.01789
G1 X1.646 Y-3.104 E.01789
G1 X1.982 Y-2.902 E.01843
G1 X2.348 Y-2.608 E.02207
G1 X2.551 Y-2.416 E.01315
G1 X2.797 Y-2.126 E.01789
G1 X3.01 Y-1.811 E.01789
G1 X3.189 Y-1.475 E.01789
G1 X3.329 Y-1.122 E.01789
G1 X3.431 Y-.755 E.01789
G1 X3.493 Y-.38 E.01789
G1 X3.513 Y0 E.01789
G1 X3.493 Y.38 E.01789
G1 X3.431 Y.755 E.01789
G1 X3.329 Y1.122 E.01789
G1 X3.214 Y1.411 E.01466
SET_VELOCITY_LIMIT ACCEL=10000
G1 X2.665 Y1.231 F30000
SET_VELOCITY_LIMIT ACCEL=5000
;TYPE:Outer wall
G1 F2685
G1 X2.664 Y1.233 E.00007
G1 X2.515 Y1.513 E.01495
G1 X2.337 Y1.776 E.01495
G1 X2.131 Y2.019 E.01495
G1 X1.9 Y2.237 E.01495
G1 X1.647 Y2.43 E.01495
G1 X1.375 Y2.594 E.01495
G1 X1.087 Y2.727 E.01495
G1 X.785 Y2.828 E.01495
G1 X.475 Y2.897 E.01495
G1 X.159 Y2.931 E.01495
G1 X-.159 Y2.931 E.01495
G1 X-.475 Y2.897 E.01495
G1 X-.785 Y2.828 E.01495
G1 X-1.087 Y2.727 E.01495
G1 X-1.375 Y2.594 E.01495
G1 X-1.647 Y2.43 E.01495
G1 X-1.9 Y2.237 E.01495
G1 X-2.131 Y2.019 E.01495
G1 X-2.337 Y1.776 E.01495
G1 X-2.515 Y1.513 E.01495
G1 X-2.664 Y1.233 E.01495
G1 X-2.782 Y.937 E.01495
G1 X-2.867 Y.631 E.01495
G1 X-2.918 Y.317 E.01495
G1 X-2.935 Y0 E.01495
G1 X-2.918 Y-.317 E.01495
G1 X-2.867 Y-.631 E.01495
G1 X-2.782 Y-.937 E.01495
G1 X-2.663 Y-1.236 E.01514
G1 X-2.337 Y-1.776 E.02966
G1 X-2.129 Y-2.022 E.01514
G1 X-1.647 Y-2.43 E.02966
G1 X-1.375 Y-2.594 E.01495
G1 X-1.087 Y-2.727 E.01495
G1 X-.785 Y-2.828 E.01495
G1 X-.475 Y-2.897 E.01495
G1 X-.159 Y-2.931 E.01495
G1 X.159 Y-2.931 E.01495
G1 X.475 Y-2.897 E.01495
G1 X.785 Y-2.828 E.01495
G1 X1.087 Y-2.727 E.01495
G1 X1.375 Y-2.594 E.01495
G1 X1.651 Y-2.428 E.01514
G1 X1.968 Y-2.173 E.01913
G1 X2.131 Y-2.019 E.01056
G1 X2.337 Y-1.776 E.01495
G1 X2.515 Y-1.513 E.01495
G1 X2.664 Y-1.233 E.01495
G1 X2.782 Y-.937 E.01495
G1 X2.867 Y-.631 E.01495
G1 X2.918 Y-.317 E.01495
G1 X2.935 Y0 E.01495
G1 X2.918 Y.317 E.01495
G1 X2.867 Y.631 E.01495
G1 X2.782 Y.937 E.01495
G1 X2.678 Y1.198 E.01319
SET_VELOCITY_LIMIT ACCEL=10000
G1 E-1.2 F2100
;WIPE_START
G1 F7200
G1 X2.664 Y1.233
G1 X2.515 Y1.513
G1 X2.337 Y1.776
G1 X2.131 Y2.019
G1 X1.9 Y2.237
G1 X1.647 Y2.43
G1 X1.375 Y2.594
G1 X1.325 Y2.617
;WIPE_END
G1 X3.197 Y-4.782 Z6.4 F30000
G1 X3.673 Y-6.662 Z6.4
G1 Z6
G1 E1.2 F2100
SET_VELOCITY_LIMIT ACCEL=5000
;TYPE:Inner wall
G1 F2685
G1 X4.273 Y-6.3 E.03298
G1 X4.642 Y-6.034 E.02138
G1 X5.001 Y-5.739 E.02183
G1 X5.342 Y-5.424 E.02183
G1 X5.662 Y-5.088 E.02183
G1 X5.962 Y-4.733 E.02184
G1 X6.234 Y-4.368 E.02144
G1 X6.596 Y-3.792 E.03197
G1 X6.933 Y-3.144 E.03435
G1 X7.108 Y-2.724 E.02138
G1 X7.261 Y-2.286 E.02183
G1 X7.387 Y-1.839 E.02183
G1 X7.485 Y-1.385 E.02183
G1 X7.556 Y-.926 E.02183
G1 X7.598 Y-.464 E.02183
G1 X7.613 Y0 E.02183
G1 X7.598 Y.464 E.02183
G1 X7.556 Y.926 E.02183
G1 X7.485 Y1.385 E.02183
G1 X7.389 Y1.831 E.02144
G1 X7.192 Y2.482 E.03197
G1 X6.925 Y3.161 E.03435
G1 X6.724 Y3.569 E.02138
G1 X6.494 Y3.973 E.02183
G1 X6.239 Y4.361 E.02184
G1 X5.962 Y4.733 E.02183
G1 X5.662 Y5.088 E.02183
G1 X5.342 Y5.424 E.02183
G1 X5.001 Y5.739 E.02183
G1 X4.642 Y6.034 E.02183
G1 X4.265 Y6.305 E.02184
G1 X3.873 Y6.554 E.02183
G1 X3.466 Y6.778 E.02184
G1 X3.047 Y6.976 E.02183
G1 X2.616 Y7.149 E.02183
G1 X2.175 Y7.295 E.02184
G1 X1.726 Y7.414 E.02183
G1 X1.279 Y7.504 E.02144
G1 X.604 Y7.584 E.03197
G1 X-.126 Y7.611 E.03435
G1 X-.58 Y7.59 E.02138
G1 X-1.042 Y7.541 E.02183
G1 X-1.499 Y7.463 E.02183
G1 X-1.952 Y7.358 E.02183
G1 X-2.397 Y7.225 E.02183
G1 X-2.833 Y7.066 E.02183
G1 X-3.258 Y6.88 E.02183
G1 X-3.671 Y6.669 E.02183
G1 X-4.071 Y6.432 E.02183
G1 X-4.456 Y6.172 E.02183
G1 X-4.824 Y5.889 E.02183
M73 P86 R0
G1 X-5.174 Y5.584 E.02183
G1 X-5.499 Y5.264 E.02144
G1 X-5.943 Y4.75 E.03197
G1 X-6.375 Y4.161 E.03435
G1 X-6.612 Y3.773 E.02138
G1 X-6.83 Y3.363 E.02183
G1 X-7.022 Y2.94 E.02183
G1 X-7.188 Y2.506 E.02183
G1 X-7.327 Y2.064 E.02183
G1 X-7.44 Y1.613 E.02183
G1 X-7.523 Y1.165 E.02144
G1 X-7.593 Y.488 E.03197
G1 X-7.608 Y-.233 E.03395
G1 X-7.555 Y-.901 E.03152
G1 X-7.437 Y-1.622 E.03435
G1 X-7.327 Y-2.064 E.02138
G1 X-7.191 Y-2.498 E.02144
G1 X-6.935 Y-3.128 E.03197
G1 X-6.607 Y-3.781 E.03435
G1 X-6.37 Y-4.169 E.02138
G1 X-6.104 Y-4.549 E.02183
G1 X-5.815 Y-4.913 E.02183
G1 X-5.505 Y-5.258 E.02183
G1 X-5.18 Y-5.578 E.02144
G1 X-4.659 Y-6.015 E.03197
G1 X-4.063 Y-6.437 E.03435
G1 X-3.671 Y-6.669 E.02138
G1 X-3.258 Y-6.88 E.02183
G1 X-2.84 Y-7.063 E.02144
G1 X-2.198 Y-7.284 E.03197
G1 X-1.49 Y-7.465 E.03435
G1 X-1.042 Y-7.541 E.02138
G1 X-.588 Y-7.589 E.02144
G1 X.091 Y-7.608 E.03197
G1 X.821 Y-7.568 E.03435
G1 X1.271 Y-7.506 E.02138
G1 X1.718 Y-7.416 E.02144
G1 X2.372 Y-7.229 E.03197
G1 X3.048 Y-6.975 E.03395
G1 X3.642 Y-6.68 E.03119
SET_VELOCITY_LIMIT ACCEL=10000
G1 X3.971 Y-7.156 F30000
SET_VELOCITY_LIMIT ACCEL=5000
;TYPE:Outer wall
G1 F2685
G1 X4.592 Y-6.782 E.0341
G1 X4.994 Y-6.491 E.02333
G1 X5.38 Y-6.175 E.02349
G1 X5.747 Y-5.835 E.02349
G1 X6.092 Y-5.474 E.02349
G1 X6.414 Y-5.092 E.02349
G1 X6.711 Y-4.694 E.02335
G1 X7.097 Y-4.079 E.03416
G1 X7.456 Y-3.389 E.03658
G1 X7.647 Y-2.931 E.02333
G1 X7.812 Y-2.459 E.02349
G1 X7.947 Y-1.979 E.02349
G1 X8.053 Y-1.49 E.02349
G1 X8.129 Y-.997 E.02349
G1 X8.175 Y-.499 E.02349
G1 X8.19 Y0 E.02349
G1 X8.175 Y.499 E.02349
G1 X8.129 Y.997 E.02349
G1 X8.053 Y1.49 E.02349
G1 X7.948 Y1.976 E.02335
G1 X7.738 Y2.671 E.03416
G1 X7.453 Y3.395 E.03657
G1 X7.234 Y3.84 E.02333
G1 X6.986 Y4.274 E.02349
G1 X6.713 Y4.692 E.02349
G1 X6.414 Y5.092 E.02349
G1 X6.092 Y5.474 E.02349
G1 X5.747 Y5.835 E.02349
G1 X5.38 Y6.175 E.02349
G1 X4.994 Y6.491 E.02349
G1 X4.589 Y6.783 E.02349
G1 X4.167 Y7.051 E.02349
G1 X3.729 Y7.292 E.02349
G1 X3.278 Y7.505 E.02349
G1 X2.814 Y7.691 E.02349
G1 X2.34 Y7.848 E.02349
G1 X1.857 Y7.977 E.02349
G1 X1.37 Y8.074 E.02335
G1 X.649 Y8.16 E.03416
G1 X-.128 Y8.189 E.03657
G1 X-.624 Y8.166 E.02333
G1 X-1.121 Y8.113 E.02349
G1 X-1.613 Y8.029 E.02349
G1 X-2.1 Y7.916 E.02349
G1 X-2.578 Y7.773 E.02349
G1 X-3.047 Y7.602 E.02349
G1 X-3.505 Y7.402 E.02349
G1 X-3.95 Y7.174 E.02349
G1 X-4.38 Y6.92 E.02349
G1 X-4.794 Y6.64 E.02349
G1 X-5.19 Y6.336 E.02349
G1 X-5.566 Y6.008 E.02349
G1 X-5.92 Y5.659 E.02335
G1 X-6.395 Y5.11 E.03416
G1 X-6.854 Y4.482 E.03658
G1 X-7.113 Y4.059 E.02333
G1 X-7.348 Y3.618 E.02349
G1 X-7.554 Y3.163 E.02349
G1 X-7.733 Y2.697 E.02349
G1 X-7.883 Y2.22 E.02349
G1 X-8.004 Y1.735 E.02349
G1 X-8.094 Y1.247 E.02335
G1 X-8.169 Y.524 E.03416
G1 X-8.186 Y-.25 E.03644
G1 X-8.128 Y-.971 E.034
G1 X-8.003 Y-1.739 E.03658
G1 X-7.883 Y-2.22 E.02333
G1 X-7.734 Y-2.694 E.02335
G1 X-7.461 Y-3.367 E.03416
G1 X-7.112 Y-4.062 E.03658
G1 X-6.853 Y-4.485 E.02333
G1 X-6.567 Y-4.894 E.02349
G1 X-6.256 Y-5.286 E.02349
G1 X-5.922 Y-5.657 E.02349
G1 X-5.568 Y-6.006 E.02335
G1 X-5.012 Y-6.472 E.03416
G1 X-4.377 Y-6.922 E.03658
G1 X-3.95 Y-7.174 E.02333
G1 X-3.505 Y-7.402 E.02349
G1 X-3.05 Y-7.601 E.02335
G1 X-2.363 Y-7.837 E.03416
G1 X-1.61 Y-8.03 E.03657
G1 X-1.121 Y-8.113 E.02333
G1 X-.627 Y-8.166 E.02335
G1 X.099 Y-8.185 E.03416
G1 X.876 Y-8.143 E.03658
G1 X1.367 Y-8.075 E.02333
G1 X1.854 Y-7.977 E.02335
G1 X2.553 Y-7.778 E.03416
G1 X3.278 Y-7.505 E.03644
G1 X3.926 Y-7.183 E.034
G1 X3.94 Y-7.175 E.00079
SET_VELOCITY_LIMIT ACCEL=10000
G1 E-1.2 F2100
;WIPE_START
G1 F7200
G1 X4.592 Y-6.782
G1 X4.994 Y-6.491
G1 X5.38 Y-6.175
G1 X5.559 Y-6.009
;WIPE_END
G1 X4.277 Y-1.161 Z6.4 F30000
G1 Z6
G1 E1.2 F2100
;TYPE:Sparse infill
G1 F2685
G1 X4.206 Y-1.417 E.0125
G1 X4.028 Y-1.863 E.0226
G1 X3.803 Y-2.288 E.0226
G1 X3.533 Y-2.686 E.0226
G1 X3.135 Y-3.135 E.02822
G1 X4.729 Y-4.729 E.106
G1 X4.394 Y-5.043 E.02158
G1 X4.079 Y-5.301 E.01919
G1 X3.748 Y-5.54 E.01918
G1 X3.403 Y-5.758 E.01918
G1 X3.046 Y-5.955 E.01918
G1 X2.693 Y-6.122 E.01838
G1 X2.082 Y-6.352 E.03067
G1 X1.5 Y-6.518 E.02846
G1 X.767 Y-6.643 E.03496
G1 X-1.848 Y-4.028 E.17393
G1 X-2.079 Y-3.921 E.01195
G1 X-2.491 Y-3.673 E.0226
G1 X-2.783 Y-3.451 E.01729
G1 X-3.222 Y-3.052 E.02787
G1 X-3.533 Y-2.686 E.0226
G1 X-3.739 Y-2.381 E.01729
G1 X-4.038 Y-1.838 E.02916
G1 X-6.642 Y.766 E.17316
G1 X-6.686 Y.204 E.0265
G1 X-6.686 Y-.204 E.01918
G1 X-6.661 Y-.611 E.01918
G1 X-6.611 Y-1.016 E.01919
G1 X-6.51 Y-1.527 E.02448
G1 X-4.277 Y1.161 F30000
G1 F2685
G1 X-4.206 Y1.417 E.0125
G1 X-4.028 Y1.864 E.0226
G1 X-3.803 Y2.288 E.0226
G1 X-3.533 Y2.686 E.0226
G1 X-3.135 Y3.135 E.02822
G1 X-4.728 Y4.728 E.10593
G1 X-4.238 Y5.175 E.03116
G1 X-3.915 Y5.423 E.01918
G1 X-3.577 Y5.652 E.01918
G1 X-3.226 Y5.859 E.01919
G1 X-2.863 Y6.045 E.01918
G1 X-2.489 Y6.208 E.01918
G1 X-2.106 Y6.349 E.01918
G1 X-1.715 Y6.465 E.01919
G1 X-1.317 Y6.558 E.01918
G1 X-.766 Y6.642 E.02624
G1 X1.848 Y4.028 E.17384
G1 X2.079 Y3.921 E.01195
G1 X2.491 Y3.673 E.0226
G1 X2.873 Y3.383 E.0226
G1 X3.222 Y3.052 E.0226
G1 X3.533 Y2.686 E.0226
G1 X3.803 Y2.288 E.0226
G1 X4.038 Y1.838 E.02388
G1 X6.643 Y-.767 E.17326
G1 X6.689 Y0 E.03614
G1 X6.676 Y.408 E.01918
G1 X6.639 Y.814 E.01918
G1 X6.51 Y1.526 E.034
G1 X-1.552 Y3.646 F30000
SET_VELOCITY_LIMIT ACCEL=7000
;TYPE:Internal solid infill
;WIDTH:0.55292
G1 F2685
G1 X-1.081 Y3.824 E.02093
G1 X-.234 Y3.967 E.03572
G1 X.624 Y3.924 E.03571
G1 X1.454 Y3.698 E.03571
G1 X2.215 Y3.299 E.03571
G1 X2.872 Y2.746 E.03571
G1 X3.395 Y2.065 E.03571
M73 P87 R0
G1 X3.76 Y1.286 E.03571
G1 X3.937 Y.512 E.03304
G1 X3.964 Y.003 E.02115
G1 X3.871 Y-.852 E.03576
G1 X3.598 Y-1.664 E.03562
G1 X3.155 Y-2.4 E.03565
G1 X2.642 Y-2.954 E.0314
G1 X2.254 Y-3.274 E.02091
G1 X1.555 Y-3.652 E.03303
G1 X1.064 Y-3.819 E.02156
G1 X.225 Y-3.968 E.03542
G1 X-.624 Y-3.914 E.03533
G1 X-1.06 Y-3.82 E.01856
G1 X-1.857 Y-3.502 E.03565
G1 X-2.488 Y-3.085 E.0314
G1 X-2.866 Y-2.754 E.02091
G1 X-3.336 Y-2.152 E.03171
G1 X-3.595 Y-1.695 E.02185
G1 X-3.856 Y-.943 E.03306
G1 X-3.941 Y-.432 E.02156
G1 X-3.941 Y.429 E.03576
G1 X-3.757 Y1.266 E.03562
G1 X-3.397 Y2.044 E.03562
G1 X-2.878 Y2.726 E.03562
G1 X-2.224 Y3.281 E.03565
G1 X-1.584 Y3.629 E.03028
SET_VELOCITY_LIMIT ACCEL=10000
G1 X-4.857 Y-5.233 F30000
SET_VELOCITY_LIMIT ACCEL=7000
G1 F2685
G1 X-5.45 Y-4.618 E.03551
G1 X-5.972 Y-3.921 E.0362
G1 X-6.488 Y-2.992 E.04414
G1 X-6.753 Y-2.349 E.02891
G1 X-6.981 Y-1.541 E.03491
G1 X-7.094 Y-.845 E.02927
G1 X-7.14 Y-.22 E.02608
G1 X-7.129 Y.457 E.02811
G1 X-7.058 Y1.075 E.02586
G1 X-6.879 Y1.927 E.03618
G1 X-6.593 Y2.75 E.0362
G1 X-6.21 Y3.532 E.0362
G1 X-5.735 Y4.262 E.0362
G1 X-5.169 Y4.925 E.0362
G1 X-4.534 Y5.52 E.03618
G1 X-3.829 Y6.031 E.0362
G1 X-3.067 Y6.452 E.0362
G1 X-2.259 Y6.777 E.0362
G1 X-1.417 Y7.002 E.0362
G1 X-.554 Y7.122 E.0362
G1 X.317 Y7.138 E.0362
G1 X1.183 Y7.051 E.03621
G1 X2.033 Y6.855 E.03623
G1 X2.852 Y6.557 E.03623
G1 X3.629 Y6.161 E.03623
G1 X4.352 Y5.673 E.03623
G1 X5.01 Y5.102 E.03623
G1 X5.593 Y4.454 E.03623
G1 X6.094 Y3.74 E.03623
G1 X6.496 Y2.985 E.03556
G1 X6.752 Y2.332 E.02916
G1 X7.028 Y1.312 E.04393
G1 X7.136 Y.446 E.03623
G1 X7.137 Y-.425 E.03623
G1 X7.032 Y-1.291 E.03623
G1 X6.823 Y-2.137 E.03623
G1 X6.519 Y-2.936 E.03554
G1 X6.193 Y-3.561 E.02929
G1 X5.85 Y-4.101 E.02657
G1 X5.314 Y-4.775 E.03578
G1 X4.693 Y-5.386 E.0362
G1 X4.013 Y-5.91 E.0357
G1 X3.424 Y-6.269 E.02865
G1 X2.882 Y-6.542 E.02521
G1 X2.233 Y-6.788 E.02883
G1 X1.616 Y-6.965 E.02671
G1 X.788 Y-7.106 E.03488
G1 X.092 Y-7.145 E.02898
G1 X-.551 Y-7.129 E.02671
G1 X-1.382 Y-7.015 E.03486
G1 X-2.061 Y-6.84 E.02917
G1 X-3.051 Y-6.466 E.04393
G1 X-3.801 Y-6.055 E.03556
G1 X-4.371 Y-5.653 E.02898
G1 X-4.83 Y-5.256 E.02521
;LAYER_CHANGE
;Z:6.2
;HEIGHT:0.2
;BEFORE_LAYER_CHANGE
;6.2
G1 E-1.2 F2100
;WIPE_START
G1 F9000
G1 X-4.371 Y-5.653
G1 X-3.801 Y-6.055
G1 X-3.191 Y-6.39
;WIPE_END
;AFTER_LAYER_CHANGE
;6.2
;_SET_FAN_SPEED_CHANGING_LAYER
SET_VELOCITY_LIMIT ACCEL=10000
G17
G3 Z6.6 I-.943 J.769 P1  F30000
G1 X3.201 Y1.445 Z6.6
G1 Z6.2
G1 E1.2 F2100
SET_VELOCITY_LIMIT ACCEL=5000
;TYPE:Inner wall
;WIDTH:0.62
G1 F6430
G1 X3.189 Y1.475 E.00154
G1 X3.01 Y1.811 E.01789
G1 X2.797 Y2.126 E.01789
G1 X2.551 Y2.416 E.01789
G1 X2.275 Y2.678 E.01789
G1 X1.972 Y2.908 E.01789
G1 X1.646 Y3.104 E.01789
G1 X1.3 Y3.264 E.01789
G1 X.94 Y3.385 E.01789
G1 X.568 Y3.467 E.01789
G1 X.19 Y3.508 E.01789
G1 X-.19 Y3.508 E.01789
G1 X-.568 Y3.467 E.01789
G1 X-.94 Y3.385 E.01789
G1 X-1.31 Y3.261 E.01835
G1 X-1.717 Y3.061 E.02131
G1 X-1.972 Y2.908 E.01399
G1 X-2.275 Y2.678 E.01789
G1 X-2.551 Y2.416 E.01789
G1 X-2.797 Y2.126 E.01789
G1 X-3.01 Y1.811 E.01789
G1 X-3.189 Y1.475 E.01789
G1 X-3.329 Y1.122 E.01789
G1 X-3.431 Y.755 E.01789
G1 X-3.493 Y.38 E.01789
G1 X-3.513 Y0 E.01789
G1 X-3.493 Y-.38 E.01789
G1 X-3.43 Y-.765 E.01835
G1 X-3.299 Y-1.199 E.02131
G1 X-3.189 Y-1.475 E.01399
G1 X-3.01 Y-1.811 E.01789
G1 X-2.797 Y-2.126 E.01789
G1 X-2.551 Y-2.416 E.01789
G1 X-2.275 Y-2.678 E.01789
G1 X-1.972 Y-2.908 E.01789
G1 X-1.646 Y-3.104 E.01789
G1 X-1.3 Y-3.264 E.01789
G1 X-.94 Y-3.385 E.01789
G1 X-.568 Y-3.467 E.01789
G1 X-.19 Y-3.508 E.01789
G1 X.19 Y-3.508 E.01789
G1 X.568 Y-3.467 E.01789
G1 X.94 Y-3.385 E.01789
G1 X1.31 Y-3.261 E.01835
G1 X1.717 Y-3.061 E.02131
G1 X1.972 Y-2.908 E.01399
G1 X2.275 Y-2.678 E.01789
G1 X2.551 Y-2.416 E.01789
G1 X2.797 Y-2.126 E.01789
G1 X3.01 Y-1.811 E.01789
G1 X3.189 Y-1.475 E.01789
G1 X3.329 Y-1.122 E.01789
G1 X3.431 Y-.755 E.01789
G1 X3.493 Y-.38 E.01789
G1 X3.514 Y.01 E.01835
G1 X3.479 Y.462 E.02131
G1 X3.431 Y.755 E.01399
G1 X3.329 Y1.122 E.01789
G1 X3.214 Y1.411 E.01466
SET_VELOCITY_LIMIT ACCEL=10000
G1 X2.665 Y1.231 F30000
SET_VELOCITY_LIMIT ACCEL=5000
;TYPE:Outer wall
G1 F6430
G1 X2.664 Y1.233 E.00007
G1 X2.515 Y1.513 E.01495
G1 X2.337 Y1.776 E.01495
G1 X2.131 Y2.019 E.01495
G1 X1.9 Y2.237 E.01495
G1 X1.647 Y2.43 E.01495
G1 X1.375 Y2.594 E.01495
G1 X1.087 Y2.727 E.01495
G1 X.785 Y2.828 E.01495
G1 X.475 Y2.897 E.01495
G1 X.159 Y2.931 E.01495
G1 X-.159 Y2.931 E.01495
G1 X-.475 Y2.897 E.01495
G1 X-.785 Y2.828 E.01495
G1 X-1.09 Y2.726 E.01511
G1 X-1.441 Y2.554 E.01837
G1 X-1.647 Y2.43 E.01135
G1 X-1.9 Y2.237 E.01495
G1 X-2.131 Y2.019 E.01495
G1 X-2.337 Y1.776 E.01495
G1 X-2.515 Y1.513 E.01495
G1 X-2.664 Y1.233 E.01495
G1 X-2.782 Y.937 E.01495
G1 X-2.867 Y.631 E.01495
G1 X-2.918 Y.317 E.01495
G1 X-2.935 Y0 E.01495
G1 X-2.918 Y-.317 E.01495
G1 X-2.866 Y-.634 E.01511
G1 X-2.753 Y-1.008 E.01837
G1 X-2.664 Y-1.233 E.01135
G1 X-2.515 Y-1.513 E.01495
G1 X-2.337 Y-1.776 E.01495
G1 X-2.131 Y-2.019 E.01495
G1 X-1.9 Y-2.237 E.01495
G1 X-1.647 Y-2.43 E.01495
G1 X-1.375 Y-2.594 E.01495
G1 X-1.087 Y-2.727 E.01495
G1 X-.785 Y-2.828 E.01495
G1 X-.475 Y-2.897 E.01495
G1 X-.159 Y-2.931 E.01495
G1 X.159 Y-2.931 E.01495
G1 X.475 Y-2.897 E.01495
G1 X.785 Y-2.828 E.01495
G1 X1.09 Y-2.726 E.01511
G1 X1.441 Y-2.554 E.01837
G1 X1.647 Y-2.43 E.01135
G1 X1.9 Y-2.237 E.01495
G1 X2.131 Y-2.019 E.01495
G1 X2.337 Y-1.776 E.01495
G1 X2.515 Y-1.513 E.01495
G1 X2.664 Y-1.233 E.01495
G1 X2.782 Y-.937 E.01495
G1 X2.867 Y-.631 E.01495
G1 X2.918 Y-.317 E.01495
G1 X2.936 Y.003 E.01511
G1 X2.906 Y.393 E.01837
G1 X2.867 Y.631 E.01135
G1 X2.782 Y.937 E.01495
G1 X2.678 Y1.198 E.01318
SET_VELOCITY_LIMIT ACCEL=10000
G1 E-1.2 F2100
;WIPE_START
G1 F7200
G1 X2.664 Y1.233
G1 X2.515 Y1.513
G1 X2.337 Y1.776
G1 X2.131 Y2.019
G1 X1.9 Y2.237
G1 X1.647 Y2.43
G1 X1.375 Y2.594
G1 X1.325 Y2.617
;WIPE_END
G1 X3.15 Y-4.794 Z6.6 F30000
G1 X3.618 Y-6.694 Z6.6
G1 Z6.2
G1 E1.2 F2100
SET_VELOCITY_LIMIT ACCEL=5000
;TYPE:Inner wall
G1 F6430
G1 X3.873 Y-6.554 E.0137
G1 X4.265 Y-6.305 E.02183
G1 X4.642 Y-6.034 E.02183
G1 X5.001 Y-5.739 E.02183
G1 X5.342 Y-5.424 E.02183
G1 X5.662 Y-5.088 E.02183
G1 X5.962 Y-4.733 E.02184
G1 X6.239 Y-4.361 E.02183
G1 X6.494 Y-3.973 E.02183
G1 X6.724 Y-3.569 E.02183
G1 X6.929 Y-3.153 E.02183
G1 X7.108 Y-2.724 E.02183
G1 X7.261 Y-2.286 E.02184
G1 X7.387 Y-1.839 E.02183
G1 X7.485 Y-1.385 E.02183
G1 X7.556 Y-.926 E.02183
G1 X7.598 Y-.464 E.02183
G1 X7.613 Y0 E.02183
G1 X7.598 Y.464 E.02183
G1 X7.556 Y.926 E.02183
G1 X7.485 Y1.385 E.02183
G1 X7.387 Y1.839 E.02183
G1 X7.261 Y2.286 E.02183
G1 X7.108 Y2.724 E.02183
G1 X6.929 Y3.153 E.02183
G1 X6.724 Y3.569 E.02184
G1 X6.494 Y3.973 E.02183
G1 X6.239 Y4.361 E.02184
G1 X5.962 Y4.733 E.02183
G1 X5.662 Y5.088 E.02183
G1 X5.342 Y5.424 E.02183
G1 X5.001 Y5.739 E.02183
G1 X4.642 Y6.034 E.02183
G1 X4.265 Y6.305 E.02183
G1 X3.873 Y6.554 E.02183
G1 X3.466 Y6.778 E.02184
G1 X3.047 Y6.976 E.02183
G1 X2.616 Y7.149 E.02183
G1 X2.175 Y7.295 E.02184
G1 X1.726 Y7.414 E.02183
G1 X1.271 Y7.506 E.02184
G1 X.811 Y7.569 E.02183
G1 X.348 Y7.605 E.02184
G1 X-.116 Y7.612 E.02183
G1 X-.58 Y7.59 E.02183
G1 X-1.042 Y7.541 E.02183
G1 X-1.49 Y7.465 E.02138
G1 X-2.198 Y7.284 E.03435
G1 X-2.84 Y7.063 E.03197
G1 X-3.258 Y6.88 E.02144
G1 X-3.671 Y6.669 E.02183
G1 X-4.071 Y6.432 E.02183
G1 X-4.456 Y6.172 E.02183
G1 X-4.824 Y5.889 E.02183
G1 X-5.174 Y5.584 E.02183
G1 X-5.505 Y5.258 E.02183
G1 X-5.815 Y4.913 E.02183
G1 X-6.104 Y4.549 E.02183
G1 X-6.37 Y4.169 E.02183
G1 X-6.612 Y3.773 E.02183
G1 X-6.825 Y3.371 E.02138
G1 X-7.113 Y2.7 E.03435
G1 X-7.33 Y2.055 E.03197
G1 X-7.44 Y1.613 E.02144
G1 X-7.524 Y1.156 E.02183
G1 X-7.581 Y.696 E.02183
G1 X-7.609 Y.232 E.02183
G1 X-7.609 Y-.232 E.02183
G1 X-7.581 Y-.696 E.02183
G1 X-7.524 Y-1.156 E.02183
G1 X-7.44 Y-1.613 E.02183
G1 X-7.327 Y-2.064 E.02183
G1 X-7.191 Y-2.497 E.02138
G1 X-6.915 Y-3.173 E.03435
G1 X-6.608 Y-3.78 E.03197
G1 X-6.37 Y-4.169 E.02144
G1 X-6.104 Y-4.549 E.02183
G1 X-5.815 Y-4.913 E.02183
G1 X-5.505 Y-5.258 E.02183
G1 X-5.181 Y-5.577 E.02138
G1 X-4.62 Y-6.045 E.03435
G1 X-4.064 Y-6.437 E.03197
G1 X-3.671 Y-6.669 E.02144
G1 X-3.258 Y-6.88 E.02183
G1 X-2.833 Y-7.066 E.02183
G1 X-2.397 Y-7.225 E.02183
G1 X-1.952 Y-7.358 E.02183
G1 X-1.499 Y-7.463 E.02183
G1 X-1.042 Y-7.541 E.02183
G1 X-.589 Y-7.589 E.02138
G1 X.141 Y-7.607 E.03435
G1 X.819 Y-7.568 E.03197
G1 X1.271 Y-7.506 E.02144
G1 X1.717 Y-7.416 E.02138
G1 X2.419 Y-7.214 E.03435
G1 X3.054 Y-6.973 E.03197
G1 X3.466 Y-6.778 E.02144
G1 X3.586 Y-6.711 E.00644
SET_VELOCITY_LIMIT ACCEL=10000
G1 X3.896 Y-7.2 F30000
SET_VELOCITY_LIMIT ACCEL=5000
;TYPE:Outer wall
G1 F6430
G1 X4.167 Y-7.051 E.01453
G1 X4.589 Y-6.783 E.02349
G1 X4.994 Y-6.491 E.02349
G1 X5.38 Y-6.175 E.02349
G1 X5.747 Y-5.835 E.02349
G1 X6.092 Y-5.474 E.02349
G1 X6.414 Y-5.092 E.02349
G1 X6.713 Y-4.692 E.02349
G1 X6.986 Y-4.274 E.02349
G1 X7.234 Y-3.84 E.02349
G1 X7.454 Y-3.392 E.02349
G1 X7.647 Y-2.931 E.02349
G1 X7.812 Y-2.459 E.02349
G1 X7.947 Y-1.979 E.02349
G1 X8.053 Y-1.49 E.02349
G1 X8.129 Y-.997 E.02349
G1 X8.175 Y-.499 E.02349
G1 X8.19 Y0 E.02349
G1 X8.175 Y.499 E.02349
G1 X8.129 Y.997 E.02349
G1 X8.053 Y1.49 E.02349
M73 P88 R0
G1 X7.947 Y1.979 E.02349
G1 X7.812 Y2.459 E.02349
G1 X7.647 Y2.931 E.02349
G1 X7.454 Y3.392 E.02349
G1 X7.234 Y3.84 E.02349
G1 X6.986 Y4.274 E.02349
G1 X6.713 Y4.692 E.02349
G1 X6.414 Y5.092 E.02349
G1 X6.092 Y5.474 E.02349
G1 X5.747 Y5.835 E.02349
G1 X5.38 Y6.175 E.02349
G1 X4.994 Y6.491 E.02349
G1 X4.589 Y6.783 E.02349
G1 X4.167 Y7.051 E.02349
G1 X3.729 Y7.292 E.02349
G1 X3.278 Y7.505 E.02349
G1 X2.814 Y7.691 E.02349
G1 X2.34 Y7.848 E.02349
G1 X1.857 Y7.977 E.02349
G1 X1.367 Y8.075 E.02349
G1 X.873 Y8.143 E.02349
G1 X.375 Y8.181 E.02349
G1 X-.125 Y8.189 E.02349
G1 X-.624 Y8.166 E.02349
G1 X-1.121 Y8.113 E.02349
G1 X-1.61 Y8.03 E.02333
G1 X-2.363 Y7.837 E.03658
G1 X-3.05 Y7.601 E.03416
G1 X-3.505 Y7.402 E.02335
G1 X-3.95 Y7.174 E.02349
G1 X-4.38 Y6.92 E.02349
G1 X-4.794 Y6.64 E.02349
G1 X-5.19 Y6.336 E.02349
G1 X-5.566 Y6.008 E.02349
G1 X-5.922 Y5.657 E.02349
G1 X-6.256 Y5.286 E.02349
G1 X-6.566 Y4.894 E.02349
G1 X-6.853 Y4.485 E.02349
G1 X-7.113 Y4.059 E.02349
G1 X-7.346 Y3.621 E.02333
G1 X-7.653 Y2.906 E.03658
G1 X-7.884 Y2.217 E.03416
G1 X-8.004 Y1.735 E.02335
G1 X-8.095 Y1.244 E.02349
G1 X-8.156 Y.748 E.02349
G1 X-8.186 Y.25 E.02349
G1 X-8.186 Y-.25 E.02349
G1 X-8.156 Y-.748 E.02349
G1 X-8.095 Y-1.244 E.02349
G1 X-8.004 Y-1.735 E.02349
G1 X-7.883 Y-2.22 E.02349
G1 X-7.734 Y-2.693 E.02333
G1 X-7.44 Y-3.413 E.03657
G1 X-7.112 Y-4.061 E.03416
G1 X-6.853 Y-4.485 E.02335
G1 X-6.567 Y-4.894 E.02349
G1 X-6.256 Y-5.286 E.02349
G1 X-5.922 Y-5.657 E.02349
G1 X-5.569 Y-6.005 E.02333
G1 X-4.971 Y-6.503 E.03658
G1 X-4.377 Y-6.922 E.03416
G1 X-3.95 Y-7.174 E.02335
G1 X-3.505 Y-7.402 E.02349
G1 X-3.047 Y-7.602 E.02349
G1 X-2.578 Y-7.773 E.02349
G1 X-2.1 Y-7.916 E.02349
G1 X-1.613 Y-8.029 E.02349
G1 X-1.121 Y-8.113 E.02349
G1 X-.627 Y-8.166 E.02333
G1 X.15 Y-8.184 E.03658
G1 X.876 Y-8.143 E.03416
G1 X1.367 Y-8.075 E.02335
G1 X1.854 Y-7.977 E.02333
G1 X2.601 Y-7.762 E.03658
G1 X3.28 Y-7.504 E.03416
G1 X3.729 Y-7.292 E.02335
G1 X3.865 Y-7.217 E.00727
SET_VELOCITY_LIMIT ACCEL=10000
G1 E-1.2 F2100
;WIPE_START
G1 F7200
G1 X4.167 Y-7.051
G1 X4.589 Y-6.783
G1 X4.994 Y-6.491
G1 X5.38 Y-6.175
G1 X5.495 Y-6.068
;WIPE_END
G1 X6.825 Y-3.16 Z6.6 F30000
G1 Z6.2
G1 E1.2 F2100
SET_VELOCITY_LIMIT ACCEL=2500
;TYPE:Internal Bridge
;WIDTH:0.6
;HEIGHT:0.6
G1 F3000
G1 X6.825 Y2.375 E.63756
G1 X6.58 Y2.994 E.07673
G1 X6.386 Y3.39 E.0508
G1 X6.175 Y3.759 E.04898
G1 X6.175 Y-3.759 E.86609
G1 X5.926 Y-4.142 E.05261
G1 X5.525 Y-4.658 E.07525
G1 X5.525 Y4.658 E1.07313
G1 X5.073 Y5.151 E.07708
G1 X4.875 Y5.334 E.0311
G1 X4.875 Y-5.334 E1.22905
G1 X4.408 Y-5.73 E.07047
G1 X4.225 Y-5.862 E.02606
G1 X4.225 Y5.862 E1.35072
G1 X3.575 Y6.281 E.08905
G1 X3.575 Y1.54 E.54618
G1 X3.693 Y1.244 E.03664
G1 X3.806 Y.838 E.0486
G1 X3.86 Y.507 E.03856
G1 X3.897 Y.014 E.05699
G1 X3.874 Y-.421 E.05023
G1 X3.806 Y-.838 E.04861
G1 X3.693 Y-1.244 E.0486
G1 X3.575 Y-1.54 E.03664
G1 X3.575 Y-6.281 E.54618
G1 X2.925 Y-6.61 E.08396
G1 X2.925 Y-2.567 E.46584
G1 X2.523 Y-2.97 E.06561
G1 X2.275 Y-3.158 E.03584
G1 X2.275 Y-6.857 E.42608
G1 X1.625 Y-7.044 E.07793
G1 X1.625 Y-3.532 E.40455
G1 X1.456 Y-3.615 E.02172
G1 X.975 Y-3.769 E.05815
G1 X.975 Y-7.16 E.39061
G1 X.325 Y-7.213 E.07513
G1 X.325 Y-3.879 E.38414
G1 X-.211 Y-3.891 E.06175
G1 X-.325 Y-3.879 E.01322
G1 X-.325 Y-7.213 E.38412
G1 X-.564 Y-7.207 E.02758
G1 X-.975 Y-7.163 E.04757
G1 X-.975 Y-3.769 E.39095
G1 X-1.442 Y-3.62 E.05652
G1 X-1.625 Y-3.535 E.0232
G1 X-1.625 Y-7.041 E.40387
G1 X-2.275 Y-6.862 E.07766
G1 X-2.275 Y-3.158 E.42672
G1 X-2.523 Y-2.97 E.03583
G1 X-2.925 Y-2.567 E.06563
G1 X-2.925 Y-6.927 E.50233
SET_VELOCITY_LIMIT ACCEL=10000
G1 E-1.2 F2100
M73 P89 R0
;WIPE_START
G1 F3000
G1 X-2.925 Y-4.927
;WIPE_END
G1 X1.959 Y.938 Z6.6 F30000
G1 X2.925 Y2.098 Z6.6
G1 Z6.2
G1 E1.2 F2100
SET_VELOCITY_LIMIT ACCEL=2500
G1 F3000
G1 X2.925 Y6.61 E.51981
G1 X2.275 Y6.859 E.08016
G1 X2.275 Y3.158 E.42632
G1 X1.825 Y3.443 E.06131
G1 X1.625 Y3.535 E.02542
G1 X1.625 Y7.044 E.40421
G1 X.975 Y7.16 E.07606
G1 X.975 Y3.769 E.39061
G1 X.63 Y3.845 E.04064
G1 X.325 Y3.879 E.0354
G1 X.325 Y7.222 E.38518
G1 X-.11 Y7.229 E.05014
G1 X-.325 Y7.219 E.02477
G1 X-.325 Y3.879 E.38482
G1 X-.63 Y3.845 E.03538
G1 X-.975 Y3.769 E.04065
G1 X-.975 Y7.163 E.39095
G1 X-1.41 Y7.09 E.05085
G1 X-1.625 Y7.035 E.02553
G1 X-1.625 Y3.532 E.40354
G1 X-1.9 Y3.398 E.03526
G1 X-2.275 Y3.158 E.05128
G1 X-2.275 Y6.852 E.4256
G1 X-2.701 Y6.706 E.05192
G1 X-2.925 Y6.608 E.02815
G1 X-2.925 Y2.098 E.51953
SET_VELOCITY_LIMIT ACCEL=10000
G1 X-3.575 Y6.617 F30000
SET_VELOCITY_LIMIT ACCEL=2500
G1 F3000
G1 X-3.575 Y1.539 E.58489
G1 X-3.693 Y1.244 E.03661
G1 X-3.806 Y.838 E.0486
G1 X-3.874 Y.421 E.04861
G1 X-3.897 Y0 E.04861
G1 X-3.874 Y-.421 E.04861
G1 X-3.803 Y-.852 E.05023
G1 X-3.66 Y-1.325 E.05699
G1 X-3.575 Y-1.539 E.02657
G1 X-3.575 Y-6.281 E.54624
G1 X-3.856 Y-6.115 E.0376
G1 X-4.225 Y-5.855 E.052
G1 X-4.225 Y5.866 E1.3503
G1 X-4.581 Y5.593 E.05171
G1 X-4.875 Y5.337 E.04492
G1 X-4.875 Y-5.334 E1.22926
G1 X-5.228 Y-4.994 E.05644
G1 X-5.525 Y-4.663 E.05128
G1 X-5.525 Y4.663 E1.07425
G1 X-5.797 Y4.321 E.05031
G1 X-6.175 Y3.753 E.07854
G1 X-6.175 Y-3.753 E.86478
G1 X-6.566 Y-3.014 E.09634
G1 X-6.825 Y-2.381 E.07882
G1 X-6.825 Y3.142 E.63629
;LAYER_CHANGE
;Z:6.4
;HEIGHT:0.2
;BEFORE_LAYER_CHANGE
;6.4
G1 E-1.2 F2100
;WIPE_START
G1 F3000
G1 X-6.825 Y1.142
;WIPE_END
;AFTER_LAYER_CHANGE
;6.4
;_SET_FAN_SPEED_CHANGING_LAYER
SET_VELOCITY_LIMIT ACCEL=10000
G17
G3 Z6.8 I-.037 J1.216 P1  F30000
G1 X3.201 Y1.445 Z6.8
G1 Z6.4
M73 P90 R0
G1 E1.2 F2100
SET_VELOCITY_LIMIT ACCEL=5000
;TYPE:Inner wall
;WIDTH:0.62
G1 F3964
M106 S255
G1 X3.189 Y1.475 E.00154
G1 X3.01 Y1.811 E.01789
G1 X2.797 Y2.126 E.01789
G1 X2.551 Y2.416 E.01789
G1 X2.275 Y2.678 E.01789
G1 X1.972 Y2.908 E.01789
G1 X1.646 Y3.104 E.01789
G1 X1.293 Y3.267 E.01827
G1 X.877 Y3.399 E.02055
G1 X.568 Y3.467 E.01484
G1 X.19 Y3.508 E.01789
G1 X-.19 Y3.508 E.01789
G1 X-.568 Y3.467 E.01789
G1 X-.94 Y3.385 E.01789
G1 X-1.3 Y3.264 E.01789
G1 X-1.646 Y3.104 E.01789
G1 X-1.972 Y2.908 E.01789
G1 X-2.275 Y2.678 E.01789
G1 X-2.551 Y2.416 E.01789
G1 X-2.797 Y2.126 E.01789
G1 X-3.01 Y1.811 E.01789
G1 X-3.189 Y1.475 E.01789
G1 X-3.329 Y1.122 E.01789
G1 X-3.433 Y.748 E.01827
G1 X-3.496 Y.315 E.02055
G1 X-3.513 Y0 E.01484
G1 X-3.493 Y-.38 E.01789
G1 X-3.431 Y-.755 E.01789
G1 X-3.329 Y-1.122 E.01789
G1 X-3.189 Y-1.475 E.01789
G1 X-3.01 Y-1.811 E.01789
G1 X-2.797 Y-2.126 E.01789
G1 X-2.551 Y-2.416 E.01789
G1 X-2.275 Y-2.678 E.01789
G1 X-1.972 Y-2.908 E.01789
G1 X-1.646 Y-3.104 E.01789
G1 X-1.293 Y-3.267 E.01827
G1 X-.877 Y-3.399 E.02055
G1 X-.568 Y-3.467 E.01484
G1 X-.19 Y-3.508 E.01789
G1 X.19 Y-3.508 E.01789
G1 X.568 Y-3.467 E.01789
G1 X.94 Y-3.385 E.01789
G1 X1.3 Y-3.264 E.01789
G1 X1.646 Y-3.104 E.01789
G1 X1.972 Y-2.908 E.01789
G1 X2.275 Y-2.678 E.01789
G1 X2.551 Y-2.416 E.01789
G1 X2.797 Y-2.126 E.01789
G1 X3.01 Y-1.811 E.01789
G1 X3.189 Y-1.475 E.01789
G1 X3.329 Y-1.122 E.01789
G1 X3.433 Y-.748 E.01827
G1 X3.496 Y-.315 E.02055
G1 X3.513 Y0 E.01484
G1 X3.493 Y.38 E.01789
G1 X3.431 Y.755 E.01789
G1 X3.329 Y1.122 E.01789
G1 X3.214 Y1.411 E.01465
SET_VELOCITY_LIMIT ACCEL=10000
G1 X2.665 Y1.231 F30000
SET_VELOCITY_LIMIT ACCEL=5000
;TYPE:Outer wall
G1 F3964
G1 X2.664 Y1.233 E.00007
G1 X2.515 Y1.513 E.01495
G1 X2.337 Y1.776 E.01495
G1 X2.131 Y2.019 E.01495
G1 X1.9 Y2.237 E.01495
G1 X1.647 Y2.43 E.01495
G1 X1.375 Y2.594 E.01495
G1 X1.084 Y2.728 E.01508
G1 X.727 Y2.841 E.01761
G1 X.475 Y2.897 E.01214
G1 X.159 Y2.931 E.01495
G1 X-.159 Y2.931 E.01495
G1 X-.475 Y2.897 E.01495
G1 X-.785 Y2.828 E.01495
G1 X-1.087 Y2.727 E.01495
G1 X-1.375 Y2.594 E.01495
G1 X-1.647 Y2.43 E.01495
G1 X-1.9 Y2.237 E.01495
G1 X-2.131 Y2.019 E.01495
G1 X-2.337 Y1.776 E.01495
G1 X-2.515 Y1.513 E.01495
G1 X-2.664 Y1.233 E.01495
G1 X-2.782 Y.937 E.01495
G1 X-2.868 Y.628 E.01508
G1 X-2.921 Y.258 E.01761
G1 X-2.935 Y0 E.01214
G1 X-2.918 Y-.317 E.01495
G1 X-2.867 Y-.631 E.01495
G1 X-2.782 Y-.937 E.01495
G1 X-2.664 Y-1.233 E.01495
G1 X-2.515 Y-1.513 E.01495
G1 X-2.337 Y-1.776 E.01495
G1 X-2.131 Y-2.019 E.01495
G1 X-1.9 Y-2.237 E.01495
G1 X-1.647 Y-2.43 E.01495
G1 X-1.375 Y-2.594 E.01495
G1 X-1.084 Y-2.728 E.01508
G1 X-.727 Y-2.841 E.01761
G1 X-.475 Y-2.897 E.01214
G1 X-.159 Y-2.931 E.01495
G1 X.159 Y-2.931 E.01495
G1 X.475 Y-2.897 E.01495
G1 X.785 Y-2.828 E.01495
G1 X1.087 Y-2.727 E.01495
G1 X1.375 Y-2.594 E.01495
G1 X1.647 Y-2.43 E.01495
G1 X1.9 Y-2.237 E.01495
G1 X2.131 Y-2.019 E.01495
G1 X2.337 Y-1.776 E.01495
G1 X2.515 Y-1.513 E.01495
G1 X2.664 Y-1.233 E.01495
G1 X2.782 Y-.937 E.01495
G1 X2.868 Y-.628 E.01508
G1 X2.921 Y-.258 E.01761
G1 X2.935 Y0 E.01214
G1 X2.918 Y.317 E.01495
G1 X2.867 Y.631 E.01495
G1 X2.782 Y.937 E.01495
G1 X2.678 Y1.198 E.01318
SET_VELOCITY_LIMIT ACCEL=10000
G1 E-1.2 F2100
;WIPE_START
G1 F7200
G1 X2.664 Y1.233
G1 X2.515 Y1.513
G1 X2.337 Y1.776
G1 X2.131 Y2.019
G1 X1.9 Y2.237
G1 X1.647 Y2.43
G1 X1.375 Y2.594
G1 X1.325 Y2.617
;WIPE_END
G1 X3.086 Y-4.81 Z6.8 F30000
G1 X3.543 Y-6.735 Z6.8
G1 Z6.4
G1 E1.2 F2100
SET_VELOCITY_LIMIT ACCEL=5000
;TYPE:Inner wall
G1 F3964
G1 X3.873 Y-6.554 E.01772
G1 X4.265 Y-6.305 E.02183
G1 X4.642 Y-6.034 E.02183
G1 X5.001 Y-5.739 E.02183
G1 X5.342 Y-5.424 E.02183
G1 X5.662 Y-5.088 E.02183
G1 X5.962 Y-4.733 E.02183
G1 X6.239 Y-4.361 E.02183
G1 X6.494 Y-3.973 E.02184
G1 X6.724 Y-3.569 E.02183
G1 X6.929 Y-3.153 E.02183
G1 X7.108 Y-2.724 E.02183
G1 X7.261 Y-2.286 E.02184
G1 X7.387 Y-1.839 E.02183
G1 X7.485 Y-1.385 E.02183
G1 X7.556 Y-.926 E.02183
G1 X7.598 Y-.464 E.02183
G1 X7.613 Y0 E.02183
G1 X7.598 Y.464 E.02183
G1 X7.556 Y.926 E.02183
G1 X7.485 Y1.385 E.02183
G1 X7.387 Y1.839 E.02183
G1 X7.261 Y2.286 E.02183
G1 X7.108 Y2.724 E.02183
G1 X6.929 Y3.153 E.02183
G1 X6.724 Y3.569 E.02183
G1 X6.494 Y3.973 E.02183
G1 X6.239 Y4.361 E.02184
G1 X5.962 Y4.733 E.02183
G1 X5.662 Y5.088 E.02183
G1 X5.342 Y5.424 E.02183
G1 X5.001 Y5.739 E.02183
G1 X4.642 Y6.034 E.02183
G1 X4.265 Y6.305 E.02183
G1 X3.873 Y6.554 E.02183
G1 X3.466 Y6.778 E.02183
G1 X3.047 Y6.976 E.02183
G1 X2.616 Y7.149 E.02183
G1 X2.175 Y7.295 E.02184
G1 X1.726 Y7.414 E.02183
G1 X1.271 Y7.506 E.02184
G1 X.811 Y7.569 E.02183
G1 X.348 Y7.605 E.02184
G1 X-.116 Y7.612 E.02183
G1 X-.58 Y7.59 E.02183
G1 X-1.042 Y7.541 E.02183
G1 X-1.499 Y7.463 E.02183
G1 X-1.952 Y7.358 E.02183
G1 X-2.397 Y7.225 E.02183
G1 X-2.833 Y7.066 E.02183
G1 X-3.258 Y6.88 E.02183
G1 X-3.671 Y6.669 E.02183
G1 X-4.071 Y6.432 E.02183
G1 X-4.456 Y6.172 E.02183
G1 X-5.042 Y5.699 E.03545
G1 X-5.509 Y5.253 E.03036
G1 X-5.815 Y4.913 E.0215
G1 X-6.104 Y4.549 E.02183
G1 X-6.521 Y3.921 E.03545
G1 X-6.833 Y3.356 E.03035
G1 X-7.022 Y2.94 E.0215
G1 X-7.188 Y2.506 E.02183
G1 X-7.327 Y2.064 E.02183
G1 X-7.44 Y1.613 E.02183
G1 X-7.524 Y1.156 E.02183
G1 X-7.598 Y.406 E.03545
G1 X-7.609 Y-.239 E.03036
G1 X-7.545 Y-.983 E.03512
G1 X-7.438 Y-1.62 E.03036
G1 X-7.327 Y-2.064 E.0215
G1 X-7.188 Y-2.506 E.02183
G1 X-6.902 Y-3.204 E.03545
G1 X-6.608 Y-3.779 E.03035
G1 X-6.37 Y-4.169 E.0215
G1 X-6.104 Y-4.549 E.02183
G1 X-5.815 Y-4.913 E.02183
G1 X-5.505 Y-5.258 E.02183
G1 X-5.174 Y-5.584 E.02184
G1 X-4.594 Y-6.066 E.03545
G1 X-4.065 Y-6.436 E.03036
G1 X-3.671 Y-6.669 E.0215
G1 X-3.258 Y-6.88 E.02183
G1 X-2.833 Y-7.066 E.02183
G1 X-2.397 Y-7.225 E.02183
G1 X-1.952 Y-7.358 E.02183
G1 X-1.499 Y-7.463 E.02183
G1 X-1.042 Y-7.541 E.02183
G1 X-.58 Y-7.59 E.02183
G1 X.174 Y-7.607 E.03545
G1 X.818 Y-7.568 E.03036
G1 X1.271 Y-7.506 E.0215
G1 X1.726 Y-7.414 E.02183
G1 X2.45 Y-7.204 E.03545
G1 X3.053 Y-6.973 E.03035
G1 X3.466 Y-6.778 E.0215
G1 X3.511 Y-6.753 E.00242
SET_VELOCITY_LIMIT ACCEL=10000
G1 X3.821 Y-7.241 F30000
SET_VELOCITY_LIMIT ACCEL=5000
;TYPE:Outer wall
G1 F3964
G1 X4.167 Y-7.051 E.01855
G1 X4.589 Y-6.783 E.02349
G1 X4.994 Y-6.491 E.02349
G1 X5.38 Y-6.175 E.02349
G1 X5.747 Y-5.835 E.02349
G1 X6.092 Y-5.474 E.02349
G1 X6.414 Y-5.092 E.02349
G1 X6.713 Y-4.692 E.02349
G1 X6.986 Y-4.274 E.02349
G1 X7.234 Y-3.84 E.02349
G1 X7.454 Y-3.392 E.02349
G1 X7.647 Y-2.931 E.02349
G1 X7.812 Y-2.459 E.02349
G1 X7.947 Y-1.979 E.02349
G1 X8.053 Y-1.49 E.02349
G1 X8.129 Y-.997 E.02349
G1 X8.175 Y-.499 E.02349
G1 X8.19 Y0 E.02349
G1 X8.175 Y.499 E.02349
G1 X8.129 Y.997 E.02349
G1 X8.053 Y1.49 E.02349
G1 X7.947 Y1.979 E.02349
G1 X7.812 Y2.459 E.02349
G1 X7.647 Y2.931 E.02349
G1 X7.454 Y3.392 E.02349
G1 X7.234 Y3.84 E.02349
G1 X6.986 Y4.274 E.02349
G1 X6.713 Y4.692 E.02349
G1 X6.414 Y5.092 E.02349
G1 X6.092 Y5.474 E.02349
G1 X5.747 Y5.835 E.02349
G1 X5.38 Y6.175 E.02349
G1 X4.994 Y6.491 E.02349
G1 X4.589 Y6.783 E.02349
G1 X4.167 Y7.051 E.02349
G1 X3.729 Y7.292 E.02349
G1 X3.278 Y7.505 E.02349
G1 X2.814 Y7.691 E.02349
G1 X2.34 Y7.848 E.02349
G1 X1.857 Y7.977 E.02349
G1 X1.367 Y8.075 E.02349
G1 X.873 Y8.143 E.02349
G1 X.375 Y8.181 E.02349
G1 X-.125 Y8.189 E.02349
G1 X-.624 Y8.166 E.02349
G1 X-1.121 Y8.113 E.02349
G1 X-1.613 Y8.029 E.02349
G1 X-2.1 Y7.916 E.02349
G1 X-2.578 Y7.773 E.02349
G1 X-3.047 Y7.602 E.02349
G1 X-3.505 Y7.402 E.02349
G1 X-3.95 Y7.174 E.02349
G1 X-4.38 Y6.92 E.02349
G1 X-4.794 Y6.64 E.02349
G1 X-5.431 Y6.125 E.03854
G1 X-5.924 Y5.655 E.03201
G1 X-6.256 Y5.286 E.02337
G1 X-6.566 Y4.894 E.02349
G1 X-7.02 Y4.212 E.03855
G1 X-7.349 Y3.615 E.03201
G1 X-7.554 Y3.163 E.02337
G1 X-7.733 Y2.697 E.02349
G1 X-7.883 Y2.22 E.02349
G1 X-8.004 Y1.735 E.02349
G1 X-8.095 Y1.244 E.02349
G1 X-8.175 Y.428 E.03855
G1 X-8.186 Y-.252 E.03201
G1 X-8.117 Y-1.066 E.03843
G1 X-8.003 Y-1.738 E.03201
G1 X-7.883 Y-2.22 E.02337
G1 X-7.733 Y-2.697 E.02349
G1 X-7.422 Y-3.455 E.03854
G1 X-7.112 Y-4.061 E.03201
G1 X-6.853 Y-4.485 E.02337
G1 X-6.567 Y-4.894 E.02349
G1 X-6.256 Y-5.286 E.02349
G1 X-5.922 Y-5.657 E.02349
G1 X-5.566 Y-6.008 E.02349
G1 X-4.936 Y-6.531 E.03855
G1 X-4.378 Y-6.922 E.03201
G1 X-3.95 Y-7.174 E.02337
G1 X-3.505 Y-7.402 E.02349
G1 X-3.047 Y-7.602 E.02349
G1 X-2.578 Y-7.773 E.02349
G1 X-2.1 Y-7.916 E.02349
G1 X-1.613 Y-8.029 E.02349
G1 X-1.121 Y-8.113 E.02349
G1 X-.624 Y-8.166 E.02349
G1 X.196 Y-8.184 E.03855
G1 X.875 Y-8.143 E.03201
G1 X1.367 Y-8.075 E.02337
G1 X1.857 Y-7.977 E.02349
G1 X2.644 Y-7.748 E.03854
G1 X3.28 Y-7.504 E.03201
G1 X3.729 Y-7.292 E.02337
G1 X3.79 Y-7.258 E.00325
SET_VELOCITY_LIMIT ACCEL=10000
G1 X3.944 Y-6.407 F30000
SET_VELOCITY_LIMIT ACCEL=7000
;TYPE:Internal solid infill
;WIDTH:0.654624
G1 F3964
G1 X1.2 Y-3.663 E.1934
G1 X1.033 Y-3.719 E.0088
G1 X.495 Y-3.823 E.02729
G1 X3.195 Y-6.523 E.19031
G1 X2.917 Y-6.655 E.01533
G1 X2.587 Y-6.781 E.01758
G1 X-.657 Y-3.536 E.22871
SET_VELOCITY_LIMIT ACCEL=10000
G1 E-1.2 F2100
;WIPE_START
G1 F9000
G1 X.757 Y-4.95
;WIPE_END
G1 X-3.455 Y.992 Z6.8 F30000
G1 Z6.4
G1 E1.2 F2100
SET_VELOCITY_LIMIT ACCEL=7000
G1 F3964
G1 X-6.217 Y3.754 E.19466
G1 X-6.525 Y3.197 E.03173
G1 X-3.82 Y.492 E.19063
G1 X-3.86 Y0 E.02462
M73 P91 R0
G1 X-3.841 Y-.352 E.01758
G1 X-6.785 Y2.591 E.2075
G1 X-7.001 Y1.942 E.03409
G1 X-3.547 Y-1.511 E.24347
G1 X-3.308 Y-1.99 E.02668
G1 X-3.073 Y-2.336 E.02083
G1 X-2.802 Y-2.655 E.02083
G1 X-2.499 Y-2.942 E.02083
G1 X-2.166 Y-3.195 E.02083
G1 X-1.808 Y-3.41 E.02083
G1 X-1.51 Y-3.548 E.01638
G1 X1.935 Y-6.993 E.24282
G1 X1.644 Y-7.078 E.01511
G1 X1.228 Y-7.151 E.02105
G1 X-7.158 Y1.234 E.59112
G1 X-7.245 Y.457 E.03899
G1 X.428 Y-7.216 E.54091
G1 X.046 Y-7.226 E.01905
G1 X-.464 Y-7.189 E.0255
G1 X-7.247 Y-.407 E.47812
G1 X-7.202 Y-.94 E.02667
G1 X-7.125 Y-1.394 E.02294
G1 X-1.512 Y-7.006 E.39565
G1 X-1.964 Y-6.905 E.02309
G1 X-2.032 Y-6.973 E.00477
G1 X-2.602 Y-6.781 E.02997
G1 X-6.77 Y-2.614 E.29377
G1 X-6.587 Y-3.059 E.02398
G1 X-6.306 Y-3.609 E.0308
G1 X-6.08 Y-3.979 E.02161
G1 X-5.826 Y-4.342 E.02209
G1 X-5.47 Y-4.779 E.02809
G1 X-3.694 Y-6.555 E.12518
SET_VELOCITY_LIMIT ACCEL=10000
G1 X4.394 Y-2.851 F30000
SET_VELOCITY_LIMIT ACCEL=7000
;WIDTH:0.649045
G1 F3964
G1 X4.84 Y-3.297 E.03113
G1 X4.531 Y-3.715 E.02567
G1 X4.12 Y-4.169 E.03023
G1 X3.683 Y-3.731 E.03057
G1 X4.085 Y-3.303 E.029
G1 X4.374 Y-2.881 E.02528
SET_VELOCITY_LIMIT ACCEL=10000
G1 X3.037 Y-2.71 F30000
SET_VELOCITY_LIMIT ACCEL=7000
;WIDTH:0.619999
G1 F3964
G1 X3.274 Y-2.45 E.01657
G1 X3.698 Y-1.745 E.03866
G1 X4.006 Y-.814 E.04615
G1 X6.301 Y-3.108 E.15258
G1 X6.024 Y-3.628 E.02772
G1 X5.651 Y-4.171 E.03096
G1 X5.206 Y-4.712 E.03292
G1 X4.883 Y-5.059 E.02231
G1 X4.288 Y-5.577 E.03713
G1 X4.044 Y-5.748 E.01398
G1 X1.912 Y-3.616 E.14183
G1 X2.624 Y-3.137 E.04034
G1 X3.012 Y-2.736 E.02624
SET_VELOCITY_LIMIT ACCEL=10000
G1 X2.816 Y-3.704 F30000
SET_VELOCITY_LIMIT ACCEL=7000
G1 F3964
G1 X3.09 Y-3.493 E.01625
G1 X3.655 Y-2.896 E.03866
G1 X4.193 Y-2.043 E.04742
G1 X4.264 Y-1.888 E.00803
G1 X5.59 Y-3.214 E.08819
G1 X5.178 Y-3.841 E.03528
G1 X4.777 Y-4.326 E.02961
G1 X4.504 Y-4.624 E.019
G1 X4.093 Y-4.981 E.0256
G1 X2.841 Y-3.729 E.08327
SET_VELOCITY_LIMIT ACCEL=10000
G1 X6.568 Y3.668 F30000
SET_VELOCITY_LIMIT ACCEL=7000
;WIDTH:0.676193
G1 F3964
G1 X4.686 Y5.549 E.1373
G1 X4.431 Y5.759 E.01707
G1 X4.071 Y6.018 E.02287
G1 X3.697 Y6.255 E.02287
G1 X3.309 Y6.469 E.02287
G1 X2.908 Y6.659 E.02287
G1 X2.53 Y6.81 E.02102
G1 X6.809 Y2.531 E.31227
G1 X7.03 Y1.83 E.03796
G1 X6.966 Y1.766 E.00469
G1 X7.036 Y1.409 E.01878
G1 X1.298 Y7.147 E.4188
G1 X.774 Y7.225 E.0273
G1 X.29 Y7.259 E.02505
G1 X7.206 Y.343 E.5047
G1 X7.239 Y-.197 E.02796
G1 X7.218 Y-.565 E.01899
G1 X-.588 Y7.241 E.56968
G1 X-.994 Y7.198 E.02109
G1 X-1.375 Y7.133 E.01994
G1 X7.13 Y-1.372 E.62073
G1 X7.051 Y-1.755 E.02019
G1 X6.956 Y-2.093 E.01811
G1 X3.669 Y1.193 E.23987
G1 X3.503 Y1.621 E.02365
G1 X3.308 Y1.99 E.02157
G1 X3.073 Y2.336 E.02157
G1 X2.802 Y2.655 E.02157
G1 X2.499 Y2.942 E.02157
G1 X2.166 Y3.195 E.02157
G1 X1.808 Y3.41 E.02157
G1 X1.419 Y3.591 E.02214
G1 X1.204 Y3.659 E.01165
G1 X-2.092 Y6.955 E.24053
G1 X-2.755 Y6.722 E.03625
G1 X.394 Y3.573 E.22979
M73 P92 R0
SET_VELOCITY_LIMIT ACCEL=10000
G1 X3.579 Y.388 F30000
SET_VELOCITY_LIMIT ACCEL=7000
G1 F3964
G1 X6.919 Y-2.952 E.24375
SET_VELOCITY_LIMIT ACCEL=10000
G1 E-1.2 F2100
;WIPE_START
G1 F9000
G1 X5.505 Y-1.538
;WIPE_END
G1 X-1.02 Y2.422 Z6.8 F30000
G1 X-3.485 Y3.917 Z6.8
G1 Z6.4
G1 E1.2 F2100
SET_VELOCITY_LIMIT ACCEL=7000
;WIDTH:0.654133
G1 F3964
G1 X-3.739 Y3.693 E.01691
G1 X-4.165 Y4.118 E.02996
G1 X-3.525 Y4.678 E.04233
G1 X-3.299 Y4.837 E.01376
G1 X-2.865 Y4.403 E.03056
G1 X-3.456 Y3.94 E.03742
SET_VELOCITY_LIMIT ACCEL=10000
G1 X-3.699 Y2.811 F30000
SET_VELOCITY_LIMIT ACCEL=7000
;WIDTH:0.619999
G1 F3964
G1 X-4.98 Y4.092 E.08519
G1 X-4.652 Y4.476 E.02376
G1 X-4.28 Y4.831 E.02415
G1 X-3.779 Y5.235 E.03028
G1 X-3.215 Y5.592 E.03136
G1 X-1.883 Y4.26 E.08859
G1 X-2.539 Y3.912 E.03492
G1 X-3.099 Y3.463 E.03373
G1 X-3.45 Y3.139 E.02246
G1 X-3.677 Y2.84 E.01767
SET_VELOCITY_LIMIT ACCEL=10000
G1 X-2.725 Y3.023 F30000
SET_VELOCITY_LIMIT ACCEL=7000
G1 F3964
G1 X-2.99 Y2.789 E.01661
G1 X-3.488 Y2.135 E.03867
G1 X-3.607 Y1.903 E.01227
G1 X-5.747 Y4.043 E.14234
G1 X-5.129 Y4.81 E.04633
G1 X-4.747 Y5.183 E.0251
G1 X-4.26 Y5.588 E.02979
G1 X-3.408 Y6.153 E.04808
G1 X-3.111 Y6.304 E.01565
G1 X-.806 Y3.999 E.15328
G1 X-1.485 Y3.81 E.03311
G1 X-2.269 Y3.402 E.04158
G1 X-2.698 Y3.046 E.0262
;LAYER_CHANGE
;Z:6.6
;HEIGHT:0.2
;BEFORE_LAYER_CHANGE
;6.6
G1 E-1.2 F2100
;WIPE_START
G1 F9000
G1 X-2.269 Y3.402
G1 X-1.485 Y3.81
G1 X-.946 Y3.96
;WIPE_END
;AFTER_LAYER_CHANGE
;6.6
;_SET_FAN_SPEED_CHANGING_LAYER
SET_VELOCITY_LIMIT ACCEL=10000
G17
G3 Z7 I.631 J1.041 P1  F30000
G1 X3.201 Y1.445 Z7
G1 Z6.6
G1 E1.2 F2100
SET_VELOCITY_LIMIT ACCEL=5000
;TYPE:Inner wall
;WIDTH:0.62
G1 F3878
G1 X3.189 Y1.475 E.00155
G1 X3.01 Y1.811 E.01789
G1 X2.797 Y2.126 E.01789
G1 X2.551 Y2.416 E.01789
G1 X2.275 Y2.678 E.01789
G1 X1.972 Y2.908 E.01789
G1 X1.646 Y3.104 E.01789
G1 X1.3 Y3.264 E.01789
G1 X.94 Y3.385 E.01789
G1 X.568 Y3.467 E.01789
G1 X.19 Y3.508 E.01789
G1 X-.19 Y3.508 E.01789
G1 X-.568 Y3.467 E.01789
G1 X-.94 Y3.385 E.01789
G1 X-1.3 Y3.264 E.01789
G1 X-1.646 Y3.104 E.01789
G1 X-1.972 Y2.908 E.01789
G1 X-2.275 Y2.678 E.01789
G1 X-2.551 Y2.416 E.01789
G1 X-2.797 Y2.126 E.01789
G1 X-3.01 Y1.811 E.01789
G1 X-3.189 Y1.475 E.01789
G1 X-3.329 Y1.122 E.01789
G1 X-3.431 Y.755 E.01789
G1 X-3.493 Y.38 E.01789
G1 X-3.513 Y0 E.01789
G1 X-3.493 Y-.38 E.01789
G1 X-3.43 Y-.761 E.01817
G1 X-3.312 Y-1.165 E.01979
G1 X-3.189 Y-1.475 E.0157
G1 X-3.01 Y-1.811 E.01789
G1 X-2.797 Y-2.126 E.01789
G1 X-2.551 Y-2.416 E.01789
G1 X-2.275 Y-2.678 E.01789
G1 X-1.972 Y-2.908 E.01789
G1 X-1.646 Y-3.104 E.01789
G1 X-1.295 Y-3.266 E.01817
G1 X-.894 Y-3.395 E.01979
G1 X-.568 Y-3.467 E.0157
G1 X-.19 Y-3.508 E.01789
G1 X.19 Y-3.508 E.01789
G1 X.568 Y-3.467 E.01789
G1 X.94 Y-3.385 E.01789
G1 X1.3 Y-3.264 E.01789
G1 X1.646 Y-3.104 E.01789
G1 X1.972 Y-2.908 E.01789
G1 X2.275 Y-2.678 E.01789
G1 X2.551 Y-2.416 E.01789
G1 X2.797 Y-2.126 E.01789
G1 X3.01 Y-1.811 E.01789
G1 X3.189 Y-1.475 E.01789
G1 X3.329 Y-1.122 E.01789
G1 X3.433 Y-.749 E.01817
G1 X3.495 Y-.333 E.01979
G1 X3.513 Y0 E.0157
G1 X3.493 Y.38 E.01789
G1 X3.431 Y.755 E.01789
G1 X3.329 Y1.122 E.01789
G1 X3.214 Y1.411 E.01465
SET_VELOCITY_LIMIT ACCEL=10000
G1 X2.665 Y1.231 F30000
SET_VELOCITY_LIMIT ACCEL=5000
;TYPE:Outer wall
G1 F3878
G1 X2.664 Y1.233 E.00007
G1 X2.515 Y1.513 E.01495
G1 X2.337 Y1.776 E.01495
G1 X2.131 Y2.019 E.01495
G1 X1.9 Y2.237 E.01495
G1 X1.647 Y2.43 E.01495
G1 X1.375 Y2.594 E.01495
G1 X1.087 Y2.727 E.01495
G1 X.785 Y2.828 E.01495
G1 X.475 Y2.897 E.01495
G1 X.159 Y2.931 E.01495
G1 X-.159 Y2.931 E.01495
G1 X-.475 Y2.897 E.01495
G1 X-.785 Y2.828 E.01495
G1 X-1.087 Y2.727 E.01495
G1 X-1.375 Y2.594 E.01495
G1 X-1.647 Y2.43 E.01495
G1 X-1.9 Y2.237 E.01495
G1 X-2.131 Y2.019 E.01495
G1 X-2.337 Y1.776 E.01495
G1 X-2.515 Y1.513 E.01495
G1 X-2.664 Y1.233 E.01495
G1 X-2.782 Y.937 E.01495
G1 X-2.867 Y.631 E.01495
G1 X-2.918 Y.317 E.01495
G1 X-2.935 Y0 E.01495
G1 X-2.918 Y-.317 E.01495
G1 X-2.866 Y-.633 E.01505
G1 X-2.766 Y-.977 E.01685
G1 X-2.664 Y-1.233 E.01294
G1 X-2.515 Y-1.513 E.01495
G1 X-2.337 Y-1.776 E.01495
G1 X-2.131 Y-2.019 E.01495
G1 X-1.9 Y-2.237 E.01495
G1 X-1.647 Y-2.43 E.01495
G1 X-1.375 Y-2.594 E.01495
G1 X-1.085 Y-2.728 E.01505
G1 X-.744 Y-2.838 E.01685
G1 X-.475 Y-2.897 E.01294
G1 X-.159 Y-2.931 E.01495
G1 X.159 Y-2.931 E.01495
G1 X.475 Y-2.897 E.01495
G1 X.785 Y-2.828 E.01495
G1 X1.087 Y-2.727 E.01495
G1 X1.375 Y-2.594 E.01495
G1 X1.647 Y-2.43 E.01495
G1 X1.9 Y-2.237 E.01495
G1 X2.131 Y-2.019 E.01495
G1 X2.337 Y-1.776 E.01495
G1 X2.515 Y-1.513 E.01495
G1 X2.664 Y-1.233 E.01495
G1 X2.782 Y-.937 E.01495
G1 X2.867 Y-.629 E.01505
G1 X2.921 Y-.275 E.01685
G1 X2.935 Y0 E.01294
G1 X2.918 Y.317 E.01495
G1 X2.867 Y.631 E.01495
G1 X2.782 Y.937 E.01495
G1 X2.678 Y1.198 E.01318
SET_VELOCITY_LIMIT ACCEL=10000
G1 E-1.2 F2100
;WIPE_START
G1 F7200
G1 X2.664 Y1.233
G1 X2.515 Y1.513
G1 X2.337 Y1.776
G1 X2.131 Y2.019
G1 X1.9 Y2.237
G1 X1.647 Y2.43
G1 X1.375 Y2.594
G1 X1.325 Y2.617
;WIPE_END
G1 X3.025 Y-4.824 Z7 F30000
G1 X3.471 Y-6.775 Z7
G1 Z6.6
G1 E1.2 F2100
SET_VELOCITY_LIMIT ACCEL=5000
;TYPE:Inner wall
G1 F3878
G1 X3.873 Y-6.554 E.02158
G1 X4.265 Y-6.305 E.02183
G1 X4.642 Y-6.034 E.02183
G1 X5.001 Y-5.739 E.02183
G1 X5.342 Y-5.424 E.02183
G1 X5.882 Y-4.828 E.03781
G1 X6.242 Y-4.357 E.02792
G1 X6.662 Y-3.677 E.03755
G1 X6.931 Y-3.148 E.02792
G1 X7.108 Y-2.724 E.02158
G1 X7.261 Y-2.286 E.02183
G1 X7.387 Y-1.839 E.02183
G1 X7.485 Y-1.385 E.02183
G1 X7.556 Y-.926 E.02183
G1 X7.598 Y-.464 E.02183
G1 X7.613 Y0 E.02183
G1 X7.598 Y.464 E.02183
G1 X7.556 Y.926 E.02183
G1 X7.485 Y1.385 E.02183
G1 X7.387 Y1.839 E.02183
G1 X7.261 Y2.286 E.02183
G1 X7.108 Y2.724 E.02183
G1 X6.929 Y3.153 E.02183
G1 X6.724 Y3.569 E.02183
G1 X6.494 Y3.973 E.02183
G1 X6.239 Y4.361 E.02184
G1 X5.962 Y4.733 E.02183
G1 X5.662 Y5.088 E.02183
G1 X5.342 Y5.424 E.02183
G1 X5.001 Y5.739 E.02183
G1 X4.642 Y6.034 E.02183
G1 X4.265 Y6.305 E.02183
G1 X3.873 Y6.554 E.02183
G1 X3.466 Y6.778 E.02183
G1 X3.047 Y6.976 E.02183
G1 X2.616 Y7.149 E.02183
G1 X2.175 Y7.295 E.02184
G1 X1.726 Y7.414 E.02183
G1 X1.271 Y7.506 E.02184
G1 X.472 Y7.595 E.03781
G1 X-.121 Y7.611 E.02792
G1 X-.58 Y7.59 E.02158
G1 X-1.042 Y7.541 E.02183
G1 X-1.499 Y7.463 E.02183
G1 X-1.952 Y7.358 E.02184
G1 X-2.397 Y7.225 E.02183
G1 X-2.833 Y7.066 E.02183
G1 X-3.258 Y6.88 E.02183
G1 X-3.671 Y6.669 E.02183
G1 X-4.071 Y6.432 E.02183
G1 X-4.456 Y6.172 E.02183
G1 X-4.824 Y5.889 E.02183
G1 X-5.174 Y5.584 E.02184
G1 X-5.505 Y5.258 E.02183
G1 X-5.815 Y4.913 E.02183
G1 X-6.104 Y4.549 E.02183
G1 X-6.37 Y4.169 E.02183
G1 X-6.612 Y3.773 E.02184
G1 X-6.83 Y3.363 E.02183
G1 X-7.144 Y2.622 E.03781
G1 X-7.329 Y2.058 E.02792
G1 X-7.44 Y1.613 E.02158
G1 X-7.524 Y1.156 E.02183
G1 X-7.581 Y.696 E.02183
G1 X-7.609 Y.232 E.02183
G1 X-7.609 Y-.232 E.02183
G1 X-7.581 Y-.696 E.02183
G1 X-7.524 Y-1.156 E.02183
G1 X-7.44 Y-1.613 E.02183
G1 X-7.327 Y-2.064 E.02183
G1 X-7.188 Y-2.506 E.02183
G1 X-7.022 Y-2.94 E.02183
G1 X-6.609 Y-3.777 E.0439
G1 X-6.37 Y-4.169 E.02158
G1 X-6.104 Y-4.549 E.02183
G1 X-5.815 Y-4.913 E.02183
G1 X-5.505 Y-5.258 E.02183
G1 X-5.174 Y-5.584 E.02183
G1 X-4.554 Y-6.097 E.03781
G1 X-4.066 Y-6.435 E.02792
G1 X-3.671 Y-6.669 E.02158
G1 X-3.258 Y-6.88 E.02183
G1 X-2.833 Y-7.066 E.02183
G1 X-2.397 Y-7.225 E.02183
G1 X-1.952 Y-7.358 E.02183
G1 X-1.499 Y-7.463 E.02183
G1 X-1.042 Y-7.541 E.02183
G1 X-.58 Y-7.59 E.02183
G1 X.224 Y-7.606 E.03781
G1 X.816 Y-7.568 E.02792
G1 X1.271 Y-7.506 E.02158
G1 X1.726 Y-7.414 E.02183
G1 X2.498 Y-7.188 E.03781
G1 X3.052 Y-6.974 E.02792
G1 X3.439 Y-6.791 E.02015
SET_VELOCITY_LIMIT ACCEL=10000
G1 X3.749 Y-7.28 F30000
SET_VELOCITY_LIMIT ACCEL=5000
;TYPE:Outer wall
G1 F3878
G1 X4.167 Y-7.051 E.0224
G1 X4.589 Y-6.783 E.02349
G1 X4.994 Y-6.491 E.02349
G1 X5.38 Y-6.175 E.02349
G1 X5.747 Y-5.835 E.02349
G1 X6.092 Y-5.474 E.02349
G1 X6.332 Y-5.19 E.01748
G1 X6.714 Y-4.69 E.02958
G1 X6.986 Y-4.274 E.0234
G1 X7.171 Y-3.951 E.01748
G1 X7.455 Y-3.39 E.02958
G1 X7.647 Y-2.931 E.0234
G1 X7.812 Y-2.459 E.02349
G1 X7.947 Y-1.979 E.02349
G1 X8.053 Y-1.49 E.02349
G1 X8.129 Y-.997 E.02349
G1 X8.175 Y-.499 E.02349
G1 X8.19 Y0 E.02349
G1 X8.175 Y.499 E.02349
G1 X8.129 Y.997 E.02349
G1 X8.053 Y1.49 E.02349
G1 X7.947 Y1.979 E.02349
G1 X7.812 Y2.459 E.02349
G1 X7.647 Y2.931 E.02349
G1 X7.454 Y3.392 E.02349
M73 P93 R0
G1 X7.234 Y3.84 E.02349
G1 X6.986 Y4.274 E.02349
G1 X6.713 Y4.692 E.02349
G1 X6.414 Y5.092 E.02349
G1 X6.092 Y5.474 E.02349
G1 X5.747 Y5.835 E.02349
G1 X5.38 Y6.175 E.02349
G1 X4.994 Y6.491 E.02349
G1 X4.589 Y6.783 E.02349
G1 X4.167 Y7.051 E.02349
G1 X3.729 Y7.292 E.02349
G1 X3.278 Y7.505 E.02349
G1 X2.814 Y7.691 E.02349
G1 X2.34 Y7.848 E.02349
G1 X1.857 Y7.977 E.02349
G1 X1.367 Y8.075 E.02349
G1 X.873 Y8.143 E.02349
G1 X.502 Y8.172 E.01748
G1 X-.127 Y8.189 E.02957
G1 X-.624 Y8.166 E.0234
G1 X-1.121 Y8.113 E.02349
G1 X-1.613 Y8.029 E.02349
G1 X-2.1 Y7.916 E.02349
G1 X-2.578 Y7.773 E.02349
G1 X-3.047 Y7.602 E.02349
G1 X-3.505 Y7.402 E.02349
G1 X-3.95 Y7.174 E.02349
G1 X-4.38 Y6.92 E.02349
G1 X-4.794 Y6.64 E.02349
G1 X-5.19 Y6.336 E.02349
G1 X-5.566 Y6.008 E.02349
G1 X-5.922 Y5.657 E.02349
G1 X-6.256 Y5.286 E.02349
G1 X-6.566 Y4.894 E.02349
G1 X-6.853 Y4.485 E.02349
G1 X-7.113 Y4.059 E.02349
G1 X-7.348 Y3.618 E.02349
G1 X-7.554 Y3.163 E.02349
G1 X-7.688 Y2.816 E.01748
G1 X-7.884 Y2.218 E.02958
G1 X-8.004 Y1.735 E.0234
G1 X-8.095 Y1.244 E.02349
G1 X-8.156 Y.748 E.02349
G1 X-8.186 Y.25 E.02349
G1 X-8.186 Y-.25 E.02349
G1 X-8.156 Y-.748 E.02349
G1 X-8.095 Y-1.244 E.02349
G1 X-8.004 Y-1.735 E.02349
G1 X-7.883 Y-2.22 E.02349
G1 X-7.733 Y-2.697 E.02349
G1 X-7.554 Y-3.163 E.02349
G1 X-7.4 Y-3.501 E.01748
G1 X-7.112 Y-4.06 E.02958
G1 X-6.853 Y-4.485 E.0234
G1 X-6.567 Y-4.894 E.02349
G1 X-6.256 Y-5.286 E.02349
G1 X-5.922 Y-5.657 E.02349
G1 X-5.566 Y-6.008 E.02349
G1 X-5.19 Y-6.336 E.02349
G1 X-4.895 Y-6.563 E.01748
G1 X-4.378 Y-6.921 E.02958
G1 X-3.95 Y-7.174 E.0234
G1 X-3.505 Y-7.402 E.02349
G1 X-3.047 Y-7.602 E.02349
G1 X-2.578 Y-7.773 E.02349
G1 X-2.1 Y-7.916 E.02349
G1 X-1.613 Y-8.029 E.02349
G1 X-1.121 Y-8.113 E.02349
G1 X-.624 Y-8.166 E.02349
G1 X-.125 Y-8.189 E.02349
G1 X.247 Y-8.183 E.01748
G1 X.875 Y-8.143 E.02958
G1 X1.367 Y-8.075 E.0234
G1 X1.857 Y-7.977 E.02349
G1 X2.34 Y-7.848 E.02349
G1 X2.693 Y-7.731 E.01748
G1 X3.279 Y-7.505 E.02958
G1 X3.718 Y-7.297 E.02279
SET_VELOCITY_LIMIT ACCEL=10000
G1 X3.668 Y-6.567 F30000
SET_VELOCITY_LIMIT ACCEL=7000
;TYPE:Internal solid infill
;WIDTH:0.676189
G1 F3878
G1 X5.616 Y-4.606 E.14261
G1 X5.957 Y-4.16 E.029
G1 X6.36 Y-3.508 E.03958
G1 X6.617 Y-3.002 E.02924
G1 X6.809 Y-2.531 E.02625
G1 X2.54 Y-6.801 E.31157
G1 X1.841 Y-7.02 E.03777
G1 X1.776 Y-6.954 E.00477
G1 X1.417 Y-7.027 E.01887
G1 X7.149 Y-1.296 E.41828
G1 X7.212 Y-.884 E.02149
G1 X7.257 Y-.292 E.03066
G1 X.349 Y-7.2 E.50417
G1 X-.188 Y-7.229 E.02773
G1 X-.559 Y-7.213 E.01919
G1 X7.239 Y.586 E.56915
G1 X7.212 Y.884 E.01546
G1 X7.133 Y1.375 E.02566
G1 X-1.373 Y-7.131 E.62078
G1 X-2.092 Y-6.955 E.03822
G1 X1.199 Y-3.663 E.2402
G1 X1.429 Y-3.586 E.01251
G1 X1.808 Y-3.41 E.02157
G1 X2.166 Y-3.195 E.02157
G1 X2.499 Y-2.942 E.02157
G1 X2.802 Y-2.655 E.02157
G1 X3.073 Y-2.336 E.02157
G1 X3.308 Y-1.99 E.02157
G1 X3.503 Y-1.621 E.02157
G1 X3.669 Y-1.193 E.02365
G1 X6.956 Y2.093 E.23986
G1 X6.721 Y2.754 E.03618
G1 X3.574 Y-.393 E.22964
SET_VELOCITY_LIMIT ACCEL=10000
G1 X.394 Y-3.573 F30000
SET_VELOCITY_LIMIT ACCEL=7000
G1 F3878
G1 X-2.952 Y-6.919 E.24418
SET_VELOCITY_LIMIT ACCEL=10000
G1 X-.801 Y-3.993 F30000
SET_VELOCITY_LIMIT ACCEL=7000
;WIDTH:0.619999
G1 F3878
G1 X-3.11 Y-6.303 E.1536
G1 X-3.758 Y-5.947 E.03477
G1 X-4.205 Y-5.636 E.02558
G1 X-4.783 Y-5.158 E.03528
G1 X-5.374 Y-4.54 E.04019
G1 X-5.745 Y-4.041 E.02925
G1 X-3.607 Y-1.903 E.14222
G1 X-3.488 Y-2.135 E.01227
G1 X-2.99 Y-2.789 E.03866
G1 X-2.38 Y-3.317 E.03792
G1 X-1.535 Y-3.791 E.04555
G1 X-1.058 Y-3.949 E.02363
G1 X-.836 Y-3.987 E.01059
SET_VELOCITY_LIMIT ACCEL=10000
G1 X-3.138 Y-4.209 F30000
SET_VELOCITY_LIMIT ACCEL=7000
;WIDTH:0.65439
G1 F3878
G1 X-2.866 Y-4.403 E.01665
G1 X-3.301 Y-4.839 E.03069
G1 X-3.922 Y-4.35 E.03935
G1 X-4.16 Y-4.114 E.01672
G1 X-3.739 Y-3.693 E.02963
G1 X-3.165 Y-4.185 E.03769
SET_VELOCITY_LIMIT ACCEL=10000
G1 X-3.699 Y-2.811 F30000
SET_VELOCITY_LIMIT ACCEL=7000
;WIDTH:0.619999
G1 F3878
G1 X-3.321 Y-3.275 E.02813
G1 X-2.694 Y-3.807 E.03866
G1 X-1.883 Y-4.259 E.04369
G1 X-3.212 Y-5.589 E.08839
G1 X-3.826 Y-5.197 E.03425
G1 X-4.301 Y-4.808 E.02885
G1 X-4.984 Y-4.097 E.04641
G1 X-3.724 Y-2.836 E.08381
SET_VELOCITY_LIMIT ACCEL=10000
G1 X-6.406 Y-3.943 F30000
SET_VELOCITY_LIMIT ACCEL=7000
;WIDTH:0.654624
G1 F3878
G1 X-3.663 Y-1.2 E.19339
G1 X-3.769 Y-.838 E.01878
G1 X-3.825 Y-.496 E.01726
G1 X-6.514 Y-3.186 E.18962
G1 X-6.704 Y-2.801 E.0214
G1 X-6.785 Y-2.591 E.0112
G1 X-3.535 Y.658 E.22909
SET_VELOCITY_LIMIT ACCEL=10000
G1 E-1.2 F2100
;WIPE_START
G1 F9000
G1 X-4.949 Y-.756
;WIPE_END
G1 X.995 Y3.458 Z7 F30000
G1 Z6.6
G1 E1.2 F2100
SET_VELOCITY_LIMIT ACCEL=7000
G1 F3878
G1 X3.755 Y6.218 E.19458
G1 X3.195 Y6.523 E.0318
M73 P94 R0
G1 X.495 Y3.823 E.19031
G1 X.209 Y3.854 E.01435
G1 X-.355 Y3.839 E.0281
G1 X2.592 Y6.785 E.20773
G1 X1.941 Y6.999 E.03417
G1 X-1.51 Y3.548 E.24324
G1 X-1.808 Y3.41 E.01638
G1 X-2.166 Y3.195 E.02083
G1 X-2.499 Y2.942 E.02083
G1 X-2.802 Y2.655 E.02083
G1 X-3.073 Y2.336 E.02083
G1 X-3.308 Y1.99 E.02083
G1 X-3.547 Y1.511 E.02668
G1 X-7.001 Y-1.942 E.24347
G1 X-7.101 Y-1.54 E.0207
G1 X-7.153 Y-1.23 E.01566
G1 X1.236 Y7.159 E.59138
G1 X.46 Y7.248 E.03896
G1 X-7.223 Y-.435 E.5416
G1 X-7.236 Y-.056 E.01891
G1 X-7.193 Y.461 E.02583
G1 X-.402 Y7.252 E.47874
G1 X-.994 Y7.198 E.02966
G1 X-1.387 Y7.131 E.01988
G1 X-7.004 Y1.514 E.39596
G1 X-6.902 Y1.967 E.02313
G1 X-6.972 Y2.036 E.00488
G1 X-6.772 Y2.612 E.03037
G1 X-2.602 Y6.781 E.29394
G1 X-3.11 Y6.567 E.02747
G1 X-3.504 Y6.365 E.02209
G1 X-3.886 Y6.14 E.02209
G1 X-4.253 Y5.891 E.02209
G1 X-4.604 Y5.621 E.02209
G1 X-4.786 Y5.463 E.01204
G1 X-6.557 Y3.692 E.1248
SET_VELOCITY_LIMIT ACCEL=10000
G1 X1.896 Y3.6 F30000
SET_VELOCITY_LIMIT ACCEL=7000
;WIDTH:0.619999
G1 F3878
G1 X4.044 Y5.748 E.14287
G1 X4.883 Y5.059 E.05105
G1 X5.252 Y4.66 E.02555
G1 X5.646 Y4.179 E.02924
G1 X6.001 Y3.671 E.02914
G1 X6.301 Y3.108 E.02999
G1 X3.99 Y.798 E.15363
G1 X3.865 Y1.335 E.02595
G1 X3.52 Y2.081 E.03866
G1 X2.947 Y2.835 E.0445
G1 X2.321 Y3.367 E.03866
G1 X1.928 Y3.583 E.02108
SET_VELOCITY_LIMIT ACCEL=10000
G1 X3.919 Y3.496 F30000
SET_VELOCITY_LIMIT ACCEL=7000
;WIDTH:0.650618
G1 F3878
G1 X3.701 Y3.756 E.01681
G1 X4.12 Y4.175 E.02938
G1 X4.576 Y3.657 E.03417
G1 X4.833 Y3.297 E.02188
G1 X4.403 Y2.868 E.03009
G1 X3.941 Y3.467 E.03748
SET_VELOCITY_LIMIT ACCEL=10000
G1 X4.251 Y1.875 F30000
SET_VELOCITY_LIMIT ACCEL=7000
;WIDTH:0.619999
G1 F3878
G1 X3.947 Y2.484 E.03203
G1 X3.45 Y3.139 E.03866
G1 X2.816 Y3.704 E.03993
G1 X4.093 Y4.981 E.08496
G1 X4.531 Y4.6 E.02727
G1 X5.057 Y4.015 E.03702
G1 X5.508 Y3.369 E.03704
G1 X5.59 Y3.214 E.00826
G1 X4.277 Y1.9 E.08736
;LAYER_CHANGE
;Z:6.8
;HEIGHT:0.2
;BEFORE_LAYER_CHANGE
;6.8
G1 E-1.2 F2100
;WIPE_START
G1 F9000
G1 X5.59 Y3.214
G1 X5.524 Y3.34
;WIPE_END
;AFTER_LAYER_CHANGE
;6.8
;_SET_FAN_SPEED_CHANGING_LAYER
SET_VELOCITY_LIMIT ACCEL=10000
G17
G3 Z7.2 I.769 J-.943 P1  F30000
G1 X3.201 Y1.445 Z7.2
G1 Z6.8
G1 E1.2 F2100
SET_VELOCITY_LIMIT ACCEL=5000
;TYPE:Inner wall
;WIDTH:0.62
G1 F3965
G1 X3.189 Y1.475 E.00155
G1 X3.01 Y1.811 E.01789
G1 X2.797 Y2.126 E.01789
G1 X2.551 Y2.416 E.01789
G1 X2.275 Y2.678 E.01789
G1 X1.972 Y2.908 E.01789
G1 X1.646 Y3.104 E.01789
G1 X1.297 Y3.265 E.01807
G1 X.912 Y3.391 E.01903
G1 X.568 Y3.467 E.01656
G1 X.19 Y3.508 E.01789
G1 X-.19 Y3.508 E.01789
G1 X-.572 Y3.467 E.01807
G1 X-.967 Y3.376 E.01903
G1 X-1.3 Y3.264 E.01656
G1 X-1.646 Y3.104 E.01789
G1 X-1.972 Y2.908 E.01789
G1 X-2.275 Y2.678 E.01789
G1 X-2.551 Y2.416 E.01789
G1 X-2.797 Y2.126 E.01789
G1 X-3.01 Y1.811 E.01789
G1 X-3.189 Y1.475 E.01789
G1 X-3.329 Y1.122 E.01789
G1 X-3.431 Y.755 E.01789
G1 X-3.493 Y.38 E.01789
G1 X-3.513 Y0 E.01789
G1 X-3.493 Y-.38 E.01789
G1 X-3.431 Y-.755 E.01789
G1 X-3.329 Y-1.122 E.01789
G1 X-3.189 Y-1.475 E.01789
G1 X-3.01 Y-1.811 E.01789
G1 X-2.797 Y-2.126 E.01789
G1 X-2.551 Y-2.416 E.01789
G1 X-2.275 Y-2.678 E.01789
G1 X-1.972 Y-2.908 E.01789
G1 X-1.646 Y-3.104 E.01789
G1 X-1.297 Y-3.265 E.01807
G1 X-.912 Y-3.391 E.01903
G1 X-.568 Y-3.467 E.01656
G1 X-.19 Y-3.508 E.01789
G1 X.19 Y-3.508 E.01789
G1 X.572 Y-3.467 E.01807
G1 X.967 Y-3.376 E.01903
G1 X1.3 Y-3.264 E.01656
G1 X1.646 Y-3.104 E.01789
G1 X1.972 Y-2.908 E.01789
G1 X2.275 Y-2.678 E.01789
G1 X2.551 Y-2.416 E.01789
G1 X2.797 Y-2.126 E.01789
G1 X3.01 Y-1.811 E.01789
G1 X3.189 Y-1.475 E.01789
G1 X3.329 Y-1.122 E.01789
G1 X3.431 Y-.755 E.01789
G1 X3.493 Y-.38 E.01789
G1 X3.514 Y.004 E.01807
G1 X3.488 Y.408 E.01903
G1 X3.431 Y.755 E.01657
G1 X3.329 Y1.122 E.01789
G1 X3.214 Y1.411 E.01465
SET_VELOCITY_LIMIT ACCEL=10000
G1 X2.665 Y1.231 F30000
SET_VELOCITY_LIMIT ACCEL=5000
;TYPE:Outer wall
G1 F3965
G1 X2.664 Y1.233 E.00008
G1 X2.515 Y1.513 E.01495
G1 X2.337 Y1.776 E.01495
G1 X2.131 Y2.019 E.01495
G1 X1.9 Y2.237 E.01495
G1 X1.647 Y2.43 E.01495
G1 X1.375 Y2.594 E.01495
G1 X1.085 Y2.728 E.01501
G1 X.76 Y2.834 E.01609
G1 X.475 Y2.897 E.01374
G1 X.159 Y2.931 E.01495
G1 X-.159 Y2.931 E.01495
G1 X-.476 Y2.897 E.01501
G1 X-.81 Y2.82 E.01609
G1 X-1.087 Y2.727 E.01374
G1 X-1.375 Y2.594 E.01495
G1 X-1.647 Y2.43 E.01495
G1 X-1.9 Y2.237 E.01495
G1 X-2.131 Y2.019 E.01495
G1 X-2.337 Y1.776 E.01495
G1 X-2.515 Y1.513 E.01495
G1 X-2.664 Y1.233 E.01495
G1 X-2.782 Y.937 E.01495
G1 X-2.867 Y.631 E.01495
G1 X-2.918 Y.317 E.01495
G1 X-2.935 Y0 E.01495
G1 X-2.918 Y-.317 E.01495
G1 X-2.867 Y-.631 E.01495
G1 X-2.782 Y-.937 E.01495
G1 X-2.664 Y-1.233 E.01495
G1 X-2.515 Y-1.513 E.01495
G1 X-2.337 Y-1.776 E.01495
G1 X-2.131 Y-2.019 E.01495
G1 X-1.9 Y-2.237 E.01495
G1 X-1.647 Y-2.43 E.01495
G1 X-1.375 Y-2.594 E.01495
G1 X-1.085 Y-2.728 E.01501
G1 X-.76 Y-2.834 E.01609
G1 X-.475 Y-2.897 E.01374
G1 X-.159 Y-2.931 E.01495
G1 X.159 Y-2.931 E.01495
G1 X.476 Y-2.897 E.01501
G1 X.81 Y-2.82 E.01609
G1 X1.087 Y-2.727 E.01374
G1 X1.375 Y-2.594 E.01495
G1 X1.647 Y-2.43 E.01495
G1 X1.9 Y-2.237 E.01495
G1 X2.131 Y-2.019 E.01495
G1 X2.337 Y-1.776 E.01495
G1 X2.515 Y-1.513 E.01495
G1 X2.664 Y-1.233 E.01495
G1 X2.782 Y-.937 E.01495
G1 X2.867 Y-.631 E.01495
G1 X2.918 Y-.317 E.01495
G1 X2.936 Y.001 E.01501
G1 X2.914 Y.343 E.01609
G1 X2.867 Y.631 E.01374
G1 X2.782 Y.937 E.01495
G1 X2.678 Y1.198 E.01318
SET_VELOCITY_LIMIT ACCEL=10000
G1 E-1.2 F2100
;WIPE_START
G1 F7200
G1 X2.664 Y1.233
G1 X2.515 Y1.513
G1 X2.337 Y1.776
G1 X2.131 Y2.019
G1 X1.9 Y2.237
G1 X1.647 Y2.43
G1 X1.375 Y2.594
G1 X1.325 Y2.617
;WIPE_END
G1 X2.996 Y-4.831 Z7.2 F30000
G1 X3.436 Y-6.792 Z7.2
G1 Z6.8
G1 E1.2 F2100
M73 P95 R0
SET_VELOCITY_LIMIT ACCEL=5000
;TYPE:Inner wall
G1 F3965
G1 X3.466 Y-6.778 E.0016
G1 X3.873 Y-6.554 E.02184
G1 X4.265 Y-6.305 E.02183
G1 X4.642 Y-6.034 E.02183
G1 X5.001 Y-5.739 E.02183
G1 X5.342 Y-5.424 E.02183
G1 X5.662 Y-5.088 E.02183
G1 X5.962 Y-4.733 E.02183
G1 X6.239 Y-4.361 E.02183
G1 X6.494 Y-3.973 E.02183
G1 X6.687 Y-3.634 E.01834
G1 X6.93 Y-3.149 E.02549
G1 X7.108 Y-2.724 E.02167
G1 X7.261 Y-2.286 E.02184
G1 X7.387 Y-1.839 E.02183
G1 X7.485 Y-1.385 E.02183
G1 X7.556 Y-.926 E.02183
G1 X7.598 Y-.464 E.02183
G1 X7.613 Y0 E.02183
G1 X7.598 Y.464 E.02183
G1 X7.556 Y.926 E.02183
G1 X7.485 Y1.385 E.02183
G1 X7.387 Y1.839 E.02183
G1 X7.261 Y2.286 E.02183
G1 X7.108 Y2.724 E.02183
G1 X6.929 Y3.153 E.02183
G1 X6.724 Y3.569 E.02183
G1 X6.494 Y3.973 E.02183
G1 X6.24 Y4.361 E.02183
G1 X5.962 Y4.733 E.02183
G1 X5.662 Y5.088 E.02183
G1 X5.342 Y5.424 E.02183
G1 X5.001 Y5.739 E.02183
G1 X4.642 Y6.034 E.02183
G1 X4.265 Y6.305 E.02183
G1 X3.873 Y6.554 E.02183
G1 X3.466 Y6.778 E.02183
G1 X3.047 Y6.976 E.02183
G1 X2.616 Y7.149 E.02183
G1 X2.175 Y7.295 E.02184
G1 X1.726 Y7.414 E.02183
G1 X1.271 Y7.506 E.02183
G1 X.811 Y7.569 E.02183
G1 X.348 Y7.605 E.02184
G1 X-.116 Y7.612 E.02183
G1 X-.58 Y7.59 E.02183
G1 X-1.042 Y7.541 E.02183
G1 X-1.499 Y7.463 E.02183
G1 X-1.952 Y7.358 E.02184
G1 X-2.397 Y7.225 E.02183
G1 X-2.833 Y7.066 E.02183
G1 X-3.258 Y6.88 E.02183
G1 X-3.671 Y6.669 E.02183
G1 X-4.071 Y6.432 E.02183
G1 X-4.456 Y6.172 E.02183
G1 X-4.824 Y5.889 E.02183
G1 X-5.174 Y5.584 E.02183
G1 X-5.505 Y5.258 E.02183
G1 X-5.815 Y4.913 E.02183
G1 X-6.104 Y4.549 E.02183
G1 X-6.37 Y4.169 E.02183
G1 X-6.573 Y3.836 E.01834
G1 X-6.831 Y3.359 E.02549
G1 X-7.022 Y2.94 E.02167
G1 X-7.188 Y2.506 E.02183
G1 X-7.327 Y2.064 E.02183
G1 X-7.44 Y1.613 E.02183
G1 X-7.524 Y1.156 E.02183
G1 X-7.581 Y.696 E.02183
G1 X-7.604 Y.306 E.01834
G1 X-7.609 Y-.236 E.02549
G1 X-7.581 Y-.696 E.02167
G1 X-7.524 Y-1.156 E.02183
G1 X-7.44 Y-1.613 E.02183
G1 X-7.327 Y-2.064 E.02183
G1 X-7.188 Y-2.506 E.02183
G1 X-7.022 Y-2.94 E.02183
G1 X-6.86 Y-3.295 E.01834
G1 X-6.61 Y-3.776 E.02548
G1 X-6.37 Y-4.169 E.02167
G1 X-6.104 Y-4.549 E.02183
G1 X-5.815 Y-4.913 E.02183
G1 X-5.505 Y-5.258 E.02183
G1 X-5.174 Y-5.584 E.02184
G1 X-4.824 Y-5.889 E.02183
G1 X-4.515 Y-6.127 E.01834
G1 X-4.068 Y-6.434 E.02548
G1 X-3.671 Y-6.669 E.02167
G1 X-3.258 Y-6.88 E.02183
G1 X-2.833 Y-7.066 E.02183
G1 X-2.397 Y-7.225 E.02183
G1 X-2.023 Y-7.337 E.01834
G1 X-1.496 Y-7.464 E.02549
G1 X-1.042 Y-7.541 E.02167
G1 X-.58 Y-7.59 E.02183
G1 X-.116 Y-7.612 E.02183
G1 X.274 Y-7.606 E.01834
G1 X.815 Y-7.569 E.02548
G1 X1.271 Y-7.506 E.02167
G1 X1.726 Y-7.414 E.02183
G1 X2.175 Y-7.295 E.02183
G1 X2.545 Y-7.172 E.01834
G1 X3.05 Y-6.975 E.02549
G1 X3.403 Y-6.807 E.01837
SET_VELOCITY_LIMIT ACCEL=10000
G1 X3.683 Y-7.314 F30000
SET_VELOCITY_LIMIT ACCEL=5000
;TYPE:Outer wall
G1 F3965
G1 X3.729 Y-7.292 E.00243
G1 X4.167 Y-7.051 E.02349
G1 X4.589 Y-6.783 E.02349
G1 X4.994 Y-6.491 E.02349
G1 X5.38 Y-6.175 E.02349
G1 X5.747 Y-5.835 E.02349
G1 X6.092 Y-5.474 E.02349
G1 X6.414 Y-5.092 E.02349
G1 X6.713 Y-4.692 E.02349
G1 X6.986 Y-4.274 E.02349
G1 X7.196 Y-3.906 E.01989
G1 X7.455 Y-3.391 E.02714
G1 X7.647 Y-2.931 E.02343
G1 X7.812 Y-2.459 E.02349
G1 X7.947 Y-1.979 E.02349
G1 X8.053 Y-1.49 E.02349
G1 X8.129 Y-.997 E.02349
G1 X8.175 Y-.499 E.02349
G1 X8.19 Y0 E.02349
G1 X8.175 Y.499 E.02349
G1 X8.129 Y.997 E.02349
G1 X8.053 Y1.49 E.02349
G1 X7.947 Y1.979 E.02349
G1 X7.812 Y2.459 E.02349
G1 X7.647 Y2.931 E.02349
G1 X7.454 Y3.392 E.02349
G1 X7.234 Y3.84 E.02349
G1 X6.986 Y4.274 E.02349
G1 X6.713 Y4.692 E.02349
G1 X6.414 Y5.092 E.02349
G1 X6.092 Y5.474 E.02349
G1 X5.747 Y5.835 E.02349
G1 X5.38 Y6.175 E.02349
G1 X4.994 Y6.491 E.02349
G1 X4.589 Y6.783 E.02349
G1 X4.167 Y7.051 E.02349
G1 X3.729 Y7.292 E.02349
G1 X3.278 Y7.505 E.02349
G1 X2.814 Y7.691 E.02349
G1 X2.34 Y7.848 E.02349
G1 X1.857 Y7.977 E.02349
G1 X1.367 Y8.075 E.02349
G1 X.873 Y8.143 E.02349
G1 X.375 Y8.181 E.02349
G1 X-.125 Y8.189 E.02349
G1 X-.624 Y8.166 E.02349
G1 X-1.121 Y8.113 E.02349
G1 X-1.613 Y8.029 E.02349
G1 X-2.1 Y7.916 E.02349
G1 X-2.578 Y7.773 E.02349
G1 X-3.047 Y7.602 E.02349
G1 X-3.505 Y7.402 E.02349
G1 X-3.95 Y7.174 E.02349
G1 X-4.38 Y6.92 E.02349
G1 X-4.794 Y6.64 E.02349
G1 X-5.19 Y6.336 E.02349
G1 X-5.566 Y6.008 E.02349
G1 X-5.922 Y5.657 E.02349
G1 X-6.256 Y5.286 E.02349
G1 X-6.566 Y4.894 E.02349
G1 X-6.853 Y4.485 E.02349
G1 X-7.073 Y4.124 E.01989
G1 X-7.348 Y3.616 E.02714
G1 X-7.554 Y3.163 E.02343
G1 X-7.733 Y2.697 E.02349
G1 X-7.883 Y2.22 E.02349
G1 X-8.004 Y1.735 E.02349
G1 X-8.095 Y1.244 E.02349
G1 X-8.156 Y.748 E.02349
G1 X-8.181 Y.326 E.01989
G1 X-8.186 Y-.251 E.02714
G1 X-8.156 Y-.748 E.02343
G1 X-8.095 Y-1.244 E.02349
G1 X-8.004 Y-1.735 E.02349
G1 X-7.883 Y-2.22 E.02349
G1 X-7.733 Y-2.697 E.02349
G1 X-7.554 Y-3.163 E.02349
G1 X-7.379 Y-3.548 E.01989
G1 X-7.113 Y-4.06 E.02714
G1 X-6.853 Y-4.485 E.02343
G1 X-6.567 Y-4.894 E.02349
G1 X-6.256 Y-5.286 E.02349
G1 X-5.922 Y-5.657 E.02349
G1 X-5.566 Y-6.008 E.02349
G1 X-5.19 Y-6.336 E.02349
G1 X-4.854 Y-6.594 E.01989
G1 X-4.379 Y-6.921 E.02714
G1 X-3.95 Y-7.174 E.02343
G1 X-3.505 Y-7.402 E.02349
G1 X-3.047 Y-7.602 E.02349
G1 X-2.578 Y-7.773 E.02349
G1 X-2.173 Y-7.894 E.01989
G1 X-1.612 Y-8.03 E.02714
G1 X-1.121 Y-8.113 E.02343
G1 X-.624 Y-8.166 E.02349
G1 X-.125 Y-8.189 E.02349
G1 X.298 Y-8.182 E.01989
G1 X.874 Y-8.143 E.02714
G1 X1.367 Y-8.075 E.02343
G1 X1.857 Y-7.977 E.02349
G1 X2.34 Y-7.848 E.02349
G1 X2.741 Y-7.715 E.01989
G1 X3.279 Y-7.505 E.02714
G1 X3.65 Y-7.329 E.01931
SET_VELOCITY_LIMIT ACCEL=10000
G1 X3.944 Y-6.407 F30000
SET_VELOCITY_LIMIT ACCEL=7000
;TYPE:Internal solid infill
;WIDTH:0.654624
G1 F3965
G1 X1.2 Y-3.663 E.1934
G1 X.63 Y-3.809 E.02934
G1 X.495 Y-3.823 E.00675
G1 X3.195 Y-6.523 E.19031
G1 X2.59 Y-6.783 E.03283
G1 X-.657 Y-3.536 E.22888
SET_VELOCITY_LIMIT ACCEL=10000
G1 E-1.2 F2100
;WIPE_START
G1 F9000
G1 X.757 Y-4.95
;WIPE_END
G1 X-3.455 Y.992 Z7.2 F30000
G1 Z6.8
G1 E1.2 F2100
SET_VELOCITY_LIMIT ACCEL=7000
G1 F3965
G1 X-6.217 Y3.754 E.1947
G1 X-6.525 Y3.197 E.03174
G1 X-3.825 Y.496 E.19034
G1 X-3.86 Y0 E.02481
G1 X-3.841 Y-.352 E.01758
G1 X-6.785 Y2.591 E.2075
G1 X-7.001 Y1.942 E.03409
G1 X-3.547 Y-1.511 E.24347
G1 X-3.308 Y-1.99 E.02668
G1 X-3.073 Y-2.336 E.02083
G1 X-2.802 Y-2.655 E.02083
G1 X-2.499 Y-2.942 E.02083
G1 X-2.166 Y-3.195 E.02083
G1 X-1.808 Y-3.41 E.02083
G1 X-1.51 Y-3.548 E.01638
G1 X1.941 Y-6.999 E.24324
G1 X1.648 Y-7.077 E.01511
G1 X1.229 Y-7.152 E.02123
G1 X-7.158 Y1.234 E.59116
G1 X-7.248 Y.46 E.03887
G1 X.434 Y-7.222 E.54151
G1 X.056 Y-7.236 E.01885
G1 X-.46 Y-7.193 E.02581
G1 X-7.252 Y-.402 E.47875
G1 X-7.182 Y-1.104 E.03517
G1 X-7.129 Y-1.39 E.0145
M73 P96 R0
G1 X-1.512 Y-7.006 E.39592
G1 X-1.964 Y-6.905 E.02309
G1 X-2.032 Y-6.973 E.00477
G1 X-2.602 Y-6.781 E.02997
G1 X-6.78 Y-2.604 E.2945
G1 X-6.549 Y-3.143 E.02925
G1 X-6.308 Y-3.605 E.02596
G1 X-6.08 Y-3.979 E.02185
G1 X-5.826 Y-4.342 E.02209
G1 X-5.47 Y-4.779 E.02809
G1 X-3.694 Y-6.555 E.12517
SET_VELOCITY_LIMIT ACCEL=10000
G1 X4.394 Y-2.851 F30000
SET_VELOCITY_LIMIT ACCEL=7000
;WIDTH:0.649045
G1 F3965
G1 X4.84 Y-3.297 E.03113
G1 X4.531 Y-3.715 E.02567
G1 X4.12 Y-4.169 E.03023
G1 X3.683 Y-3.731 E.03057
G1 X4.085 Y-3.303 E.029
G1 X4.374 Y-2.881 E.02528
SET_VELOCITY_LIMIT ACCEL=10000
G1 X3.037 Y-2.71 F30000
SET_VELOCITY_LIMIT ACCEL=7000
;WIDTH:0.619999
G1 F3965
G1 X3.274 Y-2.45 E.01657
G1 X3.698 Y-1.745 E.03866
G1 X3.987 Y-.91 E.04158
G1 X4.005 Y-.812 E.00465
G1 X6.3 Y-3.108 E.15265
G1 X6.024 Y-3.628 E.02772
G1 X5.651 Y-4.171 E.03097
G1 X5.206 Y-4.712 E.03292
G1 X4.883 Y-5.059 E.02231
G1 X4.288 Y-5.577 E.03713
G1 X4.044 Y-5.748 E.01398
G1 X1.912 Y-3.616 E.14183
G1 X2.624 Y-3.137 E.04034
G1 X3.012 Y-2.736 E.02624
SET_VELOCITY_LIMIT ACCEL=10000
G1 X2.816 Y-3.704 F30000
SET_VELOCITY_LIMIT ACCEL=7000
G1 F3965
G1 X3.09 Y-3.493 E.01625
G1 X3.655 Y-2.896 E.03866
G1 X4.193 Y-2.043 E.04742
G1 X4.264 Y-1.888 E.00803
G1 X5.59 Y-3.214 E.08818
G1 X5.178 Y-3.841 E.03528
G1 X4.777 Y-4.326 E.02961
G1 X4.504 Y-4.624 E.019
G1 X4.093 Y-4.981 E.0256
G1 X2.841 Y-3.729 E.08327
SET_VELOCITY_LIMIT ACCEL=10000
G1 X6.568 Y3.668 F30000
SET_VELOCITY_LIMIT ACCEL=7000
;WIDTH:0.676192
G1 F3965
G1 X4.686 Y5.549 E.1373
G1 X4.431 Y5.759 E.01706
G1 X4.071 Y6.018 E.02287
G1 X3.697 Y6.255 E.02287
G1 X3.309 Y6.469 E.02287
G1 X2.908 Y6.659 E.02287
G1 X2.53 Y6.81 E.02102
G1 X6.809 Y2.531 E.31227
G1 X7.03 Y1.83 E.03796
G1 X6.966 Y1.766 E.00469
G1 X7.036 Y1.409 E.01878
G1 X1.298 Y7.147 E.4188
G1 X.774 Y7.225 E.0273
G1 X.29 Y7.259 E.02505
G1 X7.206 Y.343 E.5047
G1 X7.239 Y-.197 E.02796
G1 X7.218 Y-.565 E.01899
G1 X-.588 Y7.241 E.56967
G1 X-.994 Y7.198 E.02109
G1 X-1.375 Y7.133 E.01994
G1 X7.13 Y-1.372 E.62072
G1 X7.051 Y-1.755 E.02019
G1 X6.956 Y-2.093 E.01811
G1 X3.669 Y1.193 E.23987
G1 X3.503 Y1.621 E.02365
G1 X3.308 Y1.99 E.02157
G1 X3.073 Y2.336 E.02157
G1 X2.802 Y2.655 E.02157
G1 X2.499 Y2.942 E.02157
G1 X2.166 Y3.195 E.02157
G1 X1.808 Y3.41 E.02157
G1 X1.424 Y3.588 E.02184
G1 X1.201 Y3.661 E.01209
G1 X-2.092 Y6.955 E.24037
G1 X-2.755 Y6.722 E.03625
G1 X.394 Y3.573 E.22979
SET_VELOCITY_LIMIT ACCEL=10000
G1 X3.576 Y.391 F30000
SET_VELOCITY_LIMIT ACCEL=7000
G1 F3965
G1 X6.919 Y-2.952 E.24397
SET_VELOCITY_LIMIT ACCEL=10000
G1 E-1.2 F2100
;WIPE_START
G1 F9000
G1 X5.505 Y-1.538
;WIPE_END
G1 X-1.041 Y2.388 Z7.2 F30000
G1 X-3.528 Y3.88 Z7.2
G1 Z6.8
G1 E1.2 F2100
SET_VELOCITY_LIMIT ACCEL=7000
;WIDTH:0.653597
G1 F3965
G1 X-3.739 Y3.693 E.01404
G1 X-4.16 Y4.114 E.0296
G1 X-3.526 Y4.676 E.0422
G1 X-3.299 Y4.837 E.01383
G1 X-2.865 Y4.403 E.03056
G1 X-3.5 Y3.902 E.04025
SET_VELOCITY_LIMIT ACCEL=10000
G1 X-3.699 Y2.811 F30000
SET_VELOCITY_LIMIT ACCEL=7000
;WIDTH:0.619999
G1 F3965
G1 X-4.984 Y4.097 E.0855
G1 X-4.424 Y4.699 E.03871
G1 X-3.901 Y5.135 E.03199
G1 X-3.215 Y5.592 E.03876
G1 X-1.883 Y4.26 E.08859
G1 X-2.539 Y3.912 E.03492
G1 X-3.143 Y3.426 E.03643
G1 X-3.45 Y3.139 E.01977
G1 X-3.677 Y2.84 E.01767
SET_VELOCITY_LIMIT ACCEL=10000
G1 X-2.769 Y2.986 F30000
SET_VELOCITY_LIMIT ACCEL=7000
G1 F3965
G1 X-2.99 Y2.789 E.01392
G1 X-3.488 Y2.135 E.03866
G1 X-3.607 Y1.903 E.01227
G1 X-5.745 Y4.041 E.14222
G1 X-5.374 Y4.54 E.02925
G1 X-4.781 Y5.16 E.04034
G1 X-4.118 Y5.704 E.04033
G1 X-3.39 Y6.164 E.04047
G1 X-3.111 Y6.304 E.01468
G1 X-.807 Y3.999 E.15324
G1 X-1.485 Y3.81 E.03311
G1 X-2.269 Y3.402 E.04157
G1 X-2.741 Y3.009 E.02889
M73 P97 R0
;LAYER_CHANGE
;Z:7
;HEIGHT:0.2
;BEFORE_LAYER_CHANGE
;7
G1 E-1.2 F2100
;WIPE_START
G1 F9000
G1 X-2.269 Y3.402
G1 X-1.485 Y3.81
G1 X-1.002 Y3.945
;WIPE_END
;AFTER_LAYER_CHANGE
;7
;_SET_FAN_SPEED_CHANGING_LAYER
SET_VELOCITY_LIMIT ACCEL=10000
G17
G3 Z7.4 I.622 J1.046 P1  F30000
G1 X3.201 Y1.445 Z7.4
G1 Z7
G1 E1.2 F2100
SET_VELOCITY_LIMIT ACCEL=5000
;TYPE:Inner wall
;WIDTH:0.62
G1 F4531
G1 X3.189 Y1.475 E.00155
G1 X3.01 Y1.811 E.01789
G1 X2.797 Y2.126 E.01789
G1 X2.551 Y2.416 E.01789
G1 X2.275 Y2.678 E.01789
G1 X1.972 Y2.908 E.01789
G1 X1.646 Y3.104 E.01789
G1 X1.3 Y3.264 E.01789
G1 X.94 Y3.385 E.01789
G1 X.568 Y3.467 E.01789
G1 X.19 Y3.508 E.01789
G1 X-.19 Y3.508 E.01789
G1 X-.57 Y3.467 E.01795
G1 X-.949 Y3.382 E.01827
G1 X-1.3 Y3.264 E.01744
G1 X-1.646 Y3.104 E.01789
G1 X-1.972 Y2.908 E.01789
G1 X-2.275 Y2.678 E.01789
G1 X-2.551 Y2.416 E.01789
G1 X-2.797 Y2.126 E.01789
G1 X-3.01 Y1.811 E.01789
G1 X-3.189 Y1.475 E.01789
G1 X-3.329 Y1.122 E.01789
G1 X-3.432 Y.754 E.01795
G1 X-3.493 Y.37 E.01827
G1 X-3.513 Y0 E.01744
G1 X-3.493 Y-.38 E.01789
G1 X-3.431 Y-.755 E.01789
G1 X-3.329 Y-1.122 E.01789
G1 X-3.189 Y-1.475 E.01789
G1 X-3.01 Y-1.811 E.01789
G1 X-2.797 Y-2.126 E.01789
G1 X-2.551 Y-2.416 E.01789
G1 X-2.275 Y-2.678 E.01789
G1 X-1.972 Y-2.908 E.01789
G1 X-1.646 Y-3.104 E.01789
G1 X-1.3 Y-3.264 E.01789
G1 X-.94 Y-3.385 E.01789
G1 X-.568 Y-3.467 E.01789
G1 X-.19 Y-3.508 E.01789
G1 X.19 Y-3.508 E.01789
G1 X.568 Y-3.467 E.01789
G1 X.94 Y-3.385 E.01789
G1 X1.3 Y-3.264 E.01789
G1 X1.646 Y-3.104 E.01789
G1 X1.972 Y-2.908 E.01789
G1 X2.275 Y-2.678 E.01789
G1 X2.551 Y-2.416 E.01789
G1 X2.797 Y-2.126 E.01789
G1 X3.01 Y-1.811 E.01789
G1 X3.189 Y-1.475 E.01789
G1 X3.329 Y-1.122 E.01789
G1 X3.432 Y-.754 E.01795
G1 X3.493 Y-.37 E.01827
G1 X3.513 Y0 E.01744
G1 X3.493 Y.38 E.01789
G1 X3.431 Y.755 E.01789
G1 X3.329 Y1.122 E.01789
G1 X3.214 Y1.411 E.01465
SET_VELOCITY_LIMIT ACCEL=10000
G1 X2.665 Y1.231 F30000
SET_VELOCITY_LIMIT ACCEL=5000
;TYPE:Outer wall
G1 F4531
G1 X2.664 Y1.233 E.00008
G1 X2.515 Y1.513 E.01495
G1 X2.337 Y1.776 E.01495
G1 X2.131 Y2.019 E.01495
G1 X1.9 Y2.237 E.01495
G1 X1.647 Y2.43 E.01495
G1 X1.375 Y2.594 E.01495
G1 X1.087 Y2.727 E.01495
G1 X.785 Y2.828 E.01495
G1 X.475 Y2.897 E.01495
G1 X.159 Y2.931 E.01495
G1 X-.159 Y2.931 E.01495
G1 X-.475 Y2.897 E.01497
G1 X-.793 Y2.826 E.01533
G1 X-1.087 Y2.727 E.01454
G1 X-1.375 Y2.594 E.01495
G1 X-1.647 Y2.43 E.01495
G1 X-1.9 Y2.237 E.01495
G1 X-2.131 Y2.019 E.01495
G1 X-2.337 Y1.776 E.01495
G1 X-2.515 Y1.513 E.01495
G1 X-2.664 Y1.233 E.01495
G1 X-2.782 Y.937 E.01495
G1 X-2.867 Y.631 E.01497
G1 X-2.919 Y.309 E.01533
G1 X-2.935 Y0 E.01454
G1 X-2.918 Y-.317 E.01495
G1 X-2.867 Y-.631 E.01495
G1 X-2.782 Y-.937 E.01495
G1 X-2.664 Y-1.233 E.01495
G1 X-2.515 Y-1.513 E.01495
G1 X-2.337 Y-1.776 E.01495
G1 X-2.131 Y-2.019 E.01495
G1 X-1.9 Y-2.237 E.01495
G1 X-1.647 Y-2.43 E.01495
G1 X-1.375 Y-2.594 E.01495
G1 X-1.087 Y-2.727 E.01495
G1 X-.785 Y-2.828 E.01495
G1 X-.475 Y-2.897 E.01495
G1 X-.159 Y-2.931 E.01495
G1 X.159 Y-2.931 E.01495
G1 X.475 Y-2.897 E.01495
G1 X.785 Y-2.828 E.01495
G1 X1.087 Y-2.727 E.01495
G1 X1.375 Y-2.594 E.01495
G1 X1.647 Y-2.43 E.01495
G1 X1.9 Y-2.237 E.01495
G1 X2.131 Y-2.019 E.01495
G1 X2.337 Y-1.776 E.01495
G1 X2.515 Y-1.513 E.01495
G1 X2.664 Y-1.233 E.01495
G1 X2.782 Y-.937 E.01495
G1 X2.867 Y-.631 E.01497
G1 X2.919 Y-.309 E.01533
G1 X2.935 Y0 E.01454
G1 X2.918 Y.317 E.01495
G1 X2.867 Y.631 E.01495
G1 X2.782 Y.937 E.01495
G1 X2.678 Y1.198 E.01317
SET_VELOCITY_LIMIT ACCEL=10000
G1 E-1.2 F2100
;WIPE_START
G1 F7200
G1 X2.664 Y1.233
G1 X2.515 Y1.513
G1 X2.337 Y1.776
G1 X2.131 Y2.019
G1 X1.9 Y2.237
G1 X1.647 Y2.43
G1 X1.375 Y2.594
G1 X1.325 Y2.617
;WIPE_END
G1 X2.947 Y-4.841 Z7.4 F30000
G1 X3.378 Y-6.819 Z7.4
G1 Z7
G1 E1.2 F2100
SET_VELOCITY_LIMIT ACCEL=5000
;TYPE:Inner wall
G1 F4531
G1 X3.466 Y-6.778 E.00461
G1 X3.873 Y-6.554 E.02183
G1 X4.265 Y-6.305 E.02183
G1 X4.642 Y-6.034 E.02183
G1 X4.982 Y-5.755 E.02067
G1 X5.343 Y-5.423 E.02305
G1 X5.662 Y-5.088 E.02177
G1 X5.962 Y-4.733 E.02183
G1 X6.239 Y-4.361 E.02183
G1 X6.494 Y-3.973 E.02183
G1 X6.724 Y-3.569 E.02183
G1 X6.929 Y-3.153 E.02183
G1 X7.108 Y-2.724 E.02183
G1 X7.261 Y-2.286 E.02184
G1 X7.387 Y-1.839 E.02183
G1 X7.485 Y-1.385 E.02183
G1 X7.556 Y-.926 E.02183
G1 X7.598 Y-.464 E.02183
G1 X7.613 Y0 E.02183
G1 X7.598 Y.464 E.02183
G1 X7.556 Y.926 E.02183
G1 X7.485 Y1.385 E.02183
G1 X7.387 Y1.839 E.02183
G1 X7.261 Y2.286 E.02183
G1 X7.108 Y2.724 E.02183
G1 X6.929 Y3.153 E.02183
G1 X6.724 Y3.569 E.02184
G1 X6.494 Y3.973 E.02183
G1 X6.253 Y4.34 E.02068
G1 X5.961 Y4.734 E.02305
G1 X5.662 Y5.088 E.02177
G1 X5.342 Y5.424 E.02183
G1 X5.001 Y5.739 E.02183
G1 X4.642 Y6.034 E.02183
G1 X4.265 Y6.305 E.02183
G1 X3.873 Y6.554 E.02183
G1 X3.466 Y6.778 E.02183
G1 X3.047 Y6.976 E.02183
G1 X2.616 Y7.149 E.02183
G1 X2.175 Y7.295 E.02183
G1 X1.726 Y7.414 E.02183
G1 X1.271 Y7.506 E.02183
G1 X.811 Y7.569 E.02183
G1 X.348 Y7.605 E.02184
G1 X-.116 Y7.612 E.02183
G1 X-.58 Y7.59 E.02183
G1 X-1.042 Y7.541 E.02183
G1 X-1.499 Y7.463 E.02183
G1 X-1.952 Y7.358 E.02183
G1 X-2.397 Y7.225 E.02183
G1 X-2.833 Y7.066 E.02183
G1 X-3.258 Y6.88 E.02183
G1 X-3.671 Y6.669 E.02183
G1 X-4.071 Y6.432 E.02183
G1 X-4.456 Y6.172 E.02183
G1 X-4.824 Y5.889 E.02183
G1 X-5.174 Y5.584 E.02183
G1 X-5.505 Y5.258 E.02183
G1 X-5.815 Y4.913 E.02183
G1 X-6.104 Y4.549 E.02183
G1 X-6.37 Y4.169 E.02183
G1 X-6.612 Y3.773 E.02183
G1 X-6.83 Y3.363 E.02183
G1 X-7.022 Y2.94 E.02184
G1 X-7.188 Y2.506 E.02183
G1 X-7.327 Y2.064 E.02183
G1 X-7.44 Y1.613 E.02183
G1 X-7.524 Y1.156 E.02183
G1 X-7.581 Y.696 E.02183
G1 X-7.607 Y.257 E.02067
G1 X-7.609 Y-.233 E.02305
G1 X-7.581 Y-.696 E.02177
G1 X-7.527 Y-1.132 E.02068
G1 X-7.439 Y-1.614 E.02305
G1 X-7.327 Y-2.064 E.02177
G1 X-7.188 Y-2.506 E.02183
G1 X-7.022 Y-2.94 E.02183
G1 X-6.84 Y-3.34 E.02068
G1 X-6.611 Y-3.774 E.02305
G1 X-6.37 Y-4.169 E.02177
G1 X-6.104 Y-4.549 E.02183
G1 X-5.815 Y-4.913 E.02184
G1 X-5.505 Y-5.258 E.02183
G1 X-5.174 Y-5.584 E.02183
G1 X-4.824 Y-5.889 E.02184
G1 X-4.475 Y-6.157 E.02067
G1 X-4.07 Y-6.433 E.02305
G1 X-3.671 Y-6.669 E.02177
G1 X-3.258 Y-6.88 E.02183
G1 X-2.833 Y-7.066 E.02183
G1 X-2.397 Y-7.225 E.02183
G1 X-1.975 Y-7.351 E.02068
G1 X-1.498 Y-7.464 E.02305
G1 X-1.042 Y-7.541 E.02177
G1 X-.58 Y-7.59 E.02183
G1 X-.116 Y-7.612 E.02183
G1 X.324 Y-7.605 E.02068
G1 X.812 Y-7.569 E.02305
G1 X1.271 Y-7.506 E.02177
G1 X1.726 Y-7.414 E.02183
G1 X2.175 Y-7.295 E.02183
G1 X2.592 Y-7.157 E.02068
G1 X3.048 Y-6.976 E.02305
G1 X3.345 Y-6.835 E.01547
SET_VELOCITY_LIMIT ACCEL=10000
G1 X3.625 Y-7.341 F30000
SET_VELOCITY_LIMIT ACCEL=5000
;TYPE:Outer wall
G1 F4531
G1 X3.729 Y-7.292 E.00544
G1 X4.167 Y-7.051 E.02349
G1 X4.589 Y-6.783 E.02349
G1 X4.994 Y-6.491 E.02349
G1 X5.361 Y-6.191 E.02229
G1 X5.747 Y-5.835 E.02471
G1 X6.092 Y-5.474 E.02347
G1 X6.414 Y-5.092 E.02349
G1 X6.713 Y-4.692 E.02349
G1 X6.986 Y-4.274 E.02349
G1 X7.234 Y-3.84 E.02349
G1 X7.454 Y-3.392 E.02349
G1 X7.647 Y-2.931 E.02349
G1 X7.812 Y-2.459 E.02349
G1 X7.947 Y-1.979 E.02349
G1 X8.053 Y-1.49 E.02349
G1 X8.129 Y-.997 E.02349
G1 X8.175 Y-.499 E.02349
G1 X8.19 Y0 E.02349
G1 X8.175 Y.499 E.02349
G1 X8.129 Y.997 E.02349
G1 X8.053 Y1.49 E.02349
G1 X7.947 Y1.979 E.02349
G1 X7.812 Y2.459 E.02349
G1 X7.647 Y2.931 E.02349
G1 X7.454 Y3.392 E.02349
G1 X7.234 Y3.84 E.02349
G1 X6.986 Y4.274 E.02349
G1 X6.727 Y4.671 E.02229
G1 X6.414 Y5.093 E.02471
G1 X6.092 Y5.474 E.02347
G1 X5.747 Y5.835 E.02349
G1 X5.38 Y6.175 E.02349
G1 X4.994 Y6.491 E.02349
G1 X4.589 Y6.783 E.02349
G1 X4.167 Y7.051 E.02349
G1 X3.729 Y7.292 E.02349
G1 X3.278 Y7.505 E.02349
G1 X2.814 Y7.691 E.02349
G1 X2.34 Y7.848 E.02349
G1 X1.857 Y7.977 E.02349
G1 X1.367 Y8.075 E.02349
G1 X.873 Y8.143 E.02349
G1 X.375 Y8.181 E.02349
G1 X-.125 Y8.189 E.02349
G1 X-.624 Y8.166 E.02349
G1 X-1.121 Y8.113 E.02349
G1 X-1.613 Y8.029 E.02349
G1 X-2.1 Y7.916 E.02349
G1 X-2.578 Y7.773 E.02349
G1 X-3.047 Y7.602 E.02349
G1 X-3.505 Y7.402 E.02349
G1 X-3.95 Y7.174 E.02349
G1 X-4.38 Y6.92 E.02349
G1 X-4.794 Y6.64 E.02349
G1 X-5.19 Y6.336 E.02349
G1 X-5.566 Y6.008 E.02349
G1 X-5.922 Y5.657 E.02349
G1 X-6.256 Y5.286 E.02349
G1 X-6.567 Y4.894 E.02349
G1 X-6.853 Y4.485 E.02349
G1 X-7.113 Y4.059 E.02349
G1 X-7.348 Y3.618 E.02349
G1 X-7.554 Y3.163 E.02349
G1 X-7.733 Y2.697 E.02349
G1 X-7.883 Y2.22 E.02349
G1 X-8.004 Y1.735 E.02349
G1 X-8.095 Y1.244 E.02349
G1 X-8.156 Y.748 E.02349
G1 X-8.184 Y.275 E.02229
G1 X-8.186 Y-.25 E.02471
G1 X-8.156 Y-.748 E.02347
G1 X-8.098 Y-1.219 E.02229
G1 X-8.004 Y-1.736 E.02471
G1 X-7.883 Y-2.22 E.02347
G1 X-7.733 Y-2.697 E.02349
G1 X-7.554 Y-3.163 E.02349
G1 X-7.358 Y-3.594 E.02229
G1 X-7.113 Y-4.059 E.02471
G1 X-6.853 Y-4.485 E.02347
G1 X-6.567 Y-4.894 E.02349
G1 X-6.256 Y-5.286 E.02349
G1 X-5.922 Y-5.657 E.02349
G1 X-5.566 Y-6.008 E.02349
G1 X-5.19 Y-6.336 E.02349
G1 X-4.814 Y-6.625 E.02229
G1 X-4.38 Y-6.921 E.02471
G1 X-3.95 Y-7.174 E.02347
G1 X-3.505 Y-7.402 E.02349
G1 X-3.047 Y-7.602 E.02349
G1 X-2.578 Y-7.773 E.02349
G1 X-2.124 Y-7.909 E.02229
G1 X-1.613 Y-8.03 E.02471
G1 X-1.121 Y-8.113 E.02347
G1 X-.624 Y-8.166 E.02349
G1 X-.125 Y-8.189 E.02349
G1 X.349 Y-8.182 E.02229
G1 X.873 Y-8.143 E.02471
G1 X1.367 Y-8.075 E.02347
G1 X1.857 Y-7.977 E.02349
G1 X2.34 Y-7.848 E.02349
G1 X2.79 Y-7.699 E.02229
G1 X3.278 Y-7.505 E.02471
G1 X3.592 Y-7.356 E.01634
SET_VELOCITY_LIMIT ACCEL=10000
G1 E-1.2 F2100
;WIPE_START
G1 F7200
G1 X3.729 Y-7.292
G1 X4.167 Y-7.051
G1 X4.589 Y-6.783
G1 X4.994 Y-6.491
G1 X5.265 Y-6.269
;WIPE_END
G1 X6.465 Y-3.674 Z7.4 F30000
G1 Z7
G1 E1.2 F2100
SET_VELOCITY_LIMIT ACCEL=2000
;TYPE:Top surface
;WIDTH:0.640285
G1 F4531
G1 X3.672 Y-6.467 E.19225
SET_VELOCITY_LIMIT ACCEL=10000
G1 E-1.2 F2100
;WIPE_START
G1 F7200
G1 X5.086 Y-5.052
;WIPE_END
G1 X2.184 Y-7.11 Z7.4 F30000
G1 Z7
G1 E1.2 F2100
SET_VELOCITY_LIMIT ACCEL=2000
G1 F4531
G1 X7.11 Y-2.184 E.3391
SET_VELOCITY_LIMIT ACCEL=10000
G1 E-1.2 F2100
M73 P98 R0
;WIPE_START
G1 F7200
G1 X5.696 Y-3.598
;WIPE_END
G1 X7.355 Y-1.094 Z7.4 F30000
G1 Z7
G1 E1.2 F2100
SET_VELOCITY_LIMIT ACCEL=2000
G1 F4531
G1 X1.094 Y-7.355 E.43102
SET_VELOCITY_LIMIT ACCEL=10000
G1 X.17 Y-7.434 F30000
SET_VELOCITY_LIMIT ACCEL=2000
G1 F4531
G1 X7.434 Y-.17 E.50005
SET_VELOCITY_LIMIT ACCEL=10000
G1 X7.408 Y.648 F30000
SET_VELOCITY_LIMIT ACCEL=2000
G1 F4531
G1 X-.649 Y-7.409 E.55464
SET_VELOCITY_LIMIT ACCEL=10000
G1 X-1.391 Y-7.306 F30000
SET_VELOCITY_LIMIT ACCEL=2000
G1 F4531
G1 X7.307 Y1.392 E.59879
SET_VELOCITY_LIMIT ACCEL=10000
G1 X7.142 Y2.072 F30000
SET_VELOCITY_LIMIT ACCEL=2000
G1 F4531
G1 X3.138 Y-1.932 E.27565
SET_VELOCITY_LIMIT ACCEL=10000
G1 E-1.2 F2100
;WIPE_START
G1 F7200
G1 X4.552 Y-.518
;WIPE_END
G1 X3.633 Y-.592 Z7.4 F30000
G1 Z7
G1 E1.2 F2100
SET_VELOCITY_LIMIT ACCEL=2000
G1 F4531
G1 X6.929 Y2.704 E.22691
SET_VELOCITY_LIMIT ACCEL=10000
G1 X6.669 Y3.289 F30000
SET_VELOCITY_LIMIT ACCEL=2000
G1 F4531
G1 X3.671 Y.291 E.20639
SET_VELOCITY_LIMIT ACCEL=10000
G1 X3.541 Y1.006 F30000
SET_VELOCITY_LIMIT ACCEL=2000
G1 F4531
G1 X6.372 Y3.837 E.19487
SET_VELOCITY_LIMIT ACCEL=10000
G1 X6.035 Y4.344 F30000
SET_VELOCITY_LIMIT ACCEL=2000
G1 F4531
G1 X3.309 Y1.618 E.18766
SET_VELOCITY_LIMIT ACCEL=10000
G1 X2.992 Y2.146 F30000
SET_VELOCITY_LIMIT ACCEL=2000
G1 F4531
G1 X5.664 Y4.818 E.18391
SET_VELOCITY_LIMIT ACCEL=10000
G1 X5.26 Y5.259 F30000
SET_VELOCITY_LIMIT ACCEL=2000
G1 F4531
G1 X2.605 Y2.604 E.18279
SET_VELOCITY_LIMIT ACCEL=10000
G1 X2.148 Y2.992 F30000
SET_VELOCITY_LIMIT ACCEL=2000
G1 F4531
G1 X4.82 Y5.664 E.18396
SET_VELOCITY_LIMIT ACCEL=10000
G1 X4.345 Y6.034 F30000
SET_VELOCITY_LIMIT ACCEL=2000
G1 F4531
G1 X1.619 Y3.307 E.1877
SET_VELOCITY_LIMIT ACCEL=10000
G1 X1.011 Y3.544 F30000
SET_VELOCITY_LIMIT ACCEL=2000
G1 F4531
G1 X3.838 Y6.371 E.19461
SET_VELOCITY_LIMIT ACCEL=10000
G1 X3.291 Y6.669 F30000
SET_VELOCITY_LIMIT ACCEL=2000
G1 F4531
G1 X.293 Y3.671 E.20637
SET_VELOCITY_LIMIT ACCEL=10000
G1 X-.583 Y3.64 F30000
SET_VELOCITY_LIMIT ACCEL=2000
G1 F4531
G1 X2.704 Y6.927 E.22631
SET_VELOCITY_LIMIT ACCEL=10000
G1 X2.075 Y7.143 F30000
SET_VELOCITY_LIMIT ACCEL=2000
G1 F4531
G1 X-1.936 Y3.131 E.27615
SET_VELOCITY_LIMIT ACCEL=10000
G1 E-1.2 F2100
;WIPE_START
G1 F7200
G1 X-.522 Y4.545
;WIPE_END
G1 X1.812 Y-2.721 Z7.4 F30000
G1 X1.942 Y-3.128 Z7.4
G1 Z7
G1 E1.2 F2100
SET_VELOCITY_LIMIT ACCEL=2000
G1 F4531
G1 X-2.072 Y-7.142 E.27632
SET_VELOCITY_LIMIT ACCEL=10000
G1 X-2.704 Y-6.929 F30000
SET_VELOCITY_LIMIT ACCEL=2000
G1 F4531
G1 X.586 Y-3.639 E.22644
SET_VELOCITY_LIMIT ACCEL=10000
G1 X-.291 Y-3.671 F30000
SET_VELOCITY_LIMIT ACCEL=2000
G1 F4531
G1 X-3.289 Y-6.67 E.2064
SET_VELOCITY_LIMIT ACCEL=10000
G1 X-3.835 Y-6.371 F30000
SET_VELOCITY_LIMIT ACCEL=2000
G1 F4531
G1 X-1.009 Y-3.545 E.19455
SET_VELOCITY_LIMIT ACCEL=10000
G1 X-1.617 Y-3.308 F30000
M73 P99 R0
SET_VELOCITY_LIMIT ACCEL=2000
G1 F4531
G1 X-4.345 Y-6.036 E.18781
SET_VELOCITY_LIMIT ACCEL=10000
G1 X-4.818 Y-5.664 F30000
SET_VELOCITY_LIMIT ACCEL=2000
G1 F4531
G1 X-2.147 Y-2.993 E.18392
SET_VELOCITY_LIMIT ACCEL=10000
G1 X-2.603 Y-2.605 F30000
SET_VELOCITY_LIMIT ACCEL=2000
G1 F4531
G1 X-5.258 Y-5.259 E.18271
SET_VELOCITY_LIMIT ACCEL=10000
G1 X-5.665 Y-4.821 F30000
SET_VELOCITY_LIMIT ACCEL=2000
G1 F4531
G1 X-2.991 Y-2.148 E.18403
SET_VELOCITY_LIMIT ACCEL=10000
G1 X-3.308 Y-1.62 F30000
SET_VELOCITY_LIMIT ACCEL=2000
G1 F4531
G1 X-6.034 Y-4.346 E.18769
SET_VELOCITY_LIMIT ACCEL=10000
G1 X-6.37 Y-3.837 F30000
SET_VELOCITY_LIMIT ACCEL=2000
G1 F4531
G1 X-3.541 Y-1.008 E.19475
SET_VELOCITY_LIMIT ACCEL=10000
G1 X-3.671 Y-.293 F30000
SET_VELOCITY_LIMIT ACCEL=2000
G1 F4531
G1 X-6.67 Y-3.292 E.20644
SET_VELOCITY_LIMIT ACCEL=10000
G1 X-6.927 Y-2.704 F30000
SET_VELOCITY_LIMIT ACCEL=2000
G1 F4531
G1 X-3.633 Y.589 E.22673
SET_VELOCITY_LIMIT ACCEL=10000
G1 E-1.2 F2100
;WIPE_START
G1 F7200
G1 X-5.048 Y-.825
;WIPE_END
G1 X-3.142 Y1.925 Z7.4 F30000
G1 Z7
G1 E1.2 F2100
SET_VELOCITY_LIMIT ACCEL=2000
G1 F4531
G1 X-7.142 Y-2.075 E.27537
SET_VELOCITY_LIMIT ACCEL=10000
G1 X-7.304 Y-1.391 F30000
SET_VELOCITY_LIMIT ACCEL=2000
G1 F4531
G1 X1.392 Y7.305 E.59865
SET_VELOCITY_LIMIT ACCEL=10000
G1 X.651 Y7.408 F30000
SET_VELOCITY_LIMIT ACCEL=2000
G1 F4531
G1 X-7.41 Y-.653 E.55488
SET_VELOCITY_LIMIT ACCEL=10000
G1 X-7.435 Y.167 F30000
SET_VELOCITY_LIMIT ACCEL=2000
G1 F4531
G1 X-.166 Y7.436 E.50037
SET_VELOCITY_LIMIT ACCEL=10000
G1 X-1.09 Y7.357 F30000
SET_VELOCITY_LIMIT ACCEL=2000
G1 F4531
G1 X-7.358 Y1.089 E.43152
SET_VELOCITY_LIMIT ACCEL=10000
G1 E-1.2 F2100
;WIPE_START
G1 F7200
G1 X-5.944 Y2.503
;WIPE_END
G1 X-7.108 Y2.183 Z7.4 F30000
G1 Z7
G1 E1.2 F2100
SET_VELOCITY_LIMIT ACCEL=2000
G1 F4531
G1 X-2.183 Y7.108 E.33903
SET_VELOCITY_LIMIT ACCEL=10000
G1 E-1.2 F2100
;WIPE_START
G1 F7200
G1 X-3.598 Y5.694
;WIPE_END
G1 X-3.665 Y6.471 Z7.4 F30000
G1 Z7
G1 E1.2 F2100
SET_VELOCITY_LIMIT ACCEL=2000
G1 F4531
G1 X-6.475 Y3.662 E.19341
G1 E-1.2 F2100
;WIPE_START
G1 F7200
G1 X-5.061 Y5.076
;WIPE_END
M106 S0
M106 P2 S0
;TYPE:Custom
; filament end gcode
G1 E-3 F3600
G0 X50 Y50 F30000
M104 S0 ; turn off temperature
M73 P100 R0
; EXECUTABLE_BLOCK_END

; filament used [mm] = 584.23
; filament used [cm3] = 1.41
; filament used [g] = 1.74
; filament cost = 0.03
; total filament used [g] = 1.74
; total filament cost = 0.03
; total layers count = 48
; estimated printing time (normal mode) = 5m 10s
; estimated first layer printing time (normal mode) = 14s

; CONFIG_BLOCK_START
; accel_to_decel_enable = 0
; accel_to_decel_factor = 50%
; activate_air_filtration = 0
; activate_chamber_temp_control = 0
; adaptive_bed_mesh_margin = 0
; adaptive_pressure_advance = 0
; adaptive_pressure_advance_bridges = 0
; adaptive_pressure_advance_model = "0,0,0\n0,0,0"
; adaptive_pressure_advance_overhangs = 0
; additional_cooling_fan_speed = 100
; alternate_extra_wall = 0
; auxiliary_fan = 1
; bbl_calib_mark_logo = 1
; bbl_use_printhost = 0
; bed_custom_model = 
; bed_custom_texture = 
; bed_exclude_area = 0x0
; bed_mesh_max = 99999,99999
; bed_mesh_min = -99999,-99999
; bed_mesh_probe_distance = 50,50
; before_layer_change_gcode = ;BEFORE_LAYER_CHANGE\n;[layer_z]
; best_object_pos = 0.5,0.5
; bottom_shell_layers = 3
; bottom_shell_thickness = 0
; bottom_solid_infill_flow_ratio = 1
; bottom_surface_pattern = monotonic
; bridge_acceleration = 50%
; bridge_angle = 0
; bridge_density = 100%
; bridge_flow = 1
; bridge_no_support = 0
; bridge_speed = 25
; brim_ears_detection_length = 1
; brim_ears_max_angle = 125
; brim_object_gap = 0.1
; brim_type = no_brim
; brim_width = 5
; chamber_temperature = 0
; change_extrusion_role_gcode = 
; change_filament_gcode = 
; close_fan_the_first_x_layers = 1
; complete_print_exhaust_fan_speed = 80
; cool_plate_temp = 60
; cool_plate_temp_initial_layer = 55
; cooling_tube_length = 5
; cooling_tube_retraction = 91.5
; counterbore_hole_bridging = none
; curr_bed_type = High Temp Plate
; default_acceleration = 10000
; default_filament_colour = ""
; default_filament_profile = "Flashforge Generic PLA"
; default_jerk = 0
; default_print_profile = 0.30mm Standard @Flashforge AD5M Pro 0.6 Nozzle
; deretraction_speed = 35
; detect_narrow_internal_solid_infill = 1
; detect_overhang_wall = 1
; detect_thin_wall = 0
; different_settings_to_system = enable_support;initial_layer_print_height;layer_height;raft_contact_distance;;
; disable_m73 = 0
; dont_filter_internal_bridges = disabled
; dont_slow_down_outer_wall = 0
; draft_shield = disabled
; during_print_exhaust_fan_speed = 60
; elefant_foot_compensation = 0.15
; elefant_foot_compensation_layers = 1
; emit_machine_limits_to_gcode = 1
; enable_arc_fitting = 0
; enable_extra_bridge_layer = disabled
; enable_filament_ramming = 1
; enable_long_retraction_when_cut = 0
; enable_overhang_bridge_fan = 1
; enable_overhang_speed = 1
; enable_pressure_advance = 1
; enable_prime_tower = 0
; enable_support = 1
; enforce_support_layers = 0
; eng_plate_temp = 60
; eng_plate_temp_initial_layer = 55
; ensure_vertical_shell_thickness = ensure_all
; exclude_object = 0
; extra_loading_move = -2
; extra_perimeters_on_overhangs = 0
; extruder_clearance_height_to_lid = 150
; extruder_clearance_height_to_rod = 27
; extruder_clearance_radius = 76
; extruder_colour = #26A69A
; extruder_offset = 0x0
; extrusion_rate_smoothing_external_perimeter_only = 0
; fan_cooling_layer_time = 100
; fan_kickstart = 0
; fan_max_speed = 100
; fan_min_speed = 100
; fan_speedup_overhangs = 1
; fan_speedup_time = 0
; filament_colour = #26A69A
; filament_cooling_final_speed = 3.4
; filament_cooling_initial_speed = 2.2
; filament_cooling_moves = 4
; filament_cost = 20
; filament_density = 1.24
; filament_diameter = 1.75
; filament_end_gcode = "; filament end gcode\n"
; filament_flow_ratio = 0.98
; filament_ids = FFG01
; filament_is_support = 0
; filament_loading_speed = 28
; filament_loading_speed_start = 3
; filament_max_volumetric_speed = 25
; filament_minimal_purge_on_wipe_tower = 15
; filament_multitool_ramming = 0
; filament_multitool_ramming_flow = 10
; filament_multitool_ramming_volume = 10
; filament_notes = ""
; filament_ramming_parameters = "120 100 6.6 6.8 7.2 7.6 7.9 8.2 8.7 9.4 9.9 10.0| 0.05 6.6 0.45 6.8 0.95 7.8 1.45 8.3 1.95 9.7 2.45 10 2.95 7.6 3.45 7.6 3.95 7.6 4.45 7.6 4.95 7.6"
; filament_settings_id = "Flashforge Generic PLA"
; filament_shrink = 100%
; filament_shrinkage_compensation_z = 100%
; filament_soluble = 0
; filament_stamping_distance = 0
; filament_stamping_loading_speed = 0
; filament_start_gcode = "; filament start gcode\n;right_extruder_material: PLA\n"
; filament_toolchange_delay = 0
; filament_type = PLA
; filament_unloading_speed = 90
; filament_unloading_speed_start = 100
; filament_vendor = Generic
; filename_format = {input_filename_base}.gcode
; filter_out_gap_fill = 0.5
; first_layer_print_sequence = 0
; flush_into_infill = 0
; flush_into_objects = 0
; flush_into_support = 1
; flush_multiplier = 0.3
; flush_volumes_matrix = 0
; flush_volumes_vector = 140,140
; full_fan_speed_layer = 0
; fuzzy_skin = none
; fuzzy_skin_first_layer = 0
; fuzzy_skin_noise_type = classic
; fuzzy_skin_octaves = 4
; fuzzy_skin_persistence = 0.5
; fuzzy_skin_point_distance = 0.3
; fuzzy_skin_scale = 1
; fuzzy_skin_thickness = 0.2
; gap_fill_target = nowhere
; gap_infill_speed = 150
; gcode_add_line_number = 0
; gcode_comments = 0
; gcode_flavor = klipper
; gcode_label_objects = 0
; has_scarf_joint_seam = 0
; head_wrap_detect_zone = 
; high_current_on_filament_swap = 0
; hole_to_polyhole = 0
; hole_to_polyhole_threshold = 0.01
; hole_to_polyhole_twisted = 1
; host_type = octoprint
; hot_plate_temp = 50
; hot_plate_temp_initial_layer = 55
; idle_temperature = 0
; independent_support_layer_height = 1
; infill_anchor = 400%
; infill_anchor_max = 20
; infill_combination = 0
; infill_combination_max_layer_height = 100%
; infill_direction = 45
; infill_jerk = 9
; infill_wall_overlap = 40%
; inherits_group = "0.18mm Fine @Flashforge AD5M Pro 0.6 Nozzle";;
; initial_layer_acceleration = 500
; initial_layer_infill_speed = 65
; initial_layer_jerk = 9
; initial_layer_line_width = 0.65
; initial_layer_min_bead_width = 85%
; initial_layer_print_height = 0.2
; initial_layer_speed = 45
; initial_layer_travel_speed = 100%
; inner_wall_acceleration = 5000
; inner_wall_jerk = 9
; inner_wall_line_width = 0.62
; inner_wall_speed = 150
; interface_shells = 0
; interlocking_beam = 0
; interlocking_beam_layer_count = 2
; interlocking_beam_width = 0.8
; interlocking_boundary_avoidance = 2
; interlocking_depth = 2
; interlocking_orientation = 22.5
; internal_bridge_angle = 0
; internal_bridge_density = 100%
; internal_bridge_fan_speed = -1
; internal_bridge_flow = 1
; internal_bridge_speed = 50
; internal_solid_infill_acceleration = 7000
; internal_solid_infill_line_width = 0.62
; internal_solid_infill_pattern = monotonic
; internal_solid_infill_speed = 150
; ironing_angle = -1
; ironing_flow = 15%
; ironing_inset = 0
; ironing_pattern = zig-zag
; ironing_spacing = 0.1
; ironing_speed = 15
; ironing_type = no ironing
; is_infill_first = 0
; lattice_angle_1 = -45
; lattice_angle_2 = 45
; layer_change_gcode = ;AFTER_LAYER_CHANGE\n;[layer_z]
; layer_height = 0.2
; line_width = 0.62
; long_retractions_when_cut = 0
; machine_end_gcode = G1 E-3 F3600\nG0 X50 Y50 F30000\nM104 S0 ; turn off temperature
; machine_load_filament_time = 0
; machine_max_acceleration_e = 5000,5000
; machine_max_acceleration_extruding = 20000,20000
; machine_max_acceleration_retracting = 5000,5000
; machine_max_acceleration_travel = 20000,20000
; machine_max_acceleration_x = 20000,20000
; machine_max_acceleration_y = 20000,20000
; machine_max_acceleration_z = 500,500
; machine_max_jerk_e = 2.5,2.5
; machine_max_jerk_x = 9,9
; machine_max_jerk_y = 9,9
; machine_max_jerk_z = 3,3
; machine_max_speed_e = 30,30
; machine_max_speed_x = 600,600
; machine_max_speed_y = 600,600
; machine_max_speed_z = 20,20
; machine_min_extruding_rate = 0,0
; machine_min_travel_rate = 0,0
; machine_pause_gcode = M25
; machine_start_gcode = M190 S[bed_temperature_initial_layer_single]\nM104 S[nozzle_temperature_initial_layer]\nG90\nM83\nG1 Z5 F6000\nG1 E-0.2 F800\nG1 X110 Y-110 F6000\nG1 E2 F800\nG1 Y-110 X55 Z0.25 F4800\nG1 X-55 E8 F2400\nG1 Y-109.6 F2400\nG1 X55 E5 F2400\nG1 Y-110 X55 Z0.45 F4800\nG1 X-55 E8 F2400\nG1 Y-109.6 F2400\nG1 X55 E5 F2400\nG92 E0
; machine_tool_change_time = 0
; machine_unload_filament_time = 0
; make_overhang_printable = 0
; make_overhang_printable_angle = 55
; make_overhang_printable_hole_size = 0
; manual_filament_change = 0
; max_bridge_length = 10
; max_layer_height = 0.42
; max_travel_detour_distance = 0
; max_volumetric_extrusion_rate_slope = 0
; max_volumetric_extrusion_rate_slope_segment_length = 3
; min_bead_width = 85%
; min_feature_size = 25%
; min_layer_height = 0.15
; min_length_factor = 0.5
; min_skirt_length = 0
; min_width_top_surface = 300%
; minimum_sparse_infill_area = 15
; mmu_segmented_region_interlocking_depth = 0
; mmu_segmented_region_max_width = 0
; notes = 
; nozzle_diameter = 0.6
; nozzle_height = 2.5
; nozzle_hrc = 0
; nozzle_temperature = 220
; nozzle_temperature_initial_layer = 220
; nozzle_temperature_range_high = 230
; nozzle_temperature_range_low = 190
; nozzle_type = hardened_steel
; nozzle_volume = 0
; only_one_wall_first_layer = 0
; only_one_wall_top = 0
; ooze_prevention = 0
; other_layers_print_sequence = 0
; other_layers_print_sequence_nums = 0
; outer_wall_acceleration = 5000
; outer_wall_jerk = 9
; outer_wall_line_width = 0.62
; outer_wall_speed = 120
; overhang_1_4_speed = 0
; overhang_2_4_speed = 40
; overhang_3_4_speed = 20
; overhang_4_4_speed = 10
; overhang_fan_speed = 100
; overhang_fan_threshold = 50%
; overhang_reverse = 0
; overhang_reverse_internal_only = 0
; overhang_reverse_threshold = 50%
; overhang_speed_classic = 0
; parking_pos_retraction = 92
; pellet_flow_coefficient = 0.4157
; pellet_modded_printer = 0
; post_process = 
; precise_outer_wall = 0
; precise_z_height = 0
; preferred_orientation = 0
; preheat_steps = 1
; preheat_time = 30
; pressure_advance = 0.025
; prime_tower_brim_width = 3
; prime_tower_width = 60
; prime_volume = 45
; print_compatible_printers = "Flashforge Adventurer 5M Pro 0.6 Nozzle"
; print_flow_ratio = 1
; print_order = default
; print_sequence = by layer
; print_settings_id = Supported, no raft
; printable_area = -110x-110,110x-110,110x110,-110x110
; printable_height = 220
; printer_model = Flashforge Adventurer 5M Pro
; printer_notes = 
; printer_settings_id = Flashforge Adventurer 5M Pro 0.6 Nozzle
; printer_structure = undefine
; printer_technology = FFF
; printer_variant = 0.6
; printhost_authorization_type = key
; printhost_ssl_ignore_revoke = 0
; printing_by_object_gcode = 
; purge_in_prime_tower = 1
; raft_contact_distance = 0.16
; raft_expansion = 1.5
; raft_first_layer_density = 90%
; raft_first_layer_expansion = 2
; raft_layers = 0
; reduce_crossing_wall = 0
; reduce_fan_stop_start_freq = 1
; reduce_infill_retraction = 1
; required_nozzle_HRC = 0
; resolution = 0.012
; retract_before_wipe = 100%
; retract_length_toolchange = 2
; retract_lift_above = 0
; retract_lift_below = 0
; retract_lift_enforce = All Surfaces
; retract_on_top_layer = 1
; retract_restart_extra = 0
; retract_restart_extra_toolchange = 0
; retract_when_changing_layer = 1
; retraction_distances_when_cut = 18
; retraction_length = 1.2
; retraction_minimum_travel = 1
; retraction_speed = 35
; role_based_wipe_speed = 1
; rotate_solid_infill_direction = 1
; scan_first_layer = 0
; scarf_angle_threshold = 155
; scarf_joint_flow_ratio = 1
; scarf_joint_speed = 100%
; scarf_overhang_threshold = 40%
; seam_gap = 6%
; seam_position = aligned
; seam_slope_conditional = 0
; seam_slope_entire_loop = 0
; seam_slope_inner_walls = 0
; seam_slope_min_length = 20
; seam_slope_start_height = 0
; seam_slope_steps = 10
; seam_slope_type = none
; silent_mode = 0
; single_extruder_multi_material = 0
; single_extruder_multi_material_priming = 0
; single_loop_draft_shield = 0
; skirt_distance = 2
; skirt_height = 1
; skirt_loops = 0
; skirt_speed = 50
; skirt_start_angle = -135
; skirt_type = combined
; slice_closing_radius = 0.049
; slicing_mode = regular
; slow_down_for_layer_cooling = 1
; slow_down_layer_time = 6
; slow_down_layers = 1
; slow_down_min_speed = 20
; slowdown_for_curled_perimeters = 1
; small_area_infill_flow_compensation = 0
; small_area_infill_flow_compensation_model = 0,0;"\n0.2,0.4444";"\n0.4,0.6145";"\n0.6,0.7059";"\n0.8,0.7619";"\n1.5,0.8571";"\n2,0.8889";"\n3,0.9231";"\n5,0.9520";"\n10,1"
; small_perimeter_speed = 50%
; small_perimeter_threshold = 0
; solid_infill_direction = 45
; solid_infill_filament = 1
; sparse_infill_acceleration = 100%
; sparse_infill_density = 15%
; sparse_infill_filament = 1
; sparse_infill_line_width = 0.62
; sparse_infill_pattern = crosshatch
; sparse_infill_speed = 100
; spiral_finishing_flow_ratio = 0
; spiral_mode = 0
; spiral_mode_max_xy_smoothing = 200%
; spiral_mode_smooth = 0
; spiral_starting_flow_ratio = 0
; staggered_inner_seams = 0
; standby_temperature_delta = -5
; start_end_points = 30x-3,54x245
; supertack_plate_temp = 35
; supertack_plate_temp_initial_layer = 35
; support_air_filtration = 1
; support_angle = 0
; support_base_pattern = rectilinear
; support_base_pattern_spacing = 2.5
; support_bottom_interface_spacing = 0.35
; support_bottom_z_distance = 0.18
; support_chamber_temp_control = 1
; support_critical_regions_only = 0
; support_expansion = 0
; support_filament = 0
; support_interface_bottom_layers = 0
; support_interface_filament = 0
; support_interface_loop_pattern = 0
; support_interface_not_for_body = 1
; support_interface_pattern = auto
; support_interface_spacing = 0.35
; support_interface_speed = 40
; support_interface_top_layers = 2
; support_line_width = 0.62
; support_material_interface_fan_speed = 100
; support_multi_bed_types = 1
; support_object_first_layer_gap = 0.2
; support_object_xy_distance = 0.4
; support_on_build_plate_only = 0
; support_remove_small_overhang = 1
; support_speed = 100
; support_style = default
; support_threshold_angle = 30
; support_threshold_overlap = 50%
; support_top_z_distance = 0.18
; support_type = normal(auto)
; temperature_vitrification = 60
; template_custom_gcode = 
; textured_cool_plate_temp = 40
; textured_cool_plate_temp_initial_layer = 40
; textured_plate_temp = 60
; textured_plate_temp_initial_layer = 55
; thick_bridges = 0
; thick_internal_bridges = 1
; thumbnails = 140x110/PNG
; thumbnails_format = PNG
; time_cost = 0
; time_lapse_gcode = 
; timelapse_type = 0
; top_bottom_infill_wall_overlap = 25%
; top_shell_layers = 5
; top_shell_thickness = 1
; top_solid_infill_flow_ratio = 1
; top_surface_acceleration = 2000
; top_surface_jerk = 9
; top_surface_line_width = 0.62
; top_surface_pattern = monotonicline
; top_surface_speed = 120
; travel_acceleration = 10000
; travel_jerk = 12
; travel_slope = 3
; travel_speed = 500
; travel_speed_z = 0
; tree_support_adaptive_layer_height = 1
; tree_support_angle_slow = 25
; tree_support_auto_brim = 1
; tree_support_branch_angle = 45
; tree_support_branch_angle_organic = 40
; tree_support_branch_diameter = 5
; tree_support_branch_diameter_angle = 5
; tree_support_branch_diameter_organic = 2
; tree_support_branch_distance = 5
; tree_support_branch_distance_organic = 1
; tree_support_brim_width = 3
; tree_support_tip_diameter = 0.8
; tree_support_top_rate = 30%
; tree_support_wall_count = 0
; upward_compatible_machine = 
; use_firmware_retraction = 0
; use_relative_e_distances = 1
; wall_direction = auto
; wall_distribution_count = 1
; wall_filament = 1
; wall_generator = classic
; wall_loops = 2
; wall_sequence = inner wall/outer wall
; wall_transition_angle = 10
; wall_transition_filter_deviation = 25%
; wall_transition_length = 100%
; wipe = 1
; wipe_before_external_loop = 0
; wipe_distance = 2
; wipe_on_loops = 0
; wipe_speed = 200
; wipe_tower_bridging = 10
; wipe_tower_cone_angle = 0
; wipe_tower_extra_flow = 100%
; wipe_tower_extra_spacing = 100%
; wipe_tower_filament = 0
; wipe_tower_max_purge_speed = 90
; wipe_tower_no_sparse_layers = 0
; wipe_tower_rotation_angle = 0
; wipe_tower_x = 165.000
; wipe_tower_x = 165
; wipe_tower_y = 250.000
; wipe_tower_y = 250
; wiping_volumes_extruders = 70,70,70,70,70,70,70,70,70,70
; xy_contour_compensation = 0
; xy_hole_compensation = 0
; z_hop = 0.4
; z_hop_types = Auto Lift
; z_offset = 0
; first_layer_bed_temperature = 55
; bed_shape = -110x-110,110x-110,110x110,-110x110
; first_layer_temperature = 220
; first_layer_height = 0.200
; CONFIG_BLOCK_END


