; HEADER_BLOCK_START
; generated by OrcaSlicer 2.3.0 on 2025-10-05 at 17:35:01
; total layer number: 20
;_GP_TOTAL_LAYER_NUMBER_PLACEHOLDER
; filament_density: 1.24
; filament_diameter: 1.75
; max_z_height: 4.00
; HEADER_BLOCK_END

; THUMBNAIL_BLOCK_START

;
; thumbnail begin 140x110 2308
; iVBORw0KGgoAAAANSUhEUgAAAIwAAABuCAYAAAD1TPu3AAAGiUlEQVR4Ae2dC1MTVxTHd6ad6dRXJR
; IIj7wIiIi1tbWtztTWPqbSWiyIVVBRfFYRGVB5WYTwRuWNIAVs2ulMO/0U+Sh8lOM9FxZDJGGXbDa7
; yf83cwYyCWHI/jj3de5dRQEAAAAAAAAAAAAAAAAAAAAAAAAAAAAAAABIG97d5/BFhgIAwzLsPv5ZQ9
; bPp4L5DxvD3uHulcAfExQr+PmchroQv/79/YGTCkh/VEn4wseTQ0uwQCwPslAawheVL+5WWSQReZB1
; 0oBkixId3LQpwH6YLQqyjU1RRTFbks2C+0oKsCZWEgXSWBirihIZaJ4sgB1EUYP7NApIDXYSBU1TCr
; GrKJGhgOSTSlGKl6aoeHHSsPfDjHASSZUoRXPPyD87St7RHgqI70smBunwf0uGvDeapSSQ6qbHM9BF
; 7iePhDC95B8foLL5MTqwME4BAzIN/10KMAar9FHcvW1UKITxTw1R0cSAyC7LVCaEKZp9CmGsgOU6sy
; /HyPssSO5gB3mHuinwvI9KDXpvCJMAVh/1+GdGRFYZNfQ993x5LKgAfaTD8HhbAk6P0I5DZUEFaCNT
; RVHD09cJYbSQ6aKo2SX3+iUIEw+I8iYKu1rJefEchNkMiLIxuCliWTje2bnDp4BVIMrb4X0aXJeFQw
; EQJVYUdrVskMXxy4+ZXeLAohixVSPdgju4q7LUILswECWWKMNU0NlCOdcuUnZdzQZhMjK7WF0Uv8Gz
; srpFaaij7NqzUpZIYTJOFquLUjT/nEsgV6fyJwfp4/9fUemfs+aLokaUMBkzMrJD01MkFgoLH7eSRw
; jjE4uE/tFe+uifBQrMJC/bxBRlE2GUTMBOfRQuOXD3dcgM4xMrzIGpISpfnKQDS9PmixIhjONMBjRD
; LApv8zT7oicansHH5BnqJk9/FxWLjFMiskzJQgpEWYusyor0lsWuokQH17Bw/UrpqxmIkgzSRRSjA6
; JEAVHii6JFEogCUSCKCkSBKJrgPTCmisKV9WISjS8Eb8/48N8lKvtrzjKCQJQYmC6KeiEmh6ig/b5Y
; 0u8l/8Qglb0cp/LQnKE7ByGKgaRKFDV48swz9Dv5p4alMAHx+CA/l2JhIEoUqRZFDd94P7l72uSOQd
; 5iul9IUyqaKIhiEawiyoYQ/RjOMDz7asYCIETRAEY9EEUznFXsdBE3BI+ixFoPZyDeUVgmpvAP/j1v
; uii7vvg0pGQCdq+b9Yk+DZcvytVlseZTHnpBh5an5RksEMVg0qHI2jfWT4XdD8k78kTO0xSLx+WLU7
; qFgShbwCcwbue/j08fyG+9S657Nyj3Vj3lXK0l150GEdeooKNZjmjMFIbnaaQwoz1SmBI+e4WbqRfa
; jtGAKBrgDq6ek6zlh9olVlqvipXWC1XkrDtLzkvnyFl/XgrDBcocvG0z98ZlGe7edvPEWRtFcbbZLx
; 6XLG9d6ARRdKCnk7u6f5cr1sUHd6FaszC5t69SXvNtMY8yYJ44yCjJQevwWd3szXWk2xHG9Ztoqu5e
; t4Q0ekThoTFEWUNP3yX/QePaHpjEhMlrvQNR7IrWkRFnlzc77N4WxlH104qj+vTK3lPfhvdWfBeOJw
; x3kL0jPRDFjmgVhleHo4URP6tpFnPPV8dD0cIUdj+AKHYku64mpOWDd0ccJ7HdXXaOMxVhs4RhUfJb
; 7kAUo9lXUxnSehGM2pLJwrj7OyGKHdEjTM6VWkMW0t7zeU4afXKkXlFwStM2+eCbE5qFMer2KkYuQU
; AUk2Fh9IxYEr05pVGyQJQUwcLkteibF+FMo/cGCEbtpYYoKWbX0SNBV+P2OqHqDbhj3TrOyJt9syi8
; oAlRLAALwyOXRKfsWSA1jGh2IIpFUYXhr1ZZHIQoFsZZf2FFFcbVeF1O0kEUEJdIYVx3r1HBoyaIAm
; LjvCKyTIQwXDWXd/82uYPtEAVsTrQwvFgoFw3v3ZSlln6DznRTSzv5d2gVRQHWZDNhcm9dodyb9bJM
; QfZxhDx8OKB2QUbWK/nlHMr5KlkWkV1bDVHSgXjCrAfXuojg1/LEX0F7s9wkX9DWJPs/+SJcTTfl6E
; sWV3FJhBSkekthIIoN0SpMjhprVXay4k6E6BPJCjzn5V81CwNRbI6jsiJshjAQJc3IOv1DOBnCZFWe
; gijpzM4jh4OJCsOS7Pr8ExQtZSJ7ThwP7TtftRJPGC4O3/v91+Hdx45CEgAAAAAAAAAAAAAAAAAAAA
; AAAAAAAAAAAACQKbwG6wlAPski4poAAAAASUVORK5CYII=
; thumbnail end
; THUMBNAIL_BLOCK_END

; external perimeters extrusion width = 0.62mm
; perimeters extrusion width = 0.62mm
; infill extrusion width = 0.62mm
; solid infill extrusion width = 0.62mm
; top infill extrusion width = 0.62mm
; first layer extrusion width = 0.65mm

; EXECUTABLE_BLOCK_START
M73 P0 R6
M106 S0
M106 P2 S0
;TYPE:Custom
M190 S55
M104 S220
G90
M83
G1 Z5 F6000
G1 E-0.2 F800
G1 X110 Y-110 F6000
G1 E2 F800
G1 Y-110 X55 Z0.25 F4800
G1 X-55 E8 F2400
G1 Y-109.6 F2400
M73 P1 R6
G1 X55 E5 F2400
G1 Y-110 X55 Z0.45 F4800
G1 X-55 E8 F2400
M73 P2 R6
G1 Y-109.6 F2400
G1 X55 E5 F2400
G92 E0
G90
G21
M83 ; use relative distances for extrusion
; filament start gcode
;right_extruder_material: PLA
SET_PRESSURE_ADVANCE ADVANCE=0.025; Override pressure advance value
M106 S0
M106 P2 S0
;LAYER_CHANGE
;Z:0.2
;HEIGHT:0.2
;BEFORE_LAYER_CHANGE
;0.2
G1 E-1.2 F2100
M73 P3 R6
;AFTER_LAYER_CHANGE
;0.2
;_SET_FAN_SPEED_CHANGING_LAYER
SET_VELOCITY_LIMIT ACCEL=500
G1 X-4.491 Y-.051 F30000
G1 Z.6
G1 Z.2
G1 E1.2 F2100
;TYPE:Inner wall
;WIDTH:0.65
G1 F2700
G1 X-4.388 Y.123 E.01
G1 X-4.199 Y.654 E.02791
G1 X-4.137 Y1.069 E.02076
G1 X-4.134 Y1.427 E.01771
G1 X-4.192 Y1.823 E.01976
G1 X-4.284 Y2.177 E.01813
G1 X-4.411 Y2.507 E.01746
G1 X-4.635 Y2.897 E.02225
G1 X-4.952 Y3.262 E.02393
G1 X-5.296 Y3.539 E.02186
G1 X-5.677 Y3.75 E.0215
G1 X-6.087 Y3.894 E.0215
G1 X-6.516 Y3.965 E.02151
G1 X-6.957 Y3.963 E.02183
G1 X-7.356 Y3.891 E.02004
G1 X-7.708 Y3.788 E.01817
G1 X-8.073 Y3.631 E.01966
G1 X-8.407 Y3.42 E.01953
G1 X-8.7 Y3.167 E.01917
G1 X-9.025 Y2.775 E.02521
G1 X-9.275 Y2.303 E.02639
G1 X-9.414 Y1.862 E.0229
G1 X-9.479 Y1.393 E.02343
G1 X-9.449 Y.832 E.02779
G1 X-9.342 Y.394 E.0223
G1 X-9.188 Y.014 E.02028
G1 X-8.923 Y-.424 E.02529
G1 X-8.546 Y-.812 E.02677
G1 X-8.118 Y-1.1 E.02552
G1 X-7.664 Y-1.303 E.02461
G1 X-7.407 Y-1.369 E.01316
G1 X-7.105 Y-1.417 E.01512
G1 X-6.669 Y-1.416 E.02154
G1 X-6.169 Y-1.335 E.02508
G1 X-5.75 Y-1.189 E.02194
G1 X-5.365 Y-.982 E.02163
G1 X-4.93 Y-.634 E.02757
G1 X-4.627 Y-.279 E.02309
G1 X-4.51 Y-.082 E.01133
G1 X-5.013 Y.26 F30000
;TYPE:Outer wall
G1 F2700
G1 X-4.94 Y.382 E.00703
G1 X-4.791 Y.802 E.02208
G1 X-4.744 Y1.117 E.01574
G1 X-4.742 Y1.385 E.01326
G1 X-4.788 Y1.702 E.01584
G1 X-4.863 Y1.992 E.01481
G1 X-4.961 Y2.245 E.01343
G1 X-5.132 Y2.543 E.01702
G1 X-5.375 Y2.823 E.01833
G1 X-5.636 Y3.034 E.0166
G1 X-5.926 Y3.194 E.01637
G1 X-6.238 Y3.303 E.01636
G1 X-6.564 Y3.358 E.01637
G1 X-6.901 Y3.356 E.01666
G1 X-7.216 Y3.299 E.01584
G1 X-7.502 Y3.216 E.01474
G1 X-7.789 Y3.092 E.01546
G1 X-8.044 Y2.932 E.01489
G1 X-8.264 Y2.74 E.01444
G1 X-8.518 Y2.435 E.01964
G1 X-8.712 Y2.068 E.02055
G1 X-8.82 Y1.728 E.01763
G1 X-8.869 Y1.367 E.01801
G1 X-8.845 Y.92 E.02215
G1 X-8.763 Y.58 E.01729
G1 X-8.644 Y.287 E.01567
G1 X-8.44 Y-.05 E.01948
G1 X-8.155 Y-.343 E.02023
G1 X-7.823 Y-.567 E.01981
G1 X-7.463 Y-.728 E.01949
G1 X-7.283 Y-.774 E.00921
G1 X-7.057 Y-.81 E.0113
G1 X-6.719 Y-.809 E.01674
G1 X-6.319 Y-.744 E.02004
G1 X-5.995 Y-.631 E.01697
G1 X-5.701 Y-.474 E.01651
G1 X-5.355 Y-.196 E.02196
G1 X-5.122 Y.076 E.0177
G1 X-5.031 Y.229 E.00878
G1 E-1.2 F2100
;WIPE_START
G1 F2700
G1 X-4.94 Y.382
G1 X-4.791 Y.802
G1 X-4.744 Y1.117
G1 X-4.742 Y1.385
G1 X-4.788 Y1.702
G1 X-4.863 Y1.992
G1 X-4.924 Y2.15
;WIPE_END
G1 X-8.811 Y-2.664 Z.6 F30000
G1 Z.2
G1 E1.2 F2100
;TYPE:Inner wall
G1 F2700
G1 X-8.872 Y-2.718 E.00403
G1 X-9.198 Y-3.109 E.02521
G1 X-9.447 Y-3.581 E.02639
G1 X-9.587 Y-4.022 E.0229
G1 X-9.651 Y-4.491 E.02343
G1 X-9.621 Y-5.053 E.02779
G1 X-9.515 Y-5.491 E.0223
G1 X-9.361 Y-5.87 E.02028
G1 X-9.096 Y-6.308 E.02529
G1 X-8.719 Y-6.696 E.02677
G1 X-8.291 Y-6.984 E.02552
G1 X-7.837 Y-7.187 E.02461
G1 X-7.579 Y-7.253 E.01316
G1 X-7.277 Y-7.301 E.01512
G1 X-6.842 Y-7.301 E.02154
G1 X-6.341 Y-7.219 E.02508
G1 X-5.923 Y-7.073 E.02194
G1 X-5.537 Y-6.866 E.02163
G1 X-5.103 Y-6.518 E.02757
M73 P4 R6
G1 X-4.799 Y-6.163 E.02309
G1 X-4.56 Y-5.762 E.02311
G1 X-4.372 Y-5.23 E.02791
G1 X-4.309 Y-4.815 E.02076
G1 X-4.307 Y-4.457 E.01771
G1 X-4.365 Y-4.062 E.01976
G1 X-4.457 Y-3.707 E.01813
G1 X-4.584 Y-3.377 E.01746
G1 X-4.808 Y-2.987 E.02225
G1 X-5.125 Y-2.622 E.02393
G1 X-5.469 Y-2.345 E.02186
G1 X-5.849 Y-2.134 E.0215
G1 X-6.259 Y-1.991 E.0215
G1 X-6.688 Y-1.919 E.02151
G1 X-7.129 Y-1.921 E.02183
G1 X-7.528 Y-1.993 E.02004
G1 X-7.881 Y-2.096 E.01817
G1 X-8.246 Y-2.253 E.01966
G1 X-8.579 Y-2.464 E.01953
G1 X-8.783 Y-2.641 E.01335
G1 X-8.413 Y-3.123 F30000
;TYPE:Outer wall
G1 F2700
G1 X-8.437 Y-3.144 E.00159
G1 X-8.691 Y-3.449 E.01964
G1 X-8.885 Y-3.816 E.02055
G1 X-8.992 Y-4.156 E.01763
G1 X-9.042 Y-4.517 E.01801
G1 X-9.018 Y-4.964 E.02215
G1 X-8.936 Y-5.304 E.01729
G1 X-8.816 Y-5.597 E.01567
G1 X-8.612 Y-5.934 E.01948
G1 X-8.327 Y-6.227 E.02023
G1 X-7.995 Y-6.451 E.01981
G1 X-7.636 Y-6.612 E.01949
G1 X-7.455 Y-6.658 E.00921
G1 X-7.23 Y-6.694 E.0113
G1 X-6.891 Y-6.694 E.01674
G1 X-6.492 Y-6.628 E.02004
G1 X-6.168 Y-6.515 E.01697
G1 X-5.873 Y-6.358 E.01651
G1 X-5.527 Y-6.08 E.02196
G1 X-5.295 Y-5.808 E.0177
G1 X-5.113 Y-5.502 E.01759
G1 X-4.964 Y-5.082 E.02208
G1 X-4.916 Y-4.767 E.01574
G1 X-4.914 Y-4.499 E.01326
G1 X-4.961 Y-4.182 E.01584
G1 X-5.036 Y-3.892 E.01481
G1 X-5.133 Y-3.639 E.01343
G1 X-5.305 Y-3.341 E.01702
G1 X-5.548 Y-3.061 E.01833
G1 X-5.809 Y-2.85 E.0166
G1 X-6.098 Y-2.69 E.01637
G1 X-6.411 Y-2.581 E.01636
G1 X-6.737 Y-2.526 E.01637
G1 X-7.074 Y-2.528 E.01666
G1 X-7.389 Y-2.585 E.01584
G1 X-7.675 Y-2.668 E.01474
G1 X-7.962 Y-2.792 E.01546
G1 X-8.216 Y-2.952 E.01489
G1 X-8.385 Y-3.099 E.01107
G1 E-1.2 F2100
;WIPE_START
G1 F2700
G1 X-8.437 Y-3.144
G1 X-8.691 Y-3.449
G1 X-8.885 Y-3.816
G1 X-8.992 Y-4.156
G1 X-9.042 Y-4.517
G1 X-9.021 Y-4.915
;WIPE_END
G1 X-1.413 Y-4.303 Z.6 F30000
G1 X5.5 Y-3.747 Z.6
G1 Z.2
G1 E1.2 F2100
;TYPE:Inner wall
G1 F2700
G1 X5.413 Y-4.022 E.0143
G1 X5.349 Y-4.491 E.02343
G1 X5.379 Y-5.053 E.02779
G1 X5.485 Y-5.491 E.0223
G1 X5.639 Y-5.87 E.02028
G1 X5.904 Y-6.308 E.02529
G1 X6.281 Y-6.696 E.02677
G1 X6.709 Y-6.984 E.02552
G1 X7.163 Y-7.187 E.02461
G1 X7.421 Y-7.253 E.01316
G1 X7.723 Y-7.301 E.01512
G1 X8.158 Y-7.301 E.02154
G1 X8.659 Y-7.219 E.02508
G1 X9.077 Y-7.073 E.02193
G1 X9.463 Y-6.866 E.02163
G1 X9.897 Y-6.518 E.02757
G1 X10.2 Y-6.163 E.02309
G1 X10.44 Y-5.762 E.02311
G1 X10.628 Y-5.23 E.02791
G1 X10.691 Y-4.815 E.02076
G1 X10.693 Y-4.457 E.01771
G1 X10.635 Y-4.062 E.01976
G1 X10.543 Y-3.707 E.01813
G1 X10.416 Y-3.377 E.01746
G1 X10.192 Y-2.987 E.02225
G1 X9.875 Y-2.622 E.02393
G1 X9.531 Y-2.345 E.02186
G1 X9.151 Y-2.134 E.0215
G1 X8.741 Y-1.991 E.0215
G1 X8.312 Y-1.919 E.02151
G1 X7.871 Y-1.921 E.02183
G1 X7.472 Y-1.993 E.02004
G1 X7.119 Y-2.096 E.01817
G1 X6.754 Y-2.253 E.01966
G1 X6.421 Y-2.464 E.01953
G1 X6.128 Y-2.718 E.01916
G1 X5.802 Y-3.109 E.02521
G1 X5.553 Y-3.581 E.02639
G1 X5.511 Y-3.712 E.00681
G1 X6.079 Y-3.93 F30000
;TYPE:Outer wall
G1 F2700
G1 X6.008 Y-4.156 E.01176
G1 X5.958 Y-4.517 E.01801
G1 X5.982 Y-4.964 E.02215
G1 X6.064 Y-5.304 E.01729
G1 X6.184 Y-5.597 E.01567
G1 X6.388 Y-5.934 E.01948
G1 X6.673 Y-6.227 E.02023
G1 X7.005 Y-6.451 E.01981
G1 X7.364 Y-6.612 E.01949
G1 X7.545 Y-6.658 E.00921
G1 X7.77 Y-6.694 E.0113
G1 X8.109 Y-6.694 E.01674
G1 X8.508 Y-6.628 E.02004
G1 X8.832 Y-6.515 E.01697
G1 X9.127 Y-6.358 E.01651
G1 X9.473 Y-6.08 E.02196
G1 X9.705 Y-5.808 E.0177
G1 X9.887 Y-5.502 E.01759
G1 X10.036 Y-5.082 E.02208
G1 X10.084 Y-4.767 E.01574
G1 X10.086 Y-4.499 E.01326
G1 X10.039 Y-4.182 E.01584
G1 X9.964 Y-3.893 E.01481
G1 X9.867 Y-3.639 E.01343
G1 X9.695 Y-3.341 E.01702
G1 X9.452 Y-3.061 E.01833
G1 X9.191 Y-2.85 E.0166
G1 X8.902 Y-2.69 E.01637
G1 X8.589 Y-2.581 E.01636
G1 X8.263 Y-2.526 E.01637
G1 X7.926 Y-2.528 E.01666
G1 X7.611 Y-2.585 E.01584
G1 X7.325 Y-2.668 E.01474
G1 X7.038 Y-2.792 E.01546
G1 X6.784 Y-2.952 E.01489
G1 X6.563 Y-3.144 E.01444
G1 X6.309 Y-3.449 E.01964
G1 X6.115 Y-3.816 E.02055
G1 X6.09 Y-3.895 E.0041
G1 E-1.2 F2100
;WIPE_START
G1 F2700
G1 X6.008 Y-4.156
G1 X5.958 Y-4.517
G1 X5.982 Y-4.964
G1 X6.064 Y-5.304
G1 X6.184 Y-5.597
G1 X6.312 Y-5.809
;WIPE_END
G1 X13.933 Y-6.219 Z.6 F30000
G1 X23.462 Y-6.731 Z.6
G1 Z.2
G1 E1.2 F2100
;TYPE:Inner wall
G1 F2700
G1 X23.752 Y-6.629 E.0152
G1 X24.138 Y-6.423 E.02163
G1 X24.572 Y-6.075 E.02757
G1 X24.876 Y-5.72 E.02309
G1 X25.115 Y-5.318 E.02311
G1 X25.303 Y-4.786 E.02791
G1 X25.366 Y-4.372 E.02076
G1 X25.368 Y-4.013 E.01771
G1 X25.31 Y-3.618 E.01976
G1 X25.218 Y-3.264 E.01813
G1 X25.091 Y-2.934 E.01746
G1 X24.867 Y-2.544 E.02225
G1 X24.55 Y-2.179 E.02393
G1 X24.206 Y-1.902 E.02186
G1 X23.826 Y-1.691 E.0215
G1 X23.416 Y-1.547 E.0215
G1 X22.987 Y-1.476 E.02151
G1 X22.546 Y-1.478 E.02183
G1 X22.147 Y-1.55 E.02004
G1 X21.794 Y-1.653 E.01817
G1 X21.429 Y-1.81 E.01966
G1 X21.096 Y-2.02 E.01953
G1 X20.803 Y-2.274 E.01917
G1 X20.477 Y-2.666 E.02521
G1 X20.228 Y-3.138 E.02639
G1 X20.088 Y-3.579 E.0229
G1 X20.024 Y-4.048 E.02343
G1 X20.054 Y-4.609 E.02779
G1 X20.16 Y-5.047 E.0223
G1 X20.314 Y-5.427 E.02028
G1 X20.579 Y-5.865 E.02529
G1 X20.956 Y-6.253 E.02677
G1 X21.384 Y-6.541 E.02552
G1 X21.838 Y-6.744 E.02461
G1 X22.096 Y-6.81 E.01316
G1 X22.398 Y-6.858 E.01512
G1 X22.833 Y-6.857 E.02154
G1 X23.334 Y-6.776 E.02508
G1 X23.428 Y-6.743 E.00496
G1 X23.262 Y-6.158 F30000
;TYPE:Outer wall
G1 F2700
G1 X23.507 Y-6.072 E.01286
G1 X23.802 Y-5.914 E.01651
G1 X24.148 Y-5.637 E.02196
G1 X24.38 Y-5.365 E.0177
G1 X24.562 Y-5.059 E.01759
G1 X24.711 Y-4.638 E.02208
G1 X24.759 Y-4.324 E.01574
G1 X24.761 Y-4.056 E.01326
G1 X24.714 Y-3.739 E.01584
G1 X24.639 Y-3.449 E.01481
G1 X24.542 Y-3.196 E.01343
G1 X24.37 Y-2.897 E.01702
G1 X24.127 Y-2.617 E.01833
G1 X23.866 Y-2.407 E.01659
G1 X23.577 Y-2.247 E.01637
G1 X23.264 Y-2.138 E.01636
G1 X22.938 Y-2.083 E.01637
G1 X22.601 Y-2.085 E.01666
G1 X22.286 Y-2.141 E.01584
G1 X22 Y-2.225 E.01474
G1 X21.713 Y-2.349 E.01546
G1 X21.459 Y-2.509 E.01489
G1 X21.238 Y-2.701 E.01444
G1 X20.984 Y-3.006 E.01964
G1 X20.79 Y-3.373 E.02055
G1 X20.683 Y-3.713 E.01763
G1 X20.633 Y-4.074 E.01801
G1 X20.657 Y-4.521 E.02215
G1 X20.739 Y-4.861 E.01729
G1 X20.859 Y-5.154 E.01567
G1 X21.063 Y-5.491 E.01948
G1 X21.348 Y-5.784 E.02023
G1 X21.68 Y-6.008 E.01981
G1 X22.039 Y-6.169 E.01949
G1 X22.22 Y-6.215 E.00921
G1 X22.445 Y-6.251 E.0113
G1 X22.784 Y-6.25 E.01674
G1 X23.183 Y-6.185 E.02004
G1 X23.228 Y-6.17 E.00233
G1 E-1.2 F2100
;WIPE_START
G1 F2700
G1 X23.507 Y-6.072
G1 X23.802 Y-5.914
G1 X24.148 Y-5.637
G1 X24.38 Y-5.365
G1 X24.562 Y-5.059
G1 X24.634 Y-4.859
M73 P5 R6
;WIPE_END
G1 X17.015 Y-4.4 Z.6 F30000
G1 X-22.669 Y-2.011 Z.6
G1 Z.2
G1 E1.2 F2100
;TYPE:Inner wall
G1 F2700
G1 X-22.6 Y-2.013 E.00339
G1 X-21.782 Y-1.933 E.04069
G1 X-20.996 Y-1.746 E.03997
G1 X-20.243 Y-1.456 E.03988
G1 X-19.553 Y-1.078 E.03897
G1 X-18.889 Y-.592 E.04069
G1 X-18.308 Y-.03 E.03997
G1 X-17.808 Y.602 E.03988
G1 X-17.398 Y1.296 E.03988
G1 X-17.083 Y2.038 E.03988
G1 X-16.875 Y2.798 E.03897
G1 X-16.763 Y3.613 E.04069
G1 X-16.763 Y4.42 E.03997
G1 X-16.87 Y5.219 E.03988
G1 X-17.083 Y5.997 E.03988
G1 X-17.398 Y6.739 E.03988
G1 X-17.799 Y7.417 E.03897
G1 X-18.307 Y8.064 E.04069
G1 X-18.887 Y8.626 E.03997
G1 X-19.536 Y9.104 E.03988
G1 X-20.243 Y9.491 E.03988
G1 X-20.996 Y9.781 E.03988
G1 X-21.78 Y9.968 E.03988
G1 X-22.582 Y10.049 E.03988
G1 X-23.388 Y10.022 E.03988
G1 X-24.182 Y9.888 E.03988
G1 X-24.952 Y9.649 E.03988
G1 X-25.684 Y9.309 E.03988
G1 X-26.363 Y8.876 E.03988
G1 X-26.979 Y8.355 E.03988
G1 X-27.519 Y7.757 E.03988
G1 X-27.976 Y7.093 E.03988
G1 X-28.339 Y6.373 E.03988
G1 X-28.604 Y5.612 E.03988
G1 X-28.764 Y4.822 E.03988
G1 X-28.818 Y4.017 E.03988
G1 X-28.764 Y3.213 E.03988
G1 X-28.604 Y2.423 E.03988
G1 X-28.339 Y1.662 E.03988
G1 X-27.976 Y.942 E.03988
G1 X-27.53 Y.293 E.03897
G1 X-26.98 Y-.319 E.04069
G1 X-26.363 Y-.841 E.03997
G1 X-25.684 Y-1.275 E.03988
G1 X-24.952 Y-1.614 E.03988
G1 X-24.182 Y-1.853 E.03988
G1 X-23.388 Y-1.987 E.03988
G1 X-22.993 Y-2 E.01953
G1 X-22.705 Y-2.01 E.01427
G1 X-22.648 Y-1.404 F30000
;TYPE:Outer wall
G1 F2700
G1 X-22.62 Y-1.405 E.00143
G1 X-21.882 Y-1.333 E.03667
G1 X-21.176 Y-1.165 E.0359
G1 X-20.5 Y-.905 E.03586
G1 X-19.879 Y-.565 E.035
G1 X-19.281 Y-.127 E.03667
G1 X-18.759 Y.378 E.0359
G1 X-18.31 Y.947 E.03586
G1 X-17.941 Y1.57 E.03586
G1 X-17.658 Y2.238 E.03586
G1 X-17.471 Y2.92 E.035
G1 X-17.37 Y3.654 E.03667
G1 X-17.37 Y4.38 E.0359
G1 X-17.466 Y5.098 E.03586
G1 X-17.658 Y5.797 E.03586
G1 X-17.941 Y6.465 E.03586
G1 X-18.301 Y7.073 E.035
G1 X-18.759 Y7.657 E.03667
G1 X-19.28 Y8.161 E.0359
G1 X-19.864 Y8.591 E.03586
G1 X-20.5 Y8.939 E.03586
G1 X-21.176 Y9.2 E.03586
G1 X-21.881 Y9.368 E.03586
G1 X-22.602 Y9.44 E.03586
G1 X-23.327 Y9.416 E.03586
G1 X-24.041 Y9.296 E.03586
G1 X-24.734 Y9.081 E.03586
G1 X-25.391 Y8.776 E.03586
G1 X-26.002 Y8.386 E.03586
G1 X-26.556 Y7.918 E.03586
G1 X-27.042 Y7.38 E.03586
G1 X-27.452 Y6.783 E.03586
G1 X-27.779 Y6.136 E.03586
G1 X-28.017 Y5.451 E.03586
G1 X-28.161 Y4.741 E.03586
G1 X-28.21 Y4.017 E.03586
G1 X-28.161 Y3.294 E.03586
G1 X-28.017 Y2.584 E.03586
G1 X-27.779 Y1.899 E.03586
G1 X-27.452 Y1.252 E.03586
G1 X-27.052 Y.669 E.035
G1 X-26.556 Y.118 E.03667
G1 X-26.002 Y-.351 E.0359
G1 X-25.391 Y-.741 E.03586
G1 X-24.734 Y-1.046 E.03586
G1 X-24.041 Y-1.261 E.03586
G1 X-23.327 Y-1.381 E.03586
G1 X-22.973 Y-1.393 E.01752
G1 X-22.684 Y-1.403 E.01427
G1 E-1.2 F2100
;WIPE_START
G1 F2700
G1 X-22.62 Y-1.405
G1 X-21.882 Y-1.333
G1 X-21.176 Y-1.165
G1 X-20.739 Y-.997
;WIPE_END
G1 X-13.19 Y-2.121 Z.6 F30000
G1 X30.423 Y-8.614 Z.6
G1 Z.2
G1 E1.2 F2100
;TYPE:Inner wall
G1 F2700
G1 X30.806 Y-7.91 E.03966
G1 X31.131 Y-7.153 E.04074
G1 X31.385 Y-6.369 E.04074
G1 X31.565 Y-5.566 E.04074
G1 X31.67 Y-4.749 E.04074
G1 X31.7 Y-3.926 E.04074
G1 X31.653 Y-3.103 E.04074
G1 X31.531 Y-2.289 E.04074
G1 X31.334 Y-1.489 E.04074
G1 X31.065 Y-.711 E.04074
G1 X30.724 Y.039 E.04074
G1 X30.316 Y.754 E.04074
G1 X29.844 Y1.429 E.04074
G1 X29.311 Y2.057 E.04074
G1 X28.723 Y2.634 E.04074
G1 X28.084 Y3.153 E.04074
G1 X27.4 Y3.612 E.04074
G1 X26.676 Y4.005 E.04074
G1 X25.919 Y4.33 E.04074
G1 X25.136 Y4.584 E.04074
G1 X24.308 Y4.769 E.04198
G1 X-21.21 Y12.795 E2.28647
G1 X-22.052 Y12.904 E.04198
M73 P6 R6
G1 X-22.875 Y12.934 E.04074
G1 X-23.697 Y12.887 E.04074
G1 X-24.512 Y12.765 E.04074
G1 X-25.31 Y12.569 E.04068
G1 X-26.11 Y12.289 E.04188
G1 X-26.84 Y11.958 E.03966
G1 X-27.555 Y11.55 E.04074
G1 X-28.23 Y11.078 E.04074
G1 X-28.857 Y10.546 E.04069
G1 X-29.448 Y9.94 E.04188
G1 X-29.954 Y9.318 E.03966
G1 X-30.413 Y8.633 E.04074
G1 X-30.806 Y7.91 E.04074
G1 X-31.131 Y7.153 E.04074
G1 X-31.385 Y6.369 E.04074
G1 X-31.565 Y5.566 E.04074
G1 X-31.67 Y4.749 E.04074
G1 X-31.7 Y3.926 E.04074
G1 X-31.653 Y3.104 E.04074
G1 X-31.531 Y2.289 E.04074
G1 X-31.334 Y1.489 E.04074
G1 X-31.065 Y.711 E.04074
G1 X-30.724 Y-.039 E.04074
G1 X-30.316 Y-.754 E.04074
G1 X-29.844 Y-1.429 E.04074
G1 X-29.311 Y-2.057 E.04074
G1 X-28.723 Y-2.634 E.04074
G1 X-28.084 Y-3.153 E.04074
G1 X-27.4 Y-3.612 E.04074
G1 X-26.676 Y-4.005 E.04074
G1 X-25.919 Y-4.33 E.04074
G1 X-25.136 Y-4.584 E.04074
G1 X-24.308 Y-4.769 E.04198
G1 X21.21 Y-12.795 E2.28647
G1 X22.051 Y-12.904 E.04192
G1 X22.897 Y-12.932 E.04188
G1 X23.298 Y-12.91 E.01986
G1 X23.697 Y-12.887 E.0198
G1 X24.512 Y-12.765 E.04074
G1 X25.312 Y-12.568 E.04074
G1 X26.09 Y-12.298 E.04074
G1 X26.84 Y-11.958 E.04074
G1 X27.555 Y-11.55 E.04074
G1 X28.23 Y-11.078 E.04074
G1 X28.858 Y-10.545 E.04074
G1 X29.434 Y-9.957 E.04074
G1 X29.953 Y-9.318 E.04068
G1 X30.403 Y-8.644 E.0401
G1 X30.944 Y-8.927 F30000
;TYPE:Outer wall
G1 F2700
G1 X31.353 Y-8.175 E.04234
G1 X31.7 Y-7.367 E.04352
G1 X31.971 Y-6.53 E.04352
G1 X32.163 Y-5.671 E.04352
G1 X32.276 Y-4.799 E.04352
G1 X32.308 Y-3.92 E.04352
G1 X32.258 Y-3.041 E.04352
G1 X32.127 Y-2.171 E.04352
G1 X31.917 Y-1.317 E.04352
G1 X31.629 Y-.486 E.04352
G1 X31.265 Y.315 E.04352
G1 X30.83 Y1.08 E.04352
G1 X30.325 Y1.8 E.04352
G1 X29.756 Y2.471 E.04352
G1 X29.128 Y3.087 E.04352
G1 X28.445 Y3.642 E.04352
G1 X27.714 Y4.132 E.04352
G1 X26.941 Y4.552 E.04352
G1 X26.133 Y4.899 E.04352
G1 X25.296 Y5.17 E.04352
G1 X24.427 Y5.365 E.04406
G1 X-21.119 Y13.396 E2.28786
G1 X-22.002 Y13.51 E.04406
M73 P7 R6
G1 X-22.881 Y13.541 E.04352
G1 X-23.76 Y13.492 E.04352
G1 X-24.63 Y13.361 E.04352
G1 X-25.483 Y13.151 E.04349
G1 X-26.336 Y12.854 E.04466
G1 X-27.116 Y12.499 E.04241
G1 X-27.88 Y12.063 E.04352
G1 X-28.601 Y11.559 E.04352
G1 X-29.272 Y10.99 E.0435
G1 X-29.902 Y10.344 E.04466
G1 X-30.443 Y9.679 E.0424
G1 X-30.932 Y8.948 E.04352
G1 X-31.353 Y8.175 E.04352
G1 X-31.7 Y7.367 E.04352
G1 X-31.971 Y6.53 E.04352
G1 X-32.163 Y5.671 E.04352
G1 X-32.276 Y4.799 E.04352
G1 X-32.308 Y3.92 E.04352
G1 X-32.258 Y3.041 E.04352
G1 X-32.127 Y2.171 E.04352
G1 X-31.917 Y1.317 E.04352
G1 X-31.629 Y.486 E.04352
G1 X-31.265 Y-.315 E.04352
G1 X-30.83 Y-1.079 E.04352
G1 X-30.325 Y-1.8 E.04352
G1 X-29.756 Y-2.471 E.04352
G1 X-29.128 Y-3.087 E.04352
G1 X-28.445 Y-3.642 E.04352
G1 X-27.714 Y-4.132 E.04352
G1 X-26.941 Y-4.552 E.04352
G1 X-26.133 Y-4.899 E.04352
G1 X-25.296 Y-5.17 E.04352
G1 X-24.427 Y-5.365 E.04406
G1 X21.119 Y-13.396 E2.28786
G1 X22.002 Y-13.51 E.04404
G1 X22.904 Y-13.54 E.04466
G1 X23.332 Y-13.516 E.02122
G1 X23.76 Y-13.492 E.02119
G1 X24.63 Y-13.361 E.04352
G1 X25.484 Y-13.151 E.04352
G1 X26.315 Y-12.863 E.04352
G1 X27.116 Y-12.499 E.04352
G1 X27.88 Y-12.063 E.04352
G1 X28.601 Y-11.559 E.04352
G1 X29.272 Y-10.99 E.04352
G1 X29.888 Y-10.361 E.04352
G1 X30.442 Y-9.679 E.04349
G1 X30.924 Y-8.957 E.04294
G1 X30.302 Y-8.456 F30000
;TYPE:Bottom surface
;WIDTH:0.651935
G1 F3900
G1 X28.539 Y-10.218 E.1237
G1 X27.951 Y-10.717 E.03825
G1 X27.311 Y-11.165 E.03878
G1 X26.632 Y-11.552 E.03878
G1 X26.104 Y-11.792 E.02878
G1 X30.554 Y-7.342 E.31229
G1 X30.704 Y-6.993 E.01888
G1 X30.945 Y-6.249 E.03878
G1 X30.991 Y-6.044 E.01043
G1 X24.813 Y-12.222 E.43359
G1 X24.424 Y-12.318 E.0199
G1 X23.756 Y-12.418 E.03352
G1 X31.18 Y-4.994 E.52103
G1 X31.216 Y-4.711 E.01415
G1 X31.239 Y-4.073 E.03168
G1 X22.838 Y-12.475 E.58963
G1 X22.011 Y-12.44 E.04104
G1 X31.205 Y-3.246 E.64526
G1 X31.101 Y-2.489 E.03791
G1 X21.25 Y-12.34 E.69137
G1 X20.518 Y-12.211 E.0369
G1 X30.939 Y-1.789 E.73143
G1 X30.897 Y-1.618 E.00873
M73 P8 R6
G1 X30.73 Y-1.137 E.02529
G1 X19.785 Y-12.082 E.76815
G1 X19.053 Y-11.953 E.0369
G1 X30.48 Y-.526 E.802
G1 X30.318 Y-.168 E.01946
G1 X30.194 Y.049 E.01244
G1 X25.821 Y-4.323 E.30689
G1 X25.824 Y-3.982 E.01695
G1 X25.757 Y-3.527 E.02282
G1 X29.875 Y.591 E.28901
G1 X29.52 Y1.098 E.03069
G1 X25.554 Y-2.868 E.27834
G1 X25.504 Y-2.738 E.00694
G1 X25.255 Y-2.305 E.02474
G1 X29.129 Y1.568 E.27186
G1 X28.977 Y1.747 E.01162
G1 X28.709 Y2.01 E.01864
G1 X24.858 Y-1.842 E.27029
G1 X24.461 Y-1.522 E.02528
G1 X24.368 Y-1.471 E.0053
G1 X28.261 Y2.422 E.27322
G1 X27.783 Y2.806 E.0304
G1 X23.784 Y-1.194 E.28073
G1 X23.529 Y-1.105 E.01337
G1 X23.085 Y-1.03 E.02234
G1 X27.465 Y3.349 E.30735
G1 E-1.2 F2100
;WIPE_START
G1 F3900
G1 X26.05 Y1.935
;WIPE_END
G1 X23.695 Y-5.325 Z.6 F30000
G1 X23.155 Y-6.989 Z.6
G1 Z.2
G1 E1.2 F2100
G1 F3900
G1 X18.321 Y-11.824 E.33928
G1 X17.589 Y-11.695 E.0369
G1 X22.024 Y-7.26 E.31126
G1 X21.688 Y-7.175 E.0172
G1 X21.383 Y-7.039 E.01655
G1 X16.857 Y-11.565 E.31768
G1 X16.125 Y-11.436 E.0369
M73 P9 R6
G1 X20.839 Y-6.722 E.33085
G1 X20.663 Y-6.604 E.01052
G1 X20.383 Y-6.316 E.0199
G1 X15.392 Y-11.307 E.35027
G1 X14.66 Y-11.178 E.0369
G1 X20.019 Y-5.819 E.37612
G1 X19.906 Y-5.632 E.01085
G1 X19.744 Y-5.233 E.02137
G1 X13.928 Y-11.049 E.40818
G1 X13.196 Y-10.92 E.0369
G1 X19.853 Y-4.263 E.46721
G1 E-1.2 F2100
;WIPE_START
G1 F3900
G1 X18.439 Y-5.677
;WIPE_END
G1 X12.656 Y-10.658 Z.6 F30000
G1 X12.228 Y-11.027 Z.6
G1 Z.2
G1 E1.2 F2100
G1 F3900
G1 X19.621 Y-3.633 E.5189
G1 X19.643 Y-3.479 E.00774
G1 X19.806 Y-2.961 E.02693
G1 X20.097 Y-2.412 E.03086
G1 X20.477 Y-1.955 E.02948
G1 X20.823 Y-1.654 E.02278
G1 X21.216 Y-1.406 E.02308
G1 X21.64 Y-1.223 E.02288
G1 X22.172 Y-1.083 E.02731
G1 X26.718 Y3.464 E.31908
G1 X26.477 Y3.595 E.01363
G1 X26.135 Y3.742 E.01847
G1 X11.732 Y-10.662 E1.01088
G1 X10.999 Y-10.533 E.0369
G1 X25.514 Y3.982 E1.01871
G1 X24.851 Y4.181 E.03434
G1 X10.267 Y-10.404 E1.02357
G1 X9.535 Y-10.274 E.0369
G1 X24.145 Y4.336 E1.02539
G1 X23.413 Y4.465 E.0369
M73 P10 R6
G1 X8.803 Y-10.145 E1.02539
G1 X8.071 Y-10.016 E.0369
G1 X22.681 Y4.594 E1.02539
G1 X21.949 Y4.723 E.0369
G1 X7.338 Y-9.887 E1.02539
G1 X6.606 Y-9.758 E.0369
G1 X8.689 Y-7.675 E.14616
G1 X8.771 Y-7.662 E.00414
G1 X9.261 Y-7.491 E.02574
G1 X9.715 Y-7.248 E.02554
G1 X10.216 Y-6.846 E.03187
G1 X10.572 Y-6.429 E.02721
G1 X10.854 Y-5.956 E.02733
G1 X11.08 Y-5.284 E.0352
G1 X21.216 Y4.852 E.71138
G1 X20.484 Y4.981 E.0369
G1 X11.14 Y-4.363 E.65584
G1 X11.082 Y-3.971 E.01968
G1 X10.997 Y-3.644 E.01675
G1 X19.752 Y5.11 E.61444
G1 X19.02 Y5.239 E.0369
G1 X10.745 Y-3.035 E.58076
G1 X10.565 Y-2.722 E.01792
G1 X10.394 Y-2.525 E.01296
G1 X18.288 Y5.369 E.554
G1 X17.556 Y5.498 E.0369
G1 X9.956 Y-2.102 E.53338
G1 X9.786 Y-1.966 E.01081
G1 X9.429 Y-1.768 E.02026
G1 X16.823 Y5.627 E.51896
G1 X16.091 Y5.756 E.0369
M73 P11 R6
G1 X8.797 Y-1.538 E.51194
G1 X8.349 Y-1.463 E.02256
G1 X8.009 Y-1.465 E.01686
G1 X15.595 Y6.121 E.53241
G1 E-1.2 F2100
;WIPE_START
G1 F3900
G1 X14.181 Y4.707
;WIPE_END
G1 X10.738 Y-2.105 Z.6 F30000
G1 X8.02 Y-7.483 Z.6
G1 Z.2
G1 E1.2 F2100
G1 F3900
G1 X5.874 Y-9.629 E.15061
G1 X5.142 Y-9.5 E.0369
G1 X7.021 Y-7.62 E.1319
G1 X6.433 Y-7.347 E.03218
G1 X4.41 Y-9.371 E.14202
G1 X3.678 Y-9.242 E.0369
G1 X5.931 Y-6.988 E.15813
G1 X5.514 Y-6.543 E.03024
G1 X2.945 Y-9.112 E.1803
G1 X2.213 Y-8.983 E.0369
G1 X5.199 Y-5.997 E.20958
G1 X5.05 Y-5.631 E.01964
G1 X4.983 Y-5.352 E.01421
G1 X1.481 Y-8.854 E.24577
G1 X.749 Y-8.725 E.0369
G1 X5.194 Y-4.28 E.31198
G1 E-1.2 F2100
;WIPE_START
G1 F3900
G1 X3.78 Y-5.694
;WIPE_END
G1 X-.219 Y-8.832 Z.6 F30000
G1 Z.2
G1 E1.2 F2100
G1 F3900
G1 X5.095 Y-3.517 E.37299
G1 X5.131 Y-3.405 E.00587
G1 X5.422 Y-2.855 E.03087
G1 X5.802 Y-2.398 E.02948
G1 X6.148 Y-2.097 E.02278
G1 X6.541 Y-1.849 E.02308
G1 X6.932 Y-1.681 E.02109
G1 X14.627 Y6.014 E.54006
G1 X13.895 Y6.143 E.0369
G1 X-.715 Y-8.467 E1.02539
G1 X-1.448 Y-8.338 E.0369
M73 P12 R6
G1 X13.163 Y6.272 E1.02539
G1 X12.43 Y6.401 E.0369
G1 X-2.18 Y-8.209 E1.02539
G1 X-2.912 Y-8.08 E.0369
G1 X11.698 Y6.53 E1.02539
G1 X10.966 Y6.66 E.0369
G1 X-3.644 Y-7.951 E1.02539
G1 X-4.376 Y-7.821 E.0369
G1 X10.234 Y6.789 E1.02539
G1 X9.502 Y6.918 E.0369
G1 X-5.109 Y-7.692 E1.02539
G1 X-5.195 Y-7.677 E.00436
G1 X-5.129 Y-7.64 E.00376
G1 X-5.151 Y-7.6 E.0023
G1 X-5.024 Y-7.516 E.00754
G1 X-5.231 Y-7.204 E.01858
G1 X-4.784 Y-6.846 E.02839
G1 X-4.428 Y-6.429 E.02721
G1 X-4.146 Y-5.956 E.02733
G1 X-4.098 Y-5.821 E.00711
G1 X8.769 Y7.047 E.90311
G1 X8.037 Y7.176 E.0369
G1 X-3.853 Y-4.715 E.83452
G1 X-3.851 Y-4.425 E.01437
G1 X-3.929 Y-3.929 E.02492
M73 P13 R6
G1 X7.305 Y7.305 E.78844
G1 X6.573 Y7.434 E.0369
G1 X-4.135 Y-3.274 E.75155
G1 X-4.171 Y-3.181 E.00495
G1 X-4.439 Y-2.717 E.0266
G1 X5.841 Y7.563 E.7215
G1 X5.109 Y7.692 E.0369
G1 X-4.846 Y-2.262 E.69862
G1 X-5.214 Y-1.966 E.02346
G1 X-5.341 Y-1.895 E.00718
G1 X4.376 Y7.822 E.68197
G1 X3.644 Y7.951 E.0369
G1 X-3.754 Y.552 E.51926
G1 X-3.682 Y1.034 E.02418
G1 X-3.683 Y1.485 E.0224
G1 X2.912 Y8.08 E.46283
G1 X2.18 Y8.209 E.0369
G1 X-3.822 Y2.207 E.42122
G1 X-3.999 Y2.703 E.02613
G1 X-4.067 Y2.823 E.00685
G1 X1.448 Y8.338 E.38707
G1 X.716 Y8.467 E.0369
G1 X-4.414 Y3.337 E.36003
G1 X-4.635 Y3.591 E.0167
G1 X-4.849 Y3.764 E.01364
G1 X-.017 Y8.596 E.33915
G1 X-.749 Y8.725 E.0369
G1 X-5.372 Y4.102 E.32447
G1 X-5.49 Y4.167 E.00667
G1 X-5.995 Y4.34 E.02652
G1 X-1.481 Y8.854 E.31684
M73 P13 R5
G1 X-2.213 Y8.983 E.0369
G1 X-7.069 Y4.128 E.34078
M73 P14 R5
G1 E-1.2 F2100
;WIPE_START
G1 F3900
G1 X-5.655 Y5.542
;WIPE_END
G1 X-8.048 Y-1.705 Z.6 F30000
G1 X-9.476 Y-6.031 Z.6
G1 Z.2
G1 E1.2 F2100
G1 F3900
G1 X-10.234 Y-6.789 E.05316
G1 X-10.966 Y-6.66 E.0369
G1 X-9.946 Y-5.64 E.07158
G1 X-10.074 Y-5.119 E.02661
G1 X-10.084 Y-4.917 E.01004
G1 X-11.698 Y-6.53 E.11325
G1 X-12.43 Y-6.401 E.0369
G1 X-10.045 Y-4.017 E.16737
G1 X-10.032 Y-3.922 E.00473
G1 X-9.869 Y-3.405 E.02693
G1 X-9.578 Y-2.855 E.03087
G1 X-9.198 Y-2.398 E.02948
G1 X-8.852 Y-2.097 E.02278
G1 X-8.459 Y-1.849 E.02308
G1 X-7.993 Y-1.654 E.02504
G1 X-8.37 Y-1.479 E.02061
G1 X-13.162 Y-6.272 E.33637
G1 X-13.895 Y-6.143 E.0369
G1 X-8.877 Y-1.125 E.35218
G1 X-9.298 Y-.685 E.03023
G1 X-14.627 Y-6.014 E.37402
G1 X-15.359 Y-5.885 E.0369
G1 X-9.616 Y-.142 E.40304
G1 X-9.777 Y.253 E.0212
G1 X-9.837 Y.499 E.01253
G1 X-16.091 Y-5.756 E.43897
G1 X-16.823 Y-5.627 E.0369
G1 X-9.64 Y1.557 E.50415
G1 E-1.2 F2100
;WIPE_START
G1 F3900
G1 X-11.054 Y.142
;WIPE_END
G1 X-16.806 Y-4.874 Z.6 F30000
G1 X-17.791 Y-5.733 Z.6
G1 Z.2
G1 E1.2 F2100
G1 F3900
G1 X-9.751 Y2.307 E.5643
G1 X-9.696 Y2.48 E.00899
G1 X-9.406 Y3.029 E.03086
G1 X-9.026 Y3.486 E.02948
G1 X-8.679 Y3.787 E.02278
G1 X-8.286 Y4.035 E.02308
G1 X-7.831 Y4.227 E.02448
G1 X-2.945 Y9.113 E.34291
G1 X-3.678 Y9.242 E.0369
M73 P15 R5
G1 X-18.288 Y-5.369 E1.02539
G1 X-19.02 Y-5.239 E.0369
G1 X-4.41 Y9.371 E1.02539
G1 X-5.142 Y9.5 E.0369
G1 X-19.752 Y-5.11 E1.02539
G1 X-20.484 Y-4.981 E.0369
G1 X-5.874 Y9.629 E1.02539
G1 X-6.606 Y9.758 E.0369
G1 X-21.216 Y-4.852 E1.02539
G1 X-21.949 Y-4.723 E.0369
G1 X-7.338 Y9.887 E1.02539
G1 X-8.071 Y10.016 E.0369
G1 X-16.986 Y1.101 E.62568
G1 X-17.432 Y.344 E.04363
G1 X-17.97 Y-.337 E.04303
G1 X-18.595 Y-.941 E.04315
G1 X-19.308 Y-1.463 E.04384
G1 X-19.843 Y-1.756 E.0303
G1 X-22.681 Y-4.594 E.19916
G1 X-23.413 Y-4.465 E.0369
G1 X-21.214 Y-2.266 E.15429
G1 X-21.706 Y-2.384 E.02509
G1 X-22.245 Y-2.436 E.02688
G1 X-24.145 Y-4.336 E.13332
G1 X-24.218 Y-4.323 E.00368
G1 X-24.851 Y-4.181 E.03221
G1 X-23.122 Y-2.451 E.12138
G1 X-23.433 Y-2.441 E.01546
G1 X-23.895 Y-2.363 E.02323
G1 X-25.514 Y-3.982 E.11365
G1 X-25.759 Y-3.903 E.01276
M73 P16 R5
G1 X-26.135 Y-3.742 E.02031
G1 X-24.595 Y-2.202 E.1081
G1 X-25.116 Y-2.04 E.02711
G1 X-25.238 Y-1.983 E.00664
G1 X-26.718 Y-3.464 E.1039
G1 X-27.268 Y-3.152 E.03135
G1 X-25.826 Y-1.71 E.10117
G1 X-26.36 Y-1.383 E.03108
G1 X-27.783 Y-2.806 E.0999
G1 X-28.261 Y-2.422 E.0304
G1 X-26.857 Y-1.019 E.09849
G1 X-27.321 Y-.621 E.03031
G1 X-28.709 Y-2.01 E.09744
G1 X-28.977 Y-1.747 E.01864
G1 X-29.129 Y-1.568 E.01162
G1 X-27.728 Y-.168 E.09829
G1 X-27.888 Y.01 E.01187
G1 X-28.101 Y.321 E.01868
G1 X-29.52 Y-1.098 E.09955
G1 X-29.875 Y-.591 E.03069
G1 X-28.437 Y.846 E.10087
G1 X-28.726 Y1.418 E.03181
G1 X-30.194 Y-.049 E.10301
G1 X-30.318 Y.168 E.01245
G1 X-30.48 Y.526 E.01946
G1 X-28.956 Y2.05 E.10699
G1 X-29.044 Y2.303 E.01327
G1 X-29.132 Y2.735 E.02193
G1 X-30.73 Y1.137 E.1122
G1 X-30.897 Y1.618 E.0253
G1 X-30.939 Y1.789 E.00872
G1 X-29.239 Y3.489 E.11933
G1 X-29.274 Y4.017 E.02626
G1 X-29.253 Y4.337 E.01589
G1 X-31.101 Y2.489 E.12968
G1 X-31.205 Y3.246 E.03791
G1 X-28.774 Y5.678 E.17067
G1 E-1.2 F2100
;WIPE_START
G1 F3900
G1 X-30.188 Y4.263
;WIPE_END
G1 X-22.658 Y3.016 Z.6 F30000
G1 X-16.888 Y2.06 Z.6
G1 Z.2
G1 E1.2 F2100
G1 F3900
G1 X-8.803 Y10.145 E.56745
G1 X-9.535 Y10.274 E.0369
G1 X-16.32 Y3.489 E.47619
G1 X-16.307 Y4.363 E.04338
G1 X-10.267 Y10.404 E.42392
G1 X-10.999 Y10.533 E.0369
G1 X-16.399 Y5.133 E.37897
G1 X-16.423 Y5.31 E.00888
M73 P17 R5
G1 X-16.565 Y5.828 E.02666
G1 X-11.731 Y10.662 E.33922
G1 X-12.464 Y10.791 E.0369
G1 X-16.788 Y6.467 E.30348
G1 X-16.99 Y6.945 E.02577
G1 X-17.058 Y7.058 E.00654
G1 X-13.196 Y10.92 E.27103
G1 X-13.928 Y11.049 E.0369
G1 X-17.378 Y7.599 E.24213
G1 X-17.748 Y8.09 E.03052
G1 X-14.66 Y11.178 E.21674
G1 X-15.392 Y11.307 E.0369
G1 X-18.152 Y8.548 E.19368
G1 X-18.59 Y8.971 E.03023
G1 X-16.124 Y11.436 E.17302
G1 X-16.857 Y11.565 E.0369
G1 X-19.085 Y9.337 E.15641
G1 X-19.291 Y9.488 E.01268
G1 X-19.617 Y9.667 E.01842
G1 X-17.589 Y11.695 E.14231
G1 X-18.321 Y11.824 E.0369
G1 X-20.187 Y9.957 E.13098
G1 X-20.809 Y10.197 E.03307
G1 X-19.053 Y11.953 E.12323
G1 X-19.785 Y12.082 E.0369
G1 X-21.498 Y10.369 E.12023
G1 X-21.704 Y10.418 E.01048
G1 X-22.255 Y10.473 E.0275
G1 X-20.518 Y12.211 E.12196
G1 X-21.25 Y12.34 E.0369
G1 X-23.103 Y10.487 E.13008
G1 X-23.433 Y10.476 E.01639
G1 X-24.085 Y10.366 E.03283
G1 X-22.011 Y12.44 E.14557
G1 X-22.836 Y12.477 E.04095
G1 X-25.343 Y9.969 E.17597
G1 X-25.903 Y9.71 E.03063
G1 X-26.634 Y9.243 E.04303
G1 X-27.296 Y8.683 E.04303
G1 X-27.878 Y8.04 E.04303
G1 X-28.368 Y7.325 E.04303
G1 X-28.758 Y6.555 E.04284
G1 X-31.239 Y4.073 E.17415
G1 X-31.216 Y4.712 E.03169
G1 X-31.18 Y4.994 E.01414
G1 X-23.756 Y12.418 E.52104
G1 X-24.424 Y12.318 E.03352
G1 X-24.813 Y12.222 E.01989
G1 X-30.991 Y6.044 E.4336
G1 X-30.945 Y6.249 E.01043
G1 X-30.704 Y6.993 E.03879
G1 X-30.554 Y7.342 E.01887
G1 X-26.104 Y11.792 E.31231
G1 X-26.632 Y11.552 E.02879
M73 P18 R5
G1 X-27.311 Y11.165 E.03878
G1 X-27.951 Y10.717 E.03878
G1 X-28.539 Y10.219 E.0382
G1 X-30.302 Y8.456 E.12375
G1 E-1.2 F2100
;WIPE_START
G1 F3900
G1 X-28.888 Y9.87
;WIPE_END
G1 X-23.047 Y4.956 Z.6 F30000
G1 X-9.151 Y-6.736 Z.6
G1 Z.2
G1 E1.2 F2100
;TYPE:Gap infill
;WIDTH:0.151193
G1 F2700
G1 X-9.058 Y-6.857 E.00135
;WIDTH:0.16633
G1 X-8.964 Y-6.978 E.00154
;WIDTH:0.183898
G1 X-8.773 Y-7.2 E.00336
G1 E-1.2 F2100
;WIPE_START
G1 F2700
G1 X-8.964 Y-6.978
;WIPE_END
G1 X-5.925 Y-7.566 Z.6 F30000
G1 Z.2
G1 E1.2 F2100
;WIDTH:0.175058
G1 F2700
G1 X-6.256 Y-7.578 E.00357
;WIDTH:0.159663
G1 X-6.353 Y-7.578 E.00092
;WIDTH:0.146749
G1 X-6.449 Y-7.577 E.00082
G1 X-6.24 Y-7.647 F30000
;WIDTH:0.214371
G1 F2700
G1 X-6.088 Y-7.563 E.00242
;WIDTH:0.194536
G1 X-5.937 Y-7.479 E.00214
;WIDTH:0.154865
G1 X-5.785 Y-7.395 E.00158
;WIDTH:0.127488
G1 X-5.691 Y-7.333 E.00078
M106 S255
M106 P2 S255
;LAYER_CHANGE
;Z:0.4
;HEIGHT:0.2
;BEFORE_LAYER_CHANGE
;0.4
G1 E-1.2 F2100
;WIPE_START
G1 F2700
G1 X-5.785 Y-7.395
;WIPE_END
;AFTER_LAYER_CHANGE
;0.4
;_SET_FAN_SPEED_CHANGING_LAYER
SET_VELOCITY_LIMIT ACCEL=10000
M140 S50 ; set bed temperature
G17
G3 Z.8 I-1.205 J.167 P1  F30000
G1 X-4.808 Y-.342 Z.8
G1 Z.4
G1 E1.2 F2100
SET_VELOCITY_LIMIT ACCEL=5000
;TYPE:Inner wall
;WIDTH:0.62
G1 F9000
G1 X-4.646 Y-.188 E.0105
G1 X-4.367 Y.191 E.02217
G1 X-4.16 Y.604 E.0217
G1 X-4.049 Y1.091 E.02347
G1 X-4.033 Y1.563 E.02224
G1 X-4.101 Y2.055 E.02332
G1 X-4.278 Y2.5 E.02252
G1 X-4.533 Y2.899 E.02228
G1 X-4.828 Y3.22 E.02048
G1 X-5.096 Y3.437 E.01621
G1 X-5.45 Y3.649 E.01941
G1 X-5.961 Y3.834 E.02555
G1 X-6.395 Y3.899 E.02062
G1 X-6.827 Y3.89 E.02035
G1 X-7.326 Y3.781 E.02403
G1 X-7.682 Y3.629 E.0182
G1 X-7.972 Y3.452 E.01597
G1 X-8.246 Y3.22 E.01688
G1 X-8.492 Y2.972 E.0164
G1 X-8.694 Y2.704 E.01582
G1 X-8.874 Y2.373 E.01769
G1 X-9.022 Y1.914 E.02268
G1 X-9.072 Y1.504 E.01941
G1 X-9.051 Y1.091 E.01948
G1 X-8.929 Y.611 E.02324
G1 X-8.771 Y.27 E.01769
G1 X-8.587 Y-.009 E.01572
G1 X-8.348 Y-.274 E.01679
G1 X-8.087 Y-.516 E.01672
G1 X-7.759 Y-.741 E.01872
G1 X-7.396 Y-.908 E.01877
G1 X-7.11 Y-.993 E.01404
G1 X-6.721 Y-1.053 E.01852
G1 X-6.156 Y-1.026 E.02658
G1 X-5.726 Y-.916 E.0209
G1 X-5.331 Y-.738 E.02036
G1 X-4.968 Y-.495 E.02056
G1 X-4.834 Y-.367 E.0087
SET_VELOCITY_LIMIT ACCEL=10000
G1 X-5.206 Y.076 F30000
SET_VELOCITY_LIMIT ACCEL=5000
;TYPE:Outer wall
G1 F7200
G1 X-5.081 Y.195 E.00812
G1 X-4.861 Y.494 E.01746
G1 X-4.707 Y.8 E.01611
G1 X-4.624 Y1.165 E.0176
G1 X-4.611 Y1.533 E.01732
G1 X-4.663 Y1.906 E.01771
G1 X-4.794 Y2.235 E.01665
G1 X-4.992 Y2.546 E.01734
G1 X-5.224 Y2.798 E.01611
G1 X-5.427 Y2.963 E.0123
G1 X-5.698 Y3.125 E.01485
G1 X-6.104 Y3.272 E.0203
G1 X-6.432 Y3.321 E.0156
G1 X-6.759 Y3.314 E.01538
G1 X-7.15 Y3.229 E.01882
G1 X-7.417 Y3.115 E.01365
G1 X-7.632 Y2.983 E.01186
G1 X-7.854 Y2.795 E.01368
G1 X-8.055 Y2.593 E.0134
G1 X-8.208 Y2.39 E.01195
G1 X-8.341 Y2.144 E.01315
G1 F6780
G1 X-8.456 Y1.79 E.0175
G1 F5940
G1 X-8.493 Y1.484 E.01449
G1 F5100
G1 X-8.477 Y1.177 E.01446
G1 F3960
G1 X-8.383 Y.806 E.018
G1 F3180
G1 X-8.265 Y.552 E.01317
G1 F2520
G1 X-8.129 Y.345 E.01165
G1 F2280
G1 X-7.936 Y.132 E.01352
M106 S255
G1 X-7.725 Y-.065 E.01357
G1 F2460
G1 X-7.474 Y-.238 E.01434
G1 F3300
G1 X-7.193 Y-.366 E.01452
G1 F4200
G1 X-6.984 Y-.428 E.01025
G1 F5280
G1 X-6.69 Y-.473 E.01399
G1 F6840
G1 X-6.242 Y-.453 E.02109
G1 F7200
G1 X-5.917 Y-.369 E.01579
G1 X-5.612 Y-.232 E.01572
G1 X-5.33 Y-.043 E.01596
G1 X-5.232 Y.051 E.00639
SET_VELOCITY_LIMIT ACCEL=10000
G1 E-1.2 F2100
;WIPE_START
G1 F7200
G1 X-5.081 Y.195
G1 X-4.861 Y.494
G1 X-4.707 Y.8
G1 X-4.624 Y1.165
G1 X-4.611 Y1.533
G1 X-4.657 Y1.865
;WIPE_END
G1 X-8.499 Y-2.746 Z.8 F30000
G1 Z.4
G1 E1.2 F2100
SET_VELOCITY_LIMIT ACCEL=5000
;TYPE:Inner wall
G1 F9000
G1 X-8.664 Y-2.912 E.01098
G1 X-8.867 Y-3.18 E.01582
G1 X-9.046 Y-3.511 E.01769
G1 X-9.195 Y-3.97 E.02268
G1 X-9.244 Y-4.38 E.01941
G1 X-9.223 Y-4.794 E.01948
G1 X-9.102 Y-5.273 E.02324
G1 X-8.943 Y-5.614 E.01769
G1 X-8.76 Y-5.893 E.01572
G1 X-8.52 Y-6.158 E.01679
G1 X-8.26 Y-6.4 E.01672
G1 X-7.932 Y-6.626 E.01872
G1 X-7.569 Y-6.792 E.01877
G1 X-7.283 Y-6.877 E.01404
G1 X-6.893 Y-6.937 E.01852
G1 X-6.329 Y-6.911 E.02658
G1 X-5.898 Y-6.8 E.0209
G1 X-5.503 Y-6.623 E.02036
G1 X-5.14 Y-6.379 E.02056
G1 X-4.818 Y-6.072 E.0209
G1 X-4.539 Y-5.693 E.02217
G1 X-4.332 Y-5.28 E.0217
G1 X-4.222 Y-4.793 E.02347
G1 X-4.205 Y-4.321 E.02224
G1 X-4.274 Y-3.83 E.02332
G1 X-4.451 Y-3.384 E.02252
G1 X-4.706 Y-2.985 E.02228
G1 X-5 Y-2.664 E.02048
G1 X-5.268 Y-2.447 E.01621
G1 X-5.623 Y-2.236 E.01941
G1 X-6.133 Y-2.051 E.02555
G1 X-6.567 Y-1.985 E.02062
G1 X-7 Y-1.994 E.02035
G1 X-7.499 Y-2.103 E.02403
G1 X-7.855 Y-2.255 E.0182
G1 X-8.144 Y-2.432 E.01597
G1 X-8.418 Y-2.665 E.01689
G1 X-8.474 Y-2.721 E.00373
SET_VELOCITY_LIMIT ACCEL=10000
G1 X-8.09 Y-3.153 F30000
SET_VELOCITY_LIMIT ACCEL=5000
;TYPE:Outer wall
G1 F7200
G1 X-8.227 Y-3.291 E.00914
G1 X-8.38 Y-3.494 E.01195
G1 X-8.514 Y-3.74 E.01317
G1 F6780
G1 X-8.629 Y-4.095 E.01755
G1 F5940
G1 X-8.665 Y-4.4 E.01444
G1 F5100
G1 X-8.65 Y-4.707 E.01445
G1 F3960
G1 X-8.556 Y-5.079 E.01804
G1 F3180
G1 X-8.438 Y-5.332 E.01313
G1 F2520
G1 X-8.302 Y-5.539 E.01165
G1 F2280
G1 X-8.109 Y-5.753 E.01355
M106 S255
G1 X-7.898 Y-5.949 E.01354
G1 F2460
G1 X-7.646 Y-6.122 E.01437
G1 F3300
G1 X-7.366 Y-6.25 E.01448
G1 F4200
G1 X-7.156 Y-6.312 E.0103
G1 F5280
G1 X-6.862 Y-6.358 E.01399
G1 F6840
G1 X-6.415 Y-6.337 E.02104
G1 F7200
G1 X-6.09 Y-6.253 E.01579
G1 X-5.784 Y-6.116 E.01577
G1 X-5.503 Y-5.927 E.01592
G1 X-5.253 Y-5.69 E.0162
G1 X-5.033 Y-5.39 E.01749
G1 X-4.879 Y-5.084 E.01611
G1 X-4.796 Y-4.719 E.0176
G1 X-4.784 Y-4.351 E.01731
G1 X-4.836 Y-3.978 E.01771
G1 X-4.967 Y-3.649 E.01665
G1 X-5.165 Y-3.338 E.01734
G1 X-5.397 Y-3.086 E.01611
G1 X-5.599 Y-2.922 E.01224
G1 X-5.871 Y-2.759 E.01491
G1 X-6.276 Y-2.613 E.02024
G1 X-6.604 Y-2.563 E.0156
G1 X-6.932 Y-2.57 E.01543
G1 X-7.323 Y-2.655 E.01882
G1 X-7.59 Y-2.769 E.01365
G1 X-7.805 Y-2.901 E.01186
G1 X-8.026 Y-3.089 E.01364
G1 X-8.065 Y-3.128 E.00259
SET_VELOCITY_LIMIT ACCEL=10000
G1 E-1.2 F2100
;WIPE_START
G1 F7200
G1 X-8.227 Y-3.291
G1 X-8.38 Y-3.494
G1 X-8.514 Y-3.74
G1 X-8.629 Y-4.095
G1 X-8.665 Y-4.4
G1 X-8.65 Y-4.707
G1 X-8.589 Y-4.947
;WIPE_END
G1 X-.97 Y-4.487 Z.8 F30000
G1 X5.792 Y-4.079 Z.8
G1 Z.4
G1 E1.2 F2100
SET_VELOCITY_LIMIT ACCEL=5000
;TYPE:Inner wall
G1 F9000
G1 X5.756 Y-4.38 E.01427
G1 X5.777 Y-4.794 E.01948
G1 X5.898 Y-5.273 E.02324
G1 X6.057 Y-5.614 E.01769
G1 X6.24 Y-5.893 E.01572
G1 X6.48 Y-6.158 E.01679
G1 X6.74 Y-6.4 E.01672
G1 X7.068 Y-6.626 E.01872
G1 X7.431 Y-6.792 E.01877
G1 X7.717 Y-6.877 E.01404
G1 X8.107 Y-6.937 E.01852
G1 X8.671 Y-6.911 E.02658
G1 X9.102 Y-6.8 E.0209
G1 X9.497 Y-6.623 E.02036
G1 X9.86 Y-6.379 E.02056
G1 X10.182 Y-6.072 E.0209
G1 X10.461 Y-5.693 E.02217
G1 X10.668 Y-5.28 E.0217
G1 X10.778 Y-4.793 E.02347
G1 X10.795 Y-4.321 E.02224
G1 X10.726 Y-3.83 E.02332
G1 X10.549 Y-3.384 E.02252
G1 X10.294 Y-2.985 E.02228
G1 X10 Y-2.664 E.02048
G1 X9.732 Y-2.447 E.01622
G1 X9.377 Y-2.236 E.01941
G1 X8.867 Y-2.051 E.02555
G1 X8.433 Y-1.985 E.02062
G1 X8 Y-1.994 E.02035
G1 X7.501 Y-2.103 E.02403
G1 X7.145 Y-2.255 E.0182
G1 X6.856 Y-2.432 E.01597
G1 X6.582 Y-2.665 E.01689
G1 X6.336 Y-2.912 E.0164
G1 X6.133 Y-3.18 E.01582
G1 X5.954 Y-3.511 E.01769
G1 X5.805 Y-3.97 E.02268
G1 X5.796 Y-4.043 E.00345
SET_VELOCITY_LIMIT ACCEL=10000
G1 X6.365 Y-4.148 F30000
SET_VELOCITY_LIMIT ACCEL=5000
;TYPE:Outer wall
G1 F5940
G1 X6.335 Y-4.4 E.01193
G1 F5100
G1 X6.35 Y-4.707 E.01445
G1 F3960
G1 X6.444 Y-5.079 E.01804
G1 F3180
G1 X6.562 Y-5.332 E.01313
G1 F2520
G1 X6.698 Y-5.539 E.01165
G1 F2280
G1 X6.891 Y-5.752 E.01352
M106 S255
G1 X7.102 Y-5.949 E.01357
G1 F2460
G1 X7.354 Y-6.122 E.01437
G1 F3300
G1 X7.634 Y-6.25 E.01448
G1 F4200
G1 X7.844 Y-6.312 E.0103
G1 F5280
G1 X8.138 Y-6.358 E.01399
G1 F6840
G1 X8.585 Y-6.337 E.02104
G1 F7200
G1 X8.91 Y-6.253 E.01579
G1 X9.216 Y-6.116 E.01577
G1 X9.497 Y-5.927 E.01592
G1 X9.747 Y-5.69 E.0162
G1 X9.967 Y-5.39 E.01749
G1 X10.121 Y-5.084 E.01611
G1 X10.204 Y-4.719 E.0176
G1 X10.216 Y-4.351 E.01731
G1 X10.164 Y-3.978 E.01771
G1 X10.033 Y-3.649 E.01665
G1 X9.835 Y-3.338 E.01734
G1 X9.603 Y-3.086 E.01611
G1 X9.401 Y-2.922 E.01224
G1 X9.129 Y-2.759 E.01491
G1 X8.724 Y-2.613 E.02024
G1 X8.396 Y-2.563 E.0156
G1 X8.068 Y-2.57 E.01543
G1 X7.677 Y-2.655 E.01882
G1 X7.41 Y-2.769 E.01365
G1 X7.195 Y-2.901 E.01186
G1 X6.974 Y-3.089 E.01364
G1 X6.773 Y-3.291 E.0134
G1 X6.62 Y-3.494 E.01195
G1 X6.486 Y-3.74 E.01317
G1 F6780
G1 X6.371 Y-4.095 E.01755
G1 X6.369 Y-4.112 E.0008
SET_VELOCITY_LIMIT ACCEL=10000
G1 E-1.2 F2100
;WIPE_START
G1 F6780
G1 X6.335 Y-4.4
G1 X6.35 Y-4.707
G1 X6.444 Y-5.079
G1 X6.562 Y-5.332
G1 X6.698 Y-5.539
G1 X6.891 Y-5.752
G1 X7.041 Y-5.892
;WIPE_END
G1 X14.668 Y-6.167 Z.8 F30000
G1 X23.192 Y-6.474 Z.8
G1 Z.4
G1 E1.2 F2100
SET_VELOCITY_LIMIT ACCEL=5000
;TYPE:Inner wall
G1 F9000
G1 X23.346 Y-6.467 E.00728
G1 X23.777 Y-6.357 E.0209
G1 X24.172 Y-6.179 E.02036
M73 P19 R5
G1 X24.535 Y-5.936 E.02056
G1 X24.857 Y-5.629 E.0209
G1 X25.136 Y-5.249 E.02217
G1 X25.343 Y-4.837 E.0217
G1 X25.454 Y-4.35 E.02347
G1 X25.47 Y-3.877 E.02224
G1 X25.401 Y-3.386 E.02332
G1 X25.224 Y-2.941 E.02252
G1 X24.969 Y-2.542 E.02228
G1 X24.675 Y-2.221 E.02048
G1 X24.407 Y-2.004 E.01622
G1 X24.052 Y-1.792 E.01941
G1 X23.542 Y-1.607 E.02555
G1 X23.108 Y-1.542 E.02062
G1 X22.675 Y-1.551 E.02035
G1 X22.176 Y-1.66 E.02403
G1 X21.82 Y-1.812 E.0182
G1 X21.531 Y-1.989 E.01597
G1 X21.257 Y-2.221 E.01688
G1 X21.011 Y-2.469 E.0164
G1 X20.808 Y-2.737 E.01582
G1 X20.629 Y-3.068 E.01769
G1 X20.48 Y-3.527 E.02268
G1 X20.431 Y-3.937 E.01941
G1 X20.452 Y-4.35 E.01948
G1 X20.573 Y-4.829 E.02324
G1 X20.732 Y-5.171 E.01769
G1 X20.915 Y-5.45 E.01572
G1 X21.155 Y-5.715 E.01679
G1 X21.415 Y-5.957 E.01672
G1 X21.743 Y-6.182 E.01872
G1 X22.106 Y-6.349 E.01877
G1 X22.392 Y-6.433 E.01404
G1 X22.782 Y-6.493 E.01852
G1 X23.156 Y-6.476 E.01761
SET_VELOCITY_LIMIT ACCEL=10000
G1 X23.165 Y-5.898 F30000
SET_VELOCITY_LIMIT ACCEL=5000
;TYPE:Outer wall
G1 F7200
G1 X23.26 Y-5.894 E.00447
G1 X23.586 Y-5.81 E.01583
G1 X23.891 Y-5.673 E.01572
G1 X24.172 Y-5.484 E.01592
G1 X24.422 Y-5.246 E.01623
G1 X24.642 Y-4.947 E.01746
G1 X24.796 Y-4.641 E.01611
G1 X24.879 Y-4.276 E.0176
G1 X24.891 Y-3.908 E.01731
G1 X24.839 Y-3.535 E.01771
G1 X24.708 Y-3.206 E.01665
G1 X24.51 Y-2.895 E.01734
G1 X24.278 Y-2.642 E.01614
G1 X24.076 Y-2.478 E.01224
G1 X23.804 Y-2.316 E.01489
G1 X23.399 Y-2.169 E.02026
G1 X23.071 Y-2.12 E.0156
G1 X22.743 Y-2.127 E.01543
G1 X22.352 Y-2.212 E.01882
G1 X22.085 Y-2.326 E.01365
G1 X21.87 Y-2.458 E.01186
G1 X21.649 Y-2.646 E.01364
G1 X21.448 Y-2.848 E.0134
G1 X21.295 Y-3.051 E.01195
G1 X21.161 Y-3.296 E.01313
G1 F6780
G1 X21.046 Y-3.651 E.01755
G1 F5940
G1 X21.01 Y-3.956 E.01444
G1 F5100
G1 X21.025 Y-4.264 E.0145
G1 F3960
G1 X21.119 Y-4.635 E.018
G1 F3180
G1 X21.237 Y-4.889 E.01317
G1 F2520
G1 X21.373 Y-5.096 E.01165
G1 F2280
G1 X21.566 Y-5.309 E.01352
M106 S255
G1 X21.777 Y-5.506 E.01357
G1 F2460
G1 X22.029 Y-5.678 E.01435
G1 F3300
G1 X22.309 Y-5.807 E.0145
G1 F4200
G1 X22.519 Y-5.869 E.0103
G1 F5280
G1 X22.813 Y-5.914 E.01399
G1 F6840
G1 X23.129 Y-5.9 E.01487
SET_VELOCITY_LIMIT ACCEL=10000
G1 E-1.2 F2100
;WIPE_START
G1 F6840
G1 X23.26 Y-5.894
G1 X23.586 Y-5.81
G1 X23.891 Y-5.673
G1 X24.172 Y-5.484
G1 X24.422 Y-5.246
G1 X24.642 Y-4.947
G1 X24.706 Y-4.819
;WIPE_END
G1 X17.089 Y-4.336 Z.8 F30000
G1 X-22.688 Y-1.815 Z.8
G1 Z.4
G1 E1.2 F2100
SET_VELOCITY_LIMIT ACCEL=5000
;TYPE:Inner wall
G1 F9000
G1 X-22.642 Y-1.817 E.00218
G1 X-21.816 Y-1.741 E.03899
G1 X-21.054 Y-1.56 E.03687
G1 X-20.326 Y-1.279 E.03668
G1 X-19.689 Y-.93 E.03415
G1 X-19.017 Y-.445 E.03899
G1 X-18.453 Y.101 E.03687
G1 X-17.97 Y.713 E.03668
G1 X-17.572 Y1.384 E.03668
G1 X-17.268 Y2.102 E.03668
G1 X-17.061 Y2.854 E.03668
G1 X-16.958 Y3.627 E.03668
G1 X-16.958 Y4.407 E.03668
G1 X-17.061 Y5.18 E.03668
G1 X-17.268 Y5.933 E.03668
G1 X-17.572 Y6.651 E.03668
G1 X-17.942 Y7.276 E.03415
G1 X-18.45 Y7.931 E.03899
G1 X-19.014 Y8.476 E.03688
G1 X-19.642 Y8.939 E.03668
G1 X-20.326 Y9.314 E.03668
G1 X-21.054 Y9.594 E.03668
G1 X-21.812 Y9.775 E.03668
G1 X-22.588 Y9.853 E.03668
G1 X-23.368 Y9.827 E.03668
G1 X-24.137 Y9.697 E.03668
G1 X-24.882 Y9.466 E.03668
G1 X-25.59 Y9.138 E.03668
G1 X-26.247 Y8.718 E.03668
G1 X-26.843 Y8.215 E.03668
G1 X-27.366 Y7.636 E.03668
G1 X-27.807 Y6.993 E.03668
G1 X-28.159 Y6.297 E.03668
G1 X-28.415 Y5.56 E.03668
G1 X-28.56 Y4.848 E.03415
G1 X-28.623 Y4.022 E.03899
G1 X-28.571 Y3.239 E.03688
G1 X-28.415 Y2.475 E.03668
G1 X-28.159 Y1.738 E.03668
G1 X-27.807 Y1.042 E.03668
G1 X-27.366 Y.399 E.03668
G1 X-26.843 Y-.18 E.03668
G1 X-26.247 Y-.683 E.03668
G1 X-25.59 Y-1.103 E.03668
G1 X-24.882 Y-1.432 E.03668
G1 X-24.137 Y-1.663 E.03668
G1 X-23.368 Y-1.792 E.03668
G1 X-22.724 Y-1.814 E.03028
SET_VELOCITY_LIMIT ACCEL=10000
G1 X-22.669 Y-1.238 F30000
SET_VELOCITY_LIMIT ACCEL=5000
;TYPE:Outer wall
G1 F7200
G1 X-22.659 Y-1.239 E.00049
G1 X-21.91 Y-1.17 E.03536
G1 X-21.225 Y-1.007 E.03311
G1 X-20.569 Y-.755 E.03305
G1 X-19.998 Y-.441 E.03065
G1 X-19.388 Y-.001 E.03536
G1 X-18.882 Y.489 E.03311
G1 X-18.446 Y1.04 E.03305
G1 X-18.088 Y1.645 E.03305
G1 X-17.814 Y2.292 E.03305
G1 X-17.628 Y2.97 E.03305
G1 X-17.535 Y3.666 E.03305
G1 X-17.535 Y4.369 E.03305
G1 X-17.628 Y5.065 E.03305
G1 X-17.814 Y5.743 E.03305
G1 X-18.088 Y6.39 E.03305
G1 X-18.42 Y6.951 E.03065
G1 X-18.881 Y7.545 E.03536
G1 X-19.387 Y8.035 E.03311
G1 X-19.953 Y8.452 E.03305
G1 X-20.569 Y8.789 E.03305
G1 X-21.225 Y9.042 E.03305
G1 X-21.909 Y9.205 E.03305
G1 X-22.608 Y9.275 E.03305
G1 X-23.31 Y9.252 E.03305
G1 X-24.003 Y9.135 E.03305
G1 X-24.674 Y8.927 E.03305
G1 X-25.312 Y8.631 E.03305
G1 X-25.904 Y8.253 E.03305
G1 X-26.441 Y7.799 E.03305
G1 X-26.912 Y7.278 E.03305
G1 X-27.31 Y6.698 E.03305
G1 X-27.627 Y6.071 E.03305
G1 X-27.857 Y5.407 E.03305
G1 X-27.987 Y4.769 E.03065
G1 X-28.044 Y4.019 E.03536
G1 X-27.997 Y3.316 E.03312
G1 X-27.857 Y2.628 E.03305
G1 X-27.627 Y1.964 E.03305
G1 X-27.31 Y1.336 E.03305
G1 X-26.912 Y.757 E.03305
G1 X-26.441 Y.236 E.03305
G1 X-25.904 Y-.218 E.03305
G1 X-25.312 Y-.596 E.03305
G1 X-24.674 Y-.892 E.03305
G1 X-24.003 Y-1.1 E.03305
G1 X-23.31 Y-1.217 E.03305
G1 X-22.705 Y-1.237 E.02846
SET_VELOCITY_LIMIT ACCEL=10000
G1 E-1.2 F2100
;WIPE_START
G1 F7200
G1 X-22.659 Y-1.239
G1 X-21.91 Y-1.17
G1 X-21.225 Y-1.007
G1 X-20.761 Y-.828
;WIPE_END
G1 X-13.216 Y-1.981 Z.8 F30000
G1 X30.611 Y-8.676 Z.8
G1 Z.4
G1 E1.2 F2100
SET_VELOCITY_LIMIT ACCEL=5000
;TYPE:Inner wall
G1 F9000
G1 X30.982 Y-7.995 E.03646
G1 X31.314 Y-7.222 E.03958
G1 X31.573 Y-6.421 E.03958
G1 X31.757 Y-5.6 E.03958
G1 X31.865 Y-4.765 E.03958
G1 X31.895 Y-3.924 E.03958
G1 X31.848 Y-3.083 E.03958
G1 X31.723 Y-2.251 E.03958
G1 X31.522 Y-1.434 E.03958
G1 X31.246 Y-.639 E.03958
G1 X30.898 Y.128 E.03958
G1 X30.481 Y.859 E.03958
G1 X29.998 Y1.548 E.03958
G1 X29.456 Y2.188 E.03944
G1 X28.801 Y2.821 E.04282
G1 X28.2 Y3.31 E.03645
G1 X27.501 Y3.779 E.03958
G1 X26.761 Y4.181 E.03958
G1 X25.988 Y4.513 E.03958
G1 X25.187 Y4.772 E.03958
G1 X24.346 Y4.961 E.04054
G1 X-21.181 Y12.988 E2.17391
G1 X-22.036 Y13.099 E.04054
G1 X-22.877 Y13.129 E.03958
G1 X-23.715 Y13.082 E.03944
G1 X-24.614 Y12.941 E.04282
G1 X-25.367 Y12.755 E.03646
G1 X-26.162 Y12.48 E.03958
G1 X-26.929 Y12.132 E.03958
G1 X-27.66 Y11.715 E.03958
G1 X-28.349 Y11.232 E.03958
G1 X-28.989 Y10.69 E.03944
G1 X-29.622 Y10.035 E.04282
G1 X-30.111 Y9.434 E.03645
G1 X-30.58 Y8.734 E.03958
G1 X-30.982 Y7.995 E.03958
G1 X-31.314 Y7.222 E.03958
G1 X-31.573 Y6.421 E.03958
G1 X-31.757 Y5.6 E.03958
G1 X-31.865 Y4.765 E.03958
G1 X-31.895 Y3.924 E.03958
G1 X-31.848 Y3.084 E.03958
G1 X-31.723 Y2.251 E.03958
G1 X-31.522 Y1.434 E.03958
G1 X-31.246 Y.639 E.03958
G1 X-30.898 Y-.128 E.03958
G1 X-30.481 Y-.859 E.03958
G1 X-29.998 Y-1.548 E.03958
G1 X-29.454 Y-2.19 E.03958
G1 X-28.853 Y-2.779 E.03958
G1 X-28.2 Y-3.31 E.03958
G1 X-27.501 Y-3.779 E.03958
G1 X-26.761 Y-4.181 E.03958
G1 X-25.988 Y-4.513 E.03958
G1 X-25.187 Y-4.772 E.03958
G1 X-24.346 Y-4.961 E.04054
G1 X21.181 Y-12.988 E2.1739
G1 X22.033 Y-13.098 E.04041
G1 X22.943 Y-13.125 E.04282
G1 X23.717 Y-13.081 E.03646
G1 X24.55 Y-12.956 E.03958
G1 X25.367 Y-12.755 E.03958
G1 X26.162 Y-12.48 E.03958
G1 X26.929 Y-12.132 E.03958
G1 X27.66 Y-11.715 E.03958
G1 X28.349 Y-11.232 E.03958
G1 X28.991 Y-10.688 E.03958
G1 X29.58 Y-10.087 E.03958
G1 X30.109 Y-9.436 E.03944
G1 X30.591 Y-8.706 E.04113
SET_VELOCITY_LIMIT ACCEL=10000
G1 X31.104 Y-8.977 F30000
SET_VELOCITY_LIMIT ACCEL=5000
;TYPE:Outer wall
G1 F7200
G1 X31.106 Y-8.973 E.0002
G1 X31.501 Y-8.247 E.03888
G1 X31.854 Y-7.425 E.04209
G1 X32.13 Y-6.573 E.04209
G1 X32.326 Y-5.7 E.04209
G1 X32.441 Y-4.812 E.04209
G1 X32.473 Y-3.918 E.04209
G1 X32.422 Y-3.024 E.04209
G1 X32.289 Y-2.139 E.04209
G1 X32.076 Y-1.27 E.04209
G1 X31.782 Y-.424 E.04209
G1 X31.413 Y.391 E.04209
G1 X30.969 Y1.168 E.04209
G1 X30.456 Y1.901 E.04209
G1 X29.878 Y2.583 E.04204
G1 X29.185 Y3.253 E.04533
G1 X28.543 Y3.775 E.03888
G1 X27.8 Y4.273 E.04209
G1 X27.013 Y4.7 E.04209
G1 X26.191 Y5.053 E.04209
G1 X25.339 Y5.329 E.04209
G1 X24.459 Y5.527 E.04243
G1 X-21.094 Y13.559 E2.17516
G1 X-21.989 Y13.674 E.04242
G1 X-22.883 Y13.707 E.04209
G1 X-23.776 Y13.656 E.04204
G1 X-24.728 Y13.507 E.04533
G1 X-25.531 Y13.309 E.03888
G1 X-26.376 Y13.016 E.04209
G1 X-27.191 Y12.646 E.04209
G1 X-27.969 Y12.203 E.04209
G1 X-28.702 Y11.69 E.04209
G1 X-29.384 Y11.111 E.04204
G1 X-30.054 Y10.418 E.04533
G1 X-30.576 Y9.777 E.03888
G1 X-31.074 Y9.033 E.04209
G1 X-31.501 Y8.247 E.04209
G1 X-31.854 Y7.425 E.04209
G1 X-32.13 Y6.573 E.04209
G1 X-32.326 Y5.7 E.04209
G1 X-32.441 Y4.812 E.04209
G1 X-32.473 Y3.918 E.04209
G1 X-32.422 Y3.024 E.04209
G1 X-32.289 Y2.139 E.04209
G1 X-32.076 Y1.27 E.04209
G1 X-31.782 Y.424 E.04209
G1 X-31.413 Y-.39 E.04209
G1 X-30.969 Y-1.168 E.04209
G1 X-30.456 Y-1.901 E.04209
G1 X-29.877 Y-2.584 E.04209
G1 X-29.238 Y-3.21 E.04209
G1 X-28.543 Y-3.775 E.04209
G1 X-27.8 Y-4.273 E.04209
G1 X-27.013 Y-4.7 E.04209
G1 X-26.191 Y-5.053 E.04209
G1 X-25.339 Y-5.329 E.04209
G1 X-24.459 Y-5.527 E.04242
G1 X21.094 Y-13.559 E2.17516
G1 X21.988 Y-13.674 E.04238
M73 P20 R5
G1 X22.951 Y-13.703 E.04533
G1 X23.777 Y-13.656 E.03888
G1 X24.662 Y-13.523 E.04209
G1 X25.531 Y-13.309 E.04209
G1 X26.376 Y-13.016 E.04209
G1 X27.191 Y-12.646 E.04209
G1 X27.969 Y-12.203 E.04209
G1 X28.702 Y-11.689 E.04209
G1 X29.385 Y-11.111 E.04209
G1 X30.011 Y-10.471 E.04209
G1 X30.575 Y-9.778 E.04204
G1 X31.084 Y-9.007 E.04344
SET_VELOCITY_LIMIT ACCEL=10000
G1 E-1.2 F2100
;WIPE_START
G1 F7200
G1 X31.106 Y-8.973
G1 X31.501 Y-8.247
G1 X31.854 Y-7.425
G1 X31.928 Y-7.198
;WIPE_END
G1 X30.561 Y.311 Z.8 F30000
G1 X30.498 Y.654 Z.8
G1 Z.4
G1 E1.2 F2100
SET_VELOCITY_LIMIT ACCEL=7000
;TYPE:Internal solid infill
;WIDTH:0.622606
G1 F9000
G1 X28.571 Y2.562 E.12809
G1 X27.994 Y3.031 E.03516
G1 X27.321 Y3.482 E.03825
G1 X26.61 Y3.869 E.03824
G1 X26.354 Y3.979 E.01317
G1 X30.778 Y-.446 E.29558
G1 X30.924 Y-.767 E.01667
G1 X31.189 Y-1.532 E.03825
G1 X31.236 Y-1.724 E.00932
G1 X25.069 Y4.444 E.412
G1 X24.028 Y4.665 E.0503
G1 X31.448 Y-2.755 E.49572
G1 X31.503 Y-3.119 E.01737
G1 X31.533 Y-3.66 E.02561
G1 X23.032 Y4.841 E.5679
G1 X22.037 Y5.016 E.04774
G1 X31.529 Y-4.476 E.63408
G1 X31.519 Y-4.736 E.01233
G1 X31.457 Y-5.223 E.02318
G1 X21.042 Y5.192 E.69575
G1 X20.046 Y5.367 E.04774
G1 X31.331 Y-5.917 E.75385
G1 X31.238 Y-6.329 E.01995
G1 X31.161 Y-6.568 E.01182
G1 X19.051 Y5.543 E.80901
G1 X18.056 Y5.718 E.04774
G1 X30.954 Y-7.18 E.86167
G1 X30.708 Y-7.754 E.02948
G1 X17.06 Y5.894 E.91171
G1 X16.065 Y6.069 E.04774
G1 X23.365 Y-1.23 E.48764
G1 X23.627 Y-1.27 E.01254
G1 X24.202 Y-1.478 E.02885
G1 X24.606 Y-1.719 E.02223
G1 X24.913 Y-1.968 E.01867
G1 X25.245 Y-2.33 E.02321
G1 X25.534 Y-2.783 E.02536
G1 X25.739 Y-3.297 E.02616
G1 X25.788 Y-3.654 E.01702
G1 X30.426 Y-8.292 E.30982
G1 X30.314 Y-8.498 E.01107
G1 X30.114 Y-8.8 E.01711
G1 X25.782 Y-4.467 E.28942
G1 X25.671 Y-4.955 E.0236
G1 X25.597 Y-5.102 E.0078
G1 X29.783 Y-9.288 E.27964
G1 X29.415 Y-9.74 E.02753
G1 X25.294 Y-5.619 E.27532
G1 X25.117 Y-5.859 E.01407
G1 X24.911 Y-6.056 E.01348
G1 X29.019 Y-10.164 E.27446
G1 X28.755 Y-10.434 E.01785
G1 X28.6 Y-10.565 E.00957
G1 X24.447 Y-6.412 E.27746
G1 X24.34 Y-6.483 E.00607
G1 X23.898 Y-6.682 E.02293
G1 X28.157 Y-10.941 E.28453
G1 X27.676 Y-11.28 E.02779
G1 X22.967 Y-6.571 E.31458
SET_VELOCITY_LIMIT ACCEL=10000
G1 E-1.2 F2100
;WIPE_START
G1 F9000
G1 X24.382 Y-7.986
;WIPE_END
G1 X22.777 Y-1.462 Z.8 F30000
G1 Z.4
G1 E1.2 F2100
SET_VELOCITY_LIMIT ACCEL=7000
G1 F9000
G1 X15.07 Y6.245 E.51484
G1 X14.075 Y6.42 E.04774
G1 X21.897 Y-1.402 E.52258
G1 X21.661 Y-1.503 E.01213
G1 X21.362 Y-1.687 E.01659
G1 X13.079 Y6.596 E.55328
G1 X12.084 Y6.771 E.04774
G1 X20.922 Y-2.067 E.59042
G1 X20.749 Y-2.241 E.01161
G1 X20.546 Y-2.51 E.01592
G1 X11.089 Y6.947 E.63176
G1 X10.093 Y7.122 E.04774
G1 X20.269 Y-3.054 E.67978
G1 X20.14 Y-3.452 E.01978
G1 X20.109 Y-3.713 E.01242
G1 X9.098 Y7.298 E.73556
G1 X8.103 Y7.473 E.04774
G1 X20.152 Y-4.576 E.80492
G1 X20.246 Y-4.946 E.01804
G1 X20.429 Y-5.34 E.0205
G1 X20.641 Y-5.662 E.01825
G1 X20.908 Y-5.958 E.01882
G1 X21.198 Y-6.228 E.01871
G1 X21.572 Y-6.485 E.02144
G1 X21.984 Y-6.674 E.02142
G1 X22.354 Y-6.778 E.01814
G1 X27.171 Y-11.595 E.3218
G1 X26.639 Y-11.883 E.02857
G1 X7.108 Y7.649 E1.30478
G1 X6.112 Y7.824 E.04774
M73 P21 R5
G1 X26.075 Y-12.139 E1.3336
G1 X25.47 Y-12.353 E.03034
G1 X5.117 Y8 E1.35965
G1 X4.122 Y8.175 E.04774
G1 X24.828 Y-12.531 E1.38327
G1 X24.483 Y-12.616 E.01682
G1 X24.144 Y-12.667 E.01616
G1 X3.126 Y8.351 E1.40406
G1 X2.131 Y8.526 E.04774
G1 X23.409 Y-12.752 E1.42145
G1 X22.939 Y-12.779 E.02226
G1 X22.606 Y-12.769 E.01572
G1 X1.136 Y8.702 E1.43429
G1 X.14 Y8.877 E.04774
G1 X21.727 Y-12.71 E1.44207
G1 X20.76 Y-12.562 E.0462
G1 X-.855 Y9.053 E1.44396
G1 X-1.85 Y9.228 E.04774
G1 X9.17 Y-1.792 E.7362
G1 X9.527 Y-1.921 E.0179
G1 X9.931 Y-2.163 E.02223
G1 X10.238 Y-2.411 E.01867
G1 X10.57 Y-2.773 E.02321
G1 X10.859 Y-3.226 E.02536
G1 X11.027 Y-3.649 E.02153
G1 X19.765 Y-12.387 E.5837
G1 X18.77 Y-12.211 E.04774
G1 X11.133 Y-4.574 E.51019
G1 X11.123 Y-4.838 E.01248
G1 X11.022 Y-5.284 E.02158
G1 X17.774 Y-12.036 E.45108
G1 X16.779 Y-11.86 E.04774
G1 X10.769 Y-5.85 E.40149
G1 X10.421 Y-6.322 E.02769
G1 X15.784 Y-11.685 E.35824
G1 X14.789 Y-11.509 E.04774
G1 X9.989 Y-6.71 E.32066
G1 X9.665 Y-6.926 E.01838
G1 X9.472 Y-7.013 E.01
G1 X13.793 Y-11.334 E.28865
G1 X12.798 Y-11.158 E.04774
G1 X8.859 Y-7.22 E.26312
G1 X8.723 Y-7.255 E.00664
G1 X8.103 Y-7.283 E.02932
G1 X12.123 Y-11.303 E.26853
SET_VELOCITY_LIMIT ACCEL=10000
G1 E-1.2 F2100
;WIPE_START
G1 F9000
G1 X10.709 Y-9.889
;WIPE_END
G1 X8.64 Y-2.542 Z.8 F30000
G1 X8.46 Y-1.902 Z.8
G1 Z.4
G1 E1.2 F2100
SET_VELOCITY_LIMIT ACCEL=7000
G1 F9000
G1 X-2.845 Y9.404 E.75523
G1 X-3.841 Y9.579 E.04774
G1 X7.49 Y-1.751 E.75691
G1 X7.395 Y-1.772 E.00456
G1 X6.911 Y-1.992 E.02514
G1 X-4.836 Y9.755 E.78474
G1 X-5.831 Y9.93 E.04774
G1 X6.434 Y-2.336 E.81939
G1 X6.026 Y-2.747 E.02738
G1 X-6.827 Y10.106 E.85862
G1 X-7.822 Y10.281 E.04774
G1 X5.704 Y-3.245 E.90359
G1 X5.634 Y-3.374 E.00694
G1 X5.482 Y-3.843 E.02328
G1 X-8.817 Y10.457 E.95525
G1 X-9.813 Y10.632 E.04774
M73 P22 R5
G1 X5.713 Y-4.893 E1.03715
SET_VELOCITY_LIMIT ACCEL=10000
G1 X11.127 Y-11.128 F30000
SET_VELOCITY_LIMIT ACCEL=7000
G1 F9000
G1 X-10.808 Y10.808 E1.46535
G1 X-11.803 Y10.983 E.04774
G1 X9.812 Y-10.632 E1.44396
G1 X8.817 Y-10.457 E.04774
G1 X-3.761 Y2.121 E.84021
G1 X-3.969 Y2.658 E.02722
G1 X-4.258 Y3.111 E.02536
G1 X-4.59 Y3.473 E.02321
G1 X-4.897 Y3.722 E.01867
G1 X-5.301 Y3.963 E.02223
G1 X-5.774 Y4.134 E.02377
G1 X-12.798 Y11.159 E.46926
G1 X-13.794 Y11.334 E.04774
G1 X-6.699 Y4.239 E.47397
G1 X-6.868 Y4.236 E.008
G1 X-7.399 Y4.12 E.02567
G1 X-14.789 Y11.51 E.49368
G1 X-15.784 Y11.685 E.04774
G1 X-7.963 Y3.864 E.52251
G1 X-8.176 Y3.733 E.01179
G1 X-8.433 Y3.514 E.01597
G1 X-16.78 Y11.861 E.55756
G1 X-17.775 Y12.036 E.04774
G1 X-8.833 Y3.094 E.59734
G1 X-8.986 Y2.892 E.012
G1 X-9.15 Y2.591 E.01616
G1 X-18.77 Y12.212 E.6427
G1 X-19.766 Y12.387 E.04774
G1 X-9.363 Y1.984 E.69494
G1 X-9.448 Y1.323 E.03149
G1 X-9.435 Y1.237 E.00411
G1 X-20.761 Y12.563 E.75658
G1 X-21.728 Y12.71 E.0462
G1 X-9.387 Y.369 E.82442
G1 X-9.601 Y.155 E.01429
G1 X-7.653 Y-1.793 E.13009
G1 X-7.928 Y-1.91 E.01411
G1 X-22.611 Y12.773 E.98084
G1 X-22.874 Y12.782 E.01243
G1 X-23.19 Y12.764 E.01495
G1 X-19.901 Y9.476 E.21966
G1 X-19.455 Y9.232 E.02405
G1 X-18.79 Y8.741 E.03903
G1 X-18.191 Y8.163 E.03931
G1 X-17.655 Y7.471 E.04136
G1 X-17.262 Y6.807 E.03642
G1 X-17.113 Y6.456 E.01805
G1 X-8.434 Y-2.224 E.57981
G1 X-8.653 Y-2.41 E.0136
G1 X-8.86 Y-2.618 E.01382
G1 X-16.721 Y5.243 E.52513
G1 X-16.611 Y4.431 E.03873
G1 X-16.611 Y4.314 E.0055
G1 X-9.21 Y-3.087 E.49442
G1 X-9.366 Y-3.374 E.01542
G1 X-9.458 Y-3.659 E.01414
G1 X-16.624 Y3.507 E.47872
G1 X-16.722 Y2.785 E.03444
G1 X-9.589 Y-4.348 E.47647
G1 X-9.567 Y-4.845 E.02354
G1 X-9.451 Y-5.306 E.02244
G1 X-16.898 Y2.141 E.4975
G1 X-16.94 Y1.988 E.0075
G1 X-17.126 Y1.549 E.02251
G1 X-8.653 Y-6.924 E.56603
G1 X-8.786 Y-7.353 E.02122
G1 X-9.099 Y-7.298 E.01497
G1 X-17.397 Y1.001 E.55434
G1 X-17.705 Y.489 E.02821
G1 X-10.094 Y-7.122 E.50845
G1 X-11.089 Y-6.947 E.04774
G1 X-18.067 Y.031 E.46612
G1 X-18.196 Y-.132 E.00982
G1 X-18.464 Y-.392 E.01763
G1 X-12.085 Y-6.771 E.42617
G1 X-13.08 Y-6.596 E.04774
G1 X-18.893 Y-.782 E.38834
G1 X-19.369 Y-1.126 E.02774
G1 X-14.075 Y-6.42 E.35364
G1 X-15.07 Y-6.245 E.04774
G1 X-19.883 Y-1.432 E.32152
G1 X-20.18 Y-1.594 E.01596
G1 X-20.44 Y-1.694 E.0132
G1 X-16.066 Y-6.069 E.29224
G1 X-17.061 Y-5.894 E.04774
G1 X-21.042 Y-1.913 E.26594
G1 X-21.704 Y-2.07 E.03215
G1 X-18.056 Y-5.718 E.24367
G1 X-19.052 Y-5.543 E.04774
M73 P23 R5
G1 X-22.448 Y-2.147 E.22686
G1 X-22.632 Y-2.163 E.00875
G1 X-23.272 Y-2.142 E.03024
G1 X-20.047 Y-5.367 E.21545
G1 X-21.042 Y-5.192 E.04774
G1 X-24.635 Y-1.599 E.24001
SET_VELOCITY_LIMIT ACCEL=10000
G1 X-28.658 Y3.244 F30000
SET_VELOCITY_LIMIT ACCEL=7000
G1 F9000
G1 X-31.331 Y5.917 E.1786
G1 X-31.406 Y5.582 E.01624
G1 X-31.454 Y5.22 E.01722
G1 X-28.399 Y2.166 E.20405
SET_VELOCITY_LIMIT ACCEL=10000
G1 X-31.755 Y4.702 F30000
SET_VELOCITY_LIMIT ACCEL=7000
G1 F9000
G1 X-28.298 Y1.244 E.23099
G1 X-28.106 Y.865 E.02007
G1 X-27.638 Y.184 E.03904
G1 X-27.084 Y-.429 E.03904
G1 X-26.453 Y-.963 E.03904
G1 X-25.756 Y-1.407 E.03903
G1 X-25.551 Y-1.503 E.01072
G1 X-22.038 Y-5.016 E.23468
G1 X-23.033 Y-4.841 E.04774
G1 X-31.533 Y3.66 E.56786
G1 X-31.503 Y3.119 E.02559
G1 X-31.448 Y2.755 E.01739
G1 X-24.028 Y-4.665 E.49568
G1 X-25.07 Y-4.443 E.0503
G1 X-31.236 Y1.723 E.41195
G1 X-31.189 Y1.532 E.00929
G1 X-30.924 Y.767 E.03825
G1 X-30.778 Y.445 E.01671
G1 X-26.354 Y-3.978 E.2955
G1 X-26.61 Y-3.869 E.01313
G1 X-27.321 Y-3.482 E.03824
G1 X-27.994 Y-3.031 E.03825
G1 X-28.622 Y-2.521 E.03824
G1 X-30.498 Y-.655 E.12497
SET_VELOCITY_LIMIT ACCEL=10000
G1 E-1.2 F2100
;WIPE_START
G1 F9000
G1 X-29.08 Y-2.065
;WIPE_END
G1 X-21.522 Y-.996 Z.8 F30000
G1 X-3.949 Y1.489 Z.8
G1 Z.4
G1 E1.2 F2100
SET_VELOCITY_LIMIT ACCEL=7000
G1 F9000
G1 X7.821 Y-10.281 E.78628
G1 X6.826 Y-10.106 E.04774
G1 X-3.819 Y.54 E.71115
G1 X-3.831 Y.486 E.00259
G1 X-4.087 Y-.012 E.02647
G1 X5.831 Y-9.93 E.66253
G1 X4.836 Y-9.755 E.04774
G1 X-4.444 Y-.475 E.61993
G1 X-4.75 Y-.766 E.01995
G1 X-4.884 Y-.855 E.00758
G1 X3.84 Y-9.579 E.58277
G1 X2.845 Y-9.404 E.04774
G1 X-5.407 Y-1.152 E.55123
G1 X-5.664 Y-1.257 E.01315
G1 X-5.546 Y-1.594 E.01686
G1 X-5.66 Y-1.634 E.00567
G1 X-5.647 Y-1.678 E.00217
G1 X-5.69 Y-1.689 E.00209
G1 X1.85 Y-9.228 E.50366
G1 X.854 Y-9.053 E.04774
G1 X-3.859 Y-4.339 E.31489
G1 X-3.877 Y-4.838 E.0236
G1 X-3.933 Y-5.085 E.01196
G1 X-.141 Y-8.877 E.25331
G1 X-1.136 Y-8.702 E.04774
G1 X-4.15 Y-5.688 E.2013
G1 X-4.243 Y-5.874 E.00982
G1 X-4.472 Y-6.186 E.01827
G1 X-2.132 Y-8.526 E.15634
G1 X-3.127 Y-8.351 E.04774
G1 X-4.874 Y-6.603 E.11671
G1 X-5.36 Y-6.938 E.02785
G1 X-3.802 Y-8.495 E.10405
SET_VELOCITY_LIMIT ACCEL=10000
G1 X-5.616 Y-7.852 F30000
SET_VELOCITY_LIMIT ACCEL=7000
;WIDTH:0.55292
G1 F9000
G1 X-5.68 Y-7.852 E.00265
G1 X-5.712 Y-7.796 E.00265
G1 X-5.68 Y-7.741 E.00265
G1 X-5.616 Y-7.741 E.00265
G1 X-5.602 Y-7.765 E.00115
SET_VELOCITY_LIMIT ACCEL=10000
G1 X-6.086 Y-7.535 F30000
;TYPE:Gap infill
;WIDTH:0.648224
G1 F9000
G1 X-6.357 Y-7.518 E.01335
;WIDTH:0.611878
G1 X-6.627 Y-7.501 E.01255
;WIDTH:0.572165
G1 X-6.947 Y-7.477 E.01387
;WIDTH:0.554297
G1 X-7.384 Y-7.405 E.01843
G1 X-7.784 Y-7.311 E.01715
;WIDTH:0.60679
G1 X-8.07 Y-7.222 E.01374
;WIDTH:0.624946
G1 X-8.355 Y-7.133 E.01419
G1 E-1.2 F2100
;WIPE_START
G1 F9000
G1 X-8.07 Y-7.222
;WIPE_END
G17
G3 Z.8 I-1.149 J.401 P1  F30000
G1 X-6.009 Y-1.322 Z.8
G1 Z.4
G1 E1.2 F2100
;WIDTH:0.127867
G1 F9000
G1 X-6.102 Y-1.354 E.00069
;WIDTH:0.151864
G1 X-6.232 Y-1.386 E.00118
;WIDTH:0.199902
G1 X-6.353 Y-1.415 E.00159
;WIDTH:0.246305
G1 X-6.474 Y-1.443 E.00206
;WIDTH:0.292709
G1 X-6.595 Y-1.472 E.00253
;WIDTH:0.33796
G1 X-6.654 Y-1.493 E.0015
G1 X-6.677 Y-1.555 E.00158
;WIDTH:0.308103
G1 X-6.647 Y-1.577 E.00081
;WIDTH:0.261653
G1 X-6.617 Y-1.6 E.00067
;WIDTH:0.215203
G1 X-6.587 Y-1.622 E.00053
;WIDTH:0.168753
G1 X-6.556 Y-1.645 E.00039
;WIDTH:0.130193
G1 X-6.391 Y-1.686 E.00121
G1 X-7.33 Y-1.499 F30000
SET_VELOCITY_LIMIT ACCEL=7000
;TYPE:Internal solid infill
;WIDTH:0.55292
G1 F9000
G1 X-7.393 Y-1.499 E.00265
G1 X-7.425 Y-1.444 E.00265
G1 X-7.393 Y-1.389 E.00265
G1 X-7.33 Y-1.389 E.00265
G1 X-7.316 Y-1.413 E.00115
SET_VELOCITY_LIMIT ACCEL=10000
G1 X-9.1 Y.1 F30000
SET_VELOCITY_LIMIT ACCEL=7000
G1 F9000
G1 X-9.164 Y.1 E.00265
G1 X-9.196 Y.155 E.00265
G1 X-9.164 Y.21 E.00265
G1 X-9.1 Y.21 E.00265
G1 X-9.086 Y.186 E.00115
SET_VELOCITY_LIMIT ACCEL=10000
G1 X-21.439 Y10.279 F30000
SET_VELOCITY_LIMIT ACCEL=7000
;WIDTH:0.619999
G1 F9000
G1 X-21.735 Y10.347 E.0143
G1 X-22.55 Y10.429 E.0385
G1 X-23.407 Y10.403 E.04031
G1 X-24.127 Y10.284 E.03433
G1 X-25.072 Y10.012 E.04624
G1 X-25.735 Y9.707 E.03433
G1 X-26.207 Y9.429 E.02577
G1 X-26.662 Y9.123 E.02578
G1 X-27.23 Y8.643 E.03498
G1 X-27.605 Y8.232 E.02615
G1 X-27.915 Y7.856 E.02289
G1 X-28.297 Y7.3 E.03172
G1 X-28.698 Y6.504 E.04192
G1 X-28.967 Y5.731 E.0385
G1 X-29.133 Y4.916 E.03914
G1 X-30.886 Y6.669 E.11658
G1 X-30.63 Y7.351 E.03426
G1 X-30.185 Y8.252 E.04726
G1 X-29.674 Y9.049 E.04456
G1 X-29.219 Y9.616 E.03418
G1 X-28.798 Y10.057 E.02864
G1 X-28.034 Y10.743 E.04831
G1 X-27.391 Y11.199 E.03705
G1 X-26.917 Y11.474 E.02578
G1 X-25.993 Y11.923 E.04832
G1 X-25.25 Y12.185 E.03705
G1 X-24.68 Y12.33 E.02763
G1 X-23.651 Y12.491 E.04899
G1 X-21.464 Y10.305 E.1454
SET_VELOCITY_LIMIT ACCEL=10000
G1 X-23.194 Y11.083 F30000
SET_VELOCITY_LIMIT ACCEL=7000
;WIDTH:0.813373
G1 F9000
G1 X-23.963 Y10.994 E.04859
G1 X-24.489 Y10.896 E.03359
G1 X-25.271 Y10.654 E.0514
G1 X-26.019 Y10.319 E.05147
G1 X-26.571 Y9.999 E.04007
G1 X-27.04 Y9.685 E.03539
G1 X-27.619 Y9.198 E.04752
G1 X-28.106 Y8.686 E.04442
G1 X-28.472 Y8.239 E.03623
G1 X-28.85 Y7.685 E.04209
G1 X-29.157 Y7.103 E.04134
G1 X-29.332 Y6.725 E.02617
G1 X-29.503 Y6.235 E.03257
G1 X-30.115 Y6.848 E.05442
G1 X-29.86 Y7.431 E.03999
G1 X-29.594 Y7.931 E.03553
G1 X-29.113 Y8.673 E.05558
G1 X-28.694 Y9.19 E.04172
G1 X-28.315 Y9.59 E.03459
G1 X-27.597 Y10.228 E.06033
G1 X-27.003 Y10.644 E.04556
G1 X-26.485 Y10.946 E.03759
G1 X-25.714 Y11.309 E.05354
G1 X-25.028 Y11.546 E.04556
G1 X-24.52 Y11.677 E.03298
G1 X-23.89 Y11.779 E.04003
G1 X-23.22 Y11.109 E.05954
;LAYER_CHANGE
;Z:0.6
;HEIGHT:0.2
;BEFORE_LAYER_CHANGE
;0.6
G1 E-1.2 F2100
;WIPE_START
G1 F9000
G1 X-23.89 Y11.779
G1 X-24.52 Y11.677
G1 X-24.92 Y11.574
;WIPE_END
;AFTER_LAYER_CHANGE
;0.6
;_SET_FAN_SPEED_CHANGING_LAYER
SET_VELOCITY_LIMIT ACCEL=10000
G17
G3 Z1 I.64 J1.035 P1  F30000
G1 X-5.394 Y-.506 Z1
G1 Z.6
G1 E1.2 F2100
SET_VELOCITY_LIMIT ACCEL=5000
;TYPE:Inner wall
;WIDTH:0.62
G1 F9000
G1 X-5.215 Y-.391 E.01
G1 X-4.864 Y-.027 E.02379
G1 X-4.658 Y.288 E.01769
G1 X-4.515 Y.596 E.016
G1 X-4.345 Y1.272 E.03277
G1 X-4.325 Y1.616 E.01621
G1 X-4.359 Y2.001 E.01816
G1 X-4.497 Y2.486 E.02371
G1 X-4.692 Y2.871 E.02028
G1 X-4.953 Y3.223 E.02061
G1 X-5.36 Y3.589 E.02574
G1 X-5.713 Y3.801 E.01937
G1 X-6.026 Y3.932 E.01595
G1 X-6.444 Y4.04 E.02033
G1 X-6.889 Y4.077 E.021
M73 P24 R5
G1 X-7.381 Y4.035 E.02322
G1 X-7.857 Y3.861 E.02384
G1 X-8.261 Y3.628 E.0219
G1 X-8.648 Y3.304 E.02372
G1 X-8.92 Y2.919 E.02221
G1 X-9.122 Y2.496 E.02201
G1 X-9.241 Y2.068 E.02091
G1 X-9.286 Y1.632 E.0206
G1 X-9.256 Y1.199 E.0204
G1 X-9.155 Y.782 E.0202
G1 X-8.986 Y.391 E.02
G1 X-8.75 Y.03 E.02028
G1 X-8.399 Y-.331 E.02371
G1 X-8.08 Y-.555 E.01832
G1 X-7.737 Y-.724 E.01797
G1 X-7.145 Y-.893 E.02898
G1 X-6.759 Y-.931 E.0182
G1 X-6.316 Y-.895 E.02094
G1 X-6.036 Y-.828 E.01353
G1 X-5.685 Y-.693 E.01768
G1 X-5.424 Y-.525 E.01456
SET_VELOCITY_LIMIT ACCEL=10000
G1 X-5.705 Y-.02 F30000
SET_VELOCITY_LIMIT ACCEL=5000
;TYPE:Outer wall
G1 F4920
G1 X-5.583 Y.058 E.00681
G1 F3780
G1 X-5.317 Y.335 E.01806
G1 F3060
G1 X-5.163 Y.569 E.01317
G1 F2400
G1 X-5.057 Y.798 E.01187
G1 X-4.919 Y1.351 E.0268
G1 F2580
G1 X-4.903 Y1.608 E.01211
M106 S255
G1 F3360
G1 X-4.929 Y1.896 E.0136
G1 F4080
G1 X-5.037 Y2.275 E.01853
G1 F6300
G1 X-5.184 Y2.566 E.01533
G1 F7200
G1 X-5.382 Y2.832 E.01559
G1 X-5.704 Y3.122 E.02038
G1 X-5.975 Y3.285 E.01487
G1 X-6.211 Y3.384 E.01203
G1 X-6.541 Y3.469 E.01602
G1 X-6.888 Y3.498 E.01637
G1 X-7.255 Y3.467 E.01732
G1 X-7.612 Y3.336 E.01788
G1 X-7.929 Y3.153 E.01721
G1 X-8.22 Y2.91 E.01783
G1 X-8.42 Y2.626 E.01633
G1 X-8.579 Y2.293 E.01735
G1 X-8.672 Y1.96 E.01626
G1 X-8.706 Y1.622 E.01597
G1 X-8.684 Y1.288 E.01574
G1 X-8.606 Y.966 E.01558
G1 X-8.476 Y.666 E.01537
G1 X-8.298 Y.392 E.01536
G1 F6840
G1 X-8.023 Y.11 E.01852
G1 X-7.785 Y-.057 E.01367
G1 X-7.529 Y-.183 E.01342
G1 F7200
G1 X-7.036 Y-.324 E.02411
G1 X-6.754 Y-.352 E.01333
G1 X-6.407 Y-.324 E.01637
G1 F6900
G1 X-6.208 Y-.276 E.00963
G1 F6060
G1 X-5.947 Y-.175 E.01316
G1 F4980
G1 X-5.736 Y-.04 E.01178
SET_VELOCITY_LIMIT ACCEL=10000
G1 E-1.2 F2100
;WIPE_START
G1 F4980
G1 X-5.583 Y.058
G1 X-5.317 Y.335
G1 X-5.163 Y.569
G1 X-5.057 Y.798
G1 X-4.919 Y1.351
G1 X-4.903 Y1.608
G1 X-4.91 Y1.683
;WIPE_END
G1 X-8.736 Y-2.51 Z1 F30000
G1 Z.6
G1 E1.2 F2100
SET_VELOCITY_LIMIT ACCEL=5000
;TYPE:Inner wall
G1 F9000
M106 S255
G1 X-8.82 Y-2.58 E.00512
G1 X-9.093 Y-2.966 E.02221
G1 X-9.294 Y-3.388 E.02201
G1 X-9.414 Y-3.816 E.02091
G1 X-9.458 Y-4.252 E.0206
G1 X-9.429 Y-4.685 E.0204
G1 X-9.327 Y-5.102 E.0202
G1 X-9.159 Y-5.493 E.02
G1 X-8.923 Y-5.854 E.02028
G1 X-8.571 Y-6.215 E.02371
G1 X-8.253 Y-6.439 E.01832
G1 X-7.91 Y-6.608 E.01797
G1 X-7.317 Y-6.777 E.02898
G1 X-6.932 Y-6.815 E.0182
G1 X-6.488 Y-6.779 E.02094
G1 X-6.208 Y-6.712 E.01353
G1 X-5.858 Y-6.577 E.01768
G1 X-5.387 Y-6.275 E.02625
G1 X-5.036 Y-5.911 E.02379
G1 X-4.83 Y-5.597 E.01769
G1 X-4.687 Y-5.288 E.016
G1 X-4.518 Y-4.612 E.03277
G1 X-4.497 Y-4.268 E.01621
G1 X-4.532 Y-3.883 E.01816
G1 X-4.669 Y-3.398 E.02371
G1 X-4.864 Y-3.013 E.02028
G1 X-5.126 Y-2.661 E.02061
G1 X-5.532 Y-2.295 E.02574
G1 X-5.886 Y-2.084 E.01937
G1 X-6.198 Y-1.952 E.01595
G1 X-6.617 Y-1.844 E.02033
G1 X-7.062 Y-1.807 E.021
G1 X-7.554 Y-1.849 E.02322
G1 X-8.03 Y-2.023 E.02384
G1 X-8.433 Y-2.256 E.0219
G1 X-8.709 Y-2.487 E.01691
SET_VELOCITY_LIMIT ACCEL=10000
G1 X-8.366 Y-2.953 F30000
SET_VELOCITY_LIMIT ACCEL=5000
;TYPE:Outer wall
G1 F7200
G1 X-8.392 Y-2.974 E.00157
G1 X-8.593 Y-3.259 E.0164
G1 X-8.752 Y-3.591 E.01731
G1 X-8.844 Y-3.924 E.01625
G1 X-8.879 Y-4.262 E.01598
G1 X-8.856 Y-4.597 E.01579
G1 X-8.778 Y-4.919 E.01558
G1 X-8.648 Y-5.219 E.01537
G1 X-8.47 Y-5.492 E.01533
G1 F6840
G1 X-8.195 Y-5.774 E.01852
G1 X-7.958 Y-5.942 E.01366
G1 X-7.702 Y-6.067 E.0134
G1 F7200
G1 X-7.209 Y-6.208 E.02411
G1 X-6.927 Y-6.236 E.01333
G1 X-6.579 Y-6.208 E.01642
G1 F6900
G1 X-6.381 Y-6.16 E.00958
G1 F6060
G1 X-6.12 Y-6.059 E.01316
G1 F4920
G1 X-5.756 Y-5.826 E.02032
G1 F3780
G1 X-5.489 Y-5.549 E.01809
G1 F3060
G1 X-5.336 Y-5.316 E.01311
G1 F2400
G1 X-5.23 Y-5.086 E.01191
G1 X-5.091 Y-4.533 E.02681
G1 F2580
G1 X-5.076 Y-4.277 E.01206
M106 S255
G1 F3360
G1 X-5.102 Y-3.988 E.01365
G1 F4080
G1 X-5.209 Y-3.609 E.01852
G1 F6300
G1 X-5.357 Y-3.318 E.01535
G1 F7200
G1 X-5.554 Y-3.052 E.01557
G1 X-5.877 Y-2.762 E.02041
G1 X-6.148 Y-2.599 E.01487
G1 X-6.383 Y-2.5 E.01199
G1 X-6.713 Y-2.415 E.01602
G1 X-7.061 Y-2.386 E.01642
G1 X-7.428 Y-2.418 E.01732
G1 X-7.785 Y-2.548 E.01787
G1 X-8.101 Y-2.731 E.01717
G1 X-8.339 Y-2.929 E.01456
SET_VELOCITY_LIMIT ACCEL=10000
G1 E-1.2 F2100
;WIPE_START
G1 F7200
G1 X-8.392 Y-2.974
G1 X-8.593 Y-3.259
G1 X-8.752 Y-3.591
G1 X-8.844 Y-3.924
G1 X-8.879 Y-4.262
G1 X-8.856 Y-4.597
G1 X-8.811 Y-4.784
;WIPE_END
G1 X-1.179 Y-4.667 Z1 F30000
G1 X5.563 Y-4.563 Z1
G1 Z.6
G1 E1.2 F2100
SET_VELOCITY_LIMIT ACCEL=5000
;TYPE:Inner wall
G1 F9000
G1 X5.571 Y-4.685 E.00573
G1 X5.673 Y-5.102 E.0202
G1 X5.841 Y-5.493 E.02
G1 X6.077 Y-5.854 E.02028
G1 X6.429 Y-6.215 E.02371
G1 X6.747 Y-6.439 E.01832
G1 X7.09 Y-6.608 E.01797
G1 X7.683 Y-6.777 E.02898
G1 X8.068 Y-6.815 E.0182
G1 X8.512 Y-6.779 E.02094
G1 X8.792 Y-6.712 E.01353
G1 X9.142 Y-6.577 E.01768
G1 X9.613 Y-6.276 E.02625
G1 X9.964 Y-5.911 E.02379
G1 X10.17 Y-5.597 E.01769
G1 X10.313 Y-5.288 E.016
G1 X10.482 Y-4.612 E.03277
G1 X10.503 Y-4.268 E.01621
G1 X10.468 Y-3.883 E.01816
G1 X10.331 Y-3.398 E.02371
G1 X10.136 Y-3.013 E.02028
G1 X9.874 Y-2.661 E.02061
G1 X9.468 Y-2.295 E.02574
G1 X9.114 Y-2.084 E.01937
G1 X8.802 Y-1.952 E.01595
G1 X8.383 Y-1.844 E.02033
G1 X7.938 Y-1.807 E.021
G1 X7.446 Y-1.849 E.02322
G1 X6.97 Y-2.023 E.02384
G1 X6.567 Y-2.256 E.0219
G1 X6.18 Y-2.58 E.02372
G1 X5.907 Y-2.966 E.02221
G1 X5.706 Y-3.388 E.02201
G1 X5.586 Y-3.816 E.02091
G1 X5.542 Y-4.252 E.0206
G1 X5.561 Y-4.527 E.01298
SET_VELOCITY_LIMIT ACCEL=10000
G1 X6.139 Y-4.524 F30000
SET_VELOCITY_LIMIT ACCEL=5000
;TYPE:Outer wall
G1 F7200
G1 X6.144 Y-4.597 E.00344
G1 X6.222 Y-4.919 E.01558
G1 X6.352 Y-5.219 E.01537
G1 X6.53 Y-5.492 E.01533
G1 F6840
G1 X6.805 Y-5.774 E.01852
G1 X7.042 Y-5.942 E.01366
G1 X7.298 Y-6.067 E.0134
G1 F7200
G1 X7.791 Y-6.208 E.02411
G1 X8.073 Y-6.236 E.01333
G1 X8.421 Y-6.208 E.01642
G1 F6900
G1 X8.619 Y-6.16 E.00958
G1 F6060
G1 X8.88 Y-6.059 E.01316
G1 F4920
G1 X9.244 Y-5.826 E.02032
G1 F3780
G1 X9.511 Y-5.549 E.01809
G1 F3060
G1 X9.664 Y-5.316 E.01311
G1 F2400
G1 X9.77 Y-5.086 E.01191
G1 X9.909 Y-4.533 E.02681
G1 F2580
G1 X9.924 Y-4.277 E.01206
M106 S255
G1 F3360
G1 X9.898 Y-3.988 E.01365
G1 F4080
G1 X9.791 Y-3.609 E.01852
G1 F6300
G1 X9.643 Y-3.318 E.01535
G1 F7200
G1 X9.446 Y-3.052 E.01557
G1 X9.123 Y-2.762 E.02041
G1 X8.852 Y-2.599 E.01487
G1 X8.617 Y-2.5 E.01199
G1 X8.287 Y-2.415 E.01602
G1 X7.939 Y-2.386 E.01642
G1 X7.572 Y-2.418 E.01732
G1 X7.215 Y-2.548 E.01787
G1 X6.899 Y-2.731 E.01717
G1 X6.608 Y-2.974 E.01783
G1 X6.407 Y-3.259 E.0164
G1 X6.248 Y-3.591 E.01731
G1 X6.156 Y-3.924 E.01625
G1 X6.121 Y-4.262 E.01598
G1 X6.136 Y-4.488 E.01065
SET_VELOCITY_LIMIT ACCEL=10000
G1 E-1.2 F2100
;WIPE_START
G1 F7200
G1 X6.144 Y-4.597
G1 X6.222 Y-4.919
G1 X6.352 Y-5.219
G1 X6.53 Y-5.492
G1 X6.805 Y-5.774
G1 X7.042 Y-5.942
G1 X7.242 Y-6.04
;WIPE_END
G17
G3 Z1 I.023 J1.217 P1  F30000
G1 X23.144 Y-6.34 Z1
G1 Z.6
G1 E1.2 F2100
SET_VELOCITY_LIMIT ACCEL=5000
;TYPE:Inner wall
G1 F9000
G1 X23.187 Y-6.336 E.00201
G1 X23.467 Y-6.269 E.01353
G1 X23.817 Y-6.133 E.01768
G1 X24.288 Y-5.832 E.02625
G1 X24.639 Y-5.468 E.02379
G1 X24.845 Y-5.153 E.01769
G1 X24.988 Y-4.845 E.016
G1 X25.157 Y-4.169 E.03277
G1 X25.178 Y-3.824 E.01621
G1 X25.143 Y-3.44 E.01816
G1 X25.006 Y-2.955 E.02371
G1 X24.811 Y-2.57 E.02028
G1 X24.549 Y-2.218 E.02061
G1 X24.143 Y-1.852 E.02574
G1 X23.789 Y-1.64 E.01937
G1 X23.477 Y-1.508 E.01595
G1 X23.058 Y-1.401 E.02033
G1 X22.613 Y-1.363 E.021
G1 X22.121 Y-1.406 E.02322
G1 X21.645 Y-1.58 E.02384
G1 X21.242 Y-1.813 E.0219
G1 X20.855 Y-2.137 E.02372
G1 X20.582 Y-2.522 E.02221
G1 X20.381 Y-2.945 E.02201
G1 X20.261 Y-3.373 E.02091
G1 X20.217 Y-3.809 E.0206
G1 X20.246 Y-4.242 E.0204
G1 X20.348 Y-4.659 E.0202
G1 X20.516 Y-5.049 E.02
G1 X20.752 Y-5.411 E.02028
G1 X21.104 Y-5.772 E.02371
G1 X21.422 Y-5.996 E.01832
G1 X21.765 Y-6.165 E.01797
G1 X22.358 Y-6.334 E.02898
G1 X22.743 Y-6.372 E.0182
G1 X23.109 Y-6.343 E.01724
SET_VELOCITY_LIMIT ACCEL=10000
G1 X23.096 Y-5.765 F30000
SET_VELOCITY_LIMIT ACCEL=5000
;TYPE:Outer wall
G1 F6900
G1 X23.294 Y-5.717 E.00958
G1 F6060
G1 X23.555 Y-5.616 E.01316
G1 F4920
G1 X23.919 Y-5.383 E.02032
G1 F3780
G1 X24.186 Y-5.106 E.01809
G1 F3060
G1 X24.339 Y-4.872 E.01315
G1 F2400
G1 X24.445 Y-4.643 E.01187
G1 X24.584 Y-4.09 E.02681
G1 F2580
G1 X24.599 Y-3.833 E.01211
M106 S255
G1 F3360
G1 X24.573 Y-3.545 E.0136
G1 F4080
G1 X24.466 Y-3.166 E.01852
G1 F6300
G1 X24.318 Y-2.875 E.01535
G1 F7200
G1 X24.121 Y-2.609 E.01557
G1 X23.798 Y-2.318 E.02044
G1 X23.527 Y-2.156 E.01485
G1 X23.292 Y-2.057 E.01199
G1 X22.962 Y-1.972 E.01602
G1 X22.614 Y-1.943 E.01642
G1 X22.247 Y-1.974 E.01732
G1 X21.89 Y-2.105 E.01788
G1 X21.574 Y-2.288 E.01717
G1 X21.283 Y-2.531 E.01783
G1 X21.082 Y-2.815 E.01636
G1 X20.923 Y-3.148 E.01735
G1 X20.831 Y-3.48 E.0162
G1 X20.796 Y-3.819 E.01603
G1 X20.819 Y-4.153 E.01574
G1 X20.897 Y-4.475 E.01558
G1 X21.027 Y-4.775 E.01537
G1 X21.205 Y-5.048 E.01533
G1 F6840
G1 X21.48 Y-5.331 E.01856
G1 X21.717 Y-5.498 E.01363
G1 X21.973 Y-5.624 E.01342
G1 F7200
G1 X22.466 Y-5.765 E.02411
G1 X22.748 Y-5.792 E.01332
G1 X23.06 Y-5.767 E.01472
SET_VELOCITY_LIMIT ACCEL=10000
G1 E-1.2 F2100
;WIPE_START
G1 F7200
G1 X23.294 Y-5.717
G1 X23.555 Y-5.616
G1 X23.919 Y-5.383
G1 X24.186 Y-5.106
G1 X24.339 Y-4.872
G1 X24.445 Y-4.643
G1 X24.477 Y-4.515
;WIPE_END
G1 X16.857 Y-4.079 Z1 F30000
G1 X-22.717 Y-1.814 Z1
G1 Z.6
G1 E1.2 F2100
SET_VELOCITY_LIMIT ACCEL=5000
;TYPE:Inner wall
G1 F9000
G1 X-22.678 Y-1.815 E.00185
G1 X-21.819 Y-1.742 E.04054
G1 X-21.054 Y-1.56 E.03699
G1 X-20.326 Y-1.279 E.03668
G1 X-19.72 Y-.947 E.03248
G1 X-19.018 Y-.446 E.04054
G1 X-18.453 Y.101 E.03699
G1 X-18.025 Y.643 E.03248
G1 X-17.575 Y1.378 E.04054
G1 X-17.268 Y2.102 E.03699
G1 X-17.061 Y2.854 E.03668
G1 X-16.958 Y3.627 E.03668
G1 X-16.958 Y4.407 E.03668
G1 X-17.05 Y5.092 E.03248
G1 X-17.265 Y5.927 E.04054
G1 X-17.572 Y6.651 E.03699
G1 X-17.924 Y7.245 E.03248
G1 X-18.448 Y7.93 E.04054
G1 X-19.014 Y8.476 E.03699
G1 X-19.642 Y8.939 E.03668
G1 X-20.326 Y9.314 E.03668
G1 X-21.054 Y9.594 E.03668
G1 X-21.812 Y9.775 E.03668
G1 X-22.588 Y9.853 E.03668
G1 X-23.368 Y9.827 E.03668
G1 X-24.137 Y9.697 E.03668
G1 X-24.882 Y9.466 E.03668
G1 X-25.59 Y9.138 E.03668
G1 X-26.172 Y8.766 E.03248
G1 X-26.838 Y8.22 E.04054
G1 X-27.366 Y7.636 E.03699
G1 X-27.807 Y6.993 E.03668
G1 X-28.159 Y6.297 E.03668
G1 X-28.415 Y5.56 E.03668
G1 X-28.571 Y4.796 E.03668
G1 X-28.623 Y4.017 E.03668
G1 X-28.571 Y3.239 E.03668
G1 X-28.415 Y2.475 E.03668
G1 X-28.159 Y1.738 E.03668
G1 X-27.807 Y1.042 E.03668
G1 X-27.417 Y.472 E.03248
G1 X-26.848 Y-.176 E.04054
G1 X-26.247 Y-.683 E.03699
G1 X-25.665 Y-1.055 E.03248
G1 X-24.888 Y-1.43 E.04054
G1 X-24.137 Y-1.663 E.03699
G1 X-23.368 Y-1.792 E.03668
G1 X-22.753 Y-1.813 E.02894
SET_VELOCITY_LIMIT ACCEL=10000
G1 X-22.698 Y-1.237 F30000
SET_VELOCITY_LIMIT ACCEL=5000
;TYPE:Outer wall
G1 F7200
G1 X-22.693 Y-1.238 E.00024
G1 X-21.911 Y-1.171 E.0369
G1 X-21.225 Y-1.007 E.03316
G1 X-20.569 Y-.755 E.03305
G1 X-20.027 Y-.458 E.02905
G1 X-19.389 Y-.002 E.0369
G1 X-18.882 Y.489 E.03316
G1 X-18.499 Y.973 E.02905
G1 X-18.089 Y1.643 E.0369
G1 X-17.814 Y2.292 E.03316
G1 X-17.628 Y2.97 E.03305
G1 X-17.535 Y3.666 E.03305
G1 X-17.535 Y4.369 E.03305
G1 X-17.617 Y4.981 E.02905
G1 X-17.813 Y5.741 E.0369
G1 X-18.088 Y6.39 E.03316
G1 X-18.403 Y6.922 E.02905
G1 X-18.88 Y7.545 E.0369
G1 X-19.387 Y8.035 E.03316
G1 X-19.953 Y8.452 E.03305
G1 X-20.569 Y8.789 E.03305
G1 X-21.225 Y9.042 E.03305
G1 X-21.909 Y9.205 E.03305
G1 X-22.608 Y9.275 E.03305
G1 X-23.31 Y9.252 E.03305
G1 X-24.003 Y9.135 E.03305
G1 X-24.674 Y8.927 E.03305
G1 X-25.312 Y8.631 E.03305
G1 X-25.832 Y8.298 E.02905
G1 X-26.439 Y7.801 E.0369
G1 X-26.912 Y7.278 E.03315
G1 X-27.31 Y6.698 E.03305
G1 X-27.627 Y6.071 E.03305
G1 X-27.857 Y5.407 E.03305
G1 X-27.997 Y4.719 E.03305
G1 X-28.044 Y4.017 E.03305
G1 X-27.997 Y3.316 E.03305
G1 X-27.857 Y2.628 E.03305
G1 X-27.627 Y1.964 E.03305
G1 X-27.31 Y1.336 E.03305
G1 X-26.96 Y.827 E.02905
G1 X-26.442 Y.237 E.0369
G1 X-25.904 Y-.218 E.03316
G1 X-25.383 Y-.55 E.02905
G1 X-24.676 Y-.891 E.0369
G1 X-24.003 Y-1.1 E.03316
G1 X-23.31 Y-1.217 E.03305
G1 X-22.734 Y-1.236 E.02712
SET_VELOCITY_LIMIT ACCEL=10000
G1 E-1.2 F2100
;WIPE_START
G1 F7200
G1 X-22.693 Y-1.238
G1 X-21.911 Y-1.171
G1 X-21.225 Y-1.007
G1 X-20.787 Y-.838
;WIPE_END
G1 X-13.241 Y-1.983 Z1 F30000
G1 X30.633 Y-8.637 Z1
G1 Z.6
M73 P25 R5
G1 E1.2 F2100
SET_VELOCITY_LIMIT ACCEL=5000
;TYPE:Inner wall
G1 F9000
G1 X30.982 Y-7.995 E.03436
G1 X31.314 Y-7.222 E.03958
G1 X31.573 Y-6.421 E.03958
G1 X31.757 Y-5.6 E.03958
G1 X31.865 Y-4.765 E.03958
G1 X31.895 Y-3.924 E.03958
G1 X31.848 Y-3.083 E.03958
G1 X31.723 Y-2.251 E.03958
G1 X31.522 Y-1.434 E.03958
G1 X31.246 Y-.639 E.03958
G1 X30.898 Y.128 E.03958
G1 X30.481 Y.859 E.03958
G1 X29.998 Y1.548 E.03958
G1 X29.457 Y2.187 E.03936
G1 X28.767 Y2.849 E.04499
G1 X28.2 Y3.31 E.03436
G1 X27.501 Y3.779 E.03958
G1 X26.761 Y4.181 E.03958
G1 X25.988 Y4.513 E.03958
G1 X25.187 Y4.772 E.03958
G1 X24.346 Y4.961 E.04054
G1 X-21.181 Y12.988 E2.1739
G1 X-22.036 Y13.099 E.04054
G1 X-22.877 Y13.129 E.03958
G1 X-23.717 Y13.081 E.03958
G1 X-24.55 Y12.957 E.03958
G1 X-25.367 Y12.755 E.03958
G1 X-26.162 Y12.48 E.03958
G1 X-26.929 Y12.132 E.03958
G1 X-27.66 Y11.715 E.03958
G1 X-28.349 Y11.232 E.03958
G1 X-28.991 Y10.688 E.03958
G1 X-29.58 Y10.087 E.03958
G1 X-30.111 Y9.434 E.03958
G1 X-30.58 Y8.734 E.03958
G1 X-30.982 Y7.995 E.03958
G1 X-31.314 Y7.222 E.03958
G1 X-31.573 Y6.421 E.03958
G1 X-31.757 Y5.6 E.03958
G1 X-31.865 Y4.765 E.03958
G1 X-31.895 Y3.924 E.03958
G1 X-31.848 Y3.084 E.03958
G1 X-31.723 Y2.251 E.03958
G1 X-31.522 Y1.434 E.03958
G1 X-31.246 Y.639 E.03958
G1 X-30.898 Y-.128 E.03958
G1 X-30.481 Y-.859 E.03958
G1 X-29.998 Y-1.548 E.03958
G1 X-29.454 Y-2.19 E.03958
G1 X-28.853 Y-2.779 E.03958
G1 X-28.2 Y-3.31 E.03958
G1 X-27.501 Y-3.779 E.03958
G1 X-26.761 Y-4.181 E.03958
G1 X-25.988 Y-4.513 E.03958
G1 X-25.187 Y-4.772 E.03958
G1 X-24.346 Y-4.961 E.04054
G1 X21.181 Y-12.988 E2.1739
G1 X22.031 Y-13.098 E.04033
G1 X22.988 Y-13.123 E.04499
G1 X23.717 Y-13.081 E.03436
G1 X24.55 Y-12.956 E.03958
G1 X25.367 Y-12.755 E.03958
G1 X26.162 Y-12.48 E.03958
G1 X26.929 Y-12.132 E.03958
G1 X27.66 Y-11.715 E.03958
G1 X28.349 Y-11.232 E.03958
G1 X28.991 Y-10.688 E.03958
G1 X29.58 Y-10.087 E.03958
G1 X30.108 Y-9.437 E.03936
G1 X30.613 Y-8.667 E.04329
SET_VELOCITY_LIMIT ACCEL=10000
G1 X31.122 Y-8.943 F30000
SET_VELOCITY_LIMIT ACCEL=5000
;TYPE:Outer wall
G1 F7200
G1 X31.128 Y-8.933 E.00054
G1 X31.501 Y-8.247 E.03673
G1 X31.854 Y-7.425 E.04209
G1 X32.13 Y-6.573 E.04209
G1 X32.326 Y-5.7 E.04209
G1 X32.441 Y-4.812 E.04209
G1 X32.473 Y-3.918 E.04209
G1 X32.422 Y-3.024 E.04209
G1 X32.289 Y-2.139 E.04209
G1 X32.076 Y-1.27 E.04209
G1 X31.782 Y-.424 E.04209
G1 X31.413 Y.391 E.04209
G1 X30.969 Y1.168 E.04209
G1 X30.456 Y1.901 E.04209
G1 X29.878 Y2.583 E.04201
G1 X29.149 Y3.282 E.0475
G1 X28.543 Y3.775 E.03673
G1 X27.8 Y4.273 E.04209
G1 X27.013 Y4.7 E.04209
G1 X26.191 Y5.053 E.04209
G1 X25.339 Y5.329 E.04209
G1 X24.459 Y5.527 E.04243
G1 X-21.094 Y13.559 E2.17516
G1 X-21.989 Y13.674 E.04242
G1 X-22.883 Y13.707 E.04209
G1 X-23.777 Y13.656 E.04209
G1 X-24.662 Y13.523 E.04209
G1 X-25.531 Y13.309 E.04209
G1 X-26.376 Y13.016 E.04209
G1 X-27.191 Y12.646 E.04209
G1 X-27.969 Y12.203 E.04209
G1 X-28.702 Y11.69 E.04209
G1 X-29.385 Y11.111 E.04209
G1 X-30.011 Y10.471 E.04209
G1 X-30.576 Y9.777 E.04209
G1 X-31.074 Y9.033 E.04209
G1 X-31.501 Y8.247 E.04209
G1 X-31.854 Y7.425 E.04209
G1 X-32.13 Y6.573 E.04209
G1 X-32.326 Y5.7 E.04209
G1 X-32.441 Y4.812 E.04209
G1 X-32.473 Y3.918 E.04209
G1 X-32.422 Y3.024 E.04209
G1 X-32.289 Y2.139 E.04209
G1 X-32.076 Y1.27 E.04209
G1 X-31.782 Y.424 E.04209
G1 X-31.413 Y-.39 E.04209
G1 X-30.969 Y-1.168 E.04209
G1 X-30.456 Y-1.901 E.04209
G1 X-29.877 Y-2.584 E.04209
G1 X-29.238 Y-3.21 E.04209
G1 X-28.543 Y-3.775 E.04209
G1 X-27.8 Y-4.273 E.04209
G1 X-27.013 Y-4.7 E.04209
G1 X-26.191 Y-5.053 E.04209
G1 X-25.339 Y-5.329 E.04209
G1 X-24.459 Y-5.527 E.04242
G1 X21.094 Y-13.559 E2.17516
G1 X21.987 Y-13.674 E.04235
G1 X22.997 Y-13.7 E.0475
G1 X23.777 Y-13.656 E.03673
G1 X24.662 Y-13.523 E.04209
G1 X25.531 Y-13.309 E.04209
G1 X26.376 Y-13.016 E.04209
G1 X27.191 Y-12.646 E.04209
G1 X27.969 Y-12.203 E.04209
G1 X28.702 Y-11.689 E.04209
G1 X29.385 Y-11.111 E.04209
G1 X30.011 Y-10.471 E.04209
G1 X30.575 Y-9.778 E.04201
G1 X31.102 Y-8.973 E.04526
SET_VELOCITY_LIMIT ACCEL=10000
G1 E-1.2 F2100
;WIPE_START
G1 F7200
G1 X31.128 Y-8.933
G1 X31.501 Y-8.247
G1 X31.854 Y-7.425
G1 X31.939 Y-7.162
;WIPE_END
G1 X27.453 Y-11.733 Z1 F30000
G1 Z.6
G1 E1.2 F2100
SET_VELOCITY_LIMIT ACCEL=7000
;TYPE:Internal solid infill
;WIDTH:0.624492
G1 F9000
G1 X29.321 Y-9.856 E.12555
G1 X29.828 Y-9.232 E.03807
G1 X30.335 Y-8.459 E.04382
G1 X30.67 Y-7.844 E.0332
G1 X30.782 Y-7.581 E.01355
G1 X26.348 Y-12.015 E.29717
G1 X26.034 Y-12.158 E.01638
G1 X25.269 Y-12.423 E.03837
G1 X25.069 Y-12.472 E.00976
G1 X31.246 Y-6.295 E.41402
G1 X31.416 Y-5.539 E.03668
G1 X31.451 Y-5.268 E.01298
G1 X24.035 Y-12.684 E.49702
G1 X23.682 Y-12.737 E.01692
G1 X23.128 Y-12.768 E.02628
G1 X31.533 Y-4.363 E.56328
G1 X31.548 Y-3.927 E.02067
G1 X31.527 Y-3.547 E.01807
G1 X22.315 Y-12.759 E.61741
G1 X22.058 Y-12.752 E.01216
G1 X21.563 Y-12.688 E.02367
G1 X31.454 Y-2.797 E.66295
G1 X31.383 Y-2.318 E.02292
G1 X31.329 Y-2.1 E.01067
G1 X20.85 Y-12.578 E.70228
G1 X20.151 Y-12.455 E.03365
G1 X31.16 Y-1.447 E.7378
G1 X30.948 Y-.836 E.03063
G1 X19.452 Y-12.332 E.77047
G1 X18.753 Y-12.208 E.03365
G1 X30.696 Y-.265 E.80046
G1 X30.589 Y-.03 E.01224
G1 X30.415 Y.276 E.0167
G1 X25.362 Y-4.777 E.33866
G1 X25.316 Y-4.96 E.00896
M73 P26 R5
G1 X25.148 Y-5.322 E.01888
G1 X24.91 Y-5.685 E.02057
G1 X24.509 Y-6.102 E.02744
G1 X23.975 Y-6.444 E.03005
G1 X23.529 Y-6.61 E.02254
G1 X18.054 Y-12.085 E.36696
G1 X17.354 Y-11.962 E.03365
G1 X22.61 Y-6.707 E.35222
G1 X22.293 Y-6.675 E.01509
G1 X21.924 Y-6.57 E.01819
G1 X16.655 Y-11.839 E.35311
G1 X15.956 Y-11.715 E.03365
G1 X21.333 Y-6.338 E.36038
G1 X21.245 Y-6.295 E.00464
G1 X20.846 Y-6.003 E.02345
G1 X15.257 Y-11.592 E.37456
G1 X14.558 Y-11.469 E.03365
G1 X20.448 Y-5.578 E.39478
G1 X20.21 Y-5.214 E.02062
G1 X20.144 Y-5.06 E.00794
G1 X13.858 Y-11.345 E.42125
G1 X13.159 Y-11.222 E.03365
G1 X19.939 Y-4.443 E.45438
G1 X19.903 Y-4.295 E.00722
G1 X19.87 Y-3.803 E.02335
G1 X19.882 Y-3.677 E.00602
G1 X12.236 Y-11.323 E.51248
SET_VELOCITY_LIMIT ACCEL=10000
G1 E-1.2 F2100
;WIPE_START
G1 F9000
G1 X13.65 Y-9.909
;WIPE_END
G1 X20.467 Y-6.475 Z1 F30000
G1 X25.25 Y-4.066 Z1
G1 Z.6
G1 E1.2 F2100
SET_VELOCITY_LIMIT ACCEL=7000
G1 F9000
G1 X30.106 Y.79 E.32547
G1 X29.768 Y1.274 E.02799
G1 X25.404 Y-3.09 E.29246
G1 X25.33 Y-2.828 E.01289
G1 X25.166 Y-2.505 E.01716
G1 X29.395 Y1.724 E.28343
G1 X29.204 Y1.949 E.01399
G1 X28.997 Y2.148 E.01362
G1 X24.832 Y-2.017 E.27917
G1 X24.404 Y-1.622 E.02758
G1 X28.577 Y2.551 E.27968
G1 X28.537 Y2.589 E.00263
G1 X28.127 Y2.923 E.02506
G1 X23.895 Y-1.309 E.28364
G1 X23.588 Y-1.18 E.01578
G1 X23.281 Y-1.1 E.01503
G1 X27.646 Y3.264 E.29254
G1 X27.321 Y3.482 E.01853
G1 X27.14 Y3.581 E.00979
G1 X22.251 Y-1.308 E.32764
SET_VELOCITY_LIMIT ACCEL=10000
G1 X26.798 Y4.062 F30000
SET_VELOCITY_LIMIT ACCEL=7000
G1 F9000
G1 X11.761 Y-10.976 E1.00782
G1 X11.062 Y-10.852 E.03365
G1 X26.031 Y4.117 E1.00327
G1 X25.423 Y4.332 E.03056
G1 X10.363 Y-10.729 E1.00937
G1 X9.663 Y-10.606 E.03365
G1 X24.778 Y4.509 E1.01299
G1 X24.099 Y4.653 E.03288
G1 X8.964 Y-10.483 E1.01436
G1 X8.265 Y-10.359 E.03365
G1 X23.4 Y4.776 E1.01436
G1 X22.701 Y4.899 E.03365
G1 X7.566 Y-10.236 E1.01436
G1 X6.867 Y-10.113 E.03365
G1 X22.002 Y5.022 E1.01436
G1 X21.303 Y5.146 E.03365
G1 X6.167 Y-9.989 E1.01436
G1 X5.468 Y-9.866 E.03365
G1 X8.181 Y-7.153 E.18181
G1 X8.065 Y-7.163 E.00552
G1 X7.618 Y-7.119 E.02128
G1 X7.443 Y-7.069 E.00861
G1 X4.769 Y-9.743 E.17922
G1 X4.07 Y-9.62 E.03365
G1 X6.826 Y-6.864 E.18469
G1 X6.57 Y-6.738 E.01348
G1 X6.311 Y-6.556 E.01502
G1 X3.371 Y-9.496 E.19706
G1 X2.672 Y-9.373 E.03365
G1 X5.888 Y-6.156 E.21558
G1 X5.805 Y-6.071 E.00562
G1 X5.547 Y-5.675 E.02242
G1 X1.972 Y-9.25 E.23957
G1 X1.273 Y-9.126 E.03365
G1 X5.313 Y-5.087 E.27073
G1 X5.228 Y-4.738 E.01702
G1 X5.203 Y-4.374 E.01729
G1 X.35 Y-9.227 E.32528
SET_VELOCITY_LIMIT ACCEL=10000
G1 E-1.2 F2100
;WIPE_START
G1 F9000
G1 X1.764 Y-7.813
;WIPE_END
G1 X8.985 Y-5.34 Z1 F30000
G1 X10.521 Y-4.813 Z1
G1 Z.6
G1 E1.2 F2100
SET_VELOCITY_LIMIT ACCEL=7000
G1 F9000
M73 P27 R5
G1 X20.603 Y5.269 E.67572
G1 X19.904 Y5.392 E.03365
G1 X10.784 Y-3.728 E.61124
G1 X10.655 Y-3.271 E.02248
G1 X10.575 Y-3.114 E.00836
G1 X19.205 Y5.516 E.57837
G1 X18.506 Y5.639 E.03365
G1 X10.263 Y-2.604 E.55243
G1 X10.132 Y-2.427 E.01043
G1 X9.861 Y-2.184 E.01726
G1 X17.807 Y5.762 E.53253
G1 X17.107 Y5.885 E.03365
G1 X9.382 Y-1.84 E.51778
G1 X9.271 Y-1.774 E.00609
G1 X8.913 Y-1.623 E.01844
G1 X8.805 Y-1.595 E.00531
G1 X16.408 Y6.009 E.5096
G1 X15.709 Y6.132 E.03365
G1 X7.85 Y-1.728 E.52675
SET_VELOCITY_LIMIT ACCEL=10000
G1 X15.234 Y6.479 F30000
SET_VELOCITY_LIMIT ACCEL=7000
G1 F9000
G1 X7.175 Y-1.58 E.54014
G1 X6.823 Y-1.708 E.01774
G1 X6.368 Y-1.971 E.02492
G1 X5.923 Y-2.343 E.02747
G1 X5.608 Y-2.79 E.02591
G1 X5.38 Y-3.266 E.02501
G1 X5.338 Y-3.416 E.0074
G1 X-.125 Y-8.88 E.36617
G1 X-.824 Y-8.757 E.03365
G1 X14.311 Y6.379 E1.01436
G1 X13.612 Y6.502 E.03365
G1 X-1.524 Y-8.633 E1.01436
G1 X-2.223 Y-8.51 E.03365
G1 X12.912 Y6.625 E1.01436
G1 X12.213 Y6.748 E.03365
G1 X-2.922 Y-8.387 E1.01436
G1 X-3.621 Y-8.263 E.03365
G1 X11.514 Y6.872 E1.01436
G1 X10.815 Y6.995 E.03365
G1 X-4.32 Y-8.14 E1.01436
G1 X-5.019 Y-8.017 E.03365
G1 X10.116 Y7.118 E1.01436
G1 X9.416 Y7.242 E.03365
G1 X-5.719 Y-7.894 E1.01436
G1 X-6.134 Y-7.82 E.01998
G1 X-6.117 Y-7.47 E.01664
G1 X8.717 Y7.365 E.99421
G1 X8.018 Y7.488 E.03365
G1 X-4.187 Y-4.717 E.81799
G1 X-4.15 Y-4.262 E.02162
G1 X-4.184 Y-3.891 E.01767
G1 X7.319 Y7.611 E.7709
G1 X6.62 Y7.735 E.03365
G1 X-4.359 Y-3.244 E.7358
G1 X-4.569 Y-2.83 E.02197
G1 X-4.654 Y-2.716 E.00675
G1 X5.921 Y7.858 E.70868
G1 X5.221 Y7.981 E.03365
G1 X-5.036 Y-2.276 E.68746
G1 X-5.326 Y-2.016 E.01846
G1 X-5.496 Y-1.914 E.00941
G1 X4.522 Y8.105 E.67142
G1 X3.823 Y8.228 E.03365
G1 X-4.318 Y.087 E.54562
G1 X-4.353 Y.122 E.00233
G1 X-4.187 Y.481 E.01874
G1 X-4.001 Y1.226 E.03643
G1 X3.124 Y8.351 E.47751
G1 X2.425 Y8.474 E.03365
G1 X-4.015 Y2.035 E.43157
G1 X-4.202 Y2.67 E.03139
G1 X1.725 Y8.598 E.39725
G1 X1.026 Y8.721 E.03365
G1 X-4.5 Y3.194 E.3704
G1 X-4.696 Y3.457 E.01551
M73 P28 R5
G1 X-4.888 Y3.63 E.01223
G1 X.327 Y8.844 E.34949
G1 X-.372 Y8.968 E.03365
G1 X-5.352 Y3.988 E.33376
G1 X-5.556 Y4.11 E.01127
G1 X-5.905 Y4.257 E.01795
G1 X-1.071 Y9.091 E.32395
G1 X-1.77 Y9.214 E.03365
G1 X-6.826 Y4.159 E.3388
SET_VELOCITY_LIMIT ACCEL=10000
G1 E-1.2 F2100
;WIPE_START
G1 F9000
G1 X-5.411 Y5.573
;WIPE_END
G1 X-9.05 Y-1.136 Z1 F30000
G1 X-12.235 Y-7.008 Z1
G1 Z.6
G1 E1.2 F2100
SET_VELOCITY_LIMIT ACCEL=7000
G1 F9000
G1 X-9.784 Y-4.557 E.16428
G1 X-9.805 Y-4.246 E.01476
G1 X-9.737 Y-3.687 E.02669
G1 X-12.71 Y-6.661 E.19928
G1 X-13.41 Y-6.537 E.03365
G1 X-7.901 Y-1.029 E.36917
G1 X-8.257 Y-.854 E.01879
G1 X-8.428 Y-.734 E.00992
G1 X-14.109 Y-6.414 E.38071
G1 X-14.808 Y-6.291 E.03365
G1 X-8.865 Y-.348 E.39828
G1 X-9.022 Y-.187 E.01065
G1 X-9.221 Y.118 E.01729
G1 X-15.507 Y-6.168 E.42128
G1 X-16.206 Y-6.044 E.03365
G1 X-9.486 Y.677 E.45043
G1 X-9.599 Y1.146 E.02291
G1 X-9.615 Y1.37 E.01062
G1 X-16.906 Y-5.921 E.48864
G1 X-17.605 Y-5.798 E.03365
M73 P28 R4
G1 X-9.547 Y2.26 E.54004
G1 X-9.447 Y2.618 E.01762
G1 X-9.22 Y3.094 E.02501
G1 X-8.904 Y3.541 E.02591
G1 X-8.46 Y3.913 E.02747
G1 X-8.004 Y4.176 E.02492
G1 X-7.429 Y4.378 E.02892
G1 X-2.47 Y9.337 E.33236
G1 X-3.169 Y9.461 E.03365
G1 X-18.304 Y-5.674 E1.01436
G1 X-19.003 Y-5.551 E.03365
G1 X-3.868 Y9.584 E1.01436
G1 X-4.567 Y9.707 E.03365
G1 X-19.702 Y-5.428 E1.01436
G1 X-20.402 Y-5.305 E.03365
G1 X-5.266 Y9.831 E1.01436
G1 X-5.966 Y9.954 E.03365
G1 X-21.101 Y-5.181 E1.01436
G1 X-21.8 Y-5.058 E.03365
G1 X-6.665 Y10.077 E1.01436
G1 X-7.364 Y10.2 E.03365
G1 X-22.499 Y-4.935 E1.01436
G1 X-23.198 Y-4.811 E.03365
G1 X-8.063 Y10.324 E1.01436
G1 X-8.762 Y10.447 E.03365
G1 X-16.834 Y2.376 E.54094
G1 X-16.721 Y2.785 E.02012
G1 X-16.64 Y3.392 E.02901
G1 X-9.461 Y10.57 E.4811
G1 X-10.161 Y10.694 E.03365
G1 X-16.611 Y4.243 E.43232
G1 X-16.611 Y4.431 E.00889
G1 X-16.687 Y4.99 E.02676
G1 X-10.86 Y10.817 E.39051
G1 X-11.559 Y10.94 E.03365
G1 X-16.839 Y5.66 E.35385
G1 X-16.936 Y6.038 E.01848
G1 X-17.04 Y6.282 E.01256
G1 X-12.258 Y11.063 E.32045
G1 X-12.957 Y11.187 E.03365
G1 X-17.29 Y6.854 E.29037
G1 X-17.596 Y7.371 E.02845
G1 X-13.657 Y11.31 E.26402
G1 X-14.356 Y11.433 E.03365
G1 X-17.946 Y7.843 E.24061
G1 X-18.189 Y8.161 E.01895
G1 X-18.322 Y8.289 E.00878
G1 X-15.055 Y11.557 E.21897
G1 X-15.754 Y11.68 E.03365
G1 X-18.924 Y8.51 E.21244
SET_VELOCITY_LIMIT ACCEL=10000
G1 X-19.126 Y10.689 F30000
SET_VELOCITY_LIMIT ACCEL=7000
;WIDTH:0.823484
G1 F9000
G1 X-19.223 Y10.689 E.00621
G1 X-19.272 Y10.773 E.00621
G1 X-19.223 Y10.858 E.00621
G1 X-19.126 Y10.858 E.00621
G1 X-19.095 Y10.804 E.00392
SET_VELOCITY_LIMIT ACCEL=10000
G1 X-17.772 Y11.215 F30000
SET_VELOCITY_LIMIT ACCEL=7000
;WIDTH:0.619999
G1 F9000
G1 X-19.055 Y9.933 E.08531
G1 X-19.893 Y10.384 E.04475
G1 X-20.734 Y10.702 E.04229
G1 X-19.854 Y11.582 E.05853
G1 X-17.808 Y11.222 E.09769
SET_VELOCITY_LIMIT ACCEL=10000
G1 X-16.581 Y11.591 F30000
SET_VELOCITY_LIMIT ACCEL=7000
G1 F9000
G1 X-18.993 Y9.178 E.16046
G1 X-19.347 Y9.436 E.02059
M73 P29 R4
G1 X-20.065 Y9.829 E.0385
G1 X-20.864 Y10.14 E.04031
G1 X-21.697 Y10.341 E.0403
G1 X-21.889 Y10.363 E.00909
G1 X-20.049 Y12.203 E.12236
G1 X-16.616 Y11.597 E.16395
SET_VELOCITY_LIMIT ACCEL=10000
G1 E-1.2 F2100
;WIPE_START
G1 F9000
G1 X-18.586 Y11.945
;WIPE_END
G1 X-24.68 Y7.35 Z1 F30000
G1 X-28.689 Y4.329 Z1
G1 Z.6
G1 E1.2 F2100
SET_VELOCITY_LIMIT ACCEL=7000
;WIDTH:0.663281
G1 F9000
G1 X-31.248 Y1.77 E.18296
G1 X-31.383 Y2.318 E.02856
G1 X-31.407 Y2.487 E.00863
G1 X-28.547 Y5.348 E.20453
SET_VELOCITY_LIMIT ACCEL=10000
G1 E-1.2 F2100
;WIPE_START
G1 F9000
G1 X-29.961 Y3.934
;WIPE_END
G1 X-24.209 Y8.951 Z1 F30000
G1 X-23.095 Y9.923 Z1
G1 Z.6
G1 E1.2 F2100
SET_VELOCITY_LIMIT ACCEL=7000
G1 F9000
G1 X-20.501 Y12.517 E.18544
G1 X-21.249 Y12.646 E.03839
G1 X-24.104 Y9.791 E.20409
SET_VELOCITY_LIMIT ACCEL=10000
G1 X-21.797 Y12.975 F30000
SET_VELOCITY_LIMIT ACCEL=7000
G1 F9000
G1 X-24.971 Y9.801 E.22687
G1 X-25.756 Y9.442 E.04367
G1 X-26.376 Y9.047 E.03713
G1 X-27.078 Y8.471 E.04592
G1 X-27.638 Y7.851 E.04224
G1 X-28.106 Y7.17 E.04177
G1 X-28.479 Y6.432 E.04177
G1 X-28.553 Y6.219 E.0114
G1 X-31.495 Y3.277 E.21032
G1 X-31.52 Y3.766 E.02476
G1 X-31.503 Y4.147 E.01925
G1 X-22.867 Y12.782 E.61734
G1 X-23.809 Y12.717 E.04773
G1 X-31.401 Y5.126 E.54273
G1 X-31.318 Y5.666 E.02761
G1 X-31.375 Y5.723 E.00406
G1 X-31.286 Y6.118 E.02049
G1 X-24.887 Y12.517 E.45746
G1 X-25.269 Y12.423 E.01987
G1 X-26.034 Y12.158 E.04093
G1 X-26.198 Y12.083 E.00912
G1 X-30.844 Y7.437 E.33216
G1 X-30.67 Y7.844 E.02237
G1 X-30.283 Y8.555 E.04093
G1 X-29.832 Y9.228 E.04093
G1 X-29.403 Y9.756 E.03444
G1 X-27.389 Y11.77 E.14395
SET_VELOCITY_LIMIT ACCEL=10000
G1 E-1.2 F2100
;WIPE_START
G1 F9000
G1 X-28.803 Y10.355
;WIPE_END
G1 X-24.952 Y3.766 Z1 F30000
G1 X-21.439 Y-2.245 Z1
G1 Z.6
G1 E1.2 F2100
SET_VELOCITY_LIMIT ACCEL=7000
;WIDTH:0.619999
G1 F9000
G1 X-23.686 Y-4.491 E.1494
G1 X-24.232 Y-4.395 E.02611
G1 X-25.035 Y-4.215 E.03866
G1 X-25.785 Y-3.972 E.03707
G1 X-26.509 Y-3.661 E.03707
G1 X-27.202 Y-3.284 E.03707
G1 X-27.856 Y-2.846 E.03707
G1 X-28.468 Y-2.348 E.03707
G1 X-29.031 Y-1.797 E.03707
G1 X-29.541 Y-1.195 E.03707
G1 X-29.993 Y-.55 E.03707
G1 X-30.384 Y.135 E.03707
G1 X-30.709 Y.853 E.03707
G1 X-30.887 Y1.365 E.0255
G1 X-29.135 Y3.118 E.11654
G1 X-28.977 Y2.341 E.03727
G1 X-28.698 Y1.53 E.04031
G1 X-28.314 Y.764 E.0403
G1 X-27.883 Y.131 E.03601
G1 X-27.449 Y-.366 E.03105
G1 X-27.072 Y-.742 E.02501
G1 X-26.605 Y-1.137 E.02876
G1 X-26.078 Y-1.476 E.0295
G1 X-25.12 Y-1.959 E.05043
G1 X-24.439 Y-2.173 E.03356
G1 X-23.407 Y-2.368 E.04941
G1 X-22.68 Y-2.393 E.0342
G1 X-21.748 Y-2.315 E.04396
G1 X-21.474 Y-2.253 E.01321
SET_VELOCITY_LIMIT ACCEL=10000
G1 X-23.205 Y-3.053 F30000
SET_VELOCITY_LIMIT ACCEL=7000
;WIDTH:0.815527
G1 F9000
G1 X-23.915 Y-3.763 E.06323
G1 X-24.512 Y-3.643 E.03831
G1 X-25.512 Y-3.352 E.06561
G1 X-26.196 Y-3.057 E.04688
G1 X-26.715 Y-2.782 E.03697
G1 X-27.357 Y-2.37 E.04802
G1 X-28.003 Y-1.855 E.05205
G1 X-28.522 Y-1.347 E.04568
G1 X-28.953 Y-.845 E.04168
G1 X-29.412 Y-.202 E.0497
G1 X-29.771 Y.428 E.04568
G1 X-30.114 Y1.188 E.05249
G1 X-29.503 Y1.799 E.05445
G1 X-29.333 Y1.31 E.03261
G1 X-29.088 Y.795 E.03589
G1 X-28.849 Y.35 E.03179
G1 X-28.438 Y-.25 E.04579
G1 X-27.958 Y-.813 E.04661
G1 X-27.509 Y-1.258 E.0398
G1 X-27.04 Y-1.651 E.03851
G1 X-26.442 Y-2.046 E.04515
G1 X-25.873 Y-2.348 E.04052
G1 X-25.412 Y-2.564 E.03207
G1 X-24.639 Y-2.819 E.0512
G1 X-23.981 Y-2.961 E.04239
G1 X-23.429 Y-3.045 E.03516
G1 X-23.241 Y-3.052 E.01186
SET_VELOCITY_LIMIT ACCEL=10000
G1 X-9.184 Y-6.504 F30000
SET_VELOCITY_LIMIT ACCEL=7000
;WIDTH:0.747759
G1 F9000
G1 X-9.305 Y-6.642 E.0105
G1 X-9.254 Y-6.971 E.01914
G1 X-10.372 Y-6.774 E.0652
G1 X-9.595 Y-5.997 E.0631
G1 X-9.389 Y-6.294 E.02076
G1 X-9.209 Y-6.479 E.01479
SET_VELOCITY_LIMIT ACCEL=10000
G1 X-8.293 Y-6.767 F30000
;TYPE:Gap infill
;WIDTH:0.656249
G1 F9000
G1 X-8.202 Y-6.981 E.01159
;WIDTH:0.680319
G1 X-8.112 Y-7.194 E.01204
;WIDTH:0.686645
G1 X-7.778 Y-7.271 E.01797
;WIDTH:0.651764
G1 X-7.452 Y-7.346 E.01659
;WIDTH:0.648767
G1 X-6.965 Y-7.415 E.02429
;WIDTH:0.688964
G1 X-6.462 Y-7.442 E.02651
G1 E-1.2 F2100
;WIPE_START
G1 F9000
G1 X-6.965 Y-7.415
;WIPE_END
G1 X-6.128 Y-1.639 Z1 F30000
G1 Z.6
G1 E1.2 F2100
;WIDTH:0.137106
G1 F9000
G1 X-6.267 Y-1.581 E.00115
;WIDTH:0.176676
G1 X-6.406 Y-1.523 E.00164
;WIDTH:0.21856
G1 X-6.56 Y-1.459 E.00239
;WIDTH:0.257168
G1 X-6.623 Y-1.439 E.00115
;WIDTH:0.296529
G1 X-6.672 Y-1.41 E.00119
;WIDTH:0.345511
G1 X-6.722 Y-1.381 E.00142
;WIDTH:0.364977
G1 X-6.919 Y-1.367 E.00517
;WIDTH:0.344482
G1 X-6.952 Y-1.386 E.00094
;WIDTH:0.302219
G1 X-6.986 Y-1.404 E.00081
;WIDTH:0.259956
G1 X-7.02 Y-1.422 E.00068
;WIDTH:0.21087
G1 X-7.069 Y-1.443 E.00073
;WIDTH:0.172613
G1 X-7.223 Y-1.478 E.00167
;WIDTH:0.154182
G1 X-7.378 Y-1.512 E.00144
G1 X-6.722 Y-1.381 F30000
;WIDTH:0.34641
G1 F9000
G1 X-6.689 Y-1.355 E.00105
;WIDTH:0.299227
G1 X-6.655 Y-1.329 E.00089
;WIDTH:0.252044
G1 X-6.622 Y-1.302 E.00072
;WIDTH:0.204862
G1 X-6.588 Y-1.276 E.00056
;WIDTH:0.165281
G1 X-6.462 Y-1.247 E.0013
;WIDTH:0.149295
G1 X-6.335 Y-1.218 E.00113
G1 X-5.631 Y-1.217 F30000
SET_VELOCITY_LIMIT ACCEL=7000
;TYPE:Internal solid infill
;WIDTH:0.55292
G1 F9000
G1 X-4.969 Y-.712 E.03457
G1 X-4.526 Y-.258 E.02634
;LAYER_CHANGE
;Z:0.8
;HEIGHT:0.2
;BEFORE_LAYER_CHANGE
;0.8
G1 E-1.2 F2100
;WIPE_START
G1 F9000
G1 X-4.969 Y-.712
G1 X-5.631 Y-1.217
;WIPE_END
;AFTER_LAYER_CHANGE
;0.8
;_SET_FAN_SPEED_CHANGING_LAYER
SET_VELOCITY_LIMIT ACCEL=10000
G17
G3 Z1.2 I-1.202 J-.189 P1  F30000
G1 X-5.676 Y-.926 Z1.2
G1 Z.8
G1 E1.2 F2100
SET_VELOCITY_LIMIT ACCEL=5000
;TYPE:Inner wall
;WIDTH:0.62
G1 F9000
G1 X-5.541 Y-.86 E.00709
G1 X-5.19 Y-.606 E.02036
G1 X-4.89 Y-.3 E.02016
G1 X-4.641 Y.059 E.02056
G1 X-4.431 Y.548 E.02499
G1 X-4.348 Y.928 E.01832
G1 X-4.325 Y1.251 E.01524
G1 X-4.356 Y1.655 E.01902
G1 X-4.523 Y2.276 E.03026
G1 X-4.697 Y2.63 E.01854
G1 X-4.973 Y3.004 E.02185
G1 X-5.274 Y3.282 E.01931
G1 X-5.624 Y3.509 E.01958
G1 X-6.1 Y3.696 E.02408
G1 X-6.47 Y3.764 E.01769
G1 X-6.786 Y3.777 E.01488
G1 X-7.184 Y3.733 E.0188
G1 X-7.8 Y3.546 E.03028
G1 X-8.154 Y3.358 E.01883
G1 X-8.528 Y3.063 E.02242
G1 X-8.807 Y2.741 E.02
G1 X-9.033 Y2.367 E.02056
G1 X-9.221 Y1.836 E.0265
G1 X-9.279 Y1.432 E.0192
G1 X-9.281 Y1.116 E.01486
G1 X-9.223 Y.693 E.02007
G1 X-9.09 Y.27 E.02084
G1 X-8.882 Y-.136 E.02146
G1 X-8.576 Y-.527 E.02333
G1 X-8.183 Y-.833 E.02344
G1 X-7.766 Y-1.055 E.02224
G1 X-7.286 Y-1.203 E.02361
G1 X-6.799 Y-1.229 E.02291
G1 X-6.357 Y-1.177 E.02096
G1 X-5.933 Y-1.052 E.02076
G1 X-5.708 Y-.942 E.01177
SET_VELOCITY_LIMIT ACCEL=10000
G1 X-5.93 Y-.408 F30000
SET_VELOCITY_LIMIT ACCEL=5000
;TYPE:Outer wall
G1 F7200
G1 X-5.839 Y-.363 E.00477
G1 X-5.568 Y-.167 E.01573
G1 X-5.336 Y.069 E.01556
G1 X-5.148 Y.34 E.01551
G1 X-4.983 Y.725 E.0197
G1 X-4.921 Y1.011 E.01376
G1 X-4.903 Y1.25 E.01127
G1 X-4.927 Y1.557 E.01448
G1 X-5.066 Y2.072 E.02508
G1 X-5.192 Y2.329 E.01346
G1 X-5.404 Y2.617 E.01682
G1 F6420
G1 X-5.63 Y2.825 E.01444
G1 F5580
G1 X-5.889 Y2.993 E.01452
G1 F4380
G1 X-6.259 Y3.138 E.01869
G1 F3600
G1 X-6.534 Y3.189 E.01315
G1 F3000
G1 X-6.766 Y3.198 E.01092
G1 F2340
G1 X-7.067 Y3.165 E.01424
G1 X-7.579 Y3.01 E.02516
G1 F2700
G1 X-7.837 Y2.873 E.01374
M106 S255
G1 F3540
G1 X-8.128 Y2.643 E.01744
G1 F4920
G1 X-8.338 Y2.4 E.0151
G1 F6660
G1 X-8.509 Y2.119 E.01547
G1 F7200
G1 X-8.658 Y1.697 E.02105
G1 X-8.702 Y1.389 E.01463
G1 X-8.704 Y1.153 E.0111
G1 X-8.658 Y.82 E.01581
G1 X-8.554 Y.49 E.01627
G1 X-8.393 Y.177 E.01655
G1 X-8.165 Y-.115 E.01742
G1 X-7.868 Y-.347 E.01772
G1 X-7.543 Y-.52 E.01731
G1 X-7.184 Y-.631 E.01767
G1 X-6.818 Y-.65 E.01723
G1 X-6.473 Y-.609 E.01634
G1 X-6.143 Y-.512 E.01617
G1 X-5.963 Y-.424 E.00942
SET_VELOCITY_LIMIT ACCEL=10000
G1 E-1.2 F2100
;WIPE_START
G1 F7200
G1 X-5.839 Y-.363
G1 X-5.568 Y-.167
G1 X-5.336 Y.069
G1 X-5.148 Y.34
G1 X-4.983 Y.725
G1 X-4.921 Y1.011
G1 X-4.909 Y1.166
;WIPE_END
G1 X-8.504 Y-2.667 Z1.2 F30000
G1 Z.8
G1 E1.2 F2100
SET_VELOCITY_LIMIT ACCEL=5000
;TYPE:Inner wall
G1 F9000
G1 X-8.7 Y-2.822 E.01175
G1 X-8.979 Y-3.143 E.02
G1 X-9.205 Y-3.517 E.02056
G1 X-9.393 Y-4.048 E.0265
G1 X-9.451 Y-4.452 E.0192
G1 X-9.453 Y-4.768 E.01486
G1 X-9.396 Y-5.191 E.02007
G1 X-9.263 Y-5.614 E.02084
G1 X-9.054 Y-6.02 E.02146
G1 X-8.749 Y-6.411 E.02333
G1 X-8.356 Y-6.717 E.02344
G1 X-7.938 Y-6.939 E.02224
G1 X-7.459 Y-7.088 E.02361
G1 X-6.972 Y-7.113 E.02291
G1 X-6.529 Y-7.061 E.02096
G1 X-6.106 Y-6.936 E.02076
G1 X-5.713 Y-6.744 E.02056
G1 X-5.362 Y-6.49 E.02036
G1 X-5.062 Y-6.184 E.02016
G1 X-4.813 Y-5.825 E.02056
G1 X-4.603 Y-5.337 E.02499
G1 X-4.521 Y-4.956 E.01832
G1 X-4.497 Y-4.633 E.01524
G1 X-4.528 Y-4.23 E.01902
G1 X-4.695 Y-3.608 E.03026
G1 X-4.869 Y-3.254 E.01854
G1 X-5.145 Y-2.881 E.02185
G1 X-5.447 Y-2.602 E.01932
G1 X-5.796 Y-2.375 E.01958
G1 X-6.273 Y-2.188 E.02408
G1 X-6.643 Y-2.12 E.01769
G1 X-6.959 Y-2.108 E.01488
G1 X-7.356 Y-2.151 E.0188
G1 X-7.973 Y-2.338 E.03028
G1 X-8.326 Y-2.526 E.01883
G1 X-8.476 Y-2.644 E.00898
SET_VELOCITY_LIMIT ACCEL=10000
G1 X-8.147 Y-3.12 F30000
SET_VELOCITY_LIMIT ACCEL=5000
;TYPE:Outer wall
G1 F3660
G1 X-8.3 Y-3.241 E.00917
G1 F4920
G1 X-8.511 Y-3.484 E.01513
G1 F6660
G1 X-8.681 Y-3.765 E.01544
G1 F7200
G1 X-8.83 Y-4.187 E.02105
G1 X-8.875 Y-4.496 E.01468
G1 X-8.876 Y-4.731 E.01105
G1 X-8.831 Y-5.065 E.01585
G1 X-8.727 Y-5.394 E.01623
G1 X-8.566 Y-5.708 E.01659
G1 X-8.338 Y-5.999 E.01738
G1 X-8.04 Y-6.231 E.01776
G1 X-7.715 Y-6.404 E.01731
M73 P30 R4
G1 X-7.357 Y-6.515 E.01763
G1 X-6.991 Y-6.534 E.01723
G1 X-6.645 Y-6.494 E.01638
G1 X-6.316 Y-6.397 E.01613
G1 X-6.011 Y-6.247 E.01598
G1 X-5.74 Y-6.051 E.01573
G1 X-5.509 Y-5.815 E.01553
G1 X-5.321 Y-5.544 E.01551
G1 X-5.155 Y-5.16 E.01967
G1 X-5.093 Y-4.873 E.01381
G1 X-5.076 Y-4.634 E.01127
G1 X-5.1 Y-4.328 E.01443
G1 X-5.238 Y-3.812 E.02512
G1 X-5.364 Y-3.555 E.01346
G1 X-5.577 Y-3.267 E.01684
G1 F6420
G1 X-5.802 Y-3.059 E.01441
G1 F5580
G1 X-6.061 Y-2.891 E.01452
G1 F4380
G1 X-6.432 Y-2.746 E.01873
G1 F3600
G1 X-6.707 Y-2.695 E.01315
G1 F3000
G1 X-6.939 Y-2.686 E.01092
G1 F2340
G1 X-7.24 Y-2.719 E.01424
G1 X-7.751 Y-2.874 E.02511
G1 F2700
G1 X-8.009 Y-3.011 E.01374
G1 F3540
G1 X-8.118 Y-3.097 E.00653
SET_VELOCITY_LIMIT ACCEL=10000
G1 E-1.2 F2100
;WIPE_START
G1 F3540
G1 X-8.3 Y-3.241
G1 X-8.511 Y-3.484
G1 X-8.681 Y-3.765
G1 X-8.83 Y-4.187
G1 X-8.875 Y-4.496
G1 X-8.876 Y-4.731
G1 X-8.859 Y-4.853
;WIPE_END
G17
G3 Z1.2 I-.021 J1.217 P1  F30000
G1 X5.548 Y-4.609 Z1.2
G1 Z.8
G1 E1.2 F2100
SET_VELOCITY_LIMIT ACCEL=5000
;TYPE:Inner wall
G1 F9000
M106 S255
G1 X5.547 Y-4.768 E.00748
G1 X5.604 Y-5.191 E.02007
G1 X5.737 Y-5.614 E.02084
G1 X5.946 Y-6.02 E.02146
G1 X6.251 Y-6.411 E.02333
G1 X6.644 Y-6.717 E.02344
G1 X7.062 Y-6.939 E.02224
G1 X7.541 Y-7.088 E.02361
G1 X8.028 Y-7.113 E.02291
G1 X8.471 Y-7.061 E.02096
G1 X8.894 Y-6.936 E.02076
G1 X9.287 Y-6.744 E.02056
G1 X9.638 Y-6.49 E.02036
G1 X9.938 Y-6.184 E.02016
G1 X10.187 Y-5.825 E.02056
G1 X10.397 Y-5.337 E.02499
G1 X10.479 Y-4.956 E.01832
G1 X10.503 Y-4.633 E.01524
G1 X10.472 Y-4.23 E.01902
G1 X10.305 Y-3.608 E.03026
G1 X10.131 Y-3.254 E.01854
G1 X9.855 Y-2.881 E.02185
G1 X9.553 Y-2.602 E.01931
G1 X9.204 Y-2.375 E.01958
G1 X8.727 Y-2.188 E.02408
G1 X8.357 Y-2.12 E.01769
G1 X8.041 Y-2.108 E.01488
G1 X7.644 Y-2.151 E.0188
G1 X7.027 Y-2.338 E.03028
G1 X6.674 Y-2.526 E.01883
G1 X6.3 Y-2.822 E.02242
G1 X6.021 Y-3.143 E.02
G1 X5.795 Y-3.517 E.02056
G1 X5.607 Y-4.048 E.0265
G1 X5.549 Y-4.452 E.0192
G1 X5.548 Y-4.573 E.00569
SET_VELOCITY_LIMIT ACCEL=10000
G1 X6.125 Y-4.613 F30000
SET_VELOCITY_LIMIT ACCEL=5000
;TYPE:Outer wall
G1 F7200
G1 X6.124 Y-4.731 E.00555
G1 X6.169 Y-5.065 E.01585
G1 X6.273 Y-5.394 E.01623
G1 X6.434 Y-5.708 E.01659
G1 X6.662 Y-5.999 E.01738
G1 X6.96 Y-6.231 E.01776
G1 X7.285 Y-6.404 E.01731
G1 X7.643 Y-6.515 E.01763
G1 X8.009 Y-6.534 E.01723
G1 X8.355 Y-6.494 E.01638
G1 X8.684 Y-6.397 E.01613
G1 X8.989 Y-6.247 E.01598
G1 X9.26 Y-6.051 E.01573
G1 X9.491 Y-5.815 E.01553
G1 X9.679 Y-5.544 E.01551
G1 X9.845 Y-5.16 E.01967
G1 X9.907 Y-4.873 E.01381
G1 X9.924 Y-4.634 E.01127
G1 X9.9 Y-4.328 E.01443
G1 X9.762 Y-3.812 E.02512
G1 X9.636 Y-3.555 E.01346
G1 X9.423 Y-3.267 E.01684
G1 F6420
G1 X9.198 Y-3.059 E.01441
G1 F5580
G1 X8.939 Y-2.891 E.01452
G1 F4380
G1 X8.568 Y-2.746 E.01873
G1 F3600
G1 X8.293 Y-2.695 E.01315
G1 F3000
G1 X8.061 Y-2.686 E.01092
G1 F2340
G1 X7.76 Y-2.719 E.01424
G1 X7.249 Y-2.874 E.02511
G1 F2700
G1 X6.991 Y-3.011 E.01374
M106 S255
G1 F3540
G1 X6.7 Y-3.241 E.01744
G1 F4920
G1 X6.489 Y-3.484 E.01513
G1 F6660
G1 X6.319 Y-3.765 E.01544
G1 F7200
G1 X6.17 Y-4.187 E.02105
G1 X6.125 Y-4.496 E.01468
G1 X6.125 Y-4.577 E.00381
SET_VELOCITY_LIMIT ACCEL=10000
G1 E-1.2 F2100
;WIPE_START
G1 F7200
G1 X6.124 Y-4.731
G1 X6.169 Y-5.065
G1 X6.273 Y-5.394
G1 X6.434 Y-5.708
G1 X6.662 Y-5.999
G1 X6.96 Y-6.231
G1 X7.016 Y-6.261
;WIPE_END
G17
G3 Z1.2 I.024 J1.217 P1  F30000
G1 X23.25 Y-6.587 Z1.2
G1 Z.8
G1 E1.2 F2100
SET_VELOCITY_LIMIT ACCEL=5000
;TYPE:Inner wall
G1 F9000
G1 X23.569 Y-6.493 E.01564
G1 X23.962 Y-6.301 E.02056
G1 X24.313 Y-6.047 E.02036
G1 X24.613 Y-5.741 E.02016
G1 X24.862 Y-5.381 E.02056
G1 X25.072 Y-4.893 E.02499
G1 X25.154 Y-4.513 E.01832
G1 X25.178 Y-4.189 E.01524
G1 X25.147 Y-3.786 E.01902
G1 X24.98 Y-3.165 E.03026
G1 X24.806 Y-2.811 E.01854
G1 X24.53 Y-2.437 E.02185
G1 X24.228 Y-2.158 E.01931
G1 X23.879 Y-1.932 E.01958
G1 X23.402 Y-1.745 E.02408
G1 X23.032 Y-1.677 E.01769
G1 X22.716 Y-1.664 E.01488
G1 X22.319 Y-1.708 E.0188
G1 X21.702 Y-1.895 E.03028
G1 X21.349 Y-2.083 E.01883
G1 X20.975 Y-2.378 E.02242
G1 X20.696 Y-2.7 E.02
G1 X20.47 Y-3.074 E.02056
G1 X20.282 Y-3.605 E.0265
G1 X20.224 Y-4.009 E.0192
G1 X20.222 Y-4.325 E.01486
G1 X20.279 Y-4.748 E.02007
G1 X20.412 Y-5.171 E.02084
G1 X20.621 Y-5.577 E.02146
G1 X20.926 Y-5.968 E.02333
G1 X21.319 Y-6.274 E.02343
G1 X21.737 Y-6.496 E.02224
G1 X22.216 Y-6.644 E.02361
G1 X22.703 Y-6.67 E.02291
G1 X23.146 Y-6.618 E.02096
G1 X23.216 Y-6.597 E.00343
SET_VELOCITY_LIMIT ACCEL=10000
G1 X23.087 Y-6.033 F30000
SET_VELOCITY_LIMIT ACCEL=5000
;TYPE:Outer wall
G1 F7200
G1 X23.359 Y-5.953 E.01333
G1 X23.664 Y-5.804 E.01596
G1 X23.935 Y-5.608 E.01573
G1 X24.166 Y-5.372 E.01553
G1 X24.354 Y-5.1 E.01555
G1 X24.52 Y-4.716 E.01967
G1 X24.582 Y-4.43 E.01376
G1 X24.599 Y-4.191 E.01127
G1 X24.575 Y-3.884 E.01448
G1 X24.437 Y-3.369 E.02507
G1 X24.311 Y-3.112 E.01346
G1 X24.098 Y-2.824 E.01684
G1 F6420
G1 X23.873 Y-2.616 E.01441
G1 F5580
G1 X23.614 Y-2.448 E.01452
G1 F4380
G1 X23.243 Y-2.303 E.01873
G1 F3600
G1 X22.968 Y-2.252 E.01315
G1 F3000
G1 X22.736 Y-2.243 E.01092
G1 F2340
G1 X22.435 Y-2.276 E.01424
G1 X21.924 Y-2.431 E.02511
G1 F2700
G1 X21.666 Y-2.568 E.01374
M106 S255
G1 F3540
G1 X21.375 Y-2.797 E.01741
G1 F4920
G1 X21.164 Y-3.04 E.01513
G1 F6660
G1 X20.994 Y-3.322 E.01548
G1 F7200
G1 X20.845 Y-3.743 E.021
G1 X20.801 Y-4.052 E.01468
G1 X20.799 Y-4.288 E.0111
G1 X20.844 Y-4.621 E.0158
G1 X20.948 Y-4.951 E.01627
G1 X21.109 Y-5.264 E.01655
G1 X21.337 Y-5.556 E.01742
G1 X21.635 Y-5.788 E.01776
G1 X21.96 Y-5.961 E.01731
G1 X22.318 Y-6.072 E.01763
G1 X22.684 Y-6.091 E.01723
G1 X23.03 Y-6.05 E.01638
G1 X23.053 Y-6.044 E.00112
SET_VELOCITY_LIMIT ACCEL=10000
G1 E-1.2 F2100
;WIPE_START
G1 F7200
G1 X23.359 Y-5.953
G1 X23.664 Y-5.804
G1 X23.935 Y-5.608
G1 X24.166 Y-5.372
G1 X24.354 Y-5.1
G1 X24.491 Y-4.783
;WIPE_END
G1 X16.874 Y-4.304 Z1.2 F30000
G1 X-22.748 Y-1.813 Z1.2
G1 Z.8
G1 E1.2 F2100
SET_VELOCITY_LIMIT ACCEL=5000
;TYPE:Inner wall
G1 F9000
G1 X-22.588 Y-1.818 E.00749
G1 X-21.812 Y-1.74 E.03668
G1 X-21.054 Y-1.56 E.03668
G1 X-20.326 Y-1.279 E.03668
G1 X-19.795 Y-.988 E.02845
G1 X-19.642 Y-.904 E.00823
G1 X-19.014 Y-.442 E.03668
G1 X-18.453 Y.101 E.03668
G1 X-17.97 Y.713 E.03668
G1 X-17.572 Y1.384 E.03668
G1 X-17.268 Y2.102 E.03668
G1 X-17.061 Y2.854 E.03668
G1 X-16.958 Y3.627 E.03668
G1 X-16.958 Y4.407 E.03668
G1 X-17.061 Y5.18 E.03668
G1 X-17.268 Y5.933 E.03668
G1 X-17.572 Y6.651 E.03668
G1 X-17.97 Y7.322 E.03668
G1 X-18.453 Y7.934 E.03668
G1 X-19.014 Y8.476 E.03668
G1 X-19.642 Y8.939 E.03668
G1 X-20.326 Y9.314 E.03668
G1 X-21.054 Y9.594 E.03668
G1 X-21.812 Y9.775 E.03668
G1 X-22.588 Y9.853 E.03668
G1 X-23.368 Y9.827 E.03668
G1 X-24.137 Y9.697 E.03668
G1 X-24.882 Y9.466 E.03668
G1 X-25.59 Y9.138 E.03668
G1 X-26.1 Y8.812 E.02845
G1 X-26.247 Y8.718 E.00823
G1 X-26.843 Y8.215 E.03668
G1 X-27.366 Y7.636 E.03668
G1 X-27.807 Y6.993 E.03668
G1 X-28.159 Y6.297 E.03668
G1 X-28.415 Y5.56 E.03668
G1 X-28.571 Y4.796 E.03668
G1 X-28.623 Y4.017 E.03668
G1 X-28.571 Y3.239 E.03668
G1 X-28.415 Y2.475 E.03668
G1 X-28.159 Y1.738 E.03668
G1 X-27.807 Y1.042 E.03668
G1 X-27.366 Y.399 E.03668
G1 X-26.843 Y-.18 E.03668
G1 X-26.247 Y-.683 E.03668
G1 X-25.737 Y-1.009 E.02845
G1 X-25.59 Y-1.103 E.00823
G1 X-24.882 Y-1.432 E.03668
G1 X-24.137 Y-1.663 E.03668
G1 X-23.368 Y-1.792 E.03668
G1 X-22.784 Y-1.812 E.0275
SET_VELOCITY_LIMIT ACCEL=10000
G1 X-22.728 Y-1.236 F30000
SET_VELOCITY_LIMIT ACCEL=5000
;TYPE:Outer wall
G1 F7200
G1 X-22.608 Y-1.24 E.00567
G1 X-21.909 Y-1.17 E.03305
G1 X-21.225 Y-1.007 E.03305
G1 X-20.569 Y-.755 E.03305
G1 X-20.073 Y-.482 E.02663
G1 X-19.953 Y-.417 E.00642
G1 X-19.387 Y0 E.03305
G1 X-18.882 Y.489 E.03305
G1 X-18.446 Y1.04 E.03305
G1 X-18.088 Y1.645 E.03305
G1 X-17.814 Y2.292 E.03305
G1 X-17.628 Y2.97 E.03305
G1 X-17.535 Y3.666 E.03305
G1 X-17.535 Y4.369 E.03305
G1 X-17.628 Y5.065 E.03305
G1 X-17.814 Y5.743 E.03305
G1 X-18.088 Y6.39 E.03305
G1 X-18.446 Y6.995 E.03305
G1 X-18.882 Y7.546 E.03305
G1 X-19.387 Y8.035 E.03305
G1 X-19.953 Y8.452 E.03305
G1 X-20.569 Y8.789 E.03305
G1 X-21.225 Y9.042 E.03305
G1 X-21.909 Y9.205 E.03305
G1 X-22.608 Y9.275 E.03305
G1 X-23.31 Y9.252 E.03305
G1 X-24.003 Y9.135 E.03305
G1 X-24.674 Y8.927 E.03305
G1 X-25.312 Y8.631 E.03305
G1 X-25.789 Y8.326 E.02663
G1 X-25.904 Y8.253 E.00642
G1 X-26.441 Y7.799 E.03305
G1 X-26.912 Y7.278 E.03305
G1 X-27.31 Y6.698 E.03305
G1 X-27.627 Y6.071 E.03305
G1 X-27.857 Y5.407 E.03305
G1 X-27.997 Y4.719 E.03305
G1 X-28.044 Y4.017 E.03305
G1 X-27.997 Y3.316 E.03305
G1 X-27.857 Y2.628 E.03305
G1 X-27.627 Y1.964 E.03305
G1 X-27.31 Y1.336 E.03305
G1 X-26.912 Y.757 E.03305
G1 X-26.441 Y.236 E.03305
G1 X-25.904 Y-.218 E.03305
G1 X-25.427 Y-.523 E.02663
G1 X-25.312 Y-.596 E.00642
G1 X-24.674 Y-.892 E.03305
G1 X-24.003 Y-1.1 E.03305
G1 X-23.31 Y-1.217 E.03305
G1 X-22.764 Y-1.235 E.02568
SET_VELOCITY_LIMIT ACCEL=10000
G1 E-1.2 F2100
;WIPE_START
G1 F7200
G1 X-22.608 Y-1.24
G1 X-21.909 Y-1.17
G1 X-21.225 Y-1.007
G1 X-20.816 Y-.85
;WIPE_END
G1 X-13.27 Y-1.991 Z1.2 F30000
G1 X30.637 Y-8.628 Z1.2
G1 Z.8
G1 E1.2 F2100
SET_VELOCITY_LIMIT ACCEL=5000
;TYPE:Inner wall
G1 F9000
G1 X30.982 Y-7.995 E.03391
G1 X31.314 Y-7.222 E.03958
G1 X31.573 Y-6.421 E.03958
G1 X31.757 Y-5.6 E.03958
G1 X31.865 Y-4.765 E.03958
G1 X31.895 Y-3.924 E.03958
G1 X31.848 Y-3.083 E.03958
G1 X31.723 Y-2.251 E.03958
G1 X31.522 Y-1.434 E.03958
G1 X31.246 Y-.639 E.03958
G1 X30.838 Y.233 E.04523
G1 X30.481 Y.859 E.03391
G1 X29.998 Y1.548 E.03958
G1 X29.454 Y2.19 E.03958
G1 X28.853 Y2.779 E.03958
G1 X28.2 Y3.31 E.03958
G1 X27.501 Y3.779 E.03958
G1 X26.761 Y4.181 E.03958
G1 X25.988 Y4.513 E.03958
G1 X25.187 Y4.772 E.03958
G1 X24.346 Y4.961 E.04054
G1 X-21.181 Y12.988 E2.1739
G1 X-22.036 Y13.099 E.04054
G1 X-22.877 Y13.129 E.03958
G1 X-23.717 Y13.081 E.03958
G1 X-24.55 Y12.957 E.03958
G1 X-25.367 Y12.755 E.03958
G1 X-26.162 Y12.48 E.03958
G1 X-26.929 Y12.132 E.03958
G1 X-27.66 Y11.715 E.03958
G1 X-28.349 Y11.232 E.03958
G1 X-28.991 Y10.688 E.03958
G1 X-29.58 Y10.087 E.03958
G1 X-30.111 Y9.434 E.03958
G1 X-30.58 Y8.734 E.03958
G1 X-30.982 Y7.995 E.03958
G1 X-31.314 Y7.222 E.03958
G1 X-31.573 Y6.421 E.03958
G1 X-31.757 Y5.6 E.03958
G1 X-31.865 Y4.765 E.03958
G1 X-31.895 Y3.924 E.03958
G1 X-31.848 Y3.084 E.03958
G1 X-31.723 Y2.251 E.03958
G1 X-31.522 Y1.434 E.03958
G1 X-31.246 Y.639 E.03958
G1 X-30.898 Y-.128 E.03958
G1 X-30.481 Y-.859 E.03958
G1 X-29.998 Y-1.548 E.03958
G1 X-29.454 Y-2.19 E.03958
G1 X-28.853 Y-2.779 E.03958
G1 X-28.2 Y-3.31 E.03958
G1 X-27.501 Y-3.779 E.03958
G1 X-26.761 Y-4.181 E.03958
G1 X-25.988 Y-4.513 E.03958
G1 X-25.187 Y-4.772 E.03958
G1 X-24.346 Y-4.961 E.04054
G1 X21.181 Y-12.988 E2.1739
G1 X22.036 Y-13.099 E.04055
M73 P31 R4
G1 X22.998 Y-13.122 E.04523
G1 X23.717 Y-13.081 E.03391
G1 X24.55 Y-12.956 E.03958
G1 X25.367 Y-12.755 E.03958
G1 X26.162 Y-12.48 E.03958
G1 X26.929 Y-12.132 E.03958
G1 X27.66 Y-11.715 E.03958
G1 X28.349 Y-11.232 E.03958
G1 X28.991 Y-10.688 E.03958
G1 X29.58 Y-10.087 E.03958
G1 X30.111 Y-9.434 E.03958
G1 X30.617 Y-8.659 E.04354
SET_VELOCITY_LIMIT ACCEL=10000
G1 X31.142 Y-8.907 F30000
SET_VELOCITY_LIMIT ACCEL=5000
;TYPE:Outer wall
G1 F7200
G1 X31.144 Y-8.904 E.00018
G1 X31.501 Y-8.247 E.03516
G1 X31.854 Y-7.425 E.04209
G1 X32.13 Y-6.573 E.04209
G1 X32.326 Y-5.7 E.04209
G1 X32.441 Y-4.812 E.04209
G1 X32.473 Y-3.918 E.04209
G1 X32.422 Y-3.024 E.04209
G1 X32.289 Y-2.139 E.04209
G1 X32.076 Y-1.27 E.04209
G1 X31.782 Y-.424 E.04209
G1 X31.34 Y.519 E.04899
G1 X30.969 Y1.168 E.03516
G1 X30.456 Y1.901 E.04209
G1 X29.877 Y2.584 E.04209
G1 X29.238 Y3.21 E.04209
G1 X28.543 Y3.775 E.04209
G1 X27.8 Y4.273 E.04209
G1 X27.013 Y4.7 E.04209
G1 X26.191 Y5.053 E.04209
G1 X25.339 Y5.329 E.04209
G1 X24.459 Y5.527 E.04242
G1 X-21.094 Y13.559 E2.17516
G1 X-21.989 Y13.674 E.04242
G1 X-22.883 Y13.707 E.04209
G1 X-23.777 Y13.656 E.04209
G1 X-24.805 Y13.488 E.04899
G1 X-25.531 Y13.309 E.03516
G1 X-26.376 Y13.016 E.04209
G1 X-27.191 Y12.646 E.04209
G1 X-27.969 Y12.203 E.04209
G1 X-28.702 Y11.69 E.04209
G1 X-29.385 Y11.111 E.04209
G1 X-30.104 Y10.357 E.04899
G1 X-30.576 Y9.777 E.03516
G1 X-31.074 Y9.033 E.04209
G1 X-31.501 Y8.247 E.04209
G1 X-31.854 Y7.425 E.04209
G1 X-32.13 Y6.573 E.04209
G1 X-32.326 Y5.7 E.04209
G1 X-32.441 Y4.812 E.04209
G1 X-32.473 Y3.918 E.04209
G1 X-32.422 Y3.024 E.04209
G1 X-32.289 Y2.139 E.04209
G1 X-32.076 Y1.27 E.04209
G1 X-31.782 Y.424 E.04209
G1 X-31.413 Y-.39 E.04209
G1 X-30.969 Y-1.168 E.04209
G1 X-30.456 Y-1.901 E.04209
G1 X-29.877 Y-2.584 E.04209
G1 X-29.238 Y-3.21 E.04209
G1 X-28.543 Y-3.775 E.04209
G1 X-27.8 Y-4.273 E.04209
G1 X-27.013 Y-4.7 E.04209
G1 X-26.191 Y-5.053 E.04209
G1 X-25.339 Y-5.329 E.04209
G1 X-24.459 Y-5.527 E.04242
G1 X21.094 Y-13.559 E2.17516
G1 X21.989 Y-13.674 E.04243
G1 X23.03 Y-13.698 E.04899
G1 X23.777 Y-13.656 E.03516
G1 X24.662 Y-13.523 E.04209
G1 X25.531 Y-13.309 E.04209
G1 X26.376 Y-13.016 E.04209
G1 X27.191 Y-12.646 E.04209
G1 X27.969 Y-12.203 E.04209
G1 X28.702 Y-11.689 E.04209
G1 X29.385 Y-11.111 E.04209
G1 X30.011 Y-10.471 E.04209
G1 X30.576 Y-9.777 E.04209
G1 X31.122 Y-8.937 E.04711
SET_VELOCITY_LIMIT ACCEL=10000
G1 E-1.2 F2100
;WIPE_START
G1 F7200
G1 X31.144 Y-8.904
G1 X31.501 Y-8.247
G1 X31.854 Y-7.425
G1 X31.952 Y-7.123
;WIPE_END
G1 X31.403 Y-5.594 Z1.2 F30000
G1 Z.8
G1 E1.2 F2100
;TYPE:Sparse infill
G1 F6000
G1 X31.519 Y-4.736 E.04069
G1 X31.548 Y-3.927 E.03807
G1 X31.513 Y-3.295 E.02977
G1 X30.849 Y-3.59 E.03414
G1 X30.032 Y-4.407 E.05435
G1 X28.728 Y-7.345 E.15114
G1 X27.911 Y-8.162 E.05435
G1 X24.973 Y-9.466 E.15114
G1 X24.156 Y-10.283 E.05435
G1 X23.052 Y-12.772 E.12805
G1 X22.062 Y-12.753 E.04652
G1 X21.233 Y-12.646 E.03932
G1 X17.522 Y-11.991 E.17721
G1 X18.28 Y-10.283 E.08789
G1 X19.097 Y-9.466 E.05435
G1 X22.035 Y-8.162 E.15114
G1 X22.852 Y-7.345 E.05435
G1 X23.013 Y-6.982 E.01868
G1 X23.215 Y-6.958 E.00956
G1 X23.695 Y-6.817 E.02352
G1 X24.141 Y-6.599 E.02333
G1 X24.539 Y-6.311 E.02313
G1 X24.881 Y-5.962 E.02293
G1 X25.166 Y-5.55 E.02357
G1 X25.403 Y-5 E.02818
G1 X25.498 Y-4.562 E.02105
G1 X25.525 Y-4.189 E.01762
G1 X25.489 Y-3.727 E.02175
G1 X25.401 Y-3.4 E.01596
G1 X27.911 Y-2.286 E.12912
G1 X28.728 Y-1.469 E.05435
G1 X29.876 Y1.119 E.13312
G1 X29.724 Y1.337 E.0125
G1 X29.2 Y1.954 E.03807
G1 X28.622 Y2.521 E.03807
G1 X27.994 Y3.031 E.03807
G1 X27.46 Y3.389 E.03024
G1 X24.973 Y2.286 E.12791
G1 X24.156 Y1.469 E.05435
G1 X22.916 Y-1.326 E.14379
G1 X22.704 Y-1.317 E.00996
G1 X22.249 Y-1.367 E.02153
G1 X21.57 Y-1.573 E.03337
G1 X21.159 Y-1.792 E.02188
G1 X20.734 Y-2.127 E.02543
G1 X20.415 Y-2.495 E.02293
G1 X20.155 Y-2.925 E.02362
G1 X20.073 Y-3.157 E.01157
G1 X19.097 Y-3.59 E.0502
G1 X18.28 Y-4.407 E.05435
G1 X16.976 Y-7.345 E.15114
G1 X16.159 Y-8.162 E.05435
G1 X13.221 Y-9.466 E.15114
G1 X12.404 Y-10.283 E.05435
G1 X12.072 Y-11.031 E.03846
G1 X6.723 Y-10.087 E.25541
G1 X7.345 Y-9.466 E.04135
G1 X10.283 Y-8.162 E.15114
G1 X11.1 Y-7.345 E.05435
G1 X12.404 Y-4.407 E.15114
G1 X13.221 Y-3.59 E.05435
G1 X16.159 Y-2.286 E.15114
G1 X16.976 Y-1.469 E.05435
G1 X18.28 Y1.469 E.15114
G1 X19.097 Y2.286 E.05435
G1 X22.035 Y3.59 E.15114
G1 X22.852 Y4.407 E.05435
G1 X23.044 Y4.839 E.02221
G1 X17.594 Y5.8 E.26023
G1 X16.976 Y4.407 E.07164
G1 X16.159 Y3.59 E.05435
G1 X13.221 Y2.286 E.15114
G1 X12.404 Y1.469 E.05435
G1 X11.1 Y-1.469 E.15114
G1 X10.283 Y-2.286 E.05435
G1 X9.904 Y-2.454 E.0195
G1 X9.766 Y-2.327 E.00881
G1 X9.363 Y-2.066 E.02262
G1 X8.822 Y-1.854 E.02729
G1 X8.396 Y-1.776 E.0204
G1 X8.029 Y-1.761 E.01725
G1 X7.574 Y-1.811 E.02153
G1 X6.895 Y-2.017 E.03337
G1 X6.484 Y-2.235 E.02188
G1 X6.059 Y-2.57 E.02543
G1 X5.74 Y-2.938 E.02293
G1 X5.48 Y-3.368 E.02362
G1 X5.269 Y-3.965 E.02978
G1 X5.203 Y-4.427 E.02192
G1 X5.2 Y-4.791 E.01713
G1 X5.265 Y-5.267 E.02261
G1 X5.416 Y-5.746 E.0236
G1 X5.653 Y-6.207 E.02438
G1 X5.701 Y-6.27 E.00372
G1 X5.224 Y-7.345 E.05533
G1 X4.407 Y-8.162 E.05435
G1 X1.961 Y-9.248 E.12585
G1 X-2.244 Y-8.506 E.20078
G1 X-1.469 Y-8.162 E.03988
G1 X-.652 Y-7.345 E.05435
G1 X.652 Y-4.407 E.15114
G1 X1.469 Y-3.59 E.05435
G1 X4.407 Y-2.286 E.15114
G1 X5.224 Y-1.469 E.05435
G1 X6.528 Y1.469 E.15114
G1 X7.345 Y2.286 E.05435
G1 X10.283 Y3.59 E.15114
G1 X11.1 Y4.407 E.05435
G1 X12.144 Y6.761 E.12107
G1 X6.873 Y7.69 E.25172
G1 X6.528 Y7.345 E.02295
G1 X5.224 Y4.407 E.15114
G1 X4.407 Y3.59 E.05435
G1 X1.469 Y2.286 E.15114
G1 X.652 Y1.469 E.05435
G1 X-.652 Y-1.469 E.15114
G1 X-1.469 Y-2.286 E.05435
G1 X-4.349 Y-3.564 E.14815
G1 X-4.37 Y-3.486 E.0038
G1 X-4.572 Y-3.074 E.02159
G1 X-4.886 Y-2.648 E.02486
G1 X-5.234 Y-2.327 E.02225
G1 X-5.637 Y-2.066 E.02262
G1 X-6.06 Y-1.9 E.02138
G1 X-5.973 Y-1.874 E.00428
G1 X-5.98 Y-1.851 E.00114
G1 X-5.842 Y-1.81 E.00675
G1 X-5.854 Y-1.772 E.00187
G1 X-5.732 Y-1.725 E.00615
G1 X-5.861 Y-1.392 E.01681
G1 X-5.362 Y-1.158 E.02594
M73 P32 R4
G1 X-4.963 Y-.87 E.02313
G1 X-4.622 Y-.521 E.02293
G1 X-4.337 Y-.109 E.02357
G1 X-4.1 Y.441 E.02818
G1 X-4.004 Y.879 E.02105
G1 X-3.977 Y1.252 E.01762
G1 X-4.013 Y1.713 E.02175
G1 X-4.193 Y2.381 E.03252
G1 X-1.469 Y3.59 E.14012
G1 X-.652 Y4.407 E.05435
G1 X.652 Y7.345 E.15114
G1 X1.469 Y8.162 E.05435
G1 X2.244 Y8.506 E.03988
G1 X-1.961 Y9.248 E.20078
G1 X-4.407 Y8.162 E.12585
G1 X-5.224 Y7.345 E.05435
G1 X-6.528 Y4.407 E.15114
G1 X-6.813 Y4.122 E.01896
G1 X-7.254 Y4.073 E.02085
G1 X-7.933 Y3.868 E.03337
G1 X-8.344 Y3.649 E.02188
G1 X-8.768 Y3.314 E.02543
G1 X-9.087 Y2.946 E.02293
G1 X-9.194 Y2.769 E.0097
G1 X-10.283 Y2.286 E.05601
G1 X-11.1 Y1.469 E.05435
G1 X-12.404 Y-1.469 E.15114
G1 X-13.221 Y-2.286 E.05435
G1 X-16.159 Y-3.59 E.15114
G1 X-16.976 Y-4.407 E.05435
G1 X-17.594 Y-5.8 E.07164
G1 X-23.044 Y-4.839 E.26023
G1 X-22.852 Y-4.407 E.02221
G1 X-22.035 Y-3.59 E.05435
G1 X-19.097 Y-2.286 E.15114
G1 X-18.28 Y-1.469 E.05435
G1 X-16.976 Y1.469 E.15114
G1 X-16.159 Y2.286 E.05435
G1 X-13.221 Y3.59 E.15114
G1 X-12.404 Y4.407 E.05435
G1 X-11.1 Y7.345 E.15114
G1 X-10.283 Y8.162 E.05435
G1 X-7.345 Y9.466 E.15114
G1 X-6.723 Y10.087 E.04135
G1 X-12.072 Y11.031 E.25541
G1 X-12.404 Y10.283 E.03846
G1 X-13.221 Y9.466 E.05435
G1 X-16.159 Y8.162 E.15114
G1 X-16.976 Y7.345 E.05435
G1 X-17.239 Y6.753 E.03047
G1 X-17.683 Y7.518 E.04163
G1 X-18.196 Y8.167 E.03886
G1 X-18.79 Y8.741 E.03886
G1 X-19.531 Y9.273 E.0429
G1 X-19.097 Y9.466 E.02232
G1 X-18.28 Y10.283 E.05435
G1 X-17.522 Y11.992 E.08789
G1 X-21.233 Y12.646 E.17722
G1 X-22.064 Y12.753 E.03941
G1 X-22.874 Y12.782 E.03807
G1 X-23.052 Y12.772 E.00838
G1 X-24.156 Y10.283 E.12805
G1 X-24.488 Y9.951 E.02207
G1 X-25.007 Y9.79 E.02557
G1 X-25.756 Y9.442 E.03886
G1 X-26.453 Y8.998 E.03886
G1 X-26.922 Y8.601 E.02887
G1 X-27.911 Y8.162 E.05089
G1 X-28.728 Y7.345 E.05435
G1 X-30.032 Y4.407 E.15114
G1 X-30.849 Y3.59 E.05435
G1 X-31.513 Y3.295 E.03414
G1 X-31.548 Y3.927 E.02977
G1 X-31.519 Y4.736 E.03807
G1 X-31.403 Y5.594 E.0407
G1 X-28.964 Y3.938 F30000
G1 F6000
G1 X-28.914 Y3.193 E.03513
G1 X-28.75 Y2.383 E.03886
G1 X-28.509 Y1.689 E.03456
G1 X-28.728 Y1.469 E.01461
G1 X-29.876 Y-1.119 E.13312
G1 X-29.724 Y-1.336 E.0125
G1 X-29.2 Y-1.954 E.03807
G1 X-28.622 Y-2.521 E.03807
G1 X-27.994 Y-3.031 E.03807
G1 X-27.46 Y-3.389 E.03024
G1 X-24.973 Y-2.286 E.12791
G1 X-24.576 Y-1.889 E.02642
G1 X-24.218 Y-2 E.01764
G1 X-23.403 Y-2.138 E.03886
G1 X-22.577 Y-2.165 E.03886
G1 X-22.298 Y-2.137 E.01319
G1 X-6.203 Y-1.468 F30000
;TYPE:Gap infill
;WIDTH:0.126392
G1 F9000
G1 X-6.294 Y-1.503 E.00066
;WIDTH:0.152302
G1 X-6.432 Y-1.543 E.00128
;WIDTH:0.200743
G1 X-6.569 Y-1.584 E.00185
;WIDTH:0.249184
G1 X-6.707 Y-1.625 E.00241
;WIDTH:0.296325
G1 X-6.774 Y-1.656 E.00152
;WIDTH:0.332334
G1 X-6.802 Y-1.673 E.00078
G1 X-6.771 Y-1.7 E.00097
;WIDTH:0.27964
G1 X-6.739 Y-1.727 E.00079
;WIDTH:0.230131
G1 X-6.708 Y-1.754 E.00063
;WIDTH:0.180622
G1 X-6.677 Y-1.781 E.00046
;WIDTH:0.1388
G1 X-6.53 Y-1.813 E.00117
G1 X-6.533 Y-1.823 F30000
;WIDTH:0.153588
G1 F9000
G1 X-7.548 Y-1.46 E.00972
G1 X-7.363 Y-1.482 F30000
;WIDTH:0.243139
G1 F9000
G1 X-7.301 Y-1.528 E.00127
;WIDTH:0.265049
G1 X-7.238 Y-1.574 E.00141
;WIDTH:0.308871
G1 X-7.175 Y-1.621 E.00169
;WIDTH:0.352692
G1 X-7.113 Y-1.667 E.00197
;WIDTH:0.355642
G1 X-6.572 Y-1.687 E.01379
G1 X-7.113 Y-1.667 F30000
;WIDTH:0.355431
G1 F9000
G1 X-7.151 Y-1.691 E.00113
;WIDTH:0.317091
G1 X-7.188 Y-1.714 E.00099
;WIDTH:0.27875
G1 X-7.226 Y-1.738 E.00085
;WIDTH:0.24028
G1 X-7.324 Y-1.768 E.00165
;WIDTH:0.199327
G1 X-7.434 Y-1.802 E.00147
;WIDTH:0.163362
G1 X-7.598 Y-1.87 E.00174
;WIDTH:0.148014
G1 X-7.762 Y-1.938 E.00152
G1 X-9.682 Y-5.436 F30000
;TYPE:Sparse infill
;WIDTH:0.62
G1 F6000
G1 X-9.735 Y-5.267 E.00833
G1 X-9.8 Y-4.791 E.02261
G1 X-9.797 Y-4.427 E.01713
G1 X-9.731 Y-3.965 E.02192
G1 X-9.52 Y-3.368 E.02978
G1 X-9.423 Y-3.208 E.00878
G1 X-10.283 Y-3.59 E.04422
G1 X-11.1 Y-4.407 E.05435
G1 X-12.144 Y-6.76 E.12107
G1 X-9.871 Y-7.161 E.10855
G1 X-7.964 Y-7.556 F30000
;TYPE:Gap infill
;WIDTH:0.182947
G1 F9000
G1 X-8.556 Y-7.014 E.00916
;WIDTH:0.165018
G1 X-8.661 Y-6.91 E.00148
;WIDTH:0.149118
G1 X-8.766 Y-6.805 E.00128
G1 X-8.468 Y-7.239 F30000
;WIDTH:0.380383
G1 F9000
G1 X-8.129 Y-7.356 E.00986
;WIDTH:0.357811
G1 X-7.823 Y-7.431 E.00808
;WIDTH:0.320209
G1 X-7.548 Y-7.498 E.0064
;WIDTH:0.317432
G1 X-7.244 Y-7.534 E.00685
;WIDTH:0.352689
G1 X-6.971 Y-7.565 E.00692
;WIDTH:0.372339
G1 X-6.943 Y-7.567 E.00075
;WIDTH:0.399437
G1 X-6.777 Y-7.572 E.00484
;WIDTH:0.447846
G1 X-6.61 Y-7.577 E.0055
;WIDTH:0.496255
G1 X-6.443 Y-7.582 E.00616
;WIDTH:0.528286
G1 X-6.027 Y-7.576 E.01646
;LAYER_CHANGE
;Z:1
;HEIGHT:0.2
;BEFORE_LAYER_CHANGE
;1
G1 E-1.2 F2100
;WIPE_START
G1 F9000
G1 X-6.443 Y-7.582
;WIPE_END
;AFTER_LAYER_CHANGE
;1
;_SET_FAN_SPEED_CHANGING_LAYER
G17
G3 Z1.4 I-1.215 J.075 P1  F30000
G1 X-6.038 Y-.988 Z1.4
G1 Z1
G1 E1.2 F2100
SET_VELOCITY_LIMIT ACCEL=5000
;TYPE:Inner wall
;WIDTH:0.62
G1 F9000
G1 X-5.749 Y-.925 E.01393
G1 X-5.374 Y-.761 E.01925
G1 X-5.099 Y-.592 E.01513
G1 X-4.77 Y-.319 E.02013
G1 X-4.48 Y.019 E.02095
G1 X-4.236 Y.432 E.02254
G1 X-4.08 Y.892 E.02284
G1 X-4.029 Y1.377 E.02294
G1 X-4.063 Y1.856 E.02258
G1 X-4.196 Y2.33 E.02317
G1 X-4.43 Y2.755 E.02278
G1 X-4.708 Y3.103 E.02097
G1 X-5.037 Y3.396 E.02072
G1 X-5.407 Y3.627 E.02052
G1 X-5.792 Y3.784 E.01953
G1 X-6.053 Y3.852 E.01268
G1 X-6.428 Y3.9 E.01781
G1 X-6.804 Y3.89 E.01768
G1 X-7.079 Y3.847 E.01308
G1 X-7.462 Y3.731 E.01881
G1 X-7.83 Y3.547 E.01933
G1 X-8.158 Y3.305 E.01916
G1 X-8.598 Y2.845 E.02995
G1 X-8.81 Y2.507 E.01877
G1 X-8.984 Y2.069 E.02213
G1 X-9.061 Y1.665 E.01935
G1 X-9.068 Y1.25 E.01954
G1 X-8.976 Y.752 E.0238
G1 X-8.839 Y.402 E.01769
G1 X-8.68 Y.121 E.01516
G1 X-8.436 Y-.189 E.01857
G1 X-7.96 Y-.615 E.03004
G1 X-7.609 Y-.82 E.0191
G1 X-7.154 Y-.984 E.02275
G1 X-6.733 Y-1.051 E.02007
G1 X-6.295 Y-1.045 E.02057
G1 X-6.073 Y-.996 E.01069
SET_VELOCITY_LIMIT ACCEL=10000
G1 X-6.162 Y-.425 F30000
SET_VELOCITY_LIMIT ACCEL=5000
;TYPE:Outer wall
G1 F7200
G1 X-5.928 Y-.373 E.01127
G1 X-5.641 Y-.248 E.01472
G1 X-5.436 Y-.122 E.01132
G1 X-5.176 Y.094 E.0159
G1 X-4.951 Y.357 E.01628
G1 X-4.763 Y.674 E.01733
G1 X-4.647 Y1.016 E.01698
G1 X-4.609 Y1.387 E.01754
G1 X-4.634 Y1.757 E.01744
G1 X-4.734 Y2.11 E.01725
G1 X-4.911 Y2.433 E.01732
G1 X-5.128 Y2.704 E.01633
G1 X-5.384 Y2.932 E.01612
G1 X-5.671 Y3.111 E.01591
G1 X-5.975 Y3.235 E.01544
G1 X-6.163 Y3.284 E.00914
G1 X-6.458 Y3.322 E.01399
G1 X-6.751 Y3.314 E.01378
G1 X-6.95 Y3.283 E.00947
G1 X-7.248 Y3.193 E.01464
G1 X-7.527 Y3.053 E.01468
G1 X-7.775 Y2.87 E.01449
G1 X-8.14 Y2.488 E.02485
G1 X-8.293 Y2.245 E.0135
G1 X-8.427 Y1.907 E.0171
G1 F6240
G1 X-8.485 Y1.606 E.01441
G1 F5400
G1 X-8.49 Y1.298 E.01449
G1 F4260
G1 X-8.419 Y.911 E.0185
G1 F3480
G1 X-8.317 Y.65 E.01318
G1 F2820
G1 X-8.2 Y.444 E.01114
G1 F2280
G1 X-8.013 Y.207 E.0142
G1 X-7.619 Y-.146 E.02488
G1 F2820
G1 X-7.364 Y-.295 E.01389
M106 S255
G1 F3660
G1 X-7.01 Y-.423 E.0177
G1 F5280
G1 X-6.691 Y-.473 E.01518
G1 F6960
G1 X-6.362 Y-.469 E.01547
G1 F7200
G1 X-6.197 Y-.432 E.00795
SET_VELOCITY_LIMIT ACCEL=10000
G1 E-1.2 F2100
;WIPE_START
G1 F7200
G1 X-5.928 Y-.373
G1 X-5.641 Y-.248
G1 X-5.436 Y-.122
G1 X-5.176 Y.094
G1 X-4.951 Y.357
G1 X-4.763 Y.674
G1 X-4.725 Y.786
;WIPE_END
G1 X-8.241 Y-2.513 Z1.4 F30000
G1 Z1
G1 E1.2 F2100
SET_VELOCITY_LIMIT ACCEL=5000
;TYPE:Inner wall
G1 F9000
G1 X-8.33 Y-2.579 E.00523
G1 X-8.77 Y-3.039 E.02995
G1 X-8.982 Y-3.378 E.01877
G1 X-9.156 Y-3.815 E.02213
G1 X-9.233 Y-4.219 E.01935
G1 X-9.24 Y-4.635 E.01954
G1 X-9.149 Y-5.132 E.0238
G1 X-9.011 Y-5.482 E.01769
G1 X-8.852 Y-5.763 E.01516
G1 X-8.608 Y-6.073 E.01857
G1 X-8.133 Y-6.5 E.03004
G1 X-7.782 Y-6.704 E.0191
G1 X-7.327 Y-6.868 E.02275
G1 X-6.905 Y-6.935 E.02007
G1 X-6.468 Y-6.929 E.02057
G1 X-5.921 Y-6.809 E.02631
G1 X-5.546 Y-6.645 E.01925
G1 X-5.272 Y-6.477 E.01513
G1 X-4.943 Y-6.203 E.02013
G1 X-4.653 Y-5.865 E.02095
G1 X-4.408 Y-5.453 E.02254
G1 X-4.252 Y-4.992 E.02284
G1 X-4.202 Y-4.507 E.02294
G1 X-4.235 Y-4.028 E.02258
G1 X-4.369 Y-3.554 E.02317
G1 X-4.602 Y-3.13 E.02278
G1 X-4.881 Y-2.781 E.02097
G1 X-5.21 Y-2.488 E.02072
G1 X-5.58 Y-2.258 E.02052
G1 X-5.965 Y-2.101 E.01954
G1 X-6.225 Y-2.033 E.01268
G1 X-6.601 Y-1.984 E.01781
G1 X-6.977 Y-1.994 E.01768
G1 X-7.252 Y-2.037 E.01308
G1 X-7.635 Y-2.153 E.01881
G1 X-8.002 Y-2.337 E.01933
G1 X-8.212 Y-2.492 E.01224
SET_VELOCITY_LIMIT ACCEL=10000
G1 X-7.898 Y-2.978 F30000
SET_VELOCITY_LIMIT ACCEL=5000
;TYPE:Outer wall
G1 F7200
G1 X-7.948 Y-3.014 E.0029
G1 X-8.313 Y-3.396 E.02485
G1 X-8.466 Y-3.64 E.01354
G1 X-8.6 Y-3.977 E.01705
G1 F6240
G1 X-8.657 Y-4.278 E.01441
G1 F5400
G1 X-8.662 Y-4.587 E.01453
G1 F4260
G1 X-8.591 Y-4.973 E.01846
G1 F3480
G1 X-8.489 Y-5.234 E.01318
G1 F2820
G1 X-8.372 Y-5.44 E.01114
G1 F2280
G1 X-8.186 Y-5.677 E.01417
G1 X-7.791 Y-6.031 E.02494
G1 F2820
G1 X-7.536 Y-6.179 E.01386
M106 S255
G1 F3660
G1 X-7.182 Y-6.307 E.0177
G1 F5280
G1 X-6.864 Y-6.357 E.01514
G1 F6960
G1 X-6.534 Y-6.353 E.01552
G1 F7200
G1 X-6.101 Y-6.257 E.02086
G1 X-5.814 Y-6.132 E.01472
G1 X-5.609 Y-6.006 E.01132
G1 X-5.349 Y-5.79 E.0159
G1 X-5.124 Y-5.527 E.01628
G1 X-4.935 Y-5.21 E.01736
G1 X-4.82 Y-4.869 E.01692
G1 X-4.781 Y-4.497 E.01759
G1 X-4.807 Y-4.127 E.01744
G1 X-4.906 Y-3.774 E.01724
G1 X-5.084 Y-3.451 E.01734
G1 X-5.301 Y-3.18 E.01633
G1 X-5.557 Y-2.952 E.01612
G1 X-5.844 Y-2.773 E.01591
G1 X-6.147 Y-2.649 E.0154
G1 X-6.336 Y-2.6 E.00918
G1 X-6.63 Y-2.562 E.01394
G1 X-6.924 Y-2.57 E.01383
G1 X-7.123 Y-2.601 E.00947
G1 X-7.42 Y-2.691 E.01459
G1 X-7.7 Y-2.831 E.01472
G1 X-7.869 Y-2.956 E.00988
SET_VELOCITY_LIMIT ACCEL=10000
G1 E-1.2 F2100
;WIPE_START
G1 F7200
G1 X-7.948 Y-3.014
G1 X-8.313 Y-3.396
G1 X-8.466 Y-3.64
G1 X-8.6 Y-3.977
G1 X-8.657 Y-4.278
G1 X-8.662 Y-4.587
G1 X-8.643 Y-4.693
;WIPE_END
G17
G3 Z1.4 I.015 J1.217 P1  F30000
G1 X5.802 Y-4.866 Z1.4
G1 Z1
G1 E1.2 F2100
SET_VELOCITY_LIMIT ACCEL=5000
;TYPE:Inner wall
G1 F9000
G1 X5.851 Y-5.132 E.01272
G1 X5.989 Y-5.482 E.01769
G1 X6.148 Y-5.763 E.01516
G1 X6.392 Y-6.073 E.01857
G1 X6.867 Y-6.5 E.03004
G1 X7.218 Y-6.704 E.0191
G1 X7.673 Y-6.868 E.02275
G1 X8.095 Y-6.935 E.02007
G1 X8.532 Y-6.929 E.02057
G1 X9.079 Y-6.809 E.02631
G1 X9.454 Y-6.645 E.01924
G1 X9.728 Y-6.477 E.01513
G1 X10.057 Y-6.203 E.02013
G1 X10.347 Y-5.865 E.02095
G1 X10.592 Y-5.453 E.02254
G1 X10.748 Y-4.992 E.02284
G1 X10.798 Y-4.507 E.02294
G1 X10.765 Y-4.028 E.02258
G1 X10.631 Y-3.554 E.02317
G1 X10.398 Y-3.13 E.02278
G1 X10.119 Y-2.781 E.02097
G1 X9.79 Y-2.488 E.02072
G1 X9.42 Y-2.258 E.02052
G1 X9.035 Y-2.101 E.01953
G1 X8.775 Y-2.033 E.01268
M73 P33 R4
G1 X8.399 Y-1.984 E.01781
G1 X8.023 Y-1.994 E.01768
G1 X7.748 Y-2.037 E.01308
G1 X7.365 Y-2.153 E.01881
G1 X6.998 Y-2.337 E.01933
G1 X6.67 Y-2.579 E.01916
G1 X6.23 Y-3.039 E.02995
G1 X6.018 Y-3.378 E.01877
G1 X5.844 Y-3.815 E.02213
G1 X5.767 Y-4.219 E.01935
G1 X5.76 Y-4.635 E.01955
G1 X5.796 Y-4.831 E.00939
SET_VELOCITY_LIMIT ACCEL=10000
G1 X6.37 Y-4.762 F30000
SET_VELOCITY_LIMIT ACCEL=5000
;TYPE:Outer wall
G1 F4260
G1 X6.409 Y-4.973 E.01009
G1 F3480
G1 X6.511 Y-5.234 E.01318
G1 F2820
G1 X6.628 Y-5.44 E.01114
G1 F2280
G1 X6.814 Y-5.677 E.01417
G1 X7.209 Y-6.031 E.02494
G1 F2820
G1 X7.464 Y-6.179 E.01386
M106 S255
G1 F3660
G1 X7.818 Y-6.307 E.0177
G1 F5280
G1 X8.136 Y-6.357 E.01514
G1 F6960
G1 X8.466 Y-6.353 E.01552
G1 F7200
G1 X8.899 Y-6.257 E.02086
G1 X9.186 Y-6.132 E.01472
G1 X9.391 Y-6.006 E.01132
G1 X9.651 Y-5.79 E.0159
G1 X9.876 Y-5.527 E.01628
G1 X10.065 Y-5.21 E.01736
G1 X10.18 Y-4.869 E.01692
G1 X10.219 Y-4.497 E.01759
G1 X10.193 Y-4.127 E.01744
G1 X10.094 Y-3.774 E.01724
G1 X9.916 Y-3.451 E.01734
G1 X9.699 Y-3.18 E.01633
G1 X9.443 Y-2.952 E.01612
G1 X9.156 Y-2.773 E.01591
G1 X8.853 Y-2.649 E.0154
G1 X8.664 Y-2.6 E.00918
G1 X8.37 Y-2.562 E.01394
G1 X8.076 Y-2.57 E.01383
G1 X7.877 Y-2.601 E.00947
G1 X7.58 Y-2.691 E.01459
G1 X7.3 Y-2.831 E.01472
G1 X7.052 Y-3.014 E.01449
G1 X6.687 Y-3.396 E.02485
G1 X6.534 Y-3.64 E.01354
G1 X6.4 Y-3.977 E.01705
G1 F6240
G1 X6.343 Y-4.278 E.01441
G1 F5400
G1 X6.338 Y-4.587 E.01453
G1 F4620
G1 X6.363 Y-4.726 E.00664
SET_VELOCITY_LIMIT ACCEL=10000
G1 E-1.2 F2100
;WIPE_START
G1 F4620
G1 X6.409 Y-4.973
G1 X6.511 Y-5.234
G1 X6.628 Y-5.44
G1 X6.814 Y-5.677
G1 X7.209 Y-6.031
G1 X7.464 Y-6.179
G1 X7.563 Y-6.215
;WIPE_END
G1 X15.194 Y-6.35 Z1.4 F30000
G1 X23.021 Y-6.488 Z1.4
G1 Z1
G1 E1.2 F2100
SET_VELOCITY_LIMIT ACCEL=5000
;TYPE:Inner wall
G1 F9000
G1 X23.207 Y-6.486 E.00874
G1 X23.754 Y-6.365 E.02631
G1 X24.129 Y-6.201 E.01925
G1 X24.403 Y-6.033 E.01513
G1 X24.732 Y-5.76 E.02013
G1 X25.022 Y-5.421 E.02095
G1 X25.267 Y-5.009 E.02254
G1 X25.423 Y-4.549 E.02284
G1 X25.473 Y-4.064 E.02294
G1 X25.44 Y-3.585 E.02258
G1 X25.306 Y-3.111 E.02317
G1 X25.073 Y-2.686 E.02278
G1 X24.795 Y-2.338 E.02097
G1 X24.465 Y-2.045 E.02072
G1 X24.095 Y-1.814 E.02052
G1 X23.71 Y-1.657 E.01954
G1 X23.45 Y-1.589 E.01268
G1 X23.074 Y-1.54 E.01781
G1 X22.698 Y-1.551 E.01768
G1 X22.423 Y-1.594 E.01308
G1 X22.04 Y-1.71 E.01881
G1 X21.673 Y-1.894 E.01933
G1 X21.345 Y-2.136 E.01916
G1 X20.905 Y-2.596 E.02995
G1 X20.693 Y-2.934 E.01877
G1 X20.519 Y-3.372 E.02213
G1 X20.442 Y-3.776 E.01935
G1 X20.435 Y-4.191 E.01954
G1 X20.526 Y-4.689 E.0238
G1 X20.664 Y-5.039 E.01769
G1 X20.823 Y-5.32 E.01516
G1 X21.067 Y-5.63 E.01857
G1 X21.542 Y-6.056 E.03004
G1 X21.893 Y-6.261 E.0191
G1 X22.348 Y-6.425 E.02275
G1 X22.77 Y-6.492 E.02007
G1 X22.985 Y-6.489 E.01014
SET_VELOCITY_LIMIT ACCEL=10000
G1 X23.014 Y-5.911 F30000
SET_VELOCITY_LIMIT ACCEL=5000
;TYPE:Outer wall
G1 F7200
G1 X23.141 Y-5.909 E.00597
G1 X23.574 Y-5.814 E.02085
G1 X23.861 Y-5.689 E.01472
G1 X24.066 Y-5.563 E.01132
G1 X24.326 Y-5.347 E.0159
G1 X24.551 Y-5.084 E.01628
G1 X24.74 Y-4.767 E.01736
G1 X24.855 Y-4.425 E.01697
G1 X24.894 Y-4.054 E.01754
G1 X24.868 Y-3.684 E.01744
G1 X24.769 Y-3.331 E.01724
G1 X24.591 Y-3.008 E.01734
G1 X24.374 Y-2.737 E.01633
G1 X24.118 Y-2.509 E.01612
G1 X23.831 Y-2.33 E.01591
G1 X23.528 Y-2.206 E.0154
G1 X23.339 Y-2.157 E.00918
G1 X23.045 Y-2.119 E.01394
G1 X22.751 Y-2.127 E.01383
G1 X22.552 Y-2.158 E.00947
G1 X22.255 Y-2.248 E.01459
G1 X21.975 Y-2.388 E.01472
G1 X21.727 Y-2.571 E.01449
G1 X21.362 Y-2.952 E.02481
G1 X21.209 Y-3.196 E.01354
G1 X21.075 Y-3.534 E.0171
G1 F6240
G1 X21.018 Y-3.835 E.01441
G1 F5400
G1 X21.013 Y-4.143 E.01449
G1 F4260
G1 X21.084 Y-4.53 E.0185
G1 F3480
G1 X21.186 Y-4.79 E.01313
G1 F2820
G1 X21.303 Y-4.997 E.01118
G1 F2280
G1 X21.489 Y-5.233 E.01413
G1 X21.884 Y-5.587 E.02494
G1 F2820
G1 X22.139 Y-5.736 E.01389
M106 S255
G1 F3660
G1 X22.493 Y-5.863 E.01769
G1 F5280
G1 X22.811 Y-5.914 E.01514
G1 F6960
G1 X22.978 Y-5.912 E.00785
SET_VELOCITY_LIMIT ACCEL=10000
G1 E-1.2 F2100
;WIPE_START
G1 F6960
G1 X23.141 Y-5.909
G1 X23.574 Y-5.814
G1 X23.861 Y-5.689
G1 X24.066 Y-5.563
G1 X24.326 Y-5.347
G1 X24.551 Y-5.084
G1 X24.631 Y-4.951
;WIPE_END
G1 X17.015 Y-4.446 Z1.4 F30000
G1 X-22.78 Y-1.812 Z1.4
G1 Z1
G1 E1.2 F2100
SET_VELOCITY_LIMIT ACCEL=5000
;TYPE:Inner wall
G1 F9000
G1 X-22.588 Y-1.818 E.00901
G1 X-21.812 Y-1.74 E.03668
G1 X-21.054 Y-1.56 E.03668
G1 X-20.326 Y-1.279 E.03668
G1 X-19.642 Y-.904 E.03668
G1 X-19.014 Y-.442 E.03668
G1 X-18.453 Y.101 E.03668
G1 X-17.97 Y.713 E.03668
G1 X-17.572 Y1.384 E.03668
G1 X-17.268 Y2.102 E.03668
G1 X-17.061 Y2.854 E.03668
G1 X-16.958 Y3.627 E.03668
G1 X-16.958 Y4.407 E.03668
G1 X-17.061 Y5.18 E.03668
G1 X-17.268 Y5.933 E.03668
G1 X-17.572 Y6.651 E.03668
G1 X-17.97 Y7.322 E.03668
G1 X-18.453 Y7.934 E.03668
G1 X-19.014 Y8.476 E.03668
G1 X-19.642 Y8.939 E.03668
G1 X-20.326 Y9.314 E.03668
G1 X-21.054 Y9.594 E.03668
G1 X-21.812 Y9.775 E.03668
G1 X-22.588 Y9.853 E.03668
G1 X-23.368 Y9.827 E.03668
G1 X-24.137 Y9.697 E.03668
G1 X-24.882 Y9.466 E.03668
G1 X-25.59 Y9.138 E.03668
G1 X-26.247 Y8.718 E.03668
G1 X-26.843 Y8.215 E.03668
G1 X-27.366 Y7.636 E.03668
G1 X-27.807 Y6.993 E.03668
G1 X-28.159 Y6.297 E.03668
G1 X-28.415 Y5.56 E.03668
G1 X-28.571 Y4.796 E.03668
G1 X-28.623 Y4.017 E.03668
G1 X-28.571 Y3.239 E.03668
G1 X-28.415 Y2.475 E.03668
G1 X-28.159 Y1.738 E.03668
G1 X-27.807 Y1.042 E.03668
G1 X-27.484 Y.57 E.02689
G1 X-27.366 Y.399 E.00979
G1 X-26.843 Y-.18 E.03668
G1 X-26.247 Y-.683 E.03668
G1 X-25.765 Y-.991 E.02689
G1 X-25.59 Y-1.103 E.00979
G1 X-24.882 Y-1.432 E.03668
G1 X-24.137 Y-1.663 E.03668
G1 X-23.368 Y-1.792 E.03668
G1 X-22.816 Y-1.811 E.02598
SET_VELOCITY_LIMIT ACCEL=10000
G1 X-22.761 Y-1.235 F30000
SET_VELOCITY_LIMIT ACCEL=5000
;TYPE:Outer wall
G1 F7200
G1 X-22.608 Y-1.24 E.00719
G1 X-21.909 Y-1.17 E.03305
G1 X-21.225 Y-1.007 E.03305
G1 X-20.569 Y-.755 E.03305
G1 X-20.102 Y-.498 E.02507
G1 X-19.953 Y-.417 E.00797
G1 X-19.387 Y0 E.03305
G1 X-18.882 Y.489 E.03305
G1 X-18.446 Y1.04 E.03305
G1 X-18.088 Y1.645 E.03305
G1 X-17.814 Y2.292 E.03305
G1 X-17.628 Y2.97 E.03305
G1 X-17.535 Y3.666 E.03305
G1 X-17.535 Y4.369 E.03305
G1 X-17.628 Y5.065 E.03305
G1 X-17.814 Y5.743 E.03305
G1 X-18.088 Y6.39 E.03305
G1 X-18.446 Y6.995 E.03305
G1 X-18.882 Y7.546 E.03305
G1 X-19.387 Y8.035 E.03305
G1 X-19.953 Y8.452 E.03305
G1 X-20.569 Y8.789 E.03305
G1 X-21.225 Y9.042 E.03305
G1 X-21.909 Y9.205 E.03305
G1 X-22.608 Y9.275 E.03305
G1 X-23.31 Y9.252 E.03305
G1 X-24.003 Y9.135 E.03305
G1 X-24.674 Y8.927 E.03305
G1 X-25.312 Y8.631 E.03305
G1 X-25.904 Y8.253 E.03305
G1 X-26.441 Y7.799 E.03305
G1 X-26.912 Y7.278 E.03305
G1 X-27.31 Y6.698 E.03305
G1 X-27.627 Y6.071 E.03305
G1 X-27.857 Y5.407 E.03305
G1 X-27.997 Y4.719 E.03305
G1 X-28.044 Y4.017 E.03305
G1 X-27.997 Y3.316 E.03305
G1 X-27.857 Y2.628 E.03305
G1 X-27.627 Y1.964 E.03305
G1 X-27.31 Y1.336 E.03305
G1 X-27.008 Y.897 E.02507
G1 X-26.912 Y.757 E.00797
G1 X-26.441 Y.236 E.03305
G1 X-25.904 Y-.218 E.03305
G1 X-25.455 Y-.505 E.02507
G1 X-25.312 Y-.596 E.00797
G1 X-24.674 Y-.892 E.03305
G1 X-24.003 Y-1.1 E.03305
G1 X-23.31 Y-1.217 E.03305
G1 X-22.797 Y-1.234 E.02416
SET_VELOCITY_LIMIT ACCEL=10000
G1 E-1.2 F2100
;WIPE_START
G1 F7200
G1 X-22.608 Y-1.24
G1 X-21.909 Y-1.17
G1 X-21.225 Y-1.007
G1 X-20.846 Y-.861
;WIPE_END
G1 X-13.299 Y-1.994 Z1.4 F30000
G1 X30.657 Y-8.592 Z1.4
G1 Z1
G1 E1.2 F2100
SET_VELOCITY_LIMIT ACCEL=5000
;TYPE:Inner wall
G1 F9000
G1 X30.659 Y-8.588 E.00024
G1 X30.982 Y-7.995 E.03173
G1 X31.314 Y-7.222 E.03958
G1 X31.573 Y-6.421 E.03958
G1 X31.757 Y-5.6 E.03958
G1 X31.865 Y-4.765 E.03958
G1 X31.895 Y-3.924 E.03958
G1 X31.848 Y-3.083 E.03958
G1 X31.723 Y-2.251 E.03958
G1 X31.522 Y-1.434 E.03958
G1 X31.246 Y-.639 E.03958
G1 X30.898 Y.128 E.03958
G1 X30.815 Y.273 E.00784
G1 X30.481 Y.859 E.03173
G1 X29.998 Y1.548 E.03958
G1 X29.454 Y2.19 E.03958
G1 X28.853 Y2.779 E.03958
G1 X28.2 Y3.31 E.03958
G1 X27.501 Y3.779 E.03958
G1 X26.761 Y4.181 E.03958
G1 X25.988 Y4.513 E.03958
G1 X25.187 Y4.772 E.03958
G1 X24.346 Y4.961 E.04054
G1 X-21.181 Y12.988 E2.1739
G1 X-22.036 Y13.099 E.04054
G1 X-22.877 Y13.129 E.03958
G1 X-23.717 Y13.081 E.03958
G1 X-24.55 Y12.957 E.03958
G1 X-25.367 Y12.755 E.03958
G1 X-26.162 Y12.48 E.03958
G1 X-26.929 Y12.132 E.03958
G1 X-27.66 Y11.715 E.03958
G1 X-28.349 Y11.232 E.03958
G1 X-28.991 Y10.688 E.03958
G1 X-29.58 Y10.087 E.03958
G1 X-30.111 Y9.434 E.03958
G1 X-30.58 Y8.734 E.03958
G1 X-30.981 Y7.995 E.03958
G1 X-31.314 Y7.222 E.03958
G1 X-31.573 Y6.421 E.03958
G1 X-31.757 Y5.6 E.03958
G1 X-31.865 Y4.765 E.03958
G1 X-31.895 Y3.924 E.03958
G1 X-31.848 Y3.084 E.03958
G1 X-31.723 Y2.251 E.03958
G1 X-31.522 Y1.434 E.03958
G1 X-31.246 Y.639 E.03958
G1 X-30.898 Y-.128 E.03958
G1 X-30.481 Y-.859 E.03958
G1 X-29.998 Y-1.548 E.03958
G1 X-29.454 Y-2.19 E.03958
G1 X-28.853 Y-2.779 E.03958
G1 X-28.2 Y-3.31 E.03958
G1 X-27.501 Y-3.779 E.03958
G1 X-26.761 Y-4.181 E.03958
G1 X-25.988 Y-4.513 E.03958
G1 X-25.187 Y-4.772 E.03958
G1 X-24.346 Y-4.961 E.04054
G1 X21.181 Y-12.988 E2.1739
G1 X22.036 Y-13.099 E.04055
G1 X22.877 Y-13.129 E.03958
G1 X23.044 Y-13.119 E.00784
G1 X23.717 Y-13.081 E.03173
G1 X24.55 Y-12.956 E.03958
G1 X25.367 Y-12.755 E.03958
G1 X26.162 Y-12.48 E.03958
G1 X26.929 Y-12.132 E.03958
G1 X27.66 Y-11.715 E.03958
G1 X28.349 Y-11.232 E.03958
G1 X28.991 Y-10.688 E.03958
G1 X29.58 Y-10.087 E.03958
G1 X30.111 Y-9.434 E.03958
G1 X30.58 Y-8.734 E.03958
G1 X30.64 Y-8.624 E.00591
SET_VELOCITY_LIMIT ACCEL=10000
G1 X31.164 Y-8.868 F30000
SET_VELOCITY_LIMIT ACCEL=5000
;TYPE:Outer wall
G1 F7200
G1 X31.166 Y-8.863 E.00024
G1 X31.501 Y-8.247 E.03299
G1 X31.854 Y-7.425 E.04209
G1 X32.13 Y-6.573 E.04209
G1 X32.326 Y-5.7 E.04209
G1 X32.441 Y-4.812 E.04209
G1 X32.473 Y-3.918 E.04209
G1 X32.422 Y-3.024 E.04209
G1 X32.289 Y-2.139 E.04209
G1 X32.076 Y-1.27 E.04209
G1 X31.782 Y-.424 E.04209
G1 X31.413 Y.391 E.04209
G1 X31.317 Y.559 E.0091
G1 X30.969 Y1.168 E.03299
G1 X30.456 Y1.901 E.04209
G1 X29.877 Y2.584 E.04209
G1 X29.238 Y3.21 E.04209
G1 X28.543 Y3.775 E.04209
G1 X27.8 Y4.273 E.04209
G1 X27.013 Y4.7 E.04209
G1 X26.191 Y5.053 E.04209
G1 X25.339 Y5.329 E.04209
G1 X24.459 Y5.527 E.04242
G1 X-21.094 Y13.559 E2.17516
G1 X-21.989 Y13.674 E.04242
M73 P34 R4
G1 X-22.883 Y13.707 E.04209
G1 X-23.777 Y13.656 E.04209
G1 X-24.662 Y13.523 E.04209
G1 X-25.531 Y13.309 E.04209
G1 X-26.376 Y13.016 E.04209
G1 X-27.191 Y12.646 E.04209
G1 X-27.969 Y12.203 E.04209
G1 X-28.702 Y11.69 E.04209
G1 X-29.385 Y11.111 E.04209
G1 X-30.011 Y10.471 E.04209
G1 X-30.576 Y9.777 E.04209
G1 X-31.074 Y9.033 E.04209
G1 X-31.501 Y8.247 E.04209
G1 X-31.854 Y7.425 E.04209
G1 X-32.13 Y6.573 E.04209
G1 X-32.326 Y5.7 E.04209
G1 X-32.441 Y4.812 E.04209
G1 X-32.473 Y3.918 E.04209
G1 X-32.422 Y3.024 E.04209
G1 X-32.289 Y2.139 E.04209
G1 X-32.076 Y1.27 E.04209
G1 X-31.782 Y.424 E.04209
G1 X-31.413 Y-.39 E.04209
G1 X-30.969 Y-1.168 E.04209
G1 X-30.456 Y-1.901 E.04209
G1 X-29.877 Y-2.584 E.04209
G1 X-29.238 Y-3.21 E.04209
G1 X-28.543 Y-3.775 E.04209
G1 X-27.8 Y-4.273 E.04209
G1 X-27.013 Y-4.7 E.04209
G1 X-26.191 Y-5.053 E.04209
G1 X-25.339 Y-5.329 E.04209
G1 X-24.459 Y-5.527 E.04242
G1 X21.094 Y-13.559 E2.17516
G1 X21.989 Y-13.674 E.04243
G1 X22.883 Y-13.706 E.04209
G1 X23.076 Y-13.696 E.0091
G1 X23.777 Y-13.656 E.03299
G1 X24.662 Y-13.523 E.04209
G1 X25.531 Y-13.309 E.04209
G1 X26.376 Y-13.016 E.04209
G1 X27.191 Y-12.646 E.04209
G1 X27.969 Y-12.203 E.04209
G1 X28.702 Y-11.689 E.04209
G1 X29.385 Y-11.111 E.04209
G1 X30.011 Y-10.471 E.04209
G1 X30.576 Y-9.777 E.04209
G1 X31.074 Y-9.033 E.04209
G1 X31.147 Y-8.9 E.00717
SET_VELOCITY_LIMIT ACCEL=10000
G1 E-1.2 F2100
;WIPE_START
G1 F7200
G1 X31.166 Y-8.863
G1 X31.501 Y-8.247
G1 X31.854 Y-7.425
G1 X31.966 Y-7.08
;WIPE_END
G1 X31.363 Y-5.776 Z1.4 F30000
G1 Z1
G1 E1.2 F2100
;TYPE:Sparse infill
G1 F6000
G1 X31.416 Y-5.539 E.01142
G1 X31.519 Y-4.736 E.03807
G1 X31.548 Y-3.927 E.03807
G1 X31.523 Y-3.482 E.02098
G1 X30.849 Y-3.943 E.03841
G1 X30.385 Y-4.407 E.03084
G1 X28.375 Y-7.345 E.16741
G1 X27.911 Y-7.809 E.03084
G1 X24.973 Y-9.819 E.16741
G1 X24.509 Y-10.283 E.03084
G1 X22.801 Y-12.78 E.14226
G1 X22.064 Y-12.753 E.03466
G1 X21.233 Y-12.646 E.03942
G1 X17.47 Y-11.982 E.17967
G1 X18.633 Y-10.283 E.09683
G1 X19.097 Y-9.819 E.03084
G1 X22.035 Y-7.809 E.16741
G1 X22.499 Y-7.345 E.03084
G1 X22.847 Y-6.837 E.02896
G1 X23.247 Y-6.831 E.01885
G1 X23.861 Y-6.696 E.02957
G1 X24.289 Y-6.509 E.02196
G1 X24.605 Y-6.316 E.01742
G1 X24.976 Y-6.007 E.02268
G1 X25.305 Y-5.624 E.02374
G1 X25.583 Y-5.155 E.02566
G1 X25.763 Y-4.624 E.02637
G1 X25.821 Y-4.07 E.02617
G1 X25.783 Y-3.525 E.02567
G1 X25.751 Y-3.411 E.00559
G1 X27.911 Y-1.933 E.1231
G1 X28.375 Y-1.469 E.03084
G1 X30.013 Y.924 E.13637
G1 X29.724 Y1.337 E.02367
G1 X29.2 Y1.954 E.03807
G1 X28.622 Y2.521 E.03807
G1 X27.994 Y3.031 E.03807
G1 X27.274 Y3.508 E.04057
G1 X24.973 Y1.933 E.13113
G1 X24.509 Y1.469 E.03084
G1 X22.68 Y-1.205 E.15236
G1 X22.346 Y-1.256 E.01588
G1 X21.912 Y-1.387 E.02132
G1 X21.491 Y-1.598 E.02212
G1 X21.115 Y-1.875 E.02197
G1 X20.63 Y-2.382 E.03302
G1 X20.382 Y-2.777 E.02191
G1 X20.226 Y-3.171 E.01991
G1 X19.097 Y-3.943 E.06433
G1 X18.633 Y-4.407 E.03084
G1 X16.623 Y-7.345 E.16741
G1 X16.159 Y-7.809 E.03084
G1 X13.221 Y-9.819 E.16741
G1 X12.757 Y-10.283 E.03084
G1 X12.227 Y-11.058 E.04415
G1 X7.024 Y-10.14 E.24845
G1 X7.345 Y-9.819 E.02136
G1 X10.283 Y-7.809 E.16741
G1 X10.747 Y-7.345 E.03084
G1 X12.757 Y-4.407 E.16741
G1 X13.221 Y-3.943 E.03084
G1 X16.159 Y-1.933 E.16741
G1 X16.623 Y-1.469 E.03084
G1 X18.633 Y1.469 E.16741
G1 X19.097 Y1.933 E.03084
G1 X22.035 Y3.943 E.16741
G1 X22.499 Y4.407 E.03084
G1 X22.821 Y4.878 E.02683
G1 X17.578 Y5.803 E.25037
G1 X16.623 Y4.407 E.07951
G1 X16.159 Y3.943 E.03084
G1 X13.221 Y1.933 E.16741
G1 X12.757 Y1.469 E.03084
G1 X10.747 Y-1.469 E.16741
G1 X10.283 Y-1.933 E.03084
G1 X9.935 Y-2.171 E.01982
G1 X9.578 Y-1.948 E.01978
G1 X9.145 Y-1.771 E.022
G1 X8.841 Y-1.692 E.01478
G1 X8.417 Y-1.637 E.02011
G1 X7.991 Y-1.648 E.02002
G1 X7.671 Y-1.699 E.01525
G1 X7.237 Y-1.83 E.02132
G1 X6.816 Y-2.041 E.02212
G1 X6.44 Y-2.318 E.02197
G1 X5.955 Y-2.826 E.03302
G1 X5.707 Y-3.22 E.02191
G1 X5.51 Y-3.718 E.02516
G1 X5.421 Y-4.183 E.0223
G1 X5.413 Y-4.663 E.02257
G1 X5.517 Y-5.228 E.02699
G1 X5.675 Y-5.632 E.0204
G1 X5.842 Y-5.926 E.0159
G1 X4.871 Y-7.345 E.08086
G1 X4.407 Y-7.809 E.03084
G1 X2.234 Y-9.296 E.12382
G1 X-2.438 Y-8.472 E.22309
G1 X-1.469 Y-7.809 E.05522
G1 X-1.005 Y-7.345 E.03084
G1 X1.005 Y-4.407 E.16741
G1 X1.469 Y-3.943 E.03084
G1 X4.407 Y-1.933 E.16741
G1 X4.871 Y-1.469 E.03084
G1 X6.881 Y1.469 E.16741
G1 X7.345 Y1.933 E.03084
G1 X10.283 Y3.943 E.16741
G1 X10.747 Y4.407 E.03084
G1 X12.334 Y6.727 E.1322
G1 X7.173 Y7.637 E.24644
G1 X6.881 Y7.345 E.01942
G1 X4.871 Y4.407 E.16741
G1 X4.407 Y3.943 E.03084
G1 X1.469 Y1.933 E.16741
G1 X1.005 Y1.469 E.03084
G1 X-1.005 Y-1.469 E.16741
G1 X-1.469 Y-1.933 E.03084
G1 X-3.981 Y-3.652 E.14315
G1 X-4.046 Y-3.422 E.01124
G1 X-4.313 Y-2.937 E.02605
G1 X-4.628 Y-2.542 E.02375
G1 X-5.002 Y-2.21 E.02348
G1 X-5.422 Y-1.948 E.02329
G1 X-5.911 Y-1.757 E.02473
G1 X-5.901 Y-1.717 E.00192
G1 X-5.527 Y-1.596 E.01849
G1 X-5.638 Y-1.254 E.01688
G1 X-5.213 Y-1.068 E.02182
G1 X-4.897 Y-.875 E.01742
G1 X-4.526 Y-.566 E.02268
G1 X-4.198 Y-.183 E.02374
G1 X-3.919 Y.286 E.02566
G1 X-3.74 Y.817 E.02637
G1 X-3.682 Y1.371 E.02617
G1 X-3.72 Y1.915 E.02567
G1 X-3.835 Y2.324 E.01998
G1 X-1.469 Y3.943 E.1348
G1 X-1.005 Y4.407 E.03084
G1 X1.005 Y7.345 E.16741
G1 X1.469 Y7.809 E.03084
G1 X2.438 Y8.472 E.05522
G1 X-2.234 Y9.296 E.22309
G1 X-4.407 Y7.809 E.12382
G1 X-4.871 Y7.345 E.03084
G1 X-6.881 Y4.407 E.16741
G1 X-7.093 Y4.195 E.0141
G1 X-7.591 Y4.054 E.02431
G1 X-8.011 Y3.843 E.02212
G1 X-8.387 Y3.566 E.02196
G1 X-8.873 Y3.059 E.03302
G1 X-9.049 Y2.777 E.01561
G1 X-10.283 Y1.933 E.07033
G1 X-10.747 Y1.469 E.03084
G1 X-12.757 Y-1.469 E.16741
G1 X-13.221 Y-1.933 E.03084
G1 X-16.159 Y-3.943 E.16741
G1 X-16.623 Y-4.407 E.03084
G1 X-17.578 Y-5.802 E.07951
G1 X-12.334 Y-6.727 E.25037
G1 X-10.747 Y-4.407 E.1322
G1 X-10.283 Y-3.943 E.03084
G1 X-9.317 Y-3.282 E.05504
G1 X-9.49 Y-3.718 E.02203
G1 X-9.579 Y-4.183 E.0223
G1 X-9.587 Y-4.663 E.02257
G1 X-9.483 Y-5.228 E.02699
G1 X-9.369 Y-5.518 E.01466
G1 X-8.178 Y-6.814 F30000
;TYPE:Gap infill
;WIDTH:0.647594
G1 F9000
G1 X-8.046 Y-7.234 E.02169
G1 X-8.005 Y-7.247 E.00209
;WIDTH:0.615178
G1 X-7.745 Y-7.316 E.01258
;WIDTH:0.568996
G1 X-7.484 Y-7.385 E.01156
;WIDTH:0.546774
G1 X-6.922 Y-7.48 E.02339
;WIDTH:0.578358
G1 X-6.676 Y-7.5 E.01077
;WIDTH:0.62471
G1 X-6.43 Y-7.519 E.0117
;WIDTH:0.64274
G1 X-6.399 Y-7.521 E.00154
G1 X-6.266 Y-7.344 E.01084
;WIDTH:0.613576
G1 X-6.133 Y-7.166 E.01031
G1 E-1.2 F2100
;WIPE_START
G1 F9000
G1 X-6.266 Y-7.344
;WIPE_END
G1 X-6.674 Y-1.518 Z1.4 F30000
G1 Z1
G1 E1.2 F2100
;WIDTH:0.379698
G1 F9000
M73 P35 R4
G1 X-6.653 Y-1.539 E.00082
;WIDTH:0.336309
G1 X-6.631 Y-1.56 E.00072
;WIDTH:0.292919
G1 X-6.61 Y-1.581 E.00061
;WIDTH:0.24953
G1 X-6.589 Y-1.602 E.00051
;WIDTH:0.201406
G1 X-6.528 Y-1.633 E.00088
;WIDTH:0.164552
G1 X-6.392 Y-1.669 E.0014
;WIDTH:0.133065
G1 X-6.256 Y-1.705 E.00103
G1 X-6.293 Y-1.333 F30000
;WIDTH:0.32418
G1 F9000
G1 X-6.42 Y-1.395 E.00323
;WIDTH:0.343483
G1 X-6.547 Y-1.456 E.00345
;WIDTH:0.382089
G1 X-6.674 Y-1.518 E.0039
;WIDTH:0.403834
G1 X-6.813 Y-1.517 E.00408
;WIDTH:0.390751
G1 X-6.847 Y-1.538 E.00115
;WIDTH:0.349756
G1 X-6.882 Y-1.56 E.00102
;WIDTH:0.308761
G1 X-6.916 Y-1.581 E.00088
;WIDTH:0.267766
G1 X-6.951 Y-1.602 E.00075
;WIDTH:0.232521
G1 X-7.017 Y-1.619 E.00106
;WIDTH:0.19386
G1 X-7.17 Y-1.668 E.00197
;WIDTH:0.144812
G1 X-7.322 Y-1.717 E.00133
;WIDTH:0.119156
G1 X-7.371 Y-1.737 E.00033
G1 X-7.355 Y-1.69 F30000
;WIDTH:0.164237
G1 F9000
G1 X-6.249 Y-1.392 E.01132
;WIDTH:0.140779
G1 X-5.985 Y-1.306 E.00221
G1 X-20.548 Y-5.279 F30000
;TYPE:Sparse infill
;WIDTH:0.62
G1 F6000
G1 X-22.821 Y-4.878 E.10855
G1 X-22.499 Y-4.407 E.02683
G1 X-22.035 Y-3.943 E.03084
G1 X-19.097 Y-1.933 E.16741
G1 X-18.633 Y-1.469 E.03084
G1 X-16.623 Y1.469 E.16741
G1 X-16.159 Y1.933 E.03084
G1 X-13.221 Y3.943 E.16741
G1 X-12.757 Y4.407 E.03084
G1 X-10.747 Y7.345 E.16741
G1 X-10.283 Y7.809 E.03084
G1 X-7.345 Y9.819 E.16741
G1 X-7.024 Y10.14 E.02136
G1 X-12.227 Y11.058 E.24845
G1 X-12.757 Y10.283 E.04415
G1 X-13.221 Y9.819 E.03084
G1 X-16.159 Y7.809 E.16741
G1 X-16.623 Y7.345 E.03084
G1 X-17.158 Y6.562 E.0446
G1 X-17.262 Y6.807 E.01252
G1 X-17.683 Y7.518 E.03886
G1 X-18.196 Y8.167 E.03886
G1 X-18.79 Y8.741 E.03886
G1 X-19.455 Y9.232 E.03886
G1 X-19.733 Y9.384 E.01492
G1 X-19.097 Y9.819 E.03624
G1 X-18.633 Y10.283 E.03084
G1 X-17.47 Y11.982 E.09683
G1 X-21.233 Y12.646 E.17967
G1 X-22.064 Y12.753 E.03941
G1 X-22.801 Y12.78 E.03465
G1 X-24.509 Y10.283 E.14226
G1 X-24.973 Y9.819 E.03084
G1 X-25.034 Y9.777 E.00349
G1 X-25.756 Y9.442 E.03744
G1 X-26.453 Y8.998 E.03886
G1 X-27.084 Y8.464 E.03886
G1 X-27.296 Y8.23 E.01486
G1 X-27.911 Y7.809 E.03504
G1 X-28.375 Y7.345 E.03084
G1 X-30.385 Y4.407 E.16741
G1 X-30.849 Y3.943 E.03084
G1 X-31.523 Y3.482 E.03841
G1 X-31.548 Y3.927 E.02098
G1 X-31.519 Y4.736 E.03807
G1 X-31.416 Y5.539 E.03807
G1 X-31.363 Y5.776 E.01142
G1 X-28.946 Y3.664 F30000
G1 F6000
G1 X-28.914 Y3.193 E.02219
G1 X-28.75 Y2.383 E.03886
G1 X-28.479 Y1.602 E.03886
G1 X-28.396 Y1.438 E.00864
G1 X-30.013 Y-.924 E.13462
G1 X-29.724 Y-1.336 E.02367
G1 X-29.2 Y-1.954 E.03807
G1 X-28.622 Y-2.521 E.03807
G1 X-27.994 Y-3.031 E.03807
G1 X-27.274 Y-3.507 E.04057
G1 X-24.973 Y-1.933 E.13113
G1 X-24.846 Y-1.805 E.00847
G1 X-24.218 Y-2 E.03092
G1 X-23.403 Y-2.138 E.03886
G1 X-22.579 Y-2.165 E.03876
;LAYER_CHANGE
;Z:1.2
;HEIGHT:0.2
;BEFORE_LAYER_CHANGE
;1.2
G1 E-1.2 F2100
;WIPE_START
G1 F6000
G1 X-23.403 Y-2.138
G1 X-24.218 Y-2
G1 X-24.551 Y-1.897
;WIPE_END
;AFTER_LAYER_CHANGE
;1.2
;_SET_FAN_SPEED_CHANGING_LAYER
G17
G3 Z1.6 I-.066 J1.215 P1  F30000
G1 X-6.61 Y-.919 Z1.6
G1 Z1.2
G1 E1.2 F2100
SET_VELOCITY_LIMIT ACCEL=5000
;TYPE:Inner wall
G1 F9000
G1 X-6.473 Y-.917 E.00647
G1 X-6.179 Y-.866 E.01403
G1 X-5.82 Y-.753 E.01768
G1 X-5.341 Y-.488 E.02576
G1 X-4.959 Y-.141 E.02429
G1 X-4.733 Y.16 E.01769
G1 X-4.576 Y.449 E.01544
G1 X-4.452 Y.793 E.01721
G1 X-4.369 Y1.133 E.01644
G1 X-4.328 Y1.466 E.01579
G1 X-4.338 Y1.85 E.01808
G1 X-4.44 Y2.33 E.02307
G1 X-4.607 Y2.724 E.02014
G1 X-4.844 Y3.092 E.02058
G1 X-5.232 Y3.49 E.02612
G1 X-5.57 Y3.723 E.01929
G1 X-5.862 Y3.87 E.0154
G1 X-6.27 Y4.005 E.0202
G1 X-6.71 Y4.072 E.02092
G1 X-7.185 Y4.063 E.02235
G1 X-7.671 Y3.941 E.02357
G1 X-8.104 Y3.729 E.02265
G1 X-8.499 Y3.443 E.02294
G1 X-8.82 Y3.078 E.02284
G1 X-9.054 Y2.66 E.02254
G1 X-9.202 Y2.24 E.02095
G1 X-9.277 Y1.807 E.02068
G1 X-9.277 Y1.371 E.02048
G1 X-9.204 Y.946 E.02028
G1 X-9.061 Y.544 E.02008
G1 X-8.849 Y.165 E.02042
G1 X-8.513 Y-.229 E.02435
G1 X-8.207 Y-.475 E.01847
G1 X-7.865 Y-.67 E.01851
G1 X-7.279 Y-.864 E.02904
G1 X-6.907 Y-.924 E.01769
G1 X-6.646 Y-.92 E.01228
SET_VELOCITY_LIMIT ACCEL=10000
G1 X-6.618 Y-.342 F30000
SET_VELOCITY_LIMIT ACCEL=5000
;TYPE:Outer wall
G1 F7200
G1 X-6.526 Y-.341 E.00433
G1 X-6.315 Y-.304 E.01007
G1 F6420
G1 X-6.049 Y-.22 E.01312
G1 F5280
G1 X-5.679 Y-.016 E.01987
G1 F4080
G1 X-5.388 Y.249 E.01851
G1 F3300
G1 X-5.22 Y.473 E.01317
G1 F2700
G1 X-5.104 Y.686 E.01141
G1 F2280
G1 X-5.006 Y.96 E.01368
G1 X-4.938 Y1.237 E.01341
G1 X-4.906 Y1.494 E.01218
M106 S255
G1 F3000
G1 X-4.913 Y1.781 E.0135
G1 F3780
G1 X-4.993 Y2.155 E.01799
G1 F5640
G1 X-5.12 Y2.454 E.01528
G1 F7200
G1 X-5.298 Y2.731 E.01548
G1 X-5.606 Y3.047 E.02075
G1 X-5.864 Y3.225 E.01474
G1 X-6.084 Y3.335 E.01157
G1 X-6.405 Y3.442 E.01591
G1 X-6.748 Y3.494 E.01631
G1 X-7.109 Y3.487 E.01698
G1 X-7.472 Y3.396 E.0176
G1 X-7.806 Y3.233 E.01748
G1 X-8.108 Y3.014 E.01754
G1 X-8.346 Y2.743 E.01696
G1 X-8.527 Y2.421 E.01737
G1 X-8.642 Y2.094 E.0163
G1 X-8.7 Y1.758 E.01603
G1 X-8.7 Y1.42 E.01589
G1 X-8.643 Y1.092 E.01566
G1 X-8.534 Y.782 E.01545
G1 X-8.373 Y.496 E.01543
G1 X-8.11 Y.187 E.01908
G1 X-7.881 Y.004 E.01378
G1 X-7.629 Y-.14 E.01365
G1 X-7.141 Y-.301 E.02416
G1 X-6.865 Y-.346 E.01315
G1 X-6.654 Y-.343 E.00992
SET_VELOCITY_LIMIT ACCEL=10000
G1 E-1.2 F2100
;WIPE_START
G1 F7200
G1 X-6.526 Y-.341
G1 X-6.315 Y-.304
G1 X-6.049 Y-.22
G1 X-5.679 Y-.016
G1 X-5.388 Y.249
G1 X-5.22 Y.473
G1 X-5.104 Y.686
G1 X-5.091 Y.723
;WIPE_END
G1 X-8.394 Y-2.239 Z1.6 F30000
G1 Z1.2
G1 E1.2 F2100
SET_VELOCITY_LIMIT ACCEL=5000
;TYPE:Inner wall
G1 F9000
G1 X-8.672 Y-2.441 E.01615
G1 X-8.992 Y-2.806 E.02284
G1 X-9.227 Y-3.224 E.02254
G1 X-9.375 Y-3.644 E.02095
G1 X-9.449 Y-4.077 E.02068
G1 X-9.449 Y-4.513 E.02048
G1 X-9.376 Y-4.938 E.02028
G1 X-9.234 Y-5.34 E.02008
G1 X-9.022 Y-5.719 E.02042
G1 X-8.686 Y-6.113 E.02435
G1 X-8.379 Y-6.359 E.01847
G1 X-8.038 Y-6.554 E.01851
G1 X-7.451 Y-6.748 E.02904
G1 X-7.08 Y-6.808 E.01769
G1 X-6.645 Y-6.801 E.02044
G1 X-6.351 Y-6.751 E.01403
G1 X-5.993 Y-6.637 E.01768
G1 X-5.513 Y-6.373 E.02576
G1 X-5.131 Y-6.025 E.02429
G1 X-4.906 Y-5.724 E.01769
G1 X-4.749 Y-5.435 E.01544
G1 X-4.625 Y-5.091 E.01721
G1 X-4.542 Y-4.752 E.01644
G1 X-4.5 Y-4.418 E.01579
G1 X-4.51 Y-4.034 E.01808
G1 X-4.613 Y-3.554 E.02307
G1 X-4.78 Y-3.16 E.02014
G1 X-5.017 Y-2.792 E.02058
G1 X-5.404 Y-2.394 E.02612
G1 X-5.742 Y-2.161 E.01929
G1 X-6.035 Y-2.015 E.0154
G1 X-6.443 Y-1.879 E.0202
G1 X-6.882 Y-1.813 E.02092
G1 X-7.358 Y-1.821 E.02235
G1 X-7.844 Y-1.943 E.02357
G1 X-8.277 Y-2.155 E.02265
G1 X-8.364 Y-2.218 E.0051
SET_VELOCITY_LIMIT ACCEL=10000
G1 X-8.055 Y-2.707 F30000
SET_VELOCITY_LIMIT ACCEL=5000
;TYPE:Outer wall
G1 F7200
G1 X-8.281 Y-2.87 E.0131
G1 X-8.519 Y-3.141 E.01696
G1 X-8.699 Y-3.463 E.01735
G1 X-8.814 Y-3.79 E.0163
G1 X-8.872 Y-4.126 E.01603
G1 X-8.872 Y-4.464 E.01589
G1 X-8.816 Y-4.792 E.01565
G1 X-8.706 Y-5.102 E.01547
G1 X-8.546 Y-5.388 E.01541
G1 X-8.282 Y-5.697 E.01911
G1 X-8.054 Y-5.88 E.01375
G1 X-7.802 Y-6.024 E.01365
G1 X-7.314 Y-6.185 E.02416
G1 X-7.038 Y-6.23 E.01315
G1 X-6.699 Y-6.225 E.01594
G1 X-6.488 Y-6.189 E.01007
G1 F6420
G1 X-6.221 Y-6.104 E.01318
G1 F5280
G1 X-5.851 Y-5.9 E.01987
G1 F4080
G1 X-5.56 Y-5.635 E.01851
G1 F3300
G1 X-5.393 Y-5.411 E.01314
G1 F2700
G1 X-5.277 Y-5.198 E.01141
G1 F2280
G1 X-5.178 Y-4.924 E.0137
G1 X-5.11 Y-4.647 E.01341
G1 X-5.078 Y-4.39 E.01218
M106 S255
G1 F3000
G1 X-5.086 Y-4.103 E.0135
G1 F3780
G1 X-5.166 Y-3.729 E.01799
G1 F5640
G1 X-5.292 Y-3.431 E.01521
G1 F7200
G1 X-5.471 Y-3.153 E.01555
G1 X-5.778 Y-2.837 E.02072
G1 X-6.037 Y-2.659 E.01478
G1 X-6.256 Y-2.549 E.01152
G1 X-6.578 Y-2.443 E.01594
G1 X-6.921 Y-2.39 E.01632
G1 X-7.281 Y-2.397 E.01693
G1 X-7.645 Y-2.488 E.01764
G1 X-7.978 Y-2.651 E.01743
G1 X-8.026 Y-2.686 E.00279
SET_VELOCITY_LIMIT ACCEL=10000
G1 E-1.2 F2100
;WIPE_START
G1 F7200
G1 X-8.281 Y-2.87
G1 X-8.519 Y-3.141
G1 X-8.699 Y-3.463
G1 X-8.814 Y-3.79
G1 X-8.872 Y-4.126
G1 X-8.872 Y-4.394
;WIPE_END
G1 X-1.265 Y-5.017 Z1.6 F30000
G1 X5.914 Y-5.605 Z1.6
G1 Z1.2
G1 E1.2 F2100
SET_VELOCITY_LIMIT ACCEL=5000
;TYPE:Inner wall
G1 F9000
G1 X5.978 Y-5.72 E.00616
G1 X6.314 Y-6.113 E.02435
G1 X6.621 Y-6.359 E.01847
G1 X6.962 Y-6.554 E.01851
G1 X7.549 Y-6.748 E.02904
G1 X7.92 Y-6.808 E.01769
G1 X8.355 Y-6.801 E.02044
G1 X8.649 Y-6.751 E.01403
G1 X9.007 Y-6.637 E.01768
G1 X9.487 Y-6.373 E.02576
G1 X9.869 Y-6.025 E.02429
G1 X10.094 Y-5.724 E.01769
G1 X10.251 Y-5.435 E.01544
G1 X10.375 Y-5.091 E.01721
G1 X10.458 Y-4.752 E.01644
G1 X10.5 Y-4.418 E.01579
G1 X10.49 Y-4.034 E.01808
G1 X10.387 Y-3.554 E.02307
G1 X10.22 Y-3.16 E.02014
G1 X9.983 Y-2.792 E.02058
G1 X9.596 Y-2.394 E.02612
G1 X9.258 Y-2.161 E.01929
G1 X8.965 Y-2.015 E.0154
G1 X8.557 Y-1.879 E.0202
G1 X8.118 Y-1.813 E.02092
G1 X7.642 Y-1.821 E.02235
G1 X7.156 Y-1.943 E.02357
G1 X6.723 Y-2.155 E.02265
G1 X6.328 Y-2.441 E.02294
G1 X6.008 Y-2.806 E.02284
G1 X5.773 Y-3.224 E.02254
G1 X5.625 Y-3.644 E.02095
G1 X5.551 Y-4.077 E.02068
G1 X5.551 Y-4.513 E.02048
G1 X5.624 Y-4.938 E.02028
G1 X5.766 Y-5.34 E.02008
G1 X5.897 Y-5.574 E.01257
SET_VELOCITY_LIMIT ACCEL=10000
G1 X6.418 Y-5.324 F30000
SET_VELOCITY_LIMIT ACCEL=5000
;TYPE:Outer wall
G1 F7200
G1 X6.454 Y-5.388 E.00345
G1 X6.718 Y-5.697 E.01911
G1 X6.946 Y-5.88 E.01375
G1 X7.198 Y-6.024 E.01365
G1 X7.686 Y-6.185 E.02416
G1 X7.962 Y-6.23 E.01315
G1 X8.301 Y-6.225 E.01594
G1 X8.512 Y-6.189 E.01007
G1 F6420
G1 X8.779 Y-6.104 E.01318
G1 F5280
G1 X9.149 Y-5.9 E.01987
G1 F4080
G1 X9.44 Y-5.635 E.01851
G1 F3300
G1 X9.607 Y-5.411 E.01314
G1 F2700
G1 X9.723 Y-5.198 E.01141
G1 F2280
G1 X9.822 Y-4.924 E.0137
G1 X9.89 Y-4.647 E.01341
G1 X9.922 Y-4.39 E.01218
M106 S255
G1 F3000
G1 X9.914 Y-4.103 E.0135
G1 F3780
G1 X9.834 Y-3.729 E.01799
G1 F5640
G1 X9.708 Y-3.431 E.01521
G1 F7200
G1 X9.529 Y-3.153 E.01555
G1 X9.222 Y-2.837 E.02072
G1 X8.963 Y-2.659 E.01478
G1 X8.744 Y-2.549 E.01152
G1 X8.422 Y-2.443 E.01594
G1 X8.079 Y-2.39 E.01632
G1 X7.719 Y-2.397 E.01693
G1 X7.355 Y-2.488 E.01764
G1 X7.022 Y-2.651 E.01743
G1 X6.719 Y-2.87 E.01758
G1 X6.481 Y-3.141 E.01696
G1 X6.301 Y-3.463 E.01735
G1 X6.186 Y-3.79 E.0163
G1 X6.128 Y-4.126 E.01603
G1 X6.128 Y-4.464 E.01589
G1 X6.184 Y-4.792 E.01565
G1 X6.294 Y-5.102 E.01547
G1 X6.4 Y-5.292 E.01023
SET_VELOCITY_LIMIT ACCEL=10000
G1 E-1.2 F2100
;WIPE_START
G1 F7200
G1 X6.454 Y-5.388
G1 X6.718 Y-5.697
G1 X6.946 Y-5.88
G1 X7.198 Y-6.024
G1 X7.686 Y-6.185
G1 X7.962 Y-6.23
G1 X8.069 Y-6.229
;WIPE_END
G17
G3 Z1.6 I.011 J1.217 P1  F30000
G1 X22.958 Y-6.359 Z1.6
G1 Z1.2
G1 E1.2 F2100
SET_VELOCITY_LIMIT ACCEL=5000
;TYPE:Inner wall
G1 F9000
G1 X23.03 Y-6.358 E.00341
G1 X23.324 Y-6.307 E.01403
G1 X23.682 Y-6.194 E.01768
G1 X24.162 Y-5.929 E.02576
G1 X24.544 Y-5.582 E.02429
G1 X24.769 Y-5.281 E.01769
G1 X24.926 Y-4.992 E.01544
G1 X25.05 Y-4.648 E.01721
G1 X25.133 Y-4.308 E.01644
G1 X25.175 Y-3.975 E.01579
G1 X25.165 Y-3.591 E.01808
G1 X25.062 Y-3.111 E.02307
G1 X24.895 Y-2.717 E.02014
G1 X24.658 Y-2.348 E.02058
G1 X24.271 Y-1.951 E.02612
G1 X23.933 Y-1.718 E.01929
G1 X23.64 Y-1.571 E.0154
G1 X23.232 Y-1.436 E.0202
G1 X22.793 Y-1.369 E.02092
G1 X22.317 Y-1.378 E.02235
G1 X21.831 Y-1.5 E.02357
G1 X21.398 Y-1.711 E.02265
G1 X21.003 Y-1.998 E.02294
G1 X20.683 Y-2.363 E.02284
G1 X20.448 Y-2.781 E.02254
G1 X20.3 Y-3.201 E.02095
G1 X20.226 Y-3.634 E.02068
G1 X20.226 Y-4.07 E.02048
G1 X20.299 Y-4.495 E.02028
G1 X20.441 Y-4.897 E.02008
G1 X20.653 Y-5.276 E.02042
G1 X20.989 Y-5.67 E.02435
G1 X21.296 Y-5.916 E.01847
G1 X21.637 Y-6.111 E.01851
G1 X22.224 Y-6.304 E.02904
G1 X22.595 Y-6.365 E.01769
G1 X22.922 Y-6.36 E.01535
SET_VELOCITY_LIMIT ACCEL=10000
G1 X22.949 Y-5.782 F30000
SET_VELOCITY_LIMIT ACCEL=5000
;TYPE:Outer wall
G1 F7200
G1 X22.976 Y-5.782 E.00127
G1 X23.187 Y-5.745 E.01007
G1 F6420
G1 X23.454 Y-5.661 E.01316
G1 F5280
G1 X23.824 Y-5.457 E.01987
G1 F4080
G1 X24.115 Y-5.192 E.01851
G1 F3300
G1 X24.282 Y-4.968 E.01314
G1 F2700
G1 X24.398 Y-4.755 E.01141
G1 F2280
G1 X24.497 Y-4.481 E.0137
G1 X24.565 Y-4.204 E.01341
G1 X24.597 Y-3.947 E.01218
M106 S255
G1 F3000
G1 X24.589 Y-3.659 E.01355
G1 F3780
G1 X24.509 Y-3.286 E.01794
G1 F5640
G1 X24.383 Y-2.987 E.01526
G1 F7200
G1 X24.204 Y-2.71 E.01551
G1 X23.897 Y-2.394 E.02072
M73 P36 R4
G1 X23.638 Y-2.216 E.01478
G1 X23.419 Y-2.106 E.01152
G1 X23.097 Y-1.999 E.01596
G1 X22.754 Y-1.947 E.01631
G1 X22.394 Y-1.954 E.01693
G1 X22.03 Y-2.045 E.01764
G1 X21.697 Y-2.208 E.01743
G1 X21.394 Y-2.427 E.01758
G1 X21.156 Y-2.698 E.01696
G1 X20.976 Y-3.02 E.01735
G1 X20.861 Y-3.346 E.01626
G1 X20.803 Y-3.683 E.01608
G1 X20.803 Y-4.02 E.01585
G1 X20.859 Y-4.349 E.01569
G1 X20.969 Y-4.658 E.01542
G1 X21.129 Y-4.945 E.01545
G1 X21.393 Y-5.254 E.01911
G1 X21.621 Y-5.437 E.01375
G1 X21.873 Y-5.581 E.01365
G1 X22.361 Y-5.742 E.02416
G1 X22.637 Y-5.787 E.01315
G1 X22.913 Y-5.783 E.01298
SET_VELOCITY_LIMIT ACCEL=10000
G1 E-1.2 F2100
;WIPE_START
G1 F7200
G1 X22.976 Y-5.782
G1 X23.187 Y-5.745
G1 X23.454 Y-5.661
G1 X23.824 Y-5.457
G1 X24.115 Y-5.192
G1 X24.282 Y-4.968
G1 X24.398 Y-4.755
G1 X24.434 Y-4.656
;WIPE_END
G1 X16.815 Y-4.198 Z1.6 F30000
G1 X-22.814 Y-1.811 Z1.6
G1 Z1.2
G1 E1.2 F2100
SET_VELOCITY_LIMIT ACCEL=5000
;TYPE:Inner wall
G1 F9000
G1 X-22.588 Y-1.818 E.0106
G1 X-21.812 Y-1.74 E.03668
G1 X-21.054 Y-1.56 E.03668
G1 X-20.326 Y-1.279 E.03668
G1 X-19.642 Y-.904 E.03668
G1 X-19.014 Y-.442 E.03668
G1 X-18.453 Y.101 E.03668
G1 X-17.97 Y.713 E.03668
G1 X-17.572 Y1.384 E.03668
G1 X-17.268 Y2.102 E.03668
G1 X-17.061 Y2.854 E.03668
G1 X-16.958 Y3.627 E.03668
G1 X-16.958 Y4.407 E.03668
G1 X-17.061 Y5.18 E.03668
G1 X-17.268 Y5.933 E.03668
G1 X-17.572 Y6.651 E.03668
G1 X-17.97 Y7.322 E.03668
G1 X-18.453 Y7.934 E.03668
G1 X-19.014 Y8.476 E.03668
G1 X-19.642 Y8.939 E.03668
G1 X-20.326 Y9.314 E.03668
G1 X-21.054 Y9.594 E.03668
G1 X-21.812 Y9.775 E.03668
G1 X-22.588 Y9.853 E.03668
G1 X-23.368 Y9.827 E.03668
G1 X-24.137 Y9.697 E.03668
G1 X-24.882 Y9.466 E.03668
G1 X-25.59 Y9.138 E.03668
G1 X-26.247 Y8.718 E.03668
G1 X-26.843 Y8.215 E.03668
G1 X-27.366 Y7.636 E.03668
G1 X-27.807 Y6.993 E.03668
G1 X-28.159 Y6.297 E.03668
G1 X-28.415 Y5.56 E.03668
G1 X-28.571 Y4.796 E.03668
G1 X-28.623 Y4.017 E.03668
G1 X-28.571 Y3.239 E.03668
G1 X-28.415 Y2.475 E.03668
G1 X-28.159 Y1.738 E.03668
G1 X-27.807 Y1.042 E.03668
G1 X-27.366 Y.399 E.03668
G1 X-26.843 Y-.18 E.03668
G1 X-26.247 Y-.683 E.03668
G1 X-25.59 Y-1.103 E.03668
G1 X-24.882 Y-1.432 E.03668
G1 X-24.137 Y-1.663 E.03668
G1 X-23.368 Y-1.792 E.03668
G1 X-22.85 Y-1.81 E.02438
SET_VELOCITY_LIMIT ACCEL=10000
G1 X-22.795 Y-1.234 F30000
SET_VELOCITY_LIMIT ACCEL=5000
;TYPE:Outer wall
G1 F7200
G1 X-22.608 Y-1.24 E.00879
G1 X-21.909 Y-1.17 E.03305
G1 X-21.225 Y-1.007 E.03305
G1 X-20.569 Y-.755 E.03305
G1 X-19.953 Y-.417 E.03305
G1 X-19.387 Y0 E.03305
G1 X-18.882 Y.489 E.03305
G1 X-18.446 Y1.04 E.03305
G1 X-18.088 Y1.645 E.03305
G1 X-17.814 Y2.292 E.03305
G1 X-17.628 Y2.97 E.03305
G1 X-17.535 Y3.666 E.03305
G1 X-17.535 Y4.369 E.03305
G1 X-17.628 Y5.065 E.03305
G1 X-17.814 Y5.743 E.03305
G1 X-18.088 Y6.39 E.03305
G1 X-18.446 Y6.995 E.03305
G1 X-18.882 Y7.546 E.03305
G1 X-19.387 Y8.035 E.03305
G1 X-19.953 Y8.452 E.03305
G1 X-20.569 Y8.789 E.03305
G1 X-21.225 Y9.042 E.03305
G1 X-21.909 Y9.205 E.03305
G1 X-22.608 Y9.275 E.03305
G1 X-23.31 Y9.252 E.03305
G1 X-24.003 Y9.135 E.03305
G1 X-24.674 Y8.927 E.03305
G1 X-25.312 Y8.631 E.03305
G1 X-25.733 Y8.362 E.02352
G1 X-25.904 Y8.253 E.00953
G1 X-26.441 Y7.799 E.03305
G1 X-26.912 Y7.278 E.03305
G1 X-27.31 Y6.698 E.03305
G1 X-27.627 Y6.071 E.03305
G1 X-27.857 Y5.407 E.03305
G1 X-27.997 Y4.719 E.03305
G1 X-28.044 Y4.017 E.03305
G1 X-27.997 Y3.316 E.03305
G1 X-27.857 Y2.628 E.03305
G1 X-27.627 Y1.964 E.03305
G1 X-27.31 Y1.336 E.03305
G1 X-26.912 Y.757 E.03305
G1 X-26.441 Y.236 E.03305
G1 X-25.904 Y-.218 E.03305
G1 X-25.312 Y-.596 E.03305
G1 X-24.674 Y-.892 E.03305
G1 X-24.003 Y-1.1 E.03305
G1 X-23.31 Y-1.217 E.03305
G1 X-22.83 Y-1.233 E.02257
SET_VELOCITY_LIMIT ACCEL=10000
G1 E-1.2 F2100
;WIPE_START
G1 F7200
G1 X-22.608 Y-1.24
G1 X-21.909 Y-1.17
G1 X-21.225 Y-1.007
G1 X-20.878 Y-.874
;WIPE_END
G1 X-13.329 Y-1.998 Z1.6 F30000
G1 X30.678 Y-8.553 Z1.6
G1 Z1.2
G1 E1.2 F2100
SET_VELOCITY_LIMIT ACCEL=5000
;TYPE:Inner wall
G1 F9000
G1 X30.681 Y-8.547 E.00028
G1 X30.982 Y-7.995 E.02956
G1 X31.314 Y-7.222 E.03958
G1 X31.573 Y-6.421 E.03958
G1 X31.757 Y-5.6 E.03958
G1 X31.865 Y-4.765 E.03958
G1 X31.895 Y-3.924 E.03958
G1 X31.848 Y-3.083 E.03958
G1 X31.816 Y-2.873 E.01002
G1 X31.723 Y-2.251 E.02956
G1 X31.522 Y-1.434 E.03958
G1 X31.246 Y-.639 E.03958
G1 X30.898 Y.128 E.03958
G1 X30.481 Y.859 E.03958
G1 X29.998 Y1.548 E.03958
G1 X29.454 Y2.19 E.03958
G1 X28.853 Y2.779 E.03958
G1 X28.2 Y3.31 E.03958
G1 X27.501 Y3.779 E.03958
G1 X26.761 Y4.181 E.03958
G1 X25.988 Y4.513 E.03958
G1 X25.187 Y4.772 E.03958
G1 X24.346 Y4.961 E.04054
G1 X-21.181 Y12.988 E2.1739
G1 X-22.036 Y13.099 E.04054
G1 X-22.877 Y13.129 E.03958
G1 X-23.717 Y13.081 E.03958
G1 X-24.55 Y12.957 E.03958
G1 X-25.367 Y12.755 E.03958
G1 X-26.162 Y12.48 E.03958
G1 X-26.929 Y12.132 E.03958
G1 X-27.66 Y11.715 E.03958
G1 X-28.349 Y11.232 E.03958
G1 X-28.991 Y10.688 E.03958
G1 X-29.58 Y10.087 E.03958
G1 X-30.111 Y9.434 E.03958
G1 X-30.58 Y8.734 E.03958
G1 X-30.681 Y8.547 E.01002
G1 X-30.982 Y7.995 E.02956
G1 X-31.314 Y7.222 E.03958
G1 X-31.573 Y6.421 E.03958
G1 X-31.757 Y5.6 E.03958
G1 X-31.865 Y4.765 E.03958
G1 X-31.895 Y3.924 E.03958
G1 X-31.848 Y3.084 E.03958
G1 X-31.723 Y2.251 E.03958
G1 X-31.522 Y1.434 E.03958
G1 X-31.246 Y.639 E.03958
G1 X-30.898 Y-.128 E.03958
G1 X-30.481 Y-.859 E.03958
G1 X-29.998 Y-1.548 E.03958
G1 X-29.454 Y-2.19 E.03958
G1 X-28.853 Y-2.779 E.03958
G1 X-28.2 Y-3.31 E.03958
G1 X-27.501 Y-3.779 E.03958
G1 X-26.761 Y-4.181 E.03958
G1 X-25.988 Y-4.513 E.03958
G1 X-25.187 Y-4.772 E.03958
G1 X-24.346 Y-4.961 E.04054
G1 X21.181 Y-12.988 E2.1739
G1 X22.036 Y-13.099 E.04054
G1 X22.877 Y-13.129 E.03958
G1 X23.09 Y-13.117 E.01002
G1 X23.717 Y-13.081 E.02956
G1 X24.55 Y-12.956 E.03958
G1 X25.367 Y-12.755 E.03958
G1 X26.162 Y-12.48 E.03958
G1 X26.929 Y-12.132 E.03958
G1 X27.66 Y-11.715 E.03958
G1 X28.349 Y-11.232 E.03958
G1 X28.991 Y-10.688 E.03958
G1 X29.58 Y-10.087 E.03958
G1 X30.111 Y-9.434 E.03958
G1 X30.58 Y-8.734 E.03958
G1 X30.661 Y-8.584 E.00804
SET_VELOCITY_LIMIT ACCEL=10000
G1 X31.185 Y-8.828 F30000
SET_VELOCITY_LIMIT ACCEL=5000
;TYPE:Outer wall
G1 F7200
G1 X31.188 Y-8.823 E.00028
G1 X31.501 Y-8.247 E.03082
G1 X31.854 Y-7.425 E.04209
G1 X32.13 Y-6.573 E.04209
G1 X32.326 Y-5.7 E.04209
G1 X32.441 Y-4.812 E.04209
G1 X32.473 Y-3.918 E.04209
G1 X32.422 Y-3.024 E.04209
G1 X32.387 Y-2.787 E.01127
G1 X32.289 Y-2.139 E.03082
G1 X32.076 Y-1.27 E.04209
G1 X31.782 Y-.424 E.04209
G1 X31.413 Y.391 E.04209
G1 X30.969 Y1.168 E.04209
G1 X30.456 Y1.901 E.04209
G1 X29.877 Y2.584 E.04209
G1 X29.238 Y3.21 E.04209
G1 X28.543 Y3.775 E.04209
G1 X27.8 Y4.273 E.04209
G1 X27.013 Y4.7 E.04209
G1 X26.191 Y5.053 E.04209
G1 X25.339 Y5.329 E.04209
G1 X24.459 Y5.527 E.04242
G1 X-21.094 Y13.559 E2.17516
G1 X-21.989 Y13.674 E.04242
G1 X-22.883 Y13.707 E.04209
G1 X-23.777 Y13.656 E.04209
G1 X-24.662 Y13.523 E.04209
G1 X-25.531 Y13.309 E.04209
G1 X-26.376 Y13.016 E.04209
G1 X-27.191 Y12.646 E.04209
G1 X-27.969 Y12.203 E.04209
G1 X-28.702 Y11.69 E.04209
G1 X-29.385 Y11.111 E.04209
G1 X-30.011 Y10.471 E.04209
G1 X-30.576 Y9.777 E.04209
G1 X-31.074 Y9.033 E.04209
G1 X-31.188 Y8.823 E.01127
G1 X-31.501 Y8.247 E.03082
G1 X-31.854 Y7.425 E.04209
G1 X-32.13 Y6.573 E.04209
G1 X-32.326 Y5.7 E.04209
G1 X-32.441 Y4.812 E.04209
G1 X-32.473 Y3.918 E.04209
G1 X-32.422 Y3.024 E.04209
G1 X-32.289 Y2.139 E.04209
G1 X-32.076 Y1.27 E.04209
G1 X-31.782 Y.424 E.04209
G1 X-31.413 Y-.39 E.04209
G1 X-30.969 Y-1.168 E.04209
G1 X-30.456 Y-1.901 E.04209
G1 X-29.877 Y-2.584 E.04209
G1 X-29.238 Y-3.21 E.04209
G1 X-28.543 Y-3.775 E.04209
G1 X-27.8 Y-4.273 E.04209
G1 X-27.013 Y-4.7 E.04209
G1 X-26.191 Y-5.053 E.04209
G1 X-25.339 Y-5.329 E.04209
G1 X-24.459 Y-5.527 E.04242
G1 X21.094 Y-13.559 E2.17516
G1 X21.989 Y-13.674 E.04243
G1 X22.883 Y-13.706 E.04209
G1 X23.122 Y-13.693 E.01127
G1 X23.777 Y-13.656 E.03082
G1 X24.662 Y-13.523 E.04209
G1 X25.531 Y-13.309 E.04209
G1 X26.376 Y-13.016 E.04209
G1 X27.191 Y-12.646 E.04209
G1 X27.969 Y-12.203 E.04209
G1 X28.702 Y-11.69 E.04209
G1 X29.385 Y-11.111 E.04209
G1 X30.011 Y-10.471 E.04209
G1 X30.576 Y-9.777 E.04209
G1 X31.074 Y-9.033 E.04209
G1 X31.168 Y-8.86 E.0093
SET_VELOCITY_LIMIT ACCEL=10000
G1 E-1.2 F2100
M73 P37 R4
;WIPE_START
G1 F7200
G1 X31.188 Y-8.823
G1 X31.501 Y-8.247
G1 X31.854 Y-7.425
G1 X31.98 Y-7.037
;WIPE_END
G1 X31.31 Y-6.009 Z1.6 F30000
G1 Z1.2
G1 E1.2 F2100
;TYPE:Sparse infill
G1 F6000
G1 X31.416 Y-5.539 E.02261
G1 X31.519 Y-4.736 E.03807
G1 X31.548 Y-3.927 E.03807
G1 X31.537 Y-3.719 E.00979
G1 X22.488 Y-12.768 E.60178
G1 X22.064 Y-12.753 E.01992
G1 X21.233 Y-12.646 E.03942
G1 X17.409 Y-11.971 E.18262
G1 X22.67 Y-6.71 E.34992
G1 X23.062 Y-6.704 E.01843
G1 X23.406 Y-6.645 E.0164
G1 X23.819 Y-6.514 E.0204
G1 X24.365 Y-6.213 E.0293
G1 X24.801 Y-5.815 E.02775
G1 X25.061 Y-5.468 E.02041
G1 X25.243 Y-5.134 E.01786
G1 X25.382 Y-4.748 E.01932
G1 X25.474 Y-4.371 E.01825
G1 X25.522 Y-3.992 E.01796
G1 X25.518 Y-3.862 E.00612
G1 X30.133 Y.753 E.30688
G1 X29.724 Y1.337 E.03352
G1 X29.2 Y1.954 E.03807
G1 X28.622 Y2.521 E.03807
G1 X27.994 Y3.031 E.03807
G1 X27.321 Y3.482 E.03807
G1 X27.104 Y3.6 E.01162
G1 X22.475 Y-1.029 E.30784
G1 X22.271 Y-1.033 E.00958
G1 X21.712 Y-1.173 E.02713
G1 X21.219 Y-1.413 E.02577
G1 X20.769 Y-1.74 E.02617
G1 X20.399 Y-2.161 E.02637
G1 X20.132 Y-2.637 E.02566
G1 X19.964 Y-3.113 E.02374
G1 X19.88 Y-3.624 E.02436
G1 X12.413 Y-11.091 E.49653
G1 X7.418 Y-10.21 E.23852
G1 X22.553 Y4.925 E1.00653
G1 X17.558 Y5.806 E.23852
G1 X9.704 Y-2.048 E.52233
G1 X9.434 Y-1.863 E.01538
G1 X9.098 Y-1.694 E.01771
G1 X8.638 Y-1.541 E.02276
G1 X8.14 Y-1.466 E.02368
G1 X7.596 Y-1.476 E.02559
G1 X7.037 Y-1.616 E.02713
G1 X6.544 Y-1.857 E.02577
G1 X6.094 Y-2.183 E.02617
G1 X5.724 Y-2.605 E.02637
G1 X5.457 Y-3.081 E.02566
G1 X5.289 Y-3.557 E.02374
G1 X5.205 Y-4.048 E.02345
G1 X5.205 Y-4.542 E.02325
G1 X5.287 Y-5.026 E.02305
G1 X5.45 Y-5.484 E.02286
G1 X5.693 Y-5.918 E.02341
G1 X5.758 Y-5.994 E.00471
G1 X2.423 Y-9.329 E.22176
G1 X-2.572 Y-8.448 E.23852
G1 X12.563 Y6.687 E1.00653
G1 X10.29 Y7.088 E.10855
G1 X-4.696 Y9.73 F30000
G1 F6000
G1 X-2.423 Y9.329 E.10855
G1 X-7.382 Y4.371 E.32976
G1 X-7.791 Y4.268 E.01983
G1 X-8.283 Y4.027 E.02577
G1 X-8.734 Y3.701 E.02617
G1 X-9.104 Y3.279 E.02637
G1 X-9.371 Y2.804 E.02566
G1 X-9.539 Y2.328 E.02374
G1 X-9.562 Y2.19 E.00658
G1 X-17.558 Y-5.806 E.53173
G1 X-12.563 Y-6.687 E.23852
G1 X-9.769 Y-3.893 E.1858
G1 X-9.711 Y-3.557 E.01604
G1 X-9.543 Y-3.081 E.02374
G1 X-9.276 Y-2.605 E.02566
G1 X-8.906 Y-2.183 E.02637
G1 X-8.618 Y-1.975 E.01674
G1 X-7.142 Y-1.529 F30000
;TYPE:Gap infill
;WIDTH:0.235855
G1 F9000
G1 X-6.29 Y-1.253 E.01409
;WIDTH:0.181887
G1 X-6.153 Y-1.203 E.00165
;WIDTH:0.141547
G1 X-6.017 Y-1.153 E.00117
G1 X-6.11 Y-1.138 F30000
;WIDTH:0.385124
G1 F9000
G1 X-6.655 Y-1.381 E.01664
G1 X-6.629 Y-1.407 E.00102
;WIDTH:0.320878
G1 X-6.604 Y-1.434 E.00083
;WIDTH:0.276331
G1 X-6.579 Y-1.46 E.0007
;WIDTH:0.231784
G1 X-6.553 Y-1.486 E.00056
;WIDTH:0.187238
G1 X-6.528 Y-1.513 E.00043
;WIDTH:0.141143
G1 X-6.347 Y-1.57 E.00152
G1 X-6.393 Y-1.399 F30000
;WIDTH:0.369354
G1 F9000
G1 X-7.101 Y-1.357 E.01887
;WIDTH:0.360224
G1 X-7.203 Y-1.417 E.00306
;WIDTH:0.312556
G1 X-7.305 Y-1.477 E.0026
;WIDTH:0.288722
G1 X-7.407 Y-1.536 E.00237
G1 X-7.643 Y-1.561 F30000
;WIDTH:0.164634
G1 F9000
G1 X-6.516 Y-1.207 E.01172
G1 X-4.629 Y-.278 F30000
;TYPE:Sparse infill
;WIDTH:0.62
G1 F6000
G1 X-4.441 Y-.027 E.01471
G1 X-4.259 Y.306 E.01786
G1 X-4.12 Y.693 E.01932
G1 X-4.028 Y1.07 E.01825
G1 X-3.981 Y1.449 E.01796
G1 X-3.992 Y1.884 E.02045
G1 X2.572 Y8.448 E.43658
G1 X7.568 Y7.568 E.23852
G1 X-4.161 Y-4.161 E.77996
G1 X-4.153 Y-4.435 E.01292
G1 X-4.201 Y-4.814 E.01796
G1 X-4.293 Y-5.191 E.01825
G1 X-4.432 Y-5.578 E.01932
G1 X-4.614 Y-5.911 E.01786
G1 X-4.903 Y-6.285 E.02221
G1 X-6.476 Y-7.45 F30000
;TYPE:Gap infill
;WIDTH:0.691454
G1 F9000
G1 X-6.786 Y-7.425 E.01644
;WIDTH:0.650822
G1 X-7.149 Y-7.394 E.01803
G1 X-7.614 Y-7.314 E.02335
;WIDTH:0.660923
G1 X-8.028 Y-7.209 E.02153
;WIDTH:0.679351
G1 X-8.443 Y-7.105 E.02217
G1 X-20.28 Y-5.326 F30000
;TYPE:Sparse infill
;WIDTH:0.62
G1 F6000
G1 X-22.553 Y-4.925 E.10855
G1 X-7.418 Y10.21 E1.00653
G1 X-12.413 Y11.091 E.23852
G1 X-17.094 Y6.41 E.31127
G1 X-17.262 Y6.807 E.02029
G1 X-17.683 Y7.518 E.03886
G1 X-18.196 Y8.167 E.03886
G1 X-18.79 Y8.741 E.03886
G1 X-19.455 Y9.232 E.03886
G1 X-19.903 Y9.477 E.02403
G1 X-17.409 Y11.972 E.16589
G1 X-21.233 Y12.646 E.18262
G1 X-22.064 Y12.753 E.03941
G1 X-22.488 Y12.768 E.01992
G1 X-25.915 Y9.341 E.22794
G1 X-26.453 Y8.998 E.03
G1 X-27.084 Y8.464 E.03886
G1 X-27.638 Y7.851 E.03886
G1 X-28.126 Y7.13 E.04095
G1 X-31.537 Y3.719 E.2268
G1 X-31.548 Y3.927 E.00979
G1 X-31.519 Y4.736 E.03807
G1 X-31.416 Y5.539 E.03807
G1 X-31.31 Y6.009 E.02261
G1 X-28.923 Y3.326 F30000
G1 F6000
G1 X-28.914 Y3.193 E.00629
G1 X-28.75 Y2.383 E.03886
G1 X-28.479 Y1.602 E.03886
G1 X-28.243 Y1.137 E.02454
G1 X-30.133 Y-.753 E.12564
G1 X-29.724 Y-1.336 E.03352
G1 X-29.2 Y-1.954 E.03807
G1 X-28.622 Y-2.521 E.03807
G1 X-27.994 Y-3.031 E.03807
G1 X-27.321 Y-3.482 E.03807
G1 X-27.104 Y-3.6 E.01162
G1 X-25.179 Y-1.675 E.128
G1 X-25.007 Y-1.755 E.00894
G1 X-24.218 Y-2 E.03886
G1 X-23.403 Y-2.138 E.03886
G1 X-22.938 Y-2.153 E.02188
;LAYER_CHANGE
;Z:1.4
;HEIGHT:0.2
;BEFORE_LAYER_CHANGE
;1.4
G1 E-1.2 F2100
;WIPE_START
G1 F6000
G1 X-23.403 Y-2.138
G1 X-24.218 Y-2
G1 X-24.894 Y-1.79
;WIPE_END
;AFTER_LAYER_CHANGE
;1.4
;_SET_FAN_SPEED_CHANGING_LAYER
G17
G3 Z1.8 I-.038 J1.216 P1  F30000
G1 X-6.841 Y-1.221 Z1.8
G1 Z1.4
M73 P38 R4
G1 E1.2 F2100
SET_VELOCITY_LIMIT ACCEL=5000
;TYPE:Inner wall
G1 F9000
G1 X-6.534 Y-1.207 E.01444
G1 X-6.109 Y-1.113 E.02048
G1 X-5.787 Y-.989 E.01622
G1 X-5.426 Y-.788 E.01941
G1 X-5.011 Y-.438 E.02555
G1 X-4.737 Y-.095 E.02062
G1 X-4.534 Y.275 E.01984
G1 X-4.398 Y.669 E.01964
G1 X-4.331 Y1.078 E.01945
G1 X-4.335 Y1.506 E.02014
G1 X-4.485 Y2.173 E.03215
G1 X-4.651 Y2.55 E.01938
G1 X-4.867 Y2.876 E.01835
G1 X-5.058 Y3.089 E.01348
G1 X-5.343 Y3.335 E.01768
G1 X-5.815 Y3.599 E.02547
G1 X-6.216 Y3.724 E.01974
G1 X-6.616 Y3.776 E.01895
G1 X-7.037 Y3.759 E.01984
G1 X-7.698 Y3.587 E.03209
G1 X-8.074 Y3.407 E.01961
G1 X-8.41 Y3.168 E.01937
G1 X-8.703 Y2.874 E.01957
G1 X-8.954 Y2.516 E.02053
G1 X-9.18 Y1.991 E.02688
G1 X-9.263 Y1.593 E.01912
G1 X-9.285 Y1.289 E.01432
G1 X-9.256 Y.866 E.01993
G1 X-9.152 Y.437 E.02076
G1 X-8.976 Y.028 E.02096
G1 X-8.71 Y-.381 E.02291
G1 X-8.342 Y-.722 E.02361
G1 X-7.931 Y-.979 E.02282
G1 X-7.4 Y-1.178 E.02666
G1 X-6.998 Y-1.228 E.01902
G1 X-6.877 Y-1.222 E.00571
SET_VELOCITY_LIMIT ACCEL=10000
G1 X-6.867 Y-.644 F30000
SET_VELOCITY_LIMIT ACCEL=5000
;TYPE:Outer wall
G1 F7200
G1 X-6.61 Y-.633 E.0121
G1 X-6.276 Y-.559 E.01609
G1 X-6.032 Y-.465 E.0123
G1 X-5.756 Y-.311 E.01486
G1 X-5.426 Y-.033 E.02029
G1 X-5.219 Y.226 E.01559
G1 X-5.063 Y.51 E.01524
G1 X-4.959 Y.811 E.01498
G1 X-4.908 Y1.122 E.01482
G1 X-4.911 Y1.439 E.01491
G1 X-5.036 Y1.991 E.02661
G1 X-5.16 Y2.273 E.01449
G1 X-5.325 Y2.522 E.01405
G1 F7020
G1 X-5.463 Y2.677 E.00976
G1 F6240
G1 X-5.675 Y2.859 E.01314
G1 F5100
G1 X-6.044 Y3.066 E.0199
G1 F4200
G1 X-6.34 Y3.158 E.01458
G1 F3360
G1 X-6.641 Y3.197 E.01427
G1 F2520
G1 X-6.952 Y3.184 E.01464
G1 X-7.499 Y3.042 E.02658
G1 X-7.78 Y2.908 E.01464
M106 S255
G1 F3300
G1 X-8.035 Y2.726 E.01473
G1 F4260
G1 X-8.259 Y2.501 E.01493
G1 F6000
G1 X-8.448 Y2.234 E.01538
G1 F7200
G1 X-8.627 Y1.816 E.02138
G1 X-8.69 Y1.513 E.01455
G1 X-8.706 Y1.288 E.01061
G1 X-8.683 Y.954 E.01574
G1 X-8.603 Y.62 E.01615
G1 X-8.465 Y.301 E.01634
G1 X-8.266 Y-.007 E.01724
G1 X-7.99 Y-.262 E.01767
G1 X-7.674 Y-.459 E.01751
G1 X-7.261 Y-.614 E.02074
G1 X-6.975 Y-.649 E.01355
G1 X-6.903 Y-.646 E.00339
SET_VELOCITY_LIMIT ACCEL=10000
G1 E-1.2 F2100
;WIPE_START
G1 F7200
G1 X-6.61 Y-.633
G1 X-6.276 Y-.559
G1 X-6.032 Y-.465
G1 X-5.756 Y-.311
G1 X-5.426 Y-.033
G1 X-5.219 Y.226
G1 X-5.207 Y.248
;WIPE_END
G1 X-8.082 Y-2.399 Z1.8 F30000
G1 Z1.4
G1 E1.2 F2100
SET_VELOCITY_LIMIT ACCEL=5000
;TYPE:Inner wall
G1 F9000
G1 X-8.246 Y-2.477 E.00858
G1 X-8.582 Y-2.716 E.01937
G1 X-8.876 Y-3.011 E.01957
G1 X-9.127 Y-3.368 E.02053
G1 X-9.352 Y-3.893 E.02688
G1 X-9.435 Y-4.291 E.01912
G1 X-9.457 Y-4.595 E.01432
G1 X-9.428 Y-5.018 E.01993
G1 X-9.325 Y-5.447 E.02076
G1 X-9.148 Y-5.857 E.02096
G1 X-8.883 Y-6.265 E.02291
G1 X-8.515 Y-6.606 E.02361
G1 X-8.103 Y-6.863 E.02282
G1 X-7.572 Y-7.062 E.02666
G1 X-7.171 Y-7.112 E.01902
G1 X-6.707 Y-7.091 E.02185
G1 X-6.281 Y-6.997 E.02048
G1 X-5.959 Y-6.873 E.01621
G1 X-5.599 Y-6.672 E.01941
G1 X-5.183 Y-6.322 E.02555
G1 X-4.91 Y-5.979 E.02062
G1 X-4.706 Y-5.61 E.01984
G1 X-4.57 Y-5.215 E.01964
G1 X-4.503 Y-4.807 E.01945
G1 X-4.507 Y-4.378 E.02014
G1 X-4.658 Y-3.711 E.03215
G1 X-4.824 Y-3.334 E.01939
G1 X-5.039 Y-3.009 E.01835
G1 X-5.23 Y-2.795 E.01348
G1 X-5.515 Y-2.55 E.01768
G1 X-5.988 Y-2.285 E.02547
G1 X-6.389 Y-2.161 E.01974
G1 X-6.788 Y-2.108 E.01895
G1 X-7.21 Y-2.126 E.01984
G1 X-7.87 Y-2.297 E.03209
G1 X-8.049 Y-2.383 E.00933
SET_VELOCITY_LIMIT ACCEL=10000
G1 X-7.833 Y-2.919 F30000
SET_VELOCITY_LIMIT ACCEL=5000
;TYPE:Outer wall
G1 F2640
G1 X-7.953 Y-2.977 E.00627
M106 S255
G1 F3300
G1 X-8.208 Y-3.158 E.0147
G1 F4260
G1 X-8.432 Y-3.383 E.01493
G1 F6000
G1 X-8.62 Y-3.651 E.01539
G1 F7200
G1 X-8.799 Y-4.068 E.02134
G1 X-8.862 Y-4.372 E.0146
G1 X-8.879 Y-4.596 E.01056
G1 X-8.856 Y-4.93 E.01574
G1 X-8.775 Y-5.264 E.01616
G1 X-8.638 Y-5.583 E.01633
G1 X-8.438 Y-5.891 E.01727
G1 X-8.163 Y-6.146 E.01764
G1 X-7.847 Y-6.343 E.01751
G1 X-7.433 Y-6.498 E.02079
G1 X-7.148 Y-6.533 E.0135
G1 X-6.783 Y-6.517 E.01718
G1 X-6.448 Y-6.443 E.01613
G1 X-6.205 Y-6.349 E.01225
G1 X-5.928 Y-6.195 E.0149
G1 X-5.599 Y-5.918 E.02022
G1 X-5.392 Y-5.658 E.01563
G1 X-5.236 Y-5.375 E.0152
G1 X-5.132 Y-5.073 E.01502
G1 X-5.081 Y-4.762 E.01482
G1 X-5.084 Y-4.445 E.01491
G1 X-5.209 Y-3.893 E.02661
G1 X-5.332 Y-3.611 E.01447
G1 X-5.498 Y-3.362 E.01407
G1 F7020
G1 X-5.635 Y-3.207 E.00973
G1 F6240
G1 X-5.847 Y-3.025 E.01314
G1 F5100
G1 X-6.217 Y-2.818 E.01994
G1 F4200
G1 X-6.513 Y-2.726 E.01458
G1 F3360
G1 X-6.814 Y-2.687 E.01427
G1 F2520
G1 X-7.124 Y-2.7 E.01459
G1 X-7.671 Y-2.842 E.02658
G1 X-7.8 Y-2.904 E.00673
SET_VELOCITY_LIMIT ACCEL=10000
G1 E-1.2 F2100
;WIPE_START
G1 F2520
G1 X-7.953 Y-2.977
G1 X-8.208 Y-3.158
G1 X-8.432 Y-3.383
G1 X-8.62 Y-3.651
G1 X-8.799 Y-4.068
G1 X-8.862 Y-4.372
G1 X-8.87 Y-4.48
;WIPE_END
G17
G3 Z1.8 I.101 J1.213 P1  F30000
G1 X5.785 Y-5.702 Z1.8
G1 Z1.4
G1 E1.2 F2100
SET_VELOCITY_LIMIT ACCEL=5000
;TYPE:Inner wall
G1 F9000
M106 S255
G1 X5.852 Y-5.857 E.00789
G1 X6.117 Y-6.265 E.02291
G1 X6.485 Y-6.606 E.02361
G1 X6.897 Y-6.863 E.02282
G1 X7.428 Y-7.062 E.02666
G1 X7.829 Y-7.112 E.01902
G1 X8.293 Y-7.091 E.02185
G1 X8.719 Y-6.997 E.02048
G1 X9.041 Y-6.873 E.01621
G1 X9.401 Y-6.672 E.01941
G1 X9.817 Y-6.322 E.02555
G1 X10.09 Y-5.979 E.02062
G1 X10.294 Y-5.61 E.01984
G1 X10.43 Y-5.215 E.01965
G1 X10.497 Y-4.807 E.01945
G1 X10.493 Y-4.378 E.02014
G1 X10.342 Y-3.711 E.03215
G1 X10.176 Y-3.334 E.01938
G1 X9.961 Y-3.009 E.01835
G1 X9.77 Y-2.795 E.01348
G1 X9.485 Y-2.55 E.01768
G1 X9.012 Y-2.285 E.02547
G1 X8.611 Y-2.161 E.01974
G1 X8.212 Y-2.108 E.01895
G1 X7.79 Y-2.126 E.01984
G1 X7.13 Y-2.297 E.03209
G1 X6.754 Y-2.477 E.01961
G1 X6.418 Y-2.716 E.01937
G1 X6.124 Y-3.011 E.01957
G1 X5.873 Y-3.368 E.02053
G1 X5.648 Y-3.893 E.02688
G1 X5.565 Y-4.291 E.01912
G1 X5.543 Y-4.595 E.01432
G1 X5.572 Y-5.018 E.01993
G1 X5.675 Y-5.447 E.02076
G1 X5.771 Y-5.669 E.01138
SET_VELOCITY_LIMIT ACCEL=10000
G1 X6.315 Y-5.474 F30000
SET_VELOCITY_LIMIT ACCEL=5000
;TYPE:Outer wall
G1 F7200
G1 X6.362 Y-5.583 E.00558
G1 X6.562 Y-5.891 E.01727
G1 X6.837 Y-6.146 E.01764
G1 X7.153 Y-6.343 E.01751
G1 X7.567 Y-6.498 E.02079
G1 X7.852 Y-6.533 E.0135
G1 X8.217 Y-6.517 E.01718
G1 X8.552 Y-6.443 E.01613
G1 X8.795 Y-6.349 E.01225
G1 X9.072 Y-6.195 E.0149
G1 X9.401 Y-5.918 E.02022
G1 X9.608 Y-5.658 E.01563
G1 X9.764 Y-5.375 E.0152
G1 X9.868 Y-5.073 E.01502
G1 X9.919 Y-4.762 E.01482
G1 X9.916 Y-4.445 E.01491
G1 X9.791 Y-3.893 E.02661
G1 X9.668 Y-3.611 E.01447
G1 X9.502 Y-3.362 E.01407
G1 F7020
G1 X9.365 Y-3.207 E.00973
G1 F6240
G1 X9.153 Y-3.025 E.01314
G1 F5100
G1 X8.783 Y-2.818 E.01994
G1 F4200
G1 X8.487 Y-2.726 E.01458
G1 F3360
G1 X8.186 Y-2.687 E.01427
G1 F2520
G1 X7.876 Y-2.7 E.01459
G1 X7.329 Y-2.842 E.02658
G1 X7.047 Y-2.977 E.0147
M106 S255
G1 F3300
G1 X6.792 Y-3.158 E.0147
G1 F4260
G1 X6.568 Y-3.383 E.01493
G1 F6000
G1 X6.38 Y-3.651 E.01539
G1 F7200
G1 X6.201 Y-4.068 E.02134
G1 X6.138 Y-4.372 E.0146
G1 X6.121 Y-4.596 E.01056
G1 X6.144 Y-4.93 E.01574
G1 X6.225 Y-5.264 E.01616
G1 X6.301 Y-5.441 E.00906
SET_VELOCITY_LIMIT ACCEL=10000
G1 E-1.2 F2100
;WIPE_START
G1 F7200
G1 X6.362 Y-5.583
G1 X6.562 Y-5.891
G1 X6.837 Y-6.146
G1 X7.153 Y-6.343
G1 X7.567 Y-6.498
G1 X7.852 Y-6.533
G1 X7.854 Y-6.533
;WIPE_END
G17
G3 Z1.8 I.008 J1.217 P1  F30000
G1 X23.055 Y-6.629 Z1.8
G1 Z1.4
G1 E1.2 F2100
SET_VELOCITY_LIMIT ACCEL=5000
;TYPE:Inner wall
G1 F9000
G1 X23.394 Y-6.553 E.01631
G1 X23.716 Y-6.43 E.01621
G1 X24.076 Y-6.229 E.01941
G1 X24.492 Y-5.879 E.02555
G1 X24.765 Y-5.536 E.02062
G1 X24.969 Y-5.166 E.01984
G1 X25.105 Y-4.772 E.01964
G1 X25.172 Y-4.363 E.01945
G1 X25.168 Y-3.935 E.02014
G1 X25.017 Y-3.268 E.03215
G1 X24.851 Y-2.891 E.01939
G1 X24.636 Y-2.565 E.01835
G1 X24.445 Y-2.351 E.01348
G1 X24.16 Y-2.106 E.01768
G1 X23.687 Y-1.842 E.02547
G1 X23.286 Y-1.717 E.01974
G1 X22.887 Y-1.665 E.01895
G1 X22.465 Y-1.682 E.01984
G1 X21.805 Y-1.854 E.03209
G1 X21.429 Y-2.034 E.01961
G1 X21.093 Y-2.272 E.01937
G1 X20.799 Y-2.567 E.01957
G1 X20.548 Y-2.925 E.02053
G1 X20.323 Y-3.45 E.02688
G1 X20.24 Y-3.848 E.01912
G1 X20.218 Y-4.152 E.01432
G1 X20.247 Y-4.575 E.01993
G1 X20.35 Y-5.004 E.02076
G1 X20.527 Y-5.413 E.02096
G1 X20.792 Y-5.822 E.02291
G1 X21.16 Y-6.163 E.02361
G1 X21.572 Y-6.42 E.02282
G1 X22.103 Y-6.619 E.02666
G1 X22.504 Y-6.669 E.01902
G1 X22.968 Y-6.648 E.02185
G1 X23.02 Y-6.636 E.00248
SET_VELOCITY_LIMIT ACCEL=10000
G1 X22.93 Y-6.065 F30000
SET_VELOCITY_LIMIT ACCEL=5000
;TYPE:Outer wall
G1 F7200
G1 X23.227 Y-5.999 E.01431
G1 X23.47 Y-5.906 E.01224
G1 X23.747 Y-5.752 E.0149
G1 X24.076 Y-5.474 E.02025
G1 X24.283 Y-5.215 E.01559
G1 X24.439 Y-4.931 E.01524
G1 X24.543 Y-4.63 E.01498
G1 X24.594 Y-4.319 E.01482
G1 X24.591 Y-4.002 E.01491
G1 X24.466 Y-3.449 E.02666
G1 X24.343 Y-3.168 E.01442
G1 X24.177 Y-2.919 E.01407
G1 F7020
G1 X24.04 Y-2.764 E.00973
G1 F6240
G1 X23.828 Y-2.582 E.01314
G1 F5100
G1 X23.458 Y-2.375 E.01994
G1 F4200
G1 X23.162 Y-2.283 E.01458
G1 F3360
G1 X22.861 Y-2.244 E.01427
G1 F2520
G1 X22.551 Y-2.256 E.01459
G1 X22.004 Y-2.399 E.02659
G1 X21.722 Y-2.533 E.01468
M106 S255
G1 F3300
G1 X21.467 Y-2.714 E.0147
G1 F4260
G1 X21.243 Y-2.939 E.01493
G1 F6000
G1 X21.055 Y-3.207 E.01539
G1 F7200
G1 X20.876 Y-3.625 E.02138
G1 X20.813 Y-3.928 E.01455
G1 X20.796 Y-4.153 E.01061
G1 X20.819 Y-4.487 E.01574
G1 X20.9 Y-4.821 E.01616
G1 X21.037 Y-5.14 E.01633
G1 X21.237 Y-5.447 E.01723
G1 X21.512 Y-5.703 E.01767
G1 X21.828 Y-5.9 E.01751
G1 X22.242 Y-6.054 E.02077
G1 X22.527 Y-6.09 E.01351
G1 X22.892 Y-6.074 E.01718
G1 X22.895 Y-6.073 E.00015
SET_VELOCITY_LIMIT ACCEL=10000
G1 E-1.2 F2100
;WIPE_START
G1 F7200
G1 X23.227 Y-5.999
G1 X23.47 Y-5.906
G1 X23.747 Y-5.752
G1 X24.076 Y-5.474
G1 X24.283 Y-5.215
G1 X24.437 Y-4.935
;WIPE_END
G1 X16.822 Y-4.431 Z1.8 F30000
G1 X-22.849 Y-1.81 Z1.8
G1 Z1.4
G1 E1.2 F2100
SET_VELOCITY_LIMIT ACCEL=5000
;TYPE:Inner wall
G1 F9000
G1 X-22.588 Y-1.818 E.01226
G1 X-21.812 Y-1.74 E.03668
G1 X-21.054 Y-1.56 E.03668
G1 X-20.326 Y-1.279 E.03668
G1 X-19.642 Y-.904 E.03668
G1 X-19.014 Y-.442 E.03668
G1 X-18.453 Y.101 E.03668
G1 X-17.97 Y.713 E.03668
G1 X-17.572 Y1.384 E.03668
G1 X-17.268 Y2.102 E.03668
G1 X-17.061 Y2.854 E.03668
G1 X-16.958 Y3.627 E.03668
G1 X-16.958 Y4.407 E.03668
G1 X-17.061 Y5.18 E.03668
G1 X-17.268 Y5.933 E.03668
G1 X-17.572 Y6.651 E.03668
G1 X-17.97 Y7.322 E.03668
G1 X-18.453 Y7.934 E.03668
G1 X-19.014 Y8.476 E.03668
G1 X-19.642 Y8.939 E.03668
G1 X-20.326 Y9.314 E.03668
G1 X-21.054 Y9.594 E.03668
G1 X-21.812 Y9.775 E.03668
G1 X-22.588 Y9.853 E.03668
G1 X-23.368 Y9.827 E.03668
G1 X-24.137 Y9.697 E.03668
G1 X-24.882 Y9.466 E.03668
G1 X-25.59 Y9.138 E.03668
G1 X-26.247 Y8.718 E.03668
G1 X-26.843 Y8.215 E.03668
G1 X-27.366 Y7.636 E.03668
G1 X-27.807 Y6.993 E.03668
G1 X-28.159 Y6.297 E.03668
G1 X-28.415 Y5.56 E.03668
G1 X-28.571 Y4.796 E.03668
G1 X-28.623 Y4.017 E.03668
G1 X-28.571 Y3.239 E.03668
G1 X-28.415 Y2.475 E.03668
G1 X-28.159 Y1.738 E.03668
G1 X-27.807 Y1.042 E.03668
G1 X-27.521 Y.625 E.02378
G1 X-27.366 Y.399 E.0129
G1 X-26.843 Y-.18 E.03668
G1 X-26.247 Y-.683 E.03668
G1 X-25.59 Y-1.103 E.03668
G1 X-24.882 Y-1.432 E.03668
G1 X-24.137 Y-1.663 E.03668
G1 X-23.368 Y-1.792 E.03668
G1 X-22.885 Y-1.809 E.02273
SET_VELOCITY_LIMIT ACCEL=10000
G1 X-22.83 Y-1.233 F30000
SET_VELOCITY_LIMIT ACCEL=5000
;TYPE:Outer wall
G1 F7200
G1 X-22.608 Y-1.24 E.01044
G1 X-21.909 Y-1.17 E.03305
G1 X-21.225 Y-1.007 E.03305
G1 X-20.569 Y-.755 E.03305
G1 X-19.953 Y-.417 E.03305
G1 X-19.387 Y0 E.03305
G1 X-18.882 Y.489 E.03305
G1 X-18.446 Y1.04 E.03305
G1 X-18.088 Y1.645 E.03305
G1 X-17.814 Y2.292 E.03305
G1 X-17.628 Y2.97 E.03305
G1 X-17.535 Y3.666 E.03305
G1 X-17.535 Y4.369 E.03305
G1 X-17.628 Y5.065 E.03305
G1 X-17.814 Y5.743 E.03305
G1 X-18.088 Y6.39 E.03305
G1 X-18.446 Y6.995 E.03305
G1 X-18.882 Y7.546 E.03305
G1 X-19.387 Y8.035 E.03305
G1 X-19.953 Y8.452 E.03305
G1 X-20.569 Y8.789 E.03305
G1 X-21.225 Y9.042 E.03305
G1 X-21.909 Y9.205 E.03305
G1 X-22.608 Y9.275 E.03305
G1 X-23.31 Y9.252 E.03305
G1 X-24.003 Y9.135 E.03305
G1 X-24.674 Y8.927 E.03305
G1 X-25.312 Y8.631 E.03305
G1 X-25.705 Y8.379 E.02197
G1 X-25.904 Y8.253 E.01108
G1 X-26.441 Y7.799 E.03305
G1 X-26.912 Y7.278 E.03305
G1 X-27.31 Y6.698 E.03305
G1 X-27.627 Y6.071 E.03305
M73 P39 R4
G1 X-27.857 Y5.407 E.03305
G1 X-27.997 Y4.719 E.03305
G1 X-28.044 Y4.017 E.03305
G1 X-27.997 Y3.316 E.03305
G1 X-27.857 Y2.628 E.03305
G1 X-27.627 Y1.964 E.03305
G1 X-27.31 Y1.336 E.03305
G1 X-27.045 Y.951 E.02197
G1 X-26.912 Y.757 E.01108
G1 X-26.441 Y.236 E.03305
G1 X-25.904 Y-.218 E.03305
G1 X-25.312 Y-.596 E.03305
G1 X-24.674 Y-.892 E.03305
G1 X-24.003 Y-1.1 E.03305
G1 X-23.31 Y-1.217 E.03305
G1 X-22.866 Y-1.232 E.02091
SET_VELOCITY_LIMIT ACCEL=10000
G1 E-1.2 F2100
;WIPE_START
G1 F7200
G1 X-22.608 Y-1.24
G1 X-21.909 Y-1.17
G1 X-21.225 Y-1.007
G1 X-20.911 Y-.886
;WIPE_END
G1 X-13.36 Y-2.002 Z1.8 F30000
G1 X30.701 Y-8.511 Z1.8
G1 Z1.4
G1 E1.2 F2100
SET_VELOCITY_LIMIT ACCEL=5000
;TYPE:Inner wall
G1 F9000
G1 X30.703 Y-8.507 E.00025
G1 X30.981 Y-7.995 E.02739
G1 X31.314 Y-7.222 E.03958
G1 X31.573 Y-6.421 E.03958
G1 X31.757 Y-5.6 E.03958
G1 X31.865 Y-4.765 E.03958
G1 X31.895 Y-3.924 E.03958
G1 X31.848 Y-3.083 E.03958
G1 X31.723 Y-2.251 E.03958
G1 X31.522 Y-1.434 E.03958
G1 X31.246 Y-.639 E.03958
G1 X30.898 Y.128 E.03958
G1 X30.77 Y.353 E.01219
G1 X30.481 Y.859 E.02739
G1 X29.998 Y1.548 E.03958
G1 X29.454 Y2.19 E.03958
G1 X28.853 Y2.779 E.03958
G1 X28.2 Y3.31 E.03958
G1 X27.501 Y3.779 E.03958
G1 X26.761 Y4.181 E.03958
G1 X25.988 Y4.513 E.03958
G1 X25.187 Y4.772 E.03958
G1 X24.346 Y4.961 E.04054
G1 X-21.181 Y12.988 E2.1739
G1 X-22.036 Y13.099 E.04054
G1 X-22.877 Y13.129 E.03958
G1 X-23.717 Y13.081 E.03958
G1 X-24.55 Y12.957 E.03958
G1 X-25.367 Y12.755 E.03958
G1 X-26.162 Y12.48 E.03958
G1 X-26.929 Y12.132 E.03958
G1 X-27.66 Y11.715 E.03958
G1 X-28.349 Y11.232 E.03958
G1 X-28.991 Y10.688 E.03958
G1 X-29.58 Y10.087 E.03958
G1 X-30.111 Y9.434 E.03958
G1 X-30.58 Y8.734 E.03958
G1 X-30.981 Y7.995 E.03958
G1 X-31.314 Y7.222 E.03958
G1 X-31.573 Y6.421 E.03958
G1 X-31.757 Y5.6 E.03958
G1 X-31.865 Y4.765 E.03958
G1 X-31.895 Y3.924 E.03958
G1 X-31.848 Y3.084 E.03958
G1 X-31.723 Y2.251 E.03958
G1 X-31.522 Y1.434 E.03958
G1 X-31.246 Y.639 E.03958
G1 X-30.898 Y-.128 E.03958
G1 X-30.481 Y-.859 E.03958
G1 X-29.998 Y-1.548 E.03958
G1 X-29.454 Y-2.19 E.03958
G1 X-28.853 Y-2.779 E.03958
G1 X-28.2 Y-3.31 E.03958
G1 X-27.501 Y-3.779 E.03958
G1 X-26.761 Y-4.181 E.03958
G1 X-25.988 Y-4.513 E.03958
G1 X-25.187 Y-4.772 E.03958
G1 X-24.346 Y-4.961 E.04054
G1 X21.181 Y-12.988 E2.1739
G1 X22.036 Y-13.099 E.04054
G1 X22.877 Y-13.129 E.03958
G1 X23.136 Y-13.114 E.01219
G1 X23.717 Y-13.081 E.02739
G1 X24.55 Y-12.956 E.03958
G1 X25.367 Y-12.755 E.03958
G1 X26.162 Y-12.48 E.03958
G1 X26.929 Y-12.132 E.03958
G1 X27.66 Y-11.715 E.03958
G1 X28.349 Y-11.232 E.03958
G1 X28.991 Y-10.688 E.03958
G1 X29.58 Y-10.087 E.03958
G1 X30.111 Y-9.434 E.03958
G1 X30.58 Y-8.734 E.03958
G1 X30.684 Y-8.543 E.01025
SET_VELOCITY_LIMIT ACCEL=10000
G1 X31.208 Y-8.787 F30000
SET_VELOCITY_LIMIT ACCEL=5000
;TYPE:Outer wall
G1 F7200
G1 X31.21 Y-8.782 E.00025
G1 X31.501 Y-8.247 E.02864
G1 X31.854 Y-7.425 E.04209
G1 X32.13 Y-6.573 E.04209
G1 X32.326 Y-5.7 E.04209
G1 X32.441 Y-4.812 E.04209
G1 X32.473 Y-3.918 E.04209
G1 X32.422 Y-3.024 E.04209
G1 X32.289 Y-2.139 E.04209
G1 X32.076 Y-1.27 E.04209
G1 X31.782 Y-.424 E.04209
G1 X31.413 Y.391 E.04209
G1 X31.271 Y.639 E.01344
G1 X30.969 Y1.168 E.02864
G1 X30.456 Y1.901 E.04209
G1 X29.877 Y2.584 E.04209
G1 X29.238 Y3.21 E.04209
G1 X28.543 Y3.775 E.04209
G1 X27.8 Y4.273 E.04209
G1 X27.013 Y4.7 E.04209
G1 X26.191 Y5.053 E.04209
G1 X25.339 Y5.329 E.04209
G1 X24.459 Y5.527 E.04242
G1 X-21.094 Y13.559 E2.17516
G1 X-21.989 Y13.674 E.04242
G1 X-22.883 Y13.707 E.04209
G1 X-23.777 Y13.656 E.04209
G1 X-24.662 Y13.523 E.04209
G1 X-25.531 Y13.309 E.04209
G1 X-26.376 Y13.016 E.04209
G1 X-27.191 Y12.646 E.04209
G1 X-27.969 Y12.203 E.04209
G1 X-28.702 Y11.69 E.04209
G1 X-29.385 Y11.111 E.04209
G1 X-30.011 Y10.471 E.04209
G1 X-30.576 Y9.777 E.04209
G1 X-31.074 Y9.033 E.04209
G1 X-31.501 Y8.247 E.04209
G1 X-31.854 Y7.425 E.04209
G1 X-32.13 Y6.573 E.04209
G1 X-32.326 Y5.7 E.04209
G1 X-32.441 Y4.812 E.04209
G1 X-32.473 Y3.918 E.04209
G1 X-32.422 Y3.024 E.04209
G1 X-32.289 Y2.139 E.04209
G1 X-32.076 Y1.27 E.04209
G1 X-31.782 Y.424 E.04209
G1 X-31.413 Y-.39 E.04209
G1 X-30.969 Y-1.168 E.04209
G1 X-30.456 Y-1.901 E.04209
G1 X-29.877 Y-2.584 E.04209
G1 X-29.238 Y-3.21 E.04209
G1 X-28.543 Y-3.775 E.04209
G1 X-27.8 Y-4.273 E.04209
G1 X-27.013 Y-4.7 E.04209
G1 X-26.191 Y-5.053 E.04209
G1 X-25.339 Y-5.329 E.04209
G1 X-24.459 Y-5.527 E.04242
G1 X21.094 Y-13.559 E2.17516
G1 X21.989 Y-13.674 E.04243
G1 X22.883 Y-13.706 E.04209
G1 X23.168 Y-13.69 E.01344
G1 X23.777 Y-13.656 E.02864
G1 X24.662 Y-13.523 E.04209
G1 X25.531 Y-13.309 E.04209
G1 X26.376 Y-13.016 E.04209
G1 X27.191 Y-12.646 E.04209
G1 X27.969 Y-12.203 E.04209
G1 X28.702 Y-11.69 E.04209
G1 X29.385 Y-11.111 E.04209
G1 X30.011 Y-10.471 E.04209
G1 X30.576 Y-9.777 E.04209
G1 X31.074 Y-9.033 E.04209
G1 X31.191 Y-8.819 E.0115
SET_VELOCITY_LIMIT ACCEL=10000
G1 E-1.2 F2100
;WIPE_START
G1 F7200
G1 X31.21 Y-8.782
G1 X31.501 Y-8.247
G1 X31.854 Y-7.425
G1 X31.994 Y-6.992
;WIPE_END
G1 X31.31 Y-6.009 Z1.8 F30000
G1 Z1.4
G1 E1.2 F2100
;TYPE:Sparse infill
G1 F6000
G1 X31.416 Y-5.539 E.02261
G1 X31.519 Y-4.736 E.03807
G1 X31.548 Y-3.927 E.03807
G1 X31.537 Y-3.719 E.0098
G1 X22.488 Y-12.768 E.60178
G1 X22.064 Y-12.753 E.01992
G1 X21.233 Y-12.646 E.03942
G1 X17.409 Y-11.971 E.18262
G1 X22.378 Y-7.002 E.33049
G1 X22.491 Y-7.016 E.00533
G1 X23.014 Y-6.992 E.02464
G1 X23.494 Y-6.886 E.02311
G1 X23.863 Y-6.744 E.01858
G1 X24.274 Y-6.515 E.02213
G1 X24.741 Y-6.122 E.02872
G1 X25.054 Y-5.729 E.02363
G1 X25.286 Y-5.307 E.02262
G1 X25.442 Y-4.857 E.02243
G1 X25.518 Y-4.39 E.02224
G1 X25.508 Y-3.872 E.02437
G1 X30.133 Y.753 E.30753
G1 X29.724 Y1.337 E.03352
G1 X29.2 Y1.954 E.03807
G1 X28.622 Y2.521 E.03807
G1 X27.994 Y3.031 E.03807
G1 X27.321 Y3.482 E.03807
G1 X27.104 Y3.6 E.01162
G1 X22.079 Y-1.425 E.33419
G1 X21.685 Y-1.527 E.01912
G1 X21.253 Y-1.734 E.02257
G1 X20.868 Y-2.007 E.02216
G1 X20.533 Y-2.344 E.02235
G1 X20.244 Y-2.755 E.02362
G1 X19.991 Y-3.345 E.03021
G1 X19.947 Y-3.557 E.01017
G1 X12.413 Y-11.091 E.501
G1 X7.418 Y-10.21 E.23852
G1 X22.553 Y4.925 E1.00653
G1 X17.558 Y5.806 E.23852
M73 P40 R4
G1 X9.558 Y-2.194 E.53201
G1 X9.15 Y-1.965 E.02202
G1 X8.686 Y-1.821 E.02285
G1 X8.227 Y-1.761 E.02174
G1 X7.739 Y-1.781 E.02298
G1 X7.01 Y-1.971 E.0354
G1 X6.578 Y-2.178 E.02257
G1 X6.193 Y-2.45 E.02216
G1 X5.858 Y-2.787 E.02235
G1 X5.569 Y-3.198 E.02362
G1 X5.316 Y-3.789 E.03021
G1 X5.221 Y-4.243 E.02184
G1 X5.196 Y-4.594 E.01655
G1 X5.228 Y-5.071 E.02246
G1 X5.346 Y-5.557 E.02352
G1 X5.545 Y-6.02 E.02372
G1 X5.619 Y-6.133 E.00633
G1 X2.423 Y-9.329 E.21252
G1 X-2.572 Y-8.448 E.23852
G1 X12.563 Y6.687 E1.00653
G1 X10.29 Y7.088 E.10855
G1 X-4.696 Y9.73 F30000
G1 F6000
G1 X-2.423 Y9.329 E.10855
G1 X-7.858 Y3.894 E.36147
G1 X-8.25 Y3.706 E.02042
G1 X-8.634 Y3.434 E.02216
G1 X-8.97 Y3.097 E.02235
G1 X-9.258 Y2.686 E.02362
G1 X-9.402 Y2.35 E.0172
G1 X-17.558 Y-5.806 E.54237
G1 X-22.553 Y-4.925 E.23852
G1 X-7.418 Y10.21 E1.00653
G1 X-12.413 Y11.091 E.23852
G1 X-17.094 Y6.41 E.31127
G1 X-17.262 Y6.807 E.02029
G1 X-17.683 Y7.518 E.03886
G1 X-18.196 Y8.167 E.03886
G1 X-18.79 Y8.741 E.03886
G1 X-19.455 Y9.232 E.03886
G1 X-19.903 Y9.477 E.02403
G1 X-17.409 Y11.972 E.16589
G1 X-21.233 Y12.646 E.18262
G1 X-22.064 Y12.753 E.03941
G1 X-22.488 Y12.768 E.01992
G1 X-25.915 Y9.341 E.22794
G1 X-26.453 Y8.998 E.03
G1 X-27.084 Y8.464 E.03886
G1 X-27.638 Y7.851 E.03886
G1 X-28.126 Y7.13 E.04095
G1 X-31.537 Y3.719 E.2268
G1 X-31.548 Y3.927 E.00979
G1 X-31.519 Y4.736 E.03807
G1 X-31.416 Y5.539 E.03807
G1 X-31.31 Y6.009 E.02261
G1 X-28.923 Y3.326 F30000
G1 F6000
G1 X-28.914 Y3.193 E.00629
G1 X-28.75 Y2.383 E.03886
G1 X-28.479 Y1.602 E.03886
G1 X-28.243 Y1.137 E.02454
G1 X-30.133 Y-.753 E.12564
G1 X-29.724 Y-1.336 E.03352
G1 X-29.2 Y-1.954 E.03807
G1 X-28.622 Y-2.521 E.03807
G1 X-27.994 Y-3.031 E.03807
G1 X-27.321 Y-3.482 E.03807
G1 X-27.104 Y-3.6 E.01162
G1 X-25.179 Y-1.675 E.128
G1 X-25.007 Y-1.755 E.00894
G1 X-24.218 Y-2 E.03886
G1 X-23.403 Y-2.138 E.03886
G1 X-22.938 Y-2.153 E.02188
G1 X-7.266 Y-7.679 F30000
;TYPE:Gap infill
;WIDTH:0.231977
G1 F9000
G1 X-6.504 Y-7.42 E.0124
;WIDTH:0.178539
G1 X-6.36 Y-7.365 E.0017
;WIDTH:0.137727
G1 X-6.217 Y-7.311 E.00119
G1 X-6.638 Y-7.582 F30000
;WIDTH:0.359251
G1 F9000
G1 X-7.176 Y-7.547 E.01388
;WIDTH:0.319691
G1 X-7.688 Y-7.469 E.01169
;WIDTH:0.329384
G1 X-7.892 Y-7.414 E.00492
;WIDTH:0.367941
G1 X-8.095 Y-7.358 E.00558
;WIDTH:0.410399
G1 X-8.336 Y-7.291 E.00749
;WIDTH:0.461794
G1 X-8.542 Y-7.211 E.00756
;WIDTH:0.511587
G1 X-8.749 Y-7.132 E.00846
;WIDTH:0.536484
G1 X-8.956 Y-7.053 E.00891
G1 X-10.29 Y-7.088 F30000
;TYPE:Sparse infill
;WIDTH:0.62
G1 F6000
G1 X-12.563 Y-6.687 E.10855
G1 X-9.689 Y-3.813 E.19111
G1 X-9.431 Y-3.198 E.03135
G1 X-9.142 Y-2.787 E.02362
G1 X-8.807 Y-2.45 E.02235
G1 X-8.422 Y-2.178 E.02216
G1 X-8.249 Y-2.095 E.00904
G1 X-7.639 Y-1.904 F30000
;TYPE:Gap infill
;WIDTH:0.150681
G1 F9000
G1 X-7.458 Y-1.838 E.00169
;WIDTH:0.167361
G1 X-7.277 Y-1.772 E.00196
;WIDTH:0.188327
G1 X-7.256 Y-1.763 E.00028
;WIDTH:0.216623
G1 X-7.185 Y-1.701 E.00133
;WIDTH:0.262033
G1 X-7.114 Y-1.639 E.00168
;WIDTH:0.307443
G1 X-7.043 Y-1.577 E.00203
;WIDTH:0.352853
G1 X-6.972 Y-1.516 E.00238
G1 X-6.78 Y-1.819 F30000
;WIDTH:0.172011
G1 F9000
G1 X-7.491 Y-1.519 E.00812
;WIDTH:0.156527
G1 X-7.625 Y-1.453 E.00138
;WIDTH:0.143459
G1 X-7.759 Y-1.387 E.00122
G1 X-7.514 Y-1.443 F30000
;WIDTH:0.328076
G1 F9000
G1 X-7.33 Y-1.555 E.005
;WIDTH:0.351816
G1 X-7.146 Y-1.668 E.00542
;WIDTH:0.357902
G1 X-6.488 Y-1.674 E.0169
G1 X-6.462 Y-1.524 F30000
;WIDTH:0.157835
G1 F9000
G1 X-6.622 Y-1.557 E.00153
;WIDTH:0.177863
G1 X-6.648 Y-1.579 E.00037
;WIDTH:0.217918
G1 X-6.673 Y-1.6 E.00047
;WIDTH:0.257974
G1 X-6.699 Y-1.621 E.00058
;WIDTH:0.29803
G1 X-6.725 Y-1.642 E.00069
;WIDTH:0.338086
G1 X-6.75 Y-1.663 E.0008
;WIDTH:0.338628
G1 X-6.705 Y-1.689 E.00125
;WIDTH:0.299657
G1 X-6.66 Y-1.714 E.00109
;WIDTH:0.257657
G1 X-6.546 Y-1.752 E.00209
;WIDTH:0.212626
G1 X-6.433 Y-1.789 E.00165
;WIDTH:0.167595
G1 X-6.32 Y-1.827 E.00121
;WIDTH:0.130645
G1 X-6.167 Y-1.892 E.00119
G1 X-4.509 Y-.364 F30000
;TYPE:Sparse infill
;WIDTH:0.62
G1 F6000
G1 X-4.448 Y-.288 E.00456
G1 X-4.216 Y.134 E.02262
G1 X-4.061 Y.584 E.02243
G1 X-3.984 Y1.051 E.02224
G1 X-3.989 Y1.546 E.02328
G1 X-4.052 Y1.824 E.01342
G1 X2.572 Y8.448 E.44052
G1 X7.568 Y7.568 E.23852
G1 X-4.194 Y-4.194 E.78217
G1 X-4.161 Y-4.338 E.00695
G1 X-4.157 Y-4.833 E.02328
G1 X-4.233 Y-5.3 E.02224
G1 X-4.389 Y-5.751 E.02243
G1 X-4.621 Y-6.172 E.02262
G1 X-4.767 Y-6.355 E.01103
;LAYER_CHANGE
;Z:1.6
;HEIGHT:0.2
;BEFORE_LAYER_CHANGE
;1.6
G1 E-1.2 F2100
;WIPE_START
G1 F6000
G1 X-4.621 Y-6.172
G1 X-4.389 Y-5.751
G1 X-4.233 Y-5.3
G1 X-4.157 Y-4.833
G1 X-4.16 Y-4.499
;WIPE_END
;AFTER_LAYER_CHANGE
;1.6
;_SET_FAN_SPEED_CHANGING_LAYER
G17
G3 Z2 I-.923 J-.793 P1  F30000
G1 X-7.195 Y-.967 Z2
G1 Z1.6
G1 E1.2 F2100
SET_VELOCITY_LIMIT ACCEL=5000
;TYPE:Inner wall
G1 F9000
G1 X-7.034 Y-1.009 E.00778
G1 X-6.643 Y-1.057 E.01856
G1 X-6.072 Y-1.011 E.0269
G1 X-5.645 Y-.886 E.02097
G1 X-5.255 Y-.695 E.0204
G1 X-4.9 Y-.438 E.0206
G1 X-4.588 Y-.121 E.02091
G1 X-4.324 Y.265 E.02201
G1 X-4.126 Y.694 E.02221
G1 X-4.039 Y1.191 E.02372
G1 X-4.039 Y1.656 E.0219
G1 X-4.126 Y2.156 E.02384
G1 X-4.336 Y2.603 E.02322
G1 X-4.59 Y2.97 E.021
G1 X-4.893 Y3.278 E.02033
G1 X-5.163 Y3.483 E.01595
G1 X-5.523 Y3.683 E.01937
G1 X-6.044 Y3.852 E.02574
G1 X-6.479 Y3.903 E.02061
G1 X-6.91 Y3.88 E.02028
G1 X-7.399 Y3.756 E.02371
G1 X-7.749 Y3.593 E.01816
G1 X-8.037 Y3.404 E.01621
G1 X-8.537 Y2.919 E.03277
G1 X-8.733 Y2.641 E.016
G1 X-8.903 Y2.305 E.01769
G1 X-9.038 Y1.836 E.02296
G1 X-9.073 Y1.424 E.01945
G1 X-9.039 Y1.022 E.01895
G1 X-8.936 Y.632 E.01895
G1 X-8.768 Y.263 E.01912
G1 X-8.517 Y-.099 E.02067
G1 X-8.065 Y-.537 E.02962
G1 X-7.69 Y-.779 E.02098
G1 X-7.318 Y-.935 E.01895
G1 X-7.229 Y-.958 E.00433
SET_VELOCITY_LIMIT ACCEL=10000
G1 X-7.049 Y-.409 F30000
SET_VELOCITY_LIMIT ACCEL=5000
;TYPE:Outer wall
G1 F4920
G1 X-6.926 Y-.441 E.00598
G1 F5580
G1 X-6.63 Y-.477 E.01402
G1 F7140
G1 X-6.178 Y-.441 E.02132
G1 F7200
G1 X-5.854 Y-.346 E.01588
G1 X-5.553 Y-.198 E.01577
G1 X-5.277 Y.001 E.016
G1 X-5.036 Y.247 E.01619
G1 X-4.827 Y.551 E.01735
G1 X-4.681 Y.867 E.01637
G1 X-4.616 Y1.241 E.01785
G1 X-4.616 Y1.606 E.01716
G1 X-4.682 Y1.981 E.01791
G1 X-4.838 Y2.314 E.01729
G1 X-5.036 Y2.601 E.0164
G1 X-5.275 Y2.844 E.01603
G1 X-5.479 Y2.998 E.01202
G1 X-5.755 Y3.152 E.01486
G1 X-6.168 Y3.286 E.02042
G1 X-6.497 Y3.324 E.01557
G1 X-6.823 Y3.306 E.01535
G1 X-7.205 Y3.21 E.01852
G1 X-7.467 Y3.088 E.01359
G1 X-7.682 Y2.947 E.01209
G1 X-8.092 Y2.55 E.02684
G1 X-8.237 Y2.343 E.01188
G1 X-8.363 Y2.093 E.01316
G1 F6600
G1 X-8.468 Y1.73 E.01777
G1 F5760
G1 X-8.494 Y1.424 E.01444
G1 F4920
G1 X-8.468 Y1.121 E.0143
G1 F4080
G1 X-8.391 Y.827 E.01429
G1 F3180
G1 X-8.264 Y.549 E.01437
G1 F2340
G1 X-8.075 Y.277 E.01558
G1 X-7.704 Y-.083 E.02431
G1 F2520
G1 X-7.42 Y-.267 E.01591
M106 S255
G1 F3540
G1 X-7.133 Y-.387 E.01463
G1 F4560
G1 X-7.084 Y-.4 E.00238
SET_VELOCITY_LIMIT ACCEL=10000
G1 E-1.2 F2100
;WIPE_START
G1 F4560
G1 X-6.926 Y-.441
G1 X-6.63 Y-.477
G1 X-6.178 Y-.441
G1 X-5.854 Y-.346
G1 X-5.553 Y-.198
G1 X-5.277 Y.001
G1 X-5.227 Y.053
;WIPE_END
G1 X-7.767 Y-2.219 Z2 F30000
G1 Z1.6
G1 E1.2 F2100
SET_VELOCITY_LIMIT ACCEL=5000
;TYPE:Inner wall
G1 F9000
G1 X-7.921 Y-2.291 E.00803
G1 X-8.209 Y-2.48 E.01621
G1 X-8.71 Y-2.965 E.03277
G1 X-8.906 Y-3.243 E.016
G1 X-9.075 Y-3.579 E.01769
G1 X-9.21 Y-4.049 E.02296
G1 X-9.246 Y-4.461 E.01945
G1 X-9.211 Y-4.862 E.01895
G1 X-9.109 Y-5.252 E.01895
G1 X-8.94 Y-5.622 E.01912
G1 X-8.69 Y-5.983 E.02067
G1 X-8.237 Y-6.421 E.02962
G1 X-7.863 Y-6.663 E.02098
G1 X-7.491 Y-6.819 E.01895
G1 X-7.207 Y-6.893 E.0138
G1 X-6.815 Y-6.941 E.01856
G1 X-6.245 Y-6.896 E.0269
G1 X-5.817 Y-6.77 E.02097
G1 X-5.428 Y-6.579 E.0204
G1 X-5.073 Y-6.323 E.0206
G1 X-4.761 Y-6.005 E.02091
G1 X-4.496 Y-5.619 E.02201
G1 X-4.298 Y-5.19 E.02221
G1 X-4.212 Y-4.693 E.02372
G1 X-4.212 Y-4.228 E.0219
G1 X-4.299 Y-3.728 E.02384
G1 X-4.508 Y-3.281 E.02322
G1 X-4.763 Y-2.914 E.021
G1 X-5.065 Y-2.606 E.02033
G1 X-5.336 Y-2.401 E.01594
G1 X-5.696 Y-2.201 E.01937
G1 X-6.216 Y-2.032 E.02574
G1 X-6.652 Y-1.981 E.02061
G1 X-7.082 Y-2.005 E.02028
G1 X-7.571 Y-2.128 E.02371
G1 X-7.734 Y-2.204 E.00844
SET_VELOCITY_LIMIT ACCEL=10000
G1 X-7.524 Y-2.742 F30000
SET_VELOCITY_LIMIT ACCEL=5000
;TYPE:Outer wall
G1 F7200
G1 X-7.64 Y-2.796 E.00602
G1 X-7.854 Y-2.938 E.01208
G1 X-8.264 Y-3.335 E.02684
M73 P41 R4
G1 X-8.41 Y-3.541 E.01187
G1 X-8.536 Y-3.791 E.01316
G1 F6600
G1 X-8.64 Y-4.154 E.01776
G1 F5760
G1 X-8.666 Y-4.461 E.01449
G1 F4920
G1 X-8.641 Y-4.763 E.01425
G1 F4080
G1 X-8.563 Y-5.057 E.0143
G1 F3180
G1 X-8.437 Y-5.335 E.01435
G1 F2340
G1 X-8.248 Y-5.607 E.01558
G1 X-7.876 Y-5.967 E.02434
G1 F2520
G1 X-7.592 Y-6.151 E.01591
M106 S255
G1 F3540
G1 X-7.306 Y-6.271 E.01458
G1 F4560
G1 X-7.099 Y-6.325 E.01006
G1 F5580
G1 X-6.803 Y-6.361 E.01402
G1 F7140
G1 X-6.35 Y-6.325 E.02137
G1 F7200
G1 X-6.027 Y-6.23 E.01583
G1 X-5.726 Y-6.082 E.01577
G1 X-5.45 Y-5.883 E.016
G1 X-5.208 Y-5.637 E.01623
G1 X-5 Y-5.333 E.01732
G1 X-4.854 Y-5.017 E.01637
G1 X-4.789 Y-4.643 E.01785
G1 X-4.789 Y-4.278 E.01716
G1 X-4.854 Y-3.903 E.0179
G1 X-5.01 Y-3.57 E.01729
G1 X-5.209 Y-3.283 E.01642
G1 X-5.448 Y-3.04 E.01603
G1 X-5.652 Y-2.886 E.01202
G1 X-5.927 Y-2.733 E.0148
G1 X-6.34 Y-2.598 E.02043
G1 X-6.669 Y-2.56 E.01557
G1 X-6.995 Y-2.578 E.01535
G1 X-7.377 Y-2.675 E.01853
G1 X-7.491 Y-2.727 E.00589
SET_VELOCITY_LIMIT ACCEL=10000
G1 E-1.2 F2100
;WIPE_START
G1 F7200
G1 X-7.64 Y-2.796
G1 X-7.854 Y-2.938
G1 X-8.264 Y-3.335
G1 X-8.41 Y-3.541
G1 X-8.536 Y-3.791
G1 X-8.64 Y-4.154
G1 X-8.649 Y-4.252
;WIPE_END
G1 X-1.075 Y-5.198 Z2 F30000
G1 X6.475 Y-6.142 Z2
G1 Z1.6
G1 E1.2 F2100
SET_VELOCITY_LIMIT ACCEL=5000
;TYPE:Inner wall
G1 F9000
G1 X6.763 Y-6.421 E.01885
G1 X7.137 Y-6.663 E.02098
G1 X7.509 Y-6.819 E.01895
G1 X7.793 Y-6.893 E.0138
G1 X8.185 Y-6.941 E.01856
G1 X8.755 Y-6.896 E.0269
G1 X9.183 Y-6.77 E.02097
G1 X9.572 Y-6.579 E.0204
G1 X9.927 Y-6.323 E.0206
G1 X10.239 Y-6.005 E.02091
G1 X10.504 Y-5.619 E.02201
G1 X10.702 Y-5.19 E.02221
G1 X10.788 Y-4.693 E.02372
G1 X10.788 Y-4.228 E.0219
G1 X10.701 Y-3.728 E.02384
G1 X10.492 Y-3.281 E.02322
G1 X10.237 Y-2.914 E.021
G1 X9.935 Y-2.606 E.02033
G1 X9.664 Y-2.401 E.01594
G1 X9.304 Y-2.201 E.01937
G1 X8.784 Y-2.032 E.02574
G1 X8.348 Y-1.981 E.02061
G1 X7.918 Y-2.005 E.02028
G1 X7.429 Y-2.128 E.02371
G1 X7.079 Y-2.291 E.01816
G1 X6.791 Y-2.48 E.01621
G1 X6.29 Y-2.965 E.03277
G1 X6.094 Y-3.243 E.016
G1 X5.925 Y-3.579 E.01769
G1 X5.79 Y-4.049 E.02296
G1 X5.754 Y-4.461 E.01945
G1 X5.789 Y-4.862 E.01895
G1 X5.891 Y-5.252 E.01895
G1 X6.06 Y-5.622 E.01912
G1 X6.31 Y-5.983 E.02067
G1 X6.449 Y-6.117 E.00908
SET_VELOCITY_LIMIT ACCEL=10000
G1 X6.876 Y-5.728 F30000
SET_VELOCITY_LIMIT ACCEL=5000
;TYPE:Outer wall
G1 F2160
G1 X7.124 Y-5.967 E.0162
G1 F2520
G1 X7.408 Y-6.151 E.01591
M106 S255
G1 F3540
G1 X7.694 Y-6.271 E.01458
G1 F4560
G1 X7.901 Y-6.325 E.01006
G1 F5580
G1 X8.197 Y-6.361 E.01402
G1 F7140
G1 X8.65 Y-6.325 E.02137
G1 F7200
G1 X8.973 Y-6.23 E.01583
G1 X9.274 Y-6.082 E.01577
G1 X9.55 Y-5.883 E.016
G1 X9.792 Y-5.637 E.01623
G1 X10 Y-5.333 E.01732
G1 X10.146 Y-5.017 E.01637
G1 X10.211 Y-4.643 E.01785
G1 X10.211 Y-4.278 E.01716
G1 X10.146 Y-3.903 E.0179
G1 X9.99 Y-3.57 E.01729
G1 X9.791 Y-3.283 E.01642
G1 X9.552 Y-3.04 E.01603
G1 X9.348 Y-2.886 E.01202
G1 X9.073 Y-2.733 E.0148
G1 X8.66 Y-2.598 E.02043
G1 X8.331 Y-2.56 E.01557
G1 X8.005 Y-2.578 E.01535
G1 X7.623 Y-2.675 E.01853
G1 X7.36 Y-2.796 E.01361
G1 X7.146 Y-2.938 E.01208
G1 X6.736 Y-3.335 E.02684
G1 X6.59 Y-3.541 E.01187
G1 X6.464 Y-3.791 E.01316
G1 F6600
G1 X6.36 Y-4.154 E.01776
G1 F5760
G1 X6.334 Y-4.461 E.01449
G1 F4920
G1 X6.359 Y-4.763 E.01425
G1 F4080
G1 X6.437 Y-5.057 E.0143
G1 F3180
G1 X6.563 Y-5.335 E.01435
G1 F2340
G1 X6.752 Y-5.607 E.01558
G1 F2160
G1 X6.851 Y-5.703 E.00648
SET_VELOCITY_LIMIT ACCEL=10000
G1 E-1.2 F2100
;WIPE_START
G1 F2160
G1 X7.124 Y-5.967
G1 X7.408 Y-6.151
G1 X7.694 Y-6.271
G1 X7.901 Y-6.325
G1 X8.197 Y-6.361
G1 X8.65 Y-6.325
G1 X8.654 Y-6.324
;WIPE_END
G17
G3 Z2 I.014 J1.217 P1  F30000
G1 X22.75 Y-6.484 Z2
G1 Z1.6
G1 E1.2 F2100
SET_VELOCITY_LIMIT ACCEL=5000
;TYPE:Inner wall
G1 F9000
M106 S255
G1 X22.86 Y-6.497 E.00518
G1 X23.43 Y-6.452 E.0269
G1 X23.858 Y-6.327 E.02097
G1 X24.247 Y-6.136 E.0204
G1 X24.603 Y-5.879 E.0206
G1 X24.914 Y-5.562 E.02091
G1 X25.179 Y-5.176 E.02201
G1 X25.377 Y-4.747 E.02221
G1 X25.463 Y-4.25 E.02372
G1 X25.463 Y-3.784 E.0219
G1 X25.376 Y-3.285 E.02384
G1 X25.167 Y-2.838 E.02322
G1 X24.912 Y-2.471 E.021
G1 X24.61 Y-2.162 E.02033
G1 X24.339 Y-1.958 E.01594
G1 X23.979 Y-1.758 E.01937
G1 X23.459 Y-1.588 E.02574
G1 X23.023 Y-1.538 E.02061
G1 X22.593 Y-1.561 E.02028
G1 X22.104 Y-1.685 E.02371
G1 X21.754 Y-1.848 E.01816
G1 X21.466 Y-2.037 E.01621
G1 X20.965 Y-2.522 E.03277
G1 X20.769 Y-2.8 E.016
G1 X20.6 Y-3.136 E.01769
G1 X20.465 Y-3.605 E.02296
G1 X20.429 Y-4.017 E.01945
G1 X20.464 Y-4.419 E.01895
G1 X20.566 Y-4.808 E.01895
G1 X20.735 Y-5.178 E.01911
G1 X20.985 Y-5.539 E.02067
G1 X21.438 Y-5.978 E.02962
G1 X21.812 Y-6.22 E.02098
G1 X22.184 Y-6.376 E.01895
G1 X22.468 Y-6.45 E.0138
G1 X22.715 Y-6.48 E.01169
SET_VELOCITY_LIMIT ACCEL=10000
G1 X22.82 Y-5.911 F30000
SET_VELOCITY_LIMIT ACCEL=5000
;TYPE:Outer wall
G1 F6780
G1 X22.872 Y-5.918 E.00247
G1 F7140
G1 X23.325 Y-5.882 E.02137
G1 F7200
G1 X23.648 Y-5.787 E.01583
G1 X23.949 Y-5.639 E.01577
G1 X24.225 Y-5.44 E.016
G1 X24.467 Y-5.194 E.01623
G1 X24.675 Y-4.89 E.01732
G1 X24.821 Y-4.574 E.01637
G1 X24.886 Y-4.2 E.01785
G1 X24.886 Y-3.834 E.01721
G1 X24.821 Y-3.46 E.01785
G1 X24.665 Y-3.127 E.01729
G1 X24.466 Y-2.84 E.01642
G1 X24.227 Y-2.597 E.01603
G1 X24.023 Y-2.443 E.01202
G1 X23.748 Y-2.289 E.01482
G1 X23.335 Y-2.155 E.02042
G1 X23.006 Y-2.117 E.01557
G1 X22.68 Y-2.135 E.01535
G1 X22.298 Y-2.231 E.01852
G1 X22.035 Y-2.353 E.01363
G1 X21.821 Y-2.494 E.01205
G1 X21.411 Y-2.891 E.02684
G1 X21.265 Y-3.098 E.01191
G1 X21.139 Y-3.348 E.01316
G1 F6600
G1 X21.035 Y-3.711 E.01776
G1 F5760
G1 X21.009 Y-4.017 E.01444
G1 F4920
G1 X21.035 Y-4.32 E.0143
G1 F4080
G1 X21.112 Y-4.614 E.01429
G1 F3180
G1 X21.238 Y-4.892 E.01435
G1 F2340
G1 X21.427 Y-5.164 E.01558
G1 X21.799 Y-5.524 E.02434
G1 F2520
G1 X22.083 Y-5.708 E.01591
M106 S255
G1 F3540
G1 X22.369 Y-5.827 E.01457
G1 F4560
G1 X22.576 Y-5.881 E.01006
G1 F5580
G1 X22.785 Y-5.907 E.0099
SET_VELOCITY_LIMIT ACCEL=10000
G1 E-1.2 F2100
;WIPE_START
G1 F5580
G1 X22.872 Y-5.918
G1 X23.325 Y-5.882
G1 X23.648 Y-5.787
G1 X23.949 Y-5.639
G1 X24.225 Y-5.44
G1 X24.467 Y-5.194
G1 X24.523 Y-5.111
;WIPE_END
G1 X16.909 Y-4.581 Z2 F30000
G1 X-22.885 Y-1.808 Z2
G1 Z1.6
G1 E1.2 F2100
SET_VELOCITY_LIMIT ACCEL=5000
;TYPE:Inner wall
G1 F9000
G1 X-22.588 Y-1.818 E.01396
G1 X-21.812 Y-1.74 E.03668
G1 X-21.054 Y-1.56 E.03668
G1 X-20.326 Y-1.279 E.03668
G1 X-19.642 Y-.904 E.03668
G1 X-19.014 Y-.442 E.03668
G1 X-18.453 Y.101 E.03668
G1 X-17.97 Y.713 E.03668
G1 X-17.572 Y1.384 E.03668
G1 X-17.268 Y2.102 E.03668
G1 X-17.061 Y2.854 E.03668
G1 X-16.958 Y3.627 E.03668
G1 X-16.958 Y4.407 E.03668
G1 X-17.061 Y5.18 E.03668
G1 X-17.268 Y5.933 E.03668
G1 X-17.572 Y6.651 E.03668
G1 X-17.97 Y7.322 E.03668
G1 X-18.453 Y7.934 E.03668
G1 X-19.014 Y8.476 E.03668
G1 X-19.642 Y8.939 E.03668
G1 X-20.326 Y9.314 E.03668
G1 X-21.054 Y9.594 E.03668
G1 X-21.812 Y9.775 E.03668
G1 X-22.588 Y9.853 E.03668
G1 X-23.368 Y9.827 E.03668
G1 X-24.137 Y9.697 E.03668
G1 X-24.882 Y9.466 E.03668
G1 X-25.59 Y9.138 E.03668
G1 X-26.247 Y8.718 E.03668
G1 X-26.843 Y8.215 E.03668
G1 X-27.366 Y7.636 E.03668
G1 X-27.807 Y6.993 E.03668
G1 X-28.159 Y6.297 E.03668
G1 X-28.415 Y5.56 E.03668
G1 X-28.571 Y4.796 E.03668
G1 X-28.623 Y4.017 E.03668
G1 X-28.571 Y3.239 E.03668
G1 X-28.415 Y2.475 E.03668
G1 X-28.159 Y1.738 E.03668
G1 X-27.807 Y1.042 E.03668
G1 X-27.54 Y.652 E.02223
G1 X-27.366 Y.399 E.01445
G1 X-26.843 Y-.18 E.03668
G1 X-26.247 Y-.683 E.03668
G1 X-25.59 Y-1.103 E.03668
G1 X-24.882 Y-1.432 E.03668
G1 X-24.137 Y-1.663 E.03668
G1 X-23.368 Y-1.792 E.03668
G1 X-22.921 Y-1.807 E.02103
SET_VELOCITY_LIMIT ACCEL=10000
G1 X-22.866 Y-1.232 F30000
SET_VELOCITY_LIMIT ACCEL=5000
;TYPE:Outer wall
G1 F7200
G1 X-22.608 Y-1.24 E.01214
G1 X-21.909 Y-1.17 E.03305
G1 X-21.225 Y-1.007 E.03305
G1 X-20.569 Y-.755 E.03305
G1 X-20.189 Y-.546 E.02041
G1 X-19.953 Y-.417 E.01264
G1 X-19.387 Y0 E.03305
G1 X-18.882 Y.489 E.03305
G1 X-18.446 Y1.04 E.03305
G1 X-18.088 Y1.645 E.03305
G1 X-17.814 Y2.292 E.03305
G1 X-17.628 Y2.97 E.03305
G1 X-17.535 Y3.666 E.03305
G1 X-17.535 Y4.369 E.03305
G1 X-17.628 Y5.065 E.03305
G1 X-17.814 Y5.743 E.03305
G1 X-18.088 Y6.39 E.03305
G1 X-18.446 Y6.995 E.03305
G1 X-18.882 Y7.546 E.03305
G1 X-19.387 Y8.035 E.03305
G1 X-19.953 Y8.452 E.03305
G1 X-20.569 Y8.789 E.03305
G1 X-21.225 Y9.042 E.03305
G1 X-21.909 Y9.205 E.03305
G1 X-22.608 Y9.275 E.03305
G1 X-23.31 Y9.252 E.03305
G1 X-24.003 Y9.135 E.03305
G1 X-24.674 Y8.927 E.03305
G1 X-25.312 Y8.631 E.03305
G1 X-25.904 Y8.253 E.03305
G1 X-26.441 Y7.799 E.03305
G1 X-26.912 Y7.278 E.03305
G1 X-27.31 Y6.698 E.03305
G1 X-27.627 Y6.071 E.03305
G1 X-27.857 Y5.407 E.03305
G1 X-27.997 Y4.719 E.03305
G1 X-28.044 Y4.017 E.03305
G1 X-27.997 Y3.316 E.03305
G1 X-27.857 Y2.628 E.03305
G1 X-27.627 Y1.964 E.03305
G1 X-27.31 Y1.336 E.03305
G1 X-27.064 Y.979 E.02041
G1 X-26.912 Y.757 E.01264
G1 X-26.441 Y.236 E.03305
G1 X-25.904 Y-.218 E.03305
G1 X-25.312 Y-.596 E.03305
G1 X-24.674 Y-.892 E.03305
G1 X-24.003 Y-1.1 E.03305
G1 X-23.31 Y-1.217 E.03305
G1 X-22.902 Y-1.231 E.01921
SET_VELOCITY_LIMIT ACCEL=10000
G1 E-1.2 F2100
;WIPE_START
G1 F7200
G1 X-22.608 Y-1.24
G1 X-21.909 Y-1.17
G1 X-21.225 Y-1.007
G1 X-20.945 Y-.899
;WIPE_END
G1 X-13.393 Y-2.006 Z2 F30000
G1 X30.724 Y-8.469 Z2
G1 Z1.6
G1 E1.2 F2100
SET_VELOCITY_LIMIT ACCEL=5000
;TYPE:Inner wall
G1 F9000
G1 X30.725 Y-8.466 E.00016
G1 X30.981 Y-7.995 E.02522
G1 X31.314 Y-7.222 E.03958
G1 X31.573 Y-6.421 E.03958
G1 X31.757 Y-5.6 E.03958
G1 X31.865 Y-4.765 E.03958
G1 X31.895 Y-3.924 E.03958
G1 X31.848 Y-3.083 E.03958
G1 X31.723 Y-2.251 E.03958
G1 X31.522 Y-1.434 E.03958
G1 X31.246 Y-.639 E.03958
G1 X30.898 Y.128 E.03958
G1 X30.747 Y.393 E.01436
G1 X30.481 Y.859 E.02522
G1 X29.998 Y1.548 E.03958
G1 X29.454 Y2.19 E.03958
G1 X28.853 Y2.779 E.03958
G1 X28.2 Y3.31 E.03958
G1 X27.501 Y3.779 E.03958
G1 X26.761 Y4.181 E.03958
G1 X25.988 Y4.513 E.03958
G1 X25.187 Y4.772 E.03958
G1 X24.346 Y4.961 E.04054
G1 X-21.181 Y12.988 E2.1739
G1 X-22.036 Y13.099 E.04054
G1 X-22.877 Y13.129 E.03958
G1 X-23.717 Y13.081 E.03958
G1 X-24.55 Y12.957 E.03958
G1 X-25.367 Y12.755 E.03958
G1 X-26.162 Y12.48 E.03958
G1 X-26.929 Y12.132 E.03958
G1 X-27.66 Y11.715 E.03958
G1 X-28.349 Y11.232 E.03958
G1 X-28.991 Y10.688 E.03958
G1 X-29.58 Y10.087 E.03958
G1 X-30.111 Y9.434 E.03958
G1 X-30.58 Y8.734 E.03958
G1 X-30.982 Y7.995 E.03958
G1 X-31.314 Y7.222 E.03958
G1 X-31.573 Y6.421 E.03958
G1 X-31.757 Y5.6 E.03958
G1 X-31.865 Y4.765 E.03958
G1 X-31.895 Y3.924 E.03958
G1 X-31.848 Y3.084 E.03958
G1 X-31.723 Y2.251 E.03958
G1 X-31.522 Y1.434 E.03958
G1 X-31.246 Y.639 E.03958
G1 X-30.898 Y-.128 E.03958
G1 X-30.481 Y-.859 E.03958
G1 X-29.998 Y-1.548 E.03958
G1 X-29.454 Y-2.19 E.03958
G1 X-28.853 Y-2.779 E.03958
G1 X-28.2 Y-3.31 E.03958
G1 X-27.501 Y-3.779 E.03958
G1 X-26.761 Y-4.181 E.03958
G1 X-25.988 Y-4.513 E.03958
G1 X-25.187 Y-4.772 E.03958
G1 X-24.346 Y-4.961 E.04054
G1 X21.181 Y-12.988 E2.1739
G1 X22.036 Y-13.099 E.04054
M73 P42 R4
G1 X22.877 Y-13.129 E.03958
G1 X23.182 Y-13.112 E.01436
G1 X23.717 Y-13.081 E.02522
G1 X24.55 Y-12.956 E.03958
G1 X25.367 Y-12.755 E.03958
G1 X26.162 Y-12.48 E.03958
G1 X26.929 Y-12.132 E.03958
G1 X27.66 Y-11.715 E.03958
G1 X28.349 Y-11.232 E.03958
G1 X28.991 Y-10.688 E.03958
G1 X29.58 Y-10.087 E.03958
G1 X30.111 Y-9.434 E.03958
G1 X30.58 Y-8.734 E.03958
G1 X30.707 Y-8.501 E.01251
SET_VELOCITY_LIMIT ACCEL=10000
G1 X31.231 Y-8.745 F30000
SET_VELOCITY_LIMIT ACCEL=5000
;TYPE:Outer wall
G1 F7200
G1 X31.232 Y-8.742 E.00016
G1 X31.501 Y-8.247 E.02647
G1 X31.854 Y-7.425 E.04209
G1 X32.13 Y-6.573 E.04209
G1 X32.326 Y-5.7 E.04209
G1 X32.441 Y-4.812 E.04209
G1 X32.473 Y-3.918 E.04209
G1 X32.422 Y-3.024 E.04209
G1 X32.289 Y-2.139 E.04209
G1 X32.076 Y-1.27 E.04209
G1 X31.782 Y-.424 E.04209
G1 X31.413 Y.391 E.04209
G1 X31.248 Y.679 E.01561
G1 X30.969 Y1.168 E.02647
G1 X30.456 Y1.901 E.04209
G1 X29.877 Y2.584 E.04209
G1 X29.238 Y3.21 E.04209
G1 X28.543 Y3.775 E.04209
G1 X27.8 Y4.273 E.04209
G1 X27.013 Y4.7 E.04209
G1 X26.191 Y5.053 E.04209
G1 X25.339 Y5.329 E.04209
G1 X24.459 Y5.527 E.04242
G1 X-21.094 Y13.559 E2.17516
G1 X-21.989 Y13.674 E.04242
G1 X-22.883 Y13.707 E.04209
G1 X-23.777 Y13.656 E.04209
G1 X-24.662 Y13.523 E.04209
G1 X-25.531 Y13.309 E.04209
G1 X-26.376 Y13.016 E.04209
G1 X-27.191 Y12.646 E.04209
G1 X-27.969 Y12.203 E.04209
G1 X-28.702 Y11.69 E.04209
G1 X-29.385 Y11.111 E.04209
G1 X-30.011 Y10.471 E.04209
G1 X-30.576 Y9.777 E.04209
G1 X-31.074 Y9.033 E.04209
G1 X-31.501 Y8.247 E.04209
G1 X-31.854 Y7.425 E.04209
G1 X-32.13 Y6.573 E.04209
G1 X-32.326 Y5.7 E.04209
G1 X-32.441 Y4.812 E.04209
G1 X-32.473 Y3.918 E.04209
G1 X-32.422 Y3.024 E.04209
G1 X-32.289 Y2.139 E.04209
G1 X-32.076 Y1.27 E.04209
G1 X-31.782 Y.424 E.04209
G1 X-31.413 Y-.39 E.04209
G1 X-30.969 Y-1.168 E.04209
G1 X-30.456 Y-1.901 E.04209
G1 X-29.877 Y-2.584 E.04209
G1 X-29.238 Y-3.21 E.04209
G1 X-28.543 Y-3.775 E.04209
G1 X-27.8 Y-4.273 E.04209
G1 X-27.013 Y-4.7 E.04209
G1 X-26.191 Y-5.053 E.04209
G1 X-25.339 Y-5.329 E.04209
G1 X-24.459 Y-5.527 E.04242
G1 X21.094 Y-13.559 E2.17515
G1 X21.989 Y-13.674 E.04243
G1 X22.883 Y-13.706 E.04209
G1 X23.214 Y-13.688 E.01561
G1 X23.777 Y-13.656 E.02647
G1 X24.662 Y-13.523 E.04209
G1 X25.531 Y-13.309 E.04209
G1 X26.376 Y-13.016 E.04209
G1 X27.191 Y-12.646 E.04209
G1 X27.969 Y-12.203 E.04209
G1 X28.702 Y-11.69 E.04209
G1 X29.385 Y-11.111 E.04209
G1 X30.011 Y-10.471 E.04209
G1 X30.576 Y-9.777 E.04209
G1 X31.074 Y-9.033 E.04209
G1 X31.214 Y-8.776 E.01377
SET_VELOCITY_LIMIT ACCEL=10000
G1 E-1.2 F2100
;WIPE_START
G1 F7200
G1 X31.232 Y-8.742
G1 X31.501 Y-8.247
G1 X31.854 Y-7.425
G1 X32.009 Y-6.946
;WIPE_END
G1 X31.31 Y-6.009 Z2 F30000
G1 Z1.6
G1 E1.2 F2100
;TYPE:Sparse infill
G1 F6000
G1 X31.416 Y-5.539 E.02261
G1 X31.519 Y-4.736 E.03807
G1 X31.548 Y-3.927 E.03807
G1 X31.537 Y-3.719 E.0098
G1 X22.488 Y-12.768 E.60178
G1 X22.873 Y-12.782 E.01815
G1 X23.682 Y-12.737 E.03807
G1 X24.483 Y-12.616 E.03807
G1 X24.777 Y-12.544 E.01425
G1 X24.731 Y-6.214 F30000
G1 F6000
G1 X24.426 Y-6.434 E.01769
G1 X23.984 Y-6.651 E.02317
G1 X23.493 Y-6.795 E.02405
G1 X22.852 Y-6.845 E.03022
G1 X22.569 Y-6.811 E.01342
G1 X17.409 Y-11.971 E.3432
G1 X12.413 Y-11.091 E.23852
G1 X20.188 Y-3.316 E.51701
G1 X20.276 Y-3.009 E.01504
G1 X20.471 Y-2.621 E.02041
G1 X20.701 Y-2.296 E.01873
G1 X21.248 Y-1.766 E.03583
G1 X21.585 Y-1.544 E.01894
G1 X21.988 Y-1.357 E.02089
G1 X22.201 Y-1.303 E.01034
G1 X27.104 Y3.6 E.3261
G1 X27.321 Y3.482 E.01162
G1 X27.994 Y3.031 E.03807
G1 X28.622 Y2.521 E.03807
G1 X29.2 Y1.954 E.03807
G1 X29.724 Y1.337 E.03807
G1 X30.133 Y.753 E.03352
G1 X25.782 Y-3.598 E.28931
G1 X25.709 Y-3.18 E.01994
G1 X25.468 Y-2.665 E.02677
G1 X25.18 Y-2.249 E.02376
G1 X24.839 Y-1.902 E.02291
G1 X24.582 Y-1.707 E.01517
G1 X11.069 Y-3.822 F30000
M73 P42 R3
G1 F6000
G1 X11.034 Y-3.623 E.00949
G1 X10.793 Y-3.108 E.02677
G1 X10.505 Y-2.693 E.02376
G1 X10.164 Y-2.345 E.02291
G1 X9.854 Y-2.11 E.01829
G1 X9.717 Y-2.035 E.00733
G1 X17.558 Y5.806 E.52142
G1 X22.553 Y4.925 E.23852
G1 X7.418 Y-10.21 E1.00653
G1 X2.423 Y-9.329 E.23852
G1 X5.84 Y-5.912 E.22724
G1 X6.045 Y-6.208 E.01693
G1 X6.546 Y-6.693 E.0328
G1 X6.975 Y-6.971 E.02403
G1 X7.398 Y-7.148 E.02156
G1 X7.67 Y-7.219 E.01323
G1 E-1.2 F2100
;WIPE_START
G1 F6000
G1 X7.398 Y-7.148
G1 X6.975 Y-6.971
G1 X6.546 Y-6.693
G1 X6.045 Y-6.208
G1 X6.016 Y-6.165
;WIPE_END
G17
G3 Z2 I-1.137 J-.433 P1  F30000
G1 X.299 Y8.849 Z2
G1 Z1.6
G1 E1.2 F2100
G1 F6000
G1 X2.572 Y8.448 E.10855
G1 X-3.767 Y2.109 E.42156
G1 X-3.693 Y1.686 E.02019
G1 X-3.693 Y1.161 E.02473
G1 X-3.793 Y.59 E.02726
G1 X-4.022 Y.093 E.02571
G1 X-4.32 Y-.342 E.02481
G1 X-4.673 Y-.702 E.02372
G1 X-5.076 Y-.993 E.02337
G1 X-5.572 Y-1.225 E.02574
G1 X-5.451 Y-1.537 E.01574
G1 X-5.418 Y-1.552 E.00168
G1 X-5.561 Y-1.881 E.01689
G1 X-5.146 Y-2.11 E.02229
G1 X-4.836 Y-2.345 E.01829
G1 X-4.495 Y-2.693 E.02291
G1 X-4.207 Y-3.108 E.02376
G1 X-3.966 Y-3.623 E.02677
G1 X-3.915 Y-3.915 E.01391
G1 X7.568 Y7.568 E.76361
G1 X12.563 Y6.687 E.23852
M73 P43 R3
G1 X-2.572 Y-8.448 E1.00653
G1 X-4.846 Y-8.047 E.10855
G1 X-6.095 Y-7.527 F30000
;TYPE:Gap infill
;WIDTH:0.644538
G1 F9000
G1 X-6.448 Y-7.51 E.01731
;WIDTH:0.595083
G1 X-6.801 Y-7.494 E.01588
;WIDTH:0.552582
G1 X-7.291 Y-7.423 E.02059
G1 X-7.685 Y-7.337 E.01676
;WIDTH:0.593048
G1 X-8.021 Y-7.238 E.01568
;WIDTH:0.614412
G1 X-8.357 Y-7.14 E.01629
G1 E-1.2 F2100
;WIPE_START
G1 F9000
G1 X-8.021 Y-7.238
;WIPE_END
G17
G3 Z2 I-1.134 J.442 P1  F30000
G1 X-5.902 Y-1.795 Z2
G1 Z1.6
G1 E1.2 F2100
;WIDTH:0.139346
G1 F9000
G1 X-6.148 Y-1.689 E.00211
;WIDTH:0.184193
G1 X-6.252 Y-1.655 E.00127
;WIDTH:0.226949
G1 X-6.357 Y-1.621 E.00165
;WIDTH:0.269272
G1 X-6.391 Y-1.596 E.00078
;WIDTH:0.311163
G1 X-6.425 Y-1.571 E.00092
;WIDTH:0.353053
G1 X-6.459 Y-1.546 E.00107
;WIDTH:0.394944
G1 X-6.493 Y-1.521 E.00121
;WIDTH:0.396673
G1 X-6.459 Y-1.499 E.00118
;WIDTH:0.358237
G1 X-6.424 Y-1.477 E.00105
;WIDTH:0.319802
G1 X-6.39 Y-1.455 E.00092
;WIDTH:0.281366
G1 X-6.355 Y-1.433 E.00079
;WIDTH:0.24022
G1 X-6.242 Y-1.402 E.00188
;WIDTH:0.196367
G1 X-6.129 Y-1.371 E.00146
;WIDTH:0.150861
G1 X-6.008 Y-1.338 E.00111
;WIDTH:0.128129
G1 X-5.914 Y-1.301 E.0007
G1 X-9.013 Y.008 F30000
;TYPE:Sparse infill
;WIDTH:0.62
G1 F6000
G1 X-8.782 Y-.324 E.01899
G1 X-8.281 Y-.809 E.0328
G1 X-7.852 Y-1.087 E.02403
G1 X-7.429 Y-1.264 E.02156
G1 X-7.2 Y-1.324 E.01117
G1 X-7.673 Y-1.797 E.03148
G1 X-8.09 Y-1.988 E.02158
G1 X-8.427 Y-2.209 E.01894
G1 X-8.974 Y-2.739 E.03583
G1 X-9.204 Y-3.065 E.01873
G1 X-9.399 Y-3.452 E.02041
G1 X-9.427 Y-3.551 E.00484
G1 X-12.563 Y-6.687 E.20851
G1 X-17.558 Y-5.806 E.23852
G1 X-9.131 Y2.621 E.56041
G1 X-9.031 Y2.819 E.01045
G1 X-8.802 Y3.145 E.01873
G1 X-8.254 Y3.675 E.03583
G1 X-7.918 Y3.897 E.01894
G1 X-7.801 Y3.951 E.00604
G1 X-2.423 Y9.329 E.35769
G1 X-7.418 Y10.21 E.23852
G1 X-22.553 Y-4.925 E1.00653
G1 X-20.28 Y-5.326 E.10855
G1 X-22.938 Y-2.153 F30000
G1 F6000
G1 X-23.403 Y-2.138 E.02188
G1 X-24.218 Y-2 E.03886
G1 X-25.007 Y-1.755 E.03886
G1 X-25.179 Y-1.675 E.00894
G1 X-27.104 Y-3.6 E.128
G1 X-27.321 Y-3.482 E.01162
G1 X-27.994 Y-3.031 E.03807
G1 X-28.622 Y-2.521 E.03807
G1 X-29.2 Y-1.954 E.03807
G1 X-29.724 Y-1.336 E.03807
G1 X-30.133 Y-.753 E.03352
G1 X-28.243 Y1.137 E.12564
G1 X-28.479 Y1.602 E.02454
G1 X-28.75 Y2.383 E.03886
G1 X-28.914 Y3.193 E.03886
G1 X-28.923 Y3.326 E.00629
G1 X-31.31 Y6.009 F30000
G1 F6000
G1 X-31.416 Y5.539 E.02261
G1 X-31.519 Y4.736 E.03807
G1 X-31.548 Y3.927 E.03807
G1 X-31.537 Y3.719 E.00979
G1 X-28.126 Y7.13 E.2268
G1 X-27.638 Y7.851 E.04095
G1 X-27.084 Y8.464 E.03886
G1 X-26.453 Y8.998 E.03886
G1 X-25.915 Y9.341 E.03
G1 X-22.488 Y12.768 E.22794
G1 X-22.064 Y12.753 E.01992
G1 X-21.233 Y12.646 E.03941
G1 X-17.409 Y11.972 E.18262
G1 X-19.903 Y9.477 E.16589
G1 X-19.455 Y9.232 E.02403
G1 X-18.79 Y8.741 E.03886
G1 X-18.196 Y8.167 E.03886
G1 X-17.683 Y7.518 E.03886
G1 X-17.262 Y6.807 E.03886
G1 X-17.094 Y6.41 E.02029
G1 X-12.413 Y11.091 E.31127
G1 X-14.687 Y11.492 E.10855
;LAYER_CHANGE
;Z:1.8
;HEIGHT:0.2
;BEFORE_LAYER_CHANGE
;1.8
G1 E-1.2 F2100
;WIPE_START
G1 F6000
G1 X-12.717 Y11.144
;WIPE_END
;AFTER_LAYER_CHANGE
;1.8
;_SET_FAN_SPEED_CHANGING_LAYER
G17
G3 Z2.2 I1.115 J.487 P1  F30000
G1 X-7.505 Y-.791 Z2.2
G1 Z1.8
G1 E1.2 F2100
SET_VELOCITY_LIMIT ACCEL=5000
;TYPE:Inner wall
G1 F9000
G1 X-7.036 Y-.911 E.02278
G1 X-6.626 Y-.928 E.01925
G1 X-6.324 Y-.896 E.01432
G1 X-5.959 Y-.805 E.01768
G1 X-5.472 Y-.577 E.02527
G1 X-5.06 Y-.248 E.02478
G1 X-4.817 Y.038 E.01768
G1 X-4.648 Y.306 E.01488
G1 X-4.487 Y.671 E.0188
G1 X-4.34 Y1.299 E.03028
G1 X-4.326 Y1.699 E.01883
G1 X-4.395 Y2.171 E.02242
G1 X-4.534 Y2.573 E.02
G1 X-4.745 Y2.956 E.02056
G1 X-5.111 Y3.384 E.0265
G1 X-5.432 Y3.636 E.0192
G1 X-5.705 Y3.796 E.01486
G1 X-6.1 Y3.958 E.02007
G1 X-6.532 Y4.054 E.02084
G1 X-6.988 Y4.076 E.02146
G1 X-7.479 Y4.007 E.02333
G1 X-7.941 Y3.82 E.02344
G1 X-8.342 Y3.569 E.02224
G1 X-8.71 Y3.228 E.02361
G1 X-8.976 Y2.82 E.02291
G1 X-9.152 Y2.41 E.02096
G1 X-9.256 Y1.981 E.02076
G1 X-9.285 Y1.545 E.02056
G1 X-9.241 Y1.114 E.02036
G1 X-9.126 Y.701 E.02016
G1 X-8.939 Y.306 E.02056
G1 X-8.622 Y-.12 E.02499
G1 X-8.329 Y-.386 E.01861
G1 X-8.015 Y-.592 E.01765
G1 X-7.67 Y-.749 E.01784
G1 X-7.54 Y-.782 E.00631
SET_VELOCITY_LIMIT ACCEL=10000
G1 X-7.362 Y-.232 F30000
SET_VELOCITY_LIMIT ACCEL=5000
;TYPE:Outer wall
G1 F7200
G1 X-6.951 Y-.337 E.01995
G1 X-6.645 Y-.35 E.0144
G1 X-6.424 Y-.326 E.01045
G1 F6720
G1 X-6.153 Y-.259 E.01313
G1 F5640
G1 X-5.779 Y-.083 E.01944
G1 F4380
G1 X-5.464 Y.168 E.01894
G1 F3600
G1 X-5.283 Y.381 E.01314
G1 F3060
G1 X-5.158 Y.577 E.01093
G1 F2340
G1 X-5.037 Y.855 E.01426
G1 X-4.915 Y1.375 E.02512
M106 S255
G1 F2700
G1 X-4.905 Y1.667 E.01374
G1 F3540
G1 X-4.958 Y2.033 E.01739
G1 F4920
G1 X-5.063 Y2.338 E.01517
G1 F6600
G1 X-5.222 Y2.626 E.01547
G1 F7200
G1 X-5.512 Y2.966 E.02101
G1 X-5.758 Y3.158 E.01467
G1 X-5.961 Y3.278 E.01109
G1 X-6.273 Y3.405 E.01584
G1 X-6.61 Y3.48 E.01624
G1 X-6.962 Y3.497 E.01657
G1 X-7.328 Y3.446 E.01738
G1 X-7.678 Y3.304 E.01776
G1 X-7.99 Y3.109 E.0173
G1 X-8.266 Y2.854 E.01767
G1 X-8.465 Y2.546 E.01724
G1 X-8.603 Y2.227 E.01634
G1 X-8.683 Y1.893 E.01615
G1 X-8.706 Y1.555 E.01593
G1 X-8.672 Y1.222 E.01574
G1 X-8.584 Y.904 E.01552
G1 X-8.442 Y.605 E.01557
G1 X-8.192 Y.27 E.01966
G1 X-7.974 Y.071 E.01388
G1 X-7.736 Y-.085 E.01338
G1 X-7.477 Y-.203 E.01338
G1 X-7.397 Y-.223 E.00388
SET_VELOCITY_LIMIT ACCEL=10000
G1 E-1.2 F2100
;WIPE_START
G1 F7200
G1 X-6.951 Y-.337
G1 X-6.645 Y-.35
G1 X-6.424 Y-.326
G1 X-6.153 Y-.259
G1 X-5.779 Y-.083
G1 X-5.53 Y.116
;WIPE_END
G1 X-7.497 Y-1.855 Z2.2 F30000
G1 Z1.8
G1 E1.2 F2100
SET_VELOCITY_LIMIT ACCEL=5000
;TYPE:Inner wall
G1 F9000
G1 X-7.652 Y-1.877 E.00736
G1 X-8.114 Y-2.064 E.02344
G1 X-8.515 Y-2.315 E.02224
G1 X-8.883 Y-2.656 E.02361
G1 X-9.148 Y-3.065 E.02291
G1 X-9.325 Y-3.474 E.02096
G1 X-9.428 Y-3.903 E.02076
G1 X-9.458 Y-4.339 E.02056
G1 X-9.414 Y-4.77 E.02036
G1 X-9.299 Y-5.183 E.02016
G1 X-9.112 Y-5.578 E.02056
G1 X-8.794 Y-6.004 E.02499
G1 X-8.501 Y-6.27 E.01861
G1 X-8.188 Y-6.477 E.01765
G1 X-7.842 Y-6.633 E.01784
G1 X-7.208 Y-6.796 E.03078
G1 X-6.799 Y-6.812 E.01925
G1 X-6.496 Y-6.78 E.01432
G1 X-6.131 Y-6.689 E.01768
G1 X-5.645 Y-6.461 E.02527
G1 X-5.233 Y-6.132 E.02478
G1 X-4.989 Y-5.846 E.01768
G1 X-4.82 Y-5.579 E.01488
G1 X-4.659 Y-5.213 E.0188
G1 X-4.513 Y-4.586 E.03028
G1 X-4.499 Y-4.185 E.01883
G1 X-4.568 Y-3.714 E.02242
G1 X-4.706 Y-3.312 E.02
G1 X-4.917 Y-2.929 E.02056
G1 X-5.283 Y-2.5 E.0265
G1 X-5.605 Y-2.248 E.0192
G1 X-5.877 Y-2.088 E.01486
G1 X-6.272 Y-1.926 E.02007
G1 X-6.705 Y-1.83 E.02084
G1 X-7.16 Y-1.808 E.02146
G1 X-7.461 Y-1.85 E.01427
SET_VELOCITY_LIMIT ACCEL=10000
G1 X-7.416 Y-2.427 F30000
SET_VELOCITY_LIMIT ACCEL=5000
;TYPE:Outer wall
G1 F7200
G1 X-7.501 Y-2.439 E.00404
G1 X-7.85 Y-2.58 E.0177
G1 X-8.163 Y-2.775 E.01734
G1 X-8.438 Y-3.03 E.01764
G1 X-8.638 Y-3.338 E.01727
G1 X-8.775 Y-3.657 E.01633
G1 X-8.856 Y-3.991 E.01616
G1 X-8.879 Y-4.329 E.01593
G1 X-8.845 Y-4.662 E.01574
G1 X-8.756 Y-4.981 E.01557
G1 X-8.615 Y-5.279 E.0155
G1 X-8.365 Y-5.615 E.01969
G1 X-8.147 Y-5.813 E.01385
G1 X-7.908 Y-5.97 E.01345
G1 X-7.65 Y-6.087 E.01332
G1 X-7.124 Y-6.222 E.02554
G1 X-6.818 Y-6.234 E.0144
G1 X-6.597 Y-6.211 E.01045
G1 F6720
G1 X-6.325 Y-6.143 E.01318
G1 F5640
G1 X-5.952 Y-5.968 E.01937
G1 F4380
G1 X-5.636 Y-5.716 E.01901
G1 F3600
G1 X-5.455 Y-5.503 E.01314
G1 F3060
G1 X-5.331 Y-5.307 E.01091
G1 F2340
G1 X-5.209 Y-5.029 E.01428
G1 X-5.088 Y-4.509 E.02511
M106 S255
G1 F2700
G1 X-5.077 Y-4.217 E.01374
G1 F3540
G1 X-5.131 Y-3.851 E.0174
G1 F4920
G1 X-5.236 Y-3.547 E.01512
G1 F6600
G1 X-5.394 Y-3.259 E.01545
G1 F7200
G1 X-5.685 Y-2.919 E.02104
G1 X-5.93 Y-2.726 E.01467
G1 X-6.134 Y-2.607 E.01111
G1 X-6.445 Y-2.479 E.01581
G1 X-6.782 Y-2.404 E.01624
G1 X-7.134 Y-2.387 E.01657
G1 X-7.381 Y-2.422 E.01173
SET_VELOCITY_LIMIT ACCEL=10000
G1 E-1.2 F2100
;WIPE_START
G1 F7200
G1 X-7.501 Y-2.439
G1 X-7.85 Y-2.58
G1 X-8.163 Y-2.775
G1 X-8.438 Y-3.03
G1 X-8.638 Y-3.338
G1 X-8.775 Y-3.657
G1 X-8.785 Y-3.7
;WIPE_END
G1 X-1.265 Y-5.002 Z2.2 F30000
G1 X6.657 Y-6.374 Z2.2
G1 Z1.8
G1 E1.2 F2100
SET_VELOCITY_LIMIT ACCEL=5000
;TYPE:Inner wall
G1 F9000
G1 X6.812 Y-6.477 E.00876
G1 X7.158 Y-6.633 E.01784
G1 X7.792 Y-6.796 E.03078
G1 X8.201 Y-6.812 E.01925
G1 X8.504 Y-6.78 E.01432
G1 X8.869 Y-6.689 E.01768
G1 X9.355 Y-6.461 E.02527
G1 X9.767 Y-6.132 E.02478
G1 X10.011 Y-5.846 E.01769
G1 X10.18 Y-5.579 E.01488
G1 X10.341 Y-5.213 E.0188
G1 X10.487 Y-4.586 E.03028
G1 X10.501 Y-4.185 E.01883
G1 X10.432 Y-3.714 E.02242
G1 X10.294 Y-3.312 E.02
G1 X10.083 Y-2.928 E.02056
G1 X9.717 Y-2.5 E.0265
G1 X9.395 Y-2.248 E.0192
G1 X9.123 Y-2.088 E.01486
M73 P44 R3
G1 X8.728 Y-1.926 E.02007
G1 X8.295 Y-1.83 E.02084
G1 X7.84 Y-1.808 E.02146
G1 X7.348 Y-1.877 E.02333
G1 X6.886 Y-2.064 E.02344
G1 X6.485 Y-2.315 E.02224
G1 X6.117 Y-2.656 E.02361
G1 X5.852 Y-3.065 E.02291
G1 X5.675 Y-3.474 E.02096
G1 X5.572 Y-3.903 E.02076
G1 X5.542 Y-4.339 E.02056
G1 X5.586 Y-4.77 E.02036
G1 X5.701 Y-5.183 E.02016
G1 X5.888 Y-5.578 E.02056
G1 X6.206 Y-6.004 E.02499
G1 X6.499 Y-6.27 E.01861
G1 X6.626 Y-6.354 E.00719
SET_VELOCITY_LIMIT ACCEL=10000
G1 X6.974 Y-5.892 F30000
SET_VELOCITY_LIMIT ACCEL=5000
;TYPE:Outer wall
G1 F7200
G1 X7.092 Y-5.97 E.00665
G1 X7.35 Y-6.087 E.01332
G1 X7.876 Y-6.222 E.02554
G1 X8.182 Y-6.234 E.0144
G1 X8.403 Y-6.211 E.01045
G1 F6720
G1 X8.675 Y-6.143 E.01318
G1 F5640
G1 X9.048 Y-5.968 E.01937
G1 F4380
G1 X9.364 Y-5.716 E.01901
G1 F3600
G1 X9.545 Y-5.503 E.01314
G1 F3060
G1 X9.669 Y-5.307 E.01091
G1 F2340
G1 X9.791 Y-5.029 E.01428
G1 X9.912 Y-4.509 E.02511
M106 S255
G1 F2700
G1 X9.923 Y-4.217 E.01374
G1 F3540
G1 X9.869 Y-3.851 E.0174
G1 F4920
G1 X9.764 Y-3.547 E.01512
G1 F6600
G1 X9.606 Y-3.259 E.01545
G1 F7200
G1 X9.315 Y-2.919 E.02104
G1 X9.07 Y-2.726 E.01467
G1 X8.866 Y-2.607 E.01111
G1 X8.555 Y-2.479 E.01581
G1 X8.218 Y-2.404 E.01624
G1 X7.866 Y-2.387 E.01657
G1 X7.499 Y-2.439 E.01743
G1 X7.15 Y-2.58 E.0177
G1 X6.837 Y-2.775 E.01734
G1 X6.562 Y-3.03 E.01764
G1 X6.362 Y-3.338 E.01727
G1 X6.225 Y-3.657 E.01633
G1 X6.144 Y-3.991 E.01616
G1 X6.121 Y-4.329 E.01593
G1 X6.155 Y-4.662 E.01574
G1 X6.244 Y-4.981 E.01557
G1 X6.385 Y-5.279 E.0155
G1 X6.635 Y-5.615 E.01969
G1 X6.853 Y-5.813 E.01385
G1 X6.944 Y-5.872 E.0051
SET_VELOCITY_LIMIT ACCEL=10000
G1 E-1.2 F2100
;WIPE_START
G1 F7200
G1 X7.092 Y-5.97
G1 X7.35 Y-6.087
G1 X7.876 Y-6.222
G1 X8.182 Y-6.234
G1 X8.403 Y-6.211
G1 X8.675 Y-6.143
G1 X8.844 Y-6.063
;WIPE_END
G1 X16.475 Y-6.228 Z2.2 F30000
G1 X22.754 Y-6.364 Z2.2
G1 Z1.8
G1 E1.2 F2100
SET_VELOCITY_LIMIT ACCEL=5000
;TYPE:Inner wall
G1 F9000
G1 X22.876 Y-6.369 E.00572
G1 X23.179 Y-6.337 E.01432
G1 X23.544 Y-6.246 E.01768
G1 X24.03 Y-6.018 E.02527
G1 X24.442 Y-5.689 E.02478
G1 X24.686 Y-5.403 E.01769
G1 X24.855 Y-5.135 E.01488
G1 X25.016 Y-4.769 E.0188
G1 X25.162 Y-4.142 E.03028
G1 X25.176 Y-3.742 E.01883
G1 X25.107 Y-3.27 E.02242
G1 X24.969 Y-2.868 E.02
G1 X24.758 Y-2.485 E.02056
G1 X24.392 Y-2.057 E.0265
G1 X24.071 Y-1.805 E.0192
G1 X23.798 Y-1.645 E.01486
G1 X23.403 Y-1.483 E.02007
G1 X22.97 Y-1.387 E.02084
G1 X22.515 Y-1.365 E.02146
G1 X22.023 Y-1.434 E.02333
G1 X21.561 Y-1.621 E.02344
G1 X21.16 Y-1.871 E.02224
G1 X20.792 Y-2.213 E.02361
G1 X20.527 Y-2.621 E.02291
G1 X20.35 Y-3.031 E.02096
G1 X20.247 Y-3.46 E.02076
G1 X20.217 Y-3.896 E.02056
G1 X20.261 Y-4.327 E.02036
G1 X20.376 Y-4.74 E.02016
G1 X20.563 Y-5.135 E.02056
G1 X20.881 Y-5.561 E.02499
G1 X21.174 Y-5.827 E.01861
G1 X21.487 Y-6.033 E.01765
G1 X21.833 Y-6.19 E.01784
G1 X22.467 Y-6.352 E.03078
G1 X22.718 Y-6.363 E.01184
SET_VELOCITY_LIMIT ACCEL=10000
G1 X22.778 Y-5.788 F30000
SET_VELOCITY_LIMIT ACCEL=5000
;TYPE:Outer wall
G1 F7200
G1 X22.857 Y-5.791 E.00372
G1 X23.078 Y-5.767 E.01045
G1 F6720
G1 X23.35 Y-5.7 E.01317
G1 F5640
G1 X23.723 Y-5.524 E.01939
G1 F4380
G1 X24.039 Y-5.273 E.01898
G1 F3600
G1 X24.22 Y-5.06 E.01314
G1 F3060
G1 X24.344 Y-4.863 E.01095
G1 F2340
G1 X24.466 Y-4.586 E.01423
G1 X24.587 Y-4.066 E.02511
M106 S255
G1 F2700
G1 X24.598 Y-3.774 E.01374
G1 F3540
G1 X24.544 Y-3.407 E.01744
G1 F4920
G1 X24.439 Y-3.103 E.01512
G1 F6600
G1 X24.281 Y-2.815 E.01545
G1 F7200
G1 X23.99 Y-2.475 E.02104
G1 X23.745 Y-2.282 E.01467
G1 X23.541 Y-2.163 E.01111
G1 X23.23 Y-2.036 E.0158
G1 X22.893 Y-1.961 E.01624
G1 X22.541 Y-1.944 E.01657
G1 X22.174 Y-1.995 E.01742
G1 X21.825 Y-2.137 E.01772
G1 X21.512 Y-2.332 E.01734
G1 X21.237 Y-2.587 E.01764
G1 X21.037 Y-2.895 E.01727
G1 X20.9 Y-3.214 E.01633
G1 X20.819 Y-3.548 E.01616
G1 X20.796 Y-3.886 E.01593
G1 X20.83 Y-4.219 E.01574
G1 X20.919 Y-4.537 E.01553
G1 X21.06 Y-4.836 E.01555
G1 X21.31 Y-5.171 E.01966
G1 X21.528 Y-5.37 E.01388
G1 X21.767 Y-5.526 E.01342
G1 X22.025 Y-5.644 E.01334
G1 X22.551 Y-5.778 E.02553
G1 X22.742 Y-5.786 E.00899
SET_VELOCITY_LIMIT ACCEL=10000
G1 E-1.2 F2100
;WIPE_START
G1 F7200
G1 X22.857 Y-5.791
G1 X23.078 Y-5.767
G1 X23.35 Y-5.7
G1 X23.723 Y-5.524
G1 X24.039 Y-5.273
G1 X24.22 Y-5.06
G1 X24.344 Y-4.863
G1 X24.366 Y-4.813
;WIPE_END
G1 X16.749 Y-4.329 Z2.2 F30000
G1 X-22.922 Y-1.807 Z2.2
G1 Z1.8
G1 E1.2 F2100
SET_VELOCITY_LIMIT ACCEL=5000
;TYPE:Inner wall
G1 F9000
G1 X-22.588 Y-1.818 E.01568
G1 X-21.812 Y-1.74 E.03668
G1 X-21.054 Y-1.56 E.03668
G1 X-20.326 Y-1.279 E.03668
G1 X-19.642 Y-.904 E.03668
G1 X-19.014 Y-.442 E.03668
G1 X-18.453 Y.101 E.03668
G1 X-17.97 Y.713 E.03668
G1 X-17.572 Y1.384 E.03668
G1 X-17.268 Y2.102 E.03668
G1 X-17.061 Y2.854 E.03668
G1 X-16.958 Y3.627 E.03668
G1 X-16.958 Y4.407 E.03668
G1 X-17.061 Y5.18 E.03668
G1 X-17.268 Y5.933 E.03668
G1 X-17.572 Y6.651 E.03668
G1 X-17.97 Y7.322 E.03668
G1 X-18.453 Y7.934 E.03668
G1 X-19.014 Y8.476 E.03668
G1 X-19.642 Y8.939 E.03668
G1 X-20.326 Y9.314 E.03668
G1 X-21.054 Y9.594 E.03668
G1 X-21.812 Y9.775 E.03668
G1 X-22.588 Y9.853 E.03668
G1 X-23.368 Y9.827 E.03668
G1 X-24.137 Y9.697 E.03668
G1 X-24.882 Y9.466 E.03668
G1 X-25.59 Y9.138 E.03668
G1 X-26.247 Y8.718 E.03668
G1 X-26.843 Y8.215 E.03668
G1 X-27.366 Y7.636 E.03668
G1 X-27.807 Y6.993 E.03668
G1 X-28.159 Y6.297 E.03668
G1 X-28.415 Y5.56 E.03668
G1 X-28.571 Y4.796 E.03668
G1 X-28.623 Y4.017 E.03668
G1 X-28.571 Y3.239 E.03668
G1 X-28.415 Y2.475 E.03668
G1 X-28.159 Y1.738 E.03668
G1 X-27.807 Y1.042 E.03668
G1 X-27.559 Y.679 E.02067
G1 X-27.366 Y.399 E.01601
G1 X-26.843 Y-.18 E.03668
G1 X-26.247 Y-.683 E.03668
G1 X-25.59 Y-1.103 E.03668
G1 X-24.882 Y-1.432 E.03668
G1 X-24.137 Y-1.663 E.03668
G1 X-23.368 Y-1.792 E.03668
G1 X-22.958 Y-1.806 E.0193
SET_VELOCITY_LIMIT ACCEL=10000
G1 X-22.903 Y-1.231 F30000
SET_VELOCITY_LIMIT ACCEL=5000
;TYPE:Outer wall
G1 F7200
G1 X-22.608 Y-1.24 E.01387
G1 X-21.909 Y-1.17 E.03305
G1 X-21.225 Y-1.007 E.03305
G1 X-20.569 Y-.755 E.03305
G1 X-19.953 Y-.417 E.03305
G1 X-19.387 Y0 E.03305
G1 X-18.882 Y.489 E.03305
G1 X-18.446 Y1.04 E.03305
G1 X-18.088 Y1.645 E.03305
G1 X-17.814 Y2.292 E.03305
G1 X-17.628 Y2.97 E.03305
G1 X-17.535 Y3.666 E.03305
G1 X-17.535 Y4.369 E.03305
G1 X-17.628 Y5.065 E.03305
G1 X-17.814 Y5.743 E.03305
G1 X-18.088 Y6.39 E.03305
G1 X-18.446 Y6.995 E.03305
G1 X-18.882 Y7.546 E.03305
G1 X-19.387 Y8.035 E.03305
G1 X-19.953 Y8.452 E.03305
G1 X-20.569 Y8.789 E.03305
G1 X-21.225 Y9.042 E.03305
G1 X-21.909 Y9.205 E.03305
G1 X-22.608 Y9.275 E.03305
G1 X-23.31 Y9.252 E.03305
G1 X-24.003 Y9.135 E.03305
G1 X-24.674 Y8.927 E.03305
G1 X-25.312 Y8.631 E.03305
G1 X-25.904 Y8.253 E.03305
G1 X-26.441 Y7.799 E.03305
G1 X-26.912 Y7.278 E.03305
G1 X-27.31 Y6.698 E.03305
G1 X-27.627 Y6.071 E.03305
G1 X-27.857 Y5.407 E.03305
G1 X-27.997 Y4.719 E.03305
G1 X-28.044 Y4.017 E.03305
G1 X-27.997 Y3.316 E.03305
G1 X-27.857 Y2.628 E.03305
G1 X-27.627 Y1.964 E.03305
G1 X-27.31 Y1.336 E.03305
G1 X-27.083 Y1.006 E.01886
G1 X-26.912 Y.757 E.01419
G1 X-26.441 Y.236 E.03305
G1 X-25.904 Y-.218 E.03305
G1 X-25.312 Y-.596 E.03305
G1 X-24.674 Y-.892 E.03305
G1 X-24.003 Y-1.1 E.03305
G1 X-23.31 Y-1.217 E.03305
G1 X-22.938 Y-1.229 E.01749
SET_VELOCITY_LIMIT ACCEL=10000
G1 E-1.2 F2100
;WIPE_START
G1 F7200
G1 X-22.608 Y-1.24
G1 X-21.909 Y-1.17
G1 X-21.225 Y-1.007
G1 X-20.979 Y-.912
;WIPE_END
G1 X-13.426 Y-2.009 Z2.2 F30000
G1 X30.747 Y-8.426 Z2.2
G1 Z1.8
G1 E1.2 F2100
SET_VELOCITY_LIMIT ACCEL=5000
;TYPE:Inner wall
G1 F9000
G1 X30.981 Y-7.995 E.02305
G1 X31.314 Y-7.222 E.03958
G1 X31.573 Y-6.421 E.03958
G1 X31.757 Y-5.6 E.03958
G1 X31.865 Y-4.765 E.03958
G1 X31.895 Y-3.924 E.03958
G1 X31.848 Y-3.083 E.03958
G1 X31.723 Y-2.251 E.03958
G1 X31.522 Y-1.434 E.03958
G1 X31.246 Y-.639 E.03958
G1 X30.898 Y.128 E.03958
G1 X30.481 Y.859 E.03958
G1 X29.998 Y1.548 E.03958
G1 X29.454 Y2.19 E.03958
G1 X28.853 Y2.779 E.03958
G1 X28.2 Y3.31 E.03958
G1 X27.501 Y3.779 E.03958
G1 X26.761 Y4.181 E.03958
G1 X25.988 Y4.513 E.03958
G1 X25.187 Y4.772 E.03958
G1 X24.346 Y4.961 E.04054
G1 X-21.181 Y12.988 E2.1739
G1 X-22.036 Y13.099 E.04054
G1 X-22.877 Y13.129 E.03958
G1 X-23.717 Y13.081 E.03958
G1 X-24.55 Y12.957 E.03958
G1 X-25.367 Y12.755 E.03958
G1 X-26.162 Y12.48 E.03958
G1 X-26.929 Y12.132 E.03958
G1 X-27.66 Y11.715 E.03958
G1 X-28.349 Y11.232 E.03958
G1 X-28.991 Y10.688 E.03958
G1 X-29.58 Y10.087 E.03958
G1 X-30.111 Y9.434 E.03958
G1 X-30.58 Y8.734 E.03958
G1 X-30.747 Y8.426 E.01653
G1 X-30.982 Y7.995 E.02305
G1 X-31.314 Y7.222 E.03958
G1 X-31.573 Y6.421 E.03958
G1 X-31.757 Y5.6 E.03958
G1 X-31.865 Y4.765 E.03958
G1 X-31.895 Y3.924 E.03958
G1 X-31.848 Y3.084 E.03958
G1 X-31.723 Y2.251 E.03958
G1 X-31.522 Y1.434 E.03958
G1 X-31.246 Y.639 E.03958
G1 X-30.898 Y-.128 E.03958
G1 X-30.481 Y-.859 E.03958
G1 X-29.998 Y-1.548 E.03958
G1 X-29.454 Y-2.19 E.03958
G1 X-28.853 Y-2.779 E.03958
G1 X-28.2 Y-3.31 E.03958
G1 X-27.501 Y-3.779 E.03958
G1 X-26.761 Y-4.181 E.03958
G1 X-25.988 Y-4.513 E.03958
G1 X-25.187 Y-4.772 E.03958
G1 X-24.346 Y-4.961 E.04054
G1 X21.181 Y-12.988 E2.1739
G1 X22.036 Y-13.099 E.04055
G1 X22.877 Y-13.129 E.03958
G1 X23.228 Y-13.109 E.01653
G1 X23.717 Y-13.081 E.02305
G1 X24.55 Y-12.956 E.03958
G1 X25.367 Y-12.755 E.03958
G1 X26.162 Y-12.48 E.03958
G1 X26.929 Y-12.132 E.03958
G1 X27.66 Y-11.715 E.03958
G1 X28.349 Y-11.232 E.03958
G1 X28.991 Y-10.688 E.03958
G1 X29.58 Y-10.087 E.03958
G1 X30.111 Y-9.434 E.03958
G1 X30.58 Y-8.734 E.03958
G1 X30.73 Y-8.457 E.01484
SET_VELOCITY_LIMIT ACCEL=10000
G1 X31.254 Y-8.701 F30000
SET_VELOCITY_LIMIT ACCEL=5000
;TYPE:Outer wall
G1 F7200
G1 X31.254 Y-8.701 E.00002
G1 X31.501 Y-8.247 E.0243
G1 X31.854 Y-7.425 E.04209
G1 X32.13 Y-6.573 E.04209
G1 X32.326 Y-5.7 E.04209
G1 X32.441 Y-4.812 E.04209
G1 X32.473 Y-3.918 E.04209
G1 X32.422 Y-3.024 E.04209
G1 X32.289 Y-2.139 E.04209
G1 X32.076 Y-1.27 E.04209
G1 X31.782 Y-.424 E.04209
G1 X31.413 Y.391 E.04209
G1 X30.969 Y1.168 E.04209
G1 X30.456 Y1.901 E.04209
G1 X29.877 Y2.584 E.04209
G1 X29.238 Y3.21 E.04209
G1 X28.543 Y3.775 E.04209
G1 X27.8 Y4.273 E.04209
G1 X27.013 Y4.7 E.04209
G1 X26.191 Y5.053 E.04209
G1 X25.339 Y5.329 E.04209
G1 X24.459 Y5.527 E.04242
G1 X-21.094 Y13.559 E2.17516
G1 X-21.989 Y13.674 E.04242
M73 P45 R3
G1 X-22.883 Y13.707 E.04209
G1 X-23.777 Y13.656 E.04209
G1 X-24.662 Y13.523 E.04209
G1 X-25.531 Y13.309 E.04209
G1 X-26.376 Y13.016 E.04209
G1 X-27.191 Y12.646 E.04209
G1 X-27.969 Y12.203 E.04209
G1 X-28.702 Y11.69 E.04209
G1 X-29.385 Y11.111 E.04209
G1 X-30.011 Y10.471 E.04209
G1 X-30.576 Y9.777 E.04209
G1 X-31.074 Y9.033 E.04209
G1 X-31.254 Y8.701 E.01779
G1 X-31.501 Y8.247 E.0243
G1 X-31.854 Y7.425 E.04209
G1 X-32.13 Y6.573 E.04209
G1 X-32.213 Y6.204 E.01779
G1 X-32.326 Y5.7 E.0243
G1 X-32.441 Y4.812 E.04209
G1 X-32.473 Y3.918 E.04209
G1 X-32.422 Y3.024 E.04209
G1 X-32.289 Y2.139 E.04209
G1 X-32.076 Y1.27 E.04209
G1 X-31.782 Y.424 E.04209
G1 X-31.413 Y-.39 E.04209
G1 X-30.969 Y-1.168 E.04209
G1 X-30.456 Y-1.901 E.04209
G1 X-29.877 Y-2.584 E.04209
G1 X-29.238 Y-3.21 E.04209
G1 X-28.543 Y-3.775 E.04209
G1 X-27.8 Y-4.273 E.04209
G1 X-27.013 Y-4.7 E.04209
G1 X-26.191 Y-5.053 E.04209
G1 X-25.339 Y-5.329 E.04209
G1 X-24.459 Y-5.527 E.04242
G1 X21.094 Y-13.559 E2.17515
G1 X21.989 Y-13.674 E.04243
G1 X22.883 Y-13.706 E.04209
G1 X23.261 Y-13.685 E.01779
G1 X23.777 Y-13.656 E.0243
G1 X24.662 Y-13.523 E.04209
G1 X25.531 Y-13.309 E.04209
G1 X26.376 Y-13.016 E.04209
G1 X27.191 Y-12.646 E.04209
G1 X27.969 Y-12.203 E.04209
G1 X28.702 Y-11.69 E.04209
G1 X29.385 Y-11.111 E.04209
G1 X30.011 Y-10.471 E.04209
G1 X30.576 Y-9.777 E.04209
G1 X31.074 Y-9.033 E.04209
G1 X31.237 Y-8.733 E.01608
SET_VELOCITY_LIMIT ACCEL=10000
G1 E-1.2 F2100
;WIPE_START
G1 F7200
G1 X31.254 Y-8.701
G1 X31.501 Y-8.247
G1 X31.854 Y-7.425
G1 X32.024 Y-6.9
;WIPE_END
G1 X31.31 Y-6.009 Z2.2 F30000
G1 Z1.8
G1 E1.2 F2100
;TYPE:Sparse infill
G1 F6000
G1 X31.416 Y-5.539 E.02261
G1 X31.519 Y-4.736 E.03807
G1 X31.548 Y-3.927 E.03807
G1 X31.537 Y-3.719 E.0098
G1 X22.488 Y-12.768 E.60178
G1 X22.064 Y-12.753 E.01992
G1 X21.233 Y-12.646 E.03942
G1 X17.409 Y-11.971 E.18262
G1 X22.673 Y-6.707 E.35008
G1 X22.887 Y-6.716 E.0101
G1 X23.239 Y-6.679 E.01664
G1 X23.66 Y-6.574 E.0204
G1 X24.214 Y-6.314 E.02878
G1 X24.684 Y-5.939 E.02827
G1 X24.965 Y-5.609 E.0204
G1 X25.161 Y-5.299 E.01725
G1 X25.346 Y-4.879 E.02153
G1 X25.507 Y-4.188 E.03337
G1 X25.519 Y-3.862 E.01537
G1 X30.133 Y.753 E.30686
G1 X29.724 Y1.337 E.03352
G1 X29.2 Y1.954 E.03807
G1 X28.622 Y2.521 E.03807
G1 X27.994 Y3.031 E.03807
G1 X27.321 Y3.482 E.03807
G1 X27.104 Y3.6 E.01162
G1 X22.485 Y-1.019 E.3072
G1 X21.933 Y-1.097 E.02621
G1 X21.404 Y-1.311 E.02686
G1 X20.949 Y-1.595 E.0252
G1 X20.525 Y-1.988 E.02718
G1 X20.22 Y-2.457 E.02632
G1 X20.021 Y-2.921 E.02372
G1 X19.903 Y-3.407 E.02352
G1 X19.889 Y-3.615 E.0098
G1 X12.413 Y-11.091 E.49715
G1 X7.418 Y-10.21 E.23852
G1 X22.553 Y4.925 E1.00653
G1 X17.558 Y5.806 E.23852
G1 X9.703 Y-2.049 E.52238
G1 X9.591 Y-1.961 E.0067
G1 X9.277 Y-1.777 E.01713
G1 X8.832 Y-1.595 E.02261
G1 X8.342 Y-1.486 E.0236
G1 X7.824 Y-1.461 E.02438
G1 X7.258 Y-1.54 E.02688
G1 X6.729 Y-1.755 E.02686
G1 X6.274 Y-2.038 E.0252
G1 X5.85 Y-2.431 E.02718
G1 X5.545 Y-2.901 E.02632
G1 X5.346 Y-3.364 E.02373
G1 X5.228 Y-3.85 E.02352
G1 X5.195 Y-4.345 E.02333
G1 X5.245 Y-4.835 E.02313
G1 X5.376 Y-5.304 E.02293
G1 X5.59 Y-5.757 E.02357
G1 X5.763 Y-5.989 E.0136
G1 X2.423 Y-9.329 E.22211
G1 X-2.572 Y-8.448 E.23852
G1 X12.563 Y6.687 E1.00653
G1 X7.568 Y7.568 E.23852
G1 X-4.153 Y-4.153 E.77948
G1 X-4.23 Y-3.631 E.02481
G1 X-4.389 Y-3.171 E.02293
G1 X-4.631 Y-2.73 E.02362
G1 X-5.043 Y-2.249 E.02978
G1 X-5.409 Y-1.961 E.02192
G1 X-5.723 Y-1.777 E.01713
G1 X-5.832 Y-1.732 E.00552
G1 X-5.738 Y-1.493 E.01211
G1 X-5.843 Y-1.133 E.01761
G1 X-5.288 Y-.873 E.02882
G1 X-4.818 Y-.498 E.02827
G1 X-4.537 Y-.168 E.0204
G1 X-4.341 Y.142 E.01725
G1 X-4.157 Y.562 E.02153
G1 X-3.996 Y1.253 E.03337
G1 X-3.979 Y1.718 E.02188
G1 X-4.002 Y1.874 E.00743
G1 X2.572 Y8.448 E.4372
G1 X-2.423 Y9.329 E.23852
G1 X-7.382 Y4.371 E.32976
G1 X-7.57 Y4.344 E.00893
G1 X-8.099 Y4.13 E.02686
G1 X-8.553 Y3.846 E.0252
G1 X-8.977 Y3.453 E.02718
G1 X-9.282 Y2.983 E.02632
G1 X-9.482 Y2.52 E.02373
G1 X-9.561 Y2.191 E.01594
G1 X-17.558 Y-5.806 E.5318
G1 X-22.553 Y-4.925 E.23852
G1 X-7.418 Y10.21 E1.00653
G1 X-12.413 Y11.091 E.23852
G1 X-17.094 Y6.41 E.31127
G1 X-17.262 Y6.807 E.02029
G1 X-17.683 Y7.518 E.03886
G1 X-18.196 Y8.167 E.03886
G1 X-18.79 Y8.741 E.03886
G1 X-19.455 Y9.232 E.03886
G1 X-19.903 Y9.477 E.02403
G1 X-17.409 Y11.972 E.16589
G1 X-21.233 Y12.646 E.18262
G1 X-22.064 Y12.753 E.03941
M73 P46 R3
G1 X-22.488 Y12.768 E.01992
G1 X-25.915 Y9.341 E.22794
G1 X-26.453 Y8.998 E.03
G1 X-27.084 Y8.464 E.03886
G1 X-27.638 Y7.851 E.03886
G1 X-28.126 Y7.13 E.04095
G1 X-31.537 Y3.719 E.2268
G1 X-31.548 Y3.927 E.00979
G1 X-31.519 Y4.736 E.03807
G1 X-31.416 Y5.539 E.03807
G1 X-31.31 Y6.009 E.02261
G1 X-28.923 Y3.326 F30000
G1 F6000
G1 X-28.914 Y3.193 E.00629
G1 X-28.75 Y2.383 E.03886
G1 X-28.479 Y1.602 E.03886
G1 X-28.243 Y1.137 E.02454
G1 X-30.133 Y-.753 E.12564
G1 X-29.724 Y-1.336 E.03352
G1 X-29.2 Y-1.954 E.03807
G1 X-28.622 Y-2.521 E.03807
G1 X-27.994 Y-3.031 E.03807
G1 X-27.321 Y-3.482 E.03807
G1 X-27.104 Y-3.6 E.01162
G1 X-25.179 Y-1.675 E.128
G1 X-25.007 Y-1.755 E.00894
G1 X-24.218 Y-2 E.03886
G1 X-23.403 Y-2.138 E.03886
G1 X-22.938 Y-2.153 E.02188
G1 X-6.161 Y-1.623 F30000
;TYPE:Gap infill
;WIDTH:0.137519
G1 F9000
G1 X-6.294 Y-1.571 E.0011
;WIDTH:0.177918
G1 X-6.426 Y-1.519 E.00157
;WIDTH:0.218317
G1 X-6.559 Y-1.467 E.00204
;WIDTH:0.255603
G1 X-6.598 Y-1.441 E.00082
;WIDTH:0.289774
G1 X-6.637 Y-1.415 E.00095
;WIDTH:0.324606
G1 X-6.659 Y-1.394 E.00068
;WIDTH:0.356432
G1 X-6.673 Y-1.379 E.00053
;WIDTH:0.349116
G1 X-6.648 Y-1.359 E.00082
;WIDTH:0.30632
G1 X-6.622 Y-1.338 E.0007
;WIDTH:0.273198
G1 X-6.603 Y-1.326 E.00043
;WIDTH:0.243289
G1 X-6.548 Y-1.3 E.00098
;WIDTH:0.207846
G1 X-6.427 Y-1.265 E.00169
;WIDTH:0.173326
G1 X-6.307 Y-1.229 E.00134
;WIDTH:0.156065
G1 X-6.186 Y-1.194 E.00116
G1 X-6.193 Y-1.234 F30000
;WIDTH:0.1832
G1 F9000
G1 X-7.183 Y-1.45 E.01159
;WIDTH:0.165024
G1 X-7.326 Y-1.489 E.00148
;WIDTH:0.149123
G1 X-7.47 Y-1.527 E.00128
G1 X-7.266 Y-1.531 F30000
;WIDTH:0.283731
G1 F9000
G1 X-7.151 Y-1.477 E.0025
;WIDTH:0.304922
G1 X-7.036 Y-1.422 E.00272
;WIDTH:0.347306
G1 X-6.92 Y-1.368 E.00316
;WIDTH:0.369505
G1 X-6.502 Y-1.387 E.01113
G1 X-6.689 Y-1.542 F30000
;WIDTH:0.345322
G1 F9000
G1 X-6.779 Y-1.474 E.00279
;WIDTH:0.298973
G1 X-6.87 Y-1.406 E.00236
;WIDTH:0.252624
G1 X-6.96 Y-1.338 E.00193
;WIDTH:0.206275
G1 X-7.051 Y-1.27 E.00151
;WIDTH:0.174904
G1 X-7.093 Y-1.259 E.00047
;WIDTH:0.155077
G1 X-7.246 Y-1.205 E.00148
;WIDTH:0.142491
G1 X-7.4 Y-1.151 E.00132
G1 X-8.627 Y-1.977 F30000
;TYPE:Sparse infill
;WIDTH:0.62
G1 F6000
G1 X-8.726 Y-2.038 E.0055
G1 X-9.15 Y-2.431 E.02718
G1 X-9.455 Y-2.901 E.02632
G1 X-9.654 Y-3.364 E.02372
G1 X-9.775 Y-3.899 E.0258
G1 X-12.563 Y-6.687 E.18538
G1 X-10.29 Y-7.088 E.10855
G1 X-8.435 Y-7.093 F30000
;TYPE:Gap infill
;WIDTH:0.680431
G1 F9000
G1 X-8.073 Y-7.205 E.01964
G1 X-7.671 Y-7.294 E.02142
;WIDTH:0.647576
G1 X-7.324 Y-7.369 E.01751
;WIDTH:0.647806
G1 X-7.033 Y-7.404 E.01444
;WIDTH:0.682059
G1 X-6.803 Y-7.429 E.01203
;WIDTH:0.677841
G1 X-6.641 Y-7.259 E.01213
;WIDTH:0.636379
G1 X-6.483 Y-7.09 E.01121
;LAYER_CHANGE
;Z:2
;HEIGHT:0.2
;BEFORE_LAYER_CHANGE
;2
G1 E-1.2 F2100
;WIPE_START
G1 F9000
G1 X-6.641 Y-7.259
;WIPE_END
;AFTER_LAYER_CHANGE
;2
;_SET_FAN_SPEED_CHANGING_LAYER
G17
G3 Z2.4 I-1.212 J-.109 P1  F30000
G1 X-7.185 Y-1.216 Z2.4
G1 Z2
G1 E1.2 F2100
SET_VELOCITY_LIMIT ACCEL=5000
;TYPE:Inner wall
;WIDTH:0.62
G1 F9000
G1 X-6.71 Y-1.224 E.02235
G1 X-6.27 Y-1.158 E.02092
G1 X-5.852 Y-1.019 E.02072
G1 X-5.467 Y-.814 E.02052
G1 X-5.125 Y-.549 E.02032
G1 X-4.837 Y-.233 E.02012
G1 X-4.601 Y.133 E.02049
G1 X-4.409 Y.622 E.02467
G1 X-4.339 Y1.004 E.01828
G1 X-4.326 Y1.333 E.01548
G1 X-4.37 Y1.729 E.01874
G1 X-4.549 Y2.34 E.02995
G1 X-4.736 Y2.693 E.01877
G1 X-5.027 Y3.062 E.02213
G1 X-5.339 Y3.331 E.01935
G1 X-5.695 Y3.545 E.01954
G1 X-6.172 Y3.714 E.0238
G1 X-6.544 Y3.77 E.01769
G1 X-6.866 Y3.773 E.01516
G1 X-7.257 Y3.716 E.01857
G1 X-7.864 Y3.518 E.03004
G1 X-8.217 Y3.316 E.0191
G1 X-8.586 Y3.004 E.02274
G1 X-8.855 Y2.672 E.02007
G1 X-9.069 Y2.291 E.02057
G1 X-9.238 Y1.757 E.02631
G1 X-9.283 Y1.351 E.01925
G1 X-9.275 Y1.029 E.01513
G1 X-9.202 Y.607 E.02013
G1 X-9.054 Y.187 E.02095
G1 X-8.82 Y-.231 E.02254
G1 X-8.499 Y-.596 E.02284
G1 X-8.104 Y-.882 E.02294
G1 X-7.671 Y-1.094 E.02265
G1 X-7.22 Y-1.207 E.02187
SET_VELOCITY_LIMIT ACCEL=10000
G1 X-7.109 Y-.64 F30000
SET_VELOCITY_LIMIT ACCEL=5000
;TYPE:Outer wall
G1 F7200
G1 X-6.748 Y-.647 E.01698
G1 X-6.405 Y-.594 E.01632
G1 X-6.08 Y-.487 E.01609
G1 X-5.782 Y-.328 E.01588
G1 X-5.518 Y-.123 E.01572
G1 X-5.295 Y.12 E.01551
G1 X-5.117 Y.397 E.01548
G1 X-4.967 Y.781 E.01939
G1 X-4.914 Y1.068 E.01372
G1 X-4.904 Y1.312 E.01148
G1 X-4.938 Y1.615 E.01434
G1 X-5.086 Y2.122 E.02484
G1 X-5.221 Y2.376 E.01353
G1 X-5.446 Y2.661 E.01708
G1 F6240
G1 X-5.678 Y2.862 E.01443
G1 F5400
G1 X-5.943 Y3.02 E.01451
G1 F4260
G1 X-6.313 Y3.152 E.01847
G1 F3480
G1 X-6.59 Y3.194 E.01317
G1 F2820
G1 X-6.827 Y3.196 E.01115
G1 F2280
G1 X-7.125 Y3.152 E.01417
G1 X-7.629 Y2.988 E.02492
M106 S255
G1 F2820
G1 X-7.885 Y2.841 E.01388
G1 F3660
G1 X-8.172 Y2.599 E.01765
G1 F5280
G1 X-8.375 Y2.348 E.01518
G1 F6960
G1 X-8.536 Y2.06 E.01552
G1 F7200
G1 X-8.67 Y1.637 E.02087
G1 X-8.705 Y1.326 E.01472
G1 X-8.699 Y1.085 E.01134
G1 X-8.642 Y.753 E.01584
G1 X-8.527 Y.426 E.0163
G1 X-8.346 Y.104 E.01737
G1 X-8.108 Y-.167 E.01696
G1 X-7.806 Y-.386 E.01754
G1 X-7.472 Y-.549 E.01748
G1 X-7.144 Y-.631 E.0159
SET_VELOCITY_LIMIT ACCEL=10000
G1 E-1.2 F2100
;WIPE_START
G1 F7200
G1 X-6.748 Y-.647
G1 X-6.405 Y-.594
G1 X-6.08 Y-.487
G1 X-5.782 Y-.328
G1 X-5.518 Y-.123
G1 X-5.354 Y.056
;WIPE_END
G1 X-4.519 Y-4.921 Z2.4 F30000
G1 Z2
G1 E1.2 F2100
SET_VELOCITY_LIMIT ACCEL=5000
;TYPE:Inner wall
G1 F9000
G1 X-4.511 Y-4.88 E.00195
G1 X-4.498 Y-4.551 E.01548
G1 X-4.543 Y-4.155 E.01874
G1 X-4.721 Y-3.544 E.02995
G1 X-4.908 Y-3.191 E.01877
G1 X-5.2 Y-2.822 E.02213
G1 X-5.511 Y-2.553 E.01935
G1 X-5.868 Y-2.339 E.01954
G1 X-6.345 Y-2.17 E.0238
G1 X-6.717 Y-2.114 E.01769
G1 X-7.039 Y-2.111 E.01516
G1 X-7.43 Y-2.168 E.01857
G1 X-8.037 Y-2.366 E.03004
G1 X-8.389 Y-2.568 E.0191
G1 X-8.759 Y-2.88 E.02274
G1 X-9.027 Y-3.212 E.02007
G1 X-9.241 Y-3.593 E.02057
G1 X-9.41 Y-4.127 E.02631
G1 X-9.456 Y-4.534 E.01925
G1 X-9.447 Y-4.855 E.01513
G1 X-9.375 Y-5.277 E.02013
G1 X-9.227 Y-5.697 E.02095
G1 X-8.992 Y-6.115 E.02254
G1 X-8.672 Y-6.48 E.02284
G1 X-8.277 Y-6.766 E.02294
G1 X-7.844 Y-6.978 E.02265
G1 X-7.358 Y-7.1 E.02357
G1 X-6.882 Y-7.109 E.02235
G1 X-6.443 Y-7.042 E.02092
G1 X-6.024 Y-6.903 E.02072
G1 X-5.639 Y-6.698 E.02052
G1 X-5.298 Y-6.433 E.02032
G1 X-5.009 Y-6.118 E.02012
G1 X-4.773 Y-5.751 E.02049
G1 X-4.582 Y-5.263 E.02467
G1 X-4.525 Y-4.957 E.01463
SET_VELOCITY_LIMIT ACCEL=10000
G1 X-5.086 Y-4.816 F30000
SET_VELOCITY_LIMIT ACCEL=5000
;TYPE:Outer wall
G1 F7200
G1 X-5.077 Y-4.572 E.01148
G1 X-5.111 Y-4.269 E.01434
G1 X-5.259 Y-3.762 E.02484
G1 X-5.393 Y-3.508 E.0135
G1 X-5.618 Y-3.223 E.01708
G1 F6240
G1 X-5.851 Y-3.023 E.01444
G1 F5400
G1 X-6.115 Y-2.864 E.01449
G1 F4260
G1 X-6.486 Y-2.732 E.01852
G1 F3480
G1 X-6.762 Y-2.69 E.01313
G1 F2820
G1 X-7 Y-2.689 E.01119
G1 F2280
G1 X-7.298 Y-2.732 E.01416
G1 X-7.801 Y-2.896 E.02488
M106 S255
G1 F2820
G1 X-8.057 Y-3.043 E.01388
G1 F3660
G1 X-8.345 Y-3.286 E.01772
G1 F5280
G1 X-8.548 Y-3.536 E.01514
G1 F6960
G1 X-8.709 Y-3.824 E.01552
G1 F7200
G1 X-8.843 Y-4.247 E.02087
G1 X-8.878 Y-4.558 E.01472
G1 X-8.871 Y-4.799 E.01134
G1 X-8.814 Y-5.131 E.01584
G1 X-8.699 Y-5.458 E.0163
G1 X-8.519 Y-5.78 E.01735
G1 X-8.281 Y-6.051 E.01696
G1 X-7.978 Y-6.27 E.01758
G1 X-7.645 Y-6.433 E.01743
G1 X-7.281 Y-6.524 E.01764
G1 X-6.921 Y-6.531 E.01693
G1 X-6.578 Y-6.479 E.01631
G1 X-6.253 Y-6.371 E.0161
G1 X-5.954 Y-6.212 E.01592
G1 X-5.69 Y-6.007 E.01572
G1 X-5.468 Y-5.764 E.01548
G1 X-5.29 Y-5.487 E.01548
G1 X-5.139 Y-5.103 E.0194
G1 X-5.093 Y-4.852 E.012
SET_VELOCITY_LIMIT ACCEL=10000
G1 E-1.2 F2100
;WIPE_START
G1 F7200
G1 X-5.077 Y-4.572
G1 X-5.111 Y-4.269
G1 X-5.259 Y-3.762
G1 X-5.393 Y-3.508
G1 X-5.618 Y-3.223
G1 X-5.797 Y-3.069
;WIPE_END
G1 X1.532 Y-5.197 Z2.4 F30000
G1 X6.581 Y-6.663 Z2.4
G1 Z2
G1 E1.2 F2100
SET_VELOCITY_LIMIT ACCEL=5000
;TYPE:Inner wall
G1 F9000
G1 X6.723 Y-6.766 E.00826
G1 X7.156 Y-6.978 E.02265
G1 X7.642 Y-7.1 E.02357
G1 X8.118 Y-7.109 E.02235
G1 X8.557 Y-7.042 E.02092
G1 X8.976 Y-6.903 E.02072
G1 X9.361 Y-6.698 E.02052
G1 X9.702 Y-6.433 E.02032
G1 X9.991 Y-6.118 E.02012
G1 X10.227 Y-5.751 E.02049
G1 X10.418 Y-5.263 E.02467
G1 X10.489 Y-4.88 E.01828
G1 X10.502 Y-4.551 E.01548
G1 X10.457 Y-4.155 E.01874
G1 X10.279 Y-3.544 E.02995
G1 X10.092 Y-3.191 E.01877
G1 X9.8 Y-2.822 E.02213
G1 X9.489 Y-2.553 E.01935
G1 X9.132 Y-2.339 E.01954
G1 X8.655 Y-2.17 E.0238
G1 X8.283 Y-2.114 E.01769
G1 X7.961 Y-2.111 E.01516
G1 X7.57 Y-2.168 E.01857
G1 X6.963 Y-2.366 E.03004
G1 X6.611 Y-2.568 E.0191
G1 X6.241 Y-2.88 E.02274
G1 X5.973 Y-3.212 E.02007
G1 X5.759 Y-3.593 E.02057
G1 X5.59 Y-4.127 E.02631
G1 X5.544 Y-4.534 E.01925
G1 X5.553 Y-4.855 E.01513
G1 X5.625 Y-5.277 E.02013
G1 X5.773 Y-5.697 E.02095
G1 X6.008 Y-6.115 E.02254
G1 X6.328 Y-6.48 E.02284
G1 X6.552 Y-6.642 E.01299
SET_VELOCITY_LIMIT ACCEL=10000
G1 X6.92 Y-6.196 F30000
SET_VELOCITY_LIMIT ACCEL=5000
;TYPE:Outer wall
G1 F7200
G1 X7.022 Y-6.27 E.00593
G1 X7.355 Y-6.433 E.01743
G1 X7.719 Y-6.524 E.01764
G1 X8.079 Y-6.531 E.01693
G1 X8.422 Y-6.479 E.01631
G1 X8.747 Y-6.371 E.0161
G1 X9.046 Y-6.212 E.01592
G1 X9.31 Y-6.007 E.01572
G1 X9.532 Y-5.764 E.01548
G1 X9.71 Y-5.487 E.01548
G1 X9.861 Y-5.103 E.0194
G1 X9.914 Y-4.816 E.01372
G1 X9.923 Y-4.572 E.01148
G1 X9.889 Y-4.269 E.01434
G1 X9.741 Y-3.762 E.02484
G1 X9.607 Y-3.508 E.0135
G1 X9.382 Y-3.223 E.01708
G1 F6240
G1 X9.149 Y-3.023 E.01444
G1 F5400
G1 X8.885 Y-2.864 E.01449
G1 F4260
G1 X8.514 Y-2.732 E.01852
G1 F3480
G1 X8.238 Y-2.69 E.01313
G1 F2820
G1 X8 Y-2.689 E.01119
G1 F2280
G1 X7.702 Y-2.732 E.01416
G1 X7.199 Y-2.896 E.02488
M106 S255
G1 F2820
G1 X6.943 Y-3.043 E.01388
G1 F3660
G1 X6.655 Y-3.286 E.01772
G1 F5280
G1 X6.452 Y-3.536 E.01514
G1 F6960
G1 X6.291 Y-3.824 E.01552
G1 F7200
G1 X6.157 Y-4.247 E.02087
G1 X6.122 Y-4.558 E.01472
G1 X6.129 Y-4.799 E.01134
G1 X6.186 Y-5.131 E.01584
G1 X6.301 Y-5.458 E.0163
G1 X6.481 Y-5.78 E.01735
G1 X6.719 Y-6.051 E.01696
G1 X6.891 Y-6.175 E.00997
SET_VELOCITY_LIMIT ACCEL=10000
G1 E-1.2 F2100
;WIPE_START
G1 F7200
G1 X7.022 Y-6.27
G1 X7.355 Y-6.433
G1 X7.719 Y-6.524
G1 X8.079 Y-6.531
G1 X8.422 Y-6.479
G1 X8.747 Y-6.371
G1 X8.785 Y-6.351
;WIPE_END
G1 X16.415 Y-6.522 Z2.4 F30000
G1 X22.701 Y-6.664 Z2.4
G1 Z2
G1 E1.2 F2100
SET_VELOCITY_LIMIT ACCEL=5000
;TYPE:Inner wall
G1 F9000
G1 X22.793 Y-6.665 E.0043
G1 X23.232 Y-6.599 E.02092
G1 X23.651 Y-6.46 E.02072
G1 X24.036 Y-6.255 E.02052
G1 X24.377 Y-5.99 E.02032
G1 X24.666 Y-5.674 E.02012
G1 X24.902 Y-5.308 E.02049
G1 X25.093 Y-4.819 E.02467
G1 X25.164 Y-4.437 E.01828
G1 X25.177 Y-4.108 E.01548
G1 X25.132 Y-3.712 E.01874
G1 X24.954 Y-3.101 E.02995
G1 X24.767 Y-2.748 E.01877
G1 X24.475 Y-2.379 E.02213
G1 X24.164 Y-2.11 E.01935
G1 X23.807 Y-1.896 E.01954
G1 X23.33 Y-1.727 E.0238
G1 X22.959 Y-1.67 E.01769
G1 X22.636 Y-1.668 E.01516
G1 X22.245 Y-1.724 E.01857
G1 X21.638 Y-1.923 E.03004
G1 X21.286 Y-2.125 E.0191
G1 X20.916 Y-2.437 E.02274
G1 X20.648 Y-2.768 E.02007
G1 X20.434 Y-3.15 E.02057
G1 X20.265 Y-3.684 E.02631
G1 X20.219 Y-4.09 E.01925
G1 X20.228 Y-4.412 E.01513
G1 X20.3 Y-4.834 E.02013
G1 X20.448 Y-5.254 E.02095
G1 X20.683 Y-5.672 E.02254
G1 X21.003 Y-6.037 E.02284
G1 X21.398 Y-6.323 E.02294
G1 X21.831 Y-6.535 E.02265
G1 X22.317 Y-6.657 E.02357
G1 X22.665 Y-6.663 E.01635
SET_VELOCITY_LIMIT ACCEL=10000
G1 X22.712 Y-6.087 F30000
SET_VELOCITY_LIMIT ACCEL=5000
;TYPE:Outer wall
G1 F7200
G1 X22.754 Y-6.087 E.00198
G1 X23.097 Y-6.035 E.01631
G1 X23.422 Y-5.928 E.01609
G1 X23.721 Y-5.768 E.01595
G1 X23.985 Y-5.564 E.01569
G1 X24.207 Y-5.321 E.01548
G1 X24.385 Y-5.044 E.01548
G1 X24.536 Y-4.66 E.0194
G1 X24.589 Y-4.373 E.01372
G1 X24.598 Y-4.129 E.01148
G1 X24.564 Y-3.826 E.01434
G1 X24.416 Y-3.319 E.02484
G1 X24.282 Y-3.065 E.0135
G1 X24.057 Y-2.78 E.01708
G1 F6240
G1 X23.824 Y-2.579 E.01447
G1 F5400
G1 X23.56 Y-2.421 E.01447
G1 F4260
G1 X23.189 Y-2.289 E.01852
G1 F3480
G1 X22.913 Y-2.247 E.01313
G1 F2820
G1 X22.675 Y-2.245 E.01119
G1 F2280
G1 X22.377 Y-2.288 E.01416
G1 X21.874 Y-2.453 E.02489
M106 S255
G1 F2820
G1 X21.618 Y-2.599 E.01386
G1 F3660
G1 X21.33 Y-2.842 E.01772
G1 F5280
G1 X21.127 Y-3.093 E.01518
G1 F6960
G1 X20.966 Y-3.381 E.01552
G1 F7200
G1 X20.832 Y-3.804 E.02087
G1 X20.797 Y-4.115 E.01472
G1 X20.804 Y-4.355 E.01129
G1 X20.861 Y-4.688 E.01589
G1 X20.976 Y-5.015 E.0163
G1 X21.156 Y-5.337 E.01735
G1 X21.394 Y-5.607 E.01693
G1 X21.697 Y-5.827 E.01761
G1 X22.03 Y-5.99 E.01743
G1 X22.394 Y-6.081 E.01764
G1 X22.676 Y-6.086 E.01326
SET_VELOCITY_LIMIT ACCEL=10000
G1 E-1.2 F2100
;WIPE_START
G1 F7200
G1 X22.754 Y-6.087
G1 X23.097 Y-6.035
G1 X23.422 Y-5.928
G1 X23.721 Y-5.768
G1 X23.985 Y-5.564
G1 X24.207 Y-5.321
G1 X24.332 Y-5.127
;WIPE_END
G1 X16.718 Y-4.592 Z2.4 F30000
G1 X-22.959 Y-1.806 Z2.4
G1 Z2
M73 P47 R3
G1 E1.2 F2100
SET_VELOCITY_LIMIT ACCEL=5000
;TYPE:Inner wall
G1 F9000
G1 X-22.588 Y-1.818 E.01743
G1 X-21.812 Y-1.74 E.03668
G1 X-21.054 Y-1.56 E.03668
G1 X-20.326 Y-1.279 E.03668
G1 X-19.642 Y-.904 E.03668
G1 X-19.014 Y-.442 E.03668
G1 X-18.453 Y.101 E.03668
G1 X-17.97 Y.713 E.03668
G1 X-17.572 Y1.384 E.03668
G1 X-17.268 Y2.102 E.03668
G1 X-17.061 Y2.854 E.03668
G1 X-16.958 Y3.627 E.03668
G1 X-16.958 Y4.407 E.03668
G1 X-17.061 Y5.18 E.03668
G1 X-17.268 Y5.933 E.03668
G1 X-17.572 Y6.651 E.03668
G1 X-17.97 Y7.322 E.03668
G1 X-18.453 Y7.934 E.03668
G1 X-19.014 Y8.476 E.03668
G1 X-19.642 Y8.939 E.03668
G1 X-20.326 Y9.314 E.03668
G1 X-21.054 Y9.594 E.03668
G1 X-21.812 Y9.775 E.03668
G1 X-22.588 Y9.853 E.03668
G1 X-23.368 Y9.827 E.03668
G1 X-24.137 Y9.697 E.03668
G1 X-24.882 Y9.466 E.03668
G1 X-25.59 Y9.138 E.03668
G1 X-25.932 Y8.919 E.01912
G1 X-26.247 Y8.718 E.01756
G1 X-26.843 Y8.215 E.03668
G1 X-27.366 Y7.636 E.03668
G1 X-27.807 Y6.993 E.03668
G1 X-28.159 Y6.297 E.03668
G1 X-28.415 Y5.56 E.03668
G1 X-28.571 Y4.796 E.03668
G1 X-28.623 Y4.017 E.03668
G1 X-28.571 Y3.239 E.03668
G1 X-28.415 Y2.475 E.03668
G1 X-28.159 Y1.738 E.03668
G1 X-27.807 Y1.042 E.03668
G1 X-27.366 Y.399 E.03668
G1 X-26.843 Y-.18 E.03668
G1 X-26.247 Y-.683 E.03668
G1 X-25.904 Y-.902 E.01912
G1 X-25.59 Y-1.103 E.01756
G1 X-24.882 Y-1.432 E.03668
G1 X-24.137 Y-1.663 E.03668
G1 X-23.368 Y-1.792 E.03668
G1 X-22.995 Y-1.805 E.01755
SET_VELOCITY_LIMIT ACCEL=10000
G1 X-22.94 Y-1.229 F30000
SET_VELOCITY_LIMIT ACCEL=5000
;TYPE:Outer wall
G1 F7200
G1 X-22.608 Y-1.24 E.01562
G1 X-21.909 Y-1.17 E.03305
G1 X-21.225 Y-1.007 E.03305
G1 X-20.569 Y-.755 E.03305
G1 X-19.953 Y-.417 E.03305
G1 X-19.387 Y0 E.03305
G1 X-18.882 Y.489 E.03305
G1 X-18.446 Y1.04 E.03305
G1 X-18.088 Y1.645 E.03305
G1 X-17.814 Y2.292 E.03305
G1 X-17.628 Y2.97 E.03305
G1 X-17.535 Y3.666 E.03305
G1 X-17.535 Y4.369 E.03305
G1 X-17.628 Y5.065 E.03305
G1 X-17.814 Y5.743 E.03305
G1 X-18.088 Y6.39 E.03305
G1 X-18.446 Y6.995 E.03305
G1 X-18.882 Y7.546 E.03305
G1 X-19.387 Y8.035 E.03305
G1 X-19.953 Y8.452 E.03305
G1 X-20.569 Y8.789 E.03305
G1 X-21.225 Y9.042 E.03305
G1 X-21.909 Y9.205 E.03305
G1 X-22.608 Y9.275 E.03305
G1 X-23.31 Y9.252 E.03305
G1 X-24.003 Y9.135 E.03305
G1 X-24.674 Y8.927 E.03305
G1 X-25.312 Y8.631 E.03305
G1 X-25.622 Y8.433 E.0173
G1 X-25.904 Y8.253 E.01575
G1 X-26.441 Y7.799 E.03305
G1 X-26.912 Y7.278 E.03305
G1 X-27.31 Y6.698 E.03305
G1 X-27.627 Y6.071 E.03305
G1 X-27.857 Y5.407 E.03305
G1 X-27.997 Y4.719 E.03305
G1 X-28.044 Y4.017 E.03305
G1 X-27.997 Y3.316 E.03305
G1 X-27.857 Y2.628 E.03305
G1 X-27.627 Y1.964 E.03305
G1 X-27.31 Y1.336 E.03305
G1 X-26.912 Y.757 E.03305
G1 X-26.441 Y.236 E.03305
G1 X-25.904 Y-.218 E.03305
G1 X-25.594 Y-.416 E.0173
G1 X-25.312 Y-.596 E.01575
G1 X-24.674 Y-.892 E.03305
G1 X-24.003 Y-1.1 E.03305
G1 X-23.31 Y-1.217 E.03305
G1 X-22.976 Y-1.228 E.01574
SET_VELOCITY_LIMIT ACCEL=10000
G1 E-1.2 F2100
;WIPE_START
G1 F7200
G1 X-22.608 Y-1.24
G1 X-21.909 Y-1.17
G1 X-21.225 Y-1.007
G1 X-21.014 Y-.926
;WIPE_END
G1 X-13.459 Y-2.014 Z2.4 F30000
G1 X30.771 Y-8.382 Z2.4
G1 Z2
G1 E1.2 F2100
SET_VELOCITY_LIMIT ACCEL=5000
;TYPE:Inner wall
G1 F9000
G1 X30.981 Y-7.995 E.02073
G1 X31.314 Y-7.222 E.03958
G1 X31.573 Y-6.421 E.03958
G1 X31.757 Y-5.6 E.03958
G1 X31.865 Y-4.765 E.03958
G1 X31.895 Y-3.924 E.03958
G1 X31.848 Y-3.083 E.03958
G1 X31.723 Y-2.251 E.03958
G1 X31.522 Y-1.434 E.03958
G1 X31.246 Y-.639 E.03958
G1 X30.898 Y.128 E.03958
G1 X30.701 Y.473 E.0187
G1 X30.481 Y.859 E.02088
G1 X29.998 Y1.548 E.03958
G1 X29.454 Y2.19 E.03958
G1 X28.853 Y2.779 E.03958
G1 X28.2 Y3.31 E.03958
G1 X27.501 Y3.779 E.03958
G1 X26.761 Y4.181 E.03958
G1 X25.988 Y4.513 E.03958
G1 X25.187 Y4.772 E.03958
G1 X24.346 Y4.961 E.04054
G1 X-21.181 Y12.988 E2.1739
G1 X-22.036 Y13.099 E.04054
G1 X-22.877 Y13.129 E.03958
G1 X-23.717 Y13.081 E.03958
G1 X-24.55 Y12.957 E.03958
G1 X-25.367 Y12.755 E.03958
G1 X-26.162 Y12.48 E.03958
G1 X-26.929 Y12.132 E.03958
G1 X-27.66 Y11.715 E.03958
G1 X-28.349 Y11.232 E.03958
G1 X-28.991 Y10.688 E.03958
G1 X-29.58 Y10.087 E.03958
G1 X-30.111 Y9.434 E.03958
G1 X-30.58 Y8.734 E.03958
G1 X-30.982 Y7.995 E.03958
G1 X-31.314 Y7.222 E.03958
G1 X-31.573 Y6.421 E.03958
G1 X-31.757 Y5.6 E.03958
G1 X-31.865 Y4.765 E.03958
G1 X-31.895 Y3.924 E.03958
G1 X-31.848 Y3.084 E.03958
G1 X-31.723 Y2.251 E.03958
G1 X-31.522 Y1.434 E.03958
G1 X-31.246 Y.639 E.03958
G1 X-30.898 Y-.128 E.03958
G1 X-30.481 Y-.859 E.03958
G1 X-29.998 Y-1.548 E.03958
G1 X-29.454 Y-2.19 E.03958
G1 X-28.853 Y-2.779 E.03958
G1 X-28.2 Y-3.31 E.03958
G1 X-27.501 Y-3.779 E.03958
G1 X-26.761 Y-4.181 E.03958
G1 X-25.988 Y-4.513 E.03958
G1 X-25.187 Y-4.772 E.03958
G1 X-24.346 Y-4.961 E.04054
G1 X21.181 Y-12.988 E2.1739
G1 X22.036 Y-13.099 E.04055
G1 X22.877 Y-13.129 E.03958
G1 X23.274 Y-13.106 E.0187
G1 X23.717 Y-13.081 E.02087
G1 X24.55 Y-12.956 E.03958
G1 X25.367 Y-12.755 E.03958
G1 X26.162 Y-12.48 E.03958
G1 X26.929 Y-12.132 E.03958
G1 X27.66 Y-11.715 E.03958
G1 X28.349 Y-11.232 E.03958
G1 X28.991 Y-10.688 E.03958
G1 X29.58 Y-10.087 E.03958
G1 X30.111 Y-9.434 E.03958
G1 X30.58 Y-8.734 E.03958
G1 X30.754 Y-8.414 E.01715
SET_VELOCITY_LIMIT ACCEL=10000
G1 X31.278 Y-8.658 F30000
SET_VELOCITY_LIMIT ACCEL=5000
;TYPE:Outer wall
G1 F7200
G1 X31.501 Y-8.247 E.02198
G1 X31.854 Y-7.425 E.04209
G1 X32.13 Y-6.573 E.04209
G1 X32.326 Y-5.7 E.04209
G1 X32.441 Y-4.812 E.04209
G1 X32.473 Y-3.918 E.04209
G1 X32.422 Y-3.024 E.04209
G1 X32.289 Y-2.139 E.04209
G1 X32.076 Y-1.27 E.04209
G1 X31.782 Y-.424 E.04209
G1 X31.413 Y.391 E.04209
G1 X31.202 Y.759 E.01996
G1 X30.969 Y1.168 E.02213
G1 X30.456 Y1.901 E.04209
G1 X29.877 Y2.584 E.04209
G1 X29.238 Y3.21 E.04209
G1 X28.543 Y3.775 E.04209
G1 X27.8 Y4.273 E.04209
G1 X27.013 Y4.7 E.04209
G1 X26.191 Y5.053 E.04209
G1 X25.339 Y5.329 E.04209
G1 X24.459 Y5.527 E.04242
G1 X-21.094 Y13.559 E2.17516
G1 X-21.989 Y13.674 E.04242
G1 X-22.883 Y13.707 E.04209
G1 X-23.777 Y13.656 E.04209
G1 X-24.662 Y13.523 E.04209
G1 X-25.531 Y13.309 E.04209
G1 X-26.376 Y13.016 E.04209
G1 X-27.191 Y12.646 E.04209
G1 X-27.969 Y12.203 E.04209
G1 X-28.702 Y11.69 E.04209
G1 X-29.385 Y11.111 E.04209
G1 X-30.011 Y10.471 E.04209
G1 X-30.576 Y9.777 E.04209
G1 X-31.074 Y9.033 E.04209
G1 X-31.501 Y8.247 E.04209
G1 X-31.854 Y7.425 E.04209
G1 X-32.13 Y6.573 E.04209
G1 X-32.326 Y5.7 E.04209
G1 X-32.441 Y4.812 E.04209
G1 X-32.473 Y3.918 E.04209
G1 X-32.422 Y3.024 E.04209
G1 X-32.289 Y2.139 E.04209
G1 X-32.076 Y1.27 E.04209
G1 X-31.782 Y.424 E.04209
G1 X-31.413 Y-.39 E.04209
G1 X-30.969 Y-1.168 E.04209
G1 X-30.456 Y-1.901 E.04209
G1 X-29.877 Y-2.584 E.04209
G1 X-29.238 Y-3.21 E.04209
G1 X-28.543 Y-3.775 E.04209
G1 X-27.8 Y-4.273 E.04209
G1 X-27.013 Y-4.7 E.04209
G1 X-26.191 Y-5.053 E.04209
G1 X-25.339 Y-5.329 E.04209
G1 X-24.459 Y-5.527 E.04242
G1 X21.094 Y-13.559 E2.17515
G1 X21.989 Y-13.674 E.04243
G1 X22.883 Y-13.706 E.04209
G1 X23.307 Y-13.683 E.01996
G1 X23.777 Y-13.656 E.02213
G1 X24.662 Y-13.523 E.04209
G1 X25.531 Y-13.309 E.04209
G1 X26.376 Y-13.016 E.04209
G1 X27.191 Y-12.646 E.04209
G1 X27.969 Y-12.203 E.04209
G1 X28.702 Y-11.69 E.04209
G1 X29.385 Y-11.111 E.04209
G1 X30.011 Y-10.471 E.04209
G1 X30.576 Y-9.777 E.04209
G1 X31.074 Y-9.033 E.04209
G1 X31.261 Y-8.69 E.01841
SET_VELOCITY_LIMIT ACCEL=10000
G1 E-1.2 F2100
;WIPE_START
G1 F7200
G1 X31.501 Y-8.247
G1 X31.854 Y-7.425
G1 X32.04 Y-6.852
;WIPE_END
G1 X31.31 Y-6.009 Z2.4 F30000
G1 Z2
G1 E1.2 F2100
;TYPE:Sparse infill
G1 F6000
G1 X31.416 Y-5.539 E.02261
G1 X31.519 Y-4.736 E.03807
G1 X31.548 Y-3.927 E.03807
G1 X31.537 Y-3.719 E.0098
G1 X22.488 Y-12.768 E.60178
G1 X22.064 Y-12.753 E.01992
G1 X21.233 Y-12.646 E.03942
G1 X17.409 Y-11.971 E.18262
G1 X22.376 Y-7.004 E.33035
M73 P48 R3
G1 X22.816 Y-7.012 E.02067
G1 X23.313 Y-6.936 E.02368
G1 X23.787 Y-6.779 E.02348
G1 X24.224 Y-6.546 E.02329
G1 X24.613 Y-6.245 E.02309
G1 X24.941 Y-5.886 E.02289
G1 X25.211 Y-5.466 E.02349
G1 X25.428 Y-4.915 E.02784
G1 X25.509 Y-4.476 E.02101
G1 X25.524 Y-4.096 E.01789
G1 X25.5 Y-3.88 E.01019
G1 X30.133 Y.753 E.30811
G1 X29.724 Y1.337 E.03352
G1 X29.2 Y1.954 E.03807
G1 X28.622 Y2.521 E.03807
G1 X27.994 Y3.031 E.03807
G1 X27.321 Y3.482 E.03807
G1 X27.104 Y3.6 E.01162
G1 X22.094 Y-1.41 E.33316
G1 X21.497 Y-1.605 E.02955
G1 X21.086 Y-1.84 E.02225
G1 X20.668 Y-2.193 E.02577
G1 X20.36 Y-2.574 E.02301
G1 X20.115 Y-3.012 E.02362
G1 X19.939 Y-3.565 E.02727
G1 X12.413 Y-11.091 E.50049
G1 X7.418 Y-10.21 E.23852
G1 X22.553 Y4.925 E1.00653
G1 X17.558 Y5.806 E.23852
G1 X9.56 Y-2.192 E.5319
G1 X9.281 Y-2.025 E.0153
G1 X8.74 Y-1.833 E.02699
G1 X8.311 Y-1.768 E.02041
G1 X7.938 Y-1.765 E.01756
G1 X7.491 Y-1.829 E.02121
G1 X6.822 Y-2.048 E.0331
G1 X6.411 Y-2.283 E.02225
G1 X5.993 Y-2.637 E.02577
G1 X5.685 Y-3.017 E.02301
G1 X5.44 Y-3.455 E.02362
G1 X5.249 Y-4.055 E.02957
G1 X5.198 Y-4.519 E.02196
G1 X5.207 Y-4.889 E.01742
G1 X5.289 Y-5.365 E.02269
G1 X5.457 Y-5.841 E.02374
G1 X5.62 Y-6.132 E.01571
G1 X2.423 Y-9.329 E.21262
G1 X-2.572 Y-8.448 E.23852
G1 X12.563 Y6.687 E1.00653
G1 X7.568 Y7.568 E.23852
G1 X-4.19 Y-4.19 E.78193
G1 X-4.202 Y-4.087 E.00489
G1 X-4.399 Y-3.413 E.03302
G1 X-4.617 Y-3.001 E.02191
G1 X-4.949 Y-2.581 E.02516
G1 X-5.308 Y-2.272 E.0223
G1 X-5.71 Y-2.03 E.02209
G1 X-5.557 Y-1.705 E.01687
G1 X-5.634 Y-1.67 E.00398
G1 X-5.768 Y-1.356 E.01604
G1 X-5.278 Y-1.105 E.02589
G1 X-4.89 Y-.805 E.02309
G1 X-4.561 Y-.445 E.02289
G1 X-4.291 Y-.025 E.02349
G1 X-4.075 Y.526 E.02784
G1 X-3.994 Y.965 E.02101
G1 X-3.979 Y1.345 E.01789
G1 X-4.041 Y1.836 E.02324
G1 X2.572 Y8.448 E.43977
G1 X.299 Y8.849 E.10855
G1 X-14.687 Y11.492 F30000
G1 F6000
G1 X-12.413 Y11.091 E.10855
G1 X-17.094 Y6.41 E.31127
G1 X-17.262 Y6.807 E.02029
G1 X-17.683 Y7.518 E.03886
G1 X-18.196 Y8.167 E.03886
G1 X-18.79 Y8.741 E.03886
G1 X-19.455 Y9.232 E.03886
G1 X-19.903 Y9.477 E.02403
G1 X-17.409 Y11.972 E.16589
G1 X-21.233 Y12.646 E.18262
G1 X-22.064 Y12.753 E.03941
G1 X-22.488 Y12.768 E.01992
G1 X-25.915 Y9.341 E.22794
G1 X-26.453 Y8.998 E.03
G1 X-27.084 Y8.464 E.03886
G1 X-27.638 Y7.851 E.03886
G1 X-28.126 Y7.13 E.04095
G1 X-31.537 Y3.719 E.2268
G1 X-31.548 Y3.927 E.00979
G1 X-31.519 Y4.736 E.03807
G1 X-31.416 Y5.539 E.03807
G1 X-31.31 Y6.009 E.02261
G1 X-28.923 Y3.326 F30000
G1 F6000
G1 X-28.914 Y3.193 E.00629
G1 X-28.75 Y2.383 E.03886
G1 X-28.479 Y1.602 E.03886
G1 X-28.243 Y1.137 E.02454
G1 X-30.133 Y-.753 E.12564
G1 X-29.724 Y-1.336 E.03352
G1 X-29.2 Y-1.954 E.03807
G1 X-28.622 Y-2.521 E.03807
G1 X-27.994 Y-3.031 E.03807
G1 X-27.321 Y-3.482 E.03807
G1 X-27.104 Y-3.6 E.01162
G1 X-25.179 Y-1.675 E.128
G1 X-25.007 Y-1.755 E.00894
G1 X-24.218 Y-2 E.03886
G1 X-23.403 Y-2.138 E.03886
G1 X-22.938 Y-2.153 E.02188
G1 X-20.28 Y-5.326 F30000
G1 F6000
G1 X-22.553 Y-4.925 E.10855
G1 X-7.418 Y10.21 E1.00653
G1 X-2.423 Y9.329 E.23852
G1 X-7.873 Y3.879 E.36243
G1 X-8.005 Y3.836 E.00656
G1 X-8.416 Y3.601 E.02225
G1 X-8.835 Y3.248 E.02577
G1 X-9.143 Y2.867 E.02301
G1 X-9.388 Y2.429 E.02362
G1 X-9.418 Y2.334 E.00468
G1 X-17.558 Y-5.806 E.54133
G1 X-12.563 Y-6.687 E.23852
G1 X-9.667 Y-3.791 E.19258
G1 X-9.56 Y-3.455 E.01656
G1 X-9.315 Y-3.017 E.02362
G1 X-9.007 Y-2.637 E.02301
G1 X-8.589 Y-2.283 E.02577
G1 X-8.227 Y-2.076 E.01959
G1 X-7.262 Y-1.494 F30000
;TYPE:Gap infill
;WIDTH:0.31895
G1 F9000
G1 X-7.07 Y-1.581 E.00474
;WIDTH:0.339429
G1 X-6.878 Y-1.668 E.00509
;WIDTH:0.363041
G1 X-6.423 Y-1.67 E.01187
G1 X-6.107 Y-1.444 F30000
;WIDTH:0.144573
G1 F9000
G1 X-6.292 Y-1.513 E.00163
;WIDTH:0.179081
G1 X-6.388 Y-1.545 E.00112
;WIDTH:0.21317
G1 X-6.484 Y-1.577 E.0014
;WIDTH:0.254687
G1 X-6.525 Y-1.608 E.00089
;WIDTH:0.303632
G1 X-6.566 Y-1.639 E.00109
;WIDTH:0.352577
G1 X-6.607 Y-1.67 E.00129
;WIDTH:0.356379
G1 X-6.569 Y-1.696 E.00118
;WIDTH:0.315036
G1 X-6.531 Y-1.723 E.00102
;WIDTH:0.273693
G1 X-6.494 Y-1.749 E.00087
;WIDTH:0.229477
G1 X-6.38 Y-1.791 E.00185
;WIDTH:0.182386
G1 X-6.265 Y-1.832 E.00138
;WIDTH:0.13741
G1 X-6.048 Y-1.934 E.00185
G1 E-1.2 F2100
;WIPE_START
G1 F9000
G1 X-6.265 Y-1.832
;WIPE_END
G1 X-6.08 Y-7.228 Z2.4 F30000
G1 Z2
G1 E1.2 F2100
;WIDTH:0.573591
G1 F9000
G1 X-6.295 Y-7.579 E.01778
G1 X-6.336 Y-7.58 E.00176
;WIDTH:0.541492
G1 X-6.461 Y-7.578 E.00508
;WIDTH:0.500968
G1 X-6.586 Y-7.577 E.00467
;WIDTH:0.460445
G1 X-6.711 Y-7.575 E.00426
;WIDTH:0.415296
G1 X-6.867 Y-7.572 E.00471
;WIDTH:0.371601
G1 X-7.132 Y-7.547 E.00715
;WIDTH:0.328694
G1 X-7.428 Y-7.516 E.00692
G1 X-8.011 Y-7.39 E.0139
;WIDTH:0.372576
G1 X-8.14 Y-7.348 E.00364
;WIDTH:0.410395
G1 X-8.269 Y-7.306 E.00406
;WIDTH:0.448214
G1 X-8.398 Y-7.264 E.00448
;WIDTH:0.486034
G1 X-8.527 Y-7.222 E.0049
;WIDTH:0.504942
G1 X-8.947 Y-7.065 E.01688
;LAYER_CHANGE
;Z:2.2
;HEIGHT:0.2
;BEFORE_LAYER_CHANGE
;2.2
G1 E-1.2 F2100
;WIPE_START
G1 F9000
G1 X-8.527 Y-7.222
;WIPE_END
;AFTER_LAYER_CHANGE
;2.2
;_SET_FAN_SPEED_CHANGING_LAYER
G17
G3 Z2.6 I-1.172 J.328 P1  F30000
G1 X-6.798 Y-1.046 Z2.6
G1 Z2.2
G1 E1.2 F2100
SET_VELOCITY_LIMIT ACCEL=5000
;TYPE:Inner wall
;WIDTH:0.62
G1 F9000
G1 X-6.24 Y-1.038 E.02626
G1 X-5.807 Y-.943 E.02084
G1 X-5.407 Y-.779 E.02032
G1 X-5.037 Y-.549 E.02052
G1 X-4.705 Y-.253 E.02088
G1 X-4.411 Y.12 E.02237
G1 X-4.195 Y.52 E.02137
G1 X-4.063 Y.991 E.02301
G1 X-4.029 Y1.47 E.02258
G1 X-4.08 Y1.955 E.02294
G1 X-4.236 Y2.416 E.02284
G1 X-4.48 Y2.828 E.02254
G1 X-4.764 Y3.159 E.02053
G1 X-5.029 Y3.389 E.01649
G1 X-5.378 Y3.612 E.01945
G1 X-5.878 Y3.812 E.02536
G1 X-6.31 Y3.892 E.02064
G1 X-6.744 Y3.898 E.02042
M73 P49 R3
G1 X-7.253 Y3.804 E.02435
G1 X-7.615 Y3.663 E.01824
G1 X-7.905 Y3.498 E.01572
G1 X-8.195 Y3.269 E.01735
G1 X-8.444 Y3.024 E.01644
G1 X-8.653 Y2.765 E.01565
G1 X-8.843 Y2.44 E.0177
G1 X-9.004 Y1.992 E.02241
G1 X-9.068 Y1.585 E.01938
G1 X-9.061 Y1.17 E.01951
G1 X-8.954 Y.681 E.02352
G1 X-8.806 Y.335 E.01769
G1 X-8.635 Y.055 E.01544
G1 X-8.398 Y-.224 E.01721
G1 X-8.142 Y-.47 E.0167
G1 X-7.83 Y-.7 E.01823
G1 X-7.473 Y-.878 E.01876
G1 X-7.185 Y-.974 E.01428
G1 X-6.834 Y-1.039 E.01679
SET_VELOCITY_LIMIT ACCEL=10000
G1 X-6.749 Y-.468 F30000
SET_VELOCITY_LIMIT ACCEL=5000
;TYPE:Outer wall
G1 F6540
G1 X-6.307 Y-.462 E.02079
G1 F7200
G1 X-5.98 Y-.39 E.01575
G1 X-5.671 Y-.264 E.01569
G1 X-5.384 Y-.085 E.01591
G1 X-5.127 Y.144 E.01619
G1 X-4.895 Y.438 E.01761
G1 X-4.733 Y.738 E.01603
G1 X-4.634 Y1.09 E.01719
G1 X-4.609 Y1.46 E.01744
G1 X-4.647 Y1.832 E.01758
G1 X-4.763 Y2.173 E.01694
G1 X-4.951 Y2.49 E.01733
G1 X-5.174 Y2.751 E.01614
G1 X-5.376 Y2.925 E.01254
G1 X-5.643 Y3.096 E.01491
G1 X-6.04 Y3.255 E.02011
G1 X-6.367 Y3.316 E.01564
G1 X-6.695 Y3.32 E.01543
G1 X-7.095 Y3.246 E.01913
G1 X-7.366 Y3.141 E.01367
G1 X-7.582 Y3.018 E.01169
G1 X-7.812 Y2.835 E.01382
G1 X-8.016 Y2.636 E.0134
G1 X-8.177 Y2.437 E.01204
G1 X-8.318 Y2.195 E.01317
G1 F6960
G1 X-8.443 Y1.849 E.0173
G1 F6120
G1 X-8.49 Y1.545 E.01447
G1 F5220
G1 X-8.485 Y1.237 E.01449
G1 F4080
G1 X-8.402 Y.858 E.01824
G1 F3300
G1 X-8.292 Y.601 E.01315
G1 F2700
G1 X-8.165 Y.394 E.01142
G1 F2280
G1 X-7.977 Y.172 E.01368
G1 X-7.77 Y-.027 E.0135
G1 F2400
G1 X-7.527 Y-.206 E.01419
M106 S255
G1 F3120
G1 X-7.252 Y-.344 E.01447
G1 F4020
G1 X-7.04 Y-.414 E.0105
G1 F4980
G1 X-6.784 Y-.462 E.01225
SET_VELOCITY_LIMIT ACCEL=10000
G1 E-1.2 F2100
;WIPE_START
G1 F4980
G1 X-6.307 Y-.462
G1 X-5.98 Y-.39
G1 X-5.671 Y-.264
G1 X-5.384 Y-.085
G1 X-5.127 Y.144
G1 X-5.021 Y.279
;WIPE_END
G1 X-4.35 Y-5.302 Z2.6 F30000
G1 Z2.2
G1 E1.2 F2100
SET_VELOCITY_LIMIT ACCEL=5000
;TYPE:Inner wall
G1 F9000
G1 X-4.235 Y-4.893 E.01999
G1 X-4.202 Y-4.414 E.02258
G1 X-4.252 Y-3.929 E.02294
G1 X-4.408 Y-3.469 E.02284
G1 X-4.653 Y-3.056 E.02254
G1 X-4.937 Y-2.725 E.02053
G1 X-5.202 Y-2.496 E.01649
G1 X-5.55 Y-2.272 E.01945
G1 X-6.051 Y-2.072 E.02536
G1 X-6.482 Y-1.992 E.02064
G1 X-6.917 Y-1.986 E.02042
G1 X-7.426 Y-2.08 E.02435
G1 X-7.787 Y-2.221 E.01824
G1 X-8.078 Y-2.386 E.01572
G1 X-8.367 Y-2.615 E.01735
G1 X-8.617 Y-2.86 E.01644
G1 X-8.826 Y-3.119 E.01565
G1 X-9.015 Y-3.444 E.0177
G1 X-9.177 Y-3.892 E.02241
G1 X-9.24 Y-4.299 E.01938
G1 X-9.233 Y-4.714 E.01951
G1 X-9.126 Y-5.203 E.02352
G1 X-8.978 Y-5.549 E.01769
G1 X-8.807 Y-5.829 E.01544
G1 X-8.571 Y-6.108 E.01721
G1 X-8.314 Y-6.354 E.0167
G1 X-8.002 Y-6.584 E.01823
G1 X-7.646 Y-6.763 E.01876
G1 X-7.357 Y-6.858 E.01428
G1 X-6.971 Y-6.93 E.01848
G1 X-6.413 Y-6.923 E.02626
G1 X-5.98 Y-6.827 E.02084
G1 X-5.58 Y-6.664 E.02032
G1 X-5.21 Y-6.433 E.02052
G1 X-4.878 Y-6.138 E.02088
G1 X-4.584 Y-5.764 E.02237
G1 X-4.368 Y-5.364 E.02137
G1 X-4.36 Y-5.337 E.00132
SET_VELOCITY_LIMIT ACCEL=10000
G1 X-4.906 Y-5.146 F30000
SET_VELOCITY_LIMIT ACCEL=5000
;TYPE:Outer wall
G1 F7200
G1 X-4.807 Y-4.794 E.01719
G1 X-4.781 Y-4.424 E.01744
G1 X-4.82 Y-4.053 E.01754
G1 X-4.935 Y-3.711 E.01697
G1 X-5.124 Y-3.394 E.01736
G1 X-5.347 Y-3.133 E.01614
G1 X-5.548 Y-2.959 E.0125
G1 X-5.815 Y-2.788 E.01491
G1 X-6.212 Y-2.629 E.02011
G1 X-6.539 Y-2.568 E.01564
G1 X-6.868 Y-2.564 E.01547
G1 X-7.267 Y-2.638 E.01908
G1 X-7.538 Y-2.743 E.01367
G1 X-7.754 Y-2.866 E.01169
G1 X-7.985 Y-3.049 E.01386
G1 X-8.189 Y-3.249 E.01343
G1 X-8.349 Y-3.448 E.01201
G1 X-8.49 Y-3.689 E.01313
G1 F6960
G1 X-8.615 Y-4.035 E.0173
G1 F6120
G1 X-8.662 Y-4.339 E.01447
G1 F5220
G1 X-8.657 Y-4.647 E.01449
G1 F4080
G1 X-8.574 Y-5.026 E.01824
G1 F3300
G1 X-8.464 Y-5.283 E.01315
G1 F2700
G1 X-8.338 Y-5.49 E.0114
G1 F2280
G1 X-8.15 Y-5.713 E.01372
G1 X-7.942 Y-5.911 E.0135
M106 S255
G1 F2400
G1 X-7.7 Y-6.09 E.01415
G1 F3120
G1 X-7.424 Y-6.228 E.01451
G1 F4020
G1 X-7.213 Y-6.298 E.01045
G1 F4980
G1 X-6.922 Y-6.352 E.01392
G1 F6540
G1 X-6.48 Y-6.346 E.02079
G1 F7200
G1 X-6.153 Y-6.274 E.01575
G1 X-5.844 Y-6.148 E.01569
G1 X-5.557 Y-5.969 E.01591
G1 X-5.3 Y-5.74 E.01619
G1 X-5.068 Y-5.446 E.01761
G1 X-4.923 Y-5.178 E.01433
SET_VELOCITY_LIMIT ACCEL=10000
G1 E-1.2 F2100
;WIPE_START
G1 F7200
G1 X-4.807 Y-4.794
G1 X-4.781 Y-4.424
G1 X-4.82 Y-4.053
G1 X-4.935 Y-3.711
G1 X-5.124 Y-3.394
G1 X-5.205 Y-3.299
;WIPE_END
G1 X2.16 Y-5.302 Z2.6 F30000
G1 X7.146 Y-6.658 Z2.6
G1 Z2.2
G1 E1.2 F2100
SET_VELOCITY_LIMIT ACCEL=5000
;TYPE:Inner wall
G1 F9000
G1 X7.354 Y-6.763 E.01099
G1 X7.643 Y-6.858 E.01428
G1 X8.029 Y-6.93 E.01848
G1 X8.587 Y-6.923 E.02626
G1 X9.02 Y-6.827 E.02083
G1 X9.42 Y-6.664 E.02032
G1 X9.79 Y-6.433 E.02052
G1 X10.122 Y-6.138 E.02088
G1 X10.416 Y-5.764 E.02237
G1 X10.632 Y-5.364 E.02137
G1 X10.765 Y-4.893 E.02301
G1 X10.798 Y-4.414 E.02258
G1 X10.748 Y-3.929 E.02294
G1 X10.592 Y-3.469 E.02284
G1 X10.347 Y-3.056 E.02254
G1 X10.063 Y-2.725 E.02053
G1 X9.798 Y-2.496 E.01649
G1 X9.45 Y-2.272 E.01945
G1 X8.949 Y-2.072 E.02536
G1 X8.518 Y-1.992 E.02064
G1 X8.083 Y-1.986 E.02042
G1 X7.574 Y-2.08 E.02435
G1 X7.213 Y-2.221 E.01824
G1 X6.922 Y-2.386 E.01572
G1 X6.633 Y-2.615 E.01735
G1 X6.383 Y-2.86 E.01644
G1 X6.174 Y-3.119 E.01565
G1 X5.985 Y-3.444 E.0177
G1 X5.823 Y-3.892 E.02241
G1 X5.76 Y-4.299 E.01938
G1 X5.767 Y-4.714 E.01951
G1 X5.874 Y-5.203 E.02352
G1 X6.022 Y-5.549 E.01769
G1 X6.193 Y-5.829 E.01544
G1 X6.429 Y-6.108 E.01721
G1 X6.686 Y-6.354 E.0167
G1 X6.998 Y-6.584 E.01823
G1 X7.113 Y-6.642 E.00608
SET_VELOCITY_LIMIT ACCEL=10000
G1 X7.404 Y-6.142 F30000
SET_VELOCITY_LIMIT ACCEL=5000
;TYPE:Outer wall
G1 F3240
G1 X7.576 Y-6.228 E.00904
G1 F4020
G1 X7.787 Y-6.298 E.01045
G1 F4980
G1 X8.078 Y-6.352 E.01392
G1 F6540
G1 X8.52 Y-6.346 E.02079
G1 F7200
G1 X8.847 Y-6.274 E.01575
G1 X9.156 Y-6.148 E.01569
G1 X9.443 Y-5.969 E.01591
G1 X9.7 Y-5.74 E.01619
G1 X9.932 Y-5.446 E.01761
G1 X10.094 Y-5.146 E.01603
G1 X10.193 Y-4.794 E.01719
G1 X10.219 Y-4.424 E.01744
G1 X10.18 Y-4.053 E.01754
G1 X10.065 Y-3.711 E.01697
G1 X9.876 Y-3.394 E.01736
G1 X9.653 Y-3.133 E.01614
G1 X9.452 Y-2.959 E.0125
G1 X9.185 Y-2.788 E.01491
G1 X8.788 Y-2.629 E.02011
G1 X8.461 Y-2.568 E.01564
G1 X8.132 Y-2.564 E.01547
G1 X7.733 Y-2.638 E.01908
G1 X7.462 Y-2.743 E.01367
G1 X7.246 Y-2.866 E.01169
G1 X7.015 Y-3.049 E.01386
G1 X6.811 Y-3.249 E.01343
G1 X6.651 Y-3.448 E.01201
G1 X6.51 Y-3.689 E.01313
G1 F6960
G1 X6.385 Y-4.035 E.0173
G1 F6120
G1 X6.338 Y-4.339 E.01447
G1 F5220
G1 X6.343 Y-4.647 E.01449
G1 F4080
G1 X6.426 Y-5.026 E.01824
G1 F3300
G1 X6.536 Y-5.283 E.01315
G1 F2700
G1 X6.662 Y-5.49 E.0114
G1 F2280
G1 X6.85 Y-5.713 E.01372
G1 X7.058 Y-5.911 E.0135
G1 F2400
G1 X7.3 Y-6.09 E.01415
M106 S255
G1 F3120
G1 X7.372 Y-6.126 E.00379
SET_VELOCITY_LIMIT ACCEL=10000
G1 E-1.2 F2100
;WIPE_START
G1 F3120
G1 X7.576 Y-6.228
G1 X7.787 Y-6.298
G1 X8.078 Y-6.352
G1 X8.52 Y-6.346
G1 X8.847 Y-6.274
G1 X9.156 Y-6.148
G1 X9.277 Y-6.073
;WIPE_END
G1 X16.906 Y-6.293 Z2.6 F30000
G1 X22.541 Y-6.456 Z2.6
G1 Z2.2
G1 E1.2 F2100
SET_VELOCITY_LIMIT ACCEL=5000
;TYPE:Inner wall
G1 F9000
G1 X22.704 Y-6.487 E.00782
G1 X23.262 Y-6.479 E.02626
G1 X23.695 Y-6.384 E.02084
G1 X24.095 Y-6.22 E.02032
G1 X24.465 Y-5.989 E.02052
G1 X24.797 Y-5.694 E.02088
G1 X25.091 Y-5.32 E.02237
G1 X25.307 Y-4.921 E.02137
G1 X25.44 Y-4.45 E.02301
G1 X25.473 Y-3.971 E.02258
G1 X25.423 Y-3.485 E.02294
G1 X25.267 Y-3.025 E.02284
G1 X25.022 Y-2.613 E.02254
G1 X24.738 Y-2.282 E.02053
G1 X24.473 Y-2.052 E.01649
G1 X24.125 Y-1.829 E.01945
G1 X23.624 Y-1.629 E.02536
G1 X23.193 Y-1.549 E.02064
G1 X22.758 Y-1.543 E.02042
G1 X22.249 Y-1.637 E.02435
G1 X21.888 Y-1.778 E.01824
G1 X21.597 Y-1.943 E.01572
G1 X21.308 Y-2.172 E.01735
G1 X21.058 Y-2.417 E.01644
G1 X20.849 Y-2.676 E.01565
G1 X20.66 Y-3.001 E.01769
G1 X20.498 Y-3.449 E.02241
G1 X20.435 Y-3.856 E.01938
G1 X20.442 Y-4.271 E.01951
G1 X20.549 Y-4.76 E.02352
G1 X20.697 Y-5.105 E.01769
G1 X20.868 Y-5.386 E.01544
G1 X21.104 Y-5.665 E.01721
G1 X21.361 Y-5.911 E.0167
G1 X21.673 Y-6.141 E.01823
G1 X22.03 Y-6.319 E.01876
G1 X22.318 Y-6.415 E.01428
G1 X22.505 Y-6.45 E.00897
SET_VELOCITY_LIMIT ACCEL=10000
G1 X22.646 Y-5.889 F30000
SET_VELOCITY_LIMIT ACCEL=5000
;TYPE:Outer wall
G1 F5940
G1 X22.753 Y-5.909 E.00512
G1 F6540
G1 X23.195 Y-5.903 E.02079
G1 F7200
G1 X23.522 Y-5.831 E.01575
G1 X23.831 Y-5.705 E.01569
G1 X24.118 Y-5.526 E.01591
G1 X24.375 Y-5.297 E.01619
G1 X24.607 Y-5.002 E.01765
G1 X24.769 Y-4.703 E.01599
G1 X24.868 Y-4.351 E.01719
G1 X24.894 Y-3.981 E.01744
G1 X24.855 Y-3.609 E.01759
G1 X24.74 Y-3.268 E.01692
G1 X24.551 Y-2.951 E.01736
G1 X24.328 Y-2.69 E.01614
G1 X24.127 Y-2.516 E.0125
G1 X23.86 Y-2.345 E.01491
G1 X23.463 Y-2.186 E.02011
G1 X23.136 Y-2.125 E.01564
G1 X22.807 Y-2.121 E.01547
G1 X22.408 Y-2.194 E.01907
G1 X22.137 Y-2.3 E.01368
G1 X21.921 Y-2.423 E.01169
G1 X21.69 Y-2.605 E.01383
G1 X21.486 Y-2.805 E.01343
G1 X21.326 Y-3.004 E.01201
G1 X21.185 Y-3.246 E.01317
G1 F6960
G1 X21.06 Y-3.592 E.0173
G1 F6120
G1 X21.013 Y-3.896 E.01447
G1 F5220
G1 X21.018 Y-4.204 E.01449
G1 F4080
G1 X21.101 Y-4.583 E.01824
G1 F3300
G1 X21.211 Y-4.84 E.01315
G1 F2700
G1 X21.337 Y-5.047 E.0114
G1 F2280
G1 X21.525 Y-5.269 E.01368
G1 X21.733 Y-5.468 E.01354
M106 S255
G1 F2400
G1 X21.975 Y-5.647 E.01415
G1 F3120
G1 X22.251 Y-5.785 E.01451
G1 F4020
G1 X22.462 Y-5.855 E.01045
G1 F4980
G1 X22.611 Y-5.883 E.00713
SET_VELOCITY_LIMIT ACCEL=10000
G1 E-1.2 F2100
;WIPE_START
G1 F4980
G1 X22.753 Y-5.909
G1 X23.195 Y-5.903
G1 X23.522 Y-5.831
G1 X23.831 Y-5.705
G1 X24.118 Y-5.526
G1 X24.375 Y-5.297
G1 X24.414 Y-5.248
;WIPE_END
G1 X16.801 Y-4.695 Z2.6 F30000
G1 X-22.996 Y-1.805 Z2.6
G1 Z2.2
G1 E1.2 F2100
SET_VELOCITY_LIMIT ACCEL=5000
;TYPE:Inner wall
G1 F9000
G1 X-22.995 Y-1.805 E.00007
G1 X-22.588 Y-1.818 E.01912
G1 X-21.812 Y-1.74 E.03668
G1 X-21.054 Y-1.56 E.03668
G1 X-20.326 Y-1.279 E.03668
G1 X-19.998 Y-1.1 E.01756
G1 X-19.642 Y-.904 E.01912
G1 X-19.014 Y-.442 E.03668
G1 X-18.453 Y.101 E.03668
G1 X-17.97 Y.713 E.03668
G1 X-17.572 Y1.384 E.03668
G1 X-17.268 Y2.102 E.03668
G1 X-17.061 Y2.854 E.03668
G1 X-16.958 Y3.627 E.03668
G1 X-16.958 Y4.407 E.03668
G1 X-17.061 Y5.18 E.03668
G1 X-17.268 Y5.933 E.03668
G1 X-17.572 Y6.651 E.03668
G1 X-17.97 Y7.322 E.03668
G1 X-18.453 Y7.934 E.03668
G1 X-19.014 Y8.476 E.03668
G1 X-19.642 Y8.939 E.03668
G1 X-20.326 Y9.314 E.03668
G1 X-21.054 Y9.594 E.03668
G1 X-21.812 Y9.775 E.03668
G1 X-22.588 Y9.853 E.03668
G1 X-23.368 Y9.827 E.03668
G1 X-24.137 Y9.697 E.03668
G1 X-24.882 Y9.466 E.03668
G1 X-25.59 Y9.138 E.03668
G1 X-25.904 Y8.937 E.01756
G1 X-26.247 Y8.718 E.01912
G1 X-26.843 Y8.215 E.03668
G1 X-27.366 Y7.636 E.03668
G1 X-27.807 Y6.993 E.03668
G1 X-28.159 Y6.297 E.03668
G1 X-28.415 Y5.56 E.03668
G1 X-28.571 Y4.796 E.03668
G1 X-28.623 Y4.017 E.03668
G1 X-28.571 Y3.239 E.03668
G1 X-28.415 Y2.475 E.03668
G1 X-28.159 Y1.738 E.03668
G1 X-27.807 Y1.042 E.03668
G1 X-27.596 Y.734 E.01756
G1 X-27.366 Y.399 E.01912
G1 X-26.843 Y-.18 E.03668
G1 X-26.247 Y-.683 E.03668
G1 X-25.59 Y-1.103 E.03668
G1 X-24.882 Y-1.432 E.03668
G1 X-24.137 Y-1.663 E.03668
G1 X-23.368 Y-1.792 E.03668
G1 X-23.032 Y-1.804 E.0158
SET_VELOCITY_LIMIT ACCEL=10000
G1 X-22.977 Y-1.228 F30000
SET_VELOCITY_LIMIT ACCEL=5000
;TYPE:Outer wall
G1 F7200
G1 X-22.975 Y-1.228 E.00007
G1 X-22.608 Y-1.24 E.0173
G1 X-21.909 Y-1.17 E.03305
G1 X-21.225 Y-1.007 E.03305
G1 X-20.569 Y-.755 E.03305
G1 X-20.275 Y-.594 E.01575
G1 X-19.953 Y-.417 E.0173
G1 X-19.387 Y0 E.03305
G1 X-18.882 Y.489 E.03305
G1 X-18.446 Y1.04 E.03305
G1 X-18.088 Y1.645 E.03305
G1 X-17.814 Y2.292 E.03305
G1 X-17.628 Y2.97 E.03305
G1 X-17.535 Y3.666 E.03305
G1 X-17.535 Y4.369 E.03305
G1 X-17.628 Y5.065 E.03305
G1 X-17.814 Y5.743 E.03305
G1 X-18.088 Y6.39 E.03305
G1 X-18.446 Y6.995 E.03305
G1 X-18.882 Y7.546 E.03305
G1 X-19.387 Y8.035 E.03305
G1 X-19.953 Y8.452 E.03305
G1 X-20.569 Y8.789 E.03305
G1 X-21.225 Y9.042 E.03305
G1 X-21.909 Y9.205 E.03305
G1 X-22.608 Y9.275 E.03305
G1 X-23.31 Y9.252 E.03305
G1 X-24.003 Y9.135 E.03305
G1 X-24.674 Y8.927 E.03305
G1 X-25.312 Y8.631 E.03305
G1 X-25.594 Y8.451 E.01575
G1 X-25.904 Y8.253 E.0173
G1 X-26.441 Y7.799 E.03305
G1 X-26.912 Y7.278 E.03305
G1 X-27.31 Y6.698 E.03305
G1 X-27.627 Y6.071 E.03305
G1 X-27.857 Y5.407 E.03305
G1 X-27.997 Y4.719 E.03305
G1 X-28.044 Y4.017 E.03305
G1 X-27.997 Y3.316 E.03305
G1 X-27.857 Y2.628 E.03305
G1 X-27.627 Y1.964 E.03305
G1 X-27.31 Y1.336 E.03305
G1 X-27.12 Y1.06 E.01575
G1 X-26.912 Y.757 E.0173
G1 X-26.441 Y.236 E.03305
G1 X-25.904 Y-.218 E.03305
G1 X-25.312 Y-.596 E.03305
G1 X-24.674 Y-.892 E.03305
G1 X-24.003 Y-1.1 E.03305
G1 X-23.31 Y-1.217 E.03305
G1 X-23.013 Y-1.227 E.01398
SET_VELOCITY_LIMIT ACCEL=10000
G1 E-1.2 F2100
;WIPE_START
G1 F7200
G1 X-22.975 Y-1.228
G1 X-22.608 Y-1.24
G1 X-21.909 Y-1.17
G1 X-21.225 Y-1.007
G1 X-21.048 Y-.939
;WIPE_END
G1 X-13.493 Y-2.018 Z2.6 F30000
G1 X30.795 Y-8.338 Z2.6
G1 Z2.2
G1 E1.2 F2100
M73 P50 R3
SET_VELOCITY_LIMIT ACCEL=5000
;TYPE:Inner wall
G1 F9000
G1 X30.981 Y-7.995 E.01839
G1 X31.314 Y-7.222 E.03958
G1 X31.573 Y-6.421 E.03958
G1 X31.757 Y-5.6 E.03958
G1 X31.865 Y-4.765 E.03958
G1 X31.895 Y-3.924 E.03958
G1 X31.848 Y-3.083 E.03958
G1 X31.723 Y-2.251 E.03958
G1 X31.522 Y-1.434 E.03958
G1 X31.246 Y-.639 E.03958
G1 X30.898 Y.128 E.03958
G1 X30.678 Y.513 E.02088
G1 X30.481 Y.859 E.0187
G1 X29.998 Y1.548 E.03958
G1 X29.454 Y2.19 E.03958
G1 X28.853 Y2.779 E.03958
G1 X28.2 Y3.31 E.03958
G1 X27.501 Y3.779 E.03958
G1 X26.761 Y4.181 E.03958
G1 X25.988 Y4.513 E.03958
G1 X25.187 Y4.772 E.03958
G1 X24.346 Y4.961 E.04054
G1 X-21.181 Y12.988 E2.1739
G1 X-22.036 Y13.099 E.04054
G1 X-22.877 Y13.129 E.03958
G1 X-23.717 Y13.081 E.03958
G1 X-24.55 Y12.957 E.03958
G1 X-25.367 Y12.755 E.03958
G1 X-26.162 Y12.48 E.03958
G1 X-26.929 Y12.132 E.03958
G1 X-27.66 Y11.715 E.03958
G1 X-28.349 Y11.232 E.03958
G1 X-28.991 Y10.688 E.03958
G1 X-29.58 Y10.087 E.03958
G1 X-29.86 Y9.742 E.02088
G1 X-30.111 Y9.434 E.0187
G1 X-30.58 Y8.734 E.03958
G1 X-30.981 Y7.995 E.03958
G1 X-31.314 Y7.222 E.03958
G1 X-31.573 Y6.421 E.03958
G1 X-31.757 Y5.6 E.03958
G1 X-31.865 Y4.765 E.03958
G1 X-31.895 Y3.924 E.03958
G1 X-31.848 Y3.084 E.03958
G1 X-31.723 Y2.251 E.03958
G1 X-31.522 Y1.434 E.03958
G1 X-31.246 Y.639 E.03958
G1 X-30.898 Y-.128 E.03958
G1 X-30.481 Y-.859 E.03958
G1 X-29.998 Y-1.548 E.03958
G1 X-29.454 Y-2.19 E.03958
G1 X-28.853 Y-2.779 E.03958
G1 X-28.2 Y-3.31 E.03958
G1 X-27.501 Y-3.779 E.03958
G1 X-26.761 Y-4.181 E.03958
G1 X-25.988 Y-4.513 E.03958
G1 X-25.187 Y-4.772 E.03958
G1 X-24.346 Y-4.961 E.04054
G1 X21.181 Y-12.988 E2.1739
G1 X22.036 Y-13.099 E.04055
G1 X22.877 Y-13.129 E.03958
G1 X23.32 Y-13.104 E.02087
G1 X23.717 Y-13.081 E.0187
G1 X24.55 Y-12.956 E.03958
G1 X25.367 Y-12.755 E.03958
G1 X26.162 Y-12.48 E.03958
G1 X26.929 Y-12.132 E.03958
G1 X27.66 Y-11.715 E.03958
G1 X28.349 Y-11.232 E.03958
G1 X28.991 Y-10.688 E.03958
G1 X29.58 Y-10.087 E.03958
G1 X30.111 Y-9.434 E.03958
G1 X30.58 Y-8.734 E.03958
G1 X30.778 Y-8.37 E.0195
SET_VELOCITY_LIMIT ACCEL=10000
G1 X31.302 Y-8.614 F30000
SET_VELOCITY_LIMIT ACCEL=5000
;TYPE:Outer wall
G1 F7200
G1 X31.501 Y-8.247 E.01964
G1 X31.854 Y-7.425 E.04209
G1 X32.13 Y-6.573 E.04209
G1 X32.326 Y-5.7 E.04209
G1 X32.441 Y-4.812 E.04209
G1 X32.473 Y-3.918 E.04209
G1 X32.422 Y-3.024 E.04209
G1 X32.289 Y-2.139 E.04209
G1 X32.076 Y-1.27 E.04209
G1 X31.782 Y-.424 E.04209
G1 X31.413 Y.391 E.04209
G1 X31.179 Y.799 E.02213
G1 X30.969 Y1.168 E.01996
G1 X30.456 Y1.901 E.04209
G1 X29.877 Y2.584 E.04209
G1 X29.238 Y3.21 E.04209
G1 X28.543 Y3.775 E.04209
G1 X27.8 Y4.273 E.04209
G1 X27.013 Y4.7 E.04209
G1 X26.191 Y5.053 E.04209
G1 X25.339 Y5.329 E.04209
G1 X24.459 Y5.527 E.04242
G1 X-21.094 Y13.559 E2.17516
G1 X-21.989 Y13.674 E.04242
G1 X-22.883 Y13.707 E.04209
G1 X-23.777 Y13.656 E.04209
G1 X-24.662 Y13.523 E.04209
G1 X-25.531 Y13.309 E.04209
G1 X-26.376 Y13.016 E.04209
G1 X-27.191 Y12.646 E.04209
G1 X-27.969 Y12.203 E.04209
G1 X-28.702 Y11.69 E.04209
G1 X-29.385 Y11.111 E.04209
G1 X-30.011 Y10.471 E.04209
G1 X-30.576 Y9.777 E.04209
G1 X-31.074 Y9.033 E.04209
G1 X-31.501 Y8.247 E.04209
G1 X-31.854 Y7.425 E.04209
G1 X-32.13 Y6.573 E.04209
G1 X-32.326 Y5.7 E.04209
G1 X-32.441 Y4.812 E.04209
G1 X-32.473 Y3.918 E.04209
G1 X-32.422 Y3.024 E.04209
G1 X-32.289 Y2.139 E.04209
G1 X-32.076 Y1.27 E.04209
G1 X-31.782 Y.424 E.04209
G1 X-31.413 Y-.39 E.04209
G1 X-30.969 Y-1.168 E.04209
G1 X-30.456 Y-1.901 E.04209
G1 X-29.877 Y-2.584 E.04209
G1 X-29.238 Y-3.21 E.04209
G1 X-28.543 Y-3.775 E.04209
G1 X-27.8 Y-4.273 E.04209
G1 X-27.013 Y-4.7 E.04209
G1 X-26.191 Y-5.053 E.04209
G1 X-25.339 Y-5.329 E.04209
G1 X-24.459 Y-5.527 E.04242
G1 X21.094 Y-13.559 E2.17515
G1 X21.989 Y-13.674 E.04243
G1 X22.883 Y-13.706 E.04209
G1 X23.353 Y-13.68 E.02213
G1 X23.777 Y-13.656 E.01996
G1 X24.662 Y-13.523 E.04209
G1 X25.531 Y-13.309 E.04209
G1 X26.376 Y-13.016 E.04209
G1 X27.191 Y-12.646 E.04209
G1 X27.969 Y-12.203 E.04209
G1 X28.702 Y-11.69 E.04209
G1 X29.385 Y-11.111 E.04209
G1 X30.011 Y-10.471 E.04209
G1 X30.576 Y-9.777 E.04209
G1 X31.074 Y-9.033 E.04209
G1 X31.285 Y-8.646 E.02075
SET_VELOCITY_LIMIT ACCEL=10000
G1 E-1.2 F2100
;WIPE_START
G1 F7200
G1 X31.501 Y-8.247
G1 X31.854 Y-7.425
G1 X32.055 Y-6.805
;WIPE_END
G1 X31.31 Y-6.009 Z2.6 F30000
G1 Z2.2
G1 E1.2 F2100
;TYPE:Sparse infill
G1 F6000
G1 X31.416 Y-5.539 E.02261
G1 X31.519 Y-4.736 E.03807
G1 X31.548 Y-3.927 E.03807
G1 X31.537 Y-3.719 E.0098
G1 X22.488 Y-12.768 E.60178
G1 X22.873 Y-12.782 E.01815
G1 X23.682 Y-12.737 E.03807
G1 X24.482 Y-12.616 E.03807
G1 X24.777 Y-12.544 E.01425
G1 X24.73 Y-6.217 F30000
G1 F6000
G1 X24.253 Y-6.53 E.02682
G1 X23.799 Y-6.715 E.02309
G1 X23.303 Y-6.825 E.02389
G1 X22.674 Y-6.834 E.02954
G1 X22.567 Y-6.814 E.00516
G1 X17.409 Y-11.971 E.34302
G1 X12.413 Y-11.091 E.23852
G1 X20.172 Y-3.332 E.51599
G1 X20.345 Y-2.853 E.02392
G1 X20.564 Y-2.478 E.02042
G1 X20.802 Y-2.184 E.01782
G1 X21.079 Y-1.912 E.01825
G1 X21.403 Y-1.655 E.01946
G1 X21.739 Y-1.464 E.01815
G1 X22.212 Y-1.292 E.02371
G1 X27.104 Y3.6 E.32531
G1 X27.321 Y3.482 E.01162
G1 X27.994 Y3.031 E.03807
G1 X28.622 Y2.521 E.03807
G1 X29.2 Y1.954 E.03807
G1 X29.724 Y1.337 E.03807
G1 X30.133 Y.753 E.03352
G1 X25.782 Y-3.598 E.28931
G1 X25.763 Y-3.411 E.00882
G1 X25.583 Y-2.88 E.02637
G1 X25.305 Y-2.411 E.02566
G1 X24.984 Y-2.037 E.02315
G1 X24.681 Y-1.774 E.01887
G1 X24.579 Y-1.709 E.00567
G1 X11.077 Y-3.823 F30000
G1 F6000
G1 X10.908 Y-3.323 E.02482
G1 X10.63 Y-2.854 E.02566
G1 X10.309 Y-2.48 E.02315
G1 X10.006 Y-2.217 E.01887
G1 X9.719 Y-2.033 E.01604
G1 X17.558 Y5.806 E.52134
G1 X22.553 Y4.925 E.23852
G1 X7.418 Y-10.21 E1.00653
G1 X2.423 Y-9.329 E.23852
G1 X5.839 Y-5.913 E.22716
G1 X5.911 Y-6.032 E.00654
G1 X6.176 Y-6.346 E.01932
M73 P51 R3
G1 X6.462 Y-6.619 E.01861
G1 X6.816 Y-6.88 E.02067
G1 X7.222 Y-7.083 E.02133
G1 X7.671 Y-7.216 E.02204
G1 E-1.2 F2100
;WIPE_START
G1 F6000
G1 X7.222 Y-7.083
G1 X6.816 Y-6.88
G1 X6.462 Y-6.619
G1 X6.176 Y-6.346
G1 X6.02 Y-6.161
;WIPE_END
G17
G3 Z2.6 I-1.137 J-.433 P1  F30000
G1 X.299 Y8.849 Z2.6
G1 Z2.2
G1 E1.2 F2100
G1 F6000
G1 X2.572 Y8.448 E.10855
G1 X-3.767 Y2.11 E.42155
G1 X-3.74 Y2.03 E.00396
G1 X-3.682 Y1.476 E.02617
G1 X-3.72 Y.932 E.02567
G1 X-3.872 Y.389 E.02649
G1 X-4.121 Y-.07 E.02458
G1 X-4.452 Y-.492 E.02522
G1 X-4.829 Y-.827 E.02371
G1 X-5.249 Y-1.089 E.02329
G1 X-5.758 Y-1.286 E.02565
G1 X-5.651 Y-1.629 E.01686
G1 X-5.791 Y-1.672 E.00691
G1 X-5.782 Y-1.716 E.00214
G1 X-5.932 Y-1.747 E.00719
G1 X-5.391 Y-1.963 E.0274
G1 X-4.994 Y-2.217 E.02217
G1 X-4.691 Y-2.48 E.01887
G1 X-4.37 Y-2.854 E.02315
G1 X-4.092 Y-3.323 E.02566
G1 X-3.907 Y-3.907 E.02879
G1 X7.568 Y7.568 E.76307
G1 X12.563 Y6.687 E.23852
G1 X-2.572 Y-8.448 E1.00653
G1 X-4.846 Y-8.047 E.10855
G1 X-6.136 Y-7.182 F30000
;TYPE:Gap infill
;WIDTH:0.508248
G1 F9000
G1 X-6.256 Y-7.331 E.00725
;WIDTH:0.557732
G1 X-6.375 Y-7.48 E.00802
;WIDTH:0.601211
G1 X-6.392 Y-7.499 E.00115
;WIDTH:0.638687
G1 X-6.409 Y-7.518 E.00123
;WIDTH:0.639108
G1 X-6.603 Y-7.503 E.00947
;WIDTH:0.602471
G1 X-6.798 Y-7.487 E.00889
;WIDTH:0.550954
G1 X-7.041 Y-7.465 E.01013
G1 X-7.509 Y-7.379 E.0197
;WIDTH:0.56258
G1 X-7.677 Y-7.337 E.00731
;WIDTH:0.591609
G1 X-7.889 Y-7.281 E.00982
;WIDTH:0.624947
G1 X-8.121 Y-7.201 E.01161
;WIDTH:0.638744
G1 X-8.352 Y-7.122 E.01189
G1 E-1.2 F2100
;WIPE_START
G1 F9000
G1 X-8.121 Y-7.201
;WIPE_END
G17
G3 Z2.6 I-1.155 J.383 P1  F30000
G1 X-6.299 Y-1.699 Z2.6
G1 Z2.2
G1 E1.2 F2100
;WIDTH:0.129249
G1 F9000
G1 X-6.453 Y-1.654 E.00113
;WIDTH:0.166344
G1 X-6.583 Y-1.628 E.00133
;WIDTH:0.209751
G1 X-6.617 Y-1.609 E.00054
;WIDTH:0.248357
G1 X-6.652 Y-1.589 E.00067
;WIDTH:0.286963
G1 X-6.687 Y-1.569 E.00079
;WIDTH:0.314217
G1 X-6.677 Y-1.479 E.002
G1 X-6.6 Y-1.45 E.00181
;WIDTH:0.25469
G1 X-6.469 Y-1.424 E.00231
;WIDTH:0.20482
G1 X-6.337 Y-1.397 E.00177
;WIDTH:0.154951
G1 X-6.206 Y-1.37 E.00122
;WIDTH:0.127814
G1 X-6.104 Y-1.339 E.00074
G1 X-9.012 Y.009 F30000
;TYPE:Sparse infill
;WIDTH:0.62
G1 F6000
G1 X-8.916 Y-.148 E.00862
G1 X-8.651 Y-.462 E.01932
G1 X-8.365 Y-.735 E.01861
G1 X-8.011 Y-.996 E.02067
G1 X-7.606 Y-1.199 E.02133
G1 X-7.2 Y-1.324 E.01997
G1 X-7.686 Y-1.81 E.03235
G1 X-7.936 Y-1.908 E.01263
G1 X-8.272 Y-2.098 E.01815
G1 X-8.596 Y-2.355 E.01946
G1 X-8.873 Y-2.627 E.01825
G1 X-9.111 Y-2.922 E.01782
G1 X-9.33 Y-3.297 E.02042
G1 X-9.419 Y-3.543 E.01233
G1 X-12.563 Y-6.687 E.20905
G1 X-17.558 Y-5.806 E.23852
G1 X-9.149 Y2.603 E.55925
G1 X-8.939 Y2.962 E.01955
G1 X-8.701 Y3.257 E.01782
G1 X-8.424 Y3.529 E.01825
G1 X-8.099 Y3.786 E.01946
G1 X-7.791 Y3.961 E.01668
G1 X-2.423 Y9.329 E.35699
G1 X-7.418 Y10.21 E.23852
G1 X-22.553 Y-4.925 E1.00653
G1 X-20.28 Y-5.326 E.10855
G1 X-22.938 Y-2.153 F30000
G1 F6000
G1 X-23.403 Y-2.138 E.02188
G1 X-24.218 Y-2 E.03886
G1 X-25.007 Y-1.755 E.03886
G1 X-25.179 Y-1.675 E.00894
G1 X-27.104 Y-3.6 E.128
G1 X-27.321 Y-3.482 E.01162
G1 X-27.994 Y-3.031 E.03807
G1 X-28.622 Y-2.521 E.03807
G1 X-29.2 Y-1.954 E.03807
G1 X-29.724 Y-1.336 E.03807
G1 X-30.133 Y-.753 E.03352
G1 X-28.243 Y1.137 E.12564
G1 X-28.479 Y1.602 E.02454
G1 X-28.75 Y2.383 E.03886
G1 X-28.914 Y3.193 E.03886
G1 X-28.923 Y3.326 E.00629
G1 X-31.31 Y6.009 F30000
G1 F6000
G1 X-31.416 Y5.539 E.02261
G1 X-31.519 Y4.736 E.03807
G1 X-31.548 Y3.927 E.03807
G1 X-31.537 Y3.719 E.00979
G1 X-28.126 Y7.13 E.2268
G1 X-27.638 Y7.851 E.04095
G1 X-27.084 Y8.464 E.03886
G1 X-26.453 Y8.998 E.03886
G1 X-25.915 Y9.341 E.03
G1 X-22.488 Y12.768 E.22794
G1 X-22.064 Y12.753 E.01992
G1 X-21.233 Y12.646 E.03941
G1 X-17.409 Y11.972 E.18262
G1 X-19.903 Y9.477 E.16589
G1 X-19.455 Y9.232 E.02403
G1 X-18.79 Y8.741 E.03886
G1 X-18.196 Y8.167 E.03886
G1 X-17.683 Y7.518 E.03886
G1 X-17.262 Y6.807 E.03886
G1 X-17.094 Y6.41 E.02029
G1 X-12.413 Y11.091 E.31127
G1 X-10.14 Y10.69 E.10855
;LAYER_CHANGE
;Z:2.4
;HEIGHT:0.2
;BEFORE_LAYER_CHANGE
;2.4
G1 E-1.2 F2100
;WIPE_START
G1 F6000
G1 X-12.11 Y11.037
;WIPE_END
;AFTER_LAYER_CHANGE
;2.4
;_SET_FAN_SPEED_CHANGING_LAYER
G17
G3 Z2.8 I1.114 J.491 P1  F30000
G1 X-6.833 Y-.928 Z2.8
G1 Z2.4
G1 E1.2 F2100
SET_VELOCITY_LIMIT ACCEL=5000
;TYPE:Inner wall
G1 F9000
G1 X-6.394 Y-.908 E.02069
G1 X-6.107 Y-.848 E.01378
G1 X-5.752 Y-.724 E.01768
G1 X-5.277 Y-.441 E.02601
G1 X-4.91 Y-.085 E.02404
G1 X-4.694 Y.223 E.01769
G1 X-4.544 Y.522 E.01572
G1 X-4.435 Y.862 E.01679
G1 X-4.356 Y1.202 E.01643
G1 X-4.325 Y1.541 E.016
G1 X-4.347 Y1.926 E.01812
G1 X-4.467 Y2.408 E.02339
G1 X-4.648 Y2.798 E.02021
G1 X-4.897 Y3.158 E.0206
G1 X-5.295 Y3.54 E.02593
G1 X-5.641 Y3.763 E.01933
G1 X-5.943 Y3.902 E.01567
G1 X-6.357 Y4.024 E.02026
G1 X-6.799 Y4.076 E.02096
G1 X-7.286 Y4.051 E.02291
G1 X-7.766 Y3.902 E.02361
G1 X-8.183 Y3.68 E.02224
G1 X-8.574 Y3.375 E.02332
G1 X-8.871 Y2.999 E.02252
G1 X-9.09 Y2.579 E.02228
G1 X-9.223 Y2.154 E.02093
G1 X-9.283 Y1.719 E.02064
G1 X-9.268 Y1.285 E.02044
G1 X-9.181 Y.864 E.02024
G1 X-9.025 Y.467 E.02004
G1 X-8.801 Y.097 E.02035
G1 X-8.457 Y-.281 E.02403
G1 X-8.144 Y-.516 E.0184
G1 X-7.801 Y-.698 E.01824
G1 X-7.212 Y-.879 E.02901
G1 X-6.869 Y-.924 E.01625
SET_VELOCITY_LIMIT ACCEL=10000
G1 X-6.81 Y-.35 F30000
SET_VELOCITY_LIMIT ACCEL=5000
;TYPE:Outer wall
G1 F7200
G1 X-6.466 Y-.333 E.0162
G1 F7020
G1 X-6.262 Y-.291 E.00979
G1 F6240
G1 X-5.998 Y-.198 E.01316
G1 F5100
G1 X-5.631 Y.02 E.02007
G1 F3960
G1 X-5.352 Y.291 E.01829
G1 F3180
G1 X-5.191 Y.52 E.01316
G1 F2520
G1 X-5.08 Y.741 E.01163
G1 F2280
G1 X-4.992 Y1.015 E.01353
G1 X-4.927 Y1.294 E.01347
M106 S255
G1 F2460
G1 X-4.904 Y1.551 E.01213
G1 F3120
G1 X-4.92 Y1.839 E.01356
G1 F3960
G1 X-5.014 Y2.216 E.01827
G1 F6000
G1 X-5.151 Y2.51 E.01525
G1 F7200
G1 X-5.339 Y2.782 E.01555
G1 X-5.654 Y3.085 E.02055
G1 X-5.919 Y3.256 E.01483
G1 X-6.147 Y3.361 E.0118
G1 X-6.473 Y3.457 E.01598
G1 X-6.818 Y3.497 E.01633
G1 X-7.184 Y3.478 E.01723
G1 X-7.543 Y3.367 E.01767
G1 X-7.868 Y3.194 E.01731
G1 X-8.165 Y2.963 E.01769
G1 X-8.384 Y2.685 E.01664
G1 X-8.554 Y2.358 E.01733
G1 X-8.658 Y2.028 E.01627
G1 X-8.704 Y1.69 E.01604
G1 X-8.693 Y1.354 E.01581
G1 X-8.625 Y1.029 E.01561
G1 X-8.506 Y.723 E.01544
G1 X-8.336 Y.443 E.0154
G1 X-8.067 Y.148 E.01877
G1 X-7.834 Y-.028 E.01373
G1 X-7.579 Y-.163 E.01357
G1 X-7.089 Y-.313 E.0241
G1 X-6.845 Y-.345 E.01157
SET_VELOCITY_LIMIT ACCEL=10000
G1 E-1.2 F2100
;WIPE_START
G1 F7200
G1 X-6.466 Y-.333
G1 X-6.262 Y-.291
G1 X-5.998 Y-.198
G1 X-5.631 Y.02
G1 X-5.352 Y.291
G1 X-5.191 Y.52
G1 X-5.175 Y.553
;WIPE_END
G1 X-8.586 Y-6.198 Z2.8 F30000
G1 Z2.4
G1 E1.2 F2100
SET_VELOCITY_LIMIT ACCEL=5000
;TYPE:Inner wall
G1 F9000
G1 X-8.317 Y-6.4 E.01584
G1 X-7.974 Y-6.582 E.01824
G1 X-7.384 Y-6.763 E.02901
G1 X-7.006 Y-6.813 E.01794
G1 X-6.566 Y-6.792 E.02069
G1 X-6.279 Y-6.732 E.01378
G1 X-5.925 Y-6.608 E.01768
G1 X-5.449 Y-6.325 E.02601
G1 X-5.083 Y-5.969 E.02404
G1 X-4.867 Y-5.661 E.01769
G1 X-4.717 Y-5.362 E.01572
G1 X-4.607 Y-5.022 E.01679
G1 X-4.529 Y-4.682 E.01643
G1 X-4.498 Y-4.343 E.016
G1 X-4.52 Y-3.959 E.01812
G1 X-4.64 Y-3.476 E.02339
G1 X-4.821 Y-3.086 E.02021
G1 X-5.07 Y-2.726 E.0206
G1 X-5.468 Y-2.344 E.02593
G1 X-5.813 Y-2.121 E.01933
G1 X-6.116 Y-1.982 E.01567
G1 X-6.529 Y-1.86 E.02026
G1 X-6.972 Y-1.808 E.02096
G1 X-7.459 Y-1.834 E.02291
G1 X-7.938 Y-1.982 E.02361
M73 P52 R3
G1 X-8.356 Y-2.204 E.02224
G1 X-8.747 Y-2.509 E.02332
G1 X-9.044 Y-2.885 E.02252
G1 X-9.262 Y-3.305 E.02228
G1 X-9.396 Y-3.73 E.02093
G1 X-9.455 Y-4.165 E.02064
G1 X-9.44 Y-4.599 E.02044
G1 X-9.353 Y-5.021 E.02024
G1 X-9.198 Y-5.417 E.02004
G1 X-8.973 Y-5.788 E.02035
G1 X-8.629 Y-6.165 E.02403
G1 X-8.615 Y-6.176 E.00086
SET_VELOCITY_LIMIT ACCEL=10000
G1 X-8.239 Y-5.737 F30000
SET_VELOCITY_LIMIT ACCEL=5000
;TYPE:Outer wall
G1 F7200
G1 X-8.006 Y-5.912 E.0137
G1 X-7.752 Y-6.047 E.01353
G1 X-7.261 Y-6.197 E.02414
G1 X-6.982 Y-6.234 E.01323
G1 X-6.639 Y-6.218 E.01615
G1 F7020
G1 X-6.434 Y-6.175 E.00985
G1 F6240
G1 X-6.17 Y-6.083 E.01315
G1 F5100
G1 X-5.803 Y-5.864 E.0201
G1 F3960
G1 X-5.524 Y-5.593 E.01829
G1 F3180
G1 X-5.363 Y-5.364 E.01316
G1 F2520
G1 X-5.252 Y-5.143 E.01163
G1 F2280
G1 X-5.164 Y-4.869 E.01353
G1 X-5.1 Y-4.59 E.01346
M106 S255
G1 F2460
G1 X-5.076 Y-4.333 E.01214
G1 F3120
G1 X-5.093 Y-4.045 E.01357
G1 F3960
G1 X-5.186 Y-3.669 E.01821
G1 F6000
G1 X-5.323 Y-3.374 E.0153
G1 F7200
G1 X-5.512 Y-3.102 E.01558
G1 X-5.827 Y-2.799 E.02055
G1 X-6.092 Y-2.629 E.01481
G1 X-6.319 Y-2.523 E.01178
G1 X-6.645 Y-2.428 E.01597
G1 X-6.991 Y-2.387 E.01638
G1 X-7.357 Y-2.406 E.01723
G1 X-7.715 Y-2.517 E.01763
G1 X-8.04 Y-2.69 E.01731
G1 X-8.337 Y-2.921 E.01769
G1 X-8.557 Y-3.199 E.01667
G1 X-8.727 Y-3.527 E.01737
G1 X-8.831 Y-3.857 E.01627
G1 X-8.877 Y-4.194 E.01599
G1 X-8.865 Y-4.53 E.01581
G1 X-8.798 Y-4.856 E.01565
G1 X-8.678 Y-5.161 E.01541
G1 X-8.509 Y-5.441 E.01538
G1 X-8.264 Y-5.71 E.01711
SET_VELOCITY_LIMIT ACCEL=10000
G1 E-1.2 F2100
;WIPE_START
G1 F7200
G1 X-8.006 Y-5.912
G1 X-7.752 Y-6.047
G1 X-7.261 Y-6.197
G1 X-6.982 Y-6.234
G1 X-6.639 Y-6.218
G1 X-6.434 Y-6.175
G1 X-6.399 Y-6.163
;WIPE_END
G17
G3 Z2.8 I.044 J1.216 P1  F30000
G1 X7.281 Y-6.66 Z2.8
G1 Z2.4
G1 E1.2 F2100
SET_VELOCITY_LIMIT ACCEL=5000
;TYPE:Inner wall
G1 F9000
G1 X7.616 Y-6.763 E.01649
G1 X7.994 Y-6.813 E.01794
G1 X8.434 Y-6.792 E.02069
G1 X8.721 Y-6.732 E.01378
G1 X9.075 Y-6.608 E.01768
G1 X9.551 Y-6.325 E.02601
G1 X9.917 Y-5.969 E.02404
G1 X10.133 Y-5.661 E.01769
G1 X10.283 Y-5.362 E.01572
G1 X10.393 Y-5.022 E.01679
G1 X10.471 Y-4.682 E.01643
G1 X10.502 Y-4.343 E.016
G1 X10.48 Y-3.959 E.01812
G1 X10.36 Y-3.476 E.02339
G1 X10.179 Y-3.086 E.02021
G1 X9.93 Y-2.726 E.0206
G1 X9.532 Y-2.344 E.02593
G1 X9.187 Y-2.121 E.01933
G1 X8.884 Y-1.982 E.01567
G1 X8.471 Y-1.86 E.02026
G1 X8.028 Y-1.808 E.02096
G1 X7.541 Y-1.834 E.02291
G1 X7.062 Y-1.982 E.02361
G1 X6.644 Y-2.204 E.02224
G1 X6.253 Y-2.509 E.02332
G1 X5.956 Y-2.885 E.02252
G1 X5.738 Y-3.305 E.02228
G1 X5.604 Y-3.73 E.02093
G1 X5.545 Y-4.165 E.02064
G1 X5.56 Y-4.599 E.02044
G1 X5.647 Y-5.021 E.02024
G1 X5.802 Y-5.417 E.02004
G1 X6.027 Y-5.788 E.02035
G1 X6.371 Y-6.165 E.02403
G1 X6.683 Y-6.4 E.0184
G1 X7.026 Y-6.582 E.01824
G1 X7.246 Y-6.65 E.01083
SET_VELOCITY_LIMIT ACCEL=10000
G1 X7.45 Y-6.109 F30000
SET_VELOCITY_LIMIT ACCEL=5000
;TYPE:Outer wall
G1 F7200
G1 X7.739 Y-6.197 E.01421
G1 X8.018 Y-6.234 E.01323
G1 X8.361 Y-6.218 E.01615
G1 F7020
G1 X8.566 Y-6.175 E.00985
G1 F6240
G1 X8.83 Y-6.083 E.01315
G1 F5100
G1 X9.197 Y-5.864 E.0201
G1 F3960
G1 X9.476 Y-5.593 E.01829
G1 F3180
G1 X9.637 Y-5.364 E.01316
G1 F2520
G1 X9.748 Y-5.143 E.01163
G1 F2280
G1 X9.836 Y-4.869 E.01353
G1 X9.9 Y-4.59 E.01346
M106 S255
G1 F2460
G1 X9.924 Y-4.333 E.01214
G1 F3120
G1 X9.907 Y-4.045 E.01357
G1 F3960
G1 X9.814 Y-3.669 E.01821
G1 F6000
G1 X9.677 Y-3.374 E.0153
G1 F7200
G1 X9.488 Y-3.102 E.01558
G1 X9.173 Y-2.799 E.02055
G1 X8.908 Y-2.629 E.01481
G1 X8.681 Y-2.523 E.01178
G1 X8.355 Y-2.428 E.01597
G1 X8.009 Y-2.387 E.01638
G1 X7.643 Y-2.406 E.01723
G1 X7.285 Y-2.517 E.01763
G1 X6.96 Y-2.69 E.01731
G1 X6.663 Y-2.921 E.01769
G1 X6.443 Y-3.199 E.01667
G1 X6.273 Y-3.527 E.01737
G1 X6.169 Y-3.857 E.01627
G1 X6.123 Y-4.194 E.01599
G1 X6.135 Y-4.53 E.01581
G1 X6.202 Y-4.856 E.01565
G1 X6.322 Y-5.161 E.01541
G1 X6.491 Y-5.441 E.01538
G1 X6.761 Y-5.737 E.01884
G1 X6.994 Y-5.912 E.0137
G1 X7.248 Y-6.047 E.01353
G1 X7.416 Y-6.098 E.00826
SET_VELOCITY_LIMIT ACCEL=10000
G1 E-1.2 F2100
;WIPE_START
G1 F7200
G1 X7.739 Y-6.197
G1 X8.018 Y-6.234
G1 X8.361 Y-6.218
G1 X8.566 Y-6.175
G1 X8.83 Y-6.083
G1 X9.197 Y-5.864
G1 X9.284 Y-5.78
;WIPE_END
G1 X16.909 Y-6.099 Z2.8 F30000
G1 X22.347 Y-6.327 Z2.8
G1 Z2.4
G1 E1.2 F2100
SET_VELOCITY_LIMIT ACCEL=5000
;TYPE:Inner wall
G1 F9000
G1 X22.669 Y-6.369 E.01526
G1 X23.109 Y-6.349 E.02069
G1 X23.396 Y-6.289 E.01378
G1 X23.75 Y-6.165 E.01768
G1 X24.226 Y-5.882 E.02601
G1 X24.592 Y-5.525 E.02404
G1 X24.808 Y-5.217 E.01769
G1 X24.958 Y-4.919 E.01572
G1 X25.068 Y-4.579 E.01679
G1 X25.146 Y-4.239 E.01643
G1 X25.177 Y-3.9 E.016
G1 X25.155 Y-3.515 E.01812
G1 X25.035 Y-3.033 E.02339
G1 X24.854 Y-2.643 E.02021
G1 X24.605 Y-2.283 E.0206
G1 X24.207 Y-1.901 E.02593
G1 X23.862 Y-1.678 E.01933
G1 X23.559 Y-1.539 E.01567
G1 X23.146 Y-1.417 E.02026
G1 X22.703 Y-1.365 E.02096
G1 X22.216 Y-1.39 E.02291
G1 X21.737 Y-1.539 E.02361
G1 X21.319 Y-1.761 E.02224
G1 X20.928 Y-2.066 E.02332
G1 X20.631 Y-2.442 E.02252
G1 X20.413 Y-2.862 E.02228
G1 X20.279 Y-3.287 E.02093
G1 X20.22 Y-3.722 E.02064
G1 X20.235 Y-4.156 E.02044
G1 X20.322 Y-4.577 E.02024
G1 X20.477 Y-4.974 E.02004
G1 X20.702 Y-5.344 E.02035
G1 X21.046 Y-5.722 E.02403
G1 X21.358 Y-5.957 E.0184
G1 X21.701 Y-6.139 E.01824
G1 X22.291 Y-6.32 E.02901
G1 X22.312 Y-6.323 E.00099
SET_VELOCITY_LIMIT ACCEL=10000
G1 X22.422 Y-5.755 F30000
SET_VELOCITY_LIMIT ACCEL=5000
;TYPE:Outer wall
G1 F7200
G1 X22.693 Y-5.79 E.01285
G1 X23.036 Y-5.774 E.01615
G1 F7020
G1 X23.241 Y-5.732 E.00984
G1 F6240
G1 X23.505 Y-5.639 E.01316
G1 F5100
G1 X23.872 Y-5.421 E.02007
G1 F3960
G1 X24.151 Y-5.15 E.01829
G1 F3180
G1 X24.312 Y-4.921 E.01316
G1 F2520
G1 X24.423 Y-4.7 E.01163
G1 F2280
G1 X24.511 Y-4.425 E.01358
G1 X24.575 Y-4.147 E.01341
M106 S255
G1 F2460
G1 X24.599 Y-3.89 E.01214
G1 F3120
G1 X24.582 Y-3.602 E.01357
G1 F3960
G1 X24.489 Y-3.225 E.01826
G1 F6000
G1 X24.352 Y-2.931 E.01525
G1 F7200
G1 X24.164 Y-2.659 E.01555
G1 X23.848 Y-2.356 E.02059
G1 X23.583 Y-2.185 E.01483
G1 X23.356 Y-2.08 E.01176
G1 X23.03 Y-1.984 E.01598
G1 X22.684 Y-1.944 E.01638
G1 X22.318 Y-1.963 E.01723
G1 X21.96 Y-2.074 E.01763
G1 X21.635 Y-2.247 E.01731
G1 X21.338 Y-2.478 E.01769
G1 X21.118 Y-2.756 E.01667
G1 X20.948 Y-3.083 E.01733
G1 X20.844 Y-3.413 E.01627
G1 X20.798 Y-3.751 E.01604
G1 X20.81 Y-4.087 E.01581
G1 X20.877 Y-4.412 E.0156
G1 X20.997 Y-4.717 E.01541
G1 X21.166 Y-4.997 E.01538
G1 X21.436 Y-5.293 E.01884
G1 X21.669 Y-5.469 E.01373
G1 X21.923 Y-5.603 E.0135
G1 X22.387 Y-5.746 E.02283
SET_VELOCITY_LIMIT ACCEL=10000
G1 E-1.2 F2100
;WIPE_START
G1 F7200
G1 X22.693 Y-5.79
G1 X23.036 Y-5.774
G1 X23.241 Y-5.732
G1 X23.505 Y-5.639
G1 X23.872 Y-5.421
G1 X24.151 Y-5.15
G1 X24.175 Y-5.115
;WIPE_END
G1 X16.561 Y-4.581 Z2.8 F30000
G1 X-23.033 Y-1.804 Z2.8
G1 Z2.4
G1 E1.2 F2100
SET_VELOCITY_LIMIT ACCEL=5000
;TYPE:Inner wall
G1 F9000
G1 X-23.028 Y-1.804 E.00026
G1 X-22.588 Y-1.818 E.02067
G1 X-21.812 Y-1.74 E.03668
G1 X-21.054 Y-1.56 E.03668
G1 X-20.326 Y-1.279 E.03668
G1 X-20.027 Y-1.116 E.01601
G1 X-19.642 Y-.904 E.02067
G1 X-19.014 Y-.442 E.03668
G1 X-18.453 Y.101 E.03668
G1 X-17.97 Y.713 E.03668
G1 X-17.572 Y1.384 E.03668
G1 X-17.268 Y2.102 E.03668
G1 X-17.061 Y2.854 E.03668
G1 X-16.958 Y3.627 E.03668
G1 X-16.958 Y4.407 E.03668
G1 X-17.061 Y5.18 E.03668
G1 X-17.268 Y5.933 E.03668
G1 X-17.572 Y6.651 E.03668
G1 X-17.97 Y7.322 E.03668
G1 X-18.453 Y7.934 E.03668
G1 X-19.014 Y8.476 E.03668
G1 X-19.642 Y8.939 E.03668
G1 X-20.326 Y9.314 E.03668
G1 X-21.054 Y9.594 E.03668
G1 X-21.812 Y9.775 E.03668
G1 X-22.588 Y9.853 E.03668
G1 X-23.368 Y9.827 E.03668
G1 X-24.137 Y9.697 E.03668
G1 X-24.882 Y9.466 E.03668
G1 X-25.59 Y9.138 E.03668
G1 X-26.247 Y8.718 E.03668
G1 X-26.843 Y8.215 E.03668
G1 X-27.366 Y7.636 E.03668
G1 X-27.807 Y6.993 E.03668
G1 X-28.159 Y6.297 E.03668
G1 X-28.415 Y5.56 E.03668
G1 X-28.571 Y4.796 E.03668
G1 X-28.623 Y4.017 E.03668
G1 X-28.571 Y3.239 E.03668
G1 X-28.415 Y2.475 E.03668
G1 X-28.159 Y1.738 E.03668
G1 X-27.807 Y1.042 E.03668
G1 X-27.366 Y.399 E.03668
G1 X-26.843 Y-.18 E.03668
G1 X-26.247 Y-.683 E.03668
G1 X-25.96 Y-.867 E.01601
G1 X-25.59 Y-1.103 E.02067
G1 X-24.882 Y-1.432 E.03668
G1 X-24.137 Y-1.663 E.03668
G1 X-23.368 Y-1.792 E.03668
G1 X-23.069 Y-1.802 E.01405
SET_VELOCITY_LIMIT ACCEL=10000
G1 X-23.014 Y-1.227 F30000
SET_VELOCITY_LIMIT ACCEL=5000
;TYPE:Outer wall
G1 F7200
G1 X-23.008 Y-1.227 E.00026
G1 X-22.608 Y-1.24 E.01886
G1 X-21.909 Y-1.17 E.03305
G1 X-21.225 Y-1.007 E.03305
G1 X-20.569 Y-.755 E.03305
G1 X-20.304 Y-.61 E.01419
G1 X-19.953 Y-.417 E.01886
G1 X-19.387 Y0 E.03305
G1 X-18.882 Y.489 E.03305
G1 X-18.446 Y1.04 E.03305
G1 X-18.088 Y1.645 E.03305
G1 X-17.814 Y2.292 E.03305
G1 X-17.628 Y2.97 E.03305
G1 X-17.535 Y3.666 E.03305
G1 X-17.535 Y4.369 E.03305
G1 X-17.628 Y5.065 E.03305
G1 X-17.814 Y5.743 E.03305
G1 X-18.088 Y6.39 E.03305
G1 X-18.446 Y6.995 E.03305
G1 X-18.882 Y7.546 E.03305
G1 X-19.387 Y8.035 E.03305
G1 X-19.953 Y8.452 E.03305
G1 X-20.569 Y8.789 E.03305
G1 X-21.225 Y9.042 E.03305
G1 X-21.909 Y9.205 E.03305
G1 X-22.608 Y9.275 E.03305
G1 X-23.31 Y9.252 E.03305
G1 X-24.003 Y9.135 E.03305
G1 X-24.674 Y8.927 E.03305
G1 X-25.312 Y8.631 E.03305
G1 X-25.904 Y8.253 E.03305
G1 X-26.441 Y7.799 E.03305
G1 X-26.912 Y7.278 E.03305
G1 X-27.083 Y7.029 E.01419
G1 X-27.31 Y6.698 E.01886
G1 X-27.627 Y6.071 E.03305
G1 X-27.857 Y5.407 E.03305
G1 X-27.997 Y4.719 E.03305
G1 X-28.044 Y4.017 E.03305
G1 X-27.997 Y3.316 E.03305
G1 X-27.857 Y2.628 E.03305
G1 X-27.627 Y1.964 E.03305
G1 X-27.31 Y1.336 E.03305
G1 X-27.139 Y1.088 E.01419
G1 X-26.912 Y.757 E.01886
G1 X-26.441 Y.236 E.03305
G1 X-25.904 Y-.218 E.03305
G1 X-25.65 Y-.38 E.01419
G1 X-25.312 Y-.596 E.01886
G1 X-24.674 Y-.892 E.03305
G1 X-24.003 Y-1.1 E.03305
G1 X-23.31 Y-1.217 E.03305
G1 X-23.05 Y-1.226 E.01223
SET_VELOCITY_LIMIT ACCEL=10000
G1 E-1.2 F2100
;WIPE_START
G1 F7200
G1 X-23.008 Y-1.227
G1 X-22.608 Y-1.24
G1 X-21.909 Y-1.17
G1 X-21.225 Y-1.007
G1 X-21.083 Y-.953
;WIPE_END
G1 X-13.526 Y-2.022 Z2.8 F30000
G1 X30.818 Y-8.295 Z2.8
G1 Z2.4
G1 E1.2 F2100
SET_VELOCITY_LIMIT ACCEL=5000
;TYPE:Inner wall
G1 F9000
G1 X30.981 Y-7.995 E.01605
G1 X31.314 Y-7.222 E.03958
G1 X31.573 Y-6.421 E.03958
G1 X31.757 Y-5.6 E.03958
G1 X31.865 Y-4.765 E.03958
G1 X31.895 Y-3.924 E.03958
G1 X31.848 Y-3.084 E.03958
G1 X31.723 Y-2.251 E.03958
G1 X31.522 Y-1.434 E.03958
G1 X31.246 Y-.639 E.03958
G1 X30.898 Y.128 E.03958
G1 X30.655 Y.553 E.02305
G1 X30.481 Y.859 E.01653
G1 X29.998 Y1.548 E.03958
G1 X29.454 Y2.19 E.03958
G1 X28.853 Y2.779 E.03958
G1 X28.2 Y3.31 E.03958
G1 X27.501 Y3.779 E.03958
G1 X26.761 Y4.181 E.03958
G1 X25.988 Y4.513 E.03958
G1 X25.187 Y4.772 E.03958
G1 X24.346 Y4.961 E.04054
G1 X-21.181 Y12.988 E2.1739
G1 X-22.036 Y13.099 E.04054
G1 X-22.877 Y13.129 E.03958
G1 X-23.717 Y13.081 E.03958
G1 X-24.55 Y12.957 E.03958
G1 X-25.367 Y12.755 E.03958
G1 X-26.162 Y12.48 E.03958
G1 X-26.929 Y12.132 E.03958
G1 X-27.66 Y11.715 E.03958
G1 X-28.349 Y11.232 E.03958
G1 X-28.991 Y10.688 E.03958
G1 X-29.58 Y10.087 E.03958
G1 X-30.111 Y9.434 E.03958
G1 X-30.58 Y8.734 E.03958
G1 X-30.981 Y7.995 E.03958
G1 X-31.314 Y7.222 E.03958
G1 X-31.573 Y6.421 E.03958
G1 X-31.757 Y5.6 E.03958
G1 X-31.865 Y4.765 E.03958
G1 X-31.895 Y3.924 E.03958
G1 X-31.848 Y3.084 E.03958
G1 X-31.723 Y2.251 E.03958
G1 X-31.522 Y1.434 E.03958
G1 X-31.246 Y.639 E.03958
G1 X-30.898 Y-.128 E.03958
G1 X-30.481 Y-.859 E.03958
G1 X-29.998 Y-1.548 E.03958
G1 X-29.454 Y-2.19 E.03958
M73 P53 R3
G1 X-28.853 Y-2.779 E.03958
G1 X-28.2 Y-3.31 E.03958
G1 X-27.501 Y-3.779 E.03958
G1 X-26.761 Y-4.181 E.03958
G1 X-25.988 Y-4.513 E.03958
G1 X-25.187 Y-4.772 E.03958
G1 X-24.346 Y-4.961 E.04054
G1 X21.181 Y-12.988 E2.1739
G1 X22.036 Y-13.099 E.04055
G1 X22.877 Y-13.129 E.03958
G1 X23.366 Y-13.101 E.02305
G1 X23.717 Y-13.081 E.01653
G1 X24.55 Y-12.956 E.03958
G1 X25.367 Y-12.755 E.03958
G1 X26.162 Y-12.48 E.03958
G1 X26.929 Y-12.132 E.03958
G1 X27.66 Y-11.715 E.03958
G1 X28.349 Y-11.232 E.03958
G1 X28.991 Y-10.688 E.03958
G1 X29.58 Y-10.087 E.03958
G1 X30.111 Y-9.434 E.03958
G1 X30.58 Y-8.734 E.03958
G1 X30.801 Y-8.326 E.02183
SET_VELOCITY_LIMIT ACCEL=10000
G1 X31.325 Y-8.57 F30000
SET_VELOCITY_LIMIT ACCEL=5000
;TYPE:Outer wall
G1 F7200
G1 X31.501 Y-8.247 E.01731
G1 X31.854 Y-7.425 E.04209
G1 X32.13 Y-6.573 E.04209
G1 X32.326 Y-5.7 E.04209
G1 X32.441 Y-4.812 E.04209
G1 X32.473 Y-3.918 E.04209
G1 X32.422 Y-3.024 E.04209
G1 X32.289 Y-2.139 E.04209
G1 X32.076 Y-1.27 E.04209
G1 X31.782 Y-.424 E.04209
G1 X31.413 Y.391 E.04209
G1 X31.156 Y.839 E.0243
G1 X30.969 Y1.168 E.01779
G1 X30.456 Y1.901 E.04209
G1 X29.877 Y2.584 E.04209
G1 X29.238 Y3.21 E.04209
G1 X28.543 Y3.775 E.04209
G1 X27.8 Y4.273 E.04209
G1 X27.013 Y4.7 E.04209
G1 X26.191 Y5.053 E.04209
G1 X25.339 Y5.329 E.04209
G1 X24.459 Y5.527 E.04242
G1 X-21.094 Y13.559 E2.17516
G1 X-21.989 Y13.674 E.04242
G1 X-22.883 Y13.707 E.04209
G1 X-23.777 Y13.656 E.04209
G1 X-24.662 Y13.523 E.04209
G1 X-25.164 Y13.4 E.0243
G1 X-25.531 Y13.309 E.01779
G1 X-26.376 Y13.016 E.04209
G1 X-27.191 Y12.646 E.04209
G1 X-27.969 Y12.203 E.04209
G1 X-28.702 Y11.69 E.04209
G1 X-29.385 Y11.111 E.04209
G1 X-30.011 Y10.471 E.04209
G1 X-30.576 Y9.777 E.04209
G1 X-31.074 Y9.033 E.04209
G1 X-31.501 Y8.247 E.04209
G1 X-31.854 Y7.425 E.04209
G1 X-32.13 Y6.573 E.04209
G1 X-32.326 Y5.7 E.04209
G1 X-32.441 Y4.812 E.04209
G1 X-32.473 Y3.918 E.04209
G1 X-32.422 Y3.024 E.04209
G1 X-32.289 Y2.139 E.04209
G1 X-32.076 Y1.27 E.04209
G1 X-31.782 Y.424 E.04209
G1 X-31.413 Y-.39 E.04209
G1 X-30.969 Y-1.168 E.04209
G1 X-30.456 Y-1.901 E.04209
G1 X-29.877 Y-2.584 E.04209
G1 X-29.238 Y-3.21 E.04209
G1 X-28.543 Y-3.775 E.04209
G1 X-27.8 Y-4.273 E.04209
G1 X-27.013 Y-4.7 E.04209
G1 X-26.191 Y-5.053 E.04209
G1 X-25.339 Y-5.329 E.04209
G1 X-24.459 Y-5.527 E.04242
G1 X21.094 Y-13.559 E2.17515
G1 X21.989 Y-13.674 E.04243
G1 X22.883 Y-13.706 E.04209
G1 X23.399 Y-13.677 E.0243
G1 X23.777 Y-13.656 E.01779
G1 X24.662 Y-13.523 E.04209
G1 X25.531 Y-13.309 E.04209
G1 X26.376 Y-13.016 E.04209
G1 X27.191 Y-12.646 E.04209
G1 X27.969 Y-12.203 E.04209
G1 X28.702 Y-11.69 E.04209
G1 X29.385 Y-11.111 E.04209
G1 X30.011 Y-10.471 E.04209
G1 X30.576 Y-9.777 E.04209
G1 X31.074 Y-9.033 E.04209
G1 X31.308 Y-8.602 E.02309
SET_VELOCITY_LIMIT ACCEL=10000
G1 E-1.2 F2100
;WIPE_START
G1 F7200
G1 X31.501 Y-8.247
G1 X31.854 Y-7.425
G1 X32.07 Y-6.758
;WIPE_END
G1 X31.31 Y-6.009 Z2.8 F30000
G1 Z2.4
G1 E1.2 F2100
;TYPE:Sparse infill
G1 F6000
G1 X31.416 Y-5.539 E.02261
G1 X31.519 Y-4.736 E.03807
G1 X31.548 Y-3.927 E.03807
G1 X31.537 Y-3.719 E.0098
G1 X22.488 Y-12.768 E.60178
G1 X22.064 Y-12.753 E.01992
G1 X21.233 Y-12.646 E.03942
G1 X17.409 Y-11.971 E.18262
G1 X22.664 Y-6.716 E.34949
G1 X23.152 Y-6.693 E.02299
G1 X23.488 Y-6.624 E.01614
G1 X23.898 Y-6.48 E.0204
G1 X24.438 Y-6.158 E.02956
G1 X24.857 Y-5.751 E.02749
G1 X25.106 Y-5.396 E.02041
G1 X25.28 Y-5.051 E.01817
G1 X25.402 Y-4.671 E.01874
G1 X25.489 Y-4.294 E.01822
G1 X25.522 Y-3.858 E.02054
G1 X30.133 Y.753 E.30664
G1 X29.724 Y1.337 E.03352
G1 X29.2 Y1.954 E.03807
G1 X28.622 Y2.521 E.03807
G1 X27.994 Y3.031 E.03807
G1 X27.321 Y3.482 E.03807
G1 X27.104 Y3.6 E.01162
G1 X22.474 Y-1.03 E.30792
G1 X22.155 Y-1.047 E.015
G1 X21.603 Y-1.218 E.02718
G1 X21.13 Y-1.469 E.0252
G1 X20.682 Y-1.818 E.0267
G1 X20.339 Y-2.253 E.02604
G1 X20.092 Y-2.729 E.02525
G1 X19.94 Y-3.211 E.02373
G1 X19.884 Y-3.62 E.01941
G1 X12.413 Y-11.091 E.49684
G1 X7.418 Y-10.21 E.23852
G1 X22.553 Y4.925 E1.00653
G1 X17.558 Y5.806 E.23852
G1 X9.707 Y-2.045 E.52209
G1 X9.354 Y-1.817 E.01977
G1 X9.006 Y-1.657 E.018
G1 X8.54 Y-1.52 E.02283
G1 X8.039 Y-1.461 E.02372
G1 X7.48 Y-1.49 E.02632
G1 X6.928 Y-1.661 E.02718
G1 X6.455 Y-1.913 E.0252
G1 X6.007 Y-2.262 E.0267
G1 X5.664 Y-2.696 E.02604
G1 X5.417 Y-3.173 E.02525
G1 X5.265 Y-3.654 E.02373
G1 X5.198 Y-4.147 E.02341
G1 X5.215 Y-4.64 E.02321
G1 X5.314 Y-5.12 E.02301
G1 X5.491 Y-5.571 E.02282
G1 X5.752 Y-6 E.02361
G1 X2.423 Y-9.329 E.22138
G1 X-2.572 Y-8.448 E.23852
G1 X12.563 Y6.687 E1.00653
G1 X7.568 Y7.568 E.23852
G1 X-4.161 Y-4.161 E.78001
G1 X-4.176 Y-3.906 E.01201
G1 X-4.312 Y-3.36 E.02646
G1 X-4.519 Y-2.913 E.02317
G1 X-4.805 Y-2.5 E.02362
G1 X-5.252 Y-2.071 E.02914
G1 X-5.646 Y-1.817 E.02205
G1 X-5.994 Y-1.657 E.018
G1 X-6.104 Y-1.625 E.00538
G1 X-6.036 Y-1.385 E.01171
G1 X-6.073 Y-1.195 E.0091
G1 X-5.605 Y-1.039 E.0232
G1 X-5.065 Y-.718 E.02956
G1 X-4.646 Y-.31 E.02749
G1 X-4.396 Y.045 E.02041
G1 X-4.223 Y.39 E.01817
G1 X-4.101 Y.77 E.01874
G1 X-4.013 Y1.147 E.01822
G1 X-3.978 Y1.535 E.01832
G1 X-3.998 Y1.878 E.01616
G1 X2.572 Y8.448 E.43694
G1 X.299 Y8.849 E.10855
G1 X-14.687 Y11.492 F30000
M73 P54 R3
G1 F6000
G1 X-12.413 Y11.091 E.10855
G1 X-17.094 Y6.41 E.31127
G1 X-17.262 Y6.807 E.02029
G1 X-17.683 Y7.518 E.03886
G1 X-18.196 Y8.167 E.03886
G1 X-18.79 Y8.741 E.03886
G1 X-19.455 Y9.232 E.03886
G1 X-19.903 Y9.477 E.02403
G1 X-17.409 Y11.972 E.16589
G1 X-21.233 Y12.646 E.18262
G1 X-22.064 Y12.753 E.03941
G1 X-22.488 Y12.768 E.01992
G1 X-25.915 Y9.341 E.22794
G1 X-26.453 Y8.998 E.03
G1 X-27.084 Y8.464 E.03886
G1 X-27.638 Y7.851 E.03886
G1 X-28.126 Y7.13 E.04095
G1 X-31.537 Y3.719 E.2268
G1 X-31.548 Y3.927 E.00979
G1 X-31.519 Y4.736 E.03807
G1 X-31.416 Y5.539 E.03807
G1 X-31.31 Y6.009 E.02261
G1 X-28.923 Y3.326 F30000
G1 F6000
G1 X-28.914 Y3.193 E.00629
G1 X-28.75 Y2.383 E.03886
G1 X-28.479 Y1.602 E.03886
G1 X-28.243 Y1.137 E.02454
G1 X-30.133 Y-.753 E.12564
G1 X-29.724 Y-1.336 E.03352
G1 X-29.2 Y-1.954 E.03807
G1 X-28.622 Y-2.521 E.03807
G1 X-27.994 Y-3.031 E.03807
G1 X-27.321 Y-3.482 E.03807
G1 X-27.104 Y-3.6 E.01162
G1 X-25.179 Y-1.675 E.128
G1 X-25.007 Y-1.755 E.00894
G1 X-24.218 Y-2 E.03886
G1 X-23.403 Y-2.138 E.03886
G1 X-22.938 Y-2.153 E.02188
G1 X-20.28 Y-5.326 F30000
G1 F6000
G1 X-22.553 Y-4.925 E.10855
G1 X-7.418 Y10.21 E1.00653
G1 X-2.423 Y9.329 E.23852
G1 X-7.363 Y4.389 E.32852
G1 X-7.899 Y4.223 E.0264
G1 X-8.372 Y3.972 E.0252
G1 X-8.82 Y3.623 E.0267
G1 X-9.163 Y3.188 E.02604
G1 X-9.411 Y2.712 E.02525
G1 X-9.569 Y2.183 E.02592
G1 X-17.558 Y-5.806 E.53131
G1 X-12.563 Y-6.687 E.23852
G1 X-9.767 Y-3.891 E.18591
G1 X-9.735 Y-3.654 E.01126
G1 X-9.583 Y-3.173 E.02373
G1 X-9.336 Y-2.696 E.02525
G1 X-8.993 Y-2.262 E.02604
G1 X-8.619 Y-1.97 E.02227
G1 X-7.72 Y-1.577 F30000
;TYPE:Gap infill
;WIDTH:0.153599
G1 F9000
G1 X-6.698 Y-1.211 E.00979
G1 X-6.704 Y-1.393 F30000
;WIDTH:0.361754
G1 F9000
G1 X-7.114 Y-1.355 E.01069
;WIDTH:0.360256
G1 X-7.297 Y-1.451 E.00533
;WIDTH:0.335491
G1 X-7.48 Y-1.546 E.00491
G1 X-7.585 Y-1.102 F30000
;WIDTH:0.143885
G1 F9000
G1 X-7.438 Y-1.162 E.0013
;WIDTH:0.157168
G1 X-7.292 Y-1.223 E.00148
;WIDTH:0.178827
G1 X-7.243 Y-1.239 E.00057
;WIDTH:0.212555
G1 X-7.164 Y-1.31 E.00146
;WIDTH:0.261831
G1 X-7.086 Y-1.381 E.00189
;WIDTH:0.311107
G1 X-7.007 Y-1.452 E.00231
;WIDTH:0.360383
G1 X-6.928 Y-1.523 E.00274
G1 X-6.442 Y-1.548 F30000
;WIDTH:0.141696
G1 F9000
G1 X-6.609 Y-1.501 E.0014
;WIDTH:0.190446
G1 X-6.777 Y-1.454 E.00209
;WIDTH:0.23832
G1 X-6.817 Y-1.426 E.00078
;WIDTH:0.28532
G1 X-6.857 Y-1.397 E.00097
;WIDTH:0.328808
G1 X-6.897 Y-1.369 E.00114
G1 X-6.862 Y-1.342 E.00103
;WIDTH:0.278876
G1 X-6.84 Y-1.328 E.00049
;WIDTH:0.25014
G1 X-6.804 Y-1.313 E.00066
;WIDTH:0.2229
G1 X-6.768 Y-1.297 E.00057
;WIDTH:0.186291
G1 X-6.594 Y-1.264 E.00208
;WIDTH:0.163301
G1 X-6.419 Y-1.23 E.00174
G1 E-1.2 F2100
;WIPE_START
G1 F9000
G1 X-6.594 Y-1.264
;WIPE_END
G1 X-6.47 Y-7.445 Z2.8 F30000
G1 Z2.4
G1 E1.2 F2100
;WIDTH:0.6841
G1 F9000
G1 X-7.003 Y-7.411 E.0279
;WIDTH:0.645656
G1 X-7.533 Y-7.33 E.02632
;WIDTH:0.655618
G1 X-7.985 Y-7.221 E.02324
;WIDTH:0.673878
G1 X-8.438 Y-7.113 E.02393
;LAYER_CHANGE
;Z:2.6
;HEIGHT:0.2
;BEFORE_LAYER_CHANGE
;2.6
G1 E-1.2 F2100
;WIPE_START
G1 F9000
G1 X-7.985 Y-7.221
;WIPE_END
;AFTER_LAYER_CHANGE
;2.6
;_SET_FAN_SPEED_CHANGING_LAYER
G17
G3 Z3 I-1.194 J.234 P1  F30000
G1 X-6.808 Y-1.222 Z3
G1 Z2.6
G1 E1.2 F2100
SET_VELOCITY_LIMIT ACCEL=5000
;TYPE:Inner wall
;WIDTH:0.62
G1 F9000
G1 X-6.446 Y-1.194 E.01705
G1 X-6.016 Y-1.083 E.02091
G1 X-5.616 Y-.903 E.0206
G1 X-5.256 Y-.661 E.0204
G1 X-4.945 Y-.365 E.0202
G1 X-4.684 Y-.013 E.02063
G1 X-4.455 Y.474 E.02531
G1 X-4.36 Y.853 E.01836
G1 X-4.326 Y1.17 E.015
G1 X-4.344 Y1.582 E.0194
G1 X-4.509 Y2.238 E.0318
G1 X-4.662 Y2.569 E.01714
G1 X-4.92 Y2.943 E.0214
G1 X-5.211 Y3.232 E.01928
G1 X-5.553 Y3.47 E.01961
G1 X-6.029 Y3.675 E.02436
G1 X-6.397 Y3.755 E.01768
G1 X-6.706 Y3.777 E.0146
G1 X-7.112 Y3.747 E.01914
G1 X-7.762 Y3.561 E.03179
G1 X-8.092 Y3.396 E.01735
G1 X-8.467 Y3.119 E.02193
G1 X-8.756 Y2.808 E.01993
G1 X-8.995 Y2.442 E.02055
G1 X-9.201 Y1.914 E.02669
G1 X-9.272 Y1.512 E.01916
G1 X-9.284 Y1.202 E.01459
G1 X-9.241 Y.779 E.02
G1 X-9.123 Y.353 E.0208
G1 X-8.932 Y-.051 E.021
G1 X-8.649 Y-.456 E.02322
G1 X-8.261 Y-.781 E.02384
G1 X-7.857 Y-1.014 E.0219
G1 X-7.383 Y-1.187 E.02372
G1 X-6.913 Y-1.23 E.02221
G1 X-6.844 Y-1.225 E.00326
SET_VELOCITY_LIMIT ACCEL=10000
G1 X-6.853 Y-.647 F30000
SET_VELOCITY_LIMIT ACCEL=5000
;TYPE:Outer wall
G1 F7200
G1 X-6.542 Y-.622 E.01467
G1 X-6.207 Y-.536 E.01626
G1 X-5.897 Y-.397 E.01598
G1 X-5.619 Y-.21 E.01576
G1 X-5.379 Y.019 E.0156
G1 X-5.181 Y.285 E.01559
G1 X-5.001 Y.669 E.01994
G1 X-4.929 Y.954 E.01382
G1 X-4.905 Y1.188 E.01106
G1 X-4.918 Y1.499 E.01464
G1 X-5.055 Y2.045 E.02647
G1 X-5.165 Y2.282 E.01229
G1 X-5.364 Y2.571 E.0165
G1 F6600
G1 X-5.582 Y2.787 E.01443
G1 F5760
G1 X-5.835 Y2.964 E.01452
G1 F4560
G1 X-6.206 Y3.123 E.01898
G1 F3780
G1 X-6.479 Y3.182 E.01313
G1 F3180
G1 X-6.706 Y3.199 E.0107
G1 F2400
G1 X-7.01 Y3.176 E.01434
G1 X-7.552 Y3.021 E.02651
M106 S255
G1 F2580
G1 X-7.789 Y2.902 E.01247
G1 F3360
G1 X-8.081 Y2.687 E.01705
G1 F4560
G1 X-8.3 Y2.452 E.01511
G1 F6300
G1 X-8.479 Y2.177 E.01543
G1 F7200
G1 X-8.643 Y1.757 E.0212
G1 X-8.697 Y1.451 E.01461
G1 X-8.706 Y1.22 E.01087
G1 X-8.672 Y.887 E.01574
G1 X-8.58 Y.555 E.0162
G1 X-8.431 Y.24 E.01639
G1 X-8.22 Y-.062 E.01732
G1 X-7.929 Y-.306 E.01786
G1 X-7.612 Y-.489 E.01721
G1 X-7.256 Y-.619 E.01782
G1 X-6.909 Y-.651 E.01639
G1 X-6.889 Y-.649 E.00095
SET_VELOCITY_LIMIT ACCEL=10000
G1 E-1.2 F2100
;WIPE_START
G1 F7200
G1 X-6.542 Y-.622
G1 X-6.207 Y-.536
G1 X-5.897 Y-.397
G1 X-5.619 Y-.21
G1 X-5.379 Y.019
G1 X-5.2 Y.259
;WIPE_END
G1 X-4.542 Y-5.071 Z3 F30000
G1 Z2.6
G1 E1.2 F2100
SET_VELOCITY_LIMIT ACCEL=5000
;TYPE:Inner wall
G1 F9000
G1 X-4.532 Y-5.031 E.00191
G1 X-4.499 Y-4.714 E.015
G1 X-4.517 Y-4.302 E.0194
G1 X-4.681 Y-3.646 E.0318
G1 X-4.834 Y-3.315 E.01713
G1 X-5.093 Y-2.941 E.0214
G1 X-5.384 Y-2.652 E.01928
G1 X-5.726 Y-2.414 E.01961
G1 X-6.202 Y-2.209 E.02436
G1 X-6.569 Y-2.13 E.01768
G1 X-6.879 Y-2.107 E.0146
G1 X-7.285 Y-2.137 E.01914
G1 X-7.935 Y-2.323 E.03179
G1 X-8.265 Y-2.488 E.01735
G1 X-8.64 Y-2.765 E.02193
G1 X-8.929 Y-3.076 E.01993
G1 X-9.167 Y-3.442 E.02055
G1 X-9.374 Y-3.97 E.02669
G1 X-9.445 Y-4.372 E.01916
G1 X-9.457 Y-4.682 E.01459
G1 X-9.414 Y-5.105 E.02
G1 X-9.295 Y-5.531 E.0208
G1 X-9.105 Y-5.935 E.021
G1 X-8.822 Y-6.34 E.02322
G1 X-8.433 Y-6.665 E.02384
G1 X-8.03 Y-6.898 E.0219
G1 X-7.556 Y-7.071 E.02372
G1 X-7.086 Y-7.114 E.02221
G1 X-6.619 Y-7.078 E.02201
G1 X-6.188 Y-6.967 E.02091
G1 X-5.789 Y-6.788 E.0206
G1 X-5.429 Y-6.546 E.0204
G1 X-5.118 Y-6.249 E.0202
G1 X-4.856 Y-5.897 E.02063
G1 X-4.627 Y-5.41 E.02531
G1 X-4.551 Y-5.106 E.01475
SET_VELOCITY_LIMIT ACCEL=10000
G1 X-5.102 Y-4.931 F30000
SET_VELOCITY_LIMIT ACCEL=5000
;TYPE:Outer wall
G1 F7200
G1 X-5.077 Y-4.696 E.01111
G1 X-5.091 Y-4.386 E.01459
G1 X-5.228 Y-3.839 E.02652
G1 X-5.337 Y-3.602 E.01227
G1 X-5.537 Y-3.313 E.01653
G1 F6600
G1 X-5.755 Y-3.097 E.01443
G1 F5760
G1 X-6.008 Y-2.921 E.01449
G1 F4560
G1 X-6.378 Y-2.761 E.01896
G1 F3780
G1 X-6.652 Y-2.702 E.01318
G1 F3180
G1 X-6.878 Y-2.686 E.01065
G1 F2400
G1 X-7.183 Y-2.708 E.01438
G1 X-7.725 Y-2.863 E.02651
M106 S255
G1 F2580
G1 X-7.962 Y-2.982 E.01247
G1 F3360
G1 X-8.254 Y-3.198 E.01708
G1 F4560
G1 X-8.472 Y-3.432 E.01504
G1 F6300
G1 X-8.651 Y-3.707 E.01543
G1 F7200
G1 X-8.816 Y-4.127 E.02122
G1 X-8.869 Y-4.433 E.0146
G1 X-8.879 Y-4.664 E.01087
G1 X-8.844 Y-4.997 E.01575
G1 X-8.752 Y-5.329 E.0162
G1 X-8.604 Y-5.645 E.01641
G1 X-8.393 Y-5.946 E.01729
G1 X-8.101 Y-6.19 E.01789
G1 X-7.785 Y-6.373 E.01717
G1 X-7.428 Y-6.503 E.01787
G1 X-7.082 Y-6.535 E.01634
G1 X-6.714 Y-6.507 E.01736
G1 X-6.38 Y-6.42 E.01623
G1 X-6.07 Y-6.281 E.01598
G1 X-5.791 Y-6.094 E.01579
G1 X-5.552 Y-5.865 E.01557
G1 X-5.354 Y-5.599 E.01559
G1 X-5.173 Y-5.215 E.01996
G1 X-5.111 Y-4.965 E.01211
SET_VELOCITY_LIMIT ACCEL=10000
G1 E-1.2 F2100
;WIPE_START
G1 F7200
G1 X-5.077 Y-4.696
G1 X-5.091 Y-4.386
G1 X-5.228 Y-3.839
G1 X-5.337 Y-3.602
G1 X-5.537 Y-3.313
G1 X-5.709 Y-3.143
;WIPE_END
G1 X1.606 Y-5.321 Z3 F30000
G1 X7.265 Y-7.006 Z3
G1 Z2.6
G1 E1.2 F2100
SET_VELOCITY_LIMIT ACCEL=5000
;TYPE:Inner wall
G1 F9000
G1 X7.444 Y-7.071 E.00899
G1 X7.914 Y-7.114 E.02221
G1 X8.381 Y-7.078 E.02201
G1 X8.812 Y-6.967 E.02091
G1 X9.211 Y-6.788 E.0206
G1 X9.571 Y-6.546 E.0204
G1 X9.882 Y-6.249 E.0202
G1 X10.144 Y-5.897 E.02063
G1 X10.373 Y-5.41 E.02531
G1 X10.468 Y-5.031 E.01836
G1 X10.501 Y-4.714 E.015
G1 X10.483 Y-4.302 E.01939
G1 X10.319 Y-3.646 E.0318
G1 X10.166 Y-3.315 E.01714
G1 X9.907 Y-2.941 E.0214
G1 X9.616 Y-2.652 E.01928
G1 X9.274 Y-2.414 E.01961
G1 X8.798 Y-2.209 E.02436
G1 X8.431 Y-2.13 E.01768
G1 X8.121 Y-2.107 E.0146
G1 X7.715 Y-2.137 E.01914
G1 X7.065 Y-2.323 E.03179
G1 X6.735 Y-2.488 E.01735
G1 X6.36 Y-2.765 E.02193
G1 X6.071 Y-3.076 E.01993
G1 X5.833 Y-3.442 E.02055
G1 X5.626 Y-3.97 E.02669
G1 X5.555 Y-4.372 E.01916
G1 X5.543 Y-4.682 E.01459
G1 X5.586 Y-5.105 E.02
G1 X5.705 Y-5.531 E.0208
G1 X5.895 Y-5.935 E.021
G1 X6.178 Y-6.34 E.02322
G1 X6.567 Y-6.665 E.02384
G1 X6.97 Y-6.898 E.0219
G1 X7.231 Y-6.993 E.01304
SET_VELOCITY_LIMIT ACCEL=10000
G1 X7.463 Y-6.464 F30000
SET_VELOCITY_LIMIT ACCEL=5000
;TYPE:Outer wall
G1 F7200
G1 X7.572 Y-6.503 E.00544
G1 X7.918 Y-6.535 E.01634
G1 X8.286 Y-6.507 E.01736
G1 X8.62 Y-6.42 E.01623
G1 X8.93 Y-6.281 E.01598
G1 X9.209 Y-6.094 E.01579
G1 X9.448 Y-5.865 E.01557
G1 X9.646 Y-5.599 E.01559
G1 X9.827 Y-5.215 E.01996
G1 X9.898 Y-4.931 E.01377
G1 X9.923 Y-4.696 E.01111
G1 X9.909 Y-4.386 E.01459
G1 X9.772 Y-3.839 E.02652
G1 X9.663 Y-3.602 E.01227
G1 X9.463 Y-3.313 E.01653
G1 F6600
G1 X9.245 Y-3.097 E.01443
G1 F5760
G1 X8.992 Y-2.921 E.01449
G1 F4560
G1 X8.622 Y-2.761 E.01896
G1 F3780
G1 X8.348 Y-2.702 E.01318
G1 F3180
G1 X8.122 Y-2.686 E.01065
G1 F2400
G1 X7.817 Y-2.708 E.01438
G1 X7.275 Y-2.863 E.02651
M106 S255
G1 F2580
G1 X7.038 Y-2.982 E.01247
G1 F3360
G1 X6.746 Y-3.198 E.01708
G1 F4560
G1 X6.528 Y-3.432 E.01504
G1 F6300
G1 X6.349 Y-3.707 E.01543
G1 F7200
G1 X6.184 Y-4.127 E.02122
G1 X6.131 Y-4.433 E.0146
G1 X6.121 Y-4.664 E.01087
G1 X6.156 Y-4.997 E.01575
G1 X6.248 Y-5.329 E.0162
G1 X6.396 Y-5.645 E.01641
G1 X6.607 Y-5.946 E.01729
G1 X6.899 Y-6.19 E.01789
G1 X7.215 Y-6.373 E.01717
G1 X7.429 Y-6.451 E.01071
SET_VELOCITY_LIMIT ACCEL=10000
G1 E-1.2 F2100
;WIPE_START
G1 F7200
M73 P55 R3
G1 X7.572 Y-6.503
G1 X7.918 Y-6.535
G1 X8.286 Y-6.507
G1 X8.62 Y-6.42
G1 X8.93 Y-6.281
G1 X9.209 Y-6.094
G1 X9.289 Y-6.018
;WIPE_END
G1 X16.912 Y-6.385 Z3 F30000
G1 X22.31 Y-6.645 Z3
G1 Z2.6
G1 E1.2 F2100
SET_VELOCITY_LIMIT ACCEL=5000
;TYPE:Inner wall
G1 F9000
G1 X22.589 Y-6.671 E.01317
G1 X23.056 Y-6.635 E.02201
G1 X23.487 Y-6.524 E.02091
G1 X23.886 Y-6.344 E.0206
G1 X24.246 Y-6.102 E.0204
G1 X24.557 Y-5.806 E.0202
G1 X24.819 Y-5.454 E.02063
G1 X25.048 Y-4.967 E.02531
G1 X25.143 Y-4.588 E.01836
G1 X25.176 Y-4.271 E.015
G1 X25.158 Y-3.859 E.01939
G1 X24.994 Y-3.203 E.0318
G1 X24.841 Y-2.872 E.01713
G1 X24.582 Y-2.497 E.0214
G1 X24.291 Y-2.209 E.01928
G1 X23.949 Y-1.97 E.01961
G1 X23.473 Y-1.766 E.02436
G1 X23.106 Y-1.686 E.01768
G1 X22.796 Y-1.664 E.0146
G1 X22.39 Y-1.694 E.01914
G1 X21.74 Y-1.88 E.03179
G1 X21.41 Y-2.045 E.01735
G1 X21.035 Y-2.322 E.02193
G1 X20.747 Y-2.633 E.01993
G1 X20.508 Y-2.998 E.02055
G1 X20.301 Y-3.527 E.02669
G1 X20.231 Y-3.928 E.01916
G1 X20.218 Y-4.238 E.01459
G1 X20.261 Y-4.662 E.02
G1 X20.38 Y-5.088 E.0208
G1 X20.57 Y-5.492 E.021
G1 X20.853 Y-5.897 E.02322
G1 X21.242 Y-6.222 E.02384
G1 X21.645 Y-6.455 E.0219
G1 X22.119 Y-6.628 E.02372
G1 X22.275 Y-6.642 E.00734
SET_VELOCITY_LIMIT ACCEL=10000
G1 X22.363 Y-6.071 F30000
SET_VELOCITY_LIMIT ACCEL=5000
;TYPE:Outer wall
G1 F7200
G1 X22.593 Y-6.092 E.01086
G1 X22.961 Y-6.063 E.01736
G1 X23.295 Y-5.977 E.01622
G1 X23.605 Y-5.838 E.01598
G1 X23.884 Y-5.651 E.01579
G1 X24.123 Y-5.422 E.01557
G1 X24.321 Y-5.156 E.01559
G1 X24.502 Y-4.772 E.01996
G1 X24.573 Y-4.487 E.01381
G1 X24.598 Y-4.253 E.01107
G1 X24.584 Y-3.942 E.01464
G1 X24.447 Y-3.396 E.02647
G1 X24.338 Y-3.159 E.01227
G1 X24.138 Y-2.87 E.01653
G1 F6600
G1 X23.92 Y-2.654 E.01443
G1 F5760
G1 X23.667 Y-2.477 E.01452
G1 F4560
G1 X23.297 Y-2.318 E.01894
G1 F3780
G1 X23.023 Y-2.259 E.01318
G1 F3180
G1 X22.797 Y-2.242 E.01066
G1 F2400
G1 X22.492 Y-2.265 E.01438
G1 X21.95 Y-2.42 E.02651
M106 S255
G1 F2580
G1 X21.713 Y-2.539 E.01247
G1 F3360
G1 X21.421 Y-2.754 E.01705
G1 F4560
G1 X21.203 Y-2.989 E.01507
G1 F6300
G1 X21.024 Y-3.264 E.01543
G1 F7200
G1 X20.86 Y-3.684 E.0212
G1 X20.806 Y-3.99 E.01461
G1 X20.797 Y-4.22 E.01082
G1 X20.831 Y-4.554 E.01579
G1 X20.923 Y-4.886 E.0162
G1 X21.072 Y-5.201 E.01639
G1 X21.282 Y-5.503 E.0173
G1 X21.574 Y-5.747 E.01789
G1 X21.89 Y-5.93 E.01717
G1 X22.247 Y-6.06 E.01787
G1 X22.327 Y-6.067 E.00378
SET_VELOCITY_LIMIT ACCEL=10000
G1 E-1.2 F2100
;WIPE_START
G1 F7200
G1 X22.593 Y-6.092
G1 X22.961 Y-6.063
G1 X23.295 Y-5.977
G1 X23.605 Y-5.838
G1 X23.884 Y-5.651
G1 X24.123 Y-5.422
G1 X24.131 Y-5.412
;WIPE_END
G1 X16.521 Y-4.83 Z3 F30000
G1 X-23.07 Y-1.802 Z3
G1 Z2.6
G1 E1.2 F2100
SET_VELOCITY_LIMIT ACCEL=5000
;TYPE:Inner wall
G1 F9000
G1 X-23.061 Y-1.803 E.00044
G1 X-22.588 Y-1.818 E.02223
G1 X-21.812 Y-1.74 E.03668
G1 X-21.054 Y-1.56 E.03668
G1 X-20.326 Y-1.279 E.03668
G1 X-19.642 Y-.904 E.03668
G1 X-19.014 Y-.442 E.03668
G1 X-18.453 Y.101 E.03668
G1 X-17.97 Y.713 E.03668
G1 X-17.572 Y1.384 E.03668
G1 X-17.268 Y2.102 E.03668
G1 X-17.061 Y2.854 E.03668
G1 X-16.958 Y3.627 E.03668
G1 X-16.958 Y4.407 E.03668
G1 X-17.061 Y5.18 E.03668
G1 X-17.268 Y5.933 E.03668
G1 X-17.572 Y6.651 E.03668
G1 X-17.97 Y7.322 E.03668
G1 X-18.453 Y7.934 E.03668
G1 X-19.014 Y8.476 E.03668
G1 X-19.642 Y8.939 E.03668
G1 X-20.326 Y9.314 E.03668
G1 X-21.054 Y9.594 E.03668
G1 X-21.812 Y9.775 E.03668
G1 X-22.588 Y9.853 E.03668
G1 X-23.368 Y9.827 E.03668
G1 X-24.137 Y9.697 E.03668
G1 X-24.882 Y9.466 E.03668
G1 X-25.59 Y9.138 E.03668
G1 X-26.247 Y8.718 E.03668
G1 X-26.843 Y8.215 E.03668
G1 X-27.366 Y7.636 E.03668
G1 X-27.807 Y6.993 E.03668
G1 X-28.159 Y6.297 E.03668
G1 X-28.415 Y5.56 E.03668
G1 X-28.571 Y4.796 E.03668
G1 X-28.623 Y4.017 E.03668
G1 X-28.571 Y3.239 E.03668
G1 X-28.415 Y2.475 E.03668
G1 X-28.159 Y1.738 E.03668
G1 X-27.807 Y1.042 E.03668
G1 X-27.366 Y.399 E.03668
G1 X-26.843 Y-.18 E.03668
G1 X-26.247 Y-.683 E.03668
G1 X-25.59 Y-1.103 E.03668
G1 X-24.882 Y-1.432 E.03668
G1 X-24.137 Y-1.663 E.03668
G1 X-23.368 Y-1.792 E.03668
G1 X-23.106 Y-1.801 E.01232
SET_VELOCITY_LIMIT ACCEL=10000
G1 X-23.051 Y-1.226 F30000
SET_VELOCITY_LIMIT ACCEL=5000
;TYPE:Outer wall
G1 F7200
G1 X-23.042 Y-1.226 E.00044
G1 X-22.608 Y-1.24 E.02041
G1 X-21.909 Y-1.17 E.03305
G1 X-21.225 Y-1.007 E.03305
G1 X-20.569 Y-.755 E.03305
G1 X-19.953 Y-.417 E.03305
G1 X-19.387 Y0 E.03305
G1 X-18.882 Y.489 E.03305
G1 X-18.446 Y1.04 E.03305
G1 X-18.088 Y1.645 E.03305
G1 X-17.814 Y2.292 E.03305
G1 X-17.628 Y2.97 E.03305
G1 X-17.535 Y3.666 E.03305
G1 X-17.535 Y4.369 E.03305
G1 X-17.628 Y5.065 E.03305
G1 X-17.814 Y5.743 E.03305
G1 X-18.088 Y6.39 E.03305
G1 X-18.446 Y6.995 E.03305
G1 X-18.882 Y7.546 E.03305
G1 X-19.387 Y8.035 E.03305
G1 X-19.953 Y8.452 E.03305
G1 X-20.569 Y8.789 E.03305
G1 X-21.225 Y9.042 E.03305
G1 X-21.909 Y9.205 E.03305
G1 X-22.608 Y9.275 E.03305
G1 X-23.31 Y9.252 E.03305
G1 X-24.003 Y9.135 E.03305
G1 X-24.674 Y8.927 E.03305
G1 X-25.312 Y8.631 E.03305
G1 X-25.904 Y8.253 E.03305
G1 X-26.441 Y7.799 E.03305
G1 X-26.912 Y7.278 E.03305
G1 X-27.31 Y6.698 E.03305
G1 X-27.627 Y6.071 E.03305
G1 X-27.857 Y5.407 E.03305
G1 X-27.997 Y4.719 E.03305
G1 X-28.044 Y4.017 E.03305
G1 X-27.997 Y3.316 E.03305
G1 X-27.857 Y2.628 E.03305
G1 X-27.627 Y1.964 E.03305
G1 X-27.31 Y1.336 E.03305
G1 X-26.912 Y.757 E.03305
G1 X-26.441 Y.236 E.03305
G1 X-25.904 Y-.218 E.03305
G1 X-25.312 Y-.596 E.03305
G1 X-24.674 Y-.892 E.03305
G1 X-24.003 Y-1.1 E.03305
G1 X-23.31 Y-1.217 E.03305
G1 X-23.087 Y-1.224 E.01051
SET_VELOCITY_LIMIT ACCEL=10000
G1 E-1.2 F2100
;WIPE_START
G1 F7200
G1 X-23.042 Y-1.226
G1 X-22.608 Y-1.24
G1 X-21.909 Y-1.17
G1 X-21.225 Y-1.007
G1 X-21.117 Y-.966
;WIPE_END
G1 X-13.559 Y-2.026 Z3 F30000
G1 X30.842 Y-8.252 Z3
G1 Z2.6
G1 E1.2 F2100
SET_VELOCITY_LIMIT ACCEL=5000
;TYPE:Inner wall
G1 F9000
G1 X30.981 Y-7.995 E.01374
G1 X31.314 Y-7.222 E.03958
G1 X31.573 Y-6.421 E.03958
G1 X31.757 Y-5.6 E.03958
G1 X31.865 Y-4.765 E.03958
G1 X31.895 Y-3.924 E.03958
G1 X31.848 Y-3.083 E.03958
G1 X31.723 Y-2.251 E.03958
G1 X31.522 Y-1.434 E.03958
G1 X31.246 Y-.639 E.03958
G1 X30.898 Y.128 E.03958
G1 X30.481 Y.859 E.03958
G1 X29.998 Y1.548 E.03958
G1 X29.454 Y2.19 E.03958
G1 X28.853 Y2.779 E.03958
G1 X28.2 Y3.31 E.03958
G1 X27.501 Y3.779 E.03958
G1 X26.761 Y4.181 E.03958
G1 X25.988 Y4.513 E.03958
G1 X25.187 Y4.772 E.03958
G1 X24.346 Y4.961 E.04054
G1 X-21.181 Y12.988 E2.1739
G1 X-22.036 Y13.099 E.04054
G1 X-22.877 Y13.129 E.03958
G1 X-23.717 Y13.081 E.03958
G1 X-24.55 Y12.957 E.03958
G1 X-25.367 Y12.755 E.03958
G1 X-26.162 Y12.48 E.03958
G1 X-26.929 Y12.132 E.03958
G1 X-27.66 Y11.715 E.03958
G1 X-28.349 Y11.232 E.03958
G1 X-28.991 Y10.688 E.03958
G1 X-29.58 Y10.087 E.03958
G1 X-30.111 Y9.434 E.03958
G1 X-30.58 Y8.734 E.03958
G1 X-30.982 Y7.995 E.03958
G1 X-31.314 Y7.222 E.03958
G1 X-31.573 Y6.421 E.03958
G1 X-31.757 Y5.6 E.03958
G1 X-31.865 Y4.765 E.03958
G1 X-31.895 Y3.924 E.03958
G1 X-31.848 Y3.084 E.03958
G1 X-31.723 Y2.251 E.03958
G1 X-31.522 Y1.434 E.03958
G1 X-31.246 Y.639 E.03958
G1 X-30.898 Y-.128 E.03958
G1 X-30.481 Y-.859 E.03958
G1 X-29.998 Y-1.548 E.03958
G1 X-29.454 Y-2.19 E.03958
G1 X-28.853 Y-2.779 E.03958
G1 X-28.2 Y-3.31 E.03958
G1 X-27.501 Y-3.779 E.03958
G1 X-26.761 Y-4.181 E.03958
G1 X-25.988 Y-4.513 E.03958
G1 X-25.187 Y-4.772 E.03958
G1 X-24.346 Y-4.961 E.04054
G1 X21.181 Y-12.988 E2.1739
G1 X22.036 Y-13.099 E.04055
G1 X22.877 Y-13.129 E.03958
G1 X23.412 Y-13.099 E.02522
G1 X23.717 Y-13.081 E.01436
G1 X24.55 Y-12.956 E.03958
G1 X25.367 Y-12.755 E.03958
G1 X26.162 Y-12.48 E.03958
G1 X26.929 Y-12.132 E.03958
G1 X27.66 Y-11.715 E.03958
G1 X28.349 Y-11.232 E.03958
G1 X28.991 Y-10.688 E.03958
G1 X29.58 Y-10.087 E.03958
G1 X30.111 Y-9.434 E.03958
G1 X30.58 Y-8.734 E.03958
G1 X30.825 Y-8.283 E.02414
SET_VELOCITY_LIMIT ACCEL=10000
G1 X31.349 Y-8.527 F30000
SET_VELOCITY_LIMIT ACCEL=5000
;TYPE:Outer wall
G1 F7200
G1 X31.501 Y-8.247 E.015
G1 X31.854 Y-7.425 E.04209
G1 X32.13 Y-6.573 E.04209
G1 X32.326 Y-5.7 E.04209
G1 X32.441 Y-4.812 E.04209
G1 X32.473 Y-3.918 E.04209
G1 X32.422 Y-3.024 E.04209
G1 X32.289 Y-2.139 E.04209
G1 X32.076 Y-1.27 E.04209
G1 X31.782 Y-.424 E.04209
G1 X31.413 Y.391 E.04209
G1 X30.969 Y1.168 E.04209
G1 X30.456 Y1.901 E.04209
G1 X29.877 Y2.584 E.04209
G1 X29.238 Y3.21 E.04209
G1 X28.543 Y3.775 E.04209
G1 X27.8 Y4.273 E.04209
G1 X27.013 Y4.7 E.04209
G1 X26.191 Y5.053 E.04209
G1 X25.339 Y5.329 E.04209
G1 X24.459 Y5.527 E.04242
G1 X-21.094 Y13.559 E2.17516
G1 X-21.989 Y13.674 E.04242
G1 X-22.883 Y13.707 E.04209
G1 X-23.777 Y13.656 E.04209
G1 X-24.662 Y13.523 E.04209
G1 X-25.531 Y13.309 E.04209
G1 X-26.376 Y13.016 E.04209
G1 X-27.191 Y12.646 E.04209
G1 X-27.969 Y12.203 E.04209
G1 X-28.702 Y11.69 E.04209
G1 X-29.385 Y11.111 E.04209
G1 X-30.011 Y10.471 E.04209
G1 X-30.576 Y9.777 E.04209
G1 X-31.074 Y9.033 E.04209
G1 X-31.501 Y8.247 E.04209
G1 X-31.854 Y7.425 E.04209
G1 X-32.13 Y6.573 E.04209
G1 X-32.326 Y5.7 E.04209
G1 X-32.441 Y4.812 E.04209
G1 X-32.473 Y3.918 E.04209
G1 X-32.422 Y3.024 E.04209
G1 X-32.289 Y2.139 E.04209
G1 X-32.076 Y1.27 E.04209
G1 X-31.782 Y.424 E.04209
G1 X-31.413 Y-.39 E.04209
M73 P56 R3
G1 X-30.969 Y-1.168 E.04209
G1 X-30.456 Y-1.901 E.04209
G1 X-29.877 Y-2.584 E.04209
G1 X-29.238 Y-3.21 E.04209
G1 X-28.543 Y-3.775 E.04209
G1 X-27.8 Y-4.273 E.04209
G1 X-27.013 Y-4.7 E.04209
G1 X-26.191 Y-5.053 E.04209
G1 X-25.339 Y-5.329 E.04209
G1 X-24.459 Y-5.527 E.04242
G1 X21.094 Y-13.559 E2.17515
G1 X21.989 Y-13.674 E.04243
G1 X22.883 Y-13.706 E.04209
G1 X23.445 Y-13.675 E.02647
G1 X23.777 Y-13.656 E.01561
G1 X24.662 Y-13.523 E.04209
G1 X25.531 Y-13.309 E.04209
G1 X26.376 Y-13.016 E.04209
G1 X27.191 Y-12.646 E.04209
G1 X27.969 Y-12.203 E.04209
G1 X28.702 Y-11.69 E.04209
G1 X29.385 Y-11.111 E.04209
G1 X30.011 Y-10.471 E.04209
G1 X30.576 Y-9.777 E.04209
G1 X31.074 Y-9.033 E.04209
G1 X31.332 Y-8.559 E.0254
SET_VELOCITY_LIMIT ACCEL=10000
G1 E-1.2 F2100
;WIPE_START
G1 F7200
G1 X31.501 Y-8.247
G1 X31.854 Y-7.425
G1 X32.085 Y-6.711
;WIPE_END
G1 X31.31 Y-6.009 Z3 F30000
G1 Z2.6
G1 E1.2 F2100
;TYPE:Sparse infill
G1 F6000
G1 X31.416 Y-5.539 E.02261
G1 X31.519 Y-4.736 E.03807
G1 X31.548 Y-3.927 E.03807
G1 X31.537 Y-3.719 E.0098
G1 X22.488 Y-12.768 E.60178
G1 X22.064 Y-12.753 E.01992
G1 X21.233 Y-12.646 E.03942
G1 X17.409 Y-11.971 E.18262
G1 X22.381 Y-7 E.33065
G1 X22.587 Y-7.018 E.00975
G1 X23.113 Y-6.978 E.02481
G1 X23.602 Y-6.852 E.02372
G1 X24.055 Y-6.648 E.02337
G1 X24.464 Y-6.373 E.02317
G1 X24.817 Y-6.036 E.02297
G1 X25.118 Y-5.633 E.02365
G1 X25.375 Y-5.084 E.02852
G1 X25.484 Y-4.649 E.02109
G1 X25.523 Y-4.282 E.01736
G1 X25.505 Y-3.875 E.01916
G1 X30.133 Y.753 E.30772
G1 X29.724 Y1.337 E.03352
G1 X29.2 Y1.954 E.03807
G1 X28.622 Y2.521 E.03807
G1 X27.994 Y3.031 E.03807
G1 X27.321 Y3.482 E.03807
G1 X27.104 Y3.6 E.01162
G1 X22.082 Y-1.422 E.33399
G1 X21.614 Y-1.556 E.02289
G1 X21.229 Y-1.749 E.02027
G1 X20.803 Y-2.063 E.02485
G1 X20.473 Y-2.419 E.02284
G1 X20.198 Y-2.839 E.02362
G1 X19.966 Y-3.433 E.02999
G1 X19.944 Y-3.56 E.00607
G1 X12.413 Y-11.091 E.50079
G1 X10.14 Y-10.69 E.10855
G1 X7.452 Y-7.42 F30000
G1 F6000
G1 X7.367 Y-7.412 E.00401
G1 X6.823 Y-7.213 E.02726
G1 X6.368 Y-6.95 E.02473
G1 X5.921 Y-6.576 E.02741
G1 X5.614 Y-6.138 E.02514
G1 X2.423 Y-9.329 E.21225
G1 X7.418 Y-10.21 E.23852
G1 X22.553 Y4.925 E1.00653
G1 X17.558 Y5.806 E.23852
G1 X9.561 Y-2.191 E.53185
G1 X9.839 Y-2.385 E.01594
G1 X10.174 Y-2.718 E.02221
G1 X10.468 Y-3.143 E.02431
G1 X10.647 Y-3.53 E.02006
G1 X10.781 Y-4.067 E.02604
G1 X.299 Y8.849 F30000
G1 F6000
G1 X2.572 Y8.448 E.10855
G1 X-4.049 Y1.827 E.44032
G1 X-4 Y1.632 E.00946
G1 X-3.979 Y1.159 E.02226
G1 X-4.018 Y.792 E.01735
G1 X-4.127 Y.357 E.02109
G1 X-4.385 Y-.192 E.02852
G1 X-4.685 Y-.595 E.02365
G1 X-5.039 Y-.932 E.02297
G1 X-5.448 Y-1.207 E.02317
G1 X-5.955 Y-1.425 E.02598
G1 X-5.829 Y-1.786 E.01802
G1 X-6.1 Y-1.877 E.01343
G1 X-5.557 Y-2.11 E.02777
G1 X-5.161 Y-2.385 E.02266
G1 X-4.826 Y-2.718 E.0222
G1 X-4.532 Y-3.143 E.02431
G1 X-4.353 Y-3.53 E.02005
G1 X-4.188 Y-4.188 E.0319
G1 X7.568 Y7.568 E.7818
G1 X12.563 Y6.687 E.23852
G1 X-2.572 Y-8.448 E1.00653
G1 X-4.846 Y-8.047 E.10855
G1 X-6.023 Y-7.585 F30000
;TYPE:Gap infill
;WIDTH:0.487952
G1 F9000
G1 X-6.554 Y-7.582 E.01929
;WIDTH:0.459407
G1 X-6.728 Y-7.574 E.0059
;WIDTH:0.415654
G1 X-6.902 Y-7.565 E.00528
;WIDTH:0.368791
G1 X-7.101 Y-7.555 E.0053
;WIDTH:0.322214
G1 X-7.664 Y-7.477 E.01293
;WIDTH:0.319511
G1 X-7.848 Y-7.428 E.00428
;WIDTH:0.352881
G1 X-8.031 Y-7.379 E.00479
;WIDTH:0.396942
G1 X-8.573 Y-7.2 E.01646
G1 X-8.871 Y-6.717 F30000
;WIDTH:0.155994
G1 F9000
G1 X-8.759 Y-6.839 E.00152
;WIDTH:0.17533
G1 X-8.648 Y-6.961 E.00178
;WIDTH:0.197033
G1 X-8.071 Y-7.537 E.01025
G1 E-1.2 F2100
;WIPE_START
G1 F9000
G1 X-8.648 Y-6.961
;WIPE_END
G1 X-6.3 Y-1.489 Z3 F30000
G1 Z2.6
G1 E1.2 F2100
;WIDTH:0.147218
G1 F9000
G1 X-6.501 Y-1.549 E.00178
;WIDTH:0.184637
G1 X-6.606 Y-1.576 E.00125
;WIDTH:0.221832
G1 X-6.711 Y-1.603 E.00158
;WIDTH:0.259049
G1 X-6.749 Y-1.624 E.00076
;WIDTH:0.29629
G1 X-6.786 Y-1.646 E.00089
;WIDTH:0.333531
G1 X-6.823 Y-1.668 E.00102
;WIDTH:0.331971
G1 X-6.792 Y-1.691 E.00091
;WIDTH:0.291608
G1 X-6.762 Y-1.714 E.00078
;WIDTH:0.251245
G1 X-6.731 Y-1.738 E.00066
;WIDTH:0.210882
G1 X-6.7 Y-1.761 E.00053
;WIDTH:0.173436
G1 X-6.572 Y-1.794 E.0014
;WIDTH:0.138905
G1 X-6.444 Y-1.827 E.00103
G1 X-7.41 Y-1.474 F30000
;WIDTH:0.286459
G1 F9000
G1 X-7.314 Y-1.539 E.0023
;WIDTH:0.309022
G1 X-7.217 Y-1.604 E.00252
;WIDTH:0.354148
G1 X-7.121 Y-1.668 E.00294
;WIDTH:0.352546
G1 X-6.619 Y-1.67 E.01267
G1 X-6.631 Y-1.842 F30000
;WIDTH:0.144574
G1 F9000
G1 X-7.623 Y-1.443 E.00886
G1 X-8.24 Y-2.089 F30000
;TYPE:Sparse infill
;WIDTH:0.62
G1 F6000
G1 X-8.446 Y-2.192 E.01085
G1 X-8.872 Y-2.506 E.02485
G1 X-9.202 Y-2.862 E.02284
G1 X-9.477 Y-3.282 E.02362
G1 X-9.681 Y-3.805 E.02639
G1 X-12.563 Y-6.687 E.19164
G1 X-17.558 Y-5.806 E.23852
G1 X-9.403 Y2.349 E.54233
G1 X-9.304 Y2.602 E.01276
G1 X-9.03 Y3.022 E.02362
G1 X-8.699 Y3.378 E.02284
G1 X-8.274 Y3.692 E.02485
G1 X-7.858 Y3.894 E.02174
G1 X-2.423 Y9.329 E.36145
G1 X-7.418 Y10.21 E.23852
G1 X-22.553 Y-4.925 E1.00653
G1 X-20.28 Y-5.326 E.10855
G1 X-22.938 Y-2.153 F30000
G1 F6000
M73 P57 R3
G1 X-23.403 Y-2.138 E.02189
G1 X-24.218 Y-2 E.03886
G1 X-25.007 Y-1.755 E.03886
G1 X-25.179 Y-1.675 E.00894
G1 X-27.104 Y-3.6 E.128
G1 X-27.321 Y-3.482 E.01162
G1 X-27.994 Y-3.031 E.03807
G1 X-28.622 Y-2.521 E.03807
G1 X-29.2 Y-1.954 E.03807
G1 X-29.724 Y-1.336 E.03807
G1 X-30.133 Y-.753 E.03352
G1 X-28.243 Y1.137 E.12564
M73 P57 R2
G1 X-28.479 Y1.602 E.02454
G1 X-28.75 Y2.383 E.03886
G1 X-28.914 Y3.193 E.03886
G1 X-28.923 Y3.326 E.00629
G1 X-31.31 Y6.009 F30000
G1 F6000
G1 X-31.416 Y5.539 E.02261
G1 X-31.519 Y4.736 E.03807
G1 X-31.548 Y3.927 E.03807
G1 X-31.537 Y3.719 E.00979
G1 X-28.126 Y7.13 E.2268
G1 X-27.638 Y7.851 E.04095
G1 X-27.084 Y8.464 E.03886
G1 X-26.453 Y8.998 E.03886
G1 X-25.915 Y9.341 E.03
G1 X-22.488 Y12.768 E.22794
G1 X-22.064 Y12.753 E.01992
G1 X-21.233 Y12.646 E.03941
G1 X-17.409 Y11.972 E.18262
G1 X-19.903 Y9.477 E.16589
G1 X-19.455 Y9.232 E.02403
G1 X-18.79 Y8.741 E.03886
G1 X-18.196 Y8.167 E.03886
G1 X-17.683 Y7.518 E.03886
G1 X-17.262 Y6.807 E.03886
G1 X-17.094 Y6.41 E.02029
G1 X-12.413 Y11.091 E.31127
G1 X-10.14 Y10.69 E.10855
;LAYER_CHANGE
;Z:2.8
;HEIGHT:0.2
;BEFORE_LAYER_CHANGE
;2.8
G1 E-1.2 F2100
;WIPE_START
G1 F6000
G1 X-12.11 Y11.037
;WIPE_END
;AFTER_LAYER_CHANGE
;2.8
;_SET_FAN_SPEED_CHANGING_LAYER
G17
G3 Z3.2 I1.1 J.521 P1  F30000
G1 X-6.379 Y-1.052 Z3.2
G1 Z2.8
G1 E1.2 F2100
SET_VELOCITY_LIMIT ACCEL=5000
;TYPE:Inner wall
G1 F9000
G1 X-5.825 Y-.949 E.0265
G1 X-5.446 Y-.797 E.0192
G1 X-5.171 Y-.641 E.01486
G1 X-4.834 Y-.38 E.02007
G1 X-4.533 Y-.052 E.02093
G1 X-4.278 Y.347 E.02228
G1 X-4.101 Y.793 E.02252
G1 X-4.033 Y1.284 E.02332
G1 X-4.049 Y1.756 E.02224
G1 X-4.16 Y2.246 E.02361
G1 X-4.382 Y2.68 E.02291
G1 X-4.648 Y3.037 E.02096
G1 X-4.968 Y3.342 E.02076
G1 X-5.331 Y3.586 E.02056
G1 X-5.711 Y3.756 E.0196
G1 X-5.975 Y3.834 E.01295
G1 X-6.35 Y3.895 E.01788
G1 X-6.727 Y3.897 E.0177
G1 X-6.998 Y3.863 E.01285
G1 X-7.385 Y3.76 E.01882
G1 X-7.759 Y3.589 E.01937
G1 X-8.101 Y3.354 E.01947
G1 X-8.555 Y2.899 E.03026
G1 X-8.775 Y2.572 E.01854
G1 X-8.96 Y2.146 E.02185
G1 X-9.051 Y1.745 E.01931
G1 X-9.072 Y1.329 E.01958
G1 X-8.996 Y.823 E.02408
G1 X-8.87 Y.469 E.01768
G1 X-8.723 Y.189 E.01488
G1 X-8.486 Y-.134 E.0188
G1 X-8.016 Y-.574 E.03028
G1 X-7.677 Y-.786 E.01883
G1 X-7.234 Y-.962 E.02242
G1 X-6.816 Y-1.043 E.02
G1 X-6.415 Y-1.051 E.01887
SET_VELOCITY_LIMIT ACCEL=10000
G1 X-6.427 Y-.474 F30000
SET_VELOCITY_LIMIT ACCEL=5000
;TYPE:Outer wall
G1 F7200
G1 X-5.987 Y-.392 E.02105
G1 X-5.697 Y-.276 E.01469
G1 X-5.492 Y-.16 E.01108
G1 X-5.226 Y.046 E.01582
G1 X-4.992 Y.301 E.01627
G1 X-4.794 Y.612 E.01734
G1 X-4.663 Y.941 E.01665
G1 X-4.611 Y1.314 E.01771
G1 X-4.624 Y1.682 E.01732
G1 X-4.707 Y2.048 E.01765
G1 X-4.874 Y2.374 E.01722
G1 X-5.081 Y2.653 E.01634
G1 X-5.33 Y2.89 E.01617
G1 X-5.612 Y3.079 E.01596
G1 X-5.912 Y3.214 E.01547
G1 X-6.104 Y3.271 E.00942
G1 X-6.398 Y3.318 E.014
G1 X-6.692 Y3.32 E.01383
G1 X-6.888 Y3.295 E.00929
G1 X-7.189 Y3.215 E.01465
G1 X-7.474 Y3.085 E.01473
G1 X-7.73 Y2.909 E.01461
G1 X-8.107 Y2.531 E.0251
G1 X-8.267 Y2.293 E.01349
G1 X-8.41 Y1.965 E.01683
G1 F6420
G1 X-8.477 Y1.666 E.01441
G1 F5580
G1 X-8.493 Y1.358 E.0145
G1 F4380
G1 X-8.434 Y.964 E.01873
G1 F3600
G1 X-8.34 Y.701 E.01313
G1 F3000
G1 X-8.232 Y.495 E.01094
G1 F2340
G1 X-8.053 Y.251 E.01423
G1 X-7.663 Y-.114 E.02512
G1 F2700
G1 X-7.415 Y-.269 E.01375
M106 S255
G1 F3540
G1 X-7.071 Y-.406 E.01741
G1 F4920
G1 X-6.755 Y-.467 E.01513
G1 F6660
G1 X-6.463 Y-.473 E.01373
SET_VELOCITY_LIMIT ACCEL=10000
G1 E-1.2 F2100
;WIPE_START
G1 F6660
G1 X-5.987 Y-.392
G1 X-5.697 Y-.276
G1 X-5.492 Y-.16
G1 X-5.226 Y.046
G1 X-4.992 Y.301
G1 X-4.838 Y.543
;WIPE_END
G1 X-6.054 Y-6.844 Z3.2 F30000
G1 Z2.8
G1 E1.2 F2100
SET_VELOCITY_LIMIT ACCEL=5000
;TYPE:Inner wall
G1 F9000
G1 X-5.998 Y-6.833 E.00268
G1 X-5.619 Y-6.682 E.0192
G1 X-5.344 Y-6.525 E.01486
G1 X-5.007 Y-6.264 E.02007
G1 X-4.706 Y-5.936 E.02093
G1 X-4.451 Y-5.537 E.02228
G1 X-4.274 Y-5.092 E.02252
G1 X-4.205 Y-4.6 E.02332
G1 X-4.222 Y-4.128 E.02224
G1 X-4.333 Y-3.638 E.02361
G1 X-4.554 Y-3.204 E.02291
G1 X-4.821 Y-2.847 E.02096
G1 X-5.14 Y-2.542 E.02076
G1 X-5.503 Y-2.299 E.02056
G1 X-5.884 Y-2.128 E.0196
G1 X-6.148 Y-2.05 E.01295
G1 X-6.523 Y-1.989 E.01788
G1 X-6.899 Y-1.987 E.0177
G1 X-7.17 Y-2.021 E.01285
G1 X-7.557 Y-2.124 E.01882
G1 X-7.932 Y-2.296 E.01937
G1 X-8.273 Y-2.53 E.01947
G1 X-8.728 Y-2.985 E.03026
G1 X-8.947 Y-3.312 E.01854
G1 X-9.133 Y-3.738 E.02185
G1 X-9.224 Y-4.139 E.01931
G1 X-9.245 Y-4.555 E.01958
G1 X-9.169 Y-5.061 E.02408
G1 X-9.042 Y-5.415 E.01768
G1 X-8.895 Y-5.695 E.01488
G1 X-8.659 Y-6.018 E.0188
G1 X-8.189 Y-6.458 E.03028
G1 X-7.85 Y-6.67 E.01883
G1 X-7.407 Y-6.847 E.02242
G1 X-6.989 Y-6.927 E.02
G1 X-6.552 Y-6.936 E.02056
G1 X-6.089 Y-6.85 E.02212
SET_VELOCITY_LIMIT ACCEL=10000
G1 X-6.159 Y-6.276 F30000
SET_VELOCITY_LIMIT ACCEL=5000
;TYPE:Outer wall
G1 F7200
G1 X-5.87 Y-6.16 E.01464
G1 X-5.665 Y-6.044 E.01108
G1 X-5.399 Y-5.838 E.01582
G1 X-5.165 Y-5.583 E.01627
G1 X-4.967 Y-5.272 E.01734
G1 X-4.836 Y-4.943 E.01665
G1 X-4.784 Y-4.57 E.01771
G1 X-4.796 Y-4.202 E.01731
G1 X-4.88 Y-3.836 E.01766
G1 X-5.046 Y-3.51 E.0172
G1 X-5.254 Y-3.231 E.01636
G1 X-5.503 Y-2.994 E.01617
G1 X-5.784 Y-2.805 E.01592
G1 X-6.084 Y-2.67 E.01547
G1 X-6.276 Y-2.614 E.0094
G1 X-6.571 Y-2.566 E.01405
G1 X-6.864 Y-2.565 E.01378
G1 X-7.06 Y-2.589 E.00929
G1 X-7.362 Y-2.669 E.01469
G1 X-7.646 Y-2.8 E.01471
G1 X-7.903 Y-2.975 E.01462
G1 X-8.28 Y-3.353 E.0251
G1 X-8.439 Y-3.591 E.01346
G1 X-8.582 Y-3.919 E.01683
G1 F6420
G1 X-8.65 Y-4.218 E.01442
G1 F5580
G1 X-8.666 Y-4.526 E.0145
G1 F4380
G1 X-8.606 Y-4.92 E.01874
G1 F3600
G1 X-8.512 Y-5.183 E.01313
G1 F3000
G1 X-8.405 Y-5.389 E.01092
G1 F2340
G1 X-8.225 Y-5.633 E.01426
G1 X-7.835 Y-5.999 E.02515
M106 S255
G1 F2700
G1 X-7.588 Y-6.153 E.01369
G1 F3540
G1 X-7.244 Y-6.29 E.01741
G1 F4920
G1 X-6.928 Y-6.351 E.01513
G1 F6660
G1 X-6.599 Y-6.358 E.01547
G1 F7200
G1 X-6.195 Y-6.283 E.01932
SET_VELOCITY_LIMIT ACCEL=10000
G1 E-1.2 F2100
;WIPE_START
G1 F7200
G1 X-5.87 Y-6.16
G1 X-5.665 Y-6.044
G1 X-5.399 Y-5.838
G1 X-5.165 Y-5.583
G1 X-4.967 Y-5.272
G1 X-4.836 Y-4.943
G1 X-4.834 Y-4.932
;WIPE_END
G1 X2.709 Y-6.098 Z3.2 F30000
G1 X7.788 Y-6.884 Z3.2
G1 Z2.8
G1 E1.2 F2100
SET_VELOCITY_LIMIT ACCEL=5000
;TYPE:Inner wall
G1 F9000
G1 X8.011 Y-6.927 E.0107
G1 X8.448 Y-6.936 E.02056
G1 X9.002 Y-6.833 E.0265
G1 X9.381 Y-6.682 E.0192
G1 X9.656 Y-6.525 E.01486
G1 X9.993 Y-6.264 E.02007
G1 X10.294 Y-5.936 E.02093
G1 X10.549 Y-5.537 E.02228
G1 X10.726 Y-5.092 E.02252
G1 X10.795 Y-4.6 E.02332
G1 X10.778 Y-4.128 E.02224
G1 X10.667 Y-3.638 E.02361
G1 X10.446 Y-3.204 E.02291
G1 X10.179 Y-2.847 E.02096
G1 X9.86 Y-2.542 E.02076
G1 X9.497 Y-2.299 E.02056
G1 X9.117 Y-2.128 E.0196
G1 X8.852 Y-2.05 E.01295
G1 X8.477 Y-1.989 E.01788
G1 X8.101 Y-1.987 E.0177
G1 X7.83 Y-2.021 E.01285
G1 X7.443 Y-2.124 E.01882
G1 X7.068 Y-2.296 E.01937
G1 X6.727 Y-2.53 E.01947
G1 X6.272 Y-2.985 E.03026
G1 X6.053 Y-3.312 E.01854
G1 X5.867 Y-3.738 E.02185
G1 X5.776 Y-4.139 E.01931
G1 X5.755 Y-4.555 E.01958
G1 X5.831 Y-5.061 E.02408
G1 X5.958 Y-5.415 E.01769
G1 X6.105 Y-5.695 E.01488
G1 X6.341 Y-6.018 E.0188
G1 X6.811 Y-6.458 E.03028
G1 X7.15 Y-6.67 E.01883
G1 X7.593 Y-6.847 E.02242
G1 X7.752 Y-6.877 E.00761
SET_VELOCITY_LIMIT ACCEL=10000
G1 X7.897 Y-6.318 F30000
SET_VELOCITY_LIMIT ACCEL=5000
;TYPE:Outer wall
G1 F5340
G1 X8.072 Y-6.351 E.00837
G1 F6660
G1 X8.401 Y-6.358 E.01547
G1 F7200
G1 X8.841 Y-6.276 E.02105
G1 X9.13 Y-6.16 E.01464
G1 X9.335 Y-6.044 E.01108
G1 X9.601 Y-5.838 E.01582
G1 X9.835 Y-5.583 E.01627
G1 X10.033 Y-5.272 E.01734
G1 X10.164 Y-4.943 E.01665
G1 X10.216 Y-4.57 E.01771
G1 X10.204 Y-4.202 E.01731
G1 X10.12 Y-3.836 E.01766
G1 X9.954 Y-3.51 E.0172
G1 X9.746 Y-3.231 E.01636
G1 X9.497 Y-2.994 E.01617
G1 X9.216 Y-2.805 E.01592
G1 X8.916 Y-2.67 E.01547
G1 X8.724 Y-2.614 E.0094
G1 X8.429 Y-2.566 E.01405
G1 X8.136 Y-2.565 E.01378
G1 X7.94 Y-2.589 E.00929
G1 X7.638 Y-2.669 E.01469
G1 X7.354 Y-2.8 E.01471
G1 X7.097 Y-2.975 E.01462
G1 X6.72 Y-3.353 E.0251
G1 X6.561 Y-3.591 E.01346
G1 X6.418 Y-3.919 E.01683
G1 F6420
G1 X6.35 Y-4.218 E.01442
G1 F5580
G1 X6.334 Y-4.526 E.0145
G1 F4380
G1 X6.394 Y-4.92 E.01874
G1 F3600
G1 X6.488 Y-5.183 E.01313
G1 F3000
G1 X6.595 Y-5.389 E.01092
G1 F2340
G1 X6.775 Y-5.633 E.01426
G1 X7.165 Y-5.999 E.02515
M106 S255
G1 F2700
G1 X7.412 Y-6.153 E.01369
G1 F3540
G1 X7.756 Y-6.29 E.01741
G1 F4920
G1 X7.862 Y-6.311 E.00508
SET_VELOCITY_LIMIT ACCEL=10000
G1 E-1.2 F2100
;WIPE_START
G1 F4920
G1 X8.072 Y-6.351
G1 X8.401 Y-6.358
G1 X8.841 Y-6.276
G1 X9.13 Y-6.16
G1 X9.335 Y-6.044
G1 X9.601 Y-5.838
G1 X9.686 Y-5.745
;WIPE_END
G1 X17.308 Y-6.155 Z3.2 F30000
G1 X22.401 Y-6.429 Z3.2
G1 Z2.8
G1 E1.2 F2100
SET_VELOCITY_LIMIT ACCEL=5000
;TYPE:Inner wall
G1 F9000
G1 X22.686 Y-6.484 E.01366
G1 X23.123 Y-6.493 E.02056
G1 X23.677 Y-6.39 E.0265
G1 X24.056 Y-6.238 E.0192
G1 X24.331 Y-6.082 E.01486
G1 X24.668 Y-5.821 E.02007
G1 X24.969 Y-5.493 E.02093
G1 X25.224 Y-5.093 E.02228
G1 X25.401 Y-4.648 E.02252
G1 X25.47 Y-4.157 E.02332
G1 X25.454 Y-3.684 E.02224
G1 X25.342 Y-3.195 E.02361
G1 X25.121 Y-2.761 E.02291
G1 X24.854 Y-2.403 E.02096
G1 X24.535 Y-2.099 E.02076
G1 X24.172 Y-1.855 E.02056
G1 X23.792 Y-1.685 E.0196
G1 X23.527 Y-1.607 E.01295
G1 X23.152 Y-1.546 E.01788
G1 X22.776 Y-1.544 E.0177
G1 X22.505 Y-1.578 E.01285
G1 X22.118 Y-1.681 E.01882
G1 X21.743 Y-1.852 E.01937
G1 X21.402 Y-2.086 E.01947
G1 X20.947 Y-2.542 E.03026
G1 X20.728 Y-2.869 E.01854
G1 X20.542 Y-3.295 E.02185
G1 X20.451 Y-3.696 E.01932
G1 X20.43 Y-4.111 E.01958
G1 X20.506 Y-4.618 E.02408
G1 X20.633 Y-4.972 E.01769
G1 X20.78 Y-5.252 E.01488
G1 X21.016 Y-5.574 E.0188
G1 X21.486 Y-6.015 E.03028
G1 X21.825 Y-6.227 E.01883
G1 X22.269 Y-6.403 E.02242
G1 X22.366 Y-6.422 E.00465
SET_VELOCITY_LIMIT ACCEL=10000
G1 X22.51 Y-5.862 F30000
SET_VELOCITY_LIMIT ACCEL=5000
;TYPE:Outer wall
G1 F5160
G1 X22.747 Y-5.908 E.01135
G1 F6660
G1 X23.076 Y-5.915 E.01547
G1 F7200
G1 X23.516 Y-5.833 E.02105
G1 X23.805 Y-5.717 E.01464
G1 X24.01 Y-5.601 E.01108
G1 X24.276 Y-5.395 E.01582
G1 X24.51 Y-5.14 E.01627
G1 X24.708 Y-4.829 E.01734
G1 X24.839 Y-4.5 E.01665
G1 X24.891 Y-4.127 E.01771
G1 X24.879 Y-3.759 E.01731
G1 X24.795 Y-3.393 E.01766
G1 X24.629 Y-3.066 E.01724
G1 X24.421 Y-2.788 E.01633
G1 X24.172 Y-2.551 E.01617
G1 X23.891 Y-2.362 E.01592
G1 X23.591 Y-2.227 E.01547
G1 X23.399 Y-2.17 E.00942
G1 X23.104 Y-2.123 E.01405
G1 X22.811 Y-2.121 E.01378
G1 X22.615 Y-2.146 E.00929
G1 X22.313 Y-2.226 E.01469
G1 X22.029 Y-2.356 E.01469
G1 X21.772 Y-2.532 E.01465
G1 X21.395 Y-2.91 E.0251
G1 X21.236 Y-3.147 E.01342
G1 X21.093 Y-3.476 E.01687
G1 F6420
G1 X21.025 Y-3.775 E.01442
G1 F5580
G1 X21.009 Y-4.083 E.0145
G1 F4380
G1 X21.069 Y-4.477 E.01874
G1 F3600
G1 X21.163 Y-4.74 E.01313
G1 F3000
G1 X21.27 Y-4.946 E.01092
G1 F2340
G1 X21.45 Y-5.19 E.01426
G1 X21.84 Y-5.555 E.02512
M106 S255
G1 F2700
G1 X22.087 Y-5.71 E.01371
G1 F3540
G1 X22.431 Y-5.847 E.01741
G1 F4920
G1 X22.475 Y-5.856 E.00211
SET_VELOCITY_LIMIT ACCEL=10000
G1 E-1.2 F2100
;WIPE_START
G1 F4920
G1 X22.747 Y-5.908
G1 X23.076 Y-5.915
G1 X23.516 Y-5.833
G1 X23.805 Y-5.717
G1 X24.01 Y-5.601
G1 X24.276 Y-5.395
G1 X24.319 Y-5.348
;WIPE_END
G1 X16.707 Y-4.779 Z3.2 F30000
G1 X-23.106 Y-1.801 Z3.2
G1 Z2.8
G1 E1.2 F2100
SET_VELOCITY_LIMIT ACCEL=5000
;TYPE:Inner wall
G1 F9000
M73 P58 R2
G1 X-23.094 Y-1.802 E.00058
G1 X-22.588 Y-1.818 E.02378
G1 X-21.812 Y-1.74 E.03668
G1 X-21.054 Y-1.56 E.03668
G1 X-20.326 Y-1.279 E.03668
G1 X-19.642 Y-.904 E.03668
G1 X-19.014 Y-.442 E.03668
G1 X-18.453 Y.101 E.03668
G1 X-17.97 Y.713 E.03668
G1 X-17.572 Y1.384 E.03668
G1 X-17.268 Y2.102 E.03668
G1 X-17.061 Y2.854 E.03668
G1 X-16.958 Y3.627 E.03668
G1 X-16.958 Y4.407 E.03668
G1 X-17.061 Y5.18 E.03668
G1 X-17.268 Y5.933 E.03668
G1 X-17.572 Y6.651 E.03668
G1 X-17.97 Y7.322 E.03668
G1 X-18.453 Y7.934 E.03668
G1 X-19.014 Y8.476 E.03668
G1 X-19.642 Y8.939 E.03668
G1 X-20.326 Y9.314 E.03668
G1 X-21.054 Y9.594 E.03668
G1 X-21.812 Y9.775 E.03668
G1 X-22.588 Y9.853 E.03668
G1 X-23.368 Y9.827 E.03668
G1 X-24.137 Y9.697 E.03668
G1 X-24.882 Y9.466 E.03668
G1 X-25.59 Y9.138 E.03668
G1 X-25.821 Y8.99 E.0129
G1 X-26.247 Y8.718 E.02378
G1 X-26.843 Y8.215 E.03668
G1 X-27.366 Y7.636 E.03668
G1 X-27.807 Y6.993 E.03668
G1 X-28.159 Y6.297 E.03668
G1 X-28.415 Y5.56 E.03668
G1 X-28.571 Y4.796 E.03668
G1 X-28.623 Y4.017 E.03668
G1 X-28.571 Y3.239 E.03668
G1 X-28.415 Y2.475 E.03668
G1 X-28.159 Y1.738 E.03668
G1 X-27.807 Y1.042 E.03668
G1 X-27.366 Y.399 E.03668
G1 X-26.843 Y-.18 E.03668
G1 X-26.247 Y-.683 E.03668
G1 X-25.59 Y-1.103 E.03668
G1 X-24.882 Y-1.432 E.03668
G1 X-24.137 Y-1.663 E.03668
G1 X-23.368 Y-1.792 E.03668
G1 X-23.142 Y-1.8 E.01063
SET_VELOCITY_LIMIT ACCEL=10000
G1 X-23.087 Y-1.224 F30000
SET_VELOCITY_LIMIT ACCEL=5000
;TYPE:Outer wall
G1 F7200
G1 X-23.075 Y-1.225 E.00058
G1 X-22.608 Y-1.24 E.02196
G1 X-21.909 Y-1.17 E.03305
G1 X-21.225 Y-1.007 E.03305
G1 X-20.569 Y-.755 E.03305
G1 X-19.953 Y-.417 E.03305
G1 X-19.387 Y0 E.03305
G1 X-18.882 Y.489 E.03305
G1 X-18.446 Y1.04 E.03305
G1 X-18.088 Y1.645 E.03305
G1 X-17.814 Y2.292 E.03305
G1 X-17.628 Y2.97 E.03305
G1 X-17.535 Y3.666 E.03305
G1 X-17.535 Y4.369 E.03305
G1 X-17.628 Y5.065 E.03305
G1 X-17.814 Y5.743 E.03305
G1 X-18.088 Y6.39 E.03305
G1 X-18.446 Y6.995 E.03305
G1 X-18.882 Y7.546 E.03305
G1 X-19.387 Y8.035 E.03305
G1 X-19.953 Y8.452 E.03305
G1 X-20.569 Y8.789 E.03305
G1 X-21.225 Y9.042 E.03305
G1 X-21.909 Y9.205 E.03305
G1 X-22.608 Y9.275 E.03305
G1 X-23.31 Y9.252 E.03305
G1 X-24.003 Y9.135 E.03305
G1 X-24.674 Y8.927 E.03305
G1 X-25.312 Y8.631 E.03305
G1 X-25.51 Y8.504 E.01108
G1 X-25.904 Y8.253 E.02196
G1 X-26.441 Y7.799 E.03305
G1 X-26.912 Y7.278 E.03305
G1 X-27.31 Y6.698 E.03305
G1 X-27.627 Y6.071 E.03305
G1 X-27.857 Y5.407 E.03305
G1 X-27.997 Y4.719 E.03305
G1 X-28.044 Y4.017 E.03305
G1 X-27.997 Y3.316 E.03305
G1 X-27.857 Y2.628 E.03305
G1 X-27.627 Y1.964 E.03305
G1 X-27.31 Y1.336 E.03305
G1 X-26.912 Y.757 E.03305
G1 X-26.441 Y.236 E.03305
G1 X-25.904 Y-.218 E.03305
G1 X-25.312 Y-.596 E.03305
G1 X-24.674 Y-.892 E.03305
G1 X-24.003 Y-1.1 E.03305
G1 X-23.31 Y-1.217 E.03305
G1 X-23.123 Y-1.223 E.00881
SET_VELOCITY_LIMIT ACCEL=10000
G1 E-1.2 F2100
;WIPE_START
G1 F7200
G1 X-23.075 Y-1.225
G1 X-22.608 Y-1.24
G1 X-21.909 Y-1.17
G1 X-21.225 Y-1.007
G1 X-21.151 Y-.979
;WIPE_END
G1 X-13.591 Y-2.03 Z3.2 F30000
G1 X30.865 Y-8.209 Z3.2
G1 Z2.8
G1 E1.2 F2100
SET_VELOCITY_LIMIT ACCEL=5000
;TYPE:Inner wall
G1 F9000
G1 X30.981 Y-7.995 E.01148
G1 X31.314 Y-7.222 E.03958
G1 X31.573 Y-6.421 E.03958
G1 X31.757 Y-5.6 E.03958
G1 X31.865 Y-4.765 E.03958
G1 X31.895 Y-3.924 E.03958
G1 X31.848 Y-3.084 E.03958
G1 X31.723 Y-2.251 E.03958
G1 X31.522 Y-1.434 E.03958
G1 X31.246 Y-.639 E.03958
G1 X30.898 Y.128 E.03958
G1 X30.609 Y.634 E.02739
G1 X30.481 Y.859 E.01219
G1 X29.998 Y1.548 E.03958
G1 X29.454 Y2.19 E.03958
G1 X28.853 Y2.779 E.03958
G1 X28.2 Y3.31 E.03958
G1 X27.501 Y3.779 E.03958
G1 X26.761 Y4.181 E.03958
G1 X25.988 Y4.513 E.03958
G1 X25.187 Y4.772 E.03958
G1 X24.346 Y4.961 E.04054
G1 X-21.181 Y12.988 E2.1739
G1 X-22.036 Y13.099 E.04054
G1 X-22.877 Y13.129 E.03958
G1 X-23.717 Y13.081 E.03958
G1 X-24.55 Y12.957 E.03958
G1 X-25.367 Y12.755 E.03958
G1 X-26.162 Y12.48 E.03958
G1 X-26.929 Y12.132 E.03958
G1 X-27.66 Y11.715 E.03958
G1 X-28.349 Y11.232 E.03958
G1 X-28.991 Y10.688 E.03958
G1 X-29.58 Y10.087 E.03958
G1 X-30.111 Y9.434 E.03958
G1 X-30.58 Y8.734 E.03958
G1 X-30.858 Y8.223 E.02739
G1 X-30.981 Y7.995 E.01219
G1 X-31.314 Y7.222 E.03958
G1 X-31.573 Y6.421 E.03958
G1 X-31.757 Y5.6 E.03958
G1 X-31.865 Y4.765 E.03958
G1 X-31.895 Y3.924 E.03958
G1 X-31.862 Y3.342 E.02739
G1 X-31.848 Y3.084 E.01219
G1 X-31.723 Y2.251 E.03958
G1 X-31.522 Y1.434 E.03958
G1 X-31.246 Y.639 E.03958
G1 X-30.898 Y-.128 E.03958
G1 X-30.481 Y-.859 E.03958
G1 X-29.998 Y-1.548 E.03958
G1 X-29.454 Y-2.19 E.03958
G1 X-28.853 Y-2.779 E.03958
G1 X-28.2 Y-3.31 E.03958
G1 X-27.501 Y-3.779 E.03958
G1 X-26.761 Y-4.181 E.03958
G1 X-25.988 Y-4.513 E.03958
G1 X-25.187 Y-4.772 E.03958
G1 X-24.346 Y-4.961 E.04054
G1 X21.181 Y-12.988 E2.1739
G1 X22.036 Y-13.099 E.04055
G1 X22.877 Y-13.129 E.03958
G1 X23.459 Y-13.096 E.02739
G1 X23.717 Y-13.081 E.01219
G1 X24.55 Y-12.956 E.03958
G1 X25.367 Y-12.755 E.03958
G1 X26.162 Y-12.48 E.03958
G1 X26.929 Y-12.132 E.03958
G1 X27.66 Y-11.715 E.03958
G1 X28.349 Y-11.232 E.03958
G1 X28.991 Y-10.688 E.03958
G1 X29.58 Y-10.087 E.03958
G1 X30.111 Y-9.434 E.03958
G1 X30.58 Y-8.734 E.03958
G1 X30.848 Y-8.241 E.02641
SET_VELOCITY_LIMIT ACCEL=10000
G1 X31.372 Y-8.485 F30000
SET_VELOCITY_LIMIT ACCEL=5000
;TYPE:Outer wall
G1 F7200
G1 X31.501 Y-8.247 E.01273
G1 X31.854 Y-7.425 E.04209
G1 X32.13 Y-6.573 E.04209
G1 X32.326 Y-5.7 E.04209
G1 X32.441 Y-4.812 E.04209
G1 X32.473 Y-3.918 E.04209
G1 X32.422 Y-3.024 E.04209
G1 X32.289 Y-2.139 E.04209
G1 X32.076 Y-1.27 E.04209
G1 X31.782 Y-.424 E.04209
G1 X31.413 Y.391 E.04209
G1 X31.111 Y.92 E.02865
G1 X30.969 Y1.168 E.01344
G1 X30.456 Y1.901 E.04209
G1 X29.877 Y2.584 E.04209
G1 X29.238 Y3.21 E.04209
G1 X28.543 Y3.775 E.04209
G1 X27.8 Y4.273 E.04209
G1 X27.013 Y4.7 E.04209
G1 X26.191 Y5.053 E.04209
G1 X25.339 Y5.329 E.04209
G1 X24.459 Y5.527 E.04243
G1 X-21.094 Y13.559 E2.17516
G1 X-21.989 Y13.674 E.04242
G1 X-22.883 Y13.707 E.04209
G1 X-23.777 Y13.656 E.04209
G1 X-24.662 Y13.523 E.04209
G1 X-25.253 Y13.378 E.02864
G1 X-25.531 Y13.309 E.01344
G1 X-26.376 Y13.016 E.04209
G1 X-27.191 Y12.646 E.04209
G1 X-27.969 Y12.203 E.04209
G1 X-28.702 Y11.69 E.04209
G1 X-29.385 Y11.111 E.04209
G1 X-30.011 Y10.471 E.04209
G1 X-30.576 Y9.777 E.04209
G1 X-31.074 Y9.033 E.04209
G1 X-31.365 Y8.498 E.02864
G1 X-31.501 Y8.247 E.01344
G1 X-31.854 Y7.425 E.04209
G1 X-32.13 Y6.573 E.04209
G1 X-32.326 Y5.7 E.04209
G1 X-32.441 Y4.812 E.04209
G1 X-32.473 Y3.918 E.04209
G1 X-32.422 Y3.024 E.04209
G1 X-32.289 Y2.139 E.04209
G1 X-32.076 Y1.27 E.04209
G1 X-31.782 Y.424 E.04209
G1 X-31.413 Y-.39 E.04209
G1 X-30.969 Y-1.168 E.04209
G1 X-30.456 Y-1.901 E.04209
G1 X-29.877 Y-2.584 E.04209
G1 X-29.238 Y-3.21 E.04209
G1 X-28.543 Y-3.775 E.04209
G1 X-27.8 Y-4.273 E.04209
G1 X-27.013 Y-4.7 E.04209
G1 X-26.191 Y-5.053 E.04209
G1 X-25.339 Y-5.329 E.04209
G1 X-24.459 Y-5.527 E.04242
G1 X21.094 Y-13.559 E2.17515
G1 X21.989 Y-13.674 E.04243
G1 X22.883 Y-13.706 E.04209
G1 X23.491 Y-13.672 E.02864
G1 X23.777 Y-13.656 E.01344
G1 X24.662 Y-13.523 E.04209
G1 X25.531 Y-13.309 E.04209
G1 X26.376 Y-13.016 E.04209
G1 X27.191 Y-12.646 E.04209
G1 X27.969 Y-12.203 E.04209
G1 X28.702 Y-11.69 E.04209
G1 X29.385 Y-11.111 E.04209
G1 X30.011 Y-10.471 E.04209
G1 X30.576 Y-9.777 E.04209
G1 X31.074 Y-9.033 E.04209
G1 X31.355 Y-8.517 E.02766
SET_VELOCITY_LIMIT ACCEL=10000
G1 E-1.2 F2100
;WIPE_START
G1 F7200
G1 X31.501 Y-8.247
G1 X31.854 Y-7.425
G1 X32.1 Y-6.665
;WIPE_END
G1 X31.31 Y-6.009 Z3.2 F30000
G1 Z2.8
G1 E1.2 F2100
;TYPE:Sparse infill
G1 F6000
G1 X31.416 Y-5.539 E.02261
G1 X31.519 Y-4.736 E.03807
G1 X31.548 Y-3.927 E.03807
G1 X31.537 Y-3.719 E.0098
G1 X22.488 Y-12.768 E.60178
G1 X22.873 Y-12.782 E.01815
G1 X23.682 Y-12.737 E.03807
G1 X24.482 Y-12.616 E.03807
G1 X24.777 Y-12.544 E.01425
G1 X24.727 Y-6.213 F30000
G1 F6000
G1 X24.524 Y-6.371 E.01212
G1 X24.207 Y-6.551 E.01713
G1 X23.774 Y-6.724 E.02192
G1 X23.152 Y-6.84 E.02978
G1 X22.649 Y-6.83 E.02362
G1 X22.566 Y-6.814 E.00398
G1 X17.409 Y-11.971 E.34301
M73 P59 R2
G1 X12.413 Y-11.091 E.23852
G1 X20.181 Y-3.323 E.51654
G1 X20.212 Y-3.187 E.0066
G1 X20.423 Y-2.702 E.02485
G1 X20.678 Y-2.321 E.02159
G1 X21.18 Y-1.819 E.03335
G1 X21.572 Y-1.55 E.02237
G1 X22 Y-1.354 E.02216
G1 X22.205 Y-1.299 E.00994
G1 X27.104 Y3.6 E.32583
G1 X27.321 Y3.482 E.01162
G1 X27.994 Y3.031 E.03807
G1 X28.622 Y2.521 E.03807
G1 X29.2 Y1.954 E.03807
G1 X29.724 Y1.337 E.03807
G1 X30.133 Y.753 E.03352
G1 X25.788 Y-3.592 E.28896
G1 X25.67 Y-3.076 E.0249
G1 X25.416 Y-2.577 E.02632
G1 X25.115 Y-2.173 E.02372
G1 X24.752 Y-1.828 E.02352
G1 X24.574 Y-1.708 E.01008
G1 X11.065 Y-3.826 F30000
G1 F6000
G1 X10.995 Y-3.519 E.01477
G1 X10.741 Y-3.021 E.02632
G1 X10.44 Y-2.616 E.02372
G1 X10.077 Y-2.271 E.02352
G1 X9.72 Y-2.032 E.02021
G1 X17.558 Y5.806 E.52122
G1 X22.553 Y4.925 E.23852
G1 X7.418 Y-10.21 E1.00653
G1 X2.423 Y-9.329 E.23852
G1 X5.837 Y-5.915 E.22702
G1 X6.081 Y-6.248 E.01942
G1 X6.599 Y-6.734 E.03337
G1 X6.993 Y-6.98 E.02188
G1 X7.496 Y-7.18 E.02543
G1 X7.672 Y-7.214 E.00844
G1 X-7.022 Y-1.561 F30000
;TYPE:Gap infill
;WIDTH:0.165897
G1 F9000
G1 X-6.344 Y-1.402 E.00698
;WIDTH:0.141608
G1 X-6.072 Y-1.323 E.00228
G1 X-6.069 Y-1.333 F30000
;WIDTH:0.340261
G1 F9000
G1 X-6.637 Y-1.537 E.01463
;WIDTH:0.327617
G1 X-7.206 Y-1.74 E.01401
G1 X-7.28 Y-1.716 F30000
;WIDTH:0.168762
G1 F9000
G1 X-7.104 Y-1.665 E.00187
;WIDTH:0.192259
G1 X-6.929 Y-1.613 E.00222
;WIDTH:0.218075
G1 X-6.322 Y-1.459 E.00894
G1 X-6.287 Y-1.329 F30000
;WIDTH:0.289616
G1 F9000
G1 X-6.464 Y-1.405 E.00388
;WIDTH:0.311766
G1 X-6.642 Y-1.481 E.00423
;WIDTH:0.338146
G1 X-6.66 Y-1.545 E.0016
G1 X-6.621 Y-1.567 E.0011
;WIDTH:0.285577
G1 X-6.581 Y-1.59 E.0009
;WIDTH:0.240692
G1 X-6.542 Y-1.613 E.00073
;WIDTH:0.209166
G1 X-6.499 Y-1.622 E.00059
;WIDTH:0.177736
G1 X-6.324 Y-1.674 E.002
;WIDTH:0.136968
G1 X-6.162 Y-1.722 E.0013
G1 X-6.29 Y-1.734 F30000
;WIDTH:0.312955
G1 F9000
G1 X-6.408 Y-1.649 E.0032
;WIDTH:0.271035
G1 X-6.526 Y-1.564 E.0027
;WIDTH:0.229116
G1 X-6.644 Y-1.48 E.0022
;WIDTH:0.187196
G1 X-6.762 Y-1.395 E.00171
;WIDTH:0.146514
G1 X-6.97 Y-1.342 E.00182
G1 E-1.2 F2100
;WIPE_START
G1 F9000
G1 X-6.762 Y-1.395
;WIPE_END
G1 X-8.817 Y5.956 Z3.2 F30000
G1 X-10.14 Y10.69 Z3.2
G1 Z2.8
G1 E1.2 F2100
;TYPE:Sparse infill
;WIDTH:0.62
G1 F6000
G1 X-12.413 Y11.091 E.10855
G1 X-17.094 Y6.41 E.31127
G1 X-17.262 Y6.807 E.02029
G1 X-17.683 Y7.518 E.03886
G1 X-18.196 Y8.167 E.03886
G1 X-18.79 Y8.741 E.03886
G1 X-19.455 Y9.232 E.03886
G1 X-19.903 Y9.477 E.02403
G1 X-17.409 Y11.972 E.16589
G1 X-21.233 Y12.646 E.18262
G1 X-22.064 Y12.753 E.03941
G1 X-22.488 Y12.768 E.01992
G1 X-25.915 Y9.341 E.22794
G1 X-26.453 Y8.998 E.03
G1 X-27.084 Y8.464 E.03886
G1 X-27.638 Y7.851 E.03886
G1 X-28.126 Y7.13 E.04095
G1 X-31.537 Y3.719 E.2268
G1 X-31.548 Y3.927 E.00979
G1 X-31.519 Y4.736 E.03807
G1 X-31.416 Y5.539 E.03807
G1 X-31.31 Y6.009 E.02261
G1 X-28.923 Y3.326 F30000
G1 F6000
G1 X-28.914 Y3.193 E.00629
G1 X-28.75 Y2.383 E.03886
G1 X-28.479 Y1.602 E.03886
G1 X-28.243 Y1.137 E.02454
G1 X-30.133 Y-.753 E.12564
G1 X-29.724 Y-1.336 E.03352
G1 X-29.2 Y-1.954 E.03807
G1 X-28.622 Y-2.521 E.03807
G1 X-27.994 Y-3.031 E.03807
G1 X-27.321 Y-3.482 E.03807
G1 X-27.104 Y-3.6 E.01162
G1 X-25.179 Y-1.675 E.128
G1 X-25.007 Y-1.755 E.00894
G1 X-24.218 Y-2 E.03886
G1 X-23.403 Y-2.138 E.03886
G1 X-22.938 Y-2.153 E.02189
G1 X-20.28 Y-5.326 F30000
G1 F6000
G1 X-22.553 Y-4.925 E.10855
G1 X-7.418 Y10.21 E1.00653
G1 X-2.423 Y9.329 E.23852
G1 X-7.802 Y3.95 E.35776
G1 X-7.93 Y3.891 E.00662
G1 X-8.323 Y3.622 E.02238
G1 X-8.824 Y3.12 E.03335
G1 X-9.08 Y2.739 E.02159
G1 X-9.131 Y2.621 E.00604
G1 X-17.558 Y-5.806 E.56041
G1 X-12.563 Y-6.687 E.23852
G1 X-9.431 Y-3.555 E.20829
G1 X-9.464 Y-3.63 E.00386
G1 X-9.568 Y-4.091 E.02225
G1 X-9.593 Y-4.572 E.02262
G1 X-9.506 Y-5.146 E.02729
G1 X-9.36 Y-5.554 E.0204
G1 X-9.241 Y-5.783 E.01212
G1 X-8.188 Y-6.824 F30000
;TYPE:Gap infill
;WIDTH:0.509121
G1 F9000
G1 X-8.131 Y-6.994 E.00683
;WIDTH:0.530009
G1 X-8.074 Y-7.165 E.00713
;WIDTH:0.568186
G1 X-8.066 Y-7.187 E.001
;WIDTH:0.602764
G1 X-8.058 Y-7.209 E.00107
;WIDTH:0.637342
G1 X-8.049 Y-7.231 E.00114
;WIDTH:0.629924
G1 X-7.816 Y-7.297 E.0116
;WIDTH:0.580507
G1 X-7.583 Y-7.363 E.01062
;WIDTH:0.552273
G1 X-7.067 Y-7.461 E.02179
G1 X-6.779 Y-7.491 E.012
;WIDTH:0.602455
G1 X-6.534 Y-7.515 E.01124
;WIDTH:0.645536
G1 X-6.1 Y-7.516 E.02129
G1 X-4.846 Y-8.047 F30000
;TYPE:Sparse infill
;WIDTH:0.62
G1 F6000
G1 X-2.572 Y-8.448 E.10855
G1 X12.563 Y6.687 E1.00653
G1 X7.568 Y7.568 E.23852
G1 X-3.915 Y-3.915 E.76361
G1 X-4.005 Y-3.519 E.01907
G1 X-4.259 Y-3.021 E.02632
G1 X-4.56 Y-2.616 E.02372
G1 X-4.923 Y-2.271 E.02352
G1 X-5.335 Y-1.995 E.02333
G1 X-5.809 Y-1.789 E.02431
G1 X-5.569 Y-1.703 E.01199
G1 X-5.72 Y-1.28 E.02113
G1 X-5.295 Y-1.11 E.0215
G1 X-4.979 Y-.93 E.01713
G1 X-4.599 Y-.636 E.02261
G1 X-4.258 Y-.264 E.02373
G1 X-3.969 Y.189 E.02525
G1 X-3.764 Y.703 E.02604
G1 X-3.686 Y1.266 E.0267
G1 X-3.704 Y1.801 E.0252
G1 X-3.773 Y2.103 E.01456
G1 X2.572 Y8.448 E.42197
G1 X.299 Y8.849 E.10855
;LAYER_CHANGE
;Z:3
;HEIGHT:0.2
;BEFORE_LAYER_CHANGE
;3
G1 E-1.2 F2100
;WIPE_START
G1 F6000
G1 X2.269 Y8.502
;WIPE_END
;AFTER_LAYER_CHANGE
;3
;_SET_FAN_SPEED_CHANGING_LAYER
G17
G3 Z3.4 I.525 J-1.098 P1  F30000
G1 X-8.63 Y3.294 Z3.4
G1 Z3
G1 E1.2 F2100
SET_VELOCITY_LIMIT ACCEL=5000
;TYPE:Inner wall
G1 F9000
M73 P60 R2
G1 X-8.766 Y3.155 E.00913
G1 X-9.016 Y2.741 E.02278
G1 X-9.179 Y2.325 E.02096
G1 X-9.268 Y1.894 E.02072
G1 X-9.283 Y1.458 E.02052
G1 X-9.224 Y1.03 E.02032
G1 X-9.095 Y.622 E.02012
G1 X-8.895 Y.235 E.02049
G1 X-8.568 Y-.176 E.02467
G1 X-8.268 Y-.432 E.01854
G1 X-7.951 Y-.626 E.0175
G1 X-7.642 Y-.757 E.01578
G1 X-7.317 Y-.852 E.01595
G1 X-6.94 Y-.921 E.01802
G1 X-6.547 Y-.924 E.01848
G1 X-6.251 Y-.882 E.01404
G1 X-5.889 Y-.78 E.01768
G1 X-5.406 Y-.534 E.02552
G1 X-5.009 Y-.195 E.02453
G1 X-4.774 Y.099 E.01769
G1 X-4.611 Y.376 E.01516
G1 X-4.464 Y.743 E.01857
G1 X-4.333 Y1.368 E.03004
G1 X-4.331 Y1.774 E.0191
G1 X-4.416 Y2.25 E.02274
G1 X-4.569 Y2.649 E.02007
G1 X-4.793 Y3.025 E.02057
G1 X-5.171 Y3.438 E.02631
G1 X-5.5 Y3.681 E.01925
G1 X-5.783 Y3.834 E.01513
G1 X-6.184 Y3.983 E.02013
G1 X-6.621 Y4.064 E.02088
G1 X-7.087 Y4.071 E.0219
G1 X-7.576 Y3.976 E.02344
G1 X-8.023 Y3.776 E.02304
G1 X-8.422 Y3.508 E.02258
G1 X-8.605 Y3.32 E.01234
SET_VELOCITY_LIMIT ACCEL=10000
G1 X-8.217 Y2.891 F30000
SET_VELOCITY_LIMIT ACCEL=5000
;TYPE:Outer wall
G1 F7200
G1 X-8.306 Y2.8 E.00599
G1 X-8.497 Y2.484 E.01736
G1 X-8.623 Y2.161 E.0163
G1 X-8.693 Y1.825 E.01614
G1 X-8.704 Y1.487 E.0159
G1 X-8.659 Y1.157 E.01566
G1 X-8.56 Y.843 E.01548
G1 X-8.409 Y.55 E.0155
G1 X-8.152 Y.228 E.01937
G1 X-7.928 Y.037 E.01384
G1 X-7.687 Y-.112 E.01332
G1 X-7.448 Y-.212 E.01218
G1 X-7.183 Y-.29 E.01299
G1 X-6.885 Y-.344 E.01424
G1 X-6.585 Y-.346 E.01411
G1 X-6.37 Y-.316 E.01021
G1 F6600
G1 X-6.101 Y-.24 E.01314
G1 F5460
G1 X-5.728 Y-.051 E.01966
G1 F4260
G1 X-5.425 Y.208 E.01874
G1 F3480
G1 X-5.251 Y.427 E.01315
G1 F2880
G1 X-5.13 Y.631 E.01115
G1 F2280
G1 X-5.019 Y.911 E.01416
G1 X-4.909 Y1.43 E.02495
M106 S255
G1 F2820
G1 X-4.908 Y1.724 E.01383
G1 F3660
G1 X-4.975 Y2.095 E.01773
G1 F5280
G1 X-5.09 Y2.396 E.01515
G1 F6960
G1 X-5.259 Y2.679 E.0155
G1 F7200
G1 X-5.558 Y3.007 E.02087
G1 X-5.81 Y3.192 E.0147
G1 X-6.022 Y3.307 E.01134
G1 X-6.338 Y3.424 E.01585
G1 X-6.679 Y3.488 E.01632
G1 X-7.035 Y3.493 E.01674
G1 X-7.401 Y3.422 E.01753
G1 X-7.742 Y3.27 E.01756
G1 X-8.05 Y3.062 E.01748
G1 X-8.192 Y2.917 E.00954
SET_VELOCITY_LIMIT ACCEL=10000
G1 E-1.2 F2100
;WIPE_START
G1 F7200
G1 X-8.306 Y2.8
G1 X-8.497 Y2.484
G1 X-8.623 Y2.161
G1 X-8.693 Y1.825
G1 X-8.704 Y1.487
G1 X-8.659 Y1.157
G1 X-8.627 Y1.056
;WIPE_END
G1 X-5.877 Y-2.093 Z3.4 F30000
G1 Z3
G1 E1.2 F2100
SET_VELOCITY_LIMIT ACCEL=5000
;TYPE:Inner wall
G1 F9000
G1 X-5.955 Y-2.05 E.0042
G1 X-6.357 Y-1.902 E.02013
G1 X-6.793 Y-1.82 E.02088
G1 X-7.259 Y-1.813 E.0219
G1 X-7.748 Y-1.908 E.02344
G1 X-8.196 Y-2.108 E.02304
G1 X-8.594 Y-2.376 E.02258
G1 X-8.938 Y-2.729 E.02317
G1 X-9.189 Y-3.143 E.02278
G1 X-9.351 Y-3.559 E.02097
G1 X-9.44 Y-3.99 E.02072
G1 X-9.455 Y-4.426 E.02052
G1 X-9.397 Y-4.854 E.02032
G1 X-9.268 Y-5.262 E.02012
G1 X-9.068 Y-5.65 E.02049
G1 X-8.741 Y-6.06 E.02467
G1 X-8.441 Y-6.316 E.01854
G1 X-8.124 Y-6.51 E.0175
G1 X-7.815 Y-6.641 E.01578
G1 X-7.489 Y-6.736 E.01595
G1 X-7.112 Y-6.805 E.01802
G1 X-6.719 Y-6.808 E.01848
G1 X-6.423 Y-6.767 E.01404
G1 X-6.062 Y-6.665 E.01768
G1 X-5.578 Y-6.418 E.02552
G1 X-5.181 Y-6.079 E.02453
G1 X-4.947 Y-5.786 E.01769
G1 X-4.783 Y-5.508 E.01516
G1 X-4.637 Y-5.141 E.01857
G1 X-4.505 Y-4.516 E.03004
G1 X-4.503 Y-4.11 E.0191
G1 X-4.589 Y-3.634 E.02274
G1 X-4.742 Y-3.235 E.02007
G1 X-4.966 Y-2.859 E.02057
G1 X-5.343 Y-2.446 E.02631
G1 X-5.673 Y-2.204 E.01925
G1 X-5.845 Y-2.11 E.00924
SET_VELOCITY_LIMIT ACCEL=10000
G1 X-6.152 Y-2.6 F30000
SET_VELOCITY_LIMIT ACCEL=5000
;TYPE:Outer wall
G1 F7200
G1 X-6.194 Y-2.577 E.00225
G1 X-6.511 Y-2.46 E.01589
G1 X-6.851 Y-2.396 E.01627
G1 X-7.208 Y-2.391 E.01679
G1 X-7.573 Y-2.462 E.01749
G1 X-7.915 Y-2.615 E.01762
G1 X-8.222 Y-2.822 E.01741
G1 X-8.479 Y-3.084 E.01726
G1 X-8.67 Y-3.4 E.01736
G1 X-8.796 Y-3.723 E.0163
G1 X-8.865 Y-4.059 E.01613
G1 X-8.877 Y-4.397 E.0159
G1 X-8.831 Y-4.727 E.01567
G1 X-8.732 Y-5.042 E.01553
G1 X-8.581 Y-5.334 E.01546
G1 X-8.324 Y-5.657 E.01941
G1 X-8.101 Y-5.847 E.01378
G1 X-7.859 Y-5.996 E.01336
G1 X-7.621 Y-6.096 E.01214
G1 X-7.356 Y-6.174 E.01299
G1 X-7.058 Y-6.228 E.01424
G1 X-6.757 Y-6.23 E.01415
G1 X-6.542 Y-6.2 E.01021
G1 F6600
G1 X-6.273 Y-6.125 E.01313
G1 F5460
G1 X-5.901 Y-5.935 E.01964
G1 F4260
G1 X-5.598 Y-5.676 E.01874
G1 F3480
G1 X-5.423 Y-5.458 E.01315
G1 F2880
G1 X-5.303 Y-5.253 E.01117
G1 F2280
G1 X-5.191 Y-4.973 E.01418
G1 X-5.082 Y-4.455 E.02489
M106 S255
G1 F2820
G1 X-5.081 Y-4.16 E.01387
G1 F3660
G1 X-5.147 Y-3.789 E.01772
G1 F5280
G1 X-5.263 Y-3.488 E.01517
G1 F6960
G1 X-5.431 Y-3.205 E.01548
G1 F7200
G1 X-5.731 Y-2.877 E.0209
G1 X-5.983 Y-2.692 E.0147
G1 X-6.121 Y-2.617 E.00739
SET_VELOCITY_LIMIT ACCEL=10000
G1 E-1.2 F2100
;WIPE_START
G1 F7200
G1 X-6.194 Y-2.577
G1 X-6.511 Y-2.46
G1 X-6.851 Y-2.396
G1 X-7.208 Y-2.391
G1 X-7.573 Y-2.462
G1 X-7.915 Y-2.615
G1 X-8.022 Y-2.687
;WIPE_END
G1 X-.635 Y-4.604 Z3.4 F30000
G1 X7.751 Y-6.78 Z3.4
G1 Z3
G1 E1.2 F2100
SET_VELOCITY_LIMIT ACCEL=5000
;TYPE:Inner wall
G1 F9000
G1 X7.888 Y-6.805 E.00655
G1 X8.281 Y-6.808 E.01848
G1 X8.577 Y-6.767 E.01404
G1 X8.938 Y-6.665 E.01768
G1 X9.422 Y-6.418 E.02552
G1 X9.819 Y-6.079 E.02453
G1 X10.053 Y-5.786 E.01769
G1 X10.217 Y-5.508 E.01516
G1 X10.363 Y-5.141 E.01857
G1 X10.495 Y-4.516 E.03004
G1 X10.497 Y-4.11 E.0191
G1 X10.411 Y-3.634 E.02274
G1 X10.258 Y-3.235 E.02007
G1 X10.034 Y-2.859 E.02057
G1 X9.657 Y-2.446 E.02631
G1 X9.327 Y-2.204 E.01924
G1 X9.045 Y-2.05 E.01513
G1 X8.643 Y-1.902 E.02013
G1 X8.207 Y-1.82 E.02088
G1 X7.741 Y-1.813 E.0219
G1 X7.252 Y-1.908 E.02344
G1 X6.804 Y-2.108 E.02304
G1 X6.406 Y-2.376 E.02258
G1 X6.062 Y-2.729 E.02317
G1 X5.811 Y-3.143 E.02278
G1 X5.649 Y-3.559 E.02097
G1 X5.56 Y-3.99 E.02072
G1 X5.545 Y-4.426 E.02052
G1 X5.603 Y-4.854 E.02032
G1 X5.732 Y-5.262 E.02012
G1 X5.932 Y-5.65 E.02049
G1 X6.259 Y-6.06 E.02467
G1 X6.559 Y-6.316 E.01854
G1 X6.876 Y-6.51 E.0175
G1 X7.185 Y-6.641 E.01578
G1 X7.511 Y-6.736 E.01595
G1 X7.716 Y-6.774 E.00978
SET_VELOCITY_LIMIT ACCEL=10000
G1 X7.855 Y-6.212 F30000
SET_VELOCITY_LIMIT ACCEL=5000
;TYPE:Outer wall
G1 F7200
G1 X7.942 Y-6.228 E.00416
G1 X8.243 Y-6.23 E.01415
G1 X8.458 Y-6.2 E.01021
G1 F6600
G1 X8.727 Y-6.125 E.01313
G1 F5460
G1 X9.099 Y-5.935 E.01964
G1 F4260
G1 X9.402 Y-5.676 E.01874
G1 F3480
G1 X9.577 Y-5.458 E.01315
G1 F2880
G1 X9.697 Y-5.253 E.01117
G1 F2280
G1 X9.809 Y-4.973 E.01418
G1 X9.918 Y-4.455 E.02489
M106 S255
G1 F2820
G1 X9.919 Y-4.16 E.01387
G1 F3660
G1 X9.853 Y-3.789 E.01772
G1 F5280
G1 X9.737 Y-3.488 E.01517
G1 F6960
G1 X9.569 Y-3.205 E.01548
G1 F7200
G1 X9.269 Y-2.877 E.0209
G1 X9.017 Y-2.692 E.0147
G1 X8.806 Y-2.577 E.0113
G1 X8.489 Y-2.46 E.01589
G1 X8.149 Y-2.396 E.01627
G1 X7.792 Y-2.391 E.01679
G1 X7.427 Y-2.462 E.01749
G1 X7.085 Y-2.615 E.01762
G1 X6.778 Y-2.822 E.01741
G1 X6.521 Y-3.084 E.01726
G1 X6.33 Y-3.4 E.01736
G1 X6.204 Y-3.723 E.0163
G1 X6.135 Y-4.059 E.01613
G1 X6.123 Y-4.397 E.0159
G1 X6.169 Y-4.727 E.01567
G1 X6.268 Y-5.042 E.01553
G1 X6.419 Y-5.334 E.01546
G1 X6.676 Y-5.657 E.01941
G1 X6.899 Y-5.847 E.01378
G1 X7.141 Y-5.996 E.01336
G1 X7.379 Y-6.096 E.01214
G1 X7.644 Y-6.174 E.01299
G1 X7.819 Y-6.206 E.00837
SET_VELOCITY_LIMIT ACCEL=10000
G1 E-1.2 F2100
;WIPE_START
G1 F7200
G1 X7.942 Y-6.228
G1 X8.243 Y-6.23
G1 X8.458 Y-6.2
G1 X8.727 Y-6.125
G1 X9.099 Y-5.935
G1 X9.402 Y-5.676
G1 X9.566 Y-5.472
;WIPE_END
G1 X17.182 Y-5.961 Z3.4 F30000
G1 X22.143 Y-6.28 Z3.4
G1 Z3
G1 E1.2 F2100
SET_VELOCITY_LIMIT ACCEL=5000
;TYPE:Inner wall
G1 F9000
G1 X22.186 Y-6.293 E.00209
G1 X22.563 Y-6.362 E.01802
G1 X22.956 Y-6.365 E.01848
G1 X23.252 Y-6.323 E.01404
G1 X23.613 Y-6.221 E.01768
G1 X24.097 Y-5.975 E.02552
G1 X24.494 Y-5.636 E.02453
G1 X24.728 Y-5.342 E.01769
G1 X24.892 Y-5.064 E.01516
G1 X25.038 Y-4.698 E.01857
G1 X25.17 Y-4.073 E.03004
G1 X25.172 Y-3.666 E.0191
G1 X25.086 Y-3.19 E.02274
G1 X24.933 Y-2.792 E.02007
G1 X24.709 Y-2.416 E.02057
G1 X24.332 Y-2.003 E.02631
G1 X24.002 Y-1.76 E.01925
G1 X23.72 Y-1.607 E.01513
G1 X23.318 Y-1.458 E.02013
G1 X22.882 Y-1.377 E.02088
G1 X22.416 Y-1.37 E.02191
G1 X21.927 Y-1.465 E.02344
G1 X21.479 Y-1.665 E.02304
G1 X21.081 Y-1.933 E.02258
G1 X20.737 Y-2.286 E.02317
G1 X20.486 Y-2.7 E.02278
G1 X20.324 Y-3.115 E.02097
G1 X20.235 Y-3.547 E.02072
G1 X20.22 Y-3.983 E.02052
G1 X20.279 Y-4.411 E.02032
G1 X20.407 Y-4.819 E.02012
G1 X20.607 Y-5.206 E.02049
G1 X20.934 Y-5.616 E.02467
G1 X21.234 Y-5.872 E.01854
G1 X21.551 Y-6.067 E.0175
G1 X21.86 Y-6.198 E.01578
G1 X22.109 Y-6.27 E.01216
SET_VELOCITY_LIMIT ACCEL=10000
G1 X22.305 Y-5.726 F30000
SET_VELOCITY_LIMIT ACCEL=5000
;TYPE:Outer wall
G1 F7200
G1 X22.319 Y-5.731 E.0007
G1 X22.617 Y-5.785 E.01424
G1 X22.918 Y-5.787 E.01415
G1 X23.133 Y-5.757 E.01021
G1 F6600
G1 X23.402 Y-5.681 E.01314
G1 F5460
G1 X23.774 Y-5.491 E.01964
G1 F4260
G1 X24.077 Y-5.233 E.01871
G1 F3480
G1 X24.252 Y-5.014 E.01318
G1 F2880
G1 X24.372 Y-4.81 E.01113
G1 F2280
G1 X24.484 Y-4.53 E.01418
G1 X24.593 Y-4.011 E.02494
M106 S255
G1 F2820
G1 X24.594 Y-3.717 E.01383
G1 F3660
G1 X24.528 Y-3.346 E.01772
G1 F5280
G1 X24.412 Y-3.045 E.01517
G1 F6960
G1 X24.244 Y-2.762 E.01548
G1 F7200
G1 X23.944 Y-2.434 E.0209
G1 X23.692 Y-2.248 E.01473
G1 X23.481 Y-2.134 E.01128
G1 X23.164 Y-2.017 E.01589
G1 X22.824 Y-1.953 E.01627
G1 X22.467 Y-1.947 E.01679
G1 X22.102 Y-2.019 E.01749
G1 X21.76 Y-2.171 E.0176
G1 X21.453 Y-2.378 E.01741
G1 X21.196 Y-2.641 E.01729
G1 X21.006 Y-2.957 E.01734
G1 X20.879 Y-3.28 E.01632
G1 X20.81 Y-3.615 E.01608
G1 X20.798 Y-3.953 E.0159
G1 X20.844 Y-4.284 E.01571
G1 X20.943 Y-4.598 E.01548
G1 X21.094 Y-4.891 E.0155
G1 X21.351 Y-5.213 E.01937
G1 X21.574 Y-5.404 E.01381
G1 X21.816 Y-5.552 E.01334
G1 X22.054 Y-5.653 E.01216
G1 X22.271 Y-5.716 E.01063
SET_VELOCITY_LIMIT ACCEL=10000
G1 E-1.2 F2100
;WIPE_START
G1 F7200
G1 X22.319 Y-5.731
G1 X22.617 Y-5.785
G1 X22.918 Y-5.787
G1 X23.133 Y-5.757
G1 X23.402 Y-5.681
G1 X23.774 Y-5.491
G1 X24.077 Y-5.233
G1 X24.098 Y-5.207
;WIPE_END
G1 X16.485 Y-4.658 Z3.4 F30000
G1 X-23.141 Y-1.8 Z3.4
G1 Z3
G1 E1.2 F2100
SET_VELOCITY_LIMIT ACCEL=5000
;TYPE:Inner wall
G1 F9000
G1 X-23.127 Y-1.8 E.00068
G1 X-22.588 Y-1.818 E.02534
G1 X-21.812 Y-1.74 E.03668
G1 X-21.054 Y-1.56 E.03668
G1 X-20.326 Y-1.279 E.03668
G1 X-19.642 Y-.904 E.03668
G1 X-19.014 Y-.442 E.03668
G1 X-18.453 Y.101 E.03668
G1 X-17.97 Y.713 E.03668
G1 X-17.572 Y1.384 E.03668
G1 X-17.268 Y2.102 E.03668
G1 X-17.061 Y2.854 E.03668
G1 X-16.958 Y3.627 E.03668
G1 X-16.958 Y4.407 E.03668
G1 X-17.061 Y5.18 E.03668
G1 X-17.268 Y5.933 E.03668
G1 X-17.572 Y6.651 E.03668
G1 X-17.97 Y7.322 E.03668
G1 X-18.453 Y7.934 E.03668
G1 X-19.014 Y8.476 E.03668
G1 X-19.642 Y8.939 E.03668
G1 X-20.326 Y9.314 E.03668
G1 X-21.054 Y9.594 E.03668
G1 X-21.812 Y9.775 E.03668
G1 X-22.588 Y9.853 E.03668
G1 X-23.368 Y9.827 E.03668
G1 X-24.137 Y9.697 E.03668
G1 X-24.882 Y9.466 E.03668
G1 X-25.59 Y9.138 E.03668
G1 X-26.247 Y8.718 E.03668
G1 X-26.843 Y8.215 E.03668
G1 X-27.366 Y7.636 E.03668
G1 X-27.807 Y6.993 E.03668
G1 X-28.159 Y6.297 E.03668
G1 X-28.415 Y5.56 E.03668
G1 X-28.571 Y4.796 E.03668
G1 X-28.623 Y4.017 E.03668
G1 X-28.571 Y3.239 E.03668
G1 X-28.415 Y2.475 E.03668
G1 X-28.159 Y1.738 E.03668
G1 X-27.807 Y1.042 E.03668
G1 X-27.366 Y.399 E.03668
G1 X-26.843 Y-.18 E.03668
G1 X-26.247 Y-.683 E.03668
G1 X-25.59 Y-1.103 E.03668
G1 X-24.882 Y-1.432 E.03668
G1 X-24.137 Y-1.663 E.03668
G1 X-23.368 Y-1.792 E.03668
G1 X-23.177 Y-1.799 E.00897
SET_VELOCITY_LIMIT ACCEL=10000
G1 X-23.122 Y-1.223 F30000
SET_VELOCITY_LIMIT ACCEL=5000
;TYPE:Outer wall
G1 F7200
G1 X-23.108 Y-1.224 E.00068
G1 X-22.608 Y-1.24 E.02352
G1 X-21.909 Y-1.17 E.03305
G1 X-21.225 Y-1.007 E.03305
G1 X-20.569 Y-.755 E.03305
G1 X-19.953 Y-.417 E.03305
G1 X-19.387 Y0 E.03305
G1 X-18.882 Y.489 E.03305
G1 X-18.446 Y1.04 E.03305
G1 X-18.088 Y1.645 E.03305
G1 X-17.814 Y2.292 E.03305
G1 X-17.628 Y2.97 E.03305
G1 X-17.535 Y3.666 E.03305
G1 X-17.535 Y4.369 E.03305
G1 X-17.628 Y5.065 E.03305
G1 X-17.814 Y5.743 E.03305
G1 X-18.088 Y6.39 E.03305
G1 X-18.446 Y6.995 E.03305
G1 X-18.882 Y7.546 E.03305
G1 X-19.387 Y8.035 E.03305
G1 X-19.953 Y8.452 E.03305
G1 X-20.569 Y8.789 E.03305
G1 X-21.225 Y9.042 E.03305
G1 X-21.909 Y9.205 E.03305
G1 X-22.608 Y9.275 E.03305
G1 X-23.31 Y9.252 E.03305
G1 X-24.003 Y9.135 E.03305
G1 X-24.674 Y8.927 E.03305
G1 X-25.312 Y8.631 E.03305
G1 X-25.904 Y8.253 E.03305
G1 X-26.441 Y7.799 E.03305
G1 X-26.912 Y7.278 E.03305
G1 X-27.31 Y6.698 E.03305
G1 X-27.627 Y6.071 E.03305
G1 X-27.857 Y5.407 E.03305
G1 X-27.997 Y4.719 E.03305
G1 X-28.044 Y4.017 E.03305
G1 X-27.997 Y3.316 E.03305
G1 X-27.857 Y2.628 E.03305
G1 X-27.627 Y1.964 E.03305
G1 X-27.31 Y1.336 E.03305
G1 X-26.912 Y.757 E.03305
G1 X-26.441 Y.236 E.03305
G1 X-25.904 Y-.218 E.03305
G1 X-25.312 Y-.596 E.03305
G1 X-24.674 Y-.892 E.03305
G1 X-24.003 Y-1.1 E.03305
G1 X-23.31 Y-1.217 E.03305
G1 X-23.158 Y-1.222 E.00716
SET_VELOCITY_LIMIT ACCEL=10000
G1 E-1.2 F2100
;WIPE_START
G1 F7200
G1 X-23.108 Y-1.224
G1 X-22.608 Y-1.24
G1 X-21.909 Y-1.17
G1 X-21.225 Y-1.007
G1 X-21.184 Y-.991
;WIPE_END
G1 X-13.623 Y-2.033 Z3.4 F30000
G1 X30.887 Y-8.168 Z3.4
G1 Z3
M73 P61 R2
G1 E1.2 F2100
SET_VELOCITY_LIMIT ACCEL=5000
;TYPE:Inner wall
G1 F9000
G1 X30.981 Y-7.995 E.00927
G1 X31.314 Y-7.222 E.03958
G1 X31.573 Y-6.421 E.03958
G1 X31.757 Y-5.6 E.03958
G1 X31.865 Y-4.765 E.03958
G1 X31.895 Y-3.924 E.03958
G1 X31.848 Y-3.084 E.03958
G1 X31.723 Y-2.251 E.03958
G1 X31.522 Y-1.434 E.03958
G1 X31.246 Y-.639 E.03958
G1 X30.898 Y.128 E.03958
G1 X30.587 Y.674 E.02956
G1 X30.481 Y.859 E.01002
G1 X29.998 Y1.548 E.03958
G1 X29.454 Y2.19 E.03958
G1 X28.853 Y2.779 E.03958
G1 X28.2 Y3.31 E.03958
G1 X27.501 Y3.779 E.03958
G1 X26.761 Y4.181 E.03958
G1 X25.988 Y4.513 E.03958
G1 X25.187 Y4.772 E.03958
G1 X24.346 Y4.961 E.04054
G1 X-21.181 Y12.988 E2.1739
G1 X-22.036 Y13.099 E.04054
G1 X-22.877 Y13.129 E.03958
G1 X-23.717 Y13.081 E.03958
G1 X-24.55 Y12.957 E.03958
G1 X-25.367 Y12.755 E.03958
G1 X-26.162 Y12.48 E.03958
G1 X-26.929 Y12.132 E.03958
G1 X-27.66 Y11.715 E.03958
G1 X-28.349 Y11.232 E.03958
G1 X-28.991 Y10.688 E.03958
G1 X-29.58 Y10.087 E.03958
G1 X-29.977 Y9.599 E.02956
G1 X-30.111 Y9.434 E.01002
G1 X-30.58 Y8.734 E.03958
G1 X-30.982 Y7.995 E.03958
G1 X-31.314 Y7.222 E.03958
G1 X-31.573 Y6.421 E.03958
G1 X-31.757 Y5.6 E.03958
G1 X-31.865 Y4.765 E.03958
G1 X-31.895 Y3.924 E.03958
G1 X-31.848 Y3.084 E.03958
G1 X-31.723 Y2.251 E.03958
G1 X-31.522 Y1.434 E.03958
G1 X-31.246 Y.639 E.03958
G1 X-30.898 Y-.128 E.03958
G1 X-30.481 Y-.859 E.03958
G1 X-29.998 Y-1.548 E.03958
G1 X-29.454 Y-2.19 E.03958
G1 X-28.853 Y-2.779 E.03958
G1 X-28.2 Y-3.31 E.03958
G1 X-27.501 Y-3.779 E.03958
G1 X-26.761 Y-4.181 E.03958
G1 X-25.988 Y-4.513 E.03958
G1 X-25.187 Y-4.772 E.03958
G1 X-24.346 Y-4.961 E.04054
G1 X21.181 Y-12.988 E2.1739
G1 X22.036 Y-13.099 E.04054
G1 X22.877 Y-13.129 E.03958
G1 X23.505 Y-13.093 E.02956
G1 X23.717 Y-13.081 E.01002
G1 X24.55 Y-12.956 E.03958
G1 X25.367 Y-12.755 E.03958
G1 X26.162 Y-12.48 E.03958
G1 X26.929 Y-12.132 E.03958
G1 X27.66 Y-11.715 E.03958
G1 X28.349 Y-11.232 E.03958
G1 X28.991 Y-10.688 E.03958
G1 X29.58 Y-10.087 E.03958
G1 X30.111 Y-9.434 E.03958
G1 X30.58 Y-8.734 E.03958
G1 X30.87 Y-8.2 E.02861
SET_VELOCITY_LIMIT ACCEL=10000
G1 X31.394 Y-8.444 F30000
SET_VELOCITY_LIMIT ACCEL=5000
;TYPE:Outer wall
G1 F7200
G1 X31.501 Y-8.247 E.01053
G1 X31.854 Y-7.425 E.04209
G1 X32.13 Y-6.573 E.04209
G1 X32.326 Y-5.7 E.04209
G1 X32.441 Y-4.812 E.04209
G1 X32.473 Y-3.918 E.04209
G1 X32.422 Y-3.024 E.04209
G1 X32.289 Y-2.139 E.04209
G1 X32.076 Y-1.27 E.04209
G1 X31.782 Y-.424 E.04209
G1 X31.413 Y.391 E.04209
G1 X31.088 Y.96 E.03082
G1 X30.969 Y1.168 E.01127
G1 X30.456 Y1.901 E.04209
G1 X29.877 Y2.584 E.04209
G1 X29.238 Y3.21 E.04209
G1 X28.543 Y3.775 E.04209
G1 X27.8 Y4.273 E.04209
G1 X27.013 Y4.7 E.04209
G1 X26.191 Y5.053 E.04209
G1 X25.339 Y5.329 E.04209
G1 X24.459 Y5.527 E.04242
G1 X-21.094 Y13.559 E2.17516
G1 X-21.989 Y13.674 E.04242
G1 X-22.883 Y13.707 E.04209
G1 X-23.777 Y13.656 E.04209
G1 X-24.662 Y13.523 E.04209
G1 X-25.531 Y13.309 E.04209
G1 X-26.376 Y13.016 E.04209
G1 X-27.191 Y12.646 E.04209
G1 X-27.969 Y12.203 E.04209
G1 X-28.702 Y11.69 E.04209
G1 X-29.385 Y11.111 E.04209
G1 X-30.011 Y10.471 E.04209
G1 X-30.424 Y9.963 E.03082
G1 X-30.576 Y9.777 E.01127
G1 X-31.074 Y9.033 E.04209
G1 X-31.501 Y8.247 E.04209
G1 X-31.854 Y7.425 E.04209
G1 X-32.13 Y6.573 E.04209
G1 X-32.326 Y5.7 E.04209
G1 X-32.441 Y4.812 E.04209
G1 X-32.473 Y3.918 E.04209
G1 X-32.422 Y3.024 E.04209
G1 X-32.289 Y2.139 E.04209
G1 X-32.076 Y1.27 E.04209
G1 X-31.782 Y.424 E.04209
G1 X-31.413 Y-.39 E.04209
G1 X-30.969 Y-1.168 E.04209
G1 X-30.456 Y-1.901 E.04209
G1 X-29.877 Y-2.584 E.04209
G1 X-29.238 Y-3.21 E.04209
G1 X-28.543 Y-3.775 E.04209
G1 X-27.8 Y-4.273 E.04209
G1 X-27.013 Y-4.7 E.04209
G1 X-26.191 Y-5.053 E.04209
G1 X-25.339 Y-5.329 E.04209
G1 X-24.459 Y-5.527 E.04242
G1 X21.094 Y-13.559 E2.17515
G1 X21.988 Y-13.674 E.04243
G1 X22.883 Y-13.706 E.04209
G1 X23.537 Y-13.67 E.03082
G1 X23.777 Y-13.656 E.01127
G1 X24.662 Y-13.523 E.04209
G1 X25.531 Y-13.309 E.04209
G1 X26.376 Y-13.016 E.04209
G1 X27.191 Y-12.646 E.04209
G1 X27.969 Y-12.203 E.04209
G1 X28.702 Y-11.69 E.04209
G1 X29.385 Y-11.111 E.04209
G1 X30.011 Y-10.471 E.04209
G1 X30.576 Y-9.777 E.04209
G1 X31.074 Y-9.033 E.04209
G1 X31.377 Y-8.475 E.02987
SET_VELOCITY_LIMIT ACCEL=10000
G1 E-1.2 F2100
;WIPE_START
G1 F7200
G1 X31.501 Y-8.247
G1 X31.854 Y-7.425
G1 X32.115 Y-6.621
;WIPE_END
G1 X30.556 Y-6.562 Z3.4 F30000
G1 Z3
G1 E1.2 F2100
;TYPE:Sparse infill
G1 F6000
G1 X30.681 Y-6.177 E.01904
G1 X30.847 Y-5.439 E.03556
G1 X30.944 Y-4.689 E.03556
G1 X30.958 Y-4.298 E.01838
G1 X23.063 Y-12.194 E.52505
G1 X22.868 Y-12.205 E.00919
G1 X22.112 Y-12.177 E.03556
G1 X21.32 Y-12.075 E.03754
G1 X17.907 Y-11.473 E.16299
G1 X22.154 Y-7.226 E.28248
G1 X21.973 Y-7.192 E.00869
G1 X21.55 Y-7.069 E.02069
G1 X21.128 Y-6.891 E.02156
G1 X20.689 Y-6.622 E.02419
G1 X20.268 Y-6.261 E.02609
G1 X19.828 Y-5.711 E.03312
G1 X19.551 Y-5.172 E.02849
G1 X19.374 Y-4.614 E.02752
G1 X19.316 Y-4.188 E.02023
G1 X12.912 Y-10.593 E.42592
G1 X7.916 Y-9.712 E.23852
G1 X22.055 Y4.427 E.94027
G1 X19.782 Y4.828 E.10855
G1 X20.607 Y-1.476 F30000
G1 F6000
G1 X21.111 Y-1.151 E.0282
G1 X21.551 Y-.965 E.02244
G1 X21.985 Y-.839 E.02126
G1 X22.479 Y-.75 E.02361
G1 X22.756 Y-.748 E.01303
G1 X26.679 Y3.175 E.26087
G1 X27.022 Y2.988 E.01838
G1 X27.65 Y2.567 E.03556
G1 X28.237 Y2.09 E.03556
G1 X28.777 Y1.56 E.03556
G1 X29.266 Y.984 E.03557
G1 X29.716 Y.336 E.03707
G1 X26 Y-3.38 E.24712
G1 X26.094 Y-3.942 E.02678
G1 X26.093 Y-4.171 E.01078
G1 X25.925 Y-4.966 E.03822
G1 X25.723 Y-5.472 E.02561
G1 X25.646 Y-5.603 E.00714
G1 E-1.2 F2100
;WIPE_START
G1 F6000
G1 X25.723 Y-5.472
G1 X25.925 Y-4.966
G1 X26.093 Y-4.171
G1 X26.094 Y-3.942
G1 X26.051 Y-3.684
;WIPE_END
G1 X19.8 Y-3.516 Z3.4 F30000
G1 Z3
G1 E1.2 F2100
SET_VELOCITY_LIMIT ACCEL=7000
;TYPE:Internal solid infill
;WIDTH:0.55292
G1 F9000
G1 X19.931 Y-3.009 E.02175
G1 X20.149 Y-2.542 E.02145
G1 X19.935 Y-2.995 E.02083
G1 X19.807 Y-3.484 E.021
G1 X19.76 Y-3.992 E.02121
G1 X19.824 Y-4.498 E.0212
G1 X19.975 Y-4.982 E.02104
G1 X20.21 Y-5.443 E.02154
M73 P62 R2
G1 X20.557 Y-5.889 E.02347
G1 X20.935 Y-6.252 E.02179
G1 X21.376 Y-6.532 E.0217
G1 X21.845 Y-6.721 E.021
G1 X22.39 Y-6.846 E.02323
G1 X22.903 Y-6.856 E.02135
G1 X23.349 Y-6.789 E.01875
G1 X23.782 Y-6.652 E.01887
G1 X24.337 Y-6.37 E.02585
G1 X24.814 Y-5.97 E.02591
G1 X25.116 Y-5.594 E.02002
G1 X25.312 Y-5.256 E.01625
G1 X25.485 Y-4.817 E.01959
G1 X25.628 Y-4.139 E.0288
G1 X25.605 Y-3.627 E.02132
G1 X25.479 Y-3.092 E.02282
G1 X25.296 Y-2.626 E.0208
G1 X25.024 Y-2.194 E.0212
G1 X24.585 Y-1.733 E.02646
G1 X25.012 Y-2.179 E.02566
G1 X25.287 Y-2.61 E.02123
G1 X25.475 Y-3.077 E.02093
G1 X25.597 Y-3.567 E.02097
G1 X25.629 Y-4.104 E.02236
G1 X25.485 Y-4.817 E.03024
G1 X25.301 Y-5.279 E.02067
G1 X25.102 Y-5.614 E.01618
G1 X24.814 Y-5.97 E.019
G1 X24.371 Y-6.348 E.02424
G1 X23.782 Y-6.652 E.02752
G1 X23.289 Y-6.803 E.02142
G1 X22.881 Y-6.857 E.01713
G1 X22.39 Y-6.846 E.02042
G1 X21.86 Y-6.726 E.02256
G1 X21.385 Y-6.536 E.02125
G1 X20.959 Y-6.271 E.02085
G1 X20.569 Y-5.903 E.02229
G1 X20.227 Y-5.47 E.02293
G1 X19.986 Y-5.009 E.02165
G1 X19.831 Y-4.527 E.02104
G1 X19.759 Y-4.021 E.02122
G1 X19.797 Y-3.552 E.01956
SET_VELOCITY_LIMIT ACCEL=10000
G1 X7.792 Y-1.195 F30000
;TYPE:Sparse infill
;WIDTH:0.62
G1 F6000
G1 X8.365 Y-1.189 E.02696
G1 X8.919 Y-1.281 E.0264
G1 X9.48 Y-1.477 E.02795
G1 X9.976 Y-1.776 E.02723
G1 X17.06 Y5.308 E.47109
G1 X12.065 Y6.189 E.23852
G1 X-2.074 Y-7.95 E.94027
G1 X2.921 Y-8.831 E.23852
G1 X5.351 Y-6.401 E.16157
G1 X5.153 Y-6.154 E.01488
G1 X4.876 Y-5.615 E.02849
G1 X4.699 Y-5.057 E.02752
G1 X4.618 Y-4.461 E.02833
G1 X4.645 Y-4.264 E.00932
G1 X5.474 Y-2.985 F30000
SET_VELOCITY_LIMIT ACCEL=7000
;TYPE:Internal solid infill
;WIDTH:0.55292
G1 F9000
G1 X5.26 Y-3.438 E.02083
G1 X5.132 Y-3.927 E.021
G1 X5.085 Y-4.435 E.02121
G1 X5.149 Y-4.941 E.0212
G1 X5.299 Y-5.425 E.02104
G1 X5.535 Y-5.887 E.02154
G1 X5.882 Y-6.332 E.02347
G1 X6.26 Y-6.695 E.02179
G1 X6.701 Y-6.975 E.0217
G1 X7.17 Y-7.164 E.021
G1 X7.715 Y-7.289 E.02323
G1 X8.228 Y-7.3 E.02135
G1 X8.674 Y-7.233 E.01875
G1 X9.107 Y-7.095 E.01887
G1 X9.662 Y-6.814 E.02585
G1 X10.139 Y-6.413 E.02591
G1 X10.441 Y-6.037 E.02002
G1 X10.637 Y-5.699 E.01625
G1 X10.81 Y-5.261 E.01959
G1 X10.953 Y-4.582 E.0288
G1 X10.93 Y-4.07 E.02132
G1 X10.804 Y-3.535 E.02282
G1 X10.621 Y-3.07 E.0208
G1 X10.349 Y-2.638 E.0212
G1 X9.91 Y-2.177 E.02646
G1 X10.337 Y-2.623 E.02566
G1 X10.612 Y-3.053 E.02123
G1 X10.8 Y-3.521 E.02093
G1 X10.922 Y-4.01 E.02097
G1 X10.954 Y-4.547 E.02237
G1 X10.81 Y-5.261 E.03024
G1 X10.626 Y-5.723 E.02067
G1 X10.427 Y-6.058 E.01618
G1 X10.139 Y-6.413 E.019
G1 X9.695 Y-6.791 E.02424
G1 X9.107 Y-7.095 E.02752
G1 X8.614 Y-7.246 E.02142
G1 X8.206 Y-7.301 E.01713
G1 X7.715 Y-7.289 E.02042
G1 X7.185 Y-7.169 E.02256
G1 X6.71 Y-6.98 E.02125
G1 X6.284 Y-6.715 E.02085
G1 X5.894 Y-6.347 E.02229
G1 X5.552 Y-5.914 E.02293
G1 X5.311 Y-5.452 E.02165
G1 X5.156 Y-4.97 E.02104
G1 X5.084 Y-4.464 E.02122
G1 X5.125 Y-3.959 E.02106
G1 X5.256 Y-3.453 E.02175
G1 X5.459 Y-3.018 E.01995
SET_VELOCITY_LIMIT ACCEL=10000
G1 X-3.967 Y-5.941 F30000
;TYPE:Sparse infill
;WIDTH:0.62
G1 F6000
G1 X-3.75 Y-5.409 E.02701
G1 X-3.582 Y-4.614 E.03821
G1 X-3.581 Y-4.385 E.01078
G1 X-3.649 Y-3.923 E.02198
G1 X-3.705 Y-3.705 E.01055
G1 X7.069 Y7.069 E.71654
G1 X2.074 Y7.95 E.23852
G1 X-3.566 Y2.31 E.37511
G1 X-3.76 Y2.842 E.02662
G1 X-4.059 Y3.343 E.02746
G1 X-4.337 Y3.676 E.02036
G1 X-4.728 Y4.033 E.02493
G1 X-5.347 Y4.407 E.03404
G1 X-5.909 Y4.603 E.02795
G1 X-6.462 Y4.695 E.0264
G1 X-7.069 Y4.683 E.02855
G1 X-2.921 Y8.831 E.27587
G1 X-5.194 Y9.232 E.10855
G1 E-1.2 F2100
;WIPE_START
G1 F6000
G1 X-3.225 Y8.885
;WIPE_END
G1 X-5.323 Y1.546 Z3.4 F30000
G1 X-6.101 Y-1.175 Z3.4
G1 Z3
G1 E1.2 F2100
;TYPE:Gap infill
;WIDTH:0.16143
G1 F9000
G1 X-6.238 Y-1.22 E.00139
;WIDTH:0.181419
G1 X-6.374 Y-1.265 E.00162
;WIDTH:0.221399
G1 X-6.511 Y-1.31 E.00209
;WIDTH:0.251974
G1 X-6.559 Y-1.322 E.00085
;WIDTH:0.282567
G1 X-6.597 Y-1.341 E.00082
;WIDTH:0.32069
G1 X-6.634 Y-1.36 E.00095
;WIDTH:0.358813
G1 X-6.671 Y-1.379 E.00108
;WIDTH:0.356008
G1 X-6.641 Y-1.407 E.00107
;WIDTH:0.312274
G1 X-6.61 Y-1.435 E.00092
;WIDTH:0.268539
G1 X-6.579 Y-1.463 E.00077
;WIDTH:0.224805
G1 X-6.548 Y-1.491 E.00062
;WIDTH:0.181533
G1 X-6.401 Y-1.543 E.00176
;WIDTH:0.138724
G1 X-6.254 Y-1.595 E.00122
G1 X-6.466 Y-1.399 F30000
;WIDTH:0.368351
G1 F9000
G1 X-6.951 Y-1.369 E.01288
;WIDTH:0.341803
G1 X-7.155 Y-1.454 E.00538
;WIDTH:0.321171
G1 X-7.359 Y-1.538 E.00501
G1 X-9.44 Y-.564 F30000
;TYPE:Sparse infill
;WIDTH:0.62
G1 F6000
G1 X-9.674 Y-.27 E.01768
G1 X-9.952 Y.269 E.02849
G1 X-10.128 Y.827 E.02752
G1 X-10.21 Y1.424 E.02833
G1 X-10.191 Y1.561 E.00653
G1 X-17.06 Y-5.308 E.4568
G1 X-12.065 Y-6.189 E.23852
G1 X-10.377 Y-4.501 E.11225
G1 X-10.301 Y-3.864 E.03017
G1 X-10.115 Y-3.276 E.02898
G1 X-9.752 Y-2.626 E.03502
G1 X-9.554 Y-2.395 E.01432
G1 X-8.449 Y-7.087 F30000
;TYPE:Gap infill
;WIDTH:0.694498
G1 F9000
G1 X-8.002 Y-7.222 E.02478
;WIDTH:0.655181
G1 X-7.193 Y-7.388 E.04118
G1 X-6.809 Y-7.425 E.01926
;WIDTH:0.688071
G1 X-6.477 Y-7.456 E.01755
G1 X-5.806 Y-7.761 F30000
SET_VELOCITY_LIMIT ACCEL=7000
;TYPE:Internal solid infill
;WIDTH:0.55292
G1 F9000
G1 X21.25 Y-12.532 E1.14179
G1 X22.066 Y-12.637 E.03417
G1 X22.864 Y-12.666 E.0332
G1 X23.662 Y-12.622 E.0332
G1 X24.452 Y-12.504 E.0332
G1 X25.228 Y-12.314 E.0332
G1 X25.983 Y-12.053 E.0332
G1 X26.711 Y-11.724 E.0332
G1 X27.405 Y-11.328 E.0332
G1 X28.06 Y-10.871 E.0332
G1 X28.67 Y-10.355 E.0332
G1 X29.23 Y-9.784 E.0332
G1 X29.734 Y-9.165 E.0332
G1 X30.18 Y-8.502 E.0332
G1 X30.562 Y-7.8 E.0332
G1 X30.878 Y-7.066 E.0332
G1 X31.125 Y-6.307 E.0332
G1 X31.3 Y-5.527 E.0332
G1 X31.403 Y-4.735 E.0332
G1 X31.433 Y-3.937 E.0332
G1 X31.388 Y-3.139 E.0332
G1 X31.27 Y-2.349 E.0332
G1 X31.08 Y-1.573 E.0332
G1 X30.819 Y-.818 E.0332
G1 X30.49 Y-.09 E.0332
G1 X30.095 Y.605 E.0332
G1 X29.637 Y1.259 E.0332
G1 X29.121 Y1.869 E.0332
G1 X28.551 Y2.429 E.0332
G1 X27.931 Y2.933 E.0332
G1 X27.268 Y3.379 E.0332
G1 X26.566 Y3.761 E.0332
G1 X25.833 Y4.077 E.0332
G1 X25.073 Y4.324 E.0332
G1 X24.255 Y4.508 E.03483
G1 X-21.247 Y12.531 E1.92016
G1 X-22.066 Y12.637 E.03433
G1 X-22.866 Y12.659 E.03324
SET_VELOCITY_LIMIT ACCEL=10000
G1 X-31.31 Y6.009 F30000
;TYPE:Sparse infill
;WIDTH:0.62
G1 F6000
G1 X-31.416 Y5.539 E.02261
G1 X-31.519 Y4.736 E.03807
G1 X-31.548 Y3.927 E.03807
G1 X-31.537 Y3.719 E.00979
G1 X-28.126 Y7.13 E.2268
G1 X-27.638 Y7.851 E.04095
G1 X-27.084 Y8.464 E.03886
G1 X-26.453 Y8.998 E.03886
G1 X-25.915 Y9.341 E.03
G1 X-23.063 Y12.194 E.18971
G1 X-22.868 Y12.205 E.00918
G1 X-22.112 Y12.177 E.03556
G1 X-21.32 Y12.075 E.03753
G1 X-17.907 Y11.473 E.163
G1 X-19.478 Y9.902 E.10449
G1 X-19.144 Y9.719 E.01792
G1 X-18.416 Y9.183 E.04249
G1 X-17.767 Y8.555 E.04249
G1 X-17.207 Y7.846 E.04249
G1 X-16.746 Y7.068 E.04249
G1 X-16.654 Y6.85 E.01113
G1 X-12.912 Y10.593 E.24887
G1 X-7.916 Y9.712 E.23852
G1 X-16.869 Y.759 E.59538
G1 X-17.207 Y.189 E.03115
G1 X-17.767 Y-.52 E.04249
G1 X-18.416 Y-1.148 E.04249
G1 X-19.144 Y-1.684 E.04249
G1 X-19.517 Y-1.889 E.02002
G1 X-22.055 Y-4.427 E.16879
G1 X-24.327 Y-4.019 E.10854
G1 X-24.858 Y-4.373 F30000
SET_VELOCITY_LIMIT ACCEL=7000
;TYPE:Internal solid infill
;WIDTH:0.55292
G1 F9000
M73 P63 R2
G1 X-24.255 Y-4.508 E.02569
G1 X-9.261 Y-7.152 E.63273
SET_VELOCITY_LIMIT ACCEL=10000
G1 X-9.2 Y3.141 F30000
SET_VELOCITY_LIMIT ACCEL=7000
G1 F9000
G1 X-9.354 Y2.899 E.01191
G1 X-9.568 Y2.446 E.02083
G1 X-9.695 Y1.957 E.021
G1 X-9.743 Y1.449 E.02121
G1 X-9.678 Y.943 E.0212
G1 X-9.528 Y.459 E.02104
G1 X-9.293 Y-.002 E.02154
G1 X-8.946 Y-.448 E.02347
G1 X-8.567 Y-.811 E.02179
G1 X-8.127 Y-1.092 E.0217
G1 X-7.979 Y-1.215 E.008
G1 X-7.934 Y-1.416 E.00854
SET_VELOCITY_LIMIT ACCEL=10000
G1 E-1.2 F2100
;WIPE_START
G1 F9000
G1 X-7.979 Y-1.215
G1 X-8.127 Y-1.092
G1 X-8.567 Y-.811
G1 X-8.946 Y-.448
G1 X-9.287 Y-.01
;WIPE_END
G1 X-8.837 Y-6.616 Z3.4 F30000
G1 Z3
G1 E1.2 F2100
SET_VELOCITY_LIMIT ACCEL=7000
G1 F9000
G1 X-9.118 Y-6.332 E.01661
G1 X-9.448 Y-5.914 E.02215
G1 X-9.689 Y-5.452 E.02165
G1 X-9.844 Y-4.97 E.02104
G1 X-9.916 Y-4.464 E.02122
G1 X-9.875 Y-3.959 E.02106
G1 X-9.744 Y-3.453 E.02175
G1 X-9.526 Y-2.985 E.02145
G1 X-9.392 Y-2.774 E.01041
SET_VELOCITY_LIMIT ACCEL=10000
G1 E-1.2 F2100
;WIPE_START
G1 F9000
G1 X-9.526 Y-2.985
G1 X-9.744 Y-3.453
G1 X-9.875 Y-3.959
G1 X-9.916 Y-4.464
G1 X-9.887 Y-4.666
;WIPE_END
G1 X-5.881 Y-7.09 Z3.4 F30000
G1 Z3
G1 E1.2 F2100
SET_VELOCITY_LIMIT ACCEL=7000
G1 F9000
G1 X-5.338 Y-6.814 E.02532
G1 X-4.861 Y-6.413 E.02591
G1 X-4.559 Y-6.037 E.02002
G1 X-4.363 Y-5.699 E.01625
G1 X-4.19 Y-5.261 E.01959
G1 X-4.047 Y-4.582 E.0288
G1 X-4.07 Y-4.07 E.02132
G1 X-4.196 Y-3.535 E.02282
G1 X-4.379 Y-3.07 E.0208
G1 X-4.651 Y-2.638 E.0212
G1 X-5.09 Y-2.177 E.02646
G1 X-5.237 Y-2.073 E.00748
G1 X-5.544 Y-1.705 E.01992
G1 X-5.608 Y-1.705 E.00265
G1 X-5.64 Y-1.649 E.00265
G1 X-5.608 Y-1.594 E.00265
G1 X-5.544 Y-1.594 E.00265
G1 X-5.512 Y-1.649 E.00265
G1 X-5.591 Y-1.171 E.02015
G1 X-5.148 Y-.92 E.02116
G1 X-4.688 Y-.529 E.02508
G1 X-4.386 Y-.153 E.02002
G1 X-4.19 Y.185 E.01625
G1 X-4.018 Y.624 E.01959
G1 X-3.875 Y1.302 E.0288
G1 X-3.897 Y1.814 E.02132
G1 X-4.024 Y2.349 E.02282
G1 X-4.207 Y2.815 E.0208
G1 X-4.478 Y3.246 E.0212
G1 X-4.917 Y3.707 E.02646
G1 X-5.035 Y3.791 E.00598
SET_VELOCITY_LIMIT ACCEL=10000
G1 E-1.2 F2100
;WIPE_START
G1 F9000
G1 X-4.917 Y3.707
G1 X-4.478 Y3.246
G1 X-4.207 Y2.815
G1 X-4.024 Y2.349
G1 X-3.976 Y2.146
;WIPE_END
G1 X-11.383 Y.307 Z3.4 F30000
G1 X-23.516 Y-2.704 Z3.4
G1 Z3
G1 E1.2 F2100
;TYPE:Sparse infill
;WIDTH:0.62
G1 F6000
G1 X-24.352 Y-2.563 E.03987
G1 X-25.32 Y-2.262 E.04767
G1 X-25.32 Y-1.816 E.02101
G1 X-27.104 Y-3.6 E.11866
G1 X-27.321 Y-3.482 E.01162
G1 X-27.994 Y-3.031 E.03807
G1 X-28.622 Y-2.521 E.03807
G1 X-29.2 Y-1.954 E.03807
G1 X-29.724 Y-1.336 E.03807
G1 X-30.133 Y-.753 E.03352
G1 X-28.243 Y1.137 E.12564
G1 X-28.479 Y1.602 E.02454
G1 X-28.75 Y2.383 E.03886
G1 X-28.914 Y3.193 E.03886
G1 X-28.923 Y3.326 E.00629
G1 X-24.858 Y-1.922 F30000
SET_VELOCITY_LIMIT ACCEL=7000
;TYPE:Internal solid infill
;WIDTH:0.55292
G1 F9000
G1 X-24.255 Y-2.109 E.02622
G1 X-23.426 Y-2.251 E.03498
G1 X-22.585 Y-2.28 E.03498
G1 X-21.747 Y-2.198 E.03498
G1 X-20.928 Y-2.004 E.03498
G1 X-20.142 Y-1.703 E.03498
G1 X-19.403 Y-1.3 E.03498
G1 X-18.724 Y-.802 E.03498
G1 X-18.118 Y-.218 E.03498
G1 X-17.595 Y.442 E.03498
G1 X-17.165 Y1.165 E.03498
G1 X-16.835 Y1.94 E.03498
G1 X-16.611 Y2.751 E.03498
G1 X-16.497 Y3.585 E.03498
G1 X-16.496 Y4.427 E.03498
G1 X-16.607 Y5.261 E.03498
G1 X-16.827 Y6.073 E.03498
G1 X-17.155 Y6.849 E.03498
G1 X-17.582 Y7.574 E.03498
G1 X-18.103 Y8.235 E.03498
G1 X-18.707 Y8.822 E.03498
G1 X-19.383 Y9.322 E.03498
G1 X-20.121 Y9.728 E.03498
G1 X-20.906 Y10.032 E.03498
G1 X-21.724 Y10.229 E.03498
G1 X-22.561 Y10.314 E.03498
G1 X-22.872 Y10.305 E.01292
;LAYER_CHANGE
;Z:3.2
;HEIGHT:0.2
;BEFORE_LAYER_CHANGE
;3.2
G1 E-1.2 F2100
;WIPE_START
G1 F9000
G1 X-22.561 Y10.314
G1 X-21.724 Y10.229
G1 X-20.906 Y10.032
G1 X-20.9 Y10.03
;WIPE_END
;AFTER_LAYER_CHANGE
;3.2
;_SET_FAN_SPEED_CHANGING_LAYER
SET_VELOCITY_LIMIT ACCEL=10000
G17
G3 Z3.6 I.618 J1.048 P1  F30000
G1 X-8.715 Y2.848 Z3.6
G1 Z3.2
G1 E1.2 F2100
SET_VELOCITY_LIMIT ACCEL=5000
;TYPE:Inner wall
;WIDTH:0.62
G1 F9000
G1 X-8.818 Y2.727 E.00745
G1 X-9.091 Y2.24 E.02626
G1 X-9.224 Y1.817 E.02083
G1 X-9.284 Y1.381 E.02072
G1 X-9.256 Y.866 E.02423
G1 X-9.159 Y.459 E.0197
G1 X-9.013 Y.101 E.01814
G1 X-8.766 Y-.308 E.02251
G1 X-8.422 Y-.661 E.02317
G1 X-8.023 Y-.929 E.02258
G1 X-7.6 Y-1.118 E.02178
G1 X-7.366 Y-1.178 E.01136
G1 X-7.083 Y-1.223 E.01347
G1 X-6.629 Y-1.217 E.02139
G1 X-6.254 Y-1.153 E.0179
G1 X-5.868 Y-1.025 E.01911
G1 X-5.495 Y-.832 E.01975
G1 X-5.071 Y-.499 E.02536
G1 X-4.786 Y-.165 E.02064
G1 X-4.569 Y.198 E.01988
G1 X-4.419 Y.589 E.01968
G1 X-4.339 Y.995 E.01949
G1 X-4.328 Y1.406 E.01929
G1 X-4.383 Y1.779 E.01773
G1 X-4.47 Y2.117 E.01644
G1 X-4.593 Y2.436 E.01606
G1 X-4.815 Y2.807 E.02034
G1 X-5.006 Y3.036 E.01402
G1 X-5.283 Y3.29 E.01768
G1 X-5.742 Y3.567 E.02519
G1 X-6.138 Y3.705 E.01971
G1 X-6.535 Y3.771 E.01895
G1 X-6.938 Y3.768 E.01895
G1 X-7.306 Y3.702 E.01758
G1 X-7.642 Y3.604 E.01644
G1 X-7.959 Y3.47 E.01621
G1 X-8.331 Y3.231 E.02078
G1 X-8.562 Y3.026 E.01454
G1 X-8.692 Y2.875 E.00934
SET_VELOCITY_LIMIT ACCEL=10000
G1 X-8.276 Y2.472 F30000
SET_VELOCITY_LIMIT ACCEL=5000
;TYPE:Outer wall
G1 F5940
G1 X-8.342 Y2.396 E.00473
G1 F6540
G1 X-8.558 Y2.01 E.0208
G1 F7200
G1 X-8.659 Y1.69 E.01578
G1 X-8.705 Y1.357 E.01581
G1 X-8.683 Y.95 E.01917
G1 X-8.608 Y.636 E.01518
G1 X-8.496 Y.361 E.01396
G1 X-8.306 Y.047 E.01726
G1 X-8.05 Y-.215 E.01723
G1 X-7.742 Y-.422 E.01745
G1 X-7.409 Y-.571 E.01716
G1 X-7.249 Y-.612 E.00777
G1 X-7.042 Y-.645 E.00986
G1 X-6.681 Y-.641 E.01698
G1 X-6.394 Y-.591 E.0137
G1 X-6.092 Y-.492 E.01495
G1 X-5.808 Y-.345 E.01504
G1 X-5.473 Y-.08 E.02009
G1 X-5.256 Y.173 E.01567
G1 X-5.09 Y.451 E.01523
G1 X-4.976 Y.75 E.01505
G1 X-4.914 Y1.059 E.01482
G1 X-4.906 Y1.371 E.01468
G1 X-4.95 Y1.664 E.01393
G1 X-5.021 Y1.941 E.01345
G1 X-5.114 Y2.182 E.01215
G1 X-5.287 Y2.473 E.01592
G1 X-5.424 Y2.637 E.01005
G1 F6420
G1 X-5.63 Y2.826 E.01315
G1 F5280
G1 X-5.989 Y3.042 E.0197
G1 F4380
G1 X-6.281 Y3.144 E.01454
G1 F3540
G1 X-6.581 Y3.194 E.0143
G1 F2700
G1 X-6.885 Y3.191 E.0143
G1 F2280
G1 X-7.174 Y3.139 E.01381
G1 X-7.448 Y3.059 E.01342
G1 X-7.689 Y2.958 E.01229
M106 S255
G1 F3000
G1 X-7.982 Y2.77 E.01637
G1 F4020
G1 X-8.15 Y2.621 E.01056
G1 F4980
G1 X-8.253 Y2.5 E.00747
SET_VELOCITY_LIMIT ACCEL=10000
G1 E-1.2 F2100
;WIPE_START
G1 F4980
G1 X-8.342 Y2.396
G1 X-8.558 Y2.01
G1 X-8.659 Y1.69
G1 X-8.705 Y1.357
G1 X-8.683 Y.95
G1 X-8.608 Y.636
G1 X-8.601 Y.619
;WIPE_END
G1 X-5.739 Y-2.423 Z3.6 F30000
G1 Z3.2
G1 E1.2 F2100
SET_VELOCITY_LIMIT ACCEL=5000
;TYPE:Inner wall
G1 F9000
G1 X-5.914 Y-2.317 E.00963
G1 X-6.31 Y-2.179 E.01971
G1 X-6.708 Y-2.113 E.01895
G1 X-7.111 Y-2.116 E.01895
G1 X-7.479 Y-2.182 E.01758
G1 X-7.814 Y-2.28 E.01644
G1 X-8.132 Y-2.414 E.01621
G1 X-8.504 Y-2.653 E.02078
G1 X-8.735 Y-2.858 E.01454
G1 X-8.99 Y-3.157 E.01848
G1 X-9.263 Y-3.644 E.02626
G1 X-9.397 Y-4.067 E.02083
G1 X-9.456 Y-4.503 E.02072
G1 X-9.429 Y-5.018 E.02423
G1 X-9.331 Y-5.425 E.0197
G1 X-9.186 Y-5.783 E.01814
G1 X-8.938 Y-6.192 E.02251
G1 X-8.594 Y-6.545 E.02317
G1 X-8.196 Y-6.813 E.02258
G1 X-7.773 Y-7.002 E.02178
G1 X-7.539 Y-7.062 E.01136
G1 X-7.256 Y-7.107 E.01347
G1 X-6.801 Y-7.102 E.02139
G1 X-6.426 Y-7.037 E.0179
G1 X-6.04 Y-6.909 E.01911
G1 X-5.667 Y-6.716 E.01975
G1 X-5.243 Y-6.383 E.02536
G1 X-4.958 Y-6.049 E.02064
G1 X-4.742 Y-5.686 E.01988
G1 X-4.592 Y-5.295 E.01969
G1 X-4.511 Y-4.889 E.01949
G1 X-4.501 Y-4.479 E.01929
G1 X-4.556 Y-4.105 E.01773
G1 X-4.643 Y-3.767 E.01644
G1 X-4.766 Y-3.448 E.01606
G1 X-4.987 Y-3.077 E.02034
G1 X-5.178 Y-2.848 E.01402
G1 X-5.456 Y-2.594 E.01768
G1 X-5.708 Y-2.441 E.01387
SET_VELOCITY_LIMIT ACCEL=10000
G1 X-6.037 Y-2.917 F30000
SET_VELOCITY_LIMIT ACCEL=5000
;TYPE:Outer wall
G1 F5280
G1 X-6.161 Y-2.842 E.00681
G1 F4380
G1 X-6.453 Y-2.74 E.01454
G1 F3540
G1 X-6.753 Y-2.691 E.01429
G1 F2700
G1 X-7.057 Y-2.693 E.0143
G1 F2280
G1 X-7.346 Y-2.745 E.01381
G1 X-7.621 Y-2.825 E.01347
G1 X-7.862 Y-2.927 E.01231
M106 S255
G1 F3000
G1 X-8.154 Y-3.114 E.01631
G1 F4020
G1 X-8.322 Y-3.263 E.01056
G1 F4980
G1 X-8.515 Y-3.489 E.01398
G1 F6540
G1 X-8.731 Y-3.874 E.02076
G1 F7200
G1 X-8.831 Y-4.194 E.01577
G1 X-8.877 Y-4.527 E.01581
G1 X-8.855 Y-4.935 E.01921
G1 X-8.78 Y-5.248 E.01514
G1 X-8.668 Y-5.523 E.01396
G1 X-8.479 Y-5.837 E.01723
G1 X-8.222 Y-6.099 E.01726
G1 X-7.915 Y-6.307 E.01744
G1 X-7.582 Y-6.455 E.01714
G1 X-7.421 Y-6.497 E.00782
G1 X-7.214 Y-6.529 E.00985
G1 X-6.854 Y-6.525 E.01693
G1 X-6.566 Y-6.476 E.01374
G1 X-6.265 Y-6.376 E.01492
G1 X-5.981 Y-6.229 E.01504
G1 X-5.645 Y-5.965 E.02009
G1 X-5.429 Y-5.712 E.01564
G1 X-5.263 Y-5.433 E.01527
G1 X-5.148 Y-5.134 E.01506
G1 X-5.087 Y-4.825 E.01481
G1 X-5.079 Y-4.513 E.01468
G1 X-5.122 Y-4.22 E.01393
G1 X-5.193 Y-3.943 E.01345
G1 X-5.286 Y-3.702 E.01215
G1 X-5.46 Y-3.411 E.01594
G1 X-5.597 Y-3.247 E.01005
G1 F6420
G1 X-5.803 Y-3.058 E.01315
G1 F5340
G1 X-6.006 Y-2.936 E.01114
SET_VELOCITY_LIMIT ACCEL=10000
G1 E-1.2 F2100
;WIPE_START
G1 F5340
G1 X-6.161 Y-2.842
G1 X-6.453 Y-2.74
G1 X-6.753 Y-2.691
G1 X-7.057 Y-2.693
G1 X-7.346 Y-2.745
G1 X-7.621 Y-2.825
G1 X-7.862 Y-2.927
G1 X-7.913 Y-2.959
;WIPE_END
G1 X-.527 Y-4.883 Z3.6 F30000
G1 X8.001 Y-7.104 Z3.6
G1 Z3.2
G1 E1.2 F2100
SET_VELOCITY_LIMIT ACCEL=5000
;TYPE:Inner wall
G1 F9000
G1 X8.199 Y-7.102 E.00931
G1 X8.574 Y-7.037 E.0179
G1 X8.96 Y-6.909 E.01911
G1 X9.333 Y-6.716 E.01976
G1 X9.757 Y-6.383 E.02536
G1 X10.042 Y-6.049 E.02064
G1 X10.258 Y-5.686 E.01988
G1 X10.408 Y-5.295 E.01968
G1 X10.489 Y-4.889 E.01949
G1 X10.499 Y-4.479 E.01929
G1 X10.444 Y-4.105 E.01773
G1 X10.357 Y-3.767 E.01644
G1 X10.234 Y-3.448 E.01606
G1 X10.013 Y-3.077 E.02034
G1 X9.822 Y-2.848 E.01402
G1 X9.544 Y-2.594 E.01768
G1 X9.086 Y-2.317 E.02519
G1 X8.69 Y-2.179 E.01971
G1 X8.292 Y-2.113 E.01895
G1 X7.889 Y-2.116 E.01895
G1 X7.521 Y-2.182 E.01758
G1 X7.186 Y-2.28 E.01644
G1 X6.868 Y-2.414 E.01621
G1 X6.496 Y-2.653 E.02078
G1 X6.265 Y-2.858 E.01454
G1 X6.01 Y-3.157 E.01848
G1 X5.737 Y-3.644 E.02626
G1 X5.603 Y-4.067 E.02083
G1 X5.544 Y-4.503 E.02072
G1 X5.571 Y-5.018 E.02423
G1 X5.669 Y-5.425 E.0197
G1 X5.814 Y-5.783 E.01814
G1 X6.062 Y-6.192 E.02251
G1 X6.406 Y-6.545 E.02317
G1 X6.804 Y-6.813 E.02258
G1 X7.227 Y-7.002 E.02178
G1 X7.461 Y-7.062 E.01136
G1 X7.744 Y-7.107 E.01347
G1 X7.965 Y-7.104 E.01038
SET_VELOCITY_LIMIT ACCEL=10000
G1 X7.994 Y-6.527 F30000
SET_VELOCITY_LIMIT ACCEL=5000
;TYPE:Outer wall
G1 F7200
G1 X8.146 Y-6.525 E.00715
G1 X8.434 Y-6.476 E.01374
G1 X8.735 Y-6.376 E.01492
G1 X9.019 Y-6.229 E.01504
G1 X9.355 Y-5.965 E.02009
G1 X9.571 Y-5.712 E.01564
G1 X9.737 Y-5.433 E.01527
G1 X9.852 Y-5.134 E.01506
G1 X9.913 Y-4.825 E.01481
G1 X9.921 Y-4.513 E.01468
G1 X9.878 Y-4.22 E.01393
G1 X9.807 Y-3.943 E.01345
G1 X9.714 Y-3.702 E.01215
G1 X9.54 Y-3.411 E.01594
G1 X9.403 Y-3.247 E.01005
G1 F6420
G1 X9.197 Y-3.058 E.01315
G1 F5280
G1 X8.839 Y-2.842 E.01966
G1 F4380
G1 X8.547 Y-2.74 E.01454
G1 F3540
G1 X8.247 Y-2.691 E.01429
G1 F2700
G1 X7.943 Y-2.693 E.0143
G1 F2280
G1 X7.654 Y-2.745 E.01381
G1 X7.379 Y-2.825 E.01347
G1 X7.138 Y-2.927 E.01231
M106 S255
G1 F3000
G1 X6.846 Y-3.114 E.01631
G1 F4020
G1 X6.678 Y-3.263 E.01056
G1 F4980
G1 X6.485 Y-3.489 E.01398
G1 F6540
G1 X6.269 Y-3.874 E.02076
G1 F7200
G1 X6.169 Y-4.194 E.01577
G1 X6.123 Y-4.527 E.01581
G1 X6.145 Y-4.935 E.01921
G1 X6.22 Y-5.248 E.01514
G1 X6.332 Y-5.523 E.01396
G1 X6.521 Y-5.837 E.01723
G1 X6.778 Y-6.099 E.01726
M73 P64 R2
G1 X7.085 Y-6.307 E.01744
G1 X7.418 Y-6.455 E.01714
G1 X7.579 Y-6.497 E.00782
G1 X7.786 Y-6.529 E.00985
G1 X7.958 Y-6.527 E.00809
SET_VELOCITY_LIMIT ACCEL=10000
G1 E-1.2 F2100
;WIPE_START
G1 F7200
G1 X8.146 Y-6.525
G1 X8.434 Y-6.476
G1 X8.735 Y-6.376
G1 X9.019 Y-6.229
G1 X9.355 Y-5.965
G1 X9.571 Y-5.712
G1 X9.634 Y-5.606
;WIPE_END
G1 X17.242 Y-6.215 Z3.6 F30000
G1 X22.064 Y-6.6 Z3.6
G1 Z3.2
G1 E1.2 F2100
SET_VELOCITY_LIMIT ACCEL=5000
;TYPE:Inner wall
G1 F9000
G1 X22.136 Y-6.619 E.00352
G1 X22.419 Y-6.664 E.01347
G1 X22.874 Y-6.658 E.02138
G1 X23.249 Y-6.594 E.0179
G1 X23.635 Y-6.466 E.01911
G1 X24.008 Y-6.273 E.01976
G1 X24.432 Y-5.94 E.02536
G1 X24.717 Y-5.606 E.02064
G1 X24.933 Y-5.243 E.01988
G1 X25.083 Y-4.852 E.01968
G1 X25.164 Y-4.445 E.01949
G1 X25.174 Y-4.035 E.01929
G1 X25.119 Y-3.662 E.01773
G1 X25.032 Y-3.324 E.01644
G1 X24.909 Y-3.005 E.01606
G1 X24.688 Y-2.633 E.02034
G1 X24.497 Y-2.404 E.01402
G1 X24.219 Y-2.151 E.01768
G1 X23.761 Y-1.874 E.02519
G1 X23.365 Y-1.736 E.01971
G1 X22.967 Y-1.67 E.01895
G1 X22.564 Y-1.673 E.01895
G1 X22.196 Y-1.739 E.01758
G1 X21.861 Y-1.837 E.01644
G1 X21.543 Y-1.971 E.01621
G1 X21.171 Y-2.21 E.02078
G1 X20.94 Y-2.415 E.01454
G1 X20.685 Y-2.714 E.01848
G1 X20.412 Y-3.201 E.02626
G1 X20.279 Y-3.624 E.02083
G1 X20.219 Y-4.06 E.02072
G1 X20.246 Y-4.575 E.02423
G1 X20.344 Y-4.982 E.0197
G1 X20.489 Y-5.339 E.01814
G1 X20.737 Y-5.749 E.02251
G1 X21.081 Y-6.102 E.02317
G1 X21.479 Y-6.37 E.02258
G1 X21.902 Y-6.559 E.02178
G1 X22.029 Y-6.591 E.00614
SET_VELOCITY_LIMIT ACCEL=10000
G1 X22.208 Y-6.042 F30000
SET_VELOCITY_LIMIT ACCEL=5000
;TYPE:Outer wall
G1 F7200
G1 X22.254 Y-6.053 E.00222
G1 X22.461 Y-6.086 E.00986
G1 X22.821 Y-6.082 E.01693
G1 X23.109 Y-6.032 E.01375
G1 X23.41 Y-5.933 E.0149
G1 X23.694 Y-5.786 E.01504
G1 X24.03 Y-5.521 E.02012
G1 X24.246 Y-5.268 E.01564
G1 X24.412 Y-4.99 E.01523
G1 X24.527 Y-4.691 E.01506
G1 X24.588 Y-4.381 E.01486
G1 X24.596 Y-4.07 E.01463
G1 X24.553 Y-3.776 E.01397
G1 X24.482 Y-3.5 E.0134
G1 X24.389 Y-3.258 E.01219
G1 X24.215 Y-2.968 E.0159
G1 X24.078 Y-2.804 E.01005
G1 F6420
G1 X23.872 Y-2.615 E.01315
G1 F5280
G1 X23.514 Y-2.399 E.01966
G1 F4380
G1 X23.222 Y-2.297 E.01454
G1 F3540
G1 X22.922 Y-2.247 E.0143
G1 F2700
G1 X22.618 Y-2.249 E.0143
G1 F2280
G1 X22.329 Y-2.302 E.01382
G1 X22.054 Y-2.382 E.01347
G1 X21.813 Y-2.483 E.01229
M106 S255
G1 F3000
G1 X21.521 Y-2.671 E.01633
G1 F4020
G1 X21.353 Y-2.82 E.01056
G1 F4980
G1 X21.16 Y-3.045 E.01394
G1 F6540
G1 X20.944 Y-3.431 E.0208
G1 F7200
G1 X20.844 Y-3.75 E.01572
G1 X20.798 Y-4.084 E.01585
G1 X20.82 Y-4.491 E.01917
G1 X20.895 Y-4.805 E.01518
G1 X21.007 Y-5.08 E.01396
G1 X21.196 Y-5.393 E.01719
G1 X21.453 Y-5.656 E.01729
G1 X21.76 Y-5.863 E.01741
G1 X22.093 Y-6.012 E.01716
G1 X22.173 Y-6.033 E.00389
SET_VELOCITY_LIMIT ACCEL=10000
G1 E-1.2 F2100
;WIPE_START
G1 F7200
G1 X22.254 Y-6.053
G1 X22.461 Y-6.086
G1 X22.821 Y-6.082
G1 X23.109 Y-6.032
G1 X23.41 Y-5.933
G1 X23.694 Y-5.786
G1 X24.022 Y-5.527
;WIPE_END
G1 X16.413 Y-4.926 Z3.6 F30000
G1 X-23.175 Y-1.799 Z3.6
G1 Z3.2
G1 E1.2 F2100
SET_VELOCITY_LIMIT ACCEL=5000
;TYPE:Inner wall
G1 F9000
G1 X-23.16 Y-1.799 E.00072
G1 X-22.588 Y-1.818 E.02689
G1 X-21.812 Y-1.74 E.03668
G1 X-21.054 Y-1.56 E.03668
G1 X-20.326 Y-1.279 E.03668
G1 X-19.642 Y-.904 E.03668
G1 X-19.014 Y-.442 E.03668
G1 X-18.453 Y.101 E.03668
G1 X-17.97 Y.713 E.03668
G1 X-17.572 Y1.384 E.03668
G1 X-17.268 Y2.102 E.03668
G1 X-17.061 Y2.854 E.03668
G1 X-16.958 Y3.627 E.03668
G1 X-16.958 Y4.407 E.03668
G1 X-17.061 Y5.18 E.03668
G1 X-17.268 Y5.933 E.03668
G1 X-17.572 Y6.651 E.03668
G1 X-17.97 Y7.322 E.03668
G1 X-18.453 Y7.934 E.03668
G1 X-19.014 Y8.476 E.03668
G1 X-19.642 Y8.939 E.03668
G1 X-20.326 Y9.314 E.03668
G1 X-21.054 Y9.594 E.03668
G1 X-21.812 Y9.775 E.03668
G1 X-22.588 Y9.853 E.03668
G1 X-23.368 Y9.827 E.03668
G1 X-24.137 Y9.697 E.03668
G1 X-24.882 Y9.466 E.03668
G1 X-25.59 Y9.138 E.03668
G1 X-26.247 Y8.718 E.03668
G1 X-26.843 Y8.215 E.03668
G1 X-27.366 Y7.636 E.03668
G1 X-27.484 Y7.465 E.00979
G1 X-27.807 Y6.993 E.02689
G1 X-28.159 Y6.297 E.03668
G1 X-28.415 Y5.56 E.03668
G1 X-28.571 Y4.796 E.03668
G1 X-28.623 Y4.017 E.03668
G1 X-28.571 Y3.239 E.03668
G1 X-28.415 Y2.475 E.03668
G1 X-28.159 Y1.738 E.03668
G1 X-27.807 Y1.042 E.03668
G1 X-27.366 Y.399 E.03668
G1 X-26.843 Y-.18 E.03668
G1 X-26.247 Y-.683 E.03668
G1 X-25.59 Y-1.103 E.03668
G1 X-24.882 Y-1.432 E.03668
G1 X-24.137 Y-1.663 E.03668
G1 X-23.368 Y-1.792 E.03668
G1 X-23.211 Y-1.798 E.00738
SET_VELOCITY_LIMIT ACCEL=10000
G1 X-23.156 Y-1.222 F30000
SET_VELOCITY_LIMIT ACCEL=5000
;TYPE:Outer wall
G1 F7200
G1 X-23.141 Y-1.223 E.00072
G1 X-22.608 Y-1.24 E.02507
G1 X-21.909 Y-1.17 E.03305
G1 X-21.225 Y-1.007 E.03305
G1 X-20.569 Y-.755 E.03305
G1 X-19.953 Y-.417 E.03305
G1 X-19.387 Y0 E.03305
G1 X-18.882 Y.489 E.03305
G1 X-18.446 Y1.04 E.03305
G1 X-18.088 Y1.645 E.03305
G1 X-17.814 Y2.292 E.03305
G1 X-17.628 Y2.97 E.03305
G1 X-17.535 Y3.666 E.03305
G1 X-17.535 Y4.369 E.03305
G1 X-17.628 Y5.065 E.03305
G1 X-17.814 Y5.743 E.03305
G1 X-18.088 Y6.39 E.03305
G1 X-18.446 Y6.995 E.03305
G1 X-18.882 Y7.546 E.03305
G1 X-19.387 Y8.035 E.03305
G1 X-19.953 Y8.452 E.03305
G1 X-20.569 Y8.789 E.03305
G1 X-21.225 Y9.042 E.03305
G1 X-21.909 Y9.205 E.03305
G1 X-22.608 Y9.275 E.03305
G1 X-23.31 Y9.252 E.03305
G1 X-24.003 Y9.135 E.03305
G1 X-24.674 Y8.927 E.03305
G1 X-25.312 Y8.631 E.03305
G1 X-25.904 Y8.253 E.03305
G1 X-26.441 Y7.799 E.03305
G1 X-26.912 Y7.278 E.03305
G1 X-27.008 Y7.138 E.00797
G1 X-27.31 Y6.698 E.02507
G1 X-27.627 Y6.071 E.03305
G1 X-27.857 Y5.407 E.03305
G1 X-27.997 Y4.719 E.03305
G1 X-28.044 Y4.017 E.03305
G1 X-27.997 Y3.316 E.03305
G1 X-27.857 Y2.628 E.03305
G1 X-27.627 Y1.964 E.03305
G1 X-27.31 Y1.336 E.03305
G1 X-26.912 Y.757 E.03305
G1 X-26.441 Y.236 E.03305
G1 X-25.904 Y-.218 E.03305
G1 X-25.312 Y-.596 E.03305
G1 X-24.674 Y-.892 E.03305
G1 X-24.003 Y-1.1 E.03305
G1 X-23.31 Y-1.217 E.03305
G1 X-23.192 Y-1.221 E.00556
SET_VELOCITY_LIMIT ACCEL=10000
G1 E-1.2 F2100
;WIPE_START
G1 F7200
G1 X-23.141 Y-1.223
G1 X-22.608 Y-1.24
G1 X-21.909 Y-1.17
G1 X-21.225 Y-1.007
G1 X-21.216 Y-1.004
;WIPE_END
G1 X-13.653 Y-2.037 Z3.6 F30000
G1 X30.909 Y-8.128 Z3.6
G1 Z3.2
G1 E1.2 F2100
SET_VELOCITY_LIMIT ACCEL=5000
;TYPE:Inner wall
G1 F9000
G1 X30.981 Y-7.995 E.00714
G1 X31.314 Y-7.222 E.03958
G1 X31.573 Y-6.421 E.03958
G1 X31.757 Y-5.6 E.03958
G1 X31.865 Y-4.765 E.03958
G1 X31.895 Y-3.924 E.03958
G1 X31.848 Y-3.084 E.03958
G1 X31.723 Y-2.251 E.03958
G1 X31.522 Y-1.434 E.03958
G1 X31.246 Y-.639 E.03958
G1 X30.898 Y.128 E.03958
G1 X30.564 Y.714 E.03173
G1 X30.481 Y.859 E.00785
G1 X29.998 Y1.548 E.03958
G1 X29.454 Y2.19 E.03958
G1 X28.853 Y2.779 E.03958
G1 X28.2 Y3.31 E.03958
G1 X27.501 Y3.779 E.03958
G1 X26.761 Y4.181 E.03958
G1 X25.988 Y4.513 E.03958
G1 X25.187 Y4.772 E.03958
G1 X24.346 Y4.961 E.04054
G1 X-21.181 Y12.988 E2.1739
G1 X-22.036 Y13.099 E.04054
G1 X-22.877 Y13.129 E.03958
G1 X-23.717 Y13.081 E.03958
G1 X-24.55 Y12.957 E.03958
G1 X-25.367 Y12.755 E.03958
G1 X-26.162 Y12.48 E.03958
G1 X-26.929 Y12.132 E.03958
G1 X-27.66 Y11.715 E.03958
G1 X-28.349 Y11.232 E.03958
G1 X-28.991 Y10.688 E.03958
G1 X-29.58 Y10.087 E.03958
G1 X-30.111 Y9.434 E.03958
G1 X-30.58 Y8.734 E.03958
G1 X-30.981 Y7.995 E.03958
G1 X-31.314 Y7.222 E.03958
G1 X-31.573 Y6.421 E.03958
G1 X-31.757 Y5.6 E.03958
G1 X-31.865 Y4.765 E.03958
G1 X-31.895 Y3.924 E.03958
G1 X-31.857 Y3.25 E.03173
G1 X-31.848 Y3.084 E.00784
G1 X-31.723 Y2.251 E.03958
G1 X-31.522 Y1.434 E.03958
G1 X-31.246 Y.639 E.03958
G1 X-30.898 Y-.128 E.03958
G1 X-30.481 Y-.859 E.03958
G1 X-29.998 Y-1.548 E.03958
G1 X-29.454 Y-2.19 E.03958
G1 X-28.853 Y-2.779 E.03958
G1 X-28.2 Y-3.31 E.03958
G1 X-27.501 Y-3.779 E.03958
G1 X-26.761 Y-4.181 E.03958
G1 X-25.988 Y-4.513 E.03958
G1 X-25.187 Y-4.772 E.03958
G1 X-24.346 Y-4.961 E.04054
G1 X21.181 Y-12.988 E2.1739
G1 X22.036 Y-13.099 E.04054
G1 X22.877 Y-13.129 E.03958
G1 X23.551 Y-13.091 E.03173
G1 X23.717 Y-13.081 E.00784
G1 X24.55 Y-12.956 E.03958
G1 X25.367 Y-12.755 E.03958
G1 X26.162 Y-12.48 E.03958
G1 X26.929 Y-12.132 E.03958
G1 X27.66 Y-11.715 E.03958
G1 X28.349 Y-11.232 E.03958
G1 X28.991 Y-10.688 E.03958
G1 X29.58 Y-10.087 E.03958
G1 X30.111 Y-9.434 E.03958
G1 X30.58 Y-8.734 E.03958
G1 X30.892 Y-8.16 E.03074
SET_VELOCITY_LIMIT ACCEL=10000
G1 X31.416 Y-8.404 F30000
SET_VELOCITY_LIMIT ACCEL=5000
;TYPE:Outer wall
G1 F7200
G1 X31.501 Y-8.247 E.0084
G1 X31.854 Y-7.425 E.04209
G1 X32.13 Y-6.573 E.04209
G1 X32.326 Y-5.7 E.04209
G1 X32.441 Y-4.812 E.04209
G1 X32.473 Y-3.918 E.04209
G1 X32.422 Y-3.024 E.04209
G1 X32.289 Y-2.139 E.04209
G1 X32.076 Y-1.27 E.04209
G1 X31.782 Y-.424 E.04209
G1 X31.413 Y.391 E.04209
G1 X31.065 Y1 E.03299
G1 X30.969 Y1.168 E.0091
G1 X30.456 Y1.901 E.04209
G1 X29.877 Y2.584 E.04209
G1 X29.238 Y3.21 E.04209
G1 X28.543 Y3.775 E.04209
G1 X27.8 Y4.273 E.04209
G1 X27.013 Y4.7 E.04209
G1 X26.191 Y5.053 E.04209
G1 X25.339 Y5.329 E.04209
G1 X24.459 Y5.527 E.04242
G1 X-21.094 Y13.559 E2.17516
G1 X-21.989 Y13.674 E.04242
G1 X-22.883 Y13.707 E.04209
G1 X-23.777 Y13.656 E.04209
G1 X-24.662 Y13.523 E.04209
G1 X-25.343 Y13.356 E.03299
G1 X-25.531 Y13.309 E.0091
G1 X-26.376 Y13.016 E.04209
G1 X-27.191 Y12.646 E.04209
G1 X-27.969 Y12.203 E.04209
G1 X-28.702 Y11.69 E.04209
G1 X-29.385 Y11.111 E.04209
G1 X-30.011 Y10.471 E.04209
G1 X-30.576 Y9.777 E.04209
G1 X-31.074 Y9.033 E.04209
G1 X-31.501 Y8.247 E.04209
G1 X-31.854 Y7.425 E.04209
G1 X-32.13 Y6.573 E.04209
M73 P65 R2
G1 X-32.326 Y5.7 E.04209
G1 X-32.441 Y4.812 E.04209
G1 X-32.473 Y3.918 E.04209
G1 X-32.422 Y3.024 E.04209
G1 X-32.289 Y2.139 E.04209
G1 X-32.076 Y1.27 E.04209
G1 X-31.782 Y.424 E.04209
G1 X-31.413 Y-.39 E.04209
G1 X-30.969 Y-1.168 E.04209
G1 X-30.456 Y-1.901 E.04209
G1 X-29.877 Y-2.584 E.04209
G1 X-29.238 Y-3.21 E.04209
G1 X-28.543 Y-3.775 E.04209
G1 X-27.8 Y-4.273 E.04209
G1 X-27.013 Y-4.7 E.04209
G1 X-26.191 Y-5.053 E.04209
G1 X-25.339 Y-5.329 E.04209
G1 X-24.459 Y-5.527 E.04242
G1 X21.094 Y-13.559 E2.17515
G1 X21.988 Y-13.674 E.04243
G1 X22.883 Y-13.706 E.04209
G1 X23.583 Y-13.667 E.03299
G1 X23.776 Y-13.656 E.0091
G1 X24.662 Y-13.523 E.04209
G1 X25.531 Y-13.309 E.04209
G1 X26.376 Y-13.016 E.04209
G1 X27.191 Y-12.646 E.04209
G1 X27.969 Y-12.203 E.04209
G1 X28.702 Y-11.69 E.04209
G1 X29.385 Y-11.111 E.04209
G1 X30.011 Y-10.471 E.04209
G1 X30.576 Y-9.777 E.04209
G1 X31.074 Y-9.033 E.04209
G1 X31.399 Y-8.436 E.032
SET_VELOCITY_LIMIT ACCEL=10000
G1 X30.875 Y-8.002 F30000
SET_VELOCITY_LIMIT ACCEL=2500
;TYPE:Internal Bridge
;WIDTH:0.6
;HEIGHT:0.6
G1 F3000
G1 X30.875 Y-.747 E.83576
G1 X30.557 Y-.047 E.08864
G1 X30.225 Y.535 E.07718
G1 X30.225 Y-8.576 E1.04963
G1 X29.803 Y-9.206 E.08734
G1 X29.575 Y-9.486 E.04162
G1 X29.575 Y1.456 E1.26052
G1 X29.174 Y1.929 E.0715
G1 X28.925 Y2.173 E.04009
G1 X28.925 Y-10.208 E1.4263
G1 X28.73 Y-10.407 E.03209
G1 X28.275 Y-10.793 E.06873
G1 X28.275 Y2.756 E1.56084
G1 X27.972 Y3.002 E.04497
G1 X27.625 Y3.235 E.04814
G1 X27.625 Y-11.272 E1.67116
G1 X27.455 Y-11.391 E.02396
G1 X26.975 Y-11.665 E.06361
G1 X26.975 Y3.629 E1.76183
G1 X26.594 Y3.836 E.04996
G1 X26.325 Y3.951 E.03372
G1 X26.325 Y-11.986 E1.83595
G1 X26.02 Y-12.124 E.03857
G1 X25.675 Y-12.244 E.04208
G1 X25.675 Y4.212 E1.89565
G1 X25.025 Y4.416 E.07849
G1 X25.025 Y-2.452 E.79119
G1 X25.255 Y-2.837 E.05164
G1 X25.397 Y-3.207 E.04566
G1 X25.495 Y-3.586 E.04517
G1 X25.558 Y-4.012 E.04957
G1 X25.546 Y-4.488 E.05482
G1 X25.452 Y-4.959 E.05529
G1 X25.279 Y-5.41 E.05576
G1 X25.025 Y-5.834 E.05692
G1 X25.025 Y-12.445 E.76159
G1 X24.375 Y-12.596 E.07686
G1 X24.375 Y-6.471 E.70554
G1 X24.216 Y-6.596 E.0233
G1 X23.725 Y-6.839 E.06312
G1 X23.725 Y-12.693 E.67436
G1 X23.075 Y-12.734 E.07503
G1 X23.075 Y-7.012 E.65921
G1 X22.909 Y-7.041 E.01942
M73 P66 R2
G1 X22.425 Y-7.046 E.05575
G1 X22.425 Y-12.73 E.6547
G1 X22.067 Y-12.717 E.04122
G1 X21.775 Y-12.679 E.03396
G1 X21.775 Y-6.921 E.66332
G1 X21.293 Y-6.706 E.06082
G1 X21.125 Y-6.593 E.02332
G1 X21.125 Y-12.887 E.72508
SET_VELOCITY_LIMIT ACCEL=10000
G1 E-1.2 F2100
;WIPE_START
G1 F3000
G1 X21.125 Y-10.887
;WIPE_END
G1 X23.792 Y-3.735 Z3.6 F30000
G1 X24.375 Y-2.171 Z3.6
G1 Z3.2
G1 E1.2 F2100
SET_VELOCITY_LIMIT ACCEL=2500
G1 F3000
G1 X24.375 Y4.562 E.77561
G1 X23.725 Y4.682 E.07614
G1 X23.725 Y-1.456 E.70706
G1 X23.46 Y-1.364 E.03236
G1 X23.075 Y-1.3 E.04493
G1 X23.075 Y4.796 E.70227
G1 X22.425 Y4.911 E.07604
G1 X22.425 Y-1.309 E.71652
G1 X22.109 Y-1.366 E.03703
G1 X21.775 Y-1.463 E.04004
G1 X21.775 Y5.025 E.74749
G1 X21.125 Y5.14 E.07604
G1 X21.125 Y-2.132 E.83775
SET_VELOCITY_LIMIT ACCEL=10000
G1 X20.475 Y5.552 F30000
SET_VELOCITY_LIMIT ACCEL=2500
G1 F3000
G1 X20.475 Y-2.37 E.91257
G1 X20.369 Y-2.494 E.01876
G1 X20.059 Y-3.048 E.07322
G1 X19.904 Y-3.539 E.05931
G1 X19.835 Y-4.044 E.0587
G1 X19.866 Y-4.63 E.06757
G1 X19.979 Y-5.099 E.05561
G1 X20.146 Y-5.512 E.05126
G1 X20.432 Y-5.985 E.06369
G1 X20.475 Y-6.028 E.00704
G1 X20.475 Y-12.475 E.74266
G1 X19.825 Y-12.361 E.07604
G1 X19.825 Y5.369 E2.04247
G1 X19.175 Y5.484 E.07604
G1 X19.175 Y-12.246 E2.04247
G1 X18.525 Y-12.131 E.07604
G1 X18.525 Y5.598 E2.04247
G1 X17.875 Y5.713 E.07604
G1 X17.875 Y-12.017 E2.04247
G1 X17.225 Y-11.902 E.07604
G1 X17.225 Y5.828 E2.04247
G1 X16.575 Y5.942 E.07604
M73 P67 R2
G1 X16.575 Y-11.787 E2.04247
G1 X15.925 Y-11.673 E.07604
G1 X15.925 Y6.057 E2.04247
G1 X15.275 Y6.172 E.07604
G1 X15.275 Y-11.558 E2.04247
G1 X14.625 Y-11.444 E.07604
G1 X14.625 Y6.286 E2.04247
G1 X13.975 Y6.401 E.07604
G1 X13.975 Y-11.329 E2.04247
G1 X13.325 Y-11.214 E.07604
G1 X13.325 Y6.515 E2.04247
G1 X12.675 Y6.63 E.07604
G1 X12.675 Y-11.1 E2.04247
G1 X12.025 Y-10.985 E.07604
G1 X12.025 Y6.745 E2.04247
G1 X11.375 Y6.859 E.07604
G1 X11.375 Y-10.871 E2.04247
G1 X10.725 Y-10.756 E.07604
G1 X10.725 Y6.974 E2.04247
G1 X10.075 Y7.088 E.07604
G1 X10.075 Y-2.561 E1.11159
G1 X9.775 Y-2.286 E.04691
M73 P68 R2
G1 X9.425 Y-2.075 E.04704
G1 X9.425 Y7.203 E1.06882
G1 X8.775 Y7.318 E.07604
G1 X8.775 Y-1.805 E1.05097
G1 X8.322 Y-1.73 E.05284
G1 X8.125 Y-1.732 E.02275
G1 X8.125 Y7.432 E1.05569
G1 X7.475 Y7.547 E.07604
G1 X7.475 Y-1.802 E1.07696
G1 X7.057 Y-1.919 E.04999
G1 X6.825 Y-2.017 E.02904
G1 X6.825 Y7.662 E1.11496
G1 X6.175 Y7.776 E.07604
G1 X6.175 Y-2.825 E1.22123
SET_VELOCITY_LIMIT ACCEL=10000
G1 E-1.2 F2100
;WIPE_START
G1 F3000
G1 X6.175 Y-.825
;WIPE_END
G1 X10.075 Y-6.149 Z3.6 F30000
G1 Z3.2
G1 E1.2 F2100
SET_VELOCITY_LIMIT ACCEL=2500
G1 F3000
G1 X10.075 Y-10.641 E.51749
G1 X9.425 Y-10.527 E.07604
G1 X9.425 Y-7.1 E.3948
G1 X9.109 Y-7.263 E.04102
G1 X8.775 Y-7.374 E.04049
G1 X8.775 Y-10.412 E.35004
G1 X8.125 Y-10.298 E.07604
G1 X8.125 Y-7.485 E.32398
G1 X7.716 Y-7.49 E.04708
G1 X7.475 Y-7.452 E.02815
G1 X7.475 Y-10.183 E.31461
G1 X6.825 Y-10.068 E.07604
G1 X6.825 Y-7.242 E.32564
G1 X6.618 Y-7.149 E.02613
G1 X6.175 Y-6.851 E.06152
G1 X6.175 Y-9.954 E.35746
G1 X5.525 Y-9.839 E.07604
G1 X5.525 Y-6.044 E.43719
G1 X5.471 Y-5.955 E.012
G1 X5.304 Y-5.543 E.05126
G1 X5.191 Y-5.073 E.05561
G1 X5.16 Y-4.487 E.06757
G1 X5.229 Y-3.983 E.0587
G1 X5.384 Y-3.492 E.05931
G1 X5.525 Y-3.239 E.03332
G1 X5.525 Y7.891 E1.28218
G1 X4.875 Y8.005 E.07604
G1 X4.875 Y-9.724 E2.04247
G1 X4.225 Y-9.61 E.07604
G1 X4.225 Y8.12 E2.04247
G1 X3.575 Y8.235 E.07604
G1 X3.575 Y-9.495 E2.04247
G1 X2.925 Y-9.381 E.07604
G1 X2.925 Y8.349 E2.04247
G1 X2.275 Y8.464 E.07604
M73 P69 R2
G1 X2.275 Y-9.266 E2.04247
G1 X1.625 Y-9.151 E.07604
G1 X1.625 Y8.578 E2.04247
G1 X.975 Y8.693 E.07604
G1 X.975 Y-9.037 E2.04247
G1 X.325 Y-8.922 E.07604
G1 X.325 Y8.808 E2.04247
G1 X-.325 Y8.922 E.07604
G1 X-.325 Y-8.808 E2.04247
G1 X-.975 Y-8.693 E.07604
G1 X-.975 Y9.037 E2.04247
G1 X-1.625 Y9.151 E.07604
G1 X-1.625 Y-8.578 E2.04247
G1 X-2.275 Y-8.464 E.07604
G1 X-2.275 Y9.266 E2.04247
G1 X-2.925 Y9.381 E.07604
G1 X-2.925 Y-8.349 E2.04247
G1 X-3.575 Y-8.234 E.07604
G1 X-3.575 Y9.495 E2.04247
G1 X-4.225 Y9.61 E.07604
G1 X-4.225 Y-8.12 E2.04247
G1 X-4.875 Y-8.005 E.07604
M73 P70 R2
G1 X-4.875 Y-6.541 E.1687
G1 X-4.977 Y-6.66 E.01808
G1 X-5.459 Y-7.04 E.07067
G1 X-5.525 Y-7.074 E.00857
G1 X-5.525 Y-8.188 E.12832
SET_VELOCITY_LIMIT ACCEL=10000
G1 X-4.875 Y-3.089 F30000
SET_VELOCITY_LIMIT ACCEL=2500
G1 F3000
G1 X-4.875 Y-.832 E.26005
G1 X-5.286 Y-1.155 E.06032
G1 X-5.525 Y-1.279 E.03095
G1 X-5.525 Y-2.447 E.13453
SET_VELOCITY_LIMIT ACCEL=10000
G1 X-8.125 Y-2.313 F30000
SET_VELOCITY_LIMIT ACCEL=2500
G1 F3000
G1 X-8.125 Y-1.303 E.11643
G1 X-8.21 Y-1.265 E.01067
G1 X-8.668 Y-.956 E.06367
G1 X-8.775 Y-.846 E.01766
G1 X-8.775 Y-2.773 E.22197
SET_VELOCITY_LIMIT ACCEL=10000
G1 E-1.2 F2100
;WIPE_START
G1 F3000
G1 X-8.775 Y-.846
G1 X-8.724 Y-.899
;WIPE_END
G1 X-4.875 Y3.02 Z3.6 F30000
G1 Z3.2
G1 E1.2 F2100
SET_VELOCITY_LIMIT ACCEL=2500
G1 F3000
G1 X-4.875 Y9.725 E.77231
G1 X-5.525 Y9.839 E.07604
G1 X-5.525 Y3.883 E.68613
G1 X-6.043 Y4.077 E.06369
G1 X-6.175 Y4.099 E.01545
G1 X-6.175 Y9.954 E.67445
G1 X-6.825 Y10.068 E.07604
G1 X-6.825 Y4.152 E.68161
G1 X-6.974 Y4.151 E.01711
G1 X-7.475 Y4.051 E.05889
G1 X-7.475 Y10.183 E.70637
G1 X-8.125 Y10.298 E.07604
G1 X-8.125 Y3.815 E.74675
G1 X-8.563 Y3.537 E.0598
G1 X-8.775 Y3.349 E.03265
G1 X-8.775 Y10.412 E.81369
G1 X-9.425 Y10.527 E.07604
G1 X-9.425 Y-3.15 E1.57556
G1 X-9.616 Y-3.492 E.04512
G1 X-9.771 Y-3.983 E.05931
G1 X-9.84 Y-4.487 E.0587
G1 X-9.809 Y-5.073 E.06757
G1 X-9.696 Y-5.543 E.05561
G1 X-9.529 Y-5.955 E.05126
G1 X-9.425 Y-6.127 E.02313
G1 X-9.425 Y-7.203 E.12399
G1 X-10.075 Y-7.088 E.07604
G1 X-10.075 Y10.641 E2.04247
G1 X-10.725 Y10.756 E.07604
G1 X-10.725 Y-6.974 E2.04247
G1 X-11.375 Y-6.859 E.07604
G1 X-11.375 Y10.871 E2.04247
G1 X-12.025 Y10.985 E.07604
G1 X-12.025 Y-6.745 E2.04247
G1 X-12.675 Y-6.63 E.07604
M73 P71 R2
G1 X-12.675 Y11.1 E2.04247
G1 X-13.325 Y11.214 E.07604
G1 X-13.325 Y-6.515 E2.04247
G1 X-13.975 Y-6.401 E.07604
G1 X-13.975 Y11.329 E2.04247
G1 X-14.625 Y11.444 E.07604
G1 X-14.625 Y-6.286 E2.04247
G1 X-15.275 Y-6.171 E.07604
G1 X-15.275 Y11.558 E2.04247
G1 X-15.925 Y11.673 E.07604
M73 P71 R1
G1 X-15.925 Y-6.057 E2.04247
G1 X-16.575 Y-5.942 E.07604
G1 X-16.575 Y11.788 E2.04247
G1 X-17.225 Y11.902 E.07604
G1 X-17.225 Y6.813 E.58629
G1 X-17.653 Y7.539 E.09713
G1 X-17.875 Y7.82 E.04121
G1 X-17.875 Y12.017 E.48349
G1 X-18.525 Y12.131 E.07604
G1 X-18.525 Y8.536 E.41416
G1 X-18.766 Y8.769 E.03862
G1 X-19.175 Y9.071 E.05853
G1 X-19.175 Y12.246 E.3658
G1 X-19.825 Y12.361 E.07604
G1 X-19.825 Y9.476 E.33231
G1 X-20.164 Y9.662 E.04455
G1 X-20.475 Y9.782 E.03837
G1 X-20.475 Y12.475 E.31031
G1 X-21.125 Y12.59 E.07604
G1 X-21.125 Y10.005 E.2978
G1 X-21.775 Y10.156 E.07688
G1 X-21.775 Y12.679 E.29066
G1 X-22.067 Y12.717 E.03396
G1 X-22.425 Y12.73 E.04122
G1 X-22.425 Y9.927 E.32282
SET_VELOCITY_LIMIT ACCEL=10000
G1 E-1.2 F2100
;WIPE_START
G1 F3000
G1 X-22.425 Y11.927
;WIPE_END
G1 X-18.892 Y5.162 Z3.6 F30000
G1 X-17.225 Y1.971 Z3.6
G1 Z3.2
G1 E1.2 F2100
SET_VELOCITY_LIMIT ACCEL=2500
G1 F3000
G1 X-17.225 Y-5.828 E.89842
G1 X-17.875 Y-5.713 E.07604
M73 P72 R1
G1 X-17.875 Y.215 E.6829
G1 X-18.169 Y-.157 E.05455
G1 X-18.525 Y-.501 E.05714
G1 X-18.525 Y-5.598 E.58716
G1 X-19.175 Y-5.484 E.07604
G1 X-19.175 Y-1.036 E.5124
G1 X-19.435 Y-1.228 E.03723
G1 X-19.825 Y-1.441 E.05121
G1 X-19.825 Y-5.369 E.4525
G1 X-20.475 Y-5.255 E.07604
G1 X-20.475 Y-1.747 E.40409
G1 X-20.94 Y-1.926 E.05739
G1 X-21.125 Y-1.97 E.02192
G1 X-21.125 Y-5.14 E.36518
G1 X-21.775 Y-5.025 E.07604
G1 X-21.775 Y-2.121 E.33455
G1 X-22.425 Y-2.187 E.07526
G1 X-22.425 Y-4.911 E.31382
G1 X-23.075 Y-4.796 E.07604
G1 X-23.075 Y-2.185 E.30079
G1 X-23.406 Y-2.174 E.03819
G1 X-23.725 Y-2.12 E.03723
G1 X-23.725 Y-4.681 E.29506
G1 X-24.375 Y-4.562 E.07614
G1 X-24.375 Y-1.683 E.33161
SET_VELOCITY_LIMIT ACCEL=10000
G1 X-27.152 Y-.508 F30000
SET_VELOCITY_LIMIT ACCEL=7000
;TYPE:Internal solid infill
;WIDTH:0.55292
;HEIGHT:0.2
G1 F9000
M106 S255
G1 X-26.546 Y-1.066 E.03427
;WIDTH:0.569332
G1 X-26.215 Y-1.333 E.01823
;WIDTH:0.602156
G1 X-25.884 Y-1.599 E.01937
;WIDTH:0.643112
G1 X-25.774 Y-1.676 E.00653
;WIDTH:0.692198
G1 X-25.665 Y-1.753 E.00706
;WIDTH:0.741285
G1 X-25.556 Y-1.829 E.00759
;WIDTH:0.765828
G1 X-25.447 Y-1.906 E.00786
SET_VELOCITY_LIMIT ACCEL=10000
G1 X-31.46 Y6.478 F30000
SET_VELOCITY_LIMIT ACCEL=7000
;WIDTH:0.663281
G1 F9000
G1 X-28.967 Y3.985 E.17821
G1 X-28.914 Y3.193 E.04012
G1 X-28.879 Y3.019 E.00896
G1 X-31.41 Y5.55 E.18096
G1 X-31.48 Y5.023 E.02687
G1 X-31.493 Y4.756 E.01356
G1 X-28.553 Y1.815 E.21019
G1 X-28.479 Y1.602 E.0114
G1 X-28.106 Y.865 E.04177
G1 X-27.638 Y.184 E.04177
G1 X-27.343 Y-.143 E.02226
G1 X-27.407 Y-.207 E.0046
G1 X-31.501 Y3.886 E.29264
G1 X-31.482 Y3.436 E.02279
G1 X-31.405 Y2.913 E.02673
G1 X-25.32 Y-3.172 E.435
G1 X-25.32 Y-4.049 E.04435
G1 X-31.283 Y1.914 E.42632
G1 X-31.189 Y1.532 E.01987
G1 X-30.924 Y.767 E.04093
G1 X-30.849 Y.603 E.00912
G1 X-26.203 Y-4.043 E.33216
G1 X-26.61 Y-3.869 E.02237
G1 X-27.321 Y-3.482 E.04093
G1 X-27.994 Y-3.031 E.04093
G1 X-28.522 Y-2.602 E.03444
G1 X-30.536 Y-.588 E.14395
SET_VELOCITY_LIMIT ACCEL=10000
G1 E-1.2 F2100
;WIPE_START
G1 F9000
G1 X-29.122 Y-2.002
;WIPE_END
G1 X-25.911 Y4.922 Z3.6 F30000
G1 X-23.37 Y10.404 Z3.6
G1 Z3.2
G1 E1.2 F2100
SET_VELOCITY_LIMIT ACCEL=7000
;WIDTH:0.619999
G1 F9000
G1 X-24.25 Y10.264 E.04193
G1 X-25.072 Y10.012 E.04039
G1 X-25.735 Y9.707 E.03433
G1 X-26.207 Y9.429 E.02577
G1 X-26.662 Y9.123 E.02578
G1 X-27.23 Y8.643 E.03498
G1 X-27.807 Y8.009 E.04031
G1 X-28.294 Y7.304 E.04031
G1 X-28.698 Y6.504 E.04211
G1 X-28.967 Y5.731 E.0385
G1 X-29.135 Y4.917 E.03908
G1 X-30.886 Y6.669 E.11647
G1 X-30.63 Y7.351 E.03426
G1 X-30.185 Y8.252 E.04726
G1 X-29.674 Y9.049 E.04455
G1 X-29.18 Y9.664 E.03706
G1 X-28.795 Y10.063 E.02609
G1 X-28.034 Y10.743 E.048
G1 X-27.391 Y11.199 E.03705
G1 X-26.917 Y11.474 E.02578
G1 X-25.993 Y11.923 E.04832
G1 X-25.25 Y12.185 E.03705
G1 X-24.68 Y12.33 E.02763
G1 X-23.67 Y12.505 E.0482
G1 X-23.37 Y12.523 E.01415
G1 X-23.37 Y10.44 E.09793
SET_VELOCITY_LIMIT ACCEL=10000
G1 X-24.042 Y10.981 F30000
SET_VELOCITY_LIMIT ACCEL=7000
;WIDTH:0.813968
G1 F9000
G1 X-24.786 Y10.809 E.04797
G1 X-25.271 Y10.654 E.03197
G1 X-26.019 Y10.319 E.05151
G1 X-26.571 Y9.999 E.0401
G1 X-27.04 Y9.685 E.03542
G1 X-27.625 Y9.193 E.04807
G1 X-28.066 Y8.731 E.04011
G1 X-28.472 Y8.239 E.0401
G1 X-28.85 Y7.685 E.04212
G1 X-29.157 Y7.103 E.04137
G1 X-29.332 Y6.725 E.02619
G1 X-29.503 Y6.235 E.0326
G1 X-30.115 Y6.848 E.05447
G1 X-29.86 Y7.431 E.04002
G1 X-29.594 Y7.931 E.03555
G1 X-29.113 Y8.673 E.05563
G1 X-28.655 Y9.237 E.04559
G1 X-28.278 Y9.631 E.03431
G1 X-27.597 Y10.228 E.05687
G1 X-27.003 Y10.644 E.04559
G1 X-26.485 Y10.946 E.03762
G1 X-25.714 Y11.309 E.05358
G1 X-25.028 Y11.546 E.04559
G1 X-24.52 Y11.677 E.033
G1 X-24.042 Y11.769 E.03054
G1 X-24.042 Y11.017 E.0473
SET_VELOCITY_LIMIT ACCEL=10000
G1 E-1.2 F2100
;WIPE_START
G1 F9000
G1 X-24.042 Y11.769
G1 X-24.52 Y11.677
G1 X-25.028 Y11.546
G1 X-25.251 Y11.469
;WIPE_END
G1 X-19.073 Y6.988 Z3.6 F30000
G1 X-7.366 Y-1.503 Z3.6
G1 Z3.2
G1 E1.2 F2100
;TYPE:Gap infill
;WIDTH:0.146747
G1 F9000
G1 X-7.24 Y-1.54 E.00111
;WIDTH:0.16146
G1 X-7.115 Y-1.578 E.00126
;WIDTH:0.187671
G1 X-7.058 Y-1.59 E.00068
;WIDTH:0.21988
G1 X-7.027 Y-1.609 E.00054
;WIDTH:0.25978
G1 X-6.995 Y-1.629 E.00066
;WIDTH:0.29968
G1 X-6.964 Y-1.648 E.00078
;WIDTH:0.33958
G1 X-6.932 Y-1.668 E.0009
;WIDTH:0.361215
G1 X-6.618 Y-1.67 E.00814
G1 X-6.601 Y-1.651 F30000
;WIDTH:0.315544
G1 F9000
G1 X-6.581 Y-1.631 E.00062
;WIDTH:0.277798
G1 X-6.538 Y-1.604 E.00097
;WIDTH:0.237953
G1 X-6.496 Y-1.576 E.00081
;WIDTH:0.201245
G1 X-6.38 Y-1.537 E.00158
;WIDTH:0.167675
G1 X-6.264 Y-1.498 E.00124
;WIDTH:0.15089
G1 X-6.148 Y-1.459 E.00108
G1 X-6.324 Y-1.814 F30000
;WIDTH:0.162816
G1 F9000
G1 X-6.23 Y-1.849 E.00097
;WIDTH:0.130154
G1 X-6.083 Y-1.918 E.00116
G1 X-6.324 Y-1.814 F30000
;WIDTH:0.200261
G1 F9000
G1 X-6.417 Y-1.78 E.00128
;WIDTH:0.237706
G1 X-6.51 Y-1.745 E.00158
;WIDTH:0.275434
G1 X-6.546 Y-1.72 E.00083
;WIDTH:0.313449
G1 X-6.582 Y-1.695 E.00097
;WIDTH:0.351632
G1 X-6.618 Y-1.67 E.0011
G1 X-6.601 Y-1.651 E.00065
G1 E-1.2 F2100
;WIPE_START
G1 F9000
G1 X-6.618 Y-1.67
G1 X-6.582 Y-1.695
;WIPE_END
G1 X-6.077 Y-7.239 Z3.6 F30000
G1 Z3.2
G1 E1.2 F2100
;WIDTH:0.557992
G1 F9000
G1 X-6.296 Y-7.579 E.01695
G1 X-6.311 Y-7.579 E.00065
;WIDTH:0.547972
G1 X-6.455 Y-7.578 E.00592
;WIDTH:0.498618
G1 X-6.599 Y-7.578 E.00534
;WIDTH:0.449264
G1 X-6.742 Y-7.578 E.00476
;WIDTH:0.420592
G1 X-6.773 Y-7.577 E.00093
;WIDTH:0.393093
G1 X-7.024 Y-7.556 E.00719
;WIDTH:0.343978
G1 X-7.299 Y-7.533 E.00676
;WIDTH:0.321752
G1 X-7.929 Y-7.411 E.01459
;WIDTH:0.361701
G1 X-8.094 Y-7.361 E.00447
;WIDTH:0.40381
G1 X-8.258 Y-7.31 E.00506
;WIDTH:0.44592
G1 X-8.423 Y-7.26 E.00565
;WIDTH:0.466973
G1 X-8.951 Y-7.073 E.01936
;LAYER_CHANGE
;Z:3.4
;HEIGHT:0.2
;BEFORE_LAYER_CHANGE
;3.4
G1 E-1.2 F2100
;WIPE_START
G1 F9000
G1 X-8.423 Y-7.26
;WIPE_END
;AFTER_LAYER_CHANGE
;3.4
;_SET_FAN_SPEED_CHANGING_LAYER
G17
G3 Z3.8 I-1.216 J-.047 P1  F30000
G1 X-8.801 Y2.507 Z3.8
G1 Z3.4
G1 E1.2 F2100
SET_VELOCITY_LIMIT ACCEL=5000
;TYPE:Inner wall
;WIDTH:0.62
G1 F9000
G1 X-8.874 Y2.373 E.00716
G1 X-9.022 Y1.914 E.02268
G1 X-9.072 Y1.504 E.01941
G1 X-9.051 Y1.091 E.01948
G1 X-8.929 Y.611 E.02324
G1 X-8.771 Y.27 E.01769
G1 X-8.587 Y-.009 E.01572
G1 X-8.348 Y-.274 E.01679
G1 X-8.088 Y-.516 E.01672
G1 X-7.759 Y-.741 E.01872
G1 X-7.396 Y-.908 E.01877
G1 X-7.11 Y-.993 E.01404
G1 X-6.721 Y-1.053 E.01852
G1 X-6.156 Y-1.026 E.02658
G1 X-5.726 Y-.916 E.0209
G1 X-5.331 Y-.738 E.02036
G1 X-4.968 Y-.495 E.02056
G1 X-4.646 Y-.188 E.0209
G1 X-4.367 Y.191 E.02217
G1 X-4.16 Y.604 E.0217
G1 X-4.049 Y1.091 E.02347
G1 X-4.033 Y1.563 E.02224
G1 X-4.101 Y2.055 E.02332
G1 X-4.278 Y2.5 E.02252
G1 X-4.533 Y2.899 E.02228
G1 X-4.828 Y3.22 E.02048
G1 X-5.096 Y3.437 E.01621
G1 X-5.45 Y3.649 E.01941
G1 X-5.961 Y3.834 E.02555
G1 X-6.395 Y3.899 E.02062
G1 X-6.827 Y3.89 E.02035
G1 X-7.326 Y3.781 E.02403
G1 X-7.682 Y3.629 E.0182
G1 X-7.972 Y3.452 E.01597
G1 X-8.246 Y3.22 E.01689
G1 X-8.492 Y2.972 E.0164
G1 X-8.694 Y2.704 E.01582
G1 X-8.784 Y2.538 E.00884
SET_VELOCITY_LIMIT ACCEL=10000
G1 X-8.294 Y2.231 F30000
SET_VELOCITY_LIMIT ACCEL=5000
;TYPE:Outer wall
G1 F7200
G1 X-8.341 Y2.144 E.00465
G1 F6780
G1 X-8.456 Y1.79 E.0175
G1 F5940
G1 X-8.493 Y1.484 E.01449
G1 F5100
G1 X-8.477 Y1.177 E.01446
G1 F3960
G1 X-8.383 Y.806 E.018
G1 F3180
G1 X-8.265 Y.552 E.01317
G1 F2520
G1 X-8.129 Y.345 E.01165
G1 F2280
G1 X-7.936 Y.132 E.01352
G1 X-7.725 Y-.065 E.01357
G1 F2460
G1 X-7.474 Y-.238 E.01434
M106 S255
G1 F3300
G1 X-7.193 Y-.366 E.01452
G1 F4200
G1 X-6.984 Y-.428 E.01025
G1 F5280
G1 X-6.69 Y-.473 E.01399
G1 F6840
G1 X-6.242 Y-.453 E.02109
G1 F7200
G1 X-5.917 Y-.369 E.01579
G1 X-5.612 Y-.232 E.01572
G1 X-5.33 Y-.043 E.01596
G1 X-5.081 Y.195 E.0162
G1 X-4.861 Y.494 E.01746
G1 X-4.707 Y.8 E.01611
G1 X-4.624 Y1.165 E.0176
G1 X-4.611 Y1.533 E.01732
G1 X-4.663 Y1.906 E.01771
G1 X-4.794 Y2.235 E.01665
G1 X-4.992 Y2.546 E.01734
G1 X-5.224 Y2.798 E.01611
G1 X-5.427 Y2.963 E.0123
G1 X-5.698 Y3.125 E.01485
G1 X-6.104 Y3.272 E.0203
G1 X-6.432 Y3.321 E.0156
G1 X-6.759 Y3.314 E.01538
G1 X-7.15 Y3.229 E.01882
G1 X-7.417 Y3.115 E.01365
G1 X-7.632 Y2.983 E.01186
G1 X-7.854 Y2.795 E.01368
G1 X-8.055 Y2.593 E.0134
G1 X-8.208 Y2.39 E.01195
M73 P73 R1
G1 X-8.277 Y2.263 E.0068
SET_VELOCITY_LIMIT ACCEL=10000
G1 E-1.2 F2100
;WIPE_START
G1 F7200
G1 X-8.341 Y2.144
G1 X-8.456 Y1.79
G1 X-8.493 Y1.484
G1 X-8.477 Y1.177
G1 X-8.383 Y.806
G1 X-8.265 Y.552
G1 X-8.148 Y.373
;WIPE_END
G1 X-5.51 Y-2.303 Z3.8 F30000
G1 Z3.4
G1 E1.2 F2100
SET_VELOCITY_LIMIT ACCEL=5000
;TYPE:Inner wall
G1 F9000
G1 X-5.623 Y-2.236 E.00615
G1 X-6.133 Y-2.051 E.02555
G1 X-6.567 Y-1.985 E.02062
G1 X-7 Y-1.994 E.02035
G1 X-7.499 Y-2.103 E.02403
G1 X-7.855 Y-2.255 E.0182
G1 X-8.144 Y-2.432 E.01597
G1 X-8.418 Y-2.665 E.01688
G1 X-8.664 Y-2.912 E.0164
G1 X-8.867 Y-3.18 E.01582
G1 X-9.046 Y-3.511 E.01769
G1 X-9.195 Y-3.97 E.02268
G1 X-9.244 Y-4.38 E.01941
G1 X-9.223 Y-4.794 E.01948
G1 X-9.102 Y-5.273 E.02324
G1 X-8.943 Y-5.614 E.01769
G1 X-8.76 Y-5.893 E.01572
G1 X-8.52 Y-6.158 E.01679
G1 X-8.26 Y-6.4 E.01672
G1 X-7.932 Y-6.626 E.01872
G1 X-7.569 Y-6.792 E.01877
G1 X-7.283 Y-6.877 E.01404
G1 X-6.893 Y-6.937 E.01852
G1 X-6.329 Y-6.911 E.02658
G1 X-5.898 Y-6.8 E.0209
G1 X-5.503 Y-6.623 E.02036
G1 X-5.14 Y-6.379 E.02056
G1 X-4.818 Y-6.072 E.0209
G1 X-4.539 Y-5.693 E.02217
G1 X-4.332 Y-5.28 E.0217
G1 X-4.222 Y-4.793 E.02347
G1 X-4.205 Y-4.321 E.02224
G1 X-4.274 Y-3.83 E.02332
G1 X-4.451 Y-3.384 E.02252
G1 X-4.706 Y-2.985 E.02228
G1 X-5 Y-2.664 E.02048
G1 X-5.268 Y-2.447 E.01621
G1 X-5.479 Y-2.321 E.01156
SET_VELOCITY_LIMIT ACCEL=10000
G1 X-5.806 Y-2.798 F30000
SET_VELOCITY_LIMIT ACCEL=5000
;TYPE:Outer wall
G1 F7200
G1 X-5.871 Y-2.759 E.00356
G1 X-6.276 Y-2.613 E.02024
G1 X-6.604 Y-2.563 E.0156
G1 X-6.932 Y-2.57 E.01543
G1 X-7.323 Y-2.655 E.01882
G1 X-7.59 Y-2.769 E.01365
G1 X-7.805 Y-2.901 E.01186
G1 X-8.026 Y-3.089 E.01364
G1 X-8.227 Y-3.291 E.0134
G1 X-8.38 Y-3.494 E.01195
G1 X-8.514 Y-3.74 E.01317
G1 F6780
G1 X-8.629 Y-4.095 E.01755
G1 F5940
G1 X-8.665 Y-4.4 E.01444
G1 F5100
G1 X-8.65 Y-4.707 E.01445
G1 F3960
G1 X-8.556 Y-5.079 E.01804
G1 F3180
G1 X-8.438 Y-5.332 E.01313
G1 F2520
G1 X-8.302 Y-5.539 E.01165
G1 F2280
G1 X-8.109 Y-5.752 E.01352
G1 X-7.898 Y-5.949 E.01357
M106 S255
G1 F2460
G1 X-7.646 Y-6.122 E.01437
G1 F3300
G1 X-7.366 Y-6.25 E.01448
G1 F4200
G1 X-7.156 Y-6.312 E.0103
G1 F5280
G1 X-6.862 Y-6.358 E.01399
G1 F6840
G1 X-6.415 Y-6.337 E.02104
G1 F7200
G1 X-6.09 Y-6.253 E.01579
G1 X-5.784 Y-6.116 E.01577
G1 X-5.503 Y-5.927 E.01592
G1 X-5.253 Y-5.69 E.0162
G1 X-5.033 Y-5.39 E.01749
G1 X-4.879 Y-5.084 E.01611
G1 X-4.796 Y-4.719 E.0176
G1 X-4.784 Y-4.351 E.01731
G1 X-4.836 Y-3.978 E.01771
G1 X-4.967 Y-3.649 E.01665
G1 X-5.165 Y-3.338 E.01734
G1 X-5.397 Y-3.086 E.01611
G1 X-5.599 Y-2.922 E.01224
G1 X-5.775 Y-2.817 E.00964
SET_VELOCITY_LIMIT ACCEL=10000
G1 E-1.2 F2100
;WIPE_START
G1 F7200
G1 X-5.871 Y-2.759
G1 X-6.276 Y-2.613
G1 X-6.604 Y-2.563
G1 X-6.932 Y-2.57
G1 X-7.323 Y-2.655
G1 X-7.59 Y-2.769
G1 X-7.682 Y-2.825
;WIPE_END
G1 X-.294 Y-4.742 Z3.8 F30000
G1 X8.16 Y-6.934 Z3.8
G1 Z3.4
G1 E1.2 F2100
SET_VELOCITY_LIMIT ACCEL=5000
;TYPE:Inner wall
G1 F9000
G1 X8.671 Y-6.911 E.02408
G1 X9.102 Y-6.8 E.0209
G1 X9.497 Y-6.623 E.02036
G1 X9.86 Y-6.379 E.02056
G1 X10.182 Y-6.072 E.0209
G1 X10.461 Y-5.693 E.02217
G1 X10.668 Y-5.28 E.0217
G1 X10.778 Y-4.793 E.02347
G1 X10.795 Y-4.321 E.02224
G1 X10.726 Y-3.83 E.02332
G1 X10.549 Y-3.384 E.02252
G1 X10.294 Y-2.985 E.02228
G1 X10 Y-2.664 E.02048
G1 X9.732 Y-2.447 E.01622
G1 X9.377 Y-2.236 E.01941
G1 X8.867 Y-2.051 E.02555
G1 X8.433 Y-1.985 E.02062
G1 X8 Y-1.994 E.02035
G1 X7.501 Y-2.103 E.02403
G1 X7.145 Y-2.255 E.0182
G1 X6.856 Y-2.432 E.01597
G1 X6.582 Y-2.665 E.01688
G1 X6.336 Y-2.912 E.0164
G1 X6.133 Y-3.18 E.01582
G1 X5.954 Y-3.511 E.01769
G1 X5.805 Y-3.97 E.02268
G1 X5.756 Y-4.38 E.01941
G1 X5.777 Y-4.794 E.01948
G1 X5.898 Y-5.273 E.02324
G1 X6.057 Y-5.614 E.01769
G1 X6.24 Y-5.893 E.01572
G1 X6.48 Y-6.158 E.01678
G1 X6.74 Y-6.4 E.01672
G1 X7.068 Y-6.626 E.01872
G1 X7.431 Y-6.792 E.01877
G1 X7.717 Y-6.877 E.01404
G1 X8.107 Y-6.937 E.01852
G1 X8.124 Y-6.936 E.0008
SET_VELOCITY_LIMIT ACCEL=10000
G1 X8.138 Y-6.358 F30000
SET_VELOCITY_LIMIT ACCEL=5000
;TYPE:Outer wall
G1 F6840
G1 X8.585 Y-6.337 E.02104
G1 F7200
G1 X8.91 Y-6.253 E.01579
G1 X9.216 Y-6.116 E.01577
G1 X9.497 Y-5.927 E.01592
G1 X9.747 Y-5.69 E.0162
G1 X9.967 Y-5.39 E.01749
G1 X10.121 Y-5.084 E.01611
G1 X10.204 Y-4.719 E.0176
G1 X10.216 Y-4.351 E.01731
G1 X10.164 Y-3.978 E.01771
G1 X10.033 Y-3.649 E.01665
G1 X9.835 Y-3.338 E.01734
G1 X9.603 Y-3.086 E.01611
G1 X9.401 Y-2.922 E.01224
G1 X9.129 Y-2.759 E.01491
G1 X8.724 Y-2.613 E.02024
G1 X8.396 Y-2.563 E.0156
G1 X8.068 Y-2.57 E.01543
G1 X7.677 Y-2.655 E.01882
G1 X7.41 Y-2.769 E.01365
G1 X7.195 Y-2.901 E.01186
G1 X6.974 Y-3.089 E.01364
G1 X6.773 Y-3.291 E.0134
G1 X6.62 Y-3.494 E.01195
G1 X6.486 Y-3.74 E.01317
G1 F6780
G1 X6.371 Y-4.095 E.01755
G1 F5940
G1 X6.335 Y-4.4 E.01444
G1 F5100
G1 X6.35 Y-4.707 E.01445
G1 F3960
G1 X6.444 Y-5.079 E.01804
G1 F3180
G1 X6.562 Y-5.332 E.01313
G1 F2520
G1 X6.698 Y-5.539 E.01165
G1 F2280
G1 X6.891 Y-5.752 E.01352
G1 X7.102 Y-5.949 E.01357
M106 S255
G1 F2460
G1 X7.354 Y-6.122 E.01437
G1 F3300
G1 X7.634 Y-6.25 E.01448
G1 F4200
G1 X7.844 Y-6.312 E.0103
G1 F5280
G1 X8.102 Y-6.352 E.01228
SET_VELOCITY_LIMIT ACCEL=10000
G1 E-1.2 F2100
;WIPE_START
G1 F5280
G1 X8.585 Y-6.337
G1 X8.91 Y-6.253
G1 X9.216 Y-6.116
G1 X9.497 Y-5.927
G1 X9.747 Y-5.69
G1 X9.843 Y-5.559
;WIPE_END
G1 X17.461 Y-6.033 Z3.8 F30000
G1 X22.04 Y-6.318 Z3.8
G1 Z3.4
G1 E1.2 F2100
SET_VELOCITY_LIMIT ACCEL=5000
;TYPE:Inner wall
G1 F9000
G1 X22.106 Y-6.349 E.00345
G1 X22.392 Y-6.433 E.01404
G1 X22.782 Y-6.493 E.01852
G1 X23.346 Y-6.467 E.02658
G1 X23.777 Y-6.357 E.0209
G1 X24.172 Y-6.179 E.02036
G1 X24.535 Y-5.936 E.02056
G1 X24.857 Y-5.629 E.0209
G1 X25.136 Y-5.249 E.02217
G1 X25.343 Y-4.837 E.0217
G1 X25.454 Y-4.35 E.02347
G1 X25.47 Y-3.877 E.02224
G1 X25.401 Y-3.386 E.02332
G1 X25.224 Y-2.941 E.02252
G1 X24.969 Y-2.542 E.02228
G1 X24.675 Y-2.221 E.02048
G1 X24.407 Y-2.004 E.01622
G1 X24.052 Y-1.792 E.01941
G1 X23.542 Y-1.607 E.02555
G1 X23.108 Y-1.542 E.02062
G1 X22.675 Y-1.551 E.02035
G1 X22.176 Y-1.66 E.02403
G1 X21.82 Y-1.812 E.0182
G1 X21.531 Y-1.989 E.01597
G1 X21.257 Y-2.221 E.01688
G1 X21.011 Y-2.469 E.0164
G1 X20.808 Y-2.737 E.01582
G1 X20.629 Y-3.068 E.01769
G1 X20.48 Y-3.527 E.02268
G1 X20.431 Y-3.937 E.01941
G1 X20.452 Y-4.35 E.01948
G1 X20.573 Y-4.829 E.02324
G1 X20.732 Y-5.171 E.01769
G1 X20.915 Y-5.45 E.01572
G1 X21.155 Y-5.715 E.01679
G1 X21.415 Y-5.957 E.01672
G1 X21.743 Y-6.182 E.01872
G1 X22.007 Y-6.303 E.01363
SET_VELOCITY_LIMIT ACCEL=10000
G1 X22.28 Y-5.794 F30000
SET_VELOCITY_LIMIT ACCEL=5000
;TYPE:Outer wall
G1 F4020
G1 X22.309 Y-5.807 E.00149
G1 F4200
G1 X22.519 Y-5.869 E.0103
G1 F5280
G1 X22.813 Y-5.914 E.01399
G1 F6840
G1 X23.26 Y-5.894 E.02104
G1 F7200
G1 X23.586 Y-5.81 E.01583
G1 X23.891 Y-5.673 E.01572
G1 X24.172 Y-5.484 E.01592
G1 X24.422 Y-5.246 E.01623
G1 X24.642 Y-4.947 E.01746
G1 X24.796 Y-4.641 E.01611
G1 X24.879 Y-4.276 E.0176
G1 X24.891 Y-3.908 E.01731
G1 X24.839 Y-3.535 E.01771
G1 X24.708 Y-3.206 E.01665
G1 X24.51 Y-2.895 E.01734
G1 X24.278 Y-2.642 E.01614
G1 X24.076 Y-2.478 E.01224
G1 X23.804 Y-2.316 E.01489
G1 X23.399 Y-2.169 E.02026
G1 X23.071 Y-2.12 E.0156
G1 X22.743 Y-2.127 E.01543
G1 X22.352 Y-2.212 E.01882
G1 X22.085 Y-2.326 E.01365
G1 X21.87 Y-2.458 E.01186
G1 X21.649 Y-2.646 E.01364
G1 X21.448 Y-2.848 E.0134
G1 X21.295 Y-3.051 E.01195
G1 X21.161 Y-3.296 E.01313
G1 F6780
G1 X21.046 Y-3.651 E.01755
G1 F5940
G1 X21.01 Y-3.956 E.01444
G1 F5100
G1 X21.025 Y-4.264 E.0145
G1 F3960
G1 X21.119 Y-4.635 E.018
G1 F3180
G1 X21.237 Y-4.889 E.01317
G1 F2520
G1 X21.373 Y-5.096 E.01165
G1 F2280
G1 X21.566 Y-5.309 E.01352
G1 X21.777 Y-5.506 E.01357
M106 S255
G1 F2460
G1 X22.029 Y-5.678 E.01435
G1 F3300
G1 X22.247 Y-5.779 E.0113
SET_VELOCITY_LIMIT ACCEL=10000
G1 E-1.2 F2100
;WIPE_START
G1 F3300
G1 X22.309 Y-5.807
G1 X22.519 Y-5.869
G1 X22.813 Y-5.914
G1 X23.26 Y-5.894
G1 X23.586 Y-5.81
G1 X23.891 Y-5.673
G1 X24.138 Y-5.507
;WIPE_END
G1 X16.529 Y-4.911 Z3.8 F30000
G1 X-23.208 Y-1.798 Z3.8
G1 Z3.4
G1 E1.2 F2100
SET_VELOCITY_LIMIT ACCEL=5000
;TYPE:Inner wall
G1 F9000
G1 X-23.193 Y-1.798 E.00068
G1 X-22.588 Y-1.818 E.02845
G1 X-21.812 Y-1.74 E.03668
G1 X-21.054 Y-1.56 E.03668
G1 X-20.326 Y-1.279 E.03668
G1 X-20.172 Y-1.195 E.00823
G1 X-19.642 Y-.904 E.02845
G1 X-19.014 Y-.442 E.03668
G1 X-18.453 Y.101 E.03668
G1 X-17.97 Y.713 E.03668
G1 X-17.572 Y1.384 E.03668
G1 X-17.268 Y2.102 E.03668
G1 X-17.061 Y2.854 E.03668
G1 X-16.958 Y3.627 E.03668
G1 X-16.958 Y4.407 E.03668
G1 X-17.061 Y5.18 E.03668
G1 X-17.268 Y5.933 E.03668
G1 X-17.572 Y6.651 E.03668
G1 X-17.97 Y7.322 E.03668
G1 X-18.453 Y7.934 E.03668
G1 X-19.014 Y8.476 E.03668
G1 X-19.642 Y8.939 E.03668
G1 X-20.326 Y9.314 E.03668
G1 X-21.054 Y9.594 E.03668
G1 X-21.812 Y9.775 E.03668
G1 X-22.588 Y9.853 E.03668
G1 X-23.368 Y9.827 E.03668
G1 X-23.541 Y9.798 E.00823
G1 X-24.137 Y9.697 E.02845
G1 X-24.882 Y9.466 E.03668
G1 X-25.59 Y9.138 E.03668
G1 X-25.737 Y9.044 E.00823
G1 X-26.247 Y8.718 E.02845
G1 X-26.843 Y8.215 E.03668
G1 X-27.366 Y7.636 E.03668
G1 X-27.465 Y7.492 E.00823
G1 X-27.807 Y6.993 E.02845
G1 X-28.159 Y6.297 E.03668
G1 X-28.415 Y5.56 E.03668
G1 X-28.571 Y4.796 E.03668
G1 X-28.623 Y4.017 E.03668
G1 X-28.571 Y3.239 E.03668
G1 X-28.415 Y2.475 E.03668
G1 X-28.159 Y1.738 E.03668
G1 X-27.807 Y1.042 E.03668
G1 X-27.366 Y.399 E.03668
G1 X-26.843 Y-.18 E.03668
G1 X-26.247 Y-.683 E.03668
G1 X-26.1 Y-.778 E.00823
G1 X-25.59 Y-1.103 E.02845
G1 X-24.882 Y-1.432 E.03668
G1 X-24.137 Y-1.663 E.03668
G1 X-23.368 Y-1.792 E.03668
G1 X-23.244 Y-1.797 E.00586
SET_VELOCITY_LIMIT ACCEL=10000
G1 X-23.188 Y-1.221 F30000
SET_VELOCITY_LIMIT ACCEL=5000
;TYPE:Outer wall
G1 F7200
G1 X-23.174 Y-1.221 E.00068
G1 X-22.608 Y-1.24 E.02663
G1 X-21.909 Y-1.17 E.03305
G1 X-21.225 Y-1.007 E.03305
G1 X-20.569 Y-.755 E.03305
G1 X-20.449 Y-.689 E.00642
G1 X-19.953 Y-.417 E.02663
G1 X-19.387 Y0 E.03305
G1 X-18.882 Y.489 E.03305
G1 X-18.446 Y1.04 E.03305
G1 X-18.088 Y1.645 E.03305
G1 X-17.814 Y2.292 E.03305
G1 X-17.628 Y2.97 E.03305
G1 X-17.535 Y3.666 E.03305
G1 X-17.535 Y4.369 E.03305
G1 X-17.628 Y5.065 E.03305
G1 X-17.814 Y5.743 E.03305
G1 X-18.088 Y6.39 E.03305
G1 X-18.446 Y6.995 E.03305
G1 X-18.882 Y7.546 E.03305
G1 X-19.387 Y8.035 E.03305
G1 X-19.953 Y8.452 E.03305
G1 X-20.569 Y8.789 E.03305
G1 X-21.225 Y9.042 E.03305
G1 X-21.909 Y9.205 E.03305
G1 X-22.608 Y9.275 E.03305
G1 X-23.31 Y9.252 E.03305
G1 X-23.445 Y9.229 E.00642
G1 X-24.003 Y9.135 E.02663
G1 X-24.674 Y8.927 E.03305
G1 X-25.312 Y8.631 E.03305
G1 X-25.427 Y8.557 E.00642
G1 X-25.904 Y8.253 E.02663
G1 X-26.441 Y7.799 E.03305
G1 X-26.912 Y7.278 E.03305
G1 X-26.989 Y7.165 E.00642
G1 X-27.31 Y6.698 E.02663
G1 X-27.627 Y6.071 E.03305
G1 X-27.857 Y5.407 E.03305
G1 X-27.997 Y4.719 E.03305
G1 X-28.044 Y4.017 E.03305
G1 X-27.997 Y3.316 E.03305
G1 X-27.857 Y2.628 E.03305
G1 X-27.627 Y1.964 E.03305
G1 X-27.31 Y1.336 E.03305
G1 X-26.912 Y.757 E.03305
G1 X-26.441 Y.236 E.03305
G1 X-25.904 Y-.218 E.03305
G1 X-25.789 Y-.291 E.00642
G1 X-25.312 Y-.596 E.02663
G1 X-24.674 Y-.892 E.03305
G1 X-24.003 Y-1.1 E.03305
G1 X-23.31 Y-1.217 E.03305
G1 X-23.224 Y-1.22 E.00404
SET_VELOCITY_LIMIT ACCEL=10000
G1 E-1.2 F2100
;WIPE_START
G1 F7200
G1 X-23.174 Y-1.221
G1 X-22.608 Y-1.24
G1 X-21.909 Y-1.17
G1 X-21.247 Y-1.012
;WIPE_END
G1 X-13.684 Y-2.04 Z3.8 F30000
G1 X30.924 Y-8.101 Z3.8
G1 Z3.4
G1 E1.2 F2100
SET_VELOCITY_LIMIT ACCEL=5000
;TYPE:Inner wall
G1 F9000
G1 X31.314 Y-7.222 E.04523
G1 X31.573 Y-6.421 E.03958
G1 X31.757 Y-5.6 E.03958
G1 X31.865 Y-4.765 E.03958
G1 X31.895 Y-3.924 E.03958
G1 X31.848 Y-3.084 E.03958
G1 X31.723 Y-2.251 E.03958
G1 X31.522 Y-1.434 E.03958
G1 X31.246 Y-.639 E.03958
G1 X30.898 Y.128 E.03958
G1 X30.541 Y.754 E.03391
G1 X29.998 Y1.548 E.04523
G1 X29.454 Y2.19 E.03958
G1 X28.853 Y2.779 E.03958
G1 X28.2 Y3.31 E.03958
G1 X27.501 Y3.779 E.03958
G1 X26.761 Y4.181 E.03958
G1 X25.988 Y4.513 E.03958
G1 X25.187 Y4.772 E.03958
G1 X24.346 Y4.961 E.04054
G1 X-21.181 Y12.988 E2.1739
G1 X-22.036 Y13.099 E.04054
M73 P74 R1
G1 X-22.877 Y13.129 E.03958
G1 X-23.717 Y13.081 E.03958
G1 X-24.55 Y12.957 E.03958
G1 X-25.367 Y12.755 E.03958
G1 X-26.162 Y12.48 E.03958
G1 X-26.929 Y12.132 E.03958
G1 X-27.66 Y11.715 E.03958
G1 X-28.349 Y11.232 E.03958
G1 X-28.991 Y10.688 E.03958
G1 X-29.58 Y10.087 E.03958
G1 X-30.111 Y9.434 E.03958
G1 X-30.58 Y8.734 E.03958
G1 X-30.982 Y7.995 E.03958
G1 X-31.314 Y7.222 E.03958
G1 X-31.573 Y6.421 E.03958
G1 X-31.757 Y5.6 E.03958
G1 X-31.865 Y4.765 E.03958
G1 X-31.895 Y3.924 E.03958
G1 X-31.848 Y3.084 E.03958
G1 X-31.723 Y2.251 E.03958
G1 X-31.522 Y1.434 E.03958
G1 X-31.246 Y.639 E.03958
G1 X-30.898 Y-.128 E.03958
G1 X-30.481 Y-.859 E.03958
G1 X-29.998 Y-1.548 E.03958
G1 X-29.454 Y-2.19 E.03958
G1 X-28.853 Y-2.779 E.03958
G1 X-28.2 Y-3.31 E.03958
G1 X-27.501 Y-3.779 E.03958
G1 X-26.761 Y-4.181 E.03958
G1 X-25.988 Y-4.513 E.03958
G1 X-25.187 Y-4.772 E.03958
G1 X-24.346 Y-4.961 E.04054
G1 X21.181 Y-12.988 E2.1739
G1 X22.036 Y-13.099 E.04054
G1 X22.877 Y-13.129 E.03958
G1 X23.597 Y-13.088 E.03391
G1 X24.55 Y-12.956 E.04523
G1 X25.367 Y-12.755 E.03958
G1 X26.162 Y-12.48 E.03958
G1 X26.929 Y-12.132 E.03958
G1 X27.66 Y-11.715 E.03958
G1 X28.349 Y-11.232 E.03958
G1 X28.991 Y-10.688 E.03958
G1 X29.58 Y-10.087 E.03958
G1 X30.111 Y-9.434 E.03958
G1 X30.579 Y-8.734 E.03958
G1 X30.907 Y-8.133 E.03221
SET_VELOCITY_LIMIT ACCEL=10000
G1 X31.435 Y-8.366 F30000
SET_VELOCITY_LIMIT ACCEL=5000
;TYPE:Outer wall
G1 F7200
G1 X31.854 Y-7.425 E.04846
G1 X32.13 Y-6.573 E.04209
G1 X32.326 Y-5.7 E.04209
G1 X32.441 Y-4.812 E.04209
G1 X32.473 Y-3.918 E.04209
G1 X32.422 Y-3.024 E.04209
G1 X32.289 Y-2.139 E.04209
G1 X32.076 Y-1.27 E.04209
G1 X31.782 Y-.424 E.04209
G1 X31.413 Y.391 E.04209
G1 X31.042 Y1.04 E.03516
G1 X30.456 Y1.901 E.04899
G1 X29.877 Y2.584 E.04209
G1 X29.238 Y3.21 E.04209
G1 X28.543 Y3.775 E.04209
G1 X27.8 Y4.273 E.04209
G1 X27.013 Y4.7 E.04209
G1 X26.191 Y5.053 E.04209
G1 X25.339 Y5.329 E.04209
G1 X24.459 Y5.527 E.04242
G1 X-21.094 Y13.559 E2.17516
G1 X-21.989 Y13.674 E.04242
G1 X-22.883 Y13.707 E.04209
G1 X-23.777 Y13.656 E.04209
G1 X-24.662 Y13.523 E.04209
G1 X-25.531 Y13.309 E.04209
G1 X-26.376 Y13.016 E.04209
G1 X-27.191 Y12.646 E.04209
G1 X-27.969 Y12.203 E.04209
G1 X-28.702 Y11.69 E.04209
G1 X-29.385 Y11.111 E.04209
G1 X-30.011 Y10.471 E.04209
G1 X-30.576 Y9.777 E.04209
G1 X-31.074 Y9.033 E.04209
G1 X-31.501 Y8.247 E.04209
G1 X-31.854 Y7.425 E.04209
G1 X-32.13 Y6.573 E.04209
G1 X-32.326 Y5.7 E.04209
G1 X-32.441 Y4.812 E.04209
G1 X-32.473 Y3.918 E.04209
G1 X-32.422 Y3.024 E.04209
G1 X-32.289 Y2.139 E.04209
G1 X-32.076 Y1.27 E.04209
G1 X-31.782 Y.424 E.04209
G1 X-31.413 Y-.39 E.04209
G1 X-30.969 Y-1.168 E.04209
G1 X-30.456 Y-1.901 E.04209
G1 X-29.877 Y-2.584 E.04209
G1 X-29.238 Y-3.21 E.04209
G1 X-28.543 Y-3.775 E.04209
G1 X-27.8 Y-4.273 E.04209
G1 X-27.013 Y-4.7 E.04209
G1 X-26.191 Y-5.053 E.04209
G1 X-25.339 Y-5.329 E.04209
G1 X-24.459 Y-5.527 E.04242
G1 X21.094 Y-13.559 E2.17515
G1 X21.988 Y-13.674 E.04243
G1 X22.883 Y-13.706 E.04209
G1 X23.629 Y-13.664 E.03516
G1 X24.662 Y-13.523 E.04899
G1 X25.531 Y-13.309 E.04209
G1 X26.376 Y-13.016 E.04209
G1 X27.191 Y-12.646 E.04209
G1 X27.969 Y-12.203 E.04209
G1 X28.702 Y-11.69 E.04209
G1 X29.385 Y-11.111 E.04209
G1 X30.011 Y-10.471 E.04209
G1 X30.576 Y-9.777 E.04209
G1 X31.074 Y-9.033 E.04209
G1 X31.419 Y-8.398 E.034
SET_VELOCITY_LIMIT ACCEL=10000
G1 E-1.2 F2100
;WIPE_START
G1 F7200
G1 X31.854 Y-7.425
G1 X32.13 Y-6.573
G1 X32.138 Y-6.536
;WIPE_END
G1 X27.453 Y-11.733 Z3.8 F30000
G1 Z3.4
G1 E1.2 F2100
SET_VELOCITY_LIMIT ACCEL=7000
;TYPE:Internal solid infill
;WIDTH:0.624492
G1 F9000
G1 X29.321 Y-9.856 E.12555
G1 X29.832 Y-9.228 E.03837
G1 X30.283 Y-8.555 E.03837
G1 X30.613 Y-7.948 E.03275
G1 X30.77 Y-7.593 E.01838
G1 X26.348 Y-12.015 E.29635
G1 X26.034 Y-12.158 E.01638
G1 X25.269 Y-12.423 E.03837
G1 X25.069 Y-12.472 E.00976
G1 X31.246 Y-6.295 E.41402
G1 X31.416 Y-5.539 E.03668
G1 X31.451 Y-5.268 E.01299
G1 X24.041 Y-12.677 E.49659
G1 X23.563 Y-12.743 E.02286
G1 X23.128 Y-12.768 E.02066
G1 X31.533 Y-4.363 E.56328
G1 X31.548 Y-3.927 E.02067
G1 X31.527 Y-3.547 E.01807
G1 X22.312 Y-12.762 E.61762
G1 X22.064 Y-12.753 E.01172
G1 X21.563 Y-12.688 E.02397
G1 X31.454 Y-2.797 E.66295
G1 X31.383 Y-2.318 E.02292
G1 X31.329 Y-2.1 E.01067
G1 X20.85 Y-12.578 E.70228
G1 X20.151 Y-12.455 E.03365
G1 X31.16 Y-1.447 E.7378
G1 X30.948 Y-.836 E.03063
G1 X19.452 Y-12.332 E.77047
G1 X18.753 Y-12.208 E.03365
G1 X30.696 Y-.265 E.80046
G1 X30.589 Y-.03 E.01223
G1 X30.415 Y.276 E.0167
G1 X25.8 Y-4.338 E.30926
G1 X25.817 Y-3.859 E.02271
G1 X25.773 Y-3.543 E.01513
G1 X30.101 Y.784 E.29005
G1 X29.767 Y1.273 E.02805
G1 X25.584 Y-2.909 E.28032
G1 X25.534 Y-2.783 E.00647
G1 X25.282 Y-2.389 E.02214
G1 X29.395 Y1.724 E.27565
G1 X29.2 Y1.954 E.01429
G1 X29 Y2.151 E.01332
G1 X24.895 Y-1.954 E.27508
G1 X24.606 Y-1.719 E.01766
G1 X24.419 Y-1.608 E.01031
M73 P75 R1
G1 X28.581 Y2.554 E.27893
G1 X28.127 Y2.923 E.02771
G1 X23.852 Y-1.352 E.28649
G1 X23.627 Y-1.27 E.01135
G1 X23.179 Y-1.202 E.02148
G1 X27.833 Y3.452 E.31192
SET_VELOCITY_LIMIT ACCEL=10000
G1 E-1.2 F2100
;WIPE_START
G1 F9000
G1 X26.419 Y2.037
;WIPE_END
G1 X24.069 Y-5.224 Z3.8 F30000
G1 X23.664 Y-6.475 Z3.8
G1 Z3.4
G1 E1.2 F2100
SET_VELOCITY_LIMIT ACCEL=7000
G1 F9000
G1 X18.054 Y-12.085 E.376
G1 X17.354 Y-11.962 E.03365
G1 X22.514 Y-6.802 E.34579
G1 X22.317 Y-6.772 E.00945
G1 X21.984 Y-6.674 E.01643
G1 X21.872 Y-6.622 E.00587
G1 X16.655 Y-11.839 E.34962
G1 X15.956 Y-11.715 E.03365
G1 X21.343 Y-6.328 E.36107
G1 X21.198 Y-6.228 E.00837
G1 X20.9 Y-5.949 E.01934
G1 X15.257 Y-11.592 E.37821
G1 X14.558 Y-11.469 E.03365
G1 X20.531 Y-5.495 E.40034
G1 X20.429 Y-5.34 E.00884
G1 X20.249 Y-4.954 E.02013
G1 X13.858 Y-11.345 E.42833
G1 X13.159 Y-11.222 E.03365
G1 X20.349 Y-4.032 E.48186
SET_VELOCITY_LIMIT ACCEL=10000
G1 X12.236 Y-11.323 F30000
SET_VELOCITY_LIMIT ACCEL=7000
G1 F9000
G1 X20.156 Y-3.403 E.53083
G1 X20.309 Y-2.931 E.02351
G1 X20.516 Y-2.549 E.02057
G1 X20.749 Y-2.241 E.01829
G1 X21.022 Y-1.967 E.01834
G1 X21.327 Y-1.708 E.01898
G1 X21.661 Y-1.503 E.01856
G1 X22.07 Y-1.329 E.02109
G1 X22.275 Y-1.284 E.00994
G1 X27.14 Y3.581 E.32602
G1 X26.607 Y3.87 E.02874
G1 X11.761 Y-10.976 E.99498
G1 X11.062 Y-10.852 E.03365
G1 X26.031 Y4.117 E1.00327
G1 X25.423 Y4.332 E.03056
G1 X10.363 Y-10.729 E1.00937
G1 X9.663 Y-10.606 E.03365
G1 X24.778 Y4.509 E1.01299
G1 X24.099 Y4.653 E.03288
G1 X8.964 Y-10.483 E1.01436
G1 X8.265 Y-10.359 E.03365
G1 X23.4 Y4.776 E1.01436
G1 X22.701 Y4.899 E.03365
G1 X7.566 Y-10.236 E1.01436
G1 X6.867 Y-10.113 E.03365
G1 X22.002 Y5.022 E1.01436
G1 X21.303 Y5.146 E.03365
G1 X11.066 Y-5.091 E.68607
G1 X10.996 Y-5.398 E.01492
G1 X10.757 Y-5.874 E.02525
G1 X10.442 Y-6.302 E.02518
G1 X10.077 Y-6.65 E.0239
G1 X9.665 Y-6.926 E.02351
G1 X9.217 Y-7.128 E.02331
G1 X8.964 Y-7.193 E.01236
G1 X6.167 Y-9.989 E.18743
G1 X5.468 Y-9.866 E.03365
G1 X8.055 Y-7.279 E.17338
G1 X7.642 Y-7.215 E.01983
G1 X7.375 Y-7.137 E.01316
G1 X4.769 Y-9.743 E.17467
G1 X4.07 Y-9.62 E.03365
G1 X6.817 Y-6.873 E.18409
G1 X6.523 Y-6.671 E.01689
G1 X6.354 Y-6.513 E.01097
G1 X3.371 Y-9.496 E.19991
G1 X2.672 Y-9.373 E.03365
G1 X5.955 Y-6.089 E.22006
G1 X5.754 Y-5.783 E.01739
G1 X5.654 Y-5.568 E.01122
G1 X1.972 Y-9.25 E.24673
G1 X1.273 Y-9.126 E.03365
G1 X5.686 Y-4.713 E.29576
SET_VELOCITY_LIMIT ACCEL=10000
G1 E-1.2 F2100
;WIPE_START
G1 F9000
G1 X4.272 Y-6.128
;WIPE_END
G17
G3 Z3.8 I-.298 J1.18 P1  F30000
G1 X10.877 Y-4.458 Z3.8
G1 Z3.4
G1 E1.2 F2100
SET_VELOCITY_LIMIT ACCEL=7000
G1 F9000
G1 X20.603 Y5.269 E.65188
G1 X19.904 Y5.392 E.03365
G1 X10.98 Y-3.531 E.59807
G1 X10.859 Y-3.226 E.01559
G1 X10.705 Y-2.985 E.01356
G1 X19.205 Y5.516 E.56969
G1 X18.506 Y5.639 E.03365
M73 P76 R1
G1 X10.342 Y-2.525 E.54714
G1 X10.238 Y-2.411 E.00731
G1 X9.9 Y-2.144 E.02039
G1 X17.807 Y5.762 E.5299
G1 X17.107 Y5.885 E.03365
G1 X9.361 Y-1.861 E.51919
G1 X8.952 Y-1.713 E.02059
G1 X8.721 Y-1.678 E.01108
G1 X16.408 Y6.009 E.5152
G1 X15.709 Y6.132 E.03365
G1 X7.92 Y-1.657 E.52203
G1 X7.395 Y-1.772 E.02545
G1 X6.986 Y-1.946 E.02109
G1 X6.652 Y-2.151 E.01856
G1 X6.347 Y-2.41 E.01898
G1 X6.074 Y-2.685 E.01834
G1 X5.841 Y-2.993 E.01829
G1 X5.634 Y-3.374 E.02057
G1 X5.465 Y-3.895 E.02597
G1 X5.436 Y-4.141 E.01175
G1 X.574 Y-9.003 E.32583
G1 X-.125 Y-8.88 E.03365
G1 X15.01 Y6.255 E1.01436
G1 X14.311 Y6.379 E.03365
G1 X-.824 Y-8.757 E1.01436
G1 X-1.524 Y-8.633 E.03365
G1 X13.612 Y6.502 E1.01436
G1 X12.912 Y6.625 E.03365
G1 X-2.223 Y-8.51 E1.01436
G1 X-2.922 Y-8.387 E.03365
G1 X12.213 Y6.748 E1.01436
G1 X11.514 Y6.872 E.03365
G1 X-3.621 Y-8.263 E1.01436
G1 X-4.32 Y-8.14 E.03365
G1 X10.815 Y6.995 E1.01436
G1 X10.116 Y7.118 E.03365
G1 X-5.019 Y-8.017 E1.01436
G1 X-5.719 Y-7.894 E.03365
G1 X9.416 Y7.242 E1.01436
G1 X8.717 Y7.365 E.03365
G1 X-3.992 Y-5.344 E.85176
G1 X-3.877 Y-4.838 E.02459
G1 X-3.861 Y-4.391 E.02121
G1 X8.018 Y7.488 E.79615
G1 X7.319 Y7.611 E.03365
G1 X-3.964 Y-3.671 E.75618
G1 X-4.141 Y-3.226 E.02272
G1 X-4.219 Y-3.104 E.00685
G1 X6.62 Y7.735 E.72642
G1 X5.921 Y7.858 E.03365
G1 X-4.564 Y-2.627 E.70271
G1 X-4.762 Y-2.411 E.01388
G1 X-4.988 Y-2.228 E.01377
G1 X5.221 Y7.981 E.68425
G1 X4.522 Y8.105 E.03365
G1 X-5.496 Y-1.913 E.6714
G1 X-5.903 Y-1.766 E.02051
G1 X-5.792 Y-1.739 E.0054
G1 X-5.798 Y-1.715 E.0012
G1 X-5.647 Y-1.678 E.00735
G1 X-5.66 Y-1.634 E.00218
G1 X-5.546 Y-1.594 E.00569
G1 X-5.664 Y-1.259 E.01684
G1 X-5.162 Y-1.042 E.0259
G1 X-4.75 Y-.766 E.02351
G1 X-4.385 Y-.418 E.0239
G1 X-4.07 Y.01 E.02518
G1 X-3.831 Y.486 E.02525
G1 X-3.806 Y.599 E.00548
G1 X3.823 Y8.228 E.51128
G1 X3.124 Y8.351 E.03365
G1 X-3.687 Y1.54 E.45646
G1 X-3.764 Y2.144 E.02883
G1 X-3.804 Y2.245 E.00519
G1 X2.425 Y8.474 E.41747
G1 X1.725 Y8.598 E.03365
G1 X-4.064 Y2.808 E.38803
G1 X-4.258 Y3.111 E.01702
G1 X-4.414 Y3.281 E.01095
G1 X1.026 Y8.721 E.36459
G1 X.327 Y8.844 E.03365
G1 X-4.841 Y3.676 E.34636
G1 X-5.357 Y3.983 E.02844
G1 X-.372 Y8.968 E.33406
G1 X-1.071 Y9.091 E.03365
G1 X-5.976 Y4.186 E.32872
G1 X-6.372 Y4.246 E.01898
M73 P77 R1
G1 X-6.746 Y4.238 E.01775
G1 X-1.546 Y9.438 E.34852
SET_VELOCITY_LIMIT ACCEL=10000
G1 E-1.2 F2100
;WIPE_START
G1 F9000
G1 X-2.961 Y8.024
;WIPE_END
G1 X-6.968 Y1.529 Z3.8 F30000
G1 X-12.235 Y-7.008 Z3.8
G1 Z3.4
G1 E1.2 F2100
SET_VELOCITY_LIMIT ACCEL=7000
G1 F9000
G1 X-9.591 Y-4.364 E.17723
G1 X-9.535 Y-3.895 E.02236
G1 X-9.366 Y-3.374 E.02597
G1 X-9.297 Y-3.247 E.00684
G1 X-12.711 Y-6.661 E.22877
G1 X-13.41 Y-6.537 E.03365
G1 X-7.921 Y-1.048 E.36788
G1 X-8.305 Y-.787 E.02201
G1 X-8.396 Y-.702 E.00594
G1 X-14.109 Y-6.414 E.38285
G1 X-14.808 Y-6.291 E.03365
G1 X-8.803 Y-.286 E.40244
G1 X-9.074 Y.101 E.0224
G1 X-9.126 Y.214 E.00587
G1 X-15.507 Y-6.168 E.42767
G1 X-16.206 Y-6.044 E.03365
G1 X-9.34 Y.822 E.4602
G1 X-9.395 Y1.039 E.01058
G1 X-9.412 Y1.572 E.0253
G1 X-16.906 Y-5.921 E.5022
G1 X-17.605 Y-5.798 E.03365
G1 X-2.47 Y9.337 E1.01436
G1 X-3.169 Y9.461 E.03365
G1 X-18.304 Y-5.674 E1.01436
G1 X-19.003 Y-5.551 E.03365
G1 X-3.868 Y9.584 E1.01436
G1 X-4.567 Y9.707 E.03365
G1 X-19.702 Y-5.428 E1.01436
G1 X-20.402 Y-5.305 E.03365
G1 X-5.266 Y9.831 E1.01436
G1 X-5.966 Y9.954 E.03365
G1 X-21.101 Y-5.181 E1.01436
G1 X-21.8 Y-5.058 E.03365
G1 X-6.665 Y10.077 E1.01436
G1 X-7.364 Y10.2 E.03365
G1 X-22.499 Y-4.935 E1.01436
G1 X-23.198 Y-4.811 E.03365
G1 X-8.063 Y10.324 E1.01436
G1 X-8.762 Y10.447 E.03365
G1 X-16.834 Y2.376 E.54094
G1 X-16.721 Y2.785 E.02012
G1 X-16.64 Y3.392 E.02901
G1 X-9.462 Y10.57 E.4811
G1 X-10.161 Y10.694 E.03365
G1 X-16.611 Y4.243 E.43232
G1 X-16.611 Y4.431 E.00889
G1 X-16.687 Y4.99 E.02676
G1 X-10.86 Y10.817 E.39051
G1 X-11.559 Y10.94 E.03365
G1 X-16.835 Y5.664 E.3536
G1 X-16.94 Y6.047 E.01879
G1 X-17.04 Y6.282 E.01212
G1 X-12.258 Y11.063 E.32045
G1 X-12.957 Y11.187 E.03365
G1 X-17.29 Y6.854 E.29037
G1 X-17.596 Y7.371 E.02845
G1 X-13.657 Y11.31 E.26402
G1 X-14.356 Y11.433 E.03365
G1 X-17.943 Y7.846 E.24039
G1 X-18.196 Y8.167 E.01935
G1 X-18.322 Y8.289 E.00834
G1 X-15.055 Y11.557 E.21897
G1 X-15.754 Y11.68 E.03365
G1 X-18.924 Y8.51 E.21244
SET_VELOCITY_LIMIT ACCEL=10000
G1 X-19.126 Y10.689 F30000
SET_VELOCITY_LIMIT ACCEL=7000
;WIDTH:0.823484
G1 F9000
G1 X-19.223 Y10.689 E.00621
G1 X-19.272 Y10.773 E.00621
G1 X-19.223 Y10.858 E.00621
G1 X-19.126 Y10.858 E.00621
G1 X-19.095 Y10.804 E.00392
SET_VELOCITY_LIMIT ACCEL=10000
G1 X-17.772 Y11.215 F30000
SET_VELOCITY_LIMIT ACCEL=7000
;WIDTH:0.619999
G1 F9000
G1 X-19.055 Y9.933 E.08531
G1 X-19.893 Y10.384 E.04475
G1 X-20.734 Y10.702 E.04229
G1 X-19.854 Y11.582 E.05853
G1 X-17.808 Y11.222 E.09769
SET_VELOCITY_LIMIT ACCEL=10000
G1 X-16.581 Y11.591 F30000
SET_VELOCITY_LIMIT ACCEL=7000
G1 F9000
G1 X-18.993 Y9.178 E.16046
G1 X-19.347 Y9.436 E.02059
G1 X-20.065 Y9.829 E.0385
G1 X-20.864 Y10.14 E.04031
G1 X-21.697 Y10.341 E.0403
G1 X-21.889 Y10.363 E.00909
G1 X-20.049 Y12.203 E.12236
G1 X-16.616 Y11.597 E.16395
SET_VELOCITY_LIMIT ACCEL=10000
G1 E-1.2 F2100
;WIPE_START
G1 F9000
G1 X-18.586 Y11.945
;WIPE_END
G1 X-24.68 Y7.35 Z3.8 F30000
G1 X-28.689 Y4.329 Z3.8
G1 Z3.4
G1 E1.2 F2100
M73 P78 R1
SET_VELOCITY_LIMIT ACCEL=7000
;WIDTH:0.663281
G1 F9000
G1 X-31.248 Y1.77 E.18296
G1 X-31.383 Y2.318 E.02856
G1 X-31.407 Y2.487 E.00863
G1 X-28.547 Y5.348 E.20453
SET_VELOCITY_LIMIT ACCEL=10000
G1 E-1.2 F2100
;WIPE_START
G1 F9000
G1 X-29.961 Y3.934
;WIPE_END
G1 X-24.209 Y8.951 Z3.8 F30000
G1 X-23.095 Y9.923 Z3.8
G1 Z3.4
G1 E1.2 F2100
SET_VELOCITY_LIMIT ACCEL=7000
G1 F9000
G1 X-20.501 Y12.517 E.18544
G1 X-21.249 Y12.646 E.03839
G1 X-24.104 Y9.791 E.20409
SET_VELOCITY_LIMIT ACCEL=10000
G1 X-21.797 Y12.975 F30000
SET_VELOCITY_LIMIT ACCEL=7000
G1 F9000
G1 X-24.971 Y9.801 E.22687
G1 X-25.756 Y9.442 E.04367
G1 X-26.453 Y8.998 E.04177
G1 X-27.084 Y8.464 E.04177
G1 X-27.638 Y7.851 E.04177
G1 X-28.106 Y7.17 E.04177
G1 X-28.479 Y6.432 E.04177
G1 X-28.553 Y6.219 E.0114
G1 X-31.495 Y3.277 E.21032
G1 X-31.52 Y3.766 E.02476
G1 X-31.503 Y4.147 E.01925
G1 X-22.867 Y12.782 E.61734
G1 X-23.809 Y12.717 E.04773
G1 X-31.401 Y5.126 E.54273
G1 X-31.318 Y5.666 E.02761
G1 X-31.375 Y5.723 E.00406
G1 X-31.286 Y6.118 E.02049
G1 X-24.887 Y12.517 E.45746
G1 X-25.269 Y12.423 E.01987
G1 X-26.034 Y12.158 E.04093
G1 X-26.198 Y12.083 E.00912
G1 X-30.844 Y7.437 E.33216
G1 X-30.67 Y7.844 E.02237
G1 X-30.283 Y8.555 E.04093
G1 X-29.832 Y9.228 E.04093
G1 X-29.403 Y9.756 E.03444
G1 X-27.389 Y11.77 E.14395
SET_VELOCITY_LIMIT ACCEL=10000
G1 E-1.2 F2100
;WIPE_START
G1 F9000
G1 X-28.803 Y10.355
;WIPE_END
G1 X-24.952 Y3.766 Z3.8 F30000
G1 X-21.439 Y-2.245 Z3.8
G1 Z3.4
G1 E1.2 F2100
SET_VELOCITY_LIMIT ACCEL=7000
;WIDTH:0.619999
G1 F9000
G1 X-23.686 Y-4.491 E.1494
G1 X-24.232 Y-4.395 E.02611
G1 X-25.035 Y-4.215 E.03866
G1 X-25.785 Y-3.972 E.03707
G1 X-26.509 Y-3.661 E.03707
G1 X-27.202 Y-3.284 E.03707
G1 X-27.856 Y-2.846 E.03707
G1 X-28.468 Y-2.348 E.03707
G1 X-29.031 Y-1.797 E.03707
G1 X-29.541 Y-1.195 E.03707
G1 X-29.993 Y-.55 E.03707
G1 X-30.384 Y.135 E.03707
G1 X-30.709 Y.853 E.03707
G1 X-30.887 Y1.365 E.0255
G1 X-29.135 Y3.118 E.11654
G1 X-28.977 Y2.341 E.03727
G1 X-28.698 Y1.53 E.04031
G1 X-28.314 Y.764 E.0403
G1 X-27.831 Y.056 E.04031
G1 X-27.461 Y-.356 E.02604
G1 X-27.072 Y-.742 E.02576
G1 X-26.605 Y-1.137 E.02876
G1 X-26.078 Y-1.476 E.0295
G1 X-25.596 Y-1.737 E.02576
G1 X-25.108 Y-1.963 E.02531
G1 X-24.439 Y-2.173 E.03295
G1 X-23.407 Y-2.368 E.04941
G1 X-22.588 Y-2.396 E.0385
G1 X-21.735 Y-2.313 E.0403
G1 X-21.474 Y-2.253 E.0126
SET_VELOCITY_LIMIT ACCEL=10000
G1 X-23.205 Y-3.053 F30000
SET_VELOCITY_LIMIT ACCEL=7000
;WIDTH:0.815186
G1 F9000
G1 X-23.915 Y-3.763 E.0632
G1 X-24.512 Y-3.643 E.03829
G1 X-25.504 Y-3.355 E.06503
G1 X-26.197 Y-3.059 E.04742
G1 X-26.835 Y-2.714 E.04567
G1 X-27.357 Y-2.37 E.03931
G1 X-28.003 Y-1.855 E.05203
G1 X-28.522 Y-1.348 E.04566
G1 X-28.883 Y-.931 E.03469
G1 X-29.412 Y-.202 E.05664
G1 X-29.771 Y.428 E.04566
G1 X-30.114 Y1.188 E.05247
G1 X-29.503 Y1.799 E.05443
G1 X-29.333 Y1.31 E.0326
G1 X-29.088 Y.795 E.03588
G1 X-28.849 Y.35 E.03178
G1 X-28.386 Y-.325 E.05152
G1 X-27.963 Y-.81 E.04051
G1 X-27.509 Y-1.258 E.04015
G1 X-27.04 Y-1.651 E.03849
G1 X-26.442 Y-2.046 E.04513
G1 X-25.881 Y-2.35 E.04015
G1 X-25.391 Y-2.573 E.03387
G1 X-24.639 Y-2.819 E.04974
G1 X-23.981 Y-2.961 E.04237
G1 X-23.429 Y-3.045 E.03514
G1 X-23.241 Y-3.052 E.01186
SET_VELOCITY_LIMIT ACCEL=10000
G1 X-8.99 Y-2.649 F30000
SET_VELOCITY_LIMIT ACCEL=7000
;WIDTH:0.55292
G1 F9000
G1 X-8.412 Y-2.082 E.03363
;WIDTH:0.569318
G1 X-8.056 Y-1.822 E.01891
;WIDTH:0.602114
G1 X-7.7 Y-1.562 E.02009
;WIDTH:0.636888
G1 X-7.655 Y-1.537 E.00251
;WIDTH:0.655264
G1 X-7.61 Y-1.511 E.00259
SET_VELOCITY_LIMIT ACCEL=10000
G1 X-6.677 Y-1.555 F30000
;TYPE:Gap infill
;WIDTH:0.308109
G1 F9000
G1 X-6.647 Y-1.577 E.00081
;WIDTH:0.26166
G1 X-6.617 Y-1.6 E.00067
;WIDTH:0.215211
G1 X-6.587 Y-1.622 E.00053
;WIDTH:0.168762
G1 X-6.556 Y-1.645 E.00039
;WIDTH:0.130198
G1 X-6.391 Y-1.686 E.00121
G1 X-6.474 Y-1.443 F30000
;WIDTH:0.246298
G1 F9000
G1 X-6.353 Y-1.415 E.00206
;WIDTH:0.199896
G1 X-6.232 Y-1.386 E.00159
;WIDTH:0.15186
G1 X-6.102 Y-1.354 E.00118
;WIDTH:0.127864
G1 X-6.009 Y-1.322 E.00069
G1 X-6.474 Y-1.443 F30000
;WIDTH:0.292701
G1 F9000
G1 X-6.595 Y-1.472 E.00253
;WIDTH:0.337959
G1 X-6.654 Y-1.493 E.0015
G1 X-6.677 Y-1.555 E.00158
G1 E-1.2 F2100
;WIPE_START
G1 F9000
G1 X-6.654 Y-1.493
G1 X-6.595 Y-1.472
;WIPE_END
G17
G3 Z3.8 I1.113 J-.493 P1  F30000
G1 X-8.905 Y-6.685 Z3.8
G1 Z3.4
G1 E1.2 F2100
SET_VELOCITY_LIMIT ACCEL=7000
;TYPE:Internal solid infill
;WIDTH:0.78189
G1 F9000
G1 X-9.002 Y-6.998 E.01977
G1 X-10.336 Y-6.763 E.08157
G1 X-9.514 Y-5.94 E.07004
G1 X-9.253 Y-6.329 E.02819
G1 X-8.93 Y-6.659 E.0278
SET_VELOCITY_LIMIT ACCEL=10000
G1 X-8.355 Y-7.133 F30000
;TYPE:Gap infill
;WIDTH:0.62495
G1 F9000
G1 X-8.07 Y-7.222 E.01419
;WIDTH:0.606794
G1 X-7.784 Y-7.311 E.01374
;WIDTH:0.554299
G1 X-7.384 Y-7.405 E.01715
G1 X-6.947 Y-7.477 E.01843
;WIDTH:0.572165
G1 X-6.627 Y-7.501 E.01387
;WIDTH:0.611878
G1 X-6.357 Y-7.518 E.01255
;WIDTH:0.648224
G1 X-6.086 Y-7.535 E.01335
;LAYER_CHANGE
;Z:3.6
;HEIGHT:0.2
;BEFORE_LAYER_CHANGE
;3.6
G1 E-1.2 F2100
;WIPE_START
G1 F9000
G1 X-6.357 Y-7.518
;WIPE_END
;AFTER_LAYER_CHANGE
;3.6
;_SET_FAN_SPEED_CHANGING_LAYER
G17
G3 Z4 I-1.169 J-.338 P1  F30000
G1 X-9.186 Y2.265 Z4
G1 Z3.6
G1 E1.2 F2100
SET_VELOCITY_LIMIT ACCEL=5000
;TYPE:Inner wall
;WIDTH:0.62
G1 F9000
G1 X-9.241 Y2.068 E.00964
G1 X-9.286 Y1.632 E.0206
G1 X-9.256 Y1.199 E.0204
G1 X-9.155 Y.782 E.0202
G1 X-8.986 Y.391 E.02
G1 X-8.75 Y.03 E.02028
G1 X-8.399 Y-.331 E.02371
G1 X-8.08 Y-.555 E.01832
G1 X-7.737 Y-.724 E.01797
G1 X-7.145 Y-.893 E.02898
G1 X-6.759 Y-.931 E.0182
G1 X-6.316 Y-.895 E.02094
G1 X-6.036 Y-.828 E.01353
G1 X-5.685 Y-.693 E.01768
G1 X-5.215 Y-.391 E.02625
G1 X-4.864 Y-.027 E.02379
G1 X-4.658 Y.288 E.01769
G1 X-4.515 Y.596 E.016
G1 X-4.345 Y1.272 E.03277
G1 X-4.325 Y1.616 E.01621
G1 X-4.359 Y2.001 E.01816
G1 X-4.497 Y2.486 E.02371
G1 X-4.692 Y2.871 E.02028
G1 X-4.953 Y3.223 E.02061
G1 X-5.36 Y3.589 E.02574
G1 X-5.713 Y3.801 E.01937
G1 X-6.026 Y3.932 E.01595
G1 X-6.444 Y4.04 E.02033
G1 X-6.889 Y4.077 E.021
G1 X-7.381 Y4.035 E.02322
G1 X-7.857 Y3.861 E.02384
G1 X-8.261 Y3.628 E.0219
G1 X-8.648 Y3.304 E.02372
G1 X-8.92 Y2.919 E.02221
G1 X-9.122 Y2.496 E.02201
G1 X-9.176 Y2.3 E.00958
SET_VELOCITY_LIMIT ACCEL=10000
G1 X-8.63 Y2.111 F30000
SET_VELOCITY_LIMIT ACCEL=5000
;TYPE:Outer wall
G1 F7200
G1 X-8.672 Y1.96 E.00737
G1 X-8.706 Y1.622 E.01597
G1 X-8.684 Y1.288 E.01574
G1 X-8.606 Y.966 E.01558
G1 X-8.476 Y.666 E.01537
G1 X-8.298 Y.392 E.01536
G1 X-8.023 Y.11 E.01852
G1 X-7.785 Y-.057 E.01367
G1 X-7.529 Y-.183 E.01342
G1 X-7.036 Y-.324 E.02411
G1 X-6.754 Y-.352 E.01333
G1 X-6.407 Y-.324 E.01637
G1 F6900
G1 X-6.208 Y-.276 E.00963
G1 F6060
G1 X-5.947 Y-.175 E.01316
G1 F4920
G1 X-5.583 Y.058 E.02032
G1 F3780
G1 X-5.317 Y.335 E.01806
G1 F3060
G1 X-5.163 Y.569 E.01317
G1 F2400
G1 X-5.057 Y.798 E.01187
G1 X-4.919 Y1.351 E.0268
M106 S255
G1 F2580
G1 X-4.903 Y1.608 E.01211
G1 F3360
G1 X-4.929 Y1.896 E.0136
G1 F4080
G1 X-5.037 Y2.275 E.01853
G1 F6300
G1 X-5.184 Y2.566 E.01533
G1 F7200
G1 X-5.382 Y2.832 E.01559
G1 X-5.704 Y3.122 E.02038
G1 X-5.975 Y3.285 E.01487
G1 X-6.211 Y3.384 E.01203
G1 X-6.541 Y3.469 E.01602
G1 X-6.888 Y3.498 E.01637
G1 X-7.255 Y3.467 E.01732
G1 X-7.612 Y3.336 E.01788
G1 X-7.929 Y3.153 E.01721
G1 X-8.22 Y2.91 E.01783
G1 X-8.42 Y2.626 E.01633
G1 X-8.579 Y2.293 E.01735
G1 X-8.62 Y2.145 E.00722
SET_VELOCITY_LIMIT ACCEL=10000
G1 E-1.2 F2100
;WIPE_START
G1 F7200
G1 X-8.672 Y1.96
G1 X-8.706 Y1.622
G1 X-8.684 Y1.288
G1 X-8.606 Y.966
G1 X-8.476 Y.666
G1 X-8.298 Y.392
G1 X-8.194 Y.286
;WIPE_END
G1 X-5.433 Y-2.385 Z4 F30000
G1 Z3.6
G1 E1.2 F2100
SET_VELOCITY_LIMIT ACCEL=5000
;TYPE:Inner wall
G1 F9000
G1 X-5.532 Y-2.295 E.00631
G1 X-5.886 Y-2.084 E.01937
G1 X-6.198 Y-1.952 E.01595
G1 X-6.617 Y-1.844 E.02033
G1 X-7.062 Y-1.807 E.021
G1 X-7.554 Y-1.849 E.02322
G1 X-8.03 Y-2.023 E.02384
G1 X-8.433 Y-2.256 E.0219
G1 X-8.82 Y-2.58 E.02372
G1 X-9.093 Y-2.966 E.02221
G1 X-9.294 Y-3.388 E.02201
G1 X-9.414 Y-3.816 E.02091
G1 X-9.458 Y-4.252 E.0206
G1 X-9.429 Y-4.685 E.0204
G1 X-9.327 Y-5.102 E.0202
G1 X-9.159 Y-5.493 E.02
G1 X-8.923 Y-5.854 E.02028
G1 X-8.571 Y-6.215 E.02371
G1 X-8.253 Y-6.439 E.01832
G1 X-7.91 Y-6.608 E.01797
G1 X-7.317 Y-6.777 E.02898
G1 X-6.932 Y-6.815 E.0182
G1 X-6.488 Y-6.779 E.02094
G1 X-6.208 Y-6.712 E.01353
G1 X-5.858 Y-6.577 E.01768
G1 X-5.387 Y-6.275 E.02625
G1 X-5.036 Y-5.911 E.02379
G1 X-4.83 Y-5.597 E.01769
G1 X-4.687 Y-5.288 E.016
G1 X-4.518 Y-4.612 E.03277
G1 X-4.497 Y-4.268 E.01621
G1 X-4.532 Y-3.883 E.01816
G1 X-4.669 Y-3.398 E.02371
G1 X-4.864 Y-3.013 E.02028
G1 X-5.126 Y-2.661 E.02061
G1 X-5.406 Y-2.409 E.01774
SET_VELOCITY_LIMIT ACCEL=10000
G1 X-5.819 Y-2.814 F30000
SET_VELOCITY_LIMIT ACCEL=5000
;TYPE:Outer wall
G1 F7200
G1 X-5.877 Y-2.762 E.00366
G1 X-6.148 Y-2.599 E.01487
G1 X-6.383 Y-2.5 E.01199
G1 X-6.713 Y-2.415 E.01602
G1 X-7.061 Y-2.386 E.01642
G1 X-7.428 Y-2.418 E.01732
G1 X-7.785 Y-2.548 E.01787
G1 X-8.101 Y-2.731 E.01717
G1 X-8.392 Y-2.974 E.01783
G1 X-8.593 Y-3.259 E.0164
G1 X-8.752 Y-3.591 E.01731
G1 X-8.844 Y-3.924 E.01625
G1 X-8.879 Y-4.262 E.01598
G1 X-8.856 Y-4.597 E.01579
G1 X-8.778 Y-4.919 E.01558
G1 X-8.648 Y-5.219 E.01537
G1 X-8.47 Y-5.492 E.01533
G1 X-8.195 Y-5.774 E.01852
G1 X-7.958 Y-5.942 E.01366
G1 X-7.702 Y-6.067 E.0134
G1 X-7.209 Y-6.208 E.02411
G1 X-6.927 Y-6.236 E.01333
G1 X-6.579 Y-6.208 E.01642
G1 F6900
G1 X-6.381 Y-6.16 E.00958
G1 F6060
G1 X-6.12 Y-6.059 E.01316
G1 F4920
G1 X-5.756 Y-5.826 E.02032
G1 F3780
G1 X-5.489 Y-5.549 E.01809
G1 F3060
G1 X-5.336 Y-5.316 E.01311
G1 F2400
G1 X-5.23 Y-5.086 E.01191
G1 X-5.091 Y-4.533 E.02681
M106 S255
G1 F2580
G1 X-5.076 Y-4.277 E.01206
G1 F3360
G1 X-5.102 Y-3.988 E.01365
G1 F4080
G1 X-5.209 Y-3.609 E.01852
G1 F6300
G1 X-5.357 Y-3.318 E.01535
G1 F7200
G1 X-5.554 Y-3.052 E.01557
G1 X-5.792 Y-2.838 E.01505
SET_VELOCITY_LIMIT ACCEL=10000
G1 E-1.2 F2100
;WIPE_START
G1 F7200
M73 P79 R1
G1 X-5.877 Y-2.762
G1 X-6.148 Y-2.599
G1 X-6.383 Y-2.5
G1 X-6.713 Y-2.415
G1 X-7.061 Y-2.386
G1 X-7.428 Y-2.418
G1 X-7.668 Y-2.506
;WIPE_END
G1 X-.3 Y-4.494 Z4 F30000
G1 X8.247 Y-6.801 Z4
G1 Z3.6
G1 E1.2 F2100
SET_VELOCITY_LIMIT ACCEL=5000
;TYPE:Inner wall
G1 F9000
G1 X8.512 Y-6.779 E.01249
G1 X8.792 Y-6.712 E.01353
G1 X9.142 Y-6.577 E.01768
G1 X9.613 Y-6.276 E.02625
G1 X9.964 Y-5.911 E.02379
G1 X10.17 Y-5.597 E.01769
G1 X10.313 Y-5.288 E.016
G1 X10.482 Y-4.612 E.03277
G1 X10.503 Y-4.268 E.01621
G1 X10.468 Y-3.883 E.01816
G1 X10.331 Y-3.398 E.02371
G1 X10.136 Y-3.013 E.02028
G1 X9.874 Y-2.661 E.02061
G1 X9.468 Y-2.295 E.02574
G1 X9.114 Y-2.084 E.01937
G1 X8.802 Y-1.952 E.01595
G1 X8.383 Y-1.844 E.02033
G1 X7.938 Y-1.807 E.021
G1 X7.446 Y-1.849 E.02322
G1 X6.97 Y-2.023 E.02384
G1 X6.567 Y-2.256 E.0219
G1 X6.18 Y-2.58 E.02372
G1 X5.907 Y-2.966 E.02221
G1 X5.706 Y-3.388 E.02201
G1 X5.586 Y-3.816 E.02091
G1 X5.542 Y-4.252 E.0206
G1 X5.571 Y-4.685 E.0204
G1 X5.673 Y-5.102 E.0202
G1 X5.841 Y-5.493 E.02
G1 X6.077 Y-5.854 E.02028
G1 X6.429 Y-6.215 E.02371
G1 X6.747 Y-6.439 E.01832
G1 X7.09 Y-6.608 E.01797
G1 X7.683 Y-6.777 E.02898
G1 X8.068 Y-6.815 E.0182
G1 X8.211 Y-6.804 E.00675
SET_VELOCITY_LIMIT ACCEL=10000
G1 X8.201 Y-6.225 F30000
SET_VELOCITY_LIMIT ACCEL=5000
;TYPE:Outer wall
G1 F7200
G1 X8.421 Y-6.208 E.01038
G1 F6900
G1 X8.619 Y-6.16 E.00958
G1 F6060
G1 X8.88 Y-6.059 E.01316
G1 F4920
G1 X9.244 Y-5.826 E.02032
G1 F3780
G1 X9.511 Y-5.549 E.01809
G1 F3060
G1 X9.664 Y-5.316 E.01311
G1 F2400
G1 X9.77 Y-5.086 E.01191
G1 X9.909 Y-4.533 E.02681
M106 S255
G1 F2580
G1 X9.924 Y-4.277 E.01206
G1 F3360
G1 X9.898 Y-3.988 E.01365
G1 F4080
G1 X9.791 Y-3.609 E.01852
G1 F6300
G1 X9.643 Y-3.318 E.01535
G1 F7200
G1 X9.446 Y-3.052 E.01557
G1 X9.123 Y-2.762 E.02041
G1 X8.852 Y-2.599 E.01487
G1 X8.617 Y-2.5 E.01199
G1 X8.287 Y-2.415 E.01602
G1 X7.939 Y-2.386 E.01642
G1 X7.572 Y-2.418 E.01732
G1 X7.215 Y-2.548 E.01787
G1 X6.899 Y-2.731 E.01717
G1 X6.608 Y-2.974 E.01783
G1 X6.407 Y-3.259 E.0164
G1 X6.248 Y-3.591 E.01731
G1 X6.156 Y-3.924 E.01625
G1 X6.121 Y-4.262 E.01598
G1 X6.144 Y-4.597 E.01579
G1 X6.222 Y-4.919 E.01558
G1 X6.352 Y-5.219 E.01537
G1 X6.53 Y-5.492 E.01533
G1 X6.805 Y-5.774 E.01852
G1 X7.042 Y-5.942 E.01366
G1 X7.298 Y-6.067 E.0134
G1 X7.791 Y-6.208 E.02411
G1 X8.073 Y-6.236 E.01333
G1 X8.165 Y-6.228 E.00434
SET_VELOCITY_LIMIT ACCEL=10000
G1 E-1.2 F2100
;WIPE_START
G1 F7200
G1 X8.421 Y-6.208
G1 X8.619 Y-6.16
G1 X8.88 Y-6.059
G1 X9.244 Y-5.826
G1 X9.511 Y-5.549
G1 X9.664 Y-5.316
G1 X9.733 Y-5.167
;WIPE_END
G1 X17.337 Y-5.821 Z4 F30000
G1 X21.95 Y-6.217 Z4
G1 Z3.6
G1 E1.2 F2100
SET_VELOCITY_LIMIT ACCEL=5000
;TYPE:Inner wall
G1 F9000
G1 X22.358 Y-6.334 E.01996
G1 X22.743 Y-6.372 E.0182
G1 X23.187 Y-6.336 E.02094
G1 X23.467 Y-6.269 E.01353
G1 X23.817 Y-6.133 E.01768
G1 X24.288 Y-5.832 E.02625
G1 X24.639 Y-5.468 E.02379
G1 X24.845 Y-5.153 E.01769
G1 X24.988 Y-4.845 E.016
G1 X25.157 Y-4.169 E.03277
G1 X25.178 Y-3.824 E.01621
G1 X25.143 Y-3.44 E.01816
G1 X25.006 Y-2.955 E.02371
G1 X24.811 Y-2.57 E.02028
G1 X24.549 Y-2.218 E.02061
G1 X24.143 Y-1.852 E.02574
G1 X23.789 Y-1.64 E.01937
G1 X23.477 Y-1.508 E.01595
G1 X23.058 Y-1.401 E.02033
G1 X22.613 Y-1.363 E.021
G1 X22.121 Y-1.406 E.02322
G1 X21.645 Y-1.58 E.02384
G1 X21.242 Y-1.813 E.0219
G1 X20.855 Y-2.137 E.02372
G1 X20.582 Y-2.522 E.02221
G1 X20.381 Y-2.945 E.02201
G1 X20.261 Y-3.373 E.02091
G1 X20.217 Y-3.809 E.0206
G1 X20.246 Y-4.242 E.0204
G1 X20.348 Y-4.659 E.0202
G1 X20.516 Y-5.049 E.02
G1 X20.752 Y-5.411 E.02028
G1 X21.104 Y-5.772 E.02371
G1 X21.422 Y-5.996 E.01832
G1 X21.765 Y-6.165 E.01797
G1 X21.915 Y-6.208 E.00732
SET_VELOCITY_LIMIT ACCEL=10000
G1 X22.108 Y-5.662 F30000
SET_VELOCITY_LIMIT ACCEL=5000
;TYPE:Outer wall
G1 F7200
G1 X22.466 Y-5.765 E.01752
G1 X22.748 Y-5.792 E.01332
G1 X23.096 Y-5.765 E.01641
G1 F6900
G1 X23.294 Y-5.717 E.00958
G1 F6060
G1 X23.555 Y-5.616 E.01316
G1 F4920
G1 X23.919 Y-5.383 E.02032
G1 F3780
G1 X24.186 Y-5.106 E.01809
G1 F3060
G1 X24.339 Y-4.872 E.01315
G1 F2400
G1 X24.445 Y-4.643 E.01187
G1 X24.584 Y-4.09 E.02681
M106 S255
G1 F2580
G1 X24.599 Y-3.833 E.01211
G1 F3360
G1 X24.573 Y-3.545 E.0136
G1 F4080
G1 X24.466 Y-3.166 E.01852
G1 F6300
G1 X24.318 Y-2.875 E.01535
G1 F7200
G1 X24.121 Y-2.609 E.01557
G1 X23.798 Y-2.318 E.02044
G1 X23.527 Y-2.156 E.01485
G1 X23.292 Y-2.057 E.01199
G1 X22.962 Y-1.972 E.01602
G1 X22.614 Y-1.943 E.01642
G1 X22.247 Y-1.974 E.01732
G1 X21.89 Y-2.105 E.01788
G1 X21.574 Y-2.288 E.01717
G1 X21.283 Y-2.531 E.01783
G1 X21.082 Y-2.815 E.01636
G1 X20.923 Y-3.148 E.01735
G1 X20.831 Y-3.48 E.0162
G1 X20.796 Y-3.819 E.01603
G1 X20.819 Y-4.153 E.01574
G1 X20.897 Y-4.475 E.01558
G1 X21.027 Y-4.775 E.01537
G1 X21.205 Y-5.048 E.01533
G1 X21.48 Y-5.331 E.01856
G1 X21.717 Y-5.498 E.01363
G1 X21.973 Y-5.624 E.01342
G1 X22.073 Y-5.653 E.0049
SET_VELOCITY_LIMIT ACCEL=10000
G1 E-1.2 F2100
;WIPE_START
G1 F7200
G1 X22.466 Y-5.765
G1 X22.748 Y-5.792
G1 X23.096 Y-5.765
G1 X23.294 Y-5.717
G1 X23.555 Y-5.616
G1 X23.919 Y-5.383
G1 X23.949 Y-5.352
;WIPE_END
G1 X16.338 Y-4.778 Z4 F30000
G1 X-23.238 Y-1.797 Z4
G1 Z3.6
G1 E1.2 F2100
SET_VELOCITY_LIMIT ACCEL=5000
;TYPE:Inner wall
G1 F9000
G1 X-22.588 Y-1.818 E.03057
G1 X-21.812 Y-1.74 E.03668
G1 X-21.047 Y-1.558 E.03699
G1 X-20.247 Y-1.236 E.04054
G1 X-19.642 Y-.904 E.03248
G1 X-19.014 Y-.442 E.03668
G1 X-18.453 Y.101 E.03668
G1 X-17.97 Y.713 E.03668
G1 X-17.572 Y1.384 E.03668
G1 X-17.268 Y2.102 E.03668
G1 X-17.061 Y2.854 E.03668
G1 X-16.958 Y3.627 E.03668
G1 X-16.958 Y4.407 E.03668
G1 X-17.061 Y5.18 E.03668
G1 X-17.268 Y5.933 E.03668
G1 X-17.572 Y6.651 E.03668
G1 X-17.97 Y7.322 E.03668
G1 X-18.453 Y7.934 E.03668
G1 X-19.014 Y8.476 E.03668
G1 X-19.642 Y8.939 E.03668
G1 X-20.326 Y9.314 E.03668
G1 X-21.054 Y9.594 E.03668
G1 X-21.812 Y9.775 E.03668
G1 X-22.595 Y9.854 E.03699
G1 X-23.456 Y9.812 E.04054
G1 X-24.137 Y9.697 E.03248
G1 X-24.882 Y9.466 E.03668
G1 X-25.59 Y9.138 E.03668
G1 X-26.247 Y8.718 E.03668
G1 X-26.848 Y8.21 E.03699
G1 X-27.417 Y7.563 E.04054
G1 X-27.807 Y6.993 E.03248
G1 X-28.159 Y6.297 E.03668
G1 X-28.415 Y5.56 E.03668
G1 X-28.571 Y4.796 E.03668
G1 X-28.623 Y4.017 E.03668
G1 X-28.571 Y3.239 E.03668
G1 X-28.415 Y2.475 E.03668
G1 X-28.159 Y1.738 E.03668
G1 X-27.807 Y1.042 E.03668
G1 X-27.366 Y.399 E.03668
G1 X-26.838 Y-.185 E.03699
G1 X-26.172 Y-.731 E.04054
G1 X-25.59 Y-1.103 E.03248
G1 X-24.882 Y-1.432 E.03668
G1 X-24.131 Y-1.665 E.03699
G1 X-23.279 Y-1.795 E.04054
G1 X-23.274 Y-1.795 E.00022
SET_VELOCITY_LIMIT ACCEL=10000
G1 X-23.219 Y-1.22 F30000
SET_VELOCITY_LIMIT ACCEL=5000
;TYPE:Outer wall
G1 F7200
G1 X-22.608 Y-1.24 E.02876
G1 X-21.909 Y-1.17 E.03305
G1 X-21.223 Y-1.007 E.03316
G1 X-20.495 Y-.714 E.0369
G1 X-19.953 Y-.417 E.02905
G1 X-19.387 Y0 E.03305
G1 X-18.882 Y.489 E.03305
G1 X-18.446 Y1.04 E.03305
G1 X-18.088 Y1.645 E.03305
G1 X-17.814 Y2.292 E.03305
G1 X-17.628 Y2.97 E.03305
G1 X-17.535 Y3.666 E.03305
G1 X-17.535 Y4.369 E.03305
G1 X-17.628 Y5.065 E.03305
G1 X-17.814 Y5.743 E.03305
G1 X-18.088 Y6.39 E.03305
G1 X-18.446 Y6.995 E.03305
G1 X-18.882 Y7.546 E.03305
G1 X-19.387 Y8.035 E.03305
G1 X-19.953 Y8.452 E.03305
G1 X-20.569 Y8.789 E.03305
G1 X-21.225 Y9.042 E.03305
G1 X-21.909 Y9.205 E.03305
G1 X-22.61 Y9.275 E.03316
G1 X-23.394 Y9.238 E.0369
G1 X-24.003 Y9.135 E.02905
G1 X-24.674 Y8.927 E.03305
G1 X-25.312 Y8.631 E.03305
G1 X-25.904 Y8.253 E.03305
G1 X-26.442 Y7.797 E.03316
G1 X-26.96 Y7.208 E.0369
G1 X-27.31 Y6.698 E.02905
G1 X-27.627 Y6.071 E.03305
G1 X-27.857 Y5.407 E.03305
G1 X-27.997 Y4.719 E.03305
G1 X-28.044 Y4.017 E.03305
G1 X-27.997 Y3.316 E.03305
G1 X-27.857 Y2.628 E.03305
G1 X-27.627 Y1.964 E.03305
G1 X-27.31 Y1.336 E.03305
G1 X-26.912 Y.757 E.03305
G1 X-26.439 Y.234 E.03316
G1 X-25.832 Y-.264 E.0369
G1 X-25.312 Y-.596 E.02905
G1 X-24.674 Y-.892 E.03305
G1 X-24.001 Y-1.101 E.03316
G1 X-23.255 Y-1.215 E.0355
SET_VELOCITY_LIMIT ACCEL=10000
G1 E-1.2 F2100
;WIPE_START
G1 F7200
G1 X-22.608 Y-1.24
G1 X-21.909 Y-1.17
G1 X-21.276 Y-1.019
;WIPE_END
G1 X-13.713 Y-2.044 Z4 F30000
G1 X30.929 Y-8.092 Z4
G1 Z3.6
G1 E1.2 F2100
SET_VELOCITY_LIMIT ACCEL=5000
;TYPE:Inner wall
G1 F9000
G1 X31.315 Y-7.217 E.04499
G1 X31.573 Y-6.421 E.03936
G1 X31.757 Y-5.6 E.03958
G1 X31.865 Y-4.765 E.03958
G1 X31.895 Y-3.924 E.03958
G1 X31.848 Y-3.084 E.03958
G1 X31.723 Y-2.251 E.03958
G1 X31.522 Y-1.434 E.03958
G1 X31.246 Y-.639 E.03958
G1 X30.898 Y.128 E.03958
G1 X30.536 Y.762 E.03436
G1 X29.995 Y1.552 E.04499
G1 X29.454 Y2.19 E.03936
G1 X28.853 Y2.779 E.03958
G1 X28.2 Y3.31 E.03958
G1 X27.501 Y3.779 E.03958
G1 X26.761 Y4.181 E.03958
G1 X25.988 Y4.513 E.03958
G1 X25.187 Y4.772 E.03958
G1 X24.346 Y4.961 E.04054
G1 X-21.181 Y12.988 E2.1739
G1 X-22.036 Y13.099 E.04054
G1 X-22.877 Y13.129 E.03958
G1 X-23.717 Y13.081 E.03958
G1 X-24.55 Y12.957 E.03958
G1 X-25.259 Y12.782 E.03436
G1 X-26.166 Y12.478 E.04499
G1 X-26.929 Y12.132 E.03936
G1 X-27.66 Y11.715 E.03958
G1 X-28.349 Y11.232 E.03958
G1 X-28.991 Y10.688 E.03958
G1 X-29.58 Y10.087 E.03958
G1 X-30.111 Y9.434 E.03958
G1 X-30.58 Y8.734 E.03958
G1 X-30.982 Y7.995 E.03958
G1 X-31.314 Y7.222 E.03958
G1 X-31.573 Y6.421 E.03958
G1 X-31.757 Y5.6 E.03958
G1 X-31.865 Y4.765 E.03958
G1 X-31.895 Y3.924 E.03958
G1 X-31.848 Y3.084 E.03958
G1 X-31.723 Y2.251 E.03958
G1 X-31.522 Y1.434 E.03958
G1 X-31.246 Y.639 E.03958
G1 X-30.898 Y-.128 E.03958
G1 X-30.481 Y-.859 E.03958
G1 X-29.998 Y-1.548 E.03958
G1 X-29.454 Y-2.19 E.03958
G1 X-28.853 Y-2.779 E.03958
G1 X-28.2 Y-3.31 E.03958
G1 X-27.501 Y-3.779 E.03958
G1 X-26.761 Y-4.181 E.03958
G1 X-25.988 Y-4.513 E.03958
G1 X-25.187 Y-4.772 E.03958
G1 X-24.346 Y-4.961 E.04054
G1 X21.181 Y-12.988 E2.1739
G1 X22.036 Y-13.099 E.04054
G1 X22.877 Y-13.129 E.03958
G1 X23.607 Y-13.088 E.03436
G1 X24.554 Y-12.955 E.04499
G1 X25.367 Y-12.755 E.03936
M73 P80 R1
G1 X26.162 Y-12.48 E.03958
G1 X26.929 Y-12.132 E.03958
G1 X27.66 Y-11.715 E.03958
G1 X28.349 Y-11.232 E.03958
G1 X28.991 Y-10.688 E.03958
G1 X29.58 Y-10.087 E.03958
G1 X30.111 Y-9.434 E.03958
G1 X30.579 Y-8.734 E.03958
G1 X30.911 Y-8.124 E.03267
SET_VELOCITY_LIMIT ACCEL=10000
G1 X31.454 Y-8.33 F30000
SET_VELOCITY_LIMIT ACCEL=5000
;TYPE:Outer wall
G1 F7200
G1 X31.855 Y-7.423 E.04663
G1 X32.13 Y-6.573 E.04201
G1 X32.326 Y-5.7 E.04209
G1 X32.441 Y-4.812 E.04209
G1 X32.473 Y-3.918 E.04209
G1 X32.422 Y-3.024 E.04209
G1 X32.289 Y-2.139 E.04209
G1 X32.076 Y-1.27 E.04209
G1 X31.782 Y-.424 E.04209
G1 X31.413 Y.391 E.04209
G1 X31.026 Y1.069 E.03673
G1 X30.455 Y1.902 E.0475
G1 X29.877 Y2.584 E.04201
G1 X29.238 Y3.21 E.04209
G1 X28.543 Y3.775 E.04209
G1 X27.8 Y4.273 E.04209
G1 X27.013 Y4.7 E.04209
G1 X26.191 Y5.053 E.04209
G1 X25.339 Y5.329 E.04209
G1 X24.459 Y5.527 E.04242
G1 X-21.094 Y13.559 E2.17516
G1 X-21.989 Y13.674 E.04242
G1 X-22.883 Y13.707 E.04209
G1 X-23.777 Y13.656 E.04209
G1 X-24.662 Y13.523 E.04209
G1 X-25.42 Y13.337 E.03673
G1 X-26.378 Y13.016 E.0475
G1 X-27.191 Y12.646 E.04201
G1 X-27.969 Y12.203 E.04209
G1 X-28.702 Y11.69 E.04209
G1 X-29.385 Y11.111 E.04209
G1 X-30.011 Y10.471 E.04209
G1 X-30.576 Y9.777 E.04209
G1 X-31.074 Y9.033 E.04209
G1 X-31.501 Y8.247 E.04209
G1 X-31.854 Y7.425 E.04209
G1 X-32.13 Y6.573 E.04209
G1 X-32.326 Y5.7 E.04209
G1 X-32.441 Y4.812 E.04209
G1 X-32.473 Y3.918 E.04209
G1 X-32.422 Y3.024 E.04209
G1 X-32.289 Y2.139 E.04209
G1 X-32.076 Y1.27 E.04209
G1 X-31.782 Y.424 E.04209
G1 X-31.413 Y-.39 E.04209
G1 X-30.969 Y-1.168 E.04209
G1 X-30.456 Y-1.901 E.04209
G1 X-29.877 Y-2.584 E.04209
G1 X-29.238 Y-3.21 E.04209
G1 X-28.543 Y-3.775 E.04209
G1 X-27.8 Y-4.273 E.04209
G1 X-27.013 Y-4.7 E.04209
G1 X-26.191 Y-5.053 E.04209
G1 X-25.339 Y-5.329 E.04209
G1 X-24.459 Y-5.527 E.04242
G1 X21.094 Y-13.559 E2.17515
G1 X21.988 Y-13.674 E.04243
G1 X22.883 Y-13.706 E.04209
G1 X23.663 Y-13.662 E.03673
G1 X24.663 Y-13.523 E.0475
G1 X25.531 Y-13.309 E.04201
G1 X26.376 Y-13.016 E.04209
G1 X27.191 Y-12.646 E.04209
G1 X27.969 Y-12.203 E.04209
G1 X28.702 Y-11.69 E.04209
G1 X29.385 Y-11.111 E.04209
G1 X30.011 Y-10.471 E.04209
G1 X30.576 Y-9.777 E.04209
G1 X31.074 Y-9.033 E.04209
G1 X31.438 Y-8.363 E.03591
SET_VELOCITY_LIMIT ACCEL=10000
G1 E-1.2 F2100
;WIPE_START
G1 F7200
G1 X31.855 Y-7.423
G1 X32.13 Y-6.573
G1 X32.147 Y-6.496
;WIPE_END
G1 X30.498 Y.655 Z4 F30000
G1 Z3.6
G1 E1.2 F2100
SET_VELOCITY_LIMIT ACCEL=7000
;TYPE:Internal solid infill
;WIDTH:0.622609
G1 F9000
G1 X28.622 Y2.521 E.12498
G1 X27.994 Y3.031 E.03825
G1 X27.321 Y3.482 E.03824
G1 X26.61 Y3.869 E.03824
G1 X26.354 Y3.979 E.01314
G1 X30.778 Y-.445 E.29552
G1 X30.924 Y-.767 E.01671
G1 X31.189 Y-1.532 E.03825
G1 X31.236 Y-1.723 E.0093
G1 X25.069 Y4.443 E.41196
G1 X24.028 Y4.665 E.0503
G1 X31.448 Y-2.755 E.49569
G1 X31.503 Y-3.119 E.01739
G1 X31.533 Y-3.66 E.02559
G1 X23.033 Y4.841 E.56787
G1 X22.037 Y5.016 E.04774
G1 X31.529 Y-4.475 E.63406
G1 X31.519 Y-4.736 E.01235
G1 X31.457 Y-5.223 E.02316
G1 X21.042 Y5.192 E.69573
G1 X20.047 Y5.367 E.04774
G1 X31.331 Y-5.917 E.75383
G1 X31.238 Y-6.329 E.01997
G1 X31.161 Y-6.567 E.01181
G1 X19.051 Y5.543 E.80899
G1 X18.056 Y5.718 E.04774
G1 X30.953 Y-7.179 E.86158
G1 X30.702 Y-7.748 E.02937
G1 X17.061 Y5.894 E.91129
G1 X16.066 Y6.069 E.04774
G1 X23.219 Y-1.084 E.47789
G1 X23.588 Y-1.18 E.018
G1 X23.946 Y-1.331 E.01838
G1 X24.349 Y-1.572 E.02219
G1 X24.807 Y-1.984 E.02906
G1 X25.106 Y-2.387 E.02373
G1 X25.33 Y-2.828 E.02336
G1 X25.475 Y-3.34 E.02513
G1 X30.426 Y-8.291 E.33077
G1 X30.283 Y-8.555 E.01417
G1 X30.117 Y-8.802 E.01406
G1 X25.503 Y-4.188 E.30824
G1 X25.344 Y-4.849 E.03209
G1 X29.783 Y-9.288 E.29657
G1 X29.415 Y-9.74 E.02753
G1 X25.089 Y-5.413 E.28905
G1 X24.91 Y-5.685 E.01534
G1 X24.729 Y-5.873 E.01236
G1 X29.019 Y-10.164 E.28663
G1 X28.755 Y-10.434 E.01786
G1 X28.601 Y-10.565 E.00955
G1 X24.282 Y-6.247 E.28847
G1 X23.975 Y-6.444 E.01726
G1 X23.747 Y-6.532 E.01151
G1 X28.157 Y-10.941 E.29457
G1 X27.676 Y-11.28 E.02779
G1 X22.846 Y-6.45 E.32266
SET_VELOCITY_LIMIT ACCEL=10000
G1 E-1.2 F2100
;WIPE_START
G1 F9000
G1 X24.261 Y-7.865
;WIPE_END
G1 X22.593 Y-1.278 Z4 F30000
G1 Z3.6
G1 E1.2 F2100
SET_VELOCITY_LIMIT ACCEL=7000
G1 F9000
G1 X15.07 Y6.245 E.50256
G1 X14.075 Y6.42 E.04774
G1 X21.69 Y-1.195 E.50872
G1 X21.498 Y-1.265 E.00965
M73 P81 R1
G1 X21.145 Y-1.469 E.01928
G1 X13.08 Y6.596 E.53877
G1 X12.084 Y6.771 E.04774
G1 X20.684 Y-1.828 E.57448
G1 X20.598 Y-1.9 E.00527
G1 X20.324 Y-2.288 E.02246
G1 X11.089 Y6.947 E.61692
G1 X10.094 Y7.122 E.04774
G1 X20.052 Y-2.836 E.66522
G1 X19.92 Y-3.309 E.02319
G1 X19.9 Y-3.504 E.00927
G1 X9.098 Y7.298 E.72159
G1 X8.103 Y7.473 E.04774
G1 X19.913 Y-4.337 E.78896
G1 X20.018 Y-4.769 E.02101
G1 X20.21 Y-5.214 E.02288
G1 X20.48 Y-5.628 E.02336
G1 X20.878 Y-6.037 E.02693
G1 X21.245 Y-6.295 E.02121
G1 X21.64 Y-6.489 E.0208
G1 X22.235 Y-6.659 E.0292
G1 X27.171 Y-11.595 E.32975
G1 X26.639 Y-11.883 E.02857
G1 X7.108 Y7.649 E1.30478
G1 X6.113 Y7.824 E.04774
G1 X26.076 Y-12.139 E1.3336
G1 X25.47 Y-12.353 E.03034
G1 X5.117 Y8 E1.35964
G1 X4.122 Y8.175 E.04774
G1 X24.828 Y-12.531 E1.38327
G1 X24.489 Y-12.615 E.01653
G1 X24.141 Y-12.663 E.01659
G1 X3.127 Y8.351 E1.40382
G1 X2.131 Y8.526 E.04774
G1 X23.409 Y-12.752 E1.42145
G1 X22.873 Y-12.782 E.02536
G1 X22.61 Y-12.773 E.01243
G1 X1.136 Y8.702 E1.43457
G1 X.141 Y8.877 E.04774
G1 X21.728 Y-12.71 E1.44208
G1 X20.761 Y-12.563 E.0462
G1 X-.855 Y9.053 E1.44397
G1 X-1.85 Y9.228 E.04774
G1 X19.765 Y-12.387 E1.44397
G1 X18.77 Y-12.212 E.04774
G1 X10.848 Y-4.29 E.52921
G1 X10.826 Y-4.665 E.01774
G1 X10.741 Y-5.003 E.01647
G1 X17.775 Y-12.036 E.46986
G1 X16.779 Y-11.861 E.04774
G1 X10.54 Y-5.621 E.41681
G1 X10.473 Y-5.765 E.00749
G1 X10.231 Y-6.132 E.02078
G1 X15.784 Y-11.685 E.37095
G1 X14.789 Y-11.51 E.04774
G1 X9.828 Y-6.549 E.3314
G1 X9.328 Y-6.869 E.02803
G1 X13.793 Y-11.334 E.29829
G1 X12.798 Y-11.159 E.04774
G1 X8.724 Y-7.084 E.27216
G1 X8.567 Y-7.122 E.00765
G1 X8.065 Y-7.163 E.02378
G1 X7.973 Y-7.154 E.00434
G1 X12.123 Y-11.303 E.27721
SET_VELOCITY_LIMIT ACCEL=10000
G1 E-1.2 F2100
;WIPE_START
G1 F9000
G1 X10.709 Y-9.889
;WIPE_END
G17
G3 Z4 I-1.167 J-.344 P1  F30000
G1 X8.309 Y-1.751 Z4
G1 Z3.6
M73 P82 R1
G1 E1.2 F2100
SET_VELOCITY_LIMIT ACCEL=7000
G1 F9000
G1 X-2.845 Y9.404 E.74515
G1 X-3.841 Y9.579 E.04774
G1 X7.28 Y-1.541 E.74289
G1 X6.823 Y-1.708 E.02298
G1 X6.699 Y-1.78 E.00677
G1 X-4.836 Y9.755 E.77056
G1 X-5.831 Y9.93 E.04774
G1 X6.206 Y-2.107 E.80411
G1 X5.923 Y-2.343 E.01741
G1 X5.799 Y-2.519 E.01019
G1 X-6.826 Y10.106 E.8434
G1 X-7.822 Y10.281 E.04774
G1 X5.492 Y-3.032 E.88939
G1 X5.38 Y-3.266 E.01223
G1 X5.277 Y-3.637 E.01821
G1 X-8.817 Y10.457 E.94152
G1 X-9.812 Y10.632 E.04774
G1 X5.483 Y-4.663 E1.0218
SET_VELOCITY_LIMIT ACCEL=10000
G1 X11.128 Y-11.128 F30000
SET_VELOCITY_LIMIT ACCEL=7000
G1 F9000
G1 X-10.808 Y10.808 E1.46536
G1 X-11.803 Y10.983 E.04774
G1 X9.812 Y-10.632 E1.44397
G1 X8.817 Y-10.457 E.04774
G1 X-4.141 Y2.501 E.86564
G1 X-4.173 Y2.613 E.00546
G1 X-4.396 Y3.054 E.02336
G1 X-4.696 Y3.457 E.02373
G1 X-5.153 Y3.868 E.02906
G1 X-5.556 Y4.11 E.02219
G1 X-5.891 Y4.251 E.01718
G1 X-12.798 Y11.159 E.46142
G1 X-13.794 Y11.334 E.04774
G1 X-6.884 Y4.424 E.46159
G1 X-7.457 Y4.376 E.02716
G1 X-7.602 Y4.323 E.0073
G1 X-14.789 Y11.51 E.4801
G1 X-15.784 Y11.685 E.04774
G1 X-8.176 Y4.077 E.50827
G1 X-8.46 Y3.913 E.01549
G1 X-8.662 Y3.743 E.01247
G1 X-16.779 Y11.861 E.54226
G1 X-17.775 Y12.036 E.04774
G1 X-9.06 Y3.321 E.5822
G1 X-9.22 Y3.094 E.01311
G1 X-9.36 Y2.801 E.01534
G1 X-18.77 Y12.212 E.62864
G1 X-19.765 Y12.387 E.04774
G1 X-9.567 Y2.189 E.6813
G1 X-9.633 Y1.638 E.0262
G1 X-9.618 Y1.42 E.01031
G1 X-20.761 Y12.563 E.74436
G1 X-21.728 Y12.71 E.0462
G1 X-7.797 Y-1.221 E.93062
G1 X-7.725 Y-1.543 E.0156
G1 X-8.142 Y-1.696 E.02095
G1 X-22.61 Y12.773 E.96655
G1 X-22.874 Y12.782 E.01243
G1 X-23.19 Y12.764 E.01495
G1 X-19.901 Y9.476 E.21966
G1 X-19.455 Y9.232 E.02405
G1 X-18.79 Y8.741 E.03904
G1 X-18.196 Y8.167 E.03904
G1 X-17.683 Y7.518 E.03904
G1 X-17.262 Y6.807 E.03904
G1 X-17.113 Y6.456 E.01804
G1 X-8.662 Y-1.996 E.5646
G1 X-9.101 Y-2.377 E.02745
G1 X-16.721 Y5.243 E.50905
G1 X-16.611 Y4.431 E.03874
G1 X-16.611 Y4.314 E.0055
G1 X-9.429 Y-2.868 E.47977
G1 X-9.62 Y-3.266 E.02085
G1 X-9.67 Y-3.447 E.00887
G1 X-16.624 Y3.507 E.46456
G1 X-16.722 Y2.785 E.03444
G1 X-9.795 Y-4.142 E.46273
G1 X-9.805 Y-4.246 E.00496
G1 X-9.772 Y-4.738 E.02327
G1 X-9.693 Y-5.063 E.01583
G1 X-16.898 Y2.141 E.4813
G1 X-16.94 Y1.988 E.0075
M73 P83 R1
G1 X-17.126 Y1.549 E.02251
G1 X-8.92 Y-6.657 E.54819
G1 X-9.041 Y-6.708 E.0062
G1 X-8.787 Y-7.352 E.03272
G1 X-9.099 Y-7.298 E.01493
G1 X-17.397 Y1.001 E.55435
G1 X-17.705 Y.489 E.02821
G1 X-10.094 Y-7.122 E.50846
G1 X-11.089 Y-6.947 E.04774
G1 X-18.067 Y.031 E.46613
G1 X-18.196 Y-.132 E.00982
G1 X-18.464 Y-.392 E.01763
G1 X-12.084 Y-6.771 E.42617
G1 X-13.08 Y-6.596 E.04774
G1 X-18.893 Y-.783 E.38833
G1 X-19.365 Y-1.13 E.0277
G1 X-14.075 Y-6.42 E.35337
G1 X-15.07 Y-6.245 E.04774
G1 X-19.883 Y-1.432 E.32153
G1 X-20.099 Y-1.55 E.01162
G1 X-20.446 Y-1.689 E.01764
G1 X-16.066 Y-6.069 E.29259
G1 X-17.061 Y-5.894 E.04774
G1 X-21.042 Y-1.913 E.26594
G1 X-21.704 Y-2.07 E.03215
G1 X-18.056 Y-5.718 E.24368
G1 X-19.052 Y-5.543 E.04774
G1 X-22.442 Y-2.152 E.22652
G1 X-22.577 Y-2.165 E.00638
G1 X-23.272 Y-2.142 E.03285
G1 X-20.047 Y-5.367 E.21545
G1 X-21.042 Y-5.192 E.04774
G1 X-24.635 Y-1.599 E.24001
SET_VELOCITY_LIMIT ACCEL=10000
G1 X-28.658 Y3.244 F30000
SET_VELOCITY_LIMIT ACCEL=7000
G1 F9000
G1 X-31.331 Y5.917 E.1786
G1 X-31.406 Y5.581 E.01625
G1 X-31.454 Y5.22 E.01721
G1 X-28.399 Y2.166 E.20405
SET_VELOCITY_LIMIT ACCEL=10000
G1 X-31.755 Y4.702 F30000
SET_VELOCITY_LIMIT ACCEL=7000
G1 F9000
G1 X-28.298 Y1.244 E.23099
G1 X-28.106 Y.865 E.02008
G1 X-27.638 Y.184 E.03903
G1 X-27.078 Y-.436 E.03947
G1 X-26.376 Y-1.012 E.04291
G1 X-25.756 Y-1.408 E.0347
G1 X-25.55 Y-1.503 E.01073
G1 X-22.037 Y-5.016 E.23468
G1 X-23.033 Y-4.841 E.04774
G1 X-31.533 Y3.66 E.56787
G1 X-31.503 Y3.119 E.02559
G1 X-31.448 Y2.755 E.01739
G1 X-24.028 Y-4.665 E.49569
G1 X-25.07 Y-4.443 E.0503
G1 X-31.236 Y1.723 E.41196
G1 X-31.189 Y1.532 E.00929
G1 X-30.924 Y.767 E.03825
G1 X-30.778 Y.445 E.01671
G1 X-26.354 Y-3.978 E.29551
G1 X-26.61 Y-3.869 E.01314
G1 X-27.321 Y-3.482 E.03824
G1 X-27.994 Y-3.031 E.03824
G1 X-28.622 Y-2.521 E.03825
G1 X-30.498 Y-.655 E.12497
SET_VELOCITY_LIMIT ACCEL=10000
G1 E-1.2 F2100
;WIPE_START
G1 F9000
G1 X-29.08 Y-2.065
;WIPE_END
G1 X-21.538 Y-.893 Z4 F30000
G1 X-4.254 Y1.795 Z4
G1 Z3.6
G1 E1.2 F2100
SET_VELOCITY_LIMIT ACCEL=7000
G1 F9000
G1 X7.822 Y-10.281 E.80669
G1 X6.826 Y-10.106 E.04774
G1 X-4.101 Y.822 E.72999
G1 X-4.187 Y.481 E.01663
G1 X-4.311 Y.212 E.01398
G1 X5.831 Y-9.93 E.67753
G1 X4.836 Y-9.755 E.04774
G1 X-4.633 Y-.286 E.63253
G1 X-4.994 Y-.661 E.02459
G1 X-5.045 Y-.694 E.00287
G1 X3.84 Y-9.579 E.59358
G1 X2.845 Y-9.404 E.04774
G1 X-5.548 Y-1.011 E.56068
G1 X-5.99 Y-1.173 E.02227
G1 X-5.975 Y-1.24 E.00327
G1 X-5.649 Y-1.39 E.01695
G1 X-5.749 Y-1.629 E.01226
G1 X1.85 Y-9.228 E.50762
G1 X.855 Y-9.053 E.04774
G1 X-4.171 Y-4.027 E.33575
G1 X-4.15 Y-4.262 E.01118
G1 X-4.174 Y-4.665 E.01903
G1 X-4.21 Y-4.808 E.00698
G1 X-.141 Y-8.877 E.27183
G1 X-1.136 Y-8.702 E.04774
G1 X-4.383 Y-5.455 E.2169
G1 X-4.527 Y-5.765 E.01616
G1 X-4.671 Y-5.986 E.01248
G1 X-2.131 Y-8.526 E.16969
G1 X-3.127 Y-8.351 E.04774
G1 X-5.051 Y-6.426 E.12858
G1 X-5.166 Y-6.545 E.00782
G1 X-5.523 Y-6.774 E.02002
G1 X-3.802 Y-8.495 E.115
SET_VELOCITY_LIMIT ACCEL=10000
G1 X-5.888 Y-7.707 F30000
SET_VELOCITY_LIMIT ACCEL=7000
;WIDTH:0.56761
G1 F9000
G1 X-5.954 Y-7.707 E.0028
G1 X-5.986 Y-7.65 E.0028
G1 X-5.954 Y-7.593 E.0028
G1 X-5.888 Y-7.593 E.0028
G1 X-5.873 Y-7.619 E.00126
SET_VELOCITY_LIMIT ACCEL=10000
G1 X-6.462 Y-7.442 F30000
;TYPE:Gap infill
;WIDTH:0.688965
G1 F9000
G1 X-6.965 Y-7.415 E.02651
;WIDTH:0.648768
G1 X-7.452 Y-7.346 E.02429
;WIDTH:0.651764
G1 X-7.778 Y-7.271 E.01659
;WIDTH:0.686646
G1 X-8.112 Y-7.194 E.01797
;WIDTH:0.680319
G1 X-8.202 Y-6.981 E.01204
;WIDTH:0.656248
G1 X-8.293 Y-6.767 E.01159
G1 E-1.2 F2100
;WIPE_START
G1 F9000
G1 X-8.202 Y-6.981
;WIPE_END
G17
G3 Z4 I-1.203 J.181 P1  F30000
G1 X-7.378 Y-1.512 Z4
G1 Z3.6
G1 E1.2 F2100
;WIDTH:0.154182
G1 F9000
G1 X-7.223 Y-1.478 E.00144
;WIDTH:0.172613
G1 X-7.069 Y-1.443 E.00167
;WIDTH:0.21087
G1 X-7.02 Y-1.422 E.00073
;WIDTH:0.259956
G1 X-6.986 Y-1.404 E.00068
;WIDTH:0.302219
G1 X-6.952 Y-1.386 E.00081
;WIDTH:0.344482
G1 X-6.919 Y-1.367 E.00094
;WIDTH:0.364977
G1 X-6.722 Y-1.381 E.00517
;WIDTH:0.34641
G1 X-6.689 Y-1.355 E.00105
;WIDTH:0.299227
G1 X-6.655 Y-1.329 E.00089
;WIDTH:0.252044
G1 X-6.622 Y-1.302 E.00072
;WIDTH:0.204862
G1 X-6.588 Y-1.276 E.00056
;WIDTH:0.165281
G1 X-6.462 Y-1.247 E.0013
;WIDTH:0.149295
G1 X-6.335 Y-1.218 E.00113
G1 X-6.722 Y-1.381 F30000
;WIDTH:0.345511
G1 F9000
G1 X-6.672 Y-1.41 E.00142
;WIDTH:0.296529
G1 X-6.623 Y-1.439 E.00119
;WIDTH:0.257168
G1 X-6.56 Y-1.459 E.00115
;WIDTH:0.21856
G1 X-6.406 Y-1.523 E.00239
;WIDTH:0.176676
G1 X-6.267 Y-1.581 E.00164
;WIDTH:0.137106
G1 X-6.128 Y-1.639 E.00115
G1 X-21.439 Y10.279 F30000
SET_VELOCITY_LIMIT ACCEL=7000
;TYPE:Internal solid infill
;WIDTH:0.619999
G1 F9000
M73 P84 R1
G1 X-21.735 Y10.347 E.0143
G1 X-22.559 Y10.43 E.03891
G1 X-23.501 Y10.388 E.04436
G1 X-24.067 Y10.294 E.02697
G1 X-25.072 Y10.012 E.04908
G1 X-25.735 Y9.707 E.03433
G1 X-26.207 Y9.429 E.02577
G1 X-26.662 Y9.123 E.02578
G1 X-27.237 Y8.637 E.03539
G1 X-27.862 Y7.93 E.04436
G1 X-28.294 Y7.304 E.03581
G1 X-28.698 Y6.504 E.04211
G1 X-28.967 Y5.731 E.0385
G1 X-29.135 Y4.917 E.03908
G1 X-30.886 Y6.669 E.11647
G1 X-30.63 Y7.351 E.03426
G1 X-30.185 Y8.252 E.04725
G1 X-29.674 Y9.049 E.04455
G1 X-29.18 Y9.664 E.03705
G1 X-28.815 Y10.043 E.02475
G1 X-28.034 Y10.743 E.04934
G1 X-27.391 Y11.199 E.03705
G1 X-26.917 Y11.474 E.02578
G1 X-26.004 Y11.918 E.04771
G1 X-25.14 Y12.213 E.04297
G1 X-24.498 Y12.375 E.03114
G1 X-23.652 Y12.492 E.04014
G1 X-21.464 Y10.305 E.14548
SET_VELOCITY_LIMIT ACCEL=10000
G1 X-23.19 Y11.078 F30000
SET_VELOCITY_LIMIT ACCEL=7000
;WIDTH:0.813817
G1 F9000
G1 X-23.968 Y10.995 E.04914
G1 X-24.489 Y10.896 E.0333
G1 X-25.271 Y10.653 E.05143
G1 X-26.019 Y10.319 E.05149
G1 X-26.571 Y9.999 E.04009
G1 X-27.04 Y9.685 E.03541
G1 X-27.625 Y9.193 E.04806
G1 X-28.059 Y8.733 E.03973
G1 X-28.391 Y8.347 E.03198
G1 X-28.85 Y7.685 E.05058
G1 X-29.157 Y7.103 E.04136
G1 X-29.332 Y6.725 E.02618
G1 X-29.503 Y6.235 E.03259
G1 X-30.115 Y6.848 E.05446
G1 X-29.86 Y7.431 E.04001
G1 X-29.594 Y7.931 E.03555
G1 X-29.113 Y8.673 E.05561
G1 X-28.654 Y9.236 E.04558
G1 X-28.284 Y9.625 E.03376
G1 X-27.597 Y10.228 E.05741
G1 X-27.003 Y10.644 E.04558
G1 X-26.485 Y10.946 E.03761
G1 X-25.726 Y11.304 E.05275
G1 X-24.925 Y11.573 E.05307
G1 X-24.336 Y11.719 E.03811
G1 X-23.894 Y11.781 E.02807
G1 X-23.216 Y11.103 E.06025
;LAYER_CHANGE
;Z:3.8
;HEIGHT:0.2
;BEFORE_LAYER_CHANGE
;3.8
G1 E-1.2 F2100
;WIPE_START
G1 F9000
G1 X-23.894 Y11.781
G1 X-24.336 Y11.719
G1 X-24.913 Y11.576
;WIPE_END
;AFTER_LAYER_CHANGE
;3.8
;_SET_FAN_SPEED_CHANGING_LAYER
SET_VELOCITY_LIMIT ACCEL=10000
G17
G3 Z4.2 I.627 J1.043 P1  F30000
G1 X-9.128 Y2.097 Z4.2
G1 Z3.8
G1 E1.2 F2100
SET_VELOCITY_LIMIT ACCEL=5000
;TYPE:Inner wall
;WIDTH:0.62
G1 F9000
G1 X-9.221 Y1.836 E.01302
G1 X-9.279 Y1.432 E.0192
G1 X-9.281 Y1.116 E.01486
G1 X-9.223 Y.693 E.02007
G1 X-9.09 Y.27 E.02084
G1 X-8.882 Y-.136 E.02146
G1 X-8.576 Y-.527 E.02333
G1 X-8.183 Y-.833 E.02343
G1 X-7.766 Y-1.055 E.02224
G1 X-7.286 Y-1.203 E.02361
G1 X-6.799 Y-1.229 E.02291
G1 X-6.357 Y-1.177 E.02096
G1 X-5.933 Y-1.052 E.02076
G1 X-5.541 Y-.86 E.02056
G1 X-5.19 Y-.606 E.02036
G1 X-4.89 Y-.3 E.02016
G1 X-4.641 Y.059 E.02056
G1 X-4.431 Y.548 E.02499
G1 X-4.348 Y.928 E.01832
G1 X-4.325 Y1.251 E.01524
G1 X-4.356 Y1.655 E.01902
G1 X-4.523 Y2.276 E.03026
G1 X-4.697 Y2.63 E.01854
G1 X-4.973 Y3.004 E.02185
G1 X-5.274 Y3.282 E.01931
G1 X-5.624 Y3.509 E.01958
G1 X-6.1 Y3.696 E.02408
G1 X-6.47 Y3.764 E.01769
G1 X-6.786 Y3.777 E.01488
G1 X-7.184 Y3.733 E.0188
G1 X-7.8 Y3.546 E.03028
G1 X-8.154 Y3.358 E.01883
G1 X-8.528 Y3.063 E.02242
G1 X-8.807 Y2.741 E.02
G1 X-9.033 Y2.367 E.02056
G1 X-9.116 Y2.131 E.01178
SET_VELOCITY_LIMIT ACCEL=10000
G1 X-8.584 Y1.905 F30000
SET_VELOCITY_LIMIT ACCEL=5000
;TYPE:Outer wall
G1 F7200
G1 X-8.658 Y1.697 E.01038
G1 X-8.702 Y1.389 E.01463
G1 X-8.704 Y1.153 E.0111
G1 X-8.658 Y.82 E.01581
G1 X-8.554 Y.49 E.01627
G1 X-8.393 Y.177 E.01655
G1 X-8.165 Y-.115 E.01742
G1 X-7.868 Y-.347 E.01772
G1 X-7.543 Y-.52 E.01731
G1 X-7.184 Y-.631 E.01767
G1 X-6.818 Y-.65 E.01723
G1 X-6.473 Y-.609 E.01634
G1 X-6.143 Y-.512 E.01617
G1 X-5.839 Y-.363 E.01592
G1 X-5.568 Y-.167 E.01573
G1 X-5.336 Y.069 E.01556
G1 X-5.148 Y.34 E.01551
G1 X-4.983 Y.725 E.0197
G1 X-4.921 Y1.011 E.01376
G1 X-4.903 Y1.25 E.01127
G1 X-4.927 Y1.557 E.01448
G1 X-5.066 Y2.072 E.02508
G1 X-5.192 Y2.329 E.01346
G1 X-5.404 Y2.617 E.01682
G1 F6420
G1 X-5.63 Y2.825 E.01444
G1 F5580
G1 X-5.889 Y2.993 E.01452
G1 F4380
G1 X-6.259 Y3.138 E.01869
G1 F3600
G1 X-6.534 Y3.189 E.01315
G1 F3000
G1 X-6.766 Y3.198 E.01092
G1 F2340
G1 X-7.067 Y3.165 E.01424
G1 X-7.579 Y3.01 E.02516
M106 S255
G1 F2700
G1 X-7.837 Y2.873 E.01374
G1 F3540
G1 X-8.128 Y2.643 E.01744
G1 F4920
G1 X-8.338 Y2.4 E.0151
G1 F6660
G1 X-8.509 Y2.119 E.01547
G1 F7200
G1 X-8.572 Y1.939 E.00897
SET_VELOCITY_LIMIT ACCEL=10000
G1 E-1.2 F2100
;WIPE_START
G1 F7200
G1 X-8.658 Y1.697
G1 X-8.702 Y1.389
G1 X-8.704 Y1.153
G1 X-8.658 Y.82
G1 X-8.554 Y.49
G1 X-8.393 Y.177
G1 X-8.294 Y.049
;WIPE_END
G1 X-5.307 Y-2.731 Z4.2 F30000
G1 Z3.8
G1 E1.2 F2100
SET_VELOCITY_LIMIT ACCEL=5000
;TYPE:Inner wall
G1 F9000
G1 X-5.447 Y-2.602 E.00894
G1 X-5.796 Y-2.375 E.01958
G1 X-6.273 Y-2.188 E.02408
G1 X-6.643 Y-2.12 E.01769
G1 X-6.959 Y-2.108 E.01488
G1 X-7.356 Y-2.151 E.0188
G1 X-7.973 Y-2.338 E.03028
G1 X-8.326 Y-2.526 E.01883
G1 X-8.7 Y-2.822 E.02242
G1 X-8.979 Y-3.143 E.02
G1 X-9.205 Y-3.517 E.02056
G1 X-9.393 Y-4.048 E.0265
G1 X-9.451 Y-4.452 E.0192
G1 X-9.453 Y-4.768 E.01486
G1 X-9.396 Y-5.191 E.02007
G1 X-9.263 Y-5.614 E.02084
G1 X-9.054 Y-6.02 E.02146
G1 X-8.749 Y-6.411 E.02333
G1 X-8.356 Y-6.717 E.02344
G1 X-7.938 Y-6.939 E.02224
G1 X-7.459 Y-7.088 E.02361
G1 X-6.972 Y-7.113 E.02291
G1 X-6.529 Y-7.061 E.02096
G1 X-6.106 Y-6.936 E.02076
G1 X-5.713 Y-6.744 E.02056
G1 X-5.362 Y-6.49 E.02036
G1 X-5.062 Y-6.184 E.02016
G1 X-4.813 Y-5.825 E.02056
G1 X-4.603 Y-5.337 E.02499
G1 X-4.521 Y-4.956 E.01832
G1 X-4.497 Y-4.633 E.01524
G1 X-4.528 Y-4.23 E.01902
G1 X-4.695 Y-3.608 E.03026
G1 X-4.869 Y-3.254 E.01854
G1 X-5.145 Y-2.881 E.02185
G1 X-5.281 Y-2.755 E.00868
SET_VELOCITY_LIMIT ACCEL=10000
G1 X-5.699 Y-3.155 F30000
SET_VELOCITY_LIMIT ACCEL=5000
;TYPE:Outer wall
G1 F6420
G1 X-5.802 Y-3.059 E.00662
G1 F5580
G1 X-6.061 Y-2.891 E.01452
G1 F4380
G1 X-6.432 Y-2.746 E.01873
G1 F3600
G1 X-6.707 Y-2.695 E.01315
G1 F3000
G1 X-6.939 Y-2.686 E.01092
G1 F2340
G1 X-7.24 Y-2.719 E.01424
G1 X-7.751 Y-2.874 E.02511
M106 S255
G1 F2700
G1 X-8.009 Y-3.011 E.01374
G1 F3540
G1 X-8.3 Y-3.241 E.01744
G1 F4920
G1 X-8.511 Y-3.484 E.01513
G1 F6660
G1 X-8.681 Y-3.765 E.01544
G1 F7200
G1 X-8.83 Y-4.187 E.02105
G1 X-8.875 Y-4.496 E.01468
G1 X-8.876 Y-4.731 E.01105
G1 X-8.831 Y-5.065 E.01585
G1 X-8.727 Y-5.394 E.01623
G1 X-8.566 Y-5.708 E.01659
G1 X-8.338 Y-5.999 E.01738
G1 X-8.04 Y-6.231 E.01776
G1 X-7.715 Y-6.404 E.01731
G1 X-7.357 Y-6.515 E.01763
G1 X-6.991 Y-6.534 E.01723
G1 X-6.645 Y-6.494 E.01638
G1 X-6.316 Y-6.397 E.01613
G1 X-6.011 Y-6.247 E.01598
G1 X-5.74 Y-6.051 E.01573
G1 X-5.509 Y-5.815 E.01553
G1 X-5.321 Y-5.544 E.01551
G1 X-5.155 Y-5.16 E.01967
G1 X-5.093 Y-4.873 E.01381
G1 X-5.076 Y-4.634 E.01127
G1 X-5.1 Y-4.328 E.01443
G1 X-5.238 Y-3.812 E.02512
G1 X-5.364 Y-3.555 E.01346
G1 X-5.577 Y-3.267 E.01684
G1 F6720
G1 X-5.672 Y-3.179 E.00609
SET_VELOCITY_LIMIT ACCEL=10000
G1 E-1.2 F2100
;WIPE_START
G1 F6720
G1 X-5.802 Y-3.059
G1 X-6.061 Y-2.891
G1 X-6.432 Y-2.746
G1 X-6.707 Y-2.695
G1 X-6.939 Y-2.686
G1 X-7.24 Y-2.719
G1 X-7.529 Y-2.807
;WIPE_END
G1 X-.159 Y-4.793 Z4.2 F30000
G1 X8.323 Y-7.078 Z4.2
G1 Z3.8
G1 E1.2 F2100
SET_VELOCITY_LIMIT ACCEL=5000
;TYPE:Inner wall
G1 F9000
G1 X8.471 Y-7.061 E.00701
G1 X8.894 Y-6.936 E.02076
G1 X9.287 Y-6.744 E.02056
G1 X9.638 Y-6.49 E.02036
G1 X9.938 Y-6.184 E.02016
G1 X10.187 Y-5.825 E.02056
G1 X10.397 Y-5.337 E.02499
G1 X10.479 Y-4.956 E.01832
G1 X10.503 Y-4.633 E.01524
G1 X10.472 Y-4.23 E.01902
G1 X10.305 Y-3.608 E.03026
G1 X10.131 Y-3.254 E.01854
G1 X9.855 Y-2.881 E.02185
G1 X9.553 Y-2.602 E.01931
G1 X9.204 Y-2.375 E.01958
G1 X8.727 Y-2.188 E.02408
G1 X8.357 Y-2.12 E.01769
G1 X8.041 Y-2.108 E.01488
G1 X7.644 Y-2.151 E.0188
G1 X7.027 Y-2.338 E.03028
G1 X6.674 Y-2.526 E.01883
G1 X6.3 Y-2.822 E.02242
G1 X6.021 Y-3.143 E.02
G1 X5.795 Y-3.517 E.02056
G1 X5.607 Y-4.048 E.0265
G1 X5.549 Y-4.452 E.0192
G1 X5.547 Y-4.768 E.01486
G1 X5.604 Y-5.191 E.02007
G1 X5.737 Y-5.614 E.02084
G1 X5.946 Y-6.02 E.02146
G1 X6.251 Y-6.411 E.02333
G1 X6.644 Y-6.717 E.02344
G1 X7.062 Y-6.939 E.02224
G1 X7.541 Y-7.088 E.02361
G1 X8.028 Y-7.113 E.02291
G1 X8.287 Y-7.083 E.01226
SET_VELOCITY_LIMIT ACCEL=10000
G1 X8.255 Y-6.505 F30000
SET_VELOCITY_LIMIT ACCEL=5000
;TYPE:Outer wall
G1 F7200
G1 X8.355 Y-6.494 E.00473
G1 X8.684 Y-6.397 E.01613
G1 X8.989 Y-6.247 E.01598
G1 X9.26 Y-6.051 E.01573
G1 X9.491 Y-5.815 E.01553
G1 X9.679 Y-5.544 E.01551
G1 X9.845 Y-5.16 E.01967
G1 X9.907 Y-4.873 E.01381
G1 X9.924 Y-4.634 E.01127
G1 X9.9 Y-4.328 E.01443
G1 X9.762 Y-3.812 E.02512
G1 X9.636 Y-3.555 E.01346
G1 X9.423 Y-3.267 E.01684
G1 F6420
G1 X9.198 Y-3.059 E.01441
G1 F5580
G1 X8.939 Y-2.891 E.01452
G1 F4380
G1 X8.568 Y-2.746 E.01873
G1 F3600
G1 X8.293 Y-2.695 E.01315
G1 F3000
G1 X8.061 Y-2.686 E.01092
G1 F2340
G1 X7.76 Y-2.719 E.01424
G1 X7.249 Y-2.874 E.02511
M106 S255
G1 F2700
G1 X6.991 Y-3.011 E.01374
G1 F3540
G1 X6.7 Y-3.241 E.01744
G1 F4920
G1 X6.489 Y-3.484 E.01513
G1 F6660
G1 X6.319 Y-3.765 E.01544
G1 F7200
G1 X6.17 Y-4.187 E.02105
G1 X6.125 Y-4.496 E.01468
G1 X6.124 Y-4.731 E.01105
G1 X6.169 Y-5.065 E.01585
G1 X6.273 Y-5.394 E.01623
G1 X6.434 Y-5.708 E.01659
G1 X6.662 Y-5.999 E.01738
G1 X6.96 Y-6.231 E.01776
G1 X7.285 Y-6.404 E.01731
G1 X7.643 Y-6.515 E.01763
G1 X8.009 Y-6.534 E.01723
G1 X8.22 Y-6.509 E.00999
SET_VELOCITY_LIMIT ACCEL=10000
G1 E-1.2 F2100
;WIPE_START
G1 F7200
G1 X8.355 Y-6.494
G1 X8.684 Y-6.397
G1 X8.989 Y-6.247
G1 X9.26 Y-6.051
G1 X9.491 Y-5.815
G1 X9.679 Y-5.544
G1 X9.753 Y-5.373
;WIPE_END
G1 X17.354 Y-6.059 Z4.2 F30000
G1 X21.644 Y-6.447 Z4.2
G1 Z3.8
G1 E1.2 F2100
SET_VELOCITY_LIMIT ACCEL=5000
;TYPE:Inner wall
G1 F9000
G1 X21.737 Y-6.496 E.00495
G1 X22.216 Y-6.644 E.02361
G1 X22.703 Y-6.67 E.02291
G1 X23.146 Y-6.618 E.02096
G1 X23.569 Y-6.493 E.02076
G1 X23.962 Y-6.301 E.02056
G1 X24.313 Y-6.047 E.02036
G1 X24.613 Y-5.741 E.02016
G1 X24.862 Y-5.381 E.02056
G1 X25.072 Y-4.893 E.02499
G1 X25.154 Y-4.513 E.01832
G1 X25.178 Y-4.189 E.01524
G1 X25.147 Y-3.786 E.01902
G1 X24.98 Y-3.165 E.03026
G1 X24.806 Y-2.811 E.01854
G1 X24.53 Y-2.437 E.02185
G1 X24.228 Y-2.158 E.01931
G1 X23.879 Y-1.932 E.01958
G1 X23.402 Y-1.745 E.02408
G1 X23.032 Y-1.677 E.01769
G1 X22.716 Y-1.664 E.01488
G1 X22.319 Y-1.708 E.0188
G1 X21.702 Y-1.895 E.03028
G1 X21.349 Y-2.083 E.01883
G1 X20.975 Y-2.378 E.02242
G1 X20.696 Y-2.7 E.02
G1 X20.47 Y-3.074 E.02056
G1 X20.282 Y-3.605 E.0265
G1 X20.224 Y-4.009 E.0192
G1 X20.222 Y-4.325 E.01486
G1 X20.279 Y-4.748 E.02007
G1 X20.412 Y-5.171 E.02084
G1 X20.621 Y-5.577 E.02146
G1 X20.926 Y-5.968 E.02333
G1 X21.319 Y-6.274 E.02343
G1 X21.612 Y-6.43 E.0156
SET_VELOCITY_LIMIT ACCEL=10000
G1 X21.915 Y-5.937 F30000
SET_VELOCITY_LIMIT ACCEL=5000
;TYPE:Outer wall
G1 F7200
G1 X21.96 Y-5.961 E.0024
G1 X22.318 Y-6.072 E.01763
G1 X22.684 Y-6.091 E.01723
G1 X23.03 Y-6.05 E.01638
G1 X23.359 Y-5.953 E.01613
G1 X23.664 Y-5.804 E.01596
G1 X23.935 Y-5.608 E.01573
G1 X24.166 Y-5.372 E.01553
G1 X24.354 Y-5.1 E.01555
G1 X24.52 Y-4.716 E.01967
G1 X24.582 Y-4.43 E.01376
G1 X24.599 Y-4.191 E.01127
G1 X24.575 Y-3.884 E.01448
G1 X24.437 Y-3.369 E.02507
G1 X24.311 Y-3.112 E.01346
G1 X24.098 Y-2.824 E.01684
G1 F6420
G1 X23.873 Y-2.616 E.01441
G1 F5580
G1 X23.614 Y-2.448 E.01452
G1 F4380
G1 X23.243 Y-2.303 E.01873
G1 F3600
G1 X22.968 Y-2.252 E.01315
G1 F3000
G1 X22.736 Y-2.243 E.01092
G1 F2340
G1 X22.435 Y-2.276 E.01424
G1 X21.924 Y-2.431 E.02511
M106 S255
G1 F2700
G1 X21.666 Y-2.568 E.01374
G1 F3540
G1 X21.375 Y-2.797 E.01741
G1 F4920
G1 X21.164 Y-3.04 E.01513
G1 F6660
G1 X20.994 Y-3.322 E.01548
G1 F7200
G1 X20.845 Y-3.743 E.021
G1 X20.801 Y-4.052 E.01468
G1 X20.799 Y-4.288 E.0111
G1 X20.844 Y-4.621 E.0158
G1 X20.948 Y-4.951 E.01627
G1 X21.109 Y-5.264 E.01655
G1 X21.337 Y-5.556 E.01742
G1 X21.635 Y-5.788 E.01776
G1 X21.883 Y-5.92 E.01321
SET_VELOCITY_LIMIT ACCEL=10000
G1 E-1.2 F2100
;WIPE_START
G1 F7200
G1 X21.96 Y-5.961
G1 X22.318 Y-6.072
G1 X22.684 Y-6.091
G1 X23.03 Y-6.05
G1 X23.359 Y-5.953
G1 X23.664 Y-5.804
G1 X23.778 Y-5.721
;WIPE_END
G1 X16.172 Y-5.087 Z4.2 F30000
G1 X-23.267 Y-1.796 Z4.2
G1 Z3.8
G1 E1.2 F2100
SET_VELOCITY_LIMIT ACCEL=5000
;TYPE:Inner wall
G1 F9000
G1 X-22.588 Y-1.818 E.03192
G1 X-21.812 Y-1.74 E.03668
G1 X-21.05 Y-1.559 E.03687
G1 X-20.279 Y-1.253 E.03899
G1 X-19.642 Y-.904 E.03415
G1 X-19.014 Y-.442 E.03668
G1 X-18.453 Y.101 E.03668
G1 X-17.97 Y.713 E.03668
G1 X-17.572 Y1.384 E.03668
G1 X-17.268 Y2.102 E.03668
G1 X-17.061 Y2.854 E.03668
M73 P85 R1
G1 X-16.958 Y3.627 E.03668
G1 X-16.958 Y4.407 E.03668
G1 X-17.061 Y5.18 E.03668
G1 X-17.268 Y5.933 E.03668
G1 X-17.572 Y6.651 E.03668
G1 X-17.97 Y7.322 E.03668
G1 X-18.456 Y7.937 E.03687
G1 X-19.057 Y8.508 E.03899
G1 X-19.642 Y8.939 E.03415
G1 X-20.326 Y9.314 E.03668
G1 X-21.054 Y9.594 E.03668
G1 X-21.812 Y9.775 E.03668
G1 X-22.588 Y9.853 E.03668
G1 X-23.368 Y9.827 E.03668
G1 X-24.137 Y9.697 E.03668
G1 X-24.882 Y9.466 E.03668
G1 X-25.59 Y9.138 E.03668
G1 X-26.247 Y8.718 E.03668
G1 X-26.843 Y8.215 E.03668
G1 X-27.366 Y7.636 E.03668
G1 X-27.807 Y6.993 E.03668
G1 X-28.159 Y6.297 E.03668
G1 X-28.415 Y5.56 E.03668
G1 X-28.571 Y4.796 E.03668
G1 X-28.623 Y4.017 E.03668
G1 X-28.571 Y3.239 E.03668
G1 X-28.415 Y2.475 E.03668
G1 X-28.158 Y1.734 E.03687
G1 X-27.777 Y.997 E.03899
G1 X-27.366 Y.399 E.03415
G1 X-26.843 Y-.18 E.03668
G1 X-26.247 Y-.683 E.03668
G1 X-25.59 Y-1.103 E.03668
G1 X-24.882 Y-1.432 E.03668
G1 X-24.133 Y-1.664 E.03688
G1 X-23.314 Y-1.794 E.03899
G1 X-23.303 Y-1.795 E.00055
SET_VELOCITY_LIMIT ACCEL=10000
G1 X-23.247 Y-1.219 F30000
SET_VELOCITY_LIMIT ACCEL=5000
;TYPE:Outer wall
G1 F7200
G1 X-22.608 Y-1.24 E.0301
G1 X-21.909 Y-1.17 E.03305
G1 X-21.224 Y-1.007 E.03311
G1 X-20.524 Y-.73 E.03536
G1 X-19.953 Y-.417 E.03065
G1 X-19.387 Y0 E.03305
G1 X-18.882 Y.489 E.03305
G1 X-18.446 Y1.04 E.03305
G1 X-18.088 Y1.645 E.03305
G1 X-17.814 Y2.292 E.03305
G1 X-17.628 Y2.97 E.03305
G1 X-17.535 Y3.666 E.03305
G1 X-17.535 Y4.369 E.03305
G1 X-17.628 Y5.065 E.03305
G1 X-17.814 Y5.743 E.03305
G1 X-18.088 Y6.39 E.03305
G1 X-18.446 Y6.995 E.03305
G1 X-18.883 Y7.547 E.03312
G1 X-19.428 Y8.065 E.03536
G1 X-19.953 Y8.452 E.03065
G1 X-20.569 Y8.789 E.03305
G1 X-21.225 Y9.042 E.03305
G1 X-21.909 Y9.205 E.03305
G1 X-22.608 Y9.275 E.03305
G1 X-23.31 Y9.252 E.03305
G1 X-24.003 Y9.135 E.03305
G1 X-24.674 Y8.927 E.03305
G1 X-25.312 Y8.631 E.03305
G1 X-25.904 Y8.253 E.03305
G1 X-26.441 Y7.799 E.03305
G1 X-26.912 Y7.278 E.03305
G1 X-27.31 Y6.698 E.03305
G1 X-27.627 Y6.071 E.03305
G1 X-27.857 Y5.407 E.03305
G1 X-27.997 Y4.719 E.03305
G1 X-28.044 Y4.017 E.03305
G1 X-27.997 Y3.316 E.03305
G1 X-27.857 Y2.628 E.03305
G1 X-27.626 Y1.962 E.03311
G1 X-27.281 Y1.294 E.03536
G1 X-26.912 Y.757 E.03065
G1 X-26.441 Y.236 E.03305
G1 X-25.904 Y-.218 E.03305
G1 X-25.312 Y-.596 E.03305
G1 X-24.674 Y-.892 E.03305
G1 X-24.002 Y-1.1 E.03311
G1 X-23.283 Y-1.215 E.03421
SET_VELOCITY_LIMIT ACCEL=10000
G1 E-1.2 F2100
;WIPE_START
G1 F7200
G1 X-22.608 Y-1.24
G1 X-21.909 Y-1.17
G1 X-21.304 Y-1.026
;WIPE_END
G1 X-13.739 Y-2.038 Z4.2 F30000
G1 X30.967 Y-8.021 Z4.2
G1 Z3.8
G1 E1.2 F2100
SET_VELOCITY_LIMIT ACCEL=5000
;TYPE:Inner wall
G1 F9000
G1 X30.981 Y-7.995 E.0014
G1 X31.314 Y-7.222 E.03958
G1 X31.573 Y-6.421 E.03958
G1 X31.757 Y-5.6 E.03958
G1 X31.865 Y-4.765 E.03958
G1 X31.895 Y-3.924 E.03958
G1 X31.848 Y-3.084 E.03958
G1 X31.723 Y-2.251 E.03958
G1 X31.522 Y-1.434 E.03958
G1 X31.246 Y-.639 E.03958
G1 X30.898 Y.128 E.03958
G1 X30.514 Y.801 E.03646
G1 X29.996 Y1.55 E.04282
G1 X29.454 Y2.19 E.03944
G1 X28.853 Y2.779 E.03958
G1 X28.2 Y3.31 E.03958
G1 X27.501 Y3.779 E.03958
G1 X26.761 Y4.181 E.03958
G1 X25.988 Y4.513 E.03958
G1 X25.187 Y4.772 E.03958
G1 X24.346 Y4.961 E.04054
G1 X-21.181 Y12.988 E2.1739
G1 X-22.036 Y13.099 E.04054
G1 X-22.877 Y13.129 E.03958
G1 X-23.717 Y13.081 E.03958
G1 X-24.55 Y12.957 E.03958
G1 X-25.303 Y12.771 E.03646
G1 X-26.165 Y12.479 E.04282
G1 X-26.929 Y12.132 E.03944
G1 X-27.66 Y11.715 E.03958
G1 X-28.349 Y11.232 E.03958
G1 X-28.991 Y10.688 E.03958
G1 X-29.58 Y10.087 E.03958
G1 X-30.111 Y9.434 E.03958
G1 X-30.58 Y8.734 E.03958
G1 X-30.981 Y7.995 E.03958
G1 X-31.314 Y7.222 E.03958
G1 X-31.573 Y6.421 E.03958
G1 X-31.757 Y5.6 E.03958
G1 X-31.865 Y4.765 E.03958
G1 X-31.895 Y3.924 E.03958
G1 X-31.851 Y3.15 E.03646
G1 X-31.722 Y2.248 E.04282
G1 X-31.522 Y1.434 E.03944
G1 X-31.246 Y.639 E.03958
G1 X-30.898 Y-.128 E.03958
G1 X-30.481 Y-.859 E.03958
G1 X-29.998 Y-1.548 E.03958
G1 X-29.454 Y-2.19 E.03958
G1 X-28.853 Y-2.779 E.03958
G1 X-28.2 Y-3.31 E.03958
G1 X-27.501 Y-3.779 E.03958
G1 X-26.761 Y-4.181 E.03958
G1 X-25.988 Y-4.513 E.03958
G1 X-25.187 Y-4.772 E.03958
G1 X-24.346 Y-4.961 E.04054
G1 X21.181 Y-12.988 E2.1739
G1 X22.036 Y-13.099 E.04054
G1 X22.877 Y-13.129 E.03958
G1 X23.651 Y-13.085 E.03646
G1 X24.552 Y-12.956 E.04282
G1 X25.367 Y-12.755 E.03944
G1 X26.162 Y-12.48 E.03958
G1 X26.929 Y-12.132 E.03958
G1 X27.66 Y-11.715 E.03958
G1 X28.349 Y-11.232 E.03958
G1 X28.991 Y-10.688 E.03958
G1 X29.58 Y-10.087 E.03958
G1 X30.111 Y-9.434 E.03958
G1 X30.579 Y-8.734 E.03958
G1 X30.95 Y-8.053 E.03649
SET_VELOCITY_LIMIT ACCEL=10000
G1 X31.474 Y-8.297 F30000
SET_VELOCITY_LIMIT ACCEL=5000
;TYPE:Outer wall
G1 F7200
G1 X31.501 Y-8.247 E.00266
G1 X31.854 Y-7.425 E.04209
G1 X32.13 Y-6.573 E.04209
G1 X32.326 Y-5.7 E.04209
G1 X32.441 Y-4.812 E.04209
G1 X32.473 Y-3.918 E.04209
G1 X32.422 Y-3.024 E.04209
G1 X32.289 Y-2.139 E.04209
G1 X32.076 Y-1.27 E.04209
G1 X31.782 Y-.424 E.04209
G1 X31.413 Y.391 E.04209
G1 X31.003 Y1.109 E.03888
G1 X30.455 Y1.902 E.04533
G1 X29.877 Y2.584 E.04204
G1 X29.238 Y3.21 E.04209
G1 X28.543 Y3.775 E.04209
G1 X27.8 Y4.273 E.04209
G1 X27.013 Y4.7 E.04209
G1 X26.191 Y5.053 E.04209
G1 X25.339 Y5.329 E.04209
G1 X24.459 Y5.527 E.04242
G1 X-21.094 Y13.559 E2.17516
G1 X-21.989 Y13.674 E.04242
G1 X-22.883 Y13.707 E.04209
G1 X-23.777 Y13.656 E.04209
G1 X-24.662 Y13.523 E.04209
G1 X-25.464 Y13.326 E.03888
G1 X-26.377 Y13.016 E.04533
G1 X-27.191 Y12.646 E.04204
G1 X-27.969 Y12.203 E.04209
G1 X-28.702 Y11.69 E.04209
G1 X-29.385 Y11.111 E.04209
G1 X-30.011 Y10.471 E.04209
G1 X-30.576 Y9.777 E.04209
G1 X-31.074 Y9.033 E.04209
G1 X-31.501 Y8.247 E.04209
G1 X-31.854 Y7.425 E.04209
G1 X-32.13 Y6.573 E.04209
G1 X-32.326 Y5.7 E.04209
G1 X-32.441 Y4.812 E.04209
G1 X-32.473 Y3.918 E.04209
G1 X-32.426 Y3.092 E.03888
G1 X-32.289 Y2.138 E.04533
G1 X-32.076 Y1.27 E.04204
G1 X-31.782 Y.424 E.04209
G1 X-31.413 Y-.39 E.04209
G1 X-30.969 Y-1.168 E.04209
G1 X-30.456 Y-1.901 E.04209
G1 X-29.877 Y-2.584 E.04209
G1 X-29.238 Y-3.21 E.04209
G1 X-28.543 Y-3.775 E.04209
G1 X-27.8 Y-4.273 E.04209
G1 X-27.013 Y-4.7 E.04209
G1 X-26.191 Y-5.053 E.04209
G1 X-25.339 Y-5.329 E.04209
G1 X-24.459 Y-5.527 E.04242
G1 X21.094 Y-13.559 E2.17515
G1 X21.988 Y-13.674 E.04242
M73 P85 R0
G1 X22.883 Y-13.706 E.04209
G1 X23.708 Y-13.66 E.03888
G1 X24.663 Y-13.523 E.04533
G1 X25.531 Y-13.309 E.04204
G1 X26.376 Y-13.016 E.04209
G1 X27.191 Y-12.646 E.04209
G1 X27.969 Y-12.203 E.04209
G1 X28.702 Y-11.69 E.04209
G1 X29.385 Y-11.111 E.04209
G1 X30.011 Y-10.471 E.04209
G1 X30.576 Y-9.777 E.04209
G1 X31.074 Y-9.033 E.04209
G1 X31.457 Y-8.328 E.03774
SET_VELOCITY_LIMIT ACCEL=10000
G1 E-1.2 F2100
;WIPE_START
G1 F7200
G1 X31.501 Y-8.247
G1 X31.854 Y-7.425
G1 X32.13 Y-6.573
G1 X32.156 Y-6.459
;WIPE_END
G1 X27.453 Y-11.733 Z4.2 F30000
G1 Z3.8
G1 E1.2 F2100
SET_VELOCITY_LIMIT ACCEL=7000
;TYPE:Internal solid infill
;WIDTH:0.624492
G1 F9000
G1 X29.321 Y-9.856 E.12555
G1 X29.832 Y-9.228 E.03837
G1 X30.283 Y-8.555 E.03837
G1 X30.67 Y-7.844 E.03837
G1 X30.782 Y-7.581 E.01355
G1 X26.348 Y-12.015 E.29717
G1 X26.034 Y-12.158 E.01638
G1 X25.269 Y-12.423 E.03837
G1 X25.069 Y-12.472 E.00976
G1 X31.246 Y-6.295 E.41402
G1 X31.416 Y-5.539 E.03668
G1 X31.451 Y-5.268 E.01299
G1 X24.039 Y-12.68 E.49676
G1 X23.617 Y-12.74 E.02021
G1 X23.128 Y-12.768 E.02318
G1 X31.533 Y-4.363 E.56328
G1 X31.548 Y-3.927 E.02067
M73 P86 R0
G1 X31.527 Y-3.547 E.01807
G1 X22.312 Y-12.762 E.61762
G1 X22.064 Y-12.753 E.01172
G1 X21.563 Y-12.688 E.02397
G1 X31.454 Y-2.797 E.66295
G1 X31.383 Y-2.318 E.02292
G1 X31.329 Y-2.1 E.01067
G1 X20.85 Y-12.578 E.70228
G1 X20.151 Y-12.455 E.03365
G1 X31.16 Y-1.447 E.7378
G1 X30.948 Y-.836 E.03063
G1 X19.452 Y-12.332 E.77047
G1 X18.753 Y-12.208 E.03365
G1 X30.696 Y-.265 E.80046
G1 X30.589 Y-.03 E.01223
G1 X30.415 Y.276 E.0167
G1 X25.476 Y-4.663 E.33099
G1 X25.403 Y-5 E.01635
G1 X25.166 Y-5.55 E.0284
G1 X24.881 Y-5.962 E.02375
G1 X24.539 Y-6.311 E.02311
G1 X24.141 Y-6.599 E.02331
G1 X23.695 Y-6.817 E.02351
G1 X23.176 Y-6.963 E.02557
G1 X18.054 Y-12.085 E.3433
G1 X17.354 Y-11.962 E.03365
G1 X22.32 Y-6.996 E.33279
G1 X22.155 Y-6.988 E.00781
G1 X21.659 Y-6.834 E.0246
G1 X16.655 Y-11.839 E.33538
G1 X15.956 Y-11.715 E.03365
G1 X21.117 Y-6.555 E.34586
G1 X20.66 Y-6.189 E.02773
G1 X15.257 Y-11.592 E.36212
G1 X14.558 Y-11.469 E.03365
G1 X20.306 Y-5.721 E.38523
G1 X20.091 Y-5.303 E.02227
G1 X20.046 Y-5.158 E.00717
G1 X13.858 Y-11.345 E.41466
G1 X13.159 Y-11.222 E.03365
G1 X20.136 Y-4.246 E.46756
SET_VELOCITY_LIMIT ACCEL=10000
G1 E-1.2 F2100
;WIPE_START
G1 F9000
G1 X18.721 Y-5.66
;WIPE_END
G17
G3 Z4.2 I-.289 J1.182 P1  F30000
G1 X25.255 Y-4.062 Z4.2
G1 Z3.8
G1 E1.2 F2100
SET_VELOCITY_LIMIT ACCEL=7000
G1 F9000
G1 X30.103 Y.787 E.32494
G1 X29.767 Y1.273 E.02802
G1 X25.336 Y-3.158 E.29696
G1 X25.305 Y-3.042 E.00565
G1 X25.077 Y-2.595 E.02383
G1 X29.395 Y1.724 E.28944
G1 X29.2 Y1.954 E.01429
G1 X29 Y2.151 E.01332
G1 X24.713 Y-2.135 E.28726
G1 X24.441 Y-1.884 E.01755
G1 X24.26 Y-1.766 E.01025
G1 X28.581 Y2.554 E.28957
G1 X28.127 Y2.923 E.02771
G1 X23.71 Y-1.494 E.29603
G1 X23.497 Y-1.411 E.01082
G1 X23.05 Y-1.331 E.02153
G1 X27.646 Y3.264 E.30802
G1 X27.321 Y3.482 E.01853
G1 X27.14 Y3.581 E.00979
G1 X22.167 Y-1.392 E.3333
G1 X21.57 Y-1.573 E.02955
G1 X21.159 Y-1.792 E.02205
G1 X20.735 Y-2.127 E.02562
G1 X20.415 Y-2.495 E.02311
G1 X20.155 Y-2.925 E.0238
G1 X19.944 Y-3.522 E.03001
G1 X19.928 Y-3.631 E.00521
G1 X12.46 Y-11.099 E.50052
G1 X11.761 Y-10.976 E.03365
G1 X26.607 Y3.87 E.99498
G1 X26.031 Y4.117 E.02968
G1 X11.062 Y-10.852 E1.00327
G1 X10.363 Y-10.729 E.03365
G1 X25.423 Y4.332 E1.00937
G1 X25.096 Y4.438 E.01632
G1 X24.778 Y4.509 E.01543
G1 X9.663 Y-10.606 E1.01299
G1 X8.964 Y-10.483 E.03365
G1 X24.099 Y4.653 E1.01436
G1 X23.4 Y4.776 E.03365
G1 X8.265 Y-10.359 E1.01436
G1 X7.566 Y-10.236 E.03365
G1 X22.701 Y4.899 E1.01436
G1 X22.002 Y5.022 E.03365
G1 X6.867 Y-10.113 E1.01436
G1 X6.167 Y-9.989 E.03365
M73 P87 R0
G1 X8.845 Y-7.312 E.17945
G1 X9.02 Y-7.26 E.00865
G1 X9.466 Y-7.042 E.02351
G1 X9.864 Y-6.754 E.02331
G1 X10.206 Y-6.406 E.02311
G1 X10.491 Y-5.993 E.02376
G1 X10.732 Y-5.425 E.02925
G1 X21.303 Y5.146 E.70847
G1 X20.603 Y5.269 E.03365
G1 X10.839 Y-4.495 E.65439
G1 X10.814 Y-4.171 E.01541
G1 X10.714 Y-3.798 E.0183
G1 X19.904 Y5.392 E.61593
G1 X19.205 Y5.516 E.03365
G1 X10.49 Y-3.2 E.5841
G1 X10.428 Y-3.074 E.00665
G1 X10.158 Y-2.709 E.02151
G1 X18.506 Y5.639 E.55945
G1 X17.807 Y5.762 E.03365
G1 X9.737 Y-2.308 E.54086
G1 X9.363 Y-2.066 E.02111
G1 X9.214 Y-2.008 E.00755
G1 X17.107 Y5.885 E.529
G1 X16.408 Y6.009 E.03365
G1 X8.589 Y-1.811 E.52408
G1 X8.396 Y-1.776 E.0093
G1 X8.029 Y-1.761 E.01739
G1 X7.79 Y-1.787 E.01139
G1 X15.933 Y6.356 E.54576
SET_VELOCITY_LIMIT ACCEL=10000
G1 E-1.2 F2100
;WIPE_START
G1 F9000
G1 X14.519 Y4.942
;WIPE_END
G1 X10.97 Y-1.815 Z4.2 F30000
G1 X8.148 Y-7.186 Z4.2
G1 Z3.8
G1 E1.2 F2100
SET_VELOCITY_LIMIT ACCEL=7000
G1 F9000
G1 X5.468 Y-9.866 E.17962
G1 X4.769 Y-9.743 E.03365
G1 X7.175 Y-7.337 E.16126
G1 X6.928 Y-7.26 E.01225
G1 X6.602 Y-7.087 E.01749
G1 X4.07 Y-9.62 E.16973
G1 X3.371 Y-9.496 E.03365
G1 X6.12 Y-6.747 E.18424
G1 X6.005 Y-6.658 E.00691
G1 X5.734 Y-6.311 E.02086
G1 X2.672 Y-9.373 E.20523
G1 X1.972 Y-9.25 E.03365
G1 X5.436 Y-5.786 E.23216
G1 X5.265 Y-5.267 E.02588
G1 X5.249 Y-5.15 E.00559
G1 X1.273 Y-9.126 E.26648
G1 X.574 Y-9.003 E.03365
G1 X5.518 Y-4.059 E.33133
SET_VELOCITY_LIMIT ACCEL=10000
G1 X-.349 Y-9.104 F30000
SET_VELOCITY_LIMIT ACCEL=7000
G1 F9000
G1 X15.01 Y6.255 E1.02939
G1 X14.311 Y6.379 E.03365
G1 X-.824 Y-8.757 E1.01436
G1 X-1.524 Y-8.633 E.03365
G1 X13.612 Y6.502 E1.01436
G1 X12.912 Y6.625 E.03365
G1 X-2.223 Y-8.51 E1.01436
G1 X-2.922 Y-8.387 E.03365
G1 X12.213 Y6.748 E1.01436
G1 X11.514 Y6.872 E.03365
G1 X-3.621 Y-8.263 E1.01436
G1 X-4.32 Y-8.14 E.03365
G1 X10.815 Y6.995 E1.01436
G1 X10.116 Y7.118 E.03365
G1 X-5.019 Y-8.017 E1.01436
G1 X-5.677 Y-7.901 E.03162
G1 X-5.677 Y-7.852 E.00231
G1 X9.416 Y7.242 E1.01159
G1 X8.717 Y7.365 E.03365
G1 X-4.409 Y-5.762 E.87976
G1 X-4.272 Y-5.443 E.01646
G1 X-4.177 Y-5.006 E.02121
G1 X-4.154 Y-4.684 E.0153
G1 X8.018 Y7.488 E.81576
G1 X7.319 Y7.611 E.03365
G1 X-4.245 Y-3.952 E.77499
G1 X-4.37 Y-3.486 E.02288
G1 X-4.446 Y-3.331 E.00818
G1 X6.62 Y7.735 E.74162
G1 X5.921 Y7.858 E.03365
M73 P88 R0
G1 X-4.759 Y-2.821 E.71572
G1 X-4.886 Y-2.648 E.01017
G1 X-5.158 Y-2.398 E.01752
G1 X5.221 Y7.981 E.6956
G1 X4.522 Y8.105 E.03365
G1 X-5.645 Y-2.063 E.68141
G1 X-6.061 Y-1.9 E.02115
G1 X-5.973 Y-1.874 E.00431
G1 X-5.98 Y-1.851 E.00115
G1 X-5.842 Y-1.81 E.00681
G1 X-5.854 Y-1.772 E.00188
G1 X-5.732 Y-1.725 E.0062
G1 X-5.843 Y-1.438 E.01459
G1 X3.823 Y8.228 E.64783
G1 X3.124 Y8.351 E.03365
G1 X-3.978 Y1.25 E.47594
G1 X-4.013 Y1.713 E.02204
G1 X-4.082 Y1.968 E.0125
G1 X2.425 Y8.474 E.43605
G1 X1.725 Y8.598 E.03365
G1 X-4.288 Y2.584 E.40305
G1 X-4.4 Y2.811 E.01196
G1 X-4.605 Y3.089 E.01642
G1 X1.026 Y8.721 E.37744
G1 X.327 Y8.844 E.03365
G1 X-5.009 Y3.508 E.35761
G1 X-5.505 Y3.834 E.02815
G1 X-.372 Y8.968 E.34403
G1 X-1.071 Y9.091 E.03365
G1 X-6.112 Y4.05 E.33784
G1 X-6.432 Y4.109 E.0154
G1 X-6.869 Y4.116 E.02072
G1 X-1.546 Y9.438 E.35672
SET_VELOCITY_LIMIT ACCEL=10000
G1 E-1.2 F2100
;WIPE_START
G1 F9000
G1 X-2.961 Y8.024
;WIPE_END
G1 X-6.968 Y1.529 Z4.2 F30000
G1 X-12.235 Y-7.008 Z4.2
G1 Z3.8
G1 E1.2 F2100
SET_VELOCITY_LIMIT ACCEL=7000
G1 F9000
G1 X-9.802 Y-4.575 E.1631
G1 X-9.827 Y-4.254 E.01525
G1 X-9.669 Y-3.62 E.03097
G1 X-12.711 Y-6.661 E.20382
G1 X-13.41 Y-6.537 E.03365
G1 X-8.127 Y-1.255 E.35403
G1 X-8.372 Y-1.124 E.01316
G1 X-8.624 Y-.929 E.01509
G1 X-14.109 Y-6.414 E.36763
G1 X-14.808 Y-6.291 E.03365
G1 X-9.028 Y-.511 E.38738
G1 X-9.175 Y-.323 E.01129
G1 X-9.34 Y-.001 E.01717
G1 X-15.507 Y-6.168 E.41331
G1 X-16.206 Y-6.044 E.03365
G1 X-9.558 Y.604 E.44557
G1 X-9.627 Y1.093 E.02342
G1 X-9.626 Y1.359 E.01259
G1 X-16.906 Y-5.921 E.48791
G1 X-17.605 Y-5.798 E.03365
G1 X-2.47 Y9.337 E1.01436
G1 X-3.169 Y9.461 E.03365
G1 X-18.304 Y-5.674 E1.01436
G1 X-19.003 Y-5.551 E.03365
G1 X-3.868 Y9.584 E1.01436
G1 X-4.567 Y9.707 E.03365
G1 X-19.702 Y-5.428 E1.01436
G1 X-20.402 Y-5.305 E.03365
G1 X-5.266 Y9.831 E1.01436
G1 X-5.966 Y9.954 E.03365
G1 X-21.101 Y-5.181 E1.01436
G1 X-21.8 Y-5.058 E.03365
G1 X-6.665 Y10.077 E1.01436
G1 X-7.364 Y10.2 E.03365
G1 X-22.499 Y-4.935 E1.01436
G1 X-23.198 Y-4.811 E.03365
G1 X-8.063 Y10.324 E1.01436
G1 X-8.762 Y10.447 E.03365
G1 X-16.834 Y2.376 E.54094
G1 X-16.721 Y2.785 E.02012
G1 X-16.64 Y3.392 E.02901
G1 X-9.462 Y10.57 E.4811
G1 X-10.161 Y10.694 E.03365
M73 P89 R0
G1 X-16.611 Y4.243 E.43232
G1 X-16.611 Y4.431 E.00889
G1 X-16.687 Y4.99 E.02676
G1 X-10.86 Y10.817 E.39051
G1 X-11.559 Y10.94 E.03365
G1 X-16.835 Y5.664 E.3536
G1 X-16.94 Y6.047 E.01879
G1 X-17.04 Y6.282 E.01212
G1 X-12.258 Y11.063 E.32045
G1 X-12.957 Y11.187 E.03365
G1 X-17.29 Y6.854 E.29037
G1 X-17.596 Y7.371 E.02845
G1 X-13.657 Y11.31 E.26402
G1 X-14.356 Y11.433 E.03365
G1 X-17.943 Y7.846 E.24039
G1 X-18.199 Y8.171 E.01962
G1 X-18.323 Y8.289 E.00807
G1 X-15.055 Y11.557 E.21901
G1 X-15.754 Y11.68 E.03365
G1 X-18.928 Y8.506 E.21274
SET_VELOCITY_LIMIT ACCEL=10000
G1 X-19.126 Y10.689 F30000
SET_VELOCITY_LIMIT ACCEL=7000
;WIDTH:0.823484
G1 F9000
G1 X-19.223 Y10.689 E.00621
G1 X-19.272 Y10.773 E.00621
G1 X-19.223 Y10.858 E.00621
G1 X-19.126 Y10.858 E.00621
G1 X-19.095 Y10.804 E.00392
SET_VELOCITY_LIMIT ACCEL=10000
G1 X-17.772 Y11.215 F30000
SET_VELOCITY_LIMIT ACCEL=7000
;WIDTH:0.619999
G1 F9000
G1 X-19.055 Y9.933 E.08531
G1 X-19.893 Y10.384 E.04475
G1 X-20.734 Y10.702 E.04229
G1 X-19.854 Y11.582 E.05853
G1 X-17.808 Y11.222 E.09769
SET_VELOCITY_LIMIT ACCEL=10000
G1 X-16.581 Y11.591 F30000
SET_VELOCITY_LIMIT ACCEL=7000
G1 F9000
G1 X-18.993 Y9.178 E.16046
G1 X-19.347 Y9.436 E.02059
G1 X-20.065 Y9.829 E.0385
G1 X-20.864 Y10.14 E.04031
G1 X-21.697 Y10.341 E.0403
G1 X-21.889 Y10.363 E.00909
G1 X-20.049 Y12.203 E.12236
G1 X-16.616 Y11.597 E.16395
SET_VELOCITY_LIMIT ACCEL=10000
G1 E-1.2 F2100
;WIPE_START
G1 F9000
G1 X-18.586 Y11.945
;WIPE_END
G1 X-24.68 Y7.35 Z4.2 F30000
G1 X-28.689 Y4.329 Z4.2
G1 Z3.8
G1 E1.2 F2100
SET_VELOCITY_LIMIT ACCEL=7000
;WIDTH:0.663281
G1 F9000
G1 X-31.248 Y1.77 E.18296
G1 X-31.381 Y2.313 E.02828
G1 X-31.407 Y2.488 E.00895
G1 X-28.547 Y5.348 E.20446
SET_VELOCITY_LIMIT ACCEL=10000
G1 E-1.2 F2100
;WIPE_START
G1 F9000
G1 X-29.961 Y3.934
;WIPE_END
G1 X-24.209 Y8.951 Z4.2 F30000
G1 X-23.095 Y9.923 Z4.2
G1 Z3.8
G1 E1.2 F2100
SET_VELOCITY_LIMIT ACCEL=7000
G1 F9000
G1 X-20.501 Y12.517 E.18544
G1 X-21.249 Y12.646 E.03839
G1 X-24.104 Y9.791 E.20409
SET_VELOCITY_LIMIT ACCEL=10000
G1 X-21.797 Y12.975 F30000
SET_VELOCITY_LIMIT ACCEL=7000
G1 F9000
G1 X-24.971 Y9.801 E.22687
G1 X-25.756 Y9.442 E.04367
G1 X-26.453 Y8.998 E.04177
G1 X-27.084 Y8.464 E.04177
G1 X-27.638 Y7.851 E.04177
G1 X-28.106 Y7.17 E.04177
G1 X-28.479 Y6.432 E.04177
G1 X-28.553 Y6.219 E.0114
G1 X-31.495 Y3.277 E.21032
G1 X-31.52 Y3.766 E.02476
G1 X-31.503 Y4.147 E.01925
G1 X-22.867 Y12.782 E.61734
G1 X-23.809 Y12.717 E.04773
G1 X-31.401 Y5.126 E.54273
G1 X-31.318 Y5.666 E.02761
G1 X-31.375 Y5.723 E.00406
G1 X-31.286 Y6.118 E.02049
G1 X-24.887 Y12.517 E.45746
G1 X-25.205 Y12.439 E.01657
G1 X-26.037 Y12.156 E.04442
G1 X-26.198 Y12.083 E.00892
G1 X-30.844 Y7.437 E.33216
G1 X-30.67 Y7.844 E.02237
G1 X-30.283 Y8.555 E.04093
G1 X-29.832 Y9.228 E.04093
G1 X-29.403 Y9.756 E.03444
G1 X-27.389 Y11.77 E.14395
SET_VELOCITY_LIMIT ACCEL=10000
G1 E-1.2 F2100
;WIPE_START
G1 F9000
G1 X-28.803 Y10.355
;WIPE_END
G1 X-24.952 Y3.766 Z4.2 F30000
G1 X-21.439 Y-2.245 Z4.2
G1 Z3.8
G1 E1.2 F2100
SET_VELOCITY_LIMIT ACCEL=7000
;WIDTH:0.619999
G1 F9000
G1 X-23.686 Y-4.491 E.1494
G1 X-24.232 Y-4.395 E.02611
G1 X-25.035 Y-4.215 E.03866
G1 X-25.785 Y-3.972 E.03707
G1 X-26.509 Y-3.661 E.03707
G1 X-27.202 Y-3.284 E.03707
G1 X-27.856 Y-2.846 E.03707
G1 X-28.468 Y-2.348 E.03707
G1 X-29.031 Y-1.797 E.03707
G1 X-29.541 Y-1.195 E.03707
G1 X-29.993 Y-.55 E.03707
G1 X-30.384 Y.135 E.03707
G1 X-30.709 Y.853 E.03707
G1 X-30.887 Y1.365 E.0255
G1 X-29.135 Y3.118 E.11654
G1 X-28.977 Y2.341 E.03727
G1 X-28.696 Y1.525 E.04056
G1 X-28.281 Y.716 E.04274
G1 X-27.831 Y.056 E.03759
G1 X-27.461 Y-.356 E.02604
G1 X-27.072 Y-.742 E.02576
G1 X-26.605 Y-1.137 E.02876
G1 X-26.078 Y-1.476 E.0295
G1 X-25.596 Y-1.737 E.02576
G1 X-25.108 Y-1.963 E.02531
G1 X-24.439 Y-2.173 E.03295
G1 X-23.879 Y-2.289 E.02691
G1 X-23.352 Y-2.37 E.02508
G1 X-22.588 Y-2.396 E.03591
G1 X-21.735 Y-2.313 E.0403
G1 X-21.474 Y-2.253 E.0126
SET_VELOCITY_LIMIT ACCEL=10000
G1 X-23.206 Y-3.053 F30000
SET_VELOCITY_LIMIT ACCEL=7000
;WIDTH:0.815546
G1 F9000
G1 X-23.915 Y-3.762 E.06311
G1 X-24.494 Y-3.647 E.03715
G1 X-25.504 Y-3.355 E.06619
G1 X-26.197 Y-3.059 E.04744
G1 X-26.835 Y-2.714 E.04569
G1 X-27.357 Y-2.37 E.03932
G1 X-28.003 Y-1.855 E.05205
G1 X-28.522 Y-1.348 E.04569
G1 X-28.883 Y-.931 E.0347
G1 X-29.412 Y-.202 E.05666
G1 X-29.771 Y.428 E.04568
G1 X-30.114 Y1.188 E.0525
G1 X-29.503 Y1.799 E.05447
G1 X-29.331 Y1.305 E.03297
G1 X-29.087 Y.8 E.03532
G1 X-28.819 Y.304 E.03547
G1 X-28.386 Y-.325 E.04807
G1 X-27.963 Y-.81 E.04053
G1 X-27.509 Y-1.258 E.04017
G1 X-27.04 Y-1.651 E.03851
G1 X-26.442 Y-2.046 E.04515
G1 X-25.881 Y-2.35 E.04017
G1 X-25.391 Y-2.573 E.03389
G1 X-24.639 Y-2.819 E.04976
G1 X-23.985 Y-2.958 E.04211
G1 X-23.374 Y-3.048 E.03888
G1 X-23.242 Y-3.052 E.0083
SET_VELOCITY_LIMIT ACCEL=10000
G1 X-9.712 Y-6.062 F30000
SET_VELOCITY_LIMIT ACCEL=7000
;WIDTH:0.67402
G1 F9000
G1 X-9.388 Y-6.573 E.03113
G1 X-9.509 Y-6.722 E.00985
G1 X-9.467 Y-6.971 E.01296
G1 X-10.448 Y-6.798 E.05124
G1 X-9.737 Y-6.087 E.05168
SET_VELOCITY_LIMIT ACCEL=10000
G1 X-8.766 Y-6.805 F30000
;TYPE:Gap infill
;WIDTH:0.149118
G1 F9000
G1 X-8.661 Y-6.91 E.00128
;WIDTH:0.165018
G1 X-8.556 Y-7.014 E.00148
;WIDTH:0.182947
G1 X-7.964 Y-7.556 E.00916
G1 X-7.823 Y-7.431 F30000
;WIDTH:0.320209
G1 F9000
G1 X-7.548 Y-7.498 E.0064
;WIDTH:0.317432
G1 X-7.244 Y-7.534 E.00685
;WIDTH:0.352691
G1 X-6.971 Y-7.565 E.00692
;WIDTH:0.372339
G1 X-6.943 Y-7.567 E.00075
;WIDTH:0.399438
G1 X-6.777 Y-7.572 E.00484
;WIDTH:0.447846
G1 X-6.61 Y-7.577 E.0055
;WIDTH:0.496253
G1 X-6.443 Y-7.582 E.00616
;WIDTH:0.528283
G1 X-6.027 Y-7.576 E.01646
G1 X-7.823 Y-7.431 F30000
;WIDTH:0.357811
G1 F9000
G1 X-8.129 Y-7.356 E.00808
;WIDTH:0.380383
G1 X-8.468 Y-7.239 E.00986
G1 X-9.36 Y-2.984 F30000
SET_VELOCITY_LIMIT ACCEL=7000
;TYPE:Internal solid infill
;WIDTH:0.55292
G1 F9000
G1 X-8.969 Y-2.553 E.02418
G1 X-8.56 Y-2.188 E.02277
G1 X-8.257 Y-1.967 E.01558
G1 X-7.953 Y-1.608 E.01954
G1 X-8.017 Y-1.608 E.00265
G1 X-8.049 Y-1.553 E.00265
G1 X-8.017 Y-1.498 E.00265
G1 X-7.953 Y-1.498 E.00265
G1 X-7.939 Y-1.522 E.00115
SET_VELOCITY_LIMIT ACCEL=10000
G1 X-7.548 Y-1.46 F30000
;TYPE:Gap infill
;WIDTH:0.153596
G1 F9000
G1 X-6.533 Y-1.823 E.00972
G1 X-6.53 Y-1.813 F30000
;WIDTH:0.138805
G1 F9000
G1 X-6.677 Y-1.781 E.00117
;WIDTH:0.180628
G1 X-6.708 Y-1.754 E.00046
;WIDTH:0.230136
G1 X-6.739 Y-1.727 E.00063
;WIDTH:0.279645
G1 X-6.771 Y-1.7 E.00079
;WIDTH:0.332338
G1 X-6.802 Y-1.673 E.00097
G1 X-6.774 Y-1.656 E.00078
;WIDTH:0.296329
G1 X-6.707 Y-1.625 E.00152
;WIDTH:0.249182
G1 X-6.569 Y-1.584 E.00241
;WIDTH:0.200743
G1 X-6.432 Y-1.543 E.00185
;WIDTH:0.152304
G1 X-6.294 Y-1.503 E.00128
;WIDTH:0.126395
G1 X-6.203 Y-1.468 E.00066
G1 X-6.572 Y-1.687 F30000
;WIDTH:0.355643
G1 F9000
G1 X-7.113 Y-1.667 E.01379
;WIDTH:0.352693
G1 X-7.176 Y-1.621 E.00197
;WIDTH:0.308873
G1 X-7.238 Y-1.574 E.00169
;WIDTH:0.265053
G1 X-7.301 Y-1.528 E.00141
;WIDTH:0.243143
G1 X-7.363 Y-1.482 E.00127
G1 X-7.324 Y-1.768 F30000
;WIDTH:0.240278
G1 F9000
G1 X-7.226 Y-1.738 E.00165
;WIDTH:0.278749
G1 X-7.188 Y-1.714 E.00085
;WIDTH:0.31709
G1 X-7.151 Y-1.691 E.00099
;WIDTH:0.355431
G1 X-7.113 Y-1.667 E.00113
G1 X-7.324 Y-1.768 F30000
;WIDTH:0.199328
G1 F9000
G1 X-7.434 Y-1.802 E.00147
;WIDTH:0.163362
G1 X-7.598 Y-1.87 E.00174
;WIDTH:0.148015
G1 X-7.762 Y-1.938 E.00152
;LAYER_CHANGE
;Z:4
;HEIGHT:0.2
;BEFORE_LAYER_CHANGE
;4
G1 E-1.2 F2100
;WIPE_START
G1 F9000
G1 X-7.598 Y-1.87
;WIPE_END
;AFTER_LAYER_CHANGE
;4
;_SET_FAN_SPEED_CHANGING_LAYER
G17
G3 Z4.4 I-1.134 J-.441 P1  F30000
G1 X-9.032 Y1.817 Z4.4
G1 Z4
G1 E1.2 F2100
SET_VELOCITY_LIMIT ACCEL=5000
;TYPE:Inner wall
;WIDTH:0.62
G1 F9000
G1 X-9.064 Y1.649 E.00805
G1 X-9.053 Y1.101 E.0258
G1 X-8.95 Y.692 E.01982
G1 X-8.857 Y.437 E.01278
G1 X-8.698 Y.155 E.01523
G1 X-8.444 Y-.181 E.01977
G1 X-7.96 Y-.615 E.03058
G1 X-7.609 Y-.82 E.01912
G1 X-7.154 Y-.984 E.02275
G1 X-6.733 Y-1.051 E.02007
G1 X-6.297 Y-1.045 E.02047
G1 X-5.764 Y-.93 E.02563
G1 X-5.395 Y-.773 E.01888
G1 X-5.133 Y-.613 E.01442
G1 X-4.759 Y-.31 E.02267
G1 X-4.478 Y.022 E.02044
G1 X-4.235 Y.433 E.02245
G1 X-4.08 Y.892 E.02277
G1 X-4.029 Y1.377 E.02293
M73 P90 R0
G1 X-4.063 Y1.856 E.02258
G1 X-4.196 Y2.33 E.02317
G1 X-4.43 Y2.755 E.02278
G1 X-4.708 Y3.103 E.02097
G1 X-5.037 Y3.396 E.02072
G1 X-5.407 Y3.627 E.02052
G1 X-5.819 Y3.794 E.02089
G1 X-6.353 Y3.898 E.02561
G1 X-6.737 Y3.899 E.01802
G1 X-7.183 Y3.823 E.02132
G1 X-7.527 Y3.704 E.01707
G1 X-7.852 Y3.533 E.01728
G1 X-8.16 Y3.303 E.01807
G1 X-8.598 Y2.845 E.02983
G1 X-8.81 Y2.507 E.01877
G1 X-8.984 Y2.069 E.02213
G1 X-9.025 Y1.853 E.01037
SET_VELOCITY_LIMIT ACCEL=10000
G1 X-8.465 Y1.709 F30000
SET_VELOCITY_LIMIT ACCEL=5000
;TYPE:Outer wall
G1 F6240
G1 X-8.486 Y1.6 E.00522
G1 F4980
G1 X-8.478 Y1.178 E.01985
G1 F3900
G1 X-8.398 Y.862 E.01533
G1 F3600
G1 X-8.331 Y.679 E.00916
G1 F2820
G1 X-8.215 Y.472 E.01116
G1 F2340
G1 X-8.017 Y.212 E.01537
G1 X-7.619 Y-.146 E.02517
M106 S255
G1 F2820
G1 X-7.364 Y-.295 E.01389
G1 F3660
G1 X-7.01 Y-.423 E.0177
G1 F5280
G1 X-6.691 Y-.473 E.01518
G1 F6960
G1 X-6.362 Y-.469 E.01547
G1 F7200
G1 X-5.94 Y-.378 E.0203
G1 X-5.66 Y-.259 E.01431
G1 X-5.467 Y-.141 E.01064
G1 X-5.164 Y.104 E.01832
G1 X-4.95 Y.358 E.01562
G1 X-4.762 Y.675 E.01733
G1 X-4.647 Y1.016 E.01692
G1 X-4.609 Y1.387 E.01754
G1 X-4.634 Y1.757 E.01744
G1 X-4.734 Y2.11 E.01725
G1 X-4.911 Y2.433 E.01732
G1 X-5.128 Y2.704 E.01633
G1 X-5.384 Y2.932 E.01612
G1 X-5.671 Y3.111 E.01591
G1 X-5.984 Y3.239 E.0159
G1 X-6.409 Y3.321 E.02035
G1 X-6.689 Y3.322 E.01317
G1 X-7.04 Y3.262 E.01675
G1 X-7.297 Y3.173 E.01279
G1 X-7.543 Y3.044 E.01306
G1 X-7.776 Y2.87 E.01367
G1 X-8.14 Y2.488 E.02481
G1 X-8.293 Y2.245 E.0135
G1 X-8.427 Y1.907 E.0171
G1 F6420
G1 X-8.458 Y1.745 E.00776
SET_VELOCITY_LIMIT ACCEL=10000
G1 E-1.2 F2100
;WIPE_START
G1 F6420
G1 X-8.486 Y1.6
G1 X-8.478 Y1.178
G1 X-8.398 Y.862
G1 X-8.331 Y.679
G1 X-8.215 Y.472
G1 X-8.017 Y.212
G1 X-7.76 Y-.019
;WIPE_END
G1 X-5.107 Y-2.58 Z4.4 F30000
G1 Z4
G1 E1.2 F2100
SET_VELOCITY_LIMIT ACCEL=5000
;TYPE:Inner wall
G1 F9000
G1 X-5.21 Y-2.488 E.00649
G1 X-5.58 Y-2.258 E.02052
G1 X-5.991 Y-2.09 E.02089
G1 X-6.526 Y-1.987 E.02561
G1 X-6.909 Y-1.985 E.01802
G1 X-7.356 Y-2.061 E.02132
G1 X-7.699 Y-2.18 E.01707
G1 X-8.024 Y-2.351 E.01728
G1 X-8.332 Y-2.581 E.01807
G1 X-8.771 Y-3.039 E.02983
G1 X-8.982 Y-3.378 E.01877
G1 X-9.156 Y-3.815 E.02213
G1 X-9.236 Y-4.235 E.02011
G1 X-9.226 Y-4.784 E.0258
G1 X-9.123 Y-5.192 E.01982
G1 X-9.03 Y-5.448 E.01278
G1 X-8.871 Y-5.73 E.01523
G1 X-8.617 Y-6.065 E.01977
G1 X-8.133 Y-6.499 E.03058
G1 X-7.782 Y-6.704 E.01912
G1 X-7.327 Y-6.868 E.02275
G1 X-6.905 Y-6.935 E.02007
G1 X-6.47 Y-6.929 E.02047
G1 X-5.937 Y-6.814 E.02562
G1 X-5.567 Y-6.657 E.01888
G1 X-5.306 Y-6.497 E.01442
G1 X-4.931 Y-6.194 E.02267
G1 X-4.651 Y-5.862 E.02044
G1 X-4.407 Y-5.451 E.02245
G1 X-4.252 Y-4.992 E.02278
G1 X-4.202 Y-4.507 E.02293
G1 X-4.235 Y-4.028 E.02258
G1 X-4.369 Y-3.554 E.02317
G1 X-4.602 Y-3.13 E.02278
G1 X-4.881 Y-2.781 E.02097
G1 X-5.08 Y-2.604 E.01254
SET_VELOCITY_LIMIT ACCEL=10000
G1 X-5.49 Y-3.011 F30000
SET_VELOCITY_LIMIT ACCEL=5000
;TYPE:Outer wall
G1 F7200
G1 X-5.557 Y-2.952 E.0042
G1 X-5.844 Y-2.773 E.01591
G1 X-6.157 Y-2.646 E.01588
G1 X-6.582 Y-2.563 E.02036
G1 X-6.861 Y-2.563 E.01312
G1 X-7.213 Y-2.622 E.01678
G1 X-7.469 Y-2.711 E.01275
G1 X-7.715 Y-2.84 E.01306
G1 X-7.948 Y-3.014 E.01367
G1 X-8.313 Y-3.396 E.02485
G1 X-8.466 Y-3.64 E.01354
G1 X-8.6 Y-3.977 E.01705
G1 F6240
G1 X-8.658 Y-4.284 E.01469
G1 F4980
G1 X-8.65 Y-4.707 E.01989
G1 F3900
G1 X-8.571 Y-5.023 E.01532
G1 F3600
G1 X-8.504 Y-5.205 E.00912
G1 F2820
G1 X-8.387 Y-5.412 E.01118
G1 F2340
G1 X-8.19 Y-5.672 E.01534
G1 X-7.791 Y-6.031 E.02524
M106 S255
G1 F2820
G1 X-7.536 Y-6.179 E.01386
G1 F3660
G1 X-7.182 Y-6.307 E.0177
G1 F5280
G1 X-6.864 Y-6.357 E.01514
G1 F6960
G1 X-6.535 Y-6.353 E.01547
G1 F7200
G1 X-6.112 Y-6.262 E.02035
G1 X-5.832 Y-6.143 E.01431
G1 X-5.639 Y-6.025 E.01064
G1 X-5.337 Y-5.78 E.01829
G1 X-5.123 Y-5.526 E.01562
G1 X-4.935 Y-5.209 E.01733
G1 X-4.82 Y-4.868 E.01692
G1 X-4.781 Y-4.497 E.01754
G1 X-4.807 Y-4.127 E.01744
G1 X-4.906 Y-3.774 E.01724
G1 X-5.084 Y-3.451 E.01734
G1 X-5.301 Y-3.18 E.01633
G1 X-5.463 Y-3.035 E.01022
SET_VELOCITY_LIMIT ACCEL=10000
G1 E-1.2 F2100
;WIPE_START
G1 F7200
G1 X-5.557 Y-2.952
G1 X-5.844 Y-2.773
G1 X-6.157 Y-2.646
G1 X-6.582 Y-2.563
G1 X-6.861 Y-2.563
G1 X-7.213 Y-2.622
G1 X-7.335 Y-2.665
;WIPE_END
G1 X.029 Y-4.669 Z4.4 F30000
G1 X8.342 Y-6.932 Z4.4
G1 Z4
G1 E1.2 F2100
SET_VELOCITY_LIMIT ACCEL=5000
;TYPE:Inner wall
G1 F9000
G1 X8.53 Y-6.929 E.00887
G1 X9.063 Y-6.814 E.02562
G1 X9.433 Y-6.657 E.01888
G1 X9.694 Y-6.497 E.01442
G1 X10.069 Y-6.194 E.02267
G1 X10.349 Y-5.862 E.02044
G1 X10.593 Y-5.451 E.02245
G1 X10.748 Y-4.992 E.02278
G1 X10.798 Y-4.507 E.02293
G1 X10.765 Y-4.028 E.02258
G1 X10.631 Y-3.554 E.02317
G1 X10.398 Y-3.13 E.02278
G1 X10.119 Y-2.781 E.02097
G1 X9.79 Y-2.488 E.02072
G1 X9.42 Y-2.258 E.02052
G1 X9.009 Y-2.09 E.02089
G1 X8.474 Y-1.987 E.02561
G1 X8.091 Y-1.985 E.01802
G1 X7.644 Y-2.061 E.02132
G1 X7.301 Y-2.18 E.01707
G1 X6.976 Y-2.351 E.01728
G1 X6.668 Y-2.581 E.01807
G1 X6.229 Y-3.039 E.02983
G1 X6.018 Y-3.378 E.01877
G1 X5.844 Y-3.815 E.02213
G1 X5.764 Y-4.235 E.02011
G1 X5.774 Y-4.784 E.0258
G1 X5.877 Y-5.192 E.01982
G1 X5.97 Y-5.448 E.01278
G1 X6.129 Y-5.73 E.01523
G1 X6.383 Y-6.065 E.01977
G1 X6.867 Y-6.499 E.03058
G1 X7.218 Y-6.704 E.01912
G1 X7.673 Y-6.868 E.02275
G1 X8.095 Y-6.935 E.02007
G1 X8.306 Y-6.932 E.00991
SET_VELOCITY_LIMIT ACCEL=10000
G1 X8.334 Y-6.354 F30000
SET_VELOCITY_LIMIT ACCEL=5000
;TYPE:Outer wall
G1 F7200
G1 X8.465 Y-6.353 E.00616
G1 X8.888 Y-6.262 E.02035
G1 X9.168 Y-6.143 E.01431
G1 X9.361 Y-6.025 E.01064
G1 X9.663 Y-5.78 E.01829
G1 X9.877 Y-5.526 E.01562
G1 X10.065 Y-5.209 E.01733
G1 X10.18 Y-4.868 E.01692
G1 X10.219 Y-4.497 E.01754
G1 X10.193 Y-4.127 E.01744
G1 X10.094 Y-3.774 E.01724
G1 X9.916 Y-3.451 E.01734
G1 X9.699 Y-3.18 E.01633
G1 X9.443 Y-2.952 E.01612
G1 X9.156 Y-2.773 E.01591
G1 X8.843 Y-2.646 E.01588
G1 X8.418 Y-2.563 E.02036
G1 X8.139 Y-2.563 E.01312
G1 X7.787 Y-2.622 E.01678
G1 X7.531 Y-2.711 E.01275
G1 X7.285 Y-2.84 E.01306
G1 X7.052 Y-3.014 E.01367
G1 X6.687 Y-3.396 E.02485
G1 X6.534 Y-3.64 E.01354
G1 X6.4 Y-3.977 E.01705
G1 F6240
G1 X6.342 Y-4.284 E.01469
G1 F4980
G1 X6.35 Y-4.707 E.01989
G1 F3900
G1 X6.429 Y-5.023 E.01532
G1 F3600
G1 X6.496 Y-5.205 E.00912
G1 F2820
G1 X6.613 Y-5.412 E.01118
G1 F2340
G1 X6.81 Y-5.672 E.01534
G1 X7.209 Y-6.031 E.02524
M106 S255
G1 F2820
G1 X7.464 Y-6.179 E.01386
G1 F3660
G1 X7.818 Y-6.307 E.0177
G1 F5280
G1 X8.136 Y-6.357 E.01514
G1 F6960
G1 X8.298 Y-6.355 E.00762
SET_VELOCITY_LIMIT ACCEL=10000
G1 E-1.2 F2100
;WIPE_START
G1 F6960
G1 X8.465 Y-6.353
G1 X8.888 Y-6.262
G1 X9.168 Y-6.143
G1 X9.361 Y-6.025
G1 X9.663 Y-5.78
G1 X9.877 Y-5.526
G1 X9.953 Y-5.398
;WIPE_END
G1 X17.564 Y-5.968 Z4.4 F30000
G1 X22.002 Y-6.3 Z4.4
G1 Z4
G1 E1.2 F2100
SET_VELOCITY_LIMIT ACCEL=5000
;TYPE:Inner wall
G1 F9000
G1 X22.348 Y-6.425 E.0173
G1 X22.77 Y-6.492 E.02007
G1 X23.205 Y-6.486 E.02047
G1 X23.738 Y-6.371 E.02563
G1 X24.108 Y-6.214 E.01888
G1 X24.369 Y-6.054 E.01442
G1 X24.744 Y-5.751 E.02267
G1 X25.024 Y-5.419 E.02044
G1 X25.268 Y-5.008 E.02245
G1 X25.423 Y-4.549 E.02277
G1 X25.473 Y-4.064 E.02293
G1 X25.44 Y-3.585 E.02258
G1 X25.306 Y-3.111 E.02317
G1 X25.073 Y-2.686 E.02278
G1 X24.795 Y-2.338 E.02096
G1 X24.465 Y-2.045 E.02072
G1 X24.095 Y-1.814 E.02052
G1 X23.684 Y-1.646 E.02089
G1 X23.149 Y-1.543 E.02561
G1 X22.766 Y-1.542 E.01802
G1 X22.319 Y-1.618 E.02132
G1 X21.976 Y-1.737 E.01707
G1 X21.651 Y-1.908 E.01728
G1 X21.343 Y-2.138 E.01807
G1 X20.905 Y-2.596 E.02983
G1 X20.693 Y-2.934 E.01877
G1 X20.519 Y-3.372 E.02213
G1 X20.439 Y-3.792 E.02011
G1 X20.449 Y-4.34 E.0258
G1 X20.552 Y-4.749 E.01982
G1 X20.645 Y-5.004 E.01278
G1 X20.804 Y-5.286 E.01522
G1 X21.058 Y-5.621 E.01977
G1 X21.542 Y-6.056 E.03058
G1 X21.893 Y-6.261 E.01912
G1 X21.968 Y-6.288 E.00375
SET_VELOCITY_LIMIT ACCEL=10000
G1 X22.198 Y-5.757 F30000
SET_VELOCITY_LIMIT ACCEL=5000
;TYPE:Outer wall
G1 F3720
G1 X22.493 Y-5.863 E.01474
G1 F5280
G1 X22.811 Y-5.914 E.01514
G1 F6960
G1 X23.14 Y-5.909 E.01547
G1 F7200
G1 X23.563 Y-5.818 E.02035
G1 X23.843 Y-5.7 E.01429
G1 X24.036 Y-5.581 E.01066
G1 X24.338 Y-5.336 E.01829
G1 X24.552 Y-5.083 E.01558
G1 X24.74 Y-4.766 E.01733
G1 X24.855 Y-4.425 E.01692
G1 X24.894 Y-4.054 E.01754
G1 X24.868 Y-3.684 E.01744
G1 X24.769 Y-3.331 E.01724
G1 X24.591 Y-3.008 E.01734
G1 X24.374 Y-2.737 E.01633
G1 X24.118 Y-2.509 E.01612
G1 X23.831 Y-2.33 E.01591
G1 X23.518 Y-2.202 E.0159
G1 X23.093 Y-2.12 E.02035
G1 X22.814 Y-2.119 E.01312
G1 X22.462 Y-2.179 E.01679
G1 X22.206 Y-2.268 E.01275
G1 X21.96 Y-2.397 E.01306
G1 X21.727 Y-2.571 E.01367
G1 X21.362 Y-2.952 E.02481
G1 X21.209 Y-3.196 E.01354
G1 X21.075 Y-3.534 E.0171
G1 F6240
G1 X21.017 Y-3.841 E.01469
G1 F4980
G1 X21.025 Y-4.263 E.01985
G1 F3900
G1 X21.104 Y-4.579 E.01532
G1 F3600
G1 X21.171 Y-4.762 E.00916
G1 F2820
G1 X21.288 Y-4.969 E.01118
G1 F2340
G1 X21.485 Y-5.229 E.01534
G1 X21.884 Y-5.587 E.02521
M106 S255
G1 F2820
G1 X22.139 Y-5.736 E.01389
G1 F3660
G1 X22.164 Y-5.745 E.00125
SET_VELOCITY_LIMIT ACCEL=10000
G1 E-1.2 F2100
;WIPE_START
G1 F3660
G1 X22.493 Y-5.863
G1 X22.811 Y-5.914
G1 X23.14 Y-5.909
G1 X23.563 Y-5.818
G1 X23.843 Y-5.7
G1 X24.036 Y-5.581
G1 X24.064 Y-5.558
;WIPE_END
G1 X16.456 Y-4.954 Z4.4 F30000
G1 X-23.293 Y-1.795 Z4.4
G1 Z4
G1 E1.2 F2100
SET_VELOCITY_LIMIT ACCEL=5000
;TYPE:Inner wall
G1 F9000
G1 X-22.588 Y-1.818 E.03315
G1 X-21.812 Y-1.74 E.03668
G1 X-21.054 Y-1.56 E.03668
G1 X-20.326 Y-1.279 E.03668
G1 X-19.642 Y-.904 E.03668
G1 X-19.014 Y-.442 E.03668
G1 X-18.453 Y.101 E.03668
G1 X-17.97 Y.713 E.03668
G1 X-17.572 Y1.384 E.03668
G1 X-17.268 Y2.102 E.03668
G1 X-17.061 Y2.854 E.03668
G1 X-16.958 Y3.627 E.03668
G1 X-16.958 Y4.407 E.03668
G1 X-17.061 Y5.18 E.03668
G1 X-17.268 Y5.933 E.03668
G1 X-17.572 Y6.651 E.03668
G1 X-17.97 Y7.322 E.03668
G1 X-18.453 Y7.934 E.03668
G1 X-19.014 Y8.476 E.03668
G1 X-19.642 Y8.939 E.03668
G1 X-20.326 Y9.314 E.03668
G1 X-21.054 Y9.594 E.03668
G1 X-21.812 Y9.775 E.03668
G1 X-22.588 Y9.853 E.03668
G1 X-23.368 Y9.827 E.03668
G1 X-24.137 Y9.697 E.03668
G1 X-24.882 Y9.466 E.03668
G1 X-25.59 Y9.138 E.03668
G1 X-26.247 Y8.718 E.03668
G1 X-26.844 Y8.214 E.03675
G1 X-27.376 Y7.621 E.03745
G1 X-27.807 Y6.993 E.03583
G1 X-28.159 Y6.297 E.03668
G1 X-28.415 Y5.56 E.03668
G1 X-28.571 Y4.796 E.03668
G1 X-28.623 Y4.017 E.03668
G1 X-28.571 Y3.239 E.03668
G1 X-28.415 Y2.475 E.03668
G1 X-28.159 Y1.738 E.03668
G1 X-27.807 Y1.042 E.03668
G1 X-27.366 Y.399 E.03668
G1 X-26.843 Y-.18 E.03668
G1 X-26.247 Y-.683 E.03668
G1 X-25.59 Y-1.103 E.03668
G1 X-24.882 Y-1.432 E.03668
G1 X-24.136 Y-1.663 E.03675
G1 X-23.35 Y-1.793 E.03745
G1 X-23.329 Y-1.794 E.00099
SET_VELOCITY_LIMIT ACCEL=10000
G1 X-23.274 Y-1.218 F30000
SET_VELOCITY_LIMIT ACCEL=5000
;TYPE:Outer wall
G1 F7200
G1 X-22.608 Y-1.24 E.03133
G1 X-21.909 Y-1.17 E.03305
G1 X-21.225 Y-1.007 E.03305
G1 X-20.569 Y-.755 E.03305
G1 X-19.953 Y-.417 E.03305
G1 X-19.387 Y0 E.03305
G1 X-18.882 Y.489 E.03305
G1 X-18.446 Y1.04 E.03305
G1 X-18.088 Y1.645 E.03305
G1 X-17.814 Y2.292 E.03305
G1 X-17.628 Y2.97 E.03305
G1 X-17.535 Y3.666 E.03305
G1 X-17.535 Y4.369 E.03305
G1 X-17.628 Y5.065 E.03305
G1 X-17.814 Y5.743 E.03305
G1 X-18.088 Y6.39 E.03305
G1 X-18.446 Y6.995 E.03305
G1 X-18.882 Y7.546 E.03305
G1 X-19.387 Y8.035 E.03305
G1 X-19.953 Y8.452 E.03305
G1 X-20.569 Y8.789 E.03305
G1 X-21.225 Y9.042 E.03305
G1 X-21.909 Y9.205 E.03305
G1 X-22.608 Y9.275 E.03305
G1 X-23.31 Y9.252 E.03305
G1 X-24.003 Y9.135 E.03305
G1 X-24.674 Y8.927 E.03305
G1 X-25.312 Y8.631 E.03305
G1 X-25.904 Y8.253 E.03305
G1 X-26.441 Y7.799 E.03307
G1 X-26.922 Y7.264 E.03382
G1 X-27.31 Y6.698 E.03225
G1 X-27.627 Y6.071 E.03305
G1 X-27.857 Y5.407 E.03305
G1 X-27.997 Y4.719 E.03305
G1 X-28.044 Y4.017 E.03305
G1 X-27.997 Y3.316 E.03305
G1 X-27.857 Y2.628 E.03305
G1 X-27.627 Y1.964 E.03305
G1 X-27.31 Y1.336 E.03305
G1 X-26.912 Y.757 E.03305
G1 X-26.441 Y.236 E.03305
G1 X-25.904 Y-.218 E.03305
G1 X-25.312 Y-.596 E.03305
G1 X-24.674 Y-.892 E.03305
G1 X-24.003 Y-1.1 E.03307
G1 X-23.309 Y-1.215 E.03304
SET_VELOCITY_LIMIT ACCEL=10000
G1 E-1.2 F2100
;WIPE_START
G1 F7200
G1 X-22.608 Y-1.24
G1 X-21.909 Y-1.17
G1 X-21.33 Y-1.032
;WIPE_END
G1 X-13.764 Y-2.039 Z4.4 F30000
G1 X30.981 Y-7.995 Z4.4
G1 Z4
M73 P91 R0
G1 E1.2 F2100
SET_VELOCITY_LIMIT ACCEL=5000
;TYPE:Inner wall
G1 F9000
G1 X31.314 Y-7.222 E.03958
G1 X31.573 Y-6.421 E.03958
G1 X31.757 Y-5.6 E.03958
G1 X31.865 Y-4.765 E.03958
G1 X31.895 Y-3.924 E.03958
G1 X31.848 Y-3.084 E.03958
G1 X31.723 Y-2.251 E.03958
G1 X31.522 Y-1.434 E.03958
G1 X31.246 Y-.639 E.03958
G1 X30.898 Y.128 E.03958
G1 X30.492 Y.84 E.03854
G1 X29.998 Y1.549 E.04066
G1 X29.454 Y2.19 E.03953
G1 X28.853 Y2.779 E.03958
G1 X28.2 Y3.31 E.03958
G1 X27.501 Y3.779 E.03958
G1 X26.761 Y4.181 E.03958
G1 X25.988 Y4.513 E.03958
G1 X25.187 Y4.772 E.03958
G1 X24.346 Y4.961 E.04054
G1 X-21.181 Y12.988 E2.1739
G1 X-22.036 Y13.099 E.04054
G1 X-22.877 Y13.129 E.03958
G1 X-23.717 Y13.081 E.03958
G1 X-24.55 Y12.957 E.03958
G1 X-25.346 Y12.761 E.03854
G1 X-26.163 Y12.479 E.04066
G1 X-26.929 Y12.132 E.03953
G1 X-27.66 Y11.715 E.03958
G1 X-28.349 Y11.232 E.03958
G1 X-28.991 Y10.688 E.03958
G1 X-29.58 Y10.087 E.03958
G1 X-30.111 Y9.434 E.03958
G1 X-30.58 Y8.734 E.03958
G1 X-30.982 Y7.995 E.03958
G1 X-31.314 Y7.222 E.03958
G1 X-31.573 Y6.421 E.03958
G1 X-31.757 Y5.6 E.03958
G1 X-31.865 Y4.765 E.03958
G1 X-31.895 Y3.924 E.03958
G1 X-31.848 Y3.084 E.03958
G1 X-31.723 Y2.251 E.03958
G1 X-31.522 Y1.434 E.03958
G1 X-31.246 Y.639 E.03958
G1 X-30.898 Y-.128 E.03958
G1 X-30.481 Y-.859 E.03958
G1 X-29.998 Y-1.548 E.03958
G1 X-29.454 Y-2.19 E.03958
G1 X-28.853 Y-2.779 E.03958
G1 X-28.2 Y-3.31 E.03958
G1 X-27.501 Y-3.779 E.03958
G1 X-26.761 Y-4.181 E.03958
G1 X-25.988 Y-4.513 E.03958
G1 X-25.187 Y-4.772 E.03958
G1 X-24.346 Y-4.961 E.04054
G1 X21.181 Y-12.988 E2.1739
G1 X22.036 Y-13.099 E.04054
G1 X22.877 Y-13.129 E.03958
G1 X23.695 Y-13.083 E.03854
G1 X24.551 Y-12.956 E.04066
G1 X25.367 Y-12.755 E.03953
G1 X26.162 Y-12.48 E.03958
G1 X26.929 Y-12.132 E.03958
G1 X27.66 Y-11.715 E.03958
G1 X28.349 Y-11.232 E.03958
G1 X28.991 Y-10.688 E.03958
G1 X29.58 Y-10.087 E.03958
G1 X30.111 Y-9.434 E.03958
G1 X30.579 Y-8.734 E.03958
G1 X30.964 Y-8.027 E.03789
SET_VELOCITY_LIMIT ACCEL=10000
G1 X31.491 Y-8.266 F30000
SET_VELOCITY_LIMIT ACCEL=5000
;TYPE:Outer wall
G1 F7200
G1 X31.501 Y-8.247 E.00101
G1 X31.854 Y-7.425 E.04209
G1 X32.13 Y-6.573 E.04209
G1 X32.326 Y-5.7 E.04209
G1 X32.441 Y-4.812 E.04209
G1 X32.473 Y-3.918 E.04209
G1 X32.422 Y-3.024 E.04209
G1 X32.289 Y-2.139 E.04209
G1 X32.076 Y-1.27 E.04209
G1 X31.782 Y-.424 E.04209
G1 X31.413 Y.391 E.04209
G1 X30.98 Y1.148 E.04102
G1 X30.455 Y1.901 E.04317
G1 X29.877 Y2.584 E.04207
G1 X29.238 Y3.21 E.04209
G1 X28.543 Y3.775 E.04209
G1 X27.8 Y4.273 E.04209
G1 X27.013 Y4.7 E.04209
G1 X26.191 Y5.053 E.04209
G1 X25.339 Y5.329 E.04209
G1 X24.459 Y5.527 E.04243
G1 X-21.094 Y13.559 E2.17516
G1 X-21.989 Y13.674 E.04242
G1 X-22.883 Y13.707 E.04209
G1 X-23.777 Y13.656 E.04209
G1 X-24.662 Y13.523 E.04209
G1 X-25.509 Y13.315 E.04102
G1 X-26.377 Y13.016 E.04317
G1 X-27.191 Y12.646 E.04207
G1 X-27.969 Y12.203 E.04209
G1 X-28.702 Y11.69 E.04209
G1 X-29.385 Y11.111 E.04209
G1 X-30.011 Y10.471 E.04209
G1 X-30.576 Y9.777 E.04209
G1 X-31.074 Y9.033 E.04209
G1 X-31.501 Y8.247 E.04209
G1 X-31.854 Y7.425 E.04209
G1 X-32.13 Y6.573 E.04209
G1 X-32.326 Y5.7 E.04209
G1 X-32.441 Y4.812 E.04209
G1 X-32.473 Y3.918 E.04209
G1 X-32.422 Y3.024 E.04209
G1 X-32.289 Y2.139 E.04209
G1 X-32.076 Y1.27 E.04209
G1 X-31.782 Y.425 E.04209
G1 X-31.413 Y-.39 E.04209
G1 X-30.969 Y-1.168 E.04209
G1 X-30.456 Y-1.901 E.04209
G1 X-29.877 Y-2.584 E.04209
G1 X-29.238 Y-3.21 E.04209
G1 X-28.543 Y-3.775 E.04209
G1 X-27.8 Y-4.273 E.04209
G1 X-27.013 Y-4.7 E.04209
G1 X-26.191 Y-5.053 E.04209
G1 X-25.339 Y-5.329 E.04209
G1 X-24.459 Y-5.527 E.04242
G1 X21.094 Y-13.559 E2.17515
G1 X21.988 Y-13.674 E.04242
G1 X22.883 Y-13.706 E.04209
G1 X23.754 Y-13.657 E.04102
G1 X24.662 Y-13.523 E.04317
G1 X25.531 Y-13.309 E.04207
G1 X26.376 Y-13.016 E.04209
G1 X27.191 Y-12.646 E.04209
G1 X27.969 Y-12.203 E.04209
G1 X28.702 Y-11.69 E.04209
G1 X29.385 Y-11.111 E.04209
G1 X30.011 Y-10.471 E.04209
G1 X30.576 Y-9.777 E.04209
G1 X31.074 Y-9.033 E.04209
G1 X31.474 Y-8.298 E.03938
SET_VELOCITY_LIMIT ACCEL=10000
G1 E-1.2 F2100
;WIPE_START
G1 F7200
G1 X31.501 Y-8.247
G1 X31.854 Y-7.425
G1 X32.13 Y-6.573
G1 X32.163 Y-6.425
;WIPE_END
G1 X30.426 Y.605 Z4.4 F30000
G1 Z4
G1 E1.2 F2100
SET_VELOCITY_LIMIT ACCEL=2000
;TYPE:Top surface
;WIDTH:0.62036
G1 F7200
G1 X27.39 Y3.642 E.20206
SET_VELOCITY_LIMIT ACCEL=10000
G1 E-1.2 F2100
;WIPE_START
G1 F7200
G1 X28.804 Y2.228
;WIPE_END
G1 X25.835 Y4.38 Z4.4 F30000
G1 Z4
G1 E1.2 F2100
SET_VELOCITY_LIMIT ACCEL=2000
G1 F7200
G1 X31.174 Y-.959 E.35527
SET_VELOCITY_LIMIT ACCEL=10000
G1 E-1.2 F2100
;WIPE_START
G1 F7200
G1 X29.759 Y.456
;WIPE_END
G1 X31.51 Y-2.112 Z4.4 F30000
G1 Z4
G1 E1.2 F2100
SET_VELOCITY_LIMIT ACCEL=2000
G1 F7200
G1 X24.693 Y4.705 E.45364
SET_VELOCITY_LIMIT ACCEL=10000
G1 E-1.2 F2100
;WIPE_START
G1 F7200
G1 X26.107 Y3.291
;WIPE_END
G1 X23.679 Y4.902 Z4.4 F30000
G1 Z4
G1 E1.2 F2100
SET_VELOCITY_LIMIT ACCEL=2000
G1 F7200
G1 X31.674 Y-3.092 E.53198
SET_VELOCITY_LIMIT ACCEL=10000
G1 X31.721 Y-3.955 F30000
SET_VELOCITY_LIMIT ACCEL=2000
G1 F7200
G1 X22.688 Y5.077 E.60108
SET_VELOCITY_LIMIT ACCEL=10000
G1 E-1.2 F2100
;WIPE_START
G1 F7200
M73 P92 R0
G1 X24.102 Y3.663
;WIPE_END
G1 X21.696 Y5.252 Z4.4 F30000
G1 Z4
G1 E1.2 F2100
SET_VELOCITY_LIMIT ACCEL=2000
G1 F7200
G1 X31.692 Y-4.744 E.66517
SET_VELOCITY_LIMIT ACCEL=10000
G1 X31.6 Y-5.468 F30000
SET_VELOCITY_LIMIT ACCEL=2000
G1 F7200
G1 X20.705 Y5.427 E.72497
SET_VELOCITY_LIMIT ACCEL=10000
G1 E-1.2 F2100
;WIPE_START
G1 F7200
G1 X22.119 Y4.013
;WIPE_END
G1 X19.714 Y5.602 Z4.4 F30000
G1 Z4
G1 E1.2 F2100
SET_VELOCITY_LIMIT ACCEL=2000
G1 F7200
G1 X31.458 Y-6.143 E.78151
SET_VELOCITY_LIMIT ACCEL=10000
G1 X31.276 Y-6.777 F30000
SET_VELOCITY_LIMIT ACCEL=2000
G1 F7200
G1 X18.722 Y5.777 E.83536
SET_VELOCITY_LIMIT ACCEL=10000
G1 E-1.2 F2100
;WIPE_START
G1 F7200
G1 X20.136 Y4.362
;WIPE_END
G1 X17.731 Y5.951 Z4.4 F30000
G1 Z4
G1 E1.2 F2100
SET_VELOCITY_LIMIT ACCEL=2000
G1 F7200
G1 X31.059 Y-7.377 E.8869
SET_VELOCITY_LIMIT ACCEL=10000
G1 X30.811 Y-7.946 F30000
SET_VELOCITY_LIMIT ACCEL=2000
G1 F7200
G1 X16.739 Y6.126 E.93641
SET_VELOCITY_LIMIT ACCEL=10000
G1 E-1.2 F2100
;WIPE_START
G1 F7200
G1 X18.154 Y4.712
;WIPE_END
G1 X15.748 Y6.301 Z4.4 F30000
G1 Z4
G1 E1.2 F2100
SET_VELOCITY_LIMIT ACCEL=2000
G1 F7200
G1 X23.48 Y-1.431 E.5145
SET_VELOCITY_LIMIT ACCEL=10000
G1 X22.623 Y-1.391 F30000
SET_VELOCITY_LIMIT ACCEL=2000
G1 F7200
G1 X14.756 Y6.476 E.52348
SET_VELOCITY_LIMIT ACCEL=10000
G1 E-1.2 F2100
;WIPE_START
G1 F7200
G1 X16.171 Y5.062
;WIPE_END
G1 X13.765 Y6.651 Z4.4 F30000
G1 Z4
G1 E1.2 F2100
SET_VELOCITY_LIMIT ACCEL=2000
G1 F7200
G1 X21.971 Y-1.555 E.54605
SET_VELOCITY_LIMIT ACCEL=10000
G1 X21.444 Y-1.846 F30000
SET_VELOCITY_LIMIT ACCEL=2000
G1 F7200
G1 X12.774 Y6.825 E.577
SET_VELOCITY_LIMIT ACCEL=10000
G1 E-1.2 F2100
;WIPE_START
G1 F7200
G1 X14.188 Y5.411
;WIPE_END
G1 X11.782 Y7 Z4.4 F30000
G1 Z4
G1 E1.2 F2100
SET_VELOCITY_LIMIT ACCEL=2000
G1 F7200
G1 X21.014 Y-2.231 E.61431
SET_VELOCITY_LIMIT ACCEL=10000
G1 X20.647 Y-2.681 F30000
SET_VELOCITY_LIMIT ACCEL=2000
G1 F7200
G1 X10.791 Y7.175 E.65588
SET_VELOCITY_LIMIT ACCEL=10000
G1 E-1.2 F2100
;WIPE_START
G1 F7200
G1 X12.205 Y5.761
;WIPE_END
G1 X9.799 Y7.35 Z4.4 F30000
G1 Z4
G1 E1.2 F2100
SET_VELOCITY_LIMIT ACCEL=2000
G1 F7200
G1 X20.386 Y-3.237 E.70449
SET_VELOCITY_LIMIT ACCEL=10000
G1 X20.268 Y-3.936 F30000
SET_VELOCITY_LIMIT ACCEL=2000
G1 F7200
G1 X8.808 Y7.525 E.76264
SET_VELOCITY_LIMIT ACCEL=10000
G1 E-1.2 F2100
;WIPE_START
G1 F7200
G1 X10.222 Y6.11
;WIPE_END
G1 X7.816 Y7.7 Z4.4 F30000
M73 P93 R0
G1 Z4
G1 E1.2 F2100
SET_VELOCITY_LIMIT ACCEL=2000
G1 F7200
G1 X20.427 Y-4.911 E.83917
SET_VELOCITY_LIMIT ACCEL=10000
G1 E-1.2 F2100
;WIPE_START
G1 F7200
G1 X19.013 Y-3.497
;WIPE_END
G1 X25.612 Y-3.563 Z4.4 F30000
G1 Z4
G1 E1.2 F2100
SET_VELOCITY_LIMIT ACCEL=2000
G1 F7200
G1 X30.524 Y-8.475 E.32685
SET_VELOCITY_LIMIT ACCEL=10000
G1 X30.209 Y-8.977 F30000
SET_VELOCITY_LIMIT ACCEL=2000
G1 F7200
G1 X25.614 Y-4.382 E.30576
SET_VELOCITY_LIMIT ACCEL=10000
G1 X25.444 Y-5.028 F30000
SET_VELOCITY_LIMIT ACCEL=2000
G1 F7200
G1 X29.871 Y-9.455 E.29459
SET_VELOCITY_LIMIT ACCEL=10000
G1 X29.504 Y-9.905 F30000
SET_VELOCITY_LIMIT ACCEL=2000
G1 F7200
G1 X25.144 Y-5.545 E.29015
SET_VELOCITY_LIMIT ACCEL=10000
G1 X24.75 Y-5.968 F30000
SET_VELOCITY_LIMIT ACCEL=2000
G1 F7200
G1 X29.106 Y-10.323 E.28982
SET_VELOCITY_LIMIT ACCEL=10000
G1 X28.686 Y-10.72 F30000
SET_VELOCITY_LIMIT ACCEL=2000
G1 F7200
G1 X24.278 Y-6.313 E.29328
SET_VELOCITY_LIMIT ACCEL=10000
G1 X23.704 Y-6.555 F30000
SET_VELOCITY_LIMIT ACCEL=2000
G1 F7200
G1 X28.244 Y-11.095 E.30205
SET_VELOCITY_LIMIT ACCEL=10000
G1 X27.763 Y-11.431 F30000
SET_VELOCITY_LIMIT ACCEL=2000
G1 F7200
G1 X22.994 Y-6.662 E.31736
SET_VELOCITY_LIMIT ACCEL=10000
G1 E-1.2 F2100
;WIPE_START
G1 F7200
G1 X24.408 Y-8.076
;WIPE_END
G1 X21.999 Y-6.483 Z4.4 F30000
G1 Z4
G1 E1.2 F2100
SET_VELOCITY_LIMIT ACCEL=2000
G1 F7200
G1 X27.26 Y-11.744 E.35008
SET_VELOCITY_LIMIT ACCEL=10000
G1 X26.731 Y-12.032 F30000
SET_VELOCITY_LIMIT ACCEL=2000
G1 F7200
G1 X6.825 Y7.874 E1.32463
SET_VELOCITY_LIMIT ACCEL=10000
G1 E-1.2 F2100
;WIPE_START
G1 F7200
G1 X8.239 Y6.46
;WIPE_END
G1 X5.833 Y8.049 Z4.4 F30000
G1 Z4
G1 E1.2 F2100
SET_VELOCITY_LIMIT ACCEL=2000
G1 F7200
G1 X26.169 Y-12.287 E1.35323
SET_VELOCITY_LIMIT ACCEL=10000
G1 X25.568 Y-12.502 F30000
SET_VELOCITY_LIMIT ACCEL=2000
G1 F7200
G1 X4.842 Y8.224 E1.37922
SET_VELOCITY_LIMIT ACCEL=10000
G1 E-1.2 F2100
;WIPE_START
G1 F7200
G1 X6.256 Y6.81
;WIPE_END
G1 X3.851 Y8.399 Z4.4 F30000
G1 Z4
G1 E1.2 F2100
SET_VELOCITY_LIMIT ACCEL=2000
G1 F7200
G1 X24.933 Y-12.684 E1.40293
SET_VELOCITY_LIMIT ACCEL=10000
G1 X24.257 Y-12.825 F30000
SET_VELOCITY_LIMIT ACCEL=2000
G1 F7200
G1 X2.859 Y8.574 E1.42393
SET_VELOCITY_LIMIT ACCEL=10000
G1 E-1.2 F2100
;WIPE_START
G1 F7200
G1 X4.273 Y7.159
;WIPE_END
G1 X1.868 Y8.748 Z4.4 F30000
G1 Z4
G1 E1.2 F2100
SET_VELOCITY_LIMIT ACCEL=2000
G1 F7200
G1 X23.534 Y-12.918 E1.4418
SET_VELOCITY_LIMIT ACCEL=10000
G1 X22.751 Y-12.951 F30000
M73 P94 R0
SET_VELOCITY_LIMIT ACCEL=2000
G1 F7200
G1 X.876 Y8.923 E1.45561
SET_VELOCITY_LIMIT ACCEL=10000
G1 E-1.2 F2100
;WIPE_START
G1 F7200
G1 X2.29 Y7.509
;WIPE_END
G1 X-.115 Y9.098 Z4.4 F30000
G1 Z4
G1 E1.2 F2100
SET_VELOCITY_LIMIT ACCEL=2000
G1 F7200
G1 X21.888 Y-12.905 E1.46417
SET_VELOCITY_LIMIT ACCEL=10000
G1 X20.935 Y-12.769 F30000
SET_VELOCITY_LIMIT ACCEL=2000
G1 F7200
G1 X-1.107 Y9.273 E1.46677
SET_VELOCITY_LIMIT ACCEL=10000
G1 E-1.2 F2100
;WIPE_START
G1 F7200
G1 X.308 Y7.859
;WIPE_END
G1 X-2.098 Y9.448 Z4.4 F30000
G1 Z4
G1 E1.2 F2100
SET_VELOCITY_LIMIT ACCEL=2000
G1 F7200
G1 X9.42 Y-2.071 E.76649
SET_VELOCITY_LIMIT ACCEL=10000
G1 E-1.2 F2100
;WIPE_START
G1 F7200
G1 X8.006 Y-.657
;WIPE_END
G1 X8.346 Y-1.813 Z4.4 F30000
G1 Z4
G1 E1.2 F2100
SET_VELOCITY_LIMIT ACCEL=2000
G1 F7200
G1 X-3.09 Y9.623 E.76097
SET_VELOCITY_LIMIT ACCEL=10000
G1 E-1.2 F2100
;WIPE_START
G1 F7200
G1 X-1.675 Y8.208
;WIPE_END
G1 X-4.081 Y9.797 Z4.4 F30000
G1 Z4
G1 E1.2 F2100
SET_VELOCITY_LIMIT ACCEL=2000
G1 F7200
G1 X7.608 Y-1.892 E.77785
SET_VELOCITY_LIMIT ACCEL=10000
G1 X7.028 Y-2.128 F30000
SET_VELOCITY_LIMIT ACCEL=2000
G1 F7200
G1 X-5.072 Y9.972 E.80519
SET_VELOCITY_LIMIT ACCEL=10000
G1 E-1.2 F2100
;WIPE_START
G1 F7200
G1 X-3.658 Y8.558
;WIPE_END
G1 X-6.064 Y10.147 Z4.4 F30000
G1 Z4
G1 E1.2 F2100
SET_VELOCITY_LIMIT ACCEL=2000
G1 F7200
G1 X6.544 Y-2.46 E.83895
SET_VELOCITY_LIMIT ACCEL=10000
G1 X6.144 Y-2.878 F30000
SET_VELOCITY_LIMIT ACCEL=2000
G1 F7200
G1 X-7.055 Y10.322 E.87837
SET_VELOCITY_LIMIT ACCEL=10000
G1 E-1.2 F2100
;WIPE_START
G1 F7200
G1 X-5.641 Y8.908
;WIPE_END
G1 X-8.047 Y10.497 Z4.4 F30000
G1 Z4
G1 E1.2 F2100
SET_VELOCITY_LIMIT ACCEL=2000
G1 F7200
G1 X5.83 Y-3.38 E.92343
SET_VELOCITY_LIMIT ACCEL=10000
G1 X5.632 Y-3.999 F30000
SET_VELOCITY_LIMIT ACCEL=2000
G1 F7200
G1 X-9.038 Y10.671 E.97624
SET_VELOCITY_LIMIT ACCEL=10000
G1 E-1.2 F2100
;WIPE_START
G1 F7200
M73 P95 R0
G1 X-7.624 Y9.257
;WIPE_END
G1 X-10.03 Y10.846 Z4.4 F30000
G1 Z4
G1 E1.2 F2100
SET_VELOCITY_LIMIT ACCEL=2000
G1 F7200
G1 X5.601 Y-4.784 E1.04014
SET_VELOCITY_LIMIT ACCEL=10000
G1 E-1.2 F2100
;WIPE_START
G1 F7200
G1 X4.187 Y-3.37
;WIPE_END
G1 X10.738 Y-3.388 Z4.4 F30000
G1 Z4
G1 E1.2 F2100
SET_VELOCITY_LIMIT ACCEL=2000
G1 F7200
G1 X19.944 Y-12.594 E.61262
SET_VELOCITY_LIMIT ACCEL=10000
G1 E-1.2 F2100
;WIPE_START
G1 F7200
G1 X18.53 Y-11.18
;WIPE_END
G1 X18.952 Y-12.42 Z4.4 F30000
G1 Z4
G1 E1.2 F2100
SET_VELOCITY_LIMIT ACCEL=2000
G1 F7200
G1 X10.967 Y-4.434 E.53142
SET_VELOCITY_LIMIT ACCEL=10000
G1 X10.874 Y-5.158 F30000
SET_VELOCITY_LIMIT ACCEL=2000
G1 F7200
G1 X17.961 Y-12.245 E.47158
SET_VELOCITY_LIMIT ACCEL=10000
G1 E-1.2 F2100
;WIPE_START
G1 F7200
G1 X16.547 Y-10.83
;WIPE_END
G1 X16.97 Y-12.07 Z4.4 F30000
G1 Z4
G1 E1.2 F2100
SET_VELOCITY_LIMIT ACCEL=2000
G1 F7200
G1 X10.629 Y-5.729 E.42193
SET_VELOCITY_LIMIT ACCEL=10000
G1 X10.287 Y-6.204 F30000
SET_VELOCITY_LIMIT ACCEL=2000
G1 F7200
G1 X15.978 Y-11.895 E.37872
SET_VELOCITY_LIMIT ACCEL=10000
G1 E-1.2 F2100
;WIPE_START
G1 F7200
G1 X14.564 Y-10.481
;WIPE_END
G1 X14.987 Y-11.72 Z4.4 F30000
G1 Z4
G1 E1.2 F2100
SET_VELOCITY_LIMIT ACCEL=2000
G1 F7200
G1 X9.856 Y-6.589 E.34145
SET_VELOCITY_LIMIT ACCEL=10000
G1 X9.336 Y-6.886 F30000
SET_VELOCITY_LIMIT ACCEL=2000
G1 F7200
G1 X13.995 Y-11.545 E.31004
SET_VELOCITY_LIMIT ACCEL=10000
G1 E-1.2 F2100
;WIPE_START
G1 F7200
G1 X12.581 Y-10.131
;WIPE_END
G1 X13.004 Y-11.371 Z4.4 F30000
G1 Z4
G1 E1.2 F2100
SET_VELOCITY_LIMIT ACCEL=2000
G1 F7200
G1 X8.702 Y-7.069 E.28625
SET_VELOCITY_LIMIT ACCEL=10000
G1 X7.895 Y-7.079 F30000
SET_VELOCITY_LIMIT ACCEL=2000
G1 F7200
G1 X12.012 Y-11.196 E.27398
SET_VELOCITY_LIMIT ACCEL=10000
G1 E-1.2 F2100
;WIPE_START
G1 F7200
G1 X10.598 Y-9.782
;WIPE_END
G1 X11.021 Y-11.021 Z4.4 F30000
G1 Z4
G1 E1.2 F2100
SET_VELOCITY_LIMIT ACCEL=2000
G1 F7200
G1 X-11.021 Y11.021 E1.46677
SET_VELOCITY_LIMIT ACCEL=10000
G1 E-1.2 F2100
;WIPE_START
G1 F7200
G1 X-9.607 Y9.607
;WIPE_END
G1 X-12.013 Y11.196 Z4.4 F30000
G1 Z4
G1 E1.2 F2100
SET_VELOCITY_LIMIT ACCEL=2000
G1 F7200
G1 X10.03 Y-10.846 E1.46677
SET_VELOCITY_LIMIT ACCEL=10000
G1 E-1.2 F2100
;WIPE_START
G1 F7200
G1 X8.615 Y-9.432
;WIPE_END
G1 X9.038 Y-10.671 Z4.4 F30000
G1 Z4
G1 E1.2 F2100
SET_VELOCITY_LIMIT ACCEL=2000
G1 F7200
G1 X-4.041 Y2.408 E.87036
SET_VELOCITY_LIMIT ACCEL=10000
G1 E-1.2 F2100
M73 P96 R0
;WIPE_START
G1 F7200
G1 X-2.627 Y.994
;WIPE_END
G1 X-3.858 Y1.408 Z4.4 F30000
G1 Z4
G1 E1.2 F2100
SET_VELOCITY_LIMIT ACCEL=2000
G1 F7200
G1 X8.047 Y-10.497 E.79219
SET_VELOCITY_LIMIT ACCEL=10000
G1 E-1.2 F2100
;WIPE_START
G1 F7200
G1 X6.632 Y-9.082
;WIPE_END
G1 X7.055 Y-10.322 Z4.4 F30000
G1 Z4
G1 E1.2 F2100
SET_VELOCITY_LIMIT ACCEL=2000
G1 F7200
G1 X-3.963 Y.697 E.73321
SET_VELOCITY_LIMIT ACCEL=10000
G1 X-4.213 Y.13 F30000
SET_VELOCITY_LIMIT ACCEL=2000
G1 F7200
G1 X6.064 Y-10.147 E.68387
SET_VELOCITY_LIMIT ACCEL=10000
G1 E-1.2 F2100
;WIPE_START
G1 F7200
G1 X4.65 Y-8.733
;WIPE_END
G1 X5.072 Y-9.972 Z4.4 F30000
G1 Z4
G1 E1.2 F2100
SET_VELOCITY_LIMIT ACCEL=2000
G1 F7200
G1 X-4.559 Y-.341 E.64088
SET_VELOCITY_LIMIT ACCEL=10000
G1 X-4.994 Y-.723 F30000
SET_VELOCITY_LIMIT ACCEL=2000
G1 F7200
G1 X4.081 Y-9.797 E.60386
SET_VELOCITY_LIMIT ACCEL=10000
G1 E-1.2 F2100
;WIPE_START
G1 F7200
G1 X2.667 Y-8.383
;WIPE_END
G1 X3.089 Y-9.622 Z4.4 F30000
G1 Z4
G1 E1.2 F2100
SET_VELOCITY_LIMIT ACCEL=2000
G1 F7200
G1 X-5.519 Y-1.014 E.57284
SET_VELOCITY_LIMIT ACCEL=10000
G1 X-5.83 Y-1.519 F30000
SET_VELOCITY_LIMIT ACCEL=2000
G1 F7200
G1 X2.098 Y-9.448 E.52758
SET_VELOCITY_LIMIT ACCEL=10000
G1 E-1.2 F2100
;WIPE_START
G1 F7200
G1 X.684 Y-8.033
;WIPE_END
G1 X1.107 Y-9.273 Z4.4 F30000
G1 Z4
G1 E1.2 F2100
SET_VELOCITY_LIMIT ACCEL=2000
G1 F7200
G1 X-4.056 Y-4.11 E.34353
SET_VELOCITY_LIMIT ACCEL=10000
G1 X-4.07 Y-4.913 F30000
SET_VELOCITY_LIMIT ACCEL=2000
G1 F7200
G1 X.115 Y-9.098 E.2785
SET_VELOCITY_LIMIT ACCEL=10000
G1 E-1.2 F2100
;WIPE_START
G1 F7200
G1 X-1.299 Y-7.684
;WIPE_END
G1 X-.876 Y-8.923 Z4.4 F30000
G1 Z4
G1 E1.2 F2100
SET_VELOCITY_LIMIT ACCEL=2000
G1 F7200
G1 X-4.259 Y-5.54 E.2251
SET_VELOCITY_LIMIT ACCEL=10000
G1 X-4.575 Y-6.041 F30000
SET_VELOCITY_LIMIT ACCEL=2000
G1 F7200
G1 X-1.868 Y-8.748 E.18017
SET_VELOCITY_LIMIT ACCEL=10000
G1 E-1.2 F2100
;WIPE_START
G1 F7200
G1 X-3.282 Y-7.334
;WIPE_END
G1 X-2.859 Y-8.574 Z4.4 F30000
G1 Z4
G1 E1.2 F2100
SET_VELOCITY_LIMIT ACCEL=2000
G1 F7200
G1 X-4.978 Y-6.455 E.141
SET_VELOCITY_LIMIT ACCEL=10000
G1 X-5.457 Y-6.793 F30000
SET_VELOCITY_LIMIT ACCEL=2000
G1 F7200
G1 X-3.851 Y-8.399 E.10688
SET_VELOCITY_LIMIT ACCEL=10000
G1 E-1.2 F2100
;WIPE_START
G1 F7200
G1 X-5.265 Y-6.984
;WIPE_END
G1 X-4.842 Y-8.224 Z4.4 F30000
G1 Z4
G1 E1.2 F2100
SET_VELOCITY_LIMIT ACCEL=2000
G1 F7200
G1 X-5.689 Y-7.377 E.05633
SET_VELOCITY_LIMIT ACCEL=10000
G1 E-1.2 F2100
;WIPE_START
G1 F7200
G1 X-4.842 Y-8.224
;WIPE_END
G1 X-5.241 Y-.602 Z4.4 F30000
G1 X-5.474 Y3.841 Z4.4
G1 Z4
G1 E1.2 F2100
SET_VELOCITY_LIMIT ACCEL=2000
G1 F7200
G1 X-13.004 Y11.371 E.50108
SET_VELOCITY_LIMIT ACCEL=10000
G1 E-1.2 F2100
;WIPE_START
G1 F7200
G1 X-11.59 Y9.956
;WIPE_END
G1 X-13.995 Y11.546 Z4.4 F30000
G1 Z4
G1 E1.2 F2100
SET_VELOCITY_LIMIT ACCEL=2000
G1 F7200
M73 P97 R0
G1 X-6.521 Y4.071 E.49737
SET_VELOCITY_LIMIT ACCEL=10000
G1 X-7.25 Y3.983 F30000
SET_VELOCITY_LIMIT ACCEL=2000
G1 F7200
G1 X-14.987 Y11.72 E.51487
SET_VELOCITY_LIMIT ACCEL=10000
G1 E-1.2 F2100
;WIPE_START
G1 F7200
G1 X-13.573 Y10.306
;WIPE_END
G1 X-15.978 Y11.895 Z4.4 F30000
G1 Z4
G1 E1.2 F2100
SET_VELOCITY_LIMIT ACCEL=2000
G1 F7200
G1 X-7.826 Y3.743 E.5425
SET_VELOCITY_LIMIT ACCEL=10000
G1 X-8.303 Y3.403 F30000
SET_VELOCITY_LIMIT ACCEL=2000
G1 F7200
G1 X-16.97 Y12.07 E.57671
SET_VELOCITY_LIMIT ACCEL=10000
G1 E-1.2 F2100
;WIPE_START
G1 F7200
G1 X-15.556 Y10.656
;WIPE_END
G1 X-17.961 Y12.245 Z4.4 F30000
G1 Z4
G1 E1.2 F2100
SET_VELOCITY_LIMIT ACCEL=2000
G1 F7200
G1 X-8.702 Y2.986 E.61612
SET_VELOCITY_LIMIT ACCEL=10000
G1 X-9.009 Y2.476 F30000
SET_VELOCITY_LIMIT ACCEL=2000
G1 F7200
G1 X-18.953 Y12.42 E.66172
SET_VELOCITY_LIMIT ACCEL=10000
G1 E-1.2 F2100
;WIPE_START
G1 F7200
G1 X-17.538 Y11.005
;WIPE_END
G1 X-19.944 Y12.594 Z4.4 F30000
G1 Z4
G1 E1.2 F2100
SET_VELOCITY_LIMIT ACCEL=2000
G1 F7200
G1 X-9.201 Y1.852 E.71486
SET_VELOCITY_LIMIT ACCEL=10000
G1 X-9.22 Y1.054 F30000
SET_VELOCITY_LIMIT ACCEL=2000
G1 F7200
G1 X-20.935 Y12.769 E.7796
SET_VELOCITY_LIMIT ACCEL=10000
G1 X-21.888 Y12.905 F30000
SET_VELOCITY_LIMIT ACCEL=2000
G1 F7200
G1 X-7.636 Y-1.347 E.94841
SET_VELOCITY_LIMIT ACCEL=10000
G1 X-7.775 Y-2.024 F30000
SET_VELOCITY_LIMIT ACCEL=2000
G1 F7200
G1 X-22.751 Y12.951 E.99653
SET_VELOCITY_LIMIT ACCEL=10000
G1 X-23.534 Y12.918 F30000
SET_VELOCITY_LIMIT ACCEL=2000
G1 F7200
G1 X-19.887 Y9.271 E.2427
SET_VELOCITY_LIMIT ACCEL=10000
G1 E-1.2 F2100
;WIPE_START
G1 F7200
G1 X-21.301 Y10.685
;WIPE_END
G1 X-21.252 Y9.82 Z4.4 F30000
G1 Z4
G1 E1.2 F2100
SET_VELOCITY_LIMIT ACCEL=2000
G1 F7200
G1 X-24.258 Y12.825 E.20001
SET_VELOCITY_LIMIT ACCEL=10000
G1 X-24.933 Y12.684 F30000
SET_VELOCITY_LIMIT ACCEL=2000
G1 F7200
G1 X-22.242 Y9.992 E.17911
SET_VELOCITY_LIMIT ACCEL=10000
G1 X-23.076 Y10.01 F30000
SET_VELOCITY_LIMIT ACCEL=2000
G1 F7200
G1 X-25.567 Y12.501 E.16578
SET_VELOCITY_LIMIT ACCEL=10000
G1 X-26.169 Y12.287 F30000
SET_VELOCITY_LIMIT ACCEL=2000
G1 F7200
G1 X-23.811 Y9.928 E.15695
SET_VELOCITY_LIMIT ACCEL=10000
G1 X-24.474 Y9.774 F30000
SET_VELOCITY_LIMIT ACCEL=2000
G1 F7200
G1 X-26.731 Y12.032 E.15021
SET_VELOCITY_LIMIT ACCEL=10000
G1 X-27.26 Y11.744 F30000
SET_VELOCITY_LIMIT ACCEL=2000
G1 F7200
G1 X-25.081 Y9.565 E.14499
SET_VELOCITY_LIMIT ACCEL=10000
G1 X-25.639 Y9.306 F30000
SET_VELOCITY_LIMIT ACCEL=2000
G1 F7200
G1 X-27.763 Y11.431 E.14139
SET_VELOCITY_LIMIT ACCEL=10000
G1 X-28.244 Y11.095 F30000
SET_VELOCITY_LIMIT ACCEL=2000
G1 F7200
G1 X-26.141 Y8.992 E.13994
SET_VELOCITY_LIMIT ACCEL=10000
G1 X-26.607 Y8.641 F30000
SET_VELOCITY_LIMIT ACCEL=2000
G1 F7200
G1 X-28.686 Y10.72 E.13834
SET_VELOCITY_LIMIT ACCEL=10000
G1 X-29.106 Y10.323 F30000
SET_VELOCITY_LIMIT ACCEL=2000
G1 F7200
G1 X-27.039 Y8.256 E.13756
SET_VELOCITY_LIMIT ACCEL=10000
G1 X-27.425 Y7.826 F30000
SET_VELOCITY_LIMIT ACCEL=2000
G1 F7200
G1 X-29.504 Y9.905 E.13837
SET_VELOCITY_LIMIT ACCEL=10000
G1 X-29.871 Y9.455 F30000
SET_VELOCITY_LIMIT ACCEL=2000
G1 F7200
G1 X-27.77 Y7.354 E.1398
SET_VELOCITY_LIMIT ACCEL=10000
G1 X-28.077 Y6.844 F30000
SET_VELOCITY_LIMIT ACCEL=2000
G1 F7200
G1 X-30.209 Y8.977 E.14189
SET_VELOCITY_LIMIT ACCEL=10000
G1 X-30.524 Y8.475 F30000
SET_VELOCITY_LIMIT ACCEL=2000
G1 F7200
G1 X-28.343 Y6.295 E.14509
SET_VELOCITY_LIMIT ACCEL=10000
G1 X-28.554 Y5.688 F30000
SET_VELOCITY_LIMIT ACCEL=2000
G1 F7200
G1 X-30.811 Y7.946 E.15022
SET_VELOCITY_LIMIT ACCEL=10000
G1 X-31.059 Y7.377 F30000
M73 P98 R0
SET_VELOCITY_LIMIT ACCEL=2000
G1 F7200
G1 X-28.702 Y5.02 E.15684
SET_VELOCITY_LIMIT ACCEL=10000
G1 X-28.779 Y4.28 F30000
SET_VELOCITY_LIMIT ACCEL=2000
G1 F7200
G1 X-31.276 Y6.777 E.16616
SET_VELOCITY_LIMIT ACCEL=10000
G1 X-31.458 Y6.142 F30000
SET_VELOCITY_LIMIT ACCEL=2000
G1 F7200
G1 X-28.758 Y3.442 E.17969
SET_VELOCITY_LIMIT ACCEL=10000
G1 E-1.2 F2100
;WIPE_START
G1 F7200
G1 X-30.172 Y4.856
;WIPE_END
G1 X-28.588 Y2.456 Z4.4 F30000
G1 Z4
G1 E1.2 F2100
SET_VELOCITY_LIMIT ACCEL=2000
G1 F7200
G1 X-31.6 Y5.468 E.2004
SET_VELOCITY_LIMIT ACCEL=10000
G1 X-31.692 Y4.744 F30000
SET_VELOCITY_LIMIT ACCEL=2000
G1 F7200
G1 X-28.013 Y1.064 E.24485
SET_VELOCITY_LIMIT ACCEL=10000
G1 E-1.2 F2100
;WIPE_START
G1 F7200
G1 X-29.427 Y2.478
;WIPE_END
G1 X-22.273 Y5.139 Z4.4 F30000
G1 X-17.522 Y6.906 Z4.4
G1 Z4
G1 E1.2 F2100
SET_VELOCITY_LIMIT ACCEL=2000
G1 F7200
G1 X-8.286 Y-2.33 E.61459
SET_VELOCITY_LIMIT ACCEL=10000
G1 X-8.709 Y-2.724 F30000
SET_VELOCITY_LIMIT ACCEL=2000
G1 F7200
G1 X-16.983 Y5.551 E.55064
SET_VELOCITY_LIMIT ACCEL=10000
G1 E-1.2 F2100
;WIPE_START
G1 F7200
G1 X-15.569 Y4.136
;WIPE_END
G1 X-16.802 Y4.553 Z4.4 F30000
G1 Z4
G1 E1.2 F2100
SET_VELOCITY_LIMIT ACCEL=2000
G1 F7200
G1 X-9.065 Y-3.184 E.51486
SET_VELOCITY_LIMIT ACCEL=10000
G1 X-9.317 Y-3.749 F30000
SET_VELOCITY_LIMIT ACCEL=2000
G1 F7200
G1 X-16.784 Y3.718 E.49694
SET_VELOCITY_LIMIT ACCEL=10000
G1 X-16.869 Y2.986 F30000
SET_VELOCITY_LIMIT ACCEL=2000
G1 F7200
G1 X-9.405 Y-4.478 E.4967
SET_VELOCITY_LIMIT ACCEL=10000
G1 E-1.2 F2100
;WIPE_START
G1 F7200
G1 X-10.819 Y-3.064
;WIPE_END
G1 X-9.192 Y-5.507 Z4.4 F30000
G1 Z4
G1 E1.2 F2100
SET_VELOCITY_LIMIT ACCEL=2000
G1 F7200
G1 X-17.026 Y2.327 E.52131
SET_VELOCITY_LIMIT ACCEL=10000
G1 X-17.24 Y1.724 F30000
SET_VELOCITY_LIMIT ACCEL=2000
G1 F7200
G1 X-8.698 Y-6.818 E.56841
SET_VELOCITY_LIMIT ACCEL=10000
G1 X-8.808 Y-7.525 F30000
SET_VELOCITY_LIMIT ACCEL=2000
G1 F7200
G1 X-17.499 Y1.167 E.57837
SET_VELOCITY_LIMIT ACCEL=10000
G1 X-17.803 Y.654 F30000
SET_VELOCITY_LIMIT ACCEL=2000
G1 F7200
G1 X-9.799 Y-7.35 E.53261
SET_VELOCITY_LIMIT ACCEL=10000
G1 E-1.2 F2100
;WIPE_START
G1 F7200
G1 X-11.214 Y-5.936
;WIPE_END
G1 X-10.791 Y-7.175 Z4.4 F30000
G1 Z4
G1 E1.2 F2100
SET_VELOCITY_LIMIT ACCEL=2000
G1 F7200
G1 X-18.159 Y.193 E.49032
SET_VELOCITY_LIMIT ACCEL=10000
G1 X-18.549 Y-.233 F30000
SET_VELOCITY_LIMIT ACCEL=2000
G1 F7200
G1 X-11.782 Y-7 E.4503
SET_VELOCITY_LIMIT ACCEL=10000
G1 E-1.2 F2100
;WIPE_START
G1 F7200
G1 X-13.196 Y-5.586
;WIPE_END
G1 X-12.774 Y-6.825 Z4.4 F30000
G1 Z4
G1 E1.2 F2100
SET_VELOCITY_LIMIT ACCEL=2000
G1 F7200
G1 X-18.973 Y-.626 E.41251
SET_VELOCITY_LIMIT ACCEL=10000
G1 X-19.443 Y-.973 F30000
SET_VELOCITY_LIMIT ACCEL=2000
G1 F7200
G1 X-13.765 Y-6.651 E.37782
SET_VELOCITY_LIMIT ACCEL=10000
G1 E-1.2 F2100
;WIPE_START
G1 F7200
G1 X-15.179 Y-5.236
;WIPE_END
G1 X-14.757 Y-6.476 Z4.4 F30000
G1 Z4
G1 E1.2 F2100
SET_VELOCITY_LIMIT ACCEL=2000
G1 F7200
G1 X-19.957 Y-1.275 E.34609
SET_VELOCITY_LIMIT ACCEL=10000
G1 X-20.512 Y-1.537 F30000
SET_VELOCITY_LIMIT ACCEL=2000
G1 F7200
G1 X-15.748 Y-6.301 E.31704
SET_VELOCITY_LIMIT ACCEL=10000
G1 E-1.2 F2100
M73 P99 R0
;WIPE_START
G1 F7200
G1 X-17.162 Y-4.887
;WIPE_END
G1 X-16.739 Y-6.126 Z4.4 F30000
G1 Z4
G1 E1.2 F2100
SET_VELOCITY_LIMIT ACCEL=2000
G1 F7200
G1 X-21.114 Y-1.752 E.29108
SET_VELOCITY_LIMIT ACCEL=10000
G1 X-21.773 Y-1.909 F30000
SET_VELOCITY_LIMIT ACCEL=2000
G1 F7200
G1 X-17.731 Y-5.951 E.26899
SET_VELOCITY_LIMIT ACCEL=10000
G1 E-1.2 F2100
;WIPE_START
G1 F7200
G1 X-19.145 Y-4.537
;WIPE_END
G1 X-18.722 Y-5.776 Z4.4 F30000
G1 Z4
G1 E1.2 F2100
SET_VELOCITY_LIMIT ACCEL=2000
G1 F7200
G1 X-22.514 Y-1.985 E.2523
SET_VELOCITY_LIMIT ACCEL=10000
G1 X-23.349 Y-1.966 F30000
SET_VELOCITY_LIMIT ACCEL=2000
G1 F7200
G1 X-19.714 Y-5.602 E.24192
SET_VELOCITY_LIMIT ACCEL=10000
G1 E-1.2 F2100
;WIPE_START
G1 F7200
G1 X-21.128 Y-4.187
;WIPE_END
G1 X-20.705 Y-5.427 Z4.4 F30000
G1 Z4
G1 E1.2 F2100
SET_VELOCITY_LIMIT ACCEL=2000
G1 F7200
G1 X-24.356 Y-1.776 E.24294
SET_VELOCITY_LIMIT ACCEL=10000
G1 E-1.2 F2100
;WIPE_START
G1 F7200
G1 X-22.942 Y-3.19
;WIPE_END
G1 X-25.729 Y-1.22 Z4.4 F30000
G1 Z4
G1 E1.2 F2100
SET_VELOCITY_LIMIT ACCEL=2000
G1 F7200
G1 X-21.697 Y-5.252 E.26832
SET_VELOCITY_LIMIT ACCEL=10000
G1 E-1.2 F2100
;WIPE_START
G1 F7200
G1 X-23.111 Y-3.838
;WIPE_END
G1 X-22.688 Y-5.077 Z4.4 F30000
G1 Z4
G1 E1.2 F2100
SET_VELOCITY_LIMIT ACCEL=2000
G1 F7200
G1 X-31.721 Y3.955 E.60107
SET_VELOCITY_LIMIT ACCEL=10000
G1 X-31.674 Y3.092 F30000
SET_VELOCITY_LIMIT ACCEL=2000
G1 F7200
G1 X-23.68 Y-4.902 E.53197
SET_VELOCITY_LIMIT ACCEL=10000
G1 E-1.2 F2100
;WIPE_START
G1 F7200
G1 X-25.094 Y-3.488
;WIPE_END
G1 X-24.693 Y-4.705 Z4.4 F30000
G1 Z4
G1 E1.2 F2100
SET_VELOCITY_LIMIT ACCEL=2000
G1 F7200
G1 X-31.51 Y2.112 E.45362
SET_VELOCITY_LIMIT ACCEL=10000
G1 E-1.2 F2100
;WIPE_START
G1 F7200
G1 X-30.096 Y.697
;WIPE_END
G1 X-31.174 Y.958 Z4.4 F30000
G1 Z4
G1 E1.2 F2100
SET_VELOCITY_LIMIT ACCEL=2000
G1 F7200
G1 X-25.835 Y-4.38 E.35525
SET_VELOCITY_LIMIT ACCEL=10000
G1 E-1.2 F2100
;WIPE_START
G1 F7200
G1 X-27.249 Y-2.966
;WIPE_END
G1 X-27.39 Y-3.642 Z4.4 F30000
G1 Z4
G1 E1.2 F2100
SET_VELOCITY_LIMIT ACCEL=2000
G1 F7200
G1 X-30.426 Y-.606 E.20203
SET_VELOCITY_LIMIT ACCEL=10000
G1 E-1.2 F2100
;WIPE_START
G1 F7200
G1 X-29.012 Y-2.02
;WIPE_END
G1 X-21.383 Y-1.786 Z4.4 F30000
G1 X-6.015 Y-1.314 Z4.4
G1 Z4
G1 E1.2 F2100
;TYPE:Gap infill
;WIDTH:0.157553
G1 F9000
G1 X-6.253 Y-1.389 E.00233
;WIDTH:0.178385
G1 X-6.363 Y-1.413 E.00125
;WIDTH:0.219886
G1 X-6.463 Y-1.434 E.00147
;WIDTH:0.259199
G1 X-6.563 Y-1.455 E.00179
;WIDTH:0.29933
G1 X-6.605 Y-1.476 E.00099
;WIDTH:0.340282
G1 X-6.648 Y-1.497 E.00115
;WIDTH:0.381234
G1 X-6.69 Y-1.518 E.00131
;WIDTH:0.379791
G1 X-6.661 Y-1.54 E.00101
;WIDTH:0.335953
G1 X-6.631 Y-1.562 E.00088
;WIDTH:0.292116
G1 X-6.602 Y-1.584 E.00075
;WIDTH:0.248278
G1 X-6.572 Y-1.606 E.00061
;WIDTH:0.20444
G1 X-6.543 Y-1.628 E.00048
;WIDTH:0.173702
G1 X-6.498 Y-1.637 E.00049
;WIDTH:0.140438
G1 X-6.235 Y-1.715 E.00217
G1 X-6.701 Y-1.518 F30000
;WIDTH:0.387172
G1 F9000
G1 X-6.726 Y-1.504 E.00081
;WIDTH:0.347103
G1 X-6.775 Y-1.479 E.00137
;WIDTH:0.31987
G1 X-6.798 Y-1.47 E.00056
;WIDTH:0.292927
G1 X-6.907 Y-1.431 E.00236
;WIDTH:0.250247
G1 X-7.016 Y-1.392 E.00195
;WIDTH:0.207566
G1 X-7.125 Y-1.353 E.00155
;WIDTH:0.163173
G1 X-7.243 Y-1.311 E.00123
;WIDTH:0.140932
G1 X-7.394 Y-1.24 E.00134
G1 E-1.2 F2100
;WIPE_START
G1 F9000
G1 X-7.243 Y-1.311
;WIPE_END
G17
G3 Z4.4 I1.2 J-.204 P1  F30000
G1 X-8.178 Y-6.815 Z4.4
G1 Z4
G1 E1.2 F2100
;WIDTH:0.647563
G1 F9000
G1 X-8.046 Y-7.234 E.02168
G1 X-8.005 Y-7.247 E.00208
;WIDTH:0.615177
G1 X-7.745 Y-7.316 E.01258
;WIDTH:0.568996
G1 X-7.484 Y-7.385 E.01156
;WIDTH:0.546774
G1 X-6.922 Y-7.48 E.02339
;WIDTH:0.578229
G1 X-6.678 Y-7.5 E.01071
;WIDTH:0.624323
G1 X-6.433 Y-7.519 E.01163
;WIDTH:0.643713
G1 X-6.4 Y-7.521 E.00161
G1 X-6.266 Y-7.344 E.01088
;WIDTH:0.617194
G1 X-6.133 Y-7.166 E.0104
G1 E-1.2 F2100
;WIPE_START
G1 F9000
G1 X-6.266 Y-7.344
;WIPE_END
M106 S0
M106 P2 S0
;TYPE:Custom
; filament end gcode
G1 E-3 F3600
G0 X50 Y50 F30000
M104 S0 ; turn off temperature
M73 P100 R0
; EXECUTABLE_BLOCK_END

; filament used [mm] = 1319.09
; filament used [cm3] = 3.17
; filament used [g] = 3.93
; filament cost = 0.08
; total filament used [g] = 3.93
; total filament cost = 0.08
; total layers count = 20
; estimated printing time (normal mode) = 6m 57s
; estimated first layer printing time (normal mode) = 15s

; CONFIG_BLOCK_START
; accel_to_decel_enable = 0
; accel_to_decel_factor = 50%
; activate_air_filtration = 0
; activate_chamber_temp_control = 0
; adaptive_bed_mesh_margin = 0
; adaptive_pressure_advance = 0
; adaptive_pressure_advance_bridges = 0
; adaptive_pressure_advance_model = "0,0,0\n0,0,0"
; adaptive_pressure_advance_overhangs = 0
; additional_cooling_fan_speed = 100
; alternate_extra_wall = 0
; auxiliary_fan = 1
; bbl_calib_mark_logo = 1
; bbl_use_printhost = 0
; bed_custom_model = 
; bed_custom_texture = 
; bed_exclude_area = 0x0
; bed_mesh_max = 99999,99999
; bed_mesh_min = -99999,-99999
; bed_mesh_probe_distance = 50,50
; before_layer_change_gcode = ;BEFORE_LAYER_CHANGE\n;[layer_z]
; best_object_pos = 0.5,0.5
; bottom_shell_layers = 3
; bottom_shell_thickness = 0
; bottom_solid_infill_flow_ratio = 1
; bottom_surface_pattern = monotonic
; bridge_acceleration = 50%
; bridge_angle = 0
; bridge_density = 100%
; bridge_flow = 1
; bridge_no_support = 0
; bridge_speed = 25
; brim_ears_detection_length = 1
; brim_ears_max_angle = 125
; brim_object_gap = 0.1
; brim_type = no_brim
; brim_width = 5
; chamber_temperature = 0
; change_extrusion_role_gcode = 
; change_filament_gcode = 
; close_fan_the_first_x_layers = 1
; complete_print_exhaust_fan_speed = 80
; cool_plate_temp = 60
; cool_plate_temp_initial_layer = 55
; cooling_tube_length = 5
; cooling_tube_retraction = 91.5
; counterbore_hole_bridging = none
; curr_bed_type = High Temp Plate
; default_acceleration = 10000
; default_filament_colour = ""
; default_filament_profile = "Flashforge Generic PLA"
; default_jerk = 0
; default_print_profile = 0.30mm Standard @Flashforge AD5M Pro 0.6 Nozzle
; deretraction_speed = 35
; detect_narrow_internal_solid_infill = 1
; detect_overhang_wall = 1
; detect_thin_wall = 0
; different_settings_to_system = initial_layer_print_height;layer_height;raft_contact_distance;;
; disable_m73 = 0
; dont_filter_internal_bridges = disabled
; dont_slow_down_outer_wall = 0
; draft_shield = disabled
; during_print_exhaust_fan_speed = 60
; elefant_foot_compensation = 0.15
; elefant_foot_compensation_layers = 1
; emit_machine_limits_to_gcode = 1
; enable_arc_fitting = 0
; enable_extra_bridge_layer = disabled
; enable_filament_ramming = 1
; enable_long_retraction_when_cut = 0
; enable_overhang_bridge_fan = 1
; enable_overhang_speed = 1
; enable_pressure_advance = 1
; enable_prime_tower = 0
; enable_support = 0
; enforce_support_layers = 0
; eng_plate_temp = 60
; eng_plate_temp_initial_layer = 55
; ensure_vertical_shell_thickness = ensure_all
; exclude_object = 0
; extra_loading_move = -2
; extra_perimeters_on_overhangs = 0
; extruder_clearance_height_to_lid = 150
; extruder_clearance_height_to_rod = 27
; extruder_clearance_radius = 76
; extruder_colour = #26A69A
; extruder_offset = 0x0
; extrusion_rate_smoothing_external_perimeter_only = 0
; fan_cooling_layer_time = 100
; fan_kickstart = 0
; fan_max_speed = 100
; fan_min_speed = 100
; fan_speedup_overhangs = 1
; fan_speedup_time = 0
; filament_colour = #26A69A
; filament_cooling_final_speed = 3.4
; filament_cooling_initial_speed = 2.2
; filament_cooling_moves = 4
; filament_cost = 20
; filament_density = 1.24
; filament_diameter = 1.75
; filament_end_gcode = "; filament end gcode\n"
; filament_flow_ratio = 0.98
; filament_ids = FFG01
; filament_is_support = 0
; filament_loading_speed = 28
; filament_loading_speed_start = 3
; filament_max_volumetric_speed = 25
; filament_minimal_purge_on_wipe_tower = 15
; filament_multitool_ramming = 0
; filament_multitool_ramming_flow = 10
; filament_multitool_ramming_volume = 10
; filament_notes = ""
; filament_ramming_parameters = "120 100 6.6 6.8 7.2 7.6 7.9 8.2 8.7 9.4 9.9 10.0| 0.05 6.6 0.45 6.8 0.95 7.8 1.45 8.3 1.95 9.7 2.45 10 2.95 7.6 3.45 7.6 3.95 7.6 4.45 7.6 4.95 7.6"
; filament_settings_id = "Flashforge Generic PLA"
; filament_shrink = 100%
; filament_shrinkage_compensation_z = 100%
; filament_soluble = 0
; filament_stamping_distance = 0
; filament_stamping_loading_speed = 0
; filament_start_gcode = "; filament start gcode\n;right_extruder_material: PLA\n"
; filament_toolchange_delay = 0
; filament_type = PLA
; filament_unloading_speed = 90
; filament_unloading_speed_start = 100
; filament_vendor = Generic
; filename_format = {input_filename_base}.gcode
; filter_out_gap_fill = 0.5
; first_layer_print_sequence = 0
; flush_into_infill = 0
; flush_into_objects = 0
; flush_into_support = 1
; flush_multiplier = 0.3
; flush_volumes_matrix = 0
; flush_volumes_vector = 140,140
; full_fan_speed_layer = 0
; fuzzy_skin = none
; fuzzy_skin_first_layer = 0
; fuzzy_skin_noise_type = classic
; fuzzy_skin_octaves = 4
; fuzzy_skin_persistence = 0.5
; fuzzy_skin_point_distance = 0.3
; fuzzy_skin_scale = 1
; fuzzy_skin_thickness = 0.2
; gap_fill_target = nowhere
; gap_infill_speed = 150
; gcode_add_line_number = 0
; gcode_comments = 0
; gcode_flavor = klipper
; gcode_label_objects = 0
; has_scarf_joint_seam = 0
; head_wrap_detect_zone = 
; high_current_on_filament_swap = 0
; hole_to_polyhole = 0
; hole_to_polyhole_threshold = 0.01
; hole_to_polyhole_twisted = 1
; host_type = octoprint
; hot_plate_temp = 50
; hot_plate_temp_initial_layer = 55
; idle_temperature = 0
; independent_support_layer_height = 1
; infill_anchor = 400%
; infill_anchor_max = 20
; infill_combination = 0
; infill_combination_max_layer_height = 100%
; infill_direction = 45
; infill_jerk = 9
; infill_wall_overlap = 40%
; inherits_group = "0.18mm Fine @Flashforge AD5M Pro 0.6 Nozzle";;
; initial_layer_acceleration = 500
; initial_layer_infill_speed = 65
; initial_layer_jerk = 9
; initial_layer_line_width = 0.65
; initial_layer_min_bead_width = 85%
; initial_layer_print_height = 0.2
; initial_layer_speed = 45
; initial_layer_travel_speed = 100%
; inner_wall_acceleration = 5000
; inner_wall_jerk = 9
; inner_wall_line_width = 0.62
; inner_wall_speed = 150
; interface_shells = 0
; interlocking_beam = 0
; interlocking_beam_layer_count = 2
; interlocking_beam_width = 0.8
; interlocking_boundary_avoidance = 2
; interlocking_depth = 2
; interlocking_orientation = 22.5
; internal_bridge_angle = 0
; internal_bridge_density = 100%
; internal_bridge_fan_speed = -1
; internal_bridge_flow = 1
; internal_bridge_speed = 50
; internal_solid_infill_acceleration = 7000
; internal_solid_infill_line_width = 0.62
; internal_solid_infill_pattern = monotonic
; internal_solid_infill_speed = 150
; ironing_angle = -1
; ironing_flow = 15%
; ironing_inset = 0
; ironing_pattern = zig-zag
; ironing_spacing = 0.1
; ironing_speed = 15
; ironing_type = no ironing
; is_infill_first = 0
; lattice_angle_1 = -45
; lattice_angle_2 = 45
; layer_change_gcode = ;AFTER_LAYER_CHANGE\n;[layer_z]
; layer_height = 0.2
; line_width = 0.62
; long_retractions_when_cut = 0
; machine_end_gcode = G1 E-3 F3600\nG0 X50 Y50 F30000\nM104 S0 ; turn off temperature
; machine_load_filament_time = 0
; machine_max_acceleration_e = 5000,5000
; machine_max_acceleration_extruding = 20000,20000
; machine_max_acceleration_retracting = 5000,5000
; machine_max_acceleration_travel = 20000,20000
; machine_max_acceleration_x = 20000,20000
; machine_max_acceleration_y = 20000,20000
; machine_max_acceleration_z = 500,500
; machine_max_jerk_e = 2.5,2.5
; machine_max_jerk_x = 9,9
; machine_max_jerk_y = 9,9
; machine_max_jerk_z = 3,3
; machine_max_speed_e = 30,30
; machine_max_speed_x = 600,600
; machine_max_speed_y = 600,600
; machine_max_speed_z = 20,20
; machine_min_extruding_rate = 0,0
; machine_min_travel_rate = 0,0
; machine_pause_gcode = M25
; machine_start_gcode = M190 S[bed_temperature_initial_layer_single]\nM104 S[nozzle_temperature_initial_layer]\nG90\nM83\nG1 Z5 F6000\nG1 E-0.2 F800\nG1 X110 Y-110 F6000\nG1 E2 F800\nG1 Y-110 X55 Z0.25 F4800\nG1 X-55 E8 F2400\nG1 Y-109.6 F2400\nG1 X55 E5 F2400\nG1 Y-110 X55 Z0.45 F4800\nG1 X-55 E8 F2400\nG1 Y-109.6 F2400\nG1 X55 E5 F2400\nG92 E0
; machine_tool_change_time = 0
; machine_unload_filament_time = 0
; make_overhang_printable = 0
; make_overhang_printable_angle = 55
; make_overhang_printable_hole_size = 0
; manual_filament_change = 0
; max_bridge_length = 10
; max_layer_height = 0.42
; max_travel_detour_distance = 0
; max_volumetric_extrusion_rate_slope = 0
; max_volumetric_extrusion_rate_slope_segment_length = 3
; min_bead_width = 85%
; min_feature_size = 25%
; min_layer_height = 0.15
; min_length_factor = 0.5
; min_skirt_length = 0
; min_width_top_surface = 300%
; minimum_sparse_infill_area = 15
; mmu_segmented_region_interlocking_depth = 0
; mmu_segmented_region_max_width = 0
; notes = 
; nozzle_diameter = 0.6
; nozzle_height = 2.5
; nozzle_hrc = 0
; nozzle_temperature = 220
; nozzle_temperature_initial_layer = 220
; nozzle_temperature_range_high = 230
; nozzle_temperature_range_low = 190
; nozzle_type = hardened_steel
; nozzle_volume = 0
; only_one_wall_first_layer = 0
; only_one_wall_top = 0
; ooze_prevention = 0
; other_layers_print_sequence = 0
; other_layers_print_sequence_nums = 0
; outer_wall_acceleration = 5000
; outer_wall_jerk = 9
; outer_wall_line_width = 0.62
; outer_wall_speed = 120
; overhang_1_4_speed = 0
; overhang_2_4_speed = 40
; overhang_3_4_speed = 20
; overhang_4_4_speed = 10
; overhang_fan_speed = 100
; overhang_fan_threshold = 50%
; overhang_reverse = 0
; overhang_reverse_internal_only = 0
; overhang_reverse_threshold = 50%
; overhang_speed_classic = 0
; parking_pos_retraction = 92
; pellet_flow_coefficient = 0.4157
; pellet_modded_printer = 0
; post_process = 
; precise_outer_wall = 0
; precise_z_height = 0
; preferred_orientation = 0
; preheat_steps = 1
; preheat_time = 30
; pressure_advance = 0.025
; prime_tower_brim_width = 3
; prime_tower_width = 60
; prime_volume = 45
; print_compatible_printers = "Flashforge Adventurer 5M Pro 0.6 Nozzle"
; print_flow_ratio = 1
; print_order = default
; print_sequence = by layer
; print_settings_id = No support, no raft
; printable_area = -110x-110,110x-110,110x110,-110x110
; printable_height = 220
; printer_model = Flashforge Adventurer 5M Pro
; printer_notes = 
; printer_settings_id = Flashforge Adventurer 5M Pro 0.6 Nozzle
; printer_structure = undefine
; printer_technology = FFF
; printer_variant = 0.6
; printhost_authorization_type = key
; printhost_ssl_ignore_revoke = 0
; printing_by_object_gcode = 
; purge_in_prime_tower = 1
; raft_contact_distance = 0.16
; raft_expansion = 1.5
; raft_first_layer_density = 90%
; raft_first_layer_expansion = 2
; raft_layers = 0
; reduce_crossing_wall = 0
; reduce_fan_stop_start_freq = 1
; reduce_infill_retraction = 1
; required_nozzle_HRC = 0
; resolution = 0.012
; retract_before_wipe = 100%
; retract_length_toolchange = 2
; retract_lift_above = 0
; retract_lift_below = 0
; retract_lift_enforce = All Surfaces
; retract_on_top_layer = 1
; retract_restart_extra = 0
; retract_restart_extra_toolchange = 0
; retract_when_changing_layer = 1
; retraction_distances_when_cut = 18
; retraction_length = 1.2
; retraction_minimum_travel = 1
; retraction_speed = 35
; role_based_wipe_speed = 1
; rotate_solid_infill_direction = 1
; scan_first_layer = 0
; scarf_angle_threshold = 155
; scarf_joint_flow_ratio = 1
; scarf_joint_speed = 100%
; scarf_overhang_threshold = 40%
; seam_gap = 6%
; seam_position = aligned
; seam_slope_conditional = 0
; seam_slope_entire_loop = 0
; seam_slope_inner_walls = 0
; seam_slope_min_length = 20
; seam_slope_start_height = 0
; seam_slope_steps = 10
; seam_slope_type = none
; silent_mode = 0
; single_extruder_multi_material = 0
; single_extruder_multi_material_priming = 0
; single_loop_draft_shield = 0
; skirt_distance = 2
; skirt_height = 1
; skirt_loops = 0
; skirt_speed = 50
; skirt_start_angle = -135
; skirt_type = combined
; slice_closing_radius = 0.049
; slicing_mode = regular
; slow_down_for_layer_cooling = 1
; slow_down_layer_time = 6
; slow_down_layers = 1
; slow_down_min_speed = 20
; slowdown_for_curled_perimeters = 1
; small_area_infill_flow_compensation = 0
; small_area_infill_flow_compensation_model = 0,0;"\n0.2,0.4444";"\n0.4,0.6145";"\n0.6,0.7059";"\n0.8,0.7619";"\n1.5,0.8571";"\n2,0.8889";"\n3,0.9231";"\n5,0.9520";"\n10,1"
; small_perimeter_speed = 50%
; small_perimeter_threshold = 0
; solid_infill_direction = 45
; solid_infill_filament = 1
; sparse_infill_acceleration = 100%
; sparse_infill_density = 15%
; sparse_infill_filament = 1
; sparse_infill_line_width = 0.62
; sparse_infill_pattern = crosshatch
; sparse_infill_speed = 100
; spiral_finishing_flow_ratio = 0
; spiral_mode = 0
; spiral_mode_max_xy_smoothing = 200%
; spiral_mode_smooth = 0
; spiral_starting_flow_ratio = 0
; staggered_inner_seams = 0
; standby_temperature_delta = -5
; start_end_points = 30x-3,54x245
; supertack_plate_temp = 35
; supertack_plate_temp_initial_layer = 35
; support_air_filtration = 1
; support_angle = 0
; support_base_pattern = rectilinear
; support_base_pattern_spacing = 2.5
; support_bottom_interface_spacing = 0.35
; support_bottom_z_distance = 0.18
; support_chamber_temp_control = 1
; support_critical_regions_only = 0
; support_expansion = 0
; support_filament = 0
; support_interface_bottom_layers = 0
; support_interface_filament = 0
; support_interface_loop_pattern = 0
; support_interface_not_for_body = 1
; support_interface_pattern = auto
; support_interface_spacing = 0.35
; support_interface_speed = 40
; support_interface_top_layers = 2
; support_line_width = 0.62
; support_material_interface_fan_speed = 100
; support_multi_bed_types = 1
; support_object_first_layer_gap = 0.2
; support_object_xy_distance = 0.4
; support_on_build_plate_only = 0
; support_remove_small_overhang = 1
; support_speed = 100
; support_style = default
; support_threshold_angle = 30
; support_threshold_overlap = 50%
; support_top_z_distance = 0.18
; support_type = normal(auto)
; temperature_vitrification = 60
; template_custom_gcode = 
; textured_cool_plate_temp = 40
; textured_cool_plate_temp_initial_layer = 40
; textured_plate_temp = 60
; textured_plate_temp_initial_layer = 55
; thick_bridges = 0
; thick_internal_bridges = 1
; thumbnails = 140x110/PNG
; thumbnails_format = PNG
; time_cost = 0
; time_lapse_gcode = 
; timelapse_type = 0
; top_bottom_infill_wall_overlap = 25%
; top_shell_layers = 5
; top_shell_thickness = 1
; top_solid_infill_flow_ratio = 1
; top_surface_acceleration = 2000
; top_surface_jerk = 9
; top_surface_line_width = 0.62
; top_surface_pattern = monotonicline
; top_surface_speed = 120
; travel_acceleration = 10000
; travel_jerk = 12
; travel_slope = 3
; travel_speed = 500
; travel_speed_z = 0
; tree_support_adaptive_layer_height = 1
; tree_support_angle_slow = 25
; tree_support_auto_brim = 1
; tree_support_branch_angle = 45
; tree_support_branch_angle_organic = 40
; tree_support_branch_diameter = 5
; tree_support_branch_diameter_angle = 5
; tree_support_branch_diameter_organic = 2
; tree_support_branch_distance = 5
; tree_support_branch_distance_organic = 1
; tree_support_brim_width = 3
; tree_support_tip_diameter = 0.8
; tree_support_top_rate = 30%
; tree_support_wall_count = 0
; upward_compatible_machine = 
; use_firmware_retraction = 0
; use_relative_e_distances = 1
; wall_direction = auto
; wall_distribution_count = 1
; wall_filament = 1
; wall_generator = classic
; wall_loops = 2
; wall_sequence = inner wall/outer wall
; wall_transition_angle = 10
; wall_transition_filter_deviation = 25%
; wall_transition_length = 100%
; wipe = 1
; wipe_before_external_loop = 0
; wipe_distance = 2
; wipe_on_loops = 0
; wipe_speed = 200
; wipe_tower_bridging = 10
; wipe_tower_cone_angle = 0
; wipe_tower_extra_flow = 100%
; wipe_tower_extra_spacing = 100%
; wipe_tower_filament = 0
; wipe_tower_max_purge_speed = 90
; wipe_tower_no_sparse_layers = 0
; wipe_tower_rotation_angle = 0
; wipe_tower_x = 165.000
; wipe_tower_x = 165
; wipe_tower_y = 250.000
; wipe_tower_y = 250
; wiping_volumes_extruders = 70,70,70,70,70,70,70,70,70,70
; xy_contour_compensation = 0
; xy_hole_compensation = 0
; z_hop = 0.4
; z_hop_types = Auto Lift
; z_offset = 0
; first_layer_bed_temperature = 55
; bed_shape = -110x-110,110x-110,110x110,-110x110
; first_layer_temperature = 220
; first_layer_height = 0.200
; CONFIG_BLOCK_END


