; HEADER_BLOCK_START
; generated by OrcaSlicer 2.3.0 on 2025-10-05 at 17:32:36
; total layer number: 30
;_GP_TOTAL_LAYER_NUMBER_PLACEHOLDER
; filament_density: 1.24
; filament_diameter: 1.75
; max_z_height: 6.00
; HEADER_BLOCK_END

; THUMBNAIL_BLOCK_START

;
; thumbnail begin 140x110 1484
; iVBORw0KGgoAAAANSUhEUgAAAIwAAABuCAYAAAD1TPu3AAAEHklEQVR4Ae3d3UsUURjH8bnoplBMzc
; 1Vl7WEoIugC6OCCiMihOiFSEqJ1MRWUTHtTTHcXsi6KIiuuvJP8U/xT5k6iwPbOG/nnNl1Zp7vB+Ym
; epF6es5vznP26DgAAAAAgJzrvHppuvp1a7/77p26A4Q51tszrIpk5M9P13sG1hf3HMBPFYvqKs3F4j
; 3qx4+fGxlzgKCuEvawRAmnikUtOUmKhW4jXFxXGdxYdSvbb+k20sUtQWd+7TSK5dTkI/f0/HO3vPLS
; Pfv7W+DPJRAXXFSw9YqlNDvZKBavYPprM42nUn/HEiWFTlfxnu774/s998b3vIJRz+DrpdAlqjT9dN
; dB/ul2Fa9YvF/fMXqx3lw0aoka/vGZblNESYJtWKH4NRdN1BJFIM4h0yUo7vf1L1FR3UYFYvV1OMg2
; tSRELUHV79uHlqATF87Xdf6MpN1GfR1qLuUge1rVVcLoBGJevzPGJNh23bph/Y9IIM6ZdneVMP4lam
; hzjUCcNXFzIFUs/YuzLS8Wj04gVt2GQNxGuq/LJsHWFK/fGZKVJShOULdhHtVmJsG248rokW3X+wMx
; 86g2yUtXCdM39Xg/6es3S5Ql2zlQVnTdvL7L63eLpTkHygoCcQvkfQmKozuPchCuHXOgrCAQWyh6Vw
; mjE4g5oHWgKMHWFPMoDUUMtqaYR0VIMgcaWFsQUywe5lEB1IGiqK5S+fj+yOZAWcHr9wGJwdZU0AEt
; cfOoqBbrP46QxgGnvAsKxNWdD3ICcZIWq7qMg//4lygx8yhO3JvTDcSF6TbscNoRGYg5cW9H5AEtdj
; jtiezW7HDaETmPYofTjthuzQ6nHQKxlECXIpEXBnDi3p5OtynMhQGcuLcjcvuCE/d2CMQEYiMity84
; cW9H7PYFgdiOyG7NiXs7zKMIxNrEbl+IDHQpErl9wTzKjtjtC16/7TCPqgk9cW9B5PaF+BP3KSAQSw
; l0KRL5HV3EnrhPCfMoArER5lFSdjhTxDxKUqBLEfMoKYEuRcyjCMTaguZRIrYvCMR2mEfVhJy4TxEX
; BiToNnyLvsN0/v5O3h6rO0XAhQF2kgRi7xIppygIxPbCuk3jeronDxu3jTlFI3KHM0X+QNy/8O8/39
; KcW/2yWcyCUTigZae5W5dmJt3y8pxb2Vov/g2pvH7b8QpG1A2pzKPsdF67LG/XnAsDYIQLA6CNCwNg
; hEAMbVwYACMEYmjjgBa0MY+CEeZR0MY8CkZ4/YY2LgyANrEn7mGHeRS0cWEAjBCIoY0DWjDCPAramE
; dBG/MoGCEQQxvzKBhJ0m3UZ5fLK/NyPv+DaFEXBqhiKc0K+8AY4gUF4sE3y27pxZRbXq1RMAjWXDTq
; o6hDm6/c6qcNCgbhvCVKFUzfs4nif9Ad6eideEBXAQAAAIBC+AvipelcNrnUzwAAAABJRU5ErkJggg
; ==
; thumbnail end
; THUMBNAIL_BLOCK_END

; external perimeters extrusion width = 0.62mm
; perimeters extrusion width = 0.62mm
; infill extrusion width = 0.62mm
; solid infill extrusion width = 0.62mm
; top infill extrusion width = 0.62mm
; first layer extrusion width = 0.65mm

; EXECUTABLE_BLOCK_START
M73 P0 R17
M106 S0
M106 P2 S0
;TYPE:Custom
M190 S55
M104 S220
G90
M83
G1 Z5 F6000
G1 E-0.2 F800
G1 X110 Y-110 F6000
G1 E2 F800
G1 Y-110 X55 Z0.25 F4800
G1 X-55 E8 F2400
G1 Y-109.6 F2400
G1 X55 E5 F2400
G1 Y-110 X55 Z0.45 F4800
G1 X-55 E8 F2400
G1 Y-109.6 F2400
M73 P1 R17
G1 X55 E5 F2400
G92 E0
G90
G21
M83 ; use relative distances for extrusion
; filament start gcode
;right_extruder_material: PLA
SET_PRESSURE_ADVANCE ADVANCE=0.025; Override pressure advance value
M106 S0
M106 P2 S0
;LAYER_CHANGE
;Z:0.2
;HEIGHT:0.2
;BEFORE_LAYER_CHANGE
;0.2
G1 E-1.2 F2100
;AFTER_LAYER_CHANGE
;0.2
;_SET_FAN_SPEED_CHANGING_LAYER
SET_VELOCITY_LIMIT ACCEL=500
G1 X33.082 Y73.082 F30000
G1 Z.6
M73 P1 R16
G1 Z.2
G1 E1.2 F2100
;TYPE:Inner wall
;WIDTH:0.65
G1 F2700
G1 X33.082 Y-77.918 E7.46986
G1 X36.918 Y-77.918 E.18976
G1 X36.918 Y77.918 E7.70909
G1 X-36.918 Y77.918 E3.65261
M73 P2 R16
G1 X-36.918 Y-77.918 E7.70909
G1 X-33.082 Y-77.918 E.18976
G1 X-33.082 Y73.082 E7.46986
G1 X33.046 Y73.082 E3.27131
M73 P3 R16
G1 X32.475 Y72.475 F30000
;TYPE:Outer wall
G1 F2700
G1 X32.475 Y-78.525 E7.46986
G1 X37.525 Y-78.525 E.24982
G1 X37.525 Y78.525 E7.76915
G1 X-37.525 Y78.525 E3.71267
G1 X-37.525 Y-78.525 E7.76915
M73 P4 R16
G1 X-32.475 Y-78.525 E.24982
G1 X-32.475 Y72.475 E7.46986
G1 X32.439 Y72.475 E3.21125
G1 E-1.2 F2100
;WIPE_START
G1 F2700
G1 X32.439 Y70.475
;WIPE_END
G1 X32.662 Y62.846 Z.6 F30000
G1 X36.736 Y-76.505 Z.6
G1 Z.2
G1 E1.2 F2100
;TYPE:Bottom surface
;WIDTH:0.651841
G1 F3900
G1 X35.778 Y-77.463 E.06722
G1 X34.917 Y-77.463 E.04273
G1 X36.463 Y-75.917 E.10848
M73 P5 R16
G1 X36.463 Y-75.056 E.04273
G1 X34.056 Y-77.463 E.1689
G1 X33.537 Y-77.463 E.02571
G1 X33.537 Y-77.12 E.01702
G1 X36.463 Y-74.194 E.20527
G1 X36.463 Y-73.333 E.04273
G1 X33.537 Y-76.259 E.20527
G1 X33.537 Y-75.397 E.04273
G1 X36.463 Y-72.472 E.20527
G1 X36.463 Y-71.611 E.04273
G1 X33.537 Y-74.536 E.20527
G1 X33.537 Y-73.675 E.04273
G1 X36.463 Y-70.75 E.20527
G1 X36.463 Y-69.889 E.04273
G1 X33.537 Y-72.814 E.20527
G1 X33.537 Y-71.953 E.04273
G1 X36.463 Y-69.028 E.20527
G1 X36.463 Y-68.166 E.04273
G1 X33.537 Y-71.092 E.20527
G1 X33.537 Y-70.231 E.04273
G1 X36.463 Y-67.305 E.20527
G1 X36.463 Y-66.444 E.04273
G1 X33.537 Y-69.369 E.20527
G1 X33.537 Y-68.508 E.04273
G1 X36.463 Y-65.583 E.20527
G1 X36.463 Y-64.722 E.04273
G1 X33.537 Y-67.647 E.20527
G1 X33.537 Y-66.786 E.04273
G1 X36.463 Y-63.861 E.20527
G1 X36.463 Y-63 E.04273
G1 X33.537 Y-65.925 E.20527
G1 X33.537 Y-65.064 E.04273
G1 X36.463 Y-62.138 E.20527
G1 X36.463 Y-61.277 E.04273
G1 X33.537 Y-64.203 E.20527
G1 X33.537 Y-63.341 E.04273
G1 X36.463 Y-60.416 E.20527
G1 X36.463 Y-59.555 E.04273
G1 X33.537 Y-62.48 E.20527
G1 X33.537 Y-61.619 E.04273
G1 X36.463 Y-58.694 E.20527
G1 X36.463 Y-57.833 E.04273
G1 X33.537 Y-60.758 E.20527
G1 X33.537 Y-59.897 E.04273
G1 X36.463 Y-56.972 E.20527
G1 X36.463 Y-56.11 E.04273
G1 X33.537 Y-59.036 E.20527
G1 X33.537 Y-58.175 E.04273
G1 X36.463 Y-55.249 E.20527
G1 X36.463 Y-54.388 E.04273
G1 X33.537 Y-57.313 E.20527
G1 X33.537 Y-56.452 E.04273
G1 X36.463 Y-53.527 E.20527
G1 X36.463 Y-52.666 E.04273
G1 X33.537 Y-55.591 E.20527
G1 X33.537 Y-54.73 E.04273
G1 X36.463 Y-51.805 E.20527
G1 X36.463 Y-50.944 E.04273
G1 X33.537 Y-53.869 E.20527
G1 X33.537 Y-53.008 E.04273
G1 X36.463 Y-50.082 E.20527
G1 X36.463 Y-49.221 E.04273
G1 X33.537 Y-52.147 E.20527
G1 X33.537 Y-51.285 E.04273
G1 X36.463 Y-48.36 E.20527
G1 X36.463 Y-47.499 E.04273
G1 X33.537 Y-50.424 E.20527
G1 X33.537 Y-49.563 E.04273
G1 X36.463 Y-46.638 E.20527
G1 X36.463 Y-45.777 E.04273
G1 X33.537 Y-48.702 E.20527
G1 X33.537 Y-47.841 E.04273
G1 X36.463 Y-44.916 E.20527
G1 X36.463 Y-44.054 E.04273
G1 X33.537 Y-46.98 E.20527
G1 X33.537 Y-46.119 E.04273
G1 X36.463 Y-43.193 E.20527
G1 X36.463 Y-42.332 E.04273
G1 X33.537 Y-45.257 E.20527
G1 X33.537 Y-44.396 E.04273
G1 X36.463 Y-41.471 E.20527
G1 X36.463 Y-40.61 E.04273
G1 X33.537 Y-43.535 E.20527
G1 X33.537 Y-42.674 E.04273
G1 X36.463 Y-39.749 E.20527
G1 X36.463 Y-38.888 E.04273
G1 X33.537 Y-41.813 E.20527
G1 X33.537 Y-40.952 E.04273
G1 X36.463 Y-38.026 E.20527
G1 X36.463 Y-37.165 E.04273
G1 X33.537 Y-40.09 E.20527
G1 X33.537 Y-39.229 E.04273
G1 X36.463 Y-36.304 E.20527
G1 X36.463 Y-35.443 E.04273
G1 X33.537 Y-38.368 E.20527
G1 X33.537 Y-37.507 E.04273
G1 X36.463 Y-34.582 E.20527
G1 X36.463 Y-33.721 E.04273
G1 X33.537 Y-36.646 E.20527
G1 X33.537 Y-35.785 E.04273
G1 X36.463 Y-32.86 E.20527
G1 X36.463 Y-31.998 E.04273
M73 P6 R16
G1 X33.537 Y-34.924 E.20527
G1 X33.537 Y-34.062 E.04273
G1 X36.463 Y-31.137 E.20527
G1 X36.463 Y-30.276 E.04273
G1 X33.537 Y-33.201 E.20527
G1 X33.537 Y-32.34 E.04273
G1 X36.463 Y-29.415 E.20527
G1 X36.463 Y-28.554 E.04273
G1 X33.537 Y-31.479 E.20527
G1 X33.537 Y-30.618 E.04273
G1 X36.463 Y-27.693 E.20527
G1 X36.463 Y-26.832 E.04273
G1 X33.537 Y-29.757 E.20527
G1 X33.537 Y-28.896 E.04273
G1 X36.463 Y-25.97 E.20527
G1 X36.463 Y-25.109 E.04273
G1 X33.537 Y-28.034 E.20527
G1 X33.537 Y-27.173 E.04273
G1 X36.463 Y-24.248 E.20527
G1 X36.463 Y-23.387 E.04273
G1 X33.537 Y-26.312 E.20527
G1 X33.537 Y-25.451 E.04273
G1 X36.463 Y-22.526 E.20527
G1 X36.463 Y-21.665 E.04273
G1 X33.537 Y-24.59 E.20527
G1 X33.537 Y-23.729 E.04273
G1 X36.463 Y-20.804 E.20527
G1 X36.463 Y-19.942 E.04273
G1 X33.537 Y-22.868 E.20527
G1 X33.537 Y-22.006 E.04273
G1 X36.463 Y-19.081 E.20527
G1 X36.463 Y-18.22 E.04273
G1 X33.537 Y-21.145 E.20527
G1 X33.537 Y-20.284 E.04273
G1 X36.463 Y-17.359 E.20527
G1 X36.463 Y-16.498 E.04273
G1 X33.537 Y-19.423 E.20527
G1 X33.537 Y-18.562 E.04273
G1 X36.463 Y-15.637 E.20527
G1 X36.463 Y-14.776 E.04273
G1 X33.537 Y-17.701 E.20527
G1 X33.537 Y-16.84 E.04273
G1 X36.463 Y-13.914 E.20527
G1 X36.463 Y-13.053 E.04273
G1 X33.537 Y-15.978 E.20527
G1 X33.537 Y-15.117 E.04273
G1 X36.463 Y-12.192 E.20527
G1 X36.463 Y-11.331 E.04273
G1 X33.537 Y-14.256 E.20527
G1 X33.537 Y-13.395 E.04273
G1 X36.463 Y-10.47 E.20527
G1 X36.463 Y-9.609 E.04273
G1 X33.537 Y-12.534 E.20527
G1 X33.537 Y-11.673 E.04273
G1 X36.463 Y-8.748 E.20527
G1 X36.463 Y-7.886 E.04273
G1 X33.537 Y-10.812 E.20527
G1 X33.537 Y-9.95 E.04273
G1 X36.463 Y-7.025 E.20527
G1 X36.463 Y-6.164 E.04273
G1 X33.537 Y-9.089 E.20527
G1 X33.537 Y-8.228 E.04273
G1 X36.463 Y-5.303 E.20527
G1 X36.463 Y-4.442 E.04273
G1 X33.537 Y-7.367 E.20527
G1 X33.537 Y-6.506 E.04273
G1 X36.463 Y-3.581 E.20527
G1 X36.463 Y-2.719 E.04273
G1 X33.537 Y-5.645 E.20527
G1 X33.537 Y-4.784 E.04273
G1 X36.463 Y-1.858 E.20527
G1 X36.463 Y-.997 E.04273
G1 X33.537 Y-3.922 E.20527
G1 X33.537 Y-3.061 E.04273
G1 X36.463 Y-.136 E.20527
G1 X36.463 Y.725 E.04273
G1 X33.537 Y-2.2 E.20527
G1 X33.537 Y-1.339 E.04273
G1 X36.463 Y1.586 E.20527
G1 X36.463 Y2.447 E.04273
G1 X33.537 Y-.478 E.20527
G1 X33.537 Y.383 E.04273
G1 X36.463 Y3.309 E.20527
G1 X36.463 Y4.17 E.04273
G1 X33.537 Y1.244 E.20527
G1 X33.537 Y2.106 E.04273
G1 X36.463 Y5.031 E.20527
G1 X36.463 Y5.892 E.04273
G1 X33.537 Y2.967 E.20527
G1 X33.537 Y3.828 E.04273
G1 X36.463 Y6.753 E.20527
G1 X36.463 Y7.614 E.04273
G1 X33.537 Y4.689 E.20527
G1 X33.537 Y5.55 E.04273
G1 X36.463 Y8.475 E.20527
G1 X36.463 Y9.337 E.04273
G1 X33.537 Y6.411 E.20527
G1 X33.537 Y7.272 E.04273
G1 X36.463 Y10.198 E.20527
G1 X36.463 Y11.059 E.04273
G1 X33.537 Y8.134 E.20527
M73 P7 R16
G1 X33.537 Y8.995 E.04273
G1 X36.463 Y11.92 E.20527
G1 X36.463 Y12.781 E.04273
G1 X33.537 Y9.856 E.20527
G1 X33.537 Y10.717 E.04273
G1 X36.463 Y13.642 E.20527
G1 X36.463 Y14.503 E.04273
G1 X33.537 Y11.578 E.20527
G1 X33.537 Y12.439 E.04273
G1 X36.463 Y15.365 E.20527
G1 X36.463 Y16.226 E.04273
G1 X33.537 Y13.3 E.20527
G1 X33.537 Y14.162 E.04273
G1 X36.463 Y17.087 E.20527
G1 X36.463 Y17.948 E.04273
G1 X33.537 Y15.023 E.20527
G1 X33.537 Y15.884 E.04273
G1 X36.463 Y18.809 E.20527
G1 X36.463 Y19.67 E.04273
G1 X33.537 Y16.745 E.20527
G1 X33.537 Y17.606 E.04273
G1 X36.463 Y20.531 E.20527
G1 X36.463 Y21.393 E.04273
G1 X33.537 Y18.467 E.20527
M73 P7 R15
G1 X33.537 Y19.328 E.04273
G1 X36.463 Y22.254 E.20527
G1 X36.463 Y23.115 E.04273
G1 X33.537 Y20.19 E.20527
G1 X33.537 Y21.051 E.04273
G1 X36.463 Y23.976 E.20527
G1 X36.463 Y24.837 E.04273
G1 X33.537 Y21.912 E.20527
G1 X33.537 Y22.773 E.04273
G1 X36.463 Y25.698 E.20527
G1 X36.463 Y26.559 E.04273
G1 X33.537 Y23.634 E.20527
G1 X33.537 Y24.495 E.04273
G1 X36.463 Y27.421 E.20527
G1 X36.463 Y28.282 E.04273
G1 X33.537 Y25.356 E.20527
G1 X33.537 Y26.218 E.04273
G1 X36.463 Y29.143 E.20527
G1 X36.463 Y30.004 E.04273
G1 X33.537 Y27.079 E.20527
G1 X33.537 Y27.94 E.04273
G1 X36.463 Y30.865 E.20527
G1 X36.463 Y31.726 E.04273
G1 X33.537 Y28.801 E.20527
G1 X33.537 Y29.662 E.04273
G1 X36.463 Y32.587 E.20527
G1 X36.463 Y33.449 E.04273
G1 X33.537 Y30.523 E.20527
G1 X33.537 Y31.384 E.04273
G1 X36.463 Y34.31 E.20527
G1 X36.463 Y35.171 E.04273
G1 X33.537 Y32.246 E.20527
G1 X33.537 Y33.107 E.04273
G1 X36.463 Y36.032 E.20527
G1 X36.463 Y36.893 E.04273
G1 X33.537 Y33.968 E.20527
G1 X33.537 Y34.829 E.04273
G1 X36.463 Y37.754 E.20527
G1 X36.463 Y38.615 E.04273
G1 X33.537 Y35.69 E.20527
G1 X33.537 Y36.551 E.04273
G1 X36.463 Y39.477 E.20527
G1 X36.463 Y40.338 E.04273
G1 X33.537 Y37.413 E.20527
G1 X33.537 Y38.274 E.04273
G1 X36.463 Y41.199 E.20527
G1 X36.463 Y42.06 E.04273
G1 X33.537 Y39.135 E.20527
G1 X33.537 Y39.996 E.04273
G1 X36.463 Y42.921 E.20527
G1 X36.463 Y43.782 E.04273
G1 X33.537 Y40.857 E.20527
G1 X33.537 Y41.718 E.04273
G1 X36.463 Y44.643 E.20527
G1 X36.463 Y45.505 E.04273
G1 X33.537 Y42.579 E.20527
G1 X33.537 Y43.441 E.04273
G1 X36.463 Y46.366 E.20527
G1 X36.463 Y47.227 E.04273
G1 X33.537 Y44.302 E.20527
G1 X33.537 Y45.163 E.04273
G1 X36.463 Y48.088 E.20527
G1 X36.463 Y48.949 E.04273
G1 X33.537 Y46.024 E.20527
G1 X33.537 Y46.885 E.04273
G1 X36.463 Y49.81 E.20527
G1 X36.463 Y50.671 E.04273
G1 X33.537 Y47.746 E.20527
G1 X33.537 Y48.607 E.04273
G1 X36.463 Y51.533 E.20527
G1 X36.463 Y52.394 E.04273
G1 X33.537 Y49.469 E.20527
G1 X33.537 Y50.33 E.04273
G1 X36.463 Y53.255 E.20527
G1 X36.463 Y54.116 E.04273
G1 X33.537 Y51.191 E.20527
G1 X33.537 Y52.052 E.04273
M73 P8 R15
G1 X36.463 Y54.977 E.20527
G1 X36.463 Y55.838 E.04273
G1 X33.537 Y52.913 E.20527
G1 X33.537 Y53.774 E.04273
G1 X36.463 Y56.699 E.20527
G1 X36.463 Y57.561 E.04273
G1 X33.537 Y54.635 E.20527
G1 X33.537 Y55.497 E.04273
G1 X36.463 Y58.422 E.20527
G1 X36.463 Y59.283 E.04273
G1 X33.537 Y56.358 E.20527
G1 X33.537 Y57.219 E.04273
G1 X36.463 Y60.144 E.20527
G1 X36.463 Y61.005 E.04273
G1 X33.537 Y58.08 E.20527
G1 X33.537 Y58.941 E.04273
G1 X36.463 Y61.866 E.20527
G1 X36.463 Y62.727 E.04273
G1 X33.537 Y59.802 E.20527
G1 X33.537 Y60.663 E.04273
G1 X36.463 Y63.589 E.20527
G1 X36.463 Y64.45 E.04273
G1 X33.537 Y61.525 E.20527
G1 X33.537 Y62.386 E.04273
G1 X36.463 Y65.311 E.20527
G1 X36.463 Y66.172 E.04273
G1 X33.537 Y63.247 E.20527
G1 X33.537 Y64.108 E.04273
G1 X36.463 Y67.033 E.20527
G1 X36.463 Y67.894 E.04273
G1 X33.537 Y64.969 E.20527
G1 X33.537 Y65.83 E.04273
G1 X36.463 Y68.755 E.20527
G1 X36.463 Y69.617 E.04273
G1 X33.537 Y66.691 E.20527
G1 X33.537 Y67.553 E.04273
G1 X36.463 Y70.478 E.20527
G1 X36.463 Y71.339 E.04273
G1 X33.537 Y68.414 E.20527
G1 X33.537 Y69.275 E.04273
G1 X36.463 Y72.2 E.20527
G1 X36.463 Y73.061 E.04273
G1 X33.537 Y70.136 E.20527
G1 X33.537 Y70.997 E.04273
G1 X36.463 Y73.922 E.20527
G1 X36.463 Y74.783 E.04273
G1 X33.537 Y71.858 E.20527
G1 X33.537 Y72.719 E.04273
G1 X36.463 Y75.645 E.20527
G1 X36.463 Y76.506 E.04273
G1 X33.494 Y73.537 E.2083
G1 X32.633 Y73.537 E.04273
G1 X36.463 Y77.367 E.26873
G1 X36.463 Y77.463 E.00475
G1 X35.697 Y77.463 E.03798
G1 X31.772 Y73.537 E.27544
G1 X30.911 Y73.537 E.04273
G1 X34.836 Y77.463 E.27544
G1 X33.975 Y77.463 E.04273
G1 X30.05 Y73.537 E.27544
G1 X29.188 Y73.537 E.04273
G1 X33.114 Y77.463 E.27544
G1 X32.253 Y77.463 E.04273
G1 X28.327 Y73.537 E.27544
G1 X27.466 Y73.537 E.04273
G1 X31.391 Y77.463 E.27544
G1 X30.53 Y77.463 E.04273
G1 X26.605 Y73.537 E.27544
G1 X25.744 Y73.537 E.04273
G1 X29.669 Y77.463 E.27544
G1 X28.808 Y77.463 E.04273
G1 X24.883 Y73.537 E.27544
G1 X24.022 Y73.537 E.04273
G1 X27.947 Y77.463 E.27544
G1 X27.086 Y77.463 E.04273
G1 X23.16 Y73.537 E.27544
G1 X22.299 Y73.537 E.04273
G1 X26.225 Y77.463 E.27544
G1 X25.363 Y77.463 E.04273
G1 X21.438 Y73.537 E.27544
G1 X20.577 Y73.537 E.04273
G1 X24.502 Y77.463 E.27544
G1 X23.641 Y77.463 E.04273
G1 X19.716 Y73.537 E.27544
G1 X18.855 Y73.537 E.04273
G1 X22.78 Y77.463 E.27544
G1 X21.919 Y77.463 E.04273
G1 X17.994 Y73.537 E.27544
G1 X17.132 Y73.537 E.04273
G1 X21.058 Y77.463 E.27544
G1 X20.197 Y77.463 E.04273
G1 X16.271 Y73.537 E.27544
G1 X15.41 Y73.537 E.04273
G1 X19.335 Y77.463 E.27544
G1 X18.474 Y77.463 E.04273
M73 P9 R15
G1 X14.549 Y73.537 E.27544
G1 X13.688 Y73.537 E.04273
G1 X17.613 Y77.463 E.27544
G1 X16.752 Y77.463 E.04273
G1 X12.827 Y73.537 E.27544
G1 X11.966 Y73.537 E.04273
G1 X15.891 Y77.463 E.27544
G1 X15.03 Y77.463 E.04273
G1 X11.104 Y73.537 E.27544
G1 X10.243 Y73.537 E.04273
G1 X14.169 Y77.463 E.27544
G1 X13.307 Y77.463 E.04273
G1 X9.382 Y73.537 E.27544
G1 X8.521 Y73.537 E.04273
G1 X12.446 Y77.463 E.27544
G1 X11.585 Y77.463 E.04273
G1 X7.66 Y73.537 E.27544
G1 X6.799 Y73.537 E.04273
G1 X10.724 Y77.463 E.27544
G1 X9.863 Y77.463 E.04273
G1 X5.938 Y73.537 E.27544
G1 X5.076 Y73.537 E.04273
G1 X9.002 Y77.463 E.27544
G1 X8.141 Y77.463 E.04273
G1 X4.215 Y73.537 E.27544
G1 X3.354 Y73.537 E.04273
G1 X7.279 Y77.463 E.27544
G1 X6.418 Y77.463 E.04273
G1 X2.493 Y73.537 E.27544
G1 X1.632 Y73.537 E.04273
G1 X5.557 Y77.463 E.27544
G1 X4.696 Y77.463 E.04273
G1 X.771 Y73.537 E.27544
G1 X-.09 Y73.537 E.04273
G1 X3.835 Y77.463 E.27544
G1 X2.974 Y77.463 E.04273
G1 X-.952 Y73.537 E.27544
G1 X-1.813 Y73.537 E.04273
G1 X2.113 Y77.463 E.27544
G1 X1.251 Y77.463 E.04273
G1 X-2.674 Y73.537 E.27544
G1 X-3.535 Y73.537 E.04273
G1 X.39 Y77.463 E.27544
G1 X-.471 Y77.463 E.04273
G1 X-4.396 Y73.537 E.27544
G1 X-5.257 Y73.537 E.04273
G1 X-1.332 Y77.463 E.27544
G1 X-2.193 Y77.463 E.04273
G1 X-6.118 Y73.537 E.27544
G1 X-6.98 Y73.537 E.04273
G1 X-3.054 Y77.463 E.27544
G1 X-3.915 Y77.463 E.04273
G1 X-7.841 Y73.537 E.27544
G1 X-8.702 Y73.537 E.04273
G1 X-4.777 Y77.463 E.27544
G1 X-5.638 Y77.463 E.04273
G1 X-9.563 Y73.537 E.27544
G1 X-10.424 Y73.537 E.04273
G1 X-6.499 Y77.463 E.27544
G1 X-7.36 Y77.463 E.04273
G1 X-11.285 Y73.537 E.27544
G1 X-12.146 Y73.537 E.04273
G1 X-8.221 Y77.463 E.27544
G1 X-9.082 Y77.463 E.04273
G1 X-13.008 Y73.537 E.27544
G1 X-13.869 Y73.537 E.04273
G1 X-9.943 Y77.463 E.27544
G1 X-10.805 Y77.463 E.04273
G1 X-14.73 Y73.537 E.27544
G1 X-15.591 Y73.537 E.04273
G1 X-11.666 Y77.463 E.27544
G1 X-12.527 Y77.463 E.04273
G1 X-16.452 Y73.537 E.27544
G1 X-17.313 Y73.537 E.04273
G1 X-13.388 Y77.463 E.27544
G1 X-14.249 Y77.463 E.04273
G1 X-18.174 Y73.537 E.27544
G1 X-19.036 Y73.537 E.04273
G1 X-15.11 Y77.463 E.27544
G1 X-15.972 Y77.463 E.04273
G1 X-19.897 Y73.537 E.27544
G1 X-20.758 Y73.537 E.04273
G1 X-16.833 Y77.463 E.27544
G1 X-17.694 Y77.463 E.04273
G1 X-21.619 Y73.537 E.27544
G1 X-22.48 Y73.537 E.04273
G1 X-18.555 Y77.463 E.27544
G1 X-19.416 Y77.463 E.04273
M73 P10 R15
G1 X-23.341 Y73.537 E.27544
G1 X-24.202 Y73.537 E.04273
G1 X-20.277 Y77.463 E.27544
G1 X-21.138 Y77.463 E.04273
G1 X-25.064 Y73.537 E.27544
G1 X-25.925 Y73.537 E.04273
G1 X-22 Y77.463 E.27544
G1 X-22.861 Y77.463 E.04273
G1 X-26.786 Y73.537 E.27544
G1 X-27.647 Y73.537 E.04273
G1 X-23.722 Y77.463 E.27544
G1 X-24.583 Y77.463 E.04273
G1 X-28.508 Y73.537 E.27544
G1 X-29.369 Y73.537 E.04273
G1 X-25.444 Y77.463 E.27544
G1 X-26.305 Y77.463 E.04273
G1 X-30.23 Y73.537 E.27544
G1 X-31.092 Y73.537 E.04273
G1 X-27.166 Y77.463 E.27544
G1 X-28.028 Y77.463 E.04273
G1 X-32.226 Y73.264 E.29461
G1 E-1.2 F2100
;WIPE_START
G1 F3900
G1 X-30.812 Y74.678
;WIPE_END
G1 X-30.935 Y67.047 Z.6 F30000
G1 X-33.264 Y-76.752 Z.6
G1 Z.2
G1 E1.2 F2100
G1 F3900
G1 X-33.975 Y-77.463 E.04986
G1 X-34.836 Y-77.463 E.04273
G1 X-33.537 Y-76.164 E.09112
G1 X-33.537 Y-75.303 E.04273
G1 X-35.697 Y-77.463 E.15155
G1 X-36.463 Y-77.463 E.03799
G1 X-36.463 Y-77.367 E.00474
G1 X-33.537 Y-74.442 E.20527
G1 X-33.537 Y-73.581 E.04273
G1 X-36.463 Y-76.506 E.20527
G1 X-36.463 Y-75.645 E.04273
G1 X-33.537 Y-72.719 E.20527
G1 X-33.537 Y-71.858 E.04273
G1 X-36.463 Y-74.784 E.20527
G1 X-36.463 Y-73.922 E.04273
G1 X-33.537 Y-70.997 E.20527
G1 X-33.537 Y-70.136 E.04273
G1 X-36.463 Y-73.061 E.20527
G1 X-36.463 Y-72.2 E.04273
G1 X-33.537 Y-69.275 E.20527
G1 X-33.537 Y-68.414 E.04273
G1 X-36.463 Y-71.339 E.20527
G1 X-36.463 Y-70.478 E.04273
G1 X-33.537 Y-67.553 E.20527
G1 X-33.537 Y-66.691 E.04273
G1 X-36.463 Y-69.617 E.20527
G1 X-36.463 Y-68.756 E.04273
G1 X-33.537 Y-65.83 E.20527
G1 X-33.537 Y-64.969 E.04273
G1 X-36.463 Y-67.894 E.20527
G1 X-36.463 Y-67.033 E.04273
G1 X-33.537 Y-64.108 E.20527
G1 X-33.537 Y-63.247 E.04273
G1 X-36.463 Y-66.172 E.20527
G1 X-36.463 Y-65.311 E.04273
G1 X-33.537 Y-62.386 E.20527
G1 X-33.537 Y-61.525 E.04273
G1 X-36.463 Y-64.45 E.20527
G1 X-36.463 Y-63.589 E.04273
G1 X-33.537 Y-60.663 E.20527
G1 X-33.537 Y-59.802 E.04273
G1 X-36.463 Y-62.728 E.20527
G1 X-36.463 Y-61.866 E.04273
G1 X-33.537 Y-58.941 E.20527
G1 X-33.537 Y-58.08 E.04273
G1 X-36.463 Y-61.005 E.20527
G1 X-36.463 Y-60.144 E.04273
G1 X-33.537 Y-57.219 E.20527
G1 X-33.537 Y-56.358 E.04273
G1 X-36.463 Y-59.283 E.20527
G1 X-36.463 Y-58.422 E.04273
G1 X-33.537 Y-55.497 E.20527
G1 X-33.537 Y-54.635 E.04273
G1 X-36.463 Y-57.561 E.20527
G1 X-36.463 Y-56.7 E.04273
G1 X-33.537 Y-53.774 E.20527
G1 X-33.537 Y-52.913 E.04273
G1 X-36.463 Y-55.838 E.20527
G1 X-36.463 Y-54.977 E.04273
G1 X-33.537 Y-52.052 E.20527
G1 X-33.537 Y-51.191 E.04273
G1 X-36.463 Y-54.116 E.20527
G1 X-36.463 Y-53.255 E.04273
G1 X-33.537 Y-50.33 E.20527
G1 X-33.537 Y-49.469 E.04273
M73 P11 R15
G1 X-36.463 Y-52.394 E.20527
G1 X-36.463 Y-51.533 E.04273
G1 X-33.537 Y-48.607 E.20527
G1 X-33.537 Y-47.746 E.04273
G1 X-36.463 Y-50.672 E.20527
G1 X-36.463 Y-49.81 E.04273
G1 X-33.537 Y-46.885 E.20527
G1 X-33.537 Y-46.024 E.04273
G1 X-36.463 Y-48.949 E.20527
G1 X-36.463 Y-48.088 E.04273
G1 X-33.537 Y-45.163 E.20527
G1 X-33.537 Y-44.302 E.04273
G1 X-36.463 Y-47.227 E.20527
G1 X-36.463 Y-46.366 E.04273
G1 X-33.537 Y-43.441 E.20527
G1 X-33.537 Y-42.579 E.04273
G1 X-36.463 Y-45.505 E.20527
G1 X-36.463 Y-44.644 E.04273
G1 X-33.537 Y-41.718 E.20527
G1 X-33.537 Y-40.857 E.04273
G1 X-36.463 Y-43.782 E.20527
G1 X-36.463 Y-42.921 E.04273
G1 X-33.537 Y-39.996 E.20527
G1 X-33.537 Y-39.135 E.04273
G1 X-36.463 Y-42.06 E.20527
G1 X-36.463 Y-41.199 E.04273
G1 X-33.537 Y-38.274 E.20527
G1 X-33.537 Y-37.413 E.04273
G1 X-36.463 Y-40.338 E.20527
G1 X-36.463 Y-39.477 E.04273
G1 X-33.537 Y-36.551 E.20527
G1 X-33.537 Y-35.69 E.04273
G1 X-36.463 Y-38.616 E.20527
G1 X-36.463 Y-37.754 E.04273
G1 X-33.537 Y-34.829 E.20527
G1 X-33.537 Y-33.968 E.04273
G1 X-36.463 Y-36.893 E.20527
G1 X-36.463 Y-36.032 E.04273
G1 X-33.537 Y-33.107 E.20527
G1 X-33.537 Y-32.246 E.04273
G1 X-36.463 Y-35.171 E.20527
G1 X-36.463 Y-34.31 E.04273
G1 X-33.537 Y-31.385 E.20527
G1 X-33.537 Y-30.523 E.04273
G1 X-36.463 Y-33.449 E.20527
G1 X-36.463 Y-32.588 E.04273
G1 X-33.537 Y-29.662 E.20527
G1 X-33.537 Y-28.801 E.04273
G1 X-36.463 Y-31.726 E.20527
G1 X-36.463 Y-30.865 E.04273
G1 X-33.537 Y-27.94 E.20527
G1 X-33.537 Y-27.079 E.04273
G1 X-36.463 Y-30.004 E.20527
G1 X-36.463 Y-29.143 E.04273
G1 X-33.537 Y-26.218 E.20527
G1 X-33.537 Y-25.357 E.04273
G1 X-36.463 Y-28.282 E.20527
G1 X-36.463 Y-27.421 E.04273
G1 X-33.537 Y-24.495 E.20527
G1 X-33.537 Y-23.634 E.04273
G1 X-36.463 Y-26.559 E.20527
G1 X-36.463 Y-25.698 E.04273
G1 X-33.537 Y-22.773 E.20527
G1 X-33.537 Y-21.912 E.04273
G1 X-36.463 Y-24.837 E.20527
G1 X-36.463 Y-23.976 E.04273
G1 X-33.537 Y-21.051 E.20527
G1 X-33.537 Y-20.19 E.04273
G1 X-36.463 Y-23.115 E.20527
G1 X-36.463 Y-22.254 E.04273
G1 X-33.537 Y-19.329 E.20527
G1 X-33.537 Y-18.467 E.04273
G1 X-36.463 Y-21.393 E.20527
G1 X-36.463 Y-20.531 E.04273
G1 X-33.537 Y-17.606 E.20527
G1 X-33.537 Y-16.745 E.04273
G1 X-36.463 Y-19.67 E.20527
G1 X-36.463 Y-18.809 E.04273
G1 X-33.537 Y-15.884 E.20527
G1 X-33.537 Y-15.023 E.04273
G1 X-36.463 Y-17.948 E.20527
G1 X-36.463 Y-17.087 E.04273
G1 X-33.537 Y-14.162 E.20527
G1 X-33.537 Y-13.301 E.04273
G1 X-36.463 Y-16.226 E.20527
G1 X-36.463 Y-15.365 E.04273
G1 X-33.537 Y-12.439 E.20527
G1 X-33.537 Y-11.578 E.04273
G1 X-36.463 Y-14.503 E.20527
G1 X-36.463 Y-13.642 E.04273
G1 X-33.537 Y-10.717 E.20527
G1 X-33.537 Y-9.856 E.04273
G1 X-36.463 Y-12.781 E.20527
G1 X-36.463 Y-11.92 E.04273
G1 X-33.537 Y-8.995 E.20527
G1 X-33.537 Y-8.134 E.04273
G1 X-36.463 Y-11.059 E.20527
G1 X-36.463 Y-10.198 E.04273
G1 X-33.537 Y-7.273 E.20527
G1 X-33.537 Y-6.411 E.04273
G1 X-36.463 Y-9.337 E.20527
M73 P12 R15
G1 X-36.463 Y-8.475 E.04273
G1 X-33.537 Y-5.55 E.20527
G1 X-33.537 Y-4.689 E.04273
G1 X-36.463 Y-7.614 E.20527
G1 X-36.463 Y-6.753 E.04273
G1 X-33.537 Y-3.828 E.20527
G1 X-33.537 Y-2.967 E.04273
G1 X-36.463 Y-5.892 E.20527
G1 X-36.463 Y-5.031 E.04273
G1 X-33.537 Y-2.106 E.20527
G1 X-33.537 Y-1.245 E.04273
G1 X-36.463 Y-4.17 E.20527
G1 X-36.463 Y-3.309 E.04273
G1 X-33.537 Y-.383 E.20527
G1 X-33.537 Y.478 E.04273
G1 X-36.463 Y-2.447 E.20527
G1 X-36.463 Y-1.586 E.04273
G1 X-33.537 Y1.339 E.20527
G1 X-33.537 Y2.2 E.04273
G1 X-36.463 Y-.725 E.20527
G1 X-36.463 Y.136 E.04273
G1 X-33.537 Y3.061 E.20527
G1 X-33.537 Y3.922 E.04273
G1 X-36.463 Y.997 E.20527
G1 X-36.463 Y1.858 E.04273
G1 X-33.537 Y4.783 E.20527
G1 X-33.537 Y5.645 E.04273
G1 X-36.463 Y2.719 E.20527
G1 X-36.463 Y3.581 E.04273
G1 X-33.537 Y6.506 E.20527
G1 X-33.537 Y7.367 E.04273
G1 X-36.463 Y4.442 E.20527
G1 X-36.463 Y5.303 E.04273
G1 X-33.537 Y8.228 E.20527
G1 X-33.537 Y9.089 E.04273
G1 X-36.463 Y6.164 E.20527
G1 X-36.463 Y7.025 E.04273
G1 X-33.537 Y9.95 E.20527
G1 X-33.537 Y10.812 E.04273
G1 X-36.463 Y7.886 E.20527
G1 X-36.463 Y8.747 E.04273
G1 X-33.537 Y11.673 E.20527
G1 X-33.537 Y12.534 E.04273
G1 X-36.463 Y9.609 E.20527
G1 X-36.463 Y10.47 E.04273
G1 X-33.537 Y13.395 E.20527
G1 X-33.537 Y14.256 E.04273
G1 X-36.463 Y11.331 E.20527
G1 X-36.463 Y12.192 E.04273
G1 X-33.537 Y15.117 E.20527
G1 X-33.537 Y15.978 E.04273
G1 X-36.463 Y13.053 E.20527
G1 X-36.463 Y13.914 E.04273
G1 X-33.537 Y16.84 E.20527
G1 X-33.537 Y17.701 E.04273
G1 X-36.463 Y14.775 E.20527
G1 X-36.463 Y15.637 E.04273
G1 X-33.537 Y18.562 E.20527
G1 X-33.537 Y19.423 E.04273
G1 X-36.463 Y16.498 E.20527
G1 X-36.463 Y17.359 E.04273
G1 X-33.537 Y20.284 E.20527
G1 X-33.537 Y21.145 E.04273
G1 X-36.463 Y18.22 E.20527
G1 X-36.463 Y19.081 E.04273
G1 X-33.537 Y22.006 E.20527
G1 X-33.537 Y22.868 E.04273
G1 X-36.463 Y19.942 E.20527
G1 X-36.463 Y20.803 E.04273
G1 X-33.537 Y23.729 E.20527
G1 X-33.537 Y24.59 E.04273
G1 X-36.463 Y21.665 E.20527
G1 X-36.463 Y22.526 E.04273
G1 X-33.537 Y25.451 E.20527
G1 X-33.537 Y26.312 E.04273
G1 X-36.463 Y23.387 E.20527
G1 X-36.463 Y24.248 E.04273
G1 X-33.537 Y27.173 E.20527
G1 X-33.537 Y28.034 E.04273
G1 X-36.463 Y25.109 E.20527
G1 X-36.463 Y25.97 E.04273
G1 X-33.537 Y28.896 E.20527
G1 X-33.537 Y29.757 E.04273
G1 X-36.463 Y26.831 E.20527
G1 X-36.463 Y27.693 E.04273
G1 X-33.537 Y30.618 E.20527
G1 X-33.537 Y31.479 E.04273
G1 X-36.463 Y28.554 E.20527
G1 X-36.463 Y29.415 E.04273
G1 X-33.537 Y32.34 E.20527
G1 X-33.537 Y33.201 E.04273
G1 X-36.463 Y30.276 E.20527
G1 X-36.463 Y31.137 E.04273
G1 X-33.537 Y34.062 E.20527
G1 X-33.537 Y34.924 E.04273
G1 X-36.463 Y31.998 E.20527
G1 X-36.463 Y32.859 E.04273
G1 X-33.537 Y35.785 E.20527
G1 X-33.537 Y36.646 E.04273
G1 X-36.463 Y33.721 E.20527
G1 X-36.463 Y34.582 E.04273
M73 P13 R15
G1 X-33.537 Y37.507 E.20527
G1 X-33.537 Y38.368 E.04273
G1 X-36.463 Y35.443 E.20527
G1 X-36.463 Y36.304 E.04273
M73 P13 R14
G1 X-33.537 Y39.229 E.20527
G1 X-33.537 Y40.09 E.04273
G1 X-36.463 Y37.165 E.20527
G1 X-36.463 Y38.026 E.04273
G1 X-33.537 Y40.952 E.20527
G1 X-33.537 Y41.813 E.04273
G1 X-36.463 Y38.887 E.20527
G1 X-36.463 Y39.749 E.04273
G1 X-33.537 Y42.674 E.20527
G1 X-33.537 Y43.535 E.04273
G1 X-36.463 Y40.61 E.20527
G1 X-36.463 Y41.471 E.04273
G1 X-33.537 Y44.396 E.20527
G1 X-33.537 Y45.257 E.04273
G1 X-36.463 Y42.332 E.20527
G1 X-36.463 Y43.193 E.04273
G1 X-33.537 Y46.118 E.20527
G1 X-33.537 Y46.98 E.04273
G1 X-36.463 Y44.054 E.20527
G1 X-36.463 Y44.915 E.04273
G1 X-33.537 Y47.841 E.20527
G1 X-33.537 Y48.702 E.04273
G1 X-36.463 Y45.777 E.20527
G1 X-36.463 Y46.638 E.04273
G1 X-33.537 Y49.563 E.20527
G1 X-33.537 Y50.424 E.04273
G1 X-36.463 Y47.499 E.20527
G1 X-36.463 Y48.36 E.04273
G1 X-33.537 Y51.285 E.20527
G1 X-33.537 Y52.146 E.04273
G1 X-36.463 Y49.221 E.20527
G1 X-36.463 Y50.082 E.04273
G1 X-33.537 Y53.008 E.20527
G1 X-33.537 Y53.869 E.04273
G1 X-36.463 Y50.943 E.20527
G1 X-36.463 Y51.805 E.04273
G1 X-33.537 Y54.73 E.20527
G1 X-33.537 Y55.591 E.04273
G1 X-36.463 Y52.666 E.20527
G1 X-36.463 Y53.527 E.04273
G1 X-33.537 Y56.452 E.20527
G1 X-33.537 Y57.313 E.04273
G1 X-36.463 Y54.388 E.20527
G1 X-36.463 Y55.249 E.04273
G1 X-33.537 Y58.174 E.20527
G1 X-33.537 Y59.036 E.04273
G1 X-36.463 Y56.11 E.20527
G1 X-36.463 Y56.972 E.04273
G1 X-33.537 Y59.897 E.20527
G1 X-33.537 Y60.758 E.04273
G1 X-36.463 Y57.833 E.20527
G1 X-36.463 Y58.694 E.04273
G1 X-33.537 Y61.619 E.20527
G1 X-33.537 Y62.48 E.04273
G1 X-36.463 Y59.555 E.20527
G1 X-36.463 Y60.416 E.04273
G1 X-33.537 Y63.341 E.20527
G1 X-33.537 Y64.202 E.04273
G1 X-36.463 Y61.277 E.20527
G1 X-36.463 Y62.138 E.04273
G1 X-33.537 Y65.064 E.20527
G1 X-33.537 Y65.925 E.04273
G1 X-36.463 Y63 E.20527
G1 X-36.463 Y63.861 E.04273
G1 X-33.537 Y66.786 E.20527
G1 X-33.537 Y67.647 E.04273
G1 X-36.463 Y64.722 E.20527
G1 X-36.463 Y65.583 E.04273
G1 X-33.537 Y68.508 E.20527
G1 X-33.537 Y69.369 E.04273
G1 X-36.463 Y66.444 E.20527
G1 X-36.463 Y67.305 E.04273
G1 X-33.537 Y70.23 E.20527
G1 X-33.537 Y71.092 E.04273
G1 X-36.463 Y68.166 E.20527
G1 X-36.463 Y69.028 E.04273
G1 X-33.264 Y72.226 E.22444
G1 E-1.2 F2100
;WIPE_START
G1 F3900
G1 X-34.678 Y70.812
;WIPE_END
G1 X-36.736 Y69.615 Z.6 F30000
G1 Z.2
G1 E1.2 F2100
G1 F3900
G1 X-33.537 Y72.814 E.22444
G1 X-33.537 Y73.537 E.0359
G1 X-32.814 Y73.537 E.0359
G1 X-28.889 Y77.463 E.27544
G1 X-29.75 Y77.463 E.04273
G1 X-36.463 Y70.75 E.47105
G1 X-36.463 Y71.611 E.04273
G1 X-30.611 Y77.463 E.41062
G1 X-31.472 Y77.463 E.04273
G1 X-36.463 Y72.472 E.3502
G1 X-36.463 Y73.333 E.04273
G1 X-32.333 Y77.463 E.28977
G1 X-33.194 Y77.463 E.04273
M73 P14 R14
G1 X-36.463 Y74.194 E.22934
G1 X-36.463 Y75.056 E.04273
G1 X-34.056 Y77.463 E.16891
G1 X-34.917 Y77.463 E.04273
G1 X-36.463 Y75.917 E.10848
G1 X-36.463 Y76.778 E.04273
G1 X-35.505 Y77.736 E.06722
M106 S255
M106 P2 S255
;LAYER_CHANGE
;Z:0.4
;HEIGHT:0.2
;BEFORE_LAYER_CHANGE
;0.4
G1 E-1.2 F2100
;WIPE_START
G1 F3900
G1 X-36.463 Y76.778
G1 X-36.463 Y76.133
;WIPE_END
;AFTER_LAYER_CHANGE
;0.4
;_SET_FAN_SPEED_CHANGING_LAYER
SET_VELOCITY_LIMIT ACCEL=10000
M140 S50 ; set bed temperature
G17
G3 Z.8 I.057 J1.216 P1  F30000
G1 X32.887 Y72.887 Z.8
G1 Z.4
G1 E1.2 F2100
SET_VELOCITY_LIMIT ACCEL=5000
;TYPE:Inner wall
;WIDTH:0.62
G1 F9000
G1 X32.887 Y-78.113 E7.10073
G1 X37.113 Y-78.113 E.19872
G1 X37.113 Y78.113 E7.34647
G1 X-37.113 Y78.113 E3.49045
G1 X-37.113 Y-78.113 E7.34647
G1 X-32.887 Y-78.113 E.19872
G1 X-32.887 Y72.887 E7.10073
G1 X32.851 Y72.887 E3.09132
SET_VELOCITY_LIMIT ACCEL=10000
G1 X32.31 Y72.31 F30000
SET_VELOCITY_LIMIT ACCEL=5000
;TYPE:Outer wall
G1 F7200
G1 X32.31 Y-78.69 E7.10073
G1 X37.69 Y-78.69 E.25299
G1 X37.69 Y78.69 E7.40074
G1 X-37.69 Y78.69 E3.54472
G1 X-37.69 Y-78.69 E7.40074
G1 X-32.31 Y-78.69 E.25299
M73 P15 R14
G1 X-32.31 Y72.31 E7.10073
G1 X32.274 Y72.31 E3.03704
SET_VELOCITY_LIMIT ACCEL=10000
G1 E-1.2 F2100
;WIPE_START
G1 F7200
G1 X32.274 Y70.31
;WIPE_END
G1 X34.511 Y77.607 Z.8 F30000
G1 X34.64 Y78.026 Z.8
G1 Z.4
G1 E1.2 F2100
SET_VELOCITY_LIMIT ACCEL=7000
;TYPE:Internal solid infill
;WIDTH:0.620414
G1 F9000
G1 X36.767 Y75.9 E.14153
G1 X36.767 Y75.083 E.03843
G1 X34.083 Y77.767 E.1786
G1 X33.266 Y77.767 E.03843
G1 X36.767 Y74.266 E.23295
G1 X36.767 Y73.45 E.03843
G1 X32.45 Y77.767 E.28731
G1 X31.633 Y77.767 E.03843
G1 X36.767 Y72.633 E.34166
G1 X36.767 Y71.816 E.03843
G1 X30.816 Y77.767 E.39601
G1 X29.999 Y77.767 E.03843
G1 X36.767 Y70.999 E.45036
G1 X36.767 Y70.183 E.03843
G1 X29.183 Y77.767 E.50471
G1 X28.366 Y77.767 E.03843
G1 X36.767 Y69.366 E.55907
G1 X36.767 Y68.549 E.03843
G1 X33.233 Y72.083 E.23515
G1 X33.233 Y71.266 E.03843
G1 X36.767 Y67.733 E.23515
G1 X36.767 Y66.916 E.03843
G1 X33.233 Y70.449 E.23515
G1 X33.233 Y69.633 E.03843
G1 X36.767 Y66.099 E.23515
G1 X36.767 Y65.283 E.03843
G1 X33.233 Y68.816 E.23515
G1 X33.233 Y67.999 E.03843
G1 X36.767 Y64.466 E.23515
G1 X36.767 Y63.649 E.03843
G1 X33.233 Y67.183 E.23515
G1 X33.233 Y66.366 E.03843
G1 X36.767 Y62.832 E.23515
G1 X36.767 Y62.016 E.03843
G1 X33.233 Y65.549 E.23515
G1 X33.233 Y64.732 E.03843
G1 X36.767 Y61.199 E.23515
G1 X36.767 Y60.382 E.03843
G1 X33.233 Y63.916 E.23515
G1 X33.233 Y63.099 E.03843
G1 X36.767 Y59.566 E.23515
G1 X36.767 Y58.749 E.03843
G1 X33.233 Y62.282 E.23515
G1 X33.233 Y61.466 E.03843
G1 X36.767 Y57.932 E.23515
G1 X36.767 Y57.116 E.03843
G1 X33.233 Y60.649 E.23515
G1 X33.233 Y59.832 E.03843
G1 X36.767 Y56.299 E.23515
G1 X36.767 Y55.482 E.03843
G1 X33.233 Y59.016 E.23515
G1 X33.233 Y58.199 E.03843
G1 X36.767 Y54.665 E.23515
G1 X36.767 Y53.849 E.03843
G1 X33.233 Y57.382 E.23515
G1 X33.233 Y56.565 E.03843
G1 X36.767 Y53.032 E.23515
G1 X36.767 Y52.215 E.03843
G1 X33.233 Y55.749 E.23515
G1 X33.233 Y54.932 E.03843
G1 X36.767 Y51.399 E.23515
G1 X36.767 Y50.582 E.03843
G1 X33.233 Y54.115 E.23515
G1 X33.233 Y53.299 E.03843
G1 X36.767 Y49.765 E.23515
G1 X36.767 Y48.949 E.03843
G1 X33.233 Y52.482 E.23515
G1 X33.233 Y51.665 E.03843
G1 X36.767 Y48.132 E.23515
G1 X36.767 Y47.315 E.03843
G1 X33.233 Y50.849 E.23515
G1 X33.233 Y50.032 E.03843
G1 X36.767 Y46.498 E.23515
G1 X36.767 Y45.682 E.03843
G1 X33.233 Y49.215 E.23515
G1 X33.233 Y48.398 E.03843
G1 X36.767 Y44.865 E.23515
G1 X36.767 Y44.048 E.03843
G1 X33.233 Y47.582 E.23515
G1 X33.233 Y46.765 E.03843
G1 X36.767 Y43.232 E.23515
G1 X36.767 Y42.415 E.03843
G1 X33.233 Y45.948 E.23515
G1 X33.233 Y45.132 E.03843
G1 X36.767 Y41.598 E.23515
G1 X36.767 Y40.782 E.03843
G1 X33.233 Y44.315 E.23515
G1 X33.233 Y43.498 E.03843
G1 X36.767 Y39.965 E.23515
G1 X36.767 Y39.148 E.03843
G1 X33.233 Y42.682 E.23515
G1 X33.233 Y41.865 E.03843
G1 X36.767 Y38.331 E.23515
G1 X36.767 Y37.515 E.03843
G1 X33.233 Y41.048 E.23515
G1 X33.233 Y40.231 E.03843
G1 X36.767 Y36.698 E.23515
G1 X36.767 Y35.881 E.03843
G1 X33.233 Y39.415 E.23515
G1 X33.233 Y38.598 E.03843
G1 X36.767 Y35.065 E.23515
G1 X36.767 Y34.248 E.03843
G1 X33.233 Y37.781 E.23515
G1 X33.233 Y36.965 E.03843
G1 X36.767 Y33.431 E.23515
G1 X36.767 Y32.615 E.03843
G1 X33.233 Y36.148 E.23515
G1 X33.233 Y35.331 E.03843
G1 X36.767 Y31.798 E.23515
G1 X36.767 Y30.981 E.03843
G1 X33.233 Y34.515 E.23515
G1 X33.233 Y33.698 E.03843
G1 X36.767 Y30.164 E.23515
G1 X36.767 Y29.348 E.03843
G1 X33.233 Y32.881 E.23515
G1 X33.233 Y32.064 E.03843
G1 X36.767 Y28.531 E.23515
G1 X36.767 Y27.714 E.03843
G1 X33.233 Y31.248 E.23515
G1 X33.233 Y30.431 E.03843
G1 X36.767 Y26.898 E.23515
G1 X36.767 Y26.081 E.03843
G1 X33.233 Y29.614 E.23515
G1 X33.233 Y28.798 E.03843
G1 X36.767 Y25.264 E.23515
G1 X36.767 Y24.448 E.03843
G1 X33.233 Y27.981 E.23515
G1 X33.233 Y27.164 E.03843
G1 X36.767 Y23.631 E.23515
G1 X36.767 Y22.814 E.03843
G1 X33.233 Y26.348 E.23515
G1 X33.233 Y25.531 E.03843
G1 X36.767 Y21.997 E.23515
G1 X36.767 Y21.181 E.03843
G1 X33.233 Y24.714 E.23515
G1 X33.233 Y23.897 E.03843
G1 X36.767 Y20.364 E.23515
G1 X36.767 Y19.547 E.03843
G1 X33.233 Y23.081 E.23515
G1 X33.233 Y22.264 E.03843
G1 X36.767 Y18.731 E.23515
G1 X36.767 Y17.914 E.03843
G1 X33.233 Y21.447 E.23515
G1 X33.233 Y20.631 E.03843
G1 X36.767 Y17.097 E.23515
G1 X36.767 Y16.281 E.03843
G1 X33.233 Y19.814 E.23515
G1 X33.233 Y18.997 E.03843
G1 X36.767 Y15.464 E.23515
G1 X36.767 Y14.647 E.03843
G1 X33.233 Y18.181 E.23515
G1 X33.233 Y17.364 E.03843
G1 X36.767 Y13.83 E.23515
G1 X36.767 Y13.014 E.03843
G1 X33.233 Y16.547 E.23515
G1 X33.233 Y15.73 E.03843
G1 X36.767 Y12.197 E.23515
G1 X36.767 Y11.38 E.03843
G1 X33.233 Y14.914 E.23515
G1 X33.233 Y14.097 E.03843
G1 X36.767 Y10.564 E.23515
G1 X36.767 Y9.747 E.03843
G1 X33.233 Y13.28 E.23515
G1 X33.233 Y12.464 E.03843
G1 X36.767 Y8.93 E.23515
G1 X36.767 Y8.114 E.03843
G1 X33.233 Y11.647 E.23515
G1 X33.233 Y10.83 E.03843
G1 X36.767 Y7.297 E.23515
G1 X36.767 Y6.48 E.03843
G1 X33.233 Y10.014 E.23515
G1 X33.233 Y9.197 E.03843
G1 X36.767 Y5.663 E.23515
G1 X36.767 Y4.847 E.03843
G1 X33.233 Y8.38 E.23515
G1 X33.233 Y7.563 E.03843
G1 X36.767 Y4.03 E.23515
G1 X36.767 Y3.213 E.03843
G1 X33.233 Y6.747 E.23515
G1 X33.233 Y5.93 E.03843
G1 X36.767 Y2.397 E.23515
G1 X36.767 Y1.58 E.03843
G1 X33.233 Y5.113 E.23515
G1 X33.233 Y4.297 E.03843
G1 X36.767 Y.763 E.23515
G1 X36.767 Y-.053 E.03843
G1 X33.233 Y3.48 E.23515
G1 X33.233 Y2.663 E.03843
G1 X36.767 Y-.87 E.23515
G1 X36.767 Y-1.687 E.03843
G1 X33.233 Y1.847 E.23515
G1 X33.233 Y1.03 E.03843
G1 X36.767 Y-2.504 E.23515
G1 X36.767 Y-3.32 E.03843
G1 X33.233 Y.213 E.23515
G1 X33.233 Y-.604 E.03843
G1 X36.767 Y-4.137 E.23515
G1 X36.767 Y-4.954 E.03843
G1 X33.233 Y-1.42 E.23515
G1 X33.233 Y-2.237 E.03843
G1 X36.767 Y-5.77 E.23515
M73 P16 R14
G1 X36.767 Y-6.587 E.03843
G1 X33.233 Y-3.054 E.23515
G1 X33.233 Y-3.87 E.03843
G1 X36.767 Y-7.404 E.23515
G1 X36.767 Y-8.22 E.03843
G1 X33.233 Y-4.687 E.23515
G1 X33.233 Y-5.504 E.03843
G1 X36.767 Y-9.037 E.23515
G1 X36.767 Y-9.854 E.03843
G1 X33.233 Y-6.32 E.23515
G1 X33.233 Y-7.137 E.03843
G1 X36.767 Y-10.671 E.23515
G1 X36.767 Y-11.487 E.03843
G1 X33.233 Y-7.954 E.23515
G1 X33.233 Y-8.771 E.03843
G1 X36.767 Y-12.304 E.23515
G1 X36.767 Y-13.121 E.03843
G1 X33.233 Y-9.587 E.23515
G1 X33.233 Y-10.404 E.03843
G1 X36.767 Y-13.937 E.23515
G1 X36.767 Y-14.754 E.03843
G1 X33.233 Y-11.221 E.23515
G1 X33.233 Y-12.037 E.03843
G1 X36.767 Y-15.571 E.23515
G1 X36.767 Y-16.387 E.03843
G1 X33.233 Y-12.854 E.23515
G1 X33.233 Y-13.671 E.03843
G1 X36.767 Y-17.204 E.23515
G1 X36.767 Y-18.021 E.03843
G1 X33.233 Y-14.487 E.23515
G1 X33.233 Y-15.304 E.03843
G1 X36.767 Y-18.838 E.23515
G1 X36.767 Y-19.654 E.03843
G1 X33.233 Y-16.121 E.23515
G1 X33.233 Y-16.938 E.03843
G1 X36.767 Y-20.471 E.23515
G1 X36.767 Y-21.288 E.03843
G1 X33.233 Y-17.754 E.23515
G1 X33.233 Y-18.571 E.03843
G1 X36.767 Y-22.104 E.23515
G1 X36.767 Y-22.921 E.03843
G1 X33.233 Y-19.388 E.23515
G1 X33.233 Y-20.204 E.03843
G1 X36.767 Y-23.738 E.23515
G1 X36.767 Y-24.554 E.03843
G1 X33.233 Y-21.021 E.23515
G1 X33.233 Y-21.838 E.03843
G1 X36.767 Y-25.371 E.23515
G1 X36.767 Y-26.188 E.03843
G1 X33.233 Y-22.654 E.23515
G1 X33.233 Y-23.471 E.03843
G1 X36.767 Y-27.005 E.23515
G1 X36.767 Y-27.821 E.03843
G1 X33.233 Y-24.288 E.23515
G1 X33.233 Y-25.105 E.03843
G1 X36.767 Y-28.638 E.23515
G1 X36.767 Y-29.455 E.03843
G1 X33.233 Y-25.921 E.23515
G1 X33.233 Y-26.738 E.03843
G1 X36.767 Y-30.271 E.23515
G1 X36.767 Y-31.088 E.03843
G1 X33.233 Y-27.555 E.23515
G1 X33.233 Y-28.371 E.03843
G1 X36.767 Y-31.905 E.23515
G1 X36.767 Y-32.721 E.03843
G1 X33.233 Y-29.188 E.23515
G1 X33.233 Y-30.005 E.03843
G1 X36.767 Y-33.538 E.23515
G1 X36.767 Y-34.355 E.03843
G1 X33.233 Y-30.821 E.23515
G1 X33.233 Y-31.638 E.03843
G1 X36.767 Y-35.171 E.23515
G1 X36.767 Y-35.988 E.03843
G1 X33.233 Y-32.455 E.23515
G1 X33.233 Y-33.272 E.03843
G1 X36.767 Y-36.805 E.23515
G1 X36.767 Y-37.622 E.03843
G1 X33.233 Y-34.088 E.23515
G1 X33.233 Y-34.905 E.03843
G1 X36.767 Y-38.438 E.23515
G1 X36.767 Y-39.255 E.03843
G1 X33.233 Y-35.722 E.23515
G1 X33.233 Y-36.538 E.03843
G1 X36.767 Y-40.072 E.23515
G1 X36.767 Y-40.888 E.03843
G1 X33.233 Y-37.355 E.23515
G1 X33.233 Y-38.172 E.03843
G1 X36.767 Y-41.705 E.23515
G1 X36.767 Y-42.522 E.03843
G1 X33.233 Y-38.988 E.23515
G1 X33.233 Y-39.805 E.03843
G1 X36.767 Y-43.338 E.23515
G1 X36.767 Y-44.155 E.03843
G1 X33.233 Y-40.622 E.23515
G1 X33.233 Y-41.439 E.03843
G1 X36.767 Y-44.972 E.23515
G1 X36.767 Y-45.789 E.03843
G1 X33.233 Y-42.255 E.23515
G1 X33.233 Y-43.072 E.03843
G1 X36.767 Y-46.605 E.23515
G1 X36.767 Y-47.422 E.03843
G1 X33.233 Y-43.889 E.23515
G1 X33.233 Y-44.705 E.03843
G1 X36.767 Y-48.239 E.23515
G1 X36.767 Y-49.055 E.03843
G1 X33.233 Y-45.522 E.23515
G1 X33.233 Y-46.339 E.03843
G1 X36.767 Y-49.872 E.23515
G1 X36.767 Y-50.689 E.03843
G1 X33.233 Y-47.155 E.23515
G1 X33.233 Y-47.972 E.03843
G1 X36.767 Y-51.505 E.23515
G1 X36.767 Y-52.322 E.03843
G1 X33.233 Y-48.789 E.23515
G1 X33.233 Y-49.606 E.03843
G1 X36.767 Y-53.139 E.23515
G1 X36.767 Y-53.956 E.03843
G1 X33.233 Y-50.422 E.23515
G1 X33.233 Y-51.239 E.03843
G1 X36.767 Y-54.772 E.23515
G1 X36.767 Y-55.589 E.03843
G1 X33.233 Y-52.056 E.23515
G1 X33.233 Y-52.872 E.03843
G1 X36.767 Y-56.406 E.23515
G1 X36.767 Y-57.222 E.03843
G1 X33.233 Y-53.689 E.23515
G1 X33.233 Y-54.506 E.03843
G1 X36.767 Y-58.039 E.23515
G1 X36.767 Y-58.856 E.03843
G1 X33.233 Y-55.322 E.23515
G1 X33.233 Y-56.139 E.03843
G1 X36.767 Y-59.672 E.23515
G1 X36.767 Y-60.489 E.03843
G1 X33.233 Y-56.956 E.23515
G1 X33.233 Y-57.773 E.03843
G1 X36.767 Y-61.306 E.23515
G1 X36.767 Y-62.123 E.03843
G1 X33.233 Y-58.589 E.23515
G1 X33.233 Y-59.406 E.03843
G1 X36.767 Y-62.939 E.23515
G1 X36.767 Y-63.756 E.03843
G1 X33.233 Y-60.223 E.23515
G1 X33.233 Y-61.039 E.03843
G1 X36.767 Y-64.573 E.23515
G1 X36.767 Y-65.389 E.03843
G1 X33.233 Y-61.856 E.23515
G1 X33.233 Y-62.673 E.03843
G1 X36.767 Y-66.206 E.23515
G1 X36.767 Y-67.023 E.03843
G1 X33.233 Y-63.489 E.23515
G1 X33.233 Y-64.306 E.03843
G1 X36.767 Y-67.839 E.23515
G1 X36.767 Y-68.656 E.03843
G1 X33.233 Y-65.123 E.23515
G1 X33.233 Y-65.94 E.03843
G1 X36.767 Y-69.473 E.23515
G1 X36.767 Y-70.29 E.03843
G1 X33.233 Y-66.756 E.23515
G1 X33.233 Y-67.573 E.03843
G1 X36.767 Y-71.106 E.23515
G1 X36.767 Y-71.923 E.03843
G1 X33.233 Y-68.39 E.23515
G1 X33.233 Y-69.206 E.03843
G1 X36.767 Y-72.74 E.23515
G1 X36.767 Y-73.556 E.03843
G1 X33.233 Y-70.023 E.23515
G1 X33.233 Y-70.84 E.03843
G1 X36.767 Y-74.373 E.23515
G1 X36.767 Y-75.19 E.03843
G1 X33.233 Y-71.656 E.23515
G1 X33.233 Y-72.473 E.03843
G1 X36.767 Y-76.006 E.23515
G1 X36.767 Y-76.823 E.03843
G1 X33.233 Y-73.29 E.23515
G1 X33.233 Y-74.107 E.03843
G1 X36.767 Y-77.64 E.23515
G1 X36.767 Y-77.767 E.00597
G1 X36.077 Y-77.767 E.03247
G1 X33.233 Y-74.923 E.18923
G1 X33.233 Y-75.74 E.03843
G1 X35.26 Y-77.767 E.13488
G1 X34.443 Y-77.767 E.03843
G1 X33.233 Y-76.557 E.08053
G1 X33.233 Y-77.373 E.03843
G1 X33.886 Y-78.026 E.04346
SET_VELOCITY_LIMIT ACCEL=10000
G1 X32.342 Y72.974 F30000
SET_VELOCITY_LIMIT ACCEL=7000
G1 F9000
G1 X27.549 Y77.767 E.31898
G1 X26.733 Y77.767 E.03843
G1 X31.266 Y73.233 E.3017
G1 X30.449 Y73.233 E.03843
G1 X25.916 Y77.767 E.3017
G1 X25.099 Y77.767 E.03843
G1 X29.633 Y73.233 E.3017
G1 X28.816 Y73.233 E.03843
G1 X24.283 Y77.767 E.3017
G1 X23.466 Y77.767 E.03843
G1 X27.999 Y73.233 E.3017
G1 X27.183 Y73.233 E.03843
G1 X22.649 Y77.767 E.3017
G1 X21.832 Y77.767 E.03843
G1 X26.366 Y73.233 E.3017
G1 X25.549 Y73.233 E.03843
G1 X21.016 Y77.767 E.3017
G1 X20.199 Y77.767 E.03843
G1 X24.732 Y73.233 E.3017
G1 X23.916 Y73.233 E.03843
G1 X19.382 Y77.767 E.3017
G1 X18.566 Y77.767 E.03843
G1 X23.099 Y73.233 E.3017
G1 X22.282 Y73.233 E.03843
G1 X17.749 Y77.767 E.3017
G1 X16.932 Y77.767 E.03843
G1 X21.466 Y73.233 E.3017
G1 X20.649 Y73.233 E.03843
G1 X16.116 Y77.767 E.3017
G1 X15.299 Y77.767 E.03843
G1 X19.832 Y73.233 E.3017
G1 X19.016 Y73.233 E.03843
G1 X14.482 Y77.767 E.3017
G1 X13.665 Y77.767 E.03843
G1 X18.199 Y73.233 E.3017
G1 X17.382 Y73.233 E.03843
G1 X12.849 Y77.767 E.3017
G1 X12.032 Y77.767 E.03843
G1 X16.565 Y73.233 E.3017
G1 X15.749 Y73.233 E.03843
G1 X11.215 Y77.767 E.3017
G1 X10.399 Y77.767 E.03843
G1 X14.932 Y73.233 E.3017
G1 X14.115 Y73.233 E.03843
G1 X9.582 Y77.767 E.3017
G1 X8.765 Y77.767 E.03843
G1 X13.299 Y73.233 E.3017
G1 X12.482 Y73.233 E.03843
G1 X7.949 Y77.767 E.3017
G1 X7.132 Y77.767 E.03843
G1 X11.665 Y73.233 E.3017
G1 X10.849 Y73.233 E.03843
G1 X6.315 Y77.767 E.3017
G1 X5.498 Y77.767 E.03843
G1 X10.032 Y73.233 E.3017
G1 X9.215 Y73.233 E.03843
G1 X4.682 Y77.767 E.3017
G1 X3.865 Y77.767 E.03843
G1 X8.398 Y73.233 E.3017
G1 X7.582 Y73.233 E.03843
G1 X3.048 Y77.767 E.3017
G1 X2.232 Y77.767 E.03843
G1 X6.765 Y73.233 E.3017
G1 X5.948 Y73.233 E.03843
G1 X1.415 Y77.767 E.3017
G1 X.598 Y77.767 E.03843
G1 X5.132 Y73.233 E.3017
G1 X4.315 Y73.233 E.03843
G1 X-.218 Y77.767 E.3017
G1 X-1.035 Y77.767 E.03843
G1 X3.498 Y73.233 E.3017
G1 X2.682 Y73.233 E.03843
G1 X-1.852 Y77.767 E.3017
G1 X-2.669 Y77.767 E.03843
G1 X1.865 Y73.233 E.3017
G1 X1.048 Y73.233 E.03843
G1 X-3.485 Y77.767 E.3017
G1 X-4.302 Y77.767 E.03843
G1 X.231 Y73.233 E.3017
G1 X-.585 Y73.233 E.03843
G1 X-5.119 Y77.767 E.3017
G1 X-5.935 Y77.767 E.03843
G1 X-1.402 Y73.233 E.3017
G1 X-2.219 Y73.233 E.03843
G1 X-6.752 Y77.767 E.3017
G1 X-7.569 Y77.767 E.03843
M73 P17 R14
G1 X-3.035 Y73.233 E.3017
G1 X-3.852 Y73.233 E.03843
G1 X-8.385 Y77.767 E.3017
G1 X-9.202 Y77.767 E.03843
G1 X-4.669 Y73.233 E.3017
G1 X-5.485 Y73.233 E.03843
G1 X-10.019 Y77.767 E.3017
G1 X-10.836 Y77.767 E.03843
G1 X-6.302 Y73.233 E.3017
G1 X-7.119 Y73.233 E.03843
G1 X-11.652 Y77.767 E.3017
G1 X-12.469 Y77.767 E.03843
G1 X-7.936 Y73.233 E.3017
G1 X-8.752 Y73.233 E.03843
G1 X-13.286 Y77.767 E.3017
G1 X-14.102 Y77.767 E.03843
G1 X-9.569 Y73.233 E.3017
G1 X-10.386 Y73.233 E.03843
G1 X-14.919 Y77.767 E.3017
G1 X-15.736 Y77.767 E.03843
G1 X-11.202 Y73.233 E.3017
G1 X-12.019 Y73.233 E.03843
G1 X-16.552 Y77.767 E.3017
G1 X-17.369 Y77.767 E.03843
G1 X-12.836 Y73.233 E.3017
G1 X-13.652 Y73.233 E.03843
G1 X-18.186 Y77.767 E.3017
G1 X-19.003 Y77.767 E.03843
G1 X-14.469 Y73.233 E.3017
G1 X-15.286 Y73.233 E.03843
G1 X-19.819 Y77.767 E.3017
G1 X-20.636 Y77.767 E.03843
G1 X-16.103 Y73.233 E.3017
G1 X-16.919 Y73.233 E.03843
G1 X-21.453 Y77.767 E.3017
G1 X-22.269 Y77.767 E.03843
G1 X-17.736 Y73.233 E.3017
G1 X-18.553 Y73.233 E.03843
G1 X-23.086 Y77.767 E.3017
G1 X-23.903 Y77.767 E.03843
G1 X-19.369 Y73.233 E.3017
G1 X-20.186 Y73.233 E.03843
G1 X-24.719 Y77.767 E.3017
G1 X-25.536 Y77.767 E.03843
G1 X-21.003 Y73.233 E.3017
G1 X-21.819 Y73.233 E.03843
G1 X-26.353 Y77.767 E.3017
G1 X-27.17 Y77.767 E.03843
G1 X-22.636 Y73.233 E.3017
G1 X-23.453 Y73.233 E.03843
G1 X-27.986 Y77.767 E.3017
G1 X-28.803 Y77.767 E.03843
G1 X-24.27 Y73.233 E.3017
G1 X-25.086 Y73.233 E.03843
G1 X-29.62 Y77.767 E.3017
G1 X-30.436 Y77.767 E.03843
G1 X-25.903 Y73.233 E.3017
G1 X-26.72 Y73.233 E.03843
G1 X-31.253 Y77.767 E.3017
G1 X-32.07 Y77.767 E.03843
G1 X-27.536 Y73.233 E.3017
G1 X-28.353 Y73.233 E.03843
G1 X-32.886 Y77.767 E.3017
G1 X-33.703 Y77.767 E.03843
G1 X-29.17 Y73.233 E.3017
G1 X-29.986 Y73.233 E.03843
G1 X-34.52 Y77.767 E.3017
G1 X-35.337 Y77.767 E.03843
G1 X-30.803 Y73.233 E.3017
G1 X-31.62 Y73.233 E.03843
G1 X-36.153 Y77.767 E.3017
G1 X-36.767 Y77.767 E.02887
G1 X-36.767 Y77.563 E.00957
G1 X-32.437 Y73.233 E.28817
G1 X-33.233 Y73.233 E.03749
G1 X-33.233 Y73.213 E.00094
G1 X-36.767 Y76.747 E.23515
G1 X-36.767 Y75.93 E.03843
G1 X-33.233 Y72.397 E.23515
G1 X-33.233 Y71.58 E.03843
G1 X-36.767 Y75.113 E.23515
G1 X-36.767 Y74.297 E.03843
G1 X-33.233 Y70.763 E.23515
G1 X-33.233 Y69.947 E.03843
G1 X-36.767 Y73.48 E.23515
G1 X-36.767 Y72.663 E.03843
G1 X-33.233 Y69.13 E.23515
G1 X-33.233 Y68.313 E.03843
G1 X-36.767 Y71.847 E.23515
G1 X-36.767 Y71.03 E.03843
G1 X-33.233 Y67.496 E.23515
G1 X-33.233 Y66.68 E.03843
G1 X-36.767 Y70.213 E.23515
G1 X-36.767 Y69.396 E.03843
G1 X-33.233 Y65.863 E.23515
G1 X-33.233 Y65.046 E.03843
G1 X-36.767 Y68.58 E.23515
G1 X-36.767 Y67.763 E.03843
G1 X-33.233 Y64.23 E.23515
G1 X-33.233 Y63.413 E.03843
G1 X-36.767 Y66.946 E.23515
G1 X-36.767 Y66.13 E.03843
G1 X-33.233 Y62.596 E.23515
G1 X-33.233 Y61.78 E.03843
G1 X-36.767 Y65.313 E.23515
G1 X-36.767 Y64.496 E.03843
G1 X-33.233 Y60.963 E.23515
G1 X-33.233 Y60.146 E.03843
G1 X-36.767 Y63.68 E.23515
G1 X-36.767 Y62.863 E.03843
G1 X-33.233 Y59.329 E.23515
G1 X-33.233 Y58.513 E.03843
G1 X-36.767 Y62.046 E.23515
G1 X-36.767 Y61.229 E.03843
G1 X-33.233 Y57.696 E.23515
G1 X-33.233 Y56.879 E.03843
G1 X-36.767 Y60.413 E.23515
G1 X-36.767 Y59.596 E.03843
G1 X-33.233 Y56.063 E.23515
G1 X-33.233 Y55.246 E.03843
G1 X-36.767 Y58.779 E.23515
G1 X-36.767 Y57.963 E.03843
G1 X-33.233 Y54.429 E.23515
G1 X-33.233 Y53.613 E.03843
G1 X-36.767 Y57.146 E.23515
G1 X-36.767 Y56.329 E.03843
G1 X-33.233 Y52.796 E.23515
G1 X-33.233 Y51.979 E.03843
G1 X-36.767 Y55.513 E.23515
G1 X-36.767 Y54.696 E.03843
G1 X-33.233 Y51.162 E.23515
G1 X-33.233 Y50.346 E.03843
G1 X-36.767 Y53.879 E.23515
G1 X-36.767 Y53.062 E.03843
G1 X-33.233 Y49.529 E.23515
G1 X-33.233 Y48.712 E.03843
G1 X-36.767 Y52.246 E.23515
G1 X-36.767 Y51.429 E.03843
G1 X-33.233 Y47.896 E.23515
G1 X-33.233 Y47.079 E.03843
G1 X-36.767 Y50.612 E.23515
G1 X-36.767 Y49.796 E.03843
G1 X-33.233 Y46.262 E.23515
G1 X-33.233 Y45.446 E.03843
G1 X-36.767 Y48.979 E.23515
G1 X-36.767 Y48.162 E.03843
G1 X-33.233 Y44.629 E.23515
G1 X-33.233 Y43.812 E.03843
G1 X-36.767 Y47.346 E.23515
G1 X-36.767 Y46.529 E.03843
G1 X-33.233 Y42.995 E.23515
G1 X-33.233 Y42.179 E.03843
G1 X-36.767 Y45.712 E.23515
G1 X-36.767 Y44.895 E.03843
G1 X-33.233 Y41.362 E.23515
G1 X-33.233 Y40.545 E.03843
G1 X-36.767 Y44.079 E.23515
G1 X-36.767 Y43.262 E.03843
G1 X-33.233 Y39.729 E.23515
G1 X-33.233 Y38.912 E.03843
G1 X-36.767 Y42.445 E.23515
G1 X-36.767 Y41.629 E.03843
G1 X-33.233 Y38.095 E.23515
G1 X-33.233 Y37.279 E.03843
G1 X-36.767 Y40.812 E.23515
G1 X-36.767 Y39.995 E.03843
G1 X-33.233 Y36.462 E.23515
G1 X-33.233 Y35.645 E.03843
G1 X-36.767 Y39.179 E.23515
G1 X-36.767 Y38.362 E.03843
G1 X-33.233 Y34.828 E.23515
G1 X-33.233 Y34.012 E.03843
G1 X-36.767 Y37.545 E.23515
G1 X-36.767 Y36.728 E.03843
G1 X-33.233 Y33.195 E.23515
G1 X-33.233 Y32.378 E.03843
G1 X-36.767 Y35.912 E.23515
G1 X-36.767 Y35.095 E.03843
G1 X-33.233 Y31.562 E.23515
G1 X-33.233 Y30.745 E.03843
G1 X-36.767 Y34.278 E.23515
G1 X-36.767 Y33.462 E.03843
G1 X-33.233 Y29.928 E.23515
G1 X-33.233 Y29.112 E.03843
G1 X-36.767 Y32.645 E.23515
G1 X-36.767 Y31.828 E.03843
G1 X-33.233 Y28.295 E.23515
G1 X-33.233 Y27.478 E.03843
G1 X-36.767 Y31.012 E.23515
G1 X-36.767 Y30.195 E.03843
G1 X-33.233 Y26.661 E.23515
G1 X-33.233 Y25.845 E.03843
G1 X-36.767 Y29.378 E.23515
G1 X-36.767 Y28.561 E.03843
G1 X-33.233 Y25.028 E.23515
G1 X-33.233 Y24.211 E.03843
G1 X-36.767 Y27.745 E.23515
G1 X-36.767 Y26.928 E.03843
G1 X-33.233 Y23.395 E.23515
G1 X-33.233 Y22.578 E.03843
G1 X-36.767 Y26.111 E.23515
G1 X-36.767 Y25.295 E.03843
G1 X-33.233 Y21.761 E.23515
G1 X-33.233 Y20.945 E.03843
G1 X-36.767 Y24.478 E.23515
G1 X-36.767 Y23.661 E.03843
G1 X-33.233 Y20.128 E.23515
G1 X-33.233 Y19.311 E.03843
G1 X-36.767 Y22.845 E.23515
G1 X-36.767 Y22.028 E.03843
G1 X-33.233 Y18.494 E.23515
G1 X-33.233 Y17.678 E.03843
G1 X-36.767 Y21.211 E.23515
G1 X-36.767 Y20.394 E.03843
G1 X-33.233 Y16.861 E.23515
G1 X-33.233 Y16.044 E.03843
G1 X-36.767 Y19.578 E.23515
G1 X-36.767 Y18.761 E.03843
G1 X-33.233 Y15.228 E.23515
G1 X-33.233 Y14.411 E.03843
G1 X-36.767 Y17.944 E.23515
G1 X-36.767 Y17.128 E.03843
G1 X-33.233 Y13.594 E.23515
G1 X-33.233 Y12.778 E.03843
G1 X-36.767 Y16.311 E.23515
G1 X-36.767 Y15.494 E.03843
G1 X-33.233 Y11.961 E.23515
G1 X-33.233 Y11.144 E.03843
G1 X-36.767 Y14.678 E.23515
G1 X-36.767 Y13.861 E.03843
G1 X-33.233 Y10.327 E.23515
G1 X-33.233 Y9.511 E.03843
G1 X-36.767 Y13.044 E.23515
G1 X-36.767 Y12.227 E.03843
G1 X-33.233 Y8.694 E.23515
G1 X-33.233 Y7.877 E.03843
G1 X-36.767 Y11.411 E.23515
G1 X-36.767 Y10.594 E.03843
G1 X-33.233 Y7.061 E.23515
G1 X-33.233 Y6.244 E.03843
G1 X-36.767 Y9.777 E.23515
G1 X-36.767 Y8.961 E.03843
G1 X-33.233 Y5.427 E.23515
G1 X-33.233 Y4.611 E.03843
G1 X-36.767 Y8.144 E.23515
G1 X-36.767 Y7.327 E.03843
G1 X-33.233 Y3.794 E.23515
G1 X-33.233 Y2.977 E.03843
G1 X-36.767 Y6.511 E.23515
G1 X-36.767 Y5.694 E.03843
G1 X-33.233 Y2.16 E.23515
G1 X-33.233 Y1.344 E.03843
G1 X-36.767 Y4.877 E.23515
G1 X-36.767 Y4.06 E.03843
G1 X-33.233 Y.527 E.23515
G1 X-33.233 Y-.29 E.03843
G1 X-36.767 Y3.244 E.23515
G1 X-36.767 Y2.427 E.03843
G1 X-33.233 Y-1.106 E.23515
G1 X-33.233 Y-1.923 E.03843
G1 X-36.767 Y1.61 E.23515
G1 X-36.767 Y.794 E.03843
G1 X-33.233 Y-2.74 E.23515
G1 X-33.233 Y-3.556 E.03843
G1 X-36.767 Y-.023 E.23515
G1 X-36.767 Y-.84 E.03843
G1 X-33.233 Y-4.373 E.23515
G1 X-33.233 Y-5.19 E.03843
G1 X-36.767 Y-1.656 E.23515
G1 X-36.767 Y-2.473 E.03843
G1 X-33.233 Y-6.007 E.23515
G1 X-33.233 Y-6.823 E.03843
G1 X-36.767 Y-3.29 E.23515
G1 X-36.767 Y-4.107 E.03843
G1 X-33.233 Y-7.64 E.23515
G1 X-33.233 Y-8.457 E.03843
G1 X-36.767 Y-4.923 E.23515
G1 X-36.767 Y-5.74 E.03843
G1 X-33.233 Y-9.273 E.23515
G1 X-33.233 Y-10.09 E.03843
G1 X-36.767 Y-6.557 E.23515
G1 X-36.767 Y-7.373 E.03843
M73 P18 R14
G1 X-33.233 Y-10.907 E.23515
G1 X-33.233 Y-11.723 E.03843
G1 X-36.767 Y-8.19 E.23515
G1 X-36.767 Y-9.007 E.03843
G1 X-33.233 Y-12.54 E.23515
G1 X-33.233 Y-13.357 E.03843
G1 X-36.767 Y-9.823 E.23515
G1 X-36.767 Y-10.64 E.03843
G1 X-33.233 Y-14.173 E.23515
G1 X-33.233 Y-14.99 E.03843
G1 X-36.767 Y-11.457 E.23515
G1 X-36.767 Y-12.274 E.03843
G1 X-33.233 Y-15.807 E.23515
G1 X-33.233 Y-16.624 E.03843
G1 X-36.767 Y-13.09 E.23515
G1 X-36.767 Y-13.907 E.03843
G1 X-33.233 Y-17.44 E.23515
G1 X-33.233 Y-18.257 E.03843
G1 X-36.767 Y-14.724 E.23515
G1 X-36.767 Y-15.54 E.03843
G1 X-33.233 Y-19.074 E.23515
G1 X-33.233 Y-19.89 E.03843
G1 X-36.767 Y-16.357 E.23515
G1 X-36.767 Y-17.174 E.03843
G1 X-33.233 Y-20.707 E.23515
G1 X-33.233 Y-21.524 E.03843
G1 X-36.767 Y-17.99 E.23515
G1 X-36.767 Y-18.807 E.03843
G1 X-33.233 Y-22.34 E.23515
G1 X-33.233 Y-23.157 E.03843
G1 X-36.767 Y-19.624 E.23515
G1 X-36.767 Y-20.441 E.03843
G1 X-33.233 Y-23.974 E.23515
G1 X-33.233 Y-24.791 E.03843
G1 X-36.767 Y-21.257 E.23515
G1 X-36.767 Y-22.074 E.03843
G1 X-33.233 Y-25.607 E.23515
G1 X-33.233 Y-26.424 E.03843
G1 X-36.767 Y-22.891 E.23515
G1 X-36.767 Y-23.707 E.03843
G1 X-33.233 Y-27.241 E.23515
G1 X-33.233 Y-28.057 E.03843
G1 X-36.767 Y-24.524 E.23515
G1 X-36.767 Y-25.341 E.03843
G1 X-33.233 Y-28.874 E.23515
G1 X-33.233 Y-29.691 E.03843
G1 X-36.767 Y-26.157 E.23515
G1 X-36.767 Y-26.974 E.03843
G1 X-33.233 Y-30.507 E.23515
G1 X-33.233 Y-31.324 E.03843
G1 X-36.767 Y-27.791 E.23515
G1 X-36.767 Y-28.608 E.03843
G1 X-33.233 Y-32.141 E.23515
G1 X-33.233 Y-32.958 E.03843
G1 X-36.767 Y-29.424 E.23515
G1 X-36.767 Y-30.241 E.03843
G1 X-33.233 Y-33.774 E.23515
G1 X-33.233 Y-34.591 E.03843
G1 X-36.767 Y-31.058 E.23515
G1 X-36.767 Y-31.874 E.03843
G1 X-33.233 Y-35.408 E.23515
G1 X-33.233 Y-36.224 E.03843
G1 X-36.767 Y-32.691 E.23515
G1 X-36.767 Y-33.508 E.03843
G1 X-33.233 Y-37.041 E.23515
G1 X-33.233 Y-37.858 E.03843
G1 X-36.767 Y-34.324 E.23515
G1 X-36.767 Y-35.141 E.03843
G1 X-33.233 Y-38.674 E.23515
G1 X-33.233 Y-39.491 E.03843
G1 X-36.767 Y-35.958 E.23515
G1 X-36.767 Y-36.775 E.03843
G1 X-33.233 Y-40.308 E.23515
G1 X-33.233 Y-41.125 E.03843
G1 X-36.767 Y-37.591 E.23515
G1 X-36.767 Y-38.408 E.03843
G1 X-33.233 Y-41.941 E.23515
G1 X-33.233 Y-42.758 E.03843
G1 X-36.767 Y-39.225 E.23515
G1 X-36.767 Y-40.041 E.03843
G1 X-33.233 Y-43.575 E.23515
G1 X-33.233 Y-44.391 E.03843
G1 X-36.767 Y-40.858 E.23515
G1 X-36.767 Y-41.675 E.03843
G1 X-33.233 Y-45.208 E.23515
G1 X-33.233 Y-46.025 E.03843
G1 X-36.767 Y-42.491 E.23515
G1 X-36.767 Y-43.308 E.03843
G1 X-33.233 Y-46.841 E.23515
G1 X-33.233 Y-47.658 E.03843
G1 X-36.767 Y-44.125 E.23515
G1 X-36.767 Y-44.942 E.03843
G1 X-33.233 Y-48.475 E.23515
G1 X-33.233 Y-49.292 E.03843
G1 X-36.767 Y-45.758 E.23515
G1 X-36.767 Y-46.575 E.03843
G1 X-33.233 Y-50.108 E.23515
G1 X-33.233 Y-50.925 E.03843
G1 X-36.767 Y-47.392 E.23515
G1 X-36.767 Y-48.208 E.03843
G1 X-33.233 Y-51.742 E.23515
G1 X-33.233 Y-52.558 E.03843
G1 X-36.767 Y-49.025 E.23515
G1 X-36.767 Y-49.842 E.03843
G1 X-33.233 Y-53.375 E.23515
G1 X-33.233 Y-54.192 E.03843
G1 X-36.767 Y-50.658 E.23515
G1 X-36.767 Y-51.475 E.03843
G1 X-33.233 Y-55.008 E.23515
G1 X-33.233 Y-55.825 E.03843
G1 X-36.767 Y-52.292 E.23515
G1 X-36.767 Y-53.109 E.03843
G1 X-33.233 Y-56.642 E.23515
G1 X-33.233 Y-57.459 E.03843
G1 X-36.767 Y-53.925 E.23515
G1 X-36.767 Y-54.742 E.03843
G1 X-33.233 Y-58.275 E.23515
G1 X-33.233 Y-59.092 E.03843
G1 X-36.767 Y-55.559 E.23515
G1 X-36.767 Y-56.375 E.03843
G1 X-33.233 Y-59.909 E.23515
G1 X-33.233 Y-60.725 E.03843
G1 X-36.767 Y-57.192 E.23515
G1 X-36.767 Y-58.009 E.03843
G1 X-33.233 Y-61.542 E.23515
G1 X-33.233 Y-62.359 E.03843
G1 X-36.767 Y-58.825 E.23515
G1 X-36.767 Y-59.642 E.03843
G1 X-33.233 Y-63.175 E.23515
G1 X-33.233 Y-63.992 E.03843
G1 X-36.767 Y-60.459 E.23515
G1 X-36.767 Y-61.276 E.03843
G1 X-33.233 Y-64.809 E.23515
G1 X-33.233 Y-65.626 E.03843
G1 X-36.767 Y-62.092 E.23515
G1 X-36.767 Y-62.909 E.03843
G1 X-33.233 Y-66.442 E.23515
G1 X-33.233 Y-67.259 E.03843
G1 X-36.767 Y-63.726 E.23515
G1 X-36.767 Y-64.542 E.03843
G1 X-33.233 Y-68.076 E.23515
G1 X-33.233 Y-68.892 E.03843
G1 X-36.767 Y-65.359 E.23515
G1 X-36.767 Y-66.176 E.03843
G1 X-33.233 Y-69.709 E.23515
G1 X-33.233 Y-70.526 E.03843
G1 X-36.767 Y-66.992 E.23515
G1 X-36.767 Y-67.809 E.03843
G1 X-33.233 Y-71.342 E.23515
G1 X-33.233 Y-72.159 E.03843
G1 X-36.767 Y-68.626 E.23515
G1 X-36.767 Y-69.443 E.03843
G1 X-33.233 Y-72.976 E.23515
G1 X-33.233 Y-73.793 E.03843
G1 X-36.767 Y-70.259 E.23515
G1 X-36.767 Y-71.076 E.03843
G1 X-33.233 Y-74.609 E.23515
G1 X-33.233 Y-75.426 E.03843
G1 X-36.767 Y-71.893 E.23515
G1 X-36.767 Y-72.709 E.03843
G1 X-33.233 Y-76.243 E.23515
G1 X-33.233 Y-77.059 E.03843
G1 X-36.767 Y-73.526 E.23515
G1 X-36.767 Y-74.343 E.03843
G1 X-33.343 Y-77.767 E.22787
G1 X-34.159 Y-77.767 E.03843
G1 X-36.767 Y-75.159 E.17351
G1 X-36.767 Y-75.976 E.03843
G1 X-34.976 Y-77.767 E.11916
G1 X-35.793 Y-77.767 E.03843
G1 X-37.026 Y-76.533 E.08209
SET_VELOCITY_LIMIT ACCEL=10000
G1 X-36.569 Y-77.656 F30000
SET_VELOCITY_LIMIT ACCEL=7000
;WIDTH:0.55292
G1 F9000
G1 X-36.633 Y-77.656 E.00265
G1 X-36.665 Y-77.601 E.00265
G1 X-36.633 Y-77.546 E.00265
G1 X-36.569 Y-77.546 E.00265
G1 X-36.555 Y-77.57 E.00115
SET_VELOCITY_LIMIT ACCEL=10000
G1 E-1.2 F2100
;WIPE_START
G1 F9000
G1 X-36.569 Y-77.546
G1 X-36.633 Y-77.546
G1 X-36.665 Y-77.601
G1 X-36.633 Y-77.656
G1 X-36.569 Y-77.656
;WIPE_END
G1 X-33.301 Y-70.759 Z.8 F30000
G1 X36.582 Y76.754 Z.8
G1 Z.4
G1 E1.2 F2100
SET_VELOCITY_LIMIT ACCEL=7000
;WIDTH:0.527844
G1 F9000
G1 X35.754 Y77.582 E.04626
G1 X36.582 Y77.582 E.03271
G1 X36.582 Y76.79 E.03129
;LAYER_CHANGE
;Z:0.6
;HEIGHT:0.2
;BEFORE_LAYER_CHANGE
;0.6
G1 E-1.2 F2100
;WIPE_START
G1 F9000
G1 X36.582 Y77.582
G1 X35.754 Y77.582
G1 X36.023 Y77.313
;WIPE_END
;AFTER_LAYER_CHANGE
;0.6
;_SET_FAN_SPEED_CHANGING_LAYER
SET_VELOCITY_LIMIT ACCEL=10000
G17
G3 Z1 I.993 J-.704 P1  F30000
G1 X32.887 Y72.887 Z1
G1 Z.6
G1 E1.2 F2100
SET_VELOCITY_LIMIT ACCEL=5000
;TYPE:Inner wall
;WIDTH:0.62
G1 F9000
G1 X32.887 Y-78.113 E7.10073
G1 X37.113 Y-78.113 E.19872
G1 X37.113 Y78.113 E7.34647
G1 X-37.113 Y78.113 E3.49045
M73 P18 R13
G1 X-37.113 Y-78.113 E7.34647
G1 X-32.887 Y-78.113 E.19872
M73 P19 R13
G1 X-32.887 Y72.887 E7.10073
G1 X32.851 Y72.887 E3.09132
SET_VELOCITY_LIMIT ACCEL=10000
G1 X32.31 Y72.31 F30000
SET_VELOCITY_LIMIT ACCEL=5000
;TYPE:Outer wall
G1 F7200
G1 X32.31 Y-78.69 E7.10073
G1 X37.69 Y-78.69 E.25299
G1 X37.69 Y78.69 E7.40074
G1 X-37.69 Y78.69 E3.54472
G1 X-37.69 Y-78.69 E7.40074
G1 X-32.31 Y-78.69 E.25299
G1 X-32.31 Y72.31 E7.10073
G1 X32.274 Y72.31 E3.03704
SET_VELOCITY_LIMIT ACCEL=10000
G1 E-1.2 F2100
;WIPE_START
G1 F7200
G1 X32.274 Y70.31
;WIPE_END
G1 X24.684 Y71.108 Z1 F30000
G1 X-36.569 Y77.546 Z1
G1 Z.6
G1 E1.2 F2100
SET_VELOCITY_LIMIT ACCEL=7000
;TYPE:Internal solid infill
;WIDTH:0.55292
G1 F9000
G1 X-36.633 Y77.546 E.00265
G1 X-36.665 Y77.601 E.00265
G1 X-36.633 Y77.656 E.00265
G1 X-36.569 Y77.656 E.00265
G1 X-36.555 Y77.632 E.00115
SET_VELOCITY_LIMIT ACCEL=10000
G1 X-33.438 Y-77.589 F30000
SET_VELOCITY_LIMIT ACCEL=7000
;WIDTH:0.643482
G1 F9000
G1 X-33.513 Y-77.589 E.00367
G1 X-33.551 Y-77.524 E.00367
G1 X-33.513 Y-77.459 E.00367
G1 X-33.438 Y-77.459 E.00367
G1 X-33.419 Y-77.493 E.00191
SET_VELOCITY_LIMIT ACCEL=10000
G1 E-1.2 F2100
;WIPE_START
G1 F9000
G1 X-33.438 Y-77.459
G1 X-33.513 Y-77.459
G1 X-33.551 Y-77.524
G1 X-33.513 Y-77.589
G1 X-33.438 Y-77.589
;WIPE_END
G1 X-25.806 Y-77.638 Z1 F30000
G1 X34.64 Y-78.026 Z1
G1 Z.6
G1 E1.2 F2100
SET_VELOCITY_LIMIT ACCEL=7000
;WIDTH:0.620414
G1 F9000
G1 X36.767 Y-75.9 E.14153
G1 X36.767 Y-75.083 E.03843
G1 X34.083 Y-77.767 E.1786
G1 X33.266 Y-77.767 E.03843
G1 X36.767 Y-74.266 E.23295
G1 X36.767 Y-73.45 E.03843
G1 X33.233 Y-76.983 E.23515
G1 X33.233 Y-76.166 E.03843
G1 X36.767 Y-72.633 E.23515
G1 X36.767 Y-71.816 E.03843
G1 X33.233 Y-75.35 E.23515
G1 X33.233 Y-74.533 E.03843
G1 X36.767 Y-70.999 E.23515
G1 X36.767 Y-70.183 E.03843
G1 X33.233 Y-73.716 E.23515
G1 X33.233 Y-72.899 E.03843
M73 P20 R13
G1 X36.767 Y-69.366 E.23515
G1 X36.767 Y-68.549 E.03843
G1 X33.233 Y-72.083 E.23515
G1 X33.233 Y-71.266 E.03843
G1 X36.767 Y-67.733 E.23515
G1 X36.767 Y-66.916 E.03843
G1 X33.233 Y-70.449 E.23515
G1 X33.233 Y-69.633 E.03843
G1 X36.767 Y-66.099 E.23515
G1 X36.767 Y-65.283 E.03843
G1 X33.233 Y-68.816 E.23515
G1 X33.233 Y-67.999 E.03843
G1 X36.767 Y-64.466 E.23515
G1 X36.767 Y-63.649 E.03843
G1 X33.233 Y-67.183 E.23515
G1 X33.233 Y-66.366 E.03843
G1 X36.767 Y-62.832 E.23515
G1 X36.767 Y-62.016 E.03843
G1 X33.233 Y-65.549 E.23515
G1 X33.233 Y-64.732 E.03843
G1 X36.767 Y-61.199 E.23515
G1 X36.767 Y-60.382 E.03843
G1 X33.233 Y-63.916 E.23515
G1 X33.233 Y-63.099 E.03843
G1 X36.767 Y-59.566 E.23515
G1 X36.767 Y-58.749 E.03843
G1 X33.233 Y-62.282 E.23515
G1 X33.233 Y-61.466 E.03843
G1 X36.767 Y-57.932 E.23515
G1 X36.767 Y-57.116 E.03843
G1 X33.233 Y-60.649 E.23515
G1 X33.233 Y-59.832 E.03843
G1 X36.767 Y-56.299 E.23515
G1 X36.767 Y-55.482 E.03843
G1 X33.233 Y-59.016 E.23515
G1 X33.233 Y-58.199 E.03843
G1 X36.767 Y-54.665 E.23515
G1 X36.767 Y-53.849 E.03843
G1 X33.233 Y-57.382 E.23515
G1 X33.233 Y-56.565 E.03843
G1 X36.767 Y-53.032 E.23515
G1 X36.767 Y-52.215 E.03843
G1 X33.233 Y-55.749 E.23515
G1 X33.233 Y-54.932 E.03843
G1 X36.767 Y-51.399 E.23515
G1 X36.767 Y-50.582 E.03843
G1 X33.233 Y-54.115 E.23515
G1 X33.233 Y-53.299 E.03843
G1 X36.767 Y-49.765 E.23515
G1 X36.767 Y-48.949 E.03843
G1 X33.233 Y-52.482 E.23515
G1 X33.233 Y-51.665 E.03843
G1 X36.767 Y-48.132 E.23515
G1 X36.767 Y-47.315 E.03843
G1 X33.233 Y-50.849 E.23515
G1 X33.233 Y-50.032 E.03843
G1 X36.767 Y-46.498 E.23515
G1 X36.767 Y-45.682 E.03843
G1 X33.233 Y-49.215 E.23515
G1 X33.233 Y-48.398 E.03843
G1 X36.767 Y-44.865 E.23515
G1 X36.767 Y-44.048 E.03843
G1 X33.233 Y-47.582 E.23515
G1 X33.233 Y-46.765 E.03843
G1 X36.767 Y-43.232 E.23515
G1 X36.767 Y-42.415 E.03843
G1 X33.233 Y-45.948 E.23515
G1 X33.233 Y-45.132 E.03843
G1 X36.767 Y-41.598 E.23515
G1 X36.767 Y-40.782 E.03843
G1 X33.233 Y-44.315 E.23515
G1 X33.233 Y-43.498 E.03843
G1 X36.767 Y-39.965 E.23515
G1 X36.767 Y-39.148 E.03843
G1 X33.233 Y-42.682 E.23515
G1 X33.233 Y-41.865 E.03843
G1 X36.767 Y-38.331 E.23515
G1 X36.767 Y-37.515 E.03843
G1 X33.233 Y-41.048 E.23515
G1 X33.233 Y-40.231 E.03843
G1 X36.767 Y-36.698 E.23515
G1 X36.767 Y-35.881 E.03843
G1 X33.233 Y-39.415 E.23515
G1 X33.233 Y-38.598 E.03843
G1 X36.767 Y-35.065 E.23515
G1 X36.767 Y-34.248 E.03843
G1 X33.233 Y-37.781 E.23515
G1 X33.233 Y-36.965 E.03843
G1 X36.767 Y-33.431 E.23515
G1 X36.767 Y-32.615 E.03843
G1 X33.233 Y-36.148 E.23515
G1 X33.233 Y-35.331 E.03843
G1 X36.767 Y-31.798 E.23515
G1 X36.767 Y-30.981 E.03843
G1 X33.233 Y-34.515 E.23515
G1 X33.233 Y-33.698 E.03843
G1 X36.767 Y-30.164 E.23515
G1 X36.767 Y-29.348 E.03843
G1 X33.233 Y-32.881 E.23515
G1 X33.233 Y-32.064 E.03843
G1 X36.767 Y-28.531 E.23515
G1 X36.767 Y-27.714 E.03843
G1 X33.233 Y-31.248 E.23515
G1 X33.233 Y-30.431 E.03843
G1 X36.767 Y-26.898 E.23515
G1 X36.767 Y-26.081 E.03843
G1 X33.233 Y-29.614 E.23515
G1 X33.233 Y-28.798 E.03843
G1 X36.767 Y-25.264 E.23515
G1 X36.767 Y-24.448 E.03843
G1 X33.233 Y-27.981 E.23515
G1 X33.233 Y-27.164 E.03843
G1 X36.767 Y-23.631 E.23515
G1 X36.767 Y-22.814 E.03843
G1 X33.233 Y-26.348 E.23515
G1 X33.233 Y-25.531 E.03843
G1 X36.767 Y-21.997 E.23515
G1 X36.767 Y-21.181 E.03843
G1 X33.233 Y-24.714 E.23515
G1 X33.233 Y-23.897 E.03843
G1 X36.767 Y-20.364 E.23515
G1 X36.767 Y-19.547 E.03843
G1 X33.233 Y-23.081 E.23515
G1 X33.233 Y-22.264 E.03843
G1 X36.767 Y-18.731 E.23515
G1 X36.767 Y-17.914 E.03843
G1 X33.233 Y-21.447 E.23515
G1 X33.233 Y-20.631 E.03843
G1 X36.767 Y-17.097 E.23515
G1 X36.767 Y-16.281 E.03843
G1 X33.233 Y-19.814 E.23515
G1 X33.233 Y-18.997 E.03843
G1 X36.767 Y-15.464 E.23515
G1 X36.767 Y-14.647 E.03843
G1 X33.233 Y-18.181 E.23515
G1 X33.233 Y-17.364 E.03843
G1 X36.767 Y-13.83 E.23515
G1 X36.767 Y-13.014 E.03843
G1 X33.233 Y-16.547 E.23515
G1 X33.233 Y-15.73 E.03843
G1 X36.767 Y-12.197 E.23515
G1 X36.767 Y-11.38 E.03843
G1 X33.233 Y-14.914 E.23515
G1 X33.233 Y-14.097 E.03843
G1 X36.767 Y-10.564 E.23515
G1 X36.767 Y-9.747 E.03843
G1 X33.233 Y-13.28 E.23515
G1 X33.233 Y-12.464 E.03843
G1 X36.767 Y-8.93 E.23515
G1 X36.767 Y-8.114 E.03843
G1 X33.233 Y-11.647 E.23515
G1 X33.233 Y-10.83 E.03843
G1 X36.767 Y-7.297 E.23515
G1 X36.767 Y-6.48 E.03843
G1 X33.233 Y-10.014 E.23515
G1 X33.233 Y-9.197 E.03843
G1 X36.767 Y-5.663 E.23515
G1 X36.767 Y-4.847 E.03843
G1 X33.233 Y-8.38 E.23515
G1 X33.233 Y-7.563 E.03843
G1 X36.767 Y-4.03 E.23515
G1 X36.767 Y-3.213 E.03843
G1 X33.233 Y-6.747 E.23515
G1 X33.233 Y-5.93 E.03843
G1 X36.767 Y-2.397 E.23515
G1 X36.767 Y-1.58 E.03843
G1 X33.233 Y-5.113 E.23515
G1 X33.233 Y-4.297 E.03843
G1 X36.767 Y-.763 E.23515
G1 X36.767 Y.053 E.03843
G1 X33.233 Y-3.48 E.23515
G1 X33.233 Y-2.663 E.03843
G1 X36.767 Y.87 E.23515
G1 X36.767 Y1.687 E.03843
G1 X33.233 Y-1.847 E.23515
G1 X33.233 Y-1.03 E.03843
G1 X36.767 Y2.504 E.23515
G1 X36.767 Y3.32 E.03843
G1 X33.233 Y-.213 E.23515
G1 X33.233 Y.604 E.03843
G1 X36.767 Y4.137 E.23515
G1 X36.767 Y4.954 E.03843
G1 X33.233 Y1.42 E.23515
G1 X33.233 Y2.237 E.03843
G1 X36.767 Y5.77 E.23515
G1 X36.767 Y6.587 E.03843
G1 X33.233 Y3.054 E.23515
G1 X33.233 Y3.87 E.03843
G1 X36.767 Y7.404 E.23515
G1 X36.767 Y8.22 E.03843
G1 X33.233 Y4.687 E.23515
G1 X33.233 Y5.504 E.03843
G1 X36.767 Y9.037 E.23515
G1 X36.767 Y9.854 E.03843
G1 X33.233 Y6.32 E.23515
G1 X33.233 Y7.137 E.03843
G1 X36.767 Y10.671 E.23515
G1 X36.767 Y11.487 E.03843
G1 X33.233 Y7.954 E.23515
G1 X33.233 Y8.771 E.03843
G1 X36.767 Y12.304 E.23515
G1 X36.767 Y13.121 E.03843
G1 X33.233 Y9.587 E.23515
G1 X33.233 Y10.404 E.03843
G1 X36.767 Y13.937 E.23515
G1 X36.767 Y14.754 E.03843
G1 X33.233 Y11.221 E.23515
G1 X33.233 Y12.037 E.03843
G1 X36.767 Y15.571 E.23515
G1 X36.767 Y16.387 E.03843
G1 X33.233 Y12.854 E.23515
G1 X33.233 Y13.671 E.03843
G1 X36.767 Y17.204 E.23515
G1 X36.767 Y18.021 E.03843
G1 X33.233 Y14.487 E.23515
G1 X33.233 Y15.304 E.03843
G1 X36.767 Y18.838 E.23515
G1 X36.767 Y19.654 E.03843
G1 X33.233 Y16.121 E.23515
G1 X33.233 Y16.938 E.03843
G1 X36.767 Y20.471 E.23515
G1 X36.767 Y21.288 E.03843
G1 X33.233 Y17.754 E.23515
G1 X33.233 Y18.571 E.03843
G1 X36.767 Y22.104 E.23515
G1 X36.767 Y22.921 E.03843
G1 X33.233 Y19.388 E.23515
G1 X33.233 Y20.204 E.03843
G1 X36.767 Y23.738 E.23515
G1 X36.767 Y24.554 E.03843
G1 X33.233 Y21.021 E.23515
G1 X33.233 Y21.838 E.03843
G1 X36.767 Y25.371 E.23515
G1 X36.767 Y26.188 E.03843
G1 X33.233 Y22.654 E.23515
G1 X33.233 Y23.471 E.03843
G1 X36.767 Y27.005 E.23515
G1 X36.767 Y27.821 E.03843
G1 X33.233 Y24.288 E.23515
G1 X33.233 Y25.105 E.03843
G1 X36.767 Y28.638 E.23515
G1 X36.767 Y29.455 E.03843
G1 X33.233 Y25.921 E.23515
G1 X33.233 Y26.738 E.03843
G1 X36.767 Y30.271 E.23515
G1 X36.767 Y31.088 E.03843
G1 X33.233 Y27.555 E.23515
G1 X33.233 Y28.371 E.03843
G1 X36.767 Y31.905 E.23515
G1 X36.767 Y32.721 E.03843
G1 X33.233 Y29.188 E.23515
G1 X33.233 Y30.005 E.03843
G1 X36.767 Y33.538 E.23515
G1 X36.767 Y34.355 E.03843
G1 X33.233 Y30.821 E.23515
G1 X33.233 Y31.638 E.03843
G1 X36.767 Y35.172 E.23515
G1 X36.767 Y35.988 E.03843
G1 X33.233 Y32.455 E.23515
G1 X33.233 Y33.272 E.03843
G1 X36.767 Y36.805 E.23515
G1 X36.767 Y37.622 E.03843
G1 X33.233 Y34.088 E.23515
G1 X33.233 Y34.905 E.03843
G1 X36.767 Y38.438 E.23515
G1 X36.767 Y39.255 E.03843
G1 X33.233 Y35.722 E.23515
G1 X33.233 Y36.538 E.03843
G1 X36.767 Y40.072 E.23515
G1 X36.767 Y40.888 E.03843
G1 X33.233 Y37.355 E.23515
G1 X33.233 Y38.172 E.03843
G1 X36.767 Y41.705 E.23515
G1 X36.767 Y42.522 E.03843
G1 X33.233 Y38.988 E.23515
G1 X33.233 Y39.805 E.03843
G1 X36.767 Y43.339 E.23515
G1 X36.767 Y44.155 E.03843
G1 X33.233 Y40.622 E.23515
G1 X33.233 Y41.439 E.03843
G1 X36.767 Y44.972 E.23515
G1 X36.767 Y45.789 E.03843
G1 X33.233 Y42.255 E.23515
G1 X33.233 Y43.072 E.03843
G1 X36.767 Y46.605 E.23515
G1 X36.767 Y47.422 E.03843
G1 X33.233 Y43.889 E.23515
G1 X33.233 Y44.705 E.03843
G1 X36.767 Y48.239 E.23515
G1 X36.767 Y49.055 E.03843
M73 P21 R13
G1 X33.233 Y45.522 E.23515
G1 X33.233 Y46.339 E.03843
G1 X36.767 Y49.872 E.23515
G1 X36.767 Y50.689 E.03843
G1 X33.233 Y47.155 E.23515
G1 X33.233 Y47.972 E.03843
G1 X36.767 Y51.506 E.23515
G1 X36.767 Y52.322 E.03843
G1 X33.233 Y48.789 E.23515
G1 X33.233 Y49.606 E.03843
G1 X36.767 Y53.139 E.23515
G1 X36.767 Y53.956 E.03843
G1 X33.233 Y50.422 E.23515
G1 X33.233 Y51.239 E.03843
G1 X36.767 Y54.772 E.23515
G1 X36.767 Y55.589 E.03843
G1 X33.233 Y52.056 E.23515
G1 X33.233 Y52.872 E.03843
G1 X36.767 Y56.406 E.23515
G1 X36.767 Y57.222 E.03843
G1 X33.233 Y53.689 E.23515
G1 X33.233 Y54.506 E.03843
G1 X36.767 Y58.039 E.23515
G1 X36.767 Y58.856 E.03843
G1 X33.233 Y55.322 E.23515
G1 X33.233 Y56.139 E.03843
G1 X36.767 Y59.673 E.23515
G1 X36.767 Y60.489 E.03843
G1 X33.233 Y56.956 E.23515
G1 X33.233 Y57.773 E.03843
G1 X36.767 Y61.306 E.23515
G1 X36.767 Y62.123 E.03843
G1 X33.233 Y58.589 E.23515
G1 X33.233 Y59.406 E.03843
G1 X36.767 Y62.939 E.23515
G1 X36.767 Y63.756 E.03843
G1 X33.233 Y60.223 E.23515
G1 X33.233 Y61.039 E.03843
G1 X36.767 Y64.573 E.23515
G1 X36.767 Y65.389 E.03843
G1 X33.233 Y61.856 E.23515
G1 X33.233 Y62.673 E.03843
G1 X36.767 Y66.206 E.23515
G1 X36.767 Y67.023 E.03843
G1 X33.233 Y63.489 E.23515
G1 X33.233 Y64.306 E.03843
G1 X36.767 Y67.84 E.23515
G1 X36.767 Y68.656 E.03843
G1 X33.233 Y65.123 E.23515
G1 X33.233 Y65.94 E.03843
G1 X36.767 Y69.473 E.23515
G1 X36.767 Y70.29 E.03843
G1 X33.233 Y66.756 E.23515
G1 X33.233 Y67.573 E.03843
G1 X36.767 Y71.106 E.23515
G1 X36.767 Y71.923 E.03843
G1 X33.233 Y68.39 E.23515
G1 X33.233 Y69.206 E.03843
G1 X36.767 Y72.74 E.23515
G1 X36.767 Y73.556 E.03843
G1 X33.233 Y70.023 E.23515
G1 X33.233 Y70.84 E.03843
G1 X36.767 Y74.373 E.23515
G1 X36.767 Y75.19 E.03843
G1 X33.233 Y71.656 E.23515
G1 X33.233 Y72.473 E.03843
G1 X36.767 Y76.007 E.23515
G1 X36.767 Y76.823 E.03843
G1 X33.177 Y73.233 E.23891
G1 X32.36 Y73.233 E.03843
G1 X36.767 Y77.64 E.29326
G1 X36.767 Y77.767 E.00597
G1 X36.077 Y77.767 E.03247
G1 X31.543 Y73.233 E.3017
G1 X30.727 Y73.233 E.03843
G1 X35.26 Y77.767 E.3017
G1 X34.443 Y77.767 E.03843
G1 X29.91 Y73.233 E.3017
G1 X29.093 Y73.233 E.03843
G1 X33.627 Y77.767 E.3017
G1 X32.81 Y77.767 E.03843
G1 X28.277 Y73.233 E.3017
G1 X27.46 Y73.233 E.03843
G1 X31.993 Y77.767 E.3017
G1 X31.177 Y77.767 E.03843
G1 X26.643 Y73.233 E.3017
G1 X25.827 Y73.233 E.03843
G1 X30.36 Y77.767 E.3017
G1 X29.543 Y77.767 E.03843
G1 X25.01 Y73.233 E.3017
G1 X24.193 Y73.233 E.03843
G1 X28.726 Y77.767 E.3017
G1 X27.91 Y77.767 E.03843
G1 X23.376 Y73.233 E.3017
G1 X22.56 Y73.233 E.03843
G1 X27.093 Y77.767 E.3017
G1 X26.276 Y77.767 E.03843
G1 X21.743 Y73.233 E.3017
G1 X20.926 Y73.233 E.03843
G1 X25.46 Y77.767 E.3017
G1 X24.643 Y77.767 E.03843
G1 X20.11 Y73.233 E.3017
G1 X19.293 Y73.233 E.03843
G1 X23.826 Y77.767 E.3017
G1 X23.01 Y77.767 E.03843
G1 X18.476 Y73.233 E.3017
G1 X17.66 Y73.233 E.03843
G1 X22.193 Y77.767 E.3017
G1 X21.376 Y77.767 E.03843
G1 X16.843 Y73.233 E.3017
G1 X16.026 Y73.233 E.03843
G1 X20.559 Y77.767 E.3017
G1 X19.743 Y77.767 E.03843
G1 X15.209 Y73.233 E.3017
G1 X14.393 Y73.233 E.03843
G1 X18.926 Y77.767 E.3017
G1 X18.109 Y77.767 E.03843
G1 X13.576 Y73.233 E.3017
G1 X12.759 Y73.233 E.03843
G1 X17.293 Y77.767 E.3017
G1 X16.476 Y77.767 E.03843
G1 X11.943 Y73.233 E.3017
G1 X11.126 Y73.233 E.03843
G1 X15.659 Y77.767 E.3017
G1 X14.843 Y77.767 E.03843
G1 X10.309 Y73.233 E.3017
G1 X9.493 Y73.233 E.03843
G1 X14.026 Y77.767 E.3017
G1 X13.209 Y77.767 E.03843
G1 X8.676 Y73.233 E.3017
G1 X7.859 Y73.233 E.03843
G1 X12.392 Y77.767 E.3017
G1 X11.576 Y77.767 E.03843
G1 X7.042 Y73.233 E.3017
G1 X6.226 Y73.233 E.03843
G1 X10.759 Y77.767 E.3017
G1 X9.942 Y77.767 E.03843
G1 X5.409 Y73.233 E.3017
G1 X4.592 Y73.233 E.03843
G1 X9.126 Y77.767 E.3017
G1 X8.309 Y77.767 E.03843
G1 X3.776 Y73.233 E.3017
G1 X2.959 Y73.233 E.03843
G1 X7.492 Y77.767 E.3017
G1 X6.676 Y77.767 E.03843
G1 X2.142 Y73.233 E.3017
G1 X1.326 Y73.233 E.03843
G1 X5.859 Y77.767 E.3017
G1 X5.042 Y77.767 E.03843
G1 X.509 Y73.233 E.3017
G1 X-.308 Y73.233 E.03843
G1 X4.225 Y77.767 E.3017
G1 X3.409 Y77.767 E.03843
G1 X-1.125 Y73.233 E.3017
G1 X-1.941 Y73.233 E.03843
G1 X2.592 Y77.767 E.3017
G1 X1.775 Y77.767 E.03843
G1 X-2.758 Y73.233 E.3017
G1 X-3.575 Y73.233 E.03843
G1 X.959 Y77.767 E.3017
G1 X.142 Y77.767 E.03843
G1 X-4.391 Y73.233 E.3017
G1 X-5.208 Y73.233 E.03843
G1 X-.675 Y77.767 E.3017
G1 X-1.491 Y77.767 E.03843
G1 X-6.025 Y73.233 E.3017
G1 X-6.841 Y73.233 E.03843
G1 X-2.308 Y77.767 E.3017
G1 X-3.125 Y77.767 E.03843
G1 X-7.658 Y73.233 E.3017
G1 X-8.475 Y73.233 E.03843
G1 X-3.942 Y77.767 E.3017
G1 X-4.758 Y77.767 E.03843
G1 X-9.292 Y73.233 E.3017
G1 X-10.108 Y73.233 E.03843
G1 X-5.575 Y77.767 E.3017
G1 X-6.392 Y77.767 E.03843
G1 X-10.925 Y73.233 E.3017
G1 X-11.742 Y73.233 E.03843
G1 X-7.208 Y77.767 E.3017
G1 X-8.025 Y77.767 E.03843
G1 X-12.558 Y73.233 E.3017
G1 X-13.375 Y73.233 E.03843
G1 X-8.842 Y77.767 E.3017
G1 X-9.658 Y77.767 E.03843
G1 X-14.192 Y73.233 E.3017
G1 X-15.008 Y73.233 E.03843
G1 X-10.475 Y77.767 E.3017
G1 X-11.292 Y77.767 E.03843
G1 X-15.825 Y73.233 E.3017
G1 X-16.642 Y73.233 E.03843
G1 X-12.109 Y77.767 E.3017
G1 X-12.925 Y77.767 E.03843
G1 X-17.459 Y73.233 E.3017
G1 X-18.275 Y73.233 E.03843
G1 X-13.742 Y77.767 E.3017
G1 X-14.559 Y77.767 E.03843
G1 X-19.092 Y73.233 E.3017
G1 X-19.909 Y73.233 E.03843
G1 X-15.375 Y77.767 E.3017
G1 X-16.192 Y77.767 E.03843
G1 X-20.725 Y73.233 E.3017
G1 X-21.542 Y73.233 E.03843
G1 X-17.009 Y77.767 E.3017
G1 X-17.825 Y77.767 E.03843
G1 X-22.359 Y73.233 E.3017
G1 X-23.175 Y73.233 E.03843
G1 X-18.642 Y77.767 E.3017
G1 X-19.459 Y77.767 E.03843
G1 X-23.992 Y73.233 E.3017
G1 X-24.809 Y73.233 E.03843
G1 X-20.276 Y77.767 E.3017
G1 X-21.092 Y77.767 E.03843
G1 X-25.626 Y73.233 E.3017
G1 X-26.442 Y73.233 E.03843
G1 X-21.909 Y77.767 E.3017
G1 X-22.726 Y77.767 E.03843
G1 X-27.259 Y73.233 E.3017
G1 X-28.076 Y73.233 E.03843
G1 X-23.542 Y77.767 E.3017
G1 X-24.359 Y77.767 E.03843
G1 X-28.892 Y73.233 E.3017
G1 X-29.709 Y73.233 E.03843
G1 X-25.176 Y77.767 E.3017
G1 X-25.992 Y77.767 E.03843
G1 X-30.526 Y73.233 E.3017
G1 X-31.342 Y73.233 E.03843
G1 X-26.809 Y77.767 E.3017
G1 X-27.626 Y77.767 E.03843
G1 X-32.419 Y72.974 E.31898
SET_VELOCITY_LIMIT ACCEL=10000
G1 X-32.974 Y-76.22 F30000
SET_VELOCITY_LIMIT ACCEL=7000
G1 F9000
G1 X-34.52 Y-77.767 E.1029
G1 X-35.337 Y-77.767 E.03843
G1 X-33.233 Y-75.663 E.13997
G1 X-33.233 Y-74.847 E.03843
G1 X-36.153 Y-77.767 E.19432
G1 X-36.767 Y-77.767 E.02887
G1 X-36.767 Y-77.563 E.00956
G1 X-33.233 Y-74.03 E.23515
G1 X-33.233 Y-73.213 E.03843
G1 X-36.767 Y-76.747 E.23515
G1 X-36.767 Y-75.93 E.03843
G1 X-33.233 Y-72.397 E.23515
G1 X-33.233 Y-71.58 E.03843
G1 X-36.767 Y-75.113 E.23515
G1 X-36.767 Y-74.297 E.03843
G1 X-33.233 Y-70.763 E.23515
G1 X-33.233 Y-69.947 E.03843
G1 X-36.767 Y-73.48 E.23515
G1 X-36.767 Y-72.663 E.03843
G1 X-33.233 Y-69.13 E.23515
G1 X-33.233 Y-68.313 E.03843
G1 X-36.767 Y-71.847 E.23515
G1 X-36.767 Y-71.03 E.03843
G1 X-33.233 Y-67.496 E.23515
G1 X-33.233 Y-66.68 E.03843
G1 X-36.767 Y-70.213 E.23515
G1 X-36.767 Y-69.396 E.03843
G1 X-33.233 Y-65.863 E.23515
G1 X-33.233 Y-65.046 E.03843
G1 X-36.767 Y-68.58 E.23515
G1 X-36.767 Y-67.763 E.03843
M73 P22 R13
G1 X-33.233 Y-64.23 E.23515
G1 X-33.233 Y-63.413 E.03843
G1 X-36.767 Y-66.946 E.23515
G1 X-36.767 Y-66.13 E.03843
G1 X-33.233 Y-62.596 E.23515
G1 X-33.233 Y-61.78 E.03843
G1 X-36.767 Y-65.313 E.23515
G1 X-36.767 Y-64.496 E.03843
G1 X-33.233 Y-60.963 E.23515
G1 X-33.233 Y-60.146 E.03843
G1 X-36.767 Y-63.68 E.23515
G1 X-36.767 Y-62.863 E.03843
G1 X-33.233 Y-59.329 E.23515
G1 X-33.233 Y-58.513 E.03843
G1 X-36.767 Y-62.046 E.23515
G1 X-36.767 Y-61.229 E.03843
G1 X-33.233 Y-57.696 E.23515
G1 X-33.233 Y-56.879 E.03843
G1 X-36.767 Y-60.413 E.23515
G1 X-36.767 Y-59.596 E.03843
G1 X-33.233 Y-56.063 E.23515
G1 X-33.233 Y-55.246 E.03843
G1 X-36.767 Y-58.779 E.23515
G1 X-36.767 Y-57.963 E.03843
G1 X-33.233 Y-54.429 E.23515
G1 X-33.233 Y-53.613 E.03843
G1 X-36.767 Y-57.146 E.23515
G1 X-36.767 Y-56.329 E.03843
G1 X-33.233 Y-52.796 E.23515
G1 X-33.233 Y-51.979 E.03843
G1 X-36.767 Y-55.513 E.23515
G1 X-36.767 Y-54.696 E.03843
G1 X-33.233 Y-51.162 E.23515
G1 X-33.233 Y-50.346 E.03843
G1 X-36.767 Y-53.879 E.23515
G1 X-36.767 Y-53.062 E.03843
G1 X-33.233 Y-49.529 E.23515
G1 X-33.233 Y-48.712 E.03843
G1 X-36.767 Y-52.246 E.23515
G1 X-36.767 Y-51.429 E.03843
G1 X-33.233 Y-47.896 E.23515
G1 X-33.233 Y-47.079 E.03843
G1 X-36.767 Y-50.612 E.23515
G1 X-36.767 Y-49.796 E.03843
G1 X-33.233 Y-46.262 E.23515
G1 X-33.233 Y-45.446 E.03843
G1 X-36.767 Y-48.979 E.23515
G1 X-36.767 Y-48.162 E.03843
G1 X-33.233 Y-44.629 E.23515
G1 X-33.233 Y-43.812 E.03843
G1 X-36.767 Y-47.346 E.23515
G1 X-36.767 Y-46.529 E.03843
G1 X-33.233 Y-42.995 E.23515
G1 X-33.233 Y-42.179 E.03843
G1 X-36.767 Y-45.712 E.23515
G1 X-36.767 Y-44.895 E.03843
G1 X-33.233 Y-41.362 E.23515
G1 X-33.233 Y-40.545 E.03843
G1 X-36.767 Y-44.079 E.23515
G1 X-36.767 Y-43.262 E.03843
G1 X-33.233 Y-39.729 E.23515
G1 X-33.233 Y-38.912 E.03843
G1 X-36.767 Y-42.445 E.23515
G1 X-36.767 Y-41.629 E.03843
G1 X-33.233 Y-38.095 E.23515
G1 X-33.233 Y-37.279 E.03843
G1 X-36.767 Y-40.812 E.23515
G1 X-36.767 Y-39.995 E.03843
G1 X-33.233 Y-36.462 E.23515
G1 X-33.233 Y-35.645 E.03843
G1 X-36.767 Y-39.179 E.23515
G1 X-36.767 Y-38.362 E.03843
G1 X-33.233 Y-34.828 E.23515
G1 X-33.233 Y-34.012 E.03843
G1 X-36.767 Y-37.545 E.23515
G1 X-36.767 Y-36.728 E.03843
G1 X-33.233 Y-33.195 E.23515
G1 X-33.233 Y-32.378 E.03843
G1 X-36.767 Y-35.912 E.23515
G1 X-36.767 Y-35.095 E.03843
G1 X-33.233 Y-31.562 E.23515
G1 X-33.233 Y-30.745 E.03843
G1 X-36.767 Y-34.278 E.23515
G1 X-36.767 Y-33.462 E.03843
G1 X-33.233 Y-29.928 E.23515
G1 X-33.233 Y-29.112 E.03843
G1 X-36.767 Y-32.645 E.23515
G1 X-36.767 Y-31.828 E.03843
G1 X-33.233 Y-28.295 E.23515
G1 X-33.233 Y-27.478 E.03843
G1 X-36.767 Y-31.012 E.23515
G1 X-36.767 Y-30.195 E.03843
G1 X-33.233 Y-26.661 E.23515
G1 X-33.233 Y-25.845 E.03843
G1 X-36.767 Y-29.378 E.23515
G1 X-36.767 Y-28.561 E.03843
G1 X-33.233 Y-25.028 E.23515
G1 X-33.233 Y-24.211 E.03843
G1 X-36.767 Y-27.745 E.23515
G1 X-36.767 Y-26.928 E.03843
G1 X-33.233 Y-23.395 E.23515
G1 X-33.233 Y-22.578 E.03843
G1 X-36.767 Y-26.111 E.23515
G1 X-36.767 Y-25.295 E.03843
G1 X-33.233 Y-21.761 E.23515
G1 X-33.233 Y-20.945 E.03843
G1 X-36.767 Y-24.478 E.23515
G1 X-36.767 Y-23.661 E.03843
G1 X-33.233 Y-20.128 E.23515
G1 X-33.233 Y-19.311 E.03843
G1 X-36.767 Y-22.845 E.23515
G1 X-36.767 Y-22.028 E.03843
G1 X-33.233 Y-18.494 E.23515
G1 X-33.233 Y-17.678 E.03843
G1 X-36.767 Y-21.211 E.23515
G1 X-36.767 Y-20.394 E.03843
G1 X-33.233 Y-16.861 E.23515
G1 X-33.233 Y-16.044 E.03843
G1 X-36.767 Y-19.578 E.23515
G1 X-36.767 Y-18.761 E.03843
G1 X-33.233 Y-15.228 E.23515
G1 X-33.233 Y-14.411 E.03843
G1 X-36.767 Y-17.944 E.23515
G1 X-36.767 Y-17.128 E.03843
G1 X-33.233 Y-13.594 E.23515
G1 X-33.233 Y-12.778 E.03843
G1 X-36.767 Y-16.311 E.23515
G1 X-36.767 Y-15.494 E.03843
G1 X-33.233 Y-11.961 E.23515
G1 X-33.233 Y-11.144 E.03843
G1 X-36.767 Y-14.678 E.23515
G1 X-36.767 Y-13.861 E.03843
G1 X-33.233 Y-10.327 E.23515
G1 X-33.233 Y-9.511 E.03843
G1 X-36.767 Y-13.044 E.23515
G1 X-36.767 Y-12.227 E.03843
G1 X-33.233 Y-8.694 E.23515
G1 X-33.233 Y-7.877 E.03843
G1 X-36.767 Y-11.411 E.23515
G1 X-36.767 Y-10.594 E.03843
G1 X-33.233 Y-7.061 E.23515
G1 X-33.233 Y-6.244 E.03843
G1 X-36.767 Y-9.777 E.23515
G1 X-36.767 Y-8.961 E.03843
G1 X-33.233 Y-5.427 E.23515
G1 X-33.233 Y-4.611 E.03843
G1 X-36.767 Y-8.144 E.23515
G1 X-36.767 Y-7.327 E.03843
G1 X-33.233 Y-3.794 E.23515
G1 X-33.233 Y-2.977 E.03843
G1 X-36.767 Y-6.511 E.23515
G1 X-36.767 Y-5.694 E.03843
G1 X-33.233 Y-2.16 E.23515
G1 X-33.233 Y-1.344 E.03843
G1 X-36.767 Y-4.877 E.23515
G1 X-36.767 Y-4.06 E.03843
G1 X-33.233 Y-.527 E.23515
G1 X-33.233 Y.29 E.03843
G1 X-36.767 Y-3.244 E.23515
G1 X-36.767 Y-2.427 E.03843
G1 X-33.233 Y1.106 E.23515
G1 X-33.233 Y1.923 E.03843
G1 X-36.767 Y-1.61 E.23515
G1 X-36.767 Y-.794 E.03843
G1 X-33.233 Y2.74 E.23515
G1 X-33.233 Y3.556 E.03843
G1 X-36.767 Y.023 E.23515
G1 X-36.767 Y.84 E.03843
G1 X-33.233 Y4.373 E.23515
G1 X-33.233 Y5.19 E.03843
G1 X-36.767 Y1.656 E.23515
G1 X-36.767 Y2.473 E.03843
G1 X-33.233 Y6.007 E.23515
G1 X-33.233 Y6.823 E.03843
G1 X-36.767 Y3.29 E.23515
G1 X-36.767 Y4.107 E.03843
G1 X-33.233 Y7.64 E.23515
G1 X-33.233 Y8.457 E.03843
G1 X-36.767 Y4.923 E.23515
G1 X-36.767 Y5.74 E.03843
G1 X-33.233 Y9.273 E.23515
G1 X-33.233 Y10.09 E.03843
G1 X-36.767 Y6.557 E.23515
G1 X-36.767 Y7.373 E.03843
G1 X-33.233 Y10.907 E.23515
G1 X-33.233 Y11.723 E.03843
G1 X-36.767 Y8.19 E.23515
G1 X-36.767 Y9.007 E.03843
G1 X-33.233 Y12.54 E.23515
G1 X-33.233 Y13.357 E.03843
G1 X-36.767 Y9.823 E.23515
G1 X-36.767 Y10.64 E.03843
G1 X-33.233 Y14.173 E.23515
G1 X-33.233 Y14.99 E.03843
G1 X-36.767 Y11.457 E.23515
G1 X-36.767 Y12.274 E.03843
G1 X-33.233 Y15.807 E.23515
G1 X-33.233 Y16.624 E.03843
G1 X-36.767 Y13.09 E.23515
G1 X-36.767 Y13.907 E.03843
G1 X-33.233 Y17.44 E.23515
G1 X-33.233 Y18.257 E.03843
G1 X-36.767 Y14.724 E.23515
G1 X-36.767 Y15.54 E.03843
G1 X-33.233 Y19.074 E.23515
G1 X-33.233 Y19.89 E.03843
G1 X-36.767 Y16.357 E.23515
G1 X-36.767 Y17.174 E.03843
G1 X-33.233 Y20.707 E.23515
G1 X-33.233 Y21.524 E.03843
G1 X-36.767 Y17.99 E.23515
G1 X-36.767 Y18.807 E.03843
G1 X-33.233 Y22.34 E.23515
G1 X-33.233 Y23.157 E.03843
G1 X-36.767 Y19.624 E.23515
G1 X-36.767 Y20.441 E.03843
G1 X-33.233 Y23.974 E.23515
G1 X-33.233 Y24.791 E.03843
G1 X-36.767 Y21.257 E.23515
G1 X-36.767 Y22.074 E.03843
G1 X-33.233 Y25.607 E.23515
G1 X-33.233 Y26.424 E.03843
G1 X-36.767 Y22.891 E.23515
G1 X-36.767 Y23.707 E.03843
G1 X-33.233 Y27.241 E.23515
G1 X-33.233 Y28.057 E.03843
G1 X-36.767 Y24.524 E.23515
G1 X-36.767 Y25.341 E.03843
G1 X-33.233 Y28.874 E.23515
G1 X-33.233 Y29.691 E.03843
G1 X-36.767 Y26.157 E.23515
G1 X-36.767 Y26.974 E.03843
G1 X-33.233 Y30.507 E.23515
G1 X-33.233 Y31.324 E.03843
G1 X-36.767 Y27.791 E.23515
G1 X-36.767 Y28.608 E.03843
G1 X-33.233 Y32.141 E.23515
G1 X-33.233 Y32.958 E.03843
G1 X-36.767 Y29.424 E.23515
G1 X-36.767 Y30.241 E.03843
G1 X-33.233 Y33.774 E.23515
G1 X-33.233 Y34.591 E.03843
G1 X-36.767 Y31.058 E.23515
G1 X-36.767 Y31.874 E.03843
G1 X-33.233 Y35.408 E.23515
G1 X-33.233 Y36.224 E.03843
G1 X-36.767 Y32.691 E.23515
G1 X-36.767 Y33.508 E.03843
G1 X-33.233 Y37.041 E.23515
G1 X-33.233 Y37.858 E.03843
G1 X-36.767 Y34.324 E.23515
G1 X-36.767 Y35.141 E.03843
G1 X-33.233 Y38.674 E.23515
G1 X-33.233 Y39.491 E.03843
G1 X-36.767 Y35.958 E.23515
G1 X-36.767 Y36.775 E.03843
G1 X-33.233 Y40.308 E.23515
G1 X-33.233 Y41.125 E.03843
G1 X-36.767 Y37.591 E.23515
G1 X-36.767 Y38.408 E.03843
G1 X-33.233 Y41.941 E.23515
G1 X-33.233 Y42.758 E.03843
G1 X-36.767 Y39.225 E.23515
G1 X-36.767 Y40.041 E.03843
G1 X-33.233 Y43.575 E.23515
G1 X-33.233 Y44.391 E.03843
G1 X-36.767 Y40.858 E.23515
G1 X-36.767 Y41.675 E.03843
G1 X-33.233 Y45.208 E.23515
G1 X-33.233 Y46.025 E.03843
G1 X-36.767 Y42.491 E.23515
G1 X-36.767 Y43.308 E.03843
G1 X-33.233 Y46.841 E.23515
G1 X-33.233 Y47.658 E.03843
G1 X-36.767 Y44.125 E.23515
G1 X-36.767 Y44.942 E.03843
G1 X-33.233 Y48.475 E.23515
G1 X-33.233 Y49.292 E.03843
G1 X-36.767 Y45.758 E.23515
G1 X-36.767 Y46.575 E.03843
G1 X-33.233 Y50.108 E.23515
G1 X-33.233 Y50.925 E.03843
G1 X-36.767 Y47.392 E.23515
G1 X-36.767 Y48.208 E.03843
G1 X-33.233 Y51.742 E.23515
G1 X-33.233 Y52.558 E.03843
G1 X-36.767 Y49.025 E.23515
G1 X-36.767 Y49.842 E.03843
G1 X-33.233 Y53.375 E.23515
M73 P23 R13
G1 X-33.233 Y54.192 E.03843
G1 X-36.767 Y50.658 E.23515
G1 X-36.767 Y51.475 E.03843
G1 X-33.233 Y55.008 E.23515
G1 X-33.233 Y55.825 E.03843
G1 X-36.767 Y52.292 E.23515
G1 X-36.767 Y53.109 E.03843
G1 X-33.233 Y56.642 E.23515
G1 X-33.233 Y57.459 E.03843
G1 X-36.767 Y53.925 E.23515
G1 X-36.767 Y54.742 E.03843
G1 X-33.233 Y58.275 E.23515
G1 X-33.233 Y59.092 E.03843
G1 X-36.767 Y55.559 E.23515
G1 X-36.767 Y56.375 E.03843
G1 X-33.233 Y59.909 E.23515
G1 X-33.233 Y60.725 E.03843
G1 X-36.767 Y57.192 E.23515
G1 X-36.767 Y58.009 E.03843
G1 X-33.233 Y61.542 E.23515
G1 X-33.233 Y62.359 E.03843
G1 X-36.767 Y58.825 E.23515
G1 X-36.767 Y59.642 E.03843
G1 X-33.233 Y63.175 E.23515
G1 X-33.233 Y63.992 E.03843
G1 X-36.767 Y60.459 E.23515
G1 X-36.767 Y61.276 E.03843
G1 X-33.233 Y64.809 E.23515
G1 X-33.233 Y65.626 E.03843
G1 X-36.767 Y62.092 E.23515
G1 X-36.767 Y62.909 E.03843
G1 X-33.233 Y66.442 E.23515
G1 X-33.233 Y67.259 E.03843
G1 X-36.767 Y63.726 E.23515
G1 X-36.767 Y64.542 E.03843
G1 X-33.233 Y68.076 E.23515
G1 X-33.233 Y68.892 E.03843
G1 X-36.767 Y65.359 E.23515
G1 X-36.767 Y66.176 E.03843
G1 X-33.233 Y69.709 E.23515
G1 X-33.233 Y70.526 E.03843
G1 X-36.767 Y66.992 E.23515
G1 X-36.767 Y67.809 E.03843
G1 X-33.233 Y71.342 E.23515
G1 X-33.233 Y72.159 E.03843
G1 X-36.767 Y68.626 E.23515
G1 X-36.767 Y69.443 E.03843
G1 X-28.443 Y77.767 E.55398
G1 X-29.259 Y77.767 E.03843
G1 X-36.767 Y70.259 E.49963
G1 X-36.767 Y71.076 E.03843
G1 X-30.076 Y77.767 E.44527
G1 X-30.893 Y77.767 E.03843
G1 X-36.767 Y71.893 E.39092
G1 X-36.767 Y72.709 E.03843
G1 X-31.709 Y77.767 E.33657
G1 X-32.526 Y77.767 E.03843
G1 X-36.767 Y73.526 E.28222
G1 X-36.767 Y74.343 E.03843
G1 X-33.343 Y77.767 E.22787
G1 X-34.159 Y77.767 E.03843
G1 X-36.767 Y75.159 E.17351
G1 X-36.767 Y75.976 E.03843
G1 X-34.976 Y77.767 E.11916
G1 X-35.793 Y77.767 E.03843
G1 X-37.026 Y76.533 E.08209
SET_VELOCITY_LIMIT ACCEL=10000
G1 E-1.2 F2100
;WIPE_START
G1 F9000
G1 X-35.793 Y77.767
G1 X-35.537 Y77.767
;WIPE_END
G1 X-32.309 Y70.85 Z1 F30000
G1 X36.582 Y-76.754 Z1
G1 Z.6
G1 E1.2 F2100
SET_VELOCITY_LIMIT ACCEL=7000
;WIDTH:0.527842
G1 F9000
G1 X36.582 Y-77.582 E.03271
G1 X35.754 Y-77.582 E.03271
G1 X36.556 Y-76.78 E.04484
;LAYER_CHANGE
;Z:0.8
;HEIGHT:0.2
;BEFORE_LAYER_CHANGE
;0.8
G1 E-1.2 F2100
;WIPE_START
G1 F9000
G1 X35.754 Y-77.582
G1 X36.582 Y-77.582
G1 X36.582 Y-77.544
;WIPE_END
;AFTER_LAYER_CHANGE
;0.8
;_SET_FAN_SPEED_CHANGING_LAYER
SET_VELOCITY_LIMIT ACCEL=10000
G17
G3 Z1.2 I-1.217 J-.03 P1  F30000
G1 X32.887 Y72.887 Z1.2
G1 Z.8
G1 E1.2 F2100
SET_VELOCITY_LIMIT ACCEL=5000
;TYPE:Inner wall
;WIDTH:0.62
G1 F9000
G1 X32.887 Y-78.113 E7.10073
G1 X37.113 Y-78.113 E.19872
G1 X37.113 Y78.113 E7.34647
G1 X-37.113 Y78.113 E3.49045
G1 X-37.113 Y-78.113 E7.34647
G1 X-32.887 Y-78.113 E.19872
G1 X-32.887 Y72.887 E7.10073
G1 X32.851 Y72.887 E3.09132
SET_VELOCITY_LIMIT ACCEL=10000
G1 X32.31 Y72.31 F30000
SET_VELOCITY_LIMIT ACCEL=5000
;TYPE:Outer wall
G1 F7200
G1 X32.31 Y-78.69 E7.10073
G1 X37.69 Y-78.69 E.25299
M73 P24 R13
G1 X37.69 Y78.69 E7.40074
G1 X-37.69 Y78.69 E3.54472
G1 X-37.69 Y-78.69 E7.40074
G1 X-32.31 Y-78.69 E.25299
G1 X-32.31 Y72.31 E7.10073
G1 X32.274 Y72.31 E3.03704
SET_VELOCITY_LIMIT ACCEL=10000
G1 E-1.2 F2100
;WIPE_START
G1 F7200
G1 X32.274 Y70.31
;WIPE_END
G1 X29.521 Y73.233 Z1.2 F30000
G1 Z.8
G1 E1.2 F2100
;TYPE:Sparse infill
G1 F6000
G1 X31.829 Y73.233 E.10855
G1 X33.787 Y74.102 E.10072
G1 X34.604 Y74.919 E.05435
G1 X35.868 Y77.767 E.14648
G1 X36.767 Y77.767 E.04228
G1 X36.767 Y72.817 E.23276
G1 X36.725 Y72.799 E.00214
G1 X35.908 Y71.981 E.05435
G1 X34.604 Y69.043 E.15114
G1 X33.787 Y68.226 E.05435
G1 X33.233 Y67.98 E.02849
G1 X33.233 Y62.104 E.27632
G1 X33.787 Y62.35 E.02849
G1 X34.604 Y63.167 E.05435
G1 X35.908 Y66.105 E.15114
G1 X36.725 Y66.923 E.05435
G1 X36.767 Y66.941 E.00214
G1 X36.767 Y61.065 E.27632
G1 X36.725 Y61.047 E.00214
G1 X35.908 Y60.229 E.05435
G1 X34.604 Y57.291 E.15114
G1 X33.787 Y56.474 E.05435
G1 X33.233 Y56.228 E.02849
G1 X33.233 Y53.92 E.10855
G1 X36.767 Y52.881 F30000
G1 F6000
G1 X36.767 Y55.189 E.10855
G1 X36.725 Y55.17 E.00214
G1 X35.908 Y54.353 E.05435
G1 X34.604 Y51.415 E.15114
G1 X33.787 Y50.598 E.05435
G1 X33.233 Y50.352 E.02849
G1 X33.233 Y44.476 E.27632
G1 X33.787 Y44.722 E.02849
G1 X34.604 Y45.539 E.05435
G1 X35.908 Y48.477 E.15114
G1 X36.725 Y49.294 E.05435
G1 X36.767 Y49.313 E.00214
G1 X36.767 Y43.437 E.27632
G1 X36.725 Y43.418 E.00214
G1 X35.908 Y42.601 E.05435
G1 X34.604 Y39.663 E.15114
G1 X33.787 Y38.846 E.05435
G1 X33.233 Y38.6 E.02849
G1 X33.233 Y32.724 E.27632
G1 X33.787 Y32.97 E.02849
M73 P24 R12
G1 X34.604 Y33.787 E.05435
G1 X35.908 Y36.725 E.15114
G1 X36.725 Y37.542 E.05435
G1 X36.767 Y37.561 E.00214
G1 X36.767 Y31.685 E.27632
G1 X36.725 Y31.666 E.00214
G1 X35.908 Y30.849 E.05435
G1 X34.604 Y27.911 E.15114
G1 X33.787 Y27.094 E.05435
G1 X33.233 Y26.848 E.02849
G1 X33.233 Y20.972 E.27632
G1 X33.787 Y21.218 E.02849
G1 X34.604 Y22.035 E.05435
G1 X35.908 Y24.973 E.15114
G1 X36.725 Y25.79 E.05435
G1 X36.767 Y25.809 E.00214
G1 X36.767 Y19.933 E.27632
G1 X36.725 Y19.914 E.00214
G1 X35.908 Y19.097 E.05435
G1 X34.604 Y16.159 E.15114
G1 X33.787 Y15.342 E.05435
G1 X33.233 Y15.096 E.02849
G1 X33.233 Y9.22 E.27632
G1 X33.787 Y9.466 E.02849
G1 X34.604 Y10.283 E.05435
G1 X35.908 Y13.221 E.15114
G1 X36.725 Y14.038 E.05435
G1 X36.767 Y14.057 E.00214
G1 X36.767 Y11.748 E.10855
G1 X33.233 Y1.036 F30000
G1 F6000
G1 X33.233 Y3.344 E.10855
G1 X33.787 Y3.59 E.02849
G1 X34.604 Y4.407 E.05435
G1 X35.908 Y7.345 E.15114
G1 X36.725 Y8.162 E.05435
G1 X36.767 Y8.181 E.00214
G1 X36.767 Y2.305 E.27632
G1 X36.725 Y2.286 E.00214
G1 X35.908 Y1.469 E.05435
G1 X34.604 Y-1.469 E.15114
G1 X33.787 Y-2.286 E.05435
G1 X33.233 Y-2.532 E.02849
G1 X33.233 Y-4.84 E.10855
G1 X36.767 Y-1.263 F30000
G1 F6000
G1 X36.767 Y-3.571 E.10855
G1 X36.725 Y-3.59 E.00214
G1 X35.908 Y-4.407 E.05435
G1 X34.604 Y-7.345 E.15114
G1 X33.787 Y-8.162 E.05435
G1 X33.233 Y-8.408 E.02849
G1 X33.233 Y-14.284 E.27632
G1 X33.787 Y-14.038 E.02849
G1 X34.604 Y-13.221 E.05435
G1 X35.908 Y-10.283 E.15114
G1 X36.725 Y-9.466 E.05435
G1 X36.767 Y-9.447 E.00214
G1 X36.767 Y-15.323 E.27632
G1 X36.725 Y-15.342 E.00214
G1 X35.908 Y-16.159 E.05435
G1 X34.604 Y-19.097 E.15114
G1 X33.787 Y-19.914 E.05435
G1 X33.233 Y-20.16 E.02849
G1 X33.233 Y-26.036 E.27632
G1 X33.787 Y-25.79 E.02849
G1 X34.604 Y-24.973 E.05435
G1 X35.908 Y-22.035 E.15114
G1 X36.725 Y-21.218 E.05435
G1 X36.767 Y-21.199 E.00214
G1 X36.767 Y-27.075 E.27632
G1 X36.725 Y-27.094 E.00214
G1 X35.908 Y-27.911 E.05435
G1 X34.604 Y-30.849 E.15114
G1 X33.787 Y-31.666 E.05435
G1 X33.233 Y-31.912 E.02849
G1 X33.233 Y-34.22 E.10855
G1 X36.767 Y-35.26 F30000
G1 F6000
G1 X36.767 Y-32.951 E.10855
G1 X36.725 Y-32.97 E.00214
G1 X35.908 Y-33.787 E.05435
G1 X34.604 Y-36.725 E.15114
G1 X33.787 Y-37.542 E.05435
G1 X33.233 Y-37.788 E.02849
G1 X33.233 Y-43.664 E.27632
G1 X33.787 Y-43.418 E.02849
G1 X34.604 Y-42.601 E.05435
G1 X35.908 Y-39.663 E.15114
G1 X36.725 Y-38.846 E.05435
G1 X36.767 Y-38.827 E.00214
G1 X36.767 Y-44.703 E.27632
G1 X36.725 Y-44.722 E.00214
G1 X35.908 Y-45.539 E.05435
G1 X34.604 Y-48.477 E.15114
G1 X33.787 Y-49.294 E.05435
G1 X33.233 Y-49.54 E.02849
G1 X33.233 Y-51.848 E.10855
G1 X36.767 Y-48.271 F30000
G1 F6000
G1 X36.767 Y-50.579 E.10855
G1 X36.725 Y-50.598 E.00214
G1 X35.908 Y-51.415 E.05435
G1 X34.604 Y-54.353 E.15114
G1 X33.787 Y-55.17 E.05435
G1 X33.233 Y-55.416 E.02849
G1 X33.233 Y-61.292 E.27632
G1 X33.787 Y-61.047 E.02849
G1 X34.604 Y-60.229 E.05435
G1 X35.908 Y-57.291 E.15114
G1 X36.725 Y-56.474 E.05435
G1 X36.767 Y-56.455 E.00214
G1 X36.767 Y-62.331 E.27632
G1 X36.725 Y-62.35 E.00214
G1 X35.908 Y-63.167 E.05435
G1 X34.604 Y-66.105 E.15114
G1 X33.787 Y-66.923 E.05435
G1 X33.233 Y-67.168 E.02849
G1 X33.233 Y-73.044 E.27632
G1 X33.787 Y-72.799 E.02849
G1 X34.604 Y-71.981 E.05435
G1 X35.908 Y-69.043 E.15114
G1 X36.725 Y-68.226 E.05435
G1 X36.767 Y-68.207 E.00214
G1 X36.767 Y-74.083 E.27632
G1 X36.725 Y-74.102 E.00214
G1 X35.927 Y-74.9 E.05306
G1 X35.927 Y-73.897 E.04718
G1 X35.605 Y-73.548 E.02232
G1 X35.024 Y-73.502 E.02741
G1 X34.777 Y-73.518 E.01163
G1 X34.681 Y-74.135 F30000
SET_VELOCITY_LIMIT ACCEL=7000
;TYPE:Internal solid infill
;WIDTH:0.681573
G1 F9000
G1 X35.319 Y-74.135 E.03324
G1 X35.319 Y-77.505 E.17536
G1 X34.681 Y-77.505 E.03324
G1 X34.681 Y-74.171 E.17351
SET_VELOCITY_LIMIT ACCEL=10000
G1 E-1.2 F2100
;WIPE_START
G1 F9000
G1 X34.681 Y-76.171
;WIPE_END
G1 X27.048 Y-76.17 Z1.2 F30000
G1 X-33.233 Y-76.165 Z1.2
G1 Z.8
G1 E1.2 F2100
;TYPE:Sparse infill
;WIDTH:0.62
G1 F6000
G1 X-33.233 Y-73.856 E.10855
G1 X-33.787 Y-74.102 E.02849
M73 P25 R12
G1 X-34.073 Y-74.388 E.019
G1 X-34.073 Y-73.897 E.02309
G1 X-34.395 Y-73.548 E.02232
G1 X-35.024 Y-73.502 E.02966
G1 X-35.605 Y-73.548 E.02741
G1 X-35.927 Y-73.897 E.02232
G1 X-35.927 Y-77.767 E.18199
G1 X-36.767 Y-77.767 E.03948
G1 X-36.767 Y-72.817 E.23276
G1 X-36.725 Y-72.799 E.00214
G1 X-35.908 Y-71.981 E.05435
G1 X-34.604 Y-69.043 E.15114
G1 X-33.787 Y-68.226 E.05435
G1 X-33.233 Y-67.98 E.02849
G1 X-33.233 Y-62.104 E.27632
G1 X-33.787 Y-62.35 E.02849
G1 X-34.604 Y-63.167 E.05435
G1 X-35.908 Y-66.105 E.15114
G1 X-36.725 Y-66.923 E.05435
G1 X-36.767 Y-66.941 E.00214
G1 X-36.767 Y-61.065 E.27632
G1 X-36.725 Y-61.047 E.00214
G1 X-35.908 Y-60.229 E.05435
G1 X-34.604 Y-57.291 E.15114
G1 X-33.787 Y-56.474 E.05435
G1 X-33.233 Y-56.228 E.02849
G1 X-33.233 Y-50.352 E.27632
G1 X-33.787 Y-50.598 E.02849
G1 X-34.604 Y-51.415 E.05435
G1 X-35.908 Y-54.353 E.15114
G1 X-36.725 Y-55.17 E.05435
G1 X-36.767 Y-55.189 E.00214
G1 X-36.767 Y-52.881 E.10855
G1 X-33.233 Y-42.168 F30000
G1 F6000
G1 X-33.233 Y-44.476 E.10855
G1 X-33.787 Y-44.722 E.02849
G1 X-34.604 Y-45.539 E.05435
G1 X-35.908 Y-48.477 E.15114
G1 X-36.725 Y-49.294 E.05435
G1 X-36.767 Y-49.313 E.00214
G1 X-36.767 Y-43.437 E.27632
G1 X-36.725 Y-43.418 E.00214
G1 X-35.908 Y-42.601 E.05435
G1 X-34.604 Y-39.663 E.15114
G1 X-33.787 Y-38.846 E.05435
G1 X-33.233 Y-38.6 E.02849
G1 X-33.233 Y-32.724 E.27632
G1 X-33.787 Y-32.97 E.02849
G1 X-34.604 Y-33.787 E.05435
G1 X-35.908 Y-36.725 E.15114
G1 X-36.725 Y-37.542 E.05435
G1 X-36.767 Y-37.561 E.00214
G1 X-36.767 Y-31.685 E.27632
G1 X-36.725 Y-31.666 E.00214
G1 X-35.908 Y-30.849 E.05435
G1 X-34.604 Y-27.911 E.15114
G1 X-33.787 Y-27.094 E.05435
G1 X-33.233 Y-26.848 E.02849
G1 X-33.233 Y-20.972 E.27632
G1 X-33.787 Y-21.218 E.02849
G1 X-34.604 Y-22.035 E.05435
G1 X-35.908 Y-24.973 E.15114
G1 X-36.725 Y-25.79 E.05435
G1 X-36.767 Y-25.809 E.00214
G1 X-36.767 Y-28.117 E.10855
G1 X-33.233 Y-12.788 F30000
G1 F6000
G1 X-33.233 Y-15.096 E.10855
G1 X-33.787 Y-15.342 E.02849
G1 X-34.604 Y-16.159 E.05435
G1 X-35.908 Y-19.097 E.15114
G1 X-36.725 Y-19.914 E.05435
G1 X-36.767 Y-19.933 E.00214
G1 X-36.767 Y-14.057 E.27632
G1 X-36.725 Y-14.038 E.00214
G1 X-35.908 Y-13.221 E.05435
G1 X-34.604 Y-10.283 E.15114
G1 X-33.787 Y-9.466 E.05435
G1 X-33.233 Y-9.22 E.02849
G1 X-33.233 Y-6.912 E.10855
G1 X-36.767 Y-10.489 F30000
G1 F6000
G1 X-36.767 Y-8.181 E.10855
G1 X-36.725 Y-8.162 E.00214
G1 X-35.908 Y-7.345 E.05435
G1 X-34.604 Y-4.407 E.15114
G1 X-33.787 Y-3.59 E.05435
G1 X-33.233 Y-3.344 E.02849
G1 X-33.233 Y2.532 E.27632
G1 X-33.787 Y2.286 E.02849
G1 X-34.604 Y1.469 E.05435
G1 X-35.908 Y-1.469 E.15114
G1 X-36.725 Y-2.286 E.05435
G1 X-36.767 Y-2.305 E.00214
G1 X-36.767 Y3.571 E.27632
G1 X-36.725 Y3.59 E.00214
G1 X-35.908 Y4.407 E.05435
G1 X-34.604 Y7.345 E.15114
G1 X-33.787 Y8.162 E.05435
G1 X-33.233 Y8.408 E.02849
G1 X-33.233 Y14.284 E.27632
G1 X-33.787 Y14.038 E.02849
G1 X-34.604 Y13.221 E.05435
G1 X-35.908 Y10.283 E.15114
G1 X-36.725 Y9.466 E.05435
G1 X-36.767 Y9.447 E.00214
G1 X-36.767 Y15.323 E.27632
G1 X-36.725 Y15.342 E.00214
G1 X-35.908 Y16.159 E.05435
G1 X-34.604 Y19.097 E.15114
G1 X-33.787 Y19.914 E.05435
G1 X-33.233 Y20.16 E.02849
G1 X-33.233 Y26.036 E.27632
G1 X-33.787 Y25.79 E.02849
G1 X-34.604 Y24.973 E.05435
G1 X-35.908 Y22.035 E.15114
G1 X-36.725 Y21.218 E.05435
G1 X-36.767 Y21.199 E.00214
G1 X-36.767 Y18.891 E.10855
G1 X-33.233 Y34.22 F30000
G1 F6000
G1 X-33.233 Y31.912 E.10855
G1 X-33.787 Y31.666 E.02849
G1 X-34.604 Y30.849 E.05435
G1 X-35.908 Y27.911 E.15114
G1 X-36.725 Y27.094 E.05435
G1 X-36.767 Y27.075 E.00214
G1 X-36.767 Y32.951 E.27632
G1 X-36.725 Y32.97 E.00214
G1 X-35.908 Y33.787 E.05435
G1 X-34.604 Y36.725 E.15114
G1 X-33.787 Y37.542 E.05435
G1 X-33.233 Y37.788 E.02849
G1 X-33.233 Y43.664 E.27632
G1 X-33.787 Y43.418 E.02849
G1 X-34.604 Y42.601 E.05435
G1 X-35.908 Y39.663 E.15114
G1 X-36.725 Y38.846 E.05435
G1 X-36.767 Y38.827 E.00214
G1 X-36.767 Y44.703 E.27632
G1 X-36.725 Y44.722 E.00214
G1 X-35.908 Y45.539 E.05435
G1 X-34.604 Y48.477 E.15114
G1 X-33.787 Y49.294 E.05435
G1 X-33.233 Y49.54 E.02849
G1 X-33.233 Y55.416 E.27632
G1 X-33.787 Y55.17 E.02849
G1 X-34.604 Y54.353 E.05435
G1 X-35.908 Y51.415 E.15114
G1 X-36.725 Y50.598 E.05435
G1 X-36.767 Y50.579 E.00214
G1 X-36.767 Y56.455 E.27632
G1 X-36.725 Y56.474 E.00214
G1 X-35.908 Y57.291 E.05435
G1 X-34.604 Y60.229 E.15114
G1 X-33.787 Y61.047 E.05435
G1 X-33.233 Y61.292 E.02849
G1 X-33.233 Y67.168 E.27632
G1 X-33.787 Y66.923 E.02849
G1 X-34.604 Y66.105 E.05435
G1 X-35.908 Y63.167 E.15114
G1 X-36.725 Y62.35 E.05435
G1 X-36.767 Y62.331 E.00214
G1 X-36.767 Y60.023 E.10855
G1 E-1.2 F2100
;WIPE_START
G1 F6000
G1 X-36.767 Y62.023
;WIPE_END
G1 X-32.512 Y68.36 Z1.2 F30000
G1 X-29.239 Y73.233 Z1.2
G1 Z.8
G1 E1.2 F2100
G1 F6000
G1 X-26.931 Y73.233 E.10855
G1 X-24.973 Y74.102 E.10072
G1 X-24.156 Y74.919 E.05435
G1 X-22.893 Y77.767 E.14648
G1 X-17.017 Y77.767 E.27632
G1 X-18.28 Y74.919 E.14648
G1 X-19.097 Y74.102 E.05435
G1 X-21.055 Y73.233 E.10072
G1 X-23.363 Y73.233 E.10855
G1 X-26.46 Y77.767 F30000
G1 F6000
G1 X-28.769 Y77.767 E.10855
G1 X-30.032 Y74.919 E.14648
G1 X-30.849 Y74.102 E.05435
G1 X-32.807 Y73.233 E.10072
G1 X-33.233 Y73.233 E.02005
G1 X-33.233 Y73.044 E.00889
G1 X-33.787 Y72.799 E.02849
G1 X-34.604 Y71.981 E.05435
G1 X-35.908 Y69.043 E.15114
G1 X-36.725 Y68.226 E.05435
G1 X-36.767 Y68.207 E.00214
G1 X-36.767 Y74.083 E.27632
G1 X-36.725 Y74.102 E.00214
G1 X-35.908 Y74.919 E.05435
G1 X-34.645 Y77.767 E.14648
G1 X-32.336 Y77.767 E.10855
G1 X-17.487 Y73.233 F30000
G1 F6000
G1 X-15.179 Y73.233 E.10855
G1 X-13.221 Y74.102 E.10072
G1 X-12.404 Y74.919 E.05435
G1 X-11.141 Y77.767 E.14648
G1 X-5.265 Y77.767 E.27632
G1 X-6.528 Y74.919 E.14648
G1 X-7.345 Y74.102 E.05435
G1 X-9.303 Y73.233 E.10072
G1 X-11.611 Y73.233 E.10855
G1 X-5.735 Y73.233 F30000
G1 F6000
G1 X-3.427 Y73.233 E.10855
G1 X-1.469 Y74.102 E.10072
G1 X-.652 Y74.919 E.05435
G1 X.612 Y77.767 E.14648
G1 X-1.697 Y77.767 E.10855
G1 X.141 Y73.233 F30000
G1 F6000
G1 X2.449 Y73.233 E.10855
G1 X4.407 Y74.102 E.10072
G1 X5.224 Y74.919 E.05435
G1 X6.488 Y77.767 E.14648
G1 X12.364 Y77.767 E.27632
G1 X11.1 Y74.919 E.14648
G1 X10.283 Y74.102 E.05435
G1 X8.325 Y73.233 E.10072
G1 X6.017 Y73.233 E.10855
G1 X11.893 Y73.233 F30000
G1 F6000
G1 X14.201 Y73.233 E.10855
G1 X16.159 Y74.102 E.10072
G1 X16.976 Y74.919 E.05435
G1 X18.24 Y77.767 E.14648
G1 X24.116 Y77.767 E.27632
G1 X22.852 Y74.919 E.14648
G1 X22.035 Y74.102 E.05435
G1 X20.077 Y73.233 E.10072
G1 X17.769 Y73.233 E.10855
G1 X23.645 Y73.233 F30000
G1 F6000
G1 X25.953 Y73.233 E.10855
G1 X27.911 Y74.102 E.10072
G1 X28.728 Y74.919 E.05435
G1 X29.992 Y77.767 E.14648
G1 X27.683 Y77.767 E.10855
G1 E-1.2 F2100
;WIPE_START
G1 F6000
G1 X29.683 Y77.767
;WIPE_END
G1 X26.706 Y70.739 Z1.2 F30000
G1 X-34.681 Y-74.135 Z1.2
G1 Z.8
G1 E1.2 F2100
SET_VELOCITY_LIMIT ACCEL=7000
;TYPE:Internal solid infill
;WIDTH:0.681573
G1 F9000
G1 X-34.681 Y-77.505 E.17536
G1 X-35.319 Y-77.505 E.03324
G1 X-35.319 Y-74.135 E.17539
G1 X-34.717 Y-74.135 E.03136
;LAYER_CHANGE
;Z:1
;HEIGHT:0.2
;BEFORE_LAYER_CHANGE
;1
G1 E-1.2 F2100
;WIPE_START
G1 F9000
G1 X-35.319 Y-74.135
G1 X-35.319 Y-75.532
;WIPE_END
;AFTER_LAYER_CHANGE
;1
;_SET_FAN_SPEED_CHANGING_LAYER
SET_VELOCITY_LIMIT ACCEL=10000
G17
G3 Z1.4 I-1.106 J.508 P1  F30000
G1 X32.887 Y72.887 Z1.4
G1 Z1
G1 E1.2 F2100
SET_VELOCITY_LIMIT ACCEL=5000
;TYPE:Inner wall
;WIDTH:0.62
G1 F9000
G1 X32.887 Y-78.113 E7.10073
G1 X37.113 Y-78.113 E.19872
G1 X37.113 Y78.113 E7.34647
G1 X-37.113 Y78.113 E3.49045
G1 X-37.113 Y-78.113 E7.34647
M73 P26 R12
G1 X-32.887 Y-78.113 E.19872
G1 X-32.887 Y72.887 E7.10073
G1 X32.851 Y72.887 E3.09132
SET_VELOCITY_LIMIT ACCEL=10000
G1 X32.31 Y72.31 F30000
SET_VELOCITY_LIMIT ACCEL=5000
;TYPE:Outer wall
G1 F7200
G1 X32.31 Y-78.69 E7.10073
G1 X37.69 Y-78.69 E.25299
G1 X37.69 Y78.69 E7.40074
G1 X-37.69 Y78.69 E3.54472
G1 X-37.69 Y-78.69 E7.40074
G1 X-32.31 Y-78.69 E.25299
G1 X-32.31 Y72.31 E7.10073
G1 X32.274 Y72.31 E3.03704
SET_VELOCITY_LIMIT ACCEL=10000
G1 E-1.2 F2100
;WIPE_START
G1 F7200
G1 X32.274 Y70.31
;WIPE_END
G1 X33.629 Y62.799 Z1.4 F30000
G1 X36.767 Y45.402 Z1.4
G1 Z1
G1 E1.2 F2100
;TYPE:Sparse infill
G1 F6000
G1 X36.767 Y43.093 E.10855
G1 X36.261 Y42.601 E.03317
G1 X34.251 Y39.663 E.16741
G1 X33.787 Y39.199 E.03084
G1 X33.233 Y38.82 E.03155
G1 X33.233 Y44.696 E.27632
G1 X33.787 Y45.075 E.03155
G1 X34.251 Y45.539 E.03084
G1 X36.261 Y48.477 E.16741
G1 X36.767 Y48.969 E.03317
G1 X36.767 Y54.845 E.27632
G1 X36.261 Y54.353 E.03317
G1 X34.251 Y51.415 E.16741
G1 X33.787 Y50.951 E.03084
G1 X33.233 Y50.572 E.03155
G1 X33.233 Y56.448 E.27632
G1 X33.787 Y56.827 E.03155
G1 X34.251 Y57.291 E.03084
G1 X36.261 Y60.229 E.16741
G1 X36.767 Y60.721 E.03317
G1 X36.767 Y66.597 E.27632
G1 X36.261 Y66.105 E.03317
G1 X34.251 Y63.167 E.16741
G1 X33.787 Y62.703 E.03084
G1 X33.233 Y62.324 E.03155
G1 X33.233 Y68.2 E.27632
G1 X33.787 Y68.579 E.03155
G1 X34.251 Y69.043 E.03084
G1 X36.261 Y71.981 E.16741
G1 X36.767 Y72.473 E.03317
M73 P27 R12
G1 X36.767 Y77.767 E.24891
G1 X36.199 Y77.767 E.02668
G1 X34.251 Y74.919 E.16225
G1 X33.787 Y74.455 E.03084
G1 X32.001 Y73.233 E.10177
G1 X26.125 Y73.233 E.27632
G1 X27.911 Y74.455 E.10177
G1 X28.375 Y74.919 E.03084
G1 X30.323 Y77.767 E.16225
G1 X24.447 Y77.767 E.27632
G1 X22.499 Y74.919 E.16225
G1 X22.035 Y74.455 E.03084
G1 X20.249 Y73.233 E.10177
G1 X14.373 Y73.233 E.27632
G1 X16.159 Y74.455 E.10177
G1 X16.623 Y74.919 E.03084
G1 X18.571 Y77.767 E.16225
G1 X12.695 Y77.767 E.27632
G1 X10.747 Y74.919 E.16225
G1 X10.283 Y74.455 E.03084
G1 X8.497 Y73.233 E.10177
G1 X2.621 Y73.233 E.27632
G1 X4.407 Y74.455 E.10177
G1 X4.871 Y74.919 E.03084
G1 X6.819 Y77.767 E.16225
G1 X.943 Y77.767 E.27632
G1 X-1.005 Y74.919 E.16225
G1 X-1.469 Y74.455 E.03084
G1 X-3.255 Y73.233 E.10177
G1 X-.947 Y73.233 E.10855
G1 X-2.624 Y77.767 F30000
G1 F6000
G1 X-4.933 Y77.767 E.10855
G1 X-6.881 Y74.919 E.16225
G1 X-7.345 Y74.455 E.03084
G1 X-9.131 Y73.233 E.10177
G1 X-15.007 Y73.233 E.27632
G1 X-13.221 Y74.455 E.10177
G1 X-12.757 Y74.919 E.03084
G1 X-10.809 Y77.767 E.16225
G1 X-16.685 Y77.767 E.27632
G1 X-18.633 Y74.919 E.16225
G1 X-19.097 Y74.455 E.03084
G1 X-20.883 Y73.233 E.10177
G1 X-26.759 Y73.233 E.27632
G1 X-24.973 Y74.455 E.10177
G1 X-24.509 Y74.919 E.03084
G1 X-22.561 Y77.767 E.16225
G1 X-28.437 Y77.767 E.27632
G1 X-30.385 Y74.919 E.16225
G1 X-30.849 Y74.455 E.03084
G1 X-32.635 Y73.233 E.10177
G1 X-33.233 Y73.233 E.02813
G1 X-33.233 Y72.824 E.01925
G1 X-33.787 Y72.445 E.03155
G1 X-34.251 Y71.981 E.03084
G1 X-36.261 Y69.043 E.16741
G1 X-36.767 Y68.551 E.03317
G1 X-36.767 Y74.427 E.27632
G1 X-36.261 Y74.919 E.03317
G1 X-34.313 Y77.767 E.16225
G1 X-32.005 Y77.767 E.10855
G1 X-33.233 Y69.256 F30000
G1 F6000
G1 X-33.233 Y66.948 E.10855
G1 X-33.787 Y66.569 E.03155
G1 X-34.251 Y66.105 E.03084
G1 X-36.261 Y63.167 E.16741
G1 X-36.767 Y62.675 E.03317
G1 X-36.767 Y56.799 E.27632
G1 X-36.261 Y57.291 E.03317
G1 X-34.251 Y60.229 E.16741
G1 X-33.787 Y60.693 E.03084
G1 X-33.233 Y61.072 E.03155
G1 X-33.233 Y55.196 E.27632
G1 X-33.787 Y54.817 E.03155
G1 X-34.251 Y54.353 E.03084
G1 X-36.261 Y51.415 E.16741
G1 X-36.767 Y50.923 E.03317
G1 X-36.767 Y48.615 E.10855
G1 X-33.233 Y47.012 F30000
G1 F6000
G1 X-33.233 Y49.32 E.10855
G1 X-33.787 Y48.941 E.03155
G1 X-34.251 Y48.477 E.03084
G1 X-36.261 Y45.539 E.16741
G1 X-36.767 Y45.047 E.03317
G1 X-36.767 Y39.171 E.27632
G1 X-36.261 Y39.663 E.03317
G1 X-34.251 Y42.601 E.16741
G1 X-33.787 Y43.065 E.03084
G1 X-33.233 Y43.444 E.03155
G1 X-33.233 Y37.568 E.27632
G1 X-33.787 Y37.189 E.03155
G1 X-34.251 Y36.725 E.03084
G1 X-36.261 Y33.787 E.16741
G1 X-36.767 Y33.295 E.03317
G1 X-36.767 Y27.419 E.27632
G1 X-36.261 Y27.911 E.03317
G1 X-34.251 Y30.849 E.16741
G1 X-33.787 Y31.313 E.03084
G1 X-33.233 Y31.692 E.03155
G1 X-33.233 Y25.816 E.27632
G1 X-33.787 Y25.437 E.03155
G1 X-34.251 Y24.973 E.03084
G1 X-36.261 Y22.035 E.16741
G1 X-36.767 Y21.543 E.03317
G1 X-36.767 Y15.667 E.27632
G1 X-36.261 Y16.159 E.03317
G1 X-34.251 Y19.097 E.16741
G1 X-33.787 Y19.561 E.03084
G1 X-33.233 Y19.94 E.03155
G1 X-33.233 Y14.064 E.27632
G1 X-33.787 Y13.685 E.03155
G1 X-34.251 Y13.221 E.03084
G1 X-36.261 Y10.283 E.16741
G1 X-36.767 Y9.791 E.03317
G1 X-36.767 Y3.915 E.27632
G1 X-36.261 Y4.407 E.03317
G1 X-34.251 Y7.345 E.16741
G1 X-33.787 Y7.809 E.03084
G1 X-33.233 Y8.188 E.03155
G1 X-33.233 Y2.312 E.27632
G1 X-33.787 Y1.933 E.03155
G1 X-34.251 Y1.469 E.03084
G1 X-36.261 Y-1.469 E.16741
G1 X-36.767 Y-1.961 E.03317
G1 X-36.767 Y-7.837 E.27632
G1 X-36.261 Y-7.345 E.03317
G1 X-34.251 Y-4.407 E.16741
G1 X-33.787 Y-3.943 E.03084
G1 X-33.233 Y-3.564 E.03155
G1 X-33.233 Y-9.44 E.27632
G1 X-33.787 Y-9.819 E.03155
G1 X-34.251 Y-10.283 E.03084
G1 X-36.261 Y-13.221 E.16741
G1 X-36.767 Y-13.713 E.03317
G1 X-36.767 Y-19.589 E.27632
G1 X-36.261 Y-19.097 E.03317
G1 X-34.251 Y-16.159 E.16741
G1 X-33.787 Y-15.695 E.03084
G1 X-33.233 Y-15.316 E.03155
G1 X-33.233 Y-21.192 E.27632
G1 X-33.787 Y-21.571 E.03155
G1 X-34.251 Y-22.035 E.03084
G1 X-36.261 Y-24.973 E.16741
G1 X-36.767 Y-25.465 E.03317
G1 X-36.767 Y-31.341 E.27632
G1 X-36.261 Y-30.849 E.03317
G1 X-34.251 Y-27.911 E.16741
G1 X-33.787 Y-27.447 E.03084
G1 X-33.233 Y-27.068 E.03155
G1 X-33.233 Y-32.944 E.27632
G1 X-33.787 Y-33.323 E.03155
G1 X-34.251 Y-33.787 E.03084
G1 X-36.261 Y-36.725 E.16741
G1 X-36.767 Y-37.217 E.03317
G1 X-36.767 Y-43.093 E.27632
G1 X-36.261 Y-42.601 E.03317
G1 X-34.251 Y-39.663 E.16741
G1 X-33.787 Y-39.199 E.03084
G1 X-33.233 Y-38.82 E.03155
G1 X-33.233 Y-44.696 E.27632
G1 X-33.787 Y-45.075 E.03155
G1 X-34.251 Y-45.539 E.03084
G1 X-36.261 Y-48.477 E.16741
G1 X-36.767 Y-48.969 E.03317
G1 X-36.767 Y-54.845 E.27632
G1 X-36.261 Y-54.353 E.03317
G1 X-34.251 Y-51.415 E.16741
G1 X-33.787 Y-50.951 E.03084
G1 X-33.233 Y-50.572 E.03155
G1 X-33.233 Y-56.448 E.27632
G1 X-33.787 Y-56.827 E.03155
G1 X-34.251 Y-57.291 E.03084
G1 X-36.261 Y-60.229 E.16741
G1 X-36.767 Y-60.721 E.03317
G1 X-36.767 Y-66.597 E.27632
G1 X-36.261 Y-66.105 E.03317
G1 X-34.251 Y-63.167 E.16741
G1 X-33.787 Y-62.703 E.03084
G1 X-33.233 Y-62.324 E.03155
G1 X-33.233 Y-68.2 E.27632
G1 X-33.787 Y-68.579 E.03155
G1 X-34.251 Y-69.043 E.03084
G1 X-36.261 Y-71.981 E.16741
G1 X-36.767 Y-72.473 E.03317
G1 X-36.767 Y-72.617 E.00675
G1 X-36.531 Y-72.617 E.0111
G1 X-36.341 Y-72.807 E.01265
G1 X-35.533 Y-72.623 E.03893
G1 X-35.024 Y-72.583 E.02403
G1 X-34.704 Y-72.605 E.01509
G1 X-36.527 Y-73.383 F30000
SET_VELOCITY_LIMIT ACCEL=7000
;TYPE:Internal solid infill
;WIDTH:0.571404
G1 F9000
G1 X-36.593 Y-73.383 E.00284
G1 X-36.626 Y-73.326 E.00284
G1 X-36.593 Y-73.269 E.00284
G1 X-36.527 Y-73.269 E.00284
G1 X-36.512 Y-73.295 E.00129
SET_VELOCITY_LIMIT ACCEL=10000
G1 X-32.974 Y-76.305 F30000
SET_VELOCITY_LIMIT ACCEL=7000
;WIDTH:0.634428
G1 F9000
G1 X-34.435 Y-77.767 E.09961
G1 X-35.271 Y-77.767 E.04032
G1 X-33.233 Y-75.729 E.13893
G1 X-33.233 Y-74.892 E.04032
G1 X-36.108 Y-77.767 E.19595
G1 X-36.767 Y-77.767 E.03175
G1 X-36.767 Y-77.589 E.00857
G1 X-33.233 Y-74.056 E.24085
G1 X-33.233 Y-73.219 E.04032
G1 X-36.767 Y-76.752 E.24085
G1 X-36.767 Y-75.916 E.04032
G1 X-34.139 Y-73.288 E.17911
G1 X-34.531 Y-73.197 E.01942
G1 X-34.859 Y-73.171 E.01581
G1 X-36.767 Y-75.079 E.13007
G1 X-36.767 Y-74.243 E.04032
G1 X-35.46 Y-72.936 E.08909
SET_VELOCITY_LIMIT ACCEL=10000
G1 X-33.427 Y-77.599 F30000
SET_VELOCITY_LIMIT ACCEL=7000
;WIDTH:0.617138
G1 F9000
G1 X-33.499 Y-77.599 E.00336
G1 X-33.535 Y-77.537 E.00336
G1 X-33.499 Y-77.475 E.00336
G1 X-33.427 Y-77.475 E.00336
G1 X-33.409 Y-77.506 E.00167
SET_VELOCITY_LIMIT ACCEL=10000
G1 E-1.2 F2100
;WIPE_START
G1 F9000
G1 X-33.427 Y-77.475
G1 X-33.499 Y-77.475
G1 X-33.535 Y-77.537
G1 X-33.499 Y-77.599
G1 X-33.427 Y-77.599
;WIPE_END
G1 X-25.809 Y-77.119 Z1.4 F30000
G1 X33.473 Y-73.383 Z1.4
G1 Z1
G1 E1.2 F2100
SET_VELOCITY_LIMIT ACCEL=7000
;WIDTH:0.571406
G1 F9000
G1 X33.407 Y-73.383 E.00284
G1 X33.374 Y-73.326 E.00284
G1 X33.407 Y-73.269 E.00284
G1 X33.473 Y-73.269 E.00284
G1 X33.488 Y-73.295 E.00129
SET_VELOCITY_LIMIT ACCEL=10000
G1 X35.709 Y-72.661 F30000
;TYPE:Sparse infill
;WIDTH:0.62
G1 F6000
G1 X35.533 Y-72.623 E.00845
G1 X34.976 Y-72.583 E.02627
G1 X34.422 Y-72.63 E.02615
G1 X33.659 Y-72.807 E.03681
G1 X33.496 Y-72.644 E.01085
G1 X33.787 Y-72.445 E.01657
G1 X34.251 Y-71.981 E.03084
G1 X36.261 Y-69.043 E.16741
G1 X36.767 Y-68.551 E.03317
G1 X36.767 Y-62.675 E.27632
G1 X36.261 Y-63.167 E.03317
G1 X34.251 Y-66.105 E.16741
G1 X33.787 Y-66.569 E.03084
G1 X33.233 Y-66.948 E.03155
G1 X33.233 Y-61.072 E.27632
G1 X33.787 Y-60.693 E.03155
G1 X34.251 Y-60.229 E.03084
G1 X36.261 Y-57.291 E.16741
G1 X36.767 Y-56.799 E.03317
G1 X36.767 Y-54.491 E.10855
G1 X33.233 Y-57.504 F30000
G1 F6000
G1 X33.233 Y-55.196 E.10855
G1 X33.787 Y-54.817 E.03155
G1 X34.251 Y-54.353 E.03084
G1 X36.261 Y-51.415 E.16741
G1 X36.767 Y-50.923 E.03317
G1 X36.767 Y-45.047 E.27632
G1 X36.261 Y-45.539 E.03317
G1 X34.251 Y-48.477 E.16741
G1 X33.787 Y-48.941 E.03084
G1 X33.233 Y-49.32 E.03155
G1 X33.233 Y-43.444 E.27632
G1 X33.787 Y-43.065 E.03155
G1 X34.251 Y-42.601 E.03084
G1 X36.261 Y-39.663 E.16741
G1 X36.767 Y-39.171 E.03317
G1 X36.767 Y-33.295 E.27632
G1 X36.261 Y-33.787 E.03317
G1 X34.251 Y-36.725 E.16741
G1 X33.787 Y-37.189 E.03084
G1 X33.233 Y-37.568 E.03155
G1 X33.233 Y-39.876 E.10855
G1 X36.767 Y-25.111 F30000
G1 F6000
G1 X36.767 Y-27.419 E.10855
G1 X36.261 Y-27.911 E.03317
G1 X34.251 Y-30.849 E.16741
G1 X33.787 Y-31.313 E.03084
G1 X33.233 Y-31.692 E.03155
G1 X33.233 Y-25.816 E.27632
G1 X33.787 Y-25.437 E.03155
G1 X34.251 Y-24.973 E.03084
G1 X36.261 Y-22.035 E.16741
G1 X36.767 Y-21.543 E.03317
G1 X36.767 Y-19.235 E.10855
G1 X33.233 Y-22.248 F30000
G1 F6000
G1 X33.233 Y-19.94 E.10855
G1 X33.787 Y-19.561 E.03155
G1 X34.251 Y-19.097 E.03084
G1 X36.261 Y-16.159 E.16741
G1 X36.767 Y-15.667 E.03317
G1 X36.767 Y-9.791 E.27632
G1 X36.261 Y-10.283 E.03317
G1 X34.251 Y-13.221 E.16741
G1 X33.787 Y-13.685 E.03084
G1 X33.233 Y-14.064 E.03155
G1 X33.233 Y-8.188 E.27632
G1 X33.787 Y-7.809 E.03155
G1 X34.251 Y-7.345 E.03084
G1 X36.261 Y-4.407 E.16741
G1 X36.767 Y-3.915 E.03317
G1 X36.767 Y1.961 E.27632
G1 X36.261 Y1.469 E.03317
G1 X34.251 Y-1.469 E.16741
G1 X33.787 Y-1.933 E.03084
G1 X33.233 Y-2.312 E.03155
G1 X33.233 Y3.564 E.27632
G1 X33.787 Y3.943 E.03155
G1 X34.251 Y4.407 E.03084
G1 X36.261 Y7.345 E.16741
G1 X36.767 Y7.837 E.03317
G1 X36.767 Y13.713 E.27632
G1 X36.261 Y13.221 E.03317
G1 X34.251 Y10.283 E.16741
G1 X33.787 Y9.819 E.03084
G1 X33.233 Y9.44 E.03155
G1 X33.233 Y15.316 E.27632
G1 X33.787 Y15.695 E.03155
G1 X34.251 Y16.159 E.03084
G1 X36.261 Y19.097 E.16741
G1 X36.767 Y19.589 E.03317
G1 X36.767 Y25.465 E.27632
G1 X36.261 Y24.973 E.03317
G1 X34.251 Y22.035 E.16741
G1 X33.787 Y21.571 E.03084
G1 X33.233 Y21.192 E.03155
G1 X33.233 Y27.068 E.27632
G1 X33.787 Y27.447 E.03155
G1 X34.251 Y27.911 E.03084
G1 X36.261 Y30.849 E.16741
G1 X36.767 Y31.341 E.03317
G1 X36.767 Y37.217 E.27632
G1 X36.261 Y36.725 E.03317
G1 X34.251 Y33.787 E.16741
G1 X33.787 Y33.323 E.03084
G1 X33.233 Y32.944 E.03155
G1 X33.233 Y35.253 E.10855
G1 X37.026 Y-76.305 F30000
SET_VELOCITY_LIMIT ACCEL=7000
;TYPE:Internal solid infill
;WIDTH:0.634428
G1 F9000
G1 X35.565 Y-77.767 E.09961
G1 X34.729 Y-77.767 E.04032
G1 X36.767 Y-75.729 E.13893
G1 X36.767 Y-74.892 E.04032
G1 X33.892 Y-77.767 E.19595
G1 X33.233 Y-77.767 E.03175
G1 X33.233 Y-77.589 E.00857
G1 X36.767 Y-74.056 E.24085
G1 X36.767 Y-73.219 E.04032
G1 X33.233 Y-76.752 E.24085
G1 X33.233 Y-75.916 E.04032
G1 X35.861 Y-73.288 E.17911
G1 X35.469 Y-73.197 E.01942
G1 X35.141 Y-73.171 E.01581
G1 X33.233 Y-75.079 E.13007
G1 X33.233 Y-74.243 E.04032
G1 X34.54 Y-72.936 E.08909
SET_VELOCITY_LIMIT ACCEL=10000
G1 X36.573 Y-77.599 F30000
SET_VELOCITY_LIMIT ACCEL=7000
;WIDTH:0.617136
G1 F9000
G1 X36.501 Y-77.599 E.00336
G1 X36.465 Y-77.537 E.00336
G1 X36.501 Y-77.475 E.00336
G1 X36.573 Y-77.475 E.00336
G1 X36.591 Y-77.506 E.00167
;LAYER_CHANGE
;Z:1.2
;HEIGHT:0.2
;BEFORE_LAYER_CHANGE
;1.2
G1 E-1.2 F2100
;WIPE_START
G1 F9000
G1 X36.573 Y-77.475
G1 X36.501 Y-77.475
G1 X36.465 Y-77.537
G1 X36.501 Y-77.599
G1 X36.573 Y-77.599
;WIPE_END
;AFTER_LAYER_CHANGE
;1.2
;_SET_FAN_SPEED_CHANGING_LAYER
SET_VELOCITY_LIMIT ACCEL=10000
G17
G3 Z1.6 I-1.217 J-.03 P1  F30000
G1 X32.887 Y72.887 Z1.6
G1 Z1.2
M73 P28 R12
G1 E1.2 F2100
SET_VELOCITY_LIMIT ACCEL=5000
;TYPE:Inner wall
;WIDTH:0.62
G1 F9000
G1 X32.887 Y-78.113 E7.10073
G1 X37.113 Y-78.113 E.19872
G1 X37.113 Y78.113 E7.34647
G1 X-37.113 Y78.113 E3.49045
G1 X-37.113 Y-78.113 E7.34647
G1 X-32.887 Y-78.113 E.19872
G1 X-32.887 Y72.887 E7.10073
G1 X32.851 Y72.887 E3.09132
SET_VELOCITY_LIMIT ACCEL=10000
G1 X32.31 Y72.31 F30000
SET_VELOCITY_LIMIT ACCEL=5000
;TYPE:Outer wall
G1 F7200
G1 X32.31 Y-78.69 E7.10073
G1 X37.69 Y-78.69 E.25299
G1 X37.69 Y78.69 E7.40074
G1 X-37.69 Y78.69 E3.54472
G1 X-37.69 Y-78.69 E7.40074
G1 X-32.31 Y-78.69 E.25299
G1 X-32.31 Y72.31 E7.10073
G1 X32.274 Y72.31 E3.03704
M73 P29 R12
SET_VELOCITY_LIMIT ACCEL=10000
G1 E-1.2 F2100
;WIPE_START
G1 F7200
G1 X32.274 Y70.31
;WIPE_END
G1 X33.989 Y62.873 Z1.6 F30000
G1 X36.767 Y50.827 Z1.6
G1 Z1.2
G1 E1.2 F2100
;TYPE:Sparse infill
G1 F6000
G1 X36.767 Y48.519 E.10855
G1 X33.233 Y44.985 E.23498
G1 X33.233 Y39.109 E.27632
G1 X36.767 Y42.643 E.23498
G1 X36.767 Y36.767 E.27632
G1 X33.233 Y33.233 E.23498
G1 X33.233 Y27.357 E.27632
G1 X36.767 Y30.891 E.23498
G1 X36.767 Y25.015 E.27632
G1 X33.233 Y21.481 E.23498
G1 X33.233 Y15.605 E.27632
G1 X36.767 Y19.139 E.23498
G1 X36.767 Y13.263 E.27632
G1 X33.233 Y9.729 E.23498
G1 X33.233 Y3.853 E.27632
G1 X36.767 Y7.387 E.23498
G1 X36.767 Y1.511 E.27632
G1 X33.233 Y-2.023 E.23498
G1 X33.233 Y-7.899 E.27632
G1 X36.767 Y-4.365 E.23498
G1 X36.767 Y-10.241 E.27632
G1 X33.233 Y-13.775 E.23498
G1 X33.233 Y-19.651 E.27632
G1 X36.767 Y-16.117 E.23498
G1 X36.767 Y-21.994 E.27632
G1 X33.233 Y-25.527 E.23498
G1 X33.233 Y-31.403 E.27632
G1 X36.767 Y-27.87 E.23498
G1 X36.767 Y-25.561 E.10855
G1 X33.233 Y-39.587 F30000
G1 F6000
G1 X33.233 Y-37.279 E.10855
G1 X36.767 Y-33.746 E.23498
G1 X36.767 Y-39.622 E.27632
G1 X33.233 Y-43.155 E.23498
G1 X33.233 Y-45.463 E.10855
G1 X36.767 Y-43.189 F30000
G1 F6000
G1 X36.767 Y-45.498 E.10855
G1 X33.233 Y-49.031 E.23498
G1 X33.233 Y-54.907 E.27632
G1 X36.767 Y-51.374 E.23498
G1 X36.767 Y-57.25 E.27632
G1 X33.233 Y-60.783 E.23498
G1 X33.233 Y-66.659 E.27632
G1 X36.767 Y-63.126 E.23498
G1 X36.767 Y-69.002 E.27632
G1 X33.233 Y-72.535 E.23498
G1 X33.233 Y-72.617 E.00385
G1 X33.469 Y-72.617 E.0111
G1 X33.609 Y-72.757 E.00931
G1 X33.995 Y-72.617 E.01927
G1 X34.52 Y-72.499 E.02534
G1 X34.976 Y-72.463 E.0215
G1 X35.361 Y-72.49 E.01816
G1 X35.093 Y-72.787 F30000
SET_VELOCITY_LIMIT ACCEL=7000
;TYPE:Internal solid infill
;WIDTH:0.634428
G1 F9000
G1 X36.767 Y-74.461 E.11411
G1 X36.767 Y-75.297 E.04032
G1 X34.55 Y-73.081 E.15108
G1 X34.143 Y-73.175 E.02017
G1 X33.898 Y-73.265 E.01255
G1 X36.767 Y-76.134 E.19552
G1 X36.767 Y-76.97 E.04032
G1 X33.233 Y-73.437 E.24085
G1 X33.233 Y-74.273 E.04032
G1 X36.727 Y-77.767 E.23812
G1 X35.89 Y-77.767 E.04032
G1 X33.233 Y-75.11 E.1811
G1 X33.233 Y-75.947 E.04032
G1 X35.053 Y-77.767 E.12407
G1 X34.217 Y-77.767 E.04032
G1 X32.974 Y-76.523 E.08475
SET_VELOCITY_LIMIT ACCEL=10000
G1 X33.431 Y-77.656 F30000
SET_VELOCITY_LIMIT ACCEL=7000
;WIDTH:0.55292
G1 F9000
G1 X33.367 Y-77.656 E.00265
G1 X33.335 Y-77.601 E.00265
G1 X33.367 Y-77.546 E.00265
G1 X33.431 Y-77.546 E.00265
G1 X33.445 Y-77.57 E.00115
SET_VELOCITY_LIMIT ACCEL=10000
G1 X36.534 Y-73.451 F30000
SET_VELOCITY_LIMIT ACCEL=7000
;WIDTH:0.7077
G1 F9000
G1 X36.45 Y-73.451 E.0045
G1 X36.409 Y-73.379 E.0045
G1 X36.45 Y-73.307 E.0045
G1 X36.534 Y-73.307 E.0045
G1 X36.557 Y-73.348 E.00255
SET_VELOCITY_LIMIT ACCEL=10000
G1 E-1.2 F2100
;WIPE_START
G1 F9000
G1 X36.534 Y-73.307
G1 X36.45 Y-73.307
G1 X36.409 Y-73.379
G1 X36.45 Y-73.451
G1 X36.534 Y-73.451
;WIPE_END
G1 X28.901 Y-73.451 Z1.6 F30000
G1 X-33.466 Y-73.451 Z1.6
G1 Z1.2
G1 E1.2 F2100
SET_VELOCITY_LIMIT ACCEL=7000
;WIDTH:0.707702
G1 F9000
G1 X-33.55 Y-73.451 E.0045
G1 X-33.591 Y-73.379 E.0045
G1 X-33.55 Y-73.307 E.0045
G1 X-33.466 Y-73.307 E.0045
G1 X-33.443 Y-73.348 E.00255
SET_VELOCITY_LIMIT ACCEL=10000
G1 X-34.907 Y-72.787 F30000
SET_VELOCITY_LIMIT ACCEL=7000
;WIDTH:0.634428
G1 F9000
G1 X-33.233 Y-74.461 E.11411
G1 X-33.233 Y-75.297 E.04032
G1 X-35.45 Y-73.081 E.15108
G1 X-35.857 Y-73.175 E.02017
G1 X-36.102 Y-73.265 E.01255
G1 X-33.233 Y-76.134 E.19552
G1 X-33.233 Y-76.97 E.04032
G1 X-36.767 Y-73.437 E.24085
G1 X-36.767 Y-74.273 E.04032
G1 X-33.273 Y-77.767 E.23812
G1 X-34.11 Y-77.767 E.04032
G1 X-36.767 Y-75.11 E.1811
G1 X-36.767 Y-75.947 E.04032
G1 X-34.947 Y-77.767 E.12407
G1 X-35.783 Y-77.767 E.04032
G1 X-37.026 Y-76.523 E.08475
SET_VELOCITY_LIMIT ACCEL=10000
G1 X-36.569 Y-77.656 F30000
SET_VELOCITY_LIMIT ACCEL=7000
;WIDTH:0.55292
G1 F9000
G1 X-36.633 Y-77.656 E.00265
G1 X-36.665 Y-77.601 E.00265
G1 X-36.633 Y-77.546 E.00265
G1 X-36.569 Y-77.546 E.00265
G1 X-36.555 Y-77.57 E.00115
SET_VELOCITY_LIMIT ACCEL=10000
G1 X-35.149 Y-72.473 F30000
;TYPE:Sparse infill
;WIDTH:0.62
G1 F6000
G1 X-35.524 Y-72.506 E.0177
G1 X-36.005 Y-72.617 E.02322
G1 X-36.391 Y-72.757 E.01927
G1 X-36.531 Y-72.617 E.00931
G1 X-36.767 Y-72.617 E.0111
G1 X-36.767 Y-72.023 E.02794
G1 X-33.233 Y-68.489 E.23498
G1 X-33.233 Y-62.613 E.27632
G1 X-36.767 Y-66.147 E.23498
G1 X-36.767 Y-60.271 E.27632
G1 X-33.233 Y-56.737 E.23498
G1 X-33.233 Y-59.046 E.10855
G1 X-36.767 Y-56.703 F30000
G1 F6000
G1 X-36.767 Y-54.395 E.10855
G1 X-33.233 Y-50.861 E.23498
G1 X-33.233 Y-44.985 E.27632
G1 X-36.767 Y-48.519 E.23498
G1 X-36.767 Y-42.643 E.27632
G1 X-33.233 Y-39.109 E.23498
G1 X-33.233 Y-33.233 E.27632
G1 X-36.767 Y-36.767 E.23498
G1 X-36.767 Y-30.891 E.27632
G1 X-33.233 Y-27.357 E.23498
G1 X-33.233 Y-29.666 E.10855
G1 X-36.767 Y-27.323 F30000
G1 F6000
G1 X-36.767 Y-25.015 E.10855
G1 X-33.233 Y-21.481 E.23498
G1 X-33.233 Y-15.605 E.27632
G1 X-36.767 Y-19.139 E.23498
G1 X-36.767 Y-13.263 E.27632
G1 X-33.233 Y-9.729 E.23498
G1 X-33.233 Y-3.853 E.27632
G1 X-36.767 Y-7.387 E.23498
G1 X-36.767 Y-1.511 E.27632
G1 X-33.233 Y2.023 E.23498
G1 X-33.233 Y-.286 E.10855
G1 X-36.767 Y2.057 F30000
G1 F6000
G1 X-36.767 Y4.365 E.10855
G1 X-33.233 Y7.899 E.23498
G1 X-33.233 Y13.775 E.27632
G1 X-36.767 Y10.241 E.23498
G1 X-36.767 Y16.117 E.27632
G1 X-33.233 Y19.651 E.23498
G1 X-33.233 Y25.527 E.27632
G1 X-36.767 Y21.994 E.23498
G1 X-36.767 Y27.87 E.27632
G1 X-33.233 Y31.403 E.23498
G1 X-33.233 Y29.095 E.10855
G1 X-36.767 Y31.437 F30000
G1 F6000
G1 X-36.767 Y33.746 E.10855
G1 X-33.233 Y37.279 E.23498
G1 X-33.233 Y43.155 E.27632
G1 X-36.767 Y39.622 E.23498
G1 X-36.767 Y45.498 E.27632
G1 X-33.233 Y49.031 E.23498
G1 X-33.233 Y54.907 E.27632
G1 X-36.767 Y51.374 E.23498
G1 X-36.767 Y57.25 E.27632
G1 X-33.233 Y60.783 E.23498
G1 X-33.233 Y66.659 E.27632
G1 X-36.767 Y63.126 E.23498
G1 X-36.767 Y60.817 E.10855
G1 E-1.2 F2100
;WIPE_START
G1 F6000
G1 X-36.767 Y62.817
;WIPE_END
G1 X-30.919 Y67.723 Z1.6 F30000
G1 X-24.351 Y73.233 Z1.6
G1 Z1.2
G1 E1.2 F2100
G1 F6000
G1 X-26.659 Y73.233 E.10855
G1 X-22.126 Y77.767 E.30148
G1 X-28.002 Y77.767 E.27632
G1 X-32.535 Y73.233 E.30148
G1 X-33.233 Y73.233 E.03284
G1 X-33.233 Y72.535 E.03284
G1 X-36.767 Y69.002 E.23498
G1 X-36.767 Y74.878 E.27632
G1 X-33.878 Y77.767 E.19213
G1 X-31.569 Y77.767 E.10855
G1 X-18.558 Y77.767 F30000
G1 F6000
G1 X-16.25 Y77.767 E.10855
G1 X-20.783 Y73.233 E.30148
G1 X-14.907 Y73.233 E.27632
M73 P30 R12
G1 X-10.374 Y77.767 E.30148
G1 X-12.682 Y77.767 E.10855
G1 X-6.723 Y73.233 F30000
G1 F6000
G1 X-9.031 Y73.233 E.10855
G1 X-4.498 Y77.767 E.30148
G1 X1.378 Y77.767 E.27632
G1 X-3.155 Y73.233 E.30148
G1 X2.721 Y73.233 E.27632
G1 X7.254 Y77.767 E.30148
G1 X13.13 Y77.767 E.27632
G1 X8.597 Y73.233 E.30148
G1 X14.473 Y73.233 E.27632
G1 X19.006 Y77.767 E.30148
G1 X24.883 Y77.767 E.27632
G1 X20.349 Y73.233 E.30148
G1 X26.225 Y73.233 E.27632
G1 X30.759 Y77.767 E.30148
G1 X36.635 Y77.767 E.27632
G1 X32.101 Y73.233 E.30148
G1 X33.233 Y73.233 E.05324
G1 X33.233 Y68.489 E.22308
G1 X36.767 Y72.023 E.23498
G1 X36.767 Y66.147 E.27632
G1 X33.233 Y62.613 E.23498
G1 X33.233 Y56.737 E.27632
G1 X36.767 Y60.271 E.23498
G1 X36.767 Y54.395 E.27632
G1 X33.233 Y50.861 E.23498
G1 X33.233 Y48.553 E.10855
;LAYER_CHANGE
;Z:1.4
;HEIGHT:0.2
;BEFORE_LAYER_CHANGE
;1.4
G1 E-1.2 F2100
;WIPE_START
G1 F6000
G1 X33.233 Y50.553
;WIPE_END
;AFTER_LAYER_CHANGE
;1.4
;_SET_FAN_SPEED_CHANGING_LAYER
G17
G3 Z1.8 I-1.217 J-.019 P1  F30000
G1 X32.887 Y72.887 Z1.8
G1 Z1.4
G1 E1.2 F2100
SET_VELOCITY_LIMIT ACCEL=5000
;TYPE:Inner wall
G1 F9000
G1 X32.887 Y-78.113 E7.10073
G1 X37.113 Y-78.113 E.19872
G1 X37.113 Y78.113 E7.34647
G1 X-37.113 Y78.113 E3.49045
G1 X-37.113 Y-78.113 E7.34647
M73 P30 R11
G1 X-32.887 Y-78.113 E.19872
G1 X-32.887 Y72.887 E7.10073
G1 X32.851 Y72.887 E3.09132
SET_VELOCITY_LIMIT ACCEL=10000
G1 X32.31 Y72.31 F30000
SET_VELOCITY_LIMIT ACCEL=5000
;TYPE:Outer wall
G1 F7200
G1 X32.31 Y-78.69 E7.10073
G1 X37.69 Y-78.69 E.25299
G1 X37.69 Y78.69 E7.40074
G1 X-37.69 Y78.69 E3.54472
G1 X-37.69 Y-78.69 E7.40074
M73 P31 R11
G1 X-32.31 Y-78.69 E.25299
G1 X-32.31 Y72.31 E7.10073
G1 X32.274 Y72.31 E3.03704
SET_VELOCITY_LIMIT ACCEL=10000
G1 E-1.2 F2100
;WIPE_START
G1 F7200
G1 X32.274 Y70.31
;WIPE_END
G1 X33.989 Y62.873 Z1.8 F30000
G1 X36.767 Y50.827 Z1.8
G1 Z1.4
G1 E1.2 F2100
;TYPE:Sparse infill
G1 F6000
G1 X36.767 Y48.519 E.10855
G1 X33.233 Y44.985 E.23498
G1 X33.233 Y39.109 E.27632
G1 X36.767 Y42.643 E.23498
G1 X36.767 Y36.767 E.27632
G1 X33.233 Y33.233 E.23498
G1 X33.233 Y27.357 E.27632
G1 X36.767 Y30.891 E.23498
G1 X36.767 Y25.015 E.27632
G1 X33.233 Y21.481 E.23498
G1 X33.233 Y15.605 E.27632
G1 X36.767 Y19.139 E.23498
G1 X36.767 Y13.263 E.27632
G1 X33.233 Y9.729 E.23498
G1 X33.233 Y3.853 E.27632
G1 X36.767 Y7.387 E.23498
G1 X36.767 Y1.511 E.27632
G1 X33.233 Y-2.023 E.23498
G1 X33.233 Y-7.899 E.27632
G1 X36.767 Y-4.365 E.23498
G1 X36.767 Y-10.241 E.27632
G1 X33.233 Y-13.775 E.23498
G1 X33.233 Y-19.651 E.27632
G1 X36.767 Y-16.117 E.23498
G1 X36.767 Y-21.994 E.27632
G1 X33.233 Y-25.527 E.23498
G1 X33.233 Y-31.403 E.27632
G1 X36.767 Y-27.87 E.23498
G1 X36.767 Y-33.746 E.27632
G1 X33.233 Y-37.279 E.23498
G1 X33.233 Y-43.155 E.27632
G1 X36.767 Y-39.622 E.23498
G1 X36.767 Y-37.313 E.10855
G1 X33.233 Y-46.723 F30000
G1 F6000
G1 X33.233 Y-49.031 E.10855
G1 X36.767 Y-45.498 E.23498
G1 X36.767 Y-51.374 E.27632
G1 X33.233 Y-54.907 E.23498
G1 X33.233 Y-57.215 E.10855
G1 X36.767 Y-59.558 F30000
G1 F6000
G1 X36.767 Y-57.25 E.10855
G1 X33.233 Y-60.783 E.23498
G1 X33.233 Y-66.659 E.27632
G1 X36.767 Y-63.126 E.23498
G1 X36.767 Y-69.002 E.27632
G1 X33.233 Y-72.535 E.23498
G1 X33.233 Y-72.617 E.00385
G1 X33.469 Y-72.617 E.0111
G1 X33.55 Y-72.697 E.00535
G1 X34.051 Y-72.496 E.02538
G1 X34.529 Y-72.381 E.02314
G1 X34.976 Y-72.343 E.02109
G1 X35.371 Y-72.37 E.01861
G1 X33.497 Y-73.336 F30000
SET_VELOCITY_LIMIT ACCEL=7000
;TYPE:Internal solid infill
;WIDTH:0.614024
G1 F9000
G1 X33.425 Y-73.336 E.00332
G1 X33.39 Y-73.275 E.00332
G1 X33.425 Y-73.213 E.00332
G1 X33.497 Y-73.213 E.00332
G1 X33.515 Y-73.243 E.00165
SET_VELOCITY_LIMIT ACCEL=10000
G1 X37.026 Y-76.305 F30000
SET_VELOCITY_LIMIT ACCEL=7000
;WIDTH:0.634428
G1 F9000
G1 X35.565 Y-77.767 E.09961
G1 X34.729 Y-77.767 E.04032
G1 X36.767 Y-75.729 E.13893
G1 X36.767 Y-74.892 E.04032
G1 X33.892 Y-77.767 E.19595
G1 X33.233 Y-77.767 E.03175
G1 X33.233 Y-77.589 E.00857
G1 X36.767 Y-74.056 E.24085
G1 X36.767 Y-73.219 E.04032
G1 X33.233 Y-76.752 E.24085
G1 X33.233 Y-75.916 E.04032
G1 X36.008 Y-73.142 E.18912
G1 X35.753 Y-73.039 E.01325
G1 X35.364 Y-72.949 E.01925
G1 X33.233 Y-75.079 E.14522
G1 X33.233 Y-74.243 E.04032
G1 X34.801 Y-72.675 E.10688
SET_VELOCITY_LIMIT ACCEL=10000
G1 X36.573 Y-77.599 F30000
SET_VELOCITY_LIMIT ACCEL=7000
;WIDTH:0.617136
G1 F9000
G1 X36.501 Y-77.599 E.00336
G1 X36.465 Y-77.537 E.00336
G1 X36.501 Y-77.475 E.00336
G1 X36.573 Y-77.475 E.00336
G1 X36.591 Y-77.506 E.00167
SET_VELOCITY_LIMIT ACCEL=10000
G1 E-1.2 F2100
;WIPE_START
G1 F9000
G1 X36.573 Y-77.475
G1 X36.501 Y-77.475
G1 X36.465 Y-77.537
G1 X36.501 Y-77.599
G1 X36.573 Y-77.599
;WIPE_END
G1 X28.942 Y-77.457 Z1.8 F30000
G1 X-32.974 Y-76.305 Z1.8
G1 Z1.4
G1 E1.2 F2100
SET_VELOCITY_LIMIT ACCEL=7000
;WIDTH:0.634428
G1 F9000
G1 X-34.435 Y-77.767 E.09961
G1 X-35.271 Y-77.767 E.04032
G1 X-33.233 Y-75.729 E.13893
G1 X-33.233 Y-74.892 E.04032
G1 X-36.108 Y-77.767 E.19595
G1 X-36.767 Y-77.767 E.03175
G1 X-36.767 Y-77.589 E.00857
G1 X-33.233 Y-74.056 E.24085
G1 X-33.233 Y-73.219 E.04032
G1 X-36.767 Y-76.752 E.24085
G1 X-36.767 Y-75.916 E.04032
G1 X-33.992 Y-73.142 E.18912
G1 X-34.247 Y-73.039 E.01325
G1 X-34.636 Y-72.949 E.01925
G1 X-36.767 Y-75.079 E.14522
G1 X-36.767 Y-74.243 E.04032
G1 X-35.199 Y-72.675 E.10688
SET_VELOCITY_LIMIT ACCEL=10000
G1 X-35.14 Y-72.352 F30000
;TYPE:Sparse infill
;WIDTH:0.62
G1 F6000
G1 X-35.471 Y-72.381 E.01562
G1 X-35.905 Y-72.482 E.02095
G1 X-36.45 Y-72.697 E.02758
G1 X-36.531 Y-72.617 E.00535
G1 X-36.767 Y-72.617 E.0111
G1 X-36.767 Y-72.023 E.02794
G1 X-33.233 Y-68.489 E.23498
G1 X-33.233 Y-62.613 E.27632
G1 X-36.767 Y-66.147 E.23498
G1 X-36.767 Y-60.271 E.27632
G1 X-33.233 Y-56.737 E.23498
G1 X-33.233 Y-59.046 E.10855
G1 X-36.767 Y-56.703 F30000
G1 F6000
G1 X-36.767 Y-54.395 E.10855
G1 X-33.233 Y-50.861 E.23498
G1 X-33.233 Y-44.985 E.27632
G1 X-36.767 Y-48.519 E.23498
G1 X-36.767 Y-42.643 E.27632
G1 X-33.233 Y-39.109 E.23498
G1 X-33.233 Y-33.233 E.27632
G1 X-36.767 Y-36.767 E.23498
G1 X-36.767 Y-30.891 E.27632
G1 X-33.233 Y-27.357 E.23498
G1 X-33.233 Y-29.666 E.10855
G1 X-36.767 Y-27.323 F30000
G1 F6000
G1 X-36.767 Y-25.015 E.10855
G1 X-33.233 Y-21.481 E.23498
G1 X-33.233 Y-15.605 E.27632
G1 X-36.767 Y-19.139 E.23498
G1 X-36.767 Y-13.263 E.27632
G1 X-33.233 Y-9.729 E.23498
G1 X-33.233 Y-3.853 E.27632
G1 X-36.767 Y-7.387 E.23498
G1 X-36.767 Y-1.511 E.27632
G1 X-33.233 Y2.023 E.23498
G1 X-33.233 Y-.286 E.10855
G1 X-36.767 Y2.057 F30000
G1 F6000
G1 X-36.767 Y4.365 E.10855
G1 X-33.233 Y7.899 E.23498
G1 X-33.233 Y13.775 E.27632
G1 X-36.767 Y10.241 E.23498
G1 X-36.767 Y16.117 E.27632
G1 X-33.233 Y19.651 E.23498
G1 X-33.233 Y25.527 E.27632
M73 P32 R11
G1 X-36.767 Y21.994 E.23498
G1 X-36.767 Y27.87 E.27632
G1 X-33.233 Y31.403 E.23498
G1 X-33.233 Y29.095 E.10855
G1 X-36.767 Y31.437 F30000
G1 F6000
G1 X-36.767 Y33.746 E.10855
G1 X-33.233 Y37.279 E.23498
G1 X-33.233 Y43.155 E.27632
G1 X-36.767 Y39.622 E.23498
G1 X-36.767 Y45.498 E.27632
G1 X-33.233 Y49.031 E.23498
G1 X-33.233 Y54.907 E.27632
G1 X-36.767 Y51.374 E.23498
G1 X-36.767 Y57.25 E.27632
G1 X-33.233 Y60.783 E.23498
G1 X-33.233 Y66.659 E.27632
G1 X-36.767 Y63.126 E.23498
G1 X-36.767 Y60.817 E.10855
G1 E-1.2 F2100
;WIPE_START
G1 F6000
G1 X-36.767 Y62.817
;WIPE_END
G1 X-30.919 Y67.723 Z1.8 F30000
G1 X-24.351 Y73.233 Z1.8
G1 Z1.4
G1 E1.2 F2100
G1 F6000
G1 X-26.659 Y73.233 E.10855
G1 X-22.126 Y77.767 E.30148
G1 X-28.002 Y77.767 E.27632
G1 X-32.535 Y73.233 E.30148
G1 X-33.233 Y73.233 E.03284
G1 X-33.233 Y72.535 E.03284
G1 X-36.767 Y69.002 E.23498
G1 X-36.767 Y74.878 E.27632
G1 X-33.878 Y77.767 E.19213
G1 X-31.569 Y77.767 E.10855
G1 X-18.558 Y77.767 F30000
G1 F6000
G1 X-16.25 Y77.767 E.10855
G1 X-20.783 Y73.233 E.30148
G1 X-14.907 Y73.233 E.27632
G1 X-10.374 Y77.767 E.30148
G1 X-12.682 Y77.767 E.10855
G1 X-6.723 Y73.233 F30000
G1 F6000
G1 X-9.031 Y73.233 E.10855
G1 X-4.498 Y77.767 E.30148
G1 X1.378 Y77.767 E.27632
G1 X-3.155 Y73.233 E.30148
G1 X2.721 Y73.233 E.27632
G1 X7.254 Y77.767 E.30148
G1 X13.13 Y77.767 E.27632
G1 X8.597 Y73.233 E.30148
G1 X14.473 Y73.233 E.27632
G1 X19.006 Y77.767 E.30148
G1 X24.883 Y77.767 E.27632
G1 X20.349 Y73.233 E.30148
G1 X26.225 Y73.233 E.27632
G1 X30.759 Y77.767 E.30148
G1 X36.635 Y77.767 E.27632
G1 X32.101 Y73.233 E.30148
G1 X33.233 Y73.233 E.05324
G1 X33.233 Y68.489 E.22308
G1 X36.767 Y72.023 E.23498
G1 X36.767 Y66.147 E.27632
G1 X33.233 Y62.613 E.23498
G1 X33.233 Y56.737 E.27632
G1 X36.767 Y60.271 E.23498
G1 X36.767 Y54.395 E.27632
G1 X33.233 Y50.861 E.23498
G1 X33.233 Y48.553 E.10855
G1 E-1.2 F2100
;WIPE_START
G1 F6000
G1 X33.233 Y50.553
;WIPE_END
G1 X29.489 Y43.902 Z1.8 F30000
G1 X-36.503 Y-73.336 Z1.8
G1 Z1.4
G1 E1.2 F2100
SET_VELOCITY_LIMIT ACCEL=7000
;TYPE:Internal solid infill
;WIDTH:0.614022
G1 F9000
G1 X-36.575 Y-73.336 E.00332
G1 X-36.61 Y-73.275 E.00332
G1 X-36.575 Y-73.213 E.00332
G1 X-36.503 Y-73.213 E.00332
G1 X-36.485 Y-73.243 E.00165
SET_VELOCITY_LIMIT ACCEL=10000
G1 X-33.427 Y-77.599 F30000
SET_VELOCITY_LIMIT ACCEL=7000
;WIDTH:0.617138
G1 F9000
G1 X-33.499 Y-77.599 E.00336
G1 X-33.535 Y-77.537 E.00336
G1 X-33.499 Y-77.475 E.00336
G1 X-33.427 Y-77.475 E.00336
G1 X-33.409 Y-77.506 E.00167
;LAYER_CHANGE
;Z:1.6
;HEIGHT:0.2
;BEFORE_LAYER_CHANGE
;1.6
G1 E-1.2 F2100
;WIPE_START
G1 F9000
G1 X-33.427 Y-77.475
G1 X-33.499 Y-77.475
G1 X-33.535 Y-77.537
G1 X-33.499 Y-77.599
G1 X-33.427 Y-77.599
;WIPE_END
;AFTER_LAYER_CHANGE
;1.6
;_SET_FAN_SPEED_CHANGING_LAYER
SET_VELOCITY_LIMIT ACCEL=10000
G17
G3 Z2 I-1.114 J.491 P1  F30000
G1 X32.887 Y72.887 Z2
G1 Z1.6
G1 E1.2 F2100
SET_VELOCITY_LIMIT ACCEL=5000
;TYPE:Inner wall
;WIDTH:0.62
G1 F9000
G1 X32.887 Y-78.113 E7.10073
G1 X37.113 Y-78.113 E.19872
G1 X37.113 Y78.113 E7.34647
G1 X-37.113 Y78.113 E3.49045
G1 X-37.113 Y-78.113 E7.34647
G1 X-32.887 Y-78.113 E.19872
G1 X-32.887 Y72.887 E7.10073
G1 X32.851 Y72.887 E3.09132
SET_VELOCITY_LIMIT ACCEL=10000
G1 X32.31 Y72.31 F30000
M73 P33 R11
SET_VELOCITY_LIMIT ACCEL=5000
;TYPE:Outer wall
G1 F7200
G1 X32.31 Y-78.69 E7.10073
G1 X37.69 Y-78.69 E.25299
G1 X37.69 Y78.69 E7.40074
G1 X-37.69 Y78.69 E3.54472
G1 X-37.69 Y-78.69 E7.40074
G1 X-32.31 Y-78.69 E.25299
G1 X-32.31 Y72.31 E7.10073
G1 X32.274 Y72.31 E3.03704
SET_VELOCITY_LIMIT ACCEL=10000
G1 E-1.2 F2100
;WIPE_START
G1 F7200
G1 X32.274 Y70.31
;WIPE_END
G1 X24.663 Y70.881 Z2 F30000
G1 X-6.723 Y73.233 Z2
G1 Z1.6
G1 E1.2 F2100
;TYPE:Sparse infill
G1 F6000
G1 X-9.031 Y73.233 E.10855
G1 X-4.498 Y77.767 E.30148
G1 X1.378 Y77.767 E.27632
G1 X-3.155 Y73.233 E.30148
G1 X2.721 Y73.233 E.27632
G1 X7.254 Y77.767 E.30148
G1 X13.13 Y77.767 E.27632
G1 X8.597 Y73.233 E.30148
G1 X14.473 Y73.233 E.27632
G1 X19.006 Y77.767 E.30148
G1 X24.883 Y77.767 E.27632
G1 X20.349 Y73.233 E.30148
G1 X26.225 Y73.233 E.27632
G1 X30.759 Y77.767 E.30148
G1 X36.635 Y77.767 E.27632
G1 X32.101 Y73.233 E.30148
G1 X33.233 Y73.233 E.05324
G1 X33.233 Y68.489 E.22308
G1 X36.767 Y72.023 E.23498
G1 X36.767 Y66.147 E.27632
G1 X33.233 Y62.613 E.23498
G1 X33.233 Y56.737 E.27632
G1 X36.767 Y60.271 E.23498
G1 X36.767 Y54.395 E.27632
G1 X33.233 Y50.861 E.23498
G1 X33.233 Y44.985 E.27632
G1 X36.767 Y48.519 E.23498
G1 X36.767 Y42.643 E.27632
G1 X33.233 Y39.109 E.23498
G1 X33.233 Y33.233 E.27632
G1 X36.767 Y36.767 E.23498
G1 X36.767 Y30.891 E.27632
G1 X33.233 Y27.357 E.23498
G1 X33.233 Y21.481 E.27632
G1 X36.767 Y25.015 E.23498
G1 X36.767 Y19.139 E.27632
G1 X33.233 Y15.605 E.23498
G1 X33.233 Y9.729 E.27632
G1 X36.767 Y13.263 E.23498
G1 X36.767 Y7.387 E.27632
G1 X33.233 Y3.853 E.23498
G1 X33.233 Y-2.023 E.27632
G1 X36.767 Y1.511 E.23498
G1 X36.767 Y-4.365 E.27632
G1 X33.233 Y-7.899 E.23498
G1 X33.233 Y-13.775 E.27632
G1 X36.767 Y-10.241 E.23498
G1 X36.767 Y-7.933 E.10855
G1 X33.233 Y-17.343 F30000
G1 F6000
G1 X33.233 Y-19.651 E.10855
G1 X36.767 Y-16.117 E.23498
G1 X36.767 Y-21.994 E.27632
G1 X33.233 Y-25.527 E.23498
G1 X33.233 Y-31.403 E.27632
G1 X36.767 Y-27.87 E.23498
G1 X36.767 Y-33.746 E.27632
G1 X33.233 Y-37.279 E.23498
M73 P34 R11
G1 X33.233 Y-43.155 E.27632
G1 X36.767 Y-39.622 E.23498
G1 X36.767 Y-37.313 E.10855
G1 X33.233 Y-51.339 F30000
G1 F6000
G1 X33.233 Y-49.031 E.10855
G1 X36.767 Y-45.498 E.23498
G1 X36.767 Y-51.374 E.27632
G1 X33.233 Y-54.907 E.23498
G1 X33.233 Y-60.783 E.27632
G1 X36.767 Y-57.25 E.23498
G1 X36.767 Y-59.558 E.10855
G1 X33.233 Y-68.967 F30000
G1 F6000
G1 X33.233 Y-66.659 E.10855
G1 X36.767 Y-63.126 E.23498
G1 X36.767 Y-69.002 E.27632
G1 X33.233 Y-72.535 E.23498
G1 X33.233 Y-72.617 E.00385
G1 X33.469 Y-72.617 E.0111
G1 X33.492 Y-72.639 E.00149
G1 X33.784 Y-72.5 E.01524
G1 X34.189 Y-72.351 E.02028
G1 X34.583 Y-72.257 E.01904
G1 X34.976 Y-72.223 E.01856
G1 X35.378 Y-72.251 E.01897
G1 X35.412 Y-72.582 F30000
SET_VELOCITY_LIMIT ACCEL=2000
;TYPE:Top surface
;WIDTH:0.633999
G1 F7200
G1 X37.026 Y-74.196 E.10994
SET_VELOCITY_LIMIT ACCEL=10000
G1 X37.026 Y-75.032 F30000
SET_VELOCITY_LIMIT ACCEL=2000
G1 F7200
G1 X34.579 Y-72.584 E.16674
SET_VELOCITY_LIMIT ACCEL=10000
G1 X33.94 Y-72.781 F30000
SET_VELOCITY_LIMIT ACCEL=2000
G1 F7200
G1 X37.026 Y-75.868 E.21024
SET_VELOCITY_LIMIT ACCEL=10000
G1 X37.026 Y-76.703 F30000
SET_VELOCITY_LIMIT ACCEL=2000
G1 F7200
G1 X33.257 Y-72.934 E.25674
SET_VELOCITY_LIMIT ACCEL=10000
G1 X32.974 Y-73.487 F30000
SET_VELOCITY_LIMIT ACCEL=2000
G1 F7200
G1 X37.026 Y-77.539 E.27606
SET_VELOCITY_LIMIT ACCEL=10000
G1 X36.677 Y-78.026 F30000
SET_VELOCITY_LIMIT ACCEL=2000
G1 F7200
G1 X32.974 Y-74.323 E.25229
SET_VELOCITY_LIMIT ACCEL=10000
G1 X32.974 Y-75.158 F30000
SET_VELOCITY_LIMIT ACCEL=2000
G1 F7200
G1 X35.842 Y-78.026 E.19535
SET_VELOCITY_LIMIT ACCEL=10000
G1 X35.006 Y-78.026 F30000
SET_VELOCITY_LIMIT ACCEL=2000
G1 F7200
G1 X32.974 Y-75.994 E.13841
SET_VELOCITY_LIMIT ACCEL=10000
G1 X32.974 Y-76.83 F30000
SET_VELOCITY_LIMIT ACCEL=2000
G1 F7200
G1 X34.17 Y-78.026 E.08147
SET_VELOCITY_LIMIT ACCEL=10000
G1 E-1.2 F2100
;WIPE_START
G1 F7200
G1 X32.974 Y-76.83
;WIPE_END
G1 X25.356 Y-76.351 Z2 F30000
G1 X-34.588 Y-72.582 Z2
G1 Z1.6
G1 E1.2 F2100
SET_VELOCITY_LIMIT ACCEL=2000
G1 F7200
G1 X-32.974 Y-74.196 E.10994
SET_VELOCITY_LIMIT ACCEL=10000
G1 X-32.974 Y-75.032 F30000
SET_VELOCITY_LIMIT ACCEL=2000
G1 F7200
G1 X-35.421 Y-72.584 E.16674
SET_VELOCITY_LIMIT ACCEL=10000
G1 X-36.06 Y-72.781 F30000
SET_VELOCITY_LIMIT ACCEL=2000
G1 F7200
G1 X-32.974 Y-75.868 E.21024
SET_VELOCITY_LIMIT ACCEL=10000
G1 X-32.974 Y-76.703 F30000
SET_VELOCITY_LIMIT ACCEL=2000
G1 F7200
G1 X-36.743 Y-72.934 E.25674
SET_VELOCITY_LIMIT ACCEL=10000
G1 X-37.026 Y-73.487 F30000
SET_VELOCITY_LIMIT ACCEL=2000
G1 F7200
G1 X-32.974 Y-77.539 E.27606
SET_VELOCITY_LIMIT ACCEL=10000
G1 X-33.323 Y-78.026 F30000
SET_VELOCITY_LIMIT ACCEL=2000
G1 F7200
G1 X-37.026 Y-74.323 E.25229
SET_VELOCITY_LIMIT ACCEL=10000
G1 X-37.026 Y-75.158 F30000
SET_VELOCITY_LIMIT ACCEL=2000
G1 F7200
G1 X-34.158 Y-78.026 E.19535
SET_VELOCITY_LIMIT ACCEL=10000
G1 X-34.994 Y-78.026 F30000
SET_VELOCITY_LIMIT ACCEL=2000
G1 F7200
G1 X-37.026 Y-75.994 E.13841
SET_VELOCITY_LIMIT ACCEL=10000
G1 X-37.026 Y-76.83 F30000
SET_VELOCITY_LIMIT ACCEL=2000
G1 F7200
G1 X-35.83 Y-78.026 E.08147
SET_VELOCITY_LIMIT ACCEL=10000
G1 E-1.2 F2100
;WIPE_START
G1 F7200
G1 X-37.026 Y-76.83
;WIPE_END
G1 X-35.132 Y-72.231 Z2 F30000
G1 Z1.6
G1 E1.2 F2100
;TYPE:Sparse infill
;WIDTH:0.62
G1 F6000
G1 X-35.417 Y-72.257 E.01346
G1 X-35.775 Y-72.34 E.01725
G1 X-36.216 Y-72.5 E.02207
G1 X-36.508 Y-72.639 E.01524
G1 X-36.531 Y-72.617 E.00149
G1 X-36.767 Y-72.617 E.0111
G1 X-36.767 Y-72.023 E.02794
G1 X-33.233 Y-68.489 E.23498
G1 X-33.233 Y-62.613 E.27632
G1 X-36.767 Y-66.147 E.23498
G1 X-36.767 Y-60.271 E.27632
G1 X-33.233 Y-56.737 E.23498
G1 X-33.233 Y-59.046 E.10855
G1 X-36.767 Y-56.703 F30000
G1 F6000
G1 X-36.767 Y-54.395 E.10855
G1 X-33.233 Y-50.861 E.23498
G1 X-33.233 Y-44.985 E.27632
G1 X-36.767 Y-48.519 E.23498
G1 X-36.767 Y-42.643 E.27632
G1 X-33.233 Y-39.109 E.23498
G1 X-33.233 Y-33.233 E.27632
G1 X-36.767 Y-36.767 E.23498
G1 X-36.767 Y-30.891 E.27632
G1 X-33.233 Y-27.357 E.23498
G1 X-33.233 Y-29.666 E.10855
G1 X-36.767 Y-27.323 F30000
G1 F6000
G1 X-36.767 Y-25.015 E.10855
G1 X-33.233 Y-21.481 E.23498
G1 X-33.233 Y-15.605 E.27632
G1 X-36.767 Y-19.139 E.23498
G1 X-36.767 Y-13.263 E.27632
G1 X-33.233 Y-9.729 E.23498
G1 X-33.233 Y-3.853 E.27632
G1 X-36.767 Y-7.387 E.23498
G1 X-36.767 Y-1.511 E.27632
G1 X-33.233 Y2.023 E.23498
G1 X-33.233 Y-.286 E.10855
G1 X-36.767 Y2.057 F30000
G1 F6000
G1 X-36.767 Y4.365 E.10855
G1 X-33.233 Y7.899 E.23498
G1 X-33.233 Y13.775 E.27632
G1 X-36.767 Y10.241 E.23498
G1 X-36.767 Y16.117 E.27632
G1 X-33.233 Y19.651 E.23498
G1 X-33.233 Y25.527 E.27632
G1 X-36.767 Y21.994 E.23498
G1 X-36.767 Y27.87 E.27632
G1 X-33.233 Y31.403 E.23498
G1 X-33.233 Y29.095 E.10855
G1 X-36.767 Y31.437 F30000
G1 F6000
G1 X-36.767 Y33.746 E.10855
G1 X-33.233 Y37.279 E.23498
G1 X-33.233 Y43.155 E.27632
G1 X-36.767 Y39.622 E.23498
G1 X-36.767 Y45.498 E.27632
G1 X-33.233 Y49.031 E.23498
G1 X-33.233 Y54.907 E.27632
G1 X-36.767 Y51.374 E.23498
G1 X-36.767 Y57.25 E.27632
G1 X-33.233 Y60.783 E.23498
G1 X-33.233 Y66.659 E.27632
G1 X-36.767 Y63.126 E.23498
G1 X-36.767 Y60.817 E.10855
G1 E-1.2 F2100
;WIPE_START
G1 F6000
G1 X-36.767 Y62.817
;WIPE_END
G1 X-30.919 Y67.723 Z2 F30000
G1 X-24.351 Y73.233 Z2
G1 Z1.6
G1 E1.2 F2100
G1 F6000
G1 X-26.659 Y73.233 E.10855
G1 X-22.126 Y77.767 E.30148
G1 X-28.002 Y77.767 E.27632
G1 X-32.535 Y73.233 E.30148
G1 X-33.233 Y73.233 E.03284
G1 X-33.233 Y72.535 E.03284
G1 X-36.767 Y69.002 E.23498
G1 X-36.767 Y74.878 E.27632
G1 X-33.878 Y77.767 E.19213
G1 X-31.569 Y77.767 E.10855
G1 X-18.558 Y77.767 F30000
G1 F6000
G1 X-16.25 Y77.767 E.10855
G1 X-20.783 Y73.233 E.30148
G1 X-14.907 Y73.233 E.27632
G1 X-10.374 Y77.767 E.30148
G1 X-12.682 Y77.767 E.10855
;LAYER_CHANGE
;Z:1.8
;HEIGHT:0.2
;BEFORE_LAYER_CHANGE
;1.8
G1 E-1.2 F2100
;WIPE_START
G1 F6000
G1 X-10.682 Y77.767
;WIPE_END
;AFTER_LAYER_CHANGE
;1.8
;_SET_FAN_SPEED_CHANGING_LAYER
G17
G3 Z2.2 I1.202 J-.19 P1  F30000
G1 X-34.48 Y-73.097 Z2.2
G1 Z1.8
G1 E1.2 F2100
SET_VELOCITY_LIMIT ACCEL=5000
;TYPE:Inner wall
G1 F9000
G1 X-33.624 Y-73.295 E.0413
G1 X-33.624 Y-78.113 E.22656
G1 X-32.887 Y-78.113 E.03467
G1 X-32.887 Y72.887 E7.10073
G1 X32.887 Y72.887 E3.09301
G1 X32.887 Y-78.113 E7.10073
G1 X33.624 Y-78.113 E.03467
M73 P35 R11
G1 X33.624 Y-73.295 E.22656
G1 X34.516 Y-73.088 E.04303
G1 X35 Y-73.05 E.02284
G1 X35.484 Y-73.088 E.02284
G1 X36.376 Y-73.295 E.04303
G1 X36.376 Y-78.113 E.22656
G1 X37.113 Y-78.113 E.03467
G1 X37.113 Y78.113 E7.34647
G1 X-37.113 Y78.113 E3.49045
G1 X-37.113 Y-78.113 E7.34647
G1 X-36.376 Y-78.113 E.03467
G1 X-36.376 Y-73.295 E.22656
G1 X-35.484 Y-73.088 E.04303
G1 X-35 Y-73.05 E.02284
G1 X-34.516 Y-73.088 E.02284
G1 X-34.515 Y-73.089 E.00004
SET_VELOCITY_LIMIT ACCEL=10000
G1 X-34.604 Y-73.66 F30000
SET_VELOCITY_LIMIT ACCEL=5000
;TYPE:Outer wall
G1 F7200
G1 X-34.201 Y-73.754 E.01944
G1 X-34.201 Y-78.69 E.23213
G1 X-32.31 Y-78.69 E.08894
G1 X-32.31 Y72.31 E7.10073
G1 X32.31 Y72.31 E3.03873
G1 X32.31 Y-78.69 E7.10073
G1 X34.201 Y-78.69 E.08894
G1 X34.201 Y-73.754 E.23213
G1 X34.604 Y-73.66 E.01944
G1 X35 Y-73.629 E.01867
G1 X35.396 Y-73.66 E.01867
G1 X35.799 Y-73.754 E.01944
G1 X35.799 Y-78.69 E.23213
G1 X37.69 Y-78.69 E.08894
G1 X37.69 Y78.69 E7.40074
G1 X-37.69 Y78.69 E3.54472
G1 X-37.69 Y-78.69 E7.40074
G1 X-35.799 Y-78.69 E.08894
G1 X-35.799 Y-73.754 E.23213
G1 X-35.396 Y-73.66 E.01944
M73 P36 R11
G1 X-35 Y-73.629 E.01867
G1 X-34.64 Y-73.657 E.01698
SET_VELOCITY_LIMIT ACCEL=10000
G1 E-1.2 F2100
;WIPE_START
G1 F7200
G1 X-34.201 Y-73.754
G1 X-34.201 Y-75.305
;WIPE_END
G1 X-35.378 Y-72.733 Z2.2 F30000
G1 Z1.8
G1 E1.2 F2100
;TYPE:Sparse infill
G1 F6000
G1 X-35.537 Y-72.745 E.00754
G1 X-36.297 Y-72.921 E.03665
G1 X-36.297 Y-72.738 E.00861
G1 X-36.767 Y-72.738 E.02211
G1 X-36.767 Y-72.023 E.03364
G1 X-33.233 Y-68.489 E.23498
G1 X-33.233 Y-62.613 E.27632
G1 X-36.767 Y-66.147 E.23498
G1 X-36.767 Y-60.271 E.27632
G1 X-33.233 Y-56.737 E.23498
G1 X-33.233 Y-59.046 E.10855
G1 X-36.767 Y-56.703 F30000
G1 F6000
G1 X-36.767 Y-54.395 E.10855
G1 X-33.233 Y-50.861 E.23498
G1 X-33.233 Y-44.985 E.27632
G1 X-36.767 Y-48.519 E.23498
G1 X-36.767 Y-42.643 E.27632
G1 X-33.233 Y-39.109 E.23498
G1 X-33.233 Y-33.233 E.27632
G1 X-36.767 Y-36.767 E.23498
G1 X-36.767 Y-30.891 E.27632
G1 X-33.233 Y-27.357 E.23498
G1 X-33.233 Y-29.666 E.10855
G1 X-36.767 Y-27.323 F30000
G1 F6000
G1 X-36.767 Y-25.015 E.10855
G1 X-33.233 Y-21.481 E.23498
G1 X-33.233 Y-15.605 E.27632
G1 X-36.767 Y-19.139 E.23498
G1 X-36.767 Y-13.263 E.27632
G1 X-33.233 Y-9.729 E.23498
G1 X-33.233 Y-3.853 E.27632
G1 X-36.767 Y-7.387 E.23498
G1 X-36.767 Y-1.511 E.27632
G1 X-33.233 Y2.023 E.23498
G1 X-33.233 Y-.286 E.10855
G1 X-36.767 Y2.057 F30000
G1 F6000
G1 X-36.767 Y4.365 E.10855
G1 X-33.233 Y7.899 E.23498
G1 X-33.233 Y13.775 E.27632
G1 X-36.767 Y10.241 E.23498
G1 X-36.767 Y16.117 E.27632
G1 X-33.233 Y19.651 E.23498
G1 X-33.233 Y25.527 E.27632
G1 X-36.767 Y21.994 E.23498
G1 X-36.767 Y27.87 E.27632
G1 X-33.233 Y31.403 E.23498
M73 P36 R10
G1 X-33.233 Y37.279 E.27632
G1 X-36.767 Y33.746 E.23498
G1 X-36.767 Y39.622 E.27632
G1 X-33.233 Y43.155 E.23498
G1 X-33.233 Y45.463 E.10855
G1 X-36.767 Y43.189 F30000
G1 F6000
G1 X-36.767 Y45.498 E.10855
G1 X-33.233 Y49.031 E.23498
G1 X-33.233 Y54.907 E.27632
G1 X-36.767 Y51.374 E.23498
G1 X-36.767 Y57.25 E.27632
G1 X-33.233 Y60.783 E.23498
G1 X-33.233 Y66.659 E.27632
G1 X-36.767 Y63.126 E.23498
G1 X-36.767 Y60.817 E.10855
G1 X-31.569 Y77.767 F30000
G1 F6000
G1 X-33.878 Y77.767 E.10855
G1 X-36.767 Y74.878 E.19213
G1 X-36.767 Y69.002 E.27632
G1 X-33.233 Y72.535 E.23498
G1 X-33.233 Y73.233 E.03284
G1 X-32.535 Y73.233 E.03284
G1 X-28.002 Y77.767 E.30148
G1 X-22.126 Y77.767 E.27632
G1 X-26.659 Y73.233 E.30148
G1 X-28.967 Y73.233 E.10855
G1 X-18.558 Y77.767 F30000
G1 F6000
G1 X-16.25 Y77.767 E.10855
G1 X-20.783 Y73.233 E.30148
G1 X-14.907 Y73.233 E.27632
G1 X-10.374 Y77.767 E.30148
G1 X-12.682 Y77.767 E.10855
G1 X-6.723 Y73.233 F30000
G1 F6000
G1 X-9.031 Y73.233 E.10855
G1 X-4.498 Y77.767 E.30148
G1 X1.378 Y77.767 E.27632
G1 X-3.155 Y73.233 E.30148
G1 X2.721 Y73.233 E.27632
G1 X7.254 Y77.767 E.30148
G1 X13.13 Y77.767 E.27632
G1 X8.597 Y73.233 E.30148
G1 X14.473 Y73.233 E.27632
G1 X19.006 Y77.767 E.30148
G1 X24.883 Y77.767 E.27632
G1 X20.349 Y73.233 E.30148
G1 X26.225 Y73.233 E.27632
G1 X30.759 Y77.767 E.30148
G1 X36.635 Y77.767 E.27632
G1 X32.101 Y73.233 E.30148
G1 X33.233 Y73.233 E.05324
G1 X33.233 Y68.489 E.22308
G1 X36.767 Y72.023 E.23498
G1 X36.767 Y66.147 E.27632
G1 X33.233 Y62.613 E.23498
G1 X33.233 Y56.737 E.27632
G1 X36.767 Y60.271 E.23498
G1 X36.767 Y54.395 E.27632
G1 X33.233 Y50.861 E.23498
G1 X33.233 Y48.553 E.10855
G1 X36.767 Y50.827 F30000
G1 F6000
G1 X36.767 Y48.519 E.10855
G1 X33.233 Y44.985 E.23498
G1 X33.233 Y39.109 E.27632
G1 X36.767 Y42.643 E.23498
G1 X36.767 Y36.767 E.27632
G1 X33.233 Y33.233 E.23498
G1 X33.233 Y27.357 E.27632
G1 X36.767 Y30.891 E.23498
G1 X36.767 Y25.015 E.27632
G1 X33.233 Y21.481 E.23498
G1 X33.233 Y15.605 E.27632
G1 X36.767 Y19.139 E.23498
G1 X36.767 Y13.263 E.27632
G1 X33.233 Y9.729 E.23498
G1 X33.233 Y3.853 E.27632
G1 X36.767 Y7.387 E.23498
G1 X36.767 Y1.511 E.27632
G1 X33.233 Y-2.023 E.23498
G1 X33.233 Y-7.899 E.27632
G1 X36.767 Y-4.365 E.23498
G1 X36.767 Y-10.241 E.27632
G1 X33.233 Y-13.775 E.23498
G1 X33.233 Y-19.651 E.27632
G1 X36.767 Y-16.117 E.23498
G1 X36.767 Y-21.994 E.27632
G1 X33.233 Y-25.527 E.23498
G1 X33.233 Y-31.403 E.27632
G1 X36.767 Y-27.87 E.23498
G1 X36.767 Y-25.561 E.10855
G1 X33.233 Y-39.587 F30000
G1 F6000
G1 X33.233 Y-37.279 E.10855
G1 X36.767 Y-33.746 E.23498
G1 X36.767 Y-39.622 E.27632
G1 X33.233 Y-43.155 E.23498
G1 X33.233 Y-45.463 E.10855
G1 X36.767 Y-43.189 F30000
G1 F6000
G1 X36.767 Y-45.498 E.10855
G1 X33.233 Y-49.031 E.23498
G1 X33.233 Y-54.907 E.27632
G1 X36.767 Y-51.374 E.23498
G1 X36.767 Y-57.25 E.27632
G1 X33.233 Y-60.783 E.23498
G1 X33.233 Y-66.659 E.27632
G1 X36.767 Y-63.126 E.23498
G1 X36.767 Y-69.002 E.27632
G1 X33.233 Y-72.535 E.23498
G1 X33.233 Y-72.738 E.00955
G1 X33.704 Y-72.738 E.02211
G1 X33.704 Y-72.921 E.00861
G1 X34.463 Y-72.745 E.03665
G1 X35 Y-72.703 E.02535
G1 X35.133 Y-72.713 E.00628
G1 X36.744 Y-73.084 F30000
;TYPE:Gap infill
;WIDTH:0.203082
G1 F9000
G1 X36.744 Y-77.824 E.06186
G1 E-1.2 F2100
;WIPE_START
G1 F9000
G1 X36.744 Y-75.824
;WIPE_END
G1 X33.256 Y-77.824 Z2.2 F30000
G1 Z1.8
G1 E1.2 F2100
G1 F9000
G1 X33.256 Y-73.084 E.06186
G1 E-1.2 F2100
;WIPE_START
G1 F9000
G1 X33.256 Y-75.084
;WIPE_END
G1 X25.627 Y-74.855 Z2.2 F30000
G1 X-33.256 Y-73.084 Z2.2
G1 Z1.8
G1 E1.2 F2100
;WIDTH:0.20308
G1 F9000
G1 X-33.256 Y-77.824 E.06186
G1 E-1.2 F2100
;WIPE_START
G1 F9000
G1 X-33.256 Y-75.824
;WIPE_END
G1 X-36.744 Y-77.824 Z2.2 F30000
G1 Z1.8
G1 E1.2 F2100
G1 F9000
G1 X-36.744 Y-73.084 E.06186
;LAYER_CHANGE
;Z:2
;HEIGHT:0.2
;BEFORE_LAYER_CHANGE
;2
G1 E-1.2 F2100
;WIPE_START
G1 F9000
G1 X-36.744 Y-75.084
;WIPE_END
;AFTER_LAYER_CHANGE
;2
;_SET_FAN_SPEED_CHANGING_LAYER
G17
G3 Z2.4 I-.746 J.961 P1  F30000
G1 X-34.142 Y-73.063 Z2.4
G1 Z2
G1 E1.2 F2100
SET_VELOCITY_LIMIT ACCEL=5000
;TYPE:Inner wall
;WIDTH:0.62
G1 F9000
G1 X-34.11 Y-73.07 E.00151
G1 X-33.266 Y-73.382 E.04229
G1 X-33.266 Y-78.113 E.22248
G1 X-32.887 Y-78.113 E.01784
G1 X-32.887 Y72.887 E7.10073
G1 X32.887 Y72.887 E3.09301
M73 P37 R10
G1 X32.887 Y-78.113 E7.10073
G1 X33.266 Y-78.113 E.01784
G1 X33.266 Y-73.382 E.22248
G1 X34.11 Y-73.07 E.04229
G1 X34.569 Y-72.964 E.02216
G1 X35 Y-72.93 E.02032
G1 X35.431 Y-72.964 E.02032
G1 X35.89 Y-73.07 E.02216
G1 X36.734 Y-73.382 E.04229
G1 X36.734 Y-78.113 E.22248
G1 X37.113 Y-78.113 E.01784
G1 X37.113 Y78.113 E7.34647
G1 X-37.113 Y78.113 E3.49045
G1 X-37.113 Y-78.113 E7.34647
G1 X-36.734 Y-78.113 E.01784
G1 X-36.734 Y-73.382 E.22248
G1 X-35.89 Y-73.07 E.04229
G1 X-35.431 Y-72.964 E.02216
G1 X-35 Y-72.93 E.02032
G1 X-34.569 Y-72.964 E.02032
G1 X-34.177 Y-73.055 E.01896
SET_VELOCITY_LIMIT ACCEL=10000
G1 X-34.276 Y-73.624 F30000
SET_VELOCITY_LIMIT ACCEL=5000
;TYPE:Outer wall
G1 F7200
G1 X-33.843 Y-73.784 E.02167
G1 X-33.843 Y-78.69 E.23071
G1 X-32.31 Y-78.69 E.07211
G1 X-32.31 Y72.31 E7.10073
G1 X32.31 Y72.31 E3.03873
G1 X32.31 Y-78.69 E7.10073
G1 X33.843 Y-78.69 E.07211
G1 X33.843 Y-73.784 E.23071
G1 X34.276 Y-73.624 E.02167
G1 X34.658 Y-73.536 E.01843
G1 X35 Y-73.509 E.01614
G1 X35.342 Y-73.536 E.01614
G1 X35.724 Y-73.624 E.01843
G1 X36.157 Y-73.784 E.02167
G1 X36.157 Y-78.69 E.23071
G1 X37.69 Y-78.69 E.07211
G1 X37.69 Y78.69 E7.40074
G1 X-37.69 Y78.69 E3.54472
G1 X-37.69 Y-78.69 E7.40074
M73 P38 R10
G1 X-36.157 Y-78.69 E.07211
G1 X-36.157 Y-73.784 E.23071
G1 X-35.724 Y-73.624 E.02167
G1 X-35.342 Y-73.536 E.01843
G1 X-35 Y-73.509 E.01614
G1 X-34.658 Y-73.536 E.01614
G1 X-34.311 Y-73.616 E.01674
SET_VELOCITY_LIMIT ACCEL=10000
G1 E-1.2 F2100
;WIPE_START
G1 F7200
G1 X-33.843 Y-73.784
G1 X-33.843 Y-75.287
;WIPE_END
G1 X-35.524 Y-72.63 Z2.4 F30000
G1 Z2
G1 E1.2 F2100
;TYPE:Sparse infill
G1 F6000
G1 X-35.989 Y-72.738 E.02246
G1 X-36.767 Y-73.025 E.03897
G1 X-36.767 Y-72.023 E.04712
G1 X-33.233 Y-68.489 E.23498
G1 X-33.233 Y-62.613 E.27632
G1 X-36.767 Y-66.147 E.23498
G1 X-36.767 Y-60.271 E.27632
G1 X-33.233 Y-56.737 E.23498
G1 X-33.233 Y-59.046 E.10855
G1 X-36.767 Y-56.703 F30000
G1 F6000
G1 X-36.767 Y-54.395 E.10855
G1 X-33.233 Y-50.861 E.23498
G1 X-33.233 Y-44.985 E.27632
G1 X-36.767 Y-48.519 E.23498
G1 X-36.767 Y-42.643 E.27632
G1 X-33.233 Y-39.109 E.23498
G1 X-33.233 Y-33.233 E.27632
G1 X-36.767 Y-36.767 E.23498
G1 X-36.767 Y-30.891 E.27632
G1 X-33.233 Y-27.357 E.23498
G1 X-33.233 Y-29.666 E.10855
G1 X-36.767 Y-27.323 F30000
G1 F6000
G1 X-36.767 Y-25.015 E.10855
G1 X-33.233 Y-21.481 E.23498
G1 X-33.233 Y-15.605 E.27632
G1 X-36.767 Y-19.139 E.23498
G1 X-36.767 Y-13.263 E.27632
G1 X-33.233 Y-9.729 E.23498
G1 X-33.233 Y-3.853 E.27632
G1 X-36.767 Y-7.387 E.23498
G1 X-36.767 Y-1.511 E.27632
G1 X-33.233 Y2.023 E.23498
G1 X-33.233 Y-.286 E.10855
G1 X-36.767 Y2.057 F30000
G1 F6000
G1 X-36.767 Y4.365 E.10855
G1 X-33.233 Y7.899 E.23498
G1 X-33.233 Y13.775 E.27632
G1 X-36.767 Y10.241 E.23498
G1 X-36.767 Y16.117 E.27632
G1 X-33.233 Y19.651 E.23498
G1 X-33.233 Y25.527 E.27632
G1 X-36.767 Y21.994 E.23498
G1 X-36.767 Y27.87 E.27632
G1 X-33.233 Y31.403 E.23498
G1 X-33.233 Y29.095 E.10855
G1 X-36.767 Y31.437 F30000
G1 F6000
G1 X-36.767 Y33.746 E.10855
G1 X-33.233 Y37.279 E.23498
G1 X-33.233 Y43.155 E.27632
G1 X-36.767 Y39.622 E.23498
G1 X-36.767 Y45.498 E.27632
G1 X-33.233 Y49.031 E.23498
G1 X-33.233 Y54.907 E.27632
G1 X-36.767 Y51.374 E.23498
G1 X-36.767 Y57.25 E.27632
G1 X-33.233 Y60.783 E.23498
G1 X-33.233 Y66.659 E.27632
G1 X-36.767 Y63.126 E.23498
G1 X-36.767 Y60.817 E.10855
G1 X-31.569 Y77.767 F30000
G1 F6000
G1 X-33.878 Y77.767 E.10855
G1 X-36.767 Y74.878 E.19213
G1 X-36.767 Y69.002 E.27632
G1 X-33.233 Y72.535 E.23498
G1 X-33.233 Y73.233 E.03284
G1 X-32.535 Y73.233 E.03284
G1 X-28.002 Y77.767 E.30148
G1 X-22.126 Y77.767 E.27632
G1 X-26.659 Y73.233 E.30148
G1 X-28.967 Y73.233 E.10855
G1 X-18.558 Y77.767 F30000
G1 F6000
G1 X-16.25 Y77.767 E.10855
G1 X-20.783 Y73.233 E.30148
G1 X-14.907 Y73.233 E.27632
G1 X-10.374 Y77.767 E.30148
G1 X-12.682 Y77.767 E.10855
G1 X-6.723 Y73.233 F30000
G1 F6000
G1 X-9.031 Y73.233 E.10855
G1 X-4.498 Y77.767 E.30148
G1 X1.378 Y77.767 E.27632
G1 X-3.155 Y73.233 E.30148
G1 X2.721 Y73.233 E.27632
G1 X7.254 Y77.767 E.30148
G1 X13.13 Y77.767 E.27632
G1 X8.597 Y73.233 E.30148
G1 X14.473 Y73.233 E.27632
G1 X19.006 Y77.767 E.30148
G1 X24.883 Y77.767 E.27632
G1 X20.349 Y73.233 E.30148
G1 X26.225 Y73.233 E.27632
G1 X30.759 Y77.767 E.30148
G1 X36.635 Y77.767 E.27632
G1 X32.101 Y73.233 E.30148
G1 X33.233 Y73.233 E.05324
G1 X33.233 Y68.489 E.22308
G1 X36.767 Y72.023 E.23498
G1 X36.767 Y66.147 E.27632
G1 X33.233 Y62.613 E.23498
G1 X33.233 Y56.737 E.27632
G1 X36.767 Y60.271 E.23498
G1 X36.767 Y54.395 E.27632
G1 X33.233 Y50.861 E.23498
G1 X33.233 Y48.553 E.10855
G1 X36.767 Y50.827 F30000
G1 F6000
G1 X36.767 Y48.519 E.10855
G1 X33.233 Y44.985 E.23498
G1 X33.233 Y39.109 E.27632
G1 X36.767 Y42.643 E.23498
G1 X36.767 Y36.767 E.27632
G1 X33.233 Y33.233 E.23498
G1 X33.233 Y27.357 E.27632
G1 X36.767 Y30.891 E.23498
G1 X36.767 Y25.015 E.27632
G1 X33.233 Y21.481 E.23498
G1 X33.233 Y15.605 E.27632
G1 X36.767 Y19.139 E.23498
G1 X36.767 Y13.263 E.27632
G1 X33.233 Y9.729 E.23498
G1 X33.233 Y3.853 E.27632
G1 X36.767 Y7.387 E.23498
G1 X36.767 Y1.511 E.27632
G1 X33.233 Y-2.023 E.23498
G1 X33.233 Y-7.899 E.27632
G1 X36.767 Y-4.365 E.23498
G1 X36.767 Y-10.241 E.27632
G1 X33.233 Y-13.775 E.23498
G1 X33.233 Y-19.651 E.27632
G1 X36.767 Y-16.117 E.23498
G1 X36.767 Y-21.994 E.27632
G1 X33.233 Y-25.527 E.23498
G1 X33.233 Y-31.403 E.27632
G1 X36.767 Y-27.87 E.23498
G1 X36.767 Y-33.746 E.27632
G1 X33.233 Y-37.279 E.23498
G1 X33.233 Y-43.155 E.27632
G1 X36.767 Y-39.622 E.23498
G1 X36.767 Y-37.313 E.10855
G1 X33.233 Y-46.723 F30000
G1 F6000
G1 X33.233 Y-49.031 E.10855
G1 X36.767 Y-45.498 E.23498
G1 X36.767 Y-51.374 E.27632
G1 X33.233 Y-54.907 E.23498
G1 X33.233 Y-57.215 E.10855
G1 X36.767 Y-59.558 F30000
G1 F6000
G1 X36.767 Y-57.25 E.10855
G1 X33.233 Y-60.783 E.23498
G1 X33.233 Y-66.659 E.27632
M73 P39 R10
G1 X36.767 Y-63.126 E.23498
G1 X36.767 Y-69.002 E.27632
G1 X33.233 Y-72.535 E.23498
G1 X33.233 Y-73.025 E.02304
G1 X34.011 Y-72.738 E.03897
G1 X34.516 Y-72.621 E.0244
G1 X34.986 Y-72.584 E.02214
;LAYER_CHANGE
;Z:2.2
;HEIGHT:0.2
;BEFORE_LAYER_CHANGE
;2.2
G1 E-1.2 F2100
;WIPE_START
G1 F6000
G1 X34.516 Y-72.621
G1 X34.011 Y-72.738
G1 X33.233 Y-73.025
G1 X33.233 Y-72.843
;WIPE_END
;AFTER_LAYER_CHANGE
;2.2
;_SET_FAN_SPEED_CHANGING_LAYER
G17
G3 Z2.6 I.006 J-1.217 P1  F30000
G1 X-36.414 Y-73.187 Z2.6
G1 Z2.2
G1 E1.2 F2100
SET_VELOCITY_LIMIT ACCEL=5000
;TYPE:Inner wall
G1 F9000
G1 X-35.787 Y-72.935 E.03177
G1 X-35.377 Y-72.84 E.01978
G1 X-35 Y-72.81 E.01779
G1 X-34.623 Y-72.84 E.01779
G1 X-34.213 Y-72.935 E.01978
G1 X-32.887 Y-73.468 E.06721
G1 X-32.887 Y72.887 E6.88228
G1 X32.887 Y72.887 E3.09301
G1 X32.887 Y-73.468 E6.88228
G1 X34.213 Y-72.935 E.06721
G1 X34.623 Y-72.84 E.01978
G1 X35 Y-72.81 E.01779
G1 X35.377 Y-72.84 E.01779
G1 X35.787 Y-72.935 E.01978
G1 X37.113 Y-73.468 E.06721
G1 X37.113 Y78.113 E7.12802
G1 X-37.113 Y78.113 E3.49045
G1 X-37.113 Y-73.468 E7.12802
G1 X-36.447 Y-73.2 E.03374
SET_VELOCITY_LIMIT ACCEL=10000
G1 X-36.369 Y-73.79 F30000
SET_VELOCITY_LIMIT ACCEL=5000
;TYPE:Outer wall
G1 F7200
G1 X-35.613 Y-73.487 E.03831
G1 X-35.289 Y-73.411 E.01566
G1 X-35 Y-73.389 E.01362
G1 X-34.711 Y-73.411 E.01362
G1 X-34.387 Y-73.487 E.01566
G1 X-33.631 Y-73.79 E.03831
G1 X-33.631 Y-78.69 E.2304
G1 X-32.31 Y-78.69 E.06212
G1 X-32.31 Y72.31 E7.10073
G1 X32.31 Y72.31 E3.03873
G1 X32.31 Y-78.69 E7.10073
G1 X33.631 Y-78.69 E.06212
G1 X33.631 Y-73.79 E.2304
G1 X34.387 Y-73.487 E.03831
G1 X34.711 Y-73.411 E.01566
G1 X35 Y-73.389 E.01362
G1 X35.289 Y-73.411 E.01362
G1 X35.613 Y-73.487 E.01566
G1 X36.369 Y-73.79 E.03831
G1 X36.369 Y-78.69 E.2304
G1 X37.69 Y-78.69 E.06212
G1 X37.69 Y78.69 E7.40074
G1 X-37.69 Y78.69 E3.54472
M73 P40 R10
G1 X-37.69 Y-78.69 E7.40074
G1 X-36.369 Y-78.69 E.06212
G1 X-36.369 Y-73.826 E.2287
SET_VELOCITY_LIMIT ACCEL=10000
G1 X-37.029 Y-73.745 F30000
;TYPE:Gap infill
;WIDTH:0.786872
G1 F9000
G1 X-37.029 Y-78.401 E.28229
G1 E-1.2 F2100
;WIPE_START
G1 F9000
G1 X-37.029 Y-76.401
;WIPE_END
G1 X-32.971 Y-78.401 Z2.6 F30000
G1 Z2.2
G1 E1.2 F2100
G1 F9000
G1 X-32.971 Y-73.745 E.28229
G1 X-35.47 Y-72.506 F30000
;TYPE:Sparse infill
;WIDTH:0.62
G1 F6000
G1 X-35.891 Y-72.603 E.02033
G1 X-36.767 Y-72.955 E.04437
G1 X-36.767 Y-72.023 E.04385
G1 X-33.233 Y-68.489 E.23498
G1 X-33.233 Y-62.613 E.27632
G1 X-36.767 Y-66.147 E.23498
G1 X-36.767 Y-60.271 E.27632
G1 X-33.233 Y-56.737 E.23498
G1 X-33.233 Y-59.046 E.10855
G1 X-36.767 Y-56.703 F30000
G1 F6000
G1 X-36.767 Y-54.395 E.10855
G1 X-33.233 Y-50.861 E.23498
G1 X-33.233 Y-44.985 E.27632
G1 X-36.767 Y-48.519 E.23498
G1 X-36.767 Y-42.643 E.27632
G1 X-33.233 Y-39.109 E.23498
G1 X-33.233 Y-33.233 E.27632
G1 X-36.767 Y-36.767 E.23498
G1 X-36.767 Y-30.891 E.27632
G1 X-33.233 Y-27.357 E.23498
G1 X-33.233 Y-29.666 E.10855
G1 X-36.767 Y-27.323 F30000
G1 F6000
G1 X-36.767 Y-25.015 E.10855
G1 X-33.233 Y-21.481 E.23498
G1 X-33.233 Y-15.605 E.27632
G1 X-36.767 Y-19.139 E.23498
G1 X-36.767 Y-13.263 E.27632
G1 X-33.233 Y-9.729 E.23498
G1 X-33.233 Y-3.853 E.27632
G1 X-36.767 Y-7.387 E.23498
G1 X-36.767 Y-1.511 E.27632
G1 X-33.233 Y2.023 E.23498
G1 X-33.233 Y7.899 E.27632
G1 X-36.767 Y4.365 E.23498
G1 X-36.767 Y10.241 E.27632
G1 X-33.233 Y13.775 E.23498
G1 X-33.233 Y19.651 E.27632
G1 X-36.767 Y16.117 E.23498
G1 X-36.767 Y21.994 E.27632
G1 X-33.233 Y25.527 E.23498
G1 X-33.233 Y31.403 E.27632
G1 X-36.767 Y27.87 E.23498
G1 X-36.767 Y33.746 E.27632
G1 X-33.233 Y37.279 E.23498
G1 X-33.233 Y43.155 E.27632
G1 X-36.767 Y39.622 E.23498
G1 X-36.767 Y45.498 E.27632
G1 X-33.233 Y49.031 E.23498
G1 X-33.233 Y54.907 E.27632
G1 X-36.767 Y51.374 E.23498
G1 X-36.767 Y57.25 E.27632
G1 X-33.233 Y60.783 E.23498
G1 X-33.233 Y66.659 E.27632
G1 X-36.767 Y63.126 E.23498
G1 X-36.767 Y60.817 E.10855
G1 X-31.569 Y77.767 F30000
G1 F6000
G1 X-33.878 Y77.767 E.10855
G1 X-36.767 Y74.878 E.19213
G1 X-36.767 Y69.002 E.27632
G1 X-33.233 Y72.535 E.23498
G1 X-33.233 Y73.233 E.03284
G1 X-32.535 Y73.233 E.03284
G1 X-28.002 Y77.767 E.30148
G1 X-22.126 Y77.767 E.27632
G1 X-26.659 Y73.233 E.30148
G1 X-24.351 Y73.233 E.10855
G1 X-18.558 Y77.767 F30000
G1 F6000
G1 X-16.25 Y77.767 E.10855
G1 X-20.783 Y73.233 E.30148
G1 X-14.907 Y73.233 E.27632
G1 X-10.374 Y77.767 E.30148
G1 X-12.682 Y77.767 E.10855
G1 X-6.723 Y73.233 F30000
G1 F6000
G1 X-9.031 Y73.233 E.10855
G1 X-4.498 Y77.767 E.30148
G1 X1.378 Y77.767 E.27632
G1 X-3.155 Y73.233 E.30148
G1 X2.721 Y73.233 E.27632
G1 X7.254 Y77.767 E.30148
G1 X13.13 Y77.767 E.27632
G1 X8.597 Y73.233 E.30148
G1 X10.905 Y73.233 E.10855
G1 X16.698 Y77.767 F30000
G1 F6000
G1 X19.006 Y77.767 E.10855
G1 X14.473 Y73.233 E.30148
G1 X20.349 Y73.233 E.27632
G1 X24.883 Y77.767 E.30148
G1 X30.759 Y77.767 E.27632
G1 X26.225 Y73.233 E.30148
G1 X32.101 Y73.233 E.27632
G1 X36.635 Y77.767 E.30148
G1 X36.767 Y77.767 E.00621
G1 X36.767 Y72.023 E.2701
G1 X33.233 Y68.489 E.23498
G1 X33.233 Y62.613 E.27632
G1 X36.767 Y66.147 E.23498
G1 X36.767 Y60.271 E.27632
G1 X33.233 Y56.737 E.23498
G1 X33.233 Y54.429 E.10855
G1 X36.767 Y56.703 F30000
G1 F6000
G1 X36.767 Y54.395 E.10855
G1 X33.233 Y50.861 E.23498
G1 X33.233 Y44.985 E.27632
G1 X36.767 Y48.519 E.23498
G1 X36.767 Y42.643 E.27632
G1 X33.233 Y39.109 E.23498
G1 X33.233 Y33.233 E.27632
G1 X36.767 Y36.767 E.23498
G1 X36.767 Y30.891 E.27632
G1 X33.233 Y27.357 E.23498
G1 X33.233 Y21.481 E.27632
G1 X36.767 Y25.015 E.23498
G1 X36.767 Y19.139 E.27632
G1 X33.233 Y15.605 E.23498
G1 X33.233 Y9.729 E.27632
G1 X36.767 Y13.263 E.23498
G1 X36.767 Y7.387 E.27632
G1 X33.233 Y3.853 E.23498
G1 X33.233 Y-2.023 E.27632
G1 X36.767 Y1.511 E.23498
G1 X36.767 Y-4.365 E.27632
G1 X33.233 Y-7.899 E.23498
G1 X33.233 Y-13.775 E.27632
G1 X36.767 Y-10.241 E.23498
G1 X36.767 Y-16.117 E.27632
G1 X33.233 Y-19.651 E.23498
G1 X33.233 Y-25.527 E.27632
G1 X36.767 Y-21.994 E.23498
G1 X36.767 Y-27.87 E.27632
G1 X33.233 Y-31.403 E.23498
G1 X33.233 Y-37.279 E.27632
M73 P41 R10
G1 X36.767 Y-33.746 E.23498
G1 X36.767 Y-31.437 E.10855
G1 X33.233 Y-45.463 F30000
G1 F6000
G1 X33.233 Y-43.155 E.10855
G1 X36.767 Y-39.622 E.23498
G1 X36.767 Y-45.498 E.27632
G1 X33.233 Y-49.031 E.23498
G1 X33.233 Y-51.339 E.10855
G1 X36.767 Y-53.682 F30000
G1 F6000
G1 X36.767 Y-51.374 E.10855
G1 X33.233 Y-54.907 E.23498
G1 X33.233 Y-60.783 E.27632
G1 X36.767 Y-57.25 E.23498
G1 X36.767 Y-63.126 E.27632
G1 X33.233 Y-66.659 E.23498
G1 X33.233 Y-72.535 E.27632
G1 X36.767 Y-69.002 E.23498
G1 X36.767 Y-71.31 E.10855
G1 X37.029 Y-73.745 F30000
;TYPE:Gap infill
;WIDTH:0.786872
G1 F9000
G1 X37.029 Y-78.401 E.28229
G1 E-1.2 F2100
;WIPE_START
G1 F9000
G1 X37.029 Y-76.401
;WIPE_END
G1 X32.971 Y-78.401 Z2.6 F30000
G1 Z2.2
G1 E1.2 F2100
G1 F9000
G1 X32.971 Y-73.745 E.28229
;LAYER_CHANGE
;Z:2.4
;HEIGHT:0.2
;BEFORE_LAYER_CHANGE
;2.4
G1 E-1.2 F2100
;WIPE_START
G1 F9000
G1 X32.971 Y-75.745
;WIPE_END
;AFTER_LAYER_CHANGE
;2.4
;_SET_FAN_SPEED_CHANGING_LAYER
G17
G3 Z2.8 I-.045 J-1.216 P1  F30000
G1 X-36.584 Y-73.194 Z2.8
G1 Z2.4
G1 E1.2 F2100
SET_VELOCITY_LIMIT ACCEL=5000
;TYPE:Inner wall
;WIDTH:0.62
G1 F9000
G1 X-36.046 Y-72.936 E.02806
G1 X-35.659 Y-72.793 E.01943
G1 X-35.323 Y-72.715 E.01619
G1 X-35 Y-72.69 E.01526
G1 X-34.677 Y-72.715 E.01526
G1 X-34.341 Y-72.793 E.01619
G1 X-33.954 Y-72.936 E.01943
G1 X-32.887 Y-73.449 E.05564
G1 X-32.887 Y72.887 E6.88139
G1 X32.887 Y72.887 E3.09301
G1 X32.887 Y-73.449 E6.88139
G1 X33.954 Y-72.936 E.05564
G1 X34.341 Y-72.793 E.01943
G1 X34.677 Y-72.715 E.01619
G1 X35 Y-72.69 E.01526
G1 X35.323 Y-72.715 E.01526
G1 X35.659 Y-72.793 E.01619
G1 X36.046 Y-72.936 E.01943
G1 X37.113 Y-73.449 E.05564
G1 X37.113 Y78.113 E7.12714
G1 X-37.113 Y78.113 E3.49045
G1 X-37.113 Y-73.449 E7.12714
G1 X-36.617 Y-73.21 E.02589
SET_VELOCITY_LIMIT ACCEL=10000
G1 X-36.522 Y-73.805 F30000
SET_VELOCITY_LIMIT ACCEL=5000
;TYPE:Outer wall
G1 F7200
G1 X-35.821 Y-73.468 E.0366
G1 X-35.493 Y-73.347 E.01644
G1 X-35.235 Y-73.287 E.01246
G1 X-35 Y-73.268 E.01109
G1 X-34.765 Y-73.287 E.01109
G1 X-34.507 Y-73.347 E.01246
G1 X-34.179 Y-73.468 E.01644
G1 X-33.478 Y-73.805 E.0366
G1 X-33.478 Y-78.69 E.22971
G1 X-32.31 Y-78.69 E.0549
G1 X-32.31 Y72.31 E7.10073
G1 X32.31 Y72.31 E3.03873
G1 X32.31 Y-78.69 E7.10073
G1 X33.478 Y-78.69 E.0549
G1 X33.478 Y-73.805 E.22971
G1 X34.179 Y-73.468 E.0366
M73 P42 R10
G1 X34.507 Y-73.347 E.01644
G1 X34.765 Y-73.287 E.01246
G1 X35 Y-73.268 E.01109
G1 X35.235 Y-73.287 E.01109
G1 X35.493 Y-73.347 E.01246
G1 X35.821 Y-73.468 E.01644
G1 X36.522 Y-73.805 E.0366
G1 X36.522 Y-78.69 E.22971
G1 X37.69 Y-78.69 E.0549
G1 X37.69 Y78.69 E7.40074
G1 X-37.69 Y78.69 E3.54472
M73 P42 R9
G1 X-37.69 Y-78.69 E7.40074
G1 X-36.522 Y-78.69 E.0549
G1 X-36.522 Y-73.841 E.22802
SET_VELOCITY_LIMIT ACCEL=10000
G1 X-37.106 Y-73.766 F30000
;TYPE:Gap infill
;WIDTH:0.633404
G1 F9000
G1 X-37.106 Y-78.401 E.22306
G1 E-1.2 F2100
;WIPE_START
G1 F9000
G1 X-37.106 Y-76.401
;WIPE_END
G1 X-32.894 Y-78.401 Z2.8 F30000
G1 Z2.4
G1 E1.2 F2100
G1 F9000
G1 X-32.894 Y-73.766 E.22306
G1 X-33.233 Y-70.798 F30000
;TYPE:Sparse infill
;WIDTH:0.62
G1 F6000
G1 X-33.233 Y-68.489 E.10855
G1 X-36.767 Y-72.023 E.23498
G1 X-36.767 Y-66.147 E.27632
G1 X-33.233 Y-62.613 E.23498
G1 X-33.233 Y-56.737 E.27632
G1 X-36.767 Y-60.271 E.23498
G1 X-36.767 Y-54.395 E.27632
G1 X-33.233 Y-50.861 E.23498
G1 X-33.233 Y-53.17 E.10855
G1 X-36.767 Y-50.827 F30000
G1 F6000
G1 X-36.767 Y-48.519 E.10855
G1 X-33.233 Y-44.985 E.23498
G1 X-33.233 Y-39.109 E.27632
G1 X-36.767 Y-42.643 E.23498
G1 X-36.767 Y-36.767 E.27632
G1 X-33.233 Y-33.233 E.23498
G1 X-33.233 Y-27.357 E.27632
G1 X-36.767 Y-30.891 E.23498
G1 X-36.767 Y-33.199 E.10855
G1 X-33.233 Y-19.173 F30000
G1 F6000
G1 X-33.233 Y-21.481 E.10855
G1 X-36.767 Y-25.015 E.23498
G1 X-36.767 Y-19.139 E.27632
G1 X-33.233 Y-15.605 E.23498
G1 X-33.233 Y-9.729 E.27632
G1 X-36.767 Y-13.263 E.23498
G1 X-36.767 Y-7.387 E.27632
G1 X-33.233 Y-3.853 E.23498
G1 X-33.233 Y2.023 E.27632
G1 X-36.767 Y-1.511 E.23498
G1 X-36.767 Y4.365 E.27632
G1 X-33.233 Y7.899 E.23498
G1 X-33.233 Y13.775 E.27632
G1 X-36.767 Y10.241 E.23498
G1 X-36.767 Y16.117 E.27632
G1 X-33.233 Y19.651 E.23498
G1 X-33.233 Y17.343 E.10855
G1 X-36.767 Y19.685 F30000
G1 F6000
G1 X-36.767 Y21.994 E.10855
G1 X-33.233 Y25.527 E.23498
G1 X-33.233 Y31.403 E.27632
G1 X-36.767 Y27.87 E.23498
G1 X-36.767 Y33.746 E.27632
G1 X-33.233 Y37.279 E.23498
G1 X-33.233 Y43.155 E.27632
G1 X-36.767 Y39.622 E.23498
G1 X-36.767 Y45.498 E.27632
G1 X-33.233 Y49.031 E.23498
G1 X-33.233 Y54.907 E.27632
G1 X-36.767 Y51.374 E.23498
G1 X-36.767 Y57.25 E.27632
G1 X-33.233 Y60.783 E.23498
G1 X-33.233 Y66.659 E.27632
G1 X-36.767 Y63.126 E.23498
G1 X-36.767 Y60.817 E.10855
G1 X-31.569 Y77.767 F30000
G1 F6000
G1 X-33.878 Y77.767 E.10855
G1 X-36.767 Y74.878 E.19213
G1 X-36.767 Y69.002 E.27632
G1 X-33.233 Y72.535 E.23498
G1 X-33.233 Y73.233 E.03284
G1 X-32.535 Y73.233 E.03284
G1 X-28.002 Y77.767 E.30148
G1 X-22.126 Y77.767 E.27632
G1 X-26.659 Y73.233 E.30148
G1 X-24.351 Y73.233 E.10855
G1 X-18.558 Y77.767 F30000
G1 F6000
G1 X-16.25 Y77.767 E.10855
G1 X-20.783 Y73.233 E.30148
G1 X-14.907 Y73.233 E.27632
G1 X-10.374 Y77.767 E.30148
G1 X-12.682 Y77.767 E.10855
G1 X-6.723 Y73.233 F30000
G1 F6000
G1 X-9.031 Y73.233 E.10855
G1 X-4.498 Y77.767 E.30148
G1 X1.378 Y77.767 E.27632
G1 X-3.155 Y73.233 E.30148
G1 X2.721 Y73.233 E.27632
G1 X7.254 Y77.767 E.30148
G1 X4.946 Y77.767 E.10855
G1 X10.905 Y73.233 F30000
G1 F6000
G1 X8.597 Y73.233 E.10855
G1 X13.13 Y77.767 E.30148
G1 X19.006 Y77.767 E.27632
G1 X14.473 Y73.233 E.30148
G1 X20.349 Y73.233 E.27632
G1 X24.883 Y77.767 E.30148
G1 X30.759 Y77.767 E.27632
G1 X26.225 Y73.233 E.30148
G1 X32.101 Y73.233 E.27632
G1 X36.635 Y77.767 E.30148
G1 X36.767 Y77.767 E.00621
G1 X36.767 Y72.023 E.2701
G1 X33.233 Y68.489 E.23498
G1 X33.233 Y62.613 E.27632
G1 X36.767 Y66.147 E.23498
G1 X36.767 Y63.838 E.10855
G1 X33.233 Y54.429 F30000
G1 F6000
G1 X33.233 Y56.737 E.10855
G1 X36.767 Y60.271 E.23498
G1 X36.767 Y54.395 E.27632
G1 X33.233 Y50.861 E.23498
G1 X33.233 Y44.985 E.27632
G1 X36.767 Y48.519 E.23498
G1 X36.767 Y42.643 E.27632
G1 X33.233 Y39.109 E.23498
G1 X33.233 Y33.233 E.27632
G1 X36.767 Y36.767 E.23498
G1 X36.767 Y30.891 E.27632
G1 X33.233 Y27.357 E.23498
G1 X33.233 Y21.481 E.27632
G1 X36.767 Y25.015 E.23498
G1 X36.767 Y19.139 E.27632
G1 X33.233 Y15.605 E.23498
M73 P43 R9
G1 X33.233 Y9.729 E.27632
G1 X36.767 Y13.263 E.23498
G1 X36.767 Y7.387 E.27632
G1 X33.233 Y3.853 E.23498
G1 X33.233 Y-2.023 E.27632
G1 X36.767 Y1.511 E.23498
G1 X36.767 Y-4.365 E.27632
G1 X33.233 Y-7.899 E.23498
G1 X33.233 Y-13.775 E.27632
G1 X36.767 Y-10.241 E.23498
G1 X36.767 Y-16.117 E.27632
G1 X33.233 Y-19.651 E.23498
G1 X33.233 Y-25.527 E.27632
G1 X36.767 Y-21.994 E.23498
G1 X36.767 Y-27.87 E.27632
G1 X33.233 Y-31.403 E.23498
G1 X33.233 Y-37.279 E.27632
G1 X36.767 Y-33.746 E.23498
G1 X36.767 Y-39.622 E.27632
G1 X33.233 Y-43.155 E.23498
G1 X33.233 Y-49.031 E.27632
G1 X36.767 Y-45.498 E.23498
G1 X36.767 Y-51.374 E.27632
G1 X33.233 Y-54.907 E.23498
G1 X33.233 Y-60.783 E.27632
G1 X36.767 Y-57.25 E.23498
G1 X36.767 Y-63.126 E.27632
G1 X33.233 Y-66.659 E.23498
G1 X33.233 Y-72.535 E.27632
G1 X36.767 Y-69.002 E.23498
G1 X36.767 Y-71.31 E.10855
G1 X37.106 Y-73.766 F30000
;TYPE:Gap infill
;WIDTH:0.633406
G1 F9000
G1 X37.106 Y-78.401 E.22306
G1 E-1.2 F2100
;WIPE_START
G1 F9000
G1 X37.106 Y-76.401
;WIPE_END
G1 X32.894 Y-78.401 Z2.8 F30000
G1 Z2.4
G1 E1.2 F2100
G1 F9000
G1 X32.894 Y-73.766 E.22306
;LAYER_CHANGE
;Z:2.6
;HEIGHT:0.2
;BEFORE_LAYER_CHANGE
;2.6
G1 E-1.2 F2100
;WIPE_START
G1 F9000
G1 X32.894 Y-75.766
;WIPE_END
;AFTER_LAYER_CHANGE
;2.6
;_SET_FAN_SPEED_CHANGING_LAYER
G17
G3 Z3 I-.045 J-1.216 P1  F30000
G1 X-36.686 Y-73.202 Z3
G1 Z2.6
G1 E1.2 F2100
SET_VELOCITY_LIMIT ACCEL=5000
;TYPE:Inner wall
;WIDTH:0.62
G1 F9000
G1 X-36.275 Y-72.972 E.02211
G1 X-35.846 Y-72.766 E.02238
G1 X-35.515 Y-72.644 E.01662
G1 X-35 Y-72.561 E.02452
G1 X-34.485 Y-72.644 E.02452
G1 X-34.154 Y-72.766 E.01662
G1 X-33.725 Y-72.972 E.02238
G1 X-32.887 Y-73.441 E.04514
G1 X-32.887 Y72.887 E6.88104
G1 X32.887 Y72.887 E3.09301
G1 X32.887 Y-73.441 E6.88104
G1 X33.725 Y-72.972 E.04514
G1 X34.154 Y-72.766 E.02238
G1 X34.485 Y-72.644 E.01662
G1 X35 Y-72.561 E.02452
G1 X35.515 Y-72.644 E.02452
G1 X35.846 Y-72.766 E.01662
G1 X36.275 Y-72.972 E.02238
G1 X37.113 Y-73.441 E.04514
G1 X37.113 Y78.113 E7.12678
G1 X-37.113 Y78.113 E3.49045
G1 X-37.113 Y-73.441 E7.12678
G1 X-36.717 Y-73.219 E.02134
SET_VELOCITY_LIMIT ACCEL=10000
G1 X-36.605 Y-73.818 F30000
SET_VELOCITY_LIMIT ACCEL=5000
;TYPE:Outer wall
G1 F7200
G1 X-36.009 Y-73.484 E.03213
G1 X-35.621 Y-73.298 E.02024
G1 X-35.368 Y-73.204 E.0127
G1 X-35 Y-73.145 E.01751
G1 X-34.632 Y-73.204 E.01751
G1 X-34.379 Y-73.298 E.0127
G1 X-33.991 Y-73.484 E.02024
G1 X-33.395 Y-73.818 E.03213
G1 X-33.395 Y-78.69 E.22909
G1 X-32.31 Y-78.69 E.05101
G1 X-32.31 Y72.31 E7.10073
G1 X32.31 Y72.31 E3.03873
G1 X32.31 Y-78.69 E7.10073
G1 X33.395 Y-78.69 E.05101
M73 P44 R9
G1 X33.395 Y-73.818 E.22909
G1 X33.991 Y-73.484 E.03213
G1 X34.379 Y-73.298 E.02024
G1 X34.632 Y-73.204 E.0127
G1 X35 Y-73.145 E.01751
G1 X35.368 Y-73.204 E.01751
G1 X35.621 Y-73.298 E.0127
G1 X36.009 Y-73.484 E.02024
G1 X36.605 Y-73.818 E.03213
G1 X36.605 Y-78.69 E.22909
G1 X37.69 Y-78.69 E.05101
G1 X37.69 Y78.69 E7.40074
G1 X-37.69 Y78.69 E3.54472
G1 X-37.69 Y-78.69 E7.40074
G1 X-36.605 Y-78.69 E.05101
G1 X-36.605 Y-73.854 E.2274
SET_VELOCITY_LIMIT ACCEL=10000
G1 X-37.148 Y-73.791 F30000
;TYPE:Gap infill
;WIDTH:0.550562
G1 F9000
G1 X-37.148 Y-78.401 E.19071
G1 E-1.2 F2100
;WIPE_START
G1 F9000
G1 X-37.148 Y-76.401
;WIPE_END
G1 X-32.852 Y-78.401 Z3 F30000
G1 Z2.6
G1 E1.2 F2100
;WIDTH:0.550564
G1 F9000
G1 X-32.852 Y-73.791 E.19071
G1 X-35.412 Y-72.276 F30000
;TYPE:Sparse infill
;WIDTH:0.62
G1 F6000
G1 X-35.603 Y-72.307 E.00912
G1 X-35.982 Y-72.447 E.01898
G1 X-36.435 Y-72.665 E.02365
G1 X-36.767 Y-72.85 E.01787
G1 X-36.767 Y-72.023 E.03892
G1 X-33.233 Y-68.489 E.23498
G1 X-33.233 Y-62.613 E.27632
G1 X-36.767 Y-66.147 E.23498
G1 X-36.767 Y-60.271 E.27632
G1 X-33.233 Y-56.737 E.23498
G1 X-33.233 Y-59.046 E.10855
G1 X-36.767 Y-56.703 F30000
G1 F6000
G1 X-36.767 Y-54.395 E.10855
G1 X-33.233 Y-50.861 E.23498
G1 X-33.233 Y-44.985 E.27632
G1 X-36.767 Y-48.519 E.23498
G1 X-36.767 Y-42.643 E.27632
G1 X-33.233 Y-39.109 E.23498
G1 X-33.233 Y-33.233 E.27632
G1 X-36.767 Y-36.767 E.23498
G1 X-36.767 Y-30.891 E.27632
G1 X-33.233 Y-27.357 E.23498
G1 X-33.233 Y-29.666 E.10855
G1 X-36.767 Y-27.323 F30000
G1 F6000
G1 X-36.767 Y-25.015 E.10855
G1 X-33.233 Y-21.481 E.23498
G1 X-33.233 Y-15.605 E.27632
G1 X-36.767 Y-19.139 E.23498
G1 X-36.767 Y-13.263 E.27632
G1 X-33.233 Y-9.729 E.23498
G1 X-33.233 Y-3.853 E.27632
G1 X-36.767 Y-7.387 E.23498
G1 X-36.767 Y-1.511 E.27632
G1 X-33.233 Y2.023 E.23498
G1 X-33.233 Y7.899 E.27632
G1 X-36.767 Y4.365 E.23498
G1 X-36.767 Y10.241 E.27632
G1 X-33.233 Y13.775 E.23498
G1 X-33.233 Y19.651 E.27632
G1 X-36.767 Y16.117 E.23498
G1 X-36.767 Y21.994 E.27632
G1 X-33.233 Y25.527 E.23498
G1 X-33.233 Y31.403 E.27632
G1 X-36.767 Y27.87 E.23498
G1 X-36.767 Y33.746 E.27632
G1 X-33.233 Y37.279 E.23498
G1 X-33.233 Y43.155 E.27632
G1 X-36.767 Y39.622 E.23498
G1 X-36.767 Y45.498 E.27632
G1 X-33.233 Y49.031 E.23498
G1 X-33.233 Y54.907 E.27632
G1 X-36.767 Y51.374 E.23498
G1 X-36.767 Y57.25 E.27632
G1 X-33.233 Y60.783 E.23498
G1 X-33.233 Y66.659 E.27632
G1 X-36.767 Y63.126 E.23498
G1 X-36.767 Y60.817 E.10855
G1 X-31.569 Y77.767 F30000
G1 F6000
G1 X-33.878 Y77.767 E.10855
G1 X-36.767 Y74.878 E.19213
G1 X-36.767 Y69.002 E.27632
G1 X-33.233 Y72.535 E.23498
G1 X-33.233 Y73.233 E.03284
G1 X-32.535 Y73.233 E.03284
G1 X-28.002 Y77.767 E.30148
G1 X-22.126 Y77.767 E.27632
G1 X-26.659 Y73.233 E.30148
G1 X-24.351 Y73.233 E.10855
G1 X-18.558 Y77.767 F30000
G1 F6000
G1 X-16.25 Y77.767 E.10855
G1 X-20.783 Y73.233 E.30148
G1 X-14.907 Y73.233 E.27632
G1 X-10.374 Y77.767 E.30148
G1 X-12.682 Y77.767 E.10855
G1 X-6.723 Y73.233 F30000
G1 F6000
G1 X-9.031 Y73.233 E.10855
G1 X-4.498 Y77.767 E.30148
G1 X1.378 Y77.767 E.27632
G1 X-3.155 Y73.233 E.30148
G1 X2.721 Y73.233 E.27632
G1 X7.254 Y77.767 E.30148
G1 X4.946 Y77.767 E.10855
G1 X10.905 Y73.233 F30000
G1 F6000
G1 X8.597 Y73.233 E.10855
G1 X13.13 Y77.767 E.30148
G1 X19.006 Y77.767 E.27632
G1 X14.473 Y73.233 E.30148
G1 X20.349 Y73.233 E.27632
G1 X24.883 Y77.767 E.30148
G1 X30.759 Y77.767 E.27632
G1 X26.225 Y73.233 E.30148
G1 X32.101 Y73.233 E.27632
G1 X36.635 Y77.767 E.30148
G1 X36.767 Y77.767 E.00621
G1 X36.767 Y72.023 E.2701
G1 X33.233 Y68.489 E.23498
G1 X33.233 Y62.613 E.27632
G1 X36.767 Y66.147 E.23498
G1 X36.767 Y63.838 E.10855
M73 P45 R9
G1 X33.233 Y54.429 F30000
G1 F6000
G1 X33.233 Y56.737 E.10855
G1 X36.767 Y60.271 E.23498
G1 X36.767 Y54.395 E.27632
G1 X33.233 Y50.861 E.23498
G1 X33.233 Y44.985 E.27632
G1 X36.767 Y48.519 E.23498
G1 X36.767 Y42.643 E.27632
G1 X33.233 Y39.109 E.23498
G1 X33.233 Y33.233 E.27632
G1 X36.767 Y36.767 E.23498
G1 X36.767 Y30.891 E.27632
G1 X33.233 Y27.357 E.23498
G1 X33.233 Y21.481 E.27632
G1 X36.767 Y25.015 E.23498
G1 X36.767 Y19.139 E.27632
G1 X33.233 Y15.605 E.23498
G1 X33.233 Y9.729 E.27632
G1 X36.767 Y13.263 E.23498
G1 X36.767 Y7.387 E.27632
G1 X33.233 Y3.853 E.23498
G1 X33.233 Y-2.023 E.27632
G1 X36.767 Y1.511 E.23498
G1 X36.767 Y-4.365 E.27632
G1 X33.233 Y-7.899 E.23498
G1 X33.233 Y-13.775 E.27632
G1 X36.767 Y-10.241 E.23498
G1 X36.767 Y-16.117 E.27632
G1 X33.233 Y-19.651 E.23498
G1 X33.233 Y-25.527 E.27632
G1 X36.767 Y-21.994 E.23498
G1 X36.767 Y-27.87 E.27632
G1 X33.233 Y-31.403 E.23498
G1 X33.233 Y-37.279 E.27632
G1 X36.767 Y-33.746 E.23498
G1 X36.767 Y-31.437 E.10855
G1 X33.233 Y-45.463 F30000
G1 F6000
G1 X33.233 Y-43.155 E.10855
G1 X36.767 Y-39.622 E.23498
G1 X36.767 Y-45.498 E.27632
G1 X33.233 Y-49.031 E.23498
G1 X33.233 Y-51.339 E.10855
G1 X36.767 Y-49.065 F30000
G1 F6000
G1 X36.767 Y-51.374 E.10855
G1 X33.233 Y-54.907 E.23498
G1 X33.233 Y-60.783 E.27632
G1 X36.767 Y-57.25 E.23498
G1 X36.767 Y-63.126 E.27632
G1 X33.233 Y-66.659 E.23498
G1 X33.233 Y-72.535 E.27632
G1 X36.767 Y-69.002 E.23498
G1 X36.767 Y-71.31 E.10855
G1 X37.148 Y-73.791 F30000
;TYPE:Gap infill
;WIDTH:0.550564
G1 F9000
G1 X37.148 Y-78.401 E.19071
G1 E-1.2 F2100
;WIPE_START
G1 F9000
G1 X37.148 Y-76.401
;WIPE_END
G1 X32.852 Y-78.401 Z3 F30000
G1 Z2.6
G1 E1.2 F2100
;WIDTH:0.550562
G1 F9000
G1 X32.852 Y-73.791 E.19071
;LAYER_CHANGE
;Z:2.8
;HEIGHT:0.2
;BEFORE_LAYER_CHANGE
;2.8
G1 E-1.2 F2100
;WIPE_START
G1 F9000
G1 X32.852 Y-75.791
;WIPE_END
;AFTER_LAYER_CHANGE
;2.8
;_SET_FAN_SPEED_CHANGING_LAYER
G17
G3 Z3.2 I-.045 J-1.216 P1  F30000
G1 X-36.754 Y-73.203 Z3.2
G1 Z2.8
G1 E1.2 F2100
SET_VELOCITY_LIMIT ACCEL=5000
;TYPE:Inner wall
;WIDTH:0.62
G1 F9000
G1 X-35.919 Y-72.726 E.04519
G1 X-35.426 Y-72.509 E.02533
G1 X-35 Y-72.441 E.02031
G1 X-34.574 Y-72.509 E.02031
G1 X-34.081 Y-72.726 E.02533
G1 X-32.887 Y-73.408 E.06465
G1 X-32.887 Y72.887 E6.87949
G1 X32.887 Y72.887 E3.09301
G1 X32.887 Y-73.408 E6.87949
G1 X34.081 Y-72.726 E.06465
G1 X34.574 Y-72.509 E.02533
G1 X35 Y-72.441 E.02031
G1 X35.426 Y-72.509 E.02031
G1 X35.919 Y-72.726 E.02533
G1 X37.113 Y-73.408 E.06465
G1 X37.113 Y78.113 E7.12524
G1 X-37.113 Y78.113 E3.49045
G1 X-37.113 Y-73.408 E7.12524
G1 X-36.785 Y-73.221 E.01777
SET_VELOCITY_LIMIT ACCEL=10000
G1 X-36.671 Y-73.82 F30000
SET_VELOCITY_LIMIT ACCEL=5000
;TYPE:Outer wall
G1 F7200
G1 X-35.659 Y-73.242 E.05477
G1 X-35.262 Y-73.067 E.02043
G1 X-35 Y-73.025 E.01246
G1 X-34.738 Y-73.067 E.01246
G1 X-34.341 Y-73.242 E.02043
G1 X-33.329 Y-73.82 E.05477
G1 X-33.329 Y-78.69 E.229
G1 X-32.31 Y-78.69 E.04794
G1 X-32.31 Y72.31 E7.10073
G1 X32.31 Y72.31 E3.03873
M73 P46 R9
G1 X32.31 Y-78.69 E7.10073
G1 X33.329 Y-78.69 E.04794
G1 X33.329 Y-73.82 E.229
G1 X34.341 Y-73.242 E.05477
G1 X34.738 Y-73.067 E.02043
G1 X35 Y-73.025 E.01246
G1 X35.262 Y-73.067 E.01246
G1 X35.659 Y-73.242 E.02043
G1 X36.671 Y-73.82 E.05477
G1 X36.671 Y-78.69 E.229
G1 X37.69 Y-78.69 E.04794
G1 X37.69 Y78.69 E7.40074
G1 X-37.69 Y78.69 E3.54472
G1 X-37.69 Y-78.69 E7.40074
G1 X-36.671 Y-78.69 E.04794
G1 X-36.671 Y-73.856 E.22731
SET_VELOCITY_LIMIT ACCEL=10000
G1 X-37.18 Y-73.779 F30000
;TYPE:Gap infill
;WIDTH:0.485336
G1 F9000
G1 X-37.18 Y-78.401 E.16664
G1 E-1.2 F2100
;WIPE_START
G1 F9000
G1 X-37.18 Y-76.401
;WIPE_END
G1 X-32.82 Y-78.401 Z3.2 F30000
G1 Z2.8
G1 E1.2 F2100
G1 F9000
G1 X-32.82 Y-73.779 E.16664
G1 X-35.405 Y-72.155 F30000
;TYPE:Sparse infill
;WIDTH:0.62
G1 F6000
G1 X-35.525 Y-72.174 E.00575
G1 X-36.075 Y-72.416 E.02827
G1 X-36.767 Y-72.812 E.03744
G1 X-36.767 Y-72.023 E.03709
G1 X-33.233 Y-68.489 E.23498
G1 X-33.233 Y-62.613 E.27632
G1 X-36.767 Y-66.147 E.23498
G1 X-36.767 Y-60.271 E.27632
G1 X-33.233 Y-56.737 E.23498
G1 X-33.233 Y-59.046 E.10855
G1 X-36.767 Y-56.703 F30000
G1 F6000
G1 X-36.767 Y-54.395 E.10855
G1 X-33.233 Y-50.861 E.23498
G1 X-33.233 Y-44.985 E.27632
G1 X-36.767 Y-48.519 E.23498
G1 X-36.767 Y-42.643 E.27632
G1 X-33.233 Y-39.109 E.23498
G1 X-33.233 Y-33.233 E.27632
G1 X-36.767 Y-36.767 E.23498
G1 X-36.767 Y-30.891 E.27632
G1 X-33.233 Y-27.357 E.23498
G1 X-33.233 Y-29.666 E.10855
G1 X-36.767 Y-27.323 F30000
G1 F6000
G1 X-36.767 Y-25.015 E.10855
G1 X-33.233 Y-21.481 E.23498
G1 X-33.233 Y-15.605 E.27632
G1 X-36.767 Y-19.139 E.23498
G1 X-36.767 Y-13.263 E.27632
G1 X-33.233 Y-9.729 E.23498
G1 X-33.233 Y-3.853 E.27632
G1 X-36.767 Y-7.387 E.23498
G1 X-36.767 Y-1.511 E.27632
G1 X-33.233 Y2.023 E.23498
G1 X-33.233 Y7.899 E.27632
G1 X-36.767 Y4.365 E.23498
G1 X-36.767 Y10.241 E.27632
G1 X-33.233 Y13.775 E.23498
G1 X-33.233 Y19.651 E.27632
G1 X-36.767 Y16.117 E.23498
G1 X-36.767 Y21.994 E.27632
G1 X-33.233 Y25.527 E.23498
G1 X-33.233 Y31.403 E.27632
G1 X-36.767 Y27.87 E.23498
G1 X-36.767 Y33.746 E.27632
G1 X-33.233 Y37.279 E.23498
G1 X-33.233 Y43.155 E.27632
G1 X-36.767 Y39.622 E.23498
G1 X-36.767 Y45.498 E.27632
G1 X-33.233 Y49.031 E.23498
G1 X-33.233 Y54.907 E.27632
G1 X-36.767 Y51.374 E.23498
G1 X-36.767 Y57.25 E.27632
G1 X-33.233 Y60.783 E.23498
G1 X-33.233 Y66.659 E.27632
G1 X-36.767 Y63.126 E.23498
G1 X-36.767 Y60.817 E.10855
G1 X-31.569 Y77.767 F30000
G1 F6000
G1 X-33.878 Y77.767 E.10855
G1 X-36.767 Y74.878 E.19213
G1 X-36.767 Y69.002 E.27632
G1 X-33.233 Y72.535 E.23498
G1 X-33.233 Y73.233 E.03284
G1 X-32.535 Y73.233 E.03284
G1 X-28.002 Y77.767 E.30148
G1 X-22.126 Y77.767 E.27632
G1 X-26.659 Y73.233 E.30148
G1 X-24.351 Y73.233 E.10855
G1 X-18.558 Y77.767 F30000
G1 F6000
G1 X-16.25 Y77.767 E.10855
G1 X-20.783 Y73.233 E.30148
G1 X-14.907 Y73.233 E.27632
G1 X-10.374 Y77.767 E.30148
G1 X-12.682 Y77.767 E.10855
G1 X-6.723 Y73.233 F30000
G1 F6000
G1 X-9.031 Y73.233 E.10855
G1 X-4.498 Y77.767 E.30148
G1 X1.378 Y77.767 E.27632
G1 X-3.155 Y73.233 E.30148
G1 X2.721 Y73.233 E.27632
M73 P47 R9
G1 X7.254 Y77.767 E.30148
G1 X4.946 Y77.767 E.10855
G1 X10.905 Y73.233 F30000
G1 F6000
G1 X8.597 Y73.233 E.10855
G1 X13.13 Y77.767 E.30148
G1 X19.006 Y77.767 E.27632
G1 X14.473 Y73.233 E.30148
G1 X20.349 Y73.233 E.27632
G1 X24.883 Y77.767 E.30148
G1 X30.759 Y77.767 E.27632
G1 X26.225 Y73.233 E.30148
G1 X32.101 Y73.233 E.27632
G1 X36.635 Y77.767 E.30148
G1 X36.767 Y77.767 E.00621
G1 X36.767 Y72.023 E.2701
G1 X33.233 Y68.489 E.23498
G1 X33.233 Y62.613 E.27632
G1 X36.767 Y66.147 E.23498
G1 X36.767 Y60.271 E.27632
G1 X33.233 Y56.737 E.23498
G1 X33.233 Y50.861 E.27632
G1 X36.767 Y54.395 E.23498
G1 X36.767 Y48.519 E.27632
G1 X33.233 Y44.985 E.23498
G1 X33.233 Y39.109 E.27632
G1 X36.767 Y42.643 E.23498
G1 X36.767 Y36.767 E.27632
G1 X33.233 Y33.233 E.23498
G1 X33.233 Y27.357 E.27632
G1 X36.767 Y30.891 E.23498
G1 X36.767 Y25.015 E.27632
G1 X33.233 Y21.481 E.23498
G1 X33.233 Y15.605 E.27632
G1 X36.767 Y19.139 E.23498
G1 X36.767 Y13.263 E.27632
G1 X33.233 Y9.729 E.23498
G1 X33.233 Y3.853 E.27632
G1 X36.767 Y7.387 E.23498
G1 X36.767 Y1.511 E.27632
G1 X33.233 Y-2.023 E.23498
G1 X33.233 Y-7.899 E.27632
G1 X36.767 Y-4.365 E.23498
G1 X36.767 Y-10.241 E.27632
G1 X33.233 Y-13.775 E.23498
G1 X33.233 Y-16.083 E.10855
G1 X36.767 Y-13.809 F30000
G1 F6000
G1 X36.767 Y-16.117 E.10855
G1 X33.233 Y-19.651 E.23498
G1 X33.233 Y-25.527 E.27632
G1 X36.767 Y-21.994 E.23498
G1 X36.767 Y-27.87 E.27632
G1 X33.233 Y-31.403 E.23498
G1 X33.233 Y-37.279 E.27632
G1 X36.767 Y-33.746 E.23498
G1 X36.767 Y-39.622 E.27632
G1 X33.233 Y-43.155 E.23498
G1 X33.233 Y-49.031 E.27632
G1 X36.767 Y-45.498 E.23498
G1 X36.767 Y-51.374 E.27632
G1 X33.233 Y-54.907 E.23498
G1 X33.233 Y-60.783 E.27632
G1 X36.767 Y-57.25 E.23498
G1 X36.767 Y-63.126 E.27632
G1 X33.233 Y-66.659 E.23498
G1 X33.233 Y-72.535 E.27632
G1 X36.767 Y-69.002 E.23498
G1 X36.767 Y-71.31 E.10855
G1 X37.18 Y-73.779 F30000
;TYPE:Gap infill
;WIDTH:0.485338
G1 F9000
G1 X37.18 Y-78.401 E.16664
G1 E-1.2 F2100
;WIPE_START
G1 F9000
G1 X37.18 Y-76.401
;WIPE_END
G1 X32.82 Y-78.401 Z3.2 F30000
G1 Z2.8
G1 E1.2 F2100
G1 F9000
G1 X32.82 Y-73.779 E.16664
;LAYER_CHANGE
;Z:3
;HEIGHT:0.2
;BEFORE_LAYER_CHANGE
;3
G1 E-1.2 F2100
;WIPE_START
G1 F9000
G1 X32.82 Y-75.779
;WIPE_END
;AFTER_LAYER_CHANGE
;3
;_SET_FAN_SPEED_CHANGING_LAYER
G17
G3 Z3.4 I-.045 J-1.216 P1  F30000
G1 X-36.787 Y-73.206 Z3.4
G1 Z3
G1 E1.2 F2100
SET_VELOCITY_LIMIT ACCEL=5000
;TYPE:Inner wall
;WIDTH:0.62
G1 F9000
G1 X-35.812 Y-72.62 E.05348
G1 X-35.422 Y-72.41 E.02082
G1 X-35 Y-72.305 E.02047
G1 X-34.578 Y-72.41 E.02047
G1 X-34.188 Y-72.62 E.02082
G1 X-32.887 Y-73.401 E.07136
G1 X-32.887 Y72.887 E6.87917
G1 X32.887 Y72.887 E3.09301
G1 X32.887 Y-73.401 E6.87917
G1 X34.188 Y-72.62 E.07136
G1 X34.578 Y-72.41 E.02082
G1 X35 Y-72.305 E.02047
G1 X35.422 Y-72.41 E.02047
G1 X35.812 Y-72.62 E.02082
G1 X37.113 Y-73.401 E.07136
G1 X37.113 Y78.113 E7.12491
G1 X-37.113 Y78.113 E3.49045
G1 X-37.113 Y-73.401 E7.12491
M73 P47 R8
G1 X-36.818 Y-73.224 E.01618
SET_VELOCITY_LIMIT ACCEL=10000
G1 X-36.697 Y-73.825 F30000
SET_VELOCITY_LIMIT ACCEL=5000
;TYPE:Outer wall
G1 F7200
G1 X-35.527 Y-73.121 E.0642
G1 X-35.213 Y-72.952 E.01677
G1 X-35 Y-72.899 E.01031
G1 X-34.787 Y-72.952 E.01031
G1 X-34.473 Y-73.121 E.01677
G1 X-33.303 Y-73.825 E.0642
G1 X-33.303 Y-78.69 E.22879
G1 X-32.31 Y-78.69 E.0467
G1 X-32.31 Y72.31 E7.10073
M73 P48 R8
G1 X32.31 Y72.31 E3.03873
G1 X32.31 Y-78.69 E7.10073
G1 X33.303 Y-78.69 E.0467
G1 X33.303 Y-73.825 E.22879
G1 X34.473 Y-73.121 E.0642
G1 X34.787 Y-72.952 E.01677
G1 X35 Y-72.899 E.01031
G1 X35.213 Y-72.952 E.01031
G1 X35.527 Y-73.121 E.01677
G1 X36.697 Y-73.825 E.0642
G1 X36.697 Y-78.69 E.22879
G1 X37.69 Y-78.69 E.0467
G1 X37.69 Y78.69 E7.40074
G1 X-37.69 Y78.69 E3.54472
G1 X-37.69 Y-78.69 E7.40074
G1 X-36.697 Y-78.69 E.0467
G1 X-36.697 Y-73.861 E.2271
SET_VELOCITY_LIMIT ACCEL=10000
G1 X-37.193 Y-73.786 F30000
;TYPE:Gap infill
;WIDTH:0.459006
G1 F9000
G1 X-37.193 Y-78.401 E.15648
G1 E-1.2 F2100
;WIPE_START
G1 F9000
G1 X-37.193 Y-76.401
;WIPE_END
G1 X-32.807 Y-78.401 Z3.4 F30000
G1 Z3
G1 E1.2 F2100
G1 F9000
G1 X-32.807 Y-73.786 E.15648
G1 X-33.233 Y-70.798 F30000
;TYPE:Sparse infill
;WIDTH:0.62
G1 F6000
G1 X-33.233 Y-68.489 E.10855
G1 X-36.767 Y-72.023 E.23498
G1 X-36.767 Y-66.147 E.27632
G1 X-33.233 Y-62.613 E.23498
G1 X-33.233 Y-56.737 E.27632
G1 X-36.767 Y-60.271 E.23498
G1 X-36.767 Y-54.395 E.27632
G1 X-33.233 Y-50.861 E.23498
G1 X-33.233 Y-44.985 E.27632
G1 X-36.767 Y-48.519 E.23498
G1 X-36.767 Y-42.643 E.27632
G1 X-33.233 Y-39.109 E.23498
G1 X-33.233 Y-33.233 E.27632
G1 X-36.767 Y-36.767 E.23498
G1 X-36.767 Y-30.891 E.27632
G1 X-33.233 Y-27.357 E.23498
G1 X-33.233 Y-21.481 E.27632
G1 X-36.767 Y-25.015 E.23498
G1 X-36.767 Y-19.139 E.27632
G1 X-33.233 Y-15.605 E.23498
G1 X-33.233 Y-9.729 E.27632
G1 X-36.767 Y-13.263 E.23498
G1 X-36.767 Y-7.387 E.27632
G1 X-33.233 Y-3.853 E.23498
G1 X-33.233 Y2.023 E.27632
G1 X-36.767 Y-1.511 E.23498
G1 X-36.767 Y4.365 E.27632
G1 X-33.233 Y7.899 E.23498
G1 X-33.233 Y13.775 E.27632
G1 X-36.767 Y10.241 E.23498
G1 X-36.767 Y16.117 E.27632
G1 X-33.233 Y19.651 E.23498
G1 X-33.233 Y25.527 E.27632
G1 X-36.767 Y21.994 E.23498
G1 X-36.767 Y19.685 E.10855
G1 X-33.233 Y29.095 F30000
G1 F6000
G1 X-33.233 Y31.403 E.10855
G1 X-36.767 Y27.87 E.23498
G1 X-36.767 Y33.746 E.27632
G1 X-33.233 Y37.279 E.23498
G1 X-33.233 Y43.155 E.27632
G1 X-36.767 Y39.622 E.23498
G1 X-36.767 Y45.498 E.27632
G1 X-33.233 Y49.031 E.23498
G1 X-33.233 Y54.907 E.27632
G1 X-36.767 Y51.374 E.23498
G1 X-36.767 Y57.25 E.27632
G1 X-33.233 Y60.783 E.23498
G1 X-33.233 Y66.659 E.27632
G1 X-36.767 Y63.126 E.23498
G1 X-36.767 Y60.817 E.10855
G1 X-31.569 Y77.767 F30000
G1 F6000
G1 X-33.878 Y77.767 E.10855
G1 X-36.767 Y74.878 E.19213
G1 X-36.767 Y69.002 E.27632
G1 X-33.233 Y72.535 E.23498
M73 P49 R8
G1 X-33.233 Y73.233 E.03284
G1 X-32.535 Y73.233 E.03284
G1 X-28.002 Y77.767 E.30148
G1 X-22.126 Y77.767 E.27632
G1 X-26.659 Y73.233 E.30148
G1 X-24.351 Y73.233 E.10855
G1 X-18.558 Y77.767 F30000
G1 F6000
G1 X-16.25 Y77.767 E.10855
G1 X-20.783 Y73.233 E.30148
G1 X-14.907 Y73.233 E.27632
G1 X-10.374 Y77.767 E.30148
G1 X-12.682 Y77.767 E.10855
G1 X-6.723 Y73.233 F30000
G1 F6000
G1 X-9.031 Y73.233 E.10855
G1 X-4.498 Y77.767 E.30148
G1 X1.378 Y77.767 E.27632
G1 X-3.155 Y73.233 E.30148
G1 X2.721 Y73.233 E.27632
G1 X7.254 Y77.767 E.30148
G1 X4.946 Y77.767 E.10855
G1 X10.905 Y73.233 F30000
G1 F6000
G1 X8.597 Y73.233 E.10855
G1 X13.13 Y77.767 E.30148
G1 X19.006 Y77.767 E.27632
G1 X14.473 Y73.233 E.30148
G1 X20.349 Y73.233 E.27632
G1 X24.883 Y77.767 E.30148
G1 X30.759 Y77.767 E.27632
G1 X26.225 Y73.233 E.30148
G1 X32.101 Y73.233 E.27632
G1 X36.635 Y77.767 E.30148
G1 X36.767 Y77.767 E.00621
G1 X36.767 Y72.023 E.2701
G1 X33.233 Y68.489 E.23498
G1 X33.233 Y62.613 E.27632
G1 X36.767 Y66.147 E.23498
G1 X36.767 Y63.838 E.10855
G1 X33.233 Y54.429 F30000
G1 F6000
G1 X33.233 Y56.737 E.10855
G1 X36.767 Y60.271 E.23498
G1 X36.767 Y54.395 E.27632
G1 X33.233 Y50.861 E.23498
G1 X33.233 Y44.985 E.27632
G1 X36.767 Y48.519 E.23498
G1 X36.767 Y42.643 E.27632
G1 X33.233 Y39.109 E.23498
G1 X33.233 Y33.233 E.27632
G1 X36.767 Y36.767 E.23498
G1 X36.767 Y30.891 E.27632
G1 X33.233 Y27.357 E.23498
G1 X33.233 Y21.481 E.27632
G1 X36.767 Y25.015 E.23498
G1 X36.767 Y19.139 E.27632
G1 X33.233 Y15.605 E.23498
G1 X33.233 Y9.729 E.27632
G1 X36.767 Y13.263 E.23498
G1 X36.767 Y7.387 E.27632
G1 X33.233 Y3.853 E.23498
G1 X33.233 Y-2.023 E.27632
G1 X36.767 Y1.511 E.23498
G1 X36.767 Y-4.365 E.27632
G1 X33.233 Y-7.899 E.23498
G1 X33.233 Y-13.775 E.27632
G1 X36.767 Y-10.241 E.23498
G1 X36.767 Y-16.117 E.27632
G1 X33.233 Y-19.651 E.23498
G1 X33.233 Y-25.527 E.27632
G1 X36.767 Y-21.994 E.23498
G1 X36.767 Y-27.87 E.27632
G1 X33.233 Y-31.403 E.23498
G1 X33.233 Y-37.279 E.27632
G1 X36.767 Y-33.746 E.23498
G1 X36.767 Y-39.622 E.27632
G1 X33.233 Y-43.155 E.23498
G1 X33.233 Y-49.031 E.27632
G1 X36.767 Y-45.498 E.23498
G1 X36.767 Y-51.374 E.27632
G1 X33.233 Y-54.907 E.23498
G1 X33.233 Y-60.783 E.27632
G1 X36.767 Y-57.25 E.23498
G1 X36.767 Y-63.126 E.27632
G1 X33.233 Y-66.659 E.23498
G1 X33.233 Y-72.535 E.27632
G1 X36.767 Y-69.002 E.23498
G1 X36.767 Y-71.31 E.10855
G1 X37.193 Y-73.786 F30000
;TYPE:Gap infill
;WIDTH:0.459006
G1 F9000
G1 X37.193 Y-78.401 E.15648
G1 E-1.2 F2100
;WIPE_START
G1 F9000
G1 X37.193 Y-76.401
;WIPE_END
G1 X32.807 Y-78.401 Z3.4 F30000
G1 Z3
G1 E1.2 F2100
G1 F9000
G1 X32.807 Y-73.786 E.15648
;LAYER_CHANGE
;Z:3.2
;HEIGHT:0.2
;BEFORE_LAYER_CHANGE
;3.2
G1 E-1.2 F2100
;WIPE_START
G1 F9000
G1 X32.807 Y-75.786
;WIPE_END
;AFTER_LAYER_CHANGE
;3.2
;_SET_FAN_SPEED_CHANGING_LAYER
G17
G3 Z3.6 I-.062 J-1.215 P1  F30000
G1 X-35.087 Y-72.326 Z3.6
G1 Z3.2
G1 E1.2 F2100
SET_VELOCITY_LIMIT ACCEL=5000
;TYPE:Inner wall
;WIDTH:0.62
G1 F9000
G1 X-35 Y-72.305 E.0042
G1 X-34.578 Y-72.41 E.02047
G1 X-34.188 Y-72.62 E.02082
G1 X-32.887 Y-73.401 E.07136
G1 X-32.887 Y72.887 E6.87917
G1 X32.887 Y72.887 E3.09301
G1 X32.887 Y-73.401 E6.87917
G1 X34.188 Y-72.62 E.07136
G1 X34.578 Y-72.41 E.02082
G1 X35 Y-72.305 E.02047
G1 X35.422 Y-72.41 E.02047
G1 X35.812 Y-72.62 E.02082
G1 X37.113 Y-73.401 E.07136
G1 X37.113 Y78.113 E7.12491
G1 X-37.113 Y78.113 E3.49045
G1 X-37.113 Y-73.401 E7.12491
G1 X-35.812 Y-72.62 E.07136
M73 P50 R8
G1 X-35.422 Y-72.41 E.02082
G1 X-35.122 Y-72.335 E.01458
SET_VELOCITY_LIMIT ACCEL=10000
G1 X-35 Y-72.899 F30000
SET_VELOCITY_LIMIT ACCEL=5000
;TYPE:Outer wall
G1 F7200
G1 X-34.787 Y-72.952 E.01031
G1 X-34.473 Y-73.121 E.01677
G1 X-33.303 Y-73.825 E.0642
G1 X-33.303 Y-78.69 E.22879
G1 X-32.31 Y-78.69 E.0467
G1 X-32.31 Y72.31 E7.10073
G1 X32.31 Y72.31 E3.03873
G1 X32.31 Y-78.69 E7.10073
G1 X33.303 Y-78.69 E.0467
G1 X33.303 Y-73.825 E.22879
G1 X34.473 Y-73.121 E.0642
G1 X34.787 Y-72.952 E.01677
G1 X35 Y-72.899 E.01031
G1 X35.213 Y-72.952 E.01031
G1 X35.527 Y-73.121 E.01677
G1 X36.697 Y-73.825 E.0642
G1 X36.697 Y-78.69 E.22879
G1 X37.69 Y-78.69 E.0467
G1 X37.69 Y78.69 E7.40074
G1 X-37.69 Y78.69 E3.54472
G1 X-37.69 Y-78.69 E7.40074
G1 X-36.697 Y-78.69 E.0467
G1 X-36.697 Y-73.825 E.22879
G1 X-35.527 Y-73.121 E.0642
G1 X-35.213 Y-72.952 E.01677
G1 X-35.035 Y-72.908 E.00861
SET_VELOCITY_LIMIT ACCEL=10000
G1 E-1.2 F2100
;WIPE_START
G1 F7200
G1 X-34.787 Y-72.952
G1 X-34.473 Y-73.121
G1 X-33.303 Y-73.825
G1 X-33.303 Y-73.851
;WIPE_END
G1 X-37.193 Y-73.786 Z3.6 F30000
G1 Z3.2
G1 E1.2 F2100
;TYPE:Gap infill
;WIDTH:0.459006
G1 F9000
G1 X-37.193 Y-78.401 E.15648
G1 E-1.2 F2100
;WIPE_START
G1 F9000
G1 X-37.193 Y-76.401
;WIPE_END
G1 X-32.807 Y-78.401 Z3.6 F30000
G1 Z3.2
G1 E1.2 F2100
G1 F9000
G1 X-32.807 Y-73.786 E.15648
G1 X-33.233 Y-70.798 F30000
;TYPE:Sparse infill
;WIDTH:0.62
G1 F6000
G1 X-33.233 Y-68.489 E.10855
G1 X-36.767 Y-72.023 E.23498
G1 X-36.767 Y-66.147 E.27632
G1 X-33.233 Y-62.613 E.23498
G1 X-33.233 Y-56.737 E.27632
G1 X-36.767 Y-60.271 E.23498
G1 X-36.767 Y-54.395 E.27632
G1 X-33.233 Y-50.861 E.23498
G1 X-33.233 Y-44.985 E.27632
G1 X-36.767 Y-48.519 E.23498
G1 X-36.767 Y-42.643 E.27632
G1 X-33.233 Y-39.109 E.23498
G1 X-33.233 Y-33.233 E.27632
G1 X-36.767 Y-36.767 E.23498
G1 X-36.767 Y-30.891 E.27632
G1 X-33.233 Y-27.357 E.23498
G1 X-33.233 Y-21.481 E.27632
G1 X-36.767 Y-25.015 E.23498
G1 X-36.767 Y-19.139 E.27632
G1 X-33.233 Y-15.605 E.23498
G1 X-33.233 Y-9.729 E.27632
G1 X-36.767 Y-13.263 E.23498
G1 X-36.767 Y-7.387 E.27632
G1 X-33.233 Y-3.853 E.23498
G1 X-33.233 Y2.023 E.27632
G1 X-36.767 Y-1.511 E.23498
G1 X-36.767 Y4.365 E.27632
G1 X-33.233 Y7.899 E.23498
G1 X-33.233 Y13.775 E.27632
G1 X-36.767 Y10.241 E.23498
G1 X-36.767 Y16.117 E.27632
G1 X-33.233 Y19.651 E.23498
G1 X-33.233 Y25.527 E.27632
G1 X-36.767 Y21.994 E.23498
M73 P51 R8
G1 X-36.767 Y19.685 E.10855
G1 X-33.233 Y29.095 F30000
G1 F6000
G1 X-33.233 Y31.403 E.10855
G1 X-36.767 Y27.87 E.23498
G1 X-36.767 Y33.746 E.27632
G1 X-33.233 Y37.279 E.23498
G1 X-33.233 Y43.155 E.27632
G1 X-36.767 Y39.622 E.23498
G1 X-36.767 Y45.498 E.27632
G1 X-33.233 Y49.031 E.23498
G1 X-33.233 Y54.907 E.27632
G1 X-36.767 Y51.374 E.23498
G1 X-36.767 Y57.25 E.27632
G1 X-33.233 Y60.783 E.23498
G1 X-33.233 Y66.659 E.27632
G1 X-36.767 Y63.126 E.23498
G1 X-36.767 Y60.817 E.10855
G1 X-31.569 Y77.767 F30000
G1 F6000
G1 X-33.878 Y77.767 E.10855
G1 X-36.767 Y74.878 E.19213
G1 X-36.767 Y69.002 E.27632
G1 X-33.233 Y72.535 E.23498
G1 X-33.233 Y73.233 E.03284
G1 X-32.535 Y73.233 E.03284
G1 X-28.002 Y77.767 E.30148
G1 X-22.126 Y77.767 E.27632
G1 X-26.659 Y73.233 E.30148
G1 X-24.351 Y73.233 E.10855
G1 X-18.558 Y77.767 F30000
G1 F6000
G1 X-16.25 Y77.767 E.10855
G1 X-20.783 Y73.233 E.30148
G1 X-14.907 Y73.233 E.27632
G1 X-10.374 Y77.767 E.30148
G1 X-12.682 Y77.767 E.10855
G1 X-6.723 Y73.233 F30000
G1 F6000
G1 X-9.031 Y73.233 E.10855
G1 X-4.498 Y77.767 E.30148
G1 X1.378 Y77.767 E.27632
G1 X-3.155 Y73.233 E.30148
G1 X2.721 Y73.233 E.27632
G1 X7.254 Y77.767 E.30148
G1 X4.946 Y77.767 E.10855
G1 X10.905 Y73.233 F30000
G1 F6000
G1 X8.597 Y73.233 E.10855
G1 X13.13 Y77.767 E.30148
G1 X19.006 Y77.767 E.27632
G1 X14.473 Y73.233 E.30148
G1 X20.349 Y73.233 E.27632
G1 X24.883 Y77.767 E.30148
G1 X30.759 Y77.767 E.27632
G1 X26.225 Y73.233 E.30148
G1 X32.101 Y73.233 E.27632
G1 X36.635 Y77.767 E.30148
G1 X36.767 Y77.767 E.00621
G1 X36.767 Y72.023 E.2701
G1 X33.233 Y68.489 E.23498
G1 X33.233 Y62.613 E.27632
G1 X36.767 Y66.147 E.23498
G1 X36.767 Y63.838 E.10855
G1 X33.233 Y54.429 F30000
G1 F6000
G1 X33.233 Y56.737 E.10855
G1 X36.767 Y60.271 E.23498
G1 X36.767 Y54.395 E.27632
G1 X33.233 Y50.861 E.23498
G1 X33.233 Y44.985 E.27632
G1 X36.767 Y48.519 E.23498
G1 X36.767 Y42.643 E.27632
G1 X33.233 Y39.109 E.23498
G1 X33.233 Y33.233 E.27632
G1 X36.767 Y36.767 E.23498
G1 X36.767 Y30.891 E.27632
G1 X33.233 Y27.357 E.23498
G1 X33.233 Y21.481 E.27632
G1 X36.767 Y25.015 E.23498
G1 X36.767 Y19.139 E.27632
G1 X33.233 Y15.605 E.23498
G1 X33.233 Y9.729 E.27632
G1 X36.767 Y13.263 E.23498
G1 X36.767 Y7.387 E.27632
G1 X33.233 Y3.853 E.23498
G1 X33.233 Y-2.023 E.27632
G1 X36.767 Y1.511 E.23498
G1 X36.767 Y-4.365 E.27632
G1 X33.233 Y-7.899 E.23498
G1 X33.233 Y-13.775 E.27632
G1 X36.767 Y-10.241 E.23498
G1 X36.767 Y-16.117 E.27632
G1 X33.233 Y-19.651 E.23498
G1 X33.233 Y-25.527 E.27632
G1 X36.767 Y-21.994 E.23498
G1 X36.767 Y-27.87 E.27632
G1 X33.233 Y-31.403 E.23498
G1 X33.233 Y-37.279 E.27632
G1 X36.767 Y-33.746 E.23498
G1 X36.767 Y-39.622 E.27632
G1 X33.233 Y-43.155 E.23498
G1 X33.233 Y-49.031 E.27632
G1 X36.767 Y-45.498 E.23498
G1 X36.767 Y-51.374 E.27632
G1 X33.233 Y-54.907 E.23498
G1 X33.233 Y-60.783 E.27632
G1 X36.767 Y-57.25 E.23498
G1 X36.767 Y-63.126 E.27632
G1 X33.233 Y-66.659 E.23498
G1 X33.233 Y-72.535 E.27632
G1 X36.767 Y-69.002 E.23498
G1 X36.767 Y-71.31 E.10855
G1 X37.193 Y-73.786 F30000
;TYPE:Gap infill
;WIDTH:0.459006
G1 F9000
G1 X37.193 Y-78.401 E.15648
G1 E-1.2 F2100
;WIPE_START
G1 F9000
G1 X37.193 Y-76.401
;WIPE_END
G1 X32.807 Y-78.401 Z3.6 F30000
G1 Z3.2
G1 E1.2 F2100
G1 F9000
G1 X32.807 Y-73.786 E.15648
;LAYER_CHANGE
;Z:3.4
;HEIGHT:0.2
;BEFORE_LAYER_CHANGE
;3.4
G1 E-1.2 F2100
;WIPE_START
G1 F9000
G1 X32.807 Y-75.786
;WIPE_END
;AFTER_LAYER_CHANGE
;3.4
;_SET_FAN_SPEED_CHANGING_LAYER
G17
G3 Z3.8 I-.06 J-1.215 P1  F30000
G1 X-35.055 Y-72.449 Z3.8
G1 Z3.4
G1 E1.2 F2100
SET_VELOCITY_LIMIT ACCEL=5000
;TYPE:Inner wall
;WIDTH:0.62
G1 F9000
G1 X-35 Y-72.441 E.00264
G1 X-34.574 Y-72.509 E.02031
G1 X-34.081 Y-72.726 E.02533
G1 X-32.887 Y-73.408 E.06465
G1 X-32.887 Y72.887 E6.87949
G1 X32.887 Y72.887 E3.09301
G1 X32.887 Y-73.408 E6.87949
G1 X34.081 Y-72.726 E.06465
G1 X34.574 Y-72.509 E.02533
G1 X35 Y-72.441 E.02031
G1 X35.426 Y-72.509 E.02031
G1 X35.919 Y-72.726 E.02533
G1 X37.113 Y-73.408 E.06465
G1 X37.113 Y78.113 E7.12524
G1 X-37.113 Y78.113 E3.49045
M73 P52 R8
G1 X-37.113 Y-73.408 E7.12524
G1 X-35.919 Y-72.726 E.06465
G1 X-35.426 Y-72.509 E.02533
G1 X-35.091 Y-72.455 E.01598
SET_VELOCITY_LIMIT ACCEL=10000
G1 X-34.902 Y-73.041 F30000
SET_VELOCITY_LIMIT ACCEL=5000
;TYPE:Outer wall
G1 F7200
G1 X-34.738 Y-73.067 E.00781
G1 X-34.341 Y-73.242 E.02043
G1 X-33.329 Y-73.82 E.05477
G1 X-33.329 Y-78.69 E.229
G1 X-32.31 Y-78.69 E.04794
G1 X-32.31 Y72.31 E7.10073
G1 X32.31 Y72.31 E3.03873
G1 X32.31 Y-78.69 E7.10073
G1 X33.329 Y-78.69 E.04794
G1 X33.329 Y-73.82 E.229
G1 X34.341 Y-73.242 E.05477
G1 X34.738 Y-73.067 E.02043
G1 X35 Y-73.025 E.01246
G1 X35.262 Y-73.067 E.01246
G1 X35.659 Y-73.242 E.02043
G1 X36.671 Y-73.82 E.05477
G1 X36.671 Y-78.69 E.229
G1 X37.69 Y-78.69 E.04794
G1 X37.69 Y78.69 E7.40074
G1 X-37.69 Y78.69 E3.54472
G1 X-37.69 Y-78.69 E7.40074
G1 X-36.671 Y-78.69 E.04794
G1 X-36.671 Y-73.82 E.229
G1 X-35.659 Y-73.242 E.05477
G1 X-35.262 Y-73.067 E.02043
G1 X-35 Y-73.025 E.01246
G1 X-34.938 Y-73.035 E.00296
SET_VELOCITY_LIMIT ACCEL=10000
G1 X-34.934 Y-72.101 F30000
;TYPE:Sparse infill
G1 F6000
G1 X-35 Y-72.09 E.00317
G1 X-35.525 Y-72.174 E.02501
G1 X-36.075 Y-72.416 E.02827
G1 X-36.767 Y-72.812 E.03744
G1 X-36.767 Y-72.5 E.01466
G1 X-36.234 Y-71.981 E.03496
G1 X-34.278 Y-69.043 E.16598
G1 X-33.787 Y-68.552 E.03265
G1 X-33.233 Y-68.184 E.03128
G1 X-33.233 Y-62.308 E.27632
G1 X-33.787 Y-62.676 E.03128
G1 X-34.278 Y-63.167 E.03265
G1 X-36.234 Y-66.105 E.16598
G1 X-36.767 Y-66.624 E.03496
G1 X-36.767 Y-60.748 E.27632
G1 X-36.234 Y-60.229 E.03496
G1 X-34.278 Y-57.291 E.16598
G1 X-33.787 Y-56.8 E.03265
G1 X-33.233 Y-56.432 E.03128
G1 X-33.233 Y-50.555 E.27632
G1 X-33.787 Y-50.924 E.03128
G1 X-34.278 Y-51.415 E.03265
G1 X-36.234 Y-54.353 E.16598
G1 X-36.767 Y-54.872 E.03496
G1 X-36.767 Y-48.996 E.27632
G1 X-36.234 Y-48.477 E.03496
G1 X-34.278 Y-45.539 E.16598
G1 X-33.787 Y-45.048 E.03265
G1 X-33.233 Y-44.679 E.03128
G1 X-33.233 Y-42.371 E.10855
G1 X-36.767 Y-40.811 F30000
G1 F6000
G1 X-36.767 Y-43.12 E.10855
G1 X-36.234 Y-42.601 E.03496
G1 X-34.278 Y-39.663 E.16598
G1 X-33.787 Y-39.172 E.03265
G1 X-33.233 Y-38.803 E.03128
G1 X-33.233 Y-32.927 E.27632
G1 X-33.787 Y-33.296 E.03128
G1 X-34.278 Y-33.787 E.03265
G1 X-36.234 Y-36.725 E.16598
G1 X-36.767 Y-37.244 E.03496
G1 X-36.767 Y-31.368 E.27632
G1 X-36.234 Y-30.849 E.03496
G1 X-34.278 Y-27.911 E.16598
G1 X-33.787 Y-27.42 E.03265
G1 X-33.233 Y-27.051 E.03128
G1 X-33.233 Y-21.175 E.27632
G1 X-33.787 Y-21.544 E.03128
G1 X-34.278 Y-22.035 E.03265
G1 X-36.234 Y-24.973 E.16598
G1 X-36.767 Y-25.492 E.03496
G1 X-36.767 Y-19.616 E.27632
G1 X-36.234 Y-19.097 E.03496
G1 X-34.278 Y-16.159 E.16598
G1 X-33.787 Y-15.668 E.03265
G1 X-33.233 Y-15.299 E.03128
G1 X-33.233 Y-9.423 E.27632
M73 P53 R8
G1 X-33.787 Y-9.792 E.03128
G1 X-34.278 Y-10.283 E.03265
G1 X-36.234 Y-13.221 E.16598
G1 X-36.767 Y-13.74 E.03496
G1 X-36.767 Y-7.864 E.27632
G1 X-36.234 Y-7.345 E.03496
G1 X-34.278 Y-4.407 E.16598
G1 X-33.787 Y-3.916 E.03265
G1 X-33.233 Y-3.547 E.03128
G1 X-33.233 Y-5.856 E.10855
G1 X-36.767 Y-4.296 F30000
G1 F6000
G1 X-36.767 Y-1.988 E.10855
G1 X-36.234 Y-1.469 E.03496
G1 X-34.278 Y1.469 E.16598
G1 X-33.787 Y1.96 E.03265
G1 X-33.233 Y2.329 E.03128
G1 X-33.233 Y8.205 E.27632
G1 X-33.787 Y7.836 E.03128
G1 X-34.278 Y7.345 E.03265
G1 X-36.234 Y4.407 E.16598
G1 X-36.767 Y3.888 E.03496
G1 X-36.767 Y9.764 E.27632
G1 X-36.234 Y10.283 E.03496
G1 X-34.278 Y13.221 E.16598
G1 X-33.787 Y13.712 E.03265
G1 X-33.233 Y14.081 E.03128
G1 X-33.233 Y19.957 E.27632
G1 X-33.787 Y19.588 E.03128
G1 X-34.278 Y19.097 E.03265
G1 X-36.234 Y16.159 E.16598
G1 X-36.767 Y15.64 E.03496
G1 X-36.767 Y21.516 E.27632
G1 X-36.234 Y22.035 E.03496
G1 X-34.278 Y24.973 E.16598
G1 X-33.787 Y25.464 E.03265
G1 X-33.233 Y25.833 E.03128
G1 X-33.233 Y28.141 E.10855
G1 X-36.767 Y29.701 F30000
G1 F6000
G1 X-36.767 Y27.392 E.10855
G1 X-36.234 Y27.911 E.03496
G1 X-34.278 Y30.849 E.16598
G1 X-33.787 Y31.34 E.03265
G1 X-33.233 Y31.709 E.03128
G1 X-33.233 Y37.585 E.27632
G1 X-33.787 Y37.216 E.03128
G1 X-34.278 Y36.725 E.03265
G1 X-36.234 Y33.787 E.16598
G1 X-36.767 Y33.268 E.03496
G1 X-36.767 Y39.144 E.27632
G1 X-36.234 Y39.663 E.03496
G1 X-34.278 Y42.601 E.16598
G1 X-33.787 Y43.092 E.03265
G1 X-33.233 Y43.461 E.03128
G1 X-33.233 Y49.337 E.27632
G1 X-33.787 Y48.968 E.03128
G1 X-34.278 Y48.477 E.03265
G1 X-36.234 Y45.539 E.16598
G1 X-36.767 Y45.02 E.03496
G1 X-36.767 Y50.896 E.27632
G1 X-36.234 Y51.415 E.03496
G1 X-34.278 Y54.353 E.16598
G1 X-33.787 Y54.844 E.03265
G1 X-33.233 Y55.213 E.03128
G1 X-33.233 Y61.089 E.27632
G1 X-33.787 Y60.72 E.03128
G1 X-34.278 Y60.229 E.03265
G1 X-36.234 Y57.291 E.16598
G1 X-36.767 Y56.773 E.03496
G1 X-36.767 Y62.649 E.27632
G1 X-36.234 Y63.167 E.03496
G1 X-34.278 Y66.105 E.16598
G1 X-33.787 Y66.596 E.03265
G1 X-33.233 Y66.965 E.03128
G1 X-33.233 Y64.657 E.10855
G1 X-36.767 Y66.216 F30000
G1 F6000
G1 X-36.767 Y68.525 E.10855
G1 X-36.234 Y69.043 E.03496
G1 X-34.278 Y71.981 E.16598
G1 X-33.787 Y72.472 E.03265
G1 X-33.233 Y72.841 E.03128
G1 X-33.233 Y73.233 E.01845
G1 X-32.644 Y73.233 E.02772
G1 X-30.849 Y74.428 E.10139
G1 X-30.358 Y74.919 E.03265
G1 X-28.462 Y77.767 E.16086
G1 X-34.338 Y77.767 E.27632
G1 X-36.234 Y74.919 E.16086
G1 X-36.767 Y74.401 E.03496
G1 X-36.767 Y72.092 E.10855
G1 X-24.895 Y77.767 F30000
G1 F6000
G1 X-22.586 Y77.767 E.10855
G1 X-24.482 Y74.919 E.16086
G1 X-24.973 Y74.428 E.03265
G1 X-26.768 Y73.233 E.10139
G1 X-20.892 Y73.233 E.27632
G1 X-19.097 Y74.428 E.10139
G1 X-18.606 Y74.919 E.03265
G1 X-16.71 Y77.767 E.16086
G1 X-10.834 Y77.767 E.27632
G1 X-12.73 Y74.919 E.16086
G1 X-13.221 Y74.428 E.03265
G1 X-15.016 Y73.233 E.10139
G1 X-9.14 Y73.233 E.27632
G1 X-7.345 Y74.428 E.10139
G1 X-6.854 Y74.919 E.03265
G1 X-4.958 Y77.767 E.16086
G1 X.918 Y77.767 E.27632
G1 X-.978 Y74.919 E.16086
G1 X-1.469 Y74.428 E.03265
G1 X-3.264 Y73.233 E.10139
G1 X2.612 Y73.233 E.27632
G1 X4.407 Y74.428 E.10139
G1 X4.898 Y74.919 E.03265
G1 X6.794 Y77.767 E.16086
G1 X12.67 Y77.767 E.27632
G1 X10.774 Y74.919 E.16086
G1 X10.283 Y74.428 E.03265
G1 X8.488 Y73.233 E.10139
G1 X14.364 Y73.233 E.27632
G1 X16.159 Y74.428 E.10139
G1 X16.65 Y74.919 E.03265
G1 X18.546 Y77.767 E.16086
G1 X20.854 Y77.767 E.10855
G1 X22.549 Y73.233 F30000
G1 F6000
G1 X20.24 Y73.233 E.10855
G1 X22.035 Y74.428 E.10139
G1 X22.526 Y74.919 E.03265
G1 X24.422 Y77.767 E.16086
G1 X30.298 Y77.767 E.27632
G1 X28.402 Y74.919 E.16086
G1 X27.911 Y74.428 E.03265
G1 X26.116 Y73.233 E.10139
G1 X31.992 Y73.233 E.27632
G1 X33.787 Y74.428 E.10139
G1 X34.278 Y74.919 E.03265
G1 X36.174 Y77.767 E.16086
G1 X36.767 Y77.767 E.02788
G1 X36.767 Y72.5 E.24767
G1 X36.234 Y71.981 E.03496
G1 X34.278 Y69.043 E.16598
G1 X33.787 Y68.552 E.03265
G1 X33.233 Y68.184 E.03128
G1 X33.233 Y62.308 E.27632
G1 X33.787 Y62.676 E.03128
G1 X34.278 Y63.167 E.03265
G1 X36.234 Y66.105 E.16598
G1 X36.767 Y66.624 E.03496
G1 X36.767 Y68.932 E.10855
G1 X33.233 Y54.123 F30000
G1 F6000
G1 X33.233 Y56.432 E.10855
G1 X33.787 Y56.8 E.03128
G1 X34.278 Y57.291 E.03265
G1 X36.234 Y60.229 E.16598
G1 X36.767 Y60.748 E.03496
G1 X36.767 Y54.872 E.27632
G1 X36.234 Y54.353 E.03496
G1 X34.278 Y51.415 E.16598
G1 X33.787 Y50.924 E.03265
G1 X33.233 Y50.555 E.03128
G1 X33.233 Y44.679 E.27632
G1 X33.787 Y45.048 E.03128
G1 X34.278 Y45.539 E.03265
G1 X36.234 Y48.477 E.16598
G1 X36.767 Y48.996 E.03496
G1 X36.767 Y43.12 E.27632
G1 X36.234 Y42.601 E.03496
G1 X34.278 Y39.663 E.16598
G1 X33.787 Y39.172 E.03265
G1 X33.233 Y38.803 E.03128
G1 X33.233 Y32.927 E.27632
G1 X33.787 Y33.296 E.03128
G1 X34.278 Y33.787 E.03265
G1 X36.234 Y36.725 E.16598
G1 X36.767 Y37.244 E.03496
G1 X36.767 Y31.368 E.27632
G1 X36.234 Y30.849 E.03496
G1 X34.278 Y27.911 E.16598
G1 X33.787 Y27.42 E.03265
G1 X33.233 Y27.051 E.03128
G1 X33.233 Y21.175 E.27632
G1 X33.787 Y21.544 E.03128
G1 X34.278 Y22.035 E.03265
G1 X36.234 Y24.973 E.16598
G1 X36.767 Y25.492 E.03496
G1 X36.767 Y19.616 E.27632
G1 X36.234 Y19.097 E.03496
G1 X34.278 Y16.159 E.16598
G1 X33.787 Y15.668 E.03265
G1 X33.233 Y15.299 E.03128
G1 X33.233 Y12.991 E.10855
G1 X36.767 Y11.431 F30000
G1 F6000
G1 X36.767 Y13.74 E.10855
G1 X36.234 Y13.221 E.03496
G1 X34.278 Y10.283 E.16598
G1 X33.787 Y9.792 E.03265
G1 X33.233 Y9.423 E.03128
G1 X33.233 Y3.547 E.27632
G1 X33.787 Y3.916 E.03128
G1 X34.278 Y4.407 E.03265
G1 X36.234 Y7.345 E.16598
G1 X36.767 Y7.864 E.03496
G1 X36.767 Y1.988 E.27632
G1 X36.234 Y1.469 E.03496
G1 X34.278 Y-1.469 E.16598
G1 X33.787 Y-1.96 E.03265
G1 X33.233 Y-2.329 E.03128
G1 X33.233 Y-8.205 E.27632
G1 X33.787 Y-7.836 E.03128
G1 X34.278 Y-7.345 E.03265
G1 X36.234 Y-4.407 E.16598
G1 X36.767 Y-3.888 E.03496
G1 X36.767 Y-9.764 E.27632
G1 X36.234 Y-10.283 E.03496
G1 X34.278 Y-13.221 E.16598
G1 X33.787 Y-13.712 E.03265
G1 X33.233 Y-14.081 E.03128
G1 X33.233 Y-16.389 E.10855
G1 X36.767 Y-13.332 F30000
G1 F6000
G1 X36.767 Y-15.64 E.10855
G1 X36.234 Y-16.159 E.03496
G1 X34.278 Y-19.097 E.16598
G1 X33.787 Y-19.588 E.03265
G1 X33.233 Y-19.957 E.03128
G1 X33.233 Y-25.833 E.27632
G1 X33.787 Y-25.464 E.03128
G1 X34.278 Y-24.973 E.03265
G1 X36.234 Y-22.035 E.16598
G1 X36.767 Y-21.516 E.03496
G1 X36.767 Y-27.392 E.27632
G1 X36.234 Y-27.911 E.03496
G1 X34.278 Y-30.849 E.16598
G1 X33.787 Y-31.34 E.03265
G1 X33.233 Y-31.709 E.03128
G1 X33.233 Y-37.585 E.27632
G1 X33.787 Y-37.216 E.03128
M73 P53 R7
G1 X34.278 Y-36.725 E.03265
G1 X36.234 Y-33.787 E.16598
G1 X36.767 Y-33.268 E.03496
G1 X36.767 Y-39.144 E.27632
G1 X36.234 Y-39.663 E.03496
G1 X34.278 Y-42.601 E.16598
G1 X33.787 Y-43.092 E.03265
G1 X33.233 Y-43.461 E.03128
G1 X33.233 Y-45.769 E.10855
G1 X36.767 Y-42.712 F30000
G1 F6000
G1 X36.767 Y-45.02 E.10855
G1 X36.234 Y-45.539 E.03496
G1 X34.278 Y-48.477 E.16598
G1 X33.787 Y-48.968 E.03265
G1 X33.233 Y-49.337 E.03128
G1 X33.233 Y-55.213 E.27632
G1 X33.787 Y-54.844 E.03128
G1 X34.278 Y-54.353 E.03265
G1 X36.234 Y-51.415 E.16598
G1 X36.767 Y-50.896 E.03496
G1 X36.767 Y-56.773 E.27632
G1 X36.234 Y-57.291 E.03496
G1 X34.278 Y-60.229 E.16598
G1 X33.787 Y-60.72 E.03265
G1 X33.233 Y-61.089 E.03128
G1 X33.233 Y-66.965 E.27632
G1 X33.787 Y-66.596 E.03128
G1 X34.278 Y-66.105 E.03265
G1 X36.234 Y-63.167 E.16598
G1 X36.767 Y-62.649 E.03496
G1 X36.767 Y-68.525 E.27632
G1 X36.234 Y-69.043 E.03496
G1 X34.278 Y-71.981 E.16598
G1 X33.787 Y-72.472 E.03265
G1 X33.233 Y-72.812 E.03054
G1 X33.233 Y-70.862 E.09167
G1 X32.82 Y-73.779 F30000
;TYPE:Gap infill
;WIDTH:0.485338
G1 F9000
G1 X32.82 Y-78.401 E.16664
G1 E-1.2 F2100
;WIPE_START
G1 F9000
G1 X32.82 Y-76.401
;WIPE_END
G1 X37.18 Y-78.401 Z3.8 F30000
G1 Z3.4
G1 E1.2 F2100
G1 F9000
G1 X37.18 Y-73.779 E.16664
G1 E-1.2 F2100
;WIPE_START
G1 F9000
G1 X37.18 Y-75.779
;WIPE_END
G1 X29.553 Y-76.065 Z3.8 F30000
G1 X-32.82 Y-78.401 Z3.8
G1 Z3.4
G1 E1.2 F2100
;WIDTH:0.485336
G1 F9000
G1 X-32.82 Y-73.779 E.16664
G1 E-1.2 F2100
;WIPE_START
G1 F9000
G1 X-32.82 Y-75.779
;WIPE_END
G1 X-37.18 Y-73.779 Z3.8 F30000
G1 Z3.4
G1 E1.2 F2100
G1 F9000
G1 X-37.18 Y-78.401 E.16664
;LAYER_CHANGE
;Z:3.6
;HEIGHT:0.2
;BEFORE_LAYER_CHANGE
;3.6
G1 E-1.2 F2100
;WIPE_START
G1 F9000
G1 X-37.18 Y-76.401
;WIPE_END
;AFTER_LAYER_CHANGE
;3.6
;_SET_FAN_SPEED_CHANGING_LAYER
G17
G3 Z4 I-1.065 J.59 P1  F30000
G1 X-35.057 Y-72.57 Z4
G1 Z3.6
G1 E1.2 F2100
SET_VELOCITY_LIMIT ACCEL=5000
;TYPE:Inner wall
;WIDTH:0.62
G1 F9000
G1 X-35 Y-72.561 E.00274
G1 X-34.485 Y-72.644 E.02452
G1 X-34.154 Y-72.766 E.01662
G1 X-33.725 Y-72.972 E.02238
G1 X-32.887 Y-73.441 E.04514
G1 X-32.887 Y72.887 E6.88104
G1 X32.887 Y72.887 E3.09301
G1 X32.887 Y-73.441 E6.88104
M73 P54 R7
G1 X33.725 Y-72.972 E.04514
G1 X34.154 Y-72.766 E.02238
G1 X34.485 Y-72.644 E.01662
G1 X35 Y-72.561 E.02452
G1 X35.515 Y-72.644 E.02452
G1 X35.846 Y-72.766 E.01662
G1 X36.275 Y-72.972 E.02238
G1 X37.113 Y-73.441 E.04514
G1 X37.113 Y78.113 E7.12678
G1 X-37.113 Y78.113 E3.49045
G1 X-37.113 Y-73.441 E7.12678
G1 X-36.275 Y-72.972 E.04514
G1 X-35.846 Y-72.766 E.02238
G1 X-35.515 Y-72.644 E.01662
G1 X-35.093 Y-72.576 E.02009
SET_VELOCITY_LIMIT ACCEL=10000
G1 X-34.785 Y-73.18 F30000
SET_VELOCITY_LIMIT ACCEL=5000
;TYPE:Outer wall
G1 F7200
G1 X-34.632 Y-73.204 E.00727
G1 X-34.379 Y-73.298 E.0127
G1 X-33.991 Y-73.484 E.02024
G1 X-33.395 Y-73.818 E.03213
G1 X-33.395 Y-78.69 E.22909
G1 X-32.31 Y-78.69 E.05101
G1 X-32.31 Y72.31 E7.10073
G1 X32.31 Y72.31 E3.03873
G1 X32.31 Y-78.69 E7.10073
G1 X33.395 Y-78.69 E.05101
G1 X33.395 Y-73.818 E.22909
G1 X33.991 Y-73.484 E.03213
G1 X34.379 Y-73.298 E.02024
G1 X34.632 Y-73.204 E.0127
G1 X35 Y-73.145 E.01751
G1 X35.368 Y-73.204 E.01751
G1 X35.621 Y-73.298 E.0127
G1 X36.009 Y-73.484 E.02024
G1 X36.605 Y-73.818 E.03213
G1 X36.605 Y-78.69 E.22909
G1 X37.69 Y-78.69 E.05101
G1 X37.69 Y78.69 E7.40074
G1 X-37.69 Y78.69 E3.54472
G1 X-37.69 Y-78.69 E7.40074
G1 X-36.605 Y-78.69 E.05101
M73 P55 R7
G1 X-36.605 Y-73.818 E.22909
G1 X-36.009 Y-73.484 E.03213
G1 X-35.621 Y-73.298 E.02024
G1 X-35.368 Y-73.204 E.0127
G1 X-35 Y-73.145 E.01751
G1 X-34.82 Y-73.174 E.00855
SET_VELOCITY_LIMIT ACCEL=10000
G1 E-1.2 F2100
;WIPE_START
G1 F7200
G1 X-34.632 Y-73.204
G1 X-34.379 Y-73.298
G1 X-33.991 Y-73.484
G1 X-33.395 Y-73.818
G1 X-33.395 Y-74.244
;WIPE_END
G1 X-32.852 Y-73.791 Z4 F30000
G1 Z3.6
G1 E1.2 F2100
;TYPE:Gap infill
;WIDTH:0.550564
G1 F9000
G1 X-32.852 Y-78.401 E.19071
G1 E-1.2 F2100
;WIPE_START
G1 F9000
G1 X-32.852 Y-76.401
;WIPE_END
G1 X-37.148 Y-78.401 Z4 F30000
G1 Z3.6
G1 E1.2 F2100
;WIDTH:0.550562
G1 F9000
G1 X-37.148 Y-73.791 E.19071
G1 X-33.233 Y-70.272 F30000
;TYPE:Sparse infill
;WIDTH:0.62
G1 F6000
G1 X-33.233 Y-67.963 E.10855
G1 X-33.787 Y-68.199 E.0283
G1 X-34.632 Y-69.043 E.05616
G1 X-35.881 Y-71.981 E.15012
G1 X-36.725 Y-72.826 E.05616
G1 X-36.767 Y-72.843 E.00212
G1 X-36.767 Y-66.967 E.27632
G1 X-36.725 Y-66.95 E.00212
G1 X-35.881 Y-66.105 E.05616
G1 X-34.632 Y-63.167 E.15012
G1 X-33.787 Y-62.323 E.05616
G1 X-33.233 Y-62.087 E.0283
G1 X-33.233 Y-56.211 E.27632
G1 X-33.787 Y-56.447 E.0283
G1 X-34.632 Y-57.291 E.05616
G1 X-35.881 Y-60.229 E.15012
G1 X-36.725 Y-61.074 E.05616
G1 X-36.767 Y-61.091 E.00212
G1 X-36.767 Y-55.215 E.27632
G1 X-36.725 Y-55.198 E.00212
G1 X-35.881 Y-54.353 E.05616
G1 X-34.632 Y-51.415 E.15012
G1 X-33.787 Y-50.571 E.05616
G1 X-33.233 Y-50.335 E.0283
G1 X-33.233 Y-44.459 E.27632
G1 X-33.787 Y-44.695 E.0283
G1 X-34.632 Y-45.539 E.05616
G1 X-35.881 Y-48.477 E.15012
G1 X-36.725 Y-49.322 E.05616
G1 X-36.767 Y-49.339 E.00212
G1 X-36.767 Y-43.463 E.27632
G1 X-36.725 Y-43.446 E.00212
G1 X-35.881 Y-42.601 E.05616
G1 X-34.632 Y-39.663 E.15012
G1 X-33.787 Y-38.819 E.05616
G1 X-33.233 Y-38.583 E.0283
G1 X-33.233 Y-32.707 E.27632
G1 X-33.787 Y-32.943 E.0283
G1 X-34.632 Y-33.787 E.05616
G1 X-35.881 Y-36.725 E.15012
G1 X-36.725 Y-37.57 E.05616
G1 X-36.767 Y-37.587 E.00212
G1 X-36.767 Y-31.711 E.27632
G1 X-36.725 Y-31.694 E.00212
G1 X-35.881 Y-30.849 E.05616
G1 X-34.632 Y-27.911 E.15012
G1 X-33.787 Y-27.067 E.05616
G1 X-33.233 Y-26.831 E.0283
G1 X-33.233 Y-20.955 E.27632
G1 X-33.787 Y-21.191 E.0283
G1 X-34.632 Y-22.035 E.05616
G1 X-35.881 Y-24.973 E.15012
G1 X-36.725 Y-25.818 E.05616
G1 X-36.767 Y-25.835 E.00212
G1 X-36.767 Y-28.144 E.10855
G1 X-33.233 Y-12.771 F30000
G1 F6000
G1 X-33.233 Y-15.079 E.10855
G1 X-33.787 Y-15.315 E.0283
G1 X-34.632 Y-16.159 E.05616
G1 X-35.881 Y-19.097 E.15012
G1 X-36.725 Y-19.942 E.05616
G1 X-36.767 Y-19.959 E.00212
G1 X-36.767 Y-14.083 E.27632
G1 X-36.725 Y-14.066 E.00212
G1 X-35.881 Y-13.221 E.05616
G1 X-34.632 Y-10.283 E.15012
G1 X-33.787 Y-9.438 E.05616
G1 X-33.233 Y-9.203 E.0283
G1 X-33.233 Y-3.327 E.27632
G1 X-33.787 Y-3.562 E.0283
G1 X-34.632 Y-4.407 E.05616
G1 X-35.881 Y-7.345 E.15012
G1 X-36.725 Y-8.19 E.05616
G1 X-36.767 Y-8.207 E.00212
G1 X-36.767 Y-2.331 E.27632
G1 X-36.725 Y-2.314 E.00212
G1 X-35.881 Y-1.469 E.05616
G1 X-34.632 Y1.469 E.15012
G1 X-33.787 Y2.314 E.05616
G1 X-33.233 Y2.549 E.0283
G1 X-33.233 Y8.425 E.27632
G1 X-33.787 Y8.19 E.0283
G1 X-34.632 Y7.345 E.05616
G1 X-35.881 Y4.407 E.15012
G1 X-36.725 Y3.562 E.05616
G1 X-36.767 Y3.545 E.00212
G1 X-36.767 Y9.421 E.27632
G1 X-36.725 Y9.438 E.00212
G1 X-35.881 Y10.283 E.05616
G1 X-34.632 Y13.221 E.15012
G1 X-33.787 Y14.066 E.05616
G1 X-33.233 Y14.301 E.0283
G1 X-33.233 Y16.609 E.10855
G1 X-36.767 Y12.989 F30000
G1 F6000
G1 X-36.767 Y15.297 E.10855
G1 X-36.725 Y15.315 E.00212
G1 X-35.881 Y16.159 E.05616
G1 X-34.632 Y19.097 E.15012
G1 X-33.787 Y19.942 E.05616
G1 X-33.233 Y20.177 E.0283
G1 X-33.233 Y26.053 E.27632
G1 X-33.787 Y25.818 E.0283
G1 X-34.632 Y24.973 E.05616
G1 X-35.881 Y22.035 E.15012
G1 X-36.725 Y21.191 E.05616
G1 X-36.767 Y21.173 E.00212
G1 X-36.767 Y27.049 E.27632
G1 X-36.725 Y27.067 E.00212
G1 X-35.881 Y27.911 E.05616
G1 X-34.632 Y30.849 E.15012
G1 X-33.787 Y31.694 E.05616
G1 X-33.233 Y31.929 E.0283
G1 X-33.233 Y29.621 E.10855
G1 X-36.767 Y30.617 F30000
G1 F6000
G1 X-36.767 Y32.925 E.10855
G1 X-36.725 Y32.943 E.00212
G1 X-35.881 Y33.787 E.05616
G1 X-34.632 Y36.725 E.15012
G1 X-33.787 Y37.57 E.05616
G1 X-33.233 Y37.805 E.0283
G1 X-33.233 Y43.681 E.27632
G1 X-33.787 Y43.446 E.0283
G1 X-34.632 Y42.601 E.05616
G1 X-35.881 Y39.663 E.15012
G1 X-36.725 Y38.819 E.05616
G1 X-36.767 Y38.801 E.00212
G1 X-36.767 Y44.677 E.27632
G1 X-36.725 Y44.695 E.00212
G1 X-35.881 Y45.539 E.05616
G1 X-34.632 Y48.477 E.15012
G1 X-33.787 Y49.322 E.05616
G1 X-33.233 Y49.557 E.0283
G1 X-33.233 Y55.433 E.27632
G1 X-33.787 Y55.198 E.0283
G1 X-34.632 Y54.353 E.05616
G1 X-35.881 Y51.415 E.15012
G1 X-36.725 Y50.571 E.05616
G1 X-36.767 Y50.553 E.00212
G1 X-36.767 Y56.429 E.27632
G1 X-36.725 Y56.447 E.00212
G1 X-35.881 Y57.291 E.05616
G1 X-34.632 Y60.229 E.15012
G1 X-33.787 Y61.074 E.05616
G1 X-33.233 Y61.309 E.0283
G1 X-33.233 Y67.185 E.27632
G1 X-33.787 Y66.95 E.0283
G1 X-34.632 Y66.105 E.05616
G1 X-35.881 Y63.167 E.15012
G1 X-36.725 Y62.323 E.05616
G1 X-36.767 Y62.305 E.00212
G1 X-36.767 Y59.997 E.10855
G1 X-32.362 Y77.767 F30000
G1 F6000
G1 X-34.67 Y77.767 E.10855
G1 X-35.881 Y74.919 E.1455
G1 X-36.725 Y74.075 E.05616
G1 X-36.767 Y74.057 E.00212
G1 X-36.767 Y68.181 E.27632
G1 X-36.725 Y68.199 E.00212
G1 X-35.881 Y69.043 E.05616
G1 X-34.632 Y71.981 E.15012
G1 X-33.787 Y72.826 E.05616
G1 X-33.233 Y73.061 E.0283
G1 X-33.233 Y73.233 E.0081
G1 X-32.828 Y73.233 E.01905
G1 X-30.849 Y74.075 E.10113
G1 X-30.005 Y74.919 E.05616
G1 X-28.794 Y77.767 E.1455
G1 X-26.486 Y77.767 E.10855
G1 X-29.261 Y73.233 F30000
G1 F6000
G1 X-26.952 Y73.233 E.10855
G1 X-24.973 Y74.075 E.10113
G1 X-24.129 Y74.919 E.05616
G1 X-22.918 Y77.767 E.1455
G1 X-17.042 Y77.767 E.27632
G1 X-18.253 Y74.919 E.1455
G1 X-19.097 Y74.075 E.05616
G1 X-21.076 Y73.233 E.10113
G1 X-23.385 Y73.233 E.10855
G1 X-17.509 Y73.233 F30000
G1 F6000
G1 X-15.2 Y73.233 E.10855
G1 X-13.221 Y74.075 E.10113
G1 X-12.376 Y74.919 E.05616
G1 X-11.166 Y77.767 E.1455
G1 X-5.29 Y77.767 E.27632
G1 X-6.5 Y74.919 E.1455
G1 X-7.345 Y74.075 E.05616
G1 X-9.324 Y73.233 E.10113
G1 X-11.633 Y73.233 E.10855
G1 X-5.757 Y73.233 F30000
G1 F6000
G1 X-3.448 Y73.233 E.10855
G1 X-1.469 Y74.075 E.10113
G1 X-.624 Y74.919 E.05616
G1 X.586 Y77.767 E.1455
G1 X6.462 Y77.767 E.27632
G1 X5.252 Y74.919 E.1455
G1 X4.407 Y74.075 E.05616
G1 X2.428 Y73.233 E.10113
G1 X.119 Y73.233 E.10855
G1 X5.995 Y73.233 F30000
G1 F6000
G1 X8.304 Y73.233 E.10855
G1 X10.283 Y74.075 E.10113
G1 X11.128 Y74.919 E.05616
G1 X12.338 Y77.767 E.1455
G1 X10.03 Y77.767 E.10855
G1 X11.871 Y73.233 F30000
G1 F6000
G1 X14.18 Y73.233 E.10855
G1 X16.159 Y74.075 E.10113
G1 X17.004 Y74.919 E.05616
G1 X18.214 Y77.767 E.1455
G1 X24.09 Y77.767 E.27632
G1 X22.88 Y74.919 E.1455
G1 X22.035 Y74.075 E.05616
G1 X20.056 Y73.233 E.10113
G1 X17.748 Y73.233 E.10855
G1 X23.624 Y73.233 F30000
G1 F6000
G1 X25.932 Y73.233 E.10855
G1 X27.911 Y74.075 E.10113
G1 X28.756 Y74.919 E.05616
G1 X29.966 Y77.767 E.1455
G1 X32.274 Y77.767 E.10855
G1 X29.5 Y73.233 F30000
G1 F6000
G1 X31.808 Y73.233 E.10855
G1 X33.787 Y74.075 E.10113
G1 X34.632 Y74.919 E.05616
G1 X35.842 Y77.767 E.1455
G1 X36.767 Y77.767 E.04348
G1 X36.767 Y72.843 E.23151
G1 X36.725 Y72.826 E.00212
G1 X35.881 Y71.981 E.05616
G1 X34.632 Y69.043 E.15012
G1 X33.787 Y68.199 E.05616
G1 X33.233 Y67.963 E.0283
G1 X33.233 Y62.087 E.27632
G1 X33.787 Y62.323 E.0283
G1 X34.632 Y63.167 E.05616
G1 X35.881 Y66.105 E.15012
G1 X36.725 Y66.95 E.05616
G1 X36.767 Y66.967 E.00212
G1 X36.767 Y61.091 E.27632
G1 X36.725 Y61.074 E.00212
G1 X35.881 Y60.229 E.05616
G1 X34.632 Y57.291 E.15012
G1 X33.787 Y56.447 E.05616
G1 X33.233 Y56.211 E.0283
G1 X33.233 Y53.903 E.10855
G1 X36.767 Y57.524 F30000
G1 F6000
G1 X36.767 Y55.215 E.10855
G1 X36.725 Y55.198 E.00212
G1 X35.881 Y54.353 E.05616
G1 X34.632 Y51.415 E.15012
G1 X33.787 Y50.571 E.05616
G1 X33.233 Y50.335 E.0283
G1 X33.233 Y44.459 E.27632
G1 X33.787 Y44.695 E.0283
G1 X34.632 Y45.539 E.05616
G1 X35.881 Y48.477 E.15012
G1 X36.725 Y49.322 E.05616
G1 X36.767 Y49.339 E.00212
G1 X36.767 Y43.463 E.27632
G1 X36.725 Y43.446 E.00212
G1 X35.881 Y42.601 E.05616
G1 X34.632 Y39.663 E.15012
G1 X33.787 Y38.819 E.05616
G1 X33.233 Y38.583 E.0283
G1 X33.233 Y32.707 E.27632
G1 X33.787 Y32.943 E.0283
G1 X34.632 Y33.787 E.05616
G1 X35.881 Y36.725 E.15012
G1 X36.725 Y37.57 E.05616
G1 X36.767 Y37.587 E.00212
G1 X36.767 Y31.711 E.27632
G1 X36.725 Y31.694 E.00212
G1 X35.881 Y30.849 E.05616
G1 X34.632 Y27.911 E.15012
G1 X33.787 Y27.067 E.05616
G1 X33.233 Y26.831 E.0283
G1 X33.233 Y20.955 E.27632
G1 X33.787 Y21.191 E.0283
G1 X34.632 Y22.035 E.05616
G1 X35.881 Y24.973 E.15012
G1 X36.725 Y25.818 E.05616
G1 X36.767 Y25.835 E.00212
G1 X36.767 Y19.959 E.27632
G1 X36.725 Y19.942 E.00212
G1 X35.881 Y19.097 E.05616
G1 X34.632 Y16.159 E.15012
G1 X33.787 Y15.315 E.05616
G1 X33.233 Y15.079 E.0283
G1 X33.233 Y9.203 E.27632
G1 X33.787 Y9.438 E.0283
G1 X34.632 Y10.283 E.05616
G1 X35.881 Y13.221 E.15012
G1 X36.725 Y14.066 E.05616
G1 X36.767 Y14.083 E.00212
G1 X36.767 Y8.207 E.27632
G1 X36.725 Y8.19 E.00212
G1 X35.881 Y7.345 E.05616
G1 X34.632 Y4.407 E.15012
G1 X33.787 Y3.562 E.05616
G1 X33.233 Y3.327 E.0283
G1 X33.233 Y-2.549 E.27632
G1 X33.787 Y-2.314 E.0283
G1 X34.632 Y-1.469 E.05616
G1 X35.881 Y1.469 E.15012
G1 X36.725 Y2.314 E.05616
G1 X36.767 Y2.331 E.00212
G1 X36.767 Y-3.545 E.27632
G1 X36.725 Y-3.562 E.00212
G1 X35.881 Y-4.407 E.05616
G1 X34.632 Y-7.345 E.15012
G1 X33.787 Y-8.19 E.05616
G1 X33.233 Y-8.425 E.0283
G1 X33.233 Y-14.301 E.27632
G1 X33.787 Y-14.066 E.0283
G1 X34.632 Y-13.221 E.05616
G1 X35.881 Y-10.283 E.15012
G1 X36.725 Y-9.438 E.05616
G1 X36.767 Y-9.421 E.00212
G1 X36.767 Y-11.729 E.10855
G1 X33.233 Y-17.869 F30000
G1 F6000
G1 X33.233 Y-20.177 E.10855
G1 X33.787 Y-19.942 E.0283
G1 X34.632 Y-19.097 E.05616
G1 X35.881 Y-16.159 E.15012
G1 X36.725 Y-15.315 E.05616
G1 X36.767 Y-15.297 E.00212
G1 X36.767 Y-21.173 E.27632
G1 X36.725 Y-21.191 E.00212
G1 X35.881 Y-22.035 E.05616
G1 X34.632 Y-24.973 E.15012
G1 X33.787 Y-25.818 E.05616
G1 X33.233 Y-26.053 E.0283
G1 X33.233 Y-31.929 E.27632
G1 X33.787 Y-31.694 E.0283
G1 X34.632 Y-30.849 E.05616
G1 X35.881 Y-27.911 E.15012
G1 X36.725 Y-27.067 E.05616
G1 X36.767 Y-27.049 E.00212
G1 X36.767 Y-32.925 E.27632
G1 X36.725 Y-32.943 E.00212
G1 X35.881 Y-33.787 E.05616
G1 X34.632 Y-36.725 E.15012
G1 X33.787 Y-37.57 E.05616
G1 X33.233 Y-37.805 E.0283
G1 X33.233 Y-43.681 E.27632
G1 X33.787 Y-43.446 E.0283
G1 X34.632 Y-42.601 E.05616
G1 X35.881 Y-39.663 E.15012
G1 X36.725 Y-38.819 E.05616
G1 X36.767 Y-38.801 E.00212
M73 P56 R7
G1 X36.767 Y-44.677 E.27632
G1 X36.725 Y-44.695 E.00212
G1 X35.881 Y-45.539 E.05616
G1 X34.632 Y-48.477 E.15012
G1 X33.787 Y-49.322 E.05616
G1 X33.233 Y-49.557 E.0283
G1 X33.233 Y-55.433 E.27632
G1 X33.787 Y-55.198 E.0283
G1 X34.632 Y-54.353 E.05616
G1 X35.881 Y-51.415 E.15012
G1 X36.725 Y-50.571 E.05616
G1 X36.767 Y-50.553 E.00212
G1 X36.767 Y-56.429 E.27632
G1 X36.725 Y-56.447 E.00212
G1 X35.881 Y-57.291 E.05616
G1 X34.632 Y-60.229 E.15012
G1 X33.787 Y-61.074 E.05616
G1 X33.233 Y-61.309 E.0283
G1 X33.233 Y-67.185 E.27632
G1 X33.787 Y-66.95 E.0283
G1 X34.632 Y-66.105 E.05616
G1 X35.881 Y-63.167 E.15012
G1 X36.725 Y-62.323 E.05616
G1 X36.767 Y-62.305 E.00212
G1 X36.767 Y-68.181 E.27632
G1 X36.725 Y-68.199 E.00212
G1 X35.881 Y-69.043 E.05616
G1 X34.632 Y-71.981 E.15012
G1 X34.252 Y-72.36 E.02522
G1 X34.397 Y-72.307 E.00724
G1 X35 Y-72.21 E.02873
G1 X35.603 Y-72.307 E.02873
G1 X35.982 Y-72.447 E.01898
G1 X36.458 Y-72.677 E.02488
G1 X37.148 Y-73.791 F30000
;TYPE:Gap infill
;WIDTH:0.550564
G1 F9000
G1 X37.148 Y-78.401 E.19071
G1 E-1.2 F2100
;WIPE_START
G1 F9000
G1 X37.148 Y-76.401
;WIPE_END
G1 X32.852 Y-78.401 Z4 F30000
G1 Z3.6
G1 E1.2 F2100
;WIDTH:0.550562
G1 F9000
G1 X32.852 Y-73.791 E.19071
;LAYER_CHANGE
;Z:3.8
;HEIGHT:0.2
;BEFORE_LAYER_CHANGE
;3.8
G1 E-1.2 F2100
;WIPE_START
G1 F9000
G1 X32.852 Y-75.791
;WIPE_END
;AFTER_LAYER_CHANGE
;3.8
;_SET_FAN_SPEED_CHANGING_LAYER
G17
G3 Z4.2 I-.055 J-1.216 P1  F30000
G1 X-35.038 Y-72.693 Z4.2
G1 Z3.8
G1 E1.2 F2100
SET_VELOCITY_LIMIT ACCEL=5000
;TYPE:Inner wall
;WIDTH:0.62
G1 F9000
G1 X-35 Y-72.69 E.00179
G1 X-34.677 Y-72.715 E.01526
G1 X-34.341 Y-72.793 E.01619
G1 X-33.954 Y-72.936 E.01943
G1 X-32.887 Y-73.449 E.05564
G1 X-32.887 Y72.887 E6.88139
G1 X32.887 Y72.887 E3.09301
G1 X32.887 Y-73.449 E6.88139
G1 X33.954 Y-72.936 E.05564
G1 X34.341 Y-72.793 E.01943
G1 X34.677 Y-72.715 E.01619
G1 X35 Y-72.69 E.01526
G1 X35.323 Y-72.715 E.01526
G1 X35.659 Y-72.793 E.01619
G1 X36.046 Y-72.936 E.01943
G1 X37.113 Y-73.449 E.05564
G1 X37.113 Y78.113 E7.12714
G1 X-37.113 Y78.113 E3.49045
G1 X-37.113 Y-73.449 E7.12714
G1 X-36.046 Y-72.936 E.05564
G1 X-35.659 Y-72.793 E.01943
G1 X-35.323 Y-72.715 E.01619
G1 X-35.074 Y-72.695 E.01177
SET_VELOCITY_LIMIT ACCEL=10000
G1 X-34.675 Y-73.308 F30000
SET_VELOCITY_LIMIT ACCEL=5000
;TYPE:Outer wall
G1 F7200
G1 X-34.507 Y-73.347 E.00811
G1 X-34.179 Y-73.468 E.01644
G1 X-33.478 Y-73.805 E.0366
G1 X-33.478 Y-78.69 E.22971
G1 X-32.31 Y-78.69 E.0549
G1 X-32.31 Y72.31 E7.10073
G1 X32.31 Y72.31 E3.03873
G1 X32.31 Y-78.69 E7.10073
G1 X33.478 Y-78.69 E.0549
G1 X33.478 Y-73.805 E.22971
G1 X34.179 Y-73.468 E.0366
G1 X34.507 Y-73.347 E.01644
G1 X34.765 Y-73.287 E.01246
G1 X35 Y-73.268 E.01109
G1 X35.235 Y-73.287 E.01109
G1 X35.493 Y-73.347 E.01246
G1 X35.821 Y-73.468 E.01644
G1 X36.522 Y-73.805 E.0366
G1 X36.522 Y-78.69 E.22971
G1 X37.69 Y-78.69 E.0549
G1 X37.69 Y78.69 E7.40074
G1 X-37.69 Y78.69 E3.54472
M73 P57 R7
G1 X-37.69 Y-78.69 E7.40074
G1 X-36.522 Y-78.69 E.0549
G1 X-36.522 Y-73.805 E.22971
G1 X-35.821 Y-73.468 E.0366
G1 X-35.493 Y-73.347 E.01644
G1 X-35.235 Y-73.287 E.01246
G1 X-35 Y-73.268 E.01109
G1 X-34.765 Y-73.287 E.01109
G1 X-34.71 Y-73.3 E.00266
SET_VELOCITY_LIMIT ACCEL=10000
G1 E-1.2 F2100
;WIPE_START
G1 F7200
G1 X-34.507 Y-73.347
G1 X-34.179 Y-73.468
G1 X-33.478 Y-73.805
G1 X-33.478 Y-74.469
;WIPE_END
G1 X-32.894 Y-73.766 Z4.2 F30000
G1 Z3.8
G1 E1.2 F2100
;TYPE:Gap infill
;WIDTH:0.633404
G1 F9000
G1 X-32.894 Y-78.401 E.22306
G1 E-1.2 F2100
;WIPE_START
G1 F9000
G1 X-32.894 Y-76.401
;WIPE_END
G1 X-37.106 Y-78.401 Z4.2 F30000
G1 Z3.8
G1 E1.2 F2100
G1 F9000
G1 X-37.106 Y-73.766 E.22306
G1 X-33.233 Y-70.051 F30000
;TYPE:Sparse infill
;WIDTH:0.62
G1 F6000
G1 X-33.233 Y-67.743 E.10855
G1 X-33.787 Y-67.845 E.02648
G1 X-34.985 Y-69.043 E.07968
G1 X-35.527 Y-71.981 E.14049
G1 X-36.151 Y-72.606 E.04152
G1 X-36.767 Y-72.898 E.03204
G1 X-36.767 Y-67.311 E.26273
G1 X-36.725 Y-67.303 E.00199
G1 X-35.527 Y-66.105 E.07968
G1 X-34.985 Y-63.167 E.14049
G1 X-33.787 Y-61.969 E.07968
G1 X-33.233 Y-61.867 E.02648
G1 X-33.233 Y-55.991 E.27632
G1 X-33.787 Y-56.093 E.02648
G1 X-34.985 Y-57.291 E.07968
G1 X-35.527 Y-60.229 E.14049
G1 X-36.725 Y-61.427 E.07968
G1 X-36.767 Y-61.435 E.00199
G1 X-36.767 Y-55.559 E.27632
G1 X-36.725 Y-55.551 E.00199
G1 X-35.527 Y-54.353 E.07968
G1 X-34.985 Y-51.415 E.14049
G1 X-33.787 Y-50.217 E.07968
G1 X-33.233 Y-50.115 E.02648
G1 X-33.233 Y-44.239 E.27632
G1 X-33.787 Y-44.341 E.02648
G1 X-34.985 Y-45.539 E.07968
G1 X-35.527 Y-48.477 E.14049
G1 X-36.725 Y-49.675 E.07968
G1 X-36.767 Y-49.683 E.00199
G1 X-36.767 Y-43.807 E.27632
G1 X-36.725 Y-43.799 E.00199
G1 X-35.527 Y-42.601 E.07968
G1 X-34.985 Y-39.663 E.14049
G1 X-33.787 Y-38.465 E.07968
G1 X-33.233 Y-38.363 E.02648
G1 X-33.233 Y-32.487 E.27632
G1 X-33.787 Y-32.589 E.02648
G1 X-34.985 Y-33.787 E.07968
G1 X-35.527 Y-36.725 E.14049
G1 X-36.725 Y-37.923 E.07968
G1 X-36.767 Y-37.931 E.00199
G1 X-36.767 Y-32.055 E.27632
G1 X-36.725 Y-32.047 E.00199
G1 X-35.527 Y-30.849 E.07968
G1 X-34.985 Y-27.911 E.14049
G1 X-33.787 Y-26.713 E.07968
G1 X-33.233 Y-26.611 E.02648
G1 X-33.233 Y-24.303 E.10855
G1 X-36.767 Y-28.487 F30000
G1 F6000
G1 X-36.767 Y-26.179 E.10855
G1 X-36.725 Y-26.171 E.00199
G1 X-35.527 Y-24.973 E.07968
G1 X-34.985 Y-22.035 E.14049
G1 X-33.787 Y-20.837 E.07968
G1 X-33.233 Y-20.735 E.02648
G1 X-33.233 Y-14.859 E.27632
G1 X-33.787 Y-14.961 E.02648
G1 X-34.985 Y-16.159 E.07968
G1 X-35.527 Y-19.097 E.14049
G1 X-36.725 Y-20.295 E.07968
G1 X-36.767 Y-20.303 E.00199
G1 X-36.767 Y-14.427 E.27632
G1 X-36.725 Y-14.419 E.00199
G1 X-35.527 Y-13.221 E.07968
G1 X-34.985 Y-10.283 E.14049
G1 X-33.787 Y-9.085 E.07968
G1 X-33.233 Y-8.983 E.02648
G1 X-33.233 Y-3.107 E.27632
G1 X-33.787 Y-3.209 E.02648
G1 X-34.985 Y-4.407 E.07968
G1 X-35.527 Y-7.345 E.14049
G1 X-36.725 Y-8.543 E.07968
G1 X-36.767 Y-8.551 E.00199
G1 X-36.767 Y-2.675 E.27632
G1 X-36.725 Y-2.667 E.00199
G1 X-35.527 Y-1.469 E.07968
G1 X-34.985 Y1.469 E.14049
G1 X-33.787 Y2.667 E.07968
G1 X-33.233 Y2.769 E.02648
G1 X-33.233 Y8.645 E.27632
G1 X-33.787 Y8.543 E.02648
G1 X-34.985 Y7.345 E.07968
G1 X-35.527 Y4.407 E.14049
G1 X-36.725 Y3.209 E.07968
G1 X-36.767 Y3.201 E.00199
G1 X-36.767 Y9.077 E.27632
G1 X-36.725 Y9.085 E.00199
G1 X-35.527 Y10.283 E.07968
G1 X-34.985 Y13.221 E.14049
G1 X-33.787 Y14.419 E.07968
G1 X-33.233 Y14.521 E.02648
G1 X-33.233 Y20.397 E.27632
G1 X-33.787 Y20.295 E.02648
G1 X-34.985 Y19.097 E.07968
G1 X-35.527 Y16.159 E.14049
G1 X-36.725 Y14.961 E.07968
G1 X-36.767 Y14.953 E.00199
G1 X-36.767 Y20.829 E.27632
G1 X-36.725 Y20.837 E.00199
G1 X-35.527 Y22.035 E.07968
G1 X-34.985 Y24.973 E.14049
G1 X-33.787 Y26.171 E.07968
G1 X-33.233 Y26.273 E.02648
G1 X-33.233 Y32.149 E.27632
G1 X-33.787 Y32.047 E.02648
G1 X-34.985 Y30.849 E.07968
G1 X-35.527 Y27.911 E.14049
G1 X-36.725 Y26.713 E.07968
G1 X-36.767 Y26.705 E.00199
G1 X-36.767 Y32.581 E.27632
G1 X-36.725 Y32.589 E.00199
G1 X-35.527 Y33.787 E.07968
G1 X-34.985 Y36.725 E.14049
G1 X-33.787 Y37.923 E.07968
G1 X-33.233 Y38.025 E.02648
G1 X-33.233 Y40.334 E.10855
G1 X-36.767 Y36.149 F30000
G1 F6000
G1 X-36.767 Y38.457 E.10855
G1 X-36.725 Y38.465 E.00199
G1 X-35.527 Y39.663 E.07968
G1 X-34.985 Y42.601 E.14049
G1 X-33.787 Y43.799 E.07968
G1 X-33.233 Y43.901 E.02648
G1 X-33.233 Y49.777 E.27632
G1 X-33.787 Y49.675 E.02648
G1 X-34.985 Y48.477 E.07968
G1 X-35.527 Y45.539 E.14049
G1 X-36.725 Y44.341 E.07968
G1 X-36.767 Y44.333 E.00199
G1 X-36.767 Y50.209 E.27632
G1 X-36.725 Y50.217 E.00199
G1 X-35.527 Y51.415 E.07968
G1 X-34.985 Y54.353 E.14049
G1 X-33.787 Y55.551 E.07968
G1 X-33.233 Y55.653 E.02648
G1 X-33.233 Y61.529 E.27632
G1 X-33.787 Y61.427 E.02648
G1 X-34.985 Y60.229 E.07968
G1 X-35.527 Y57.291 E.14049
G1 X-36.725 Y56.093 E.07968
G1 X-36.767 Y56.085 E.00199
G1 X-36.767 Y61.961 E.27632
G1 X-36.725 Y61.969 E.00199
G1 X-35.527 Y63.167 E.07968
G1 X-34.985 Y66.105 E.14049
G1 X-33.787 Y67.303 E.07968
G1 X-33.233 Y67.405 E.02648
G1 X-33.233 Y65.097 E.10855
G1 E-1.2 F2100
;WIPE_START
G1 F6000
G1 X-33.233 Y67.097
;WIPE_END
G1 X-29.927 Y73.233 Z4.2 F30000
G1 Z3.8
G1 E1.2 F2100
G1 F6000
G1 X-27.618 Y73.233 E.10855
G1 X-24.973 Y73.721 E.12648
G1 X-23.775 Y74.919 E.07968
G1 X-23.25 Y77.767 E.13616
G1 X-17.374 Y77.767 E.27632
G1 X-17.899 Y74.919 E.13616
G1 X-19.097 Y73.721 E.07968
G1 X-21.742 Y73.233 E.12648
G1 X-24.05 Y73.233 E.10855
G1 X-26.818 Y77.767 F30000
G1 F6000
G1 X-29.126 Y77.767 E.10855
G1 X-29.651 Y74.919 E.13616
G1 X-30.849 Y73.721 E.07968
G1 X-33.787 Y73.179 E.14049
G1 X-34.985 Y71.981 E.07968
G1 X-35.527 Y69.043 E.14049
G1 X-36.725 Y67.845 E.07968
G1 X-36.767 Y67.837 E.00199
G1 X-36.767 Y73.713 E.27632
G1 X-36.725 Y73.721 E.00199
G1 X-35.527 Y74.919 E.07968
G1 X-35.002 Y77.767 E.13616
G1 X-32.694 Y77.767 E.10855
G1 X-18.174 Y73.233 F30000
G1 F6000
G1 X-15.866 Y73.233 E.10855
G1 X-13.221 Y73.721 E.12648
G1 X-12.023 Y74.919 E.07968
G1 X-11.498 Y77.767 E.13616
G1 X-5.622 Y77.767 E.27632
G1 X-6.147 Y74.919 E.13616
G1 X-7.345 Y73.721 E.07968
G1 X-9.99 Y73.233 E.12648
G1 X-12.298 Y73.233 E.10855
G1 X-6.422 Y73.233 F30000
G1 F6000
G1 X-4.114 Y73.233 E.10855
G1 X-1.469 Y73.721 E.12648
G1 X-.271 Y74.919 E.07968
G1 X.254 Y77.767 E.13616
G1 X6.13 Y77.767 E.27632
G1 X5.605 Y74.919 E.13616
G1 X4.407 Y73.721 E.07968
G1 X1.762 Y73.233 E.12648
G1 X-.546 Y73.233 E.10855
G1 X5.33 Y73.233 F30000
G1 F6000
G1 X7.638 Y73.233 E.10855
G1 X10.283 Y73.721 E.12648
G1 X11.481 Y74.919 E.07968
G1 X12.006 Y77.767 E.13616
G1 X9.698 Y77.767 E.10855
G1 X11.206 Y73.233 F30000
G1 F6000
G1 X13.514 Y73.233 E.10855
G1 X16.159 Y73.721 E.12648
G1 X17.357 Y74.919 E.07968
G1 X17.882 Y77.767 E.13616
G1 X23.758 Y77.767 E.27632
G1 X23.233 Y74.919 E.13616
G1 X22.035 Y73.721 E.07968
G1 X19.39 Y73.233 E.12648
G1 X17.082 Y73.233 E.10855
G1 X22.958 Y73.233 F30000
G1 F6000
G1 X25.266 Y73.233 E.10855
G1 X27.911 Y73.721 E.12648
G1 X29.109 Y74.919 E.07968
G1 X29.634 Y77.767 E.13616
M73 P58 R7
G1 X27.326 Y77.767 E.10855
G1 X28.834 Y73.233 F30000
G1 F6000
G1 X31.142 Y73.233 E.10855
G1 X33.787 Y73.721 E.12648
G1 X34.985 Y74.919 E.07968
G1 X35.51 Y77.767 E.13616
G1 X36.767 Y77.767 E.05908
G1 X36.767 Y73.187 E.21536
G1 X36.725 Y73.179 E.00199
G1 X35.527 Y71.981 E.07968
G1 X34.985 Y69.043 E.14049
G1 X33.787 Y67.845 E.07968
G1 X33.233 Y67.743 E.02648
G1 X33.233 Y61.867 E.27632
G1 X33.787 Y61.969 E.02648
G1 X34.985 Y63.167 E.07968
G1 X35.527 Y66.105 E.14049
G1 X36.725 Y67.303 E.07968
G1 X36.767 Y67.311 E.00199
G1 X36.767 Y61.435 E.27632
G1 X36.725 Y61.427 E.00199
G1 X35.527 Y60.229 E.07968
G1 X34.985 Y57.291 E.14049
G1 X33.787 Y56.093 E.07968
G1 X33.233 Y55.991 E.02648
G1 X33.233 Y50.115 E.27632
G1 X33.787 Y50.217 E.02648
G1 X34.985 Y51.415 E.07968
G1 X35.527 Y54.353 E.14049
G1 X36.725 Y55.551 E.07968
G1 X36.767 Y55.559 E.00199
G1 X36.767 Y49.683 E.27632
G1 X36.725 Y49.675 E.00199
G1 X35.527 Y48.477 E.07968
G1 X34.985 Y45.539 E.14049
G1 X33.787 Y44.341 E.07968
G1 X33.233 Y44.239 E.02648
G1 X33.233 Y41.931 E.10855
G1 X36.767 Y46.115 F30000
G1 F6000
G1 X36.767 Y43.807 E.10855
G1 X36.725 Y43.799 E.00199
G1 X35.527 Y42.601 E.07968
G1 X34.985 Y39.663 E.14049
G1 X33.787 Y38.465 E.07968
G1 X33.233 Y38.363 E.02648
G1 X33.233 Y32.487 E.27632
G1 X33.787 Y32.589 E.02648
G1 X34.985 Y33.787 E.07968
G1 X35.527 Y36.725 E.14049
G1 X36.725 Y37.923 E.07968
G1 X36.767 Y37.931 E.00199
G1 X36.767 Y32.055 E.27632
G1 X36.725 Y32.047 E.00199
G1 X35.527 Y30.849 E.07968
G1 X34.985 Y27.911 E.14049
G1 X33.787 Y26.713 E.07968
G1 X33.233 Y26.611 E.02648
G1 X33.233 Y20.735 E.27632
G1 X33.787 Y20.837 E.02648
G1 X34.985 Y22.035 E.07968
G1 X35.527 Y24.973 E.14049
G1 X36.725 Y26.171 E.07968
G1 X36.767 Y26.179 E.00199
G1 X36.767 Y20.303 E.27632
G1 X36.725 Y20.295 E.00199
G1 X35.527 Y19.097 E.07968
G1 X34.985 Y16.159 E.14049
G1 X33.787 Y14.961 E.07968
G1 X33.233 Y14.859 E.02648
G1 X33.233 Y8.983 E.27632
G1 X33.787 Y9.085 E.02648
G1 X34.985 Y10.283 E.07968
G1 X35.527 Y13.221 E.14049
G1 X36.725 Y14.419 E.07968
G1 X36.767 Y14.427 E.00199
G1 X36.767 Y8.551 E.27632
G1 X36.725 Y8.543 E.00199
G1 X35.527 Y7.345 E.07968
G1 X34.985 Y4.407 E.14049
G1 X33.787 Y3.209 E.07968
G1 X33.233 Y3.107 E.02648
G1 X33.233 Y-2.769 E.27632
G1 X33.787 Y-2.667 E.02648
G1 X34.985 Y-1.469 E.07968
G1 X35.527 Y1.469 E.14049
G1 X36.725 Y2.667 E.07968
G1 X36.767 Y2.675 E.00199
G1 X36.767 Y-3.201 E.27632
G1 X36.725 Y-3.209 E.00199
G1 X35.527 Y-4.407 E.07968
G1 X34.985 Y-7.345 E.14049
G1 X33.787 Y-8.543 E.07968
G1 X33.233 Y-8.645 E.02648
G1 X33.233 Y-14.521 E.27632
G1 X33.787 Y-14.419 E.02648
G1 X34.985 Y-13.221 E.07968
G1 X35.527 Y-10.283 E.14049
G1 X36.725 Y-9.085 E.07968
G1 X36.767 Y-9.077 E.00199
G1 X36.767 Y-14.953 E.27632
G1 X36.725 Y-14.961 E.00199
G1 X35.527 Y-16.159 E.07968
G1 X34.985 Y-19.097 E.14049
G1 X33.787 Y-20.295 E.07968
G1 X33.233 Y-20.397 E.02648
G1 X33.233 Y-22.706 E.10855
G1 X36.767 Y-18.521 F30000
G1 F6000
G1 X36.767 Y-20.829 E.10855
G1 X36.725 Y-20.837 E.00199
G1 X35.527 Y-22.035 E.07968
G1 X34.985 Y-24.973 E.14049
G1 X33.787 Y-26.171 E.07968
G1 X33.233 Y-26.273 E.02648
G1 X33.233 Y-32.149 E.27632
G1 X33.787 Y-32.047 E.02648
G1 X34.985 Y-30.849 E.07968
G1 X35.527 Y-27.911 E.14049
G1 X36.725 Y-26.713 E.07968
G1 X36.767 Y-26.705 E.00199
G1 X36.767 Y-32.581 E.27632
G1 X36.725 Y-32.589 E.00199
G1 X35.527 Y-33.787 E.07968
G1 X34.985 Y-36.725 E.14049
G1 X33.787 Y-37.923 E.07968
G1 X33.233 Y-38.025 E.02648
G1 X33.233 Y-43.901 E.27632
G1 X33.787 Y-43.799 E.02648
G1 X34.985 Y-42.601 E.07968
G1 X35.527 Y-39.663 E.14049
G1 X36.725 Y-38.465 E.07968
G1 X36.767 Y-38.457 E.00199
G1 X36.767 Y-44.333 E.27632
G1 X36.725 Y-44.341 E.00199
G1 X35.527 Y-45.539 E.07968
G1 X34.985 Y-48.477 E.14049
G1 X33.787 Y-49.675 E.07968
G1 X33.233 Y-49.777 E.02648
G1 X33.233 Y-55.653 E.27632
G1 X33.787 Y-55.551 E.02648
G1 X34.985 Y-54.353 E.07968
G1 X35.527 Y-51.415 E.14049
G1 X36.725 Y-50.217 E.07968
G1 X36.767 Y-50.209 E.00199
G1 X36.767 Y-56.085 E.27632
G1 X36.725 Y-56.093 E.00199
G1 X35.527 Y-57.291 E.07968
G1 X34.985 Y-60.229 E.14049
G1 X33.787 Y-61.427 E.07968
G1 X33.233 Y-61.529 E.02648
G1 X33.233 Y-67.405 E.27632
G1 X33.787 Y-67.303 E.02648
G1 X34.985 Y-66.105 E.07968
G1 X35.527 Y-63.167 E.14049
G1 X36.725 Y-61.969 E.07968
G1 X36.767 Y-61.961 E.00199
G1 X36.767 Y-67.837 E.27632
G1 X36.725 Y-67.845 E.00199
G1 X35.527 Y-69.043 E.07968
G1 X34.985 Y-71.981 E.14049
G1 X34.586 Y-72.381 E.02657
G1 X35 Y-72.342 E.01957
G1 X35.377 Y-72.372 E.01776
G1 X35.758 Y-72.461 E.01843
G1 X36.182 Y-72.617 E.02122
G1 X36.767 Y-72.898 E.03052
G1 X36.767 Y-72.876 E.00103
G1 X37.106 Y-73.766 F30000
;TYPE:Gap infill
;WIDTH:0.633406
G1 F9000
G1 X37.106 Y-78.401 E.22306
G1 E-1.2 F2100
;WIPE_START
G1 F9000
G1 X37.106 Y-76.401
;WIPE_END
G1 X32.894 Y-78.401 Z4.2 F30000
G1 Z3.8
G1 E1.2 F2100
G1 F9000
G1 X32.894 Y-73.766 E.22306
;LAYER_CHANGE
;Z:4
;HEIGHT:0.2
;BEFORE_LAYER_CHANGE
;4
G1 E-1.2 F2100
;WIPE_START
G1 F9000
G1 X32.894 Y-75.766
;WIPE_END
;AFTER_LAYER_CHANGE
;4
;_SET_FAN_SPEED_CHANGING_LAYER
G17
G3 Z4.4 I-.044 J-1.216 P1  F30000
G1 X-33.129 Y-73.37 Z4.4
G1 Z4
G1 E1.2 F2100
SET_VELOCITY_LIMIT ACCEL=5000
;TYPE:Inner wall
;WIDTH:0.62
G1 F9000
G1 X-32.887 Y-73.468 E.01227
G1 X-32.887 Y72.887 E6.88228
G1 X32.887 Y72.887 E3.09301
G1 X32.887 Y-73.468 E6.88228
G1 X34.213 Y-72.935 E.06721
G1 X34.623 Y-72.84 E.01978
G1 X35 Y-72.81 E.01779
G1 X35.377 Y-72.84 E.01779
G1 X35.787 Y-72.935 E.01978
G1 X37.113 Y-73.468 E.06721
G1 X37.113 Y78.113 E7.12802
G1 X-37.113 Y78.113 E3.49045
G1 X-37.113 Y-73.468 E7.12802
G1 X-35.787 Y-72.935 E.06721
M73 P59 R7
G1 X-35.377 Y-72.84 E.01978
G1 X-35 Y-72.81 E.01779
G1 X-34.623 Y-72.84 E.01779
G1 X-34.213 Y-72.935 E.01978
G1 X-33.163 Y-73.357 E.05324
SET_VELOCITY_LIMIT ACCEL=10000
G1 X-33.631 Y-73.79 F30000
SET_VELOCITY_LIMIT ACCEL=5000
;TYPE:Outer wall
G1 F7200
G1 X-33.631 Y-78.69 E.2304
G1 X-32.31 Y-78.69 E.06212
G1 X-32.31 Y72.31 E7.10073
G1 X32.31 Y72.31 E3.03873
G1 X32.31 Y-78.69 E7.10073
G1 X33.631 Y-78.69 E.06212
G1 X33.631 Y-73.79 E.2304
G1 X34.387 Y-73.487 E.03831
G1 X34.711 Y-73.411 E.01566
G1 X35 Y-73.389 E.01362
G1 X35.289 Y-73.411 E.01362
G1 X35.613 Y-73.487 E.01566
G1 X36.369 Y-73.79 E.03831
G1 X36.369 Y-78.69 E.2304
G1 X37.69 Y-78.69 E.06212
G1 X37.69 Y78.69 E7.40074
G1 X-37.69 Y78.69 E3.54472
M73 P59 R6
G1 X-37.69 Y-78.69 E7.40074
G1 X-36.369 Y-78.69 E.06212
G1 X-36.369 Y-73.79 E.2304
G1 X-35.613 Y-73.487 E.03831
G1 X-35.289 Y-73.411 E.01566
G1 X-35 Y-73.389 E.01362
G1 X-34.711 Y-73.411 E.01362
G1 X-34.387 Y-73.487 E.01566
G1 X-33.664 Y-73.777 E.03662
SET_VELOCITY_LIMIT ACCEL=10000
G1 X-32.971 Y-73.745 F30000
;TYPE:Gap infill
;WIDTH:0.786872
G1 F9000
G1 X-32.971 Y-78.401 E.28229
G1 E-1.2 F2100
;WIPE_START
G1 F9000
G1 X-32.971 Y-76.401
;WIPE_END
G1 X-37.029 Y-78.401 Z4.4 F30000
G1 Z4
G1 E1.2 F2100
G1 F9000
G1 X-37.029 Y-73.745 E.28229
G1 X-33.233 Y-69.831 F30000
;TYPE:Sparse infill
;WIDTH:0.62
G1 F6000
G1 X-33.233 Y-67.523 E.10855
G1 X-33.787 Y-67.492 E.02608
G1 X-35.339 Y-69.043 E.10319
G1 X-35.173 Y-71.981 E.13838
G1 X-35.767 Y-72.574 E.03945
G1 X-35.891 Y-72.603 E.006
G1 X-36.767 Y-72.955 E.04437
G1 X-36.767 Y-67.655 E.24926
G1 X-36.725 Y-67.657 E.00196
G1 X-35.173 Y-66.105 E.10319
G1 X-35.339 Y-63.167 E.13838
G1 X-33.787 Y-61.616 E.10319
G1 X-33.233 Y-61.647 E.02608
G1 X-33.233 Y-55.771 E.27632
G1 X-33.787 Y-55.74 E.02608
G1 X-35.339 Y-57.291 E.10319
G1 X-35.173 Y-60.229 E.13838
G1 X-36.725 Y-61.781 E.10319
G1 X-36.767 Y-61.778 E.00196
G1 X-36.767 Y-55.902 E.27632
G1 X-36.725 Y-55.905 E.00196
G1 X-35.173 Y-54.353 E.10319
G1 X-35.339 Y-51.415 E.13838
G1 X-33.787 Y-49.864 E.10319
G1 X-33.233 Y-49.895 E.02608
G1 X-33.233 Y-44.019 E.27632
G1 X-33.787 Y-43.987 E.02608
G1 X-35.339 Y-45.539 E.10319
G1 X-35.173 Y-48.477 E.13838
G1 X-36.725 Y-50.029 E.10319
G1 X-36.767 Y-50.026 E.00196
G1 X-36.767 Y-44.15 E.27632
G1 X-36.725 Y-44.153 E.00196
G1 X-35.173 Y-42.601 E.10319
G1 X-35.339 Y-39.663 E.13838
G1 X-33.787 Y-38.111 E.10319
G1 X-33.233 Y-38.143 E.02608
G1 X-33.233 Y-35.834 E.10855
G1 X-36.767 Y-40.583 F30000
G1 F6000
G1 X-36.767 Y-38.274 E.10855
G1 X-36.725 Y-38.277 E.00196
G1 X-35.173 Y-36.725 E.10319
G1 X-35.339 Y-33.787 E.13838
G1 X-33.787 Y-32.235 E.10319
G1 X-33.233 Y-32.267 E.02608
G1 X-33.233 Y-26.391 E.27632
G1 X-33.787 Y-26.359 E.02608
G1 X-35.339 Y-27.911 E.10319
G1 X-35.173 Y-30.849 E.13838
G1 X-36.725 Y-32.401 E.10319
G1 X-36.767 Y-32.398 E.00196
G1 X-36.767 Y-26.522 E.27632
G1 X-36.725 Y-26.525 E.00196
G1 X-35.173 Y-24.973 E.10319
G1 X-35.339 Y-22.035 E.13838
G1 X-33.787 Y-20.483 E.10319
G1 X-33.233 Y-20.515 E.02608
G1 X-33.233 Y-14.639 E.27632
G1 X-33.787 Y-14.607 E.02608
G1 X-35.339 Y-16.159 E.10319
G1 X-35.173 Y-19.097 E.13838
G1 X-36.725 Y-20.649 E.10319
G1 X-36.767 Y-20.646 E.00196
G1 X-36.767 Y-14.77 E.27632
G1 X-36.725 Y-14.773 E.00196
G1 X-35.173 Y-13.221 E.10319
G1 X-35.339 Y-10.283 E.13838
G1 X-33.787 Y-8.731 E.10319
G1 X-33.233 Y-8.763 E.02608
G1 X-33.233 Y-2.887 E.27632
G1 X-33.787 Y-2.855 E.02608
G1 X-35.339 Y-4.407 E.10319
G1 X-35.173 Y-7.345 E.13838
G1 X-36.725 Y-8.897 E.10319
G1 X-36.767 Y-8.894 E.00196
G1 X-36.767 Y-11.203 E.10855
G1 X-33.233 Y5.298 F30000
G1 F6000
G1 X-33.233 Y2.989 E.10855
G1 X-33.787 Y3.021 E.02608
G1 X-35.339 Y1.469 E.10319
G1 X-35.173 Y-1.469 E.13838
G1 X-36.725 Y-3.021 E.10319
G1 X-36.767 Y-3.018 E.00196
G1 X-36.767 Y2.858 E.27632
G1 X-36.725 Y2.855 E.00196
G1 X-35.173 Y4.407 E.10319
G1 X-35.339 Y7.345 E.13838
G1 X-33.787 Y8.897 E.10319
G1 X-33.233 Y8.866 E.02608
G1 X-33.233 Y14.742 E.27632
G1 X-33.787 Y14.773 E.02608
G1 X-35.339 Y13.221 E.10319
G1 X-35.173 Y10.283 E.13838
G1 X-36.725 Y8.731 E.10319
G1 X-36.767 Y8.734 E.00196
G1 X-36.767 Y14.61 E.27632
G1 X-36.725 Y14.607 E.00196
G1 X-35.173 Y16.159 E.10319
G1 X-35.339 Y19.097 E.13838
G1 X-33.787 Y20.649 E.10319
G1 X-33.233 Y20.618 E.02608
M73 P60 R6
G1 X-33.233 Y26.494 E.27632
G1 X-33.787 Y26.525 E.02608
G1 X-35.339 Y24.973 E.10319
G1 X-35.173 Y22.035 E.13838
G1 X-36.725 Y20.483 E.10319
G1 X-36.767 Y20.486 E.00196
G1 X-36.767 Y26.362 E.27632
G1 X-36.725 Y26.359 E.00196
G1 X-35.173 Y27.911 E.10319
G1 X-35.339 Y30.849 E.13838
G1 X-33.787 Y32.401 E.10319
G1 X-33.233 Y32.37 E.02608
G1 X-33.233 Y38.246 E.27632
G1 X-33.787 Y38.277 E.02608
G1 X-35.339 Y36.725 E.10319
G1 X-35.173 Y33.787 E.13838
G1 X-36.725 Y32.235 E.10319
G1 X-36.767 Y32.238 E.00196
G1 X-36.767 Y38.114 E.27632
G1 X-36.725 Y38.111 E.00196
G1 X-35.173 Y39.663 E.10319
G1 X-35.339 Y42.601 E.13838
G1 X-33.787 Y44.153 E.10319
G1 X-33.233 Y44.122 E.02608
G1 X-33.233 Y49.998 E.27632
G1 X-33.787 Y50.029 E.02608
G1 X-35.339 Y48.477 E.10319
G1 X-35.173 Y45.539 E.13838
G1 X-36.725 Y43.987 E.10319
G1 X-36.767 Y43.99 E.00196
G1 X-36.767 Y49.866 E.27632
G1 X-36.725 Y49.864 E.00196
G1 X-35.173 Y51.415 E.10319
G1 X-35.339 Y54.353 E.13838
G1 X-33.787 Y55.905 E.10319
G1 X-33.233 Y55.874 E.02608
G1 X-33.233 Y61.75 E.27632
G1 X-33.787 Y61.781 E.02608
G1 X-35.339 Y60.229 E.10319
G1 X-35.173 Y57.291 E.13838
G1 X-36.725 Y55.74 E.10319
G1 X-36.767 Y55.742 E.00196
G1 X-36.767 Y61.618 E.27632
G1 X-36.725 Y61.616 E.00196
G1 X-35.173 Y63.167 E.10319
G1 X-35.339 Y66.105 E.13838
G1 X-33.787 Y67.657 E.10319
G1 X-33.233 Y67.626 E.02608
G1 X-33.233 Y65.317 E.10855
G1 X-33.025 Y77.767 F30000
G1 F6000
G1 X-35.334 Y77.767 E.10855
G1 X-35.173 Y74.919 E.13411
G1 X-36.725 Y73.368 E.10319
G1 X-36.767 Y73.37 E.00196
G1 X-36.767 Y67.494 E.27632
G1 X-36.725 Y67.492 E.00196
G1 X-35.173 Y69.043 E.10319
G1 X-35.339 Y71.981 E.13838
G1 X-33.787 Y73.533 E.10319
G1 X-30.849 Y73.368 E.13838
G1 X-29.297 Y74.919 E.10319
G1 X-29.458 Y77.767 E.13411
G1 X-23.582 Y77.767 E.27632
G1 X-23.421 Y74.919 E.13411
G1 X-24.973 Y73.368 E.10319
G1 X-27.911 Y73.533 E.13838
G1 X-28.211 Y73.233 E.01992
G1 X-30.33 Y73.233 E.09968
G1 X-24.454 Y73.233 F30000
G1 F6000
G1 X-22.335 Y73.233 E.09968
G1 X-22.035 Y73.533 E.01992
G1 X-19.097 Y73.368 E.13838
G1 X-17.545 Y74.919 E.10319
G1 X-17.706 Y77.767 E.13411
G1 X-11.83 Y77.767 E.27632
G1 X-11.669 Y74.919 E.13411
G1 X-13.221 Y73.368 E.10319
G1 X-16.159 Y73.533 E.13838
G1 X-16.459 Y73.233 E.01992
G1 X-18.578 Y73.233 E.09968
G1 X-12.702 Y73.233 F30000
G1 F6000
G1 X-10.583 Y73.233 E.09968
G1 X-10.283 Y73.533 E.01992
G1 X-7.345 Y73.368 E.13838
G1 X-5.793 Y74.919 E.10319
G1 X-5.954 Y77.767 E.13411
G1 X-8.262 Y77.767 E.10855
G1 X-6.826 Y73.233 F30000
G1 F6000
G1 X-4.707 Y73.233 E.09968
G1 X-4.407 Y73.533 E.01992
G1 X-1.469 Y73.368 E.13838
G1 X.083 Y74.919 E.10319
G1 X-.078 Y77.767 E.13411
G1 X5.798 Y77.767 E.27632
G1 X5.959 Y74.919 E.13411
G1 X4.407 Y73.368 E.10319
G1 X1.469 Y73.533 E.13838
G1 X1.169 Y73.233 E.01992
G1 X-.95 Y73.233 E.09968
G1 X4.926 Y73.233 F30000
G1 F6000
G1 X7.045 Y73.233 E.09968
G1 X7.345 Y73.533 E.01992
G1 X10.283 Y73.368 E.13838
G1 X11.835 Y74.919 E.10319
G1 X11.674 Y77.767 E.13411
G1 X9.366 Y77.767 E.10855
G1 X10.802 Y73.233 F30000
G1 F6000
G1 X12.922 Y73.233 E.09968
G1 X13.221 Y73.533 E.01992
G1 X16.159 Y73.368 E.13838
G1 X17.711 Y74.919 E.10319
G1 X17.551 Y77.767 E.13411
G1 X23.427 Y77.767 E.27632
G1 X23.587 Y74.919 E.13411
G1 X22.035 Y73.368 E.10319
G1 X19.097 Y73.533 E.13838
G1 X18.798 Y73.233 E.01992
G1 X16.678 Y73.233 E.09968
G1 X22.554 Y73.233 F30000
G1 F6000
G1 X24.674 Y73.233 E.09968
G1 X24.973 Y73.533 E.01992
G1 X27.911 Y73.368 E.13838
G1 X29.463 Y74.919 E.10319
G1 X29.303 Y77.767 E.13411
G1 X26.994 Y77.767 E.10855
G1 X28.43 Y73.233 F30000
G1 F6000
G1 X30.55 Y73.233 E.09968
G1 X30.849 Y73.533 E.01992
G1 X33.787 Y73.368 E.13838
G1 X35.339 Y74.919 E.10319
G1 X35.179 Y77.767 E.13411
G1 X36.767 Y77.767 E.07468
G1 X36.767 Y73.531 E.1992
G1 X36.725 Y73.533 E.00196
G1 X35.173 Y71.981 E.10319
G1 X35.339 Y69.043 E.13838
G1 X33.787 Y67.492 E.10319
G1 X33.233 Y67.523 E.02608
G1 X33.233 Y61.647 E.27632
G1 X33.787 Y61.616 E.02608
G1 X35.339 Y63.167 E.10319
G1 X35.173 Y66.105 E.13838
G1 X36.725 Y67.657 E.10319
G1 X36.767 Y67.655 E.00196
G1 X36.767 Y61.778 E.27632
G1 X36.725 Y61.781 E.00196
G1 X35.173 Y60.229 E.10319
G1 X35.339 Y57.291 E.13838
G1 X33.787 Y55.74 E.10319
G1 X33.233 Y55.771 E.02608
G1 X33.233 Y49.895 E.27632
G1 X33.787 Y49.864 E.02608
G1 X35.339 Y51.415 E.10319
G1 X35.173 Y54.353 E.13838
G1 X36.725 Y55.905 E.10319
G1 X36.767 Y55.902 E.00196
G1 X36.767 Y50.026 E.27632
G1 X36.725 Y50.029 E.00196
G1 X35.173 Y48.477 E.10319
G1 X35.339 Y45.539 E.13838
G1 X33.787 Y43.987 E.10319
G1 X33.233 Y44.019 E.02608
G1 X33.233 Y38.143 E.27632
G1 X33.787 Y38.111 E.02608
G1 X35.339 Y39.663 E.10319
G1 X35.173 Y42.601 E.13838
G1 X36.725 Y44.153 E.10319
G1 X36.767 Y44.15 E.00196
G1 X36.767 Y41.842 E.10855
G1 X33.233 Y29.958 F30000
G1 F6000
G1 X33.233 Y32.267 E.10855
G1 X33.787 Y32.235 E.02608
G1 X35.339 Y33.787 E.10319
G1 X35.173 Y36.725 E.13838
G1 X36.725 Y38.277 E.10319
G1 X36.767 Y38.274 E.00196
G1 X36.767 Y32.398 E.27632
G1 X36.725 Y32.401 E.00196
G1 X35.173 Y30.849 E.10319
G1 X35.339 Y27.911 E.13838
G1 X33.787 Y26.359 E.10319
G1 X33.233 Y26.391 E.02608
G1 X33.233 Y20.515 E.27632
G1 X33.787 Y20.483 E.02608
G1 X35.339 Y22.035 E.10319
G1 X35.173 Y24.973 E.13838
G1 X36.725 Y26.525 E.10319
G1 X36.767 Y26.522 E.00196
G1 X36.767 Y20.646 E.27632
G1 X36.725 Y20.649 E.00196
G1 X35.173 Y19.097 E.10319
G1 X35.339 Y16.159 E.13838
G1 X33.787 Y14.607 E.10319
G1 X33.233 Y14.639 E.02608
G1 X33.233 Y8.763 E.27632
G1 X33.787 Y8.731 E.02608
G1 X35.339 Y10.283 E.10319
G1 X35.173 Y13.221 E.13838
G1 X36.725 Y14.773 E.10319
G1 X36.767 Y14.77 E.00196
G1 X36.767 Y8.894 E.27632
G1 X36.725 Y8.897 E.00196
G1 X35.173 Y7.345 E.10319
G1 X35.339 Y4.407 E.13838
G1 X33.787 Y2.855 E.10319
G1 X33.233 Y2.887 E.02608
G1 X33.233 Y-2.989 E.27632
G1 X33.787 Y-3.021 E.02608
G1 X35.339 Y-1.469 E.10319
G1 X35.173 Y1.469 E.13838
G1 X36.725 Y3.021 E.10319
G1 X36.767 Y3.018 E.00196
G1 X36.767 Y-2.858 E.27632
G1 X36.725 Y-2.855 E.00196
G1 X35.173 Y-4.407 E.10319
G1 X35.339 Y-7.345 E.13838
G1 X33.787 Y-8.897 E.10319
G1 X33.233 Y-8.866 E.02608
G1 X33.233 Y-14.742 E.27632
G1 X33.787 Y-14.773 E.02608
G1 X35.339 Y-13.221 E.10319
G1 X35.173 Y-10.283 E.13838
G1 X36.725 Y-8.731 E.10319
G1 X36.767 Y-8.734 E.00196
G1 X36.767 Y-14.61 E.27632
G1 X36.725 Y-14.607 E.00196
G1 X35.173 Y-16.159 E.10319
G1 X35.339 Y-19.097 E.13838
G1 X33.787 Y-20.649 E.10319
G1 X33.233 Y-20.618 E.02608
G1 X33.233 Y-26.494 E.27632
G1 X33.787 Y-26.525 E.02608
G1 X35.339 Y-24.973 E.10319
G1 X35.173 Y-22.035 E.13838
G1 X36.725 Y-20.483 E.10319
G1 X36.767 Y-20.486 E.00196
G1 X36.767 Y-26.362 E.27632
G1 X36.725 Y-26.359 E.00196
G1 X35.173 Y-27.911 E.10319
G1 X35.339 Y-30.849 E.13838
G1 X33.787 Y-32.401 E.10319
G1 X33.233 Y-32.37 E.02608
G1 X33.233 Y-38.246 E.27632
G1 X33.787 Y-38.277 E.02608
G1 X35.339 Y-36.725 E.10319
G1 X35.173 Y-33.787 E.13838
G1 X36.725 Y-32.235 E.10319
G1 X36.767 Y-32.238 E.00196
G1 X36.767 Y-38.114 E.27632
G1 X36.725 Y-38.111 E.00196
G1 X35.173 Y-39.663 E.10319
G1 X35.339 Y-42.601 E.13838
G1 X33.787 Y-44.153 E.10319
G1 X33.233 Y-44.122 E.02608
G1 X33.233 Y-49.998 E.27632
G1 X33.787 Y-50.029 E.02608
G1 X35.339 Y-48.477 E.10319
G1 X35.173 Y-45.539 E.13838
G1 X36.725 Y-43.987 E.10319
G1 X36.767 Y-43.99 E.00196
G1 X36.767 Y-49.866 E.27632
G1 X36.725 Y-49.864 E.00196
G1 X35.173 Y-51.415 E.10319
G1 X35.339 Y-54.353 E.13838
G1 X33.787 Y-55.905 E.10319
G1 X33.233 Y-55.874 E.02608
G1 X33.233 Y-61.75 E.27632
G1 X33.787 Y-61.781 E.02608
G1 X35.339 Y-60.229 E.10319
G1 X35.173 Y-57.291 E.13838
G1 X36.725 Y-55.74 E.10319
G1 X36.767 Y-55.742 E.00196
G1 X36.767 Y-61.618 E.27632
G1 X36.725 Y-61.616 E.00196
G1 X35.173 Y-63.167 E.10319
G1 X35.339 Y-66.105 E.13838
G1 X33.787 Y-67.657 E.10319
G1 X33.233 Y-67.626 E.02608
G1 X33.233 Y-72.955 E.25062
G1 X34.109 Y-72.603 E.04437
G1 X34.57 Y-72.496 E.02225
G1 X34.845 Y-72.475 E.013
G1 X35.339 Y-71.981 E.03281
G1 X35.173 Y-69.043 E.13838
G1 X36.725 Y-67.492 E.10319
G1 X36.767 Y-67.494 E.00196
G1 X36.767 Y-69.802 E.10855
G1 X37.029 Y-73.745 F30000
;TYPE:Gap infill
;WIDTH:0.786872
G1 F9000
G1 X37.029 Y-78.401 E.28229
G1 E-1.2 F2100
;WIPE_START
G1 F9000
G1 X37.029 Y-76.401
;WIPE_END
G1 X32.971 Y-78.401 Z4.4 F30000
G1 Z4
G1 E1.2 F2100
G1 F9000
G1 X32.971 Y-73.745 E.28229
;LAYER_CHANGE
;Z:4.2
;HEIGHT:0.2
;BEFORE_LAYER_CHANGE
;4.2
G1 E-1.2 F2100
;WIPE_START
G1 F9000
G1 X32.971 Y-75.745
;WIPE_END
;AFTER_LAYER_CHANGE
;4.2
;_SET_FAN_SPEED_CHANGING_LAYER
G17
G3 Z4.6 I-.044 J-1.216 P1  F30000
G1 X-33.332 Y-73.357 Z4.6
G1 Z4.2
G1 E1.2 F2100
SET_VELOCITY_LIMIT ACCEL=5000
;TYPE:Inner wall
;WIDTH:0.62
G1 F9000
G1 X-33.266 Y-73.382 E.0033
G1 X-33.266 Y-78.113 E.22248
G1 X-32.887 Y-78.113 E.01784
G1 X-32.887 Y72.887 E7.10073
G1 X32.887 Y72.887 E3.09301
M73 P61 R6
G1 X32.887 Y-78.113 E7.10073
G1 X33.266 Y-78.113 E.01784
G1 X33.266 Y-73.382 E.22248
G1 X34.11 Y-73.07 E.04229
G1 X34.569 Y-72.964 E.02216
G1 X35 Y-72.93 E.02032
G1 X35.431 Y-72.964 E.02032
G1 X35.89 Y-73.07 E.02216
G1 X36.734 Y-73.382 E.04229
G1 X36.734 Y-78.113 E.22248
G1 X37.113 Y-78.113 E.01784
G1 X37.113 Y78.113 E7.34647
G1 X-37.113 Y78.113 E3.49045
G1 X-37.113 Y-78.113 E7.34647
G1 X-36.734 Y-78.113 E.01784
G1 X-36.734 Y-73.382 E.22248
G1 X-35.89 Y-73.07 E.04229
G1 X-35.431 Y-72.964 E.02216
G1 X-35 Y-72.93 E.02032
G1 X-34.569 Y-72.964 E.02032
G1 X-34.11 Y-73.07 E.02216
G1 X-33.366 Y-73.345 E.0373
SET_VELOCITY_LIMIT ACCEL=10000
G1 X-33.843 Y-73.784 F30000
SET_VELOCITY_LIMIT ACCEL=5000
;TYPE:Outer wall
G1 F5400
G1 X-33.843 Y-74.787 E.04717
G1 X-33.843 Y-77.548 E.12984
G1 X-33.843 Y-78.69 E.0537
G1 X-32.31 Y-78.69 E.07209
G1 F7200
G1 X-32.31 Y-77.76 E.04373
G1 X-32.31 Y71.508 E7.01928
G1 X-32.31 Y72.31 E.03771
G1 X-31.508 Y72.31 E.03771
G1 X31.508 Y72.31 E2.96331
G1 X32.31 Y72.31 E.03771
G1 X32.31 Y71.508 E.03771
G1 X32.31 Y-77.76 E7.01928
G1 X32.31 Y-78.69 E.04373
G1 F5400
G1 X33.843 Y-78.69 E.07209
G1 X33.843 Y-77.548 E.0537
G1 X33.843 Y-74.787 E.12984
G1 X33.843 Y-73.784 E.04717
G1 F7200
G1 X34.276 Y-73.624 E.02171
G1 X34.658 Y-73.536 E.01843
G1 X35 Y-73.509 E.01613
G1 X35.342 Y-73.536 E.01613
G1 X35.724 Y-73.624 E.01843
G1 X36.157 Y-73.784 E.02171
G1 F5400
G1 X36.157 Y-74.787 E.04717
G1 X36.157 Y-77.548 E.12984
G1 X36.157 Y-78.69 E.0537
G1 X37.69 Y-78.69 E.07209
G1 F7200
G1 X37.69 Y78.69 E7.40074
G1 X-37.69 Y78.69 E3.54472
G1 X-37.69 Y-78.69 E7.40074
G1 F5400
M73 P62 R6
G1 X-36.157 Y-78.69 E.07209
G1 X-36.157 Y-77.548 E.0537
G1 X-36.157 Y-74.787 E.12984
G1 X-36.157 Y-73.784 E.04717
G1 F7200
G1 X-35.724 Y-73.624 E.02171
G1 X-35.342 Y-73.536 E.01843
G1 X-35 Y-73.509 E.01613
G1 X-34.658 Y-73.536 E.01613
G1 X-34.276 Y-73.624 E.01843
G1 X-33.877 Y-73.771 E.02
SET_VELOCITY_LIMIT ACCEL=10000
G1 E-1.2 F2100
;WIPE_START
G1 F7200
G1 X-33.864 Y-75.771
;WIPE_END
G1 X-36.767 Y-72.761 Z4.6 F30000
G1 Z4.2
G1 E1.2 F2100
;TYPE:Sparse infill
G1 F6000
G1 X-36.767 Y-73.025 E.01243
G1 X-35.989 Y-72.738 E.03897
G1 X-35.484 Y-72.621 E.0244
G1 X-35 Y-72.583 E.02282
G1 X-34.79 Y-72.599 E.00993
G1 X-35.408 Y-71.981 E.0411
G1 X-35.105 Y-69.043 E.13889
G1 X-36.725 Y-67.423 E.10776
G1 X-36.767 Y-67.427 E.00196
G1 X-36.767 Y-61.551 E.27632
G1 X-36.725 Y-61.547 E.00196
G1 X-35.105 Y-63.167 E.10776
G1 X-35.408 Y-66.105 E.13889
G1 X-33.787 Y-67.726 E.10776
G1 X-33.233 Y-67.669 E.02618
G1 X-33.233 Y-61.793 E.27632
G1 X-33.787 Y-61.85 E.02618
G1 X-35.408 Y-60.229 E.10776
G1 X-35.105 Y-57.291 E.13889
G1 X-36.725 Y-55.671 E.10776
G1 X-36.767 Y-55.675 E.00196
G1 X-36.767 Y-57.983 E.10855
G1 X-33.233 Y-58.225 F30000
G1 F6000
G1 X-33.233 Y-55.916 E.10855
G1 X-33.787 Y-55.974 E.02618
G1 X-35.408 Y-54.353 E.10776
G1 X-35.105 Y-51.415 E.13889
G1 X-36.725 Y-49.795 E.10776
G1 X-36.767 Y-49.799 E.00196
G1 X-36.767 Y-43.923 E.27632
G1 X-36.725 Y-43.919 E.00196
G1 X-35.105 Y-45.539 E.10776
G1 X-35.408 Y-48.477 E.13889
G1 X-33.787 Y-50.098 E.10776
G1 X-33.233 Y-50.04 E.02618
G1 X-33.233 Y-47.732 E.10855
G1 X-36.767 Y-40.355 F30000
G1 F6000
G1 X-36.767 Y-38.047 E.10855
G1 X-36.725 Y-38.043 E.00196
G1 X-35.105 Y-39.663 E.10776
G1 X-35.408 Y-42.601 E.13889
G1 X-33.787 Y-44.222 E.10776
G1 X-33.233 Y-44.164 E.02618
G1 X-33.233 Y-38.288 E.27632
G1 X-33.787 Y-38.346 E.02618
G1 X-35.408 Y-36.725 E.10776
G1 X-35.105 Y-33.787 E.13889
G1 X-36.725 Y-32.167 E.10776
G1 X-36.767 Y-32.171 E.00196
G1 X-36.767 Y-26.295 E.27632
G1 X-36.725 Y-26.291 E.00196
G1 X-35.105 Y-27.911 E.10776
G1 X-35.408 Y-30.849 E.13889
G1 X-33.787 Y-32.47 E.10776
G1 X-33.233 Y-32.412 E.02618
G1 X-33.233 Y-26.536 E.27632
G1 X-33.787 Y-26.593 E.02618
G1 X-35.408 Y-24.973 E.10776
G1 X-35.105 Y-22.035 E.13889
G1 X-36.725 Y-20.415 E.10776
G1 X-36.767 Y-20.419 E.00196
G1 X-36.767 Y-18.111 E.10855
G1 X-33.233 Y-18.352 F30000
G1 F6000
G1 X-33.233 Y-20.66 E.10855
G1 X-33.787 Y-20.717 E.02618
G1 X-35.408 Y-19.097 E.10776
G1 X-35.105 Y-16.159 E.13889
G1 X-36.725 Y-14.539 E.10776
G1 X-36.767 Y-14.543 E.00196
G1 X-36.767 Y-8.667 E.27632
G1 X-36.725 Y-8.663 E.00196
G1 X-35.105 Y-10.283 E.10776
G1 X-35.408 Y-13.221 E.13889
G1 X-33.787 Y-14.841 E.10776
G1 X-33.233 Y-14.784 E.02618
G1 X-33.233 Y-8.908 E.27632
G1 X-33.787 Y-8.965 E.02618
G1 X-35.408 Y-7.345 E.10776
G1 X-35.105 Y-4.407 E.13889
G1 X-36.725 Y-2.787 E.10776
G1 X-36.767 Y-2.791 E.00196
G1 X-36.767 Y3.085 E.27632
G1 X-36.725 Y3.089 E.00196
G1 X-35.105 Y1.469 E.10776
G1 X-35.408 Y-1.469 E.13889
G1 X-33.787 Y-3.089 E.10776
G1 X-33.233 Y-3.032 E.02618
G1 X-33.233 Y2.844 E.27632
G1 X-33.787 Y2.787 E.02618
G1 X-35.408 Y4.407 E.10776
G1 X-35.105 Y7.345 E.13889
G1 X-36.725 Y8.965 E.10776
G1 X-36.767 Y8.961 E.00196
G1 X-36.767 Y14.837 E.27632
G1 X-36.725 Y14.841 E.00196
G1 X-35.105 Y13.221 E.10776
G1 X-35.408 Y10.283 E.13889
G1 X-33.787 Y8.663 E.10776
G1 X-33.233 Y8.72 E.02618
G1 X-33.233 Y14.596 E.27632
G1 X-33.787 Y14.539 E.02618
G1 X-35.408 Y16.159 E.10776
G1 X-35.105 Y19.097 E.13889
G1 X-36.725 Y20.717 E.10776
G1 X-36.767 Y20.713 E.00196
G1 X-36.767 Y26.589 E.27632
G1 X-36.725 Y26.593 E.00196
G1 X-35.105 Y24.973 E.10776
G1 X-35.408 Y22.035 E.13889
G1 X-33.787 Y20.415 E.10776
G1 X-33.233 Y20.472 E.02618
G1 X-33.233 Y26.348 E.27632
G1 X-33.787 Y26.291 E.02618
G1 X-35.408 Y27.911 E.10776
G1 X-35.105 Y30.849 E.13889
G1 X-36.725 Y32.469 E.10776
G1 X-36.767 Y32.465 E.00196
G1 X-36.767 Y38.341 E.27632
G1 X-36.725 Y38.346 E.00196
G1 X-35.105 Y36.725 E.10776
G1 X-35.408 Y33.787 E.13889
G1 X-33.787 Y32.167 E.10776
G1 X-33.233 Y32.224 E.02618
G1 X-33.233 Y34.532 E.10855
G1 X-36.767 Y46.526 F30000
G1 F6000
G1 X-36.767 Y44.217 E.10855
G1 X-36.725 Y44.222 E.00196
G1 X-35.105 Y42.601 E.10776
G1 X-35.408 Y39.663 E.13889
G1 X-33.787 Y38.043 E.10776
G1 X-33.233 Y38.1 E.02618
G1 X-33.233 Y43.976 E.27632
G1 X-33.787 Y43.919 E.02618
G1 X-35.408 Y45.539 E.10776
G1 X-35.105 Y48.477 E.13889
G1 X-36.725 Y50.098 E.10776
G1 X-36.767 Y50.093 E.00196
G1 X-36.767 Y55.969 E.27632
G1 X-36.725 Y55.974 E.00196
G1 X-35.105 Y54.353 E.10776
G1 X-35.408 Y51.415 E.13889
G1 X-33.787 Y49.795 E.10776
G1 X-33.233 Y49.852 E.02618
G1 X-33.233 Y55.728 E.27632
G1 X-33.787 Y55.671 E.02618
G1 X-35.408 Y57.291 E.10776
G1 X-35.105 Y60.229 E.13889
G1 X-36.725 Y61.85 E.10776
G1 X-36.767 Y61.845 E.00196
G1 X-36.767 Y67.721 E.27632
G1 X-36.725 Y67.726 E.00196
G1 X-35.105 Y66.105 E.10776
G1 X-35.408 Y63.167 E.13889
G1 X-33.787 Y61.547 E.10776
G1 X-33.233 Y61.604 E.02618
G1 X-33.233 Y67.48 E.27632
G1 X-33.787 Y67.423 E.02618
G1 X-35.408 Y69.043 E.10776
G1 X-35.105 Y71.981 E.13889
G1 X-36.725 Y73.602 E.10776
G1 X-36.767 Y73.597 E.00196
G1 X-36.767 Y77.767 E.19606
G1 X-35.114 Y77.767 E.07771
G1 X-35.408 Y74.919 E.13461
G1 X-33.787 Y73.299 E.10776
G1 X-30.849 Y73.602 E.13889
G1 X-30.481 Y73.233 E.02449
G1 X-28.498 Y73.233 E.09322
G1 X-22.622 Y73.233 F30000
G1 F6000
G1 X-24.605 Y73.233 E.09322
G1 X-24.973 Y73.602 E.02449
G1 X-27.911 Y73.299 E.13889
G1 X-29.531 Y74.919 E.10776
G1 X-29.238 Y77.767 E.13461
G1 X-23.362 Y77.767 E.27632
G1 X-23.655 Y74.919 E.13461
G1 X-22.035 Y73.299 E.10776
G1 X-19.097 Y73.602 E.13889
G1 X-18.729 Y73.233 E.02449
G1 X-16.746 Y73.233 E.09322
G1 X-10.87 Y73.233 F30000
G1 F6000
G1 X-12.853 Y73.233 E.09322
G1 X-13.221 Y73.602 E.02449
G1 X-16.159 Y73.299 E.13889
G1 X-17.779 Y74.919 E.10776
G1 X-17.486 Y77.767 E.13461
G1 X-11.61 Y77.767 E.27632
G1 X-11.903 Y74.919 E.13461
G1 X-10.283 Y73.299 E.10776
G1 X-7.345 Y73.602 E.13889
G1 X-6.977 Y73.233 E.02449
G1 X-4.994 Y73.233 E.09322
G1 X.882 Y73.233 F30000
G1 F6000
G1 X-1.101 Y73.233 E.09322
G1 X-1.469 Y73.602 E.02449
G1 X-4.407 Y73.299 E.13889
G1 X-6.027 Y74.919 E.10776
G1 X-5.734 Y77.767 E.13461
G1 X.142 Y77.767 E.27632
G1 X-.151 Y74.919 E.13461
G1 X1.469 Y73.299 E.10776
G1 X4.407 Y73.602 E.13889
G1 X4.775 Y73.233 E.02449
G1 X6.758 Y73.233 E.09322
G1 X12.634 Y73.233 F30000
G1 F6000
G1 X10.651 Y73.233 E.09322
G1 X10.283 Y73.602 E.02449
G1 X7.345 Y73.299 E.13889
G1 X5.725 Y74.919 E.10776
G1 X6.018 Y77.767 E.13461
G1 X11.894 Y77.767 E.27632
G1 X11.601 Y74.919 E.13461
G1 X13.221 Y73.299 E.10776
G1 X16.159 Y73.602 E.13889
G1 X16.527 Y73.233 E.02449
G1 X18.51 Y73.233 E.09322
G1 X24.386 Y73.233 F30000
G1 F6000
G1 X22.403 Y73.233 E.09322
G1 X22.035 Y73.602 E.02449
G1 X19.097 Y73.299 E.13889
G1 X17.477 Y74.919 E.10776
G1 X17.77 Y77.767 E.13461
G1 X23.646 Y77.767 E.27632
G1 X23.353 Y74.919 E.13461
G1 X24.973 Y73.299 E.10776
G1 X27.911 Y73.602 E.13889
G1 X28.279 Y73.233 E.02449
G1 X30.262 Y73.233 E.09322
G1 X31.83 Y77.767 F30000
G1 F6000
G1 X29.522 Y77.767 E.10855
G1 X29.229 Y74.919 E.13461
G1 X30.849 Y73.299 E.10776
G1 X33.787 Y73.602 E.13889
G1 X35.408 Y71.981 E.10776
G1 X35.105 Y69.043 E.13889
G1 X36.725 Y67.423 E.10776
G1 X36.767 Y67.427 E.00196
G1 X36.767 Y73.303 E.27632
G1 X36.725 Y73.299 E.00196
G1 X35.105 Y74.919 E.10776
G1 X35.398 Y77.767 E.13461
G1 X36.767 Y77.767 E.06435
G1 X36.767 Y76.827 E.04419
G1 X33.233 Y65.36 F30000
G1 F6000
G1 X33.233 Y67.669 E.10855
G1 X33.787 Y67.726 E.02618
G1 X35.408 Y66.105 E.10776
G1 X35.105 Y63.167 E.13889
G1 X36.725 Y61.547 E.10776
G1 X36.767 Y61.551 E.00196
G1 X36.767 Y55.675 E.27632
G1 X36.725 Y55.671 E.00196
G1 X35.105 Y57.291 E.10776
G1 X35.408 Y60.229 E.13889
G1 X33.787 Y61.85 E.10776
G1 X33.233 Y61.793 E.02618
G1 X33.233 Y55.916 E.27632
G1 X33.787 Y55.974 E.02618
G1 X35.408 Y54.353 E.10776
G1 X35.105 Y51.415 E.13889
G1 X36.725 Y49.795 E.10776
G1 X36.767 Y49.799 E.00196
G1 X36.767 Y43.923 E.27632
G1 X36.725 Y43.919 E.00196
G1 X35.105 Y45.539 E.10776
G1 X35.408 Y48.477 E.13889
G1 X33.787 Y50.098 E.10776
G1 X33.233 Y50.04 E.02618
G1 X33.233 Y44.164 E.27632
G1 X33.787 Y44.222 E.02618
G1 X35.408 Y42.601 E.10776
G1 X35.105 Y39.663 E.13889
G1 X36.725 Y38.043 E.10776
G1 X36.767 Y38.047 E.00196
G1 X36.767 Y32.171 E.27632
G1 X36.725 Y32.167 E.00196
G1 X35.105 Y33.787 E.10776
G1 X35.408 Y36.725 E.13889
G1 X33.787 Y38.346 E.10776
G1 X33.233 Y38.288 E.02618
G1 X33.233 Y32.412 E.27632
G1 X33.787 Y32.47 E.02618
G1 X35.408 Y30.849 E.10776
G1 X35.105 Y27.911 E.13889
G1 X36.725 Y26.291 E.10776
G1 X36.767 Y26.295 E.00196
G1 X36.767 Y20.419 E.27632
G1 X36.725 Y20.415 E.00196
G1 X35.105 Y22.035 E.10776
G1 X35.408 Y24.973 E.13889
M73 P63 R6
G1 X33.787 Y26.593 E.10776
G1 X33.233 Y26.536 E.02618
G1 X33.233 Y20.66 E.27632
G1 X33.787 Y20.717 E.02618
G1 X35.408 Y19.097 E.10776
G1 X35.105 Y16.159 E.13889
G1 X36.725 Y14.539 E.10776
G1 X36.767 Y14.543 E.00196
G1 X36.767 Y8.667 E.27632
G1 X36.725 Y8.663 E.00196
G1 X35.105 Y10.283 E.10776
G1 X35.408 Y13.221 E.13889
G1 X33.787 Y14.841 E.10776
G1 X33.233 Y14.784 E.02618
G1 X33.233 Y8.908 E.27632
G1 X33.787 Y8.965 E.02618
G1 X35.408 Y7.345 E.10776
G1 X35.105 Y4.407 E.13889
G1 X36.725 Y2.787 E.10776
G1 X36.767 Y2.791 E.00196
G1 X36.767 Y-3.085 E.27632
G1 X36.725 Y-3.089 E.00196
G1 X35.105 Y-1.469 E.10776
G1 X35.408 Y1.469 E.13889
G1 X33.787 Y3.089 E.10776
G1 X33.233 Y3.032 E.02618
G1 X33.233 Y-2.844 E.27632
G1 X33.787 Y-2.787 E.02618
G1 X35.408 Y-4.407 E.10776
G1 X35.105 Y-7.345 E.13889
G1 X36.725 Y-8.965 E.10776
G1 X36.767 Y-8.961 E.00196
G1 X36.767 Y-14.837 E.27632
G1 X36.725 Y-14.841 E.00196
G1 X35.105 Y-13.221 E.10776
G1 X35.408 Y-10.283 E.13889
G1 X33.787 Y-8.663 E.10776
G1 X33.233 Y-8.72 E.02618
G1 X33.233 Y-14.596 E.27632
G1 X33.787 Y-14.539 E.02618
G1 X35.408 Y-16.159 E.10776
G1 X35.105 Y-19.097 E.13889
G1 X36.725 Y-20.717 E.10776
G1 X36.767 Y-20.713 E.00196
G1 X36.767 Y-26.589 E.27632
G1 X36.725 Y-26.593 E.00196
G1 X35.105 Y-24.973 E.10776
G1 X35.408 Y-22.035 E.13889
G1 X33.787 Y-20.415 E.10776
G1 X33.233 Y-20.472 E.02618
G1 X33.233 Y-26.348 E.27632
G1 X33.787 Y-26.291 E.02618
G1 X35.408 Y-27.911 E.10776
G1 X35.105 Y-30.849 E.13889
G1 X36.725 Y-32.469 E.10776
G1 X36.767 Y-32.465 E.00196
G1 X36.767 Y-30.157 E.10855
G1 X33.233 Y-34.532 F30000
G1 F6000
G1 X33.233 Y-32.224 E.10855
G1 X33.787 Y-32.167 E.02618
G1 X35.408 Y-33.787 E.10776
G1 X35.105 Y-36.725 E.13889
G1 X36.725 Y-38.346 E.10776
G1 X36.767 Y-38.341 E.00196
G1 X36.767 Y-44.217 E.27632
G1 X36.725 Y-44.222 E.00196
G1 X35.105 Y-42.601 E.10776
G1 X35.408 Y-39.663 E.13889
G1 X33.787 Y-38.043 E.10776
G1 X33.233 Y-38.1 E.02618
G1 X33.233 Y-43.976 E.27632
G1 X33.787 Y-43.919 E.02618
G1 X35.408 Y-45.539 E.10776
G1 X35.105 Y-48.477 E.13889
G1 X36.725 Y-50.098 E.10776
G1 X36.767 Y-50.093 E.00196
G1 X36.767 Y-47.785 E.10855
G1 X33.233 Y-52.16 F30000
G1 F6000
G1 X33.233 Y-49.852 E.10855
G1 X33.787 Y-49.795 E.02618
G1 X35.408 Y-51.415 E.10776
G1 X35.105 Y-54.353 E.13889
G1 X36.725 Y-55.974 E.10776
G1 X36.767 Y-55.969 E.00196
G1 X36.767 Y-61.845 E.27632
G1 X36.725 Y-61.85 E.00196
G1 X35.105 Y-60.229 E.10776
G1 X35.408 Y-57.291 E.13889
G1 X33.787 Y-55.671 E.10776
G1 X33.233 Y-55.728 E.02618
G1 X33.233 Y-58.036 E.10855
G1 X36.767 Y-70.03 F30000
G1 F6000
G1 X36.767 Y-67.721 E.10855
G1 X36.725 Y-67.726 E.00196
G1 X35.105 Y-66.105 E.10776
G1 X35.408 Y-63.167 E.13889
G1 X33.787 Y-61.547 E.10776
G1 X33.233 Y-61.604 E.02618
G1 X33.233 Y-67.48 E.27632
G1 X33.787 Y-67.423 E.02618
G1 X35.408 Y-69.043 E.10776
G1 X35.105 Y-71.981 E.13889
G1 X35.823 Y-72.7 E.04777
G1 X35.484 Y-72.621 E.01638
G1 X35 Y-72.583 E.02282
G1 X34.516 Y-72.621 E.02282
G1 X34.011 Y-72.738 E.0244
G1 X33.569 Y-72.901 E.02213
;LAYER_CHANGE
;Z:4.4
;HEIGHT:0.2
;BEFORE_LAYER_CHANGE
;4.4
G1 E-1.2 F2100
;WIPE_START
G1 F6000
G1 X34.011 Y-72.738
G1 X34.516 Y-72.621
G1 X35 Y-72.583
G1 X35.484 Y-72.621
G1 X35.523 Y-72.63
;WIPE_END
;AFTER_LAYER_CHANGE
;4.4
;_SET_FAN_SPEED_CHANGING_LAYER
G17
G3 Z4.8 I.012 J-1.217 P1  F30000
G1 X-33.624 Y-73.338 Z4.8
G1 Z4.4
G1 E1.2 F2100
SET_VELOCITY_LIMIT ACCEL=5000
;TYPE:Inner wall
G1 F9000
G1 X-33.624 Y-78.113 E.22454
G1 X-32.887 Y-78.113 E.03467
G1 X-32.887 Y72.887 E7.10073
G1 X32.887 Y72.887 E3.09301
G1 X32.887 Y-78.113 E7.10073
G1 X33.624 Y-78.113 E.03467
G1 X33.624 Y-73.295 E.22656
G1 X34.516 Y-73.088 E.04303
G1 X35 Y-73.05 E.02284
G1 X35.484 Y-73.088 E.02284
G1 X36.376 Y-73.295 E.04303
G1 X36.376 Y-78.113 E.22656
G1 X37.113 Y-78.113 E.03467
G1 X37.113 Y78.113 E7.34647
G1 X-37.113 Y78.113 E3.49045
G1 X-37.113 Y-78.113 E7.34647
G1 X-36.376 Y-78.113 E.03467
G1 X-36.376 Y-73.295 E.22656
G1 X-35.484 Y-73.088 E.04303
G1 X-35 Y-73.05 E.02284
G1 X-34.516 Y-73.088 E.02284
G1 X-33.624 Y-73.295 E.04303
G1 X-33.624 Y-73.302 E.00032
SET_VELOCITY_LIMIT ACCEL=10000
G1 X-34.201 Y-73.754 F30000
SET_VELOCITY_LIMIT ACCEL=5000
;TYPE:Outer wall
G1 F2400
G1 X-34.201 Y-73.982 E.01072
G1 F2040
G1 X-34.201 Y-78.69 E.22139
M106 S255
G1 X-32.31 Y-78.69 E.08892
G1 F7200
G1 X-32.31 Y-77.76 E.04373
G1 X-32.31 Y71.508 E7.01928
G1 X-32.31 Y72.31 E.03771
M73 P64 R6
G1 X-31.508 Y72.31 E.03771
G1 X31.508 Y72.31 E2.96331
G1 X32.31 Y72.31 E.03771
G1 X32.31 Y71.508 E.03771
G1 X32.31 Y-77.76 E7.01928
G1 X32.31 Y-78.69 E.04373
G1 F2040
G1 X34.201 Y-78.69 E.08892
G1 X34.201 Y-73.982 E.22139
M106 S255
G1 F2400
G1 X34.201 Y-73.754 E.01072
G1 F7200
G1 X34.604 Y-73.66 E.01946
G1 X35 Y-73.629 E.01868
G1 X35.396 Y-73.66 E.01868
G1 X35.799 Y-73.754 E.01946
G1 F2400
G1 X35.799 Y-73.982 E.01072
G1 F2040
G1 X35.799 Y-78.69 E.22139
M106 S255
G1 X37.69 Y-78.69 E.08892
G1 F7200
G1 X37.69 Y78.69 E7.40074
G1 X-37.69 Y78.69 E3.54472
G1 X-37.69 Y-78.69 E7.40074
G1 F2040
G1 X-35.799 Y-78.69 E.08892
G1 X-35.799 Y-73.982 E.22139
M106 S255
G1 F2400
G1 X-35.799 Y-73.754 E.01072
G1 F7200
G1 X-35.396 Y-73.66 E.01946
G1 X-35 Y-73.629 E.01868
G1 X-34.604 Y-73.66 E.01868
G1 X-34.236 Y-73.746 E.01777
SET_VELOCITY_LIMIT ACCEL=10000
G1 E-1.2 F2100
;WIPE_START
G1 F7200
G1 X-34.222 Y-75.745
;WIPE_END
G1 X-33.256 Y-73.084 Z4.8 F30000
G1 Z4.4
G1 E1.2 F2100
;TYPE:Gap infill
;WIDTH:0.20308
G1 F9000
G1 X-33.256 Y-77.824 E.06186
G1 E-1.2 F2100
;WIPE_START
G1 F9000
G1 X-33.256 Y-75.824
;WIPE_END
G1 X-36.744 Y-77.824 Z4.8 F30000
G1 Z4.4
G1 E1.2 F2100
G1 F9000
G1 X-36.744 Y-73.084 E.06186
G1 X-36.767 Y-70.079 F30000
;TYPE:Sparse infill
;WIDTH:0.62
G1 F6000
G1 X-36.767 Y-67.771 E.10855
G1 X-36.725 Y-67.776 E.00197
G1 X-35.458 Y-69.043 E.08425
G1 X-35.054 Y-71.981 E.13946
G1 X-34.238 Y-72.797 E.05428
G1 X-33.704 Y-72.921 E.02579
G1 X-33.704 Y-72.738 E.00861
G1 X-33.233 Y-72.738 E.02211
G1 X-33.233 Y-67.448 E.24876
G1 X-33.787 Y-67.372 E.02629
G1 X-35.054 Y-66.105 E.08425
G1 X-35.458 Y-63.167 E.13946
G1 X-36.725 Y-61.9 E.08425
G1 X-36.767 Y-61.895 E.00197
G1 X-36.767 Y-56.019 E.27632
G1 X-36.725 Y-56.024 E.00197
G1 X-35.458 Y-57.291 E.08425
G1 X-35.054 Y-60.229 E.13946
G1 X-33.787 Y-61.496 E.08425
G1 X-33.233 Y-61.572 E.02629
G1 X-33.233 Y-55.696 E.27632
G1 X-33.787 Y-55.62 E.02629
G1 X-35.054 Y-54.353 E.08425
G1 X-35.458 Y-51.415 E.13946
G1 X-36.725 Y-50.148 E.08425
G1 X-36.767 Y-50.143 E.00197
G1 X-36.767 Y-44.267 E.27632
G1 X-36.725 Y-44.272 E.00197
G1 X-35.458 Y-45.539 E.08425
G1 X-35.054 Y-48.477 E.13946
G1 X-33.787 Y-49.744 E.08425
G1 X-33.233 Y-49.82 E.02629
G1 X-33.233 Y-47.512 E.10855
G1 X-36.767 Y-40.699 F30000
G1 F6000
G1 X-36.767 Y-38.391 E.10855
G1 X-36.725 Y-38.396 E.00197
G1 X-35.458 Y-39.663 E.08425
G1 X-35.054 Y-42.601 E.13946
G1 X-33.787 Y-43.868 E.08425
G1 X-33.233 Y-43.944 E.02629
G1 X-33.233 Y-38.068 E.27632
G1 X-33.787 Y-37.992 E.02629
G1 X-35.054 Y-36.725 E.08425
G1 X-35.458 Y-33.787 E.13946
G1 X-36.725 Y-32.52 E.08425
G1 X-36.767 Y-32.515 E.00197
G1 X-36.767 Y-26.639 E.27632
G1 X-36.725 Y-26.644 E.00197
G1 X-35.458 Y-27.911 E.08425
G1 X-35.054 Y-30.849 E.13946
G1 X-33.787 Y-32.116 E.08425
G1 X-33.233 Y-32.192 E.02629
G1 X-33.233 Y-26.316 E.27632
G1 X-33.787 Y-26.24 E.02629
G1 X-35.054 Y-24.973 E.08425
G1 X-35.458 Y-22.035 E.13946
G1 X-36.725 Y-20.768 E.08425
G1 X-36.767 Y-20.762 E.00197
G1 X-36.767 Y-14.886 E.27632
G1 X-36.725 Y-14.892 E.00197
G1 X-35.458 Y-16.159 E.08425
G1 X-35.054 Y-19.097 E.13946
G1 X-33.787 Y-20.364 E.08425
G1 X-33.233 Y-20.44 E.02629
G1 X-33.233 Y-14.564 E.27632
G1 X-33.787 Y-14.488 E.02629
G1 X-35.054 Y-13.221 E.08425
G1 X-35.458 Y-10.283 E.13946
G1 X-36.725 Y-9.016 E.08425
G1 X-36.767 Y-9.01 E.00197
G1 X-36.767 Y-11.319 E.10855
G1 X-33.233 Y-10.996 F30000
G1 F6000
G1 X-33.233 Y-8.688 E.10855
G1 X-33.787 Y-8.612 E.02629
G1 X-35.054 Y-7.345 E.08425
G1 X-35.458 Y-4.407 E.13946
G1 X-36.725 Y-3.14 E.08425
G1 X-36.767 Y-3.134 E.00197
G1 X-36.767 Y2.742 E.27632
G1 X-36.725 Y2.736 E.00197
G1 X-35.458 Y1.469 E.08425
G1 X-35.054 Y-1.469 E.13946
G1 X-33.787 Y-2.736 E.08425
G1 X-33.233 Y-2.812 E.02629
G1 X-33.233 Y3.064 E.27632
G1 X-33.787 Y3.14 E.02629
G1 X-35.054 Y4.407 E.08425
G1 X-35.458 Y7.345 E.13946
G1 X-36.725 Y8.612 E.08425
G1 X-36.767 Y8.618 E.00197
G1 X-36.767 Y14.494 E.27632
G1 X-36.725 Y14.488 E.00197
G1 X-35.458 Y13.221 E.08425
G1 X-35.054 Y10.283 E.13946
G1 X-33.787 Y9.016 E.08425
G1 X-33.233 Y8.94 E.02629
G1 X-33.233 Y11.248 E.10855
G1 X-36.767 Y18.061 F30000
G1 F6000
G1 X-36.767 Y20.37 E.10855
G1 X-36.725 Y20.364 E.00197
G1 X-35.458 Y19.097 E.08425
G1 X-35.054 Y16.159 E.13946
G1 X-33.787 Y14.892 E.08425
G1 X-33.233 Y14.816 E.02629
G1 X-33.233 Y20.692 E.27632
G1 X-33.787 Y20.768 E.02629
G1 X-35.054 Y22.035 E.08425
G1 X-35.458 Y24.973 E.13946
G1 X-36.725 Y26.24 E.08425
G1 X-36.767 Y26.246 E.00197
G1 X-36.767 Y28.554 E.10855
G1 X-33.233 Y28.876 F30000
G1 F6000
G1 X-33.233 Y26.568 E.10855
G1 X-33.787 Y26.644 E.02629
G1 X-35.054 Y27.911 E.08425
G1 X-35.458 Y30.849 E.13946
G1 X-36.725 Y32.116 E.08425
G1 X-36.767 Y32.122 E.00197
G1 X-36.767 Y37.998 E.27632
G1 X-36.725 Y37.992 E.00197
G1 X-35.458 Y36.725 E.08425
G1 X-35.054 Y33.787 E.13946
G1 X-33.787 Y32.52 E.08425
G1 X-33.233 Y32.444 E.02629
G1 X-33.233 Y38.32 E.27632
G1 X-33.787 Y38.396 E.02629
G1 X-35.054 Y39.663 E.08425
G1 X-35.458 Y42.601 E.13946
G1 X-36.725 Y43.868 E.08425
G1 X-36.767 Y43.874 E.00197
G1 X-36.767 Y41.565 E.10855
G1 X-33.233 Y46.504 F30000
G1 F6000
M73 P65 R6
G1 X-33.233 Y44.196 E.10855
G1 X-33.787 Y44.272 E.02629
G1 X-35.054 Y45.539 E.08425
G1 X-35.458 Y48.477 E.13946
G1 X-36.725 Y49.744 E.08425
G1 X-36.767 Y49.75 E.00197
G1 X-36.767 Y55.626 E.27632
G1 X-36.725 Y55.62 E.00197
G1 X-35.458 Y54.353 E.08425
G1 X-35.054 Y51.415 E.13946
G1 X-33.787 Y50.148 E.08425
G1 X-33.233 Y50.072 E.02629
G1 X-33.233 Y55.948 E.27632
G1 X-33.787 Y56.024 E.02629
G1 X-35.054 Y57.291 E.08425
G1 X-35.458 Y60.229 E.13946
G1 X-36.725 Y61.496 E.08425
G1 X-36.767 Y61.502 E.00197
G1 X-36.767 Y67.378 E.27632
G1 X-36.725 Y67.372 E.00197
G1 X-35.458 Y66.105 E.08425
G1 X-35.054 Y63.167 E.13946
G1 X-33.787 Y61.9 E.08425
G1 X-33.233 Y61.824 E.02629
G1 X-33.233 Y67.7 E.27632
G1 X-33.787 Y67.776 E.02629
G1 X-35.054 Y69.043 E.08425
G1 X-35.458 Y71.981 E.13946
G1 X-36.725 Y73.248 E.08425
G1 X-36.767 Y73.254 E.00197
G1 X-36.767 Y77.767 E.21222
G1 X-35.446 Y77.767 E.06211
G1 X-35.054 Y74.919 E.13516
G1 X-33.787 Y73.652 E.08425
G1 X-30.849 Y73.248 E.13946
G1 X-30.834 Y73.233 E.00098
G1 X-28.526 Y73.233 E.10855
G1 X-22.65 Y73.233 F30000
G1 F6000
G1 X-24.958 Y73.233 E.10855
G1 X-24.973 Y73.248 E.00098
G1 X-27.911 Y73.652 E.13946
G1 X-29.178 Y74.919 E.08425
G1 X-29.57 Y77.767 E.13516
G1 X-23.694 Y77.767 E.27632
G1 X-23.302 Y74.919 E.13516
G1 X-22.035 Y73.652 E.08425
G1 X-19.097 Y73.248 E.13946
G1 X-19.082 Y73.233 E.00098
G1 X-16.774 Y73.233 E.10855
G1 X-10.898 Y73.233 F30000
G1 F6000
G1 X-13.206 Y73.233 E.10855
G1 X-13.221 Y73.248 E.00098
G1 X-16.159 Y73.652 E.13946
G1 X-17.426 Y74.919 E.08425
G1 X-17.818 Y77.767 E.13516
G1 X-11.942 Y77.767 E.27632
G1 X-11.55 Y74.919 E.13516
G1 X-10.283 Y73.652 E.08425
G1 X-7.345 Y73.248 E.13946
G1 X-7.33 Y73.233 E.00098
G1 X-5.022 Y73.233 E.10855
G1 X.854 Y73.233 F30000
G1 F6000
G1 X-1.454 Y73.233 E.10855
G1 X-1.469 Y73.248 E.00098
G1 X-4.407 Y73.652 E.13946
G1 X-5.674 Y74.919 E.08425
G1 X-6.066 Y77.767 E.13516
G1 X-.19 Y77.767 E.27632
G1 X.202 Y74.919 E.13516
G1 X1.469 Y73.652 E.08425
G1 X4.407 Y73.248 E.13946
G1 X4.422 Y73.233 E.00098
G1 X6.73 Y73.233 E.10855
G1 X12.606 Y73.233 F30000
G1 F6000
G1 X10.298 Y73.233 E.10855
G1 X10.283 Y73.248 E.00098
G1 X7.345 Y73.652 E.13946
G1 X6.078 Y74.919 E.08425
G1 X5.686 Y77.767 E.13516
G1 X11.562 Y77.767 E.27632
G1 X11.954 Y74.919 E.13516
G1 X13.221 Y73.652 E.08425
G1 X16.159 Y73.248 E.13946
G1 X16.174 Y73.233 E.00098
G1 X18.482 Y73.233 E.10855
G1 X24.358 Y73.233 F30000
M73 P65 R5
G1 F6000
G1 X22.05 Y73.233 E.10855
G1 X22.035 Y73.248 E.00098
G1 X19.097 Y73.652 E.13946
G1 X17.83 Y74.919 E.08425
G1 X17.438 Y77.767 E.13516
G1 X23.314 Y77.767 E.27632
G1 X23.706 Y74.919 E.13516
G1 X24.973 Y73.652 E.08425
G1 X27.911 Y73.248 E.13946
G1 X27.926 Y73.233 E.00098
G1 X30.234 Y73.233 E.10855
G1 X31.499 Y77.767 F30000
G1 F6000
G1 X29.19 Y77.767 E.10855
G1 X29.582 Y74.919 E.13516
G1 X30.849 Y73.652 E.08425
G1 X33.787 Y73.248 E.13946
G1 X35.054 Y71.981 E.08425
G1 X35.458 Y69.043 E.13946
G1 X36.725 Y67.776 E.08425
G1 X36.767 Y67.771 E.00197
G1 X36.767 Y73.647 E.27632
G1 X36.725 Y73.652 E.00197
G1 X35.458 Y74.919 E.08425
G1 X35.066 Y77.767 E.13516
G1 X36.767 Y77.767 E.07995
G1 X36.767 Y77.159 E.02859
G1 X36.767 Y64.203 F30000
G1 F6000
G1 X36.767 Y61.895 E.10855
G1 X36.725 Y61.9 E.00197
G1 X35.458 Y63.167 E.08425
G1 X35.054 Y66.105 E.13946
G1 X33.787 Y67.372 E.08425
G1 X33.233 Y67.448 E.02629
G1 X33.233 Y61.572 E.27632
G1 X33.787 Y61.496 E.02629
G1 X35.054 Y60.229 E.08425
G1 X35.458 Y57.291 E.13946
G1 X36.725 Y56.024 E.08425
G1 X36.767 Y56.019 E.00197
G1 X36.767 Y50.143 E.27632
G1 X36.725 Y50.148 E.00197
G1 X35.458 Y51.415 E.08425
G1 X35.054 Y54.353 E.13946
G1 X33.787 Y55.62 E.08425
G1 X33.233 Y55.696 E.02629
G1 X33.233 Y49.82 E.27632
G1 X33.787 Y49.744 E.02629
G1 X35.054 Y48.477 E.08425
G1 X35.458 Y45.539 E.13946
G1 X36.725 Y44.272 E.08425
G1 X36.767 Y44.267 E.00197
G1 X36.767 Y38.391 E.27632
G1 X36.725 Y38.396 E.00197
G1 X35.458 Y39.663 E.08425
G1 X35.054 Y42.601 E.13946
G1 X33.787 Y43.868 E.08425
G1 X33.233 Y43.944 E.02629
G1 X33.233 Y38.068 E.27632
G1 X33.787 Y37.992 E.02629
G1 X35.054 Y36.725 E.08425
G1 X35.458 Y33.787 E.13946
G1 X36.725 Y32.52 E.08425
G1 X36.767 Y32.515 E.00197
G1 X36.767 Y26.639 E.27632
G1 X36.725 Y26.644 E.00197
G1 X35.458 Y27.911 E.08425
G1 X35.054 Y30.849 E.13946
G1 X33.787 Y32.116 E.08425
G1 X33.233 Y32.192 E.02629
G1 X33.233 Y26.316 E.27632
G1 X33.787 Y26.24 E.02629
G1 X35.054 Y24.973 E.08425
G1 X35.458 Y22.035 E.13946
G1 X36.725 Y20.768 E.08425
G1 X36.767 Y20.762 E.00197
G1 X36.767 Y14.886 E.27632
G1 X36.725 Y14.892 E.00197
G1 X35.458 Y16.159 E.08425
G1 X35.054 Y19.097 E.13946
G1 X33.787 Y20.364 E.08425
G1 X33.233 Y20.44 E.02629
G1 X33.233 Y18.132 E.10855
G1 X36.767 Y11.319 F30000
G1 F6000
G1 X36.767 Y9.01 E.10855
G1 X36.725 Y9.016 E.00197
G1 X35.458 Y10.283 E.08425
G1 X35.054 Y13.221 E.13946
G1 X33.787 Y14.488 E.08425
G1 X33.233 Y14.564 E.02629
G1 X33.233 Y8.688 E.27632
G1 X33.787 Y8.612 E.02629
G1 X35.054 Y7.345 E.08425
G1 X35.458 Y4.407 E.13946
G1 X36.725 Y3.14 E.08425
G1 X36.767 Y3.134 E.00197
G1 X36.767 Y5.443 E.10855
G1 X33.233 Y.504 F30000
G1 F6000
G1 X33.233 Y2.812 E.10855
G1 X33.787 Y2.736 E.02629
G1 X35.054 Y1.469 E.08425
G1 X35.458 Y-1.469 E.13946
G1 X36.725 Y-2.736 E.08425
G1 X36.767 Y-2.742 E.00197
G1 X36.767 Y-8.618 E.27632
G1 X36.725 Y-8.612 E.00197
G1 X35.458 Y-7.345 E.08425
G1 X35.054 Y-4.407 E.13946
G1 X33.787 Y-3.14 E.08425
G1 X33.233 Y-3.064 E.02629
G1 X33.233 Y-8.94 E.27632
G1 X33.787 Y-9.016 E.02629
G1 X35.054 Y-10.283 E.08425
G1 X35.458 Y-13.221 E.13946
G1 X36.725 Y-14.488 E.08425
G1 X36.767 Y-14.494 E.00197
G1 X36.767 Y-20.37 E.27632
G1 X36.725 Y-20.364 E.00197
G1 X35.458 Y-19.097 E.08425
G1 X35.054 Y-16.159 E.13946
G1 X33.787 Y-14.892 E.08425
G1 X33.233 Y-14.816 E.02629
G1 X33.233 Y-20.692 E.27632
G1 X33.787 Y-20.768 E.02629
G1 X35.054 Y-22.035 E.08425
G1 X35.458 Y-24.973 E.13946
G1 X36.725 Y-26.24 E.08425
G1 X36.767 Y-26.246 E.00197
G1 X36.767 Y-32.122 E.27632
G1 X36.725 Y-32.116 E.00197
G1 X35.458 Y-30.849 E.08425
G1 X35.054 Y-27.911 E.13946
G1 X33.787 Y-26.644 E.08425
G1 X33.233 Y-26.568 E.02629
G1 X33.233 Y-32.444 E.27632
G1 X33.787 Y-32.52 E.02629
G1 X35.054 Y-33.787 E.08425
G1 X35.458 Y-36.725 E.13946
G1 X36.725 Y-37.992 E.08425
G1 X36.767 Y-37.998 E.00197
G1 X36.767 Y-43.874 E.27632
G1 X36.725 Y-43.868 E.00197
G1 X35.458 Y-42.601 E.08425
G1 X35.054 Y-39.663 E.13946
G1 X33.787 Y-38.396 E.08425
G1 X33.233 Y-38.32 E.02629
G1 X33.233 Y-44.196 E.27632
G1 X33.787 Y-44.272 E.02629
G1 X35.054 Y-45.539 E.08425
G1 X35.458 Y-48.477 E.13946
G1 X36.725 Y-49.744 E.08425
G1 X36.767 Y-49.75 E.00197
G1 X36.767 Y-47.441 E.10855
G1 X33.233 Y-47.764 F30000
G1 F6000
G1 X33.233 Y-50.072 E.10855
G1 X33.787 Y-50.148 E.02629
G1 X35.054 Y-51.415 E.08425
G1 X35.458 Y-54.353 E.13946
G1 X36.725 Y-55.62 E.08425
G1 X36.767 Y-55.626 E.00197
G1 X36.767 Y-61.502 E.27632
G1 X36.725 Y-61.496 E.00197
G1 X35.458 Y-60.229 E.08425
G1 X35.054 Y-57.291 E.13946
G1 X33.787 Y-56.024 E.08425
G1 X33.233 Y-55.948 E.02629
G1 X33.233 Y-61.824 E.27632
G1 X33.787 Y-61.9 E.02629
G1 X35.054 Y-63.167 E.08425
G1 X35.458 Y-66.105 E.13946
G1 X36.725 Y-67.372 E.08425
G1 X36.767 Y-67.378 E.00197
G1 X36.767 Y-72.738 E.25207
G1 X36.297 Y-72.738 E.02211
G1 X36.297 Y-72.819 E.00382
G1 X35.458 Y-71.981 E.05575
G1 X35.054 Y-69.043 E.13946
G1 X33.787 Y-67.776 E.08425
G1 X33.233 Y-67.7 E.02629
G1 X33.233 Y-70.008 E.10855
G1 X33.256 Y-73.084 F30000
;TYPE:Gap infill
;WIDTH:0.203082
G1 F9000
G1 X33.256 Y-77.824 E.06186
G1 E-1.2 F2100
;WIPE_START
G1 F9000
G1 X33.256 Y-75.824
;WIPE_END
G1 X36.744 Y-77.824 Z4.8 F30000
G1 Z4.4
G1 E1.2 F2100
G1 F9000
G1 X36.744 Y-73.084 E.06186
;LAYER_CHANGE
;Z:4.6
;HEIGHT:0.2
;BEFORE_LAYER_CHANGE
;4.6
G1 E-1.2 F2100
;WIPE_START
G1 F9000
G1 X36.744 Y-75.084
;WIPE_END
;AFTER_LAYER_CHANGE
;4.6
;_SET_FAN_SPEED_CHANGING_LAYER
G17
G3 Z5 I-1.217 J-.032 P1  F30000
G1 X32.887 Y72.887 Z5
G1 Z4.6
G1 E1.2 F2100
SET_VELOCITY_LIMIT ACCEL=5000
;TYPE:Inner wall
;WIDTH:0.62
G1 F9000
G1 X32.887 Y-78.113 E7.10073
G1 F2400
G1 X34.511 Y-78.113 E.07637
G1 F600
G1 X34.811 Y-78.113 E.01411
SET_VELOCITY_LIMIT ACCEL=2500
;TYPE:Overhang wall
G1 X35.189 Y-78.113 E.01778
SET_VELOCITY_LIMIT ACCEL=5000
;TYPE:Inner wall
G1 X35.489 Y-78.113 E.01411
M106 S255
G1 F2400
G1 X37.113 Y-78.113 E.07637
G1 F9000
G1 X37.113 Y78.113 E7.34648
G1 X-37.113 Y78.113 E3.49045
M73 P66 R5
G1 X-37.113 Y-78.113 E7.34648
G1 F2400
G1 X-35.489 Y-78.113 E.07637
G1 F600
G1 X-35.189 Y-78.113 E.01411
SET_VELOCITY_LIMIT ACCEL=2500
;TYPE:Overhang wall
G1 X-34.811 Y-78.113 E.01778
SET_VELOCITY_LIMIT ACCEL=5000
;TYPE:Inner wall
G1 X-34.511 Y-78.113 E.01411
M106 S255
G1 F2400
G1 X-32.887 Y-78.113 E.07637
G1 F9000
G1 X-32.887 Y72.887 E7.10073
G1 X32.851 Y72.887 E3.09131
SET_VELOCITY_LIMIT ACCEL=10000
G1 X32.31 Y72.31 F30000
SET_VELOCITY_LIMIT ACCEL=5000
;TYPE:Outer wall
G1 F7200
G1 X32.31 Y71.508 E.03771
G1 X32.31 Y-77.76 E7.01928
G1 X32.31 Y-78.69 E.04373
G1 X33.24 Y-78.69 E.04373
G1 X33.271 Y-78.69 E.00146
G1 F2400
G1 X34.511 Y-78.69 E.05831
G1 F600
G1 X34.811 Y-78.69 E.01411
SET_VELOCITY_LIMIT ACCEL=2500
;TYPE:Overhang wall
G1 X35.189 Y-78.69 E.01778
SET_VELOCITY_LIMIT ACCEL=5000
;TYPE:Outer wall
G1 X35.489 Y-78.69 E.01411
M106 S255
G1 F2400
G1 X36.729 Y-78.69 E.05831
G1 F7200
G1 X36.76 Y-78.69 E.00146
G1 X37.69 Y-78.69 E.04373
G1 X37.69 Y78.69 E7.40074
G1 X-37.69 Y78.69 E3.54472
G1 X-37.69 Y-78.69 E7.40074
G1 X-36.76 Y-78.69 E.04373
G1 X-36.729 Y-78.69 E.00146
G1 F2400
G1 X-35.489 Y-78.69 E.05831
G1 F600
G1 X-35.189 Y-78.69 E.01411
SET_VELOCITY_LIMIT ACCEL=2500
;TYPE:Overhang wall
G1 X-34.811 Y-78.69 E.01778
SET_VELOCITY_LIMIT ACCEL=5000
;TYPE:Outer wall
G1 X-34.511 Y-78.69 E.01411
M106 S255
G1 F2400
G1 X-33.271 Y-78.69 E.05831
G1 F7200
G1 X-33.24 Y-78.69 E.00146
G1 X-32.31 Y-78.69 E.04373
G1 X-32.31 Y-77.76 E.04373
G1 X-32.31 Y71.508 E7.01928
G1 X-32.31 Y72.31 E.03771
G1 X-31.508 Y72.31 E.03771
G1 X31.448 Y72.31 E2.96049
G1 X32.274 Y72.31 E.03884
M73 P67 R5
SET_VELOCITY_LIMIT ACCEL=10000
G1 E-1.2 F2100
;WIPE_START
G1 F7200
G1 X32.274 Y70.31
;WIPE_END
G1 X29.324 Y73.233 Z5 F30000
G1 Z4.6
G1 E1.2 F2100
;TYPE:Sparse infill
G1 F6000
G1 X27.015 Y73.233 E.10855
G1 X24.973 Y74.006 E.10268
G1 X24.06 Y74.919 E.06074
G1 X22.983 Y77.767 E.14316
G1 X28.859 Y77.767 E.27632
G1 X29.936 Y74.919 E.14316
G1 X30.849 Y74.006 E.06074
G1 X32.891 Y73.233 E.10268
G1 X33.233 Y73.233 E.01608
G1 X33.233 Y73.104 E.00608
G1 X33.787 Y72.895 E.02784
G1 X34.7 Y71.981 E.06074
G1 X35.812 Y69.043 E.14771
G1 X36.725 Y68.13 E.06074
G1 X36.767 Y68.114 E.00209
G1 X36.767 Y73.99 E.27632
G1 X36.725 Y74.006 E.00209
G1 X35.812 Y74.919 E.06074
G1 X34.735 Y77.767 E.14316
G1 X32.426 Y77.767 E.10855
G1 X23.448 Y73.233 F30000
G1 F6000
G1 X21.139 Y73.233 E.10855
G1 X19.097 Y74.006 E.10268
G1 X18.184 Y74.919 E.06074
G1 X17.107 Y77.767 E.14316
G1 X11.231 Y77.767 E.27632
G1 X12.308 Y74.919 E.14316
G1 X13.221 Y74.006 E.06074
G1 X15.263 Y73.233 E.10268
G1 X17.572 Y73.233 E.10855
G1 X11.696 Y73.233 F30000
G1 F6000
G1 X9.387 Y73.233 E.10855
G1 X7.345 Y74.006 E.10268
G1 X6.432 Y74.919 E.06074
G1 X5.355 Y77.767 E.14316
G1 X-.521 Y77.767 E.27632
G1 X.556 Y74.919 E.14316
G1 X1.469 Y74.006 E.06074
G1 X3.511 Y73.233 E.10268
G1 X5.82 Y73.233 E.10855
G1 X-.056 Y73.233 F30000
G1 F6000
G1 X-2.365 Y73.233 E.10855
G1 X-4.407 Y74.006 E.10268
G1 X-5.32 Y74.919 E.06074
G1 X-6.397 Y77.767 E.14316
G1 X-4.089 Y77.767 E.10855
G1 X-5.932 Y73.233 F30000
G1 F6000
G1 X-8.241 Y73.233 E.10855
G1 X-10.283 Y74.006 E.10268
G1 X-11.196 Y74.919 E.06074
G1 X-12.273 Y77.767 E.14316
G1 X-18.15 Y77.767 E.27632
G1 X-17.072 Y74.919 E.14316
G1 X-16.159 Y74.006 E.06074
G1 X-14.117 Y73.233 E.10268
G1 X-11.808 Y73.233 E.10855
G1 X-17.684 Y73.233 F30000
G1 F6000
G1 X-19.993 Y73.233 E.10855
G1 X-22.035 Y74.006 E.10268
G1 X-22.948 Y74.919 E.06074
G1 X-24.026 Y77.767 E.14316
G1 X-29.902 Y77.767 E.27632
G1 X-28.824 Y74.919 E.14316
G1 X-27.911 Y74.006 E.06074
G1 X-25.869 Y73.233 E.10268
G1 X-23.56 Y73.233 E.10855
G1 X-29.436 Y73.233 F30000
G1 F6000
G1 X-31.745 Y73.233 E.10855
G1 X-33.787 Y74.006 E.10268
G1 X-34.7 Y74.919 E.06074
G1 X-35.778 Y77.767 E.14316
G1 X-36.767 Y77.767 E.04651
G1 X-36.767 Y72.91 E.22837
G1 X-36.725 Y72.895 E.00209
G1 X-35.812 Y71.981 E.06074
G1 X-34.7 Y69.043 E.14771
G1 X-33.787 Y68.13 E.06074
G1 X-33.233 Y67.92 E.02784
G1 X-33.233 Y62.044 E.27632
G1 X-33.787 Y62.254 E.02784
G1 X-34.7 Y63.167 E.06074
G1 X-35.812 Y66.105 E.14771
G1 X-36.725 Y67.018 E.06074
G1 X-36.767 Y67.034 E.00209
G1 X-36.767 Y61.158 E.27632
G1 X-36.725 Y61.142 E.00209
G1 X-35.812 Y60.229 E.06074
G1 X-34.7 Y57.291 E.14771
G1 X-33.787 Y56.378 E.06074
G1 X-33.233 Y56.168 E.02784
G1 X-33.233 Y50.292 E.27632
G1 X-33.787 Y50.502 E.02784
G1 X-34.7 Y51.415 E.06074
G1 X-35.812 Y54.353 E.14771
G1 X-36.725 Y55.266 E.06074
G1 X-36.767 Y55.282 E.00209
G1 X-36.767 Y49.406 E.27632
G1 X-36.725 Y49.39 E.00209
G1 X-35.812 Y48.477 E.06074
G1 X-34.7 Y45.539 E.14771
G1 X-33.787 Y44.626 E.06074
G1 X-33.233 Y44.416 E.02784
G1 X-33.233 Y38.54 E.27632
G1 X-33.787 Y38.75 E.02784
G1 X-34.7 Y39.663 E.06074
G1 X-35.812 Y42.601 E.14771
G1 X-36.725 Y43.514 E.06074
G1 X-36.767 Y43.53 E.00209
G1 X-36.767 Y37.654 E.27632
G1 X-36.725 Y37.638 E.00209
G1 X-35.812 Y36.725 E.06074
G1 X-34.7 Y33.787 E.14771
G1 X-33.787 Y32.874 E.06074
G1 X-33.233 Y32.664 E.02784
G1 X-33.233 Y26.788 E.27632
G1 X-33.787 Y26.998 E.02784
G1 X-34.7 Y27.911 E.06074
G1 X-35.812 Y30.849 E.14771
G1 X-36.725 Y31.762 E.06074
G1 X-36.767 Y31.778 E.00209
G1 X-36.767 Y25.902 E.27632
G1 X-36.725 Y25.886 E.00209
G1 X-35.812 Y24.973 E.06074
G1 X-34.7 Y22.035 E.14771
G1 X-33.787 Y21.122 E.06074
G1 X-33.233 Y20.912 E.02784
G1 X-33.233 Y15.036 E.27632
G1 X-33.787 Y15.246 E.02784
G1 X-34.7 Y16.159 E.06074
G1 X-35.812 Y19.097 E.14771
G1 X-36.725 Y20.01 E.06074
G1 X-36.767 Y20.026 E.00209
G1 X-36.767 Y14.15 E.27632
G1 X-36.725 Y14.134 E.00209
G1 X-35.812 Y13.221 E.06074
G1 X-34.7 Y10.283 E.14771
G1 X-33.787 Y9.37 E.06074
G1 X-33.233 Y9.16 E.02784
G1 X-33.233 Y3.284 E.27632
G1 X-33.787 Y3.494 E.02784
G1 X-34.7 Y4.407 E.06074
G1 X-35.812 Y7.345 E.14771
G1 X-36.725 Y8.258 E.06074
G1 X-36.767 Y8.274 E.00209
G1 X-36.767 Y2.398 E.27632
G1 X-36.725 Y2.382 E.00209
G1 X-35.812 Y1.469 E.06074
G1 X-34.7 Y-1.469 E.14771
G1 X-33.787 Y-2.382 E.06074
G1 X-33.233 Y-2.592 E.02784
G1 X-33.233 Y-.283 E.10855
G1 X-36.767 Y-5.786 F30000
G1 F6000
G1 X-36.767 Y-3.478 E.10855
G1 X-36.725 Y-3.494 E.00209
G1 X-35.812 Y-4.407 E.06074
G1 X-34.7 Y-7.345 E.14771
G1 X-33.787 Y-8.258 E.06074
G1 X-33.233 Y-8.468 E.02784
G1 X-33.233 Y-14.344 E.27632
G1 X-33.787 Y-14.134 E.02784
G1 X-34.7 Y-13.221 E.06074
G1 X-35.812 Y-10.283 E.14771
G1 X-36.725 Y-9.37 E.06074
G1 X-36.767 Y-9.354 E.00209
G1 X-36.767 Y-11.662 E.10855
G1 X-33.233 Y-22.528 F30000
G1 F6000
G1 X-33.233 Y-20.22 E.10855
G1 X-33.787 Y-20.01 E.02784
G1 X-34.7 Y-19.097 E.06074
G1 X-35.812 Y-16.159 E.14771
G1 X-36.725 Y-15.246 E.06074
G1 X-36.767 Y-15.23 E.00209
G1 X-36.767 Y-21.106 E.27632
G1 X-36.725 Y-21.122 E.00209
G1 X-35.812 Y-22.035 E.06074
G1 X-34.7 Y-24.973 E.14771
G1 X-33.787 Y-25.886 E.06074
G1 X-33.233 Y-26.096 E.02784
G1 X-33.233 Y-31.972 E.27632
G1 X-33.787 Y-31.762 E.02784
G1 X-34.7 Y-30.849 E.06074
G1 X-35.812 Y-27.911 E.14771
G1 X-36.725 Y-26.998 E.06074
G1 X-36.767 Y-26.982 E.00209
G1 X-36.767 Y-32.858 E.27632
G1 X-36.725 Y-32.874 E.00209
G1 X-35.812 Y-33.787 E.06074
G1 X-34.7 Y-36.725 E.14771
G1 X-33.787 Y-37.638 E.06074
G1 X-33.233 Y-37.848 E.02784
G1 X-33.233 Y-43.724 E.27632
G1 X-33.787 Y-43.514 E.02784
G1 X-34.7 Y-42.601 E.06074
G1 X-35.812 Y-39.663 E.14771
G1 X-36.725 Y-38.75 E.06074
G1 X-36.767 Y-38.734 E.00209
G1 X-36.767 Y-44.61 E.27632
G1 X-36.725 Y-44.626 E.00209
G1 X-35.812 Y-45.539 E.06074
G1 X-34.7 Y-48.477 E.14771
G1 X-33.787 Y-49.39 E.06074
G1 X-33.233 Y-49.6 E.02784
G1 X-33.233 Y-55.476 E.27632
G1 X-33.787 Y-55.266 E.02784
G1 X-34.7 Y-54.353 E.06074
G1 X-35.812 Y-51.415 E.14771
G1 X-36.725 Y-50.502 E.06074
G1 X-36.767 Y-50.486 E.00209
G1 X-36.767 Y-56.362 E.27632
G1 X-36.725 Y-56.378 E.00209
G1 X-35.812 Y-57.291 E.06074
G1 X-34.7 Y-60.229 E.14771
G1 X-33.787 Y-61.142 E.06074
G1 X-33.233 Y-61.352 E.02784
G1 X-33.233 Y-67.228 E.27632
G1 X-33.787 Y-67.019 E.02784
G1 X-34.7 Y-66.105 E.06074
G1 X-35.812 Y-63.167 E.14771
G1 X-36.725 Y-62.254 E.06074
G1 X-36.767 Y-62.238 E.00209
G1 X-36.767 Y-68.114 E.27632
G1 X-36.725 Y-68.13 E.00209
G1 X-35.812 Y-69.043 E.06074
G1 X-34.7 Y-71.981 E.14771
G1 X-34.085 Y-72.596 E.04091
G1 X-34.52 Y-72.499 E.02096
G1 X-35.024 Y-72.463 E.02375
G1 X-35.524 Y-72.506 E.02362
G1 X-36.005 Y-72.617 E.02322
G1 X-36.345 Y-72.74 E.01698
G1 E-1.2 F2100
;WIPE_START
G1 F6000
G1 X-36.005 Y-72.617
G1 X-35.524 Y-72.506
G1 X-35.024 Y-72.463
G1 X-34.52 Y-72.499
G1 X-34.386 Y-72.529
;WIPE_END
G1 X-32.974 Y-77.617 Z5 F30000
G1 Z4.6
G1 E1.2 F2100
SET_VELOCITY_LIMIT ACCEL=2500
;TYPE:Bridge
G1 F1500
G1 X-36.767 Y-77.617 E.17837
G1 X-36.767 Y-77.04 E.02714
G1 X-33.233 Y-77.04 E.16616
G1 X-33.233 Y-76.463 E.02714
G1 X-36.767 Y-76.463 E.16616
G1 X-36.767 Y-75.886 E.02714
G1 X-33.233 Y-75.886 E.16616
G1 X-33.233 Y-75.309 E.02714
G1 X-36.767 Y-75.309 E.16616
G1 X-36.767 Y-74.732 E.02714
G1 X-33.233 Y-74.732 E.16616
G1 X-33.233 Y-74.155 E.02714
G1 X-36.767 Y-74.155 E.16616
G1 X-36.767 Y-73.578 E.02714
G1 X-32.974 Y-73.578 E.17837
SET_VELOCITY_LIMIT ACCEL=10000
G1 E-1.2 F2100
;WIPE_START
G1 F1500
G1 X-34.974 Y-73.578
;WIPE_END
G1 X-27.342 Y-73.465 Z5 F30000
G1 X34.268 Y-72.554 Z5
G1 Z4.6
G1 E1.2 F2100
;TYPE:Sparse infill
G1 F6000
M106 S255
G1 X34.52 Y-72.499 E.01213
G1 X35.024 Y-72.463 E.02375
G1 X35.524 Y-72.506 E.02362
G1 X36.005 Y-72.617 E.02322
G1 X36.391 Y-72.757 E.01927
G1 X36.489 Y-72.659 E.00655
G1 X35.812 Y-71.981 E.04504
G1 X34.7 Y-69.043 E.14771
G1 X33.787 Y-68.13 E.06074
G1 X33.233 Y-67.92 E.02784
G1 X33.233 Y-62.044 E.27632
G1 X33.787 Y-62.254 E.02784
G1 X34.7 Y-63.167 E.06074
G1 X35.812 Y-66.105 E.14771
G1 X36.725 Y-67.018 E.06074
G1 X36.767 Y-67.034 E.00209
G1 X36.767 Y-61.158 E.27632
G1 X36.725 Y-61.142 E.00209
G1 X35.812 Y-60.229 E.06074
G1 X34.7 Y-57.291 E.14771
G1 X33.787 Y-56.378 E.06074
G1 X33.233 Y-56.168 E.02784
G1 X33.233 Y-50.292 E.27632
G1 X33.787 Y-50.502 E.02784
G1 X34.7 Y-51.415 E.06074
G1 X35.812 Y-54.353 E.14771
G1 X36.725 Y-55.266 E.06074
G1 X36.767 Y-55.282 E.00209
G1 X36.767 Y-49.406 E.27632
G1 X36.725 Y-49.39 E.00209
G1 X35.812 Y-48.477 E.06074
G1 X34.7 Y-45.539 E.14771
G1 X33.787 Y-44.626 E.06074
G1 X33.233 Y-44.416 E.02784
G1 X33.233 Y-38.54 E.27632
G1 X33.787 Y-38.75 E.02784
G1 X34.7 Y-39.663 E.06074
G1 X35.812 Y-42.601 E.14771
G1 X36.725 Y-43.514 E.06074
G1 X36.767 Y-43.53 E.00209
G1 X36.767 Y-37.654 E.27632
G1 X36.725 Y-37.638 E.00209
G1 X35.812 Y-36.725 E.06074
G1 X34.7 Y-33.787 E.14771
G1 X33.787 Y-32.874 E.06074
G1 X33.233 Y-32.664 E.02784
G1 X33.233 Y-26.788 E.27632
G1 X33.787 Y-26.998 E.02784
G1 X34.7 Y-27.911 E.06074
G1 X35.812 Y-30.849 E.14771
G1 X36.725 Y-31.762 E.06074
G1 X36.767 Y-31.778 E.00209
G1 X36.767 Y-25.902 E.27632
G1 X36.725 Y-25.886 E.00209
G1 X35.812 Y-24.973 E.06074
G1 X34.7 Y-22.035 E.14771
G1 X33.787 Y-21.122 E.06074
G1 X33.233 Y-20.912 E.02784
G1 X33.233 Y-15.036 E.27632
G1 X33.787 Y-15.246 E.02784
G1 X34.7 Y-16.159 E.06074
G1 X35.812 Y-19.097 E.14771
G1 X36.725 Y-20.01 E.06074
G1 X36.767 Y-20.026 E.00209
G1 X36.767 Y-14.15 E.27632
G1 X36.725 Y-14.134 E.00209
M73 P68 R5
G1 X35.812 Y-13.221 E.06074
G1 X34.7 Y-10.283 E.14771
G1 X33.787 Y-9.37 E.06074
G1 X33.233 Y-9.16 E.02784
G1 X33.233 Y-3.284 E.27632
G1 X33.787 Y-3.494 E.02784
G1 X34.7 Y-4.407 E.06074
G1 X35.812 Y-7.345 E.14771
G1 X36.725 Y-8.258 E.06074
G1 X36.767 Y-8.274 E.00209
G1 X36.767 Y-2.398 E.27632
G1 X36.725 Y-2.382 E.00209
G1 X35.812 Y-1.469 E.06074
G1 X34.7 Y1.469 E.14771
G1 X33.787 Y2.382 E.06074
G1 X33.233 Y2.592 E.02784
G1 X33.233 Y8.468 E.27632
G1 X33.787 Y8.258 E.02784
G1 X34.7 Y7.345 E.06074
G1 X35.812 Y4.407 E.14771
G1 X36.725 Y3.494 E.06074
G1 X36.767 Y3.478 E.00209
G1 X36.767 Y9.354 E.27632
G1 X36.725 Y9.37 E.00209
G1 X35.812 Y10.283 E.06074
G1 X34.7 Y13.221 E.14771
G1 X33.787 Y14.134 E.06074
G1 X33.233 Y14.344 E.02784
G1 X33.233 Y20.22 E.27632
G1 X33.787 Y20.01 E.02784
G1 X34.7 Y19.097 E.06074
G1 X35.812 Y16.159 E.14771
G1 X36.725 Y15.246 E.06074
G1 X36.767 Y15.23 E.00209
G1 X36.767 Y17.538 E.10855
G1 X33.233 Y23.788 F30000
G1 F6000
G1 X33.233 Y26.096 E.10855
G1 X33.787 Y25.886 E.02784
G1 X34.7 Y24.973 E.06074
G1 X35.812 Y22.035 E.14771
G1 X36.725 Y21.122 E.06074
G1 X36.767 Y21.106 E.00209
G1 X36.767 Y26.982 E.27632
G1 X36.725 Y26.998 E.00209
G1 X35.812 Y27.911 E.06074
G1 X34.7 Y30.849 E.14771
G1 X33.787 Y31.762 E.06074
G1 X33.233 Y31.972 E.02784
G1 X33.233 Y37.848 E.27632
G1 X33.787 Y37.638 E.02784
G1 X34.7 Y36.725 E.06074
G1 X35.812 Y33.787 E.14771
G1 X36.725 Y32.874 E.06074
G1 X36.767 Y32.858 E.00209
G1 X36.767 Y38.734 E.27632
G1 X36.725 Y38.75 E.00209
G1 X35.812 Y39.663 E.06074
G1 X34.7 Y42.601 E.14771
G1 X33.787 Y43.514 E.06074
G1 X33.233 Y43.724 E.02784
G1 X33.233 Y49.6 E.27632
G1 X33.787 Y49.39 E.02784
G1 X34.7 Y48.477 E.06074
G1 X35.812 Y45.539 E.14771
G1 X36.725 Y44.626 E.06074
G1 X36.767 Y44.61 E.00209
G1 X36.767 Y50.486 E.27632
G1 X36.725 Y50.502 E.00209
G1 X35.812 Y51.415 E.06074
G1 X34.7 Y54.353 E.14771
G1 X33.787 Y55.266 E.06074
G1 X33.233 Y55.476 E.02784
G1 X33.233 Y61.352 E.27632
G1 X33.787 Y61.142 E.02784
G1 X34.7 Y60.229 E.06074
G1 X35.812 Y57.291 E.14771
G1 X36.725 Y56.378 E.06074
G1 X36.767 Y56.362 E.00209
G1 X36.767 Y62.238 E.27632
G1 X36.725 Y62.254 E.00209
G1 X35.812 Y63.167 E.06074
G1 X34.7 Y66.105 E.14771
G1 X33.787 Y67.019 E.06074
G1 X33.233 Y67.228 E.02784
G1 X33.233 Y64.92 E.10855
G1 X37.026 Y-77.617 F30000
SET_VELOCITY_LIMIT ACCEL=2500
;TYPE:Bridge
G1 F1500
G1 X33.233 Y-77.617 E.17837
G1 X33.233 Y-77.04 E.02714
G1 X36.767 Y-77.04 E.16616
G1 X36.767 Y-76.463 E.02714
G1 X33.233 Y-76.463 E.16616
G1 X33.233 Y-75.886 E.02714
G1 X36.767 Y-75.886 E.16616
G1 X36.767 Y-75.309 E.02714
G1 X33.233 Y-75.309 E.16616
G1 X33.233 Y-74.732 E.02714
G1 X36.767 Y-74.732 E.16616
G1 X36.767 Y-74.155 E.02714
G1 X33.233 Y-74.155 E.16616
G1 X33.233 Y-73.578 E.02714
G1 X37.026 Y-73.578 E.17837
;LAYER_CHANGE
;Z:4.8
;HEIGHT:0.2
;BEFORE_LAYER_CHANGE
;4.8
G1 E-1.2 F2100
;WIPE_START
G1 F1500
G1 X35.026 Y-73.578
;WIPE_END
;AFTER_LAYER_CHANGE
;4.8
;_SET_FAN_SPEED_CHANGING_LAYER
SET_VELOCITY_LIMIT ACCEL=10000
G17
G3 Z5.2 I-1.217 J-.018 P1  F30000
G1 X32.887 Y72.887 Z5.2
G1 Z4.8
G1 E1.2 F2100
SET_VELOCITY_LIMIT ACCEL=5000
;TYPE:Inner wall
G1 F9000
M106 S255
G1 X32.887 Y-78.113 E7.10073
G1 X37.113 Y-78.113 E.19872
G1 X37.113 Y78.113 E7.34647
G1 X-37.113 Y78.113 E3.49045
G1 X-37.113 Y-78.113 E7.34647
G1 X-32.887 Y-78.113 E.19872
G1 X-32.887 Y72.887 E7.10073
G1 X32.851 Y72.887 E3.09132
SET_VELOCITY_LIMIT ACCEL=10000
G1 X32.31 Y72.31 F30000
SET_VELOCITY_LIMIT ACCEL=5000
;TYPE:Outer wall
G1 F7200
G1 X32.31 Y-78.69 E7.10073
G1 X37.69 Y-78.69 E.25299
M73 P69 R5
G1 X37.69 Y78.69 E7.40074
G1 X-37.69 Y78.69 E3.54472
G1 X-37.69 Y-78.69 E7.40074
G1 X-32.31 Y-78.69 E.25299
G1 X-32.31 Y72.31 E7.10073
G1 X32.274 Y72.31 E3.03704
SET_VELOCITY_LIMIT ACCEL=10000
G1 E-1.2 F2100
;WIPE_START
G1 F7200
G1 X32.274 Y70.31
;WIPE_END
G1 X32.095 Y77.767 Z5.2 F30000
G1 Z4.8
G1 E1.2 F2100
;TYPE:Sparse infill
G1 F6000
G1 X34.403 Y77.767 E.10855
G1 X36.165 Y74.919 E.15747
G1 X36.767 Y74.334 E.03947
G1 X36.767 Y68.458 E.27632
G1 X36.165 Y69.043 E.03947
G1 X34.347 Y71.981 E.16248
G1 X33.787 Y72.541 E.03722
G1 X33.233 Y72.884 E.03063
G1 X33.233 Y73.233 E.01644
G1 X32.669 Y73.233 E.02656
G1 X30.849 Y74.359 E.10062
G1 X30.289 Y74.919 E.03722
G1 X28.527 Y77.767 E.15747
G1 X22.651 Y77.767 E.27632
G1 X24.413 Y74.919 E.15747
G1 X24.973 Y74.359 E.03722
G1 X26.792 Y73.233 E.10062
G1 X20.916 Y73.233 E.27632
G1 X19.097 Y74.359 E.10062
G1 X18.537 Y74.919 E.03722
G1 X16.775 Y77.767 E.15747
G1 X10.899 Y77.767 E.27632
G1 X12.661 Y74.919 E.15747
G1 X13.221 Y74.359 E.03722
G1 X15.04 Y73.233 E.10062
G1 X9.164 Y73.233 E.27632
G1 X7.345 Y74.359 E.10062
G1 X6.785 Y74.919 E.03722
G1 X5.023 Y77.767 E.15747
G1 X-.853 Y77.767 E.27632
G1 X.909 Y74.919 E.15747
G1 X1.469 Y74.359 E.03722
G1 X3.288 Y73.233 E.10062
G1 X-2.588 Y73.233 E.27632
G1 X-4.407 Y74.359 E.10062
G1 X-4.967 Y74.919 E.03722
G1 X-6.729 Y77.767 E.15747
G1 X-12.605 Y77.767 E.27632
G1 X-10.843 Y74.919 E.15747
G1 X-10.283 Y74.359 E.03722
G1 X-8.464 Y73.233 E.10062
G1 X-14.34 Y73.233 E.27632
G1 X-16.159 Y74.359 E.10062
G1 X-16.719 Y74.919 E.03722
G1 X-18.481 Y77.767 E.15747
G1 X-24.357 Y77.767 E.27632
G1 X-22.595 Y74.919 E.15747
G1 X-22.035 Y74.359 E.03722
G1 X-20.216 Y73.233 E.10062
G1 X-17.907 Y73.233 E.10855
G1 X-27.925 Y77.767 F30000
G1 F6000
G1 X-30.233 Y77.767 E.10855
G1 X-28.471 Y74.919 E.15747
G1 X-27.911 Y74.359 E.03722
G1 X-26.092 Y73.233 E.10062
G1 X-31.968 Y73.233 E.27632
G1 X-33.787 Y74.359 E.10062
G1 X-34.347 Y74.919 E.03722
G1 X-36.109 Y77.767 E.15747
G1 X-36.767 Y77.767 E.03091
G1 X-36.767 Y72.567 E.24453
G1 X-36.165 Y71.981 E.03947
G1 X-34.347 Y69.043 E.16248
G1 X-33.787 Y68.483 E.03722
G1 X-33.233 Y68.141 E.03063
G1 X-33.233 Y62.265 E.27632
G1 X-33.787 Y62.607 E.03063
G1 X-34.347 Y63.167 E.03722
G1 X-36.165 Y66.105 E.16248
G1 X-36.767 Y66.691 E.03947
G1 X-36.767 Y64.382 E.10855
G1 X-33.233 Y58.697 F30000
G1 F6000
G1 X-33.233 Y56.389 E.10855
G1 X-33.787 Y56.731 E.03063
G1 X-34.347 Y57.291 E.03722
G1 X-36.165 Y60.229 E.16248
G1 X-36.767 Y60.815 E.03947
G1 X-36.767 Y54.939 E.27632
G1 X-36.165 Y54.353 E.03947
G1 X-34.347 Y51.415 E.16248
G1 X-33.787 Y50.855 E.03722
G1 X-33.233 Y50.513 E.03063
G1 X-33.233 Y44.637 E.27632
G1 X-33.787 Y44.979 E.03063
G1 X-34.347 Y45.539 E.03722
G1 X-36.165 Y48.477 E.16248
G1 X-36.767 Y49.063 E.03947
G1 X-36.767 Y43.187 E.27632
G1 X-36.165 Y42.601 E.03947
G1 X-34.347 Y39.663 E.16248
G1 X-33.787 Y39.103 E.03722
G1 X-33.233 Y38.761 E.03063
G1 X-33.233 Y41.069 E.10855
G1 X-36.767 Y39.619 F30000
G1 F6000
G1 X-36.767 Y37.311 E.10855
G1 X-36.165 Y36.725 E.03947
G1 X-34.347 Y33.787 E.16248
G1 X-33.787 Y33.227 E.03722
G1 X-33.233 Y32.885 E.03063
G1 X-33.233 Y27.009 E.27632
G1 X-33.787 Y27.351 E.03063
G1 X-34.347 Y27.911 E.03722
G1 X-36.165 Y30.849 E.16248
G1 X-36.767 Y31.435 E.03947
G1 X-36.767 Y25.559 E.27632
G1 X-36.165 Y24.973 E.03947
G1 X-34.347 Y22.035 E.16248
G1 X-33.787 Y21.475 E.03722
G1 X-33.233 Y21.133 E.03063
G1 X-33.233 Y15.257 E.27632
G1 X-33.787 Y15.599 E.03063
G1 X-34.347 Y16.159 E.03722
G1 X-36.165 Y19.097 E.16248
G1 X-36.767 Y19.683 E.03947
G1 X-36.767 Y17.374 E.10855
G1 X-33.233 Y11.689 F30000
G1 F6000
G1 X-33.233 Y9.381 E.10855
G1 X-33.787 Y9.723 E.03063
G1 X-34.347 Y10.283 E.03722
G1 X-36.165 Y13.221 E.16248
G1 X-36.767 Y13.807 E.03947
G1 X-36.767 Y7.93 E.27632
G1 X-36.165 Y7.345 E.03947
G1 X-34.347 Y4.407 E.16248
G1 X-33.787 Y3.847 E.03722
G1 X-33.233 Y3.505 E.03063
G1 X-33.233 Y5.813 E.10855
G1 X-36.767 Y-.254 F30000
G1 F6000
G1 X-36.767 Y2.054 E.10855
G1 X-36.165 Y1.469 E.03947
G1 X-34.347 Y-1.469 E.16248
G1 X-33.787 Y-2.029 E.03722
G1 X-33.233 Y-2.372 E.03063
G1 X-33.233 Y-8.248 E.27632
G1 X-33.787 Y-7.905 E.03063
M73 P70 R5
G1 X-34.347 Y-7.345 E.03722
G1 X-36.165 Y-4.407 E.16248
G1 X-36.767 Y-3.822 E.03947
G1 X-36.767 Y-9.698 E.27632
G1 X-36.165 Y-10.283 E.03947
G1 X-34.347 Y-13.221 E.16248
G1 X-33.787 Y-13.781 E.03722
G1 X-33.233 Y-14.124 E.03063
G1 X-33.233 Y-20 E.27632
G1 X-33.787 Y-19.657 E.03063
G1 X-34.347 Y-19.097 E.03722
G1 X-36.165 Y-16.159 E.16248
G1 X-36.767 Y-15.574 E.03947
G1 X-36.767 Y-21.45 E.27632
G1 X-36.165 Y-22.035 E.03947
G1 X-34.347 Y-24.973 E.16248
G1 X-33.787 Y-25.533 E.03722
G1 X-33.233 Y-25.876 E.03063
G1 X-33.233 Y-31.752 E.27632
G1 X-33.787 Y-31.409 E.03063
G1 X-34.347 Y-30.849 E.03722
G1 X-36.165 Y-27.911 E.16248
G1 X-36.767 Y-27.326 E.03947
G1 X-36.767 Y-33.202 E.27632
G1 X-36.165 Y-33.787 E.03947
G1 X-34.347 Y-36.725 E.16248
G1 X-33.787 Y-37.285 E.03722
G1 X-33.233 Y-37.628 E.03063
G1 X-33.233 Y-43.504 E.27632
G1 X-33.787 Y-43.161 E.03063
G1 X-34.347 Y-42.601 E.03722
G1 X-36.165 Y-39.663 E.16248
G1 X-36.767 Y-39.078 E.03947
G1 X-36.767 Y-44.954 E.27632
G1 X-36.165 Y-45.539 E.03947
G1 X-34.347 Y-48.477 E.16248
G1 X-33.787 Y-49.037 E.03722
G1 X-33.233 Y-49.38 E.03063
G1 X-33.233 Y-55.256 E.27632
G1 X-33.787 Y-54.913 E.03063
G1 X-34.347 Y-54.353 E.03722
G1 X-36.165 Y-51.415 E.16248
G1 X-36.767 Y-50.83 E.03947
G1 X-36.767 Y-56.706 E.27632
G1 X-36.165 Y-57.291 E.03947
G1 X-34.347 Y-60.229 E.16248
G1 X-33.787 Y-60.789 E.03722
G1 X-33.233 Y-61.132 E.03063
G1 X-33.233 Y-67.008 E.27632
G1 X-33.787 Y-66.665 E.03063
G1 X-34.347 Y-66.105 E.03722
G1 X-36.165 Y-63.167 E.16248
G1 X-36.767 Y-62.582 E.03947
G1 X-36.767 Y-68.458 E.27632
G1 X-36.165 Y-69.043 E.03947
G1 X-34.347 Y-71.981 E.16248
G1 X-33.787 Y-72.541 E.03722
G1 X-33.544 Y-72.692 E.01345
G1 X-33.659 Y-72.807 E.00769
G1 X-34.422 Y-72.63 E.03681
G1 X-34.976 Y-72.583 E.02615
G1 X-35.533 Y-72.623 E.02627
G1 X-35.775 Y-72.676 E.01161
G1 X-34.777 Y-72.917 F30000
SET_VELOCITY_LIMIT ACCEL=7000
;TYPE:Internal solid infill
;WIDTH:0.634428
G1 F9000
G1 X-33.233 Y-74.461 E.10522
G1 X-33.233 Y-75.297 E.04032
G1 X-35.343 Y-73.187 E.14383
G1 X-35.469 Y-73.197 E.00605
G1 X-36.038 Y-73.329 E.02817
G1 X-33.233 Y-76.134 E.19117
G1 X-33.233 Y-76.97 E.04032
G1 X-36.767 Y-73.437 E.24085
G1 X-36.767 Y-74.273 E.04032
G1 X-33.273 Y-77.767 E.23812
G1 X-34.11 Y-77.767 E.04032
G1 X-36.767 Y-75.11 E.1811
G1 X-36.767 Y-75.947 E.04032
G1 X-34.947 Y-77.767 E.12407
G1 X-35.783 Y-77.767 E.04032
G1 X-37.026 Y-76.523 E.08475
SET_VELOCITY_LIMIT ACCEL=10000
G1 X-36.569 Y-77.656 F30000
SET_VELOCITY_LIMIT ACCEL=7000
;WIDTH:0.55292
G1 F9000
G1 X-36.633 Y-77.656 E.00265
G1 X-36.665 Y-77.601 E.00265
G1 X-36.633 Y-77.546 E.00265
G1 X-36.569 Y-77.546 E.00265
G1 X-36.555 Y-77.57 E.00115
SET_VELOCITY_LIMIT ACCEL=10000
G1 X-33.458 Y-73.473 F30000
SET_VELOCITY_LIMIT ACCEL=7000
;WIDTH:0.687802
G1 F9000
G1 X-33.538 Y-73.473 E.00424
G1 X-33.579 Y-73.403 E.00424
G1 X-33.538 Y-73.333 E.00424
G1 X-33.458 Y-73.333 E.00424
G1 X-33.435 Y-73.372 E.00234
SET_VELOCITY_LIMIT ACCEL=10000
G1 E-1.2 F2100
;WIPE_START
G1 F9000
G1 X-33.458 Y-73.333
G1 X-33.538 Y-73.333
G1 X-33.579 Y-73.403
G1 X-33.538 Y-73.473
G1 X-33.458 Y-73.473
;WIPE_END
G1 X-25.833 Y-73.127 Z5.2 F30000
G1 X33.233 Y-70.449 Z5.2
G1 Z4.8
G1 E1.2 F2100
;TYPE:Sparse infill
;WIDTH:0.62
G1 F6000
G1 X33.233 Y-68.141 E.10855
G1 X33.787 Y-68.483 E.03063
G1 X34.347 Y-69.043 E.03722
G1 X36.165 Y-71.981 E.16248
G1 X36.767 Y-72.567 E.03947
G1 X36.767 Y-66.691 E.27632
G1 X36.165 Y-66.105 E.03947
G1 X34.347 Y-63.167 E.16248
G1 X33.787 Y-62.607 E.03722
G1 X33.233 Y-62.265 E.03063
G1 X33.233 Y-56.389 E.27632
G1 X33.787 Y-56.731 E.03063
G1 X34.347 Y-57.291 E.03722
G1 X36.165 Y-60.229 E.16248
G1 X36.767 Y-60.815 E.03947
G1 X36.767 Y-54.939 E.27632
G1 X36.165 Y-54.353 E.03947
G1 X34.347 Y-51.415 E.16248
G1 X33.787 Y-50.855 E.03722
G1 X33.233 Y-50.513 E.03063
G1 X33.233 Y-44.637 E.27632
G1 X33.787 Y-44.979 E.03063
G1 X34.347 Y-45.539 E.03722
G1 X36.165 Y-48.477 E.16248
G1 X36.767 Y-49.063 E.03947
G1 X36.767 Y-46.754 E.10855
G1 X33.233 Y-41.069 F30000
G1 F6000
G1 X33.233 Y-38.761 E.10855
G1 X33.787 Y-39.103 E.03063
G1 X34.347 Y-39.663 E.03722
G1 X36.165 Y-42.601 E.16248
G1 X36.767 Y-43.187 E.03947
G1 X36.767 Y-37.311 E.27632
G1 X36.165 Y-36.725 E.03947
G1 X34.347 Y-33.787 E.16248
G1 X33.787 Y-33.227 E.03722
G1 X33.233 Y-32.885 E.03063
G1 X33.233 Y-27.009 E.27632
G1 X33.787 Y-27.351 E.03063
G1 X34.347 Y-27.911 E.03722
G1 X36.165 Y-30.849 E.16248
G1 X36.767 Y-31.435 E.03947
G1 X36.767 Y-25.559 E.27632
G1 X36.165 Y-24.973 E.03947
G1 X34.347 Y-22.035 E.16248
G1 X33.787 Y-21.475 E.03722
G1 X33.233 Y-21.133 E.03063
G1 X33.233 Y-15.257 E.27632
G1 X33.787 Y-15.599 E.03063
G1 X34.347 Y-16.159 E.03722
G1 X36.165 Y-19.097 E.16248
G1 X36.767 Y-19.683 E.03947
G1 X36.767 Y-13.807 E.27632
G1 X36.165 Y-13.221 E.03947
G1 X34.347 Y-10.283 E.16248
G1 X33.787 Y-9.723 E.03722
G1 X33.233 Y-9.381 E.03063
G1 X33.233 Y-3.505 E.27632
G1 X33.787 Y-3.847 E.03063
G1 X34.347 Y-4.407 E.03722
G1 X36.165 Y-7.345 E.16248
G1 X36.767 Y-7.93 E.03947
G1 X36.767 Y-2.054 E.27632
G1 X36.165 Y-1.469 E.03947
G1 X34.347 Y1.469 E.16248
G1 X33.787 Y2.029 E.03722
G1 X33.233 Y2.372 E.03063
G1 X33.233 Y.063 E.10855
G1 X36.767 Y6.13 F30000
G1 F6000
G1 X36.767 Y3.822 E.10855
G1 X36.165 Y4.407 E.03947
G1 X34.347 Y7.345 E.16248
G1 X33.787 Y7.905 E.03722
G1 X33.233 Y8.248 E.03063
G1 X33.233 Y14.124 E.27632
G1 X33.787 Y13.781 E.03063
G1 X34.347 Y13.221 E.03722
G1 X36.165 Y10.283 E.16248
G1 X36.767 Y9.698 E.03947
G1 X36.767 Y12.006 E.10855
G1 X33.233 Y17.691 F30000
G1 F6000
G1 X33.233 Y20 E.10855
G1 X33.787 Y19.657 E.03063
G1 X34.347 Y19.097 E.03722
G1 X36.165 Y16.159 E.16248
G1 X36.767 Y15.574 E.03947
G1 X36.767 Y21.45 E.27632
G1 X36.165 Y22.035 E.03947
G1 X34.347 Y24.973 E.16248
G1 X33.787 Y25.533 E.03722
G1 X33.233 Y25.876 E.03063
G1 X33.233 Y31.752 E.27632
G1 X33.787 Y31.409 E.03063
G1 X34.347 Y30.849 E.03722
G1 X36.165 Y27.911 E.16248
G1 X36.767 Y27.326 E.03947
G1 X36.767 Y33.202 E.27632
G1 X36.165 Y33.787 E.03947
G1 X34.347 Y36.725 E.16248
G1 X33.787 Y37.285 E.03722
G1 X33.233 Y37.628 E.03063
G1 X33.233 Y35.319 E.10855
G1 X36.767 Y41.386 F30000
G1 F6000
G1 X36.767 Y39.078 E.10855
G1 X36.165 Y39.663 E.03947
G1 X34.347 Y42.601 E.16248
G1 X33.787 Y43.161 E.03722
G1 X33.233 Y43.504 E.03063
G1 X33.233 Y49.38 E.27632
G1 X33.787 Y49.037 E.03063
G1 X34.347 Y48.477 E.03722
G1 X36.165 Y45.539 E.16248
G1 X36.767 Y44.954 E.03947
G1 X36.767 Y50.83 E.27632
G1 X36.165 Y51.415 E.03947
G1 X34.347 Y54.353 E.16248
G1 X33.787 Y54.913 E.03722
G1 X33.233 Y55.256 E.03063
G1 X33.233 Y61.132 E.27632
G1 X33.787 Y60.789 E.03063
G1 X34.347 Y60.229 E.03722
G1 X36.165 Y57.291 E.16248
G1 X36.767 Y56.706 E.03947
G1 X36.767 Y62.582 E.27632
G1 X36.165 Y63.167 E.03947
G1 X34.347 Y66.105 E.16248
G1 X33.787 Y66.665 E.03722
G1 X33.233 Y67.008 E.03063
G1 X33.233 Y64.699 E.10855
G1 X35.223 Y-72.917 F30000
SET_VELOCITY_LIMIT ACCEL=7000
;TYPE:Internal solid infill
;WIDTH:0.634428
G1 F9000
G1 X36.767 Y-74.461 E.10522
G1 X36.767 Y-75.297 E.04032
G1 X34.657 Y-73.187 E.14383
G1 X34.531 Y-73.197 E.00605
G1 X33.962 Y-73.329 E.02817
G1 X36.767 Y-76.134 E.19117
G1 X36.767 Y-76.97 E.04032
G1 X33.233 Y-73.437 E.24085
G1 X33.233 Y-74.273 E.04032
G1 X36.727 Y-77.767 E.23812
G1 X35.89 Y-77.767 E.04032
G1 X33.233 Y-75.11 E.1811
G1 X33.233 Y-75.947 E.04032
G1 X35.053 Y-77.767 E.12407
G1 X34.217 Y-77.767 E.04032
G1 X32.974 Y-76.523 E.08475
SET_VELOCITY_LIMIT ACCEL=10000
G1 X33.431 Y-77.656 F30000
SET_VELOCITY_LIMIT ACCEL=7000
;WIDTH:0.55292
G1 F9000
G1 X33.367 Y-77.656 E.00265
G1 X33.335 Y-77.601 E.00265
G1 X33.367 Y-77.546 E.00265
G1 X33.431 Y-77.546 E.00265
G1 X33.445 Y-77.57 E.00115
SET_VELOCITY_LIMIT ACCEL=10000
G1 X36.542 Y-73.473 F30000
SET_VELOCITY_LIMIT ACCEL=7000
;WIDTH:0.6878
G1 F9000
G1 X36.462 Y-73.473 E.00424
G1 X36.421 Y-73.403 E.00424
G1 X36.462 Y-73.333 E.00424
G1 X36.542 Y-73.333 E.00424
G1 X36.565 Y-73.372 E.00234
;LAYER_CHANGE
;Z:5
;HEIGHT:0.2
;BEFORE_LAYER_CHANGE
;5
G1 E-1.2 F2100
;WIPE_START
G1 F9000
G1 X36.542 Y-73.333
G1 X36.462 Y-73.333
G1 X36.421 Y-73.403
G1 X36.462 Y-73.473
G1 X36.542 Y-73.473
;WIPE_END
;AFTER_LAYER_CHANGE
;5
;_SET_FAN_SPEED_CHANGING_LAYER
SET_VELOCITY_LIMIT ACCEL=10000
G17
G3 Z5.4 I-1.217 J-.03 P1  F30000
G1 X32.887 Y72.887 Z5.4
G1 Z5
G1 E1.2 F2100
SET_VELOCITY_LIMIT ACCEL=5000
;TYPE:Inner wall
;WIDTH:0.62
G1 F9000
G1 X32.887 Y-78.113 E7.10073
G1 X37.113 Y-78.113 E.19872
G1 X37.113 Y78.113 E7.34647
G1 X-37.113 Y78.113 E3.49045
G1 X-37.113 Y-78.113 E7.34647
M73 P71 R5
G1 X-32.887 Y-78.113 E.19872
M73 P71 R4
G1 X-32.887 Y72.887 E7.10073
G1 X32.851 Y72.887 E3.09132
SET_VELOCITY_LIMIT ACCEL=10000
G1 X32.31 Y72.31 F30000
SET_VELOCITY_LIMIT ACCEL=5000
;TYPE:Outer wall
G1 F7200
G1 X32.31 Y-78.69 E7.10073
G1 X37.69 Y-78.69 E.25299
G1 X37.69 Y78.69 E7.40074
G1 X-37.69 Y78.69 E3.54472
G1 X-37.69 Y-78.69 E7.40074
G1 X-32.31 Y-78.69 E.25299
G1 X-32.31 Y72.31 E7.10073
G1 X32.274 Y72.31 E3.03704
SET_VELOCITY_LIMIT ACCEL=10000
G1 E-1.2 F2100
;WIPE_START
G1 F7200
G1 X32.274 Y70.31
;WIPE_END
G1 X36.19 Y73.146 Z5.4 F30000
G1 Z5
G1 E1.2 F2100
;TYPE:Sparse infill
G1 F6000
G1 X36.19 Y75.455 E.10855
G1 X34.455 Y77.19 E.11537
G1 X28.579 Y77.19 E.27632
G1 X31.958 Y73.81 E.22472
G1 X33.81 Y73.81 E.08711
G1 X33.81 Y71.958 E.08711
G1 X36.19 Y69.579 E.15822
G1 X36.19 Y67.27 E.10855
G1 X33.81 Y63.774 F30000
G1 F6000
G1 X33.81 Y66.082 E.10855
G1 X36.19 Y63.703 E.15822
G1 X36.19 Y57.827 E.27632
G1 X33.81 Y60.206 E.15822
G1 X33.81 Y54.33 E.27632
G1 X36.19 Y51.951 E.15822
G1 X36.19 Y46.075 E.27632
G1 X33.81 Y48.454 E.15822
G1 X33.81 Y42.578 E.27632
G1 X36.19 Y40.199 E.15822
G1 X36.19 Y42.507 E.10855
G1 X33.81 Y39.01 F30000
M73 P72 R4
G1 F6000
G1 X33.81 Y36.702 E.10855
G1 X36.19 Y34.323 E.15822
G1 X36.19 Y28.447 E.27632
G1 X33.81 Y30.826 E.15822
G1 X33.81 Y24.95 E.27632
G1 X36.19 Y22.571 E.15822
G1 X36.19 Y16.695 E.27632
G1 X33.81 Y19.074 E.15822
G1 X33.81 Y13.198 E.27632
G1 X36.19 Y10.819 E.15822
G1 X36.19 Y13.127 E.10855
G1 X33.81 Y5.013 F30000
G1 F6000
G1 X33.81 Y7.322 E.10855
G1 X36.19 Y4.943 E.15822
G1 X36.19 Y-.933 E.27632
G1 X33.81 Y1.446 E.15822
G1 X33.81 Y-4.43 E.27632
G1 X36.19 Y-6.809 E.15822
G1 X36.19 Y-12.686 E.27632
G1 X33.81 Y-10.306 E.15822
G1 X33.81 Y-16.182 E.27632
G1 X36.19 Y-18.562 E.15822
G1 X36.19 Y-16.253 E.10855
G1 X33.81 Y-24.367 F30000
G1 F6000
G1 X33.81 Y-22.058 E.10855
G1 X36.19 Y-24.438 E.15822
G1 X36.19 Y-30.314 E.27632
G1 X33.81 Y-27.934 E.15822
G1 X33.81 Y-33.81 E.27632
G1 X36.19 Y-36.19 E.15822
G1 X36.19 Y-42.066 E.27632
G1 X33.81 Y-39.686 E.15822
G1 X33.81 Y-45.562 E.27632
G1 X36.19 Y-47.942 E.15822
G1 X36.19 Y-45.633 E.10855
G1 X33.81 Y-53.747 F30000
G1 F6000
G1 X33.81 Y-51.438 E.10855
G1 X36.19 Y-53.818 E.15822
G1 X36.19 Y-59.694 E.27632
G1 X33.81 Y-57.314 E.15822
G1 X33.81 Y-63.191 E.27632
G1 X36.19 Y-65.57 E.15822
G1 X36.19 Y-71.446 E.27632
G1 X33.81 Y-69.067 E.15822
G1 X33.81 Y-74.472 E.25417
G1 X33.36 Y-74.343 E.02204
G1 X33.285 Y-74.417 E.00496
G1 X34.073 Y-75.205 E.05238
G1 X34.073 Y-73.897 E.06153
G1 X34.395 Y-73.548 E.02233
G1 X34.976 Y-73.502 E.02741
G1 X35.605 Y-73.548 E.02966
G1 X35.927 Y-73.897 E.02233
G1 X35.927 Y-77.059 E.14873
G1 X36.635 Y-77.767 E.04704
G1 X36.767 Y-77.767 E.00621
G1 X36.767 Y-75.59 E.10233
G1 X34.681 Y-74.135 F30000
SET_VELOCITY_LIMIT ACCEL=7000
;TYPE:Internal solid infill
;WIDTH:0.681583
G1 F9000
G1 X35.319 Y-74.135 E.03324
G1 X35.319 Y-77.505 E.17536
G1 X34.681 Y-77.505 E.03324
G1 X34.681 Y-74.171 E.17352
SET_VELOCITY_LIMIT ACCEL=10000
G1 E-1.2 F2100
;WIPE_START
G1 F9000
G1 X34.681 Y-76.171
;WIPE_END
G1 X27.053 Y-75.912 Z5.4 F30000
G1 X-33.349 Y-73.859 Z5.4
G1 Z5
G1 E1.2 F2100
SET_VELOCITY_LIMIT ACCEL=7000
;WIDTH:0.55292
G1 F9000
G1 X-33.349 Y73.176 E6.11056
G1 X-33.319 Y73.319 E.00609
G1 X-33.176 Y73.349 E.00609
G1 X33.176 Y73.349 E2.75746
G1 X33.319 Y73.319 E.00609
G1 X33.349 Y73.176 E.00609
G1 X33.349 Y-73.823 E6.10906
SET_VELOCITY_LIMIT ACCEL=10000
G1 E-1.2 F2100
;WIPE_START
G1 F9000
G1 X33.349 Y-71.823
;WIPE_END
G1 X25.721 Y-72.083 Z5.4 F30000
G1 X-34.681 Y-74.135 Z5.4
G1 Z5
G1 E1.2 F2100
SET_VELOCITY_LIMIT ACCEL=7000
;WIDTH:0.681583
G1 F9000
G1 X-34.681 Y-77.505 E.17536
G1 X-35.319 Y-77.505 E.03324
G1 X-35.319 Y-74.135 E.17539
G1 X-34.717 Y-74.135 E.03136
SET_VELOCITY_LIMIT ACCEL=10000
G1 X-35.592 Y-73.547 F30000
;TYPE:Sparse infill
;WIDTH:0.62
G1 F6000
G1 X-35.927 Y-73.897 E.02278
G1 X-35.927 Y-75.717 E.08562
G1 X-36.767 Y-74.878 E.05583
G1 X-36.767 Y-74.469 E.01921
G1 X-36.64 Y-74.343 E.00841
G1 X-36.19 Y-74.472 E.02204
G1 X-36.19 Y-69.579 E.23009
G1 X-33.81 Y-71.958 E.15822
G1 X-33.81 Y-66.082 E.27632
G1 X-36.19 Y-63.703 E.15822
G1 X-36.19 Y-57.827 E.27632
G1 X-33.81 Y-60.206 E.15822
G1 X-33.81 Y-54.33 E.27632
G1 X-36.19 Y-51.951 E.15822
G1 X-36.19 Y-49.642 E.10855
G1 X-33.81 Y-46.146 F30000
G1 F6000
G1 X-33.81 Y-48.454 E.10855
G1 X-36.19 Y-46.075 E.15822
G1 X-36.19 Y-40.199 E.27632
G1 X-33.81 Y-42.578 E.15822
G1 X-33.81 Y-36.702 E.27632
G1 X-36.19 Y-34.323 E.15822
G1 X-36.19 Y-28.447 E.27632
G1 X-33.81 Y-30.826 E.15822
G1 X-33.81 Y-24.95 E.27632
G1 X-36.19 Y-22.571 E.15822
G1 X-36.19 Y-16.695 E.27632
G1 X-33.81 Y-19.074 E.15822
G1 X-33.81 Y-16.765 E.10855
G1 X-36.19 Y-13.127 F30000
G1 F6000
G1 X-36.19 Y-10.819 E.10855
G1 X-33.81 Y-13.198 E.15822
G1 X-33.81 Y-7.322 E.27632
G1 X-36.19 Y-4.943 E.15822
G1 X-36.19 Y.933 E.27632
G1 X-33.81 Y-1.446 E.15822
G1 X-33.81 Y4.43 E.27632
G1 X-36.19 Y6.809 E.15822
G1 X-36.19 Y12.686 E.27632
G1 X-33.81 Y10.306 E.15822
G1 X-33.81 Y16.182 E.27632
G1 X-36.19 Y18.562 E.15822
G1 X-36.19 Y24.438 E.27632
G1 X-33.81 Y22.058 E.15822
G1 X-33.81 Y24.367 E.10855
G1 X-36.19 Y28.005 F30000
G1 F6000
G1 X-36.19 Y30.314 E.10855
G1 X-33.81 Y27.934 E.15822
G1 X-33.81 Y33.81 E.27632
G1 X-36.19 Y36.19 E.15822
G1 X-36.19 Y33.881 E.10855
G1 X-33.81 Y41.995 F30000
G1 F6000
G1 X-33.81 Y39.686 E.10855
G1 X-36.19 Y42.066 E.15822
G1 X-36.19 Y47.942 E.27632
G1 X-33.81 Y45.562 E.15822
G1 X-33.81 Y51.438 E.27632
G1 X-36.19 Y53.818 E.15822
G1 X-36.19 Y59.694 E.27632
G1 X-33.81 Y57.314 E.15822
G1 X-33.81 Y63.191 E.27632
G1 X-36.19 Y65.57 E.15822
G1 X-36.19 Y63.261 E.10855
G1 X-33.81 Y71.375 F30000
G1 F6000
G1 X-33.81 Y69.067 E.10855
G1 X-36.19 Y71.446 E.15822
G1 X-36.19 Y77.19 E.2701
G1 X-36.057 Y77.19 E.00621
G1 X-32.678 Y73.81 E.22472
G1 X-26.802 Y73.81 E.27632
G1 X-30.181 Y77.19 E.22472
G1 X-24.305 Y77.19 E.27632
G1 X-20.926 Y73.81 E.22472
G1 X-15.05 Y73.81 E.27632
G1 X-18.429 Y77.19 E.22472
G1 X-12.553 Y77.19 E.27632
G1 X-9.174 Y73.81 E.22472
G1 X-3.298 Y73.81 E.27632
G1 X-6.677 Y77.19 E.22472
G1 X-.801 Y77.19 E.27632
G1 X2.578 Y73.81 E.22472
G1 X8.454 Y73.81 E.27632
G1 X5.075 Y77.19 E.22472
G1 X10.951 Y77.19 E.27632
G1 X14.33 Y73.81 E.22472
G1 X20.206 Y73.81 E.27632
G1 X16.827 Y77.19 E.22472
G1 X22.703 Y77.19 E.27632
G1 X26.082 Y73.81 E.22472
G1 X28.39 Y73.81 E.10855
M73 P73 R4
G1 E-1.2 F2100
;WIPE_START
G1 F6000
G1 X26.39 Y73.81
;WIPE_END
G1 X23.393 Y66.791 Z5.4 F30000
G1 X-36.651 Y-73.859 Z5.4
G1 Z5
G1 E1.2 F2100
SET_VELOCITY_LIMIT ACCEL=7000
;TYPE:Internal solid infill
;WIDTH:0.55292
G1 F9000
G1 X-36.651 Y77.478 E6.28936
G1 X-36.622 Y77.622 E.00609
G1 X-36.478 Y77.651 E.00609
G1 X36.478 Y77.651 E3.03195
G1 X36.622 Y77.622 E.00609
G1 X36.651 Y77.478 E.00609
G1 X36.651 Y-73.823 E6.28787
;LAYER_CHANGE
;Z:5.2
;HEIGHT:0.2
;BEFORE_LAYER_CHANGE
;5.2
G1 E-1.2 F2100
;WIPE_START
G1 F9000
G1 X36.651 Y-71.823
;WIPE_END
;AFTER_LAYER_CHANGE
;5.2
;_SET_FAN_SPEED_CHANGING_LAYER
SET_VELOCITY_LIMIT ACCEL=10000
G17
G3 Z5.6 I-1.217 J-.032 P1  F30000
G1 X32.887 Y72.887 Z5.6
G1 Z5.2
G1 E1.2 F2100
SET_VELOCITY_LIMIT ACCEL=5000
;TYPE:Inner wall
;WIDTH:0.62
G1 F9000
G1 X32.887 Y-78.113 E7.10073
G1 X37.113 Y-78.113 E.19872
G1 X37.113 Y78.113 E7.34647
G1 X-37.113 Y78.113 E3.49045
G1 X-37.113 Y-78.113 E7.34647
G1 X-32.887 Y-78.113 E.19872
G1 X-32.887 Y72.887 E7.10073
G1 X32.851 Y72.887 E3.09132
SET_VELOCITY_LIMIT ACCEL=10000
G1 X32.31 Y72.31 F30000
SET_VELOCITY_LIMIT ACCEL=5000
;TYPE:Outer wall
G1 F7200
G1 X32.31 Y-78.69 E7.10073
G1 X37.69 Y-78.69 E.25299
M73 P74 R4
G1 X37.69 Y78.69 E7.40074
G1 X-37.69 Y78.69 E3.54472
G1 X-37.69 Y-78.69 E7.40074
G1 X-32.31 Y-78.69 E.25299
G1 X-32.31 Y72.31 E7.10073
G1 X32.274 Y72.31 E3.03704
SET_VELOCITY_LIMIT ACCEL=10000
G1 E-1.2 F2100
;WIPE_START
G1 F7200
G1 X32.274 Y70.31
;WIPE_END
G1 X36.089 Y76.921 Z5.6 F30000
G1 X36.725 Y78.023 Z5.6
G1 Z5.2
G1 E1.2 F2100
SET_VELOCITY_LIMIT ACCEL=2500
;TYPE:Internal Bridge
;WIDTH:0.6
;HEIGHT:0.6
G1 F3000
G1 X36.725 Y-73.68 E17.47618
G1 X36.379 Y-73.779 E.04151
G1 X36.075 Y-73.709 E.0359
G1 X36.075 Y77.73 E17.4458
G1 X35.425 Y77.73 E.07488
M73 P75 R4
G1 X35.425 Y-73.558 E17.42843
G1 X35 Y-73.523 E.04913
G1 X34.775 Y-73.54 E.02601
G1 X34.775 Y77.73 E17.42638
G1 X34.125 Y77.73 E.07488
G1 X34.125 Y-73.663 E17.44045
G1 X33.621 Y-73.779 E.05954
M73 P76 R4
G1 X33.475 Y-73.737 E.01756
G1 X33.475 Y77.73 E17.44907
G1 X32.825 Y77.73 E.07488
G1 X32.825 Y73.27 E.51384
G1 X32.175 Y73.27 E.07488
G1 X32.175 Y77.73 E.51384
G1 X31.525 Y77.73 E.07488
G1 X31.525 Y73.27 E.51384
G1 X30.875 Y73.27 E.07488
G1 X30.875 Y77.73 E.51384
G1 X30.225 Y77.73 E.07488
G1 X30.225 Y73.27 E.51384
G1 X29.575 Y73.27 E.07488
G1 X29.575 Y77.73 E.51384
G1 X28.925 Y77.73 E.07488
G1 X28.925 Y73.27 E.51384
G1 X28.275 Y73.27 E.07488
G1 X28.275 Y77.73 E.51384
G1 X27.625 Y77.73 E.07488
G1 X27.625 Y73.27 E.51384
G1 X26.975 Y73.27 E.07488
G1 X26.975 Y77.73 E.51384
G1 X26.325 Y77.73 E.07488
G1 X26.325 Y73.27 E.51384
G1 X25.675 Y73.27 E.07488
G1 X25.675 Y77.73 E.51384
G1 X25.025 Y77.73 E.07488
G1 X25.025 Y73.27 E.51384
G1 X24.375 Y73.27 E.07488
G1 X24.375 Y77.73 E.51384
G1 X23.725 Y77.73 E.07488
G1 X23.725 Y73.27 E.51384
G1 X23.075 Y73.27 E.07488
G1 X23.075 Y77.73 E.51384
G1 X22.425 Y77.73 E.07488
G1 X22.425 Y73.27 E.51384
G1 X21.775 Y73.27 E.07488
G1 X21.775 Y77.73 E.51384
G1 X21.125 Y77.73 E.07488
G1 X21.125 Y73.27 E.51384
G1 X20.475 Y73.27 E.07488
G1 X20.475 Y77.73 E.51384
G1 X19.825 Y77.73 E.07488
G1 X19.825 Y73.27 E.51384
G1 X19.175 Y73.27 E.07488
G1 X19.175 Y77.73 E.51384
G1 X18.525 Y77.73 E.07488
G1 X18.525 Y73.27 E.51384
G1 X17.875 Y73.27 E.07488
G1 X17.875 Y77.73 E.51384
G1 X17.225 Y77.73 E.07488
G1 X17.225 Y73.27 E.51384
G1 X16.575 Y73.27 E.07488
G1 X16.575 Y77.73 E.51384
G1 X15.925 Y77.73 E.07488
G1 X15.925 Y73.27 E.51384
G1 X15.275 Y73.27 E.07488
G1 X15.275 Y77.73 E.51384
G1 X14.625 Y77.73 E.07488
G1 X14.625 Y73.27 E.51384
G1 X13.975 Y73.27 E.07488
G1 X13.975 Y77.73 E.51384
G1 X13.325 Y77.73 E.07488
G1 X13.325 Y73.27 E.51384
G1 X12.675 Y73.27 E.07488
G1 X12.675 Y77.73 E.51384
G1 X12.025 Y77.73 E.07488
G1 X12.025 Y73.27 E.51384
G1 X11.375 Y73.27 E.07488
G1 X11.375 Y77.73 E.51384
G1 X10.725 Y77.73 E.07488
G1 X10.725 Y73.27 E.51384
G1 X10.075 Y73.27 E.07488
G1 X10.075 Y77.73 E.51384
G1 X9.425 Y77.73 E.07488
G1 X9.425 Y73.27 E.51384
G1 X8.775 Y73.27 E.07488
G1 X8.775 Y77.73 E.51384
G1 X8.125 Y77.73 E.07488
G1 X8.125 Y73.27 E.51384
G1 X7.475 Y73.27 E.07488
G1 X7.475 Y77.73 E.51384
G1 X6.825 Y77.73 E.07488
G1 X6.825 Y73.27 E.51384
G1 X6.175 Y73.27 E.07488
G1 X6.175 Y77.73 E.51384
G1 X5.525 Y77.73 E.07488
G1 X5.525 Y73.27 E.51384
G1 X4.875 Y73.27 E.07488
M73 P76 R3
G1 X4.875 Y77.73 E.51384
G1 X4.225 Y77.73 E.07488
G1 X4.225 Y73.27 E.51384
G1 X3.575 Y73.27 E.07488
G1 X3.575 Y77.73 E.51384
G1 X2.925 Y77.73 E.07488
G1 X2.925 Y73.27 E.51384
G1 X2.275 Y73.27 E.07488
G1 X2.275 Y77.73 E.51384
G1 X1.625 Y77.73 E.07488
G1 X1.625 Y73.27 E.51384
G1 X.975 Y73.27 E.07488
G1 X.975 Y77.73 E.51384
G1 X.325 Y77.73 E.07488
G1 X.325 Y73.27 E.51384
G1 X-.325 Y73.27 E.07488
G1 X-.325 Y77.73 E.51384
G1 X-.975 Y77.73 E.07488
G1 X-.975 Y73.27 E.51384
G1 X-1.625 Y73.27 E.07488
G1 X-1.625 Y77.73 E.51384
G1 X-2.275 Y77.73 E.07488
G1 X-2.275 Y73.27 E.51384
G1 X-2.925 Y73.27 E.07488
G1 X-2.925 Y77.73 E.51384
M73 P77 R3
G1 X-3.575 Y77.73 E.07488
G1 X-3.575 Y73.27 E.51384
G1 X-4.225 Y73.27 E.07488
G1 X-4.225 Y77.73 E.51384
G1 X-4.875 Y77.73 E.07488
G1 X-4.875 Y73.27 E.51384
G1 X-5.525 Y73.27 E.07488
G1 X-5.525 Y77.73 E.51384
G1 X-6.175 Y77.73 E.07488
G1 X-6.175 Y73.27 E.51384
G1 X-6.825 Y73.27 E.07488
G1 X-6.825 Y77.73 E.51384
G1 X-7.475 Y77.73 E.07488
G1 X-7.475 Y73.27 E.51384
G1 X-8.125 Y73.27 E.07488
G1 X-8.125 Y77.73 E.51384
G1 X-8.775 Y77.73 E.07488
G1 X-8.775 Y73.27 E.51384
G1 X-9.425 Y73.27 E.07488
G1 X-9.425 Y77.73 E.51384
G1 X-10.075 Y77.73 E.07488
G1 X-10.075 Y73.27 E.51384
G1 X-10.725 Y73.27 E.07488
G1 X-10.725 Y77.73 E.51384
G1 X-11.375 Y77.73 E.07488
G1 X-11.375 Y73.27 E.51384
G1 X-12.025 Y73.27 E.07488
G1 X-12.025 Y77.73 E.51384
G1 X-12.675 Y77.73 E.07488
G1 X-12.675 Y73.27 E.51384
G1 X-13.325 Y73.27 E.07488
G1 X-13.325 Y77.73 E.51384
G1 X-13.975 Y77.73 E.07488
G1 X-13.975 Y73.27 E.51384
G1 X-14.625 Y73.27 E.07488
G1 X-14.625 Y77.73 E.51384
G1 X-15.275 Y77.73 E.07488
G1 X-15.275 Y73.27 E.51384
G1 X-15.925 Y73.27 E.07488
G1 X-15.925 Y77.73 E.51384
G1 X-16.575 Y77.73 E.07488
G1 X-16.575 Y73.27 E.51384
G1 X-17.225 Y73.27 E.07488
G1 X-17.225 Y77.73 E.51384
G1 X-17.875 Y77.73 E.07488
G1 X-17.875 Y73.27 E.51384
G1 X-18.525 Y73.27 E.07488
G1 X-18.525 Y77.73 E.51384
G1 X-19.175 Y77.73 E.07488
G1 X-19.175 Y73.27 E.51384
G1 X-19.825 Y73.27 E.07488
G1 X-19.825 Y77.73 E.51384
G1 X-20.475 Y77.73 E.07488
G1 X-20.475 Y73.27 E.51384
G1 X-21.125 Y73.27 E.07488
G1 X-21.125 Y77.73 E.51384
G1 X-21.775 Y77.73 E.07488
G1 X-21.775 Y73.27 E.51384
G1 X-22.425 Y73.27 E.07488
G1 X-22.425 Y77.73 E.51384
G1 X-23.075 Y77.73 E.07488
G1 X-23.075 Y73.27 E.51384
G1 X-23.725 Y73.27 E.07488
G1 X-23.725 Y77.73 E.51384
G1 X-24.375 Y77.73 E.07488
G1 X-24.375 Y73.27 E.51384
G1 X-25.025 Y73.27 E.07488
G1 X-25.025 Y77.73 E.51384
G1 X-25.675 Y77.73 E.07488
G1 X-25.675 Y73.27 E.51384
G1 X-26.325 Y73.27 E.07488
G1 X-26.325 Y77.73 E.51384
G1 X-26.975 Y77.73 E.07488
G1 X-26.975 Y73.27 E.51384
G1 X-27.625 Y73.27 E.07488
G1 X-27.625 Y77.73 E.51384
G1 X-28.275 Y77.73 E.07488
G1 X-28.275 Y73.27 E.51384
G1 X-28.925 Y73.27 E.07488
G1 X-28.925 Y77.73 E.51384
G1 X-29.575 Y77.73 E.07488
G1 X-29.575 Y73.27 E.51384
G1 X-30.225 Y73.27 E.07488
G1 X-30.225 Y77.73 E.51384
G1 X-30.875 Y77.73 E.07488
G1 X-30.875 Y73.27 E.51384
G1 X-31.525 Y73.27 E.07488
G1 X-31.525 Y77.73 E.51384
G1 X-32.175 Y77.73 E.07488
G1 X-32.175 Y73.27 E.51384
G1 X-32.825 Y73.27 E.07488
G1 X-32.825 Y77.73 E.51384
G1 X-33.475 Y77.73 E.07488
G1 X-33.475 Y-73.737 E17.44908
G1 X-33.621 Y-73.779 E.01755
G1 X-34.125 Y-73.663 E.05955
G1 X-34.125 Y77.73 E17.44045
G1 X-34.775 Y77.73 E.07488
M73 P78 R3
G1 X-34.775 Y-73.54 E17.42638
G1 X-35 Y-73.523 E.026
G1 X-35.425 Y-73.558 E.04914
G1 X-35.425 Y77.73 E17.42843
G1 X-36.075 Y77.73 E.07488
G1 X-36.075 Y-73.709 E17.4458
G1 X-36.379 Y-73.779 E.03589
M73 P79 R3
G1 X-36.725 Y-73.68 E.04152
G1 X-36.725 Y78.023 E17.47618
SET_VELOCITY_LIMIT ACCEL=10000
G1 X-33.464 Y-74.373 F30000
SET_VELOCITY_LIMIT ACCEL=7000
;TYPE:Internal solid infill
;WIDTH:0.619999
;HEIGHT:0.2
G1 F9000
M106 S255
G1 X-33.464 Y-76.75 E.11178
G1 X-35.913 Y-74.301 E.16283
G1 X-35.318 Y-74.163 E.0287
G1 X-34.722 Y-74.16 E.02804
G1 X-33.678 Y-74.396 E.05031
G1 X-33.5 Y-74.376 E.00843
SET_VELOCITY_LIMIT ACCEL=10000
G1 X-34.128 Y-75.109 F30000
SET_VELOCITY_LIMIT ACCEL=7000
;WIDTH:0.901828
G1 F8732.018
G1 X-34.236 Y-75.109 E.00751
G1 X-34.29 Y-75.016 E.00751
G1 X-34.236 Y-74.923 E.00751
G1 X-34.128 Y-74.923 E.00751
G1 X-34.093 Y-74.985 E.00499
SET_VELOCITY_LIMIT ACCEL=10000
G1 X-32.974 Y-77.995 F30000
SET_VELOCITY_LIMIT ACCEL=7000
;WIDTH:0.648857
G1 F9000
G1 X-36.64 Y-74.343 E.25554
G1 X-36.767 Y-74.469 E.00883
G1 X-36.767 Y-75.059 E.02913
G1 X-34.059 Y-77.767 E.18908
G1 X-34.916 Y-77.767 E.04231
G1 X-36.767 Y-75.916 E.12924
G1 X-36.767 Y-76.773 E.04231
G1 X-35.513 Y-78.026 E.08753
SET_VELOCITY_LIMIT ACCEL=10000
G1 X-36.569 Y-77.656 F30000
SET_VELOCITY_LIMIT ACCEL=7000
;WIDTH:0.55292
G1 F9000
G1 X-36.633 Y-77.656 E.00265
G1 X-36.665 Y-77.601 E.00265
G1 X-36.633 Y-77.546 E.00265
G1 X-36.569 Y-77.546 E.00265
G1 X-36.555 Y-77.57 E.00115
SET_VELOCITY_LIMIT ACCEL=10000
G1 E-1.2 F2100
;WIPE_START
G1 F9000
G1 X-36.569 Y-77.546
G1 X-36.633 Y-77.546
G1 X-36.665 Y-77.601
G1 X-36.633 Y-77.656
G1 X-36.569 Y-77.656
;WIPE_END
G1 X-28.937 Y-77.656 Z5.6 F30000
G1 X33.431 Y-77.656 Z5.6
G1 Z5.2
G1 E1.2 F2100
SET_VELOCITY_LIMIT ACCEL=7000
G1 F9000
G1 X33.367 Y-77.656 E.00265
G1 X33.335 Y-77.601 E.00265
G1 X33.367 Y-77.546 E.00265
G1 X33.431 Y-77.546 E.00265
G1 X33.445 Y-77.57 E.00115
SET_VELOCITY_LIMIT ACCEL=10000
G1 X34.087 Y-74.301 F30000
SET_VELOCITY_LIMIT ACCEL=7000
;WIDTH:0.619999
G1 F9000
G1 X34.682 Y-74.163 E.0287
G1 X35.278 Y-74.16 E.02804
G1 X36.322 Y-74.396 E.05031
G1 X36.536 Y-74.373 E.01012
G1 X36.536 Y-76.75 E.11178
G1 X34.113 Y-74.327 E.16114
SET_VELOCITY_LIMIT ACCEL=10000
G1 X35.872 Y-75.109 F30000
SET_VELOCITY_LIMIT ACCEL=7000
;WIDTH:0.901826
G1 F8732.038
G1 X35.764 Y-75.109 E.00751
G1 X35.71 Y-75.016 E.00751
G1 X35.764 Y-74.923 E.00751
G1 X35.872 Y-74.923 E.00751
G1 X35.907 Y-74.985 E.00499
SET_VELOCITY_LIMIT ACCEL=10000
G1 X37.026 Y-77.995 F30000
SET_VELOCITY_LIMIT ACCEL=7000
;WIDTH:0.648857
G1 F9000
G1 X33.36 Y-74.343 E.25554
G1 X33.233 Y-74.469 E.00883
G1 X33.233 Y-75.059 E.02913
G1 X35.941 Y-77.767 E.18908
G1 X35.084 Y-77.767 E.04231
G1 X33.233 Y-75.916 E.12924
G1 X33.233 Y-76.773 E.04231
G1 X34.487 Y-78.026 E.08753
;LAYER_CHANGE
;Z:5.4
;HEIGHT:0.2
;BEFORE_LAYER_CHANGE
;5.4
G1 E-1.2 F2100
;WIPE_START
G1 F9000
G1 X33.233 Y-76.773
G1 X33.233 Y-76.546
;WIPE_END
;AFTER_LAYER_CHANGE
;5.4
;_SET_FAN_SPEED_CHANGING_LAYER
SET_VELOCITY_LIMIT ACCEL=10000
G17
G3 Z5.8 I-1.217 J-.003 P1  F30000
G1 X32.887 Y72.887 Z5.8
G1 Z5.4
G1 E1.2 F2100
SET_VELOCITY_LIMIT ACCEL=5000
;TYPE:Inner wall
;WIDTH:0.62
G1 F9000
G1 X32.887 Y-78.113 E7.10073
G1 X37.113 Y-78.113 E.19872
G1 X37.113 Y78.113 E7.34647
G1 X-37.113 Y78.113 E3.49045
G1 X-37.113 Y-78.113 E7.34647
G1 X-32.887 Y-78.113 E.19872
G1 X-32.887 Y72.887 E7.10073
G1 X32.851 Y72.887 E3.09132
M73 P80 R3
SET_VELOCITY_LIMIT ACCEL=10000
G1 X32.31 Y72.31 F30000
SET_VELOCITY_LIMIT ACCEL=5000
;TYPE:Outer wall
G1 F7200
G1 X32.31 Y-78.69 E7.10073
G1 X37.69 Y-78.69 E.25299
G1 X37.69 Y78.69 E7.40074
G1 X-37.69 Y78.69 E3.54472
G1 X-37.69 Y-78.69 E7.40074
G1 X-32.31 Y-78.69 E.25299
G1 X-32.31 Y72.31 E7.10073
G1 X32.274 Y72.31 E3.03704
SET_VELOCITY_LIMIT ACCEL=10000
G1 E-1.2 F2100
;WIPE_START
G1 F7200
G1 X32.274 Y70.31
;WIPE_END
G1 X24.684 Y71.108 Z5.8 F30000
G1 X-36.569 Y77.546 Z5.8
G1 Z5.4
G1 E1.2 F2100
SET_VELOCITY_LIMIT ACCEL=7000
;TYPE:Internal solid infill
;WIDTH:0.55292
G1 F9000
G1 X-36.633 Y77.546 E.00265
G1 X-36.665 Y77.601 E.00265
G1 X-36.633 Y77.656 E.00265
G1 X-36.569 Y77.656 E.00265
G1 X-36.555 Y77.632 E.00115
SET_VELOCITY_LIMIT ACCEL=10000
G1 X-33.438 Y-77.589 F30000
SET_VELOCITY_LIMIT ACCEL=7000
;WIDTH:0.643482
G1 F9000
G1 X-33.513 Y-77.589 E.00367
G1 X-33.551 Y-77.524 E.00367
G1 X-33.513 Y-77.459 E.00367
G1 X-33.438 Y-77.459 E.00367
G1 X-33.419 Y-77.493 E.00191
SET_VELOCITY_LIMIT ACCEL=10000
G1 E-1.2 F2100
;WIPE_START
G1 F9000
G1 X-33.438 Y-77.459
G1 X-33.513 Y-77.459
G1 X-33.551 Y-77.524
G1 X-33.513 Y-77.589
G1 X-33.438 Y-77.589
;WIPE_END
G1 X-25.806 Y-77.638 Z5.8 F30000
G1 X34.64 Y-78.026 Z5.8
G1 Z5.4
G1 E1.2 F2100
SET_VELOCITY_LIMIT ACCEL=7000
;WIDTH:0.620414
G1 F9000
G1 X36.767 Y-75.9 E.14153
G1 X36.767 Y-75.083 E.03843
G1 X34.083 Y-77.767 E.1786
G1 X33.266 Y-77.767 E.03843
G1 X36.767 Y-74.266 E.23295
G1 X36.767 Y-73.45 E.03843
G1 X33.233 Y-76.983 E.23515
G1 X33.233 Y-76.166 E.03843
G1 X36.767 Y-72.633 E.23515
G1 X36.767 Y-71.816 E.03843
G1 X33.233 Y-75.35 E.23515
G1 X33.233 Y-74.533 E.03843
G1 X36.767 Y-70.999 E.23515
G1 X36.767 Y-70.183 E.03843
G1 X33.233 Y-73.716 E.23515
G1 X33.233 Y-72.899 E.03843
G1 X36.767 Y-69.366 E.23515
G1 X36.767 Y-68.549 E.03843
G1 X33.233 Y-72.083 E.23515
G1 X33.233 Y-71.266 E.03843
G1 X36.767 Y-67.733 E.23515
G1 X36.767 Y-66.916 E.03843
G1 X33.233 Y-70.449 E.23515
G1 X33.233 Y-69.633 E.03843
G1 X36.767 Y-66.099 E.23515
G1 X36.767 Y-65.283 E.03843
G1 X33.233 Y-68.816 E.23515
G1 X33.233 Y-67.999 E.03843
G1 X36.767 Y-64.466 E.23515
G1 X36.767 Y-63.649 E.03843
G1 X33.233 Y-67.183 E.23515
G1 X33.233 Y-66.366 E.03843
G1 X36.767 Y-62.832 E.23515
G1 X36.767 Y-62.016 E.03843
G1 X33.233 Y-65.549 E.23515
G1 X33.233 Y-64.732 E.03843
G1 X36.767 Y-61.199 E.23515
G1 X36.767 Y-60.382 E.03843
G1 X33.233 Y-63.916 E.23515
G1 X33.233 Y-63.099 E.03843
G1 X36.767 Y-59.566 E.23515
G1 X36.767 Y-58.749 E.03843
G1 X33.233 Y-62.282 E.23515
G1 X33.233 Y-61.466 E.03843
G1 X36.767 Y-57.932 E.23515
G1 X36.767 Y-57.116 E.03843
G1 X33.233 Y-60.649 E.23515
M73 P81 R3
G1 X33.233 Y-59.832 E.03843
G1 X36.767 Y-56.299 E.23515
G1 X36.767 Y-55.482 E.03843
G1 X33.233 Y-59.016 E.23515
G1 X33.233 Y-58.199 E.03843
G1 X36.767 Y-54.665 E.23515
G1 X36.767 Y-53.849 E.03843
G1 X33.233 Y-57.382 E.23515
G1 X33.233 Y-56.565 E.03843
G1 X36.767 Y-53.032 E.23515
G1 X36.767 Y-52.215 E.03843
G1 X33.233 Y-55.749 E.23515
G1 X33.233 Y-54.932 E.03843
G1 X36.767 Y-51.399 E.23515
G1 X36.767 Y-50.582 E.03843
G1 X33.233 Y-54.115 E.23515
G1 X33.233 Y-53.299 E.03843
G1 X36.767 Y-49.765 E.23515
G1 X36.767 Y-48.949 E.03843
G1 X33.233 Y-52.482 E.23515
G1 X33.233 Y-51.665 E.03843
G1 X36.767 Y-48.132 E.23515
G1 X36.767 Y-47.315 E.03843
G1 X33.233 Y-50.849 E.23515
G1 X33.233 Y-50.032 E.03843
G1 X36.767 Y-46.498 E.23515
G1 X36.767 Y-45.682 E.03843
G1 X33.233 Y-49.215 E.23515
G1 X33.233 Y-48.398 E.03843
G1 X36.767 Y-44.865 E.23515
G1 X36.767 Y-44.048 E.03843
G1 X33.233 Y-47.582 E.23515
G1 X33.233 Y-46.765 E.03843
G1 X36.767 Y-43.232 E.23515
G1 X36.767 Y-42.415 E.03843
G1 X33.233 Y-45.948 E.23515
G1 X33.233 Y-45.132 E.03843
G1 X36.767 Y-41.598 E.23515
G1 X36.767 Y-40.782 E.03843
G1 X33.233 Y-44.315 E.23515
G1 X33.233 Y-43.498 E.03843
G1 X36.767 Y-39.965 E.23515
G1 X36.767 Y-39.148 E.03843
G1 X33.233 Y-42.682 E.23515
G1 X33.233 Y-41.865 E.03843
G1 X36.767 Y-38.331 E.23515
G1 X36.767 Y-37.515 E.03843
G1 X33.233 Y-41.048 E.23515
G1 X33.233 Y-40.231 E.03843
G1 X36.767 Y-36.698 E.23515
G1 X36.767 Y-35.881 E.03843
G1 X33.233 Y-39.415 E.23515
G1 X33.233 Y-38.598 E.03843
G1 X36.767 Y-35.065 E.23515
G1 X36.767 Y-34.248 E.03843
G1 X33.233 Y-37.781 E.23515
G1 X33.233 Y-36.965 E.03843
G1 X36.767 Y-33.431 E.23515
G1 X36.767 Y-32.615 E.03843
G1 X33.233 Y-36.148 E.23515
G1 X33.233 Y-35.331 E.03843
G1 X36.767 Y-31.798 E.23515
G1 X36.767 Y-30.981 E.03843
G1 X33.233 Y-34.515 E.23515
G1 X33.233 Y-33.698 E.03843
G1 X36.767 Y-30.164 E.23515
G1 X36.767 Y-29.348 E.03843
G1 X33.233 Y-32.881 E.23515
G1 X33.233 Y-32.064 E.03843
G1 X36.767 Y-28.531 E.23515
G1 X36.767 Y-27.714 E.03843
G1 X33.233 Y-31.248 E.23515
G1 X33.233 Y-30.431 E.03843
G1 X36.767 Y-26.898 E.23515
G1 X36.767 Y-26.081 E.03843
G1 X33.233 Y-29.614 E.23515
G1 X33.233 Y-28.798 E.03843
G1 X36.767 Y-25.264 E.23515
G1 X36.767 Y-24.448 E.03843
G1 X33.233 Y-27.981 E.23515
G1 X33.233 Y-27.164 E.03843
G1 X36.767 Y-23.631 E.23515
G1 X36.767 Y-22.814 E.03843
G1 X33.233 Y-26.348 E.23515
G1 X33.233 Y-25.531 E.03843
G1 X36.767 Y-21.997 E.23515
G1 X36.767 Y-21.181 E.03843
G1 X33.233 Y-24.714 E.23515
G1 X33.233 Y-23.897 E.03843
G1 X36.767 Y-20.364 E.23515
G1 X36.767 Y-19.547 E.03843
G1 X33.233 Y-23.081 E.23515
G1 X33.233 Y-22.264 E.03843
G1 X36.767 Y-18.731 E.23515
G1 X36.767 Y-17.914 E.03843
G1 X33.233 Y-21.447 E.23515
G1 X33.233 Y-20.631 E.03843
G1 X36.767 Y-17.097 E.23515
G1 X36.767 Y-16.281 E.03843
G1 X33.233 Y-19.814 E.23515
G1 X33.233 Y-18.997 E.03843
G1 X36.767 Y-15.464 E.23515
G1 X36.767 Y-14.647 E.03843
G1 X33.233 Y-18.181 E.23515
G1 X33.233 Y-17.364 E.03843
G1 X36.767 Y-13.83 E.23515
G1 X36.767 Y-13.014 E.03843
G1 X33.233 Y-16.547 E.23515
G1 X33.233 Y-15.73 E.03843
G1 X36.767 Y-12.197 E.23515
G1 X36.767 Y-11.38 E.03843
G1 X33.233 Y-14.914 E.23515
G1 X33.233 Y-14.097 E.03843
G1 X36.767 Y-10.564 E.23515
G1 X36.767 Y-9.747 E.03843
G1 X33.233 Y-13.28 E.23515
G1 X33.233 Y-12.464 E.03843
G1 X36.767 Y-8.93 E.23515
G1 X36.767 Y-8.114 E.03843
G1 X33.233 Y-11.647 E.23515
G1 X33.233 Y-10.83 E.03843
G1 X36.767 Y-7.297 E.23515
G1 X36.767 Y-6.48 E.03843
G1 X33.233 Y-10.014 E.23515
G1 X33.233 Y-9.197 E.03843
G1 X36.767 Y-5.663 E.23515
G1 X36.767 Y-4.847 E.03843
G1 X33.233 Y-8.38 E.23515
G1 X33.233 Y-7.563 E.03843
G1 X36.767 Y-4.03 E.23515
G1 X36.767 Y-3.213 E.03843
G1 X33.233 Y-6.747 E.23515
G1 X33.233 Y-5.93 E.03843
G1 X36.767 Y-2.397 E.23515
G1 X36.767 Y-1.58 E.03843
G1 X33.233 Y-5.113 E.23515
G1 X33.233 Y-4.297 E.03843
G1 X36.767 Y-.763 E.23515
G1 X36.767 Y.053 E.03843
G1 X33.233 Y-3.48 E.23515
G1 X33.233 Y-2.663 E.03843
G1 X36.767 Y.87 E.23515
G1 X36.767 Y1.687 E.03843
G1 X33.233 Y-1.847 E.23515
G1 X33.233 Y-1.03 E.03843
G1 X36.767 Y2.504 E.23515
G1 X36.767 Y3.32 E.03843
G1 X33.233 Y-.213 E.23515
G1 X33.233 Y.604 E.03843
G1 X36.767 Y4.137 E.23515
G1 X36.767 Y4.954 E.03843
G1 X33.233 Y1.42 E.23515
G1 X33.233 Y2.237 E.03843
G1 X36.767 Y5.77 E.23515
G1 X36.767 Y6.587 E.03843
G1 X33.233 Y3.054 E.23515
G1 X33.233 Y3.87 E.03843
G1 X36.767 Y7.404 E.23515
G1 X36.767 Y8.22 E.03843
G1 X33.233 Y4.687 E.23515
G1 X33.233 Y5.504 E.03843
G1 X36.767 Y9.037 E.23515
G1 X36.767 Y9.854 E.03843
G1 X33.233 Y6.32 E.23515
G1 X33.233 Y7.137 E.03843
G1 X36.767 Y10.671 E.23515
G1 X36.767 Y11.487 E.03843
G1 X33.233 Y7.954 E.23515
G1 X33.233 Y8.771 E.03843
G1 X36.767 Y12.304 E.23515
G1 X36.767 Y13.121 E.03843
G1 X33.233 Y9.587 E.23515
G1 X33.233 Y10.404 E.03843
G1 X36.767 Y13.937 E.23515
G1 X36.767 Y14.754 E.03843
G1 X33.233 Y11.221 E.23515
G1 X33.233 Y12.037 E.03843
G1 X36.767 Y15.571 E.23515
G1 X36.767 Y16.387 E.03843
G1 X33.233 Y12.854 E.23515
G1 X33.233 Y13.671 E.03843
G1 X36.767 Y17.204 E.23515
G1 X36.767 Y18.021 E.03843
G1 X33.233 Y14.487 E.23515
G1 X33.233 Y15.304 E.03843
G1 X36.767 Y18.838 E.23515
G1 X36.767 Y19.654 E.03843
G1 X33.233 Y16.121 E.23515
G1 X33.233 Y16.938 E.03843
G1 X36.767 Y20.471 E.23515
G1 X36.767 Y21.288 E.03843
G1 X33.233 Y17.754 E.23515
G1 X33.233 Y18.571 E.03843
G1 X36.767 Y22.104 E.23515
G1 X36.767 Y22.921 E.03843
G1 X33.233 Y19.388 E.23515
G1 X33.233 Y20.204 E.03843
G1 X36.767 Y23.738 E.23515
G1 X36.767 Y24.554 E.03843
G1 X33.233 Y21.021 E.23515
G1 X33.233 Y21.838 E.03843
G1 X36.767 Y25.371 E.23515
G1 X36.767 Y26.188 E.03843
G1 X33.233 Y22.654 E.23515
G1 X33.233 Y23.471 E.03843
G1 X36.767 Y27.005 E.23515
G1 X36.767 Y27.821 E.03843
G1 X33.233 Y24.288 E.23515
G1 X33.233 Y25.105 E.03843
G1 X36.767 Y28.638 E.23515
G1 X36.767 Y29.455 E.03843
G1 X33.233 Y25.921 E.23515
G1 X33.233 Y26.738 E.03843
G1 X36.767 Y30.271 E.23515
G1 X36.767 Y31.088 E.03843
G1 X33.233 Y27.555 E.23515
G1 X33.233 Y28.371 E.03843
G1 X36.767 Y31.905 E.23515
G1 X36.767 Y32.721 E.03843
G1 X33.233 Y29.188 E.23515
G1 X33.233 Y30.005 E.03843
G1 X36.767 Y33.538 E.23515
G1 X36.767 Y34.355 E.03843
G1 X33.233 Y30.821 E.23515
G1 X33.233 Y31.638 E.03843
G1 X36.767 Y35.172 E.23515
G1 X36.767 Y35.988 E.03843
G1 X33.233 Y32.455 E.23515
G1 X33.233 Y33.272 E.03843
G1 X36.767 Y36.805 E.23515
G1 X36.767 Y37.622 E.03843
G1 X33.233 Y34.088 E.23515
G1 X33.233 Y34.905 E.03843
G1 X36.767 Y38.438 E.23515
G1 X36.767 Y39.255 E.03843
G1 X33.233 Y35.722 E.23515
G1 X33.233 Y36.538 E.03843
G1 X36.767 Y40.072 E.23515
G1 X36.767 Y40.888 E.03843
G1 X33.233 Y37.355 E.23515
G1 X33.233 Y38.172 E.03843
G1 X36.767 Y41.705 E.23515
G1 X36.767 Y42.522 E.03843
G1 X33.233 Y38.988 E.23515
G1 X33.233 Y39.805 E.03843
G1 X36.767 Y43.339 E.23515
G1 X36.767 Y44.155 E.03843
G1 X33.233 Y40.622 E.23515
G1 X33.233 Y41.439 E.03843
G1 X36.767 Y44.972 E.23515
G1 X36.767 Y45.789 E.03843
G1 X33.233 Y42.255 E.23515
G1 X33.233 Y43.072 E.03843
G1 X36.767 Y46.605 E.23515
G1 X36.767 Y47.422 E.03843
G1 X33.233 Y43.889 E.23515
G1 X33.233 Y44.705 E.03843
G1 X36.767 Y48.239 E.23515
G1 X36.767 Y49.055 E.03843
G1 X33.233 Y45.522 E.23515
G1 X33.233 Y46.339 E.03843
G1 X36.767 Y49.872 E.23515
G1 X36.767 Y50.689 E.03843
G1 X33.233 Y47.155 E.23515
G1 X33.233 Y47.972 E.03843
G1 X36.767 Y51.506 E.23515
G1 X36.767 Y52.322 E.03843
G1 X33.233 Y48.789 E.23515
G1 X33.233 Y49.606 E.03843
G1 X36.767 Y53.139 E.23515
G1 X36.767 Y53.956 E.03843
G1 X33.233 Y50.422 E.23515
G1 X33.233 Y51.239 E.03843
G1 X36.767 Y54.772 E.23515
G1 X36.767 Y55.589 E.03843
G1 X33.233 Y52.056 E.23515
G1 X33.233 Y52.872 E.03843
G1 X36.767 Y56.406 E.23515
G1 X36.767 Y57.222 E.03843
G1 X33.233 Y53.689 E.23515
G1 X33.233 Y54.506 E.03843
G1 X36.767 Y58.039 E.23515
G1 X36.767 Y58.856 E.03843
G1 X33.233 Y55.322 E.23515
G1 X33.233 Y56.139 E.03843
G1 X36.767 Y59.673 E.23515
G1 X36.767 Y60.489 E.03843
G1 X33.233 Y56.956 E.23515
G1 X33.233 Y57.773 E.03843
M73 P82 R3
G1 X36.767 Y61.306 E.23515
G1 X36.767 Y62.123 E.03843
G1 X33.233 Y58.589 E.23515
G1 X33.233 Y59.406 E.03843
G1 X36.767 Y62.939 E.23515
G1 X36.767 Y63.756 E.03843
G1 X33.233 Y60.223 E.23515
G1 X33.233 Y61.039 E.03843
G1 X36.767 Y64.573 E.23515
G1 X36.767 Y65.389 E.03843
G1 X33.233 Y61.856 E.23515
G1 X33.233 Y62.673 E.03843
G1 X36.767 Y66.206 E.23515
G1 X36.767 Y67.023 E.03843
G1 X33.233 Y63.489 E.23515
G1 X33.233 Y64.306 E.03843
G1 X36.767 Y67.84 E.23515
G1 X36.767 Y68.656 E.03843
G1 X33.233 Y65.123 E.23515
G1 X33.233 Y65.94 E.03843
G1 X36.767 Y69.473 E.23515
G1 X36.767 Y70.29 E.03843
G1 X33.233 Y66.756 E.23515
G1 X33.233 Y67.573 E.03843
G1 X36.767 Y71.106 E.23515
G1 X36.767 Y71.923 E.03843
G1 X33.233 Y68.39 E.23515
G1 X33.233 Y69.206 E.03843
G1 X36.767 Y72.74 E.23515
G1 X36.767 Y73.556 E.03843
G1 X33.233 Y70.023 E.23515
G1 X33.233 Y70.84 E.03843
G1 X36.767 Y74.373 E.23515
G1 X36.767 Y75.19 E.03843
G1 X33.233 Y71.656 E.23515
G1 X33.233 Y72.473 E.03843
G1 X36.767 Y76.007 E.23515
G1 X36.767 Y76.823 E.03843
G1 X33.177 Y73.233 E.23891
G1 X32.36 Y73.233 E.03843
G1 X36.767 Y77.64 E.29326
G1 X36.767 Y77.767 E.00597
G1 X36.077 Y77.767 E.03247
G1 X31.543 Y73.233 E.3017
G1 X30.727 Y73.233 E.03843
G1 X35.26 Y77.767 E.3017
G1 X34.443 Y77.767 E.03843
G1 X29.91 Y73.233 E.3017
G1 X29.093 Y73.233 E.03843
G1 X33.627 Y77.767 E.3017
G1 X32.81 Y77.767 E.03843
G1 X28.277 Y73.233 E.3017
G1 X27.46 Y73.233 E.03843
G1 X31.993 Y77.767 E.3017
G1 X31.177 Y77.767 E.03843
G1 X26.643 Y73.233 E.3017
G1 X25.827 Y73.233 E.03843
G1 X30.36 Y77.767 E.3017
G1 X29.543 Y77.767 E.03843
G1 X25.01 Y73.233 E.3017
G1 X24.193 Y73.233 E.03843
G1 X28.726 Y77.767 E.3017
G1 X27.91 Y77.767 E.03843
G1 X23.376 Y73.233 E.3017
G1 X22.56 Y73.233 E.03843
G1 X27.093 Y77.767 E.3017
G1 X26.276 Y77.767 E.03843
G1 X21.743 Y73.233 E.3017
G1 X20.926 Y73.233 E.03843
G1 X25.46 Y77.767 E.3017
G1 X24.643 Y77.767 E.03843
G1 X20.11 Y73.233 E.3017
G1 X19.293 Y73.233 E.03843
G1 X23.826 Y77.767 E.3017
G1 X23.01 Y77.767 E.03843
G1 X18.476 Y73.233 E.3017
G1 X17.66 Y73.233 E.03843
G1 X22.193 Y77.767 E.3017
G1 X21.376 Y77.767 E.03843
G1 X16.843 Y73.233 E.3017
G1 X16.026 Y73.233 E.03843
G1 X20.559 Y77.767 E.3017
G1 X19.743 Y77.767 E.03843
G1 X15.209 Y73.233 E.3017
G1 X14.393 Y73.233 E.03843
G1 X18.926 Y77.767 E.3017
G1 X18.109 Y77.767 E.03843
G1 X13.576 Y73.233 E.3017
G1 X12.759 Y73.233 E.03843
G1 X17.293 Y77.767 E.3017
G1 X16.476 Y77.767 E.03843
G1 X11.943 Y73.233 E.3017
G1 X11.126 Y73.233 E.03843
G1 X15.659 Y77.767 E.3017
G1 X14.843 Y77.767 E.03843
G1 X10.309 Y73.233 E.3017
G1 X9.493 Y73.233 E.03843
G1 X14.026 Y77.767 E.3017
G1 X13.209 Y77.767 E.03843
G1 X8.676 Y73.233 E.3017
G1 X7.859 Y73.233 E.03843
G1 X12.392 Y77.767 E.3017
G1 X11.576 Y77.767 E.03843
G1 X7.042 Y73.233 E.3017
G1 X6.226 Y73.233 E.03843
G1 X10.759 Y77.767 E.3017
G1 X9.942 Y77.767 E.03843
G1 X5.409 Y73.233 E.3017
G1 X4.592 Y73.233 E.03843
G1 X9.126 Y77.767 E.3017
G1 X8.309 Y77.767 E.03843
G1 X3.776 Y73.233 E.3017
G1 X2.959 Y73.233 E.03843
G1 X7.492 Y77.767 E.3017
G1 X6.676 Y77.767 E.03843
G1 X2.142 Y73.233 E.3017
G1 X1.326 Y73.233 E.03843
G1 X5.859 Y77.767 E.3017
G1 X5.042 Y77.767 E.03843
G1 X.509 Y73.233 E.3017
G1 X-.308 Y73.233 E.03843
G1 X4.225 Y77.767 E.3017
G1 X3.409 Y77.767 E.03843
G1 X-1.125 Y73.233 E.3017
G1 X-1.941 Y73.233 E.03843
G1 X2.592 Y77.767 E.3017
G1 X1.775 Y77.767 E.03843
G1 X-2.758 Y73.233 E.3017
G1 X-3.575 Y73.233 E.03843
G1 X.959 Y77.767 E.3017
G1 X.142 Y77.767 E.03843
G1 X-4.391 Y73.233 E.3017
G1 X-5.208 Y73.233 E.03843
G1 X-.675 Y77.767 E.3017
G1 X-1.491 Y77.767 E.03843
G1 X-6.025 Y73.233 E.3017
G1 X-6.841 Y73.233 E.03843
G1 X-2.308 Y77.767 E.3017
G1 X-3.125 Y77.767 E.03843
G1 X-7.658 Y73.233 E.3017
G1 X-8.475 Y73.233 E.03843
G1 X-3.942 Y77.767 E.3017
G1 X-4.758 Y77.767 E.03843
G1 X-9.292 Y73.233 E.3017
G1 X-10.108 Y73.233 E.03843
G1 X-5.575 Y77.767 E.3017
G1 X-6.392 Y77.767 E.03843
G1 X-10.925 Y73.233 E.3017
G1 X-11.742 Y73.233 E.03843
G1 X-7.208 Y77.767 E.3017
G1 X-8.025 Y77.767 E.03843
G1 X-12.558 Y73.233 E.3017
G1 X-13.375 Y73.233 E.03843
G1 X-8.842 Y77.767 E.3017
G1 X-9.658 Y77.767 E.03843
G1 X-14.192 Y73.233 E.3017
G1 X-15.008 Y73.233 E.03843
G1 X-10.475 Y77.767 E.3017
G1 X-11.292 Y77.767 E.03843
G1 X-15.825 Y73.233 E.3017
G1 X-16.642 Y73.233 E.03843
G1 X-12.109 Y77.767 E.3017
G1 X-12.925 Y77.767 E.03843
G1 X-17.459 Y73.233 E.3017
G1 X-18.275 Y73.233 E.03843
G1 X-13.742 Y77.767 E.3017
G1 X-14.559 Y77.767 E.03843
G1 X-19.092 Y73.233 E.3017
G1 X-19.909 Y73.233 E.03843
G1 X-15.375 Y77.767 E.3017
G1 X-16.192 Y77.767 E.03843
M73 P82 R2
G1 X-20.725 Y73.233 E.3017
G1 X-21.542 Y73.233 E.03843
G1 X-17.009 Y77.767 E.3017
G1 X-17.825 Y77.767 E.03843
G1 X-22.359 Y73.233 E.3017
G1 X-23.175 Y73.233 E.03843
G1 X-18.642 Y77.767 E.3017
G1 X-19.459 Y77.767 E.03843
G1 X-23.992 Y73.233 E.3017
G1 X-24.809 Y73.233 E.03843
G1 X-20.276 Y77.767 E.3017
G1 X-21.092 Y77.767 E.03843
G1 X-25.626 Y73.233 E.3017
G1 X-26.442 Y73.233 E.03843
G1 X-21.909 Y77.767 E.3017
G1 X-22.726 Y77.767 E.03843
G1 X-27.259 Y73.233 E.3017
G1 X-28.076 Y73.233 E.03843
G1 X-23.542 Y77.767 E.3017
G1 X-24.359 Y77.767 E.03843
G1 X-28.892 Y73.233 E.3017
G1 X-29.709 Y73.233 E.03843
G1 X-25.176 Y77.767 E.3017
G1 X-25.992 Y77.767 E.03843
G1 X-30.526 Y73.233 E.3017
G1 X-31.342 Y73.233 E.03843
G1 X-26.809 Y77.767 E.3017
G1 X-27.626 Y77.767 E.03843
G1 X-32.419 Y72.974 E.31898
SET_VELOCITY_LIMIT ACCEL=10000
G1 X-32.974 Y-76.22 F30000
SET_VELOCITY_LIMIT ACCEL=7000
G1 F9000
G1 X-34.52 Y-77.767 E.1029
G1 X-35.337 Y-77.767 E.03843
G1 X-33.233 Y-75.663 E.13997
G1 X-33.233 Y-74.847 E.03843
G1 X-36.153 Y-77.767 E.19432
G1 X-36.767 Y-77.767 E.02887
G1 X-36.767 Y-77.563 E.00956
G1 X-33.233 Y-74.03 E.23515
G1 X-33.233 Y-73.213 E.03843
G1 X-36.767 Y-76.747 E.23515
G1 X-36.767 Y-75.93 E.03843
G1 X-33.233 Y-72.397 E.23515
G1 X-33.233 Y-71.58 E.03843
G1 X-36.767 Y-75.113 E.23515
G1 X-36.767 Y-74.297 E.03843
G1 X-33.233 Y-70.763 E.23515
G1 X-33.233 Y-69.947 E.03843
G1 X-36.767 Y-73.48 E.23515
G1 X-36.767 Y-72.663 E.03843
G1 X-33.233 Y-69.13 E.23515
G1 X-33.233 Y-68.313 E.03843
G1 X-36.767 Y-71.847 E.23515
G1 X-36.767 Y-71.03 E.03843
G1 X-33.233 Y-67.496 E.23515
G1 X-33.233 Y-66.68 E.03843
G1 X-36.767 Y-70.213 E.23515
G1 X-36.767 Y-69.396 E.03843
G1 X-33.233 Y-65.863 E.23515
G1 X-33.233 Y-65.046 E.03843
G1 X-36.767 Y-68.58 E.23515
G1 X-36.767 Y-67.763 E.03843
G1 X-33.233 Y-64.23 E.23515
G1 X-33.233 Y-63.413 E.03843
G1 X-36.767 Y-66.946 E.23515
G1 X-36.767 Y-66.13 E.03843
G1 X-33.233 Y-62.596 E.23515
G1 X-33.233 Y-61.78 E.03843
G1 X-36.767 Y-65.313 E.23515
G1 X-36.767 Y-64.496 E.03843
G1 X-33.233 Y-60.963 E.23515
G1 X-33.233 Y-60.146 E.03843
G1 X-36.767 Y-63.68 E.23515
G1 X-36.767 Y-62.863 E.03843
G1 X-33.233 Y-59.329 E.23515
G1 X-33.233 Y-58.513 E.03843
G1 X-36.767 Y-62.046 E.23515
G1 X-36.767 Y-61.229 E.03843
G1 X-33.233 Y-57.696 E.23515
G1 X-33.233 Y-56.879 E.03843
G1 X-36.767 Y-60.413 E.23515
G1 X-36.767 Y-59.596 E.03843
G1 X-33.233 Y-56.063 E.23515
G1 X-33.233 Y-55.246 E.03843
G1 X-36.767 Y-58.779 E.23515
G1 X-36.767 Y-57.963 E.03843
G1 X-33.233 Y-54.429 E.23515
G1 X-33.233 Y-53.613 E.03843
G1 X-36.767 Y-57.146 E.23515
G1 X-36.767 Y-56.329 E.03843
G1 X-33.233 Y-52.796 E.23515
G1 X-33.233 Y-51.979 E.03843
M73 P83 R2
G1 X-36.767 Y-55.513 E.23515
G1 X-36.767 Y-54.696 E.03843
G1 X-33.233 Y-51.162 E.23515
G1 X-33.233 Y-50.346 E.03843
G1 X-36.767 Y-53.879 E.23515
G1 X-36.767 Y-53.062 E.03843
G1 X-33.233 Y-49.529 E.23515
G1 X-33.233 Y-48.712 E.03843
G1 X-36.767 Y-52.246 E.23515
G1 X-36.767 Y-51.429 E.03843
G1 X-33.233 Y-47.896 E.23515
G1 X-33.233 Y-47.079 E.03843
G1 X-36.767 Y-50.612 E.23515
G1 X-36.767 Y-49.796 E.03843
G1 X-33.233 Y-46.262 E.23515
G1 X-33.233 Y-45.446 E.03843
G1 X-36.767 Y-48.979 E.23515
G1 X-36.767 Y-48.162 E.03843
G1 X-33.233 Y-44.629 E.23515
G1 X-33.233 Y-43.812 E.03843
G1 X-36.767 Y-47.346 E.23515
G1 X-36.767 Y-46.529 E.03843
G1 X-33.233 Y-42.995 E.23515
G1 X-33.233 Y-42.179 E.03843
G1 X-36.767 Y-45.712 E.23515
G1 X-36.767 Y-44.895 E.03843
G1 X-33.233 Y-41.362 E.23515
G1 X-33.233 Y-40.545 E.03843
G1 X-36.767 Y-44.079 E.23515
G1 X-36.767 Y-43.262 E.03843
G1 X-33.233 Y-39.729 E.23515
G1 X-33.233 Y-38.912 E.03843
G1 X-36.767 Y-42.445 E.23515
G1 X-36.767 Y-41.629 E.03843
G1 X-33.233 Y-38.095 E.23515
G1 X-33.233 Y-37.279 E.03843
G1 X-36.767 Y-40.812 E.23515
G1 X-36.767 Y-39.995 E.03843
G1 X-33.233 Y-36.462 E.23515
G1 X-33.233 Y-35.645 E.03843
G1 X-36.767 Y-39.179 E.23515
G1 X-36.767 Y-38.362 E.03843
G1 X-33.233 Y-34.828 E.23515
G1 X-33.233 Y-34.012 E.03843
G1 X-36.767 Y-37.545 E.23515
G1 X-36.767 Y-36.728 E.03843
G1 X-33.233 Y-33.195 E.23515
G1 X-33.233 Y-32.378 E.03843
G1 X-36.767 Y-35.912 E.23515
G1 X-36.767 Y-35.095 E.03843
G1 X-33.233 Y-31.562 E.23515
G1 X-33.233 Y-30.745 E.03843
G1 X-36.767 Y-34.278 E.23515
G1 X-36.767 Y-33.462 E.03843
G1 X-33.233 Y-29.928 E.23515
G1 X-33.233 Y-29.112 E.03843
G1 X-36.767 Y-32.645 E.23515
G1 X-36.767 Y-31.828 E.03843
G1 X-33.233 Y-28.295 E.23515
G1 X-33.233 Y-27.478 E.03843
G1 X-36.767 Y-31.012 E.23515
G1 X-36.767 Y-30.195 E.03843
G1 X-33.233 Y-26.661 E.23515
G1 X-33.233 Y-25.845 E.03843
G1 X-36.767 Y-29.378 E.23515
G1 X-36.767 Y-28.561 E.03843
G1 X-33.233 Y-25.028 E.23515
G1 X-33.233 Y-24.211 E.03843
G1 X-36.767 Y-27.745 E.23515
G1 X-36.767 Y-26.928 E.03843
G1 X-33.233 Y-23.395 E.23515
G1 X-33.233 Y-22.578 E.03843
G1 X-36.767 Y-26.111 E.23515
G1 X-36.767 Y-25.295 E.03843
G1 X-33.233 Y-21.761 E.23515
G1 X-33.233 Y-20.945 E.03843
G1 X-36.767 Y-24.478 E.23515
G1 X-36.767 Y-23.661 E.03843
G1 X-33.233 Y-20.128 E.23515
G1 X-33.233 Y-19.311 E.03843
G1 X-36.767 Y-22.845 E.23515
G1 X-36.767 Y-22.028 E.03843
G1 X-33.233 Y-18.494 E.23515
G1 X-33.233 Y-17.678 E.03843
G1 X-36.767 Y-21.211 E.23515
G1 X-36.767 Y-20.394 E.03843
G1 X-33.233 Y-16.861 E.23515
G1 X-33.233 Y-16.044 E.03843
G1 X-36.767 Y-19.578 E.23515
G1 X-36.767 Y-18.761 E.03843
G1 X-33.233 Y-15.228 E.23515
G1 X-33.233 Y-14.411 E.03843
G1 X-36.767 Y-17.944 E.23515
G1 X-36.767 Y-17.128 E.03843
G1 X-33.233 Y-13.594 E.23515
G1 X-33.233 Y-12.778 E.03843
G1 X-36.767 Y-16.311 E.23515
G1 X-36.767 Y-15.494 E.03843
G1 X-33.233 Y-11.961 E.23515
G1 X-33.233 Y-11.144 E.03843
G1 X-36.767 Y-14.678 E.23515
G1 X-36.767 Y-13.861 E.03843
G1 X-33.233 Y-10.327 E.23515
G1 X-33.233 Y-9.511 E.03843
G1 X-36.767 Y-13.044 E.23515
G1 X-36.767 Y-12.227 E.03843
G1 X-33.233 Y-8.694 E.23515
G1 X-33.233 Y-7.877 E.03843
G1 X-36.767 Y-11.411 E.23515
G1 X-36.767 Y-10.594 E.03843
G1 X-33.233 Y-7.061 E.23515
G1 X-33.233 Y-6.244 E.03843
G1 X-36.767 Y-9.777 E.23515
G1 X-36.767 Y-8.961 E.03843
G1 X-33.233 Y-5.427 E.23515
G1 X-33.233 Y-4.611 E.03843
G1 X-36.767 Y-8.144 E.23515
G1 X-36.767 Y-7.327 E.03843
G1 X-33.233 Y-3.794 E.23515
G1 X-33.233 Y-2.977 E.03843
G1 X-36.767 Y-6.511 E.23515
G1 X-36.767 Y-5.694 E.03843
G1 X-33.233 Y-2.16 E.23515
G1 X-33.233 Y-1.344 E.03843
G1 X-36.767 Y-4.877 E.23515
G1 X-36.767 Y-4.06 E.03843
G1 X-33.233 Y-.527 E.23515
G1 X-33.233 Y.29 E.03843
G1 X-36.767 Y-3.244 E.23515
G1 X-36.767 Y-2.427 E.03843
G1 X-33.233 Y1.106 E.23515
G1 X-33.233 Y1.923 E.03843
G1 X-36.767 Y-1.61 E.23515
G1 X-36.767 Y-.794 E.03843
G1 X-33.233 Y2.74 E.23515
G1 X-33.233 Y3.556 E.03843
G1 X-36.767 Y.023 E.23515
G1 X-36.767 Y.84 E.03843
G1 X-33.233 Y4.373 E.23515
G1 X-33.233 Y5.19 E.03843
G1 X-36.767 Y1.656 E.23515
G1 X-36.767 Y2.473 E.03843
G1 X-33.233 Y6.007 E.23515
G1 X-33.233 Y6.823 E.03843
G1 X-36.767 Y3.29 E.23515
G1 X-36.767 Y4.107 E.03843
G1 X-33.233 Y7.64 E.23515
G1 X-33.233 Y8.457 E.03843
G1 X-36.767 Y4.923 E.23515
G1 X-36.767 Y5.74 E.03843
G1 X-33.233 Y9.273 E.23515
G1 X-33.233 Y10.09 E.03843
G1 X-36.767 Y6.557 E.23515
G1 X-36.767 Y7.373 E.03843
G1 X-33.233 Y10.907 E.23515
G1 X-33.233 Y11.723 E.03843
G1 X-36.767 Y8.19 E.23515
G1 X-36.767 Y9.007 E.03843
G1 X-33.233 Y12.54 E.23515
G1 X-33.233 Y13.357 E.03843
G1 X-36.767 Y9.823 E.23515
G1 X-36.767 Y10.64 E.03843
G1 X-33.233 Y14.173 E.23515
G1 X-33.233 Y14.99 E.03843
G1 X-36.767 Y11.457 E.23515
G1 X-36.767 Y12.274 E.03843
G1 X-33.233 Y15.807 E.23515
G1 X-33.233 Y16.624 E.03843
G1 X-36.767 Y13.09 E.23515
G1 X-36.767 Y13.907 E.03843
G1 X-33.233 Y17.44 E.23515
G1 X-33.233 Y18.257 E.03843
G1 X-36.767 Y14.724 E.23515
G1 X-36.767 Y15.54 E.03843
G1 X-33.233 Y19.074 E.23515
G1 X-33.233 Y19.89 E.03843
G1 X-36.767 Y16.357 E.23515
G1 X-36.767 Y17.174 E.03843
G1 X-33.233 Y20.707 E.23515
G1 X-33.233 Y21.524 E.03843
G1 X-36.767 Y17.99 E.23515
G1 X-36.767 Y18.807 E.03843
G1 X-33.233 Y22.34 E.23515
G1 X-33.233 Y23.157 E.03843
G1 X-36.767 Y19.624 E.23515
G1 X-36.767 Y20.441 E.03843
G1 X-33.233 Y23.974 E.23515
G1 X-33.233 Y24.791 E.03843
G1 X-36.767 Y21.257 E.23515
G1 X-36.767 Y22.074 E.03843
G1 X-33.233 Y25.607 E.23515
G1 X-33.233 Y26.424 E.03843
G1 X-36.767 Y22.891 E.23515
G1 X-36.767 Y23.707 E.03843
G1 X-33.233 Y27.241 E.23515
G1 X-33.233 Y28.057 E.03843
G1 X-36.767 Y24.524 E.23515
G1 X-36.767 Y25.341 E.03843
G1 X-33.233 Y28.874 E.23515
G1 X-33.233 Y29.691 E.03843
G1 X-36.767 Y26.157 E.23515
G1 X-36.767 Y26.974 E.03843
G1 X-33.233 Y30.507 E.23515
G1 X-33.233 Y31.324 E.03843
G1 X-36.767 Y27.791 E.23515
G1 X-36.767 Y28.608 E.03843
G1 X-33.233 Y32.141 E.23515
G1 X-33.233 Y32.958 E.03843
G1 X-36.767 Y29.424 E.23515
G1 X-36.767 Y30.241 E.03843
G1 X-33.233 Y33.774 E.23515
G1 X-33.233 Y34.591 E.03843
G1 X-36.767 Y31.058 E.23515
G1 X-36.767 Y31.874 E.03843
G1 X-33.233 Y35.408 E.23515
G1 X-33.233 Y36.224 E.03843
G1 X-36.767 Y32.691 E.23515
G1 X-36.767 Y33.508 E.03843
G1 X-33.233 Y37.041 E.23515
G1 X-33.233 Y37.858 E.03843
G1 X-36.767 Y34.324 E.23515
G1 X-36.767 Y35.141 E.03843
G1 X-33.233 Y38.674 E.23515
G1 X-33.233 Y39.491 E.03843
G1 X-36.767 Y35.958 E.23515
G1 X-36.767 Y36.775 E.03843
G1 X-33.233 Y40.308 E.23515
G1 X-33.233 Y41.125 E.03843
G1 X-36.767 Y37.591 E.23515
G1 X-36.767 Y38.408 E.03843
G1 X-33.233 Y41.941 E.23515
G1 X-33.233 Y42.758 E.03843
G1 X-36.767 Y39.225 E.23515
G1 X-36.767 Y40.041 E.03843
G1 X-33.233 Y43.575 E.23515
G1 X-33.233 Y44.391 E.03843
G1 X-36.767 Y40.858 E.23515
G1 X-36.767 Y41.675 E.03843
G1 X-33.233 Y45.208 E.23515
G1 X-33.233 Y46.025 E.03843
G1 X-36.767 Y42.491 E.23515
G1 X-36.767 Y43.308 E.03843
G1 X-33.233 Y46.841 E.23515
G1 X-33.233 Y47.658 E.03843
G1 X-36.767 Y44.125 E.23515
G1 X-36.767 Y44.942 E.03843
G1 X-33.233 Y48.475 E.23515
G1 X-33.233 Y49.292 E.03843
G1 X-36.767 Y45.758 E.23515
G1 X-36.767 Y46.575 E.03843
G1 X-33.233 Y50.108 E.23515
G1 X-33.233 Y50.925 E.03843
G1 X-36.767 Y47.392 E.23515
G1 X-36.767 Y48.208 E.03843
G1 X-33.233 Y51.742 E.23515
G1 X-33.233 Y52.558 E.03843
G1 X-36.767 Y49.025 E.23515
G1 X-36.767 Y49.842 E.03843
G1 X-33.233 Y53.375 E.23515
G1 X-33.233 Y54.192 E.03843
G1 X-36.767 Y50.658 E.23515
G1 X-36.767 Y51.475 E.03843
G1 X-33.233 Y55.008 E.23515
G1 X-33.233 Y55.825 E.03843
G1 X-36.767 Y52.292 E.23515
G1 X-36.767 Y53.109 E.03843
G1 X-33.233 Y56.642 E.23515
G1 X-33.233 Y57.459 E.03843
G1 X-36.767 Y53.925 E.23515
G1 X-36.767 Y54.742 E.03843
G1 X-33.233 Y58.275 E.23515
G1 X-33.233 Y59.092 E.03843
G1 X-36.767 Y55.559 E.23515
G1 X-36.767 Y56.375 E.03843
G1 X-33.233 Y59.909 E.23515
G1 X-33.233 Y60.725 E.03843
G1 X-36.767 Y57.192 E.23515
G1 X-36.767 Y58.009 E.03843
G1 X-33.233 Y61.542 E.23515
G1 X-33.233 Y62.359 E.03843
G1 X-36.767 Y58.825 E.23515
G1 X-36.767 Y59.642 E.03843
G1 X-33.233 Y63.175 E.23515
G1 X-33.233 Y63.992 E.03843
G1 X-36.767 Y60.459 E.23515
G1 X-36.767 Y61.276 E.03843
G1 X-33.233 Y64.809 E.23515
G1 X-33.233 Y65.626 E.03843
G1 X-36.767 Y62.092 E.23515
G1 X-36.767 Y62.909 E.03843
M73 P84 R2
G1 X-33.233 Y66.442 E.23515
G1 X-33.233 Y67.259 E.03843
G1 X-36.767 Y63.726 E.23515
G1 X-36.767 Y64.542 E.03843
G1 X-33.233 Y68.076 E.23515
G1 X-33.233 Y68.892 E.03843
G1 X-36.767 Y65.359 E.23515
G1 X-36.767 Y66.176 E.03843
G1 X-33.233 Y69.709 E.23515
G1 X-33.233 Y70.526 E.03843
G1 X-36.767 Y66.992 E.23515
G1 X-36.767 Y67.809 E.03843
G1 X-33.233 Y71.342 E.23515
G1 X-33.233 Y72.159 E.03843
G1 X-36.767 Y68.626 E.23515
G1 X-36.767 Y69.443 E.03843
G1 X-28.443 Y77.767 E.55398
G1 X-29.259 Y77.767 E.03843
G1 X-36.767 Y70.259 E.49963
G1 X-36.767 Y71.076 E.03843
G1 X-30.076 Y77.767 E.44527
G1 X-30.893 Y77.767 E.03843
G1 X-36.767 Y71.893 E.39092
G1 X-36.767 Y72.709 E.03843
G1 X-31.709 Y77.767 E.33657
G1 X-32.526 Y77.767 E.03843
G1 X-36.767 Y73.526 E.28222
G1 X-36.767 Y74.343 E.03843
G1 X-33.343 Y77.767 E.22787
G1 X-34.159 Y77.767 E.03843
G1 X-36.767 Y75.159 E.17351
G1 X-36.767 Y75.976 E.03843
G1 X-34.976 Y77.767 E.11916
G1 X-35.793 Y77.767 E.03843
G1 X-37.026 Y76.533 E.08209
SET_VELOCITY_LIMIT ACCEL=10000
G1 E-1.2 F2100
;WIPE_START
G1 F9000
G1 X-35.793 Y77.767
G1 X-35.537 Y77.767
;WIPE_END
G1 X-32.309 Y70.85 Z5.8 F30000
G1 X36.582 Y-76.754 Z5.8
G1 Z5.4
G1 E1.2 F2100
SET_VELOCITY_LIMIT ACCEL=7000
;WIDTH:0.527842
G1 F9000
G1 X36.582 Y-77.582 E.03271
G1 X35.754 Y-77.582 E.03271
G1 X36.556 Y-76.78 E.04484
;LAYER_CHANGE
;Z:5.6
;HEIGHT:0.2
;BEFORE_LAYER_CHANGE
;5.6
G1 E-1.2 F2100
;WIPE_START
G1 F9000
G1 X35.754 Y-77.582
G1 X36.582 Y-77.582
G1 X36.582 Y-77.544
;WIPE_END
;AFTER_LAYER_CHANGE
;5.6
;_SET_FAN_SPEED_CHANGING_LAYER
SET_VELOCITY_LIMIT ACCEL=10000
G17
G3 Z6 I-1.217 J-.03 P1  F30000
G1 X32.887 Y72.887 Z6
G1 Z5.6
G1 E1.2 F2100
SET_VELOCITY_LIMIT ACCEL=5000
;TYPE:Inner wall
;WIDTH:0.62
G1 F9000
G1 X32.887 Y-78.113 E7.10073
G1 X37.113 Y-78.113 E.19872
G1 X37.113 Y78.113 E7.34647
G1 X-37.113 Y78.113 E3.49045
G1 X-37.113 Y-78.113 E7.34647
G1 X-32.887 Y-78.113 E.19872
G1 X-32.887 Y72.887 E7.10073
G1 X32.851 Y72.887 E3.09132
SET_VELOCITY_LIMIT ACCEL=10000
G1 X32.31 Y72.31 F30000
SET_VELOCITY_LIMIT ACCEL=5000
;TYPE:Outer wall
G1 F7200
G1 X32.31 Y-78.69 E7.10073
G1 X37.69 Y-78.69 E.25299
G1 X37.69 Y78.69 E7.40074
G1 X-37.69 Y78.69 E3.54472
M73 P85 R2
G1 X-37.69 Y-78.69 E7.40074
G1 X-32.31 Y-78.69 E.25299
G1 X-32.31 Y72.31 E7.10073
G1 X32.274 Y72.31 E3.03704
SET_VELOCITY_LIMIT ACCEL=10000
G1 E-1.2 F2100
;WIPE_START
G1 F7200
G1 X32.274 Y70.31
;WIPE_END
G1 X34.511 Y77.607 Z6 F30000
G1 X34.64 Y78.026 Z6
G1 Z5.6
G1 E1.2 F2100
SET_VELOCITY_LIMIT ACCEL=7000
;TYPE:Internal solid infill
;WIDTH:0.620414
G1 F9000
G1 X36.767 Y75.9 E.14153
G1 X36.767 Y75.083 E.03843
G1 X34.083 Y77.767 E.1786
G1 X33.266 Y77.767 E.03843
G1 X36.767 Y74.266 E.23295
G1 X36.767 Y73.45 E.03843
G1 X32.45 Y77.767 E.28731
G1 X31.633 Y77.767 E.03843
G1 X36.767 Y72.633 E.34166
G1 X36.767 Y71.816 E.03843
G1 X30.816 Y77.767 E.39601
G1 X29.999 Y77.767 E.03843
G1 X36.767 Y70.999 E.45036
G1 X36.767 Y70.183 E.03843
G1 X29.183 Y77.767 E.50471
G1 X28.366 Y77.767 E.03843
G1 X36.767 Y69.366 E.55907
G1 X36.767 Y68.549 E.03843
G1 X33.233 Y72.083 E.23515
G1 X33.233 Y71.266 E.03843
G1 X36.767 Y67.733 E.23515
G1 X36.767 Y66.916 E.03843
G1 X33.233 Y70.449 E.23515
G1 X33.233 Y69.633 E.03843
G1 X36.767 Y66.099 E.23515
G1 X36.767 Y65.283 E.03843
G1 X33.233 Y68.816 E.23515
G1 X33.233 Y67.999 E.03843
G1 X36.767 Y64.466 E.23515
G1 X36.767 Y63.649 E.03843
G1 X33.233 Y67.183 E.23515
G1 X33.233 Y66.366 E.03843
G1 X36.767 Y62.832 E.23515
G1 X36.767 Y62.016 E.03843
G1 X33.233 Y65.549 E.23515
G1 X33.233 Y64.732 E.03843
G1 X36.767 Y61.199 E.23515
G1 X36.767 Y60.382 E.03843
G1 X33.233 Y63.916 E.23515
G1 X33.233 Y63.099 E.03843
G1 X36.767 Y59.566 E.23515
G1 X36.767 Y58.749 E.03843
G1 X33.233 Y62.282 E.23515
G1 X33.233 Y61.466 E.03843
G1 X36.767 Y57.932 E.23515
G1 X36.767 Y57.116 E.03843
G1 X33.233 Y60.649 E.23515
G1 X33.233 Y59.832 E.03843
G1 X36.767 Y56.299 E.23515
G1 X36.767 Y55.482 E.03843
G1 X33.233 Y59.016 E.23515
G1 X33.233 Y58.199 E.03843
G1 X36.767 Y54.665 E.23515
G1 X36.767 Y53.849 E.03843
G1 X33.233 Y57.382 E.23515
G1 X33.233 Y56.565 E.03843
G1 X36.767 Y53.032 E.23515
G1 X36.767 Y52.215 E.03843
G1 X33.233 Y55.749 E.23515
G1 X33.233 Y54.932 E.03843
G1 X36.767 Y51.399 E.23515
G1 X36.767 Y50.582 E.03843
G1 X33.233 Y54.115 E.23515
G1 X33.233 Y53.299 E.03843
G1 X36.767 Y49.765 E.23515
G1 X36.767 Y48.949 E.03843
G1 X33.233 Y52.482 E.23515
G1 X33.233 Y51.665 E.03843
G1 X36.767 Y48.132 E.23515
G1 X36.767 Y47.315 E.03843
G1 X33.233 Y50.849 E.23515
G1 X33.233 Y50.032 E.03843
G1 X36.767 Y46.498 E.23515
G1 X36.767 Y45.682 E.03843
G1 X33.233 Y49.215 E.23515
G1 X33.233 Y48.398 E.03843
G1 X36.767 Y44.865 E.23515
G1 X36.767 Y44.048 E.03843
G1 X33.233 Y47.582 E.23515
G1 X33.233 Y46.765 E.03843
G1 X36.767 Y43.232 E.23515
G1 X36.767 Y42.415 E.03843
G1 X33.233 Y45.948 E.23515
G1 X33.233 Y45.132 E.03843
G1 X36.767 Y41.598 E.23515
G1 X36.767 Y40.782 E.03843
G1 X33.233 Y44.315 E.23515
G1 X33.233 Y43.498 E.03843
G1 X36.767 Y39.965 E.23515
G1 X36.767 Y39.148 E.03843
G1 X33.233 Y42.682 E.23515
G1 X33.233 Y41.865 E.03843
G1 X36.767 Y38.331 E.23515
G1 X36.767 Y37.515 E.03843
G1 X33.233 Y41.048 E.23515
G1 X33.233 Y40.231 E.03843
G1 X36.767 Y36.698 E.23515
G1 X36.767 Y35.881 E.03843
G1 X33.233 Y39.415 E.23515
G1 X33.233 Y38.598 E.03843
G1 X36.767 Y35.065 E.23515
G1 X36.767 Y34.248 E.03843
G1 X33.233 Y37.781 E.23515
G1 X33.233 Y36.965 E.03843
G1 X36.767 Y33.431 E.23515
G1 X36.767 Y32.615 E.03843
G1 X33.233 Y36.148 E.23515
G1 X33.233 Y35.331 E.03843
G1 X36.767 Y31.798 E.23515
G1 X36.767 Y30.981 E.03843
G1 X33.233 Y34.515 E.23515
G1 X33.233 Y33.698 E.03843
G1 X36.767 Y30.164 E.23515
G1 X36.767 Y29.348 E.03843
G1 X33.233 Y32.881 E.23515
G1 X33.233 Y32.064 E.03843
G1 X36.767 Y28.531 E.23515
G1 X36.767 Y27.714 E.03843
G1 X33.233 Y31.248 E.23515
G1 X33.233 Y30.431 E.03843
G1 X36.767 Y26.898 E.23515
G1 X36.767 Y26.081 E.03843
G1 X33.233 Y29.614 E.23515
G1 X33.233 Y28.798 E.03843
G1 X36.767 Y25.264 E.23515
G1 X36.767 Y24.448 E.03843
G1 X33.233 Y27.981 E.23515
G1 X33.233 Y27.164 E.03843
G1 X36.767 Y23.631 E.23515
G1 X36.767 Y22.814 E.03843
G1 X33.233 Y26.348 E.23515
G1 X33.233 Y25.531 E.03843
G1 X36.767 Y21.997 E.23515
G1 X36.767 Y21.181 E.03843
G1 X33.233 Y24.714 E.23515
G1 X33.233 Y23.897 E.03843
G1 X36.767 Y20.364 E.23515
G1 X36.767 Y19.547 E.03843
G1 X33.233 Y23.081 E.23515
G1 X33.233 Y22.264 E.03843
G1 X36.767 Y18.731 E.23515
G1 X36.767 Y17.914 E.03843
G1 X33.233 Y21.447 E.23515
G1 X33.233 Y20.631 E.03843
G1 X36.767 Y17.097 E.23515
G1 X36.767 Y16.281 E.03843
G1 X33.233 Y19.814 E.23515
G1 X33.233 Y18.997 E.03843
G1 X36.767 Y15.464 E.23515
G1 X36.767 Y14.647 E.03843
G1 X33.233 Y18.181 E.23515
G1 X33.233 Y17.364 E.03843
G1 X36.767 Y13.83 E.23515
G1 X36.767 Y13.014 E.03843
G1 X33.233 Y16.547 E.23515
G1 X33.233 Y15.73 E.03843
G1 X36.767 Y12.197 E.23515
G1 X36.767 Y11.38 E.03843
G1 X33.233 Y14.914 E.23515
G1 X33.233 Y14.097 E.03843
G1 X36.767 Y10.564 E.23515
G1 X36.767 Y9.747 E.03843
M73 P86 R2
G1 X33.233 Y13.28 E.23515
G1 X33.233 Y12.464 E.03843
G1 X36.767 Y8.93 E.23515
G1 X36.767 Y8.114 E.03843
G1 X33.233 Y11.647 E.23515
G1 X33.233 Y10.83 E.03843
G1 X36.767 Y7.297 E.23515
G1 X36.767 Y6.48 E.03843
G1 X33.233 Y10.014 E.23515
G1 X33.233 Y9.197 E.03843
G1 X36.767 Y5.663 E.23515
G1 X36.767 Y4.847 E.03843
G1 X33.233 Y8.38 E.23515
G1 X33.233 Y7.563 E.03843
G1 X36.767 Y4.03 E.23515
G1 X36.767 Y3.213 E.03843
G1 X33.233 Y6.747 E.23515
G1 X33.233 Y5.93 E.03843
G1 X36.767 Y2.397 E.23515
G1 X36.767 Y1.58 E.03843
G1 X33.233 Y5.113 E.23515
G1 X33.233 Y4.297 E.03843
G1 X36.767 Y.763 E.23515
G1 X36.767 Y-.053 E.03843
G1 X33.233 Y3.48 E.23515
G1 X33.233 Y2.663 E.03843
G1 X36.767 Y-.87 E.23515
G1 X36.767 Y-1.687 E.03843
G1 X33.233 Y1.847 E.23515
G1 X33.233 Y1.03 E.03843
G1 X36.767 Y-2.504 E.23515
G1 X36.767 Y-3.32 E.03843
G1 X33.233 Y.213 E.23515
G1 X33.233 Y-.604 E.03843
G1 X36.767 Y-4.137 E.23515
G1 X36.767 Y-4.954 E.03843
G1 X33.233 Y-1.42 E.23515
G1 X33.233 Y-2.237 E.03843
G1 X36.767 Y-5.77 E.23515
G1 X36.767 Y-6.587 E.03843
G1 X33.233 Y-3.054 E.23515
G1 X33.233 Y-3.87 E.03843
G1 X36.767 Y-7.404 E.23515
G1 X36.767 Y-8.22 E.03843
G1 X33.233 Y-4.687 E.23515
G1 X33.233 Y-5.504 E.03843
G1 X36.767 Y-9.037 E.23515
G1 X36.767 Y-9.854 E.03843
G1 X33.233 Y-6.32 E.23515
G1 X33.233 Y-7.137 E.03843
G1 X36.767 Y-10.671 E.23515
G1 X36.767 Y-11.487 E.03843
G1 X33.233 Y-7.954 E.23515
G1 X33.233 Y-8.771 E.03843
G1 X36.767 Y-12.304 E.23515
G1 X36.767 Y-13.121 E.03843
G1 X33.233 Y-9.587 E.23515
G1 X33.233 Y-10.404 E.03843
G1 X36.767 Y-13.937 E.23515
G1 X36.767 Y-14.754 E.03843
G1 X33.233 Y-11.221 E.23515
G1 X33.233 Y-12.037 E.03843
G1 X36.767 Y-15.571 E.23515
G1 X36.767 Y-16.387 E.03843
G1 X33.233 Y-12.854 E.23515
G1 X33.233 Y-13.671 E.03843
G1 X36.767 Y-17.204 E.23515
G1 X36.767 Y-18.021 E.03843
G1 X33.233 Y-14.487 E.23515
G1 X33.233 Y-15.304 E.03843
G1 X36.767 Y-18.838 E.23515
G1 X36.767 Y-19.654 E.03843
G1 X33.233 Y-16.121 E.23515
G1 X33.233 Y-16.938 E.03843
G1 X36.767 Y-20.471 E.23515
G1 X36.767 Y-21.288 E.03843
G1 X33.233 Y-17.754 E.23515
G1 X33.233 Y-18.571 E.03843
G1 X36.767 Y-22.104 E.23515
G1 X36.767 Y-22.921 E.03843
G1 X33.233 Y-19.388 E.23515
G1 X33.233 Y-20.204 E.03843
G1 X36.767 Y-23.738 E.23515
G1 X36.767 Y-24.554 E.03843
G1 X33.233 Y-21.021 E.23515
G1 X33.233 Y-21.838 E.03843
G1 X36.767 Y-25.371 E.23515
G1 X36.767 Y-26.188 E.03843
G1 X33.233 Y-22.654 E.23515
G1 X33.233 Y-23.471 E.03843
G1 X36.767 Y-27.005 E.23515
G1 X36.767 Y-27.821 E.03843
G1 X33.233 Y-24.288 E.23515
G1 X33.233 Y-25.105 E.03843
G1 X36.767 Y-28.638 E.23515
G1 X36.767 Y-29.455 E.03843
G1 X33.233 Y-25.921 E.23515
G1 X33.233 Y-26.738 E.03843
G1 X36.767 Y-30.271 E.23515
G1 X36.767 Y-31.088 E.03843
G1 X33.233 Y-27.555 E.23515
G1 X33.233 Y-28.371 E.03843
G1 X36.767 Y-31.905 E.23515
G1 X36.767 Y-32.721 E.03843
G1 X33.233 Y-29.188 E.23515
G1 X33.233 Y-30.005 E.03843
G1 X36.767 Y-33.538 E.23515
G1 X36.767 Y-34.355 E.03843
G1 X33.233 Y-30.821 E.23515
G1 X33.233 Y-31.638 E.03843
G1 X36.767 Y-35.171 E.23515
G1 X36.767 Y-35.988 E.03843
G1 X33.233 Y-32.455 E.23515
G1 X33.233 Y-33.272 E.03843
G1 X36.767 Y-36.805 E.23515
G1 X36.767 Y-37.622 E.03843
G1 X33.233 Y-34.088 E.23515
G1 X33.233 Y-34.905 E.03843
G1 X36.767 Y-38.438 E.23515
G1 X36.767 Y-39.255 E.03843
G1 X33.233 Y-35.722 E.23515
G1 X33.233 Y-36.538 E.03843
G1 X36.767 Y-40.072 E.23515
G1 X36.767 Y-40.888 E.03843
G1 X33.233 Y-37.355 E.23515
G1 X33.233 Y-38.172 E.03843
G1 X36.767 Y-41.705 E.23515
G1 X36.767 Y-42.522 E.03843
G1 X33.233 Y-38.988 E.23515
G1 X33.233 Y-39.805 E.03843
G1 X36.767 Y-43.338 E.23515
G1 X36.767 Y-44.155 E.03843
G1 X33.233 Y-40.622 E.23515
G1 X33.233 Y-41.439 E.03843
G1 X36.767 Y-44.972 E.23515
G1 X36.767 Y-45.789 E.03843
G1 X33.233 Y-42.255 E.23515
G1 X33.233 Y-43.072 E.03843
G1 X36.767 Y-46.605 E.23515
G1 X36.767 Y-47.422 E.03843
G1 X33.233 Y-43.889 E.23515
G1 X33.233 Y-44.705 E.03843
G1 X36.767 Y-48.239 E.23515
G1 X36.767 Y-49.055 E.03843
G1 X33.233 Y-45.522 E.23515
G1 X33.233 Y-46.339 E.03843
G1 X36.767 Y-49.872 E.23515
G1 X36.767 Y-50.689 E.03843
G1 X33.233 Y-47.155 E.23515
G1 X33.233 Y-47.972 E.03843
G1 X36.767 Y-51.505 E.23515
G1 X36.767 Y-52.322 E.03843
G1 X33.233 Y-48.789 E.23515
G1 X33.233 Y-49.606 E.03843
G1 X36.767 Y-53.139 E.23515
G1 X36.767 Y-53.956 E.03843
G1 X33.233 Y-50.422 E.23515
G1 X33.233 Y-51.239 E.03843
G1 X36.767 Y-54.772 E.23515
G1 X36.767 Y-55.589 E.03843
G1 X33.233 Y-52.056 E.23515
G1 X33.233 Y-52.872 E.03843
G1 X36.767 Y-56.406 E.23515
G1 X36.767 Y-57.222 E.03843
G1 X33.233 Y-53.689 E.23515
G1 X33.233 Y-54.506 E.03843
G1 X36.767 Y-58.039 E.23515
G1 X36.767 Y-58.856 E.03843
G1 X33.233 Y-55.322 E.23515
G1 X33.233 Y-56.139 E.03843
G1 X36.767 Y-59.672 E.23515
G1 X36.767 Y-60.489 E.03843
G1 X33.233 Y-56.956 E.23515
G1 X33.233 Y-57.773 E.03843
G1 X36.767 Y-61.306 E.23515
G1 X36.767 Y-62.123 E.03843
G1 X33.233 Y-58.589 E.23515
G1 X33.233 Y-59.406 E.03843
G1 X36.767 Y-62.939 E.23515
G1 X36.767 Y-63.756 E.03843
G1 X33.233 Y-60.223 E.23515
G1 X33.233 Y-61.039 E.03843
G1 X36.767 Y-64.573 E.23515
G1 X36.767 Y-65.389 E.03843
G1 X33.233 Y-61.856 E.23515
G1 X33.233 Y-62.673 E.03843
G1 X36.767 Y-66.206 E.23515
G1 X36.767 Y-67.023 E.03843
G1 X33.233 Y-63.489 E.23515
G1 X33.233 Y-64.306 E.03843
G1 X36.767 Y-67.839 E.23515
G1 X36.767 Y-68.656 E.03843
G1 X33.233 Y-65.123 E.23515
G1 X33.233 Y-65.94 E.03843
G1 X36.767 Y-69.473 E.23515
G1 X36.767 Y-70.29 E.03843
G1 X33.233 Y-66.756 E.23515
G1 X33.233 Y-67.573 E.03843
G1 X36.767 Y-71.106 E.23515
G1 X36.767 Y-71.923 E.03843
G1 X33.233 Y-68.39 E.23515
G1 X33.233 Y-69.206 E.03843
G1 X36.767 Y-72.74 E.23515
G1 X36.767 Y-73.556 E.03843
G1 X33.233 Y-70.023 E.23515
G1 X33.233 Y-70.84 E.03843
G1 X36.767 Y-74.373 E.23515
G1 X36.767 Y-75.19 E.03843
G1 X33.233 Y-71.656 E.23515
G1 X33.233 Y-72.473 E.03843
G1 X36.767 Y-76.006 E.23515
G1 X36.767 Y-76.823 E.03843
G1 X33.233 Y-73.29 E.23515
G1 X33.233 Y-74.107 E.03843
G1 X36.767 Y-77.64 E.23515
G1 X36.767 Y-77.767 E.00597
G1 X36.077 Y-77.767 E.03247
G1 X33.233 Y-74.923 E.18923
G1 X33.233 Y-75.74 E.03843
G1 X35.26 Y-77.767 E.13488
G1 X34.443 Y-77.767 E.03843
G1 X33.233 Y-76.557 E.08053
G1 X33.233 Y-77.373 E.03843
G1 X33.886 Y-78.026 E.04346
SET_VELOCITY_LIMIT ACCEL=10000
G1 X32.342 Y72.974 F30000
SET_VELOCITY_LIMIT ACCEL=7000
G1 F9000
G1 X27.549 Y77.767 E.31898
G1 X26.733 Y77.767 E.03843
G1 X31.266 Y73.233 E.3017
G1 X30.449 Y73.233 E.03843
G1 X25.916 Y77.767 E.3017
G1 X25.099 Y77.767 E.03843
G1 X29.633 Y73.233 E.3017
G1 X28.816 Y73.233 E.03843
G1 X24.283 Y77.767 E.3017
G1 X23.466 Y77.767 E.03843
G1 X27.999 Y73.233 E.3017
G1 X27.183 Y73.233 E.03843
G1 X22.649 Y77.767 E.3017
G1 X21.832 Y77.767 E.03843
G1 X26.366 Y73.233 E.3017
G1 X25.549 Y73.233 E.03843
G1 X21.016 Y77.767 E.3017
G1 X20.199 Y77.767 E.03843
G1 X24.732 Y73.233 E.3017
G1 X23.916 Y73.233 E.03843
G1 X19.382 Y77.767 E.3017
G1 X18.566 Y77.767 E.03843
G1 X23.099 Y73.233 E.3017
G1 X22.282 Y73.233 E.03843
G1 X17.749 Y77.767 E.3017
G1 X16.932 Y77.767 E.03843
G1 X21.466 Y73.233 E.3017
G1 X20.649 Y73.233 E.03843
G1 X16.116 Y77.767 E.3017
G1 X15.299 Y77.767 E.03843
G1 X19.832 Y73.233 E.3017
G1 X19.016 Y73.233 E.03843
G1 X14.482 Y77.767 E.3017
G1 X13.665 Y77.767 E.03843
G1 X18.199 Y73.233 E.3017
G1 X17.382 Y73.233 E.03843
G1 X12.849 Y77.767 E.3017
G1 X12.032 Y77.767 E.03843
G1 X16.565 Y73.233 E.3017
G1 X15.749 Y73.233 E.03843
G1 X11.215 Y77.767 E.3017
G1 X10.399 Y77.767 E.03843
G1 X14.932 Y73.233 E.3017
G1 X14.115 Y73.233 E.03843
G1 X9.582 Y77.767 E.3017
G1 X8.765 Y77.767 E.03843
G1 X13.299 Y73.233 E.3017
G1 X12.482 Y73.233 E.03843
G1 X7.949 Y77.767 E.3017
G1 X7.132 Y77.767 E.03843
G1 X11.665 Y73.233 E.3017
G1 X10.849 Y73.233 E.03843
M73 P87 R2
G1 X6.315 Y77.767 E.3017
G1 X5.498 Y77.767 E.03843
G1 X10.032 Y73.233 E.3017
G1 X9.215 Y73.233 E.03843
G1 X4.682 Y77.767 E.3017
G1 X3.865 Y77.767 E.03843
G1 X8.398 Y73.233 E.3017
G1 X7.582 Y73.233 E.03843
G1 X3.048 Y77.767 E.3017
G1 X2.232 Y77.767 E.03843
G1 X6.765 Y73.233 E.3017
G1 X5.948 Y73.233 E.03843
G1 X1.415 Y77.767 E.3017
G1 X.598 Y77.767 E.03843
G1 X5.132 Y73.233 E.3017
G1 X4.315 Y73.233 E.03843
G1 X-.218 Y77.767 E.3017
G1 X-1.035 Y77.767 E.03843
G1 X3.498 Y73.233 E.3017
G1 X2.682 Y73.233 E.03843
G1 X-1.852 Y77.767 E.3017
G1 X-2.669 Y77.767 E.03843
G1 X1.865 Y73.233 E.3017
G1 X1.048 Y73.233 E.03843
G1 X-3.485 Y77.767 E.3017
G1 X-4.302 Y77.767 E.03843
G1 X.231 Y73.233 E.3017
G1 X-.585 Y73.233 E.03843
G1 X-5.119 Y77.767 E.3017
G1 X-5.935 Y77.767 E.03843
G1 X-1.402 Y73.233 E.3017
G1 X-2.219 Y73.233 E.03843
G1 X-6.752 Y77.767 E.3017
G1 X-7.569 Y77.767 E.03843
G1 X-3.035 Y73.233 E.3017
G1 X-3.852 Y73.233 E.03843
G1 X-8.385 Y77.767 E.3017
G1 X-9.202 Y77.767 E.03843
G1 X-4.669 Y73.233 E.3017
G1 X-5.485 Y73.233 E.03843
G1 X-10.019 Y77.767 E.3017
G1 X-10.836 Y77.767 E.03843
G1 X-6.302 Y73.233 E.3017
G1 X-7.119 Y73.233 E.03843
G1 X-11.652 Y77.767 E.3017
G1 X-12.469 Y77.767 E.03843
G1 X-7.936 Y73.233 E.3017
G1 X-8.752 Y73.233 E.03843
G1 X-13.286 Y77.767 E.3017
G1 X-14.102 Y77.767 E.03843
G1 X-9.569 Y73.233 E.3017
G1 X-10.386 Y73.233 E.03843
G1 X-14.919 Y77.767 E.3017
G1 X-15.736 Y77.767 E.03843
G1 X-11.202 Y73.233 E.3017
G1 X-12.019 Y73.233 E.03843
G1 X-16.552 Y77.767 E.3017
G1 X-17.369 Y77.767 E.03843
G1 X-12.836 Y73.233 E.3017
G1 X-13.652 Y73.233 E.03843
G1 X-18.186 Y77.767 E.3017
G1 X-19.003 Y77.767 E.03843
G1 X-14.469 Y73.233 E.3017
G1 X-15.286 Y73.233 E.03843
G1 X-19.819 Y77.767 E.3017
G1 X-20.636 Y77.767 E.03843
G1 X-16.103 Y73.233 E.3017
G1 X-16.919 Y73.233 E.03843
G1 X-21.453 Y77.767 E.3017
G1 X-22.269 Y77.767 E.03843
G1 X-17.736 Y73.233 E.3017
G1 X-18.553 Y73.233 E.03843
G1 X-23.086 Y77.767 E.3017
G1 X-23.903 Y77.767 E.03843
G1 X-19.369 Y73.233 E.3017
G1 X-20.186 Y73.233 E.03843
G1 X-24.719 Y77.767 E.3017
G1 X-25.536 Y77.767 E.03843
G1 X-21.003 Y73.233 E.3017
G1 X-21.819 Y73.233 E.03843
G1 X-26.353 Y77.767 E.3017
G1 X-27.17 Y77.767 E.03843
G1 X-22.636 Y73.233 E.3017
G1 X-23.453 Y73.233 E.03843
G1 X-27.986 Y77.767 E.3017
G1 X-28.803 Y77.767 E.03843
G1 X-24.27 Y73.233 E.3017
G1 X-25.086 Y73.233 E.03843
G1 X-29.62 Y77.767 E.3017
G1 X-30.436 Y77.767 E.03843
G1 X-25.903 Y73.233 E.3017
G1 X-26.72 Y73.233 E.03843
G1 X-31.253 Y77.767 E.3017
G1 X-32.07 Y77.767 E.03843
G1 X-27.536 Y73.233 E.3017
G1 X-28.353 Y73.233 E.03843
G1 X-32.886 Y77.767 E.3017
G1 X-33.703 Y77.767 E.03843
G1 X-29.17 Y73.233 E.3017
G1 X-29.986 Y73.233 E.03843
G1 X-34.52 Y77.767 E.3017
G1 X-35.337 Y77.767 E.03843
G1 X-30.803 Y73.233 E.3017
G1 X-31.62 Y73.233 E.03843
G1 X-36.153 Y77.767 E.3017
G1 X-36.767 Y77.767 E.02887
G1 X-36.767 Y77.563 E.00957
G1 X-32.437 Y73.233 E.28817
G1 X-33.233 Y73.233 E.03749
G1 X-33.233 Y73.213 E.00094
G1 X-36.767 Y76.747 E.23515
G1 X-36.767 Y75.93 E.03843
G1 X-33.233 Y72.397 E.23515
G1 X-33.233 Y71.58 E.03843
G1 X-36.767 Y75.113 E.23515
G1 X-36.767 Y74.297 E.03843
G1 X-33.233 Y70.763 E.23515
G1 X-33.233 Y69.947 E.03843
G1 X-36.767 Y73.48 E.23515
G1 X-36.767 Y72.663 E.03843
G1 X-33.233 Y69.13 E.23515
G1 X-33.233 Y68.313 E.03843
G1 X-36.767 Y71.847 E.23515
G1 X-36.767 Y71.03 E.03843
G1 X-33.233 Y67.496 E.23515
G1 X-33.233 Y66.68 E.03843
G1 X-36.767 Y70.213 E.23515
G1 X-36.767 Y69.396 E.03843
G1 X-33.233 Y65.863 E.23515
G1 X-33.233 Y65.046 E.03843
G1 X-36.767 Y68.58 E.23515
G1 X-36.767 Y67.763 E.03843
G1 X-33.233 Y64.23 E.23515
G1 X-33.233 Y63.413 E.03843
G1 X-36.767 Y66.946 E.23515
G1 X-36.767 Y66.13 E.03843
G1 X-33.233 Y62.596 E.23515
G1 X-33.233 Y61.78 E.03843
G1 X-36.767 Y65.313 E.23515
G1 X-36.767 Y64.496 E.03843
G1 X-33.233 Y60.963 E.23515
G1 X-33.233 Y60.146 E.03843
G1 X-36.767 Y63.68 E.23515
G1 X-36.767 Y62.863 E.03843
G1 X-33.233 Y59.329 E.23515
G1 X-33.233 Y58.513 E.03843
G1 X-36.767 Y62.046 E.23515
G1 X-36.767 Y61.229 E.03843
G1 X-33.233 Y57.696 E.23515
G1 X-33.233 Y56.879 E.03843
G1 X-36.767 Y60.413 E.23515
G1 X-36.767 Y59.596 E.03843
G1 X-33.233 Y56.063 E.23515
G1 X-33.233 Y55.246 E.03843
G1 X-36.767 Y58.779 E.23515
G1 X-36.767 Y57.963 E.03843
G1 X-33.233 Y54.429 E.23515
G1 X-33.233 Y53.613 E.03843
G1 X-36.767 Y57.146 E.23515
G1 X-36.767 Y56.329 E.03843
G1 X-33.233 Y52.796 E.23515
G1 X-33.233 Y51.979 E.03843
G1 X-36.767 Y55.513 E.23515
G1 X-36.767 Y54.696 E.03843
G1 X-33.233 Y51.162 E.23515
G1 X-33.233 Y50.346 E.03843
G1 X-36.767 Y53.879 E.23515
G1 X-36.767 Y53.062 E.03843
G1 X-33.233 Y49.529 E.23515
G1 X-33.233 Y48.712 E.03843
G1 X-36.767 Y52.246 E.23515
G1 X-36.767 Y51.429 E.03843
G1 X-33.233 Y47.896 E.23515
G1 X-33.233 Y47.079 E.03843
G1 X-36.767 Y50.612 E.23515
G1 X-36.767 Y49.796 E.03843
G1 X-33.233 Y46.262 E.23515
G1 X-33.233 Y45.446 E.03843
G1 X-36.767 Y48.979 E.23515
G1 X-36.767 Y48.162 E.03843
G1 X-33.233 Y44.629 E.23515
G1 X-33.233 Y43.812 E.03843
G1 X-36.767 Y47.346 E.23515
G1 X-36.767 Y46.529 E.03843
G1 X-33.233 Y42.995 E.23515
G1 X-33.233 Y42.179 E.03843
G1 X-36.767 Y45.712 E.23515
G1 X-36.767 Y44.895 E.03843
G1 X-33.233 Y41.362 E.23515
G1 X-33.233 Y40.545 E.03843
G1 X-36.767 Y44.079 E.23515
G1 X-36.767 Y43.262 E.03843
G1 X-33.233 Y39.729 E.23515
G1 X-33.233 Y38.912 E.03843
G1 X-36.767 Y42.445 E.23515
G1 X-36.767 Y41.629 E.03843
G1 X-33.233 Y38.095 E.23515
G1 X-33.233 Y37.279 E.03843
G1 X-36.767 Y40.812 E.23515
G1 X-36.767 Y39.995 E.03843
G1 X-33.233 Y36.462 E.23515
G1 X-33.233 Y35.645 E.03843
G1 X-36.767 Y39.179 E.23515
G1 X-36.767 Y38.362 E.03843
G1 X-33.233 Y34.828 E.23515
G1 X-33.233 Y34.012 E.03843
G1 X-36.767 Y37.545 E.23515
G1 X-36.767 Y36.728 E.03843
G1 X-33.233 Y33.195 E.23515
G1 X-33.233 Y32.378 E.03843
G1 X-36.767 Y35.912 E.23515
G1 X-36.767 Y35.095 E.03843
G1 X-33.233 Y31.562 E.23515
G1 X-33.233 Y30.745 E.03843
G1 X-36.767 Y34.278 E.23515
G1 X-36.767 Y33.462 E.03843
G1 X-33.233 Y29.928 E.23515
G1 X-33.233 Y29.112 E.03843
G1 X-36.767 Y32.645 E.23515
G1 X-36.767 Y31.828 E.03843
G1 X-33.233 Y28.295 E.23515
G1 X-33.233 Y27.478 E.03843
G1 X-36.767 Y31.012 E.23515
G1 X-36.767 Y30.195 E.03843
G1 X-33.233 Y26.661 E.23515
G1 X-33.233 Y25.845 E.03843
G1 X-36.767 Y29.378 E.23515
G1 X-36.767 Y28.561 E.03843
G1 X-33.233 Y25.028 E.23515
G1 X-33.233 Y24.211 E.03843
G1 X-36.767 Y27.745 E.23515
G1 X-36.767 Y26.928 E.03843
G1 X-33.233 Y23.395 E.23515
G1 X-33.233 Y22.578 E.03843
G1 X-36.767 Y26.111 E.23515
G1 X-36.767 Y25.295 E.03843
G1 X-33.233 Y21.761 E.23515
G1 X-33.233 Y20.945 E.03843
G1 X-36.767 Y24.478 E.23515
G1 X-36.767 Y23.661 E.03843
G1 X-33.233 Y20.128 E.23515
G1 X-33.233 Y19.311 E.03843
G1 X-36.767 Y22.845 E.23515
G1 X-36.767 Y22.028 E.03843
G1 X-33.233 Y18.494 E.23515
G1 X-33.233 Y17.678 E.03843
G1 X-36.767 Y21.211 E.23515
G1 X-36.767 Y20.394 E.03843
G1 X-33.233 Y16.861 E.23515
G1 X-33.233 Y16.044 E.03843
G1 X-36.767 Y19.578 E.23515
G1 X-36.767 Y18.761 E.03843
G1 X-33.233 Y15.228 E.23515
G1 X-33.233 Y14.411 E.03843
G1 X-36.767 Y17.944 E.23515
G1 X-36.767 Y17.128 E.03843
G1 X-33.233 Y13.594 E.23515
G1 X-33.233 Y12.778 E.03843
G1 X-36.767 Y16.311 E.23515
G1 X-36.767 Y15.494 E.03843
G1 X-33.233 Y11.961 E.23515
G1 X-33.233 Y11.144 E.03843
G1 X-36.767 Y14.678 E.23515
G1 X-36.767 Y13.861 E.03843
G1 X-33.233 Y10.327 E.23515
G1 X-33.233 Y9.511 E.03843
G1 X-36.767 Y13.044 E.23515
G1 X-36.767 Y12.227 E.03843
G1 X-33.233 Y8.694 E.23515
G1 X-33.233 Y7.877 E.03843
G1 X-36.767 Y11.411 E.23515
G1 X-36.767 Y10.594 E.03843
G1 X-33.233 Y7.061 E.23515
G1 X-33.233 Y6.244 E.03843
G1 X-36.767 Y9.777 E.23515
G1 X-36.767 Y8.961 E.03843
M73 P88 R2
G1 X-33.233 Y5.427 E.23515
G1 X-33.233 Y4.611 E.03843
G1 X-36.767 Y8.144 E.23515
G1 X-36.767 Y7.327 E.03843
G1 X-33.233 Y3.794 E.23515
G1 X-33.233 Y2.977 E.03843
G1 X-36.767 Y6.511 E.23515
G1 X-36.767 Y5.694 E.03843
G1 X-33.233 Y2.16 E.23515
G1 X-33.233 Y1.344 E.03843
G1 X-36.767 Y4.877 E.23515
G1 X-36.767 Y4.06 E.03843
G1 X-33.233 Y.527 E.23515
G1 X-33.233 Y-.29 E.03843
G1 X-36.767 Y3.244 E.23515
G1 X-36.767 Y2.427 E.03843
G1 X-33.233 Y-1.106 E.23515
G1 X-33.233 Y-1.923 E.03843
G1 X-36.767 Y1.61 E.23515
G1 X-36.767 Y.794 E.03843
G1 X-33.233 Y-2.74 E.23515
G1 X-33.233 Y-3.556 E.03843
G1 X-36.767 Y-.023 E.23515
G1 X-36.767 Y-.84 E.03843
G1 X-33.233 Y-4.373 E.23515
G1 X-33.233 Y-5.19 E.03843
G1 X-36.767 Y-1.656 E.23515
G1 X-36.767 Y-2.473 E.03843
G1 X-33.233 Y-6.007 E.23515
G1 X-33.233 Y-6.823 E.03843
G1 X-36.767 Y-3.29 E.23515
G1 X-36.767 Y-4.107 E.03843
G1 X-33.233 Y-7.64 E.23515
G1 X-33.233 Y-8.457 E.03843
G1 X-36.767 Y-4.923 E.23515
G1 X-36.767 Y-5.74 E.03843
G1 X-33.233 Y-9.273 E.23515
G1 X-33.233 Y-10.09 E.03843
G1 X-36.767 Y-6.557 E.23515
G1 X-36.767 Y-7.373 E.03843
G1 X-33.233 Y-10.907 E.23515
G1 X-33.233 Y-11.723 E.03843
G1 X-36.767 Y-8.19 E.23515
G1 X-36.767 Y-9.007 E.03843
G1 X-33.233 Y-12.54 E.23515
G1 X-33.233 Y-13.357 E.03843
G1 X-36.767 Y-9.823 E.23515
G1 X-36.767 Y-10.64 E.03843
G1 X-33.233 Y-14.173 E.23515
G1 X-33.233 Y-14.99 E.03843
G1 X-36.767 Y-11.457 E.23515
G1 X-36.767 Y-12.274 E.03843
G1 X-33.233 Y-15.807 E.23515
G1 X-33.233 Y-16.624 E.03843
G1 X-36.767 Y-13.09 E.23515
G1 X-36.767 Y-13.907 E.03843
G1 X-33.233 Y-17.44 E.23515
G1 X-33.233 Y-18.257 E.03843
G1 X-36.767 Y-14.724 E.23515
G1 X-36.767 Y-15.54 E.03843
G1 X-33.233 Y-19.074 E.23515
G1 X-33.233 Y-19.89 E.03843
G1 X-36.767 Y-16.357 E.23515
G1 X-36.767 Y-17.174 E.03843
G1 X-33.233 Y-20.707 E.23515
G1 X-33.233 Y-21.524 E.03843
G1 X-36.767 Y-17.99 E.23515
G1 X-36.767 Y-18.807 E.03843
G1 X-33.233 Y-22.34 E.23515
G1 X-33.233 Y-23.157 E.03843
G1 X-36.767 Y-19.624 E.23515
G1 X-36.767 Y-20.441 E.03843
G1 X-33.233 Y-23.974 E.23515
G1 X-33.233 Y-24.791 E.03843
G1 X-36.767 Y-21.257 E.23515
G1 X-36.767 Y-22.074 E.03843
G1 X-33.233 Y-25.607 E.23515
G1 X-33.233 Y-26.424 E.03843
G1 X-36.767 Y-22.891 E.23515
G1 X-36.767 Y-23.707 E.03843
G1 X-33.233 Y-27.241 E.23515
G1 X-33.233 Y-28.057 E.03843
G1 X-36.767 Y-24.524 E.23515
G1 X-36.767 Y-25.341 E.03843
G1 X-33.233 Y-28.874 E.23515
G1 X-33.233 Y-29.691 E.03843
G1 X-36.767 Y-26.157 E.23515
G1 X-36.767 Y-26.974 E.03843
G1 X-33.233 Y-30.507 E.23515
G1 X-33.233 Y-31.324 E.03843
G1 X-36.767 Y-27.791 E.23515
G1 X-36.767 Y-28.608 E.03843
G1 X-33.233 Y-32.141 E.23515
G1 X-33.233 Y-32.958 E.03843
G1 X-36.767 Y-29.424 E.23515
G1 X-36.767 Y-30.241 E.03843
G1 X-33.233 Y-33.774 E.23515
G1 X-33.233 Y-34.591 E.03843
G1 X-36.767 Y-31.058 E.23515
G1 X-36.767 Y-31.874 E.03843
G1 X-33.233 Y-35.408 E.23515
G1 X-33.233 Y-36.224 E.03843
G1 X-36.767 Y-32.691 E.23515
G1 X-36.767 Y-33.508 E.03843
G1 X-33.233 Y-37.041 E.23515
G1 X-33.233 Y-37.858 E.03843
G1 X-36.767 Y-34.324 E.23515
G1 X-36.767 Y-35.141 E.03843
G1 X-33.233 Y-38.674 E.23515
G1 X-33.233 Y-39.491 E.03843
G1 X-36.767 Y-35.958 E.23515
G1 X-36.767 Y-36.775 E.03843
G1 X-33.233 Y-40.308 E.23515
G1 X-33.233 Y-41.125 E.03843
G1 X-36.767 Y-37.591 E.23515
G1 X-36.767 Y-38.408 E.03843
G1 X-33.233 Y-41.941 E.23515
G1 X-33.233 Y-42.758 E.03843
G1 X-36.767 Y-39.225 E.23515
G1 X-36.767 Y-40.041 E.03843
G1 X-33.233 Y-43.575 E.23515
G1 X-33.233 Y-44.391 E.03843
G1 X-36.767 Y-40.858 E.23515
G1 X-36.767 Y-41.675 E.03843
G1 X-33.233 Y-45.208 E.23515
G1 X-33.233 Y-46.025 E.03843
G1 X-36.767 Y-42.491 E.23515
G1 X-36.767 Y-43.308 E.03843
G1 X-33.233 Y-46.841 E.23515
G1 X-33.233 Y-47.658 E.03843
M73 P88 R1
G1 X-36.767 Y-44.125 E.23515
G1 X-36.767 Y-44.942 E.03843
G1 X-33.233 Y-48.475 E.23515
G1 X-33.233 Y-49.292 E.03843
G1 X-36.767 Y-45.758 E.23515
G1 X-36.767 Y-46.575 E.03843
G1 X-33.233 Y-50.108 E.23515
G1 X-33.233 Y-50.925 E.03843
G1 X-36.767 Y-47.392 E.23515
G1 X-36.767 Y-48.208 E.03843
G1 X-33.233 Y-51.742 E.23515
G1 X-33.233 Y-52.558 E.03843
G1 X-36.767 Y-49.025 E.23515
G1 X-36.767 Y-49.842 E.03843
G1 X-33.233 Y-53.375 E.23515
G1 X-33.233 Y-54.192 E.03843
G1 X-36.767 Y-50.658 E.23515
G1 X-36.767 Y-51.475 E.03843
G1 X-33.233 Y-55.008 E.23515
G1 X-33.233 Y-55.825 E.03843
G1 X-36.767 Y-52.292 E.23515
G1 X-36.767 Y-53.109 E.03843
G1 X-33.233 Y-56.642 E.23515
G1 X-33.233 Y-57.459 E.03843
G1 X-36.767 Y-53.925 E.23515
G1 X-36.767 Y-54.742 E.03843
G1 X-33.233 Y-58.275 E.23515
G1 X-33.233 Y-59.092 E.03843
G1 X-36.767 Y-55.559 E.23515
G1 X-36.767 Y-56.375 E.03843
G1 X-33.233 Y-59.909 E.23515
G1 X-33.233 Y-60.725 E.03843
G1 X-36.767 Y-57.192 E.23515
G1 X-36.767 Y-58.009 E.03843
G1 X-33.233 Y-61.542 E.23515
G1 X-33.233 Y-62.359 E.03843
G1 X-36.767 Y-58.825 E.23515
G1 X-36.767 Y-59.642 E.03843
G1 X-33.233 Y-63.175 E.23515
G1 X-33.233 Y-63.992 E.03843
G1 X-36.767 Y-60.459 E.23515
G1 X-36.767 Y-61.276 E.03843
G1 X-33.233 Y-64.809 E.23515
G1 X-33.233 Y-65.626 E.03843
G1 X-36.767 Y-62.092 E.23515
G1 X-36.767 Y-62.909 E.03843
G1 X-33.233 Y-66.442 E.23515
G1 X-33.233 Y-67.259 E.03843
G1 X-36.767 Y-63.726 E.23515
G1 X-36.767 Y-64.542 E.03843
G1 X-33.233 Y-68.076 E.23515
G1 X-33.233 Y-68.892 E.03843
G1 X-36.767 Y-65.359 E.23515
G1 X-36.767 Y-66.176 E.03843
G1 X-33.233 Y-69.709 E.23515
G1 X-33.233 Y-70.526 E.03843
G1 X-36.767 Y-66.992 E.23515
G1 X-36.767 Y-67.809 E.03843
G1 X-33.233 Y-71.342 E.23515
G1 X-33.233 Y-72.159 E.03843
G1 X-36.767 Y-68.626 E.23515
G1 X-36.767 Y-69.443 E.03843
G1 X-33.233 Y-72.976 E.23515
G1 X-33.233 Y-73.793 E.03843
G1 X-36.767 Y-70.259 E.23515
G1 X-36.767 Y-71.076 E.03843
G1 X-33.233 Y-74.609 E.23515
G1 X-33.233 Y-75.426 E.03843
G1 X-36.767 Y-71.893 E.23515
G1 X-36.767 Y-72.709 E.03843
G1 X-33.233 Y-76.243 E.23515
G1 X-33.233 Y-77.059 E.03843
G1 X-36.767 Y-73.526 E.23515
G1 X-36.767 Y-74.343 E.03843
G1 X-33.343 Y-77.767 E.22787
G1 X-34.159 Y-77.767 E.03843
G1 X-36.767 Y-75.159 E.17351
G1 X-36.767 Y-75.976 E.03843
G1 X-34.976 Y-77.767 E.11916
G1 X-35.793 Y-77.767 E.03843
G1 X-37.026 Y-76.533 E.08209
SET_VELOCITY_LIMIT ACCEL=10000
G1 X-36.569 Y-77.656 F30000
SET_VELOCITY_LIMIT ACCEL=7000
;WIDTH:0.55292
G1 F9000
G1 X-36.633 Y-77.656 E.00265
G1 X-36.665 Y-77.601 E.00265
G1 X-36.633 Y-77.546 E.00265
G1 X-36.569 Y-77.546 E.00265
G1 X-36.555 Y-77.57 E.00115
SET_VELOCITY_LIMIT ACCEL=10000
G1 E-1.2 F2100
;WIPE_START
G1 F9000
G1 X-36.569 Y-77.546
G1 X-36.633 Y-77.546
G1 X-36.665 Y-77.601
G1 X-36.633 Y-77.656
G1 X-36.569 Y-77.656
;WIPE_END
G1 X-33.301 Y-70.759 Z6 F30000
G1 X36.582 Y76.754 Z6
G1 Z5.6
G1 E1.2 F2100
SET_VELOCITY_LIMIT ACCEL=7000
;WIDTH:0.527844
G1 F9000
G1 X35.754 Y77.582 E.04626
G1 X36.582 Y77.582 E.03271
G1 X36.582 Y76.79 E.03129
;LAYER_CHANGE
;Z:5.8
;HEIGHT:0.2
;BEFORE_LAYER_CHANGE
;5.8
G1 E-1.2 F2100
;WIPE_START
G1 F9000
G1 X36.582 Y77.582
G1 X35.754 Y77.582
G1 X36.023 Y77.313
;WIPE_END
;AFTER_LAYER_CHANGE
;5.8
;_SET_FAN_SPEED_CHANGING_LAYER
SET_VELOCITY_LIMIT ACCEL=10000
G17
G3 Z6.2 I.993 J-.704 P1  F30000
G1 X32.887 Y72.887 Z6.2
G1 Z5.8
G1 E1.2 F2100
SET_VELOCITY_LIMIT ACCEL=5000
;TYPE:Inner wall
;WIDTH:0.62
G1 F9000
G1 X32.887 Y-78.113 E7.10073
G1 X37.113 Y-78.113 E.19872
G1 X37.113 Y78.113 E7.34647
G1 X-37.113 Y78.113 E3.49045
M73 P89 R1
G1 X-37.113 Y-78.113 E7.34647
G1 X-32.887 Y-78.113 E.19872
G1 X-32.887 Y72.887 E7.10073
G1 X32.851 Y72.887 E3.09132
SET_VELOCITY_LIMIT ACCEL=10000
G1 X32.31 Y72.31 F30000
SET_VELOCITY_LIMIT ACCEL=5000
;TYPE:Outer wall
G1 F7200
G1 X32.31 Y-78.69 E7.10073
G1 X37.69 Y-78.69 E.25299
G1 X37.69 Y78.69 E7.40074
G1 X-37.69 Y78.69 E3.54472
G1 X-37.69 Y-78.69 E7.40074
G1 X-32.31 Y-78.69 E.25299
G1 X-32.31 Y72.31 E7.10073
G1 X32.274 Y72.31 E3.03704
SET_VELOCITY_LIMIT ACCEL=10000
G1 E-1.2 F2100
;WIPE_START
G1 F7200
G1 X32.274 Y70.31
;WIPE_END
G1 X24.684 Y71.108 Z6.2 F30000
G1 X-36.569 Y77.546 Z6.2
G1 Z5.8
M73 P90 R1
G1 E1.2 F2100
SET_VELOCITY_LIMIT ACCEL=7000
;TYPE:Internal solid infill
;WIDTH:0.55292
G1 F9000
G1 X-36.633 Y77.546 E.00265
G1 X-36.665 Y77.601 E.00265
G1 X-36.633 Y77.656 E.00265
G1 X-36.569 Y77.656 E.00265
G1 X-36.555 Y77.632 E.00115
SET_VELOCITY_LIMIT ACCEL=10000
G1 X-33.438 Y-77.589 F30000
SET_VELOCITY_LIMIT ACCEL=7000
;WIDTH:0.643482
G1 F9000
G1 X-33.513 Y-77.589 E.00367
G1 X-33.551 Y-77.524 E.00367
G1 X-33.513 Y-77.459 E.00367
G1 X-33.438 Y-77.459 E.00367
G1 X-33.419 Y-77.493 E.00191
SET_VELOCITY_LIMIT ACCEL=10000
G1 E-1.2 F2100
;WIPE_START
G1 F9000
G1 X-33.438 Y-77.459
G1 X-33.513 Y-77.459
G1 X-33.551 Y-77.524
G1 X-33.513 Y-77.589
G1 X-33.438 Y-77.589
;WIPE_END
G1 X-25.806 Y-77.638 Z6.2 F30000
G1 X34.64 Y-78.026 Z6.2
G1 Z5.8
G1 E1.2 F2100
SET_VELOCITY_LIMIT ACCEL=7000
;WIDTH:0.620414
G1 F9000
G1 X36.767 Y-75.9 E.14153
G1 X36.767 Y-75.083 E.03843
G1 X34.083 Y-77.767 E.1786
G1 X33.266 Y-77.767 E.03843
G1 X36.767 Y-74.266 E.23295
G1 X36.767 Y-73.45 E.03843
G1 X33.233 Y-76.983 E.23515
G1 X33.233 Y-76.166 E.03843
G1 X36.767 Y-72.633 E.23515
G1 X36.767 Y-71.816 E.03843
G1 X33.233 Y-75.35 E.23515
G1 X33.233 Y-74.533 E.03843
G1 X36.767 Y-70.999 E.23515
G1 X36.767 Y-70.183 E.03843
G1 X33.233 Y-73.716 E.23515
G1 X33.233 Y-72.899 E.03843
G1 X36.767 Y-69.366 E.23515
G1 X36.767 Y-68.549 E.03843
G1 X33.233 Y-72.083 E.23515
G1 X33.233 Y-71.266 E.03843
G1 X36.767 Y-67.733 E.23515
G1 X36.767 Y-66.916 E.03843
G1 X33.233 Y-70.449 E.23515
G1 X33.233 Y-69.633 E.03843
G1 X36.767 Y-66.099 E.23515
G1 X36.767 Y-65.283 E.03843
G1 X33.233 Y-68.816 E.23515
G1 X33.233 Y-67.999 E.03843
G1 X36.767 Y-64.466 E.23515
G1 X36.767 Y-63.649 E.03843
G1 X33.233 Y-67.183 E.23515
G1 X33.233 Y-66.366 E.03843
G1 X36.767 Y-62.832 E.23515
G1 X36.767 Y-62.016 E.03843
G1 X33.233 Y-65.549 E.23515
G1 X33.233 Y-64.732 E.03843
G1 X36.767 Y-61.199 E.23515
G1 X36.767 Y-60.382 E.03843
G1 X33.233 Y-63.916 E.23515
G1 X33.233 Y-63.099 E.03843
G1 X36.767 Y-59.566 E.23515
G1 X36.767 Y-58.749 E.03843
G1 X33.233 Y-62.282 E.23515
G1 X33.233 Y-61.466 E.03843
G1 X36.767 Y-57.932 E.23515
G1 X36.767 Y-57.116 E.03843
G1 X33.233 Y-60.649 E.23515
G1 X33.233 Y-59.832 E.03843
G1 X36.767 Y-56.299 E.23515
G1 X36.767 Y-55.482 E.03843
G1 X33.233 Y-59.016 E.23515
G1 X33.233 Y-58.199 E.03843
G1 X36.767 Y-54.665 E.23515
G1 X36.767 Y-53.849 E.03843
G1 X33.233 Y-57.382 E.23515
G1 X33.233 Y-56.565 E.03843
G1 X36.767 Y-53.032 E.23515
G1 X36.767 Y-52.215 E.03843
G1 X33.233 Y-55.749 E.23515
G1 X33.233 Y-54.932 E.03843
G1 X36.767 Y-51.399 E.23515
G1 X36.767 Y-50.582 E.03843
G1 X33.233 Y-54.115 E.23515
G1 X33.233 Y-53.299 E.03843
G1 X36.767 Y-49.765 E.23515
G1 X36.767 Y-48.949 E.03843
G1 X33.233 Y-52.482 E.23515
G1 X33.233 Y-51.665 E.03843
G1 X36.767 Y-48.132 E.23515
G1 X36.767 Y-47.315 E.03843
G1 X33.233 Y-50.849 E.23515
G1 X33.233 Y-50.032 E.03843
G1 X36.767 Y-46.498 E.23515
G1 X36.767 Y-45.682 E.03843
G1 X33.233 Y-49.215 E.23515
G1 X33.233 Y-48.398 E.03843
G1 X36.767 Y-44.865 E.23515
G1 X36.767 Y-44.048 E.03843
G1 X33.233 Y-47.582 E.23515
G1 X33.233 Y-46.765 E.03843
G1 X36.767 Y-43.232 E.23515
G1 X36.767 Y-42.415 E.03843
G1 X33.233 Y-45.948 E.23515
G1 X33.233 Y-45.132 E.03843
G1 X36.767 Y-41.598 E.23515
G1 X36.767 Y-40.782 E.03843
G1 X33.233 Y-44.315 E.23515
G1 X33.233 Y-43.498 E.03843
G1 X36.767 Y-39.965 E.23515
G1 X36.767 Y-39.148 E.03843
G1 X33.233 Y-42.682 E.23515
G1 X33.233 Y-41.865 E.03843
G1 X36.767 Y-38.331 E.23515
G1 X36.767 Y-37.515 E.03843
G1 X33.233 Y-41.048 E.23515
G1 X33.233 Y-40.231 E.03843
G1 X36.767 Y-36.698 E.23515
G1 X36.767 Y-35.881 E.03843
G1 X33.233 Y-39.415 E.23515
G1 X33.233 Y-38.598 E.03843
G1 X36.767 Y-35.065 E.23515
G1 X36.767 Y-34.248 E.03843
G1 X33.233 Y-37.781 E.23515
G1 X33.233 Y-36.965 E.03843
G1 X36.767 Y-33.431 E.23515
G1 X36.767 Y-32.615 E.03843
G1 X33.233 Y-36.148 E.23515
G1 X33.233 Y-35.331 E.03843
G1 X36.767 Y-31.798 E.23515
G1 X36.767 Y-30.981 E.03843
G1 X33.233 Y-34.515 E.23515
G1 X33.233 Y-33.698 E.03843
G1 X36.767 Y-30.164 E.23515
G1 X36.767 Y-29.348 E.03843
G1 X33.233 Y-32.881 E.23515
G1 X33.233 Y-32.064 E.03843
G1 X36.767 Y-28.531 E.23515
G1 X36.767 Y-27.714 E.03843
G1 X33.233 Y-31.248 E.23515
G1 X33.233 Y-30.431 E.03843
G1 X36.767 Y-26.898 E.23515
G1 X36.767 Y-26.081 E.03843
G1 X33.233 Y-29.614 E.23515
G1 X33.233 Y-28.798 E.03843
G1 X36.767 Y-25.264 E.23515
G1 X36.767 Y-24.448 E.03843
G1 X33.233 Y-27.981 E.23515
G1 X33.233 Y-27.164 E.03843
G1 X36.767 Y-23.631 E.23515
G1 X36.767 Y-22.814 E.03843
G1 X33.233 Y-26.348 E.23515
G1 X33.233 Y-25.531 E.03843
G1 X36.767 Y-21.997 E.23515
G1 X36.767 Y-21.181 E.03843
G1 X33.233 Y-24.714 E.23515
G1 X33.233 Y-23.897 E.03843
G1 X36.767 Y-20.364 E.23515
G1 X36.767 Y-19.547 E.03843
G1 X33.233 Y-23.081 E.23515
G1 X33.233 Y-22.264 E.03843
G1 X36.767 Y-18.731 E.23515
G1 X36.767 Y-17.914 E.03843
G1 X33.233 Y-21.447 E.23515
G1 X33.233 Y-20.631 E.03843
G1 X36.767 Y-17.097 E.23515
G1 X36.767 Y-16.281 E.03843
G1 X33.233 Y-19.814 E.23515
G1 X33.233 Y-18.997 E.03843
G1 X36.767 Y-15.464 E.23515
G1 X36.767 Y-14.647 E.03843
G1 X33.233 Y-18.181 E.23515
G1 X33.233 Y-17.364 E.03843
G1 X36.767 Y-13.83 E.23515
G1 X36.767 Y-13.014 E.03843
G1 X33.233 Y-16.547 E.23515
G1 X33.233 Y-15.73 E.03843
G1 X36.767 Y-12.197 E.23515
G1 X36.767 Y-11.38 E.03843
G1 X33.233 Y-14.914 E.23515
G1 X33.233 Y-14.097 E.03843
G1 X36.767 Y-10.564 E.23515
G1 X36.767 Y-9.747 E.03843
G1 X33.233 Y-13.28 E.23515
G1 X33.233 Y-12.464 E.03843
G1 X36.767 Y-8.93 E.23515
G1 X36.767 Y-8.114 E.03843
G1 X33.233 Y-11.647 E.23515
G1 X33.233 Y-10.83 E.03843
G1 X36.767 Y-7.297 E.23515
G1 X36.767 Y-6.48 E.03843
G1 X33.233 Y-10.014 E.23515
G1 X33.233 Y-9.197 E.03843
G1 X36.767 Y-5.663 E.23515
G1 X36.767 Y-4.847 E.03843
G1 X33.233 Y-8.38 E.23515
G1 X33.233 Y-7.563 E.03843
G1 X36.767 Y-4.03 E.23515
G1 X36.767 Y-3.213 E.03843
G1 X33.233 Y-6.747 E.23515
G1 X33.233 Y-5.93 E.03843
G1 X36.767 Y-2.397 E.23515
G1 X36.767 Y-1.58 E.03843
G1 X33.233 Y-5.113 E.23515
G1 X33.233 Y-4.297 E.03843
G1 X36.767 Y-.763 E.23515
G1 X36.767 Y.053 E.03843
G1 X33.233 Y-3.48 E.23515
G1 X33.233 Y-2.663 E.03843
G1 X36.767 Y.87 E.23515
G1 X36.767 Y1.687 E.03843
G1 X33.233 Y-1.847 E.23515
G1 X33.233 Y-1.03 E.03843
G1 X36.767 Y2.504 E.23515
G1 X36.767 Y3.32 E.03843
G1 X33.233 Y-.213 E.23515
G1 X33.233 Y.604 E.03843
G1 X36.767 Y4.137 E.23515
G1 X36.767 Y4.954 E.03843
G1 X33.233 Y1.42 E.23515
G1 X33.233 Y2.237 E.03843
G1 X36.767 Y5.77 E.23515
G1 X36.767 Y6.587 E.03843
G1 X33.233 Y3.054 E.23515
G1 X33.233 Y3.87 E.03843
G1 X36.767 Y7.404 E.23515
G1 X36.767 Y8.22 E.03843
G1 X33.233 Y4.687 E.23515
G1 X33.233 Y5.504 E.03843
G1 X36.767 Y9.037 E.23515
G1 X36.767 Y9.854 E.03843
G1 X33.233 Y6.32 E.23515
G1 X33.233 Y7.137 E.03843
G1 X36.767 Y10.671 E.23515
G1 X36.767 Y11.487 E.03843
G1 X33.233 Y7.954 E.23515
G1 X33.233 Y8.771 E.03843
G1 X36.767 Y12.304 E.23515
G1 X36.767 Y13.121 E.03843
G1 X33.233 Y9.587 E.23515
G1 X33.233 Y10.404 E.03843
G1 X36.767 Y13.937 E.23515
G1 X36.767 Y14.754 E.03843
G1 X33.233 Y11.221 E.23515
G1 X33.233 Y12.037 E.03843
G1 X36.767 Y15.571 E.23515
G1 X36.767 Y16.387 E.03843
G1 X33.233 Y12.854 E.23515
G1 X33.233 Y13.671 E.03843
G1 X36.767 Y17.204 E.23515
G1 X36.767 Y18.021 E.03843
G1 X33.233 Y14.487 E.23515
G1 X33.233 Y15.304 E.03843
G1 X36.767 Y18.838 E.23515
G1 X36.767 Y19.654 E.03843
G1 X33.233 Y16.121 E.23515
G1 X33.233 Y16.938 E.03843
G1 X36.767 Y20.471 E.23515
G1 X36.767 Y21.288 E.03843
G1 X33.233 Y17.754 E.23515
G1 X33.233 Y18.571 E.03843
G1 X36.767 Y22.104 E.23515
G1 X36.767 Y22.921 E.03843
G1 X33.233 Y19.388 E.23515
G1 X33.233 Y20.204 E.03843
G1 X36.767 Y23.738 E.23515
G1 X36.767 Y24.554 E.03843
G1 X33.233 Y21.021 E.23515
G1 X33.233 Y21.838 E.03843
G1 X36.767 Y25.371 E.23515
G1 X36.767 Y26.188 E.03843
G1 X33.233 Y22.654 E.23515
G1 X33.233 Y23.471 E.03843
G1 X36.767 Y27.005 E.23515
G1 X36.767 Y27.821 E.03843
G1 X33.233 Y24.288 E.23515
G1 X33.233 Y25.105 E.03843
G1 X36.767 Y28.638 E.23515
G1 X36.767 Y29.455 E.03843
G1 X33.233 Y25.921 E.23515
G1 X33.233 Y26.738 E.03843
G1 X36.767 Y30.271 E.23515
G1 X36.767 Y31.088 E.03843
G1 X33.233 Y27.555 E.23515
G1 X33.233 Y28.371 E.03843
G1 X36.767 Y31.905 E.23515
G1 X36.767 Y32.721 E.03843
M73 P91 R1
G1 X33.233 Y29.188 E.23515
G1 X33.233 Y30.005 E.03843
G1 X36.767 Y33.538 E.23515
G1 X36.767 Y34.355 E.03843
G1 X33.233 Y30.821 E.23515
G1 X33.233 Y31.638 E.03843
G1 X36.767 Y35.172 E.23515
G1 X36.767 Y35.988 E.03843
G1 X33.233 Y32.455 E.23515
G1 X33.233 Y33.272 E.03843
G1 X36.767 Y36.805 E.23515
G1 X36.767 Y37.622 E.03843
G1 X33.233 Y34.088 E.23515
G1 X33.233 Y34.905 E.03843
G1 X36.767 Y38.438 E.23515
G1 X36.767 Y39.255 E.03843
G1 X33.233 Y35.722 E.23515
G1 X33.233 Y36.538 E.03843
G1 X36.767 Y40.072 E.23515
G1 X36.767 Y40.888 E.03843
G1 X33.233 Y37.355 E.23515
G1 X33.233 Y38.172 E.03843
G1 X36.767 Y41.705 E.23515
G1 X36.767 Y42.522 E.03843
G1 X33.233 Y38.988 E.23515
G1 X33.233 Y39.805 E.03843
G1 X36.767 Y43.339 E.23515
G1 X36.767 Y44.155 E.03843
G1 X33.233 Y40.622 E.23515
G1 X33.233 Y41.439 E.03843
G1 X36.767 Y44.972 E.23515
G1 X36.767 Y45.789 E.03843
G1 X33.233 Y42.255 E.23515
G1 X33.233 Y43.072 E.03843
G1 X36.767 Y46.605 E.23515
G1 X36.767 Y47.422 E.03843
G1 X33.233 Y43.889 E.23515
G1 X33.233 Y44.705 E.03843
G1 X36.767 Y48.239 E.23515
G1 X36.767 Y49.055 E.03843
G1 X33.233 Y45.522 E.23515
G1 X33.233 Y46.339 E.03843
G1 X36.767 Y49.872 E.23515
G1 X36.767 Y50.689 E.03843
G1 X33.233 Y47.155 E.23515
G1 X33.233 Y47.972 E.03843
G1 X36.767 Y51.506 E.23515
G1 X36.767 Y52.322 E.03843
G1 X33.233 Y48.789 E.23515
G1 X33.233 Y49.606 E.03843
G1 X36.767 Y53.139 E.23515
G1 X36.767 Y53.956 E.03843
G1 X33.233 Y50.422 E.23515
G1 X33.233 Y51.239 E.03843
G1 X36.767 Y54.772 E.23515
G1 X36.767 Y55.589 E.03843
G1 X33.233 Y52.056 E.23515
G1 X33.233 Y52.872 E.03843
G1 X36.767 Y56.406 E.23515
G1 X36.767 Y57.222 E.03843
G1 X33.233 Y53.689 E.23515
G1 X33.233 Y54.506 E.03843
G1 X36.767 Y58.039 E.23515
G1 X36.767 Y58.856 E.03843
G1 X33.233 Y55.322 E.23515
G1 X33.233 Y56.139 E.03843
G1 X36.767 Y59.673 E.23515
G1 X36.767 Y60.489 E.03843
G1 X33.233 Y56.956 E.23515
G1 X33.233 Y57.773 E.03843
G1 X36.767 Y61.306 E.23515
G1 X36.767 Y62.123 E.03843
G1 X33.233 Y58.589 E.23515
G1 X33.233 Y59.406 E.03843
G1 X36.767 Y62.939 E.23515
G1 X36.767 Y63.756 E.03843
G1 X33.233 Y60.223 E.23515
G1 X33.233 Y61.039 E.03843
G1 X36.767 Y64.573 E.23515
G1 X36.767 Y65.389 E.03843
G1 X33.233 Y61.856 E.23515
G1 X33.233 Y62.673 E.03843
G1 X36.767 Y66.206 E.23515
G1 X36.767 Y67.023 E.03843
G1 X33.233 Y63.489 E.23515
G1 X33.233 Y64.306 E.03843
G1 X36.767 Y67.84 E.23515
G1 X36.767 Y68.656 E.03843
G1 X33.233 Y65.123 E.23515
G1 X33.233 Y65.94 E.03843
G1 X36.767 Y69.473 E.23515
G1 X36.767 Y70.29 E.03843
G1 X33.233 Y66.756 E.23515
G1 X33.233 Y67.573 E.03843
G1 X36.767 Y71.106 E.23515
G1 X36.767 Y71.923 E.03843
G1 X33.233 Y68.39 E.23515
G1 X33.233 Y69.206 E.03843
G1 X36.767 Y72.74 E.23515
G1 X36.767 Y73.556 E.03843
G1 X33.233 Y70.023 E.23515
G1 X33.233 Y70.84 E.03843
G1 X36.767 Y74.373 E.23515
G1 X36.767 Y75.19 E.03843
G1 X33.233 Y71.656 E.23515
G1 X33.233 Y72.473 E.03843
G1 X36.767 Y76.007 E.23515
G1 X36.767 Y76.823 E.03843
G1 X33.177 Y73.233 E.23891
G1 X32.36 Y73.233 E.03843
G1 X36.767 Y77.64 E.29326
G1 X36.767 Y77.767 E.00597
G1 X36.077 Y77.767 E.03247
G1 X31.543 Y73.233 E.3017
G1 X30.727 Y73.233 E.03843
G1 X35.26 Y77.767 E.3017
G1 X34.443 Y77.767 E.03843
G1 X29.91 Y73.233 E.3017
G1 X29.093 Y73.233 E.03843
G1 X33.627 Y77.767 E.3017
G1 X32.81 Y77.767 E.03843
G1 X28.277 Y73.233 E.3017
G1 X27.46 Y73.233 E.03843
G1 X31.993 Y77.767 E.3017
G1 X31.177 Y77.767 E.03843
G1 X26.643 Y73.233 E.3017
G1 X25.827 Y73.233 E.03843
G1 X30.36 Y77.767 E.3017
G1 X29.543 Y77.767 E.03843
G1 X25.01 Y73.233 E.3017
G1 X24.193 Y73.233 E.03843
G1 X28.726 Y77.767 E.3017
G1 X27.91 Y77.767 E.03843
G1 X23.376 Y73.233 E.3017
G1 X22.56 Y73.233 E.03843
G1 X27.093 Y77.767 E.3017
G1 X26.276 Y77.767 E.03843
G1 X21.743 Y73.233 E.3017
G1 X20.926 Y73.233 E.03843
G1 X25.46 Y77.767 E.3017
G1 X24.643 Y77.767 E.03843
G1 X20.11 Y73.233 E.3017
G1 X19.293 Y73.233 E.03843
G1 X23.826 Y77.767 E.3017
G1 X23.01 Y77.767 E.03843
G1 X18.476 Y73.233 E.3017
G1 X17.66 Y73.233 E.03843
G1 X22.193 Y77.767 E.3017
G1 X21.376 Y77.767 E.03843
G1 X16.843 Y73.233 E.3017
G1 X16.026 Y73.233 E.03843
G1 X20.559 Y77.767 E.3017
G1 X19.743 Y77.767 E.03843
G1 X15.209 Y73.233 E.3017
G1 X14.393 Y73.233 E.03843
G1 X18.926 Y77.767 E.3017
G1 X18.109 Y77.767 E.03843
G1 X13.576 Y73.233 E.3017
G1 X12.759 Y73.233 E.03843
G1 X17.293 Y77.767 E.3017
G1 X16.476 Y77.767 E.03843
G1 X11.943 Y73.233 E.3017
G1 X11.126 Y73.233 E.03843
G1 X15.659 Y77.767 E.3017
G1 X14.843 Y77.767 E.03843
G1 X10.309 Y73.233 E.3017
G1 X9.493 Y73.233 E.03843
G1 X14.026 Y77.767 E.3017
G1 X13.209 Y77.767 E.03843
G1 X8.676 Y73.233 E.3017
G1 X7.859 Y73.233 E.03843
G1 X12.392 Y77.767 E.3017
G1 X11.576 Y77.767 E.03843
G1 X7.042 Y73.233 E.3017
G1 X6.226 Y73.233 E.03843
G1 X10.759 Y77.767 E.3017
G1 X9.942 Y77.767 E.03843
G1 X5.409 Y73.233 E.3017
G1 X4.592 Y73.233 E.03843
G1 X9.126 Y77.767 E.3017
G1 X8.309 Y77.767 E.03843
G1 X3.776 Y73.233 E.3017
G1 X2.959 Y73.233 E.03843
G1 X7.492 Y77.767 E.3017
G1 X6.676 Y77.767 E.03843
G1 X2.142 Y73.233 E.3017
G1 X1.326 Y73.233 E.03843
G1 X5.859 Y77.767 E.3017
G1 X5.042 Y77.767 E.03843
G1 X.509 Y73.233 E.3017
G1 X-.308 Y73.233 E.03843
G1 X4.225 Y77.767 E.3017
G1 X3.409 Y77.767 E.03843
G1 X-1.125 Y73.233 E.3017
G1 X-1.941 Y73.233 E.03843
G1 X2.592 Y77.767 E.3017
G1 X1.775 Y77.767 E.03843
G1 X-2.758 Y73.233 E.3017
G1 X-3.575 Y73.233 E.03843
G1 X.959 Y77.767 E.3017
G1 X.142 Y77.767 E.03843
G1 X-4.391 Y73.233 E.3017
G1 X-5.208 Y73.233 E.03843
G1 X-.675 Y77.767 E.3017
G1 X-1.491 Y77.767 E.03843
G1 X-6.025 Y73.233 E.3017
G1 X-6.841 Y73.233 E.03843
G1 X-2.308 Y77.767 E.3017
G1 X-3.125 Y77.767 E.03843
G1 X-7.658 Y73.233 E.3017
G1 X-8.475 Y73.233 E.03843
G1 X-3.942 Y77.767 E.3017
G1 X-4.758 Y77.767 E.03843
G1 X-9.292 Y73.233 E.3017
G1 X-10.108 Y73.233 E.03843
G1 X-5.575 Y77.767 E.3017
G1 X-6.392 Y77.767 E.03843
G1 X-10.925 Y73.233 E.3017
G1 X-11.742 Y73.233 E.03843
G1 X-7.208 Y77.767 E.3017
G1 X-8.025 Y77.767 E.03843
G1 X-12.558 Y73.233 E.3017
G1 X-13.375 Y73.233 E.03843
G1 X-8.842 Y77.767 E.3017
G1 X-9.658 Y77.767 E.03843
G1 X-14.192 Y73.233 E.3017
G1 X-15.008 Y73.233 E.03843
G1 X-10.475 Y77.767 E.3017
G1 X-11.292 Y77.767 E.03843
G1 X-15.825 Y73.233 E.3017
G1 X-16.642 Y73.233 E.03843
G1 X-12.109 Y77.767 E.3017
G1 X-12.925 Y77.767 E.03843
G1 X-17.459 Y73.233 E.3017
G1 X-18.275 Y73.233 E.03843
G1 X-13.742 Y77.767 E.3017
G1 X-14.559 Y77.767 E.03843
G1 X-19.092 Y73.233 E.3017
G1 X-19.909 Y73.233 E.03843
G1 X-15.375 Y77.767 E.3017
G1 X-16.192 Y77.767 E.03843
G1 X-20.725 Y73.233 E.3017
G1 X-21.542 Y73.233 E.03843
G1 X-17.009 Y77.767 E.3017
G1 X-17.825 Y77.767 E.03843
G1 X-22.359 Y73.233 E.3017
G1 X-23.175 Y73.233 E.03843
G1 X-18.642 Y77.767 E.3017
G1 X-19.459 Y77.767 E.03843
G1 X-23.992 Y73.233 E.3017
G1 X-24.809 Y73.233 E.03843
G1 X-20.276 Y77.767 E.3017
G1 X-21.092 Y77.767 E.03843
G1 X-25.626 Y73.233 E.3017
G1 X-26.442 Y73.233 E.03843
G1 X-21.909 Y77.767 E.3017
G1 X-22.726 Y77.767 E.03843
G1 X-27.259 Y73.233 E.3017
G1 X-28.076 Y73.233 E.03843
G1 X-23.542 Y77.767 E.3017
G1 X-24.359 Y77.767 E.03843
G1 X-28.892 Y73.233 E.3017
G1 X-29.709 Y73.233 E.03843
G1 X-25.176 Y77.767 E.3017
G1 X-25.992 Y77.767 E.03843
G1 X-30.526 Y73.233 E.3017
G1 X-31.342 Y73.233 E.03843
G1 X-26.809 Y77.767 E.3017
G1 X-27.626 Y77.767 E.03843
G1 X-32.419 Y72.974 E.31898
M73 P92 R1
SET_VELOCITY_LIMIT ACCEL=10000
G1 X-32.974 Y-76.22 F30000
SET_VELOCITY_LIMIT ACCEL=7000
G1 F9000
G1 X-34.52 Y-77.767 E.1029
G1 X-35.337 Y-77.767 E.03843
G1 X-33.233 Y-75.663 E.13997
G1 X-33.233 Y-74.847 E.03843
G1 X-36.153 Y-77.767 E.19432
G1 X-36.767 Y-77.767 E.02887
G1 X-36.767 Y-77.563 E.00956
G1 X-33.233 Y-74.03 E.23515
G1 X-33.233 Y-73.213 E.03843
G1 X-36.767 Y-76.747 E.23515
G1 X-36.767 Y-75.93 E.03843
G1 X-33.233 Y-72.397 E.23515
G1 X-33.233 Y-71.58 E.03843
G1 X-36.767 Y-75.113 E.23515
G1 X-36.767 Y-74.297 E.03843
G1 X-33.233 Y-70.763 E.23515
G1 X-33.233 Y-69.947 E.03843
G1 X-36.767 Y-73.48 E.23515
G1 X-36.767 Y-72.663 E.03843
G1 X-33.233 Y-69.13 E.23515
G1 X-33.233 Y-68.313 E.03843
G1 X-36.767 Y-71.847 E.23515
G1 X-36.767 Y-71.03 E.03843
G1 X-33.233 Y-67.496 E.23515
G1 X-33.233 Y-66.68 E.03843
G1 X-36.767 Y-70.213 E.23515
G1 X-36.767 Y-69.396 E.03843
G1 X-33.233 Y-65.863 E.23515
G1 X-33.233 Y-65.046 E.03843
G1 X-36.767 Y-68.58 E.23515
G1 X-36.767 Y-67.763 E.03843
G1 X-33.233 Y-64.23 E.23515
G1 X-33.233 Y-63.413 E.03843
G1 X-36.767 Y-66.946 E.23515
G1 X-36.767 Y-66.13 E.03843
G1 X-33.233 Y-62.596 E.23515
G1 X-33.233 Y-61.78 E.03843
G1 X-36.767 Y-65.313 E.23515
G1 X-36.767 Y-64.496 E.03843
G1 X-33.233 Y-60.963 E.23515
G1 X-33.233 Y-60.146 E.03843
G1 X-36.767 Y-63.68 E.23515
G1 X-36.767 Y-62.863 E.03843
G1 X-33.233 Y-59.329 E.23515
G1 X-33.233 Y-58.513 E.03843
G1 X-36.767 Y-62.046 E.23515
G1 X-36.767 Y-61.229 E.03843
G1 X-33.233 Y-57.696 E.23515
G1 X-33.233 Y-56.879 E.03843
G1 X-36.767 Y-60.413 E.23515
G1 X-36.767 Y-59.596 E.03843
G1 X-33.233 Y-56.063 E.23515
G1 X-33.233 Y-55.246 E.03843
G1 X-36.767 Y-58.779 E.23515
G1 X-36.767 Y-57.963 E.03843
G1 X-33.233 Y-54.429 E.23515
G1 X-33.233 Y-53.613 E.03843
G1 X-36.767 Y-57.146 E.23515
G1 X-36.767 Y-56.329 E.03843
G1 X-33.233 Y-52.796 E.23515
G1 X-33.233 Y-51.979 E.03843
G1 X-36.767 Y-55.513 E.23515
G1 X-36.767 Y-54.696 E.03843
G1 X-33.233 Y-51.162 E.23515
G1 X-33.233 Y-50.346 E.03843
G1 X-36.767 Y-53.879 E.23515
G1 X-36.767 Y-53.062 E.03843
G1 X-33.233 Y-49.529 E.23515
G1 X-33.233 Y-48.712 E.03843
G1 X-36.767 Y-52.246 E.23515
G1 X-36.767 Y-51.429 E.03843
G1 X-33.233 Y-47.896 E.23515
G1 X-33.233 Y-47.079 E.03843
G1 X-36.767 Y-50.612 E.23515
G1 X-36.767 Y-49.796 E.03843
G1 X-33.233 Y-46.262 E.23515
G1 X-33.233 Y-45.446 E.03843
G1 X-36.767 Y-48.979 E.23515
G1 X-36.767 Y-48.162 E.03843
G1 X-33.233 Y-44.629 E.23515
G1 X-33.233 Y-43.812 E.03843
G1 X-36.767 Y-47.346 E.23515
G1 X-36.767 Y-46.529 E.03843
G1 X-33.233 Y-42.995 E.23515
G1 X-33.233 Y-42.179 E.03843
G1 X-36.767 Y-45.712 E.23515
G1 X-36.767 Y-44.895 E.03843
G1 X-33.233 Y-41.362 E.23515
G1 X-33.233 Y-40.545 E.03843
G1 X-36.767 Y-44.079 E.23515
G1 X-36.767 Y-43.262 E.03843
G1 X-33.233 Y-39.729 E.23515
G1 X-33.233 Y-38.912 E.03843
G1 X-36.767 Y-42.445 E.23515
G1 X-36.767 Y-41.629 E.03843
G1 X-33.233 Y-38.095 E.23515
G1 X-33.233 Y-37.279 E.03843
G1 X-36.767 Y-40.812 E.23515
G1 X-36.767 Y-39.995 E.03843
G1 X-33.233 Y-36.462 E.23515
G1 X-33.233 Y-35.645 E.03843
G1 X-36.767 Y-39.179 E.23515
G1 X-36.767 Y-38.362 E.03843
G1 X-33.233 Y-34.828 E.23515
G1 X-33.233 Y-34.012 E.03843
G1 X-36.767 Y-37.545 E.23515
G1 X-36.767 Y-36.728 E.03843
G1 X-33.233 Y-33.195 E.23515
G1 X-33.233 Y-32.378 E.03843
G1 X-36.767 Y-35.912 E.23515
G1 X-36.767 Y-35.095 E.03843
G1 X-33.233 Y-31.562 E.23515
G1 X-33.233 Y-30.745 E.03843
G1 X-36.767 Y-34.278 E.23515
G1 X-36.767 Y-33.462 E.03843
G1 X-33.233 Y-29.928 E.23515
G1 X-33.233 Y-29.112 E.03843
G1 X-36.767 Y-32.645 E.23515
G1 X-36.767 Y-31.828 E.03843
G1 X-33.233 Y-28.295 E.23515
G1 X-33.233 Y-27.478 E.03843
G1 X-36.767 Y-31.012 E.23515
G1 X-36.767 Y-30.195 E.03843
G1 X-33.233 Y-26.661 E.23515
G1 X-33.233 Y-25.845 E.03843
G1 X-36.767 Y-29.378 E.23515
G1 X-36.767 Y-28.561 E.03843
G1 X-33.233 Y-25.028 E.23515
G1 X-33.233 Y-24.211 E.03843
G1 X-36.767 Y-27.745 E.23515
G1 X-36.767 Y-26.928 E.03843
G1 X-33.233 Y-23.395 E.23515
G1 X-33.233 Y-22.578 E.03843
G1 X-36.767 Y-26.111 E.23515
G1 X-36.767 Y-25.295 E.03843
G1 X-33.233 Y-21.761 E.23515
G1 X-33.233 Y-20.945 E.03843
G1 X-36.767 Y-24.478 E.23515
G1 X-36.767 Y-23.661 E.03843
G1 X-33.233 Y-20.128 E.23515
G1 X-33.233 Y-19.311 E.03843
G1 X-36.767 Y-22.845 E.23515
G1 X-36.767 Y-22.028 E.03843
G1 X-33.233 Y-18.494 E.23515
G1 X-33.233 Y-17.678 E.03843
G1 X-36.767 Y-21.211 E.23515
G1 X-36.767 Y-20.394 E.03843
G1 X-33.233 Y-16.861 E.23515
G1 X-33.233 Y-16.044 E.03843
G1 X-36.767 Y-19.578 E.23515
G1 X-36.767 Y-18.761 E.03843
G1 X-33.233 Y-15.228 E.23515
G1 X-33.233 Y-14.411 E.03843
G1 X-36.767 Y-17.944 E.23515
G1 X-36.767 Y-17.128 E.03843
G1 X-33.233 Y-13.594 E.23515
G1 X-33.233 Y-12.778 E.03843
G1 X-36.767 Y-16.311 E.23515
G1 X-36.767 Y-15.494 E.03843
G1 X-33.233 Y-11.961 E.23515
G1 X-33.233 Y-11.144 E.03843
G1 X-36.767 Y-14.678 E.23515
G1 X-36.767 Y-13.861 E.03843
G1 X-33.233 Y-10.327 E.23515
G1 X-33.233 Y-9.511 E.03843
G1 X-36.767 Y-13.044 E.23515
G1 X-36.767 Y-12.227 E.03843
G1 X-33.233 Y-8.694 E.23515
G1 X-33.233 Y-7.877 E.03843
G1 X-36.767 Y-11.411 E.23515
G1 X-36.767 Y-10.594 E.03843
G1 X-33.233 Y-7.061 E.23515
G1 X-33.233 Y-6.244 E.03843
G1 X-36.767 Y-9.777 E.23515
G1 X-36.767 Y-8.961 E.03843
G1 X-33.233 Y-5.427 E.23515
G1 X-33.233 Y-4.611 E.03843
G1 X-36.767 Y-8.144 E.23515
G1 X-36.767 Y-7.327 E.03843
G1 X-33.233 Y-3.794 E.23515
G1 X-33.233 Y-2.977 E.03843
G1 X-36.767 Y-6.511 E.23515
G1 X-36.767 Y-5.694 E.03843
G1 X-33.233 Y-2.16 E.23515
G1 X-33.233 Y-1.344 E.03843
G1 X-36.767 Y-4.877 E.23515
G1 X-36.767 Y-4.06 E.03843
G1 X-33.233 Y-.527 E.23515
G1 X-33.233 Y.29 E.03843
G1 X-36.767 Y-3.244 E.23515
G1 X-36.767 Y-2.427 E.03843
G1 X-33.233 Y1.106 E.23515
G1 X-33.233 Y1.923 E.03843
G1 X-36.767 Y-1.61 E.23515
G1 X-36.767 Y-.794 E.03843
G1 X-33.233 Y2.74 E.23515
G1 X-33.233 Y3.556 E.03843
G1 X-36.767 Y.023 E.23515
G1 X-36.767 Y.84 E.03843
G1 X-33.233 Y4.373 E.23515
G1 X-33.233 Y5.19 E.03843
G1 X-36.767 Y1.656 E.23515
G1 X-36.767 Y2.473 E.03843
G1 X-33.233 Y6.007 E.23515
G1 X-33.233 Y6.823 E.03843
G1 X-36.767 Y3.29 E.23515
G1 X-36.767 Y4.107 E.03843
G1 X-33.233 Y7.64 E.23515
G1 X-33.233 Y8.457 E.03843
G1 X-36.767 Y4.923 E.23515
G1 X-36.767 Y5.74 E.03843
G1 X-33.233 Y9.273 E.23515
G1 X-33.233 Y10.09 E.03843
G1 X-36.767 Y6.557 E.23515
G1 X-36.767 Y7.373 E.03843
G1 X-33.233 Y10.907 E.23515
G1 X-33.233 Y11.723 E.03843
G1 X-36.767 Y8.19 E.23515
G1 X-36.767 Y9.007 E.03843
G1 X-33.233 Y12.54 E.23515
G1 X-33.233 Y13.357 E.03843
G1 X-36.767 Y9.823 E.23515
G1 X-36.767 Y10.64 E.03843
G1 X-33.233 Y14.173 E.23515
G1 X-33.233 Y14.99 E.03843
G1 X-36.767 Y11.457 E.23515
G1 X-36.767 Y12.274 E.03843
G1 X-33.233 Y15.807 E.23515
G1 X-33.233 Y16.624 E.03843
G1 X-36.767 Y13.09 E.23515
G1 X-36.767 Y13.907 E.03843
G1 X-33.233 Y17.44 E.23515
G1 X-33.233 Y18.257 E.03843
G1 X-36.767 Y14.724 E.23515
G1 X-36.767 Y15.54 E.03843
G1 X-33.233 Y19.074 E.23515
G1 X-33.233 Y19.89 E.03843
G1 X-36.767 Y16.357 E.23515
G1 X-36.767 Y17.174 E.03843
G1 X-33.233 Y20.707 E.23515
G1 X-33.233 Y21.524 E.03843
G1 X-36.767 Y17.99 E.23515
G1 X-36.767 Y18.807 E.03843
G1 X-33.233 Y22.34 E.23515
G1 X-33.233 Y23.157 E.03843
G1 X-36.767 Y19.624 E.23515
G1 X-36.767 Y20.441 E.03843
G1 X-33.233 Y23.974 E.23515
G1 X-33.233 Y24.791 E.03843
G1 X-36.767 Y21.257 E.23515
G1 X-36.767 Y22.074 E.03843
G1 X-33.233 Y25.607 E.23515
G1 X-33.233 Y26.424 E.03843
G1 X-36.767 Y22.891 E.23515
G1 X-36.767 Y23.707 E.03843
G1 X-33.233 Y27.241 E.23515
G1 X-33.233 Y28.057 E.03843
G1 X-36.767 Y24.524 E.23515
G1 X-36.767 Y25.341 E.03843
G1 X-33.233 Y28.874 E.23515
G1 X-33.233 Y29.691 E.03843
G1 X-36.767 Y26.157 E.23515
G1 X-36.767 Y26.974 E.03843
G1 X-33.233 Y30.507 E.23515
G1 X-33.233 Y31.324 E.03843
G1 X-36.767 Y27.791 E.23515
G1 X-36.767 Y28.608 E.03843
G1 X-33.233 Y32.141 E.23515
G1 X-33.233 Y32.958 E.03843
G1 X-36.767 Y29.424 E.23515
G1 X-36.767 Y30.241 E.03843
G1 X-33.233 Y33.774 E.23515
G1 X-33.233 Y34.591 E.03843
G1 X-36.767 Y31.058 E.23515
G1 X-36.767 Y31.874 E.03843
G1 X-33.233 Y35.408 E.23515
G1 X-33.233 Y36.224 E.03843
G1 X-36.767 Y32.691 E.23515
G1 X-36.767 Y33.508 E.03843
G1 X-33.233 Y37.041 E.23515
G1 X-33.233 Y37.858 E.03843
M73 P93 R1
G1 X-36.767 Y34.324 E.23515
G1 X-36.767 Y35.141 E.03843
G1 X-33.233 Y38.674 E.23515
G1 X-33.233 Y39.491 E.03843
G1 X-36.767 Y35.958 E.23515
G1 X-36.767 Y36.775 E.03843
G1 X-33.233 Y40.308 E.23515
G1 X-33.233 Y41.125 E.03843
G1 X-36.767 Y37.591 E.23515
G1 X-36.767 Y38.408 E.03843
G1 X-33.233 Y41.941 E.23515
G1 X-33.233 Y42.758 E.03843
G1 X-36.767 Y39.225 E.23515
G1 X-36.767 Y40.041 E.03843
G1 X-33.233 Y43.575 E.23515
G1 X-33.233 Y44.391 E.03843
G1 X-36.767 Y40.858 E.23515
G1 X-36.767 Y41.675 E.03843
G1 X-33.233 Y45.208 E.23515
G1 X-33.233 Y46.025 E.03843
G1 X-36.767 Y42.491 E.23515
G1 X-36.767 Y43.308 E.03843
G1 X-33.233 Y46.841 E.23515
G1 X-33.233 Y47.658 E.03843
G1 X-36.767 Y44.125 E.23515
G1 X-36.767 Y44.942 E.03843
G1 X-33.233 Y48.475 E.23515
G1 X-33.233 Y49.292 E.03843
G1 X-36.767 Y45.758 E.23515
G1 X-36.767 Y46.575 E.03843
G1 X-33.233 Y50.108 E.23515
G1 X-33.233 Y50.925 E.03843
G1 X-36.767 Y47.392 E.23515
G1 X-36.767 Y48.208 E.03843
G1 X-33.233 Y51.742 E.23515
G1 X-33.233 Y52.558 E.03843
G1 X-36.767 Y49.025 E.23515
G1 X-36.767 Y49.842 E.03843
G1 X-33.233 Y53.375 E.23515
G1 X-33.233 Y54.192 E.03843
G1 X-36.767 Y50.658 E.23515
G1 X-36.767 Y51.475 E.03843
G1 X-33.233 Y55.008 E.23515
G1 X-33.233 Y55.825 E.03843
G1 X-36.767 Y52.292 E.23515
G1 X-36.767 Y53.109 E.03843
G1 X-33.233 Y56.642 E.23515
G1 X-33.233 Y57.459 E.03843
G1 X-36.767 Y53.925 E.23515
G1 X-36.767 Y54.742 E.03843
G1 X-33.233 Y58.275 E.23515
G1 X-33.233 Y59.092 E.03843
G1 X-36.767 Y55.559 E.23515
G1 X-36.767 Y56.375 E.03843
G1 X-33.233 Y59.909 E.23515
G1 X-33.233 Y60.725 E.03843
G1 X-36.767 Y57.192 E.23515
G1 X-36.767 Y58.009 E.03843
G1 X-33.233 Y61.542 E.23515
G1 X-33.233 Y62.359 E.03843
G1 X-36.767 Y58.825 E.23515
G1 X-36.767 Y59.642 E.03843
G1 X-33.233 Y63.175 E.23515
G1 X-33.233 Y63.992 E.03843
G1 X-36.767 Y60.459 E.23515
G1 X-36.767 Y61.276 E.03843
G1 X-33.233 Y64.809 E.23515
G1 X-33.233 Y65.626 E.03843
G1 X-36.767 Y62.092 E.23515
G1 X-36.767 Y62.909 E.03843
G1 X-33.233 Y66.442 E.23515
G1 X-33.233 Y67.259 E.03843
G1 X-36.767 Y63.726 E.23515
G1 X-36.767 Y64.542 E.03843
G1 X-33.233 Y68.076 E.23515
G1 X-33.233 Y68.892 E.03843
G1 X-36.767 Y65.359 E.23515
G1 X-36.767 Y66.176 E.03843
G1 X-33.233 Y69.709 E.23515
G1 X-33.233 Y70.526 E.03843
G1 X-36.767 Y66.992 E.23515
G1 X-36.767 Y67.809 E.03843
G1 X-33.233 Y71.342 E.23515
G1 X-33.233 Y72.159 E.03843
G1 X-36.767 Y68.626 E.23515
G1 X-36.767 Y69.443 E.03843
G1 X-28.443 Y77.767 E.55398
G1 X-29.259 Y77.767 E.03843
G1 X-36.767 Y70.259 E.49963
G1 X-36.767 Y71.076 E.03843
G1 X-30.076 Y77.767 E.44527
G1 X-30.893 Y77.767 E.03843
G1 X-36.767 Y71.893 E.39092
G1 X-36.767 Y72.709 E.03843
G1 X-31.709 Y77.767 E.33657
G1 X-32.526 Y77.767 E.03843
G1 X-36.767 Y73.526 E.28222
G1 X-36.767 Y74.343 E.03843
G1 X-33.343 Y77.767 E.22787
G1 X-34.159 Y77.767 E.03843
G1 X-36.767 Y75.159 E.17351
G1 X-36.767 Y75.976 E.03843
G1 X-34.976 Y77.767 E.11916
G1 X-35.793 Y77.767 E.03843
G1 X-37.026 Y76.533 E.08209
SET_VELOCITY_LIMIT ACCEL=10000
G1 E-1.2 F2100
;WIPE_START
G1 F9000
G1 X-35.793 Y77.767
G1 X-35.537 Y77.767
;WIPE_END
G1 X-32.309 Y70.85 Z6.2 F30000
G1 X36.582 Y-76.754 Z6.2
G1 Z5.8
G1 E1.2 F2100
SET_VELOCITY_LIMIT ACCEL=7000
;WIDTH:0.527842
G1 F9000
G1 X36.582 Y-77.582 E.03271
G1 X35.754 Y-77.582 E.03271
G1 X36.556 Y-76.78 E.04484
;LAYER_CHANGE
;Z:6
;HEIGHT:0.2
;BEFORE_LAYER_CHANGE
;6
G1 E-1.2 F2100
;WIPE_START
G1 F9000
G1 X35.754 Y-77.582
G1 X36.582 Y-77.582
G1 X36.582 Y-77.544
;WIPE_END
;AFTER_LAYER_CHANGE
;6
;_SET_FAN_SPEED_CHANGING_LAYER
SET_VELOCITY_LIMIT ACCEL=10000
G17
G3 Z6.4 I-1.217 J-.03 P1  F30000
G1 X32.887 Y72.887 Z6.4
G1 Z6
G1 E1.2 F2100
SET_VELOCITY_LIMIT ACCEL=5000
;TYPE:Inner wall
;WIDTH:0.62
G1 F9000
G1 X32.887 Y-78.113 E7.10073
G1 X37.113 Y-78.113 E.19872
G1 X37.113 Y78.113 E7.34647
G1 X-37.113 Y78.113 E3.49045
G1 X-37.113 Y-78.113 E7.34647
G1 X-32.887 Y-78.113 E.19872
G1 X-32.887 Y72.887 E7.10073
G1 X32.851 Y72.887 E3.09132
SET_VELOCITY_LIMIT ACCEL=10000
G1 X32.31 Y72.31 F30000
M73 P94 R1
SET_VELOCITY_LIMIT ACCEL=5000
;TYPE:Outer wall
G1 F7200
G1 X32.31 Y-78.69 E7.10073
G1 X37.69 Y-78.69 E.25299
G1 X37.69 Y78.69 E7.40074
G1 X-37.69 Y78.69 E3.54472
M73 P94 R0
G1 X-37.69 Y-78.69 E7.40074
G1 X-32.31 Y-78.69 E.25299
G1 X-32.31 Y72.31 E7.10073
G1 X32.274 Y72.31 E3.03704
SET_VELOCITY_LIMIT ACCEL=10000
G1 E-1.2 F2100
;WIPE_START
G1 F7200
G1 X32.274 Y70.31
;WIPE_END
G1 X36.743 Y76.498 Z6.4 F30000
G1 X36.94 Y76.77 Z6.4
G1 Z6
G1 E1.2 F2100
SET_VELOCITY_LIMIT ACCEL=2000
;TYPE:Top surface
;WIDTH:0.621375
G1 F7200
G1 X35.77 Y77.94 E.07796
SET_VELOCITY_LIMIT ACCEL=10000
G1 X34.952 Y77.94 F30000
SET_VELOCITY_LIMIT ACCEL=2000
G1 F7200
G1 X36.94 Y75.952 E.13249
SET_VELOCITY_LIMIT ACCEL=10000
G1 X36.94 Y75.134 F30000
SET_VELOCITY_LIMIT ACCEL=2000
G1 F7200
G1 X34.134 Y77.94 E.18702
SET_VELOCITY_LIMIT ACCEL=10000
G1 X33.316 Y77.94 F30000
SET_VELOCITY_LIMIT ACCEL=2000
G1 F7200
G1 X36.94 Y74.316 E.24156
SET_VELOCITY_LIMIT ACCEL=10000
G1 X36.94 Y73.498 F30000
SET_VELOCITY_LIMIT ACCEL=2000
G1 F7200
G1 X32.498 Y77.94 E.29609
SET_VELOCITY_LIMIT ACCEL=10000
G1 X31.68 Y77.94 F30000
SET_VELOCITY_LIMIT ACCEL=2000
G1 F7200
G1 X36.94 Y72.68 E.35062
SET_VELOCITY_LIMIT ACCEL=10000
G1 X36.94 Y71.862 F30000
SET_VELOCITY_LIMIT ACCEL=2000
G1 F7200
G1 X30.862 Y77.94 E.40516
SET_VELOCITY_LIMIT ACCEL=10000
G1 X30.044 Y77.94 F30000
SET_VELOCITY_LIMIT ACCEL=2000
G1 F7200
G1 X36.94 Y71.044 E.45969
SET_VELOCITY_LIMIT ACCEL=10000
G1 X36.94 Y70.226 F30000
SET_VELOCITY_LIMIT ACCEL=2000
G1 F7200
G1 X29.226 Y77.94 E.51422
SET_VELOCITY_LIMIT ACCEL=10000
G1 X28.408 Y77.94 F30000
SET_VELOCITY_LIMIT ACCEL=2000
G1 F7200
G1 X36.94 Y69.408 E.56875
SET_VELOCITY_LIMIT ACCEL=10000
G1 X36.94 Y68.59 F30000
SET_VELOCITY_LIMIT ACCEL=2000
G1 F7200
G1 X33.06 Y72.469 E.25862
SET_VELOCITY_LIMIT ACCEL=10000
G1 X33.06 Y71.651 F30000
SET_VELOCITY_LIMIT ACCEL=2000
G1 F7200
G1 X36.94 Y67.772 E.25862
SET_VELOCITY_LIMIT ACCEL=10000
G1 X36.94 Y66.954 F30000
SET_VELOCITY_LIMIT ACCEL=2000
G1 F7200
G1 X33.06 Y70.833 E.25862
SET_VELOCITY_LIMIT ACCEL=10000
G1 X33.06 Y70.015 F30000
SET_VELOCITY_LIMIT ACCEL=2000
G1 F7200
G1 X36.94 Y66.136 E.25862
SET_VELOCITY_LIMIT ACCEL=10000
G1 X36.94 Y65.318 F30000
SET_VELOCITY_LIMIT ACCEL=2000
G1 F7200
G1 X33.06 Y69.197 E.25862
SET_VELOCITY_LIMIT ACCEL=10000
G1 X33.06 Y68.379 F30000
SET_VELOCITY_LIMIT ACCEL=2000
G1 F7200
G1 X36.94 Y64.499 E.25862
SET_VELOCITY_LIMIT ACCEL=10000
G1 X36.94 Y63.681 F30000
SET_VELOCITY_LIMIT ACCEL=2000
G1 F7200
G1 X33.06 Y67.561 E.25862
SET_VELOCITY_LIMIT ACCEL=10000
G1 X33.06 Y66.743 F30000
SET_VELOCITY_LIMIT ACCEL=2000
G1 F7200
G1 X36.94 Y62.863 E.25862
SET_VELOCITY_LIMIT ACCEL=10000
G1 X36.94 Y62.045 F30000
SET_VELOCITY_LIMIT ACCEL=2000
G1 F7200
G1 X33.06 Y65.925 E.25862
SET_VELOCITY_LIMIT ACCEL=10000
G1 X33.06 Y65.107 F30000
SET_VELOCITY_LIMIT ACCEL=2000
G1 F7200
G1 X36.94 Y61.227 E.25862
SET_VELOCITY_LIMIT ACCEL=10000
G1 X36.94 Y60.409 F30000
SET_VELOCITY_LIMIT ACCEL=2000
G1 F7200
G1 X33.06 Y64.289 E.25862
SET_VELOCITY_LIMIT ACCEL=10000
G1 X33.06 Y63.471 F30000
SET_VELOCITY_LIMIT ACCEL=2000
G1 F7200
G1 X36.94 Y59.591 E.25862
SET_VELOCITY_LIMIT ACCEL=10000
G1 X36.94 Y58.773 F30000
SET_VELOCITY_LIMIT ACCEL=2000
G1 F7200
G1 X33.06 Y62.653 E.25862
SET_VELOCITY_LIMIT ACCEL=10000
G1 X33.06 Y61.835 F30000
SET_VELOCITY_LIMIT ACCEL=2000
G1 F7200
G1 X36.94 Y57.955 E.25862
SET_VELOCITY_LIMIT ACCEL=10000
G1 X36.94 Y57.137 F30000
SET_VELOCITY_LIMIT ACCEL=2000
G1 F7200
G1 X33.06 Y61.017 E.25862
SET_VELOCITY_LIMIT ACCEL=10000
G1 X33.06 Y60.198 F30000
SET_VELOCITY_LIMIT ACCEL=2000
G1 F7200
G1 X36.94 Y56.319 E.25862
SET_VELOCITY_LIMIT ACCEL=10000
G1 X36.94 Y55.501 F30000
SET_VELOCITY_LIMIT ACCEL=2000
G1 F7200
G1 X33.06 Y59.38 E.25862
SET_VELOCITY_LIMIT ACCEL=10000
G1 X33.06 Y58.562 F30000
SET_VELOCITY_LIMIT ACCEL=2000
G1 F7200
G1 X36.94 Y54.683 E.25862
SET_VELOCITY_LIMIT ACCEL=10000
G1 X36.94 Y53.865 F30000
SET_VELOCITY_LIMIT ACCEL=2000
G1 F7200
G1 X33.06 Y57.744 E.25862
SET_VELOCITY_LIMIT ACCEL=10000
G1 X33.06 Y56.926 F30000
M73 P95 R0
SET_VELOCITY_LIMIT ACCEL=2000
G1 F7200
G1 X36.94 Y53.047 E.25862
SET_VELOCITY_LIMIT ACCEL=10000
G1 X36.94 Y52.229 F30000
SET_VELOCITY_LIMIT ACCEL=2000
G1 F7200
G1 X33.06 Y56.108 E.25862
SET_VELOCITY_LIMIT ACCEL=10000
G1 X33.06 Y55.29 F30000
SET_VELOCITY_LIMIT ACCEL=2000
G1 F7200
G1 X36.94 Y51.411 E.25862
SET_VELOCITY_LIMIT ACCEL=10000
G1 X36.94 Y50.592 F30000
SET_VELOCITY_LIMIT ACCEL=2000
G1 F7200
G1 X33.06 Y54.472 E.25862
SET_VELOCITY_LIMIT ACCEL=10000
G1 X33.06 Y53.654 F30000
SET_VELOCITY_LIMIT ACCEL=2000
G1 F7200
G1 X36.94 Y49.774 E.25862
SET_VELOCITY_LIMIT ACCEL=10000
G1 X36.94 Y48.956 F30000
SET_VELOCITY_LIMIT ACCEL=2000
G1 F7200
G1 X33.06 Y52.836 E.25862
SET_VELOCITY_LIMIT ACCEL=10000
G1 X33.06 Y52.018 F30000
SET_VELOCITY_LIMIT ACCEL=2000
G1 F7200
G1 X36.94 Y48.138 E.25862
SET_VELOCITY_LIMIT ACCEL=10000
G1 X36.94 Y47.32 F30000
SET_VELOCITY_LIMIT ACCEL=2000
G1 F7200
G1 X33.06 Y51.2 E.25862
SET_VELOCITY_LIMIT ACCEL=10000
G1 X33.06 Y50.382 F30000
SET_VELOCITY_LIMIT ACCEL=2000
G1 F7200
G1 X36.94 Y46.502 E.25862
SET_VELOCITY_LIMIT ACCEL=10000
G1 X36.94 Y45.684 F30000
SET_VELOCITY_LIMIT ACCEL=2000
G1 F7200
G1 X33.06 Y49.564 E.25862
SET_VELOCITY_LIMIT ACCEL=10000
G1 X33.06 Y48.746 F30000
SET_VELOCITY_LIMIT ACCEL=2000
G1 F7200
G1 X36.94 Y44.866 E.25862
SET_VELOCITY_LIMIT ACCEL=10000
G1 X36.94 Y44.048 F30000
SET_VELOCITY_LIMIT ACCEL=2000
G1 F7200
G1 X33.06 Y47.928 E.25862
SET_VELOCITY_LIMIT ACCEL=10000
G1 X33.06 Y47.11 F30000
SET_VELOCITY_LIMIT ACCEL=2000
G1 F7200
G1 X36.94 Y43.23 E.25862
SET_VELOCITY_LIMIT ACCEL=10000
G1 X36.94 Y42.412 F30000
SET_VELOCITY_LIMIT ACCEL=2000
G1 F7200
G1 X33.06 Y46.291 E.25862
SET_VELOCITY_LIMIT ACCEL=10000
G1 X33.06 Y45.473 F30000
SET_VELOCITY_LIMIT ACCEL=2000
G1 F7200
G1 X36.94 Y41.594 E.25862
SET_VELOCITY_LIMIT ACCEL=10000
G1 X36.94 Y40.776 F30000
SET_VELOCITY_LIMIT ACCEL=2000
G1 F7200
G1 X33.06 Y44.655 E.25862
SET_VELOCITY_LIMIT ACCEL=10000
G1 X33.06 Y43.837 F30000
SET_VELOCITY_LIMIT ACCEL=2000
G1 F7200
G1 X36.94 Y39.958 E.25862
SET_VELOCITY_LIMIT ACCEL=10000
G1 X36.94 Y39.14 F30000
SET_VELOCITY_LIMIT ACCEL=2000
G1 F7200
G1 X33.06 Y43.019 E.25862
SET_VELOCITY_LIMIT ACCEL=10000
G1 X33.06 Y42.201 F30000
SET_VELOCITY_LIMIT ACCEL=2000
G1 F7200
G1 X36.94 Y38.322 E.25862
SET_VELOCITY_LIMIT ACCEL=10000
G1 X36.94 Y37.504 F30000
SET_VELOCITY_LIMIT ACCEL=2000
G1 F7200
G1 X33.06 Y41.383 E.25862
SET_VELOCITY_LIMIT ACCEL=10000
G1 X33.06 Y40.565 F30000
SET_VELOCITY_LIMIT ACCEL=2000
G1 F7200
G1 X36.94 Y36.685 E.25862
SET_VELOCITY_LIMIT ACCEL=10000
G1 X36.94 Y35.867 F30000
SET_VELOCITY_LIMIT ACCEL=2000
G1 F7200
G1 X33.06 Y39.747 E.25862
SET_VELOCITY_LIMIT ACCEL=10000
G1 X33.06 Y38.929 F30000
SET_VELOCITY_LIMIT ACCEL=2000
G1 F7200
G1 X36.94 Y35.049 E.25862
SET_VELOCITY_LIMIT ACCEL=10000
G1 X36.94 Y34.231 F30000
SET_VELOCITY_LIMIT ACCEL=2000
G1 F7200
G1 X33.06 Y38.111 E.25862
SET_VELOCITY_LIMIT ACCEL=10000
G1 X33.06 Y37.293 F30000
SET_VELOCITY_LIMIT ACCEL=2000
G1 F7200
G1 X36.94 Y33.413 E.25862
SET_VELOCITY_LIMIT ACCEL=10000
G1 X36.94 Y32.595 F30000
SET_VELOCITY_LIMIT ACCEL=2000
G1 F7200
G1 X33.06 Y36.475 E.25862
SET_VELOCITY_LIMIT ACCEL=10000
G1 X33.06 Y35.657 F30000
SET_VELOCITY_LIMIT ACCEL=2000
G1 F7200
G1 X36.94 Y31.777 E.25862
SET_VELOCITY_LIMIT ACCEL=10000
G1 X36.94 Y30.959 F30000
SET_VELOCITY_LIMIT ACCEL=2000
G1 F7200
G1 X33.06 Y34.839 E.25862
SET_VELOCITY_LIMIT ACCEL=10000
G1 X33.06 Y34.021 F30000
SET_VELOCITY_LIMIT ACCEL=2000
G1 F7200
G1 X36.94 Y30.141 E.25862
SET_VELOCITY_LIMIT ACCEL=10000
G1 X36.94 Y29.323 F30000
SET_VELOCITY_LIMIT ACCEL=2000
G1 F7200
G1 X33.06 Y33.203 E.25862
SET_VELOCITY_LIMIT ACCEL=10000
G1 X33.06 Y32.384 F30000
SET_VELOCITY_LIMIT ACCEL=2000
G1 F7200
G1 X36.94 Y28.505 E.25862
SET_VELOCITY_LIMIT ACCEL=10000
G1 X36.94 Y27.687 F30000
SET_VELOCITY_LIMIT ACCEL=2000
G1 F7200
G1 X33.06 Y31.566 E.25862
SET_VELOCITY_LIMIT ACCEL=10000
G1 X33.06 Y30.748 F30000
SET_VELOCITY_LIMIT ACCEL=2000
G1 F7200
G1 X36.94 Y26.869 E.25862
SET_VELOCITY_LIMIT ACCEL=10000
G1 X36.94 Y26.051 F30000
SET_VELOCITY_LIMIT ACCEL=2000
G1 F7200
G1 X33.06 Y29.93 E.25862
SET_VELOCITY_LIMIT ACCEL=10000
G1 X33.06 Y29.112 F30000
SET_VELOCITY_LIMIT ACCEL=2000
G1 F7200
G1 X36.94 Y25.233 E.25862
SET_VELOCITY_LIMIT ACCEL=10000
G1 X36.94 Y24.415 F30000
SET_VELOCITY_LIMIT ACCEL=2000
G1 F7200
G1 X33.06 Y28.294 E.25862
SET_VELOCITY_LIMIT ACCEL=10000
G1 X33.06 Y27.476 F30000
SET_VELOCITY_LIMIT ACCEL=2000
G1 F7200
G1 X36.94 Y23.597 E.25862
SET_VELOCITY_LIMIT ACCEL=10000
G1 X36.94 Y22.778 F30000
SET_VELOCITY_LIMIT ACCEL=2000
G1 F7200
G1 X33.06 Y26.658 E.25862
SET_VELOCITY_LIMIT ACCEL=10000
G1 X33.06 Y25.84 F30000
SET_VELOCITY_LIMIT ACCEL=2000
G1 F7200
G1 X36.94 Y21.96 E.25862
SET_VELOCITY_LIMIT ACCEL=10000
G1 X36.94 Y21.142 F30000
SET_VELOCITY_LIMIT ACCEL=2000
G1 F7200
G1 X33.06 Y25.022 E.25862
SET_VELOCITY_LIMIT ACCEL=10000
G1 X33.06 Y24.204 F30000
SET_VELOCITY_LIMIT ACCEL=2000
G1 F7200
G1 X36.94 Y20.324 E.25862
SET_VELOCITY_LIMIT ACCEL=10000
G1 X36.94 Y19.506 F30000
SET_VELOCITY_LIMIT ACCEL=2000
G1 F7200
G1 X33.06 Y23.386 E.25862
SET_VELOCITY_LIMIT ACCEL=10000
G1 X33.06 Y22.568 F30000
SET_VELOCITY_LIMIT ACCEL=2000
G1 F7200
G1 X36.94 Y18.688 E.25862
SET_VELOCITY_LIMIT ACCEL=10000
G1 X36.94 Y17.87 F30000
SET_VELOCITY_LIMIT ACCEL=2000
G1 F7200
G1 X33.06 Y21.75 E.25862
SET_VELOCITY_LIMIT ACCEL=10000
G1 X33.06 Y20.932 F30000
SET_VELOCITY_LIMIT ACCEL=2000
G1 F7200
G1 X36.94 Y17.052 E.25862
SET_VELOCITY_LIMIT ACCEL=10000
G1 X36.94 Y16.234 F30000
SET_VELOCITY_LIMIT ACCEL=2000
G1 F7200
G1 X33.06 Y20.114 E.25862
SET_VELOCITY_LIMIT ACCEL=10000
G1 X33.06 Y19.296 F30000
SET_VELOCITY_LIMIT ACCEL=2000
G1 F7200
G1 X36.94 Y15.416 E.25862
SET_VELOCITY_LIMIT ACCEL=10000
G1 X36.94 Y14.598 F30000
SET_VELOCITY_LIMIT ACCEL=2000
G1 F7200
G1 X33.06 Y18.477 E.25862
SET_VELOCITY_LIMIT ACCEL=10000
G1 X33.06 Y17.659 F30000
SET_VELOCITY_LIMIT ACCEL=2000
G1 F7200
G1 X36.94 Y13.78 E.25862
SET_VELOCITY_LIMIT ACCEL=10000
G1 X36.94 Y12.962 F30000
SET_VELOCITY_LIMIT ACCEL=2000
G1 F7200
G1 X33.06 Y16.841 E.25862
SET_VELOCITY_LIMIT ACCEL=10000
G1 X33.06 Y16.023 F30000
SET_VELOCITY_LIMIT ACCEL=2000
G1 F7200
G1 X36.94 Y12.144 E.25862
SET_VELOCITY_LIMIT ACCEL=10000
G1 X36.94 Y11.326 F30000
SET_VELOCITY_LIMIT ACCEL=2000
G1 F7200
G1 X33.06 Y15.205 E.25862
SET_VELOCITY_LIMIT ACCEL=10000
G1 X33.06 Y14.387 F30000
SET_VELOCITY_LIMIT ACCEL=2000
G1 F7200
G1 X36.94 Y10.508 E.25862
SET_VELOCITY_LIMIT ACCEL=10000
G1 X36.94 Y9.69 F30000
SET_VELOCITY_LIMIT ACCEL=2000
G1 F7200
G1 X33.06 Y13.569 E.25862
SET_VELOCITY_LIMIT ACCEL=10000
G1 X33.06 Y12.751 F30000
SET_VELOCITY_LIMIT ACCEL=2000
G1 F7200
G1 X36.94 Y8.871 E.25862
SET_VELOCITY_LIMIT ACCEL=10000
G1 X36.94 Y8.053 F30000
SET_VELOCITY_LIMIT ACCEL=2000
G1 F7200
G1 X33.06 Y11.933 E.25862
SET_VELOCITY_LIMIT ACCEL=10000
G1 X33.06 Y11.115 F30000
SET_VELOCITY_LIMIT ACCEL=2000
G1 F7200
G1 X36.94 Y7.235 E.25862
SET_VELOCITY_LIMIT ACCEL=10000
G1 X36.94 Y6.417 F30000
SET_VELOCITY_LIMIT ACCEL=2000
G1 F7200
G1 X33.06 Y10.297 E.25862
SET_VELOCITY_LIMIT ACCEL=10000
G1 X33.06 Y9.479 F30000
SET_VELOCITY_LIMIT ACCEL=2000
G1 F7200
G1 X36.94 Y5.599 E.25862
SET_VELOCITY_LIMIT ACCEL=10000
G1 X36.94 Y4.781 F30000
SET_VELOCITY_LIMIT ACCEL=2000
G1 F7200
G1 X33.06 Y8.661 E.25862
SET_VELOCITY_LIMIT ACCEL=10000
G1 X33.06 Y7.843 F30000
SET_VELOCITY_LIMIT ACCEL=2000
G1 F7200
G1 X36.94 Y3.963 E.25862
SET_VELOCITY_LIMIT ACCEL=10000
G1 X36.94 Y3.145 F30000
SET_VELOCITY_LIMIT ACCEL=2000
G1 F7200
G1 X33.06 Y7.025 E.25862
SET_VELOCITY_LIMIT ACCEL=10000
G1 X33.06 Y6.207 F30000
SET_VELOCITY_LIMIT ACCEL=2000
G1 F7200
G1 X36.94 Y2.327 E.25862
SET_VELOCITY_LIMIT ACCEL=10000
G1 X36.94 Y1.509 F30000
SET_VELOCITY_LIMIT ACCEL=2000
G1 F7200
G1 X33.06 Y5.389 E.25862
SET_VELOCITY_LIMIT ACCEL=10000
G1 X33.06 Y4.57 F30000
SET_VELOCITY_LIMIT ACCEL=2000
G1 F7200
G1 X36.94 Y.691 E.25862
SET_VELOCITY_LIMIT ACCEL=10000
G1 X36.94 Y-.127 F30000
SET_VELOCITY_LIMIT ACCEL=2000
G1 F7200
G1 X33.06 Y3.752 E.25862
SET_VELOCITY_LIMIT ACCEL=10000
G1 X33.06 Y2.934 F30000
SET_VELOCITY_LIMIT ACCEL=2000
G1 F7200
G1 X36.94 Y-.945 E.25862
SET_VELOCITY_LIMIT ACCEL=10000
G1 X36.94 Y-1.763 F30000
SET_VELOCITY_LIMIT ACCEL=2000
G1 F7200
G1 X33.06 Y2.116 E.25862
SET_VELOCITY_LIMIT ACCEL=10000
G1 X33.06 Y1.298 F30000
SET_VELOCITY_LIMIT ACCEL=2000
G1 F7200
G1 X36.94 Y-2.581 E.25862
SET_VELOCITY_LIMIT ACCEL=10000
G1 X36.94 Y-3.399 F30000
SET_VELOCITY_LIMIT ACCEL=2000
G1 F7200
G1 X33.06 Y.48 E.25862
SET_VELOCITY_LIMIT ACCEL=10000
G1 X33.06 Y-.338 F30000
SET_VELOCITY_LIMIT ACCEL=2000
G1 F7200
G1 X36.94 Y-4.217 E.25862
SET_VELOCITY_LIMIT ACCEL=10000
G1 X36.94 Y-5.036 F30000
SET_VELOCITY_LIMIT ACCEL=2000
G1 F7200
G1 X33.06 Y-1.156 E.25862
SET_VELOCITY_LIMIT ACCEL=10000
G1 X33.06 Y-1.974 F30000
SET_VELOCITY_LIMIT ACCEL=2000
G1 F7200
G1 X36.94 Y-5.854 E.25862
SET_VELOCITY_LIMIT ACCEL=10000
G1 X36.94 Y-6.672 F30000
SET_VELOCITY_LIMIT ACCEL=2000
G1 F7200
G1 X33.06 Y-2.792 E.25862
SET_VELOCITY_LIMIT ACCEL=10000
G1 X33.06 Y-3.61 F30000
SET_VELOCITY_LIMIT ACCEL=2000
G1 F7200
G1 X36.94 Y-7.49 E.25862
SET_VELOCITY_LIMIT ACCEL=10000
G1 X36.94 Y-8.308 F30000
SET_VELOCITY_LIMIT ACCEL=2000
G1 F7200
G1 X33.06 Y-4.428 E.25862
SET_VELOCITY_LIMIT ACCEL=10000
G1 X33.06 Y-5.246 F30000
SET_VELOCITY_LIMIT ACCEL=2000
G1 F7200
G1 X36.94 Y-9.126 E.25862
SET_VELOCITY_LIMIT ACCEL=10000
G1 X36.94 Y-9.944 F30000
SET_VELOCITY_LIMIT ACCEL=2000
G1 F7200
G1 X33.06 Y-6.064 E.25862
SET_VELOCITY_LIMIT ACCEL=10000
G1 X33.06 Y-6.882 F30000
SET_VELOCITY_LIMIT ACCEL=2000
G1 F7200
G1 X36.94 Y-10.762 E.25862
SET_VELOCITY_LIMIT ACCEL=10000
G1 X36.94 Y-11.58 F30000
SET_VELOCITY_LIMIT ACCEL=2000
G1 F7200
G1 X33.06 Y-7.7 E.25862
SET_VELOCITY_LIMIT ACCEL=10000
G1 X33.06 Y-8.518 F30000
SET_VELOCITY_LIMIT ACCEL=2000
G1 F7200
G1 X36.94 Y-12.398 E.25862
SET_VELOCITY_LIMIT ACCEL=10000
G1 X36.94 Y-13.216 F30000
SET_VELOCITY_LIMIT ACCEL=2000
G1 F7200
G1 X33.06 Y-9.337 E.25862
SET_VELOCITY_LIMIT ACCEL=10000
G1 X33.06 Y-10.155 F30000
SET_VELOCITY_LIMIT ACCEL=2000
G1 F7200
G1 X36.94 Y-14.034 E.25862
SET_VELOCITY_LIMIT ACCEL=10000
G1 X36.94 Y-14.852 F30000
SET_VELOCITY_LIMIT ACCEL=2000
G1 F7200
G1 X33.06 Y-10.973 E.25862
SET_VELOCITY_LIMIT ACCEL=10000
G1 X33.06 Y-11.791 F30000
SET_VELOCITY_LIMIT ACCEL=2000
G1 F7200
G1 X36.94 Y-15.67 E.25862
SET_VELOCITY_LIMIT ACCEL=10000
G1 X36.94 Y-16.488 F30000
SET_VELOCITY_LIMIT ACCEL=2000
G1 F7200
G1 X33.06 Y-12.609 E.25862
SET_VELOCITY_LIMIT ACCEL=10000
G1 X33.06 Y-13.427 F30000
SET_VELOCITY_LIMIT ACCEL=2000
G1 F7200
G1 X36.94 Y-17.306 E.25862
SET_VELOCITY_LIMIT ACCEL=10000
G1 X36.94 Y-18.124 F30000
SET_VELOCITY_LIMIT ACCEL=2000
G1 F7200
G1 X33.06 Y-14.245 E.25862
SET_VELOCITY_LIMIT ACCEL=10000
G1 X33.06 Y-15.063 F30000
SET_VELOCITY_LIMIT ACCEL=2000
G1 F7200
G1 X36.94 Y-18.943 E.25862
SET_VELOCITY_LIMIT ACCEL=10000
G1 X36.94 Y-19.761 F30000
SET_VELOCITY_LIMIT ACCEL=2000
G1 F7200
G1 X33.06 Y-15.881 E.25862
SET_VELOCITY_LIMIT ACCEL=10000
G1 X33.06 Y-16.699 F30000
SET_VELOCITY_LIMIT ACCEL=2000
G1 F7200
M73 P96 R0
G1 X36.94 Y-20.579 E.25862
SET_VELOCITY_LIMIT ACCEL=10000
G1 X36.94 Y-21.397 F30000
SET_VELOCITY_LIMIT ACCEL=2000
G1 F7200
G1 X33.06 Y-17.517 E.25862
SET_VELOCITY_LIMIT ACCEL=10000
G1 X33.06 Y-18.335 F30000
SET_VELOCITY_LIMIT ACCEL=2000
G1 F7200
G1 X36.94 Y-22.215 E.25862
SET_VELOCITY_LIMIT ACCEL=10000
G1 X36.94 Y-23.033 F30000
SET_VELOCITY_LIMIT ACCEL=2000
G1 F7200
G1 X33.06 Y-19.153 E.25862
SET_VELOCITY_LIMIT ACCEL=10000
G1 X33.06 Y-19.971 F30000
SET_VELOCITY_LIMIT ACCEL=2000
G1 F7200
G1 X36.94 Y-23.851 E.25862
SET_VELOCITY_LIMIT ACCEL=10000
G1 X36.94 Y-24.669 F30000
SET_VELOCITY_LIMIT ACCEL=2000
G1 F7200
G1 X33.06 Y-20.789 E.25862
SET_VELOCITY_LIMIT ACCEL=10000
G1 X33.06 Y-21.607 F30000
SET_VELOCITY_LIMIT ACCEL=2000
G1 F7200
G1 X36.94 Y-25.487 E.25862
SET_VELOCITY_LIMIT ACCEL=10000
G1 X36.94 Y-26.305 F30000
SET_VELOCITY_LIMIT ACCEL=2000
G1 F7200
G1 X33.06 Y-22.425 E.25862
SET_VELOCITY_LIMIT ACCEL=10000
G1 X33.06 Y-23.244 F30000
SET_VELOCITY_LIMIT ACCEL=2000
G1 F7200
G1 X36.94 Y-27.123 E.25862
SET_VELOCITY_LIMIT ACCEL=10000
G1 X36.94 Y-27.941 F30000
SET_VELOCITY_LIMIT ACCEL=2000
G1 F7200
G1 X33.06 Y-24.062 E.25862
SET_VELOCITY_LIMIT ACCEL=10000
G1 X33.06 Y-24.88 F30000
SET_VELOCITY_LIMIT ACCEL=2000
G1 F7200
G1 X36.94 Y-28.759 E.25862
SET_VELOCITY_LIMIT ACCEL=10000
G1 X36.94 Y-29.577 F30000
SET_VELOCITY_LIMIT ACCEL=2000
G1 F7200
G1 X33.06 Y-25.698 E.25862
SET_VELOCITY_LIMIT ACCEL=10000
G1 X33.06 Y-26.516 F30000
SET_VELOCITY_LIMIT ACCEL=2000
G1 F7200
G1 X36.94 Y-30.395 E.25862
SET_VELOCITY_LIMIT ACCEL=10000
G1 X36.94 Y-31.213 F30000
SET_VELOCITY_LIMIT ACCEL=2000
G1 F7200
G1 X33.06 Y-27.334 E.25862
SET_VELOCITY_LIMIT ACCEL=10000
G1 X33.06 Y-28.152 F30000
SET_VELOCITY_LIMIT ACCEL=2000
G1 F7200
G1 X36.94 Y-32.031 E.25862
SET_VELOCITY_LIMIT ACCEL=10000
G1 X36.94 Y-32.85 F30000
SET_VELOCITY_LIMIT ACCEL=2000
G1 F7200
G1 X33.06 Y-28.97 E.25862
SET_VELOCITY_LIMIT ACCEL=10000
G1 X33.06 Y-29.788 F30000
SET_VELOCITY_LIMIT ACCEL=2000
G1 F7200
G1 X36.94 Y-33.668 E.25862
SET_VELOCITY_LIMIT ACCEL=10000
G1 X36.94 Y-34.486 F30000
SET_VELOCITY_LIMIT ACCEL=2000
G1 F7200
G1 X33.06 Y-30.606 E.25862
SET_VELOCITY_LIMIT ACCEL=10000
G1 X33.06 Y-31.424 F30000
SET_VELOCITY_LIMIT ACCEL=2000
G1 F7200
G1 X36.94 Y-35.304 E.25862
SET_VELOCITY_LIMIT ACCEL=10000
G1 X36.94 Y-36.122 F30000
SET_VELOCITY_LIMIT ACCEL=2000
G1 F7200
G1 X33.06 Y-32.242 E.25862
SET_VELOCITY_LIMIT ACCEL=10000
G1 X33.06 Y-33.06 F30000
SET_VELOCITY_LIMIT ACCEL=2000
G1 F7200
G1 X36.94 Y-36.94 E.25862
SET_VELOCITY_LIMIT ACCEL=10000
G1 X36.94 Y-37.758 F30000
SET_VELOCITY_LIMIT ACCEL=2000
G1 F7200
G1 X33.06 Y-33.878 E.25862
SET_VELOCITY_LIMIT ACCEL=10000
G1 X33.06 Y-34.696 F30000
SET_VELOCITY_LIMIT ACCEL=2000
G1 F7200
G1 X36.94 Y-38.576 E.25862
SET_VELOCITY_LIMIT ACCEL=10000
G1 X36.94 Y-39.394 F30000
SET_VELOCITY_LIMIT ACCEL=2000
G1 F7200
G1 X33.06 Y-35.514 E.25862
SET_VELOCITY_LIMIT ACCEL=10000
G1 X33.06 Y-36.332 F30000
SET_VELOCITY_LIMIT ACCEL=2000
G1 F7200
G1 X36.94 Y-40.212 E.25862
SET_VELOCITY_LIMIT ACCEL=10000
G1 X36.94 Y-41.03 F30000
SET_VELOCITY_LIMIT ACCEL=2000
G1 F7200
G1 X33.06 Y-37.151 E.25862
SET_VELOCITY_LIMIT ACCEL=10000
G1 X33.06 Y-37.969 F30000
SET_VELOCITY_LIMIT ACCEL=2000
G1 F7200
G1 X36.94 Y-41.848 E.25862
SET_VELOCITY_LIMIT ACCEL=10000
G1 X36.94 Y-42.666 F30000
SET_VELOCITY_LIMIT ACCEL=2000
G1 F7200
G1 X33.06 Y-38.787 E.25862
SET_VELOCITY_LIMIT ACCEL=10000
G1 X33.06 Y-39.605 F30000
SET_VELOCITY_LIMIT ACCEL=2000
G1 F7200
G1 X36.94 Y-43.484 E.25862
SET_VELOCITY_LIMIT ACCEL=10000
G1 X36.94 Y-44.302 F30000
SET_VELOCITY_LIMIT ACCEL=2000
G1 F7200
G1 X33.06 Y-40.423 E.25862
SET_VELOCITY_LIMIT ACCEL=10000
G1 X33.06 Y-41.241 F30000
SET_VELOCITY_LIMIT ACCEL=2000
G1 F7200
G1 X36.94 Y-45.12 E.25862
SET_VELOCITY_LIMIT ACCEL=10000
G1 X36.94 Y-45.938 F30000
SET_VELOCITY_LIMIT ACCEL=2000
G1 F7200
G1 X33.06 Y-42.059 E.25862
SET_VELOCITY_LIMIT ACCEL=10000
G1 X33.06 Y-42.877 F30000
SET_VELOCITY_LIMIT ACCEL=2000
G1 F7200
G1 X36.94 Y-46.757 E.25862
SET_VELOCITY_LIMIT ACCEL=10000
G1 X36.94 Y-47.575 F30000
SET_VELOCITY_LIMIT ACCEL=2000
G1 F7200
G1 X33.06 Y-43.695 E.25862
SET_VELOCITY_LIMIT ACCEL=10000
G1 X33.06 Y-44.513 F30000
SET_VELOCITY_LIMIT ACCEL=2000
G1 F7200
G1 X36.94 Y-48.393 E.25862
SET_VELOCITY_LIMIT ACCEL=10000
G1 X36.94 Y-49.211 F30000
SET_VELOCITY_LIMIT ACCEL=2000
G1 F7200
G1 X33.06 Y-45.331 E.25862
SET_VELOCITY_LIMIT ACCEL=10000
G1 X33.06 Y-46.149 F30000
SET_VELOCITY_LIMIT ACCEL=2000
G1 F7200
G1 X36.94 Y-50.029 E.25862
SET_VELOCITY_LIMIT ACCEL=10000
G1 X36.94 Y-50.847 F30000
SET_VELOCITY_LIMIT ACCEL=2000
G1 F7200
G1 X33.06 Y-46.967 E.25862
SET_VELOCITY_LIMIT ACCEL=10000
G1 X33.06 Y-47.785 F30000
SET_VELOCITY_LIMIT ACCEL=2000
G1 F7200
G1 X36.94 Y-51.665 E.25862
SET_VELOCITY_LIMIT ACCEL=10000
G1 X36.94 Y-52.483 F30000
SET_VELOCITY_LIMIT ACCEL=2000
G1 F7200
G1 X33.06 Y-48.603 E.25862
SET_VELOCITY_LIMIT ACCEL=10000
G1 X33.06 Y-49.421 F30000
SET_VELOCITY_LIMIT ACCEL=2000
G1 F7200
G1 X36.94 Y-53.301 E.25862
SET_VELOCITY_LIMIT ACCEL=10000
G1 X36.94 Y-54.119 F30000
SET_VELOCITY_LIMIT ACCEL=2000
G1 F7200
G1 X33.06 Y-50.239 E.25862
SET_VELOCITY_LIMIT ACCEL=10000
G1 X33.06 Y-51.058 F30000
SET_VELOCITY_LIMIT ACCEL=2000
G1 F7200
G1 X36.94 Y-54.937 E.25862
SET_VELOCITY_LIMIT ACCEL=10000
G1 X36.94 Y-55.755 F30000
SET_VELOCITY_LIMIT ACCEL=2000
G1 F7200
G1 X33.06 Y-51.876 E.25862
SET_VELOCITY_LIMIT ACCEL=10000
G1 X33.06 Y-52.694 F30000
SET_VELOCITY_LIMIT ACCEL=2000
G1 F7200
G1 X36.94 Y-56.573 E.25862
SET_VELOCITY_LIMIT ACCEL=10000
G1 X36.94 Y-57.391 F30000
SET_VELOCITY_LIMIT ACCEL=2000
G1 F7200
G1 X33.06 Y-53.512 E.25862
SET_VELOCITY_LIMIT ACCEL=10000
G1 X33.06 Y-54.33 F30000
SET_VELOCITY_LIMIT ACCEL=2000
G1 F7200
G1 X36.94 Y-58.209 E.25862
SET_VELOCITY_LIMIT ACCEL=10000
G1 X36.94 Y-59.027 F30000
SET_VELOCITY_LIMIT ACCEL=2000
G1 F7200
G1 X33.06 Y-55.148 E.25862
SET_VELOCITY_LIMIT ACCEL=10000
G1 X33.06 Y-55.966 F30000
SET_VELOCITY_LIMIT ACCEL=2000
G1 F7200
G1 X36.94 Y-59.845 E.25862
SET_VELOCITY_LIMIT ACCEL=10000
G1 X36.94 Y-60.664 F30000
SET_VELOCITY_LIMIT ACCEL=2000
G1 F7200
G1 X33.06 Y-56.784 E.25862
SET_VELOCITY_LIMIT ACCEL=10000
G1 X33.06 Y-57.602 F30000
SET_VELOCITY_LIMIT ACCEL=2000
G1 F7200
G1 X36.94 Y-61.482 E.25862
SET_VELOCITY_LIMIT ACCEL=10000
G1 X36.94 Y-62.3 F30000
SET_VELOCITY_LIMIT ACCEL=2000
G1 F7200
G1 X33.06 Y-58.42 E.25862
SET_VELOCITY_LIMIT ACCEL=10000
G1 X33.06 Y-59.238 F30000
SET_VELOCITY_LIMIT ACCEL=2000
G1 F7200
G1 X36.94 Y-63.118 E.25862
SET_VELOCITY_LIMIT ACCEL=10000
G1 X36.94 Y-63.936 F30000
SET_VELOCITY_LIMIT ACCEL=2000
G1 F7200
G1 X33.06 Y-60.056 E.25862
SET_VELOCITY_LIMIT ACCEL=10000
G1 X33.06 Y-60.874 F30000
SET_VELOCITY_LIMIT ACCEL=2000
G1 F7200
G1 X36.94 Y-64.754 E.25862
SET_VELOCITY_LIMIT ACCEL=10000
G1 X36.94 Y-65.572 F30000
SET_VELOCITY_LIMIT ACCEL=2000
G1 F7200
G1 X33.06 Y-61.692 E.25862
SET_VELOCITY_LIMIT ACCEL=10000
G1 X33.06 Y-62.51 F30000
SET_VELOCITY_LIMIT ACCEL=2000
G1 F7200
G1 X36.94 Y-66.39 E.25862
SET_VELOCITY_LIMIT ACCEL=10000
G1 X36.94 Y-67.208 F30000
SET_VELOCITY_LIMIT ACCEL=2000
G1 F7200
G1 X33.06 Y-63.328 E.25862
SET_VELOCITY_LIMIT ACCEL=10000
G1 X33.06 Y-64.146 F30000
SET_VELOCITY_LIMIT ACCEL=2000
G1 F7200
G1 X36.94 Y-68.026 E.25862
SET_VELOCITY_LIMIT ACCEL=10000
G1 X36.94 Y-68.844 F30000
SET_VELOCITY_LIMIT ACCEL=2000
G1 F7200
G1 X33.06 Y-64.965 E.25862
SET_VELOCITY_LIMIT ACCEL=10000
G1 X33.06 Y-65.783 F30000
SET_VELOCITY_LIMIT ACCEL=2000
G1 F7200
G1 X36.94 Y-69.662 E.25862
SET_VELOCITY_LIMIT ACCEL=10000
G1 X36.94 Y-70.48 F30000
SET_VELOCITY_LIMIT ACCEL=2000
G1 F7200
G1 X33.06 Y-66.601 E.25862
SET_VELOCITY_LIMIT ACCEL=10000
G1 X33.06 Y-67.419 F30000
SET_VELOCITY_LIMIT ACCEL=2000
G1 F7200
G1 X36.94 Y-71.298 E.25862
SET_VELOCITY_LIMIT ACCEL=10000
G1 X36.94 Y-72.116 F30000
SET_VELOCITY_LIMIT ACCEL=2000
G1 F7200
G1 X33.06 Y-68.237 E.25862
SET_VELOCITY_LIMIT ACCEL=10000
G1 X33.06 Y-69.055 F30000
SET_VELOCITY_LIMIT ACCEL=2000
G1 F7200
G1 X36.94 Y-72.934 E.25862
SET_VELOCITY_LIMIT ACCEL=10000
G1 X36.94 Y-73.752 F30000
SET_VELOCITY_LIMIT ACCEL=2000
G1 F7200
G1 X33.06 Y-69.873 E.25862
SET_VELOCITY_LIMIT ACCEL=10000
G1 X33.06 Y-70.691 F30000
SET_VELOCITY_LIMIT ACCEL=2000
G1 F7200
G1 X36.94 Y-74.571 E.25862
SET_VELOCITY_LIMIT ACCEL=10000
G1 X36.94 Y-75.389 F30000
SET_VELOCITY_LIMIT ACCEL=2000
G1 F7200
G1 X33.06 Y-71.509 E.25862
SET_VELOCITY_LIMIT ACCEL=10000
G1 X33.06 Y-72.327 F30000
SET_VELOCITY_LIMIT ACCEL=2000
G1 F7200
G1 X36.94 Y-76.207 E.25862
SET_VELOCITY_LIMIT ACCEL=10000
G1 X36.94 Y-77.025 F30000
SET_VELOCITY_LIMIT ACCEL=2000
G1 F7200
G1 X33.06 Y-73.145 E.25862
SET_VELOCITY_LIMIT ACCEL=10000
G1 X33.06 Y-73.963 F30000
SET_VELOCITY_LIMIT ACCEL=2000
G1 F7200
G1 X36.94 Y-77.843 E.25862
SET_VELOCITY_LIMIT ACCEL=10000
G1 X36.219 Y-77.94 F30000
SET_VELOCITY_LIMIT ACCEL=2000
G1 F7200
G1 X33.06 Y-74.781 E.21056
SET_VELOCITY_LIMIT ACCEL=10000
G1 X33.06 Y-75.599 F30000
SET_VELOCITY_LIMIT ACCEL=2000
G1 F7200
G1 X35.401 Y-77.94 E.15602
SET_VELOCITY_LIMIT ACCEL=10000
G1 X34.583 Y-77.94 F30000
SET_VELOCITY_LIMIT ACCEL=2000
G1 F7200
G1 X33.06 Y-76.417 E.10149
SET_VELOCITY_LIMIT ACCEL=10000
G1 X33.06 Y-77.235 F30000
SET_VELOCITY_LIMIT ACCEL=2000
G1 F7200
G1 X33.765 Y-77.94 E.04696
SET_VELOCITY_LIMIT ACCEL=10000
G1 E-1.2 F2100
;WIPE_START
G1 F7200
G1 X33.06 Y-77.235
;WIPE_END
G1 X33.03 Y-69.603 Z6.4 F30000
G1 X32.469 Y73.06 Z6.4
G1 Z6
G1 E1.2 F2100
SET_VELOCITY_LIMIT ACCEL=2000
G1 F7200
G1 X27.59 Y77.94 E.32528
SET_VELOCITY_LIMIT ACCEL=10000
G1 X26.772 Y77.94 F30000
SET_VELOCITY_LIMIT ACCEL=2000
G1 F7200
G1 X31.651 Y73.06 E.32528
SET_VELOCITY_LIMIT ACCEL=10000
G1 X30.833 Y73.06 F30000
SET_VELOCITY_LIMIT ACCEL=2000
G1 F7200
G1 X25.954 Y77.94 E.32528
SET_VELOCITY_LIMIT ACCEL=10000
G1 X25.136 Y77.94 F30000
SET_VELOCITY_LIMIT ACCEL=2000
G1 F7200
G1 X30.015 Y73.06 E.32528
SET_VELOCITY_LIMIT ACCEL=10000
G1 X29.197 Y73.06 F30000
SET_VELOCITY_LIMIT ACCEL=2000
G1 F7200
G1 X24.318 Y77.94 E.32528
SET_VELOCITY_LIMIT ACCEL=10000
G1 X23.499 Y77.94 F30000
SET_VELOCITY_LIMIT ACCEL=2000
G1 F7200
G1 X28.379 Y73.06 E.32528
SET_VELOCITY_LIMIT ACCEL=10000
G1 X27.561 Y73.06 F30000
SET_VELOCITY_LIMIT ACCEL=2000
G1 F7200
G1 X22.681 Y77.94 E.32528
SET_VELOCITY_LIMIT ACCEL=10000
G1 X21.863 Y77.94 F30000
SET_VELOCITY_LIMIT ACCEL=2000
G1 F7200
G1 X26.743 Y73.06 E.32528
SET_VELOCITY_LIMIT ACCEL=10000
G1 X25.925 Y73.06 F30000
SET_VELOCITY_LIMIT ACCEL=2000
G1 F7200
G1 X21.045 Y77.94 E.32528
SET_VELOCITY_LIMIT ACCEL=10000
G1 X20.227 Y77.94 F30000
SET_VELOCITY_LIMIT ACCEL=2000
G1 F7200
G1 X25.107 Y73.06 E.32528
SET_VELOCITY_LIMIT ACCEL=10000
G1 X24.289 Y73.06 F30000
SET_VELOCITY_LIMIT ACCEL=2000
G1 F7200
G1 X19.409 Y77.94 E.32528
SET_VELOCITY_LIMIT ACCEL=10000
G1 X18.591 Y77.94 F30000
M73 P97 R0
SET_VELOCITY_LIMIT ACCEL=2000
G1 F7200
G1 X23.471 Y73.06 E.32528
SET_VELOCITY_LIMIT ACCEL=10000
G1 X22.653 Y73.06 F30000
SET_VELOCITY_LIMIT ACCEL=2000
G1 F7200
G1 X17.773 Y77.94 E.32528
SET_VELOCITY_LIMIT ACCEL=10000
G1 X16.955 Y77.94 F30000
SET_VELOCITY_LIMIT ACCEL=2000
G1 F7200
G1 X21.835 Y73.06 E.32528
SET_VELOCITY_LIMIT ACCEL=10000
G1 X21.017 Y73.06 F30000
SET_VELOCITY_LIMIT ACCEL=2000
G1 F7200
G1 X16.137 Y77.94 E.32528
SET_VELOCITY_LIMIT ACCEL=10000
G1 X15.319 Y77.94 F30000
SET_VELOCITY_LIMIT ACCEL=2000
G1 F7200
G1 X20.198 Y73.06 E.32528
SET_VELOCITY_LIMIT ACCEL=10000
G1 X19.38 Y73.06 F30000
SET_VELOCITY_LIMIT ACCEL=2000
G1 F7200
G1 X14.501 Y77.94 E.32528
SET_VELOCITY_LIMIT ACCEL=10000
G1 X13.683 Y77.94 F30000
SET_VELOCITY_LIMIT ACCEL=2000
G1 F7200
G1 X18.562 Y73.06 E.32528
SET_VELOCITY_LIMIT ACCEL=10000
G1 X17.744 Y73.06 F30000
SET_VELOCITY_LIMIT ACCEL=2000
G1 F7200
G1 X12.865 Y77.94 E.32528
SET_VELOCITY_LIMIT ACCEL=10000
G1 X12.047 Y77.94 F30000
SET_VELOCITY_LIMIT ACCEL=2000
G1 F7200
G1 X16.926 Y73.06 E.32528
SET_VELOCITY_LIMIT ACCEL=10000
G1 X16.108 Y73.06 F30000
SET_VELOCITY_LIMIT ACCEL=2000
G1 F7200
G1 X11.229 Y77.94 E.32528
SET_VELOCITY_LIMIT ACCEL=10000
G1 X10.411 Y77.94 F30000
SET_VELOCITY_LIMIT ACCEL=2000
G1 F7200
G1 X15.29 Y73.06 E.32528
SET_VELOCITY_LIMIT ACCEL=10000
G1 X14.472 Y73.06 F30000
SET_VELOCITY_LIMIT ACCEL=2000
G1 F7200
G1 X9.592 Y77.94 E.32528
SET_VELOCITY_LIMIT ACCEL=10000
G1 X8.774 Y77.94 F30000
SET_VELOCITY_LIMIT ACCEL=2000
G1 F7200
G1 X13.654 Y73.06 E.32528
SET_VELOCITY_LIMIT ACCEL=10000
G1 X12.836 Y73.06 F30000
SET_VELOCITY_LIMIT ACCEL=2000
G1 F7200
G1 X7.956 Y77.94 E.32528
SET_VELOCITY_LIMIT ACCEL=10000
G1 X7.138 Y77.94 F30000
SET_VELOCITY_LIMIT ACCEL=2000
G1 F7200
G1 X12.018 Y73.06 E.32528
SET_VELOCITY_LIMIT ACCEL=10000
G1 X11.2 Y73.06 F30000
SET_VELOCITY_LIMIT ACCEL=2000
G1 F7200
G1 X6.32 Y77.94 E.32528
SET_VELOCITY_LIMIT ACCEL=10000
G1 X5.502 Y77.94 F30000
SET_VELOCITY_LIMIT ACCEL=2000
G1 F7200
G1 X10.382 Y73.06 E.32528
SET_VELOCITY_LIMIT ACCEL=10000
G1 X9.564 Y73.06 F30000
SET_VELOCITY_LIMIT ACCEL=2000
G1 F7200
G1 X4.684 Y77.94 E.32528
SET_VELOCITY_LIMIT ACCEL=10000
G1 X3.866 Y77.94 F30000
SET_VELOCITY_LIMIT ACCEL=2000
G1 F7200
G1 X8.746 Y73.06 E.32528
SET_VELOCITY_LIMIT ACCEL=10000
G1 X7.928 Y73.06 F30000
SET_VELOCITY_LIMIT ACCEL=2000
G1 F7200
G1 X3.048 Y77.94 E.32528
SET_VELOCITY_LIMIT ACCEL=10000
G1 X2.23 Y77.94 F30000
SET_VELOCITY_LIMIT ACCEL=2000
G1 F7200
G1 X7.11 Y73.06 E.32528
SET_VELOCITY_LIMIT ACCEL=10000
G1 X6.291 Y73.06 F30000
SET_VELOCITY_LIMIT ACCEL=2000
G1 F7200
G1 X1.412 Y77.94 E.32528
SET_VELOCITY_LIMIT ACCEL=10000
G1 X.594 Y77.94 F30000
SET_VELOCITY_LIMIT ACCEL=2000
G1 F7200
G1 X5.473 Y73.06 E.32528
SET_VELOCITY_LIMIT ACCEL=10000
G1 X4.655 Y73.06 F30000
SET_VELOCITY_LIMIT ACCEL=2000
G1 F7200
G1 X-.224 Y77.94 E.32528
SET_VELOCITY_LIMIT ACCEL=10000
G1 X-1.042 Y77.94 F30000
SET_VELOCITY_LIMIT ACCEL=2000
G1 F7200
G1 X3.837 Y73.06 E.32528
SET_VELOCITY_LIMIT ACCEL=10000
G1 X3.019 Y73.06 F30000
SET_VELOCITY_LIMIT ACCEL=2000
G1 F7200
G1 X-1.86 Y77.94 E.32528
SET_VELOCITY_LIMIT ACCEL=10000
G1 X-2.678 Y77.94 F30000
SET_VELOCITY_LIMIT ACCEL=2000
G1 F7200
G1 X2.201 Y73.06 E.32528
SET_VELOCITY_LIMIT ACCEL=10000
G1 X1.383 Y73.06 F30000
SET_VELOCITY_LIMIT ACCEL=2000
G1 F7200
G1 X-3.496 Y77.94 E.32528
SET_VELOCITY_LIMIT ACCEL=10000
G1 X-4.315 Y77.94 F30000
SET_VELOCITY_LIMIT ACCEL=2000
G1 F7200
G1 X.565 Y73.06 E.32528
SET_VELOCITY_LIMIT ACCEL=10000
G1 X-.253 Y73.06 F30000
SET_VELOCITY_LIMIT ACCEL=2000
G1 F7200
G1 X-5.133 Y77.94 E.32528
SET_VELOCITY_LIMIT ACCEL=10000
G1 X-5.951 Y77.94 F30000
SET_VELOCITY_LIMIT ACCEL=2000
G1 F7200
G1 X-1.071 Y73.06 E.32528
SET_VELOCITY_LIMIT ACCEL=10000
G1 X-1.889 Y73.06 F30000
SET_VELOCITY_LIMIT ACCEL=2000
G1 F7200
G1 X-6.769 Y77.94 E.32528
SET_VELOCITY_LIMIT ACCEL=10000
G1 X-7.587 Y77.94 F30000
SET_VELOCITY_LIMIT ACCEL=2000
G1 F7200
G1 X-2.707 Y73.06 E.32528
SET_VELOCITY_LIMIT ACCEL=10000
G1 X-3.525 Y73.06 F30000
SET_VELOCITY_LIMIT ACCEL=2000
G1 F7200
G1 X-8.405 Y77.94 E.32528
SET_VELOCITY_LIMIT ACCEL=10000
G1 X-9.223 Y77.94 F30000
SET_VELOCITY_LIMIT ACCEL=2000
G1 F7200
G1 X-4.343 Y73.06 E.32528
SET_VELOCITY_LIMIT ACCEL=10000
G1 X-5.161 Y73.06 F30000
SET_VELOCITY_LIMIT ACCEL=2000
G1 F7200
G1 X-10.041 Y77.94 E.32528
SET_VELOCITY_LIMIT ACCEL=10000
G1 X-10.859 Y77.94 F30000
SET_VELOCITY_LIMIT ACCEL=2000
G1 F7200
G1 X-5.979 Y73.06 E.32528
SET_VELOCITY_LIMIT ACCEL=10000
G1 X-6.797 Y73.06 F30000
SET_VELOCITY_LIMIT ACCEL=2000
G1 F7200
G1 X-11.677 Y77.94 E.32528
SET_VELOCITY_LIMIT ACCEL=10000
G1 X-12.495 Y77.94 F30000
SET_VELOCITY_LIMIT ACCEL=2000
G1 F7200
G1 X-7.616 Y73.06 E.32528
SET_VELOCITY_LIMIT ACCEL=10000
G1 X-8.434 Y73.06 F30000
SET_VELOCITY_LIMIT ACCEL=2000
G1 F7200
G1 X-13.313 Y77.94 E.32528
SET_VELOCITY_LIMIT ACCEL=10000
G1 X-14.131 Y77.94 F30000
SET_VELOCITY_LIMIT ACCEL=2000
G1 F7200
G1 X-9.252 Y73.06 E.32528
SET_VELOCITY_LIMIT ACCEL=10000
G1 X-10.07 Y73.06 F30000
SET_VELOCITY_LIMIT ACCEL=2000
G1 F7200
G1 X-14.949 Y77.94 E.32528
SET_VELOCITY_LIMIT ACCEL=10000
G1 X-15.767 Y77.94 F30000
SET_VELOCITY_LIMIT ACCEL=2000
G1 F7200
G1 X-10.888 Y73.06 E.32528
SET_VELOCITY_LIMIT ACCEL=10000
G1 X-11.706 Y73.06 F30000
SET_VELOCITY_LIMIT ACCEL=2000
G1 F7200
G1 X-16.585 Y77.94 E.32528
SET_VELOCITY_LIMIT ACCEL=10000
G1 X-17.403 Y77.94 F30000
SET_VELOCITY_LIMIT ACCEL=2000
G1 F7200
G1 X-12.524 Y73.06 E.32528
SET_VELOCITY_LIMIT ACCEL=10000
G1 X-13.342 Y73.06 F30000
SET_VELOCITY_LIMIT ACCEL=2000
G1 F7200
G1 X-18.222 Y77.94 E.32528
SET_VELOCITY_LIMIT ACCEL=10000
G1 X-19.04 Y77.94 F30000
SET_VELOCITY_LIMIT ACCEL=2000
G1 F7200
G1 X-14.16 Y73.06 E.32528
SET_VELOCITY_LIMIT ACCEL=10000
G1 X-14.978 Y73.06 F30000
SET_VELOCITY_LIMIT ACCEL=2000
G1 F7200
G1 X-19.858 Y77.94 E.32528
SET_VELOCITY_LIMIT ACCEL=10000
G1 X-20.676 Y77.94 F30000
SET_VELOCITY_LIMIT ACCEL=2000
G1 F7200
G1 X-15.796 Y73.06 E.32528
SET_VELOCITY_LIMIT ACCEL=10000
G1 X-16.614 Y73.06 F30000
SET_VELOCITY_LIMIT ACCEL=2000
G1 F7200
G1 X-21.494 Y77.94 E.32528
SET_VELOCITY_LIMIT ACCEL=10000
G1 X-22.312 Y77.94 F30000
SET_VELOCITY_LIMIT ACCEL=2000
G1 F7200
G1 X-17.432 Y73.06 E.32528
SET_VELOCITY_LIMIT ACCEL=10000
G1 X-18.25 Y73.06 F30000
SET_VELOCITY_LIMIT ACCEL=2000
G1 F7200
G1 X-23.13 Y77.94 E.32528
SET_VELOCITY_LIMIT ACCEL=10000
G1 X-23.948 Y77.94 F30000
SET_VELOCITY_LIMIT ACCEL=2000
G1 F7200
G1 X-19.068 Y73.06 E.32528
SET_VELOCITY_LIMIT ACCEL=10000
G1 X-19.886 Y73.06 F30000
SET_VELOCITY_LIMIT ACCEL=2000
G1 F7200
G1 X-24.766 Y77.94 E.32528
SET_VELOCITY_LIMIT ACCEL=10000
G1 X-25.584 Y77.94 F30000
SET_VELOCITY_LIMIT ACCEL=2000
G1 F7200
G1 X-20.704 Y73.06 E.32528
SET_VELOCITY_LIMIT ACCEL=10000
G1 X-21.523 Y73.06 F30000
SET_VELOCITY_LIMIT ACCEL=2000
G1 F7200
G1 X-26.402 Y77.94 E.32528
SET_VELOCITY_LIMIT ACCEL=10000
G1 X-27.22 Y77.94 F30000
SET_VELOCITY_LIMIT ACCEL=2000
G1 F7200
G1 X-22.341 Y73.06 E.32528
SET_VELOCITY_LIMIT ACCEL=10000
G1 X-23.159 Y73.06 F30000
SET_VELOCITY_LIMIT ACCEL=2000
G1 F7200
G1 X-28.038 Y77.94 E.32528
SET_VELOCITY_LIMIT ACCEL=10000
G1 X-28.856 Y77.94 F30000
SET_VELOCITY_LIMIT ACCEL=2000
G1 F7200
G1 X-23.977 Y73.06 E.32528
SET_VELOCITY_LIMIT ACCEL=10000
G1 X-24.795 Y73.06 F30000
SET_VELOCITY_LIMIT ACCEL=2000
G1 F7200
G1 X-29.674 Y77.94 E.32528
SET_VELOCITY_LIMIT ACCEL=10000
G1 X-30.492 Y77.94 F30000
SET_VELOCITY_LIMIT ACCEL=2000
G1 F7200
G1 X-25.613 Y73.06 E.32528
SET_VELOCITY_LIMIT ACCEL=10000
G1 X-26.431 Y73.06 F30000
SET_VELOCITY_LIMIT ACCEL=2000
G1 F7200
G1 X-31.31 Y77.94 E.32528
SET_VELOCITY_LIMIT ACCEL=10000
G1 X-32.129 Y77.94 F30000
SET_VELOCITY_LIMIT ACCEL=2000
G1 F7200
G1 X-27.249 Y73.06 E.32528
SET_VELOCITY_LIMIT ACCEL=10000
G1 X-28.067 Y73.06 F30000
SET_VELOCITY_LIMIT ACCEL=2000
G1 F7200
G1 X-32.947 Y77.94 E.32528
SET_VELOCITY_LIMIT ACCEL=10000
G1 X-33.765 Y77.94 F30000
SET_VELOCITY_LIMIT ACCEL=2000
G1 F7200
G1 X-28.885 Y73.06 E.32528
SET_VELOCITY_LIMIT ACCEL=10000
G1 X-29.703 Y73.06 F30000
SET_VELOCITY_LIMIT ACCEL=2000
G1 F7200
G1 X-34.583 Y77.94 E.32528
SET_VELOCITY_LIMIT ACCEL=10000
G1 X-35.401 Y77.94 F30000
SET_VELOCITY_LIMIT ACCEL=2000
G1 F7200
G1 X-30.521 Y73.06 E.32528
SET_VELOCITY_LIMIT ACCEL=10000
G1 X-31.339 Y73.06 F30000
SET_VELOCITY_LIMIT ACCEL=2000
G1 F7200
G1 X-36.219 Y77.94 E.32528
SET_VELOCITY_LIMIT ACCEL=10000
G1 X-36.94 Y77.843 F30000
SET_VELOCITY_LIMIT ACCEL=2000
G1 F7200
G1 X-32.157 Y73.06 E.31881
SET_VELOCITY_LIMIT ACCEL=10000
G1 X-32.975 Y73.06 F30000
SET_VELOCITY_LIMIT ACCEL=2000
G1 F7200
G1 X-36.94 Y77.025 E.26427
SET_VELOCITY_LIMIT ACCEL=10000
G1 X-36.94 Y76.207 F30000
SET_VELOCITY_LIMIT ACCEL=2000
G1 F7200
G1 X-33.06 Y72.327 E.25862
SET_VELOCITY_LIMIT ACCEL=10000
G1 X-33.06 Y71.509 F30000
SET_VELOCITY_LIMIT ACCEL=2000
G1 F7200
G1 X-36.94 Y75.389 E.25862
SET_VELOCITY_LIMIT ACCEL=10000
G1 X-36.94 Y74.57 F30000
SET_VELOCITY_LIMIT ACCEL=2000
G1 F7200
G1 X-33.06 Y70.691 E.25862
SET_VELOCITY_LIMIT ACCEL=10000
G1 X-33.06 Y69.873 F30000
SET_VELOCITY_LIMIT ACCEL=2000
G1 F7200
G1 X-36.94 Y73.752 E.25862
SET_VELOCITY_LIMIT ACCEL=10000
G1 X-36.94 Y72.934 F30000
SET_VELOCITY_LIMIT ACCEL=2000
G1 F7200
G1 X-33.06 Y69.055 E.25862
SET_VELOCITY_LIMIT ACCEL=10000
G1 X-33.06 Y68.237 F30000
SET_VELOCITY_LIMIT ACCEL=2000
G1 F7200
G1 X-36.94 Y72.116 E.25862
SET_VELOCITY_LIMIT ACCEL=10000
G1 X-36.94 Y71.298 F30000
SET_VELOCITY_LIMIT ACCEL=2000
G1 F7200
G1 X-33.06 Y67.419 E.25862
SET_VELOCITY_LIMIT ACCEL=10000
G1 X-33.06 Y66.601 F30000
SET_VELOCITY_LIMIT ACCEL=2000
G1 F7200
G1 X-36.94 Y70.48 E.25862
SET_VELOCITY_LIMIT ACCEL=10000
G1 X-36.94 Y69.662 F30000
SET_VELOCITY_LIMIT ACCEL=2000
G1 F7200
G1 X-33.06 Y65.783 E.25862
SET_VELOCITY_LIMIT ACCEL=10000
G1 X-33.06 Y64.964 F30000
SET_VELOCITY_LIMIT ACCEL=2000
G1 F7200
G1 X-36.94 Y68.844 E.25862
SET_VELOCITY_LIMIT ACCEL=10000
G1 X-36.94 Y68.026 F30000
SET_VELOCITY_LIMIT ACCEL=2000
G1 F7200
G1 X-33.06 Y64.146 E.25862
SET_VELOCITY_LIMIT ACCEL=10000
G1 X-33.06 Y63.328 F30000
SET_VELOCITY_LIMIT ACCEL=2000
G1 F7200
G1 X-36.94 Y67.208 E.25862
SET_VELOCITY_LIMIT ACCEL=10000
G1 X-36.94 Y66.39 F30000
SET_VELOCITY_LIMIT ACCEL=2000
G1 F7200
G1 X-33.06 Y62.51 E.25862
SET_VELOCITY_LIMIT ACCEL=10000
G1 X-33.06 Y61.692 F30000
M73 P98 R0
SET_VELOCITY_LIMIT ACCEL=2000
G1 F7200
G1 X-36.94 Y65.572 E.25862
SET_VELOCITY_LIMIT ACCEL=10000
G1 X-36.94 Y64.754 F30000
SET_VELOCITY_LIMIT ACCEL=2000
G1 F7200
G1 X-33.06 Y60.874 E.25862
SET_VELOCITY_LIMIT ACCEL=10000
G1 X-33.06 Y60.056 F30000
SET_VELOCITY_LIMIT ACCEL=2000
G1 F7200
G1 X-36.94 Y63.936 E.25862
SET_VELOCITY_LIMIT ACCEL=10000
G1 X-36.94 Y63.118 F30000
SET_VELOCITY_LIMIT ACCEL=2000
G1 F7200
G1 X-33.06 Y59.238 E.25862
SET_VELOCITY_LIMIT ACCEL=10000
G1 X-33.06 Y58.42 F30000
SET_VELOCITY_LIMIT ACCEL=2000
G1 F7200
G1 X-36.94 Y62.3 E.25862
SET_VELOCITY_LIMIT ACCEL=10000
G1 X-36.94 Y61.482 F30000
SET_VELOCITY_LIMIT ACCEL=2000
G1 F7200
G1 X-33.06 Y57.602 E.25862
SET_VELOCITY_LIMIT ACCEL=10000
G1 X-33.06 Y56.784 F30000
SET_VELOCITY_LIMIT ACCEL=2000
G1 F7200
G1 X-36.94 Y60.663 E.25862
SET_VELOCITY_LIMIT ACCEL=10000
G1 X-36.94 Y59.845 F30000
SET_VELOCITY_LIMIT ACCEL=2000
G1 F7200
G1 X-33.06 Y55.966 E.25862
SET_VELOCITY_LIMIT ACCEL=10000
G1 X-33.06 Y55.148 F30000
SET_VELOCITY_LIMIT ACCEL=2000
G1 F7200
G1 X-36.94 Y59.027 E.25862
SET_VELOCITY_LIMIT ACCEL=10000
G1 X-36.94 Y58.209 F30000
SET_VELOCITY_LIMIT ACCEL=2000
G1 F7200
G1 X-33.06 Y54.33 E.25862
SET_VELOCITY_LIMIT ACCEL=10000
G1 X-33.06 Y53.512 F30000
SET_VELOCITY_LIMIT ACCEL=2000
G1 F7200
G1 X-36.94 Y57.391 E.25862
SET_VELOCITY_LIMIT ACCEL=10000
G1 X-36.94 Y56.573 F30000
SET_VELOCITY_LIMIT ACCEL=2000
G1 F7200
G1 X-33.06 Y52.694 E.25862
SET_VELOCITY_LIMIT ACCEL=10000
G1 X-33.06 Y51.876 F30000
SET_VELOCITY_LIMIT ACCEL=2000
G1 F7200
G1 X-36.94 Y55.755 E.25862
SET_VELOCITY_LIMIT ACCEL=10000
G1 X-36.94 Y54.937 F30000
SET_VELOCITY_LIMIT ACCEL=2000
G1 F7200
G1 X-33.06 Y51.057 E.25862
SET_VELOCITY_LIMIT ACCEL=10000
G1 X-33.06 Y50.239 F30000
SET_VELOCITY_LIMIT ACCEL=2000
G1 F7200
G1 X-36.94 Y54.119 E.25862
SET_VELOCITY_LIMIT ACCEL=10000
G1 X-36.94 Y53.301 F30000
SET_VELOCITY_LIMIT ACCEL=2000
G1 F7200
G1 X-33.06 Y49.421 E.25862
SET_VELOCITY_LIMIT ACCEL=10000
G1 X-33.06 Y48.603 F30000
SET_VELOCITY_LIMIT ACCEL=2000
G1 F7200
G1 X-36.94 Y52.483 E.25862
SET_VELOCITY_LIMIT ACCEL=10000
G1 X-36.94 Y51.665 F30000
SET_VELOCITY_LIMIT ACCEL=2000
G1 F7200
G1 X-33.06 Y47.785 E.25862
SET_VELOCITY_LIMIT ACCEL=10000
G1 X-33.06 Y46.967 F30000
SET_VELOCITY_LIMIT ACCEL=2000
G1 F7200
G1 X-36.94 Y50.847 E.25862
SET_VELOCITY_LIMIT ACCEL=10000
G1 X-36.94 Y50.029 F30000
SET_VELOCITY_LIMIT ACCEL=2000
G1 F7200
G1 X-33.06 Y46.149 E.25862
SET_VELOCITY_LIMIT ACCEL=10000
G1 X-33.06 Y45.331 F30000
SET_VELOCITY_LIMIT ACCEL=2000
G1 F7200
G1 X-36.94 Y49.211 E.25862
SET_VELOCITY_LIMIT ACCEL=10000
G1 X-36.94 Y48.393 F30000
SET_VELOCITY_LIMIT ACCEL=2000
G1 F7200
G1 X-33.06 Y44.513 E.25862
SET_VELOCITY_LIMIT ACCEL=10000
G1 X-33.06 Y43.695 F30000
SET_VELOCITY_LIMIT ACCEL=2000
G1 F7200
G1 X-36.94 Y47.575 E.25862
SET_VELOCITY_LIMIT ACCEL=10000
G1 X-36.94 Y46.756 F30000
SET_VELOCITY_LIMIT ACCEL=2000
G1 F7200
G1 X-33.06 Y42.877 E.25862
SET_VELOCITY_LIMIT ACCEL=10000
G1 X-33.06 Y42.059 F30000
SET_VELOCITY_LIMIT ACCEL=2000
G1 F7200
G1 X-36.94 Y45.938 E.25862
SET_VELOCITY_LIMIT ACCEL=10000
G1 X-36.94 Y45.12 F30000
SET_VELOCITY_LIMIT ACCEL=2000
G1 F7200
G1 X-33.06 Y41.241 E.25862
SET_VELOCITY_LIMIT ACCEL=10000
G1 X-33.06 Y40.423 F30000
SET_VELOCITY_LIMIT ACCEL=2000
G1 F7200
G1 X-36.94 Y44.302 E.25862
SET_VELOCITY_LIMIT ACCEL=10000
G1 X-36.94 Y43.484 F30000
SET_VELOCITY_LIMIT ACCEL=2000
G1 F7200
G1 X-33.06 Y39.605 E.25862
SET_VELOCITY_LIMIT ACCEL=10000
G1 X-33.06 Y38.787 F30000
SET_VELOCITY_LIMIT ACCEL=2000
G1 F7200
G1 X-36.94 Y42.666 E.25862
SET_VELOCITY_LIMIT ACCEL=10000
G1 X-36.94 Y41.848 F30000
SET_VELOCITY_LIMIT ACCEL=2000
G1 F7200
G1 X-33.06 Y37.969 E.25862
SET_VELOCITY_LIMIT ACCEL=10000
G1 X-33.06 Y37.15 F30000
SET_VELOCITY_LIMIT ACCEL=2000
G1 F7200
G1 X-36.94 Y41.03 E.25862
SET_VELOCITY_LIMIT ACCEL=10000
G1 X-36.94 Y40.212 F30000
SET_VELOCITY_LIMIT ACCEL=2000
G1 F7200
G1 X-33.06 Y36.332 E.25862
SET_VELOCITY_LIMIT ACCEL=10000
G1 X-33.06 Y35.514 F30000
SET_VELOCITY_LIMIT ACCEL=2000
G1 F7200
G1 X-36.94 Y39.394 E.25862
SET_VELOCITY_LIMIT ACCEL=10000
G1 X-36.94 Y38.576 F30000
SET_VELOCITY_LIMIT ACCEL=2000
G1 F7200
G1 X-33.06 Y34.696 E.25862
SET_VELOCITY_LIMIT ACCEL=10000
G1 X-33.06 Y33.878 F30000
SET_VELOCITY_LIMIT ACCEL=2000
G1 F7200
G1 X-36.94 Y37.758 E.25862
SET_VELOCITY_LIMIT ACCEL=10000
G1 X-36.94 Y36.94 F30000
SET_VELOCITY_LIMIT ACCEL=2000
G1 F7200
G1 X-33.06 Y33.06 E.25862
SET_VELOCITY_LIMIT ACCEL=10000
G1 X-33.06 Y32.242 F30000
SET_VELOCITY_LIMIT ACCEL=2000
G1 F7200
G1 X-36.94 Y36.122 E.25862
SET_VELOCITY_LIMIT ACCEL=10000
G1 X-36.94 Y35.304 F30000
SET_VELOCITY_LIMIT ACCEL=2000
G1 F7200
G1 X-33.06 Y31.424 E.25862
SET_VELOCITY_LIMIT ACCEL=10000
G1 X-33.06 Y30.606 F30000
SET_VELOCITY_LIMIT ACCEL=2000
G1 F7200
G1 X-36.94 Y34.486 E.25862
SET_VELOCITY_LIMIT ACCEL=10000
G1 X-36.94 Y33.668 F30000
SET_VELOCITY_LIMIT ACCEL=2000
G1 F7200
G1 X-33.06 Y29.788 E.25862
SET_VELOCITY_LIMIT ACCEL=10000
G1 X-33.06 Y28.97 F30000
SET_VELOCITY_LIMIT ACCEL=2000
G1 F7200
G1 X-36.94 Y32.849 E.25862
SET_VELOCITY_LIMIT ACCEL=10000
G1 X-36.94 Y32.031 F30000
SET_VELOCITY_LIMIT ACCEL=2000
G1 F7200
G1 X-33.06 Y28.152 E.25862
SET_VELOCITY_LIMIT ACCEL=10000
G1 X-33.06 Y27.334 F30000
SET_VELOCITY_LIMIT ACCEL=2000
G1 F7200
G1 X-36.94 Y31.213 E.25862
SET_VELOCITY_LIMIT ACCEL=10000
G1 X-36.94 Y30.395 F30000
SET_VELOCITY_LIMIT ACCEL=2000
G1 F7200
G1 X-33.06 Y26.516 E.25862
SET_VELOCITY_LIMIT ACCEL=10000
G1 X-33.06 Y25.698 F30000
SET_VELOCITY_LIMIT ACCEL=2000
G1 F7200
G1 X-36.94 Y29.577 E.25862
SET_VELOCITY_LIMIT ACCEL=10000
G1 X-36.94 Y28.759 F30000
SET_VELOCITY_LIMIT ACCEL=2000
G1 F7200
G1 X-33.06 Y24.88 E.25862
SET_VELOCITY_LIMIT ACCEL=10000
G1 X-33.06 Y24.062 F30000
SET_VELOCITY_LIMIT ACCEL=2000
G1 F7200
G1 X-36.94 Y27.941 E.25862
SET_VELOCITY_LIMIT ACCEL=10000
G1 X-36.94 Y27.123 F30000
SET_VELOCITY_LIMIT ACCEL=2000
G1 F7200
G1 X-33.06 Y23.243 E.25862
SET_VELOCITY_LIMIT ACCEL=10000
G1 X-33.06 Y22.425 F30000
SET_VELOCITY_LIMIT ACCEL=2000
G1 F7200
G1 X-36.94 Y26.305 E.25862
SET_VELOCITY_LIMIT ACCEL=10000
G1 X-36.94 Y25.487 F30000
SET_VELOCITY_LIMIT ACCEL=2000
G1 F7200
G1 X-33.06 Y21.607 E.25862
SET_VELOCITY_LIMIT ACCEL=10000
G1 X-33.06 Y20.789 F30000
SET_VELOCITY_LIMIT ACCEL=2000
G1 F7200
G1 X-36.94 Y24.669 E.25862
SET_VELOCITY_LIMIT ACCEL=10000
G1 X-36.94 Y23.851 F30000
SET_VELOCITY_LIMIT ACCEL=2000
G1 F7200
G1 X-33.06 Y19.971 E.25862
SET_VELOCITY_LIMIT ACCEL=10000
G1 X-33.06 Y19.153 F30000
SET_VELOCITY_LIMIT ACCEL=2000
G1 F7200
G1 X-36.94 Y23.033 E.25862
SET_VELOCITY_LIMIT ACCEL=10000
G1 X-36.94 Y22.215 F30000
SET_VELOCITY_LIMIT ACCEL=2000
G1 F7200
G1 X-33.06 Y18.335 E.25862
SET_VELOCITY_LIMIT ACCEL=10000
G1 X-33.06 Y17.517 F30000
SET_VELOCITY_LIMIT ACCEL=2000
G1 F7200
G1 X-36.94 Y21.397 E.25862
SET_VELOCITY_LIMIT ACCEL=10000
G1 X-36.94 Y20.579 F30000
SET_VELOCITY_LIMIT ACCEL=2000
G1 F7200
G1 X-33.06 Y16.699 E.25862
SET_VELOCITY_LIMIT ACCEL=10000
G1 X-33.06 Y15.881 F30000
SET_VELOCITY_LIMIT ACCEL=2000
G1 F7200
G1 X-36.94 Y19.761 E.25862
SET_VELOCITY_LIMIT ACCEL=10000
G1 X-36.94 Y18.942 F30000
SET_VELOCITY_LIMIT ACCEL=2000
G1 F7200
G1 X-33.06 Y15.063 E.25862
SET_VELOCITY_LIMIT ACCEL=10000
G1 X-33.06 Y14.245 F30000
SET_VELOCITY_LIMIT ACCEL=2000
G1 F7200
G1 X-36.94 Y18.124 E.25862
SET_VELOCITY_LIMIT ACCEL=10000
G1 X-36.94 Y17.306 F30000
SET_VELOCITY_LIMIT ACCEL=2000
G1 F7200
G1 X-33.06 Y13.427 E.25862
SET_VELOCITY_LIMIT ACCEL=10000
G1 X-33.06 Y12.609 F30000
SET_VELOCITY_LIMIT ACCEL=2000
G1 F7200
G1 X-36.94 Y16.488 E.25862
SET_VELOCITY_LIMIT ACCEL=10000
G1 X-36.94 Y15.67 F30000
SET_VELOCITY_LIMIT ACCEL=2000
G1 F7200
G1 X-33.06 Y11.791 E.25862
SET_VELOCITY_LIMIT ACCEL=10000
G1 X-33.06 Y10.973 F30000
SET_VELOCITY_LIMIT ACCEL=2000
G1 F7200
G1 X-36.94 Y14.852 E.25862
SET_VELOCITY_LIMIT ACCEL=10000
G1 X-36.94 Y14.034 F30000
SET_VELOCITY_LIMIT ACCEL=2000
G1 F7200
G1 X-33.06 Y10.155 E.25862
SET_VELOCITY_LIMIT ACCEL=10000
G1 X-33.06 Y9.336 F30000
SET_VELOCITY_LIMIT ACCEL=2000
G1 F7200
G1 X-36.94 Y13.216 E.25862
SET_VELOCITY_LIMIT ACCEL=10000
G1 X-36.94 Y12.398 F30000
SET_VELOCITY_LIMIT ACCEL=2000
G1 F7200
G1 X-33.06 Y8.518 E.25862
SET_VELOCITY_LIMIT ACCEL=10000
G1 X-33.06 Y7.7 F30000
SET_VELOCITY_LIMIT ACCEL=2000
G1 F7200
G1 X-36.94 Y11.58 E.25862
SET_VELOCITY_LIMIT ACCEL=10000
G1 X-36.94 Y10.762 F30000
SET_VELOCITY_LIMIT ACCEL=2000
G1 F7200
G1 X-33.06 Y6.882 E.25862
SET_VELOCITY_LIMIT ACCEL=10000
G1 X-33.06 Y6.064 F30000
SET_VELOCITY_LIMIT ACCEL=2000
G1 F7200
G1 X-36.94 Y9.944 E.25862
SET_VELOCITY_LIMIT ACCEL=10000
G1 X-36.94 Y9.126 F30000
SET_VELOCITY_LIMIT ACCEL=2000
G1 F7200
G1 X-33.06 Y5.246 E.25862
SET_VELOCITY_LIMIT ACCEL=10000
G1 X-33.06 Y4.428 F30000
SET_VELOCITY_LIMIT ACCEL=2000
G1 F7200
G1 X-36.94 Y8.308 E.25862
SET_VELOCITY_LIMIT ACCEL=10000
G1 X-36.94 Y7.49 F30000
SET_VELOCITY_LIMIT ACCEL=2000
G1 F7200
G1 X-33.06 Y3.61 E.25862
SET_VELOCITY_LIMIT ACCEL=10000
G1 X-33.06 Y2.792 F30000
SET_VELOCITY_LIMIT ACCEL=2000
G1 F7200
G1 X-36.94 Y6.672 E.25862
SET_VELOCITY_LIMIT ACCEL=10000
G1 X-36.94 Y5.854 F30000
SET_VELOCITY_LIMIT ACCEL=2000
G1 F7200
G1 X-33.06 Y1.974 E.25862
SET_VELOCITY_LIMIT ACCEL=10000
G1 X-33.06 Y1.156 F30000
SET_VELOCITY_LIMIT ACCEL=2000
G1 F7200
G1 X-36.94 Y5.035 E.25862
SET_VELOCITY_LIMIT ACCEL=10000
G1 X-36.94 Y4.217 F30000
SET_VELOCITY_LIMIT ACCEL=2000
G1 F7200
G1 X-33.06 Y.338 E.25862
SET_VELOCITY_LIMIT ACCEL=10000
G1 X-33.06 Y-.48 F30000
SET_VELOCITY_LIMIT ACCEL=2000
G1 F7200
G1 X-36.94 Y3.399 E.25862
SET_VELOCITY_LIMIT ACCEL=10000
G1 X-36.94 Y2.581 F30000
SET_VELOCITY_LIMIT ACCEL=2000
G1 F7200
G1 X-33.06 Y-1.298 E.25862
SET_VELOCITY_LIMIT ACCEL=10000
G1 X-33.06 Y-2.116 F30000
SET_VELOCITY_LIMIT ACCEL=2000
G1 F7200
G1 X-36.94 Y1.763 E.25862
SET_VELOCITY_LIMIT ACCEL=10000
G1 X-36.94 Y.945 F30000
SET_VELOCITY_LIMIT ACCEL=2000
G1 F7200
G1 X-33.06 Y-2.934 E.25862
SET_VELOCITY_LIMIT ACCEL=10000
G1 X-33.06 Y-3.752 F30000
SET_VELOCITY_LIMIT ACCEL=2000
G1 F7200
G1 X-36.94 Y.127 E.25862
SET_VELOCITY_LIMIT ACCEL=10000
G1 X-36.94 Y-.691 F30000
SET_VELOCITY_LIMIT ACCEL=2000
G1 F7200
G1 X-33.06 Y-4.571 E.25862
SET_VELOCITY_LIMIT ACCEL=10000
G1 X-33.06 Y-5.389 F30000
SET_VELOCITY_LIMIT ACCEL=2000
G1 F7200
G1 X-36.94 Y-1.509 E.25862
SET_VELOCITY_LIMIT ACCEL=10000
G1 X-36.94 Y-2.327 F30000
SET_VELOCITY_LIMIT ACCEL=2000
G1 F7200
G1 X-33.06 Y-6.207 E.25862
SET_VELOCITY_LIMIT ACCEL=10000
G1 X-33.06 Y-7.025 F30000
SET_VELOCITY_LIMIT ACCEL=2000
G1 F7200
G1 X-36.94 Y-3.145 E.25862
SET_VELOCITY_LIMIT ACCEL=10000
G1 X-36.94 Y-3.963 F30000
SET_VELOCITY_LIMIT ACCEL=2000
G1 F7200
G1 X-33.06 Y-7.843 E.25862
SET_VELOCITY_LIMIT ACCEL=10000
G1 X-33.06 Y-8.661 F30000
SET_VELOCITY_LIMIT ACCEL=2000
G1 F7200
G1 X-36.94 Y-4.781 E.25862
SET_VELOCITY_LIMIT ACCEL=10000
G1 X-36.94 Y-5.599 F30000
SET_VELOCITY_LIMIT ACCEL=2000
G1 F7200
G1 X-33.06 Y-9.479 E.25862
SET_VELOCITY_LIMIT ACCEL=10000
G1 X-33.06 Y-10.297 F30000
SET_VELOCITY_LIMIT ACCEL=2000
G1 F7200
G1 X-36.94 Y-6.417 E.25862
SET_VELOCITY_LIMIT ACCEL=10000
G1 X-36.94 Y-7.235 F30000
SET_VELOCITY_LIMIT ACCEL=2000
G1 F7200
G1 X-33.06 Y-11.115 E.25862
SET_VELOCITY_LIMIT ACCEL=10000
G1 X-33.06 Y-11.933 F30000
SET_VELOCITY_LIMIT ACCEL=2000
G1 F7200
G1 X-36.94 Y-8.053 E.25862
SET_VELOCITY_LIMIT ACCEL=10000
G1 X-36.94 Y-8.872 F30000
M73 P99 R0
SET_VELOCITY_LIMIT ACCEL=2000
G1 F7200
G1 X-33.06 Y-12.751 E.25862
SET_VELOCITY_LIMIT ACCEL=10000
G1 X-33.06 Y-13.569 F30000
SET_VELOCITY_LIMIT ACCEL=2000
G1 F7200
G1 X-36.94 Y-9.69 E.25862
SET_VELOCITY_LIMIT ACCEL=10000
G1 X-36.94 Y-10.508 F30000
SET_VELOCITY_LIMIT ACCEL=2000
G1 F7200
G1 X-33.06 Y-14.387 E.25862
SET_VELOCITY_LIMIT ACCEL=10000
G1 X-33.06 Y-15.205 F30000
SET_VELOCITY_LIMIT ACCEL=2000
G1 F7200
G1 X-36.94 Y-11.326 E.25862
SET_VELOCITY_LIMIT ACCEL=10000
G1 X-36.94 Y-12.144 F30000
SET_VELOCITY_LIMIT ACCEL=2000
G1 F7200
G1 X-33.06 Y-16.023 E.25862
SET_VELOCITY_LIMIT ACCEL=10000
G1 X-33.06 Y-16.841 F30000
SET_VELOCITY_LIMIT ACCEL=2000
G1 F7200
G1 X-36.94 Y-12.962 E.25862
SET_VELOCITY_LIMIT ACCEL=10000
G1 X-36.94 Y-13.78 F30000
SET_VELOCITY_LIMIT ACCEL=2000
G1 F7200
G1 X-33.06 Y-17.659 E.25862
SET_VELOCITY_LIMIT ACCEL=10000
G1 X-33.06 Y-18.478 F30000
SET_VELOCITY_LIMIT ACCEL=2000
G1 F7200
G1 X-36.94 Y-14.598 E.25862
SET_VELOCITY_LIMIT ACCEL=10000
G1 X-36.94 Y-15.416 F30000
SET_VELOCITY_LIMIT ACCEL=2000
G1 F7200
G1 X-33.06 Y-19.296 E.25862
SET_VELOCITY_LIMIT ACCEL=10000
G1 X-33.06 Y-20.114 F30000
SET_VELOCITY_LIMIT ACCEL=2000
G1 F7200
G1 X-36.94 Y-16.234 E.25862
SET_VELOCITY_LIMIT ACCEL=10000
G1 X-36.94 Y-17.052 F30000
SET_VELOCITY_LIMIT ACCEL=2000
G1 F7200
G1 X-33.06 Y-20.932 E.25862
SET_VELOCITY_LIMIT ACCEL=10000
G1 X-33.06 Y-21.75 F30000
SET_VELOCITY_LIMIT ACCEL=2000
G1 F7200
G1 X-36.94 Y-17.87 E.25862
SET_VELOCITY_LIMIT ACCEL=10000
G1 X-36.94 Y-18.688 F30000
SET_VELOCITY_LIMIT ACCEL=2000
G1 F7200
G1 X-33.06 Y-22.568 E.25862
SET_VELOCITY_LIMIT ACCEL=10000
G1 X-33.06 Y-23.386 F30000
SET_VELOCITY_LIMIT ACCEL=2000
G1 F7200
G1 X-36.94 Y-19.506 E.25862
SET_VELOCITY_LIMIT ACCEL=10000
G1 X-36.94 Y-20.324 F30000
SET_VELOCITY_LIMIT ACCEL=2000
G1 F7200
G1 X-33.06 Y-24.204 E.25862
SET_VELOCITY_LIMIT ACCEL=10000
G1 X-33.06 Y-25.022 F30000
SET_VELOCITY_LIMIT ACCEL=2000
G1 F7200
G1 X-36.94 Y-21.142 E.25862
SET_VELOCITY_LIMIT ACCEL=10000
G1 X-36.94 Y-21.96 F30000
SET_VELOCITY_LIMIT ACCEL=2000
G1 F7200
G1 X-33.06 Y-25.84 E.25862
SET_VELOCITY_LIMIT ACCEL=10000
G1 X-33.06 Y-26.658 F30000
SET_VELOCITY_LIMIT ACCEL=2000
G1 F7200
G1 X-36.94 Y-22.779 E.25862
SET_VELOCITY_LIMIT ACCEL=10000
G1 X-36.94 Y-23.597 F30000
SET_VELOCITY_LIMIT ACCEL=2000
G1 F7200
G1 X-33.06 Y-27.476 E.25862
SET_VELOCITY_LIMIT ACCEL=10000
G1 X-33.06 Y-28.294 F30000
SET_VELOCITY_LIMIT ACCEL=2000
G1 F7200
G1 X-36.94 Y-24.415 E.25862
SET_VELOCITY_LIMIT ACCEL=10000
G1 X-36.94 Y-25.233 F30000
SET_VELOCITY_LIMIT ACCEL=2000
G1 F7200
G1 X-33.06 Y-29.112 E.25862
SET_VELOCITY_LIMIT ACCEL=10000
G1 X-33.06 Y-29.93 F30000
SET_VELOCITY_LIMIT ACCEL=2000
G1 F7200
G1 X-36.94 Y-26.051 E.25862
SET_VELOCITY_LIMIT ACCEL=10000
G1 X-36.94 Y-26.869 F30000
SET_VELOCITY_LIMIT ACCEL=2000
G1 F7200
G1 X-33.06 Y-30.748 E.25862
SET_VELOCITY_LIMIT ACCEL=10000
G1 X-33.06 Y-31.566 F30000
SET_VELOCITY_LIMIT ACCEL=2000
G1 F7200
G1 X-36.94 Y-27.687 E.25862
SET_VELOCITY_LIMIT ACCEL=10000
G1 X-36.94 Y-28.505 F30000
SET_VELOCITY_LIMIT ACCEL=2000
G1 F7200
G1 X-33.06 Y-32.385 E.25862
SET_VELOCITY_LIMIT ACCEL=10000
G1 X-33.06 Y-33.203 F30000
SET_VELOCITY_LIMIT ACCEL=2000
G1 F7200
G1 X-36.94 Y-29.323 E.25862
SET_VELOCITY_LIMIT ACCEL=10000
G1 X-36.94 Y-30.141 F30000
SET_VELOCITY_LIMIT ACCEL=2000
G1 F7200
G1 X-33.06 Y-34.021 E.25862
SET_VELOCITY_LIMIT ACCEL=10000
G1 X-33.06 Y-34.839 F30000
SET_VELOCITY_LIMIT ACCEL=2000
G1 F7200
G1 X-36.94 Y-30.959 E.25862
SET_VELOCITY_LIMIT ACCEL=10000
G1 X-36.94 Y-31.777 F30000
SET_VELOCITY_LIMIT ACCEL=2000
G1 F7200
G1 X-33.06 Y-35.657 E.25862
SET_VELOCITY_LIMIT ACCEL=10000
G1 X-33.06 Y-36.475 F30000
SET_VELOCITY_LIMIT ACCEL=2000
G1 F7200
G1 X-36.94 Y-32.595 E.25862
SET_VELOCITY_LIMIT ACCEL=10000
G1 X-36.94 Y-33.413 F30000
SET_VELOCITY_LIMIT ACCEL=2000
G1 F7200
G1 X-33.06 Y-37.293 E.25862
SET_VELOCITY_LIMIT ACCEL=10000
G1 X-33.06 Y-38.111 F30000
SET_VELOCITY_LIMIT ACCEL=2000
G1 F7200
G1 X-36.94 Y-34.231 E.25862
SET_VELOCITY_LIMIT ACCEL=10000
G1 X-36.94 Y-35.049 F30000
SET_VELOCITY_LIMIT ACCEL=2000
G1 F7200
G1 X-33.06 Y-38.929 E.25862
SET_VELOCITY_LIMIT ACCEL=10000
G1 X-33.06 Y-39.747 F30000
SET_VELOCITY_LIMIT ACCEL=2000
G1 F7200
G1 X-36.94 Y-35.867 E.25862
SET_VELOCITY_LIMIT ACCEL=10000
G1 X-36.94 Y-36.686 F30000
SET_VELOCITY_LIMIT ACCEL=2000
G1 F7200
G1 X-33.06 Y-40.565 E.25862
SET_VELOCITY_LIMIT ACCEL=10000
G1 X-33.06 Y-41.383 F30000
SET_VELOCITY_LIMIT ACCEL=2000
G1 F7200
G1 X-36.94 Y-37.504 E.25862
SET_VELOCITY_LIMIT ACCEL=10000
G1 X-36.94 Y-38.322 F30000
SET_VELOCITY_LIMIT ACCEL=2000
G1 F7200
G1 X-33.06 Y-42.201 E.25862
SET_VELOCITY_LIMIT ACCEL=10000
G1 X-33.06 Y-43.019 F30000
SET_VELOCITY_LIMIT ACCEL=2000
G1 F7200
G1 X-36.94 Y-39.14 E.25862
SET_VELOCITY_LIMIT ACCEL=10000
G1 X-36.94 Y-39.958 F30000
SET_VELOCITY_LIMIT ACCEL=2000
G1 F7200
G1 X-33.06 Y-43.837 E.25862
SET_VELOCITY_LIMIT ACCEL=10000
G1 X-33.06 Y-44.655 F30000
SET_VELOCITY_LIMIT ACCEL=2000
G1 F7200
G1 X-36.94 Y-40.776 E.25862
SET_VELOCITY_LIMIT ACCEL=10000
G1 X-36.94 Y-41.594 F30000
SET_VELOCITY_LIMIT ACCEL=2000
G1 F7200
G1 X-33.06 Y-45.473 E.25862
SET_VELOCITY_LIMIT ACCEL=10000
G1 X-33.06 Y-46.292 F30000
SET_VELOCITY_LIMIT ACCEL=2000
G1 F7200
G1 X-36.94 Y-42.412 E.25862
SET_VELOCITY_LIMIT ACCEL=10000
G1 X-36.94 Y-43.23 F30000
SET_VELOCITY_LIMIT ACCEL=2000
G1 F7200
G1 X-33.06 Y-47.11 E.25862
SET_VELOCITY_LIMIT ACCEL=10000
G1 X-33.06 Y-47.928 F30000
SET_VELOCITY_LIMIT ACCEL=2000
G1 F7200
G1 X-36.94 Y-44.048 E.25862
SET_VELOCITY_LIMIT ACCEL=10000
G1 X-36.94 Y-44.866 F30000
SET_VELOCITY_LIMIT ACCEL=2000
G1 F7200
G1 X-33.06 Y-48.746 E.25862
SET_VELOCITY_LIMIT ACCEL=10000
G1 X-33.06 Y-49.564 F30000
SET_VELOCITY_LIMIT ACCEL=2000
G1 F7200
G1 X-36.94 Y-45.684 E.25862
SET_VELOCITY_LIMIT ACCEL=10000
G1 X-36.94 Y-46.502 F30000
SET_VELOCITY_LIMIT ACCEL=2000
G1 F7200
G1 X-33.06 Y-50.382 E.25862
SET_VELOCITY_LIMIT ACCEL=10000
G1 X-33.06 Y-51.2 F30000
SET_VELOCITY_LIMIT ACCEL=2000
G1 F7200
G1 X-36.94 Y-47.32 E.25862
SET_VELOCITY_LIMIT ACCEL=10000
G1 X-36.94 Y-48.138 F30000
SET_VELOCITY_LIMIT ACCEL=2000
G1 F7200
G1 X-33.06 Y-52.018 E.25862
SET_VELOCITY_LIMIT ACCEL=10000
G1 X-33.06 Y-52.836 F30000
SET_VELOCITY_LIMIT ACCEL=2000
G1 F7200
G1 X-36.94 Y-48.956 E.25862
SET_VELOCITY_LIMIT ACCEL=10000
G1 X-36.94 Y-49.774 F30000
SET_VELOCITY_LIMIT ACCEL=2000
G1 F7200
G1 X-33.06 Y-53.654 E.25862
SET_VELOCITY_LIMIT ACCEL=10000
G1 X-33.06 Y-54.472 F30000
SET_VELOCITY_LIMIT ACCEL=2000
G1 F7200
G1 X-36.94 Y-50.593 E.25862
SET_VELOCITY_LIMIT ACCEL=10000
G1 X-36.94 Y-51.411 F30000
SET_VELOCITY_LIMIT ACCEL=2000
G1 F7200
G1 X-33.06 Y-55.29 E.25862
SET_VELOCITY_LIMIT ACCEL=10000
G1 X-33.06 Y-56.108 F30000
SET_VELOCITY_LIMIT ACCEL=2000
G1 F7200
G1 X-36.94 Y-52.229 E.25862
SET_VELOCITY_LIMIT ACCEL=10000
G1 X-36.94 Y-53.047 F30000
SET_VELOCITY_LIMIT ACCEL=2000
G1 F7200
G1 X-33.06 Y-56.926 E.25862
SET_VELOCITY_LIMIT ACCEL=10000
G1 X-33.06 Y-57.744 F30000
SET_VELOCITY_LIMIT ACCEL=2000
G1 F7200
G1 X-36.94 Y-53.865 E.25862
SET_VELOCITY_LIMIT ACCEL=10000
G1 X-36.94 Y-54.683 F30000
SET_VELOCITY_LIMIT ACCEL=2000
G1 F7200
G1 X-33.06 Y-58.562 E.25862
SET_VELOCITY_LIMIT ACCEL=10000
G1 X-33.06 Y-59.38 F30000
SET_VELOCITY_LIMIT ACCEL=2000
G1 F7200
G1 X-36.94 Y-55.501 E.25862
SET_VELOCITY_LIMIT ACCEL=10000
G1 X-36.94 Y-56.319 F30000
SET_VELOCITY_LIMIT ACCEL=2000
G1 F7200
G1 X-33.06 Y-60.199 E.25862
SET_VELOCITY_LIMIT ACCEL=10000
G1 X-33.06 Y-61.017 F30000
SET_VELOCITY_LIMIT ACCEL=2000
G1 F7200
G1 X-36.94 Y-57.137 E.25862
SET_VELOCITY_LIMIT ACCEL=10000
G1 X-36.94 Y-57.955 F30000
SET_VELOCITY_LIMIT ACCEL=2000
G1 F7200
G1 X-33.06 Y-61.835 E.25862
SET_VELOCITY_LIMIT ACCEL=10000
G1 X-33.06 Y-62.653 F30000
SET_VELOCITY_LIMIT ACCEL=2000
G1 F7200
G1 X-36.94 Y-58.773 E.25862
SET_VELOCITY_LIMIT ACCEL=10000
G1 X-36.94 Y-59.591 F30000
SET_VELOCITY_LIMIT ACCEL=2000
G1 F7200
G1 X-33.06 Y-63.471 E.25862
SET_VELOCITY_LIMIT ACCEL=10000
G1 X-33.06 Y-64.289 F30000
SET_VELOCITY_LIMIT ACCEL=2000
G1 F7200
G1 X-36.94 Y-60.409 E.25862
SET_VELOCITY_LIMIT ACCEL=10000
G1 X-36.94 Y-61.227 F30000
SET_VELOCITY_LIMIT ACCEL=2000
G1 F7200
G1 X-33.06 Y-65.107 E.25862
SET_VELOCITY_LIMIT ACCEL=10000
G1 X-33.06 Y-65.925 F30000
SET_VELOCITY_LIMIT ACCEL=2000
G1 F7200
G1 X-36.94 Y-62.045 E.25862
SET_VELOCITY_LIMIT ACCEL=10000
G1 X-36.94 Y-62.863 F30000
SET_VELOCITY_LIMIT ACCEL=2000
G1 F7200
G1 X-33.06 Y-66.743 E.25862
SET_VELOCITY_LIMIT ACCEL=10000
G1 X-33.06 Y-67.561 F30000
SET_VELOCITY_LIMIT ACCEL=2000
G1 F7200
G1 X-36.94 Y-63.681 E.25862
SET_VELOCITY_LIMIT ACCEL=10000
G1 X-36.94 Y-64.5 F30000
SET_VELOCITY_LIMIT ACCEL=2000
G1 F7200
G1 X-33.06 Y-68.379 E.25862
SET_VELOCITY_LIMIT ACCEL=10000
G1 X-33.06 Y-69.197 F30000
SET_VELOCITY_LIMIT ACCEL=2000
G1 F7200
G1 X-36.94 Y-65.318 E.25862
SET_VELOCITY_LIMIT ACCEL=10000
G1 X-36.94 Y-66.136 F30000
SET_VELOCITY_LIMIT ACCEL=2000
G1 F7200
G1 X-33.06 Y-70.015 E.25862
SET_VELOCITY_LIMIT ACCEL=10000
G1 X-33.06 Y-70.833 F30000
SET_VELOCITY_LIMIT ACCEL=2000
G1 F7200
G1 X-36.94 Y-66.954 E.25862
SET_VELOCITY_LIMIT ACCEL=10000
G1 X-36.94 Y-67.772 F30000
SET_VELOCITY_LIMIT ACCEL=2000
G1 F7200
G1 X-33.06 Y-71.651 E.25862
SET_VELOCITY_LIMIT ACCEL=10000
G1 X-33.06 Y-72.469 F30000
SET_VELOCITY_LIMIT ACCEL=2000
G1 F7200
G1 X-36.94 Y-68.59 E.25862
SET_VELOCITY_LIMIT ACCEL=10000
G1 X-36.94 Y-69.408 F30000
SET_VELOCITY_LIMIT ACCEL=2000
G1 F7200
G1 X-33.06 Y-73.287 E.25862
SET_VELOCITY_LIMIT ACCEL=10000
G1 X-33.06 Y-74.106 F30000
SET_VELOCITY_LIMIT ACCEL=2000
G1 F7200
G1 X-36.94 Y-70.226 E.25862
SET_VELOCITY_LIMIT ACCEL=10000
G1 X-36.94 Y-71.044 F30000
SET_VELOCITY_LIMIT ACCEL=2000
G1 F7200
G1 X-33.06 Y-74.924 E.25862
SET_VELOCITY_LIMIT ACCEL=10000
G1 X-33.06 Y-75.742 F30000
SET_VELOCITY_LIMIT ACCEL=2000
G1 F7200
G1 X-36.94 Y-71.862 E.25862
SET_VELOCITY_LIMIT ACCEL=10000
G1 X-36.94 Y-72.68 F30000
SET_VELOCITY_LIMIT ACCEL=2000
G1 F7200
G1 X-33.06 Y-76.56 E.25862
SET_VELOCITY_LIMIT ACCEL=10000
G1 X-33.06 Y-77.378 F30000
SET_VELOCITY_LIMIT ACCEL=2000
G1 F7200
G1 X-36.94 Y-73.498 E.25862
SET_VELOCITY_LIMIT ACCEL=10000
G1 X-36.94 Y-74.316 F30000
SET_VELOCITY_LIMIT ACCEL=2000
G1 F7200
G1 X-33.316 Y-77.94 E.24155
SET_VELOCITY_LIMIT ACCEL=10000
G1 X-34.134 Y-77.94 F30000
SET_VELOCITY_LIMIT ACCEL=2000
G1 F7200
G1 X-36.94 Y-75.134 E.18702
SET_VELOCITY_LIMIT ACCEL=10000
G1 X-36.94 Y-75.952 F30000
SET_VELOCITY_LIMIT ACCEL=2000
G1 F7200
G1 X-34.952 Y-77.94 E.13249
SET_VELOCITY_LIMIT ACCEL=10000
G1 X-35.77 Y-77.94 F30000
SET_VELOCITY_LIMIT ACCEL=2000
G1 F7200
G1 X-36.94 Y-76.77 E.07795
G1 E-1.2 F2100
;WIPE_START
G1 F7200
G1 X-35.77 Y-77.94
;WIPE_END
M106 S0
M106 P2 S0
;TYPE:Custom
; filament end gcode
G1 E-3 F3600
G0 X50 Y50 F30000
M104 S0 ; turn off temperature
M73 P100 R0
; EXECUTABLE_BLOCK_END

; filament used [mm] = 4171.30
; filament used [cm3] = 10.03
; filament used [g] = 12.44
; filament cost = 0.25
; total filament used [g] = 12.44
; total filament cost = 0.25
; total layers count = 30
; estimated printing time (normal mode) = 17m 14s
; estimated first layer printing time (normal mode) = 15s

; CONFIG_BLOCK_START
; accel_to_decel_enable = 0
; accel_to_decel_factor = 50%
; activate_air_filtration = 0
; activate_chamber_temp_control = 0
; adaptive_bed_mesh_margin = 0
; adaptive_pressure_advance = 0
; adaptive_pressure_advance_bridges = 0
; adaptive_pressure_advance_model = "0,0,0\n0,0,0"
; adaptive_pressure_advance_overhangs = 0
; additional_cooling_fan_speed = 100
; alternate_extra_wall = 0
; auxiliary_fan = 1
; bbl_calib_mark_logo = 1
; bbl_use_printhost = 0
; bed_custom_model = 
; bed_custom_texture = 
; bed_exclude_area = 0x0
; bed_mesh_max = 99999,99999
; bed_mesh_min = -99999,-99999
; bed_mesh_probe_distance = 50,50
; before_layer_change_gcode = ;BEFORE_LAYER_CHANGE\n;[layer_z]
; best_object_pos = 0.5,0.5
; bottom_shell_layers = 3
; bottom_shell_thickness = 0
; bottom_solid_infill_flow_ratio = 1
; bottom_surface_pattern = monotonic
; bridge_acceleration = 50%
; bridge_angle = 0
; bridge_density = 100%
; bridge_flow = 1
; bridge_no_support = 0
; bridge_speed = 25
; brim_ears_detection_length = 1
; brim_ears_max_angle = 125
; brim_object_gap = 0.1
; brim_type = no_brim
; brim_width = 5
; chamber_temperature = 0
; change_extrusion_role_gcode = 
; change_filament_gcode = 
; close_fan_the_first_x_layers = 1
; complete_print_exhaust_fan_speed = 80
; cool_plate_temp = 60
; cool_plate_temp_initial_layer = 55
; cooling_tube_length = 5
; cooling_tube_retraction = 91.5
; counterbore_hole_bridging = none
; curr_bed_type = High Temp Plate
; default_acceleration = 10000
; default_filament_colour = ""
; default_filament_profile = "Flashforge Generic PLA"
; default_jerk = 0
; default_print_profile = 0.30mm Standard @Flashforge AD5M Pro 0.6 Nozzle
; deretraction_speed = 35
; detect_narrow_internal_solid_infill = 1
; detect_overhang_wall = 1
; detect_thin_wall = 0
; different_settings_to_system = initial_layer_print_height;layer_height;raft_contact_distance;;
; disable_m73 = 0
; dont_filter_internal_bridges = disabled
; dont_slow_down_outer_wall = 0
; draft_shield = disabled
; during_print_exhaust_fan_speed = 60
; elefant_foot_compensation = 0.15
; elefant_foot_compensation_layers = 1
; emit_machine_limits_to_gcode = 1
; enable_arc_fitting = 0
; enable_extra_bridge_layer = disabled
; enable_filament_ramming = 1
; enable_long_retraction_when_cut = 0
; enable_overhang_bridge_fan = 1
; enable_overhang_speed = 1
; enable_pressure_advance = 1
; enable_prime_tower = 0
; enable_support = 0
; enforce_support_layers = 0
; eng_plate_temp = 60
; eng_plate_temp_initial_layer = 55
; ensure_vertical_shell_thickness = ensure_all
; exclude_object = 0
; extra_loading_move = -2
; extra_perimeters_on_overhangs = 0
; extruder_clearance_height_to_lid = 150
; extruder_clearance_height_to_rod = 27
; extruder_clearance_radius = 76
; extruder_colour = #26A69A
; extruder_offset = 0x0
; extrusion_rate_smoothing_external_perimeter_only = 0
; fan_cooling_layer_time = 100
; fan_kickstart = 0
; fan_max_speed = 100
; fan_min_speed = 100
; fan_speedup_overhangs = 1
; fan_speedup_time = 0
; filament_colour = #26A69A
; filament_cooling_final_speed = 3.4
; filament_cooling_initial_speed = 2.2
; filament_cooling_moves = 4
; filament_cost = 20
; filament_density = 1.24
; filament_diameter = 1.75
; filament_end_gcode = "; filament end gcode\n"
; filament_flow_ratio = 0.98
; filament_ids = FFG01
; filament_is_support = 0
; filament_loading_speed = 28
; filament_loading_speed_start = 3
; filament_max_volumetric_speed = 25
; filament_minimal_purge_on_wipe_tower = 15
; filament_multitool_ramming = 0
; filament_multitool_ramming_flow = 10
; filament_multitool_ramming_volume = 10
; filament_notes = ""
; filament_ramming_parameters = "120 100 6.6 6.8 7.2 7.6 7.9 8.2 8.7 9.4 9.9 10.0| 0.05 6.6 0.45 6.8 0.95 7.8 1.45 8.3 1.95 9.7 2.45 10 2.95 7.6 3.45 7.6 3.95 7.6 4.45 7.6 4.95 7.6"
; filament_settings_id = "Flashforge Generic PLA"
; filament_shrink = 100%
; filament_shrinkage_compensation_z = 100%
; filament_soluble = 0
; filament_stamping_distance = 0
; filament_stamping_loading_speed = 0
; filament_start_gcode = "; filament start gcode\n;right_extruder_material: PLA\n"
; filament_toolchange_delay = 0
; filament_type = PLA
; filament_unloading_speed = 90
; filament_unloading_speed_start = 100
; filament_vendor = Generic
; filename_format = {input_filename_base}.gcode
; filter_out_gap_fill = 0.5
; first_layer_print_sequence = 0
; flush_into_infill = 0
; flush_into_objects = 0
; flush_into_support = 1
; flush_multiplier = 0.3
; flush_volumes_matrix = 0
; flush_volumes_vector = 140,140
; full_fan_speed_layer = 0
; fuzzy_skin = none
; fuzzy_skin_first_layer = 0
; fuzzy_skin_noise_type = classic
; fuzzy_skin_octaves = 4
; fuzzy_skin_persistence = 0.5
; fuzzy_skin_point_distance = 0.3
; fuzzy_skin_scale = 1
; fuzzy_skin_thickness = 0.2
; gap_fill_target = nowhere
; gap_infill_speed = 150
; gcode_add_line_number = 0
; gcode_comments = 0
; gcode_flavor = klipper
; gcode_label_objects = 0
; has_scarf_joint_seam = 0
; head_wrap_detect_zone = 
; high_current_on_filament_swap = 0
; hole_to_polyhole = 0
; hole_to_polyhole_threshold = 0.01
; hole_to_polyhole_twisted = 1
; host_type = octoprint
; hot_plate_temp = 50
; hot_plate_temp_initial_layer = 55
; idle_temperature = 0
; independent_support_layer_height = 1
; infill_anchor = 400%
; infill_anchor_max = 20
; infill_combination = 0
; infill_combination_max_layer_height = 100%
; infill_direction = 45
; infill_jerk = 9
; infill_wall_overlap = 40%
; inherits_group = "0.18mm Fine @Flashforge AD5M Pro 0.6 Nozzle";;
; initial_layer_acceleration = 500
; initial_layer_infill_speed = 65
; initial_layer_jerk = 9
; initial_layer_line_width = 0.65
; initial_layer_min_bead_width = 85%
; initial_layer_print_height = 0.2
; initial_layer_speed = 45
; initial_layer_travel_speed = 100%
; inner_wall_acceleration = 5000
; inner_wall_jerk = 9
; inner_wall_line_width = 0.62
; inner_wall_speed = 150
; interface_shells = 0
; interlocking_beam = 0
; interlocking_beam_layer_count = 2
; interlocking_beam_width = 0.8
; interlocking_boundary_avoidance = 2
; interlocking_depth = 2
; interlocking_orientation = 22.5
; internal_bridge_angle = 0
; internal_bridge_density = 100%
; internal_bridge_fan_speed = -1
; internal_bridge_flow = 1
; internal_bridge_speed = 50
; internal_solid_infill_acceleration = 7000
; internal_solid_infill_line_width = 0.62
; internal_solid_infill_pattern = monotonic
; internal_solid_infill_speed = 150
; ironing_angle = -1
; ironing_flow = 15%
; ironing_inset = 0
; ironing_pattern = zig-zag
; ironing_spacing = 0.1
; ironing_speed = 15
; ironing_type = no ironing
; is_infill_first = 0
; lattice_angle_1 = -45
; lattice_angle_2 = 45
; layer_change_gcode = ;AFTER_LAYER_CHANGE\n;[layer_z]
; layer_height = 0.2
; line_width = 0.62
; long_retractions_when_cut = 0
; machine_end_gcode = G1 E-3 F3600\nG0 X50 Y50 F30000\nM104 S0 ; turn off temperature
; machine_load_filament_time = 0
; machine_max_acceleration_e = 5000,5000
; machine_max_acceleration_extruding = 20000,20000
; machine_max_acceleration_retracting = 5000,5000
; machine_max_acceleration_travel = 20000,20000
; machine_max_acceleration_x = 20000,20000
; machine_max_acceleration_y = 20000,20000
; machine_max_acceleration_z = 500,500
; machine_max_jerk_e = 2.5,2.5
; machine_max_jerk_x = 9,9
; machine_max_jerk_y = 9,9
; machine_max_jerk_z = 3,3
; machine_max_speed_e = 30,30
; machine_max_speed_x = 600,600
; machine_max_speed_y = 600,600
; machine_max_speed_z = 20,20
; machine_min_extruding_rate = 0,0
; machine_min_travel_rate = 0,0
; machine_pause_gcode = M25
; machine_start_gcode = M190 S[bed_temperature_initial_layer_single]\nM104 S[nozzle_temperature_initial_layer]\nG90\nM83\nG1 Z5 F6000\nG1 E-0.2 F800\nG1 X110 Y-110 F6000\nG1 E2 F800\nG1 Y-110 X55 Z0.25 F4800\nG1 X-55 E8 F2400\nG1 Y-109.6 F2400\nG1 X55 E5 F2400\nG1 Y-110 X55 Z0.45 F4800\nG1 X-55 E8 F2400\nG1 Y-109.6 F2400\nG1 X55 E5 F2400\nG92 E0
; machine_tool_change_time = 0
; machine_unload_filament_time = 0
; make_overhang_printable = 0
; make_overhang_printable_angle = 55
; make_overhang_printable_hole_size = 0
; manual_filament_change = 0
; max_bridge_length = 10
; max_layer_height = 0.42
; max_travel_detour_distance = 0
; max_volumetric_extrusion_rate_slope = 0
; max_volumetric_extrusion_rate_slope_segment_length = 3
; min_bead_width = 85%
; min_feature_size = 25%
; min_layer_height = 0.15
; min_length_factor = 0.5
; min_skirt_length = 0
; min_width_top_surface = 300%
; minimum_sparse_infill_area = 15
; mmu_segmented_region_interlocking_depth = 0
; mmu_segmented_region_max_width = 0
; notes = 
; nozzle_diameter = 0.6
; nozzle_height = 2.5
; nozzle_hrc = 0
; nozzle_temperature = 220
; nozzle_temperature_initial_layer = 220
; nozzle_temperature_range_high = 230
; nozzle_temperature_range_low = 190
; nozzle_type = hardened_steel
; nozzle_volume = 0
; only_one_wall_first_layer = 0
; only_one_wall_top = 0
; ooze_prevention = 0
; other_layers_print_sequence = 0
; other_layers_print_sequence_nums = 0
; outer_wall_acceleration = 5000
; outer_wall_jerk = 9
; outer_wall_line_width = 0.62
; outer_wall_speed = 120
; overhang_1_4_speed = 0
; overhang_2_4_speed = 40
; overhang_3_4_speed = 20
; overhang_4_4_speed = 10
; overhang_fan_speed = 100
; overhang_fan_threshold = 50%
; overhang_reverse = 0
; overhang_reverse_internal_only = 0
; overhang_reverse_threshold = 50%
; overhang_speed_classic = 0
; parking_pos_retraction = 92
; pellet_flow_coefficient = 0.4157
; pellet_modded_printer = 0
; post_process = 
; precise_outer_wall = 0
; precise_z_height = 0
; preferred_orientation = 0
; preheat_steps = 1
; preheat_time = 30
; pressure_advance = 0.025
; prime_tower_brim_width = 3
; prime_tower_width = 60
; prime_volume = 45
; print_compatible_printers = "Flashforge Adventurer 5M Pro 0.6 Nozzle"
; print_flow_ratio = 1
; print_order = default
; print_sequence = by layer
; print_settings_id = handle
; printable_area = -110x-110,110x-110,110x110,-110x110
; printable_height = 220
; printer_model = Flashforge Adventurer 5M Pro
; printer_notes = 
; printer_settings_id = Flashforge Adventurer 5M Pro 0.6 Nozzle
; printer_structure = undefine
; printer_technology = FFF
; printer_variant = 0.6
; printhost_authorization_type = key
; printhost_ssl_ignore_revoke = 0
; printing_by_object_gcode = 
; purge_in_prime_tower = 1
; raft_contact_distance = 0.16
; raft_expansion = 1.5
; raft_first_layer_density = 90%
; raft_first_layer_expansion = 2
; raft_layers = 0
; reduce_crossing_wall = 0
; reduce_fan_stop_start_freq = 1
; reduce_infill_retraction = 1
; required_nozzle_HRC = 0
; resolution = 0.012
; retract_before_wipe = 100%
; retract_length_toolchange = 2
; retract_lift_above = 0
; retract_lift_below = 0
; retract_lift_enforce = All Surfaces
; retract_on_top_layer = 1
; retract_restart_extra = 0
; retract_restart_extra_toolchange = 0
; retract_when_changing_layer = 1
; retraction_distances_when_cut = 18
; retraction_length = 1.2
; retraction_minimum_travel = 1
; retraction_speed = 35
; role_based_wipe_speed = 1
; rotate_solid_infill_direction = 1
; scan_first_layer = 0
; scarf_angle_threshold = 155
; scarf_joint_flow_ratio = 1
; scarf_joint_speed = 100%
; scarf_overhang_threshold = 40%
; seam_gap = 6%
; seam_position = aligned
; seam_slope_conditional = 0
; seam_slope_entire_loop = 0
; seam_slope_inner_walls = 0
; seam_slope_min_length = 20
; seam_slope_start_height = 0
; seam_slope_steps = 10
; seam_slope_type = none
; silent_mode = 0
; single_extruder_multi_material = 0
; single_extruder_multi_material_priming = 0
; single_loop_draft_shield = 0
; skirt_distance = 2
; skirt_height = 1
; skirt_loops = 0
; skirt_speed = 50
; skirt_start_angle = -135
; skirt_type = combined
; slice_closing_radius = 0.049
; slicing_mode = regular
; slow_down_for_layer_cooling = 1
; slow_down_layer_time = 6
; slow_down_layers = 1
; slow_down_min_speed = 20
; slowdown_for_curled_perimeters = 1
; small_area_infill_flow_compensation = 0
; small_area_infill_flow_compensation_model = 0,0;"\n0.2,0.4444";"\n0.4,0.6145";"\n0.6,0.7059";"\n0.8,0.7619";"\n1.5,0.8571";"\n2,0.8889";"\n3,0.9231";"\n5,0.9520";"\n10,1"
; small_perimeter_speed = 50%
; small_perimeter_threshold = 0
; solid_infill_direction = 45
; solid_infill_filament = 1
; sparse_infill_acceleration = 100%
; sparse_infill_density = 15%
; sparse_infill_filament = 1
; sparse_infill_line_width = 0.62
; sparse_infill_pattern = crosshatch
; sparse_infill_speed = 100
; spiral_finishing_flow_ratio = 0
; spiral_mode = 0
; spiral_mode_max_xy_smoothing = 200%
; spiral_mode_smooth = 0
; spiral_starting_flow_ratio = 0
; staggered_inner_seams = 0
; standby_temperature_delta = -5
; start_end_points = 30x-3,54x245
; supertack_plate_temp = 35
; supertack_plate_temp_initial_layer = 35
; support_air_filtration = 1
; support_angle = 0
; support_base_pattern = rectilinear
; support_base_pattern_spacing = 2.5
; support_bottom_interface_spacing = 0.35
; support_bottom_z_distance = 0.18
; support_chamber_temp_control = 1
; support_critical_regions_only = 0
; support_expansion = 0
; support_filament = 0
; support_interface_bottom_layers = 0
; support_interface_filament = 0
; support_interface_loop_pattern = 0
; support_interface_not_for_body = 1
; support_interface_pattern = auto
; support_interface_spacing = 0.35
; support_interface_speed = 40
; support_interface_top_layers = 2
; support_line_width = 0.62
; support_material_interface_fan_speed = 100
; support_multi_bed_types = 1
; support_object_first_layer_gap = 0.2
; support_object_xy_distance = 0.4
; support_on_build_plate_only = 0
; support_remove_small_overhang = 1
; support_speed = 100
; support_style = default
; support_threshold_angle = 30
; support_threshold_overlap = 50%
; support_top_z_distance = 0.18
; support_type = normal(auto)
; temperature_vitrification = 60
; template_custom_gcode = 
; textured_cool_plate_temp = 40
; textured_cool_plate_temp_initial_layer = 40
; textured_plate_temp = 60
; textured_plate_temp_initial_layer = 55
; thick_bridges = 0
; thick_internal_bridges = 1
; thumbnails = 140x110/PNG
; thumbnails_format = PNG
; time_cost = 0
; time_lapse_gcode = 
; timelapse_type = 0
; top_bottom_infill_wall_overlap = 25%
; top_shell_layers = 5
; top_shell_thickness = 1
; top_solid_infill_flow_ratio = 1
; top_surface_acceleration = 2000
; top_surface_jerk = 9
; top_surface_line_width = 0.62
; top_surface_pattern = monotonicline
; top_surface_speed = 120
; travel_acceleration = 10000
; travel_jerk = 12
; travel_slope = 3
; travel_speed = 500
; travel_speed_z = 0
; tree_support_adaptive_layer_height = 1
; tree_support_angle_slow = 25
; tree_support_auto_brim = 1
; tree_support_branch_angle = 45
; tree_support_branch_angle_organic = 40
; tree_support_branch_diameter = 5
; tree_support_branch_diameter_angle = 5
; tree_support_branch_diameter_organic = 2
; tree_support_branch_distance = 5
; tree_support_branch_distance_organic = 1
; tree_support_brim_width = 3
; tree_support_tip_diameter = 0.8
; tree_support_top_rate = 30%
; tree_support_wall_count = 0
; upward_compatible_machine = 
; use_firmware_retraction = 0
; use_relative_e_distances = 1
; wall_direction = auto
; wall_distribution_count = 1
; wall_filament = 1
; wall_generator = classic
; wall_loops = 2
; wall_sequence = inner wall/outer wall
; wall_transition_angle = 10
; wall_transition_filter_deviation = 25%
; wall_transition_length = 100%
; wipe = 1
; wipe_before_external_loop = 0
; wipe_distance = 2
; wipe_on_loops = 0
; wipe_speed = 200
; wipe_tower_bridging = 10
; wipe_tower_cone_angle = 0
; wipe_tower_extra_flow = 100%
; wipe_tower_extra_spacing = 100%
; wipe_tower_filament = 0
; wipe_tower_max_purge_speed = 90
; wipe_tower_no_sparse_layers = 0
; wipe_tower_rotation_angle = 0
; wipe_tower_x = 165.000
; wipe_tower_x = 165
; wipe_tower_y = 250.000
; wipe_tower_y = 250
; wiping_volumes_extruders = 70,70,70,70,70,70,70,70,70,70
; xy_contour_compensation = 0
; xy_hole_compensation = 0
; z_hop = 0.4
; z_hop_types = Auto Lift
; z_offset = 0
; first_layer_bed_temperature = 55
; bed_shape = -110x-110,110x-110,110x110,-110x110
; first_layer_temperature = 220
; first_layer_height = 0.200
; CONFIG_BLOCK_END


