ISO-10303-21;
HEADER;
FILE_DESCRIPTION(('KiCad electronic assembly'),'2;1');
FILE_NAME('Line____.step','2025-09-13T00:55:09',('Pcbnew'),('Kicad'),
  'Open CASCADE STEP processor 7.8','KiCad to STEP converter','Unknown'
  );
FILE_SCHEMA(('AUTOMOTIVE_DESIGN { 1 0 10303 214 1 1 1 1 }'));
ENDSEC;
DATA;
#1 = APPLICATION_PROTOCOL_DEFINITION('international standard',
  'automotive_design',2000,#2);
#2 = APPLICATION_CONTEXT(
  'core data for automotive mechanical design processes');
#3 = SHAPE_DEFINITION_REPRESENTATION(#4,#10);
#4 = PRODUCT_DEFINITION_SHAPE('','',#5);
#5 = PRODUCT_DEFINITION('design','',#6,#9);
#6 = PRODUCT_DEFINITION_FORMATION('','',#7);
#7 = PRODUCT('Line____ 1','Line____ 1','',(#8));
#8 = PRODUCT_CONTEXT('',#2,'mechanical');
#9 = PRODUCT_DEFINITION_CONTEXT('part definition',#2,'design');
#10 = SHAPE_REPRESENTATION('',(#11,#15,#19,#23,#27,#31,#35,#39,#43,#47,
    #51,#55,#59,#63,#67,#71,#75,#79,#83,#87,#91,#95,#99,#103,#107,#111,
    #115,#119,#123,#127,#131,#135),#139);
#11 = AXIS2_PLACEMENT_3D('',#12,#13,#14);
#12 = CARTESIAN_POINT('',(0.,0.,0.));
#13 = DIRECTION('',(0.,0.,1.));
#14 = DIRECTION('',(1.,0.,-0.));
#15 = AXIS2_PLACEMENT_3D('',#16,#17,#18);
#16 = CARTESIAN_POINT('',(35.27,-10.5,1.65));
#17 = DIRECTION('',(0.,0.,1.));
#18 = DIRECTION('',(1.,0.,0.));
#19 = AXIS2_PLACEMENT_3D('',#20,#21,#22);
#20 = CARTESIAN_POINT('',(48.73,-4.5,1.65));
#21 = DIRECTION('',(0.,0.,1.));
#22 = DIRECTION('',(1.,0.,0.));
#23 = AXIS2_PLACEMENT_3D('',#24,#25,#26);
#24 = CARTESIAN_POINT('',(51.27,-10.5,1.65));
#25 = DIRECTION('',(0.,0.,1.));
#26 = DIRECTION('',(1.,0.,0.));
#27 = AXIS2_PLACEMENT_3D('',#28,#29,#30);
#28 = CARTESIAN_POINT('',(8.73,-4.5,1.65));
#29 = DIRECTION('',(0.,0.,1.));
#30 = DIRECTION('',(1.,0.,0.));
#31 = AXIS2_PLACEMENT_3D('',#32,#33,#34);
#32 = CARTESIAN_POINT('',(32.73,-4.5,1.65));
#33 = DIRECTION('',(0.,0.,1.));
#34 = DIRECTION('',(1.,0.,0.));
#35 = AXIS2_PLACEMENT_3D('',#36,#37,#38);
#36 = CARTESIAN_POINT('',(64.73,-4.5,1.65));
#37 = DIRECTION('',(0.,0.,1.));
#38 = DIRECTION('',(1.,0.,0.));
#39 = AXIS2_PLACEMENT_3D('',#40,#41,#42);
#40 = CARTESIAN_POINT('',(72.73,-4.5,1.65));
#41 = DIRECTION('',(0.,0.,1.));
#42 = DIRECTION('',(1.,0.,0.));
#43 = AXIS2_PLACEMENT_3D('',#44,#45,#46);
#44 = CARTESIAN_POINT('',(11.27,-10.5,1.65));
#45 = DIRECTION('',(0.,0.,1.));
#46 = DIRECTION('',(1.,0.,0.));
#47 = AXIS2_PLACEMENT_3D('',#48,#49,#50);
#48 = CARTESIAN_POINT('',(43.27,-10.5,1.65));
#49 = DIRECTION('',(0.,0.,1.));
#50 = DIRECTION('',(1.,0.,0.));
#51 = AXIS2_PLACEMENT_3D('',#52,#53,#54);
#52 = CARTESIAN_POINT('',(56.73,-4.5,1.65));
#53 = DIRECTION('',(0.,0.,1.));
#54 = DIRECTION('',(1.,0.,0.));
#55 = AXIS2_PLACEMENT_3D('',#56,#57,#58);
#56 = CARTESIAN_POINT('',(16.73,-4.5,1.65));
#57 = DIRECTION('',(0.,0.,1.));
#58 = DIRECTION('',(1.,0.,0.));
#59 = AXIS2_PLACEMENT_3D('',#60,#61,#62);
#60 = CARTESIAN_POINT('',(24.73,-4.5,1.65));
#61 = DIRECTION('',(0.,0.,1.));
#62 = DIRECTION('',(1.,0.,0.));
#63 = AXIS2_PLACEMENT_3D('',#64,#65,#66);
#64 = CARTESIAN_POINT('',(27.27,-10.5,1.65));
#65 = DIRECTION('',(0.,0.,1.));
#66 = DIRECTION('',(1.,0.,0.));
#67 = AXIS2_PLACEMENT_3D('',#68,#69,#70);
#68 = CARTESIAN_POINT('',(19.27,-10.5,1.65));
#69 = DIRECTION('',(0.,0.,1.));
#70 = DIRECTION('',(1.,0.,0.));
#71 = AXIS2_PLACEMENT_3D('',#72,#73,#74);
#72 = CARTESIAN_POINT('',(67.27,-10.5,1.65));
#73 = DIRECTION('',(0.,0.,1.));
#74 = DIRECTION('',(1.,0.,0.));
#75 = AXIS2_PLACEMENT_3D('',#76,#77,#78);
#76 = CARTESIAN_POINT('',(40.73,-4.5,1.65));
#77 = DIRECTION('',(0.,0.,1.));
#78 = DIRECTION('',(1.,0.,0.));
#79 = AXIS2_PLACEMENT_3D('',#80,#81,#82);
#80 = CARTESIAN_POINT('',(59.27,-10.5,1.65));
#81 = DIRECTION('',(0.,0.,1.));
#82 = DIRECTION('',(1.,0.,0.));
#83 = AXIS2_PLACEMENT_3D('',#84,#85,#86);
#84 = CARTESIAN_POINT('',(75.27,-10.5,1.65));
#85 = DIRECTION('',(0.,0.,1.));
#86 = DIRECTION('',(1.,0.,0.));
#87 = AXIS2_PLACEMENT_3D('',#88,#89,#90);
#88 = CARTESIAN_POINT('',(57.,-8.,-5.E-02));
#89 = DIRECTION('',(1.499759782662E-32,1.224646799147E-16,-1.));
#90 = DIRECTION('',(-1.,1.224646799147E-16,0.));
#91 = AXIS2_PLACEMENT_3D('',#92,#93,#94);
#92 = CARTESIAN_POINT('',(45.,-8.,-5.E-02));
#93 = DIRECTION('',(1.499759782662E-32,1.224646799147E-16,-1.));
#94 = DIRECTION('',(-1.,1.224646799147E-16,0.));
#95 = AXIS2_PLACEMENT_3D('',#96,#97,#98);
#96 = CARTESIAN_POINT('',(67.,-8.,-5.E-02));
#97 = DIRECTION('',(1.499759782662E-32,1.224646799147E-16,-1.));
#98 = DIRECTION('',(-1.,1.224646799147E-16,0.));
#99 = AXIS2_PLACEMENT_3D('',#100,#101,#102);
#100 = CARTESIAN_POINT('',(51.,-8.,-5.E-02));
#101 = DIRECTION('',(1.499759782662E-32,1.224646799147E-16,-1.));
#102 = DIRECTION('',(-1.,1.224646799147E-16,0.));
#103 = AXIS2_PLACEMENT_3D('',#104,#105,#106);
#104 = CARTESIAN_POINT('',(25.,-19.,-5.E-02));
#105 = DIRECTION('',(0.,-1.224646799147E-16,-1.));
#106 = DIRECTION('',(1.,0.,0.));
#107 = AXIS2_PLACEMENT_3D('',#108,#109,#110);
#108 = CARTESIAN_POINT('',(27.,-8.,-5.E-02));
#109 = DIRECTION('',(1.499759782662E-32,1.224646799147E-16,-1.));
#110 = DIRECTION('',(-1.,1.224646799147E-16,0.));
#111 = AXIS2_PLACEMENT_3D('',#112,#113,#114);
#112 = CARTESIAN_POINT('',(39.,-8.,-5.E-02));
#113 = DIRECTION('',(1.499759782662E-32,1.224646799147E-16,-1.));
#114 = DIRECTION('',(-1.,1.224646799147E-16,0.));
#115 = AXIS2_PLACEMENT_3D('',#116,#117,#118);
#116 = CARTESIAN_POINT('',(50.,-19.,-5.E-02));
#117 = DIRECTION('',(0.,-1.224646799147E-16,-1.));
#118 = DIRECTION('',(1.,0.,0.));
#119 = AXIS2_PLACEMENT_3D('',#120,#121,#122);
#120 = CARTESIAN_POINT('',(17.,-8.,-5.E-02));
#121 = DIRECTION('',(1.499759782662E-32,1.224646799147E-16,-1.));
#122 = DIRECTION('',(-1.,1.224646799147E-16,0.));
#123 = AXIS2_PLACEMENT_3D('',#124,#125,#126);
#124 = CARTESIAN_POINT('',(33.,-8.,-5.E-02));
#125 = DIRECTION('',(1.499759782662E-32,1.224646799147E-16,-1.));
#126 = DIRECTION('',(-1.,1.224646799147E-16,0.));
#127 = AXIS2_PLACEMENT_3D('',#128,#129,#130);
#128 = CARTESIAN_POINT('',(74.,-8.,-5.E-02));
#129 = DIRECTION('',(1.499759782662E-32,1.224646799147E-16,-1.));
#130 = DIRECTION('',(-1.,1.224646799147E-16,0.));
#131 = AXIS2_PLACEMENT_3D('',#132,#133,#134);
#132 = CARTESIAN_POINT('',(11.,-8.,-5.E-02));
#133 = DIRECTION('',(1.499759782662E-32,1.224646799147E-16,-1.));
#134 = DIRECTION('',(-1.,1.224646799147E-16,0.));
#135 = AXIS2_PLACEMENT_3D('',#136,#137,#138);
#136 = CARTESIAN_POINT('',(0.,0.,0.));
#137 = DIRECTION('',(0.,0.,1.));
#138 = DIRECTION('',(1.,0.,-0.));
#139 = ( GEOMETRIC_REPRESENTATION_CONTEXT(3) 
GLOBAL_UNCERTAINTY_ASSIGNED_CONTEXT((#143)) GLOBAL_UNIT_ASSIGNED_CONTEXT
((#140,#141,#142)) REPRESENTATION_CONTEXT('Context #1',
  '3D Context with UNIT and UNCERTAINTY') );
#140 = ( LENGTH_UNIT() NAMED_UNIT(*) SI_UNIT(.MILLI.,.METRE.) );
#141 = ( NAMED_UNIT(*) PLANE_ANGLE_UNIT() SI_UNIT($,.RADIAN.) );
#142 = ( NAMED_UNIT(*) SI_UNIT($,.STERADIAN.) SOLID_ANGLE_UNIT() );
#143 = UNCERTAINTY_MEASURE_WITH_UNIT(LENGTH_MEASURE(1.E-07),#140,
  'distance_accuracy_value','confusion accuracy');
#144 = PRODUCT_RELATED_PRODUCT_CATEGORY('part',$,(#7));
#145 = SHAPE_DEFINITION_REPRESENTATION(#146,#152);
#146 = PRODUCT_DEFINITION_SHAPE('','',#147);
#147 = PRODUCT_DEFINITION('design','',#148,#151);
#148 = PRODUCT_DEFINITION_FORMATION('','',#149);
#149 = PRODUCT('NJL7502L','NJL7502L','',(#150));
#150 = PRODUCT_CONTEXT('',#2,'mechanical');
#151 = PRODUCT_DEFINITION_CONTEXT('part definition',#2,'design');
#152 = SHAPE_REPRESENTATION('',(#11,#153),#157);
#153 = AXIS2_PLACEMENT_3D('',#154,#155,#156);
#154 = CARTESIAN_POINT('',(0.,0.,0.));
#155 = DIRECTION('',(0.,0.,1.));
#156 = DIRECTION('',(1.,0.,-0.));
#157 = ( GEOMETRIC_REPRESENTATION_CONTEXT(3) 
GLOBAL_UNCERTAINTY_ASSIGNED_CONTEXT((#161)) GLOBAL_UNIT_ASSIGNED_CONTEXT
((#158,#159,#160)) REPRESENTATION_CONTEXT('Context #1',
  '3D Context with UNIT and UNCERTAINTY') );
#158 = ( LENGTH_UNIT() NAMED_UNIT(*) SI_UNIT(.MILLI.,.METRE.) );
#159 = ( NAMED_UNIT(*) PLANE_ANGLE_UNIT() SI_UNIT($,.RADIAN.) );
#160 = ( NAMED_UNIT(*) SI_UNIT($,.STERADIAN.) SOLID_ANGLE_UNIT() );
#161 = UNCERTAINTY_MEASURE_WITH_UNIT(LENGTH_MEASURE(1.E-07),#158,
  'distance_accuracy_value','confusion accuracy');
#162 = CONTEXT_DEPENDENT_SHAPE_REPRESENTATION(#163,#165);
#163 = ( REPRESENTATION_RELATIONSHIP('','',#152,#10) 
REPRESENTATION_RELATIONSHIP_WITH_TRANSFORMATION(#164) 
SHAPE_REPRESENTATION_RELATIONSHIP() );
#164 = ITEM_DEFINED_TRANSFORMATION('','',#11,#15);
#165 = PRODUCT_DEFINITION_SHAPE('Placement','Placement of an item',#166
  );
#166 = NEXT_ASSEMBLY_USAGE_OCCURRENCE('2','Q4','',#5,#147,$);
#167 = PRODUCT_RELATED_PRODUCT_CATEGORY('part',$,(#149));
#168 = SHAPE_DEFINITION_REPRESENTATION(#169,#175);
#169 = PRODUCT_DEFINITION_SHAPE('','',#170);
#170 = PRODUCT_DEFINITION('design','',#171,#174);
#171 = PRODUCT_DEFINITION_FORMATION('','',#172);
#172 = PRODUCT('ASSEMBLY','ASSEMBLY','',(#173));
#173 = PRODUCT_CONTEXT('',#2,'mechanical');
#174 = PRODUCT_DEFINITION_CONTEXT('part definition',#2,'design');
#175 = SHAPE_REPRESENTATION('',(#11,#176,#288,#341),#394);
#176 = BREP_WITH_VOIDS('',#177,(#264,#276));
#177 = CLOSED_SHELL('',(#178,#220,#236,#254));
#178 = ADVANCED_FACE('',(#179),#215,.T.);
#179 = FACE_BOUND('',#180,.T.);
#180 = EDGE_LOOP('',(#181,#192,#200,#209));
#181 = ORIENTED_EDGE('',*,*,#182,.T.);
#182 = EDGE_CURVE('',#183,#185,#187,.T.);
#183 = VERTEX_POINT('',#184);
#184 = CARTESIAN_POINT('',(-1.27,2.,0.1));
#185 = VERTEX_POINT('',#186);
#186 = CARTESIAN_POINT('',(-1.27,-2.,0.1));
#187 = CIRCLE('',#188,2.);
#188 = AXIS2_PLACEMENT_3D('',#189,#190,#191);
#189 = CARTESIAN_POINT('',(-1.27,0.,0.1));
#190 = DIRECTION('',(0.,0.,1.));
#191 = DIRECTION('',(1.,0.,0.));
#192 = ORIENTED_EDGE('',*,*,#193,.T.);
#193 = EDGE_CURVE('',#185,#194,#196,.T.);
#194 = VERTEX_POINT('',#195);
#195 = CARTESIAN_POINT('',(-1.27,-2.,5.6));
#196 = LINE('',#197,#198);
#197 = CARTESIAN_POINT('',(-1.27,-2.,0.1));
#198 = VECTOR('',#199,1.);
#199 = DIRECTION('',(0.,0.,1.));
#200 = ORIENTED_EDGE('',*,*,#201,.F.);
#201 = EDGE_CURVE('',#202,#194,#204,.T.);
#202 = VERTEX_POINT('',#203);
#203 = CARTESIAN_POINT('',(-1.27,2.,5.6));
#204 = CIRCLE('',#205,2.);
#205 = AXIS2_PLACEMENT_3D('',#206,#207,#208);
#206 = CARTESIAN_POINT('',(-1.27,0.,5.6));
#207 = DIRECTION('',(0.,0.,1.));
#208 = DIRECTION('',(1.,0.,0.));
#209 = ORIENTED_EDGE('',*,*,#210,.F.);
#210 = EDGE_CURVE('',#183,#202,#211,.T.);
#211 = LINE('',#212,#213);
#212 = CARTESIAN_POINT('',(-1.27,2.,0.1));
#213 = VECTOR('',#214,1.);
#214 = DIRECTION('',(0.,0.,1.));
#215 = CYLINDRICAL_SURFACE('',#216,2.);
#216 = AXIS2_PLACEMENT_3D('',#217,#218,#219);
#217 = CARTESIAN_POINT('',(-1.27,0.,0.1));
#218 = DIRECTION('',(-0.,-0.,-1.));
#219 = DIRECTION('',(1.,0.,0.));
#220 = ADVANCED_FACE('',(#221),#231,.F.);
#221 = FACE_BOUND('',#222,.F.);
#222 = EDGE_LOOP('',(#223,#224));
#223 = ORIENTED_EDGE('',*,*,#182,.T.);
#224 = ORIENTED_EDGE('',*,*,#225,.T.);
#225 = EDGE_CURVE('',#185,#183,#226,.T.);
#226 = CIRCLE('',#227,2.);
#227 = AXIS2_PLACEMENT_3D('',#228,#229,#230);
#228 = CARTESIAN_POINT('',(-1.27,0.,0.1));
#229 = DIRECTION('',(0.,0.,1.));
#230 = DIRECTION('',(1.,0.,0.));
#231 = PLANE('',#232);
#232 = AXIS2_PLACEMENT_3D('',#233,#234,#235);
#233 = CARTESIAN_POINT('',(-1.27,-1.110223024625E-16,1.E-01));
#234 = DIRECTION('',(5.135813185033E-33,-1.283953296258E-33,1.));
#235 = DIRECTION('',(1.,0.,-5.135813185033E-33));
#236 = ADVANCED_FACE('',(#237),#249,.T.);
#237 = FACE_BOUND('',#238,.T.);
#238 = EDGE_LOOP('',(#239,#240,#241,#248));
#239 = ORIENTED_EDGE('',*,*,#225,.T.);
#240 = ORIENTED_EDGE('',*,*,#210,.T.);
#241 = ORIENTED_EDGE('',*,*,#242,.F.);
#242 = EDGE_CURVE('',#194,#202,#243,.T.);
#243 = CIRCLE('',#244,2.);
#244 = AXIS2_PLACEMENT_3D('',#245,#246,#247);
#245 = CARTESIAN_POINT('',(-1.27,0.,5.6));
#246 = DIRECTION('',(0.,0.,1.));
#247 = DIRECTION('',(1.,0.,0.));
#248 = ORIENTED_EDGE('',*,*,#193,.F.);
#249 = CYLINDRICAL_SURFACE('',#250,2.);
#250 = AXIS2_PLACEMENT_3D('',#251,#252,#253);
#251 = CARTESIAN_POINT('',(-1.27,0.,0.1));
#252 = DIRECTION('',(-0.,-0.,-1.));
#253 = DIRECTION('',(1.,0.,0.));
#254 = ADVANCED_FACE('',(#255),#259,.T.);
#255 = FACE_BOUND('',#256,.T.);
#256 = EDGE_LOOP('',(#257,#258));
#257 = ORIENTED_EDGE('',*,*,#201,.T.);
#258 = ORIENTED_EDGE('',*,*,#242,.T.);
#259 = PLANE('',#260);
#260 = AXIS2_PLACEMENT_3D('',#261,#262,#263);
#261 = CARTESIAN_POINT('',(-1.27,-1.110223024625E-16,5.6));
#262 = DIRECTION('',(5.135813185033E-33,-1.283953296258E-33,1.));
#263 = DIRECTION('',(1.,0.,-5.135813185033E-33));
#264 = ORIENTED_CLOSED_SHELL('',*,#265,.F.);
#265 = CLOSED_SHELL('',(#266));
#266 = ADVANCED_FACE('',(#267),#271,.F.);
#267 = FACE_BOUND('',#268,.F.);
#268 = VERTEX_LOOP('',#269);
#269 = VERTEX_POINT('',#270);
#270 = CARTESIAN_POINT('',(-1.27,2.,5.6));
#271 = PLANE('',#272);
#272 = AXIS2_PLACEMENT_3D('',#273,#274,#275);
#273 = CARTESIAN_POINT('',(-1.27,2.,0.1));
#274 = DIRECTION('',(0.,1.,0.));
#275 = DIRECTION('',(1.,0.,0.));
#276 = ORIENTED_CLOSED_SHELL('',*,#277,.F.);
#277 = CLOSED_SHELL('',(#278));
#278 = ADVANCED_FACE('',(#279),#283,.F.);
#279 = FACE_BOUND('',#280,.F.);
#280 = VERTEX_LOOP('',#281);
#281 = VERTEX_POINT('',#282);
#282 = CARTESIAN_POINT('',(-1.27,-2.,5.6));
#283 = PLANE('',#284);
#284 = AXIS2_PLACEMENT_3D('',#285,#286,#287);
#285 = CARTESIAN_POINT('',(-1.27,-2.,0.1));
#286 = DIRECTION('',(0.,1.,0.));
#287 = DIRECTION('',(1.,0.,0.));
#288 = MANIFOLD_SOLID_BREP('',#289);
#289 = CLOSED_SHELL('',(#290,#323,#332));
#290 = ADVANCED_FACE('',(#291),#318,.T.);
#291 = FACE_BOUND('',#292,.T.);
#292 = EDGE_LOOP('',(#293,#302,#310,#317));
#293 = ORIENTED_EDGE('',*,*,#294,.F.);
#294 = EDGE_CURVE('',#295,#295,#297,.T.);
#295 = VERTEX_POINT('',#296);
#296 = CARTESIAN_POINT('',(0.355,-8.694992273946E-17,0.1));
#297 = CIRCLE('',#298,0.355);
#298 = AXIS2_PLACEMENT_3D('',#299,#300,#301);
#299 = CARTESIAN_POINT('',(0.,0.,0.1));
#300 = DIRECTION('',(0.,0.,1.));
#301 = DIRECTION('',(1.,0.,0.));
#302 = ORIENTED_EDGE('',*,*,#303,.F.);
#303 = EDGE_CURVE('',#304,#295,#306,.T.);
#304 = VERTEX_POINT('',#305);
#305 = CARTESIAN_POINT('',(0.355,-8.694992273946E-17,-5.));
#306 = LINE('',#307,#308);
#307 = CARTESIAN_POINT('',(0.355,-8.694992273946E-17,-5.));
#308 = VECTOR('',#309,1.);
#309 = DIRECTION('',(0.,0.,1.));
#310 = ORIENTED_EDGE('',*,*,#311,.T.);
#311 = EDGE_CURVE('',#304,#304,#312,.T.);
#312 = CIRCLE('',#313,0.355);
#313 = AXIS2_PLACEMENT_3D('',#314,#315,#316);
#314 = CARTESIAN_POINT('',(0.,0.,-5.));
#315 = DIRECTION('',(0.,0.,1.));
#316 = DIRECTION('',(1.,0.,0.));
#317 = ORIENTED_EDGE('',*,*,#303,.T.);
#318 = CYLINDRICAL_SURFACE('',#319,0.355);
#319 = AXIS2_PLACEMENT_3D('',#320,#321,#322);
#320 = CARTESIAN_POINT('',(0.,0.,-5.));
#321 = DIRECTION('',(0.,0.,1.));
#322 = DIRECTION('',(1.,0.,0.));
#323 = ADVANCED_FACE('',(#324),#327,.T.);
#324 = FACE_BOUND('',#325,.T.);
#325 = EDGE_LOOP('',(#326));
#326 = ORIENTED_EDGE('',*,*,#294,.T.);
#327 = PLANE('',#328);
#328 = AXIS2_PLACEMENT_3D('',#329,#330,#331);
#329 = CARTESIAN_POINT('',(0.,0.,0.1));
#330 = DIRECTION('',(0.,0.,1.));
#331 = DIRECTION('',(1.,0.,0.));
#332 = ADVANCED_FACE('',(#333),#336,.F.);
#333 = FACE_BOUND('',#334,.T.);
#334 = EDGE_LOOP('',(#335));
#335 = ORIENTED_EDGE('',*,*,#311,.F.);
#336 = PLANE('',#337);
#337 = AXIS2_PLACEMENT_3D('',#338,#339,#340);
#338 = CARTESIAN_POINT('',(0.,0.,-5.));
#339 = DIRECTION('',(0.,0.,1.));
#340 = DIRECTION('',(1.,0.,0.));
#341 = MANIFOLD_SOLID_BREP('',#342);
#342 = CLOSED_SHELL('',(#343,#376,#385));
#343 = ADVANCED_FACE('',(#344),#371,.T.);
#344 = FACE_BOUND('',#345,.T.);
#345 = EDGE_LOOP('',(#346,#355,#363,#370));
#346 = ORIENTED_EDGE('',*,*,#347,.F.);
#347 = EDGE_CURVE('',#348,#348,#350,.T.);
#348 = VERTEX_POINT('',#349);
#349 = CARTESIAN_POINT('',(-2.185,-8.694992273946E-17,0.1));
#350 = CIRCLE('',#351,0.355);
#351 = AXIS2_PLACEMENT_3D('',#352,#353,#354);
#352 = CARTESIAN_POINT('',(-2.54,0.,0.1));
#353 = DIRECTION('',(0.,0.,1.));
#354 = DIRECTION('',(1.,0.,0.));
#355 = ORIENTED_EDGE('',*,*,#356,.F.);
#356 = EDGE_CURVE('',#357,#348,#359,.T.);
#357 = VERTEX_POINT('',#358);
#358 = CARTESIAN_POINT('',(-2.185,-8.694992273946E-17,-5.));
#359 = LINE('',#360,#361);
#360 = CARTESIAN_POINT('',(-2.185,-8.694992273946E-17,-5.));
#361 = VECTOR('',#362,1.);
#362 = DIRECTION('',(0.,0.,1.));
#363 = ORIENTED_EDGE('',*,*,#364,.T.);
#364 = EDGE_CURVE('',#357,#357,#365,.T.);
#365 = CIRCLE('',#366,0.355);
#366 = AXIS2_PLACEMENT_3D('',#367,#368,#369);
#367 = CARTESIAN_POINT('',(-2.54,0.,-5.));
#368 = DIRECTION('',(0.,0.,1.));
#369 = DIRECTION('',(1.,0.,0.));
#370 = ORIENTED_EDGE('',*,*,#356,.T.);
#371 = CYLINDRICAL_SURFACE('',#372,0.355);
#372 = AXIS2_PLACEMENT_3D('',#373,#374,#375);
#373 = CARTESIAN_POINT('',(-2.54,0.,-5.));
#374 = DIRECTION('',(0.,0.,1.));
#375 = DIRECTION('',(1.,0.,0.));
#376 = ADVANCED_FACE('',(#377),#380,.T.);
#377 = FACE_BOUND('',#378,.T.);
#378 = EDGE_LOOP('',(#379));
#379 = ORIENTED_EDGE('',*,*,#347,.T.);
#380 = PLANE('',#381);
#381 = AXIS2_PLACEMENT_3D('',#382,#383,#384);
#382 = CARTESIAN_POINT('',(-2.54,0.,0.1));
#383 = DIRECTION('',(0.,0.,1.));
#384 = DIRECTION('',(1.,0.,0.));
#385 = ADVANCED_FACE('',(#386),#389,.F.);
#386 = FACE_BOUND('',#387,.T.);
#387 = EDGE_LOOP('',(#388));
#388 = ORIENTED_EDGE('',*,*,#364,.F.);
#389 = PLANE('',#390);
#390 = AXIS2_PLACEMENT_3D('',#391,#392,#393);
#391 = CARTESIAN_POINT('',(-2.54,0.,-5.));
#392 = DIRECTION('',(0.,0.,1.));
#393 = DIRECTION('',(1.,0.,0.));
#394 = ( GEOMETRIC_REPRESENTATION_CONTEXT(3) 
GLOBAL_UNCERTAINTY_ASSIGNED_CONTEXT((#398)) GLOBAL_UNIT_ASSIGNED_CONTEXT
((#395,#396,#397)) REPRESENTATION_CONTEXT('Context #1',
  '3D Context with UNIT and UNCERTAINTY') );
#395 = ( LENGTH_UNIT() NAMED_UNIT(*) SI_UNIT(.MILLI.,.METRE.) );
#396 = ( NAMED_UNIT(*) PLANE_ANGLE_UNIT() SI_UNIT($,.RADIAN.) );
#397 = ( NAMED_UNIT(*) SI_UNIT($,.STERADIAN.) SOLID_ANGLE_UNIT() );
#398 = UNCERTAINTY_MEASURE_WITH_UNIT(LENGTH_MEASURE(1.E-07),#395,
  'distance_accuracy_value','confusion accuracy');
#399 = CONTEXT_DEPENDENT_SHAPE_REPRESENTATION(#400,#402);
#400 = ( REPRESENTATION_RELATIONSHIP('','',#175,#152) 
REPRESENTATION_RELATIONSHIP_WITH_TRANSFORMATION(#401) 
SHAPE_REPRESENTATION_RELATIONSHIP() );
#401 = ITEM_DEFINED_TRANSFORMATION('','',#11,#153);
#402 = PRODUCT_DEFINITION_SHAPE('Placement','Placement of an item',#403
  );
#403 = NEXT_ASSEMBLY_USAGE_OCCURRENCE('1','=>[0:1:1:3]','',#147,#170,$);
#404 = PRODUCT_RELATED_PRODUCT_CATEGORY('part',$,(#172));
#405 = SHAPE_DEFINITION_REPRESENTATION(#406,#412);
#406 = PRODUCT_DEFINITION_SHAPE('','',#407);
#407 = PRODUCT_DEFINITION('design','',#408,#411);
#408 = PRODUCT_DEFINITION_FORMATION('','',#409);
#409 = PRODUCT('LED_D5.0mm_Clear','LED_D5.0mm_Clear','',(#410));
#410 = PRODUCT_CONTEXT('',#2,'mechanical');
#411 = PRODUCT_DEFINITION_CONTEXT('part definition',#2,'design');
#412 = SHAPE_REPRESENTATION('',(#11,#413),#417);
#413 = AXIS2_PLACEMENT_3D('',#414,#415,#416);
#414 = CARTESIAN_POINT('',(0.,0.,0.));
#415 = DIRECTION('',(0.,0.,1.));
#416 = DIRECTION('',(1.,0.,-0.));
#417 = ( GEOMETRIC_REPRESENTATION_CONTEXT(3) 
GLOBAL_UNCERTAINTY_ASSIGNED_CONTEXT((#421)) GLOBAL_UNIT_ASSIGNED_CONTEXT
((#418,#419,#420)) REPRESENTATION_CONTEXT('Context #1',
  '3D Context with UNIT and UNCERTAINTY') );
#418 = ( LENGTH_UNIT() NAMED_UNIT(*) SI_UNIT(.MILLI.,.METRE.) );
#419 = ( NAMED_UNIT(*) PLANE_ANGLE_UNIT() SI_UNIT($,.RADIAN.) );
#420 = ( NAMED_UNIT(*) SI_UNIT($,.STERADIAN.) SOLID_ANGLE_UNIT() );
#421 = UNCERTAINTY_MEASURE_WITH_UNIT(LENGTH_MEASURE(1.E-07),#418,
  'distance_accuracy_value','confusion accuracy');
#422 = CONTEXT_DEPENDENT_SHAPE_REPRESENTATION(#423,#425);
#423 = ( REPRESENTATION_RELATIONSHIP('','',#412,#10) 
REPRESENTATION_RELATIONSHIP_WITH_TRANSFORMATION(#424) 
SHAPE_REPRESENTATION_RELATIONSHIP() );
#424 = ITEM_DEFINED_TRANSFORMATION('','',#11,#19);
#425 = PRODUCT_DEFINITION_SHAPE('Placement','Placement of an item',#426
  );
#426 = NEXT_ASSEMBLY_USAGE_OCCURRENCE('4','D6','',#5,#407,$);
#427 = PRODUCT_RELATED_PRODUCT_CATEGORY('part',$,(#409));
#428 = SHAPE_DEFINITION_REPRESENTATION(#429,#435);
#429 = PRODUCT_DEFINITION_SHAPE('','',#430);
#430 = PRODUCT_DEFINITION('design','',#431,#434);
#431 = PRODUCT_DEFINITION_FORMATION('','',#432);
#432 = PRODUCT('LED_D5.0mm_Clear','LED_D5.0mm_Clear','',(#433));
#433 = PRODUCT_CONTEXT('',#2,'mechanical');
#434 = PRODUCT_DEFINITION_CONTEXT('part definition',#2,'design');
#435 = ADVANCED_BREP_SHAPE_REPRESENTATION('',(#11,#436),#861);
#436 = MANIFOLD_SOLID_BREP('',#437);
#437 = CLOSED_SHELL('',(#438,#465,#490,#518,#550,#567,#645,#676,#700,
    #724,#741,#772,#796,#820,#837,#849));
#438 = ADVANCED_FACE('',(#439),#460,.T.);
#439 = FACE_BOUND('',#440,.T.);
#440 = EDGE_LOOP('',(#441,#452,#453));
#441 = ORIENTED_EDGE('',*,*,#442,.T.);
#442 = EDGE_CURVE('',#443,#445,#447,.T.);
#443 = VERTEX_POINT('',#444);
#444 = CARTESIAN_POINT('',(3.72,6.095124405192E-15,9.15));
#445 = VERTEX_POINT('',#446);
#446 = CARTESIAN_POINT('',(1.27,7.727152251391E-15,11.6));
#447 = CIRCLE('',#448,2.45);
#448 = AXIS2_PLACEMENT_3D('',#449,#450,#451);
#449 = CARTESIAN_POINT('',(1.27,6.095124405192E-15,9.15));
#450 = DIRECTION('',(0.,-1.,6.661338147751E-16));
#451 = DIRECTION('',(1.,0.,0.));
#452 = ORIENTED_EDGE('',*,*,#442,.F.);
#453 = ORIENTED_EDGE('',*,*,#454,.F.);
#454 = EDGE_CURVE('',#443,#443,#455,.T.);
#455 = CIRCLE('',#456,2.45);
#456 = AXIS2_PLACEMENT_3D('',#457,#458,#459);
#457 = CARTESIAN_POINT('',(1.27,4.063416270128E-15,9.15));
#458 = DIRECTION('',(-4.379057701015E-47,-4.440892098501E-16,-1.));
#459 = DIRECTION('',(1.,8.292686265567E-16,-3.68269249121E-31));
#460 = SPHERICAL_SURFACE('',#461,2.45);
#461 = AXIS2_PLACEMENT_3D('',#462,#463,#464);
#462 = CARTESIAN_POINT('',(1.27,6.095124405192E-15,9.15));
#463 = DIRECTION('',(0.,4.440892098501E-16,1.));
#464 = DIRECTION('',(1.,1.394807543452E-15,-6.194189798646E-31));
#465 = ADVANCED_FACE('',(#466),#485,.T.);
#466 = FACE_BOUND('',#467,.T.);
#467 = EDGE_LOOP('',(#468,#476,#477,#478));
#468 = ORIENTED_EDGE('',*,*,#469,.F.);
#469 = EDGE_CURVE('',#443,#470,#472,.T.);
#470 = VERTEX_POINT('',#471);
#471 = CARTESIAN_POINT('',(3.72,2.6645352591E-15,4.));
#472 = LINE('',#473,#474);
#473 = CARTESIAN_POINT('',(3.72,6.095124405192E-15,9.15));
#474 = VECTOR('',#475,1.);
#475 = DIRECTION('',(0.,-6.661338147751E-16,-1.));
#476 = ORIENTED_EDGE('',*,*,#454,.T.);
#477 = ORIENTED_EDGE('',*,*,#469,.T.);
#478 = ORIENTED_EDGE('',*,*,#479,.F.);
#479 = EDGE_CURVE('',#470,#470,#480,.T.);
#480 = CIRCLE('',#481,2.45);
#481 = AXIS2_PLACEMENT_3D('',#482,#483,#484);
#482 = CARTESIAN_POINT('',(1.27,1.7763568394E-15,4.));
#483 = DIRECTION('',(-2.189528850508E-47,-4.440892098501E-16,-1.));
#484 = DIRECTION('',(1.,3.625218039592E-16,-1.609920214737E-31));
#485 = CYLINDRICAL_SURFACE('',#486,2.45);
#486 = AXIS2_PLACEMENT_3D('',#487,#488,#489);
#487 = CARTESIAN_POINT('',(1.27,4.063416270128E-15,9.15));
#488 = DIRECTION('',(0.,-4.440892098501E-16,-1.));
#489 = DIRECTION('',(1.,8.292686265567E-16,-3.68269249121E-31));
#490 = ADVANCED_FACE('',(#491,#510),#513,.F.);
#491 = FACE_BOUND('',#492,.F.);
#492 = EDGE_LOOP('',(#493,#504));
#493 = ORIENTED_EDGE('',*,*,#494,.F.);
#494 = EDGE_CURVE('',#495,#497,#499,.T.);
#495 = VERTEX_POINT('',#496);
#496 = CARTESIAN_POINT('',(-1.229999999999,-1.46969384567,4.));
#497 = VERTEX_POINT('',#498);
#498 = CARTESIAN_POINT('',(-1.23,1.469693845669,4.));
#499 = CIRCLE('',#500,2.9);
#500 = AXIS2_PLACEMENT_3D('',#501,#502,#503);
#501 = CARTESIAN_POINT('',(1.27,0.,4.));
#502 = DIRECTION('',(0.,0.,1.));
#503 = DIRECTION('',(1.,0.,-0.));
#504 = ORIENTED_EDGE('',*,*,#505,.T.);
#505 = EDGE_CURVE('',#495,#497,#506,.T.);
#506 = LINE('',#507,#508);
#507 = CARTESIAN_POINT('',(-1.229999999999,-1.46969384567,4.));
#508 = VECTOR('',#509,1.);
#509 = DIRECTION('',(0.,1.,0.));
#510 = FACE_BOUND('',#511,.F.);
#511 = EDGE_LOOP('',(#512));
#512 = ORIENTED_EDGE('',*,*,#479,.F.);
#513 = PLANE('',#514);
#514 = AXIS2_PLACEMENT_3D('',#515,#516,#517);
#515 = CARTESIAN_POINT('',(-1.229999999999,-1.469693845671,4.));
#516 = DIRECTION('',(0.,0.,-1.));
#517 = DIRECTION('',(-1.,0.,0.));
#518 = ADVANCED_FACE('',(#519),#545,.T.);
#519 = FACE_BOUND('',#520,.T.);
#520 = EDGE_LOOP('',(#521,#532,#538,#539));
#521 = ORIENTED_EDGE('',*,*,#522,.T.);
#522 = EDGE_CURVE('',#523,#525,#527,.T.);
#523 = VERTEX_POINT('',#524);
#524 = CARTESIAN_POINT('',(-1.229999999999,-1.46969384567,3.));
#525 = VERTEX_POINT('',#526);
#526 = CARTESIAN_POINT('',(-1.23,1.469693845669,3.));
#527 = CIRCLE('',#528,2.9);
#528 = AXIS2_PLACEMENT_3D('',#529,#530,#531);
#529 = CARTESIAN_POINT('',(1.27,0.,3.));
#530 = DIRECTION('',(0.,0.,1.));
#531 = DIRECTION('',(1.,0.,-0.));
#532 = ORIENTED_EDGE('',*,*,#533,.T.);
#533 = EDGE_CURVE('',#525,#497,#534,.T.);
#534 = LINE('',#535,#536);
#535 = CARTESIAN_POINT('',(-1.23,1.469693845669,3.));
#536 = VECTOR('',#537,1.);
#537 = DIRECTION('',(0.,0.,1.));
#538 = ORIENTED_EDGE('',*,*,#494,.F.);
#539 = ORIENTED_EDGE('',*,*,#540,.F.);
#540 = EDGE_CURVE('',#523,#495,#541,.T.);
#541 = LINE('',#542,#543);
#542 = CARTESIAN_POINT('',(-1.229999999999,-1.46969384567,3.));
#543 = VECTOR('',#544,1.);
#544 = DIRECTION('',(0.,0.,1.));
#545 = CYLINDRICAL_SURFACE('',#546,2.9);
#546 = AXIS2_PLACEMENT_3D('',#547,#548,#549);
#547 = CARTESIAN_POINT('',(1.27,0.,3.));
#548 = DIRECTION('',(-0.,-0.,-1.));
#549 = DIRECTION('',(1.,0.,0.));
#550 = ADVANCED_FACE('',(#551),#562,.T.);
#551 = FACE_BOUND('',#552,.T.);
#552 = EDGE_LOOP('',(#553,#554,#555,#556));
#553 = ORIENTED_EDGE('',*,*,#540,.T.);
#554 = ORIENTED_EDGE('',*,*,#505,.T.);
#555 = ORIENTED_EDGE('',*,*,#533,.F.);
#556 = ORIENTED_EDGE('',*,*,#557,.F.);
#557 = EDGE_CURVE('',#523,#525,#558,.T.);
#558 = LINE('',#559,#560);
#559 = CARTESIAN_POINT('',(-1.229999999999,-1.46969384567,3.));
#560 = VECTOR('',#561,1.);
#561 = DIRECTION('',(0.,1.,0.));
#562 = PLANE('',#563);
#563 = AXIS2_PLACEMENT_3D('',#564,#565,#566);
#564 = CARTESIAN_POINT('',(-1.229999999999,-1.46969384567,3.));
#565 = DIRECTION('',(-1.,0.,0.));
#566 = DIRECTION('',(0.,1.,0.));
#567 = ADVANCED_FACE('',(#568,#572,#606),#640,.T.);
#568 = FACE_BOUND('',#569,.T.);
#569 = EDGE_LOOP('',(#570,#571));
#570 = ORIENTED_EDGE('',*,*,#522,.F.);
#571 = ORIENTED_EDGE('',*,*,#557,.T.);
#572 = FACE_BOUND('',#573,.T.);
#573 = EDGE_LOOP('',(#574,#584,#592,#600));
#574 = ORIENTED_EDGE('',*,*,#575,.T.);
#575 = EDGE_CURVE('',#576,#578,#580,.T.);
#576 = VERTEX_POINT('',#577);
#577 = CARTESIAN_POINT('',(-0.2,-0.2,3.));
#578 = VERTEX_POINT('',#579);
#579 = CARTESIAN_POINT('',(0.2,-0.2,3.));
#580 = LINE('',#581,#582);
#581 = CARTESIAN_POINT('',(-0.515,-0.2,3.));
#582 = VECTOR('',#583,1.);
#583 = DIRECTION('',(1.,0.,0.));
#584 = ORIENTED_EDGE('',*,*,#585,.T.);
#585 = EDGE_CURVE('',#578,#586,#588,.T.);
#586 = VERTEX_POINT('',#587);
#587 = CARTESIAN_POINT('',(0.2,0.2,3.));
#588 = LINE('',#589,#590);
#589 = CARTESIAN_POINT('',(0.2,-0.634846922835,3.));
#590 = VECTOR('',#591,1.);
#591 = DIRECTION('',(0.,1.,0.));
#592 = ORIENTED_EDGE('',*,*,#593,.T.);
#593 = EDGE_CURVE('',#586,#594,#596,.T.);
#594 = VERTEX_POINT('',#595);
#595 = CARTESIAN_POINT('',(-0.2,0.2,3.));
#596 = LINE('',#597,#598);
#597 = CARTESIAN_POINT('',(-0.715,0.2,3.));
#598 = VECTOR('',#599,1.);
#599 = DIRECTION('',(-1.,-0.,-0.));
#600 = ORIENTED_EDGE('',*,*,#601,.T.);
#601 = EDGE_CURVE('',#594,#576,#602,.T.);
#602 = LINE('',#603,#604);
#603 = CARTESIAN_POINT('',(-0.2,-0.834846922835,3.));
#604 = VECTOR('',#605,1.);
#605 = DIRECTION('',(0.,-1.,0.));
#606 = FACE_BOUND('',#607,.T.);
#607 = EDGE_LOOP('',(#608,#618,#626,#634));
#608 = ORIENTED_EDGE('',*,*,#609,.T.);
#609 = EDGE_CURVE('',#610,#612,#614,.T.);
#610 = VERTEX_POINT('',#611);
#611 = CARTESIAN_POINT('',(2.34,0.2,3.));
#612 = VERTEX_POINT('',#613);
#613 = CARTESIAN_POINT('',(2.34,-0.2,3.));
#614 = LINE('',#615,#616);
#615 = CARTESIAN_POINT('',(2.34,-0.834846922835,3.));
#616 = VECTOR('',#617,1.);
#617 = DIRECTION('',(0.,-1.,0.));
#618 = ORIENTED_EDGE('',*,*,#619,.T.);
#619 = EDGE_CURVE('',#612,#620,#622,.T.);
#620 = VERTEX_POINT('',#621);
#621 = CARTESIAN_POINT('',(2.74,-0.2,3.));
#622 = LINE('',#623,#624);
#623 = CARTESIAN_POINT('',(0.755,-0.2,3.));
#624 = VECTOR('',#625,1.);
#625 = DIRECTION('',(1.,0.,0.));
#626 = ORIENTED_EDGE('',*,*,#627,.T.);
#627 = EDGE_CURVE('',#620,#628,#630,.T.);
#628 = VERTEX_POINT('',#629);
#629 = CARTESIAN_POINT('',(2.74,0.2,3.));
#630 = LINE('',#631,#632);
#631 = CARTESIAN_POINT('',(2.74,-0.634846922835,3.));
#632 = VECTOR('',#633,1.);
#633 = DIRECTION('',(0.,1.,0.));
#634 = ORIENTED_EDGE('',*,*,#635,.T.);
#635 = EDGE_CURVE('',#628,#610,#636,.T.);
#636 = LINE('',#637,#638);
#637 = CARTESIAN_POINT('',(0.555,0.2,3.));
#638 = VECTOR('',#639,1.);
#639 = DIRECTION('',(-1.,-0.,-0.));
#640 = PLANE('',#641);
#641 = AXIS2_PLACEMENT_3D('',#642,#643,#644);
#642 = CARTESIAN_POINT('',(-1.229999999999,-1.469693845671,3.));
#643 = DIRECTION('',(0.,0.,-1.));
#644 = DIRECTION('',(-1.,0.,0.));
#645 = ADVANCED_FACE('',(#646),#671,.F.);
#646 = FACE_BOUND('',#647,.F.);
#647 = EDGE_LOOP('',(#648,#649,#657,#665));
#648 = ORIENTED_EDGE('',*,*,#575,.T.);
#649 = ORIENTED_EDGE('',*,*,#650,.T.);
#650 = EDGE_CURVE('',#578,#651,#653,.T.);
#651 = VERTEX_POINT('',#652);
#652 = CARTESIAN_POINT('',(0.2,-0.2,-2.5));
#653 = LINE('',#654,#655);
#654 = CARTESIAN_POINT('',(0.2,-0.2,3.5));
#655 = VECTOR('',#656,1.);
#656 = DIRECTION('',(-0.,-0.,-1.));
#657 = ORIENTED_EDGE('',*,*,#658,.T.);
#658 = EDGE_CURVE('',#651,#659,#661,.T.);
#659 = VERTEX_POINT('',#660);
#660 = CARTESIAN_POINT('',(-0.2,-0.2,-2.5));
#661 = LINE('',#662,#663);
#662 = CARTESIAN_POINT('',(0.2,-0.2,-2.5));
#663 = VECTOR('',#664,1.);
#664 = DIRECTION('',(-1.,0.,0.));
#665 = ORIENTED_EDGE('',*,*,#666,.F.);
#666 = EDGE_CURVE('',#576,#659,#667,.T.);
#667 = LINE('',#668,#669);
#668 = CARTESIAN_POINT('',(-0.2,-0.2,3.5));
#669 = VECTOR('',#670,1.);
#670 = DIRECTION('',(-0.,-0.,-1.));
#671 = PLANE('',#672);
#672 = AXIS2_PLACEMENT_3D('',#673,#674,#675);
#673 = CARTESIAN_POINT('',(0.2,-0.2,3.5));
#674 = DIRECTION('',(0.,1.,0.));
#675 = DIRECTION('',(-1.,0.,0.));
#676 = ADVANCED_FACE('',(#677),#695,.F.);
#677 = FACE_BOUND('',#678,.F.);
#678 = EDGE_LOOP('',(#679,#680,#681,#689));
#679 = ORIENTED_EDGE('',*,*,#601,.T.);
#680 = ORIENTED_EDGE('',*,*,#666,.T.);
#681 = ORIENTED_EDGE('',*,*,#682,.T.);
#682 = EDGE_CURVE('',#659,#683,#685,.T.);
#683 = VERTEX_POINT('',#684);
#684 = CARTESIAN_POINT('',(-0.2,0.2,-2.5));
#685 = LINE('',#686,#687);
#686 = CARTESIAN_POINT('',(-0.2,-0.2,-2.5));
#687 = VECTOR('',#688,1.);
#688 = DIRECTION('',(0.,1.,0.));
#689 = ORIENTED_EDGE('',*,*,#690,.F.);
#690 = EDGE_CURVE('',#594,#683,#691,.T.);
#691 = LINE('',#692,#693);
#692 = CARTESIAN_POINT('',(-0.2,0.2,3.5));
#693 = VECTOR('',#694,1.);
#694 = DIRECTION('',(-0.,-0.,-1.));
#695 = PLANE('',#696);
#696 = AXIS2_PLACEMENT_3D('',#697,#698,#699);
#697 = CARTESIAN_POINT('',(-0.2,-0.2,3.5));
#698 = DIRECTION('',(1.,0.,0.));
#699 = DIRECTION('',(-0.,1.,0.));
#700 = ADVANCED_FACE('',(#701),#719,.F.);
#701 = FACE_BOUND('',#702,.F.);
#702 = EDGE_LOOP('',(#703,#704,#705,#713));
#703 = ORIENTED_EDGE('',*,*,#593,.T.);
#704 = ORIENTED_EDGE('',*,*,#690,.T.);
#705 = ORIENTED_EDGE('',*,*,#706,.T.);
#706 = EDGE_CURVE('',#683,#707,#709,.T.);
#707 = VERTEX_POINT('',#708);
#708 = CARTESIAN_POINT('',(0.2,0.2,-2.5));
#709 = LINE('',#710,#711);
#710 = CARTESIAN_POINT('',(-0.2,0.2,-2.5));
#711 = VECTOR('',#712,1.);
#712 = DIRECTION('',(1.,0.,0.));
#713 = ORIENTED_EDGE('',*,*,#714,.F.);
#714 = EDGE_CURVE('',#586,#707,#715,.T.);
#715 = LINE('',#716,#717);
#716 = CARTESIAN_POINT('',(0.2,0.2,3.5));
#717 = VECTOR('',#718,1.);
#718 = DIRECTION('',(-0.,-0.,-1.));
#719 = PLANE('',#720);
#720 = AXIS2_PLACEMENT_3D('',#721,#722,#723);
#721 = CARTESIAN_POINT('',(-0.2,0.2,3.5));
#722 = DIRECTION('',(0.,-1.,0.));
#723 = DIRECTION('',(1.,0.,0.));
#724 = ADVANCED_FACE('',(#725),#736,.F.);
#725 = FACE_BOUND('',#726,.F.);
#726 = EDGE_LOOP('',(#727,#728,#729,#735));
#727 = ORIENTED_EDGE('',*,*,#585,.T.);
#728 = ORIENTED_EDGE('',*,*,#714,.T.);
#729 = ORIENTED_EDGE('',*,*,#730,.T.);
#730 = EDGE_CURVE('',#707,#651,#731,.T.);
#731 = LINE('',#732,#733);
#732 = CARTESIAN_POINT('',(0.2,0.2,-2.5));
#733 = VECTOR('',#734,1.);
#734 = DIRECTION('',(0.,-1.,0.));
#735 = ORIENTED_EDGE('',*,*,#650,.F.);
#736 = PLANE('',#737);
#737 = AXIS2_PLACEMENT_3D('',#738,#739,#740);
#738 = CARTESIAN_POINT('',(0.2,0.2,3.5));
#739 = DIRECTION('',(-1.,0.,0.));
#740 = DIRECTION('',(0.,-1.,0.));
#741 = ADVANCED_FACE('',(#742),#767,.F.);
#742 = FACE_BOUND('',#743,.F.);
#743 = EDGE_LOOP('',(#744,#745,#753,#761));
#744 = ORIENTED_EDGE('',*,*,#609,.T.);
#745 = ORIENTED_EDGE('',*,*,#746,.T.);
#746 = EDGE_CURVE('',#612,#747,#749,.T.);
#747 = VERTEX_POINT('',#748);
#748 = CARTESIAN_POINT('',(2.34,-0.2,-2.5));
#749 = LINE('',#750,#751);
#750 = CARTESIAN_POINT('',(2.34,-0.2,3.5));
#751 = VECTOR('',#752,1.);
#752 = DIRECTION('',(-0.,-0.,-1.));
#753 = ORIENTED_EDGE('',*,*,#754,.T.);
#754 = EDGE_CURVE('',#747,#755,#757,.T.);
#755 = VERTEX_POINT('',#756);
#756 = CARTESIAN_POINT('',(2.34,0.2,-2.5));
#757 = LINE('',#758,#759);
#758 = CARTESIAN_POINT('',(2.34,-0.2,-2.5));
#759 = VECTOR('',#760,1.);
#760 = DIRECTION('',(0.,1.,0.));
#761 = ORIENTED_EDGE('',*,*,#762,.F.);
#762 = EDGE_CURVE('',#610,#755,#763,.T.);
#763 = LINE('',#764,#765);
#764 = CARTESIAN_POINT('',(2.34,0.2,3.5));
#765 = VECTOR('',#766,1.);
#766 = DIRECTION('',(-0.,-0.,-1.));
#767 = PLANE('',#768);
#768 = AXIS2_PLACEMENT_3D('',#769,#770,#771);
#769 = CARTESIAN_POINT('',(2.34,-0.2,3.5));
#770 = DIRECTION('',(1.,0.,0.));
#771 = DIRECTION('',(-0.,1.,0.));
#772 = ADVANCED_FACE('',(#773),#791,.F.);
#773 = FACE_BOUND('',#774,.F.);
#774 = EDGE_LOOP('',(#775,#776,#777,#785));
#775 = ORIENTED_EDGE('',*,*,#635,.T.);
#776 = ORIENTED_EDGE('',*,*,#762,.T.);
#777 = ORIENTED_EDGE('',*,*,#778,.T.);
#778 = EDGE_CURVE('',#755,#779,#781,.T.);
#779 = VERTEX_POINT('',#780);
#780 = CARTESIAN_POINT('',(2.74,0.2,-2.5));
#781 = LINE('',#782,#783);
#782 = CARTESIAN_POINT('',(2.34,0.2,-2.5));
#783 = VECTOR('',#784,1.);
#784 = DIRECTION('',(1.,0.,0.));
#785 = ORIENTED_EDGE('',*,*,#786,.F.);
#786 = EDGE_CURVE('',#628,#779,#787,.T.);
#787 = LINE('',#788,#789);
#788 = CARTESIAN_POINT('',(2.74,0.2,3.5));
#789 = VECTOR('',#790,1.);
#790 = DIRECTION('',(-0.,-0.,-1.));
#791 = PLANE('',#792);
#792 = AXIS2_PLACEMENT_3D('',#793,#794,#795);
#793 = CARTESIAN_POINT('',(2.34,0.2,3.5));
#794 = DIRECTION('',(0.,-1.,0.));
#795 = DIRECTION('',(1.,0.,0.));
#796 = ADVANCED_FACE('',(#797),#815,.F.);
#797 = FACE_BOUND('',#798,.F.);
#798 = EDGE_LOOP('',(#799,#800,#801,#809));
#799 = ORIENTED_EDGE('',*,*,#627,.T.);
#800 = ORIENTED_EDGE('',*,*,#786,.T.);
#801 = ORIENTED_EDGE('',*,*,#802,.T.);
#802 = EDGE_CURVE('',#779,#803,#805,.T.);
#803 = VERTEX_POINT('',#804);
#804 = CARTESIAN_POINT('',(2.74,-0.2,-2.5));
#805 = LINE('',#806,#807);
#806 = CARTESIAN_POINT('',(2.74,0.2,-2.5));
#807 = VECTOR('',#808,1.);
#808 = DIRECTION('',(0.,-1.,0.));
#809 = ORIENTED_EDGE('',*,*,#810,.F.);
#810 = EDGE_CURVE('',#620,#803,#811,.T.);
#811 = LINE('',#812,#813);
#812 = CARTESIAN_POINT('',(2.74,-0.2,3.5));
#813 = VECTOR('',#814,1.);
#814 = DIRECTION('',(-0.,-0.,-1.));
#815 = PLANE('',#816);
#816 = AXIS2_PLACEMENT_3D('',#817,#818,#819);
#817 = CARTESIAN_POINT('',(2.74,0.2,3.5));
#818 = DIRECTION('',(-1.,0.,0.));
#819 = DIRECTION('',(0.,-1.,0.));
#820 = ADVANCED_FACE('',(#821),#832,.F.);
#821 = FACE_BOUND('',#822,.F.);
#822 = EDGE_LOOP('',(#823,#824,#825,#831));
#823 = ORIENTED_EDGE('',*,*,#619,.T.);
#824 = ORIENTED_EDGE('',*,*,#810,.T.);
#825 = ORIENTED_EDGE('',*,*,#826,.T.);
#826 = EDGE_CURVE('',#803,#747,#827,.T.);
#827 = LINE('',#828,#829);
#828 = CARTESIAN_POINT('',(2.74,-0.2,-2.5));
#829 = VECTOR('',#830,1.);
#830 = DIRECTION('',(-1.,0.,0.));
#831 = ORIENTED_EDGE('',*,*,#746,.F.);
#832 = PLANE('',#833);
#833 = AXIS2_PLACEMENT_3D('',#834,#835,#836);
#834 = CARTESIAN_POINT('',(2.74,-0.2,3.5));
#835 = DIRECTION('',(0.,1.,0.));
#836 = DIRECTION('',(-1.,0.,0.));
#837 = ADVANCED_FACE('',(#838),#844,.F.);
#838 = FACE_BOUND('',#839,.T.);
#839 = EDGE_LOOP('',(#840,#841,#842,#843));
#840 = ORIENTED_EDGE('',*,*,#706,.T.);
#841 = ORIENTED_EDGE('',*,*,#730,.T.);
#842 = ORIENTED_EDGE('',*,*,#658,.T.);
#843 = ORIENTED_EDGE('',*,*,#682,.T.);
#844 = PLANE('',#845);
#845 = AXIS2_PLACEMENT_3D('',#846,#847,#848);
#846 = CARTESIAN_POINT('',(-0.2,0.2,-2.5));
#847 = DIRECTION('',(0.,0.,1.));
#848 = DIRECTION('',(1.,0.,-0.));
#849 = ADVANCED_FACE('',(#850),#856,.F.);
#850 = FACE_BOUND('',#851,.T.);
#851 = EDGE_LOOP('',(#852,#853,#854,#855));
#852 = ORIENTED_EDGE('',*,*,#778,.T.);
#853 = ORIENTED_EDGE('',*,*,#802,.T.);
#854 = ORIENTED_EDGE('',*,*,#826,.T.);
#855 = ORIENTED_EDGE('',*,*,#754,.T.);
#856 = PLANE('',#857);
#857 = AXIS2_PLACEMENT_3D('',#858,#859,#860);
#858 = CARTESIAN_POINT('',(2.34,0.2,-2.5));
#859 = DIRECTION('',(0.,0.,1.));
#860 = DIRECTION('',(1.,0.,-0.));
#861 = ( GEOMETRIC_REPRESENTATION_CONTEXT(3) 
GLOBAL_UNCERTAINTY_ASSIGNED_CONTEXT((#865)) GLOBAL_UNIT_ASSIGNED_CONTEXT
((#862,#863,#864)) REPRESENTATION_CONTEXT('Context #1',
  '3D Context with UNIT and UNCERTAINTY') );
#862 = ( LENGTH_UNIT() NAMED_UNIT(*) SI_UNIT(.MILLI.,.METRE.) );
#863 = ( NAMED_UNIT(*) PLANE_ANGLE_UNIT() SI_UNIT($,.RADIAN.) );
#864 = ( NAMED_UNIT(*) SI_UNIT($,.STERADIAN.) SOLID_ANGLE_UNIT() );
#865 = UNCERTAINTY_MEASURE_WITH_UNIT(LENGTH_MEASURE(1.E-07),#862,
  'distance_accuracy_value','confusion accuracy');
#866 = CONTEXT_DEPENDENT_SHAPE_REPRESENTATION(#867,#869);
#867 = ( REPRESENTATION_RELATIONSHIP('','',#435,#412) 
REPRESENTATION_RELATIONSHIP_WITH_TRANSFORMATION(#868) 
SHAPE_REPRESENTATION_RELATIONSHIP() );
#868 = ITEM_DEFINED_TRANSFORMATION('','',#11,#413);
#869 = PRODUCT_DEFINITION_SHAPE('Placement','Placement of an item',#870
  );
#870 = NEXT_ASSEMBLY_USAGE_OCCURRENCE('3','=>[0:1:1:5]','',#407,#430,$);
#871 = PRODUCT_RELATED_PRODUCT_CATEGORY('part',$,(#432));
#872 = CONTEXT_DEPENDENT_SHAPE_REPRESENTATION(#873,#875);
#873 = ( REPRESENTATION_RELATIONSHIP('','',#152,#10) 
REPRESENTATION_RELATIONSHIP_WITH_TRANSFORMATION(#874) 
SHAPE_REPRESENTATION_RELATIONSHIP() );
#874 = ITEM_DEFINED_TRANSFORMATION('','',#11,#23);
#875 = PRODUCT_DEFINITION_SHAPE('Placement','Placement of an item',#876
  );
#876 = NEXT_ASSEMBLY_USAGE_OCCURRENCE('5','Q6','',#5,#147,$);
#877 = CONTEXT_DEPENDENT_SHAPE_REPRESENTATION(#878,#880);
#878 = ( REPRESENTATION_RELATIONSHIP('','',#412,#10) 
REPRESENTATION_RELATIONSHIP_WITH_TRANSFORMATION(#879) 
SHAPE_REPRESENTATION_RELATIONSHIP() );
#879 = ITEM_DEFINED_TRANSFORMATION('','',#11,#27);
#880 = PRODUCT_DEFINITION_SHAPE('Placement','Placement of an item',#881
  );
#881 = NEXT_ASSEMBLY_USAGE_OCCURRENCE('6','D1','',#5,#407,$);
#882 = CONTEXT_DEPENDENT_SHAPE_REPRESENTATION(#883,#885);
#883 = ( REPRESENTATION_RELATIONSHIP('','',#412,#10) 
REPRESENTATION_RELATIONSHIP_WITH_TRANSFORMATION(#884) 
SHAPE_REPRESENTATION_RELATIONSHIP() );
#884 = ITEM_DEFINED_TRANSFORMATION('','',#11,#31);
#885 = PRODUCT_DEFINITION_SHAPE('Placement','Placement of an item',#886
  );
#886 = NEXT_ASSEMBLY_USAGE_OCCURRENCE('7','D4','',#5,#407,$);
#887 = CONTEXT_DEPENDENT_SHAPE_REPRESENTATION(#888,#890);
#888 = ( REPRESENTATION_RELATIONSHIP('','',#412,#10) 
REPRESENTATION_RELATIONSHIP_WITH_TRANSFORMATION(#889) 
SHAPE_REPRESENTATION_RELATIONSHIP() );
#889 = ITEM_DEFINED_TRANSFORMATION('','',#11,#35);
#890 = PRODUCT_DEFINITION_SHAPE('Placement','Placement of an item',#891
  );
#891 = NEXT_ASSEMBLY_USAGE_OCCURRENCE('8','D8','',#5,#407,$);
#892 = CONTEXT_DEPENDENT_SHAPE_REPRESENTATION(#893,#895);
#893 = ( REPRESENTATION_RELATIONSHIP('','',#412,#10) 
REPRESENTATION_RELATIONSHIP_WITH_TRANSFORMATION(#894) 
SHAPE_REPRESENTATION_RELATIONSHIP() );
#894 = ITEM_DEFINED_TRANSFORMATION('','',#11,#39);
#895 = PRODUCT_DEFINITION_SHAPE('Placement','Placement of an item',#896
  );
#896 = NEXT_ASSEMBLY_USAGE_OCCURRENCE('9','D9','',#5,#407,$);
#897 = CONTEXT_DEPENDENT_SHAPE_REPRESENTATION(#898,#900);
#898 = ( REPRESENTATION_RELATIONSHIP('','',#152,#10) 
REPRESENTATION_RELATIONSHIP_WITH_TRANSFORMATION(#899) 
SHAPE_REPRESENTATION_RELATIONSHIP() );
#899 = ITEM_DEFINED_TRANSFORMATION('','',#11,#43);
#900 = PRODUCT_DEFINITION_SHAPE('Placement','Placement of an item',#901
  );
#901 = NEXT_ASSEMBLY_USAGE_OCCURRENCE('10','Q1','',#5,#147,$);
#902 = CONTEXT_DEPENDENT_SHAPE_REPRESENTATION(#903,#905);
#903 = ( REPRESENTATION_RELATIONSHIP('','',#152,#10) 
REPRESENTATION_RELATIONSHIP_WITH_TRANSFORMATION(#904) 
SHAPE_REPRESENTATION_RELATIONSHIP() );
#904 = ITEM_DEFINED_TRANSFORMATION('','',#11,#47);
#905 = PRODUCT_DEFINITION_SHAPE('Placement','Placement of an item',#906
  );
#906 = NEXT_ASSEMBLY_USAGE_OCCURRENCE('11','Q5','',#5,#147,$);
#907 = CONTEXT_DEPENDENT_SHAPE_REPRESENTATION(#908,#910);
#908 = ( REPRESENTATION_RELATIONSHIP('','',#412,#10) 
REPRESENTATION_RELATIONSHIP_WITH_TRANSFORMATION(#909) 
SHAPE_REPRESENTATION_RELATIONSHIP() );
#909 = ITEM_DEFINED_TRANSFORMATION('','',#11,#51);
#910 = PRODUCT_DEFINITION_SHAPE('Placement','Placement of an item',#911
  );
#911 = NEXT_ASSEMBLY_USAGE_OCCURRENCE('12','D7','',#5,#407,$);
#912 = CONTEXT_DEPENDENT_SHAPE_REPRESENTATION(#913,#915);
#913 = ( REPRESENTATION_RELATIONSHIP('','',#412,#10) 
REPRESENTATION_RELATIONSHIP_WITH_TRANSFORMATION(#914) 
SHAPE_REPRESENTATION_RELATIONSHIP() );
#914 = ITEM_DEFINED_TRANSFORMATION('','',#11,#55);
#915 = PRODUCT_DEFINITION_SHAPE('Placement','Placement of an item',#916
  );
#916 = NEXT_ASSEMBLY_USAGE_OCCURRENCE('13','D2','',#5,#407,$);
#917 = CONTEXT_DEPENDENT_SHAPE_REPRESENTATION(#918,#920);
#918 = ( REPRESENTATION_RELATIONSHIP('','',#412,#10) 
REPRESENTATION_RELATIONSHIP_WITH_TRANSFORMATION(#919) 
SHAPE_REPRESENTATION_RELATIONSHIP() );
#919 = ITEM_DEFINED_TRANSFORMATION('','',#11,#59);
#920 = PRODUCT_DEFINITION_SHAPE('Placement','Placement of an item',#921
  );
#921 = NEXT_ASSEMBLY_USAGE_OCCURRENCE('14','D3','',#5,#407,$);
#922 = CONTEXT_DEPENDENT_SHAPE_REPRESENTATION(#923,#925);
#923 = ( REPRESENTATION_RELATIONSHIP('','',#152,#10) 
REPRESENTATION_RELATIONSHIP_WITH_TRANSFORMATION(#924) 
SHAPE_REPRESENTATION_RELATIONSHIP() );
#924 = ITEM_DEFINED_TRANSFORMATION('','',#11,#63);
#925 = PRODUCT_DEFINITION_SHAPE('Placement','Placement of an item',#926
  );
#926 = NEXT_ASSEMBLY_USAGE_OCCURRENCE('15','Q3','',#5,#147,$);
#927 = CONTEXT_DEPENDENT_SHAPE_REPRESENTATION(#928,#930);
#928 = ( REPRESENTATION_RELATIONSHIP('','',#152,#10) 
REPRESENTATION_RELATIONSHIP_WITH_TRANSFORMATION(#929) 
SHAPE_REPRESENTATION_RELATIONSHIP() );
#929 = ITEM_DEFINED_TRANSFORMATION('','',#11,#67);
#930 = PRODUCT_DEFINITION_SHAPE('Placement','Placement of an item',#931
  );
#931 = NEXT_ASSEMBLY_USAGE_OCCURRENCE('16','Q2','',#5,#147,$);
#932 = CONTEXT_DEPENDENT_SHAPE_REPRESENTATION(#933,#935);
#933 = ( REPRESENTATION_RELATIONSHIP('','',#152,#10) 
REPRESENTATION_RELATIONSHIP_WITH_TRANSFORMATION(#934) 
SHAPE_REPRESENTATION_RELATIONSHIP() );
#934 = ITEM_DEFINED_TRANSFORMATION('','',#11,#71);
#935 = PRODUCT_DEFINITION_SHAPE('Placement','Placement of an item',#936
  );
#936 = NEXT_ASSEMBLY_USAGE_OCCURRENCE('17','Q8','',#5,#147,$);
#937 = CONTEXT_DEPENDENT_SHAPE_REPRESENTATION(#938,#940);
#938 = ( REPRESENTATION_RELATIONSHIP('','',#412,#10) 
REPRESENTATION_RELATIONSHIP_WITH_TRANSFORMATION(#939) 
SHAPE_REPRESENTATION_RELATIONSHIP() );
#939 = ITEM_DEFINED_TRANSFORMATION('','',#11,#75);
#940 = PRODUCT_DEFINITION_SHAPE('Placement','Placement of an item',#941
  );
#941 = NEXT_ASSEMBLY_USAGE_OCCURRENCE('18','D5','',#5,#407,$);
#942 = CONTEXT_DEPENDENT_SHAPE_REPRESENTATION(#943,#945);
#943 = ( REPRESENTATION_RELATIONSHIP('','',#152,#10) 
REPRESENTATION_RELATIONSHIP_WITH_TRANSFORMATION(#944) 
SHAPE_REPRESENTATION_RELATIONSHIP() );
#944 = ITEM_DEFINED_TRANSFORMATION('','',#11,#79);
#945 = PRODUCT_DEFINITION_SHAPE('Placement','Placement of an item',#946
  );
#946 = NEXT_ASSEMBLY_USAGE_OCCURRENCE('19','Q7','',#5,#147,$);
#947 = CONTEXT_DEPENDENT_SHAPE_REPRESENTATION(#948,#950);
#948 = ( REPRESENTATION_RELATIONSHIP('','',#152,#10) 
REPRESENTATION_RELATIONSHIP_WITH_TRANSFORMATION(#949) 
SHAPE_REPRESENTATION_RELATIONSHIP() );
#949 = ITEM_DEFINED_TRANSFORMATION('','',#11,#83);
#950 = PRODUCT_DEFINITION_SHAPE('Placement','Placement of an item',#951
  );
#951 = NEXT_ASSEMBLY_USAGE_OCCURRENCE('20','Q9','',#5,#147,$);
#952 = SHAPE_DEFINITION_REPRESENTATION(#953,#959);
#953 = PRODUCT_DEFINITION_SHAPE('','',#954);
#954 = PRODUCT_DEFINITION('design','',#955,#958);
#955 = PRODUCT_DEFINITION_FORMATION('','',#956);
#956 = PRODUCT('R_0603_1608Metric','R_0603_1608Metric','',(#957));
#957 = PRODUCT_CONTEXT('',#2,'mechanical');
#958 = PRODUCT_DEFINITION_CONTEXT('part definition',#2,'design');
#959 = SHAPE_REPRESENTATION('',(#11,#960),#964);
#960 = AXIS2_PLACEMENT_3D('',#961,#962,#963);
#961 = CARTESIAN_POINT('',(0.,0.,0.));
#962 = DIRECTION('',(0.,0.,1.));
#963 = DIRECTION('',(1.,0.,-0.));
#964 = ( GEOMETRIC_REPRESENTATION_CONTEXT(3) 
GLOBAL_UNCERTAINTY_ASSIGNED_CONTEXT((#968)) GLOBAL_UNIT_ASSIGNED_CONTEXT
((#965,#966,#967)) REPRESENTATION_CONTEXT('Context #1',
  '3D Context with UNIT and UNCERTAINTY') );
#965 = ( LENGTH_UNIT() NAMED_UNIT(*) SI_UNIT(.MILLI.,.METRE.) );
#966 = ( NAMED_UNIT(*) PLANE_ANGLE_UNIT() SI_UNIT($,.RADIAN.) );
#967 = ( NAMED_UNIT(*) SI_UNIT($,.STERADIAN.) SOLID_ANGLE_UNIT() );
#968 = UNCERTAINTY_MEASURE_WITH_UNIT(LENGTH_MEASURE(1.E-07),#965,
  'distance_accuracy_value','confusion accuracy');
#969 = CONTEXT_DEPENDENT_SHAPE_REPRESENTATION(#970,#972);
#970 = ( REPRESENTATION_RELATIONSHIP('','',#959,#10) 
REPRESENTATION_RELATIONSHIP_WITH_TRANSFORMATION(#971) 
SHAPE_REPRESENTATION_RELATIONSHIP() );
#971 = ITEM_DEFINED_TRANSFORMATION('','',#11,#87);
#972 = PRODUCT_DEFINITION_SHAPE('Placement','Placement of an item',#973
  );
#973 = NEXT_ASSEMBLY_USAGE_OCCURRENCE('22','R9','',#5,#954,$);
#974 = PRODUCT_RELATED_PRODUCT_CATEGORY('part',$,(#956));
#975 = SHAPE_DEFINITION_REPRESENTATION(#976,#982);
#976 = PRODUCT_DEFINITION_SHAPE('','',#977);
#977 = PRODUCT_DEFINITION('design','',#978,#981);
#978 = PRODUCT_DEFINITION_FORMATION('','',#979);
#979 = PRODUCT('R_0603_1608Metric','R_0603_1608Metric','',(#980));
#980 = PRODUCT_CONTEXT('',#2,'mechanical');
#981 = PRODUCT_DEFINITION_CONTEXT('part definition',#2,'design');
#982 = ADVANCED_BREP_SHAPE_REPRESENTATION('',(#11,#983),#1773);
#983 = MANIFOLD_SOLID_BREP('',#984);
#984 = CLOSED_SHELL('',(#985,#1025,#1108,#1133,#1158,#1225,#1242,#1259,
    #1308,#1325,#1342,#1391,#1408,#1477,#1508,#1532,#1601,#1625,#1642,
    #1659,#1676,#1693,#1710,#1727,#1744,#1761));
#985 = ADVANCED_FACE('',(#986),#1020,.F.);
#986 = FACE_BOUND('',#987,.F.);
#987 = EDGE_LOOP('',(#988,#998,#1006,#1014));
#988 = ORIENTED_EDGE('',*,*,#989,.F.);
#989 = EDGE_CURVE('',#990,#992,#994,.T.);
#990 = VERTEX_POINT('',#991);
#991 = CARTESIAN_POINT('',(-0.8,-0.4,4.5E-02));
#992 = VERTEX_POINT('',#993);
#993 = CARTESIAN_POINT('',(-0.8,-0.4,0.405));
#994 = LINE('',#995,#996);
#995 = CARTESIAN_POINT('',(-0.8,-0.4,0.));
#996 = VECTOR('',#997,1.);
#997 = DIRECTION('',(0.,0.,1.));
#998 = ORIENTED_EDGE('',*,*,#999,.T.);
#999 = EDGE_CURVE('',#990,#1000,#1002,.T.);
#1000 = VERTEX_POINT('',#1001);
#1001 = CARTESIAN_POINT('',(-0.8,0.4,4.5E-02));
#1002 = LINE('',#1003,#1004);
#1003 = CARTESIAN_POINT('',(-0.8,-0.4,4.5E-02));
#1004 = VECTOR('',#1005,1.);
#1005 = DIRECTION('',(0.,1.,0.));
#1006 = ORIENTED_EDGE('',*,*,#1007,.T.);
#1007 = EDGE_CURVE('',#1000,#1008,#1010,.T.);
#1008 = VERTEX_POINT('',#1009);
#1009 = CARTESIAN_POINT('',(-0.8,0.4,0.405));
#1010 = LINE('',#1011,#1012);
#1011 = CARTESIAN_POINT('',(-0.8,0.4,0.));
#1012 = VECTOR('',#1013,1.);
#1013 = DIRECTION('',(0.,0.,1.));
#1014 = ORIENTED_EDGE('',*,*,#1015,.F.);
#1015 = EDGE_CURVE('',#992,#1008,#1016,.T.);
#1016 = LINE('',#1017,#1018);
#1017 = CARTESIAN_POINT('',(-0.8,-0.4,0.405));
#1018 = VECTOR('',#1019,1.);
#1019 = DIRECTION('',(0.,1.,0.));
#1020 = PLANE('',#1021);
#1021 = AXIS2_PLACEMENT_3D('',#1022,#1023,#1024);
#1022 = CARTESIAN_POINT('',(-0.8,-0.4,0.));
#1023 = DIRECTION('',(1.,0.,0.));
#1024 = DIRECTION('',(0.,0.,1.));
#1025 = ADVANCED_FACE('',(#1026),#1103,.F.);
#1026 = FACE_BOUND('',#1027,.F.);
#1027 = EDGE_LOOP('',(#1028,#1038,#1045,#1046,#1055,#1063,#1072,#1080,
    #1088,#1096));
#1028 = ORIENTED_EDGE('',*,*,#1029,.F.);
#1029 = EDGE_CURVE('',#1030,#1032,#1034,.T.);
#1030 = VERTEX_POINT('',#1031);
#1031 = CARTESIAN_POINT('',(-0.755,-0.4,-2.775557561563E-17));
#1032 = VERTEX_POINT('',#1033);
#1033 = CARTESIAN_POINT('',(-0.545,-0.4,-2.775557561563E-17));
#1034 = LINE('',#1035,#1036);
#1035 = CARTESIAN_POINT('',(-0.8,-0.4,0.));
#1036 = VECTOR('',#1037,1.);
#1037 = DIRECTION('',(1.,0.,0.));
#1038 = ORIENTED_EDGE('',*,*,#1039,.F.);
#1039 = EDGE_CURVE('',#990,#1030,#1040,.T.);
#1040 = CIRCLE('',#1041,4.5E-02);
#1041 = AXIS2_PLACEMENT_3D('',#1042,#1043,#1044);
#1042 = CARTESIAN_POINT('',(-0.755,-0.4,4.5E-02));
#1043 = DIRECTION('',(0.,-1.,0.));
#1044 = DIRECTION('',(0.,0.,1.));
#1045 = ORIENTED_EDGE('',*,*,#989,.T.);
#1046 = ORIENTED_EDGE('',*,*,#1047,.T.);
#1047 = EDGE_CURVE('',#992,#1048,#1050,.T.);
#1048 = VERTEX_POINT('',#1049);
#1049 = CARTESIAN_POINT('',(-0.755,-0.4,0.45));
#1050 = CIRCLE('',#1051,4.5E-02);
#1051 = AXIS2_PLACEMENT_3D('',#1052,#1053,#1054);
#1052 = CARTESIAN_POINT('',(-0.755,-0.4,0.405));
#1053 = DIRECTION('',(0.,1.,0.));
#1054 = DIRECTION('',(0.,-0.,1.));
#1055 = ORIENTED_EDGE('',*,*,#1056,.T.);
#1056 = EDGE_CURVE('',#1048,#1057,#1059,.T.);
#1057 = VERTEX_POINT('',#1058);
#1058 = CARTESIAN_POINT('',(-0.545,-0.4,0.45));
#1059 = LINE('',#1060,#1061);
#1060 = CARTESIAN_POINT('',(-0.8,-0.4,0.45));
#1061 = VECTOR('',#1062,1.);
#1062 = DIRECTION('',(1.,0.,0.));
#1063 = ORIENTED_EDGE('',*,*,#1064,.F.);
#1064 = EDGE_CURVE('',#1065,#1057,#1067,.T.);
#1065 = VERTEX_POINT('',#1066);
#1066 = CARTESIAN_POINT('',(-0.5,-0.4,0.405));
#1067 = CIRCLE('',#1068,4.5E-02);
#1068 = AXIS2_PLACEMENT_3D('',#1069,#1070,#1071);
#1069 = CARTESIAN_POINT('',(-0.545,-0.4,0.405));
#1070 = DIRECTION('',(0.,-1.,0.));
#1071 = DIRECTION('',(0.,0.,1.));
#1072 = ORIENTED_EDGE('',*,*,#1073,.F.);
#1073 = EDGE_CURVE('',#1074,#1065,#1076,.T.);
#1074 = VERTEX_POINT('',#1075);
#1075 = CARTESIAN_POINT('',(-0.755,-0.4,0.405));
#1076 = LINE('',#1077,#1078);
#1077 = CARTESIAN_POINT('',(-0.755,-0.4,0.405));
#1078 = VECTOR('',#1079,1.);
#1079 = DIRECTION('',(1.,0.,0.));
#1080 = ORIENTED_EDGE('',*,*,#1081,.F.);
#1081 = EDGE_CURVE('',#1082,#1074,#1084,.T.);
#1082 = VERTEX_POINT('',#1083);
#1083 = CARTESIAN_POINT('',(-0.755,-0.4,4.5E-02));
#1084 = LINE('',#1085,#1086);
#1085 = CARTESIAN_POINT('',(-0.755,-0.4,4.5E-02));
#1086 = VECTOR('',#1087,1.);
#1087 = DIRECTION('',(0.,0.,1.));
#1088 = ORIENTED_EDGE('',*,*,#1089,.T.);
#1089 = EDGE_CURVE('',#1082,#1090,#1092,.T.);
#1090 = VERTEX_POINT('',#1091);
#1091 = CARTESIAN_POINT('',(-0.5,-0.4,4.5E-02));
#1092 = LINE('',#1093,#1094);
#1093 = CARTESIAN_POINT('',(-0.755,-0.4,4.5E-02));
#1094 = VECTOR('',#1095,1.);
#1095 = DIRECTION('',(1.,0.,0.));
#1096 = ORIENTED_EDGE('',*,*,#1097,.T.);
#1097 = EDGE_CURVE('',#1090,#1032,#1098,.T.);
#1098 = CIRCLE('',#1099,4.5E-02);
#1099 = AXIS2_PLACEMENT_3D('',#1100,#1101,#1102);
#1100 = CARTESIAN_POINT('',(-0.545,-0.4,4.5E-02));
#1101 = DIRECTION('',(0.,1.,0.));
#1102 = DIRECTION('',(0.,-0.,1.));
#1103 = PLANE('',#1104);
#1104 = AXIS2_PLACEMENT_3D('',#1105,#1106,#1107);
#1105 = CARTESIAN_POINT('',(-0.8,-0.4,0.));
#1106 = DIRECTION('',(0.,1.,0.));
#1107 = DIRECTION('',(0.,-0.,1.));
#1108 = ADVANCED_FACE('',(#1109),#1128,.T.);
#1109 = FACE_BOUND('',#1110,.T.);
#1110 = EDGE_LOOP('',(#1111,#1112,#1121,#1127));
#1111 = ORIENTED_EDGE('',*,*,#999,.T.);
#1112 = ORIENTED_EDGE('',*,*,#1113,.T.);
#1113 = EDGE_CURVE('',#1000,#1114,#1116,.T.);
#1114 = VERTEX_POINT('',#1115);
#1115 = CARTESIAN_POINT('',(-0.755,0.4,-2.775557561563E-17));
#1116 = CIRCLE('',#1117,4.5E-02);
#1117 = AXIS2_PLACEMENT_3D('',#1118,#1119,#1120);
#1118 = CARTESIAN_POINT('',(-0.755,0.4,4.5E-02));
#1119 = DIRECTION('',(0.,-1.,0.));
#1120 = DIRECTION('',(0.,0.,1.));
#1121 = ORIENTED_EDGE('',*,*,#1122,.F.);
#1122 = EDGE_CURVE('',#1030,#1114,#1123,.T.);
#1123 = LINE('',#1124,#1125);
#1124 = CARTESIAN_POINT('',(-0.755,-0.4,-2.775557561563E-17));
#1125 = VECTOR('',#1126,1.);
#1126 = DIRECTION('',(0.,1.,0.));
#1127 = ORIENTED_EDGE('',*,*,#1039,.F.);
#1128 = CYLINDRICAL_SURFACE('',#1129,4.5E-02);
#1129 = AXIS2_PLACEMENT_3D('',#1130,#1131,#1132);
#1130 = CARTESIAN_POINT('',(-0.755,-0.4,4.5E-02));
#1131 = DIRECTION('',(0.,1.,0.));
#1132 = DIRECTION('',(-1.,0.,0.));
#1133 = ADVANCED_FACE('',(#1134),#1153,.T.);
#1134 = FACE_BOUND('',#1135,.T.);
#1135 = EDGE_LOOP('',(#1136,#1137,#1145,#1152));
#1136 = ORIENTED_EDGE('',*,*,#1047,.T.);
#1137 = ORIENTED_EDGE('',*,*,#1138,.T.);
#1138 = EDGE_CURVE('',#1048,#1139,#1141,.T.);
#1139 = VERTEX_POINT('',#1140);
#1140 = CARTESIAN_POINT('',(-0.755,0.4,0.45));
#1141 = LINE('',#1142,#1143);
#1142 = CARTESIAN_POINT('',(-0.755,-0.4,0.45));
#1143 = VECTOR('',#1144,1.);
#1144 = DIRECTION('',(0.,1.,0.));
#1145 = ORIENTED_EDGE('',*,*,#1146,.F.);
#1146 = EDGE_CURVE('',#1008,#1139,#1147,.T.);
#1147 = CIRCLE('',#1148,4.5E-02);
#1148 = AXIS2_PLACEMENT_3D('',#1149,#1150,#1151);
#1149 = CARTESIAN_POINT('',(-0.755,0.4,0.405));
#1150 = DIRECTION('',(0.,1.,0.));
#1151 = DIRECTION('',(0.,-0.,1.));
#1152 = ORIENTED_EDGE('',*,*,#1015,.F.);
#1153 = CYLINDRICAL_SURFACE('',#1154,4.5E-02);
#1154 = AXIS2_PLACEMENT_3D('',#1155,#1156,#1157);
#1155 = CARTESIAN_POINT('',(-0.755,-0.4,0.405));
#1156 = DIRECTION('',(0.,1.,0.));
#1157 = DIRECTION('',(-1.,0.,0.));
#1158 = ADVANCED_FACE('',(#1159),#1220,.T.);
#1159 = FACE_BOUND('',#1160,.T.);
#1160 = EDGE_LOOP('',(#1161,#1169,#1170,#1171,#1172,#1180,#1189,#1197,
    #1205,#1213));
#1161 = ORIENTED_EDGE('',*,*,#1162,.F.);
#1162 = EDGE_CURVE('',#1114,#1163,#1165,.T.);
#1163 = VERTEX_POINT('',#1164);
#1164 = CARTESIAN_POINT('',(-0.545,0.4,-2.775557561563E-17));
#1165 = LINE('',#1166,#1167);
#1166 = CARTESIAN_POINT('',(-0.8,0.4,0.));
#1167 = VECTOR('',#1168,1.);
#1168 = DIRECTION('',(1.,0.,0.));
#1169 = ORIENTED_EDGE('',*,*,#1113,.F.);
#1170 = ORIENTED_EDGE('',*,*,#1007,.T.);
#1171 = ORIENTED_EDGE('',*,*,#1146,.T.);
#1172 = ORIENTED_EDGE('',*,*,#1173,.T.);
#1173 = EDGE_CURVE('',#1139,#1174,#1176,.T.);
#1174 = VERTEX_POINT('',#1175);
#1175 = CARTESIAN_POINT('',(-0.545,0.4,0.45));
#1176 = LINE('',#1177,#1178);
#1177 = CARTESIAN_POINT('',(-0.8,0.4,0.45));
#1178 = VECTOR('',#1179,1.);
#1179 = DIRECTION('',(1.,0.,0.));
#1180 = ORIENTED_EDGE('',*,*,#1181,.F.);
#1181 = EDGE_CURVE('',#1182,#1174,#1184,.T.);
#1182 = VERTEX_POINT('',#1183);
#1183 = CARTESIAN_POINT('',(-0.5,0.4,0.405));
#1184 = CIRCLE('',#1185,4.5E-02);
#1185 = AXIS2_PLACEMENT_3D('',#1186,#1187,#1188);
#1186 = CARTESIAN_POINT('',(-0.545,0.4,0.405));
#1187 = DIRECTION('',(0.,-1.,0.));
#1188 = DIRECTION('',(0.,0.,1.));
#1189 = ORIENTED_EDGE('',*,*,#1190,.F.);
#1190 = EDGE_CURVE('',#1191,#1182,#1193,.T.);
#1191 = VERTEX_POINT('',#1192);
#1192 = CARTESIAN_POINT('',(-0.755,0.4,0.405));
#1193 = LINE('',#1194,#1195);
#1194 = CARTESIAN_POINT('',(-0.755,0.4,0.405));
#1195 = VECTOR('',#1196,1.);
#1196 = DIRECTION('',(1.,0.,0.));
#1197 = ORIENTED_EDGE('',*,*,#1198,.F.);
#1198 = EDGE_CURVE('',#1199,#1191,#1201,.T.);
#1199 = VERTEX_POINT('',#1200);
#1200 = CARTESIAN_POINT('',(-0.755,0.4,4.5E-02));
#1201 = LINE('',#1202,#1203);
#1202 = CARTESIAN_POINT('',(-0.755,0.4,4.5E-02));
#1203 = VECTOR('',#1204,1.);
#1204 = DIRECTION('',(0.,0.,1.));
#1205 = ORIENTED_EDGE('',*,*,#1206,.T.);
#1206 = EDGE_CURVE('',#1199,#1207,#1209,.T.);
#1207 = VERTEX_POINT('',#1208);
#1208 = CARTESIAN_POINT('',(-0.5,0.4,4.5E-02));
#1209 = LINE('',#1210,#1211);
#1210 = CARTESIAN_POINT('',(-0.755,0.4,4.5E-02));
#1211 = VECTOR('',#1212,1.);
#1212 = DIRECTION('',(1.,0.,0.));
#1213 = ORIENTED_EDGE('',*,*,#1214,.T.);
#1214 = EDGE_CURVE('',#1207,#1163,#1215,.T.);
#1215 = CIRCLE('',#1216,4.5E-02);
#1216 = AXIS2_PLACEMENT_3D('',#1217,#1218,#1219);
#1217 = CARTESIAN_POINT('',(-0.545,0.4,4.5E-02));
#1218 = DIRECTION('',(0.,1.,0.));
#1219 = DIRECTION('',(0.,-0.,1.));
#1220 = PLANE('',#1221);
#1221 = AXIS2_PLACEMENT_3D('',#1222,#1223,#1224);
#1222 = CARTESIAN_POINT('',(-0.8,0.4,0.));
#1223 = DIRECTION('',(0.,1.,0.));
#1224 = DIRECTION('',(0.,-0.,1.));
#1225 = ADVANCED_FACE('',(#1226),#1237,.F.);
#1226 = FACE_BOUND('',#1227,.F.);
#1227 = EDGE_LOOP('',(#1228,#1229,#1230,#1231));
#1228 = ORIENTED_EDGE('',*,*,#1162,.F.);
#1229 = ORIENTED_EDGE('',*,*,#1122,.F.);
#1230 = ORIENTED_EDGE('',*,*,#1029,.T.);
#1231 = ORIENTED_EDGE('',*,*,#1232,.T.);
#1232 = EDGE_CURVE('',#1032,#1163,#1233,.T.);
#1233 = LINE('',#1234,#1235);
#1234 = CARTESIAN_POINT('',(-0.545,-0.4,-2.775557561563E-17));
#1235 = VECTOR('',#1236,1.);
#1236 = DIRECTION('',(0.,1.,0.));
#1237 = PLANE('',#1238);
#1238 = AXIS2_PLACEMENT_3D('',#1239,#1240,#1241);
#1239 = CARTESIAN_POINT('',(-0.8,-0.4,0.));
#1240 = DIRECTION('',(0.,0.,1.));
#1241 = DIRECTION('',(1.,0.,-0.));
#1242 = ADVANCED_FACE('',(#1243),#1254,.T.);
#1243 = FACE_BOUND('',#1244,.T.);
#1244 = EDGE_LOOP('',(#1245,#1246,#1247,#1248));
#1245 = ORIENTED_EDGE('',*,*,#1097,.T.);
#1246 = ORIENTED_EDGE('',*,*,#1232,.T.);
#1247 = ORIENTED_EDGE('',*,*,#1214,.F.);
#1248 = ORIENTED_EDGE('',*,*,#1249,.F.);
#1249 = EDGE_CURVE('',#1090,#1207,#1250,.T.);
#1250 = LINE('',#1251,#1252);
#1251 = CARTESIAN_POINT('',(-0.5,-0.4,4.5E-02));
#1252 = VECTOR('',#1253,1.);
#1253 = DIRECTION('',(0.,1.,0.));
#1254 = CYLINDRICAL_SURFACE('',#1255,4.5E-02);
#1255 = AXIS2_PLACEMENT_3D('',#1256,#1257,#1258);
#1256 = CARTESIAN_POINT('',(-0.545,-0.4,4.5E-02));
#1257 = DIRECTION('',(0.,1.,0.));
#1258 = DIRECTION('',(1.,0.,0.));
#1259 = ADVANCED_FACE('',(#1260),#1303,.F.);
#1260 = FACE_BOUND('',#1261,.F.);
#1261 = EDGE_LOOP('',(#1262,#1263,#1264,#1265,#1273,#1281,#1289,#1297));
#1262 = ORIENTED_EDGE('',*,*,#1089,.F.);
#1263 = ORIENTED_EDGE('',*,*,#1081,.T.);
#1264 = ORIENTED_EDGE('',*,*,#1073,.T.);
#1265 = ORIENTED_EDGE('',*,*,#1266,.T.);
#1266 = EDGE_CURVE('',#1065,#1267,#1269,.T.);
#1267 = VERTEX_POINT('',#1268);
#1268 = CARTESIAN_POINT('',(0.5,-0.4,0.405));
#1269 = LINE('',#1270,#1271);
#1270 = CARTESIAN_POINT('',(-0.5,-0.4,0.405));
#1271 = VECTOR('',#1272,1.);
#1272 = DIRECTION('',(1.,0.,0.));
#1273 = ORIENTED_EDGE('',*,*,#1274,.T.);
#1274 = EDGE_CURVE('',#1267,#1275,#1277,.T.);
#1275 = VERTEX_POINT('',#1276);
#1276 = CARTESIAN_POINT('',(0.755,-0.4,0.405));
#1277 = LINE('',#1278,#1279);
#1278 = CARTESIAN_POINT('',(-0.755,-0.4,0.405));
#1279 = VECTOR('',#1280,1.);
#1280 = DIRECTION('',(1.,0.,0.));
#1281 = ORIENTED_EDGE('',*,*,#1282,.F.);
#1282 = EDGE_CURVE('',#1283,#1275,#1285,.T.);
#1283 = VERTEX_POINT('',#1284);
#1284 = CARTESIAN_POINT('',(0.755,-0.4,4.5E-02));
#1285 = LINE('',#1286,#1287);
#1286 = CARTESIAN_POINT('',(0.755,-0.4,4.5E-02));
#1287 = VECTOR('',#1288,1.);
#1288 = DIRECTION('',(0.,0.,1.));
#1289 = ORIENTED_EDGE('',*,*,#1290,.F.);
#1290 = EDGE_CURVE('',#1291,#1283,#1293,.T.);
#1291 = VERTEX_POINT('',#1292);
#1292 = CARTESIAN_POINT('',(0.5,-0.4,4.5E-02));
#1293 = LINE('',#1294,#1295);
#1294 = CARTESIAN_POINT('',(-0.755,-0.4,4.5E-02));
#1295 = VECTOR('',#1296,1.);
#1296 = DIRECTION('',(1.,0.,0.));
#1297 = ORIENTED_EDGE('',*,*,#1298,.F.);
#1298 = EDGE_CURVE('',#1090,#1291,#1299,.T.);
#1299 = LINE('',#1300,#1301);
#1300 = CARTESIAN_POINT('',(-0.755,-0.4,4.5E-02));
#1301 = VECTOR('',#1302,1.);
#1302 = DIRECTION('',(1.,0.,0.));
#1303 = PLANE('',#1304);
#1304 = AXIS2_PLACEMENT_3D('',#1305,#1306,#1307);
#1305 = CARTESIAN_POINT('',(-0.755,-0.4,4.5E-02));
#1306 = DIRECTION('',(0.,1.,0.));
#1307 = DIRECTION('',(0.,-0.,1.));
#1308 = ADVANCED_FACE('',(#1309),#1320,.T.);
#1309 = FACE_BOUND('',#1310,.T.);
#1310 = EDGE_LOOP('',(#1311,#1312,#1313,#1314));
#1311 = ORIENTED_EDGE('',*,*,#1173,.F.);
#1312 = ORIENTED_EDGE('',*,*,#1138,.F.);
#1313 = ORIENTED_EDGE('',*,*,#1056,.T.);
#1314 = ORIENTED_EDGE('',*,*,#1315,.T.);
#1315 = EDGE_CURVE('',#1057,#1174,#1316,.T.);
#1316 = LINE('',#1317,#1318);
#1317 = CARTESIAN_POINT('',(-0.545,-0.4,0.45));
#1318 = VECTOR('',#1319,1.);
#1319 = DIRECTION('',(0.,1.,0.));
#1320 = PLANE('',#1321);
#1321 = AXIS2_PLACEMENT_3D('',#1322,#1323,#1324);
#1322 = CARTESIAN_POINT('',(-0.8,-0.4,0.45));
#1323 = DIRECTION('',(0.,0.,1.));
#1324 = DIRECTION('',(1.,0.,-0.));
#1325 = ADVANCED_FACE('',(#1326),#1337,.T.);
#1326 = FACE_BOUND('',#1327,.T.);
#1327 = EDGE_LOOP('',(#1328,#1334,#1335,#1336));
#1328 = ORIENTED_EDGE('',*,*,#1329,.T.);
#1329 = EDGE_CURVE('',#1065,#1182,#1330,.T.);
#1330 = LINE('',#1331,#1332);
#1331 = CARTESIAN_POINT('',(-0.5,-0.4,0.405));
#1332 = VECTOR('',#1333,1.);
#1333 = DIRECTION('',(0.,1.,0.));
#1334 = ORIENTED_EDGE('',*,*,#1181,.T.);
#1335 = ORIENTED_EDGE('',*,*,#1315,.F.);
#1336 = ORIENTED_EDGE('',*,*,#1064,.F.);
#1337 = CYLINDRICAL_SURFACE('',#1338,4.5E-02);
#1338 = AXIS2_PLACEMENT_3D('',#1339,#1340,#1341);
#1339 = CARTESIAN_POINT('',(-0.545,-0.4,0.405));
#1340 = DIRECTION('',(0.,1.,0.));
#1341 = DIRECTION('',(1.,0.,0.));
#1342 = ADVANCED_FACE('',(#1343),#1386,.T.);
#1343 = FACE_BOUND('',#1344,.T.);
#1344 = EDGE_LOOP('',(#1345,#1346,#1347,#1348,#1356,#1364,#1372,#1380));
#1345 = ORIENTED_EDGE('',*,*,#1206,.F.);
#1346 = ORIENTED_EDGE('',*,*,#1198,.T.);
#1347 = ORIENTED_EDGE('',*,*,#1190,.T.);
#1348 = ORIENTED_EDGE('',*,*,#1349,.T.);
#1349 = EDGE_CURVE('',#1182,#1350,#1352,.T.);
#1350 = VERTEX_POINT('',#1351);
#1351 = CARTESIAN_POINT('',(0.5,0.4,0.405));
#1352 = LINE('',#1353,#1354);
#1353 = CARTESIAN_POINT('',(-0.5,0.4,0.405));
#1354 = VECTOR('',#1355,1.);
#1355 = DIRECTION('',(1.,0.,0.));
#1356 = ORIENTED_EDGE('',*,*,#1357,.T.);
#1357 = EDGE_CURVE('',#1350,#1358,#1360,.T.);
#1358 = VERTEX_POINT('',#1359);
#1359 = CARTESIAN_POINT('',(0.755,0.4,0.405));
#1360 = LINE('',#1361,#1362);
#1361 = CARTESIAN_POINT('',(-0.755,0.4,0.405));
#1362 = VECTOR('',#1363,1.);
#1363 = DIRECTION('',(1.,0.,0.));
#1364 = ORIENTED_EDGE('',*,*,#1365,.F.);
#1365 = EDGE_CURVE('',#1366,#1358,#1368,.T.);
#1366 = VERTEX_POINT('',#1367);
#1367 = CARTESIAN_POINT('',(0.755,0.4,4.5E-02));
#1368 = LINE('',#1369,#1370);
#1369 = CARTESIAN_POINT('',(0.755,0.4,4.5E-02));
#1370 = VECTOR('',#1371,1.);
#1371 = DIRECTION('',(0.,0.,1.));
#1372 = ORIENTED_EDGE('',*,*,#1373,.F.);
#1373 = EDGE_CURVE('',#1374,#1366,#1376,.T.);
#1374 = VERTEX_POINT('',#1375);
#1375 = CARTESIAN_POINT('',(0.5,0.4,4.5E-02));
#1376 = LINE('',#1377,#1378);
#1377 = CARTESIAN_POINT('',(-0.755,0.4,4.5E-02));
#1378 = VECTOR('',#1379,1.);
#1379 = DIRECTION('',(1.,0.,0.));
#1380 = ORIENTED_EDGE('',*,*,#1381,.F.);
#1381 = EDGE_CURVE('',#1207,#1374,#1382,.T.);
#1382 = LINE('',#1383,#1384);
#1383 = CARTESIAN_POINT('',(-0.755,0.4,4.5E-02));
#1384 = VECTOR('',#1385,1.);
#1385 = DIRECTION('',(1.,0.,0.));
#1386 = PLANE('',#1387);
#1387 = AXIS2_PLACEMENT_3D('',#1388,#1389,#1390);
#1388 = CARTESIAN_POINT('',(-0.755,0.4,4.5E-02));
#1389 = DIRECTION('',(0.,1.,0.));
#1390 = DIRECTION('',(0.,-0.,1.));
#1391 = ADVANCED_FACE('',(#1392),#1403,.F.);
#1392 = FACE_BOUND('',#1393,.F.);
#1393 = EDGE_LOOP('',(#1394,#1395,#1396,#1402));
#1394 = ORIENTED_EDGE('',*,*,#1249,.F.);
#1395 = ORIENTED_EDGE('',*,*,#1298,.T.);
#1396 = ORIENTED_EDGE('',*,*,#1397,.T.);
#1397 = EDGE_CURVE('',#1291,#1374,#1398,.T.);
#1398 = LINE('',#1399,#1400);
#1399 = CARTESIAN_POINT('',(0.5,-0.4,4.5E-02));
#1400 = VECTOR('',#1401,1.);
#1401 = DIRECTION('',(0.,1.,0.));
#1402 = ORIENTED_EDGE('',*,*,#1381,.F.);
#1403 = PLANE('',#1404);
#1404 = AXIS2_PLACEMENT_3D('',#1405,#1406,#1407);
#1405 = CARTESIAN_POINT('',(-0.755,-0.4,4.5E-02));
#1406 = DIRECTION('',(0.,0.,1.));
#1407 = DIRECTION('',(1.,0.,-0.));
#1408 = ADVANCED_FACE('',(#1409),#1472,.F.);
#1409 = FACE_BOUND('',#1410,.F.);
#1410 = EDGE_LOOP('',(#1411,#1421,#1428,#1429,#1430,#1431,#1440,#1448,
    #1457,#1465));
#1411 = ORIENTED_EDGE('',*,*,#1412,.F.);
#1412 = EDGE_CURVE('',#1413,#1415,#1417,.T.);
#1413 = VERTEX_POINT('',#1414);
#1414 = CARTESIAN_POINT('',(0.545,-0.4,-2.775557561563E-17));
#1415 = VERTEX_POINT('',#1416);
#1416 = CARTESIAN_POINT('',(0.755,-0.4,-2.775557561563E-17));
#1417 = LINE('',#1418,#1419);
#1418 = CARTESIAN_POINT('',(0.5,-0.4,0.));
#1419 = VECTOR('',#1420,1.);
#1420 = DIRECTION('',(1.,0.,0.));
#1421 = ORIENTED_EDGE('',*,*,#1422,.F.);
#1422 = EDGE_CURVE('',#1291,#1413,#1423,.T.);
#1423 = CIRCLE('',#1424,4.5E-02);
#1424 = AXIS2_PLACEMENT_3D('',#1425,#1426,#1427);
#1425 = CARTESIAN_POINT('',(0.545,-0.4,4.5E-02));
#1426 = DIRECTION('',(0.,-1.,0.));
#1427 = DIRECTION('',(0.,0.,1.));
#1428 = ORIENTED_EDGE('',*,*,#1290,.T.);
#1429 = ORIENTED_EDGE('',*,*,#1282,.T.);
#1430 = ORIENTED_EDGE('',*,*,#1274,.F.);
#1431 = ORIENTED_EDGE('',*,*,#1432,.T.);
#1432 = EDGE_CURVE('',#1267,#1433,#1435,.T.);
#1433 = VERTEX_POINT('',#1434);
#1434 = CARTESIAN_POINT('',(0.545,-0.4,0.45));
#1435 = CIRCLE('',#1436,4.5E-02);
#1436 = AXIS2_PLACEMENT_3D('',#1437,#1438,#1439);
#1437 = CARTESIAN_POINT('',(0.545,-0.4,0.405));
#1438 = DIRECTION('',(0.,1.,0.));
#1439 = DIRECTION('',(0.,-0.,1.));
#1440 = ORIENTED_EDGE('',*,*,#1441,.T.);
#1441 = EDGE_CURVE('',#1433,#1442,#1444,.T.);
#1442 = VERTEX_POINT('',#1443);
#1443 = CARTESIAN_POINT('',(0.755,-0.4,0.45));
#1444 = LINE('',#1445,#1446);
#1445 = CARTESIAN_POINT('',(0.5,-0.4,0.45));
#1446 = VECTOR('',#1447,1.);
#1447 = DIRECTION('',(1.,0.,0.));
#1448 = ORIENTED_EDGE('',*,*,#1449,.F.);
#1449 = EDGE_CURVE('',#1450,#1442,#1452,.T.);
#1450 = VERTEX_POINT('',#1451);
#1451 = CARTESIAN_POINT('',(0.8,-0.4,0.405));
#1452 = CIRCLE('',#1453,4.5E-02);
#1453 = AXIS2_PLACEMENT_3D('',#1454,#1455,#1456);
#1454 = CARTESIAN_POINT('',(0.755,-0.4,0.405));
#1455 = DIRECTION('',(0.,-1.,0.));
#1456 = DIRECTION('',(0.,0.,1.));
#1457 = ORIENTED_EDGE('',*,*,#1458,.F.);
#1458 = EDGE_CURVE('',#1459,#1450,#1461,.T.);
#1459 = VERTEX_POINT('',#1460);
#1460 = CARTESIAN_POINT('',(0.8,-0.4,4.5E-02));
#1461 = LINE('',#1462,#1463);
#1462 = CARTESIAN_POINT('',(0.8,-0.4,0.));
#1463 = VECTOR('',#1464,1.);
#1464 = DIRECTION('',(0.,0.,1.));
#1465 = ORIENTED_EDGE('',*,*,#1466,.T.);
#1466 = EDGE_CURVE('',#1459,#1415,#1467,.T.);
#1467 = CIRCLE('',#1468,4.5E-02);
#1468 = AXIS2_PLACEMENT_3D('',#1469,#1470,#1471);
#1469 = CARTESIAN_POINT('',(0.755,-0.4,4.5E-02));
#1470 = DIRECTION('',(0.,1.,0.));
#1471 = DIRECTION('',(0.,-0.,1.));
#1472 = PLANE('',#1473);
#1473 = AXIS2_PLACEMENT_3D('',#1474,#1475,#1476);
#1474 = CARTESIAN_POINT('',(0.5,-0.4,0.));
#1475 = DIRECTION('',(0.,1.,0.));
#1476 = DIRECTION('',(0.,-0.,1.));
#1477 = ADVANCED_FACE('',(#1478),#1503,.F.);
#1478 = FACE_BOUND('',#1479,.F.);
#1479 = EDGE_LOOP('',(#1480,#1481,#1489,#1497));
#1480 = ORIENTED_EDGE('',*,*,#1266,.F.);
#1481 = ORIENTED_EDGE('',*,*,#1482,.T.);
#1482 = EDGE_CURVE('',#1065,#1483,#1485,.T.);
#1483 = VERTEX_POINT('',#1484);
#1484 = CARTESIAN_POINT('',(-0.5,-0.4,0.45));
#1485 = LINE('',#1486,#1487);
#1486 = CARTESIAN_POINT('',(-0.5,-0.4,0.405));
#1487 = VECTOR('',#1488,1.);
#1488 = DIRECTION('',(0.,0.,1.));
#1489 = ORIENTED_EDGE('',*,*,#1490,.T.);
#1490 = EDGE_CURVE('',#1483,#1491,#1493,.T.);
#1491 = VERTEX_POINT('',#1492);
#1492 = CARTESIAN_POINT('',(0.5,-0.4,0.45));
#1493 = LINE('',#1494,#1495);
#1494 = CARTESIAN_POINT('',(-0.5,-0.4,0.45));
#1495 = VECTOR('',#1496,1.);
#1496 = DIRECTION('',(1.,0.,0.));
#1497 = ORIENTED_EDGE('',*,*,#1498,.F.);
#1498 = EDGE_CURVE('',#1267,#1491,#1499,.T.);
#1499 = LINE('',#1500,#1501);
#1500 = CARTESIAN_POINT('',(0.5,-0.4,0.405));
#1501 = VECTOR('',#1502,1.);
#1502 = DIRECTION('',(0.,0.,1.));
#1503 = PLANE('',#1504);
#1504 = AXIS2_PLACEMENT_3D('',#1505,#1506,#1507);
#1505 = CARTESIAN_POINT('',(-0.5,-0.4,0.405));
#1506 = DIRECTION('',(0.,1.,0.));
#1507 = DIRECTION('',(0.,-0.,1.));
#1508 = ADVANCED_FACE('',(#1509),#1527,.F.);
#1509 = FACE_BOUND('',#1510,.F.);
#1510 = EDGE_LOOP('',(#1511,#1512,#1513,#1521));
#1511 = ORIENTED_EDGE('',*,*,#1482,.F.);
#1512 = ORIENTED_EDGE('',*,*,#1329,.T.);
#1513 = ORIENTED_EDGE('',*,*,#1514,.T.);
#1514 = EDGE_CURVE('',#1182,#1515,#1517,.T.);
#1515 = VERTEX_POINT('',#1516);
#1516 = CARTESIAN_POINT('',(-0.5,0.4,0.45));
#1517 = LINE('',#1518,#1519);
#1518 = CARTESIAN_POINT('',(-0.5,0.4,0.405));
#1519 = VECTOR('',#1520,1.);
#1520 = DIRECTION('',(0.,0.,1.));
#1521 = ORIENTED_EDGE('',*,*,#1522,.F.);
#1522 = EDGE_CURVE('',#1483,#1515,#1523,.T.);
#1523 = LINE('',#1524,#1525);
#1524 = CARTESIAN_POINT('',(-0.5,-0.4,0.45));
#1525 = VECTOR('',#1526,1.);
#1526 = DIRECTION('',(0.,1.,0.));
#1527 = PLANE('',#1528);
#1528 = AXIS2_PLACEMENT_3D('',#1529,#1530,#1531);
#1529 = CARTESIAN_POINT('',(-0.5,-0.4,0.405));
#1530 = DIRECTION('',(1.,0.,0.));
#1531 = DIRECTION('',(0.,0.,1.));
#1532 = ADVANCED_FACE('',(#1533),#1596,.T.);
#1533 = FACE_BOUND('',#1534,.T.);
#1534 = EDGE_LOOP('',(#1535,#1545,#1552,#1553,#1554,#1555,#1564,#1572,
    #1581,#1589));
#1535 = ORIENTED_EDGE('',*,*,#1536,.F.);
#1536 = EDGE_CURVE('',#1537,#1539,#1541,.T.);
#1537 = VERTEX_POINT('',#1538);
#1538 = CARTESIAN_POINT('',(0.545,0.4,-2.775557561563E-17));
#1539 = VERTEX_POINT('',#1540);
#1540 = CARTESIAN_POINT('',(0.755,0.4,-2.775557561563E-17));
#1541 = LINE('',#1542,#1543);
#1542 = CARTESIAN_POINT('',(0.5,0.4,0.));
#1543 = VECTOR('',#1544,1.);
#1544 = DIRECTION('',(1.,0.,0.));
#1545 = ORIENTED_EDGE('',*,*,#1546,.F.);
#1546 = EDGE_CURVE('',#1374,#1537,#1547,.T.);
#1547 = CIRCLE('',#1548,4.5E-02);
#1548 = AXIS2_PLACEMENT_3D('',#1549,#1550,#1551);
#1549 = CARTESIAN_POINT('',(0.545,0.4,4.5E-02));
#1550 = DIRECTION('',(0.,-1.,0.));
#1551 = DIRECTION('',(0.,0.,1.));
#1552 = ORIENTED_EDGE('',*,*,#1373,.T.);
#1553 = ORIENTED_EDGE('',*,*,#1365,.T.);
#1554 = ORIENTED_EDGE('',*,*,#1357,.F.);
#1555 = ORIENTED_EDGE('',*,*,#1556,.T.);
#1556 = EDGE_CURVE('',#1350,#1557,#1559,.T.);
#1557 = VERTEX_POINT('',#1558);
#1558 = CARTESIAN_POINT('',(0.545,0.4,0.45));
#1559 = CIRCLE('',#1560,4.5E-02);
#1560 = AXIS2_PLACEMENT_3D('',#1561,#1562,#1563);
#1561 = CARTESIAN_POINT('',(0.545,0.4,0.405));
#1562 = DIRECTION('',(0.,1.,0.));
#1563 = DIRECTION('',(0.,-0.,1.));
#1564 = ORIENTED_EDGE('',*,*,#1565,.T.);
#1565 = EDGE_CURVE('',#1557,#1566,#1568,.T.);
#1566 = VERTEX_POINT('',#1567);
#1567 = CARTESIAN_POINT('',(0.755,0.4,0.45));
#1568 = LINE('',#1569,#1570);
#1569 = CARTESIAN_POINT('',(0.5,0.4,0.45));
#1570 = VECTOR('',#1571,1.);
#1571 = DIRECTION('',(1.,0.,0.));
#1572 = ORIENTED_EDGE('',*,*,#1573,.F.);
#1573 = EDGE_CURVE('',#1574,#1566,#1576,.T.);
#1574 = VERTEX_POINT('',#1575);
#1575 = CARTESIAN_POINT('',(0.8,0.4,0.405));
#1576 = CIRCLE('',#1577,4.5E-02);
#1577 = AXIS2_PLACEMENT_3D('',#1578,#1579,#1580);
#1578 = CARTESIAN_POINT('',(0.755,0.4,0.405));
#1579 = DIRECTION('',(0.,-1.,0.));
#1580 = DIRECTION('',(0.,0.,1.));
#1581 = ORIENTED_EDGE('',*,*,#1582,.F.);
#1582 = EDGE_CURVE('',#1583,#1574,#1585,.T.);
#1583 = VERTEX_POINT('',#1584);
#1584 = CARTESIAN_POINT('',(0.8,0.4,4.5E-02));
#1585 = LINE('',#1586,#1587);
#1586 = CARTESIAN_POINT('',(0.8,0.4,0.));
#1587 = VECTOR('',#1588,1.);
#1588 = DIRECTION('',(0.,0.,1.));
#1589 = ORIENTED_EDGE('',*,*,#1590,.T.);
#1590 = EDGE_CURVE('',#1583,#1539,#1591,.T.);
#1591 = CIRCLE('',#1592,4.5E-02);
#1592 = AXIS2_PLACEMENT_3D('',#1593,#1594,#1595);
#1593 = CARTESIAN_POINT('',(0.755,0.4,4.5E-02));
#1594 = DIRECTION('',(0.,1.,0.));
#1595 = DIRECTION('',(0.,-0.,1.));
#1596 = PLANE('',#1597);
#1597 = AXIS2_PLACEMENT_3D('',#1598,#1599,#1600);
#1598 = CARTESIAN_POINT('',(0.5,0.4,0.));
#1599 = DIRECTION('',(0.,1.,0.));
#1600 = DIRECTION('',(0.,-0.,1.));
#1601 = ADVANCED_FACE('',(#1602),#1620,.T.);
#1602 = FACE_BOUND('',#1603,.T.);
#1603 = EDGE_LOOP('',(#1604,#1605,#1606,#1614));
#1604 = ORIENTED_EDGE('',*,*,#1349,.F.);
#1605 = ORIENTED_EDGE('',*,*,#1514,.T.);
#1606 = ORIENTED_EDGE('',*,*,#1607,.T.);
#1607 = EDGE_CURVE('',#1515,#1608,#1610,.T.);
#1608 = VERTEX_POINT('',#1609);
#1609 = CARTESIAN_POINT('',(0.5,0.4,0.45));
#1610 = LINE('',#1611,#1612);
#1611 = CARTESIAN_POINT('',(-0.5,0.4,0.45));
#1612 = VECTOR('',#1613,1.);
#1613 = DIRECTION('',(1.,0.,0.));
#1614 = ORIENTED_EDGE('',*,*,#1615,.F.);
#1615 = EDGE_CURVE('',#1350,#1608,#1616,.T.);
#1616 = LINE('',#1617,#1618);
#1617 = CARTESIAN_POINT('',(0.5,0.4,0.405));
#1618 = VECTOR('',#1619,1.);
#1619 = DIRECTION('',(0.,0.,1.));
#1620 = PLANE('',#1621);
#1621 = AXIS2_PLACEMENT_3D('',#1622,#1623,#1624);
#1622 = CARTESIAN_POINT('',(-0.5,0.4,0.405));
#1623 = DIRECTION('',(0.,1.,0.));
#1624 = DIRECTION('',(0.,-0.,1.));
#1625 = ADVANCED_FACE('',(#1626),#1637,.T.);
#1626 = FACE_BOUND('',#1627,.T.);
#1627 = EDGE_LOOP('',(#1628,#1629,#1630,#1636));
#1628 = ORIENTED_EDGE('',*,*,#1397,.T.);
#1629 = ORIENTED_EDGE('',*,*,#1546,.T.);
#1630 = ORIENTED_EDGE('',*,*,#1631,.F.);
#1631 = EDGE_CURVE('',#1413,#1537,#1632,.T.);
#1632 = LINE('',#1633,#1634);
#1633 = CARTESIAN_POINT('',(0.545,-0.4,-2.775557561563E-17));
#1634 = VECTOR('',#1635,1.);
#1635 = DIRECTION('',(0.,1.,0.));
#1636 = ORIENTED_EDGE('',*,*,#1422,.F.);
#1637 = CYLINDRICAL_SURFACE('',#1638,4.5E-02);
#1638 = AXIS2_PLACEMENT_3D('',#1639,#1640,#1641);
#1639 = CARTESIAN_POINT('',(0.545,-0.4,4.5E-02));
#1640 = DIRECTION('',(0.,1.,0.));
#1641 = DIRECTION('',(-1.,0.,0.));
#1642 = ADVANCED_FACE('',(#1643),#1654,.F.);
#1643 = FACE_BOUND('',#1644,.F.);
#1644 = EDGE_LOOP('',(#1645,#1646,#1647,#1648));
#1645 = ORIENTED_EDGE('',*,*,#1536,.F.);
#1646 = ORIENTED_EDGE('',*,*,#1631,.F.);
#1647 = ORIENTED_EDGE('',*,*,#1412,.T.);
#1648 = ORIENTED_EDGE('',*,*,#1649,.T.);
#1649 = EDGE_CURVE('',#1415,#1539,#1650,.T.);
#1650 = LINE('',#1651,#1652);
#1651 = CARTESIAN_POINT('',(0.755,-0.4,-2.775557561563E-17));
#1652 = VECTOR('',#1653,1.);
#1653 = DIRECTION('',(0.,1.,0.));
#1654 = PLANE('',#1655);
#1655 = AXIS2_PLACEMENT_3D('',#1656,#1657,#1658);
#1656 = CARTESIAN_POINT('',(0.5,-0.4,0.));
#1657 = DIRECTION('',(0.,0.,1.));
#1658 = DIRECTION('',(1.,0.,-0.));
#1659 = ADVANCED_FACE('',(#1660),#1671,.T.);
#1660 = FACE_BOUND('',#1661,.T.);
#1661 = EDGE_LOOP('',(#1662,#1663,#1664,#1665));
#1662 = ORIENTED_EDGE('',*,*,#1466,.T.);
#1663 = ORIENTED_EDGE('',*,*,#1649,.T.);
#1664 = ORIENTED_EDGE('',*,*,#1590,.F.);
#1665 = ORIENTED_EDGE('',*,*,#1666,.F.);
#1666 = EDGE_CURVE('',#1459,#1583,#1667,.T.);
#1667 = LINE('',#1668,#1669);
#1668 = CARTESIAN_POINT('',(0.8,-0.4,4.5E-02));
#1669 = VECTOR('',#1670,1.);
#1670 = DIRECTION('',(0.,1.,0.));
#1671 = CYLINDRICAL_SURFACE('',#1672,4.5E-02);
#1672 = AXIS2_PLACEMENT_3D('',#1673,#1674,#1675);
#1673 = CARTESIAN_POINT('',(0.755,-0.4,4.5E-02));
#1674 = DIRECTION('',(0.,1.,0.));
#1675 = DIRECTION('',(1.,0.,0.));
#1676 = ADVANCED_FACE('',(#1677),#1688,.T.);
#1677 = FACE_BOUND('',#1678,.T.);
#1678 = EDGE_LOOP('',(#1679,#1680,#1681,#1682));
#1679 = ORIENTED_EDGE('',*,*,#1458,.F.);
#1680 = ORIENTED_EDGE('',*,*,#1666,.T.);
#1681 = ORIENTED_EDGE('',*,*,#1582,.T.);
#1682 = ORIENTED_EDGE('',*,*,#1683,.F.);
#1683 = EDGE_CURVE('',#1450,#1574,#1684,.T.);
#1684 = LINE('',#1685,#1686);
#1685 = CARTESIAN_POINT('',(0.8,-0.4,0.405));
#1686 = VECTOR('',#1687,1.);
#1687 = DIRECTION('',(0.,1.,0.));
#1688 = PLANE('',#1689);
#1689 = AXIS2_PLACEMENT_3D('',#1690,#1691,#1692);
#1690 = CARTESIAN_POINT('',(0.8,-0.4,0.));
#1691 = DIRECTION('',(1.,0.,0.));
#1692 = DIRECTION('',(0.,0.,1.));
#1693 = ADVANCED_FACE('',(#1694),#1705,.T.);
#1694 = FACE_BOUND('',#1695,.T.);
#1695 = EDGE_LOOP('',(#1696,#1697,#1698,#1704));
#1696 = ORIENTED_EDGE('',*,*,#1683,.T.);
#1697 = ORIENTED_EDGE('',*,*,#1573,.T.);
#1698 = ORIENTED_EDGE('',*,*,#1699,.F.);
#1699 = EDGE_CURVE('',#1442,#1566,#1700,.T.);
#1700 = LINE('',#1701,#1702);
#1701 = CARTESIAN_POINT('',(0.755,-0.4,0.45));
#1702 = VECTOR('',#1703,1.);
#1703 = DIRECTION('',(0.,1.,0.));
#1704 = ORIENTED_EDGE('',*,*,#1449,.F.);
#1705 = CYLINDRICAL_SURFACE('',#1706,4.5E-02);
#1706 = AXIS2_PLACEMENT_3D('',#1707,#1708,#1709);
#1707 = CARTESIAN_POINT('',(0.755,-0.4,0.405));
#1708 = DIRECTION('',(0.,1.,0.));
#1709 = DIRECTION('',(1.,0.,0.));
#1710 = ADVANCED_FACE('',(#1711),#1722,.T.);
#1711 = FACE_BOUND('',#1712,.T.);
#1712 = EDGE_LOOP('',(#1713,#1714,#1720,#1721));
#1713 = ORIENTED_EDGE('',*,*,#1565,.F.);
#1714 = ORIENTED_EDGE('',*,*,#1715,.F.);
#1715 = EDGE_CURVE('',#1433,#1557,#1716,.T.);
#1716 = LINE('',#1717,#1718);
#1717 = CARTESIAN_POINT('',(0.545,-0.4,0.45));
#1718 = VECTOR('',#1719,1.);
#1719 = DIRECTION('',(0.,1.,0.));
#1720 = ORIENTED_EDGE('',*,*,#1441,.T.);
#1721 = ORIENTED_EDGE('',*,*,#1699,.T.);
#1722 = PLANE('',#1723);
#1723 = AXIS2_PLACEMENT_3D('',#1724,#1725,#1726);
#1724 = CARTESIAN_POINT('',(0.5,-0.4,0.45));
#1725 = DIRECTION('',(0.,0.,1.));
#1726 = DIRECTION('',(1.,0.,-0.));
#1727 = ADVANCED_FACE('',(#1728),#1739,.T.);
#1728 = FACE_BOUND('',#1729,.T.);
#1729 = EDGE_LOOP('',(#1730,#1731,#1732,#1733));
#1730 = ORIENTED_EDGE('',*,*,#1432,.T.);
#1731 = ORIENTED_EDGE('',*,*,#1715,.T.);
#1732 = ORIENTED_EDGE('',*,*,#1556,.F.);
#1733 = ORIENTED_EDGE('',*,*,#1734,.F.);
#1734 = EDGE_CURVE('',#1267,#1350,#1735,.T.);
#1735 = LINE('',#1736,#1737);
#1736 = CARTESIAN_POINT('',(0.5,-0.4,0.405));
#1737 = VECTOR('',#1738,1.);
#1738 = DIRECTION('',(0.,1.,0.));
#1739 = CYLINDRICAL_SURFACE('',#1740,4.5E-02);
#1740 = AXIS2_PLACEMENT_3D('',#1741,#1742,#1743);
#1741 = CARTESIAN_POINT('',(0.545,-0.4,0.405));
#1742 = DIRECTION('',(0.,1.,0.));
#1743 = DIRECTION('',(-1.,0.,0.));
#1744 = ADVANCED_FACE('',(#1745),#1756,.T.);
#1745 = FACE_BOUND('',#1746,.T.);
#1746 = EDGE_LOOP('',(#1747,#1748,#1749,#1750));
#1747 = ORIENTED_EDGE('',*,*,#1498,.F.);
#1748 = ORIENTED_EDGE('',*,*,#1734,.T.);
#1749 = ORIENTED_EDGE('',*,*,#1615,.T.);
#1750 = ORIENTED_EDGE('',*,*,#1751,.F.);
#1751 = EDGE_CURVE('',#1491,#1608,#1752,.T.);
#1752 = LINE('',#1753,#1754);
#1753 = CARTESIAN_POINT('',(0.5,-0.4,0.45));
#1754 = VECTOR('',#1755,1.);
#1755 = DIRECTION('',(0.,1.,0.));
#1756 = PLANE('',#1757);
#1757 = AXIS2_PLACEMENT_3D('',#1758,#1759,#1760);
#1758 = CARTESIAN_POINT('',(0.5,-0.4,0.405));
#1759 = DIRECTION('',(1.,0.,0.));
#1760 = DIRECTION('',(0.,0.,1.));
#1761 = ADVANCED_FACE('',(#1762),#1768,.T.);
#1762 = FACE_BOUND('',#1763,.T.);
#1763 = EDGE_LOOP('',(#1764,#1765,#1766,#1767));
#1764 = ORIENTED_EDGE('',*,*,#1522,.F.);
#1765 = ORIENTED_EDGE('',*,*,#1490,.T.);
#1766 = ORIENTED_EDGE('',*,*,#1751,.T.);
#1767 = ORIENTED_EDGE('',*,*,#1607,.F.);
#1768 = PLANE('',#1769);
#1769 = AXIS2_PLACEMENT_3D('',#1770,#1771,#1772);
#1770 = CARTESIAN_POINT('',(-0.5,-0.4,0.45));
#1771 = DIRECTION('',(0.,0.,1.));
#1772 = DIRECTION('',(1.,0.,-0.));
#1773 = ( GEOMETRIC_REPRESENTATION_CONTEXT(3) 
GLOBAL_UNCERTAINTY_ASSIGNED_CONTEXT((#1777)) 
GLOBAL_UNIT_ASSIGNED_CONTEXT((#1774,#1775,#1776)) REPRESENTATION_CONTEXT
('Context #1','3D Context with UNIT and UNCERTAINTY') );
#1774 = ( LENGTH_UNIT() NAMED_UNIT(*) SI_UNIT(.MILLI.,.METRE.) );
#1775 = ( NAMED_UNIT(*) PLANE_ANGLE_UNIT() SI_UNIT($,.RADIAN.) );
#1776 = ( NAMED_UNIT(*) SI_UNIT($,.STERADIAN.) SOLID_ANGLE_UNIT() );
#1777 = UNCERTAINTY_MEASURE_WITH_UNIT(LENGTH_MEASURE(1.E-07),#1774,
  'distance_accuracy_value','confusion accuracy');
#1778 = CONTEXT_DEPENDENT_SHAPE_REPRESENTATION(#1779,#1781);
#1779 = ( REPRESENTATION_RELATIONSHIP('','',#982,#959) 
REPRESENTATION_RELATIONSHIP_WITH_TRANSFORMATION(#1780) 
SHAPE_REPRESENTATION_RELATIONSHIP() );
#1780 = ITEM_DEFINED_TRANSFORMATION('','',#11,#960);
#1781 = PRODUCT_DEFINITION_SHAPE('Placement','Placement of an item',
  #1782);
#1782 = NEXT_ASSEMBLY_USAGE_OCCURRENCE('21','=>[0:1:1:7]','',#954,#977,$
  );
#1783 = PRODUCT_RELATED_PRODUCT_CATEGORY('part',$,(#979));
#1784 = CONTEXT_DEPENDENT_SHAPE_REPRESENTATION(#1785,#1787);
#1785 = ( REPRESENTATION_RELATIONSHIP('','',#959,#10) 
REPRESENTATION_RELATIONSHIP_WITH_TRANSFORMATION(#1786) 
SHAPE_REPRESENTATION_RELATIONSHIP() );
#1786 = ITEM_DEFINED_TRANSFORMATION('','',#11,#91);
#1787 = PRODUCT_DEFINITION_SHAPE('Placement','Placement of an item',
  #1788);
#1788 = NEXT_ASSEMBLY_USAGE_OCCURRENCE('23','R8','',#5,#954,$);
#1789 = CONTEXT_DEPENDENT_SHAPE_REPRESENTATION(#1790,#1792);
#1790 = ( REPRESENTATION_RELATIONSHIP('','',#959,#10) 
REPRESENTATION_RELATIONSHIP_WITH_TRANSFORMATION(#1791) 
SHAPE_REPRESENTATION_RELATIONSHIP() );
#1791 = ITEM_DEFINED_TRANSFORMATION('','',#11,#95);
#1792 = PRODUCT_DEFINITION_SHAPE('Placement','Placement of an item',
  #1793);
#1793 = NEXT_ASSEMBLY_USAGE_OCCURRENCE('24','R5','',#5,#954,$);
#1794 = CONTEXT_DEPENDENT_SHAPE_REPRESENTATION(#1795,#1797);
#1795 = ( REPRESENTATION_RELATIONSHIP('','',#959,#10) 
REPRESENTATION_RELATIONSHIP_WITH_TRANSFORMATION(#1796) 
SHAPE_REPRESENTATION_RELATIONSHIP() );
#1796 = ITEM_DEFINED_TRANSFORMATION('','',#11,#99);
#1797 = PRODUCT_DEFINITION_SHAPE('Placement','Placement of an item',
  #1798);
#1798 = NEXT_ASSEMBLY_USAGE_OCCURRENCE('25','R4','',#5,#954,$);
#1799 = SHAPE_DEFINITION_REPRESENTATION(#1800,#1806);
#1800 = PRODUCT_DEFINITION_SHAPE('','',#1801);
#1801 = PRODUCT_DEFINITION('design','',#1802,#1805);
#1802 = PRODUCT_DEFINITION_FORMATION('','',#1803);
#1803 = PRODUCT('JST_XH_B5B-XH-A_1x05_P2.50mm_Vertical',
  'JST_XH_B5B-XH-A_1x05_P2.50mm_Vertical','',(#1804));
#1804 = PRODUCT_CONTEXT('',#2,'mechanical');
#1805 = PRODUCT_DEFINITION_CONTEXT('part definition',#2,'design');
#1806 = SHAPE_REPRESENTATION('',(#11,#1807),#1811);
#1807 = AXIS2_PLACEMENT_3D('',#1808,#1809,#1810);
#1808 = CARTESIAN_POINT('',(0.,0.,0.));
#1809 = DIRECTION('',(0.,0.,1.));
#1810 = DIRECTION('',(1.,0.,-0.));
#1811 = ( GEOMETRIC_REPRESENTATION_CONTEXT(3) 
GLOBAL_UNCERTAINTY_ASSIGNED_CONTEXT((#1815)) 
GLOBAL_UNIT_ASSIGNED_CONTEXT((#1812,#1813,#1814)) REPRESENTATION_CONTEXT
('Context #1','3D Context with UNIT and UNCERTAINTY') );
#1812 = ( LENGTH_UNIT() NAMED_UNIT(*) SI_UNIT(.MILLI.,.METRE.) );
#1813 = ( NAMED_UNIT(*) PLANE_ANGLE_UNIT() SI_UNIT($,.RADIAN.) );
#1814 = ( NAMED_UNIT(*) SI_UNIT($,.STERADIAN.) SOLID_ANGLE_UNIT() );
#1815 = UNCERTAINTY_MEASURE_WITH_UNIT(LENGTH_MEASURE(1.E-07),#1812,
  'distance_accuracy_value','confusion accuracy');
#1816 = CONTEXT_DEPENDENT_SHAPE_REPRESENTATION(#1817,#1819);
#1817 = ( REPRESENTATION_RELATIONSHIP('','',#1806,#10) 
REPRESENTATION_RELATIONSHIP_WITH_TRANSFORMATION(#1818) 
SHAPE_REPRESENTATION_RELATIONSHIP() );
#1818 = ITEM_DEFINED_TRANSFORMATION('','',#11,#103);
#1819 = PRODUCT_DEFINITION_SHAPE('Placement','Placement of an item',
  #1820);
#1820 = NEXT_ASSEMBLY_USAGE_OCCURRENCE('27','J1','',#5,#1801,$);
#1821 = PRODUCT_RELATED_PRODUCT_CATEGORY('part',$,(#1803));
#1822 = SHAPE_DEFINITION_REPRESENTATION(#1823,#1829);
#1823 = PRODUCT_DEFINITION_SHAPE('','',#1824);
#1824 = PRODUCT_DEFINITION('design','',#1825,#1828);
#1825 = PRODUCT_DEFINITION_FORMATION('','',#1826);
#1826 = PRODUCT('JST_B5B_XH_A','JST_B5B_XH_A','',(#1827));
#1827 = PRODUCT_CONTEXT('',#2,'mechanical');
#1828 = PRODUCT_DEFINITION_CONTEXT('part definition',#2,'design');
#1829 = ADVANCED_BREP_SHAPE_REPRESENTATION('',(#11,#1830),#6699);
#1830 = MANIFOLD_SOLID_BREP('',#1831);
#1831 = CLOSED_SHELL('',(#1832,#1904,#1943,#1967,#2032,#2056,#2240,#2264
    ,#2329,#2354,#2403,#2420,#2444,#2461,#2631,#2655,#2953,#2977,#3010,
    #3034,#3065,#3082,#3115,#3139,#3170,#3187,#3220,#3244,#3275,#3292,
    #3325,#3349,#3380,#3397,#3430,#3454,#3485,#3497,#3530,#3547,#3564,
    #3576,#3758,#3775,#3792,#3809,#3826,#3843,#3860,#3877,#3894,#3911,
    #3928,#3945,#3962,#3979,#3996,#4008,#4025,#4042,#4059,#4076,#4093,
    #4139,#4185,#4231,#4277,#4323,#4354,#4378,#4402,#4419,#4450,#4474,
    #4498,#4515,#4546,#4570,#4594,#4611,#4642,#4666,#4690,#4707,#4738,
    #4762,#4786,#4803,#4866,#4890,#4946,#4963,#4994,#5018,#5042,#5059,
    #5090,#5114,#5138,#5155,#5186,#5210,#5234,#5251,#5282,#5338,#5362,
    #5411,#5442,#5466,#5490,#5507,#5538,#5562,#5586,#5603,#5634,#5658,
    #5682,#5699,#5730,#5754,#5778,#5795,#5826,#5850,#5874,#5891,#5938,
    #5969,#5981,#5998,#6024,#6057,#6088,#6112,#6136,#6153,#6184,#6208,
    #6232,#6249,#6280,#6304,#6328,#6345,#6362,#6409,#6435,#6452,#6478,
    #6511,#6523,#6535,#6547,#6559,#6571,#6588,#6605,#6617,#6629,#6641,
    #6653,#6670,#6687));
#1832 = ADVANCED_FACE('',(#1833),#1899,.T.);
#1833 = FACE_BOUND('',#1834,.T.);
#1834 = EDGE_LOOP('',(#1835,#1845,#1853,#1861,#1869,#1877,#1885,#1893));
#1835 = ORIENTED_EDGE('',*,*,#1836,.T.);
#1836 = EDGE_CURVE('',#1837,#1839,#1841,.T.);
#1837 = VERTEX_POINT('',#1838);
#1838 = CARTESIAN_POINT('',(-1.8,0.5,7.));
#1839 = VERTEX_POINT('',#1840);
#1840 = CARTESIAN_POINT('',(-2.45,0.5,7.));
#1841 = LINE('',#1842,#1843);
#1842 = CARTESIAN_POINT('',(12.45,0.5,7.));
#1843 = VECTOR('',#1844,1.);
#1844 = DIRECTION('',(-1.,1.224646799147E-16,0.));
#1845 = ORIENTED_EDGE('',*,*,#1846,.T.);
#1846 = EDGE_CURVE('',#1839,#1847,#1849,.T.);
#1847 = VERTEX_POINT('',#1848);
#1848 = CARTESIAN_POINT('',(-2.45,-3.4,7.));
#1849 = LINE('',#1850,#1851);
#1850 = CARTESIAN_POINT('',(-2.45,2.35,7.));
#1851 = VECTOR('',#1852,1.);
#1852 = DIRECTION('',(-1.224646799147E-16,-1.,0.));
#1853 = ORIENTED_EDGE('',*,*,#1854,.T.);
#1854 = EDGE_CURVE('',#1847,#1855,#1857,.T.);
#1855 = VERTEX_POINT('',#1856);
#1856 = CARTESIAN_POINT('',(12.45,-3.4,7.));
#1857 = LINE('',#1858,#1859);
#1858 = CARTESIAN_POINT('',(-2.45,-3.4,7.));
#1859 = VECTOR('',#1860,1.);
#1860 = DIRECTION('',(1.,-1.224646799147E-16,0.));
#1861 = ORIENTED_EDGE('',*,*,#1862,.T.);
#1862 = EDGE_CURVE('',#1855,#1863,#1865,.T.);
#1863 = VERTEX_POINT('',#1864);
#1864 = CARTESIAN_POINT('',(12.45,0.5,7.));
#1865 = LINE('',#1866,#1867);
#1866 = CARTESIAN_POINT('',(12.45,-3.4,7.));
#1867 = VECTOR('',#1868,1.);
#1868 = DIRECTION('',(1.224646799147E-16,1.,0.));
#1869 = ORIENTED_EDGE('',*,*,#1870,.T.);
#1870 = EDGE_CURVE('',#1863,#1871,#1873,.T.);
#1871 = VERTEX_POINT('',#1872);
#1872 = CARTESIAN_POINT('',(11.8,0.5,7.));
#1873 = LINE('',#1874,#1875);
#1874 = CARTESIAN_POINT('',(12.45,0.5,7.));
#1875 = VECTOR('',#1876,1.);
#1876 = DIRECTION('',(-1.,1.224646799147E-16,0.));
#1877 = ORIENTED_EDGE('',*,*,#1878,.F.);
#1878 = EDGE_CURVE('',#1879,#1871,#1881,.T.);
#1879 = VERTEX_POINT('',#1880);
#1880 = CARTESIAN_POINT('',(11.8,-2.85,7.));
#1881 = LINE('',#1882,#1883);
#1882 = CARTESIAN_POINT('',(11.8,-2.65,7.));
#1883 = VECTOR('',#1884,1.);
#1884 = DIRECTION('',(1.224646799147E-16,1.,0.));
#1885 = ORIENTED_EDGE('',*,*,#1886,.F.);
#1886 = EDGE_CURVE('',#1887,#1879,#1889,.T.);
#1887 = VERTEX_POINT('',#1888);
#1888 = CARTESIAN_POINT('',(-1.8,-2.85,7.));
#1889 = LINE('',#1890,#1891);
#1890 = CARTESIAN_POINT('',(-1.6,-2.85,7.));
#1891 = VECTOR('',#1892,1.);
#1892 = DIRECTION('',(1.,-1.224646799147E-16,0.));
#1893 = ORIENTED_EDGE('',*,*,#1894,.F.);
#1894 = EDGE_CURVE('',#1837,#1887,#1895,.T.);
#1895 = LINE('',#1896,#1897);
#1896 = CARTESIAN_POINT('',(-1.8,0.5,7.));
#1897 = VECTOR('',#1898,1.);
#1898 = DIRECTION('',(-1.224646799147E-16,-1.,0.));
#1899 = PLANE('',#1900);
#1900 = AXIS2_PLACEMENT_3D('',#1901,#1902,#1903);
#1901 = CARTESIAN_POINT('',(5.,-0.525,7.));
#1902 = DIRECTION('',(0.,0.,1.));
#1903 = DIRECTION('',(-1.,1.224646799147E-16,0.));
#1904 = ADVANCED_FACE('',(#1905),#1938,.T.);
#1905 = FACE_BOUND('',#1906,.T.);
#1906 = EDGE_LOOP('',(#1907,#1917,#1925,#1931,#1932));
#1907 = ORIENTED_EDGE('',*,*,#1908,.T.);
#1908 = EDGE_CURVE('',#1909,#1911,#1913,.T.);
#1909 = VERTEX_POINT('',#1910);
#1910 = CARTESIAN_POINT('',(-1.6,0.5,6.8));
#1911 = VERTEX_POINT('',#1912);
#1912 = CARTESIAN_POINT('',(-1.6,0.5,3.65));
#1913 = LINE('',#1914,#1915);
#1914 = CARTESIAN_POINT('',(-1.6,0.5,5.325));
#1915 = VECTOR('',#1916,1.);
#1916 = DIRECTION('',(-0.,0.,-1.));
#1917 = ORIENTED_EDGE('',*,*,#1918,.T.);
#1918 = EDGE_CURVE('',#1911,#1919,#1921,.T.);
#1919 = VERTEX_POINT('',#1920);
#1920 = CARTESIAN_POINT('',(-2.45,0.5,3.65));
#1921 = LINE('',#1922,#1923);
#1922 = CARTESIAN_POINT('',(12.45,0.5,3.65));
#1923 = VECTOR('',#1924,1.);
#1924 = DIRECTION('',(-1.,1.224646799147E-16,0.));
#1925 = ORIENTED_EDGE('',*,*,#1926,.T.);
#1926 = EDGE_CURVE('',#1919,#1839,#1927,.T.);
#1927 = LINE('',#1928,#1929);
#1928 = CARTESIAN_POINT('',(-2.45,0.5,1.825));
#1929 = VECTOR('',#1930,1.);
#1930 = DIRECTION('',(0.,0.,1.));
#1931 = ORIENTED_EDGE('',*,*,#1836,.F.);
#1932 = ORIENTED_EDGE('',*,*,#1933,.T.);
#1933 = EDGE_CURVE('',#1837,#1909,#1934,.T.);
#1934 = LINE('',#1935,#1936);
#1935 = CARTESIAN_POINT('',(2.65,0.5,2.55));
#1936 = VECTOR('',#1937,1.);
#1937 = DIRECTION('',(0.707106781187,-8.659560562349E-17,-0.707106781187
    ));
#1938 = PLANE('',#1939);
#1939 = AXIS2_PLACEMENT_3D('',#1940,#1941,#1942);
#1940 = CARTESIAN_POINT('',(12.45,0.5,3.65));
#1941 = DIRECTION('',(1.224646799147E-16,1.,0.));
#1942 = DIRECTION('',(0.,-0.,1.));
#1943 = ADVANCED_FACE('',(#1944),#1962,.F.);
#1944 = FACE_BOUND('',#1945,.T.);
#1945 = EDGE_LOOP('',(#1946,#1947,#1948,#1956));
#1946 = ORIENTED_EDGE('',*,*,#1933,.F.);
#1947 = ORIENTED_EDGE('',*,*,#1894,.T.);
#1948 = ORIENTED_EDGE('',*,*,#1949,.T.);
#1949 = EDGE_CURVE('',#1887,#1950,#1952,.T.);
#1950 = VERTEX_POINT('',#1951);
#1951 = CARTESIAN_POINT('',(-1.6,-2.65,6.8));
#1952 = LINE('',#1953,#1954);
#1953 = CARTESIAN_POINT('',(-1.141666666667,-2.191666666667,
    6.341666666667));
#1954 = VECTOR('',#1955,1.);
#1955 = DIRECTION('',(0.57735026919,0.57735026919,-0.57735026919));
#1956 = ORIENTED_EDGE('',*,*,#1957,.F.);
#1957 = EDGE_CURVE('',#1909,#1950,#1958,.T.);
#1958 = LINE('',#1959,#1960);
#1959 = CARTESIAN_POINT('',(-1.6,0.5,6.8));
#1960 = VECTOR('',#1961,1.);
#1961 = DIRECTION('',(-1.224646799147E-16,-1.,0.));
#1962 = PLANE('',#1963);
#1963 = AXIS2_PLACEMENT_3D('',#1964,#1965,#1966);
#1964 = CARTESIAN_POINT('',(-1.7,0.5,6.9));
#1965 = DIRECTION('',(-0.707106781187,8.659560562349E-17,-0.707106781187
    ));
#1966 = DIRECTION('',(1.224646799147E-16,1.,-2.105272540809E-29));
#1967 = ADVANCED_FACE('',(#1968),#2027,.F.);
#1968 = FACE_BOUND('',#1969,.F.);
#1969 = EDGE_LOOP('',(#1970,#1980,#1988,#1996,#2004,#2013,#2019,#2020,
    #2021));
#1970 = ORIENTED_EDGE('',*,*,#1971,.F.);
#1971 = EDGE_CURVE('',#1972,#1974,#1976,.T.);
#1972 = VERTEX_POINT('',#1973);
#1973 = CARTESIAN_POINT('',(-2.45,2.35,0.));
#1974 = VERTEX_POINT('',#1975);
#1975 = CARTESIAN_POINT('',(-2.45,-3.4,0.));
#1976 = LINE('',#1977,#1978);
#1977 = CARTESIAN_POINT('',(-2.45,2.35,0.));
#1978 = VECTOR('',#1979,1.);
#1979 = DIRECTION('',(-1.224646799147E-16,-1.,0.));
#1980 = ORIENTED_EDGE('',*,*,#1981,.T.);
#1981 = EDGE_CURVE('',#1972,#1982,#1984,.T.);
#1982 = VERTEX_POINT('',#1983);
#1983 = CARTESIAN_POINT('',(-2.45,2.35,7.));
#1984 = LINE('',#1985,#1986);
#1985 = CARTESIAN_POINT('',(-2.45,2.35,0.));
#1986 = VECTOR('',#1987,1.);
#1987 = DIRECTION('',(0.,0.,1.));
#1988 = ORIENTED_EDGE('',*,*,#1989,.T.);
#1989 = EDGE_CURVE('',#1982,#1990,#1992,.T.);
#1990 = VERTEX_POINT('',#1991);
#1991 = CARTESIAN_POINT('',(-2.45,1.5,7.));
#1992 = LINE('',#1993,#1994);
#1993 = CARTESIAN_POINT('',(-2.45,2.35,7.));
#1994 = VECTOR('',#1995,1.);
#1995 = DIRECTION('',(-1.224646799147E-16,-1.,0.));
#1996 = ORIENTED_EDGE('',*,*,#1997,.T.);
#1997 = EDGE_CURVE('',#1990,#1998,#2000,.T.);
#1998 = VERTEX_POINT('',#1999);
#1999 = CARTESIAN_POINT('',(-2.45,1.5,4.15));
#2000 = LINE('',#2001,#2002);
#2001 = CARTESIAN_POINT('',(-2.45,1.5,3.5));
#2002 = VECTOR('',#2003,1.);
#2003 = DIRECTION('',(-0.,0.,-1.));
#2004 = ORIENTED_EDGE('',*,*,#2005,.F.);
#2005 = EDGE_CURVE('',#2006,#1998,#2008,.T.);
#2006 = VERTEX_POINT('',#2007);
#2007 = CARTESIAN_POINT('',(-2.45,1.,3.65));
#2008 = CIRCLE('',#2009,0.5);
#2009 = AXIS2_PLACEMENT_3D('',#2010,#2011,#2012);
#2010 = CARTESIAN_POINT('',(-2.45,1.,4.15));
#2011 = DIRECTION('',(1.,-1.224646799147E-16,0.));
#2012 = DIRECTION('',(1.224646799147E-16,1.,0.));
#2013 = ORIENTED_EDGE('',*,*,#2014,.T.);
#2014 = EDGE_CURVE('',#2006,#1919,#2015,.T.);
#2015 = LINE('',#2016,#2017);
#2016 = CARTESIAN_POINT('',(-2.45,1.675,3.65));
#2017 = VECTOR('',#2018,1.);
#2018 = DIRECTION('',(-1.224646799147E-16,-1.,0.));
#2019 = ORIENTED_EDGE('',*,*,#1926,.T.);
#2020 = ORIENTED_EDGE('',*,*,#1846,.T.);
#2021 = ORIENTED_EDGE('',*,*,#2022,.F.);
#2022 = EDGE_CURVE('',#1974,#1847,#2023,.T.);
#2023 = LINE('',#2024,#2025);
#2024 = CARTESIAN_POINT('',(-2.45,-3.4,0.));
#2025 = VECTOR('',#2026,1.);
#2026 = DIRECTION('',(0.,0.,1.));
#2027 = PLANE('',#2028);
#2028 = AXIS2_PLACEMENT_3D('',#2029,#2030,#2031);
#2029 = CARTESIAN_POINT('',(-2.45,2.35,0.));
#2030 = DIRECTION('',(1.,-1.224646799147E-16,0.));
#2031 = DIRECTION('',(-1.224646799147E-16,-1.,0.));
#2032 = ADVANCED_FACE('',(#2033),#2051,.F.);
#2033 = FACE_BOUND('',#2034,.T.);
#2034 = EDGE_LOOP('',(#2035,#2036,#2037,#2045));
#2035 = ORIENTED_EDGE('',*,*,#1949,.F.);
#2036 = ORIENTED_EDGE('',*,*,#1886,.T.);
#2037 = ORIENTED_EDGE('',*,*,#2038,.T.);
#2038 = EDGE_CURVE('',#1879,#2039,#2041,.T.);
#2039 = VERTEX_POINT('',#2040);
#2040 = CARTESIAN_POINT('',(11.6,-2.65,6.8));
#2041 = LINE('',#2042,#2043);
#2042 = CARTESIAN_POINT('',(9.466666666667,-0.516666666667,
    4.666666666667));
#2043 = VECTOR('',#2044,1.);
#2044 = DIRECTION('',(-0.57735026919,0.57735026919,-0.57735026919));
#2045 = ORIENTED_EDGE('',*,*,#2046,.F.);
#2046 = EDGE_CURVE('',#1950,#2039,#2047,.T.);
#2047 = LINE('',#2048,#2049);
#2048 = CARTESIAN_POINT('',(-1.6,-2.65,6.8));
#2049 = VECTOR('',#2050,1.);
#2050 = DIRECTION('',(1.,-1.224646799147E-16,0.));
#2051 = PLANE('',#2052);
#2052 = AXIS2_PLACEMENT_3D('',#2053,#2054,#2055);
#2053 = CARTESIAN_POINT('',(-1.6,-2.75,6.9));
#2054 = DIRECTION('',(-8.659560562349E-17,-0.707106781187,
    -0.707106781187));
#2055 = DIRECTION('',(-1.,1.224646799147E-16,-2.105272540809E-29));
#2056 = ADVANCED_FACE('',(#2057),#2235,.F.);
#2057 = FACE_BOUND('',#2058,.F.);
#2058 = EDGE_LOOP('',(#2059,#2067,#2068,#2069,#2077,#2085,#2093,#2101,
    #2109,#2117,#2125,#2133,#2141,#2149,#2157,#2165,#2173,#2181,#2189,
    #2197,#2205,#2213,#2221,#2229));
#2059 = ORIENTED_EDGE('',*,*,#2060,.F.);
#2060 = EDGE_CURVE('',#1974,#2061,#2063,.T.);
#2061 = VERTEX_POINT('',#2062);
#2062 = CARTESIAN_POINT('',(-0.75,-3.4,0.));
#2063 = LINE('',#2064,#2065);
#2064 = CARTESIAN_POINT('',(-2.45,-3.4,0.));
#2065 = VECTOR('',#2066,1.);
#2066 = DIRECTION('',(1.,-1.224646799147E-16,0.));
#2067 = ORIENTED_EDGE('',*,*,#2022,.T.);
#2068 = ORIENTED_EDGE('',*,*,#1854,.T.);
#2069 = ORIENTED_EDGE('',*,*,#2070,.F.);
#2070 = EDGE_CURVE('',#2071,#1855,#2073,.T.);
#2071 = VERTEX_POINT('',#2072);
#2072 = CARTESIAN_POINT('',(12.45,-3.4,0.));
#2073 = LINE('',#2074,#2075);
#2074 = CARTESIAN_POINT('',(12.45,-3.4,0.));
#2075 = VECTOR('',#2076,1.);
#2076 = DIRECTION('',(0.,0.,1.));
#2077 = ORIENTED_EDGE('',*,*,#2078,.F.);
#2078 = EDGE_CURVE('',#2079,#2071,#2081,.T.);
#2079 = VERTEX_POINT('',#2080);
#2080 = CARTESIAN_POINT('',(10.75,-3.4,0.));
#2081 = LINE('',#2082,#2083);
#2082 = CARTESIAN_POINT('',(-2.45,-3.4,0.));
#2083 = VECTOR('',#2084,1.);
#2084 = DIRECTION('',(1.,-1.224646799147E-16,0.));
#2085 = ORIENTED_EDGE('',*,*,#2086,.F.);
#2086 = EDGE_CURVE('',#2087,#2079,#2089,.T.);
#2087 = VERTEX_POINT('',#2088);
#2088 = CARTESIAN_POINT('',(10.75,-3.4,1.));
#2089 = LINE('',#2090,#2091);
#2090 = CARTESIAN_POINT('',(10.75,-3.4,1.));
#2091 = VECTOR('',#2092,1.);
#2092 = DIRECTION('',(-0.,0.,-1.));
#2093 = ORIENTED_EDGE('',*,*,#2094,.T.);
#2094 = EDGE_CURVE('',#2087,#2095,#2097,.T.);
#2095 = VERTEX_POINT('',#2096);
#2096 = CARTESIAN_POINT('',(9.25,-3.4,1.));
#2097 = LINE('',#2098,#2099);
#2098 = CARTESIAN_POINT('',(10.75,-3.4,1.));
#2099 = VECTOR('',#2100,1.);
#2100 = DIRECTION('',(-1.,1.224646799147E-16,0.));
#2101 = ORIENTED_EDGE('',*,*,#2102,.T.);
#2102 = EDGE_CURVE('',#2095,#2103,#2105,.T.);
#2103 = VERTEX_POINT('',#2104);
#2104 = CARTESIAN_POINT('',(9.25,-3.4,0.));
#2105 = LINE('',#2106,#2107);
#2106 = CARTESIAN_POINT('',(9.25,-3.4,1.));
#2107 = VECTOR('',#2108,1.);
#2108 = DIRECTION('',(-0.,0.,-1.));
#2109 = ORIENTED_EDGE('',*,*,#2110,.F.);
#2110 = EDGE_CURVE('',#2111,#2103,#2113,.T.);
#2111 = VERTEX_POINT('',#2112);
#2112 = CARTESIAN_POINT('',(8.25,-3.4,0.));
#2113 = LINE('',#2114,#2115);
#2114 = CARTESIAN_POINT('',(-2.45,-3.4,0.));
#2115 = VECTOR('',#2116,1.);
#2116 = DIRECTION('',(1.,-1.224646799147E-16,0.));
#2117 = ORIENTED_EDGE('',*,*,#2118,.F.);
#2118 = EDGE_CURVE('',#2119,#2111,#2121,.T.);
#2119 = VERTEX_POINT('',#2120);
#2120 = CARTESIAN_POINT('',(8.25,-3.4,1.));
#2121 = LINE('',#2122,#2123);
#2122 = CARTESIAN_POINT('',(8.25,-3.4,1.));
#2123 = VECTOR('',#2124,1.);
#2124 = DIRECTION('',(-0.,0.,-1.));
#2125 = ORIENTED_EDGE('',*,*,#2126,.T.);
#2126 = EDGE_CURVE('',#2119,#2127,#2129,.T.);
#2127 = VERTEX_POINT('',#2128);
#2128 = CARTESIAN_POINT('',(6.75,-3.4,1.));
#2129 = LINE('',#2130,#2131);
#2130 = CARTESIAN_POINT('',(8.25,-3.4,1.));
#2131 = VECTOR('',#2132,1.);
#2132 = DIRECTION('',(-1.,1.224646799147E-16,0.));
#2133 = ORIENTED_EDGE('',*,*,#2134,.T.);
#2134 = EDGE_CURVE('',#2127,#2135,#2137,.T.);
#2135 = VERTEX_POINT('',#2136);
#2136 = CARTESIAN_POINT('',(6.75,-3.4,0.));
#2137 = LINE('',#2138,#2139);
#2138 = CARTESIAN_POINT('',(6.75,-3.4,1.));
#2139 = VECTOR('',#2140,1.);
#2140 = DIRECTION('',(-0.,0.,-1.));
#2141 = ORIENTED_EDGE('',*,*,#2142,.F.);
#2142 = EDGE_CURVE('',#2143,#2135,#2145,.T.);
#2143 = VERTEX_POINT('',#2144);
#2144 = CARTESIAN_POINT('',(5.75,-3.4,0.));
#2145 = LINE('',#2146,#2147);
#2146 = CARTESIAN_POINT('',(-2.45,-3.4,0.));
#2147 = VECTOR('',#2148,1.);
#2148 = DIRECTION('',(1.,-1.224646799147E-16,0.));
#2149 = ORIENTED_EDGE('',*,*,#2150,.F.);
#2150 = EDGE_CURVE('',#2151,#2143,#2153,.T.);
#2151 = VERTEX_POINT('',#2152);
#2152 = CARTESIAN_POINT('',(5.75,-3.4,1.));
#2153 = LINE('',#2154,#2155);
#2154 = CARTESIAN_POINT('',(5.75,-3.4,1.));
#2155 = VECTOR('',#2156,1.);
#2156 = DIRECTION('',(-0.,0.,-1.));
#2157 = ORIENTED_EDGE('',*,*,#2158,.T.);
#2158 = EDGE_CURVE('',#2151,#2159,#2161,.T.);
#2159 = VERTEX_POINT('',#2160);
#2160 = CARTESIAN_POINT('',(4.25,-3.4,1.));
#2161 = LINE('',#2162,#2163);
#2162 = CARTESIAN_POINT('',(5.75,-3.4,1.));
#2163 = VECTOR('',#2164,1.);
#2164 = DIRECTION('',(-1.,1.224646799147E-16,0.));
#2165 = ORIENTED_EDGE('',*,*,#2166,.T.);
#2166 = EDGE_CURVE('',#2159,#2167,#2169,.T.);
#2167 = VERTEX_POINT('',#2168);
#2168 = CARTESIAN_POINT('',(4.25,-3.4,0.));
#2169 = LINE('',#2170,#2171);
#2170 = CARTESIAN_POINT('',(4.25,-3.4,1.));
#2171 = VECTOR('',#2172,1.);
#2172 = DIRECTION('',(-0.,0.,-1.));
#2173 = ORIENTED_EDGE('',*,*,#2174,.F.);
#2174 = EDGE_CURVE('',#2175,#2167,#2177,.T.);
#2175 = VERTEX_POINT('',#2176);
#2176 = CARTESIAN_POINT('',(3.25,-3.4,0.));
#2177 = LINE('',#2178,#2179);
#2178 = CARTESIAN_POINT('',(-2.45,-3.4,0.));
#2179 = VECTOR('',#2180,1.);
#2180 = DIRECTION('',(1.,-1.224646799147E-16,0.));
#2181 = ORIENTED_EDGE('',*,*,#2182,.F.);
#2182 = EDGE_CURVE('',#2183,#2175,#2185,.T.);
#2183 = VERTEX_POINT('',#2184);
#2184 = CARTESIAN_POINT('',(3.25,-3.4,1.));
#2185 = LINE('',#2186,#2187);
#2186 = CARTESIAN_POINT('',(3.25,-3.4,1.));
#2187 = VECTOR('',#2188,1.);
#2188 = DIRECTION('',(-0.,0.,-1.));
#2189 = ORIENTED_EDGE('',*,*,#2190,.T.);
#2190 = EDGE_CURVE('',#2183,#2191,#2193,.T.);
#2191 = VERTEX_POINT('',#2192);
#2192 = CARTESIAN_POINT('',(1.75,-3.4,1.));
#2193 = LINE('',#2194,#2195);
#2194 = CARTESIAN_POINT('',(3.25,-3.4,1.));
#2195 = VECTOR('',#2196,1.);
#2196 = DIRECTION('',(-1.,1.224646799147E-16,0.));
#2197 = ORIENTED_EDGE('',*,*,#2198,.T.);
#2198 = EDGE_CURVE('',#2191,#2199,#2201,.T.);
#2199 = VERTEX_POINT('',#2200);
#2200 = CARTESIAN_POINT('',(1.75,-3.4,0.));
#2201 = LINE('',#2202,#2203);
#2202 = CARTESIAN_POINT('',(1.75,-3.4,1.));
#2203 = VECTOR('',#2204,1.);
#2204 = DIRECTION('',(-0.,0.,-1.));
#2205 = ORIENTED_EDGE('',*,*,#2206,.F.);
#2206 = EDGE_CURVE('',#2207,#2199,#2209,.T.);
#2207 = VERTEX_POINT('',#2208);
#2208 = CARTESIAN_POINT('',(0.75,-3.4,0.));
#2209 = LINE('',#2210,#2211);
#2210 = CARTESIAN_POINT('',(-2.45,-3.4,0.));
#2211 = VECTOR('',#2212,1.);
#2212 = DIRECTION('',(1.,-1.224646799147E-16,0.));
#2213 = ORIENTED_EDGE('',*,*,#2214,.F.);
#2214 = EDGE_CURVE('',#2215,#2207,#2217,.T.);
#2215 = VERTEX_POINT('',#2216);
#2216 = CARTESIAN_POINT('',(0.75,-3.4,1.));
#2217 = LINE('',#2218,#2219);
#2218 = CARTESIAN_POINT('',(0.75,-3.4,1.));
#2219 = VECTOR('',#2220,1.);
#2220 = DIRECTION('',(-0.,0.,-1.));
#2221 = ORIENTED_EDGE('',*,*,#2222,.T.);
#2222 = EDGE_CURVE('',#2215,#2223,#2225,.T.);
#2223 = VERTEX_POINT('',#2224);
#2224 = CARTESIAN_POINT('',(-0.75,-3.4,1.));
#2225 = LINE('',#2226,#2227);
#2226 = CARTESIAN_POINT('',(0.75,-3.4,1.));
#2227 = VECTOR('',#2228,1.);
#2228 = DIRECTION('',(-1.,1.224646799147E-16,0.));
#2229 = ORIENTED_EDGE('',*,*,#2230,.T.);
#2230 = EDGE_CURVE('',#2223,#2061,#2231,.T.);
#2231 = LINE('',#2232,#2233);
#2232 = CARTESIAN_POINT('',(-0.75,-3.4,1.));
#2233 = VECTOR('',#2234,1.);
#2234 = DIRECTION('',(-0.,0.,-1.));
#2235 = PLANE('',#2236);
#2236 = AXIS2_PLACEMENT_3D('',#2237,#2238,#2239);
#2237 = CARTESIAN_POINT('',(-2.45,-3.4,0.));
#2238 = DIRECTION('',(1.224646799147E-16,1.,0.));
#2239 = DIRECTION('',(1.,-1.224646799147E-16,0.));
#2240 = ADVANCED_FACE('',(#2241),#2259,.F.);
#2241 = FACE_BOUND('',#2242,.T.);
#2242 = EDGE_LOOP('',(#2243,#2244,#2245,#2253));
#2243 = ORIENTED_EDGE('',*,*,#2038,.F.);
#2244 = ORIENTED_EDGE('',*,*,#1878,.T.);
#2245 = ORIENTED_EDGE('',*,*,#2246,.T.);
#2246 = EDGE_CURVE('',#1871,#2247,#2249,.T.);
#2247 = VERTEX_POINT('',#2248);
#2248 = CARTESIAN_POINT('',(11.6,0.5,6.8));
#2249 = LINE('',#2250,#2251);
#2250 = CARTESIAN_POINT('',(11.075,0.5,6.275));
#2251 = VECTOR('',#2252,1.);
#2252 = DIRECTION('',(-0.707106781187,8.659560562349E-17,-0.707106781187
    ));
#2253 = ORIENTED_EDGE('',*,*,#2254,.F.);
#2254 = EDGE_CURVE('',#2039,#2247,#2255,.T.);
#2255 = LINE('',#2256,#2257);
#2256 = CARTESIAN_POINT('',(11.6,-2.65,6.8));
#2257 = VECTOR('',#2258,1.);
#2258 = DIRECTION('',(1.224646799147E-16,1.,0.));
#2259 = PLANE('',#2260);
#2260 = AXIS2_PLACEMENT_3D('',#2261,#2262,#2263);
#2261 = CARTESIAN_POINT('',(11.7,-2.65,6.9));
#2262 = DIRECTION('',(0.707106781187,-8.659560562349E-17,-0.707106781187
    ));
#2263 = DIRECTION('',(-1.224646799147E-16,-1.,-2.105272540809E-29));
#2264 = ADVANCED_FACE('',(#2265),#2324,.F.);
#2265 = FACE_BOUND('',#2266,.F.);
#2266 = EDGE_LOOP('',(#2267,#2275,#2276,#2277,#2285,#2293,#2302,#2310,
    #2318));
#2267 = ORIENTED_EDGE('',*,*,#2268,.F.);
#2268 = EDGE_CURVE('',#2071,#2269,#2271,.T.);
#2269 = VERTEX_POINT('',#2270);
#2270 = CARTESIAN_POINT('',(12.45,2.35,0.));
#2271 = LINE('',#2272,#2273);
#2272 = CARTESIAN_POINT('',(12.45,-3.4,0.));
#2273 = VECTOR('',#2274,1.);
#2274 = DIRECTION('',(1.224646799147E-16,1.,0.));
#2275 = ORIENTED_EDGE('',*,*,#2070,.T.);
#2276 = ORIENTED_EDGE('',*,*,#1862,.T.);
#2277 = ORIENTED_EDGE('',*,*,#2278,.F.);
#2278 = EDGE_CURVE('',#2279,#1863,#2281,.T.);
#2279 = VERTEX_POINT('',#2280);
#2280 = CARTESIAN_POINT('',(12.45,0.5,3.65));
#2281 = LINE('',#2282,#2283);
#2282 = CARTESIAN_POINT('',(12.45,0.5,3.65));
#2283 = VECTOR('',#2284,1.);
#2284 = DIRECTION('',(0.,0.,1.));
#2285 = ORIENTED_EDGE('',*,*,#2286,.F.);
#2286 = EDGE_CURVE('',#2287,#2279,#2289,.T.);
#2287 = VERTEX_POINT('',#2288);
#2288 = CARTESIAN_POINT('',(12.45,1.,3.65));
#2289 = LINE('',#2290,#2291);
#2290 = CARTESIAN_POINT('',(12.45,1.,3.65));
#2291 = VECTOR('',#2292,1.);
#2292 = DIRECTION('',(-1.224646799147E-16,-1.,0.));
#2293 = ORIENTED_EDGE('',*,*,#2294,.F.);
#2294 = EDGE_CURVE('',#2295,#2287,#2297,.T.);
#2295 = VERTEX_POINT('',#2296);
#2296 = CARTESIAN_POINT('',(12.45,1.5,4.15));
#2297 = CIRCLE('',#2298,0.5);
#2298 = AXIS2_PLACEMENT_3D('',#2299,#2300,#2301);
#2299 = CARTESIAN_POINT('',(12.45,1.,4.15));
#2300 = DIRECTION('',(-1.,1.224646799147E-16,0.));
#2301 = DIRECTION('',(1.224646799147E-16,1.,0.));
#2302 = ORIENTED_EDGE('',*,*,#2303,.F.);
#2303 = EDGE_CURVE('',#2304,#2295,#2306,.T.);
#2304 = VERTEX_POINT('',#2305);
#2305 = CARTESIAN_POINT('',(12.45,1.5,7.));
#2306 = LINE('',#2307,#2308);
#2307 = CARTESIAN_POINT('',(12.45,1.5,7.));
#2308 = VECTOR('',#2309,1.);
#2309 = DIRECTION('',(-0.,0.,-1.));
#2310 = ORIENTED_EDGE('',*,*,#2311,.T.);
#2311 = EDGE_CURVE('',#2304,#2312,#2314,.T.);
#2312 = VERTEX_POINT('',#2313);
#2313 = CARTESIAN_POINT('',(12.45,2.35,7.));
#2314 = LINE('',#2315,#2316);
#2315 = CARTESIAN_POINT('',(12.45,-3.4,7.));
#2316 = VECTOR('',#2317,1.);
#2317 = DIRECTION('',(1.224646799147E-16,1.,0.));
#2318 = ORIENTED_EDGE('',*,*,#2319,.F.);
#2319 = EDGE_CURVE('',#2269,#2312,#2320,.T.);
#2320 = LINE('',#2321,#2322);
#2321 = CARTESIAN_POINT('',(12.45,2.35,0.));
#2322 = VECTOR('',#2323,1.);
#2323 = DIRECTION('',(0.,0.,1.));
#2324 = PLANE('',#2325);
#2325 = AXIS2_PLACEMENT_3D('',#2326,#2327,#2328);
#2326 = CARTESIAN_POINT('',(12.45,-3.4,0.));
#2327 = DIRECTION('',(-1.,1.224646799147E-16,0.));
#2328 = DIRECTION('',(1.224646799147E-16,1.,0.));
#2329 = ADVANCED_FACE('',(#2330),#2349,.T.);
#2330 = FACE_BOUND('',#2331,.T.);
#2331 = EDGE_LOOP('',(#2332,#2333,#2334,#2342,#2348));
#2332 = ORIENTED_EDGE('',*,*,#1870,.F.);
#2333 = ORIENTED_EDGE('',*,*,#2278,.F.);
#2334 = ORIENTED_EDGE('',*,*,#2335,.T.);
#2335 = EDGE_CURVE('',#2279,#2336,#2338,.T.);
#2336 = VERTEX_POINT('',#2337);
#2337 = CARTESIAN_POINT('',(11.6,0.5,3.65));
#2338 = LINE('',#2339,#2340);
#2339 = CARTESIAN_POINT('',(12.45,0.5,3.65));
#2340 = VECTOR('',#2341,1.);
#2341 = DIRECTION('',(-1.,1.224646799147E-16,0.));
#2342 = ORIENTED_EDGE('',*,*,#2343,.T.);
#2343 = EDGE_CURVE('',#2336,#2247,#2344,.T.);
#2344 = LINE('',#2345,#2346);
#2345 = CARTESIAN_POINT('',(11.6,0.5,5.325));
#2346 = VECTOR('',#2347,1.);
#2347 = DIRECTION('',(0.,0.,1.));
#2348 = ORIENTED_EDGE('',*,*,#2246,.F.);
#2349 = PLANE('',#2350);
#2350 = AXIS2_PLACEMENT_3D('',#2351,#2352,#2353);
#2351 = CARTESIAN_POINT('',(12.45,0.5,3.65));
#2352 = DIRECTION('',(1.224646799147E-16,1.,0.));
#2353 = DIRECTION('',(0.,-0.,1.));
#2354 = ADVANCED_FACE('',(#2355),#2398,.F.);
#2355 = FACE_BOUND('',#2356,.F.);
#2356 = EDGE_LOOP('',(#2357,#2358,#2366,#2375,#2383,#2391,#2397));
#2357 = ORIENTED_EDGE('',*,*,#1908,.T.);
#2358 = ORIENTED_EDGE('',*,*,#2359,.T.);
#2359 = EDGE_CURVE('',#1911,#2360,#2362,.T.);
#2360 = VERTEX_POINT('',#2361);
#2361 = CARTESIAN_POINT('',(-1.6,1.,3.65));
#2362 = LINE('',#2363,#2364);
#2363 = CARTESIAN_POINT('',(-1.6,1.25,3.65));
#2364 = VECTOR('',#2365,1.);
#2365 = DIRECTION('',(1.224646799147E-16,1.,0.));
#2366 = ORIENTED_EDGE('',*,*,#2367,.T.);
#2367 = EDGE_CURVE('',#2360,#2368,#2370,.T.);
#2368 = VERTEX_POINT('',#2369);
#2369 = CARTESIAN_POINT('',(-1.6,1.5,4.15));
#2370 = CIRCLE('',#2371,0.5);
#2371 = AXIS2_PLACEMENT_3D('',#2372,#2373,#2374);
#2372 = CARTESIAN_POINT('',(-1.6,1.,4.15));
#2373 = DIRECTION('',(1.,-1.224646799147E-16,0.));
#2374 = DIRECTION('',(1.224646799147E-16,1.,0.));
#2375 = ORIENTED_EDGE('',*,*,#2376,.T.);
#2376 = EDGE_CURVE('',#2368,#2377,#2379,.T.);
#2377 = VERTEX_POINT('',#2378);
#2378 = CARTESIAN_POINT('',(-1.6,1.5,1.85));
#2379 = LINE('',#2380,#2381);
#2380 = CARTESIAN_POINT('',(-1.6,1.5,7.));
#2381 = VECTOR('',#2382,1.);
#2382 = DIRECTION('',(0.,0.,-1.));
#2383 = ORIENTED_EDGE('',*,*,#2384,.T.);
#2384 = EDGE_CURVE('',#2377,#2385,#2387,.T.);
#2385 = VERTEX_POINT('',#2386);
#2386 = CARTESIAN_POINT('',(-1.6,-2.65,1.85));
#2387 = LINE('',#2388,#2389);
#2388 = CARTESIAN_POINT('',(-1.6,1.5,1.85));
#2389 = VECTOR('',#2390,1.);
#2390 = DIRECTION('',(-1.224646799147E-16,-1.,0.));
#2391 = ORIENTED_EDGE('',*,*,#2392,.F.);
#2392 = EDGE_CURVE('',#1950,#2385,#2393,.T.);
#2393 = LINE('',#2394,#2395);
#2394 = CARTESIAN_POINT('',(-1.6,-2.65,7.));
#2395 = VECTOR('',#2396,1.);
#2396 = DIRECTION('',(0.,0.,-1.));
#2397 = ORIENTED_EDGE('',*,*,#1957,.F.);
#2398 = PLANE('',#2399);
#2399 = AXIS2_PLACEMENT_3D('',#2400,#2401,#2402);
#2400 = CARTESIAN_POINT('',(-1.6,1.5,7.));
#2401 = DIRECTION('',(-1.,1.224646799147E-16,0.));
#2402 = DIRECTION('',(-1.224646799147E-16,-1.,0.));
#2403 = ADVANCED_FACE('',(#2404),#2415,.T.);
#2404 = FACE_BOUND('',#2405,.T.);
#2405 = EDGE_LOOP('',(#2406,#2407,#2413,#2414));
#2406 = ORIENTED_EDGE('',*,*,#2359,.T.);
#2407 = ORIENTED_EDGE('',*,*,#2408,.T.);
#2408 = EDGE_CURVE('',#2360,#2006,#2409,.T.);
#2409 = LINE('',#2410,#2411);
#2410 = CARTESIAN_POINT('',(12.45,1.,3.65));
#2411 = VECTOR('',#2412,1.);
#2412 = DIRECTION('',(-1.,1.224646799147E-16,0.));
#2413 = ORIENTED_EDGE('',*,*,#2014,.T.);
#2414 = ORIENTED_EDGE('',*,*,#1918,.F.);
#2415 = PLANE('',#2416);
#2416 = AXIS2_PLACEMENT_3D('',#2417,#2418,#2419);
#2417 = CARTESIAN_POINT('',(12.45,1.,3.65));
#2418 = DIRECTION('',(0.,0.,1.));
#2419 = DIRECTION('',(-1.224646799147E-16,-1.,0.));
#2420 = ADVANCED_FACE('',(#2421),#2439,.F.);
#2421 = FACE_BOUND('',#2422,.F.);
#2422 = EDGE_LOOP('',(#2423,#2431,#2437,#2438));
#2423 = ORIENTED_EDGE('',*,*,#2424,.T.);
#2424 = EDGE_CURVE('',#2061,#2425,#2427,.T.);
#2425 = VERTEX_POINT('',#2426);
#2426 = CARTESIAN_POINT('',(-0.75,2.35,0.));
#2427 = LINE('',#2428,#2429);
#2428 = CARTESIAN_POINT('',(-0.75,-3.4,0.));
#2429 = VECTOR('',#2430,1.);
#2430 = DIRECTION('',(1.224646799147E-16,1.,0.));
#2431 = ORIENTED_EDGE('',*,*,#2432,.T.);
#2432 = EDGE_CURVE('',#2425,#1972,#2433,.T.);
#2433 = LINE('',#2434,#2435);
#2434 = CARTESIAN_POINT('',(12.45,2.35,0.));
#2435 = VECTOR('',#2436,1.);
#2436 = DIRECTION('',(-1.,1.224646799147E-16,0.));
#2437 = ORIENTED_EDGE('',*,*,#1971,.T.);
#2438 = ORIENTED_EDGE('',*,*,#2060,.T.);
#2439 = PLANE('',#2440);
#2440 = AXIS2_PLACEMENT_3D('',#2441,#2442,#2443);
#2441 = CARTESIAN_POINT('',(5.,-0.525,0.));
#2442 = DIRECTION('',(0.,0.,1.));
#2443 = DIRECTION('',(-1.,1.224646799147E-16,0.));
#2444 = ADVANCED_FACE('',(#2445),#2456,.F.);
#2445 = FACE_BOUND('',#2446,.F.);
#2446 = EDGE_LOOP('',(#2447,#2448,#2449,#2455));
#2447 = ORIENTED_EDGE('',*,*,#2408,.T.);
#2448 = ORIENTED_EDGE('',*,*,#2005,.T.);
#2449 = ORIENTED_EDGE('',*,*,#2450,.F.);
#2450 = EDGE_CURVE('',#2368,#1998,#2451,.T.);
#2451 = LINE('',#2452,#2453);
#2452 = CARTESIAN_POINT('',(12.45,1.5,4.15));
#2453 = VECTOR('',#2454,1.);
#2454 = DIRECTION('',(-1.,1.224646799147E-16,0.));
#2455 = ORIENTED_EDGE('',*,*,#2367,.F.);
#2456 = CYLINDRICAL_SURFACE('',#2457,0.5);
#2457 = AXIS2_PLACEMENT_3D('',#2458,#2459,#2460);
#2458 = CARTESIAN_POINT('',(12.45,1.,4.15));
#2459 = DIRECTION('',(1.,-1.224646799147E-16,-0.));
#2460 = DIRECTION('',(1.224646799147E-16,1.,0.));
#2461 = ADVANCED_FACE('',(#2462),#2626,.T.);
#2462 = FACE_BOUND('',#2463,.T.);
#2463 = EDGE_LOOP('',(#2464,#2465,#2473,#2481,#2489,#2497,#2505,#2514,
    #2522,#2530,#2538,#2546,#2554,#2563,#2571,#2579,#2587,#2595,#2601,
    #2602,#2603,#2604,#2612,#2620));
#2464 = ORIENTED_EDGE('',*,*,#2303,.F.);
#2465 = ORIENTED_EDGE('',*,*,#2466,.T.);
#2466 = EDGE_CURVE('',#2304,#2467,#2469,.T.);
#2467 = VERTEX_POINT('',#2468);
#2468 = CARTESIAN_POINT('',(10.5,1.5,7.));
#2469 = LINE('',#2470,#2471);
#2470 = CARTESIAN_POINT('',(12.45,1.5,7.));
#2471 = VECTOR('',#2472,1.);
#2472 = DIRECTION('',(-1.,1.224646799147E-16,0.));
#2473 = ORIENTED_EDGE('',*,*,#2474,.T.);
#2474 = EDGE_CURVE('',#2467,#2475,#2477,.T.);
#2475 = VERTEX_POINT('',#2476);
#2476 = CARTESIAN_POINT('',(10.5,1.5,6.1));
#2477 = LINE('',#2478,#2479);
#2478 = CARTESIAN_POINT('',(10.5,1.5,5.311253117207));
#2479 = VECTOR('',#2480,1.);
#2480 = DIRECTION('',(1.04233387337E-32,8.511301985975E-17,-1.));
#2481 = ORIENTED_EDGE('',*,*,#2482,.T.);
#2482 = EDGE_CURVE('',#2475,#2483,#2485,.T.);
#2483 = VERTEX_POINT('',#2484);
#2484 = CARTESIAN_POINT('',(10.25,1.5,5.85));
#2485 = LINE('',#2486,#2487);
#2486 = CARTESIAN_POINT('',(8.605626558603,1.5,4.205626558603));
#2487 = VECTOR('',#2488,1.);
#2488 = DIRECTION('',(-0.707106781187,1.467795991335E-16,-0.707106781187
    ));
#2489 = ORIENTED_EDGE('',*,*,#2490,.T.);
#2490 = EDGE_CURVE('',#2483,#2491,#2493,.T.);
#2491 = VERTEX_POINT('',#2492);
#2492 = CARTESIAN_POINT('',(10.5,1.5,5.6));
#2493 = LINE('',#2494,#2495);
#2494 = CARTESIAN_POINT('',(9.394373441397,1.5,6.705626558603));
#2495 = VECTOR('',#2496,1.);
#2496 = DIRECTION('',(0.707106781187,-2.641161211344E-17,-0.707106781187
    ));
#2497 = ORIENTED_EDGE('',*,*,#2498,.T.);
#2498 = EDGE_CURVE('',#2491,#2499,#2501,.T.);
#2499 = VERTEX_POINT('',#2500);
#2500 = CARTESIAN_POINT('',(10.5,1.5,3.85));
#2501 = LINE('',#2502,#2503);
#2502 = CARTESIAN_POINT('',(10.5,1.5,3.811253117207));
#2503 = VECTOR('',#2504,1.);
#2504 = DIRECTION('',(1.04233387337E-32,8.511301985975E-17,-1.));
#2505 = ORIENTED_EDGE('',*,*,#2506,.F.);
#2506 = EDGE_CURVE('',#2507,#2499,#2509,.T.);
#2507 = VERTEX_POINT('',#2508);
#2508 = CARTESIAN_POINT('',(9.75,1.5,3.1));
#2509 = CIRCLE('',#2510,0.75);
#2510 = AXIS2_PLACEMENT_3D('',#2511,#2512,#2513);
#2511 = CARTESIAN_POINT('',(9.75,1.5,3.85));
#2512 = DIRECTION('',(-1.224646799147E-16,-1.,0.));
#2513 = DIRECTION('',(-0.,0.,-1.));
#2514 = ORIENTED_EDGE('',*,*,#2515,.T.);
#2515 = EDGE_CURVE('',#2507,#2516,#2518,.T.);
#2516 = VERTEX_POINT('',#2517);
#2517 = CARTESIAN_POINT('',(9.,1.5,3.1));
#2518 = LINE('',#2519,#2520);
#2519 = CARTESIAN_POINT('',(7.,1.5,3.1));
#2520 = VECTOR('',#2521,1.);
#2521 = DIRECTION('',(-1.,1.224646799147E-16,0.));
#2522 = ORIENTED_EDGE('',*,*,#2523,.T.);
#2523 = EDGE_CURVE('',#2516,#2524,#2526,.T.);
#2524 = VERTEX_POINT('',#2525);
#2525 = CARTESIAN_POINT('',(9.,1.5,7.));
#2526 = LINE('',#2527,#2528);
#2527 = CARTESIAN_POINT('',(9.,1.5,5.761253117207));
#2528 = VECTOR('',#2529,1.);
#2529 = DIRECTION('',(-1.04233387337E-32,-8.511301985975E-17,1.));
#2530 = ORIENTED_EDGE('',*,*,#2531,.T.);
#2531 = EDGE_CURVE('',#2524,#2532,#2534,.T.);
#2532 = VERTEX_POINT('',#2533);
#2533 = CARTESIAN_POINT('',(1.,1.5,7.));
#2534 = LINE('',#2535,#2536);
#2535 = CARTESIAN_POINT('',(12.45,1.5,7.));
#2536 = VECTOR('',#2537,1.);
#2537 = DIRECTION('',(-1.,1.224646799147E-16,0.));
#2538 = ORIENTED_EDGE('',*,*,#2539,.F.);
#2539 = EDGE_CURVE('',#2540,#2532,#2542,.T.);
#2540 = VERTEX_POINT('',#2541);
#2541 = CARTESIAN_POINT('',(1.,1.5,3.1));
#2542 = LINE('',#2543,#2544);
#2543 = CARTESIAN_POINT('',(1.,1.5,5.761253117207));
#2544 = VECTOR('',#2545,1.);
#2545 = DIRECTION('',(-1.04233387337E-32,-8.511301985975E-17,1.));
#2546 = ORIENTED_EDGE('',*,*,#2547,.F.);
#2547 = EDGE_CURVE('',#2548,#2540,#2550,.T.);
#2548 = VERTEX_POINT('',#2549);
#2549 = CARTESIAN_POINT('',(0.25,1.5,3.1));
#2550 = LINE('',#2551,#2552);
#2551 = CARTESIAN_POINT('',(3.,1.5,3.1));
#2552 = VECTOR('',#2553,1.);
#2553 = DIRECTION('',(1.,-1.224646799147E-16,0.));
#2554 = ORIENTED_EDGE('',*,*,#2555,.F.);
#2555 = EDGE_CURVE('',#2556,#2548,#2558,.T.);
#2556 = VERTEX_POINT('',#2557);
#2557 = CARTESIAN_POINT('',(-0.5,1.5,3.85));
#2558 = CIRCLE('',#2559,0.75);
#2559 = AXIS2_PLACEMENT_3D('',#2560,#2561,#2562);
#2560 = CARTESIAN_POINT('',(0.25,1.5,3.85));
#2561 = DIRECTION('',(-1.224646799147E-16,-1.,0.));
#2562 = DIRECTION('',(-0.,0.,-1.));
#2563 = ORIENTED_EDGE('',*,*,#2564,.F.);
#2564 = EDGE_CURVE('',#2565,#2556,#2567,.T.);
#2565 = VERTEX_POINT('',#2566);
#2566 = CARTESIAN_POINT('',(-0.5,1.5,5.6));
#2567 = LINE('',#2568,#2569);
#2568 = CARTESIAN_POINT('',(-0.5,1.5,3.811253117207));
#2569 = VECTOR('',#2570,1.);
#2570 = DIRECTION('',(1.04233387337E-32,8.511301985975E-17,-1.));
#2571 = ORIENTED_EDGE('',*,*,#2572,.F.);
#2572 = EDGE_CURVE('',#2573,#2565,#2575,.T.);
#2573 = VERTEX_POINT('',#2574);
#2574 = CARTESIAN_POINT('',(-0.25,1.5,5.85));
#2575 = LINE('',#2576,#2577);
#2576 = CARTESIAN_POINT('',(0.605626558603,1.5,6.705626558603));
#2577 = VECTOR('',#2578,1.);
#2578 = DIRECTION('',(-0.707106781187,1.467795991335E-16,-0.707106781187
    ));
#2579 = ORIENTED_EDGE('',*,*,#2580,.F.);
#2580 = EDGE_CURVE('',#2581,#2573,#2583,.T.);
#2581 = VERTEX_POINT('',#2582);
#2582 = CARTESIAN_POINT('',(-0.5,1.5,6.1));
#2583 = LINE('',#2584,#2585);
#2584 = CARTESIAN_POINT('',(1.394373441397,1.5,4.205626558603));
#2585 = VECTOR('',#2586,1.);
#2586 = DIRECTION('',(0.707106781187,-2.641161211344E-17,-0.707106781187
    ));
#2587 = ORIENTED_EDGE('',*,*,#2588,.F.);
#2588 = EDGE_CURVE('',#2589,#2581,#2591,.T.);
#2589 = VERTEX_POINT('',#2590);
#2590 = CARTESIAN_POINT('',(-0.5,1.5,7.));
#2591 = LINE('',#2592,#2593);
#2592 = CARTESIAN_POINT('',(-0.5,1.5,5.311253117207));
#2593 = VECTOR('',#2594,1.);
#2594 = DIRECTION('',(1.04233387337E-32,8.511301985975E-17,-1.));
#2595 = ORIENTED_EDGE('',*,*,#2596,.T.);
#2596 = EDGE_CURVE('',#2589,#1990,#2597,.T.);
#2597 = LINE('',#2598,#2599);
#2598 = CARTESIAN_POINT('',(12.45,1.5,7.));
#2599 = VECTOR('',#2600,1.);
#2600 = DIRECTION('',(-1.,1.224646799147E-16,0.));
#2601 = ORIENTED_EDGE('',*,*,#1997,.T.);
#2602 = ORIENTED_EDGE('',*,*,#2450,.F.);
#2603 = ORIENTED_EDGE('',*,*,#2376,.T.);
#2604 = ORIENTED_EDGE('',*,*,#2605,.F.);
#2605 = EDGE_CURVE('',#2606,#2377,#2608,.T.);
#2606 = VERTEX_POINT('',#2607);
#2607 = CARTESIAN_POINT('',(11.6,1.5,1.85));
#2608 = LINE('',#2609,#2610);
#2609 = CARTESIAN_POINT('',(11.6,1.5,1.85));
#2610 = VECTOR('',#2611,1.);
#2611 = DIRECTION('',(-1.,1.224646799147E-16,0.));
#2612 = ORIENTED_EDGE('',*,*,#2613,.F.);
#2613 = EDGE_CURVE('',#2614,#2606,#2616,.T.);
#2614 = VERTEX_POINT('',#2615);
#2615 = CARTESIAN_POINT('',(11.6,1.5,4.15));
#2616 = LINE('',#2617,#2618);
#2617 = CARTESIAN_POINT('',(11.6,1.5,7.));
#2618 = VECTOR('',#2619,1.);
#2619 = DIRECTION('',(0.,0.,-1.));
#2620 = ORIENTED_EDGE('',*,*,#2621,.F.);
#2621 = EDGE_CURVE('',#2295,#2614,#2622,.T.);
#2622 = LINE('',#2623,#2624);
#2623 = CARTESIAN_POINT('',(12.45,1.5,4.15));
#2624 = VECTOR('',#2625,1.);
#2625 = DIRECTION('',(-1.,1.224646799147E-16,0.));
#2626 = PLANE('',#2627);
#2627 = AXIS2_PLACEMENT_3D('',#2628,#2629,#2630);
#2628 = CARTESIAN_POINT('',(5.,1.5,4.522506234414));
#2629 = DIRECTION('',(-1.224646799147E-16,-1.,-8.511301985975E-17));
#2630 = DIRECTION('',(-1.04233387337E-32,-8.511301985975E-17,1.));
#2631 = ADVANCED_FACE('',(#2632),#2650,.T.);
#2632 = FACE_BOUND('',#2633,.T.);
#2633 = EDGE_LOOP('',(#2634,#2635,#2643,#2649));
#2634 = ORIENTED_EDGE('',*,*,#2596,.F.);
#2635 = ORIENTED_EDGE('',*,*,#2636,.F.);
#2636 = EDGE_CURVE('',#2637,#2589,#2639,.T.);
#2637 = VERTEX_POINT('',#2638);
#2638 = CARTESIAN_POINT('',(-0.5,2.35,7.));
#2639 = LINE('',#2640,#2641);
#2640 = CARTESIAN_POINT('',(-0.5,2.35,7.));
#2641 = VECTOR('',#2642,1.);
#2642 = DIRECTION('',(-1.224646799147E-16,-1.,0.));
#2643 = ORIENTED_EDGE('',*,*,#2644,.T.);
#2644 = EDGE_CURVE('',#2637,#1982,#2645,.T.);
#2645 = LINE('',#2646,#2647);
#2646 = CARTESIAN_POINT('',(12.45,2.35,7.));
#2647 = VECTOR('',#2648,1.);
#2648 = DIRECTION('',(-1.,1.224646799147E-16,0.));
#2649 = ORIENTED_EDGE('',*,*,#1989,.T.);
#2650 = PLANE('',#2651);
#2651 = AXIS2_PLACEMENT_3D('',#2652,#2653,#2654);
#2652 = CARTESIAN_POINT('',(5.,-0.525,7.));
#2653 = DIRECTION('',(0.,0.,1.));
#2654 = DIRECTION('',(-1.,1.224646799147E-16,0.));
#2655 = ADVANCED_FACE('',(#2656),#2948,.F.);
#2656 = FACE_BOUND('',#2657,.F.);
#2657 = EDGE_LOOP('',(#2658,#2666,#2667,#2675,#2683,#2691,#2699,#2707,
    #2716,#2724,#2732,#2740,#2748,#2756,#2765,#2773,#2781,#2789,#2795,
    #2796,#2797,#2798,#2806,#2814,#2822,#2830,#2838,#2846,#2854,#2862,
    #2870,#2878,#2886,#2894,#2902,#2910,#2918,#2926,#2934,#2942));
#2658 = ORIENTED_EDGE('',*,*,#2659,.F.);
#2659 = EDGE_CURVE('',#2269,#2660,#2662,.T.);
#2660 = VERTEX_POINT('',#2661);
#2661 = CARTESIAN_POINT('',(10.75,2.35,0.));
#2662 = LINE('',#2663,#2664);
#2663 = CARTESIAN_POINT('',(12.45,2.35,0.));
#2664 = VECTOR('',#2665,1.);
#2665 = DIRECTION('',(-1.,1.224646799147E-16,0.));
#2666 = ORIENTED_EDGE('',*,*,#2319,.T.);
#2667 = ORIENTED_EDGE('',*,*,#2668,.T.);
#2668 = EDGE_CURVE('',#2312,#2669,#2671,.T.);
#2669 = VERTEX_POINT('',#2670);
#2670 = CARTESIAN_POINT('',(10.5,2.35,7.));
#2671 = LINE('',#2672,#2673);
#2672 = CARTESIAN_POINT('',(12.45,2.35,7.));
#2673 = VECTOR('',#2674,1.);
#2674 = DIRECTION('',(-1.,1.224646799147E-16,0.));
#2675 = ORIENTED_EDGE('',*,*,#2676,.F.);
#2676 = EDGE_CURVE('',#2677,#2669,#2679,.T.);
#2677 = VERTEX_POINT('',#2678);
#2678 = CARTESIAN_POINT('',(10.5,2.35,6.1));
#2679 = LINE('',#2680,#2681);
#2680 = CARTESIAN_POINT('',(10.5,2.35,6.1));
#2681 = VECTOR('',#2682,1.);
#2682 = DIRECTION('',(0.,0.,1.));
#2683 = ORIENTED_EDGE('',*,*,#2684,.F.);
#2684 = EDGE_CURVE('',#2685,#2677,#2687,.T.);
#2685 = VERTEX_POINT('',#2686);
#2686 = CARTESIAN_POINT('',(10.25,2.35,5.85));
#2687 = LINE('',#2688,#2689);
#2688 = CARTESIAN_POINT('',(10.25,2.35,5.85));
#2689 = VECTOR('',#2690,1.);
#2690 = DIRECTION('',(0.707106781187,-8.659560562349E-17,0.707106781187)
  );
#2691 = ORIENTED_EDGE('',*,*,#2692,.F.);
#2692 = EDGE_CURVE('',#2693,#2685,#2695,.T.);
#2693 = VERTEX_POINT('',#2694);
#2694 = CARTESIAN_POINT('',(10.5,2.35,5.6));
#2695 = LINE('',#2696,#2697);
#2696 = CARTESIAN_POINT('',(10.5,2.35,5.6));
#2697 = VECTOR('',#2698,1.);
#2698 = DIRECTION('',(-0.707106781187,8.659560562349E-17,0.707106781187)
  );
#2699 = ORIENTED_EDGE('',*,*,#2700,.F.);
#2700 = EDGE_CURVE('',#2701,#2693,#2703,.T.);
#2701 = VERTEX_POINT('',#2702);
#2702 = CARTESIAN_POINT('',(10.5,2.35,3.85));
#2703 = LINE('',#2704,#2705);
#2704 = CARTESIAN_POINT('',(10.5,2.35,3.1));
#2705 = VECTOR('',#2706,1.);
#2706 = DIRECTION('',(0.,0.,1.));
#2707 = ORIENTED_EDGE('',*,*,#2708,.F.);
#2708 = EDGE_CURVE('',#2709,#2701,#2711,.T.);
#2709 = VERTEX_POINT('',#2710);
#2710 = CARTESIAN_POINT('',(9.75,2.35,3.1));
#2711 = CIRCLE('',#2712,0.75);
#2712 = AXIS2_PLACEMENT_3D('',#2713,#2714,#2715);
#2713 = CARTESIAN_POINT('',(9.75,2.35,3.85));
#2714 = DIRECTION('',(-1.224646799147E-16,-1.,0.));
#2715 = DIRECTION('',(0.,0.,1.));
#2716 = ORIENTED_EDGE('',*,*,#2717,.F.);
#2717 = EDGE_CURVE('',#2718,#2709,#2720,.T.);
#2718 = VERTEX_POINT('',#2719);
#2719 = CARTESIAN_POINT('',(9.,2.35,3.1));
#2720 = LINE('',#2721,#2722);
#2721 = CARTESIAN_POINT('',(9.,2.35,3.1));
#2722 = VECTOR('',#2723,1.);
#2723 = DIRECTION('',(1.,-1.224646799147E-16,0.));
#2724 = ORIENTED_EDGE('',*,*,#2725,.F.);
#2725 = EDGE_CURVE('',#2726,#2718,#2728,.T.);
#2726 = VERTEX_POINT('',#2727);
#2727 = CARTESIAN_POINT('',(9.,2.35,7.));
#2728 = LINE('',#2729,#2730);
#2729 = CARTESIAN_POINT('',(9.,2.35,7.));
#2730 = VECTOR('',#2731,1.);
#2731 = DIRECTION('',(-0.,0.,-1.));
#2732 = ORIENTED_EDGE('',*,*,#2733,.T.);
#2733 = EDGE_CURVE('',#2726,#2734,#2736,.T.);
#2734 = VERTEX_POINT('',#2735);
#2735 = CARTESIAN_POINT('',(1.,2.35,7.));
#2736 = LINE('',#2737,#2738);
#2737 = CARTESIAN_POINT('',(12.45,2.35,7.));
#2738 = VECTOR('',#2739,1.);
#2739 = DIRECTION('',(-1.,1.224646799147E-16,0.));
#2740 = ORIENTED_EDGE('',*,*,#2741,.T.);
#2741 = EDGE_CURVE('',#2734,#2742,#2744,.T.);
#2742 = VERTEX_POINT('',#2743);
#2743 = CARTESIAN_POINT('',(1.,2.35,3.1));
#2744 = LINE('',#2745,#2746);
#2745 = CARTESIAN_POINT('',(1.,2.35,7.));
#2746 = VECTOR('',#2747,1.);
#2747 = DIRECTION('',(-0.,0.,-1.));
#2748 = ORIENTED_EDGE('',*,*,#2749,.T.);
#2749 = EDGE_CURVE('',#2742,#2750,#2752,.T.);
#2750 = VERTEX_POINT('',#2751);
#2751 = CARTESIAN_POINT('',(0.25,2.35,3.1));
#2752 = LINE('',#2753,#2754);
#2753 = CARTESIAN_POINT('',(1.,2.35,3.1));
#2754 = VECTOR('',#2755,1.);
#2755 = DIRECTION('',(-1.,1.224646799147E-16,0.));
#2756 = ORIENTED_EDGE('',*,*,#2757,.T.);
#2757 = EDGE_CURVE('',#2750,#2758,#2760,.T.);
#2758 = VERTEX_POINT('',#2759);
#2759 = CARTESIAN_POINT('',(-0.5,2.35,3.85));
#2760 = CIRCLE('',#2761,0.75);
#2761 = AXIS2_PLACEMENT_3D('',#2762,#2763,#2764);
#2762 = CARTESIAN_POINT('',(0.25,2.35,3.85));
#2763 = DIRECTION('',(1.224646799147E-16,1.,-0.));
#2764 = DIRECTION('',(0.,0.,1.));
#2765 = ORIENTED_EDGE('',*,*,#2766,.T.);
#2766 = EDGE_CURVE('',#2758,#2767,#2769,.T.);
#2767 = VERTEX_POINT('',#2768);
#2768 = CARTESIAN_POINT('',(-0.5,2.35,5.6));
#2769 = LINE('',#2770,#2771);
#2770 = CARTESIAN_POINT('',(-0.5,2.35,3.1));
#2771 = VECTOR('',#2772,1.);
#2772 = DIRECTION('',(0.,0.,1.));
#2773 = ORIENTED_EDGE('',*,*,#2774,.T.);
#2774 = EDGE_CURVE('',#2767,#2775,#2777,.T.);
#2775 = VERTEX_POINT('',#2776);
#2776 = CARTESIAN_POINT('',(-0.25,2.35,5.85));
#2777 = LINE('',#2778,#2779);
#2778 = CARTESIAN_POINT('',(-0.5,2.35,5.6));
#2779 = VECTOR('',#2780,1.);
#2780 = DIRECTION('',(0.707106781187,-8.659560562349E-17,0.707106781187)
  );
#2781 = ORIENTED_EDGE('',*,*,#2782,.T.);
#2782 = EDGE_CURVE('',#2775,#2783,#2785,.T.);
#2783 = VERTEX_POINT('',#2784);
#2784 = CARTESIAN_POINT('',(-0.5,2.35,6.1));
#2785 = LINE('',#2786,#2787);
#2786 = CARTESIAN_POINT('',(-0.25,2.35,5.85));
#2787 = VECTOR('',#2788,1.);
#2788 = DIRECTION('',(-0.707106781187,8.659560562349E-17,0.707106781187)
  );
#2789 = ORIENTED_EDGE('',*,*,#2790,.T.);
#2790 = EDGE_CURVE('',#2783,#2637,#2791,.T.);
#2791 = LINE('',#2792,#2793);
#2792 = CARTESIAN_POINT('',(-0.5,2.35,6.1));
#2793 = VECTOR('',#2794,1.);
#2794 = DIRECTION('',(0.,0.,1.));
#2795 = ORIENTED_EDGE('',*,*,#2644,.T.);
#2796 = ORIENTED_EDGE('',*,*,#1981,.F.);
#2797 = ORIENTED_EDGE('',*,*,#2432,.F.);
#2798 = ORIENTED_EDGE('',*,*,#2799,.T.);
#2799 = EDGE_CURVE('',#2425,#2800,#2802,.T.);
#2800 = VERTEX_POINT('',#2801);
#2801 = CARTESIAN_POINT('',(-0.75,2.35,1.));
#2802 = LINE('',#2803,#2804);
#2803 = CARTESIAN_POINT('',(-0.75,2.35,0.));
#2804 = VECTOR('',#2805,1.);
#2805 = DIRECTION('',(0.,0.,1.));
#2806 = ORIENTED_EDGE('',*,*,#2807,.F.);
#2807 = EDGE_CURVE('',#2808,#2800,#2810,.T.);
#2808 = VERTEX_POINT('',#2809);
#2809 = CARTESIAN_POINT('',(0.75,2.35,1.));
#2810 = LINE('',#2811,#2812);
#2811 = CARTESIAN_POINT('',(0.75,2.35,1.));
#2812 = VECTOR('',#2813,1.);
#2813 = DIRECTION('',(-1.,1.224646799147E-16,0.));
#2814 = ORIENTED_EDGE('',*,*,#2815,.F.);
#2815 = EDGE_CURVE('',#2816,#2808,#2818,.T.);
#2816 = VERTEX_POINT('',#2817);
#2817 = CARTESIAN_POINT('',(0.75,2.35,0.));
#2818 = LINE('',#2819,#2820);
#2819 = CARTESIAN_POINT('',(0.75,2.35,0.));
#2820 = VECTOR('',#2821,1.);
#2821 = DIRECTION('',(0.,0.,1.));
#2822 = ORIENTED_EDGE('',*,*,#2823,.F.);
#2823 = EDGE_CURVE('',#2824,#2816,#2826,.T.);
#2824 = VERTEX_POINT('',#2825);
#2825 = CARTESIAN_POINT('',(1.75,2.35,0.));
#2826 = LINE('',#2827,#2828);
#2827 = CARTESIAN_POINT('',(12.45,2.35,0.));
#2828 = VECTOR('',#2829,1.);
#2829 = DIRECTION('',(-1.,1.224646799147E-16,0.));
#2830 = ORIENTED_EDGE('',*,*,#2831,.T.);
#2831 = EDGE_CURVE('',#2824,#2832,#2834,.T.);
#2832 = VERTEX_POINT('',#2833);
#2833 = CARTESIAN_POINT('',(1.75,2.35,1.));
#2834 = LINE('',#2835,#2836);
#2835 = CARTESIAN_POINT('',(1.75,2.35,0.));
#2836 = VECTOR('',#2837,1.);
#2837 = DIRECTION('',(0.,0.,1.));
#2838 = ORIENTED_EDGE('',*,*,#2839,.F.);
#2839 = EDGE_CURVE('',#2840,#2832,#2842,.T.);
#2840 = VERTEX_POINT('',#2841);
#2841 = CARTESIAN_POINT('',(3.25,2.35,1.));
#2842 = LINE('',#2843,#2844);
#2843 = CARTESIAN_POINT('',(3.25,2.35,1.));
#2844 = VECTOR('',#2845,1.);
#2845 = DIRECTION('',(-1.,1.224646799147E-16,0.));
#2846 = ORIENTED_EDGE('',*,*,#2847,.F.);
#2847 = EDGE_CURVE('',#2848,#2840,#2850,.T.);
#2848 = VERTEX_POINT('',#2849);
#2849 = CARTESIAN_POINT('',(3.25,2.35,0.));
#2850 = LINE('',#2851,#2852);
#2851 = CARTESIAN_POINT('',(3.25,2.35,0.));
#2852 = VECTOR('',#2853,1.);
#2853 = DIRECTION('',(0.,0.,1.));
#2854 = ORIENTED_EDGE('',*,*,#2855,.F.);
#2855 = EDGE_CURVE('',#2856,#2848,#2858,.T.);
#2856 = VERTEX_POINT('',#2857);
#2857 = CARTESIAN_POINT('',(4.25,2.35,0.));
#2858 = LINE('',#2859,#2860);
#2859 = CARTESIAN_POINT('',(12.45,2.35,0.));
#2860 = VECTOR('',#2861,1.);
#2861 = DIRECTION('',(-1.,1.224646799147E-16,0.));
#2862 = ORIENTED_EDGE('',*,*,#2863,.T.);
#2863 = EDGE_CURVE('',#2856,#2864,#2866,.T.);
#2864 = VERTEX_POINT('',#2865);
#2865 = CARTESIAN_POINT('',(4.25,2.35,1.));
#2866 = LINE('',#2867,#2868);
#2867 = CARTESIAN_POINT('',(4.25,2.35,0.));
#2868 = VECTOR('',#2869,1.);
#2869 = DIRECTION('',(0.,0.,1.));
#2870 = ORIENTED_EDGE('',*,*,#2871,.F.);
#2871 = EDGE_CURVE('',#2872,#2864,#2874,.T.);
#2872 = VERTEX_POINT('',#2873);
#2873 = CARTESIAN_POINT('',(5.75,2.35,1.));
#2874 = LINE('',#2875,#2876);
#2875 = CARTESIAN_POINT('',(5.75,2.35,1.));
#2876 = VECTOR('',#2877,1.);
#2877 = DIRECTION('',(-1.,1.224646799147E-16,0.));
#2878 = ORIENTED_EDGE('',*,*,#2879,.F.);
#2879 = EDGE_CURVE('',#2880,#2872,#2882,.T.);
#2880 = VERTEX_POINT('',#2881);
#2881 = CARTESIAN_POINT('',(5.75,2.35,0.));
#2882 = LINE('',#2883,#2884);
#2883 = CARTESIAN_POINT('',(5.75,2.35,0.));
#2884 = VECTOR('',#2885,1.);
#2885 = DIRECTION('',(0.,0.,1.));
#2886 = ORIENTED_EDGE('',*,*,#2887,.F.);
#2887 = EDGE_CURVE('',#2888,#2880,#2890,.T.);
#2888 = VERTEX_POINT('',#2889);
#2889 = CARTESIAN_POINT('',(6.75,2.35,0.));
#2890 = LINE('',#2891,#2892);
#2891 = CARTESIAN_POINT('',(12.45,2.35,0.));
#2892 = VECTOR('',#2893,1.);
#2893 = DIRECTION('',(-1.,1.224646799147E-16,0.));
#2894 = ORIENTED_EDGE('',*,*,#2895,.T.);
#2895 = EDGE_CURVE('',#2888,#2896,#2898,.T.);
#2896 = VERTEX_POINT('',#2897);
#2897 = CARTESIAN_POINT('',(6.75,2.35,1.));
#2898 = LINE('',#2899,#2900);
#2899 = CARTESIAN_POINT('',(6.75,2.35,0.));
#2900 = VECTOR('',#2901,1.);
#2901 = DIRECTION('',(0.,0.,1.));
#2902 = ORIENTED_EDGE('',*,*,#2903,.F.);
#2903 = EDGE_CURVE('',#2904,#2896,#2906,.T.);
#2904 = VERTEX_POINT('',#2905);
#2905 = CARTESIAN_POINT('',(8.25,2.35,1.));
#2906 = LINE('',#2907,#2908);
#2907 = CARTESIAN_POINT('',(8.25,2.35,1.));
#2908 = VECTOR('',#2909,1.);
#2909 = DIRECTION('',(-1.,1.224646799147E-16,0.));
#2910 = ORIENTED_EDGE('',*,*,#2911,.F.);
#2911 = EDGE_CURVE('',#2912,#2904,#2914,.T.);
#2912 = VERTEX_POINT('',#2913);
#2913 = CARTESIAN_POINT('',(8.25,2.35,0.));
#2914 = LINE('',#2915,#2916);
#2915 = CARTESIAN_POINT('',(8.25,2.35,0.));
#2916 = VECTOR('',#2917,1.);
#2917 = DIRECTION('',(0.,0.,1.));
#2918 = ORIENTED_EDGE('',*,*,#2919,.F.);
#2919 = EDGE_CURVE('',#2920,#2912,#2922,.T.);
#2920 = VERTEX_POINT('',#2921);
#2921 = CARTESIAN_POINT('',(9.25,2.35,0.));
#2922 = LINE('',#2923,#2924);
#2923 = CARTESIAN_POINT('',(12.45,2.35,0.));
#2924 = VECTOR('',#2925,1.);
#2925 = DIRECTION('',(-1.,1.224646799147E-16,0.));
#2926 = ORIENTED_EDGE('',*,*,#2927,.T.);
#2927 = EDGE_CURVE('',#2920,#2928,#2930,.T.);
#2928 = VERTEX_POINT('',#2929);
#2929 = CARTESIAN_POINT('',(9.25,2.35,1.));
#2930 = LINE('',#2931,#2932);
#2931 = CARTESIAN_POINT('',(9.25,2.35,0.));
#2932 = VECTOR('',#2933,1.);
#2933 = DIRECTION('',(0.,0.,1.));
#2934 = ORIENTED_EDGE('',*,*,#2935,.F.);
#2935 = EDGE_CURVE('',#2936,#2928,#2938,.T.);
#2936 = VERTEX_POINT('',#2937);
#2937 = CARTESIAN_POINT('',(10.75,2.35,1.));
#2938 = LINE('',#2939,#2940);
#2939 = CARTESIAN_POINT('',(10.75,2.35,1.));
#2940 = VECTOR('',#2941,1.);
#2941 = DIRECTION('',(-1.,1.224646799147E-16,0.));
#2942 = ORIENTED_EDGE('',*,*,#2943,.F.);
#2943 = EDGE_CURVE('',#2660,#2936,#2944,.T.);
#2944 = LINE('',#2945,#2946);
#2945 = CARTESIAN_POINT('',(10.75,2.35,0.));
#2946 = VECTOR('',#2947,1.);
#2947 = DIRECTION('',(0.,0.,1.));
#2948 = PLANE('',#2949);
#2949 = AXIS2_PLACEMENT_3D('',#2950,#2951,#2952);
#2950 = CARTESIAN_POINT('',(12.45,2.35,0.));
#2951 = DIRECTION('',(-1.224646799147E-16,-1.,0.));
#2952 = DIRECTION('',(-1.,1.224646799147E-16,0.));
#2953 = ADVANCED_FACE('',(#2954),#2972,.F.);
#2954 = FACE_BOUND('',#2955,.F.);
#2955 = EDGE_LOOP('',(#2956,#2957,#2965,#2971));
#2956 = ORIENTED_EDGE('',*,*,#2392,.T.);
#2957 = ORIENTED_EDGE('',*,*,#2958,.T.);
#2958 = EDGE_CURVE('',#2385,#2959,#2961,.T.);
#2959 = VERTEX_POINT('',#2960);
#2960 = CARTESIAN_POINT('',(11.6,-2.65,1.85));
#2961 = LINE('',#2962,#2963);
#2962 = CARTESIAN_POINT('',(-1.6,-2.65,1.85));
#2963 = VECTOR('',#2964,1.);
#2964 = DIRECTION('',(1.,-1.224646799147E-16,0.));
#2965 = ORIENTED_EDGE('',*,*,#2966,.F.);
#2966 = EDGE_CURVE('',#2039,#2959,#2967,.T.);
#2967 = LINE('',#2968,#2969);
#2968 = CARTESIAN_POINT('',(11.6,-2.65,7.));
#2969 = VECTOR('',#2970,1.);
#2970 = DIRECTION('',(0.,0.,-1.));
#2971 = ORIENTED_EDGE('',*,*,#2046,.F.);
#2972 = PLANE('',#2973);
#2973 = AXIS2_PLACEMENT_3D('',#2974,#2975,#2976);
#2974 = CARTESIAN_POINT('',(-1.6,-2.65,7.));
#2975 = DIRECTION('',(-1.224646799147E-16,-1.,0.));
#2976 = DIRECTION('',(1.,-1.224646799147E-16,0.));
#2977 = ADVANCED_FACE('',(#2978),#3005,.T.);
#2978 = FACE_BOUND('',#2979,.T.);
#2979 = EDGE_LOOP('',(#2980,#2981,#2989,#2997,#3003,#3004));
#2980 = ORIENTED_EDGE('',*,*,#2799,.T.);
#2981 = ORIENTED_EDGE('',*,*,#2982,.T.);
#2982 = EDGE_CURVE('',#2800,#2983,#2985,.T.);
#2983 = VERTEX_POINT('',#2984);
#2984 = CARTESIAN_POINT('',(-0.75,0.5,0.3));
#2985 = LINE('',#2986,#2987);
#2986 = CARTESIAN_POINT('',(-0.75,2.35,1.));
#2987 = VECTOR('',#2988,1.);
#2988 = DIRECTION('',(-1.14539532148E-16,-0.935286257456,-0.353892097416
    ));
#2989 = ORIENTED_EDGE('',*,*,#2990,.T.);
#2990 = EDGE_CURVE('',#2983,#2991,#2993,.T.);
#2991 = VERTEX_POINT('',#2992);
#2992 = CARTESIAN_POINT('',(-0.75,-0.5,0.3));
#2993 = LINE('',#2994,#2995);
#2994 = CARTESIAN_POINT('',(-0.75,0.5,0.3));
#2995 = VECTOR('',#2996,1.);
#2996 = DIRECTION('',(-1.224646799147E-16,-1.,0.));
#2997 = ORIENTED_EDGE('',*,*,#2998,.T.);
#2998 = EDGE_CURVE('',#2991,#2223,#2999,.T.);
#2999 = LINE('',#3000,#3001);
#3000 = CARTESIAN_POINT('',(-0.75,-0.5,0.3));
#3001 = VECTOR('',#3002,1.);
#3002 = DIRECTION('',(-1.190457365237E-16,-0.972082208573,0.234640533104
    ));
#3003 = ORIENTED_EDGE('',*,*,#2230,.T.);
#3004 = ORIENTED_EDGE('',*,*,#2424,.T.);
#3005 = PLANE('',#3006);
#3006 = AXIS2_PLACEMENT_3D('',#3007,#3008,#3009);
#3007 = CARTESIAN_POINT('',(-0.75,-0.515451356496,0.330008245993));
#3008 = DIRECTION('',(1.,-1.224646799147E-16,-1.256256073143E-32));
#3009 = DIRECTION('',(-1.256256073143E-32,1.538469978883E-48,-1.));
#3010 = ADVANCED_FACE('',(#3011),#3029,.F.);
#3011 = FACE_BOUND('',#3012,.F.);
#3012 = EDGE_LOOP('',(#3013,#3021,#3022,#3023));
#3013 = ORIENTED_EDGE('',*,*,#3014,.T.);
#3014 = EDGE_CURVE('',#3015,#2991,#3017,.T.);
#3015 = VERTEX_POINT('',#3016);
#3016 = CARTESIAN_POINT('',(0.75,-0.5,0.3));
#3017 = LINE('',#3018,#3019);
#3018 = CARTESIAN_POINT('',(0.75,-0.5,0.3));
#3019 = VECTOR('',#3020,1.);
#3020 = DIRECTION('',(-1.,1.224646799147E-16,0.));
#3021 = ORIENTED_EDGE('',*,*,#2998,.T.);
#3022 = ORIENTED_EDGE('',*,*,#2222,.F.);
#3023 = ORIENTED_EDGE('',*,*,#3024,.F.);
#3024 = EDGE_CURVE('',#3015,#2215,#3025,.T.);
#3025 = LINE('',#3026,#3027);
#3026 = CARTESIAN_POINT('',(0.75,-0.5,0.3));
#3027 = VECTOR('',#3028,1.);
#3028 = DIRECTION('',(-1.190457365237E-16,-0.972082208573,0.234640533104
    ));
#3029 = PLANE('',#3030);
#3030 = AXIS2_PLACEMENT_3D('',#3031,#3032,#3033);
#3031 = CARTESIAN_POINT('',(0.75,-0.5,0.3));
#3032 = DIRECTION('',(2.87351777816E-17,0.234640533104,0.972082208573));
#3033 = DIRECTION('',(-1.190457365237E-16,-0.972082208573,0.234640533104
    ));
#3034 = ADVANCED_FACE('',(#3035),#3060,.F.);
#3035 = FACE_BOUND('',#3036,.F.);
#3036 = EDGE_LOOP('',(#3037,#3038,#3046,#3052,#3053,#3054));
#3037 = ORIENTED_EDGE('',*,*,#2815,.T.);
#3038 = ORIENTED_EDGE('',*,*,#3039,.T.);
#3039 = EDGE_CURVE('',#2808,#3040,#3042,.T.);
#3040 = VERTEX_POINT('',#3041);
#3041 = CARTESIAN_POINT('',(0.75,0.5,0.3));
#3042 = LINE('',#3043,#3044);
#3043 = CARTESIAN_POINT('',(0.75,2.35,1.));
#3044 = VECTOR('',#3045,1.);
#3045 = DIRECTION('',(-1.14539532148E-16,-0.935286257456,-0.353892097416
    ));
#3046 = ORIENTED_EDGE('',*,*,#3047,.T.);
#3047 = EDGE_CURVE('',#3040,#3015,#3048,.T.);
#3048 = LINE('',#3049,#3050);
#3049 = CARTESIAN_POINT('',(0.75,0.5,0.3));
#3050 = VECTOR('',#3051,1.);
#3051 = DIRECTION('',(-1.224646799147E-16,-1.,0.));
#3052 = ORIENTED_EDGE('',*,*,#3024,.T.);
#3053 = ORIENTED_EDGE('',*,*,#2214,.T.);
#3054 = ORIENTED_EDGE('',*,*,#3055,.T.);
#3055 = EDGE_CURVE('',#2207,#2816,#3056,.T.);
#3056 = LINE('',#3057,#3058);
#3057 = CARTESIAN_POINT('',(0.75,-3.4,0.));
#3058 = VECTOR('',#3059,1.);
#3059 = DIRECTION('',(1.224646799147E-16,1.,0.));
#3060 = PLANE('',#3061);
#3061 = AXIS2_PLACEMENT_3D('',#3062,#3063,#3064);
#3062 = CARTESIAN_POINT('',(0.75,-0.515451356496,0.330008245993));
#3063 = DIRECTION('',(1.,-1.224646799147E-16,-1.256256073143E-32));
#3064 = DIRECTION('',(-1.256256073143E-32,1.538469978883E-48,-1.));
#3065 = ADVANCED_FACE('',(#3066),#3077,.F.);
#3066 = FACE_BOUND('',#3067,.F.);
#3067 = EDGE_LOOP('',(#3068,#3074,#3075,#3076));
#3068 = ORIENTED_EDGE('',*,*,#3069,.T.);
#3069 = EDGE_CURVE('',#2199,#2824,#3070,.T.);
#3070 = LINE('',#3071,#3072);
#3071 = CARTESIAN_POINT('',(1.75,-3.4,0.));
#3072 = VECTOR('',#3073,1.);
#3073 = DIRECTION('',(1.224646799147E-16,1.,0.));
#3074 = ORIENTED_EDGE('',*,*,#2823,.T.);
#3075 = ORIENTED_EDGE('',*,*,#3055,.F.);
#3076 = ORIENTED_EDGE('',*,*,#2206,.T.);
#3077 = PLANE('',#3078);
#3078 = AXIS2_PLACEMENT_3D('',#3079,#3080,#3081);
#3079 = CARTESIAN_POINT('',(5.,-0.525,0.));
#3080 = DIRECTION('',(0.,0.,1.));
#3081 = DIRECTION('',(-1.,1.224646799147E-16,0.));
#3082 = ADVANCED_FACE('',(#3083),#3110,.T.);
#3083 = FACE_BOUND('',#3084,.T.);
#3084 = EDGE_LOOP('',(#3085,#3086,#3094,#3102,#3108,#3109));
#3085 = ORIENTED_EDGE('',*,*,#2831,.T.);
#3086 = ORIENTED_EDGE('',*,*,#3087,.T.);
#3087 = EDGE_CURVE('',#2832,#3088,#3090,.T.);
#3088 = VERTEX_POINT('',#3089);
#3089 = CARTESIAN_POINT('',(1.75,0.5,0.3));
#3090 = LINE('',#3091,#3092);
#3091 = CARTESIAN_POINT('',(1.75,2.35,1.));
#3092 = VECTOR('',#3093,1.);
#3093 = DIRECTION('',(-1.14539532148E-16,-0.935286257456,-0.353892097416
    ));
#3094 = ORIENTED_EDGE('',*,*,#3095,.T.);
#3095 = EDGE_CURVE('',#3088,#3096,#3098,.T.);
#3096 = VERTEX_POINT('',#3097);
#3097 = CARTESIAN_POINT('',(1.75,-0.5,0.3));
#3098 = LINE('',#3099,#3100);
#3099 = CARTESIAN_POINT('',(1.75,0.5,0.3));
#3100 = VECTOR('',#3101,1.);
#3101 = DIRECTION('',(-1.224646799147E-16,-1.,0.));
#3102 = ORIENTED_EDGE('',*,*,#3103,.T.);
#3103 = EDGE_CURVE('',#3096,#2191,#3104,.T.);
#3104 = LINE('',#3105,#3106);
#3105 = CARTESIAN_POINT('',(1.75,-0.5,0.3));
#3106 = VECTOR('',#3107,1.);
#3107 = DIRECTION('',(-1.190457365237E-16,-0.972082208573,0.234640533104
    ));
#3108 = ORIENTED_EDGE('',*,*,#2198,.T.);
#3109 = ORIENTED_EDGE('',*,*,#3069,.T.);
#3110 = PLANE('',#3111);
#3111 = AXIS2_PLACEMENT_3D('',#3112,#3113,#3114);
#3112 = CARTESIAN_POINT('',(1.75,-0.515451356496,0.330008245993));
#3113 = DIRECTION('',(1.,-1.224646799147E-16,-1.256256073143E-32));
#3114 = DIRECTION('',(-1.256256073143E-32,1.538469978883E-48,-1.));
#3115 = ADVANCED_FACE('',(#3116),#3134,.F.);
#3116 = FACE_BOUND('',#3117,.F.);
#3117 = EDGE_LOOP('',(#3118,#3126,#3127,#3128));
#3118 = ORIENTED_EDGE('',*,*,#3119,.T.);
#3119 = EDGE_CURVE('',#3120,#3096,#3122,.T.);
#3120 = VERTEX_POINT('',#3121);
#3121 = CARTESIAN_POINT('',(3.25,-0.5,0.3));
#3122 = LINE('',#3123,#3124);
#3123 = CARTESIAN_POINT('',(3.25,-0.5,0.3));
#3124 = VECTOR('',#3125,1.);
#3125 = DIRECTION('',(-1.,1.224646799147E-16,0.));
#3126 = ORIENTED_EDGE('',*,*,#3103,.T.);
#3127 = ORIENTED_EDGE('',*,*,#2190,.F.);
#3128 = ORIENTED_EDGE('',*,*,#3129,.F.);
#3129 = EDGE_CURVE('',#3120,#2183,#3130,.T.);
#3130 = LINE('',#3131,#3132);
#3131 = CARTESIAN_POINT('',(3.25,-0.5,0.3));
#3132 = VECTOR('',#3133,1.);
#3133 = DIRECTION('',(-1.190457365237E-16,-0.972082208573,0.234640533104
    ));
#3134 = PLANE('',#3135);
#3135 = AXIS2_PLACEMENT_3D('',#3136,#3137,#3138);
#3136 = CARTESIAN_POINT('',(3.25,-0.5,0.3));
#3137 = DIRECTION('',(2.87351777816E-17,0.234640533104,0.972082208573));
#3138 = DIRECTION('',(-1.190457365237E-16,-0.972082208573,0.234640533104
    ));
#3139 = ADVANCED_FACE('',(#3140),#3165,.F.);
#3140 = FACE_BOUND('',#3141,.F.);
#3141 = EDGE_LOOP('',(#3142,#3143,#3151,#3157,#3158,#3159));
#3142 = ORIENTED_EDGE('',*,*,#2847,.T.);
#3143 = ORIENTED_EDGE('',*,*,#3144,.T.);
#3144 = EDGE_CURVE('',#2840,#3145,#3147,.T.);
#3145 = VERTEX_POINT('',#3146);
#3146 = CARTESIAN_POINT('',(3.25,0.5,0.3));
#3147 = LINE('',#3148,#3149);
#3148 = CARTESIAN_POINT('',(3.25,2.35,1.));
#3149 = VECTOR('',#3150,1.);
#3150 = DIRECTION('',(-1.14539532148E-16,-0.935286257456,-0.353892097416
    ));
#3151 = ORIENTED_EDGE('',*,*,#3152,.T.);
#3152 = EDGE_CURVE('',#3145,#3120,#3153,.T.);
#3153 = LINE('',#3154,#3155);
#3154 = CARTESIAN_POINT('',(3.25,0.5,0.3));
#3155 = VECTOR('',#3156,1.);
#3156 = DIRECTION('',(-1.224646799147E-16,-1.,0.));
#3157 = ORIENTED_EDGE('',*,*,#3129,.T.);
#3158 = ORIENTED_EDGE('',*,*,#2182,.T.);
#3159 = ORIENTED_EDGE('',*,*,#3160,.T.);
#3160 = EDGE_CURVE('',#2175,#2848,#3161,.T.);
#3161 = LINE('',#3162,#3163);
#3162 = CARTESIAN_POINT('',(3.25,-3.4,0.));
#3163 = VECTOR('',#3164,1.);
#3164 = DIRECTION('',(1.224646799147E-16,1.,0.));
#3165 = PLANE('',#3166);
#3166 = AXIS2_PLACEMENT_3D('',#3167,#3168,#3169);
#3167 = CARTESIAN_POINT('',(3.25,-0.515451356496,0.330008245993));
#3168 = DIRECTION('',(1.,-1.224646799147E-16,-1.256256073143E-32));
#3169 = DIRECTION('',(-1.256256073143E-32,1.538469978883E-48,-1.));
#3170 = ADVANCED_FACE('',(#3171),#3182,.F.);
#3171 = FACE_BOUND('',#3172,.F.);
#3172 = EDGE_LOOP('',(#3173,#3174,#3175,#3176));
#3173 = ORIENTED_EDGE('',*,*,#2855,.T.);
#3174 = ORIENTED_EDGE('',*,*,#3160,.F.);
#3175 = ORIENTED_EDGE('',*,*,#2174,.T.);
#3176 = ORIENTED_EDGE('',*,*,#3177,.T.);
#3177 = EDGE_CURVE('',#2167,#2856,#3178,.T.);
#3178 = LINE('',#3179,#3180);
#3179 = CARTESIAN_POINT('',(4.25,-3.4,0.));
#3180 = VECTOR('',#3181,1.);
#3181 = DIRECTION('',(1.224646799147E-16,1.,0.));
#3182 = PLANE('',#3183);
#3183 = AXIS2_PLACEMENT_3D('',#3184,#3185,#3186);
#3184 = CARTESIAN_POINT('',(5.,-0.525,0.));
#3185 = DIRECTION('',(0.,0.,1.));
#3186 = DIRECTION('',(-1.,1.224646799147E-16,0.));
#3187 = ADVANCED_FACE('',(#3188),#3215,.T.);
#3188 = FACE_BOUND('',#3189,.T.);
#3189 = EDGE_LOOP('',(#3190,#3191,#3199,#3207,#3213,#3214));
#3190 = ORIENTED_EDGE('',*,*,#2863,.T.);
#3191 = ORIENTED_EDGE('',*,*,#3192,.T.);
#3192 = EDGE_CURVE('',#2864,#3193,#3195,.T.);
#3193 = VERTEX_POINT('',#3194);
#3194 = CARTESIAN_POINT('',(4.25,0.5,0.3));
#3195 = LINE('',#3196,#3197);
#3196 = CARTESIAN_POINT('',(4.25,2.35,1.));
#3197 = VECTOR('',#3198,1.);
#3198 = DIRECTION('',(-1.14539532148E-16,-0.935286257456,-0.353892097416
    ));
#3199 = ORIENTED_EDGE('',*,*,#3200,.T.);
#3200 = EDGE_CURVE('',#3193,#3201,#3203,.T.);
#3201 = VERTEX_POINT('',#3202);
#3202 = CARTESIAN_POINT('',(4.25,-0.5,0.3));
#3203 = LINE('',#3204,#3205);
#3204 = CARTESIAN_POINT('',(4.25,0.5,0.3));
#3205 = VECTOR('',#3206,1.);
#3206 = DIRECTION('',(-1.224646799147E-16,-1.,0.));
#3207 = ORIENTED_EDGE('',*,*,#3208,.T.);
#3208 = EDGE_CURVE('',#3201,#2159,#3209,.T.);
#3209 = LINE('',#3210,#3211);
#3210 = CARTESIAN_POINT('',(4.25,-0.5,0.3));
#3211 = VECTOR('',#3212,1.);
#3212 = DIRECTION('',(-1.190457365237E-16,-0.972082208573,0.234640533104
    ));
#3213 = ORIENTED_EDGE('',*,*,#2166,.T.);
#3214 = ORIENTED_EDGE('',*,*,#3177,.T.);
#3215 = PLANE('',#3216);
#3216 = AXIS2_PLACEMENT_3D('',#3217,#3218,#3219);
#3217 = CARTESIAN_POINT('',(4.25,-0.515451356496,0.330008245993));
#3218 = DIRECTION('',(1.,-1.224646799147E-16,-1.256256073143E-32));
#3219 = DIRECTION('',(-1.256256073143E-32,1.538469978883E-48,-1.));
#3220 = ADVANCED_FACE('',(#3221),#3239,.F.);
#3221 = FACE_BOUND('',#3222,.F.);
#3222 = EDGE_LOOP('',(#3223,#3231,#3232,#3233));
#3223 = ORIENTED_EDGE('',*,*,#3224,.T.);
#3224 = EDGE_CURVE('',#3225,#3201,#3227,.T.);
#3225 = VERTEX_POINT('',#3226);
#3226 = CARTESIAN_POINT('',(5.75,-0.5,0.3));
#3227 = LINE('',#3228,#3229);
#3228 = CARTESIAN_POINT('',(5.75,-0.5,0.3));
#3229 = VECTOR('',#3230,1.);
#3230 = DIRECTION('',(-1.,1.224646799147E-16,0.));
#3231 = ORIENTED_EDGE('',*,*,#3208,.T.);
#3232 = ORIENTED_EDGE('',*,*,#2158,.F.);
#3233 = ORIENTED_EDGE('',*,*,#3234,.F.);
#3234 = EDGE_CURVE('',#3225,#2151,#3235,.T.);
#3235 = LINE('',#3236,#3237);
#3236 = CARTESIAN_POINT('',(5.75,-0.5,0.3));
#3237 = VECTOR('',#3238,1.);
#3238 = DIRECTION('',(-1.190457365237E-16,-0.972082208573,0.234640533104
    ));
#3239 = PLANE('',#3240);
#3240 = AXIS2_PLACEMENT_3D('',#3241,#3242,#3243);
#3241 = CARTESIAN_POINT('',(5.75,-0.5,0.3));
#3242 = DIRECTION('',(2.87351777816E-17,0.234640533104,0.972082208573));
#3243 = DIRECTION('',(-1.190457365237E-16,-0.972082208573,0.234640533104
    ));
#3244 = ADVANCED_FACE('',(#3245),#3270,.F.);
#3245 = FACE_BOUND('',#3246,.F.);
#3246 = EDGE_LOOP('',(#3247,#3248,#3256,#3262,#3263,#3264));
#3247 = ORIENTED_EDGE('',*,*,#2879,.T.);
#3248 = ORIENTED_EDGE('',*,*,#3249,.T.);
#3249 = EDGE_CURVE('',#2872,#3250,#3252,.T.);
#3250 = VERTEX_POINT('',#3251);
#3251 = CARTESIAN_POINT('',(5.75,0.5,0.3));
#3252 = LINE('',#3253,#3254);
#3253 = CARTESIAN_POINT('',(5.75,2.35,1.));
#3254 = VECTOR('',#3255,1.);
#3255 = DIRECTION('',(-1.14539532148E-16,-0.935286257456,-0.353892097416
    ));
#3256 = ORIENTED_EDGE('',*,*,#3257,.T.);
#3257 = EDGE_CURVE('',#3250,#3225,#3258,.T.);
#3258 = LINE('',#3259,#3260);
#3259 = CARTESIAN_POINT('',(5.75,0.5,0.3));
#3260 = VECTOR('',#3261,1.);
#3261 = DIRECTION('',(-1.224646799147E-16,-1.,0.));
#3262 = ORIENTED_EDGE('',*,*,#3234,.T.);
#3263 = ORIENTED_EDGE('',*,*,#2150,.T.);
#3264 = ORIENTED_EDGE('',*,*,#3265,.T.);
#3265 = EDGE_CURVE('',#2143,#2880,#3266,.T.);
#3266 = LINE('',#3267,#3268);
#3267 = CARTESIAN_POINT('',(5.75,-3.4,0.));
#3268 = VECTOR('',#3269,1.);
#3269 = DIRECTION('',(1.224646799147E-16,1.,0.));
#3270 = PLANE('',#3271);
#3271 = AXIS2_PLACEMENT_3D('',#3272,#3273,#3274);
#3272 = CARTESIAN_POINT('',(5.75,-0.515451356496,0.330008245993));
#3273 = DIRECTION('',(1.,-1.224646799147E-16,-1.256256073143E-32));
#3274 = DIRECTION('',(-1.256256073143E-32,1.538469978883E-48,-1.));
#3275 = ADVANCED_FACE('',(#3276),#3287,.F.);
#3276 = FACE_BOUND('',#3277,.F.);
#3277 = EDGE_LOOP('',(#3278,#3279,#3280,#3286));
#3278 = ORIENTED_EDGE('',*,*,#3265,.F.);
#3279 = ORIENTED_EDGE('',*,*,#2142,.T.);
#3280 = ORIENTED_EDGE('',*,*,#3281,.T.);
#3281 = EDGE_CURVE('',#2135,#2888,#3282,.T.);
#3282 = LINE('',#3283,#3284);
#3283 = CARTESIAN_POINT('',(6.75,-3.4,0.));
#3284 = VECTOR('',#3285,1.);
#3285 = DIRECTION('',(1.224646799147E-16,1.,0.));
#3286 = ORIENTED_EDGE('',*,*,#2887,.T.);
#3287 = PLANE('',#3288);
#3288 = AXIS2_PLACEMENT_3D('',#3289,#3290,#3291);
#3289 = CARTESIAN_POINT('',(5.,-0.525,0.));
#3290 = DIRECTION('',(0.,0.,1.));
#3291 = DIRECTION('',(-1.,1.224646799147E-16,0.));
#3292 = ADVANCED_FACE('',(#3293),#3320,.T.);
#3293 = FACE_BOUND('',#3294,.T.);
#3294 = EDGE_LOOP('',(#3295,#3296,#3304,#3312,#3318,#3319));
#3295 = ORIENTED_EDGE('',*,*,#2895,.T.);
#3296 = ORIENTED_EDGE('',*,*,#3297,.T.);
#3297 = EDGE_CURVE('',#2896,#3298,#3300,.T.);
#3298 = VERTEX_POINT('',#3299);
#3299 = CARTESIAN_POINT('',(6.75,0.5,0.3));
#3300 = LINE('',#3301,#3302);
#3301 = CARTESIAN_POINT('',(6.75,2.35,1.));
#3302 = VECTOR('',#3303,1.);
#3303 = DIRECTION('',(-1.14539532148E-16,-0.935286257456,-0.353892097416
    ));
#3304 = ORIENTED_EDGE('',*,*,#3305,.T.);
#3305 = EDGE_CURVE('',#3298,#3306,#3308,.T.);
#3306 = VERTEX_POINT('',#3307);
#3307 = CARTESIAN_POINT('',(6.75,-0.5,0.3));
#3308 = LINE('',#3309,#3310);
#3309 = CARTESIAN_POINT('',(6.75,0.5,0.3));
#3310 = VECTOR('',#3311,1.);
#3311 = DIRECTION('',(-1.224646799147E-16,-1.,0.));
#3312 = ORIENTED_EDGE('',*,*,#3313,.T.);
#3313 = EDGE_CURVE('',#3306,#2127,#3314,.T.);
#3314 = LINE('',#3315,#3316);
#3315 = CARTESIAN_POINT('',(6.75,-0.5,0.3));
#3316 = VECTOR('',#3317,1.);
#3317 = DIRECTION('',(-1.190457365237E-16,-0.972082208573,0.234640533104
    ));
#3318 = ORIENTED_EDGE('',*,*,#2134,.T.);
#3319 = ORIENTED_EDGE('',*,*,#3281,.T.);
#3320 = PLANE('',#3321);
#3321 = AXIS2_PLACEMENT_3D('',#3322,#3323,#3324);
#3322 = CARTESIAN_POINT('',(6.75,-0.515451356496,0.330008245993));
#3323 = DIRECTION('',(1.,-1.224646799147E-16,-1.256256073143E-32));
#3324 = DIRECTION('',(-1.256256073143E-32,1.538469978883E-48,-1.));
#3325 = ADVANCED_FACE('',(#3326),#3344,.F.);
#3326 = FACE_BOUND('',#3327,.F.);
#3327 = EDGE_LOOP('',(#3328,#3336,#3337,#3338));
#3328 = ORIENTED_EDGE('',*,*,#3329,.T.);
#3329 = EDGE_CURVE('',#3330,#3306,#3332,.T.);
#3330 = VERTEX_POINT('',#3331);
#3331 = CARTESIAN_POINT('',(8.25,-0.5,0.3));
#3332 = LINE('',#3333,#3334);
#3333 = CARTESIAN_POINT('',(8.25,-0.5,0.3));
#3334 = VECTOR('',#3335,1.);
#3335 = DIRECTION('',(-1.,1.224646799147E-16,0.));
#3336 = ORIENTED_EDGE('',*,*,#3313,.T.);
#3337 = ORIENTED_EDGE('',*,*,#2126,.F.);
#3338 = ORIENTED_EDGE('',*,*,#3339,.F.);
#3339 = EDGE_CURVE('',#3330,#2119,#3340,.T.);
#3340 = LINE('',#3341,#3342);
#3341 = CARTESIAN_POINT('',(8.25,-0.5,0.3));
#3342 = VECTOR('',#3343,1.);
#3343 = DIRECTION('',(-1.190457365237E-16,-0.972082208573,0.234640533104
    ));
#3344 = PLANE('',#3345);
#3345 = AXIS2_PLACEMENT_3D('',#3346,#3347,#3348);
#3346 = CARTESIAN_POINT('',(8.25,-0.5,0.3));
#3347 = DIRECTION('',(2.87351777816E-17,0.234640533104,0.972082208573));
#3348 = DIRECTION('',(-1.190457365237E-16,-0.972082208573,0.234640533104
    ));
#3349 = ADVANCED_FACE('',(#3350),#3375,.F.);
#3350 = FACE_BOUND('',#3351,.F.);
#3351 = EDGE_LOOP('',(#3352,#3353,#3361,#3367,#3368,#3369));
#3352 = ORIENTED_EDGE('',*,*,#2911,.T.);
#3353 = ORIENTED_EDGE('',*,*,#3354,.T.);
#3354 = EDGE_CURVE('',#2904,#3355,#3357,.T.);
#3355 = VERTEX_POINT('',#3356);
#3356 = CARTESIAN_POINT('',(8.25,0.5,0.3));
#3357 = LINE('',#3358,#3359);
#3358 = CARTESIAN_POINT('',(8.25,2.35,1.));
#3359 = VECTOR('',#3360,1.);
#3360 = DIRECTION('',(-1.14539532148E-16,-0.935286257456,-0.353892097416
    ));
#3361 = ORIENTED_EDGE('',*,*,#3362,.T.);
#3362 = EDGE_CURVE('',#3355,#3330,#3363,.T.);
#3363 = LINE('',#3364,#3365);
#3364 = CARTESIAN_POINT('',(8.25,0.5,0.3));
#3365 = VECTOR('',#3366,1.);
#3366 = DIRECTION('',(-1.224646799147E-16,-1.,0.));
#3367 = ORIENTED_EDGE('',*,*,#3339,.T.);
#3368 = ORIENTED_EDGE('',*,*,#2118,.T.);
#3369 = ORIENTED_EDGE('',*,*,#3370,.T.);
#3370 = EDGE_CURVE('',#2111,#2912,#3371,.T.);
#3371 = LINE('',#3372,#3373);
#3372 = CARTESIAN_POINT('',(8.25,-3.4,0.));
#3373 = VECTOR('',#3374,1.);
#3374 = DIRECTION('',(1.224646799147E-16,1.,0.));
#3375 = PLANE('',#3376);
#3376 = AXIS2_PLACEMENT_3D('',#3377,#3378,#3379);
#3377 = CARTESIAN_POINT('',(8.25,-0.515451356496,0.330008245993));
#3378 = DIRECTION('',(1.,-1.224646799147E-16,-1.256256073143E-32));
#3379 = DIRECTION('',(-1.256256073143E-32,1.538469978883E-48,-1.));
#3380 = ADVANCED_FACE('',(#3381),#3392,.F.);
#3381 = FACE_BOUND('',#3382,.F.);
#3382 = EDGE_LOOP('',(#3383,#3384,#3390,#3391));
#3383 = ORIENTED_EDGE('',*,*,#2110,.T.);
#3384 = ORIENTED_EDGE('',*,*,#3385,.T.);
#3385 = EDGE_CURVE('',#2103,#2920,#3386,.T.);
#3386 = LINE('',#3387,#3388);
#3387 = CARTESIAN_POINT('',(9.25,-3.4,0.));
#3388 = VECTOR('',#3389,1.);
#3389 = DIRECTION('',(1.224646799147E-16,1.,0.));
#3390 = ORIENTED_EDGE('',*,*,#2919,.T.);
#3391 = ORIENTED_EDGE('',*,*,#3370,.F.);
#3392 = PLANE('',#3393);
#3393 = AXIS2_PLACEMENT_3D('',#3394,#3395,#3396);
#3394 = CARTESIAN_POINT('',(5.,-0.525,0.));
#3395 = DIRECTION('',(0.,0.,1.));
#3396 = DIRECTION('',(-1.,1.224646799147E-16,0.));
#3397 = ADVANCED_FACE('',(#3398),#3425,.T.);
#3398 = FACE_BOUND('',#3399,.T.);
#3399 = EDGE_LOOP('',(#3400,#3401,#3409,#3417,#3423,#3424));
#3400 = ORIENTED_EDGE('',*,*,#2927,.T.);
#3401 = ORIENTED_EDGE('',*,*,#3402,.T.);
#3402 = EDGE_CURVE('',#2928,#3403,#3405,.T.);
#3403 = VERTEX_POINT('',#3404);
#3404 = CARTESIAN_POINT('',(9.25,0.5,0.3));
#3405 = LINE('',#3406,#3407);
#3406 = CARTESIAN_POINT('',(9.25,2.35,1.));
#3407 = VECTOR('',#3408,1.);
#3408 = DIRECTION('',(-1.14539532148E-16,-0.935286257456,-0.353892097416
    ));
#3409 = ORIENTED_EDGE('',*,*,#3410,.T.);
#3410 = EDGE_CURVE('',#3403,#3411,#3413,.T.);
#3411 = VERTEX_POINT('',#3412);
#3412 = CARTESIAN_POINT('',(9.25,-0.5,0.3));
#3413 = LINE('',#3414,#3415);
#3414 = CARTESIAN_POINT('',(9.25,0.5,0.3));
#3415 = VECTOR('',#3416,1.);
#3416 = DIRECTION('',(-1.224646799147E-16,-1.,0.));
#3417 = ORIENTED_EDGE('',*,*,#3418,.T.);
#3418 = EDGE_CURVE('',#3411,#2095,#3419,.T.);
#3419 = LINE('',#3420,#3421);
#3420 = CARTESIAN_POINT('',(9.25,-0.5,0.3));
#3421 = VECTOR('',#3422,1.);
#3422 = DIRECTION('',(-1.190457365237E-16,-0.972082208573,0.234640533104
    ));
#3423 = ORIENTED_EDGE('',*,*,#2102,.T.);
#3424 = ORIENTED_EDGE('',*,*,#3385,.T.);
#3425 = PLANE('',#3426);
#3426 = AXIS2_PLACEMENT_3D('',#3427,#3428,#3429);
#3427 = CARTESIAN_POINT('',(9.25,-0.515451356496,0.330008245993));
#3428 = DIRECTION('',(1.,-1.224646799147E-16,-1.256256073143E-32));
#3429 = DIRECTION('',(-1.256256073143E-32,1.538469978883E-48,-1.));
#3430 = ADVANCED_FACE('',(#3431),#3449,.F.);
#3431 = FACE_BOUND('',#3432,.F.);
#3432 = EDGE_LOOP('',(#3433,#3441,#3442,#3443));
#3433 = ORIENTED_EDGE('',*,*,#3434,.T.);
#3434 = EDGE_CURVE('',#3435,#3411,#3437,.T.);
#3435 = VERTEX_POINT('',#3436);
#3436 = CARTESIAN_POINT('',(10.75,-0.5,0.3));
#3437 = LINE('',#3438,#3439);
#3438 = CARTESIAN_POINT('',(10.75,-0.5,0.3));
#3439 = VECTOR('',#3440,1.);
#3440 = DIRECTION('',(-1.,1.224646799147E-16,0.));
#3441 = ORIENTED_EDGE('',*,*,#3418,.T.);
#3442 = ORIENTED_EDGE('',*,*,#2094,.F.);
#3443 = ORIENTED_EDGE('',*,*,#3444,.F.);
#3444 = EDGE_CURVE('',#3435,#2087,#3445,.T.);
#3445 = LINE('',#3446,#3447);
#3446 = CARTESIAN_POINT('',(10.75,-0.5,0.3));
#3447 = VECTOR('',#3448,1.);
#3448 = DIRECTION('',(-1.190457365237E-16,-0.972082208573,0.234640533104
    ));
#3449 = PLANE('',#3450);
#3450 = AXIS2_PLACEMENT_3D('',#3451,#3452,#3453);
#3451 = CARTESIAN_POINT('',(10.75,-0.5,0.3));
#3452 = DIRECTION('',(2.87351777816E-17,0.234640533104,0.972082208573));
#3453 = DIRECTION('',(-1.190457365237E-16,-0.972082208573,0.234640533104
    ));
#3454 = ADVANCED_FACE('',(#3455),#3480,.F.);
#3455 = FACE_BOUND('',#3456,.F.);
#3456 = EDGE_LOOP('',(#3457,#3458,#3466,#3472,#3473,#3474));
#3457 = ORIENTED_EDGE('',*,*,#2943,.T.);
#3458 = ORIENTED_EDGE('',*,*,#3459,.T.);
#3459 = EDGE_CURVE('',#2936,#3460,#3462,.T.);
#3460 = VERTEX_POINT('',#3461);
#3461 = CARTESIAN_POINT('',(10.75,0.5,0.3));
#3462 = LINE('',#3463,#3464);
#3463 = CARTESIAN_POINT('',(10.75,2.35,1.));
#3464 = VECTOR('',#3465,1.);
#3465 = DIRECTION('',(-1.14539532148E-16,-0.935286257456,-0.353892097416
    ));
#3466 = ORIENTED_EDGE('',*,*,#3467,.T.);
#3467 = EDGE_CURVE('',#3460,#3435,#3468,.T.);
#3468 = LINE('',#3469,#3470);
#3469 = CARTESIAN_POINT('',(10.75,0.5,0.3));
#3470 = VECTOR('',#3471,1.);
#3471 = DIRECTION('',(-1.224646799147E-16,-1.,0.));
#3472 = ORIENTED_EDGE('',*,*,#3444,.T.);
#3473 = ORIENTED_EDGE('',*,*,#2086,.T.);
#3474 = ORIENTED_EDGE('',*,*,#3475,.T.);
#3475 = EDGE_CURVE('',#2079,#2660,#3476,.T.);
#3476 = LINE('',#3477,#3478);
#3477 = CARTESIAN_POINT('',(10.75,-3.4,0.));
#3478 = VECTOR('',#3479,1.);
#3479 = DIRECTION('',(1.224646799147E-16,1.,0.));
#3480 = PLANE('',#3481);
#3481 = AXIS2_PLACEMENT_3D('',#3482,#3483,#3484);
#3482 = CARTESIAN_POINT('',(10.75,-0.515451356496,0.330008245993));
#3483 = DIRECTION('',(1.,-1.224646799147E-16,-1.256256073143E-32));
#3484 = DIRECTION('',(-1.256256073143E-32,1.538469978883E-48,-1.));
#3485 = ADVANCED_FACE('',(#3486),#3492,.F.);
#3486 = FACE_BOUND('',#3487,.F.);
#3487 = EDGE_LOOP('',(#3488,#3489,#3490,#3491));
#3488 = ORIENTED_EDGE('',*,*,#2268,.T.);
#3489 = ORIENTED_EDGE('',*,*,#2659,.T.);
#3490 = ORIENTED_EDGE('',*,*,#3475,.F.);
#3491 = ORIENTED_EDGE('',*,*,#2078,.T.);
#3492 = PLANE('',#3493);
#3493 = AXIS2_PLACEMENT_3D('',#3494,#3495,#3496);
#3494 = CARTESIAN_POINT('',(5.,-0.525,0.));
#3495 = DIRECTION('',(0.,0.,1.));
#3496 = DIRECTION('',(-1.,1.224646799147E-16,0.));
#3497 = ADVANCED_FACE('',(#3498),#3525,.F.);
#3498 = FACE_BOUND('',#3499,.F.);
#3499 = EDGE_LOOP('',(#3500,#3501,#3502,#3503,#3509,#3510,#3519));
#3500 = ORIENTED_EDGE('',*,*,#2343,.T.);
#3501 = ORIENTED_EDGE('',*,*,#2254,.F.);
#3502 = ORIENTED_EDGE('',*,*,#2966,.T.);
#3503 = ORIENTED_EDGE('',*,*,#3504,.T.);
#3504 = EDGE_CURVE('',#2959,#2606,#3505,.T.);
#3505 = LINE('',#3506,#3507);
#3506 = CARTESIAN_POINT('',(11.6,-2.65,1.85));
#3507 = VECTOR('',#3508,1.);
#3508 = DIRECTION('',(1.224646799147E-16,1.,0.));
#3509 = ORIENTED_EDGE('',*,*,#2613,.F.);
#3510 = ORIENTED_EDGE('',*,*,#3511,.F.);
#3511 = EDGE_CURVE('',#3512,#2614,#3514,.T.);
#3512 = VERTEX_POINT('',#3513);
#3513 = CARTESIAN_POINT('',(11.6,1.,3.65));
#3514 = CIRCLE('',#3515,0.5);
#3515 = AXIS2_PLACEMENT_3D('',#3516,#3517,#3518);
#3516 = CARTESIAN_POINT('',(11.6,1.,4.15));
#3517 = DIRECTION('',(1.,-1.224646799147E-16,0.));
#3518 = DIRECTION('',(1.224646799147E-16,1.,0.));
#3519 = ORIENTED_EDGE('',*,*,#3520,.T.);
#3520 = EDGE_CURVE('',#3512,#2336,#3521,.T.);
#3521 = LINE('',#3522,#3523);
#3522 = CARTESIAN_POINT('',(11.6,-0.825,3.65));
#3523 = VECTOR('',#3524,1.);
#3524 = DIRECTION('',(-1.224646799147E-16,-1.,0.));
#3525 = PLANE('',#3526);
#3526 = AXIS2_PLACEMENT_3D('',#3527,#3528,#3529);
#3527 = CARTESIAN_POINT('',(11.6,-2.65,7.));
#3528 = DIRECTION('',(1.,-1.224646799147E-16,0.));
#3529 = DIRECTION('',(1.224646799147E-16,1.,0.));
#3530 = ADVANCED_FACE('',(#3531),#3542,.T.);
#3531 = FACE_BOUND('',#3532,.T.);
#3532 = EDGE_LOOP('',(#3533,#3534,#3535,#3536));
#3533 = ORIENTED_EDGE('',*,*,#2466,.F.);
#3534 = ORIENTED_EDGE('',*,*,#2311,.T.);
#3535 = ORIENTED_EDGE('',*,*,#2668,.T.);
#3536 = ORIENTED_EDGE('',*,*,#3537,.T.);
#3537 = EDGE_CURVE('',#2669,#2467,#3538,.T.);
#3538 = LINE('',#3539,#3540);
#3539 = CARTESIAN_POINT('',(10.5,2.35,7.));
#3540 = VECTOR('',#3541,1.);
#3541 = DIRECTION('',(-1.224646799147E-16,-1.,0.));
#3542 = PLANE('',#3543);
#3543 = AXIS2_PLACEMENT_3D('',#3544,#3545,#3546);
#3544 = CARTESIAN_POINT('',(5.,-0.525,7.));
#3545 = DIRECTION('',(0.,0.,1.));
#3546 = DIRECTION('',(-1.,1.224646799147E-16,0.));
#3547 = ADVANCED_FACE('',(#3548),#3559,.F.);
#3548 = FACE_BOUND('',#3549,.F.);
#3549 = EDGE_LOOP('',(#3550,#3556,#3557,#3558));
#3550 = ORIENTED_EDGE('',*,*,#3551,.T.);
#3551 = EDGE_CURVE('',#2287,#3512,#3552,.T.);
#3552 = LINE('',#3553,#3554);
#3553 = CARTESIAN_POINT('',(12.45,1.,3.65));
#3554 = VECTOR('',#3555,1.);
#3555 = DIRECTION('',(-1.,1.224646799147E-16,0.));
#3556 = ORIENTED_EDGE('',*,*,#3511,.T.);
#3557 = ORIENTED_EDGE('',*,*,#2621,.F.);
#3558 = ORIENTED_EDGE('',*,*,#2294,.T.);
#3559 = CYLINDRICAL_SURFACE('',#3560,0.5);
#3560 = AXIS2_PLACEMENT_3D('',#3561,#3562,#3563);
#3561 = CARTESIAN_POINT('',(12.45,1.,4.15));
#3562 = DIRECTION('',(1.,-1.224646799147E-16,-0.));
#3563 = DIRECTION('',(1.224646799147E-16,1.,0.));
#3564 = ADVANCED_FACE('',(#3565),#3571,.T.);
#3565 = FACE_BOUND('',#3566,.T.);
#3566 = EDGE_LOOP('',(#3567,#3568,#3569,#3570));
#3567 = ORIENTED_EDGE('',*,*,#2286,.F.);
#3568 = ORIENTED_EDGE('',*,*,#3551,.T.);
#3569 = ORIENTED_EDGE('',*,*,#3520,.T.);
#3570 = ORIENTED_EDGE('',*,*,#2335,.F.);
#3571 = PLANE('',#3572);
#3572 = AXIS2_PLACEMENT_3D('',#3573,#3574,#3575);
#3573 = CARTESIAN_POINT('',(12.45,1.,3.65));
#3574 = DIRECTION('',(0.,0.,1.));
#3575 = DIRECTION('',(-1.224646799147E-16,-1.,0.));
#3576 = ADVANCED_FACE('',(#3577,#3583,#3617,#3651,#3685,#3719),#3753,.T.
  );
#3577 = FACE_BOUND('',#3578,.T.);
#3578 = EDGE_LOOP('',(#3579,#3580,#3581,#3582));
#3579 = ORIENTED_EDGE('',*,*,#2605,.T.);
#3580 = ORIENTED_EDGE('',*,*,#2384,.T.);
#3581 = ORIENTED_EDGE('',*,*,#2958,.T.);
#3582 = ORIENTED_EDGE('',*,*,#3504,.T.);
#3583 = FACE_BOUND('',#3584,.T.);
#3584 = EDGE_LOOP('',(#3585,#3595,#3603,#3611));
#3585 = ORIENTED_EDGE('',*,*,#3586,.T.);
#3586 = EDGE_CURVE('',#3587,#3589,#3591,.T.);
#3587 = VERTEX_POINT('',#3588);
#3588 = CARTESIAN_POINT('',(5.32,0.32,1.85));
#3589 = VERTEX_POINT('',#3590);
#3590 = CARTESIAN_POINT('',(5.32,-0.32,1.85));
#3591 = LINE('',#3592,#3593);
#3592 = CARTESIAN_POINT('',(5.32,-0.2875,1.85));
#3593 = VECTOR('',#3594,1.);
#3594 = DIRECTION('',(-1.224646799147E-16,-1.,0.));
#3595 = ORIENTED_EDGE('',*,*,#3596,.T.);
#3596 = EDGE_CURVE('',#3589,#3597,#3599,.T.);
#3597 = VERTEX_POINT('',#3598);
#3598 = CARTESIAN_POINT('',(4.68,-0.32,1.85));
#3599 = LINE('',#3600,#3601);
#3600 = CARTESIAN_POINT('',(5.16,-0.32,1.85));
#3601 = VECTOR('',#3602,1.);
#3602 = DIRECTION('',(-1.,1.224646799147E-16,1.722253308054E-32));
#3603 = ORIENTED_EDGE('',*,*,#3604,.F.);
#3604 = EDGE_CURVE('',#3605,#3597,#3607,.T.);
#3605 = VERTEX_POINT('',#3606);
#3606 = CARTESIAN_POINT('',(4.68,0.32,1.85));
#3607 = LINE('',#3608,#3609);
#3608 = CARTESIAN_POINT('',(4.68,-0.2875,1.85));
#3609 = VECTOR('',#3610,1.);
#3610 = DIRECTION('',(-1.224646799147E-16,-1.,0.));
#3611 = ORIENTED_EDGE('',*,*,#3612,.T.);
#3612 = EDGE_CURVE('',#3605,#3587,#3613,.T.);
#3613 = LINE('',#3614,#3615);
#3614 = CARTESIAN_POINT('',(5.16,0.32,1.85));
#3615 = VECTOR('',#3616,1.);
#3616 = DIRECTION('',(1.,-1.224646799147E-16,-1.722253308054E-32));
#3617 = FACE_BOUND('',#3618,.T.);
#3618 = EDGE_LOOP('',(#3619,#3629,#3637,#3645));
#3619 = ORIENTED_EDGE('',*,*,#3620,.F.);
#3620 = EDGE_CURVE('',#3621,#3623,#3625,.T.);
#3621 = VERTEX_POINT('',#3622);
#3622 = CARTESIAN_POINT('',(7.18,0.32,1.85));
#3623 = VERTEX_POINT('',#3624);
#3624 = CARTESIAN_POINT('',(7.18,-0.32,1.85));
#3625 = LINE('',#3626,#3627);
#3626 = CARTESIAN_POINT('',(7.18,-0.2875,1.85));
#3627 = VECTOR('',#3628,1.);
#3628 = DIRECTION('',(-1.224646799147E-16,-1.,0.));
#3629 = ORIENTED_EDGE('',*,*,#3630,.T.);
#3630 = EDGE_CURVE('',#3621,#3631,#3633,.T.);
#3631 = VERTEX_POINT('',#3632);
#3632 = CARTESIAN_POINT('',(7.82,0.32,1.85));
#3633 = LINE('',#3634,#3635);
#3634 = CARTESIAN_POINT('',(6.41,0.32,1.85));
#3635 = VECTOR('',#3636,1.);
#3636 = DIRECTION('',(1.,-1.224646799147E-16,-1.722253308054E-32));
#3637 = ORIENTED_EDGE('',*,*,#3638,.T.);
#3638 = EDGE_CURVE('',#3631,#3639,#3641,.T.);
#3639 = VERTEX_POINT('',#3640);
#3640 = CARTESIAN_POINT('',(7.82,-0.32,1.85));
#3641 = LINE('',#3642,#3643);
#3642 = CARTESIAN_POINT('',(7.82,-0.2875,1.85));
#3643 = VECTOR('',#3644,1.);
#3644 = DIRECTION('',(-1.224646799147E-16,-1.,0.));
#3645 = ORIENTED_EDGE('',*,*,#3646,.T.);
#3646 = EDGE_CURVE('',#3639,#3623,#3647,.T.);
#3647 = LINE('',#3648,#3649);
#3648 = CARTESIAN_POINT('',(6.41,-0.32,1.85));
#3649 = VECTOR('',#3650,1.);
#3650 = DIRECTION('',(-1.,1.224646799147E-16,1.722253308054E-32));
#3651 = FACE_BOUND('',#3652,.T.);
#3652 = EDGE_LOOP('',(#3653,#3663,#3671,#3679));
#3653 = ORIENTED_EDGE('',*,*,#3654,.T.);
#3654 = EDGE_CURVE('',#3655,#3657,#3659,.T.);
#3655 = VERTEX_POINT('',#3656);
#3656 = CARTESIAN_POINT('',(2.82,0.32,1.85));
#3657 = VERTEX_POINT('',#3658);
#3658 = CARTESIAN_POINT('',(2.82,-0.32,1.85));
#3659 = LINE('',#3660,#3661);
#3660 = CARTESIAN_POINT('',(2.82,-0.2875,1.85));
#3661 = VECTOR('',#3662,1.);
#3662 = DIRECTION('',(-1.224646799147E-16,-1.,0.));
#3663 = ORIENTED_EDGE('',*,*,#3664,.T.);
#3664 = EDGE_CURVE('',#3657,#3665,#3667,.T.);
#3665 = VERTEX_POINT('',#3666);
#3666 = CARTESIAN_POINT('',(2.18,-0.32,1.85));
#3667 = LINE('',#3668,#3669);
#3668 = CARTESIAN_POINT('',(3.91,-0.32,1.85));
#3669 = VECTOR('',#3670,1.);
#3670 = DIRECTION('',(-1.,1.224646799147E-16,1.722253308054E-32));
#3671 = ORIENTED_EDGE('',*,*,#3672,.F.);
#3672 = EDGE_CURVE('',#3673,#3665,#3675,.T.);
#3673 = VERTEX_POINT('',#3674);
#3674 = CARTESIAN_POINT('',(2.18,0.32,1.85));
#3675 = LINE('',#3676,#3677);
#3676 = CARTESIAN_POINT('',(2.18,-0.2875,1.85));
#3677 = VECTOR('',#3678,1.);
#3678 = DIRECTION('',(-1.224646799147E-16,-1.,0.));
#3679 = ORIENTED_EDGE('',*,*,#3680,.T.);
#3680 = EDGE_CURVE('',#3673,#3655,#3681,.T.);
#3681 = LINE('',#3682,#3683);
#3682 = CARTESIAN_POINT('',(3.91,0.32,1.85));
#3683 = VECTOR('',#3684,1.);
#3684 = DIRECTION('',(1.,-1.224646799147E-16,-1.722253308054E-32));
#3685 = FACE_BOUND('',#3686,.T.);
#3686 = EDGE_LOOP('',(#3687,#3697,#3705,#3713));
#3687 = ORIENTED_EDGE('',*,*,#3688,.T.);
#3688 = EDGE_CURVE('',#3689,#3691,#3693,.T.);
#3689 = VERTEX_POINT('',#3690);
#3690 = CARTESIAN_POINT('',(9.68,0.32,1.85));
#3691 = VERTEX_POINT('',#3692);
#3692 = CARTESIAN_POINT('',(10.32,0.32,1.85));
#3693 = LINE('',#3694,#3695);
#3694 = CARTESIAN_POINT('',(7.66,0.32,1.85));
#3695 = VECTOR('',#3696,1.);
#3696 = DIRECTION('',(1.,-1.224646799147E-16,-1.722253308054E-32));
#3697 = ORIENTED_EDGE('',*,*,#3698,.T.);
#3698 = EDGE_CURVE('',#3691,#3699,#3701,.T.);
#3699 = VERTEX_POINT('',#3700);
#3700 = CARTESIAN_POINT('',(10.32,-0.32,1.85));
#3701 = LINE('',#3702,#3703);
#3702 = CARTESIAN_POINT('',(10.32,-0.26920299558,1.85));
#3703 = VECTOR('',#3704,1.);
#3704 = DIRECTION('',(-1.224646799147E-16,-1.,0.));
#3705 = ORIENTED_EDGE('',*,*,#3706,.T.);
#3706 = EDGE_CURVE('',#3699,#3707,#3709,.T.);
#3707 = VERTEX_POINT('',#3708);
#3708 = CARTESIAN_POINT('',(9.68,-0.32,1.85));
#3709 = LINE('',#3710,#3711);
#3710 = CARTESIAN_POINT('',(7.66,-0.32,1.85));
#3711 = VECTOR('',#3712,1.);
#3712 = DIRECTION('',(-1.,1.224646799147E-16,1.722253308054E-32));
#3713 = ORIENTED_EDGE('',*,*,#3714,.F.);
#3714 = EDGE_CURVE('',#3689,#3707,#3715,.T.);
#3715 = LINE('',#3716,#3717);
#3716 = CARTESIAN_POINT('',(9.68,-0.26920299558,1.85));
#3717 = VECTOR('',#3718,1.);
#3718 = DIRECTION('',(-1.224646799147E-16,-1.,0.));
#3719 = FACE_BOUND('',#3720,.T.);
#3720 = EDGE_LOOP('',(#3721,#3731,#3739,#3747));
#3721 = ORIENTED_EDGE('',*,*,#3722,.F.);
#3722 = EDGE_CURVE('',#3723,#3725,#3727,.T.);
#3723 = VERTEX_POINT('',#3724);
#3724 = CARTESIAN_POINT('',(-0.32,0.32,1.85));
#3725 = VERTEX_POINT('',#3726);
#3726 = CARTESIAN_POINT('',(-0.32,-0.32,1.85));
#3727 = LINE('',#3728,#3729);
#3728 = CARTESIAN_POINT('',(-0.32,-0.26920299558,1.85));
#3729 = VECTOR('',#3730,1.);
#3730 = DIRECTION('',(-1.224646799147E-16,-1.,0.));
#3731 = ORIENTED_EDGE('',*,*,#3732,.T.);
#3732 = EDGE_CURVE('',#3723,#3733,#3735,.T.);
#3733 = VERTEX_POINT('',#3734);
#3734 = CARTESIAN_POINT('',(0.32,0.32,1.85));
#3735 = LINE('',#3736,#3737);
#3736 = CARTESIAN_POINT('',(2.66,0.32,1.85));
#3737 = VECTOR('',#3738,1.);
#3738 = DIRECTION('',(1.,-1.224646799147E-16,-1.722253308054E-32));
#3739 = ORIENTED_EDGE('',*,*,#3740,.T.);
#3740 = EDGE_CURVE('',#3733,#3741,#3743,.T.);
#3741 = VERTEX_POINT('',#3742);
#3742 = CARTESIAN_POINT('',(0.32,-0.32,1.85));
#3743 = LINE('',#3744,#3745);
#3744 = CARTESIAN_POINT('',(0.32,-0.26920299558,1.85));
#3745 = VECTOR('',#3746,1.);
#3746 = DIRECTION('',(-1.224646799147E-16,-1.,0.));
#3747 = ORIENTED_EDGE('',*,*,#3748,.T.);
#3748 = EDGE_CURVE('',#3741,#3725,#3749,.T.);
#3749 = LINE('',#3750,#3751);
#3750 = CARTESIAN_POINT('',(2.66,-0.32,1.85));
#3751 = VECTOR('',#3752,1.);
#3752 = DIRECTION('',(-1.,1.224646799147E-16,1.722253308054E-32));
#3753 = PLANE('',#3754);
#3754 = AXIS2_PLACEMENT_3D('',#3755,#3756,#3757);
#3755 = CARTESIAN_POINT('',(5.,-0.575,1.85));
#3756 = DIRECTION('',(1.722253308054E-32,-2.109152001029E-48,1.));
#3757 = DIRECTION('',(-1.,1.224646799147E-16,1.722253308054E-32));
#3758 = ADVANCED_FACE('',(#3759),#3770,.F.);
#3759 = FACE_BOUND('',#3760,.F.);
#3760 = EDGE_LOOP('',(#3761,#3762,#3768,#3769));
#3761 = ORIENTED_EDGE('',*,*,#2790,.F.);
#3762 = ORIENTED_EDGE('',*,*,#3763,.T.);
#3763 = EDGE_CURVE('',#2783,#2581,#3764,.T.);
#3764 = LINE('',#3765,#3766);
#3765 = CARTESIAN_POINT('',(-0.5,2.35,6.1));
#3766 = VECTOR('',#3767,1.);
#3767 = DIRECTION('',(-1.224646799147E-16,-1.,0.));
#3768 = ORIENTED_EDGE('',*,*,#2588,.F.);
#3769 = ORIENTED_EDGE('',*,*,#2636,.F.);
#3770 = PLANE('',#3771);
#3771 = AXIS2_PLACEMENT_3D('',#3772,#3773,#3774);
#3772 = CARTESIAN_POINT('',(-0.5,2.35,6.1));
#3773 = DIRECTION('',(-1.,1.224646799147E-16,0.));
#3774 = DIRECTION('',(0.,0.,1.));
#3775 = ADVANCED_FACE('',(#3776),#3787,.F.);
#3776 = FACE_BOUND('',#3777,.F.);
#3777 = EDGE_LOOP('',(#3778,#3779,#3785,#3786));
#3778 = ORIENTED_EDGE('',*,*,#2782,.F.);
#3779 = ORIENTED_EDGE('',*,*,#3780,.T.);
#3780 = EDGE_CURVE('',#2775,#2573,#3781,.T.);
#3781 = LINE('',#3782,#3783);
#3782 = CARTESIAN_POINT('',(-0.25,2.35,5.85));
#3783 = VECTOR('',#3784,1.);
#3784 = DIRECTION('',(-1.224646799147E-16,-1.,0.));
#3785 = ORIENTED_EDGE('',*,*,#2580,.F.);
#3786 = ORIENTED_EDGE('',*,*,#3763,.F.);
#3787 = PLANE('',#3788);
#3788 = AXIS2_PLACEMENT_3D('',#3789,#3790,#3791);
#3789 = CARTESIAN_POINT('',(-0.25,2.35,5.85));
#3790 = DIRECTION('',(-0.707106781187,8.659560562349E-17,-0.707106781187
    ));
#3791 = DIRECTION('',(-0.707106781187,8.659560562349E-17,0.707106781187)
  );
#3792 = ADVANCED_FACE('',(#3793),#3804,.F.);
#3793 = FACE_BOUND('',#3794,.F.);
#3794 = EDGE_LOOP('',(#3795,#3796,#3802,#3803));
#3795 = ORIENTED_EDGE('',*,*,#2774,.F.);
#3796 = ORIENTED_EDGE('',*,*,#3797,.T.);
#3797 = EDGE_CURVE('',#2767,#2565,#3798,.T.);
#3798 = LINE('',#3799,#3800);
#3799 = CARTESIAN_POINT('',(-0.5,2.35,5.6));
#3800 = VECTOR('',#3801,1.);
#3801 = DIRECTION('',(-1.224646799147E-16,-1.,0.));
#3802 = ORIENTED_EDGE('',*,*,#2572,.F.);
#3803 = ORIENTED_EDGE('',*,*,#3780,.F.);
#3804 = PLANE('',#3805);
#3805 = AXIS2_PLACEMENT_3D('',#3806,#3807,#3808);
#3806 = CARTESIAN_POINT('',(-0.5,2.35,5.6));
#3807 = DIRECTION('',(-0.707106781187,8.659560562349E-17,0.707106781187)
  );
#3808 = DIRECTION('',(0.707106781187,-8.659560562349E-17,0.707106781187)
  );
#3809 = ADVANCED_FACE('',(#3810),#3821,.F.);
#3810 = FACE_BOUND('',#3811,.F.);
#3811 = EDGE_LOOP('',(#3812,#3813,#3819,#3820));
#3812 = ORIENTED_EDGE('',*,*,#2766,.F.);
#3813 = ORIENTED_EDGE('',*,*,#3814,.T.);
#3814 = EDGE_CURVE('',#2758,#2556,#3815,.T.);
#3815 = LINE('',#3816,#3817);
#3816 = CARTESIAN_POINT('',(-0.5,2.35,3.85));
#3817 = VECTOR('',#3818,1.);
#3818 = DIRECTION('',(-1.224646799147E-16,-1.,0.));
#3819 = ORIENTED_EDGE('',*,*,#2564,.F.);
#3820 = ORIENTED_EDGE('',*,*,#3797,.F.);
#3821 = PLANE('',#3822);
#3822 = AXIS2_PLACEMENT_3D('',#3823,#3824,#3825);
#3823 = CARTESIAN_POINT('',(-0.5,2.35,3.1));
#3824 = DIRECTION('',(-1.,1.224646799147E-16,0.));
#3825 = DIRECTION('',(0.,0.,1.));
#3826 = ADVANCED_FACE('',(#3827),#3838,.F.);
#3827 = FACE_BOUND('',#3828,.F.);
#3828 = EDGE_LOOP('',(#3829,#3830,#3831,#3832));
#3829 = ORIENTED_EDGE('',*,*,#2555,.F.);
#3830 = ORIENTED_EDGE('',*,*,#3814,.F.);
#3831 = ORIENTED_EDGE('',*,*,#2757,.F.);
#3832 = ORIENTED_EDGE('',*,*,#3833,.T.);
#3833 = EDGE_CURVE('',#2750,#2548,#3834,.T.);
#3834 = LINE('',#3835,#3836);
#3835 = CARTESIAN_POINT('',(0.25,2.35,3.1));
#3836 = VECTOR('',#3837,1.);
#3837 = DIRECTION('',(-1.224646799147E-16,-1.,0.));
#3838 = CYLINDRICAL_SURFACE('',#3839,0.75);
#3839 = AXIS2_PLACEMENT_3D('',#3840,#3841,#3842);
#3840 = CARTESIAN_POINT('',(0.25,2.35,3.85));
#3841 = DIRECTION('',(-1.224646799147E-16,-1.,0.));
#3842 = DIRECTION('',(-0.,0.,-1.));
#3843 = ADVANCED_FACE('',(#3844),#3855,.F.);
#3844 = FACE_BOUND('',#3845,.F.);
#3845 = EDGE_LOOP('',(#3846,#3847,#3848,#3854));
#3846 = ORIENTED_EDGE('',*,*,#3833,.F.);
#3847 = ORIENTED_EDGE('',*,*,#2749,.F.);
#3848 = ORIENTED_EDGE('',*,*,#3849,.T.);
#3849 = EDGE_CURVE('',#2742,#2540,#3850,.T.);
#3850 = LINE('',#3851,#3852);
#3851 = CARTESIAN_POINT('',(1.,2.35,3.1));
#3852 = VECTOR('',#3853,1.);
#3853 = DIRECTION('',(-1.224646799147E-16,-1.,0.));
#3854 = ORIENTED_EDGE('',*,*,#2547,.F.);
#3855 = PLANE('',#3856);
#3856 = AXIS2_PLACEMENT_3D('',#3857,#3858,#3859);
#3857 = CARTESIAN_POINT('',(1.,2.35,3.1));
#3858 = DIRECTION('',(-0.,0.,-1.));
#3859 = DIRECTION('',(-1.,1.224646799147E-16,0.));
#3860 = ADVANCED_FACE('',(#3861),#3872,.F.);
#3861 = FACE_BOUND('',#3862,.F.);
#3862 = EDGE_LOOP('',(#3863,#3864,#3870,#3871));
#3863 = ORIENTED_EDGE('',*,*,#2741,.F.);
#3864 = ORIENTED_EDGE('',*,*,#3865,.T.);
#3865 = EDGE_CURVE('',#2734,#2532,#3866,.T.);
#3866 = LINE('',#3867,#3868);
#3867 = CARTESIAN_POINT('',(1.,2.35,7.));
#3868 = VECTOR('',#3869,1.);
#3869 = DIRECTION('',(-1.224646799147E-16,-1.,0.));
#3870 = ORIENTED_EDGE('',*,*,#2539,.F.);
#3871 = ORIENTED_EDGE('',*,*,#3849,.F.);
#3872 = PLANE('',#3873);
#3873 = AXIS2_PLACEMENT_3D('',#3874,#3875,#3876);
#3874 = CARTESIAN_POINT('',(1.,2.35,7.));
#3875 = DIRECTION('',(1.,-1.224646799147E-16,0.));
#3876 = DIRECTION('',(0.,-0.,-1.));
#3877 = ADVANCED_FACE('',(#3878),#3889,.T.);
#3878 = FACE_BOUND('',#3879,.T.);
#3879 = EDGE_LOOP('',(#3880,#3881,#3887,#3888));
#3880 = ORIENTED_EDGE('',*,*,#2531,.F.);
#3881 = ORIENTED_EDGE('',*,*,#3882,.F.);
#3882 = EDGE_CURVE('',#2726,#2524,#3883,.T.);
#3883 = LINE('',#3884,#3885);
#3884 = CARTESIAN_POINT('',(9.,2.35,7.));
#3885 = VECTOR('',#3886,1.);
#3886 = DIRECTION('',(-1.224646799147E-16,-1.,0.));
#3887 = ORIENTED_EDGE('',*,*,#2733,.T.);
#3888 = ORIENTED_EDGE('',*,*,#3865,.T.);
#3889 = PLANE('',#3890);
#3890 = AXIS2_PLACEMENT_3D('',#3891,#3892,#3893);
#3891 = CARTESIAN_POINT('',(5.,-0.525,7.));
#3892 = DIRECTION('',(0.,0.,1.));
#3893 = DIRECTION('',(-1.,1.224646799147E-16,0.));
#3894 = ADVANCED_FACE('',(#3895),#3906,.T.);
#3895 = FACE_BOUND('',#3896,.T.);
#3896 = EDGE_LOOP('',(#3897,#3898,#3899,#3900));
#3897 = ORIENTED_EDGE('',*,*,#2725,.F.);
#3898 = ORIENTED_EDGE('',*,*,#3882,.T.);
#3899 = ORIENTED_EDGE('',*,*,#2523,.F.);
#3900 = ORIENTED_EDGE('',*,*,#3901,.F.);
#3901 = EDGE_CURVE('',#2718,#2516,#3902,.T.);
#3902 = LINE('',#3903,#3904);
#3903 = CARTESIAN_POINT('',(9.,2.35,3.1));
#3904 = VECTOR('',#3905,1.);
#3905 = DIRECTION('',(-1.224646799147E-16,-1.,0.));
#3906 = PLANE('',#3907);
#3907 = AXIS2_PLACEMENT_3D('',#3908,#3909,#3910);
#3908 = CARTESIAN_POINT('',(9.,2.35,7.));
#3909 = DIRECTION('',(1.,-1.224646799147E-16,0.));
#3910 = DIRECTION('',(0.,-0.,-1.));
#3911 = ADVANCED_FACE('',(#3912),#3923,.T.);
#3912 = FACE_BOUND('',#3913,.T.);
#3913 = EDGE_LOOP('',(#3914,#3920,#3921,#3922));
#3914 = ORIENTED_EDGE('',*,*,#3915,.F.);
#3915 = EDGE_CURVE('',#2709,#2507,#3916,.T.);
#3916 = LINE('',#3917,#3918);
#3917 = CARTESIAN_POINT('',(9.75,2.35,3.1));
#3918 = VECTOR('',#3919,1.);
#3919 = DIRECTION('',(-1.224646799147E-16,-1.,0.));
#3920 = ORIENTED_EDGE('',*,*,#2717,.F.);
#3921 = ORIENTED_EDGE('',*,*,#3901,.T.);
#3922 = ORIENTED_EDGE('',*,*,#2515,.F.);
#3923 = PLANE('',#3924);
#3924 = AXIS2_PLACEMENT_3D('',#3925,#3926,#3927);
#3925 = CARTESIAN_POINT('',(9.,2.35,3.1));
#3926 = DIRECTION('',(0.,0.,1.));
#3927 = DIRECTION('',(1.,-1.224646799147E-16,0.));
#3928 = ADVANCED_FACE('',(#3929),#3940,.F.);
#3929 = FACE_BOUND('',#3930,.F.);
#3930 = EDGE_LOOP('',(#3931,#3932,#3933,#3939));
#3931 = ORIENTED_EDGE('',*,*,#3915,.F.);
#3932 = ORIENTED_EDGE('',*,*,#2708,.T.);
#3933 = ORIENTED_EDGE('',*,*,#3934,.T.);
#3934 = EDGE_CURVE('',#2701,#2499,#3935,.T.);
#3935 = LINE('',#3936,#3937);
#3936 = CARTESIAN_POINT('',(10.5,2.35,3.85));
#3937 = VECTOR('',#3938,1.);
#3938 = DIRECTION('',(-1.224646799147E-16,-1.,0.));
#3939 = ORIENTED_EDGE('',*,*,#2506,.F.);
#3940 = CYLINDRICAL_SURFACE('',#3941,0.75);
#3941 = AXIS2_PLACEMENT_3D('',#3942,#3943,#3944);
#3942 = CARTESIAN_POINT('',(9.75,2.35,3.85));
#3943 = DIRECTION('',(-1.224646799147E-16,-1.,0.));
#3944 = DIRECTION('',(0.,-0.,-1.));
#3945 = ADVANCED_FACE('',(#3946),#3957,.T.);
#3946 = FACE_BOUND('',#3947,.T.);
#3947 = EDGE_LOOP('',(#3948,#3949,#3950,#3951));
#3948 = ORIENTED_EDGE('',*,*,#2700,.F.);
#3949 = ORIENTED_EDGE('',*,*,#3934,.T.);
#3950 = ORIENTED_EDGE('',*,*,#2498,.F.);
#3951 = ORIENTED_EDGE('',*,*,#3952,.F.);
#3952 = EDGE_CURVE('',#2693,#2491,#3953,.T.);
#3953 = LINE('',#3954,#3955);
#3954 = CARTESIAN_POINT('',(10.5,2.35,5.6));
#3955 = VECTOR('',#3956,1.);
#3956 = DIRECTION('',(-1.224646799147E-16,-1.,0.));
#3957 = PLANE('',#3958);
#3958 = AXIS2_PLACEMENT_3D('',#3959,#3960,#3961);
#3959 = CARTESIAN_POINT('',(10.5,2.35,3.1));
#3960 = DIRECTION('',(-1.,1.224646799147E-16,0.));
#3961 = DIRECTION('',(0.,0.,1.));
#3962 = ADVANCED_FACE('',(#3963),#3974,.T.);
#3963 = FACE_BOUND('',#3964,.T.);
#3964 = EDGE_LOOP('',(#3965,#3966,#3967,#3968));
#3965 = ORIENTED_EDGE('',*,*,#2692,.F.);
#3966 = ORIENTED_EDGE('',*,*,#3952,.T.);
#3967 = ORIENTED_EDGE('',*,*,#2490,.F.);
#3968 = ORIENTED_EDGE('',*,*,#3969,.F.);
#3969 = EDGE_CURVE('',#2685,#2483,#3970,.T.);
#3970 = LINE('',#3971,#3972);
#3971 = CARTESIAN_POINT('',(10.25,2.35,5.85));
#3972 = VECTOR('',#3973,1.);
#3973 = DIRECTION('',(-1.224646799147E-16,-1.,0.));
#3974 = PLANE('',#3975);
#3975 = AXIS2_PLACEMENT_3D('',#3976,#3977,#3978);
#3976 = CARTESIAN_POINT('',(10.5,2.35,5.6));
#3977 = DIRECTION('',(-0.707106781187,8.659560562349E-17,-0.707106781187
    ));
#3978 = DIRECTION('',(-0.707106781187,8.659560562349E-17,0.707106781187)
  );
#3979 = ADVANCED_FACE('',(#3980),#3991,.T.);
#3980 = FACE_BOUND('',#3981,.T.);
#3981 = EDGE_LOOP('',(#3982,#3983,#3984,#3985));
#3982 = ORIENTED_EDGE('',*,*,#2684,.F.);
#3983 = ORIENTED_EDGE('',*,*,#3969,.T.);
#3984 = ORIENTED_EDGE('',*,*,#2482,.F.);
#3985 = ORIENTED_EDGE('',*,*,#3986,.F.);
#3986 = EDGE_CURVE('',#2677,#2475,#3987,.T.);
#3987 = LINE('',#3988,#3989);
#3988 = CARTESIAN_POINT('',(10.5,2.35,6.1));
#3989 = VECTOR('',#3990,1.);
#3990 = DIRECTION('',(-1.224646799147E-16,-1.,0.));
#3991 = PLANE('',#3992);
#3992 = AXIS2_PLACEMENT_3D('',#3993,#3994,#3995);
#3993 = CARTESIAN_POINT('',(10.25,2.35,5.85));
#3994 = DIRECTION('',(-0.707106781187,8.659560562349E-17,0.707106781187)
  );
#3995 = DIRECTION('',(0.707106781187,-8.659560562349E-17,0.707106781187)
  );
#3996 = ADVANCED_FACE('',(#3997),#4003,.T.);
#3997 = FACE_BOUND('',#3998,.T.);
#3998 = EDGE_LOOP('',(#3999,#4000,#4001,#4002));
#3999 = ORIENTED_EDGE('',*,*,#2676,.F.);
#4000 = ORIENTED_EDGE('',*,*,#3986,.T.);
#4001 = ORIENTED_EDGE('',*,*,#2474,.F.);
#4002 = ORIENTED_EDGE('',*,*,#3537,.F.);
#4003 = PLANE('',#4004);
#4004 = AXIS2_PLACEMENT_3D('',#4005,#4006,#4007);
#4005 = CARTESIAN_POINT('',(10.5,2.35,6.1));
#4006 = DIRECTION('',(-1.,1.224646799147E-16,0.));
#4007 = DIRECTION('',(0.,0.,1.));
#4008 = ADVANCED_FACE('',(#4009),#4020,.F.);
#4009 = FACE_BOUND('',#4010,.F.);
#4010 = EDGE_LOOP('',(#4011,#4012,#4013,#4019));
#4011 = ORIENTED_EDGE('',*,*,#2935,.T.);
#4012 = ORIENTED_EDGE('',*,*,#3402,.T.);
#4013 = ORIENTED_EDGE('',*,*,#4014,.F.);
#4014 = EDGE_CURVE('',#3460,#3403,#4015,.T.);
#4015 = LINE('',#4016,#4017);
#4016 = CARTESIAN_POINT('',(10.75,0.5,0.3));
#4017 = VECTOR('',#4018,1.);
#4018 = DIRECTION('',(-1.,1.224646799147E-16,0.));
#4019 = ORIENTED_EDGE('',*,*,#3459,.F.);
#4020 = PLANE('',#4021);
#4021 = AXIS2_PLACEMENT_3D('',#4022,#4023,#4024);
#4022 = CARTESIAN_POINT('',(10.75,2.35,1.));
#4023 = DIRECTION('',(-4.33392824344E-17,-0.353892097416,0.935286257456)
  );
#4024 = DIRECTION('',(-1.14539532148E-16,-0.935286257456,-0.353892097416
    ));
#4025 = ADVANCED_FACE('',(#4026),#4037,.F.);
#4026 = FACE_BOUND('',#4027,.F.);
#4027 = EDGE_LOOP('',(#4028,#4029,#4030,#4036));
#4028 = ORIENTED_EDGE('',*,*,#2903,.T.);
#4029 = ORIENTED_EDGE('',*,*,#3297,.T.);
#4030 = ORIENTED_EDGE('',*,*,#4031,.F.);
#4031 = EDGE_CURVE('',#3355,#3298,#4032,.T.);
#4032 = LINE('',#4033,#4034);
#4033 = CARTESIAN_POINT('',(8.25,0.5,0.3));
#4034 = VECTOR('',#4035,1.);
#4035 = DIRECTION('',(-1.,1.224646799147E-16,0.));
#4036 = ORIENTED_EDGE('',*,*,#3354,.F.);
#4037 = PLANE('',#4038);
#4038 = AXIS2_PLACEMENT_3D('',#4039,#4040,#4041);
#4039 = CARTESIAN_POINT('',(8.25,2.35,1.));
#4040 = DIRECTION('',(-4.33392824344E-17,-0.353892097416,0.935286257456)
  );
#4041 = DIRECTION('',(-1.14539532148E-16,-0.935286257456,-0.353892097416
    ));
#4042 = ADVANCED_FACE('',(#4043),#4054,.F.);
#4043 = FACE_BOUND('',#4044,.F.);
#4044 = EDGE_LOOP('',(#4045,#4046,#4047,#4053));
#4045 = ORIENTED_EDGE('',*,*,#2871,.T.);
#4046 = ORIENTED_EDGE('',*,*,#3192,.T.);
#4047 = ORIENTED_EDGE('',*,*,#4048,.F.);
#4048 = EDGE_CURVE('',#3250,#3193,#4049,.T.);
#4049 = LINE('',#4050,#4051);
#4050 = CARTESIAN_POINT('',(5.75,0.5,0.3));
#4051 = VECTOR('',#4052,1.);
#4052 = DIRECTION('',(-1.,1.224646799147E-16,0.));
#4053 = ORIENTED_EDGE('',*,*,#3249,.F.);
#4054 = PLANE('',#4055);
#4055 = AXIS2_PLACEMENT_3D('',#4056,#4057,#4058);
#4056 = CARTESIAN_POINT('',(5.75,2.35,1.));
#4057 = DIRECTION('',(-4.33392824344E-17,-0.353892097416,0.935286257456)
  );
#4058 = DIRECTION('',(-1.14539532148E-16,-0.935286257456,-0.353892097416
    ));
#4059 = ADVANCED_FACE('',(#4060),#4071,.F.);
#4060 = FACE_BOUND('',#4061,.F.);
#4061 = EDGE_LOOP('',(#4062,#4063,#4064,#4070));
#4062 = ORIENTED_EDGE('',*,*,#2839,.T.);
#4063 = ORIENTED_EDGE('',*,*,#3087,.T.);
#4064 = ORIENTED_EDGE('',*,*,#4065,.F.);
#4065 = EDGE_CURVE('',#3145,#3088,#4066,.T.);
#4066 = LINE('',#4067,#4068);
#4067 = CARTESIAN_POINT('',(3.25,0.5,0.3));
#4068 = VECTOR('',#4069,1.);
#4069 = DIRECTION('',(-1.,1.224646799147E-16,0.));
#4070 = ORIENTED_EDGE('',*,*,#3144,.F.);
#4071 = PLANE('',#4072);
#4072 = AXIS2_PLACEMENT_3D('',#4073,#4074,#4075);
#4073 = CARTESIAN_POINT('',(3.25,2.35,1.));
#4074 = DIRECTION('',(-4.33392824344E-17,-0.353892097416,0.935286257456)
  );
#4075 = DIRECTION('',(-1.14539532148E-16,-0.935286257456,-0.353892097416
    ));
#4076 = ADVANCED_FACE('',(#4077),#4088,.F.);
#4077 = FACE_BOUND('',#4078,.F.);
#4078 = EDGE_LOOP('',(#4079,#4080,#4081,#4087));
#4079 = ORIENTED_EDGE('',*,*,#2807,.T.);
#4080 = ORIENTED_EDGE('',*,*,#2982,.T.);
#4081 = ORIENTED_EDGE('',*,*,#4082,.F.);
#4082 = EDGE_CURVE('',#3040,#2983,#4083,.T.);
#4083 = LINE('',#4084,#4085);
#4084 = CARTESIAN_POINT('',(0.75,0.5,0.3));
#4085 = VECTOR('',#4086,1.);
#4086 = DIRECTION('',(-1.,1.224646799147E-16,0.));
#4087 = ORIENTED_EDGE('',*,*,#3039,.F.);
#4088 = PLANE('',#4089);
#4089 = AXIS2_PLACEMENT_3D('',#4090,#4091,#4092);
#4090 = CARTESIAN_POINT('',(0.75,2.35,1.));
#4091 = DIRECTION('',(-4.33392824344E-17,-0.353892097416,0.935286257456)
  );
#4092 = DIRECTION('',(-1.14539532148E-16,-0.935286257456,-0.353892097416
    ));
#4093 = ADVANCED_FACE('',(#4094,#4100),#4134,.F.);
#4094 = FACE_BOUND('',#4095,.F.);
#4095 = EDGE_LOOP('',(#4096,#4097,#4098,#4099));
#4096 = ORIENTED_EDGE('',*,*,#4082,.T.);
#4097 = ORIENTED_EDGE('',*,*,#2990,.T.);
#4098 = ORIENTED_EDGE('',*,*,#3014,.F.);
#4099 = ORIENTED_EDGE('',*,*,#3047,.F.);
#4100 = FACE_BOUND('',#4101,.F.);
#4101 = EDGE_LOOP('',(#4102,#4112,#4120,#4128));
#4102 = ORIENTED_EDGE('',*,*,#4103,.F.);
#4103 = EDGE_CURVE('',#4104,#4106,#4108,.T.);
#4104 = VERTEX_POINT('',#4105);
#4105 = CARTESIAN_POINT('',(-0.32,0.32,0.3));
#4106 = VERTEX_POINT('',#4107);
#4107 = CARTESIAN_POINT('',(-0.32,-0.32,0.3));
#4108 = LINE('',#4109,#4110);
#4109 = CARTESIAN_POINT('',(-0.32,0.26829700442,0.3));
#4110 = VECTOR('',#4111,1.);
#4111 = DIRECTION('',(-1.224646799147E-16,-1.,0.));
#4112 = ORIENTED_EDGE('',*,*,#4113,.T.);
#4113 = EDGE_CURVE('',#4104,#4114,#4116,.T.);
#4114 = VERTEX_POINT('',#4115);
#4115 = CARTESIAN_POINT('',(0.32,0.32,0.3));
#4116 = LINE('',#4117,#4118);
#4117 = CARTESIAN_POINT('',(0.535,0.32,0.3));
#4118 = VECTOR('',#4119,1.);
#4119 = DIRECTION('',(1.,-1.224646799147E-16,0.));
#4120 = ORIENTED_EDGE('',*,*,#4121,.T.);
#4121 = EDGE_CURVE('',#4114,#4122,#4124,.T.);
#4122 = VERTEX_POINT('',#4123);
#4123 = CARTESIAN_POINT('',(0.32,-0.32,0.3));
#4124 = LINE('',#4125,#4126);
#4125 = CARTESIAN_POINT('',(0.32,0.26829700442,0.3));
#4126 = VECTOR('',#4127,1.);
#4127 = DIRECTION('',(-1.224646799147E-16,-1.,0.));
#4128 = ORIENTED_EDGE('',*,*,#4129,.T.);
#4129 = EDGE_CURVE('',#4122,#4106,#4130,.T.);
#4130 = LINE('',#4131,#4132);
#4131 = CARTESIAN_POINT('',(0.535,-0.32,0.3));
#4132 = VECTOR('',#4133,1.);
#4133 = DIRECTION('',(-1.,1.224646799147E-16,0.));
#4134 = PLANE('',#4135);
#4135 = AXIS2_PLACEMENT_3D('',#4136,#4137,#4138);
#4136 = CARTESIAN_POINT('',(0.75,0.5,0.3));
#4137 = DIRECTION('',(0.,0.,1.));
#4138 = DIRECTION('',(-1.224646799147E-16,-1.,0.));
#4139 = ADVANCED_FACE('',(#4140,#4146),#4180,.F.);
#4140 = FACE_BOUND('',#4141,.F.);
#4141 = EDGE_LOOP('',(#4142,#4143,#4144,#4145));
#4142 = ORIENTED_EDGE('',*,*,#4065,.T.);
#4143 = ORIENTED_EDGE('',*,*,#3095,.T.);
#4144 = ORIENTED_EDGE('',*,*,#3119,.F.);
#4145 = ORIENTED_EDGE('',*,*,#3152,.F.);
#4146 = FACE_BOUND('',#4147,.F.);
#4147 = EDGE_LOOP('',(#4148,#4158,#4166,#4174));
#4148 = ORIENTED_EDGE('',*,*,#4149,.T.);
#4149 = EDGE_CURVE('',#4150,#4152,#4154,.T.);
#4150 = VERTEX_POINT('',#4151);
#4151 = CARTESIAN_POINT('',(2.82,0.32,0.3));
#4152 = VERTEX_POINT('',#4153);
#4153 = CARTESIAN_POINT('',(2.82,-0.32,0.3));
#4154 = LINE('',#4155,#4156);
#4155 = CARTESIAN_POINT('',(2.82,0.25,0.3));
#4156 = VECTOR('',#4157,1.);
#4157 = DIRECTION('',(-1.224646799147E-16,-1.,0.));
#4158 = ORIENTED_EDGE('',*,*,#4159,.T.);
#4159 = EDGE_CURVE('',#4152,#4160,#4162,.T.);
#4160 = VERTEX_POINT('',#4161);
#4161 = CARTESIAN_POINT('',(2.18,-0.32,0.3));
#4162 = LINE('',#4163,#4164);
#4163 = CARTESIAN_POINT('',(3.035,-0.32,0.3));
#4164 = VECTOR('',#4165,1.);
#4165 = DIRECTION('',(-1.,1.224646799147E-16,0.));
#4166 = ORIENTED_EDGE('',*,*,#4167,.F.);
#4167 = EDGE_CURVE('',#4168,#4160,#4170,.T.);
#4168 = VERTEX_POINT('',#4169);
#4169 = CARTESIAN_POINT('',(2.18,0.32,0.3));
#4170 = LINE('',#4171,#4172);
#4171 = CARTESIAN_POINT('',(2.18,0.25,0.3));
#4172 = VECTOR('',#4173,1.);
#4173 = DIRECTION('',(-1.224646799147E-16,-1.,0.));
#4174 = ORIENTED_EDGE('',*,*,#4175,.T.);
#4175 = EDGE_CURVE('',#4168,#4150,#4176,.T.);
#4176 = LINE('',#4177,#4178);
#4177 = CARTESIAN_POINT('',(3.035,0.32,0.3));
#4178 = VECTOR('',#4179,1.);
#4179 = DIRECTION('',(1.,-1.224646799147E-16,0.));
#4180 = PLANE('',#4181);
#4181 = AXIS2_PLACEMENT_3D('',#4182,#4183,#4184);
#4182 = CARTESIAN_POINT('',(3.25,0.5,0.3));
#4183 = DIRECTION('',(0.,0.,1.));
#4184 = DIRECTION('',(-1.224646799147E-16,-1.,0.));
#4185 = ADVANCED_FACE('',(#4186,#4192),#4226,.F.);
#4186 = FACE_BOUND('',#4187,.F.);
#4187 = EDGE_LOOP('',(#4188,#4189,#4190,#4191));
#4188 = ORIENTED_EDGE('',*,*,#4048,.T.);
#4189 = ORIENTED_EDGE('',*,*,#3200,.T.);
#4190 = ORIENTED_EDGE('',*,*,#3224,.F.);
#4191 = ORIENTED_EDGE('',*,*,#3257,.F.);
#4192 = FACE_BOUND('',#4193,.F.);
#4193 = EDGE_LOOP('',(#4194,#4204,#4212,#4220));
#4194 = ORIENTED_EDGE('',*,*,#4195,.T.);
#4195 = EDGE_CURVE('',#4196,#4198,#4200,.T.);
#4196 = VERTEX_POINT('',#4197);
#4197 = CARTESIAN_POINT('',(5.32,0.32,0.3));
#4198 = VERTEX_POINT('',#4199);
#4199 = CARTESIAN_POINT('',(5.32,-0.32,0.3));
#4200 = LINE('',#4201,#4202);
#4201 = CARTESIAN_POINT('',(5.32,0.25,0.3));
#4202 = VECTOR('',#4203,1.);
#4203 = DIRECTION('',(-1.224646799147E-16,-1.,0.));
#4204 = ORIENTED_EDGE('',*,*,#4205,.T.);
#4205 = EDGE_CURVE('',#4198,#4206,#4208,.T.);
#4206 = VERTEX_POINT('',#4207);
#4207 = CARTESIAN_POINT('',(4.68,-0.32,0.3));
#4208 = LINE('',#4209,#4210);
#4209 = CARTESIAN_POINT('',(5.535,-0.32,0.3));
#4210 = VECTOR('',#4211,1.);
#4211 = DIRECTION('',(-1.,1.224646799147E-16,0.));
#4212 = ORIENTED_EDGE('',*,*,#4213,.F.);
#4213 = EDGE_CURVE('',#4214,#4206,#4216,.T.);
#4214 = VERTEX_POINT('',#4215);
#4215 = CARTESIAN_POINT('',(4.68,0.32,0.3));
#4216 = LINE('',#4217,#4218);
#4217 = CARTESIAN_POINT('',(4.68,0.25,0.3));
#4218 = VECTOR('',#4219,1.);
#4219 = DIRECTION('',(-1.224646799147E-16,-1.,0.));
#4220 = ORIENTED_EDGE('',*,*,#4221,.T.);
#4221 = EDGE_CURVE('',#4214,#4196,#4222,.T.);
#4222 = LINE('',#4223,#4224);
#4223 = CARTESIAN_POINT('',(5.535,0.32,0.3));
#4224 = VECTOR('',#4225,1.);
#4225 = DIRECTION('',(1.,-1.224646799147E-16,0.));
#4226 = PLANE('',#4227);
#4227 = AXIS2_PLACEMENT_3D('',#4228,#4229,#4230);
#4228 = CARTESIAN_POINT('',(5.75,0.5,0.3));
#4229 = DIRECTION('',(0.,0.,1.));
#4230 = DIRECTION('',(-1.224646799147E-16,-1.,0.));
#4231 = ADVANCED_FACE('',(#4232,#4238),#4272,.F.);
#4232 = FACE_BOUND('',#4233,.F.);
#4233 = EDGE_LOOP('',(#4234,#4235,#4236,#4237));
#4234 = ORIENTED_EDGE('',*,*,#4031,.T.);
#4235 = ORIENTED_EDGE('',*,*,#3305,.T.);
#4236 = ORIENTED_EDGE('',*,*,#3329,.F.);
#4237 = ORIENTED_EDGE('',*,*,#3362,.F.);
#4238 = FACE_BOUND('',#4239,.F.);
#4239 = EDGE_LOOP('',(#4240,#4250,#4258,#4266));
#4240 = ORIENTED_EDGE('',*,*,#4241,.F.);
#4241 = EDGE_CURVE('',#4242,#4244,#4246,.T.);
#4242 = VERTEX_POINT('',#4243);
#4243 = CARTESIAN_POINT('',(7.18,0.32,0.3));
#4244 = VERTEX_POINT('',#4245);
#4245 = CARTESIAN_POINT('',(7.18,-0.32,0.3));
#4246 = LINE('',#4247,#4248);
#4247 = CARTESIAN_POINT('',(7.18,0.25,0.3));
#4248 = VECTOR('',#4249,1.);
#4249 = DIRECTION('',(-1.224646799147E-16,-1.,0.));
#4250 = ORIENTED_EDGE('',*,*,#4251,.T.);
#4251 = EDGE_CURVE('',#4242,#4252,#4254,.T.);
#4252 = VERTEX_POINT('',#4253);
#4253 = CARTESIAN_POINT('',(7.82,0.32,0.3));
#4254 = LINE('',#4255,#4256);
#4255 = CARTESIAN_POINT('',(8.035,0.32,0.3));
#4256 = VECTOR('',#4257,1.);
#4257 = DIRECTION('',(1.,-1.224646799147E-16,0.));
#4258 = ORIENTED_EDGE('',*,*,#4259,.T.);
#4259 = EDGE_CURVE('',#4252,#4260,#4262,.T.);
#4260 = VERTEX_POINT('',#4261);
#4261 = CARTESIAN_POINT('',(7.82,-0.32,0.3));
#4262 = LINE('',#4263,#4264);
#4263 = CARTESIAN_POINT('',(7.82,0.25,0.3));
#4264 = VECTOR('',#4265,1.);
#4265 = DIRECTION('',(-1.224646799147E-16,-1.,0.));
#4266 = ORIENTED_EDGE('',*,*,#4267,.T.);
#4267 = EDGE_CURVE('',#4260,#4244,#4268,.T.);
#4268 = LINE('',#4269,#4270);
#4269 = CARTESIAN_POINT('',(8.035,-0.32,0.3));
#4270 = VECTOR('',#4271,1.);
#4271 = DIRECTION('',(-1.,1.224646799147E-16,0.));
#4272 = PLANE('',#4273);
#4273 = AXIS2_PLACEMENT_3D('',#4274,#4275,#4276);
#4274 = CARTESIAN_POINT('',(8.25,0.5,0.3));
#4275 = DIRECTION('',(0.,0.,1.));
#4276 = DIRECTION('',(-1.224646799147E-16,-1.,0.));
#4277 = ADVANCED_FACE('',(#4278,#4284),#4318,.F.);
#4278 = FACE_BOUND('',#4279,.F.);
#4279 = EDGE_LOOP('',(#4280,#4281,#4282,#4283));
#4280 = ORIENTED_EDGE('',*,*,#4014,.T.);
#4281 = ORIENTED_EDGE('',*,*,#3410,.T.);
#4282 = ORIENTED_EDGE('',*,*,#3434,.F.);
#4283 = ORIENTED_EDGE('',*,*,#3467,.F.);
#4284 = FACE_BOUND('',#4285,.F.);
#4285 = EDGE_LOOP('',(#4286,#4296,#4304,#4312));
#4286 = ORIENTED_EDGE('',*,*,#4287,.T.);
#4287 = EDGE_CURVE('',#4288,#4290,#4292,.T.);
#4288 = VERTEX_POINT('',#4289);
#4289 = CARTESIAN_POINT('',(9.68,0.32,0.3));
#4290 = VERTEX_POINT('',#4291);
#4291 = CARTESIAN_POINT('',(10.32,0.32,0.3));
#4292 = LINE('',#4293,#4294);
#4293 = CARTESIAN_POINT('',(10.535,0.32,0.3));
#4294 = VECTOR('',#4295,1.);
#4295 = DIRECTION('',(1.,-1.224646799147E-16,0.));
#4296 = ORIENTED_EDGE('',*,*,#4297,.T.);
#4297 = EDGE_CURVE('',#4290,#4298,#4300,.T.);
#4298 = VERTEX_POINT('',#4299);
#4299 = CARTESIAN_POINT('',(10.32,-0.32,0.3));
#4300 = LINE('',#4301,#4302);
#4301 = CARTESIAN_POINT('',(10.32,0.26829700442,0.3));
#4302 = VECTOR('',#4303,1.);
#4303 = DIRECTION('',(-1.224646799147E-16,-1.,0.));
#4304 = ORIENTED_EDGE('',*,*,#4305,.T.);
#4305 = EDGE_CURVE('',#4298,#4306,#4308,.T.);
#4306 = VERTEX_POINT('',#4307);
#4307 = CARTESIAN_POINT('',(9.68,-0.32,0.3));
#4308 = LINE('',#4309,#4310);
#4309 = CARTESIAN_POINT('',(10.535,-0.32,0.3));
#4310 = VECTOR('',#4311,1.);
#4311 = DIRECTION('',(-1.,1.224646799147E-16,0.));
#4312 = ORIENTED_EDGE('',*,*,#4313,.F.);
#4313 = EDGE_CURVE('',#4288,#4306,#4314,.T.);
#4314 = LINE('',#4315,#4316);
#4315 = CARTESIAN_POINT('',(9.68,0.26829700442,0.3));
#4316 = VECTOR('',#4317,1.);
#4317 = DIRECTION('',(-1.224646799147E-16,-1.,0.));
#4318 = PLANE('',#4319);
#4319 = AXIS2_PLACEMENT_3D('',#4320,#4321,#4322);
#4320 = CARTESIAN_POINT('',(10.75,0.5,0.3));
#4321 = DIRECTION('',(0.,0.,1.));
#4322 = DIRECTION('',(-1.224646799147E-16,-1.,0.));
#4323 = ADVANCED_FACE('',(#4324),#4349,.F.);
#4324 = FACE_BOUND('',#4325,.F.);
#4325 = EDGE_LOOP('',(#4326,#4327,#4335,#4343));
#4326 = ORIENTED_EDGE('',*,*,#3586,.T.);
#4327 = ORIENTED_EDGE('',*,*,#4328,.T.);
#4328 = EDGE_CURVE('',#3589,#4329,#4331,.T.);
#4329 = VERTEX_POINT('',#4330);
#4330 = CARTESIAN_POINT('',(5.32,-0.32,6.3));
#4331 = LINE('',#4332,#4333);
#4332 = CARTESIAN_POINT('',(5.32,-0.32,-3.4));
#4333 = VECTOR('',#4334,1.);
#4334 = DIRECTION('',(0.,0.,1.));
#4335 = ORIENTED_EDGE('',*,*,#4336,.T.);
#4336 = EDGE_CURVE('',#4329,#4337,#4339,.T.);
#4337 = VERTEX_POINT('',#4338);
#4338 = CARTESIAN_POINT('',(5.32,0.32,6.3));
#4339 = LINE('',#4340,#4341);
#4340 = CARTESIAN_POINT('',(5.32,-0.32,6.3));
#4341 = VECTOR('',#4342,1.);
#4342 = DIRECTION('',(1.224646799147E-16,1.,0.));
#4343 = ORIENTED_EDGE('',*,*,#4344,.T.);
#4344 = EDGE_CURVE('',#4337,#3587,#4345,.T.);
#4345 = LINE('',#4346,#4347);
#4346 = CARTESIAN_POINT('',(5.32,0.32,6.5));
#4347 = VECTOR('',#4348,1.);
#4348 = DIRECTION('',(-0.,0.,-1.));
#4349 = PLANE('',#4350);
#4350 = AXIS2_PLACEMENT_3D('',#4351,#4352,#4353);
#4351 = CARTESIAN_POINT('',(5.32,-3.918869757272E-17,1.55));
#4352 = DIRECTION('',(-1.,1.224646799147E-16,0.));
#4353 = DIRECTION('',(0.,0.,1.));
#4354 = ADVANCED_FACE('',(#4355),#4373,.F.);
#4355 = FACE_BOUND('',#4356,.F.);
#4356 = EDGE_LOOP('',(#4357,#4358,#4366,#4372));
#4357 = ORIENTED_EDGE('',*,*,#4344,.F.);
#4358 = ORIENTED_EDGE('',*,*,#4359,.T.);
#4359 = EDGE_CURVE('',#4337,#4360,#4362,.T.);
#4360 = VERTEX_POINT('',#4361);
#4361 = CARTESIAN_POINT('',(4.68,0.32,6.3));
#4362 = LINE('',#4363,#4364);
#4363 = CARTESIAN_POINT('',(5.32,0.32,6.3));
#4364 = VECTOR('',#4365,1.);
#4365 = DIRECTION('',(-1.,1.224646799147E-16,0.));
#4366 = ORIENTED_EDGE('',*,*,#4367,.T.);
#4367 = EDGE_CURVE('',#4360,#3605,#4368,.T.);
#4368 = LINE('',#4369,#4370);
#4369 = CARTESIAN_POINT('',(4.68,0.32,6.5));
#4370 = VECTOR('',#4371,1.);
#4371 = DIRECTION('',(-0.,0.,-1.));
#4372 = ORIENTED_EDGE('',*,*,#3612,.T.);
#4373 = PLANE('',#4374);
#4374 = AXIS2_PLACEMENT_3D('',#4375,#4376,#4377);
#4375 = CARTESIAN_POINT('',(5.32,0.32,6.5));
#4376 = DIRECTION('',(-1.224646799147E-16,-1.,0.));
#4377 = DIRECTION('',(-0.,0.,-1.));
#4378 = ADVANCED_FACE('',(#4379),#4397,.T.);
#4379 = FACE_BOUND('',#4380,.T.);
#4380 = EDGE_LOOP('',(#4381,#4382,#4390,#4396));
#4381 = ORIENTED_EDGE('',*,*,#3604,.T.);
#4382 = ORIENTED_EDGE('',*,*,#4383,.T.);
#4383 = EDGE_CURVE('',#3597,#4384,#4386,.T.);
#4384 = VERTEX_POINT('',#4385);
#4385 = CARTESIAN_POINT('',(4.68,-0.32,6.3));
#4386 = LINE('',#4387,#4388);
#4387 = CARTESIAN_POINT('',(4.68,-0.32,-3.4));
#4388 = VECTOR('',#4389,1.);
#4389 = DIRECTION('',(0.,0.,1.));
#4390 = ORIENTED_EDGE('',*,*,#4391,.T.);
#4391 = EDGE_CURVE('',#4384,#4360,#4392,.T.);
#4392 = LINE('',#4393,#4394);
#4393 = CARTESIAN_POINT('',(4.68,-0.32,6.3));
#4394 = VECTOR('',#4395,1.);
#4395 = DIRECTION('',(1.224646799147E-16,1.,0.));
#4396 = ORIENTED_EDGE('',*,*,#4367,.T.);
#4397 = PLANE('',#4398);
#4398 = AXIS2_PLACEMENT_3D('',#4399,#4400,#4401);
#4399 = CARTESIAN_POINT('',(4.68,3.918869757272E-17,1.55));
#4400 = DIRECTION('',(-1.,1.224646799147E-16,0.));
#4401 = DIRECTION('',(0.,0.,1.));
#4402 = ADVANCED_FACE('',(#4403),#4414,.F.);
#4403 = FACE_BOUND('',#4404,.F.);
#4404 = EDGE_LOOP('',(#4405,#4406,#4407,#4408));
#4405 = ORIENTED_EDGE('',*,*,#4328,.F.);
#4406 = ORIENTED_EDGE('',*,*,#3596,.T.);
#4407 = ORIENTED_EDGE('',*,*,#4383,.T.);
#4408 = ORIENTED_EDGE('',*,*,#4409,.F.);
#4409 = EDGE_CURVE('',#4329,#4384,#4410,.T.);
#4410 = LINE('',#4411,#4412);
#4411 = CARTESIAN_POINT('',(5.32,-0.32,6.3));
#4412 = VECTOR('',#4413,1.);
#4413 = DIRECTION('',(-1.,1.224646799147E-16,0.));
#4414 = PLANE('',#4415);
#4415 = AXIS2_PLACEMENT_3D('',#4416,#4417,#4418);
#4416 = CARTESIAN_POINT('',(5.32,-0.32,-3.4));
#4417 = DIRECTION('',(1.224646799147E-16,1.,0.));
#4418 = DIRECTION('',(0.,-0.,1.));
#4419 = ADVANCED_FACE('',(#4420),#4445,.T.);
#4420 = FACE_BOUND('',#4421,.T.);
#4421 = EDGE_LOOP('',(#4422,#4423,#4431,#4439));
#4422 = ORIENTED_EDGE('',*,*,#3620,.T.);
#4423 = ORIENTED_EDGE('',*,*,#4424,.T.);
#4424 = EDGE_CURVE('',#3623,#4425,#4427,.T.);
#4425 = VERTEX_POINT('',#4426);
#4426 = CARTESIAN_POINT('',(7.18,-0.32,6.3));
#4427 = LINE('',#4428,#4429);
#4428 = CARTESIAN_POINT('',(7.18,-0.32,-3.4));
#4429 = VECTOR('',#4430,1.);
#4430 = DIRECTION('',(0.,0.,1.));
#4431 = ORIENTED_EDGE('',*,*,#4432,.T.);
#4432 = EDGE_CURVE('',#4425,#4433,#4435,.T.);
#4433 = VERTEX_POINT('',#4434);
#4434 = CARTESIAN_POINT('',(7.18,0.32,6.3));
#4435 = LINE('',#4436,#4437);
#4436 = CARTESIAN_POINT('',(7.18,-0.32,6.3));
#4437 = VECTOR('',#4438,1.);
#4438 = DIRECTION('',(1.224646799147E-16,1.,0.));
#4439 = ORIENTED_EDGE('',*,*,#4440,.T.);
#4440 = EDGE_CURVE('',#4433,#3621,#4441,.T.);
#4441 = LINE('',#4442,#4443);
#4442 = CARTESIAN_POINT('',(7.18,0.32,6.5));
#4443 = VECTOR('',#4444,1.);
#4444 = DIRECTION('',(-0.,0.,-1.));
#4445 = PLANE('',#4446);
#4446 = AXIS2_PLACEMENT_3D('',#4447,#4448,#4449);
#4447 = CARTESIAN_POINT('',(7.18,-2.669730022141E-16,1.55));
#4448 = DIRECTION('',(-1.,1.224646799147E-16,0.));
#4449 = DIRECTION('',(0.,0.,1.));
#4450 = ADVANCED_FACE('',(#4451),#4469,.F.);
#4451 = FACE_BOUND('',#4452,.F.);
#4452 = EDGE_LOOP('',(#4453,#4461,#4462,#4463));
#4453 = ORIENTED_EDGE('',*,*,#4454,.F.);
#4454 = EDGE_CURVE('',#3639,#4455,#4457,.T.);
#4455 = VERTEX_POINT('',#4456);
#4456 = CARTESIAN_POINT('',(7.82,-0.32,6.3));
#4457 = LINE('',#4458,#4459);
#4458 = CARTESIAN_POINT('',(7.82,-0.32,-3.4));
#4459 = VECTOR('',#4460,1.);
#4460 = DIRECTION('',(0.,0.,1.));
#4461 = ORIENTED_EDGE('',*,*,#3646,.T.);
#4462 = ORIENTED_EDGE('',*,*,#4424,.T.);
#4463 = ORIENTED_EDGE('',*,*,#4464,.F.);
#4464 = EDGE_CURVE('',#4455,#4425,#4465,.T.);
#4465 = LINE('',#4466,#4467);
#4466 = CARTESIAN_POINT('',(7.82,-0.32,6.3));
#4467 = VECTOR('',#4468,1.);
#4468 = DIRECTION('',(-1.,1.224646799147E-16,0.));
#4469 = PLANE('',#4470);
#4470 = AXIS2_PLACEMENT_3D('',#4471,#4472,#4473);
#4471 = CARTESIAN_POINT('',(7.82,-0.32,-3.4));
#4472 = DIRECTION('',(1.224646799147E-16,1.,0.));
#4473 = DIRECTION('',(0.,-0.,1.));
#4474 = ADVANCED_FACE('',(#4475),#4493,.F.);
#4475 = FACE_BOUND('',#4476,.F.);
#4476 = EDGE_LOOP('',(#4477,#4478,#4479,#4487));
#4477 = ORIENTED_EDGE('',*,*,#3638,.T.);
#4478 = ORIENTED_EDGE('',*,*,#4454,.T.);
#4479 = ORIENTED_EDGE('',*,*,#4480,.T.);
#4480 = EDGE_CURVE('',#4455,#4481,#4483,.T.);
#4481 = VERTEX_POINT('',#4482);
#4482 = CARTESIAN_POINT('',(7.82,0.32,6.3));
#4483 = LINE('',#4484,#4485);
#4484 = CARTESIAN_POINT('',(7.82,-0.32,6.3));
#4485 = VECTOR('',#4486,1.);
#4486 = DIRECTION('',(1.224646799147E-16,1.,0.));
#4487 = ORIENTED_EDGE('',*,*,#4488,.T.);
#4488 = EDGE_CURVE('',#4481,#3631,#4489,.T.);
#4489 = LINE('',#4490,#4491);
#4490 = CARTESIAN_POINT('',(7.82,0.32,6.5));
#4491 = VECTOR('',#4492,1.);
#4492 = DIRECTION('',(-0.,0.,-1.));
#4493 = PLANE('',#4494);
#4494 = AXIS2_PLACEMENT_3D('',#4495,#4496,#4497);
#4495 = CARTESIAN_POINT('',(7.82,-3.453503973596E-16,1.55));
#4496 = DIRECTION('',(-1.,1.224646799147E-16,0.));
#4497 = DIRECTION('',(0.,0.,1.));
#4498 = ADVANCED_FACE('',(#4499),#4510,.F.);
#4499 = FACE_BOUND('',#4500,.F.);
#4500 = EDGE_LOOP('',(#4501,#4502,#4508,#4509));
#4501 = ORIENTED_EDGE('',*,*,#4488,.F.);
#4502 = ORIENTED_EDGE('',*,*,#4503,.T.);
#4503 = EDGE_CURVE('',#4481,#4433,#4504,.T.);
#4504 = LINE('',#4505,#4506);
#4505 = CARTESIAN_POINT('',(7.82,0.32,6.3));
#4506 = VECTOR('',#4507,1.);
#4507 = DIRECTION('',(-1.,1.224646799147E-16,0.));
#4508 = ORIENTED_EDGE('',*,*,#4440,.T.);
#4509 = ORIENTED_EDGE('',*,*,#3630,.T.);
#4510 = PLANE('',#4511);
#4511 = AXIS2_PLACEMENT_3D('',#4512,#4513,#4514);
#4512 = CARTESIAN_POINT('',(7.82,0.32,6.5));
#4513 = DIRECTION('',(-1.224646799147E-16,-1.,0.));
#4514 = DIRECTION('',(-0.,0.,-1.));
#4515 = ADVANCED_FACE('',(#4516),#4541,.F.);
#4516 = FACE_BOUND('',#4517,.F.);
#4517 = EDGE_LOOP('',(#4518,#4519,#4527,#4535));
#4518 = ORIENTED_EDGE('',*,*,#3654,.T.);
#4519 = ORIENTED_EDGE('',*,*,#4520,.T.);
#4520 = EDGE_CURVE('',#3657,#4521,#4523,.T.);
#4521 = VERTEX_POINT('',#4522);
#4522 = CARTESIAN_POINT('',(2.82,-0.32,6.3));
#4523 = LINE('',#4524,#4525);
#4524 = CARTESIAN_POINT('',(2.82,-0.32,-3.4));
#4525 = VECTOR('',#4526,1.);
#4526 = DIRECTION('',(0.,0.,1.));
#4527 = ORIENTED_EDGE('',*,*,#4528,.T.);
#4528 = EDGE_CURVE('',#4521,#4529,#4531,.T.);
#4529 = VERTEX_POINT('',#4530);
#4530 = CARTESIAN_POINT('',(2.82,0.32,6.3));
#4531 = LINE('',#4532,#4533);
#4532 = CARTESIAN_POINT('',(2.82,-0.32,6.3));
#4533 = VECTOR('',#4534,1.);
#4534 = DIRECTION('',(1.224646799147E-16,1.,0.));
#4535 = ORIENTED_EDGE('',*,*,#4536,.T.);
#4536 = EDGE_CURVE('',#4529,#3655,#4537,.T.);
#4537 = LINE('',#4538,#4539);
#4538 = CARTESIAN_POINT('',(2.82,0.32,6.5));
#4539 = VECTOR('',#4540,1.);
#4540 = DIRECTION('',(-0.,0.,-1.));
#4541 = PLANE('',#4542);
#4542 = AXIS2_PLACEMENT_3D('',#4543,#4544,#4545);
#4543 = CARTESIAN_POINT('',(2.82,2.669730022141E-16,1.55));
#4544 = DIRECTION('',(-1.,1.224646799147E-16,0.));
#4545 = DIRECTION('',(0.,0.,1.));
#4546 = ADVANCED_FACE('',(#4547),#4565,.F.);
#4547 = FACE_BOUND('',#4548,.F.);
#4548 = EDGE_LOOP('',(#4549,#4550,#4558,#4564));
#4549 = ORIENTED_EDGE('',*,*,#4536,.F.);
#4550 = ORIENTED_EDGE('',*,*,#4551,.T.);
#4551 = EDGE_CURVE('',#4529,#4552,#4554,.T.);
#4552 = VERTEX_POINT('',#4553);
#4553 = CARTESIAN_POINT('',(2.18,0.32,6.3));
#4554 = LINE('',#4555,#4556);
#4555 = CARTESIAN_POINT('',(2.82,0.32,6.3));
#4556 = VECTOR('',#4557,1.);
#4557 = DIRECTION('',(-1.,1.224646799147E-16,0.));
#4558 = ORIENTED_EDGE('',*,*,#4559,.T.);
#4559 = EDGE_CURVE('',#4552,#3673,#4560,.T.);
#4560 = LINE('',#4561,#4562);
#4561 = CARTESIAN_POINT('',(2.18,0.32,6.5));
#4562 = VECTOR('',#4563,1.);
#4563 = DIRECTION('',(-0.,0.,-1.));
#4564 = ORIENTED_EDGE('',*,*,#3680,.T.);
#4565 = PLANE('',#4566);
#4566 = AXIS2_PLACEMENT_3D('',#4567,#4568,#4569);
#4567 = CARTESIAN_POINT('',(2.82,0.32,6.5));
#4568 = DIRECTION('',(-1.224646799147E-16,-1.,0.));
#4569 = DIRECTION('',(-0.,0.,-1.));
#4570 = ADVANCED_FACE('',(#4571),#4589,.T.);
#4571 = FACE_BOUND('',#4572,.T.);
#4572 = EDGE_LOOP('',(#4573,#4574,#4582,#4588));
#4573 = ORIENTED_EDGE('',*,*,#3672,.T.);
#4574 = ORIENTED_EDGE('',*,*,#4575,.T.);
#4575 = EDGE_CURVE('',#3665,#4576,#4578,.T.);
#4576 = VERTEX_POINT('',#4577);
#4577 = CARTESIAN_POINT('',(2.18,-0.32,6.3));
#4578 = LINE('',#4579,#4580);
#4579 = CARTESIAN_POINT('',(2.18,-0.32,-3.4));
#4580 = VECTOR('',#4581,1.);
#4581 = DIRECTION('',(0.,0.,1.));
#4582 = ORIENTED_EDGE('',*,*,#4583,.T.);
#4583 = EDGE_CURVE('',#4576,#4552,#4584,.T.);
#4584 = LINE('',#4585,#4586);
#4585 = CARTESIAN_POINT('',(2.18,-0.32,6.3));
#4586 = VECTOR('',#4587,1.);
#4587 = DIRECTION('',(1.224646799147E-16,1.,0.));
#4588 = ORIENTED_EDGE('',*,*,#4559,.T.);
#4589 = PLANE('',#4590);
#4590 = AXIS2_PLACEMENT_3D('',#4591,#4592,#4593);
#4591 = CARTESIAN_POINT('',(2.18,3.453503973596E-16,1.55));
#4592 = DIRECTION('',(-1.,1.224646799147E-16,0.));
#4593 = DIRECTION('',(0.,0.,1.));
#4594 = ADVANCED_FACE('',(#4595),#4606,.F.);
#4595 = FACE_BOUND('',#4596,.F.);
#4596 = EDGE_LOOP('',(#4597,#4598,#4599,#4600));
#4597 = ORIENTED_EDGE('',*,*,#4520,.F.);
#4598 = ORIENTED_EDGE('',*,*,#3664,.T.);
#4599 = ORIENTED_EDGE('',*,*,#4575,.T.);
#4600 = ORIENTED_EDGE('',*,*,#4601,.F.);
#4601 = EDGE_CURVE('',#4521,#4576,#4602,.T.);
#4602 = LINE('',#4603,#4604);
#4603 = CARTESIAN_POINT('',(2.82,-0.32,6.3));
#4604 = VECTOR('',#4605,1.);
#4605 = DIRECTION('',(-1.,1.224646799147E-16,0.));
#4606 = PLANE('',#4607);
#4607 = AXIS2_PLACEMENT_3D('',#4608,#4609,#4610);
#4608 = CARTESIAN_POINT('',(2.82,-0.32,-3.4));
#4609 = DIRECTION('',(1.224646799147E-16,1.,0.));
#4610 = DIRECTION('',(0.,-0.,1.));
#4611 = ADVANCED_FACE('',(#4612),#4637,.F.);
#4612 = FACE_BOUND('',#4613,.F.);
#4613 = EDGE_LOOP('',(#4614,#4622,#4630,#4636));
#4614 = ORIENTED_EDGE('',*,*,#4615,.F.);
#4615 = EDGE_CURVE('',#4616,#3691,#4618,.T.);
#4616 = VERTEX_POINT('',#4617);
#4617 = CARTESIAN_POINT('',(10.32,0.32,6.3));
#4618 = LINE('',#4619,#4620);
#4619 = CARTESIAN_POINT('',(10.32,0.32,6.5));
#4620 = VECTOR('',#4621,1.);
#4621 = DIRECTION('',(-0.,0.,-1.));
#4622 = ORIENTED_EDGE('',*,*,#4623,.T.);
#4623 = EDGE_CURVE('',#4616,#4624,#4626,.T.);
#4624 = VERTEX_POINT('',#4625);
#4625 = CARTESIAN_POINT('',(9.68,0.32,6.3));
#4626 = LINE('',#4627,#4628);
#4627 = CARTESIAN_POINT('',(10.32,0.32,6.3));
#4628 = VECTOR('',#4629,1.);
#4629 = DIRECTION('',(-1.,1.224646799147E-16,0.));
#4630 = ORIENTED_EDGE('',*,*,#4631,.T.);
#4631 = EDGE_CURVE('',#4624,#3689,#4632,.T.);
#4632 = LINE('',#4633,#4634);
#4633 = CARTESIAN_POINT('',(9.68,0.32,6.5));
#4634 = VECTOR('',#4635,1.);
#4635 = DIRECTION('',(-0.,0.,-1.));
#4636 = ORIENTED_EDGE('',*,*,#3688,.T.);
#4637 = PLANE('',#4638);
#4638 = AXIS2_PLACEMENT_3D('',#4639,#4640,#4641);
#4639 = CARTESIAN_POINT('',(10.32,0.32,6.5));
#4640 = DIRECTION('',(-1.224646799147E-16,-1.,0.));
#4641 = DIRECTION('',(-0.,0.,-1.));
#4642 = ADVANCED_FACE('',(#4643),#4661,.T.);
#4643 = FACE_BOUND('',#4644,.T.);
#4644 = EDGE_LOOP('',(#4645,#4646,#4654,#4660));
#4645 = ORIENTED_EDGE('',*,*,#3714,.T.);
#4646 = ORIENTED_EDGE('',*,*,#4647,.T.);
#4647 = EDGE_CURVE('',#3707,#4648,#4650,.T.);
#4648 = VERTEX_POINT('',#4649);
#4649 = CARTESIAN_POINT('',(9.68,-0.32,6.3));
#4650 = LINE('',#4651,#4652);
#4651 = CARTESIAN_POINT('',(9.68,-0.32,-0.9));
#4652 = VECTOR('',#4653,1.);
#4653 = DIRECTION('',(0.,0.,1.));
#4654 = ORIENTED_EDGE('',*,*,#4655,.T.);
#4655 = EDGE_CURVE('',#4648,#4624,#4656,.T.);
#4656 = LINE('',#4657,#4658);
#4657 = CARTESIAN_POINT('',(9.68,-0.32,6.3));
#4658 = VECTOR('',#4659,1.);
#4659 = DIRECTION('',(1.224646799147E-16,1.,0.));
#4660 = ORIENTED_EDGE('',*,*,#4631,.T.);
#4661 = PLANE('',#4662);
#4662 = AXIS2_PLACEMENT_3D('',#4663,#4664,#4665);
#4663 = CARTESIAN_POINT('',(9.68,3.65940088399E-02,1.522832428212));
#4664 = DIRECTION('',(-1.,1.224646799147E-16,0.));
#4665 = DIRECTION('',(0.,0.,1.));
#4666 = ADVANCED_FACE('',(#4667),#4685,.F.);
#4667 = FACE_BOUND('',#4668,.F.);
#4668 = EDGE_LOOP('',(#4669,#4677,#4678,#4679));
#4669 = ORIENTED_EDGE('',*,*,#4670,.F.);
#4670 = EDGE_CURVE('',#3699,#4671,#4673,.T.);
#4671 = VERTEX_POINT('',#4672);
#4672 = CARTESIAN_POINT('',(10.32,-0.32,6.3));
#4673 = LINE('',#4674,#4675);
#4674 = CARTESIAN_POINT('',(10.32,-0.32,-0.9));
#4675 = VECTOR('',#4676,1.);
#4676 = DIRECTION('',(0.,0.,1.));
#4677 = ORIENTED_EDGE('',*,*,#3706,.T.);
#4678 = ORIENTED_EDGE('',*,*,#4647,.T.);
#4679 = ORIENTED_EDGE('',*,*,#4680,.F.);
#4680 = EDGE_CURVE('',#4671,#4648,#4681,.T.);
#4681 = LINE('',#4682,#4683);
#4682 = CARTESIAN_POINT('',(10.32,-0.32,6.3));
#4683 = VECTOR('',#4684,1.);
#4684 = DIRECTION('',(-1.,1.224646799147E-16,0.));
#4685 = PLANE('',#4686);
#4686 = AXIS2_PLACEMENT_3D('',#4687,#4688,#4689);
#4687 = CARTESIAN_POINT('',(10.32,-0.32,-0.9));
#4688 = DIRECTION('',(1.224646799147E-16,1.,0.));
#4689 = DIRECTION('',(0.,-0.,1.));
#4690 = ADVANCED_FACE('',(#4691),#4702,.F.);
#4691 = FACE_BOUND('',#4692,.F.);
#4692 = EDGE_LOOP('',(#4693,#4694,#4695,#4701));
#4693 = ORIENTED_EDGE('',*,*,#3698,.T.);
#4694 = ORIENTED_EDGE('',*,*,#4670,.T.);
#4695 = ORIENTED_EDGE('',*,*,#4696,.T.);
#4696 = EDGE_CURVE('',#4671,#4616,#4697,.T.);
#4697 = LINE('',#4698,#4699);
#4698 = CARTESIAN_POINT('',(10.32,-0.32,6.3));
#4699 = VECTOR('',#4700,1.);
#4700 = DIRECTION('',(1.224646799147E-16,1.,0.));
#4701 = ORIENTED_EDGE('',*,*,#4615,.T.);
#4702 = PLANE('',#4703);
#4703 = AXIS2_PLACEMENT_3D('',#4704,#4705,#4706);
#4704 = CARTESIAN_POINT('',(10.32,3.65940088399E-02,1.522832428212));
#4705 = DIRECTION('',(-1.,1.224646799147E-16,0.));
#4706 = DIRECTION('',(0.,0.,1.));
#4707 = ADVANCED_FACE('',(#4708),#4733,.T.);
#4708 = FACE_BOUND('',#4709,.T.);
#4709 = EDGE_LOOP('',(#4710,#4711,#4719,#4727));
#4710 = ORIENTED_EDGE('',*,*,#3722,.T.);
#4711 = ORIENTED_EDGE('',*,*,#4712,.T.);
#4712 = EDGE_CURVE('',#3725,#4713,#4715,.T.);
#4713 = VERTEX_POINT('',#4714);
#4714 = CARTESIAN_POINT('',(-0.32,-0.32,6.3));
#4715 = LINE('',#4716,#4717);
#4716 = CARTESIAN_POINT('',(-0.32,-0.32,-0.9));
#4717 = VECTOR('',#4718,1.);
#4718 = DIRECTION('',(0.,0.,1.));
#4719 = ORIENTED_EDGE('',*,*,#4720,.T.);
#4720 = EDGE_CURVE('',#4713,#4721,#4723,.T.);
#4721 = VERTEX_POINT('',#4722);
#4722 = CARTESIAN_POINT('',(-0.32,0.32,6.3));
#4723 = LINE('',#4724,#4725);
#4724 = CARTESIAN_POINT('',(-0.32,-0.32,6.3));
#4725 = VECTOR('',#4726,1.);
#4726 = DIRECTION('',(1.224646799147E-16,1.,0.));
#4727 = ORIENTED_EDGE('',*,*,#4728,.T.);
#4728 = EDGE_CURVE('',#4721,#3723,#4729,.T.);
#4729 = LINE('',#4730,#4731);
#4730 = CARTESIAN_POINT('',(-0.32,0.32,6.5));
#4731 = VECTOR('',#4732,1.);
#4732 = DIRECTION('',(-0.,0.,-1.));
#4733 = PLANE('',#4734);
#4734 = AXIS2_PLACEMENT_3D('',#4735,#4736,#4737);
#4735 = CARTESIAN_POINT('',(-0.32,3.65940088399E-02,1.522832428212));
#4736 = DIRECTION('',(-1.,1.224646799147E-16,0.));
#4737 = DIRECTION('',(0.,0.,1.));
#4738 = ADVANCED_FACE('',(#4739),#4757,.F.);
#4739 = FACE_BOUND('',#4740,.F.);
#4740 = EDGE_LOOP('',(#4741,#4749,#4750,#4751));
#4741 = ORIENTED_EDGE('',*,*,#4742,.F.);
#4742 = EDGE_CURVE('',#3741,#4743,#4745,.T.);
#4743 = VERTEX_POINT('',#4744);
#4744 = CARTESIAN_POINT('',(0.32,-0.32,6.3));
#4745 = LINE('',#4746,#4747);
#4746 = CARTESIAN_POINT('',(0.32,-0.32,-0.9));
#4747 = VECTOR('',#4748,1.);
#4748 = DIRECTION('',(0.,0.,1.));
#4749 = ORIENTED_EDGE('',*,*,#3748,.T.);
#4750 = ORIENTED_EDGE('',*,*,#4712,.T.);
#4751 = ORIENTED_EDGE('',*,*,#4752,.F.);
#4752 = EDGE_CURVE('',#4743,#4713,#4753,.T.);
#4753 = LINE('',#4754,#4755);
#4754 = CARTESIAN_POINT('',(0.32,-0.32,6.3));
#4755 = VECTOR('',#4756,1.);
#4756 = DIRECTION('',(-1.,1.224646799147E-16,0.));
#4757 = PLANE('',#4758);
#4758 = AXIS2_PLACEMENT_3D('',#4759,#4760,#4761);
#4759 = CARTESIAN_POINT('',(0.32,-0.32,-0.9));
#4760 = DIRECTION('',(1.224646799147E-16,1.,0.));
#4761 = DIRECTION('',(0.,-0.,1.));
#4762 = ADVANCED_FACE('',(#4763),#4781,.F.);
#4763 = FACE_BOUND('',#4764,.F.);
#4764 = EDGE_LOOP('',(#4765,#4766,#4767,#4775));
#4765 = ORIENTED_EDGE('',*,*,#3740,.T.);
#4766 = ORIENTED_EDGE('',*,*,#4742,.T.);
#4767 = ORIENTED_EDGE('',*,*,#4768,.T.);
#4768 = EDGE_CURVE('',#4743,#4769,#4771,.T.);
#4769 = VERTEX_POINT('',#4770);
#4770 = CARTESIAN_POINT('',(0.32,0.32,6.3));
#4771 = LINE('',#4772,#4773);
#4772 = CARTESIAN_POINT('',(0.32,-0.32,6.3));
#4773 = VECTOR('',#4774,1.);
#4774 = DIRECTION('',(1.224646799147E-16,1.,0.));
#4775 = ORIENTED_EDGE('',*,*,#4776,.T.);
#4776 = EDGE_CURVE('',#4769,#3733,#4777,.T.);
#4777 = LINE('',#4778,#4779);
#4778 = CARTESIAN_POINT('',(0.32,0.32,6.5));
#4779 = VECTOR('',#4780,1.);
#4780 = DIRECTION('',(-0.,0.,-1.));
#4781 = PLANE('',#4782);
#4782 = AXIS2_PLACEMENT_3D('',#4783,#4784,#4785);
#4783 = CARTESIAN_POINT('',(0.32,3.65940088399E-02,1.522832428212));
#4784 = DIRECTION('',(-1.,1.224646799147E-16,0.));
#4785 = DIRECTION('',(0.,0.,1.));
#4786 = ADVANCED_FACE('',(#4787),#4798,.F.);
#4787 = FACE_BOUND('',#4788,.F.);
#4788 = EDGE_LOOP('',(#4789,#4790,#4796,#4797));
#4789 = ORIENTED_EDGE('',*,*,#4776,.F.);
#4790 = ORIENTED_EDGE('',*,*,#4791,.T.);
#4791 = EDGE_CURVE('',#4769,#4721,#4792,.T.);
#4792 = LINE('',#4793,#4794);
#4793 = CARTESIAN_POINT('',(0.32,0.32,6.3));
#4794 = VECTOR('',#4795,1.);
#4795 = DIRECTION('',(-1.,1.224646799147E-16,0.));
#4796 = ORIENTED_EDGE('',*,*,#4728,.T.);
#4797 = ORIENTED_EDGE('',*,*,#3732,.T.);
#4798 = PLANE('',#4799);
#4799 = AXIS2_PLACEMENT_3D('',#4800,#4801,#4802);
#4800 = CARTESIAN_POINT('',(0.32,0.32,6.5));
#4801 = DIRECTION('',(-1.224646799147E-16,-1.,0.));
#4802 = DIRECTION('',(-0.,0.,-1.));
#4803 = ADVANCED_FACE('',(#4804),#4861,.T.);
#4804 = FACE_BOUND('',#4805,.T.);
#4805 = EDGE_LOOP('',(#4806,#4816,#4824,#4832,#4838,#4839,#4847,#4855));
#4806 = ORIENTED_EDGE('',*,*,#4807,.T.);
#4807 = EDGE_CURVE('',#4808,#4810,#4812,.T.);
#4808 = VERTEX_POINT('',#4809);
#4809 = CARTESIAN_POINT('',(-0.32,0.351578947368,-3.2));
#4810 = VERTEX_POINT('',#4811);
#4811 = CARTESIAN_POINT('',(-0.32,-0.288421052632,-3.2));
#4812 = LINE('',#4813,#4814);
#4813 = CARTESIAN_POINT('',(-0.32,0.32,-3.2));
#4814 = VECTOR('',#4815,1.);
#4815 = DIRECTION('',(-1.224646799147E-16,-1.,0.));
#4816 = ORIENTED_EDGE('',*,*,#4817,.T.);
#4817 = EDGE_CURVE('',#4810,#4818,#4820,.T.);
#4818 = VERTEX_POINT('',#4819);
#4819 = CARTESIAN_POINT('',(-0.32,-2.E-02,-1.5));
#4820 = LINE('',#4821,#4822);
#4821 = CARTESIAN_POINT('',(-0.32,-0.32,-3.4));
#4822 = VECTOR('',#4823,1.);
#4823 = DIRECTION('',(1.909990663905E-17,0.155962573473,0.987762965329)
  );
#4824 = ORIENTED_EDGE('',*,*,#4825,.T.);
#4825 = EDGE_CURVE('',#4818,#4826,#4828,.T.);
#4826 = VERTEX_POINT('',#4827);
#4827 = CARTESIAN_POINT('',(-0.32,-0.32,-0.9));
#4828 = LINE('',#4829,#4830);
#4829 = CARTESIAN_POINT('',(-0.32,-2.E-02,-1.5));
#4830 = VECTOR('',#4831,1.);
#4831 = DIRECTION('',(-5.476786982641E-17,-0.4472135955,0.894427191));
#4832 = ORIENTED_EDGE('',*,*,#4833,.T.);
#4833 = EDGE_CURVE('',#4826,#4106,#4834,.T.);
#4834 = LINE('',#4835,#4836);
#4835 = CARTESIAN_POINT('',(-0.32,-0.32,-0.9));
#4836 = VECTOR('',#4837,1.);
#4837 = DIRECTION('',(0.,0.,1.));
#4838 = ORIENTED_EDGE('',*,*,#4103,.F.);
#4839 = ORIENTED_EDGE('',*,*,#4840,.T.);
#4840 = EDGE_CURVE('',#4104,#4841,#4843,.T.);
#4841 = VERTEX_POINT('',#4842);
#4842 = CARTESIAN_POINT('',(-0.32,0.32,-0.9));
#4843 = LINE('',#4844,#4845);
#4844 = CARTESIAN_POINT('',(-0.32,0.32,6.5));
#4845 = VECTOR('',#4846,1.);
#4846 = DIRECTION('',(-0.,0.,-1.));
#4847 = ORIENTED_EDGE('',*,*,#4848,.T.);
#4848 = EDGE_CURVE('',#4841,#4849,#4851,.T.);
#4849 = VERTEX_POINT('',#4850);
#4850 = CARTESIAN_POINT('',(-0.32,0.62,-1.5));
#4851 = LINE('',#4852,#4853);
#4852 = CARTESIAN_POINT('',(-0.32,0.32,-0.9));
#4853 = VECTOR('',#4854,1.);
#4854 = DIRECTION('',(5.476786982641E-17,0.4472135955,-0.894427191));
#4855 = ORIENTED_EDGE('',*,*,#4856,.T.);
#4856 = EDGE_CURVE('',#4849,#4808,#4857,.T.);
#4857 = LINE('',#4858,#4859);
#4858 = CARTESIAN_POINT('',(-0.32,0.62,-1.5));
#4859 = VECTOR('',#4860,1.);
#4860 = DIRECTION('',(-1.909990663905E-17,-0.155962573473,
    -0.987762965329));
#4861 = PLANE('',#4862);
#4862 = AXIS2_PLACEMENT_3D('',#4863,#4864,#4865);
#4863 = CARTESIAN_POINT('',(-0.32,3.65940088399E-02,1.522832428212));
#4864 = DIRECTION('',(-1.,1.224646799147E-16,0.));
#4865 = DIRECTION('',(0.,0.,1.));
#4866 = ADVANCED_FACE('',(#4867),#4885,.F.);
#4867 = FACE_BOUND('',#4868,.F.);
#4868 = EDGE_LOOP('',(#4869,#4877,#4883,#4884));
#4869 = ORIENTED_EDGE('',*,*,#4870,.F.);
#4870 = EDGE_CURVE('',#4871,#4122,#4873,.T.);
#4871 = VERTEX_POINT('',#4872);
#4872 = CARTESIAN_POINT('',(0.32,-0.32,-0.9));
#4873 = LINE('',#4874,#4875);
#4874 = CARTESIAN_POINT('',(0.32,-0.32,-0.9));
#4875 = VECTOR('',#4876,1.);
#4876 = DIRECTION('',(0.,0.,1.));
#4877 = ORIENTED_EDGE('',*,*,#4878,.T.);
#4878 = EDGE_CURVE('',#4871,#4826,#4879,.T.);
#4879 = LINE('',#4880,#4881);
#4880 = CARTESIAN_POINT('',(0.32,-0.32,-0.9));
#4881 = VECTOR('',#4882,1.);
#4882 = DIRECTION('',(-1.,1.224646799147E-16,0.));
#4883 = ORIENTED_EDGE('',*,*,#4833,.T.);
#4884 = ORIENTED_EDGE('',*,*,#4129,.F.);
#4885 = PLANE('',#4886);
#4886 = AXIS2_PLACEMENT_3D('',#4887,#4888,#4889);
#4887 = CARTESIAN_POINT('',(0.32,-0.32,-0.9));
#4888 = DIRECTION('',(1.224646799147E-16,1.,0.));
#4889 = DIRECTION('',(0.,-0.,1.));
#4890 = ADVANCED_FACE('',(#4891),#4941,.F.);
#4891 = FACE_BOUND('',#4892,.F.);
#4892 = EDGE_LOOP('',(#4893,#4903,#4911,#4917,#4918,#4919,#4927,#4935));
#4893 = ORIENTED_EDGE('',*,*,#4894,.T.);
#4894 = EDGE_CURVE('',#4895,#4897,#4899,.T.);
#4895 = VERTEX_POINT('',#4896);
#4896 = CARTESIAN_POINT('',(0.32,0.351578947368,-3.2));
#4897 = VERTEX_POINT('',#4898);
#4898 = CARTESIAN_POINT('',(0.32,-0.288421052632,-3.2));
#4899 = LINE('',#4900,#4901);
#4900 = CARTESIAN_POINT('',(0.32,0.32,-3.2));
#4901 = VECTOR('',#4902,1.);
#4902 = DIRECTION('',(-1.224646799147E-16,-1.,0.));
#4903 = ORIENTED_EDGE('',*,*,#4904,.T.);
#4904 = EDGE_CURVE('',#4897,#4905,#4907,.T.);
#4905 = VERTEX_POINT('',#4906);
#4906 = CARTESIAN_POINT('',(0.32,-2.E-02,-1.5));
#4907 = LINE('',#4908,#4909);
#4908 = CARTESIAN_POINT('',(0.32,-0.32,-3.4));
#4909 = VECTOR('',#4910,1.);
#4910 = DIRECTION('',(1.909990663905E-17,0.155962573473,0.987762965329)
  );
#4911 = ORIENTED_EDGE('',*,*,#4912,.T.);
#4912 = EDGE_CURVE('',#4905,#4871,#4913,.T.);
#4913 = LINE('',#4914,#4915);
#4914 = CARTESIAN_POINT('',(0.32,-2.E-02,-1.5));
#4915 = VECTOR('',#4916,1.);
#4916 = DIRECTION('',(-5.476786982641E-17,-0.4472135955,0.894427191));
#4917 = ORIENTED_EDGE('',*,*,#4870,.T.);
#4918 = ORIENTED_EDGE('',*,*,#4121,.F.);
#4919 = ORIENTED_EDGE('',*,*,#4920,.T.);
#4920 = EDGE_CURVE('',#4114,#4921,#4923,.T.);
#4921 = VERTEX_POINT('',#4922);
#4922 = CARTESIAN_POINT('',(0.32,0.32,-0.9));
#4923 = LINE('',#4924,#4925);
#4924 = CARTESIAN_POINT('',(0.32,0.32,6.5));
#4925 = VECTOR('',#4926,1.);
#4926 = DIRECTION('',(-0.,0.,-1.));
#4927 = ORIENTED_EDGE('',*,*,#4928,.T.);
#4928 = EDGE_CURVE('',#4921,#4929,#4931,.T.);
#4929 = VERTEX_POINT('',#4930);
#4930 = CARTESIAN_POINT('',(0.32,0.62,-1.5));
#4931 = LINE('',#4932,#4933);
#4932 = CARTESIAN_POINT('',(0.32,0.32,-0.9));
#4933 = VECTOR('',#4934,1.);
#4934 = DIRECTION('',(5.476786982641E-17,0.4472135955,-0.894427191));
#4935 = ORIENTED_EDGE('',*,*,#4936,.T.);
#4936 = EDGE_CURVE('',#4929,#4895,#4937,.T.);
#4937 = LINE('',#4938,#4939);
#4938 = CARTESIAN_POINT('',(0.32,0.62,-1.5));
#4939 = VECTOR('',#4940,1.);
#4940 = DIRECTION('',(-1.909990663905E-17,-0.155962573473,
    -0.987762965329));
#4941 = PLANE('',#4942);
#4942 = AXIS2_PLACEMENT_3D('',#4943,#4944,#4945);
#4943 = CARTESIAN_POINT('',(0.32,3.65940088399E-02,1.522832428212));
#4944 = DIRECTION('',(-1.,1.224646799147E-16,0.));
#4945 = DIRECTION('',(0.,0.,1.));
#4946 = ADVANCED_FACE('',(#4947),#4958,.F.);
#4947 = FACE_BOUND('',#4948,.F.);
#4948 = EDGE_LOOP('',(#4949,#4950,#4951,#4952));
#4949 = ORIENTED_EDGE('',*,*,#4920,.F.);
#4950 = ORIENTED_EDGE('',*,*,#4113,.F.);
#4951 = ORIENTED_EDGE('',*,*,#4840,.T.);
#4952 = ORIENTED_EDGE('',*,*,#4953,.F.);
#4953 = EDGE_CURVE('',#4921,#4841,#4954,.T.);
#4954 = LINE('',#4955,#4956);
#4955 = CARTESIAN_POINT('',(0.32,0.32,-0.9));
#4956 = VECTOR('',#4957,1.);
#4957 = DIRECTION('',(-1.,1.224646799147E-16,0.));
#4958 = PLANE('',#4959);
#4959 = AXIS2_PLACEMENT_3D('',#4960,#4961,#4962);
#4960 = CARTESIAN_POINT('',(0.32,0.32,6.5));
#4961 = DIRECTION('',(-1.224646799147E-16,-1.,0.));
#4962 = DIRECTION('',(-0.,0.,-1.));
#4963 = ADVANCED_FACE('',(#4964),#4989,.F.);
#4964 = FACE_BOUND('',#4965,.F.);
#4965 = EDGE_LOOP('',(#4966,#4976,#4982,#4983));
#4966 = ORIENTED_EDGE('',*,*,#4967,.T.);
#4967 = EDGE_CURVE('',#4968,#4970,#4972,.T.);
#4968 = VERTEX_POINT('',#4969);
#4969 = CARTESIAN_POINT('',(2.82,0.32,-3.2));
#4970 = VERTEX_POINT('',#4971);
#4971 = CARTESIAN_POINT('',(2.82,-0.32,-3.2));
#4972 = LINE('',#4973,#4974);
#4973 = CARTESIAN_POINT('',(2.82,0.32,-3.2));
#4974 = VECTOR('',#4975,1.);
#4975 = DIRECTION('',(-1.224646799147E-16,-1.,0.));
#4976 = ORIENTED_EDGE('',*,*,#4977,.T.);
#4977 = EDGE_CURVE('',#4970,#4152,#4978,.T.);
#4978 = LINE('',#4979,#4980);
#4979 = CARTESIAN_POINT('',(2.82,-0.32,-3.4));
#4980 = VECTOR('',#4981,1.);
#4981 = DIRECTION('',(0.,0.,1.));
#4982 = ORIENTED_EDGE('',*,*,#4149,.F.);
#4983 = ORIENTED_EDGE('',*,*,#4984,.T.);
#4984 = EDGE_CURVE('',#4150,#4968,#4985,.T.);
#4985 = LINE('',#4986,#4987);
#4986 = CARTESIAN_POINT('',(2.82,0.32,6.5));
#4987 = VECTOR('',#4988,1.);
#4988 = DIRECTION('',(-0.,0.,-1.));
#4989 = PLANE('',#4990);
#4990 = AXIS2_PLACEMENT_3D('',#4991,#4992,#4993);
#4991 = CARTESIAN_POINT('',(2.82,2.669730022141E-16,1.55));
#4992 = DIRECTION('',(-1.,1.224646799147E-16,0.));
#4993 = DIRECTION('',(0.,0.,1.));
#4994 = ADVANCED_FACE('',(#4995),#5013,.F.);
#4995 = FACE_BOUND('',#4996,.F.);
#4996 = EDGE_LOOP('',(#4997,#4998,#4999,#5007));
#4997 = ORIENTED_EDGE('',*,*,#4984,.F.);
#4998 = ORIENTED_EDGE('',*,*,#4175,.F.);
#4999 = ORIENTED_EDGE('',*,*,#5000,.T.);
#5000 = EDGE_CURVE('',#4168,#5001,#5003,.T.);
#5001 = VERTEX_POINT('',#5002);
#5002 = CARTESIAN_POINT('',(2.18,0.32,-3.2));
#5003 = LINE('',#5004,#5005);
#5004 = CARTESIAN_POINT('',(2.18,0.32,6.5));
#5005 = VECTOR('',#5006,1.);
#5006 = DIRECTION('',(-0.,0.,-1.));
#5007 = ORIENTED_EDGE('',*,*,#5008,.F.);
#5008 = EDGE_CURVE('',#4968,#5001,#5009,.T.);
#5009 = LINE('',#5010,#5011);
#5010 = CARTESIAN_POINT('',(2.82,0.32,-3.2));
#5011 = VECTOR('',#5012,1.);
#5012 = DIRECTION('',(-1.,1.224646799147E-16,0.));
#5013 = PLANE('',#5014);
#5014 = AXIS2_PLACEMENT_3D('',#5015,#5016,#5017);
#5015 = CARTESIAN_POINT('',(2.82,0.32,6.5));
#5016 = DIRECTION('',(-1.224646799147E-16,-1.,0.));
#5017 = DIRECTION('',(-0.,0.,-1.));
#5018 = ADVANCED_FACE('',(#5019),#5037,.T.);
#5019 = FACE_BOUND('',#5020,.T.);
#5020 = EDGE_LOOP('',(#5021,#5029,#5035,#5036));
#5021 = ORIENTED_EDGE('',*,*,#5022,.T.);
#5022 = EDGE_CURVE('',#5001,#5023,#5025,.T.);
#5023 = VERTEX_POINT('',#5024);
#5024 = CARTESIAN_POINT('',(2.18,-0.32,-3.2));
#5025 = LINE('',#5026,#5027);
#5026 = CARTESIAN_POINT('',(2.18,0.32,-3.2));
#5027 = VECTOR('',#5028,1.);
#5028 = DIRECTION('',(-1.224646799147E-16,-1.,0.));
#5029 = ORIENTED_EDGE('',*,*,#5030,.T.);
#5030 = EDGE_CURVE('',#5023,#4160,#5031,.T.);
#5031 = LINE('',#5032,#5033);
#5032 = CARTESIAN_POINT('',(2.18,-0.32,-3.4));
#5033 = VECTOR('',#5034,1.);
#5034 = DIRECTION('',(0.,0.,1.));
#5035 = ORIENTED_EDGE('',*,*,#4167,.F.);
#5036 = ORIENTED_EDGE('',*,*,#5000,.T.);
#5037 = PLANE('',#5038);
#5038 = AXIS2_PLACEMENT_3D('',#5039,#5040,#5041);
#5039 = CARTESIAN_POINT('',(2.18,3.453503973596E-16,1.55));
#5040 = DIRECTION('',(-1.,1.224646799147E-16,0.));
#5041 = DIRECTION('',(0.,0.,1.));
#5042 = ADVANCED_FACE('',(#5043),#5054,.F.);
#5043 = FACE_BOUND('',#5044,.F.);
#5044 = EDGE_LOOP('',(#5045,#5046,#5052,#5053));
#5045 = ORIENTED_EDGE('',*,*,#4977,.F.);
#5046 = ORIENTED_EDGE('',*,*,#5047,.T.);
#5047 = EDGE_CURVE('',#4970,#5023,#5048,.T.);
#5048 = LINE('',#5049,#5050);
#5049 = CARTESIAN_POINT('',(2.82,-0.32,-3.2));
#5050 = VECTOR('',#5051,1.);
#5051 = DIRECTION('',(-1.,1.224646799147E-16,0.));
#5052 = ORIENTED_EDGE('',*,*,#5030,.T.);
#5053 = ORIENTED_EDGE('',*,*,#4159,.F.);
#5054 = PLANE('',#5055);
#5055 = AXIS2_PLACEMENT_3D('',#5056,#5057,#5058);
#5056 = CARTESIAN_POINT('',(2.82,-0.32,-3.4));
#5057 = DIRECTION('',(1.224646799147E-16,1.,0.));
#5058 = DIRECTION('',(0.,-0.,1.));
#5059 = ADVANCED_FACE('',(#5060),#5085,.F.);
#5060 = FACE_BOUND('',#5061,.F.);
#5061 = EDGE_LOOP('',(#5062,#5072,#5078,#5079));
#5062 = ORIENTED_EDGE('',*,*,#5063,.T.);
#5063 = EDGE_CURVE('',#5064,#5066,#5068,.T.);
#5064 = VERTEX_POINT('',#5065);
#5065 = CARTESIAN_POINT('',(5.32,0.32,-3.2));
#5066 = VERTEX_POINT('',#5067);
#5067 = CARTESIAN_POINT('',(5.32,-0.32,-3.2));
#5068 = LINE('',#5069,#5070);
#5069 = CARTESIAN_POINT('',(5.32,0.32,-3.2));
#5070 = VECTOR('',#5071,1.);
#5071 = DIRECTION('',(-1.224646799147E-16,-1.,0.));
#5072 = ORIENTED_EDGE('',*,*,#5073,.T.);
#5073 = EDGE_CURVE('',#5066,#4198,#5074,.T.);
#5074 = LINE('',#5075,#5076);
#5075 = CARTESIAN_POINT('',(5.32,-0.32,-3.4));
#5076 = VECTOR('',#5077,1.);
#5077 = DIRECTION('',(0.,0.,1.));
#5078 = ORIENTED_EDGE('',*,*,#4195,.F.);
#5079 = ORIENTED_EDGE('',*,*,#5080,.T.);
#5080 = EDGE_CURVE('',#4196,#5064,#5081,.T.);
#5081 = LINE('',#5082,#5083);
#5082 = CARTESIAN_POINT('',(5.32,0.32,6.5));
#5083 = VECTOR('',#5084,1.);
#5084 = DIRECTION('',(-0.,0.,-1.));
#5085 = PLANE('',#5086);
#5086 = AXIS2_PLACEMENT_3D('',#5087,#5088,#5089);
#5087 = CARTESIAN_POINT('',(5.32,-3.918869757272E-17,1.55));
#5088 = DIRECTION('',(-1.,1.224646799147E-16,0.));
#5089 = DIRECTION('',(0.,0.,1.));
#5090 = ADVANCED_FACE('',(#5091),#5109,.F.);
#5091 = FACE_BOUND('',#5092,.F.);
#5092 = EDGE_LOOP('',(#5093,#5094,#5095,#5103));
#5093 = ORIENTED_EDGE('',*,*,#5080,.F.);
#5094 = ORIENTED_EDGE('',*,*,#4221,.F.);
#5095 = ORIENTED_EDGE('',*,*,#5096,.T.);
#5096 = EDGE_CURVE('',#4214,#5097,#5099,.T.);
#5097 = VERTEX_POINT('',#5098);
#5098 = CARTESIAN_POINT('',(4.68,0.32,-3.2));
#5099 = LINE('',#5100,#5101);
#5100 = CARTESIAN_POINT('',(4.68,0.32,6.5));
#5101 = VECTOR('',#5102,1.);
#5102 = DIRECTION('',(-0.,0.,-1.));
#5103 = ORIENTED_EDGE('',*,*,#5104,.F.);
#5104 = EDGE_CURVE('',#5064,#5097,#5105,.T.);
#5105 = LINE('',#5106,#5107);
#5106 = CARTESIAN_POINT('',(5.32,0.32,-3.2));
#5107 = VECTOR('',#5108,1.);
#5108 = DIRECTION('',(-1.,1.224646799147E-16,0.));
#5109 = PLANE('',#5110);
#5110 = AXIS2_PLACEMENT_3D('',#5111,#5112,#5113);
#5111 = CARTESIAN_POINT('',(5.32,0.32,6.5));
#5112 = DIRECTION('',(-1.224646799147E-16,-1.,0.));
#5113 = DIRECTION('',(-0.,0.,-1.));
#5114 = ADVANCED_FACE('',(#5115),#5133,.T.);
#5115 = FACE_BOUND('',#5116,.T.);
#5116 = EDGE_LOOP('',(#5117,#5125,#5131,#5132));
#5117 = ORIENTED_EDGE('',*,*,#5118,.T.);
#5118 = EDGE_CURVE('',#5097,#5119,#5121,.T.);
#5119 = VERTEX_POINT('',#5120);
#5120 = CARTESIAN_POINT('',(4.68,-0.32,-3.2));
#5121 = LINE('',#5122,#5123);
#5122 = CARTESIAN_POINT('',(4.68,0.32,-3.2));
#5123 = VECTOR('',#5124,1.);
#5124 = DIRECTION('',(-1.224646799147E-16,-1.,0.));
#5125 = ORIENTED_EDGE('',*,*,#5126,.T.);
#5126 = EDGE_CURVE('',#5119,#4206,#5127,.T.);
#5127 = LINE('',#5128,#5129);
#5128 = CARTESIAN_POINT('',(4.68,-0.32,-3.4));
#5129 = VECTOR('',#5130,1.);
#5130 = DIRECTION('',(0.,0.,1.));
#5131 = ORIENTED_EDGE('',*,*,#4213,.F.);
#5132 = ORIENTED_EDGE('',*,*,#5096,.T.);
#5133 = PLANE('',#5134);
#5134 = AXIS2_PLACEMENT_3D('',#5135,#5136,#5137);
#5135 = CARTESIAN_POINT('',(4.68,3.918869757272E-17,1.55));
#5136 = DIRECTION('',(-1.,1.224646799147E-16,0.));
#5137 = DIRECTION('',(0.,0.,1.));
#5138 = ADVANCED_FACE('',(#5139),#5150,.F.);
#5139 = FACE_BOUND('',#5140,.F.);
#5140 = EDGE_LOOP('',(#5141,#5142,#5148,#5149));
#5141 = ORIENTED_EDGE('',*,*,#5073,.F.);
#5142 = ORIENTED_EDGE('',*,*,#5143,.T.);
#5143 = EDGE_CURVE('',#5066,#5119,#5144,.T.);
#5144 = LINE('',#5145,#5146);
#5145 = CARTESIAN_POINT('',(5.32,-0.32,-3.2));
#5146 = VECTOR('',#5147,1.);
#5147 = DIRECTION('',(-1.,1.224646799147E-16,0.));
#5148 = ORIENTED_EDGE('',*,*,#5126,.T.);
#5149 = ORIENTED_EDGE('',*,*,#4205,.F.);
#5150 = PLANE('',#5151);
#5151 = AXIS2_PLACEMENT_3D('',#5152,#5153,#5154);
#5152 = CARTESIAN_POINT('',(5.32,-0.32,-3.4));
#5153 = DIRECTION('',(1.224646799147E-16,1.,0.));
#5154 = DIRECTION('',(0.,-0.,1.));
#5155 = ADVANCED_FACE('',(#5156),#5181,.T.);
#5156 = FACE_BOUND('',#5157,.T.);
#5157 = EDGE_LOOP('',(#5158,#5168,#5174,#5175));
#5158 = ORIENTED_EDGE('',*,*,#5159,.T.);
#5159 = EDGE_CURVE('',#5160,#5162,#5164,.T.);
#5160 = VERTEX_POINT('',#5161);
#5161 = CARTESIAN_POINT('',(7.18,0.32,-3.2));
#5162 = VERTEX_POINT('',#5163);
#5163 = CARTESIAN_POINT('',(7.18,-0.32,-3.2));
#5164 = LINE('',#5165,#5166);
#5165 = CARTESIAN_POINT('',(7.18,0.32,-3.2));
#5166 = VECTOR('',#5167,1.);
#5167 = DIRECTION('',(-1.224646799147E-16,-1.,0.));
#5168 = ORIENTED_EDGE('',*,*,#5169,.T.);
#5169 = EDGE_CURVE('',#5162,#4244,#5170,.T.);
#5170 = LINE('',#5171,#5172);
#5171 = CARTESIAN_POINT('',(7.18,-0.32,-3.4));
#5172 = VECTOR('',#5173,1.);
#5173 = DIRECTION('',(0.,0.,1.));
#5174 = ORIENTED_EDGE('',*,*,#4241,.F.);
#5175 = ORIENTED_EDGE('',*,*,#5176,.T.);
#5176 = EDGE_CURVE('',#4242,#5160,#5177,.T.);
#5177 = LINE('',#5178,#5179);
#5178 = CARTESIAN_POINT('',(7.18,0.32,6.5));
#5179 = VECTOR('',#5180,1.);
#5180 = DIRECTION('',(-0.,0.,-1.));
#5181 = PLANE('',#5182);
#5182 = AXIS2_PLACEMENT_3D('',#5183,#5184,#5185);
#5183 = CARTESIAN_POINT('',(7.18,-2.669730022141E-16,1.55));
#5184 = DIRECTION('',(-1.,1.224646799147E-16,0.));
#5185 = DIRECTION('',(0.,0.,1.));
#5186 = ADVANCED_FACE('',(#5187),#5205,.F.);
#5187 = FACE_BOUND('',#5188,.F.);
#5188 = EDGE_LOOP('',(#5189,#5197,#5203,#5204));
#5189 = ORIENTED_EDGE('',*,*,#5190,.F.);
#5190 = EDGE_CURVE('',#5191,#4260,#5193,.T.);
#5191 = VERTEX_POINT('',#5192);
#5192 = CARTESIAN_POINT('',(7.82,-0.32,-3.2));
#5193 = LINE('',#5194,#5195);
#5194 = CARTESIAN_POINT('',(7.82,-0.32,-3.4));
#5195 = VECTOR('',#5196,1.);
#5196 = DIRECTION('',(0.,0.,1.));
#5197 = ORIENTED_EDGE('',*,*,#5198,.T.);
#5198 = EDGE_CURVE('',#5191,#5162,#5199,.T.);
#5199 = LINE('',#5200,#5201);
#5200 = CARTESIAN_POINT('',(7.82,-0.32,-3.2));
#5201 = VECTOR('',#5202,1.);
#5202 = DIRECTION('',(-1.,1.224646799147E-16,0.));
#5203 = ORIENTED_EDGE('',*,*,#5169,.T.);
#5204 = ORIENTED_EDGE('',*,*,#4267,.F.);
#5205 = PLANE('',#5206);
#5206 = AXIS2_PLACEMENT_3D('',#5207,#5208,#5209);
#5207 = CARTESIAN_POINT('',(7.82,-0.32,-3.4));
#5208 = DIRECTION('',(1.224646799147E-16,1.,0.));
#5209 = DIRECTION('',(0.,-0.,1.));
#5210 = ADVANCED_FACE('',(#5211),#5229,.F.);
#5211 = FACE_BOUND('',#5212,.F.);
#5212 = EDGE_LOOP('',(#5213,#5221,#5222,#5223));
#5213 = ORIENTED_EDGE('',*,*,#5214,.T.);
#5214 = EDGE_CURVE('',#5215,#5191,#5217,.T.);
#5215 = VERTEX_POINT('',#5216);
#5216 = CARTESIAN_POINT('',(7.82,0.32,-3.2));
#5217 = LINE('',#5218,#5219);
#5218 = CARTESIAN_POINT('',(7.82,0.32,-3.2));
#5219 = VECTOR('',#5220,1.);
#5220 = DIRECTION('',(-1.224646799147E-16,-1.,0.));
#5221 = ORIENTED_EDGE('',*,*,#5190,.T.);
#5222 = ORIENTED_EDGE('',*,*,#4259,.F.);
#5223 = ORIENTED_EDGE('',*,*,#5224,.T.);
#5224 = EDGE_CURVE('',#4252,#5215,#5225,.T.);
#5225 = LINE('',#5226,#5227);
#5226 = CARTESIAN_POINT('',(7.82,0.32,6.5));
#5227 = VECTOR('',#5228,1.);
#5228 = DIRECTION('',(-0.,0.,-1.));
#5229 = PLANE('',#5230);
#5230 = AXIS2_PLACEMENT_3D('',#5231,#5232,#5233);
#5231 = CARTESIAN_POINT('',(7.82,-3.453503973596E-16,1.55));
#5232 = DIRECTION('',(-1.,1.224646799147E-16,0.));
#5233 = DIRECTION('',(0.,0.,1.));
#5234 = ADVANCED_FACE('',(#5235),#5246,.F.);
#5235 = FACE_BOUND('',#5236,.F.);
#5236 = EDGE_LOOP('',(#5237,#5238,#5239,#5240));
#5237 = ORIENTED_EDGE('',*,*,#5224,.F.);
#5238 = ORIENTED_EDGE('',*,*,#4251,.F.);
#5239 = ORIENTED_EDGE('',*,*,#5176,.T.);
#5240 = ORIENTED_EDGE('',*,*,#5241,.F.);
#5241 = EDGE_CURVE('',#5215,#5160,#5242,.T.);
#5242 = LINE('',#5243,#5244);
#5243 = CARTESIAN_POINT('',(7.82,0.32,-3.2));
#5244 = VECTOR('',#5245,1.);
#5245 = DIRECTION('',(-1.,1.224646799147E-16,0.));
#5246 = PLANE('',#5247);
#5247 = AXIS2_PLACEMENT_3D('',#5248,#5249,#5250);
#5248 = CARTESIAN_POINT('',(7.82,0.32,6.5));
#5249 = DIRECTION('',(-1.224646799147E-16,-1.,0.));
#5250 = DIRECTION('',(-0.,0.,-1.));
#5251 = ADVANCED_FACE('',(#5252),#5277,.F.);
#5252 = FACE_BOUND('',#5253,.F.);
#5253 = EDGE_LOOP('',(#5254,#5262,#5263,#5271));
#5254 = ORIENTED_EDGE('',*,*,#5255,.F.);
#5255 = EDGE_CURVE('',#4290,#5256,#5258,.T.);
#5256 = VERTEX_POINT('',#5257);
#5257 = CARTESIAN_POINT('',(10.32,0.32,-0.9));
#5258 = LINE('',#5259,#5260);
#5259 = CARTESIAN_POINT('',(10.32,0.32,6.5));
#5260 = VECTOR('',#5261,1.);
#5261 = DIRECTION('',(-0.,0.,-1.));
#5262 = ORIENTED_EDGE('',*,*,#4287,.F.);
#5263 = ORIENTED_EDGE('',*,*,#5264,.T.);
#5264 = EDGE_CURVE('',#4288,#5265,#5267,.T.);
#5265 = VERTEX_POINT('',#5266);
#5266 = CARTESIAN_POINT('',(9.68,0.32,-0.9));
#5267 = LINE('',#5268,#5269);
#5268 = CARTESIAN_POINT('',(9.68,0.32,6.5));
#5269 = VECTOR('',#5270,1.);
#5270 = DIRECTION('',(-0.,0.,-1.));
#5271 = ORIENTED_EDGE('',*,*,#5272,.F.);
#5272 = EDGE_CURVE('',#5256,#5265,#5273,.T.);
#5273 = LINE('',#5274,#5275);
#5274 = CARTESIAN_POINT('',(10.32,0.32,-0.9));
#5275 = VECTOR('',#5276,1.);
#5276 = DIRECTION('',(-1.,1.224646799147E-16,0.));
#5277 = PLANE('',#5278);
#5278 = AXIS2_PLACEMENT_3D('',#5279,#5280,#5281);
#5279 = CARTESIAN_POINT('',(10.32,0.32,6.5));
#5280 = DIRECTION('',(-1.224646799147E-16,-1.,0.));
#5281 = DIRECTION('',(-0.,0.,-1.));
#5282 = ADVANCED_FACE('',(#5283),#5333,.T.);
#5283 = FACE_BOUND('',#5284,.T.);
#5284 = EDGE_LOOP('',(#5285,#5295,#5303,#5311,#5317,#5318,#5319,#5327));
#5285 = ORIENTED_EDGE('',*,*,#5286,.T.);
#5286 = EDGE_CURVE('',#5287,#5289,#5291,.T.);
#5287 = VERTEX_POINT('',#5288);
#5288 = CARTESIAN_POINT('',(9.68,0.351578947368,-3.2));
#5289 = VERTEX_POINT('',#5290);
#5290 = CARTESIAN_POINT('',(9.68,-0.288421052632,-3.2));
#5291 = LINE('',#5292,#5293);
#5292 = CARTESIAN_POINT('',(9.68,0.32,-3.2));
#5293 = VECTOR('',#5294,1.);
#5294 = DIRECTION('',(-1.224646799147E-16,-1.,0.));
#5295 = ORIENTED_EDGE('',*,*,#5296,.T.);
#5296 = EDGE_CURVE('',#5289,#5297,#5299,.T.);
#5297 = VERTEX_POINT('',#5298);
#5298 = CARTESIAN_POINT('',(9.68,-2.E-02,-1.5));
#5299 = LINE('',#5300,#5301);
#5300 = CARTESIAN_POINT('',(9.68,-0.32,-3.4));
#5301 = VECTOR('',#5302,1.);
#5302 = DIRECTION('',(1.909990663905E-17,0.155962573473,0.987762965329)
  );
#5303 = ORIENTED_EDGE('',*,*,#5304,.T.);
#5304 = EDGE_CURVE('',#5297,#5305,#5307,.T.);
#5305 = VERTEX_POINT('',#5306);
#5306 = CARTESIAN_POINT('',(9.68,-0.32,-0.9));
#5307 = LINE('',#5308,#5309);
#5308 = CARTESIAN_POINT('',(9.68,-2.E-02,-1.5));
#5309 = VECTOR('',#5310,1.);
#5310 = DIRECTION('',(-5.476786982641E-17,-0.4472135955,0.894427191));
#5311 = ORIENTED_EDGE('',*,*,#5312,.T.);
#5312 = EDGE_CURVE('',#5305,#4306,#5313,.T.);
#5313 = LINE('',#5314,#5315);
#5314 = CARTESIAN_POINT('',(9.68,-0.32,-0.9));
#5315 = VECTOR('',#5316,1.);
#5316 = DIRECTION('',(0.,0.,1.));
#5317 = ORIENTED_EDGE('',*,*,#4313,.F.);
#5318 = ORIENTED_EDGE('',*,*,#5264,.T.);
#5319 = ORIENTED_EDGE('',*,*,#5320,.T.);
#5320 = EDGE_CURVE('',#5265,#5321,#5323,.T.);
#5321 = VERTEX_POINT('',#5322);
#5322 = CARTESIAN_POINT('',(9.68,0.62,-1.5));
#5323 = LINE('',#5324,#5325);
#5324 = CARTESIAN_POINT('',(9.68,0.32,-0.9));
#5325 = VECTOR('',#5326,1.);
#5326 = DIRECTION('',(5.476786982641E-17,0.4472135955,-0.894427191));
#5327 = ORIENTED_EDGE('',*,*,#5328,.T.);
#5328 = EDGE_CURVE('',#5321,#5287,#5329,.T.);
#5329 = LINE('',#5330,#5331);
#5330 = CARTESIAN_POINT('',(9.68,0.62,-1.5));
#5331 = VECTOR('',#5332,1.);
#5332 = DIRECTION('',(-1.909990663905E-17,-0.155962573473,
    -0.987762965329));
#5333 = PLANE('',#5334);
#5334 = AXIS2_PLACEMENT_3D('',#5335,#5336,#5337);
#5335 = CARTESIAN_POINT('',(9.68,3.65940088399E-02,1.522832428212));
#5336 = DIRECTION('',(-1.,1.224646799147E-16,0.));
#5337 = DIRECTION('',(0.,0.,1.));
#5338 = ADVANCED_FACE('',(#5339),#5357,.F.);
#5339 = FACE_BOUND('',#5340,.F.);
#5340 = EDGE_LOOP('',(#5341,#5349,#5355,#5356));
#5341 = ORIENTED_EDGE('',*,*,#5342,.F.);
#5342 = EDGE_CURVE('',#5343,#4298,#5345,.T.);
#5343 = VERTEX_POINT('',#5344);
#5344 = CARTESIAN_POINT('',(10.32,-0.32,-0.9));
#5345 = LINE('',#5346,#5347);
#5346 = CARTESIAN_POINT('',(10.32,-0.32,-0.9));
#5347 = VECTOR('',#5348,1.);
#5348 = DIRECTION('',(0.,0.,1.));
#5349 = ORIENTED_EDGE('',*,*,#5350,.T.);
#5350 = EDGE_CURVE('',#5343,#5305,#5351,.T.);
#5351 = LINE('',#5352,#5353);
#5352 = CARTESIAN_POINT('',(10.32,-0.32,-0.9));
#5353 = VECTOR('',#5354,1.);
#5354 = DIRECTION('',(-1.,1.224646799147E-16,0.));
#5355 = ORIENTED_EDGE('',*,*,#5312,.T.);
#5356 = ORIENTED_EDGE('',*,*,#4305,.F.);
#5357 = PLANE('',#5358);
#5358 = AXIS2_PLACEMENT_3D('',#5359,#5360,#5361);
#5359 = CARTESIAN_POINT('',(10.32,-0.32,-0.9));
#5360 = DIRECTION('',(1.224646799147E-16,1.,0.));
#5361 = DIRECTION('',(0.,-0.,1.));
#5362 = ADVANCED_FACE('',(#5363),#5406,.F.);
#5363 = FACE_BOUND('',#5364,.F.);
#5364 = EDGE_LOOP('',(#5365,#5375,#5383,#5389,#5390,#5391,#5392,#5400));
#5365 = ORIENTED_EDGE('',*,*,#5366,.T.);
#5366 = EDGE_CURVE('',#5367,#5369,#5371,.T.);
#5367 = VERTEX_POINT('',#5368);
#5368 = CARTESIAN_POINT('',(10.32,0.351578947368,-3.2));
#5369 = VERTEX_POINT('',#5370);
#5370 = CARTESIAN_POINT('',(10.32,-0.288421052632,-3.2));
#5371 = LINE('',#5372,#5373);
#5372 = CARTESIAN_POINT('',(10.32,0.32,-3.2));
#5373 = VECTOR('',#5374,1.);
#5374 = DIRECTION('',(-1.224646799147E-16,-1.,0.));
#5375 = ORIENTED_EDGE('',*,*,#5376,.T.);
#5376 = EDGE_CURVE('',#5369,#5377,#5379,.T.);
#5377 = VERTEX_POINT('',#5378);
#5378 = CARTESIAN_POINT('',(10.32,-2.E-02,-1.5));
#5379 = LINE('',#5380,#5381);
#5380 = CARTESIAN_POINT('',(10.32,-0.32,-3.4));
#5381 = VECTOR('',#5382,1.);
#5382 = DIRECTION('',(1.909990663905E-17,0.155962573473,0.987762965329)
  );
#5383 = ORIENTED_EDGE('',*,*,#5384,.T.);
#5384 = EDGE_CURVE('',#5377,#5343,#5385,.T.);
#5385 = LINE('',#5386,#5387);
#5386 = CARTESIAN_POINT('',(10.32,-2.E-02,-1.5));
#5387 = VECTOR('',#5388,1.);
#5388 = DIRECTION('',(-5.476786982641E-17,-0.4472135955,0.894427191));
#5389 = ORIENTED_EDGE('',*,*,#5342,.T.);
#5390 = ORIENTED_EDGE('',*,*,#4297,.F.);
#5391 = ORIENTED_EDGE('',*,*,#5255,.T.);
#5392 = ORIENTED_EDGE('',*,*,#5393,.T.);
#5393 = EDGE_CURVE('',#5256,#5394,#5396,.T.);
#5394 = VERTEX_POINT('',#5395);
#5395 = CARTESIAN_POINT('',(10.32,0.62,-1.5));
#5396 = LINE('',#5397,#5398);
#5397 = CARTESIAN_POINT('',(10.32,0.32,-0.9));
#5398 = VECTOR('',#5399,1.);
#5399 = DIRECTION('',(5.476786982641E-17,0.4472135955,-0.894427191));
#5400 = ORIENTED_EDGE('',*,*,#5401,.T.);
#5401 = EDGE_CURVE('',#5394,#5367,#5402,.T.);
#5402 = LINE('',#5403,#5404);
#5403 = CARTESIAN_POINT('',(10.32,0.62,-1.5));
#5404 = VECTOR('',#5405,1.);
#5405 = DIRECTION('',(-1.909990663905E-17,-0.155962573473,
    -0.987762965329));
#5406 = PLANE('',#5407);
#5407 = AXIS2_PLACEMENT_3D('',#5408,#5409,#5410);
#5408 = CARTESIAN_POINT('',(10.32,3.65940088399E-02,1.522832428212));
#5409 = DIRECTION('',(-1.,1.224646799147E-16,0.));
#5410 = DIRECTION('',(0.,0.,1.));
#5411 = ADVANCED_FACE('',(#5412),#5437,.T.);
#5412 = FACE_BOUND('',#5413,.F.);
#5413 = EDGE_LOOP('',(#5414,#5422,#5430,#5436));
#5414 = ORIENTED_EDGE('',*,*,#5415,.T.);
#5415 = EDGE_CURVE('',#4329,#5416,#5418,.T.);
#5416 = VERTEX_POINT('',#5417);
#5417 = CARTESIAN_POINT('',(5.12,-0.12,6.5));
#5418 = LINE('',#5419,#5420);
#5419 = CARTESIAN_POINT('',(5.253333333333,-0.253333333333,
    6.366666666667));
#5420 = VECTOR('',#5421,1.);
#5421 = DIRECTION('',(-0.57735026919,0.57735026919,0.57735026919));
#5422 = ORIENTED_EDGE('',*,*,#5423,.T.);
#5423 = EDGE_CURVE('',#5416,#5424,#5426,.T.);
#5424 = VERTEX_POINT('',#5425);
#5425 = CARTESIAN_POINT('',(5.12,0.12,6.5));
#5426 = LINE('',#5427,#5428);
#5427 = CARTESIAN_POINT('',(5.12,-0.32,6.5));
#5428 = VECTOR('',#5429,1.);
#5429 = DIRECTION('',(1.224646799147E-16,1.,0.));
#5430 = ORIENTED_EDGE('',*,*,#5431,.T.);
#5431 = EDGE_CURVE('',#5424,#4337,#5432,.T.);
#5432 = LINE('',#5433,#5434);
#5433 = CARTESIAN_POINT('',(5.146666666667,0.146666666667,6.473333333333
    ));
#5434 = VECTOR('',#5435,1.);
#5435 = DIRECTION('',(0.57735026919,0.57735026919,-0.57735026919));
#5436 = ORIENTED_EDGE('',*,*,#4336,.F.);
#5437 = PLANE('',#5438);
#5438 = AXIS2_PLACEMENT_3D('',#5439,#5440,#5441);
#5439 = CARTESIAN_POINT('',(5.22,-0.32,6.4));
#5440 = DIRECTION('',(0.707106781187,-8.833102285013E-17,0.707106781187)
  );
#5441 = DIRECTION('',(-1.236918052038E-16,-1.,-1.227125289097E-18));
#5442 = ADVANCED_FACE('',(#5443),#5461,.T.);
#5443 = FACE_BOUND('',#5444,.F.);
#5444 = EDGE_LOOP('',(#5445,#5446,#5454,#5460));
#5445 = ORIENTED_EDGE('',*,*,#5431,.F.);
#5446 = ORIENTED_EDGE('',*,*,#5447,.T.);
#5447 = EDGE_CURVE('',#5424,#5448,#5450,.T.);
#5448 = VERTEX_POINT('',#5449);
#5449 = CARTESIAN_POINT('',(4.88,0.12,6.5));
#5450 = LINE('',#5451,#5452);
#5451 = CARTESIAN_POINT('',(5.32,0.12,6.5));
#5452 = VECTOR('',#5453,1.);
#5453 = DIRECTION('',(-1.,1.224646799147E-16,0.));
#5454 = ORIENTED_EDGE('',*,*,#5455,.T.);
#5455 = EDGE_CURVE('',#5448,#4360,#5456,.T.);
#5456 = LINE('',#5457,#5458);
#5457 = CARTESIAN_POINT('',(4.96,4.E-02,6.58));
#5458 = VECTOR('',#5459,1.);
#5459 = DIRECTION('',(-0.57735026919,0.57735026919,-0.57735026919));
#5460 = ORIENTED_EDGE('',*,*,#4359,.F.);
#5461 = PLANE('',#5462);
#5462 = AXIS2_PLACEMENT_3D('',#5463,#5464,#5465);
#5463 = CARTESIAN_POINT('',(5.32,0.22,6.4));
#5464 = DIRECTION('',(8.833102285013E-17,0.707106781187,0.707106781187)
  );
#5465 = DIRECTION('',(1.,-1.236918052038E-16,-1.227125289097E-18));
#5466 = ADVANCED_FACE('',(#5467),#5485,.F.);
#5467 = FACE_BOUND('',#5468,.T.);
#5468 = EDGE_LOOP('',(#5469,#5477,#5483,#5484));
#5469 = ORIENTED_EDGE('',*,*,#5470,.T.);
#5470 = EDGE_CURVE('',#4384,#5471,#5473,.T.);
#5471 = VERTEX_POINT('',#5472);
#5472 = CARTESIAN_POINT('',(4.88,-0.12,6.5));
#5473 = LINE('',#5474,#5475);
#5474 = CARTESIAN_POINT('',(4.853333333333,-0.146666666667,
    6.473333333333));
#5475 = VECTOR('',#5476,1.);
#5476 = DIRECTION('',(0.57735026919,0.57735026919,0.57735026919));
#5477 = ORIENTED_EDGE('',*,*,#5478,.T.);
#5478 = EDGE_CURVE('',#5471,#5448,#5479,.T.);
#5479 = LINE('',#5480,#5481);
#5480 = CARTESIAN_POINT('',(4.88,-0.32,6.5));
#5481 = VECTOR('',#5482,1.);
#5482 = DIRECTION('',(1.224646799147E-16,1.,0.));
#5483 = ORIENTED_EDGE('',*,*,#5455,.T.);
#5484 = ORIENTED_EDGE('',*,*,#4391,.F.);
#5485 = PLANE('',#5486);
#5486 = AXIS2_PLACEMENT_3D('',#5487,#5488,#5489);
#5487 = CARTESIAN_POINT('',(4.78,-0.32,6.4));
#5488 = DIRECTION('',(0.707106781187,-8.486018839685E-17,-0.707106781187
    ));
#5489 = DIRECTION('',(-1.212375546256E-16,-1.,-1.227125289196E-18));
#5490 = ADVANCED_FACE('',(#5491),#5502,.T.);
#5491 = FACE_BOUND('',#5492,.F.);
#5492 = EDGE_LOOP('',(#5493,#5494,#5495,#5496));
#5493 = ORIENTED_EDGE('',*,*,#5415,.F.);
#5494 = ORIENTED_EDGE('',*,*,#4409,.T.);
#5495 = ORIENTED_EDGE('',*,*,#5470,.T.);
#5496 = ORIENTED_EDGE('',*,*,#5497,.F.);
#5497 = EDGE_CURVE('',#5416,#5471,#5498,.T.);
#5498 = LINE('',#5499,#5500);
#5499 = CARTESIAN_POINT('',(5.32,-0.12,6.5));
#5500 = VECTOR('',#5501,1.);
#5501 = DIRECTION('',(-1.,1.224646799147E-16,0.));
#5502 = PLANE('',#5503);
#5503 = AXIS2_PLACEMENT_3D('',#5504,#5505,#5506);
#5504 = CARTESIAN_POINT('',(5.32,-0.22,6.4));
#5505 = DIRECTION('',(-8.833102285013E-17,-0.707106781187,0.707106781187
    ));
#5506 = DIRECTION('',(1.,-1.236918052038E-16,1.227125289097E-18));
#5507 = ADVANCED_FACE('',(#5508),#5533,.F.);
#5508 = FACE_BOUND('',#5509,.T.);
#5509 = EDGE_LOOP('',(#5510,#5518,#5526,#5532));
#5510 = ORIENTED_EDGE('',*,*,#5511,.T.);
#5511 = EDGE_CURVE('',#4425,#5512,#5514,.T.);
#5512 = VERTEX_POINT('',#5513);
#5513 = CARTESIAN_POINT('',(7.38,-0.12,6.5));
#5514 = LINE('',#5515,#5516);
#5515 = CARTESIAN_POINT('',(7.353333333333,-0.146666666667,
    6.473333333333));
#5516 = VECTOR('',#5517,1.);
#5517 = DIRECTION('',(0.57735026919,0.57735026919,0.57735026919));
#5518 = ORIENTED_EDGE('',*,*,#5519,.T.);
#5519 = EDGE_CURVE('',#5512,#5520,#5522,.T.);
#5520 = VERTEX_POINT('',#5521);
#5521 = CARTESIAN_POINT('',(7.38,0.12,6.5));
#5522 = LINE('',#5523,#5524);
#5523 = CARTESIAN_POINT('',(7.38,-0.32,6.5));
#5524 = VECTOR('',#5525,1.);
#5525 = DIRECTION('',(1.224646799147E-16,1.,0.));
#5526 = ORIENTED_EDGE('',*,*,#5527,.T.);
#5527 = EDGE_CURVE('',#5520,#4433,#5528,.T.);
#5528 = LINE('',#5529,#5530);
#5529 = CARTESIAN_POINT('',(7.46,4.E-02,6.58));
#5530 = VECTOR('',#5531,1.);
#5531 = DIRECTION('',(-0.57735026919,0.57735026919,-0.57735026919));
#5532 = ORIENTED_EDGE('',*,*,#4432,.F.);
#5533 = PLANE('',#5534);
#5534 = AXIS2_PLACEMENT_3D('',#5535,#5536,#5537);
#5535 = CARTESIAN_POINT('',(7.28,-0.32,6.4));
#5536 = DIRECTION('',(0.707106781187,-8.486018839685E-17,-0.707106781187
    ));
#5537 = DIRECTION('',(-1.212375546256E-16,-1.,-1.227125289196E-18));
#5538 = ADVANCED_FACE('',(#5539),#5557,.T.);
#5539 = FACE_BOUND('',#5540,.F.);
#5540 = EDGE_LOOP('',(#5541,#5549,#5550,#5551));
#5541 = ORIENTED_EDGE('',*,*,#5542,.F.);
#5542 = EDGE_CURVE('',#4455,#5543,#5545,.T.);
#5543 = VERTEX_POINT('',#5544);
#5544 = CARTESIAN_POINT('',(7.62,-0.12,6.5));
#5545 = LINE('',#5546,#5547);
#5546 = CARTESIAN_POINT('',(7.753333333333,-0.253333333333,
    6.366666666667));
#5547 = VECTOR('',#5548,1.);
#5548 = DIRECTION('',(-0.57735026919,0.57735026919,0.57735026919));
#5549 = ORIENTED_EDGE('',*,*,#4464,.T.);
#5550 = ORIENTED_EDGE('',*,*,#5511,.T.);
#5551 = ORIENTED_EDGE('',*,*,#5552,.F.);
#5552 = EDGE_CURVE('',#5543,#5512,#5553,.T.);
#5553 = LINE('',#5554,#5555);
#5554 = CARTESIAN_POINT('',(7.82,-0.12,6.5));
#5555 = VECTOR('',#5556,1.);
#5556 = DIRECTION('',(-1.,1.224646799147E-16,0.));
#5557 = PLANE('',#5558);
#5558 = AXIS2_PLACEMENT_3D('',#5559,#5560,#5561);
#5559 = CARTESIAN_POINT('',(7.82,-0.22,6.4));
#5560 = DIRECTION('',(-8.833102285013E-17,-0.707106781187,0.707106781187
    ));
#5561 = DIRECTION('',(1.,-1.236918052038E-16,1.227125289097E-18));
#5562 = ADVANCED_FACE('',(#5563),#5581,.T.);
#5563 = FACE_BOUND('',#5564,.F.);
#5564 = EDGE_LOOP('',(#5565,#5566,#5574,#5580));
#5565 = ORIENTED_EDGE('',*,*,#5542,.T.);
#5566 = ORIENTED_EDGE('',*,*,#5567,.T.);
#5567 = EDGE_CURVE('',#5543,#5568,#5570,.T.);
#5568 = VERTEX_POINT('',#5569);
#5569 = CARTESIAN_POINT('',(7.62,0.12,6.5));
#5570 = LINE('',#5571,#5572);
#5571 = CARTESIAN_POINT('',(7.62,-0.32,6.5));
#5572 = VECTOR('',#5573,1.);
#5573 = DIRECTION('',(1.224646799147E-16,1.,0.));
#5574 = ORIENTED_EDGE('',*,*,#5575,.T.);
#5575 = EDGE_CURVE('',#5568,#4481,#5576,.T.);
#5576 = LINE('',#5577,#5578);
#5577 = CARTESIAN_POINT('',(7.646666666667,0.146666666667,6.473333333333
    ));
#5578 = VECTOR('',#5579,1.);
#5579 = DIRECTION('',(0.57735026919,0.57735026919,-0.57735026919));
#5580 = ORIENTED_EDGE('',*,*,#4480,.F.);
#5581 = PLANE('',#5582);
#5582 = AXIS2_PLACEMENT_3D('',#5583,#5584,#5585);
#5583 = CARTESIAN_POINT('',(7.72,-0.32,6.4));
#5584 = DIRECTION('',(0.707106781187,-8.833102285013E-17,0.707106781187)
  );
#5585 = DIRECTION('',(-1.236918052038E-16,-1.,-1.227125289097E-18));
#5586 = ADVANCED_FACE('',(#5587),#5598,.T.);
#5587 = FACE_BOUND('',#5588,.F.);
#5588 = EDGE_LOOP('',(#5589,#5590,#5596,#5597));
#5589 = ORIENTED_EDGE('',*,*,#5575,.F.);
#5590 = ORIENTED_EDGE('',*,*,#5591,.T.);
#5591 = EDGE_CURVE('',#5568,#5520,#5592,.T.);
#5592 = LINE('',#5593,#5594);
#5593 = CARTESIAN_POINT('',(7.82,0.12,6.5));
#5594 = VECTOR('',#5595,1.);
#5595 = DIRECTION('',(-1.,1.224646799147E-16,0.));
#5596 = ORIENTED_EDGE('',*,*,#5527,.T.);
#5597 = ORIENTED_EDGE('',*,*,#4503,.F.);
#5598 = PLANE('',#5599);
#5599 = AXIS2_PLACEMENT_3D('',#5600,#5601,#5602);
#5600 = CARTESIAN_POINT('',(7.82,0.22,6.4));
#5601 = DIRECTION('',(8.833102285013E-17,0.707106781187,0.707106781187)
  );
#5602 = DIRECTION('',(1.,-1.236918052038E-16,-1.227125289097E-18));
#5603 = ADVANCED_FACE('',(#5604),#5629,.T.);
#5604 = FACE_BOUND('',#5605,.F.);
#5605 = EDGE_LOOP('',(#5606,#5614,#5622,#5628));
#5606 = ORIENTED_EDGE('',*,*,#5607,.T.);
#5607 = EDGE_CURVE('',#4521,#5608,#5610,.T.);
#5608 = VERTEX_POINT('',#5609);
#5609 = CARTESIAN_POINT('',(2.62,-0.12,6.5));
#5610 = LINE('',#5611,#5612);
#5611 = CARTESIAN_POINT('',(2.753333333333,-0.253333333333,
    6.366666666667));
#5612 = VECTOR('',#5613,1.);
#5613 = DIRECTION('',(-0.57735026919,0.57735026919,0.57735026919));
#5614 = ORIENTED_EDGE('',*,*,#5615,.T.);
#5615 = EDGE_CURVE('',#5608,#5616,#5618,.T.);
#5616 = VERTEX_POINT('',#5617);
#5617 = CARTESIAN_POINT('',(2.62,0.12,6.5));
#5618 = LINE('',#5619,#5620);
#5619 = CARTESIAN_POINT('',(2.62,-0.32,6.5));
#5620 = VECTOR('',#5621,1.);
#5621 = DIRECTION('',(1.224646799147E-16,1.,0.));
#5622 = ORIENTED_EDGE('',*,*,#5623,.T.);
#5623 = EDGE_CURVE('',#5616,#4529,#5624,.T.);
#5624 = LINE('',#5625,#5626);
#5625 = CARTESIAN_POINT('',(2.646666666667,0.146666666667,6.473333333333
    ));
#5626 = VECTOR('',#5627,1.);
#5627 = DIRECTION('',(0.57735026919,0.57735026919,-0.57735026919));
#5628 = ORIENTED_EDGE('',*,*,#4528,.F.);
#5629 = PLANE('',#5630);
#5630 = AXIS2_PLACEMENT_3D('',#5631,#5632,#5633);
#5631 = CARTESIAN_POINT('',(2.72,-0.32,6.4));
#5632 = DIRECTION('',(0.707106781187,-8.833102285013E-17,0.707106781187)
  );
#5633 = DIRECTION('',(-1.236918052038E-16,-1.,-1.227125289097E-18));
#5634 = ADVANCED_FACE('',(#5635),#5653,.T.);
#5635 = FACE_BOUND('',#5636,.F.);
#5636 = EDGE_LOOP('',(#5637,#5638,#5646,#5652));
#5637 = ORIENTED_EDGE('',*,*,#5623,.F.);
#5638 = ORIENTED_EDGE('',*,*,#5639,.T.);
#5639 = EDGE_CURVE('',#5616,#5640,#5642,.T.);
#5640 = VERTEX_POINT('',#5641);
#5641 = CARTESIAN_POINT('',(2.38,0.12,6.5));
#5642 = LINE('',#5643,#5644);
#5643 = CARTESIAN_POINT('',(2.82,0.12,6.5));
#5644 = VECTOR('',#5645,1.);
#5645 = DIRECTION('',(-1.,1.224646799147E-16,0.));
#5646 = ORIENTED_EDGE('',*,*,#5647,.T.);
#5647 = EDGE_CURVE('',#5640,#4552,#5648,.T.);
#5648 = LINE('',#5649,#5650);
#5649 = CARTESIAN_POINT('',(2.46,4.E-02,6.58));
#5650 = VECTOR('',#5651,1.);
#5651 = DIRECTION('',(-0.57735026919,0.57735026919,-0.57735026919));
#5652 = ORIENTED_EDGE('',*,*,#4551,.F.);
#5653 = PLANE('',#5654);
#5654 = AXIS2_PLACEMENT_3D('',#5655,#5656,#5657);
#5655 = CARTESIAN_POINT('',(2.82,0.22,6.4));
#5656 = DIRECTION('',(8.833102285013E-17,0.707106781187,0.707106781187)
  );
#5657 = DIRECTION('',(1.,-1.236918052038E-16,-1.227125289097E-18));
#5658 = ADVANCED_FACE('',(#5659),#5677,.F.);
#5659 = FACE_BOUND('',#5660,.T.);
#5660 = EDGE_LOOP('',(#5661,#5669,#5675,#5676));
#5661 = ORIENTED_EDGE('',*,*,#5662,.T.);
#5662 = EDGE_CURVE('',#4576,#5663,#5665,.T.);
#5663 = VERTEX_POINT('',#5664);
#5664 = CARTESIAN_POINT('',(2.38,-0.12,6.5));
#5665 = LINE('',#5666,#5667);
#5666 = CARTESIAN_POINT('',(2.353333333333,-0.146666666667,
    6.473333333333));
#5667 = VECTOR('',#5668,1.);
#5668 = DIRECTION('',(0.57735026919,0.57735026919,0.57735026919));
#5669 = ORIENTED_EDGE('',*,*,#5670,.T.);
#5670 = EDGE_CURVE('',#5663,#5640,#5671,.T.);
#5671 = LINE('',#5672,#5673);
#5672 = CARTESIAN_POINT('',(2.38,-0.32,6.5));
#5673 = VECTOR('',#5674,1.);
#5674 = DIRECTION('',(1.224646799147E-16,1.,0.));
#5675 = ORIENTED_EDGE('',*,*,#5647,.T.);
#5676 = ORIENTED_EDGE('',*,*,#4583,.F.);
#5677 = PLANE('',#5678);
#5678 = AXIS2_PLACEMENT_3D('',#5679,#5680,#5681);
#5679 = CARTESIAN_POINT('',(2.28,-0.32,6.4));
#5680 = DIRECTION('',(0.707106781187,-8.486018839685E-17,-0.707106781187
    ));
#5681 = DIRECTION('',(-1.212375546256E-16,-1.,-1.227125289196E-18));
#5682 = ADVANCED_FACE('',(#5683),#5694,.T.);
#5683 = FACE_BOUND('',#5684,.F.);
#5684 = EDGE_LOOP('',(#5685,#5686,#5687,#5688));
#5685 = ORIENTED_EDGE('',*,*,#5607,.F.);
#5686 = ORIENTED_EDGE('',*,*,#4601,.T.);
#5687 = ORIENTED_EDGE('',*,*,#5662,.T.);
#5688 = ORIENTED_EDGE('',*,*,#5689,.F.);
#5689 = EDGE_CURVE('',#5608,#5663,#5690,.T.);
#5690 = LINE('',#5691,#5692);
#5691 = CARTESIAN_POINT('',(2.82,-0.12,6.5));
#5692 = VECTOR('',#5693,1.);
#5693 = DIRECTION('',(-1.,1.224646799147E-16,0.));
#5694 = PLANE('',#5695);
#5695 = AXIS2_PLACEMENT_3D('',#5696,#5697,#5698);
#5696 = CARTESIAN_POINT('',(2.82,-0.22,6.4));
#5697 = DIRECTION('',(-8.833102285013E-17,-0.707106781187,0.707106781187
    ));
#5698 = DIRECTION('',(1.,-1.236918052038E-16,1.227125289097E-18));
#5699 = ADVANCED_FACE('',(#5700),#5725,.T.);
#5700 = FACE_BOUND('',#5701,.F.);
#5701 = EDGE_LOOP('',(#5702,#5710,#5718,#5724));
#5702 = ORIENTED_EDGE('',*,*,#5703,.F.);
#5703 = EDGE_CURVE('',#5704,#4616,#5706,.T.);
#5704 = VERTEX_POINT('',#5705);
#5705 = CARTESIAN_POINT('',(10.12,0.12,6.5));
#5706 = LINE('',#5707,#5708);
#5707 = CARTESIAN_POINT('',(10.146666666667,0.146666666667,
    6.473333333333));
#5708 = VECTOR('',#5709,1.);
#5709 = DIRECTION('',(0.57735026919,0.57735026919,-0.57735026919));
#5710 = ORIENTED_EDGE('',*,*,#5711,.T.);
#5711 = EDGE_CURVE('',#5704,#5712,#5714,.T.);
#5712 = VERTEX_POINT('',#5713);
#5713 = CARTESIAN_POINT('',(9.88,0.12,6.5));
#5714 = LINE('',#5715,#5716);
#5715 = CARTESIAN_POINT('',(10.32,0.12,6.5));
#5716 = VECTOR('',#5717,1.);
#5717 = DIRECTION('',(-1.,1.224646799147E-16,0.));
#5718 = ORIENTED_EDGE('',*,*,#5719,.T.);
#5719 = EDGE_CURVE('',#5712,#4624,#5720,.T.);
#5720 = LINE('',#5721,#5722);
#5721 = CARTESIAN_POINT('',(9.96,4.E-02,6.58));
#5722 = VECTOR('',#5723,1.);
#5723 = DIRECTION('',(-0.57735026919,0.57735026919,-0.57735026919));
#5724 = ORIENTED_EDGE('',*,*,#4623,.F.);
#5725 = PLANE('',#5726);
#5726 = AXIS2_PLACEMENT_3D('',#5727,#5728,#5729);
#5727 = CARTESIAN_POINT('',(10.32,0.22,6.4));
#5728 = DIRECTION('',(8.833102285013E-17,0.707106781187,0.707106781187)
  );
#5729 = DIRECTION('',(1.,-1.236918052038E-16,-1.227125289097E-18));
#5730 = ADVANCED_FACE('',(#5731),#5749,.F.);
#5731 = FACE_BOUND('',#5732,.T.);
#5732 = EDGE_LOOP('',(#5733,#5741,#5747,#5748));
#5733 = ORIENTED_EDGE('',*,*,#5734,.T.);
#5734 = EDGE_CURVE('',#4648,#5735,#5737,.T.);
#5735 = VERTEX_POINT('',#5736);
#5736 = CARTESIAN_POINT('',(9.88,-0.12,6.5));
#5737 = LINE('',#5738,#5739);
#5738 = CARTESIAN_POINT('',(9.853333333333,-0.146666666667,
    6.473333333333));
#5739 = VECTOR('',#5740,1.);
#5740 = DIRECTION('',(0.57735026919,0.57735026919,0.57735026919));
#5741 = ORIENTED_EDGE('',*,*,#5742,.T.);
#5742 = EDGE_CURVE('',#5735,#5712,#5743,.T.);
#5743 = LINE('',#5744,#5745);
#5744 = CARTESIAN_POINT('',(9.88,-0.32,6.5));
#5745 = VECTOR('',#5746,1.);
#5746 = DIRECTION('',(1.224646799147E-16,1.,0.));
#5747 = ORIENTED_EDGE('',*,*,#5719,.T.);
#5748 = ORIENTED_EDGE('',*,*,#4655,.F.);
#5749 = PLANE('',#5750);
#5750 = AXIS2_PLACEMENT_3D('',#5751,#5752,#5753);
#5751 = CARTESIAN_POINT('',(9.78,-0.32,6.4));
#5752 = DIRECTION('',(0.707106781187,-8.486018839685E-17,-0.707106781187
    ));
#5753 = DIRECTION('',(-1.212375546256E-16,-1.,-1.227125289196E-18));
#5754 = ADVANCED_FACE('',(#5755),#5773,.T.);
#5755 = FACE_BOUND('',#5756,.F.);
#5756 = EDGE_LOOP('',(#5757,#5765,#5766,#5767));
#5757 = ORIENTED_EDGE('',*,*,#5758,.F.);
#5758 = EDGE_CURVE('',#4671,#5759,#5761,.T.);
#5759 = VERTEX_POINT('',#5760);
#5760 = CARTESIAN_POINT('',(10.12,-0.12,6.5));
#5761 = LINE('',#5762,#5763);
#5762 = CARTESIAN_POINT('',(10.253333333333,-0.253333333333,
    6.366666666667));
#5763 = VECTOR('',#5764,1.);
#5764 = DIRECTION('',(-0.57735026919,0.57735026919,0.57735026919));
#5765 = ORIENTED_EDGE('',*,*,#4680,.T.);
#5766 = ORIENTED_EDGE('',*,*,#5734,.T.);
#5767 = ORIENTED_EDGE('',*,*,#5768,.F.);
#5768 = EDGE_CURVE('',#5759,#5735,#5769,.T.);
#5769 = LINE('',#5770,#5771);
#5770 = CARTESIAN_POINT('',(10.32,-0.12,6.5));
#5771 = VECTOR('',#5772,1.);
#5772 = DIRECTION('',(-1.,1.224646799147E-16,0.));
#5773 = PLANE('',#5774);
#5774 = AXIS2_PLACEMENT_3D('',#5775,#5776,#5777);
#5775 = CARTESIAN_POINT('',(10.32,-0.22,6.4));
#5776 = DIRECTION('',(-8.833102285013E-17,-0.707106781187,0.707106781187
    ));
#5777 = DIRECTION('',(1.,-1.236918052038E-16,1.227125289097E-18));
#5778 = ADVANCED_FACE('',(#5779),#5790,.T.);
#5779 = FACE_BOUND('',#5780,.F.);
#5780 = EDGE_LOOP('',(#5781,#5782,#5788,#5789));
#5781 = ORIENTED_EDGE('',*,*,#5758,.T.);
#5782 = ORIENTED_EDGE('',*,*,#5783,.T.);
#5783 = EDGE_CURVE('',#5759,#5704,#5784,.T.);
#5784 = LINE('',#5785,#5786);
#5785 = CARTESIAN_POINT('',(10.12,-0.32,6.5));
#5786 = VECTOR('',#5787,1.);
#5787 = DIRECTION('',(1.224646799147E-16,1.,0.));
#5788 = ORIENTED_EDGE('',*,*,#5703,.T.);
#5789 = ORIENTED_EDGE('',*,*,#4696,.F.);
#5790 = PLANE('',#5791);
#5791 = AXIS2_PLACEMENT_3D('',#5792,#5793,#5794);
#5792 = CARTESIAN_POINT('',(10.22,-0.32,6.4));
#5793 = DIRECTION('',(0.707106781187,-8.833102285013E-17,0.707106781187)
  );
#5794 = DIRECTION('',(-1.236918052038E-16,-1.,-1.227125289097E-18));
#5795 = ADVANCED_FACE('',(#5796),#5821,.F.);
#5796 = FACE_BOUND('',#5797,.T.);
#5797 = EDGE_LOOP('',(#5798,#5806,#5814,#5820));
#5798 = ORIENTED_EDGE('',*,*,#5799,.T.);
#5799 = EDGE_CURVE('',#4713,#5800,#5802,.T.);
#5800 = VERTEX_POINT('',#5801);
#5801 = CARTESIAN_POINT('',(-0.12,-0.12,6.5));
#5802 = LINE('',#5803,#5804);
#5803 = CARTESIAN_POINT('',(-0.146666666667,-0.146666666667,
    6.473333333333));
#5804 = VECTOR('',#5805,1.);
#5805 = DIRECTION('',(0.57735026919,0.57735026919,0.57735026919));
#5806 = ORIENTED_EDGE('',*,*,#5807,.T.);
#5807 = EDGE_CURVE('',#5800,#5808,#5810,.T.);
#5808 = VERTEX_POINT('',#5809);
#5809 = CARTESIAN_POINT('',(-0.12,0.12,6.5));
#5810 = LINE('',#5811,#5812);
#5811 = CARTESIAN_POINT('',(-0.12,-0.32,6.5));
#5812 = VECTOR('',#5813,1.);
#5813 = DIRECTION('',(1.224646799147E-16,1.,0.));
#5814 = ORIENTED_EDGE('',*,*,#5815,.T.);
#5815 = EDGE_CURVE('',#5808,#4721,#5816,.T.);
#5816 = LINE('',#5817,#5818);
#5817 = CARTESIAN_POINT('',(-4.E-02,4.E-02,6.58));
#5818 = VECTOR('',#5819,1.);
#5819 = DIRECTION('',(-0.57735026919,0.57735026919,-0.57735026919));
#5820 = ORIENTED_EDGE('',*,*,#4720,.F.);
#5821 = PLANE('',#5822);
#5822 = AXIS2_PLACEMENT_3D('',#5823,#5824,#5825);
#5823 = CARTESIAN_POINT('',(-0.22,-0.32,6.4));
#5824 = DIRECTION('',(0.707106781187,-8.486018839685E-17,-0.707106781187
    ));
#5825 = DIRECTION('',(-1.212375546256E-16,-1.,-1.227125289196E-18));
#5826 = ADVANCED_FACE('',(#5827),#5845,.T.);
#5827 = FACE_BOUND('',#5828,.F.);
#5828 = EDGE_LOOP('',(#5829,#5837,#5838,#5839));
#5829 = ORIENTED_EDGE('',*,*,#5830,.F.);
#5830 = EDGE_CURVE('',#4743,#5831,#5833,.T.);
#5831 = VERTEX_POINT('',#5832);
#5832 = CARTESIAN_POINT('',(0.12,-0.12,6.5));
#5833 = LINE('',#5834,#5835);
#5834 = CARTESIAN_POINT('',(0.253333333333,-0.253333333333,
    6.366666666667));
#5835 = VECTOR('',#5836,1.);
#5836 = DIRECTION('',(-0.57735026919,0.57735026919,0.57735026919));
#5837 = ORIENTED_EDGE('',*,*,#4752,.T.);
#5838 = ORIENTED_EDGE('',*,*,#5799,.T.);
#5839 = ORIENTED_EDGE('',*,*,#5840,.F.);
#5840 = EDGE_CURVE('',#5831,#5800,#5841,.T.);
#5841 = LINE('',#5842,#5843);
#5842 = CARTESIAN_POINT('',(0.32,-0.12,6.5));
#5843 = VECTOR('',#5844,1.);
#5844 = DIRECTION('',(-1.,1.224646799147E-16,0.));
#5845 = PLANE('',#5846);
#5846 = AXIS2_PLACEMENT_3D('',#5847,#5848,#5849);
#5847 = CARTESIAN_POINT('',(0.32,-0.22,6.4));
#5848 = DIRECTION('',(-8.833102285013E-17,-0.707106781187,0.707106781187
    ));
#5849 = DIRECTION('',(1.,-1.236918052038E-16,1.227125289097E-18));
#5850 = ADVANCED_FACE('',(#5851),#5869,.T.);
#5851 = FACE_BOUND('',#5852,.F.);
#5852 = EDGE_LOOP('',(#5853,#5854,#5862,#5868));
#5853 = ORIENTED_EDGE('',*,*,#5830,.T.);
#5854 = ORIENTED_EDGE('',*,*,#5855,.T.);
#5855 = EDGE_CURVE('',#5831,#5856,#5858,.T.);
#5856 = VERTEX_POINT('',#5857);
#5857 = CARTESIAN_POINT('',(0.12,0.12,6.5));
#5858 = LINE('',#5859,#5860);
#5859 = CARTESIAN_POINT('',(0.12,-0.32,6.5));
#5860 = VECTOR('',#5861,1.);
#5861 = DIRECTION('',(1.224646799147E-16,1.,0.));
#5862 = ORIENTED_EDGE('',*,*,#5863,.T.);
#5863 = EDGE_CURVE('',#5856,#4769,#5864,.T.);
#5864 = LINE('',#5865,#5866);
#5865 = CARTESIAN_POINT('',(0.146666666667,0.146666666667,6.473333333333
    ));
#5866 = VECTOR('',#5867,1.);
#5867 = DIRECTION('',(0.57735026919,0.57735026919,-0.57735026919));
#5868 = ORIENTED_EDGE('',*,*,#4768,.F.);
#5869 = PLANE('',#5870);
#5870 = AXIS2_PLACEMENT_3D('',#5871,#5872,#5873);
#5871 = CARTESIAN_POINT('',(0.22,-0.32,6.4));
#5872 = DIRECTION('',(0.707106781187,-8.833102285013E-17,0.707106781187)
  );
#5873 = DIRECTION('',(-1.236918052038E-16,-1.,-1.227125289097E-18));
#5874 = ADVANCED_FACE('',(#5875),#5886,.T.);
#5875 = FACE_BOUND('',#5876,.F.);
#5876 = EDGE_LOOP('',(#5877,#5878,#5884,#5885));
#5877 = ORIENTED_EDGE('',*,*,#5863,.F.);
#5878 = ORIENTED_EDGE('',*,*,#5879,.T.);
#5879 = EDGE_CURVE('',#5856,#5808,#5880,.T.);
#5880 = LINE('',#5881,#5882);
#5881 = CARTESIAN_POINT('',(0.32,0.12,6.5));
#5882 = VECTOR('',#5883,1.);
#5883 = DIRECTION('',(-1.,1.224646799147E-16,0.));
#5884 = ORIENTED_EDGE('',*,*,#5815,.T.);
#5885 = ORIENTED_EDGE('',*,*,#4791,.F.);
#5886 = PLANE('',#5887);
#5887 = AXIS2_PLACEMENT_3D('',#5888,#5889,#5890);
#5888 = CARTESIAN_POINT('',(0.32,0.22,6.4));
#5889 = DIRECTION('',(8.833102285013E-17,0.707106781187,0.707106781187)
  );
#5890 = DIRECTION('',(1.,-1.236918052038E-16,-1.227125289097E-18));
#5891 = ADVANCED_FACE('',(#5892),#5933,.F.);
#5892 = FACE_BOUND('',#5893,.T.);
#5893 = EDGE_LOOP('',(#5894,#5904,#5912,#5920,#5926,#5927));
#5894 = ORIENTED_EDGE('',*,*,#5895,.F.);
#5895 = EDGE_CURVE('',#5896,#5898,#5900,.T.);
#5896 = VERTEX_POINT('',#5897);
#5897 = CARTESIAN_POINT('',(-0.12,0.12,-3.4));
#5898 = VERTEX_POINT('',#5899);
#5899 = CARTESIAN_POINT('',(-0.317552593066,0.351192514695,
    -3.202447406934));
#5900 = LINE('',#5901,#5902);
#5901 = CARTESIAN_POINT('',(-0.153849098111,0.159613036666,
    -3.366150901889));
#5902 = VECTOR('',#5903,1.);
#5903 = DIRECTION('',(-0.544770019249,0.63753529491,0.544770019249));
#5904 = ORIENTED_EDGE('',*,*,#5905,.T.);
#5905 = EDGE_CURVE('',#5896,#5906,#5908,.T.);
#5906 = VERTEX_POINT('',#5907);
#5907 = CARTESIAN_POINT('',(-0.12,-0.12,-3.4));
#5908 = LINE('',#5909,#5910);
#5909 = CARTESIAN_POINT('',(-0.12,0.32,-3.4));
#5910 = VECTOR('',#5911,1.);
#5911 = DIRECTION('',(-1.224646799147E-16,-1.,0.));
#5912 = ORIENTED_EDGE('',*,*,#5913,.T.);
#5913 = EDGE_CURVE('',#5906,#5914,#5916,.T.);
#5914 = VERTEX_POINT('',#5915);
#5915 = CARTESIAN_POINT('',(-0.317552593066,-0.288807485305,
    -3.202447406934));
#5916 = LINE('',#5917,#5918);
#5917 = CARTESIAN_POINT('',(-3.848855660758E-02,-5.034896900541E-02,
    -3.481511443392));
#5918 = VECTOR('',#5919,1.);
#5919 = DIRECTION('',(-0.605209817607,-0.517148096144,0.605209817607));
#5920 = ORIENTED_EDGE('',*,*,#5921,.T.);
#5921 = EDGE_CURVE('',#5914,#4810,#5922,.T.);
#5922 = LINE('',#5923,#5924);
#5923 = CARTESIAN_POINT('',(-8.569083447332E-02,-0.325417236662,
    -3.434309165527));
#5924 = VECTOR('',#5925,1.);
#5925 = DIRECTION('',(-0.702740385383,0.110959008218,0.702740385383));
#5926 = ORIENTED_EDGE('',*,*,#4807,.F.);
#5927 = ORIENTED_EDGE('',*,*,#5928,.F.);
#5928 = EDGE_CURVE('',#5898,#4808,#5929,.T.);
#5929 = LINE('',#5930,#5931);
#5930 = CARTESIAN_POINT('',(-0.541586867305,0.386566347469,
    -2.978413132695));
#5931 = VECTOR('',#5932,1.);
#5932 = DIRECTION('',(-0.702740385383,0.110959008218,0.702740385383));
#5933 = PLANE('',#5934);
#5934 = AXIS2_PLACEMENT_3D('',#5935,#5936,#5937);
#5935 = CARTESIAN_POINT('',(-0.22,0.32,-3.3));
#5936 = DIRECTION('',(0.707106781187,-8.833102285013E-17,0.707106781187)
  );
#5937 = DIRECTION('',(1.236918052038E-16,1.,1.227125289097E-18));
#5938 = ADVANCED_FACE('',(#5939),#5964,.F.);
#5939 = FACE_BOUND('',#5940,.F.);
#5940 = EDGE_LOOP('',(#5941,#5942,#5948,#5949,#5950,#5958));
#5941 = ORIENTED_EDGE('',*,*,#4936,.F.);
#5942 = ORIENTED_EDGE('',*,*,#5943,.T.);
#5943 = EDGE_CURVE('',#4929,#4849,#5944,.T.);
#5944 = LINE('',#5945,#5946);
#5945 = CARTESIAN_POINT('',(0.32,0.62,-1.5));
#5946 = VECTOR('',#5947,1.);
#5947 = DIRECTION('',(-1.,1.224646799147E-16,0.));
#5948 = ORIENTED_EDGE('',*,*,#4856,.T.);
#5949 = ORIENTED_EDGE('',*,*,#5928,.F.);
#5950 = ORIENTED_EDGE('',*,*,#5951,.F.);
#5951 = EDGE_CURVE('',#5952,#5898,#5954,.T.);
#5952 = VERTEX_POINT('',#5953);
#5953 = CARTESIAN_POINT('',(0.317552593066,0.351192514695,
    -3.202447406934));
#5954 = LINE('',#5955,#5956);
#5955 = CARTESIAN_POINT('',(0.32,0.351192514695,-3.202447406934));
#5956 = VECTOR('',#5957,1.);
#5957 = DIRECTION('',(-1.,1.224646799147E-16,0.));
#5958 = ORIENTED_EDGE('',*,*,#5959,.T.);
#5959 = EDGE_CURVE('',#5952,#4895,#5960,.T.);
#5960 = LINE('',#5961,#5962);
#5961 = CARTESIAN_POINT('',(0.699616963064,0.411518467852,
    -2.820383036936));
#5962 = VECTOR('',#5963,1.);
#5963 = DIRECTION('',(0.702740385383,0.110959008218,0.702740385383));
#5964 = PLANE('',#5965);
#5965 = AXIS2_PLACEMENT_3D('',#5966,#5967,#5968);
#5966 = CARTESIAN_POINT('',(0.32,0.62,-1.5));
#5967 = DIRECTION('',(-1.209660753807E-16,-0.987762965329,0.155962573473
    ));
#5968 = DIRECTION('',(-1.909990663905E-17,-0.155962573473,
    -0.987762965329));
#5969 = ADVANCED_FACE('',(#5970),#5976,.F.);
#5970 = FACE_BOUND('',#5971,.F.);
#5971 = EDGE_LOOP('',(#5972,#5973,#5974,#5975));
#5972 = ORIENTED_EDGE('',*,*,#4953,.T.);
#5973 = ORIENTED_EDGE('',*,*,#4848,.T.);
#5974 = ORIENTED_EDGE('',*,*,#5943,.F.);
#5975 = ORIENTED_EDGE('',*,*,#4928,.F.);
#5976 = PLANE('',#5977);
#5977 = AXIS2_PLACEMENT_3D('',#5978,#5979,#5980);
#5978 = CARTESIAN_POINT('',(0.32,0.32,-0.9));
#5979 = DIRECTION('',(-1.095357396528E-16,-0.894427191,-0.4472135955));
#5980 = DIRECTION('',(5.476786982641E-17,0.4472135955,-0.894427191));
#5981 = ADVANCED_FACE('',(#5982),#5993,.F.);
#5982 = FACE_BOUND('',#5983,.F.);
#5983 = EDGE_LOOP('',(#5984,#5990,#5991,#5992));
#5984 = ORIENTED_EDGE('',*,*,#5985,.T.);
#5985 = EDGE_CURVE('',#4905,#4818,#5986,.T.);
#5986 = LINE('',#5987,#5988);
#5987 = CARTESIAN_POINT('',(0.32,-2.E-02,-1.5));
#5988 = VECTOR('',#5989,1.);
#5989 = DIRECTION('',(-1.,1.224646799147E-16,0.));
#5990 = ORIENTED_EDGE('',*,*,#4825,.T.);
#5991 = ORIENTED_EDGE('',*,*,#4878,.F.);
#5992 = ORIENTED_EDGE('',*,*,#4912,.F.);
#5993 = PLANE('',#5994);
#5994 = AXIS2_PLACEMENT_3D('',#5995,#5996,#5997);
#5995 = CARTESIAN_POINT('',(0.32,-2.E-02,-1.5));
#5996 = DIRECTION('',(1.095357396528E-16,0.894427191,0.4472135955));
#5997 = DIRECTION('',(-5.476786982641E-17,-0.4472135955,0.894427191));
#5998 = ADVANCED_FACE('',(#5999),#6019,.F.);
#5999 = FACE_BOUND('',#6000,.F.);
#6000 = EDGE_LOOP('',(#6001,#6002,#6010,#6016,#6017,#6018));
#6001 = ORIENTED_EDGE('',*,*,#4904,.F.);
#6002 = ORIENTED_EDGE('',*,*,#6003,.F.);
#6003 = EDGE_CURVE('',#6004,#4897,#6006,.T.);
#6004 = VERTEX_POINT('',#6005);
#6005 = CARTESIAN_POINT('',(0.317552593066,-0.288807485305,
    -3.202447406934));
#6006 = LINE('',#6007,#6008);
#6007 = CARTESIAN_POINT('',(0.243720930233,-0.300465116279,
    -3.276279069767));
#6008 = VECTOR('',#6009,1.);
#6009 = DIRECTION('',(0.702740385383,0.110959008218,0.702740385383));
#6010 = ORIENTED_EDGE('',*,*,#6011,.T.);
#6011 = EDGE_CURVE('',#6004,#5914,#6012,.T.);
#6012 = LINE('',#6013,#6014);
#6013 = CARTESIAN_POINT('',(0.32,-0.288807485305,-3.202447406934));
#6014 = VECTOR('',#6015,1.);
#6015 = DIRECTION('',(-1.,1.224646799147E-16,0.));
#6016 = ORIENTED_EDGE('',*,*,#5921,.T.);
#6017 = ORIENTED_EDGE('',*,*,#4817,.T.);
#6018 = ORIENTED_EDGE('',*,*,#5985,.F.);
#6019 = PLANE('',#6020);
#6020 = AXIS2_PLACEMENT_3D('',#6021,#6022,#6023);
#6021 = CARTESIAN_POINT('',(0.32,-0.32,-3.4));
#6022 = DIRECTION('',(1.209660753807E-16,0.987762965329,-0.155962573473)
  );
#6023 = DIRECTION('',(1.909990663905E-17,0.155962573473,0.987762965329)
  );
#6024 = ADVANCED_FACE('',(#6025),#6052,.T.);
#6025 = FACE_BOUND('',#6026,.F.);
#6026 = EDGE_LOOP('',(#6027,#6035,#6043,#6049,#6050,#6051));
#6027 = ORIENTED_EDGE('',*,*,#6028,.F.);
#6028 = EDGE_CURVE('',#6029,#5952,#6031,.T.);
#6029 = VERTEX_POINT('',#6030);
#6030 = CARTESIAN_POINT('',(0.12,0.12,-3.4));
#6031 = LINE('',#6032,#6033);
#6032 = CARTESIAN_POINT('',(0.24881689775,0.270752273427,-3.27118310225)
  );
#6033 = VECTOR('',#6034,1.);
#6034 = DIRECTION('',(0.544770019249,0.63753529491,0.544770019249));
#6035 = ORIENTED_EDGE('',*,*,#6036,.T.);
#6036 = EDGE_CURVE('',#6029,#6037,#6039,.T.);
#6037 = VERTEX_POINT('',#6038);
#6038 = CARTESIAN_POINT('',(0.12,-0.12,-3.4));
#6039 = LINE('',#6040,#6041);
#6040 = CARTESIAN_POINT('',(0.12,0.32,-3.4));
#6041 = VECTOR('',#6042,1.);
#6042 = DIRECTION('',(-1.224646799147E-16,-1.,0.));
#6043 = ORIENTED_EDGE('',*,*,#6044,.T.);
#6044 = EDGE_CURVE('',#6037,#6004,#6045,.T.);
#6045 = LINE('',#6046,#6047);
#6046 = CARTESIAN_POINT('',(0.155697812072,-0.150503562587,
    -3.364302187928));
#6047 = VECTOR('',#6048,1.);
#6048 = DIRECTION('',(0.605209817607,-0.517148096144,0.605209817607));
#6049 = ORIENTED_EDGE('',*,*,#6003,.T.);
#6050 = ORIENTED_EDGE('',*,*,#4894,.F.);
#6051 = ORIENTED_EDGE('',*,*,#5959,.F.);
#6052 = PLANE('',#6053);
#6053 = AXIS2_PLACEMENT_3D('',#6054,#6055,#6056);
#6054 = CARTESIAN_POINT('',(0.22,0.32,-3.3));
#6055 = DIRECTION('',(0.707106781187,-8.486018839685E-17,-0.707106781187
    ));
#6056 = DIRECTION('',(1.212375546256E-16,1.,1.227125289196E-18));
#6057 = ADVANCED_FACE('',(#6058),#6083,.T.);
#6058 = FACE_BOUND('',#6059,.F.);
#6059 = EDGE_LOOP('',(#6060,#6068,#6076,#6082));
#6060 = ORIENTED_EDGE('',*,*,#6061,.F.);
#6061 = EDGE_CURVE('',#6062,#4968,#6064,.T.);
#6062 = VERTEX_POINT('',#6063);
#6063 = CARTESIAN_POINT('',(2.62,0.12,-3.4));
#6064 = LINE('',#6065,#6066);
#6065 = CARTESIAN_POINT('',(2.753333333333,0.253333333333,
    -3.266666666667));
#6066 = VECTOR('',#6067,1.);
#6067 = DIRECTION('',(0.57735026919,0.57735026919,0.57735026919));
#6068 = ORIENTED_EDGE('',*,*,#6069,.T.);
#6069 = EDGE_CURVE('',#6062,#6070,#6072,.T.);
#6070 = VERTEX_POINT('',#6071);
#6071 = CARTESIAN_POINT('',(2.62,-0.12,-3.4));
#6072 = LINE('',#6073,#6074);
#6073 = CARTESIAN_POINT('',(2.62,0.32,-3.4));
#6074 = VECTOR('',#6075,1.);
#6075 = DIRECTION('',(-1.224646799147E-16,-1.,0.));
#6076 = ORIENTED_EDGE('',*,*,#6077,.T.);
#6077 = EDGE_CURVE('',#6070,#4970,#6078,.T.);
#6078 = LINE('',#6079,#6080);
#6079 = CARTESIAN_POINT('',(2.646666666667,-0.146666666667,
    -3.373333333333));
#6080 = VECTOR('',#6081,1.);
#6081 = DIRECTION('',(0.57735026919,-0.57735026919,0.57735026919));
#6082 = ORIENTED_EDGE('',*,*,#4967,.F.);
#6083 = PLANE('',#6084);
#6084 = AXIS2_PLACEMENT_3D('',#6085,#6086,#6087);
#6085 = CARTESIAN_POINT('',(2.72,0.32,-3.3));
#6086 = DIRECTION('',(0.707106781187,-8.486018839685E-17,-0.707106781187
    ));
#6087 = DIRECTION('',(1.212375546256E-16,1.,1.227125289196E-18));
#6088 = ADVANCED_FACE('',(#6089),#6107,.T.);
#6089 = FACE_BOUND('',#6090,.T.);
#6090 = EDGE_LOOP('',(#6091,#6092,#6100,#6106));
#6091 = ORIENTED_EDGE('',*,*,#6061,.F.);
#6092 = ORIENTED_EDGE('',*,*,#6093,.T.);
#6093 = EDGE_CURVE('',#6062,#6094,#6096,.T.);
#6094 = VERTEX_POINT('',#6095);
#6095 = CARTESIAN_POINT('',(2.38,0.12,-3.4));
#6096 = LINE('',#6097,#6098);
#6097 = CARTESIAN_POINT('',(2.82,0.12,-3.4));
#6098 = VECTOR('',#6099,1.);
#6099 = DIRECTION('',(-1.,1.224646799147E-16,0.));
#6100 = ORIENTED_EDGE('',*,*,#6101,.T.);
#6101 = EDGE_CURVE('',#6094,#5001,#6102,.T.);
#6102 = LINE('',#6103,#6104);
#6103 = CARTESIAN_POINT('',(2.353333333333,0.146666666667,
    -3.373333333333));
#6104 = VECTOR('',#6105,1.);
#6105 = DIRECTION('',(-0.57735026919,0.57735026919,0.57735026919));
#6106 = ORIENTED_EDGE('',*,*,#5008,.F.);
#6107 = PLANE('',#6108);
#6108 = AXIS2_PLACEMENT_3D('',#6109,#6110,#6111);
#6109 = CARTESIAN_POINT('',(2.82,0.22,-3.3));
#6110 = DIRECTION('',(8.486018839685E-17,0.707106781187,-0.707106781187)
  );
#6111 = DIRECTION('',(-1.,1.212375546256E-16,1.227125289196E-18));
#6112 = ADVANCED_FACE('',(#6113),#6131,.F.);
#6113 = FACE_BOUND('',#6114,.T.);
#6114 = EDGE_LOOP('',(#6115,#6116,#6124,#6130));
#6115 = ORIENTED_EDGE('',*,*,#6101,.F.);
#6116 = ORIENTED_EDGE('',*,*,#6117,.T.);
#6117 = EDGE_CURVE('',#6094,#6118,#6120,.T.);
#6118 = VERTEX_POINT('',#6119);
#6119 = CARTESIAN_POINT('',(2.38,-0.12,-3.4));
#6120 = LINE('',#6121,#6122);
#6121 = CARTESIAN_POINT('',(2.38,0.32,-3.4));
#6122 = VECTOR('',#6123,1.);
#6123 = DIRECTION('',(-1.224646799147E-16,-1.,0.));
#6124 = ORIENTED_EDGE('',*,*,#6125,.T.);
#6125 = EDGE_CURVE('',#6118,#5023,#6126,.T.);
#6126 = LINE('',#6127,#6128);
#6127 = CARTESIAN_POINT('',(2.46,-4.E-02,-3.48));
#6128 = VECTOR('',#6129,1.);
#6129 = DIRECTION('',(-0.57735026919,-0.57735026919,0.57735026919));
#6130 = ORIENTED_EDGE('',*,*,#5022,.F.);
#6131 = PLANE('',#6132);
#6132 = AXIS2_PLACEMENT_3D('',#6133,#6134,#6135);
#6133 = CARTESIAN_POINT('',(2.28,0.32,-3.3));
#6134 = DIRECTION('',(0.707106781187,-8.833102285013E-17,0.707106781187)
  );
#6135 = DIRECTION('',(1.236918052038E-16,1.,1.227125289097E-18));
#6136 = ADVANCED_FACE('',(#6137),#6148,.T.);
#6137 = FACE_BOUND('',#6138,.F.);
#6138 = EDGE_LOOP('',(#6139,#6140,#6146,#6147));
#6139 = ORIENTED_EDGE('',*,*,#6077,.F.);
#6140 = ORIENTED_EDGE('',*,*,#6141,.T.);
#6141 = EDGE_CURVE('',#6070,#6118,#6142,.T.);
#6142 = LINE('',#6143,#6144);
#6143 = CARTESIAN_POINT('',(2.82,-0.12,-3.4));
#6144 = VECTOR('',#6145,1.);
#6145 = DIRECTION('',(-1.,1.224646799147E-16,0.));
#6146 = ORIENTED_EDGE('',*,*,#6125,.T.);
#6147 = ORIENTED_EDGE('',*,*,#5047,.F.);
#6148 = PLANE('',#6149);
#6149 = AXIS2_PLACEMENT_3D('',#6150,#6151,#6152);
#6150 = CARTESIAN_POINT('',(2.82,-0.22,-3.3));
#6151 = DIRECTION('',(-8.486018839685E-17,-0.707106781187,
    -0.707106781187));
#6152 = DIRECTION('',(1.,-1.212375546256E-16,1.227125289196E-18));
#6153 = ADVANCED_FACE('',(#6154),#6179,.T.);
#6154 = FACE_BOUND('',#6155,.F.);
#6155 = EDGE_LOOP('',(#6156,#6164,#6172,#6178));
#6156 = ORIENTED_EDGE('',*,*,#6157,.F.);
#6157 = EDGE_CURVE('',#6158,#5064,#6160,.T.);
#6158 = VERTEX_POINT('',#6159);
#6159 = CARTESIAN_POINT('',(5.12,0.12,-3.4));
#6160 = LINE('',#6161,#6162);
#6161 = CARTESIAN_POINT('',(5.253333333333,0.253333333333,
    -3.266666666667));
#6162 = VECTOR('',#6163,1.);
#6163 = DIRECTION('',(0.57735026919,0.57735026919,0.57735026919));
#6164 = ORIENTED_EDGE('',*,*,#6165,.T.);
#6165 = EDGE_CURVE('',#6158,#6166,#6168,.T.);
#6166 = VERTEX_POINT('',#6167);
#6167 = CARTESIAN_POINT('',(5.12,-0.12,-3.4));
#6168 = LINE('',#6169,#6170);
#6169 = CARTESIAN_POINT('',(5.12,0.32,-3.4));
#6170 = VECTOR('',#6171,1.);
#6171 = DIRECTION('',(-1.224646799147E-16,-1.,0.));
#6172 = ORIENTED_EDGE('',*,*,#6173,.T.);
#6173 = EDGE_CURVE('',#6166,#5066,#6174,.T.);
#6174 = LINE('',#6175,#6176);
#6175 = CARTESIAN_POINT('',(5.146666666667,-0.146666666667,
    -3.373333333333));
#6176 = VECTOR('',#6177,1.);
#6177 = DIRECTION('',(0.57735026919,-0.57735026919,0.57735026919));
#6178 = ORIENTED_EDGE('',*,*,#5063,.F.);
#6179 = PLANE('',#6180);
#6180 = AXIS2_PLACEMENT_3D('',#6181,#6182,#6183);
#6181 = CARTESIAN_POINT('',(5.22,0.32,-3.3));
#6182 = DIRECTION('',(0.707106781187,-8.486018839685E-17,-0.707106781187
    ));
#6183 = DIRECTION('',(1.212375546256E-16,1.,1.227125289196E-18));
#6184 = ADVANCED_FACE('',(#6185),#6203,.T.);
#6185 = FACE_BOUND('',#6186,.T.);
#6186 = EDGE_LOOP('',(#6187,#6188,#6196,#6202));
#6187 = ORIENTED_EDGE('',*,*,#6157,.F.);
#6188 = ORIENTED_EDGE('',*,*,#6189,.T.);
#6189 = EDGE_CURVE('',#6158,#6190,#6192,.T.);
#6190 = VERTEX_POINT('',#6191);
#6191 = CARTESIAN_POINT('',(4.88,0.12,-3.4));
#6192 = LINE('',#6193,#6194);
#6193 = CARTESIAN_POINT('',(5.32,0.12,-3.4));
#6194 = VECTOR('',#6195,1.);
#6195 = DIRECTION('',(-1.,1.224646799147E-16,0.));
#6196 = ORIENTED_EDGE('',*,*,#6197,.T.);
#6197 = EDGE_CURVE('',#6190,#5097,#6198,.T.);
#6198 = LINE('',#6199,#6200);
#6199 = CARTESIAN_POINT('',(4.853333333333,0.146666666667,
    -3.373333333333));
#6200 = VECTOR('',#6201,1.);
#6201 = DIRECTION('',(-0.57735026919,0.57735026919,0.57735026919));
#6202 = ORIENTED_EDGE('',*,*,#5104,.F.);
#6203 = PLANE('',#6204);
#6204 = AXIS2_PLACEMENT_3D('',#6205,#6206,#6207);
#6205 = CARTESIAN_POINT('',(5.32,0.22,-3.3));
#6206 = DIRECTION('',(8.486018839685E-17,0.707106781187,-0.707106781187)
  );
#6207 = DIRECTION('',(-1.,1.212375546256E-16,1.227125289196E-18));
#6208 = ADVANCED_FACE('',(#6209),#6227,.F.);
#6209 = FACE_BOUND('',#6210,.T.);
#6210 = EDGE_LOOP('',(#6211,#6212,#6220,#6226));
#6211 = ORIENTED_EDGE('',*,*,#6197,.F.);
#6212 = ORIENTED_EDGE('',*,*,#6213,.T.);
#6213 = EDGE_CURVE('',#6190,#6214,#6216,.T.);
#6214 = VERTEX_POINT('',#6215);
#6215 = CARTESIAN_POINT('',(4.88,-0.12,-3.4));
#6216 = LINE('',#6217,#6218);
#6217 = CARTESIAN_POINT('',(4.88,0.32,-3.4));
#6218 = VECTOR('',#6219,1.);
#6219 = DIRECTION('',(-1.224646799147E-16,-1.,0.));
#6220 = ORIENTED_EDGE('',*,*,#6221,.T.);
#6221 = EDGE_CURVE('',#6214,#5119,#6222,.T.);
#6222 = LINE('',#6223,#6224);
#6223 = CARTESIAN_POINT('',(4.96,-4.E-02,-3.48));
#6224 = VECTOR('',#6225,1.);
#6225 = DIRECTION('',(-0.57735026919,-0.57735026919,0.57735026919));
#6226 = ORIENTED_EDGE('',*,*,#5118,.F.);
#6227 = PLANE('',#6228);
#6228 = AXIS2_PLACEMENT_3D('',#6229,#6230,#6231);
#6229 = CARTESIAN_POINT('',(4.78,0.32,-3.3));
#6230 = DIRECTION('',(0.707106781187,-8.833102285013E-17,0.707106781187)
  );
#6231 = DIRECTION('',(1.236918052038E-16,1.,1.227125289097E-18));
#6232 = ADVANCED_FACE('',(#6233),#6244,.T.);
#6233 = FACE_BOUND('',#6234,.F.);
#6234 = EDGE_LOOP('',(#6235,#6236,#6242,#6243));
#6235 = ORIENTED_EDGE('',*,*,#6173,.F.);
#6236 = ORIENTED_EDGE('',*,*,#6237,.T.);
#6237 = EDGE_CURVE('',#6166,#6214,#6238,.T.);
#6238 = LINE('',#6239,#6240);
#6239 = CARTESIAN_POINT('',(5.32,-0.12,-3.4));
#6240 = VECTOR('',#6241,1.);
#6241 = DIRECTION('',(-1.,1.224646799147E-16,0.));
#6242 = ORIENTED_EDGE('',*,*,#6221,.T.);
#6243 = ORIENTED_EDGE('',*,*,#5143,.F.);
#6244 = PLANE('',#6245);
#6245 = AXIS2_PLACEMENT_3D('',#6246,#6247,#6248);
#6246 = CARTESIAN_POINT('',(5.32,-0.22,-3.3));
#6247 = DIRECTION('',(-8.486018839685E-17,-0.707106781187,
    -0.707106781187));
#6248 = DIRECTION('',(1.,-1.212375546256E-16,1.227125289196E-18));
#6249 = ADVANCED_FACE('',(#6250),#6275,.F.);
#6250 = FACE_BOUND('',#6251,.T.);
#6251 = EDGE_LOOP('',(#6252,#6260,#6268,#6274));
#6252 = ORIENTED_EDGE('',*,*,#6253,.F.);
#6253 = EDGE_CURVE('',#6254,#5160,#6256,.T.);
#6254 = VERTEX_POINT('',#6255);
#6255 = CARTESIAN_POINT('',(7.38,0.12,-3.4));
#6256 = LINE('',#6257,#6258);
#6257 = CARTESIAN_POINT('',(7.353333333333,0.146666666667,
    -3.373333333333));
#6258 = VECTOR('',#6259,1.);
#6259 = DIRECTION('',(-0.57735026919,0.57735026919,0.57735026919));
#6260 = ORIENTED_EDGE('',*,*,#6261,.T.);
#6261 = EDGE_CURVE('',#6254,#6262,#6264,.T.);
#6262 = VERTEX_POINT('',#6263);
#6263 = CARTESIAN_POINT('',(7.38,-0.12,-3.4));
#6264 = LINE('',#6265,#6266);
#6265 = CARTESIAN_POINT('',(7.38,0.32,-3.4));
#6266 = VECTOR('',#6267,1.);
#6267 = DIRECTION('',(-1.224646799147E-16,-1.,0.));
#6268 = ORIENTED_EDGE('',*,*,#6269,.T.);
#6269 = EDGE_CURVE('',#6262,#5162,#6270,.T.);
#6270 = LINE('',#6271,#6272);
#6271 = CARTESIAN_POINT('',(7.46,-4.E-02,-3.48));
#6272 = VECTOR('',#6273,1.);
#6273 = DIRECTION('',(-0.57735026919,-0.57735026919,0.57735026919));
#6274 = ORIENTED_EDGE('',*,*,#5159,.F.);
#6275 = PLANE('',#6276);
#6276 = AXIS2_PLACEMENT_3D('',#6277,#6278,#6279);
#6277 = CARTESIAN_POINT('',(7.28,0.32,-3.3));
#6278 = DIRECTION('',(0.707106781187,-8.833102285013E-17,0.707106781187)
  );
#6279 = DIRECTION('',(1.236918052038E-16,1.,1.227125289097E-18));
#6280 = ADVANCED_FACE('',(#6281),#6299,.T.);
#6281 = FACE_BOUND('',#6282,.F.);
#6282 = EDGE_LOOP('',(#6283,#6291,#6297,#6298));
#6283 = ORIENTED_EDGE('',*,*,#6284,.F.);
#6284 = EDGE_CURVE('',#6285,#5191,#6287,.T.);
#6285 = VERTEX_POINT('',#6286);
#6286 = CARTESIAN_POINT('',(7.62,-0.12,-3.4));
#6287 = LINE('',#6288,#6289);
#6288 = CARTESIAN_POINT('',(7.646666666667,-0.146666666667,
    -3.373333333333));
#6289 = VECTOR('',#6290,1.);
#6290 = DIRECTION('',(0.57735026919,-0.57735026919,0.57735026919));
#6291 = ORIENTED_EDGE('',*,*,#6292,.T.);
#6292 = EDGE_CURVE('',#6285,#6262,#6293,.T.);
#6293 = LINE('',#6294,#6295);
#6294 = CARTESIAN_POINT('',(7.82,-0.12,-3.4));
#6295 = VECTOR('',#6296,1.);
#6296 = DIRECTION('',(-1.,1.224646799147E-16,0.));
#6297 = ORIENTED_EDGE('',*,*,#6269,.T.);
#6298 = ORIENTED_EDGE('',*,*,#5198,.F.);
#6299 = PLANE('',#6300);
#6300 = AXIS2_PLACEMENT_3D('',#6301,#6302,#6303);
#6301 = CARTESIAN_POINT('',(7.82,-0.22,-3.3));
#6302 = DIRECTION('',(-8.486018839685E-17,-0.707106781187,
    -0.707106781187));
#6303 = DIRECTION('',(1.,-1.212375546256E-16,1.227125289196E-18));
#6304 = ADVANCED_FACE('',(#6305),#6323,.T.);
#6305 = FACE_BOUND('',#6306,.F.);
#6306 = EDGE_LOOP('',(#6307,#6315,#6321,#6322));
#6307 = ORIENTED_EDGE('',*,*,#6308,.F.);
#6308 = EDGE_CURVE('',#6309,#5215,#6311,.T.);
#6309 = VERTEX_POINT('',#6310);
#6310 = CARTESIAN_POINT('',(7.62,0.12,-3.4));
#6311 = LINE('',#6312,#6313);
#6312 = CARTESIAN_POINT('',(7.753333333333,0.253333333333,
    -3.266666666667));
#6313 = VECTOR('',#6314,1.);
#6314 = DIRECTION('',(0.57735026919,0.57735026919,0.57735026919));
#6315 = ORIENTED_EDGE('',*,*,#6316,.T.);
#6316 = EDGE_CURVE('',#6309,#6285,#6317,.T.);
#6317 = LINE('',#6318,#6319);
#6318 = CARTESIAN_POINT('',(7.62,0.32,-3.4));
#6319 = VECTOR('',#6320,1.);
#6320 = DIRECTION('',(-1.224646799147E-16,-1.,0.));
#6321 = ORIENTED_EDGE('',*,*,#6284,.T.);
#6322 = ORIENTED_EDGE('',*,*,#5214,.F.);
#6323 = PLANE('',#6324);
#6324 = AXIS2_PLACEMENT_3D('',#6325,#6326,#6327);
#6325 = CARTESIAN_POINT('',(7.72,0.32,-3.3));
#6326 = DIRECTION('',(0.707106781187,-8.486018839685E-17,-0.707106781187
    ));
#6327 = DIRECTION('',(1.212375546256E-16,1.,1.227125289196E-18));
#6328 = ADVANCED_FACE('',(#6329),#6340,.T.);
#6329 = FACE_BOUND('',#6330,.T.);
#6330 = EDGE_LOOP('',(#6331,#6332,#6338,#6339));
#6331 = ORIENTED_EDGE('',*,*,#6308,.F.);
#6332 = ORIENTED_EDGE('',*,*,#6333,.T.);
#6333 = EDGE_CURVE('',#6309,#6254,#6334,.T.);
#6334 = LINE('',#6335,#6336);
#6335 = CARTESIAN_POINT('',(7.82,0.12,-3.4));
#6336 = VECTOR('',#6337,1.);
#6337 = DIRECTION('',(-1.,1.224646799147E-16,0.));
#6338 = ORIENTED_EDGE('',*,*,#6253,.T.);
#6339 = ORIENTED_EDGE('',*,*,#5241,.F.);
#6340 = PLANE('',#6341);
#6341 = AXIS2_PLACEMENT_3D('',#6342,#6343,#6344);
#6342 = CARTESIAN_POINT('',(7.82,0.22,-3.3));
#6343 = DIRECTION('',(8.486018839685E-17,0.707106781187,-0.707106781187)
  );
#6344 = DIRECTION('',(-1.,1.212375546256E-16,1.227125289196E-18));
#6345 = ADVANCED_FACE('',(#6346),#6357,.F.);
#6346 = FACE_BOUND('',#6347,.F.);
#6347 = EDGE_LOOP('',(#6348,#6349,#6350,#6356));
#6348 = ORIENTED_EDGE('',*,*,#5272,.T.);
#6349 = ORIENTED_EDGE('',*,*,#5320,.T.);
#6350 = ORIENTED_EDGE('',*,*,#6351,.F.);
#6351 = EDGE_CURVE('',#5394,#5321,#6352,.T.);
#6352 = LINE('',#6353,#6354);
#6353 = CARTESIAN_POINT('',(10.32,0.62,-1.5));
#6354 = VECTOR('',#6355,1.);
#6355 = DIRECTION('',(-1.,1.224646799147E-16,0.));
#6356 = ORIENTED_EDGE('',*,*,#5393,.F.);
#6357 = PLANE('',#6358);
#6358 = AXIS2_PLACEMENT_3D('',#6359,#6360,#6361);
#6359 = CARTESIAN_POINT('',(10.32,0.32,-0.9));
#6360 = DIRECTION('',(-1.095357396528E-16,-0.894427191,-0.4472135955));
#6361 = DIRECTION('',(5.476786982641E-17,0.4472135955,-0.894427191));
#6362 = ADVANCED_FACE('',(#6363),#6404,.F.);
#6363 = FACE_BOUND('',#6364,.T.);
#6364 = EDGE_LOOP('',(#6365,#6375,#6383,#6391,#6397,#6398));
#6365 = ORIENTED_EDGE('',*,*,#6366,.F.);
#6366 = EDGE_CURVE('',#6367,#6369,#6371,.T.);
#6367 = VERTEX_POINT('',#6368);
#6368 = CARTESIAN_POINT('',(9.88,0.12,-3.4));
#6369 = VERTEX_POINT('',#6370);
#6370 = CARTESIAN_POINT('',(9.682447406934,0.351192514695,
    -3.202447406934));
#6371 = LINE('',#6372,#6373);
#6372 = CARTESIAN_POINT('',(9.846150901889,0.159613036666,
    -3.366150901889));
#6373 = VECTOR('',#6374,1.);
#6374 = DIRECTION('',(-0.544770019249,0.63753529491,0.544770019249));
#6375 = ORIENTED_EDGE('',*,*,#6376,.T.);
#6376 = EDGE_CURVE('',#6367,#6377,#6379,.T.);
#6377 = VERTEX_POINT('',#6378);
#6378 = CARTESIAN_POINT('',(9.88,-0.12,-3.4));
#6379 = LINE('',#6380,#6381);
#6380 = CARTESIAN_POINT('',(9.88,0.32,-3.4));
#6381 = VECTOR('',#6382,1.);
#6382 = DIRECTION('',(-1.224646799147E-16,-1.,0.));
#6383 = ORIENTED_EDGE('',*,*,#6384,.T.);
#6384 = EDGE_CURVE('',#6377,#6385,#6387,.T.);
#6385 = VERTEX_POINT('',#6386);
#6386 = CARTESIAN_POINT('',(9.682447406934,-0.288807485305,
    -3.202447406934));
#6387 = LINE('',#6388,#6389);
#6388 = CARTESIAN_POINT('',(9.961511443392,-5.034896900541E-02,
    -3.481511443392));
#6389 = VECTOR('',#6390,1.);
#6390 = DIRECTION('',(-0.605209817607,-0.517148096144,0.605209817607));
#6391 = ORIENTED_EDGE('',*,*,#6392,.T.);
#6392 = EDGE_CURVE('',#6385,#5289,#6393,.T.);
#6393 = LINE('',#6394,#6395);
#6394 = CARTESIAN_POINT('',(9.914309165527,-0.325417236662,
    -3.434309165527));
#6395 = VECTOR('',#6396,1.);
#6396 = DIRECTION('',(-0.702740385383,0.110959008218,0.702740385383));
#6397 = ORIENTED_EDGE('',*,*,#5286,.F.);
#6398 = ORIENTED_EDGE('',*,*,#6399,.F.);
#6399 = EDGE_CURVE('',#6369,#5287,#6400,.T.);
#6400 = LINE('',#6401,#6402);
#6401 = CARTESIAN_POINT('',(9.458413132695,0.386566347469,
    -2.978413132695));
#6402 = VECTOR('',#6403,1.);
#6403 = DIRECTION('',(-0.702740385383,0.110959008218,0.702740385383));
#6404 = PLANE('',#6405);
#6405 = AXIS2_PLACEMENT_3D('',#6406,#6407,#6408);
#6406 = CARTESIAN_POINT('',(9.78,0.32,-3.3));
#6407 = DIRECTION('',(0.707106781187,-8.833102285013E-17,0.707106781187)
  );
#6408 = DIRECTION('',(1.236918052038E-16,1.,1.227125289097E-18));
#6409 = ADVANCED_FACE('',(#6410),#6430,.F.);
#6410 = FACE_BOUND('',#6411,.F.);
#6411 = EDGE_LOOP('',(#6412,#6413,#6414,#6415,#6416,#6424));
#6412 = ORIENTED_EDGE('',*,*,#5401,.F.);
#6413 = ORIENTED_EDGE('',*,*,#6351,.T.);
#6414 = ORIENTED_EDGE('',*,*,#5328,.T.);
#6415 = ORIENTED_EDGE('',*,*,#6399,.F.);
#6416 = ORIENTED_EDGE('',*,*,#6417,.F.);
#6417 = EDGE_CURVE('',#6418,#6369,#6420,.T.);
#6418 = VERTEX_POINT('',#6419);
#6419 = CARTESIAN_POINT('',(10.317552593066,0.351192514695,
    -3.202447406934));
#6420 = LINE('',#6421,#6422);
#6421 = CARTESIAN_POINT('',(10.32,0.351192514695,-3.202447406934));
#6422 = VECTOR('',#6423,1.);
#6423 = DIRECTION('',(-1.,1.224646799147E-16,0.));
#6424 = ORIENTED_EDGE('',*,*,#6425,.T.);
#6425 = EDGE_CURVE('',#6418,#5367,#6426,.T.);
#6426 = LINE('',#6427,#6428);
#6427 = CARTESIAN_POINT('',(10.699616963064,0.411518467852,
    -2.820383036936));
#6428 = VECTOR('',#6429,1.);
#6429 = DIRECTION('',(0.702740385383,0.110959008218,0.702740385383));
#6430 = PLANE('',#6431);
#6431 = AXIS2_PLACEMENT_3D('',#6432,#6433,#6434);
#6432 = CARTESIAN_POINT('',(10.32,0.62,-1.5));
#6433 = DIRECTION('',(-1.209660753807E-16,-0.987762965329,0.155962573473
    ));
#6434 = DIRECTION('',(-1.909990663905E-17,-0.155962573473,
    -0.987762965329));
#6435 = ADVANCED_FACE('',(#6436),#6447,.F.);
#6436 = FACE_BOUND('',#6437,.F.);
#6437 = EDGE_LOOP('',(#6438,#6444,#6445,#6446));
#6438 = ORIENTED_EDGE('',*,*,#6439,.T.);
#6439 = EDGE_CURVE('',#5377,#5297,#6440,.T.);
#6440 = LINE('',#6441,#6442);
#6441 = CARTESIAN_POINT('',(10.32,-2.E-02,-1.5));
#6442 = VECTOR('',#6443,1.);
#6443 = DIRECTION('',(-1.,1.224646799147E-16,0.));
#6444 = ORIENTED_EDGE('',*,*,#5304,.T.);
#6445 = ORIENTED_EDGE('',*,*,#5350,.F.);
#6446 = ORIENTED_EDGE('',*,*,#5384,.F.);
#6447 = PLANE('',#6448);
#6448 = AXIS2_PLACEMENT_3D('',#6449,#6450,#6451);
#6449 = CARTESIAN_POINT('',(10.32,-2.E-02,-1.5));
#6450 = DIRECTION('',(1.095357396528E-16,0.894427191,0.4472135955));
#6451 = DIRECTION('',(-5.476786982641E-17,-0.4472135955,0.894427191));
#6452 = ADVANCED_FACE('',(#6453),#6473,.F.);
#6453 = FACE_BOUND('',#6454,.F.);
#6454 = EDGE_LOOP('',(#6455,#6456,#6464,#6470,#6471,#6472));
#6455 = ORIENTED_EDGE('',*,*,#5376,.F.);
#6456 = ORIENTED_EDGE('',*,*,#6457,.F.);
#6457 = EDGE_CURVE('',#6458,#5369,#6460,.T.);
#6458 = VERTEX_POINT('',#6459);
#6459 = CARTESIAN_POINT('',(10.317552593066,-0.288807485305,
    -3.202447406934));
#6460 = LINE('',#6461,#6462);
#6461 = CARTESIAN_POINT('',(10.243720930233,-0.300465116279,
    -3.276279069767));
#6462 = VECTOR('',#6463,1.);
#6463 = DIRECTION('',(0.702740385383,0.110959008218,0.702740385383));
#6464 = ORIENTED_EDGE('',*,*,#6465,.T.);
#6465 = EDGE_CURVE('',#6458,#6385,#6466,.T.);
#6466 = LINE('',#6467,#6468);
#6467 = CARTESIAN_POINT('',(10.32,-0.288807485305,-3.202447406934));
#6468 = VECTOR('',#6469,1.);
#6469 = DIRECTION('',(-1.,1.224646799147E-16,0.));
#6470 = ORIENTED_EDGE('',*,*,#6392,.T.);
#6471 = ORIENTED_EDGE('',*,*,#5296,.T.);
#6472 = ORIENTED_EDGE('',*,*,#6439,.F.);
#6473 = PLANE('',#6474);
#6474 = AXIS2_PLACEMENT_3D('',#6475,#6476,#6477);
#6475 = CARTESIAN_POINT('',(10.32,-0.32,-3.4));
#6476 = DIRECTION('',(1.209660753807E-16,0.987762965329,-0.155962573473)
  );
#6477 = DIRECTION('',(1.909990663905E-17,0.155962573473,0.987762965329)
  );
#6478 = ADVANCED_FACE('',(#6479),#6506,.T.);
#6479 = FACE_BOUND('',#6480,.F.);
#6480 = EDGE_LOOP('',(#6481,#6489,#6497,#6503,#6504,#6505));
#6481 = ORIENTED_EDGE('',*,*,#6482,.F.);
#6482 = EDGE_CURVE('',#6483,#6418,#6485,.T.);
#6483 = VERTEX_POINT('',#6484);
#6484 = CARTESIAN_POINT('',(10.12,0.12,-3.4));
#6485 = LINE('',#6486,#6487);
#6486 = CARTESIAN_POINT('',(10.24881689775,0.270752273427,-3.27118310225
    ));
#6487 = VECTOR('',#6488,1.);
#6488 = DIRECTION('',(0.544770019249,0.63753529491,0.544770019249));
#6489 = ORIENTED_EDGE('',*,*,#6490,.T.);
#6490 = EDGE_CURVE('',#6483,#6491,#6493,.T.);
#6491 = VERTEX_POINT('',#6492);
#6492 = CARTESIAN_POINT('',(10.12,-0.12,-3.4));
#6493 = LINE('',#6494,#6495);
#6494 = CARTESIAN_POINT('',(10.12,0.32,-3.4));
#6495 = VECTOR('',#6496,1.);
#6496 = DIRECTION('',(-1.224646799147E-16,-1.,0.));
#6497 = ORIENTED_EDGE('',*,*,#6498,.T.);
#6498 = EDGE_CURVE('',#6491,#6458,#6499,.T.);
#6499 = LINE('',#6500,#6501);
#6500 = CARTESIAN_POINT('',(10.155697812072,-0.150503562587,
    -3.364302187928));
#6501 = VECTOR('',#6502,1.);
#6502 = DIRECTION('',(0.605209817607,-0.517148096144,0.605209817607));
#6503 = ORIENTED_EDGE('',*,*,#6457,.T.);
#6504 = ORIENTED_EDGE('',*,*,#5366,.F.);
#6505 = ORIENTED_EDGE('',*,*,#6425,.F.);
#6506 = PLANE('',#6507);
#6507 = AXIS2_PLACEMENT_3D('',#6508,#6509,#6510);
#6508 = CARTESIAN_POINT('',(10.22,0.32,-3.3));
#6509 = DIRECTION('',(0.707106781187,-8.486018839685E-17,-0.707106781187
    ));
#6510 = DIRECTION('',(1.212375546256E-16,1.,1.227125289196E-18));
#6511 = ADVANCED_FACE('',(#6512),#6518,.F.);
#6512 = FACE_BOUND('',#6513,.F.);
#6513 = EDGE_LOOP('',(#6514,#6515,#6516,#6517));
#6514 = ORIENTED_EDGE('',*,*,#5447,.F.);
#6515 = ORIENTED_EDGE('',*,*,#5423,.F.);
#6516 = ORIENTED_EDGE('',*,*,#5497,.T.);
#6517 = ORIENTED_EDGE('',*,*,#5478,.T.);
#6518 = PLANE('',#6519);
#6519 = AXIS2_PLACEMENT_3D('',#6520,#6521,#6522);
#6520 = CARTESIAN_POINT('',(5.32,-0.32,6.5));
#6521 = DIRECTION('',(-0.,0.,-1.));
#6522 = DIRECTION('',(1.224646799147E-16,1.,0.));
#6523 = ADVANCED_FACE('',(#6524),#6530,.F.);
#6524 = FACE_BOUND('',#6525,.F.);
#6525 = EDGE_LOOP('',(#6526,#6527,#6528,#6529));
#6526 = ORIENTED_EDGE('',*,*,#5591,.F.);
#6527 = ORIENTED_EDGE('',*,*,#5567,.F.);
#6528 = ORIENTED_EDGE('',*,*,#5552,.T.);
#6529 = ORIENTED_EDGE('',*,*,#5519,.T.);
#6530 = PLANE('',#6531);
#6531 = AXIS2_PLACEMENT_3D('',#6532,#6533,#6534);
#6532 = CARTESIAN_POINT('',(7.82,-0.32,6.5));
#6533 = DIRECTION('',(-0.,0.,-1.));
#6534 = DIRECTION('',(1.224646799147E-16,1.,0.));
#6535 = ADVANCED_FACE('',(#6536),#6542,.F.);
#6536 = FACE_BOUND('',#6537,.F.);
#6537 = EDGE_LOOP('',(#6538,#6539,#6540,#6541));
#6538 = ORIENTED_EDGE('',*,*,#5639,.F.);
#6539 = ORIENTED_EDGE('',*,*,#5615,.F.);
#6540 = ORIENTED_EDGE('',*,*,#5689,.T.);
#6541 = ORIENTED_EDGE('',*,*,#5670,.T.);
#6542 = PLANE('',#6543);
#6543 = AXIS2_PLACEMENT_3D('',#6544,#6545,#6546);
#6544 = CARTESIAN_POINT('',(2.82,-0.32,6.5));
#6545 = DIRECTION('',(-0.,0.,-1.));
#6546 = DIRECTION('',(1.224646799147E-16,1.,0.));
#6547 = ADVANCED_FACE('',(#6548),#6554,.F.);
#6548 = FACE_BOUND('',#6549,.F.);
#6549 = EDGE_LOOP('',(#6550,#6551,#6552,#6553));
#6550 = ORIENTED_EDGE('',*,*,#5768,.T.);
#6551 = ORIENTED_EDGE('',*,*,#5742,.T.);
#6552 = ORIENTED_EDGE('',*,*,#5711,.F.);
#6553 = ORIENTED_EDGE('',*,*,#5783,.F.);
#6554 = PLANE('',#6555);
#6555 = AXIS2_PLACEMENT_3D('',#6556,#6557,#6558);
#6556 = CARTESIAN_POINT('',(10.32,-0.32,6.5));
#6557 = DIRECTION('',(-0.,0.,-1.));
#6558 = DIRECTION('',(1.224646799147E-16,1.,0.));
#6559 = ADVANCED_FACE('',(#6560),#6566,.F.);
#6560 = FACE_BOUND('',#6561,.F.);
#6561 = EDGE_LOOP('',(#6562,#6563,#6564,#6565));
#6562 = ORIENTED_EDGE('',*,*,#5840,.T.);
#6563 = ORIENTED_EDGE('',*,*,#5807,.T.);
#6564 = ORIENTED_EDGE('',*,*,#5879,.F.);
#6565 = ORIENTED_EDGE('',*,*,#5855,.F.);
#6566 = PLANE('',#6567);
#6567 = AXIS2_PLACEMENT_3D('',#6568,#6569,#6570);
#6568 = CARTESIAN_POINT('',(0.32,-0.32,6.5));
#6569 = DIRECTION('',(-0.,0.,-1.));
#6570 = DIRECTION('',(1.224646799147E-16,1.,0.));
#6571 = ADVANCED_FACE('',(#6572),#6583,.T.);
#6572 = FACE_BOUND('',#6573,.T.);
#6573 = EDGE_LOOP('',(#6574,#6575,#6581,#6582));
#6574 = ORIENTED_EDGE('',*,*,#6028,.F.);
#6575 = ORIENTED_EDGE('',*,*,#6576,.T.);
#6576 = EDGE_CURVE('',#6029,#5896,#6577,.T.);
#6577 = LINE('',#6578,#6579);
#6578 = CARTESIAN_POINT('',(0.32,0.12,-3.4));
#6579 = VECTOR('',#6580,1.);
#6580 = DIRECTION('',(-1.,1.224646799147E-16,0.));
#6581 = ORIENTED_EDGE('',*,*,#5895,.T.);
#6582 = ORIENTED_EDGE('',*,*,#5951,.F.);
#6583 = PLANE('',#6584);
#6584 = AXIS2_PLACEMENT_3D('',#6585,#6586,#6587);
#6585 = CARTESIAN_POINT('',(0.32,0.235596257347,-3.301223703467));
#6586 = DIRECTION('',(8.302774088379E-17,0.64962967394,-0.760250805153)
  );
#6587 = DIRECTION('',(-1.,1.247195775152E-16,-2.638869166629E-18));
#6588 = ADVANCED_FACE('',(#6589),#6600,.F.);
#6589 = FACE_BOUND('',#6590,.F.);
#6590 = EDGE_LOOP('',(#6591,#6592,#6593,#6594));
#6591 = ORIENTED_EDGE('',*,*,#6036,.F.);
#6592 = ORIENTED_EDGE('',*,*,#6576,.T.);
#6593 = ORIENTED_EDGE('',*,*,#5905,.T.);
#6594 = ORIENTED_EDGE('',*,*,#6595,.F.);
#6595 = EDGE_CURVE('',#6037,#5906,#6596,.T.);
#6596 = LINE('',#6597,#6598);
#6597 = CARTESIAN_POINT('',(0.32,-0.12,-3.4));
#6598 = VECTOR('',#6599,1.);
#6599 = DIRECTION('',(-1.,1.224646799147E-16,0.));
#6600 = PLANE('',#6601);
#6601 = AXIS2_PLACEMENT_3D('',#6602,#6603,#6604);
#6602 = CARTESIAN_POINT('',(0.32,0.32,-3.4));
#6603 = DIRECTION('',(0.,0.,1.));
#6604 = DIRECTION('',(-1.224646799147E-16,-1.,0.));
#6605 = ADVANCED_FACE('',(#6606),#6612,.T.);
#6606 = FACE_BOUND('',#6607,.F.);
#6607 = EDGE_LOOP('',(#6608,#6609,#6610,#6611));
#6608 = ORIENTED_EDGE('',*,*,#6044,.F.);
#6609 = ORIENTED_EDGE('',*,*,#6595,.T.);
#6610 = ORIENTED_EDGE('',*,*,#5913,.T.);
#6611 = ORIENTED_EDGE('',*,*,#6011,.F.);
#6612 = PLANE('',#6613);
#6613 = AXIS2_PLACEMENT_3D('',#6614,#6615,#6616);
#6614 = CARTESIAN_POINT('',(0.32,-0.204403742653,-3.301223703467));
#6615 = DIRECTION('',(-9.310387150808E-17,-0.760250805153,-0.64962967394
    ));
#6616 = DIRECTION('',(1.,-1.224646799148E-16,-5.515863360725E-29));
#6617 = ADVANCED_FACE('',(#6618),#6624,.F.);
#6618 = FACE_BOUND('',#6619,.F.);
#6619 = EDGE_LOOP('',(#6620,#6621,#6622,#6623));
#6620 = ORIENTED_EDGE('',*,*,#6093,.T.);
#6621 = ORIENTED_EDGE('',*,*,#6117,.T.);
#6622 = ORIENTED_EDGE('',*,*,#6141,.F.);
#6623 = ORIENTED_EDGE('',*,*,#6069,.F.);
#6624 = PLANE('',#6625);
#6625 = AXIS2_PLACEMENT_3D('',#6626,#6627,#6628);
#6626 = CARTESIAN_POINT('',(2.82,0.32,-3.4));
#6627 = DIRECTION('',(0.,0.,1.));
#6628 = DIRECTION('',(-1.224646799147E-16,-1.,0.));
#6629 = ADVANCED_FACE('',(#6630),#6636,.F.);
#6630 = FACE_BOUND('',#6631,.F.);
#6631 = EDGE_LOOP('',(#6632,#6633,#6634,#6635));
#6632 = ORIENTED_EDGE('',*,*,#6189,.T.);
#6633 = ORIENTED_EDGE('',*,*,#6213,.T.);
#6634 = ORIENTED_EDGE('',*,*,#6237,.F.);
#6635 = ORIENTED_EDGE('',*,*,#6165,.F.);
#6636 = PLANE('',#6637);
#6637 = AXIS2_PLACEMENT_3D('',#6638,#6639,#6640);
#6638 = CARTESIAN_POINT('',(5.32,0.32,-3.4));
#6639 = DIRECTION('',(0.,0.,1.));
#6640 = DIRECTION('',(-1.224646799147E-16,-1.,0.));
#6641 = ADVANCED_FACE('',(#6642),#6648,.F.);
#6642 = FACE_BOUND('',#6643,.F.);
#6643 = EDGE_LOOP('',(#6644,#6645,#6646,#6647));
#6644 = ORIENTED_EDGE('',*,*,#6333,.T.);
#6645 = ORIENTED_EDGE('',*,*,#6261,.T.);
#6646 = ORIENTED_EDGE('',*,*,#6292,.F.);
#6647 = ORIENTED_EDGE('',*,*,#6316,.F.);
#6648 = PLANE('',#6649);
#6649 = AXIS2_PLACEMENT_3D('',#6650,#6651,#6652);
#6650 = CARTESIAN_POINT('',(7.82,0.32,-3.4));
#6651 = DIRECTION('',(0.,0.,1.));
#6652 = DIRECTION('',(-1.224646799147E-16,-1.,0.));
#6653 = ADVANCED_FACE('',(#6654),#6665,.T.);
#6654 = FACE_BOUND('',#6655,.T.);
#6655 = EDGE_LOOP('',(#6656,#6657,#6663,#6664));
#6656 = ORIENTED_EDGE('',*,*,#6482,.F.);
#6657 = ORIENTED_EDGE('',*,*,#6658,.T.);
#6658 = EDGE_CURVE('',#6483,#6367,#6659,.T.);
#6659 = LINE('',#6660,#6661);
#6660 = CARTESIAN_POINT('',(10.32,0.12,-3.4));
#6661 = VECTOR('',#6662,1.);
#6662 = DIRECTION('',(-1.,1.224646799147E-16,0.));
#6663 = ORIENTED_EDGE('',*,*,#6366,.T.);
#6664 = ORIENTED_EDGE('',*,*,#6417,.F.);
#6665 = PLANE('',#6666);
#6666 = AXIS2_PLACEMENT_3D('',#6667,#6668,#6669);
#6667 = CARTESIAN_POINT('',(10.32,0.235596257347,-3.301223703467));
#6668 = DIRECTION('',(8.302774088379E-17,0.64962967394,-0.760250805153)
  );
#6669 = DIRECTION('',(-1.,1.247195775152E-16,-2.638869166629E-18));
#6670 = ADVANCED_FACE('',(#6671),#6682,.F.);
#6671 = FACE_BOUND('',#6672,.F.);
#6672 = EDGE_LOOP('',(#6673,#6674,#6675,#6676));
#6673 = ORIENTED_EDGE('',*,*,#6490,.F.);
#6674 = ORIENTED_EDGE('',*,*,#6658,.T.);
#6675 = ORIENTED_EDGE('',*,*,#6376,.T.);
#6676 = ORIENTED_EDGE('',*,*,#6677,.F.);
#6677 = EDGE_CURVE('',#6491,#6377,#6678,.T.);
#6678 = LINE('',#6679,#6680);
#6679 = CARTESIAN_POINT('',(10.32,-0.12,-3.4));
#6680 = VECTOR('',#6681,1.);
#6681 = DIRECTION('',(-1.,1.224646799147E-16,0.));
#6682 = PLANE('',#6683);
#6683 = AXIS2_PLACEMENT_3D('',#6684,#6685,#6686);
#6684 = CARTESIAN_POINT('',(10.32,0.32,-3.4));
#6685 = DIRECTION('',(0.,0.,1.));
#6686 = DIRECTION('',(-1.224646799147E-16,-1.,0.));
#6687 = ADVANCED_FACE('',(#6688),#6694,.T.);
#6688 = FACE_BOUND('',#6689,.F.);
#6689 = EDGE_LOOP('',(#6690,#6691,#6692,#6693));
#6690 = ORIENTED_EDGE('',*,*,#6498,.F.);
#6691 = ORIENTED_EDGE('',*,*,#6677,.T.);
#6692 = ORIENTED_EDGE('',*,*,#6384,.T.);
#6693 = ORIENTED_EDGE('',*,*,#6465,.F.);
#6694 = PLANE('',#6695);
#6695 = AXIS2_PLACEMENT_3D('',#6696,#6697,#6698);
#6696 = CARTESIAN_POINT('',(10.32,-0.204403742653,-3.301223703467));
#6697 = DIRECTION('',(-9.310387150808E-17,-0.760250805153,-0.64962967394
    ));
#6698 = DIRECTION('',(1.,-1.224646799148E-16,-5.515863360725E-29));
#6699 = ( GEOMETRIC_REPRESENTATION_CONTEXT(3) 
GLOBAL_UNCERTAINTY_ASSIGNED_CONTEXT((#6703)) 
GLOBAL_UNIT_ASSIGNED_CONTEXT((#6700,#6701,#6702)) REPRESENTATION_CONTEXT
('Context #1','3D Context with UNIT and UNCERTAINTY') );
#6700 = ( LENGTH_UNIT() NAMED_UNIT(*) SI_UNIT(.MILLI.,.METRE.) );
#6701 = ( NAMED_UNIT(*) PLANE_ANGLE_UNIT() SI_UNIT($,.RADIAN.) );
#6702 = ( NAMED_UNIT(*) SI_UNIT($,.STERADIAN.) SOLID_ANGLE_UNIT() );
#6703 = UNCERTAINTY_MEASURE_WITH_UNIT(LENGTH_MEASURE(1.E-07),#6700,
  'distance_accuracy_value','confusion accuracy');
#6704 = CONTEXT_DEPENDENT_SHAPE_REPRESENTATION(#6705,#6707);
#6705 = ( REPRESENTATION_RELATIONSHIP('','',#1829,#1806) 
REPRESENTATION_RELATIONSHIP_WITH_TRANSFORMATION(#6706) 
SHAPE_REPRESENTATION_RELATIONSHIP() );
#6706 = ITEM_DEFINED_TRANSFORMATION('','',#11,#1807);
#6707 = PRODUCT_DEFINITION_SHAPE('Placement','Placement of an item',
  #6708);
#6708 = NEXT_ASSEMBLY_USAGE_OCCURRENCE('26','=>[0:1:1:9]','',#1801,#1824
  ,$);
#6709 = PRODUCT_RELATED_PRODUCT_CATEGORY('part',$,(#1826));
#6710 = CONTEXT_DEPENDENT_SHAPE_REPRESENTATION(#6711,#6713);
#6711 = ( REPRESENTATION_RELATIONSHIP('','',#959,#10) 
REPRESENTATION_RELATIONSHIP_WITH_TRANSFORMATION(#6712) 
SHAPE_REPRESENTATION_RELATIONSHIP() );
#6712 = ITEM_DEFINED_TRANSFORMATION('','',#11,#107);
#6713 = PRODUCT_DEFINITION_SHAPE('Placement','Placement of an item',
  #6714);
#6714 = NEXT_ASSEMBLY_USAGE_OCCURRENCE('28','R2','',#5,#954,$);
#6715 = CONTEXT_DEPENDENT_SHAPE_REPRESENTATION(#6716,#6718);
#6716 = ( REPRESENTATION_RELATIONSHIP('','',#959,#10) 
REPRESENTATION_RELATIONSHIP_WITH_TRANSFORMATION(#6717) 
SHAPE_REPRESENTATION_RELATIONSHIP() );
#6717 = ITEM_DEFINED_TRANSFORMATION('','',#11,#111);
#6718 = PRODUCT_DEFINITION_SHAPE('Placement','Placement of an item',
  #6719);
#6719 = NEXT_ASSEMBLY_USAGE_OCCURRENCE('29','R3','',#5,#954,$);
#6720 = SHAPE_DEFINITION_REPRESENTATION(#6721,#6727);
#6721 = PRODUCT_DEFINITION_SHAPE('','',#6722);
#6722 = PRODUCT_DEFINITION('design','',#6723,#6726);
#6723 = PRODUCT_DEFINITION_FORMATION('','',#6724);
#6724 = PRODUCT('JST_XH_B2B-XH-A_1x02_P2.50mm_Vertical',
  'JST_XH_B2B-XH-A_1x02_P2.50mm_Vertical','',(#6725));
#6725 = PRODUCT_CONTEXT('',#2,'mechanical');
#6726 = PRODUCT_DEFINITION_CONTEXT('part definition',#2,'design');
#6727 = SHAPE_REPRESENTATION('',(#11,#6728),#6732);
#6728 = AXIS2_PLACEMENT_3D('',#6729,#6730,#6731);
#6729 = CARTESIAN_POINT('',(0.,0.,0.));
#6730 = DIRECTION('',(0.,0.,1.));
#6731 = DIRECTION('',(1.,0.,-0.));
#6732 = ( GEOMETRIC_REPRESENTATION_CONTEXT(3) 
GLOBAL_UNCERTAINTY_ASSIGNED_CONTEXT((#6736)) 
GLOBAL_UNIT_ASSIGNED_CONTEXT((#6733,#6734,#6735)) REPRESENTATION_CONTEXT
('Context #1','3D Context with UNIT and UNCERTAINTY') );
#6733 = ( LENGTH_UNIT() NAMED_UNIT(*) SI_UNIT(.MILLI.,.METRE.) );
#6734 = ( NAMED_UNIT(*) PLANE_ANGLE_UNIT() SI_UNIT($,.RADIAN.) );
#6735 = ( NAMED_UNIT(*) SI_UNIT($,.STERADIAN.) SOLID_ANGLE_UNIT() );
#6736 = UNCERTAINTY_MEASURE_WITH_UNIT(LENGTH_MEASURE(1.E-07),#6733,
  'distance_accuracy_value','confusion accuracy');
#6737 = CONTEXT_DEPENDENT_SHAPE_REPRESENTATION(#6738,#6740);
#6738 = ( REPRESENTATION_RELATIONSHIP('','',#6727,#10) 
REPRESENTATION_RELATIONSHIP_WITH_TRANSFORMATION(#6739) 
SHAPE_REPRESENTATION_RELATIONSHIP() );
#6739 = ITEM_DEFINED_TRANSFORMATION('','',#11,#115);
#6740 = PRODUCT_DEFINITION_SHAPE('Placement','Placement of an item',
  #6741);
#6741 = NEXT_ASSEMBLY_USAGE_OCCURRENCE('31','J2','',#5,#6722,$);
#6742 = PRODUCT_RELATED_PRODUCT_CATEGORY('part',$,(#6724));
#6743 = SHAPE_DEFINITION_REPRESENTATION(#6744,#6750);
#6744 = PRODUCT_DEFINITION_SHAPE('','',#6745);
#6745 = PRODUCT_DEFINITION('design','',#6746,#6749);
#6746 = PRODUCT_DEFINITION_FORMATION('','',#6747);
#6747 = PRODUCT('JST_B2B_XH_A','JST_B2B_XH_A','',(#6748));
#6748 = PRODUCT_CONTEXT('',#2,'mechanical');
#6749 = PRODUCT_DEFINITION_CONTEXT('part definition',#2,'design');
#6750 = ADVANCED_BREP_SHAPE_REPRESENTATION('',(#11,#6751),#9466);
#6751 = MANIFOLD_SOLID_BREP('',#6752);
#6752 = CLOSED_SHELL('',(#6753,#6825,#6864,#6888,#6953,#6977,#7065,#7089
    ,#7154,#7179,#7228,#7245,#7269,#7286,#7424,#7448,#7618,#7642,#7675,
    #7699,#7730,#7747,#7780,#7804,#7835,#7847,#7880,#7897,#7914,#7926,
    #8006,#8023,#8040,#8057,#8074,#8091,#8108,#8125,#8142,#8159,#8176,
    #8188,#8205,#8222,#8268,#8314,#8345,#8369,#8393,#8410,#8441,#8465,
    #8489,#8506,#8569,#8593,#8649,#8666,#8729,#8753,#8809,#8826,#8857,
    #8881,#8905,#8922,#8953,#8977,#9001,#9018,#9065,#9096,#9108,#9125,
    #9151,#9184,#9231,#9262,#9274,#9291,#9317,#9350,#9362,#9374,#9391,
    #9408,#9420,#9437,#9454));
#6753 = ADVANCED_FACE('',(#6754),#6820,.T.);
#6754 = FACE_BOUND('',#6755,.T.);
#6755 = EDGE_LOOP('',(#6756,#6766,#6774,#6782,#6790,#6798,#6806,#6814));
#6756 = ORIENTED_EDGE('',*,*,#6757,.T.);
#6757 = EDGE_CURVE('',#6758,#6760,#6762,.T.);
#6758 = VERTEX_POINT('',#6759);
#6759 = CARTESIAN_POINT('',(-1.8,0.5,7.));
#6760 = VERTEX_POINT('',#6761);
#6761 = CARTESIAN_POINT('',(-2.45,0.5,7.));
#6762 = LINE('',#6763,#6764);
#6763 = CARTESIAN_POINT('',(4.95,0.5,7.));
#6764 = VECTOR('',#6765,1.);
#6765 = DIRECTION('',(-1.,1.224646799147E-16,0.));
#6766 = ORIENTED_EDGE('',*,*,#6767,.T.);
#6767 = EDGE_CURVE('',#6760,#6768,#6770,.T.);
#6768 = VERTEX_POINT('',#6769);
#6769 = CARTESIAN_POINT('',(-2.45,-3.4,7.));
#6770 = LINE('',#6771,#6772);
#6771 = CARTESIAN_POINT('',(-2.45,2.35,7.));
#6772 = VECTOR('',#6773,1.);
#6773 = DIRECTION('',(-1.224646799147E-16,-1.,0.));
#6774 = ORIENTED_EDGE('',*,*,#6775,.T.);
#6775 = EDGE_CURVE('',#6768,#6776,#6778,.T.);
#6776 = VERTEX_POINT('',#6777);
#6777 = CARTESIAN_POINT('',(4.95,-3.4,7.));
#6778 = LINE('',#6779,#6780);
#6779 = CARTESIAN_POINT('',(-2.45,-3.4,7.));
#6780 = VECTOR('',#6781,1.);
#6781 = DIRECTION('',(1.,-1.224646799147E-16,0.));
#6782 = ORIENTED_EDGE('',*,*,#6783,.T.);
#6783 = EDGE_CURVE('',#6776,#6784,#6786,.T.);
#6784 = VERTEX_POINT('',#6785);
#6785 = CARTESIAN_POINT('',(4.95,0.5,7.));
#6786 = LINE('',#6787,#6788);
#6787 = CARTESIAN_POINT('',(4.95,-3.4,7.));
#6788 = VECTOR('',#6789,1.);
#6789 = DIRECTION('',(1.224646799147E-16,1.,0.));
#6790 = ORIENTED_EDGE('',*,*,#6791,.T.);
#6791 = EDGE_CURVE('',#6784,#6792,#6794,.T.);
#6792 = VERTEX_POINT('',#6793);
#6793 = CARTESIAN_POINT('',(4.3,0.5,7.));
#6794 = LINE('',#6795,#6796);
#6795 = CARTESIAN_POINT('',(4.95,0.5,7.));
#6796 = VECTOR('',#6797,1.);
#6797 = DIRECTION('',(-1.,1.224646799147E-16,0.));
#6798 = ORIENTED_EDGE('',*,*,#6799,.F.);
#6799 = EDGE_CURVE('',#6800,#6792,#6802,.T.);
#6800 = VERTEX_POINT('',#6801);
#6801 = CARTESIAN_POINT('',(4.3,-2.85,7.));
#6802 = LINE('',#6803,#6804);
#6803 = CARTESIAN_POINT('',(4.3,-2.65,7.));
#6804 = VECTOR('',#6805,1.);
#6805 = DIRECTION('',(1.224646799147E-16,1.,0.));
#6806 = ORIENTED_EDGE('',*,*,#6807,.F.);
#6807 = EDGE_CURVE('',#6808,#6800,#6810,.T.);
#6808 = VERTEX_POINT('',#6809);
#6809 = CARTESIAN_POINT('',(-1.8,-2.85,7.));
#6810 = LINE('',#6811,#6812);
#6811 = CARTESIAN_POINT('',(-1.6,-2.85,7.));
#6812 = VECTOR('',#6813,1.);
#6813 = DIRECTION('',(1.,-1.224646799147E-16,0.));
#6814 = ORIENTED_EDGE('',*,*,#6815,.F.);
#6815 = EDGE_CURVE('',#6758,#6808,#6816,.T.);
#6816 = LINE('',#6817,#6818);
#6817 = CARTESIAN_POINT('',(-1.8,0.5,7.));
#6818 = VECTOR('',#6819,1.);
#6819 = DIRECTION('',(-1.224646799147E-16,-1.,0.));
#6820 = PLANE('',#6821);
#6821 = AXIS2_PLACEMENT_3D('',#6822,#6823,#6824);
#6822 = CARTESIAN_POINT('',(1.25,-0.525,7.));
#6823 = DIRECTION('',(0.,0.,1.));
#6824 = DIRECTION('',(-1.,1.224646799147E-16,0.));
#6825 = ADVANCED_FACE('',(#6826),#6859,.T.);
#6826 = FACE_BOUND('',#6827,.T.);
#6827 = EDGE_LOOP('',(#6828,#6838,#6846,#6852,#6853));
#6828 = ORIENTED_EDGE('',*,*,#6829,.T.);
#6829 = EDGE_CURVE('',#6830,#6832,#6834,.T.);
#6830 = VERTEX_POINT('',#6831);
#6831 = CARTESIAN_POINT('',(-1.6,0.5,6.8));
#6832 = VERTEX_POINT('',#6833);
#6833 = CARTESIAN_POINT('',(-1.6,0.5,3.65));
#6834 = LINE('',#6835,#6836);
#6835 = CARTESIAN_POINT('',(-1.6,0.5,5.325));
#6836 = VECTOR('',#6837,1.);
#6837 = DIRECTION('',(-0.,0.,-1.));
#6838 = ORIENTED_EDGE('',*,*,#6839,.T.);
#6839 = EDGE_CURVE('',#6832,#6840,#6842,.T.);
#6840 = VERTEX_POINT('',#6841);
#6841 = CARTESIAN_POINT('',(-2.45,0.5,3.65));
#6842 = LINE('',#6843,#6844);
#6843 = CARTESIAN_POINT('',(4.95,0.5,3.65));
#6844 = VECTOR('',#6845,1.);
#6845 = DIRECTION('',(-1.,1.224646799147E-16,0.));
#6846 = ORIENTED_EDGE('',*,*,#6847,.T.);
#6847 = EDGE_CURVE('',#6840,#6760,#6848,.T.);
#6848 = LINE('',#6849,#6850);
#6849 = CARTESIAN_POINT('',(-2.45,0.5,1.825));
#6850 = VECTOR('',#6851,1.);
#6851 = DIRECTION('',(0.,0.,1.));
#6852 = ORIENTED_EDGE('',*,*,#6757,.F.);
#6853 = ORIENTED_EDGE('',*,*,#6854,.T.);
#6854 = EDGE_CURVE('',#6758,#6830,#6855,.T.);
#6855 = LINE('',#6856,#6857);
#6856 = CARTESIAN_POINT('',(0.775,0.5,4.425));
#6857 = VECTOR('',#6858,1.);
#6858 = DIRECTION('',(0.707106781187,-8.659560562349E-17,-0.707106781187
    ));
#6859 = PLANE('',#6860);
#6860 = AXIS2_PLACEMENT_3D('',#6861,#6862,#6863);
#6861 = CARTESIAN_POINT('',(4.95,0.5,3.65));
#6862 = DIRECTION('',(1.224646799147E-16,1.,0.));
#6863 = DIRECTION('',(0.,-0.,1.));
#6864 = ADVANCED_FACE('',(#6865),#6883,.F.);
#6865 = FACE_BOUND('',#6866,.T.);
#6866 = EDGE_LOOP('',(#6867,#6868,#6869,#6877));
#6867 = ORIENTED_EDGE('',*,*,#6854,.F.);
#6868 = ORIENTED_EDGE('',*,*,#6815,.T.);
#6869 = ORIENTED_EDGE('',*,*,#6870,.T.);
#6870 = EDGE_CURVE('',#6808,#6871,#6873,.T.);
#6871 = VERTEX_POINT('',#6872);
#6872 = CARTESIAN_POINT('',(-1.6,-2.65,6.8));
#6873 = LINE('',#6874,#6875);
#6874 = CARTESIAN_POINT('',(-1.141666666667,-2.191666666667,
    6.341666666667));
#6875 = VECTOR('',#6876,1.);
#6876 = DIRECTION('',(0.57735026919,0.57735026919,-0.57735026919));
#6877 = ORIENTED_EDGE('',*,*,#6878,.F.);
#6878 = EDGE_CURVE('',#6830,#6871,#6879,.T.);
#6879 = LINE('',#6880,#6881);
#6880 = CARTESIAN_POINT('',(-1.6,0.5,6.8));
#6881 = VECTOR('',#6882,1.);
#6882 = DIRECTION('',(-1.224646799147E-16,-1.,0.));
#6883 = PLANE('',#6884);
#6884 = AXIS2_PLACEMENT_3D('',#6885,#6886,#6887);
#6885 = CARTESIAN_POINT('',(-1.7,0.5,6.9));
#6886 = DIRECTION('',(-0.707106781187,8.659560562349E-17,-0.707106781187
    ));
#6887 = DIRECTION('',(1.224646799147E-16,1.,-2.105272540809E-29));
#6888 = ADVANCED_FACE('',(#6889),#6948,.F.);
#6889 = FACE_BOUND('',#6890,.F.);
#6890 = EDGE_LOOP('',(#6891,#6901,#6909,#6917,#6925,#6934,#6940,#6941,
    #6942));
#6891 = ORIENTED_EDGE('',*,*,#6892,.F.);
#6892 = EDGE_CURVE('',#6893,#6895,#6897,.T.);
#6893 = VERTEX_POINT('',#6894);
#6894 = CARTESIAN_POINT('',(-2.45,2.35,0.));
#6895 = VERTEX_POINT('',#6896);
#6896 = CARTESIAN_POINT('',(-2.45,-3.4,0.));
#6897 = LINE('',#6898,#6899);
#6898 = CARTESIAN_POINT('',(-2.45,2.35,0.));
#6899 = VECTOR('',#6900,1.);
#6900 = DIRECTION('',(-1.224646799147E-16,-1.,0.));
#6901 = ORIENTED_EDGE('',*,*,#6902,.T.);
#6902 = EDGE_CURVE('',#6893,#6903,#6905,.T.);
#6903 = VERTEX_POINT('',#6904);
#6904 = CARTESIAN_POINT('',(-2.45,2.35,7.));
#6905 = LINE('',#6906,#6907);
#6906 = CARTESIAN_POINT('',(-2.45,2.35,0.));
#6907 = VECTOR('',#6908,1.);
#6908 = DIRECTION('',(0.,0.,1.));
#6909 = ORIENTED_EDGE('',*,*,#6910,.T.);
#6910 = EDGE_CURVE('',#6903,#6911,#6913,.T.);
#6911 = VERTEX_POINT('',#6912);
#6912 = CARTESIAN_POINT('',(-2.45,1.5,7.));
#6913 = LINE('',#6914,#6915);
#6914 = CARTESIAN_POINT('',(-2.45,2.35,7.));
#6915 = VECTOR('',#6916,1.);
#6916 = DIRECTION('',(-1.224646799147E-16,-1.,0.));
#6917 = ORIENTED_EDGE('',*,*,#6918,.T.);
#6918 = EDGE_CURVE('',#6911,#6919,#6921,.T.);
#6919 = VERTEX_POINT('',#6920);
#6920 = CARTESIAN_POINT('',(-2.45,1.5,4.15));
#6921 = LINE('',#6922,#6923);
#6922 = CARTESIAN_POINT('',(-2.45,1.5,3.5));
#6923 = VECTOR('',#6924,1.);
#6924 = DIRECTION('',(-0.,0.,-1.));
#6925 = ORIENTED_EDGE('',*,*,#6926,.F.);
#6926 = EDGE_CURVE('',#6927,#6919,#6929,.T.);
#6927 = VERTEX_POINT('',#6928);
#6928 = CARTESIAN_POINT('',(-2.45,1.,3.65));
#6929 = CIRCLE('',#6930,0.5);
#6930 = AXIS2_PLACEMENT_3D('',#6931,#6932,#6933);
#6931 = CARTESIAN_POINT('',(-2.45,1.,4.15));
#6932 = DIRECTION('',(1.,-1.224646799147E-16,0.));
#6933 = DIRECTION('',(1.224646799147E-16,1.,0.));
#6934 = ORIENTED_EDGE('',*,*,#6935,.T.);
#6935 = EDGE_CURVE('',#6927,#6840,#6936,.T.);
#6936 = LINE('',#6937,#6938);
#6937 = CARTESIAN_POINT('',(-2.45,1.675,3.65));
#6938 = VECTOR('',#6939,1.);
#6939 = DIRECTION('',(-1.224646799147E-16,-1.,0.));
#6940 = ORIENTED_EDGE('',*,*,#6847,.T.);
#6941 = ORIENTED_EDGE('',*,*,#6767,.T.);
#6942 = ORIENTED_EDGE('',*,*,#6943,.F.);
#6943 = EDGE_CURVE('',#6895,#6768,#6944,.T.);
#6944 = LINE('',#6945,#6946);
#6945 = CARTESIAN_POINT('',(-2.45,-3.4,0.));
#6946 = VECTOR('',#6947,1.);
#6947 = DIRECTION('',(0.,0.,1.));
#6948 = PLANE('',#6949);
#6949 = AXIS2_PLACEMENT_3D('',#6950,#6951,#6952);
#6950 = CARTESIAN_POINT('',(-2.45,2.35,0.));
#6951 = DIRECTION('',(1.,-1.224646799147E-16,0.));
#6952 = DIRECTION('',(-1.224646799147E-16,-1.,0.));
#6953 = ADVANCED_FACE('',(#6954),#6972,.F.);
#6954 = FACE_BOUND('',#6955,.T.);
#6955 = EDGE_LOOP('',(#6956,#6957,#6958,#6966));
#6956 = ORIENTED_EDGE('',*,*,#6870,.F.);
#6957 = ORIENTED_EDGE('',*,*,#6807,.T.);
#6958 = ORIENTED_EDGE('',*,*,#6959,.T.);
#6959 = EDGE_CURVE('',#6800,#6960,#6962,.T.);
#6960 = VERTEX_POINT('',#6961);
#6961 = CARTESIAN_POINT('',(4.1,-2.65,6.8));
#6962 = LINE('',#6963,#6964);
#6963 = CARTESIAN_POINT('',(3.216666666667,-1.766666666667,
    5.916666666667));
#6964 = VECTOR('',#6965,1.);
#6965 = DIRECTION('',(-0.57735026919,0.57735026919,-0.57735026919));
#6966 = ORIENTED_EDGE('',*,*,#6967,.F.);
#6967 = EDGE_CURVE('',#6871,#6960,#6968,.T.);
#6968 = LINE('',#6969,#6970);
#6969 = CARTESIAN_POINT('',(-1.6,-2.65,6.8));
#6970 = VECTOR('',#6971,1.);
#6971 = DIRECTION('',(1.,-1.224646799147E-16,0.));
#6972 = PLANE('',#6973);
#6973 = AXIS2_PLACEMENT_3D('',#6974,#6975,#6976);
#6974 = CARTESIAN_POINT('',(-1.6,-2.75,6.9));
#6975 = DIRECTION('',(-8.659560562349E-17,-0.707106781187,
    -0.707106781187));
#6976 = DIRECTION('',(-1.,1.224646799147E-16,-2.105272540809E-29));
#6977 = ADVANCED_FACE('',(#6978),#7060,.F.);
#6978 = FACE_BOUND('',#6979,.F.);
#6979 = EDGE_LOOP('',(#6980,#6988,#6989,#6990,#6998,#7006,#7014,#7022,
    #7030,#7038,#7046,#7054));
#6980 = ORIENTED_EDGE('',*,*,#6981,.F.);
#6981 = EDGE_CURVE('',#6895,#6982,#6984,.T.);
#6982 = VERTEX_POINT('',#6983);
#6983 = CARTESIAN_POINT('',(-0.75,-3.4,0.));
#6984 = LINE('',#6985,#6986);
#6985 = CARTESIAN_POINT('',(-2.45,-3.4,0.));
#6986 = VECTOR('',#6987,1.);
#6987 = DIRECTION('',(1.,-1.224646799147E-16,0.));
#6988 = ORIENTED_EDGE('',*,*,#6943,.T.);
#6989 = ORIENTED_EDGE('',*,*,#6775,.T.);
#6990 = ORIENTED_EDGE('',*,*,#6991,.F.);
#6991 = EDGE_CURVE('',#6992,#6776,#6994,.T.);
#6992 = VERTEX_POINT('',#6993);
#6993 = CARTESIAN_POINT('',(4.95,-3.4,0.));
#6994 = LINE('',#6995,#6996);
#6995 = CARTESIAN_POINT('',(4.95,-3.4,0.));
#6996 = VECTOR('',#6997,1.);
#6997 = DIRECTION('',(0.,0.,1.));
#6998 = ORIENTED_EDGE('',*,*,#6999,.F.);
#6999 = EDGE_CURVE('',#7000,#6992,#7002,.T.);
#7000 = VERTEX_POINT('',#7001);
#7001 = CARTESIAN_POINT('',(3.25,-3.4,0.));
#7002 = LINE('',#7003,#7004);
#7003 = CARTESIAN_POINT('',(-2.45,-3.4,0.));
#7004 = VECTOR('',#7005,1.);
#7005 = DIRECTION('',(1.,-1.224646799147E-16,0.));
#7006 = ORIENTED_EDGE('',*,*,#7007,.F.);
#7007 = EDGE_CURVE('',#7008,#7000,#7010,.T.);
#7008 = VERTEX_POINT('',#7009);
#7009 = CARTESIAN_POINT('',(3.25,-3.4,1.));
#7010 = LINE('',#7011,#7012);
#7011 = CARTESIAN_POINT('',(3.25,-3.4,1.));
#7012 = VECTOR('',#7013,1.);
#7013 = DIRECTION('',(-0.,0.,-1.));
#7014 = ORIENTED_EDGE('',*,*,#7015,.T.);
#7015 = EDGE_CURVE('',#7008,#7016,#7018,.T.);
#7016 = VERTEX_POINT('',#7017);
#7017 = CARTESIAN_POINT('',(1.75,-3.4,1.));
#7018 = LINE('',#7019,#7020);
#7019 = CARTESIAN_POINT('',(3.25,-3.4,1.));
#7020 = VECTOR('',#7021,1.);
#7021 = DIRECTION('',(-1.,1.224646799147E-16,0.));
#7022 = ORIENTED_EDGE('',*,*,#7023,.T.);
#7023 = EDGE_CURVE('',#7016,#7024,#7026,.T.);
#7024 = VERTEX_POINT('',#7025);
#7025 = CARTESIAN_POINT('',(1.75,-3.4,0.));
#7026 = LINE('',#7027,#7028);
#7027 = CARTESIAN_POINT('',(1.75,-3.4,1.));
#7028 = VECTOR('',#7029,1.);
#7029 = DIRECTION('',(-0.,0.,-1.));
#7030 = ORIENTED_EDGE('',*,*,#7031,.F.);
#7031 = EDGE_CURVE('',#7032,#7024,#7034,.T.);
#7032 = VERTEX_POINT('',#7033);
#7033 = CARTESIAN_POINT('',(0.75,-3.4,0.));
#7034 = LINE('',#7035,#7036);
#7035 = CARTESIAN_POINT('',(-2.45,-3.4,0.));
#7036 = VECTOR('',#7037,1.);
#7037 = DIRECTION('',(1.,-1.224646799147E-16,0.));
#7038 = ORIENTED_EDGE('',*,*,#7039,.F.);
#7039 = EDGE_CURVE('',#7040,#7032,#7042,.T.);
#7040 = VERTEX_POINT('',#7041);
#7041 = CARTESIAN_POINT('',(0.75,-3.4,1.));
#7042 = LINE('',#7043,#7044);
#7043 = CARTESIAN_POINT('',(0.75,-3.4,1.));
#7044 = VECTOR('',#7045,1.);
#7045 = DIRECTION('',(-0.,0.,-1.));
#7046 = ORIENTED_EDGE('',*,*,#7047,.T.);
#7047 = EDGE_CURVE('',#7040,#7048,#7050,.T.);
#7048 = VERTEX_POINT('',#7049);
#7049 = CARTESIAN_POINT('',(-0.75,-3.4,1.));
#7050 = LINE('',#7051,#7052);
#7051 = CARTESIAN_POINT('',(0.75,-3.4,1.));
#7052 = VECTOR('',#7053,1.);
#7053 = DIRECTION('',(-1.,1.224646799147E-16,0.));
#7054 = ORIENTED_EDGE('',*,*,#7055,.T.);
#7055 = EDGE_CURVE('',#7048,#6982,#7056,.T.);
#7056 = LINE('',#7057,#7058);
#7057 = CARTESIAN_POINT('',(-0.75,-3.4,1.));
#7058 = VECTOR('',#7059,1.);
#7059 = DIRECTION('',(-0.,0.,-1.));
#7060 = PLANE('',#7061);
#7061 = AXIS2_PLACEMENT_3D('',#7062,#7063,#7064);
#7062 = CARTESIAN_POINT('',(-2.45,-3.4,0.));
#7063 = DIRECTION('',(1.224646799147E-16,1.,0.));
#7064 = DIRECTION('',(1.,-1.224646799147E-16,0.));
#7065 = ADVANCED_FACE('',(#7066),#7084,.F.);
#7066 = FACE_BOUND('',#7067,.T.);
#7067 = EDGE_LOOP('',(#7068,#7069,#7070,#7078));
#7068 = ORIENTED_EDGE('',*,*,#6959,.F.);
#7069 = ORIENTED_EDGE('',*,*,#6799,.T.);
#7070 = ORIENTED_EDGE('',*,*,#7071,.T.);
#7071 = EDGE_CURVE('',#6792,#7072,#7074,.T.);
#7072 = VERTEX_POINT('',#7073);
#7073 = CARTESIAN_POINT('',(4.1,0.5,6.8));
#7074 = LINE('',#7075,#7076);
#7075 = CARTESIAN_POINT('',(3.575,0.5,6.275));
#7076 = VECTOR('',#7077,1.);
#7077 = DIRECTION('',(-0.707106781187,8.659560562349E-17,-0.707106781187
    ));
#7078 = ORIENTED_EDGE('',*,*,#7079,.F.);
#7079 = EDGE_CURVE('',#6960,#7072,#7080,.T.);
#7080 = LINE('',#7081,#7082);
#7081 = CARTESIAN_POINT('',(4.1,-2.65,6.8));
#7082 = VECTOR('',#7083,1.);
#7083 = DIRECTION('',(1.224646799147E-16,1.,0.));
#7084 = PLANE('',#7085);
#7085 = AXIS2_PLACEMENT_3D('',#7086,#7087,#7088);
#7086 = CARTESIAN_POINT('',(4.2,-2.65,6.9));
#7087 = DIRECTION('',(0.707106781187,-8.659560562349E-17,-0.707106781187
    ));
#7088 = DIRECTION('',(-1.224646799147E-16,-1.,-2.105272540809E-29));
#7089 = ADVANCED_FACE('',(#7090),#7149,.F.);
#7090 = FACE_BOUND('',#7091,.F.);
#7091 = EDGE_LOOP('',(#7092,#7100,#7101,#7102,#7110,#7118,#7127,#7135,
    #7143));
#7092 = ORIENTED_EDGE('',*,*,#7093,.F.);
#7093 = EDGE_CURVE('',#6992,#7094,#7096,.T.);
#7094 = VERTEX_POINT('',#7095);
#7095 = CARTESIAN_POINT('',(4.95,2.35,0.));
#7096 = LINE('',#7097,#7098);
#7097 = CARTESIAN_POINT('',(4.95,-3.4,0.));
#7098 = VECTOR('',#7099,1.);
#7099 = DIRECTION('',(1.224646799147E-16,1.,0.));
#7100 = ORIENTED_EDGE('',*,*,#6991,.T.);
#7101 = ORIENTED_EDGE('',*,*,#6783,.T.);
#7102 = ORIENTED_EDGE('',*,*,#7103,.F.);
#7103 = EDGE_CURVE('',#7104,#6784,#7106,.T.);
#7104 = VERTEX_POINT('',#7105);
#7105 = CARTESIAN_POINT('',(4.95,0.5,3.65));
#7106 = LINE('',#7107,#7108);
#7107 = CARTESIAN_POINT('',(4.95,0.5,3.65));
#7108 = VECTOR('',#7109,1.);
#7109 = DIRECTION('',(0.,0.,1.));
#7110 = ORIENTED_EDGE('',*,*,#7111,.F.);
#7111 = EDGE_CURVE('',#7112,#7104,#7114,.T.);
#7112 = VERTEX_POINT('',#7113);
#7113 = CARTESIAN_POINT('',(4.95,1.,3.65));
#7114 = LINE('',#7115,#7116);
#7115 = CARTESIAN_POINT('',(4.95,1.,3.65));
#7116 = VECTOR('',#7117,1.);
#7117 = DIRECTION('',(-1.224646799147E-16,-1.,0.));
#7118 = ORIENTED_EDGE('',*,*,#7119,.F.);
#7119 = EDGE_CURVE('',#7120,#7112,#7122,.T.);
#7120 = VERTEX_POINT('',#7121);
#7121 = CARTESIAN_POINT('',(4.95,1.5,4.15));
#7122 = CIRCLE('',#7123,0.5);
#7123 = AXIS2_PLACEMENT_3D('',#7124,#7125,#7126);
#7124 = CARTESIAN_POINT('',(4.95,1.,4.15));
#7125 = DIRECTION('',(-1.,1.224646799147E-16,0.));
#7126 = DIRECTION('',(1.224646799147E-16,1.,0.));
#7127 = ORIENTED_EDGE('',*,*,#7128,.F.);
#7128 = EDGE_CURVE('',#7129,#7120,#7131,.T.);
#7129 = VERTEX_POINT('',#7130);
#7130 = CARTESIAN_POINT('',(4.95,1.5,7.));
#7131 = LINE('',#7132,#7133);
#7132 = CARTESIAN_POINT('',(4.95,1.5,7.));
#7133 = VECTOR('',#7134,1.);
#7134 = DIRECTION('',(-0.,0.,-1.));
#7135 = ORIENTED_EDGE('',*,*,#7136,.T.);
#7136 = EDGE_CURVE('',#7129,#7137,#7139,.T.);
#7137 = VERTEX_POINT('',#7138);
#7138 = CARTESIAN_POINT('',(4.95,2.35,7.));
#7139 = LINE('',#7140,#7141);
#7140 = CARTESIAN_POINT('',(4.95,-3.4,7.));
#7141 = VECTOR('',#7142,1.);
#7142 = DIRECTION('',(1.224646799147E-16,1.,0.));
#7143 = ORIENTED_EDGE('',*,*,#7144,.F.);
#7144 = EDGE_CURVE('',#7094,#7137,#7145,.T.);
#7145 = LINE('',#7146,#7147);
#7146 = CARTESIAN_POINT('',(4.95,2.35,0.));
#7147 = VECTOR('',#7148,1.);
#7148 = DIRECTION('',(0.,0.,1.));
#7149 = PLANE('',#7150);
#7150 = AXIS2_PLACEMENT_3D('',#7151,#7152,#7153);
#7151 = CARTESIAN_POINT('',(4.95,-3.4,0.));
#7152 = DIRECTION('',(-1.,1.224646799147E-16,0.));
#7153 = DIRECTION('',(1.224646799147E-16,1.,0.));
#7154 = ADVANCED_FACE('',(#7155),#7174,.T.);
#7155 = FACE_BOUND('',#7156,.T.);
#7156 = EDGE_LOOP('',(#7157,#7158,#7159,#7167,#7173));
#7157 = ORIENTED_EDGE('',*,*,#6791,.F.);
#7158 = ORIENTED_EDGE('',*,*,#7103,.F.);
#7159 = ORIENTED_EDGE('',*,*,#7160,.T.);
#7160 = EDGE_CURVE('',#7104,#7161,#7163,.T.);
#7161 = VERTEX_POINT('',#7162);
#7162 = CARTESIAN_POINT('',(4.1,0.5,3.65));
#7163 = LINE('',#7164,#7165);
#7164 = CARTESIAN_POINT('',(4.95,0.5,3.65));
#7165 = VECTOR('',#7166,1.);
#7166 = DIRECTION('',(-1.,1.224646799147E-16,0.));
#7167 = ORIENTED_EDGE('',*,*,#7168,.T.);
#7168 = EDGE_CURVE('',#7161,#7072,#7169,.T.);
#7169 = LINE('',#7170,#7171);
#7170 = CARTESIAN_POINT('',(4.1,0.5,5.325));
#7171 = VECTOR('',#7172,1.);
#7172 = DIRECTION('',(0.,0.,1.));
#7173 = ORIENTED_EDGE('',*,*,#7071,.F.);
#7174 = PLANE('',#7175);
#7175 = AXIS2_PLACEMENT_3D('',#7176,#7177,#7178);
#7176 = CARTESIAN_POINT('',(4.95,0.5,3.65));
#7177 = DIRECTION('',(1.224646799147E-16,1.,0.));
#7178 = DIRECTION('',(0.,-0.,1.));
#7179 = ADVANCED_FACE('',(#7180),#7223,.F.);
#7180 = FACE_BOUND('',#7181,.F.);
#7181 = EDGE_LOOP('',(#7182,#7183,#7191,#7200,#7208,#7216,#7222));
#7182 = ORIENTED_EDGE('',*,*,#6829,.T.);
#7183 = ORIENTED_EDGE('',*,*,#7184,.T.);
#7184 = EDGE_CURVE('',#6832,#7185,#7187,.T.);
#7185 = VERTEX_POINT('',#7186);
#7186 = CARTESIAN_POINT('',(-1.6,1.,3.65));
#7187 = LINE('',#7188,#7189);
#7188 = CARTESIAN_POINT('',(-1.6,1.25,3.65));
#7189 = VECTOR('',#7190,1.);
#7190 = DIRECTION('',(1.224646799147E-16,1.,0.));
#7191 = ORIENTED_EDGE('',*,*,#7192,.T.);
#7192 = EDGE_CURVE('',#7185,#7193,#7195,.T.);
#7193 = VERTEX_POINT('',#7194);
#7194 = CARTESIAN_POINT('',(-1.6,1.5,4.15));
#7195 = CIRCLE('',#7196,0.5);
#7196 = AXIS2_PLACEMENT_3D('',#7197,#7198,#7199);
#7197 = CARTESIAN_POINT('',(-1.6,1.,4.15));
#7198 = DIRECTION('',(1.,-1.224646799147E-16,0.));
#7199 = DIRECTION('',(1.224646799147E-16,1.,0.));
#7200 = ORIENTED_EDGE('',*,*,#7201,.T.);
#7201 = EDGE_CURVE('',#7193,#7202,#7204,.T.);
#7202 = VERTEX_POINT('',#7203);
#7203 = CARTESIAN_POINT('',(-1.6,1.5,1.85));
#7204 = LINE('',#7205,#7206);
#7205 = CARTESIAN_POINT('',(-1.6,1.5,7.));
#7206 = VECTOR('',#7207,1.);
#7207 = DIRECTION('',(0.,0.,-1.));
#7208 = ORIENTED_EDGE('',*,*,#7209,.T.);
#7209 = EDGE_CURVE('',#7202,#7210,#7212,.T.);
#7210 = VERTEX_POINT('',#7211);
#7211 = CARTESIAN_POINT('',(-1.6,-2.65,1.85));
#7212 = LINE('',#7213,#7214);
#7213 = CARTESIAN_POINT('',(-1.6,1.5,1.85));
#7214 = VECTOR('',#7215,1.);
#7215 = DIRECTION('',(-1.224646799147E-16,-1.,0.));
#7216 = ORIENTED_EDGE('',*,*,#7217,.F.);
#7217 = EDGE_CURVE('',#6871,#7210,#7218,.T.);
#7218 = LINE('',#7219,#7220);
#7219 = CARTESIAN_POINT('',(-1.6,-2.65,7.));
#7220 = VECTOR('',#7221,1.);
#7221 = DIRECTION('',(0.,0.,-1.));
#7222 = ORIENTED_EDGE('',*,*,#6878,.F.);
#7223 = PLANE('',#7224);
#7224 = AXIS2_PLACEMENT_3D('',#7225,#7226,#7227);
#7225 = CARTESIAN_POINT('',(-1.6,1.5,7.));
#7226 = DIRECTION('',(-1.,1.224646799147E-16,0.));
#7227 = DIRECTION('',(-1.224646799147E-16,-1.,0.));
#7228 = ADVANCED_FACE('',(#7229),#7240,.T.);
#7229 = FACE_BOUND('',#7230,.T.);
#7230 = EDGE_LOOP('',(#7231,#7232,#7238,#7239));
#7231 = ORIENTED_EDGE('',*,*,#7184,.T.);
#7232 = ORIENTED_EDGE('',*,*,#7233,.T.);
#7233 = EDGE_CURVE('',#7185,#6927,#7234,.T.);
#7234 = LINE('',#7235,#7236);
#7235 = CARTESIAN_POINT('',(4.95,1.,3.65));
#7236 = VECTOR('',#7237,1.);
#7237 = DIRECTION('',(-1.,1.224646799147E-16,0.));
#7238 = ORIENTED_EDGE('',*,*,#6935,.T.);
#7239 = ORIENTED_EDGE('',*,*,#6839,.F.);
#7240 = PLANE('',#7241);
#7241 = AXIS2_PLACEMENT_3D('',#7242,#7243,#7244);
#7242 = CARTESIAN_POINT('',(4.95,1.,3.65));
#7243 = DIRECTION('',(0.,0.,1.));
#7244 = DIRECTION('',(-1.224646799147E-16,-1.,0.));
#7245 = ADVANCED_FACE('',(#7246),#7264,.F.);
#7246 = FACE_BOUND('',#7247,.F.);
#7247 = EDGE_LOOP('',(#7248,#7249,#7257,#7263));
#7248 = ORIENTED_EDGE('',*,*,#6981,.T.);
#7249 = ORIENTED_EDGE('',*,*,#7250,.T.);
#7250 = EDGE_CURVE('',#6982,#7251,#7253,.T.);
#7251 = VERTEX_POINT('',#7252);
#7252 = CARTESIAN_POINT('',(-0.75,2.35,0.));
#7253 = LINE('',#7254,#7255);
#7254 = CARTESIAN_POINT('',(-0.75,-3.4,0.));
#7255 = VECTOR('',#7256,1.);
#7256 = DIRECTION('',(1.224646799147E-16,1.,0.));
#7257 = ORIENTED_EDGE('',*,*,#7258,.T.);
#7258 = EDGE_CURVE('',#7251,#6893,#7259,.T.);
#7259 = LINE('',#7260,#7261);
#7260 = CARTESIAN_POINT('',(4.95,2.35,0.));
#7261 = VECTOR('',#7262,1.);
#7262 = DIRECTION('',(-1.,1.224646799147E-16,0.));
#7263 = ORIENTED_EDGE('',*,*,#6892,.T.);
#7264 = PLANE('',#7265);
#7265 = AXIS2_PLACEMENT_3D('',#7266,#7267,#7268);
#7266 = CARTESIAN_POINT('',(1.25,-0.525,0.));
#7267 = DIRECTION('',(0.,0.,1.));
#7268 = DIRECTION('',(-1.,1.224646799147E-16,0.));
#7269 = ADVANCED_FACE('',(#7270),#7281,.F.);
#7270 = FACE_BOUND('',#7271,.F.);
#7271 = EDGE_LOOP('',(#7272,#7273,#7274,#7280));
#7272 = ORIENTED_EDGE('',*,*,#7233,.T.);
#7273 = ORIENTED_EDGE('',*,*,#6926,.T.);
#7274 = ORIENTED_EDGE('',*,*,#7275,.F.);
#7275 = EDGE_CURVE('',#7193,#6919,#7276,.T.);
#7276 = LINE('',#7277,#7278);
#7277 = CARTESIAN_POINT('',(4.95,1.5,4.15));
#7278 = VECTOR('',#7279,1.);
#7279 = DIRECTION('',(-1.,1.224646799147E-16,0.));
#7280 = ORIENTED_EDGE('',*,*,#7192,.F.);
#7281 = CYLINDRICAL_SURFACE('',#7282,0.5);
#7282 = AXIS2_PLACEMENT_3D('',#7283,#7284,#7285);
#7283 = CARTESIAN_POINT('',(4.95,1.,4.15));
#7284 = DIRECTION('',(1.,-1.224646799147E-16,-0.));
#7285 = DIRECTION('',(1.224646799147E-16,1.,0.));
#7286 = ADVANCED_FACE('',(#7287),#7419,.T.);
#7287 = FACE_BOUND('',#7288,.T.);
#7288 = EDGE_LOOP('',(#7289,#7290,#7298,#7306,#7314,#7322,#7330,#7339,
    #7347,#7356,#7364,#7372,#7380,#7388,#7394,#7395,#7396,#7397,#7405,
    #7413));
#7289 = ORIENTED_EDGE('',*,*,#7128,.F.);
#7290 = ORIENTED_EDGE('',*,*,#7291,.T.);
#7291 = EDGE_CURVE('',#7129,#7292,#7294,.T.);
#7292 = VERTEX_POINT('',#7293);
#7293 = CARTESIAN_POINT('',(3.,1.5,7.));
#7294 = LINE('',#7295,#7296);
#7295 = CARTESIAN_POINT('',(4.95,1.5,7.));
#7296 = VECTOR('',#7297,1.);
#7297 = DIRECTION('',(-1.,1.224646799147E-16,0.));
#7298 = ORIENTED_EDGE('',*,*,#7299,.T.);
#7299 = EDGE_CURVE('',#7292,#7300,#7302,.T.);
#7300 = VERTEX_POINT('',#7301);
#7301 = CARTESIAN_POINT('',(3.,1.5,6.1));
#7302 = LINE('',#7303,#7304);
#7303 = CARTESIAN_POINT('',(3.,1.5,5.340388446215));
#7304 = VECTOR('',#7305,1.);
#7305 = DIRECTION('',(-2.467162276945E-16,8.387236609414E-17,-1.));
#7306 = ORIENTED_EDGE('',*,*,#7307,.T.);
#7307 = EDGE_CURVE('',#7300,#7308,#7310,.T.);
#7308 = VERTEX_POINT('',#7309);
#7309 = CARTESIAN_POINT('',(2.75,1.5,5.85));
#7310 = LINE('',#7311,#7312);
#7311 = CARTESIAN_POINT('',(2.057694223108,1.5,5.157694223108));
#7312 = VECTOR('',#7313,1.);
#7313 = DIRECTION('',(-0.707106781187,1.459023244428E-16,-0.707106781187
    ));
#7314 = ORIENTED_EDGE('',*,*,#7315,.T.);
#7315 = EDGE_CURVE('',#7308,#7316,#7318,.T.);
#7316 = VERTEX_POINT('',#7317);
#7317 = CARTESIAN_POINT('',(3.,1.5,5.6));
#7318 = LINE('',#7319,#7320);
#7319 = CARTESIAN_POINT('',(2.817305776892,1.5,5.782694223108));
#7320 = VECTOR('',#7321,1.);
#7321 = DIRECTION('',(0.707106781187,-2.72888868042E-17,-0.707106781187)
  );
#7322 = ORIENTED_EDGE('',*,*,#7323,.T.);
#7323 = EDGE_CURVE('',#7316,#7324,#7326,.T.);
#7324 = VERTEX_POINT('',#7325);
#7325 = CARTESIAN_POINT('',(3.,1.5,3.85));
#7326 = LINE('',#7327,#7328);
#7327 = CARTESIAN_POINT('',(3.,1.5,3.840388446215));
#7328 = VECTOR('',#7329,1.);
#7329 = DIRECTION('',(1.027140246741E-32,8.387236609414E-17,-1.));
#7330 = ORIENTED_EDGE('',*,*,#7331,.F.);
#7331 = EDGE_CURVE('',#7332,#7324,#7334,.T.);
#7332 = VERTEX_POINT('',#7333);
#7333 = CARTESIAN_POINT('',(2.25,1.5,3.1));
#7334 = CIRCLE('',#7335,0.75);
#7335 = AXIS2_PLACEMENT_3D('',#7336,#7337,#7338);
#7336 = CARTESIAN_POINT('',(2.25,1.5,3.85));
#7337 = DIRECTION('',(-1.224646799147E-16,-1.,0.));
#7338 = DIRECTION('',(-0.,0.,-1.));
#7339 = ORIENTED_EDGE('',*,*,#7340,.F.);
#7340 = EDGE_CURVE('',#7341,#7332,#7343,.T.);
#7341 = VERTEX_POINT('',#7342);
#7342 = CARTESIAN_POINT('',(0.25,1.5,3.1));
#7343 = LINE('',#7344,#7345);
#7344 = CARTESIAN_POINT('',(1.25,1.5,3.1));
#7345 = VECTOR('',#7346,1.);
#7346 = DIRECTION('',(1.,-1.224646799147E-16,6.189508478766E-63));
#7347 = ORIENTED_EDGE('',*,*,#7348,.F.);
#7348 = EDGE_CURVE('',#7349,#7341,#7351,.T.);
#7349 = VERTEX_POINT('',#7350);
#7350 = CARTESIAN_POINT('',(-0.5,1.5,3.85));
#7351 = CIRCLE('',#7352,0.75);
#7352 = AXIS2_PLACEMENT_3D('',#7353,#7354,#7355);
#7353 = CARTESIAN_POINT('',(0.25,1.5,3.85));
#7354 = DIRECTION('',(-1.224646799147E-16,-1.,0.));
#7355 = DIRECTION('',(-0.,0.,-1.));
#7356 = ORIENTED_EDGE('',*,*,#7357,.F.);
#7357 = EDGE_CURVE('',#7358,#7349,#7360,.T.);
#7358 = VERTEX_POINT('',#7359);
#7359 = CARTESIAN_POINT('',(-0.5,1.5,5.6));
#7360 = LINE('',#7361,#7362);
#7361 = CARTESIAN_POINT('',(-0.5,1.5,3.840388446215));
#7362 = VECTOR('',#7363,1.);
#7363 = DIRECTION('',(1.027140246741E-32,8.387236609414E-17,-1.));
#7364 = ORIENTED_EDGE('',*,*,#7365,.F.);
#7365 = EDGE_CURVE('',#7366,#7358,#7368,.T.);
#7366 = VERTEX_POINT('',#7367);
#7367 = CARTESIAN_POINT('',(-0.25,1.5,5.85));
#7368 = LINE('',#7369,#7370);
#7369 = CARTESIAN_POINT('',(-0.317305776892,1.5,5.782694223108));
#7370 = VECTOR('',#7371,1.);
#7371 = DIRECTION('',(-0.707106781187,1.459023244428E-16,-0.707106781187
    ));
#7372 = ORIENTED_EDGE('',*,*,#7373,.F.);
#7373 = EDGE_CURVE('',#7374,#7366,#7376,.T.);
#7374 = VERTEX_POINT('',#7375);
#7375 = CARTESIAN_POINT('',(-0.5,1.5,6.1));
#7376 = LINE('',#7377,#7378);
#7377 = CARTESIAN_POINT('',(0.442305776892,1.5,5.157694223108));
#7378 = VECTOR('',#7379,1.);
#7379 = DIRECTION('',(0.707106781187,-2.72888868042E-17,-0.707106781187)
  );
#7380 = ORIENTED_EDGE('',*,*,#7381,.F.);
#7381 = EDGE_CURVE('',#7382,#7374,#7384,.T.);
#7382 = VERTEX_POINT('',#7383);
#7383 = CARTESIAN_POINT('',(-0.5,1.5,7.));
#7384 = LINE('',#7385,#7386);
#7385 = CARTESIAN_POINT('',(-0.5,1.5,5.340388446215));
#7386 = VECTOR('',#7387,1.);
#7387 = DIRECTION('',(1.027140246741E-32,8.387236609414E-17,-1.));
#7388 = ORIENTED_EDGE('',*,*,#7389,.T.);
#7389 = EDGE_CURVE('',#7382,#6911,#7390,.T.);
#7390 = LINE('',#7391,#7392);
#7391 = CARTESIAN_POINT('',(4.95,1.5,7.));
#7392 = VECTOR('',#7393,1.);
#7393 = DIRECTION('',(-1.,1.224646799147E-16,0.));
#7394 = ORIENTED_EDGE('',*,*,#6918,.T.);
#7395 = ORIENTED_EDGE('',*,*,#7275,.F.);
#7396 = ORIENTED_EDGE('',*,*,#7201,.T.);
#7397 = ORIENTED_EDGE('',*,*,#7398,.F.);
#7398 = EDGE_CURVE('',#7399,#7202,#7401,.T.);
#7399 = VERTEX_POINT('',#7400);
#7400 = CARTESIAN_POINT('',(4.1,1.5,1.85));
#7401 = LINE('',#7402,#7403);
#7402 = CARTESIAN_POINT('',(4.1,1.5,1.85));
#7403 = VECTOR('',#7404,1.);
#7404 = DIRECTION('',(-1.,1.224646799147E-16,0.));
#7405 = ORIENTED_EDGE('',*,*,#7406,.F.);
#7406 = EDGE_CURVE('',#7407,#7399,#7409,.T.);
#7407 = VERTEX_POINT('',#7408);
#7408 = CARTESIAN_POINT('',(4.1,1.5,4.15));
#7409 = LINE('',#7410,#7411);
#7410 = CARTESIAN_POINT('',(4.1,1.5,7.));
#7411 = VECTOR('',#7412,1.);
#7412 = DIRECTION('',(0.,0.,-1.));
#7413 = ORIENTED_EDGE('',*,*,#7414,.F.);
#7414 = EDGE_CURVE('',#7120,#7407,#7415,.T.);
#7415 = LINE('',#7416,#7417);
#7416 = CARTESIAN_POINT('',(4.95,1.5,4.15));
#7417 = VECTOR('',#7418,1.);
#7418 = DIRECTION('',(-1.,1.224646799147E-16,0.));
#7419 = PLANE('',#7420);
#7420 = AXIS2_PLACEMENT_3D('',#7421,#7422,#7423);
#7421 = CARTESIAN_POINT('',(1.25,1.5,4.58077689243));
#7422 = DIRECTION('',(-1.224646799147E-16,-1.,-8.387236609414E-17));
#7423 = DIRECTION('',(-1.027140246741E-32,-8.387236609414E-17,1.));
#7424 = ADVANCED_FACE('',(#7425),#7443,.T.);
#7425 = FACE_BOUND('',#7426,.T.);
#7426 = EDGE_LOOP('',(#7427,#7428,#7436,#7442));
#7427 = ORIENTED_EDGE('',*,*,#7389,.F.);
#7428 = ORIENTED_EDGE('',*,*,#7429,.F.);
#7429 = EDGE_CURVE('',#7430,#7382,#7432,.T.);
#7430 = VERTEX_POINT('',#7431);
#7431 = CARTESIAN_POINT('',(-0.5,2.35,7.));
#7432 = LINE('',#7433,#7434);
#7433 = CARTESIAN_POINT('',(-0.5,2.35,7.));
#7434 = VECTOR('',#7435,1.);
#7435 = DIRECTION('',(-1.224646799147E-16,-1.,0.));
#7436 = ORIENTED_EDGE('',*,*,#7437,.T.);
#7437 = EDGE_CURVE('',#7430,#6903,#7438,.T.);
#7438 = LINE('',#7439,#7440);
#7439 = CARTESIAN_POINT('',(4.95,2.35,7.));
#7440 = VECTOR('',#7441,1.);
#7441 = DIRECTION('',(-1.,1.224646799147E-16,0.));
#7442 = ORIENTED_EDGE('',*,*,#6910,.T.);
#7443 = PLANE('',#7444);
#7444 = AXIS2_PLACEMENT_3D('',#7445,#7446,#7447);
#7445 = CARTESIAN_POINT('',(1.25,-0.525,7.));
#7446 = DIRECTION('',(0.,0.,1.));
#7447 = DIRECTION('',(-1.,1.224646799147E-16,0.));
#7448 = ADVANCED_FACE('',(#7449),#7613,.F.);
#7449 = FACE_BOUND('',#7450,.F.);
#7450 = EDGE_LOOP('',(#7451,#7459,#7460,#7468,#7476,#7484,#7492,#7500,
    #7509,#7517,#7526,#7534,#7542,#7550,#7556,#7557,#7558,#7559,#7567,
    #7575,#7583,#7591,#7599,#7607));
#7451 = ORIENTED_EDGE('',*,*,#7452,.F.);
#7452 = EDGE_CURVE('',#7094,#7453,#7455,.T.);
#7453 = VERTEX_POINT('',#7454);
#7454 = CARTESIAN_POINT('',(3.25,2.35,0.));
#7455 = LINE('',#7456,#7457);
#7456 = CARTESIAN_POINT('',(4.95,2.35,0.));
#7457 = VECTOR('',#7458,1.);
#7458 = DIRECTION('',(-1.,1.224646799147E-16,0.));
#7459 = ORIENTED_EDGE('',*,*,#7144,.T.);
#7460 = ORIENTED_EDGE('',*,*,#7461,.T.);
#7461 = EDGE_CURVE('',#7137,#7462,#7464,.T.);
#7462 = VERTEX_POINT('',#7463);
#7463 = CARTESIAN_POINT('',(3.,2.35,7.));
#7464 = LINE('',#7465,#7466);
#7465 = CARTESIAN_POINT('',(4.95,2.35,7.));
#7466 = VECTOR('',#7467,1.);
#7467 = DIRECTION('',(-1.,1.224646799147E-16,0.));
#7468 = ORIENTED_EDGE('',*,*,#7469,.F.);
#7469 = EDGE_CURVE('',#7470,#7462,#7472,.T.);
#7470 = VERTEX_POINT('',#7471);
#7471 = CARTESIAN_POINT('',(3.,2.35,6.1));
#7472 = LINE('',#7473,#7474);
#7473 = CARTESIAN_POINT('',(3.,2.35,6.1));
#7474 = VECTOR('',#7475,1.);
#7475 = DIRECTION('',(2.467162276945E-16,-3.021402385438E-32,1.));
#7476 = ORIENTED_EDGE('',*,*,#7477,.F.);
#7477 = EDGE_CURVE('',#7478,#7470,#7480,.T.);
#7478 = VERTEX_POINT('',#7479);
#7479 = CARTESIAN_POINT('',(2.75,2.35,5.85));
#7480 = LINE('',#7481,#7482);
#7481 = CARTESIAN_POINT('',(2.75,2.35,5.85));
#7482 = VECTOR('',#7483,1.);
#7483 = DIRECTION('',(0.707106781187,-8.659560562349E-17,0.707106781187)
  );
#7484 = ORIENTED_EDGE('',*,*,#7485,.F.);
#7485 = EDGE_CURVE('',#7486,#7478,#7488,.T.);
#7486 = VERTEX_POINT('',#7487);
#7487 = CARTESIAN_POINT('',(3.,2.35,5.6));
#7488 = LINE('',#7489,#7490);
#7489 = CARTESIAN_POINT('',(3.,2.35,5.6));
#7490 = VECTOR('',#7491,1.);
#7491 = DIRECTION('',(-0.707106781187,8.659560562349E-17,0.707106781187)
  );
#7492 = ORIENTED_EDGE('',*,*,#7493,.F.);
#7493 = EDGE_CURVE('',#7494,#7486,#7496,.T.);
#7494 = VERTEX_POINT('',#7495);
#7495 = CARTESIAN_POINT('',(3.,2.35,3.85));
#7496 = LINE('',#7497,#7498);
#7497 = CARTESIAN_POINT('',(3.,2.35,3.1));
#7498 = VECTOR('',#7499,1.);
#7499 = DIRECTION('',(0.,0.,1.));
#7500 = ORIENTED_EDGE('',*,*,#7501,.F.);
#7501 = EDGE_CURVE('',#7502,#7494,#7504,.T.);
#7502 = VERTEX_POINT('',#7503);
#7503 = CARTESIAN_POINT('',(2.25,2.35,3.1));
#7504 = CIRCLE('',#7505,0.75);
#7505 = AXIS2_PLACEMENT_3D('',#7506,#7507,#7508);
#7506 = CARTESIAN_POINT('',(2.25,2.35,3.85));
#7507 = DIRECTION('',(-1.224646799147E-16,-1.,0.));
#7508 = DIRECTION('',(0.,0.,1.));
#7509 = ORIENTED_EDGE('',*,*,#7510,.F.);
#7510 = EDGE_CURVE('',#7511,#7502,#7513,.T.);
#7511 = VERTEX_POINT('',#7512);
#7512 = CARTESIAN_POINT('',(0.25,2.35,3.1));
#7513 = LINE('',#7514,#7515);
#7514 = CARTESIAN_POINT('',(1.25,2.35,3.1));
#7515 = VECTOR('',#7516,1.);
#7516 = DIRECTION('',(1.,-1.224646799147E-16,0.));
#7517 = ORIENTED_EDGE('',*,*,#7518,.T.);
#7518 = EDGE_CURVE('',#7511,#7519,#7521,.T.);
#7519 = VERTEX_POINT('',#7520);
#7520 = CARTESIAN_POINT('',(-0.5,2.35,3.85));
#7521 = CIRCLE('',#7522,0.75);
#7522 = AXIS2_PLACEMENT_3D('',#7523,#7524,#7525);
#7523 = CARTESIAN_POINT('',(0.25,2.35,3.85));
#7524 = DIRECTION('',(1.224646799147E-16,1.,-0.));
#7525 = DIRECTION('',(0.,0.,1.));
#7526 = ORIENTED_EDGE('',*,*,#7527,.T.);
#7527 = EDGE_CURVE('',#7519,#7528,#7530,.T.);
#7528 = VERTEX_POINT('',#7529);
#7529 = CARTESIAN_POINT('',(-0.5,2.35,5.6));
#7530 = LINE('',#7531,#7532);
#7531 = CARTESIAN_POINT('',(-0.5,2.35,3.1));
#7532 = VECTOR('',#7533,1.);
#7533 = DIRECTION('',(0.,0.,1.));
#7534 = ORIENTED_EDGE('',*,*,#7535,.T.);
#7535 = EDGE_CURVE('',#7528,#7536,#7538,.T.);
#7536 = VERTEX_POINT('',#7537);
#7537 = CARTESIAN_POINT('',(-0.25,2.35,5.85));
#7538 = LINE('',#7539,#7540);
#7539 = CARTESIAN_POINT('',(-0.5,2.35,5.6));
#7540 = VECTOR('',#7541,1.);
#7541 = DIRECTION('',(0.707106781187,-8.659560562349E-17,0.707106781187)
  );
#7542 = ORIENTED_EDGE('',*,*,#7543,.T.);
#7543 = EDGE_CURVE('',#7536,#7544,#7546,.T.);
#7544 = VERTEX_POINT('',#7545);
#7545 = CARTESIAN_POINT('',(-0.5,2.35,6.1));
#7546 = LINE('',#7547,#7548);
#7547 = CARTESIAN_POINT('',(-0.25,2.35,5.85));
#7548 = VECTOR('',#7549,1.);
#7549 = DIRECTION('',(-0.707106781187,8.659560562349E-17,0.707106781187)
  );
#7550 = ORIENTED_EDGE('',*,*,#7551,.T.);
#7551 = EDGE_CURVE('',#7544,#7430,#7552,.T.);
#7552 = LINE('',#7553,#7554);
#7553 = CARTESIAN_POINT('',(-0.5,2.35,6.1));
#7554 = VECTOR('',#7555,1.);
#7555 = DIRECTION('',(0.,0.,1.));
#7556 = ORIENTED_EDGE('',*,*,#7437,.T.);
#7557 = ORIENTED_EDGE('',*,*,#6902,.F.);
#7558 = ORIENTED_EDGE('',*,*,#7258,.F.);
#7559 = ORIENTED_EDGE('',*,*,#7560,.T.);
#7560 = EDGE_CURVE('',#7251,#7561,#7563,.T.);
#7561 = VERTEX_POINT('',#7562);
#7562 = CARTESIAN_POINT('',(-0.75,2.35,1.));
#7563 = LINE('',#7564,#7565);
#7564 = CARTESIAN_POINT('',(-0.75,2.35,0.));
#7565 = VECTOR('',#7566,1.);
#7566 = DIRECTION('',(0.,0.,1.));
#7567 = ORIENTED_EDGE('',*,*,#7568,.F.);
#7568 = EDGE_CURVE('',#7569,#7561,#7571,.T.);
#7569 = VERTEX_POINT('',#7570);
#7570 = CARTESIAN_POINT('',(0.75,2.35,1.));
#7571 = LINE('',#7572,#7573);
#7572 = CARTESIAN_POINT('',(0.75,2.35,1.));
#7573 = VECTOR('',#7574,1.);
#7574 = DIRECTION('',(-1.,1.224646799147E-16,0.));
#7575 = ORIENTED_EDGE('',*,*,#7576,.F.);
#7576 = EDGE_CURVE('',#7577,#7569,#7579,.T.);
#7577 = VERTEX_POINT('',#7578);
#7578 = CARTESIAN_POINT('',(0.75,2.35,0.));
#7579 = LINE('',#7580,#7581);
#7580 = CARTESIAN_POINT('',(0.75,2.35,0.));
#7581 = VECTOR('',#7582,1.);
#7582 = DIRECTION('',(0.,0.,1.));
#7583 = ORIENTED_EDGE('',*,*,#7584,.F.);
#7584 = EDGE_CURVE('',#7585,#7577,#7587,.T.);
#7585 = VERTEX_POINT('',#7586);
#7586 = CARTESIAN_POINT('',(1.75,2.35,0.));
#7587 = LINE('',#7588,#7589);
#7588 = CARTESIAN_POINT('',(4.95,2.35,0.));
#7589 = VECTOR('',#7590,1.);
#7590 = DIRECTION('',(-1.,1.224646799147E-16,0.));
#7591 = ORIENTED_EDGE('',*,*,#7592,.T.);
#7592 = EDGE_CURVE('',#7585,#7593,#7595,.T.);
#7593 = VERTEX_POINT('',#7594);
#7594 = CARTESIAN_POINT('',(1.75,2.35,1.));
#7595 = LINE('',#7596,#7597);
#7596 = CARTESIAN_POINT('',(1.75,2.35,0.));
#7597 = VECTOR('',#7598,1.);
#7598 = DIRECTION('',(0.,0.,1.));
#7599 = ORIENTED_EDGE('',*,*,#7600,.F.);
#7600 = EDGE_CURVE('',#7601,#7593,#7603,.T.);
#7601 = VERTEX_POINT('',#7602);
#7602 = CARTESIAN_POINT('',(3.25,2.35,1.));
#7603 = LINE('',#7604,#7605);
#7604 = CARTESIAN_POINT('',(3.25,2.35,1.));
#7605 = VECTOR('',#7606,1.);
#7606 = DIRECTION('',(-1.,1.224646799147E-16,0.));
#7607 = ORIENTED_EDGE('',*,*,#7608,.F.);
#7608 = EDGE_CURVE('',#7453,#7601,#7609,.T.);
#7609 = LINE('',#7610,#7611);
#7610 = CARTESIAN_POINT('',(3.25,2.35,0.));
#7611 = VECTOR('',#7612,1.);
#7612 = DIRECTION('',(0.,0.,1.));
#7613 = PLANE('',#7614);
#7614 = AXIS2_PLACEMENT_3D('',#7615,#7616,#7617);
#7615 = CARTESIAN_POINT('',(4.95,2.35,0.));
#7616 = DIRECTION('',(-1.224646799147E-16,-1.,0.));
#7617 = DIRECTION('',(-1.,1.224646799147E-16,0.));
#7618 = ADVANCED_FACE('',(#7619),#7637,.F.);
#7619 = FACE_BOUND('',#7620,.F.);
#7620 = EDGE_LOOP('',(#7621,#7622,#7630,#7636));
#7621 = ORIENTED_EDGE('',*,*,#7217,.T.);
#7622 = ORIENTED_EDGE('',*,*,#7623,.T.);
#7623 = EDGE_CURVE('',#7210,#7624,#7626,.T.);
#7624 = VERTEX_POINT('',#7625);
#7625 = CARTESIAN_POINT('',(4.1,-2.65,1.85));
#7626 = LINE('',#7627,#7628);
#7627 = CARTESIAN_POINT('',(-1.6,-2.65,1.85));
#7628 = VECTOR('',#7629,1.);
#7629 = DIRECTION('',(1.,-1.224646799147E-16,0.));
#7630 = ORIENTED_EDGE('',*,*,#7631,.F.);
#7631 = EDGE_CURVE('',#6960,#7624,#7632,.T.);
#7632 = LINE('',#7633,#7634);
#7633 = CARTESIAN_POINT('',(4.1,-2.65,7.));
#7634 = VECTOR('',#7635,1.);
#7635 = DIRECTION('',(0.,0.,-1.));
#7636 = ORIENTED_EDGE('',*,*,#6967,.F.);
#7637 = PLANE('',#7638);
#7638 = AXIS2_PLACEMENT_3D('',#7639,#7640,#7641);
#7639 = CARTESIAN_POINT('',(-1.6,-2.65,7.));
#7640 = DIRECTION('',(-1.224646799147E-16,-1.,0.));
#7641 = DIRECTION('',(1.,-1.224646799147E-16,0.));
#7642 = ADVANCED_FACE('',(#7643),#7670,.T.);
#7643 = FACE_BOUND('',#7644,.T.);
#7644 = EDGE_LOOP('',(#7645,#7646,#7654,#7662,#7668,#7669));
#7645 = ORIENTED_EDGE('',*,*,#7560,.T.);
#7646 = ORIENTED_EDGE('',*,*,#7647,.T.);
#7647 = EDGE_CURVE('',#7561,#7648,#7650,.T.);
#7648 = VERTEX_POINT('',#7649);
#7649 = CARTESIAN_POINT('',(-0.75,0.5,0.3));
#7650 = LINE('',#7651,#7652);
#7651 = CARTESIAN_POINT('',(-0.75,2.35,1.));
#7652 = VECTOR('',#7653,1.);
#7653 = DIRECTION('',(-1.14539532148E-16,-0.935286257456,-0.353892097416
    ));
#7654 = ORIENTED_EDGE('',*,*,#7655,.T.);
#7655 = EDGE_CURVE('',#7648,#7656,#7658,.T.);
#7656 = VERTEX_POINT('',#7657);
#7657 = CARTESIAN_POINT('',(-0.75,-0.5,0.3));
#7658 = LINE('',#7659,#7660);
#7659 = CARTESIAN_POINT('',(-0.75,0.5,0.3));
#7660 = VECTOR('',#7661,1.);
#7661 = DIRECTION('',(-1.224646799147E-16,-1.,0.));
#7662 = ORIENTED_EDGE('',*,*,#7663,.T.);
#7663 = EDGE_CURVE('',#7656,#7048,#7664,.T.);
#7664 = LINE('',#7665,#7666);
#7665 = CARTESIAN_POINT('',(-0.75,-0.5,0.3));
#7666 = VECTOR('',#7667,1.);
#7667 = DIRECTION('',(-1.190457365237E-16,-0.972082208573,0.234640533104
    ));
#7668 = ORIENTED_EDGE('',*,*,#7055,.T.);
#7669 = ORIENTED_EDGE('',*,*,#7250,.T.);
#7670 = PLANE('',#7671);
#7671 = AXIS2_PLACEMENT_3D('',#7672,#7673,#7674);
#7672 = CARTESIAN_POINT('',(-0.75,-0.515451356496,0.330008245993));
#7673 = DIRECTION('',(1.,-1.224646799147E-16,-1.256256073143E-32));
#7674 = DIRECTION('',(-1.256256073143E-32,1.538469978883E-48,-1.));
#7675 = ADVANCED_FACE('',(#7676),#7694,.F.);
#7676 = FACE_BOUND('',#7677,.F.);
#7677 = EDGE_LOOP('',(#7678,#7686,#7687,#7688));
#7678 = ORIENTED_EDGE('',*,*,#7679,.T.);
#7679 = EDGE_CURVE('',#7680,#7656,#7682,.T.);
#7680 = VERTEX_POINT('',#7681);
#7681 = CARTESIAN_POINT('',(0.75,-0.5,0.3));
#7682 = LINE('',#7683,#7684);
#7683 = CARTESIAN_POINT('',(0.75,-0.5,0.3));
#7684 = VECTOR('',#7685,1.);
#7685 = DIRECTION('',(-1.,1.224646799147E-16,0.));
#7686 = ORIENTED_EDGE('',*,*,#7663,.T.);
#7687 = ORIENTED_EDGE('',*,*,#7047,.F.);
#7688 = ORIENTED_EDGE('',*,*,#7689,.F.);
#7689 = EDGE_CURVE('',#7680,#7040,#7690,.T.);
#7690 = LINE('',#7691,#7692);
#7691 = CARTESIAN_POINT('',(0.75,-0.5,0.3));
#7692 = VECTOR('',#7693,1.);
#7693 = DIRECTION('',(-1.190457365237E-16,-0.972082208573,0.234640533104
    ));
#7694 = PLANE('',#7695);
#7695 = AXIS2_PLACEMENT_3D('',#7696,#7697,#7698);
#7696 = CARTESIAN_POINT('',(0.75,-0.5,0.3));
#7697 = DIRECTION('',(2.87351777816E-17,0.234640533104,0.972082208573));
#7698 = DIRECTION('',(-1.190457365237E-16,-0.972082208573,0.234640533104
    ));
#7699 = ADVANCED_FACE('',(#7700),#7725,.F.);
#7700 = FACE_BOUND('',#7701,.F.);
#7701 = EDGE_LOOP('',(#7702,#7703,#7711,#7717,#7718,#7719));
#7702 = ORIENTED_EDGE('',*,*,#7576,.T.);
#7703 = ORIENTED_EDGE('',*,*,#7704,.T.);
#7704 = EDGE_CURVE('',#7569,#7705,#7707,.T.);
#7705 = VERTEX_POINT('',#7706);
#7706 = CARTESIAN_POINT('',(0.75,0.5,0.3));
#7707 = LINE('',#7708,#7709);
#7708 = CARTESIAN_POINT('',(0.75,2.35,1.));
#7709 = VECTOR('',#7710,1.);
#7710 = DIRECTION('',(-1.14539532148E-16,-0.935286257456,-0.353892097416
    ));
#7711 = ORIENTED_EDGE('',*,*,#7712,.T.);
#7712 = EDGE_CURVE('',#7705,#7680,#7713,.T.);
#7713 = LINE('',#7714,#7715);
#7714 = CARTESIAN_POINT('',(0.75,0.5,0.3));
#7715 = VECTOR('',#7716,1.);
#7716 = DIRECTION('',(-1.224646799147E-16,-1.,0.));
#7717 = ORIENTED_EDGE('',*,*,#7689,.T.);
#7718 = ORIENTED_EDGE('',*,*,#7039,.T.);
#7719 = ORIENTED_EDGE('',*,*,#7720,.T.);
#7720 = EDGE_CURVE('',#7032,#7577,#7721,.T.);
#7721 = LINE('',#7722,#7723);
#7722 = CARTESIAN_POINT('',(0.75,-3.4,0.));
#7723 = VECTOR('',#7724,1.);
#7724 = DIRECTION('',(1.224646799147E-16,1.,0.));
#7725 = PLANE('',#7726);
#7726 = AXIS2_PLACEMENT_3D('',#7727,#7728,#7729);
#7727 = CARTESIAN_POINT('',(0.75,-0.515451356496,0.330008245993));
#7728 = DIRECTION('',(1.,-1.224646799147E-16,-1.256256073143E-32));
#7729 = DIRECTION('',(-1.256256073143E-32,1.538469978883E-48,-1.));
#7730 = ADVANCED_FACE('',(#7731),#7742,.F.);
#7731 = FACE_BOUND('',#7732,.F.);
#7732 = EDGE_LOOP('',(#7733,#7734,#7740,#7741));
#7733 = ORIENTED_EDGE('',*,*,#7031,.T.);
#7734 = ORIENTED_EDGE('',*,*,#7735,.T.);
#7735 = EDGE_CURVE('',#7024,#7585,#7736,.T.);
#7736 = LINE('',#7737,#7738);
#7737 = CARTESIAN_POINT('',(1.75,-3.4,0.));
#7738 = VECTOR('',#7739,1.);
#7739 = DIRECTION('',(1.224646799147E-16,1.,0.));
#7740 = ORIENTED_EDGE('',*,*,#7584,.T.);
#7741 = ORIENTED_EDGE('',*,*,#7720,.F.);
#7742 = PLANE('',#7743);
#7743 = AXIS2_PLACEMENT_3D('',#7744,#7745,#7746);
#7744 = CARTESIAN_POINT('',(1.25,-0.525,0.));
#7745 = DIRECTION('',(0.,0.,1.));
#7746 = DIRECTION('',(-1.,1.224646799147E-16,0.));
#7747 = ADVANCED_FACE('',(#7748),#7775,.T.);
#7748 = FACE_BOUND('',#7749,.T.);
#7749 = EDGE_LOOP('',(#7750,#7751,#7759,#7767,#7773,#7774));
#7750 = ORIENTED_EDGE('',*,*,#7592,.T.);
#7751 = ORIENTED_EDGE('',*,*,#7752,.T.);
#7752 = EDGE_CURVE('',#7593,#7753,#7755,.T.);
#7753 = VERTEX_POINT('',#7754);
#7754 = CARTESIAN_POINT('',(1.75,0.5,0.3));
#7755 = LINE('',#7756,#7757);
#7756 = CARTESIAN_POINT('',(1.75,2.35,1.));
#7757 = VECTOR('',#7758,1.);
#7758 = DIRECTION('',(-1.14539532148E-16,-0.935286257456,-0.353892097416
    ));
#7759 = ORIENTED_EDGE('',*,*,#7760,.T.);
#7760 = EDGE_CURVE('',#7753,#7761,#7763,.T.);
#7761 = VERTEX_POINT('',#7762);
#7762 = CARTESIAN_POINT('',(1.75,-0.5,0.3));
#7763 = LINE('',#7764,#7765);
#7764 = CARTESIAN_POINT('',(1.75,0.5,0.3));
#7765 = VECTOR('',#7766,1.);
#7766 = DIRECTION('',(-1.224646799147E-16,-1.,0.));
#7767 = ORIENTED_EDGE('',*,*,#7768,.T.);
#7768 = EDGE_CURVE('',#7761,#7016,#7769,.T.);
#7769 = LINE('',#7770,#7771);
#7770 = CARTESIAN_POINT('',(1.75,-0.5,0.3));
#7771 = VECTOR('',#7772,1.);
#7772 = DIRECTION('',(-1.190457365237E-16,-0.972082208573,0.234640533104
    ));
#7773 = ORIENTED_EDGE('',*,*,#7023,.T.);
#7774 = ORIENTED_EDGE('',*,*,#7735,.T.);
#7775 = PLANE('',#7776);
#7776 = AXIS2_PLACEMENT_3D('',#7777,#7778,#7779);
#7777 = CARTESIAN_POINT('',(1.75,-0.515451356496,0.330008245993));
#7778 = DIRECTION('',(1.,-1.224646799147E-16,-1.256256073143E-32));
#7779 = DIRECTION('',(-1.256256073143E-32,1.538469978883E-48,-1.));
#7780 = ADVANCED_FACE('',(#7781),#7799,.F.);
#7781 = FACE_BOUND('',#7782,.F.);
#7782 = EDGE_LOOP('',(#7783,#7791,#7792,#7793));
#7783 = ORIENTED_EDGE('',*,*,#7784,.T.);
#7784 = EDGE_CURVE('',#7785,#7761,#7787,.T.);
#7785 = VERTEX_POINT('',#7786);
#7786 = CARTESIAN_POINT('',(3.25,-0.5,0.3));
#7787 = LINE('',#7788,#7789);
#7788 = CARTESIAN_POINT('',(3.25,-0.5,0.3));
#7789 = VECTOR('',#7790,1.);
#7790 = DIRECTION('',(-1.,1.224646799147E-16,0.));
#7791 = ORIENTED_EDGE('',*,*,#7768,.T.);
#7792 = ORIENTED_EDGE('',*,*,#7015,.F.);
#7793 = ORIENTED_EDGE('',*,*,#7794,.F.);
#7794 = EDGE_CURVE('',#7785,#7008,#7795,.T.);
#7795 = LINE('',#7796,#7797);
#7796 = CARTESIAN_POINT('',(3.25,-0.5,0.3));
#7797 = VECTOR('',#7798,1.);
#7798 = DIRECTION('',(-1.190457365237E-16,-0.972082208573,0.234640533104
    ));
#7799 = PLANE('',#7800);
#7800 = AXIS2_PLACEMENT_3D('',#7801,#7802,#7803);
#7801 = CARTESIAN_POINT('',(3.25,-0.5,0.3));
#7802 = DIRECTION('',(2.87351777816E-17,0.234640533104,0.972082208573));
#7803 = DIRECTION('',(-1.190457365237E-16,-0.972082208573,0.234640533104
    ));
#7804 = ADVANCED_FACE('',(#7805),#7830,.F.);
#7805 = FACE_BOUND('',#7806,.F.);
#7806 = EDGE_LOOP('',(#7807,#7808,#7816,#7822,#7823,#7824));
#7807 = ORIENTED_EDGE('',*,*,#7608,.T.);
#7808 = ORIENTED_EDGE('',*,*,#7809,.T.);
#7809 = EDGE_CURVE('',#7601,#7810,#7812,.T.);
#7810 = VERTEX_POINT('',#7811);
#7811 = CARTESIAN_POINT('',(3.25,0.5,0.3));
#7812 = LINE('',#7813,#7814);
#7813 = CARTESIAN_POINT('',(3.25,2.35,1.));
#7814 = VECTOR('',#7815,1.);
#7815 = DIRECTION('',(-1.14539532148E-16,-0.935286257456,-0.353892097416
    ));
#7816 = ORIENTED_EDGE('',*,*,#7817,.T.);
#7817 = EDGE_CURVE('',#7810,#7785,#7818,.T.);
#7818 = LINE('',#7819,#7820);
#7819 = CARTESIAN_POINT('',(3.25,0.5,0.3));
#7820 = VECTOR('',#7821,1.);
#7821 = DIRECTION('',(-1.224646799147E-16,-1.,0.));
#7822 = ORIENTED_EDGE('',*,*,#7794,.T.);
#7823 = ORIENTED_EDGE('',*,*,#7007,.T.);
#7824 = ORIENTED_EDGE('',*,*,#7825,.T.);
#7825 = EDGE_CURVE('',#7000,#7453,#7826,.T.);
#7826 = LINE('',#7827,#7828);
#7827 = CARTESIAN_POINT('',(3.25,-3.4,0.));
#7828 = VECTOR('',#7829,1.);
#7829 = DIRECTION('',(1.224646799147E-16,1.,0.));
#7830 = PLANE('',#7831);
#7831 = AXIS2_PLACEMENT_3D('',#7832,#7833,#7834);
#7832 = CARTESIAN_POINT('',(3.25,-0.515451356496,0.330008245993));
#7833 = DIRECTION('',(1.,-1.224646799147E-16,-1.256256073143E-32));
#7834 = DIRECTION('',(-1.256256073143E-32,1.538469978883E-48,-1.));
#7835 = ADVANCED_FACE('',(#7836),#7842,.F.);
#7836 = FACE_BOUND('',#7837,.F.);
#7837 = EDGE_LOOP('',(#7838,#7839,#7840,#7841));
#7838 = ORIENTED_EDGE('',*,*,#7093,.T.);
#7839 = ORIENTED_EDGE('',*,*,#7452,.T.);
#7840 = ORIENTED_EDGE('',*,*,#7825,.F.);
#7841 = ORIENTED_EDGE('',*,*,#6999,.T.);
#7842 = PLANE('',#7843);
#7843 = AXIS2_PLACEMENT_3D('',#7844,#7845,#7846);
#7844 = CARTESIAN_POINT('',(1.25,-0.525,0.));
#7845 = DIRECTION('',(0.,0.,1.));
#7846 = DIRECTION('',(-1.,1.224646799147E-16,0.));
#7847 = ADVANCED_FACE('',(#7848),#7875,.F.);
#7848 = FACE_BOUND('',#7849,.F.);
#7849 = EDGE_LOOP('',(#7850,#7851,#7852,#7853,#7859,#7860,#7869));
#7850 = ORIENTED_EDGE('',*,*,#7168,.T.);
#7851 = ORIENTED_EDGE('',*,*,#7079,.F.);
#7852 = ORIENTED_EDGE('',*,*,#7631,.T.);
#7853 = ORIENTED_EDGE('',*,*,#7854,.T.);
#7854 = EDGE_CURVE('',#7624,#7399,#7855,.T.);
#7855 = LINE('',#7856,#7857);
#7856 = CARTESIAN_POINT('',(4.1,-2.65,1.85));
#7857 = VECTOR('',#7858,1.);
#7858 = DIRECTION('',(1.224646799147E-16,1.,0.));
#7859 = ORIENTED_EDGE('',*,*,#7406,.F.);
#7860 = ORIENTED_EDGE('',*,*,#7861,.F.);
#7861 = EDGE_CURVE('',#7862,#7407,#7864,.T.);
#7862 = VERTEX_POINT('',#7863);
#7863 = CARTESIAN_POINT('',(4.1,1.,3.65));
#7864 = CIRCLE('',#7865,0.5);
#7865 = AXIS2_PLACEMENT_3D('',#7866,#7867,#7868);
#7866 = CARTESIAN_POINT('',(4.1,1.,4.15));
#7867 = DIRECTION('',(1.,-1.224646799147E-16,0.));
#7868 = DIRECTION('',(1.224646799147E-16,1.,0.));
#7869 = ORIENTED_EDGE('',*,*,#7870,.T.);
#7870 = EDGE_CURVE('',#7862,#7161,#7871,.T.);
#7871 = LINE('',#7872,#7873);
#7872 = CARTESIAN_POINT('',(4.1,-0.825,3.65));
#7873 = VECTOR('',#7874,1.);
#7874 = DIRECTION('',(-1.224646799147E-16,-1.,0.));
#7875 = PLANE('',#7876);
#7876 = AXIS2_PLACEMENT_3D('',#7877,#7878,#7879);
#7877 = CARTESIAN_POINT('',(4.1,-2.65,7.));
#7878 = DIRECTION('',(1.,-1.224646799147E-16,0.));
#7879 = DIRECTION('',(1.224646799147E-16,1.,0.));
#7880 = ADVANCED_FACE('',(#7881),#7892,.T.);
#7881 = FACE_BOUND('',#7882,.T.);
#7882 = EDGE_LOOP('',(#7883,#7884,#7885,#7886));
#7883 = ORIENTED_EDGE('',*,*,#7291,.F.);
#7884 = ORIENTED_EDGE('',*,*,#7136,.T.);
#7885 = ORIENTED_EDGE('',*,*,#7461,.T.);
#7886 = ORIENTED_EDGE('',*,*,#7887,.T.);
#7887 = EDGE_CURVE('',#7462,#7292,#7888,.T.);
#7888 = LINE('',#7889,#7890);
#7889 = CARTESIAN_POINT('',(3.,2.35,7.));
#7890 = VECTOR('',#7891,1.);
#7891 = DIRECTION('',(-1.224646799147E-16,-1.,0.));
#7892 = PLANE('',#7893);
#7893 = AXIS2_PLACEMENT_3D('',#7894,#7895,#7896);
#7894 = CARTESIAN_POINT('',(1.25,-0.525,7.));
#7895 = DIRECTION('',(0.,0.,1.));
#7896 = DIRECTION('',(-1.,1.224646799147E-16,0.));
#7897 = ADVANCED_FACE('',(#7898),#7909,.F.);
#7898 = FACE_BOUND('',#7899,.F.);
#7899 = EDGE_LOOP('',(#7900,#7906,#7907,#7908));
#7900 = ORIENTED_EDGE('',*,*,#7901,.T.);
#7901 = EDGE_CURVE('',#7112,#7862,#7902,.T.);
#7902 = LINE('',#7903,#7904);
#7903 = CARTESIAN_POINT('',(4.95,1.,3.65));
#7904 = VECTOR('',#7905,1.);
#7905 = DIRECTION('',(-1.,1.224646799147E-16,0.));
#7906 = ORIENTED_EDGE('',*,*,#7861,.T.);
#7907 = ORIENTED_EDGE('',*,*,#7414,.F.);
#7908 = ORIENTED_EDGE('',*,*,#7119,.T.);
#7909 = CYLINDRICAL_SURFACE('',#7910,0.5);
#7910 = AXIS2_PLACEMENT_3D('',#7911,#7912,#7913);
#7911 = CARTESIAN_POINT('',(4.95,1.,4.15));
#7912 = DIRECTION('',(1.,-1.224646799147E-16,-0.));
#7913 = DIRECTION('',(1.224646799147E-16,1.,0.));
#7914 = ADVANCED_FACE('',(#7915),#7921,.T.);
#7915 = FACE_BOUND('',#7916,.T.);
#7916 = EDGE_LOOP('',(#7917,#7918,#7919,#7920));
#7917 = ORIENTED_EDGE('',*,*,#7111,.F.);
#7918 = ORIENTED_EDGE('',*,*,#7901,.T.);
#7919 = ORIENTED_EDGE('',*,*,#7870,.T.);
#7920 = ORIENTED_EDGE('',*,*,#7160,.F.);
#7921 = PLANE('',#7922);
#7922 = AXIS2_PLACEMENT_3D('',#7923,#7924,#7925);
#7923 = CARTESIAN_POINT('',(4.95,1.,3.65));
#7924 = DIRECTION('',(0.,0.,1.));
#7925 = DIRECTION('',(-1.224646799147E-16,-1.,0.));
#7926 = ADVANCED_FACE('',(#7927,#7933,#7967),#8001,.T.);
#7927 = FACE_BOUND('',#7928,.T.);
#7928 = EDGE_LOOP('',(#7929,#7930,#7931,#7932));
#7929 = ORIENTED_EDGE('',*,*,#7398,.T.);
#7930 = ORIENTED_EDGE('',*,*,#7209,.T.);
#7931 = ORIENTED_EDGE('',*,*,#7623,.T.);
#7932 = ORIENTED_EDGE('',*,*,#7854,.T.);
#7933 = FACE_BOUND('',#7934,.T.);
#7934 = EDGE_LOOP('',(#7935,#7945,#7953,#7961));
#7935 = ORIENTED_EDGE('',*,*,#7936,.F.);
#7936 = EDGE_CURVE('',#7937,#7939,#7941,.T.);
#7937 = VERTEX_POINT('',#7938);
#7938 = CARTESIAN_POINT('',(-0.32,0.32,1.85));
#7939 = VERTEX_POINT('',#7940);
#7940 = CARTESIAN_POINT('',(-0.32,-0.32,1.85));
#7941 = LINE('',#7942,#7943);
#7942 = CARTESIAN_POINT('',(-0.32,-0.26920299558,1.85));
#7943 = VECTOR('',#7944,1.);
#7944 = DIRECTION('',(-1.224646799147E-16,-1.,0.));
#7945 = ORIENTED_EDGE('',*,*,#7946,.T.);
#7946 = EDGE_CURVE('',#7937,#7947,#7949,.T.);
#7947 = VERTEX_POINT('',#7948);
#7948 = CARTESIAN_POINT('',(0.32,0.32,1.85));
#7949 = LINE('',#7950,#7951);
#7950 = CARTESIAN_POINT('',(0.785,0.32,1.85));
#7951 = VECTOR('',#7952,1.);
#7952 = DIRECTION('',(1.,-1.224646799147E-16,0.));
#7953 = ORIENTED_EDGE('',*,*,#7954,.T.);
#7954 = EDGE_CURVE('',#7947,#7955,#7957,.T.);
#7955 = VERTEX_POINT('',#7956);
#7956 = CARTESIAN_POINT('',(0.32,-0.32,1.85));
#7957 = LINE('',#7958,#7959);
#7958 = CARTESIAN_POINT('',(0.32,-0.26920299558,1.85));
#7959 = VECTOR('',#7960,1.);
#7960 = DIRECTION('',(-1.224646799147E-16,-1.,0.));
#7961 = ORIENTED_EDGE('',*,*,#7962,.T.);
#7962 = EDGE_CURVE('',#7955,#7939,#7963,.T.);
#7963 = LINE('',#7964,#7965);
#7964 = CARTESIAN_POINT('',(0.785,-0.32,1.85));
#7965 = VECTOR('',#7966,1.);
#7966 = DIRECTION('',(-1.,1.224646799147E-16,0.));
#7967 = FACE_BOUND('',#7968,.T.);
#7968 = EDGE_LOOP('',(#7969,#7979,#7987,#7995));
#7969 = ORIENTED_EDGE('',*,*,#7970,.F.);
#7970 = EDGE_CURVE('',#7971,#7973,#7975,.T.);
#7971 = VERTEX_POINT('',#7972);
#7972 = CARTESIAN_POINT('',(2.18,0.32,1.85));
#7973 = VERTEX_POINT('',#7974);
#7974 = CARTESIAN_POINT('',(2.18,-0.32,1.85));
#7975 = LINE('',#7976,#7977);
#7976 = CARTESIAN_POINT('',(2.18,-0.26920299558,1.85));
#7977 = VECTOR('',#7978,1.);
#7978 = DIRECTION('',(-1.224646799147E-16,-1.,0.));
#7979 = ORIENTED_EDGE('',*,*,#7980,.T.);
#7980 = EDGE_CURVE('',#7971,#7981,#7983,.T.);
#7981 = VERTEX_POINT('',#7982);
#7982 = CARTESIAN_POINT('',(2.82,0.32,1.85));
#7983 = LINE('',#7984,#7985);
#7984 = CARTESIAN_POINT('',(2.035,0.32,1.85));
#7985 = VECTOR('',#7986,1.);
#7986 = DIRECTION('',(1.,-1.224646799147E-16,0.));
#7987 = ORIENTED_EDGE('',*,*,#7988,.T.);
#7988 = EDGE_CURVE('',#7981,#7989,#7991,.T.);
#7989 = VERTEX_POINT('',#7990);
#7990 = CARTESIAN_POINT('',(2.82,-0.32,1.85));
#7991 = LINE('',#7992,#7993);
#7992 = CARTESIAN_POINT('',(2.82,-0.26920299558,1.85));
#7993 = VECTOR('',#7994,1.);
#7994 = DIRECTION('',(-1.224646799147E-16,-1.,0.));
#7995 = ORIENTED_EDGE('',*,*,#7996,.T.);
#7996 = EDGE_CURVE('',#7989,#7973,#7997,.T.);
#7997 = LINE('',#7998,#7999);
#7998 = CARTESIAN_POINT('',(2.035,-0.32,1.85));
#7999 = VECTOR('',#8000,1.);
#8000 = DIRECTION('',(-1.,1.224646799147E-16,0.));
#8001 = PLANE('',#8002);
#8002 = AXIS2_PLACEMENT_3D('',#8003,#8004,#8005);
#8003 = CARTESIAN_POINT('',(1.25,-0.575,1.85));
#8004 = DIRECTION('',(0.,0.,1.));
#8005 = DIRECTION('',(-1.,1.224646799147E-16,0.));
#8006 = ADVANCED_FACE('',(#8007),#8018,.F.);
#8007 = FACE_BOUND('',#8008,.F.);
#8008 = EDGE_LOOP('',(#8009,#8010,#8016,#8017));
#8009 = ORIENTED_EDGE('',*,*,#7551,.F.);
#8010 = ORIENTED_EDGE('',*,*,#8011,.T.);
#8011 = EDGE_CURVE('',#7544,#7374,#8012,.T.);
#8012 = LINE('',#8013,#8014);
#8013 = CARTESIAN_POINT('',(-0.5,2.35,6.1));
#8014 = VECTOR('',#8015,1.);
#8015 = DIRECTION('',(-1.224646799147E-16,-1.,0.));
#8016 = ORIENTED_EDGE('',*,*,#7381,.F.);
#8017 = ORIENTED_EDGE('',*,*,#7429,.F.);
#8018 = PLANE('',#8019);
#8019 = AXIS2_PLACEMENT_3D('',#8020,#8021,#8022);
#8020 = CARTESIAN_POINT('',(-0.5,2.35,6.1));
#8021 = DIRECTION('',(-1.,1.224646799147E-16,0.));
#8022 = DIRECTION('',(0.,0.,1.));
#8023 = ADVANCED_FACE('',(#8024),#8035,.F.);
#8024 = FACE_BOUND('',#8025,.F.);
#8025 = EDGE_LOOP('',(#8026,#8027,#8033,#8034));
#8026 = ORIENTED_EDGE('',*,*,#7543,.F.);
#8027 = ORIENTED_EDGE('',*,*,#8028,.T.);
#8028 = EDGE_CURVE('',#7536,#7366,#8029,.T.);
#8029 = LINE('',#8030,#8031);
#8030 = CARTESIAN_POINT('',(-0.25,2.35,5.85));
#8031 = VECTOR('',#8032,1.);
#8032 = DIRECTION('',(-1.224646799147E-16,-1.,0.));
#8033 = ORIENTED_EDGE('',*,*,#7373,.F.);
#8034 = ORIENTED_EDGE('',*,*,#8011,.F.);
#8035 = PLANE('',#8036);
#8036 = AXIS2_PLACEMENT_3D('',#8037,#8038,#8039);
#8037 = CARTESIAN_POINT('',(-0.25,2.35,5.85));
#8038 = DIRECTION('',(-0.707106781187,8.659560562349E-17,-0.707106781187
    ));
#8039 = DIRECTION('',(-0.707106781187,8.659560562349E-17,0.707106781187)
  );
#8040 = ADVANCED_FACE('',(#8041),#8052,.F.);
#8041 = FACE_BOUND('',#8042,.F.);
#8042 = EDGE_LOOP('',(#8043,#8044,#8050,#8051));
#8043 = ORIENTED_EDGE('',*,*,#7535,.F.);
#8044 = ORIENTED_EDGE('',*,*,#8045,.T.);
#8045 = EDGE_CURVE('',#7528,#7358,#8046,.T.);
#8046 = LINE('',#8047,#8048);
#8047 = CARTESIAN_POINT('',(-0.5,2.35,5.6));
#8048 = VECTOR('',#8049,1.);
#8049 = DIRECTION('',(-1.224646799147E-16,-1.,0.));
#8050 = ORIENTED_EDGE('',*,*,#7365,.F.);
#8051 = ORIENTED_EDGE('',*,*,#8028,.F.);
#8052 = PLANE('',#8053);
#8053 = AXIS2_PLACEMENT_3D('',#8054,#8055,#8056);
#8054 = CARTESIAN_POINT('',(-0.5,2.35,5.6));
#8055 = DIRECTION('',(-0.707106781187,8.659560562349E-17,0.707106781187)
  );
#8056 = DIRECTION('',(0.707106781187,-8.659560562349E-17,0.707106781187)
  );
#8057 = ADVANCED_FACE('',(#8058),#8069,.F.);
#8058 = FACE_BOUND('',#8059,.F.);
#8059 = EDGE_LOOP('',(#8060,#8061,#8067,#8068));
#8060 = ORIENTED_EDGE('',*,*,#7527,.F.);
#8061 = ORIENTED_EDGE('',*,*,#8062,.T.);
#8062 = EDGE_CURVE('',#7519,#7349,#8063,.T.);
#8063 = LINE('',#8064,#8065);
#8064 = CARTESIAN_POINT('',(-0.5,2.35,3.85));
#8065 = VECTOR('',#8066,1.);
#8066 = DIRECTION('',(-1.224646799147E-16,-1.,0.));
#8067 = ORIENTED_EDGE('',*,*,#7357,.F.);
#8068 = ORIENTED_EDGE('',*,*,#8045,.F.);
#8069 = PLANE('',#8070);
#8070 = AXIS2_PLACEMENT_3D('',#8071,#8072,#8073);
#8071 = CARTESIAN_POINT('',(-0.5,2.35,3.1));
#8072 = DIRECTION('',(-1.,1.224646799147E-16,0.));
#8073 = DIRECTION('',(0.,0.,1.));
#8074 = ADVANCED_FACE('',(#8075),#8086,.F.);
#8075 = FACE_BOUND('',#8076,.F.);
#8076 = EDGE_LOOP('',(#8077,#8078,#8079,#8080));
#8077 = ORIENTED_EDGE('',*,*,#7348,.F.);
#8078 = ORIENTED_EDGE('',*,*,#8062,.F.);
#8079 = ORIENTED_EDGE('',*,*,#7518,.F.);
#8080 = ORIENTED_EDGE('',*,*,#8081,.T.);
#8081 = EDGE_CURVE('',#7511,#7341,#8082,.T.);
#8082 = LINE('',#8083,#8084);
#8083 = CARTESIAN_POINT('',(0.25,2.35,3.1));
#8084 = VECTOR('',#8085,1.);
#8085 = DIRECTION('',(-1.224646799147E-16,-1.,0.));
#8086 = CYLINDRICAL_SURFACE('',#8087,0.75);
#8087 = AXIS2_PLACEMENT_3D('',#8088,#8089,#8090);
#8088 = CARTESIAN_POINT('',(0.25,2.35,3.85));
#8089 = DIRECTION('',(-1.224646799147E-16,-1.,0.));
#8090 = DIRECTION('',(-0.,0.,-1.));
#8091 = ADVANCED_FACE('',(#8092),#8103,.F.);
#8092 = FACE_BOUND('',#8093,.F.);
#8093 = EDGE_LOOP('',(#8094,#8095,#8096,#8102));
#8094 = ORIENTED_EDGE('',*,*,#8081,.F.);
#8095 = ORIENTED_EDGE('',*,*,#7510,.T.);
#8096 = ORIENTED_EDGE('',*,*,#8097,.T.);
#8097 = EDGE_CURVE('',#7502,#7332,#8098,.T.);
#8098 = LINE('',#8099,#8100);
#8099 = CARTESIAN_POINT('',(2.25,2.35,3.1));
#8100 = VECTOR('',#8101,1.);
#8101 = DIRECTION('',(-1.224646799147E-16,-1.,0.));
#8102 = ORIENTED_EDGE('',*,*,#7340,.F.);
#8103 = PLANE('',#8104);
#8104 = AXIS2_PLACEMENT_3D('',#8105,#8106,#8107);
#8105 = CARTESIAN_POINT('',(1.25,1.85,3.1));
#8106 = DIRECTION('',(1.288101310069E-46,1.051814540295E-30,-1.));
#8107 = DIRECTION('',(1.224646799147E-16,1.,1.051814540295E-30));
#8108 = ADVANCED_FACE('',(#8109),#8120,.F.);
#8109 = FACE_BOUND('',#8110,.F.);
#8110 = EDGE_LOOP('',(#8111,#8112,#8113,#8119));
#8111 = ORIENTED_EDGE('',*,*,#8097,.F.);
#8112 = ORIENTED_EDGE('',*,*,#7501,.T.);
#8113 = ORIENTED_EDGE('',*,*,#8114,.T.);
#8114 = EDGE_CURVE('',#7494,#7324,#8115,.T.);
#8115 = LINE('',#8116,#8117);
#8116 = CARTESIAN_POINT('',(3.,2.35,3.85));
#8117 = VECTOR('',#8118,1.);
#8118 = DIRECTION('',(-1.224646799147E-16,-1.,0.));
#8119 = ORIENTED_EDGE('',*,*,#7331,.F.);
#8120 = CYLINDRICAL_SURFACE('',#8121,0.75);
#8121 = AXIS2_PLACEMENT_3D('',#8122,#8123,#8124);
#8122 = CARTESIAN_POINT('',(2.25,2.35,3.85));
#8123 = DIRECTION('',(-1.224646799147E-16,-1.,0.));
#8124 = DIRECTION('',(0.,-0.,-1.));
#8125 = ADVANCED_FACE('',(#8126),#8137,.T.);
#8126 = FACE_BOUND('',#8127,.T.);
#8127 = EDGE_LOOP('',(#8128,#8129,#8130,#8131));
#8128 = ORIENTED_EDGE('',*,*,#7493,.F.);
#8129 = ORIENTED_EDGE('',*,*,#8114,.T.);
#8130 = ORIENTED_EDGE('',*,*,#7323,.F.);
#8131 = ORIENTED_EDGE('',*,*,#8132,.F.);
#8132 = EDGE_CURVE('',#7486,#7316,#8133,.T.);
#8133 = LINE('',#8134,#8135);
#8134 = CARTESIAN_POINT('',(3.,2.35,5.6));
#8135 = VECTOR('',#8136,1.);
#8136 = DIRECTION('',(-1.224646799147E-16,-1.,0.));
#8137 = PLANE('',#8138);
#8138 = AXIS2_PLACEMENT_3D('',#8139,#8140,#8141);
#8139 = CARTESIAN_POINT('',(3.,2.35,3.1));
#8140 = DIRECTION('',(-1.,1.224646799147E-16,0.));
#8141 = DIRECTION('',(0.,0.,1.));
#8142 = ADVANCED_FACE('',(#8143),#8154,.T.);
#8143 = FACE_BOUND('',#8144,.T.);
#8144 = EDGE_LOOP('',(#8145,#8146,#8147,#8148));
#8145 = ORIENTED_EDGE('',*,*,#7485,.F.);
#8146 = ORIENTED_EDGE('',*,*,#8132,.T.);
#8147 = ORIENTED_EDGE('',*,*,#7315,.F.);
#8148 = ORIENTED_EDGE('',*,*,#8149,.F.);
#8149 = EDGE_CURVE('',#7478,#7308,#8150,.T.);
#8150 = LINE('',#8151,#8152);
#8151 = CARTESIAN_POINT('',(2.75,2.35,5.85));
#8152 = VECTOR('',#8153,1.);
#8153 = DIRECTION('',(-1.224646799147E-16,-1.,0.));
#8154 = PLANE('',#8155);
#8155 = AXIS2_PLACEMENT_3D('',#8156,#8157,#8158);
#8156 = CARTESIAN_POINT('',(3.,2.35,5.6));
#8157 = DIRECTION('',(-0.707106781187,8.659560562349E-17,-0.707106781187
    ));
#8158 = DIRECTION('',(-0.707106781187,8.659560562349E-17,0.707106781187)
  );
#8159 = ADVANCED_FACE('',(#8160),#8171,.T.);
#8160 = FACE_BOUND('',#8161,.T.);
#8161 = EDGE_LOOP('',(#8162,#8163,#8164,#8165));
#8162 = ORIENTED_EDGE('',*,*,#7477,.F.);
#8163 = ORIENTED_EDGE('',*,*,#8149,.T.);
#8164 = ORIENTED_EDGE('',*,*,#7307,.F.);
#8165 = ORIENTED_EDGE('',*,*,#8166,.F.);
#8166 = EDGE_CURVE('',#7470,#7300,#8167,.T.);
#8167 = LINE('',#8168,#8169);
#8168 = CARTESIAN_POINT('',(3.,2.35,6.1));
#8169 = VECTOR('',#8170,1.);
#8170 = DIRECTION('',(-1.224646799147E-16,-1.,0.));
#8171 = PLANE('',#8172);
#8172 = AXIS2_PLACEMENT_3D('',#8173,#8174,#8175);
#8173 = CARTESIAN_POINT('',(2.75,2.35,5.85));
#8174 = DIRECTION('',(-0.707106781187,8.659560562349E-17,0.707106781187)
  );
#8175 = DIRECTION('',(0.707106781187,-8.659560562349E-17,0.707106781187)
  );
#8176 = ADVANCED_FACE('',(#8177),#8183,.T.);
#8177 = FACE_BOUND('',#8178,.T.);
#8178 = EDGE_LOOP('',(#8179,#8180,#8181,#8182));
#8179 = ORIENTED_EDGE('',*,*,#7469,.F.);
#8180 = ORIENTED_EDGE('',*,*,#8166,.T.);
#8181 = ORIENTED_EDGE('',*,*,#7299,.F.);
#8182 = ORIENTED_EDGE('',*,*,#7887,.F.);
#8183 = PLANE('',#8184);
#8184 = AXIS2_PLACEMENT_3D('',#8185,#8186,#8187);
#8185 = CARTESIAN_POINT('',(3.,2.35,6.1));
#8186 = DIRECTION('',(-1.,1.224646799147E-16,2.467162276945E-16));
#8187 = DIRECTION('',(2.467162276945E-16,-3.021402385438E-32,1.));
#8188 = ADVANCED_FACE('',(#8189),#8200,.F.);
#8189 = FACE_BOUND('',#8190,.F.);
#8190 = EDGE_LOOP('',(#8191,#8192,#8193,#8199));
#8191 = ORIENTED_EDGE('',*,*,#7600,.T.);
#8192 = ORIENTED_EDGE('',*,*,#7752,.T.);
#8193 = ORIENTED_EDGE('',*,*,#8194,.F.);
#8194 = EDGE_CURVE('',#7810,#7753,#8195,.T.);
#8195 = LINE('',#8196,#8197);
#8196 = CARTESIAN_POINT('',(3.25,0.5,0.3));
#8197 = VECTOR('',#8198,1.);
#8198 = DIRECTION('',(-1.,1.224646799147E-16,0.));
#8199 = ORIENTED_EDGE('',*,*,#7809,.F.);
#8200 = PLANE('',#8201);
#8201 = AXIS2_PLACEMENT_3D('',#8202,#8203,#8204);
#8202 = CARTESIAN_POINT('',(3.25,2.35,1.));
#8203 = DIRECTION('',(-4.33392824344E-17,-0.353892097416,0.935286257456)
  );
#8204 = DIRECTION('',(-1.14539532148E-16,-0.935286257456,-0.353892097416
    ));
#8205 = ADVANCED_FACE('',(#8206),#8217,.F.);
#8206 = FACE_BOUND('',#8207,.F.);
#8207 = EDGE_LOOP('',(#8208,#8209,#8210,#8216));
#8208 = ORIENTED_EDGE('',*,*,#7568,.T.);
#8209 = ORIENTED_EDGE('',*,*,#7647,.T.);
#8210 = ORIENTED_EDGE('',*,*,#8211,.F.);
#8211 = EDGE_CURVE('',#7705,#7648,#8212,.T.);
#8212 = LINE('',#8213,#8214);
#8213 = CARTESIAN_POINT('',(0.75,0.5,0.3));
#8214 = VECTOR('',#8215,1.);
#8215 = DIRECTION('',(-1.,1.224646799147E-16,0.));
#8216 = ORIENTED_EDGE('',*,*,#7704,.F.);
#8217 = PLANE('',#8218);
#8218 = AXIS2_PLACEMENT_3D('',#8219,#8220,#8221);
#8219 = CARTESIAN_POINT('',(0.75,2.35,1.));
#8220 = DIRECTION('',(-4.33392824344E-17,-0.353892097416,0.935286257456)
  );
#8221 = DIRECTION('',(-1.14539532148E-16,-0.935286257456,-0.353892097416
    ));
#8222 = ADVANCED_FACE('',(#8223,#8229),#8263,.F.);
#8223 = FACE_BOUND('',#8224,.F.);
#8224 = EDGE_LOOP('',(#8225,#8226,#8227,#8228));
#8225 = ORIENTED_EDGE('',*,*,#8211,.T.);
#8226 = ORIENTED_EDGE('',*,*,#7655,.T.);
#8227 = ORIENTED_EDGE('',*,*,#7679,.F.);
#8228 = ORIENTED_EDGE('',*,*,#7712,.F.);
#8229 = FACE_BOUND('',#8230,.F.);
#8230 = EDGE_LOOP('',(#8231,#8241,#8249,#8257));
#8231 = ORIENTED_EDGE('',*,*,#8232,.F.);
#8232 = EDGE_CURVE('',#8233,#8235,#8237,.T.);
#8233 = VERTEX_POINT('',#8234);
#8234 = CARTESIAN_POINT('',(-0.32,0.32,0.3));
#8235 = VERTEX_POINT('',#8236);
#8236 = CARTESIAN_POINT('',(-0.32,-0.32,0.3));
#8237 = LINE('',#8238,#8239);
#8238 = CARTESIAN_POINT('',(-0.32,0.26829700442,0.3));
#8239 = VECTOR('',#8240,1.);
#8240 = DIRECTION('',(-1.224646799147E-16,-1.,0.));
#8241 = ORIENTED_EDGE('',*,*,#8242,.T.);
#8242 = EDGE_CURVE('',#8233,#8243,#8245,.T.);
#8243 = VERTEX_POINT('',#8244);
#8244 = CARTESIAN_POINT('',(0.32,0.32,0.3));
#8245 = LINE('',#8246,#8247);
#8246 = CARTESIAN_POINT('',(0.535,0.32,0.3));
#8247 = VECTOR('',#8248,1.);
#8248 = DIRECTION('',(1.,-1.224646799147E-16,0.));
#8249 = ORIENTED_EDGE('',*,*,#8250,.T.);
#8250 = EDGE_CURVE('',#8243,#8251,#8253,.T.);
#8251 = VERTEX_POINT('',#8252);
#8252 = CARTESIAN_POINT('',(0.32,-0.32,0.3));
#8253 = LINE('',#8254,#8255);
#8254 = CARTESIAN_POINT('',(0.32,0.26829700442,0.3));
#8255 = VECTOR('',#8256,1.);
#8256 = DIRECTION('',(-1.224646799147E-16,-1.,0.));
#8257 = ORIENTED_EDGE('',*,*,#8258,.T.);
#8258 = EDGE_CURVE('',#8251,#8235,#8259,.T.);
#8259 = LINE('',#8260,#8261);
#8260 = CARTESIAN_POINT('',(0.535,-0.32,0.3));
#8261 = VECTOR('',#8262,1.);
#8262 = DIRECTION('',(-1.,1.224646799147E-16,0.));
#8263 = PLANE('',#8264);
#8264 = AXIS2_PLACEMENT_3D('',#8265,#8266,#8267);
#8265 = CARTESIAN_POINT('',(0.75,0.5,0.3));
#8266 = DIRECTION('',(0.,0.,1.));
#8267 = DIRECTION('',(-1.224646799147E-16,-1.,0.));
#8268 = ADVANCED_FACE('',(#8269,#8275),#8309,.F.);
#8269 = FACE_BOUND('',#8270,.F.);
#8270 = EDGE_LOOP('',(#8271,#8272,#8273,#8274));
#8271 = ORIENTED_EDGE('',*,*,#8194,.T.);
#8272 = ORIENTED_EDGE('',*,*,#7760,.T.);
#8273 = ORIENTED_EDGE('',*,*,#7784,.F.);
#8274 = ORIENTED_EDGE('',*,*,#7817,.F.);
#8275 = FACE_BOUND('',#8276,.F.);
#8276 = EDGE_LOOP('',(#8277,#8287,#8295,#8303));
#8277 = ORIENTED_EDGE('',*,*,#8278,.F.);
#8278 = EDGE_CURVE('',#8279,#8281,#8283,.T.);
#8279 = VERTEX_POINT('',#8280);
#8280 = CARTESIAN_POINT('',(2.18,0.32,0.3));
#8281 = VERTEX_POINT('',#8282);
#8282 = CARTESIAN_POINT('',(2.18,-0.32,0.3));
#8283 = LINE('',#8284,#8285);
#8284 = CARTESIAN_POINT('',(2.18,0.26829700442,0.3));
#8285 = VECTOR('',#8286,1.);
#8286 = DIRECTION('',(-1.224646799147E-16,-1.,0.));
#8287 = ORIENTED_EDGE('',*,*,#8288,.T.);
#8288 = EDGE_CURVE('',#8279,#8289,#8291,.T.);
#8289 = VERTEX_POINT('',#8290);
#8290 = CARTESIAN_POINT('',(2.82,0.32,0.3));
#8291 = LINE('',#8292,#8293);
#8292 = CARTESIAN_POINT('',(3.035,0.32,0.3));
#8293 = VECTOR('',#8294,1.);
#8294 = DIRECTION('',(1.,-1.224646799147E-16,0.));
#8295 = ORIENTED_EDGE('',*,*,#8296,.T.);
#8296 = EDGE_CURVE('',#8289,#8297,#8299,.T.);
#8297 = VERTEX_POINT('',#8298);
#8298 = CARTESIAN_POINT('',(2.82,-0.32,0.3));
#8299 = LINE('',#8300,#8301);
#8300 = CARTESIAN_POINT('',(2.82,0.26829700442,0.3));
#8301 = VECTOR('',#8302,1.);
#8302 = DIRECTION('',(-1.224646799147E-16,-1.,0.));
#8303 = ORIENTED_EDGE('',*,*,#8304,.T.);
#8304 = EDGE_CURVE('',#8297,#8281,#8305,.T.);
#8305 = LINE('',#8306,#8307);
#8306 = CARTESIAN_POINT('',(3.035,-0.32,0.3));
#8307 = VECTOR('',#8308,1.);
#8308 = DIRECTION('',(-1.,1.224646799147E-16,0.));
#8309 = PLANE('',#8310);
#8310 = AXIS2_PLACEMENT_3D('',#8311,#8312,#8313);
#8311 = CARTESIAN_POINT('',(3.25,0.5,0.3));
#8312 = DIRECTION('',(0.,0.,1.));
#8313 = DIRECTION('',(-1.224646799147E-16,-1.,0.));
#8314 = ADVANCED_FACE('',(#8315),#8340,.T.);
#8315 = FACE_BOUND('',#8316,.T.);
#8316 = EDGE_LOOP('',(#8317,#8318,#8326,#8334));
#8317 = ORIENTED_EDGE('',*,*,#7936,.T.);
#8318 = ORIENTED_EDGE('',*,*,#8319,.T.);
#8319 = EDGE_CURVE('',#7939,#8320,#8322,.T.);
#8320 = VERTEX_POINT('',#8321);
#8321 = CARTESIAN_POINT('',(-0.32,-0.32,6.3));
#8322 = LINE('',#8323,#8324);
#8323 = CARTESIAN_POINT('',(-0.32,-0.32,-0.9));
#8324 = VECTOR('',#8325,1.);
#8325 = DIRECTION('',(0.,0.,1.));
#8326 = ORIENTED_EDGE('',*,*,#8327,.T.);
#8327 = EDGE_CURVE('',#8320,#8328,#8330,.T.);
#8328 = VERTEX_POINT('',#8329);
#8329 = CARTESIAN_POINT('',(-0.32,0.32,6.3));
#8330 = LINE('',#8331,#8332);
#8331 = CARTESIAN_POINT('',(-0.32,-0.32,6.3));
#8332 = VECTOR('',#8333,1.);
#8333 = DIRECTION('',(1.224646799147E-16,1.,0.));
#8334 = ORIENTED_EDGE('',*,*,#8335,.T.);
#8335 = EDGE_CURVE('',#8328,#7937,#8336,.T.);
#8336 = LINE('',#8337,#8338);
#8337 = CARTESIAN_POINT('',(-0.32,0.32,6.5));
#8338 = VECTOR('',#8339,1.);
#8339 = DIRECTION('',(-0.,0.,-1.));
#8340 = PLANE('',#8341);
#8341 = AXIS2_PLACEMENT_3D('',#8342,#8343,#8344);
#8342 = CARTESIAN_POINT('',(-0.32,3.65940088399E-02,1.522832428212));
#8343 = DIRECTION('',(-1.,1.224646799147E-16,0.));
#8344 = DIRECTION('',(0.,0.,1.));
#8345 = ADVANCED_FACE('',(#8346),#8364,.F.);
#8346 = FACE_BOUND('',#8347,.F.);
#8347 = EDGE_LOOP('',(#8348,#8356,#8357,#8358));
#8348 = ORIENTED_EDGE('',*,*,#8349,.F.);
#8349 = EDGE_CURVE('',#7955,#8350,#8352,.T.);
#8350 = VERTEX_POINT('',#8351);
#8351 = CARTESIAN_POINT('',(0.32,-0.32,6.3));
#8352 = LINE('',#8353,#8354);
#8353 = CARTESIAN_POINT('',(0.32,-0.32,-0.9));
#8354 = VECTOR('',#8355,1.);
#8355 = DIRECTION('',(0.,0.,1.));
#8356 = ORIENTED_EDGE('',*,*,#7962,.T.);
#8357 = ORIENTED_EDGE('',*,*,#8319,.T.);
#8358 = ORIENTED_EDGE('',*,*,#8359,.F.);
#8359 = EDGE_CURVE('',#8350,#8320,#8360,.T.);
#8360 = LINE('',#8361,#8362);
#8361 = CARTESIAN_POINT('',(0.32,-0.32,6.3));
#8362 = VECTOR('',#8363,1.);
#8363 = DIRECTION('',(-1.,1.224646799147E-16,0.));
#8364 = PLANE('',#8365);
#8365 = AXIS2_PLACEMENT_3D('',#8366,#8367,#8368);
#8366 = CARTESIAN_POINT('',(0.32,-0.32,-0.9));
#8367 = DIRECTION('',(1.224646799147E-16,1.,0.));
#8368 = DIRECTION('',(0.,-0.,1.));
#8369 = ADVANCED_FACE('',(#8370),#8388,.F.);
#8370 = FACE_BOUND('',#8371,.F.);
#8371 = EDGE_LOOP('',(#8372,#8373,#8374,#8382));
#8372 = ORIENTED_EDGE('',*,*,#7954,.T.);
#8373 = ORIENTED_EDGE('',*,*,#8349,.T.);
#8374 = ORIENTED_EDGE('',*,*,#8375,.T.);
#8375 = EDGE_CURVE('',#8350,#8376,#8378,.T.);
#8376 = VERTEX_POINT('',#8377);
#8377 = CARTESIAN_POINT('',(0.32,0.32,6.3));
#8378 = LINE('',#8379,#8380);
#8379 = CARTESIAN_POINT('',(0.32,-0.32,6.3));
#8380 = VECTOR('',#8381,1.);
#8381 = DIRECTION('',(1.224646799147E-16,1.,0.));
#8382 = ORIENTED_EDGE('',*,*,#8383,.T.);
#8383 = EDGE_CURVE('',#8376,#7947,#8384,.T.);
#8384 = LINE('',#8385,#8386);
#8385 = CARTESIAN_POINT('',(0.32,0.32,6.5));
#8386 = VECTOR('',#8387,1.);
#8387 = DIRECTION('',(-0.,0.,-1.));
#8388 = PLANE('',#8389);
#8389 = AXIS2_PLACEMENT_3D('',#8390,#8391,#8392);
#8390 = CARTESIAN_POINT('',(0.32,3.65940088399E-02,1.522832428212));
#8391 = DIRECTION('',(-1.,1.224646799147E-16,0.));
#8392 = DIRECTION('',(0.,0.,1.));
#8393 = ADVANCED_FACE('',(#8394),#8405,.F.);
#8394 = FACE_BOUND('',#8395,.F.);
#8395 = EDGE_LOOP('',(#8396,#8397,#8403,#8404));
#8396 = ORIENTED_EDGE('',*,*,#8383,.F.);
#8397 = ORIENTED_EDGE('',*,*,#8398,.T.);
#8398 = EDGE_CURVE('',#8376,#8328,#8399,.T.);
#8399 = LINE('',#8400,#8401);
#8400 = CARTESIAN_POINT('',(0.32,0.32,6.3));
#8401 = VECTOR('',#8402,1.);
#8402 = DIRECTION('',(-1.,1.224646799147E-16,0.));
#8403 = ORIENTED_EDGE('',*,*,#8335,.T.);
#8404 = ORIENTED_EDGE('',*,*,#7946,.T.);
#8405 = PLANE('',#8406);
#8406 = AXIS2_PLACEMENT_3D('',#8407,#8408,#8409);
#8407 = CARTESIAN_POINT('',(0.32,0.32,6.5));
#8408 = DIRECTION('',(-1.224646799147E-16,-1.,0.));
#8409 = DIRECTION('',(-0.,0.,-1.));
#8410 = ADVANCED_FACE('',(#8411),#8436,.T.);
#8411 = FACE_BOUND('',#8412,.T.);
#8412 = EDGE_LOOP('',(#8413,#8414,#8422,#8430));
#8413 = ORIENTED_EDGE('',*,*,#7970,.T.);
#8414 = ORIENTED_EDGE('',*,*,#8415,.T.);
#8415 = EDGE_CURVE('',#7973,#8416,#8418,.T.);
#8416 = VERTEX_POINT('',#8417);
#8417 = CARTESIAN_POINT('',(2.18,-0.32,6.3));
#8418 = LINE('',#8419,#8420);
#8419 = CARTESIAN_POINT('',(2.18,-0.32,-0.9));
#8420 = VECTOR('',#8421,1.);
#8421 = DIRECTION('',(0.,0.,1.));
#8422 = ORIENTED_EDGE('',*,*,#8423,.T.);
#8423 = EDGE_CURVE('',#8416,#8424,#8426,.T.);
#8424 = VERTEX_POINT('',#8425);
#8425 = CARTESIAN_POINT('',(2.18,0.32,6.3));
#8426 = LINE('',#8427,#8428);
#8427 = CARTESIAN_POINT('',(2.18,-0.32,6.3));
#8428 = VECTOR('',#8429,1.);
#8429 = DIRECTION('',(1.224646799147E-16,1.,0.));
#8430 = ORIENTED_EDGE('',*,*,#8431,.T.);
#8431 = EDGE_CURVE('',#8424,#7971,#8432,.T.);
#8432 = LINE('',#8433,#8434);
#8433 = CARTESIAN_POINT('',(2.18,0.32,6.5));
#8434 = VECTOR('',#8435,1.);
#8435 = DIRECTION('',(-0.,0.,-1.));
#8436 = PLANE('',#8437);
#8437 = AXIS2_PLACEMENT_3D('',#8438,#8439,#8440);
#8438 = CARTESIAN_POINT('',(2.18,3.65940088399E-02,1.522832428212));
#8439 = DIRECTION('',(-1.,1.224646799147E-16,0.));
#8440 = DIRECTION('',(0.,0.,1.));
#8441 = ADVANCED_FACE('',(#8442),#8460,.F.);
#8442 = FACE_BOUND('',#8443,.F.);
#8443 = EDGE_LOOP('',(#8444,#8452,#8453,#8454));
#8444 = ORIENTED_EDGE('',*,*,#8445,.F.);
#8445 = EDGE_CURVE('',#7989,#8446,#8448,.T.);
#8446 = VERTEX_POINT('',#8447);
#8447 = CARTESIAN_POINT('',(2.82,-0.32,6.3));
#8448 = LINE('',#8449,#8450);
#8449 = CARTESIAN_POINT('',(2.82,-0.32,-0.9));
#8450 = VECTOR('',#8451,1.);
#8451 = DIRECTION('',(0.,0.,1.));
#8452 = ORIENTED_EDGE('',*,*,#7996,.T.);
#8453 = ORIENTED_EDGE('',*,*,#8415,.T.);
#8454 = ORIENTED_EDGE('',*,*,#8455,.F.);
#8455 = EDGE_CURVE('',#8446,#8416,#8456,.T.);
#8456 = LINE('',#8457,#8458);
#8457 = CARTESIAN_POINT('',(2.82,-0.32,6.3));
#8458 = VECTOR('',#8459,1.);
#8459 = DIRECTION('',(-1.,1.224646799147E-16,0.));
#8460 = PLANE('',#8461);
#8461 = AXIS2_PLACEMENT_3D('',#8462,#8463,#8464);
#8462 = CARTESIAN_POINT('',(2.82,-0.32,-0.9));
#8463 = DIRECTION('',(1.224646799147E-16,1.,0.));
#8464 = DIRECTION('',(0.,-0.,1.));
#8465 = ADVANCED_FACE('',(#8466),#8484,.F.);
#8466 = FACE_BOUND('',#8467,.F.);
#8467 = EDGE_LOOP('',(#8468,#8469,#8470,#8478));
#8468 = ORIENTED_EDGE('',*,*,#7988,.T.);
#8469 = ORIENTED_EDGE('',*,*,#8445,.T.);
#8470 = ORIENTED_EDGE('',*,*,#8471,.T.);
#8471 = EDGE_CURVE('',#8446,#8472,#8474,.T.);
#8472 = VERTEX_POINT('',#8473);
#8473 = CARTESIAN_POINT('',(2.82,0.32,6.3));
#8474 = LINE('',#8475,#8476);
#8475 = CARTESIAN_POINT('',(2.82,-0.32,6.3));
#8476 = VECTOR('',#8477,1.);
#8477 = DIRECTION('',(1.224646799147E-16,1.,0.));
#8478 = ORIENTED_EDGE('',*,*,#8479,.T.);
#8479 = EDGE_CURVE('',#8472,#7981,#8480,.T.);
#8480 = LINE('',#8481,#8482);
#8481 = CARTESIAN_POINT('',(2.82,0.32,6.5));
#8482 = VECTOR('',#8483,1.);
#8483 = DIRECTION('',(-0.,0.,-1.));
#8484 = PLANE('',#8485);
#8485 = AXIS2_PLACEMENT_3D('',#8486,#8487,#8488);
#8486 = CARTESIAN_POINT('',(2.82,3.65940088399E-02,1.522832428212));
#8487 = DIRECTION('',(-1.,1.224646799147E-16,0.));
#8488 = DIRECTION('',(0.,0.,1.));
#8489 = ADVANCED_FACE('',(#8490),#8501,.F.);
#8490 = FACE_BOUND('',#8491,.F.);
#8491 = EDGE_LOOP('',(#8492,#8493,#8499,#8500));
#8492 = ORIENTED_EDGE('',*,*,#8479,.F.);
#8493 = ORIENTED_EDGE('',*,*,#8494,.T.);
#8494 = EDGE_CURVE('',#8472,#8424,#8495,.T.);
#8495 = LINE('',#8496,#8497);
#8496 = CARTESIAN_POINT('',(2.82,0.32,6.3));
#8497 = VECTOR('',#8498,1.);
#8498 = DIRECTION('',(-1.,1.224646799147E-16,0.));
#8499 = ORIENTED_EDGE('',*,*,#8431,.T.);
#8500 = ORIENTED_EDGE('',*,*,#7980,.T.);
#8501 = PLANE('',#8502);
#8502 = AXIS2_PLACEMENT_3D('',#8503,#8504,#8505);
#8503 = CARTESIAN_POINT('',(2.82,0.32,6.5));
#8504 = DIRECTION('',(-1.224646799147E-16,-1.,0.));
#8505 = DIRECTION('',(-0.,0.,-1.));
#8506 = ADVANCED_FACE('',(#8507),#8564,.T.);
#8507 = FACE_BOUND('',#8508,.T.);
#8508 = EDGE_LOOP('',(#8509,#8519,#8527,#8535,#8541,#8542,#8550,#8558));
#8509 = ORIENTED_EDGE('',*,*,#8510,.T.);
#8510 = EDGE_CURVE('',#8511,#8513,#8515,.T.);
#8511 = VERTEX_POINT('',#8512);
#8512 = CARTESIAN_POINT('',(-0.32,0.351578947368,-3.2));
#8513 = VERTEX_POINT('',#8514);
#8514 = CARTESIAN_POINT('',(-0.32,-0.288421052632,-3.2));
#8515 = LINE('',#8516,#8517);
#8516 = CARTESIAN_POINT('',(-0.32,0.32,-3.2));
#8517 = VECTOR('',#8518,1.);
#8518 = DIRECTION('',(-1.224646799147E-16,-1.,0.));
#8519 = ORIENTED_EDGE('',*,*,#8520,.T.);
#8520 = EDGE_CURVE('',#8513,#8521,#8523,.T.);
#8521 = VERTEX_POINT('',#8522);
#8522 = CARTESIAN_POINT('',(-0.32,-2.E-02,-1.5));
#8523 = LINE('',#8524,#8525);
#8524 = CARTESIAN_POINT('',(-0.32,-0.32,-3.4));
#8525 = VECTOR('',#8526,1.);
#8526 = DIRECTION('',(1.909990663905E-17,0.155962573473,0.987762965329)
  );
#8527 = ORIENTED_EDGE('',*,*,#8528,.T.);
#8528 = EDGE_CURVE('',#8521,#8529,#8531,.T.);
#8529 = VERTEX_POINT('',#8530);
#8530 = CARTESIAN_POINT('',(-0.32,-0.32,-0.9));
#8531 = LINE('',#8532,#8533);
#8532 = CARTESIAN_POINT('',(-0.32,-2.E-02,-1.5));
#8533 = VECTOR('',#8534,1.);
#8534 = DIRECTION('',(-5.476786982641E-17,-0.4472135955,0.894427191));
#8535 = ORIENTED_EDGE('',*,*,#8536,.T.);
#8536 = EDGE_CURVE('',#8529,#8235,#8537,.T.);
#8537 = LINE('',#8538,#8539);
#8538 = CARTESIAN_POINT('',(-0.32,-0.32,-0.9));
#8539 = VECTOR('',#8540,1.);
#8540 = DIRECTION('',(0.,0.,1.));
#8541 = ORIENTED_EDGE('',*,*,#8232,.F.);
#8542 = ORIENTED_EDGE('',*,*,#8543,.T.);
#8543 = EDGE_CURVE('',#8233,#8544,#8546,.T.);
#8544 = VERTEX_POINT('',#8545);
#8545 = CARTESIAN_POINT('',(-0.32,0.32,-0.9));
#8546 = LINE('',#8547,#8548);
#8547 = CARTESIAN_POINT('',(-0.32,0.32,6.5));
#8548 = VECTOR('',#8549,1.);
#8549 = DIRECTION('',(-0.,0.,-1.));
#8550 = ORIENTED_EDGE('',*,*,#8551,.T.);
#8551 = EDGE_CURVE('',#8544,#8552,#8554,.T.);
#8552 = VERTEX_POINT('',#8553);
#8553 = CARTESIAN_POINT('',(-0.32,0.62,-1.5));
#8554 = LINE('',#8555,#8556);
#8555 = CARTESIAN_POINT('',(-0.32,0.32,-0.9));
#8556 = VECTOR('',#8557,1.);
#8557 = DIRECTION('',(5.476786982641E-17,0.4472135955,-0.894427191));
#8558 = ORIENTED_EDGE('',*,*,#8559,.T.);
#8559 = EDGE_CURVE('',#8552,#8511,#8560,.T.);
#8560 = LINE('',#8561,#8562);
#8561 = CARTESIAN_POINT('',(-0.32,0.62,-1.5));
#8562 = VECTOR('',#8563,1.);
#8563 = DIRECTION('',(-1.909990663905E-17,-0.155962573473,
    -0.987762965329));
#8564 = PLANE('',#8565);
#8565 = AXIS2_PLACEMENT_3D('',#8566,#8567,#8568);
#8566 = CARTESIAN_POINT('',(-0.32,3.65940088399E-02,1.522832428212));
#8567 = DIRECTION('',(-1.,1.224646799147E-16,0.));
#8568 = DIRECTION('',(0.,0.,1.));
#8569 = ADVANCED_FACE('',(#8570),#8588,.F.);
#8570 = FACE_BOUND('',#8571,.F.);
#8571 = EDGE_LOOP('',(#8572,#8580,#8586,#8587));
#8572 = ORIENTED_EDGE('',*,*,#8573,.F.);
#8573 = EDGE_CURVE('',#8574,#8251,#8576,.T.);
#8574 = VERTEX_POINT('',#8575);
#8575 = CARTESIAN_POINT('',(0.32,-0.32,-0.9));
#8576 = LINE('',#8577,#8578);
#8577 = CARTESIAN_POINT('',(0.32,-0.32,-0.9));
#8578 = VECTOR('',#8579,1.);
#8579 = DIRECTION('',(0.,0.,1.));
#8580 = ORIENTED_EDGE('',*,*,#8581,.T.);
#8581 = EDGE_CURVE('',#8574,#8529,#8582,.T.);
#8582 = LINE('',#8583,#8584);
#8583 = CARTESIAN_POINT('',(0.32,-0.32,-0.9));
#8584 = VECTOR('',#8585,1.);
#8585 = DIRECTION('',(-1.,1.224646799147E-16,0.));
#8586 = ORIENTED_EDGE('',*,*,#8536,.T.);
#8587 = ORIENTED_EDGE('',*,*,#8258,.F.);
#8588 = PLANE('',#8589);
#8589 = AXIS2_PLACEMENT_3D('',#8590,#8591,#8592);
#8590 = CARTESIAN_POINT('',(0.32,-0.32,-0.9));
#8591 = DIRECTION('',(1.224646799147E-16,1.,0.));
#8592 = DIRECTION('',(0.,-0.,1.));
#8593 = ADVANCED_FACE('',(#8594),#8644,.F.);
#8594 = FACE_BOUND('',#8595,.F.);
#8595 = EDGE_LOOP('',(#8596,#8606,#8614,#8620,#8621,#8622,#8630,#8638));
#8596 = ORIENTED_EDGE('',*,*,#8597,.T.);
#8597 = EDGE_CURVE('',#8598,#8600,#8602,.T.);
#8598 = VERTEX_POINT('',#8599);
#8599 = CARTESIAN_POINT('',(0.32,0.351578947368,-3.2));
#8600 = VERTEX_POINT('',#8601);
#8601 = CARTESIAN_POINT('',(0.32,-0.288421052632,-3.2));
#8602 = LINE('',#8603,#8604);
#8603 = CARTESIAN_POINT('',(0.32,0.32,-3.2));
#8604 = VECTOR('',#8605,1.);
#8605 = DIRECTION('',(-1.224646799147E-16,-1.,0.));
#8606 = ORIENTED_EDGE('',*,*,#8607,.T.);
#8607 = EDGE_CURVE('',#8600,#8608,#8610,.T.);
#8608 = VERTEX_POINT('',#8609);
#8609 = CARTESIAN_POINT('',(0.32,-2.E-02,-1.5));
#8610 = LINE('',#8611,#8612);
#8611 = CARTESIAN_POINT('',(0.32,-0.32,-3.4));
#8612 = VECTOR('',#8613,1.);
#8613 = DIRECTION('',(1.909990663905E-17,0.155962573473,0.987762965329)
  );
#8614 = ORIENTED_EDGE('',*,*,#8615,.T.);
#8615 = EDGE_CURVE('',#8608,#8574,#8616,.T.);
#8616 = LINE('',#8617,#8618);
#8617 = CARTESIAN_POINT('',(0.32,-2.E-02,-1.5));
#8618 = VECTOR('',#8619,1.);
#8619 = DIRECTION('',(-5.476786982641E-17,-0.4472135955,0.894427191));
#8620 = ORIENTED_EDGE('',*,*,#8573,.T.);
#8621 = ORIENTED_EDGE('',*,*,#8250,.F.);
#8622 = ORIENTED_EDGE('',*,*,#8623,.T.);
#8623 = EDGE_CURVE('',#8243,#8624,#8626,.T.);
#8624 = VERTEX_POINT('',#8625);
#8625 = CARTESIAN_POINT('',(0.32,0.32,-0.9));
#8626 = LINE('',#8627,#8628);
#8627 = CARTESIAN_POINT('',(0.32,0.32,6.5));
#8628 = VECTOR('',#8629,1.);
#8629 = DIRECTION('',(-0.,0.,-1.));
#8630 = ORIENTED_EDGE('',*,*,#8631,.T.);
#8631 = EDGE_CURVE('',#8624,#8632,#8634,.T.);
#8632 = VERTEX_POINT('',#8633);
#8633 = CARTESIAN_POINT('',(0.32,0.62,-1.5));
#8634 = LINE('',#8635,#8636);
#8635 = CARTESIAN_POINT('',(0.32,0.32,-0.9));
#8636 = VECTOR('',#8637,1.);
#8637 = DIRECTION('',(5.476786982641E-17,0.4472135955,-0.894427191));
#8638 = ORIENTED_EDGE('',*,*,#8639,.T.);
#8639 = EDGE_CURVE('',#8632,#8598,#8640,.T.);
#8640 = LINE('',#8641,#8642);
#8641 = CARTESIAN_POINT('',(0.32,0.62,-1.5));
#8642 = VECTOR('',#8643,1.);
#8643 = DIRECTION('',(-1.909990663905E-17,-0.155962573473,
    -0.987762965329));
#8644 = PLANE('',#8645);
#8645 = AXIS2_PLACEMENT_3D('',#8646,#8647,#8648);
#8646 = CARTESIAN_POINT('',(0.32,3.65940088399E-02,1.522832428212));
#8647 = DIRECTION('',(-1.,1.224646799147E-16,0.));
#8648 = DIRECTION('',(0.,0.,1.));
#8649 = ADVANCED_FACE('',(#8650),#8661,.F.);
#8650 = FACE_BOUND('',#8651,.F.);
#8651 = EDGE_LOOP('',(#8652,#8653,#8654,#8655));
#8652 = ORIENTED_EDGE('',*,*,#8623,.F.);
#8653 = ORIENTED_EDGE('',*,*,#8242,.F.);
#8654 = ORIENTED_EDGE('',*,*,#8543,.T.);
#8655 = ORIENTED_EDGE('',*,*,#8656,.F.);
#8656 = EDGE_CURVE('',#8624,#8544,#8657,.T.);
#8657 = LINE('',#8658,#8659);
#8658 = CARTESIAN_POINT('',(0.32,0.32,-0.9));
#8659 = VECTOR('',#8660,1.);
#8660 = DIRECTION('',(-1.,1.224646799147E-16,0.));
#8661 = PLANE('',#8662);
#8662 = AXIS2_PLACEMENT_3D('',#8663,#8664,#8665);
#8663 = CARTESIAN_POINT('',(0.32,0.32,6.5));
#8664 = DIRECTION('',(-1.224646799147E-16,-1.,0.));
#8665 = DIRECTION('',(-0.,0.,-1.));
#8666 = ADVANCED_FACE('',(#8667),#8724,.T.);
#8667 = FACE_BOUND('',#8668,.T.);
#8668 = EDGE_LOOP('',(#8669,#8679,#8687,#8695,#8701,#8702,#8710,#8718));
#8669 = ORIENTED_EDGE('',*,*,#8670,.T.);
#8670 = EDGE_CURVE('',#8671,#8673,#8675,.T.);
#8671 = VERTEX_POINT('',#8672);
#8672 = CARTESIAN_POINT('',(2.18,0.351578947368,-3.2));
#8673 = VERTEX_POINT('',#8674);
#8674 = CARTESIAN_POINT('',(2.18,-0.288421052632,-3.2));
#8675 = LINE('',#8676,#8677);
#8676 = CARTESIAN_POINT('',(2.18,0.32,-3.2));
#8677 = VECTOR('',#8678,1.);
#8678 = DIRECTION('',(-1.224646799147E-16,-1.,0.));
#8679 = ORIENTED_EDGE('',*,*,#8680,.T.);
#8680 = EDGE_CURVE('',#8673,#8681,#8683,.T.);
#8681 = VERTEX_POINT('',#8682);
#8682 = CARTESIAN_POINT('',(2.18,-2.E-02,-1.5));
#8683 = LINE('',#8684,#8685);
#8684 = CARTESIAN_POINT('',(2.18,-0.32,-3.4));
#8685 = VECTOR('',#8686,1.);
#8686 = DIRECTION('',(1.909990663905E-17,0.155962573473,0.987762965329)
  );
#8687 = ORIENTED_EDGE('',*,*,#8688,.T.);
#8688 = EDGE_CURVE('',#8681,#8689,#8691,.T.);
#8689 = VERTEX_POINT('',#8690);
#8690 = CARTESIAN_POINT('',(2.18,-0.32,-0.9));
#8691 = LINE('',#8692,#8693);
#8692 = CARTESIAN_POINT('',(2.18,-2.E-02,-1.5));
#8693 = VECTOR('',#8694,1.);
#8694 = DIRECTION('',(-5.476786982641E-17,-0.4472135955,0.894427191));
#8695 = ORIENTED_EDGE('',*,*,#8696,.T.);
#8696 = EDGE_CURVE('',#8689,#8281,#8697,.T.);
#8697 = LINE('',#8698,#8699);
#8698 = CARTESIAN_POINT('',(2.18,-0.32,-0.9));
#8699 = VECTOR('',#8700,1.);
#8700 = DIRECTION('',(0.,0.,1.));
#8701 = ORIENTED_EDGE('',*,*,#8278,.F.);
#8702 = ORIENTED_EDGE('',*,*,#8703,.T.);
#8703 = EDGE_CURVE('',#8279,#8704,#8706,.T.);
#8704 = VERTEX_POINT('',#8705);
#8705 = CARTESIAN_POINT('',(2.18,0.32,-0.9));
#8706 = LINE('',#8707,#8708);
#8707 = CARTESIAN_POINT('',(2.18,0.32,6.5));
#8708 = VECTOR('',#8709,1.);
#8709 = DIRECTION('',(-0.,0.,-1.));
#8710 = ORIENTED_EDGE('',*,*,#8711,.T.);
#8711 = EDGE_CURVE('',#8704,#8712,#8714,.T.);
#8712 = VERTEX_POINT('',#8713);
#8713 = CARTESIAN_POINT('',(2.18,0.62,-1.5));
#8714 = LINE('',#8715,#8716);
#8715 = CARTESIAN_POINT('',(2.18,0.32,-0.9));
#8716 = VECTOR('',#8717,1.);
#8717 = DIRECTION('',(5.476786982641E-17,0.4472135955,-0.894427191));
#8718 = ORIENTED_EDGE('',*,*,#8719,.T.);
#8719 = EDGE_CURVE('',#8712,#8671,#8720,.T.);
#8720 = LINE('',#8721,#8722);
#8721 = CARTESIAN_POINT('',(2.18,0.62,-1.5));
#8722 = VECTOR('',#8723,1.);
#8723 = DIRECTION('',(-1.909990663905E-17,-0.155962573473,
    -0.987762965329));
#8724 = PLANE('',#8725);
#8725 = AXIS2_PLACEMENT_3D('',#8726,#8727,#8728);
#8726 = CARTESIAN_POINT('',(2.18,3.65940088399E-02,1.522832428212));
#8727 = DIRECTION('',(-1.,1.224646799147E-16,0.));
#8728 = DIRECTION('',(0.,0.,1.));
#8729 = ADVANCED_FACE('',(#8730),#8748,.F.);
#8730 = FACE_BOUND('',#8731,.F.);
#8731 = EDGE_LOOP('',(#8732,#8740,#8746,#8747));
#8732 = ORIENTED_EDGE('',*,*,#8733,.F.);
#8733 = EDGE_CURVE('',#8734,#8297,#8736,.T.);
#8734 = VERTEX_POINT('',#8735);
#8735 = CARTESIAN_POINT('',(2.82,-0.32,-0.9));
#8736 = LINE('',#8737,#8738);
#8737 = CARTESIAN_POINT('',(2.82,-0.32,-0.9));
#8738 = VECTOR('',#8739,1.);
#8739 = DIRECTION('',(0.,0.,1.));
#8740 = ORIENTED_EDGE('',*,*,#8741,.T.);
#8741 = EDGE_CURVE('',#8734,#8689,#8742,.T.);
#8742 = LINE('',#8743,#8744);
#8743 = CARTESIAN_POINT('',(2.82,-0.32,-0.9));
#8744 = VECTOR('',#8745,1.);
#8745 = DIRECTION('',(-1.,1.224646799147E-16,0.));
#8746 = ORIENTED_EDGE('',*,*,#8696,.T.);
#8747 = ORIENTED_EDGE('',*,*,#8304,.F.);
#8748 = PLANE('',#8749);
#8749 = AXIS2_PLACEMENT_3D('',#8750,#8751,#8752);
#8750 = CARTESIAN_POINT('',(2.82,-0.32,-0.9));
#8751 = DIRECTION('',(1.224646799147E-16,1.,0.));
#8752 = DIRECTION('',(0.,-0.,1.));
#8753 = ADVANCED_FACE('',(#8754),#8804,.F.);
#8754 = FACE_BOUND('',#8755,.F.);
#8755 = EDGE_LOOP('',(#8756,#8766,#8774,#8780,#8781,#8782,#8790,#8798));
#8756 = ORIENTED_EDGE('',*,*,#8757,.T.);
#8757 = EDGE_CURVE('',#8758,#8760,#8762,.T.);
#8758 = VERTEX_POINT('',#8759);
#8759 = CARTESIAN_POINT('',(2.82,0.351578947368,-3.2));
#8760 = VERTEX_POINT('',#8761);
#8761 = CARTESIAN_POINT('',(2.82,-0.288421052632,-3.2));
#8762 = LINE('',#8763,#8764);
#8763 = CARTESIAN_POINT('',(2.82,0.32,-3.2));
#8764 = VECTOR('',#8765,1.);
#8765 = DIRECTION('',(-1.224646799147E-16,-1.,0.));
#8766 = ORIENTED_EDGE('',*,*,#8767,.T.);
#8767 = EDGE_CURVE('',#8760,#8768,#8770,.T.);
#8768 = VERTEX_POINT('',#8769);
#8769 = CARTESIAN_POINT('',(2.82,-2.E-02,-1.5));
#8770 = LINE('',#8771,#8772);
#8771 = CARTESIAN_POINT('',(2.82,-0.32,-3.4));
#8772 = VECTOR('',#8773,1.);
#8773 = DIRECTION('',(1.909990663905E-17,0.155962573473,0.987762965329)
  );
#8774 = ORIENTED_EDGE('',*,*,#8775,.T.);
#8775 = EDGE_CURVE('',#8768,#8734,#8776,.T.);
#8776 = LINE('',#8777,#8778);
#8777 = CARTESIAN_POINT('',(2.82,-2.E-02,-1.5));
#8778 = VECTOR('',#8779,1.);
#8779 = DIRECTION('',(-5.476786982641E-17,-0.4472135955,0.894427191));
#8780 = ORIENTED_EDGE('',*,*,#8733,.T.);
#8781 = ORIENTED_EDGE('',*,*,#8296,.F.);
#8782 = ORIENTED_EDGE('',*,*,#8783,.T.);
#8783 = EDGE_CURVE('',#8289,#8784,#8786,.T.);
#8784 = VERTEX_POINT('',#8785);
#8785 = CARTESIAN_POINT('',(2.82,0.32,-0.9));
#8786 = LINE('',#8787,#8788);
#8787 = CARTESIAN_POINT('',(2.82,0.32,6.5));
#8788 = VECTOR('',#8789,1.);
#8789 = DIRECTION('',(-0.,0.,-1.));
#8790 = ORIENTED_EDGE('',*,*,#8791,.T.);
#8791 = EDGE_CURVE('',#8784,#8792,#8794,.T.);
#8792 = VERTEX_POINT('',#8793);
#8793 = CARTESIAN_POINT('',(2.82,0.62,-1.5));
#8794 = LINE('',#8795,#8796);
#8795 = CARTESIAN_POINT('',(2.82,0.32,-0.9));
#8796 = VECTOR('',#8797,1.);
#8797 = DIRECTION('',(5.476786982641E-17,0.4472135955,-0.894427191));
#8798 = ORIENTED_EDGE('',*,*,#8799,.T.);
#8799 = EDGE_CURVE('',#8792,#8758,#8800,.T.);
#8800 = LINE('',#8801,#8802);
#8801 = CARTESIAN_POINT('',(2.82,0.62,-1.5));
#8802 = VECTOR('',#8803,1.);
#8803 = DIRECTION('',(-1.909990663905E-17,-0.155962573473,
    -0.987762965329));
#8804 = PLANE('',#8805);
#8805 = AXIS2_PLACEMENT_3D('',#8806,#8807,#8808);
#8806 = CARTESIAN_POINT('',(2.82,3.65940088399E-02,1.522832428212));
#8807 = DIRECTION('',(-1.,1.224646799147E-16,0.));
#8808 = DIRECTION('',(0.,0.,1.));
#8809 = ADVANCED_FACE('',(#8810),#8821,.F.);
#8810 = FACE_BOUND('',#8811,.F.);
#8811 = EDGE_LOOP('',(#8812,#8813,#8814,#8815));
#8812 = ORIENTED_EDGE('',*,*,#8783,.F.);
#8813 = ORIENTED_EDGE('',*,*,#8288,.F.);
#8814 = ORIENTED_EDGE('',*,*,#8703,.T.);
#8815 = ORIENTED_EDGE('',*,*,#8816,.F.);
#8816 = EDGE_CURVE('',#8784,#8704,#8817,.T.);
#8817 = LINE('',#8818,#8819);
#8818 = CARTESIAN_POINT('',(2.82,0.32,-0.9));
#8819 = VECTOR('',#8820,1.);
#8820 = DIRECTION('',(-1.,1.224646799147E-16,0.));
#8821 = PLANE('',#8822);
#8822 = AXIS2_PLACEMENT_3D('',#8823,#8824,#8825);
#8823 = CARTESIAN_POINT('',(2.82,0.32,6.5));
#8824 = DIRECTION('',(-1.224646799147E-16,-1.,0.));
#8825 = DIRECTION('',(-0.,0.,-1.));
#8826 = ADVANCED_FACE('',(#8827),#8852,.F.);
#8827 = FACE_BOUND('',#8828,.T.);
#8828 = EDGE_LOOP('',(#8829,#8837,#8845,#8851));
#8829 = ORIENTED_EDGE('',*,*,#8830,.F.);
#8830 = EDGE_CURVE('',#8831,#8320,#8833,.T.);
#8831 = VERTEX_POINT('',#8832);
#8832 = CARTESIAN_POINT('',(-0.12,-0.12,6.5));
#8833 = LINE('',#8834,#8835);
#8834 = CARTESIAN_POINT('',(-0.146666666667,-0.146666666667,
    6.473333333333));
#8835 = VECTOR('',#8836,1.);
#8836 = DIRECTION('',(-0.57735026919,-0.57735026919,-0.57735026919));
#8837 = ORIENTED_EDGE('',*,*,#8838,.T.);
#8838 = EDGE_CURVE('',#8831,#8839,#8841,.T.);
#8839 = VERTEX_POINT('',#8840);
#8840 = CARTESIAN_POINT('',(-0.12,0.12,6.5));
#8841 = LINE('',#8842,#8843);
#8842 = CARTESIAN_POINT('',(-0.12,-0.32,6.5));
#8843 = VECTOR('',#8844,1.);
#8844 = DIRECTION('',(1.224646799147E-16,1.,0.));
#8845 = ORIENTED_EDGE('',*,*,#8846,.T.);
#8846 = EDGE_CURVE('',#8839,#8328,#8847,.T.);
#8847 = LINE('',#8848,#8849);
#8848 = CARTESIAN_POINT('',(-4.E-02,4.E-02,6.58));
#8849 = VECTOR('',#8850,1.);
#8850 = DIRECTION('',(-0.57735026919,0.57735026919,-0.57735026919));
#8851 = ORIENTED_EDGE('',*,*,#8327,.F.);
#8852 = PLANE('',#8853);
#8853 = AXIS2_PLACEMENT_3D('',#8854,#8855,#8856);
#8854 = CARTESIAN_POINT('',(-0.22,-0.32,6.4));
#8855 = DIRECTION('',(0.707106781187,-8.486018839685E-17,-0.707106781187
    ));
#8856 = DIRECTION('',(-1.212375546256E-16,-1.,-1.227125289196E-18));
#8857 = ADVANCED_FACE('',(#8858),#8876,.T.);
#8858 = FACE_BOUND('',#8859,.F.);
#8859 = EDGE_LOOP('',(#8860,#8868,#8869,#8870));
#8860 = ORIENTED_EDGE('',*,*,#8861,.T.);
#8861 = EDGE_CURVE('',#8862,#8350,#8864,.T.);
#8862 = VERTEX_POINT('',#8863);
#8863 = CARTESIAN_POINT('',(0.12,-0.12,6.5));
#8864 = LINE('',#8865,#8866);
#8865 = CARTESIAN_POINT('',(0.253333333333,-0.253333333333,
    6.366666666667));
#8866 = VECTOR('',#8867,1.);
#8867 = DIRECTION('',(0.57735026919,-0.57735026919,-0.57735026919));
#8868 = ORIENTED_EDGE('',*,*,#8359,.T.);
#8869 = ORIENTED_EDGE('',*,*,#8830,.F.);
#8870 = ORIENTED_EDGE('',*,*,#8871,.F.);
#8871 = EDGE_CURVE('',#8862,#8831,#8872,.T.);
#8872 = LINE('',#8873,#8874);
#8873 = CARTESIAN_POINT('',(0.32,-0.12,6.5));
#8874 = VECTOR('',#8875,1.);
#8875 = DIRECTION('',(-1.,1.224646799147E-16,0.));
#8876 = PLANE('',#8877);
#8877 = AXIS2_PLACEMENT_3D('',#8878,#8879,#8880);
#8878 = CARTESIAN_POINT('',(0.32,-0.22,6.4));
#8879 = DIRECTION('',(-8.833102285013E-17,-0.707106781187,0.707106781187
    ));
#8880 = DIRECTION('',(1.,-1.236918052038E-16,1.227125289097E-18));
#8881 = ADVANCED_FACE('',(#8882),#8900,.T.);
#8882 = FACE_BOUND('',#8883,.F.);
#8883 = EDGE_LOOP('',(#8884,#8885,#8893,#8899));
#8884 = ORIENTED_EDGE('',*,*,#8861,.F.);
#8885 = ORIENTED_EDGE('',*,*,#8886,.T.);
#8886 = EDGE_CURVE('',#8862,#8887,#8889,.T.);
#8887 = VERTEX_POINT('',#8888);
#8888 = CARTESIAN_POINT('',(0.12,0.12,6.5));
#8889 = LINE('',#8890,#8891);
#8890 = CARTESIAN_POINT('',(0.12,-0.32,6.5));
#8891 = VECTOR('',#8892,1.);
#8892 = DIRECTION('',(1.224646799147E-16,1.,0.));
#8893 = ORIENTED_EDGE('',*,*,#8894,.T.);
#8894 = EDGE_CURVE('',#8887,#8376,#8895,.T.);
#8895 = LINE('',#8896,#8897);
#8896 = CARTESIAN_POINT('',(0.146666666667,0.146666666667,6.473333333333
    ));
#8897 = VECTOR('',#8898,1.);
#8898 = DIRECTION('',(0.57735026919,0.57735026919,-0.57735026919));
#8899 = ORIENTED_EDGE('',*,*,#8375,.F.);
#8900 = PLANE('',#8901);
#8901 = AXIS2_PLACEMENT_3D('',#8902,#8903,#8904);
#8902 = CARTESIAN_POINT('',(0.22,-0.32,6.4));
#8903 = DIRECTION('',(0.707106781187,-8.833102285013E-17,0.707106781187)
  );
#8904 = DIRECTION('',(-1.236918052038E-16,-1.,-1.227125289097E-18));
#8905 = ADVANCED_FACE('',(#8906),#8917,.T.);
#8906 = FACE_BOUND('',#8907,.F.);
#8907 = EDGE_LOOP('',(#8908,#8909,#8915,#8916));
#8908 = ORIENTED_EDGE('',*,*,#8894,.F.);
#8909 = ORIENTED_EDGE('',*,*,#8910,.T.);
#8910 = EDGE_CURVE('',#8887,#8839,#8911,.T.);
#8911 = LINE('',#8912,#8913);
#8912 = CARTESIAN_POINT('',(0.32,0.12,6.5));
#8913 = VECTOR('',#8914,1.);
#8914 = DIRECTION('',(-1.,1.224646799147E-16,0.));
#8915 = ORIENTED_EDGE('',*,*,#8846,.T.);
#8916 = ORIENTED_EDGE('',*,*,#8398,.F.);
#8917 = PLANE('',#8918);
#8918 = AXIS2_PLACEMENT_3D('',#8919,#8920,#8921);
#8919 = CARTESIAN_POINT('',(0.32,0.22,6.4));
#8920 = DIRECTION('',(8.833102285013E-17,0.707106781187,0.707106781187)
  );
#8921 = DIRECTION('',(1.,-1.236918052038E-16,-1.227125289097E-18));
#8922 = ADVANCED_FACE('',(#8923),#8948,.F.);
#8923 = FACE_BOUND('',#8924,.T.);
#8924 = EDGE_LOOP('',(#8925,#8933,#8941,#8947));
#8925 = ORIENTED_EDGE('',*,*,#8926,.F.);
#8926 = EDGE_CURVE('',#8927,#8416,#8929,.T.);
#8927 = VERTEX_POINT('',#8928);
#8928 = CARTESIAN_POINT('',(2.38,-0.12,6.5));
#8929 = LINE('',#8930,#8931);
#8930 = CARTESIAN_POINT('',(2.353333333333,-0.146666666667,
    6.473333333333));
#8931 = VECTOR('',#8932,1.);
#8932 = DIRECTION('',(-0.57735026919,-0.57735026919,-0.57735026919));
#8933 = ORIENTED_EDGE('',*,*,#8934,.T.);
#8934 = EDGE_CURVE('',#8927,#8935,#8937,.T.);
#8935 = VERTEX_POINT('',#8936);
#8936 = CARTESIAN_POINT('',(2.38,0.12,6.5));
#8937 = LINE('',#8938,#8939);
#8938 = CARTESIAN_POINT('',(2.38,-0.32,6.5));
#8939 = VECTOR('',#8940,1.);
#8940 = DIRECTION('',(1.224646799147E-16,1.,0.));
#8941 = ORIENTED_EDGE('',*,*,#8942,.T.);
#8942 = EDGE_CURVE('',#8935,#8424,#8943,.T.);
#8943 = LINE('',#8944,#8945);
#8944 = CARTESIAN_POINT('',(2.46,4.E-02,6.58));
#8945 = VECTOR('',#8946,1.);
#8946 = DIRECTION('',(-0.57735026919,0.57735026919,-0.57735026919));
#8947 = ORIENTED_EDGE('',*,*,#8423,.F.);
#8948 = PLANE('',#8949);
#8949 = AXIS2_PLACEMENT_3D('',#8950,#8951,#8952);
#8950 = CARTESIAN_POINT('',(2.28,-0.32,6.4));
#8951 = DIRECTION('',(0.707106781187,-8.486018839685E-17,-0.707106781187
    ));
#8952 = DIRECTION('',(-1.212375546256E-16,-1.,-1.227125289196E-18));
#8953 = ADVANCED_FACE('',(#8954),#8972,.T.);
#8954 = FACE_BOUND('',#8955,.F.);
#8955 = EDGE_LOOP('',(#8956,#8964,#8965,#8966));
#8956 = ORIENTED_EDGE('',*,*,#8957,.T.);
#8957 = EDGE_CURVE('',#8958,#8446,#8960,.T.);
#8958 = VERTEX_POINT('',#8959);
#8959 = CARTESIAN_POINT('',(2.62,-0.12,6.5));
#8960 = LINE('',#8961,#8962);
#8961 = CARTESIAN_POINT('',(2.753333333333,-0.253333333333,
    6.366666666667));
#8962 = VECTOR('',#8963,1.);
#8963 = DIRECTION('',(0.57735026919,-0.57735026919,-0.57735026919));
#8964 = ORIENTED_EDGE('',*,*,#8455,.T.);
#8965 = ORIENTED_EDGE('',*,*,#8926,.F.);
#8966 = ORIENTED_EDGE('',*,*,#8967,.F.);
#8967 = EDGE_CURVE('',#8958,#8927,#8968,.T.);
#8968 = LINE('',#8969,#8970);
#8969 = CARTESIAN_POINT('',(2.82,-0.12,6.5));
#8970 = VECTOR('',#8971,1.);
#8971 = DIRECTION('',(-1.,1.224646799147E-16,0.));
#8972 = PLANE('',#8973);
#8973 = AXIS2_PLACEMENT_3D('',#8974,#8975,#8976);
#8974 = CARTESIAN_POINT('',(2.82,-0.22,6.4));
#8975 = DIRECTION('',(-8.833102285013E-17,-0.707106781187,0.707106781187
    ));
#8976 = DIRECTION('',(1.,-1.236918052038E-16,1.227125289097E-18));
#8977 = ADVANCED_FACE('',(#8978),#8996,.T.);
#8978 = FACE_BOUND('',#8979,.F.);
#8979 = EDGE_LOOP('',(#8980,#8981,#8989,#8995));
#8980 = ORIENTED_EDGE('',*,*,#8957,.F.);
#8981 = ORIENTED_EDGE('',*,*,#8982,.T.);
#8982 = EDGE_CURVE('',#8958,#8983,#8985,.T.);
#8983 = VERTEX_POINT('',#8984);
#8984 = CARTESIAN_POINT('',(2.62,0.12,6.5));
#8985 = LINE('',#8986,#8987);
#8986 = CARTESIAN_POINT('',(2.62,-0.32,6.5));
#8987 = VECTOR('',#8988,1.);
#8988 = DIRECTION('',(1.224646799147E-16,1.,0.));
#8989 = ORIENTED_EDGE('',*,*,#8990,.T.);
#8990 = EDGE_CURVE('',#8983,#8472,#8991,.T.);
#8991 = LINE('',#8992,#8993);
#8992 = CARTESIAN_POINT('',(2.646666666667,0.146666666667,6.473333333333
    ));
#8993 = VECTOR('',#8994,1.);
#8994 = DIRECTION('',(0.57735026919,0.57735026919,-0.57735026919));
#8995 = ORIENTED_EDGE('',*,*,#8471,.F.);
#8996 = PLANE('',#8997);
#8997 = AXIS2_PLACEMENT_3D('',#8998,#8999,#9000);
#8998 = CARTESIAN_POINT('',(2.72,-0.32,6.4));
#8999 = DIRECTION('',(0.707106781187,-8.833102285013E-17,0.707106781187)
  );
#9000 = DIRECTION('',(-1.236918052038E-16,-1.,-1.227125289097E-18));
#9001 = ADVANCED_FACE('',(#9002),#9013,.T.);
#9002 = FACE_BOUND('',#9003,.F.);
#9003 = EDGE_LOOP('',(#9004,#9005,#9011,#9012));
#9004 = ORIENTED_EDGE('',*,*,#8990,.F.);
#9005 = ORIENTED_EDGE('',*,*,#9006,.T.);
#9006 = EDGE_CURVE('',#8983,#8935,#9007,.T.);
#9007 = LINE('',#9008,#9009);
#9008 = CARTESIAN_POINT('',(2.82,0.12,6.5));
#9009 = VECTOR('',#9010,1.);
#9010 = DIRECTION('',(-1.,1.224646799147E-16,0.));
#9011 = ORIENTED_EDGE('',*,*,#8942,.T.);
#9012 = ORIENTED_EDGE('',*,*,#8494,.F.);
#9013 = PLANE('',#9014);
#9014 = AXIS2_PLACEMENT_3D('',#9015,#9016,#9017);
#9015 = CARTESIAN_POINT('',(2.82,0.22,6.4));
#9016 = DIRECTION('',(8.833102285013E-17,0.707106781187,0.707106781187)
  );
#9017 = DIRECTION('',(1.,-1.236918052038E-16,-1.227125289097E-18));
#9018 = ADVANCED_FACE('',(#9019),#9060,.F.);
#9019 = FACE_BOUND('',#9020,.T.);
#9020 = EDGE_LOOP('',(#9021,#9031,#9037,#9038,#9046,#9054));
#9021 = ORIENTED_EDGE('',*,*,#9022,.T.);
#9022 = EDGE_CURVE('',#9023,#9025,#9027,.T.);
#9023 = VERTEX_POINT('',#9024);
#9024 = CARTESIAN_POINT('',(-0.12,-0.12,-3.4));
#9025 = VERTEX_POINT('',#9026);
#9026 = CARTESIAN_POINT('',(-0.317552593066,-0.288807485305,
    -3.202447406934));
#9027 = LINE('',#9028,#9029);
#9028 = CARTESIAN_POINT('',(-3.848855660758E-02,-5.034896900541E-02,
    -3.481511443392));
#9029 = VECTOR('',#9030,1.);
#9030 = DIRECTION('',(-0.605209817607,-0.517148096144,0.605209817607));
#9031 = ORIENTED_EDGE('',*,*,#9032,.T.);
#9032 = EDGE_CURVE('',#9025,#8513,#9033,.T.);
#9033 = LINE('',#9034,#9035);
#9034 = CARTESIAN_POINT('',(-8.569083447332E-02,-0.325417236662,
    -3.434309165527));
#9035 = VECTOR('',#9036,1.);
#9036 = DIRECTION('',(-0.702740385383,0.110959008218,0.702740385383));
#9037 = ORIENTED_EDGE('',*,*,#8510,.F.);
#9038 = ORIENTED_EDGE('',*,*,#9039,.F.);
#9039 = EDGE_CURVE('',#9040,#8511,#9042,.T.);
#9040 = VERTEX_POINT('',#9041);
#9041 = CARTESIAN_POINT('',(-0.317552593066,0.351192514695,
    -3.202447406934));
#9042 = LINE('',#9043,#9044);
#9043 = CARTESIAN_POINT('',(-0.541586867305,0.386566347469,
    -2.978413132695));
#9044 = VECTOR('',#9045,1.);
#9045 = DIRECTION('',(-0.702740385383,0.110959008218,0.702740385383));
#9046 = ORIENTED_EDGE('',*,*,#9047,.F.);
#9047 = EDGE_CURVE('',#9048,#9040,#9050,.T.);
#9048 = VERTEX_POINT('',#9049);
#9049 = CARTESIAN_POINT('',(-0.12,0.12,-3.4));
#9050 = LINE('',#9051,#9052);
#9051 = CARTESIAN_POINT('',(-0.153849098111,0.159613036666,
    -3.366150901889));
#9052 = VECTOR('',#9053,1.);
#9053 = DIRECTION('',(-0.544770019249,0.63753529491,0.544770019249));
#9054 = ORIENTED_EDGE('',*,*,#9055,.T.);
#9055 = EDGE_CURVE('',#9048,#9023,#9056,.T.);
#9056 = LINE('',#9057,#9058);
#9057 = CARTESIAN_POINT('',(-0.12,0.32,-3.4));
#9058 = VECTOR('',#9059,1.);
#9059 = DIRECTION('',(-1.224646799147E-16,-1.,0.));
#9060 = PLANE('',#9061);
#9061 = AXIS2_PLACEMENT_3D('',#9062,#9063,#9064);
#9062 = CARTESIAN_POINT('',(-0.22,0.32,-3.3));
#9063 = DIRECTION('',(0.707106781187,-8.833102285013E-17,0.707106781187)
  );
#9064 = DIRECTION('',(1.236918052038E-16,1.,1.227125289097E-18));
#9065 = ADVANCED_FACE('',(#9066),#9091,.F.);
#9066 = FACE_BOUND('',#9067,.F.);
#9067 = EDGE_LOOP('',(#9068,#9069,#9075,#9076,#9077,#9085));
#9068 = ORIENTED_EDGE('',*,*,#8639,.F.);
#9069 = ORIENTED_EDGE('',*,*,#9070,.T.);
#9070 = EDGE_CURVE('',#8632,#8552,#9071,.T.);
#9071 = LINE('',#9072,#9073);
#9072 = CARTESIAN_POINT('',(0.32,0.62,-1.5));
#9073 = VECTOR('',#9074,1.);
#9074 = DIRECTION('',(-1.,1.224646799147E-16,0.));
#9075 = ORIENTED_EDGE('',*,*,#8559,.T.);
#9076 = ORIENTED_EDGE('',*,*,#9039,.F.);
#9077 = ORIENTED_EDGE('',*,*,#9078,.F.);
#9078 = EDGE_CURVE('',#9079,#9040,#9081,.T.);
#9079 = VERTEX_POINT('',#9080);
#9080 = CARTESIAN_POINT('',(0.317552593066,0.351192514695,
    -3.202447406934));
#9081 = LINE('',#9082,#9083);
#9082 = CARTESIAN_POINT('',(0.32,0.351192514695,-3.202447406934));
#9083 = VECTOR('',#9084,1.);
#9084 = DIRECTION('',(-1.,1.224646799147E-16,0.));
#9085 = ORIENTED_EDGE('',*,*,#9086,.T.);
#9086 = EDGE_CURVE('',#9079,#8598,#9087,.T.);
#9087 = LINE('',#9088,#9089);
#9088 = CARTESIAN_POINT('',(0.699616963064,0.411518467852,
    -2.820383036936));
#9089 = VECTOR('',#9090,1.);
#9090 = DIRECTION('',(0.702740385383,0.110959008218,0.702740385383));
#9091 = PLANE('',#9092);
#9092 = AXIS2_PLACEMENT_3D('',#9093,#9094,#9095);
#9093 = CARTESIAN_POINT('',(0.32,0.62,-1.5));
#9094 = DIRECTION('',(-1.209660753807E-16,-0.987762965329,0.155962573473
    ));
#9095 = DIRECTION('',(-1.909990663905E-17,-0.155962573473,
    -0.987762965329));
#9096 = ADVANCED_FACE('',(#9097),#9103,.F.);
#9097 = FACE_BOUND('',#9098,.F.);
#9098 = EDGE_LOOP('',(#9099,#9100,#9101,#9102));
#9099 = ORIENTED_EDGE('',*,*,#8656,.T.);
#9100 = ORIENTED_EDGE('',*,*,#8551,.T.);
#9101 = ORIENTED_EDGE('',*,*,#9070,.F.);
#9102 = ORIENTED_EDGE('',*,*,#8631,.F.);
#9103 = PLANE('',#9104);
#9104 = AXIS2_PLACEMENT_3D('',#9105,#9106,#9107);
#9105 = CARTESIAN_POINT('',(0.32,0.32,-0.9));
#9106 = DIRECTION('',(-1.095357396528E-16,-0.894427191,-0.4472135955));
#9107 = DIRECTION('',(5.476786982641E-17,0.4472135955,-0.894427191));
#9108 = ADVANCED_FACE('',(#9109),#9120,.F.);
#9109 = FACE_BOUND('',#9110,.F.);
#9110 = EDGE_LOOP('',(#9111,#9117,#9118,#9119));
#9111 = ORIENTED_EDGE('',*,*,#9112,.T.);
#9112 = EDGE_CURVE('',#8608,#8521,#9113,.T.);
#9113 = LINE('',#9114,#9115);
#9114 = CARTESIAN_POINT('',(0.32,-2.E-02,-1.5));
#9115 = VECTOR('',#9116,1.);
#9116 = DIRECTION('',(-1.,1.224646799147E-16,0.));
#9117 = ORIENTED_EDGE('',*,*,#8528,.T.);
#9118 = ORIENTED_EDGE('',*,*,#8581,.F.);
#9119 = ORIENTED_EDGE('',*,*,#8615,.F.);
#9120 = PLANE('',#9121);
#9121 = AXIS2_PLACEMENT_3D('',#9122,#9123,#9124);
#9122 = CARTESIAN_POINT('',(0.32,-2.E-02,-1.5));
#9123 = DIRECTION('',(1.095357396528E-16,0.894427191,0.4472135955));
#9124 = DIRECTION('',(-5.476786982641E-17,-0.4472135955,0.894427191));
#9125 = ADVANCED_FACE('',(#9126),#9146,.F.);
#9126 = FACE_BOUND('',#9127,.F.);
#9127 = EDGE_LOOP('',(#9128,#9129,#9137,#9143,#9144,#9145));
#9128 = ORIENTED_EDGE('',*,*,#8607,.F.);
#9129 = ORIENTED_EDGE('',*,*,#9130,.F.);
#9130 = EDGE_CURVE('',#9131,#8600,#9133,.T.);
#9131 = VERTEX_POINT('',#9132);
#9132 = CARTESIAN_POINT('',(0.317552593066,-0.288807485305,
    -3.202447406934));
#9133 = LINE('',#9134,#9135);
#9134 = CARTESIAN_POINT('',(0.243720930233,-0.300465116279,
    -3.276279069767));
#9135 = VECTOR('',#9136,1.);
#9136 = DIRECTION('',(0.702740385383,0.110959008218,0.702740385383));
#9137 = ORIENTED_EDGE('',*,*,#9138,.T.);
#9138 = EDGE_CURVE('',#9131,#9025,#9139,.T.);
#9139 = LINE('',#9140,#9141);
#9140 = CARTESIAN_POINT('',(0.32,-0.288807485305,-3.202447406934));
#9141 = VECTOR('',#9142,1.);
#9142 = DIRECTION('',(-1.,1.224646799147E-16,0.));
#9143 = ORIENTED_EDGE('',*,*,#9032,.T.);
#9144 = ORIENTED_EDGE('',*,*,#8520,.T.);
#9145 = ORIENTED_EDGE('',*,*,#9112,.F.);
#9146 = PLANE('',#9147);
#9147 = AXIS2_PLACEMENT_3D('',#9148,#9149,#9150);
#9148 = CARTESIAN_POINT('',(0.32,-0.32,-3.4));
#9149 = DIRECTION('',(1.209660753807E-16,0.987762965329,-0.155962573473)
  );
#9150 = DIRECTION('',(1.909990663905E-17,0.155962573473,0.987762965329)
  );
#9151 = ADVANCED_FACE('',(#9152),#9179,.T.);
#9152 = FACE_BOUND('',#9153,.F.);
#9153 = EDGE_LOOP('',(#9154,#9162,#9163,#9164,#9165,#9173));
#9154 = ORIENTED_EDGE('',*,*,#9155,.T.);
#9155 = EDGE_CURVE('',#9156,#9131,#9158,.T.);
#9156 = VERTEX_POINT('',#9157);
#9157 = CARTESIAN_POINT('',(0.12,-0.12,-3.4));
#9158 = LINE('',#9159,#9160);
#9159 = CARTESIAN_POINT('',(0.155697812072,-0.150503562587,
    -3.364302187928));
#9160 = VECTOR('',#9161,1.);
#9161 = DIRECTION('',(0.605209817607,-0.517148096144,0.605209817607));
#9162 = ORIENTED_EDGE('',*,*,#9130,.T.);
#9163 = ORIENTED_EDGE('',*,*,#8597,.F.);
#9164 = ORIENTED_EDGE('',*,*,#9086,.F.);
#9165 = ORIENTED_EDGE('',*,*,#9166,.F.);
#9166 = EDGE_CURVE('',#9167,#9079,#9169,.T.);
#9167 = VERTEX_POINT('',#9168);
#9168 = CARTESIAN_POINT('',(0.12,0.12,-3.4));
#9169 = LINE('',#9170,#9171);
#9170 = CARTESIAN_POINT('',(0.24881689775,0.270752273427,-3.27118310225)
  );
#9171 = VECTOR('',#9172,1.);
#9172 = DIRECTION('',(0.544770019249,0.63753529491,0.544770019249));
#9173 = ORIENTED_EDGE('',*,*,#9174,.T.);
#9174 = EDGE_CURVE('',#9167,#9156,#9175,.T.);
#9175 = LINE('',#9176,#9177);
#9176 = CARTESIAN_POINT('',(0.12,0.32,-3.4));
#9177 = VECTOR('',#9178,1.);
#9178 = DIRECTION('',(-1.224646799147E-16,-1.,0.));
#9179 = PLANE('',#9180);
#9180 = AXIS2_PLACEMENT_3D('',#9181,#9182,#9183);
#9181 = CARTESIAN_POINT('',(0.22,0.32,-3.3));
#9182 = DIRECTION('',(0.707106781187,-8.486018839685E-17,-0.707106781187
    ));
#9183 = DIRECTION('',(1.212375546256E-16,1.,1.227125289196E-18));
#9184 = ADVANCED_FACE('',(#9185),#9226,.F.);
#9185 = FACE_BOUND('',#9186,.T.);
#9186 = EDGE_LOOP('',(#9187,#9197,#9203,#9204,#9212,#9220));
#9187 = ORIENTED_EDGE('',*,*,#9188,.T.);
#9188 = EDGE_CURVE('',#9189,#9191,#9193,.T.);
#9189 = VERTEX_POINT('',#9190);
#9190 = CARTESIAN_POINT('',(2.38,-0.12,-3.4));
#9191 = VERTEX_POINT('',#9192);
#9192 = CARTESIAN_POINT('',(2.182447406934,-0.288807485305,
    -3.202447406934));
#9193 = LINE('',#9194,#9195);
#9194 = CARTESIAN_POINT('',(2.461511443392,-5.034896900541E-02,
    -3.481511443392));
#9195 = VECTOR('',#9196,1.);
#9196 = DIRECTION('',(-0.605209817607,-0.517148096144,0.605209817607));
#9197 = ORIENTED_EDGE('',*,*,#9198,.T.);
#9198 = EDGE_CURVE('',#9191,#8673,#9199,.T.);
#9199 = LINE('',#9200,#9201);
#9200 = CARTESIAN_POINT('',(2.414309165527,-0.325417236662,
    -3.434309165527));
#9201 = VECTOR('',#9202,1.);
#9202 = DIRECTION('',(-0.702740385383,0.110959008218,0.702740385383));
#9203 = ORIENTED_EDGE('',*,*,#8670,.F.);
#9204 = ORIENTED_EDGE('',*,*,#9205,.F.);
#9205 = EDGE_CURVE('',#9206,#8671,#9208,.T.);
#9206 = VERTEX_POINT('',#9207);
#9207 = CARTESIAN_POINT('',(2.182447406934,0.351192514695,
    -3.202447406934));
#9208 = LINE('',#9209,#9210);
#9209 = CARTESIAN_POINT('',(1.958413132695,0.386566347469,
    -2.978413132695));
#9210 = VECTOR('',#9211,1.);
#9211 = DIRECTION('',(-0.702740385383,0.110959008218,0.702740385383));
#9212 = ORIENTED_EDGE('',*,*,#9213,.F.);
#9213 = EDGE_CURVE('',#9214,#9206,#9216,.T.);
#9214 = VERTEX_POINT('',#9215);
#9215 = CARTESIAN_POINT('',(2.38,0.12,-3.4));
#9216 = LINE('',#9217,#9218);
#9217 = CARTESIAN_POINT('',(2.346150901889,0.159613036666,
    -3.366150901889));
#9218 = VECTOR('',#9219,1.);
#9219 = DIRECTION('',(-0.544770019249,0.63753529491,0.544770019249));
#9220 = ORIENTED_EDGE('',*,*,#9221,.T.);
#9221 = EDGE_CURVE('',#9214,#9189,#9222,.T.);
#9222 = LINE('',#9223,#9224);
#9223 = CARTESIAN_POINT('',(2.38,0.32,-3.4));
#9224 = VECTOR('',#9225,1.);
#9225 = DIRECTION('',(-1.224646799147E-16,-1.,0.));
#9226 = PLANE('',#9227);
#9227 = AXIS2_PLACEMENT_3D('',#9228,#9229,#9230);
#9228 = CARTESIAN_POINT('',(2.28,0.32,-3.3));
#9229 = DIRECTION('',(0.707106781187,-8.833102285013E-17,0.707106781187)
  );
#9230 = DIRECTION('',(1.236918052038E-16,1.,1.227125289097E-18));
#9231 = ADVANCED_FACE('',(#9232),#9257,.F.);
#9232 = FACE_BOUND('',#9233,.F.);
#9233 = EDGE_LOOP('',(#9234,#9235,#9241,#9242,#9243,#9251));
#9234 = ORIENTED_EDGE('',*,*,#8799,.F.);
#9235 = ORIENTED_EDGE('',*,*,#9236,.T.);
#9236 = EDGE_CURVE('',#8792,#8712,#9237,.T.);
#9237 = LINE('',#9238,#9239);
#9238 = CARTESIAN_POINT('',(2.82,0.62,-1.5));
#9239 = VECTOR('',#9240,1.);
#9240 = DIRECTION('',(-1.,1.224646799147E-16,0.));
#9241 = ORIENTED_EDGE('',*,*,#8719,.T.);
#9242 = ORIENTED_EDGE('',*,*,#9205,.F.);
#9243 = ORIENTED_EDGE('',*,*,#9244,.F.);
#9244 = EDGE_CURVE('',#9245,#9206,#9247,.T.);
#9245 = VERTEX_POINT('',#9246);
#9246 = CARTESIAN_POINT('',(2.817552593066,0.351192514695,
    -3.202447406934));
#9247 = LINE('',#9248,#9249);
#9248 = CARTESIAN_POINT('',(2.82,0.351192514695,-3.202447406934));
#9249 = VECTOR('',#9250,1.);
#9250 = DIRECTION('',(-1.,1.224646799147E-16,0.));
#9251 = ORIENTED_EDGE('',*,*,#9252,.T.);
#9252 = EDGE_CURVE('',#9245,#8758,#9253,.T.);
#9253 = LINE('',#9254,#9255);
#9254 = CARTESIAN_POINT('',(3.199616963064,0.411518467852,
    -2.820383036936));
#9255 = VECTOR('',#9256,1.);
#9256 = DIRECTION('',(0.702740385383,0.110959008218,0.702740385383));
#9257 = PLANE('',#9258);
#9258 = AXIS2_PLACEMENT_3D('',#9259,#9260,#9261);
#9259 = CARTESIAN_POINT('',(2.82,0.62,-1.5));
#9260 = DIRECTION('',(-1.209660753807E-16,-0.987762965329,0.155962573473
    ));
#9261 = DIRECTION('',(-1.909990663905E-17,-0.155962573473,
    -0.987762965329));
#9262 = ADVANCED_FACE('',(#9263),#9269,.F.);
#9263 = FACE_BOUND('',#9264,.F.);
#9264 = EDGE_LOOP('',(#9265,#9266,#9267,#9268));
#9265 = ORIENTED_EDGE('',*,*,#8816,.T.);
#9266 = ORIENTED_EDGE('',*,*,#8711,.T.);
#9267 = ORIENTED_EDGE('',*,*,#9236,.F.);
#9268 = ORIENTED_EDGE('',*,*,#8791,.F.);
#9269 = PLANE('',#9270);
#9270 = AXIS2_PLACEMENT_3D('',#9271,#9272,#9273);
#9271 = CARTESIAN_POINT('',(2.82,0.32,-0.9));
#9272 = DIRECTION('',(-1.095357396528E-16,-0.894427191,-0.4472135955));
#9273 = DIRECTION('',(5.476786982641E-17,0.4472135955,-0.894427191));
#9274 = ADVANCED_FACE('',(#9275),#9286,.F.);
#9275 = FACE_BOUND('',#9276,.F.);
#9276 = EDGE_LOOP('',(#9277,#9283,#9284,#9285));
#9277 = ORIENTED_EDGE('',*,*,#9278,.T.);
#9278 = EDGE_CURVE('',#8768,#8681,#9279,.T.);
#9279 = LINE('',#9280,#9281);
#9280 = CARTESIAN_POINT('',(2.82,-2.E-02,-1.5));
#9281 = VECTOR('',#9282,1.);
#9282 = DIRECTION('',(-1.,1.224646799147E-16,0.));
#9283 = ORIENTED_EDGE('',*,*,#8688,.T.);
#9284 = ORIENTED_EDGE('',*,*,#8741,.F.);
#9285 = ORIENTED_EDGE('',*,*,#8775,.F.);
#9286 = PLANE('',#9287);
#9287 = AXIS2_PLACEMENT_3D('',#9288,#9289,#9290);
#9288 = CARTESIAN_POINT('',(2.82,-2.E-02,-1.5));
#9289 = DIRECTION('',(1.095357396528E-16,0.894427191,0.4472135955));
#9290 = DIRECTION('',(-5.476786982641E-17,-0.4472135955,0.894427191));
#9291 = ADVANCED_FACE('',(#9292),#9312,.F.);
#9292 = FACE_BOUND('',#9293,.F.);
#9293 = EDGE_LOOP('',(#9294,#9295,#9303,#9309,#9310,#9311));
#9294 = ORIENTED_EDGE('',*,*,#8767,.F.);
#9295 = ORIENTED_EDGE('',*,*,#9296,.F.);
#9296 = EDGE_CURVE('',#9297,#8760,#9299,.T.);
#9297 = VERTEX_POINT('',#9298);
#9298 = CARTESIAN_POINT('',(2.817552593066,-0.288807485305,
    -3.202447406934));
#9299 = LINE('',#9300,#9301);
#9300 = CARTESIAN_POINT('',(2.743720930233,-0.300465116279,
    -3.276279069767));
#9301 = VECTOR('',#9302,1.);
#9302 = DIRECTION('',(0.702740385383,0.110959008218,0.702740385383));
#9303 = ORIENTED_EDGE('',*,*,#9304,.T.);
#9304 = EDGE_CURVE('',#9297,#9191,#9305,.T.);
#9305 = LINE('',#9306,#9307);
#9306 = CARTESIAN_POINT('',(2.82,-0.288807485305,-3.202447406934));
#9307 = VECTOR('',#9308,1.);
#9308 = DIRECTION('',(-1.,1.224646799147E-16,0.));
#9309 = ORIENTED_EDGE('',*,*,#9198,.T.);
#9310 = ORIENTED_EDGE('',*,*,#8680,.T.);
#9311 = ORIENTED_EDGE('',*,*,#9278,.F.);
#9312 = PLANE('',#9313);
#9313 = AXIS2_PLACEMENT_3D('',#9314,#9315,#9316);
#9314 = CARTESIAN_POINT('',(2.82,-0.32,-3.4));
#9315 = DIRECTION('',(1.209660753807E-16,0.987762965329,-0.155962573473)
  );
#9316 = DIRECTION('',(1.909990663905E-17,0.155962573473,0.987762965329)
  );
#9317 = ADVANCED_FACE('',(#9318),#9345,.T.);
#9318 = FACE_BOUND('',#9319,.F.);
#9319 = EDGE_LOOP('',(#9320,#9328,#9329,#9330,#9331,#9339));
#9320 = ORIENTED_EDGE('',*,*,#9321,.T.);
#9321 = EDGE_CURVE('',#9322,#9297,#9324,.T.);
#9322 = VERTEX_POINT('',#9323);
#9323 = CARTESIAN_POINT('',(2.62,-0.12,-3.4));
#9324 = LINE('',#9325,#9326);
#9325 = CARTESIAN_POINT('',(2.655697812072,-0.150503562587,
    -3.364302187928));
#9326 = VECTOR('',#9327,1.);
#9327 = DIRECTION('',(0.605209817607,-0.517148096144,0.605209817607));
#9328 = ORIENTED_EDGE('',*,*,#9296,.T.);
#9329 = ORIENTED_EDGE('',*,*,#8757,.F.);
#9330 = ORIENTED_EDGE('',*,*,#9252,.F.);
#9331 = ORIENTED_EDGE('',*,*,#9332,.F.);
#9332 = EDGE_CURVE('',#9333,#9245,#9335,.T.);
#9333 = VERTEX_POINT('',#9334);
#9334 = CARTESIAN_POINT('',(2.62,0.12,-3.4));
#9335 = LINE('',#9336,#9337);
#9336 = CARTESIAN_POINT('',(2.74881689775,0.270752273427,-3.27118310225)
  );
#9337 = VECTOR('',#9338,1.);
#9338 = DIRECTION('',(0.544770019249,0.63753529491,0.544770019249));
#9339 = ORIENTED_EDGE('',*,*,#9340,.T.);
#9340 = EDGE_CURVE('',#9333,#9322,#9341,.T.);
#9341 = LINE('',#9342,#9343);
#9342 = CARTESIAN_POINT('',(2.62,0.32,-3.4));
#9343 = VECTOR('',#9344,1.);
#9344 = DIRECTION('',(-1.224646799147E-16,-1.,0.));
#9345 = PLANE('',#9346);
#9346 = AXIS2_PLACEMENT_3D('',#9347,#9348,#9349);
#9347 = CARTESIAN_POINT('',(2.72,0.32,-3.3));
#9348 = DIRECTION('',(0.707106781187,-8.486018839685E-17,-0.707106781187
    ));
#9349 = DIRECTION('',(1.212375546256E-16,1.,1.227125289196E-18));
#9350 = ADVANCED_FACE('',(#9351),#9357,.F.);
#9351 = FACE_BOUND('',#9352,.F.);
#9352 = EDGE_LOOP('',(#9353,#9354,#9355,#9356));
#9353 = ORIENTED_EDGE('',*,*,#8838,.T.);
#9354 = ORIENTED_EDGE('',*,*,#8910,.F.);
#9355 = ORIENTED_EDGE('',*,*,#8886,.F.);
#9356 = ORIENTED_EDGE('',*,*,#8871,.T.);
#9357 = PLANE('',#9358);
#9358 = AXIS2_PLACEMENT_3D('',#9359,#9360,#9361);
#9359 = CARTESIAN_POINT('',(0.32,-0.32,6.5));
#9360 = DIRECTION('',(-0.,0.,-1.));
#9361 = DIRECTION('',(1.224646799147E-16,1.,0.));
#9362 = ADVANCED_FACE('',(#9363),#9369,.F.);
#9363 = FACE_BOUND('',#9364,.F.);
#9364 = EDGE_LOOP('',(#9365,#9366,#9367,#9368));
#9365 = ORIENTED_EDGE('',*,*,#8934,.T.);
#9366 = ORIENTED_EDGE('',*,*,#9006,.F.);
#9367 = ORIENTED_EDGE('',*,*,#8982,.F.);
#9368 = ORIENTED_EDGE('',*,*,#8967,.T.);
#9369 = PLANE('',#9370);
#9370 = AXIS2_PLACEMENT_3D('',#9371,#9372,#9373);
#9371 = CARTESIAN_POINT('',(2.82,-0.32,6.5));
#9372 = DIRECTION('',(-0.,0.,-1.));
#9373 = DIRECTION('',(1.224646799147E-16,1.,0.));
#9374 = ADVANCED_FACE('',(#9375),#9386,.T.);
#9375 = FACE_BOUND('',#9376,.F.);
#9376 = EDGE_LOOP('',(#9377,#9378,#9384,#9385));
#9377 = ORIENTED_EDGE('',*,*,#9155,.F.);
#9378 = ORIENTED_EDGE('',*,*,#9379,.T.);
#9379 = EDGE_CURVE('',#9156,#9023,#9380,.T.);
#9380 = LINE('',#9381,#9382);
#9381 = CARTESIAN_POINT('',(0.32,-0.12,-3.4));
#9382 = VECTOR('',#9383,1.);
#9383 = DIRECTION('',(-1.,1.224646799147E-16,0.));
#9384 = ORIENTED_EDGE('',*,*,#9022,.T.);
#9385 = ORIENTED_EDGE('',*,*,#9138,.F.);
#9386 = PLANE('',#9387);
#9387 = AXIS2_PLACEMENT_3D('',#9388,#9389,#9390);
#9388 = CARTESIAN_POINT('',(0.32,-0.204403742653,-3.301223703467));
#9389 = DIRECTION('',(-9.310387150808E-17,-0.760250805153,-0.64962967394
    ));
#9390 = DIRECTION('',(1.,-1.224646799148E-16,-5.515863360725E-29));
#9391 = ADVANCED_FACE('',(#9392),#9403,.F.);
#9392 = FACE_BOUND('',#9393,.F.);
#9393 = EDGE_LOOP('',(#9394,#9395,#9396,#9402));
#9394 = ORIENTED_EDGE('',*,*,#9379,.F.);
#9395 = ORIENTED_EDGE('',*,*,#9174,.F.);
#9396 = ORIENTED_EDGE('',*,*,#9397,.T.);
#9397 = EDGE_CURVE('',#9167,#9048,#9398,.T.);
#9398 = LINE('',#9399,#9400);
#9399 = CARTESIAN_POINT('',(0.32,0.12,-3.4));
#9400 = VECTOR('',#9401,1.);
#9401 = DIRECTION('',(-1.,1.224646799147E-16,0.));
#9402 = ORIENTED_EDGE('',*,*,#9055,.T.);
#9403 = PLANE('',#9404);
#9404 = AXIS2_PLACEMENT_3D('',#9405,#9406,#9407);
#9405 = CARTESIAN_POINT('',(0.32,0.32,-3.4));
#9406 = DIRECTION('',(0.,0.,1.));
#9407 = DIRECTION('',(-1.224646799147E-16,-1.,0.));
#9408 = ADVANCED_FACE('',(#9409),#9415,.T.);
#9409 = FACE_BOUND('',#9410,.T.);
#9410 = EDGE_LOOP('',(#9411,#9412,#9413,#9414));
#9411 = ORIENTED_EDGE('',*,*,#9166,.F.);
#9412 = ORIENTED_EDGE('',*,*,#9397,.T.);
#9413 = ORIENTED_EDGE('',*,*,#9047,.T.);
#9414 = ORIENTED_EDGE('',*,*,#9078,.F.);
#9415 = PLANE('',#9416);
#9416 = AXIS2_PLACEMENT_3D('',#9417,#9418,#9419);
#9417 = CARTESIAN_POINT('',(0.32,0.235596257347,-3.301223703467));
#9418 = DIRECTION('',(8.302774088379E-17,0.64962967394,-0.760250805153)
  );
#9419 = DIRECTION('',(-1.,1.247195775152E-16,-2.638869166629E-18));
#9420 = ADVANCED_FACE('',(#9421),#9432,.T.);
#9421 = FACE_BOUND('',#9422,.F.);
#9422 = EDGE_LOOP('',(#9423,#9424,#9430,#9431));
#9423 = ORIENTED_EDGE('',*,*,#9321,.F.);
#9424 = ORIENTED_EDGE('',*,*,#9425,.T.);
#9425 = EDGE_CURVE('',#9322,#9189,#9426,.T.);
#9426 = LINE('',#9427,#9428);
#9427 = CARTESIAN_POINT('',(2.82,-0.12,-3.4));
#9428 = VECTOR('',#9429,1.);
#9429 = DIRECTION('',(-1.,1.224646799147E-16,0.));
#9430 = ORIENTED_EDGE('',*,*,#9188,.T.);
#9431 = ORIENTED_EDGE('',*,*,#9304,.F.);
#9432 = PLANE('',#9433);
#9433 = AXIS2_PLACEMENT_3D('',#9434,#9435,#9436);
#9434 = CARTESIAN_POINT('',(2.82,-0.204403742653,-3.301223703467));
#9435 = DIRECTION('',(-9.310387150808E-17,-0.760250805153,-0.64962967394
    ));
#9436 = DIRECTION('',(1.,-1.224646799148E-16,-5.515863360725E-29));
#9437 = ADVANCED_FACE('',(#9438),#9449,.F.);
#9438 = FACE_BOUND('',#9439,.F.);
#9439 = EDGE_LOOP('',(#9440,#9441,#9442,#9448));
#9440 = ORIENTED_EDGE('',*,*,#9425,.F.);
#9441 = ORIENTED_EDGE('',*,*,#9340,.F.);
#9442 = ORIENTED_EDGE('',*,*,#9443,.T.);
#9443 = EDGE_CURVE('',#9333,#9214,#9444,.T.);
#9444 = LINE('',#9445,#9446);
#9445 = CARTESIAN_POINT('',(2.82,0.12,-3.4));
#9446 = VECTOR('',#9447,1.);
#9447 = DIRECTION('',(-1.,1.224646799147E-16,0.));
#9448 = ORIENTED_EDGE('',*,*,#9221,.T.);
#9449 = PLANE('',#9450);
#9450 = AXIS2_PLACEMENT_3D('',#9451,#9452,#9453);
#9451 = CARTESIAN_POINT('',(2.82,0.32,-3.4));
#9452 = DIRECTION('',(0.,0.,1.));
#9453 = DIRECTION('',(-1.224646799147E-16,-1.,0.));
#9454 = ADVANCED_FACE('',(#9455),#9461,.T.);
#9455 = FACE_BOUND('',#9456,.T.);
#9456 = EDGE_LOOP('',(#9457,#9458,#9459,#9460));
#9457 = ORIENTED_EDGE('',*,*,#9332,.F.);
#9458 = ORIENTED_EDGE('',*,*,#9443,.T.);
#9459 = ORIENTED_EDGE('',*,*,#9213,.T.);
#9460 = ORIENTED_EDGE('',*,*,#9244,.F.);
#9461 = PLANE('',#9462);
#9462 = AXIS2_PLACEMENT_3D('',#9463,#9464,#9465);
#9463 = CARTESIAN_POINT('',(2.82,0.235596257347,-3.301223703467));
#9464 = DIRECTION('',(8.302774088379E-17,0.64962967394,-0.760250805153)
  );
#9465 = DIRECTION('',(-1.,1.247195775152E-16,-2.638869166629E-18));
#9466 = ( GEOMETRIC_REPRESENTATION_CONTEXT(3) 
GLOBAL_UNCERTAINTY_ASSIGNED_CONTEXT((#9470)) 
GLOBAL_UNIT_ASSIGNED_CONTEXT((#9467,#9468,#9469)) REPRESENTATION_CONTEXT
('Context #1','3D Context with UNIT and UNCERTAINTY') );
#9467 = ( LENGTH_UNIT() NAMED_UNIT(*) SI_UNIT(.MILLI.,.METRE.) );
#9468 = ( NAMED_UNIT(*) PLANE_ANGLE_UNIT() SI_UNIT($,.RADIAN.) );
#9469 = ( NAMED_UNIT(*) SI_UNIT($,.STERADIAN.) SOLID_ANGLE_UNIT() );
#9470 = UNCERTAINTY_MEASURE_WITH_UNIT(LENGTH_MEASURE(1.E-07),#9467,
  'distance_accuracy_value','confusion accuracy');
#9471 = CONTEXT_DEPENDENT_SHAPE_REPRESENTATION(#9472,#9474);
#9472 = ( REPRESENTATION_RELATIONSHIP('','',#6750,#6727) 
REPRESENTATION_RELATIONSHIP_WITH_TRANSFORMATION(#9473) 
SHAPE_REPRESENTATION_RELATIONSHIP() );
#9473 = ITEM_DEFINED_TRANSFORMATION('','',#11,#6728);
#9474 = PRODUCT_DEFINITION_SHAPE('Placement','Placement of an item',
  #9475);
#9475 = NEXT_ASSEMBLY_USAGE_OCCURRENCE('30','=>[0:1:1:11]','',#6722,
  #6745,$);
#9476 = PRODUCT_RELATED_PRODUCT_CATEGORY('part',$,(#6747));
#9477 = CONTEXT_DEPENDENT_SHAPE_REPRESENTATION(#9478,#9480);
#9478 = ( REPRESENTATION_RELATIONSHIP('','',#959,#10) 
REPRESENTATION_RELATIONSHIP_WITH_TRANSFORMATION(#9479) 
SHAPE_REPRESENTATION_RELATIONSHIP() );
#9479 = ITEM_DEFINED_TRANSFORMATION('','',#11,#119);
#9480 = PRODUCT_DEFINITION_SHAPE('Placement','Placement of an item',
  #9481);
#9481 = NEXT_ASSEMBLY_USAGE_OCCURRENCE('32','R6','',#5,#954,$);
#9482 = CONTEXT_DEPENDENT_SHAPE_REPRESENTATION(#9483,#9485);
#9483 = ( REPRESENTATION_RELATIONSHIP('','',#959,#10) 
REPRESENTATION_RELATIONSHIP_WITH_TRANSFORMATION(#9484) 
SHAPE_REPRESENTATION_RELATIONSHIP() );
#9484 = ITEM_DEFINED_TRANSFORMATION('','',#11,#123);
#9485 = PRODUCT_DEFINITION_SHAPE('Placement','Placement of an item',
  #9486);
#9486 = NEXT_ASSEMBLY_USAGE_OCCURRENCE('33','R7','',#5,#954,$);
#9487 = CONTEXT_DEPENDENT_SHAPE_REPRESENTATION(#9488,#9490);
#9488 = ( REPRESENTATION_RELATIONSHIP('','',#959,#10) 
REPRESENTATION_RELATIONSHIP_WITH_TRANSFORMATION(#9489) 
SHAPE_REPRESENTATION_RELATIONSHIP() );
#9489 = ITEM_DEFINED_TRANSFORMATION('','',#11,#127);
#9490 = PRODUCT_DEFINITION_SHAPE('Placement','Placement of an item',
  #9491);
#9491 = NEXT_ASSEMBLY_USAGE_OCCURRENCE('34','R10','',#5,#954,$);
#9492 = CONTEXT_DEPENDENT_SHAPE_REPRESENTATION(#9493,#9495);
#9493 = ( REPRESENTATION_RELATIONSHIP('','',#959,#10) 
REPRESENTATION_RELATIONSHIP_WITH_TRANSFORMATION(#9494) 
SHAPE_REPRESENTATION_RELATIONSHIP() );
#9494 = ITEM_DEFINED_TRANSFORMATION('','',#11,#131);
#9495 = PRODUCT_DEFINITION_SHAPE('Placement','Placement of an item',
  #9496);
#9496 = NEXT_ASSEMBLY_USAGE_OCCURRENCE('35','R1','',#5,#954,$);
#9497 = SHAPE_DEFINITION_REPRESENTATION(#9498,#9504);
#9498 = PRODUCT_DEFINITION_SHAPE('','',#9499);
#9499 = PRODUCT_DEFINITION('design','',#9500,#9503);
#9500 = PRODUCT_DEFINITION_FORMATION('','',#9501);
#9501 = PRODUCT('Lineã»ã³ãµã¼_PCB',
  'Lineã»ã³ãµã¼_PCB','',(#9502));
#9502 = PRODUCT_CONTEXT('',#2,'mechanical');
#9503 = PRODUCT_DEFINITION_CONTEXT('part definition',#2,'design');
#9504 = ADVANCED_BREP_SHAPE_REPRESENTATION('',(#11,#9505),#11410);
#9505 = MANIFOLD_SOLID_BREP('',#9506);
#9506 = CLOSED_SHELL('',(#9507,#9547,#9578,#9609,#10121,#10633,#10645,
    #10662,#10679,#10696,#10713,#10730,#10747,#10764,#10781,#10798,
    #10815,#10832,#10849,#10866,#10883,#10900,#10917,#10934,#10951,
    #10968,#10985,#11002,#11019,#11036,#11053,#11070,#11087,#11104,
    #11121,#11138,#11155,#11172,#11189,#11206,#11223,#11240,#11257,
    #11274,#11291,#11308,#11325,#11342,#11359,#11376,#11393));
#9507 = ADVANCED_FACE('',(#9508),#9542,.T.);
#9508 = FACE_BOUND('',#9509,.T.);
#9509 = EDGE_LOOP('',(#9510,#9520,#9528,#9536));
#9510 = ORIENTED_EDGE('',*,*,#9511,.T.);
#9511 = EDGE_CURVE('',#9512,#9514,#9516,.T.);
#9512 = VERTEX_POINT('',#9513);
#9513 = CARTESIAN_POINT('',(94.,-24.,0.));
#9514 = VERTEX_POINT('',#9515);
#9515 = CARTESIAN_POINT('',(94.,-24.,1.6));
#9516 = LINE('',#9517,#9518);
#9517 = CARTESIAN_POINT('',(94.,-24.,0.));
#9518 = VECTOR('',#9519,1.);
#9519 = DIRECTION('',(0.,0.,1.));
#9520 = ORIENTED_EDGE('',*,*,#9521,.T.);
#9521 = EDGE_CURVE('',#9514,#9522,#9524,.T.);
#9522 = VERTEX_POINT('',#9523);
#9523 = CARTESIAN_POINT('',(0.,-24.,1.6));
#9524 = LINE('',#9525,#9526);
#9525 = CARTESIAN_POINT('',(94.,-24.,1.6));
#9526 = VECTOR('',#9527,1.);
#9527 = DIRECTION('',(-1.,0.,0.));
#9528 = ORIENTED_EDGE('',*,*,#9529,.F.);
#9529 = EDGE_CURVE('',#9530,#9522,#9532,.T.);
#9530 = VERTEX_POINT('',#9531);
#9531 = CARTESIAN_POINT('',(0.,-24.,0.));
#9532 = LINE('',#9533,#9534);
#9533 = CARTESIAN_POINT('',(0.,-24.,0.));
#9534 = VECTOR('',#9535,1.);
#9535 = DIRECTION('',(0.,0.,1.));
#9536 = ORIENTED_EDGE('',*,*,#9537,.F.);
#9537 = EDGE_CURVE('',#9512,#9530,#9538,.T.);
#9538 = LINE('',#9539,#9540);
#9539 = CARTESIAN_POINT('',(94.,-24.,0.));
#9540 = VECTOR('',#9541,1.);
#9541 = DIRECTION('',(-1.,0.,0.));
#9542 = PLANE('',#9543);
#9543 = AXIS2_PLACEMENT_3D('',#9544,#9545,#9546);
#9544 = CARTESIAN_POINT('',(94.,-24.,0.));
#9545 = DIRECTION('',(0.,-1.,0.));
#9546 = DIRECTION('',(-1.,0.,0.));
#9547 = ADVANCED_FACE('',(#9548),#9573,.T.);
#9548 = FACE_BOUND('',#9549,.T.);
#9549 = EDGE_LOOP('',(#9550,#9560,#9566,#9567));
#9550 = ORIENTED_EDGE('',*,*,#9551,.T.);
#9551 = EDGE_CURVE('',#9552,#9554,#9556,.T.);
#9552 = VERTEX_POINT('',#9553);
#9553 = CARTESIAN_POINT('',(94.,-0.,0.));
#9554 = VERTEX_POINT('',#9555);
#9555 = CARTESIAN_POINT('',(94.,0.,1.6));
#9556 = LINE('',#9557,#9558);
#9557 = CARTESIAN_POINT('',(94.,-0.,0.));
#9558 = VECTOR('',#9559,1.);
#9559 = DIRECTION('',(0.,0.,1.));
#9560 = ORIENTED_EDGE('',*,*,#9561,.T.);
#9561 = EDGE_CURVE('',#9554,#9514,#9562,.T.);
#9562 = LINE('',#9563,#9564);
#9563 = CARTESIAN_POINT('',(94.,0.,1.6));
#9564 = VECTOR('',#9565,1.);
#9565 = DIRECTION('',(0.,-1.,0.));
#9566 = ORIENTED_EDGE('',*,*,#9511,.F.);
#9567 = ORIENTED_EDGE('',*,*,#9568,.F.);
#9568 = EDGE_CURVE('',#9552,#9512,#9569,.T.);
#9569 = LINE('',#9570,#9571);
#9570 = CARTESIAN_POINT('',(94.,-0.,0.));
#9571 = VECTOR('',#9572,1.);
#9572 = DIRECTION('',(0.,-1.,0.));
#9573 = PLANE('',#9574);
#9574 = AXIS2_PLACEMENT_3D('',#9575,#9576,#9577);
#9575 = CARTESIAN_POINT('',(94.,-0.,0.));
#9576 = DIRECTION('',(1.,0.,-0.));
#9577 = DIRECTION('',(0.,-1.,0.));
#9578 = ADVANCED_FACE('',(#9579),#9604,.T.);
#9579 = FACE_BOUND('',#9580,.T.);
#9580 = EDGE_LOOP('',(#9581,#9582,#9590,#9598));
#9581 = ORIENTED_EDGE('',*,*,#9529,.T.);
#9582 = ORIENTED_EDGE('',*,*,#9583,.T.);
#9583 = EDGE_CURVE('',#9522,#9584,#9586,.T.);
#9584 = VERTEX_POINT('',#9585);
#9585 = CARTESIAN_POINT('',(0.,0.,1.6));
#9586 = LINE('',#9587,#9588);
#9587 = CARTESIAN_POINT('',(0.,-24.,1.6));
#9588 = VECTOR('',#9589,1.);
#9589 = DIRECTION('',(0.,1.,0.));
#9590 = ORIENTED_EDGE('',*,*,#9591,.F.);
#9591 = EDGE_CURVE('',#9592,#9584,#9594,.T.);
#9592 = VERTEX_POINT('',#9593);
#9593 = CARTESIAN_POINT('',(0.,-0.,0.));
#9594 = LINE('',#9595,#9596);
#9595 = CARTESIAN_POINT('',(0.,-0.,0.));
#9596 = VECTOR('',#9597,1.);
#9597 = DIRECTION('',(0.,0.,1.));
#9598 = ORIENTED_EDGE('',*,*,#9599,.F.);
#9599 = EDGE_CURVE('',#9530,#9592,#9600,.T.);
#9600 = LINE('',#9601,#9602);
#9601 = CARTESIAN_POINT('',(0.,-24.,0.));
#9602 = VECTOR('',#9603,1.);
#9603 = DIRECTION('',(0.,1.,0.));
#9604 = PLANE('',#9605);
#9605 = AXIS2_PLACEMENT_3D('',#9606,#9607,#9608);
#9606 = CARTESIAN_POINT('',(0.,-24.,0.));
#9607 = DIRECTION('',(-1.,0.,0.));
#9608 = DIRECTION('',(0.,1.,0.));
#9609 = ADVANCED_FACE('',(#9610,#9621,#9632,#9643,#9654,#9665,#9676,
    #9687,#9698,#9709,#9720,#9731,#9742,#9753,#9764,#9775,#9786,#9797,
    #9808,#9819,#9830,#9841,#9852,#9863,#9874,#9885,#9896,#9907,#9918,
    #9929,#9940,#9951,#9962,#9973,#9984,#9995,#10006,#10017,#10028,
    #10039,#10050,#10061,#10072,#10083,#10094,#10105),#10116,.F.);
#9610 = FACE_BOUND('',#9611,.F.);
#9611 = EDGE_LOOP('',(#9612,#9613,#9614,#9620));
#9612 = ORIENTED_EDGE('',*,*,#9537,.F.);
#9613 = ORIENTED_EDGE('',*,*,#9568,.F.);
#9614 = ORIENTED_EDGE('',*,*,#9615,.F.);
#9615 = EDGE_CURVE('',#9592,#9552,#9616,.T.);
#9616 = LINE('',#9617,#9618);
#9617 = CARTESIAN_POINT('',(0.,-0.,0.));
#9618 = VECTOR('',#9619,1.);
#9619 = DIRECTION('',(1.,0.,0.));
#9620 = ORIENTED_EDGE('',*,*,#9599,.F.);
#9621 = FACE_BOUND('',#9622,.F.);
#9622 = EDGE_LOOP('',(#9623));
#9623 = ORIENTED_EDGE('',*,*,#9624,.T.);
#9624 = EDGE_CURVE('',#9625,#9625,#9627,.T.);
#9625 = VERTEX_POINT('',#9626);
#9626 = CARTESIAN_POINT('',(25.,-19.475,0.));
#9627 = CIRCLE('',#9628,0.475);
#9628 = AXIS2_PLACEMENT_3D('',#9629,#9630,#9631);
#9629 = CARTESIAN_POINT('',(25.,-19.,0.));
#9630 = DIRECTION('',(-0.,0.,-1.));
#9631 = DIRECTION('',(-0.,-1.,0.));
#9632 = FACE_BOUND('',#9633,.F.);
#9633 = EDGE_LOOP('',(#9634));
#9634 = ORIENTED_EDGE('',*,*,#9635,.T.);
#9635 = EDGE_CURVE('',#9636,#9636,#9638,.T.);
#9636 = VERTEX_POINT('',#9637);
#9637 = CARTESIAN_POINT('',(27.5,-19.475,0.));
#9638 = CIRCLE('',#9639,0.475);
#9639 = AXIS2_PLACEMENT_3D('',#9640,#9641,#9642);
#9640 = CARTESIAN_POINT('',(27.5,-19.,0.));
#9641 = DIRECTION('',(-0.,0.,-1.));
#9642 = DIRECTION('',(-0.,-1.,0.));
#9643 = FACE_BOUND('',#9644,.F.);
#9644 = EDGE_LOOP('',(#9645));
#9645 = ORIENTED_EDGE('',*,*,#9646,.T.);
#9646 = EDGE_CURVE('',#9647,#9647,#9649,.T.);
#9647 = VERTEX_POINT('',#9648);
#9648 = CARTESIAN_POINT('',(30.,-19.475,0.));
#9649 = CIRCLE('',#9650,0.475);
#9650 = AXIS2_PLACEMENT_3D('',#9651,#9652,#9653);
#9651 = CARTESIAN_POINT('',(30.,-19.,0.));
#9652 = DIRECTION('',(-0.,0.,-1.));
#9653 = DIRECTION('',(-0.,-1.,0.));
#9654 = FACE_BOUND('',#9655,.F.);
#9655 = EDGE_LOOP('',(#9656));
#9656 = ORIENTED_EDGE('',*,*,#9657,.T.);
#9657 = EDGE_CURVE('',#9658,#9658,#9660,.T.);
#9658 = VERTEX_POINT('',#9659);
#9659 = CARTESIAN_POINT('',(32.5,-19.475,0.));
#9660 = CIRCLE('',#9661,0.475);
#9661 = AXIS2_PLACEMENT_3D('',#9662,#9663,#9664);
#9662 = CARTESIAN_POINT('',(32.5,-19.,0.));
#9663 = DIRECTION('',(-0.,0.,-1.));
#9664 = DIRECTION('',(-0.,-1.,0.));
#9665 = FACE_BOUND('',#9666,.F.);
#9666 = EDGE_LOOP('',(#9667));
#9667 = ORIENTED_EDGE('',*,*,#9668,.T.);
#9668 = EDGE_CURVE('',#9669,#9669,#9671,.T.);
#9669 = VERTEX_POINT('',#9670);
#9670 = CARTESIAN_POINT('',(35.,-19.475,0.));
#9671 = CIRCLE('',#9672,0.475);
#9672 = AXIS2_PLACEMENT_3D('',#9673,#9674,#9675);
#9673 = CARTESIAN_POINT('',(35.,-19.,0.));
#9674 = DIRECTION('',(-0.,0.,-1.));
#9675 = DIRECTION('',(-0.,-1.,0.));
#9676 = FACE_BOUND('',#9677,.F.);
#9677 = EDGE_LOOP('',(#9678));
#9678 = ORIENTED_EDGE('',*,*,#9679,.T.);
#9679 = EDGE_CURVE('',#9680,#9680,#9682,.T.);
#9680 = VERTEX_POINT('',#9681);
#9681 = CARTESIAN_POINT('',(50.,-19.5,0.));
#9682 = CIRCLE('',#9683,0.5);
#9683 = AXIS2_PLACEMENT_3D('',#9684,#9685,#9686);
#9684 = CARTESIAN_POINT('',(50.,-19.,0.));
#9685 = DIRECTION('',(-0.,0.,-1.));
#9686 = DIRECTION('',(-0.,-1.,0.));
#9687 = FACE_BOUND('',#9688,.F.);
#9688 = EDGE_LOOP('',(#9689));
#9689 = ORIENTED_EDGE('',*,*,#9690,.T.);
#9690 = EDGE_CURVE('',#9691,#9691,#9693,.T.);
#9691 = VERTEX_POINT('',#9692);
#9692 = CARTESIAN_POINT('',(52.5,-19.5,0.));
#9693 = CIRCLE('',#9694,0.5);
#9694 = AXIS2_PLACEMENT_3D('',#9695,#9696,#9697);
#9695 = CARTESIAN_POINT('',(52.5,-19.,0.));
#9696 = DIRECTION('',(-0.,0.,-1.));
#9697 = DIRECTION('',(-0.,-1.,0.));
#9698 = FACE_BOUND('',#9699,.F.);
#9699 = EDGE_LOOP('',(#9700));
#9700 = ORIENTED_EDGE('',*,*,#9701,.T.);
#9701 = EDGE_CURVE('',#9702,#9702,#9704,.T.);
#9702 = VERTEX_POINT('',#9703);
#9703 = CARTESIAN_POINT('',(8.73,-10.955,0.));
#9704 = CIRCLE('',#9705,0.455);
#9705 = AXIS2_PLACEMENT_3D('',#9706,#9707,#9708);
#9706 = CARTESIAN_POINT('',(8.73,-10.5,0.));
#9707 = DIRECTION('',(-0.,0.,-1.));
#9708 = DIRECTION('',(-0.,-1.,0.));
#9709 = FACE_BOUND('',#9710,.F.);
#9710 = EDGE_LOOP('',(#9711));
#9711 = ORIENTED_EDGE('',*,*,#9712,.T.);
#9712 = EDGE_CURVE('',#9713,#9713,#9715,.T.);
#9713 = VERTEX_POINT('',#9714);
#9714 = CARTESIAN_POINT('',(11.27,-10.955,0.));
#9715 = CIRCLE('',#9716,0.455);
#9716 = AXIS2_PLACEMENT_3D('',#9717,#9718,#9719);
#9717 = CARTESIAN_POINT('',(11.27,-10.5,0.));
#9718 = DIRECTION('',(-0.,0.,-1.));
#9719 = DIRECTION('',(-0.,-1.,0.));
#9720 = FACE_BOUND('',#9721,.F.);
#9721 = EDGE_LOOP('',(#9722));
#9722 = ORIENTED_EDGE('',*,*,#9723,.T.);
#9723 = EDGE_CURVE('',#9724,#9724,#9726,.T.);
#9724 = VERTEX_POINT('',#9725);
#9725 = CARTESIAN_POINT('',(16.73,-10.955,0.));
#9726 = CIRCLE('',#9727,0.455);
#9727 = AXIS2_PLACEMENT_3D('',#9728,#9729,#9730);
#9728 = CARTESIAN_POINT('',(16.73,-10.5,0.));
#9729 = DIRECTION('',(-0.,0.,-1.));
#9730 = DIRECTION('',(7.80816193143E-15,-1.,-0.));
#9731 = FACE_BOUND('',#9732,.F.);
#9732 = EDGE_LOOP('',(#9733));
#9733 = ORIENTED_EDGE('',*,*,#9734,.T.);
#9734 = EDGE_CURVE('',#9735,#9735,#9737,.T.);
#9735 = VERTEX_POINT('',#9736);
#9736 = CARTESIAN_POINT('',(19.27,-10.955,0.));
#9737 = CIRCLE('',#9738,0.455);
#9738 = AXIS2_PLACEMENT_3D('',#9739,#9740,#9741);
#9739 = CARTESIAN_POINT('',(19.27,-10.5,0.));
#9740 = DIRECTION('',(-0.,0.,-1.));
#9741 = DIRECTION('',(-7.80816193143E-15,-1.,0.));
#9742 = FACE_BOUND('',#9743,.F.);
#9743 = EDGE_LOOP('',(#9744));
#9744 = ORIENTED_EDGE('',*,*,#9745,.T.);
#9745 = EDGE_CURVE('',#9746,#9746,#9748,.T.);
#9746 = VERTEX_POINT('',#9747);
#9747 = CARTESIAN_POINT('',(24.73,-10.955,0.));
#9748 = CIRCLE('',#9749,0.455);
#9749 = AXIS2_PLACEMENT_3D('',#9750,#9751,#9752);
#9750 = CARTESIAN_POINT('',(24.73,-10.5,0.));
#9751 = DIRECTION('',(-0.,0.,-1.));
#9752 = DIRECTION('',(7.80816193143E-15,-1.,-0.));
#9753 = FACE_BOUND('',#9754,.F.);
#9754 = EDGE_LOOP('',(#9755));
#9755 = ORIENTED_EDGE('',*,*,#9756,.T.);
#9756 = EDGE_CURVE('',#9757,#9757,#9759,.T.);
#9757 = VERTEX_POINT('',#9758);
#9758 = CARTESIAN_POINT('',(27.27,-10.955,0.));
#9759 = CIRCLE('',#9760,0.455);
#9760 = AXIS2_PLACEMENT_3D('',#9761,#9762,#9763);
#9761 = CARTESIAN_POINT('',(27.27,-10.5,0.));
#9762 = DIRECTION('',(-0.,0.,-1.));
#9763 = DIRECTION('',(-7.80816193143E-15,-1.,0.));
#9764 = FACE_BOUND('',#9765,.F.);
#9765 = EDGE_LOOP('',(#9766));
#9766 = ORIENTED_EDGE('',*,*,#9767,.T.);
#9767 = EDGE_CURVE('',#9768,#9768,#9770,.T.);
#9768 = VERTEX_POINT('',#9769);
#9769 = CARTESIAN_POINT('',(32.73,-10.955,0.));
#9770 = CIRCLE('',#9771,0.455);
#9771 = AXIS2_PLACEMENT_3D('',#9772,#9773,#9774);
#9772 = CARTESIAN_POINT('',(32.73,-10.5,0.));
#9773 = DIRECTION('',(-0.,0.,-1.));
#9774 = DIRECTION('',(-1.561632386286E-14,-1.,0.));
#9775 = FACE_BOUND('',#9776,.F.);
#9776 = EDGE_LOOP('',(#9777));
#9777 = ORIENTED_EDGE('',*,*,#9778,.T.);
#9778 = EDGE_CURVE('',#9779,#9779,#9781,.T.);
#9779 = VERTEX_POINT('',#9780);
#9780 = CARTESIAN_POINT('',(35.27,-10.955,0.));
#9781 = CIRCLE('',#9782,0.455);
#9782 = AXIS2_PLACEMENT_3D('',#9783,#9784,#9785);
#9783 = CARTESIAN_POINT('',(35.27,-10.5,0.));
#9784 = DIRECTION('',(-0.,0.,-1.));
#9785 = DIRECTION('',(1.561632386286E-14,-1.,-0.));
#9786 = FACE_BOUND('',#9787,.F.);
#9787 = EDGE_LOOP('',(#9788));
#9788 = ORIENTED_EDGE('',*,*,#9789,.T.);
#9789 = EDGE_CURVE('',#9790,#9790,#9792,.T.);
#9790 = VERTEX_POINT('',#9791);
#9791 = CARTESIAN_POINT('',(40.73,-10.955,0.));
#9792 = CIRCLE('',#9793,0.455);
#9793 = AXIS2_PLACEMENT_3D('',#9794,#9795,#9796);
#9794 = CARTESIAN_POINT('',(40.73,-10.5,0.));
#9795 = DIRECTION('',(-0.,0.,-1.));
#9796 = DIRECTION('',(-1.561632386286E-14,-1.,0.));
#9797 = FACE_BOUND('',#9798,.F.);
#9798 = EDGE_LOOP('',(#9799));
#9799 = ORIENTED_EDGE('',*,*,#9800,.T.);
#9800 = EDGE_CURVE('',#9801,#9801,#9803,.T.);
#9801 = VERTEX_POINT('',#9802);
#9802 = CARTESIAN_POINT('',(43.27,-10.955,0.));
#9803 = CIRCLE('',#9804,0.455);
#9804 = AXIS2_PLACEMENT_3D('',#9805,#9806,#9807);
#9805 = CARTESIAN_POINT('',(43.27,-10.5,0.));
#9806 = DIRECTION('',(-0.,0.,-1.));
#9807 = DIRECTION('',(1.561632386286E-14,-1.,-0.));
#9808 = FACE_BOUND('',#9809,.F.);
#9809 = EDGE_LOOP('',(#9810));
#9810 = ORIENTED_EDGE('',*,*,#9811,.T.);
#9811 = EDGE_CURVE('',#9812,#9812,#9814,.T.);
#9812 = VERTEX_POINT('',#9813);
#9813 = CARTESIAN_POINT('',(8.73,-4.95,0.));
#9814 = CIRCLE('',#9815,0.45);
#9815 = AXIS2_PLACEMENT_3D('',#9816,#9817,#9818);
#9816 = CARTESIAN_POINT('',(8.73,-4.5,0.));
#9817 = DIRECTION('',(-0.,0.,-1.));
#9818 = DIRECTION('',(-0.,-1.,0.));
#9819 = FACE_BOUND('',#9820,.F.);
#9820 = EDGE_LOOP('',(#9821));
#9821 = ORIENTED_EDGE('',*,*,#9822,.T.);
#9822 = EDGE_CURVE('',#9823,#9823,#9825,.T.);
#9823 = VERTEX_POINT('',#9824);
#9824 = CARTESIAN_POINT('',(11.27,-4.95,0.));
#9825 = CIRCLE('',#9826,0.45);
#9826 = AXIS2_PLACEMENT_3D('',#9827,#9828,#9829);
#9827 = CARTESIAN_POINT('',(11.27,-4.5,0.));
#9828 = DIRECTION('',(-0.,0.,-1.));
#9829 = DIRECTION('',(-0.,-1.,0.));
#9830 = FACE_BOUND('',#9831,.F.);
#9831 = EDGE_LOOP('',(#9832));
#9832 = ORIENTED_EDGE('',*,*,#9833,.T.);
#9833 = EDGE_CURVE('',#9834,#9834,#9836,.T.);
#9834 = VERTEX_POINT('',#9835);
#9835 = CARTESIAN_POINT('',(16.73,-4.95,0.));
#9836 = CIRCLE('',#9837,0.45);
#9837 = AXIS2_PLACEMENT_3D('',#9838,#9839,#9840);
#9838 = CARTESIAN_POINT('',(16.73,-4.5,0.));
#9839 = DIRECTION('',(-0.,0.,-1.));
#9840 = DIRECTION('',(-0.,-1.,0.));
#9841 = FACE_BOUND('',#9842,.F.);
#9842 = EDGE_LOOP('',(#9843));
#9843 = ORIENTED_EDGE('',*,*,#9844,.T.);
#9844 = EDGE_CURVE('',#9845,#9845,#9847,.T.);
#9845 = VERTEX_POINT('',#9846);
#9846 = CARTESIAN_POINT('',(19.27,-4.95,0.));
#9847 = CIRCLE('',#9848,0.45);
#9848 = AXIS2_PLACEMENT_3D('',#9849,#9850,#9851);
#9849 = CARTESIAN_POINT('',(19.27,-4.5,0.));
#9850 = DIRECTION('',(-0.,0.,-1.));
#9851 = DIRECTION('',(-0.,-1.,0.));
#9852 = FACE_BOUND('',#9853,.F.);
#9853 = EDGE_LOOP('',(#9854));
#9854 = ORIENTED_EDGE('',*,*,#9855,.F.);
#9855 = EDGE_CURVE('',#9856,#9856,#9858,.T.);
#9856 = VERTEX_POINT('',#9857);
#9857 = CARTESIAN_POINT('',(4.55,-3.07,0.));
#9858 = CIRCLE('',#9859,1.5);
#9859 = AXIS2_PLACEMENT_3D('',#9860,#9861,#9862);
#9860 = CARTESIAN_POINT('',(3.05,-3.07,0.));
#9861 = DIRECTION('',(0.,0.,1.));
#9862 = DIRECTION('',(1.,0.,-0.));
#9863 = FACE_BOUND('',#9864,.F.);
#9864 = EDGE_LOOP('',(#9865));
#9865 = ORIENTED_EDGE('',*,*,#9866,.T.);
#9866 = EDGE_CURVE('',#9867,#9867,#9869,.T.);
#9867 = VERTEX_POINT('',#9868);
#9868 = CARTESIAN_POINT('',(24.73,-4.95,0.));
#9869 = CIRCLE('',#9870,0.45);
#9870 = AXIS2_PLACEMENT_3D('',#9871,#9872,#9873);
#9871 = CARTESIAN_POINT('',(24.73,-4.5,0.));
#9872 = DIRECTION('',(-0.,0.,-1.));
#9873 = DIRECTION('',(-0.,-1.,0.));
#9874 = FACE_BOUND('',#9875,.F.);
#9875 = EDGE_LOOP('',(#9876));
#9876 = ORIENTED_EDGE('',*,*,#9877,.T.);
#9877 = EDGE_CURVE('',#9878,#9878,#9880,.T.);
#9878 = VERTEX_POINT('',#9879);
#9879 = CARTESIAN_POINT('',(27.27,-4.95,0.));
#9880 = CIRCLE('',#9881,0.45);
#9881 = AXIS2_PLACEMENT_3D('',#9882,#9883,#9884);
#9882 = CARTESIAN_POINT('',(27.27,-4.5,0.));
#9883 = DIRECTION('',(-0.,0.,-1.));
#9884 = DIRECTION('',(-0.,-1.,0.));
#9885 = FACE_BOUND('',#9886,.F.);
#9886 = EDGE_LOOP('',(#9887));
#9887 = ORIENTED_EDGE('',*,*,#9888,.T.);
#9888 = EDGE_CURVE('',#9889,#9889,#9891,.T.);
#9889 = VERTEX_POINT('',#9890);
#9890 = CARTESIAN_POINT('',(32.73,-4.95,0.));
#9891 = CIRCLE('',#9892,0.45);
#9892 = AXIS2_PLACEMENT_3D('',#9893,#9894,#9895);
#9893 = CARTESIAN_POINT('',(32.73,-4.5,0.));
#9894 = DIRECTION('',(-0.,0.,-1.));
#9895 = DIRECTION('',(-1.578983857245E-14,-1.,0.));
#9896 = FACE_BOUND('',#9897,.F.);
#9897 = EDGE_LOOP('',(#9898));
#9898 = ORIENTED_EDGE('',*,*,#9899,.T.);
#9899 = EDGE_CURVE('',#9900,#9900,#9902,.T.);
#9900 = VERTEX_POINT('',#9901);
#9901 = CARTESIAN_POINT('',(35.27,-4.95,0.));
#9902 = CIRCLE('',#9903,0.45);
#9903 = AXIS2_PLACEMENT_3D('',#9904,#9905,#9906);
#9904 = CARTESIAN_POINT('',(35.27,-4.5,0.));
#9905 = DIRECTION('',(-0.,0.,-1.));
#9906 = DIRECTION('',(1.578983857245E-14,-1.,-0.));
#9907 = FACE_BOUND('',#9908,.F.);
#9908 = EDGE_LOOP('',(#9909));
#9909 = ORIENTED_EDGE('',*,*,#9910,.T.);
#9910 = EDGE_CURVE('',#9911,#9911,#9913,.T.);
#9911 = VERTEX_POINT('',#9912);
#9912 = CARTESIAN_POINT('',(40.73,-4.95,0.));
#9913 = CIRCLE('',#9914,0.45);
#9914 = AXIS2_PLACEMENT_3D('',#9915,#9916,#9917);
#9915 = CARTESIAN_POINT('',(40.73,-4.5,0.));
#9916 = DIRECTION('',(-0.,0.,-1.));
#9917 = DIRECTION('',(-1.578983857245E-14,-1.,0.));
#9918 = FACE_BOUND('',#9919,.F.);
#9919 = EDGE_LOOP('',(#9920));
#9920 = ORIENTED_EDGE('',*,*,#9921,.T.);
#9921 = EDGE_CURVE('',#9922,#9922,#9924,.T.);
#9922 = VERTEX_POINT('',#9923);
#9923 = CARTESIAN_POINT('',(43.27,-4.95,0.));
#9924 = CIRCLE('',#9925,0.45);
#9925 = AXIS2_PLACEMENT_3D('',#9926,#9927,#9928);
#9926 = CARTESIAN_POINT('',(43.27,-4.5,0.));
#9927 = DIRECTION('',(-0.,0.,-1.));
#9928 = DIRECTION('',(1.578983857245E-14,-1.,-0.));
#9929 = FACE_BOUND('',#9930,.F.);
#9930 = EDGE_LOOP('',(#9931));
#9931 = ORIENTED_EDGE('',*,*,#9932,.T.);
#9932 = EDGE_CURVE('',#9933,#9933,#9935,.T.);
#9933 = VERTEX_POINT('',#9934);
#9934 = CARTESIAN_POINT('',(48.73,-10.955,0.));
#9935 = CIRCLE('',#9936,0.455);
#9936 = AXIS2_PLACEMENT_3D('',#9937,#9938,#9939);
#9937 = CARTESIAN_POINT('',(48.73,-10.5,0.));
#9938 = DIRECTION('',(-0.,0.,-1.));
#9939 = DIRECTION('',(-1.561632386286E-14,-1.,0.));
#9940 = FACE_BOUND('',#9941,.F.);
#9941 = EDGE_LOOP('',(#9942));
#9942 = ORIENTED_EDGE('',*,*,#9943,.T.);
#9943 = EDGE_CURVE('',#9944,#9944,#9946,.T.);
#9944 = VERTEX_POINT('',#9945);
#9945 = CARTESIAN_POINT('',(51.27,-10.955,0.));
#9946 = CIRCLE('',#9947,0.455);
#9947 = AXIS2_PLACEMENT_3D('',#9948,#9949,#9950);
#9948 = CARTESIAN_POINT('',(51.27,-10.5,0.));
#9949 = DIRECTION('',(-0.,0.,-1.));
#9950 = DIRECTION('',(1.561632386286E-14,-1.,-0.));
#9951 = FACE_BOUND('',#9952,.F.);
#9952 = EDGE_LOOP('',(#9953));
#9953 = ORIENTED_EDGE('',*,*,#9954,.T.);
#9954 = EDGE_CURVE('',#9955,#9955,#9957,.T.);
#9955 = VERTEX_POINT('',#9956);
#9956 = CARTESIAN_POINT('',(56.73,-10.955,0.));
#9957 = CIRCLE('',#9958,0.455);
#9958 = AXIS2_PLACEMENT_3D('',#9959,#9960,#9961);
#9959 = CARTESIAN_POINT('',(56.73,-10.5,0.));
#9960 = DIRECTION('',(-0.,0.,-1.));
#9961 = DIRECTION('',(-1.561632386286E-14,-1.,0.));
#9962 = FACE_BOUND('',#9963,.F.);
#9963 = EDGE_LOOP('',(#9964));
#9964 = ORIENTED_EDGE('',*,*,#9965,.T.);
#9965 = EDGE_CURVE('',#9966,#9966,#9968,.T.);
#9966 = VERTEX_POINT('',#9967);
#9967 = CARTESIAN_POINT('',(59.27,-10.955,0.));
#9968 = CIRCLE('',#9969,0.455);
#9969 = AXIS2_PLACEMENT_3D('',#9970,#9971,#9972);
#9970 = CARTESIAN_POINT('',(59.27,-10.5,0.));
#9971 = DIRECTION('',(-0.,0.,-1.));
#9972 = DIRECTION('',(1.561632386286E-14,-1.,-0.));
#9973 = FACE_BOUND('',#9974,.F.);
#9974 = EDGE_LOOP('',(#9975));
#9975 = ORIENTED_EDGE('',*,*,#9976,.T.);
#9976 = EDGE_CURVE('',#9977,#9977,#9979,.T.);
#9977 = VERTEX_POINT('',#9978);
#9978 = CARTESIAN_POINT('',(64.73,-10.955,0.));
#9979 = CIRCLE('',#9980,0.455);
#9980 = AXIS2_PLACEMENT_3D('',#9981,#9982,#9983);
#9981 = CARTESIAN_POINT('',(64.73,-10.5,0.));
#9982 = DIRECTION('',(-0.,0.,-1.));
#9983 = DIRECTION('',(-0.,-1.,0.));
#9984 = FACE_BOUND('',#9985,.F.);
#9985 = EDGE_LOOP('',(#9986));
#9986 = ORIENTED_EDGE('',*,*,#9987,.T.);
#9987 = EDGE_CURVE('',#9988,#9988,#9990,.T.);
#9988 = VERTEX_POINT('',#9989);
#9989 = CARTESIAN_POINT('',(67.27,-10.955,0.));
#9990 = CIRCLE('',#9991,0.455);
#9991 = AXIS2_PLACEMENT_3D('',#9992,#9993,#9994);
#9992 = CARTESIAN_POINT('',(67.27,-10.5,0.));
#9993 = DIRECTION('',(-0.,0.,-1.));
#9994 = DIRECTION('',(-0.,-1.,0.));
#9995 = FACE_BOUND('',#9996,.F.);
#9996 = EDGE_LOOP('',(#9997));
#9997 = ORIENTED_EDGE('',*,*,#9998,.T.);
#9998 = EDGE_CURVE('',#9999,#9999,#10001,.T.);
#9999 = VERTEX_POINT('',#10000);
#10000 = CARTESIAN_POINT('',(72.73,-10.955,0.));
#10001 = CIRCLE('',#10002,0.455);
#10002 = AXIS2_PLACEMENT_3D('',#10003,#10004,#10005);
#10003 = CARTESIAN_POINT('',(72.73,-10.5,0.));
#10004 = DIRECTION('',(-0.,0.,-1.));
#10005 = DIRECTION('',(-0.,-1.,0.));
#10006 = FACE_BOUND('',#10007,.F.);
#10007 = EDGE_LOOP('',(#10008));
#10008 = ORIENTED_EDGE('',*,*,#10009,.T.);
#10009 = EDGE_CURVE('',#10010,#10010,#10012,.T.);
#10010 = VERTEX_POINT('',#10011);
#10011 = CARTESIAN_POINT('',(75.27,-10.955,0.));
#10012 = CIRCLE('',#10013,0.455);
#10013 = AXIS2_PLACEMENT_3D('',#10014,#10015,#10016);
#10014 = CARTESIAN_POINT('',(75.27,-10.5,0.));
#10015 = DIRECTION('',(-0.,0.,-1.));
#10016 = DIRECTION('',(-0.,-1.,0.));
#10017 = FACE_BOUND('',#10018,.F.);
#10018 = EDGE_LOOP('',(#10019));
#10019 = ORIENTED_EDGE('',*,*,#10020,.T.);
#10020 = EDGE_CURVE('',#10021,#10021,#10023,.T.);
#10021 = VERTEX_POINT('',#10022);
#10022 = CARTESIAN_POINT('',(48.73,-4.95,0.));
#10023 = CIRCLE('',#10024,0.45);
#10024 = AXIS2_PLACEMENT_3D('',#10025,#10026,#10027);
#10025 = CARTESIAN_POINT('',(48.73,-4.5,0.));
#10026 = DIRECTION('',(-0.,0.,-1.));
#10027 = DIRECTION('',(-1.578983857245E-14,-1.,0.));
#10028 = FACE_BOUND('',#10029,.F.);
#10029 = EDGE_LOOP('',(#10030));
#10030 = ORIENTED_EDGE('',*,*,#10031,.T.);
#10031 = EDGE_CURVE('',#10032,#10032,#10034,.T.);
#10032 = VERTEX_POINT('',#10033);
#10033 = CARTESIAN_POINT('',(51.27,-4.95,0.));
#10034 = CIRCLE('',#10035,0.45);
#10035 = AXIS2_PLACEMENT_3D('',#10036,#10037,#10038);
#10036 = CARTESIAN_POINT('',(51.27,-4.5,0.));
#10037 = DIRECTION('',(-0.,0.,-1.));
#10038 = DIRECTION('',(1.578983857245E-14,-1.,-0.));
#10039 = FACE_BOUND('',#10040,.F.);
#10040 = EDGE_LOOP('',(#10041));
#10041 = ORIENTED_EDGE('',*,*,#10042,.T.);
#10042 = EDGE_CURVE('',#10043,#10043,#10045,.T.);
#10043 = VERTEX_POINT('',#10044);
#10044 = CARTESIAN_POINT('',(56.73,-4.95,0.));
#10045 = CIRCLE('',#10046,0.45);
#10046 = AXIS2_PLACEMENT_3D('',#10047,#10048,#10049);
#10047 = CARTESIAN_POINT('',(56.73,-4.5,0.));
#10048 = DIRECTION('',(-0.,0.,-1.));
#10049 = DIRECTION('',(-1.578983857245E-14,-1.,0.));
#10050 = FACE_BOUND('',#10051,.F.);
#10051 = EDGE_LOOP('',(#10052));
#10052 = ORIENTED_EDGE('',*,*,#10053,.T.);
#10053 = EDGE_CURVE('',#10054,#10054,#10056,.T.);
#10054 = VERTEX_POINT('',#10055);
#10055 = CARTESIAN_POINT('',(59.27,-4.95,0.));
#10056 = CIRCLE('',#10057,0.45);
#10057 = AXIS2_PLACEMENT_3D('',#10058,#10059,#10060);
#10058 = CARTESIAN_POINT('',(59.27,-4.5,0.));
#10059 = DIRECTION('',(-0.,0.,-1.));
#10060 = DIRECTION('',(1.578983857245E-14,-1.,-0.));
#10061 = FACE_BOUND('',#10062,.F.);
#10062 = EDGE_LOOP('',(#10063));
#10063 = ORIENTED_EDGE('',*,*,#10064,.T.);
#10064 = EDGE_CURVE('',#10065,#10065,#10067,.T.);
#10065 = VERTEX_POINT('',#10066);
#10066 = CARTESIAN_POINT('',(64.73,-4.95,0.));
#10067 = CIRCLE('',#10068,0.45);
#10068 = AXIS2_PLACEMENT_3D('',#10069,#10070,#10071);
#10069 = CARTESIAN_POINT('',(64.73,-4.5,0.));
#10070 = DIRECTION('',(-0.,0.,-1.));
#10071 = DIRECTION('',(-0.,-1.,0.));
#10072 = FACE_BOUND('',#10073,.F.);
#10073 = EDGE_LOOP('',(#10074));
#10074 = ORIENTED_EDGE('',*,*,#10075,.T.);
#10075 = EDGE_CURVE('',#10076,#10076,#10078,.T.);
#10076 = VERTEX_POINT('',#10077);
#10077 = CARTESIAN_POINT('',(67.27,-4.95,0.));
#10078 = CIRCLE('',#10079,0.45);
#10079 = AXIS2_PLACEMENT_3D('',#10080,#10081,#10082);
#10080 = CARTESIAN_POINT('',(67.27,-4.5,0.));
#10081 = DIRECTION('',(-0.,0.,-1.));
#10082 = DIRECTION('',(-0.,-1.,0.));
#10083 = FACE_BOUND('',#10084,.F.);
#10084 = EDGE_LOOP('',(#10085));
#10085 = ORIENTED_EDGE('',*,*,#10086,.T.);
#10086 = EDGE_CURVE('',#10087,#10087,#10089,.T.);
#10087 = VERTEX_POINT('',#10088);
#10088 = CARTESIAN_POINT('',(72.73,-4.95,0.));
#10089 = CIRCLE('',#10090,0.45);
#10090 = AXIS2_PLACEMENT_3D('',#10091,#10092,#10093);
#10091 = CARTESIAN_POINT('',(72.73,-4.5,0.));
#10092 = DIRECTION('',(-0.,0.,-1.));
#10093 = DIRECTION('',(-0.,-1.,0.));
#10094 = FACE_BOUND('',#10095,.F.);
#10095 = EDGE_LOOP('',(#10096));
#10096 = ORIENTED_EDGE('',*,*,#10097,.T.);
#10097 = EDGE_CURVE('',#10098,#10098,#10100,.T.);
#10098 = VERTEX_POINT('',#10099);
#10099 = CARTESIAN_POINT('',(75.27,-4.95,0.));
#10100 = CIRCLE('',#10101,0.45);
#10101 = AXIS2_PLACEMENT_3D('',#10102,#10103,#10104);
#10102 = CARTESIAN_POINT('',(75.27,-4.5,0.));
#10103 = DIRECTION('',(-0.,0.,-1.));
#10104 = DIRECTION('',(-0.,-1.,0.));
#10105 = FACE_BOUND('',#10106,.F.);
#10106 = EDGE_LOOP('',(#10107));
#10107 = ORIENTED_EDGE('',*,*,#10108,.F.);
#10108 = EDGE_CURVE('',#10109,#10109,#10111,.T.);
#10109 = VERTEX_POINT('',#10110);
#10110 = CARTESIAN_POINT('',(92.55,-3.07,0.));
#10111 = CIRCLE('',#10112,1.5);
#10112 = AXIS2_PLACEMENT_3D('',#10113,#10114,#10115);
#10113 = CARTESIAN_POINT('',(91.05,-3.07,0.));
#10114 = DIRECTION('',(0.,0.,1.));
#10115 = DIRECTION('',(1.,0.,-0.));
#10116 = PLANE('',#10117);
#10117 = AXIS2_PLACEMENT_3D('',#10118,#10119,#10120);
#10118 = CARTESIAN_POINT('',(0.,0.,0.));
#10119 = DIRECTION('',(0.,0.,1.));
#10120 = DIRECTION('',(1.,0.,-0.));
#10121 = ADVANCED_FACE('',(#10122,#10133,#10144,#10155,#10166,#10177,
    #10188,#10199,#10210,#10221,#10232,#10243,#10254,#10265,#10276,
    #10287,#10298,#10309,#10320,#10331,#10342,#10353,#10364,#10375,
    #10386,#10397,#10408,#10419,#10430,#10441,#10452,#10463,#10474,
    #10485,#10496,#10507,#10518,#10529,#10540,#10551,#10562,#10573,
    #10584,#10595,#10606,#10617),#10628,.T.);
#10122 = FACE_BOUND('',#10123,.T.);
#10123 = EDGE_LOOP('',(#10124,#10125,#10126,#10132));
#10124 = ORIENTED_EDGE('',*,*,#9521,.F.);
#10125 = ORIENTED_EDGE('',*,*,#9561,.F.);
#10126 = ORIENTED_EDGE('',*,*,#10127,.F.);
#10127 = EDGE_CURVE('',#9584,#9554,#10128,.T.);
#10128 = LINE('',#10129,#10130);
#10129 = CARTESIAN_POINT('',(0.,0.,1.6));
#10130 = VECTOR('',#10131,1.);
#10131 = DIRECTION('',(1.,0.,0.));
#10132 = ORIENTED_EDGE('',*,*,#9583,.F.);
#10133 = FACE_BOUND('',#10134,.T.);
#10134 = EDGE_LOOP('',(#10135));
#10135 = ORIENTED_EDGE('',*,*,#10136,.T.);
#10136 = EDGE_CURVE('',#10137,#10137,#10139,.T.);
#10137 = VERTEX_POINT('',#10138);
#10138 = CARTESIAN_POINT('',(25.,-19.475,1.6));
#10139 = CIRCLE('',#10140,0.475);
#10140 = AXIS2_PLACEMENT_3D('',#10141,#10142,#10143);
#10141 = CARTESIAN_POINT('',(25.,-19.,1.6));
#10142 = DIRECTION('',(-0.,0.,-1.));
#10143 = DIRECTION('',(-0.,-1.,0.));
#10144 = FACE_BOUND('',#10145,.T.);
#10145 = EDGE_LOOP('',(#10146));
#10146 = ORIENTED_EDGE('',*,*,#10147,.T.);
#10147 = EDGE_CURVE('',#10148,#10148,#10150,.T.);
#10148 = VERTEX_POINT('',#10149);
#10149 = CARTESIAN_POINT('',(27.5,-19.475,1.6));
#10150 = CIRCLE('',#10151,0.475);
#10151 = AXIS2_PLACEMENT_3D('',#10152,#10153,#10154);
#10152 = CARTESIAN_POINT('',(27.5,-19.,1.6));
#10153 = DIRECTION('',(-0.,0.,-1.));
#10154 = DIRECTION('',(-0.,-1.,0.));
#10155 = FACE_BOUND('',#10156,.T.);
#10156 = EDGE_LOOP('',(#10157));
#10157 = ORIENTED_EDGE('',*,*,#10158,.T.);
#10158 = EDGE_CURVE('',#10159,#10159,#10161,.T.);
#10159 = VERTEX_POINT('',#10160);
#10160 = CARTESIAN_POINT('',(30.,-19.475,1.6));
#10161 = CIRCLE('',#10162,0.475);
#10162 = AXIS2_PLACEMENT_3D('',#10163,#10164,#10165);
#10163 = CARTESIAN_POINT('',(30.,-19.,1.6));
#10164 = DIRECTION('',(-0.,0.,-1.));
#10165 = DIRECTION('',(-0.,-1.,0.));
#10166 = FACE_BOUND('',#10167,.T.);
#10167 = EDGE_LOOP('',(#10168));
#10168 = ORIENTED_EDGE('',*,*,#10169,.T.);
#10169 = EDGE_CURVE('',#10170,#10170,#10172,.T.);
#10170 = VERTEX_POINT('',#10171);
#10171 = CARTESIAN_POINT('',(32.5,-19.475,1.6));
#10172 = CIRCLE('',#10173,0.475);
#10173 = AXIS2_PLACEMENT_3D('',#10174,#10175,#10176);
#10174 = CARTESIAN_POINT('',(32.5,-19.,1.6));
#10175 = DIRECTION('',(-0.,0.,-1.));
#10176 = DIRECTION('',(-0.,-1.,0.));
#10177 = FACE_BOUND('',#10178,.T.);
#10178 = EDGE_LOOP('',(#10179));
#10179 = ORIENTED_EDGE('',*,*,#10180,.T.);
#10180 = EDGE_CURVE('',#10181,#10181,#10183,.T.);
#10181 = VERTEX_POINT('',#10182);
#10182 = CARTESIAN_POINT('',(35.,-19.475,1.6));
#10183 = CIRCLE('',#10184,0.475);
#10184 = AXIS2_PLACEMENT_3D('',#10185,#10186,#10187);
#10185 = CARTESIAN_POINT('',(35.,-19.,1.6));
#10186 = DIRECTION('',(-0.,0.,-1.));
#10187 = DIRECTION('',(-0.,-1.,0.));
#10188 = FACE_BOUND('',#10189,.T.);
#10189 = EDGE_LOOP('',(#10190));
#10190 = ORIENTED_EDGE('',*,*,#10191,.T.);
#10191 = EDGE_CURVE('',#10192,#10192,#10194,.T.);
#10192 = VERTEX_POINT('',#10193);
#10193 = CARTESIAN_POINT('',(50.,-19.5,1.6));
#10194 = CIRCLE('',#10195,0.5);
#10195 = AXIS2_PLACEMENT_3D('',#10196,#10197,#10198);
#10196 = CARTESIAN_POINT('',(50.,-19.,1.6));
#10197 = DIRECTION('',(-0.,0.,-1.));
#10198 = DIRECTION('',(-0.,-1.,0.));
#10199 = FACE_BOUND('',#10200,.T.);
#10200 = EDGE_LOOP('',(#10201));
#10201 = ORIENTED_EDGE('',*,*,#10202,.T.);
#10202 = EDGE_CURVE('',#10203,#10203,#10205,.T.);
#10203 = VERTEX_POINT('',#10204);
#10204 = CARTESIAN_POINT('',(52.5,-19.5,1.6));
#10205 = CIRCLE('',#10206,0.5);
#10206 = AXIS2_PLACEMENT_3D('',#10207,#10208,#10209);
#10207 = CARTESIAN_POINT('',(52.5,-19.,1.6));
#10208 = DIRECTION('',(-0.,0.,-1.));
#10209 = DIRECTION('',(-0.,-1.,0.));
#10210 = FACE_BOUND('',#10211,.T.);
#10211 = EDGE_LOOP('',(#10212));
#10212 = ORIENTED_EDGE('',*,*,#10213,.T.);
#10213 = EDGE_CURVE('',#10214,#10214,#10216,.T.);
#10214 = VERTEX_POINT('',#10215);
#10215 = CARTESIAN_POINT('',(8.73,-10.955,1.6));
#10216 = CIRCLE('',#10217,0.455);
#10217 = AXIS2_PLACEMENT_3D('',#10218,#10219,#10220);
#10218 = CARTESIAN_POINT('',(8.73,-10.5,1.6));
#10219 = DIRECTION('',(-0.,0.,-1.));
#10220 = DIRECTION('',(-0.,-1.,0.));
#10221 = FACE_BOUND('',#10222,.T.);
#10222 = EDGE_LOOP('',(#10223));
#10223 = ORIENTED_EDGE('',*,*,#10224,.T.);
#10224 = EDGE_CURVE('',#10225,#10225,#10227,.T.);
#10225 = VERTEX_POINT('',#10226);
#10226 = CARTESIAN_POINT('',(11.27,-10.955,1.6));
#10227 = CIRCLE('',#10228,0.455);
#10228 = AXIS2_PLACEMENT_3D('',#10229,#10230,#10231);
#10229 = CARTESIAN_POINT('',(11.27,-10.5,1.6));
#10230 = DIRECTION('',(-0.,0.,-1.));
#10231 = DIRECTION('',(-0.,-1.,0.));
#10232 = FACE_BOUND('',#10233,.T.);
#10233 = EDGE_LOOP('',(#10234));
#10234 = ORIENTED_EDGE('',*,*,#10235,.T.);
#10235 = EDGE_CURVE('',#10236,#10236,#10238,.T.);
#10236 = VERTEX_POINT('',#10237);
#10237 = CARTESIAN_POINT('',(16.73,-10.955,1.6));
#10238 = CIRCLE('',#10239,0.455);
#10239 = AXIS2_PLACEMENT_3D('',#10240,#10241,#10242);
#10240 = CARTESIAN_POINT('',(16.73,-10.5,1.6));
#10241 = DIRECTION('',(-0.,0.,-1.));
#10242 = DIRECTION('',(7.80816193143E-15,-1.,-0.));
#10243 = FACE_BOUND('',#10244,.T.);
#10244 = EDGE_LOOP('',(#10245));
#10245 = ORIENTED_EDGE('',*,*,#10246,.T.);
#10246 = EDGE_CURVE('',#10247,#10247,#10249,.T.);
#10247 = VERTEX_POINT('',#10248);
#10248 = CARTESIAN_POINT('',(19.27,-10.955,1.6));
#10249 = CIRCLE('',#10250,0.455);
#10250 = AXIS2_PLACEMENT_3D('',#10251,#10252,#10253);
#10251 = CARTESIAN_POINT('',(19.27,-10.5,1.6));
#10252 = DIRECTION('',(-0.,0.,-1.));
#10253 = DIRECTION('',(-7.80816193143E-15,-1.,0.));
#10254 = FACE_BOUND('',#10255,.T.);
#10255 = EDGE_LOOP('',(#10256));
#10256 = ORIENTED_EDGE('',*,*,#10257,.T.);
#10257 = EDGE_CURVE('',#10258,#10258,#10260,.T.);
#10258 = VERTEX_POINT('',#10259);
#10259 = CARTESIAN_POINT('',(24.73,-10.955,1.6));
#10260 = CIRCLE('',#10261,0.455);
#10261 = AXIS2_PLACEMENT_3D('',#10262,#10263,#10264);
#10262 = CARTESIAN_POINT('',(24.73,-10.5,1.6));
#10263 = DIRECTION('',(-0.,0.,-1.));
#10264 = DIRECTION('',(7.80816193143E-15,-1.,-0.));
#10265 = FACE_BOUND('',#10266,.T.);
#10266 = EDGE_LOOP('',(#10267));
#10267 = ORIENTED_EDGE('',*,*,#10268,.T.);
#10268 = EDGE_CURVE('',#10269,#10269,#10271,.T.);
#10269 = VERTEX_POINT('',#10270);
#10270 = CARTESIAN_POINT('',(27.27,-10.955,1.6));
#10271 = CIRCLE('',#10272,0.455);
#10272 = AXIS2_PLACEMENT_3D('',#10273,#10274,#10275);
#10273 = CARTESIAN_POINT('',(27.27,-10.5,1.6));
#10274 = DIRECTION('',(-0.,0.,-1.));
#10275 = DIRECTION('',(-7.80816193143E-15,-1.,0.));
#10276 = FACE_BOUND('',#10277,.T.);
#10277 = EDGE_LOOP('',(#10278));
#10278 = ORIENTED_EDGE('',*,*,#10279,.T.);
#10279 = EDGE_CURVE('',#10280,#10280,#10282,.T.);
#10280 = VERTEX_POINT('',#10281);
#10281 = CARTESIAN_POINT('',(32.73,-10.955,1.6));
#10282 = CIRCLE('',#10283,0.455);
#10283 = AXIS2_PLACEMENT_3D('',#10284,#10285,#10286);
#10284 = CARTESIAN_POINT('',(32.73,-10.5,1.6));
#10285 = DIRECTION('',(-0.,0.,-1.));
#10286 = DIRECTION('',(-1.561632386286E-14,-1.,0.));
#10287 = FACE_BOUND('',#10288,.T.);
#10288 = EDGE_LOOP('',(#10289));
#10289 = ORIENTED_EDGE('',*,*,#10290,.T.);
#10290 = EDGE_CURVE('',#10291,#10291,#10293,.T.);
#10291 = VERTEX_POINT('',#10292);
#10292 = CARTESIAN_POINT('',(35.27,-10.955,1.6));
#10293 = CIRCLE('',#10294,0.455);
#10294 = AXIS2_PLACEMENT_3D('',#10295,#10296,#10297);
#10295 = CARTESIAN_POINT('',(35.27,-10.5,1.6));
#10296 = DIRECTION('',(-0.,0.,-1.));
#10297 = DIRECTION('',(1.561632386286E-14,-1.,-0.));
#10298 = FACE_BOUND('',#10299,.T.);
#10299 = EDGE_LOOP('',(#10300));
#10300 = ORIENTED_EDGE('',*,*,#10301,.T.);
#10301 = EDGE_CURVE('',#10302,#10302,#10304,.T.);
#10302 = VERTEX_POINT('',#10303);
#10303 = CARTESIAN_POINT('',(40.73,-10.955,1.6));
#10304 = CIRCLE('',#10305,0.455);
#10305 = AXIS2_PLACEMENT_3D('',#10306,#10307,#10308);
#10306 = CARTESIAN_POINT('',(40.73,-10.5,1.6));
#10307 = DIRECTION('',(-0.,0.,-1.));
#10308 = DIRECTION('',(-1.561632386286E-14,-1.,0.));
#10309 = FACE_BOUND('',#10310,.T.);
#10310 = EDGE_LOOP('',(#10311));
#10311 = ORIENTED_EDGE('',*,*,#10312,.T.);
#10312 = EDGE_CURVE('',#10313,#10313,#10315,.T.);
#10313 = VERTEX_POINT('',#10314);
#10314 = CARTESIAN_POINT('',(43.27,-10.955,1.6));
#10315 = CIRCLE('',#10316,0.455);
#10316 = AXIS2_PLACEMENT_3D('',#10317,#10318,#10319);
#10317 = CARTESIAN_POINT('',(43.27,-10.5,1.6));
#10318 = DIRECTION('',(-0.,0.,-1.));
#10319 = DIRECTION('',(1.561632386286E-14,-1.,-0.));
#10320 = FACE_BOUND('',#10321,.T.);
#10321 = EDGE_LOOP('',(#10322));
#10322 = ORIENTED_EDGE('',*,*,#10323,.T.);
#10323 = EDGE_CURVE('',#10324,#10324,#10326,.T.);
#10324 = VERTEX_POINT('',#10325);
#10325 = CARTESIAN_POINT('',(8.73,-4.95,1.6));
#10326 = CIRCLE('',#10327,0.45);
#10327 = AXIS2_PLACEMENT_3D('',#10328,#10329,#10330);
#10328 = CARTESIAN_POINT('',(8.73,-4.5,1.6));
#10329 = DIRECTION('',(-0.,0.,-1.));
#10330 = DIRECTION('',(-0.,-1.,0.));
#10331 = FACE_BOUND('',#10332,.T.);
#10332 = EDGE_LOOP('',(#10333));
#10333 = ORIENTED_EDGE('',*,*,#10334,.T.);
#10334 = EDGE_CURVE('',#10335,#10335,#10337,.T.);
#10335 = VERTEX_POINT('',#10336);
#10336 = CARTESIAN_POINT('',(11.27,-4.95,1.6));
#10337 = CIRCLE('',#10338,0.45);
#10338 = AXIS2_PLACEMENT_3D('',#10339,#10340,#10341);
#10339 = CARTESIAN_POINT('',(11.27,-4.5,1.6));
#10340 = DIRECTION('',(-0.,0.,-1.));
#10341 = DIRECTION('',(-0.,-1.,0.));
#10342 = FACE_BOUND('',#10343,.T.);
#10343 = EDGE_LOOP('',(#10344));
#10344 = ORIENTED_EDGE('',*,*,#10345,.T.);
#10345 = EDGE_CURVE('',#10346,#10346,#10348,.T.);
#10346 = VERTEX_POINT('',#10347);
#10347 = CARTESIAN_POINT('',(16.73,-4.95,1.6));
#10348 = CIRCLE('',#10349,0.45);
#10349 = AXIS2_PLACEMENT_3D('',#10350,#10351,#10352);
#10350 = CARTESIAN_POINT('',(16.73,-4.5,1.6));
#10351 = DIRECTION('',(-0.,0.,-1.));
#10352 = DIRECTION('',(-0.,-1.,0.));
#10353 = FACE_BOUND('',#10354,.T.);
#10354 = EDGE_LOOP('',(#10355));
#10355 = ORIENTED_EDGE('',*,*,#10356,.T.);
#10356 = EDGE_CURVE('',#10357,#10357,#10359,.T.);
#10357 = VERTEX_POINT('',#10358);
#10358 = CARTESIAN_POINT('',(19.27,-4.95,1.6));
#10359 = CIRCLE('',#10360,0.45);
#10360 = AXIS2_PLACEMENT_3D('',#10361,#10362,#10363);
#10361 = CARTESIAN_POINT('',(19.27,-4.5,1.6));
#10362 = DIRECTION('',(-0.,0.,-1.));
#10363 = DIRECTION('',(-0.,-1.,0.));
#10364 = FACE_BOUND('',#10365,.T.);
#10365 = EDGE_LOOP('',(#10366));
#10366 = ORIENTED_EDGE('',*,*,#10367,.F.);
#10367 = EDGE_CURVE('',#10368,#10368,#10370,.T.);
#10368 = VERTEX_POINT('',#10369);
#10369 = CARTESIAN_POINT('',(4.55,-3.07,1.6));
#10370 = CIRCLE('',#10371,1.5);
#10371 = AXIS2_PLACEMENT_3D('',#10372,#10373,#10374);
#10372 = CARTESIAN_POINT('',(3.05,-3.07,1.6));
#10373 = DIRECTION('',(0.,0.,1.));
#10374 = DIRECTION('',(1.,0.,-0.));
#10375 = FACE_BOUND('',#10376,.T.);
#10376 = EDGE_LOOP('',(#10377));
#10377 = ORIENTED_EDGE('',*,*,#10378,.T.);
#10378 = EDGE_CURVE('',#10379,#10379,#10381,.T.);
#10379 = VERTEX_POINT('',#10380);
#10380 = CARTESIAN_POINT('',(24.73,-4.95,1.6));
#10381 = CIRCLE('',#10382,0.45);
#10382 = AXIS2_PLACEMENT_3D('',#10383,#10384,#10385);
#10383 = CARTESIAN_POINT('',(24.73,-4.5,1.6));
#10384 = DIRECTION('',(-0.,0.,-1.));
#10385 = DIRECTION('',(-0.,-1.,0.));
#10386 = FACE_BOUND('',#10387,.T.);
#10387 = EDGE_LOOP('',(#10388));
#10388 = ORIENTED_EDGE('',*,*,#10389,.T.);
#10389 = EDGE_CURVE('',#10390,#10390,#10392,.T.);
#10390 = VERTEX_POINT('',#10391);
#10391 = CARTESIAN_POINT('',(27.27,-4.95,1.6));
#10392 = CIRCLE('',#10393,0.45);
#10393 = AXIS2_PLACEMENT_3D('',#10394,#10395,#10396);
#10394 = CARTESIAN_POINT('',(27.27,-4.5,1.6));
#10395 = DIRECTION('',(-0.,0.,-1.));
#10396 = DIRECTION('',(-0.,-1.,0.));
#10397 = FACE_BOUND('',#10398,.T.);
#10398 = EDGE_LOOP('',(#10399));
#10399 = ORIENTED_EDGE('',*,*,#10400,.T.);
#10400 = EDGE_CURVE('',#10401,#10401,#10403,.T.);
#10401 = VERTEX_POINT('',#10402);
#10402 = CARTESIAN_POINT('',(32.73,-4.95,1.6));
#10403 = CIRCLE('',#10404,0.45);
#10404 = AXIS2_PLACEMENT_3D('',#10405,#10406,#10407);
#10405 = CARTESIAN_POINT('',(32.73,-4.5,1.6));
#10406 = DIRECTION('',(-0.,0.,-1.));
#10407 = DIRECTION('',(-1.578983857245E-14,-1.,0.));
#10408 = FACE_BOUND('',#10409,.T.);
#10409 = EDGE_LOOP('',(#10410));
#10410 = ORIENTED_EDGE('',*,*,#10411,.T.);
#10411 = EDGE_CURVE('',#10412,#10412,#10414,.T.);
#10412 = VERTEX_POINT('',#10413);
#10413 = CARTESIAN_POINT('',(35.27,-4.95,1.6));
#10414 = CIRCLE('',#10415,0.45);
#10415 = AXIS2_PLACEMENT_3D('',#10416,#10417,#10418);
#10416 = CARTESIAN_POINT('',(35.27,-4.5,1.6));
#10417 = DIRECTION('',(-0.,0.,-1.));
#10418 = DIRECTION('',(1.578983857245E-14,-1.,-0.));
#10419 = FACE_BOUND('',#10420,.T.);
#10420 = EDGE_LOOP('',(#10421));
#10421 = ORIENTED_EDGE('',*,*,#10422,.T.);
#10422 = EDGE_CURVE('',#10423,#10423,#10425,.T.);
#10423 = VERTEX_POINT('',#10424);
#10424 = CARTESIAN_POINT('',(40.73,-4.95,1.6));
#10425 = CIRCLE('',#10426,0.45);
#10426 = AXIS2_PLACEMENT_3D('',#10427,#10428,#10429);
#10427 = CARTESIAN_POINT('',(40.73,-4.5,1.6));
#10428 = DIRECTION('',(-0.,0.,-1.));
#10429 = DIRECTION('',(-1.578983857245E-14,-1.,0.));
#10430 = FACE_BOUND('',#10431,.T.);
#10431 = EDGE_LOOP('',(#10432));
#10432 = ORIENTED_EDGE('',*,*,#10433,.T.);
#10433 = EDGE_CURVE('',#10434,#10434,#10436,.T.);
#10434 = VERTEX_POINT('',#10435);
#10435 = CARTESIAN_POINT('',(43.27,-4.95,1.6));
#10436 = CIRCLE('',#10437,0.45);
#10437 = AXIS2_PLACEMENT_3D('',#10438,#10439,#10440);
#10438 = CARTESIAN_POINT('',(43.27,-4.5,1.6));
#10439 = DIRECTION('',(-0.,0.,-1.));
#10440 = DIRECTION('',(1.578983857245E-14,-1.,-0.));
#10441 = FACE_BOUND('',#10442,.T.);
#10442 = EDGE_LOOP('',(#10443));
#10443 = ORIENTED_EDGE('',*,*,#10444,.T.);
#10444 = EDGE_CURVE('',#10445,#10445,#10447,.T.);
#10445 = VERTEX_POINT('',#10446);
#10446 = CARTESIAN_POINT('',(48.73,-10.955,1.6));
#10447 = CIRCLE('',#10448,0.455);
#10448 = AXIS2_PLACEMENT_3D('',#10449,#10450,#10451);
#10449 = CARTESIAN_POINT('',(48.73,-10.5,1.6));
#10450 = DIRECTION('',(-0.,0.,-1.));
#10451 = DIRECTION('',(-1.561632386286E-14,-1.,0.));
#10452 = FACE_BOUND('',#10453,.T.);
#10453 = EDGE_LOOP('',(#10454));
#10454 = ORIENTED_EDGE('',*,*,#10455,.T.);
#10455 = EDGE_CURVE('',#10456,#10456,#10458,.T.);
#10456 = VERTEX_POINT('',#10457);
#10457 = CARTESIAN_POINT('',(51.27,-10.955,1.6));
#10458 = CIRCLE('',#10459,0.455);
#10459 = AXIS2_PLACEMENT_3D('',#10460,#10461,#10462);
#10460 = CARTESIAN_POINT('',(51.27,-10.5,1.6));
#10461 = DIRECTION('',(-0.,0.,-1.));
#10462 = DIRECTION('',(1.561632386286E-14,-1.,-0.));
#10463 = FACE_BOUND('',#10464,.T.);
#10464 = EDGE_LOOP('',(#10465));
#10465 = ORIENTED_EDGE('',*,*,#10466,.T.);
#10466 = EDGE_CURVE('',#10467,#10467,#10469,.T.);
#10467 = VERTEX_POINT('',#10468);
#10468 = CARTESIAN_POINT('',(56.73,-10.955,1.6));
#10469 = CIRCLE('',#10470,0.455);
#10470 = AXIS2_PLACEMENT_3D('',#10471,#10472,#10473);
#10471 = CARTESIAN_POINT('',(56.73,-10.5,1.6));
#10472 = DIRECTION('',(-0.,0.,-1.));
#10473 = DIRECTION('',(-1.561632386286E-14,-1.,0.));
#10474 = FACE_BOUND('',#10475,.T.);
#10475 = EDGE_LOOP('',(#10476));
#10476 = ORIENTED_EDGE('',*,*,#10477,.T.);
#10477 = EDGE_CURVE('',#10478,#10478,#10480,.T.);
#10478 = VERTEX_POINT('',#10479);
#10479 = CARTESIAN_POINT('',(59.27,-10.955,1.6));
#10480 = CIRCLE('',#10481,0.455);
#10481 = AXIS2_PLACEMENT_3D('',#10482,#10483,#10484);
#10482 = CARTESIAN_POINT('',(59.27,-10.5,1.6));
#10483 = DIRECTION('',(-0.,0.,-1.));
#10484 = DIRECTION('',(1.561632386286E-14,-1.,-0.));
#10485 = FACE_BOUND('',#10486,.T.);
#10486 = EDGE_LOOP('',(#10487));
#10487 = ORIENTED_EDGE('',*,*,#10488,.T.);
#10488 = EDGE_CURVE('',#10489,#10489,#10491,.T.);
#10489 = VERTEX_POINT('',#10490);
#10490 = CARTESIAN_POINT('',(64.73,-10.955,1.6));
#10491 = CIRCLE('',#10492,0.455);
#10492 = AXIS2_PLACEMENT_3D('',#10493,#10494,#10495);
#10493 = CARTESIAN_POINT('',(64.73,-10.5,1.6));
#10494 = DIRECTION('',(-0.,0.,-1.));
#10495 = DIRECTION('',(-0.,-1.,0.));
#10496 = FACE_BOUND('',#10497,.T.);
#10497 = EDGE_LOOP('',(#10498));
#10498 = ORIENTED_EDGE('',*,*,#10499,.T.);
#10499 = EDGE_CURVE('',#10500,#10500,#10502,.T.);
#10500 = VERTEX_POINT('',#10501);
#10501 = CARTESIAN_POINT('',(67.27,-10.955,1.6));
#10502 = CIRCLE('',#10503,0.455);
#10503 = AXIS2_PLACEMENT_3D('',#10504,#10505,#10506);
#10504 = CARTESIAN_POINT('',(67.27,-10.5,1.6));
#10505 = DIRECTION('',(-0.,0.,-1.));
#10506 = DIRECTION('',(-0.,-1.,0.));
#10507 = FACE_BOUND('',#10508,.T.);
#10508 = EDGE_LOOP('',(#10509));
#10509 = ORIENTED_EDGE('',*,*,#10510,.T.);
#10510 = EDGE_CURVE('',#10511,#10511,#10513,.T.);
#10511 = VERTEX_POINT('',#10512);
#10512 = CARTESIAN_POINT('',(72.73,-10.955,1.6));
#10513 = CIRCLE('',#10514,0.455);
#10514 = AXIS2_PLACEMENT_3D('',#10515,#10516,#10517);
#10515 = CARTESIAN_POINT('',(72.73,-10.5,1.6));
#10516 = DIRECTION('',(-0.,0.,-1.));
#10517 = DIRECTION('',(-0.,-1.,0.));
#10518 = FACE_BOUND('',#10519,.T.);
#10519 = EDGE_LOOP('',(#10520));
#10520 = ORIENTED_EDGE('',*,*,#10521,.T.);
#10521 = EDGE_CURVE('',#10522,#10522,#10524,.T.);
#10522 = VERTEX_POINT('',#10523);
#10523 = CARTESIAN_POINT('',(75.27,-10.955,1.6));
#10524 = CIRCLE('',#10525,0.455);
#10525 = AXIS2_PLACEMENT_3D('',#10526,#10527,#10528);
#10526 = CARTESIAN_POINT('',(75.27,-10.5,1.6));
#10527 = DIRECTION('',(-0.,0.,-1.));
#10528 = DIRECTION('',(-0.,-1.,0.));
#10529 = FACE_BOUND('',#10530,.T.);
#10530 = EDGE_LOOP('',(#10531));
#10531 = ORIENTED_EDGE('',*,*,#10532,.T.);
#10532 = EDGE_CURVE('',#10533,#10533,#10535,.T.);
#10533 = VERTEX_POINT('',#10534);
#10534 = CARTESIAN_POINT('',(48.73,-4.95,1.6));
#10535 = CIRCLE('',#10536,0.45);
#10536 = AXIS2_PLACEMENT_3D('',#10537,#10538,#10539);
#10537 = CARTESIAN_POINT('',(48.73,-4.5,1.6));
#10538 = DIRECTION('',(-0.,0.,-1.));
#10539 = DIRECTION('',(-1.578983857245E-14,-1.,0.));
#10540 = FACE_BOUND('',#10541,.T.);
#10541 = EDGE_LOOP('',(#10542));
#10542 = ORIENTED_EDGE('',*,*,#10543,.T.);
#10543 = EDGE_CURVE('',#10544,#10544,#10546,.T.);
#10544 = VERTEX_POINT('',#10545);
#10545 = CARTESIAN_POINT('',(51.27,-4.95,1.6));
#10546 = CIRCLE('',#10547,0.45);
#10547 = AXIS2_PLACEMENT_3D('',#10548,#10549,#10550);
#10548 = CARTESIAN_POINT('',(51.27,-4.5,1.6));
#10549 = DIRECTION('',(-0.,0.,-1.));
#10550 = DIRECTION('',(1.578983857245E-14,-1.,-0.));
#10551 = FACE_BOUND('',#10552,.T.);
#10552 = EDGE_LOOP('',(#10553));
#10553 = ORIENTED_EDGE('',*,*,#10554,.T.);
#10554 = EDGE_CURVE('',#10555,#10555,#10557,.T.);
#10555 = VERTEX_POINT('',#10556);
#10556 = CARTESIAN_POINT('',(56.73,-4.95,1.6));
#10557 = CIRCLE('',#10558,0.45);
#10558 = AXIS2_PLACEMENT_3D('',#10559,#10560,#10561);
#10559 = CARTESIAN_POINT('',(56.73,-4.5,1.6));
#10560 = DIRECTION('',(-0.,0.,-1.));
#10561 = DIRECTION('',(-1.578983857245E-14,-1.,0.));
#10562 = FACE_BOUND('',#10563,.T.);
#10563 = EDGE_LOOP('',(#10564));
#10564 = ORIENTED_EDGE('',*,*,#10565,.T.);
#10565 = EDGE_CURVE('',#10566,#10566,#10568,.T.);
#10566 = VERTEX_POINT('',#10567);
#10567 = CARTESIAN_POINT('',(59.27,-4.95,1.6));
#10568 = CIRCLE('',#10569,0.45);
#10569 = AXIS2_PLACEMENT_3D('',#10570,#10571,#10572);
#10570 = CARTESIAN_POINT('',(59.27,-4.5,1.6));
#10571 = DIRECTION('',(-0.,0.,-1.));
#10572 = DIRECTION('',(1.578983857245E-14,-1.,-0.));
#10573 = FACE_BOUND('',#10574,.T.);
#10574 = EDGE_LOOP('',(#10575));
#10575 = ORIENTED_EDGE('',*,*,#10576,.T.);
#10576 = EDGE_CURVE('',#10577,#10577,#10579,.T.);
#10577 = VERTEX_POINT('',#10578);
#10578 = CARTESIAN_POINT('',(64.73,-4.95,1.6));
#10579 = CIRCLE('',#10580,0.45);
#10580 = AXIS2_PLACEMENT_3D('',#10581,#10582,#10583);
#10581 = CARTESIAN_POINT('',(64.73,-4.5,1.6));
#10582 = DIRECTION('',(-0.,0.,-1.));
#10583 = DIRECTION('',(-0.,-1.,0.));
#10584 = FACE_BOUND('',#10585,.T.);
#10585 = EDGE_LOOP('',(#10586));
#10586 = ORIENTED_EDGE('',*,*,#10587,.T.);
#10587 = EDGE_CURVE('',#10588,#10588,#10590,.T.);
#10588 = VERTEX_POINT('',#10589);
#10589 = CARTESIAN_POINT('',(67.27,-4.95,1.6));
#10590 = CIRCLE('',#10591,0.45);
#10591 = AXIS2_PLACEMENT_3D('',#10592,#10593,#10594);
#10592 = CARTESIAN_POINT('',(67.27,-4.5,1.6));
#10593 = DIRECTION('',(-0.,0.,-1.));
#10594 = DIRECTION('',(-0.,-1.,0.));
#10595 = FACE_BOUND('',#10596,.T.);
#10596 = EDGE_LOOP('',(#10597));
#10597 = ORIENTED_EDGE('',*,*,#10598,.T.);
#10598 = EDGE_CURVE('',#10599,#10599,#10601,.T.);
#10599 = VERTEX_POINT('',#10600);
#10600 = CARTESIAN_POINT('',(72.73,-4.95,1.6));
#10601 = CIRCLE('',#10602,0.45);
#10602 = AXIS2_PLACEMENT_3D('',#10603,#10604,#10605);
#10603 = CARTESIAN_POINT('',(72.73,-4.5,1.6));
#10604 = DIRECTION('',(-0.,0.,-1.));
#10605 = DIRECTION('',(-0.,-1.,0.));
#10606 = FACE_BOUND('',#10607,.T.);
#10607 = EDGE_LOOP('',(#10608));
#10608 = ORIENTED_EDGE('',*,*,#10609,.T.);
#10609 = EDGE_CURVE('',#10610,#10610,#10612,.T.);
#10610 = VERTEX_POINT('',#10611);
#10611 = CARTESIAN_POINT('',(75.27,-4.95,1.6));
#10612 = CIRCLE('',#10613,0.45);
#10613 = AXIS2_PLACEMENT_3D('',#10614,#10615,#10616);
#10614 = CARTESIAN_POINT('',(75.27,-4.5,1.6));
#10615 = DIRECTION('',(-0.,0.,-1.));
#10616 = DIRECTION('',(-0.,-1.,0.));
#10617 = FACE_BOUND('',#10618,.T.);
#10618 = EDGE_LOOP('',(#10619));
#10619 = ORIENTED_EDGE('',*,*,#10620,.F.);
#10620 = EDGE_CURVE('',#10621,#10621,#10623,.T.);
#10621 = VERTEX_POINT('',#10622);
#10622 = CARTESIAN_POINT('',(92.55,-3.07,1.6));
#10623 = CIRCLE('',#10624,1.5);
#10624 = AXIS2_PLACEMENT_3D('',#10625,#10626,#10627);
#10625 = CARTESIAN_POINT('',(91.05,-3.07,1.6));
#10626 = DIRECTION('',(0.,0.,1.));
#10627 = DIRECTION('',(1.,0.,-0.));
#10628 = PLANE('',#10629);
#10629 = AXIS2_PLACEMENT_3D('',#10630,#10631,#10632);
#10630 = CARTESIAN_POINT('',(0.,0.,1.6));
#10631 = DIRECTION('',(0.,0.,1.));
#10632 = DIRECTION('',(1.,0.,-0.));
#10633 = ADVANCED_FACE('',(#10634),#10640,.T.);
#10634 = FACE_BOUND('',#10635,.T.);
#10635 = EDGE_LOOP('',(#10636,#10637,#10638,#10639));
#10636 = ORIENTED_EDGE('',*,*,#9591,.T.);
#10637 = ORIENTED_EDGE('',*,*,#10127,.T.);
#10638 = ORIENTED_EDGE('',*,*,#9551,.F.);
#10639 = ORIENTED_EDGE('',*,*,#9615,.F.);
#10640 = PLANE('',#10641);
#10641 = AXIS2_PLACEMENT_3D('',#10642,#10643,#10644);
#10642 = CARTESIAN_POINT('',(0.,0.,0.));
#10643 = DIRECTION('',(0.,1.,0.));
#10644 = DIRECTION('',(1.,0.,0.));
#10645 = ADVANCED_FACE('',(#10646),#10657,.F.);
#10646 = FACE_BOUND('',#10647,.T.);
#10647 = EDGE_LOOP('',(#10648,#10649,#10655,#10656));
#10648 = ORIENTED_EDGE('',*,*,#9624,.T.);
#10649 = ORIENTED_EDGE('',*,*,#10650,.T.);
#10650 = EDGE_CURVE('',#9625,#10137,#10651,.T.);
#10651 = LINE('',#10652,#10653);
#10652 = CARTESIAN_POINT('',(25.,-19.475,-4.5E-02));
#10653 = VECTOR('',#10654,1.);
#10654 = DIRECTION('',(0.,0.,1.));
#10655 = ORIENTED_EDGE('',*,*,#10136,.F.);
#10656 = ORIENTED_EDGE('',*,*,#10650,.F.);
#10657 = CYLINDRICAL_SURFACE('',#10658,0.475);
#10658 = AXIS2_PLACEMENT_3D('',#10659,#10660,#10661);
#10659 = CARTESIAN_POINT('',(25.,-19.,-4.5E-02));
#10660 = DIRECTION('',(-0.,-0.,-1.));
#10661 = DIRECTION('',(-0.,-1.,0.));
#10662 = ADVANCED_FACE('',(#10663),#10674,.F.);
#10663 = FACE_BOUND('',#10664,.T.);
#10664 = EDGE_LOOP('',(#10665,#10666,#10672,#10673));
#10665 = ORIENTED_EDGE('',*,*,#9635,.T.);
#10666 = ORIENTED_EDGE('',*,*,#10667,.T.);
#10667 = EDGE_CURVE('',#9636,#10148,#10668,.T.);
#10668 = LINE('',#10669,#10670);
#10669 = CARTESIAN_POINT('',(27.5,-19.475,-4.5E-02));
#10670 = VECTOR('',#10671,1.);
#10671 = DIRECTION('',(0.,0.,1.));
#10672 = ORIENTED_EDGE('',*,*,#10147,.F.);
#10673 = ORIENTED_EDGE('',*,*,#10667,.F.);
#10674 = CYLINDRICAL_SURFACE('',#10675,0.475);
#10675 = AXIS2_PLACEMENT_3D('',#10676,#10677,#10678);
#10676 = CARTESIAN_POINT('',(27.5,-19.,-4.5E-02));
#10677 = DIRECTION('',(-0.,-0.,-1.));
#10678 = DIRECTION('',(-0.,-1.,0.));
#10679 = ADVANCED_FACE('',(#10680),#10691,.F.);
#10680 = FACE_BOUND('',#10681,.T.);
#10681 = EDGE_LOOP('',(#10682,#10683,#10689,#10690));
#10682 = ORIENTED_EDGE('',*,*,#9646,.T.);
#10683 = ORIENTED_EDGE('',*,*,#10684,.T.);
#10684 = EDGE_CURVE('',#9647,#10159,#10685,.T.);
#10685 = LINE('',#10686,#10687);
#10686 = CARTESIAN_POINT('',(30.,-19.475,-4.5E-02));
#10687 = VECTOR('',#10688,1.);
#10688 = DIRECTION('',(0.,0.,1.));
#10689 = ORIENTED_EDGE('',*,*,#10158,.F.);
#10690 = ORIENTED_EDGE('',*,*,#10684,.F.);
#10691 = CYLINDRICAL_SURFACE('',#10692,0.475);
#10692 = AXIS2_PLACEMENT_3D('',#10693,#10694,#10695);
#10693 = CARTESIAN_POINT('',(30.,-19.,-4.5E-02));
#10694 = DIRECTION('',(-0.,-0.,-1.));
#10695 = DIRECTION('',(-0.,-1.,0.));
#10696 = ADVANCED_FACE('',(#10697),#10708,.F.);
#10697 = FACE_BOUND('',#10698,.T.);
#10698 = EDGE_LOOP('',(#10699,#10700,#10706,#10707));
#10699 = ORIENTED_EDGE('',*,*,#9657,.T.);
#10700 = ORIENTED_EDGE('',*,*,#10701,.T.);
#10701 = EDGE_CURVE('',#9658,#10170,#10702,.T.);
#10702 = LINE('',#10703,#10704);
#10703 = CARTESIAN_POINT('',(32.5,-19.475,-4.5E-02));
#10704 = VECTOR('',#10705,1.);
#10705 = DIRECTION('',(0.,0.,1.));
#10706 = ORIENTED_EDGE('',*,*,#10169,.F.);
#10707 = ORIENTED_EDGE('',*,*,#10701,.F.);
#10708 = CYLINDRICAL_SURFACE('',#10709,0.475);
#10709 = AXIS2_PLACEMENT_3D('',#10710,#10711,#10712);
#10710 = CARTESIAN_POINT('',(32.5,-19.,-4.5E-02));
#10711 = DIRECTION('',(-0.,-0.,-1.));
#10712 = DIRECTION('',(-0.,-1.,0.));
#10713 = ADVANCED_FACE('',(#10714),#10725,.F.);
#10714 = FACE_BOUND('',#10715,.T.);
#10715 = EDGE_LOOP('',(#10716,#10717,#10723,#10724));
#10716 = ORIENTED_EDGE('',*,*,#9668,.T.);
#10717 = ORIENTED_EDGE('',*,*,#10718,.T.);
#10718 = EDGE_CURVE('',#9669,#10181,#10719,.T.);
#10719 = LINE('',#10720,#10721);
#10720 = CARTESIAN_POINT('',(35.,-19.475,-4.5E-02));
#10721 = VECTOR('',#10722,1.);
#10722 = DIRECTION('',(0.,0.,1.));
#10723 = ORIENTED_EDGE('',*,*,#10180,.F.);
#10724 = ORIENTED_EDGE('',*,*,#10718,.F.);
#10725 = CYLINDRICAL_SURFACE('',#10726,0.475);
#10726 = AXIS2_PLACEMENT_3D('',#10727,#10728,#10729);
#10727 = CARTESIAN_POINT('',(35.,-19.,-4.5E-02));
#10728 = DIRECTION('',(-0.,-0.,-1.));
#10729 = DIRECTION('',(-0.,-1.,0.));
#10730 = ADVANCED_FACE('',(#10731),#10742,.F.);
#10731 = FACE_BOUND('',#10732,.T.);
#10732 = EDGE_LOOP('',(#10733,#10734,#10740,#10741));
#10733 = ORIENTED_EDGE('',*,*,#9679,.T.);
#10734 = ORIENTED_EDGE('',*,*,#10735,.T.);
#10735 = EDGE_CURVE('',#9680,#10192,#10736,.T.);
#10736 = LINE('',#10737,#10738);
#10737 = CARTESIAN_POINT('',(50.,-19.5,-4.5E-02));
#10738 = VECTOR('',#10739,1.);
#10739 = DIRECTION('',(0.,0.,1.));
#10740 = ORIENTED_EDGE('',*,*,#10191,.F.);
#10741 = ORIENTED_EDGE('',*,*,#10735,.F.);
#10742 = CYLINDRICAL_SURFACE('',#10743,0.5);
#10743 = AXIS2_PLACEMENT_3D('',#10744,#10745,#10746);
#10744 = CARTESIAN_POINT('',(50.,-19.,-4.5E-02));
#10745 = DIRECTION('',(-0.,-0.,-1.));
#10746 = DIRECTION('',(-0.,-1.,0.));
#10747 = ADVANCED_FACE('',(#10748),#10759,.F.);
#10748 = FACE_BOUND('',#10749,.T.);
#10749 = EDGE_LOOP('',(#10750,#10751,#10757,#10758));
#10750 = ORIENTED_EDGE('',*,*,#9690,.T.);
#10751 = ORIENTED_EDGE('',*,*,#10752,.T.);
#10752 = EDGE_CURVE('',#9691,#10203,#10753,.T.);
#10753 = LINE('',#10754,#10755);
#10754 = CARTESIAN_POINT('',(52.5,-19.5,-4.5E-02));
#10755 = VECTOR('',#10756,1.);
#10756 = DIRECTION('',(0.,0.,1.));
#10757 = ORIENTED_EDGE('',*,*,#10202,.F.);
#10758 = ORIENTED_EDGE('',*,*,#10752,.F.);
#10759 = CYLINDRICAL_SURFACE('',#10760,0.5);
#10760 = AXIS2_PLACEMENT_3D('',#10761,#10762,#10763);
#10761 = CARTESIAN_POINT('',(52.5,-19.,-4.5E-02));
#10762 = DIRECTION('',(-0.,-0.,-1.));
#10763 = DIRECTION('',(-0.,-1.,0.));
#10764 = ADVANCED_FACE('',(#10765),#10776,.F.);
#10765 = FACE_BOUND('',#10766,.T.);
#10766 = EDGE_LOOP('',(#10767,#10768,#10774,#10775));
#10767 = ORIENTED_EDGE('',*,*,#9701,.T.);
#10768 = ORIENTED_EDGE('',*,*,#10769,.T.);
#10769 = EDGE_CURVE('',#9702,#10214,#10770,.T.);
#10770 = LINE('',#10771,#10772);
#10771 = CARTESIAN_POINT('',(8.73,-10.955,-4.5E-02));
#10772 = VECTOR('',#10773,1.);
#10773 = DIRECTION('',(0.,0.,1.));
#10774 = ORIENTED_EDGE('',*,*,#10213,.F.);
#10775 = ORIENTED_EDGE('',*,*,#10769,.F.);
#10776 = CYLINDRICAL_SURFACE('',#10777,0.455);
#10777 = AXIS2_PLACEMENT_3D('',#10778,#10779,#10780);
#10778 = CARTESIAN_POINT('',(8.73,-10.5,-4.5E-02));
#10779 = DIRECTION('',(-0.,-0.,-1.));
#10780 = DIRECTION('',(-0.,-1.,0.));
#10781 = ADVANCED_FACE('',(#10782),#10793,.F.);
#10782 = FACE_BOUND('',#10783,.T.);
#10783 = EDGE_LOOP('',(#10784,#10785,#10791,#10792));
#10784 = ORIENTED_EDGE('',*,*,#9712,.T.);
#10785 = ORIENTED_EDGE('',*,*,#10786,.T.);
#10786 = EDGE_CURVE('',#9713,#10225,#10787,.T.);
#10787 = LINE('',#10788,#10789);
#10788 = CARTESIAN_POINT('',(11.27,-10.955,-4.5E-02));
#10789 = VECTOR('',#10790,1.);
#10790 = DIRECTION('',(0.,0.,1.));
#10791 = ORIENTED_EDGE('',*,*,#10224,.F.);
#10792 = ORIENTED_EDGE('',*,*,#10786,.F.);
#10793 = CYLINDRICAL_SURFACE('',#10794,0.455);
#10794 = AXIS2_PLACEMENT_3D('',#10795,#10796,#10797);
#10795 = CARTESIAN_POINT('',(11.27,-10.5,-4.5E-02));
#10796 = DIRECTION('',(-0.,-0.,-1.));
#10797 = DIRECTION('',(-0.,-1.,0.));
#10798 = ADVANCED_FACE('',(#10799),#10810,.F.);
#10799 = FACE_BOUND('',#10800,.T.);
#10800 = EDGE_LOOP('',(#10801,#10802,#10808,#10809));
#10801 = ORIENTED_EDGE('',*,*,#9723,.T.);
#10802 = ORIENTED_EDGE('',*,*,#10803,.T.);
#10803 = EDGE_CURVE('',#9724,#10236,#10804,.T.);
#10804 = LINE('',#10805,#10806);
#10805 = CARTESIAN_POINT('',(16.73,-10.955,-4.5E-02));
#10806 = VECTOR('',#10807,1.);
#10807 = DIRECTION('',(0.,0.,1.));
#10808 = ORIENTED_EDGE('',*,*,#10235,.F.);
#10809 = ORIENTED_EDGE('',*,*,#10803,.F.);
#10810 = CYLINDRICAL_SURFACE('',#10811,0.455);
#10811 = AXIS2_PLACEMENT_3D('',#10812,#10813,#10814);
#10812 = CARTESIAN_POINT('',(16.73,-10.5,-4.5E-02));
#10813 = DIRECTION('',(-0.,0.,-1.));
#10814 = DIRECTION('',(7.80816193143E-15,-1.,-0.));
#10815 = ADVANCED_FACE('',(#10816),#10827,.F.);
#10816 = FACE_BOUND('',#10817,.T.);
#10817 = EDGE_LOOP('',(#10818,#10819,#10825,#10826));
#10818 = ORIENTED_EDGE('',*,*,#9734,.T.);
#10819 = ORIENTED_EDGE('',*,*,#10820,.T.);
#10820 = EDGE_CURVE('',#9735,#10247,#10821,.T.);
#10821 = LINE('',#10822,#10823);
#10822 = CARTESIAN_POINT('',(19.27,-10.955,-4.5E-02));
#10823 = VECTOR('',#10824,1.);
#10824 = DIRECTION('',(0.,0.,1.));
#10825 = ORIENTED_EDGE('',*,*,#10246,.F.);
#10826 = ORIENTED_EDGE('',*,*,#10820,.F.);
#10827 = CYLINDRICAL_SURFACE('',#10828,0.455);
#10828 = AXIS2_PLACEMENT_3D('',#10829,#10830,#10831);
#10829 = CARTESIAN_POINT('',(19.27,-10.5,-4.5E-02));
#10830 = DIRECTION('',(-0.,-0.,-1.));
#10831 = DIRECTION('',(-7.80816193143E-15,-1.,0.));
#10832 = ADVANCED_FACE('',(#10833),#10844,.F.);
#10833 = FACE_BOUND('',#10834,.T.);
#10834 = EDGE_LOOP('',(#10835,#10836,#10842,#10843));
#10835 = ORIENTED_EDGE('',*,*,#9745,.T.);
#10836 = ORIENTED_EDGE('',*,*,#10837,.T.);
#10837 = EDGE_CURVE('',#9746,#10258,#10838,.T.);
#10838 = LINE('',#10839,#10840);
#10839 = CARTESIAN_POINT('',(24.73,-10.955,-4.5E-02));
#10840 = VECTOR('',#10841,1.);
#10841 = DIRECTION('',(0.,0.,1.));
#10842 = ORIENTED_EDGE('',*,*,#10257,.F.);
#10843 = ORIENTED_EDGE('',*,*,#10837,.F.);
#10844 = CYLINDRICAL_SURFACE('',#10845,0.455);
#10845 = AXIS2_PLACEMENT_3D('',#10846,#10847,#10848);
#10846 = CARTESIAN_POINT('',(24.73,-10.5,-4.5E-02));
#10847 = DIRECTION('',(-0.,0.,-1.));
#10848 = DIRECTION('',(7.80816193143E-15,-1.,-0.));
#10849 = ADVANCED_FACE('',(#10850),#10861,.F.);
#10850 = FACE_BOUND('',#10851,.T.);
#10851 = EDGE_LOOP('',(#10852,#10853,#10859,#10860));
#10852 = ORIENTED_EDGE('',*,*,#9756,.T.);
#10853 = ORIENTED_EDGE('',*,*,#10854,.T.);
#10854 = EDGE_CURVE('',#9757,#10269,#10855,.T.);
#10855 = LINE('',#10856,#10857);
#10856 = CARTESIAN_POINT('',(27.27,-10.955,-4.5E-02));
#10857 = VECTOR('',#10858,1.);
#10858 = DIRECTION('',(0.,0.,1.));
#10859 = ORIENTED_EDGE('',*,*,#10268,.F.);
#10860 = ORIENTED_EDGE('',*,*,#10854,.F.);
#10861 = CYLINDRICAL_SURFACE('',#10862,0.455);
#10862 = AXIS2_PLACEMENT_3D('',#10863,#10864,#10865);
#10863 = CARTESIAN_POINT('',(27.27,-10.5,-4.5E-02));
#10864 = DIRECTION('',(-0.,-0.,-1.));
#10865 = DIRECTION('',(-7.80816193143E-15,-1.,0.));
#10866 = ADVANCED_FACE('',(#10867),#10878,.F.);
#10867 = FACE_BOUND('',#10868,.T.);
#10868 = EDGE_LOOP('',(#10869,#10870,#10876,#10877));
#10869 = ORIENTED_EDGE('',*,*,#9767,.T.);
#10870 = ORIENTED_EDGE('',*,*,#10871,.T.);
#10871 = EDGE_CURVE('',#9768,#10280,#10872,.T.);
#10872 = LINE('',#10873,#10874);
#10873 = CARTESIAN_POINT('',(32.73,-10.955,-4.5E-02));
#10874 = VECTOR('',#10875,1.);
#10875 = DIRECTION('',(0.,0.,1.));
#10876 = ORIENTED_EDGE('',*,*,#10279,.F.);
#10877 = ORIENTED_EDGE('',*,*,#10871,.F.);
#10878 = CYLINDRICAL_SURFACE('',#10879,0.455);
#10879 = AXIS2_PLACEMENT_3D('',#10880,#10881,#10882);
#10880 = CARTESIAN_POINT('',(32.73,-10.5,-4.5E-02));
#10881 = DIRECTION('',(-0.,-0.,-1.));
#10882 = DIRECTION('',(-1.561632386286E-14,-1.,0.));
#10883 = ADVANCED_FACE('',(#10884),#10895,.F.);
#10884 = FACE_BOUND('',#10885,.T.);
#10885 = EDGE_LOOP('',(#10886,#10887,#10893,#10894));
#10886 = ORIENTED_EDGE('',*,*,#9778,.T.);
#10887 = ORIENTED_EDGE('',*,*,#10888,.T.);
#10888 = EDGE_CURVE('',#9779,#10291,#10889,.T.);
#10889 = LINE('',#10890,#10891);
#10890 = CARTESIAN_POINT('',(35.27,-10.955,-4.5E-02));
#10891 = VECTOR('',#10892,1.);
#10892 = DIRECTION('',(0.,0.,1.));
#10893 = ORIENTED_EDGE('',*,*,#10290,.F.);
#10894 = ORIENTED_EDGE('',*,*,#10888,.F.);
#10895 = CYLINDRICAL_SURFACE('',#10896,0.455);
#10896 = AXIS2_PLACEMENT_3D('',#10897,#10898,#10899);
#10897 = CARTESIAN_POINT('',(35.27,-10.5,-4.5E-02));
#10898 = DIRECTION('',(-0.,0.,-1.));
#10899 = DIRECTION('',(1.561632386286E-14,-1.,-0.));
#10900 = ADVANCED_FACE('',(#10901),#10912,.F.);
#10901 = FACE_BOUND('',#10902,.T.);
#10902 = EDGE_LOOP('',(#10903,#10904,#10910,#10911));
#10903 = ORIENTED_EDGE('',*,*,#9789,.T.);
#10904 = ORIENTED_EDGE('',*,*,#10905,.T.);
#10905 = EDGE_CURVE('',#9790,#10302,#10906,.T.);
#10906 = LINE('',#10907,#10908);
#10907 = CARTESIAN_POINT('',(40.73,-10.955,-4.5E-02));
#10908 = VECTOR('',#10909,1.);
#10909 = DIRECTION('',(0.,0.,1.));
#10910 = ORIENTED_EDGE('',*,*,#10301,.F.);
#10911 = ORIENTED_EDGE('',*,*,#10905,.F.);
#10912 = CYLINDRICAL_SURFACE('',#10913,0.455);
#10913 = AXIS2_PLACEMENT_3D('',#10914,#10915,#10916);
#10914 = CARTESIAN_POINT('',(40.73,-10.5,-4.5E-02));
#10915 = DIRECTION('',(-0.,-0.,-1.));
#10916 = DIRECTION('',(-1.561632386286E-14,-1.,0.));
#10917 = ADVANCED_FACE('',(#10918),#10929,.F.);
#10918 = FACE_BOUND('',#10919,.T.);
#10919 = EDGE_LOOP('',(#10920,#10921,#10927,#10928));
#10920 = ORIENTED_EDGE('',*,*,#9800,.T.);
#10921 = ORIENTED_EDGE('',*,*,#10922,.T.);
#10922 = EDGE_CURVE('',#9801,#10313,#10923,.T.);
#10923 = LINE('',#10924,#10925);
#10924 = CARTESIAN_POINT('',(43.27,-10.955,-4.5E-02));
#10925 = VECTOR('',#10926,1.);
#10926 = DIRECTION('',(0.,0.,1.));
#10927 = ORIENTED_EDGE('',*,*,#10312,.F.);
#10928 = ORIENTED_EDGE('',*,*,#10922,.F.);
#10929 = CYLINDRICAL_SURFACE('',#10930,0.455);
#10930 = AXIS2_PLACEMENT_3D('',#10931,#10932,#10933);
#10931 = CARTESIAN_POINT('',(43.27,-10.5,-4.5E-02));
#10932 = DIRECTION('',(-0.,0.,-1.));
#10933 = DIRECTION('',(1.561632386286E-14,-1.,-0.));
#10934 = ADVANCED_FACE('',(#10935),#10946,.F.);
#10935 = FACE_BOUND('',#10936,.T.);
#10936 = EDGE_LOOP('',(#10937,#10938,#10944,#10945));
#10937 = ORIENTED_EDGE('',*,*,#9811,.T.);
#10938 = ORIENTED_EDGE('',*,*,#10939,.T.);
#10939 = EDGE_CURVE('',#9812,#10324,#10940,.T.);
#10940 = LINE('',#10941,#10942);
#10941 = CARTESIAN_POINT('',(8.73,-4.95,-4.5E-02));
#10942 = VECTOR('',#10943,1.);
#10943 = DIRECTION('',(0.,0.,1.));
#10944 = ORIENTED_EDGE('',*,*,#10323,.F.);
#10945 = ORIENTED_EDGE('',*,*,#10939,.F.);
#10946 = CYLINDRICAL_SURFACE('',#10947,0.45);
#10947 = AXIS2_PLACEMENT_3D('',#10948,#10949,#10950);
#10948 = CARTESIAN_POINT('',(8.73,-4.5,-4.5E-02));
#10949 = DIRECTION('',(-0.,-0.,-1.));
#10950 = DIRECTION('',(-0.,-1.,0.));
#10951 = ADVANCED_FACE('',(#10952),#10963,.F.);
#10952 = FACE_BOUND('',#10953,.T.);
#10953 = EDGE_LOOP('',(#10954,#10955,#10961,#10962));
#10954 = ORIENTED_EDGE('',*,*,#9822,.T.);
#10955 = ORIENTED_EDGE('',*,*,#10956,.T.);
#10956 = EDGE_CURVE('',#9823,#10335,#10957,.T.);
#10957 = LINE('',#10958,#10959);
#10958 = CARTESIAN_POINT('',(11.27,-4.95,-4.5E-02));
#10959 = VECTOR('',#10960,1.);
#10960 = DIRECTION('',(0.,0.,1.));
#10961 = ORIENTED_EDGE('',*,*,#10334,.F.);
#10962 = ORIENTED_EDGE('',*,*,#10956,.F.);
#10963 = CYLINDRICAL_SURFACE('',#10964,0.45);
#10964 = AXIS2_PLACEMENT_3D('',#10965,#10966,#10967);
#10965 = CARTESIAN_POINT('',(11.27,-4.5,-4.5E-02));
#10966 = DIRECTION('',(-0.,-0.,-1.));
#10967 = DIRECTION('',(-0.,-1.,0.));
#10968 = ADVANCED_FACE('',(#10969),#10980,.F.);
#10969 = FACE_BOUND('',#10970,.T.);
#10970 = EDGE_LOOP('',(#10971,#10972,#10978,#10979));
#10971 = ORIENTED_EDGE('',*,*,#9833,.T.);
#10972 = ORIENTED_EDGE('',*,*,#10973,.T.);
#10973 = EDGE_CURVE('',#9834,#10346,#10974,.T.);
#10974 = LINE('',#10975,#10976);
#10975 = CARTESIAN_POINT('',(16.73,-4.95,-4.5E-02));
#10976 = VECTOR('',#10977,1.);
#10977 = DIRECTION('',(0.,0.,1.));
#10978 = ORIENTED_EDGE('',*,*,#10345,.F.);
#10979 = ORIENTED_EDGE('',*,*,#10973,.F.);
#10980 = CYLINDRICAL_SURFACE('',#10981,0.45);
#10981 = AXIS2_PLACEMENT_3D('',#10982,#10983,#10984);
#10982 = CARTESIAN_POINT('',(16.73,-4.5,-4.5E-02));
#10983 = DIRECTION('',(-0.,-0.,-1.));
#10984 = DIRECTION('',(-0.,-1.,0.));
#10985 = ADVANCED_FACE('',(#10986),#10997,.F.);
#10986 = FACE_BOUND('',#10987,.T.);
#10987 = EDGE_LOOP('',(#10988,#10989,#10995,#10996));
#10988 = ORIENTED_EDGE('',*,*,#9844,.T.);
#10989 = ORIENTED_EDGE('',*,*,#10990,.T.);
#10990 = EDGE_CURVE('',#9845,#10357,#10991,.T.);
#10991 = LINE('',#10992,#10993);
#10992 = CARTESIAN_POINT('',(19.27,-4.95,-4.5E-02));
#10993 = VECTOR('',#10994,1.);
#10994 = DIRECTION('',(0.,0.,1.));
#10995 = ORIENTED_EDGE('',*,*,#10356,.F.);
#10996 = ORIENTED_EDGE('',*,*,#10990,.F.);
#10997 = CYLINDRICAL_SURFACE('',#10998,0.45);
#10998 = AXIS2_PLACEMENT_3D('',#10999,#11000,#11001);
#10999 = CARTESIAN_POINT('',(19.27,-4.5,-4.5E-02));
#11000 = DIRECTION('',(-0.,-0.,-1.));
#11001 = DIRECTION('',(-0.,-1.,0.));
#11002 = ADVANCED_FACE('',(#11003),#11014,.F.);
#11003 = FACE_BOUND('',#11004,.T.);
#11004 = EDGE_LOOP('',(#11005,#11011,#11012,#11013));
#11005 = ORIENTED_EDGE('',*,*,#11006,.T.);
#11006 = EDGE_CURVE('',#9856,#10368,#11007,.T.);
#11007 = LINE('',#11008,#11009);
#11008 = CARTESIAN_POINT('',(4.55,-3.07,0.));
#11009 = VECTOR('',#11010,1.);
#11010 = DIRECTION('',(0.,0.,1.));
#11011 = ORIENTED_EDGE('',*,*,#10367,.T.);
#11012 = ORIENTED_EDGE('',*,*,#11006,.F.);
#11013 = ORIENTED_EDGE('',*,*,#9855,.F.);
#11014 = CYLINDRICAL_SURFACE('',#11015,1.5);
#11015 = AXIS2_PLACEMENT_3D('',#11016,#11017,#11018);
#11016 = CARTESIAN_POINT('',(3.05,-3.07,0.));
#11017 = DIRECTION('',(-0.,-0.,-1.));
#11018 = DIRECTION('',(1.,0.,-0.));
#11019 = ADVANCED_FACE('',(#11020),#11031,.F.);
#11020 = FACE_BOUND('',#11021,.T.);
#11021 = EDGE_LOOP('',(#11022,#11023,#11029,#11030));
#11022 = ORIENTED_EDGE('',*,*,#9866,.T.);
#11023 = ORIENTED_EDGE('',*,*,#11024,.T.);
#11024 = EDGE_CURVE('',#9867,#10379,#11025,.T.);
#11025 = LINE('',#11026,#11027);
#11026 = CARTESIAN_POINT('',(24.73,-4.95,-4.5E-02));
#11027 = VECTOR('',#11028,1.);
#11028 = DIRECTION('',(0.,0.,1.));
#11029 = ORIENTED_EDGE('',*,*,#10378,.F.);
#11030 = ORIENTED_EDGE('',*,*,#11024,.F.);
#11031 = CYLINDRICAL_SURFACE('',#11032,0.45);
#11032 = AXIS2_PLACEMENT_3D('',#11033,#11034,#11035);
#11033 = CARTESIAN_POINT('',(24.73,-4.5,-4.5E-02));
#11034 = DIRECTION('',(-0.,-0.,-1.));
#11035 = DIRECTION('',(-0.,-1.,0.));
#11036 = ADVANCED_FACE('',(#11037),#11048,.F.);
#11037 = FACE_BOUND('',#11038,.T.);
#11038 = EDGE_LOOP('',(#11039,#11040,#11046,#11047));
#11039 = ORIENTED_EDGE('',*,*,#9877,.T.);
#11040 = ORIENTED_EDGE('',*,*,#11041,.T.);
#11041 = EDGE_CURVE('',#9878,#10390,#11042,.T.);
#11042 = LINE('',#11043,#11044);
#11043 = CARTESIAN_POINT('',(27.27,-4.95,-4.5E-02));
#11044 = VECTOR('',#11045,1.);
#11045 = DIRECTION('',(0.,0.,1.));
#11046 = ORIENTED_EDGE('',*,*,#10389,.F.);
#11047 = ORIENTED_EDGE('',*,*,#11041,.F.);
#11048 = CYLINDRICAL_SURFACE('',#11049,0.45);
#11049 = AXIS2_PLACEMENT_3D('',#11050,#11051,#11052);
#11050 = CARTESIAN_POINT('',(27.27,-4.5,-4.5E-02));
#11051 = DIRECTION('',(-0.,-0.,-1.));
#11052 = DIRECTION('',(-0.,-1.,0.));
#11053 = ADVANCED_FACE('',(#11054),#11065,.F.);
#11054 = FACE_BOUND('',#11055,.T.);
#11055 = EDGE_LOOP('',(#11056,#11057,#11063,#11064));
#11056 = ORIENTED_EDGE('',*,*,#9888,.T.);
#11057 = ORIENTED_EDGE('',*,*,#11058,.T.);
#11058 = EDGE_CURVE('',#9889,#10401,#11059,.T.);
#11059 = LINE('',#11060,#11061);
#11060 = CARTESIAN_POINT('',(32.73,-4.95,-4.5E-02));
#11061 = VECTOR('',#11062,1.);
#11062 = DIRECTION('',(0.,0.,1.));
#11063 = ORIENTED_EDGE('',*,*,#10400,.F.);
#11064 = ORIENTED_EDGE('',*,*,#11058,.F.);
#11065 = CYLINDRICAL_SURFACE('',#11066,0.45);
#11066 = AXIS2_PLACEMENT_3D('',#11067,#11068,#11069);
#11067 = CARTESIAN_POINT('',(32.73,-4.5,-4.5E-02));
#11068 = DIRECTION('',(-0.,-0.,-1.));
#11069 = DIRECTION('',(-1.578983857245E-14,-1.,0.));
#11070 = ADVANCED_FACE('',(#11071),#11082,.F.);
#11071 = FACE_BOUND('',#11072,.T.);
#11072 = EDGE_LOOP('',(#11073,#11074,#11080,#11081));
#11073 = ORIENTED_EDGE('',*,*,#9899,.T.);
#11074 = ORIENTED_EDGE('',*,*,#11075,.T.);
#11075 = EDGE_CURVE('',#9900,#10412,#11076,.T.);
#11076 = LINE('',#11077,#11078);
#11077 = CARTESIAN_POINT('',(35.27,-4.95,-4.5E-02));
#11078 = VECTOR('',#11079,1.);
#11079 = DIRECTION('',(0.,0.,1.));
#11080 = ORIENTED_EDGE('',*,*,#10411,.F.);
#11081 = ORIENTED_EDGE('',*,*,#11075,.F.);
#11082 = CYLINDRICAL_SURFACE('',#11083,0.45);
#11083 = AXIS2_PLACEMENT_3D('',#11084,#11085,#11086);
#11084 = CARTESIAN_POINT('',(35.27,-4.5,-4.5E-02));
#11085 = DIRECTION('',(-0.,0.,-1.));
#11086 = DIRECTION('',(1.578983857245E-14,-1.,-0.));
#11087 = ADVANCED_FACE('',(#11088),#11099,.F.);
#11088 = FACE_BOUND('',#11089,.T.);
#11089 = EDGE_LOOP('',(#11090,#11091,#11097,#11098));
#11090 = ORIENTED_EDGE('',*,*,#9910,.T.);
#11091 = ORIENTED_EDGE('',*,*,#11092,.T.);
#11092 = EDGE_CURVE('',#9911,#10423,#11093,.T.);
#11093 = LINE('',#11094,#11095);
#11094 = CARTESIAN_POINT('',(40.73,-4.95,-4.5E-02));
#11095 = VECTOR('',#11096,1.);
#11096 = DIRECTION('',(0.,0.,1.));
#11097 = ORIENTED_EDGE('',*,*,#10422,.F.);
#11098 = ORIENTED_EDGE('',*,*,#11092,.F.);
#11099 = CYLINDRICAL_SURFACE('',#11100,0.45);
#11100 = AXIS2_PLACEMENT_3D('',#11101,#11102,#11103);
#11101 = CARTESIAN_POINT('',(40.73,-4.5,-4.5E-02));
#11102 = DIRECTION('',(-0.,-0.,-1.));
#11103 = DIRECTION('',(-1.578983857245E-14,-1.,0.));
#11104 = ADVANCED_FACE('',(#11105),#11116,.F.);
#11105 = FACE_BOUND('',#11106,.T.);
#11106 = EDGE_LOOP('',(#11107,#11108,#11114,#11115));
#11107 = ORIENTED_EDGE('',*,*,#9921,.T.);
#11108 = ORIENTED_EDGE('',*,*,#11109,.T.);
#11109 = EDGE_CURVE('',#9922,#10434,#11110,.T.);
#11110 = LINE('',#11111,#11112);
#11111 = CARTESIAN_POINT('',(43.27,-4.95,-4.5E-02));
#11112 = VECTOR('',#11113,1.);
#11113 = DIRECTION('',(0.,0.,1.));
#11114 = ORIENTED_EDGE('',*,*,#10433,.F.);
#11115 = ORIENTED_EDGE('',*,*,#11109,.F.);
#11116 = CYLINDRICAL_SURFACE('',#11117,0.45);
#11117 = AXIS2_PLACEMENT_3D('',#11118,#11119,#11120);
#11118 = CARTESIAN_POINT('',(43.27,-4.5,-4.5E-02));
#11119 = DIRECTION('',(-0.,0.,-1.));
#11120 = DIRECTION('',(1.578983857245E-14,-1.,-0.));
#11121 = ADVANCED_FACE('',(#11122),#11133,.F.);
#11122 = FACE_BOUND('',#11123,.T.);
#11123 = EDGE_LOOP('',(#11124,#11125,#11131,#11132));
#11124 = ORIENTED_EDGE('',*,*,#9932,.T.);
#11125 = ORIENTED_EDGE('',*,*,#11126,.T.);
#11126 = EDGE_CURVE('',#9933,#10445,#11127,.T.);
#11127 = LINE('',#11128,#11129);
#11128 = CARTESIAN_POINT('',(48.73,-10.955,-4.5E-02));
#11129 = VECTOR('',#11130,1.);
#11130 = DIRECTION('',(0.,0.,1.));
#11131 = ORIENTED_EDGE('',*,*,#10444,.F.);
#11132 = ORIENTED_EDGE('',*,*,#11126,.F.);
#11133 = CYLINDRICAL_SURFACE('',#11134,0.455);
#11134 = AXIS2_PLACEMENT_3D('',#11135,#11136,#11137);
#11135 = CARTESIAN_POINT('',(48.73,-10.5,-4.5E-02));
#11136 = DIRECTION('',(-0.,-0.,-1.));
#11137 = DIRECTION('',(-1.561632386286E-14,-1.,0.));
#11138 = ADVANCED_FACE('',(#11139),#11150,.F.);
#11139 = FACE_BOUND('',#11140,.T.);
#11140 = EDGE_LOOP('',(#11141,#11142,#11148,#11149));
#11141 = ORIENTED_EDGE('',*,*,#9943,.T.);
#11142 = ORIENTED_EDGE('',*,*,#11143,.T.);
#11143 = EDGE_CURVE('',#9944,#10456,#11144,.T.);
#11144 = LINE('',#11145,#11146);
#11145 = CARTESIAN_POINT('',(51.27,-10.955,-4.5E-02));
#11146 = VECTOR('',#11147,1.);
#11147 = DIRECTION('',(0.,0.,1.));
#11148 = ORIENTED_EDGE('',*,*,#10455,.F.);
#11149 = ORIENTED_EDGE('',*,*,#11143,.F.);
#11150 = CYLINDRICAL_SURFACE('',#11151,0.455);
#11151 = AXIS2_PLACEMENT_3D('',#11152,#11153,#11154);
#11152 = CARTESIAN_POINT('',(51.27,-10.5,-4.5E-02));
#11153 = DIRECTION('',(-0.,0.,-1.));
#11154 = DIRECTION('',(1.561632386286E-14,-1.,-0.));
#11155 = ADVANCED_FACE('',(#11156),#11167,.F.);
#11156 = FACE_BOUND('',#11157,.T.);
#11157 = EDGE_LOOP('',(#11158,#11159,#11165,#11166));
#11158 = ORIENTED_EDGE('',*,*,#9954,.T.);
#11159 = ORIENTED_EDGE('',*,*,#11160,.T.);
#11160 = EDGE_CURVE('',#9955,#10467,#11161,.T.);
#11161 = LINE('',#11162,#11163);
#11162 = CARTESIAN_POINT('',(56.73,-10.955,-4.5E-02));
#11163 = VECTOR('',#11164,1.);
#11164 = DIRECTION('',(0.,0.,1.));
#11165 = ORIENTED_EDGE('',*,*,#10466,.F.);
#11166 = ORIENTED_EDGE('',*,*,#11160,.F.);
#11167 = CYLINDRICAL_SURFACE('',#11168,0.455);
#11168 = AXIS2_PLACEMENT_3D('',#11169,#11170,#11171);
#11169 = CARTESIAN_POINT('',(56.73,-10.5,-4.5E-02));
#11170 = DIRECTION('',(-0.,-0.,-1.));
#11171 = DIRECTION('',(-1.561632386286E-14,-1.,0.));
#11172 = ADVANCED_FACE('',(#11173),#11184,.F.);
#11173 = FACE_BOUND('',#11174,.T.);
#11174 = EDGE_LOOP('',(#11175,#11176,#11182,#11183));
#11175 = ORIENTED_EDGE('',*,*,#9965,.T.);
#11176 = ORIENTED_EDGE('',*,*,#11177,.T.);
#11177 = EDGE_CURVE('',#9966,#10478,#11178,.T.);
#11178 = LINE('',#11179,#11180);
#11179 = CARTESIAN_POINT('',(59.27,-10.955,-4.5E-02));
#11180 = VECTOR('',#11181,1.);
#11181 = DIRECTION('',(0.,0.,1.));
#11182 = ORIENTED_EDGE('',*,*,#10477,.F.);
#11183 = ORIENTED_EDGE('',*,*,#11177,.F.);
#11184 = CYLINDRICAL_SURFACE('',#11185,0.455);
#11185 = AXIS2_PLACEMENT_3D('',#11186,#11187,#11188);
#11186 = CARTESIAN_POINT('',(59.27,-10.5,-4.5E-02));
#11187 = DIRECTION('',(-0.,0.,-1.));
#11188 = DIRECTION('',(1.561632386286E-14,-1.,-0.));
#11189 = ADVANCED_FACE('',(#11190),#11201,.F.);
#11190 = FACE_BOUND('',#11191,.T.);
#11191 = EDGE_LOOP('',(#11192,#11193,#11199,#11200));
#11192 = ORIENTED_EDGE('',*,*,#9976,.T.);
#11193 = ORIENTED_EDGE('',*,*,#11194,.T.);
#11194 = EDGE_CURVE('',#9977,#10489,#11195,.T.);
#11195 = LINE('',#11196,#11197);
#11196 = CARTESIAN_POINT('',(64.73,-10.955,-4.5E-02));
#11197 = VECTOR('',#11198,1.);
#11198 = DIRECTION('',(0.,0.,1.));
#11199 = ORIENTED_EDGE('',*,*,#10488,.F.);
#11200 = ORIENTED_EDGE('',*,*,#11194,.F.);
#11201 = CYLINDRICAL_SURFACE('',#11202,0.455);
#11202 = AXIS2_PLACEMENT_3D('',#11203,#11204,#11205);
#11203 = CARTESIAN_POINT('',(64.73,-10.5,-4.5E-02));
#11204 = DIRECTION('',(-0.,-0.,-1.));
#11205 = DIRECTION('',(-0.,-1.,0.));
#11206 = ADVANCED_FACE('',(#11207),#11218,.F.);
#11207 = FACE_BOUND('',#11208,.T.);
#11208 = EDGE_LOOP('',(#11209,#11210,#11216,#11217));
#11209 = ORIENTED_EDGE('',*,*,#9987,.T.);
#11210 = ORIENTED_EDGE('',*,*,#11211,.T.);
#11211 = EDGE_CURVE('',#9988,#10500,#11212,.T.);
#11212 = LINE('',#11213,#11214);
#11213 = CARTESIAN_POINT('',(67.27,-10.955,-4.5E-02));
#11214 = VECTOR('',#11215,1.);
#11215 = DIRECTION('',(0.,0.,1.));
#11216 = ORIENTED_EDGE('',*,*,#10499,.F.);
#11217 = ORIENTED_EDGE('',*,*,#11211,.F.);
#11218 = CYLINDRICAL_SURFACE('',#11219,0.455);
#11219 = AXIS2_PLACEMENT_3D('',#11220,#11221,#11222);
#11220 = CARTESIAN_POINT('',(67.27,-10.5,-4.5E-02));
#11221 = DIRECTION('',(-0.,-0.,-1.));
#11222 = DIRECTION('',(-0.,-1.,0.));
#11223 = ADVANCED_FACE('',(#11224),#11235,.F.);
#11224 = FACE_BOUND('',#11225,.T.);
#11225 = EDGE_LOOP('',(#11226,#11227,#11233,#11234));
#11226 = ORIENTED_EDGE('',*,*,#9998,.T.);
#11227 = ORIENTED_EDGE('',*,*,#11228,.T.);
#11228 = EDGE_CURVE('',#9999,#10511,#11229,.T.);
#11229 = LINE('',#11230,#11231);
#11230 = CARTESIAN_POINT('',(72.73,-10.955,-4.5E-02));
#11231 = VECTOR('',#11232,1.);
#11232 = DIRECTION('',(0.,0.,1.));
#11233 = ORIENTED_EDGE('',*,*,#10510,.F.);
#11234 = ORIENTED_EDGE('',*,*,#11228,.F.);
#11235 = CYLINDRICAL_SURFACE('',#11236,0.455);
#11236 = AXIS2_PLACEMENT_3D('',#11237,#11238,#11239);
#11237 = CARTESIAN_POINT('',(72.73,-10.5,-4.5E-02));
#11238 = DIRECTION('',(-0.,-0.,-1.));
#11239 = DIRECTION('',(-0.,-1.,0.));
#11240 = ADVANCED_FACE('',(#11241),#11252,.F.);
#11241 = FACE_BOUND('',#11242,.T.);
#11242 = EDGE_LOOP('',(#11243,#11244,#11250,#11251));
#11243 = ORIENTED_EDGE('',*,*,#10009,.T.);
#11244 = ORIENTED_EDGE('',*,*,#11245,.T.);
#11245 = EDGE_CURVE('',#10010,#10522,#11246,.T.);
#11246 = LINE('',#11247,#11248);
#11247 = CARTESIAN_POINT('',(75.27,-10.955,-4.5E-02));
#11248 = VECTOR('',#11249,1.);
#11249 = DIRECTION('',(0.,0.,1.));
#11250 = ORIENTED_EDGE('',*,*,#10521,.F.);
#11251 = ORIENTED_EDGE('',*,*,#11245,.F.);
#11252 = CYLINDRICAL_SURFACE('',#11253,0.455);
#11253 = AXIS2_PLACEMENT_3D('',#11254,#11255,#11256);
#11254 = CARTESIAN_POINT('',(75.27,-10.5,-4.5E-02));
#11255 = DIRECTION('',(-0.,-0.,-1.));
#11256 = DIRECTION('',(-0.,-1.,0.));
#11257 = ADVANCED_FACE('',(#11258),#11269,.F.);
#11258 = FACE_BOUND('',#11259,.T.);
#11259 = EDGE_LOOP('',(#11260,#11261,#11267,#11268));
#11260 = ORIENTED_EDGE('',*,*,#10020,.T.);
#11261 = ORIENTED_EDGE('',*,*,#11262,.T.);
#11262 = EDGE_CURVE('',#10021,#10533,#11263,.T.);
#11263 = LINE('',#11264,#11265);
#11264 = CARTESIAN_POINT('',(48.73,-4.95,-4.5E-02));
#11265 = VECTOR('',#11266,1.);
#11266 = DIRECTION('',(0.,0.,1.));
#11267 = ORIENTED_EDGE('',*,*,#10532,.F.);
#11268 = ORIENTED_EDGE('',*,*,#11262,.F.);
#11269 = CYLINDRICAL_SURFACE('',#11270,0.45);
#11270 = AXIS2_PLACEMENT_3D('',#11271,#11272,#11273);
#11271 = CARTESIAN_POINT('',(48.73,-4.5,-4.5E-02));
#11272 = DIRECTION('',(-0.,-0.,-1.));
#11273 = DIRECTION('',(-1.578983857245E-14,-1.,0.));
#11274 = ADVANCED_FACE('',(#11275),#11286,.F.);
#11275 = FACE_BOUND('',#11276,.T.);
#11276 = EDGE_LOOP('',(#11277,#11278,#11284,#11285));
#11277 = ORIENTED_EDGE('',*,*,#10031,.T.);
#11278 = ORIENTED_EDGE('',*,*,#11279,.T.);
#11279 = EDGE_CURVE('',#10032,#10544,#11280,.T.);
#11280 = LINE('',#11281,#11282);
#11281 = CARTESIAN_POINT('',(51.27,-4.95,-4.5E-02));
#11282 = VECTOR('',#11283,1.);
#11283 = DIRECTION('',(0.,0.,1.));
#11284 = ORIENTED_EDGE('',*,*,#10543,.F.);
#11285 = ORIENTED_EDGE('',*,*,#11279,.F.);
#11286 = CYLINDRICAL_SURFACE('',#11287,0.45);
#11287 = AXIS2_PLACEMENT_3D('',#11288,#11289,#11290);
#11288 = CARTESIAN_POINT('',(51.27,-4.5,-4.5E-02));
#11289 = DIRECTION('',(-0.,0.,-1.));
#11290 = DIRECTION('',(1.578983857245E-14,-1.,-0.));
#11291 = ADVANCED_FACE('',(#11292),#11303,.F.);
#11292 = FACE_BOUND('',#11293,.T.);
#11293 = EDGE_LOOP('',(#11294,#11295,#11301,#11302));
#11294 = ORIENTED_EDGE('',*,*,#10042,.T.);
#11295 = ORIENTED_EDGE('',*,*,#11296,.T.);
#11296 = EDGE_CURVE('',#10043,#10555,#11297,.T.);
#11297 = LINE('',#11298,#11299);
#11298 = CARTESIAN_POINT('',(56.73,-4.95,-4.5E-02));
#11299 = VECTOR('',#11300,1.);
#11300 = DIRECTION('',(0.,0.,1.));
#11301 = ORIENTED_EDGE('',*,*,#10554,.F.);
#11302 = ORIENTED_EDGE('',*,*,#11296,.F.);
#11303 = CYLINDRICAL_SURFACE('',#11304,0.45);
#11304 = AXIS2_PLACEMENT_3D('',#11305,#11306,#11307);
#11305 = CARTESIAN_POINT('',(56.73,-4.5,-4.5E-02));
#11306 = DIRECTION('',(-0.,-0.,-1.));
#11307 = DIRECTION('',(-1.578983857245E-14,-1.,0.));
#11308 = ADVANCED_FACE('',(#11309),#11320,.F.);
#11309 = FACE_BOUND('',#11310,.T.);
#11310 = EDGE_LOOP('',(#11311,#11312,#11318,#11319));
#11311 = ORIENTED_EDGE('',*,*,#10053,.T.);
#11312 = ORIENTED_EDGE('',*,*,#11313,.T.);
#11313 = EDGE_CURVE('',#10054,#10566,#11314,.T.);
#11314 = LINE('',#11315,#11316);
#11315 = CARTESIAN_POINT('',(59.27,-4.95,-4.5E-02));
#11316 = VECTOR('',#11317,1.);
#11317 = DIRECTION('',(0.,0.,1.));
#11318 = ORIENTED_EDGE('',*,*,#10565,.F.);
#11319 = ORIENTED_EDGE('',*,*,#11313,.F.);
#11320 = CYLINDRICAL_SURFACE('',#11321,0.45);
#11321 = AXIS2_PLACEMENT_3D('',#11322,#11323,#11324);
#11322 = CARTESIAN_POINT('',(59.27,-4.5,-4.5E-02));
#11323 = DIRECTION('',(-0.,0.,-1.));
#11324 = DIRECTION('',(1.578983857245E-14,-1.,-0.));
#11325 = ADVANCED_FACE('',(#11326),#11337,.F.);
#11326 = FACE_BOUND('',#11327,.T.);
#11327 = EDGE_LOOP('',(#11328,#11329,#11335,#11336));
#11328 = ORIENTED_EDGE('',*,*,#10064,.T.);
#11329 = ORIENTED_EDGE('',*,*,#11330,.T.);
#11330 = EDGE_CURVE('',#10065,#10577,#11331,.T.);
#11331 = LINE('',#11332,#11333);
#11332 = CARTESIAN_POINT('',(64.73,-4.95,-4.5E-02));
#11333 = VECTOR('',#11334,1.);
#11334 = DIRECTION('',(0.,0.,1.));
#11335 = ORIENTED_EDGE('',*,*,#10576,.F.);
#11336 = ORIENTED_EDGE('',*,*,#11330,.F.);
#11337 = CYLINDRICAL_SURFACE('',#11338,0.45);
#11338 = AXIS2_PLACEMENT_3D('',#11339,#11340,#11341);
#11339 = CARTESIAN_POINT('',(64.73,-4.5,-4.5E-02));
#11340 = DIRECTION('',(-0.,-0.,-1.));
#11341 = DIRECTION('',(-0.,-1.,0.));
#11342 = ADVANCED_FACE('',(#11343),#11354,.F.);
#11343 = FACE_BOUND('',#11344,.T.);
#11344 = EDGE_LOOP('',(#11345,#11346,#11352,#11353));
#11345 = ORIENTED_EDGE('',*,*,#10075,.T.);
#11346 = ORIENTED_EDGE('',*,*,#11347,.T.);
#11347 = EDGE_CURVE('',#10076,#10588,#11348,.T.);
#11348 = LINE('',#11349,#11350);
#11349 = CARTESIAN_POINT('',(67.27,-4.95,-4.5E-02));
#11350 = VECTOR('',#11351,1.);
#11351 = DIRECTION('',(0.,0.,1.));
#11352 = ORIENTED_EDGE('',*,*,#10587,.F.);
#11353 = ORIENTED_EDGE('',*,*,#11347,.F.);
#11354 = CYLINDRICAL_SURFACE('',#11355,0.45);
#11355 = AXIS2_PLACEMENT_3D('',#11356,#11357,#11358);
#11356 = CARTESIAN_POINT('',(67.27,-4.5,-4.5E-02));
#11357 = DIRECTION('',(-0.,-0.,-1.));
#11358 = DIRECTION('',(-0.,-1.,0.));
#11359 = ADVANCED_FACE('',(#11360),#11371,.F.);
#11360 = FACE_BOUND('',#11361,.T.);
#11361 = EDGE_LOOP('',(#11362,#11363,#11369,#11370));
#11362 = ORIENTED_EDGE('',*,*,#10086,.T.);
#11363 = ORIENTED_EDGE('',*,*,#11364,.T.);
#11364 = EDGE_CURVE('',#10087,#10599,#11365,.T.);
#11365 = LINE('',#11366,#11367);
#11366 = CARTESIAN_POINT('',(72.73,-4.95,-4.5E-02));
#11367 = VECTOR('',#11368,1.);
#11368 = DIRECTION('',(0.,0.,1.));
#11369 = ORIENTED_EDGE('',*,*,#10598,.F.);
#11370 = ORIENTED_EDGE('',*,*,#11364,.F.);
#11371 = CYLINDRICAL_SURFACE('',#11372,0.45);
#11372 = AXIS2_PLACEMENT_3D('',#11373,#11374,#11375);
#11373 = CARTESIAN_POINT('',(72.73,-4.5,-4.5E-02));
#11374 = DIRECTION('',(-0.,-0.,-1.));
#11375 = DIRECTION('',(-0.,-1.,0.));
#11376 = ADVANCED_FACE('',(#11377),#11388,.F.);
#11377 = FACE_BOUND('',#11378,.T.);
#11378 = EDGE_LOOP('',(#11379,#11380,#11386,#11387));
#11379 = ORIENTED_EDGE('',*,*,#10097,.T.);
#11380 = ORIENTED_EDGE('',*,*,#11381,.T.);
#11381 = EDGE_CURVE('',#10098,#10610,#11382,.T.);
#11382 = LINE('',#11383,#11384);
#11383 = CARTESIAN_POINT('',(75.27,-4.95,-4.5E-02));
#11384 = VECTOR('',#11385,1.);
#11385 = DIRECTION('',(0.,0.,1.));
#11386 = ORIENTED_EDGE('',*,*,#10609,.F.);
#11387 = ORIENTED_EDGE('',*,*,#11381,.F.);
#11388 = CYLINDRICAL_SURFACE('',#11389,0.45);
#11389 = AXIS2_PLACEMENT_3D('',#11390,#11391,#11392);
#11390 = CARTESIAN_POINT('',(75.27,-4.5,-4.5E-02));
#11391 = DIRECTION('',(-0.,-0.,-1.));
#11392 = DIRECTION('',(-0.,-1.,0.));
#11393 = ADVANCED_FACE('',(#11394),#11405,.F.);
#11394 = FACE_BOUND('',#11395,.T.);
#11395 = EDGE_LOOP('',(#11396,#11402,#11403,#11404));
#11396 = ORIENTED_EDGE('',*,*,#11397,.T.);
#11397 = EDGE_CURVE('',#10109,#10621,#11398,.T.);
#11398 = LINE('',#11399,#11400);
#11399 = CARTESIAN_POINT('',(92.55,-3.07,0.));
#11400 = VECTOR('',#11401,1.);
#11401 = DIRECTION('',(0.,0.,1.));
#11402 = ORIENTED_EDGE('',*,*,#10620,.T.);
#11403 = ORIENTED_EDGE('',*,*,#11397,.F.);
#11404 = ORIENTED_EDGE('',*,*,#10108,.F.);
#11405 = CYLINDRICAL_SURFACE('',#11406,1.5);
#11406 = AXIS2_PLACEMENT_3D('',#11407,#11408,#11409);
#11407 = CARTESIAN_POINT('',(91.05,-3.07,0.));
#11408 = DIRECTION('',(-0.,-0.,-1.));
#11409 = DIRECTION('',(1.,0.,-0.));
#11410 = ( GEOMETRIC_REPRESENTATION_CONTEXT(3) 
GLOBAL_UNCERTAINTY_ASSIGNED_CONTEXT((#11414)) 
GLOBAL_UNIT_ASSIGNED_CONTEXT((#11411,#11412,#11413)) 
REPRESENTATION_CONTEXT('Context #1',
  '3D Context with UNIT and UNCERTAINTY') );
#11411 = ( LENGTH_UNIT() NAMED_UNIT(*) SI_UNIT(.MILLI.,.METRE.) );
#11412 = ( NAMED_UNIT(*) PLANE_ANGLE_UNIT() SI_UNIT($,.RADIAN.) );
#11413 = ( NAMED_UNIT(*) SI_UNIT($,.STERADIAN.) SOLID_ANGLE_UNIT() );
#11414 = UNCERTAINTY_MEASURE_WITH_UNIT(LENGTH_MEASURE(1.E-07),#11411,
  'distance_accuracy_value','confusion accuracy');
#11415 = CONTEXT_DEPENDENT_SHAPE_REPRESENTATION(#11416,#11418);
#11416 = ( REPRESENTATION_RELATIONSHIP('','',#9504,#10) 
REPRESENTATION_RELATIONSHIP_WITH_TRANSFORMATION(#11417) 
SHAPE_REPRESENTATION_RELATIONSHIP() );
#11417 = ITEM_DEFINED_TRANSFORMATION('','',#11,#135);
#11418 = PRODUCT_DEFINITION_SHAPE('Placement','Placement of an item',
  #11419);
#11419 = NEXT_ASSEMBLY_USAGE_OCCURRENCE('36','=>[0:1:1:12]','',#5,#9499,
  $);
#11420 = PRODUCT_RELATED_PRODUCT_CATEGORY('part',$,(#9501));
#11421 = MECHANICAL_DESIGN_GEOMETRIC_PRESENTATION_REPRESENTATION('',(
    #11422),#11410);
#11422 = STYLED_ITEM('color',(#11423),#9505);
#11423 = PRESENTATION_STYLE_ASSIGNMENT((#11424));
#11424 = SURFACE_STYLE_USAGE(.BOTH.,#11425);
#11425 = SURFACE_SIDE_STYLE('',(#11426));
#11426 = SURFACE_STYLE_FILL_AREA(#11427);
#11427 = FILL_AREA_STYLE('',(#11428));
#11428 = FILL_AREA_STYLE_COLOUR('',#11429);
#11429 = COLOUR_RGB('',0.313304153717,0.484529207832,0.410020903123);
#11430 = MECHANICAL_DESIGN_GEOMETRIC_PRESENTATION_REPRESENTATION('',(
    #11431,#11439,#11446,#11453,#11460,#11467,#11474,#11481,#11488,
    #11495,#11502,#11509,#11516,#11523,#11530,#11537,#11544,#11551,
    #11558,#11565,#11572,#11579,#11586,#11593,#11600,#11607,#11614,
    #11621,#11628,#11635,#11642,#11649,#11656,#11663,#11670,#11677,
    #11684,#11691,#11698,#11705,#11712,#11719,#11726,#11733,#11740,
    #11747,#11755,#11762,#11769,#11776,#11783,#11790,#11797,#11804,
    #11811,#11818,#11825,#11832,#11839,#11846,#11853,#11860,#11867,
    #11874,#11881,#11888,#11895,#11902,#11909,#11916,#11923,#11930,
    #11937,#11944,#11951,#11958,#11965,#11972,#11979,#11986,#11993,
    #12000,#12007,#12014,#12021,#12028,#12035,#12042,#12049),#9466);
#11431 = STYLED_ITEM('color',(#11432),#6753);
#11432 = PRESENTATION_STYLE_ASSIGNMENT((#11433));
#11433 = SURFACE_STYLE_USAGE(.BOTH.,#11434);
#11434 = SURFACE_SIDE_STYLE('',(#11435));
#11435 = SURFACE_STYLE_FILL_AREA(#11436);
#11436 = FILL_AREA_STYLE('',(#11437));
#11437 = FILL_AREA_STYLE_COLOUR('',#11438);
#11438 = COLOUR_RGB('',0.894117649055,0.890196087049,0.811764731185);
#11439 = STYLED_ITEM('color',(#11440),#6825);
#11440 = PRESENTATION_STYLE_ASSIGNMENT((#11441));
#11441 = SURFACE_STYLE_USAGE(.BOTH.,#11442);
#11442 = SURFACE_SIDE_STYLE('',(#11443));
#11443 = SURFACE_STYLE_FILL_AREA(#11444);
#11444 = FILL_AREA_STYLE('',(#11445));
#11445 = FILL_AREA_STYLE_COLOUR('',#11438);
#11446 = STYLED_ITEM('color',(#11447),#6864);
#11447 = PRESENTATION_STYLE_ASSIGNMENT((#11448));
#11448 = SURFACE_STYLE_USAGE(.BOTH.,#11449);
#11449 = SURFACE_SIDE_STYLE('',(#11450));
#11450 = SURFACE_STYLE_FILL_AREA(#11451);
#11451 = FILL_AREA_STYLE('',(#11452));
#11452 = FILL_AREA_STYLE_COLOUR('',#11438);
#11453 = STYLED_ITEM('color',(#11454),#6888);
#11454 = PRESENTATION_STYLE_ASSIGNMENT((#11455));
#11455 = SURFACE_STYLE_USAGE(.BOTH.,#11456);
#11456 = SURFACE_SIDE_STYLE('',(#11457));
#11457 = SURFACE_STYLE_FILL_AREA(#11458);
#11458 = FILL_AREA_STYLE('',(#11459));
#11459 = FILL_AREA_STYLE_COLOUR('',#11438);
#11460 = STYLED_ITEM('color',(#11461),#6953);
#11461 = PRESENTATION_STYLE_ASSIGNMENT((#11462));
#11462 = SURFACE_STYLE_USAGE(.BOTH.,#11463);
#11463 = SURFACE_SIDE_STYLE('',(#11464));
#11464 = SURFACE_STYLE_FILL_AREA(#11465);
#11465 = FILL_AREA_STYLE('',(#11466));
#11466 = FILL_AREA_STYLE_COLOUR('',#11438);
#11467 = STYLED_ITEM('color',(#11468),#6977);
#11468 = PRESENTATION_STYLE_ASSIGNMENT((#11469));
#11469 = SURFACE_STYLE_USAGE(.BOTH.,#11470);
#11470 = SURFACE_SIDE_STYLE('',(#11471));
#11471 = SURFACE_STYLE_FILL_AREA(#11472);
#11472 = FILL_AREA_STYLE('',(#11473));
#11473 = FILL_AREA_STYLE_COLOUR('',#11438);
#11474 = STYLED_ITEM('color',(#11475),#7065);
#11475 = PRESENTATION_STYLE_ASSIGNMENT((#11476));
#11476 = SURFACE_STYLE_USAGE(.BOTH.,#11477);
#11477 = SURFACE_SIDE_STYLE('',(#11478));
#11478 = SURFACE_STYLE_FILL_AREA(#11479);
#11479 = FILL_AREA_STYLE('',(#11480));
#11480 = FILL_AREA_STYLE_COLOUR('',#11438);
#11481 = STYLED_ITEM('color',(#11482),#7089);
#11482 = PRESENTATION_STYLE_ASSIGNMENT((#11483));
#11483 = SURFACE_STYLE_USAGE(.BOTH.,#11484);
#11484 = SURFACE_SIDE_STYLE('',(#11485));
#11485 = SURFACE_STYLE_FILL_AREA(#11486);
#11486 = FILL_AREA_STYLE('',(#11487));
#11487 = FILL_AREA_STYLE_COLOUR('',#11438);
#11488 = STYLED_ITEM('color',(#11489),#7154);
#11489 = PRESENTATION_STYLE_ASSIGNMENT((#11490));
#11490 = SURFACE_STYLE_USAGE(.BOTH.,#11491);
#11491 = SURFACE_SIDE_STYLE('',(#11492));
#11492 = SURFACE_STYLE_FILL_AREA(#11493);
#11493 = FILL_AREA_STYLE('',(#11494));
#11494 = FILL_AREA_STYLE_COLOUR('',#11438);
#11495 = STYLED_ITEM('color',(#11496),#7179);
#11496 = PRESENTATION_STYLE_ASSIGNMENT((#11497));
#11497 = SURFACE_STYLE_USAGE(.BOTH.,#11498);
#11498 = SURFACE_SIDE_STYLE('',(#11499));
#11499 = SURFACE_STYLE_FILL_AREA(#11500);
#11500 = FILL_AREA_STYLE('',(#11501));
#11501 = FILL_AREA_STYLE_COLOUR('',#11438);
#11502 = STYLED_ITEM('color',(#11503),#7228);
#11503 = PRESENTATION_STYLE_ASSIGNMENT((#11504));
#11504 = SURFACE_STYLE_USAGE(.BOTH.,#11505);
#11505 = SURFACE_SIDE_STYLE('',(#11506));
#11506 = SURFACE_STYLE_FILL_AREA(#11507);
#11507 = FILL_AREA_STYLE('',(#11508));
#11508 = FILL_AREA_STYLE_COLOUR('',#11438);
#11509 = STYLED_ITEM('color',(#11510),#7245);
#11510 = PRESENTATION_STYLE_ASSIGNMENT((#11511));
#11511 = SURFACE_STYLE_USAGE(.BOTH.,#11512);
#11512 = SURFACE_SIDE_STYLE('',(#11513));
#11513 = SURFACE_STYLE_FILL_AREA(#11514);
#11514 = FILL_AREA_STYLE('',(#11515));
#11515 = FILL_AREA_STYLE_COLOUR('',#11438);
#11516 = STYLED_ITEM('color',(#11517),#7269);
#11517 = PRESENTATION_STYLE_ASSIGNMENT((#11518));
#11518 = SURFACE_STYLE_USAGE(.BOTH.,#11519);
#11519 = SURFACE_SIDE_STYLE('',(#11520));
#11520 = SURFACE_STYLE_FILL_AREA(#11521);
#11521 = FILL_AREA_STYLE('',(#11522));
#11522 = FILL_AREA_STYLE_COLOUR('',#11438);
#11523 = STYLED_ITEM('color',(#11524),#7286);
#11524 = PRESENTATION_STYLE_ASSIGNMENT((#11525));
#11525 = SURFACE_STYLE_USAGE(.BOTH.,#11526);
#11526 = SURFACE_SIDE_STYLE('',(#11527));
#11527 = SURFACE_STYLE_FILL_AREA(#11528);
#11528 = FILL_AREA_STYLE('',(#11529));
#11529 = FILL_AREA_STYLE_COLOUR('',#11438);
#11530 = STYLED_ITEM('color',(#11531),#7424);
#11531 = PRESENTATION_STYLE_ASSIGNMENT((#11532));
#11532 = SURFACE_STYLE_USAGE(.BOTH.,#11533);
#11533 = SURFACE_SIDE_STYLE('',(#11534));
#11534 = SURFACE_STYLE_FILL_AREA(#11535);
#11535 = FILL_AREA_STYLE('',(#11536));
#11536 = FILL_AREA_STYLE_COLOUR('',#11438);
#11537 = STYLED_ITEM('color',(#11538),#7448);
#11538 = PRESENTATION_STYLE_ASSIGNMENT((#11539));
#11539 = SURFACE_STYLE_USAGE(.BOTH.,#11540);
#11540 = SURFACE_SIDE_STYLE('',(#11541));
#11541 = SURFACE_STYLE_FILL_AREA(#11542);
#11542 = FILL_AREA_STYLE('',(#11543));
#11543 = FILL_AREA_STYLE_COLOUR('',#11438);
#11544 = STYLED_ITEM('color',(#11545),#7618);
#11545 = PRESENTATION_STYLE_ASSIGNMENT((#11546));
#11546 = SURFACE_STYLE_USAGE(.BOTH.,#11547);
#11547 = SURFACE_SIDE_STYLE('',(#11548));
#11548 = SURFACE_STYLE_FILL_AREA(#11549);
#11549 = FILL_AREA_STYLE('',(#11550));
#11550 = FILL_AREA_STYLE_COLOUR('',#11438);
#11551 = STYLED_ITEM('color',(#11552),#7642);
#11552 = PRESENTATION_STYLE_ASSIGNMENT((#11553));
#11553 = SURFACE_STYLE_USAGE(.BOTH.,#11554);
#11554 = SURFACE_SIDE_STYLE('',(#11555));
#11555 = SURFACE_STYLE_FILL_AREA(#11556);
#11556 = FILL_AREA_STYLE('',(#11557));
#11557 = FILL_AREA_STYLE_COLOUR('',#11438);
#11558 = STYLED_ITEM('color',(#11559),#7675);
#11559 = PRESENTATION_STYLE_ASSIGNMENT((#11560));
#11560 = SURFACE_STYLE_USAGE(.BOTH.,#11561);
#11561 = SURFACE_SIDE_STYLE('',(#11562));
#11562 = SURFACE_STYLE_FILL_AREA(#11563);
#11563 = FILL_AREA_STYLE('',(#11564));
#11564 = FILL_AREA_STYLE_COLOUR('',#11438);
#11565 = STYLED_ITEM('color',(#11566),#7699);
#11566 = PRESENTATION_STYLE_ASSIGNMENT((#11567));
#11567 = SURFACE_STYLE_USAGE(.BOTH.,#11568);
#11568 = SURFACE_SIDE_STYLE('',(#11569));
#11569 = SURFACE_STYLE_FILL_AREA(#11570);
#11570 = FILL_AREA_STYLE('',(#11571));
#11571 = FILL_AREA_STYLE_COLOUR('',#11438);
#11572 = STYLED_ITEM('color',(#11573),#7730);
#11573 = PRESENTATION_STYLE_ASSIGNMENT((#11574));
#11574 = SURFACE_STYLE_USAGE(.BOTH.,#11575);
#11575 = SURFACE_SIDE_STYLE('',(#11576));
#11576 = SURFACE_STYLE_FILL_AREA(#11577);
#11577 = FILL_AREA_STYLE('',(#11578));
#11578 = FILL_AREA_STYLE_COLOUR('',#11438);
#11579 = STYLED_ITEM('color',(#11580),#7747);
#11580 = PRESENTATION_STYLE_ASSIGNMENT((#11581));
#11581 = SURFACE_STYLE_USAGE(.BOTH.,#11582);
#11582 = SURFACE_SIDE_STYLE('',(#11583));
#11583 = SURFACE_STYLE_FILL_AREA(#11584);
#11584 = FILL_AREA_STYLE('',(#11585));
#11585 = FILL_AREA_STYLE_COLOUR('',#11438);
#11586 = STYLED_ITEM('color',(#11587),#7780);
#11587 = PRESENTATION_STYLE_ASSIGNMENT((#11588));
#11588 = SURFACE_STYLE_USAGE(.BOTH.,#11589);
#11589 = SURFACE_SIDE_STYLE('',(#11590));
#11590 = SURFACE_STYLE_FILL_AREA(#11591);
#11591 = FILL_AREA_STYLE('',(#11592));
#11592 = FILL_AREA_STYLE_COLOUR('',#11438);
#11593 = STYLED_ITEM('color',(#11594),#7804);
#11594 = PRESENTATION_STYLE_ASSIGNMENT((#11595));
#11595 = SURFACE_STYLE_USAGE(.BOTH.,#11596);
#11596 = SURFACE_SIDE_STYLE('',(#11597));
#11597 = SURFACE_STYLE_FILL_AREA(#11598);
#11598 = FILL_AREA_STYLE('',(#11599));
#11599 = FILL_AREA_STYLE_COLOUR('',#11438);
#11600 = STYLED_ITEM('color',(#11601),#7835);
#11601 = PRESENTATION_STYLE_ASSIGNMENT((#11602));
#11602 = SURFACE_STYLE_USAGE(.BOTH.,#11603);
#11603 = SURFACE_SIDE_STYLE('',(#11604));
#11604 = SURFACE_STYLE_FILL_AREA(#11605);
#11605 = FILL_AREA_STYLE('',(#11606));
#11606 = FILL_AREA_STYLE_COLOUR('',#11438);
#11607 = STYLED_ITEM('color',(#11608),#7847);
#11608 = PRESENTATION_STYLE_ASSIGNMENT((#11609));
#11609 = SURFACE_STYLE_USAGE(.BOTH.,#11610);
#11610 = SURFACE_SIDE_STYLE('',(#11611));
#11611 = SURFACE_STYLE_FILL_AREA(#11612);
#11612 = FILL_AREA_STYLE('',(#11613));
#11613 = FILL_AREA_STYLE_COLOUR('',#11438);
#11614 = STYLED_ITEM('color',(#11615),#7880);
#11615 = PRESENTATION_STYLE_ASSIGNMENT((#11616));
#11616 = SURFACE_STYLE_USAGE(.BOTH.,#11617);
#11617 = SURFACE_SIDE_STYLE('',(#11618));
#11618 = SURFACE_STYLE_FILL_AREA(#11619);
#11619 = FILL_AREA_STYLE('',(#11620));
#11620 = FILL_AREA_STYLE_COLOUR('',#11438);
#11621 = STYLED_ITEM('color',(#11622),#7897);
#11622 = PRESENTATION_STYLE_ASSIGNMENT((#11623));
#11623 = SURFACE_STYLE_USAGE(.BOTH.,#11624);
#11624 = SURFACE_SIDE_STYLE('',(#11625));
#11625 = SURFACE_STYLE_FILL_AREA(#11626);
#11626 = FILL_AREA_STYLE('',(#11627));
#11627 = FILL_AREA_STYLE_COLOUR('',#11438);
#11628 = STYLED_ITEM('color',(#11629),#7914);
#11629 = PRESENTATION_STYLE_ASSIGNMENT((#11630));
#11630 = SURFACE_STYLE_USAGE(.BOTH.,#11631);
#11631 = SURFACE_SIDE_STYLE('',(#11632));
#11632 = SURFACE_STYLE_FILL_AREA(#11633);
#11633 = FILL_AREA_STYLE('',(#11634));
#11634 = FILL_AREA_STYLE_COLOUR('',#11438);
#11635 = STYLED_ITEM('color',(#11636),#7926);
#11636 = PRESENTATION_STYLE_ASSIGNMENT((#11637));
#11637 = SURFACE_STYLE_USAGE(.BOTH.,#11638);
#11638 = SURFACE_SIDE_STYLE('',(#11639));
#11639 = SURFACE_STYLE_FILL_AREA(#11640);
#11640 = FILL_AREA_STYLE('',(#11641));
#11641 = FILL_AREA_STYLE_COLOUR('',#11438);
#11642 = STYLED_ITEM('color',(#11643),#8006);
#11643 = PRESENTATION_STYLE_ASSIGNMENT((#11644));
#11644 = SURFACE_STYLE_USAGE(.BOTH.,#11645);
#11645 = SURFACE_SIDE_STYLE('',(#11646));
#11646 = SURFACE_STYLE_FILL_AREA(#11647);
#11647 = FILL_AREA_STYLE('',(#11648));
#11648 = FILL_AREA_STYLE_COLOUR('',#11438);
#11649 = STYLED_ITEM('color',(#11650),#8023);
#11650 = PRESENTATION_STYLE_ASSIGNMENT((#11651));
#11651 = SURFACE_STYLE_USAGE(.BOTH.,#11652);
#11652 = SURFACE_SIDE_STYLE('',(#11653));
#11653 = SURFACE_STYLE_FILL_AREA(#11654);
#11654 = FILL_AREA_STYLE('',(#11655));
#11655 = FILL_AREA_STYLE_COLOUR('',#11438);
#11656 = STYLED_ITEM('color',(#11657),#8040);
#11657 = PRESENTATION_STYLE_ASSIGNMENT((#11658));
#11658 = SURFACE_STYLE_USAGE(.BOTH.,#11659);
#11659 = SURFACE_SIDE_STYLE('',(#11660));
#11660 = SURFACE_STYLE_FILL_AREA(#11661);
#11661 = FILL_AREA_STYLE('',(#11662));
#11662 = FILL_AREA_STYLE_COLOUR('',#11438);
#11663 = STYLED_ITEM('color',(#11664),#8057);
#11664 = PRESENTATION_STYLE_ASSIGNMENT((#11665));
#11665 = SURFACE_STYLE_USAGE(.BOTH.,#11666);
#11666 = SURFACE_SIDE_STYLE('',(#11667));
#11667 = SURFACE_STYLE_FILL_AREA(#11668);
#11668 = FILL_AREA_STYLE('',(#11669));
#11669 = FILL_AREA_STYLE_COLOUR('',#11438);
#11670 = STYLED_ITEM('color',(#11671),#8074);
#11671 = PRESENTATION_STYLE_ASSIGNMENT((#11672));
#11672 = SURFACE_STYLE_USAGE(.BOTH.,#11673);
#11673 = SURFACE_SIDE_STYLE('',(#11674));
#11674 = SURFACE_STYLE_FILL_AREA(#11675);
#11675 = FILL_AREA_STYLE('',(#11676));
#11676 = FILL_AREA_STYLE_COLOUR('',#11438);
#11677 = STYLED_ITEM('color',(#11678),#8091);
#11678 = PRESENTATION_STYLE_ASSIGNMENT((#11679));
#11679 = SURFACE_STYLE_USAGE(.BOTH.,#11680);
#11680 = SURFACE_SIDE_STYLE('',(#11681));
#11681 = SURFACE_STYLE_FILL_AREA(#11682);
#11682 = FILL_AREA_STYLE('',(#11683));
#11683 = FILL_AREA_STYLE_COLOUR('',#11438);
#11684 = STYLED_ITEM('color',(#11685),#8108);
#11685 = PRESENTATION_STYLE_ASSIGNMENT((#11686));
#11686 = SURFACE_STYLE_USAGE(.BOTH.,#11687);
#11687 = SURFACE_SIDE_STYLE('',(#11688));
#11688 = SURFACE_STYLE_FILL_AREA(#11689);
#11689 = FILL_AREA_STYLE('',(#11690));
#11690 = FILL_AREA_STYLE_COLOUR('',#11438);
#11691 = STYLED_ITEM('color',(#11692),#8125);
#11692 = PRESENTATION_STYLE_ASSIGNMENT((#11693));
#11693 = SURFACE_STYLE_USAGE(.BOTH.,#11694);
#11694 = SURFACE_SIDE_STYLE('',(#11695));
#11695 = SURFACE_STYLE_FILL_AREA(#11696);
#11696 = FILL_AREA_STYLE('',(#11697));
#11697 = FILL_AREA_STYLE_COLOUR('',#11438);
#11698 = STYLED_ITEM('color',(#11699),#8142);
#11699 = PRESENTATION_STYLE_ASSIGNMENT((#11700));
#11700 = SURFACE_STYLE_USAGE(.BOTH.,#11701);
#11701 = SURFACE_SIDE_STYLE('',(#11702));
#11702 = SURFACE_STYLE_FILL_AREA(#11703);
#11703 = FILL_AREA_STYLE('',(#11704));
#11704 = FILL_AREA_STYLE_COLOUR('',#11438);
#11705 = STYLED_ITEM('color',(#11706),#8159);
#11706 = PRESENTATION_STYLE_ASSIGNMENT((#11707));
#11707 = SURFACE_STYLE_USAGE(.BOTH.,#11708);
#11708 = SURFACE_SIDE_STYLE('',(#11709));
#11709 = SURFACE_STYLE_FILL_AREA(#11710);
#11710 = FILL_AREA_STYLE('',(#11711));
#11711 = FILL_AREA_STYLE_COLOUR('',#11438);
#11712 = STYLED_ITEM('color',(#11713),#8176);
#11713 = PRESENTATION_STYLE_ASSIGNMENT((#11714));
#11714 = SURFACE_STYLE_USAGE(.BOTH.,#11715);
#11715 = SURFACE_SIDE_STYLE('',(#11716));
#11716 = SURFACE_STYLE_FILL_AREA(#11717);
#11717 = FILL_AREA_STYLE('',(#11718));
#11718 = FILL_AREA_STYLE_COLOUR('',#11438);
#11719 = STYLED_ITEM('color',(#11720),#8188);
#11720 = PRESENTATION_STYLE_ASSIGNMENT((#11721));
#11721 = SURFACE_STYLE_USAGE(.BOTH.,#11722);
#11722 = SURFACE_SIDE_STYLE('',(#11723));
#11723 = SURFACE_STYLE_FILL_AREA(#11724);
#11724 = FILL_AREA_STYLE('',(#11725));
#11725 = FILL_AREA_STYLE_COLOUR('',#11438);
#11726 = STYLED_ITEM('color',(#11727),#8205);
#11727 = PRESENTATION_STYLE_ASSIGNMENT((#11728));
#11728 = SURFACE_STYLE_USAGE(.BOTH.,#11729);
#11729 = SURFACE_SIDE_STYLE('',(#11730));
#11730 = SURFACE_STYLE_FILL_AREA(#11731);
#11731 = FILL_AREA_STYLE('',(#11732));
#11732 = FILL_AREA_STYLE_COLOUR('',#11438);
#11733 = STYLED_ITEM('color',(#11734),#8222);
#11734 = PRESENTATION_STYLE_ASSIGNMENT((#11735));
#11735 = SURFACE_STYLE_USAGE(.BOTH.,#11736);
#11736 = SURFACE_SIDE_STYLE('',(#11737));
#11737 = SURFACE_STYLE_FILL_AREA(#11738);
#11738 = FILL_AREA_STYLE('',(#11739));
#11739 = FILL_AREA_STYLE_COLOUR('',#11438);
#11740 = STYLED_ITEM('color',(#11741),#8268);
#11741 = PRESENTATION_STYLE_ASSIGNMENT((#11742));
#11742 = SURFACE_STYLE_USAGE(.BOTH.,#11743);
#11743 = SURFACE_SIDE_STYLE('',(#11744));
#11744 = SURFACE_STYLE_FILL_AREA(#11745);
#11745 = FILL_AREA_STYLE('',(#11746));
#11746 = FILL_AREA_STYLE_COLOUR('',#11438);
#11747 = STYLED_ITEM('color',(#11748),#8314);
#11748 = PRESENTATION_STYLE_ASSIGNMENT((#11749));
#11749 = SURFACE_STYLE_USAGE(.BOTH.,#11750);
#11750 = SURFACE_SIDE_STYLE('',(#11751));
#11751 = SURFACE_STYLE_FILL_AREA(#11752);
#11752 = FILL_AREA_STYLE('',(#11753));
#11753 = FILL_AREA_STYLE_COLOUR('',#11754);
#11754 = COLOUR_RGB('',0.823529417451,0.819607860991,0.780392170416);
#11755 = STYLED_ITEM('color',(#11756),#8345);
#11756 = PRESENTATION_STYLE_ASSIGNMENT((#11757));
#11757 = SURFACE_STYLE_USAGE(.BOTH.,#11758);
#11758 = SURFACE_SIDE_STYLE('',(#11759));
#11759 = SURFACE_STYLE_FILL_AREA(#11760);
#11760 = FILL_AREA_STYLE('',(#11761));
#11761 = FILL_AREA_STYLE_COLOUR('',#11754);
#11762 = STYLED_ITEM('color',(#11763),#8369);
#11763 = PRESENTATION_STYLE_ASSIGNMENT((#11764));
#11764 = SURFACE_STYLE_USAGE(.BOTH.,#11765);
#11765 = SURFACE_SIDE_STYLE('',(#11766));
#11766 = SURFACE_STYLE_FILL_AREA(#11767);
#11767 = FILL_AREA_STYLE('',(#11768));
#11768 = FILL_AREA_STYLE_COLOUR('',#11754);
#11769 = STYLED_ITEM('color',(#11770),#8393);
#11770 = PRESENTATION_STYLE_ASSIGNMENT((#11771));
#11771 = SURFACE_STYLE_USAGE(.BOTH.,#11772);
#11772 = SURFACE_SIDE_STYLE('',(#11773));
#11773 = SURFACE_STYLE_FILL_AREA(#11774);
#11774 = FILL_AREA_STYLE('',(#11775));
#11775 = FILL_AREA_STYLE_COLOUR('',#11754);
#11776 = STYLED_ITEM('color',(#11777),#8410);
#11777 = PRESENTATION_STYLE_ASSIGNMENT((#11778));
#11778 = SURFACE_STYLE_USAGE(.BOTH.,#11779);
#11779 = SURFACE_SIDE_STYLE('',(#11780));
#11780 = SURFACE_STYLE_FILL_AREA(#11781);
#11781 = FILL_AREA_STYLE('',(#11782));
#11782 = FILL_AREA_STYLE_COLOUR('',#11754);
#11783 = STYLED_ITEM('color',(#11784),#8441);
#11784 = PRESENTATION_STYLE_ASSIGNMENT((#11785));
#11785 = SURFACE_STYLE_USAGE(.BOTH.,#11786);
#11786 = SURFACE_SIDE_STYLE('',(#11787));
#11787 = SURFACE_STYLE_FILL_AREA(#11788);
#11788 = FILL_AREA_STYLE('',(#11789));
#11789 = FILL_AREA_STYLE_COLOUR('',#11754);
#11790 = STYLED_ITEM('color',(#11791),#8465);
#11791 = PRESENTATION_STYLE_ASSIGNMENT((#11792));
#11792 = SURFACE_STYLE_USAGE(.BOTH.,#11793);
#11793 = SURFACE_SIDE_STYLE('',(#11794));
#11794 = SURFACE_STYLE_FILL_AREA(#11795);
#11795 = FILL_AREA_STYLE('',(#11796));
#11796 = FILL_AREA_STYLE_COLOUR('',#11754);
#11797 = STYLED_ITEM('color',(#11798),#8489);
#11798 = PRESENTATION_STYLE_ASSIGNMENT((#11799));
#11799 = SURFACE_STYLE_USAGE(.BOTH.,#11800);
#11800 = SURFACE_SIDE_STYLE('',(#11801));
#11801 = SURFACE_STYLE_FILL_AREA(#11802);
#11802 = FILL_AREA_STYLE('',(#11803));
#11803 = FILL_AREA_STYLE_COLOUR('',#11754);
#11804 = STYLED_ITEM('color',(#11805),#8506);
#11805 = PRESENTATION_STYLE_ASSIGNMENT((#11806));
#11806 = SURFACE_STYLE_USAGE(.BOTH.,#11807);
#11807 = SURFACE_SIDE_STYLE('',(#11808));
#11808 = SURFACE_STYLE_FILL_AREA(#11809);
#11809 = FILL_AREA_STYLE('',(#11810));
#11810 = FILL_AREA_STYLE_COLOUR('',#11754);
#11811 = STYLED_ITEM('color',(#11812),#8569);
#11812 = PRESENTATION_STYLE_ASSIGNMENT((#11813));
#11813 = SURFACE_STYLE_USAGE(.BOTH.,#11814);
#11814 = SURFACE_SIDE_STYLE('',(#11815));
#11815 = SURFACE_STYLE_FILL_AREA(#11816);
#11816 = FILL_AREA_STYLE('',(#11817));
#11817 = FILL_AREA_STYLE_COLOUR('',#11754);
#11818 = STYLED_ITEM('color',(#11819),#8593);
#11819 = PRESENTATION_STYLE_ASSIGNMENT((#11820));
#11820 = SURFACE_STYLE_USAGE(.BOTH.,#11821);
#11821 = SURFACE_SIDE_STYLE('',(#11822));
#11822 = SURFACE_STYLE_FILL_AREA(#11823);
#11823 = FILL_AREA_STYLE('',(#11824));
#11824 = FILL_AREA_STYLE_COLOUR('',#11754);
#11825 = STYLED_ITEM('color',(#11826),#8649);
#11826 = PRESENTATION_STYLE_ASSIGNMENT((#11827));
#11827 = SURFACE_STYLE_USAGE(.BOTH.,#11828);
#11828 = SURFACE_SIDE_STYLE('',(#11829));
#11829 = SURFACE_STYLE_FILL_AREA(#11830);
#11830 = FILL_AREA_STYLE('',(#11831));
#11831 = FILL_AREA_STYLE_COLOUR('',#11754);
#11832 = STYLED_ITEM('color',(#11833),#8666);
#11833 = PRESENTATION_STYLE_ASSIGNMENT((#11834));
#11834 = SURFACE_STYLE_USAGE(.BOTH.,#11835);
#11835 = SURFACE_SIDE_STYLE('',(#11836));
#11836 = SURFACE_STYLE_FILL_AREA(#11837);
#11837 = FILL_AREA_STYLE('',(#11838));
#11838 = FILL_AREA_STYLE_COLOUR('',#11754);
#11839 = STYLED_ITEM('color',(#11840),#8729);
#11840 = PRESENTATION_STYLE_ASSIGNMENT((#11841));
#11841 = SURFACE_STYLE_USAGE(.BOTH.,#11842);
#11842 = SURFACE_SIDE_STYLE('',(#11843));
#11843 = SURFACE_STYLE_FILL_AREA(#11844);
#11844 = FILL_AREA_STYLE('',(#11845));
#11845 = FILL_AREA_STYLE_COLOUR('',#11754);
#11846 = STYLED_ITEM('color',(#11847),#8753);
#11847 = PRESENTATION_STYLE_ASSIGNMENT((#11848));
#11848 = SURFACE_STYLE_USAGE(.BOTH.,#11849);
#11849 = SURFACE_SIDE_STYLE('',(#11850));
#11850 = SURFACE_STYLE_FILL_AREA(#11851);
#11851 = FILL_AREA_STYLE('',(#11852));
#11852 = FILL_AREA_STYLE_COLOUR('',#11754);
#11853 = STYLED_ITEM('color',(#11854),#8809);
#11854 = PRESENTATION_STYLE_ASSIGNMENT((#11855));
#11855 = SURFACE_STYLE_USAGE(.BOTH.,#11856);
#11856 = SURFACE_SIDE_STYLE('',(#11857));
#11857 = SURFACE_STYLE_FILL_AREA(#11858);
#11858 = FILL_AREA_STYLE('',(#11859));
#11859 = FILL_AREA_STYLE_COLOUR('',#11754);
#11860 = STYLED_ITEM('color',(#11861),#8826);
#11861 = PRESENTATION_STYLE_ASSIGNMENT((#11862));
#11862 = SURFACE_STYLE_USAGE(.BOTH.,#11863);
#11863 = SURFACE_SIDE_STYLE('',(#11864));
#11864 = SURFACE_STYLE_FILL_AREA(#11865);
#11865 = FILL_AREA_STYLE('',(#11866));
#11866 = FILL_AREA_STYLE_COLOUR('',#11754);
#11867 = STYLED_ITEM('color',(#11868),#8857);
#11868 = PRESENTATION_STYLE_ASSIGNMENT((#11869));
#11869 = SURFACE_STYLE_USAGE(.BOTH.,#11870);
#11870 = SURFACE_SIDE_STYLE('',(#11871));
#11871 = SURFACE_STYLE_FILL_AREA(#11872);
#11872 = FILL_AREA_STYLE('',(#11873));
#11873 = FILL_AREA_STYLE_COLOUR('',#11754);
#11874 = STYLED_ITEM('color',(#11875),#8881);
#11875 = PRESENTATION_STYLE_ASSIGNMENT((#11876));
#11876 = SURFACE_STYLE_USAGE(.BOTH.,#11877);
#11877 = SURFACE_SIDE_STYLE('',(#11878));
#11878 = SURFACE_STYLE_FILL_AREA(#11879);
#11879 = FILL_AREA_STYLE('',(#11880));
#11880 = FILL_AREA_STYLE_COLOUR('',#11754);
#11881 = STYLED_ITEM('color',(#11882),#8905);
#11882 = PRESENTATION_STYLE_ASSIGNMENT((#11883));
#11883 = SURFACE_STYLE_USAGE(.BOTH.,#11884);
#11884 = SURFACE_SIDE_STYLE('',(#11885));
#11885 = SURFACE_STYLE_FILL_AREA(#11886);
#11886 = FILL_AREA_STYLE('',(#11887));
#11887 = FILL_AREA_STYLE_COLOUR('',#11754);
#11888 = STYLED_ITEM('color',(#11889),#8922);
#11889 = PRESENTATION_STYLE_ASSIGNMENT((#11890));
#11890 = SURFACE_STYLE_USAGE(.BOTH.,#11891);
#11891 = SURFACE_SIDE_STYLE('',(#11892));
#11892 = SURFACE_STYLE_FILL_AREA(#11893);
#11893 = FILL_AREA_STYLE('',(#11894));
#11894 = FILL_AREA_STYLE_COLOUR('',#11754);
#11895 = STYLED_ITEM('color',(#11896),#8953);
#11896 = PRESENTATION_STYLE_ASSIGNMENT((#11897));
#11897 = SURFACE_STYLE_USAGE(.BOTH.,#11898);
#11898 = SURFACE_SIDE_STYLE('',(#11899));
#11899 = SURFACE_STYLE_FILL_AREA(#11900);
#11900 = FILL_AREA_STYLE('',(#11901));
#11901 = FILL_AREA_STYLE_COLOUR('',#11754);
#11902 = STYLED_ITEM('color',(#11903),#8977);
#11903 = PRESENTATION_STYLE_ASSIGNMENT((#11904));
#11904 = SURFACE_STYLE_USAGE(.BOTH.,#11905);
#11905 = SURFACE_SIDE_STYLE('',(#11906));
#11906 = SURFACE_STYLE_FILL_AREA(#11907);
#11907 = FILL_AREA_STYLE('',(#11908));
#11908 = FILL_AREA_STYLE_COLOUR('',#11754);
#11909 = STYLED_ITEM('color',(#11910),#9001);
#11910 = PRESENTATION_STYLE_ASSIGNMENT((#11911));
#11911 = SURFACE_STYLE_USAGE(.BOTH.,#11912);
#11912 = SURFACE_SIDE_STYLE('',(#11913));
#11913 = SURFACE_STYLE_FILL_AREA(#11914);
#11914 = FILL_AREA_STYLE('',(#11915));
#11915 = FILL_AREA_STYLE_COLOUR('',#11754);
#11916 = STYLED_ITEM('color',(#11917),#9018);
#11917 = PRESENTATION_STYLE_ASSIGNMENT((#11918));
#11918 = SURFACE_STYLE_USAGE(.BOTH.,#11919);
#11919 = SURFACE_SIDE_STYLE('',(#11920));
#11920 = SURFACE_STYLE_FILL_AREA(#11921);
#11921 = FILL_AREA_STYLE('',(#11922));
#11922 = FILL_AREA_STYLE_COLOUR('',#11754);
#11923 = STYLED_ITEM('color',(#11924),#9065);
#11924 = PRESENTATION_STYLE_ASSIGNMENT((#11925));
#11925 = SURFACE_STYLE_USAGE(.BOTH.,#11926);
#11926 = SURFACE_SIDE_STYLE('',(#11927));
#11927 = SURFACE_STYLE_FILL_AREA(#11928);
#11928 = FILL_AREA_STYLE('',(#11929));
#11929 = FILL_AREA_STYLE_COLOUR('',#11754);
#11930 = STYLED_ITEM('color',(#11931),#9096);
#11931 = PRESENTATION_STYLE_ASSIGNMENT((#11932));
#11932 = SURFACE_STYLE_USAGE(.BOTH.,#11933);
#11933 = SURFACE_SIDE_STYLE('',(#11934));
#11934 = SURFACE_STYLE_FILL_AREA(#11935);
#11935 = FILL_AREA_STYLE('',(#11936));
#11936 = FILL_AREA_STYLE_COLOUR('',#11754);
#11937 = STYLED_ITEM('color',(#11938),#9108);
#11938 = PRESENTATION_STYLE_ASSIGNMENT((#11939));
#11939 = SURFACE_STYLE_USAGE(.BOTH.,#11940);
#11940 = SURFACE_SIDE_STYLE('',(#11941));
#11941 = SURFACE_STYLE_FILL_AREA(#11942);
#11942 = FILL_AREA_STYLE('',(#11943));
#11943 = FILL_AREA_STYLE_COLOUR('',#11754);
#11944 = STYLED_ITEM('color',(#11945),#9125);
#11945 = PRESENTATION_STYLE_ASSIGNMENT((#11946));
#11946 = SURFACE_STYLE_USAGE(.BOTH.,#11947);
#11947 = SURFACE_SIDE_STYLE('',(#11948));
#11948 = SURFACE_STYLE_FILL_AREA(#11949);
#11949 = FILL_AREA_STYLE('',(#11950));
#11950 = FILL_AREA_STYLE_COLOUR('',#11754);
#11951 = STYLED_ITEM('color',(#11952),#9151);
#11952 = PRESENTATION_STYLE_ASSIGNMENT((#11953));
#11953 = SURFACE_STYLE_USAGE(.BOTH.,#11954);
#11954 = SURFACE_SIDE_STYLE('',(#11955));
#11955 = SURFACE_STYLE_FILL_AREA(#11956);
#11956 = FILL_AREA_STYLE('',(#11957));
#11957 = FILL_AREA_STYLE_COLOUR('',#11754);
#11958 = STYLED_ITEM('color',(#11959),#9184);
#11959 = PRESENTATION_STYLE_ASSIGNMENT((#11960));
#11960 = SURFACE_STYLE_USAGE(.BOTH.,#11961);
#11961 = SURFACE_SIDE_STYLE('',(#11962));
#11962 = SURFACE_STYLE_FILL_AREA(#11963);
#11963 = FILL_AREA_STYLE('',(#11964));
#11964 = FILL_AREA_STYLE_COLOUR('',#11754);
#11965 = STYLED_ITEM('color',(#11966),#9231);
#11966 = PRESENTATION_STYLE_ASSIGNMENT((#11967));
#11967 = SURFACE_STYLE_USAGE(.BOTH.,#11968);
#11968 = SURFACE_SIDE_STYLE('',(#11969));
#11969 = SURFACE_STYLE_FILL_AREA(#11970);
#11970 = FILL_AREA_STYLE('',(#11971));
#11971 = FILL_AREA_STYLE_COLOUR('',#11754);
#11972 = STYLED_ITEM('color',(#11973),#9262);
#11973 = PRESENTATION_STYLE_ASSIGNMENT((#11974));
#11974 = SURFACE_STYLE_USAGE(.BOTH.,#11975);
#11975 = SURFACE_SIDE_STYLE('',(#11976));
#11976 = SURFACE_STYLE_FILL_AREA(#11977);
#11977 = FILL_AREA_STYLE('',(#11978));
#11978 = FILL_AREA_STYLE_COLOUR('',#11754);
#11979 = STYLED_ITEM('color',(#11980),#9274);
#11980 = PRESENTATION_STYLE_ASSIGNMENT((#11981));
#11981 = SURFACE_STYLE_USAGE(.BOTH.,#11982);
#11982 = SURFACE_SIDE_STYLE('',(#11983));
#11983 = SURFACE_STYLE_FILL_AREA(#11984);
#11984 = FILL_AREA_STYLE('',(#11985));
#11985 = FILL_AREA_STYLE_COLOUR('',#11754);
#11986 = STYLED_ITEM('color',(#11987),#9291);
#11987 = PRESENTATION_STYLE_ASSIGNMENT((#11988));
#11988 = SURFACE_STYLE_USAGE(.BOTH.,#11989);
#11989 = SURFACE_SIDE_STYLE('',(#11990));
#11990 = SURFACE_STYLE_FILL_AREA(#11991);
#11991 = FILL_AREA_STYLE('',(#11992));
#11992 = FILL_AREA_STYLE_COLOUR('',#11754);
#11993 = STYLED_ITEM('color',(#11994),#9317);
#11994 = PRESENTATION_STYLE_ASSIGNMENT((#11995));
#11995 = SURFACE_STYLE_USAGE(.BOTH.,#11996);
#11996 = SURFACE_SIDE_STYLE('',(#11997));
#11997 = SURFACE_STYLE_FILL_AREA(#11998);
#11998 = FILL_AREA_STYLE('',(#11999));
#11999 = FILL_AREA_STYLE_COLOUR('',#11754);
#12000 = STYLED_ITEM('color',(#12001),#9350);
#12001 = PRESENTATION_STYLE_ASSIGNMENT((#12002));
#12002 = SURFACE_STYLE_USAGE(.BOTH.,#12003);
#12003 = SURFACE_SIDE_STYLE('',(#12004));
#12004 = SURFACE_STYLE_FILL_AREA(#12005);
#12005 = FILL_AREA_STYLE('',(#12006));
#12006 = FILL_AREA_STYLE_COLOUR('',#11754);
#12007 = STYLED_ITEM('color',(#12008),#9362);
#12008 = PRESENTATION_STYLE_ASSIGNMENT((#12009));
#12009 = SURFACE_STYLE_USAGE(.BOTH.,#12010);
#12010 = SURFACE_SIDE_STYLE('',(#12011));
#12011 = SURFACE_STYLE_FILL_AREA(#12012);
#12012 = FILL_AREA_STYLE('',(#12013));
#12013 = FILL_AREA_STYLE_COLOUR('',#11754);
#12014 = STYLED_ITEM('color',(#12015),#9374);
#12015 = PRESENTATION_STYLE_ASSIGNMENT((#12016));
#12016 = SURFACE_STYLE_USAGE(.BOTH.,#12017);
#12017 = SURFACE_SIDE_STYLE('',(#12018));
#12018 = SURFACE_STYLE_FILL_AREA(#12019);
#12019 = FILL_AREA_STYLE('',(#12020));
#12020 = FILL_AREA_STYLE_COLOUR('',#11754);
#12021 = STYLED_ITEM('color',(#12022),#9391);
#12022 = PRESENTATION_STYLE_ASSIGNMENT((#12023));
#12023 = SURFACE_STYLE_USAGE(.BOTH.,#12024);
#12024 = SURFACE_SIDE_STYLE('',(#12025));
#12025 = SURFACE_STYLE_FILL_AREA(#12026);
#12026 = FILL_AREA_STYLE('',(#12027));
#12027 = FILL_AREA_STYLE_COLOUR('',#11754);
#12028 = STYLED_ITEM('color',(#12029),#9408);
#12029 = PRESENTATION_STYLE_ASSIGNMENT((#12030));
#12030 = SURFACE_STYLE_USAGE(.BOTH.,#12031);
#12031 = SURFACE_SIDE_STYLE('',(#12032));
#12032 = SURFACE_STYLE_FILL_AREA(#12033);
#12033 = FILL_AREA_STYLE('',(#12034));
#12034 = FILL_AREA_STYLE_COLOUR('',#11754);
#12035 = STYLED_ITEM('color',(#12036),#9420);
#12036 = PRESENTATION_STYLE_ASSIGNMENT((#12037));
#12037 = SURFACE_STYLE_USAGE(.BOTH.,#12038);
#12038 = SURFACE_SIDE_STYLE('',(#12039));
#12039 = SURFACE_STYLE_FILL_AREA(#12040);
#12040 = FILL_AREA_STYLE('',(#12041));
#12041 = FILL_AREA_STYLE_COLOUR('',#11754);
#12042 = STYLED_ITEM('color',(#12043),#9437);
#12043 = PRESENTATION_STYLE_ASSIGNMENT((#12044));
#12044 = SURFACE_STYLE_USAGE(.BOTH.,#12045);
#12045 = SURFACE_SIDE_STYLE('',(#12046));
#12046 = SURFACE_STYLE_FILL_AREA(#12047);
#12047 = FILL_AREA_STYLE('',(#12048));
#12048 = FILL_AREA_STYLE_COLOUR('',#11754);
#12049 = STYLED_ITEM('color',(#12050),#9454);
#12050 = PRESENTATION_STYLE_ASSIGNMENT((#12051));
#12051 = SURFACE_STYLE_USAGE(.BOTH.,#12052);
#12052 = SURFACE_SIDE_STYLE('',(#12053));
#12053 = SURFACE_STYLE_FILL_AREA(#12054);
#12054 = FILL_AREA_STYLE('',(#12055));
#12055 = FILL_AREA_STYLE_COLOUR('',#11754);
#12056 = MECHANICAL_DESIGN_GEOMETRIC_PRESENTATION_REPRESENTATION('',(
    #12057,#12065,#12072,#12079,#12086,#12093,#12100,#12107,#12115,
    #12122,#12129,#12136,#12143,#12150,#12158,#12165,#12172,#12179,
    #12186,#12193,#12200,#12207,#12214,#12221,#12228,#12235),#1773);
#12057 = STYLED_ITEM('color',(#12058),#985);
#12058 = PRESENTATION_STYLE_ASSIGNMENT((#12059));
#12059 = SURFACE_STYLE_USAGE(.BOTH.,#12060);
#12060 = SURFACE_SIDE_STYLE('',(#12061));
#12061 = SURFACE_STYLE_FILL_AREA(#12062);
#12062 = FILL_AREA_STYLE('',(#12063));
#12063 = FILL_AREA_STYLE_COLOUR('',#12064);
#12064 = COLOUR_RGB('',0.823999987314,0.819999987296,0.781000009244);
#12065 = STYLED_ITEM('color',(#12066),#1025);
#12066 = PRESENTATION_STYLE_ASSIGNMENT((#12067));
#12067 = SURFACE_STYLE_USAGE(.BOTH.,#12068);
#12068 = SURFACE_SIDE_STYLE('',(#12069));
#12069 = SURFACE_STYLE_FILL_AREA(#12070);
#12070 = FILL_AREA_STYLE('',(#12071));
#12071 = FILL_AREA_STYLE_COLOUR('',#12064);
#12072 = STYLED_ITEM('color',(#12073),#1108);
#12073 = PRESENTATION_STYLE_ASSIGNMENT((#12074));
#12074 = SURFACE_STYLE_USAGE(.BOTH.,#12075);
#12075 = SURFACE_SIDE_STYLE('',(#12076));
#12076 = SURFACE_STYLE_FILL_AREA(#12077);
#12077 = FILL_AREA_STYLE('',(#12078));
#12078 = FILL_AREA_STYLE_COLOUR('',#12064);
#12079 = STYLED_ITEM('color',(#12080),#1133);
#12080 = PRESENTATION_STYLE_ASSIGNMENT((#12081));
#12081 = SURFACE_STYLE_USAGE(.BOTH.,#12082);
#12082 = SURFACE_SIDE_STYLE('',(#12083));
#12083 = SURFACE_STYLE_FILL_AREA(#12084);
#12084 = FILL_AREA_STYLE('',(#12085));
#12085 = FILL_AREA_STYLE_COLOUR('',#12064);
#12086 = STYLED_ITEM('color',(#12087),#1158);
#12087 = PRESENTATION_STYLE_ASSIGNMENT((#12088));
#12088 = SURFACE_STYLE_USAGE(.BOTH.,#12089);
#12089 = SURFACE_SIDE_STYLE('',(#12090));
#12090 = SURFACE_STYLE_FILL_AREA(#12091);
#12091 = FILL_AREA_STYLE('',(#12092));
#12092 = FILL_AREA_STYLE_COLOUR('',#12064);
#12093 = STYLED_ITEM('color',(#12094),#1225);
#12094 = PRESENTATION_STYLE_ASSIGNMENT((#12095));
#12095 = SURFACE_STYLE_USAGE(.BOTH.,#12096);
#12096 = SURFACE_SIDE_STYLE('',(#12097));
#12097 = SURFACE_STYLE_FILL_AREA(#12098);
#12098 = FILL_AREA_STYLE('',(#12099));
#12099 = FILL_AREA_STYLE_COLOUR('',#12064);
#12100 = STYLED_ITEM('color',(#12101),#1242);
#12101 = PRESENTATION_STYLE_ASSIGNMENT((#12102));
#12102 = SURFACE_STYLE_USAGE(.BOTH.,#12103);
#12103 = SURFACE_SIDE_STYLE('',(#12104));
#12104 = SURFACE_STYLE_FILL_AREA(#12105);
#12105 = FILL_AREA_STYLE('',(#12106));
#12106 = FILL_AREA_STYLE_COLOUR('',#12064);
#12107 = STYLED_ITEM('color',(#12108),#1259);
#12108 = PRESENTATION_STYLE_ASSIGNMENT((#12109));
#12109 = SURFACE_STYLE_USAGE(.BOTH.,#12110);
#12110 = SURFACE_SIDE_STYLE('',(#12111));
#12111 = SURFACE_STYLE_FILL_AREA(#12112);
#12112 = FILL_AREA_STYLE('',(#12113));
#12113 = FILL_AREA_STYLE_COLOUR('',#12114);
#12114 = COLOUR_RGB('',0.894999966383,0.890999961016,0.813000030345);
#12115 = STYLED_ITEM('color',(#12116),#1308);
#12116 = PRESENTATION_STYLE_ASSIGNMENT((#12117));
#12117 = SURFACE_STYLE_USAGE(.BOTH.,#12118);
#12118 = SURFACE_SIDE_STYLE('',(#12119));
#12119 = SURFACE_STYLE_FILL_AREA(#12120);
#12120 = FILL_AREA_STYLE('',(#12121));
#12121 = FILL_AREA_STYLE_COLOUR('',#12064);
#12122 = STYLED_ITEM('color',(#12123),#1325);
#12123 = PRESENTATION_STYLE_ASSIGNMENT((#12124));
#12124 = SURFACE_STYLE_USAGE(.BOTH.,#12125);
#12125 = SURFACE_SIDE_STYLE('',(#12126));
#12126 = SURFACE_STYLE_FILL_AREA(#12127);
#12127 = FILL_AREA_STYLE('',(#12128));
#12128 = FILL_AREA_STYLE_COLOUR('',#12064);
#12129 = STYLED_ITEM('color',(#12130),#1342);
#12130 = PRESENTATION_STYLE_ASSIGNMENT((#12131));
#12131 = SURFACE_STYLE_USAGE(.BOTH.,#12132);
#12132 = SURFACE_SIDE_STYLE('',(#12133));
#12133 = SURFACE_STYLE_FILL_AREA(#12134);
#12134 = FILL_AREA_STYLE('',(#12135));
#12135 = FILL_AREA_STYLE_COLOUR('',#12114);
#12136 = STYLED_ITEM('color',(#12137),#1391);
#12137 = PRESENTATION_STYLE_ASSIGNMENT((#12138));
#12138 = SURFACE_STYLE_USAGE(.BOTH.,#12139);
#12139 = SURFACE_SIDE_STYLE('',(#12140));
#12140 = SURFACE_STYLE_FILL_AREA(#12141);
#12141 = FILL_AREA_STYLE('',(#12142));
#12142 = FILL_AREA_STYLE_COLOUR('',#12114);
#12143 = STYLED_ITEM('color',(#12144),#1408);
#12144 = PRESENTATION_STYLE_ASSIGNMENT((#12145));
#12145 = SURFACE_STYLE_USAGE(.BOTH.,#12146);
#12146 = SURFACE_SIDE_STYLE('',(#12147));
#12147 = SURFACE_STYLE_FILL_AREA(#12148);
#12148 = FILL_AREA_STYLE('',(#12149));
#12149 = FILL_AREA_STYLE_COLOUR('',#12064);
#12150 = STYLED_ITEM('color',(#12151),#1477);
#12151 = PRESENTATION_STYLE_ASSIGNMENT((#12152));
#12152 = SURFACE_STYLE_USAGE(.BOTH.,#12153);
#12153 = SURFACE_SIDE_STYLE('',(#12154));
#12154 = SURFACE_STYLE_FILL_AREA(#12155);
#12155 = FILL_AREA_STYLE('',(#12156));
#12156 = FILL_AREA_STYLE_COLOUR('',#12157);
#12157 = COLOUR_RGB('',8.200000279077E-02,8.600000121357E-02,
  9.399999706163E-02);
#12158 = STYLED_ITEM('color',(#12159),#1508);
#12159 = PRESENTATION_STYLE_ASSIGNMENT((#12160));
#12160 = SURFACE_STYLE_USAGE(.BOTH.,#12161);
#12161 = SURFACE_SIDE_STYLE('',(#12162));
#12162 = SURFACE_STYLE_FILL_AREA(#12163);
#12163 = FILL_AREA_STYLE('',(#12164));
#12164 = FILL_AREA_STYLE_COLOUR('',#12157);
#12165 = STYLED_ITEM('color',(#12166),#1532);
#12166 = PRESENTATION_STYLE_ASSIGNMENT((#12167));
#12167 = SURFACE_STYLE_USAGE(.BOTH.,#12168);
#12168 = SURFACE_SIDE_STYLE('',(#12169));
#12169 = SURFACE_STYLE_FILL_AREA(#12170);
#12170 = FILL_AREA_STYLE('',(#12171));
#12171 = FILL_AREA_STYLE_COLOUR('',#12064);
#12172 = STYLED_ITEM('color',(#12173),#1601);
#12173 = PRESENTATION_STYLE_ASSIGNMENT((#12174));
#12174 = SURFACE_STYLE_USAGE(.BOTH.,#12175);
#12175 = SURFACE_SIDE_STYLE('',(#12176));
#12176 = SURFACE_STYLE_FILL_AREA(#12177);
#12177 = FILL_AREA_STYLE('',(#12178));
#12178 = FILL_AREA_STYLE_COLOUR('',#12157);
#12179 = STYLED_ITEM('color',(#12180),#1625);
#12180 = PRESENTATION_STYLE_ASSIGNMENT((#12181));
#12181 = SURFACE_STYLE_USAGE(.BOTH.,#12182);
#12182 = SURFACE_SIDE_STYLE('',(#12183));
#12183 = SURFACE_STYLE_FILL_AREA(#12184);
#12184 = FILL_AREA_STYLE('',(#12185));
#12185 = FILL_AREA_STYLE_COLOUR('',#12064);
#12186 = STYLED_ITEM('color',(#12187),#1642);
#12187 = PRESENTATION_STYLE_ASSIGNMENT((#12188));
#12188 = SURFACE_STYLE_USAGE(.BOTH.,#12189);
#12189 = SURFACE_SIDE_STYLE('',(#12190));
#12190 = SURFACE_STYLE_FILL_AREA(#12191);
#12191 = FILL_AREA_STYLE('',(#12192));
#12192 = FILL_AREA_STYLE_COLOUR('',#12064);
#12193 = STYLED_ITEM('color',(#12194),#1659);
#12194 = PRESENTATION_STYLE_ASSIGNMENT((#12195));
#12195 = SURFACE_STYLE_USAGE(.BOTH.,#12196);
#12196 = SURFACE_SIDE_STYLE('',(#12197));
#12197 = SURFACE_STYLE_FILL_AREA(#12198);
#12198 = FILL_AREA_STYLE('',(#12199));
#12199 = FILL_AREA_STYLE_COLOUR('',#12064);
#12200 = STYLED_ITEM('color',(#12201),#1676);
#12201 = PRESENTATION_STYLE_ASSIGNMENT((#12202));
#12202 = SURFACE_STYLE_USAGE(.BOTH.,#12203);
#12203 = SURFACE_SIDE_STYLE('',(#12204));
#12204 = SURFACE_STYLE_FILL_AREA(#12205);
#12205 = FILL_AREA_STYLE('',(#12206));
#12206 = FILL_AREA_STYLE_COLOUR('',#12064);
#12207 = STYLED_ITEM('color',(#12208),#1693);
#12208 = PRESENTATION_STYLE_ASSIGNMENT((#12209));
#12209 = SURFACE_STYLE_USAGE(.BOTH.,#12210);
#12210 = SURFACE_SIDE_STYLE('',(#12211));
#12211 = SURFACE_STYLE_FILL_AREA(#12212);
#12212 = FILL_AREA_STYLE('',(#12213));
#12213 = FILL_AREA_STYLE_COLOUR('',#12064);
#12214 = STYLED_ITEM('color',(#12215),#1710);
#12215 = PRESENTATION_STYLE_ASSIGNMENT((#12216));
#12216 = SURFACE_STYLE_USAGE(.BOTH.,#12217);
#12217 = SURFACE_SIDE_STYLE('',(#12218));
#12218 = SURFACE_STYLE_FILL_AREA(#12219);
#12219 = FILL_AREA_STYLE('',(#12220));
#12220 = FILL_AREA_STYLE_COLOUR('',#12064);
#12221 = STYLED_ITEM('color',(#12222),#1727);
#12222 = PRESENTATION_STYLE_ASSIGNMENT((#12223));
#12223 = SURFACE_STYLE_USAGE(.BOTH.,#12224);
#12224 = SURFACE_SIDE_STYLE('',(#12225));
#12225 = SURFACE_STYLE_FILL_AREA(#12226);
#12226 = FILL_AREA_STYLE('',(#12227));
#12227 = FILL_AREA_STYLE_COLOUR('',#12064);
#12228 = STYLED_ITEM('color',(#12229),#1744);
#12229 = PRESENTATION_STYLE_ASSIGNMENT((#12230));
#12230 = SURFACE_STYLE_USAGE(.BOTH.,#12231);
#12231 = SURFACE_SIDE_STYLE('',(#12232));
#12232 = SURFACE_STYLE_FILL_AREA(#12233);
#12233 = FILL_AREA_STYLE('',(#12234));
#12234 = FILL_AREA_STYLE_COLOUR('',#12157);
#12235 = STYLED_ITEM('color',(#12236),#1761);
#12236 = PRESENTATION_STYLE_ASSIGNMENT((#12237));
#12237 = SURFACE_STYLE_USAGE(.BOTH.,#12238);
#12238 = SURFACE_SIDE_STYLE('',(#12239));
#12239 = SURFACE_STYLE_FILL_AREA(#12240);
#12240 = FILL_AREA_STYLE('',(#12241));
#12241 = FILL_AREA_STYLE_COLOUR('',#12157);
#12242 = MECHANICAL_DESIGN_GEOMETRIC_PRESENTATION_REPRESENTATION('',(
    #12243),#394);
#12243 = STYLED_ITEM('color',(#12244),#176);
#12244 = PRESENTATION_STYLE_ASSIGNMENT((#12245,#12251));
#12245 = SURFACE_STYLE_USAGE(.BOTH.,#12246);
#12246 = SURFACE_SIDE_STYLE('',(#12247));
#12247 = SURFACE_STYLE_FILL_AREA(#12248);
#12248 = FILL_AREA_STYLE('',(#12249));
#12249 = FILL_AREA_STYLE_COLOUR('',#12250);
#12250 = COLOUR_RGB('',0.300000011149,0.300000011149,0.300000011149);
#12251 = CURVE_STYLE('',#12252,POSITIVE_LENGTH_MEASURE(0.1),#12250);
#12252 = DRAUGHTING_PRE_DEFINED_CURVE_FONT('continuous');
#12253 = MECHANICAL_DESIGN_GEOMETRIC_PRESENTATION_REPRESENTATION('',(
    #12254,#12261,#12268,#12275,#12282,#12289,#12296,#12303,#12310,
    #12317,#12324,#12331,#12338,#12345,#12352,#12359,#12366,#12373,
    #12380,#12387,#12394,#12401,#12408,#12415,#12422,#12429,#12436,
    #12443,#12450,#12457,#12464,#12471,#12478,#12485,#12492,#12499,
    #12506,#12513,#12520,#12527,#12534,#12541,#12548,#12555,#12562,
    #12569,#12576,#12583,#12590,#12597,#12604,#12611,#12618,#12625,
    #12632,#12639,#12646,#12653,#12660,#12667,#12674,#12681,#12688,
    #12695,#12702,#12709,#12716,#12723,#12730,#12737,#12744,#12751,
    #12758,#12765,#12772,#12779,#12786,#12793,#12800,#12807,#12814,
    #12821,#12828,#12835,#12842,#12849,#12856,#12863,#12870,#12877,
    #12884,#12891,#12898,#12905,#12912,#12919,#12926,#12933,#12940,
    #12947,#12954,#12961,#12968,#12975,#12982,#12989,#12996,#13003,
    #13010,#13017,#13024,#13031,#13038,#13045,#13052,#13059,#13066,
    #13073,#13080,#13087,#13094,#13101,#13108,#13115,#13122,#13129,
    #13136,#13143,#13150,#13157,#13164,#13171,#13178,#13185,#13192,
    #13199,#13206,#13213,#13220,#13227,#13234,#13241,#13248,#13255,
    #13262,#13269,#13276,#13283,#13290,#13297,#13304,#13311,#13318,
    #13325,#13332,#13339,#13346,#13353,#13360,#13367,#13374,#13381,
    #13388,#13395,#13402),#6699);
#12254 = STYLED_ITEM('color',(#12255),#1832);
#12255 = PRESENTATION_STYLE_ASSIGNMENT((#12256));
#12256 = SURFACE_STYLE_USAGE(.BOTH.,#12257);
#12257 = SURFACE_SIDE_STYLE('',(#12258));
#12258 = SURFACE_STYLE_FILL_AREA(#12259);
#12259 = FILL_AREA_STYLE('',(#12260));
#12260 = FILL_AREA_STYLE_COLOUR('',#11438);
#12261 = STYLED_ITEM('color',(#12262),#1904);
#12262 = PRESENTATION_STYLE_ASSIGNMENT((#12263));
#12263 = SURFACE_STYLE_USAGE(.BOTH.,#12264);
#12264 = SURFACE_SIDE_STYLE('',(#12265));
#12265 = SURFACE_STYLE_FILL_AREA(#12266);
#12266 = FILL_AREA_STYLE('',(#12267));
#12267 = FILL_AREA_STYLE_COLOUR('',#11438);
#12268 = STYLED_ITEM('color',(#12269),#1943);
#12269 = PRESENTATION_STYLE_ASSIGNMENT((#12270));
#12270 = SURFACE_STYLE_USAGE(.BOTH.,#12271);
#12271 = SURFACE_SIDE_STYLE('',(#12272));
#12272 = SURFACE_STYLE_FILL_AREA(#12273);
#12273 = FILL_AREA_STYLE('',(#12274));
#12274 = FILL_AREA_STYLE_COLOUR('',#11438);
#12275 = STYLED_ITEM('color',(#12276),#1967);
#12276 = PRESENTATION_STYLE_ASSIGNMENT((#12277));
#12277 = SURFACE_STYLE_USAGE(.BOTH.,#12278);
#12278 = SURFACE_SIDE_STYLE('',(#12279));
#12279 = SURFACE_STYLE_FILL_AREA(#12280);
#12280 = FILL_AREA_STYLE('',(#12281));
#12281 = FILL_AREA_STYLE_COLOUR('',#11438);
#12282 = STYLED_ITEM('color',(#12283),#2032);
#12283 = PRESENTATION_STYLE_ASSIGNMENT((#12284));
#12284 = SURFACE_STYLE_USAGE(.BOTH.,#12285);
#12285 = SURFACE_SIDE_STYLE('',(#12286));
#12286 = SURFACE_STYLE_FILL_AREA(#12287);
#12287 = FILL_AREA_STYLE('',(#12288));
#12288 = FILL_AREA_STYLE_COLOUR('',#11438);
#12289 = STYLED_ITEM('color',(#12290),#2056);
#12290 = PRESENTATION_STYLE_ASSIGNMENT((#12291));
#12291 = SURFACE_STYLE_USAGE(.BOTH.,#12292);
#12292 = SURFACE_SIDE_STYLE('',(#12293));
#12293 = SURFACE_STYLE_FILL_AREA(#12294);
#12294 = FILL_AREA_STYLE('',(#12295));
#12295 = FILL_AREA_STYLE_COLOUR('',#11438);
#12296 = STYLED_ITEM('color',(#12297),#2240);
#12297 = PRESENTATION_STYLE_ASSIGNMENT((#12298));
#12298 = SURFACE_STYLE_USAGE(.BOTH.,#12299);
#12299 = SURFACE_SIDE_STYLE('',(#12300));
#12300 = SURFACE_STYLE_FILL_AREA(#12301);
#12301 = FILL_AREA_STYLE('',(#12302));
#12302 = FILL_AREA_STYLE_COLOUR('',#11438);
#12303 = STYLED_ITEM('color',(#12304),#2264);
#12304 = PRESENTATION_STYLE_ASSIGNMENT((#12305));
#12305 = SURFACE_STYLE_USAGE(.BOTH.,#12306);
#12306 = SURFACE_SIDE_STYLE('',(#12307));
#12307 = SURFACE_STYLE_FILL_AREA(#12308);
#12308 = FILL_AREA_STYLE('',(#12309));
#12309 = FILL_AREA_STYLE_COLOUR('',#11438);
#12310 = STYLED_ITEM('color',(#12311),#2329);
#12311 = PRESENTATION_STYLE_ASSIGNMENT((#12312));
#12312 = SURFACE_STYLE_USAGE(.BOTH.,#12313);
#12313 = SURFACE_SIDE_STYLE('',(#12314));
#12314 = SURFACE_STYLE_FILL_AREA(#12315);
#12315 = FILL_AREA_STYLE('',(#12316));
#12316 = FILL_AREA_STYLE_COLOUR('',#11438);
#12317 = STYLED_ITEM('color',(#12318),#2354);
#12318 = PRESENTATION_STYLE_ASSIGNMENT((#12319));
#12319 = SURFACE_STYLE_USAGE(.BOTH.,#12320);
#12320 = SURFACE_SIDE_STYLE('',(#12321));
#12321 = SURFACE_STYLE_FILL_AREA(#12322);
#12322 = FILL_AREA_STYLE('',(#12323));
#12323 = FILL_AREA_STYLE_COLOUR('',#11438);
#12324 = STYLED_ITEM('color',(#12325),#2403);
#12325 = PRESENTATION_STYLE_ASSIGNMENT((#12326));
#12326 = SURFACE_STYLE_USAGE(.BOTH.,#12327);
#12327 = SURFACE_SIDE_STYLE('',(#12328));
#12328 = SURFACE_STYLE_FILL_AREA(#12329);
#12329 = FILL_AREA_STYLE('',(#12330));
#12330 = FILL_AREA_STYLE_COLOUR('',#11438);
#12331 = STYLED_ITEM('color',(#12332),#2420);
#12332 = PRESENTATION_STYLE_ASSIGNMENT((#12333));
#12333 = SURFACE_STYLE_USAGE(.BOTH.,#12334);
#12334 = SURFACE_SIDE_STYLE('',(#12335));
#12335 = SURFACE_STYLE_FILL_AREA(#12336);
#12336 = FILL_AREA_STYLE('',(#12337));
#12337 = FILL_AREA_STYLE_COLOUR('',#11438);
#12338 = STYLED_ITEM('color',(#12339),#2444);
#12339 = PRESENTATION_STYLE_ASSIGNMENT((#12340));
#12340 = SURFACE_STYLE_USAGE(.BOTH.,#12341);
#12341 = SURFACE_SIDE_STYLE('',(#12342));
#12342 = SURFACE_STYLE_FILL_AREA(#12343);
#12343 = FILL_AREA_STYLE('',(#12344));
#12344 = FILL_AREA_STYLE_COLOUR('',#11438);
#12345 = STYLED_ITEM('color',(#12346),#2461);
#12346 = PRESENTATION_STYLE_ASSIGNMENT((#12347));
#12347 = SURFACE_STYLE_USAGE(.BOTH.,#12348);
#12348 = SURFACE_SIDE_STYLE('',(#12349));
#12349 = SURFACE_STYLE_FILL_AREA(#12350);
#12350 = FILL_AREA_STYLE('',(#12351));
#12351 = FILL_AREA_STYLE_COLOUR('',#11438);
#12352 = STYLED_ITEM('color',(#12353),#2631);
#12353 = PRESENTATION_STYLE_ASSIGNMENT((#12354));
#12354 = SURFACE_STYLE_USAGE(.BOTH.,#12355);
#12355 = SURFACE_SIDE_STYLE('',(#12356));
#12356 = SURFACE_STYLE_FILL_AREA(#12357);
#12357 = FILL_AREA_STYLE('',(#12358));
#12358 = FILL_AREA_STYLE_COLOUR('',#11438);
#12359 = STYLED_ITEM('color',(#12360),#2655);
#12360 = PRESENTATION_STYLE_ASSIGNMENT((#12361));
#12361 = SURFACE_STYLE_USAGE(.BOTH.,#12362);
#12362 = SURFACE_SIDE_STYLE('',(#12363));
#12363 = SURFACE_STYLE_FILL_AREA(#12364);
#12364 = FILL_AREA_STYLE('',(#12365));
#12365 = FILL_AREA_STYLE_COLOUR('',#11438);
#12366 = STYLED_ITEM('color',(#12367),#2953);
#12367 = PRESENTATION_STYLE_ASSIGNMENT((#12368));
#12368 = SURFACE_STYLE_USAGE(.BOTH.,#12369);
#12369 = SURFACE_SIDE_STYLE('',(#12370));
#12370 = SURFACE_STYLE_FILL_AREA(#12371);
#12371 = FILL_AREA_STYLE('',(#12372));
#12372 = FILL_AREA_STYLE_COLOUR('',#11438);
#12373 = STYLED_ITEM('color',(#12374),#2977);
#12374 = PRESENTATION_STYLE_ASSIGNMENT((#12375));
#12375 = SURFACE_STYLE_USAGE(.BOTH.,#12376);
#12376 = SURFACE_SIDE_STYLE('',(#12377));
#12377 = SURFACE_STYLE_FILL_AREA(#12378);
#12378 = FILL_AREA_STYLE('',(#12379));
#12379 = FILL_AREA_STYLE_COLOUR('',#11438);
#12380 = STYLED_ITEM('color',(#12381),#3010);
#12381 = PRESENTATION_STYLE_ASSIGNMENT((#12382));
#12382 = SURFACE_STYLE_USAGE(.BOTH.,#12383);
#12383 = SURFACE_SIDE_STYLE('',(#12384));
#12384 = SURFACE_STYLE_FILL_AREA(#12385);
#12385 = FILL_AREA_STYLE('',(#12386));
#12386 = FILL_AREA_STYLE_COLOUR('',#11438);
#12387 = STYLED_ITEM('color',(#12388),#3034);
#12388 = PRESENTATION_STYLE_ASSIGNMENT((#12389));
#12389 = SURFACE_STYLE_USAGE(.BOTH.,#12390);
#12390 = SURFACE_SIDE_STYLE('',(#12391));
#12391 = SURFACE_STYLE_FILL_AREA(#12392);
#12392 = FILL_AREA_STYLE('',(#12393));
#12393 = FILL_AREA_STYLE_COLOUR('',#11438);
#12394 = STYLED_ITEM('color',(#12395),#3065);
#12395 = PRESENTATION_STYLE_ASSIGNMENT((#12396));
#12396 = SURFACE_STYLE_USAGE(.BOTH.,#12397);
#12397 = SURFACE_SIDE_STYLE('',(#12398));
#12398 = SURFACE_STYLE_FILL_AREA(#12399);
#12399 = FILL_AREA_STYLE('',(#12400));
#12400 = FILL_AREA_STYLE_COLOUR('',#11438);
#12401 = STYLED_ITEM('color',(#12402),#3082);
#12402 = PRESENTATION_STYLE_ASSIGNMENT((#12403));
#12403 = SURFACE_STYLE_USAGE(.BOTH.,#12404);
#12404 = SURFACE_SIDE_STYLE('',(#12405));
#12405 = SURFACE_STYLE_FILL_AREA(#12406);
#12406 = FILL_AREA_STYLE('',(#12407));
#12407 = FILL_AREA_STYLE_COLOUR('',#11438);
#12408 = STYLED_ITEM('color',(#12409),#3115);
#12409 = PRESENTATION_STYLE_ASSIGNMENT((#12410));
#12410 = SURFACE_STYLE_USAGE(.BOTH.,#12411);
#12411 = SURFACE_SIDE_STYLE('',(#12412));
#12412 = SURFACE_STYLE_FILL_AREA(#12413);
#12413 = FILL_AREA_STYLE('',(#12414));
#12414 = FILL_AREA_STYLE_COLOUR('',#11438);
#12415 = STYLED_ITEM('color',(#12416),#3139);
#12416 = PRESENTATION_STYLE_ASSIGNMENT((#12417));
#12417 = SURFACE_STYLE_USAGE(.BOTH.,#12418);
#12418 = SURFACE_SIDE_STYLE('',(#12419));
#12419 = SURFACE_STYLE_FILL_AREA(#12420);
#12420 = FILL_AREA_STYLE('',(#12421));
#12421 = FILL_AREA_STYLE_COLOUR('',#11438);
#12422 = STYLED_ITEM('color',(#12423),#3170);
#12423 = PRESENTATION_STYLE_ASSIGNMENT((#12424));
#12424 = SURFACE_STYLE_USAGE(.BOTH.,#12425);
#12425 = SURFACE_SIDE_STYLE('',(#12426));
#12426 = SURFACE_STYLE_FILL_AREA(#12427);
#12427 = FILL_AREA_STYLE('',(#12428));
#12428 = FILL_AREA_STYLE_COLOUR('',#11438);
#12429 = STYLED_ITEM('color',(#12430),#3187);
#12430 = PRESENTATION_STYLE_ASSIGNMENT((#12431));
#12431 = SURFACE_STYLE_USAGE(.BOTH.,#12432);
#12432 = SURFACE_SIDE_STYLE('',(#12433));
#12433 = SURFACE_STYLE_FILL_AREA(#12434);
#12434 = FILL_AREA_STYLE('',(#12435));
#12435 = FILL_AREA_STYLE_COLOUR('',#11438);
#12436 = STYLED_ITEM('color',(#12437),#3220);
#12437 = PRESENTATION_STYLE_ASSIGNMENT((#12438));
#12438 = SURFACE_STYLE_USAGE(.BOTH.,#12439);
#12439 = SURFACE_SIDE_STYLE('',(#12440));
#12440 = SURFACE_STYLE_FILL_AREA(#12441);
#12441 = FILL_AREA_STYLE('',(#12442));
#12442 = FILL_AREA_STYLE_COLOUR('',#11438);
#12443 = STYLED_ITEM('color',(#12444),#3244);
#12444 = PRESENTATION_STYLE_ASSIGNMENT((#12445));
#12445 = SURFACE_STYLE_USAGE(.BOTH.,#12446);
#12446 = SURFACE_SIDE_STYLE('',(#12447));
#12447 = SURFACE_STYLE_FILL_AREA(#12448);
#12448 = FILL_AREA_STYLE('',(#12449));
#12449 = FILL_AREA_STYLE_COLOUR('',#11438);
#12450 = STYLED_ITEM('color',(#12451),#3275);
#12451 = PRESENTATION_STYLE_ASSIGNMENT((#12452));
#12452 = SURFACE_STYLE_USAGE(.BOTH.,#12453);
#12453 = SURFACE_SIDE_STYLE('',(#12454));
#12454 = SURFACE_STYLE_FILL_AREA(#12455);
#12455 = FILL_AREA_STYLE('',(#12456));
#12456 = FILL_AREA_STYLE_COLOUR('',#11438);
#12457 = STYLED_ITEM('color',(#12458),#3292);
#12458 = PRESENTATION_STYLE_ASSIGNMENT((#12459));
#12459 = SURFACE_STYLE_USAGE(.BOTH.,#12460);
#12460 = SURFACE_SIDE_STYLE('',(#12461));
#12461 = SURFACE_STYLE_FILL_AREA(#12462);
#12462 = FILL_AREA_STYLE('',(#12463));
#12463 = FILL_AREA_STYLE_COLOUR('',#11438);
#12464 = STYLED_ITEM('color',(#12465),#3325);
#12465 = PRESENTATION_STYLE_ASSIGNMENT((#12466));
#12466 = SURFACE_STYLE_USAGE(.BOTH.,#12467);
#12467 = SURFACE_SIDE_STYLE('',(#12468));
#12468 = SURFACE_STYLE_FILL_AREA(#12469);
#12469 = FILL_AREA_STYLE('',(#12470));
#12470 = FILL_AREA_STYLE_COLOUR('',#11438);
#12471 = STYLED_ITEM('color',(#12472),#3349);
#12472 = PRESENTATION_STYLE_ASSIGNMENT((#12473));
#12473 = SURFACE_STYLE_USAGE(.BOTH.,#12474);
#12474 = SURFACE_SIDE_STYLE('',(#12475));
#12475 = SURFACE_STYLE_FILL_AREA(#12476);
#12476 = FILL_AREA_STYLE('',(#12477));
#12477 = FILL_AREA_STYLE_COLOUR('',#11438);
#12478 = STYLED_ITEM('color',(#12479),#3380);
#12479 = PRESENTATION_STYLE_ASSIGNMENT((#12480));
#12480 = SURFACE_STYLE_USAGE(.BOTH.,#12481);
#12481 = SURFACE_SIDE_STYLE('',(#12482));
#12482 = SURFACE_STYLE_FILL_AREA(#12483);
#12483 = FILL_AREA_STYLE('',(#12484));
#12484 = FILL_AREA_STYLE_COLOUR('',#11438);
#12485 = STYLED_ITEM('color',(#12486),#3397);
#12486 = PRESENTATION_STYLE_ASSIGNMENT((#12487));
#12487 = SURFACE_STYLE_USAGE(.BOTH.,#12488);
#12488 = SURFACE_SIDE_STYLE('',(#12489));
#12489 = SURFACE_STYLE_FILL_AREA(#12490);
#12490 = FILL_AREA_STYLE('',(#12491));
#12491 = FILL_AREA_STYLE_COLOUR('',#11438);
#12492 = STYLED_ITEM('color',(#12493),#3430);
#12493 = PRESENTATION_STYLE_ASSIGNMENT((#12494));
#12494 = SURFACE_STYLE_USAGE(.BOTH.,#12495);
#12495 = SURFACE_SIDE_STYLE('',(#12496));
#12496 = SURFACE_STYLE_FILL_AREA(#12497);
#12497 = FILL_AREA_STYLE('',(#12498));
#12498 = FILL_AREA_STYLE_COLOUR('',#11438);
#12499 = STYLED_ITEM('color',(#12500),#3454);
#12500 = PRESENTATION_STYLE_ASSIGNMENT((#12501));
#12501 = SURFACE_STYLE_USAGE(.BOTH.,#12502);
#12502 = SURFACE_SIDE_STYLE('',(#12503));
#12503 = SURFACE_STYLE_FILL_AREA(#12504);
#12504 = FILL_AREA_STYLE('',(#12505));
#12505 = FILL_AREA_STYLE_COLOUR('',#11438);
#12506 = STYLED_ITEM('color',(#12507),#3485);
#12507 = PRESENTATION_STYLE_ASSIGNMENT((#12508));
#12508 = SURFACE_STYLE_USAGE(.BOTH.,#12509);
#12509 = SURFACE_SIDE_STYLE('',(#12510));
#12510 = SURFACE_STYLE_FILL_AREA(#12511);
#12511 = FILL_AREA_STYLE('',(#12512));
#12512 = FILL_AREA_STYLE_COLOUR('',#11438);
#12513 = STYLED_ITEM('color',(#12514),#3497);
#12514 = PRESENTATION_STYLE_ASSIGNMENT((#12515));
#12515 = SURFACE_STYLE_USAGE(.BOTH.,#12516);
#12516 = SURFACE_SIDE_STYLE('',(#12517));
#12517 = SURFACE_STYLE_FILL_AREA(#12518);
#12518 = FILL_AREA_STYLE('',(#12519));
#12519 = FILL_AREA_STYLE_COLOUR('',#11438);
#12520 = STYLED_ITEM('color',(#12521),#3530);
#12521 = PRESENTATION_STYLE_ASSIGNMENT((#12522));
#12522 = SURFACE_STYLE_USAGE(.BOTH.,#12523);
#12523 = SURFACE_SIDE_STYLE('',(#12524));
#12524 = SURFACE_STYLE_FILL_AREA(#12525);
#12525 = FILL_AREA_STYLE('',(#12526));
#12526 = FILL_AREA_STYLE_COLOUR('',#11438);
#12527 = STYLED_ITEM('color',(#12528),#3547);
#12528 = PRESENTATION_STYLE_ASSIGNMENT((#12529));
#12529 = SURFACE_STYLE_USAGE(.BOTH.,#12530);
#12530 = SURFACE_SIDE_STYLE('',(#12531));
#12531 = SURFACE_STYLE_FILL_AREA(#12532);
#12532 = FILL_AREA_STYLE('',(#12533));
#12533 = FILL_AREA_STYLE_COLOUR('',#11438);
#12534 = STYLED_ITEM('color',(#12535),#3564);
#12535 = PRESENTATION_STYLE_ASSIGNMENT((#12536));
#12536 = SURFACE_STYLE_USAGE(.BOTH.,#12537);
#12537 = SURFACE_SIDE_STYLE('',(#12538));
#12538 = SURFACE_STYLE_FILL_AREA(#12539);
#12539 = FILL_AREA_STYLE('',(#12540));
#12540 = FILL_AREA_STYLE_COLOUR('',#11438);
#12541 = STYLED_ITEM('color',(#12542),#3576);
#12542 = PRESENTATION_STYLE_ASSIGNMENT((#12543));
#12543 = SURFACE_STYLE_USAGE(.BOTH.,#12544);
#12544 = SURFACE_SIDE_STYLE('',(#12545));
#12545 = SURFACE_STYLE_FILL_AREA(#12546);
#12546 = FILL_AREA_STYLE('',(#12547));
#12547 = FILL_AREA_STYLE_COLOUR('',#11438);
#12548 = STYLED_ITEM('color',(#12549),#3758);
#12549 = PRESENTATION_STYLE_ASSIGNMENT((#12550));
#12550 = SURFACE_STYLE_USAGE(.BOTH.,#12551);
#12551 = SURFACE_SIDE_STYLE('',(#12552));
#12552 = SURFACE_STYLE_FILL_AREA(#12553);
#12553 = FILL_AREA_STYLE('',(#12554));
#12554 = FILL_AREA_STYLE_COLOUR('',#11438);
#12555 = STYLED_ITEM('color',(#12556),#3775);
#12556 = PRESENTATION_STYLE_ASSIGNMENT((#12557));
#12557 = SURFACE_STYLE_USAGE(.BOTH.,#12558);
#12558 = SURFACE_SIDE_STYLE('',(#12559));
#12559 = SURFACE_STYLE_FILL_AREA(#12560);
#12560 = FILL_AREA_STYLE('',(#12561));
#12561 = FILL_AREA_STYLE_COLOUR('',#11438);
#12562 = STYLED_ITEM('color',(#12563),#3792);
#12563 = PRESENTATION_STYLE_ASSIGNMENT((#12564));
#12564 = SURFACE_STYLE_USAGE(.BOTH.,#12565);
#12565 = SURFACE_SIDE_STYLE('',(#12566));
#12566 = SURFACE_STYLE_FILL_AREA(#12567);
#12567 = FILL_AREA_STYLE('',(#12568));
#12568 = FILL_AREA_STYLE_COLOUR('',#11438);
#12569 = STYLED_ITEM('color',(#12570),#3809);
#12570 = PRESENTATION_STYLE_ASSIGNMENT((#12571));
#12571 = SURFACE_STYLE_USAGE(.BOTH.,#12572);
#12572 = SURFACE_SIDE_STYLE('',(#12573));
#12573 = SURFACE_STYLE_FILL_AREA(#12574);
#12574 = FILL_AREA_STYLE('',(#12575));
#12575 = FILL_AREA_STYLE_COLOUR('',#11438);
#12576 = STYLED_ITEM('color',(#12577),#3826);
#12577 = PRESENTATION_STYLE_ASSIGNMENT((#12578));
#12578 = SURFACE_STYLE_USAGE(.BOTH.,#12579);
#12579 = SURFACE_SIDE_STYLE('',(#12580));
#12580 = SURFACE_STYLE_FILL_AREA(#12581);
#12581 = FILL_AREA_STYLE('',(#12582));
#12582 = FILL_AREA_STYLE_COLOUR('',#11438);
#12583 = STYLED_ITEM('color',(#12584),#3843);
#12584 = PRESENTATION_STYLE_ASSIGNMENT((#12585));
#12585 = SURFACE_STYLE_USAGE(.BOTH.,#12586);
#12586 = SURFACE_SIDE_STYLE('',(#12587));
#12587 = SURFACE_STYLE_FILL_AREA(#12588);
#12588 = FILL_AREA_STYLE('',(#12589));
#12589 = FILL_AREA_STYLE_COLOUR('',#11438);
#12590 = STYLED_ITEM('color',(#12591),#3860);
#12591 = PRESENTATION_STYLE_ASSIGNMENT((#12592));
#12592 = SURFACE_STYLE_USAGE(.BOTH.,#12593);
#12593 = SURFACE_SIDE_STYLE('',(#12594));
#12594 = SURFACE_STYLE_FILL_AREA(#12595);
#12595 = FILL_AREA_STYLE('',(#12596));
#12596 = FILL_AREA_STYLE_COLOUR('',#11438);
#12597 = STYLED_ITEM('color',(#12598),#3877);
#12598 = PRESENTATION_STYLE_ASSIGNMENT((#12599));
#12599 = SURFACE_STYLE_USAGE(.BOTH.,#12600);
#12600 = SURFACE_SIDE_STYLE('',(#12601));
#12601 = SURFACE_STYLE_FILL_AREA(#12602);
#12602 = FILL_AREA_STYLE('',(#12603));
#12603 = FILL_AREA_STYLE_COLOUR('',#11438);
#12604 = STYLED_ITEM('color',(#12605),#3894);
#12605 = PRESENTATION_STYLE_ASSIGNMENT((#12606));
#12606 = SURFACE_STYLE_USAGE(.BOTH.,#12607);
#12607 = SURFACE_SIDE_STYLE('',(#12608));
#12608 = SURFACE_STYLE_FILL_AREA(#12609);
#12609 = FILL_AREA_STYLE('',(#12610));
#12610 = FILL_AREA_STYLE_COLOUR('',#11438);
#12611 = STYLED_ITEM('color',(#12612),#3911);
#12612 = PRESENTATION_STYLE_ASSIGNMENT((#12613));
#12613 = SURFACE_STYLE_USAGE(.BOTH.,#12614);
#12614 = SURFACE_SIDE_STYLE('',(#12615));
#12615 = SURFACE_STYLE_FILL_AREA(#12616);
#12616 = FILL_AREA_STYLE('',(#12617));
#12617 = FILL_AREA_STYLE_COLOUR('',#11438);
#12618 = STYLED_ITEM('color',(#12619),#3928);
#12619 = PRESENTATION_STYLE_ASSIGNMENT((#12620));
#12620 = SURFACE_STYLE_USAGE(.BOTH.,#12621);
#12621 = SURFACE_SIDE_STYLE('',(#12622));
#12622 = SURFACE_STYLE_FILL_AREA(#12623);
#12623 = FILL_AREA_STYLE('',(#12624));
#12624 = FILL_AREA_STYLE_COLOUR('',#11438);
#12625 = STYLED_ITEM('color',(#12626),#3945);
#12626 = PRESENTATION_STYLE_ASSIGNMENT((#12627));
#12627 = SURFACE_STYLE_USAGE(.BOTH.,#12628);
#12628 = SURFACE_SIDE_STYLE('',(#12629));
#12629 = SURFACE_STYLE_FILL_AREA(#12630);
#12630 = FILL_AREA_STYLE('',(#12631));
#12631 = FILL_AREA_STYLE_COLOUR('',#11438);
#12632 = STYLED_ITEM('color',(#12633),#3962);
#12633 = PRESENTATION_STYLE_ASSIGNMENT((#12634));
#12634 = SURFACE_STYLE_USAGE(.BOTH.,#12635);
#12635 = SURFACE_SIDE_STYLE('',(#12636));
#12636 = SURFACE_STYLE_FILL_AREA(#12637);
#12637 = FILL_AREA_STYLE('',(#12638));
#12638 = FILL_AREA_STYLE_COLOUR('',#11438);
#12639 = STYLED_ITEM('color',(#12640),#3979);
#12640 = PRESENTATION_STYLE_ASSIGNMENT((#12641));
#12641 = SURFACE_STYLE_USAGE(.BOTH.,#12642);
#12642 = SURFACE_SIDE_STYLE('',(#12643));
#12643 = SURFACE_STYLE_FILL_AREA(#12644);
#12644 = FILL_AREA_STYLE('',(#12645));
#12645 = FILL_AREA_STYLE_COLOUR('',#11438);
#12646 = STYLED_ITEM('color',(#12647),#3996);
#12647 = PRESENTATION_STYLE_ASSIGNMENT((#12648));
#12648 = SURFACE_STYLE_USAGE(.BOTH.,#12649);
#12649 = SURFACE_SIDE_STYLE('',(#12650));
#12650 = SURFACE_STYLE_FILL_AREA(#12651);
#12651 = FILL_AREA_STYLE('',(#12652));
#12652 = FILL_AREA_STYLE_COLOUR('',#11438);
#12653 = STYLED_ITEM('color',(#12654),#4008);
#12654 = PRESENTATION_STYLE_ASSIGNMENT((#12655));
#12655 = SURFACE_STYLE_USAGE(.BOTH.,#12656);
#12656 = SURFACE_SIDE_STYLE('',(#12657));
#12657 = SURFACE_STYLE_FILL_AREA(#12658);
#12658 = FILL_AREA_STYLE('',(#12659));
#12659 = FILL_AREA_STYLE_COLOUR('',#11438);
#12660 = STYLED_ITEM('color',(#12661),#4025);
#12661 = PRESENTATION_STYLE_ASSIGNMENT((#12662));
#12662 = SURFACE_STYLE_USAGE(.BOTH.,#12663);
#12663 = SURFACE_SIDE_STYLE('',(#12664));
#12664 = SURFACE_STYLE_FILL_AREA(#12665);
#12665 = FILL_AREA_STYLE('',(#12666));
#12666 = FILL_AREA_STYLE_COLOUR('',#11438);
#12667 = STYLED_ITEM('color',(#12668),#4042);
#12668 = PRESENTATION_STYLE_ASSIGNMENT((#12669));
#12669 = SURFACE_STYLE_USAGE(.BOTH.,#12670);
#12670 = SURFACE_SIDE_STYLE('',(#12671));
#12671 = SURFACE_STYLE_FILL_AREA(#12672);
#12672 = FILL_AREA_STYLE('',(#12673));
#12673 = FILL_AREA_STYLE_COLOUR('',#11438);
#12674 = STYLED_ITEM('color',(#12675),#4059);
#12675 = PRESENTATION_STYLE_ASSIGNMENT((#12676));
#12676 = SURFACE_STYLE_USAGE(.BOTH.,#12677);
#12677 = SURFACE_SIDE_STYLE('',(#12678));
#12678 = SURFACE_STYLE_FILL_AREA(#12679);
#12679 = FILL_AREA_STYLE('',(#12680));
#12680 = FILL_AREA_STYLE_COLOUR('',#11438);
#12681 = STYLED_ITEM('color',(#12682),#4076);
#12682 = PRESENTATION_STYLE_ASSIGNMENT((#12683));
#12683 = SURFACE_STYLE_USAGE(.BOTH.,#12684);
#12684 = SURFACE_SIDE_STYLE('',(#12685));
#12685 = SURFACE_STYLE_FILL_AREA(#12686);
#12686 = FILL_AREA_STYLE('',(#12687));
#12687 = FILL_AREA_STYLE_COLOUR('',#11438);
#12688 = STYLED_ITEM('color',(#12689),#4093);
#12689 = PRESENTATION_STYLE_ASSIGNMENT((#12690));
#12690 = SURFACE_STYLE_USAGE(.BOTH.,#12691);
#12691 = SURFACE_SIDE_STYLE('',(#12692));
#12692 = SURFACE_STYLE_FILL_AREA(#12693);
#12693 = FILL_AREA_STYLE('',(#12694));
#12694 = FILL_AREA_STYLE_COLOUR('',#11438);
#12695 = STYLED_ITEM('color',(#12696),#4139);
#12696 = PRESENTATION_STYLE_ASSIGNMENT((#12697));
#12697 = SURFACE_STYLE_USAGE(.BOTH.,#12698);
#12698 = SURFACE_SIDE_STYLE('',(#12699));
#12699 = SURFACE_STYLE_FILL_AREA(#12700);
#12700 = FILL_AREA_STYLE('',(#12701));
#12701 = FILL_AREA_STYLE_COLOUR('',#11438);
#12702 = STYLED_ITEM('color',(#12703),#4185);
#12703 = PRESENTATION_STYLE_ASSIGNMENT((#12704));
#12704 = SURFACE_STYLE_USAGE(.BOTH.,#12705);
#12705 = SURFACE_SIDE_STYLE('',(#12706));
#12706 = SURFACE_STYLE_FILL_AREA(#12707);
#12707 = FILL_AREA_STYLE('',(#12708));
#12708 = FILL_AREA_STYLE_COLOUR('',#11438);
#12709 = STYLED_ITEM('color',(#12710),#4231);
#12710 = PRESENTATION_STYLE_ASSIGNMENT((#12711));
#12711 = SURFACE_STYLE_USAGE(.BOTH.,#12712);
#12712 = SURFACE_SIDE_STYLE('',(#12713));
#12713 = SURFACE_STYLE_FILL_AREA(#12714);
#12714 = FILL_AREA_STYLE('',(#12715));
#12715 = FILL_AREA_STYLE_COLOUR('',#11438);
#12716 = STYLED_ITEM('color',(#12717),#4277);
#12717 = PRESENTATION_STYLE_ASSIGNMENT((#12718));
#12718 = SURFACE_STYLE_USAGE(.BOTH.,#12719);
#12719 = SURFACE_SIDE_STYLE('',(#12720));
#12720 = SURFACE_STYLE_FILL_AREA(#12721);
#12721 = FILL_AREA_STYLE('',(#12722));
#12722 = FILL_AREA_STYLE_COLOUR('',#11438);
#12723 = STYLED_ITEM('color',(#12724),#4323);
#12724 = PRESENTATION_STYLE_ASSIGNMENT((#12725));
#12725 = SURFACE_STYLE_USAGE(.BOTH.,#12726);
#12726 = SURFACE_SIDE_STYLE('',(#12727));
#12727 = SURFACE_STYLE_FILL_AREA(#12728);
#12728 = FILL_AREA_STYLE('',(#12729));
#12729 = FILL_AREA_STYLE_COLOUR('',#11754);
#12730 = STYLED_ITEM('color',(#12731),#4354);
#12731 = PRESENTATION_STYLE_ASSIGNMENT((#12732));
#12732 = SURFACE_STYLE_USAGE(.BOTH.,#12733);
#12733 = SURFACE_SIDE_STYLE('',(#12734));
#12734 = SURFACE_STYLE_FILL_AREA(#12735);
#12735 = FILL_AREA_STYLE('',(#12736));
#12736 = FILL_AREA_STYLE_COLOUR('',#11754);
#12737 = STYLED_ITEM('color',(#12738),#4378);
#12738 = PRESENTATION_STYLE_ASSIGNMENT((#12739));
#12739 = SURFACE_STYLE_USAGE(.BOTH.,#12740);
#12740 = SURFACE_SIDE_STYLE('',(#12741));
#12741 = SURFACE_STYLE_FILL_AREA(#12742);
#12742 = FILL_AREA_STYLE('',(#12743));
#12743 = FILL_AREA_STYLE_COLOUR('',#11754);
#12744 = STYLED_ITEM('color',(#12745),#4402);
#12745 = PRESENTATION_STYLE_ASSIGNMENT((#12746));
#12746 = SURFACE_STYLE_USAGE(.BOTH.,#12747);
#12747 = SURFACE_SIDE_STYLE('',(#12748));
#12748 = SURFACE_STYLE_FILL_AREA(#12749);
#12749 = FILL_AREA_STYLE('',(#12750));
#12750 = FILL_AREA_STYLE_COLOUR('',#11754);
#12751 = STYLED_ITEM('color',(#12752),#4419);
#12752 = PRESENTATION_STYLE_ASSIGNMENT((#12753));
#12753 = SURFACE_STYLE_USAGE(.BOTH.,#12754);
#12754 = SURFACE_SIDE_STYLE('',(#12755));
#12755 = SURFACE_STYLE_FILL_AREA(#12756);
#12756 = FILL_AREA_STYLE('',(#12757));
#12757 = FILL_AREA_STYLE_COLOUR('',#11754);
#12758 = STYLED_ITEM('color',(#12759),#4450);
#12759 = PRESENTATION_STYLE_ASSIGNMENT((#12760));
#12760 = SURFACE_STYLE_USAGE(.BOTH.,#12761);
#12761 = SURFACE_SIDE_STYLE('',(#12762));
#12762 = SURFACE_STYLE_FILL_AREA(#12763);
#12763 = FILL_AREA_STYLE('',(#12764));
#12764 = FILL_AREA_STYLE_COLOUR('',#11754);
#12765 = STYLED_ITEM('color',(#12766),#4474);
#12766 = PRESENTATION_STYLE_ASSIGNMENT((#12767));
#12767 = SURFACE_STYLE_USAGE(.BOTH.,#12768);
#12768 = SURFACE_SIDE_STYLE('',(#12769));
#12769 = SURFACE_STYLE_FILL_AREA(#12770);
#12770 = FILL_AREA_STYLE('',(#12771));
#12771 = FILL_AREA_STYLE_COLOUR('',#11754);
#12772 = STYLED_ITEM('color',(#12773),#4498);
#12773 = PRESENTATION_STYLE_ASSIGNMENT((#12774));
#12774 = SURFACE_STYLE_USAGE(.BOTH.,#12775);
#12775 = SURFACE_SIDE_STYLE('',(#12776));
#12776 = SURFACE_STYLE_FILL_AREA(#12777);
#12777 = FILL_AREA_STYLE('',(#12778));
#12778 = FILL_AREA_STYLE_COLOUR('',#11754);
#12779 = STYLED_ITEM('color',(#12780),#4515);
#12780 = PRESENTATION_STYLE_ASSIGNMENT((#12781));
#12781 = SURFACE_STYLE_USAGE(.BOTH.,#12782);
#12782 = SURFACE_SIDE_STYLE('',(#12783));
#12783 = SURFACE_STYLE_FILL_AREA(#12784);
#12784 = FILL_AREA_STYLE('',(#12785));
#12785 = FILL_AREA_STYLE_COLOUR('',#11754);
#12786 = STYLED_ITEM('color',(#12787),#4546);
#12787 = PRESENTATION_STYLE_ASSIGNMENT((#12788));
#12788 = SURFACE_STYLE_USAGE(.BOTH.,#12789);
#12789 = SURFACE_SIDE_STYLE('',(#12790));
#12790 = SURFACE_STYLE_FILL_AREA(#12791);
#12791 = FILL_AREA_STYLE('',(#12792));
#12792 = FILL_AREA_STYLE_COLOUR('',#11754);
#12793 = STYLED_ITEM('color',(#12794),#4570);
#12794 = PRESENTATION_STYLE_ASSIGNMENT((#12795));
#12795 = SURFACE_STYLE_USAGE(.BOTH.,#12796);
#12796 = SURFACE_SIDE_STYLE('',(#12797));
#12797 = SURFACE_STYLE_FILL_AREA(#12798);
#12798 = FILL_AREA_STYLE('',(#12799));
#12799 = FILL_AREA_STYLE_COLOUR('',#11754);
#12800 = STYLED_ITEM('color',(#12801),#4594);
#12801 = PRESENTATION_STYLE_ASSIGNMENT((#12802));
#12802 = SURFACE_STYLE_USAGE(.BOTH.,#12803);
#12803 = SURFACE_SIDE_STYLE('',(#12804));
#12804 = SURFACE_STYLE_FILL_AREA(#12805);
#12805 = FILL_AREA_STYLE('',(#12806));
#12806 = FILL_AREA_STYLE_COLOUR('',#11754);
#12807 = STYLED_ITEM('color',(#12808),#4611);
#12808 = PRESENTATION_STYLE_ASSIGNMENT((#12809));
#12809 = SURFACE_STYLE_USAGE(.BOTH.,#12810);
#12810 = SURFACE_SIDE_STYLE('',(#12811));
#12811 = SURFACE_STYLE_FILL_AREA(#12812);
#12812 = FILL_AREA_STYLE('',(#12813));
#12813 = FILL_AREA_STYLE_COLOUR('',#11754);
#12814 = STYLED_ITEM('color',(#12815),#4642);
#12815 = PRESENTATION_STYLE_ASSIGNMENT((#12816));
#12816 = SURFACE_STYLE_USAGE(.BOTH.,#12817);
#12817 = SURFACE_SIDE_STYLE('',(#12818));
#12818 = SURFACE_STYLE_FILL_AREA(#12819);
#12819 = FILL_AREA_STYLE('',(#12820));
#12820 = FILL_AREA_STYLE_COLOUR('',#11754);
#12821 = STYLED_ITEM('color',(#12822),#4666);
#12822 = PRESENTATION_STYLE_ASSIGNMENT((#12823));
#12823 = SURFACE_STYLE_USAGE(.BOTH.,#12824);
#12824 = SURFACE_SIDE_STYLE('',(#12825));
#12825 = SURFACE_STYLE_FILL_AREA(#12826);
#12826 = FILL_AREA_STYLE('',(#12827));
#12827 = FILL_AREA_STYLE_COLOUR('',#11754);
#12828 = STYLED_ITEM('color',(#12829),#4690);
#12829 = PRESENTATION_STYLE_ASSIGNMENT((#12830));
#12830 = SURFACE_STYLE_USAGE(.BOTH.,#12831);
#12831 = SURFACE_SIDE_STYLE('',(#12832));
#12832 = SURFACE_STYLE_FILL_AREA(#12833);
#12833 = FILL_AREA_STYLE('',(#12834));
#12834 = FILL_AREA_STYLE_COLOUR('',#11754);
#12835 = STYLED_ITEM('color',(#12836),#4707);
#12836 = PRESENTATION_STYLE_ASSIGNMENT((#12837));
#12837 = SURFACE_STYLE_USAGE(.BOTH.,#12838);
#12838 = SURFACE_SIDE_STYLE('',(#12839));
#12839 = SURFACE_STYLE_FILL_AREA(#12840);
#12840 = FILL_AREA_STYLE('',(#12841));
#12841 = FILL_AREA_STYLE_COLOUR('',#11754);
#12842 = STYLED_ITEM('color',(#12843),#4738);
#12843 = PRESENTATION_STYLE_ASSIGNMENT((#12844));
#12844 = SURFACE_STYLE_USAGE(.BOTH.,#12845);
#12845 = SURFACE_SIDE_STYLE('',(#12846));
#12846 = SURFACE_STYLE_FILL_AREA(#12847);
#12847 = FILL_AREA_STYLE('',(#12848));
#12848 = FILL_AREA_STYLE_COLOUR('',#11754);
#12849 = STYLED_ITEM('color',(#12850),#4762);
#12850 = PRESENTATION_STYLE_ASSIGNMENT((#12851));
#12851 = SURFACE_STYLE_USAGE(.BOTH.,#12852);
#12852 = SURFACE_SIDE_STYLE('',(#12853));
#12853 = SURFACE_STYLE_FILL_AREA(#12854);
#12854 = FILL_AREA_STYLE('',(#12855));
#12855 = FILL_AREA_STYLE_COLOUR('',#11754);
#12856 = STYLED_ITEM('color',(#12857),#4786);
#12857 = PRESENTATION_STYLE_ASSIGNMENT((#12858));
#12858 = SURFACE_STYLE_USAGE(.BOTH.,#12859);
#12859 = SURFACE_SIDE_STYLE('',(#12860));
#12860 = SURFACE_STYLE_FILL_AREA(#12861);
#12861 = FILL_AREA_STYLE('',(#12862));
#12862 = FILL_AREA_STYLE_COLOUR('',#11754);
#12863 = STYLED_ITEM('color',(#12864),#4803);
#12864 = PRESENTATION_STYLE_ASSIGNMENT((#12865));
#12865 = SURFACE_STYLE_USAGE(.BOTH.,#12866);
#12866 = SURFACE_SIDE_STYLE('',(#12867));
#12867 = SURFACE_STYLE_FILL_AREA(#12868);
#12868 = FILL_AREA_STYLE('',(#12869));
#12869 = FILL_AREA_STYLE_COLOUR('',#11754);
#12870 = STYLED_ITEM('color',(#12871),#4866);
#12871 = PRESENTATION_STYLE_ASSIGNMENT((#12872));
#12872 = SURFACE_STYLE_USAGE(.BOTH.,#12873);
#12873 = SURFACE_SIDE_STYLE('',(#12874));
#12874 = SURFACE_STYLE_FILL_AREA(#12875);
#12875 = FILL_AREA_STYLE('',(#12876));
#12876 = FILL_AREA_STYLE_COLOUR('',#11754);
#12877 = STYLED_ITEM('color',(#12878),#4890);
#12878 = PRESENTATION_STYLE_ASSIGNMENT((#12879));
#12879 = SURFACE_STYLE_USAGE(.BOTH.,#12880);
#12880 = SURFACE_SIDE_STYLE('',(#12881));
#12881 = SURFACE_STYLE_FILL_AREA(#12882);
#12882 = FILL_AREA_STYLE('',(#12883));
#12883 = FILL_AREA_STYLE_COLOUR('',#11754);
#12884 = STYLED_ITEM('color',(#12885),#4946);
#12885 = PRESENTATION_STYLE_ASSIGNMENT((#12886));
#12886 = SURFACE_STYLE_USAGE(.BOTH.,#12887);
#12887 = SURFACE_SIDE_STYLE('',(#12888));
#12888 = SURFACE_STYLE_FILL_AREA(#12889);
#12889 = FILL_AREA_STYLE('',(#12890));
#12890 = FILL_AREA_STYLE_COLOUR('',#11754);
#12891 = STYLED_ITEM('color',(#12892),#4963);
#12892 = PRESENTATION_STYLE_ASSIGNMENT((#12893));
#12893 = SURFACE_STYLE_USAGE(.BOTH.,#12894);
#12894 = SURFACE_SIDE_STYLE('',(#12895));
#12895 = SURFACE_STYLE_FILL_AREA(#12896);
#12896 = FILL_AREA_STYLE('',(#12897));
#12897 = FILL_AREA_STYLE_COLOUR('',#11754);
#12898 = STYLED_ITEM('color',(#12899),#4994);
#12899 = PRESENTATION_STYLE_ASSIGNMENT((#12900));
#12900 = SURFACE_STYLE_USAGE(.BOTH.,#12901);
#12901 = SURFACE_SIDE_STYLE('',(#12902));
#12902 = SURFACE_STYLE_FILL_AREA(#12903);
#12903 = FILL_AREA_STYLE('',(#12904));
#12904 = FILL_AREA_STYLE_COLOUR('',#11754);
#12905 = STYLED_ITEM('color',(#12906),#5018);
#12906 = PRESENTATION_STYLE_ASSIGNMENT((#12907));
#12907 = SURFACE_STYLE_USAGE(.BOTH.,#12908);
#12908 = SURFACE_SIDE_STYLE('',(#12909));
#12909 = SURFACE_STYLE_FILL_AREA(#12910);
#12910 = FILL_AREA_STYLE('',(#12911));
#12911 = FILL_AREA_STYLE_COLOUR('',#11754);
#12912 = STYLED_ITEM('color',(#12913),#5042);
#12913 = PRESENTATION_STYLE_ASSIGNMENT((#12914));
#12914 = SURFACE_STYLE_USAGE(.BOTH.,#12915);
#12915 = SURFACE_SIDE_STYLE('',(#12916));
#12916 = SURFACE_STYLE_FILL_AREA(#12917);
#12917 = FILL_AREA_STYLE('',(#12918));
#12918 = FILL_AREA_STYLE_COLOUR('',#11754);
#12919 = STYLED_ITEM('color',(#12920),#5059);
#12920 = PRESENTATION_STYLE_ASSIGNMENT((#12921));
#12921 = SURFACE_STYLE_USAGE(.BOTH.,#12922);
#12922 = SURFACE_SIDE_STYLE('',(#12923));
#12923 = SURFACE_STYLE_FILL_AREA(#12924);
#12924 = FILL_AREA_STYLE('',(#12925));
#12925 = FILL_AREA_STYLE_COLOUR('',#11754);
#12926 = STYLED_ITEM('color',(#12927),#5090);
#12927 = PRESENTATION_STYLE_ASSIGNMENT((#12928));
#12928 = SURFACE_STYLE_USAGE(.BOTH.,#12929);
#12929 = SURFACE_SIDE_STYLE('',(#12930));
#12930 = SURFACE_STYLE_FILL_AREA(#12931);
#12931 = FILL_AREA_STYLE('',(#12932));
#12932 = FILL_AREA_STYLE_COLOUR('',#11754);
#12933 = STYLED_ITEM('color',(#12934),#5114);
#12934 = PRESENTATION_STYLE_ASSIGNMENT((#12935));
#12935 = SURFACE_STYLE_USAGE(.BOTH.,#12936);
#12936 = SURFACE_SIDE_STYLE('',(#12937));
#12937 = SURFACE_STYLE_FILL_AREA(#12938);
#12938 = FILL_AREA_STYLE('',(#12939));
#12939 = FILL_AREA_STYLE_COLOUR('',#11754);
#12940 = STYLED_ITEM('color',(#12941),#5138);
#12941 = PRESENTATION_STYLE_ASSIGNMENT((#12942));
#12942 = SURFACE_STYLE_USAGE(.BOTH.,#12943);
#12943 = SURFACE_SIDE_STYLE('',(#12944));
#12944 = SURFACE_STYLE_FILL_AREA(#12945);
#12945 = FILL_AREA_STYLE('',(#12946));
#12946 = FILL_AREA_STYLE_COLOUR('',#11754);
#12947 = STYLED_ITEM('color',(#12948),#5155);
#12948 = PRESENTATION_STYLE_ASSIGNMENT((#12949));
#12949 = SURFACE_STYLE_USAGE(.BOTH.,#12950);
#12950 = SURFACE_SIDE_STYLE('',(#12951));
#12951 = SURFACE_STYLE_FILL_AREA(#12952);
#12952 = FILL_AREA_STYLE('',(#12953));
#12953 = FILL_AREA_STYLE_COLOUR('',#11754);
#12954 = STYLED_ITEM('color',(#12955),#5186);
#12955 = PRESENTATION_STYLE_ASSIGNMENT((#12956));
#12956 = SURFACE_STYLE_USAGE(.BOTH.,#12957);
#12957 = SURFACE_SIDE_STYLE('',(#12958));
#12958 = SURFACE_STYLE_FILL_AREA(#12959);
#12959 = FILL_AREA_STYLE('',(#12960));
#12960 = FILL_AREA_STYLE_COLOUR('',#11754);
#12961 = STYLED_ITEM('color',(#12962),#5210);
#12962 = PRESENTATION_STYLE_ASSIGNMENT((#12963));
#12963 = SURFACE_STYLE_USAGE(.BOTH.,#12964);
#12964 = SURFACE_SIDE_STYLE('',(#12965));
#12965 = SURFACE_STYLE_FILL_AREA(#12966);
#12966 = FILL_AREA_STYLE('',(#12967));
#12967 = FILL_AREA_STYLE_COLOUR('',#11754);
#12968 = STYLED_ITEM('color',(#12969),#5234);
#12969 = PRESENTATION_STYLE_ASSIGNMENT((#12970));
#12970 = SURFACE_STYLE_USAGE(.BOTH.,#12971);
#12971 = SURFACE_SIDE_STYLE('',(#12972));
#12972 = SURFACE_STYLE_FILL_AREA(#12973);
#12973 = FILL_AREA_STYLE('',(#12974));
#12974 = FILL_AREA_STYLE_COLOUR('',#11754);
#12975 = STYLED_ITEM('color',(#12976),#5251);
#12976 = PRESENTATION_STYLE_ASSIGNMENT((#12977));
#12977 = SURFACE_STYLE_USAGE(.BOTH.,#12978);
#12978 = SURFACE_SIDE_STYLE('',(#12979));
#12979 = SURFACE_STYLE_FILL_AREA(#12980);
#12980 = FILL_AREA_STYLE('',(#12981));
#12981 = FILL_AREA_STYLE_COLOUR('',#11754);
#12982 = STYLED_ITEM('color',(#12983),#5282);
#12983 = PRESENTATION_STYLE_ASSIGNMENT((#12984));
#12984 = SURFACE_STYLE_USAGE(.BOTH.,#12985);
#12985 = SURFACE_SIDE_STYLE('',(#12986));
#12986 = SURFACE_STYLE_FILL_AREA(#12987);
#12987 = FILL_AREA_STYLE('',(#12988));
#12988 = FILL_AREA_STYLE_COLOUR('',#11754);
#12989 = STYLED_ITEM('color',(#12990),#5338);
#12990 = PRESENTATION_STYLE_ASSIGNMENT((#12991));
#12991 = SURFACE_STYLE_USAGE(.BOTH.,#12992);
#12992 = SURFACE_SIDE_STYLE('',(#12993));
#12993 = SURFACE_STYLE_FILL_AREA(#12994);
#12994 = FILL_AREA_STYLE('',(#12995));
#12995 = FILL_AREA_STYLE_COLOUR('',#11754);
#12996 = STYLED_ITEM('color',(#12997),#5362);
#12997 = PRESENTATION_STYLE_ASSIGNMENT((#12998));
#12998 = SURFACE_STYLE_USAGE(.BOTH.,#12999);
#12999 = SURFACE_SIDE_STYLE('',(#13000));
#13000 = SURFACE_STYLE_FILL_AREA(#13001);
#13001 = FILL_AREA_STYLE('',(#13002));
#13002 = FILL_AREA_STYLE_COLOUR('',#11754);
#13003 = STYLED_ITEM('color',(#13004),#5411);
#13004 = PRESENTATION_STYLE_ASSIGNMENT((#13005));
#13005 = SURFACE_STYLE_USAGE(.BOTH.,#13006);
#13006 = SURFACE_SIDE_STYLE('',(#13007));
#13007 = SURFACE_STYLE_FILL_AREA(#13008);
#13008 = FILL_AREA_STYLE('',(#13009));
#13009 = FILL_AREA_STYLE_COLOUR('',#11754);
#13010 = STYLED_ITEM('color',(#13011),#5442);
#13011 = PRESENTATION_STYLE_ASSIGNMENT((#13012));
#13012 = SURFACE_STYLE_USAGE(.BOTH.,#13013);
#13013 = SURFACE_SIDE_STYLE('',(#13014));
#13014 = SURFACE_STYLE_FILL_AREA(#13015);
#13015 = FILL_AREA_STYLE('',(#13016));
#13016 = FILL_AREA_STYLE_COLOUR('',#11754);
#13017 = STYLED_ITEM('color',(#13018),#5466);
#13018 = PRESENTATION_STYLE_ASSIGNMENT((#13019));
#13019 = SURFACE_STYLE_USAGE(.BOTH.,#13020);
#13020 = SURFACE_SIDE_STYLE('',(#13021));
#13021 = SURFACE_STYLE_FILL_AREA(#13022);
#13022 = FILL_AREA_STYLE('',(#13023));
#13023 = FILL_AREA_STYLE_COLOUR('',#11754);
#13024 = STYLED_ITEM('color',(#13025),#5490);
#13025 = PRESENTATION_STYLE_ASSIGNMENT((#13026));
#13026 = SURFACE_STYLE_USAGE(.BOTH.,#13027);
#13027 = SURFACE_SIDE_STYLE('',(#13028));
#13028 = SURFACE_STYLE_FILL_AREA(#13029);
#13029 = FILL_AREA_STYLE('',(#13030));
#13030 = FILL_AREA_STYLE_COLOUR('',#11754);
#13031 = STYLED_ITEM('color',(#13032),#5507);
#13032 = PRESENTATION_STYLE_ASSIGNMENT((#13033));
#13033 = SURFACE_STYLE_USAGE(.BOTH.,#13034);
#13034 = SURFACE_SIDE_STYLE('',(#13035));
#13035 = SURFACE_STYLE_FILL_AREA(#13036);
#13036 = FILL_AREA_STYLE('',(#13037));
#13037 = FILL_AREA_STYLE_COLOUR('',#11754);
#13038 = STYLED_ITEM('color',(#13039),#5538);
#13039 = PRESENTATION_STYLE_ASSIGNMENT((#13040));
#13040 = SURFACE_STYLE_USAGE(.BOTH.,#13041);
#13041 = SURFACE_SIDE_STYLE('',(#13042));
#13042 = SURFACE_STYLE_FILL_AREA(#13043);
#13043 = FILL_AREA_STYLE('',(#13044));
#13044 = FILL_AREA_STYLE_COLOUR('',#11754);
#13045 = STYLED_ITEM('color',(#13046),#5562);
#13046 = PRESENTATION_STYLE_ASSIGNMENT((#13047));
#13047 = SURFACE_STYLE_USAGE(.BOTH.,#13048);
#13048 = SURFACE_SIDE_STYLE('',(#13049));
#13049 = SURFACE_STYLE_FILL_AREA(#13050);
#13050 = FILL_AREA_STYLE('',(#13051));
#13051 = FILL_AREA_STYLE_COLOUR('',#11754);
#13052 = STYLED_ITEM('color',(#13053),#5586);
#13053 = PRESENTATION_STYLE_ASSIGNMENT((#13054));
#13054 = SURFACE_STYLE_USAGE(.BOTH.,#13055);
#13055 = SURFACE_SIDE_STYLE('',(#13056));
#13056 = SURFACE_STYLE_FILL_AREA(#13057);
#13057 = FILL_AREA_STYLE('',(#13058));
#13058 = FILL_AREA_STYLE_COLOUR('',#11754);
#13059 = STYLED_ITEM('color',(#13060),#5603);
#13060 = PRESENTATION_STYLE_ASSIGNMENT((#13061));
#13061 = SURFACE_STYLE_USAGE(.BOTH.,#13062);
#13062 = SURFACE_SIDE_STYLE('',(#13063));
#13063 = SURFACE_STYLE_FILL_AREA(#13064);
#13064 = FILL_AREA_STYLE('',(#13065));
#13065 = FILL_AREA_STYLE_COLOUR('',#11754);
#13066 = STYLED_ITEM('color',(#13067),#5634);
#13067 = PRESENTATION_STYLE_ASSIGNMENT((#13068));
#13068 = SURFACE_STYLE_USAGE(.BOTH.,#13069);
#13069 = SURFACE_SIDE_STYLE('',(#13070));
#13070 = SURFACE_STYLE_FILL_AREA(#13071);
#13071 = FILL_AREA_STYLE('',(#13072));
#13072 = FILL_AREA_STYLE_COLOUR('',#11754);
#13073 = STYLED_ITEM('color',(#13074),#5658);
#13074 = PRESENTATION_STYLE_ASSIGNMENT((#13075));
#13075 = SURFACE_STYLE_USAGE(.BOTH.,#13076);
#13076 = SURFACE_SIDE_STYLE('',(#13077));
#13077 = SURFACE_STYLE_FILL_AREA(#13078);
#13078 = FILL_AREA_STYLE('',(#13079));
#13079 = FILL_AREA_STYLE_COLOUR('',#11754);
#13080 = STYLED_ITEM('color',(#13081),#5682);
#13081 = PRESENTATION_STYLE_ASSIGNMENT((#13082));
#13082 = SURFACE_STYLE_USAGE(.BOTH.,#13083);
#13083 = SURFACE_SIDE_STYLE('',(#13084));
#13084 = SURFACE_STYLE_FILL_AREA(#13085);
#13085 = FILL_AREA_STYLE('',(#13086));
#13086 = FILL_AREA_STYLE_COLOUR('',#11754);
#13087 = STYLED_ITEM('color',(#13088),#5699);
#13088 = PRESENTATION_STYLE_ASSIGNMENT((#13089));
#13089 = SURFACE_STYLE_USAGE(.BOTH.,#13090);
#13090 = SURFACE_SIDE_STYLE('',(#13091));
#13091 = SURFACE_STYLE_FILL_AREA(#13092);
#13092 = FILL_AREA_STYLE('',(#13093));
#13093 = FILL_AREA_STYLE_COLOUR('',#11754);
#13094 = STYLED_ITEM('color',(#13095),#5730);
#13095 = PRESENTATION_STYLE_ASSIGNMENT((#13096));
#13096 = SURFACE_STYLE_USAGE(.BOTH.,#13097);
#13097 = SURFACE_SIDE_STYLE('',(#13098));
#13098 = SURFACE_STYLE_FILL_AREA(#13099);
#13099 = FILL_AREA_STYLE('',(#13100));
#13100 = FILL_AREA_STYLE_COLOUR('',#11754);
#13101 = STYLED_ITEM('color',(#13102),#5754);
#13102 = PRESENTATION_STYLE_ASSIGNMENT((#13103));
#13103 = SURFACE_STYLE_USAGE(.BOTH.,#13104);
#13104 = SURFACE_SIDE_STYLE('',(#13105));
#13105 = SURFACE_STYLE_FILL_AREA(#13106);
#13106 = FILL_AREA_STYLE('',(#13107));
#13107 = FILL_AREA_STYLE_COLOUR('',#11754);
#13108 = STYLED_ITEM('color',(#13109),#5778);
#13109 = PRESENTATION_STYLE_ASSIGNMENT((#13110));
#13110 = SURFACE_STYLE_USAGE(.BOTH.,#13111);
#13111 = SURFACE_SIDE_STYLE('',(#13112));
#13112 = SURFACE_STYLE_FILL_AREA(#13113);
#13113 = FILL_AREA_STYLE('',(#13114));
#13114 = FILL_AREA_STYLE_COLOUR('',#11754);
#13115 = STYLED_ITEM('color',(#13116),#5795);
#13116 = PRESENTATION_STYLE_ASSIGNMENT((#13117));
#13117 = SURFACE_STYLE_USAGE(.BOTH.,#13118);
#13118 = SURFACE_SIDE_STYLE('',(#13119));
#13119 = SURFACE_STYLE_FILL_AREA(#13120);
#13120 = FILL_AREA_STYLE('',(#13121));
#13121 = FILL_AREA_STYLE_COLOUR('',#11754);
#13122 = STYLED_ITEM('color',(#13123),#5826);
#13123 = PRESENTATION_STYLE_ASSIGNMENT((#13124));
#13124 = SURFACE_STYLE_USAGE(.BOTH.,#13125);
#13125 = SURFACE_SIDE_STYLE('',(#13126));
#13126 = SURFACE_STYLE_FILL_AREA(#13127);
#13127 = FILL_AREA_STYLE('',(#13128));
#13128 = FILL_AREA_STYLE_COLOUR('',#11754);
#13129 = STYLED_ITEM('color',(#13130),#5850);
#13130 = PRESENTATION_STYLE_ASSIGNMENT((#13131));
#13131 = SURFACE_STYLE_USAGE(.BOTH.,#13132);
#13132 = SURFACE_SIDE_STYLE('',(#13133));
#13133 = SURFACE_STYLE_FILL_AREA(#13134);
#13134 = FILL_AREA_STYLE('',(#13135));
#13135 = FILL_AREA_STYLE_COLOUR('',#11754);
#13136 = STYLED_ITEM('color',(#13137),#5874);
#13137 = PRESENTATION_STYLE_ASSIGNMENT((#13138));
#13138 = SURFACE_STYLE_USAGE(.BOTH.,#13139);
#13139 = SURFACE_SIDE_STYLE('',(#13140));
#13140 = SURFACE_STYLE_FILL_AREA(#13141);
#13141 = FILL_AREA_STYLE('',(#13142));
#13142 = FILL_AREA_STYLE_COLOUR('',#11754);
#13143 = STYLED_ITEM('color',(#13144),#5891);
#13144 = PRESENTATION_STYLE_ASSIGNMENT((#13145));
#13145 = SURFACE_STYLE_USAGE(.BOTH.,#13146);
#13146 = SURFACE_SIDE_STYLE('',(#13147));
#13147 = SURFACE_STYLE_FILL_AREA(#13148);
#13148 = FILL_AREA_STYLE('',(#13149));
#13149 = FILL_AREA_STYLE_COLOUR('',#11754);
#13150 = STYLED_ITEM('color',(#13151),#5938);
#13151 = PRESENTATION_STYLE_ASSIGNMENT((#13152));
#13152 = SURFACE_STYLE_USAGE(.BOTH.,#13153);
#13153 = SURFACE_SIDE_STYLE('',(#13154));
#13154 = SURFACE_STYLE_FILL_AREA(#13155);
#13155 = FILL_AREA_STYLE('',(#13156));
#13156 = FILL_AREA_STYLE_COLOUR('',#11754);
#13157 = STYLED_ITEM('color',(#13158),#5969);
#13158 = PRESENTATION_STYLE_ASSIGNMENT((#13159));
#13159 = SURFACE_STYLE_USAGE(.BOTH.,#13160);
#13160 = SURFACE_SIDE_STYLE('',(#13161));
#13161 = SURFACE_STYLE_FILL_AREA(#13162);
#13162 = FILL_AREA_STYLE('',(#13163));
#13163 = FILL_AREA_STYLE_COLOUR('',#11754);
#13164 = STYLED_ITEM('color',(#13165),#5981);
#13165 = PRESENTATION_STYLE_ASSIGNMENT((#13166));
#13166 = SURFACE_STYLE_USAGE(.BOTH.,#13167);
#13167 = SURFACE_SIDE_STYLE('',(#13168));
#13168 = SURFACE_STYLE_FILL_AREA(#13169);
#13169 = FILL_AREA_STYLE('',(#13170));
#13170 = FILL_AREA_STYLE_COLOUR('',#11754);
#13171 = STYLED_ITEM('color',(#13172),#5998);
#13172 = PRESENTATION_STYLE_ASSIGNMENT((#13173));
#13173 = SURFACE_STYLE_USAGE(.BOTH.,#13174);
#13174 = SURFACE_SIDE_STYLE('',(#13175));
#13175 = SURFACE_STYLE_FILL_AREA(#13176);
#13176 = FILL_AREA_STYLE('',(#13177));
#13177 = FILL_AREA_STYLE_COLOUR('',#11754);
#13178 = STYLED_ITEM('color',(#13179),#6024);
#13179 = PRESENTATION_STYLE_ASSIGNMENT((#13180));
#13180 = SURFACE_STYLE_USAGE(.BOTH.,#13181);
#13181 = SURFACE_SIDE_STYLE('',(#13182));
#13182 = SURFACE_STYLE_FILL_AREA(#13183);
#13183 = FILL_AREA_STYLE('',(#13184));
#13184 = FILL_AREA_STYLE_COLOUR('',#11754);
#13185 = STYLED_ITEM('color',(#13186),#6057);
#13186 = PRESENTATION_STYLE_ASSIGNMENT((#13187));
#13187 = SURFACE_STYLE_USAGE(.BOTH.,#13188);
#13188 = SURFACE_SIDE_STYLE('',(#13189));
#13189 = SURFACE_STYLE_FILL_AREA(#13190);
#13190 = FILL_AREA_STYLE('',(#13191));
#13191 = FILL_AREA_STYLE_COLOUR('',#11754);
#13192 = STYLED_ITEM('color',(#13193),#6088);
#13193 = PRESENTATION_STYLE_ASSIGNMENT((#13194));
#13194 = SURFACE_STYLE_USAGE(.BOTH.,#13195);
#13195 = SURFACE_SIDE_STYLE('',(#13196));
#13196 = SURFACE_STYLE_FILL_AREA(#13197);
#13197 = FILL_AREA_STYLE('',(#13198));
#13198 = FILL_AREA_STYLE_COLOUR('',#11754);
#13199 = STYLED_ITEM('color',(#13200),#6112);
#13200 = PRESENTATION_STYLE_ASSIGNMENT((#13201));
#13201 = SURFACE_STYLE_USAGE(.BOTH.,#13202);
#13202 = SURFACE_SIDE_STYLE('',(#13203));
#13203 = SURFACE_STYLE_FILL_AREA(#13204);
#13204 = FILL_AREA_STYLE('',(#13205));
#13205 = FILL_AREA_STYLE_COLOUR('',#11754);
#13206 = STYLED_ITEM('color',(#13207),#6136);
#13207 = PRESENTATION_STYLE_ASSIGNMENT((#13208));
#13208 = SURFACE_STYLE_USAGE(.BOTH.,#13209);
#13209 = SURFACE_SIDE_STYLE('',(#13210));
#13210 = SURFACE_STYLE_FILL_AREA(#13211);
#13211 = FILL_AREA_STYLE('',(#13212));
#13212 = FILL_AREA_STYLE_COLOUR('',#11754);
#13213 = STYLED_ITEM('color',(#13214),#6153);
#13214 = PRESENTATION_STYLE_ASSIGNMENT((#13215));
#13215 = SURFACE_STYLE_USAGE(.BOTH.,#13216);
#13216 = SURFACE_SIDE_STYLE('',(#13217));
#13217 = SURFACE_STYLE_FILL_AREA(#13218);
#13218 = FILL_AREA_STYLE('',(#13219));
#13219 = FILL_AREA_STYLE_COLOUR('',#11754);
#13220 = STYLED_ITEM('color',(#13221),#6184);
#13221 = PRESENTATION_STYLE_ASSIGNMENT((#13222));
#13222 = SURFACE_STYLE_USAGE(.BOTH.,#13223);
#13223 = SURFACE_SIDE_STYLE('',(#13224));
#13224 = SURFACE_STYLE_FILL_AREA(#13225);
#13225 = FILL_AREA_STYLE('',(#13226));
#13226 = FILL_AREA_STYLE_COLOUR('',#11754);
#13227 = STYLED_ITEM('color',(#13228),#6208);
#13228 = PRESENTATION_STYLE_ASSIGNMENT((#13229));
#13229 = SURFACE_STYLE_USAGE(.BOTH.,#13230);
#13230 = SURFACE_SIDE_STYLE('',(#13231));
#13231 = SURFACE_STYLE_FILL_AREA(#13232);
#13232 = FILL_AREA_STYLE('',(#13233));
#13233 = FILL_AREA_STYLE_COLOUR('',#11754);
#13234 = STYLED_ITEM('color',(#13235),#6232);
#13235 = PRESENTATION_STYLE_ASSIGNMENT((#13236));
#13236 = SURFACE_STYLE_USAGE(.BOTH.,#13237);
#13237 = SURFACE_SIDE_STYLE('',(#13238));
#13238 = SURFACE_STYLE_FILL_AREA(#13239);
#13239 = FILL_AREA_STYLE('',(#13240));
#13240 = FILL_AREA_STYLE_COLOUR('',#11754);
#13241 = STYLED_ITEM('color',(#13242),#6249);
#13242 = PRESENTATION_STYLE_ASSIGNMENT((#13243));
#13243 = SURFACE_STYLE_USAGE(.BOTH.,#13244);
#13244 = SURFACE_SIDE_STYLE('',(#13245));
#13245 = SURFACE_STYLE_FILL_AREA(#13246);
#13246 = FILL_AREA_STYLE('',(#13247));
#13247 = FILL_AREA_STYLE_COLOUR('',#11754);
#13248 = STYLED_ITEM('color',(#13249),#6280);
#13249 = PRESENTATION_STYLE_ASSIGNMENT((#13250));
#13250 = SURFACE_STYLE_USAGE(.BOTH.,#13251);
#13251 = SURFACE_SIDE_STYLE('',(#13252));
#13252 = SURFACE_STYLE_FILL_AREA(#13253);
#13253 = FILL_AREA_STYLE('',(#13254));
#13254 = FILL_AREA_STYLE_COLOUR('',#11754);
#13255 = STYLED_ITEM('color',(#13256),#6304);
#13256 = PRESENTATION_STYLE_ASSIGNMENT((#13257));
#13257 = SURFACE_STYLE_USAGE(.BOTH.,#13258);
#13258 = SURFACE_SIDE_STYLE('',(#13259));
#13259 = SURFACE_STYLE_FILL_AREA(#13260);
#13260 = FILL_AREA_STYLE('',(#13261));
#13261 = FILL_AREA_STYLE_COLOUR('',#11754);
#13262 = STYLED_ITEM('color',(#13263),#6328);
#13263 = PRESENTATION_STYLE_ASSIGNMENT((#13264));
#13264 = SURFACE_STYLE_USAGE(.BOTH.,#13265);
#13265 = SURFACE_SIDE_STYLE('',(#13266));
#13266 = SURFACE_STYLE_FILL_AREA(#13267);
#13267 = FILL_AREA_STYLE('',(#13268));
#13268 = FILL_AREA_STYLE_COLOUR('',#11754);
#13269 = STYLED_ITEM('color',(#13270),#6345);
#13270 = PRESENTATION_STYLE_ASSIGNMENT((#13271));
#13271 = SURFACE_STYLE_USAGE(.BOTH.,#13272);
#13272 = SURFACE_SIDE_STYLE('',(#13273));
#13273 = SURFACE_STYLE_FILL_AREA(#13274);
#13274 = FILL_AREA_STYLE('',(#13275));
#13275 = FILL_AREA_STYLE_COLOUR('',#11754);
#13276 = STYLED_ITEM('color',(#13277),#6362);
#13277 = PRESENTATION_STYLE_ASSIGNMENT((#13278));
#13278 = SURFACE_STYLE_USAGE(.BOTH.,#13279);
#13279 = SURFACE_SIDE_STYLE('',(#13280));
#13280 = SURFACE_STYLE_FILL_AREA(#13281);
#13281 = FILL_AREA_STYLE('',(#13282));
#13282 = FILL_AREA_STYLE_COLOUR('',#11754);
#13283 = STYLED_ITEM('color',(#13284),#6409);
#13284 = PRESENTATION_STYLE_ASSIGNMENT((#13285));
#13285 = SURFACE_STYLE_USAGE(.BOTH.,#13286);
#13286 = SURFACE_SIDE_STYLE('',(#13287));
#13287 = SURFACE_STYLE_FILL_AREA(#13288);
#13288 = FILL_AREA_STYLE('',(#13289));
#13289 = FILL_AREA_STYLE_COLOUR('',#11754);
#13290 = STYLED_ITEM('color',(#13291),#6435);
#13291 = PRESENTATION_STYLE_ASSIGNMENT((#13292));
#13292 = SURFACE_STYLE_USAGE(.BOTH.,#13293);
#13293 = SURFACE_SIDE_STYLE('',(#13294));
#13294 = SURFACE_STYLE_FILL_AREA(#13295);
#13295 = FILL_AREA_STYLE('',(#13296));
#13296 = FILL_AREA_STYLE_COLOUR('',#11754);
#13297 = STYLED_ITEM('color',(#13298),#6452);
#13298 = PRESENTATION_STYLE_ASSIGNMENT((#13299));
#13299 = SURFACE_STYLE_USAGE(.BOTH.,#13300);
#13300 = SURFACE_SIDE_STYLE('',(#13301));
#13301 = SURFACE_STYLE_FILL_AREA(#13302);
#13302 = FILL_AREA_STYLE('',(#13303));
#13303 = FILL_AREA_STYLE_COLOUR('',#11754);
#13304 = STYLED_ITEM('color',(#13305),#6478);
#13305 = PRESENTATION_STYLE_ASSIGNMENT((#13306));
#13306 = SURFACE_STYLE_USAGE(.BOTH.,#13307);
#13307 = SURFACE_SIDE_STYLE('',(#13308));
#13308 = SURFACE_STYLE_FILL_AREA(#13309);
#13309 = FILL_AREA_STYLE('',(#13310));
#13310 = FILL_AREA_STYLE_COLOUR('',#11754);
#13311 = STYLED_ITEM('color',(#13312),#6511);
#13312 = PRESENTATION_STYLE_ASSIGNMENT((#13313));
#13313 = SURFACE_STYLE_USAGE(.BOTH.,#13314);
#13314 = SURFACE_SIDE_STYLE('',(#13315));
#13315 = SURFACE_STYLE_FILL_AREA(#13316);
#13316 = FILL_AREA_STYLE('',(#13317));
#13317 = FILL_AREA_STYLE_COLOUR('',#11754);
#13318 = STYLED_ITEM('color',(#13319),#6523);
#13319 = PRESENTATION_STYLE_ASSIGNMENT((#13320));
#13320 = SURFACE_STYLE_USAGE(.BOTH.,#13321);
#13321 = SURFACE_SIDE_STYLE('',(#13322));
#13322 = SURFACE_STYLE_FILL_AREA(#13323);
#13323 = FILL_AREA_STYLE('',(#13324));
#13324 = FILL_AREA_STYLE_COLOUR('',#11754);
#13325 = STYLED_ITEM('color',(#13326),#6535);
#13326 = PRESENTATION_STYLE_ASSIGNMENT((#13327));
#13327 = SURFACE_STYLE_USAGE(.BOTH.,#13328);
#13328 = SURFACE_SIDE_STYLE('',(#13329));
#13329 = SURFACE_STYLE_FILL_AREA(#13330);
#13330 = FILL_AREA_STYLE('',(#13331));
#13331 = FILL_AREA_STYLE_COLOUR('',#11754);
#13332 = STYLED_ITEM('color',(#13333),#6547);
#13333 = PRESENTATION_STYLE_ASSIGNMENT((#13334));
#13334 = SURFACE_STYLE_USAGE(.BOTH.,#13335);
#13335 = SURFACE_SIDE_STYLE('',(#13336));
#13336 = SURFACE_STYLE_FILL_AREA(#13337);
#13337 = FILL_AREA_STYLE('',(#13338));
#13338 = FILL_AREA_STYLE_COLOUR('',#11754);
#13339 = STYLED_ITEM('color',(#13340),#6559);
#13340 = PRESENTATION_STYLE_ASSIGNMENT((#13341));
#13341 = SURFACE_STYLE_USAGE(.BOTH.,#13342);
#13342 = SURFACE_SIDE_STYLE('',(#13343));
#13343 = SURFACE_STYLE_FILL_AREA(#13344);
#13344 = FILL_AREA_STYLE('',(#13345));
#13345 = FILL_AREA_STYLE_COLOUR('',#11754);
#13346 = STYLED_ITEM('color',(#13347),#6571);
#13347 = PRESENTATION_STYLE_ASSIGNMENT((#13348));
#13348 = SURFACE_STYLE_USAGE(.BOTH.,#13349);
#13349 = SURFACE_SIDE_STYLE('',(#13350));
#13350 = SURFACE_STYLE_FILL_AREA(#13351);
#13351 = FILL_AREA_STYLE('',(#13352));
#13352 = FILL_AREA_STYLE_COLOUR('',#11754);
#13353 = STYLED_ITEM('color',(#13354),#6588);
#13354 = PRESENTATION_STYLE_ASSIGNMENT((#13355));
#13355 = SURFACE_STYLE_USAGE(.BOTH.,#13356);
#13356 = SURFACE_SIDE_STYLE('',(#13357));
#13357 = SURFACE_STYLE_FILL_AREA(#13358);
#13358 = FILL_AREA_STYLE('',(#13359));
#13359 = FILL_AREA_STYLE_COLOUR('',#11754);
#13360 = STYLED_ITEM('color',(#13361),#6605);
#13361 = PRESENTATION_STYLE_ASSIGNMENT((#13362));
#13362 = SURFACE_STYLE_USAGE(.BOTH.,#13363);
#13363 = SURFACE_SIDE_STYLE('',(#13364));
#13364 = SURFACE_STYLE_FILL_AREA(#13365);
#13365 = FILL_AREA_STYLE('',(#13366));
#13366 = FILL_AREA_STYLE_COLOUR('',#11754);
#13367 = STYLED_ITEM('color',(#13368),#6617);
#13368 = PRESENTATION_STYLE_ASSIGNMENT((#13369));
#13369 = SURFACE_STYLE_USAGE(.BOTH.,#13370);
#13370 = SURFACE_SIDE_STYLE('',(#13371));
#13371 = SURFACE_STYLE_FILL_AREA(#13372);
#13372 = FILL_AREA_STYLE('',(#13373));
#13373 = FILL_AREA_STYLE_COLOUR('',#11754);
#13374 = STYLED_ITEM('color',(#13375),#6629);
#13375 = PRESENTATION_STYLE_ASSIGNMENT((#13376));
#13376 = SURFACE_STYLE_USAGE(.BOTH.,#13377);
#13377 = SURFACE_SIDE_STYLE('',(#13378));
#13378 = SURFACE_STYLE_FILL_AREA(#13379);
#13379 = FILL_AREA_STYLE('',(#13380));
#13380 = FILL_AREA_STYLE_COLOUR('',#11754);
#13381 = STYLED_ITEM('color',(#13382),#6641);
#13382 = PRESENTATION_STYLE_ASSIGNMENT((#13383));
#13383 = SURFACE_STYLE_USAGE(.BOTH.,#13384);
#13384 = SURFACE_SIDE_STYLE('',(#13385));
#13385 = SURFACE_STYLE_FILL_AREA(#13386);
#13386 = FILL_AREA_STYLE('',(#13387));
#13387 = FILL_AREA_STYLE_COLOUR('',#11754);
#13388 = STYLED_ITEM('color',(#13389),#6653);
#13389 = PRESENTATION_STYLE_ASSIGNMENT((#13390));
#13390 = SURFACE_STYLE_USAGE(.BOTH.,#13391);
#13391 = SURFACE_SIDE_STYLE('',(#13392));
#13392 = SURFACE_STYLE_FILL_AREA(#13393);
#13393 = FILL_AREA_STYLE('',(#13394));
#13394 = FILL_AREA_STYLE_COLOUR('',#11754);
#13395 = STYLED_ITEM('color',(#13396),#6670);
#13396 = PRESENTATION_STYLE_ASSIGNMENT((#13397));
#13397 = SURFACE_STYLE_USAGE(.BOTH.,#13398);
#13398 = SURFACE_SIDE_STYLE('',(#13399));
#13399 = SURFACE_STYLE_FILL_AREA(#13400);
#13400 = FILL_AREA_STYLE('',(#13401));
#13401 = FILL_AREA_STYLE_COLOUR('',#11754);
#13402 = STYLED_ITEM('color',(#13403),#6687);
#13403 = PRESENTATION_STYLE_ASSIGNMENT((#13404));
#13404 = SURFACE_STYLE_USAGE(.BOTH.,#13405);
#13405 = SURFACE_SIDE_STYLE('',(#13406));
#13406 = SURFACE_STYLE_FILL_AREA(#13407);
#13407 = FILL_AREA_STYLE('',(#13408));
#13408 = FILL_AREA_STYLE_COLOUR('',#11754);
#13409 = MECHANICAL_DESIGN_GEOMETRIC_PRESENTATION_REPRESENTATION('',(
    #13410,#13417,#13424,#13431,#13438,#13445,#13452,#13459,#13466,
    #13473,#13480,#13487,#13494,#13501,#13508,#13515),#861);
#13410 = STYLED_ITEM('color',(#13411),#438);
#13411 = PRESENTATION_STYLE_ASSIGNMENT((#13412));
#13412 = SURFACE_STYLE_USAGE(.BOTH.,#13413);
#13413 = SURFACE_SIDE_STYLE('',(#13414));
#13414 = SURFACE_STYLE_FILL_AREA(#13415);
#13415 = FILL_AREA_STYLE('',(#13416));
#13416 = FILL_AREA_STYLE_COLOUR('',#12114);
#13417 = STYLED_ITEM('color',(#13418),#465);
#13418 = PRESENTATION_STYLE_ASSIGNMENT((#13419));
#13419 = SURFACE_STYLE_USAGE(.BOTH.,#13420);
#13420 = SURFACE_SIDE_STYLE('',(#13421));
#13421 = SURFACE_STYLE_FILL_AREA(#13422);
#13422 = FILL_AREA_STYLE('',(#13423));
#13423 = FILL_AREA_STYLE_COLOUR('',#12114);
#13424 = STYLED_ITEM('color',(#13425),#490);
#13425 = PRESENTATION_STYLE_ASSIGNMENT((#13426));
#13426 = SURFACE_STYLE_USAGE(.BOTH.,#13427);
#13427 = SURFACE_SIDE_STYLE('',(#13428));
#13428 = SURFACE_STYLE_FILL_AREA(#13429);
#13429 = FILL_AREA_STYLE('',(#13430));
#13430 = FILL_AREA_STYLE_COLOUR('',#12114);
#13431 = STYLED_ITEM('color',(#13432),#518);
#13432 = PRESENTATION_STYLE_ASSIGNMENT((#13433));
#13433 = SURFACE_STYLE_USAGE(.BOTH.,#13434);
#13434 = SURFACE_SIDE_STYLE('',(#13435));
#13435 = SURFACE_STYLE_FILL_AREA(#13436);
#13436 = FILL_AREA_STYLE('',(#13437));
#13437 = FILL_AREA_STYLE_COLOUR('',#12114);
#13438 = STYLED_ITEM('color',(#13439),#550);
#13439 = PRESENTATION_STYLE_ASSIGNMENT((#13440));
#13440 = SURFACE_STYLE_USAGE(.BOTH.,#13441);
#13441 = SURFACE_SIDE_STYLE('',(#13442));
#13442 = SURFACE_STYLE_FILL_AREA(#13443);
#13443 = FILL_AREA_STYLE('',(#13444));
#13444 = FILL_AREA_STYLE_COLOUR('',#12114);
#13445 = STYLED_ITEM('color',(#13446),#567);
#13446 = PRESENTATION_STYLE_ASSIGNMENT((#13447));
#13447 = SURFACE_STYLE_USAGE(.BOTH.,#13448);
#13448 = SURFACE_SIDE_STYLE('',(#13449));
#13449 = SURFACE_STYLE_FILL_AREA(#13450);
#13450 = FILL_AREA_STYLE('',(#13451));
#13451 = FILL_AREA_STYLE_COLOUR('',#12114);
#13452 = STYLED_ITEM('color',(#13453),#645);
#13453 = PRESENTATION_STYLE_ASSIGNMENT((#13454));
#13454 = SURFACE_STYLE_USAGE(.BOTH.,#13455);
#13455 = SURFACE_SIDE_STYLE('',(#13456));
#13456 = SURFACE_STYLE_FILL_AREA(#13457);
#13457 = FILL_AREA_STYLE('',(#13458));
#13458 = FILL_AREA_STYLE_COLOUR('',#12064);
#13459 = STYLED_ITEM('color',(#13460),#676);
#13460 = PRESENTATION_STYLE_ASSIGNMENT((#13461));
#13461 = SURFACE_STYLE_USAGE(.BOTH.,#13462);
#13462 = SURFACE_SIDE_STYLE('',(#13463));
#13463 = SURFACE_STYLE_FILL_AREA(#13464);
#13464 = FILL_AREA_STYLE('',(#13465));
#13465 = FILL_AREA_STYLE_COLOUR('',#12064);
#13466 = STYLED_ITEM('color',(#13467),#700);
#13467 = PRESENTATION_STYLE_ASSIGNMENT((#13468));
#13468 = SURFACE_STYLE_USAGE(.BOTH.,#13469);
#13469 = SURFACE_SIDE_STYLE('',(#13470));
#13470 = SURFACE_STYLE_FILL_AREA(#13471);
#13471 = FILL_AREA_STYLE('',(#13472));
#13472 = FILL_AREA_STYLE_COLOUR('',#12064);
#13473 = STYLED_ITEM('color',(#13474),#724);
#13474 = PRESENTATION_STYLE_ASSIGNMENT((#13475));
#13475 = SURFACE_STYLE_USAGE(.BOTH.,#13476);
#13476 = SURFACE_SIDE_STYLE('',(#13477));
#13477 = SURFACE_STYLE_FILL_AREA(#13478);
#13478 = FILL_AREA_STYLE('',(#13479));
#13479 = FILL_AREA_STYLE_COLOUR('',#12064);
#13480 = STYLED_ITEM('color',(#13481),#741);
#13481 = PRESENTATION_STYLE_ASSIGNMENT((#13482));
#13482 = SURFACE_STYLE_USAGE(.BOTH.,#13483);
#13483 = SURFACE_SIDE_STYLE('',(#13484));
#13484 = SURFACE_STYLE_FILL_AREA(#13485);
#13485 = FILL_AREA_STYLE('',(#13486));
#13486 = FILL_AREA_STYLE_COLOUR('',#12064);
#13487 = STYLED_ITEM('color',(#13488),#772);
#13488 = PRESENTATION_STYLE_ASSIGNMENT((#13489));
#13489 = SURFACE_STYLE_USAGE(.BOTH.,#13490);
#13490 = SURFACE_SIDE_STYLE('',(#13491));
#13491 = SURFACE_STYLE_FILL_AREA(#13492);
#13492 = FILL_AREA_STYLE('',(#13493));
#13493 = FILL_AREA_STYLE_COLOUR('',#12064);
#13494 = STYLED_ITEM('color',(#13495),#796);
#13495 = PRESENTATION_STYLE_ASSIGNMENT((#13496));
#13496 = SURFACE_STYLE_USAGE(.BOTH.,#13497);
#13497 = SURFACE_SIDE_STYLE('',(#13498));
#13498 = SURFACE_STYLE_FILL_AREA(#13499);
#13499 = FILL_AREA_STYLE('',(#13500));
#13500 = FILL_AREA_STYLE_COLOUR('',#12064);
#13501 = STYLED_ITEM('color',(#13502),#820);
#13502 = PRESENTATION_STYLE_ASSIGNMENT((#13503));
#13503 = SURFACE_STYLE_USAGE(.BOTH.,#13504);
#13504 = SURFACE_SIDE_STYLE('',(#13505));
#13505 = SURFACE_STYLE_FILL_AREA(#13506);
#13506 = FILL_AREA_STYLE('',(#13507));
#13507 = FILL_AREA_STYLE_COLOUR('',#12064);
#13508 = STYLED_ITEM('color',(#13509),#837);
#13509 = PRESENTATION_STYLE_ASSIGNMENT((#13510));
#13510 = SURFACE_STYLE_USAGE(.BOTH.,#13511);
#13511 = SURFACE_SIDE_STYLE('',(#13512));
#13512 = SURFACE_STYLE_FILL_AREA(#13513);
#13513 = FILL_AREA_STYLE('',(#13514));
#13514 = FILL_AREA_STYLE_COLOUR('',#12064);
#13515 = STYLED_ITEM('color',(#13516),#849);
#13516 = PRESENTATION_STYLE_ASSIGNMENT((#13517));
#13517 = SURFACE_STYLE_USAGE(.BOTH.,#13518);
#13518 = SURFACE_SIDE_STYLE('',(#13519));
#13519 = SURFACE_STYLE_FILL_AREA(#13520);
#13520 = FILL_AREA_STYLE('',(#13521));
#13521 = FILL_AREA_STYLE_COLOUR('',#12064);
ENDSEC;
END-ISO-10303-21;
