ISO-10303-21;
HEADER;
FILE_DESCRIPTION(('KiCad electronic assembly'),'2;1');
FILE_NAME('linesensor3.1.step','2024-11-15T16:23:55',('Pcbnew'),('Kicad'
    ),'Open CASCADE STEP processor 7.8','KiCad to STEP converter',
  'Unknown');
FILE_SCHEMA(('AUTOMOTIVE_DESIGN { 1 0 10303 214 1 1 1 1 }'));
ENDSEC;
DATA;
#1 = APPLICATION_PROTOCOL_DEFINITION('international standard',
  'automotive_design',2000,#2);
#2 = APPLICATION_CONTEXT(
  'core data for automotive mechanical design processes');
#3 = SHAPE_DEFINITION_REPRESENTATION(#4,#10);
#4 = PRODUCT_DEFINITION_SHAPE('','',#5);
#5 = PRODUCT_DEFINITION('design','',#6,#9);
#6 = PRODUCT_DEFINITION_FORMATION('','',#7);
#7 = PRODUCT('linesensor3.1 1','linesensor3.1 1','',(#8));
#8 = PRODUCT_CONTEXT('',#2,'mechanical');
#9 = PRODUCT_DEFINITION_CONTEXT('part definition',#2,'design');
#10 = SHAPE_REPRESENTATION('',(#11,#15,#19,#23,#27,#31,#35,#39),#43);
#11 = AXIS2_PLACEMENT_3D('',#12,#13,#14);
#12 = CARTESIAN_POINT('',(0.,0.,0.));
#13 = DIRECTION('',(0.,0.,1.));
#14 = DIRECTION('',(1.,0.,-0.));
#15 = AXIS2_PLACEMENT_3D('',#16,#17,#18);
#16 = CARTESIAN_POINT('',(81.9,-94.3,1.65));
#17 = DIRECTION('',(0.,0.,1.));
#18 = DIRECTION('',(1.,0.,0.));
#19 = AXIS2_PLACEMENT_3D('',#20,#21,#22);
#20 = CARTESIAN_POINT('',(81.9,-85.7,1.65));
#21 = DIRECTION('',(0.,0.,1.));
#22 = DIRECTION('',(1.,0.,0.));
#23 = AXIS2_PLACEMENT_3D('',#24,#25,#26);
#24 = CARTESIAN_POINT('',(89.4,-118.7,1.65));
#25 = DIRECTION('',(0.,-0.,1.));
#26 = DIRECTION('',(1.110223024625E-16,1.,0.));
#27 = AXIS2_PLACEMENT_3D('',#28,#29,#30);
#28 = CARTESIAN_POINT('',(81.9,-102.9,1.65));
#29 = DIRECTION('',(0.,0.,1.));
#30 = DIRECTION('',(1.,0.,0.));
#31 = AXIS2_PLACEMENT_3D('',#32,#33,#34);
#32 = CARTESIAN_POINT('',(88.3,-72.5,1.65));
#33 = DIRECTION('',(0.,0.,1.));
#34 = DIRECTION('',(-1.,1.224646799147E-16,0.));
#35 = AXIS2_PLACEMENT_3D('',#36,#37,#38);
#36 = CARTESIAN_POINT('',(81.9,-77.6,-5.E-02));
#37 = DIRECTION('',(0.,-1.224646799147E-16,-1.));
#38 = DIRECTION('',(1.,0.,0.));
#39 = AXIS2_PLACEMENT_3D('',#40,#41,#42);
#40 = CARTESIAN_POINT('',(0.,0.,0.));
#41 = DIRECTION('',(0.,0.,1.));
#42 = DIRECTION('',(1.,0.,-0.));
#43 = ( GEOMETRIC_REPRESENTATION_CONTEXT(3) 
GLOBAL_UNCERTAINTY_ASSIGNED_CONTEXT((#47)) GLOBAL_UNIT_ASSIGNED_CONTEXT(
(#44,#45,#46)) REPRESENTATION_CONTEXT('Context #1',
  '3D Context with UNIT and UNCERTAINTY') );
#44 = ( LENGTH_UNIT() NAMED_UNIT(*) SI_UNIT(.MILLI.,.METRE.) );
#45 = ( NAMED_UNIT(*) PLANE_ANGLE_UNIT() SI_UNIT($,.RADIAN.) );
#46 = ( NAMED_UNIT(*) SI_UNIT($,.STERADIAN.) SOLID_ANGLE_UNIT() );
#47 = UNCERTAINTY_MEASURE_WITH_UNIT(LENGTH_MEASURE(1.E-07),#44,
  'distance_accuracy_value','confusion accuracy');
#48 = PRODUCT_RELATED_PRODUCT_CATEGORY('part',$,(#7));
#49 = SHAPE_DEFINITION_REPRESENTATION(#50,#56);
#50 = PRODUCT_DEFINITION_SHAPE('','',#51);
#51 = PRODUCT_DEFINITION('design','',#52,#55);
#52 = PRODUCT_DEFINITION_FORMATION('','',#53);
#53 = PRODUCT('R_Axial_DIN0207_L6.3mm_D2.5mm_P7.62mm_Horizontal',
  'R_Axial_DIN0207_L6.3mm_D2.5mm_P7.62mm_Horizontal','',(#54));
#54 = PRODUCT_CONTEXT('',#2,'mechanical');
#55 = PRODUCT_DEFINITION_CONTEXT('part definition',#2,'design');
#56 = SHAPE_REPRESENTATION('',(#11,#57),#61);
#57 = AXIS2_PLACEMENT_3D('',#58,#59,#60);
#58 = CARTESIAN_POINT('',(0.,0.,0.));
#59 = DIRECTION('',(0.,0.,1.));
#60 = DIRECTION('',(1.,0.,-0.));
#61 = ( GEOMETRIC_REPRESENTATION_CONTEXT(3) 
GLOBAL_UNCERTAINTY_ASSIGNED_CONTEXT((#65)) GLOBAL_UNIT_ASSIGNED_CONTEXT(
(#62,#63,#64)) REPRESENTATION_CONTEXT('Context #1',
  '3D Context with UNIT and UNCERTAINTY') );
#62 = ( LENGTH_UNIT() NAMED_UNIT(*) SI_UNIT(.MILLI.,.METRE.) );
#63 = ( NAMED_UNIT(*) PLANE_ANGLE_UNIT() SI_UNIT($,.RADIAN.) );
#64 = ( NAMED_UNIT(*) SI_UNIT($,.STERADIAN.) SOLID_ANGLE_UNIT() );
#65 = UNCERTAINTY_MEASURE_WITH_UNIT(LENGTH_MEASURE(1.E-07),#62,
  'distance_accuracy_value','confusion accuracy');
#66 = CONTEXT_DEPENDENT_SHAPE_REPRESENTATION(#67,#69);
#67 = ( REPRESENTATION_RELATIONSHIP('','',#56,#10) 
REPRESENTATION_RELATIONSHIP_WITH_TRANSFORMATION(#68) 
SHAPE_REPRESENTATION_RELATIONSHIP() );
#68 = ITEM_DEFINED_TRANSFORMATION('','',#11,#15);
#69 = PRODUCT_DEFINITION_SHAPE('Placement','Placement of an item',#70);
#70 = NEXT_ASSEMBLY_USAGE_OCCURRENCE('2','R1','',#5,#51,$);
#71 = PRODUCT_RELATED_PRODUCT_CATEGORY('part',$,(#53));
#72 = SHAPE_DEFINITION_REPRESENTATION(#73,#79);
#73 = PRODUCT_DEFINITION_SHAPE('','',#74);
#74 = PRODUCT_DEFINITION('design','',#75,#78);
#75 = PRODUCT_DEFINITION_FORMATION('','',#76);
#76 = PRODUCT('R_Axial_DIN0207_L63mm_D25mm_P762mm_Horizontal',
  'R_Axial_DIN0207_L63mm_D25mm_P762mm_Horizontal','',(#77));
#77 = PRODUCT_CONTEXT('',#2,'mechanical');
#78 = PRODUCT_DEFINITION_CONTEXT('part definition',#2,'design');
#79 = ADVANCED_BREP_SHAPE_REPRESENTATION('',(#11,#80),#743);
#80 = MANIFOLD_SOLID_BREP('',#81);
#81 = CLOSED_SHELL('',(#82,#115,#141,#161,#344,#369,#395,#415,#440,#465,
    #474,#500,#683,#709,#734));
#82 = ADVANCED_FACE('',(#83),#110,.T.);
#83 = FACE_BOUND('',#84,.T.);
#84 = EDGE_LOOP('',(#85,#94,#102,#109));
#85 = ORIENTED_EDGE('',*,*,#86,.T.);
#86 = EDGE_CURVE('',#87,#87,#89,.T.);
#87 = VERTEX_POINT('',#88);
#88 = CARTESIAN_POINT('',(1.285,1.25,1.25));
#89 = CIRCLE('',#90,1.25);
#90 = AXIS2_PLACEMENT_3D('',#91,#92,#93);
#91 = CARTESIAN_POINT('',(1.285,0.,1.25));
#92 = DIRECTION('',(1.,0.,0.));
#93 = DIRECTION('',(-0.,1.,0.));
#94 = ORIENTED_EDGE('',*,*,#95,.T.);
#95 = EDGE_CURVE('',#87,#96,#98,.T.);
#96 = VERTEX_POINT('',#97);
#97 = CARTESIAN_POINT('',(2.235,1.25,1.25));
#98 = LINE('',#99,#100);
#99 = CARTESIAN_POINT('',(0.66,1.25,1.25));
#100 = VECTOR('',#101,1.);
#101 = DIRECTION('',(1.,0.,0.));
#102 = ORIENTED_EDGE('',*,*,#103,.F.);
#103 = EDGE_CURVE('',#96,#96,#104,.T.);
#104 = CIRCLE('',#105,1.25);
#105 = AXIS2_PLACEMENT_3D('',#106,#107,#108);
#106 = CARTESIAN_POINT('',(2.235,0.,1.25));
#107 = DIRECTION('',(1.,0.,0.));
#108 = DIRECTION('',(-0.,1.,0.));
#109 = ORIENTED_EDGE('',*,*,#95,.F.);
#110 = CYLINDRICAL_SURFACE('',#111,1.25);
#111 = AXIS2_PLACEMENT_3D('',#112,#113,#114);
#112 = CARTESIAN_POINT('',(0.66,0.,1.25));
#113 = DIRECTION('',(-1.,-0.,-0.));
#114 = DIRECTION('',(0.,1.,0.));
#115 = ADVANCED_FACE('',(#116),#136,.T.);
#116 = FACE_BOUND('',#117,.T.);
#117 = EDGE_LOOP('',(#118,#127,#134,#135));
#118 = ORIENTED_EDGE('',*,*,#119,.T.);
#119 = EDGE_CURVE('',#120,#120,#122,.T.);
#120 = VERTEX_POINT('',#121);
#121 = CARTESIAN_POINT('',(0.66,0.625,1.25));
#122 = CIRCLE('',#123,0.625);
#123 = AXIS2_PLACEMENT_3D('',#124,#125,#126);
#124 = CARTESIAN_POINT('',(0.66,0.,1.25));
#125 = DIRECTION('',(1.,0.,0.));
#126 = DIRECTION('',(-0.,1.,0.));
#127 = ORIENTED_EDGE('',*,*,#128,.F.);
#128 = EDGE_CURVE('',#87,#120,#129,.T.);
#129 = CIRCLE('',#130,0.625);
#130 = AXIS2_PLACEMENT_3D('',#131,#132,#133);
#131 = CARTESIAN_POINT('',(1.285,0.625,1.25));
#132 = DIRECTION('',(0.,-0.,1.));
#133 = DIRECTION('',(0.,1.,0.));
#134 = ORIENTED_EDGE('',*,*,#86,.F.);
#135 = ORIENTED_EDGE('',*,*,#128,.T.);
#136 = TOROIDAL_SURFACE('',#137,0.625,0.625);
#137 = AXIS2_PLACEMENT_3D('',#138,#139,#140);
#138 = CARTESIAN_POINT('',(1.285,0.,1.25));
#139 = DIRECTION('',(-1.,0.,0.));
#140 = DIRECTION('',(0.,1.,0.));
#141 = ADVANCED_FACE('',(#142,#145),#156,.F.);
#142 = FACE_BOUND('',#143,.F.);
#143 = EDGE_LOOP('',(#144));
#144 = ORIENTED_EDGE('',*,*,#103,.F.);
#145 = FACE_BOUND('',#146,.F.);
#146 = EDGE_LOOP('',(#147));
#147 = ORIENTED_EDGE('',*,*,#148,.F.);
#148 = EDGE_CURVE('',#149,#149,#151,.T.);
#149 = VERTEX_POINT('',#150);
#150 = CARTESIAN_POINT('',(2.235,1.125,1.25));
#151 = CIRCLE('',#152,1.125);
#152 = AXIS2_PLACEMENT_3D('',#153,#154,#155);
#153 = CARTESIAN_POINT('',(2.235,0.,1.25));
#154 = DIRECTION('',(-1.,0.,0.));
#155 = DIRECTION('',(0.,1.,0.));
#156 = PLANE('',#157);
#157 = AXIS2_PLACEMENT_3D('',#158,#159,#160);
#158 = CARTESIAN_POINT('',(2.235,1.25,1.25));
#159 = DIRECTION('',(-1.,0.,0.));
#160 = DIRECTION('',(0.,0.,-1.));
#161 = ADVANCED_FACE('',(#162,#165),#339,.T.);
#162 = FACE_BOUND('',#163,.T.);
#163 = EDGE_LOOP('',(#164));
#164 = ORIENTED_EDGE('',*,*,#119,.F.);
#165 = FACE_BOUND('',#166,.T.);
#166 = EDGE_LOOP('',(#167));
#167 = ORIENTED_EDGE('',*,*,#168,.F.);
#168 = EDGE_CURVE('',#169,#169,#171,.T.);
#169 = VERTEX_POINT('',#170);
#170 = CARTESIAN_POINT('',(0.66,1.102182119233E-16,0.899909083395));
#171 = B_SPLINE_CURVE_WITH_KNOTS('',6,(#172,#173,#174,#175,#176,#177,
    #178,#179,#180,#181,#182,#183,#184,#185,#186,#187,#188,#189,#190,
    #191,#192,#193,#194,#195,#196,#197,#198,#199,#200,#201,#202,#203,
    #204,#205,#206,#207,#208,#209,#210,#211,#212,#213,#214,#215,#216,
    #217,#218,#219,#220,#221,#222,#223,#224,#225,#226,#227,#228,#229,
    #230,#231,#232,#233,#234,#235,#236,#237,#238,#239,#240,#241,#242,
    #243,#244,#245,#246,#247,#248,#249,#250,#251,#252,#253,#254,#255,
    #256,#257,#258,#259,#260,#261,#262,#263,#264,#265,#266,#267,#268,
    #269,#270,#271,#272,#273,#274,#275,#276,#277,#278,#279,#280,#281,
    #282,#283,#284,#285,#286,#287,#288,#289,#290,#291,#292,#293,#294,
    #295,#296,#297,#298,#299,#300,#301,#302,#303,#304,#305,#306,#307,
    #308,#309,#310,#311,#312,#313,#314,#315,#316,#317,#318,#319,#320,
    #321,#322,#323,#324,#325,#326,#327,#328,#329,#330,#331,#332,#333,
    #334,#335,#336,#337,#338),.UNSPECIFIED.,.T.,.F.,(1,6,5,5,5,5,5,5,5,5
    ,5,5,5,5,5,5,5,5,5,5,5,5,5,5,5,5,5,5,5,5,5,5,5,5,6,1),(
    -3.7441643477E-02,0.,2.521870323933E-02,5.431496394384E-02,
    8.648919549843E-02,0.120700162351,0.155854554579,0.191019956077,
    0.22552099352,0.258944151729,0.291091798271,0.321919308947,
    0.351475044446,0.379851974729,0.407153625953,0.43347490921,
    0.458900868731,0.483545347382,0.505902822615,0.530283950565,
    0.555351989471,0.581274789002,0.608140584187,0.636038742308,
    0.665070462617,0.695336577837,0.72690990423,0.759792997252,
    0.79386262098,0.828806470397,0.864066503475,0.898816439436,
    0.932013287381,0.962558356523,1.,1.025218703239),.UNSPECIFIED.);
#172 = CARTESIAN_POINT('',(0.66,0.,0.899909083395));
#173 = CARTESIAN_POINT('',(0.66,-9.861963323296E-03,0.899909084471));
#174 = CARTESIAN_POINT('',(0.66,-1.960383099012E-02,0.900333558971));
#175 = CARTESIAN_POINT('',(0.66,-2.90667633729E-02,0.901163095205));
#176 = CARTESIAN_POINT('',(0.66,-3.818473840012E-02,0.902336888075));
#177 = CARTESIAN_POINT('',(0.66,-4.697555886318E-02,0.903805406252));
#178 = CARTESIAN_POINT('',(0.66,-6.541217845247E-02,0.907588617289));
#179 = CARTESIAN_POINT('',(0.66,-7.491989955217E-02,0.909985996381));
#180 = CARTESIAN_POINT('',(0.66,-8.408858685729E-02,0.912709602459));
#181 = CARTESIAN_POINT('',(0.66,-9.29431150905E-02,0.915726339128));
#182 = CARTESIAN_POINT('',(0.66,-0.101504886237,0.919011492948));
#183 = CARTESIAN_POINT('',(0.66,-0.118958160976,0.926453793498));
#184 = CARTESIAN_POINT('',(0.66,-0.127787740677,0.930666021227));
#185 = CARTESIAN_POINT('',(0.66,-0.136306213845,0.935155972835));
#186 = CARTESIAN_POINT('',(0.66,-0.144532125259,0.939904061777));
#187 = CARTESIAN_POINT('',(0.66,-0.152479834979,0.944895594586));
#188 = CARTESIAN_POINT('',(0.66,-0.168328675181,0.955672717204));
#189 = CARTESIAN_POINT('',(0.66,-0.176194628708,0.961488338811));
#190 = CARTESIAN_POINT('',(0.66,-0.183772627725,0.967551590964));
#191 = CARTESIAN_POINT('',(0.66,-0.191071921446,0.973851630909));
#192 = CARTESIAN_POINT('',(0.66,-0.19809849539,0.980379998969));
#193 = CARTESIAN_POINT('',(0.66,-0.211800252103,0.99406561399));
#194 = CARTESIAN_POINT('',(0.66,-0.218460183619,1.001235038361));
#195 = CARTESIAN_POINT('',(0.66,-0.224839916669,1.008630424477));
#196 = CARTESIAN_POINT('',(0.66,-0.230940302033,1.016245317007));
#197 = CARTESIAN_POINT('',(0.66,-0.236759778797,1.024074009311));
#198 = CARTESIAN_POINT('',(0.66,-0.247832030244,1.040150827903));
#199 = CARTESIAN_POINT('',(0.66,-0.253084597548,1.048398894868));
#200 = CARTESIAN_POINT('',(0.66,-0.258049056373,1.056850063306));
#201 = CARTESIAN_POINT('',(0.66,-0.262719990238,1.065498702059));
#202 = CARTESIAN_POINT('',(0.66,-0.267090249501,1.07433884651));
#203 = CARTESIAN_POINT('',(0.66,-0.275134936213,1.092219038761));
#204 = CARTESIAN_POINT('',(0.66,-0.278821023102,1.101251941956));
#205 = CARTESIAN_POINT('',(0.66,-0.282200792082,1.110456832947));
#206 = CARTESIAN_POINT('',(0.66,-0.285264705632,1.119826546568));
#207 = CARTESIAN_POINT('',(0.66,-0.288002108658,1.129352827713));
#208 = CARTESIAN_POINT('',(0.66,-0.29272539517,1.148397615962));
#209 = CARTESIAN_POINT('',(0.66,-0.29473218058,1.157906910826));
#210 = CARTESIAN_POINT('',(0.66,-0.296410836061,1.167545600214));
#211 = CARTESIAN_POINT('',(0.66,-0.297750151594,1.177303530334));
#212 = CARTESIAN_POINT('',(0.66,-0.298738455802,1.187169009313));
#213 = CARTESIAN_POINT('',(0.66,-0.299964918417,1.206708514181));
#214 = CARTESIAN_POINT('',(0.66,-0.300230384291,1.216375379318));
#215 = CARTESIAN_POINT('',(0.66,-0.300149186912,1.226117491764));
#216 = CARTESIAN_POINT('',(0.66,-0.299710710819,1.235921272022));
#217 = CARTESIAN_POINT('',(0.66,-0.298904551758,1.245771471938));
#218 = CARTESIAN_POINT('',(0.66,-0.296585103724,1.265125169703));
#219 = CARTESIAN_POINT('',(0.66,-0.295102339165,1.274626258325));
#220 = CARTESIAN_POINT('',(0.66,-0.293263240337,1.284139377081));
#221 = CARTESIAN_POINT('',(0.66,-0.291059628806,1.293647957516));
#222 = CARTESIAN_POINT('',(0.66,-0.288484130363,1.303133926208));
#223 = CARTESIAN_POINT('',(0.66,-0.282698083788,1.321631884472));
#224 = CARTESIAN_POINT('',(0.66,-0.279518227914,1.330647303479));
#225 = CARTESIAN_POINT('',(0.66,-0.275984860345,1.33960658093));
#226 = CARTESIAN_POINT('',(0.66,-0.272093455342,1.348491200819));
#227 = CARTESIAN_POINT('',(0.66,-0.267840708483,1.357281511993));
#228 = CARTESIAN_POINT('',(0.66,-0.258792476906,1.374285940745));
#229 = CARTESIAN_POINT('',(0.66,-0.254025481533,1.382509111114));
#230 = CARTESIAN_POINT('',(0.66,-0.248921768643,1.390607755283));
#231 = CARTESIAN_POINT('',(0.66,-0.243480982245,1.398562700734));
#232 = CARTESIAN_POINT('',(0.66,-0.237704192262,1.406354086406));
#233 = CARTESIAN_POINT('',(0.66,-0.22571513259,1.421280378602));
#234 = CARTESIAN_POINT('',(0.66,-0.219527706492,1.428429037341));
#235 = CARTESIAN_POINT('',(0.66,-0.213033892817,1.435388992124));
#236 = CARTESIAN_POINT('',(0.66,-0.206237433156,1.442141613477));
#237 = CARTESIAN_POINT('',(0.66,-0.199143534101,1.448667989237));
#238 = CARTESIAN_POINT('',(0.66,-0.184639374507,1.46100431938));
#239 = CARTESIAN_POINT('',(0.66,-0.177249666015,1.466831638372));
#240 = CARTESIAN_POINT('',(0.66,-0.169595736209,1.472413656662));
#241 = CARTESIAN_POINT('',(0.66,-0.161685054894,1.477733175901));
#242 = CARTESIAN_POINT('',(0.66,-0.153526567249,1.482773024258));
#243 = CARTESIAN_POINT('',(0.66,-0.137020407721,1.492097753386));
#244 = CARTESIAN_POINT('',(0.66,-0.128688747003,1.496402530856));
#245 = CARTESIAN_POINT('',(0.66,-0.12014499879,1.500414878928));
#246 = CARTESIAN_POINT('',(0.66,-0.111400259626,1.504119593216));
#247 = CARTESIAN_POINT('',(0.66,-0.102467435485,1.507501774849));
#248 = CARTESIAN_POINT('',(0.66,-8.453493192811E-02,1.513498294635));
#249 = CARTESIAN_POINT('',(0.66,-7.554639694304E-02,1.516132890753));
#250 = CARTESIAN_POINT('',(0.66,-6.64085144705E-02,1.518437847791));
#251 = CARTESIAN_POINT('',(0.66,-5.713783351899E-02,1.520400106432));
#252 = CARTESIAN_POINT('',(0.66,-4.775488525608E-02,1.522007764907));
#253 = CARTESIAN_POINT('',(0.66,-2.969295309097E-02,1.524379864025));
#254 = CARTESIAN_POINT('',(0.66,-2.102888075484E-02,1.525208782901));
#255 = CARTESIAN_POINT('',(0.66,-1.231401679426E-02,1.525730893697));
#256 = CARTESIAN_POINT('',(0.66,-3.572675622322E-03,1.525941364018));
#257 = CARTESIAN_POINT('',(0.66,5.168222805428E-03,1.525838983228));
#258 = CARTESIAN_POINT('',(0.66,2.337847467049E-02,1.524978205181));
#259 = CARTESIAN_POINT('',(0.66,3.284375814827E-02,1.524161190409));
#260 = CARTESIAN_POINT('',(0.66,4.224166817951E-02,1.522980309203));
#261 = CARTESIAN_POINT('',(0.66,5.154498116248E-02,1.52144453626));
#262 = CARTESIAN_POINT('',(0.66,6.073223707979E-02,1.519565307122));
#263 = CARTESIAN_POINT('',(0.66,7.909772773064E-02,1.515080653378));
#264 = CARTESIAN_POINT('',(0.66,8.826753248322E-02,1.512456350085));
#265 = CARTESIAN_POINT('',(0.66,9.727917108862E-02,1.509494369221));
#266 = CARTESIAN_POINT('',(0.66,0.106117308319,1.506208374239));
#267 = CARTESIAN_POINT('',(0.66,0.114768939441,1.502612541932));
#268 = CARTESIAN_POINT('',(0.66,0.131966117695,1.494697909774));
#269 = CARTESIAN_POINT('',(0.66,0.140497702999,1.490358571609));
#270 = CARTESIAN_POINT('',(0.66,0.148806061897,1.485719660214));
#271 = CARTESIAN_POINT('',(0.66,0.156880650792,1.480797427009));
#272 = CARTESIAN_POINT('',(0.66,0.164712466725,1.47560826256));
#273 = CARTESIAN_POINT('',(0.66,0.180151423764,1.464531255078));
#274 = CARTESIAN_POINT('',(0.66,0.187739958872,1.458624810593));
#275 = CARTESIAN_POINT('',(0.66,0.195051326582,1.452467732556));
#276 = CARTESIAN_POINT('',(0.66,0.202078661493,1.446078253645));
#277 = CARTESIAN_POINT('',(0.66,0.208816558921,1.439474469779));
#278 = CARTESIAN_POINT('',(0.66,0.221953232148,1.425612904145));
#279 = CARTESIAN_POINT('',(0.66,0.228328983313,1.41833967682));
#280 = CARTESIAN_POINT('',(0.66,0.234383958936,1.410874731309));
#281 = CARTESIAN_POINT('',(0.66,0.240115246881,1.403237638329));
#282 = CARTESIAN_POINT('',(0.66,0.245521392347,1.395447466144));
#283 = CARTESIAN_POINT('',(0.66,0.255889855564,1.379276097975));
#284 = CARTESIAN_POINT('',(0.66,0.260825146013,1.370883681886));
#285 = CARTESIAN_POINT('',(0.66,0.265408341569,1.362366377835));
#286 = CARTESIAN_POINT('',(0.66,0.269640849736,1.353744088225));
#287 = CARTESIAN_POINT('',(0.66,0.273525413156,1.345035772328));
#288 = CARTESIAN_POINT('',(0.66,0.280757352367,1.327109961101));
#289 = CARTESIAN_POINT('',(0.66,0.284074759274,1.317886517643));
#290 = CARTESIAN_POINT('',(0.66,0.287023012024,1.308609403309));
#291 = CARTESIAN_POINT('',(0.66,0.289607802772,1.299297542852));
#292 = CARTESIAN_POINT('',(0.66,0.291835834134,1.289968498384));
#293 = CARTESIAN_POINT('',(0.66,0.295674958709,1.270905470981));
#294 = CARTESIAN_POINT('',(0.66,0.297255116553,1.261171411794));
#295 = CARTESIAN_POINT('',(0.66,0.298464074992,1.251454521799));
#296 = CARTESIAN_POINT('',(0.66,0.299311100714,1.241771401083));
#297 = CARTESIAN_POINT('',(0.66,0.299805944827,1.232137019844));
#298 = CARTESIAN_POINT('',(0.66,0.30011808361,1.212595326012));
#299 = CARTESIAN_POINT('',(0.66,0.299906283631,1.202693348802));
#300 = CARTESIAN_POINT('',(0.66,0.299334987113,1.192873693594));
#301 = CARTESIAN_POINT('',(0.66,0.298415571185,1.183149633751));
#302 = CARTESIAN_POINT('',(0.66,0.297159245916,1.173532809156));
#303 = CARTESIAN_POINT('',(0.66,0.293937772017,1.154190866917));
#304 = CARTESIAN_POINT('',(0.66,0.291948568133,1.144474505513));
#305 = CARTESIAN_POINT('',(0.66,0.289621677512,1.134895129825));
#306 = CARTESIAN_POINT('',(0.66,0.286968496105,1.125462405282));
#307 = CARTESIAN_POINT('',(0.66,0.283999580964,1.116184674916));
#308 = CARTESIAN_POINT('',(0.66,0.277365684897,1.097719334783));
#309 = CARTESIAN_POINT('',(0.66,0.273684712853,1.08854034335));
#310 = CARTESIAN_POINT('',(0.66,0.269692176119,1.079539433524));
#311 = CARTESIAN_POINT('',(0.66,0.265397048483,1.07072335418));
#312 = CARTESIAN_POINT('',(0.66,0.260806835513,1.062098154612));
#313 = CARTESIAN_POINT('',(0.66,0.251004164416,1.045163946312));
#314 = CARTESIAN_POINT('',(0.66,0.245786379559,1.036858764173));
#315 = CARTESIAN_POINT('',(0.66,0.240280407048,1.028758964174));
#316 = CARTESIAN_POINT('',(0.66,0.234490342534,1.020870115558));
#317 = CARTESIAN_POINT('',(0.66,0.228418190257,1.013198030747));
#318 = CARTESIAN_POINT('',(0.66,0.215801462132,0.998407266407));
#319 = CARTESIAN_POINT('',(0.66,0.209265037039,0.991282398269));
#320 = CARTESIAN_POINT('',(0.66,0.202454011648,0.98438004474));
#321 = CARTESIAN_POINT('',(0.66,0.195365844133,0.977707070031));
#322 = CARTESIAN_POINT('',(0.66,0.187995125017,0.971271927442));
#323 = CARTESIAN_POINT('',(0.66,0.173012685338,0.959175110633));
#324 = CARTESIAN_POINT('',(0.66,0.165426730288,0.953491920673));
#325 = CARTESIAN_POINT('',(0.66,0.157566473117,0.948044968651));
#326 = CARTESIAN_POINT('',(0.66,0.149421191466,0.9428457983));
#327 = CARTESIAN_POINT('',(0.66,0.140976348171,0.937909629891));
#328 = CARTESIAN_POINT('',(0.66,0.124148062588,0.928975570166));
#329 = CARTESIAN_POINT('',(0.66,0.115814079383,0.924934455913));
#330 = CARTESIAN_POINT('',(0.66,0.107194119667,0.921149233675));
#331 = CARTESIAN_POINT('',(0.66,9.826941158436E-02,0.91763978502));
#332 = CARTESIAN_POINT('',(0.66,8.901687105598E-02,0.914432779149));
#333 = CARTESIAN_POINT('',(0.66,6.762842160337E-02,0.908048369916));
#334 = CARTESIAN_POINT('',(0.66,5.540310162877E-02,0.905067930004));
#335 = CARTESIAN_POINT('',(0.66,4.253150709481E-02,0.902628405907));
#336 = CARTESIAN_POINT('',(0.66,2.893757304003E-02,0.900850137762));
#337 = CARTESIAN_POINT('',(0.66,1.468319780375E-02,0.899909084997));
#338 = CARTESIAN_POINT('',(0.66,0.,0.899909083395));
#339 = PLANE('',#340);
#340 = AXIS2_PLACEMENT_3D('',#341,#342,#343);
#341 = CARTESIAN_POINT('',(0.66,1.25,1.25));
#342 = DIRECTION('',(-1.,0.,0.));
#343 = DIRECTION('',(0.,0.,-1.));
#344 = ADVANCED_FACE('',(#345),#364,.T.);
#345 = FACE_BOUND('',#346,.T.);
#346 = EDGE_LOOP('',(#347,#356,#362,#363));
#347 = ORIENTED_EDGE('',*,*,#348,.T.);
#348 = EDGE_CURVE('',#349,#349,#351,.T.);
#349 = VERTEX_POINT('',#350);
#350 = CARTESIAN_POINT('',(5.385,1.125,1.25));
#351 = CIRCLE('',#352,1.125);
#352 = AXIS2_PLACEMENT_3D('',#353,#354,#355);
#353 = CARTESIAN_POINT('',(5.385,0.,1.25));
#354 = DIRECTION('',(-1.,0.,0.));
#355 = DIRECTION('',(0.,1.,0.));
#356 = ORIENTED_EDGE('',*,*,#357,.F.);
#357 = EDGE_CURVE('',#149,#349,#358,.T.);
#358 = LINE('',#359,#360);
#359 = CARTESIAN_POINT('',(0.66,1.125,1.25));
#360 = VECTOR('',#361,1.);
#361 = DIRECTION('',(1.,0.,0.));
#362 = ORIENTED_EDGE('',*,*,#148,.F.);
#363 = ORIENTED_EDGE('',*,*,#357,.T.);
#364 = CYLINDRICAL_SURFACE('',#365,1.125);
#365 = AXIS2_PLACEMENT_3D('',#366,#367,#368);
#366 = CARTESIAN_POINT('',(0.66,0.,1.25));
#367 = DIRECTION('',(-1.,-0.,-0.));
#368 = DIRECTION('',(0.,1.,0.));
#369 = ADVANCED_FACE('',(#370),#390,.T.);
#370 = FACE_BOUND('',#371,.T.);
#371 = EDGE_LOOP('',(#372,#381,#388,#389));
#372 = ORIENTED_EDGE('',*,*,#373,.T.);
#373 = EDGE_CURVE('',#374,#374,#376,.T.);
#374 = VERTEX_POINT('',#375);
#375 = CARTESIAN_POINT('',(0.3,0.,0.35));
#376 = CIRCLE('',#377,0.3);
#377 = AXIS2_PLACEMENT_3D('',#378,#379,#380);
#378 = CARTESIAN_POINT('',(0.,0.,0.35));
#379 = DIRECTION('',(0.,0.,1.));
#380 = DIRECTION('',(1.,0.,-0.));
#381 = ORIENTED_EDGE('',*,*,#382,.T.);
#382 = EDGE_CURVE('',#374,#169,#383,.T.);
#383 = CIRCLE('',#384,0.6);
#384 = AXIS2_PLACEMENT_3D('',#385,#386,#387);
#385 = CARTESIAN_POINT('',(0.9,1.102182119233E-16,0.35));
#386 = DIRECTION('',(0.,1.,-0.));
#387 = DIRECTION('',(-1.,0.,4.93432455389E-16));
#388 = ORIENTED_EDGE('',*,*,#168,.T.);
#389 = ORIENTED_EDGE('',*,*,#382,.F.);
#390 = TOROIDAL_SURFACE('',#391,0.9,0.3);
#391 = AXIS2_PLACEMENT_3D('',#392,#393,#394);
#392 = CARTESIAN_POINT('',(0.9,0.,0.35));
#393 = DIRECTION('',(0.,1.,0.));
#394 = DIRECTION('',(-1.,0.,4.93432455389E-16));
#395 = ADVANCED_FACE('',(#396,#407),#410,.T.);
#396 = FACE_BOUND('',#397,.T.);
#397 = EDGE_LOOP('',(#398));
#398 = ORIENTED_EDGE('',*,*,#399,.F.);
#399 = EDGE_CURVE('',#400,#400,#402,.T.);
#400 = VERTEX_POINT('',#401);
#401 = CARTESIAN_POINT('',(5.385,1.25,1.25));
#402 = CIRCLE('',#403,1.25);
#403 = AXIS2_PLACEMENT_3D('',#404,#405,#406);
#404 = CARTESIAN_POINT('',(5.385,0.,1.25));
#405 = DIRECTION('',(1.,0.,0.));
#406 = DIRECTION('',(-0.,1.,0.));
#407 = FACE_BOUND('',#408,.T.);
#408 = EDGE_LOOP('',(#409));
#409 = ORIENTED_EDGE('',*,*,#348,.F.);
#410 = PLANE('',#411);
#411 = AXIS2_PLACEMENT_3D('',#412,#413,#414);
#412 = CARTESIAN_POINT('',(5.385,1.25,1.25));
#413 = DIRECTION('',(-1.,0.,0.));
#414 = DIRECTION('',(0.,0.,-1.));
#415 = ADVANCED_FACE('',(#416),#435,.T.);
#416 = FACE_BOUND('',#417,.T.);
#417 = EDGE_LOOP('',(#418,#426,#427,#428));
#418 = ORIENTED_EDGE('',*,*,#419,.T.);
#419 = EDGE_CURVE('',#420,#374,#422,.T.);
#420 = VERTEX_POINT('',#421);
#421 = CARTESIAN_POINT('',(0.3,-7.347880794884E-17,-3.));
#422 = LINE('',#423,#424);
#423 = CARTESIAN_POINT('',(0.3,0.,-3.));
#424 = VECTOR('',#425,1.);
#425 = DIRECTION('',(0.,0.,1.));
#426 = ORIENTED_EDGE('',*,*,#373,.F.);
#427 = ORIENTED_EDGE('',*,*,#419,.F.);
#428 = ORIENTED_EDGE('',*,*,#429,.T.);
#429 = EDGE_CURVE('',#420,#420,#430,.T.);
#430 = CIRCLE('',#431,0.3);
#431 = AXIS2_PLACEMENT_3D('',#432,#433,#434);
#432 = CARTESIAN_POINT('',(0.,0.,-3.));
#433 = DIRECTION('',(0.,0.,1.));
#434 = DIRECTION('',(1.,0.,-0.));
#435 = CYLINDRICAL_SURFACE('',#436,0.3);
#436 = AXIS2_PLACEMENT_3D('',#437,#438,#439);
#437 = CARTESIAN_POINT('',(0.,0.,-3.));
#438 = DIRECTION('',(0.,0.,1.));
#439 = DIRECTION('',(1.,0.,-0.));
#440 = ADVANCED_FACE('',(#441),#460,.T.);
#441 = FACE_BOUND('',#442,.T.);
#442 = EDGE_LOOP('',(#443,#444,#452,#459));
#443 = ORIENTED_EDGE('',*,*,#399,.T.);
#444 = ORIENTED_EDGE('',*,*,#445,.T.);
#445 = EDGE_CURVE('',#400,#446,#448,.T.);
#446 = VERTEX_POINT('',#447);
#447 = CARTESIAN_POINT('',(6.335,1.25,1.25));
#448 = LINE('',#449,#450);
#449 = CARTESIAN_POINT('',(5.385,1.25,1.25));
#450 = VECTOR('',#451,1.);
#451 = DIRECTION('',(1.,0.,0.));
#452 = ORIENTED_EDGE('',*,*,#453,.F.);
#453 = EDGE_CURVE('',#446,#446,#454,.T.);
#454 = CIRCLE('',#455,1.25);
#455 = AXIS2_PLACEMENT_3D('',#456,#457,#458);
#456 = CARTESIAN_POINT('',(6.335,0.,1.25));
#457 = DIRECTION('',(1.,0.,0.));
#458 = DIRECTION('',(-0.,1.,0.));
#459 = ORIENTED_EDGE('',*,*,#445,.F.);
#460 = CYLINDRICAL_SURFACE('',#461,1.25);
#461 = AXIS2_PLACEMENT_3D('',#462,#463,#464);
#462 = CARTESIAN_POINT('',(5.385,0.,1.25));
#463 = DIRECTION('',(-1.,-0.,-0.));
#464 = DIRECTION('',(0.,1.,0.));
#465 = ADVANCED_FACE('',(#466),#469,.T.);
#466 = FACE_BOUND('',#467,.F.);
#467 = EDGE_LOOP('',(#468));
#468 = ORIENTED_EDGE('',*,*,#429,.T.);
#469 = PLANE('',#470);
#470 = AXIS2_PLACEMENT_3D('',#471,#472,#473);
#471 = CARTESIAN_POINT('',(0.3,0.,-3.));
#472 = DIRECTION('',(0.,0.,-1.));
#473 = DIRECTION('',(-1.,0.,0.));
#474 = ADVANCED_FACE('',(#475),#495,.T.);
#475 = FACE_BOUND('',#476,.T.);
#476 = EDGE_LOOP('',(#477,#486,#487,#488));
#477 = ORIENTED_EDGE('',*,*,#478,.F.);
#478 = EDGE_CURVE('',#446,#479,#481,.T.);
#479 = VERTEX_POINT('',#480);
#480 = CARTESIAN_POINT('',(6.96,0.625,1.25));
#481 = CIRCLE('',#482,0.625);
#482 = AXIS2_PLACEMENT_3D('',#483,#484,#485);
#483 = CARTESIAN_POINT('',(6.335,0.625,1.25));
#484 = DIRECTION('',(0.,0.,-1.));
#485 = DIRECTION('',(0.,1.,0.));
#486 = ORIENTED_EDGE('',*,*,#453,.T.);
#487 = ORIENTED_EDGE('',*,*,#478,.T.);
#488 = ORIENTED_EDGE('',*,*,#489,.F.);
#489 = EDGE_CURVE('',#479,#479,#490,.T.);
#490 = CIRCLE('',#491,0.625);
#491 = AXIS2_PLACEMENT_3D('',#492,#493,#494);
#492 = CARTESIAN_POINT('',(6.96,0.,1.25));
#493 = DIRECTION('',(1.,0.,0.));
#494 = DIRECTION('',(-0.,1.,0.));
#495 = TOROIDAL_SURFACE('',#496,0.625,0.625);
#496 = AXIS2_PLACEMENT_3D('',#497,#498,#499);
#497 = CARTESIAN_POINT('',(6.335,0.,1.25));
#498 = DIRECTION('',(1.,0.,0.));
#499 = DIRECTION('',(-0.,1.,0.));
#500 = ADVANCED_FACE('',(#501,#504),#678,.F.);
#501 = FACE_BOUND('',#502,.F.);
#502 = EDGE_LOOP('',(#503));
#503 = ORIENTED_EDGE('',*,*,#489,.F.);
#504 = FACE_BOUND('',#505,.F.);
#505 = EDGE_LOOP('',(#506));
#506 = ORIENTED_EDGE('',*,*,#507,.F.);
#507 = EDGE_CURVE('',#508,#508,#510,.T.);
#508 = VERTEX_POINT('',#509);
#509 = CARTESIAN_POINT('',(6.96,1.102182119233E-16,0.899909083395));
#510 = B_SPLINE_CURVE_WITH_KNOTS('',6,(#511,#512,#513,#514,#515,#516,
    #517,#518,#519,#520,#521,#522,#523,#524,#525,#526,#527,#528,#529,
    #530,#531,#532,#533,#534,#535,#536,#537,#538,#539,#540,#541,#542,
    #543,#544,#545,#546,#547,#548,#549,#550,#551,#552,#553,#554,#555,
    #556,#557,#558,#559,#560,#561,#562,#563,#564,#565,#566,#567,#568,
    #569,#570,#571,#572,#573,#574,#575,#576,#577,#578,#579,#580,#581,
    #582,#583,#584,#585,#586,#587,#588,#589,#590,#591,#592,#593,#594,
    #595,#596,#597,#598,#599,#600,#601,#602,#603,#604,#605,#606,#607,
    #608,#609,#610,#611,#612,#613,#614,#615,#616,#617,#618,#619,#620,
    #621,#622,#623,#624,#625,#626,#627,#628,#629,#630,#631,#632,#633,
    #634,#635,#636,#637,#638,#639,#640,#641,#642,#643,#644,#645,#646,
    #647,#648,#649,#650,#651,#652,#653,#654,#655,#656,#657,#658,#659,
    #660,#661,#662,#663,#664,#665,#666,#667,#668,#669,#670,#671,#672,
    #673,#674,#675,#676,#677),.UNSPECIFIED.,.T.,.F.,(1,6,5,5,5,5,5,5,5,5
    ,5,5,5,5,5,5,5,5,5,5,5,5,5,5,5,5,5,5,5,5,5,5,5,5,6,1),(
    -3.7454922963E-02,0.,2.522151735631E-02,5.431626764274E-02,
    8.648932873413E-02,0.120698905604,0.15585219498,0.191016701755,
    0.225517033144,0.258939642143,0.291086884381,0.32191412294,
    0.351469698498,0.379846555914,0.407148198058,0.433469525493,
    0.458895614127,0.483540398702,0.505898369155,0.530279933853,
    0.555348100008,0.581270886766,0.608136607836,0.636034631737,
    0.665066137875,0.695331933304,0.726904811218,0.759787311372,
    0.793856187529,0.828799116201,0.864057997078,0.898806507422,
    0.932001552493,0.962545077037,1.,1.025221517356),.UNSPECIFIED.);
#511 = CARTESIAN_POINT('',(6.96,0.,0.899909083395));
#512 = CARTESIAN_POINT('',(6.96,-9.860167462582E-03,0.89990896861));
#513 = CARTESIAN_POINT('',(6.96,-1.96044152314E-02,0.900333777569));
#514 = CARTESIAN_POINT('',(6.96,-2.906856746895E-02,0.901162791225));
#515 = CARTESIAN_POINT('',(6.96,-3.818494668051E-02,0.902337445313));
#516 = CARTESIAN_POINT('',(6.96,-4.697397432956E-02,0.903804960014));
#517 = CARTESIAN_POINT('',(6.96,-6.54122858756E-02,0.907588661461));
#518 = CARTESIAN_POINT('',(6.96,-7.491985816654E-02,0.909985989386));
#519 = CARTESIAN_POINT('',(6.96,-8.408849098391E-02,0.912709553602));
#520 = CARTESIAN_POINT('',(6.96,-9.294310465939E-02,0.915726321464));
#521 = CARTESIAN_POINT('',(6.96,-0.10150496885,0.919011549987));
#522 = CARTESIAN_POINT('',(6.96,-0.118958221281,0.926453836747));
#523 = CARTESIAN_POINT('',(6.96,-0.127787715696,0.930666010737));
#524 = CARTESIAN_POINT('',(6.96,-0.136306161655,0.935155928941));
#525 = CARTESIAN_POINT('',(6.96,-0.144532121634,0.939904049757));
#526 = CARTESIAN_POINT('',(6.96,-0.152479877126,0.944895641374));
#527 = CARTESIAN_POINT('',(6.96,-0.168328600516,0.955672815412));
#528 = CARTESIAN_POINT('',(6.96,-0.176194773963,0.961488214941));
#529 = CARTESIAN_POINT('',(6.96,-0.183772608747,0.967551566344));
#530 = CARTESIAN_POINT('',(6.96,-0.191071765541,0.973851742068));
#531 = CARTESIAN_POINT('',(6.96,-0.198098606692,0.980379951052));
#532 = CARTESIAN_POINT('',(6.96,-0.211800202804,0.994065659178));
#533 = CARTESIAN_POINT('',(6.96,-0.218460270558,1.001234983766));
#534 = CARTESIAN_POINT('',(6.96,-0.224839910615,1.00863041136));
#535 = CARTESIAN_POINT('',(6.96,-0.230940211566,1.016245364777));
#536 = CARTESIAN_POINT('',(6.96,-0.236759839456,1.024073990789));
#537 = CARTESIAN_POINT('',(6.96,-0.247832003876,1.040150861324));
#538 = CARTESIAN_POINT('',(6.96,-0.253084568675,1.048398903269));
#539 = CARTESIAN_POINT('',(6.96,-0.258049049185,1.05685004652));
#540 = CARTESIAN_POINT('',(6.96,-0.2627200155,1.065498685566));
#541 = CARTESIAN_POINT('',(6.96,-0.267090290802,1.074338848812));
#542 = CARTESIAN_POINT('',(6.96,-0.275134913375,1.092219064394));
#543 = CARTESIAN_POINT('',(6.96,-0.278821000575,1.10125194666));
#544 = CARTESIAN_POINT('',(6.96,-0.282200788118,1.110456818481));
#545 = CARTESIAN_POINT('',(6.96,-0.285264726102,1.119826534893));
#546 = CARTESIAN_POINT('',(6.96,-0.288002139566,1.129352832871));
#547 = CARTESIAN_POINT('',(6.96,-0.292725370416,1.148397637921));
#548 = CARTESIAN_POINT('',(6.96,-0.29473215882,1.157906911838));
#549 = CARTESIAN_POINT('',(6.96,-0.296410834199,1.16754558505));
#550 = CARTESIAN_POINT('',(6.96,-0.297750172302,1.177303521997));
#551 = CARTESIAN_POINT('',(6.96,-0.298738484134,1.187169019587));
#552 = CARTESIAN_POINT('',(6.96,-0.29996489055,1.20670853133));
#553 = CARTESIAN_POINT('',(6.96,-0.300230362775,1.216375375657));
#554 = CARTESIAN_POINT('',(6.96,-0.300149187552,1.22611747583));
#555 = CARTESIAN_POINT('',(6.96,-0.299710732489,1.235921267953));
#556 = CARTESIAN_POINT('',(6.96,-0.298904577874,1.245771488577));
#557 = CARTESIAN_POINT('',(6.96,-0.296585075031,1.265125180201));
#558 = CARTESIAN_POINT('',(6.96,-0.295102319855,1.27462625024));
#559 = CARTESIAN_POINT('',(6.96,-0.293263243612,1.284139361954));
#560 = CARTESIAN_POINT('',(6.96,-0.29105964956,1.293647958229));
#561 = CARTESIAN_POINT('',(6.96,-0.288484151749,1.303133947704));
#562 = CARTESIAN_POINT('',(6.96,-0.282698057797,1.321631888118));
#563 = CARTESIAN_POINT('',(6.96,-0.279518212828,1.330647292743));
#564 = CARTESIAN_POINT('',(6.96,-0.275984865526,1.339606568389));
#565 = CARTESIAN_POINT('',(6.96,-0.27209347283,1.348491205415));
#566 = CARTESIAN_POINT('',(6.96,-0.26784072321,1.357281534804));
#567 = CARTESIAN_POINT('',(6.96,-0.258792456003,1.374285939199));
#568 = CARTESIAN_POINT('',(6.96,-0.254025471274,1.382509099941));
#569 = CARTESIAN_POINT('',(6.96,-0.248921774536,1.390607746147));
#570 = CARTESIAN_POINT('',(6.96,-0.24348099529,1.398562707415));
#571 = CARTESIAN_POINT('',(6.96,-0.237704200488,1.406354107177));
#572 = CARTESIAN_POINT('',(6.96,-0.225715116467,1.421280374005));
#573 = CARTESIAN_POINT('',(6.96,-0.219527700064,1.428429026844));
#574 = CARTESIAN_POINT('',(6.96,-0.213033898729,1.435388985848));
#575 = CARTESIAN_POINT('',(6.96,-0.206237442407,1.442141620875));
#576 = CARTESIAN_POINT('',(6.96,-0.199143537578,1.448668007007));
#577 = CARTESIAN_POINT('',(6.96,-0.184639358866,1.461004311837));
#578 = CARTESIAN_POINT('',(6.96,-0.177249661366,1.46683162664));
#579 = CARTESIAN_POINT('',(6.96,-0.169595743404,1.472413651413));
#580 = CARTESIAN_POINT('',(6.96,-0.161685063001,1.477733185029));
#581 = CARTESIAN_POINT('',(6.96,-0.153526567552,1.482773042789));
#582 = CARTESIAN_POINT('',(6.96,-0.137020377957,1.492097733275));
#583 = CARTESIAN_POINT('',(6.96,-0.128688741655,1.496402506097));
#584 = CARTESIAN_POINT('',(6.96,-0.120145015698,1.500414870926));
#585 = CARTESIAN_POINT('',(6.96,-0.111400273136,1.504119613979));
#586 = CARTESIAN_POINT('',(6.96,-0.102467429294,1.507501811642));
#587 = CARTESIAN_POINT('',(6.96,-8.453487359643E-02,1.513498183633));
#588 = CARTESIAN_POINT('',(6.96,-7.554644720911E-02,1.51613308184));
#589 = CARTESIAN_POINT('',(6.96,-6.640854708582E-02,1.518437839156));
#590 = CARTESIAN_POINT('',(6.96,-5.713780068804E-02,1.520399910874));
#591 = CARTESIAN_POINT('',(6.96,-4.775487845774E-02,1.522007893513));
#592 = CARTESIAN_POINT('',(6.96,-2.969292548283E-02,1.52437977876));
#593 = CARTESIAN_POINT('',(6.96,-2.102889094976E-02,1.525208924822));
#594 = CARTESIAN_POINT('',(6.96,-1.231404153143E-02,1.525730890851));
#595 = CARTESIAN_POINT('',(6.96,-3.572679276074E-03,1.525941220805));
#596 = CARTESIAN_POINT('',(6.96,5.168243033088E-03,1.52583907475));
#597 = CARTESIAN_POINT('',(6.96,2.337844678287E-02,1.524978413229));
#598 = CARTESIAN_POINT('',(6.96,3.284373024997E-02,1.524160868463));
#599 = CARTESIAN_POINT('',(6.96,4.224172239025E-02,1.522980299422));
#600 = CARTESIAN_POINT('',(6.96,5.154503802108E-02,1.521444853212));
#601 = CARTESIAN_POINT('',(6.96,6.073215666605E-02,1.519565119195));
#602 = CARTESIAN_POINT('',(6.96,7.909771199475E-02,1.515080715405));
#603 = CARTESIAN_POINT('',(6.96,8.82675531125E-02,1.512456387335));
#604 = CARTESIAN_POINT('',(6.96,9.727920151967E-02,1.509494357792));
#605 = CARTESIAN_POINT('',(6.96,0.106117302403,1.506208331254));
#606 = CARTESIAN_POINT('',(6.96,0.114768890523,1.502612503667));
#607 = CARTESIAN_POINT('',(6.96,0.1319661163,1.494697932395));
#608 = CARTESIAN_POINT('',(6.96,0.140497712216,1.490358583428));
#609 = CARTESIAN_POINT('',(6.96,0.148806071355,1.485719654426));
#610 = CARTESIAN_POINT('',(6.96,0.156880646133,1.480797412311));
#611 = CARTESIAN_POINT('',(6.96,0.164712447986,1.475608252032));
#612 = CARTESIAN_POINT('',(6.96,0.180151425777,1.46453127229));
#613 = CARTESIAN_POINT('',(6.96,0.187739967164,1.45862481836));
#614 = CARTESIAN_POINT('',(6.96,0.195051332691,1.452467727028));
#615 = CARTESIAN_POINT('',(6.96,0.20207865613,1.446078243141));
#616 = CARTESIAN_POINT('',(6.96,0.208816543867,1.439474464151));
#617 = CARTESIAN_POINT('',(6.96,0.221953238059,1.425612923524));
#618 = CARTESIAN_POINT('',(6.96,0.228328994524,1.418339683896));
#619 = CARTESIAN_POINT('',(6.96,0.234383964852,1.410874723556));
#620 = CARTESIAN_POINT('',(6.96,0.240115238483,1.403237627432));
#621 = CARTESIAN_POINT('',(6.96,0.245521373748,1.395447463058));
#622 = CARTESIAN_POINT('',(6.96,0.25588986733,1.379276120213));
#623 = CARTESIAN_POINT('',(6.96,0.260825161615,1.370883687614));
#624 = CARTESIAN_POINT('',(6.96,0.265408347201,1.362366366749));
#625 = CARTESIAN_POINT('',(6.96,0.269640836772,1.353744077057));
#626 = CARTESIAN_POINT('',(6.96,0.273525389215,1.345035773446));
#627 = CARTESIAN_POINT('',(6.96,0.280757370989,1.327109983642));
#628 = CARTESIAN_POINT('',(6.96,0.284074778857,1.317886520225));
#629 = CARTESIAN_POINT('',(6.96,0.28702301626,1.308609389122));
#630 = CARTESIAN_POINT('',(6.96,0.289607785113,1.29929753334));
#631 = CARTESIAN_POINT('',(6.96,0.291835806202,1.289968505808));
#632 = CARTESIAN_POINT('',(6.96,0.295674983107,1.270905490066));
#633 = CARTESIAN_POINT('',(6.96,0.297255138129,1.261171409814));
#634 = CARTESIAN_POINT('',(6.96,0.298464076807,1.251454505978));
#635 = CARTESIAN_POINT('',(6.96,0.299311079865,1.241771395371));
#636 = CARTESIAN_POINT('',(6.96,0.299805916194,1.232137034265));
#637 = CARTESIAN_POINT('',(6.96,0.300118111197,1.212595339038));
#638 = CARTESIAN_POINT('',(6.96,0.299906304864,1.202693342182));
#639 = CARTESIAN_POINT('',(6.96,0.299334986276,1.192873677979));
#640 = CARTESIAN_POINT('',(6.96,0.298415549391,1.183149632812));
#641 = CARTESIAN_POINT('',(6.96,0.29715921972,1.173532829284));
#642 = CARTESIAN_POINT('',(6.96,0.293937801394,1.154190874));
#643 = CARTESIAN_POINT('',(6.96,0.291948588365,1.144474495238));
#644 = CARTESIAN_POINT('',(6.96,0.28962167445,1.134895115228));
#645 = CARTESIAN_POINT('',(6.96,0.286968474246,1.125462408515));
#646 = CARTESIAN_POINT('',(6.96,0.283999557728,1.116184698885));
#647 = CARTESIAN_POINT('',(6.96,0.277365720041,1.097719338125));
#648 = CARTESIAN_POINT('',(6.96,0.273684735103,1.088540329457));
#649 = CARTESIAN_POINT('',(6.96,0.269692170683,1.079539418357));
#650 = CARTESIAN_POINT('',(6.96,0.265397023465,1.070723360764));
#651 = CARTESIAN_POINT('',(6.96,0.260806811571,1.062098183552));
#652 = CARTESIAN_POINT('',(6.96,0.251004219697,1.045163947022));
#653 = CARTESIAN_POINT('',(6.96,0.245786411547,1.036858741787));
#654 = CARTESIAN_POINT('',(6.96,0.240280395782,1.028758943151));
#655 = CARTESIAN_POINT('',(6.96,0.234490304979,1.02087012779));
#656 = CARTESIAN_POINT('',(6.96,0.22841815861,1.013198074729));
#657 = CARTESIAN_POINT('',(6.96,0.215801547815,0.998407234883));
#658 = CARTESIAN_POINT('',(6.96,0.209264913083,0.99128247471));
#659 = CARTESIAN_POINT('',(6.96,0.202454000094,0.984380026053));
#660 = CARTESIAN_POINT('',(6.96,0.195365961507,0.977706983911));
#661 = CARTESIAN_POINT('',(6.96,0.187995061392,0.971271997058));
#662 = CARTESIAN_POINT('',(6.96,0.173012837564,0.959175029375));
#663 = CARTESIAN_POINT('',(6.96,0.165426529007,0.953492099376));
#664 = CARTESIAN_POINT('',(6.96,0.157566437944,0.948044934321));
#665 = CARTESIAN_POINT('',(6.96,0.149421373308,0.942845601948));
#666 = CARTESIAN_POINT('',(6.96,0.140976264593,0.937909781461));
#667 = CARTESIAN_POINT('',(6.96,0.124148131162,0.928975627958));
#668 = CARTESIAN_POINT('',(6.96,0.115814071992,0.924934439518));
#669 = CARTESIAN_POINT('',(6.96,0.107194037794,0.921149181784));
#670 = CARTESIAN_POINT('',(6.96,9.826937450524E-02,0.917639774974));
#671 = CARTESIAN_POINT('',(6.96,8.901696421491E-02,0.914432828225));
#672 = CARTESIAN_POINT('',(6.96,6.762356037127E-02,0.908046964389));
#673 = CARTESIAN_POINT('',(6.96,5.540377745077E-02,0.905068595899));
#674 = CARTESIAN_POINT('',(6.96,4.253681255711E-02,0.902629529668));
#675 = CARTESIAN_POINT('',(6.96,2.893994360873E-02,0.900849442899));
#676 = CARTESIAN_POINT('',(6.96,1.46772221458E-02,0.899909046356));
#677 = CARTESIAN_POINT('',(6.96,0.,0.899909083395));
#678 = PLANE('',#679);
#679 = AXIS2_PLACEMENT_3D('',#680,#681,#682);
#680 = CARTESIAN_POINT('',(6.96,1.25,1.25));
#681 = DIRECTION('',(-1.,0.,0.));
#682 = DIRECTION('',(0.,0.,-1.));
#683 = ADVANCED_FACE('',(#684),#704,.T.);
#684 = FACE_BOUND('',#685,.T.);
#685 = EDGE_LOOP('',(#686,#687,#696,#703));
#686 = ORIENTED_EDGE('',*,*,#507,.F.);
#687 = ORIENTED_EDGE('',*,*,#688,.T.);
#688 = EDGE_CURVE('',#508,#689,#691,.T.);
#689 = VERTEX_POINT('',#690);
#690 = CARTESIAN_POINT('',(7.32,0.,0.35));
#691 = CIRCLE('',#692,0.6);
#692 = AXIS2_PLACEMENT_3D('',#693,#694,#695);
#693 = CARTESIAN_POINT('',(6.72,1.102182119233E-16,0.35));
#694 = DIRECTION('',(0.,1.,0.));
#695 = DIRECTION('',(0.,-0.,1.));
#696 = ORIENTED_EDGE('',*,*,#697,.T.);
#697 = EDGE_CURVE('',#689,#689,#698,.T.);
#698 = CIRCLE('',#699,0.3);
#699 = AXIS2_PLACEMENT_3D('',#700,#701,#702);
#700 = CARTESIAN_POINT('',(7.62,0.,0.35));
#701 = DIRECTION('',(3.828568698927E-16,-0.,1.));
#702 = DIRECTION('',(1.,0.,-3.828568698927E-16));
#703 = ORIENTED_EDGE('',*,*,#688,.F.);
#704 = TOROIDAL_SURFACE('',#705,0.9,0.3);
#705 = AXIS2_PLACEMENT_3D('',#706,#707,#708);
#706 = CARTESIAN_POINT('',(6.72,0.,0.35));
#707 = DIRECTION('',(0.,1.,0.));
#708 = DIRECTION('',(0.,-0.,1.));
#709 = ADVANCED_FACE('',(#710),#729,.T.);
#710 = FACE_BOUND('',#711,.T.);
#711 = EDGE_LOOP('',(#712,#720,#727,#728));
#712 = ORIENTED_EDGE('',*,*,#713,.T.);
#713 = EDGE_CURVE('',#689,#714,#716,.T.);
#714 = VERTEX_POINT('',#715);
#715 = CARTESIAN_POINT('',(7.32,-7.347880794884E-17,-3.));
#716 = LINE('',#717,#718);
#717 = CARTESIAN_POINT('',(7.32,0.,0.35));
#718 = VECTOR('',#719,1.);
#719 = DIRECTION('',(0.,0.,-1.));
#720 = ORIENTED_EDGE('',*,*,#721,.F.);
#721 = EDGE_CURVE('',#714,#714,#722,.T.);
#722 = CIRCLE('',#723,0.3);
#723 = AXIS2_PLACEMENT_3D('',#724,#725,#726);
#724 = CARTESIAN_POINT('',(7.62,0.,-3.));
#725 = DIRECTION('',(0.,0.,-1.));
#726 = DIRECTION('',(-1.,0.,0.));
#727 = ORIENTED_EDGE('',*,*,#713,.F.);
#728 = ORIENTED_EDGE('',*,*,#697,.F.);
#729 = CYLINDRICAL_SURFACE('',#730,0.3);
#730 = AXIS2_PLACEMENT_3D('',#731,#732,#733);
#731 = CARTESIAN_POINT('',(7.62,0.,0.35));
#732 = DIRECTION('',(0.,0.,-1.));
#733 = DIRECTION('',(-1.,0.,0.));
#734 = ADVANCED_FACE('',(#735),#738,.F.);
#735 = FACE_BOUND('',#736,.T.);
#736 = EDGE_LOOP('',(#737));
#737 = ORIENTED_EDGE('',*,*,#721,.T.);
#738 = PLANE('',#739);
#739 = AXIS2_PLACEMENT_3D('',#740,#741,#742);
#740 = CARTESIAN_POINT('',(7.32,0.,-3.));
#741 = DIRECTION('',(0.,0.,1.));
#742 = DIRECTION('',(1.,0.,-0.));
#743 = ( GEOMETRIC_REPRESENTATION_CONTEXT(3) 
GLOBAL_UNCERTAINTY_ASSIGNED_CONTEXT((#747)) GLOBAL_UNIT_ASSIGNED_CONTEXT
((#744,#745,#746)) REPRESENTATION_CONTEXT('Context #1',
  '3D Context with UNIT and UNCERTAINTY') );
#744 = ( LENGTH_UNIT() NAMED_UNIT(*) SI_UNIT(.MILLI.,.METRE.) );
#745 = ( NAMED_UNIT(*) PLANE_ANGLE_UNIT() SI_UNIT($,.RADIAN.) );
#746 = ( NAMED_UNIT(*) SI_UNIT($,.STERADIAN.) SOLID_ANGLE_UNIT() );
#747 = UNCERTAINTY_MEASURE_WITH_UNIT(LENGTH_MEASURE(1.E-07),#744,
  'distance_accuracy_value','confusion accuracy');
#748 = CONTEXT_DEPENDENT_SHAPE_REPRESENTATION(#749,#751);
#749 = ( REPRESENTATION_RELATIONSHIP('','',#79,#56) 
REPRESENTATION_RELATIONSHIP_WITH_TRANSFORMATION(#750) 
SHAPE_REPRESENTATION_RELATIONSHIP() );
#750 = ITEM_DEFINED_TRANSFORMATION('','',#11,#57);
#751 = PRODUCT_DEFINITION_SHAPE('Placement','Placement of an item',#752
  );
#752 = NEXT_ASSEMBLY_USAGE_OCCURRENCE('1','=>[0:1:1:3]','',#51,#74,$);
#753 = PRODUCT_RELATED_PRODUCT_CATEGORY('part',$,(#76));
#754 = CONTEXT_DEPENDENT_SHAPE_REPRESENTATION(#755,#757);
#755 = ( REPRESENTATION_RELATIONSHIP('','',#56,#10) 
REPRESENTATION_RELATIONSHIP_WITH_TRANSFORMATION(#756) 
SHAPE_REPRESENTATION_RELATIONSHIP() );
#756 = ITEM_DEFINED_TRANSFORMATION('','',#11,#19);
#757 = PRODUCT_DEFINITION_SHAPE('Placement','Placement of an item',#758
  );
#758 = NEXT_ASSEMBLY_USAGE_OCCURRENCE('3','R3','',#5,#51,$);
#759 = CONTEXT_DEPENDENT_SHAPE_REPRESENTATION(#760,#762);
#760 = ( REPRESENTATION_RELATIONSHIP('','',#56,#10) 
REPRESENTATION_RELATIONSHIP_WITH_TRANSFORMATION(#761) 
SHAPE_REPRESENTATION_RELATIONSHIP() );
#761 = ITEM_DEFINED_TRANSFORMATION('','',#11,#23);
#762 = PRODUCT_DEFINITION_SHAPE('Placement','Placement of an item',#763
  );
#763 = NEXT_ASSEMBLY_USAGE_OCCURRENCE('4','R4','',#5,#51,$);
#764 = CONTEXT_DEPENDENT_SHAPE_REPRESENTATION(#765,#767);
#765 = ( REPRESENTATION_RELATIONSHIP('','',#56,#10) 
REPRESENTATION_RELATIONSHIP_WITH_TRANSFORMATION(#766) 
SHAPE_REPRESENTATION_RELATIONSHIP() );
#766 = ITEM_DEFINED_TRANSFORMATION('','',#11,#27);
#767 = PRODUCT_DEFINITION_SHAPE('Placement','Placement of an item',#768
  );
#768 = NEXT_ASSEMBLY_USAGE_OCCURRENCE('5','R7','',#5,#51,$);
#769 = SHAPE_DEFINITION_REPRESENTATION(#770,#776);
#770 = PRODUCT_DEFINITION_SHAPE('','',#771);
#771 = PRODUCT_DEFINITION('design','',#772,#775);
#772 = PRODUCT_DEFINITION_FORMATION('','',#773);
#773 = PRODUCT('JST_XH_S3B-XH-A_1x03_P2.50mm_Horizontal',
  'JST_XH_S3B-XH-A_1x03_P2.50mm_Horizontal','',(#774));
#774 = PRODUCT_CONTEXT('',#2,'mechanical');
#775 = PRODUCT_DEFINITION_CONTEXT('part definition',#2,'design');
#776 = SHAPE_REPRESENTATION('',(#11,#777),#781);
#777 = AXIS2_PLACEMENT_3D('',#778,#779,#780);
#778 = CARTESIAN_POINT('',(0.,0.,0.));
#779 = DIRECTION('',(0.,0.,1.));
#780 = DIRECTION('',(1.,0.,-0.));
#781 = ( GEOMETRIC_REPRESENTATION_CONTEXT(3) 
GLOBAL_UNCERTAINTY_ASSIGNED_CONTEXT((#785)) GLOBAL_UNIT_ASSIGNED_CONTEXT
((#782,#783,#784)) REPRESENTATION_CONTEXT('Context #1',
  '3D Context with UNIT and UNCERTAINTY') );
#782 = ( LENGTH_UNIT() NAMED_UNIT(*) SI_UNIT(.MILLI.,.METRE.) );
#783 = ( NAMED_UNIT(*) PLANE_ANGLE_UNIT() SI_UNIT($,.RADIAN.) );
#784 = ( NAMED_UNIT(*) SI_UNIT($,.STERADIAN.) SOLID_ANGLE_UNIT() );
#785 = UNCERTAINTY_MEASURE_WITH_UNIT(LENGTH_MEASURE(1.E-07),#782,
  'distance_accuracy_value','confusion accuracy');
#786 = CONTEXT_DEPENDENT_SHAPE_REPRESENTATION(#787,#789);
#787 = ( REPRESENTATION_RELATIONSHIP('','',#776,#10) 
REPRESENTATION_RELATIONSHIP_WITH_TRANSFORMATION(#788) 
SHAPE_REPRESENTATION_RELATIONSHIP() );
#788 = ITEM_DEFINED_TRANSFORMATION('','',#11,#31);
#789 = PRODUCT_DEFINITION_SHAPE('Placement','Placement of an item',#790
  );
#790 = NEXT_ASSEMBLY_USAGE_OCCURRENCE('7','J1','',#5,#771,$);
#791 = PRODUCT_RELATED_PRODUCT_CATEGORY('part',$,(#773));
#792 = SHAPE_DEFINITION_REPRESENTATION(#793,#799);
#793 = PRODUCT_DEFINITION_SHAPE('','',#794);
#794 = PRODUCT_DEFINITION('design','',#795,#798);
#795 = PRODUCT_DEFINITION_FORMATION('','',#796);
#796 = PRODUCT('JST_S3B_XH_A','JST_S3B_XH_A','',(#797));
#797 = PRODUCT_CONTEXT('',#2,'mechanical');
#798 = PRODUCT_DEFINITION_CONTEXT('part definition',#2,'design');
#799 = ADVANCED_BREP_SHAPE_REPRESENTATION('',(#11,#800),#4993);
#800 = MANIFOLD_SOLID_BREP('',#801);
#801 = CLOSED_SHELL('',(#802,#938,#985,#1025,#1049,#1089,#1113,#1153,
    #1177,#1217,#1241,#1281,#1305,#1345,#1385,#1425,#1513,#1546,#1734,
    #1758,#1823,#1840,#1886,#1903,#1949,#1966,#2012,#2036,#2101,#2118,
    #2130,#2161,#2186,#2203,#2235,#2259,#2276,#2288,#2312,#2336,#2360,
    #2384,#2408,#2433,#2457,#2481,#2505,#2529,#2553,#2578,#2602,#2626,
    #2650,#2674,#2691,#2715,#2740,#2798,#2829,#2919,#2943,#3026,#3091,
    #3115,#3173,#3190,#3287,#3311,#3401,#3418,#3443,#3460,#3487,#3514,
    #3531,#3645,#3662,#3679,#3696,#3713,#3746,#3786,#3817,#3834,#3846,
    #3879,#3896,#3913,#3944,#3966,#3978,#4009,#4026,#4043,#4060,#4093,
    #4133,#4164,#4181,#4198,#4210,#4243,#4274,#4298,#4322,#4339,#4370,
    #4394,#4418,#4435,#4466,#4490,#4514,#4531,#4548,#4565,#4577,#4594,
    #4611,#4623,#4640,#4657,#4669,#4700,#4724,#4748,#4765,#4796,#4820,
    #4844,#4861,#4892,#4916,#4940,#4957,#4969,#4981));
#802 = ADVANCED_FACE('',(#803),#933,.F.);
#803 = FACE_BOUND('',#804,.F.);
#804 = EDGE_LOOP('',(#805,#815,#823,#831,#839,#847,#855,#863,#871,#879,
    #887,#895,#903,#911,#919,#927));
#805 = ORIENTED_EDGE('',*,*,#806,.F.);
#806 = EDGE_CURVE('',#807,#809,#811,.T.);
#807 = VERTEX_POINT('',#808);
#808 = CARTESIAN_POINT('',(-1.95,-2.2,0.35));
#809 = VERTEX_POINT('',#810);
#810 = CARTESIAN_POINT('',(-0.75,-2.2,0.35));
#811 = LINE('',#812,#813);
#812 = CARTESIAN_POINT('',(-2.45,-2.2,0.35));
#813 = VECTOR('',#814,1.);
#814 = DIRECTION('',(1.,-1.224646799147E-16,0.));
#815 = ORIENTED_EDGE('',*,*,#816,.F.);
#816 = EDGE_CURVE('',#817,#807,#819,.T.);
#817 = VERTEX_POINT('',#818);
#818 = CARTESIAN_POINT('',(-1.95,-9.2,0.35));
#819 = LINE('',#820,#821);
#820 = CARTESIAN_POINT('',(-1.95,-9.2,0.35));
#821 = VECTOR('',#822,1.);
#822 = DIRECTION('',(1.224646799147E-16,1.,0.));
#823 = ORIENTED_EDGE('',*,*,#824,.T.);
#824 = EDGE_CURVE('',#817,#825,#827,.T.);
#825 = VERTEX_POINT('',#826);
#826 = CARTESIAN_POINT('',(6.95,-9.2,0.35));
#827 = LINE('',#828,#829);
#828 = CARTESIAN_POINT('',(-2.45,-9.2,0.35));
#829 = VECTOR('',#830,1.);
#830 = DIRECTION('',(1.,-1.224646799147E-16,0.));
#831 = ORIENTED_EDGE('',*,*,#832,.T.);
#832 = EDGE_CURVE('',#825,#833,#835,.T.);
#833 = VERTEX_POINT('',#834);
#834 = CARTESIAN_POINT('',(6.95,-2.2,0.35));
#835 = LINE('',#836,#837);
#836 = CARTESIAN_POINT('',(6.95,-9.2,0.35));
#837 = VECTOR('',#838,1.);
#838 = DIRECTION('',(1.224646799147E-16,1.,0.));
#839 = ORIENTED_EDGE('',*,*,#840,.F.);
#840 = EDGE_CURVE('',#841,#833,#843,.T.);
#841 = VERTEX_POINT('',#842);
#842 = CARTESIAN_POINT('',(5.75,-2.2,0.35));
#843 = LINE('',#844,#845);
#844 = CARTESIAN_POINT('',(-2.45,-2.2,0.35));
#845 = VECTOR('',#846,1.);
#846 = DIRECTION('',(1.,-1.224646799147E-16,0.));
#847 = ORIENTED_EDGE('',*,*,#848,.F.);
#848 = EDGE_CURVE('',#849,#841,#851,.T.);
#849 = VERTEX_POINT('',#850);
#850 = CARTESIAN_POINT('',(5.75,-3.2,0.35));
#851 = LINE('',#852,#853);
#852 = CARTESIAN_POINT('',(5.75,-3.2,0.35));
#853 = VECTOR('',#854,1.);
#854 = DIRECTION('',(1.224646799147E-16,1.,-1.110223024625E-16));
#855 = ORIENTED_EDGE('',*,*,#856,.T.);
#856 = EDGE_CURVE('',#849,#857,#859,.T.);
#857 = VERTEX_POINT('',#858);
#858 = CARTESIAN_POINT('',(4.25,-3.2,0.35));
#859 = LINE('',#860,#861);
#860 = CARTESIAN_POINT('',(5.75,-3.2,0.35));
#861 = VECTOR('',#862,1.);
#862 = DIRECTION('',(-1.,1.224646799147E-16,0.));
#863 = ORIENTED_EDGE('',*,*,#864,.T.);
#864 = EDGE_CURVE('',#857,#865,#867,.T.);
#865 = VERTEX_POINT('',#866);
#866 = CARTESIAN_POINT('',(4.25,-2.2,0.35));
#867 = LINE('',#868,#869);
#868 = CARTESIAN_POINT('',(4.25,-3.2,0.35));
#869 = VECTOR('',#870,1.);
#870 = DIRECTION('',(1.224646799147E-16,1.,-1.110223024625E-16));
#871 = ORIENTED_EDGE('',*,*,#872,.F.);
#872 = EDGE_CURVE('',#873,#865,#875,.T.);
#873 = VERTEX_POINT('',#874);
#874 = CARTESIAN_POINT('',(3.25,-2.2,0.35));
#875 = LINE('',#876,#877);
#876 = CARTESIAN_POINT('',(-2.45,-2.2,0.35));
#877 = VECTOR('',#878,1.);
#878 = DIRECTION('',(1.,-1.224646799147E-16,0.));
#879 = ORIENTED_EDGE('',*,*,#880,.F.);
#880 = EDGE_CURVE('',#881,#873,#883,.T.);
#881 = VERTEX_POINT('',#882);
#882 = CARTESIAN_POINT('',(3.25,-3.2,0.35));
#883 = LINE('',#884,#885);
#884 = CARTESIAN_POINT('',(3.25,-3.2,0.35));
#885 = VECTOR('',#886,1.);
#886 = DIRECTION('',(1.224646799147E-16,1.,-1.110223024625E-16));
#887 = ORIENTED_EDGE('',*,*,#888,.T.);
#888 = EDGE_CURVE('',#881,#889,#891,.T.);
#889 = VERTEX_POINT('',#890);
#890 = CARTESIAN_POINT('',(1.75,-3.2,0.35));
#891 = LINE('',#892,#893);
#892 = CARTESIAN_POINT('',(3.25,-3.2,0.35));
#893 = VECTOR('',#894,1.);
#894 = DIRECTION('',(-1.,1.224646799147E-16,0.));
#895 = ORIENTED_EDGE('',*,*,#896,.T.);
#896 = EDGE_CURVE('',#889,#897,#899,.T.);
#897 = VERTEX_POINT('',#898);
#898 = CARTESIAN_POINT('',(1.75,-2.2,0.35));
#899 = LINE('',#900,#901);
#900 = CARTESIAN_POINT('',(1.75,-3.2,0.35));
#901 = VECTOR('',#902,1.);
#902 = DIRECTION('',(1.224646799147E-16,1.,-1.110223024625E-16));
#903 = ORIENTED_EDGE('',*,*,#904,.F.);
#904 = EDGE_CURVE('',#905,#897,#907,.T.);
#905 = VERTEX_POINT('',#906);
#906 = CARTESIAN_POINT('',(0.75,-2.2,0.35));
#907 = LINE('',#908,#909);
#908 = CARTESIAN_POINT('',(-2.45,-2.2,0.35));
#909 = VECTOR('',#910,1.);
#910 = DIRECTION('',(1.,-1.224646799147E-16,0.));
#911 = ORIENTED_EDGE('',*,*,#912,.F.);
#912 = EDGE_CURVE('',#913,#905,#915,.T.);
#913 = VERTEX_POINT('',#914);
#914 = CARTESIAN_POINT('',(0.75,-3.2,0.35));
#915 = LINE('',#916,#917);
#916 = CARTESIAN_POINT('',(0.75,-3.2,0.35));
#917 = VECTOR('',#918,1.);
#918 = DIRECTION('',(1.224646799147E-16,1.,-1.110223024625E-16));
#919 = ORIENTED_EDGE('',*,*,#920,.T.);
#920 = EDGE_CURVE('',#913,#921,#923,.T.);
#921 = VERTEX_POINT('',#922);
#922 = CARTESIAN_POINT('',(-0.75,-3.2,0.35));
#923 = LINE('',#924,#925);
#924 = CARTESIAN_POINT('',(0.75,-3.2,0.35));
#925 = VECTOR('',#926,1.);
#926 = DIRECTION('',(-1.,1.224646799147E-16,0.));
#927 = ORIENTED_EDGE('',*,*,#928,.T.);
#928 = EDGE_CURVE('',#921,#809,#929,.T.);
#929 = LINE('',#930,#931);
#930 = CARTESIAN_POINT('',(-0.75,-3.2,0.35));
#931 = VECTOR('',#932,1.);
#932 = DIRECTION('',(1.224646799147E-16,1.,-1.110223024625E-16));
#933 = PLANE('',#934);
#934 = AXIS2_PLACEMENT_3D('',#935,#936,#937);
#935 = CARTESIAN_POINT('',(-2.45,-2.2,0.35));
#936 = DIRECTION('',(1.359631073447E-32,1.110223024625E-16,1.));
#937 = DIRECTION('',(1.,-1.224646799147E-16,-6.927121900793E-45));
#938 = ADVANCED_FACE('',(#939),#980,.F.);
#939 = FACE_BOUND('',#940,.F.);
#940 = EDGE_LOOP('',(#941,#951,#959,#967,#973,#974));
#941 = ORIENTED_EDGE('',*,*,#942,.T.);
#942 = EDGE_CURVE('',#943,#945,#947,.T.);
#943 = VERTEX_POINT('',#944);
#944 = CARTESIAN_POINT('',(-0.75,-2.2,6.1));
#945 = VERTEX_POINT('',#946);
#946 = CARTESIAN_POINT('',(-2.45,-2.2,6.1));
#947 = LINE('',#948,#949);
#948 = CARTESIAN_POINT('',(7.45,-2.2,6.1));
#949 = VECTOR('',#950,1.);
#950 = DIRECTION('',(-1.,1.224646799147E-16,0.));
#951 = ORIENTED_EDGE('',*,*,#952,.T.);
#952 = EDGE_CURVE('',#945,#953,#955,.T.);
#953 = VERTEX_POINT('',#954);
#954 = CARTESIAN_POINT('',(-2.45,-2.2,5.35));
#955 = LINE('',#956,#957);
#956 = CARTESIAN_POINT('',(-2.45,-2.2,6.1));
#957 = VECTOR('',#958,1.);
#958 = DIRECTION('',(-1.359631073447E-32,-1.110223024625E-16,-1.));
#959 = ORIENTED_EDGE('',*,*,#960,.F.);
#960 = EDGE_CURVE('',#961,#953,#963,.T.);
#961 = VERTEX_POINT('',#962);
#962 = CARTESIAN_POINT('',(-1.95,-2.2,5.35));
#963 = LINE('',#964,#965);
#964 = CARTESIAN_POINT('',(-1.95,-2.2,5.35));
#965 = VECTOR('',#966,1.);
#966 = DIRECTION('',(-1.,1.224646799147E-16,0.));
#967 = ORIENTED_EDGE('',*,*,#968,.F.);
#968 = EDGE_CURVE('',#807,#961,#969,.T.);
#969 = LINE('',#970,#971);
#970 = CARTESIAN_POINT('',(-1.95,-2.2,0.35));
#971 = VECTOR('',#972,1.);
#972 = DIRECTION('',(0.,0.,1.));
#973 = ORIENTED_EDGE('',*,*,#806,.T.);
#974 = ORIENTED_EDGE('',*,*,#975,.T.);
#975 = EDGE_CURVE('',#809,#943,#976,.T.);
#976 = LINE('',#977,#978);
#977 = CARTESIAN_POINT('',(-0.75,-2.2,0.35));
#978 = VECTOR('',#979,1.);
#979 = DIRECTION('',(1.359631073447E-32,1.110223024625E-16,1.));
#980 = PLANE('',#981);
#981 = AXIS2_PLACEMENT_3D('',#982,#983,#984);
#982 = CARTESIAN_POINT('',(2.5,-2.2,3.225));
#983 = DIRECTION('',(-1.224646799147E-16,-1.,1.110223024625E-16));
#984 = DIRECTION('',(-1.,1.224646799147E-16,0.));
#985 = ADVANCED_FACE('',(#986),#1020,.T.);
#986 = FACE_BOUND('',#987,.T.);
#987 = EDGE_LOOP('',(#988,#996,#1004,#1012,#1018,#1019));
#988 = ORIENTED_EDGE('',*,*,#989,.T.);
#989 = EDGE_CURVE('',#943,#990,#992,.T.);
#990 = VERTEX_POINT('',#991);
#991 = CARTESIAN_POINT('',(-0.75,-3.2,6.1));
#992 = LINE('',#993,#994);
#993 = CARTESIAN_POINT('',(-0.75,-2.2,6.1));
#994 = VECTOR('',#995,1.);
#995 = DIRECTION('',(-1.224646799147E-16,-1.,1.110223024625E-16));
#996 = ORIENTED_EDGE('',*,*,#997,.T.);
#997 = EDGE_CURVE('',#990,#998,#1000,.T.);
#998 = VERTEX_POINT('',#999);
#999 = CARTESIAN_POINT('',(-0.75,-2.5,4.25));
#1000 = LINE('',#1001,#1002);
#1001 = CARTESIAN_POINT('',(-0.75,-3.2,6.1));
#1002 = VECTOR('',#1003,1.);
#1003 = DIRECTION('',(4.33392824344E-17,0.353892097416,-0.935286257456)
  );
#1004 = ORIENTED_EDGE('',*,*,#1005,.T.);
#1005 = EDGE_CURVE('',#998,#1006,#1008,.T.);
#1006 = VERTEX_POINT('',#1007);
#1007 = CARTESIAN_POINT('',(-0.75,-2.5,3.25));
#1008 = LINE('',#1009,#1010);
#1009 = CARTESIAN_POINT('',(-0.75,-2.5,4.25));
#1010 = VECTOR('',#1011,1.);
#1011 = DIRECTION('',(-1.359631073447E-32,-1.110223024625E-16,-1.));
#1012 = ORIENTED_EDGE('',*,*,#1013,.T.);
#1013 = EDGE_CURVE('',#1006,#921,#1014,.T.);
#1014 = LINE('',#1015,#1016);
#1015 = CARTESIAN_POINT('',(-0.75,-2.5,3.25));
#1016 = VECTOR('',#1017,1.);
#1017 = DIRECTION('',(-2.87351777816E-17,-0.234640533104,-0.972082208573
    ));
#1018 = ORIENTED_EDGE('',*,*,#928,.T.);
#1019 = ORIENTED_EDGE('',*,*,#975,.T.);
#1020 = PLANE('',#1021);
#1021 = AXIS2_PLACEMENT_3D('',#1022,#1023,#1024);
#1022 = CARTESIAN_POINT('',(-0.75,-2.530008245993,3.234548643504));
#1023 = DIRECTION('',(1.,-1.224646799147E-16,6.435104022508E-33));
#1024 = DIRECTION('',(1.224646799147E-16,1.,-1.110223024625E-16));
#1025 = ADVANCED_FACE('',(#1026),#1044,.F.);
#1026 = FACE_BOUND('',#1027,.F.);
#1027 = EDGE_LOOP('',(#1028,#1036,#1037,#1038));
#1028 = ORIENTED_EDGE('',*,*,#1029,.T.);
#1029 = EDGE_CURVE('',#1030,#1006,#1032,.T.);
#1030 = VERTEX_POINT('',#1031);
#1031 = CARTESIAN_POINT('',(0.75,-2.5,3.25));
#1032 = LINE('',#1033,#1034);
#1033 = CARTESIAN_POINT('',(0.75,-2.5,3.25));
#1034 = VECTOR('',#1035,1.);
#1035 = DIRECTION('',(-1.,1.224646799147E-16,0.));
#1036 = ORIENTED_EDGE('',*,*,#1013,.T.);
#1037 = ORIENTED_EDGE('',*,*,#920,.F.);
#1038 = ORIENTED_EDGE('',*,*,#1039,.F.);
#1039 = EDGE_CURVE('',#1030,#913,#1040,.T.);
#1040 = LINE('',#1041,#1042);
#1041 = CARTESIAN_POINT('',(0.75,-2.5,3.25));
#1042 = VECTOR('',#1043,1.);
#1043 = DIRECTION('',(-2.87351777816E-17,-0.234640533104,-0.972082208573
    ));
#1044 = PLANE('',#1045);
#1045 = AXIS2_PLACEMENT_3D('',#1046,#1047,#1048);
#1046 = CARTESIAN_POINT('',(0.75,-2.5,3.25));
#1047 = DIRECTION('',(-1.190457365237E-16,-0.972082208573,0.234640533104
    ));
#1048 = DIRECTION('',(-2.87351777816E-17,-0.234640533104,-0.972082208573
    ));
#1049 = ADVANCED_FACE('',(#1050),#1084,.F.);
#1050 = FACE_BOUND('',#1051,.F.);
#1051 = EDGE_LOOP('',(#1052,#1062,#1070,#1076,#1077,#1078));
#1052 = ORIENTED_EDGE('',*,*,#1053,.T.);
#1053 = EDGE_CURVE('',#1054,#1056,#1058,.T.);
#1054 = VERTEX_POINT('',#1055);
#1055 = CARTESIAN_POINT('',(0.75,-2.2,6.1));
#1056 = VERTEX_POINT('',#1057);
#1057 = CARTESIAN_POINT('',(0.75,-3.2,6.1));
#1058 = LINE('',#1059,#1060);
#1059 = CARTESIAN_POINT('',(0.75,-2.2,6.1));
#1060 = VECTOR('',#1061,1.);
#1061 = DIRECTION('',(-1.224646799147E-16,-1.,1.110223024625E-16));
#1062 = ORIENTED_EDGE('',*,*,#1063,.T.);
#1063 = EDGE_CURVE('',#1056,#1064,#1066,.T.);
#1064 = VERTEX_POINT('',#1065);
#1065 = CARTESIAN_POINT('',(0.75,-2.5,4.25));
#1066 = LINE('',#1067,#1068);
#1067 = CARTESIAN_POINT('',(0.75,-3.2,6.1));
#1068 = VECTOR('',#1069,1.);
#1069 = DIRECTION('',(4.33392824344E-17,0.353892097416,-0.935286257456)
  );
#1070 = ORIENTED_EDGE('',*,*,#1071,.T.);
#1071 = EDGE_CURVE('',#1064,#1030,#1072,.T.);
#1072 = LINE('',#1073,#1074);
#1073 = CARTESIAN_POINT('',(0.75,-2.5,4.25));
#1074 = VECTOR('',#1075,1.);
#1075 = DIRECTION('',(-1.359631073447E-32,-1.110223024625E-16,-1.));
#1076 = ORIENTED_EDGE('',*,*,#1039,.T.);
#1077 = ORIENTED_EDGE('',*,*,#912,.T.);
#1078 = ORIENTED_EDGE('',*,*,#1079,.T.);
#1079 = EDGE_CURVE('',#905,#1054,#1080,.T.);
#1080 = LINE('',#1081,#1082);
#1081 = CARTESIAN_POINT('',(0.75,-2.2,0.35));
#1082 = VECTOR('',#1083,1.);
#1083 = DIRECTION('',(1.359631073447E-32,1.110223024625E-16,1.));
#1084 = PLANE('',#1085);
#1085 = AXIS2_PLACEMENT_3D('',#1086,#1087,#1088);
#1086 = CARTESIAN_POINT('',(0.75,-2.530008245993,3.234548643504));
#1087 = DIRECTION('',(1.,-1.224646799147E-16,6.435104022508E-33));
#1088 = DIRECTION('',(1.224646799147E-16,1.,-1.110223024625E-16));
#1089 = ADVANCED_FACE('',(#1090),#1108,.F.);
#1090 = FACE_BOUND('',#1091,.F.);
#1091 = EDGE_LOOP('',(#1092,#1093,#1094,#1102));
#1092 = ORIENTED_EDGE('',*,*,#1079,.F.);
#1093 = ORIENTED_EDGE('',*,*,#904,.T.);
#1094 = ORIENTED_EDGE('',*,*,#1095,.T.);
#1095 = EDGE_CURVE('',#897,#1096,#1098,.T.);
#1096 = VERTEX_POINT('',#1097);
#1097 = CARTESIAN_POINT('',(1.75,-2.2,6.1));
#1098 = LINE('',#1099,#1100);
#1099 = CARTESIAN_POINT('',(1.75,-2.2,0.35));
#1100 = VECTOR('',#1101,1.);
#1101 = DIRECTION('',(1.359631073447E-32,1.110223024625E-16,1.));
#1102 = ORIENTED_EDGE('',*,*,#1103,.T.);
#1103 = EDGE_CURVE('',#1096,#1054,#1104,.T.);
#1104 = LINE('',#1105,#1106);
#1105 = CARTESIAN_POINT('',(7.45,-2.2,6.1));
#1106 = VECTOR('',#1107,1.);
#1107 = DIRECTION('',(-1.,1.224646799147E-16,0.));
#1108 = PLANE('',#1109);
#1109 = AXIS2_PLACEMENT_3D('',#1110,#1111,#1112);
#1110 = CARTESIAN_POINT('',(2.5,-2.2,3.225));
#1111 = DIRECTION('',(-1.224646799147E-16,-1.,1.110223024625E-16));
#1112 = DIRECTION('',(-1.,1.224646799147E-16,0.));
#1113 = ADVANCED_FACE('',(#1114),#1148,.T.);
#1114 = FACE_BOUND('',#1115,.T.);
#1115 = EDGE_LOOP('',(#1116,#1124,#1132,#1140,#1146,#1147));
#1116 = ORIENTED_EDGE('',*,*,#1117,.T.);
#1117 = EDGE_CURVE('',#1096,#1118,#1120,.T.);
#1118 = VERTEX_POINT('',#1119);
#1119 = CARTESIAN_POINT('',(1.75,-3.2,6.1));
#1120 = LINE('',#1121,#1122);
#1121 = CARTESIAN_POINT('',(1.75,-2.2,6.1));
#1122 = VECTOR('',#1123,1.);
#1123 = DIRECTION('',(-1.224646799147E-16,-1.,1.110223024625E-16));
#1124 = ORIENTED_EDGE('',*,*,#1125,.T.);
#1125 = EDGE_CURVE('',#1118,#1126,#1128,.T.);
#1126 = VERTEX_POINT('',#1127);
#1127 = CARTESIAN_POINT('',(1.75,-2.5,4.25));
#1128 = LINE('',#1129,#1130);
#1129 = CARTESIAN_POINT('',(1.75,-3.2,6.1));
#1130 = VECTOR('',#1131,1.);
#1131 = DIRECTION('',(4.33392824344E-17,0.353892097416,-0.935286257456)
  );
#1132 = ORIENTED_EDGE('',*,*,#1133,.T.);
#1133 = EDGE_CURVE('',#1126,#1134,#1136,.T.);
#1134 = VERTEX_POINT('',#1135);
#1135 = CARTESIAN_POINT('',(1.75,-2.5,3.25));
#1136 = LINE('',#1137,#1138);
#1137 = CARTESIAN_POINT('',(1.75,-2.5,4.25));
#1138 = VECTOR('',#1139,1.);
#1139 = DIRECTION('',(-1.359631073447E-32,-1.110223024625E-16,-1.));
#1140 = ORIENTED_EDGE('',*,*,#1141,.T.);
#1141 = EDGE_CURVE('',#1134,#889,#1142,.T.);
#1142 = LINE('',#1143,#1144);
#1143 = CARTESIAN_POINT('',(1.75,-2.5,3.25));
#1144 = VECTOR('',#1145,1.);
#1145 = DIRECTION('',(-2.87351777816E-17,-0.234640533104,-0.972082208573
    ));
#1146 = ORIENTED_EDGE('',*,*,#896,.T.);
#1147 = ORIENTED_EDGE('',*,*,#1095,.T.);
#1148 = PLANE('',#1149);
#1149 = AXIS2_PLACEMENT_3D('',#1150,#1151,#1152);
#1150 = CARTESIAN_POINT('',(1.75,-2.530008245993,3.234548643504));
#1151 = DIRECTION('',(1.,-1.224646799147E-16,6.435104022508E-33));
#1152 = DIRECTION('',(1.224646799147E-16,1.,-1.110223024625E-16));
#1153 = ADVANCED_FACE('',(#1154),#1172,.F.);
#1154 = FACE_BOUND('',#1155,.F.);
#1155 = EDGE_LOOP('',(#1156,#1164,#1165,#1166));
#1156 = ORIENTED_EDGE('',*,*,#1157,.T.);
#1157 = EDGE_CURVE('',#1158,#1134,#1160,.T.);
#1158 = VERTEX_POINT('',#1159);
#1159 = CARTESIAN_POINT('',(3.25,-2.5,3.25));
#1160 = LINE('',#1161,#1162);
#1161 = CARTESIAN_POINT('',(3.25,-2.5,3.25));
#1162 = VECTOR('',#1163,1.);
#1163 = DIRECTION('',(-1.,1.224646799147E-16,0.));
#1164 = ORIENTED_EDGE('',*,*,#1141,.T.);
#1165 = ORIENTED_EDGE('',*,*,#888,.F.);
#1166 = ORIENTED_EDGE('',*,*,#1167,.F.);
#1167 = EDGE_CURVE('',#1158,#881,#1168,.T.);
#1168 = LINE('',#1169,#1170);
#1169 = CARTESIAN_POINT('',(3.25,-2.5,3.25));
#1170 = VECTOR('',#1171,1.);
#1171 = DIRECTION('',(-2.87351777816E-17,-0.234640533104,-0.972082208573
    ));
#1172 = PLANE('',#1173);
#1173 = AXIS2_PLACEMENT_3D('',#1174,#1175,#1176);
#1174 = CARTESIAN_POINT('',(3.25,-2.5,3.25));
#1175 = DIRECTION('',(-1.190457365237E-16,-0.972082208573,0.234640533104
    ));
#1176 = DIRECTION('',(-2.87351777816E-17,-0.234640533104,-0.972082208573
    ));
#1177 = ADVANCED_FACE('',(#1178),#1212,.F.);
#1178 = FACE_BOUND('',#1179,.F.);
#1179 = EDGE_LOOP('',(#1180,#1190,#1198,#1204,#1205,#1206));
#1180 = ORIENTED_EDGE('',*,*,#1181,.T.);
#1181 = EDGE_CURVE('',#1182,#1184,#1186,.T.);
#1182 = VERTEX_POINT('',#1183);
#1183 = CARTESIAN_POINT('',(3.25,-2.2,6.1));
#1184 = VERTEX_POINT('',#1185);
#1185 = CARTESIAN_POINT('',(3.25,-3.2,6.1));
#1186 = LINE('',#1187,#1188);
#1187 = CARTESIAN_POINT('',(3.25,-2.2,6.1));
#1188 = VECTOR('',#1189,1.);
#1189 = DIRECTION('',(-1.224646799147E-16,-1.,1.110223024625E-16));
#1190 = ORIENTED_EDGE('',*,*,#1191,.T.);
#1191 = EDGE_CURVE('',#1184,#1192,#1194,.T.);
#1192 = VERTEX_POINT('',#1193);
#1193 = CARTESIAN_POINT('',(3.25,-2.5,4.25));
#1194 = LINE('',#1195,#1196);
#1195 = CARTESIAN_POINT('',(3.25,-3.2,6.1));
#1196 = VECTOR('',#1197,1.);
#1197 = DIRECTION('',(4.33392824344E-17,0.353892097416,-0.935286257456)
  );
#1198 = ORIENTED_EDGE('',*,*,#1199,.T.);
#1199 = EDGE_CURVE('',#1192,#1158,#1200,.T.);
#1200 = LINE('',#1201,#1202);
#1201 = CARTESIAN_POINT('',(3.25,-2.5,4.25));
#1202 = VECTOR('',#1203,1.);
#1203 = DIRECTION('',(-1.359631073447E-32,-1.110223024625E-16,-1.));
#1204 = ORIENTED_EDGE('',*,*,#1167,.T.);
#1205 = ORIENTED_EDGE('',*,*,#880,.T.);
#1206 = ORIENTED_EDGE('',*,*,#1207,.T.);
#1207 = EDGE_CURVE('',#873,#1182,#1208,.T.);
#1208 = LINE('',#1209,#1210);
#1209 = CARTESIAN_POINT('',(3.25,-2.2,0.35));
#1210 = VECTOR('',#1211,1.);
#1211 = DIRECTION('',(1.359631073447E-32,1.110223024625E-16,1.));
#1212 = PLANE('',#1213);
#1213 = AXIS2_PLACEMENT_3D('',#1214,#1215,#1216);
#1214 = CARTESIAN_POINT('',(3.25,-2.530008245993,3.234548643504));
#1215 = DIRECTION('',(1.,-1.224646799147E-16,6.435104022508E-33));
#1216 = DIRECTION('',(1.224646799147E-16,1.,-1.110223024625E-16));
#1217 = ADVANCED_FACE('',(#1218),#1236,.F.);
#1218 = FACE_BOUND('',#1219,.F.);
#1219 = EDGE_LOOP('',(#1220,#1221,#1229,#1235));
#1220 = ORIENTED_EDGE('',*,*,#872,.T.);
#1221 = ORIENTED_EDGE('',*,*,#1222,.T.);
#1222 = EDGE_CURVE('',#865,#1223,#1225,.T.);
#1223 = VERTEX_POINT('',#1224);
#1224 = CARTESIAN_POINT('',(4.25,-2.2,6.1));
#1225 = LINE('',#1226,#1227);
#1226 = CARTESIAN_POINT('',(4.25,-2.2,0.35));
#1227 = VECTOR('',#1228,1.);
#1228 = DIRECTION('',(1.359631073447E-32,1.110223024625E-16,1.));
#1229 = ORIENTED_EDGE('',*,*,#1230,.T.);
#1230 = EDGE_CURVE('',#1223,#1182,#1231,.T.);
#1231 = LINE('',#1232,#1233);
#1232 = CARTESIAN_POINT('',(7.45,-2.2,6.1));
#1233 = VECTOR('',#1234,1.);
#1234 = DIRECTION('',(-1.,1.224646799147E-16,0.));
#1235 = ORIENTED_EDGE('',*,*,#1207,.F.);
#1236 = PLANE('',#1237);
#1237 = AXIS2_PLACEMENT_3D('',#1238,#1239,#1240);
#1238 = CARTESIAN_POINT('',(2.5,-2.2,3.225));
#1239 = DIRECTION('',(-1.224646799147E-16,-1.,1.110223024625E-16));
#1240 = DIRECTION('',(-1.,1.224646799147E-16,0.));
#1241 = ADVANCED_FACE('',(#1242),#1276,.T.);
#1242 = FACE_BOUND('',#1243,.T.);
#1243 = EDGE_LOOP('',(#1244,#1252,#1260,#1268,#1274,#1275));
#1244 = ORIENTED_EDGE('',*,*,#1245,.T.);
#1245 = EDGE_CURVE('',#1223,#1246,#1248,.T.);
#1246 = VERTEX_POINT('',#1247);
#1247 = CARTESIAN_POINT('',(4.25,-3.2,6.1));
#1248 = LINE('',#1249,#1250);
#1249 = CARTESIAN_POINT('',(4.25,-2.2,6.1));
#1250 = VECTOR('',#1251,1.);
#1251 = DIRECTION('',(-1.224646799147E-16,-1.,1.110223024625E-16));
#1252 = ORIENTED_EDGE('',*,*,#1253,.T.);
#1253 = EDGE_CURVE('',#1246,#1254,#1256,.T.);
#1254 = VERTEX_POINT('',#1255);
#1255 = CARTESIAN_POINT('',(4.25,-2.5,4.25));
#1256 = LINE('',#1257,#1258);
#1257 = CARTESIAN_POINT('',(4.25,-3.2,6.1));
#1258 = VECTOR('',#1259,1.);
#1259 = DIRECTION('',(4.33392824344E-17,0.353892097416,-0.935286257456)
  );
#1260 = ORIENTED_EDGE('',*,*,#1261,.T.);
#1261 = EDGE_CURVE('',#1254,#1262,#1264,.T.);
#1262 = VERTEX_POINT('',#1263);
#1263 = CARTESIAN_POINT('',(4.25,-2.5,3.25));
#1264 = LINE('',#1265,#1266);
#1265 = CARTESIAN_POINT('',(4.25,-2.5,4.25));
#1266 = VECTOR('',#1267,1.);
#1267 = DIRECTION('',(-1.359631073447E-32,-1.110223024625E-16,-1.));
#1268 = ORIENTED_EDGE('',*,*,#1269,.T.);
#1269 = EDGE_CURVE('',#1262,#857,#1270,.T.);
#1270 = LINE('',#1271,#1272);
#1271 = CARTESIAN_POINT('',(4.25,-2.5,3.25));
#1272 = VECTOR('',#1273,1.);
#1273 = DIRECTION('',(-2.87351777816E-17,-0.234640533104,-0.972082208573
    ));
#1274 = ORIENTED_EDGE('',*,*,#864,.T.);
#1275 = ORIENTED_EDGE('',*,*,#1222,.T.);
#1276 = PLANE('',#1277);
#1277 = AXIS2_PLACEMENT_3D('',#1278,#1279,#1280);
#1278 = CARTESIAN_POINT('',(4.25,-2.530008245993,3.234548643504));
#1279 = DIRECTION('',(1.,-1.224646799147E-16,6.435104022508E-33));
#1280 = DIRECTION('',(1.224646799147E-16,1.,-1.110223024625E-16));
#1281 = ADVANCED_FACE('',(#1282),#1300,.F.);
#1282 = FACE_BOUND('',#1283,.F.);
#1283 = EDGE_LOOP('',(#1284,#1292,#1293,#1294));
#1284 = ORIENTED_EDGE('',*,*,#1285,.T.);
#1285 = EDGE_CURVE('',#1286,#1262,#1288,.T.);
#1286 = VERTEX_POINT('',#1287);
#1287 = CARTESIAN_POINT('',(5.75,-2.5,3.25));
#1288 = LINE('',#1289,#1290);
#1289 = CARTESIAN_POINT('',(5.75,-2.5,3.25));
#1290 = VECTOR('',#1291,1.);
#1291 = DIRECTION('',(-1.,1.224646799147E-16,0.));
#1292 = ORIENTED_EDGE('',*,*,#1269,.T.);
#1293 = ORIENTED_EDGE('',*,*,#856,.F.);
#1294 = ORIENTED_EDGE('',*,*,#1295,.F.);
#1295 = EDGE_CURVE('',#1286,#849,#1296,.T.);
#1296 = LINE('',#1297,#1298);
#1297 = CARTESIAN_POINT('',(5.75,-2.5,3.25));
#1298 = VECTOR('',#1299,1.);
#1299 = DIRECTION('',(-2.87351777816E-17,-0.234640533104,-0.972082208573
    ));
#1300 = PLANE('',#1301);
#1301 = AXIS2_PLACEMENT_3D('',#1302,#1303,#1304);
#1302 = CARTESIAN_POINT('',(5.75,-2.5,3.25));
#1303 = DIRECTION('',(-1.190457365237E-16,-0.972082208573,0.234640533104
    ));
#1304 = DIRECTION('',(-2.87351777816E-17,-0.234640533104,-0.972082208573
    ));
#1305 = ADVANCED_FACE('',(#1306),#1340,.F.);
#1306 = FACE_BOUND('',#1307,.F.);
#1307 = EDGE_LOOP('',(#1308,#1318,#1326,#1332,#1333,#1334));
#1308 = ORIENTED_EDGE('',*,*,#1309,.T.);
#1309 = EDGE_CURVE('',#1310,#1312,#1314,.T.);
#1310 = VERTEX_POINT('',#1311);
#1311 = CARTESIAN_POINT('',(5.75,-2.2,6.1));
#1312 = VERTEX_POINT('',#1313);
#1313 = CARTESIAN_POINT('',(5.75,-3.2,6.1));
#1314 = LINE('',#1315,#1316);
#1315 = CARTESIAN_POINT('',(5.75,-2.2,6.1));
#1316 = VECTOR('',#1317,1.);
#1317 = DIRECTION('',(-1.224646799147E-16,-1.,1.110223024625E-16));
#1318 = ORIENTED_EDGE('',*,*,#1319,.T.);
#1319 = EDGE_CURVE('',#1312,#1320,#1322,.T.);
#1320 = VERTEX_POINT('',#1321);
#1321 = CARTESIAN_POINT('',(5.75,-2.5,4.25));
#1322 = LINE('',#1323,#1324);
#1323 = CARTESIAN_POINT('',(5.75,-3.2,6.1));
#1324 = VECTOR('',#1325,1.);
#1325 = DIRECTION('',(4.33392824344E-17,0.353892097416,-0.935286257456)
  );
#1326 = ORIENTED_EDGE('',*,*,#1327,.T.);
#1327 = EDGE_CURVE('',#1320,#1286,#1328,.T.);
#1328 = LINE('',#1329,#1330);
#1329 = CARTESIAN_POINT('',(5.75,-2.5,4.25));
#1330 = VECTOR('',#1331,1.);
#1331 = DIRECTION('',(-1.359631073447E-32,-1.110223024625E-16,-1.));
#1332 = ORIENTED_EDGE('',*,*,#1295,.T.);
#1333 = ORIENTED_EDGE('',*,*,#848,.T.);
#1334 = ORIENTED_EDGE('',*,*,#1335,.T.);
#1335 = EDGE_CURVE('',#841,#1310,#1336,.T.);
#1336 = LINE('',#1337,#1338);
#1337 = CARTESIAN_POINT('',(5.75,-2.2,0.35));
#1338 = VECTOR('',#1339,1.);
#1339 = DIRECTION('',(1.359631073447E-32,1.110223024625E-16,1.));
#1340 = PLANE('',#1341);
#1341 = AXIS2_PLACEMENT_3D('',#1342,#1343,#1344);
#1342 = CARTESIAN_POINT('',(5.75,-2.530008245993,3.234548643504));
#1343 = DIRECTION('',(1.,-1.224646799147E-16,6.435104022508E-33));
#1344 = DIRECTION('',(1.224646799147E-16,1.,-1.110223024625E-16));
#1345 = ADVANCED_FACE('',(#1346),#1380,.F.);
#1346 = FACE_BOUND('',#1347,.F.);
#1347 = EDGE_LOOP('',(#1348,#1358,#1366,#1372,#1373,#1374));
#1348 = ORIENTED_EDGE('',*,*,#1349,.F.);
#1349 = EDGE_CURVE('',#1350,#1352,#1354,.T.);
#1350 = VERTEX_POINT('',#1351);
#1351 = CARTESIAN_POINT('',(7.45,-2.2,5.35));
#1352 = VERTEX_POINT('',#1353);
#1353 = CARTESIAN_POINT('',(6.95,-2.2,5.35));
#1354 = LINE('',#1355,#1356);
#1355 = CARTESIAN_POINT('',(7.45,-2.2,5.35));
#1356 = VECTOR('',#1357,1.);
#1357 = DIRECTION('',(-1.,1.224646799147E-16,0.));
#1358 = ORIENTED_EDGE('',*,*,#1359,.T.);
#1359 = EDGE_CURVE('',#1350,#1360,#1362,.T.);
#1360 = VERTEX_POINT('',#1361);
#1361 = CARTESIAN_POINT('',(7.45,-2.2,6.1));
#1362 = LINE('',#1363,#1364);
#1363 = CARTESIAN_POINT('',(7.45,-2.2,0.35));
#1364 = VECTOR('',#1365,1.);
#1365 = DIRECTION('',(1.359631073447E-32,1.110223024625E-16,1.));
#1366 = ORIENTED_EDGE('',*,*,#1367,.T.);
#1367 = EDGE_CURVE('',#1360,#1310,#1368,.T.);
#1368 = LINE('',#1369,#1370);
#1369 = CARTESIAN_POINT('',(7.45,-2.2,6.1));
#1370 = VECTOR('',#1371,1.);
#1371 = DIRECTION('',(-1.,1.224646799147E-16,0.));
#1372 = ORIENTED_EDGE('',*,*,#1335,.F.);
#1373 = ORIENTED_EDGE('',*,*,#840,.T.);
#1374 = ORIENTED_EDGE('',*,*,#1375,.T.);
#1375 = EDGE_CURVE('',#833,#1352,#1376,.T.);
#1376 = LINE('',#1377,#1378);
#1377 = CARTESIAN_POINT('',(6.95,-2.2,0.35));
#1378 = VECTOR('',#1379,1.);
#1379 = DIRECTION('',(0.,0.,1.));
#1380 = PLANE('',#1381);
#1381 = AXIS2_PLACEMENT_3D('',#1382,#1383,#1384);
#1382 = CARTESIAN_POINT('',(2.5,-2.2,3.225));
#1383 = DIRECTION('',(-1.224646799147E-16,-1.,1.110223024625E-16));
#1384 = DIRECTION('',(-1.,1.224646799147E-16,0.));
#1385 = ADVANCED_FACE('',(#1386),#1420,.T.);
#1386 = FACE_BOUND('',#1387,.T.);
#1387 = EDGE_LOOP('',(#1388,#1389,#1397,#1405,#1413,#1419));
#1388 = ORIENTED_EDGE('',*,*,#1375,.T.);
#1389 = ORIENTED_EDGE('',*,*,#1390,.T.);
#1390 = EDGE_CURVE('',#1352,#1391,#1393,.T.);
#1391 = VERTEX_POINT('',#1392);
#1392 = CARTESIAN_POINT('',(6.95,2.3,2.85));
#1393 = LINE('',#1394,#1395);
#1394 = CARTESIAN_POINT('',(6.95,-2.2,5.35));
#1395 = VECTOR('',#1396,1.);
#1396 = DIRECTION('',(1.070533910153E-16,0.874157276121,-0.485642931179)
  );
#1397 = ORIENTED_EDGE('',*,*,#1398,.T.);
#1398 = EDGE_CURVE('',#1391,#1399,#1401,.T.);
#1399 = VERTEX_POINT('',#1400);
#1400 = CARTESIAN_POINT('',(6.95,2.3,0.));
#1401 = LINE('',#1402,#1403);
#1402 = CARTESIAN_POINT('',(6.95,2.3,2.85));
#1403 = VECTOR('',#1404,1.);
#1404 = DIRECTION('',(-0.,0.,-1.));
#1405 = ORIENTED_EDGE('',*,*,#1406,.T.);
#1406 = EDGE_CURVE('',#1399,#1407,#1409,.T.);
#1407 = VERTEX_POINT('',#1408);
#1408 = CARTESIAN_POINT('',(6.95,-9.2,0.));
#1409 = LINE('',#1410,#1411);
#1410 = CARTESIAN_POINT('',(6.95,2.3,0.));
#1411 = VECTOR('',#1412,1.);
#1412 = DIRECTION('',(-1.224646799147E-16,-1.,0.));
#1413 = ORIENTED_EDGE('',*,*,#1414,.T.);
#1414 = EDGE_CURVE('',#1407,#825,#1415,.T.);
#1415 = LINE('',#1416,#1417);
#1416 = CARTESIAN_POINT('',(6.95,-9.2,0.));
#1417 = VECTOR('',#1418,1.);
#1418 = DIRECTION('',(0.,0.,1.));
#1419 = ORIENTED_EDGE('',*,*,#832,.T.);
#1420 = PLANE('',#1421);
#1421 = AXIS2_PLACEMENT_3D('',#1422,#1423,#1424);
#1422 = CARTESIAN_POINT('',(6.95,-2.731195501291,1.31652804741));
#1423 = DIRECTION('',(-1.,1.224646799147E-16,-2.6657522746E-32));
#1424 = DIRECTION('',(-2.6657522746E-32,3.264604990409E-48,1.));
#1425 = ADVANCED_FACE('',(#1426),#1508,.T.);
#1426 = FACE_BOUND('',#1427,.T.);
#1427 = EDGE_LOOP('',(#1428,#1438,#1446,#1454,#1462,#1468,#1469,#1470,
    #1478,#1486,#1494,#1502));
#1428 = ORIENTED_EDGE('',*,*,#1429,.F.);
#1429 = EDGE_CURVE('',#1430,#1432,#1434,.T.);
#1430 = VERTEX_POINT('',#1431);
#1431 = CARTESIAN_POINT('',(-1.8,-9.2,4.25));
#1432 = VERTEX_POINT('',#1433);
#1433 = CARTESIAN_POINT('',(-1.8,-9.2,0.9));
#1434 = LINE('',#1435,#1436);
#1435 = CARTESIAN_POINT('',(-1.8,-9.2,4.25));
#1436 = VECTOR('',#1437,1.);
#1437 = DIRECTION('',(-1.359631073447E-32,-1.110223024625E-16,-1.));
#1438 = ORIENTED_EDGE('',*,*,#1439,.T.);
#1439 = EDGE_CURVE('',#1430,#1440,#1442,.T.);
#1440 = VERTEX_POINT('',#1441);
#1441 = CARTESIAN_POINT('',(-2.45,-9.2,4.25));
#1442 = LINE('',#1443,#1444);
#1443 = CARTESIAN_POINT('',(7.45,-9.2,4.25));
#1444 = VECTOR('',#1445,1.);
#1445 = DIRECTION('',(-1.,1.224646799147E-16,0.));
#1446 = ORIENTED_EDGE('',*,*,#1447,.T.);
#1447 = EDGE_CURVE('',#1440,#1448,#1450,.T.);
#1448 = VERTEX_POINT('',#1449);
#1449 = CARTESIAN_POINT('',(-2.45,-9.2,0.));
#1450 = LINE('',#1451,#1452);
#1451 = CARTESIAN_POINT('',(-2.45,-9.2,6.1));
#1452 = VECTOR('',#1453,1.);
#1453 = DIRECTION('',(-1.359631073447E-32,-1.110223024625E-16,-1.));
#1454 = ORIENTED_EDGE('',*,*,#1455,.F.);
#1455 = EDGE_CURVE('',#1456,#1448,#1458,.T.);
#1456 = VERTEX_POINT('',#1457);
#1457 = CARTESIAN_POINT('',(-1.95,-9.2,0.));
#1458 = LINE('',#1459,#1460);
#1459 = CARTESIAN_POINT('',(-1.95,-9.2,0.));
#1460 = VECTOR('',#1461,1.);
#1461 = DIRECTION('',(-1.,1.224646799147E-16,0.));
#1462 = ORIENTED_EDGE('',*,*,#1463,.T.);
#1463 = EDGE_CURVE('',#1456,#817,#1464,.T.);
#1464 = LINE('',#1465,#1466);
#1465 = CARTESIAN_POINT('',(-1.95,-9.2,0.));
#1466 = VECTOR('',#1467,1.);
#1467 = DIRECTION('',(0.,0.,1.));
#1468 = ORIENTED_EDGE('',*,*,#824,.T.);
#1469 = ORIENTED_EDGE('',*,*,#1414,.F.);
#1470 = ORIENTED_EDGE('',*,*,#1471,.F.);
#1471 = EDGE_CURVE('',#1472,#1407,#1474,.T.);
#1472 = VERTEX_POINT('',#1473);
#1473 = CARTESIAN_POINT('',(7.45,-9.2,0.));
#1474 = LINE('',#1475,#1476);
#1475 = CARTESIAN_POINT('',(7.45,-9.2,0.));
#1476 = VECTOR('',#1477,1.);
#1477 = DIRECTION('',(-1.,1.224646799147E-16,0.));
#1478 = ORIENTED_EDGE('',*,*,#1479,.T.);
#1479 = EDGE_CURVE('',#1472,#1480,#1482,.T.);
#1480 = VERTEX_POINT('',#1481);
#1481 = CARTESIAN_POINT('',(7.45,-9.2,4.25));
#1482 = LINE('',#1483,#1484);
#1483 = CARTESIAN_POINT('',(7.45,-9.2,0.));
#1484 = VECTOR('',#1485,1.);
#1485 = DIRECTION('',(0.,0.,1.));
#1486 = ORIENTED_EDGE('',*,*,#1487,.T.);
#1487 = EDGE_CURVE('',#1480,#1488,#1490,.T.);
#1488 = VERTEX_POINT('',#1489);
#1489 = CARTESIAN_POINT('',(6.8,-9.2,4.25));
#1490 = LINE('',#1491,#1492);
#1491 = CARTESIAN_POINT('',(7.45,-9.2,4.25));
#1492 = VECTOR('',#1493,1.);
#1493 = DIRECTION('',(-1.,1.224646799147E-16,0.));
#1494 = ORIENTED_EDGE('',*,*,#1495,.F.);
#1495 = EDGE_CURVE('',#1496,#1488,#1498,.T.);
#1496 = VERTEX_POINT('',#1497);
#1497 = CARTESIAN_POINT('',(6.8,-9.2,0.9));
#1498 = LINE('',#1499,#1500);
#1499 = CARTESIAN_POINT('',(6.8,-9.2,1.1));
#1500 = VECTOR('',#1501,1.);
#1501 = DIRECTION('',(1.359631073447E-32,1.110223024625E-16,1.));
#1502 = ORIENTED_EDGE('',*,*,#1503,.F.);
#1503 = EDGE_CURVE('',#1432,#1496,#1504,.T.);
#1504 = LINE('',#1505,#1506);
#1505 = CARTESIAN_POINT('',(-1.6,-9.2,0.9));
#1506 = VECTOR('',#1507,1.);
#1507 = DIRECTION('',(1.,-1.224646799147E-16,0.));
#1508 = PLANE('',#1509);
#1509 = AXIS2_PLACEMENT_3D('',#1510,#1511,#1512);
#1510 = CARTESIAN_POINT('',(2.5,-9.2,1.451470588235));
#1511 = DIRECTION('',(-1.224646799147E-16,-1.,0.));
#1512 = DIRECTION('',(0.,0.,1.));
#1513 = ADVANCED_FACE('',(#1514),#1541,.F.);
#1514 = FACE_BOUND('',#1515,.F.);
#1515 = EDGE_LOOP('',(#1516,#1517,#1525,#1533,#1539,#1540));
#1516 = ORIENTED_EDGE('',*,*,#968,.T.);
#1517 = ORIENTED_EDGE('',*,*,#1518,.T.);
#1518 = EDGE_CURVE('',#961,#1519,#1521,.T.);
#1519 = VERTEX_POINT('',#1520);
#1520 = CARTESIAN_POINT('',(-1.95,2.3,2.85));
#1521 = LINE('',#1522,#1523);
#1522 = CARTESIAN_POINT('',(-1.95,-2.2,5.35));
#1523 = VECTOR('',#1524,1.);
#1524 = DIRECTION('',(1.070533910153E-16,0.874157276121,-0.485642931179)
  );
#1525 = ORIENTED_EDGE('',*,*,#1526,.T.);
#1526 = EDGE_CURVE('',#1519,#1527,#1529,.T.);
#1527 = VERTEX_POINT('',#1528);
#1528 = CARTESIAN_POINT('',(-1.95,2.3,0.));
#1529 = LINE('',#1530,#1531);
#1530 = CARTESIAN_POINT('',(-1.95,2.3,2.85));
#1531 = VECTOR('',#1532,1.);
#1532 = DIRECTION('',(-0.,0.,-1.));
#1533 = ORIENTED_EDGE('',*,*,#1534,.T.);
#1534 = EDGE_CURVE('',#1527,#1456,#1535,.T.);
#1535 = LINE('',#1536,#1537);
#1536 = CARTESIAN_POINT('',(-1.95,2.3,0.));
#1537 = VECTOR('',#1538,1.);
#1538 = DIRECTION('',(-1.224646799147E-16,-1.,0.));
#1539 = ORIENTED_EDGE('',*,*,#1463,.T.);
#1540 = ORIENTED_EDGE('',*,*,#816,.T.);
#1541 = PLANE('',#1542);
#1542 = AXIS2_PLACEMENT_3D('',#1543,#1544,#1545);
#1543 = CARTESIAN_POINT('',(-1.95,-2.731195501291,1.31652804741));
#1544 = DIRECTION('',(-1.,1.224646799147E-16,-2.6657522746E-32));
#1545 = DIRECTION('',(-2.6657522746E-32,3.264604990409E-48,1.));
#1546 = ADVANCED_FACE('',(#1547),#1729,.F.);
#1547 = FACE_BOUND('',#1548,.F.);
#1548 = EDGE_LOOP('',(#1549,#1550,#1558,#1566,#1574,#1582,#1590,#1598,
    #1607,#1615,#1623,#1631,#1639,#1647,#1656,#1664,#1672,#1680,#1688,
    #1696,#1702,#1703,#1704,#1710,#1711,#1712,#1713,#1719,#1720,#1721,
    #1722,#1728));
#1549 = ORIENTED_EDGE('',*,*,#1367,.F.);
#1550 = ORIENTED_EDGE('',*,*,#1551,.T.);
#1551 = EDGE_CURVE('',#1360,#1552,#1554,.T.);
#1552 = VERTEX_POINT('',#1553);
#1553 = CARTESIAN_POINT('',(7.45,-9.2,6.1));
#1554 = LINE('',#1555,#1556);
#1555 = CARTESIAN_POINT('',(7.45,-2.2,6.1));
#1556 = VECTOR('',#1557,1.);
#1557 = DIRECTION('',(-1.224646799147E-16,-1.,1.110223024625E-16));
#1558 = ORIENTED_EDGE('',*,*,#1559,.T.);
#1559 = EDGE_CURVE('',#1552,#1560,#1562,.T.);
#1560 = VERTEX_POINT('',#1561);
#1561 = CARTESIAN_POINT('',(5.5,-9.2,6.1));
#1562 = LINE('',#1563,#1564);
#1563 = CARTESIAN_POINT('',(7.45,-9.2,6.1));
#1564 = VECTOR('',#1565,1.);
#1565 = DIRECTION('',(-1.,1.224646799147E-16,0.));
#1566 = ORIENTED_EDGE('',*,*,#1567,.F.);
#1567 = EDGE_CURVE('',#1568,#1560,#1570,.T.);
#1568 = VERTEX_POINT('',#1569);
#1569 = CARTESIAN_POINT('',(5.5,-8.3,6.1));
#1570 = LINE('',#1571,#1572);
#1571 = CARTESIAN_POINT('',(5.5,-8.3,6.1));
#1572 = VECTOR('',#1573,1.);
#1573 = DIRECTION('',(3.709677754742E-16,-1.,1.110223024625E-16));
#1574 = ORIENTED_EDGE('',*,*,#1575,.F.);
#1575 = EDGE_CURVE('',#1576,#1568,#1578,.T.);
#1576 = VERTEX_POINT('',#1577);
#1577 = CARTESIAN_POINT('',(5.25,-8.05,6.1));
#1578 = LINE('',#1579,#1580);
#1579 = CARTESIAN_POINT('',(5.25,-8.05,6.1));
#1580 = VECTOR('',#1581,1.);
#1581 = DIRECTION('',(0.707106781187,-0.707106781187,7.850462293414E-17)
  );
#1582 = ORIENTED_EDGE('',*,*,#1583,.F.);
#1583 = EDGE_CURVE('',#1584,#1576,#1586,.T.);
#1584 = VERTEX_POINT('',#1585);
#1585 = CARTESIAN_POINT('',(5.5,-7.8,6.1));
#1586 = LINE('',#1587,#1588);
#1587 = CARTESIAN_POINT('',(5.5,-7.8,6.1));
#1588 = VECTOR('',#1589,1.);
#1589 = DIRECTION('',(-0.707106781187,-0.707106781187,7.850462293414E-17
    ));
#1590 = ORIENTED_EDGE('',*,*,#1591,.F.);
#1591 = EDGE_CURVE('',#1592,#1584,#1594,.T.);
#1592 = VERTEX_POINT('',#1593);
#1593 = CARTESIAN_POINT('',(5.5,-6.05,6.1));
#1594 = LINE('',#1595,#1596);
#1595 = CARTESIAN_POINT('',(5.5,-5.3,6.1));
#1596 = VECTOR('',#1597,1.);
#1597 = DIRECTION('',(-1.224646799147E-16,-1.,1.110223024625E-16));
#1598 = ORIENTED_EDGE('',*,*,#1599,.F.);
#1599 = EDGE_CURVE('',#1600,#1592,#1602,.T.);
#1600 = VERTEX_POINT('',#1601);
#1601 = CARTESIAN_POINT('',(4.75,-5.3,6.1));
#1602 = CIRCLE('',#1603,0.75);
#1603 = AXIS2_PLACEMENT_3D('',#1604,#1605,#1606);
#1604 = CARTESIAN_POINT('',(4.75,-6.05,6.1));
#1605 = DIRECTION('',(-1.359631073447E-32,-1.110223024625E-16,-1.));
#1606 = DIRECTION('',(-1.224646799147E-16,-1.,1.110223024625E-16));
#1607 = ORIENTED_EDGE('',*,*,#1608,.F.);
#1608 = EDGE_CURVE('',#1609,#1600,#1611,.T.);
#1609 = VERTEX_POINT('',#1610);
#1610 = CARTESIAN_POINT('',(4.,-5.3,6.1));
#1611 = LINE('',#1612,#1613);
#1612 = CARTESIAN_POINT('',(4.,-5.3,6.1));
#1613 = VECTOR('',#1614,1.);
#1614 = DIRECTION('',(1.,-1.224646799147E-16,0.));
#1615 = ORIENTED_EDGE('',*,*,#1616,.F.);
#1616 = EDGE_CURVE('',#1617,#1609,#1619,.T.);
#1617 = VERTEX_POINT('',#1618);
#1618 = CARTESIAN_POINT('',(4.,-9.2,6.1));
#1619 = LINE('',#1620,#1621);
#1620 = CARTESIAN_POINT('',(4.,-9.2,6.1));
#1621 = VECTOR('',#1622,1.);
#1622 = DIRECTION('',(1.224646799147E-16,1.,-1.110223024625E-16));
#1623 = ORIENTED_EDGE('',*,*,#1624,.T.);
#1624 = EDGE_CURVE('',#1617,#1625,#1627,.T.);
#1625 = VERTEX_POINT('',#1626);
#1626 = CARTESIAN_POINT('',(1.,-9.2,6.1));
#1627 = LINE('',#1628,#1629);
#1628 = CARTESIAN_POINT('',(7.45,-9.2,6.1));
#1629 = VECTOR('',#1630,1.);
#1630 = DIRECTION('',(-1.,1.224646799147E-16,0.));
#1631 = ORIENTED_EDGE('',*,*,#1632,.T.);
#1632 = EDGE_CURVE('',#1625,#1633,#1635,.T.);
#1633 = VERTEX_POINT('',#1634);
#1634 = CARTESIAN_POINT('',(1.,-5.3,6.1));
#1635 = LINE('',#1636,#1637);
#1636 = CARTESIAN_POINT('',(1.,-9.2,6.1));
#1637 = VECTOR('',#1638,1.);
#1638 = DIRECTION('',(1.224646799147E-16,1.,-1.110223024625E-16));
#1639 = ORIENTED_EDGE('',*,*,#1640,.T.);
#1640 = EDGE_CURVE('',#1633,#1641,#1643,.T.);
#1641 = VERTEX_POINT('',#1642);
#1642 = CARTESIAN_POINT('',(0.25,-5.3,6.1));
#1643 = LINE('',#1644,#1645);
#1644 = CARTESIAN_POINT('',(1.,-5.3,6.1));
#1645 = VECTOR('',#1646,1.);
#1646 = DIRECTION('',(-1.,1.224646799147E-16,0.));
#1647 = ORIENTED_EDGE('',*,*,#1648,.T.);
#1648 = EDGE_CURVE('',#1641,#1649,#1651,.T.);
#1649 = VERTEX_POINT('',#1650);
#1650 = CARTESIAN_POINT('',(-0.5,-6.05,6.1));
#1651 = CIRCLE('',#1652,0.75);
#1652 = AXIS2_PLACEMENT_3D('',#1653,#1654,#1655);
#1653 = CARTESIAN_POINT('',(0.25,-6.05,6.1));
#1654 = DIRECTION('',(1.359631073447E-32,1.110223024625E-16,1.));
#1655 = DIRECTION('',(-1.224646799147E-16,-1.,1.110223024625E-16));
#1656 = ORIENTED_EDGE('',*,*,#1657,.T.);
#1657 = EDGE_CURVE('',#1649,#1658,#1660,.T.);
#1658 = VERTEX_POINT('',#1659);
#1659 = CARTESIAN_POINT('',(-0.5,-7.8,6.1));
#1660 = LINE('',#1661,#1662);
#1661 = CARTESIAN_POINT('',(-0.5,-5.3,6.1));
#1662 = VECTOR('',#1663,1.);
#1663 = DIRECTION('',(-1.224646799147E-16,-1.,1.110223024625E-16));
#1664 = ORIENTED_EDGE('',*,*,#1665,.T.);
#1665 = EDGE_CURVE('',#1658,#1666,#1668,.T.);
#1666 = VERTEX_POINT('',#1667);
#1667 = CARTESIAN_POINT('',(-0.25,-8.05,6.1));
#1668 = LINE('',#1669,#1670);
#1669 = CARTESIAN_POINT('',(-0.5,-7.8,6.1));
#1670 = VECTOR('',#1671,1.);
#1671 = DIRECTION('',(0.707106781187,-0.707106781187,7.850462293414E-17)
  );
#1672 = ORIENTED_EDGE('',*,*,#1673,.T.);
#1673 = EDGE_CURVE('',#1666,#1674,#1676,.T.);
#1674 = VERTEX_POINT('',#1675);
#1675 = CARTESIAN_POINT('',(-0.5,-8.3,6.1));
#1676 = LINE('',#1677,#1678);
#1677 = CARTESIAN_POINT('',(-0.25,-8.05,6.1));
#1678 = VECTOR('',#1679,1.);
#1679 = DIRECTION('',(-0.707106781187,-0.707106781187,7.850462293414E-17
    ));
#1680 = ORIENTED_EDGE('',*,*,#1681,.T.);
#1681 = EDGE_CURVE('',#1674,#1682,#1684,.T.);
#1682 = VERTEX_POINT('',#1683);
#1683 = CARTESIAN_POINT('',(-0.5,-9.2,6.1));
#1684 = LINE('',#1685,#1686);
#1685 = CARTESIAN_POINT('',(-0.5,-8.3,6.1));
#1686 = VECTOR('',#1687,1.);
#1687 = DIRECTION('',(-1.224646799147E-16,-1.,1.110223024625E-16));
#1688 = ORIENTED_EDGE('',*,*,#1689,.T.);
#1689 = EDGE_CURVE('',#1682,#1690,#1692,.T.);
#1690 = VERTEX_POINT('',#1691);
#1691 = CARTESIAN_POINT('',(-2.45,-9.2,6.1));
#1692 = LINE('',#1693,#1694);
#1693 = CARTESIAN_POINT('',(7.45,-9.2,6.1));
#1694 = VECTOR('',#1695,1.);
#1695 = DIRECTION('',(-1.,1.224646799147E-16,0.));
#1696 = ORIENTED_EDGE('',*,*,#1697,.F.);
#1697 = EDGE_CURVE('',#945,#1690,#1698,.T.);
#1698 = LINE('',#1699,#1700);
#1699 = CARTESIAN_POINT('',(-2.45,-2.2,6.1));
#1700 = VECTOR('',#1701,1.);
#1701 = DIRECTION('',(-1.224646799147E-16,-1.,1.110223024625E-16));
#1702 = ORIENTED_EDGE('',*,*,#942,.F.);
#1703 = ORIENTED_EDGE('',*,*,#989,.T.);
#1704 = ORIENTED_EDGE('',*,*,#1705,.F.);
#1705 = EDGE_CURVE('',#1056,#990,#1706,.T.);
#1706 = LINE('',#1707,#1708);
#1707 = CARTESIAN_POINT('',(0.75,-3.2,6.1));
#1708 = VECTOR('',#1709,1.);
#1709 = DIRECTION('',(-1.,1.224646799147E-16,0.));
#1710 = ORIENTED_EDGE('',*,*,#1053,.F.);
#1711 = ORIENTED_EDGE('',*,*,#1103,.F.);
#1712 = ORIENTED_EDGE('',*,*,#1117,.T.);
#1713 = ORIENTED_EDGE('',*,*,#1714,.F.);
#1714 = EDGE_CURVE('',#1184,#1118,#1715,.T.);
#1715 = LINE('',#1716,#1717);
#1716 = CARTESIAN_POINT('',(3.25,-3.2,6.1));
#1717 = VECTOR('',#1718,1.);
#1718 = DIRECTION('',(-1.,1.224646799147E-16,0.));
#1719 = ORIENTED_EDGE('',*,*,#1181,.F.);
#1720 = ORIENTED_EDGE('',*,*,#1230,.F.);
#1721 = ORIENTED_EDGE('',*,*,#1245,.T.);
#1722 = ORIENTED_EDGE('',*,*,#1723,.F.);
#1723 = EDGE_CURVE('',#1312,#1246,#1724,.T.);
#1724 = LINE('',#1725,#1726);
#1725 = CARTESIAN_POINT('',(5.75,-3.2,6.1));
#1726 = VECTOR('',#1727,1.);
#1727 = DIRECTION('',(-1.,1.224646799147E-16,0.));
#1728 = ORIENTED_EDGE('',*,*,#1309,.F.);
#1729 = PLANE('',#1730);
#1730 = AXIS2_PLACEMENT_3D('',#1731,#1732,#1733);
#1731 = CARTESIAN_POINT('',(7.45,-2.2,6.1));
#1732 = DIRECTION('',(-1.359631073447E-32,-1.110223024625E-16,-1.));
#1733 = DIRECTION('',(-1.,1.224646799147E-16,6.927121900793E-45));
#1734 = ADVANCED_FACE('',(#1735),#1753,.F.);
#1735 = FACE_BOUND('',#1736,.F.);
#1736 = EDGE_LOOP('',(#1737,#1738,#1746,#1752));
#1737 = ORIENTED_EDGE('',*,*,#960,.T.);
#1738 = ORIENTED_EDGE('',*,*,#1739,.T.);
#1739 = EDGE_CURVE('',#953,#1740,#1742,.T.);
#1740 = VERTEX_POINT('',#1741);
#1741 = CARTESIAN_POINT('',(-2.45,2.3,2.85));
#1742 = LINE('',#1743,#1744);
#1743 = CARTESIAN_POINT('',(-2.45,-2.2,5.35));
#1744 = VECTOR('',#1745,1.);
#1745 = DIRECTION('',(1.070533910153E-16,0.874157276121,-0.485642931179)
  );
#1746 = ORIENTED_EDGE('',*,*,#1747,.F.);
#1747 = EDGE_CURVE('',#1519,#1740,#1748,.T.);
#1748 = LINE('',#1749,#1750);
#1749 = CARTESIAN_POINT('',(-1.95,2.3,2.85));
#1750 = VECTOR('',#1751,1.);
#1751 = DIRECTION('',(-1.,1.224646799147E-16,0.));
#1752 = ORIENTED_EDGE('',*,*,#1518,.F.);
#1753 = PLANE('',#1754);
#1754 = AXIS2_PLACEMENT_3D('',#1755,#1756,#1757);
#1755 = CARTESIAN_POINT('',(-1.95,-2.2,5.35));
#1756 = DIRECTION('',(-5.947410611962E-17,-0.485642931179,
    -0.874157276121));
#1757 = DIRECTION('',(1.070533910153E-16,0.874157276121,-0.485642931179)
  );
#1758 = ADVANCED_FACE('',(#1759),#1818,.T.);
#1759 = FACE_BOUND('',#1760,.T.);
#1760 = EDGE_LOOP('',(#1761,#1762,#1763,#1771,#1777,#1778,#1786,#1794,
    #1803,#1811,#1817));
#1761 = ORIENTED_EDGE('',*,*,#952,.T.);
#1762 = ORIENTED_EDGE('',*,*,#1739,.T.);
#1763 = ORIENTED_EDGE('',*,*,#1764,.T.);
#1764 = EDGE_CURVE('',#1740,#1765,#1767,.T.);
#1765 = VERTEX_POINT('',#1766);
#1766 = CARTESIAN_POINT('',(-2.45,2.3,0.));
#1767 = LINE('',#1768,#1769);
#1768 = CARTESIAN_POINT('',(-2.45,2.3,2.85));
#1769 = VECTOR('',#1770,1.);
#1770 = DIRECTION('',(-0.,0.,-1.));
#1771 = ORIENTED_EDGE('',*,*,#1772,.T.);
#1772 = EDGE_CURVE('',#1765,#1448,#1773,.T.);
#1773 = LINE('',#1774,#1775);
#1774 = CARTESIAN_POINT('',(-2.45,2.3,0.));
#1775 = VECTOR('',#1776,1.);
#1776 = DIRECTION('',(-1.224646799147E-16,-1.,0.));
#1777 = ORIENTED_EDGE('',*,*,#1447,.F.);
#1778 = ORIENTED_EDGE('',*,*,#1779,.F.);
#1779 = EDGE_CURVE('',#1780,#1440,#1782,.T.);
#1780 = VERTEX_POINT('',#1781);
#1781 = CARTESIAN_POINT('',(-2.45,-5.85,4.25));
#1782 = LINE('',#1783,#1784);
#1783 = CARTESIAN_POINT('',(-2.45,-4.025,4.25));
#1784 = VECTOR('',#1785,1.);
#1785 = DIRECTION('',(-1.224646799147E-16,-1.,1.110223024625E-16));
#1786 = ORIENTED_EDGE('',*,*,#1787,.F.);
#1787 = EDGE_CURVE('',#1788,#1780,#1790,.T.);
#1788 = VERTEX_POINT('',#1789);
#1789 = CARTESIAN_POINT('',(-2.45,-5.85,4.75));
#1790 = LINE('',#1791,#1792);
#1791 = CARTESIAN_POINT('',(-2.45,-5.85,5.425));
#1792 = VECTOR('',#1793,1.);
#1793 = DIRECTION('',(-1.359631073447E-32,-1.110223024625E-16,-1.));
#1794 = ORIENTED_EDGE('',*,*,#1795,.T.);
#1795 = EDGE_CURVE('',#1788,#1796,#1798,.T.);
#1796 = VERTEX_POINT('',#1797);
#1797 = CARTESIAN_POINT('',(-2.45,-6.35,5.25));
#1798 = CIRCLE('',#1799,0.5);
#1799 = AXIS2_PLACEMENT_3D('',#1800,#1801,#1802);
#1800 = CARTESIAN_POINT('',(-2.45,-6.35,4.75));
#1801 = DIRECTION('',(1.,-1.224646799147E-16,0.));
#1802 = DIRECTION('',(1.359631073446E-32,1.110223024625E-16,1.));
#1803 = ORIENTED_EDGE('',*,*,#1804,.F.);
#1804 = EDGE_CURVE('',#1805,#1796,#1807,.T.);
#1805 = VERTEX_POINT('',#1806);
#1806 = CARTESIAN_POINT('',(-2.45,-9.2,5.25));
#1807 = LINE('',#1808,#1809);
#1808 = CARTESIAN_POINT('',(-2.45,-5.7,5.25));
#1809 = VECTOR('',#1810,1.);
#1810 = DIRECTION('',(1.224646799147E-16,1.,-1.110223024625E-16));
#1811 = ORIENTED_EDGE('',*,*,#1812,.F.);
#1812 = EDGE_CURVE('',#1690,#1805,#1813,.T.);
#1813 = LINE('',#1814,#1815);
#1814 = CARTESIAN_POINT('',(-2.45,-9.2,6.1));
#1815 = VECTOR('',#1816,1.);
#1816 = DIRECTION('',(-1.359631073447E-32,-1.110223024625E-16,-1.));
#1817 = ORIENTED_EDGE('',*,*,#1697,.F.);
#1818 = PLANE('',#1819);
#1819 = AXIS2_PLACEMENT_3D('',#1820,#1821,#1822);
#1820 = CARTESIAN_POINT('',(-2.45,-4.427303270929,3.048284071859));
#1821 = DIRECTION('',(-1.,1.224646799147E-16,-2.518058608333E-32));
#1822 = DIRECTION('',(-2.518058608333E-32,3.08373241476E-48,1.));
#1823 = ADVANCED_FACE('',(#1824),#1835,.F.);
#1824 = FACE_BOUND('',#1825,.F.);
#1825 = EDGE_LOOP('',(#1826,#1827,#1828,#1834));
#1826 = ORIENTED_EDGE('',*,*,#1705,.T.);
#1827 = ORIENTED_EDGE('',*,*,#997,.T.);
#1828 = ORIENTED_EDGE('',*,*,#1829,.F.);
#1829 = EDGE_CURVE('',#1064,#998,#1830,.T.);
#1830 = LINE('',#1831,#1832);
#1831 = CARTESIAN_POINT('',(0.75,-2.5,4.25));
#1832 = VECTOR('',#1833,1.);
#1833 = DIRECTION('',(-1.,1.224646799147E-16,0.));
#1834 = ORIENTED_EDGE('',*,*,#1063,.F.);
#1835 = PLANE('',#1836);
#1836 = AXIS2_PLACEMENT_3D('',#1837,#1838,#1839);
#1837 = CARTESIAN_POINT('',(0.75,-3.2,6.1));
#1838 = DIRECTION('',(-1.14539532148E-16,-0.935286257456,-0.353892097416
    ));
#1839 = DIRECTION('',(4.33392824344E-17,0.353892097416,-0.935286257456)
  );
#1840 = ADVANCED_FACE('',(#1841,#1847),#1881,.F.);
#1841 = FACE_BOUND('',#1842,.F.);
#1842 = EDGE_LOOP('',(#1843,#1844,#1845,#1846));
#1843 = ORIENTED_EDGE('',*,*,#1829,.T.);
#1844 = ORIENTED_EDGE('',*,*,#1005,.T.);
#1845 = ORIENTED_EDGE('',*,*,#1029,.F.);
#1846 = ORIENTED_EDGE('',*,*,#1071,.F.);
#1847 = FACE_BOUND('',#1848,.F.);
#1848 = EDGE_LOOP('',(#1849,#1859,#1867,#1875));
#1849 = ORIENTED_EDGE('',*,*,#1850,.T.);
#1850 = EDGE_CURVE('',#1851,#1853,#1855,.T.);
#1851 = VERTEX_POINT('',#1852);
#1852 = CARTESIAN_POINT('',(-0.32,-2.5,4.07));
#1853 = VERTEX_POINT('',#1854);
#1854 = CARTESIAN_POINT('',(0.32,-2.5,4.07));
#1855 = LINE('',#1856,#1857);
#1856 = CARTESIAN_POINT('',(0.535,-2.5,4.07));
#1857 = VECTOR('',#1858,1.);
#1858 = DIRECTION('',(1.,-1.224646799147E-16,0.));
#1859 = ORIENTED_EDGE('',*,*,#1860,.T.);
#1860 = EDGE_CURVE('',#1853,#1861,#1863,.T.);
#1861 = VERTEX_POINT('',#1862);
#1862 = CARTESIAN_POINT('',(0.32,-2.5,3.43));
#1863 = LINE('',#1864,#1865);
#1864 = CARTESIAN_POINT('',(0.32,-2.5,3.150038014559));
#1865 = VECTOR('',#1866,1.);
#1866 = DIRECTION('',(-1.359631073447E-32,-1.110223024625E-16,-1.));
#1867 = ORIENTED_EDGE('',*,*,#1868,.T.);
#1868 = EDGE_CURVE('',#1861,#1869,#1871,.T.);
#1869 = VERTEX_POINT('',#1870);
#1870 = CARTESIAN_POINT('',(-0.32,-2.5,3.43));
#1871 = LINE('',#1872,#1873);
#1872 = CARTESIAN_POINT('',(0.535,-2.5,3.43));
#1873 = VECTOR('',#1874,1.);
#1874 = DIRECTION('',(-1.,1.224646799147E-16,0.));
#1875 = ORIENTED_EDGE('',*,*,#1876,.F.);
#1876 = EDGE_CURVE('',#1851,#1869,#1877,.T.);
#1877 = LINE('',#1878,#1879);
#1878 = CARTESIAN_POINT('',(-0.32,-2.5,3.150038014559));
#1879 = VECTOR('',#1880,1.);
#1880 = DIRECTION('',(-1.359631073447E-32,-1.110223024625E-16,-1.));
#1881 = PLANE('',#1882);
#1882 = AXIS2_PLACEMENT_3D('',#1883,#1884,#1885);
#1883 = CARTESIAN_POINT('',(0.75,-2.5,4.25));
#1884 = DIRECTION('',(-1.224646799147E-16,-1.,1.110223024625E-16));
#1885 = DIRECTION('',(-1.359631073447E-32,-1.110223024625E-16,-1.));
#1886 = ADVANCED_FACE('',(#1887),#1898,.F.);
#1887 = FACE_BOUND('',#1888,.F.);
#1888 = EDGE_LOOP('',(#1889,#1890,#1891,#1897));
#1889 = ORIENTED_EDGE('',*,*,#1714,.T.);
#1890 = ORIENTED_EDGE('',*,*,#1125,.T.);
#1891 = ORIENTED_EDGE('',*,*,#1892,.F.);
#1892 = EDGE_CURVE('',#1192,#1126,#1893,.T.);
#1893 = LINE('',#1894,#1895);
#1894 = CARTESIAN_POINT('',(3.25,-2.5,4.25));
#1895 = VECTOR('',#1896,1.);
#1896 = DIRECTION('',(-1.,1.224646799147E-16,0.));
#1897 = ORIENTED_EDGE('',*,*,#1191,.F.);
#1898 = PLANE('',#1899);
#1899 = AXIS2_PLACEMENT_3D('',#1900,#1901,#1902);
#1900 = CARTESIAN_POINT('',(3.25,-3.2,6.1));
#1901 = DIRECTION('',(-1.14539532148E-16,-0.935286257456,-0.353892097416
    ));
#1902 = DIRECTION('',(4.33392824344E-17,0.353892097416,-0.935286257456)
  );
#1903 = ADVANCED_FACE('',(#1904,#1910),#1944,.F.);
#1904 = FACE_BOUND('',#1905,.F.);
#1905 = EDGE_LOOP('',(#1906,#1907,#1908,#1909));
#1906 = ORIENTED_EDGE('',*,*,#1892,.T.);
#1907 = ORIENTED_EDGE('',*,*,#1133,.T.);
#1908 = ORIENTED_EDGE('',*,*,#1157,.F.);
#1909 = ORIENTED_EDGE('',*,*,#1199,.F.);
#1910 = FACE_BOUND('',#1911,.F.);
#1911 = EDGE_LOOP('',(#1912,#1922,#1930,#1938));
#1912 = ORIENTED_EDGE('',*,*,#1913,.F.);
#1913 = EDGE_CURVE('',#1914,#1916,#1918,.T.);
#1914 = VERTEX_POINT('',#1915);
#1915 = CARTESIAN_POINT('',(2.18,-2.5,4.07));
#1916 = VERTEX_POINT('',#1917);
#1917 = CARTESIAN_POINT('',(2.18,-2.5,3.43));
#1918 = LINE('',#1919,#1920);
#1919 = CARTESIAN_POINT('',(2.18,-2.5,3.160228926622));
#1920 = VECTOR('',#1921,1.);
#1921 = DIRECTION('',(-1.359631073447E-32,-1.110223024625E-16,-1.));
#1922 = ORIENTED_EDGE('',*,*,#1923,.T.);
#1923 = EDGE_CURVE('',#1914,#1924,#1926,.T.);
#1924 = VERTEX_POINT('',#1925);
#1925 = CARTESIAN_POINT('',(2.82,-2.5,4.07));
#1926 = LINE('',#1927,#1928);
#1927 = CARTESIAN_POINT('',(3.035,-2.5,4.07));
#1928 = VECTOR('',#1929,1.);
#1929 = DIRECTION('',(1.,-1.224646799147E-16,0.));
#1930 = ORIENTED_EDGE('',*,*,#1931,.T.);
#1931 = EDGE_CURVE('',#1924,#1932,#1934,.T.);
#1932 = VERTEX_POINT('',#1933);
#1933 = CARTESIAN_POINT('',(2.82,-2.5,3.43));
#1934 = LINE('',#1935,#1936);
#1935 = CARTESIAN_POINT('',(2.82,-2.5,3.160228926622));
#1936 = VECTOR('',#1937,1.);
#1937 = DIRECTION('',(-1.359631073447E-32,-1.110223024625E-16,-1.));
#1938 = ORIENTED_EDGE('',*,*,#1939,.T.);
#1939 = EDGE_CURVE('',#1932,#1916,#1940,.T.);
#1940 = LINE('',#1941,#1942);
#1941 = CARTESIAN_POINT('',(3.035,-2.5,3.43));
#1942 = VECTOR('',#1943,1.);
#1943 = DIRECTION('',(-1.,1.224646799147E-16,0.));
#1944 = PLANE('',#1945);
#1945 = AXIS2_PLACEMENT_3D('',#1946,#1947,#1948);
#1946 = CARTESIAN_POINT('',(3.25,-2.5,4.25));
#1947 = DIRECTION('',(-1.224646799147E-16,-1.,1.110223024625E-16));
#1948 = DIRECTION('',(-1.359631073447E-32,-1.110223024625E-16,-1.));
#1949 = ADVANCED_FACE('',(#1950),#1961,.F.);
#1950 = FACE_BOUND('',#1951,.F.);
#1951 = EDGE_LOOP('',(#1952,#1953,#1954,#1960));
#1952 = ORIENTED_EDGE('',*,*,#1723,.T.);
#1953 = ORIENTED_EDGE('',*,*,#1253,.T.);
#1954 = ORIENTED_EDGE('',*,*,#1955,.F.);
#1955 = EDGE_CURVE('',#1320,#1254,#1956,.T.);
#1956 = LINE('',#1957,#1958);
#1957 = CARTESIAN_POINT('',(5.75,-2.5,4.25));
#1958 = VECTOR('',#1959,1.);
#1959 = DIRECTION('',(-1.,1.224646799147E-16,0.));
#1960 = ORIENTED_EDGE('',*,*,#1319,.F.);
#1961 = PLANE('',#1962);
#1962 = AXIS2_PLACEMENT_3D('',#1963,#1964,#1965);
#1963 = CARTESIAN_POINT('',(5.75,-3.2,6.1));
#1964 = DIRECTION('',(-1.14539532148E-16,-0.935286257456,-0.353892097416
    ));
#1965 = DIRECTION('',(4.33392824344E-17,0.353892097416,-0.935286257456)
  );
#1966 = ADVANCED_FACE('',(#1967,#1973),#2007,.F.);
#1967 = FACE_BOUND('',#1968,.F.);
#1968 = EDGE_LOOP('',(#1969,#1970,#1971,#1972));
#1969 = ORIENTED_EDGE('',*,*,#1955,.T.);
#1970 = ORIENTED_EDGE('',*,*,#1261,.T.);
#1971 = ORIENTED_EDGE('',*,*,#1285,.F.);
#1972 = ORIENTED_EDGE('',*,*,#1327,.F.);
#1973 = FACE_BOUND('',#1974,.F.);
#1974 = EDGE_LOOP('',(#1975,#1985,#1993,#2001));
#1975 = ORIENTED_EDGE('',*,*,#1976,.F.);
#1976 = EDGE_CURVE('',#1977,#1979,#1981,.T.);
#1977 = VERTEX_POINT('',#1978);
#1978 = CARTESIAN_POINT('',(4.68,-2.5,4.07));
#1979 = VERTEX_POINT('',#1980);
#1980 = CARTESIAN_POINT('',(4.68,-2.5,3.43));
#1981 = LINE('',#1982,#1983);
#1982 = CARTESIAN_POINT('',(4.68,-2.5,3.150038014559));
#1983 = VECTOR('',#1984,1.);
#1984 = DIRECTION('',(-1.359631073447E-32,-1.110223024625E-16,-1.));
#1985 = ORIENTED_EDGE('',*,*,#1986,.T.);
#1986 = EDGE_CURVE('',#1977,#1987,#1989,.T.);
#1987 = VERTEX_POINT('',#1988);
#1988 = CARTESIAN_POINT('',(5.32,-2.5,4.07));
#1989 = LINE('',#1990,#1991);
#1990 = CARTESIAN_POINT('',(5.535,-2.5,4.07));
#1991 = VECTOR('',#1992,1.);
#1992 = DIRECTION('',(1.,-1.224646799147E-16,0.));
#1993 = ORIENTED_EDGE('',*,*,#1994,.T.);
#1994 = EDGE_CURVE('',#1987,#1995,#1997,.T.);
#1995 = VERTEX_POINT('',#1996);
#1996 = CARTESIAN_POINT('',(5.32,-2.5,3.43));
#1997 = LINE('',#1998,#1999);
#1998 = CARTESIAN_POINT('',(5.32,-2.5,3.150038014559));
#1999 = VECTOR('',#2000,1.);
#2000 = DIRECTION('',(-1.359631073447E-32,-1.110223024625E-16,-1.));
#2001 = ORIENTED_EDGE('',*,*,#2002,.T.);
#2002 = EDGE_CURVE('',#1995,#1979,#2003,.T.);
#2003 = LINE('',#2004,#2005);
#2004 = CARTESIAN_POINT('',(5.535,-2.5,3.43));
#2005 = VECTOR('',#2006,1.);
#2006 = DIRECTION('',(-1.,1.224646799147E-16,0.));
#2007 = PLANE('',#2008);
#2008 = AXIS2_PLACEMENT_3D('',#2009,#2010,#2011);
#2009 = CARTESIAN_POINT('',(5.75,-2.5,4.25));
#2010 = DIRECTION('',(-1.224646799147E-16,-1.,1.110223024625E-16));
#2011 = DIRECTION('',(-1.359631073447E-32,-1.110223024625E-16,-1.));
#2012 = ADVANCED_FACE('',(#2013),#2031,.F.);
#2013 = FACE_BOUND('',#2014,.F.);
#2014 = EDGE_LOOP('',(#2015,#2016,#2017,#2025));
#2015 = ORIENTED_EDGE('',*,*,#1349,.T.);
#2016 = ORIENTED_EDGE('',*,*,#1390,.T.);
#2017 = ORIENTED_EDGE('',*,*,#2018,.F.);
#2018 = EDGE_CURVE('',#2019,#1391,#2021,.T.);
#2019 = VERTEX_POINT('',#2020);
#2020 = CARTESIAN_POINT('',(7.45,2.3,2.85));
#2021 = LINE('',#2022,#2023);
#2022 = CARTESIAN_POINT('',(7.45,2.3,2.85));
#2023 = VECTOR('',#2024,1.);
#2024 = DIRECTION('',(-1.,1.224646799147E-16,0.));
#2025 = ORIENTED_EDGE('',*,*,#2026,.F.);
#2026 = EDGE_CURVE('',#1350,#2019,#2027,.T.);
#2027 = LINE('',#2028,#2029);
#2028 = CARTESIAN_POINT('',(7.45,-2.2,5.35));
#2029 = VECTOR('',#2030,1.);
#2030 = DIRECTION('',(1.070533910153E-16,0.874157276121,-0.485642931179)
  );
#2031 = PLANE('',#2032);
#2032 = AXIS2_PLACEMENT_3D('',#2033,#2034,#2035);
#2033 = CARTESIAN_POINT('',(7.45,-2.2,5.35));
#2034 = DIRECTION('',(-5.947410611962E-17,-0.485642931179,
    -0.874157276121));
#2035 = DIRECTION('',(1.070533910153E-16,0.874157276121,-0.485642931179)
  );
#2036 = ADVANCED_FACE('',(#2037),#2096,.T.);
#2037 = FACE_BOUND('',#2038,.T.);
#2038 = EDGE_LOOP('',(#2039,#2040,#2048,#2054,#2055,#2056,#2057,#2065,
    #2073,#2082,#2090));
#2039 = ORIENTED_EDGE('',*,*,#1479,.F.);
#2040 = ORIENTED_EDGE('',*,*,#2041,.F.);
#2041 = EDGE_CURVE('',#2042,#1472,#2044,.T.);
#2042 = VERTEX_POINT('',#2043);
#2043 = CARTESIAN_POINT('',(7.45,2.3,0.));
#2044 = LINE('',#2045,#2046);
#2045 = CARTESIAN_POINT('',(7.45,2.3,0.));
#2046 = VECTOR('',#2047,1.);
#2047 = DIRECTION('',(-1.224646799147E-16,-1.,0.));
#2048 = ORIENTED_EDGE('',*,*,#2049,.F.);
#2049 = EDGE_CURVE('',#2019,#2042,#2050,.T.);
#2050 = LINE('',#2051,#2052);
#2051 = CARTESIAN_POINT('',(7.45,2.3,2.85));
#2052 = VECTOR('',#2053,1.);
#2053 = DIRECTION('',(-0.,0.,-1.));
#2054 = ORIENTED_EDGE('',*,*,#2026,.F.);
#2055 = ORIENTED_EDGE('',*,*,#1359,.T.);
#2056 = ORIENTED_EDGE('',*,*,#1551,.T.);
#2057 = ORIENTED_EDGE('',*,*,#2058,.F.);
#2058 = EDGE_CURVE('',#2059,#1552,#2061,.T.);
#2059 = VERTEX_POINT('',#2060);
#2060 = CARTESIAN_POINT('',(7.45,-9.2,5.25));
#2061 = LINE('',#2062,#2063);
#2062 = CARTESIAN_POINT('',(7.45,-9.2,0.35));
#2063 = VECTOR('',#2064,1.);
#2064 = DIRECTION('',(1.359631073447E-32,1.110223024625E-16,1.));
#2065 = ORIENTED_EDGE('',*,*,#2066,.T.);
#2066 = EDGE_CURVE('',#2059,#2067,#2069,.T.);
#2067 = VERTEX_POINT('',#2068);
#2068 = CARTESIAN_POINT('',(7.45,-6.35,5.25));
#2069 = LINE('',#2070,#2071);
#2070 = CARTESIAN_POINT('',(7.45,-9.2,5.25));
#2071 = VECTOR('',#2072,1.);
#2072 = DIRECTION('',(1.224646799147E-16,1.,-1.110223024625E-16));
#2073 = ORIENTED_EDGE('',*,*,#2074,.T.);
#2074 = EDGE_CURVE('',#2067,#2075,#2077,.T.);
#2075 = VERTEX_POINT('',#2076);
#2076 = CARTESIAN_POINT('',(7.45,-5.85,4.75));
#2077 = CIRCLE('',#2078,0.5);
#2078 = AXIS2_PLACEMENT_3D('',#2079,#2080,#2081);
#2079 = CARTESIAN_POINT('',(7.45,-6.35,4.75));
#2080 = DIRECTION('',(-1.,1.224646799147E-16,0.));
#2081 = DIRECTION('',(1.359631073446E-32,1.110223024625E-16,1.));
#2082 = ORIENTED_EDGE('',*,*,#2083,.T.);
#2083 = EDGE_CURVE('',#2075,#2084,#2086,.T.);
#2084 = VERTEX_POINT('',#2085);
#2085 = CARTESIAN_POINT('',(7.45,-5.85,4.25));
#2086 = LINE('',#2087,#2088);
#2087 = CARTESIAN_POINT('',(7.45,-5.85,4.75));
#2088 = VECTOR('',#2089,1.);
#2089 = DIRECTION('',(-1.359631073447E-32,-1.110223024625E-16,-1.));
#2090 = ORIENTED_EDGE('',*,*,#2091,.T.);
#2091 = EDGE_CURVE('',#2084,#1480,#2092,.T.);
#2092 = LINE('',#2093,#2094);
#2093 = CARTESIAN_POINT('',(7.45,-5.85,4.25));
#2094 = VECTOR('',#2095,1.);
#2095 = DIRECTION('',(-1.224646799147E-16,-1.,1.110223024625E-16));
#2096 = PLANE('',#2097);
#2097 = AXIS2_PLACEMENT_3D('',#2098,#2099,#2100);
#2098 = CARTESIAN_POINT('',(7.45,-4.427303270929,3.048284071859));
#2099 = DIRECTION('',(1.,-1.224646799147E-16,6.620219900325E-32));
#2100 = DIRECTION('',(6.620219900325E-32,-8.107431110585E-48,-1.));
#2101 = ADVANCED_FACE('',(#2102),#2113,.F.);
#2102 = FACE_BOUND('',#2103,.F.);
#2103 = EDGE_LOOP('',(#2104,#2105,#2106,#2112));
#2104 = ORIENTED_EDGE('',*,*,#2018,.T.);
#2105 = ORIENTED_EDGE('',*,*,#1398,.T.);
#2106 = ORIENTED_EDGE('',*,*,#2107,.F.);
#2107 = EDGE_CURVE('',#2042,#1399,#2108,.T.);
#2108 = LINE('',#2109,#2110);
#2109 = CARTESIAN_POINT('',(7.45,2.3,0.));
#2110 = VECTOR('',#2111,1.);
#2111 = DIRECTION('',(-1.,1.224646799147E-16,0.));
#2112 = ORIENTED_EDGE('',*,*,#2049,.F.);
#2113 = PLANE('',#2114);
#2114 = AXIS2_PLACEMENT_3D('',#2115,#2116,#2117);
#2115 = CARTESIAN_POINT('',(7.45,2.3,2.85));
#2116 = DIRECTION('',(-1.224646799147E-16,-1.,0.));
#2117 = DIRECTION('',(-0.,0.,-1.));
#2118 = ADVANCED_FACE('',(#2119),#2125,.F.);
#2119 = FACE_BOUND('',#2120,.F.);
#2120 = EDGE_LOOP('',(#2121,#2122,#2123,#2124));
#2121 = ORIENTED_EDGE('',*,*,#2107,.T.);
#2122 = ORIENTED_EDGE('',*,*,#1406,.T.);
#2123 = ORIENTED_EDGE('',*,*,#1471,.F.);
#2124 = ORIENTED_EDGE('',*,*,#2041,.F.);
#2125 = PLANE('',#2126);
#2126 = AXIS2_PLACEMENT_3D('',#2127,#2128,#2129);
#2127 = CARTESIAN_POINT('',(7.45,2.3,0.));
#2128 = DIRECTION('',(0.,0.,1.));
#2129 = DIRECTION('',(-1.224646799147E-16,-1.,0.));
#2130 = ADVANCED_FACE('',(#2131),#2156,.F.);
#2131 = FACE_BOUND('',#2132,.T.);
#2132 = EDGE_LOOP('',(#2133,#2141,#2142,#2150));
#2133 = ORIENTED_EDGE('',*,*,#2134,.F.);
#2134 = EDGE_CURVE('',#1430,#2135,#2137,.T.);
#2135 = VERTEX_POINT('',#2136);
#2136 = CARTESIAN_POINT('',(-1.6,-9.,4.25));
#2137 = LINE('',#2138,#2139);
#2138 = CARTESIAN_POINT('',(1.4,-6.,4.25));
#2139 = VECTOR('',#2140,1.);
#2140 = DIRECTION('',(0.707106781187,0.707106781187,-7.850462293414E-17)
  );
#2141 = ORIENTED_EDGE('',*,*,#1429,.T.);
#2142 = ORIENTED_EDGE('',*,*,#2143,.T.);
#2143 = EDGE_CURVE('',#1432,#2144,#2146,.T.);
#2144 = VERTEX_POINT('',#2145);
#2145 = CARTESIAN_POINT('',(-1.6,-9.,1.1));
#2146 = LINE('',#2147,#2148);
#2147 = CARTESIAN_POINT('',(-1.141666666667,-8.541666666667,
    1.558333333333));
#2148 = VECTOR('',#2149,1.);
#2149 = DIRECTION('',(0.57735026919,0.57735026919,0.57735026919));
#2150 = ORIENTED_EDGE('',*,*,#2151,.F.);
#2151 = EDGE_CURVE('',#2135,#2144,#2152,.T.);
#2152 = LINE('',#2153,#2154);
#2153 = CARTESIAN_POINT('',(-1.6,-9.,4.25));
#2154 = VECTOR('',#2155,1.);
#2155 = DIRECTION('',(-1.359631073447E-32,-1.110223024625E-16,-1.));
#2156 = PLANE('',#2157);
#2157 = AXIS2_PLACEMENT_3D('',#2158,#2159,#2160);
#2158 = CARTESIAN_POINT('',(-1.7,-9.1,4.25));
#2159 = DIRECTION('',(-0.707106781187,0.707106781187,-7.850462293414E-17
    ));
#2160 = DIRECTION('',(2.682127077751E-29,1.110223024625E-16,1.));
#2161 = ADVANCED_FACE('',(#2162),#2181,.T.);
#2162 = FACE_BOUND('',#2163,.T.);
#2163 = EDGE_LOOP('',(#2164,#2172,#2178,#2179,#2180));
#2164 = ORIENTED_EDGE('',*,*,#2165,.T.);
#2165 = EDGE_CURVE('',#2135,#2166,#2168,.T.);
#2166 = VERTEX_POINT('',#2167);
#2167 = CARTESIAN_POINT('',(-1.6,-5.85,4.25));
#2168 = LINE('',#2169,#2170);
#2169 = CARTESIAN_POINT('',(-1.6,-7.525,4.25));
#2170 = VECTOR('',#2171,1.);
#2171 = DIRECTION('',(1.224646799147E-16,1.,-1.110223024625E-16));
#2172 = ORIENTED_EDGE('',*,*,#2173,.T.);
#2173 = EDGE_CURVE('',#2166,#1780,#2174,.T.);
#2174 = LINE('',#2175,#2176);
#2175 = CARTESIAN_POINT('',(7.45,-5.85,4.25));
#2176 = VECTOR('',#2177,1.);
#2177 = DIRECTION('',(-1.,1.224646799147E-16,0.));
#2178 = ORIENTED_EDGE('',*,*,#1779,.T.);
#2179 = ORIENTED_EDGE('',*,*,#1439,.F.);
#2180 = ORIENTED_EDGE('',*,*,#2134,.T.);
#2181 = PLANE('',#2182);
#2182 = AXIS2_PLACEMENT_3D('',#2183,#2184,#2185);
#2183 = CARTESIAN_POINT('',(7.45,-5.85,4.25));
#2184 = DIRECTION('',(1.359631073447E-32,1.110223024625E-16,1.));
#2185 = DIRECTION('',(-1.224646799147E-16,-1.,1.110223024625E-16));
#2186 = ADVANCED_FACE('',(#2187),#2198,.F.);
#2187 = FACE_BOUND('',#2188,.F.);
#2188 = EDGE_LOOP('',(#2189,#2195,#2196,#2197));
#2189 = ORIENTED_EDGE('',*,*,#2190,.T.);
#2190 = EDGE_CURVE('',#1527,#1765,#2191,.T.);
#2191 = LINE('',#2192,#2193);
#2192 = CARTESIAN_POINT('',(-1.95,2.3,0.));
#2193 = VECTOR('',#2194,1.);
#2194 = DIRECTION('',(-1.,1.224646799147E-16,0.));
#2195 = ORIENTED_EDGE('',*,*,#1772,.T.);
#2196 = ORIENTED_EDGE('',*,*,#1455,.F.);
#2197 = ORIENTED_EDGE('',*,*,#1534,.F.);
#2198 = PLANE('',#2199);
#2199 = AXIS2_PLACEMENT_3D('',#2200,#2201,#2202);
#2200 = CARTESIAN_POINT('',(-1.95,2.3,0.));
#2201 = DIRECTION('',(0.,0.,1.));
#2202 = DIRECTION('',(-1.224646799147E-16,-1.,0.));
#2203 = ADVANCED_FACE('',(#2204),#2230,.T.);
#2204 = FACE_BOUND('',#2205,.T.);
#2205 = EDGE_LOOP('',(#2206,#2207,#2208,#2216,#2224));
#2206 = ORIENTED_EDGE('',*,*,#1487,.F.);
#2207 = ORIENTED_EDGE('',*,*,#2091,.F.);
#2208 = ORIENTED_EDGE('',*,*,#2209,.T.);
#2209 = EDGE_CURVE('',#2084,#2210,#2212,.T.);
#2210 = VERTEX_POINT('',#2211);
#2211 = CARTESIAN_POINT('',(6.6,-5.85,4.25));
#2212 = LINE('',#2213,#2214);
#2213 = CARTESIAN_POINT('',(7.45,-5.85,4.25));
#2214 = VECTOR('',#2215,1.);
#2215 = DIRECTION('',(-1.,1.224646799147E-16,0.));
#2216 = ORIENTED_EDGE('',*,*,#2217,.T.);
#2217 = EDGE_CURVE('',#2210,#2218,#2220,.T.);
#2218 = VERTEX_POINT('',#2219);
#2219 = CARTESIAN_POINT('',(6.6,-9.,4.25));
#2220 = LINE('',#2221,#2222);
#2221 = CARTESIAN_POINT('',(6.6,-7.525,4.25));
#2222 = VECTOR('',#2223,1.);
#2223 = DIRECTION('',(-1.224646799147E-16,-1.,1.110223024625E-16));
#2224 = ORIENTED_EDGE('',*,*,#2225,.F.);
#2225 = EDGE_CURVE('',#1488,#2218,#2226,.T.);
#2226 = LINE('',#2227,#2228);
#2227 = CARTESIAN_POINT('',(6.075,-8.475,4.25));
#2228 = VECTOR('',#2229,1.);
#2229 = DIRECTION('',(-0.707106781187,0.707106781187,-7.850462293414E-17
    ));
#2230 = PLANE('',#2231);
#2231 = AXIS2_PLACEMENT_3D('',#2232,#2233,#2234);
#2232 = CARTESIAN_POINT('',(7.45,-5.85,4.25));
#2233 = DIRECTION('',(1.359631073447E-32,1.110223024625E-16,1.));
#2234 = DIRECTION('',(-1.224646799147E-16,-1.,1.110223024625E-16));
#2235 = ADVANCED_FACE('',(#2236),#2254,.F.);
#2236 = FACE_BOUND('',#2237,.T.);
#2237 = EDGE_LOOP('',(#2238,#2246,#2247,#2248));
#2238 = ORIENTED_EDGE('',*,*,#2239,.F.);
#2239 = EDGE_CURVE('',#1496,#2240,#2242,.T.);
#2240 = VERTEX_POINT('',#2241);
#2241 = CARTESIAN_POINT('',(6.6,-9.,1.1));
#2242 = LINE('',#2243,#2244);
#2243 = CARTESIAN_POINT('',(5.3,-7.7,2.4));
#2244 = VECTOR('',#2245,1.);
#2245 = DIRECTION('',(-0.57735026919,0.57735026919,0.57735026919));
#2246 = ORIENTED_EDGE('',*,*,#1495,.T.);
#2247 = ORIENTED_EDGE('',*,*,#2225,.T.);
#2248 = ORIENTED_EDGE('',*,*,#2249,.F.);
#2249 = EDGE_CURVE('',#2240,#2218,#2250,.T.);
#2250 = LINE('',#2251,#2252);
#2251 = CARTESIAN_POINT('',(6.6,-9.,1.1));
#2252 = VECTOR('',#2253,1.);
#2253 = DIRECTION('',(1.359631073447E-32,1.110223024625E-16,1.));
#2254 = PLANE('',#2255);
#2255 = AXIS2_PLACEMENT_3D('',#2256,#2257,#2258);
#2256 = CARTESIAN_POINT('',(6.7,-9.1,1.1));
#2257 = DIRECTION('',(0.707106781187,0.707106781187,-7.850462293414E-17)
  );
#2258 = DIRECTION('',(2.680278185005E-29,-1.110223024625E-16,-1.));
#2259 = ADVANCED_FACE('',(#2260),#2271,.F.);
#2260 = FACE_BOUND('',#2261,.T.);
#2261 = EDGE_LOOP('',(#2262,#2263,#2264,#2265));
#2262 = ORIENTED_EDGE('',*,*,#2143,.F.);
#2263 = ORIENTED_EDGE('',*,*,#1503,.T.);
#2264 = ORIENTED_EDGE('',*,*,#2239,.T.);
#2265 = ORIENTED_EDGE('',*,*,#2266,.F.);
#2266 = EDGE_CURVE('',#2144,#2240,#2267,.T.);
#2267 = LINE('',#2268,#2269);
#2268 = CARTESIAN_POINT('',(-1.6,-9.,1.1));
#2269 = VECTOR('',#2270,1.);
#2270 = DIRECTION('',(1.,-1.224646799147E-16,0.));
#2271 = PLANE('',#2272);
#2272 = AXIS2_PLACEMENT_3D('',#2273,#2274,#2275);
#2273 = CARTESIAN_POINT('',(-1.6,-9.1,1.));
#2274 = DIRECTION('',(8.659560562349E-17,0.707106781187,-0.707106781187)
  );
#2275 = DIRECTION('',(-1.,1.224646799147E-16,2.105272540809E-29));
#2276 = ADVANCED_FACE('',(#2277),#2283,.F.);
#2277 = FACE_BOUND('',#2278,.F.);
#2278 = EDGE_LOOP('',(#2279,#2280,#2281,#2282));
#2279 = ORIENTED_EDGE('',*,*,#1747,.T.);
#2280 = ORIENTED_EDGE('',*,*,#1764,.T.);
#2281 = ORIENTED_EDGE('',*,*,#2190,.F.);
#2282 = ORIENTED_EDGE('',*,*,#1526,.F.);
#2283 = PLANE('',#2284);
#2284 = AXIS2_PLACEMENT_3D('',#2285,#2286,#2287);
#2285 = CARTESIAN_POINT('',(-1.95,2.3,2.85));
#2286 = DIRECTION('',(-1.224646799147E-16,-1.,0.));
#2287 = DIRECTION('',(-0.,0.,-1.));
#2288 = ADVANCED_FACE('',(#2289),#2307,.T.);
#2289 = FACE_BOUND('',#2290,.T.);
#2290 = EDGE_LOOP('',(#2291,#2299,#2305,#2306));
#2291 = ORIENTED_EDGE('',*,*,#2292,.F.);
#2292 = EDGE_CURVE('',#2293,#1805,#2295,.T.);
#2293 = VERTEX_POINT('',#2294);
#2294 = CARTESIAN_POINT('',(-0.5,-9.2,5.25));
#2295 = LINE('',#2296,#2297);
#2296 = CARTESIAN_POINT('',(7.45,-9.2,5.25));
#2297 = VECTOR('',#2298,1.);
#2298 = DIRECTION('',(-1.,1.224646799147E-16,0.));
#2299 = ORIENTED_EDGE('',*,*,#2300,.F.);
#2300 = EDGE_CURVE('',#1682,#2293,#2301,.T.);
#2301 = LINE('',#2302,#2303);
#2302 = CARTESIAN_POINT('',(-0.5,-9.2,6.1));
#2303 = VECTOR('',#2304,1.);
#2304 = DIRECTION('',(-1.359631073447E-32,-1.110223024625E-16,-1.));
#2305 = ORIENTED_EDGE('',*,*,#1689,.T.);
#2306 = ORIENTED_EDGE('',*,*,#1812,.T.);
#2307 = PLANE('',#2308);
#2308 = AXIS2_PLACEMENT_3D('',#2309,#2310,#2311);
#2309 = CARTESIAN_POINT('',(2.5,-9.2,3.225));
#2310 = DIRECTION('',(-1.224646799147E-16,-1.,1.110223024625E-16));
#2311 = DIRECTION('',(-1.,1.224646799147E-16,0.));
#2312 = ADVANCED_FACE('',(#2313),#2331,.F.);
#2313 = FACE_BOUND('',#2314,.F.);
#2314 = EDGE_LOOP('',(#2315,#2316,#2324,#2330));
#2315 = ORIENTED_EDGE('',*,*,#1681,.F.);
#2316 = ORIENTED_EDGE('',*,*,#2317,.T.);
#2317 = EDGE_CURVE('',#1674,#2318,#2320,.T.);
#2318 = VERTEX_POINT('',#2319);
#2319 = CARTESIAN_POINT('',(-0.5,-8.3,5.25));
#2320 = LINE('',#2321,#2322);
#2321 = CARTESIAN_POINT('',(-0.5,-8.3,6.1));
#2322 = VECTOR('',#2323,1.);
#2323 = DIRECTION('',(-1.359631073447E-32,-1.110223024625E-16,-1.));
#2324 = ORIENTED_EDGE('',*,*,#2325,.F.);
#2325 = EDGE_CURVE('',#2293,#2318,#2326,.T.);
#2326 = LINE('',#2327,#2328);
#2327 = CARTESIAN_POINT('',(-0.5,-7.527450166113,5.25));
#2328 = VECTOR('',#2329,1.);
#2329 = DIRECTION('',(1.224646799147E-16,1.,-2.653008937428E-17));
#2330 = ORIENTED_EDGE('',*,*,#2300,.F.);
#2331 = PLANE('',#2332);
#2332 = AXIS2_PLACEMENT_3D('',#2333,#2334,#2335);
#2333 = CARTESIAN_POINT('',(-0.5,-8.3,6.1));
#2334 = DIRECTION('',(-1.,1.224646799147E-16,0.));
#2335 = DIRECTION('',(-1.224646799147E-16,-1.,1.110223024625E-16));
#2336 = ADVANCED_FACE('',(#2337),#2355,.F.);
#2337 = FACE_BOUND('',#2338,.F.);
#2338 = EDGE_LOOP('',(#2339,#2340,#2348,#2354));
#2339 = ORIENTED_EDGE('',*,*,#1673,.F.);
#2340 = ORIENTED_EDGE('',*,*,#2341,.T.);
#2341 = EDGE_CURVE('',#1666,#2342,#2344,.T.);
#2342 = VERTEX_POINT('',#2343);
#2343 = CARTESIAN_POINT('',(-0.25,-8.05,5.25));
#2344 = LINE('',#2345,#2346);
#2345 = CARTESIAN_POINT('',(-0.25,-8.05,6.1));
#2346 = VECTOR('',#2347,1.);
#2347 = DIRECTION('',(-1.359631073447E-32,-1.110223024625E-16,-1.));
#2348 = ORIENTED_EDGE('',*,*,#2349,.F.);
#2349 = EDGE_CURVE('',#2318,#2342,#2350,.T.);
#2350 = LINE('',#2351,#2352);
#2351 = CARTESIAN_POINT('',(0.761274916944,-7.038725083056,5.25));
#2352 = VECTOR('',#2353,1.);
#2353 = DIRECTION('',(0.707106781187,0.707106781187,-1.875960610203E-17)
  );
#2354 = ORIENTED_EDGE('',*,*,#2317,.F.);
#2355 = PLANE('',#2356);
#2356 = AXIS2_PLACEMENT_3D('',#2357,#2358,#2359);
#2357 = CARTESIAN_POINT('',(-0.25,-8.05,6.1));
#2358 = DIRECTION('',(-0.707106781187,0.707106781187,-7.850462293414E-17
    ));
#2359 = DIRECTION('',(-0.707106781187,-0.707106781187,7.850462293414E-17
    ));
#2360 = ADVANCED_FACE('',(#2361),#2379,.F.);
#2361 = FACE_BOUND('',#2362,.F.);
#2362 = EDGE_LOOP('',(#2363,#2364,#2372,#2378));
#2363 = ORIENTED_EDGE('',*,*,#1665,.F.);
#2364 = ORIENTED_EDGE('',*,*,#2365,.T.);
#2365 = EDGE_CURVE('',#1658,#2366,#2368,.T.);
#2366 = VERTEX_POINT('',#2367);
#2367 = CARTESIAN_POINT('',(-0.5,-7.8,5.25));
#2368 = LINE('',#2369,#2370);
#2369 = CARTESIAN_POINT('',(-0.5,-7.8,6.1));
#2370 = VECTOR('',#2371,1.);
#2371 = DIRECTION('',(-1.359631073447E-32,-1.110223024625E-16,-1.));
#2372 = ORIENTED_EDGE('',*,*,#2373,.F.);
#2373 = EDGE_CURVE('',#2342,#2366,#2374,.T.);
#2374 = LINE('',#2375,#2376);
#2375 = CARTESIAN_POINT('',(-1.127491694352E-02,-8.288725083056,5.25));
#2376 = VECTOR('',#2377,1.);
#2377 = DIRECTION('',(-0.707106781187,0.707106781187,-1.875960610203E-17
    ));
#2378 = ORIENTED_EDGE('',*,*,#2341,.F.);
#2379 = PLANE('',#2380);
#2380 = AXIS2_PLACEMENT_3D('',#2381,#2382,#2383);
#2381 = CARTESIAN_POINT('',(-0.5,-7.8,6.1));
#2382 = DIRECTION('',(-0.707106781187,-0.707106781187,7.850462293414E-17
    ));
#2383 = DIRECTION('',(0.707106781187,-0.707106781187,7.850462293414E-17)
  );
#2384 = ADVANCED_FACE('',(#2385),#2403,.F.);
#2385 = FACE_BOUND('',#2386,.F.);
#2386 = EDGE_LOOP('',(#2387,#2388,#2396,#2402));
#2387 = ORIENTED_EDGE('',*,*,#1657,.F.);
#2388 = ORIENTED_EDGE('',*,*,#2389,.T.);
#2389 = EDGE_CURVE('',#1649,#2390,#2392,.T.);
#2390 = VERTEX_POINT('',#2391);
#2391 = CARTESIAN_POINT('',(-0.5,-6.05,5.25));
#2392 = LINE('',#2393,#2394);
#2393 = CARTESIAN_POINT('',(-0.5,-6.05,6.1));
#2394 = VECTOR('',#2395,1.);
#2395 = DIRECTION('',(-1.359631073447E-32,-1.110223024625E-16,-1.));
#2396 = ORIENTED_EDGE('',*,*,#2397,.F.);
#2397 = EDGE_CURVE('',#2366,#2390,#2398,.T.);
#2398 = LINE('',#2399,#2400);
#2399 = CARTESIAN_POINT('',(-0.5,-6.027450166113,5.25));
#2400 = VECTOR('',#2401,1.);
#2401 = DIRECTION('',(1.224646799147E-16,1.,-2.653008937428E-17));
#2402 = ORIENTED_EDGE('',*,*,#2365,.F.);
#2403 = PLANE('',#2404);
#2404 = AXIS2_PLACEMENT_3D('',#2405,#2406,#2407);
#2405 = CARTESIAN_POINT('',(-0.5,-5.3,6.1));
#2406 = DIRECTION('',(-1.,1.224646799147E-16,0.));
#2407 = DIRECTION('',(-1.224646799147E-16,-1.,1.110223024625E-16));
#2408 = ADVANCED_FACE('',(#2409),#2428,.F.);
#2409 = FACE_BOUND('',#2410,.F.);
#2410 = EDGE_LOOP('',(#2411,#2420,#2421,#2422));
#2411 = ORIENTED_EDGE('',*,*,#2412,.F.);
#2412 = EDGE_CURVE('',#2390,#2413,#2415,.T.);
#2413 = VERTEX_POINT('',#2414);
#2414 = CARTESIAN_POINT('',(0.25,-5.3,5.25));
#2415 = CIRCLE('',#2416,0.75);
#2416 = AXIS2_PLACEMENT_3D('',#2417,#2418,#2419);
#2417 = CARTESIAN_POINT('',(0.25,-6.05,5.25));
#2418 = DIRECTION('',(-1.359631073447E-32,-1.110223024625E-16,-1.));
#2419 = DIRECTION('',(1.224646799147E-16,1.,-1.110223024625E-16));
#2420 = ORIENTED_EDGE('',*,*,#2389,.F.);
#2421 = ORIENTED_EDGE('',*,*,#1648,.F.);
#2422 = ORIENTED_EDGE('',*,*,#2423,.T.);
#2423 = EDGE_CURVE('',#1641,#2413,#2424,.T.);
#2424 = LINE('',#2425,#2426);
#2425 = CARTESIAN_POINT('',(0.25,-5.3,6.1));
#2426 = VECTOR('',#2427,1.);
#2427 = DIRECTION('',(-1.359631073447E-32,-1.110223024625E-16,-1.));
#2428 = CYLINDRICAL_SURFACE('',#2429,0.75);
#2429 = AXIS2_PLACEMENT_3D('',#2430,#2431,#2432);
#2430 = CARTESIAN_POINT('',(0.25,-6.05,6.1));
#2431 = DIRECTION('',(-1.359631073447E-32,-1.110223024625E-16,-1.));
#2432 = DIRECTION('',(1.224646799147E-16,1.,-1.110223024625E-16));
#2433 = ADVANCED_FACE('',(#2434),#2452,.F.);
#2434 = FACE_BOUND('',#2435,.F.);
#2435 = EDGE_LOOP('',(#2436,#2437,#2438,#2446));
#2436 = ORIENTED_EDGE('',*,*,#2423,.F.);
#2437 = ORIENTED_EDGE('',*,*,#1640,.F.);
#2438 = ORIENTED_EDGE('',*,*,#2439,.T.);
#2439 = EDGE_CURVE('',#1633,#2440,#2442,.T.);
#2440 = VERTEX_POINT('',#2441);
#2441 = CARTESIAN_POINT('',(1.,-5.3,5.25));
#2442 = LINE('',#2443,#2444);
#2443 = CARTESIAN_POINT('',(1.,-5.3,6.1));
#2444 = VECTOR('',#2445,1.);
#2445 = DIRECTION('',(-1.359631073447E-32,-1.110223024625E-16,-1.));
#2446 = ORIENTED_EDGE('',*,*,#2447,.F.);
#2447 = EDGE_CURVE('',#2413,#2440,#2448,.T.);
#2448 = LINE('',#2449,#2450);
#2449 = CARTESIAN_POINT('',(1.75,-5.3,5.25));
#2450 = VECTOR('',#2451,1.);
#2451 = DIRECTION('',(1.,-1.224646799147E-16,2.416252097658E-32));
#2452 = PLANE('',#2453);
#2453 = AXIS2_PLACEMENT_3D('',#2454,#2455,#2456);
#2454 = CARTESIAN_POINT('',(1.,-5.3,6.1));
#2455 = DIRECTION('',(1.224646799147E-16,1.,-1.110223024625E-16));
#2456 = DIRECTION('',(-1.,1.224646799147E-16,0.));
#2457 = ADVANCED_FACE('',(#2458),#2476,.F.);
#2458 = FACE_BOUND('',#2459,.F.);
#2459 = EDGE_LOOP('',(#2460,#2461,#2469,#2475));
#2460 = ORIENTED_EDGE('',*,*,#1632,.F.);
#2461 = ORIENTED_EDGE('',*,*,#2462,.T.);
#2462 = EDGE_CURVE('',#1625,#2463,#2465,.T.);
#2463 = VERTEX_POINT('',#2464);
#2464 = CARTESIAN_POINT('',(1.,-9.2,5.25));
#2465 = LINE('',#2466,#2467);
#2466 = CARTESIAN_POINT('',(1.,-9.2,6.1));
#2467 = VECTOR('',#2468,1.);
#2468 = DIRECTION('',(-1.359631073447E-32,-1.110223024625E-16,-1.));
#2469 = ORIENTED_EDGE('',*,*,#2470,.F.);
#2470 = EDGE_CURVE('',#2440,#2463,#2471,.T.);
#2471 = LINE('',#2472,#2473);
#2472 = CARTESIAN_POINT('',(1.,-7.977450166113,5.25));
#2473 = VECTOR('',#2474,1.);
#2474 = DIRECTION('',(-1.224646799147E-16,-1.,2.653008937428E-17));
#2475 = ORIENTED_EDGE('',*,*,#2439,.F.);
#2476 = PLANE('',#2477);
#2477 = AXIS2_PLACEMENT_3D('',#2478,#2479,#2480);
#2478 = CARTESIAN_POINT('',(1.,-9.2,6.1));
#2479 = DIRECTION('',(1.,-1.224646799147E-16,-0.));
#2480 = DIRECTION('',(1.224646799147E-16,1.,-1.110223024625E-16));
#2481 = ADVANCED_FACE('',(#2482),#2500,.T.);
#2482 = FACE_BOUND('',#2483,.T.);
#2483 = EDGE_LOOP('',(#2484,#2492,#2498,#2499));
#2484 = ORIENTED_EDGE('',*,*,#2485,.F.);
#2485 = EDGE_CURVE('',#2486,#2463,#2488,.T.);
#2486 = VERTEX_POINT('',#2487);
#2487 = CARTESIAN_POINT('',(4.,-9.2,5.25));
#2488 = LINE('',#2489,#2490);
#2489 = CARTESIAN_POINT('',(7.45,-9.2,5.25));
#2490 = VECTOR('',#2491,1.);
#2491 = DIRECTION('',(-1.,1.224646799147E-16,0.));
#2492 = ORIENTED_EDGE('',*,*,#2493,.F.);
#2493 = EDGE_CURVE('',#1617,#2486,#2494,.T.);
#2494 = LINE('',#2495,#2496);
#2495 = CARTESIAN_POINT('',(4.,-9.2,6.1));
#2496 = VECTOR('',#2497,1.);
#2497 = DIRECTION('',(-1.359631073447E-32,-1.110223024625E-16,-1.));
#2498 = ORIENTED_EDGE('',*,*,#1624,.T.);
#2499 = ORIENTED_EDGE('',*,*,#2462,.T.);
#2500 = PLANE('',#2501);
#2501 = AXIS2_PLACEMENT_3D('',#2502,#2503,#2504);
#2502 = CARTESIAN_POINT('',(2.5,-9.2,3.225));
#2503 = DIRECTION('',(-1.224646799147E-16,-1.,1.110223024625E-16));
#2504 = DIRECTION('',(-1.,1.224646799147E-16,0.));
#2505 = ADVANCED_FACE('',(#2506),#2524,.T.);
#2506 = FACE_BOUND('',#2507,.T.);
#2507 = EDGE_LOOP('',(#2508,#2509,#2510,#2518));
#2508 = ORIENTED_EDGE('',*,*,#1616,.F.);
#2509 = ORIENTED_EDGE('',*,*,#2493,.T.);
#2510 = ORIENTED_EDGE('',*,*,#2511,.F.);
#2511 = EDGE_CURVE('',#2512,#2486,#2514,.T.);
#2512 = VERTEX_POINT('',#2513);
#2513 = CARTESIAN_POINT('',(4.,-5.3,5.25));
#2514 = LINE('',#2515,#2516);
#2515 = CARTESIAN_POINT('',(4.,-7.977450166113,5.25));
#2516 = VECTOR('',#2517,1.);
#2517 = DIRECTION('',(-1.224646799147E-16,-1.,2.653008937428E-17));
#2518 = ORIENTED_EDGE('',*,*,#2519,.F.);
#2519 = EDGE_CURVE('',#1609,#2512,#2520,.T.);
#2520 = LINE('',#2521,#2522);
#2521 = CARTESIAN_POINT('',(4.,-5.3,6.1));
#2522 = VECTOR('',#2523,1.);
#2523 = DIRECTION('',(-1.359631073447E-32,-1.110223024625E-16,-1.));
#2524 = PLANE('',#2525);
#2525 = AXIS2_PLACEMENT_3D('',#2526,#2527,#2528);
#2526 = CARTESIAN_POINT('',(4.,-9.2,6.1));
#2527 = DIRECTION('',(1.,-1.224646799147E-16,-0.));
#2528 = DIRECTION('',(1.224646799147E-16,1.,-1.110223024625E-16));
#2529 = ADVANCED_FACE('',(#2530),#2548,.T.);
#2530 = FACE_BOUND('',#2531,.T.);
#2531 = EDGE_LOOP('',(#2532,#2540,#2541,#2542));
#2532 = ORIENTED_EDGE('',*,*,#2533,.F.);
#2533 = EDGE_CURVE('',#1600,#2534,#2536,.T.);
#2534 = VERTEX_POINT('',#2535);
#2535 = CARTESIAN_POINT('',(4.75,-5.3,5.25));
#2536 = LINE('',#2537,#2538);
#2537 = CARTESIAN_POINT('',(4.75,-5.3,6.1));
#2538 = VECTOR('',#2539,1.);
#2539 = DIRECTION('',(-1.359631073447E-32,-1.110223024625E-16,-1.));
#2540 = ORIENTED_EDGE('',*,*,#1608,.F.);
#2541 = ORIENTED_EDGE('',*,*,#2519,.T.);
#2542 = ORIENTED_EDGE('',*,*,#2543,.F.);
#2543 = EDGE_CURVE('',#2534,#2512,#2544,.T.);
#2544 = LINE('',#2545,#2546);
#2545 = CARTESIAN_POINT('',(3.25,-5.3,5.25));
#2546 = VECTOR('',#2547,1.);
#2547 = DIRECTION('',(-1.,1.224646799147E-16,-2.416252097658E-32));
#2548 = PLANE('',#2549);
#2549 = AXIS2_PLACEMENT_3D('',#2550,#2551,#2552);
#2550 = CARTESIAN_POINT('',(4.,-5.3,6.1));
#2551 = DIRECTION('',(-1.224646799147E-16,-1.,1.110223024625E-16));
#2552 = DIRECTION('',(1.,-1.224646799147E-16,0.));
#2553 = ADVANCED_FACE('',(#2554),#2573,.F.);
#2554 = FACE_BOUND('',#2555,.F.);
#2555 = EDGE_LOOP('',(#2556,#2557,#2558,#2566));
#2556 = ORIENTED_EDGE('',*,*,#2533,.F.);
#2557 = ORIENTED_EDGE('',*,*,#1599,.T.);
#2558 = ORIENTED_EDGE('',*,*,#2559,.T.);
#2559 = EDGE_CURVE('',#1592,#2560,#2562,.T.);
#2560 = VERTEX_POINT('',#2561);
#2561 = CARTESIAN_POINT('',(5.5,-6.05,5.25));
#2562 = LINE('',#2563,#2564);
#2563 = CARTESIAN_POINT('',(5.5,-6.05,6.1));
#2564 = VECTOR('',#2565,1.);
#2565 = DIRECTION('',(-1.359631073447E-32,-1.110223024625E-16,-1.));
#2566 = ORIENTED_EDGE('',*,*,#2567,.F.);
#2567 = EDGE_CURVE('',#2534,#2560,#2568,.T.);
#2568 = CIRCLE('',#2569,0.75);
#2569 = AXIS2_PLACEMENT_3D('',#2570,#2571,#2572);
#2570 = CARTESIAN_POINT('',(4.75,-6.05,5.25));
#2571 = DIRECTION('',(-1.359631073447E-32,-1.110223024625E-16,-1.));
#2572 = DIRECTION('',(1.224646799147E-16,1.,-1.110223024625E-16));
#2573 = CYLINDRICAL_SURFACE('',#2574,0.75);
#2574 = AXIS2_PLACEMENT_3D('',#2575,#2576,#2577);
#2575 = CARTESIAN_POINT('',(4.75,-6.05,6.1));
#2576 = DIRECTION('',(-1.359631073447E-32,-1.110223024625E-16,-1.));
#2577 = DIRECTION('',(1.224646799147E-16,1.,-1.110223024625E-16));
#2578 = ADVANCED_FACE('',(#2579),#2597,.T.);
#2579 = FACE_BOUND('',#2580,.T.);
#2580 = EDGE_LOOP('',(#2581,#2582,#2583,#2591));
#2581 = ORIENTED_EDGE('',*,*,#1591,.F.);
#2582 = ORIENTED_EDGE('',*,*,#2559,.T.);
#2583 = ORIENTED_EDGE('',*,*,#2584,.F.);
#2584 = EDGE_CURVE('',#2585,#2560,#2587,.T.);
#2585 = VERTEX_POINT('',#2586);
#2586 = CARTESIAN_POINT('',(5.5,-7.8,5.25));
#2587 = LINE('',#2588,#2589);
#2588 = CARTESIAN_POINT('',(5.5,-6.027450166113,5.25));
#2589 = VECTOR('',#2590,1.);
#2590 = DIRECTION('',(1.224646799147E-16,1.,-2.653008937428E-17));
#2591 = ORIENTED_EDGE('',*,*,#2592,.F.);
#2592 = EDGE_CURVE('',#1584,#2585,#2593,.T.);
#2593 = LINE('',#2594,#2595);
#2594 = CARTESIAN_POINT('',(5.5,-7.8,6.1));
#2595 = VECTOR('',#2596,1.);
#2596 = DIRECTION('',(-1.359631073447E-32,-1.110223024625E-16,-1.));
#2597 = PLANE('',#2598);
#2598 = AXIS2_PLACEMENT_3D('',#2599,#2600,#2601);
#2599 = CARTESIAN_POINT('',(5.5,-5.3,6.1));
#2600 = DIRECTION('',(-1.,1.224646799147E-16,0.));
#2601 = DIRECTION('',(-1.224646799147E-16,-1.,1.110223024625E-16));
#2602 = ADVANCED_FACE('',(#2603),#2621,.T.);
#2603 = FACE_BOUND('',#2604,.T.);
#2604 = EDGE_LOOP('',(#2605,#2606,#2607,#2615));
#2605 = ORIENTED_EDGE('',*,*,#1583,.F.);
#2606 = ORIENTED_EDGE('',*,*,#2592,.T.);
#2607 = ORIENTED_EDGE('',*,*,#2608,.F.);
#2608 = EDGE_CURVE('',#2609,#2585,#2611,.T.);
#2609 = VERTEX_POINT('',#2610);
#2610 = CARTESIAN_POINT('',(5.25,-8.05,5.25));
#2611 = LINE('',#2612,#2613);
#2612 = CARTESIAN_POINT('',(5.011274916944,-8.288725083056,5.25));
#2613 = VECTOR('',#2614,1.);
#2614 = DIRECTION('',(0.707106781187,0.707106781187,-1.875960610203E-17)
  );
#2615 = ORIENTED_EDGE('',*,*,#2616,.F.);
#2616 = EDGE_CURVE('',#1576,#2609,#2617,.T.);
#2617 = LINE('',#2618,#2619);
#2618 = CARTESIAN_POINT('',(5.25,-8.05,6.1));
#2619 = VECTOR('',#2620,1.);
#2620 = DIRECTION('',(-1.359631073447E-32,-1.110223024625E-16,-1.));
#2621 = PLANE('',#2622);
#2622 = AXIS2_PLACEMENT_3D('',#2623,#2624,#2625);
#2623 = CARTESIAN_POINT('',(5.5,-7.8,6.1));
#2624 = DIRECTION('',(-0.707106781187,0.707106781187,-7.850462293414E-17
    ));
#2625 = DIRECTION('',(-0.707106781187,-0.707106781187,7.850462293414E-17
    ));
#2626 = ADVANCED_FACE('',(#2627),#2645,.T.);
#2627 = FACE_BOUND('',#2628,.T.);
#2628 = EDGE_LOOP('',(#2629,#2630,#2631,#2639));
#2629 = ORIENTED_EDGE('',*,*,#1575,.F.);
#2630 = ORIENTED_EDGE('',*,*,#2616,.T.);
#2631 = ORIENTED_EDGE('',*,*,#2632,.F.);
#2632 = EDGE_CURVE('',#2633,#2609,#2635,.T.);
#2633 = VERTEX_POINT('',#2634);
#2634 = CARTESIAN_POINT('',(5.5,-8.3,5.25));
#2635 = LINE('',#2636,#2637);
#2636 = CARTESIAN_POINT('',(4.238725083056,-7.038725083056,5.25));
#2637 = VECTOR('',#2638,1.);
#2638 = DIRECTION('',(-0.707106781187,0.707106781187,-1.875960610203E-17
    ));
#2639 = ORIENTED_EDGE('',*,*,#2640,.F.);
#2640 = EDGE_CURVE('',#1568,#2633,#2641,.T.);
#2641 = LINE('',#2642,#2643);
#2642 = CARTESIAN_POINT('',(5.5,-8.3,6.1));
#2643 = VECTOR('',#2644,1.);
#2644 = DIRECTION('',(-1.359631073447E-32,-1.110223024625E-16,-1.));
#2645 = PLANE('',#2646);
#2646 = AXIS2_PLACEMENT_3D('',#2647,#2648,#2649);
#2647 = CARTESIAN_POINT('',(5.25,-8.05,6.1));
#2648 = DIRECTION('',(-0.707106781187,-0.707106781187,7.850462293414E-17
    ));
#2649 = DIRECTION('',(0.707106781187,-0.707106781187,7.850462293414E-17)
  );
#2650 = ADVANCED_FACE('',(#2651),#2669,.T.);
#2651 = FACE_BOUND('',#2652,.T.);
#2652 = EDGE_LOOP('',(#2653,#2654,#2655,#2663));
#2653 = ORIENTED_EDGE('',*,*,#1567,.F.);
#2654 = ORIENTED_EDGE('',*,*,#2640,.T.);
#2655 = ORIENTED_EDGE('',*,*,#2656,.F.);
#2656 = EDGE_CURVE('',#2657,#2633,#2659,.T.);
#2657 = VERTEX_POINT('',#2658);
#2658 = CARTESIAN_POINT('',(5.5,-9.2,5.25));
#2659 = LINE('',#2660,#2661);
#2660 = CARTESIAN_POINT('',(5.5,-7.527450166113,5.25));
#2661 = VECTOR('',#2662,1.);
#2662 = DIRECTION('',(-3.709677754742E-16,1.,-2.653008937428E-17));
#2663 = ORIENTED_EDGE('',*,*,#2664,.F.);
#2664 = EDGE_CURVE('',#1560,#2657,#2665,.T.);
#2665 = LINE('',#2666,#2667);
#2666 = CARTESIAN_POINT('',(5.5,-9.2,6.1));
#2667 = VECTOR('',#2668,1.);
#2668 = DIRECTION('',(-1.359631073447E-32,-1.110223024625E-16,-1.));
#2669 = PLANE('',#2670);
#2670 = AXIS2_PLACEMENT_3D('',#2671,#2672,#2673);
#2671 = CARTESIAN_POINT('',(5.5,-8.3,6.1));
#2672 = DIRECTION('',(-1.,-3.709677754742E-16,5.478200730701E-32));
#2673 = DIRECTION('',(3.709677754742E-16,-1.,1.110223024625E-16));
#2674 = ADVANCED_FACE('',(#2675),#2686,.T.);
#2675 = FACE_BOUND('',#2676,.T.);
#2676 = EDGE_LOOP('',(#2677,#2683,#2684,#2685));
#2677 = ORIENTED_EDGE('',*,*,#2678,.F.);
#2678 = EDGE_CURVE('',#2059,#2657,#2679,.T.);
#2679 = LINE('',#2680,#2681);
#2680 = CARTESIAN_POINT('',(7.45,-9.2,5.25));
#2681 = VECTOR('',#2682,1.);
#2682 = DIRECTION('',(-1.,1.224646799147E-16,0.));
#2683 = ORIENTED_EDGE('',*,*,#2058,.T.);
#2684 = ORIENTED_EDGE('',*,*,#1559,.T.);
#2685 = ORIENTED_EDGE('',*,*,#2664,.T.);
#2686 = PLANE('',#2687);
#2687 = AXIS2_PLACEMENT_3D('',#2688,#2689,#2690);
#2688 = CARTESIAN_POINT('',(2.5,-9.2,3.225));
#2689 = DIRECTION('',(-1.224646799147E-16,-1.,1.110223024625E-16));
#2690 = DIRECTION('',(-1.,1.224646799147E-16,0.));
#2691 = ADVANCED_FACE('',(#2692),#2710,.T.);
#2692 = FACE_BOUND('',#2693,.T.);
#2693 = EDGE_LOOP('',(#2694,#2702,#2708,#2709));
#2694 = ORIENTED_EDGE('',*,*,#2695,.T.);
#2695 = EDGE_CURVE('',#2166,#2696,#2698,.T.);
#2696 = VERTEX_POINT('',#2697);
#2697 = CARTESIAN_POINT('',(-1.6,-5.85,4.75));
#2698 = LINE('',#2699,#2700);
#2699 = CARTESIAN_POINT('',(-1.6,-5.85,5.));
#2700 = VECTOR('',#2701,1.);
#2701 = DIRECTION('',(1.359631073447E-32,1.110223024625E-16,1.));
#2702 = ORIENTED_EDGE('',*,*,#2703,.T.);
#2703 = EDGE_CURVE('',#2696,#1788,#2704,.T.);
#2704 = LINE('',#2705,#2706);
#2705 = CARTESIAN_POINT('',(7.45,-5.85,4.75));
#2706 = VECTOR('',#2707,1.);
#2707 = DIRECTION('',(-1.,1.224646799147E-16,0.));
#2708 = ORIENTED_EDGE('',*,*,#1787,.T.);
#2709 = ORIENTED_EDGE('',*,*,#2173,.F.);
#2710 = PLANE('',#2711);
#2711 = AXIS2_PLACEMENT_3D('',#2712,#2713,#2714);
#2712 = CARTESIAN_POINT('',(7.45,-5.85,4.75));
#2713 = DIRECTION('',(-1.224646799147E-16,-1.,1.110223024625E-16));
#2714 = DIRECTION('',(-1.359631073447E-32,-1.110223024625E-16,-1.));
#2715 = ADVANCED_FACE('',(#2716),#2735,.F.);
#2716 = FACE_BOUND('',#2717,.F.);
#2717 = EDGE_LOOP('',(#2718,#2719,#2720,#2728));
#2718 = ORIENTED_EDGE('',*,*,#2703,.T.);
#2719 = ORIENTED_EDGE('',*,*,#1795,.T.);
#2720 = ORIENTED_EDGE('',*,*,#2721,.F.);
#2721 = EDGE_CURVE('',#2722,#1796,#2724,.T.);
#2722 = VERTEX_POINT('',#2723);
#2723 = CARTESIAN_POINT('',(-1.6,-6.35,5.25));
#2724 = LINE('',#2725,#2726);
#2725 = CARTESIAN_POINT('',(7.45,-6.35,5.25));
#2726 = VECTOR('',#2727,1.);
#2727 = DIRECTION('',(-1.,1.224646799147E-16,0.));
#2728 = ORIENTED_EDGE('',*,*,#2729,.F.);
#2729 = EDGE_CURVE('',#2696,#2722,#2730,.T.);
#2730 = CIRCLE('',#2731,0.5);
#2731 = AXIS2_PLACEMENT_3D('',#2732,#2733,#2734);
#2732 = CARTESIAN_POINT('',(-1.6,-6.35,4.75));
#2733 = DIRECTION('',(1.,-1.224646799147E-16,0.));
#2734 = DIRECTION('',(1.359631073446E-32,1.110223024625E-16,1.));
#2735 = CYLINDRICAL_SURFACE('',#2736,0.5);
#2736 = AXIS2_PLACEMENT_3D('',#2737,#2738,#2739);
#2737 = CARTESIAN_POINT('',(7.45,-6.35,4.75));
#2738 = DIRECTION('',(1.,-1.224646799147E-16,0.));
#2739 = DIRECTION('',(1.359631073446E-32,1.110223024625E-16,1.));
#2740 = ADVANCED_FACE('',(#2741),#2793,.T.);
#2741 = FACE_BOUND('',#2742,.T.);
#2742 = EDGE_LOOP('',(#2743,#2744,#2745,#2746,#2747,#2748,#2749,#2750,
    #2751,#2752,#2753,#2754,#2755,#2756,#2757,#2758,#2759,#2760,#2761,
    #2762,#2763,#2771,#2779,#2787));
#2743 = ORIENTED_EDGE('',*,*,#2066,.F.);
#2744 = ORIENTED_EDGE('',*,*,#2678,.T.);
#2745 = ORIENTED_EDGE('',*,*,#2656,.T.);
#2746 = ORIENTED_EDGE('',*,*,#2632,.T.);
#2747 = ORIENTED_EDGE('',*,*,#2608,.T.);
#2748 = ORIENTED_EDGE('',*,*,#2584,.T.);
#2749 = ORIENTED_EDGE('',*,*,#2567,.F.);
#2750 = ORIENTED_EDGE('',*,*,#2543,.T.);
#2751 = ORIENTED_EDGE('',*,*,#2511,.T.);
#2752 = ORIENTED_EDGE('',*,*,#2485,.T.);
#2753 = ORIENTED_EDGE('',*,*,#2470,.F.);
#2754 = ORIENTED_EDGE('',*,*,#2447,.F.);
#2755 = ORIENTED_EDGE('',*,*,#2412,.F.);
#2756 = ORIENTED_EDGE('',*,*,#2397,.F.);
#2757 = ORIENTED_EDGE('',*,*,#2373,.F.);
#2758 = ORIENTED_EDGE('',*,*,#2349,.F.);
#2759 = ORIENTED_EDGE('',*,*,#2325,.F.);
#2760 = ORIENTED_EDGE('',*,*,#2292,.T.);
#2761 = ORIENTED_EDGE('',*,*,#1804,.T.);
#2762 = ORIENTED_EDGE('',*,*,#2721,.F.);
#2763 = ORIENTED_EDGE('',*,*,#2764,.T.);
#2764 = EDGE_CURVE('',#2722,#2765,#2767,.T.);
#2765 = VERTEX_POINT('',#2766);
#2766 = CARTESIAN_POINT('',(-1.6,-4.05,5.25));
#2767 = LINE('',#2768,#2769);
#2768 = CARTESIAN_POINT('',(-1.6,-9.2,5.25));
#2769 = VECTOR('',#2770,1.);
#2770 = DIRECTION('',(1.224646799147E-16,1.,-1.110223024625E-16));
#2771 = ORIENTED_EDGE('',*,*,#2772,.F.);
#2772 = EDGE_CURVE('',#2773,#2765,#2775,.T.);
#2773 = VERTEX_POINT('',#2774);
#2774 = CARTESIAN_POINT('',(6.6,-4.05,5.25));
#2775 = LINE('',#2776,#2777);
#2776 = CARTESIAN_POINT('',(6.6,-4.05,5.25));
#2777 = VECTOR('',#2778,1.);
#2778 = DIRECTION('',(-1.,1.224646799147E-16,0.));
#2779 = ORIENTED_EDGE('',*,*,#2780,.F.);
#2780 = EDGE_CURVE('',#2781,#2773,#2783,.T.);
#2781 = VERTEX_POINT('',#2782);
#2782 = CARTESIAN_POINT('',(6.6,-6.35,5.25));
#2783 = LINE('',#2784,#2785);
#2784 = CARTESIAN_POINT('',(6.6,-9.2,5.25));
#2785 = VECTOR('',#2786,1.);
#2786 = DIRECTION('',(1.224646799147E-16,1.,-1.110223024625E-16));
#2787 = ORIENTED_EDGE('',*,*,#2788,.F.);
#2788 = EDGE_CURVE('',#2067,#2781,#2789,.T.);
#2789 = LINE('',#2790,#2791);
#2790 = CARTESIAN_POINT('',(7.45,-6.35,5.25));
#2791 = VECTOR('',#2792,1.);
#2792 = DIRECTION('',(-1.,1.224646799147E-16,0.));
#2793 = PLANE('',#2794);
#2794 = AXIS2_PLACEMENT_3D('',#2795,#2796,#2797);
#2795 = CARTESIAN_POINT('',(2.5,-6.754900332226,5.25));
#2796 = DIRECTION('',(2.091352207325E-32,-2.653008937428E-17,-1.));
#2797 = DIRECTION('',(-1.224646799147E-16,-1.,2.653008937428E-17));
#2798 = ADVANCED_FACE('',(#2799),#2824,.F.);
#2799 = FACE_BOUND('',#2800,.F.);
#2800 = EDGE_LOOP('',(#2801,#2809,#2810,#2818));
#2801 = ORIENTED_EDGE('',*,*,#2802,.F.);
#2802 = EDGE_CURVE('',#1853,#2803,#2805,.T.);
#2803 = VERTEX_POINT('',#2804);
#2804 = CARTESIAN_POINT('',(0.32,-0.37,4.07));
#2805 = LINE('',#2806,#2807);
#2806 = CARTESIAN_POINT('',(0.32,-8.7,4.07));
#2807 = VECTOR('',#2808,1.);
#2808 = DIRECTION('',(1.224646799147E-16,1.,0.));
#2809 = ORIENTED_EDGE('',*,*,#1850,.F.);
#2810 = ORIENTED_EDGE('',*,*,#2811,.T.);
#2811 = EDGE_CURVE('',#1851,#2812,#2814,.T.);
#2812 = VERTEX_POINT('',#2813);
#2813 = CARTESIAN_POINT('',(-0.32,-0.37,4.07));
#2814 = LINE('',#2815,#2816);
#2815 = CARTESIAN_POINT('',(-0.32,-8.7,4.07));
#2816 = VECTOR('',#2817,1.);
#2817 = DIRECTION('',(1.224646799147E-16,1.,0.));
#2818 = ORIENTED_EDGE('',*,*,#2819,.F.);
#2819 = EDGE_CURVE('',#2803,#2812,#2820,.T.);
#2820 = LINE('',#2821,#2822);
#2821 = CARTESIAN_POINT('',(0.32,-0.37,4.07));
#2822 = VECTOR('',#2823,1.);
#2823 = DIRECTION('',(-1.,1.224646799147E-16,0.));
#2824 = PLANE('',#2825);
#2825 = AXIS2_PLACEMENT_3D('',#2826,#2827,#2828);
#2826 = CARTESIAN_POINT('',(0.32,-8.7,4.07));
#2827 = DIRECTION('',(-0.,0.,-1.));
#2828 = DIRECTION('',(1.224646799147E-16,1.,0.));
#2829 = ADVANCED_FACE('',(#2830),#2914,.T.);
#2830 = FACE_BOUND('',#2831,.T.);
#2831 = EDGE_LOOP('',(#2832,#2833,#2834,#2843,#2851,#2859,#2867,#2875,
    #2883,#2891,#2899,#2908));
#2832 = ORIENTED_EDGE('',*,*,#1876,.F.);
#2833 = ORIENTED_EDGE('',*,*,#2811,.T.);
#2834 = ORIENTED_EDGE('',*,*,#2835,.T.);
#2835 = EDGE_CURVE('',#2812,#2836,#2838,.T.);
#2836 = VERTEX_POINT('',#2837);
#2837 = CARTESIAN_POINT('',(-0.32,0.32,3.38));
#2838 = CIRCLE('',#2839,0.69);
#2839 = AXIS2_PLACEMENT_3D('',#2840,#2841,#2842);
#2840 = CARTESIAN_POINT('',(-0.32,-0.37,3.38));
#2841 = DIRECTION('',(-1.,1.224646799147E-16,0.));
#2842 = DIRECTION('',(0.,0.,1.));
#2843 = ORIENTED_EDGE('',*,*,#2844,.T.);
#2844 = EDGE_CURVE('',#2836,#2845,#2847,.T.);
#2845 = VERTEX_POINT('',#2846);
#2846 = CARTESIAN_POINT('',(-0.32,0.32,-0.9));
#2847 = LINE('',#2848,#2849);
#2848 = CARTESIAN_POINT('',(-0.32,0.32,4.07));
#2849 = VECTOR('',#2850,1.);
#2850 = DIRECTION('',(-0.,0.,-1.));
#2851 = ORIENTED_EDGE('',*,*,#2852,.T.);
#2852 = EDGE_CURVE('',#2845,#2853,#2855,.T.);
#2853 = VERTEX_POINT('',#2854);
#2854 = CARTESIAN_POINT('',(-0.32,2.E-02,-1.5));
#2855 = LINE('',#2856,#2857);
#2856 = CARTESIAN_POINT('',(-0.32,0.32,-0.9));
#2857 = VECTOR('',#2858,1.);
#2858 = DIRECTION('',(-5.476786982641E-17,-0.4472135955,-0.894427191));
#2859 = ORIENTED_EDGE('',*,*,#2860,.T.);
#2860 = EDGE_CURVE('',#2853,#2861,#2863,.T.);
#2861 = VERTEX_POINT('',#2862);
#2862 = CARTESIAN_POINT('',(-0.32,0.288421052632,-3.2));
#2863 = LINE('',#2864,#2865);
#2864 = CARTESIAN_POINT('',(-0.32,2.E-02,-1.5));
#2865 = VECTOR('',#2866,1.);
#2866 = DIRECTION('',(1.909990663905E-17,0.155962573473,-0.987762965329)
  );
#2867 = ORIENTED_EDGE('',*,*,#2868,.T.);
#2868 = EDGE_CURVE('',#2861,#2869,#2871,.T.);
#2869 = VERTEX_POINT('',#2870);
#2870 = CARTESIAN_POINT('',(-0.32,-0.351578947368,-3.2));
#2871 = LINE('',#2872,#2873);
#2872 = CARTESIAN_POINT('',(-0.32,0.32,-3.2));
#2873 = VECTOR('',#2874,1.);
#2874 = DIRECTION('',(-1.224646799147E-16,-1.,0.));
#2875 = ORIENTED_EDGE('',*,*,#2876,.T.);
#2876 = EDGE_CURVE('',#2869,#2877,#2879,.T.);
#2877 = VERTEX_POINT('',#2878);
#2878 = CARTESIAN_POINT('',(-0.32,-0.62,-1.5));
#2879 = LINE('',#2880,#2881);
#2880 = CARTESIAN_POINT('',(-0.32,-0.32,-3.4));
#2881 = VECTOR('',#2882,1.);
#2882 = DIRECTION('',(-1.909990663905E-17,-0.155962573473,0.987762965329
    ));
#2883 = ORIENTED_EDGE('',*,*,#2884,.T.);
#2884 = EDGE_CURVE('',#2877,#2885,#2887,.T.);
#2885 = VERTEX_POINT('',#2886);
#2886 = CARTESIAN_POINT('',(-0.32,-0.32,-0.9));
#2887 = LINE('',#2888,#2889);
#2888 = CARTESIAN_POINT('',(-0.32,-0.62,-1.5));
#2889 = VECTOR('',#2890,1.);
#2890 = DIRECTION('',(5.476786982641E-17,0.4472135955,0.894427191));
#2891 = ORIENTED_EDGE('',*,*,#2892,.T.);
#2892 = EDGE_CURVE('',#2885,#2893,#2895,.T.);
#2893 = VERTEX_POINT('',#2894);
#2894 = CARTESIAN_POINT('',(-0.32,-0.32,3.38));
#2895 = LINE('',#2896,#2897);
#2896 = CARTESIAN_POINT('',(-0.32,-0.32,-0.9));
#2897 = VECTOR('',#2898,1.);
#2898 = DIRECTION('',(0.,0.,1.));
#2899 = ORIENTED_EDGE('',*,*,#2900,.F.);
#2900 = EDGE_CURVE('',#2901,#2893,#2903,.T.);
#2901 = VERTEX_POINT('',#2902);
#2902 = CARTESIAN_POINT('',(-0.32,-0.37,3.43));
#2903 = CIRCLE('',#2904,5.E-02);
#2904 = AXIS2_PLACEMENT_3D('',#2905,#2906,#2907);
#2905 = CARTESIAN_POINT('',(-0.32,-0.37,3.38));
#2906 = DIRECTION('',(-1.,1.224646799147E-16,0.));
#2907 = DIRECTION('',(0.,0.,1.));
#2908 = ORIENTED_EDGE('',*,*,#2909,.T.);
#2909 = EDGE_CURVE('',#2901,#1869,#2910,.T.);
#2910 = LINE('',#2911,#2912);
#2911 = CARTESIAN_POINT('',(-0.32,-0.32,3.43));
#2912 = VECTOR('',#2913,1.);
#2913 = DIRECTION('',(-1.224646799147E-16,-1.,0.));
#2914 = PLANE('',#2915);
#2915 = AXIS2_PLACEMENT_3D('',#2916,#2917,#2918);
#2916 = CARTESIAN_POINT('',(-0.32,-2.46404183087,2.050076029119));
#2917 = DIRECTION('',(-1.,1.224646799147E-16,0.));
#2918 = DIRECTION('',(0.,0.,1.));
#2919 = ADVANCED_FACE('',(#2920),#2938,.F.);
#2920 = FACE_BOUND('',#2921,.F.);
#2921 = EDGE_LOOP('',(#2922,#2930,#2936,#2937));
#2922 = ORIENTED_EDGE('',*,*,#2923,.F.);
#2923 = EDGE_CURVE('',#2924,#1861,#2926,.T.);
#2924 = VERTEX_POINT('',#2925);
#2925 = CARTESIAN_POINT('',(0.32,-0.37,3.43));
#2926 = LINE('',#2927,#2928);
#2927 = CARTESIAN_POINT('',(0.32,-0.32,3.43));
#2928 = VECTOR('',#2929,1.);
#2929 = DIRECTION('',(-1.224646799147E-16,-1.,0.));
#2930 = ORIENTED_EDGE('',*,*,#2931,.T.);
#2931 = EDGE_CURVE('',#2924,#2901,#2932,.T.);
#2932 = LINE('',#2933,#2934);
#2933 = CARTESIAN_POINT('',(0.32,-0.37,3.43));
#2934 = VECTOR('',#2935,1.);
#2935 = DIRECTION('',(-1.,1.224646799147E-16,0.));
#2936 = ORIENTED_EDGE('',*,*,#2909,.T.);
#2937 = ORIENTED_EDGE('',*,*,#1868,.F.);
#2938 = PLANE('',#2939);
#2939 = AXIS2_PLACEMENT_3D('',#2940,#2941,#2942);
#2940 = CARTESIAN_POINT('',(0.32,-0.32,3.43));
#2941 = DIRECTION('',(0.,0.,1.));
#2942 = DIRECTION('',(-1.224646799147E-16,-1.,0.));
#2943 = ADVANCED_FACE('',(#2944),#3021,.F.);
#2944 = FACE_BOUND('',#2945,.F.);
#2945 = EDGE_LOOP('',(#2946,#2947,#2948,#2957,#2965,#2973,#2981,#2989,
    #2997,#3005,#3013,#3020));
#2946 = ORIENTED_EDGE('',*,*,#1860,.F.);
#2947 = ORIENTED_EDGE('',*,*,#2802,.T.);
#2948 = ORIENTED_EDGE('',*,*,#2949,.T.);
#2949 = EDGE_CURVE('',#2803,#2950,#2952,.T.);
#2950 = VERTEX_POINT('',#2951);
#2951 = CARTESIAN_POINT('',(0.32,0.32,3.38));
#2952 = CIRCLE('',#2953,0.69);
#2953 = AXIS2_PLACEMENT_3D('',#2954,#2955,#2956);
#2954 = CARTESIAN_POINT('',(0.32,-0.37,3.38));
#2955 = DIRECTION('',(-1.,1.224646799147E-16,0.));
#2956 = DIRECTION('',(0.,0.,1.));
#2957 = ORIENTED_EDGE('',*,*,#2958,.T.);
#2958 = EDGE_CURVE('',#2950,#2959,#2961,.T.);
#2959 = VERTEX_POINT('',#2960);
#2960 = CARTESIAN_POINT('',(0.32,0.32,-0.9));
#2961 = LINE('',#2962,#2963);
#2962 = CARTESIAN_POINT('',(0.32,0.32,4.07));
#2963 = VECTOR('',#2964,1.);
#2964 = DIRECTION('',(-0.,0.,-1.));
#2965 = ORIENTED_EDGE('',*,*,#2966,.T.);
#2966 = EDGE_CURVE('',#2959,#2967,#2969,.T.);
#2967 = VERTEX_POINT('',#2968);
#2968 = CARTESIAN_POINT('',(0.32,2.E-02,-1.5));
#2969 = LINE('',#2970,#2971);
#2970 = CARTESIAN_POINT('',(0.32,0.32,-0.9));
#2971 = VECTOR('',#2972,1.);
#2972 = DIRECTION('',(-5.476786982641E-17,-0.4472135955,-0.894427191));
#2973 = ORIENTED_EDGE('',*,*,#2974,.T.);
#2974 = EDGE_CURVE('',#2967,#2975,#2977,.T.);
#2975 = VERTEX_POINT('',#2976);
#2976 = CARTESIAN_POINT('',(0.32,0.288421052632,-3.2));
#2977 = LINE('',#2978,#2979);
#2978 = CARTESIAN_POINT('',(0.32,2.E-02,-1.5));
#2979 = VECTOR('',#2980,1.);
#2980 = DIRECTION('',(1.909990663905E-17,0.155962573473,-0.987762965329)
  );
#2981 = ORIENTED_EDGE('',*,*,#2982,.T.);
#2982 = EDGE_CURVE('',#2975,#2983,#2985,.T.);
#2983 = VERTEX_POINT('',#2984);
#2984 = CARTESIAN_POINT('',(0.32,-0.351578947368,-3.2));
#2985 = LINE('',#2986,#2987);
#2986 = CARTESIAN_POINT('',(0.32,0.32,-3.2));
#2987 = VECTOR('',#2988,1.);
#2988 = DIRECTION('',(-1.224646799147E-16,-1.,0.));
#2989 = ORIENTED_EDGE('',*,*,#2990,.T.);
#2990 = EDGE_CURVE('',#2983,#2991,#2993,.T.);
#2991 = VERTEX_POINT('',#2992);
#2992 = CARTESIAN_POINT('',(0.32,-0.62,-1.5));
#2993 = LINE('',#2994,#2995);
#2994 = CARTESIAN_POINT('',(0.32,-0.32,-3.4));
#2995 = VECTOR('',#2996,1.);
#2996 = DIRECTION('',(-1.909990663905E-17,-0.155962573473,0.987762965329
    ));
#2997 = ORIENTED_EDGE('',*,*,#2998,.T.);
#2998 = EDGE_CURVE('',#2991,#2999,#3001,.T.);
#2999 = VERTEX_POINT('',#3000);
#3000 = CARTESIAN_POINT('',(0.32,-0.32,-0.9));
#3001 = LINE('',#3002,#3003);
#3002 = CARTESIAN_POINT('',(0.32,-0.62,-1.5));
#3003 = VECTOR('',#3004,1.);
#3004 = DIRECTION('',(5.476786982641E-17,0.4472135955,0.894427191));
#3005 = ORIENTED_EDGE('',*,*,#3006,.T.);
#3006 = EDGE_CURVE('',#2999,#3007,#3009,.T.);
#3007 = VERTEX_POINT('',#3008);
#3008 = CARTESIAN_POINT('',(0.32,-0.32,3.38));
#3009 = LINE('',#3010,#3011);
#3010 = CARTESIAN_POINT('',(0.32,-0.32,-0.9));
#3011 = VECTOR('',#3012,1.);
#3012 = DIRECTION('',(0.,0.,1.));
#3013 = ORIENTED_EDGE('',*,*,#3014,.F.);
#3014 = EDGE_CURVE('',#2924,#3007,#3015,.T.);
#3015 = CIRCLE('',#3016,5.E-02);
#3016 = AXIS2_PLACEMENT_3D('',#3017,#3018,#3019);
#3017 = CARTESIAN_POINT('',(0.32,-0.37,3.38));
#3018 = DIRECTION('',(-1.,1.224646799147E-16,0.));
#3019 = DIRECTION('',(0.,0.,1.));
#3020 = ORIENTED_EDGE('',*,*,#2923,.T.);
#3021 = PLANE('',#3022);
#3022 = AXIS2_PLACEMENT_3D('',#3023,#3024,#3025);
#3023 = CARTESIAN_POINT('',(0.32,-2.46404183087,2.050076029119));
#3024 = DIRECTION('',(-1.,1.224646799147E-16,0.));
#3025 = DIRECTION('',(0.,0.,1.));
#3026 = ADVANCED_FACE('',(#3027),#3086,.T.);
#3027 = FACE_BOUND('',#3028,.T.);
#3028 = EDGE_LOOP('',(#3029,#3030,#3038,#3047,#3055,#3063,#3071,#3080));
#3029 = ORIENTED_EDGE('',*,*,#1913,.F.);
#3030 = ORIENTED_EDGE('',*,*,#3031,.T.);
#3031 = EDGE_CURVE('',#1914,#3032,#3034,.T.);
#3032 = VERTEX_POINT('',#3033);
#3033 = CARTESIAN_POINT('',(2.18,-0.37,4.07));
#3034 = LINE('',#3035,#3036);
#3035 = CARTESIAN_POINT('',(2.18,-8.7,4.07));
#3036 = VECTOR('',#3037,1.);
#3037 = DIRECTION('',(1.224646799147E-16,1.,0.));
#3038 = ORIENTED_EDGE('',*,*,#3039,.T.);
#3039 = EDGE_CURVE('',#3032,#3040,#3042,.T.);
#3040 = VERTEX_POINT('',#3041);
#3041 = CARTESIAN_POINT('',(2.18,0.32,3.38));
#3042 = CIRCLE('',#3043,0.69);
#3043 = AXIS2_PLACEMENT_3D('',#3044,#3045,#3046);
#3044 = CARTESIAN_POINT('',(2.18,-0.37,3.38));
#3045 = DIRECTION('',(-1.,1.224646799147E-16,0.));
#3046 = DIRECTION('',(0.,0.,1.));
#3047 = ORIENTED_EDGE('',*,*,#3048,.T.);
#3048 = EDGE_CURVE('',#3040,#3049,#3051,.T.);
#3049 = VERTEX_POINT('',#3050);
#3050 = CARTESIAN_POINT('',(2.18,0.32,-3.2));
#3051 = LINE('',#3052,#3053);
#3052 = CARTESIAN_POINT('',(2.18,0.32,4.07));
#3053 = VECTOR('',#3054,1.);
#3054 = DIRECTION('',(-4.550304797346E-33,-3.715605838772E-17,-1.));
#3055 = ORIENTED_EDGE('',*,*,#3056,.T.);
#3056 = EDGE_CURVE('',#3049,#3057,#3059,.T.);
#3057 = VERTEX_POINT('',#3058);
#3058 = CARTESIAN_POINT('',(2.18,-0.32,-3.2));
#3059 = LINE('',#3060,#3061);
#3060 = CARTESIAN_POINT('',(2.18,0.32,-3.2));
#3061 = VECTOR('',#3062,1.);
#3062 = DIRECTION('',(-1.224646799147E-16,-1.,0.));
#3063 = ORIENTED_EDGE('',*,*,#3064,.T.);
#3064 = EDGE_CURVE('',#3057,#3065,#3067,.T.);
#3065 = VERTEX_POINT('',#3066);
#3066 = CARTESIAN_POINT('',(2.18,-0.32,3.38));
#3067 = LINE('',#3068,#3069);
#3068 = CARTESIAN_POINT('',(2.18,-0.32,-3.4));
#3069 = VECTOR('',#3070,1.);
#3070 = DIRECTION('',(0.,0.,1.));
#3071 = ORIENTED_EDGE('',*,*,#3072,.F.);
#3072 = EDGE_CURVE('',#3073,#3065,#3075,.T.);
#3073 = VERTEX_POINT('',#3074);
#3074 = CARTESIAN_POINT('',(2.18,-0.37,3.43));
#3075 = CIRCLE('',#3076,5.E-02);
#3076 = AXIS2_PLACEMENT_3D('',#3077,#3078,#3079);
#3077 = CARTESIAN_POINT('',(2.18,-0.37,3.38));
#3078 = DIRECTION('',(-1.,1.224646799147E-16,0.));
#3079 = DIRECTION('',(0.,0.,1.));
#3080 = ORIENTED_EDGE('',*,*,#3081,.T.);
#3081 = EDGE_CURVE('',#3073,#1916,#3082,.T.);
#3082 = LINE('',#3083,#3084);
#3083 = CARTESIAN_POINT('',(2.18,-0.32,3.43));
#3084 = VECTOR('',#3085,1.);
#3085 = DIRECTION('',(-1.224646799147E-16,-1.,0.));
#3086 = PLANE('',#3087);
#3087 = AXIS2_PLACEMENT_3D('',#3088,#3089,#3090);
#3088 = CARTESIAN_POINT('',(2.18,-2.454542146756,2.070457853244));
#3089 = DIRECTION('',(-1.,1.224646799147E-16,0.));
#3090 = DIRECTION('',(0.,0.,1.));
#3091 = ADVANCED_FACE('',(#3092),#3110,.F.);
#3092 = FACE_BOUND('',#3093,.F.);
#3093 = EDGE_LOOP('',(#3094,#3102,#3108,#3109));
#3094 = ORIENTED_EDGE('',*,*,#3095,.F.);
#3095 = EDGE_CURVE('',#3096,#1932,#3098,.T.);
#3096 = VERTEX_POINT('',#3097);
#3097 = CARTESIAN_POINT('',(2.82,-0.37,3.43));
#3098 = LINE('',#3099,#3100);
#3099 = CARTESIAN_POINT('',(2.82,-0.32,3.43));
#3100 = VECTOR('',#3101,1.);
#3101 = DIRECTION('',(-1.224646799147E-16,-1.,0.));
#3102 = ORIENTED_EDGE('',*,*,#3103,.T.);
#3103 = EDGE_CURVE('',#3096,#3073,#3104,.T.);
#3104 = LINE('',#3105,#3106);
#3105 = CARTESIAN_POINT('',(2.82,-0.37,3.43));
#3106 = VECTOR('',#3107,1.);
#3107 = DIRECTION('',(-1.,1.224646799147E-16,0.));
#3108 = ORIENTED_EDGE('',*,*,#3081,.T.);
#3109 = ORIENTED_EDGE('',*,*,#1939,.F.);
#3110 = PLANE('',#3111);
#3111 = AXIS2_PLACEMENT_3D('',#3112,#3113,#3114);
#3112 = CARTESIAN_POINT('',(2.82,-0.32,3.43));
#3113 = DIRECTION('',(0.,0.,1.));
#3114 = DIRECTION('',(-1.224646799147E-16,-1.,0.));
#3115 = ADVANCED_FACE('',(#3116),#3168,.F.);
#3116 = FACE_BOUND('',#3117,.F.);
#3117 = EDGE_LOOP('',(#3118,#3119,#3127,#3136,#3144,#3152,#3160,#3167));
#3118 = ORIENTED_EDGE('',*,*,#1931,.F.);
#3119 = ORIENTED_EDGE('',*,*,#3120,.T.);
#3120 = EDGE_CURVE('',#1924,#3121,#3123,.T.);
#3121 = VERTEX_POINT('',#3122);
#3122 = CARTESIAN_POINT('',(2.82,-0.37,4.07));
#3123 = LINE('',#3124,#3125);
#3124 = CARTESIAN_POINT('',(2.82,-8.7,4.07));
#3125 = VECTOR('',#3126,1.);
#3126 = DIRECTION('',(1.224646799147E-16,1.,0.));
#3127 = ORIENTED_EDGE('',*,*,#3128,.T.);
#3128 = EDGE_CURVE('',#3121,#3129,#3131,.T.);
#3129 = VERTEX_POINT('',#3130);
#3130 = CARTESIAN_POINT('',(2.82,0.32,3.38));
#3131 = CIRCLE('',#3132,0.69);
#3132 = AXIS2_PLACEMENT_3D('',#3133,#3134,#3135);
#3133 = CARTESIAN_POINT('',(2.82,-0.37,3.38));
#3134 = DIRECTION('',(-1.,1.224646799147E-16,0.));
#3135 = DIRECTION('',(0.,0.,1.));
#3136 = ORIENTED_EDGE('',*,*,#3137,.T.);
#3137 = EDGE_CURVE('',#3129,#3138,#3140,.T.);
#3138 = VERTEX_POINT('',#3139);
#3139 = CARTESIAN_POINT('',(2.82,0.32,-3.2));
#3140 = LINE('',#3141,#3142);
#3141 = CARTESIAN_POINT('',(2.82,0.32,4.07));
#3142 = VECTOR('',#3143,1.);
#3143 = DIRECTION('',(-4.550304797346E-33,-3.715605838772E-17,-1.));
#3144 = ORIENTED_EDGE('',*,*,#3145,.T.);
#3145 = EDGE_CURVE('',#3138,#3146,#3148,.T.);
#3146 = VERTEX_POINT('',#3147);
#3147 = CARTESIAN_POINT('',(2.82,-0.32,-3.2));
#3148 = LINE('',#3149,#3150);
#3149 = CARTESIAN_POINT('',(2.82,0.32,-3.2));
#3150 = VECTOR('',#3151,1.);
#3151 = DIRECTION('',(-1.224646799147E-16,-1.,0.));
#3152 = ORIENTED_EDGE('',*,*,#3153,.T.);
#3153 = EDGE_CURVE('',#3146,#3154,#3156,.T.);
#3154 = VERTEX_POINT('',#3155);
#3155 = CARTESIAN_POINT('',(2.82,-0.32,3.38));
#3156 = LINE('',#3157,#3158);
#3157 = CARTESIAN_POINT('',(2.82,-0.32,-3.4));
#3158 = VECTOR('',#3159,1.);
#3159 = DIRECTION('',(0.,0.,1.));
#3160 = ORIENTED_EDGE('',*,*,#3161,.F.);
#3161 = EDGE_CURVE('',#3096,#3154,#3162,.T.);
#3162 = CIRCLE('',#3163,5.E-02);
#3163 = AXIS2_PLACEMENT_3D('',#3164,#3165,#3166);
#3164 = CARTESIAN_POINT('',(2.82,-0.37,3.38));
#3165 = DIRECTION('',(-1.,1.224646799147E-16,0.));
#3166 = DIRECTION('',(0.,0.,1.));
#3167 = ORIENTED_EDGE('',*,*,#3095,.T.);
#3168 = PLANE('',#3169);
#3169 = AXIS2_PLACEMENT_3D('',#3170,#3171,#3172);
#3170 = CARTESIAN_POINT('',(2.82,-2.454542146756,2.070457853244));
#3171 = DIRECTION('',(-1.,1.224646799147E-16,0.));
#3172 = DIRECTION('',(0.,0.,1.));
#3173 = ADVANCED_FACE('',(#3174),#3185,.F.);
#3174 = FACE_BOUND('',#3175,.F.);
#3175 = EDGE_LOOP('',(#3176,#3177,#3178,#3179));
#3176 = ORIENTED_EDGE('',*,*,#3120,.F.);
#3177 = ORIENTED_EDGE('',*,*,#1923,.F.);
#3178 = ORIENTED_EDGE('',*,*,#3031,.T.);
#3179 = ORIENTED_EDGE('',*,*,#3180,.F.);
#3180 = EDGE_CURVE('',#3121,#3032,#3181,.T.);
#3181 = LINE('',#3182,#3183);
#3182 = CARTESIAN_POINT('',(2.82,-0.37,4.07));
#3183 = VECTOR('',#3184,1.);
#3184 = DIRECTION('',(-1.,1.224646799147E-16,0.));
#3185 = PLANE('',#3186);
#3186 = AXIS2_PLACEMENT_3D('',#3187,#3188,#3189);
#3187 = CARTESIAN_POINT('',(2.82,-8.7,4.07));
#3188 = DIRECTION('',(-0.,0.,-1.));
#3189 = DIRECTION('',(1.224646799147E-16,1.,0.));
#3190 = ADVANCED_FACE('',(#3191),#3282,.T.);
#3191 = FACE_BOUND('',#3192,.T.);
#3192 = EDGE_LOOP('',(#3193,#3194,#3202,#3211,#3219,#3227,#3235,#3243,
    #3251,#3259,#3267,#3276));
#3193 = ORIENTED_EDGE('',*,*,#1976,.F.);
#3194 = ORIENTED_EDGE('',*,*,#3195,.T.);
#3195 = EDGE_CURVE('',#1977,#3196,#3198,.T.);
#3196 = VERTEX_POINT('',#3197);
#3197 = CARTESIAN_POINT('',(4.68,-0.37,4.07));
#3198 = LINE('',#3199,#3200);
#3199 = CARTESIAN_POINT('',(4.68,-8.7,4.07));
#3200 = VECTOR('',#3201,1.);
#3201 = DIRECTION('',(1.224646799147E-16,1.,0.));
#3202 = ORIENTED_EDGE('',*,*,#3203,.T.);
#3203 = EDGE_CURVE('',#3196,#3204,#3206,.T.);
#3204 = VERTEX_POINT('',#3205);
#3205 = CARTESIAN_POINT('',(4.68,0.32,3.38));
#3206 = CIRCLE('',#3207,0.69);
#3207 = AXIS2_PLACEMENT_3D('',#3208,#3209,#3210);
#3208 = CARTESIAN_POINT('',(4.68,-0.37,3.38));
#3209 = DIRECTION('',(-1.,1.224646799147E-16,0.));
#3210 = DIRECTION('',(0.,0.,1.));
#3211 = ORIENTED_EDGE('',*,*,#3212,.T.);
#3212 = EDGE_CURVE('',#3204,#3213,#3215,.T.);
#3213 = VERTEX_POINT('',#3214);
#3214 = CARTESIAN_POINT('',(4.68,0.32,-0.9));
#3215 = LINE('',#3216,#3217);
#3216 = CARTESIAN_POINT('',(4.68,0.32,4.07));
#3217 = VECTOR('',#3218,1.);
#3218 = DIRECTION('',(-0.,0.,-1.));
#3219 = ORIENTED_EDGE('',*,*,#3220,.T.);
#3220 = EDGE_CURVE('',#3213,#3221,#3223,.T.);
#3221 = VERTEX_POINT('',#3222);
#3222 = CARTESIAN_POINT('',(4.68,2.E-02,-1.5));
#3223 = LINE('',#3224,#3225);
#3224 = CARTESIAN_POINT('',(4.68,0.32,-0.9));
#3225 = VECTOR('',#3226,1.);
#3226 = DIRECTION('',(-5.476786982641E-17,-0.4472135955,-0.894427191));
#3227 = ORIENTED_EDGE('',*,*,#3228,.T.);
#3228 = EDGE_CURVE('',#3221,#3229,#3231,.T.);
#3229 = VERTEX_POINT('',#3230);
#3230 = CARTESIAN_POINT('',(4.68,0.288421052632,-3.2));
#3231 = LINE('',#3232,#3233);
#3232 = CARTESIAN_POINT('',(4.68,2.E-02,-1.5));
#3233 = VECTOR('',#3234,1.);
#3234 = DIRECTION('',(1.909990663905E-17,0.155962573473,-0.987762965329)
  );
#3235 = ORIENTED_EDGE('',*,*,#3236,.T.);
#3236 = EDGE_CURVE('',#3229,#3237,#3239,.T.);
#3237 = VERTEX_POINT('',#3238);
#3238 = CARTESIAN_POINT('',(4.68,-0.351578947368,-3.2));
#3239 = LINE('',#3240,#3241);
#3240 = CARTESIAN_POINT('',(4.68,0.32,-3.2));
#3241 = VECTOR('',#3242,1.);
#3242 = DIRECTION('',(-1.224646799147E-16,-1.,0.));
#3243 = ORIENTED_EDGE('',*,*,#3244,.T.);
#3244 = EDGE_CURVE('',#3237,#3245,#3247,.T.);
#3245 = VERTEX_POINT('',#3246);
#3246 = CARTESIAN_POINT('',(4.68,-0.62,-1.5));
#3247 = LINE('',#3248,#3249);
#3248 = CARTESIAN_POINT('',(4.68,-0.32,-3.4));
#3249 = VECTOR('',#3250,1.);
#3250 = DIRECTION('',(-1.909990663905E-17,-0.155962573473,0.987762965329
    ));
#3251 = ORIENTED_EDGE('',*,*,#3252,.T.);
#3252 = EDGE_CURVE('',#3245,#3253,#3255,.T.);
#3253 = VERTEX_POINT('',#3254);
#3254 = CARTESIAN_POINT('',(4.68,-0.32,-0.9));
#3255 = LINE('',#3256,#3257);
#3256 = CARTESIAN_POINT('',(4.68,-0.62,-1.5));
#3257 = VECTOR('',#3258,1.);
#3258 = DIRECTION('',(5.476786982641E-17,0.4472135955,0.894427191));
#3259 = ORIENTED_EDGE('',*,*,#3260,.T.);
#3260 = EDGE_CURVE('',#3253,#3261,#3263,.T.);
#3261 = VERTEX_POINT('',#3262);
#3262 = CARTESIAN_POINT('',(4.68,-0.32,3.38));
#3263 = LINE('',#3264,#3265);
#3264 = CARTESIAN_POINT('',(4.68,-0.32,-0.9));
#3265 = VECTOR('',#3266,1.);
#3266 = DIRECTION('',(0.,0.,1.));
#3267 = ORIENTED_EDGE('',*,*,#3268,.F.);
#3268 = EDGE_CURVE('',#3269,#3261,#3271,.T.);
#3269 = VERTEX_POINT('',#3270);
#3270 = CARTESIAN_POINT('',(4.68,-0.37,3.43));
#3271 = CIRCLE('',#3272,5.E-02);
#3272 = AXIS2_PLACEMENT_3D('',#3273,#3274,#3275);
#3273 = CARTESIAN_POINT('',(4.68,-0.37,3.38));
#3274 = DIRECTION('',(-1.,1.224646799147E-16,0.));
#3275 = DIRECTION('',(0.,0.,1.));
#3276 = ORIENTED_EDGE('',*,*,#3277,.T.);
#3277 = EDGE_CURVE('',#3269,#1979,#3278,.T.);
#3278 = LINE('',#3279,#3280);
#3279 = CARTESIAN_POINT('',(4.68,-0.32,3.43));
#3280 = VECTOR('',#3281,1.);
#3281 = DIRECTION('',(-1.224646799147E-16,-1.,0.));
#3282 = PLANE('',#3283);
#3283 = AXIS2_PLACEMENT_3D('',#3284,#3285,#3286);
#3284 = CARTESIAN_POINT('',(4.68,-2.46404183087,2.050076029119));
#3285 = DIRECTION('',(-1.,1.224646799147E-16,0.));
#3286 = DIRECTION('',(0.,0.,1.));
#3287 = ADVANCED_FACE('',(#3288),#3306,.F.);
#3288 = FACE_BOUND('',#3289,.F.);
#3289 = EDGE_LOOP('',(#3290,#3298,#3304,#3305));
#3290 = ORIENTED_EDGE('',*,*,#3291,.F.);
#3291 = EDGE_CURVE('',#3292,#1995,#3294,.T.);
#3292 = VERTEX_POINT('',#3293);
#3293 = CARTESIAN_POINT('',(5.32,-0.37,3.43));
#3294 = LINE('',#3295,#3296);
#3295 = CARTESIAN_POINT('',(5.32,-0.32,3.43));
#3296 = VECTOR('',#3297,1.);
#3297 = DIRECTION('',(-1.224646799147E-16,-1.,0.));
#3298 = ORIENTED_EDGE('',*,*,#3299,.T.);
#3299 = EDGE_CURVE('',#3292,#3269,#3300,.T.);
#3300 = LINE('',#3301,#3302);
#3301 = CARTESIAN_POINT('',(5.32,-0.37,3.43));
#3302 = VECTOR('',#3303,1.);
#3303 = DIRECTION('',(-1.,1.224646799147E-16,0.));
#3304 = ORIENTED_EDGE('',*,*,#3277,.T.);
#3305 = ORIENTED_EDGE('',*,*,#2002,.F.);
#3306 = PLANE('',#3307);
#3307 = AXIS2_PLACEMENT_3D('',#3308,#3309,#3310);
#3308 = CARTESIAN_POINT('',(5.32,-0.32,3.43));
#3309 = DIRECTION('',(0.,0.,1.));
#3310 = DIRECTION('',(-1.224646799147E-16,-1.,0.));
#3311 = ADVANCED_FACE('',(#3312),#3396,.F.);
#3312 = FACE_BOUND('',#3313,.F.);
#3313 = EDGE_LOOP('',(#3314,#3315,#3323,#3332,#3340,#3348,#3356,#3364,
    #3372,#3380,#3388,#3395));
#3314 = ORIENTED_EDGE('',*,*,#1994,.F.);
#3315 = ORIENTED_EDGE('',*,*,#3316,.T.);
#3316 = EDGE_CURVE('',#1987,#3317,#3319,.T.);
#3317 = VERTEX_POINT('',#3318);
#3318 = CARTESIAN_POINT('',(5.32,-0.37,4.07));
#3319 = LINE('',#3320,#3321);
#3320 = CARTESIAN_POINT('',(5.32,-8.7,4.07));
#3321 = VECTOR('',#3322,1.);
#3322 = DIRECTION('',(1.224646799147E-16,1.,0.));
#3323 = ORIENTED_EDGE('',*,*,#3324,.T.);
#3324 = EDGE_CURVE('',#3317,#3325,#3327,.T.);
#3325 = VERTEX_POINT('',#3326);
#3326 = CARTESIAN_POINT('',(5.32,0.32,3.38));
#3327 = CIRCLE('',#3328,0.69);
#3328 = AXIS2_PLACEMENT_3D('',#3329,#3330,#3331);
#3329 = CARTESIAN_POINT('',(5.32,-0.37,3.38));
#3330 = DIRECTION('',(-1.,1.224646799147E-16,0.));
#3331 = DIRECTION('',(0.,0.,1.));
#3332 = ORIENTED_EDGE('',*,*,#3333,.T.);
#3333 = EDGE_CURVE('',#3325,#3334,#3336,.T.);
#3334 = VERTEX_POINT('',#3335);
#3335 = CARTESIAN_POINT('',(5.32,0.32,-0.9));
#3336 = LINE('',#3337,#3338);
#3337 = CARTESIAN_POINT('',(5.32,0.32,4.07));
#3338 = VECTOR('',#3339,1.);
#3339 = DIRECTION('',(-0.,0.,-1.));
#3340 = ORIENTED_EDGE('',*,*,#3341,.T.);
#3341 = EDGE_CURVE('',#3334,#3342,#3344,.T.);
#3342 = VERTEX_POINT('',#3343);
#3343 = CARTESIAN_POINT('',(5.32,2.E-02,-1.5));
#3344 = LINE('',#3345,#3346);
#3345 = CARTESIAN_POINT('',(5.32,0.32,-0.9));
#3346 = VECTOR('',#3347,1.);
#3347 = DIRECTION('',(-5.476786982641E-17,-0.4472135955,-0.894427191));
#3348 = ORIENTED_EDGE('',*,*,#3349,.T.);
#3349 = EDGE_CURVE('',#3342,#3350,#3352,.T.);
#3350 = VERTEX_POINT('',#3351);
#3351 = CARTESIAN_POINT('',(5.32,0.288421052632,-3.2));
#3352 = LINE('',#3353,#3354);
#3353 = CARTESIAN_POINT('',(5.32,2.E-02,-1.5));
#3354 = VECTOR('',#3355,1.);
#3355 = DIRECTION('',(1.909990663905E-17,0.155962573473,-0.987762965329)
  );
#3356 = ORIENTED_EDGE('',*,*,#3357,.T.);
#3357 = EDGE_CURVE('',#3350,#3358,#3360,.T.);
#3358 = VERTEX_POINT('',#3359);
#3359 = CARTESIAN_POINT('',(5.32,-0.351578947368,-3.2));
#3360 = LINE('',#3361,#3362);
#3361 = CARTESIAN_POINT('',(5.32,0.32,-3.2));
#3362 = VECTOR('',#3363,1.);
#3363 = DIRECTION('',(-1.224646799147E-16,-1.,0.));
#3364 = ORIENTED_EDGE('',*,*,#3365,.T.);
#3365 = EDGE_CURVE('',#3358,#3366,#3368,.T.);
#3366 = VERTEX_POINT('',#3367);
#3367 = CARTESIAN_POINT('',(5.32,-0.62,-1.5));
#3368 = LINE('',#3369,#3370);
#3369 = CARTESIAN_POINT('',(5.32,-0.32,-3.4));
#3370 = VECTOR('',#3371,1.);
#3371 = DIRECTION('',(-1.909990663905E-17,-0.155962573473,0.987762965329
    ));
#3372 = ORIENTED_EDGE('',*,*,#3373,.T.);
#3373 = EDGE_CURVE('',#3366,#3374,#3376,.T.);
#3374 = VERTEX_POINT('',#3375);
#3375 = CARTESIAN_POINT('',(5.32,-0.32,-0.9));
#3376 = LINE('',#3377,#3378);
#3377 = CARTESIAN_POINT('',(5.32,-0.62,-1.5));
#3378 = VECTOR('',#3379,1.);
#3379 = DIRECTION('',(5.476786982641E-17,0.4472135955,0.894427191));
#3380 = ORIENTED_EDGE('',*,*,#3381,.T.);
#3381 = EDGE_CURVE('',#3374,#3382,#3384,.T.);
#3382 = VERTEX_POINT('',#3383);
#3383 = CARTESIAN_POINT('',(5.32,-0.32,3.38));
#3384 = LINE('',#3385,#3386);
#3385 = CARTESIAN_POINT('',(5.32,-0.32,-0.9));
#3386 = VECTOR('',#3387,1.);
#3387 = DIRECTION('',(0.,0.,1.));
#3388 = ORIENTED_EDGE('',*,*,#3389,.F.);
#3389 = EDGE_CURVE('',#3292,#3382,#3390,.T.);
#3390 = CIRCLE('',#3391,5.E-02);
#3391 = AXIS2_PLACEMENT_3D('',#3392,#3393,#3394);
#3392 = CARTESIAN_POINT('',(5.32,-0.37,3.38));
#3393 = DIRECTION('',(-1.,1.224646799147E-16,0.));
#3394 = DIRECTION('',(0.,0.,1.));
#3395 = ORIENTED_EDGE('',*,*,#3291,.T.);
#3396 = PLANE('',#3397);
#3397 = AXIS2_PLACEMENT_3D('',#3398,#3399,#3400);
#3398 = CARTESIAN_POINT('',(5.32,-2.46404183087,2.050076029119));
#3399 = DIRECTION('',(-1.,1.224646799147E-16,0.));
#3400 = DIRECTION('',(0.,0.,1.));
#3401 = ADVANCED_FACE('',(#3402),#3413,.F.);
#3402 = FACE_BOUND('',#3403,.F.);
#3403 = EDGE_LOOP('',(#3404,#3405,#3406,#3407));
#3404 = ORIENTED_EDGE('',*,*,#3316,.F.);
#3405 = ORIENTED_EDGE('',*,*,#1986,.F.);
#3406 = ORIENTED_EDGE('',*,*,#3195,.T.);
#3407 = ORIENTED_EDGE('',*,*,#3408,.F.);
#3408 = EDGE_CURVE('',#3317,#3196,#3409,.T.);
#3409 = LINE('',#3410,#3411);
#3410 = CARTESIAN_POINT('',(5.32,-0.37,4.07));
#3411 = VECTOR('',#3412,1.);
#3412 = DIRECTION('',(-1.,1.224646799147E-16,0.));
#3413 = PLANE('',#3414);
#3414 = AXIS2_PLACEMENT_3D('',#3415,#3416,#3417);
#3415 = CARTESIAN_POINT('',(5.32,-8.7,4.07));
#3416 = DIRECTION('',(-0.,0.,-1.));
#3417 = DIRECTION('',(1.224646799147E-16,1.,0.));
#3418 = ADVANCED_FACE('',(#3419),#3438,.F.);
#3419 = FACE_BOUND('',#3420,.F.);
#3420 = EDGE_LOOP('',(#3421,#3429,#3436,#3437));
#3421 = ORIENTED_EDGE('',*,*,#3422,.T.);
#3422 = EDGE_CURVE('',#2075,#3423,#3425,.T.);
#3423 = VERTEX_POINT('',#3424);
#3424 = CARTESIAN_POINT('',(6.6,-5.85,4.75));
#3425 = LINE('',#3426,#3427);
#3426 = CARTESIAN_POINT('',(7.45,-5.85,4.75));
#3427 = VECTOR('',#3428,1.);
#3428 = DIRECTION('',(-1.,1.224646799147E-16,0.));
#3429 = ORIENTED_EDGE('',*,*,#3430,.T.);
#3430 = EDGE_CURVE('',#3423,#2781,#3431,.T.);
#3431 = CIRCLE('',#3432,0.5);
#3432 = AXIS2_PLACEMENT_3D('',#3433,#3434,#3435);
#3433 = CARTESIAN_POINT('',(6.6,-6.35,4.75));
#3434 = DIRECTION('',(1.,-1.224646799147E-16,0.));
#3435 = DIRECTION('',(1.359631073446E-32,1.110223024625E-16,1.));
#3436 = ORIENTED_EDGE('',*,*,#2788,.F.);
#3437 = ORIENTED_EDGE('',*,*,#2074,.T.);
#3438 = CYLINDRICAL_SURFACE('',#3439,0.5);
#3439 = AXIS2_PLACEMENT_3D('',#3440,#3441,#3442);
#3440 = CARTESIAN_POINT('',(7.45,-6.35,4.75));
#3441 = DIRECTION('',(1.,-1.224646799147E-16,0.));
#3442 = DIRECTION('',(1.359631073446E-32,1.110223024625E-16,1.));
#3443 = ADVANCED_FACE('',(#3444),#3455,.T.);
#3444 = FACE_BOUND('',#3445,.T.);
#3445 = EDGE_LOOP('',(#3446,#3447,#3448,#3454));
#3446 = ORIENTED_EDGE('',*,*,#2083,.F.);
#3447 = ORIENTED_EDGE('',*,*,#3422,.T.);
#3448 = ORIENTED_EDGE('',*,*,#3449,.T.);
#3449 = EDGE_CURVE('',#3423,#2210,#3450,.T.);
#3450 = LINE('',#3451,#3452);
#3451 = CARTESIAN_POINT('',(6.6,-5.85,2.925));
#3452 = VECTOR('',#3453,1.);
#3453 = DIRECTION('',(-1.359631073447E-32,-1.110223024625E-16,-1.));
#3454 = ORIENTED_EDGE('',*,*,#2209,.F.);
#3455 = PLANE('',#3456);
#3456 = AXIS2_PLACEMENT_3D('',#3457,#3458,#3459);
#3457 = CARTESIAN_POINT('',(7.45,-5.85,4.75));
#3458 = DIRECTION('',(-1.224646799147E-16,-1.,1.110223024625E-16));
#3459 = DIRECTION('',(-1.359631073447E-32,-1.110223024625E-16,-1.));
#3460 = ADVANCED_FACE('',(#3461),#3482,.F.);
#3461 = FACE_BOUND('',#3462,.F.);
#3462 = EDGE_LOOP('',(#3463,#3464,#3465,#3466,#3467,#3475,#3481));
#3463 = ORIENTED_EDGE('',*,*,#2165,.T.);
#3464 = ORIENTED_EDGE('',*,*,#2695,.T.);
#3465 = ORIENTED_EDGE('',*,*,#2729,.T.);
#3466 = ORIENTED_EDGE('',*,*,#2764,.T.);
#3467 = ORIENTED_EDGE('',*,*,#3468,.T.);
#3468 = EDGE_CURVE('',#2765,#3469,#3471,.T.);
#3469 = VERTEX_POINT('',#3470);
#3470 = CARTESIAN_POINT('',(-1.6,-4.05,1.1));
#3471 = LINE('',#3472,#3473);
#3472 = CARTESIAN_POINT('',(-1.6,-4.05,5.25));
#3473 = VECTOR('',#3474,1.);
#3474 = DIRECTION('',(-1.359631073447E-32,-1.110223024625E-16,-1.));
#3475 = ORIENTED_EDGE('',*,*,#3476,.F.);
#3476 = EDGE_CURVE('',#2144,#3469,#3477,.T.);
#3477 = LINE('',#3478,#3479);
#3478 = CARTESIAN_POINT('',(-1.6,-9.2,1.1));
#3479 = VECTOR('',#3480,1.);
#3480 = DIRECTION('',(1.224646799147E-16,1.,-1.110223024625E-16));
#3481 = ORIENTED_EDGE('',*,*,#2151,.F.);
#3482 = PLANE('',#3483);
#3483 = AXIS2_PLACEMENT_3D('',#3484,#3485,#3486);
#3484 = CARTESIAN_POINT('',(-1.6,-9.2,5.25));
#3485 = DIRECTION('',(-1.,1.224646799147E-16,0.));
#3486 = DIRECTION('',(-1.359631073446E-32,-1.110223024625E-16,-1.));
#3487 = ADVANCED_FACE('',(#3488),#3509,.F.);
#3488 = FACE_BOUND('',#3489,.F.);
#3489 = EDGE_LOOP('',(#3490,#3491,#3492,#3500,#3506,#3507,#3508));
#3490 = ORIENTED_EDGE('',*,*,#2217,.T.);
#3491 = ORIENTED_EDGE('',*,*,#2249,.F.);
#3492 = ORIENTED_EDGE('',*,*,#3493,.T.);
#3493 = EDGE_CURVE('',#2240,#3494,#3496,.T.);
#3494 = VERTEX_POINT('',#3495);
#3495 = CARTESIAN_POINT('',(6.6,-4.05,1.1));
#3496 = LINE('',#3497,#3498);
#3497 = CARTESIAN_POINT('',(6.6,-9.2,1.1));
#3498 = VECTOR('',#3499,1.);
#3499 = DIRECTION('',(1.224646799147E-16,1.,-1.110223024625E-16));
#3500 = ORIENTED_EDGE('',*,*,#3501,.T.);
#3501 = EDGE_CURVE('',#3494,#2773,#3502,.T.);
#3502 = LINE('',#3503,#3504);
#3503 = CARTESIAN_POINT('',(6.6,-4.05,1.1));
#3504 = VECTOR('',#3505,1.);
#3505 = DIRECTION('',(1.359631073447E-32,1.110223024625E-16,1.));
#3506 = ORIENTED_EDGE('',*,*,#2780,.F.);
#3507 = ORIENTED_EDGE('',*,*,#3430,.F.);
#3508 = ORIENTED_EDGE('',*,*,#3449,.T.);
#3509 = PLANE('',#3510);
#3510 = AXIS2_PLACEMENT_3D('',#3511,#3512,#3513);
#3511 = CARTESIAN_POINT('',(6.6,-9.2,1.1));
#3512 = DIRECTION('',(1.,-1.224646799147E-16,0.));
#3513 = DIRECTION('',(1.359631073446E-32,1.110223024625E-16,1.));
#3514 = ADVANCED_FACE('',(#3515),#3526,.F.);
#3515 = FACE_BOUND('',#3516,.F.);
#3516 = EDGE_LOOP('',(#3517,#3518,#3524,#3525));
#3517 = ORIENTED_EDGE('',*,*,#3476,.T.);
#3518 = ORIENTED_EDGE('',*,*,#3519,.T.);
#3519 = EDGE_CURVE('',#3469,#3494,#3520,.T.);
#3520 = LINE('',#3521,#3522);
#3521 = CARTESIAN_POINT('',(-1.6,-4.05,1.1));
#3522 = VECTOR('',#3523,1.);
#3523 = DIRECTION('',(1.,-1.224646799147E-16,0.));
#3524 = ORIENTED_EDGE('',*,*,#3493,.F.);
#3525 = ORIENTED_EDGE('',*,*,#2266,.F.);
#3526 = PLANE('',#3527);
#3527 = AXIS2_PLACEMENT_3D('',#3528,#3529,#3530);
#3528 = CARTESIAN_POINT('',(-1.6,-9.2,1.1));
#3529 = DIRECTION('',(-1.359631073447E-32,-1.110223024625E-16,-1.));
#3530 = DIRECTION('',(1.,-1.224646799147E-16,-6.927121900793E-45));
#3531 = ADVANCED_FACE('',(#3532,#3538,#3572,#3606),#3640,.T.);
#3532 = FACE_BOUND('',#3533,.T.);
#3533 = EDGE_LOOP('',(#3534,#3535,#3536,#3537));
#3534 = ORIENTED_EDGE('',*,*,#2772,.T.);
#3535 = ORIENTED_EDGE('',*,*,#3468,.T.);
#3536 = ORIENTED_EDGE('',*,*,#3519,.T.);
#3537 = ORIENTED_EDGE('',*,*,#3501,.T.);
#3538 = FACE_BOUND('',#3539,.T.);
#3539 = EDGE_LOOP('',(#3540,#3550,#3558,#3566));
#3540 = ORIENTED_EDGE('',*,*,#3541,.F.);
#3541 = EDGE_CURVE('',#3542,#3544,#3546,.T.);
#3542 = VERTEX_POINT('',#3543);
#3543 = CARTESIAN_POINT('',(2.18,-4.05,4.07));
#3544 = VERTEX_POINT('',#3545);
#3545 = CARTESIAN_POINT('',(2.18,-4.05,3.43));
#3546 = LINE('',#3547,#3548);
#3547 = CARTESIAN_POINT('',(2.18,-4.05,2.622728926622));
#3548 = VECTOR('',#3549,1.);
#3549 = DIRECTION('',(-1.359631073447E-32,-1.110223024625E-16,-1.));
#3550 = ORIENTED_EDGE('',*,*,#3551,.T.);
#3551 = EDGE_CURVE('',#3542,#3552,#3554,.T.);
#3552 = VERTEX_POINT('',#3553);
#3553 = CARTESIAN_POINT('',(2.82,-4.05,4.07));
#3554 = LINE('',#3555,#3556);
#3555 = CARTESIAN_POINT('',(2.66,-4.05,4.07));
#3556 = VECTOR('',#3557,1.);
#3557 = DIRECTION('',(1.,-1.224646799147E-16,0.));
#3558 = ORIENTED_EDGE('',*,*,#3559,.T.);
#3559 = EDGE_CURVE('',#3552,#3560,#3562,.T.);
#3560 = VERTEX_POINT('',#3561);
#3561 = CARTESIAN_POINT('',(2.82,-4.05,3.43));
#3562 = LINE('',#3563,#3564);
#3563 = CARTESIAN_POINT('',(2.82,-4.05,2.622728926622));
#3564 = VECTOR('',#3565,1.);
#3565 = DIRECTION('',(-1.359631073447E-32,-1.110223024625E-16,-1.));
#3566 = ORIENTED_EDGE('',*,*,#3567,.T.);
#3567 = EDGE_CURVE('',#3560,#3544,#3568,.T.);
#3568 = LINE('',#3569,#3570);
#3569 = CARTESIAN_POINT('',(2.66,-4.05,3.43));
#3570 = VECTOR('',#3571,1.);
#3571 = DIRECTION('',(-1.,1.224646799147E-16,0.));
#3572 = FACE_BOUND('',#3573,.T.);
#3573 = EDGE_LOOP('',(#3574,#3584,#3592,#3600));
#3574 = ORIENTED_EDGE('',*,*,#3575,.T.);
#3575 = EDGE_CURVE('',#3576,#3578,#3580,.T.);
#3576 = VERTEX_POINT('',#3577);
#3577 = CARTESIAN_POINT('',(-0.32,-4.05,4.07));
#3578 = VERTEX_POINT('',#3579);
#3579 = CARTESIAN_POINT('',(0.32,-4.05,4.07));
#3580 = LINE('',#3581,#3582);
#3581 = CARTESIAN_POINT('',(1.41,-4.05,4.07));
#3582 = VECTOR('',#3583,1.);
#3583 = DIRECTION('',(1.,-1.224646799147E-16,0.));
#3584 = ORIENTED_EDGE('',*,*,#3585,.T.);
#3585 = EDGE_CURVE('',#3578,#3586,#3588,.T.);
#3586 = VERTEX_POINT('',#3587);
#3587 = CARTESIAN_POINT('',(0.32,-4.05,3.43));
#3588 = LINE('',#3589,#3590);
#3589 = CARTESIAN_POINT('',(0.32,-4.05,2.612538014559));
#3590 = VECTOR('',#3591,1.);
#3591 = DIRECTION('',(-1.359631073447E-32,-1.110223024625E-16,-1.));
#3592 = ORIENTED_EDGE('',*,*,#3593,.T.);
#3593 = EDGE_CURVE('',#3586,#3594,#3596,.T.);
#3594 = VERTEX_POINT('',#3595);
#3595 = CARTESIAN_POINT('',(-0.32,-4.05,3.43));
#3596 = LINE('',#3597,#3598);
#3597 = CARTESIAN_POINT('',(1.41,-4.05,3.43));
#3598 = VECTOR('',#3599,1.);
#3599 = DIRECTION('',(-1.,1.224646799147E-16,0.));
#3600 = ORIENTED_EDGE('',*,*,#3601,.F.);
#3601 = EDGE_CURVE('',#3576,#3594,#3602,.T.);
#3602 = LINE('',#3603,#3604);
#3603 = CARTESIAN_POINT('',(-0.32,-4.05,2.612538014559));
#3604 = VECTOR('',#3605,1.);
#3605 = DIRECTION('',(-1.359631073447E-32,-1.110223024625E-16,-1.));
#3606 = FACE_BOUND('',#3607,.T.);
#3607 = EDGE_LOOP('',(#3608,#3618,#3626,#3634));
#3608 = ORIENTED_EDGE('',*,*,#3609,.F.);
#3609 = EDGE_CURVE('',#3610,#3612,#3614,.T.);
#3610 = VERTEX_POINT('',#3611);
#3611 = CARTESIAN_POINT('',(4.68,-4.05,4.07));
#3612 = VERTEX_POINT('',#3613);
#3613 = CARTESIAN_POINT('',(4.68,-4.05,3.43));
#3614 = LINE('',#3615,#3616);
#3615 = CARTESIAN_POINT('',(4.68,-4.05,2.612538014559));
#3616 = VECTOR('',#3617,1.);
#3617 = DIRECTION('',(-1.359631073447E-32,-1.110223024625E-16,-1.));
#3618 = ORIENTED_EDGE('',*,*,#3619,.T.);
#3619 = EDGE_CURVE('',#3610,#3620,#3622,.T.);
#3620 = VERTEX_POINT('',#3621);
#3621 = CARTESIAN_POINT('',(5.32,-4.05,4.07));
#3622 = LINE('',#3623,#3624);
#3623 = CARTESIAN_POINT('',(3.91,-4.05,4.07));
#3624 = VECTOR('',#3625,1.);
#3625 = DIRECTION('',(1.,-1.224646799147E-16,0.));
#3626 = ORIENTED_EDGE('',*,*,#3627,.T.);
#3627 = EDGE_CURVE('',#3620,#3628,#3630,.T.);
#3628 = VERTEX_POINT('',#3629);
#3629 = CARTESIAN_POINT('',(5.32,-4.05,3.43));
#3630 = LINE('',#3631,#3632);
#3631 = CARTESIAN_POINT('',(5.32,-4.05,2.612538014559));
#3632 = VECTOR('',#3633,1.);
#3633 = DIRECTION('',(-1.359631073447E-32,-1.110223024625E-16,-1.));
#3634 = ORIENTED_EDGE('',*,*,#3635,.T.);
#3635 = EDGE_CURVE('',#3628,#3612,#3636,.T.);
#3636 = LINE('',#3637,#3638);
#3637 = CARTESIAN_POINT('',(3.91,-4.05,3.43));
#3638 = VECTOR('',#3639,1.);
#3639 = DIRECTION('',(-1.,1.224646799147E-16,0.));
#3640 = PLANE('',#3641);
#3641 = AXIS2_PLACEMENT_3D('',#3642,#3643,#3644);
#3642 = CARTESIAN_POINT('',(2.5,-4.05,3.175));
#3643 = DIRECTION('',(-1.224646799147E-16,-1.,1.110223024625E-16));
#3644 = DIRECTION('',(-1.,1.224646799147E-16,0.));
#3645 = ADVANCED_FACE('',(#3646),#3657,.T.);
#3646 = FACE_BOUND('',#3647,.T.);
#3647 = EDGE_LOOP('',(#3648,#3649,#3655,#3656));
#3648 = ORIENTED_EDGE('',*,*,#2949,.T.);
#3649 = ORIENTED_EDGE('',*,*,#3650,.T.);
#3650 = EDGE_CURVE('',#2950,#2836,#3651,.T.);
#3651 = LINE('',#3652,#3653);
#3652 = CARTESIAN_POINT('',(0.32,0.32,3.38));
#3653 = VECTOR('',#3654,1.);
#3654 = DIRECTION('',(-1.,1.224646799147E-16,0.));
#3655 = ORIENTED_EDGE('',*,*,#2835,.F.);
#3656 = ORIENTED_EDGE('',*,*,#2819,.F.);
#3657 = CYLINDRICAL_SURFACE('',#3658,0.69);
#3658 = AXIS2_PLACEMENT_3D('',#3659,#3660,#3661);
#3659 = CARTESIAN_POINT('',(0.32,-0.37,3.38));
#3660 = DIRECTION('',(-1.,1.224646799147E-16,0.));
#3661 = DIRECTION('',(0.,0.,1.));
#3662 = ADVANCED_FACE('',(#3663),#3674,.F.);
#3663 = FACE_BOUND('',#3664,.F.);
#3664 = EDGE_LOOP('',(#3665,#3666,#3672,#3673));
#3665 = ORIENTED_EDGE('',*,*,#3014,.T.);
#3666 = ORIENTED_EDGE('',*,*,#3667,.T.);
#3667 = EDGE_CURVE('',#3007,#2893,#3668,.T.);
#3668 = LINE('',#3669,#3670);
#3669 = CARTESIAN_POINT('',(0.32,-0.32,3.38));
#3670 = VECTOR('',#3671,1.);
#3671 = DIRECTION('',(-1.,1.224646799147E-16,0.));
#3672 = ORIENTED_EDGE('',*,*,#2900,.F.);
#3673 = ORIENTED_EDGE('',*,*,#2931,.F.);
#3674 = CYLINDRICAL_SURFACE('',#3675,5.E-02);
#3675 = AXIS2_PLACEMENT_3D('',#3676,#3677,#3678);
#3676 = CARTESIAN_POINT('',(0.32,-0.37,3.38));
#3677 = DIRECTION('',(-1.,1.224646799147E-16,0.));
#3678 = DIRECTION('',(0.,0.,1.));
#3679 = ADVANCED_FACE('',(#3680),#3691,.F.);
#3680 = FACE_BOUND('',#3681,.F.);
#3681 = EDGE_LOOP('',(#3682,#3683,#3689,#3690));
#3682 = ORIENTED_EDGE('',*,*,#3006,.F.);
#3683 = ORIENTED_EDGE('',*,*,#3684,.T.);
#3684 = EDGE_CURVE('',#2999,#2885,#3685,.T.);
#3685 = LINE('',#3686,#3687);
#3686 = CARTESIAN_POINT('',(0.32,-0.32,-0.9));
#3687 = VECTOR('',#3688,1.);
#3688 = DIRECTION('',(-1.,1.224646799147E-16,0.));
#3689 = ORIENTED_EDGE('',*,*,#2892,.T.);
#3690 = ORIENTED_EDGE('',*,*,#3667,.F.);
#3691 = PLANE('',#3692);
#3692 = AXIS2_PLACEMENT_3D('',#3693,#3694,#3695);
#3693 = CARTESIAN_POINT('',(0.32,-0.32,-0.9));
#3694 = DIRECTION('',(1.224646799147E-16,1.,0.));
#3695 = DIRECTION('',(0.,-0.,1.));
#3696 = ADVANCED_FACE('',(#3697),#3708,.F.);
#3697 = FACE_BOUND('',#3698,.F.);
#3698 = EDGE_LOOP('',(#3699,#3705,#3706,#3707));
#3699 = ORIENTED_EDGE('',*,*,#3700,.T.);
#3700 = EDGE_CURVE('',#2991,#2877,#3701,.T.);
#3701 = LINE('',#3702,#3703);
#3702 = CARTESIAN_POINT('',(0.32,-0.62,-1.5));
#3703 = VECTOR('',#3704,1.);
#3704 = DIRECTION('',(-1.,1.224646799147E-16,0.));
#3705 = ORIENTED_EDGE('',*,*,#2884,.T.);
#3706 = ORIENTED_EDGE('',*,*,#3684,.F.);
#3707 = ORIENTED_EDGE('',*,*,#2998,.F.);
#3708 = PLANE('',#3709);
#3709 = AXIS2_PLACEMENT_3D('',#3710,#3711,#3712);
#3710 = CARTESIAN_POINT('',(0.32,-0.62,-1.5));
#3711 = DIRECTION('',(1.095357396528E-16,0.894427191,-0.4472135955));
#3712 = DIRECTION('',(5.476786982641E-17,0.4472135955,0.894427191));
#3713 = ADVANCED_FACE('',(#3714),#3741,.F.);
#3714 = FACE_BOUND('',#3715,.F.);
#3715 = EDGE_LOOP('',(#3716,#3717,#3725,#3733,#3739,#3740));
#3716 = ORIENTED_EDGE('',*,*,#2990,.F.);
#3717 = ORIENTED_EDGE('',*,*,#3718,.F.);
#3718 = EDGE_CURVE('',#3719,#2983,#3721,.T.);
#3719 = VERTEX_POINT('',#3720);
#3720 = CARTESIAN_POINT('',(0.317552593066,-0.351192514695,
    -3.202447406934));
#3721 = LINE('',#3722,#3723);
#3722 = CARTESIAN_POINT('',(0.193816689466,-0.331655266758,
    -3.326183310534));
#3723 = VECTOR('',#3724,1.);
#3724 = DIRECTION('',(0.702740385383,-0.110959008218,0.702740385383));
#3725 = ORIENTED_EDGE('',*,*,#3726,.T.);
#3726 = EDGE_CURVE('',#3719,#3727,#3729,.T.);
#3727 = VERTEX_POINT('',#3728);
#3728 = CARTESIAN_POINT('',(-0.317552593066,-0.351192514695,
    -3.202447406934));
#3729 = LINE('',#3730,#3731);
#3730 = CARTESIAN_POINT('',(0.32,-0.351192514695,-3.202447406934));
#3731 = VECTOR('',#3732,1.);
#3732 = DIRECTION('',(-1.,1.224646799147E-16,0.));
#3733 = ORIENTED_EDGE('',*,*,#3734,.T.);
#3734 = EDGE_CURVE('',#3727,#2869,#3735,.T.);
#3735 = LINE('',#3736,#3737);
#3736 = CARTESIAN_POINT('',(-3.578659370725E-02,-0.306703146375,
    -3.484213406293));
#3737 = VECTOR('',#3738,1.);
#3738 = DIRECTION('',(-0.702740385383,-0.110959008218,0.702740385383));
#3739 = ORIENTED_EDGE('',*,*,#2876,.T.);
#3740 = ORIENTED_EDGE('',*,*,#3700,.F.);
#3741 = PLANE('',#3742);
#3742 = AXIS2_PLACEMENT_3D('',#3743,#3744,#3745);
#3743 = CARTESIAN_POINT('',(0.32,-0.32,-3.4));
#3744 = DIRECTION('',(1.209660753807E-16,0.987762965329,0.155962573473)
  );
#3745 = DIRECTION('',(-1.909990663905E-17,-0.155962573473,0.987762965329
    ));
#3746 = ADVANCED_FACE('',(#3747),#3781,.F.);
#3747 = FACE_BOUND('',#3748,.T.);
#3748 = EDGE_LOOP('',(#3749,#3759,#3767,#3773,#3774,#3775));
#3749 = ORIENTED_EDGE('',*,*,#3750,.F.);
#3750 = EDGE_CURVE('',#3751,#3753,#3755,.T.);
#3751 = VERTEX_POINT('',#3752);
#3752 = CARTESIAN_POINT('',(-0.12,0.12,-3.4));
#3753 = VERTEX_POINT('',#3754);
#3754 = CARTESIAN_POINT('',(-0.317552593066,0.288807485305,
    -3.202447406934));
#3755 = LINE('',#3756,#3757);
#3756 = CARTESIAN_POINT('',(-0.138643150189,0.135930458076,
    -3.381356849811));
#3757 = VECTOR('',#3758,1.);
#3758 = DIRECTION('',(-0.605209817607,0.517148096144,0.605209817607));
#3759 = ORIENTED_EDGE('',*,*,#3760,.T.);
#3760 = EDGE_CURVE('',#3751,#3761,#3763,.T.);
#3761 = VERTEX_POINT('',#3762);
#3762 = CARTESIAN_POINT('',(-0.12,-0.12,-3.4));
#3763 = LINE('',#3764,#3765);
#3764 = CARTESIAN_POINT('',(-0.12,0.32,-3.4));
#3765 = VECTOR('',#3766,1.);
#3766 = DIRECTION('',(-1.224646799147E-16,-1.,0.));
#3767 = ORIENTED_EDGE('',*,*,#3768,.T.);
#3768 = EDGE_CURVE('',#3761,#3727,#3769,.T.);
#3769 = LINE('',#3770,#3771);
#3770 = CARTESIAN_POINT('',(-4.270986134977E-02,-2.95486359438E-02,
    -3.47729013865));
#3771 = VECTOR('',#3772,1.);
#3772 = DIRECTION('',(-0.544770019249,-0.63753529491,0.544770019249));
#3773 = ORIENTED_EDGE('',*,*,#3734,.T.);
#3774 = ORIENTED_EDGE('',*,*,#2868,.F.);
#3775 = ORIENTED_EDGE('',*,*,#3776,.F.);
#3776 = EDGE_CURVE('',#3753,#2861,#3777,.T.);
#3777 = LINE('',#3778,#3779);
#3778 = CARTESIAN_POINT('',(-0.541586867305,0.253433652531,
    -2.978413132695));
#3779 = VECTOR('',#3780,1.);
#3780 = DIRECTION('',(-0.702740385383,-0.110959008218,0.702740385383));
#3781 = PLANE('',#3782);
#3782 = AXIS2_PLACEMENT_3D('',#3783,#3784,#3785);
#3783 = CARTESIAN_POINT('',(-0.22,0.32,-3.3));
#3784 = DIRECTION('',(0.707106781187,-8.833102285013E-17,0.707106781187)
  );
#3785 = DIRECTION('',(1.236918052038E-16,1.,1.227125289097E-18));
#3786 = ADVANCED_FACE('',(#3787),#3812,.F.);
#3787 = FACE_BOUND('',#3788,.F.);
#3788 = EDGE_LOOP('',(#3789,#3790,#3796,#3797,#3798,#3806));
#3789 = ORIENTED_EDGE('',*,*,#2974,.F.);
#3790 = ORIENTED_EDGE('',*,*,#3791,.T.);
#3791 = EDGE_CURVE('',#2967,#2853,#3792,.T.);
#3792 = LINE('',#3793,#3794);
#3793 = CARTESIAN_POINT('',(0.32,2.E-02,-1.5));
#3794 = VECTOR('',#3795,1.);
#3795 = DIRECTION('',(-1.,1.224646799147E-16,0.));
#3796 = ORIENTED_EDGE('',*,*,#2860,.T.);
#3797 = ORIENTED_EDGE('',*,*,#3776,.F.);
#3798 = ORIENTED_EDGE('',*,*,#3799,.F.);
#3799 = EDGE_CURVE('',#3800,#3753,#3802,.T.);
#3800 = VERTEX_POINT('',#3801);
#3801 = CARTESIAN_POINT('',(0.317552593066,0.288807485305,
    -3.202447406934));
#3802 = LINE('',#3803,#3804);
#3803 = CARTESIAN_POINT('',(0.32,0.288807485305,-3.202447406934));
#3804 = VECTOR('',#3805,1.);
#3805 = DIRECTION('',(-1.,1.224646799147E-16,0.));
#3806 = ORIENTED_EDGE('',*,*,#3807,.T.);
#3807 = EDGE_CURVE('',#3800,#2975,#3808,.T.);
#3808 = LINE('',#3809,#3810);
#3809 = CARTESIAN_POINT('',(0.699616963064,0.228481532148,
    -2.820383036936));
#3810 = VECTOR('',#3811,1.);
#3811 = DIRECTION('',(0.702740385383,-0.110959008218,0.702740385383));
#3812 = PLANE('',#3813);
#3813 = AXIS2_PLACEMENT_3D('',#3814,#3815,#3816);
#3814 = CARTESIAN_POINT('',(0.32,2.E-02,-1.5));
#3815 = DIRECTION('',(-1.209660753807E-16,-0.987762965329,
    -0.155962573473));
#3816 = DIRECTION('',(1.909990663905E-17,0.155962573473,-0.987762965329)
  );
#3817 = ADVANCED_FACE('',(#3818),#3829,.F.);
#3818 = FACE_BOUND('',#3819,.F.);
#3819 = EDGE_LOOP('',(#3820,#3826,#3827,#3828));
#3820 = ORIENTED_EDGE('',*,*,#3821,.T.);
#3821 = EDGE_CURVE('',#2959,#2845,#3822,.T.);
#3822 = LINE('',#3823,#3824);
#3823 = CARTESIAN_POINT('',(0.32,0.32,-0.9));
#3824 = VECTOR('',#3825,1.);
#3825 = DIRECTION('',(-1.,1.224646799147E-16,0.));
#3826 = ORIENTED_EDGE('',*,*,#2852,.T.);
#3827 = ORIENTED_EDGE('',*,*,#3791,.F.);
#3828 = ORIENTED_EDGE('',*,*,#2966,.F.);
#3829 = PLANE('',#3830);
#3830 = AXIS2_PLACEMENT_3D('',#3831,#3832,#3833);
#3831 = CARTESIAN_POINT('',(0.32,0.32,-0.9));
#3832 = DIRECTION('',(-1.095357396528E-16,-0.894427191,0.4472135955));
#3833 = DIRECTION('',(-5.476786982641E-17,-0.4472135955,-0.894427191));
#3834 = ADVANCED_FACE('',(#3835),#3841,.F.);
#3835 = FACE_BOUND('',#3836,.F.);
#3836 = EDGE_LOOP('',(#3837,#3838,#3839,#3840));
#3837 = ORIENTED_EDGE('',*,*,#2958,.F.);
#3838 = ORIENTED_EDGE('',*,*,#3650,.T.);
#3839 = ORIENTED_EDGE('',*,*,#2844,.T.);
#3840 = ORIENTED_EDGE('',*,*,#3821,.F.);
#3841 = PLANE('',#3842);
#3842 = AXIS2_PLACEMENT_3D('',#3843,#3844,#3845);
#3843 = CARTESIAN_POINT('',(0.32,0.32,4.07));
#3844 = DIRECTION('',(-1.224646799147E-16,-1.,0.));
#3845 = DIRECTION('',(-0.,0.,-1.));
#3846 = ADVANCED_FACE('',(#3847),#3874,.T.);
#3847 = FACE_BOUND('',#3848,.F.);
#3848 = EDGE_LOOP('',(#3849,#3857,#3865,#3871,#3872,#3873));
#3849 = ORIENTED_EDGE('',*,*,#3850,.F.);
#3850 = EDGE_CURVE('',#3851,#3800,#3853,.T.);
#3851 = VERTEX_POINT('',#3852);
#3852 = CARTESIAN_POINT('',(0.12,0.12,-3.4));
#3853 = LINE('',#3854,#3855);
#3854 = CARTESIAN_POINT('',(0.255852405654,0.236085051658,
    -3.264147594346));
#3855 = VECTOR('',#3856,1.);
#3856 = DIRECTION('',(0.605209817607,0.517148096144,0.605209817607));
#3857 = ORIENTED_EDGE('',*,*,#3858,.T.);
#3858 = EDGE_CURVE('',#3851,#3859,#3861,.T.);
#3859 = VERTEX_POINT('',#3860);
#3860 = CARTESIAN_POINT('',(0.12,-0.12,-3.4));
#3861 = LINE('',#3862,#3863);
#3862 = CARTESIAN_POINT('',(0.12,0.32,-3.4));
#3863 = VECTOR('',#3864,1.);
#3864 = DIRECTION('',(-1.224646799147E-16,-1.,0.));
#3865 = ORIENTED_EDGE('',*,*,#3866,.T.);
#3866 = EDGE_CURVE('',#3859,#3719,#3867,.T.);
#3867 = LINE('',#3868,#3869);
#3868 = CARTESIAN_POINT('',(0.137677660989,-0.140687872705,
    -3.382322339011));
#3869 = VECTOR('',#3870,1.);
#3870 = DIRECTION('',(0.544770019249,-0.63753529491,0.544770019249));
#3871 = ORIENTED_EDGE('',*,*,#3718,.T.);
#3872 = ORIENTED_EDGE('',*,*,#2982,.F.);
#3873 = ORIENTED_EDGE('',*,*,#3807,.F.);
#3874 = PLANE('',#3875);
#3875 = AXIS2_PLACEMENT_3D('',#3876,#3877,#3878);
#3876 = CARTESIAN_POINT('',(0.22,0.32,-3.3));
#3877 = DIRECTION('',(0.707106781187,-8.486018839685E-17,-0.707106781187
    ));
#3878 = DIRECTION('',(1.212375546256E-16,1.,1.227125289196E-18));
#3879 = ADVANCED_FACE('',(#3880),#3891,.F.);
#3880 = FACE_BOUND('',#3881,.F.);
#3881 = EDGE_LOOP('',(#3882,#3883,#3889,#3890));
#3882 = ORIENTED_EDGE('',*,*,#3161,.T.);
#3883 = ORIENTED_EDGE('',*,*,#3884,.T.);
#3884 = EDGE_CURVE('',#3154,#3065,#3885,.T.);
#3885 = LINE('',#3886,#3887);
#3886 = CARTESIAN_POINT('',(2.82,-0.32,3.38));
#3887 = VECTOR('',#3888,1.);
#3888 = DIRECTION('',(-1.,1.224646799147E-16,0.));
#3889 = ORIENTED_EDGE('',*,*,#3072,.F.);
#3890 = ORIENTED_EDGE('',*,*,#3103,.F.);
#3891 = CYLINDRICAL_SURFACE('',#3892,5.E-02);
#3892 = AXIS2_PLACEMENT_3D('',#3893,#3894,#3895);
#3893 = CARTESIAN_POINT('',(2.82,-0.37,3.38));
#3894 = DIRECTION('',(-1.,1.224646799147E-16,0.));
#3895 = DIRECTION('',(0.,0.,1.));
#3896 = ADVANCED_FACE('',(#3897),#3908,.F.);
#3897 = FACE_BOUND('',#3898,.F.);
#3898 = EDGE_LOOP('',(#3899,#3900,#3906,#3907));
#3899 = ORIENTED_EDGE('',*,*,#3153,.F.);
#3900 = ORIENTED_EDGE('',*,*,#3901,.T.);
#3901 = EDGE_CURVE('',#3146,#3057,#3902,.T.);
#3902 = LINE('',#3903,#3904);
#3903 = CARTESIAN_POINT('',(2.82,-0.32,-3.2));
#3904 = VECTOR('',#3905,1.);
#3905 = DIRECTION('',(-1.,1.224646799147E-16,0.));
#3906 = ORIENTED_EDGE('',*,*,#3064,.T.);
#3907 = ORIENTED_EDGE('',*,*,#3884,.F.);
#3908 = PLANE('',#3909);
#3909 = AXIS2_PLACEMENT_3D('',#3910,#3911,#3912);
#3910 = CARTESIAN_POINT('',(2.82,-0.32,-3.4));
#3911 = DIRECTION('',(1.224646799147E-16,1.,0.));
#3912 = DIRECTION('',(0.,-0.,1.));
#3913 = ADVANCED_FACE('',(#3914),#3939,.F.);
#3914 = FACE_BOUND('',#3915,.T.);
#3915 = EDGE_LOOP('',(#3916,#3924,#3932,#3938));
#3916 = ORIENTED_EDGE('',*,*,#3917,.F.);
#3917 = EDGE_CURVE('',#3918,#3049,#3920,.T.);
#3918 = VERTEX_POINT('',#3919);
#3919 = CARTESIAN_POINT('',(2.38,0.12,-3.4));
#3920 = LINE('',#3921,#3922);
#3921 = CARTESIAN_POINT('',(2.353333333333,0.146666666667,
    -3.373333333333));
#3922 = VECTOR('',#3923,1.);
#3923 = DIRECTION('',(-0.57735026919,0.57735026919,0.57735026919));
#3924 = ORIENTED_EDGE('',*,*,#3925,.T.);
#3925 = EDGE_CURVE('',#3918,#3926,#3928,.T.);
#3926 = VERTEX_POINT('',#3927);
#3927 = CARTESIAN_POINT('',(2.38,-0.12,-3.4));
#3928 = LINE('',#3929,#3930);
#3929 = CARTESIAN_POINT('',(2.38,0.32,-3.4));
#3930 = VECTOR('',#3931,1.);
#3931 = DIRECTION('',(-1.224646799147E-16,-1.,0.));
#3932 = ORIENTED_EDGE('',*,*,#3933,.T.);
#3933 = EDGE_CURVE('',#3926,#3057,#3934,.T.);
#3934 = LINE('',#3935,#3936);
#3935 = CARTESIAN_POINT('',(2.46,-4.E-02,-3.48));
#3936 = VECTOR('',#3937,1.);
#3937 = DIRECTION('',(-0.57735026919,-0.57735026919,0.57735026919));
#3938 = ORIENTED_EDGE('',*,*,#3056,.F.);
#3939 = PLANE('',#3940);
#3940 = AXIS2_PLACEMENT_3D('',#3941,#3942,#3943);
#3941 = CARTESIAN_POINT('',(2.28,0.32,-3.3));
#3942 = DIRECTION('',(0.707106781187,-8.833102285013E-17,0.707106781187)
  );
#3943 = DIRECTION('',(1.236918052038E-16,1.,1.227125289097E-18));
#3944 = ADVANCED_FACE('',(#3945),#3961,.F.);
#3945 = FACE_BOUND('',#3946,.F.);
#3946 = EDGE_LOOP('',(#3947,#3948,#3954,#3955));
#3947 = ORIENTED_EDGE('',*,*,#3137,.F.);
#3948 = ORIENTED_EDGE('',*,*,#3949,.T.);
#3949 = EDGE_CURVE('',#3129,#3040,#3950,.T.);
#3950 = LINE('',#3951,#3952);
#3951 = CARTESIAN_POINT('',(2.82,0.32,3.38));
#3952 = VECTOR('',#3953,1.);
#3953 = DIRECTION('',(-1.,1.224646799147E-16,0.));
#3954 = ORIENTED_EDGE('',*,*,#3048,.T.);
#3955 = ORIENTED_EDGE('',*,*,#3956,.F.);
#3956 = EDGE_CURVE('',#3138,#3049,#3957,.T.);
#3957 = LINE('',#3958,#3959);
#3958 = CARTESIAN_POINT('',(2.82,0.32,-3.2));
#3959 = VECTOR('',#3960,1.);
#3960 = DIRECTION('',(-1.,1.224646799147E-16,0.));
#3961 = PLANE('',#3962);
#3962 = AXIS2_PLACEMENT_3D('',#3963,#3964,#3965);
#3963 = CARTESIAN_POINT('',(2.82,0.32,4.07));
#3964 = DIRECTION('',(-1.224646799147E-16,-1.,3.715605838772E-17));
#3965 = DIRECTION('',(-4.550304797346E-33,-3.715605838772E-17,-1.));
#3966 = ADVANCED_FACE('',(#3967),#3973,.T.);
#3967 = FACE_BOUND('',#3968,.T.);
#3968 = EDGE_LOOP('',(#3969,#3970,#3971,#3972));
#3969 = ORIENTED_EDGE('',*,*,#3128,.T.);
#3970 = ORIENTED_EDGE('',*,*,#3949,.T.);
#3971 = ORIENTED_EDGE('',*,*,#3039,.F.);
#3972 = ORIENTED_EDGE('',*,*,#3180,.F.);
#3973 = CYLINDRICAL_SURFACE('',#3974,0.69);
#3974 = AXIS2_PLACEMENT_3D('',#3975,#3976,#3977);
#3975 = CARTESIAN_POINT('',(2.82,-0.37,3.38));
#3976 = DIRECTION('',(-1.,1.224646799147E-16,0.));
#3977 = DIRECTION('',(0.,0.,1.));
#3978 = ADVANCED_FACE('',(#3979),#4004,.T.);
#3979 = FACE_BOUND('',#3980,.F.);
#3980 = EDGE_LOOP('',(#3981,#3989,#3997,#4003));
#3981 = ORIENTED_EDGE('',*,*,#3982,.F.);
#3982 = EDGE_CURVE('',#3983,#3138,#3985,.T.);
#3983 = VERTEX_POINT('',#3984);
#3984 = CARTESIAN_POINT('',(2.62,0.12,-3.4));
#3985 = LINE('',#3986,#3987);
#3986 = CARTESIAN_POINT('',(2.753333333333,0.253333333333,
    -3.266666666667));
#3987 = VECTOR('',#3988,1.);
#3988 = DIRECTION('',(0.57735026919,0.57735026919,0.57735026919));
#3989 = ORIENTED_EDGE('',*,*,#3990,.T.);
#3990 = EDGE_CURVE('',#3983,#3991,#3993,.T.);
#3991 = VERTEX_POINT('',#3992);
#3992 = CARTESIAN_POINT('',(2.62,-0.12,-3.4));
#3993 = LINE('',#3994,#3995);
#3994 = CARTESIAN_POINT('',(2.62,0.32,-3.4));
#3995 = VECTOR('',#3996,1.);
#3996 = DIRECTION('',(-1.224646799147E-16,-1.,0.));
#3997 = ORIENTED_EDGE('',*,*,#3998,.T.);
#3998 = EDGE_CURVE('',#3991,#3146,#3999,.T.);
#3999 = LINE('',#4000,#4001);
#4000 = CARTESIAN_POINT('',(2.646666666667,-0.146666666667,
    -3.373333333333));
#4001 = VECTOR('',#4002,1.);
#4002 = DIRECTION('',(0.57735026919,-0.57735026919,0.57735026919));
#4003 = ORIENTED_EDGE('',*,*,#3145,.F.);
#4004 = PLANE('',#4005);
#4005 = AXIS2_PLACEMENT_3D('',#4006,#4007,#4008);
#4006 = CARTESIAN_POINT('',(2.72,0.32,-3.3));
#4007 = DIRECTION('',(0.707106781187,-8.486018839685E-17,-0.707106781187
    ));
#4008 = DIRECTION('',(1.212375546256E-16,1.,1.227125289196E-18));
#4009 = ADVANCED_FACE('',(#4010),#4021,.F.);
#4010 = FACE_BOUND('',#4011,.F.);
#4011 = EDGE_LOOP('',(#4012,#4013,#4019,#4020));
#4012 = ORIENTED_EDGE('',*,*,#3389,.T.);
#4013 = ORIENTED_EDGE('',*,*,#4014,.T.);
#4014 = EDGE_CURVE('',#3382,#3261,#4015,.T.);
#4015 = LINE('',#4016,#4017);
#4016 = CARTESIAN_POINT('',(5.32,-0.32,3.38));
#4017 = VECTOR('',#4018,1.);
#4018 = DIRECTION('',(-1.,1.224646799147E-16,0.));
#4019 = ORIENTED_EDGE('',*,*,#3268,.F.);
#4020 = ORIENTED_EDGE('',*,*,#3299,.F.);
#4021 = CYLINDRICAL_SURFACE('',#4022,5.E-02);
#4022 = AXIS2_PLACEMENT_3D('',#4023,#4024,#4025);
#4023 = CARTESIAN_POINT('',(5.32,-0.37,3.38));
#4024 = DIRECTION('',(-1.,1.224646799147E-16,0.));
#4025 = DIRECTION('',(0.,0.,1.));
#4026 = ADVANCED_FACE('',(#4027),#4038,.F.);
#4027 = FACE_BOUND('',#4028,.F.);
#4028 = EDGE_LOOP('',(#4029,#4030,#4036,#4037));
#4029 = ORIENTED_EDGE('',*,*,#3381,.F.);
#4030 = ORIENTED_EDGE('',*,*,#4031,.T.);
#4031 = EDGE_CURVE('',#3374,#3253,#4032,.T.);
#4032 = LINE('',#4033,#4034);
#4033 = CARTESIAN_POINT('',(5.32,-0.32,-0.9));
#4034 = VECTOR('',#4035,1.);
#4035 = DIRECTION('',(-1.,1.224646799147E-16,0.));
#4036 = ORIENTED_EDGE('',*,*,#3260,.T.);
#4037 = ORIENTED_EDGE('',*,*,#4014,.F.);
#4038 = PLANE('',#4039);
#4039 = AXIS2_PLACEMENT_3D('',#4040,#4041,#4042);
#4040 = CARTESIAN_POINT('',(5.32,-0.32,-0.9));
#4041 = DIRECTION('',(1.224646799147E-16,1.,0.));
#4042 = DIRECTION('',(0.,-0.,1.));
#4043 = ADVANCED_FACE('',(#4044),#4055,.F.);
#4044 = FACE_BOUND('',#4045,.F.);
#4045 = EDGE_LOOP('',(#4046,#4052,#4053,#4054));
#4046 = ORIENTED_EDGE('',*,*,#4047,.T.);
#4047 = EDGE_CURVE('',#3366,#3245,#4048,.T.);
#4048 = LINE('',#4049,#4050);
#4049 = CARTESIAN_POINT('',(5.32,-0.62,-1.5));
#4050 = VECTOR('',#4051,1.);
#4051 = DIRECTION('',(-1.,1.224646799147E-16,0.));
#4052 = ORIENTED_EDGE('',*,*,#3252,.T.);
#4053 = ORIENTED_EDGE('',*,*,#4031,.F.);
#4054 = ORIENTED_EDGE('',*,*,#3373,.F.);
#4055 = PLANE('',#4056);
#4056 = AXIS2_PLACEMENT_3D('',#4057,#4058,#4059);
#4057 = CARTESIAN_POINT('',(5.32,-0.62,-1.5));
#4058 = DIRECTION('',(1.095357396528E-16,0.894427191,-0.4472135955));
#4059 = DIRECTION('',(5.476786982641E-17,0.4472135955,0.894427191));
#4060 = ADVANCED_FACE('',(#4061),#4088,.F.);
#4061 = FACE_BOUND('',#4062,.F.);
#4062 = EDGE_LOOP('',(#4063,#4064,#4072,#4080,#4086,#4087));
#4063 = ORIENTED_EDGE('',*,*,#3365,.F.);
#4064 = ORIENTED_EDGE('',*,*,#4065,.F.);
#4065 = EDGE_CURVE('',#4066,#3358,#4068,.T.);
#4066 = VERTEX_POINT('',#4067);
#4067 = CARTESIAN_POINT('',(5.317552593066,-0.351192514695,
    -3.202447406934));
#4068 = LINE('',#4069,#4070);
#4069 = CARTESIAN_POINT('',(5.193816689466,-0.331655266758,
    -3.326183310534));
#4070 = VECTOR('',#4071,1.);
#4071 = DIRECTION('',(0.702740385383,-0.110959008218,0.702740385383));
#4072 = ORIENTED_EDGE('',*,*,#4073,.T.);
#4073 = EDGE_CURVE('',#4066,#4074,#4076,.T.);
#4074 = VERTEX_POINT('',#4075);
#4075 = CARTESIAN_POINT('',(4.682447406934,-0.351192514695,
    -3.202447406934));
#4076 = LINE('',#4077,#4078);
#4077 = CARTESIAN_POINT('',(5.32,-0.351192514695,-3.202447406934));
#4078 = VECTOR('',#4079,1.);
#4079 = DIRECTION('',(-1.,1.224646799147E-16,0.));
#4080 = ORIENTED_EDGE('',*,*,#4081,.T.);
#4081 = EDGE_CURVE('',#4074,#3237,#4082,.T.);
#4082 = LINE('',#4083,#4084);
#4083 = CARTESIAN_POINT('',(4.964213406293,-0.306703146375,
    -3.484213406293));
#4084 = VECTOR('',#4085,1.);
#4085 = DIRECTION('',(-0.702740385383,-0.110959008218,0.702740385383));
#4086 = ORIENTED_EDGE('',*,*,#3244,.T.);
#4087 = ORIENTED_EDGE('',*,*,#4047,.F.);
#4088 = PLANE('',#4089);
#4089 = AXIS2_PLACEMENT_3D('',#4090,#4091,#4092);
#4090 = CARTESIAN_POINT('',(5.32,-0.32,-3.4));
#4091 = DIRECTION('',(1.209660753807E-16,0.987762965329,0.155962573473)
  );
#4092 = DIRECTION('',(-1.909990663905E-17,-0.155962573473,0.987762965329
    ));
#4093 = ADVANCED_FACE('',(#4094),#4128,.F.);
#4094 = FACE_BOUND('',#4095,.T.);
#4095 = EDGE_LOOP('',(#4096,#4106,#4114,#4120,#4121,#4122));
#4096 = ORIENTED_EDGE('',*,*,#4097,.F.);
#4097 = EDGE_CURVE('',#4098,#4100,#4102,.T.);
#4098 = VERTEX_POINT('',#4099);
#4099 = CARTESIAN_POINT('',(4.88,0.12,-3.4));
#4100 = VERTEX_POINT('',#4101);
#4101 = CARTESIAN_POINT('',(4.682447406934,0.288807485305,
    -3.202447406934));
#4102 = LINE('',#4103,#4104);
#4103 = CARTESIAN_POINT('',(4.861356849811,0.135930458076,
    -3.381356849811));
#4104 = VECTOR('',#4105,1.);
#4105 = DIRECTION('',(-0.605209817607,0.517148096144,0.605209817607));
#4106 = ORIENTED_EDGE('',*,*,#4107,.T.);
#4107 = EDGE_CURVE('',#4098,#4108,#4110,.T.);
#4108 = VERTEX_POINT('',#4109);
#4109 = CARTESIAN_POINT('',(4.88,-0.12,-3.4));
#4110 = LINE('',#4111,#4112);
#4111 = CARTESIAN_POINT('',(4.88,0.32,-3.4));
#4112 = VECTOR('',#4113,1.);
#4113 = DIRECTION('',(-1.224646799147E-16,-1.,0.));
#4114 = ORIENTED_EDGE('',*,*,#4115,.T.);
#4115 = EDGE_CURVE('',#4108,#4074,#4116,.T.);
#4116 = LINE('',#4117,#4118);
#4117 = CARTESIAN_POINT('',(4.95729013865,-2.95486359438E-02,
    -3.47729013865));
#4118 = VECTOR('',#4119,1.);
#4119 = DIRECTION('',(-0.544770019249,-0.63753529491,0.544770019249));
#4120 = ORIENTED_EDGE('',*,*,#4081,.T.);
#4121 = ORIENTED_EDGE('',*,*,#3236,.F.);
#4122 = ORIENTED_EDGE('',*,*,#4123,.F.);
#4123 = EDGE_CURVE('',#4100,#3229,#4124,.T.);
#4124 = LINE('',#4125,#4126);
#4125 = CARTESIAN_POINT('',(4.458413132695,0.253433652531,
    -2.978413132695));
#4126 = VECTOR('',#4127,1.);
#4127 = DIRECTION('',(-0.702740385383,-0.110959008218,0.702740385383));
#4128 = PLANE('',#4129);
#4129 = AXIS2_PLACEMENT_3D('',#4130,#4131,#4132);
#4130 = CARTESIAN_POINT('',(4.78,0.32,-3.3));
#4131 = DIRECTION('',(0.707106781187,-8.833102285013E-17,0.707106781187)
  );
#4132 = DIRECTION('',(1.236918052038E-16,1.,1.227125289097E-18));
#4133 = ADVANCED_FACE('',(#4134),#4159,.F.);
#4134 = FACE_BOUND('',#4135,.F.);
#4135 = EDGE_LOOP('',(#4136,#4137,#4143,#4144,#4145,#4153));
#4136 = ORIENTED_EDGE('',*,*,#3349,.F.);
#4137 = ORIENTED_EDGE('',*,*,#4138,.T.);
#4138 = EDGE_CURVE('',#3342,#3221,#4139,.T.);
#4139 = LINE('',#4140,#4141);
#4140 = CARTESIAN_POINT('',(5.32,2.E-02,-1.5));
#4141 = VECTOR('',#4142,1.);
#4142 = DIRECTION('',(-1.,1.224646799147E-16,0.));
#4143 = ORIENTED_EDGE('',*,*,#3228,.T.);
#4144 = ORIENTED_EDGE('',*,*,#4123,.F.);
#4145 = ORIENTED_EDGE('',*,*,#4146,.F.);
#4146 = EDGE_CURVE('',#4147,#4100,#4149,.T.);
#4147 = VERTEX_POINT('',#4148);
#4148 = CARTESIAN_POINT('',(5.317552593066,0.288807485305,
    -3.202447406934));
#4149 = LINE('',#4150,#4151);
#4150 = CARTESIAN_POINT('',(5.32,0.288807485305,-3.202447406934));
#4151 = VECTOR('',#4152,1.);
#4152 = DIRECTION('',(-1.,1.224646799147E-16,0.));
#4153 = ORIENTED_EDGE('',*,*,#4154,.T.);
#4154 = EDGE_CURVE('',#4147,#3350,#4155,.T.);
#4155 = LINE('',#4156,#4157);
#4156 = CARTESIAN_POINT('',(5.699616963064,0.228481532148,
    -2.820383036936));
#4157 = VECTOR('',#4158,1.);
#4158 = DIRECTION('',(0.702740385383,-0.110959008218,0.702740385383));
#4159 = PLANE('',#4160);
#4160 = AXIS2_PLACEMENT_3D('',#4161,#4162,#4163);
#4161 = CARTESIAN_POINT('',(5.32,2.E-02,-1.5));
#4162 = DIRECTION('',(-1.209660753807E-16,-0.987762965329,
    -0.155962573473));
#4163 = DIRECTION('',(1.909990663905E-17,0.155962573473,-0.987762965329)
  );
#4164 = ADVANCED_FACE('',(#4165),#4176,.F.);
#4165 = FACE_BOUND('',#4166,.F.);
#4166 = EDGE_LOOP('',(#4167,#4173,#4174,#4175));
#4167 = ORIENTED_EDGE('',*,*,#4168,.T.);
#4168 = EDGE_CURVE('',#3334,#3213,#4169,.T.);
#4169 = LINE('',#4170,#4171);
#4170 = CARTESIAN_POINT('',(5.32,0.32,-0.9));
#4171 = VECTOR('',#4172,1.);
#4172 = DIRECTION('',(-1.,1.224646799147E-16,0.));
#4173 = ORIENTED_EDGE('',*,*,#3220,.T.);
#4174 = ORIENTED_EDGE('',*,*,#4138,.F.);
#4175 = ORIENTED_EDGE('',*,*,#3341,.F.);
#4176 = PLANE('',#4177);
#4177 = AXIS2_PLACEMENT_3D('',#4178,#4179,#4180);
#4178 = CARTESIAN_POINT('',(5.32,0.32,-0.9));
#4179 = DIRECTION('',(-1.095357396528E-16,-0.894427191,0.4472135955));
#4180 = DIRECTION('',(-5.476786982641E-17,-0.4472135955,-0.894427191));
#4181 = ADVANCED_FACE('',(#4182),#4193,.F.);
#4182 = FACE_BOUND('',#4183,.F.);
#4183 = EDGE_LOOP('',(#4184,#4185,#4191,#4192));
#4184 = ORIENTED_EDGE('',*,*,#3333,.F.);
#4185 = ORIENTED_EDGE('',*,*,#4186,.T.);
#4186 = EDGE_CURVE('',#3325,#3204,#4187,.T.);
#4187 = LINE('',#4188,#4189);
#4188 = CARTESIAN_POINT('',(5.32,0.32,3.38));
#4189 = VECTOR('',#4190,1.);
#4190 = DIRECTION('',(-1.,1.224646799147E-16,0.));
#4191 = ORIENTED_EDGE('',*,*,#3212,.T.);
#4192 = ORIENTED_EDGE('',*,*,#4168,.F.);
#4193 = PLANE('',#4194);
#4194 = AXIS2_PLACEMENT_3D('',#4195,#4196,#4197);
#4195 = CARTESIAN_POINT('',(5.32,0.32,4.07));
#4196 = DIRECTION('',(-1.224646799147E-16,-1.,0.));
#4197 = DIRECTION('',(-0.,0.,-1.));
#4198 = ADVANCED_FACE('',(#4199),#4205,.T.);
#4199 = FACE_BOUND('',#4200,.T.);
#4200 = EDGE_LOOP('',(#4201,#4202,#4203,#4204));
#4201 = ORIENTED_EDGE('',*,*,#3324,.T.);
#4202 = ORIENTED_EDGE('',*,*,#4186,.T.);
#4203 = ORIENTED_EDGE('',*,*,#3203,.F.);
#4204 = ORIENTED_EDGE('',*,*,#3408,.F.);
#4205 = CYLINDRICAL_SURFACE('',#4206,0.69);
#4206 = AXIS2_PLACEMENT_3D('',#4207,#4208,#4209);
#4207 = CARTESIAN_POINT('',(5.32,-0.37,3.38));
#4208 = DIRECTION('',(-1.,1.224646799147E-16,0.));
#4209 = DIRECTION('',(0.,0.,1.));
#4210 = ADVANCED_FACE('',(#4211),#4238,.T.);
#4211 = FACE_BOUND('',#4212,.F.);
#4212 = EDGE_LOOP('',(#4213,#4221,#4229,#4235,#4236,#4237));
#4213 = ORIENTED_EDGE('',*,*,#4214,.F.);
#4214 = EDGE_CURVE('',#4215,#4147,#4217,.T.);
#4215 = VERTEX_POINT('',#4216);
#4216 = CARTESIAN_POINT('',(5.12,0.12,-3.4));
#4217 = LINE('',#4218,#4219);
#4218 = CARTESIAN_POINT('',(5.255852405654,0.236085051658,
    -3.264147594346));
#4219 = VECTOR('',#4220,1.);
#4220 = DIRECTION('',(0.605209817607,0.517148096144,0.605209817607));
#4221 = ORIENTED_EDGE('',*,*,#4222,.T.);
#4222 = EDGE_CURVE('',#4215,#4223,#4225,.T.);
#4223 = VERTEX_POINT('',#4224);
#4224 = CARTESIAN_POINT('',(5.12,-0.12,-3.4));
#4225 = LINE('',#4226,#4227);
#4226 = CARTESIAN_POINT('',(5.12,0.32,-3.4));
#4227 = VECTOR('',#4228,1.);
#4228 = DIRECTION('',(-1.224646799147E-16,-1.,0.));
#4229 = ORIENTED_EDGE('',*,*,#4230,.T.);
#4230 = EDGE_CURVE('',#4223,#4066,#4231,.T.);
#4231 = LINE('',#4232,#4233);
#4232 = CARTESIAN_POINT('',(5.137677660989,-0.140687872705,
    -3.382322339011));
#4233 = VECTOR('',#4234,1.);
#4234 = DIRECTION('',(0.544770019249,-0.63753529491,0.544770019249));
#4235 = ORIENTED_EDGE('',*,*,#4065,.T.);
#4236 = ORIENTED_EDGE('',*,*,#3357,.F.);
#4237 = ORIENTED_EDGE('',*,*,#4154,.F.);
#4238 = PLANE('',#4239);
#4239 = AXIS2_PLACEMENT_3D('',#4240,#4241,#4242);
#4240 = CARTESIAN_POINT('',(5.22,0.32,-3.3));
#4241 = DIRECTION('',(0.707106781187,-8.486018839685E-17,-0.707106781187
    ));
#4242 = DIRECTION('',(1.212375546256E-16,1.,1.227125289196E-18));
#4243 = ADVANCED_FACE('',(#4244),#4269,.T.);
#4244 = FACE_BOUND('',#4245,.T.);
#4245 = EDGE_LOOP('',(#4246,#4256,#4262,#4263));
#4246 = ORIENTED_EDGE('',*,*,#4247,.T.);
#4247 = EDGE_CURVE('',#4248,#4250,#4252,.T.);
#4248 = VERTEX_POINT('',#4249);
#4249 = CARTESIAN_POINT('',(2.18,-8.5,3.43));
#4250 = VERTEX_POINT('',#4251);
#4251 = CARTESIAN_POINT('',(2.18,-8.5,4.07));
#4252 = LINE('',#4253,#4254);
#4253 = CARTESIAN_POINT('',(2.18,-8.5,3.43));
#4254 = VECTOR('',#4255,1.);
#4255 = DIRECTION('',(0.,0.,1.));
#4256 = ORIENTED_EDGE('',*,*,#4257,.T.);
#4257 = EDGE_CURVE('',#4250,#3542,#4258,.T.);
#4258 = LINE('',#4259,#4260);
#4259 = CARTESIAN_POINT('',(2.18,-8.7,4.07));
#4260 = VECTOR('',#4261,1.);
#4261 = DIRECTION('',(1.224646799147E-16,1.,0.));
#4262 = ORIENTED_EDGE('',*,*,#3541,.T.);
#4263 = ORIENTED_EDGE('',*,*,#4264,.T.);
#4264 = EDGE_CURVE('',#3544,#4248,#4265,.T.);
#4265 = LINE('',#4266,#4267);
#4266 = CARTESIAN_POINT('',(2.18,-0.32,3.43));
#4267 = VECTOR('',#4268,1.);
#4268 = DIRECTION('',(-1.224646799147E-16,-1.,0.));
#4269 = PLANE('',#4270);
#4270 = AXIS2_PLACEMENT_3D('',#4271,#4272,#4273);
#4271 = CARTESIAN_POINT('',(2.18,-2.454542146756,2.070457853244));
#4272 = DIRECTION('',(-1.,1.224646799147E-16,0.));
#4273 = DIRECTION('',(0.,0.,1.));
#4274 = ADVANCED_FACE('',(#4275),#4293,.F.);
#4275 = FACE_BOUND('',#4276,.F.);
#4276 = EDGE_LOOP('',(#4277,#4285,#4286,#4287));
#4277 = ORIENTED_EDGE('',*,*,#4278,.F.);
#4278 = EDGE_CURVE('',#3560,#4279,#4281,.T.);
#4279 = VERTEX_POINT('',#4280);
#4280 = CARTESIAN_POINT('',(2.82,-8.5,3.43));
#4281 = LINE('',#4282,#4283);
#4282 = CARTESIAN_POINT('',(2.82,-0.32,3.43));
#4283 = VECTOR('',#4284,1.);
#4284 = DIRECTION('',(-1.224646799147E-16,-1.,0.));
#4285 = ORIENTED_EDGE('',*,*,#3567,.T.);
#4286 = ORIENTED_EDGE('',*,*,#4264,.T.);
#4287 = ORIENTED_EDGE('',*,*,#4288,.F.);
#4288 = EDGE_CURVE('',#4279,#4248,#4289,.T.);
#4289 = LINE('',#4290,#4291);
#4290 = CARTESIAN_POINT('',(2.82,-8.5,3.43));
#4291 = VECTOR('',#4292,1.);
#4292 = DIRECTION('',(-1.,1.224646799147E-16,0.));
#4293 = PLANE('',#4294);
#4294 = AXIS2_PLACEMENT_3D('',#4295,#4296,#4297);
#4295 = CARTESIAN_POINT('',(2.82,-0.32,3.43));
#4296 = DIRECTION('',(0.,0.,1.));
#4297 = DIRECTION('',(-1.224646799147E-16,-1.,0.));
#4298 = ADVANCED_FACE('',(#4299),#4317,.F.);
#4299 = FACE_BOUND('',#4300,.F.);
#4300 = EDGE_LOOP('',(#4301,#4309,#4315,#4316));
#4301 = ORIENTED_EDGE('',*,*,#4302,.T.);
#4302 = EDGE_CURVE('',#4279,#4303,#4305,.T.);
#4303 = VERTEX_POINT('',#4304);
#4304 = CARTESIAN_POINT('',(2.82,-8.5,4.07));
#4305 = LINE('',#4306,#4307);
#4306 = CARTESIAN_POINT('',(2.82,-8.5,3.43));
#4307 = VECTOR('',#4308,1.);
#4308 = DIRECTION('',(0.,0.,1.));
#4309 = ORIENTED_EDGE('',*,*,#4310,.T.);
#4310 = EDGE_CURVE('',#4303,#3552,#4311,.T.);
#4311 = LINE('',#4312,#4313);
#4312 = CARTESIAN_POINT('',(2.82,-8.7,4.07));
#4313 = VECTOR('',#4314,1.);
#4314 = DIRECTION('',(1.224646799147E-16,1.,0.));
#4315 = ORIENTED_EDGE('',*,*,#3559,.T.);
#4316 = ORIENTED_EDGE('',*,*,#4278,.T.);
#4317 = PLANE('',#4318);
#4318 = AXIS2_PLACEMENT_3D('',#4319,#4320,#4321);
#4319 = CARTESIAN_POINT('',(2.82,-2.454542146756,2.070457853244));
#4320 = DIRECTION('',(-1.,1.224646799147E-16,0.));
#4321 = DIRECTION('',(0.,0.,1.));
#4322 = ADVANCED_FACE('',(#4323),#4334,.F.);
#4323 = FACE_BOUND('',#4324,.F.);
#4324 = EDGE_LOOP('',(#4325,#4326,#4332,#4333));
#4325 = ORIENTED_EDGE('',*,*,#4310,.F.);
#4326 = ORIENTED_EDGE('',*,*,#4327,.T.);
#4327 = EDGE_CURVE('',#4303,#4250,#4328,.T.);
#4328 = LINE('',#4329,#4330);
#4329 = CARTESIAN_POINT('',(2.82,-8.5,4.07));
#4330 = VECTOR('',#4331,1.);
#4331 = DIRECTION('',(-1.,1.224646799147E-16,0.));
#4332 = ORIENTED_EDGE('',*,*,#4257,.T.);
#4333 = ORIENTED_EDGE('',*,*,#3551,.T.);
#4334 = PLANE('',#4335);
#4335 = AXIS2_PLACEMENT_3D('',#4336,#4337,#4338);
#4336 = CARTESIAN_POINT('',(2.82,-8.7,4.07));
#4337 = DIRECTION('',(-0.,0.,-1.));
#4338 = DIRECTION('',(1.224646799147E-16,1.,0.));
#4339 = ADVANCED_FACE('',(#4340),#4365,.F.);
#4340 = FACE_BOUND('',#4341,.F.);
#4341 = EDGE_LOOP('',(#4342,#4350,#4358,#4364));
#4342 = ORIENTED_EDGE('',*,*,#4343,.F.);
#4343 = EDGE_CURVE('',#4344,#3578,#4346,.T.);
#4344 = VERTEX_POINT('',#4345);
#4345 = CARTESIAN_POINT('',(0.32,-8.5,4.07));
#4346 = LINE('',#4347,#4348);
#4347 = CARTESIAN_POINT('',(0.32,-8.7,4.07));
#4348 = VECTOR('',#4349,1.);
#4349 = DIRECTION('',(1.224646799147E-16,1.,0.));
#4350 = ORIENTED_EDGE('',*,*,#4351,.T.);
#4351 = EDGE_CURVE('',#4344,#4352,#4354,.T.);
#4352 = VERTEX_POINT('',#4353);
#4353 = CARTESIAN_POINT('',(-0.32,-8.5,4.07));
#4354 = LINE('',#4355,#4356);
#4355 = CARTESIAN_POINT('',(0.32,-8.5,4.07));
#4356 = VECTOR('',#4357,1.);
#4357 = DIRECTION('',(-1.,1.224646799147E-16,0.));
#4358 = ORIENTED_EDGE('',*,*,#4359,.T.);
#4359 = EDGE_CURVE('',#4352,#3576,#4360,.T.);
#4360 = LINE('',#4361,#4362);
#4361 = CARTESIAN_POINT('',(-0.32,-8.7,4.07));
#4362 = VECTOR('',#4363,1.);
#4363 = DIRECTION('',(1.224646799147E-16,1.,0.));
#4364 = ORIENTED_EDGE('',*,*,#3575,.T.);
#4365 = PLANE('',#4366);
#4366 = AXIS2_PLACEMENT_3D('',#4367,#4368,#4369);
#4367 = CARTESIAN_POINT('',(0.32,-8.7,4.07));
#4368 = DIRECTION('',(-0.,0.,-1.));
#4369 = DIRECTION('',(1.224646799147E-16,1.,0.));
#4370 = ADVANCED_FACE('',(#4371),#4389,.T.);
#4371 = FACE_BOUND('',#4372,.T.);
#4372 = EDGE_LOOP('',(#4373,#4381,#4382,#4383));
#4373 = ORIENTED_EDGE('',*,*,#4374,.T.);
#4374 = EDGE_CURVE('',#4375,#4352,#4377,.T.);
#4375 = VERTEX_POINT('',#4376);
#4376 = CARTESIAN_POINT('',(-0.32,-8.5,3.43));
#4377 = LINE('',#4378,#4379);
#4378 = CARTESIAN_POINT('',(-0.32,-8.5,3.43));
#4379 = VECTOR('',#4380,1.);
#4380 = DIRECTION('',(0.,0.,1.));
#4381 = ORIENTED_EDGE('',*,*,#4359,.T.);
#4382 = ORIENTED_EDGE('',*,*,#3601,.T.);
#4383 = ORIENTED_EDGE('',*,*,#4384,.T.);
#4384 = EDGE_CURVE('',#3594,#4375,#4385,.T.);
#4385 = LINE('',#4386,#4387);
#4386 = CARTESIAN_POINT('',(-0.32,-0.32,3.43));
#4387 = VECTOR('',#4388,1.);
#4388 = DIRECTION('',(-1.224646799147E-16,-1.,0.));
#4389 = PLANE('',#4390);
#4390 = AXIS2_PLACEMENT_3D('',#4391,#4392,#4393);
#4391 = CARTESIAN_POINT('',(-0.32,-2.46404183087,2.050076029119));
#4392 = DIRECTION('',(-1.,1.224646799147E-16,0.));
#4393 = DIRECTION('',(0.,0.,1.));
#4394 = ADVANCED_FACE('',(#4395),#4413,.F.);
#4395 = FACE_BOUND('',#4396,.F.);
#4396 = EDGE_LOOP('',(#4397,#4405,#4406,#4407));
#4397 = ORIENTED_EDGE('',*,*,#4398,.F.);
#4398 = EDGE_CURVE('',#3586,#4399,#4401,.T.);
#4399 = VERTEX_POINT('',#4400);
#4400 = CARTESIAN_POINT('',(0.32,-8.5,3.43));
#4401 = LINE('',#4402,#4403);
#4402 = CARTESIAN_POINT('',(0.32,-0.32,3.43));
#4403 = VECTOR('',#4404,1.);
#4404 = DIRECTION('',(-1.224646799147E-16,-1.,0.));
#4405 = ORIENTED_EDGE('',*,*,#3593,.T.);
#4406 = ORIENTED_EDGE('',*,*,#4384,.T.);
#4407 = ORIENTED_EDGE('',*,*,#4408,.F.);
#4408 = EDGE_CURVE('',#4399,#4375,#4409,.T.);
#4409 = LINE('',#4410,#4411);
#4410 = CARTESIAN_POINT('',(0.32,-8.5,3.43));
#4411 = VECTOR('',#4412,1.);
#4412 = DIRECTION('',(-1.,1.224646799147E-16,0.));
#4413 = PLANE('',#4414);
#4414 = AXIS2_PLACEMENT_3D('',#4415,#4416,#4417);
#4415 = CARTESIAN_POINT('',(0.32,-0.32,3.43));
#4416 = DIRECTION('',(0.,0.,1.));
#4417 = DIRECTION('',(-1.224646799147E-16,-1.,0.));
#4418 = ADVANCED_FACE('',(#4419),#4430,.F.);
#4419 = FACE_BOUND('',#4420,.F.);
#4420 = EDGE_LOOP('',(#4421,#4427,#4428,#4429));
#4421 = ORIENTED_EDGE('',*,*,#4422,.T.);
#4422 = EDGE_CURVE('',#4399,#4344,#4423,.T.);
#4423 = LINE('',#4424,#4425);
#4424 = CARTESIAN_POINT('',(0.32,-8.5,3.43));
#4425 = VECTOR('',#4426,1.);
#4426 = DIRECTION('',(0.,0.,1.));
#4427 = ORIENTED_EDGE('',*,*,#4343,.T.);
#4428 = ORIENTED_EDGE('',*,*,#3585,.T.);
#4429 = ORIENTED_EDGE('',*,*,#4398,.T.);
#4430 = PLANE('',#4431);
#4431 = AXIS2_PLACEMENT_3D('',#4432,#4433,#4434);
#4432 = CARTESIAN_POINT('',(0.32,-2.46404183087,2.050076029119));
#4433 = DIRECTION('',(-1.,1.224646799147E-16,0.));
#4434 = DIRECTION('',(0.,0.,1.));
#4435 = ADVANCED_FACE('',(#4436),#4461,.T.);
#4436 = FACE_BOUND('',#4437,.T.);
#4437 = EDGE_LOOP('',(#4438,#4448,#4454,#4455));
#4438 = ORIENTED_EDGE('',*,*,#4439,.T.);
#4439 = EDGE_CURVE('',#4440,#4442,#4444,.T.);
#4440 = VERTEX_POINT('',#4441);
#4441 = CARTESIAN_POINT('',(4.68,-8.5,3.43));
#4442 = VERTEX_POINT('',#4443);
#4443 = CARTESIAN_POINT('',(4.68,-8.5,4.07));
#4444 = LINE('',#4445,#4446);
#4445 = CARTESIAN_POINT('',(4.68,-8.5,3.43));
#4446 = VECTOR('',#4447,1.);
#4447 = DIRECTION('',(0.,0.,1.));
#4448 = ORIENTED_EDGE('',*,*,#4449,.T.);
#4449 = EDGE_CURVE('',#4442,#3610,#4450,.T.);
#4450 = LINE('',#4451,#4452);
#4451 = CARTESIAN_POINT('',(4.68,-8.7,4.07));
#4452 = VECTOR('',#4453,1.);
#4453 = DIRECTION('',(1.224646799147E-16,1.,0.));
#4454 = ORIENTED_EDGE('',*,*,#3609,.T.);
#4455 = ORIENTED_EDGE('',*,*,#4456,.T.);
#4456 = EDGE_CURVE('',#3612,#4440,#4457,.T.);
#4457 = LINE('',#4458,#4459);
#4458 = CARTESIAN_POINT('',(4.68,-0.32,3.43));
#4459 = VECTOR('',#4460,1.);
#4460 = DIRECTION('',(-1.224646799147E-16,-1.,0.));
#4461 = PLANE('',#4462);
#4462 = AXIS2_PLACEMENT_3D('',#4463,#4464,#4465);
#4463 = CARTESIAN_POINT('',(4.68,-2.46404183087,2.050076029119));
#4464 = DIRECTION('',(-1.,1.224646799147E-16,0.));
#4465 = DIRECTION('',(0.,0.,1.));
#4466 = ADVANCED_FACE('',(#4467),#4485,.F.);
#4467 = FACE_BOUND('',#4468,.F.);
#4468 = EDGE_LOOP('',(#4469,#4477,#4478,#4479));
#4469 = ORIENTED_EDGE('',*,*,#4470,.F.);
#4470 = EDGE_CURVE('',#3628,#4471,#4473,.T.);
#4471 = VERTEX_POINT('',#4472);
#4472 = CARTESIAN_POINT('',(5.32,-8.5,3.43));
#4473 = LINE('',#4474,#4475);
#4474 = CARTESIAN_POINT('',(5.32,-0.32,3.43));
#4475 = VECTOR('',#4476,1.);
#4476 = DIRECTION('',(-1.224646799147E-16,-1.,0.));
#4477 = ORIENTED_EDGE('',*,*,#3635,.T.);
#4478 = ORIENTED_EDGE('',*,*,#4456,.T.);
#4479 = ORIENTED_EDGE('',*,*,#4480,.F.);
#4480 = EDGE_CURVE('',#4471,#4440,#4481,.T.);
#4481 = LINE('',#4482,#4483);
#4482 = CARTESIAN_POINT('',(5.32,-8.5,3.43));
#4483 = VECTOR('',#4484,1.);
#4484 = DIRECTION('',(-1.,1.224646799147E-16,0.));
#4485 = PLANE('',#4486);
#4486 = AXIS2_PLACEMENT_3D('',#4487,#4488,#4489);
#4487 = CARTESIAN_POINT('',(5.32,-0.32,3.43));
#4488 = DIRECTION('',(0.,0.,1.));
#4489 = DIRECTION('',(-1.224646799147E-16,-1.,0.));
#4490 = ADVANCED_FACE('',(#4491),#4509,.F.);
#4491 = FACE_BOUND('',#4492,.F.);
#4492 = EDGE_LOOP('',(#4493,#4501,#4507,#4508));
#4493 = ORIENTED_EDGE('',*,*,#4494,.T.);
#4494 = EDGE_CURVE('',#4471,#4495,#4497,.T.);
#4495 = VERTEX_POINT('',#4496);
#4496 = CARTESIAN_POINT('',(5.32,-8.5,4.07));
#4497 = LINE('',#4498,#4499);
#4498 = CARTESIAN_POINT('',(5.32,-8.5,3.43));
#4499 = VECTOR('',#4500,1.);
#4500 = DIRECTION('',(0.,0.,1.));
#4501 = ORIENTED_EDGE('',*,*,#4502,.T.);
#4502 = EDGE_CURVE('',#4495,#3620,#4503,.T.);
#4503 = LINE('',#4504,#4505);
#4504 = CARTESIAN_POINT('',(5.32,-8.7,4.07));
#4505 = VECTOR('',#4506,1.);
#4506 = DIRECTION('',(1.224646799147E-16,1.,0.));
#4507 = ORIENTED_EDGE('',*,*,#3627,.T.);
#4508 = ORIENTED_EDGE('',*,*,#4470,.T.);
#4509 = PLANE('',#4510);
#4510 = AXIS2_PLACEMENT_3D('',#4511,#4512,#4513);
#4511 = CARTESIAN_POINT('',(5.32,-2.46404183087,2.050076029119));
#4512 = DIRECTION('',(-1.,1.224646799147E-16,0.));
#4513 = DIRECTION('',(0.,0.,1.));
#4514 = ADVANCED_FACE('',(#4515),#4526,.F.);
#4515 = FACE_BOUND('',#4516,.F.);
#4516 = EDGE_LOOP('',(#4517,#4518,#4524,#4525));
#4517 = ORIENTED_EDGE('',*,*,#4502,.F.);
#4518 = ORIENTED_EDGE('',*,*,#4519,.T.);
#4519 = EDGE_CURVE('',#4495,#4442,#4520,.T.);
#4520 = LINE('',#4521,#4522);
#4521 = CARTESIAN_POINT('',(5.32,-8.5,4.07));
#4522 = VECTOR('',#4523,1.);
#4523 = DIRECTION('',(-1.,1.224646799147E-16,0.));
#4524 = ORIENTED_EDGE('',*,*,#4449,.T.);
#4525 = ORIENTED_EDGE('',*,*,#3619,.T.);
#4526 = PLANE('',#4527);
#4527 = AXIS2_PLACEMENT_3D('',#4528,#4529,#4530);
#4528 = CARTESIAN_POINT('',(5.32,-8.7,4.07));
#4529 = DIRECTION('',(-0.,0.,-1.));
#4530 = DIRECTION('',(1.224646799147E-16,1.,0.));
#4531 = ADVANCED_FACE('',(#4532),#4543,.T.);
#4532 = FACE_BOUND('',#4533,.F.);
#4533 = EDGE_LOOP('',(#4534,#4535,#4541,#4542));
#4534 = ORIENTED_EDGE('',*,*,#3866,.F.);
#4535 = ORIENTED_EDGE('',*,*,#4536,.T.);
#4536 = EDGE_CURVE('',#3859,#3761,#4537,.T.);
#4537 = LINE('',#4538,#4539);
#4538 = CARTESIAN_POINT('',(0.32,-0.12,-3.4));
#4539 = VECTOR('',#4540,1.);
#4540 = DIRECTION('',(-1.,1.224646799147E-16,0.));
#4541 = ORIENTED_EDGE('',*,*,#3768,.T.);
#4542 = ORIENTED_EDGE('',*,*,#3726,.F.);
#4543 = PLANE('',#4544);
#4544 = AXIS2_PLACEMENT_3D('',#4545,#4546,#4547);
#4545 = CARTESIAN_POINT('',(0.32,-0.235596257347,-3.301223703467));
#4546 = DIRECTION('',(-8.302774088379E-17,-0.64962967394,-0.760250805153
    ));
#4547 = DIRECTION('',(1.,-1.247195775152E-16,-2.638869166629E-18));
#4548 = ADVANCED_FACE('',(#4549),#4560,.T.);
#4549 = FACE_BOUND('',#4550,.T.);
#4550 = EDGE_LOOP('',(#4551,#4552,#4558,#4559));
#4551 = ORIENTED_EDGE('',*,*,#3850,.F.);
#4552 = ORIENTED_EDGE('',*,*,#4553,.T.);
#4553 = EDGE_CURVE('',#3851,#3751,#4554,.T.);
#4554 = LINE('',#4555,#4556);
#4555 = CARTESIAN_POINT('',(0.32,0.12,-3.4));
#4556 = VECTOR('',#4557,1.);
#4557 = DIRECTION('',(-1.,1.224646799147E-16,0.));
#4558 = ORIENTED_EDGE('',*,*,#3750,.T.);
#4559 = ORIENTED_EDGE('',*,*,#3799,.F.);
#4560 = PLANE('',#4561);
#4561 = AXIS2_PLACEMENT_3D('',#4562,#4563,#4564);
#4562 = CARTESIAN_POINT('',(0.32,0.204403742653,-3.301223703467));
#4563 = DIRECTION('',(9.310387150808E-17,0.760250805153,-0.64962967394)
  );
#4564 = DIRECTION('',(-1.,1.224646799148E-16,-5.515863360725E-29));
#4565 = ADVANCED_FACE('',(#4566),#4572,.F.);
#4566 = FACE_BOUND('',#4567,.F.);
#4567 = EDGE_LOOP('',(#4568,#4569,#4570,#4571));
#4568 = ORIENTED_EDGE('',*,*,#4553,.T.);
#4569 = ORIENTED_EDGE('',*,*,#3760,.T.);
#4570 = ORIENTED_EDGE('',*,*,#4536,.F.);
#4571 = ORIENTED_EDGE('',*,*,#3858,.F.);
#4572 = PLANE('',#4573);
#4573 = AXIS2_PLACEMENT_3D('',#4574,#4575,#4576);
#4574 = CARTESIAN_POINT('',(0.32,0.32,-3.4));
#4575 = DIRECTION('',(0.,0.,1.));
#4576 = DIRECTION('',(-1.224646799147E-16,-1.,0.));
#4577 = ADVANCED_FACE('',(#4578),#4589,.T.);
#4578 = FACE_BOUND('',#4579,.F.);
#4579 = EDGE_LOOP('',(#4580,#4581,#4587,#4588));
#4580 = ORIENTED_EDGE('',*,*,#3998,.F.);
#4581 = ORIENTED_EDGE('',*,*,#4582,.T.);
#4582 = EDGE_CURVE('',#3991,#3926,#4583,.T.);
#4583 = LINE('',#4584,#4585);
#4584 = CARTESIAN_POINT('',(2.82,-0.12,-3.4));
#4585 = VECTOR('',#4586,1.);
#4586 = DIRECTION('',(-1.,1.224646799147E-16,0.));
#4587 = ORIENTED_EDGE('',*,*,#3933,.T.);
#4588 = ORIENTED_EDGE('',*,*,#3901,.F.);
#4589 = PLANE('',#4590);
#4590 = AXIS2_PLACEMENT_3D('',#4591,#4592,#4593);
#4591 = CARTESIAN_POINT('',(2.82,-0.22,-3.3));
#4592 = DIRECTION('',(-8.486018839685E-17,-0.707106781187,
    -0.707106781187));
#4593 = DIRECTION('',(1.,-1.212375546256E-16,1.227125289196E-18));
#4594 = ADVANCED_FACE('',(#4595),#4606,.T.);
#4595 = FACE_BOUND('',#4596,.T.);
#4596 = EDGE_LOOP('',(#4597,#4598,#4604,#4605));
#4597 = ORIENTED_EDGE('',*,*,#3982,.F.);
#4598 = ORIENTED_EDGE('',*,*,#4599,.T.);
#4599 = EDGE_CURVE('',#3983,#3918,#4600,.T.);
#4600 = LINE('',#4601,#4602);
#4601 = CARTESIAN_POINT('',(2.82,0.12,-3.4));
#4602 = VECTOR('',#4603,1.);
#4603 = DIRECTION('',(-1.,1.224646799147E-16,0.));
#4604 = ORIENTED_EDGE('',*,*,#3917,.T.);
#4605 = ORIENTED_EDGE('',*,*,#3956,.F.);
#4606 = PLANE('',#4607);
#4607 = AXIS2_PLACEMENT_3D('',#4608,#4609,#4610);
#4608 = CARTESIAN_POINT('',(2.82,0.22,-3.3));
#4609 = DIRECTION('',(8.486018839685E-17,0.707106781187,-0.707106781187)
  );
#4610 = DIRECTION('',(-1.,1.212375546256E-16,1.227125289196E-18));
#4611 = ADVANCED_FACE('',(#4612),#4618,.F.);
#4612 = FACE_BOUND('',#4613,.F.);
#4613 = EDGE_LOOP('',(#4614,#4615,#4616,#4617));
#4614 = ORIENTED_EDGE('',*,*,#4582,.F.);
#4615 = ORIENTED_EDGE('',*,*,#3990,.F.);
#4616 = ORIENTED_EDGE('',*,*,#4599,.T.);
#4617 = ORIENTED_EDGE('',*,*,#3925,.T.);
#4618 = PLANE('',#4619);
#4619 = AXIS2_PLACEMENT_3D('',#4620,#4621,#4622);
#4620 = CARTESIAN_POINT('',(2.82,0.32,-3.4));
#4621 = DIRECTION('',(0.,0.,1.));
#4622 = DIRECTION('',(-1.224646799147E-16,-1.,0.));
#4623 = ADVANCED_FACE('',(#4624),#4635,.T.);
#4624 = FACE_BOUND('',#4625,.F.);
#4625 = EDGE_LOOP('',(#4626,#4627,#4633,#4634));
#4626 = ORIENTED_EDGE('',*,*,#4230,.F.);
#4627 = ORIENTED_EDGE('',*,*,#4628,.T.);
#4628 = EDGE_CURVE('',#4223,#4108,#4629,.T.);
#4629 = LINE('',#4630,#4631);
#4630 = CARTESIAN_POINT('',(5.32,-0.12,-3.4));
#4631 = VECTOR('',#4632,1.);
#4632 = DIRECTION('',(-1.,1.224646799147E-16,0.));
#4633 = ORIENTED_EDGE('',*,*,#4115,.T.);
#4634 = ORIENTED_EDGE('',*,*,#4073,.F.);
#4635 = PLANE('',#4636);
#4636 = AXIS2_PLACEMENT_3D('',#4637,#4638,#4639);
#4637 = CARTESIAN_POINT('',(5.32,-0.235596257347,-3.301223703467));
#4638 = DIRECTION('',(-8.302774088379E-17,-0.64962967394,-0.760250805153
    ));
#4639 = DIRECTION('',(1.,-1.247195775152E-16,-2.638869166629E-18));
#4640 = ADVANCED_FACE('',(#4641),#4652,.T.);
#4641 = FACE_BOUND('',#4642,.T.);
#4642 = EDGE_LOOP('',(#4643,#4644,#4650,#4651));
#4643 = ORIENTED_EDGE('',*,*,#4214,.F.);
#4644 = ORIENTED_EDGE('',*,*,#4645,.T.);
#4645 = EDGE_CURVE('',#4215,#4098,#4646,.T.);
#4646 = LINE('',#4647,#4648);
#4647 = CARTESIAN_POINT('',(5.32,0.12,-3.4));
#4648 = VECTOR('',#4649,1.);
#4649 = DIRECTION('',(-1.,1.224646799147E-16,0.));
#4650 = ORIENTED_EDGE('',*,*,#4097,.T.);
#4651 = ORIENTED_EDGE('',*,*,#4146,.F.);
#4652 = PLANE('',#4653);
#4653 = AXIS2_PLACEMENT_3D('',#4654,#4655,#4656);
#4654 = CARTESIAN_POINT('',(5.32,0.204403742653,-3.301223703467));
#4655 = DIRECTION('',(9.310387150808E-17,0.760250805153,-0.64962967394)
  );
#4656 = DIRECTION('',(-1.,1.224646799148E-16,-5.515863360725E-29));
#4657 = ADVANCED_FACE('',(#4658),#4664,.F.);
#4658 = FACE_BOUND('',#4659,.F.);
#4659 = EDGE_LOOP('',(#4660,#4661,#4662,#4663));
#4660 = ORIENTED_EDGE('',*,*,#4645,.T.);
#4661 = ORIENTED_EDGE('',*,*,#4107,.T.);
#4662 = ORIENTED_EDGE('',*,*,#4628,.F.);
#4663 = ORIENTED_EDGE('',*,*,#4222,.F.);
#4664 = PLANE('',#4665);
#4665 = AXIS2_PLACEMENT_3D('',#4666,#4667,#4668);
#4666 = CARTESIAN_POINT('',(5.32,0.32,-3.4));
#4667 = DIRECTION('',(0.,0.,1.));
#4668 = DIRECTION('',(-1.224646799147E-16,-1.,0.));
#4669 = ADVANCED_FACE('',(#4670),#4695,.F.);
#4670 = FACE_BOUND('',#4671,.F.);
#4671 = EDGE_LOOP('',(#4672,#4680,#4681,#4689));
#4672 = ORIENTED_EDGE('',*,*,#4673,.F.);
#4673 = EDGE_CURVE('',#4248,#4674,#4676,.T.);
#4674 = VERTEX_POINT('',#4675);
#4675 = CARTESIAN_POINT('',(2.38,-8.7,3.63));
#4676 = LINE('',#4677,#4678);
#4677 = CARTESIAN_POINT('',(2.353333333333,-8.673333333333,
    3.603333333333));
#4678 = VECTOR('',#4679,1.);
#4679 = DIRECTION('',(0.57735026919,-0.57735026919,0.57735026919));
#4680 = ORIENTED_EDGE('',*,*,#4247,.T.);
#4681 = ORIENTED_EDGE('',*,*,#4682,.T.);
#4682 = EDGE_CURVE('',#4250,#4683,#4685,.T.);
#4683 = VERTEX_POINT('',#4684);
#4684 = CARTESIAN_POINT('',(2.38,-8.7,3.87));
#4685 = LINE('',#4686,#4687);
#4686 = CARTESIAN_POINT('',(2.46,-8.78,3.79));
#4687 = VECTOR('',#4688,1.);
#4688 = DIRECTION('',(0.57735026919,-0.57735026919,-0.57735026919));
#4689 = ORIENTED_EDGE('',*,*,#4690,.F.);
#4690 = EDGE_CURVE('',#4674,#4683,#4691,.T.);
#4691 = LINE('',#4692,#4693);
#4692 = CARTESIAN_POINT('',(2.38,-8.7,3.43));
#4693 = VECTOR('',#4694,1.);
#4694 = DIRECTION('',(0.,0.,1.));
#4695 = PLANE('',#4696);
#4696 = AXIS2_PLACEMENT_3D('',#4697,#4698,#4699);
#4697 = CARTESIAN_POINT('',(2.28,-8.6,3.43));
#4698 = DIRECTION('',(0.707106781187,0.707106781187,-1.735417226644E-18)
  );
#4699 = DIRECTION('',(1.227125289148E-18,1.227125289148E-18,1.));
#4700 = ADVANCED_FACE('',(#4701),#4719,.T.);
#4701 = FACE_BOUND('',#4702,.F.);
#4702 = EDGE_LOOP('',(#4703,#4711,#4712,#4713));
#4703 = ORIENTED_EDGE('',*,*,#4704,.F.);
#4704 = EDGE_CURVE('',#4279,#4705,#4707,.T.);
#4705 = VERTEX_POINT('',#4706);
#4706 = CARTESIAN_POINT('',(2.62,-8.7,3.63));
#4707 = LINE('',#4708,#4709);
#4708 = CARTESIAN_POINT('',(2.753333333333,-8.566666666667,
    3.496666666667));
#4709 = VECTOR('',#4710,1.);
#4710 = DIRECTION('',(-0.57735026919,-0.57735026919,0.57735026919));
#4711 = ORIENTED_EDGE('',*,*,#4288,.T.);
#4712 = ORIENTED_EDGE('',*,*,#4673,.T.);
#4713 = ORIENTED_EDGE('',*,*,#4714,.F.);
#4714 = EDGE_CURVE('',#4705,#4674,#4715,.T.);
#4715 = LINE('',#4716,#4717);
#4716 = CARTESIAN_POINT('',(2.82,-8.7,3.63));
#4717 = VECTOR('',#4718,1.);
#4718 = DIRECTION('',(-1.,1.224646799147E-16,0.));
#4719 = PLANE('',#4720);
#4720 = AXIS2_PLACEMENT_3D('',#4721,#4722,#4723);
#4721 = CARTESIAN_POINT('',(2.82,-8.6,3.53));
#4722 = DIRECTION('',(-8.659560562349E-17,-0.707106781187,
    -0.707106781187));
#4723 = DIRECTION('',(1.,-1.224646799147E-16,2.105272540809E-29));
#4724 = ADVANCED_FACE('',(#4725),#4743,.T.);
#4725 = FACE_BOUND('',#4726,.T.);
#4726 = EDGE_LOOP('',(#4727,#4728,#4729,#4737));
#4727 = ORIENTED_EDGE('',*,*,#4704,.F.);
#4728 = ORIENTED_EDGE('',*,*,#4302,.T.);
#4729 = ORIENTED_EDGE('',*,*,#4730,.F.);
#4730 = EDGE_CURVE('',#4731,#4303,#4733,.T.);
#4731 = VERTEX_POINT('',#4732);
#4732 = CARTESIAN_POINT('',(2.62,-8.7,3.87));
#4733 = LINE('',#4734,#4735);
#4734 = CARTESIAN_POINT('',(2.646666666667,-8.673333333333,
    3.896666666667));
#4735 = VECTOR('',#4736,1.);
#4736 = DIRECTION('',(0.57735026919,0.57735026919,0.57735026919));
#4737 = ORIENTED_EDGE('',*,*,#4738,.F.);
#4738 = EDGE_CURVE('',#4705,#4731,#4739,.T.);
#4739 = LINE('',#4740,#4741);
#4740 = CARTESIAN_POINT('',(2.62,-8.7,3.43));
#4741 = VECTOR('',#4742,1.);
#4742 = DIRECTION('',(0.,0.,1.));
#4743 = PLANE('',#4744);
#4744 = AXIS2_PLACEMENT_3D('',#4745,#4746,#4747);
#4745 = CARTESIAN_POINT('',(2.72,-8.6,3.43));
#4746 = DIRECTION('',(0.707106781187,-0.707106781187,1.735417226644E-18)
  );
#4747 = DIRECTION('',(-1.227125289148E-18,1.227125289148E-18,1.));
#4748 = ADVANCED_FACE('',(#4749),#4760,.T.);
#4749 = FACE_BOUND('',#4750,.F.);
#4750 = EDGE_LOOP('',(#4751,#4752,#4758,#4759));
#4751 = ORIENTED_EDGE('',*,*,#4730,.F.);
#4752 = ORIENTED_EDGE('',*,*,#4753,.T.);
#4753 = EDGE_CURVE('',#4731,#4683,#4754,.T.);
#4754 = LINE('',#4755,#4756);
#4755 = CARTESIAN_POINT('',(2.82,-8.7,3.87));
#4756 = VECTOR('',#4757,1.);
#4757 = DIRECTION('',(-1.,1.224646799147E-16,0.));
#4758 = ORIENTED_EDGE('',*,*,#4682,.F.);
#4759 = ORIENTED_EDGE('',*,*,#4327,.F.);
#4760 = PLANE('',#4761);
#4761 = AXIS2_PLACEMENT_3D('',#4762,#4763,#4764);
#4762 = CARTESIAN_POINT('',(2.82,-8.6,3.97));
#4763 = DIRECTION('',(-8.659560562349E-17,-0.707106781187,0.707106781187
    ));
#4764 = DIRECTION('',(1.,-1.224646799147E-16,-2.105272540809E-29));
#4765 = ADVANCED_FACE('',(#4766),#4791,.T.);
#4766 = FACE_BOUND('',#4767,.F.);
#4767 = EDGE_LOOP('',(#4768,#4776,#4784,#4790));
#4768 = ORIENTED_EDGE('',*,*,#4769,.F.);
#4769 = EDGE_CURVE('',#4770,#4344,#4772,.T.);
#4770 = VERTEX_POINT('',#4771);
#4771 = CARTESIAN_POINT('',(0.12,-8.7,3.87));
#4772 = LINE('',#4773,#4774);
#4773 = CARTESIAN_POINT('',(0.146666666667,-8.673333333333,
    3.896666666667));
#4774 = VECTOR('',#4775,1.);
#4775 = DIRECTION('',(0.57735026919,0.57735026919,0.57735026919));
#4776 = ORIENTED_EDGE('',*,*,#4777,.T.);
#4777 = EDGE_CURVE('',#4770,#4778,#4780,.T.);
#4778 = VERTEX_POINT('',#4779);
#4779 = CARTESIAN_POINT('',(-0.12,-8.7,3.87));
#4780 = LINE('',#4781,#4782);
#4781 = CARTESIAN_POINT('',(0.32,-8.7,3.87));
#4782 = VECTOR('',#4783,1.);
#4783 = DIRECTION('',(-1.,1.224646799147E-16,0.));
#4784 = ORIENTED_EDGE('',*,*,#4785,.F.);
#4785 = EDGE_CURVE('',#4352,#4778,#4786,.T.);
#4786 = LINE('',#4787,#4788);
#4787 = CARTESIAN_POINT('',(-4.E-02,-8.78,3.79));
#4788 = VECTOR('',#4789,1.);
#4789 = DIRECTION('',(0.57735026919,-0.57735026919,-0.57735026919));
#4790 = ORIENTED_EDGE('',*,*,#4351,.F.);
#4791 = PLANE('',#4792);
#4792 = AXIS2_PLACEMENT_3D('',#4793,#4794,#4795);
#4793 = CARTESIAN_POINT('',(0.32,-8.6,3.97));
#4794 = DIRECTION('',(-8.659560562349E-17,-0.707106781187,0.707106781187
    ));
#4795 = DIRECTION('',(1.,-1.224646799147E-16,-2.105272540809E-29));
#4796 = ADVANCED_FACE('',(#4797),#4815,.F.);
#4797 = FACE_BOUND('',#4798,.F.);
#4798 = EDGE_LOOP('',(#4799,#4807,#4808,#4809));
#4799 = ORIENTED_EDGE('',*,*,#4800,.F.);
#4800 = EDGE_CURVE('',#4375,#4801,#4803,.T.);
#4801 = VERTEX_POINT('',#4802);
#4802 = CARTESIAN_POINT('',(-0.12,-8.7,3.63));
#4803 = LINE('',#4804,#4805);
#4804 = CARTESIAN_POINT('',(-0.146666666667,-8.673333333333,
    3.603333333333));
#4805 = VECTOR('',#4806,1.);
#4806 = DIRECTION('',(0.57735026919,-0.57735026919,0.57735026919));
#4807 = ORIENTED_EDGE('',*,*,#4374,.T.);
#4808 = ORIENTED_EDGE('',*,*,#4785,.T.);
#4809 = ORIENTED_EDGE('',*,*,#4810,.F.);
#4810 = EDGE_CURVE('',#4801,#4778,#4811,.T.);
#4811 = LINE('',#4812,#4813);
#4812 = CARTESIAN_POINT('',(-0.12,-8.7,3.43));
#4813 = VECTOR('',#4814,1.);
#4814 = DIRECTION('',(0.,0.,1.));
#4815 = PLANE('',#4816);
#4816 = AXIS2_PLACEMENT_3D('',#4817,#4818,#4819);
#4817 = CARTESIAN_POINT('',(-0.22,-8.6,3.43));
#4818 = DIRECTION('',(0.707106781187,0.707106781187,-1.735417226644E-18)
  );
#4819 = DIRECTION('',(1.227125289148E-18,1.227125289148E-18,1.));
#4820 = ADVANCED_FACE('',(#4821),#4839,.T.);
#4821 = FACE_BOUND('',#4822,.F.);
#4822 = EDGE_LOOP('',(#4823,#4831,#4832,#4833));
#4823 = ORIENTED_EDGE('',*,*,#4824,.F.);
#4824 = EDGE_CURVE('',#4399,#4825,#4827,.T.);
#4825 = VERTEX_POINT('',#4826);
#4826 = CARTESIAN_POINT('',(0.12,-8.7,3.63));
#4827 = LINE('',#4828,#4829);
#4828 = CARTESIAN_POINT('',(0.253333333333,-8.566666666667,
    3.496666666667));
#4829 = VECTOR('',#4830,1.);
#4830 = DIRECTION('',(-0.57735026919,-0.57735026919,0.57735026919));
#4831 = ORIENTED_EDGE('',*,*,#4408,.T.);
#4832 = ORIENTED_EDGE('',*,*,#4800,.T.);
#4833 = ORIENTED_EDGE('',*,*,#4834,.F.);
#4834 = EDGE_CURVE('',#4825,#4801,#4835,.T.);
#4835 = LINE('',#4836,#4837);
#4836 = CARTESIAN_POINT('',(0.32,-8.7,3.63));
#4837 = VECTOR('',#4838,1.);
#4838 = DIRECTION('',(-1.,1.224646799147E-16,0.));
#4839 = PLANE('',#4840);
#4840 = AXIS2_PLACEMENT_3D('',#4841,#4842,#4843);
#4841 = CARTESIAN_POINT('',(0.32,-8.6,3.53));
#4842 = DIRECTION('',(-8.659560562349E-17,-0.707106781187,
    -0.707106781187));
#4843 = DIRECTION('',(1.,-1.224646799147E-16,2.105272540809E-29));
#4844 = ADVANCED_FACE('',(#4845),#4856,.T.);
#4845 = FACE_BOUND('',#4846,.T.);
#4846 = EDGE_LOOP('',(#4847,#4848,#4849,#4850));
#4847 = ORIENTED_EDGE('',*,*,#4824,.F.);
#4848 = ORIENTED_EDGE('',*,*,#4422,.T.);
#4849 = ORIENTED_EDGE('',*,*,#4769,.F.);
#4850 = ORIENTED_EDGE('',*,*,#4851,.F.);
#4851 = EDGE_CURVE('',#4825,#4770,#4852,.T.);
#4852 = LINE('',#4853,#4854);
#4853 = CARTESIAN_POINT('',(0.12,-8.7,3.43));
#4854 = VECTOR('',#4855,1.);
#4855 = DIRECTION('',(0.,0.,1.));
#4856 = PLANE('',#4857);
#4857 = AXIS2_PLACEMENT_3D('',#4858,#4859,#4860);
#4858 = CARTESIAN_POINT('',(0.22,-8.6,3.43));
#4859 = DIRECTION('',(0.707106781187,-0.707106781187,1.735417226644E-18)
  );
#4860 = DIRECTION('',(-1.227125289148E-18,1.227125289148E-18,1.));
#4861 = ADVANCED_FACE('',(#4862),#4887,.F.);
#4862 = FACE_BOUND('',#4863,.F.);
#4863 = EDGE_LOOP('',(#4864,#4872,#4873,#4881));
#4864 = ORIENTED_EDGE('',*,*,#4865,.F.);
#4865 = EDGE_CURVE('',#4440,#4866,#4868,.T.);
#4866 = VERTEX_POINT('',#4867);
#4867 = CARTESIAN_POINT('',(4.88,-8.7,3.63));
#4868 = LINE('',#4869,#4870);
#4869 = CARTESIAN_POINT('',(4.853333333333,-8.673333333333,
    3.603333333333));
#4870 = VECTOR('',#4871,1.);
#4871 = DIRECTION('',(0.57735026919,-0.57735026919,0.57735026919));
#4872 = ORIENTED_EDGE('',*,*,#4439,.T.);
#4873 = ORIENTED_EDGE('',*,*,#4874,.T.);
#4874 = EDGE_CURVE('',#4442,#4875,#4877,.T.);
#4875 = VERTEX_POINT('',#4876);
#4876 = CARTESIAN_POINT('',(4.88,-8.7,3.87));
#4877 = LINE('',#4878,#4879);
#4878 = CARTESIAN_POINT('',(4.96,-8.78,3.79));
#4879 = VECTOR('',#4880,1.);
#4880 = DIRECTION('',(0.57735026919,-0.57735026919,-0.57735026919));
#4881 = ORIENTED_EDGE('',*,*,#4882,.F.);
#4882 = EDGE_CURVE('',#4866,#4875,#4883,.T.);
#4883 = LINE('',#4884,#4885);
#4884 = CARTESIAN_POINT('',(4.88,-8.7,3.43));
#4885 = VECTOR('',#4886,1.);
#4886 = DIRECTION('',(0.,0.,1.));
#4887 = PLANE('',#4888);
#4888 = AXIS2_PLACEMENT_3D('',#4889,#4890,#4891);
#4889 = CARTESIAN_POINT('',(4.78,-8.6,3.43));
#4890 = DIRECTION('',(0.707106781187,0.707106781187,-1.735417226644E-18)
  );
#4891 = DIRECTION('',(1.227125289148E-18,1.227125289148E-18,1.));
#4892 = ADVANCED_FACE('',(#4893),#4911,.T.);
#4893 = FACE_BOUND('',#4894,.F.);
#4894 = EDGE_LOOP('',(#4895,#4903,#4904,#4905));
#4895 = ORIENTED_EDGE('',*,*,#4896,.F.);
#4896 = EDGE_CURVE('',#4471,#4897,#4899,.T.);
#4897 = VERTEX_POINT('',#4898);
#4898 = CARTESIAN_POINT('',(5.12,-8.7,3.63));
#4899 = LINE('',#4900,#4901);
#4900 = CARTESIAN_POINT('',(5.253333333333,-8.566666666667,
    3.496666666667));
#4901 = VECTOR('',#4902,1.);
#4902 = DIRECTION('',(-0.57735026919,-0.57735026919,0.57735026919));
#4903 = ORIENTED_EDGE('',*,*,#4480,.T.);
#4904 = ORIENTED_EDGE('',*,*,#4865,.T.);
#4905 = ORIENTED_EDGE('',*,*,#4906,.F.);
#4906 = EDGE_CURVE('',#4897,#4866,#4907,.T.);
#4907 = LINE('',#4908,#4909);
#4908 = CARTESIAN_POINT('',(5.32,-8.7,3.63));
#4909 = VECTOR('',#4910,1.);
#4910 = DIRECTION('',(-1.,1.224646799147E-16,0.));
#4911 = PLANE('',#4912);
#4912 = AXIS2_PLACEMENT_3D('',#4913,#4914,#4915);
#4913 = CARTESIAN_POINT('',(5.32,-8.6,3.53));
#4914 = DIRECTION('',(-8.659560562349E-17,-0.707106781187,
    -0.707106781187));
#4915 = DIRECTION('',(1.,-1.224646799147E-16,2.105272540809E-29));
#4916 = ADVANCED_FACE('',(#4917),#4935,.T.);
#4917 = FACE_BOUND('',#4918,.T.);
#4918 = EDGE_LOOP('',(#4919,#4920,#4921,#4929));
#4919 = ORIENTED_EDGE('',*,*,#4896,.F.);
#4920 = ORIENTED_EDGE('',*,*,#4494,.T.);
#4921 = ORIENTED_EDGE('',*,*,#4922,.F.);
#4922 = EDGE_CURVE('',#4923,#4495,#4925,.T.);
#4923 = VERTEX_POINT('',#4924);
#4924 = CARTESIAN_POINT('',(5.12,-8.7,3.87));
#4925 = LINE('',#4926,#4927);
#4926 = CARTESIAN_POINT('',(5.146666666667,-8.673333333333,
    3.896666666667));
#4927 = VECTOR('',#4928,1.);
#4928 = DIRECTION('',(0.57735026919,0.57735026919,0.57735026919));
#4929 = ORIENTED_EDGE('',*,*,#4930,.F.);
#4930 = EDGE_CURVE('',#4897,#4923,#4931,.T.);
#4931 = LINE('',#4932,#4933);
#4932 = CARTESIAN_POINT('',(5.12,-8.7,3.43));
#4933 = VECTOR('',#4934,1.);
#4934 = DIRECTION('',(0.,0.,1.));
#4935 = PLANE('',#4936);
#4936 = AXIS2_PLACEMENT_3D('',#4937,#4938,#4939);
#4937 = CARTESIAN_POINT('',(5.22,-8.6,3.43));
#4938 = DIRECTION('',(0.707106781187,-0.707106781187,1.735417226644E-18)
  );
#4939 = DIRECTION('',(-1.227125289148E-18,1.227125289148E-18,1.));
#4940 = ADVANCED_FACE('',(#4941),#4952,.T.);
#4941 = FACE_BOUND('',#4942,.F.);
#4942 = EDGE_LOOP('',(#4943,#4944,#4950,#4951));
#4943 = ORIENTED_EDGE('',*,*,#4922,.F.);
#4944 = ORIENTED_EDGE('',*,*,#4945,.T.);
#4945 = EDGE_CURVE('',#4923,#4875,#4946,.T.);
#4946 = LINE('',#4947,#4948);
#4947 = CARTESIAN_POINT('',(5.32,-8.7,3.87));
#4948 = VECTOR('',#4949,1.);
#4949 = DIRECTION('',(-1.,1.224646799147E-16,0.));
#4950 = ORIENTED_EDGE('',*,*,#4874,.F.);
#4951 = ORIENTED_EDGE('',*,*,#4519,.F.);
#4952 = PLANE('',#4953);
#4953 = AXIS2_PLACEMENT_3D('',#4954,#4955,#4956);
#4954 = CARTESIAN_POINT('',(5.32,-8.6,3.97));
#4955 = DIRECTION('',(-8.659560562349E-17,-0.707106781187,0.707106781187
    ));
#4956 = DIRECTION('',(1.,-1.224646799147E-16,-2.105272540809E-29));
#4957 = ADVANCED_FACE('',(#4958),#4964,.F.);
#4958 = FACE_BOUND('',#4959,.F.);
#4959 = EDGE_LOOP('',(#4960,#4961,#4962,#4963));
#4960 = ORIENTED_EDGE('',*,*,#4714,.T.);
#4961 = ORIENTED_EDGE('',*,*,#4690,.T.);
#4962 = ORIENTED_EDGE('',*,*,#4753,.F.);
#4963 = ORIENTED_EDGE('',*,*,#4738,.F.);
#4964 = PLANE('',#4965);
#4965 = AXIS2_PLACEMENT_3D('',#4966,#4967,#4968);
#4966 = CARTESIAN_POINT('',(2.82,-8.7,3.43));
#4967 = DIRECTION('',(1.224646799147E-16,1.,0.));
#4968 = DIRECTION('',(0.,-0.,1.));
#4969 = ADVANCED_FACE('',(#4970),#4976,.F.);
#4970 = FACE_BOUND('',#4971,.F.);
#4971 = EDGE_LOOP('',(#4972,#4973,#4974,#4975));
#4972 = ORIENTED_EDGE('',*,*,#4834,.T.);
#4973 = ORIENTED_EDGE('',*,*,#4810,.T.);
#4974 = ORIENTED_EDGE('',*,*,#4777,.F.);
#4975 = ORIENTED_EDGE('',*,*,#4851,.F.);
#4976 = PLANE('',#4977);
#4977 = AXIS2_PLACEMENT_3D('',#4978,#4979,#4980);
#4978 = CARTESIAN_POINT('',(0.32,-8.7,3.43));
#4979 = DIRECTION('',(1.224646799147E-16,1.,0.));
#4980 = DIRECTION('',(0.,-0.,1.));
#4981 = ADVANCED_FACE('',(#4982),#4988,.F.);
#4982 = FACE_BOUND('',#4983,.F.);
#4983 = EDGE_LOOP('',(#4984,#4985,#4986,#4987));
#4984 = ORIENTED_EDGE('',*,*,#4906,.T.);
#4985 = ORIENTED_EDGE('',*,*,#4882,.T.);
#4986 = ORIENTED_EDGE('',*,*,#4945,.F.);
#4987 = ORIENTED_EDGE('',*,*,#4930,.F.);
#4988 = PLANE('',#4989);
#4989 = AXIS2_PLACEMENT_3D('',#4990,#4991,#4992);
#4990 = CARTESIAN_POINT('',(5.32,-8.7,3.43));
#4991 = DIRECTION('',(1.224646799147E-16,1.,0.));
#4992 = DIRECTION('',(0.,-0.,1.));
#4993 = ( GEOMETRIC_REPRESENTATION_CONTEXT(3) 
GLOBAL_UNCERTAINTY_ASSIGNED_CONTEXT((#4997)) 
GLOBAL_UNIT_ASSIGNED_CONTEXT((#4994,#4995,#4996)) REPRESENTATION_CONTEXT
('Context #1','3D Context with UNIT and UNCERTAINTY') );
#4994 = ( LENGTH_UNIT() NAMED_UNIT(*) SI_UNIT(.MILLI.,.METRE.) );
#4995 = ( NAMED_UNIT(*) PLANE_ANGLE_UNIT() SI_UNIT($,.RADIAN.) );
#4996 = ( NAMED_UNIT(*) SI_UNIT($,.STERADIAN.) SOLID_ANGLE_UNIT() );
#4997 = UNCERTAINTY_MEASURE_WITH_UNIT(LENGTH_MEASURE(1.E-07),#4994,
  'distance_accuracy_value','confusion accuracy');
#4998 = CONTEXT_DEPENDENT_SHAPE_REPRESENTATION(#4999,#5001);
#4999 = ( REPRESENTATION_RELATIONSHIP('','',#799,#776) 
REPRESENTATION_RELATIONSHIP_WITH_TRANSFORMATION(#5000) 
SHAPE_REPRESENTATION_RELATIONSHIP() );
#5000 = ITEM_DEFINED_TRANSFORMATION('','',#11,#777);
#5001 = PRODUCT_DEFINITION_SHAPE('Placement','Placement of an item',
  #5002);
#5002 = NEXT_ASSEMBLY_USAGE_OCCURRENCE('6','=>[0:1:1:5]','',#771,#794,$
  );
#5003 = PRODUCT_RELATED_PRODUCT_CATEGORY('part',$,(#796));
#5004 = CONTEXT_DEPENDENT_SHAPE_REPRESENTATION(#5005,#5007);
#5005 = ( REPRESENTATION_RELATIONSHIP('','',#56,#10) 
REPRESENTATION_RELATIONSHIP_WITH_TRANSFORMATION(#5006) 
SHAPE_REPRESENTATION_RELATIONSHIP() );
#5006 = ITEM_DEFINED_TRANSFORMATION('','',#11,#35);
#5007 = PRODUCT_DEFINITION_SHAPE('Placement','Placement of an item',
  #5008);
#5008 = NEXT_ASSEMBLY_USAGE_OCCURRENCE('8','R2','',#5,#51,$);
#5009 = SHAPE_DEFINITION_REPRESENTATION(#5010,#5016);
#5010 = PRODUCT_DEFINITION_SHAPE('','',#5011);
#5011 = PRODUCT_DEFINITION('design','',#5012,#5015);
#5012 = PRODUCT_DEFINITION_FORMATION('','',#5013);
#5013 = PRODUCT('linesensor3.1_PCB','linesensor3.1_PCB','',(#5014));
#5014 = PRODUCT_CONTEXT('',#2,'mechanical');
#5015 = PRODUCT_DEFINITION_CONTEXT('part definition',#2,'design');
#5016 = ADVANCED_BREP_SHAPE_REPRESENTATION('',(#11,#5017),#6790);
#5017 = MANIFOLD_SOLID_BREP('',#5018);
#5018 = CLOSED_SHELL('',(#5019,#5059,#5090,#5121,#5584,#6047,#6064,#6081
    ,#6098,#6115,#6132,#6149,#6166,#6183,#6200,#6212,#6229,#6246,#6263,
    #6280,#6297,#6314,#6331,#6348,#6365,#6382,#6399,#6416,#6433,#6450,
    #6467,#6484,#6501,#6518,#6535,#6552,#6569,#6586,#6603,#6620,#6637,
    #6654,#6671,#6688,#6705,#6722,#6739,#6756,#6773));
#5019 = ADVANCED_FACE('',(#5020),#5054,.T.);
#5020 = FACE_BOUND('',#5021,.T.);
#5021 = EDGE_LOOP('',(#5022,#5032,#5040,#5048));
#5022 = ORIENTED_EDGE('',*,*,#5023,.T.);
#5023 = EDGE_CURVE('',#5024,#5026,#5028,.T.);
#5024 = VERTEX_POINT('',#5025);
#5025 = CARTESIAN_POINT('',(91.6,-81.8,0.));
#5026 = VERTEX_POINT('',#5027);
#5027 = CARTESIAN_POINT('',(91.6,-81.8,1.6));
#5028 = LINE('',#5029,#5030);
#5029 = CARTESIAN_POINT('',(91.6,-81.8,0.));
#5030 = VECTOR('',#5031,1.);
#5031 = DIRECTION('',(0.,0.,1.));
#5032 = ORIENTED_EDGE('',*,*,#5033,.T.);
#5033 = EDGE_CURVE('',#5026,#5034,#5036,.T.);
#5034 = VERTEX_POINT('',#5035);
#5035 = CARTESIAN_POINT('',(98.6,-81.8,1.6));
#5036 = LINE('',#5037,#5038);
#5037 = CARTESIAN_POINT('',(91.6,-81.8,1.6));
#5038 = VECTOR('',#5039,1.);
#5039 = DIRECTION('',(1.,0.,0.));
#5040 = ORIENTED_EDGE('',*,*,#5041,.F.);
#5041 = EDGE_CURVE('',#5042,#5034,#5044,.T.);
#5042 = VERTEX_POINT('',#5043);
#5043 = CARTESIAN_POINT('',(98.6,-81.8,0.));
#5044 = LINE('',#5045,#5046);
#5045 = CARTESIAN_POINT('',(98.6,-81.8,0.));
#5046 = VECTOR('',#5047,1.);
#5047 = DIRECTION('',(0.,0.,1.));
#5048 = ORIENTED_EDGE('',*,*,#5049,.F.);
#5049 = EDGE_CURVE('',#5024,#5042,#5050,.T.);
#5050 = LINE('',#5051,#5052);
#5051 = CARTESIAN_POINT('',(91.6,-81.8,0.));
#5052 = VECTOR('',#5053,1.);
#5053 = DIRECTION('',(1.,0.,0.));
#5054 = PLANE('',#5055);
#5055 = AXIS2_PLACEMENT_3D('',#5056,#5057,#5058);
#5056 = CARTESIAN_POINT('',(91.6,-81.8,0.));
#5057 = DIRECTION('',(0.,1.,0.));
#5058 = DIRECTION('',(1.,0.,0.));
#5059 = ADVANCED_FACE('',(#5060),#5085,.T.);
#5060 = FACE_BOUND('',#5061,.T.);
#5061 = EDGE_LOOP('',(#5062,#5072,#5078,#5079));
#5062 = ORIENTED_EDGE('',*,*,#5063,.T.);
#5063 = EDGE_CURVE('',#5064,#5066,#5068,.T.);
#5064 = VERTEX_POINT('',#5065);
#5065 = CARTESIAN_POINT('',(91.6,-62.,0.));
#5066 = VERTEX_POINT('',#5067);
#5067 = CARTESIAN_POINT('',(91.6,-62.,1.6));
#5068 = LINE('',#5069,#5070);
#5069 = CARTESIAN_POINT('',(91.6,-62.,0.));
#5070 = VECTOR('',#5071,1.);
#5071 = DIRECTION('',(0.,0.,1.));
#5072 = ORIENTED_EDGE('',*,*,#5073,.T.);
#5073 = EDGE_CURVE('',#5066,#5026,#5074,.T.);
#5074 = LINE('',#5075,#5076);
#5075 = CARTESIAN_POINT('',(91.6,-62.,1.6));
#5076 = VECTOR('',#5077,1.);
#5077 = DIRECTION('',(0.,-1.,0.));
#5078 = ORIENTED_EDGE('',*,*,#5023,.F.);
#5079 = ORIENTED_EDGE('',*,*,#5080,.F.);
#5080 = EDGE_CURVE('',#5064,#5024,#5081,.T.);
#5081 = LINE('',#5082,#5083);
#5082 = CARTESIAN_POINT('',(91.6,-62.,0.));
#5083 = VECTOR('',#5084,1.);
#5084 = DIRECTION('',(0.,-1.,0.));
#5085 = PLANE('',#5086);
#5086 = AXIS2_PLACEMENT_3D('',#5087,#5088,#5089);
#5087 = CARTESIAN_POINT('',(91.6,-62.,0.));
#5088 = DIRECTION('',(1.,0.,-0.));
#5089 = DIRECTION('',(0.,-1.,0.));
#5090 = ADVANCED_FACE('',(#5091),#5116,.T.);
#5091 = FACE_BOUND('',#5092,.T.);
#5092 = EDGE_LOOP('',(#5093,#5094,#5102,#5110));
#5093 = ORIENTED_EDGE('',*,*,#5041,.T.);
#5094 = ORIENTED_EDGE('',*,*,#5095,.T.);
#5095 = EDGE_CURVE('',#5034,#5096,#5098,.T.);
#5096 = VERTEX_POINT('',#5097);
#5097 = CARTESIAN_POINT('',(98.6,-88.8,1.6));
#5098 = LINE('',#5099,#5100);
#5099 = CARTESIAN_POINT('',(98.6,-81.8,1.6));
#5100 = VECTOR('',#5101,1.);
#5101 = DIRECTION('',(0.,-1.,0.));
#5102 = ORIENTED_EDGE('',*,*,#5103,.F.);
#5103 = EDGE_CURVE('',#5104,#5096,#5106,.T.);
#5104 = VERTEX_POINT('',#5105);
#5105 = CARTESIAN_POINT('',(98.6,-88.8,0.));
#5106 = LINE('',#5107,#5108);
#5107 = CARTESIAN_POINT('',(98.6,-88.8,0.));
#5108 = VECTOR('',#5109,1.);
#5109 = DIRECTION('',(0.,0.,1.));
#5110 = ORIENTED_EDGE('',*,*,#5111,.F.);
#5111 = EDGE_CURVE('',#5042,#5104,#5112,.T.);
#5112 = LINE('',#5113,#5114);
#5113 = CARTESIAN_POINT('',(98.6,-81.8,0.));
#5114 = VECTOR('',#5115,1.);
#5115 = DIRECTION('',(0.,-1.,0.));
#5116 = PLANE('',#5117);
#5117 = AXIS2_PLACEMENT_3D('',#5118,#5119,#5120);
#5118 = CARTESIAN_POINT('',(98.6,-81.8,0.));
#5119 = DIRECTION('',(1.,0.,-0.));
#5120 = DIRECTION('',(0.,-1.,0.));
#5121 = ADVANCED_FACE('',(#5122,#5205,#5216,#5227,#5238,#5249,#5260,
    #5271,#5282,#5293,#5304,#5315,#5326,#5337,#5348,#5359,#5370,#5381,
    #5392,#5403,#5414,#5425,#5436,#5447,#5458,#5469,#5480,#5491,#5502,
    #5513,#5524,#5535,#5546,#5557,#5568),#5579,.F.);
#5122 = FACE_BOUND('',#5123,.F.);
#5123 = EDGE_LOOP('',(#5124,#5125,#5126,#5134,#5142,#5150,#5158,#5166,
    #5174,#5182,#5190,#5198,#5204));
#5124 = ORIENTED_EDGE('',*,*,#5049,.F.);
#5125 = ORIENTED_EDGE('',*,*,#5080,.F.);
#5126 = ORIENTED_EDGE('',*,*,#5127,.F.);
#5127 = EDGE_CURVE('',#5128,#5064,#5130,.T.);
#5128 = VERTEX_POINT('',#5129);
#5129 = CARTESIAN_POINT('',(80.,-62.,0.));
#5130 = LINE('',#5131,#5132);
#5131 = CARTESIAN_POINT('',(80.,-62.,0.));
#5132 = VECTOR('',#5133,1.);
#5133 = DIRECTION('',(1.,0.,0.));
#5134 = ORIENTED_EDGE('',*,*,#5135,.F.);
#5135 = EDGE_CURVE('',#5136,#5128,#5138,.T.);
#5136 = VERTEX_POINT('',#5137);
#5137 = CARTESIAN_POINT('',(80.,-63.,0.));
#5138 = LINE('',#5139,#5140);
#5139 = CARTESIAN_POINT('',(80.,-63.,0.));
#5140 = VECTOR('',#5141,1.);
#5141 = DIRECTION('',(0.,1.,0.));
#5142 = ORIENTED_EDGE('',*,*,#5143,.F.);
#5143 = EDGE_CURVE('',#5144,#5136,#5146,.T.);
#5144 = VERTEX_POINT('',#5145);
#5145 = CARTESIAN_POINT('',(80.,-70.,0.));
#5146 = LINE('',#5147,#5148);
#5147 = CARTESIAN_POINT('',(80.,-70.,0.));
#5148 = VECTOR('',#5149,1.);
#5149 = DIRECTION('',(0.,1.,0.));
#5150 = ORIENTED_EDGE('',*,*,#5151,.F.);
#5151 = EDGE_CURVE('',#5152,#5144,#5154,.T.);
#5152 = VERTEX_POINT('',#5153);
#5153 = CARTESIAN_POINT('',(80.,-120.,0.));
#5154 = LINE('',#5155,#5156);
#5155 = CARTESIAN_POINT('',(80.,-120.,0.));
#5156 = VECTOR('',#5157,1.);
#5157 = DIRECTION('',(0.,1.,0.));
#5158 = ORIENTED_EDGE('',*,*,#5159,.F.);
#5159 = EDGE_CURVE('',#5160,#5152,#5162,.T.);
#5160 = VERTEX_POINT('',#5161);
#5161 = CARTESIAN_POINT('',(73.,-120.,0.));
#5162 = LINE('',#5163,#5164);
#5163 = CARTESIAN_POINT('',(73.,-120.,0.));
#5164 = VECTOR('',#5165,1.);
#5165 = DIRECTION('',(1.,0.,0.));
#5166 = ORIENTED_EDGE('',*,*,#5167,.F.);
#5167 = EDGE_CURVE('',#5168,#5160,#5170,.T.);
#5168 = VERTEX_POINT('',#5169);
#5169 = CARTESIAN_POINT('',(73.,-127.,0.));
#5170 = LINE('',#5171,#5172);
#5171 = CARTESIAN_POINT('',(73.,-127.,0.));
#5172 = VECTOR('',#5173,1.);
#5173 = DIRECTION('',(0.,1.,0.));
#5174 = ORIENTED_EDGE('',*,*,#5175,.F.);
#5175 = EDGE_CURVE('',#5176,#5168,#5178,.T.);
#5176 = VERTEX_POINT('',#5177);
#5177 = CARTESIAN_POINT('',(80.,-127.,0.));
#5178 = LINE('',#5179,#5180);
#5179 = CARTESIAN_POINT('',(80.,-127.,0.));
#5180 = VECTOR('',#5181,1.);
#5181 = DIRECTION('',(-1.,0.,0.));
#5182 = ORIENTED_EDGE('',*,*,#5183,.F.);
#5183 = EDGE_CURVE('',#5184,#5176,#5186,.T.);
#5184 = VERTEX_POINT('',#5185);
#5185 = CARTESIAN_POINT('',(91.6,-127.,0.));
#5186 = LINE('',#5187,#5188);
#5187 = CARTESIAN_POINT('',(91.6,-127.,0.));
#5188 = VECTOR('',#5189,1.);
#5189 = DIRECTION('',(-1.,0.,0.));
#5190 = ORIENTED_EDGE('',*,*,#5191,.F.);
#5191 = EDGE_CURVE('',#5192,#5184,#5194,.T.);
#5192 = VERTEX_POINT('',#5193);
#5193 = CARTESIAN_POINT('',(91.6,-88.8,0.));
#5194 = LINE('',#5195,#5196);
#5195 = CARTESIAN_POINT('',(91.6,-88.8,0.));
#5196 = VECTOR('',#5197,1.);
#5197 = DIRECTION('',(0.,-1.,0.));
#5198 = ORIENTED_EDGE('',*,*,#5199,.F.);
#5199 = EDGE_CURVE('',#5104,#5192,#5200,.T.);
#5200 = LINE('',#5201,#5202);
#5201 = CARTESIAN_POINT('',(98.6,-88.8,0.));
#5202 = VECTOR('',#5203,1.);
#5203 = DIRECTION('',(-1.,0.,0.));
#5204 = ORIENTED_EDGE('',*,*,#5111,.F.);
#5205 = FACE_BOUND('',#5206,.F.);
#5206 = EDGE_LOOP('',(#5207));
#5207 = ORIENTED_EDGE('',*,*,#5208,.T.);
#5208 = EDGE_CURVE('',#5209,#5209,#5211,.T.);
#5209 = VERTEX_POINT('',#5210);
#5210 = CARTESIAN_POINT('',(76.4,-125.1,0.));
#5211 = CIRCLE('',#5212,1.6);
#5212 = AXIS2_PLACEMENT_3D('',#5213,#5214,#5215);
#5213 = CARTESIAN_POINT('',(76.4,-123.5,0.));
#5214 = DIRECTION('',(-0.,0.,-1.));
#5215 = DIRECTION('',(-0.,-1.,0.));
#5216 = FACE_BOUND('',#5217,.F.);
#5217 = EDGE_LOOP('',(#5218));
#5218 = ORIENTED_EDGE('',*,*,#5219,.T.);
#5219 = EDGE_CURVE('',#5220,#5220,#5222,.T.);
#5220 = VERTEX_POINT('',#5221);
#5221 = CARTESIAN_POINT('',(83.9,-118.88,0.));
#5222 = CIRCLE('',#5223,0.4);
#5223 = AXIS2_PLACEMENT_3D('',#5224,#5225,#5226);
#5224 = CARTESIAN_POINT('',(83.9,-118.48,0.));
#5225 = DIRECTION('',(-0.,0.,-1.));
#5226 = DIRECTION('',(-0.,-1.,0.));
#5227 = FACE_BOUND('',#5228,.F.);
#5228 = EDGE_LOOP('',(#5229));
#5229 = ORIENTED_EDGE('',*,*,#5230,.T.);
#5230 = EDGE_CURVE('',#5231,#5231,#5233,.T.);
#5231 = VERTEX_POINT('',#5232);
#5232 = CARTESIAN_POINT('',(83.9,-113.8,0.));
#5233 = CIRCLE('',#5234,0.4);
#5234 = AXIS2_PLACEMENT_3D('',#5235,#5236,#5237);
#5235 = CARTESIAN_POINT('',(83.9,-113.4,0.));
#5236 = DIRECTION('',(-0.,0.,-1.));
#5237 = DIRECTION('',(-0.,-1.,0.));
#5238 = FACE_BOUND('',#5239,.F.);
#5239 = EDGE_LOOP('',(#5240));
#5240 = ORIENTED_EDGE('',*,*,#5241,.T.);
#5241 = EDGE_CURVE('',#5242,#5242,#5244,.T.);
#5242 = VERTEX_POINT('',#5243);
#5243 = CARTESIAN_POINT('',(81.46,-107.7,0.));
#5244 = CIRCLE('',#5245,0.5);
#5245 = AXIS2_PLACEMENT_3D('',#5246,#5247,#5248);
#5246 = CARTESIAN_POINT('',(81.46,-107.2,0.));
#5247 = DIRECTION('',(-0.,0.,-1.));
#5248 = DIRECTION('',(-0.,-1.,0.));
#5249 = FACE_BOUND('',#5250,.F.);
#5250 = EDGE_LOOP('',(#5251));
#5251 = ORIENTED_EDGE('',*,*,#5252,.T.);
#5252 = EDGE_CURVE('',#5253,#5253,#5255,.T.);
#5253 = VERTEX_POINT('',#5254);
#5254 = CARTESIAN_POINT('',(84.,-107.7,0.));
#5255 = CIRCLE('',#5256,0.5);
#5256 = AXIS2_PLACEMENT_3D('',#5257,#5258,#5259);
#5257 = CARTESIAN_POINT('',(84.,-107.2,0.));
#5258 = DIRECTION('',(-0.,0.,-1.));
#5259 = DIRECTION('',(-0.,-1.,0.));
#5260 = FACE_BOUND('',#5261,.F.);
#5261 = EDGE_LOOP('',(#5262));
#5262 = ORIENTED_EDGE('',*,*,#5263,.T.);
#5263 = EDGE_CURVE('',#5264,#5264,#5266,.T.);
#5264 = VERTEX_POINT('',#5265);
#5265 = CARTESIAN_POINT('',(81.9,-103.3,0.));
#5266 = CIRCLE('',#5267,0.4);
#5267 = AXIS2_PLACEMENT_3D('',#5268,#5269,#5270);
#5268 = CARTESIAN_POINT('',(81.9,-102.9,0.));
#5269 = DIRECTION('',(-0.,0.,-1.));
#5270 = DIRECTION('',(-0.,-1.,0.));
#5271 = FACE_BOUND('',#5272,.F.);
#5272 = EDGE_LOOP('',(#5273));
#5273 = ORIENTED_EDGE('',*,*,#5274,.T.);
#5274 = EDGE_CURVE('',#5275,#5275,#5277,.T.);
#5275 = VERTEX_POINT('',#5276);
#5276 = CARTESIAN_POINT('',(81.46,-99.1,0.));
#5277 = CIRCLE('',#5278,0.5);
#5278 = AXIS2_PLACEMENT_3D('',#5279,#5280,#5281);
#5279 = CARTESIAN_POINT('',(81.46,-98.6,0.));
#5280 = DIRECTION('',(-0.,0.,-1.));
#5281 = DIRECTION('',(-0.,-1.,0.));
#5282 = FACE_BOUND('',#5283,.F.);
#5283 = EDGE_LOOP('',(#5284));
#5284 = ORIENTED_EDGE('',*,*,#5285,.T.);
#5285 = EDGE_CURVE('',#5286,#5286,#5288,.T.);
#5286 = VERTEX_POINT('',#5287);
#5287 = CARTESIAN_POINT('',(84.,-99.1,0.));
#5288 = CIRCLE('',#5289,0.5);
#5289 = AXIS2_PLACEMENT_3D('',#5290,#5291,#5292);
#5290 = CARTESIAN_POINT('',(84.,-98.6,0.));
#5291 = DIRECTION('',(-0.,0.,-1.));
#5292 = DIRECTION('',(-0.,-1.,0.));
#5293 = FACE_BOUND('',#5294,.F.);
#5294 = EDGE_LOOP('',(#5295));
#5295 = ORIENTED_EDGE('',*,*,#5296,.T.);
#5296 = EDGE_CURVE('',#5297,#5297,#5299,.T.);
#5297 = VERTEX_POINT('',#5298);
#5298 = CARTESIAN_POINT('',(89.4,-119.1,0.));
#5299 = CIRCLE('',#5300,0.4);
#5300 = AXIS2_PLACEMENT_3D('',#5301,#5302,#5303);
#5301 = CARTESIAN_POINT('',(89.4,-118.7,0.));
#5302 = DIRECTION('',(-0.,0.,-1.));
#5303 = DIRECTION('',(-0.,-1.,0.));
#5304 = FACE_BOUND('',#5305,.F.);
#5305 = EDGE_LOOP('',(#5306));
#5306 = ORIENTED_EDGE('',*,*,#5307,.T.);
#5307 = EDGE_CURVE('',#5308,#5308,#5310,.T.);
#5308 = VERTEX_POINT('',#5309);
#5309 = CARTESIAN_POINT('',(86.44,-116.34,0.));
#5310 = CIRCLE('',#5311,0.4);
#5311 = AXIS2_PLACEMENT_3D('',#5312,#5313,#5314);
#5312 = CARTESIAN_POINT('',(86.44,-115.94,0.));
#5313 = DIRECTION('',(-0.,0.,-1.));
#5314 = DIRECTION('',(-0.,-1.,0.));
#5315 = FACE_BOUND('',#5316,.F.);
#5316 = EDGE_LOOP('',(#5317));
#5317 = ORIENTED_EDGE('',*,*,#5318,.T.);
#5318 = EDGE_CURVE('',#5319,#5319,#5321,.T.);
#5319 = VERTEX_POINT('',#5320);
#5320 = CARTESIAN_POINT('',(87.56,-107.7,0.));
#5321 = CIRCLE('',#5322,0.5);
#5322 = AXIS2_PLACEMENT_3D('',#5323,#5324,#5325);
#5323 = CARTESIAN_POINT('',(87.56,-107.2,0.));
#5324 = DIRECTION('',(-0.,0.,-1.));
#5325 = DIRECTION('',(-0.,-1.,0.));
#5326 = FACE_BOUND('',#5327,.F.);
#5327 = EDGE_LOOP('',(#5328));
#5328 = ORIENTED_EDGE('',*,*,#5329,.T.);
#5329 = EDGE_CURVE('',#5330,#5330,#5332,.T.);
#5330 = VERTEX_POINT('',#5331);
#5331 = CARTESIAN_POINT('',(89.4,-111.48,0.));
#5332 = CIRCLE('',#5333,0.4);
#5333 = AXIS2_PLACEMENT_3D('',#5334,#5335,#5336);
#5334 = CARTESIAN_POINT('',(89.4,-111.08,0.));
#5335 = DIRECTION('',(-0.,0.,-1.));
#5336 = DIRECTION('',(-0.,-1.,0.));
#5337 = FACE_BOUND('',#5338,.F.);
#5338 = EDGE_LOOP('',(#5339));
#5339 = ORIENTED_EDGE('',*,*,#5340,.T.);
#5340 = EDGE_CURVE('',#5341,#5341,#5343,.T.);
#5341 = VERTEX_POINT('',#5342);
#5342 = CARTESIAN_POINT('',(90.1,-107.7,0.));
#5343 = CIRCLE('',#5344,0.5);
#5344 = AXIS2_PLACEMENT_3D('',#5345,#5346,#5347);
#5345 = CARTESIAN_POINT('',(90.1,-107.2,0.));
#5346 = DIRECTION('',(-0.,0.,-1.));
#5347 = DIRECTION('',(-0.,-1.,0.));
#5348 = FACE_BOUND('',#5349,.F.);
#5349 = EDGE_LOOP('',(#5350));
#5350 = ORIENTED_EDGE('',*,*,#5351,.T.);
#5351 = EDGE_CURVE('',#5352,#5352,#5354,.T.);
#5352 = VERTEX_POINT('',#5353);
#5353 = CARTESIAN_POINT('',(87.56,-99.1,0.));
#5354 = CIRCLE('',#5355,0.5);
#5355 = AXIS2_PLACEMENT_3D('',#5356,#5357,#5358);
#5356 = CARTESIAN_POINT('',(87.56,-98.6,0.));
#5357 = DIRECTION('',(-0.,0.,-1.));
#5358 = DIRECTION('',(-0.,-1.,0.));
#5359 = FACE_BOUND('',#5360,.F.);
#5360 = EDGE_LOOP('',(#5361));
#5361 = ORIENTED_EDGE('',*,*,#5362,.T.);
#5362 = EDGE_CURVE('',#5363,#5363,#5365,.T.);
#5363 = VERTEX_POINT('',#5364);
#5364 = CARTESIAN_POINT('',(89.52,-103.3,0.));
#5365 = CIRCLE('',#5366,0.4);
#5366 = AXIS2_PLACEMENT_3D('',#5367,#5368,#5369);
#5367 = CARTESIAN_POINT('',(89.52,-102.9,0.));
#5368 = DIRECTION('',(-0.,0.,-1.));
#5369 = DIRECTION('',(-3.552713678801E-14,-1.,0.));
#5370 = FACE_BOUND('',#5371,.F.);
#5371 = EDGE_LOOP('',(#5372));
#5372 = ORIENTED_EDGE('',*,*,#5373,.T.);
#5373 = EDGE_CURVE('',#5374,#5374,#5376,.T.);
#5374 = VERTEX_POINT('',#5375);
#5375 = CARTESIAN_POINT('',(90.1,-99.1,0.));
#5376 = CIRCLE('',#5377,0.5);
#5377 = AXIS2_PLACEMENT_3D('',#5378,#5379,#5380);
#5378 = CARTESIAN_POINT('',(90.1,-98.6,0.));
#5379 = DIRECTION('',(-0.,0.,-1.));
#5380 = DIRECTION('',(-0.,-1.,0.));
#5381 = FACE_BOUND('',#5382,.F.);
#5382 = EDGE_LOOP('',(#5383));
#5383 = ORIENTED_EDGE('',*,*,#5384,.T.);
#5384 = EDGE_CURVE('',#5385,#5385,#5387,.T.);
#5385 = VERTEX_POINT('',#5386);
#5386 = CARTESIAN_POINT('',(81.9,-94.7,0.));
#5387 = CIRCLE('',#5388,0.4);
#5388 = AXIS2_PLACEMENT_3D('',#5389,#5390,#5391);
#5389 = CARTESIAN_POINT('',(81.9,-94.3,0.));
#5390 = DIRECTION('',(-0.,0.,-1.));
#5391 = DIRECTION('',(-0.,-1.,0.));
#5392 = FACE_BOUND('',#5393,.F.);
#5393 = EDGE_LOOP('',(#5394));
#5394 = ORIENTED_EDGE('',*,*,#5395,.T.);
#5395 = EDGE_CURVE('',#5396,#5396,#5398,.T.);
#5396 = VERTEX_POINT('',#5397);
#5397 = CARTESIAN_POINT('',(81.46,-90.5,0.));
#5398 = CIRCLE('',#5399,0.5);
#5399 = AXIS2_PLACEMENT_3D('',#5400,#5401,#5402);
#5400 = CARTESIAN_POINT('',(81.46,-90.,0.));
#5401 = DIRECTION('',(-0.,0.,-1.));
#5402 = DIRECTION('',(-0.,-1.,0.));
#5403 = FACE_BOUND('',#5404,.F.);
#5404 = EDGE_LOOP('',(#5405));
#5405 = ORIENTED_EDGE('',*,*,#5406,.T.);
#5406 = EDGE_CURVE('',#5407,#5407,#5409,.T.);
#5407 = VERTEX_POINT('',#5408);
#5408 = CARTESIAN_POINT('',(81.9,-86.1,0.));
#5409 = CIRCLE('',#5410,0.4);
#5410 = AXIS2_PLACEMENT_3D('',#5411,#5412,#5413);
#5411 = CARTESIAN_POINT('',(81.9,-85.7,0.));
#5412 = DIRECTION('',(-0.,0.,-1.));
#5413 = DIRECTION('',(-0.,-1.,0.));
#5414 = FACE_BOUND('',#5415,.F.);
#5415 = EDGE_LOOP('',(#5416));
#5416 = ORIENTED_EDGE('',*,*,#5417,.T.);
#5417 = EDGE_CURVE('',#5418,#5418,#5420,.T.);
#5418 = VERTEX_POINT('',#5419);
#5419 = CARTESIAN_POINT('',(84.,-90.5,0.));
#5420 = CIRCLE('',#5421,0.5);
#5421 = AXIS2_PLACEMENT_3D('',#5422,#5423,#5424);
#5422 = CARTESIAN_POINT('',(84.,-90.,0.));
#5423 = DIRECTION('',(-0.,0.,-1.));
#5424 = DIRECTION('',(-0.,-1.,0.));
#5425 = FACE_BOUND('',#5426,.F.);
#5426 = EDGE_LOOP('',(#5427));
#5427 = ORIENTED_EDGE('',*,*,#5428,.T.);
#5428 = EDGE_CURVE('',#5429,#5429,#5431,.T.);
#5429 = VERTEX_POINT('',#5430);
#5430 = CARTESIAN_POINT('',(81.46,-81.9,0.));
#5431 = CIRCLE('',#5432,0.5);
#5432 = AXIS2_PLACEMENT_3D('',#5433,#5434,#5435);
#5433 = CARTESIAN_POINT('',(81.46,-81.4,0.));
#5434 = DIRECTION('',(-0.,0.,-1.));
#5435 = DIRECTION('',(-0.,-1.,0.));
#5436 = FACE_BOUND('',#5437,.F.);
#5437 = EDGE_LOOP('',(#5438));
#5438 = ORIENTED_EDGE('',*,*,#5439,.T.);
#5439 = EDGE_CURVE('',#5440,#5440,#5442,.T.);
#5440 = VERTEX_POINT('',#5441);
#5441 = CARTESIAN_POINT('',(84.,-81.9,0.));
#5442 = CIRCLE('',#5443,0.5);
#5443 = AXIS2_PLACEMENT_3D('',#5444,#5445,#5446);
#5444 = CARTESIAN_POINT('',(84.,-81.4,0.));
#5445 = DIRECTION('',(-0.,0.,-1.));
#5446 = DIRECTION('',(-0.,-1.,0.));
#5447 = FACE_BOUND('',#5448,.F.);
#5448 = EDGE_LOOP('',(#5449));
#5449 = ORIENTED_EDGE('',*,*,#5450,.T.);
#5450 = EDGE_CURVE('',#5451,#5451,#5453,.T.);
#5451 = VERTEX_POINT('',#5452);
#5452 = CARTESIAN_POINT('',(81.9,-78.,0.));
#5453 = CIRCLE('',#5454,0.4);
#5454 = AXIS2_PLACEMENT_3D('',#5455,#5456,#5457);
#5455 = CARTESIAN_POINT('',(81.9,-77.6,0.));
#5456 = DIRECTION('',(-0.,0.,-1.));
#5457 = DIRECTION('',(-0.,-1.,0.));
#5458 = FACE_BOUND('',#5459,.F.);
#5459 = EDGE_LOOP('',(#5460));
#5460 = ORIENTED_EDGE('',*,*,#5461,.T.);
#5461 = EDGE_CURVE('',#5462,#5462,#5464,.T.);
#5462 = VERTEX_POINT('',#5463);
#5463 = CARTESIAN_POINT('',(83.3,-72.975,0.));
#5464 = CIRCLE('',#5465,0.475);
#5465 = AXIS2_PLACEMENT_3D('',#5466,#5467,#5468);
#5466 = CARTESIAN_POINT('',(83.3,-72.5,0.));
#5467 = DIRECTION('',(-0.,0.,-1.));
#5468 = DIRECTION('',(-2.991758887411E-14,-1.,0.));
#5469 = FACE_BOUND('',#5470,.F.);
#5470 = EDGE_LOOP('',(#5471));
#5471 = ORIENTED_EDGE('',*,*,#5472,.T.);
#5472 = EDGE_CURVE('',#5473,#5473,#5475,.T.);
#5473 = VERTEX_POINT('',#5474);
#5474 = CARTESIAN_POINT('',(89.52,-94.7,0.));
#5475 = CIRCLE('',#5476,0.4);
#5476 = AXIS2_PLACEMENT_3D('',#5477,#5478,#5479);
#5477 = CARTESIAN_POINT('',(89.52,-94.3,0.));
#5478 = DIRECTION('',(-0.,0.,-1.));
#5479 = DIRECTION('',(-3.552713678801E-14,-1.,0.));
#5480 = FACE_BOUND('',#5481,.F.);
#5481 = EDGE_LOOP('',(#5482));
#5482 = ORIENTED_EDGE('',*,*,#5483,.T.);
#5483 = EDGE_CURVE('',#5484,#5484,#5486,.T.);
#5484 = VERTEX_POINT('',#5485);
#5485 = CARTESIAN_POINT('',(87.56,-90.5,0.));
#5486 = CIRCLE('',#5487,0.5);
#5487 = AXIS2_PLACEMENT_3D('',#5488,#5489,#5490);
#5488 = CARTESIAN_POINT('',(87.56,-90.,0.));
#5489 = DIRECTION('',(-0.,0.,-1.));
#5490 = DIRECTION('',(-0.,-1.,0.));
#5491 = FACE_BOUND('',#5492,.F.);
#5492 = EDGE_LOOP('',(#5493));
#5493 = ORIENTED_EDGE('',*,*,#5494,.T.);
#5494 = EDGE_CURVE('',#5495,#5495,#5497,.T.);
#5495 = VERTEX_POINT('',#5496);
#5496 = CARTESIAN_POINT('',(90.1,-90.5,0.));
#5497 = CIRCLE('',#5498,0.5);
#5498 = AXIS2_PLACEMENT_3D('',#5499,#5500,#5501);
#5499 = CARTESIAN_POINT('',(90.1,-90.,0.));
#5500 = DIRECTION('',(-0.,0.,-1.));
#5501 = DIRECTION('',(-0.,-1.,0.));
#5502 = FACE_BOUND('',#5503,.F.);
#5503 = EDGE_LOOP('',(#5504));
#5504 = ORIENTED_EDGE('',*,*,#5505,.T.);
#5505 = EDGE_CURVE('',#5506,#5506,#5508,.T.);
#5506 = VERTEX_POINT('',#5507);
#5507 = CARTESIAN_POINT('',(89.52,-86.1,0.));
#5508 = CIRCLE('',#5509,0.4);
#5509 = AXIS2_PLACEMENT_3D('',#5510,#5511,#5512);
#5510 = CARTESIAN_POINT('',(89.52,-85.7,0.));
#5511 = DIRECTION('',(-0.,0.,-1.));
#5512 = DIRECTION('',(-3.552713678801E-14,-1.,0.));
#5513 = FACE_BOUND('',#5514,.F.);
#5514 = EDGE_LOOP('',(#5515));
#5515 = ORIENTED_EDGE('',*,*,#5516,.T.);
#5516 = EDGE_CURVE('',#5517,#5517,#5519,.T.);
#5517 = VERTEX_POINT('',#5518);
#5518 = CARTESIAN_POINT('',(95.2,-86.9,0.));
#5519 = CIRCLE('',#5520,1.6);
#5520 = AXIS2_PLACEMENT_3D('',#5521,#5522,#5523);
#5521 = CARTESIAN_POINT('',(95.2,-85.3,0.));
#5522 = DIRECTION('',(-0.,0.,-1.));
#5523 = DIRECTION('',(8.881784197001E-15,-1.,-0.));
#5524 = FACE_BOUND('',#5525,.F.);
#5525 = EDGE_LOOP('',(#5526));
#5526 = ORIENTED_EDGE('',*,*,#5527,.T.);
#5527 = EDGE_CURVE('',#5528,#5528,#5530,.T.);
#5528 = VERTEX_POINT('',#5529);
#5529 = CARTESIAN_POINT('',(87.56,-81.9,0.));
#5530 = CIRCLE('',#5531,0.5);
#5531 = AXIS2_PLACEMENT_3D('',#5532,#5533,#5534);
#5532 = CARTESIAN_POINT('',(87.56,-81.4,0.));
#5533 = DIRECTION('',(-0.,0.,-1.));
#5534 = DIRECTION('',(-0.,-1.,0.));
#5535 = FACE_BOUND('',#5536,.F.);
#5536 = EDGE_LOOP('',(#5537));
#5537 = ORIENTED_EDGE('',*,*,#5538,.T.);
#5538 = EDGE_CURVE('',#5539,#5539,#5541,.T.);
#5539 = VERTEX_POINT('',#5540);
#5540 = CARTESIAN_POINT('',(90.1,-81.9,0.));
#5541 = CIRCLE('',#5542,0.5);
#5542 = AXIS2_PLACEMENT_3D('',#5543,#5544,#5545);
#5543 = CARTESIAN_POINT('',(90.1,-81.4,0.));
#5544 = DIRECTION('',(-0.,0.,-1.));
#5545 = DIRECTION('',(-0.,-1.,0.));
#5546 = FACE_BOUND('',#5547,.F.);
#5547 = EDGE_LOOP('',(#5548));
#5548 = ORIENTED_EDGE('',*,*,#5549,.T.);
#5549 = EDGE_CURVE('',#5550,#5550,#5552,.T.);
#5550 = VERTEX_POINT('',#5551);
#5551 = CARTESIAN_POINT('',(85.8,-72.975,0.));
#5552 = CIRCLE('',#5553,0.475);
#5553 = AXIS2_PLACEMENT_3D('',#5554,#5555,#5556);
#5554 = CARTESIAN_POINT('',(85.8,-72.5,0.));
#5555 = DIRECTION('',(-0.,0.,-1.));
#5556 = DIRECTION('',(-2.991758887411E-14,-1.,0.));
#5557 = FACE_BOUND('',#5558,.F.);
#5558 = EDGE_LOOP('',(#5559));
#5559 = ORIENTED_EDGE('',*,*,#5560,.T.);
#5560 = EDGE_CURVE('',#5561,#5561,#5563,.T.);
#5561 = VERTEX_POINT('',#5562);
#5562 = CARTESIAN_POINT('',(88.3,-72.975,0.));
#5563 = CIRCLE('',#5564,0.475);
#5564 = AXIS2_PLACEMENT_3D('',#5565,#5566,#5567);
#5565 = CARTESIAN_POINT('',(88.3,-72.5,0.));
#5566 = DIRECTION('',(-0.,0.,-1.));
#5567 = DIRECTION('',(-2.991758887411E-14,-1.,0.));
#5568 = FACE_BOUND('',#5569,.F.);
#5569 = EDGE_LOOP('',(#5570));
#5570 = ORIENTED_EDGE('',*,*,#5571,.T.);
#5571 = EDGE_CURVE('',#5572,#5572,#5574,.T.);
#5572 = VERTEX_POINT('',#5573);
#5573 = CARTESIAN_POINT('',(89.52,-78.,0.));
#5574 = CIRCLE('',#5575,0.4);
#5575 = AXIS2_PLACEMENT_3D('',#5576,#5577,#5578);
#5576 = CARTESIAN_POINT('',(89.52,-77.6,0.));
#5577 = DIRECTION('',(-0.,0.,-1.));
#5578 = DIRECTION('',(-3.552713678801E-14,-1.,0.));
#5579 = PLANE('',#5580);
#5580 = AXIS2_PLACEMENT_3D('',#5581,#5582,#5583);
#5581 = CARTESIAN_POINT('',(0.,0.,0.));
#5582 = DIRECTION('',(0.,0.,1.));
#5583 = DIRECTION('',(1.,0.,-0.));
#5584 = ADVANCED_FACE('',(#5585,#5668,#5679,#5690,#5701,#5712,#5723,
    #5734,#5745,#5756,#5767,#5778,#5789,#5800,#5811,#5822,#5833,#5844,
    #5855,#5866,#5877,#5888,#5899,#5910,#5921,#5932,#5943,#5954,#5965,
    #5976,#5987,#5998,#6009,#6020,#6031),#6042,.T.);
#5585 = FACE_BOUND('',#5586,.T.);
#5586 = EDGE_LOOP('',(#5587,#5588,#5589,#5597,#5605,#5613,#5621,#5629,
    #5637,#5645,#5653,#5661,#5667));
#5587 = ORIENTED_EDGE('',*,*,#5033,.F.);
#5588 = ORIENTED_EDGE('',*,*,#5073,.F.);
#5589 = ORIENTED_EDGE('',*,*,#5590,.F.);
#5590 = EDGE_CURVE('',#5591,#5066,#5593,.T.);
#5591 = VERTEX_POINT('',#5592);
#5592 = CARTESIAN_POINT('',(80.,-62.,1.6));
#5593 = LINE('',#5594,#5595);
#5594 = CARTESIAN_POINT('',(80.,-62.,1.6));
#5595 = VECTOR('',#5596,1.);
#5596 = DIRECTION('',(1.,0.,0.));
#5597 = ORIENTED_EDGE('',*,*,#5598,.F.);
#5598 = EDGE_CURVE('',#5599,#5591,#5601,.T.);
#5599 = VERTEX_POINT('',#5600);
#5600 = CARTESIAN_POINT('',(80.,-63.,1.6));
#5601 = LINE('',#5602,#5603);
#5602 = CARTESIAN_POINT('',(80.,-63.,1.6));
#5603 = VECTOR('',#5604,1.);
#5604 = DIRECTION('',(0.,1.,0.));
#5605 = ORIENTED_EDGE('',*,*,#5606,.F.);
#5606 = EDGE_CURVE('',#5607,#5599,#5609,.T.);
#5607 = VERTEX_POINT('',#5608);
#5608 = CARTESIAN_POINT('',(80.,-70.,1.6));
#5609 = LINE('',#5610,#5611);
#5610 = CARTESIAN_POINT('',(80.,-70.,1.6));
#5611 = VECTOR('',#5612,1.);
#5612 = DIRECTION('',(0.,1.,0.));
#5613 = ORIENTED_EDGE('',*,*,#5614,.F.);
#5614 = EDGE_CURVE('',#5615,#5607,#5617,.T.);
#5615 = VERTEX_POINT('',#5616);
#5616 = CARTESIAN_POINT('',(80.,-120.,1.6));
#5617 = LINE('',#5618,#5619);
#5618 = CARTESIAN_POINT('',(80.,-120.,1.6));
#5619 = VECTOR('',#5620,1.);
#5620 = DIRECTION('',(0.,1.,0.));
#5621 = ORIENTED_EDGE('',*,*,#5622,.F.);
#5622 = EDGE_CURVE('',#5623,#5615,#5625,.T.);
#5623 = VERTEX_POINT('',#5624);
#5624 = CARTESIAN_POINT('',(73.,-120.,1.6));
#5625 = LINE('',#5626,#5627);
#5626 = CARTESIAN_POINT('',(73.,-120.,1.6));
#5627 = VECTOR('',#5628,1.);
#5628 = DIRECTION('',(1.,0.,0.));
#5629 = ORIENTED_EDGE('',*,*,#5630,.F.);
#5630 = EDGE_CURVE('',#5631,#5623,#5633,.T.);
#5631 = VERTEX_POINT('',#5632);
#5632 = CARTESIAN_POINT('',(73.,-127.,1.6));
#5633 = LINE('',#5634,#5635);
#5634 = CARTESIAN_POINT('',(73.,-127.,1.6));
#5635 = VECTOR('',#5636,1.);
#5636 = DIRECTION('',(0.,1.,0.));
#5637 = ORIENTED_EDGE('',*,*,#5638,.F.);
#5638 = EDGE_CURVE('',#5639,#5631,#5641,.T.);
#5639 = VERTEX_POINT('',#5640);
#5640 = CARTESIAN_POINT('',(80.,-127.,1.6));
#5641 = LINE('',#5642,#5643);
#5642 = CARTESIAN_POINT('',(80.,-127.,1.6));
#5643 = VECTOR('',#5644,1.);
#5644 = DIRECTION('',(-1.,0.,0.));
#5645 = ORIENTED_EDGE('',*,*,#5646,.F.);
#5646 = EDGE_CURVE('',#5647,#5639,#5649,.T.);
#5647 = VERTEX_POINT('',#5648);
#5648 = CARTESIAN_POINT('',(91.6,-127.,1.6));
#5649 = LINE('',#5650,#5651);
#5650 = CARTESIAN_POINT('',(91.6,-127.,1.6));
#5651 = VECTOR('',#5652,1.);
#5652 = DIRECTION('',(-1.,0.,0.));
#5653 = ORIENTED_EDGE('',*,*,#5654,.F.);
#5654 = EDGE_CURVE('',#5655,#5647,#5657,.T.);
#5655 = VERTEX_POINT('',#5656);
#5656 = CARTESIAN_POINT('',(91.6,-88.8,1.6));
#5657 = LINE('',#5658,#5659);
#5658 = CARTESIAN_POINT('',(91.6,-88.8,1.6));
#5659 = VECTOR('',#5660,1.);
#5660 = DIRECTION('',(0.,-1.,0.));
#5661 = ORIENTED_EDGE('',*,*,#5662,.F.);
#5662 = EDGE_CURVE('',#5096,#5655,#5663,.T.);
#5663 = LINE('',#5664,#5665);
#5664 = CARTESIAN_POINT('',(98.6,-88.8,1.6));
#5665 = VECTOR('',#5666,1.);
#5666 = DIRECTION('',(-1.,0.,0.));
#5667 = ORIENTED_EDGE('',*,*,#5095,.F.);
#5668 = FACE_BOUND('',#5669,.T.);
#5669 = EDGE_LOOP('',(#5670));
#5670 = ORIENTED_EDGE('',*,*,#5671,.T.);
#5671 = EDGE_CURVE('',#5672,#5672,#5674,.T.);
#5672 = VERTEX_POINT('',#5673);
#5673 = CARTESIAN_POINT('',(76.4,-125.1,1.6));
#5674 = CIRCLE('',#5675,1.6);
#5675 = AXIS2_PLACEMENT_3D('',#5676,#5677,#5678);
#5676 = CARTESIAN_POINT('',(76.4,-123.5,1.6));
#5677 = DIRECTION('',(-0.,0.,-1.));
#5678 = DIRECTION('',(-0.,-1.,0.));
#5679 = FACE_BOUND('',#5680,.T.);
#5680 = EDGE_LOOP('',(#5681));
#5681 = ORIENTED_EDGE('',*,*,#5682,.T.);
#5682 = EDGE_CURVE('',#5683,#5683,#5685,.T.);
#5683 = VERTEX_POINT('',#5684);
#5684 = CARTESIAN_POINT('',(83.9,-118.88,1.6));
#5685 = CIRCLE('',#5686,0.4);
#5686 = AXIS2_PLACEMENT_3D('',#5687,#5688,#5689);
#5687 = CARTESIAN_POINT('',(83.9,-118.48,1.6));
#5688 = DIRECTION('',(-0.,0.,-1.));
#5689 = DIRECTION('',(-0.,-1.,0.));
#5690 = FACE_BOUND('',#5691,.T.);
#5691 = EDGE_LOOP('',(#5692));
#5692 = ORIENTED_EDGE('',*,*,#5693,.T.);
#5693 = EDGE_CURVE('',#5694,#5694,#5696,.T.);
#5694 = VERTEX_POINT('',#5695);
#5695 = CARTESIAN_POINT('',(83.9,-113.8,1.6));
#5696 = CIRCLE('',#5697,0.4);
#5697 = AXIS2_PLACEMENT_3D('',#5698,#5699,#5700);
#5698 = CARTESIAN_POINT('',(83.9,-113.4,1.6));
#5699 = DIRECTION('',(-0.,0.,-1.));
#5700 = DIRECTION('',(-0.,-1.,0.));
#5701 = FACE_BOUND('',#5702,.T.);
#5702 = EDGE_LOOP('',(#5703));
#5703 = ORIENTED_EDGE('',*,*,#5704,.T.);
#5704 = EDGE_CURVE('',#5705,#5705,#5707,.T.);
#5705 = VERTEX_POINT('',#5706);
#5706 = CARTESIAN_POINT('',(81.46,-107.7,1.6));
#5707 = CIRCLE('',#5708,0.5);
#5708 = AXIS2_PLACEMENT_3D('',#5709,#5710,#5711);
#5709 = CARTESIAN_POINT('',(81.46,-107.2,1.6));
#5710 = DIRECTION('',(-0.,0.,-1.));
#5711 = DIRECTION('',(-0.,-1.,0.));
#5712 = FACE_BOUND('',#5713,.T.);
#5713 = EDGE_LOOP('',(#5714));
#5714 = ORIENTED_EDGE('',*,*,#5715,.T.);
#5715 = EDGE_CURVE('',#5716,#5716,#5718,.T.);
#5716 = VERTEX_POINT('',#5717);
#5717 = CARTESIAN_POINT('',(84.,-107.7,1.6));
#5718 = CIRCLE('',#5719,0.5);
#5719 = AXIS2_PLACEMENT_3D('',#5720,#5721,#5722);
#5720 = CARTESIAN_POINT('',(84.,-107.2,1.6));
#5721 = DIRECTION('',(-0.,0.,-1.));
#5722 = DIRECTION('',(-0.,-1.,0.));
#5723 = FACE_BOUND('',#5724,.T.);
#5724 = EDGE_LOOP('',(#5725));
#5725 = ORIENTED_EDGE('',*,*,#5726,.T.);
#5726 = EDGE_CURVE('',#5727,#5727,#5729,.T.);
#5727 = VERTEX_POINT('',#5728);
#5728 = CARTESIAN_POINT('',(81.9,-103.3,1.6));
#5729 = CIRCLE('',#5730,0.4);
#5730 = AXIS2_PLACEMENT_3D('',#5731,#5732,#5733);
#5731 = CARTESIAN_POINT('',(81.9,-102.9,1.6));
#5732 = DIRECTION('',(-0.,0.,-1.));
#5733 = DIRECTION('',(-0.,-1.,0.));
#5734 = FACE_BOUND('',#5735,.T.);
#5735 = EDGE_LOOP('',(#5736));
#5736 = ORIENTED_EDGE('',*,*,#5737,.T.);
#5737 = EDGE_CURVE('',#5738,#5738,#5740,.T.);
#5738 = VERTEX_POINT('',#5739);
#5739 = CARTESIAN_POINT('',(81.46,-99.1,1.6));
#5740 = CIRCLE('',#5741,0.5);
#5741 = AXIS2_PLACEMENT_3D('',#5742,#5743,#5744);
#5742 = CARTESIAN_POINT('',(81.46,-98.6,1.6));
#5743 = DIRECTION('',(-0.,0.,-1.));
#5744 = DIRECTION('',(-0.,-1.,0.));
#5745 = FACE_BOUND('',#5746,.T.);
#5746 = EDGE_LOOP('',(#5747));
#5747 = ORIENTED_EDGE('',*,*,#5748,.T.);
#5748 = EDGE_CURVE('',#5749,#5749,#5751,.T.);
#5749 = VERTEX_POINT('',#5750);
#5750 = CARTESIAN_POINT('',(84.,-99.1,1.6));
#5751 = CIRCLE('',#5752,0.5);
#5752 = AXIS2_PLACEMENT_3D('',#5753,#5754,#5755);
#5753 = CARTESIAN_POINT('',(84.,-98.6,1.6));
#5754 = DIRECTION('',(-0.,0.,-1.));
#5755 = DIRECTION('',(-0.,-1.,0.));
#5756 = FACE_BOUND('',#5757,.T.);
#5757 = EDGE_LOOP('',(#5758));
#5758 = ORIENTED_EDGE('',*,*,#5759,.T.);
#5759 = EDGE_CURVE('',#5760,#5760,#5762,.T.);
#5760 = VERTEX_POINT('',#5761);
#5761 = CARTESIAN_POINT('',(89.4,-119.1,1.6));
#5762 = CIRCLE('',#5763,0.4);
#5763 = AXIS2_PLACEMENT_3D('',#5764,#5765,#5766);
#5764 = CARTESIAN_POINT('',(89.4,-118.7,1.6));
#5765 = DIRECTION('',(-0.,0.,-1.));
#5766 = DIRECTION('',(-0.,-1.,0.));
#5767 = FACE_BOUND('',#5768,.T.);
#5768 = EDGE_LOOP('',(#5769));
#5769 = ORIENTED_EDGE('',*,*,#5770,.T.);
#5770 = EDGE_CURVE('',#5771,#5771,#5773,.T.);
#5771 = VERTEX_POINT('',#5772);
#5772 = CARTESIAN_POINT('',(86.44,-116.34,1.6));
#5773 = CIRCLE('',#5774,0.4);
#5774 = AXIS2_PLACEMENT_3D('',#5775,#5776,#5777);
#5775 = CARTESIAN_POINT('',(86.44,-115.94,1.6));
#5776 = DIRECTION('',(-0.,0.,-1.));
#5777 = DIRECTION('',(-0.,-1.,0.));
#5778 = FACE_BOUND('',#5779,.T.);
#5779 = EDGE_LOOP('',(#5780));
#5780 = ORIENTED_EDGE('',*,*,#5781,.T.);
#5781 = EDGE_CURVE('',#5782,#5782,#5784,.T.);
#5782 = VERTEX_POINT('',#5783);
#5783 = CARTESIAN_POINT('',(87.56,-107.7,1.6));
#5784 = CIRCLE('',#5785,0.5);
#5785 = AXIS2_PLACEMENT_3D('',#5786,#5787,#5788);
#5786 = CARTESIAN_POINT('',(87.56,-107.2,1.6));
#5787 = DIRECTION('',(-0.,0.,-1.));
#5788 = DIRECTION('',(-0.,-1.,0.));
#5789 = FACE_BOUND('',#5790,.T.);
#5790 = EDGE_LOOP('',(#5791));
#5791 = ORIENTED_EDGE('',*,*,#5792,.T.);
#5792 = EDGE_CURVE('',#5793,#5793,#5795,.T.);
#5793 = VERTEX_POINT('',#5794);
#5794 = CARTESIAN_POINT('',(89.4,-111.48,1.6));
#5795 = CIRCLE('',#5796,0.4);
#5796 = AXIS2_PLACEMENT_3D('',#5797,#5798,#5799);
#5797 = CARTESIAN_POINT('',(89.4,-111.08,1.6));
#5798 = DIRECTION('',(-0.,0.,-1.));
#5799 = DIRECTION('',(-0.,-1.,0.));
#5800 = FACE_BOUND('',#5801,.T.);
#5801 = EDGE_LOOP('',(#5802));
#5802 = ORIENTED_EDGE('',*,*,#5803,.T.);
#5803 = EDGE_CURVE('',#5804,#5804,#5806,.T.);
#5804 = VERTEX_POINT('',#5805);
#5805 = CARTESIAN_POINT('',(90.1,-107.7,1.6));
#5806 = CIRCLE('',#5807,0.5);
#5807 = AXIS2_PLACEMENT_3D('',#5808,#5809,#5810);
#5808 = CARTESIAN_POINT('',(90.1,-107.2,1.6));
#5809 = DIRECTION('',(-0.,0.,-1.));
#5810 = DIRECTION('',(-0.,-1.,0.));
#5811 = FACE_BOUND('',#5812,.T.);
#5812 = EDGE_LOOP('',(#5813));
#5813 = ORIENTED_EDGE('',*,*,#5814,.T.);
#5814 = EDGE_CURVE('',#5815,#5815,#5817,.T.);
#5815 = VERTEX_POINT('',#5816);
#5816 = CARTESIAN_POINT('',(87.56,-99.1,1.6));
#5817 = CIRCLE('',#5818,0.5);
#5818 = AXIS2_PLACEMENT_3D('',#5819,#5820,#5821);
#5819 = CARTESIAN_POINT('',(87.56,-98.6,1.6));
#5820 = DIRECTION('',(-0.,0.,-1.));
#5821 = DIRECTION('',(-0.,-1.,0.));
#5822 = FACE_BOUND('',#5823,.T.);
#5823 = EDGE_LOOP('',(#5824));
#5824 = ORIENTED_EDGE('',*,*,#5825,.T.);
#5825 = EDGE_CURVE('',#5826,#5826,#5828,.T.);
#5826 = VERTEX_POINT('',#5827);
#5827 = CARTESIAN_POINT('',(89.52,-103.3,1.6));
#5828 = CIRCLE('',#5829,0.4);
#5829 = AXIS2_PLACEMENT_3D('',#5830,#5831,#5832);
#5830 = CARTESIAN_POINT('',(89.52,-102.9,1.6));
#5831 = DIRECTION('',(-0.,0.,-1.));
#5832 = DIRECTION('',(-3.552713678801E-14,-1.,0.));
#5833 = FACE_BOUND('',#5834,.T.);
#5834 = EDGE_LOOP('',(#5835));
#5835 = ORIENTED_EDGE('',*,*,#5836,.T.);
#5836 = EDGE_CURVE('',#5837,#5837,#5839,.T.);
#5837 = VERTEX_POINT('',#5838);
#5838 = CARTESIAN_POINT('',(90.1,-99.1,1.6));
#5839 = CIRCLE('',#5840,0.5);
#5840 = AXIS2_PLACEMENT_3D('',#5841,#5842,#5843);
#5841 = CARTESIAN_POINT('',(90.1,-98.6,1.6));
#5842 = DIRECTION('',(-0.,0.,-1.));
#5843 = DIRECTION('',(-0.,-1.,0.));
#5844 = FACE_BOUND('',#5845,.T.);
#5845 = EDGE_LOOP('',(#5846));
#5846 = ORIENTED_EDGE('',*,*,#5847,.T.);
#5847 = EDGE_CURVE('',#5848,#5848,#5850,.T.);
#5848 = VERTEX_POINT('',#5849);
#5849 = CARTESIAN_POINT('',(81.9,-94.7,1.6));
#5850 = CIRCLE('',#5851,0.4);
#5851 = AXIS2_PLACEMENT_3D('',#5852,#5853,#5854);
#5852 = CARTESIAN_POINT('',(81.9,-94.3,1.6));
#5853 = DIRECTION('',(-0.,0.,-1.));
#5854 = DIRECTION('',(-0.,-1.,0.));
#5855 = FACE_BOUND('',#5856,.T.);
#5856 = EDGE_LOOP('',(#5857));
#5857 = ORIENTED_EDGE('',*,*,#5858,.T.);
#5858 = EDGE_CURVE('',#5859,#5859,#5861,.T.);
#5859 = VERTEX_POINT('',#5860);
#5860 = CARTESIAN_POINT('',(81.46,-90.5,1.6));
#5861 = CIRCLE('',#5862,0.5);
#5862 = AXIS2_PLACEMENT_3D('',#5863,#5864,#5865);
#5863 = CARTESIAN_POINT('',(81.46,-90.,1.6));
#5864 = DIRECTION('',(-0.,0.,-1.));
#5865 = DIRECTION('',(-0.,-1.,0.));
#5866 = FACE_BOUND('',#5867,.T.);
#5867 = EDGE_LOOP('',(#5868));
#5868 = ORIENTED_EDGE('',*,*,#5869,.T.);
#5869 = EDGE_CURVE('',#5870,#5870,#5872,.T.);
#5870 = VERTEX_POINT('',#5871);
#5871 = CARTESIAN_POINT('',(81.9,-86.1,1.6));
#5872 = CIRCLE('',#5873,0.4);
#5873 = AXIS2_PLACEMENT_3D('',#5874,#5875,#5876);
#5874 = CARTESIAN_POINT('',(81.9,-85.7,1.6));
#5875 = DIRECTION('',(-0.,0.,-1.));
#5876 = DIRECTION('',(-0.,-1.,0.));
#5877 = FACE_BOUND('',#5878,.T.);
#5878 = EDGE_LOOP('',(#5879));
#5879 = ORIENTED_EDGE('',*,*,#5880,.T.);
#5880 = EDGE_CURVE('',#5881,#5881,#5883,.T.);
#5881 = VERTEX_POINT('',#5882);
#5882 = CARTESIAN_POINT('',(84.,-90.5,1.6));
#5883 = CIRCLE('',#5884,0.5);
#5884 = AXIS2_PLACEMENT_3D('',#5885,#5886,#5887);
#5885 = CARTESIAN_POINT('',(84.,-90.,1.6));
#5886 = DIRECTION('',(-0.,0.,-1.));
#5887 = DIRECTION('',(-0.,-1.,0.));
#5888 = FACE_BOUND('',#5889,.T.);
#5889 = EDGE_LOOP('',(#5890));
#5890 = ORIENTED_EDGE('',*,*,#5891,.T.);
#5891 = EDGE_CURVE('',#5892,#5892,#5894,.T.);
#5892 = VERTEX_POINT('',#5893);
#5893 = CARTESIAN_POINT('',(81.46,-81.9,1.6));
#5894 = CIRCLE('',#5895,0.5);
#5895 = AXIS2_PLACEMENT_3D('',#5896,#5897,#5898);
#5896 = CARTESIAN_POINT('',(81.46,-81.4,1.6));
#5897 = DIRECTION('',(-0.,0.,-1.));
#5898 = DIRECTION('',(-0.,-1.,0.));
#5899 = FACE_BOUND('',#5900,.T.);
#5900 = EDGE_LOOP('',(#5901));
#5901 = ORIENTED_EDGE('',*,*,#5902,.T.);
#5902 = EDGE_CURVE('',#5903,#5903,#5905,.T.);
#5903 = VERTEX_POINT('',#5904);
#5904 = CARTESIAN_POINT('',(84.,-81.9,1.6));
#5905 = CIRCLE('',#5906,0.5);
#5906 = AXIS2_PLACEMENT_3D('',#5907,#5908,#5909);
#5907 = CARTESIAN_POINT('',(84.,-81.4,1.6));
#5908 = DIRECTION('',(-0.,0.,-1.));
#5909 = DIRECTION('',(-0.,-1.,0.));
#5910 = FACE_BOUND('',#5911,.T.);
#5911 = EDGE_LOOP('',(#5912));
#5912 = ORIENTED_EDGE('',*,*,#5913,.T.);
#5913 = EDGE_CURVE('',#5914,#5914,#5916,.T.);
#5914 = VERTEX_POINT('',#5915);
#5915 = CARTESIAN_POINT('',(81.9,-78.,1.6));
#5916 = CIRCLE('',#5917,0.4);
#5917 = AXIS2_PLACEMENT_3D('',#5918,#5919,#5920);
#5918 = CARTESIAN_POINT('',(81.9,-77.6,1.6));
#5919 = DIRECTION('',(-0.,0.,-1.));
#5920 = DIRECTION('',(-0.,-1.,0.));
#5921 = FACE_BOUND('',#5922,.T.);
#5922 = EDGE_LOOP('',(#5923));
#5923 = ORIENTED_EDGE('',*,*,#5924,.T.);
#5924 = EDGE_CURVE('',#5925,#5925,#5927,.T.);
#5925 = VERTEX_POINT('',#5926);
#5926 = CARTESIAN_POINT('',(83.3,-72.975,1.6));
#5927 = CIRCLE('',#5928,0.475);
#5928 = AXIS2_PLACEMENT_3D('',#5929,#5930,#5931);
#5929 = CARTESIAN_POINT('',(83.3,-72.5,1.6));
#5930 = DIRECTION('',(-0.,0.,-1.));
#5931 = DIRECTION('',(-2.991758887411E-14,-1.,0.));
#5932 = FACE_BOUND('',#5933,.T.);
#5933 = EDGE_LOOP('',(#5934));
#5934 = ORIENTED_EDGE('',*,*,#5935,.T.);
#5935 = EDGE_CURVE('',#5936,#5936,#5938,.T.);
#5936 = VERTEX_POINT('',#5937);
#5937 = CARTESIAN_POINT('',(89.52,-94.7,1.6));
#5938 = CIRCLE('',#5939,0.4);
#5939 = AXIS2_PLACEMENT_3D('',#5940,#5941,#5942);
#5940 = CARTESIAN_POINT('',(89.52,-94.3,1.6));
#5941 = DIRECTION('',(-0.,0.,-1.));
#5942 = DIRECTION('',(-3.552713678801E-14,-1.,0.));
#5943 = FACE_BOUND('',#5944,.T.);
#5944 = EDGE_LOOP('',(#5945));
#5945 = ORIENTED_EDGE('',*,*,#5946,.T.);
#5946 = EDGE_CURVE('',#5947,#5947,#5949,.T.);
#5947 = VERTEX_POINT('',#5948);
#5948 = CARTESIAN_POINT('',(87.56,-90.5,1.6));
#5949 = CIRCLE('',#5950,0.5);
#5950 = AXIS2_PLACEMENT_3D('',#5951,#5952,#5953);
#5951 = CARTESIAN_POINT('',(87.56,-90.,1.6));
#5952 = DIRECTION('',(-0.,0.,-1.));
#5953 = DIRECTION('',(-0.,-1.,0.));
#5954 = FACE_BOUND('',#5955,.T.);
#5955 = EDGE_LOOP('',(#5956));
#5956 = ORIENTED_EDGE('',*,*,#5957,.T.);
#5957 = EDGE_CURVE('',#5958,#5958,#5960,.T.);
#5958 = VERTEX_POINT('',#5959);
#5959 = CARTESIAN_POINT('',(90.1,-90.5,1.6));
#5960 = CIRCLE('',#5961,0.5);
#5961 = AXIS2_PLACEMENT_3D('',#5962,#5963,#5964);
#5962 = CARTESIAN_POINT('',(90.1,-90.,1.6));
#5963 = DIRECTION('',(-0.,0.,-1.));
#5964 = DIRECTION('',(-0.,-1.,0.));
#5965 = FACE_BOUND('',#5966,.T.);
#5966 = EDGE_LOOP('',(#5967));
#5967 = ORIENTED_EDGE('',*,*,#5968,.T.);
#5968 = EDGE_CURVE('',#5969,#5969,#5971,.T.);
#5969 = VERTEX_POINT('',#5970);
#5970 = CARTESIAN_POINT('',(89.52,-86.1,1.6));
#5971 = CIRCLE('',#5972,0.4);
#5972 = AXIS2_PLACEMENT_3D('',#5973,#5974,#5975);
#5973 = CARTESIAN_POINT('',(89.52,-85.7,1.6));
#5974 = DIRECTION('',(-0.,0.,-1.));
#5975 = DIRECTION('',(-3.552713678801E-14,-1.,0.));
#5976 = FACE_BOUND('',#5977,.T.);
#5977 = EDGE_LOOP('',(#5978));
#5978 = ORIENTED_EDGE('',*,*,#5979,.T.);
#5979 = EDGE_CURVE('',#5980,#5980,#5982,.T.);
#5980 = VERTEX_POINT('',#5981);
#5981 = CARTESIAN_POINT('',(95.2,-86.9,1.6));
#5982 = CIRCLE('',#5983,1.6);
#5983 = AXIS2_PLACEMENT_3D('',#5984,#5985,#5986);
#5984 = CARTESIAN_POINT('',(95.2,-85.3,1.6));
#5985 = DIRECTION('',(-0.,0.,-1.));
#5986 = DIRECTION('',(8.881784197001E-15,-1.,-0.));
#5987 = FACE_BOUND('',#5988,.T.);
#5988 = EDGE_LOOP('',(#5989));
#5989 = ORIENTED_EDGE('',*,*,#5990,.T.);
#5990 = EDGE_CURVE('',#5991,#5991,#5993,.T.);
#5991 = VERTEX_POINT('',#5992);
#5992 = CARTESIAN_POINT('',(87.56,-81.9,1.6));
#5993 = CIRCLE('',#5994,0.5);
#5994 = AXIS2_PLACEMENT_3D('',#5995,#5996,#5997);
#5995 = CARTESIAN_POINT('',(87.56,-81.4,1.6));
#5996 = DIRECTION('',(-0.,0.,-1.));
#5997 = DIRECTION('',(-0.,-1.,0.));
#5998 = FACE_BOUND('',#5999,.T.);
#5999 = EDGE_LOOP('',(#6000));
#6000 = ORIENTED_EDGE('',*,*,#6001,.T.);
#6001 = EDGE_CURVE('',#6002,#6002,#6004,.T.);
#6002 = VERTEX_POINT('',#6003);
#6003 = CARTESIAN_POINT('',(90.1,-81.9,1.6));
#6004 = CIRCLE('',#6005,0.5);
#6005 = AXIS2_PLACEMENT_3D('',#6006,#6007,#6008);
#6006 = CARTESIAN_POINT('',(90.1,-81.4,1.6));
#6007 = DIRECTION('',(-0.,0.,-1.));
#6008 = DIRECTION('',(-0.,-1.,0.));
#6009 = FACE_BOUND('',#6010,.T.);
#6010 = EDGE_LOOP('',(#6011));
#6011 = ORIENTED_EDGE('',*,*,#6012,.T.);
#6012 = EDGE_CURVE('',#6013,#6013,#6015,.T.);
#6013 = VERTEX_POINT('',#6014);
#6014 = CARTESIAN_POINT('',(85.8,-72.975,1.6));
#6015 = CIRCLE('',#6016,0.475);
#6016 = AXIS2_PLACEMENT_3D('',#6017,#6018,#6019);
#6017 = CARTESIAN_POINT('',(85.8,-72.5,1.6));
#6018 = DIRECTION('',(-0.,0.,-1.));
#6019 = DIRECTION('',(-2.991758887411E-14,-1.,0.));
#6020 = FACE_BOUND('',#6021,.T.);
#6021 = EDGE_LOOP('',(#6022));
#6022 = ORIENTED_EDGE('',*,*,#6023,.T.);
#6023 = EDGE_CURVE('',#6024,#6024,#6026,.T.);
#6024 = VERTEX_POINT('',#6025);
#6025 = CARTESIAN_POINT('',(88.3,-72.975,1.6));
#6026 = CIRCLE('',#6027,0.475);
#6027 = AXIS2_PLACEMENT_3D('',#6028,#6029,#6030);
#6028 = CARTESIAN_POINT('',(88.3,-72.5,1.6));
#6029 = DIRECTION('',(-0.,0.,-1.));
#6030 = DIRECTION('',(-2.991758887411E-14,-1.,0.));
#6031 = FACE_BOUND('',#6032,.T.);
#6032 = EDGE_LOOP('',(#6033));
#6033 = ORIENTED_EDGE('',*,*,#6034,.T.);
#6034 = EDGE_CURVE('',#6035,#6035,#6037,.T.);
#6035 = VERTEX_POINT('',#6036);
#6036 = CARTESIAN_POINT('',(89.52,-78.,1.6));
#6037 = CIRCLE('',#6038,0.4);
#6038 = AXIS2_PLACEMENT_3D('',#6039,#6040,#6041);
#6039 = CARTESIAN_POINT('',(89.52,-77.6,1.6));
#6040 = DIRECTION('',(-0.,0.,-1.));
#6041 = DIRECTION('',(-3.552713678801E-14,-1.,0.));
#6042 = PLANE('',#6043);
#6043 = AXIS2_PLACEMENT_3D('',#6044,#6045,#6046);
#6044 = CARTESIAN_POINT('',(0.,0.,1.6));
#6045 = DIRECTION('',(0.,0.,1.));
#6046 = DIRECTION('',(1.,0.,-0.));
#6047 = ADVANCED_FACE('',(#6048),#6059,.T.);
#6048 = FACE_BOUND('',#6049,.T.);
#6049 = EDGE_LOOP('',(#6050,#6056,#6057,#6058));
#6050 = ORIENTED_EDGE('',*,*,#6051,.T.);
#6051 = EDGE_CURVE('',#5128,#5591,#6052,.T.);
#6052 = LINE('',#6053,#6054);
#6053 = CARTESIAN_POINT('',(80.,-62.,0.));
#6054 = VECTOR('',#6055,1.);
#6055 = DIRECTION('',(0.,0.,1.));
#6056 = ORIENTED_EDGE('',*,*,#5590,.T.);
#6057 = ORIENTED_EDGE('',*,*,#5063,.F.);
#6058 = ORIENTED_EDGE('',*,*,#5127,.F.);
#6059 = PLANE('',#6060);
#6060 = AXIS2_PLACEMENT_3D('',#6061,#6062,#6063);
#6061 = CARTESIAN_POINT('',(80.,-62.,0.));
#6062 = DIRECTION('',(0.,1.,0.));
#6063 = DIRECTION('',(1.,0.,0.));
#6064 = ADVANCED_FACE('',(#6065),#6076,.T.);
#6065 = FACE_BOUND('',#6066,.T.);
#6066 = EDGE_LOOP('',(#6067,#6068,#6069,#6075));
#6067 = ORIENTED_EDGE('',*,*,#5103,.T.);
#6068 = ORIENTED_EDGE('',*,*,#5662,.T.);
#6069 = ORIENTED_EDGE('',*,*,#6070,.F.);
#6070 = EDGE_CURVE('',#5192,#5655,#6071,.T.);
#6071 = LINE('',#6072,#6073);
#6072 = CARTESIAN_POINT('',(91.6,-88.8,0.));
#6073 = VECTOR('',#6074,1.);
#6074 = DIRECTION('',(0.,0.,1.));
#6075 = ORIENTED_EDGE('',*,*,#5199,.F.);
#6076 = PLANE('',#6077);
#6077 = AXIS2_PLACEMENT_3D('',#6078,#6079,#6080);
#6078 = CARTESIAN_POINT('',(98.6,-88.8,0.));
#6079 = DIRECTION('',(0.,-1.,0.));
#6080 = DIRECTION('',(-1.,0.,0.));
#6081 = ADVANCED_FACE('',(#6082),#6093,.T.);
#6082 = FACE_BOUND('',#6083,.T.);
#6083 = EDGE_LOOP('',(#6084,#6090,#6091,#6092));
#6084 = ORIENTED_EDGE('',*,*,#6085,.T.);
#6085 = EDGE_CURVE('',#5136,#5599,#6086,.T.);
#6086 = LINE('',#6087,#6088);
#6087 = CARTESIAN_POINT('',(80.,-63.,0.));
#6088 = VECTOR('',#6089,1.);
#6089 = DIRECTION('',(0.,0.,1.));
#6090 = ORIENTED_EDGE('',*,*,#5598,.T.);
#6091 = ORIENTED_EDGE('',*,*,#6051,.F.);
#6092 = ORIENTED_EDGE('',*,*,#5135,.F.);
#6093 = PLANE('',#6094);
#6094 = AXIS2_PLACEMENT_3D('',#6095,#6096,#6097);
#6095 = CARTESIAN_POINT('',(80.,-63.,0.));
#6096 = DIRECTION('',(-1.,0.,0.));
#6097 = DIRECTION('',(0.,1.,0.));
#6098 = ADVANCED_FACE('',(#6099),#6110,.T.);
#6099 = FACE_BOUND('',#6100,.T.);
#6100 = EDGE_LOOP('',(#6101,#6102,#6103,#6109));
#6101 = ORIENTED_EDGE('',*,*,#6070,.T.);
#6102 = ORIENTED_EDGE('',*,*,#5654,.T.);
#6103 = ORIENTED_EDGE('',*,*,#6104,.F.);
#6104 = EDGE_CURVE('',#5184,#5647,#6105,.T.);
#6105 = LINE('',#6106,#6107);
#6106 = CARTESIAN_POINT('',(91.6,-127.,0.));
#6107 = VECTOR('',#6108,1.);
#6108 = DIRECTION('',(0.,0.,1.));
#6109 = ORIENTED_EDGE('',*,*,#5191,.F.);
#6110 = PLANE('',#6111);
#6111 = AXIS2_PLACEMENT_3D('',#6112,#6113,#6114);
#6112 = CARTESIAN_POINT('',(91.6,-88.8,0.));
#6113 = DIRECTION('',(1.,0.,-0.));
#6114 = DIRECTION('',(0.,-1.,0.));
#6115 = ADVANCED_FACE('',(#6116),#6127,.T.);
#6116 = FACE_BOUND('',#6117,.T.);
#6117 = EDGE_LOOP('',(#6118,#6124,#6125,#6126));
#6118 = ORIENTED_EDGE('',*,*,#6119,.T.);
#6119 = EDGE_CURVE('',#5144,#5607,#6120,.T.);
#6120 = LINE('',#6121,#6122);
#6121 = CARTESIAN_POINT('',(80.,-70.,0.));
#6122 = VECTOR('',#6123,1.);
#6123 = DIRECTION('',(0.,0.,1.));
#6124 = ORIENTED_EDGE('',*,*,#5606,.T.);
#6125 = ORIENTED_EDGE('',*,*,#6085,.F.);
#6126 = ORIENTED_EDGE('',*,*,#5143,.F.);
#6127 = PLANE('',#6128);
#6128 = AXIS2_PLACEMENT_3D('',#6129,#6130,#6131);
#6129 = CARTESIAN_POINT('',(80.,-70.,0.));
#6130 = DIRECTION('',(-1.,0.,0.));
#6131 = DIRECTION('',(0.,1.,0.));
#6132 = ADVANCED_FACE('',(#6133),#6144,.T.);
#6133 = FACE_BOUND('',#6134,.T.);
#6134 = EDGE_LOOP('',(#6135,#6136,#6137,#6143));
#6135 = ORIENTED_EDGE('',*,*,#6104,.T.);
#6136 = ORIENTED_EDGE('',*,*,#5646,.T.);
#6137 = ORIENTED_EDGE('',*,*,#6138,.F.);
#6138 = EDGE_CURVE('',#5176,#5639,#6139,.T.);
#6139 = LINE('',#6140,#6141);
#6140 = CARTESIAN_POINT('',(80.,-127.,0.));
#6141 = VECTOR('',#6142,1.);
#6142 = DIRECTION('',(0.,0.,1.));
#6143 = ORIENTED_EDGE('',*,*,#5183,.F.);
#6144 = PLANE('',#6145);
#6145 = AXIS2_PLACEMENT_3D('',#6146,#6147,#6148);
#6146 = CARTESIAN_POINT('',(91.6,-127.,0.));
#6147 = DIRECTION('',(0.,-1.,0.));
#6148 = DIRECTION('',(-1.,0.,0.));
#6149 = ADVANCED_FACE('',(#6150),#6161,.T.);
#6150 = FACE_BOUND('',#6151,.T.);
#6151 = EDGE_LOOP('',(#6152,#6158,#6159,#6160));
#6152 = ORIENTED_EDGE('',*,*,#6153,.T.);
#6153 = EDGE_CURVE('',#5152,#5615,#6154,.T.);
#6154 = LINE('',#6155,#6156);
#6155 = CARTESIAN_POINT('',(80.,-120.,0.));
#6156 = VECTOR('',#6157,1.);
#6157 = DIRECTION('',(0.,0.,1.));
#6158 = ORIENTED_EDGE('',*,*,#5614,.T.);
#6159 = ORIENTED_EDGE('',*,*,#6119,.F.);
#6160 = ORIENTED_EDGE('',*,*,#5151,.F.);
#6161 = PLANE('',#6162);
#6162 = AXIS2_PLACEMENT_3D('',#6163,#6164,#6165);
#6163 = CARTESIAN_POINT('',(80.,-120.,0.));
#6164 = DIRECTION('',(-1.,0.,0.));
#6165 = DIRECTION('',(0.,1.,0.));
#6166 = ADVANCED_FACE('',(#6167),#6178,.T.);
#6167 = FACE_BOUND('',#6168,.T.);
#6168 = EDGE_LOOP('',(#6169,#6170,#6171,#6177));
#6169 = ORIENTED_EDGE('',*,*,#6138,.T.);
#6170 = ORIENTED_EDGE('',*,*,#5638,.T.);
#6171 = ORIENTED_EDGE('',*,*,#6172,.F.);
#6172 = EDGE_CURVE('',#5168,#5631,#6173,.T.);
#6173 = LINE('',#6174,#6175);
#6174 = CARTESIAN_POINT('',(73.,-127.,0.));
#6175 = VECTOR('',#6176,1.);
#6176 = DIRECTION('',(0.,0.,1.));
#6177 = ORIENTED_EDGE('',*,*,#5175,.F.);
#6178 = PLANE('',#6179);
#6179 = AXIS2_PLACEMENT_3D('',#6180,#6181,#6182);
#6180 = CARTESIAN_POINT('',(80.,-127.,0.));
#6181 = DIRECTION('',(0.,-1.,0.));
#6182 = DIRECTION('',(-1.,0.,0.));
#6183 = ADVANCED_FACE('',(#6184),#6195,.T.);
#6184 = FACE_BOUND('',#6185,.T.);
#6185 = EDGE_LOOP('',(#6186,#6192,#6193,#6194));
#6186 = ORIENTED_EDGE('',*,*,#6187,.T.);
#6187 = EDGE_CURVE('',#5160,#5623,#6188,.T.);
#6188 = LINE('',#6189,#6190);
#6189 = CARTESIAN_POINT('',(73.,-120.,0.));
#6190 = VECTOR('',#6191,1.);
#6191 = DIRECTION('',(0.,0.,1.));
#6192 = ORIENTED_EDGE('',*,*,#5622,.T.);
#6193 = ORIENTED_EDGE('',*,*,#6153,.F.);
#6194 = ORIENTED_EDGE('',*,*,#5159,.F.);
#6195 = PLANE('',#6196);
#6196 = AXIS2_PLACEMENT_3D('',#6197,#6198,#6199);
#6197 = CARTESIAN_POINT('',(73.,-120.,0.));
#6198 = DIRECTION('',(0.,1.,0.));
#6199 = DIRECTION('',(1.,0.,0.));
#6200 = ADVANCED_FACE('',(#6201),#6207,.T.);
#6201 = FACE_BOUND('',#6202,.T.);
#6202 = EDGE_LOOP('',(#6203,#6204,#6205,#6206));
#6203 = ORIENTED_EDGE('',*,*,#6172,.T.);
#6204 = ORIENTED_EDGE('',*,*,#5630,.T.);
#6205 = ORIENTED_EDGE('',*,*,#6187,.F.);
#6206 = ORIENTED_EDGE('',*,*,#5167,.F.);
#6207 = PLANE('',#6208);
#6208 = AXIS2_PLACEMENT_3D('',#6209,#6210,#6211);
#6209 = CARTESIAN_POINT('',(73.,-127.,0.));
#6210 = DIRECTION('',(-1.,0.,0.));
#6211 = DIRECTION('',(0.,1.,0.));
#6212 = ADVANCED_FACE('',(#6213),#6224,.F.);
#6213 = FACE_BOUND('',#6214,.T.);
#6214 = EDGE_LOOP('',(#6215,#6216,#6222,#6223));
#6215 = ORIENTED_EDGE('',*,*,#5208,.T.);
#6216 = ORIENTED_EDGE('',*,*,#6217,.T.);
#6217 = EDGE_CURVE('',#5209,#5672,#6218,.T.);
#6218 = LINE('',#6219,#6220);
#6219 = CARTESIAN_POINT('',(76.4,-125.1,-4.5E-02));
#6220 = VECTOR('',#6221,1.);
#6221 = DIRECTION('',(0.,0.,1.));
#6222 = ORIENTED_EDGE('',*,*,#5671,.F.);
#6223 = ORIENTED_EDGE('',*,*,#6217,.F.);
#6224 = CYLINDRICAL_SURFACE('',#6225,1.6);
#6225 = AXIS2_PLACEMENT_3D('',#6226,#6227,#6228);
#6226 = CARTESIAN_POINT('',(76.4,-123.5,-4.5E-02));
#6227 = DIRECTION('',(-0.,-0.,-1.));
#6228 = DIRECTION('',(-0.,-1.,0.));
#6229 = ADVANCED_FACE('',(#6230),#6241,.F.);
#6230 = FACE_BOUND('',#6231,.T.);
#6231 = EDGE_LOOP('',(#6232,#6233,#6239,#6240));
#6232 = ORIENTED_EDGE('',*,*,#5219,.T.);
#6233 = ORIENTED_EDGE('',*,*,#6234,.T.);
#6234 = EDGE_CURVE('',#5220,#5683,#6235,.T.);
#6235 = LINE('',#6236,#6237);
#6236 = CARTESIAN_POINT('',(83.9,-118.88,-4.5E-02));
#6237 = VECTOR('',#6238,1.);
#6238 = DIRECTION('',(0.,0.,1.));
#6239 = ORIENTED_EDGE('',*,*,#5682,.F.);
#6240 = ORIENTED_EDGE('',*,*,#6234,.F.);
#6241 = CYLINDRICAL_SURFACE('',#6242,0.4);
#6242 = AXIS2_PLACEMENT_3D('',#6243,#6244,#6245);
#6243 = CARTESIAN_POINT('',(83.9,-118.48,-4.5E-02));
#6244 = DIRECTION('',(-0.,-0.,-1.));
#6245 = DIRECTION('',(-0.,-1.,0.));
#6246 = ADVANCED_FACE('',(#6247),#6258,.F.);
#6247 = FACE_BOUND('',#6248,.T.);
#6248 = EDGE_LOOP('',(#6249,#6250,#6256,#6257));
#6249 = ORIENTED_EDGE('',*,*,#5230,.T.);
#6250 = ORIENTED_EDGE('',*,*,#6251,.T.);
#6251 = EDGE_CURVE('',#5231,#5694,#6252,.T.);
#6252 = LINE('',#6253,#6254);
#6253 = CARTESIAN_POINT('',(83.9,-113.8,-4.5E-02));
#6254 = VECTOR('',#6255,1.);
#6255 = DIRECTION('',(0.,0.,1.));
#6256 = ORIENTED_EDGE('',*,*,#5693,.F.);
#6257 = ORIENTED_EDGE('',*,*,#6251,.F.);
#6258 = CYLINDRICAL_SURFACE('',#6259,0.4);
#6259 = AXIS2_PLACEMENT_3D('',#6260,#6261,#6262);
#6260 = CARTESIAN_POINT('',(83.9,-113.4,-4.5E-02));
#6261 = DIRECTION('',(-0.,-0.,-1.));
#6262 = DIRECTION('',(-0.,-1.,0.));
#6263 = ADVANCED_FACE('',(#6264),#6275,.F.);
#6264 = FACE_BOUND('',#6265,.T.);
#6265 = EDGE_LOOP('',(#6266,#6267,#6273,#6274));
#6266 = ORIENTED_EDGE('',*,*,#5241,.T.);
#6267 = ORIENTED_EDGE('',*,*,#6268,.T.);
#6268 = EDGE_CURVE('',#5242,#5705,#6269,.T.);
#6269 = LINE('',#6270,#6271);
#6270 = CARTESIAN_POINT('',(81.46,-107.7,-4.5E-02));
#6271 = VECTOR('',#6272,1.);
#6272 = DIRECTION('',(0.,0.,1.));
#6273 = ORIENTED_EDGE('',*,*,#5704,.F.);
#6274 = ORIENTED_EDGE('',*,*,#6268,.F.);
#6275 = CYLINDRICAL_SURFACE('',#6276,0.5);
#6276 = AXIS2_PLACEMENT_3D('',#6277,#6278,#6279);
#6277 = CARTESIAN_POINT('',(81.46,-107.2,-4.5E-02));
#6278 = DIRECTION('',(-0.,-0.,-1.));
#6279 = DIRECTION('',(-0.,-1.,0.));
#6280 = ADVANCED_FACE('',(#6281),#6292,.F.);
#6281 = FACE_BOUND('',#6282,.T.);
#6282 = EDGE_LOOP('',(#6283,#6284,#6290,#6291));
#6283 = ORIENTED_EDGE('',*,*,#5252,.T.);
#6284 = ORIENTED_EDGE('',*,*,#6285,.T.);
#6285 = EDGE_CURVE('',#5253,#5716,#6286,.T.);
#6286 = LINE('',#6287,#6288);
#6287 = CARTESIAN_POINT('',(84.,-107.7,-4.5E-02));
#6288 = VECTOR('',#6289,1.);
#6289 = DIRECTION('',(0.,0.,1.));
#6290 = ORIENTED_EDGE('',*,*,#5715,.F.);
#6291 = ORIENTED_EDGE('',*,*,#6285,.F.);
#6292 = CYLINDRICAL_SURFACE('',#6293,0.5);
#6293 = AXIS2_PLACEMENT_3D('',#6294,#6295,#6296);
#6294 = CARTESIAN_POINT('',(84.,-107.2,-4.5E-02));
#6295 = DIRECTION('',(-0.,-0.,-1.));
#6296 = DIRECTION('',(-0.,-1.,0.));
#6297 = ADVANCED_FACE('',(#6298),#6309,.F.);
#6298 = FACE_BOUND('',#6299,.T.);
#6299 = EDGE_LOOP('',(#6300,#6301,#6307,#6308));
#6300 = ORIENTED_EDGE('',*,*,#5263,.T.);
#6301 = ORIENTED_EDGE('',*,*,#6302,.T.);
#6302 = EDGE_CURVE('',#5264,#5727,#6303,.T.);
#6303 = LINE('',#6304,#6305);
#6304 = CARTESIAN_POINT('',(81.9,-103.3,-4.5E-02));
#6305 = VECTOR('',#6306,1.);
#6306 = DIRECTION('',(0.,0.,1.));
#6307 = ORIENTED_EDGE('',*,*,#5726,.F.);
#6308 = ORIENTED_EDGE('',*,*,#6302,.F.);
#6309 = CYLINDRICAL_SURFACE('',#6310,0.4);
#6310 = AXIS2_PLACEMENT_3D('',#6311,#6312,#6313);
#6311 = CARTESIAN_POINT('',(81.9,-102.9,-4.5E-02));
#6312 = DIRECTION('',(-0.,-0.,-1.));
#6313 = DIRECTION('',(-0.,-1.,0.));
#6314 = ADVANCED_FACE('',(#6315),#6326,.F.);
#6315 = FACE_BOUND('',#6316,.T.);
#6316 = EDGE_LOOP('',(#6317,#6318,#6324,#6325));
#6317 = ORIENTED_EDGE('',*,*,#5274,.T.);
#6318 = ORIENTED_EDGE('',*,*,#6319,.T.);
#6319 = EDGE_CURVE('',#5275,#5738,#6320,.T.);
#6320 = LINE('',#6321,#6322);
#6321 = CARTESIAN_POINT('',(81.46,-99.1,-4.5E-02));
#6322 = VECTOR('',#6323,1.);
#6323 = DIRECTION('',(0.,0.,1.));
#6324 = ORIENTED_EDGE('',*,*,#5737,.F.);
#6325 = ORIENTED_EDGE('',*,*,#6319,.F.);
#6326 = CYLINDRICAL_SURFACE('',#6327,0.5);
#6327 = AXIS2_PLACEMENT_3D('',#6328,#6329,#6330);
#6328 = CARTESIAN_POINT('',(81.46,-98.6,-4.5E-02));
#6329 = DIRECTION('',(-0.,-0.,-1.));
#6330 = DIRECTION('',(-0.,-1.,0.));
#6331 = ADVANCED_FACE('',(#6332),#6343,.F.);
#6332 = FACE_BOUND('',#6333,.T.);
#6333 = EDGE_LOOP('',(#6334,#6335,#6341,#6342));
#6334 = ORIENTED_EDGE('',*,*,#5285,.T.);
#6335 = ORIENTED_EDGE('',*,*,#6336,.T.);
#6336 = EDGE_CURVE('',#5286,#5749,#6337,.T.);
#6337 = LINE('',#6338,#6339);
#6338 = CARTESIAN_POINT('',(84.,-99.1,-4.5E-02));
#6339 = VECTOR('',#6340,1.);
#6340 = DIRECTION('',(0.,0.,1.));
#6341 = ORIENTED_EDGE('',*,*,#5748,.F.);
#6342 = ORIENTED_EDGE('',*,*,#6336,.F.);
#6343 = CYLINDRICAL_SURFACE('',#6344,0.5);
#6344 = AXIS2_PLACEMENT_3D('',#6345,#6346,#6347);
#6345 = CARTESIAN_POINT('',(84.,-98.6,-4.5E-02));
#6346 = DIRECTION('',(-0.,-0.,-1.));
#6347 = DIRECTION('',(-0.,-1.,0.));
#6348 = ADVANCED_FACE('',(#6349),#6360,.F.);
#6349 = FACE_BOUND('',#6350,.T.);
#6350 = EDGE_LOOP('',(#6351,#6352,#6358,#6359));
#6351 = ORIENTED_EDGE('',*,*,#5296,.T.);
#6352 = ORIENTED_EDGE('',*,*,#6353,.T.);
#6353 = EDGE_CURVE('',#5297,#5760,#6354,.T.);
#6354 = LINE('',#6355,#6356);
#6355 = CARTESIAN_POINT('',(89.4,-119.1,-4.5E-02));
#6356 = VECTOR('',#6357,1.);
#6357 = DIRECTION('',(0.,0.,1.));
#6358 = ORIENTED_EDGE('',*,*,#5759,.F.);
#6359 = ORIENTED_EDGE('',*,*,#6353,.F.);
#6360 = CYLINDRICAL_SURFACE('',#6361,0.4);
#6361 = AXIS2_PLACEMENT_3D('',#6362,#6363,#6364);
#6362 = CARTESIAN_POINT('',(89.4,-118.7,-4.5E-02));
#6363 = DIRECTION('',(-0.,-0.,-1.));
#6364 = DIRECTION('',(-0.,-1.,0.));
#6365 = ADVANCED_FACE('',(#6366),#6377,.F.);
#6366 = FACE_BOUND('',#6367,.T.);
#6367 = EDGE_LOOP('',(#6368,#6369,#6375,#6376));
#6368 = ORIENTED_EDGE('',*,*,#5307,.T.);
#6369 = ORIENTED_EDGE('',*,*,#6370,.T.);
#6370 = EDGE_CURVE('',#5308,#5771,#6371,.T.);
#6371 = LINE('',#6372,#6373);
#6372 = CARTESIAN_POINT('',(86.44,-116.34,-4.5E-02));
#6373 = VECTOR('',#6374,1.);
#6374 = DIRECTION('',(0.,0.,1.));
#6375 = ORIENTED_EDGE('',*,*,#5770,.F.);
#6376 = ORIENTED_EDGE('',*,*,#6370,.F.);
#6377 = CYLINDRICAL_SURFACE('',#6378,0.4);
#6378 = AXIS2_PLACEMENT_3D('',#6379,#6380,#6381);
#6379 = CARTESIAN_POINT('',(86.44,-115.94,-4.5E-02));
#6380 = DIRECTION('',(-0.,-0.,-1.));
#6381 = DIRECTION('',(-0.,-1.,0.));
#6382 = ADVANCED_FACE('',(#6383),#6394,.F.);
#6383 = FACE_BOUND('',#6384,.T.);
#6384 = EDGE_LOOP('',(#6385,#6386,#6392,#6393));
#6385 = ORIENTED_EDGE('',*,*,#5318,.T.);
#6386 = ORIENTED_EDGE('',*,*,#6387,.T.);
#6387 = EDGE_CURVE('',#5319,#5782,#6388,.T.);
#6388 = LINE('',#6389,#6390);
#6389 = CARTESIAN_POINT('',(87.56,-107.7,-4.5E-02));
#6390 = VECTOR('',#6391,1.);
#6391 = DIRECTION('',(0.,0.,1.));
#6392 = ORIENTED_EDGE('',*,*,#5781,.F.);
#6393 = ORIENTED_EDGE('',*,*,#6387,.F.);
#6394 = CYLINDRICAL_SURFACE('',#6395,0.5);
#6395 = AXIS2_PLACEMENT_3D('',#6396,#6397,#6398);
#6396 = CARTESIAN_POINT('',(87.56,-107.2,-4.5E-02));
#6397 = DIRECTION('',(-0.,-0.,-1.));
#6398 = DIRECTION('',(-0.,-1.,0.));
#6399 = ADVANCED_FACE('',(#6400),#6411,.F.);
#6400 = FACE_BOUND('',#6401,.T.);
#6401 = EDGE_LOOP('',(#6402,#6403,#6409,#6410));
#6402 = ORIENTED_EDGE('',*,*,#5329,.T.);
#6403 = ORIENTED_EDGE('',*,*,#6404,.T.);
#6404 = EDGE_CURVE('',#5330,#5793,#6405,.T.);
#6405 = LINE('',#6406,#6407);
#6406 = CARTESIAN_POINT('',(89.4,-111.48,-4.5E-02));
#6407 = VECTOR('',#6408,1.);
#6408 = DIRECTION('',(0.,0.,1.));
#6409 = ORIENTED_EDGE('',*,*,#5792,.F.);
#6410 = ORIENTED_EDGE('',*,*,#6404,.F.);
#6411 = CYLINDRICAL_SURFACE('',#6412,0.4);
#6412 = AXIS2_PLACEMENT_3D('',#6413,#6414,#6415);
#6413 = CARTESIAN_POINT('',(89.4,-111.08,-4.5E-02));
#6414 = DIRECTION('',(-0.,-0.,-1.));
#6415 = DIRECTION('',(-0.,-1.,0.));
#6416 = ADVANCED_FACE('',(#6417),#6428,.F.);
#6417 = FACE_BOUND('',#6418,.T.);
#6418 = EDGE_LOOP('',(#6419,#6420,#6426,#6427));
#6419 = ORIENTED_EDGE('',*,*,#5340,.T.);
#6420 = ORIENTED_EDGE('',*,*,#6421,.T.);
#6421 = EDGE_CURVE('',#5341,#5804,#6422,.T.);
#6422 = LINE('',#6423,#6424);
#6423 = CARTESIAN_POINT('',(90.1,-107.7,-4.5E-02));
#6424 = VECTOR('',#6425,1.);
#6425 = DIRECTION('',(0.,0.,1.));
#6426 = ORIENTED_EDGE('',*,*,#5803,.F.);
#6427 = ORIENTED_EDGE('',*,*,#6421,.F.);
#6428 = CYLINDRICAL_SURFACE('',#6429,0.5);
#6429 = AXIS2_PLACEMENT_3D('',#6430,#6431,#6432);
#6430 = CARTESIAN_POINT('',(90.1,-107.2,-4.5E-02));
#6431 = DIRECTION('',(-0.,-0.,-1.));
#6432 = DIRECTION('',(-0.,-1.,0.));
#6433 = ADVANCED_FACE('',(#6434),#6445,.F.);
#6434 = FACE_BOUND('',#6435,.T.);
#6435 = EDGE_LOOP('',(#6436,#6437,#6443,#6444));
#6436 = ORIENTED_EDGE('',*,*,#5351,.T.);
#6437 = ORIENTED_EDGE('',*,*,#6438,.T.);
#6438 = EDGE_CURVE('',#5352,#5815,#6439,.T.);
#6439 = LINE('',#6440,#6441);
#6440 = CARTESIAN_POINT('',(87.56,-99.1,-4.5E-02));
#6441 = VECTOR('',#6442,1.);
#6442 = DIRECTION('',(0.,0.,1.));
#6443 = ORIENTED_EDGE('',*,*,#5814,.F.);
#6444 = ORIENTED_EDGE('',*,*,#6438,.F.);
#6445 = CYLINDRICAL_SURFACE('',#6446,0.5);
#6446 = AXIS2_PLACEMENT_3D('',#6447,#6448,#6449);
#6447 = CARTESIAN_POINT('',(87.56,-98.6,-4.5E-02));
#6448 = DIRECTION('',(-0.,-0.,-1.));
#6449 = DIRECTION('',(-0.,-1.,0.));
#6450 = ADVANCED_FACE('',(#6451),#6462,.F.);
#6451 = FACE_BOUND('',#6452,.T.);
#6452 = EDGE_LOOP('',(#6453,#6454,#6460,#6461));
#6453 = ORIENTED_EDGE('',*,*,#5362,.T.);
#6454 = ORIENTED_EDGE('',*,*,#6455,.T.);
#6455 = EDGE_CURVE('',#5363,#5826,#6456,.T.);
#6456 = LINE('',#6457,#6458);
#6457 = CARTESIAN_POINT('',(89.52,-103.3,-4.5E-02));
#6458 = VECTOR('',#6459,1.);
#6459 = DIRECTION('',(0.,0.,1.));
#6460 = ORIENTED_EDGE('',*,*,#5825,.F.);
#6461 = ORIENTED_EDGE('',*,*,#6455,.F.);
#6462 = CYLINDRICAL_SURFACE('',#6463,0.4);
#6463 = AXIS2_PLACEMENT_3D('',#6464,#6465,#6466);
#6464 = CARTESIAN_POINT('',(89.52,-102.9,-4.5E-02));
#6465 = DIRECTION('',(-0.,-0.,-1.));
#6466 = DIRECTION('',(-3.552713678801E-14,-1.,0.));
#6467 = ADVANCED_FACE('',(#6468),#6479,.F.);
#6468 = FACE_BOUND('',#6469,.T.);
#6469 = EDGE_LOOP('',(#6470,#6471,#6477,#6478));
#6470 = ORIENTED_EDGE('',*,*,#5373,.T.);
#6471 = ORIENTED_EDGE('',*,*,#6472,.T.);
#6472 = EDGE_CURVE('',#5374,#5837,#6473,.T.);
#6473 = LINE('',#6474,#6475);
#6474 = CARTESIAN_POINT('',(90.1,-99.1,-4.5E-02));
#6475 = VECTOR('',#6476,1.);
#6476 = DIRECTION('',(0.,0.,1.));
#6477 = ORIENTED_EDGE('',*,*,#5836,.F.);
#6478 = ORIENTED_EDGE('',*,*,#6472,.F.);
#6479 = CYLINDRICAL_SURFACE('',#6480,0.5);
#6480 = AXIS2_PLACEMENT_3D('',#6481,#6482,#6483);
#6481 = CARTESIAN_POINT('',(90.1,-98.6,-4.5E-02));
#6482 = DIRECTION('',(-0.,-0.,-1.));
#6483 = DIRECTION('',(-0.,-1.,0.));
#6484 = ADVANCED_FACE('',(#6485),#6496,.F.);
#6485 = FACE_BOUND('',#6486,.T.);
#6486 = EDGE_LOOP('',(#6487,#6488,#6494,#6495));
#6487 = ORIENTED_EDGE('',*,*,#5384,.T.);
#6488 = ORIENTED_EDGE('',*,*,#6489,.T.);
#6489 = EDGE_CURVE('',#5385,#5848,#6490,.T.);
#6490 = LINE('',#6491,#6492);
#6491 = CARTESIAN_POINT('',(81.9,-94.7,-4.5E-02));
#6492 = VECTOR('',#6493,1.);
#6493 = DIRECTION('',(0.,0.,1.));
#6494 = ORIENTED_EDGE('',*,*,#5847,.F.);
#6495 = ORIENTED_EDGE('',*,*,#6489,.F.);
#6496 = CYLINDRICAL_SURFACE('',#6497,0.4);
#6497 = AXIS2_PLACEMENT_3D('',#6498,#6499,#6500);
#6498 = CARTESIAN_POINT('',(81.9,-94.3,-4.5E-02));
#6499 = DIRECTION('',(-0.,-0.,-1.));
#6500 = DIRECTION('',(-0.,-1.,0.));
#6501 = ADVANCED_FACE('',(#6502),#6513,.F.);
#6502 = FACE_BOUND('',#6503,.T.);
#6503 = EDGE_LOOP('',(#6504,#6505,#6511,#6512));
#6504 = ORIENTED_EDGE('',*,*,#5395,.T.);
#6505 = ORIENTED_EDGE('',*,*,#6506,.T.);
#6506 = EDGE_CURVE('',#5396,#5859,#6507,.T.);
#6507 = LINE('',#6508,#6509);
#6508 = CARTESIAN_POINT('',(81.46,-90.5,-4.5E-02));
#6509 = VECTOR('',#6510,1.);
#6510 = DIRECTION('',(0.,0.,1.));
#6511 = ORIENTED_EDGE('',*,*,#5858,.F.);
#6512 = ORIENTED_EDGE('',*,*,#6506,.F.);
#6513 = CYLINDRICAL_SURFACE('',#6514,0.5);
#6514 = AXIS2_PLACEMENT_3D('',#6515,#6516,#6517);
#6515 = CARTESIAN_POINT('',(81.46,-90.,-4.5E-02));
#6516 = DIRECTION('',(-0.,-0.,-1.));
#6517 = DIRECTION('',(-0.,-1.,0.));
#6518 = ADVANCED_FACE('',(#6519),#6530,.F.);
#6519 = FACE_BOUND('',#6520,.T.);
#6520 = EDGE_LOOP('',(#6521,#6522,#6528,#6529));
#6521 = ORIENTED_EDGE('',*,*,#5406,.T.);
#6522 = ORIENTED_EDGE('',*,*,#6523,.T.);
#6523 = EDGE_CURVE('',#5407,#5870,#6524,.T.);
#6524 = LINE('',#6525,#6526);
#6525 = CARTESIAN_POINT('',(81.9,-86.1,-4.5E-02));
#6526 = VECTOR('',#6527,1.);
#6527 = DIRECTION('',(0.,0.,1.));
#6528 = ORIENTED_EDGE('',*,*,#5869,.F.);
#6529 = ORIENTED_EDGE('',*,*,#6523,.F.);
#6530 = CYLINDRICAL_SURFACE('',#6531,0.4);
#6531 = AXIS2_PLACEMENT_3D('',#6532,#6533,#6534);
#6532 = CARTESIAN_POINT('',(81.9,-85.7,-4.5E-02));
#6533 = DIRECTION('',(-0.,-0.,-1.));
#6534 = DIRECTION('',(-0.,-1.,0.));
#6535 = ADVANCED_FACE('',(#6536),#6547,.F.);
#6536 = FACE_BOUND('',#6537,.T.);
#6537 = EDGE_LOOP('',(#6538,#6539,#6545,#6546));
#6538 = ORIENTED_EDGE('',*,*,#5417,.T.);
#6539 = ORIENTED_EDGE('',*,*,#6540,.T.);
#6540 = EDGE_CURVE('',#5418,#5881,#6541,.T.);
#6541 = LINE('',#6542,#6543);
#6542 = CARTESIAN_POINT('',(84.,-90.5,-4.5E-02));
#6543 = VECTOR('',#6544,1.);
#6544 = DIRECTION('',(0.,0.,1.));
#6545 = ORIENTED_EDGE('',*,*,#5880,.F.);
#6546 = ORIENTED_EDGE('',*,*,#6540,.F.);
#6547 = CYLINDRICAL_SURFACE('',#6548,0.5);
#6548 = AXIS2_PLACEMENT_3D('',#6549,#6550,#6551);
#6549 = CARTESIAN_POINT('',(84.,-90.,-4.5E-02));
#6550 = DIRECTION('',(-0.,-0.,-1.));
#6551 = DIRECTION('',(-0.,-1.,0.));
#6552 = ADVANCED_FACE('',(#6553),#6564,.F.);
#6553 = FACE_BOUND('',#6554,.T.);
#6554 = EDGE_LOOP('',(#6555,#6556,#6562,#6563));
#6555 = ORIENTED_EDGE('',*,*,#5428,.T.);
#6556 = ORIENTED_EDGE('',*,*,#6557,.T.);
#6557 = EDGE_CURVE('',#5429,#5892,#6558,.T.);
#6558 = LINE('',#6559,#6560);
#6559 = CARTESIAN_POINT('',(81.46,-81.9,-4.5E-02));
#6560 = VECTOR('',#6561,1.);
#6561 = DIRECTION('',(0.,0.,1.));
#6562 = ORIENTED_EDGE('',*,*,#5891,.F.);
#6563 = ORIENTED_EDGE('',*,*,#6557,.F.);
#6564 = CYLINDRICAL_SURFACE('',#6565,0.5);
#6565 = AXIS2_PLACEMENT_3D('',#6566,#6567,#6568);
#6566 = CARTESIAN_POINT('',(81.46,-81.4,-4.5E-02));
#6567 = DIRECTION('',(-0.,-0.,-1.));
#6568 = DIRECTION('',(-0.,-1.,0.));
#6569 = ADVANCED_FACE('',(#6570),#6581,.F.);
#6570 = FACE_BOUND('',#6571,.T.);
#6571 = EDGE_LOOP('',(#6572,#6573,#6579,#6580));
#6572 = ORIENTED_EDGE('',*,*,#5439,.T.);
#6573 = ORIENTED_EDGE('',*,*,#6574,.T.);
#6574 = EDGE_CURVE('',#5440,#5903,#6575,.T.);
#6575 = LINE('',#6576,#6577);
#6576 = CARTESIAN_POINT('',(84.,-81.9,-4.5E-02));
#6577 = VECTOR('',#6578,1.);
#6578 = DIRECTION('',(0.,0.,1.));
#6579 = ORIENTED_EDGE('',*,*,#5902,.F.);
#6580 = ORIENTED_EDGE('',*,*,#6574,.F.);
#6581 = CYLINDRICAL_SURFACE('',#6582,0.5);
#6582 = AXIS2_PLACEMENT_3D('',#6583,#6584,#6585);
#6583 = CARTESIAN_POINT('',(84.,-81.4,-4.5E-02));
#6584 = DIRECTION('',(-0.,-0.,-1.));
#6585 = DIRECTION('',(-0.,-1.,0.));
#6586 = ADVANCED_FACE('',(#6587),#6598,.F.);
#6587 = FACE_BOUND('',#6588,.T.);
#6588 = EDGE_LOOP('',(#6589,#6590,#6596,#6597));
#6589 = ORIENTED_EDGE('',*,*,#5450,.T.);
#6590 = ORIENTED_EDGE('',*,*,#6591,.T.);
#6591 = EDGE_CURVE('',#5451,#5914,#6592,.T.);
#6592 = LINE('',#6593,#6594);
#6593 = CARTESIAN_POINT('',(81.9,-78.,-4.5E-02));
#6594 = VECTOR('',#6595,1.);
#6595 = DIRECTION('',(0.,0.,1.));
#6596 = ORIENTED_EDGE('',*,*,#5913,.F.);
#6597 = ORIENTED_EDGE('',*,*,#6591,.F.);
#6598 = CYLINDRICAL_SURFACE('',#6599,0.4);
#6599 = AXIS2_PLACEMENT_3D('',#6600,#6601,#6602);
#6600 = CARTESIAN_POINT('',(81.9,-77.6,-4.5E-02));
#6601 = DIRECTION('',(-0.,-0.,-1.));
#6602 = DIRECTION('',(-0.,-1.,0.));
#6603 = ADVANCED_FACE('',(#6604),#6615,.F.);
#6604 = FACE_BOUND('',#6605,.T.);
#6605 = EDGE_LOOP('',(#6606,#6607,#6613,#6614));
#6606 = ORIENTED_EDGE('',*,*,#5461,.T.);
#6607 = ORIENTED_EDGE('',*,*,#6608,.T.);
#6608 = EDGE_CURVE('',#5462,#5925,#6609,.T.);
#6609 = LINE('',#6610,#6611);
#6610 = CARTESIAN_POINT('',(83.3,-72.975,-4.5E-02));
#6611 = VECTOR('',#6612,1.);
#6612 = DIRECTION('',(0.,0.,1.));
#6613 = ORIENTED_EDGE('',*,*,#5924,.F.);
#6614 = ORIENTED_EDGE('',*,*,#6608,.F.);
#6615 = CYLINDRICAL_SURFACE('',#6616,0.475);
#6616 = AXIS2_PLACEMENT_3D('',#6617,#6618,#6619);
#6617 = CARTESIAN_POINT('',(83.3,-72.5,-4.5E-02));
#6618 = DIRECTION('',(-0.,-0.,-1.));
#6619 = DIRECTION('',(-2.991758887411E-14,-1.,0.));
#6620 = ADVANCED_FACE('',(#6621),#6632,.F.);
#6621 = FACE_BOUND('',#6622,.T.);
#6622 = EDGE_LOOP('',(#6623,#6624,#6630,#6631));
#6623 = ORIENTED_EDGE('',*,*,#5472,.T.);
#6624 = ORIENTED_EDGE('',*,*,#6625,.T.);
#6625 = EDGE_CURVE('',#5473,#5936,#6626,.T.);
#6626 = LINE('',#6627,#6628);
#6627 = CARTESIAN_POINT('',(89.52,-94.7,-4.5E-02));
#6628 = VECTOR('',#6629,1.);
#6629 = DIRECTION('',(0.,0.,1.));
#6630 = ORIENTED_EDGE('',*,*,#5935,.F.);
#6631 = ORIENTED_EDGE('',*,*,#6625,.F.);
#6632 = CYLINDRICAL_SURFACE('',#6633,0.4);
#6633 = AXIS2_PLACEMENT_3D('',#6634,#6635,#6636);
#6634 = CARTESIAN_POINT('',(89.52,-94.3,-4.5E-02));
#6635 = DIRECTION('',(-0.,-0.,-1.));
#6636 = DIRECTION('',(-3.552713678801E-14,-1.,0.));
#6637 = ADVANCED_FACE('',(#6638),#6649,.F.);
#6638 = FACE_BOUND('',#6639,.T.);
#6639 = EDGE_LOOP('',(#6640,#6641,#6647,#6648));
#6640 = ORIENTED_EDGE('',*,*,#5483,.T.);
#6641 = ORIENTED_EDGE('',*,*,#6642,.T.);
#6642 = EDGE_CURVE('',#5484,#5947,#6643,.T.);
#6643 = LINE('',#6644,#6645);
#6644 = CARTESIAN_POINT('',(87.56,-90.5,-4.5E-02));
#6645 = VECTOR('',#6646,1.);
#6646 = DIRECTION('',(0.,0.,1.));
#6647 = ORIENTED_EDGE('',*,*,#5946,.F.);
#6648 = ORIENTED_EDGE('',*,*,#6642,.F.);
#6649 = CYLINDRICAL_SURFACE('',#6650,0.5);
#6650 = AXIS2_PLACEMENT_3D('',#6651,#6652,#6653);
#6651 = CARTESIAN_POINT('',(87.56,-90.,-4.5E-02));
#6652 = DIRECTION('',(-0.,-0.,-1.));
#6653 = DIRECTION('',(-0.,-1.,0.));
#6654 = ADVANCED_FACE('',(#6655),#6666,.F.);
#6655 = FACE_BOUND('',#6656,.T.);
#6656 = EDGE_LOOP('',(#6657,#6658,#6664,#6665));
#6657 = ORIENTED_EDGE('',*,*,#5494,.T.);
#6658 = ORIENTED_EDGE('',*,*,#6659,.T.);
#6659 = EDGE_CURVE('',#5495,#5958,#6660,.T.);
#6660 = LINE('',#6661,#6662);
#6661 = CARTESIAN_POINT('',(90.1,-90.5,-4.5E-02));
#6662 = VECTOR('',#6663,1.);
#6663 = DIRECTION('',(0.,0.,1.));
#6664 = ORIENTED_EDGE('',*,*,#5957,.F.);
#6665 = ORIENTED_EDGE('',*,*,#6659,.F.);
#6666 = CYLINDRICAL_SURFACE('',#6667,0.5);
#6667 = AXIS2_PLACEMENT_3D('',#6668,#6669,#6670);
#6668 = CARTESIAN_POINT('',(90.1,-90.,-4.5E-02));
#6669 = DIRECTION('',(-0.,-0.,-1.));
#6670 = DIRECTION('',(-0.,-1.,0.));
#6671 = ADVANCED_FACE('',(#6672),#6683,.F.);
#6672 = FACE_BOUND('',#6673,.T.);
#6673 = EDGE_LOOP('',(#6674,#6675,#6681,#6682));
#6674 = ORIENTED_EDGE('',*,*,#5505,.T.);
#6675 = ORIENTED_EDGE('',*,*,#6676,.T.);
#6676 = EDGE_CURVE('',#5506,#5969,#6677,.T.);
#6677 = LINE('',#6678,#6679);
#6678 = CARTESIAN_POINT('',(89.52,-86.1,-4.5E-02));
#6679 = VECTOR('',#6680,1.);
#6680 = DIRECTION('',(0.,0.,1.));
#6681 = ORIENTED_EDGE('',*,*,#5968,.F.);
#6682 = ORIENTED_EDGE('',*,*,#6676,.F.);
#6683 = CYLINDRICAL_SURFACE('',#6684,0.4);
#6684 = AXIS2_PLACEMENT_3D('',#6685,#6686,#6687);
#6685 = CARTESIAN_POINT('',(89.52,-85.7,-4.5E-02));
#6686 = DIRECTION('',(-0.,-0.,-1.));
#6687 = DIRECTION('',(-3.552713678801E-14,-1.,0.));
#6688 = ADVANCED_FACE('',(#6689),#6700,.F.);
#6689 = FACE_BOUND('',#6690,.T.);
#6690 = EDGE_LOOP('',(#6691,#6692,#6698,#6699));
#6691 = ORIENTED_EDGE('',*,*,#5516,.T.);
#6692 = ORIENTED_EDGE('',*,*,#6693,.T.);
#6693 = EDGE_CURVE('',#5517,#5980,#6694,.T.);
#6694 = LINE('',#6695,#6696);
#6695 = CARTESIAN_POINT('',(95.2,-86.9,-4.5E-02));
#6696 = VECTOR('',#6697,1.);
#6697 = DIRECTION('',(0.,0.,1.));
#6698 = ORIENTED_EDGE('',*,*,#5979,.F.);
#6699 = ORIENTED_EDGE('',*,*,#6693,.F.);
#6700 = CYLINDRICAL_SURFACE('',#6701,1.6);
#6701 = AXIS2_PLACEMENT_3D('',#6702,#6703,#6704);
#6702 = CARTESIAN_POINT('',(95.2,-85.3,-4.5E-02));
#6703 = DIRECTION('',(-0.,0.,-1.));
#6704 = DIRECTION('',(8.881784197001E-15,-1.,-0.));
#6705 = ADVANCED_FACE('',(#6706),#6717,.F.);
#6706 = FACE_BOUND('',#6707,.T.);
#6707 = EDGE_LOOP('',(#6708,#6709,#6715,#6716));
#6708 = ORIENTED_EDGE('',*,*,#5527,.T.);
#6709 = ORIENTED_EDGE('',*,*,#6710,.T.);
#6710 = EDGE_CURVE('',#5528,#5991,#6711,.T.);
#6711 = LINE('',#6712,#6713);
#6712 = CARTESIAN_POINT('',(87.56,-81.9,-4.5E-02));
#6713 = VECTOR('',#6714,1.);
#6714 = DIRECTION('',(0.,0.,1.));
#6715 = ORIENTED_EDGE('',*,*,#5990,.F.);
#6716 = ORIENTED_EDGE('',*,*,#6710,.F.);
#6717 = CYLINDRICAL_SURFACE('',#6718,0.5);
#6718 = AXIS2_PLACEMENT_3D('',#6719,#6720,#6721);
#6719 = CARTESIAN_POINT('',(87.56,-81.4,-4.5E-02));
#6720 = DIRECTION('',(-0.,-0.,-1.));
#6721 = DIRECTION('',(-0.,-1.,0.));
#6722 = ADVANCED_FACE('',(#6723),#6734,.F.);
#6723 = FACE_BOUND('',#6724,.T.);
#6724 = EDGE_LOOP('',(#6725,#6726,#6732,#6733));
#6725 = ORIENTED_EDGE('',*,*,#5538,.T.);
#6726 = ORIENTED_EDGE('',*,*,#6727,.T.);
#6727 = EDGE_CURVE('',#5539,#6002,#6728,.T.);
#6728 = LINE('',#6729,#6730);
#6729 = CARTESIAN_POINT('',(90.1,-81.9,-4.5E-02));
#6730 = VECTOR('',#6731,1.);
#6731 = DIRECTION('',(0.,0.,1.));
#6732 = ORIENTED_EDGE('',*,*,#6001,.F.);
#6733 = ORIENTED_EDGE('',*,*,#6727,.F.);
#6734 = CYLINDRICAL_SURFACE('',#6735,0.5);
#6735 = AXIS2_PLACEMENT_3D('',#6736,#6737,#6738);
#6736 = CARTESIAN_POINT('',(90.1,-81.4,-4.5E-02));
#6737 = DIRECTION('',(-0.,-0.,-1.));
#6738 = DIRECTION('',(-0.,-1.,0.));
#6739 = ADVANCED_FACE('',(#6740),#6751,.F.);
#6740 = FACE_BOUND('',#6741,.T.);
#6741 = EDGE_LOOP('',(#6742,#6743,#6749,#6750));
#6742 = ORIENTED_EDGE('',*,*,#5549,.T.);
#6743 = ORIENTED_EDGE('',*,*,#6744,.T.);
#6744 = EDGE_CURVE('',#5550,#6013,#6745,.T.);
#6745 = LINE('',#6746,#6747);
#6746 = CARTESIAN_POINT('',(85.8,-72.975,-4.5E-02));
#6747 = VECTOR('',#6748,1.);
#6748 = DIRECTION('',(0.,0.,1.));
#6749 = ORIENTED_EDGE('',*,*,#6012,.F.);
#6750 = ORIENTED_EDGE('',*,*,#6744,.F.);
#6751 = CYLINDRICAL_SURFACE('',#6752,0.475);
#6752 = AXIS2_PLACEMENT_3D('',#6753,#6754,#6755);
#6753 = CARTESIAN_POINT('',(85.8,-72.5,-4.5E-02));
#6754 = DIRECTION('',(-0.,-0.,-1.));
#6755 = DIRECTION('',(-2.991758887411E-14,-1.,0.));
#6756 = ADVANCED_FACE('',(#6757),#6768,.F.);
#6757 = FACE_BOUND('',#6758,.T.);
#6758 = EDGE_LOOP('',(#6759,#6760,#6766,#6767));
#6759 = ORIENTED_EDGE('',*,*,#5560,.T.);
#6760 = ORIENTED_EDGE('',*,*,#6761,.T.);
#6761 = EDGE_CURVE('',#5561,#6024,#6762,.T.);
#6762 = LINE('',#6763,#6764);
#6763 = CARTESIAN_POINT('',(88.3,-72.975,-4.5E-02));
#6764 = VECTOR('',#6765,1.);
#6765 = DIRECTION('',(0.,0.,1.));
#6766 = ORIENTED_EDGE('',*,*,#6023,.F.);
#6767 = ORIENTED_EDGE('',*,*,#6761,.F.);
#6768 = CYLINDRICAL_SURFACE('',#6769,0.475);
#6769 = AXIS2_PLACEMENT_3D('',#6770,#6771,#6772);
#6770 = CARTESIAN_POINT('',(88.3,-72.5,-4.5E-02));
#6771 = DIRECTION('',(-0.,-0.,-1.));
#6772 = DIRECTION('',(-2.991758887411E-14,-1.,0.));
#6773 = ADVANCED_FACE('',(#6774),#6785,.F.);
#6774 = FACE_BOUND('',#6775,.T.);
#6775 = EDGE_LOOP('',(#6776,#6777,#6783,#6784));
#6776 = ORIENTED_EDGE('',*,*,#5571,.T.);
#6777 = ORIENTED_EDGE('',*,*,#6778,.T.);
#6778 = EDGE_CURVE('',#5572,#6035,#6779,.T.);
#6779 = LINE('',#6780,#6781);
#6780 = CARTESIAN_POINT('',(89.52,-78.,-4.5E-02));
#6781 = VECTOR('',#6782,1.);
#6782 = DIRECTION('',(0.,0.,1.));
#6783 = ORIENTED_EDGE('',*,*,#6034,.F.);
#6784 = ORIENTED_EDGE('',*,*,#6778,.F.);
#6785 = CYLINDRICAL_SURFACE('',#6786,0.4);
#6786 = AXIS2_PLACEMENT_3D('',#6787,#6788,#6789);
#6787 = CARTESIAN_POINT('',(89.52,-77.6,-4.5E-02));
#6788 = DIRECTION('',(-0.,-0.,-1.));
#6789 = DIRECTION('',(-3.552713678801E-14,-1.,0.));
#6790 = ( GEOMETRIC_REPRESENTATION_CONTEXT(3) 
GLOBAL_UNCERTAINTY_ASSIGNED_CONTEXT((#6794)) 
GLOBAL_UNIT_ASSIGNED_CONTEXT((#6791,#6792,#6793)) REPRESENTATION_CONTEXT
('Context #1','3D Context with UNIT and UNCERTAINTY') );
#6791 = ( LENGTH_UNIT() NAMED_UNIT(*) SI_UNIT(.MILLI.,.METRE.) );
#6792 = ( NAMED_UNIT(*) PLANE_ANGLE_UNIT() SI_UNIT($,.RADIAN.) );
#6793 = ( NAMED_UNIT(*) SI_UNIT($,.STERADIAN.) SOLID_ANGLE_UNIT() );
#6794 = UNCERTAINTY_MEASURE_WITH_UNIT(LENGTH_MEASURE(1.E-07),#6791,
  'distance_accuracy_value','confusion accuracy');
#6795 = CONTEXT_DEPENDENT_SHAPE_REPRESENTATION(#6796,#6798);
#6796 = ( REPRESENTATION_RELATIONSHIP('','',#5016,#10) 
REPRESENTATION_RELATIONSHIP_WITH_TRANSFORMATION(#6797) 
SHAPE_REPRESENTATION_RELATIONSHIP() );
#6797 = ITEM_DEFINED_TRANSFORMATION('','',#11,#39);
#6798 = PRODUCT_DEFINITION_SHAPE('Placement','Placement of an item',
  #6799);
#6799 = NEXT_ASSEMBLY_USAGE_OCCURRENCE('9','=>[0:1:1:6]','',#5,#5011,$);
#6800 = PRODUCT_RELATED_PRODUCT_CATEGORY('part',$,(#5013));
#6801 = MECHANICAL_DESIGN_GEOMETRIC_PRESENTATION_REPRESENTATION('',(
    #6802,#6810,#6817,#6824,#6831,#6838,#6845,#6852,#6859,#6866,#6873,
    #6880,#6887,#6894,#6901,#6908,#6915,#6922,#6929,#6936,#6943,#6950,
    #6957,#6964,#6971,#6978,#6985,#6992,#6999,#7006,#7013,#7020,#7027,
    #7034,#7041,#7048,#7055,#7062,#7069,#7076,#7083,#7090,#7097,#7104,
    #7111,#7118,#7125,#7132,#7139,#7146,#7153,#7160,#7167,#7174,#7181,
    #7188,#7195,#7202,#7210,#7217,#7224,#7231,#7238,#7245,#7252,#7259,
    #7266,#7273,#7280,#7287,#7294,#7301,#7308,#7315,#7322,#7329,#7336,
    #7343,#7350,#7357,#7364,#7371,#7378,#7385,#7392,#7399,#7406,#7413,
    #7420,#7427,#7434,#7441,#7448,#7455,#7462,#7469,#7476,#7483,#7490,
    #7497,#7504,#7511,#7518,#7525,#7532,#7539,#7546,#7553,#7560,#7567,
    #7574,#7581,#7588,#7595,#7602,#7609,#7616,#7623,#7630,#7637,#7644,
    #7651,#7658,#7665,#7672,#7679,#7686,#7693,#7700,#7707,#7714,#7721,
    #7728,#7735,#7742,#7749,#7756),#4993);
#6802 = STYLED_ITEM('color',(#6803),#802);
#6803 = PRESENTATION_STYLE_ASSIGNMENT((#6804));
#6804 = SURFACE_STYLE_USAGE(.BOTH.,#6805);
#6805 = SURFACE_SIDE_STYLE('',(#6806));
#6806 = SURFACE_STYLE_FILL_AREA(#6807);
#6807 = FILL_AREA_STYLE('',(#6808));
#6808 = FILL_AREA_STYLE_COLOUR('',#6809);
#6809 = COLOUR_RGB('',0.894117649055,0.890196087049,0.811764731185);
#6810 = STYLED_ITEM('color',(#6811),#938);
#6811 = PRESENTATION_STYLE_ASSIGNMENT((#6812));
#6812 = SURFACE_STYLE_USAGE(.BOTH.,#6813);
#6813 = SURFACE_SIDE_STYLE('',(#6814));
#6814 = SURFACE_STYLE_FILL_AREA(#6815);
#6815 = FILL_AREA_STYLE('',(#6816));
#6816 = FILL_AREA_STYLE_COLOUR('',#6809);
#6817 = STYLED_ITEM('color',(#6818),#985);
#6818 = PRESENTATION_STYLE_ASSIGNMENT((#6819));
#6819 = SURFACE_STYLE_USAGE(.BOTH.,#6820);
#6820 = SURFACE_SIDE_STYLE('',(#6821));
#6821 = SURFACE_STYLE_FILL_AREA(#6822);
#6822 = FILL_AREA_STYLE('',(#6823));
#6823 = FILL_AREA_STYLE_COLOUR('',#6809);
#6824 = STYLED_ITEM('color',(#6825),#1025);
#6825 = PRESENTATION_STYLE_ASSIGNMENT((#6826));
#6826 = SURFACE_STYLE_USAGE(.BOTH.,#6827);
#6827 = SURFACE_SIDE_STYLE('',(#6828));
#6828 = SURFACE_STYLE_FILL_AREA(#6829);
#6829 = FILL_AREA_STYLE('',(#6830));
#6830 = FILL_AREA_STYLE_COLOUR('',#6809);
#6831 = STYLED_ITEM('color',(#6832),#1049);
#6832 = PRESENTATION_STYLE_ASSIGNMENT((#6833));
#6833 = SURFACE_STYLE_USAGE(.BOTH.,#6834);
#6834 = SURFACE_SIDE_STYLE('',(#6835));
#6835 = SURFACE_STYLE_FILL_AREA(#6836);
#6836 = FILL_AREA_STYLE('',(#6837));
#6837 = FILL_AREA_STYLE_COLOUR('',#6809);
#6838 = STYLED_ITEM('color',(#6839),#1089);
#6839 = PRESENTATION_STYLE_ASSIGNMENT((#6840));
#6840 = SURFACE_STYLE_USAGE(.BOTH.,#6841);
#6841 = SURFACE_SIDE_STYLE('',(#6842));
#6842 = SURFACE_STYLE_FILL_AREA(#6843);
#6843 = FILL_AREA_STYLE('',(#6844));
#6844 = FILL_AREA_STYLE_COLOUR('',#6809);
#6845 = STYLED_ITEM('color',(#6846),#1113);
#6846 = PRESENTATION_STYLE_ASSIGNMENT((#6847));
#6847 = SURFACE_STYLE_USAGE(.BOTH.,#6848);
#6848 = SURFACE_SIDE_STYLE('',(#6849));
#6849 = SURFACE_STYLE_FILL_AREA(#6850);
#6850 = FILL_AREA_STYLE('',(#6851));
#6851 = FILL_AREA_STYLE_COLOUR('',#6809);
#6852 = STYLED_ITEM('color',(#6853),#1153);
#6853 = PRESENTATION_STYLE_ASSIGNMENT((#6854));
#6854 = SURFACE_STYLE_USAGE(.BOTH.,#6855);
#6855 = SURFACE_SIDE_STYLE('',(#6856));
#6856 = SURFACE_STYLE_FILL_AREA(#6857);
#6857 = FILL_AREA_STYLE('',(#6858));
#6858 = FILL_AREA_STYLE_COLOUR('',#6809);
#6859 = STYLED_ITEM('color',(#6860),#1177);
#6860 = PRESENTATION_STYLE_ASSIGNMENT((#6861));
#6861 = SURFACE_STYLE_USAGE(.BOTH.,#6862);
#6862 = SURFACE_SIDE_STYLE('',(#6863));
#6863 = SURFACE_STYLE_FILL_AREA(#6864);
#6864 = FILL_AREA_STYLE('',(#6865));
#6865 = FILL_AREA_STYLE_COLOUR('',#6809);
#6866 = STYLED_ITEM('color',(#6867),#1217);
#6867 = PRESENTATION_STYLE_ASSIGNMENT((#6868));
#6868 = SURFACE_STYLE_USAGE(.BOTH.,#6869);
#6869 = SURFACE_SIDE_STYLE('',(#6870));
#6870 = SURFACE_STYLE_FILL_AREA(#6871);
#6871 = FILL_AREA_STYLE('',(#6872));
#6872 = FILL_AREA_STYLE_COLOUR('',#6809);
#6873 = STYLED_ITEM('color',(#6874),#1241);
#6874 = PRESENTATION_STYLE_ASSIGNMENT((#6875));
#6875 = SURFACE_STYLE_USAGE(.BOTH.,#6876);
#6876 = SURFACE_SIDE_STYLE('',(#6877));
#6877 = SURFACE_STYLE_FILL_AREA(#6878);
#6878 = FILL_AREA_STYLE('',(#6879));
#6879 = FILL_AREA_STYLE_COLOUR('',#6809);
#6880 = STYLED_ITEM('color',(#6881),#1281);
#6881 = PRESENTATION_STYLE_ASSIGNMENT((#6882));
#6882 = SURFACE_STYLE_USAGE(.BOTH.,#6883);
#6883 = SURFACE_SIDE_STYLE('',(#6884));
#6884 = SURFACE_STYLE_FILL_AREA(#6885);
#6885 = FILL_AREA_STYLE('',(#6886));
#6886 = FILL_AREA_STYLE_COLOUR('',#6809);
#6887 = STYLED_ITEM('color',(#6888),#1305);
#6888 = PRESENTATION_STYLE_ASSIGNMENT((#6889));
#6889 = SURFACE_STYLE_USAGE(.BOTH.,#6890);
#6890 = SURFACE_SIDE_STYLE('',(#6891));
#6891 = SURFACE_STYLE_FILL_AREA(#6892);
#6892 = FILL_AREA_STYLE('',(#6893));
#6893 = FILL_AREA_STYLE_COLOUR('',#6809);
#6894 = STYLED_ITEM('color',(#6895),#1345);
#6895 = PRESENTATION_STYLE_ASSIGNMENT((#6896));
#6896 = SURFACE_STYLE_USAGE(.BOTH.,#6897);
#6897 = SURFACE_SIDE_STYLE('',(#6898));
#6898 = SURFACE_STYLE_FILL_AREA(#6899);
#6899 = FILL_AREA_STYLE('',(#6900));
#6900 = FILL_AREA_STYLE_COLOUR('',#6809);
#6901 = STYLED_ITEM('color',(#6902),#1385);
#6902 = PRESENTATION_STYLE_ASSIGNMENT((#6903));
#6903 = SURFACE_STYLE_USAGE(.BOTH.,#6904);
#6904 = SURFACE_SIDE_STYLE('',(#6905));
#6905 = SURFACE_STYLE_FILL_AREA(#6906);
#6906 = FILL_AREA_STYLE('',(#6907));
#6907 = FILL_AREA_STYLE_COLOUR('',#6809);
#6908 = STYLED_ITEM('color',(#6909),#1425);
#6909 = PRESENTATION_STYLE_ASSIGNMENT((#6910));
#6910 = SURFACE_STYLE_USAGE(.BOTH.,#6911);
#6911 = SURFACE_SIDE_STYLE('',(#6912));
#6912 = SURFACE_STYLE_FILL_AREA(#6913);
#6913 = FILL_AREA_STYLE('',(#6914));
#6914 = FILL_AREA_STYLE_COLOUR('',#6809);
#6915 = STYLED_ITEM('color',(#6916),#1513);
#6916 = PRESENTATION_STYLE_ASSIGNMENT((#6917));
#6917 = SURFACE_STYLE_USAGE(.BOTH.,#6918);
#6918 = SURFACE_SIDE_STYLE('',(#6919));
#6919 = SURFACE_STYLE_FILL_AREA(#6920);
#6920 = FILL_AREA_STYLE('',(#6921));
#6921 = FILL_AREA_STYLE_COLOUR('',#6809);
#6922 = STYLED_ITEM('color',(#6923),#1546);
#6923 = PRESENTATION_STYLE_ASSIGNMENT((#6924));
#6924 = SURFACE_STYLE_USAGE(.BOTH.,#6925);
#6925 = SURFACE_SIDE_STYLE('',(#6926));
#6926 = SURFACE_STYLE_FILL_AREA(#6927);
#6927 = FILL_AREA_STYLE('',(#6928));
#6928 = FILL_AREA_STYLE_COLOUR('',#6809);
#6929 = STYLED_ITEM('color',(#6930),#1734);
#6930 = PRESENTATION_STYLE_ASSIGNMENT((#6931));
#6931 = SURFACE_STYLE_USAGE(.BOTH.,#6932);
#6932 = SURFACE_SIDE_STYLE('',(#6933));
#6933 = SURFACE_STYLE_FILL_AREA(#6934);
#6934 = FILL_AREA_STYLE('',(#6935));
#6935 = FILL_AREA_STYLE_COLOUR('',#6809);
#6936 = STYLED_ITEM('color',(#6937),#1758);
#6937 = PRESENTATION_STYLE_ASSIGNMENT((#6938));
#6938 = SURFACE_STYLE_USAGE(.BOTH.,#6939);
#6939 = SURFACE_SIDE_STYLE('',(#6940));
#6940 = SURFACE_STYLE_FILL_AREA(#6941);
#6941 = FILL_AREA_STYLE('',(#6942));
#6942 = FILL_AREA_STYLE_COLOUR('',#6809);
#6943 = STYLED_ITEM('color',(#6944),#1823);
#6944 = PRESENTATION_STYLE_ASSIGNMENT((#6945));
#6945 = SURFACE_STYLE_USAGE(.BOTH.,#6946);
#6946 = SURFACE_SIDE_STYLE('',(#6947));
#6947 = SURFACE_STYLE_FILL_AREA(#6948);
#6948 = FILL_AREA_STYLE('',(#6949));
#6949 = FILL_AREA_STYLE_COLOUR('',#6809);
#6950 = STYLED_ITEM('color',(#6951),#1840);
#6951 = PRESENTATION_STYLE_ASSIGNMENT((#6952));
#6952 = SURFACE_STYLE_USAGE(.BOTH.,#6953);
#6953 = SURFACE_SIDE_STYLE('',(#6954));
#6954 = SURFACE_STYLE_FILL_AREA(#6955);
#6955 = FILL_AREA_STYLE('',(#6956));
#6956 = FILL_AREA_STYLE_COLOUR('',#6809);
#6957 = STYLED_ITEM('color',(#6958),#1886);
#6958 = PRESENTATION_STYLE_ASSIGNMENT((#6959));
#6959 = SURFACE_STYLE_USAGE(.BOTH.,#6960);
#6960 = SURFACE_SIDE_STYLE('',(#6961));
#6961 = SURFACE_STYLE_FILL_AREA(#6962);
#6962 = FILL_AREA_STYLE('',(#6963));
#6963 = FILL_AREA_STYLE_COLOUR('',#6809);
#6964 = STYLED_ITEM('color',(#6965),#1903);
#6965 = PRESENTATION_STYLE_ASSIGNMENT((#6966));
#6966 = SURFACE_STYLE_USAGE(.BOTH.,#6967);
#6967 = SURFACE_SIDE_STYLE('',(#6968));
#6968 = SURFACE_STYLE_FILL_AREA(#6969);
#6969 = FILL_AREA_STYLE('',(#6970));
#6970 = FILL_AREA_STYLE_COLOUR('',#6809);
#6971 = STYLED_ITEM('color',(#6972),#1949);
#6972 = PRESENTATION_STYLE_ASSIGNMENT((#6973));
#6973 = SURFACE_STYLE_USAGE(.BOTH.,#6974);
#6974 = SURFACE_SIDE_STYLE('',(#6975));
#6975 = SURFACE_STYLE_FILL_AREA(#6976);
#6976 = FILL_AREA_STYLE('',(#6977));
#6977 = FILL_AREA_STYLE_COLOUR('',#6809);
#6978 = STYLED_ITEM('color',(#6979),#1966);
#6979 = PRESENTATION_STYLE_ASSIGNMENT((#6980));
#6980 = SURFACE_STYLE_USAGE(.BOTH.,#6981);
#6981 = SURFACE_SIDE_STYLE('',(#6982));
#6982 = SURFACE_STYLE_FILL_AREA(#6983);
#6983 = FILL_AREA_STYLE('',(#6984));
#6984 = FILL_AREA_STYLE_COLOUR('',#6809);
#6985 = STYLED_ITEM('color',(#6986),#2012);
#6986 = PRESENTATION_STYLE_ASSIGNMENT((#6987));
#6987 = SURFACE_STYLE_USAGE(.BOTH.,#6988);
#6988 = SURFACE_SIDE_STYLE('',(#6989));
#6989 = SURFACE_STYLE_FILL_AREA(#6990);
#6990 = FILL_AREA_STYLE('',(#6991));
#6991 = FILL_AREA_STYLE_COLOUR('',#6809);
#6992 = STYLED_ITEM('color',(#6993),#2036);
#6993 = PRESENTATION_STYLE_ASSIGNMENT((#6994));
#6994 = SURFACE_STYLE_USAGE(.BOTH.,#6995);
#6995 = SURFACE_SIDE_STYLE('',(#6996));
#6996 = SURFACE_STYLE_FILL_AREA(#6997);
#6997 = FILL_AREA_STYLE('',(#6998));
#6998 = FILL_AREA_STYLE_COLOUR('',#6809);
#6999 = STYLED_ITEM('color',(#7000),#2101);
#7000 = PRESENTATION_STYLE_ASSIGNMENT((#7001));
#7001 = SURFACE_STYLE_USAGE(.BOTH.,#7002);
#7002 = SURFACE_SIDE_STYLE('',(#7003));
#7003 = SURFACE_STYLE_FILL_AREA(#7004);
#7004 = FILL_AREA_STYLE('',(#7005));
#7005 = FILL_AREA_STYLE_COLOUR('',#6809);
#7006 = STYLED_ITEM('color',(#7007),#2118);
#7007 = PRESENTATION_STYLE_ASSIGNMENT((#7008));
#7008 = SURFACE_STYLE_USAGE(.BOTH.,#7009);
#7009 = SURFACE_SIDE_STYLE('',(#7010));
#7010 = SURFACE_STYLE_FILL_AREA(#7011);
#7011 = FILL_AREA_STYLE('',(#7012));
#7012 = FILL_AREA_STYLE_COLOUR('',#6809);
#7013 = STYLED_ITEM('color',(#7014),#2130);
#7014 = PRESENTATION_STYLE_ASSIGNMENT((#7015));
#7015 = SURFACE_STYLE_USAGE(.BOTH.,#7016);
#7016 = SURFACE_SIDE_STYLE('',(#7017));
#7017 = SURFACE_STYLE_FILL_AREA(#7018);
#7018 = FILL_AREA_STYLE('',(#7019));
#7019 = FILL_AREA_STYLE_COLOUR('',#6809);
#7020 = STYLED_ITEM('color',(#7021),#2161);
#7021 = PRESENTATION_STYLE_ASSIGNMENT((#7022));
#7022 = SURFACE_STYLE_USAGE(.BOTH.,#7023);
#7023 = SURFACE_SIDE_STYLE('',(#7024));
#7024 = SURFACE_STYLE_FILL_AREA(#7025);
#7025 = FILL_AREA_STYLE('',(#7026));
#7026 = FILL_AREA_STYLE_COLOUR('',#6809);
#7027 = STYLED_ITEM('color',(#7028),#2186);
#7028 = PRESENTATION_STYLE_ASSIGNMENT((#7029));
#7029 = SURFACE_STYLE_USAGE(.BOTH.,#7030);
#7030 = SURFACE_SIDE_STYLE('',(#7031));
#7031 = SURFACE_STYLE_FILL_AREA(#7032);
#7032 = FILL_AREA_STYLE('',(#7033));
#7033 = FILL_AREA_STYLE_COLOUR('',#6809);
#7034 = STYLED_ITEM('color',(#7035),#2203);
#7035 = PRESENTATION_STYLE_ASSIGNMENT((#7036));
#7036 = SURFACE_STYLE_USAGE(.BOTH.,#7037);
#7037 = SURFACE_SIDE_STYLE('',(#7038));
#7038 = SURFACE_STYLE_FILL_AREA(#7039);
#7039 = FILL_AREA_STYLE('',(#7040));
#7040 = FILL_AREA_STYLE_COLOUR('',#6809);
#7041 = STYLED_ITEM('color',(#7042),#2235);
#7042 = PRESENTATION_STYLE_ASSIGNMENT((#7043));
#7043 = SURFACE_STYLE_USAGE(.BOTH.,#7044);
#7044 = SURFACE_SIDE_STYLE('',(#7045));
#7045 = SURFACE_STYLE_FILL_AREA(#7046);
#7046 = FILL_AREA_STYLE('',(#7047));
#7047 = FILL_AREA_STYLE_COLOUR('',#6809);
#7048 = STYLED_ITEM('color',(#7049),#2259);
#7049 = PRESENTATION_STYLE_ASSIGNMENT((#7050));
#7050 = SURFACE_STYLE_USAGE(.BOTH.,#7051);
#7051 = SURFACE_SIDE_STYLE('',(#7052));
#7052 = SURFACE_STYLE_FILL_AREA(#7053);
#7053 = FILL_AREA_STYLE('',(#7054));
#7054 = FILL_AREA_STYLE_COLOUR('',#6809);
#7055 = STYLED_ITEM('color',(#7056),#2276);
#7056 = PRESENTATION_STYLE_ASSIGNMENT((#7057));
#7057 = SURFACE_STYLE_USAGE(.BOTH.,#7058);
#7058 = SURFACE_SIDE_STYLE('',(#7059));
#7059 = SURFACE_STYLE_FILL_AREA(#7060);
#7060 = FILL_AREA_STYLE('',(#7061));
#7061 = FILL_AREA_STYLE_COLOUR('',#6809);
#7062 = STYLED_ITEM('color',(#7063),#2288);
#7063 = PRESENTATION_STYLE_ASSIGNMENT((#7064));
#7064 = SURFACE_STYLE_USAGE(.BOTH.,#7065);
#7065 = SURFACE_SIDE_STYLE('',(#7066));
#7066 = SURFACE_STYLE_FILL_AREA(#7067);
#7067 = FILL_AREA_STYLE('',(#7068));
#7068 = FILL_AREA_STYLE_COLOUR('',#6809);
#7069 = STYLED_ITEM('color',(#7070),#2312);
#7070 = PRESENTATION_STYLE_ASSIGNMENT((#7071));
#7071 = SURFACE_STYLE_USAGE(.BOTH.,#7072);
#7072 = SURFACE_SIDE_STYLE('',(#7073));
#7073 = SURFACE_STYLE_FILL_AREA(#7074);
#7074 = FILL_AREA_STYLE('',(#7075));
#7075 = FILL_AREA_STYLE_COLOUR('',#6809);
#7076 = STYLED_ITEM('color',(#7077),#2336);
#7077 = PRESENTATION_STYLE_ASSIGNMENT((#7078));
#7078 = SURFACE_STYLE_USAGE(.BOTH.,#7079);
#7079 = SURFACE_SIDE_STYLE('',(#7080));
#7080 = SURFACE_STYLE_FILL_AREA(#7081);
#7081 = FILL_AREA_STYLE('',(#7082));
#7082 = FILL_AREA_STYLE_COLOUR('',#6809);
#7083 = STYLED_ITEM('color',(#7084),#2360);
#7084 = PRESENTATION_STYLE_ASSIGNMENT((#7085));
#7085 = SURFACE_STYLE_USAGE(.BOTH.,#7086);
#7086 = SURFACE_SIDE_STYLE('',(#7087));
#7087 = SURFACE_STYLE_FILL_AREA(#7088);
#7088 = FILL_AREA_STYLE('',(#7089));
#7089 = FILL_AREA_STYLE_COLOUR('',#6809);
#7090 = STYLED_ITEM('color',(#7091),#2384);
#7091 = PRESENTATION_STYLE_ASSIGNMENT((#7092));
#7092 = SURFACE_STYLE_USAGE(.BOTH.,#7093);
#7093 = SURFACE_SIDE_STYLE('',(#7094));
#7094 = SURFACE_STYLE_FILL_AREA(#7095);
#7095 = FILL_AREA_STYLE('',(#7096));
#7096 = FILL_AREA_STYLE_COLOUR('',#6809);
#7097 = STYLED_ITEM('color',(#7098),#2408);
#7098 = PRESENTATION_STYLE_ASSIGNMENT((#7099));
#7099 = SURFACE_STYLE_USAGE(.BOTH.,#7100);
#7100 = SURFACE_SIDE_STYLE('',(#7101));
#7101 = SURFACE_STYLE_FILL_AREA(#7102);
#7102 = FILL_AREA_STYLE('',(#7103));
#7103 = FILL_AREA_STYLE_COLOUR('',#6809);
#7104 = STYLED_ITEM('color',(#7105),#2433);
#7105 = PRESENTATION_STYLE_ASSIGNMENT((#7106));
#7106 = SURFACE_STYLE_USAGE(.BOTH.,#7107);
#7107 = SURFACE_SIDE_STYLE('',(#7108));
#7108 = SURFACE_STYLE_FILL_AREA(#7109);
#7109 = FILL_AREA_STYLE('',(#7110));
#7110 = FILL_AREA_STYLE_COLOUR('',#6809);
#7111 = STYLED_ITEM('color',(#7112),#2457);
#7112 = PRESENTATION_STYLE_ASSIGNMENT((#7113));
#7113 = SURFACE_STYLE_USAGE(.BOTH.,#7114);
#7114 = SURFACE_SIDE_STYLE('',(#7115));
#7115 = SURFACE_STYLE_FILL_AREA(#7116);
#7116 = FILL_AREA_STYLE('',(#7117));
#7117 = FILL_AREA_STYLE_COLOUR('',#6809);
#7118 = STYLED_ITEM('color',(#7119),#2481);
#7119 = PRESENTATION_STYLE_ASSIGNMENT((#7120));
#7120 = SURFACE_STYLE_USAGE(.BOTH.,#7121);
#7121 = SURFACE_SIDE_STYLE('',(#7122));
#7122 = SURFACE_STYLE_FILL_AREA(#7123);
#7123 = FILL_AREA_STYLE('',(#7124));
#7124 = FILL_AREA_STYLE_COLOUR('',#6809);
#7125 = STYLED_ITEM('color',(#7126),#2505);
#7126 = PRESENTATION_STYLE_ASSIGNMENT((#7127));
#7127 = SURFACE_STYLE_USAGE(.BOTH.,#7128);
#7128 = SURFACE_SIDE_STYLE('',(#7129));
#7129 = SURFACE_STYLE_FILL_AREA(#7130);
#7130 = FILL_AREA_STYLE('',(#7131));
#7131 = FILL_AREA_STYLE_COLOUR('',#6809);
#7132 = STYLED_ITEM('color',(#7133),#2529);
#7133 = PRESENTATION_STYLE_ASSIGNMENT((#7134));
#7134 = SURFACE_STYLE_USAGE(.BOTH.,#7135);
#7135 = SURFACE_SIDE_STYLE('',(#7136));
#7136 = SURFACE_STYLE_FILL_AREA(#7137);
#7137 = FILL_AREA_STYLE('',(#7138));
#7138 = FILL_AREA_STYLE_COLOUR('',#6809);
#7139 = STYLED_ITEM('color',(#7140),#2553);
#7140 = PRESENTATION_STYLE_ASSIGNMENT((#7141));
#7141 = SURFACE_STYLE_USAGE(.BOTH.,#7142);
#7142 = SURFACE_SIDE_STYLE('',(#7143));
#7143 = SURFACE_STYLE_FILL_AREA(#7144);
#7144 = FILL_AREA_STYLE('',(#7145));
#7145 = FILL_AREA_STYLE_COLOUR('',#6809);
#7146 = STYLED_ITEM('color',(#7147),#2578);
#7147 = PRESENTATION_STYLE_ASSIGNMENT((#7148));
#7148 = SURFACE_STYLE_USAGE(.BOTH.,#7149);
#7149 = SURFACE_SIDE_STYLE('',(#7150));
#7150 = SURFACE_STYLE_FILL_AREA(#7151);
#7151 = FILL_AREA_STYLE('',(#7152));
#7152 = FILL_AREA_STYLE_COLOUR('',#6809);
#7153 = STYLED_ITEM('color',(#7154),#2602);
#7154 = PRESENTATION_STYLE_ASSIGNMENT((#7155));
#7155 = SURFACE_STYLE_USAGE(.BOTH.,#7156);
#7156 = SURFACE_SIDE_STYLE('',(#7157));
#7157 = SURFACE_STYLE_FILL_AREA(#7158);
#7158 = FILL_AREA_STYLE('',(#7159));
#7159 = FILL_AREA_STYLE_COLOUR('',#6809);
#7160 = STYLED_ITEM('color',(#7161),#2626);
#7161 = PRESENTATION_STYLE_ASSIGNMENT((#7162));
#7162 = SURFACE_STYLE_USAGE(.BOTH.,#7163);
#7163 = SURFACE_SIDE_STYLE('',(#7164));
#7164 = SURFACE_STYLE_FILL_AREA(#7165);
#7165 = FILL_AREA_STYLE('',(#7166));
#7166 = FILL_AREA_STYLE_COLOUR('',#6809);
#7167 = STYLED_ITEM('color',(#7168),#2650);
#7168 = PRESENTATION_STYLE_ASSIGNMENT((#7169));
#7169 = SURFACE_STYLE_USAGE(.BOTH.,#7170);
#7170 = SURFACE_SIDE_STYLE('',(#7171));
#7171 = SURFACE_STYLE_FILL_AREA(#7172);
#7172 = FILL_AREA_STYLE('',(#7173));
#7173 = FILL_AREA_STYLE_COLOUR('',#6809);
#7174 = STYLED_ITEM('color',(#7175),#2674);
#7175 = PRESENTATION_STYLE_ASSIGNMENT((#7176));
#7176 = SURFACE_STYLE_USAGE(.BOTH.,#7177);
#7177 = SURFACE_SIDE_STYLE('',(#7178));
#7178 = SURFACE_STYLE_FILL_AREA(#7179);
#7179 = FILL_AREA_STYLE('',(#7180));
#7180 = FILL_AREA_STYLE_COLOUR('',#6809);
#7181 = STYLED_ITEM('color',(#7182),#2691);
#7182 = PRESENTATION_STYLE_ASSIGNMENT((#7183));
#7183 = SURFACE_STYLE_USAGE(.BOTH.,#7184);
#7184 = SURFACE_SIDE_STYLE('',(#7185));
#7185 = SURFACE_STYLE_FILL_AREA(#7186);
#7186 = FILL_AREA_STYLE('',(#7187));
#7187 = FILL_AREA_STYLE_COLOUR('',#6809);
#7188 = STYLED_ITEM('color',(#7189),#2715);
#7189 = PRESENTATION_STYLE_ASSIGNMENT((#7190));
#7190 = SURFACE_STYLE_USAGE(.BOTH.,#7191);
#7191 = SURFACE_SIDE_STYLE('',(#7192));
#7192 = SURFACE_STYLE_FILL_AREA(#7193);
#7193 = FILL_AREA_STYLE('',(#7194));
#7194 = FILL_AREA_STYLE_COLOUR('',#6809);
#7195 = STYLED_ITEM('color',(#7196),#2740);
#7196 = PRESENTATION_STYLE_ASSIGNMENT((#7197));
#7197 = SURFACE_STYLE_USAGE(.BOTH.,#7198);
#7198 = SURFACE_SIDE_STYLE('',(#7199));
#7199 = SURFACE_STYLE_FILL_AREA(#7200);
#7200 = FILL_AREA_STYLE('',(#7201));
#7201 = FILL_AREA_STYLE_COLOUR('',#6809);
#7202 = STYLED_ITEM('color',(#7203),#2798);
#7203 = PRESENTATION_STYLE_ASSIGNMENT((#7204));
#7204 = SURFACE_STYLE_USAGE(.BOTH.,#7205);
#7205 = SURFACE_SIDE_STYLE('',(#7206));
#7206 = SURFACE_STYLE_FILL_AREA(#7207);
#7207 = FILL_AREA_STYLE('',(#7208));
#7208 = FILL_AREA_STYLE_COLOUR('',#7209);
#7209 = COLOUR_RGB('',0.823529417451,0.819607860991,0.780392170416);
#7210 = STYLED_ITEM('color',(#7211),#2829);
#7211 = PRESENTATION_STYLE_ASSIGNMENT((#7212));
#7212 = SURFACE_STYLE_USAGE(.BOTH.,#7213);
#7213 = SURFACE_SIDE_STYLE('',(#7214));
#7214 = SURFACE_STYLE_FILL_AREA(#7215);
#7215 = FILL_AREA_STYLE('',(#7216));
#7216 = FILL_AREA_STYLE_COLOUR('',#7209);
#7217 = STYLED_ITEM('color',(#7218),#2919);
#7218 = PRESENTATION_STYLE_ASSIGNMENT((#7219));
#7219 = SURFACE_STYLE_USAGE(.BOTH.,#7220);
#7220 = SURFACE_SIDE_STYLE('',(#7221));
#7221 = SURFACE_STYLE_FILL_AREA(#7222);
#7222 = FILL_AREA_STYLE('',(#7223));
#7223 = FILL_AREA_STYLE_COLOUR('',#7209);
#7224 = STYLED_ITEM('color',(#7225),#2943);
#7225 = PRESENTATION_STYLE_ASSIGNMENT((#7226));
#7226 = SURFACE_STYLE_USAGE(.BOTH.,#7227);
#7227 = SURFACE_SIDE_STYLE('',(#7228));
#7228 = SURFACE_STYLE_FILL_AREA(#7229);
#7229 = FILL_AREA_STYLE('',(#7230));
#7230 = FILL_AREA_STYLE_COLOUR('',#7209);
#7231 = STYLED_ITEM('color',(#7232),#3026);
#7232 = PRESENTATION_STYLE_ASSIGNMENT((#7233));
#7233 = SURFACE_STYLE_USAGE(.BOTH.,#7234);
#7234 = SURFACE_SIDE_STYLE('',(#7235));
#7235 = SURFACE_STYLE_FILL_AREA(#7236);
#7236 = FILL_AREA_STYLE('',(#7237));
#7237 = FILL_AREA_STYLE_COLOUR('',#7209);
#7238 = STYLED_ITEM('color',(#7239),#3091);
#7239 = PRESENTATION_STYLE_ASSIGNMENT((#7240));
#7240 = SURFACE_STYLE_USAGE(.BOTH.,#7241);
#7241 = SURFACE_SIDE_STYLE('',(#7242));
#7242 = SURFACE_STYLE_FILL_AREA(#7243);
#7243 = FILL_AREA_STYLE('',(#7244));
#7244 = FILL_AREA_STYLE_COLOUR('',#7209);
#7245 = STYLED_ITEM('color',(#7246),#3115);
#7246 = PRESENTATION_STYLE_ASSIGNMENT((#7247));
#7247 = SURFACE_STYLE_USAGE(.BOTH.,#7248);
#7248 = SURFACE_SIDE_STYLE('',(#7249));
#7249 = SURFACE_STYLE_FILL_AREA(#7250);
#7250 = FILL_AREA_STYLE('',(#7251));
#7251 = FILL_AREA_STYLE_COLOUR('',#7209);
#7252 = STYLED_ITEM('color',(#7253),#3173);
#7253 = PRESENTATION_STYLE_ASSIGNMENT((#7254));
#7254 = SURFACE_STYLE_USAGE(.BOTH.,#7255);
#7255 = SURFACE_SIDE_STYLE('',(#7256));
#7256 = SURFACE_STYLE_FILL_AREA(#7257);
#7257 = FILL_AREA_STYLE('',(#7258));
#7258 = FILL_AREA_STYLE_COLOUR('',#7209);
#7259 = STYLED_ITEM('color',(#7260),#3190);
#7260 = PRESENTATION_STYLE_ASSIGNMENT((#7261));
#7261 = SURFACE_STYLE_USAGE(.BOTH.,#7262);
#7262 = SURFACE_SIDE_STYLE('',(#7263));
#7263 = SURFACE_STYLE_FILL_AREA(#7264);
#7264 = FILL_AREA_STYLE('',(#7265));
#7265 = FILL_AREA_STYLE_COLOUR('',#7209);
#7266 = STYLED_ITEM('color',(#7267),#3287);
#7267 = PRESENTATION_STYLE_ASSIGNMENT((#7268));
#7268 = SURFACE_STYLE_USAGE(.BOTH.,#7269);
#7269 = SURFACE_SIDE_STYLE('',(#7270));
#7270 = SURFACE_STYLE_FILL_AREA(#7271);
#7271 = FILL_AREA_STYLE('',(#7272));
#7272 = FILL_AREA_STYLE_COLOUR('',#7209);
#7273 = STYLED_ITEM('color',(#7274),#3311);
#7274 = PRESENTATION_STYLE_ASSIGNMENT((#7275));
#7275 = SURFACE_STYLE_USAGE(.BOTH.,#7276);
#7276 = SURFACE_SIDE_STYLE('',(#7277));
#7277 = SURFACE_STYLE_FILL_AREA(#7278);
#7278 = FILL_AREA_STYLE('',(#7279));
#7279 = FILL_AREA_STYLE_COLOUR('',#7209);
#7280 = STYLED_ITEM('color',(#7281),#3401);
#7281 = PRESENTATION_STYLE_ASSIGNMENT((#7282));
#7282 = SURFACE_STYLE_USAGE(.BOTH.,#7283);
#7283 = SURFACE_SIDE_STYLE('',(#7284));
#7284 = SURFACE_STYLE_FILL_AREA(#7285);
#7285 = FILL_AREA_STYLE('',(#7286));
#7286 = FILL_AREA_STYLE_COLOUR('',#7209);
#7287 = STYLED_ITEM('color',(#7288),#3418);
#7288 = PRESENTATION_STYLE_ASSIGNMENT((#7289));
#7289 = SURFACE_STYLE_USAGE(.BOTH.,#7290);
#7290 = SURFACE_SIDE_STYLE('',(#7291));
#7291 = SURFACE_STYLE_FILL_AREA(#7292);
#7292 = FILL_AREA_STYLE('',(#7293));
#7293 = FILL_AREA_STYLE_COLOUR('',#6809);
#7294 = STYLED_ITEM('color',(#7295),#3443);
#7295 = PRESENTATION_STYLE_ASSIGNMENT((#7296));
#7296 = SURFACE_STYLE_USAGE(.BOTH.,#7297);
#7297 = SURFACE_SIDE_STYLE('',(#7298));
#7298 = SURFACE_STYLE_FILL_AREA(#7299);
#7299 = FILL_AREA_STYLE('',(#7300));
#7300 = FILL_AREA_STYLE_COLOUR('',#6809);
#7301 = STYLED_ITEM('color',(#7302),#3460);
#7302 = PRESENTATION_STYLE_ASSIGNMENT((#7303));
#7303 = SURFACE_STYLE_USAGE(.BOTH.,#7304);
#7304 = SURFACE_SIDE_STYLE('',(#7305));
#7305 = SURFACE_STYLE_FILL_AREA(#7306);
#7306 = FILL_AREA_STYLE('',(#7307));
#7307 = FILL_AREA_STYLE_COLOUR('',#6809);
#7308 = STYLED_ITEM('color',(#7309),#3487);
#7309 = PRESENTATION_STYLE_ASSIGNMENT((#7310));
#7310 = SURFACE_STYLE_USAGE(.BOTH.,#7311);
#7311 = SURFACE_SIDE_STYLE('',(#7312));
#7312 = SURFACE_STYLE_FILL_AREA(#7313);
#7313 = FILL_AREA_STYLE('',(#7314));
#7314 = FILL_AREA_STYLE_COLOUR('',#6809);
#7315 = STYLED_ITEM('color',(#7316),#3514);
#7316 = PRESENTATION_STYLE_ASSIGNMENT((#7317));
#7317 = SURFACE_STYLE_USAGE(.BOTH.,#7318);
#7318 = SURFACE_SIDE_STYLE('',(#7319));
#7319 = SURFACE_STYLE_FILL_AREA(#7320);
#7320 = FILL_AREA_STYLE('',(#7321));
#7321 = FILL_AREA_STYLE_COLOUR('',#6809);
#7322 = STYLED_ITEM('color',(#7323),#3531);
#7323 = PRESENTATION_STYLE_ASSIGNMENT((#7324));
#7324 = SURFACE_STYLE_USAGE(.BOTH.,#7325);
#7325 = SURFACE_SIDE_STYLE('',(#7326));
#7326 = SURFACE_STYLE_FILL_AREA(#7327);
#7327 = FILL_AREA_STYLE('',(#7328));
#7328 = FILL_AREA_STYLE_COLOUR('',#6809);
#7329 = STYLED_ITEM('color',(#7330),#3645);
#7330 = PRESENTATION_STYLE_ASSIGNMENT((#7331));
#7331 = SURFACE_STYLE_USAGE(.BOTH.,#7332);
#7332 = SURFACE_SIDE_STYLE('',(#7333));
#7333 = SURFACE_STYLE_FILL_AREA(#7334);
#7334 = FILL_AREA_STYLE('',(#7335));
#7335 = FILL_AREA_STYLE_COLOUR('',#7209);
#7336 = STYLED_ITEM('color',(#7337),#3662);
#7337 = PRESENTATION_STYLE_ASSIGNMENT((#7338));
#7338 = SURFACE_STYLE_USAGE(.BOTH.,#7339);
#7339 = SURFACE_SIDE_STYLE('',(#7340));
#7340 = SURFACE_STYLE_FILL_AREA(#7341);
#7341 = FILL_AREA_STYLE('',(#7342));
#7342 = FILL_AREA_STYLE_COLOUR('',#7209);
#7343 = STYLED_ITEM('color',(#7344),#3679);
#7344 = PRESENTATION_STYLE_ASSIGNMENT((#7345));
#7345 = SURFACE_STYLE_USAGE(.BOTH.,#7346);
#7346 = SURFACE_SIDE_STYLE('',(#7347));
#7347 = SURFACE_STYLE_FILL_AREA(#7348);
#7348 = FILL_AREA_STYLE('',(#7349));
#7349 = FILL_AREA_STYLE_COLOUR('',#7209);
#7350 = STYLED_ITEM('color',(#7351),#3696);
#7351 = PRESENTATION_STYLE_ASSIGNMENT((#7352));
#7352 = SURFACE_STYLE_USAGE(.BOTH.,#7353);
#7353 = SURFACE_SIDE_STYLE('',(#7354));
#7354 = SURFACE_STYLE_FILL_AREA(#7355);
#7355 = FILL_AREA_STYLE('',(#7356));
#7356 = FILL_AREA_STYLE_COLOUR('',#7209);
#7357 = STYLED_ITEM('color',(#7358),#3713);
#7358 = PRESENTATION_STYLE_ASSIGNMENT((#7359));
#7359 = SURFACE_STYLE_USAGE(.BOTH.,#7360);
#7360 = SURFACE_SIDE_STYLE('',(#7361));
#7361 = SURFACE_STYLE_FILL_AREA(#7362);
#7362 = FILL_AREA_STYLE('',(#7363));
#7363 = FILL_AREA_STYLE_COLOUR('',#7209);
#7364 = STYLED_ITEM('color',(#7365),#3746);
#7365 = PRESENTATION_STYLE_ASSIGNMENT((#7366));
#7366 = SURFACE_STYLE_USAGE(.BOTH.,#7367);
#7367 = SURFACE_SIDE_STYLE('',(#7368));
#7368 = SURFACE_STYLE_FILL_AREA(#7369);
#7369 = FILL_AREA_STYLE('',(#7370));
#7370 = FILL_AREA_STYLE_COLOUR('',#7209);
#7371 = STYLED_ITEM('color',(#7372),#3786);
#7372 = PRESENTATION_STYLE_ASSIGNMENT((#7373));
#7373 = SURFACE_STYLE_USAGE(.BOTH.,#7374);
#7374 = SURFACE_SIDE_STYLE('',(#7375));
#7375 = SURFACE_STYLE_FILL_AREA(#7376);
#7376 = FILL_AREA_STYLE('',(#7377));
#7377 = FILL_AREA_STYLE_COLOUR('',#7209);
#7378 = STYLED_ITEM('color',(#7379),#3817);
#7379 = PRESENTATION_STYLE_ASSIGNMENT((#7380));
#7380 = SURFACE_STYLE_USAGE(.BOTH.,#7381);
#7381 = SURFACE_SIDE_STYLE('',(#7382));
#7382 = SURFACE_STYLE_FILL_AREA(#7383);
#7383 = FILL_AREA_STYLE('',(#7384));
#7384 = FILL_AREA_STYLE_COLOUR('',#7209);
#7385 = STYLED_ITEM('color',(#7386),#3834);
#7386 = PRESENTATION_STYLE_ASSIGNMENT((#7387));
#7387 = SURFACE_STYLE_USAGE(.BOTH.,#7388);
#7388 = SURFACE_SIDE_STYLE('',(#7389));
#7389 = SURFACE_STYLE_FILL_AREA(#7390);
#7390 = FILL_AREA_STYLE('',(#7391));
#7391 = FILL_AREA_STYLE_COLOUR('',#7209);
#7392 = STYLED_ITEM('color',(#7393),#3846);
#7393 = PRESENTATION_STYLE_ASSIGNMENT((#7394));
#7394 = SURFACE_STYLE_USAGE(.BOTH.,#7395);
#7395 = SURFACE_SIDE_STYLE('',(#7396));
#7396 = SURFACE_STYLE_FILL_AREA(#7397);
#7397 = FILL_AREA_STYLE('',(#7398));
#7398 = FILL_AREA_STYLE_COLOUR('',#7209);
#7399 = STYLED_ITEM('color',(#7400),#3879);
#7400 = PRESENTATION_STYLE_ASSIGNMENT((#7401));
#7401 = SURFACE_STYLE_USAGE(.BOTH.,#7402);
#7402 = SURFACE_SIDE_STYLE('',(#7403));
#7403 = SURFACE_STYLE_FILL_AREA(#7404);
#7404 = FILL_AREA_STYLE('',(#7405));
#7405 = FILL_AREA_STYLE_COLOUR('',#7209);
#7406 = STYLED_ITEM('color',(#7407),#3896);
#7407 = PRESENTATION_STYLE_ASSIGNMENT((#7408));
#7408 = SURFACE_STYLE_USAGE(.BOTH.,#7409);
#7409 = SURFACE_SIDE_STYLE('',(#7410));
#7410 = SURFACE_STYLE_FILL_AREA(#7411);
#7411 = FILL_AREA_STYLE('',(#7412));
#7412 = FILL_AREA_STYLE_COLOUR('',#7209);
#7413 = STYLED_ITEM('color',(#7414),#3913);
#7414 = PRESENTATION_STYLE_ASSIGNMENT((#7415));
#7415 = SURFACE_STYLE_USAGE(.BOTH.,#7416);
#7416 = SURFACE_SIDE_STYLE('',(#7417));
#7417 = SURFACE_STYLE_FILL_AREA(#7418);
#7418 = FILL_AREA_STYLE('',(#7419));
#7419 = FILL_AREA_STYLE_COLOUR('',#7209);
#7420 = STYLED_ITEM('color',(#7421),#3944);
#7421 = PRESENTATION_STYLE_ASSIGNMENT((#7422));
#7422 = SURFACE_STYLE_USAGE(.BOTH.,#7423);
#7423 = SURFACE_SIDE_STYLE('',(#7424));
#7424 = SURFACE_STYLE_FILL_AREA(#7425);
#7425 = FILL_AREA_STYLE('',(#7426));
#7426 = FILL_AREA_STYLE_COLOUR('',#7209);
#7427 = STYLED_ITEM('color',(#7428),#3966);
#7428 = PRESENTATION_STYLE_ASSIGNMENT((#7429));
#7429 = SURFACE_STYLE_USAGE(.BOTH.,#7430);
#7430 = SURFACE_SIDE_STYLE('',(#7431));
#7431 = SURFACE_STYLE_FILL_AREA(#7432);
#7432 = FILL_AREA_STYLE('',(#7433));
#7433 = FILL_AREA_STYLE_COLOUR('',#7209);
#7434 = STYLED_ITEM('color',(#7435),#3978);
#7435 = PRESENTATION_STYLE_ASSIGNMENT((#7436));
#7436 = SURFACE_STYLE_USAGE(.BOTH.,#7437);
#7437 = SURFACE_SIDE_STYLE('',(#7438));
#7438 = SURFACE_STYLE_FILL_AREA(#7439);
#7439 = FILL_AREA_STYLE('',(#7440));
#7440 = FILL_AREA_STYLE_COLOUR('',#7209);
#7441 = STYLED_ITEM('color',(#7442),#4009);
#7442 = PRESENTATION_STYLE_ASSIGNMENT((#7443));
#7443 = SURFACE_STYLE_USAGE(.BOTH.,#7444);
#7444 = SURFACE_SIDE_STYLE('',(#7445));
#7445 = SURFACE_STYLE_FILL_AREA(#7446);
#7446 = FILL_AREA_STYLE('',(#7447));
#7447 = FILL_AREA_STYLE_COLOUR('',#7209);
#7448 = STYLED_ITEM('color',(#7449),#4026);
#7449 = PRESENTATION_STYLE_ASSIGNMENT((#7450));
#7450 = SURFACE_STYLE_USAGE(.BOTH.,#7451);
#7451 = SURFACE_SIDE_STYLE('',(#7452));
#7452 = SURFACE_STYLE_FILL_AREA(#7453);
#7453 = FILL_AREA_STYLE('',(#7454));
#7454 = FILL_AREA_STYLE_COLOUR('',#7209);
#7455 = STYLED_ITEM('color',(#7456),#4043);
#7456 = PRESENTATION_STYLE_ASSIGNMENT((#7457));
#7457 = SURFACE_STYLE_USAGE(.BOTH.,#7458);
#7458 = SURFACE_SIDE_STYLE('',(#7459));
#7459 = SURFACE_STYLE_FILL_AREA(#7460);
#7460 = FILL_AREA_STYLE('',(#7461));
#7461 = FILL_AREA_STYLE_COLOUR('',#7209);
#7462 = STYLED_ITEM('color',(#7463),#4060);
#7463 = PRESENTATION_STYLE_ASSIGNMENT((#7464));
#7464 = SURFACE_STYLE_USAGE(.BOTH.,#7465);
#7465 = SURFACE_SIDE_STYLE('',(#7466));
#7466 = SURFACE_STYLE_FILL_AREA(#7467);
#7467 = FILL_AREA_STYLE('',(#7468));
#7468 = FILL_AREA_STYLE_COLOUR('',#7209);
#7469 = STYLED_ITEM('color',(#7470),#4093);
#7470 = PRESENTATION_STYLE_ASSIGNMENT((#7471));
#7471 = SURFACE_STYLE_USAGE(.BOTH.,#7472);
#7472 = SURFACE_SIDE_STYLE('',(#7473));
#7473 = SURFACE_STYLE_FILL_AREA(#7474);
#7474 = FILL_AREA_STYLE('',(#7475));
#7475 = FILL_AREA_STYLE_COLOUR('',#7209);
#7476 = STYLED_ITEM('color',(#7477),#4133);
#7477 = PRESENTATION_STYLE_ASSIGNMENT((#7478));
#7478 = SURFACE_STYLE_USAGE(.BOTH.,#7479);
#7479 = SURFACE_SIDE_STYLE('',(#7480));
#7480 = SURFACE_STYLE_FILL_AREA(#7481);
#7481 = FILL_AREA_STYLE('',(#7482));
#7482 = FILL_AREA_STYLE_COLOUR('',#7209);
#7483 = STYLED_ITEM('color',(#7484),#4164);
#7484 = PRESENTATION_STYLE_ASSIGNMENT((#7485));
#7485 = SURFACE_STYLE_USAGE(.BOTH.,#7486);
#7486 = SURFACE_SIDE_STYLE('',(#7487));
#7487 = SURFACE_STYLE_FILL_AREA(#7488);
#7488 = FILL_AREA_STYLE('',(#7489));
#7489 = FILL_AREA_STYLE_COLOUR('',#7209);
#7490 = STYLED_ITEM('color',(#7491),#4181);
#7491 = PRESENTATION_STYLE_ASSIGNMENT((#7492));
#7492 = SURFACE_STYLE_USAGE(.BOTH.,#7493);
#7493 = SURFACE_SIDE_STYLE('',(#7494));
#7494 = SURFACE_STYLE_FILL_AREA(#7495);
#7495 = FILL_AREA_STYLE('',(#7496));
#7496 = FILL_AREA_STYLE_COLOUR('',#7209);
#7497 = STYLED_ITEM('color',(#7498),#4198);
#7498 = PRESENTATION_STYLE_ASSIGNMENT((#7499));
#7499 = SURFACE_STYLE_USAGE(.BOTH.,#7500);
#7500 = SURFACE_SIDE_STYLE('',(#7501));
#7501 = SURFACE_STYLE_FILL_AREA(#7502);
#7502 = FILL_AREA_STYLE('',(#7503));
#7503 = FILL_AREA_STYLE_COLOUR('',#7209);
#7504 = STYLED_ITEM('color',(#7505),#4210);
#7505 = PRESENTATION_STYLE_ASSIGNMENT((#7506));
#7506 = SURFACE_STYLE_USAGE(.BOTH.,#7507);
#7507 = SURFACE_SIDE_STYLE('',(#7508));
#7508 = SURFACE_STYLE_FILL_AREA(#7509);
#7509 = FILL_AREA_STYLE('',(#7510));
#7510 = FILL_AREA_STYLE_COLOUR('',#7209);
#7511 = STYLED_ITEM('color',(#7512),#4243);
#7512 = PRESENTATION_STYLE_ASSIGNMENT((#7513));
#7513 = SURFACE_STYLE_USAGE(.BOTH.,#7514);
#7514 = SURFACE_SIDE_STYLE('',(#7515));
#7515 = SURFACE_STYLE_FILL_AREA(#7516);
#7516 = FILL_AREA_STYLE('',(#7517));
#7517 = FILL_AREA_STYLE_COLOUR('',#7209);
#7518 = STYLED_ITEM('color',(#7519),#4274);
#7519 = PRESENTATION_STYLE_ASSIGNMENT((#7520));
#7520 = SURFACE_STYLE_USAGE(.BOTH.,#7521);
#7521 = SURFACE_SIDE_STYLE('',(#7522));
#7522 = SURFACE_STYLE_FILL_AREA(#7523);
#7523 = FILL_AREA_STYLE('',(#7524));
#7524 = FILL_AREA_STYLE_COLOUR('',#7209);
#7525 = STYLED_ITEM('color',(#7526),#4298);
#7526 = PRESENTATION_STYLE_ASSIGNMENT((#7527));
#7527 = SURFACE_STYLE_USAGE(.BOTH.,#7528);
#7528 = SURFACE_SIDE_STYLE('',(#7529));
#7529 = SURFACE_STYLE_FILL_AREA(#7530);
#7530 = FILL_AREA_STYLE('',(#7531));
#7531 = FILL_AREA_STYLE_COLOUR('',#7209);
#7532 = STYLED_ITEM('color',(#7533),#4322);
#7533 = PRESENTATION_STYLE_ASSIGNMENT((#7534));
#7534 = SURFACE_STYLE_USAGE(.BOTH.,#7535);
#7535 = SURFACE_SIDE_STYLE('',(#7536));
#7536 = SURFACE_STYLE_FILL_AREA(#7537);
#7537 = FILL_AREA_STYLE('',(#7538));
#7538 = FILL_AREA_STYLE_COLOUR('',#7209);
#7539 = STYLED_ITEM('color',(#7540),#4339);
#7540 = PRESENTATION_STYLE_ASSIGNMENT((#7541));
#7541 = SURFACE_STYLE_USAGE(.BOTH.,#7542);
#7542 = SURFACE_SIDE_STYLE('',(#7543));
#7543 = SURFACE_STYLE_FILL_AREA(#7544);
#7544 = FILL_AREA_STYLE('',(#7545));
#7545 = FILL_AREA_STYLE_COLOUR('',#7209);
#7546 = STYLED_ITEM('color',(#7547),#4370);
#7547 = PRESENTATION_STYLE_ASSIGNMENT((#7548));
#7548 = SURFACE_STYLE_USAGE(.BOTH.,#7549);
#7549 = SURFACE_SIDE_STYLE('',(#7550));
#7550 = SURFACE_STYLE_FILL_AREA(#7551);
#7551 = FILL_AREA_STYLE('',(#7552));
#7552 = FILL_AREA_STYLE_COLOUR('',#7209);
#7553 = STYLED_ITEM('color',(#7554),#4394);
#7554 = PRESENTATION_STYLE_ASSIGNMENT((#7555));
#7555 = SURFACE_STYLE_USAGE(.BOTH.,#7556);
#7556 = SURFACE_SIDE_STYLE('',(#7557));
#7557 = SURFACE_STYLE_FILL_AREA(#7558);
#7558 = FILL_AREA_STYLE('',(#7559));
#7559 = FILL_AREA_STYLE_COLOUR('',#7209);
#7560 = STYLED_ITEM('color',(#7561),#4418);
#7561 = PRESENTATION_STYLE_ASSIGNMENT((#7562));
#7562 = SURFACE_STYLE_USAGE(.BOTH.,#7563);
#7563 = SURFACE_SIDE_STYLE('',(#7564));
#7564 = SURFACE_STYLE_FILL_AREA(#7565);
#7565 = FILL_AREA_STYLE('',(#7566));
#7566 = FILL_AREA_STYLE_COLOUR('',#7209);
#7567 = STYLED_ITEM('color',(#7568),#4435);
#7568 = PRESENTATION_STYLE_ASSIGNMENT((#7569));
#7569 = SURFACE_STYLE_USAGE(.BOTH.,#7570);
#7570 = SURFACE_SIDE_STYLE('',(#7571));
#7571 = SURFACE_STYLE_FILL_AREA(#7572);
#7572 = FILL_AREA_STYLE('',(#7573));
#7573 = FILL_AREA_STYLE_COLOUR('',#7209);
#7574 = STYLED_ITEM('color',(#7575),#4466);
#7575 = PRESENTATION_STYLE_ASSIGNMENT((#7576));
#7576 = SURFACE_STYLE_USAGE(.BOTH.,#7577);
#7577 = SURFACE_SIDE_STYLE('',(#7578));
#7578 = SURFACE_STYLE_FILL_AREA(#7579);
#7579 = FILL_AREA_STYLE('',(#7580));
#7580 = FILL_AREA_STYLE_COLOUR('',#7209);
#7581 = STYLED_ITEM('color',(#7582),#4490);
#7582 = PRESENTATION_STYLE_ASSIGNMENT((#7583));
#7583 = SURFACE_STYLE_USAGE(.BOTH.,#7584);
#7584 = SURFACE_SIDE_STYLE('',(#7585));
#7585 = SURFACE_STYLE_FILL_AREA(#7586);
#7586 = FILL_AREA_STYLE('',(#7587));
#7587 = FILL_AREA_STYLE_COLOUR('',#7209);
#7588 = STYLED_ITEM('color',(#7589),#4514);
#7589 = PRESENTATION_STYLE_ASSIGNMENT((#7590));
#7590 = SURFACE_STYLE_USAGE(.BOTH.,#7591);
#7591 = SURFACE_SIDE_STYLE('',(#7592));
#7592 = SURFACE_STYLE_FILL_AREA(#7593);
#7593 = FILL_AREA_STYLE('',(#7594));
#7594 = FILL_AREA_STYLE_COLOUR('',#7209);
#7595 = STYLED_ITEM('color',(#7596),#4531);
#7596 = PRESENTATION_STYLE_ASSIGNMENT((#7597));
#7597 = SURFACE_STYLE_USAGE(.BOTH.,#7598);
#7598 = SURFACE_SIDE_STYLE('',(#7599));
#7599 = SURFACE_STYLE_FILL_AREA(#7600);
#7600 = FILL_AREA_STYLE('',(#7601));
#7601 = FILL_AREA_STYLE_COLOUR('',#7209);
#7602 = STYLED_ITEM('color',(#7603),#4548);
#7603 = PRESENTATION_STYLE_ASSIGNMENT((#7604));
#7604 = SURFACE_STYLE_USAGE(.BOTH.,#7605);
#7605 = SURFACE_SIDE_STYLE('',(#7606));
#7606 = SURFACE_STYLE_FILL_AREA(#7607);
#7607 = FILL_AREA_STYLE('',(#7608));
#7608 = FILL_AREA_STYLE_COLOUR('',#7209);
#7609 = STYLED_ITEM('color',(#7610),#4565);
#7610 = PRESENTATION_STYLE_ASSIGNMENT((#7611));
#7611 = SURFACE_STYLE_USAGE(.BOTH.,#7612);
#7612 = SURFACE_SIDE_STYLE('',(#7613));
#7613 = SURFACE_STYLE_FILL_AREA(#7614);
#7614 = FILL_AREA_STYLE('',(#7615));
#7615 = FILL_AREA_STYLE_COLOUR('',#7209);
#7616 = STYLED_ITEM('color',(#7617),#4577);
#7617 = PRESENTATION_STYLE_ASSIGNMENT((#7618));
#7618 = SURFACE_STYLE_USAGE(.BOTH.,#7619);
#7619 = SURFACE_SIDE_STYLE('',(#7620));
#7620 = SURFACE_STYLE_FILL_AREA(#7621);
#7621 = FILL_AREA_STYLE('',(#7622));
#7622 = FILL_AREA_STYLE_COLOUR('',#7209);
#7623 = STYLED_ITEM('color',(#7624),#4594);
#7624 = PRESENTATION_STYLE_ASSIGNMENT((#7625));
#7625 = SURFACE_STYLE_USAGE(.BOTH.,#7626);
#7626 = SURFACE_SIDE_STYLE('',(#7627));
#7627 = SURFACE_STYLE_FILL_AREA(#7628);
#7628 = FILL_AREA_STYLE('',(#7629));
#7629 = FILL_AREA_STYLE_COLOUR('',#7209);
#7630 = STYLED_ITEM('color',(#7631),#4611);
#7631 = PRESENTATION_STYLE_ASSIGNMENT((#7632));
#7632 = SURFACE_STYLE_USAGE(.BOTH.,#7633);
#7633 = SURFACE_SIDE_STYLE('',(#7634));
#7634 = SURFACE_STYLE_FILL_AREA(#7635);
#7635 = FILL_AREA_STYLE('',(#7636));
#7636 = FILL_AREA_STYLE_COLOUR('',#7209);
#7637 = STYLED_ITEM('color',(#7638),#4623);
#7638 = PRESENTATION_STYLE_ASSIGNMENT((#7639));
#7639 = SURFACE_STYLE_USAGE(.BOTH.,#7640);
#7640 = SURFACE_SIDE_STYLE('',(#7641));
#7641 = SURFACE_STYLE_FILL_AREA(#7642);
#7642 = FILL_AREA_STYLE('',(#7643));
#7643 = FILL_AREA_STYLE_COLOUR('',#7209);
#7644 = STYLED_ITEM('color',(#7645),#4640);
#7645 = PRESENTATION_STYLE_ASSIGNMENT((#7646));
#7646 = SURFACE_STYLE_USAGE(.BOTH.,#7647);
#7647 = SURFACE_SIDE_STYLE('',(#7648));
#7648 = SURFACE_STYLE_FILL_AREA(#7649);
#7649 = FILL_AREA_STYLE('',(#7650));
#7650 = FILL_AREA_STYLE_COLOUR('',#7209);
#7651 = STYLED_ITEM('color',(#7652),#4657);
#7652 = PRESENTATION_STYLE_ASSIGNMENT((#7653));
#7653 = SURFACE_STYLE_USAGE(.BOTH.,#7654);
#7654 = SURFACE_SIDE_STYLE('',(#7655));
#7655 = SURFACE_STYLE_FILL_AREA(#7656);
#7656 = FILL_AREA_STYLE('',(#7657));
#7657 = FILL_AREA_STYLE_COLOUR('',#7209);
#7658 = STYLED_ITEM('color',(#7659),#4669);
#7659 = PRESENTATION_STYLE_ASSIGNMENT((#7660));
#7660 = SURFACE_STYLE_USAGE(.BOTH.,#7661);
#7661 = SURFACE_SIDE_STYLE('',(#7662));
#7662 = SURFACE_STYLE_FILL_AREA(#7663);
#7663 = FILL_AREA_STYLE('',(#7664));
#7664 = FILL_AREA_STYLE_COLOUR('',#7209);
#7665 = STYLED_ITEM('color',(#7666),#4700);
#7666 = PRESENTATION_STYLE_ASSIGNMENT((#7667));
#7667 = SURFACE_STYLE_USAGE(.BOTH.,#7668);
#7668 = SURFACE_SIDE_STYLE('',(#7669));
#7669 = SURFACE_STYLE_FILL_AREA(#7670);
#7670 = FILL_AREA_STYLE('',(#7671));
#7671 = FILL_AREA_STYLE_COLOUR('',#7209);
#7672 = STYLED_ITEM('color',(#7673),#4724);
#7673 = PRESENTATION_STYLE_ASSIGNMENT((#7674));
#7674 = SURFACE_STYLE_USAGE(.BOTH.,#7675);
#7675 = SURFACE_SIDE_STYLE('',(#7676));
#7676 = SURFACE_STYLE_FILL_AREA(#7677);
#7677 = FILL_AREA_STYLE('',(#7678));
#7678 = FILL_AREA_STYLE_COLOUR('',#7209);
#7679 = STYLED_ITEM('color',(#7680),#4748);
#7680 = PRESENTATION_STYLE_ASSIGNMENT((#7681));
#7681 = SURFACE_STYLE_USAGE(.BOTH.,#7682);
#7682 = SURFACE_SIDE_STYLE('',(#7683));
#7683 = SURFACE_STYLE_FILL_AREA(#7684);
#7684 = FILL_AREA_STYLE('',(#7685));
#7685 = FILL_AREA_STYLE_COLOUR('',#7209);
#7686 = STYLED_ITEM('color',(#7687),#4765);
#7687 = PRESENTATION_STYLE_ASSIGNMENT((#7688));
#7688 = SURFACE_STYLE_USAGE(.BOTH.,#7689);
#7689 = SURFACE_SIDE_STYLE('',(#7690));
#7690 = SURFACE_STYLE_FILL_AREA(#7691);
#7691 = FILL_AREA_STYLE('',(#7692));
#7692 = FILL_AREA_STYLE_COLOUR('',#7209);
#7693 = STYLED_ITEM('color',(#7694),#4796);
#7694 = PRESENTATION_STYLE_ASSIGNMENT((#7695));
#7695 = SURFACE_STYLE_USAGE(.BOTH.,#7696);
#7696 = SURFACE_SIDE_STYLE('',(#7697));
#7697 = SURFACE_STYLE_FILL_AREA(#7698);
#7698 = FILL_AREA_STYLE('',(#7699));
#7699 = FILL_AREA_STYLE_COLOUR('',#7209);
#7700 = STYLED_ITEM('color',(#7701),#4820);
#7701 = PRESENTATION_STYLE_ASSIGNMENT((#7702));
#7702 = SURFACE_STYLE_USAGE(.BOTH.,#7703);
#7703 = SURFACE_SIDE_STYLE('',(#7704));
#7704 = SURFACE_STYLE_FILL_AREA(#7705);
#7705 = FILL_AREA_STYLE('',(#7706));
#7706 = FILL_AREA_STYLE_COLOUR('',#7209);
#7707 = STYLED_ITEM('color',(#7708),#4844);
#7708 = PRESENTATION_STYLE_ASSIGNMENT((#7709));
#7709 = SURFACE_STYLE_USAGE(.BOTH.,#7710);
#7710 = SURFACE_SIDE_STYLE('',(#7711));
#7711 = SURFACE_STYLE_FILL_AREA(#7712);
#7712 = FILL_AREA_STYLE('',(#7713));
#7713 = FILL_AREA_STYLE_COLOUR('',#7209);
#7714 = STYLED_ITEM('color',(#7715),#4861);
#7715 = PRESENTATION_STYLE_ASSIGNMENT((#7716));
#7716 = SURFACE_STYLE_USAGE(.BOTH.,#7717);
#7717 = SURFACE_SIDE_STYLE('',(#7718));
#7718 = SURFACE_STYLE_FILL_AREA(#7719);
#7719 = FILL_AREA_STYLE('',(#7720));
#7720 = FILL_AREA_STYLE_COLOUR('',#7209);
#7721 = STYLED_ITEM('color',(#7722),#4892);
#7722 = PRESENTATION_STYLE_ASSIGNMENT((#7723));
#7723 = SURFACE_STYLE_USAGE(.BOTH.,#7724);
#7724 = SURFACE_SIDE_STYLE('',(#7725));
#7725 = SURFACE_STYLE_FILL_AREA(#7726);
#7726 = FILL_AREA_STYLE('',(#7727));
#7727 = FILL_AREA_STYLE_COLOUR('',#7209);
#7728 = STYLED_ITEM('color',(#7729),#4916);
#7729 = PRESENTATION_STYLE_ASSIGNMENT((#7730));
#7730 = SURFACE_STYLE_USAGE(.BOTH.,#7731);
#7731 = SURFACE_SIDE_STYLE('',(#7732));
#7732 = SURFACE_STYLE_FILL_AREA(#7733);
#7733 = FILL_AREA_STYLE('',(#7734));
#7734 = FILL_AREA_STYLE_COLOUR('',#7209);
#7735 = STYLED_ITEM('color',(#7736),#4940);
#7736 = PRESENTATION_STYLE_ASSIGNMENT((#7737));
#7737 = SURFACE_STYLE_USAGE(.BOTH.,#7738);
#7738 = SURFACE_SIDE_STYLE('',(#7739));
#7739 = SURFACE_STYLE_FILL_AREA(#7740);
#7740 = FILL_AREA_STYLE('',(#7741));
#7741 = FILL_AREA_STYLE_COLOUR('',#7209);
#7742 = STYLED_ITEM('color',(#7743),#4957);
#7743 = PRESENTATION_STYLE_ASSIGNMENT((#7744));
#7744 = SURFACE_STYLE_USAGE(.BOTH.,#7745);
#7745 = SURFACE_SIDE_STYLE('',(#7746));
#7746 = SURFACE_STYLE_FILL_AREA(#7747);
#7747 = FILL_AREA_STYLE('',(#7748));
#7748 = FILL_AREA_STYLE_COLOUR('',#7209);
#7749 = STYLED_ITEM('color',(#7750),#4969);
#7750 = PRESENTATION_STYLE_ASSIGNMENT((#7751));
#7751 = SURFACE_STYLE_USAGE(.BOTH.,#7752);
#7752 = SURFACE_SIDE_STYLE('',(#7753));
#7753 = SURFACE_STYLE_FILL_AREA(#7754);
#7754 = FILL_AREA_STYLE('',(#7755));
#7755 = FILL_AREA_STYLE_COLOUR('',#7209);
#7756 = STYLED_ITEM('color',(#7757),#4981);
#7757 = PRESENTATION_STYLE_ASSIGNMENT((#7758));
#7758 = SURFACE_STYLE_USAGE(.BOTH.,#7759);
#7759 = SURFACE_SIDE_STYLE('',(#7760));
#7760 = SURFACE_STYLE_FILL_AREA(#7761);
#7761 = FILL_AREA_STYLE('',(#7762));
#7762 = FILL_AREA_STYLE_COLOUR('',#7209);
#7763 = MECHANICAL_DESIGN_GEOMETRIC_PRESENTATION_REPRESENTATION('',(
    #7764),#6790);
#7764 = STYLED_ITEM('color',(#7765),#5017);
#7765 = PRESENTATION_STYLE_ASSIGNMENT((#7766));
#7766 = SURFACE_STYLE_USAGE(.BOTH.,#7767);
#7767 = SURFACE_SIDE_STYLE('',(#7768));
#7768 = SURFACE_STYLE_FILL_AREA(#7769);
#7769 = FILL_AREA_STYLE('',(#7770));
#7770 = FILL_AREA_STYLE_COLOUR('',#7771);
#7771 = COLOUR_RGB('',0.313304153717,0.484529207832,0.410020903123);
#7772 = MECHANICAL_DESIGN_GEOMETRIC_PRESENTATION_REPRESENTATION('',(
    #7773,#7781,#7788,#7795,#7802,#7809,#7817,#7824,#7831,#7838,#7845,
    #7852,#7859,#7866,#7873),#743);
#7773 = STYLED_ITEM('color',(#7774),#82);
#7774 = PRESENTATION_STYLE_ASSIGNMENT((#7775));
#7775 = SURFACE_STYLE_USAGE(.BOTH.,#7776);
#7776 = SURFACE_SIDE_STYLE('',(#7777));
#7777 = SURFACE_STYLE_FILL_AREA(#7778);
#7778 = FILL_AREA_STYLE('',(#7779));
#7779 = FILL_AREA_STYLE_COLOUR('',#7780);
#7780 = COLOUR_RGB('',0.883000012551,0.711000022565,0.492000011028);
#7781 = STYLED_ITEM('color',(#7782),#115);
#7782 = PRESENTATION_STYLE_ASSIGNMENT((#7783));
#7783 = SURFACE_STYLE_USAGE(.BOTH.,#7784);
#7784 = SURFACE_SIDE_STYLE('',(#7785));
#7785 = SURFACE_STYLE_FILL_AREA(#7786);
#7786 = FILL_AREA_STYLE('',(#7787));
#7787 = FILL_AREA_STYLE_COLOUR('',#7780);
#7788 = STYLED_ITEM('color',(#7789),#141);
#7789 = PRESENTATION_STYLE_ASSIGNMENT((#7790));
#7790 = SURFACE_STYLE_USAGE(.BOTH.,#7791);
#7791 = SURFACE_SIDE_STYLE('',(#7792));
#7792 = SURFACE_STYLE_FILL_AREA(#7793);
#7793 = FILL_AREA_STYLE('',(#7794));
#7794 = FILL_AREA_STYLE_COLOUR('',#7780);
#7795 = STYLED_ITEM('color',(#7796),#161);
#7796 = PRESENTATION_STYLE_ASSIGNMENT((#7797));
#7797 = SURFACE_STYLE_USAGE(.BOTH.,#7798);
#7798 = SURFACE_SIDE_STYLE('',(#7799));
#7799 = SURFACE_STYLE_FILL_AREA(#7800);
#7800 = FILL_AREA_STYLE('',(#7801));
#7801 = FILL_AREA_STYLE_COLOUR('',#7780);
#7802 = STYLED_ITEM('color',(#7803),#344);
#7803 = PRESENTATION_STYLE_ASSIGNMENT((#7804));
#7804 = SURFACE_STYLE_USAGE(.BOTH.,#7805);
#7805 = SURFACE_SIDE_STYLE('',(#7806));
#7806 = SURFACE_STYLE_FILL_AREA(#7807);
#7807 = FILL_AREA_STYLE('',(#7808));
#7808 = FILL_AREA_STYLE_COLOUR('',#7780);
#7809 = STYLED_ITEM('color',(#7810),#369);
#7810 = PRESENTATION_STYLE_ASSIGNMENT((#7811));
#7811 = SURFACE_STYLE_USAGE(.BOTH.,#7812);
#7812 = SURFACE_SIDE_STYLE('',(#7813));
#7813 = SURFACE_STYLE_FILL_AREA(#7814);
#7814 = FILL_AREA_STYLE('',(#7815));
#7815 = FILL_AREA_STYLE_COLOUR('',#7816);
#7816 = COLOUR_RGB('',0.823999987314,0.819999987296,0.781000009244);
#7817 = STYLED_ITEM('color',(#7818),#395);
#7818 = PRESENTATION_STYLE_ASSIGNMENT((#7819));
#7819 = SURFACE_STYLE_USAGE(.BOTH.,#7820);
#7820 = SURFACE_SIDE_STYLE('',(#7821));
#7821 = SURFACE_STYLE_FILL_AREA(#7822);
#7822 = FILL_AREA_STYLE('',(#7823));
#7823 = FILL_AREA_STYLE_COLOUR('',#7780);
#7824 = STYLED_ITEM('color',(#7825),#415);
#7825 = PRESENTATION_STYLE_ASSIGNMENT((#7826));
#7826 = SURFACE_STYLE_USAGE(.BOTH.,#7827);
#7827 = SURFACE_SIDE_STYLE('',(#7828));
#7828 = SURFACE_STYLE_FILL_AREA(#7829);
#7829 = FILL_AREA_STYLE('',(#7830));
#7830 = FILL_AREA_STYLE_COLOUR('',#7816);
#7831 = STYLED_ITEM('color',(#7832),#440);
#7832 = PRESENTATION_STYLE_ASSIGNMENT((#7833));
#7833 = SURFACE_STYLE_USAGE(.BOTH.,#7834);
#7834 = SURFACE_SIDE_STYLE('',(#7835));
#7835 = SURFACE_STYLE_FILL_AREA(#7836);
#7836 = FILL_AREA_STYLE('',(#7837));
#7837 = FILL_AREA_STYLE_COLOUR('',#7780);
#7838 = STYLED_ITEM('color',(#7839),#465);
#7839 = PRESENTATION_STYLE_ASSIGNMENT((#7840));
#7840 = SURFACE_STYLE_USAGE(.BOTH.,#7841);
#7841 = SURFACE_SIDE_STYLE('',(#7842));
#7842 = SURFACE_STYLE_FILL_AREA(#7843);
#7843 = FILL_AREA_STYLE('',(#7844));
#7844 = FILL_AREA_STYLE_COLOUR('',#7816);
#7845 = STYLED_ITEM('color',(#7846),#474);
#7846 = PRESENTATION_STYLE_ASSIGNMENT((#7847));
#7847 = SURFACE_STYLE_USAGE(.BOTH.,#7848);
#7848 = SURFACE_SIDE_STYLE('',(#7849));
#7849 = SURFACE_STYLE_FILL_AREA(#7850);
#7850 = FILL_AREA_STYLE('',(#7851));
#7851 = FILL_AREA_STYLE_COLOUR('',#7780);
#7852 = STYLED_ITEM('color',(#7853),#500);
#7853 = PRESENTATION_STYLE_ASSIGNMENT((#7854));
#7854 = SURFACE_STYLE_USAGE(.BOTH.,#7855);
#7855 = SURFACE_SIDE_STYLE('',(#7856));
#7856 = SURFACE_STYLE_FILL_AREA(#7857);
#7857 = FILL_AREA_STYLE('',(#7858));
#7858 = FILL_AREA_STYLE_COLOUR('',#7780);
#7859 = STYLED_ITEM('color',(#7860),#683);
#7860 = PRESENTATION_STYLE_ASSIGNMENT((#7861));
#7861 = SURFACE_STYLE_USAGE(.BOTH.,#7862);
#7862 = SURFACE_SIDE_STYLE('',(#7863));
#7863 = SURFACE_STYLE_FILL_AREA(#7864);
#7864 = FILL_AREA_STYLE('',(#7865));
#7865 = FILL_AREA_STYLE_COLOUR('',#7816);
#7866 = STYLED_ITEM('color',(#7867),#709);
#7867 = PRESENTATION_STYLE_ASSIGNMENT((#7868));
#7868 = SURFACE_STYLE_USAGE(.BOTH.,#7869);
#7869 = SURFACE_SIDE_STYLE('',(#7870));
#7870 = SURFACE_STYLE_FILL_AREA(#7871);
#7871 = FILL_AREA_STYLE('',(#7872));
#7872 = FILL_AREA_STYLE_COLOUR('',#7816);
#7873 = STYLED_ITEM('color',(#7874),#734);
#7874 = PRESENTATION_STYLE_ASSIGNMENT((#7875));
#7875 = SURFACE_STYLE_USAGE(.BOTH.,#7876);
#7876 = SURFACE_SIDE_STYLE('',(#7877));
#7877 = SURFACE_STYLE_FILL_AREA(#7878);
#7878 = FILL_AREA_STYLE('',(#7879));
#7879 = FILL_AREA_STYLE_COLOUR('',#7816);
ENDSEC;
END-ISO-10303-21;
