ISO-10303-21;
HEADER;
FILE_DESCRIPTION(('KiCad electronic assembly'),'2;1');
FILE_NAME('Hold LED board.step','2025-12-09T18:01:52',('Pcbnew'),(
    'Kicad'),'Open CASCADE STEP processor 7.8','KiCad to STEP converter'
  ,'Unknown');
FILE_SCHEMA(('AUTOMOTIVE_DESIGN { 1 0 10303 214 1 1 1 1 }'));
ENDSEC;
DATA;
#1 = APPLICATION_PROTOCOL_DEFINITION('international standard',
  'automotive_design',2000,#2);
#2 = APPLICATION_CONTEXT(
  'core data for automotive mechanical design processes');
#3 = SHAPE_DEFINITION_REPRESENTATION(#4,#10);
#4 = PRODUCT_DEFINITION_SHAPE('','',#5);
#5 = PRODUCT_DEFINITION('design','',#6,#9);
#6 = PRODUCT_DEFINITION_FORMATION('','',#7);
#7 = PRODUCT('Hold LED board 1','Hold LED board 1','',(#8));
#8 = PRODUCT_CONTEXT('',#2,'mechanical');
#9 = PRODUCT_DEFINITION_CONTEXT('part definition',#2,'design');
#10 = SHAPE_REPRESENTATION('',(#11,#15,#19,#23),#27);
#11 = AXIS2_PLACEMENT_3D('',#12,#13,#14);
#12 = CARTESIAN_POINT('',(0.,0.,0.));
#13 = DIRECTION('',(0.,0.,1.));
#14 = DIRECTION('',(1.,0.,-0.));
#15 = AXIS2_PLACEMENT_3D('',#16,#17,#18);
#16 = CARTESIAN_POINT('',(209.5,-81.73,1.65));
#17 = DIRECTION('',(-0.,0.,1.));
#18 = DIRECTION('',(1.110223024625E-16,-1.,0.));
#19 = AXIS2_PLACEMENT_3D('',#20,#21,#22);
#20 = CARTESIAN_POINT('',(207.23,-73.5,2.95));
#21 = DIRECTION('',(0.,-1.224646799147E-16,-1.));
#22 = DIRECTION('',(1.,0.,0.));
#23 = AXIS2_PLACEMENT_3D('',#24,#25,#26);
#24 = CARTESIAN_POINT('',(0.,0.,0.));
#25 = DIRECTION('',(0.,0.,1.));
#26 = DIRECTION('',(1.,0.,-0.));
#27 = ( GEOMETRIC_REPRESENTATION_CONTEXT(3) 
GLOBAL_UNCERTAINTY_ASSIGNED_CONTEXT((#31)) GLOBAL_UNIT_ASSIGNED_CONTEXT(
(#28,#29,#30)) REPRESENTATION_CONTEXT('Context #1',
  '3D Context with UNIT and UNCERTAINTY') );
#28 = ( LENGTH_UNIT() NAMED_UNIT(*) SI_UNIT(.MILLI.,.METRE.) );
#29 = ( NAMED_UNIT(*) PLANE_ANGLE_UNIT() SI_UNIT($,.RADIAN.) );
#30 = ( NAMED_UNIT(*) SI_UNIT($,.STERADIAN.) SOLID_ANGLE_UNIT() );
#31 = UNCERTAINTY_MEASURE_WITH_UNIT(LENGTH_MEASURE(1.E-07),#28,
  'distance_accuracy_value','confusion accuracy');
#32 = PRODUCT_RELATED_PRODUCT_CATEGORY('part',$,(#7));
#33 = SHAPE_DEFINITION_REPRESENTATION(#34,#40);
#34 = PRODUCT_DEFINITION_SHAPE('','',#35);
#35 = PRODUCT_DEFINITION('design','',#36,#39);
#36 = PRODUCT_DEFINITION_FORMATION('','',#37);
#37 = PRODUCT('JST_XH_S2B-XH-A_1x02_P2.50mm_Horizontal',
  'JST_XH_S2B-XH-A_1x02_P2.50mm_Horizontal','',(#38));
#38 = PRODUCT_CONTEXT('',#2,'mechanical');
#39 = PRODUCT_DEFINITION_CONTEXT('part definition',#2,'design');
#40 = SHAPE_REPRESENTATION('',(#11,#41),#45);
#41 = AXIS2_PLACEMENT_3D('',#42,#43,#44);
#42 = CARTESIAN_POINT('',(0.,0.,0.));
#43 = DIRECTION('',(0.,0.,1.));
#44 = DIRECTION('',(1.,0.,-0.));
#45 = ( GEOMETRIC_REPRESENTATION_CONTEXT(3) 
GLOBAL_UNCERTAINTY_ASSIGNED_CONTEXT((#49)) GLOBAL_UNIT_ASSIGNED_CONTEXT(
(#46,#47,#48)) REPRESENTATION_CONTEXT('Context #1',
  '3D Context with UNIT and UNCERTAINTY') );
#46 = ( LENGTH_UNIT() NAMED_UNIT(*) SI_UNIT(.MILLI.,.METRE.) );
#47 = ( NAMED_UNIT(*) PLANE_ANGLE_UNIT() SI_UNIT($,.RADIAN.) );
#48 = ( NAMED_UNIT(*) SI_UNIT($,.STERADIAN.) SOLID_ANGLE_UNIT() );
#49 = UNCERTAINTY_MEASURE_WITH_UNIT(LENGTH_MEASURE(1.E-07),#46,
  'distance_accuracy_value','confusion accuracy');
#50 = CONTEXT_DEPENDENT_SHAPE_REPRESENTATION(#51,#53);
#51 = ( REPRESENTATION_RELATIONSHIP('','',#40,#10) 
REPRESENTATION_RELATIONSHIP_WITH_TRANSFORMATION(#52) 
SHAPE_REPRESENTATION_RELATIONSHIP() );
#52 = ITEM_DEFINED_TRANSFORMATION('','',#11,#15);
#53 = PRODUCT_DEFINITION_SHAPE('Placement','Placement of an item',#54);
#54 = NEXT_ASSEMBLY_USAGE_OCCURRENCE('2','J1','',#5,#35,$);
#55 = PRODUCT_RELATED_PRODUCT_CATEGORY('part',$,(#37));
#56 = SHAPE_DEFINITION_REPRESENTATION(#57,#63);
#57 = PRODUCT_DEFINITION_SHAPE('','',#58);
#58 = PRODUCT_DEFINITION('design','',#59,#62);
#59 = PRODUCT_DEFINITION_FORMATION('','',#60);
#60 = PRODUCT('JST_S2B_XH_A','JST_S2B_XH_A','',(#61));
#61 = PRODUCT_CONTEXT('',#2,'mechanical');
#62 = PRODUCT_DEFINITION_CONTEXT('part definition',#2,'design');
#63 = ADVANCED_BREP_SHAPE_REPRESENTATION('',(#11,#64),#3315);
#64 = MANIFOLD_SOLID_BREP('',#65);
#65 = CLOSED_SHELL('',(#66,#170,#217,#257,#281,#321,#345,#385,#409,#449,
    #489,#529,#617,#650,#674,#746,#886,#903,#949,#966,#1012,#1036,#1101,
    #1118,#1130,#1161,#1186,#1203,#1235,#1259,#1276,#1288,#1312,#1337,
    #1482,#1499,#1516,#1533,#1550,#1567,#1584,#1601,#1618,#1635,#1652,
    #1669,#1686,#1698,#1729,#1819,#1843,#1926,#2023,#2047,#2137,#2154,
    #2179,#2196,#2223,#2250,#2267,#2347,#2364,#2381,#2398,#2415,#2448,
    #2488,#2519,#2536,#2548,#2581,#2598,#2615,#2632,#2665,#2705,#2736,
    #2753,#2770,#2782,#2815,#2846,#2870,#2894,#2911,#2942,#2966,#2990,
    #3007,#3024,#3041,#3053,#3070,#3087,#3099,#3130,#3154,#3178,#3195,
    #3226,#3250,#3274,#3291,#3303));
#66 = ADVANCED_FACE('',(#67),#165,.F.);
#67 = FACE_BOUND('',#68,.F.);
#68 = EDGE_LOOP('',(#69,#79,#87,#95,#103,#111,#119,#127,#135,#143,#151,
    #159));
#69 = ORIENTED_EDGE('',*,*,#70,.F.);
#70 = EDGE_CURVE('',#71,#73,#75,.T.);
#71 = VERTEX_POINT('',#72);
#72 = CARTESIAN_POINT('',(-1.95,-2.2,0.35));
#73 = VERTEX_POINT('',#74);
#74 = CARTESIAN_POINT('',(-0.75,-2.2,0.35));
#75 = LINE('',#76,#77);
#76 = CARTESIAN_POINT('',(-2.45,-2.2,0.35));
#77 = VECTOR('',#78,1.);
#78 = DIRECTION('',(1.,-1.224646799147E-16,0.));
#79 = ORIENTED_EDGE('',*,*,#80,.F.);
#80 = EDGE_CURVE('',#81,#71,#83,.T.);
#81 = VERTEX_POINT('',#82);
#82 = CARTESIAN_POINT('',(-1.95,-9.2,0.35));
#83 = LINE('',#84,#85);
#84 = CARTESIAN_POINT('',(-1.95,-9.2,0.35));
#85 = VECTOR('',#86,1.);
#86 = DIRECTION('',(1.224646799147E-16,1.,0.));
#87 = ORIENTED_EDGE('',*,*,#88,.T.);
#88 = EDGE_CURVE('',#81,#89,#91,.T.);
#89 = VERTEX_POINT('',#90);
#90 = CARTESIAN_POINT('',(4.45,-9.2,0.35));
#91 = LINE('',#92,#93);
#92 = CARTESIAN_POINT('',(-2.45,-9.2,0.35));
#93 = VECTOR('',#94,1.);
#94 = DIRECTION('',(1.,-1.224646799147E-16,0.));
#95 = ORIENTED_EDGE('',*,*,#96,.T.);
#96 = EDGE_CURVE('',#89,#97,#99,.T.);
#97 = VERTEX_POINT('',#98);
#98 = CARTESIAN_POINT('',(4.45,-2.2,0.35));
#99 = LINE('',#100,#101);
#100 = CARTESIAN_POINT('',(4.45,-9.2,0.35));
#101 = VECTOR('',#102,1.);
#102 = DIRECTION('',(1.224646799147E-16,1.,0.));
#103 = ORIENTED_EDGE('',*,*,#104,.F.);
#104 = EDGE_CURVE('',#105,#97,#107,.T.);
#105 = VERTEX_POINT('',#106);
#106 = CARTESIAN_POINT('',(3.25,-2.2,0.35));
#107 = LINE('',#108,#109);
#108 = CARTESIAN_POINT('',(-2.45,-2.2,0.35));
#109 = VECTOR('',#110,1.);
#110 = DIRECTION('',(1.,-1.224646799147E-16,0.));
#111 = ORIENTED_EDGE('',*,*,#112,.F.);
#112 = EDGE_CURVE('',#113,#105,#115,.T.);
#113 = VERTEX_POINT('',#114);
#114 = CARTESIAN_POINT('',(3.25,-3.2,0.35));
#115 = LINE('',#116,#117);
#116 = CARTESIAN_POINT('',(3.25,-3.2,0.35));
#117 = VECTOR('',#118,1.);
#118 = DIRECTION('',(1.224646799147E-16,1.,-1.110223024625E-16));
#119 = ORIENTED_EDGE('',*,*,#120,.T.);
#120 = EDGE_CURVE('',#113,#121,#123,.T.);
#121 = VERTEX_POINT('',#122);
#122 = CARTESIAN_POINT('',(1.75,-3.2,0.35));
#123 = LINE('',#124,#125);
#124 = CARTESIAN_POINT('',(3.25,-3.2,0.35));
#125 = VECTOR('',#126,1.);
#126 = DIRECTION('',(-1.,1.224646799147E-16,0.));
#127 = ORIENTED_EDGE('',*,*,#128,.T.);
#128 = EDGE_CURVE('',#121,#129,#131,.T.);
#129 = VERTEX_POINT('',#130);
#130 = CARTESIAN_POINT('',(1.75,-2.2,0.35));
#131 = LINE('',#132,#133);
#132 = CARTESIAN_POINT('',(1.75,-3.2,0.35));
#133 = VECTOR('',#134,1.);
#134 = DIRECTION('',(1.224646799147E-16,1.,-1.110223024625E-16));
#135 = ORIENTED_EDGE('',*,*,#136,.F.);
#136 = EDGE_CURVE('',#137,#129,#139,.T.);
#137 = VERTEX_POINT('',#138);
#138 = CARTESIAN_POINT('',(0.75,-2.2,0.35));
#139 = LINE('',#140,#141);
#140 = CARTESIAN_POINT('',(-2.45,-2.2,0.35));
#141 = VECTOR('',#142,1.);
#142 = DIRECTION('',(1.,-1.224646799147E-16,0.));
#143 = ORIENTED_EDGE('',*,*,#144,.F.);
#144 = EDGE_CURVE('',#145,#137,#147,.T.);
#145 = VERTEX_POINT('',#146);
#146 = CARTESIAN_POINT('',(0.75,-3.2,0.35));
#147 = LINE('',#148,#149);
#148 = CARTESIAN_POINT('',(0.75,-3.2,0.35));
#149 = VECTOR('',#150,1.);
#150 = DIRECTION('',(1.224646799147E-16,1.,-1.110223024625E-16));
#151 = ORIENTED_EDGE('',*,*,#152,.T.);
#152 = EDGE_CURVE('',#145,#153,#155,.T.);
#153 = VERTEX_POINT('',#154);
#154 = CARTESIAN_POINT('',(-0.75,-3.2,0.35));
#155 = LINE('',#156,#157);
#156 = CARTESIAN_POINT('',(0.75,-3.2,0.35));
#157 = VECTOR('',#158,1.);
#158 = DIRECTION('',(-1.,1.224646799147E-16,0.));
#159 = ORIENTED_EDGE('',*,*,#160,.T.);
#160 = EDGE_CURVE('',#153,#73,#161,.T.);
#161 = LINE('',#162,#163);
#162 = CARTESIAN_POINT('',(-0.75,-3.2,0.35));
#163 = VECTOR('',#164,1.);
#164 = DIRECTION('',(1.224646799147E-16,1.,-1.110223024625E-16));
#165 = PLANE('',#166);
#166 = AXIS2_PLACEMENT_3D('',#167,#168,#169);
#167 = CARTESIAN_POINT('',(-2.45,-2.2,0.35));
#168 = DIRECTION('',(1.359631073447E-32,1.110223024625E-16,1.));
#169 = DIRECTION('',(1.,-1.224646799147E-16,-6.927121900793E-45));
#170 = ADVANCED_FACE('',(#171),#212,.F.);
#171 = FACE_BOUND('',#172,.F.);
#172 = EDGE_LOOP('',(#173,#181,#182,#190,#198,#206));
#173 = ORIENTED_EDGE('',*,*,#174,.F.);
#174 = EDGE_CURVE('',#71,#175,#177,.T.);
#175 = VERTEX_POINT('',#176);
#176 = CARTESIAN_POINT('',(-1.95,-2.2,5.35));
#177 = LINE('',#178,#179);
#178 = CARTESIAN_POINT('',(-1.95,-2.2,0.35));
#179 = VECTOR('',#180,1.);
#180 = DIRECTION('',(0.,0.,1.));
#181 = ORIENTED_EDGE('',*,*,#70,.T.);
#182 = ORIENTED_EDGE('',*,*,#183,.T.);
#183 = EDGE_CURVE('',#73,#184,#186,.T.);
#184 = VERTEX_POINT('',#185);
#185 = CARTESIAN_POINT('',(-0.75,-2.2,6.1));
#186 = LINE('',#187,#188);
#187 = CARTESIAN_POINT('',(-0.75,-2.2,0.35));
#188 = VECTOR('',#189,1.);
#189 = DIRECTION('',(1.359631073447E-32,1.110223024625E-16,1.));
#190 = ORIENTED_EDGE('',*,*,#191,.T.);
#191 = EDGE_CURVE('',#184,#192,#194,.T.);
#192 = VERTEX_POINT('',#193);
#193 = CARTESIAN_POINT('',(-2.45,-2.2,6.1));
#194 = LINE('',#195,#196);
#195 = CARTESIAN_POINT('',(4.95,-2.2,6.1));
#196 = VECTOR('',#197,1.);
#197 = DIRECTION('',(-1.,1.224646799147E-16,0.));
#198 = ORIENTED_EDGE('',*,*,#199,.T.);
#199 = EDGE_CURVE('',#192,#200,#202,.T.);
#200 = VERTEX_POINT('',#201);
#201 = CARTESIAN_POINT('',(-2.45,-2.2,5.35));
#202 = LINE('',#203,#204);
#203 = CARTESIAN_POINT('',(-2.45,-2.2,6.1));
#204 = VECTOR('',#205,1.);
#205 = DIRECTION('',(-1.359631073447E-32,-1.110223024625E-16,-1.));
#206 = ORIENTED_EDGE('',*,*,#207,.F.);
#207 = EDGE_CURVE('',#175,#200,#208,.T.);
#208 = LINE('',#209,#210);
#209 = CARTESIAN_POINT('',(-1.95,-2.2,5.35));
#210 = VECTOR('',#211,1.);
#211 = DIRECTION('',(-1.,1.224646799147E-16,0.));
#212 = PLANE('',#213);
#213 = AXIS2_PLACEMENT_3D('',#214,#215,#216);
#214 = CARTESIAN_POINT('',(1.25,-2.2,3.225));
#215 = DIRECTION('',(-1.224646799147E-16,-1.,1.110223024625E-16));
#216 = DIRECTION('',(-1.,1.224646799147E-16,0.));
#217 = ADVANCED_FACE('',(#218),#252,.T.);
#218 = FACE_BOUND('',#219,.T.);
#219 = EDGE_LOOP('',(#220,#228,#236,#244,#250,#251));
#220 = ORIENTED_EDGE('',*,*,#221,.T.);
#221 = EDGE_CURVE('',#184,#222,#224,.T.);
#222 = VERTEX_POINT('',#223);
#223 = CARTESIAN_POINT('',(-0.75,-3.2,6.1));
#224 = LINE('',#225,#226);
#225 = CARTESIAN_POINT('',(-0.75,-2.2,6.1));
#226 = VECTOR('',#227,1.);
#227 = DIRECTION('',(-1.224646799147E-16,-1.,1.110223024625E-16));
#228 = ORIENTED_EDGE('',*,*,#229,.T.);
#229 = EDGE_CURVE('',#222,#230,#232,.T.);
#230 = VERTEX_POINT('',#231);
#231 = CARTESIAN_POINT('',(-0.75,-2.5,4.25));
#232 = LINE('',#233,#234);
#233 = CARTESIAN_POINT('',(-0.75,-3.2,6.1));
#234 = VECTOR('',#235,1.);
#235 = DIRECTION('',(4.33392824344E-17,0.353892097416,-0.935286257456));
#236 = ORIENTED_EDGE('',*,*,#237,.T.);
#237 = EDGE_CURVE('',#230,#238,#240,.T.);
#238 = VERTEX_POINT('',#239);
#239 = CARTESIAN_POINT('',(-0.75,-2.5,3.25));
#240 = LINE('',#241,#242);
#241 = CARTESIAN_POINT('',(-0.75,-2.5,4.25));
#242 = VECTOR('',#243,1.);
#243 = DIRECTION('',(-1.359631073447E-32,-1.110223024625E-16,-1.));
#244 = ORIENTED_EDGE('',*,*,#245,.T.);
#245 = EDGE_CURVE('',#238,#153,#246,.T.);
#246 = LINE('',#247,#248);
#247 = CARTESIAN_POINT('',(-0.75,-2.5,3.25));
#248 = VECTOR('',#249,1.);
#249 = DIRECTION('',(-2.87351777816E-17,-0.234640533104,-0.972082208573)
  );
#250 = ORIENTED_EDGE('',*,*,#160,.T.);
#251 = ORIENTED_EDGE('',*,*,#183,.T.);
#252 = PLANE('',#253);
#253 = AXIS2_PLACEMENT_3D('',#254,#255,#256);
#254 = CARTESIAN_POINT('',(-0.75,-2.530008245993,3.234548643504));
#255 = DIRECTION('',(1.,-1.224646799147E-16,6.435104022508E-33));
#256 = DIRECTION('',(1.224646799147E-16,1.,-1.110223024625E-16));
#257 = ADVANCED_FACE('',(#258),#276,.F.);
#258 = FACE_BOUND('',#259,.F.);
#259 = EDGE_LOOP('',(#260,#268,#269,#270));
#260 = ORIENTED_EDGE('',*,*,#261,.T.);
#261 = EDGE_CURVE('',#262,#238,#264,.T.);
#262 = VERTEX_POINT('',#263);
#263 = CARTESIAN_POINT('',(0.75,-2.5,3.25));
#264 = LINE('',#265,#266);
#265 = CARTESIAN_POINT('',(0.75,-2.5,3.25));
#266 = VECTOR('',#267,1.);
#267 = DIRECTION('',(-1.,1.224646799147E-16,0.));
#268 = ORIENTED_EDGE('',*,*,#245,.T.);
#269 = ORIENTED_EDGE('',*,*,#152,.F.);
#270 = ORIENTED_EDGE('',*,*,#271,.F.);
#271 = EDGE_CURVE('',#262,#145,#272,.T.);
#272 = LINE('',#273,#274);
#273 = CARTESIAN_POINT('',(0.75,-2.5,3.25));
#274 = VECTOR('',#275,1.);
#275 = DIRECTION('',(-2.87351777816E-17,-0.234640533104,-0.972082208573)
  );
#276 = PLANE('',#277);
#277 = AXIS2_PLACEMENT_3D('',#278,#279,#280);
#278 = CARTESIAN_POINT('',(0.75,-2.5,3.25));
#279 = DIRECTION('',(-1.190457365237E-16,-0.972082208573,0.234640533104)
  );
#280 = DIRECTION('',(-2.87351777816E-17,-0.234640533104,-0.972082208573)
  );
#281 = ADVANCED_FACE('',(#282),#316,.F.);
#282 = FACE_BOUND('',#283,.F.);
#283 = EDGE_LOOP('',(#284,#294,#302,#308,#309,#310));
#284 = ORIENTED_EDGE('',*,*,#285,.T.);
#285 = EDGE_CURVE('',#286,#288,#290,.T.);
#286 = VERTEX_POINT('',#287);
#287 = CARTESIAN_POINT('',(0.75,-2.2,6.1));
#288 = VERTEX_POINT('',#289);
#289 = CARTESIAN_POINT('',(0.75,-3.2,6.1));
#290 = LINE('',#291,#292);
#291 = CARTESIAN_POINT('',(0.75,-2.2,6.1));
#292 = VECTOR('',#293,1.);
#293 = DIRECTION('',(-1.224646799147E-16,-1.,1.110223024625E-16));
#294 = ORIENTED_EDGE('',*,*,#295,.T.);
#295 = EDGE_CURVE('',#288,#296,#298,.T.);
#296 = VERTEX_POINT('',#297);
#297 = CARTESIAN_POINT('',(0.75,-2.5,4.25));
#298 = LINE('',#299,#300);
#299 = CARTESIAN_POINT('',(0.75,-3.2,6.1));
#300 = VECTOR('',#301,1.);
#301 = DIRECTION('',(4.33392824344E-17,0.353892097416,-0.935286257456));
#302 = ORIENTED_EDGE('',*,*,#303,.T.);
#303 = EDGE_CURVE('',#296,#262,#304,.T.);
#304 = LINE('',#305,#306);
#305 = CARTESIAN_POINT('',(0.75,-2.5,4.25));
#306 = VECTOR('',#307,1.);
#307 = DIRECTION('',(-1.359631073447E-32,-1.110223024625E-16,-1.));
#308 = ORIENTED_EDGE('',*,*,#271,.T.);
#309 = ORIENTED_EDGE('',*,*,#144,.T.);
#310 = ORIENTED_EDGE('',*,*,#311,.T.);
#311 = EDGE_CURVE('',#137,#286,#312,.T.);
#312 = LINE('',#313,#314);
#313 = CARTESIAN_POINT('',(0.75,-2.2,0.35));
#314 = VECTOR('',#315,1.);
#315 = DIRECTION('',(1.359631073447E-32,1.110223024625E-16,1.));
#316 = PLANE('',#317);
#317 = AXIS2_PLACEMENT_3D('',#318,#319,#320);
#318 = CARTESIAN_POINT('',(0.75,-2.530008245993,3.234548643504));
#319 = DIRECTION('',(1.,-1.224646799147E-16,6.435104022508E-33));
#320 = DIRECTION('',(1.224646799147E-16,1.,-1.110223024625E-16));
#321 = ADVANCED_FACE('',(#322),#340,.F.);
#322 = FACE_BOUND('',#323,.F.);
#323 = EDGE_LOOP('',(#324,#325,#333,#339));
#324 = ORIENTED_EDGE('',*,*,#136,.T.);
#325 = ORIENTED_EDGE('',*,*,#326,.T.);
#326 = EDGE_CURVE('',#129,#327,#329,.T.);
#327 = VERTEX_POINT('',#328);
#328 = CARTESIAN_POINT('',(1.75,-2.2,6.1));
#329 = LINE('',#330,#331);
#330 = CARTESIAN_POINT('',(1.75,-2.2,0.35));
#331 = VECTOR('',#332,1.);
#332 = DIRECTION('',(1.359631073447E-32,1.110223024625E-16,1.));
#333 = ORIENTED_EDGE('',*,*,#334,.T.);
#334 = EDGE_CURVE('',#327,#286,#335,.T.);
#335 = LINE('',#336,#337);
#336 = CARTESIAN_POINT('',(4.95,-2.2,6.1));
#337 = VECTOR('',#338,1.);
#338 = DIRECTION('',(-1.,1.224646799147E-16,0.));
#339 = ORIENTED_EDGE('',*,*,#311,.F.);
#340 = PLANE('',#341);
#341 = AXIS2_PLACEMENT_3D('',#342,#343,#344);
#342 = CARTESIAN_POINT('',(1.25,-2.2,3.225));
#343 = DIRECTION('',(-1.224646799147E-16,-1.,1.110223024625E-16));
#344 = DIRECTION('',(-1.,1.224646799147E-16,0.));
#345 = ADVANCED_FACE('',(#346),#380,.T.);
#346 = FACE_BOUND('',#347,.T.);
#347 = EDGE_LOOP('',(#348,#356,#364,#372,#378,#379));
#348 = ORIENTED_EDGE('',*,*,#349,.T.);
#349 = EDGE_CURVE('',#327,#350,#352,.T.);
#350 = VERTEX_POINT('',#351);
#351 = CARTESIAN_POINT('',(1.75,-3.2,6.1));
#352 = LINE('',#353,#354);
#353 = CARTESIAN_POINT('',(1.75,-2.2,6.1));
#354 = VECTOR('',#355,1.);
#355 = DIRECTION('',(-1.224646799147E-16,-1.,1.110223024625E-16));
#356 = ORIENTED_EDGE('',*,*,#357,.T.);
#357 = EDGE_CURVE('',#350,#358,#360,.T.);
#358 = VERTEX_POINT('',#359);
#359 = CARTESIAN_POINT('',(1.75,-2.5,4.25));
#360 = LINE('',#361,#362);
#361 = CARTESIAN_POINT('',(1.75,-3.2,6.1));
#362 = VECTOR('',#363,1.);
#363 = DIRECTION('',(4.33392824344E-17,0.353892097416,-0.935286257456));
#364 = ORIENTED_EDGE('',*,*,#365,.T.);
#365 = EDGE_CURVE('',#358,#366,#368,.T.);
#366 = VERTEX_POINT('',#367);
#367 = CARTESIAN_POINT('',(1.75,-2.5,3.25));
#368 = LINE('',#369,#370);
#369 = CARTESIAN_POINT('',(1.75,-2.5,4.25));
#370 = VECTOR('',#371,1.);
#371 = DIRECTION('',(-1.359631073447E-32,-1.110223024625E-16,-1.));
#372 = ORIENTED_EDGE('',*,*,#373,.T.);
#373 = EDGE_CURVE('',#366,#121,#374,.T.);
#374 = LINE('',#375,#376);
#375 = CARTESIAN_POINT('',(1.75,-2.5,3.25));
#376 = VECTOR('',#377,1.);
#377 = DIRECTION('',(-2.87351777816E-17,-0.234640533104,-0.972082208573)
  );
#378 = ORIENTED_EDGE('',*,*,#128,.T.);
#379 = ORIENTED_EDGE('',*,*,#326,.T.);
#380 = PLANE('',#381);
#381 = AXIS2_PLACEMENT_3D('',#382,#383,#384);
#382 = CARTESIAN_POINT('',(1.75,-2.530008245993,3.234548643504));
#383 = DIRECTION('',(1.,-1.224646799147E-16,6.435104022508E-33));
#384 = DIRECTION('',(1.224646799147E-16,1.,-1.110223024625E-16));
#385 = ADVANCED_FACE('',(#386),#404,.F.);
#386 = FACE_BOUND('',#387,.F.);
#387 = EDGE_LOOP('',(#388,#396,#397,#398));
#388 = ORIENTED_EDGE('',*,*,#389,.T.);
#389 = EDGE_CURVE('',#390,#366,#392,.T.);
#390 = VERTEX_POINT('',#391);
#391 = CARTESIAN_POINT('',(3.25,-2.5,3.25));
#392 = LINE('',#393,#394);
#393 = CARTESIAN_POINT('',(3.25,-2.5,3.25));
#394 = VECTOR('',#395,1.);
#395 = DIRECTION('',(-1.,1.224646799147E-16,0.));
#396 = ORIENTED_EDGE('',*,*,#373,.T.);
#397 = ORIENTED_EDGE('',*,*,#120,.F.);
#398 = ORIENTED_EDGE('',*,*,#399,.F.);
#399 = EDGE_CURVE('',#390,#113,#400,.T.);
#400 = LINE('',#401,#402);
#401 = CARTESIAN_POINT('',(3.25,-2.5,3.25));
#402 = VECTOR('',#403,1.);
#403 = DIRECTION('',(-2.87351777816E-17,-0.234640533104,-0.972082208573)
  );
#404 = PLANE('',#405);
#405 = AXIS2_PLACEMENT_3D('',#406,#407,#408);
#406 = CARTESIAN_POINT('',(3.25,-2.5,3.25));
#407 = DIRECTION('',(-1.190457365237E-16,-0.972082208573,0.234640533104)
  );
#408 = DIRECTION('',(-2.87351777816E-17,-0.234640533104,-0.972082208573)
  );
#409 = ADVANCED_FACE('',(#410),#444,.F.);
#410 = FACE_BOUND('',#411,.F.);
#411 = EDGE_LOOP('',(#412,#422,#430,#436,#437,#438));
#412 = ORIENTED_EDGE('',*,*,#413,.T.);
#413 = EDGE_CURVE('',#414,#416,#418,.T.);
#414 = VERTEX_POINT('',#415);
#415 = CARTESIAN_POINT('',(3.25,-2.2,6.1));
#416 = VERTEX_POINT('',#417);
#417 = CARTESIAN_POINT('',(3.25,-3.2,6.1));
#418 = LINE('',#419,#420);
#419 = CARTESIAN_POINT('',(3.25,-2.2,6.1));
#420 = VECTOR('',#421,1.);
#421 = DIRECTION('',(-1.224646799147E-16,-1.,1.110223024625E-16));
#422 = ORIENTED_EDGE('',*,*,#423,.T.);
#423 = EDGE_CURVE('',#416,#424,#426,.T.);
#424 = VERTEX_POINT('',#425);
#425 = CARTESIAN_POINT('',(3.25,-2.5,4.25));
#426 = LINE('',#427,#428);
#427 = CARTESIAN_POINT('',(3.25,-3.2,6.1));
#428 = VECTOR('',#429,1.);
#429 = DIRECTION('',(4.33392824344E-17,0.353892097416,-0.935286257456));
#430 = ORIENTED_EDGE('',*,*,#431,.T.);
#431 = EDGE_CURVE('',#424,#390,#432,.T.);
#432 = LINE('',#433,#434);
#433 = CARTESIAN_POINT('',(3.25,-2.5,4.25));
#434 = VECTOR('',#435,1.);
#435 = DIRECTION('',(-1.359631073447E-32,-1.110223024625E-16,-1.));
#436 = ORIENTED_EDGE('',*,*,#399,.T.);
#437 = ORIENTED_EDGE('',*,*,#112,.T.);
#438 = ORIENTED_EDGE('',*,*,#439,.T.);
#439 = EDGE_CURVE('',#105,#414,#440,.T.);
#440 = LINE('',#441,#442);
#441 = CARTESIAN_POINT('',(3.25,-2.2,0.35));
#442 = VECTOR('',#443,1.);
#443 = DIRECTION('',(1.359631073447E-32,1.110223024625E-16,1.));
#444 = PLANE('',#445);
#445 = AXIS2_PLACEMENT_3D('',#446,#447,#448);
#446 = CARTESIAN_POINT('',(3.25,-2.530008245993,3.234548643504));
#447 = DIRECTION('',(1.,-1.224646799147E-16,6.435104022508E-33));
#448 = DIRECTION('',(1.224646799147E-16,1.,-1.110223024625E-16));
#449 = ADVANCED_FACE('',(#450),#484,.F.);
#450 = FACE_BOUND('',#451,.F.);
#451 = EDGE_LOOP('',(#452,#462,#470,#476,#477,#478));
#452 = ORIENTED_EDGE('',*,*,#453,.F.);
#453 = EDGE_CURVE('',#454,#456,#458,.T.);
#454 = VERTEX_POINT('',#455);
#455 = CARTESIAN_POINT('',(4.95,-2.2,5.35));
#456 = VERTEX_POINT('',#457);
#457 = CARTESIAN_POINT('',(4.45,-2.2,5.35));
#458 = LINE('',#459,#460);
#459 = CARTESIAN_POINT('',(4.95,-2.2,5.35));
#460 = VECTOR('',#461,1.);
#461 = DIRECTION('',(-1.,1.224646799147E-16,0.));
#462 = ORIENTED_EDGE('',*,*,#463,.T.);
#463 = EDGE_CURVE('',#454,#464,#466,.T.);
#464 = VERTEX_POINT('',#465);
#465 = CARTESIAN_POINT('',(4.95,-2.2,6.1));
#466 = LINE('',#467,#468);
#467 = CARTESIAN_POINT('',(4.95,-2.2,0.35));
#468 = VECTOR('',#469,1.);
#469 = DIRECTION('',(1.359631073447E-32,1.110223024625E-16,1.));
#470 = ORIENTED_EDGE('',*,*,#471,.T.);
#471 = EDGE_CURVE('',#464,#414,#472,.T.);
#472 = LINE('',#473,#474);
#473 = CARTESIAN_POINT('',(4.95,-2.2,6.1));
#474 = VECTOR('',#475,1.);
#475 = DIRECTION('',(-1.,1.224646799147E-16,0.));
#476 = ORIENTED_EDGE('',*,*,#439,.F.);
#477 = ORIENTED_EDGE('',*,*,#104,.T.);
#478 = ORIENTED_EDGE('',*,*,#479,.T.);
#479 = EDGE_CURVE('',#97,#456,#480,.T.);
#480 = LINE('',#481,#482);
#481 = CARTESIAN_POINT('',(4.45,-2.2,0.35));
#482 = VECTOR('',#483,1.);
#483 = DIRECTION('',(0.,0.,1.));
#484 = PLANE('',#485);
#485 = AXIS2_PLACEMENT_3D('',#486,#487,#488);
#486 = CARTESIAN_POINT('',(1.25,-2.2,3.225));
#487 = DIRECTION('',(-1.224646799147E-16,-1.,1.110223024625E-16));
#488 = DIRECTION('',(-1.,1.224646799147E-16,0.));
#489 = ADVANCED_FACE('',(#490),#524,.T.);
#490 = FACE_BOUND('',#491,.T.);
#491 = EDGE_LOOP('',(#492,#493,#501,#509,#517,#523));
#492 = ORIENTED_EDGE('',*,*,#479,.T.);
#493 = ORIENTED_EDGE('',*,*,#494,.T.);
#494 = EDGE_CURVE('',#456,#495,#497,.T.);
#495 = VERTEX_POINT('',#496);
#496 = CARTESIAN_POINT('',(4.45,2.3,2.85));
#497 = LINE('',#498,#499);
#498 = CARTESIAN_POINT('',(4.45,-2.2,5.35));
#499 = VECTOR('',#500,1.);
#500 = DIRECTION('',(1.070533910153E-16,0.874157276121,-0.485642931179)
  );
#501 = ORIENTED_EDGE('',*,*,#502,.T.);
#502 = EDGE_CURVE('',#495,#503,#505,.T.);
#503 = VERTEX_POINT('',#504);
#504 = CARTESIAN_POINT('',(4.45,2.3,0.));
#505 = LINE('',#506,#507);
#506 = CARTESIAN_POINT('',(4.45,2.3,2.85));
#507 = VECTOR('',#508,1.);
#508 = DIRECTION('',(-0.,0.,-1.));
#509 = ORIENTED_EDGE('',*,*,#510,.T.);
#510 = EDGE_CURVE('',#503,#511,#513,.T.);
#511 = VERTEX_POINT('',#512);
#512 = CARTESIAN_POINT('',(4.45,-9.2,0.));
#513 = LINE('',#514,#515);
#514 = CARTESIAN_POINT('',(4.45,2.3,0.));
#515 = VECTOR('',#516,1.);
#516 = DIRECTION('',(-1.224646799147E-16,-1.,0.));
#517 = ORIENTED_EDGE('',*,*,#518,.T.);
#518 = EDGE_CURVE('',#511,#89,#519,.T.);
#519 = LINE('',#520,#521);
#520 = CARTESIAN_POINT('',(4.45,-9.2,0.));
#521 = VECTOR('',#522,1.);
#522 = DIRECTION('',(0.,0.,1.));
#523 = ORIENTED_EDGE('',*,*,#96,.T.);
#524 = PLANE('',#525);
#525 = AXIS2_PLACEMENT_3D('',#526,#527,#528);
#526 = CARTESIAN_POINT('',(4.45,-2.731195501291,1.31652804741));
#527 = DIRECTION('',(-1.,1.224646799147E-16,-2.6657522746E-32));
#528 = DIRECTION('',(-2.6657522746E-32,3.264604990409E-48,1.));
#529 = ADVANCED_FACE('',(#530),#612,.T.);
#530 = FACE_BOUND('',#531,.T.);
#531 = EDGE_LOOP('',(#532,#542,#550,#558,#566,#572,#573,#574,#582,#590,
    #598,#606));
#532 = ORIENTED_EDGE('',*,*,#533,.F.);
#533 = EDGE_CURVE('',#534,#536,#538,.T.);
#534 = VERTEX_POINT('',#535);
#535 = CARTESIAN_POINT('',(-1.8,-9.2,4.25));
#536 = VERTEX_POINT('',#537);
#537 = CARTESIAN_POINT('',(-1.8,-9.2,0.9));
#538 = LINE('',#539,#540);
#539 = CARTESIAN_POINT('',(-1.8,-9.2,4.25));
#540 = VECTOR('',#541,1.);
#541 = DIRECTION('',(-1.359631073447E-32,-1.110223024625E-16,-1.));
#542 = ORIENTED_EDGE('',*,*,#543,.T.);
#543 = EDGE_CURVE('',#534,#544,#546,.T.);
#544 = VERTEX_POINT('',#545);
#545 = CARTESIAN_POINT('',(-2.45,-9.2,4.25));
#546 = LINE('',#547,#548);
#547 = CARTESIAN_POINT('',(4.95,-9.2,4.25));
#548 = VECTOR('',#549,1.);
#549 = DIRECTION('',(-1.,1.224646799147E-16,0.));
#550 = ORIENTED_EDGE('',*,*,#551,.T.);
#551 = EDGE_CURVE('',#544,#552,#554,.T.);
#552 = VERTEX_POINT('',#553);
#553 = CARTESIAN_POINT('',(-2.45,-9.2,0.));
#554 = LINE('',#555,#556);
#555 = CARTESIAN_POINT('',(-2.45,-9.2,6.1));
#556 = VECTOR('',#557,1.);
#557 = DIRECTION('',(-1.359631073447E-32,-1.110223024625E-16,-1.));
#558 = ORIENTED_EDGE('',*,*,#559,.F.);
#559 = EDGE_CURVE('',#560,#552,#562,.T.);
#560 = VERTEX_POINT('',#561);
#561 = CARTESIAN_POINT('',(-1.95,-9.2,0.));
#562 = LINE('',#563,#564);
#563 = CARTESIAN_POINT('',(-1.95,-9.2,0.));
#564 = VECTOR('',#565,1.);
#565 = DIRECTION('',(-1.,1.224646799147E-16,0.));
#566 = ORIENTED_EDGE('',*,*,#567,.T.);
#567 = EDGE_CURVE('',#560,#81,#568,.T.);
#568 = LINE('',#569,#570);
#569 = CARTESIAN_POINT('',(-1.95,-9.2,0.));
#570 = VECTOR('',#571,1.);
#571 = DIRECTION('',(0.,0.,1.));
#572 = ORIENTED_EDGE('',*,*,#88,.T.);
#573 = ORIENTED_EDGE('',*,*,#518,.F.);
#574 = ORIENTED_EDGE('',*,*,#575,.F.);
#575 = EDGE_CURVE('',#576,#511,#578,.T.);
#576 = VERTEX_POINT('',#577);
#577 = CARTESIAN_POINT('',(4.95,-9.2,0.));
#578 = LINE('',#579,#580);
#579 = CARTESIAN_POINT('',(4.95,-9.2,0.));
#580 = VECTOR('',#581,1.);
#581 = DIRECTION('',(-1.,1.224646799147E-16,0.));
#582 = ORIENTED_EDGE('',*,*,#583,.T.);
#583 = EDGE_CURVE('',#576,#584,#586,.T.);
#584 = VERTEX_POINT('',#585);
#585 = CARTESIAN_POINT('',(4.95,-9.2,4.25));
#586 = LINE('',#587,#588);
#587 = CARTESIAN_POINT('',(4.95,-9.2,0.));
#588 = VECTOR('',#589,1.);
#589 = DIRECTION('',(0.,0.,1.));
#590 = ORIENTED_EDGE('',*,*,#591,.T.);
#591 = EDGE_CURVE('',#584,#592,#594,.T.);
#592 = VERTEX_POINT('',#593);
#593 = CARTESIAN_POINT('',(4.3,-9.2,4.25));
#594 = LINE('',#595,#596);
#595 = CARTESIAN_POINT('',(4.95,-9.2,4.25));
#596 = VECTOR('',#597,1.);
#597 = DIRECTION('',(-1.,1.224646799147E-16,0.));
#598 = ORIENTED_EDGE('',*,*,#599,.F.);
#599 = EDGE_CURVE('',#600,#592,#602,.T.);
#600 = VERTEX_POINT('',#601);
#601 = CARTESIAN_POINT('',(4.3,-9.2,0.9));
#602 = LINE('',#603,#604);
#603 = CARTESIAN_POINT('',(4.3,-9.2,1.1));
#604 = VECTOR('',#605,1.);
#605 = DIRECTION('',(1.359631073447E-32,1.110223024625E-16,1.));
#606 = ORIENTED_EDGE('',*,*,#607,.F.);
#607 = EDGE_CURVE('',#536,#600,#608,.T.);
#608 = LINE('',#609,#610);
#609 = CARTESIAN_POINT('',(-1.6,-9.2,0.9));
#610 = VECTOR('',#611,1.);
#611 = DIRECTION('',(1.,-1.224646799147E-16,0.));
#612 = PLANE('',#613);
#613 = AXIS2_PLACEMENT_3D('',#614,#615,#616);
#614 = CARTESIAN_POINT('',(1.25,-9.2,1.586074918567));
#615 = DIRECTION('',(-1.224646799147E-16,-1.,-3.789065833701E-31));
#616 = DIRECTION('',(-4.640267345E-47,-3.789065833701E-31,1.));
#617 = ADVANCED_FACE('',(#618),#645,.F.);
#618 = FACE_BOUND('',#619,.F.);
#619 = EDGE_LOOP('',(#620,#621,#629,#637,#643,#644));
#620 = ORIENTED_EDGE('',*,*,#174,.T.);
#621 = ORIENTED_EDGE('',*,*,#622,.T.);
#622 = EDGE_CURVE('',#175,#623,#625,.T.);
#623 = VERTEX_POINT('',#624);
#624 = CARTESIAN_POINT('',(-1.95,2.3,2.85));
#625 = LINE('',#626,#627);
#626 = CARTESIAN_POINT('',(-1.95,-2.2,5.35));
#627 = VECTOR('',#628,1.);
#628 = DIRECTION('',(1.070533910153E-16,0.874157276121,-0.485642931179)
  );
#629 = ORIENTED_EDGE('',*,*,#630,.T.);
#630 = EDGE_CURVE('',#623,#631,#633,.T.);
#631 = VERTEX_POINT('',#632);
#632 = CARTESIAN_POINT('',(-1.95,2.3,0.));
#633 = LINE('',#634,#635);
#634 = CARTESIAN_POINT('',(-1.95,2.3,2.85));
#635 = VECTOR('',#636,1.);
#636 = DIRECTION('',(-0.,0.,-1.));
#637 = ORIENTED_EDGE('',*,*,#638,.T.);
#638 = EDGE_CURVE('',#631,#560,#639,.T.);
#639 = LINE('',#640,#641);
#640 = CARTESIAN_POINT('',(-1.95,2.3,0.));
#641 = VECTOR('',#642,1.);
#642 = DIRECTION('',(-1.224646799147E-16,-1.,0.));
#643 = ORIENTED_EDGE('',*,*,#567,.T.);
#644 = ORIENTED_EDGE('',*,*,#80,.T.);
#645 = PLANE('',#646);
#646 = AXIS2_PLACEMENT_3D('',#647,#648,#649);
#647 = CARTESIAN_POINT('',(-1.95,-2.731195501291,1.31652804741));
#648 = DIRECTION('',(-1.,1.224646799147E-16,-2.6657522746E-32));
#649 = DIRECTION('',(-2.6657522746E-32,3.264604990409E-48,1.));
#650 = ADVANCED_FACE('',(#651),#669,.F.);
#651 = FACE_BOUND('',#652,.F.);
#652 = EDGE_LOOP('',(#653,#654,#662,#668));
#653 = ORIENTED_EDGE('',*,*,#207,.T.);
#654 = ORIENTED_EDGE('',*,*,#655,.T.);
#655 = EDGE_CURVE('',#200,#656,#658,.T.);
#656 = VERTEX_POINT('',#657);
#657 = CARTESIAN_POINT('',(-2.45,2.3,2.85));
#658 = LINE('',#659,#660);
#659 = CARTESIAN_POINT('',(-2.45,-2.2,5.35));
#660 = VECTOR('',#661,1.);
#661 = DIRECTION('',(1.070533910153E-16,0.874157276121,-0.485642931179)
  );
#662 = ORIENTED_EDGE('',*,*,#663,.F.);
#663 = EDGE_CURVE('',#623,#656,#664,.T.);
#664 = LINE('',#665,#666);
#665 = CARTESIAN_POINT('',(-1.95,2.3,2.85));
#666 = VECTOR('',#667,1.);
#667 = DIRECTION('',(-1.,1.224646799147E-16,0.));
#668 = ORIENTED_EDGE('',*,*,#622,.F.);
#669 = PLANE('',#670);
#670 = AXIS2_PLACEMENT_3D('',#671,#672,#673);
#671 = CARTESIAN_POINT('',(-1.95,-2.2,5.35));
#672 = DIRECTION('',(-5.947410611962E-17,-0.485642931179,-0.874157276121
    ));
#673 = DIRECTION('',(1.070533910153E-16,0.874157276121,-0.485642931179)
  );
#674 = ADVANCED_FACE('',(#675),#741,.T.);
#675 = FACE_BOUND('',#676,.T.);
#676 = EDGE_LOOP('',(#677,#678,#679,#687,#693,#694,#702,#710,#719,#727,
    #735));
#677 = ORIENTED_EDGE('',*,*,#199,.T.);
#678 = ORIENTED_EDGE('',*,*,#655,.T.);
#679 = ORIENTED_EDGE('',*,*,#680,.T.);
#680 = EDGE_CURVE('',#656,#681,#683,.T.);
#681 = VERTEX_POINT('',#682);
#682 = CARTESIAN_POINT('',(-2.45,2.3,0.));
#683 = LINE('',#684,#685);
#684 = CARTESIAN_POINT('',(-2.45,2.3,2.85));
#685 = VECTOR('',#686,1.);
#686 = DIRECTION('',(-0.,0.,-1.));
#687 = ORIENTED_EDGE('',*,*,#688,.T.);
#688 = EDGE_CURVE('',#681,#552,#689,.T.);
#689 = LINE('',#690,#691);
#690 = CARTESIAN_POINT('',(-2.45,2.3,0.));
#691 = VECTOR('',#692,1.);
#692 = DIRECTION('',(-1.224646799147E-16,-1.,0.));
#693 = ORIENTED_EDGE('',*,*,#551,.F.);
#694 = ORIENTED_EDGE('',*,*,#695,.F.);
#695 = EDGE_CURVE('',#696,#544,#698,.T.);
#696 = VERTEX_POINT('',#697);
#697 = CARTESIAN_POINT('',(-2.45,-5.85,4.25));
#698 = LINE('',#699,#700);
#699 = CARTESIAN_POINT('',(-2.45,-4.025,4.25));
#700 = VECTOR('',#701,1.);
#701 = DIRECTION('',(-1.224646799147E-16,-1.,1.110223024625E-16));
#702 = ORIENTED_EDGE('',*,*,#703,.F.);
#703 = EDGE_CURVE('',#704,#696,#706,.T.);
#704 = VERTEX_POINT('',#705);
#705 = CARTESIAN_POINT('',(-2.45,-5.85,4.75));
#706 = LINE('',#707,#708);
#707 = CARTESIAN_POINT('',(-2.45,-5.85,5.425));
#708 = VECTOR('',#709,1.);
#709 = DIRECTION('',(-1.359631073447E-32,-1.110223024625E-16,-1.));
#710 = ORIENTED_EDGE('',*,*,#711,.T.);
#711 = EDGE_CURVE('',#704,#712,#714,.T.);
#712 = VERTEX_POINT('',#713);
#713 = CARTESIAN_POINT('',(-2.45,-6.35,5.25));
#714 = CIRCLE('',#715,0.5);
#715 = AXIS2_PLACEMENT_3D('',#716,#717,#718);
#716 = CARTESIAN_POINT('',(-2.45,-6.35,4.75));
#717 = DIRECTION('',(1.,-1.224646799147E-16,0.));
#718 = DIRECTION('',(1.359631073446E-32,1.110223024625E-16,1.));
#719 = ORIENTED_EDGE('',*,*,#720,.F.);
#720 = EDGE_CURVE('',#721,#712,#723,.T.);
#721 = VERTEX_POINT('',#722);
#722 = CARTESIAN_POINT('',(-2.45,-9.2,5.25));
#723 = LINE('',#724,#725);
#724 = CARTESIAN_POINT('',(-2.45,-5.7,5.25));
#725 = VECTOR('',#726,1.);
#726 = DIRECTION('',(1.224646799147E-16,1.,-1.110223024625E-16));
#727 = ORIENTED_EDGE('',*,*,#728,.F.);
#728 = EDGE_CURVE('',#729,#721,#731,.T.);
#729 = VERTEX_POINT('',#730);
#730 = CARTESIAN_POINT('',(-2.45,-9.2,6.1));
#731 = LINE('',#732,#733);
#732 = CARTESIAN_POINT('',(-2.45,-9.2,6.1));
#733 = VECTOR('',#734,1.);
#734 = DIRECTION('',(-1.359631073447E-32,-1.110223024625E-16,-1.));
#735 = ORIENTED_EDGE('',*,*,#736,.F.);
#736 = EDGE_CURVE('',#192,#729,#737,.T.);
#737 = LINE('',#738,#739);
#738 = CARTESIAN_POINT('',(-2.45,-2.2,6.1));
#739 = VECTOR('',#740,1.);
#740 = DIRECTION('',(-1.224646799147E-16,-1.,1.110223024625E-16));
#741 = PLANE('',#742);
#742 = AXIS2_PLACEMENT_3D('',#743,#744,#745);
#743 = CARTESIAN_POINT('',(-2.45,-4.427303270929,3.048284071859));
#744 = DIRECTION('',(-1.,1.224646799147E-16,0.));
#745 = DIRECTION('',(0.,0.,1.));
#746 = ADVANCED_FACE('',(#747),#881,.F.);
#747 = FACE_BOUND('',#748,.F.);
#748 = EDGE_LOOP('',(#749,#750,#758,#766,#774,#782,#790,#798,#807,#815,
    #824,#832,#840,#848,#856,#862,#863,#864,#865,#871,#872,#873,#874,
    #880));
#749 = ORIENTED_EDGE('',*,*,#471,.F.);
#750 = ORIENTED_EDGE('',*,*,#751,.T.);
#751 = EDGE_CURVE('',#464,#752,#754,.T.);
#752 = VERTEX_POINT('',#753);
#753 = CARTESIAN_POINT('',(4.95,-9.2,6.1));
#754 = LINE('',#755,#756);
#755 = CARTESIAN_POINT('',(4.95,-2.2,6.1));
#756 = VECTOR('',#757,1.);
#757 = DIRECTION('',(-1.224646799147E-16,-1.,1.110223024625E-16));
#758 = ORIENTED_EDGE('',*,*,#759,.T.);
#759 = EDGE_CURVE('',#752,#760,#762,.T.);
#760 = VERTEX_POINT('',#761);
#761 = CARTESIAN_POINT('',(3.,-9.2,6.1));
#762 = LINE('',#763,#764);
#763 = CARTESIAN_POINT('',(4.95,-9.2,6.1));
#764 = VECTOR('',#765,1.);
#765 = DIRECTION('',(-1.,1.224646799147E-16,0.));
#766 = ORIENTED_EDGE('',*,*,#767,.F.);
#767 = EDGE_CURVE('',#768,#760,#770,.T.);
#768 = VERTEX_POINT('',#769);
#769 = CARTESIAN_POINT('',(3.,-8.3,6.1));
#770 = LINE('',#771,#772);
#771 = CARTESIAN_POINT('',(3.,-8.3,6.1));
#772 = VECTOR('',#773,1.);
#773 = DIRECTION('',(1.242515477797E-16,-1.,1.110223024625E-16));
#774 = ORIENTED_EDGE('',*,*,#775,.F.);
#775 = EDGE_CURVE('',#776,#768,#778,.T.);
#776 = VERTEX_POINT('',#777);
#777 = CARTESIAN_POINT('',(2.75,-8.05,6.1));
#778 = LINE('',#779,#780);
#779 = CARTESIAN_POINT('',(2.75,-8.05,6.1));
#780 = VECTOR('',#781,1.);
#781 = DIRECTION('',(0.707106781187,-0.707106781187,7.850462293414E-17)
  );
#782 = ORIENTED_EDGE('',*,*,#783,.F.);
#783 = EDGE_CURVE('',#784,#776,#786,.T.);
#784 = VERTEX_POINT('',#785);
#785 = CARTESIAN_POINT('',(3.,-7.8,6.1));
#786 = LINE('',#787,#788);
#787 = CARTESIAN_POINT('',(3.,-7.8,6.1));
#788 = VECTOR('',#789,1.);
#789 = DIRECTION('',(-0.707106781187,-0.707106781187,7.850462293414E-17)
  );
#790 = ORIENTED_EDGE('',*,*,#791,.F.);
#791 = EDGE_CURVE('',#792,#784,#794,.T.);
#792 = VERTEX_POINT('',#793);
#793 = CARTESIAN_POINT('',(3.,-6.05,6.1));
#794 = LINE('',#795,#796);
#795 = CARTESIAN_POINT('',(3.,-5.3,6.1));
#796 = VECTOR('',#797,1.);
#797 = DIRECTION('',(-1.224646799147E-16,-1.,1.110223024625E-16));
#798 = ORIENTED_EDGE('',*,*,#799,.F.);
#799 = EDGE_CURVE('',#800,#792,#802,.T.);
#800 = VERTEX_POINT('',#801);
#801 = CARTESIAN_POINT('',(2.25,-5.3,6.1));
#802 = CIRCLE('',#803,0.75);
#803 = AXIS2_PLACEMENT_3D('',#804,#805,#806);
#804 = CARTESIAN_POINT('',(2.25,-6.05,6.1));
#805 = DIRECTION('',(-1.359631073447E-32,-1.110223024625E-16,-1.));
#806 = DIRECTION('',(-1.224646799147E-16,-1.,1.110223024625E-16));
#807 = ORIENTED_EDGE('',*,*,#808,.F.);
#808 = EDGE_CURVE('',#809,#800,#811,.T.);
#809 = VERTEX_POINT('',#810);
#810 = CARTESIAN_POINT('',(0.25,-5.3,6.1));
#811 = LINE('',#812,#813);
#812 = CARTESIAN_POINT('',(1.25,-5.3,6.1));
#813 = VECTOR('',#814,1.);
#814 = DIRECTION('',(1.,-1.224646799147E-16,0.));
#815 = ORIENTED_EDGE('',*,*,#816,.T.);
#816 = EDGE_CURVE('',#809,#817,#819,.T.);
#817 = VERTEX_POINT('',#818);
#818 = CARTESIAN_POINT('',(-0.5,-6.05,6.1));
#819 = CIRCLE('',#820,0.75);
#820 = AXIS2_PLACEMENT_3D('',#821,#822,#823);
#821 = CARTESIAN_POINT('',(0.25,-6.05,6.1));
#822 = DIRECTION('',(1.359631073447E-32,1.110223024625E-16,1.));
#823 = DIRECTION('',(-1.224646799147E-16,-1.,1.110223024625E-16));
#824 = ORIENTED_EDGE('',*,*,#825,.T.);
#825 = EDGE_CURVE('',#817,#826,#828,.T.);
#826 = VERTEX_POINT('',#827);
#827 = CARTESIAN_POINT('',(-0.5,-7.8,6.1));
#828 = LINE('',#829,#830);
#829 = CARTESIAN_POINT('',(-0.5,-5.3,6.1));
#830 = VECTOR('',#831,1.);
#831 = DIRECTION('',(-1.224646799147E-16,-1.,1.110223024625E-16));
#832 = ORIENTED_EDGE('',*,*,#833,.T.);
#833 = EDGE_CURVE('',#826,#834,#836,.T.);
#834 = VERTEX_POINT('',#835);
#835 = CARTESIAN_POINT('',(-0.25,-8.05,6.1));
#836 = LINE('',#837,#838);
#837 = CARTESIAN_POINT('',(-0.5,-7.8,6.1));
#838 = VECTOR('',#839,1.);
#839 = DIRECTION('',(0.707106781187,-0.707106781187,7.850462293414E-17)
  );
#840 = ORIENTED_EDGE('',*,*,#841,.T.);
#841 = EDGE_CURVE('',#834,#842,#844,.T.);
#842 = VERTEX_POINT('',#843);
#843 = CARTESIAN_POINT('',(-0.5,-8.3,6.1));
#844 = LINE('',#845,#846);
#845 = CARTESIAN_POINT('',(-0.25,-8.05,6.1));
#846 = VECTOR('',#847,1.);
#847 = DIRECTION('',(-0.707106781187,-0.707106781187,7.850462293414E-17)
  );
#848 = ORIENTED_EDGE('',*,*,#849,.T.);
#849 = EDGE_CURVE('',#842,#850,#852,.T.);
#850 = VERTEX_POINT('',#851);
#851 = CARTESIAN_POINT('',(-0.5,-9.2,6.1));
#852 = LINE('',#853,#854);
#853 = CARTESIAN_POINT('',(-0.5,-8.3,6.1));
#854 = VECTOR('',#855,1.);
#855 = DIRECTION('',(-1.224646799147E-16,-1.,1.110223024625E-16));
#856 = ORIENTED_EDGE('',*,*,#857,.T.);
#857 = EDGE_CURVE('',#850,#729,#858,.T.);
#858 = LINE('',#859,#860);
#859 = CARTESIAN_POINT('',(4.95,-9.2,6.1));
#860 = VECTOR('',#861,1.);
#861 = DIRECTION('',(-1.,1.224646799147E-16,0.));
#862 = ORIENTED_EDGE('',*,*,#736,.F.);
#863 = ORIENTED_EDGE('',*,*,#191,.F.);
#864 = ORIENTED_EDGE('',*,*,#221,.T.);
#865 = ORIENTED_EDGE('',*,*,#866,.F.);
#866 = EDGE_CURVE('',#288,#222,#867,.T.);
#867 = LINE('',#868,#869);
#868 = CARTESIAN_POINT('',(0.75,-3.2,6.1));
#869 = VECTOR('',#870,1.);
#870 = DIRECTION('',(-1.,1.224646799147E-16,0.));
#871 = ORIENTED_EDGE('',*,*,#285,.F.);
#872 = ORIENTED_EDGE('',*,*,#334,.F.);
#873 = ORIENTED_EDGE('',*,*,#349,.T.);
#874 = ORIENTED_EDGE('',*,*,#875,.F.);
#875 = EDGE_CURVE('',#416,#350,#876,.T.);
#876 = LINE('',#877,#878);
#877 = CARTESIAN_POINT('',(3.25,-3.2,6.1));
#878 = VECTOR('',#879,1.);
#879 = DIRECTION('',(-1.,1.224646799147E-16,0.));
#880 = ORIENTED_EDGE('',*,*,#413,.F.);
#881 = PLANE('',#882);
#882 = AXIS2_PLACEMENT_3D('',#883,#884,#885);
#883 = CARTESIAN_POINT('',(4.95,-2.2,6.1));
#884 = DIRECTION('',(-1.359631073447E-32,-1.110223024625E-16,-1.));
#885 = DIRECTION('',(-1.,1.224646799147E-16,6.927121900793E-45));
#886 = ADVANCED_FACE('',(#887),#898,.F.);
#887 = FACE_BOUND('',#888,.F.);
#888 = EDGE_LOOP('',(#889,#890,#891,#897));
#889 = ORIENTED_EDGE('',*,*,#866,.T.);
#890 = ORIENTED_EDGE('',*,*,#229,.T.);
#891 = ORIENTED_EDGE('',*,*,#892,.F.);
#892 = EDGE_CURVE('',#296,#230,#893,.T.);
#893 = LINE('',#894,#895);
#894 = CARTESIAN_POINT('',(0.75,-2.5,4.25));
#895 = VECTOR('',#896,1.);
#896 = DIRECTION('',(-1.,1.224646799147E-16,0.));
#897 = ORIENTED_EDGE('',*,*,#295,.F.);
#898 = PLANE('',#899);
#899 = AXIS2_PLACEMENT_3D('',#900,#901,#902);
#900 = CARTESIAN_POINT('',(0.75,-3.2,6.1));
#901 = DIRECTION('',(-1.14539532148E-16,-0.935286257456,-0.353892097416)
  );
#902 = DIRECTION('',(4.33392824344E-17,0.353892097416,-0.935286257456));
#903 = ADVANCED_FACE('',(#904,#910),#944,.F.);
#904 = FACE_BOUND('',#905,.F.);
#905 = EDGE_LOOP('',(#906,#907,#908,#909));
#906 = ORIENTED_EDGE('',*,*,#892,.T.);
#907 = ORIENTED_EDGE('',*,*,#237,.T.);
#908 = ORIENTED_EDGE('',*,*,#261,.F.);
#909 = ORIENTED_EDGE('',*,*,#303,.F.);
#910 = FACE_BOUND('',#911,.F.);
#911 = EDGE_LOOP('',(#912,#922,#930,#938));
#912 = ORIENTED_EDGE('',*,*,#913,.T.);
#913 = EDGE_CURVE('',#914,#916,#918,.T.);
#914 = VERTEX_POINT('',#915);
#915 = CARTESIAN_POINT('',(-0.32,-2.5,4.07));
#916 = VERTEX_POINT('',#917);
#917 = CARTESIAN_POINT('',(0.32,-2.5,4.07));
#918 = LINE('',#919,#920);
#919 = CARTESIAN_POINT('',(0.535,-2.5,4.07));
#920 = VECTOR('',#921,1.);
#921 = DIRECTION('',(1.,-1.224646799147E-16,0.));
#922 = ORIENTED_EDGE('',*,*,#923,.T.);
#923 = EDGE_CURVE('',#916,#924,#926,.T.);
#924 = VERTEX_POINT('',#925);
#925 = CARTESIAN_POINT('',(0.32,-2.5,3.43));
#926 = LINE('',#927,#928);
#927 = CARTESIAN_POINT('',(0.32,-2.5,3.150038014559));
#928 = VECTOR('',#929,1.);
#929 = DIRECTION('',(-1.359631073447E-32,-1.110223024625E-16,-1.));
#930 = ORIENTED_EDGE('',*,*,#931,.T.);
#931 = EDGE_CURVE('',#924,#932,#934,.T.);
#932 = VERTEX_POINT('',#933);
#933 = CARTESIAN_POINT('',(-0.32,-2.5,3.43));
#934 = LINE('',#935,#936);
#935 = CARTESIAN_POINT('',(0.535,-2.5,3.43));
#936 = VECTOR('',#937,1.);
#937 = DIRECTION('',(-1.,1.224646799147E-16,0.));
#938 = ORIENTED_EDGE('',*,*,#939,.F.);
#939 = EDGE_CURVE('',#914,#932,#940,.T.);
#940 = LINE('',#941,#942);
#941 = CARTESIAN_POINT('',(-0.32,-2.5,3.150038014559));
#942 = VECTOR('',#943,1.);
#943 = DIRECTION('',(-1.359631073447E-32,-1.110223024625E-16,-1.));
#944 = PLANE('',#945);
#945 = AXIS2_PLACEMENT_3D('',#946,#947,#948);
#946 = CARTESIAN_POINT('',(0.75,-2.5,4.25));
#947 = DIRECTION('',(-1.224646799147E-16,-1.,1.110223024625E-16));
#948 = DIRECTION('',(-1.359631073447E-32,-1.110223024625E-16,-1.));
#949 = ADVANCED_FACE('',(#950),#961,.F.);
#950 = FACE_BOUND('',#951,.F.);
#951 = EDGE_LOOP('',(#952,#953,#954,#960));
#952 = ORIENTED_EDGE('',*,*,#875,.T.);
#953 = ORIENTED_EDGE('',*,*,#357,.T.);
#954 = ORIENTED_EDGE('',*,*,#955,.F.);
#955 = EDGE_CURVE('',#424,#358,#956,.T.);
#956 = LINE('',#957,#958);
#957 = CARTESIAN_POINT('',(3.25,-2.5,4.25));
#958 = VECTOR('',#959,1.);
#959 = DIRECTION('',(-1.,1.224646799147E-16,0.));
#960 = ORIENTED_EDGE('',*,*,#423,.F.);
#961 = PLANE('',#962);
#962 = AXIS2_PLACEMENT_3D('',#963,#964,#965);
#963 = CARTESIAN_POINT('',(3.25,-3.2,6.1));
#964 = DIRECTION('',(-1.14539532148E-16,-0.935286257456,-0.353892097416)
  );
#965 = DIRECTION('',(4.33392824344E-17,0.353892097416,-0.935286257456));
#966 = ADVANCED_FACE('',(#967,#973),#1007,.F.);
#967 = FACE_BOUND('',#968,.F.);
#968 = EDGE_LOOP('',(#969,#970,#971,#972));
#969 = ORIENTED_EDGE('',*,*,#955,.T.);
#970 = ORIENTED_EDGE('',*,*,#365,.T.);
#971 = ORIENTED_EDGE('',*,*,#389,.F.);
#972 = ORIENTED_EDGE('',*,*,#431,.F.);
#973 = FACE_BOUND('',#974,.F.);
#974 = EDGE_LOOP('',(#975,#985,#993,#1001));
#975 = ORIENTED_EDGE('',*,*,#976,.F.);
#976 = EDGE_CURVE('',#977,#979,#981,.T.);
#977 = VERTEX_POINT('',#978);
#978 = CARTESIAN_POINT('',(2.18,-2.5,4.07));
#979 = VERTEX_POINT('',#980);
#980 = CARTESIAN_POINT('',(2.18,-2.5,3.43));
#981 = LINE('',#982,#983);
#982 = CARTESIAN_POINT('',(2.18,-2.5,3.150038014559));
#983 = VECTOR('',#984,1.);
#984 = DIRECTION('',(-1.359631073447E-32,-1.110223024625E-16,-1.));
#985 = ORIENTED_EDGE('',*,*,#986,.T.);
#986 = EDGE_CURVE('',#977,#987,#989,.T.);
#987 = VERTEX_POINT('',#988);
#988 = CARTESIAN_POINT('',(2.82,-2.5,4.07));
#989 = LINE('',#990,#991);
#990 = CARTESIAN_POINT('',(3.035,-2.5,4.07));
#991 = VECTOR('',#992,1.);
#992 = DIRECTION('',(1.,-1.224646799147E-16,0.));
#993 = ORIENTED_EDGE('',*,*,#994,.T.);
#994 = EDGE_CURVE('',#987,#995,#997,.T.);
#995 = VERTEX_POINT('',#996);
#996 = CARTESIAN_POINT('',(2.82,-2.5,3.43));
#997 = LINE('',#998,#999);
#998 = CARTESIAN_POINT('',(2.82,-2.5,3.150038014559));
#999 = VECTOR('',#1000,1.);
#1000 = DIRECTION('',(-1.359631073447E-32,-1.110223024625E-16,-1.));
#1001 = ORIENTED_EDGE('',*,*,#1002,.T.);
#1002 = EDGE_CURVE('',#995,#979,#1003,.T.);
#1003 = LINE('',#1004,#1005);
#1004 = CARTESIAN_POINT('',(3.035,-2.5,3.43));
#1005 = VECTOR('',#1006,1.);
#1006 = DIRECTION('',(-1.,1.224646799147E-16,0.));
#1007 = PLANE('',#1008);
#1008 = AXIS2_PLACEMENT_3D('',#1009,#1010,#1011);
#1009 = CARTESIAN_POINT('',(3.25,-2.5,4.25));
#1010 = DIRECTION('',(-1.224646799147E-16,-1.,1.110223024625E-16));
#1011 = DIRECTION('',(-1.359631073447E-32,-1.110223024625E-16,-1.));
#1012 = ADVANCED_FACE('',(#1013),#1031,.F.);
#1013 = FACE_BOUND('',#1014,.F.);
#1014 = EDGE_LOOP('',(#1015,#1016,#1017,#1025));
#1015 = ORIENTED_EDGE('',*,*,#453,.T.);
#1016 = ORIENTED_EDGE('',*,*,#494,.T.);
#1017 = ORIENTED_EDGE('',*,*,#1018,.F.);
#1018 = EDGE_CURVE('',#1019,#495,#1021,.T.);
#1019 = VERTEX_POINT('',#1020);
#1020 = CARTESIAN_POINT('',(4.95,2.3,2.85));
#1021 = LINE('',#1022,#1023);
#1022 = CARTESIAN_POINT('',(4.95,2.3,2.85));
#1023 = VECTOR('',#1024,1.);
#1024 = DIRECTION('',(-1.,1.224646799147E-16,0.));
#1025 = ORIENTED_EDGE('',*,*,#1026,.F.);
#1026 = EDGE_CURVE('',#454,#1019,#1027,.T.);
#1027 = LINE('',#1028,#1029);
#1028 = CARTESIAN_POINT('',(4.95,-2.2,5.35));
#1029 = VECTOR('',#1030,1.);
#1030 = DIRECTION('',(1.070533910153E-16,0.874157276121,-0.485642931179)
  );
#1031 = PLANE('',#1032);
#1032 = AXIS2_PLACEMENT_3D('',#1033,#1034,#1035);
#1033 = CARTESIAN_POINT('',(4.95,-2.2,5.35));
#1034 = DIRECTION('',(-5.947410611962E-17,-0.485642931179,
    -0.874157276121));
#1035 = DIRECTION('',(1.070533910153E-16,0.874157276121,-0.485642931179)
  );
#1036 = ADVANCED_FACE('',(#1037),#1096,.T.);
#1037 = FACE_BOUND('',#1038,.T.);
#1038 = EDGE_LOOP('',(#1039,#1040,#1048,#1054,#1055,#1056,#1057,#1065,
    #1073,#1082,#1090));
#1039 = ORIENTED_EDGE('',*,*,#583,.F.);
#1040 = ORIENTED_EDGE('',*,*,#1041,.F.);
#1041 = EDGE_CURVE('',#1042,#576,#1044,.T.);
#1042 = VERTEX_POINT('',#1043);
#1043 = CARTESIAN_POINT('',(4.95,2.3,0.));
#1044 = LINE('',#1045,#1046);
#1045 = CARTESIAN_POINT('',(4.95,2.3,0.));
#1046 = VECTOR('',#1047,1.);
#1047 = DIRECTION('',(-1.224646799147E-16,-1.,0.));
#1048 = ORIENTED_EDGE('',*,*,#1049,.F.);
#1049 = EDGE_CURVE('',#1019,#1042,#1050,.T.);
#1050 = LINE('',#1051,#1052);
#1051 = CARTESIAN_POINT('',(4.95,2.3,2.85));
#1052 = VECTOR('',#1053,1.);
#1053 = DIRECTION('',(-0.,0.,-1.));
#1054 = ORIENTED_EDGE('',*,*,#1026,.F.);
#1055 = ORIENTED_EDGE('',*,*,#463,.T.);
#1056 = ORIENTED_EDGE('',*,*,#751,.T.);
#1057 = ORIENTED_EDGE('',*,*,#1058,.F.);
#1058 = EDGE_CURVE('',#1059,#752,#1061,.T.);
#1059 = VERTEX_POINT('',#1060);
#1060 = CARTESIAN_POINT('',(4.95,-9.2,5.25));
#1061 = LINE('',#1062,#1063);
#1062 = CARTESIAN_POINT('',(4.95,-9.2,0.35));
#1063 = VECTOR('',#1064,1.);
#1064 = DIRECTION('',(1.359631073447E-32,1.110223024625E-16,1.));
#1065 = ORIENTED_EDGE('',*,*,#1066,.T.);
#1066 = EDGE_CURVE('',#1059,#1067,#1069,.T.);
#1067 = VERTEX_POINT('',#1068);
#1068 = CARTESIAN_POINT('',(4.95,-6.35,5.25));
#1069 = LINE('',#1070,#1071);
#1070 = CARTESIAN_POINT('',(4.95,-9.2,5.25));
#1071 = VECTOR('',#1072,1.);
#1072 = DIRECTION('',(1.224646799147E-16,1.,-1.110223024625E-16));
#1073 = ORIENTED_EDGE('',*,*,#1074,.T.);
#1074 = EDGE_CURVE('',#1067,#1075,#1077,.T.);
#1075 = VERTEX_POINT('',#1076);
#1076 = CARTESIAN_POINT('',(4.95,-5.85,4.75));
#1077 = CIRCLE('',#1078,0.5);
#1078 = AXIS2_PLACEMENT_3D('',#1079,#1080,#1081);
#1079 = CARTESIAN_POINT('',(4.95,-6.35,4.75));
#1080 = DIRECTION('',(-1.,1.224646799147E-16,0.));
#1081 = DIRECTION('',(1.359631073446E-32,1.110223024625E-16,1.));
#1082 = ORIENTED_EDGE('',*,*,#1083,.T.);
#1083 = EDGE_CURVE('',#1075,#1084,#1086,.T.);
#1084 = VERTEX_POINT('',#1085);
#1085 = CARTESIAN_POINT('',(4.95,-5.85,4.25));
#1086 = LINE('',#1087,#1088);
#1087 = CARTESIAN_POINT('',(4.95,-5.85,4.75));
#1088 = VECTOR('',#1089,1.);
#1089 = DIRECTION('',(-1.359631073447E-32,-1.110223024625E-16,-1.));
#1090 = ORIENTED_EDGE('',*,*,#1091,.T.);
#1091 = EDGE_CURVE('',#1084,#584,#1092,.T.);
#1092 = LINE('',#1093,#1094);
#1093 = CARTESIAN_POINT('',(4.95,-5.85,4.25));
#1094 = VECTOR('',#1095,1.);
#1095 = DIRECTION('',(-1.224646799147E-16,-1.,1.110223024625E-16));
#1096 = PLANE('',#1097);
#1097 = AXIS2_PLACEMENT_3D('',#1098,#1099,#1100);
#1098 = CARTESIAN_POINT('',(4.95,-4.427303270929,3.048284071859));
#1099 = DIRECTION('',(1.,-1.224646799147E-16,6.620219900325E-32));
#1100 = DIRECTION('',(6.620219900325E-32,-8.107431110585E-48,-1.));
#1101 = ADVANCED_FACE('',(#1102),#1113,.F.);
#1102 = FACE_BOUND('',#1103,.F.);
#1103 = EDGE_LOOP('',(#1104,#1105,#1106,#1112));
#1104 = ORIENTED_EDGE('',*,*,#1018,.T.);
#1105 = ORIENTED_EDGE('',*,*,#502,.T.);
#1106 = ORIENTED_EDGE('',*,*,#1107,.F.);
#1107 = EDGE_CURVE('',#1042,#503,#1108,.T.);
#1108 = LINE('',#1109,#1110);
#1109 = CARTESIAN_POINT('',(4.95,2.3,0.));
#1110 = VECTOR('',#1111,1.);
#1111 = DIRECTION('',(-1.,1.224646799147E-16,0.));
#1112 = ORIENTED_EDGE('',*,*,#1049,.F.);
#1113 = PLANE('',#1114);
#1114 = AXIS2_PLACEMENT_3D('',#1115,#1116,#1117);
#1115 = CARTESIAN_POINT('',(4.95,2.3,2.85));
#1116 = DIRECTION('',(-1.224646799147E-16,-1.,0.));
#1117 = DIRECTION('',(-0.,0.,-1.));
#1118 = ADVANCED_FACE('',(#1119),#1125,.F.);
#1119 = FACE_BOUND('',#1120,.F.);
#1120 = EDGE_LOOP('',(#1121,#1122,#1123,#1124));
#1121 = ORIENTED_EDGE('',*,*,#1107,.T.);
#1122 = ORIENTED_EDGE('',*,*,#510,.T.);
#1123 = ORIENTED_EDGE('',*,*,#575,.F.);
#1124 = ORIENTED_EDGE('',*,*,#1041,.F.);
#1125 = PLANE('',#1126);
#1126 = AXIS2_PLACEMENT_3D('',#1127,#1128,#1129);
#1127 = CARTESIAN_POINT('',(4.95,2.3,0.));
#1128 = DIRECTION('',(0.,0.,1.));
#1129 = DIRECTION('',(-1.224646799147E-16,-1.,0.));
#1130 = ADVANCED_FACE('',(#1131),#1156,.F.);
#1131 = FACE_BOUND('',#1132,.T.);
#1132 = EDGE_LOOP('',(#1133,#1141,#1142,#1150));
#1133 = ORIENTED_EDGE('',*,*,#1134,.F.);
#1134 = EDGE_CURVE('',#534,#1135,#1137,.T.);
#1135 = VERTEX_POINT('',#1136);
#1136 = CARTESIAN_POINT('',(-1.6,-9.,4.25));
#1137 = LINE('',#1138,#1139);
#1138 = CARTESIAN_POINT('',(0.775,-6.625,4.25));
#1139 = VECTOR('',#1140,1.);
#1140 = DIRECTION('',(0.707106781187,0.707106781187,-7.850462293414E-17)
  );
#1141 = ORIENTED_EDGE('',*,*,#533,.T.);
#1142 = ORIENTED_EDGE('',*,*,#1143,.T.);
#1143 = EDGE_CURVE('',#536,#1144,#1146,.T.);
#1144 = VERTEX_POINT('',#1145);
#1145 = CARTESIAN_POINT('',(-1.6,-9.,1.1));
#1146 = LINE('',#1147,#1148);
#1147 = CARTESIAN_POINT('',(-1.141666666667,-8.541666666667,
    1.558333333333));
#1148 = VECTOR('',#1149,1.);
#1149 = DIRECTION('',(0.57735026919,0.57735026919,0.57735026919));
#1150 = ORIENTED_EDGE('',*,*,#1151,.F.);
#1151 = EDGE_CURVE('',#1135,#1144,#1152,.T.);
#1152 = LINE('',#1153,#1154);
#1153 = CARTESIAN_POINT('',(-1.6,-9.,4.25));
#1154 = VECTOR('',#1155,1.);
#1155 = DIRECTION('',(-1.359631073447E-32,-1.110223024625E-16,-1.));
#1156 = PLANE('',#1157);
#1157 = AXIS2_PLACEMENT_3D('',#1158,#1159,#1160);
#1158 = CARTESIAN_POINT('',(-1.7,-9.1,4.25));
#1159 = DIRECTION('',(-0.707106781187,0.707106781187,-7.850462293414E-17
    ));
#1160 = DIRECTION('',(2.682127077751E-29,1.110223024625E-16,1.));
#1161 = ADVANCED_FACE('',(#1162),#1181,.T.);
#1162 = FACE_BOUND('',#1163,.T.);
#1163 = EDGE_LOOP('',(#1164,#1172,#1178,#1179,#1180));
#1164 = ORIENTED_EDGE('',*,*,#1165,.T.);
#1165 = EDGE_CURVE('',#1135,#1166,#1168,.T.);
#1166 = VERTEX_POINT('',#1167);
#1167 = CARTESIAN_POINT('',(-1.6,-5.85,4.25));
#1168 = LINE('',#1169,#1170);
#1169 = CARTESIAN_POINT('',(-1.6,-7.525,4.25));
#1170 = VECTOR('',#1171,1.);
#1171 = DIRECTION('',(1.224646799147E-16,1.,-1.110223024625E-16));
#1172 = ORIENTED_EDGE('',*,*,#1173,.T.);
#1173 = EDGE_CURVE('',#1166,#696,#1174,.T.);
#1174 = LINE('',#1175,#1176);
#1175 = CARTESIAN_POINT('',(4.95,-5.85,4.25));
#1176 = VECTOR('',#1177,1.);
#1177 = DIRECTION('',(-1.,1.224646799147E-16,0.));
#1178 = ORIENTED_EDGE('',*,*,#695,.T.);
#1179 = ORIENTED_EDGE('',*,*,#543,.F.);
#1180 = ORIENTED_EDGE('',*,*,#1134,.T.);
#1181 = PLANE('',#1182);
#1182 = AXIS2_PLACEMENT_3D('',#1183,#1184,#1185);
#1183 = CARTESIAN_POINT('',(4.95,-5.85,4.25));
#1184 = DIRECTION('',(1.359631073447E-32,1.110223024625E-16,1.));
#1185 = DIRECTION('',(-1.224646799147E-16,-1.,1.110223024625E-16));
#1186 = ADVANCED_FACE('',(#1187),#1198,.F.);
#1187 = FACE_BOUND('',#1188,.F.);
#1188 = EDGE_LOOP('',(#1189,#1195,#1196,#1197));
#1189 = ORIENTED_EDGE('',*,*,#1190,.T.);
#1190 = EDGE_CURVE('',#631,#681,#1191,.T.);
#1191 = LINE('',#1192,#1193);
#1192 = CARTESIAN_POINT('',(-1.95,2.3,0.));
#1193 = VECTOR('',#1194,1.);
#1194 = DIRECTION('',(-1.,1.224646799147E-16,0.));
#1195 = ORIENTED_EDGE('',*,*,#688,.T.);
#1196 = ORIENTED_EDGE('',*,*,#559,.F.);
#1197 = ORIENTED_EDGE('',*,*,#638,.F.);
#1198 = PLANE('',#1199);
#1199 = AXIS2_PLACEMENT_3D('',#1200,#1201,#1202);
#1200 = CARTESIAN_POINT('',(-1.95,2.3,0.));
#1201 = DIRECTION('',(0.,0.,1.));
#1202 = DIRECTION('',(-1.224646799147E-16,-1.,0.));
#1203 = ADVANCED_FACE('',(#1204),#1230,.T.);
#1204 = FACE_BOUND('',#1205,.T.);
#1205 = EDGE_LOOP('',(#1206,#1207,#1208,#1216,#1224));
#1206 = ORIENTED_EDGE('',*,*,#591,.F.);
#1207 = ORIENTED_EDGE('',*,*,#1091,.F.);
#1208 = ORIENTED_EDGE('',*,*,#1209,.T.);
#1209 = EDGE_CURVE('',#1084,#1210,#1212,.T.);
#1210 = VERTEX_POINT('',#1211);
#1211 = CARTESIAN_POINT('',(4.1,-5.85,4.25));
#1212 = LINE('',#1213,#1214);
#1213 = CARTESIAN_POINT('',(4.95,-5.85,4.25));
#1214 = VECTOR('',#1215,1.);
#1215 = DIRECTION('',(-1.,1.224646799147E-16,0.));
#1216 = ORIENTED_EDGE('',*,*,#1217,.T.);
#1217 = EDGE_CURVE('',#1210,#1218,#1220,.T.);
#1218 = VERTEX_POINT('',#1219);
#1219 = CARTESIAN_POINT('',(4.1,-9.,4.25));
#1220 = LINE('',#1221,#1222);
#1221 = CARTESIAN_POINT('',(4.1,-7.525,4.25));
#1222 = VECTOR('',#1223,1.);
#1223 = DIRECTION('',(-1.224646799147E-16,-1.,1.110223024625E-16));
#1224 = ORIENTED_EDGE('',*,*,#1225,.F.);
#1225 = EDGE_CURVE('',#592,#1218,#1226,.T.);
#1226 = LINE('',#1227,#1228);
#1227 = CARTESIAN_POINT('',(3.575,-8.475,4.25));
#1228 = VECTOR('',#1229,1.);
#1229 = DIRECTION('',(-0.707106781187,0.707106781187,-7.850462293414E-17
    ));
#1230 = PLANE('',#1231);
#1231 = AXIS2_PLACEMENT_3D('',#1232,#1233,#1234);
#1232 = CARTESIAN_POINT('',(4.95,-5.85,4.25));
#1233 = DIRECTION('',(1.359631073447E-32,1.110223024625E-16,1.));
#1234 = DIRECTION('',(-1.224646799147E-16,-1.,1.110223024625E-16));
#1235 = ADVANCED_FACE('',(#1236),#1254,.F.);
#1236 = FACE_BOUND('',#1237,.T.);
#1237 = EDGE_LOOP('',(#1238,#1246,#1247,#1248));
#1238 = ORIENTED_EDGE('',*,*,#1239,.F.);
#1239 = EDGE_CURVE('',#600,#1240,#1242,.T.);
#1240 = VERTEX_POINT('',#1241);
#1241 = CARTESIAN_POINT('',(4.1,-9.,1.1));
#1242 = LINE('',#1243,#1244);
#1243 = CARTESIAN_POINT('',(3.216666666667,-8.116666666667,
    1.983333333333));
#1244 = VECTOR('',#1245,1.);
#1245 = DIRECTION('',(-0.57735026919,0.57735026919,0.57735026919));
#1246 = ORIENTED_EDGE('',*,*,#599,.T.);
#1247 = ORIENTED_EDGE('',*,*,#1225,.T.);
#1248 = ORIENTED_EDGE('',*,*,#1249,.F.);
#1249 = EDGE_CURVE('',#1240,#1218,#1250,.T.);
#1250 = LINE('',#1251,#1252);
#1251 = CARTESIAN_POINT('',(4.1,-9.,1.1));
#1252 = VECTOR('',#1253,1.);
#1253 = DIRECTION('',(1.359631073447E-32,1.110223024625E-16,1.));
#1254 = PLANE('',#1255);
#1255 = AXIS2_PLACEMENT_3D('',#1256,#1257,#1258);
#1256 = CARTESIAN_POINT('',(4.2,-9.1,1.1));
#1257 = DIRECTION('',(0.707106781187,0.707106781187,-7.850462293414E-17)
  );
#1258 = DIRECTION('',(2.680278185005E-29,-1.110223024625E-16,-1.));
#1259 = ADVANCED_FACE('',(#1260),#1271,.F.);
#1260 = FACE_BOUND('',#1261,.T.);
#1261 = EDGE_LOOP('',(#1262,#1263,#1264,#1265));
#1262 = ORIENTED_EDGE('',*,*,#1143,.F.);
#1263 = ORIENTED_EDGE('',*,*,#607,.T.);
#1264 = ORIENTED_EDGE('',*,*,#1239,.T.);
#1265 = ORIENTED_EDGE('',*,*,#1266,.F.);
#1266 = EDGE_CURVE('',#1144,#1240,#1267,.T.);
#1267 = LINE('',#1268,#1269);
#1268 = CARTESIAN_POINT('',(-1.6,-9.,1.1));
#1269 = VECTOR('',#1270,1.);
#1270 = DIRECTION('',(1.,-1.224646799147E-16,0.));
#1271 = PLANE('',#1272);
#1272 = AXIS2_PLACEMENT_3D('',#1273,#1274,#1275);
#1273 = CARTESIAN_POINT('',(-1.6,-9.1,1.));
#1274 = DIRECTION('',(8.659560562349E-17,0.707106781187,-0.707106781187)
  );
#1275 = DIRECTION('',(-1.,1.224646799147E-16,2.105272540809E-29));
#1276 = ADVANCED_FACE('',(#1277),#1283,.F.);
#1277 = FACE_BOUND('',#1278,.F.);
#1278 = EDGE_LOOP('',(#1279,#1280,#1281,#1282));
#1279 = ORIENTED_EDGE('',*,*,#663,.T.);
#1280 = ORIENTED_EDGE('',*,*,#680,.T.);
#1281 = ORIENTED_EDGE('',*,*,#1190,.F.);
#1282 = ORIENTED_EDGE('',*,*,#630,.F.);
#1283 = PLANE('',#1284);
#1284 = AXIS2_PLACEMENT_3D('',#1285,#1286,#1287);
#1285 = CARTESIAN_POINT('',(-1.95,2.3,2.85));
#1286 = DIRECTION('',(-1.224646799147E-16,-1.,0.));
#1287 = DIRECTION('',(-0.,0.,-1.));
#1288 = ADVANCED_FACE('',(#1289),#1307,.T.);
#1289 = FACE_BOUND('',#1290,.T.);
#1290 = EDGE_LOOP('',(#1291,#1299,#1305,#1306));
#1291 = ORIENTED_EDGE('',*,*,#1292,.T.);
#1292 = EDGE_CURVE('',#1166,#1293,#1295,.T.);
#1293 = VERTEX_POINT('',#1294);
#1294 = CARTESIAN_POINT('',(-1.6,-5.85,4.75));
#1295 = LINE('',#1296,#1297);
#1296 = CARTESIAN_POINT('',(-1.6,-5.85,5.));
#1297 = VECTOR('',#1298,1.);
#1298 = DIRECTION('',(1.359631073447E-32,1.110223024625E-16,1.));
#1299 = ORIENTED_EDGE('',*,*,#1300,.T.);
#1300 = EDGE_CURVE('',#1293,#704,#1301,.T.);
#1301 = LINE('',#1302,#1303);
#1302 = CARTESIAN_POINT('',(4.95,-5.85,4.75));
#1303 = VECTOR('',#1304,1.);
#1304 = DIRECTION('',(-1.,1.224646799147E-16,0.));
#1305 = ORIENTED_EDGE('',*,*,#703,.T.);
#1306 = ORIENTED_EDGE('',*,*,#1173,.F.);
#1307 = PLANE('',#1308);
#1308 = AXIS2_PLACEMENT_3D('',#1309,#1310,#1311);
#1309 = CARTESIAN_POINT('',(4.95,-5.85,4.75));
#1310 = DIRECTION('',(-1.224646799147E-16,-1.,1.110223024625E-16));
#1311 = DIRECTION('',(-1.359631073447E-32,-1.110223024625E-16,-1.));
#1312 = ADVANCED_FACE('',(#1313),#1332,.F.);
#1313 = FACE_BOUND('',#1314,.F.);
#1314 = EDGE_LOOP('',(#1315,#1316,#1317,#1325));
#1315 = ORIENTED_EDGE('',*,*,#1300,.T.);
#1316 = ORIENTED_EDGE('',*,*,#711,.T.);
#1317 = ORIENTED_EDGE('',*,*,#1318,.F.);
#1318 = EDGE_CURVE('',#1319,#712,#1321,.T.);
#1319 = VERTEX_POINT('',#1320);
#1320 = CARTESIAN_POINT('',(-1.6,-6.35,5.25));
#1321 = LINE('',#1322,#1323);
#1322 = CARTESIAN_POINT('',(4.95,-6.35,5.25));
#1323 = VECTOR('',#1324,1.);
#1324 = DIRECTION('',(-1.,1.224646799147E-16,0.));
#1325 = ORIENTED_EDGE('',*,*,#1326,.F.);
#1326 = EDGE_CURVE('',#1293,#1319,#1327,.T.);
#1327 = CIRCLE('',#1328,0.5);
#1328 = AXIS2_PLACEMENT_3D('',#1329,#1330,#1331);
#1329 = CARTESIAN_POINT('',(-1.6,-6.35,4.75));
#1330 = DIRECTION('',(1.,-1.224646799147E-16,0.));
#1331 = DIRECTION('',(1.359631073446E-32,1.110223024625E-16,1.));
#1332 = CYLINDRICAL_SURFACE('',#1333,0.5);
#1333 = AXIS2_PLACEMENT_3D('',#1334,#1335,#1336);
#1334 = CARTESIAN_POINT('',(4.95,-6.35,4.75));
#1335 = DIRECTION('',(1.,-1.224646799147E-16,0.));
#1336 = DIRECTION('',(1.359631073446E-32,1.110223024625E-16,1.));
#1337 = ADVANCED_FACE('',(#1338),#1477,.T.);
#1338 = FACE_BOUND('',#1339,.T.);
#1339 = EDGE_LOOP('',(#1340,#1341,#1349,#1357,#1365,#1373,#1381,#1390,
    #1398,#1407,#1415,#1423,#1431,#1439,#1445,#1446,#1447,#1455,#1463,
    #1471));
#1340 = ORIENTED_EDGE('',*,*,#1066,.F.);
#1341 = ORIENTED_EDGE('',*,*,#1342,.T.);
#1342 = EDGE_CURVE('',#1059,#1343,#1345,.T.);
#1343 = VERTEX_POINT('',#1344);
#1344 = CARTESIAN_POINT('',(3.,-9.2,5.25));
#1345 = LINE('',#1346,#1347);
#1346 = CARTESIAN_POINT('',(4.95,-9.2,5.25));
#1347 = VECTOR('',#1348,1.);
#1348 = DIRECTION('',(-1.,1.224646799147E-16,0.));
#1349 = ORIENTED_EDGE('',*,*,#1350,.T.);
#1350 = EDGE_CURVE('',#1343,#1351,#1353,.T.);
#1351 = VERTEX_POINT('',#1352);
#1352 = CARTESIAN_POINT('',(3.,-8.3,5.25));
#1353 = LINE('',#1354,#1355);
#1354 = CARTESIAN_POINT('',(3.,-7.540388446215,5.25));
#1355 = VECTOR('',#1356,1.);
#1356 = DIRECTION('',(-1.242515477797E-16,1.,-2.714993636837E-17));
#1357 = ORIENTED_EDGE('',*,*,#1358,.T.);
#1358 = EDGE_CURVE('',#1351,#1359,#1361,.T.);
#1359 = VERTEX_POINT('',#1360);
#1360 = CARTESIAN_POINT('',(2.75,-8.05,5.25));
#1361 = LINE('',#1362,#1363);
#1362 = CARTESIAN_POINT('',(2.057694223108,-7.357694223108,5.25));
#1363 = VECTOR('',#1364,1.);
#1364 = DIRECTION('',(-0.707106781187,0.707106781187,-1.919790411485E-17
    ));
#1365 = ORIENTED_EDGE('',*,*,#1366,.T.);
#1366 = EDGE_CURVE('',#1359,#1367,#1369,.T.);
#1367 = VERTEX_POINT('',#1368);
#1368 = CARTESIAN_POINT('',(3.,-7.8,5.25));
#1369 = LINE('',#1370,#1371);
#1370 = CARTESIAN_POINT('',(2.817305776892,-7.982694223108,5.25));
#1371 = VECTOR('',#1372,1.);
#1372 = DIRECTION('',(0.707106781187,0.707106781187,-1.919790411485E-17)
  );
#1373 = ORIENTED_EDGE('',*,*,#1374,.T.);
#1374 = EDGE_CURVE('',#1367,#1375,#1377,.T.);
#1375 = VERTEX_POINT('',#1376);
#1376 = CARTESIAN_POINT('',(3.,-6.05,5.25));
#1377 = LINE('',#1378,#1379);
#1378 = CARTESIAN_POINT('',(3.,-6.040388446215,5.25));
#1379 = VECTOR('',#1380,1.);
#1380 = DIRECTION('',(1.224646799147E-16,1.,-2.714993636837E-17));
#1381 = ORIENTED_EDGE('',*,*,#1382,.F.);
#1382 = EDGE_CURVE('',#1383,#1375,#1385,.T.);
#1383 = VERTEX_POINT('',#1384);
#1384 = CARTESIAN_POINT('',(2.25,-5.3,5.25));
#1385 = CIRCLE('',#1386,0.75);
#1386 = AXIS2_PLACEMENT_3D('',#1387,#1388,#1389);
#1387 = CARTESIAN_POINT('',(2.25,-6.05,5.25));
#1388 = DIRECTION('',(-1.359631073447E-32,-1.110223024625E-16,-1.));
#1389 = DIRECTION('',(1.224646799147E-16,1.,-1.110223024625E-16));
#1390 = ORIENTED_EDGE('',*,*,#1391,.F.);
#1391 = EDGE_CURVE('',#1392,#1383,#1394,.T.);
#1392 = VERTEX_POINT('',#1393);
#1393 = CARTESIAN_POINT('',(0.25,-5.3,5.25));
#1394 = LINE('',#1395,#1396);
#1395 = CARTESIAN_POINT('',(1.25,-5.3,5.25));
#1396 = VECTOR('',#1397,1.);
#1397 = DIRECTION('',(1.,-1.224646799147E-16,5.884600603669E-33));
#1398 = ORIENTED_EDGE('',*,*,#1399,.F.);
#1399 = EDGE_CURVE('',#1400,#1392,#1402,.T.);
#1400 = VERTEX_POINT('',#1401);
#1401 = CARTESIAN_POINT('',(-0.5,-6.05,5.25));
#1402 = CIRCLE('',#1403,0.75);
#1403 = AXIS2_PLACEMENT_3D('',#1404,#1405,#1406);
#1404 = CARTESIAN_POINT('',(0.25,-6.05,5.25));
#1405 = DIRECTION('',(-1.359631073447E-32,-1.110223024625E-16,-1.));
#1406 = DIRECTION('',(1.224646799147E-16,1.,-1.110223024625E-16));
#1407 = ORIENTED_EDGE('',*,*,#1408,.F.);
#1408 = EDGE_CURVE('',#1409,#1400,#1411,.T.);
#1409 = VERTEX_POINT('',#1410);
#1410 = CARTESIAN_POINT('',(-0.5,-7.8,5.25));
#1411 = LINE('',#1412,#1413);
#1412 = CARTESIAN_POINT('',(-0.5,-6.040388446215,5.25));
#1413 = VECTOR('',#1414,1.);
#1414 = DIRECTION('',(1.224646799147E-16,1.,-2.714993636837E-17));
#1415 = ORIENTED_EDGE('',*,*,#1416,.F.);
#1416 = EDGE_CURVE('',#1417,#1409,#1419,.T.);
#1417 = VERTEX_POINT('',#1418);
#1418 = CARTESIAN_POINT('',(-0.25,-8.05,5.25));
#1419 = LINE('',#1420,#1421);
#1420 = CARTESIAN_POINT('',(-0.317305776892,-7.982694223108,5.25));
#1421 = VECTOR('',#1422,1.);
#1422 = DIRECTION('',(-0.707106781187,0.707106781187,-1.919790411485E-17
    ));
#1423 = ORIENTED_EDGE('',*,*,#1424,.F.);
#1424 = EDGE_CURVE('',#1425,#1417,#1427,.T.);
#1425 = VERTEX_POINT('',#1426);
#1426 = CARTESIAN_POINT('',(-0.5,-8.3,5.25));
#1427 = LINE('',#1428,#1429);
#1428 = CARTESIAN_POINT('',(0.442305776892,-7.357694223108,5.25));
#1429 = VECTOR('',#1430,1.);
#1430 = DIRECTION('',(0.707106781187,0.707106781187,-1.919790411485E-17)
  );
#1431 = ORIENTED_EDGE('',*,*,#1432,.F.);
#1432 = EDGE_CURVE('',#1433,#1425,#1435,.T.);
#1433 = VERTEX_POINT('',#1434);
#1434 = CARTESIAN_POINT('',(-0.5,-9.2,5.25));
#1435 = LINE('',#1436,#1437);
#1436 = CARTESIAN_POINT('',(-0.5,-7.540388446215,5.25));
#1437 = VECTOR('',#1438,1.);
#1438 = DIRECTION('',(1.224646799147E-16,1.,-2.714993636837E-17));
#1439 = ORIENTED_EDGE('',*,*,#1440,.T.);
#1440 = EDGE_CURVE('',#1433,#721,#1441,.T.);
#1441 = LINE('',#1442,#1443);
#1442 = CARTESIAN_POINT('',(4.95,-9.2,5.25));
#1443 = VECTOR('',#1444,1.);
#1444 = DIRECTION('',(-1.,1.224646799147E-16,0.));
#1445 = ORIENTED_EDGE('',*,*,#720,.T.);
#1446 = ORIENTED_EDGE('',*,*,#1318,.F.);
#1447 = ORIENTED_EDGE('',*,*,#1448,.T.);
#1448 = EDGE_CURVE('',#1319,#1449,#1451,.T.);
#1449 = VERTEX_POINT('',#1450);
#1450 = CARTESIAN_POINT('',(-1.6,-4.05,5.25));
#1451 = LINE('',#1452,#1453);
#1452 = CARTESIAN_POINT('',(-1.6,-9.2,5.25));
#1453 = VECTOR('',#1454,1.);
#1454 = DIRECTION('',(1.224646799147E-16,1.,-1.110223024625E-16));
#1455 = ORIENTED_EDGE('',*,*,#1456,.F.);
#1456 = EDGE_CURVE('',#1457,#1449,#1459,.T.);
#1457 = VERTEX_POINT('',#1458);
#1458 = CARTESIAN_POINT('',(4.1,-4.05,5.25));
#1459 = LINE('',#1460,#1461);
#1460 = CARTESIAN_POINT('',(4.1,-4.05,5.25));
#1461 = VECTOR('',#1462,1.);
#1462 = DIRECTION('',(-1.,1.224646799147E-16,0.));
#1463 = ORIENTED_EDGE('',*,*,#1464,.F.);
#1464 = EDGE_CURVE('',#1465,#1457,#1467,.T.);
#1465 = VERTEX_POINT('',#1466);
#1466 = CARTESIAN_POINT('',(4.1,-6.35,5.25));
#1467 = LINE('',#1468,#1469);
#1468 = CARTESIAN_POINT('',(4.1,-9.2,5.25));
#1469 = VECTOR('',#1470,1.);
#1470 = DIRECTION('',(1.224646799147E-16,1.,-1.110223024625E-16));
#1471 = ORIENTED_EDGE('',*,*,#1472,.F.);
#1472 = EDGE_CURVE('',#1067,#1465,#1473,.T.);
#1473 = LINE('',#1474,#1475);
#1474 = CARTESIAN_POINT('',(4.95,-6.35,5.25));
#1475 = VECTOR('',#1476,1.);
#1476 = DIRECTION('',(-1.,1.224646799147E-16,0.));
#1477 = PLANE('',#1478);
#1478 = AXIS2_PLACEMENT_3D('',#1479,#1480,#1481);
#1479 = CARTESIAN_POINT('',(1.25,-6.78077689243,5.25));
#1480 = DIRECTION('',(2.559692336611E-33,-2.714993636837E-17,-1.));
#1481 = DIRECTION('',(-1.224646799147E-16,-1.,2.714993636837E-17));
#1482 = ADVANCED_FACE('',(#1483),#1494,.T.);
#1483 = FACE_BOUND('',#1484,.T.);
#1484 = EDGE_LOOP('',(#1485,#1486,#1492,#1493));
#1485 = ORIENTED_EDGE('',*,*,#1440,.F.);
#1486 = ORIENTED_EDGE('',*,*,#1487,.F.);
#1487 = EDGE_CURVE('',#850,#1433,#1488,.T.);
#1488 = LINE('',#1489,#1490);
#1489 = CARTESIAN_POINT('',(-0.5,-9.2,6.1));
#1490 = VECTOR('',#1491,1.);
#1491 = DIRECTION('',(-1.359631073447E-32,-1.110223024625E-16,-1.));
#1492 = ORIENTED_EDGE('',*,*,#857,.T.);
#1493 = ORIENTED_EDGE('',*,*,#728,.T.);
#1494 = PLANE('',#1495);
#1495 = AXIS2_PLACEMENT_3D('',#1496,#1497,#1498);
#1496 = CARTESIAN_POINT('',(1.25,-9.2,3.225));
#1497 = DIRECTION('',(-1.224646799147E-16,-1.,1.110223024625E-16));
#1498 = DIRECTION('',(-1.,1.224646799147E-16,0.));
#1499 = ADVANCED_FACE('',(#1500),#1511,.F.);
#1500 = FACE_BOUND('',#1501,.F.);
#1501 = EDGE_LOOP('',(#1502,#1503,#1509,#1510));
#1502 = ORIENTED_EDGE('',*,*,#849,.F.);
#1503 = ORIENTED_EDGE('',*,*,#1504,.T.);
#1504 = EDGE_CURVE('',#842,#1425,#1505,.T.);
#1505 = LINE('',#1506,#1507);
#1506 = CARTESIAN_POINT('',(-0.5,-8.3,6.1));
#1507 = VECTOR('',#1508,1.);
#1508 = DIRECTION('',(-1.359631073447E-32,-1.110223024625E-16,-1.));
#1509 = ORIENTED_EDGE('',*,*,#1432,.F.);
#1510 = ORIENTED_EDGE('',*,*,#1487,.F.);
#1511 = PLANE('',#1512);
#1512 = AXIS2_PLACEMENT_3D('',#1513,#1514,#1515);
#1513 = CARTESIAN_POINT('',(-0.5,-8.3,6.1));
#1514 = DIRECTION('',(-1.,1.224646799147E-16,0.));
#1515 = DIRECTION('',(-1.224646799147E-16,-1.,1.110223024625E-16));
#1516 = ADVANCED_FACE('',(#1517),#1528,.F.);
#1517 = FACE_BOUND('',#1518,.F.);
#1518 = EDGE_LOOP('',(#1519,#1520,#1526,#1527));
#1519 = ORIENTED_EDGE('',*,*,#841,.F.);
#1520 = ORIENTED_EDGE('',*,*,#1521,.T.);
#1521 = EDGE_CURVE('',#834,#1417,#1522,.T.);
#1522 = LINE('',#1523,#1524);
#1523 = CARTESIAN_POINT('',(-0.25,-8.05,6.1));
#1524 = VECTOR('',#1525,1.);
#1525 = DIRECTION('',(-1.359631073447E-32,-1.110223024625E-16,-1.));
#1526 = ORIENTED_EDGE('',*,*,#1424,.F.);
#1527 = ORIENTED_EDGE('',*,*,#1504,.F.);
#1528 = PLANE('',#1529);
#1529 = AXIS2_PLACEMENT_3D('',#1530,#1531,#1532);
#1530 = CARTESIAN_POINT('',(-0.25,-8.05,6.1));
#1531 = DIRECTION('',(-0.707106781187,0.707106781187,-7.850462293414E-17
    ));
#1532 = DIRECTION('',(-0.707106781187,-0.707106781187,7.850462293414E-17
    ));
#1533 = ADVANCED_FACE('',(#1534),#1545,.F.);
#1534 = FACE_BOUND('',#1535,.F.);
#1535 = EDGE_LOOP('',(#1536,#1537,#1543,#1544));
#1536 = ORIENTED_EDGE('',*,*,#833,.F.);
#1537 = ORIENTED_EDGE('',*,*,#1538,.T.);
#1538 = EDGE_CURVE('',#826,#1409,#1539,.T.);
#1539 = LINE('',#1540,#1541);
#1540 = CARTESIAN_POINT('',(-0.5,-7.8,6.1));
#1541 = VECTOR('',#1542,1.);
#1542 = DIRECTION('',(-1.359631073447E-32,-1.110223024625E-16,-1.));
#1543 = ORIENTED_EDGE('',*,*,#1416,.F.);
#1544 = ORIENTED_EDGE('',*,*,#1521,.F.);
#1545 = PLANE('',#1546);
#1546 = AXIS2_PLACEMENT_3D('',#1547,#1548,#1549);
#1547 = CARTESIAN_POINT('',(-0.5,-7.8,6.1));
#1548 = DIRECTION('',(-0.707106781187,-0.707106781187,7.850462293414E-17
    ));
#1549 = DIRECTION('',(0.707106781187,-0.707106781187,7.850462293414E-17)
  );
#1550 = ADVANCED_FACE('',(#1551),#1562,.F.);
#1551 = FACE_BOUND('',#1552,.F.);
#1552 = EDGE_LOOP('',(#1553,#1554,#1560,#1561));
#1553 = ORIENTED_EDGE('',*,*,#825,.F.);
#1554 = ORIENTED_EDGE('',*,*,#1555,.T.);
#1555 = EDGE_CURVE('',#817,#1400,#1556,.T.);
#1556 = LINE('',#1557,#1558);
#1557 = CARTESIAN_POINT('',(-0.5,-6.05,6.1));
#1558 = VECTOR('',#1559,1.);
#1559 = DIRECTION('',(-1.359631073447E-32,-1.110223024625E-16,-1.));
#1560 = ORIENTED_EDGE('',*,*,#1408,.F.);
#1561 = ORIENTED_EDGE('',*,*,#1538,.F.);
#1562 = PLANE('',#1563);
#1563 = AXIS2_PLACEMENT_3D('',#1564,#1565,#1566);
#1564 = CARTESIAN_POINT('',(-0.5,-5.3,6.1));
#1565 = DIRECTION('',(-1.,1.224646799147E-16,0.));
#1566 = DIRECTION('',(-1.224646799147E-16,-1.,1.110223024625E-16));
#1567 = ADVANCED_FACE('',(#1568),#1579,.F.);
#1568 = FACE_BOUND('',#1569,.F.);
#1569 = EDGE_LOOP('',(#1570,#1571,#1572,#1573));
#1570 = ORIENTED_EDGE('',*,*,#1399,.F.);
#1571 = ORIENTED_EDGE('',*,*,#1555,.F.);
#1572 = ORIENTED_EDGE('',*,*,#816,.F.);
#1573 = ORIENTED_EDGE('',*,*,#1574,.T.);
#1574 = EDGE_CURVE('',#809,#1392,#1575,.T.);
#1575 = LINE('',#1576,#1577);
#1576 = CARTESIAN_POINT('',(0.25,-5.3,6.1));
#1577 = VECTOR('',#1578,1.);
#1578 = DIRECTION('',(-1.359631073447E-32,-1.110223024625E-16,-1.));
#1579 = CYLINDRICAL_SURFACE('',#1580,0.75);
#1580 = AXIS2_PLACEMENT_3D('',#1581,#1582,#1583);
#1581 = CARTESIAN_POINT('',(0.25,-6.05,6.1));
#1582 = DIRECTION('',(-1.359631073447E-32,-1.110223024625E-16,-1.));
#1583 = DIRECTION('',(1.224646799147E-16,1.,-1.110223024625E-16));
#1584 = ADVANCED_FACE('',(#1585),#1596,.F.);
#1585 = FACE_BOUND('',#1586,.F.);
#1586 = EDGE_LOOP('',(#1587,#1588,#1589,#1595));
#1587 = ORIENTED_EDGE('',*,*,#1574,.F.);
#1588 = ORIENTED_EDGE('',*,*,#808,.T.);
#1589 = ORIENTED_EDGE('',*,*,#1590,.T.);
#1590 = EDGE_CURVE('',#800,#1383,#1591,.T.);
#1591 = LINE('',#1592,#1593);
#1592 = CARTESIAN_POINT('',(2.25,-5.3,6.1));
#1593 = VECTOR('',#1594,1.);
#1594 = DIRECTION('',(-1.359631073447E-32,-1.110223024625E-16,-1.));
#1595 = ORIENTED_EDGE('',*,*,#1391,.F.);
#1596 = PLANE('',#1597);
#1597 = AXIS2_PLACEMENT_3D('',#1598,#1599,#1600);
#1598 = CARTESIAN_POINT('',(1.25,-5.3,5.6));
#1599 = DIRECTION('',(1.224646799147E-16,1.,-1.110223024625E-16));
#1600 = DIRECTION('',(1.359631073447E-32,1.110223024625E-16,1.));
#1601 = ADVANCED_FACE('',(#1602),#1613,.F.);
#1602 = FACE_BOUND('',#1603,.F.);
#1603 = EDGE_LOOP('',(#1604,#1605,#1606,#1612));
#1604 = ORIENTED_EDGE('',*,*,#1590,.F.);
#1605 = ORIENTED_EDGE('',*,*,#799,.T.);
#1606 = ORIENTED_EDGE('',*,*,#1607,.T.);
#1607 = EDGE_CURVE('',#792,#1375,#1608,.T.);
#1608 = LINE('',#1609,#1610);
#1609 = CARTESIAN_POINT('',(3.,-6.05,6.1));
#1610 = VECTOR('',#1611,1.);
#1611 = DIRECTION('',(-1.359631073447E-32,-1.110223024625E-16,-1.));
#1612 = ORIENTED_EDGE('',*,*,#1382,.F.);
#1613 = CYLINDRICAL_SURFACE('',#1614,0.75);
#1614 = AXIS2_PLACEMENT_3D('',#1615,#1616,#1617);
#1615 = CARTESIAN_POINT('',(2.25,-6.05,6.1));
#1616 = DIRECTION('',(-1.359631073447E-32,-1.110223024625E-16,-1.));
#1617 = DIRECTION('',(1.224646799147E-16,1.,-1.110223024625E-16));
#1618 = ADVANCED_FACE('',(#1619),#1630,.T.);
#1619 = FACE_BOUND('',#1620,.T.);
#1620 = EDGE_LOOP('',(#1621,#1622,#1623,#1624));
#1621 = ORIENTED_EDGE('',*,*,#791,.F.);
#1622 = ORIENTED_EDGE('',*,*,#1607,.T.);
#1623 = ORIENTED_EDGE('',*,*,#1374,.F.);
#1624 = ORIENTED_EDGE('',*,*,#1625,.F.);
#1625 = EDGE_CURVE('',#784,#1367,#1626,.T.);
#1626 = LINE('',#1627,#1628);
#1627 = CARTESIAN_POINT('',(3.,-7.8,6.1));
#1628 = VECTOR('',#1629,1.);
#1629 = DIRECTION('',(-1.359631073447E-32,-1.110223024625E-16,-1.));
#1630 = PLANE('',#1631);
#1631 = AXIS2_PLACEMENT_3D('',#1632,#1633,#1634);
#1632 = CARTESIAN_POINT('',(3.,-5.3,6.1));
#1633 = DIRECTION('',(-1.,1.224646799147E-16,0.));
#1634 = DIRECTION('',(-1.224646799147E-16,-1.,1.110223024625E-16));
#1635 = ADVANCED_FACE('',(#1636),#1647,.T.);
#1636 = FACE_BOUND('',#1637,.T.);
#1637 = EDGE_LOOP('',(#1638,#1639,#1640,#1641));
#1638 = ORIENTED_EDGE('',*,*,#783,.F.);
#1639 = ORIENTED_EDGE('',*,*,#1625,.T.);
#1640 = ORIENTED_EDGE('',*,*,#1366,.F.);
#1641 = ORIENTED_EDGE('',*,*,#1642,.F.);
#1642 = EDGE_CURVE('',#776,#1359,#1643,.T.);
#1643 = LINE('',#1644,#1645);
#1644 = CARTESIAN_POINT('',(2.75,-8.05,6.1));
#1645 = VECTOR('',#1646,1.);
#1646 = DIRECTION('',(-1.359631073447E-32,-1.110223024625E-16,-1.));
#1647 = PLANE('',#1648);
#1648 = AXIS2_PLACEMENT_3D('',#1649,#1650,#1651);
#1649 = CARTESIAN_POINT('',(3.,-7.8,6.1));
#1650 = DIRECTION('',(-0.707106781187,0.707106781187,-7.850462293414E-17
    ));
#1651 = DIRECTION('',(-0.707106781187,-0.707106781187,7.850462293414E-17
    ));
#1652 = ADVANCED_FACE('',(#1653),#1664,.T.);
#1653 = FACE_BOUND('',#1654,.T.);
#1654 = EDGE_LOOP('',(#1655,#1656,#1657,#1658));
#1655 = ORIENTED_EDGE('',*,*,#775,.F.);
#1656 = ORIENTED_EDGE('',*,*,#1642,.T.);
#1657 = ORIENTED_EDGE('',*,*,#1358,.F.);
#1658 = ORIENTED_EDGE('',*,*,#1659,.F.);
#1659 = EDGE_CURVE('',#768,#1351,#1660,.T.);
#1660 = LINE('',#1661,#1662);
#1661 = CARTESIAN_POINT('',(3.,-8.3,6.1));
#1662 = VECTOR('',#1663,1.);
#1663 = DIRECTION('',(-1.359631073447E-32,-1.110223024625E-16,-1.));
#1664 = PLANE('',#1665);
#1665 = AXIS2_PLACEMENT_3D('',#1666,#1667,#1668);
#1666 = CARTESIAN_POINT('',(2.75,-8.05,6.1));
#1667 = DIRECTION('',(-0.707106781187,-0.707106781187,7.850462293414E-17
    ));
#1668 = DIRECTION('',(0.707106781187,-0.707106781187,7.850462293414E-17)
  );
#1669 = ADVANCED_FACE('',(#1670),#1681,.T.);
#1670 = FACE_BOUND('',#1671,.T.);
#1671 = EDGE_LOOP('',(#1672,#1673,#1674,#1675));
#1672 = ORIENTED_EDGE('',*,*,#767,.F.);
#1673 = ORIENTED_EDGE('',*,*,#1659,.T.);
#1674 = ORIENTED_EDGE('',*,*,#1350,.F.);
#1675 = ORIENTED_EDGE('',*,*,#1676,.F.);
#1676 = EDGE_CURVE('',#760,#1343,#1677,.T.);
#1677 = LINE('',#1678,#1679);
#1678 = CARTESIAN_POINT('',(3.,-9.2,6.1));
#1679 = VECTOR('',#1680,1.);
#1680 = DIRECTION('',(-1.359631073447E-32,-1.110223024625E-16,-1.));
#1681 = PLANE('',#1682);
#1682 = AXIS2_PLACEMENT_3D('',#1683,#1684,#1685);
#1683 = CARTESIAN_POINT('',(3.,-8.3,6.1));
#1684 = DIRECTION('',(-1.,-1.242515477797E-16,2.739100365351E-32));
#1685 = DIRECTION('',(1.242515477797E-16,-1.,1.110223024625E-16));
#1686 = ADVANCED_FACE('',(#1687),#1693,.T.);
#1687 = FACE_BOUND('',#1688,.T.);
#1688 = EDGE_LOOP('',(#1689,#1690,#1691,#1692));
#1689 = ORIENTED_EDGE('',*,*,#1342,.F.);
#1690 = ORIENTED_EDGE('',*,*,#1058,.T.);
#1691 = ORIENTED_EDGE('',*,*,#759,.T.);
#1692 = ORIENTED_EDGE('',*,*,#1676,.T.);
#1693 = PLANE('',#1694);
#1694 = AXIS2_PLACEMENT_3D('',#1695,#1696,#1697);
#1695 = CARTESIAN_POINT('',(1.25,-9.2,3.225));
#1696 = DIRECTION('',(-1.224646799147E-16,-1.,1.110223024625E-16));
#1697 = DIRECTION('',(-1.,1.224646799147E-16,0.));
#1698 = ADVANCED_FACE('',(#1699),#1724,.F.);
#1699 = FACE_BOUND('',#1700,.F.);
#1700 = EDGE_LOOP('',(#1701,#1709,#1710,#1718));
#1701 = ORIENTED_EDGE('',*,*,#1702,.F.);
#1702 = EDGE_CURVE('',#916,#1703,#1705,.T.);
#1703 = VERTEX_POINT('',#1704);
#1704 = CARTESIAN_POINT('',(0.32,-0.37,4.07));
#1705 = LINE('',#1706,#1707);
#1706 = CARTESIAN_POINT('',(0.32,-8.7,4.07));
#1707 = VECTOR('',#1708,1.);
#1708 = DIRECTION('',(1.224646799147E-16,1.,0.));
#1709 = ORIENTED_EDGE('',*,*,#913,.F.);
#1710 = ORIENTED_EDGE('',*,*,#1711,.T.);
#1711 = EDGE_CURVE('',#914,#1712,#1714,.T.);
#1712 = VERTEX_POINT('',#1713);
#1713 = CARTESIAN_POINT('',(-0.32,-0.37,4.07));
#1714 = LINE('',#1715,#1716);
#1715 = CARTESIAN_POINT('',(-0.32,-8.7,4.07));
#1716 = VECTOR('',#1717,1.);
#1717 = DIRECTION('',(1.224646799147E-16,1.,0.));
#1718 = ORIENTED_EDGE('',*,*,#1719,.F.);
#1719 = EDGE_CURVE('',#1703,#1712,#1720,.T.);
#1720 = LINE('',#1721,#1722);
#1721 = CARTESIAN_POINT('',(0.32,-0.37,4.07));
#1722 = VECTOR('',#1723,1.);
#1723 = DIRECTION('',(-1.,1.224646799147E-16,0.));
#1724 = PLANE('',#1725);
#1725 = AXIS2_PLACEMENT_3D('',#1726,#1727,#1728);
#1726 = CARTESIAN_POINT('',(0.32,-8.7,4.07));
#1727 = DIRECTION('',(-0.,0.,-1.));
#1728 = DIRECTION('',(1.224646799147E-16,1.,0.));
#1729 = ADVANCED_FACE('',(#1730),#1814,.T.);
#1730 = FACE_BOUND('',#1731,.T.);
#1731 = EDGE_LOOP('',(#1732,#1733,#1734,#1743,#1751,#1759,#1767,#1775,
    #1783,#1791,#1799,#1808));
#1732 = ORIENTED_EDGE('',*,*,#939,.F.);
#1733 = ORIENTED_EDGE('',*,*,#1711,.T.);
#1734 = ORIENTED_EDGE('',*,*,#1735,.T.);
#1735 = EDGE_CURVE('',#1712,#1736,#1738,.T.);
#1736 = VERTEX_POINT('',#1737);
#1737 = CARTESIAN_POINT('',(-0.32,0.32,3.38));
#1738 = CIRCLE('',#1739,0.69);
#1739 = AXIS2_PLACEMENT_3D('',#1740,#1741,#1742);
#1740 = CARTESIAN_POINT('',(-0.32,-0.37,3.38));
#1741 = DIRECTION('',(-1.,1.224646799147E-16,0.));
#1742 = DIRECTION('',(0.,0.,1.));
#1743 = ORIENTED_EDGE('',*,*,#1744,.T.);
#1744 = EDGE_CURVE('',#1736,#1745,#1747,.T.);
#1745 = VERTEX_POINT('',#1746);
#1746 = CARTESIAN_POINT('',(-0.32,0.32,-0.9));
#1747 = LINE('',#1748,#1749);
#1748 = CARTESIAN_POINT('',(-0.32,0.32,4.07));
#1749 = VECTOR('',#1750,1.);
#1750 = DIRECTION('',(-0.,0.,-1.));
#1751 = ORIENTED_EDGE('',*,*,#1752,.T.);
#1752 = EDGE_CURVE('',#1745,#1753,#1755,.T.);
#1753 = VERTEX_POINT('',#1754);
#1754 = CARTESIAN_POINT('',(-0.32,2.E-02,-1.5));
#1755 = LINE('',#1756,#1757);
#1756 = CARTESIAN_POINT('',(-0.32,0.32,-0.9));
#1757 = VECTOR('',#1758,1.);
#1758 = DIRECTION('',(-5.476786982641E-17,-0.4472135955,-0.894427191));
#1759 = ORIENTED_EDGE('',*,*,#1760,.T.);
#1760 = EDGE_CURVE('',#1753,#1761,#1763,.T.);
#1761 = VERTEX_POINT('',#1762);
#1762 = CARTESIAN_POINT('',(-0.32,0.288421052632,-3.2));
#1763 = LINE('',#1764,#1765);
#1764 = CARTESIAN_POINT('',(-0.32,2.E-02,-1.5));
#1765 = VECTOR('',#1766,1.);
#1766 = DIRECTION('',(1.909990663905E-17,0.155962573473,-0.987762965329)
  );
#1767 = ORIENTED_EDGE('',*,*,#1768,.T.);
#1768 = EDGE_CURVE('',#1761,#1769,#1771,.T.);
#1769 = VERTEX_POINT('',#1770);
#1770 = CARTESIAN_POINT('',(-0.32,-0.351578947368,-3.2));
#1771 = LINE('',#1772,#1773);
#1772 = CARTESIAN_POINT('',(-0.32,0.32,-3.2));
#1773 = VECTOR('',#1774,1.);
#1774 = DIRECTION('',(-1.224646799147E-16,-1.,0.));
#1775 = ORIENTED_EDGE('',*,*,#1776,.T.);
#1776 = EDGE_CURVE('',#1769,#1777,#1779,.T.);
#1777 = VERTEX_POINT('',#1778);
#1778 = CARTESIAN_POINT('',(-0.32,-0.62,-1.5));
#1779 = LINE('',#1780,#1781);
#1780 = CARTESIAN_POINT('',(-0.32,-0.32,-3.4));
#1781 = VECTOR('',#1782,1.);
#1782 = DIRECTION('',(-1.909990663905E-17,-0.155962573473,0.987762965329
    ));
#1783 = ORIENTED_EDGE('',*,*,#1784,.T.);
#1784 = EDGE_CURVE('',#1777,#1785,#1787,.T.);
#1785 = VERTEX_POINT('',#1786);
#1786 = CARTESIAN_POINT('',(-0.32,-0.32,-0.9));
#1787 = LINE('',#1788,#1789);
#1788 = CARTESIAN_POINT('',(-0.32,-0.62,-1.5));
#1789 = VECTOR('',#1790,1.);
#1790 = DIRECTION('',(5.476786982641E-17,0.4472135955,0.894427191));
#1791 = ORIENTED_EDGE('',*,*,#1792,.T.);
#1792 = EDGE_CURVE('',#1785,#1793,#1795,.T.);
#1793 = VERTEX_POINT('',#1794);
#1794 = CARTESIAN_POINT('',(-0.32,-0.32,3.38));
#1795 = LINE('',#1796,#1797);
#1796 = CARTESIAN_POINT('',(-0.32,-0.32,-0.9));
#1797 = VECTOR('',#1798,1.);
#1798 = DIRECTION('',(0.,0.,1.));
#1799 = ORIENTED_EDGE('',*,*,#1800,.F.);
#1800 = EDGE_CURVE('',#1801,#1793,#1803,.T.);
#1801 = VERTEX_POINT('',#1802);
#1802 = CARTESIAN_POINT('',(-0.32,-0.37,3.43));
#1803 = CIRCLE('',#1804,5.E-02);
#1804 = AXIS2_PLACEMENT_3D('',#1805,#1806,#1807);
#1805 = CARTESIAN_POINT('',(-0.32,-0.37,3.38));
#1806 = DIRECTION('',(-1.,1.224646799147E-16,0.));
#1807 = DIRECTION('',(0.,0.,1.));
#1808 = ORIENTED_EDGE('',*,*,#1809,.T.);
#1809 = EDGE_CURVE('',#1801,#932,#1810,.T.);
#1810 = LINE('',#1811,#1812);
#1811 = CARTESIAN_POINT('',(-0.32,-0.32,3.43));
#1812 = VECTOR('',#1813,1.);
#1813 = DIRECTION('',(-1.224646799147E-16,-1.,0.));
#1814 = PLANE('',#1815);
#1815 = AXIS2_PLACEMENT_3D('',#1816,#1817,#1818);
#1816 = CARTESIAN_POINT('',(-0.32,-2.46404183087,2.050076029119));
#1817 = DIRECTION('',(-1.,1.224646799147E-16,0.));
#1818 = DIRECTION('',(0.,0.,1.));
#1819 = ADVANCED_FACE('',(#1820),#1838,.F.);
#1820 = FACE_BOUND('',#1821,.F.);
#1821 = EDGE_LOOP('',(#1822,#1830,#1836,#1837));
#1822 = ORIENTED_EDGE('',*,*,#1823,.F.);
#1823 = EDGE_CURVE('',#1824,#924,#1826,.T.);
#1824 = VERTEX_POINT('',#1825);
#1825 = CARTESIAN_POINT('',(0.32,-0.37,3.43));
#1826 = LINE('',#1827,#1828);
#1827 = CARTESIAN_POINT('',(0.32,-0.32,3.43));
#1828 = VECTOR('',#1829,1.);
#1829 = DIRECTION('',(-1.224646799147E-16,-1.,0.));
#1830 = ORIENTED_EDGE('',*,*,#1831,.T.);
#1831 = EDGE_CURVE('',#1824,#1801,#1832,.T.);
#1832 = LINE('',#1833,#1834);
#1833 = CARTESIAN_POINT('',(0.32,-0.37,3.43));
#1834 = VECTOR('',#1835,1.);
#1835 = DIRECTION('',(-1.,1.224646799147E-16,0.));
#1836 = ORIENTED_EDGE('',*,*,#1809,.T.);
#1837 = ORIENTED_EDGE('',*,*,#931,.F.);
#1838 = PLANE('',#1839);
#1839 = AXIS2_PLACEMENT_3D('',#1840,#1841,#1842);
#1840 = CARTESIAN_POINT('',(0.32,-0.32,3.43));
#1841 = DIRECTION('',(0.,0.,1.));
#1842 = DIRECTION('',(-1.224646799147E-16,-1.,0.));
#1843 = ADVANCED_FACE('',(#1844),#1921,.F.);
#1844 = FACE_BOUND('',#1845,.F.);
#1845 = EDGE_LOOP('',(#1846,#1847,#1848,#1857,#1865,#1873,#1881,#1889,
    #1897,#1905,#1913,#1920));
#1846 = ORIENTED_EDGE('',*,*,#923,.F.);
#1847 = ORIENTED_EDGE('',*,*,#1702,.T.);
#1848 = ORIENTED_EDGE('',*,*,#1849,.T.);
#1849 = EDGE_CURVE('',#1703,#1850,#1852,.T.);
#1850 = VERTEX_POINT('',#1851);
#1851 = CARTESIAN_POINT('',(0.32,0.32,3.38));
#1852 = CIRCLE('',#1853,0.69);
#1853 = AXIS2_PLACEMENT_3D('',#1854,#1855,#1856);
#1854 = CARTESIAN_POINT('',(0.32,-0.37,3.38));
#1855 = DIRECTION('',(-1.,1.224646799147E-16,0.));
#1856 = DIRECTION('',(0.,0.,1.));
#1857 = ORIENTED_EDGE('',*,*,#1858,.T.);
#1858 = EDGE_CURVE('',#1850,#1859,#1861,.T.);
#1859 = VERTEX_POINT('',#1860);
#1860 = CARTESIAN_POINT('',(0.32,0.32,-0.9));
#1861 = LINE('',#1862,#1863);
#1862 = CARTESIAN_POINT('',(0.32,0.32,4.07));
#1863 = VECTOR('',#1864,1.);
#1864 = DIRECTION('',(-0.,0.,-1.));
#1865 = ORIENTED_EDGE('',*,*,#1866,.T.);
#1866 = EDGE_CURVE('',#1859,#1867,#1869,.T.);
#1867 = VERTEX_POINT('',#1868);
#1868 = CARTESIAN_POINT('',(0.32,2.E-02,-1.5));
#1869 = LINE('',#1870,#1871);
#1870 = CARTESIAN_POINT('',(0.32,0.32,-0.9));
#1871 = VECTOR('',#1872,1.);
#1872 = DIRECTION('',(-5.476786982641E-17,-0.4472135955,-0.894427191));
#1873 = ORIENTED_EDGE('',*,*,#1874,.T.);
#1874 = EDGE_CURVE('',#1867,#1875,#1877,.T.);
#1875 = VERTEX_POINT('',#1876);
#1876 = CARTESIAN_POINT('',(0.32,0.288421052632,-3.2));
#1877 = LINE('',#1878,#1879);
#1878 = CARTESIAN_POINT('',(0.32,2.E-02,-1.5));
#1879 = VECTOR('',#1880,1.);
#1880 = DIRECTION('',(1.909990663905E-17,0.155962573473,-0.987762965329)
  );
#1881 = ORIENTED_EDGE('',*,*,#1882,.T.);
#1882 = EDGE_CURVE('',#1875,#1883,#1885,.T.);
#1883 = VERTEX_POINT('',#1884);
#1884 = CARTESIAN_POINT('',(0.32,-0.351578947368,-3.2));
#1885 = LINE('',#1886,#1887);
#1886 = CARTESIAN_POINT('',(0.32,0.32,-3.2));
#1887 = VECTOR('',#1888,1.);
#1888 = DIRECTION('',(-1.224646799147E-16,-1.,0.));
#1889 = ORIENTED_EDGE('',*,*,#1890,.T.);
#1890 = EDGE_CURVE('',#1883,#1891,#1893,.T.);
#1891 = VERTEX_POINT('',#1892);
#1892 = CARTESIAN_POINT('',(0.32,-0.62,-1.5));
#1893 = LINE('',#1894,#1895);
#1894 = CARTESIAN_POINT('',(0.32,-0.32,-3.4));
#1895 = VECTOR('',#1896,1.);
#1896 = DIRECTION('',(-1.909990663905E-17,-0.155962573473,0.987762965329
    ));
#1897 = ORIENTED_EDGE('',*,*,#1898,.T.);
#1898 = EDGE_CURVE('',#1891,#1899,#1901,.T.);
#1899 = VERTEX_POINT('',#1900);
#1900 = CARTESIAN_POINT('',(0.32,-0.32,-0.9));
#1901 = LINE('',#1902,#1903);
#1902 = CARTESIAN_POINT('',(0.32,-0.62,-1.5));
#1903 = VECTOR('',#1904,1.);
#1904 = DIRECTION('',(5.476786982641E-17,0.4472135955,0.894427191));
#1905 = ORIENTED_EDGE('',*,*,#1906,.T.);
#1906 = EDGE_CURVE('',#1899,#1907,#1909,.T.);
#1907 = VERTEX_POINT('',#1908);
#1908 = CARTESIAN_POINT('',(0.32,-0.32,3.38));
#1909 = LINE('',#1910,#1911);
#1910 = CARTESIAN_POINT('',(0.32,-0.32,-0.9));
#1911 = VECTOR('',#1912,1.);
#1912 = DIRECTION('',(0.,0.,1.));
#1913 = ORIENTED_EDGE('',*,*,#1914,.F.);
#1914 = EDGE_CURVE('',#1824,#1907,#1915,.T.);
#1915 = CIRCLE('',#1916,5.E-02);
#1916 = AXIS2_PLACEMENT_3D('',#1917,#1918,#1919);
#1917 = CARTESIAN_POINT('',(0.32,-0.37,3.38));
#1918 = DIRECTION('',(-1.,1.224646799147E-16,0.));
#1919 = DIRECTION('',(0.,0.,1.));
#1920 = ORIENTED_EDGE('',*,*,#1823,.T.);
#1921 = PLANE('',#1922);
#1922 = AXIS2_PLACEMENT_3D('',#1923,#1924,#1925);
#1923 = CARTESIAN_POINT('',(0.32,-2.46404183087,2.050076029119));
#1924 = DIRECTION('',(-1.,1.224646799147E-16,0.));
#1925 = DIRECTION('',(0.,0.,1.));
#1926 = ADVANCED_FACE('',(#1927),#2018,.T.);
#1927 = FACE_BOUND('',#1928,.T.);
#1928 = EDGE_LOOP('',(#1929,#1930,#1938,#1947,#1955,#1963,#1971,#1979,
    #1987,#1995,#2003,#2012));
#1929 = ORIENTED_EDGE('',*,*,#976,.F.);
#1930 = ORIENTED_EDGE('',*,*,#1931,.T.);
#1931 = EDGE_CURVE('',#977,#1932,#1934,.T.);
#1932 = VERTEX_POINT('',#1933);
#1933 = CARTESIAN_POINT('',(2.18,-0.37,4.07));
#1934 = LINE('',#1935,#1936);
#1935 = CARTESIAN_POINT('',(2.18,-8.7,4.07));
#1936 = VECTOR('',#1937,1.);
#1937 = DIRECTION('',(1.224646799147E-16,1.,0.));
#1938 = ORIENTED_EDGE('',*,*,#1939,.T.);
#1939 = EDGE_CURVE('',#1932,#1940,#1942,.T.);
#1940 = VERTEX_POINT('',#1941);
#1941 = CARTESIAN_POINT('',(2.18,0.32,3.38));
#1942 = CIRCLE('',#1943,0.69);
#1943 = AXIS2_PLACEMENT_3D('',#1944,#1945,#1946);
#1944 = CARTESIAN_POINT('',(2.18,-0.37,3.38));
#1945 = DIRECTION('',(-1.,1.224646799147E-16,0.));
#1946 = DIRECTION('',(0.,0.,1.));
#1947 = ORIENTED_EDGE('',*,*,#1948,.T.);
#1948 = EDGE_CURVE('',#1940,#1949,#1951,.T.);
#1949 = VERTEX_POINT('',#1950);
#1950 = CARTESIAN_POINT('',(2.18,0.32,-0.9));
#1951 = LINE('',#1952,#1953);
#1952 = CARTESIAN_POINT('',(2.18,0.32,4.07));
#1953 = VECTOR('',#1954,1.);
#1954 = DIRECTION('',(-0.,0.,-1.));
#1955 = ORIENTED_EDGE('',*,*,#1956,.T.);
#1956 = EDGE_CURVE('',#1949,#1957,#1959,.T.);
#1957 = VERTEX_POINT('',#1958);
#1958 = CARTESIAN_POINT('',(2.18,2.E-02,-1.5));
#1959 = LINE('',#1960,#1961);
#1960 = CARTESIAN_POINT('',(2.18,0.32,-0.9));
#1961 = VECTOR('',#1962,1.);
#1962 = DIRECTION('',(-5.476786982641E-17,-0.4472135955,-0.894427191));
#1963 = ORIENTED_EDGE('',*,*,#1964,.T.);
#1964 = EDGE_CURVE('',#1957,#1965,#1967,.T.);
#1965 = VERTEX_POINT('',#1966);
#1966 = CARTESIAN_POINT('',(2.18,0.288421052632,-3.2));
#1967 = LINE('',#1968,#1969);
#1968 = CARTESIAN_POINT('',(2.18,2.E-02,-1.5));
#1969 = VECTOR('',#1970,1.);
#1970 = DIRECTION('',(1.909990663905E-17,0.155962573473,-0.987762965329)
  );
#1971 = ORIENTED_EDGE('',*,*,#1972,.T.);
#1972 = EDGE_CURVE('',#1965,#1973,#1975,.T.);
#1973 = VERTEX_POINT('',#1974);
#1974 = CARTESIAN_POINT('',(2.18,-0.351578947368,-3.2));
#1975 = LINE('',#1976,#1977);
#1976 = CARTESIAN_POINT('',(2.18,0.32,-3.2));
#1977 = VECTOR('',#1978,1.);
#1978 = DIRECTION('',(-1.224646799147E-16,-1.,0.));
#1979 = ORIENTED_EDGE('',*,*,#1980,.T.);
#1980 = EDGE_CURVE('',#1973,#1981,#1983,.T.);
#1981 = VERTEX_POINT('',#1982);
#1982 = CARTESIAN_POINT('',(2.18,-0.62,-1.5));
#1983 = LINE('',#1984,#1985);
#1984 = CARTESIAN_POINT('',(2.18,-0.32,-3.4));
#1985 = VECTOR('',#1986,1.);
#1986 = DIRECTION('',(-1.909990663905E-17,-0.155962573473,0.987762965329
    ));
#1987 = ORIENTED_EDGE('',*,*,#1988,.T.);
#1988 = EDGE_CURVE('',#1981,#1989,#1991,.T.);
#1989 = VERTEX_POINT('',#1990);
#1990 = CARTESIAN_POINT('',(2.18,-0.32,-0.9));
#1991 = LINE('',#1992,#1993);
#1992 = CARTESIAN_POINT('',(2.18,-0.62,-1.5));
#1993 = VECTOR('',#1994,1.);
#1994 = DIRECTION('',(5.476786982641E-17,0.4472135955,0.894427191));
#1995 = ORIENTED_EDGE('',*,*,#1996,.T.);
#1996 = EDGE_CURVE('',#1989,#1997,#1999,.T.);
#1997 = VERTEX_POINT('',#1998);
#1998 = CARTESIAN_POINT('',(2.18,-0.32,3.38));
#1999 = LINE('',#2000,#2001);
#2000 = CARTESIAN_POINT('',(2.18,-0.32,-0.9));
#2001 = VECTOR('',#2002,1.);
#2002 = DIRECTION('',(0.,0.,1.));
#2003 = ORIENTED_EDGE('',*,*,#2004,.F.);
#2004 = EDGE_CURVE('',#2005,#1997,#2007,.T.);
#2005 = VERTEX_POINT('',#2006);
#2006 = CARTESIAN_POINT('',(2.18,-0.37,3.43));
#2007 = CIRCLE('',#2008,5.E-02);
#2008 = AXIS2_PLACEMENT_3D('',#2009,#2010,#2011);
#2009 = CARTESIAN_POINT('',(2.18,-0.37,3.38));
#2010 = DIRECTION('',(-1.,1.224646799147E-16,0.));
#2011 = DIRECTION('',(0.,0.,1.));
#2012 = ORIENTED_EDGE('',*,*,#2013,.T.);
#2013 = EDGE_CURVE('',#2005,#979,#2014,.T.);
#2014 = LINE('',#2015,#2016);
#2015 = CARTESIAN_POINT('',(2.18,-0.32,3.43));
#2016 = VECTOR('',#2017,1.);
#2017 = DIRECTION('',(-1.224646799147E-16,-1.,0.));
#2018 = PLANE('',#2019);
#2019 = AXIS2_PLACEMENT_3D('',#2020,#2021,#2022);
#2020 = CARTESIAN_POINT('',(2.18,-2.46404183087,2.050076029119));
#2021 = DIRECTION('',(-1.,1.224646799147E-16,0.));
#2022 = DIRECTION('',(0.,0.,1.));
#2023 = ADVANCED_FACE('',(#2024),#2042,.F.);
#2024 = FACE_BOUND('',#2025,.F.);
#2025 = EDGE_LOOP('',(#2026,#2034,#2040,#2041));
#2026 = ORIENTED_EDGE('',*,*,#2027,.F.);
#2027 = EDGE_CURVE('',#2028,#995,#2030,.T.);
#2028 = VERTEX_POINT('',#2029);
#2029 = CARTESIAN_POINT('',(2.82,-0.37,3.43));
#2030 = LINE('',#2031,#2032);
#2031 = CARTESIAN_POINT('',(2.82,-0.32,3.43));
#2032 = VECTOR('',#2033,1.);
#2033 = DIRECTION('',(-1.224646799147E-16,-1.,0.));
#2034 = ORIENTED_EDGE('',*,*,#2035,.T.);
#2035 = EDGE_CURVE('',#2028,#2005,#2036,.T.);
#2036 = LINE('',#2037,#2038);
#2037 = CARTESIAN_POINT('',(2.82,-0.37,3.43));
#2038 = VECTOR('',#2039,1.);
#2039 = DIRECTION('',(-1.,1.224646799147E-16,0.));
#2040 = ORIENTED_EDGE('',*,*,#2013,.T.);
#2041 = ORIENTED_EDGE('',*,*,#1002,.F.);
#2042 = PLANE('',#2043);
#2043 = AXIS2_PLACEMENT_3D('',#2044,#2045,#2046);
#2044 = CARTESIAN_POINT('',(2.82,-0.32,3.43));
#2045 = DIRECTION('',(0.,0.,1.));
#2046 = DIRECTION('',(-1.224646799147E-16,-1.,0.));
#2047 = ADVANCED_FACE('',(#2048),#2132,.F.);
#2048 = FACE_BOUND('',#2049,.F.);
#2049 = EDGE_LOOP('',(#2050,#2051,#2059,#2068,#2076,#2084,#2092,#2100,
    #2108,#2116,#2124,#2131));
#2050 = ORIENTED_EDGE('',*,*,#994,.F.);
#2051 = ORIENTED_EDGE('',*,*,#2052,.T.);
#2052 = EDGE_CURVE('',#987,#2053,#2055,.T.);
#2053 = VERTEX_POINT('',#2054);
#2054 = CARTESIAN_POINT('',(2.82,-0.37,4.07));
#2055 = LINE('',#2056,#2057);
#2056 = CARTESIAN_POINT('',(2.82,-8.7,4.07));
#2057 = VECTOR('',#2058,1.);
#2058 = DIRECTION('',(1.224646799147E-16,1.,0.));
#2059 = ORIENTED_EDGE('',*,*,#2060,.T.);
#2060 = EDGE_CURVE('',#2053,#2061,#2063,.T.);
#2061 = VERTEX_POINT('',#2062);
#2062 = CARTESIAN_POINT('',(2.82,0.32,3.38));
#2063 = CIRCLE('',#2064,0.69);
#2064 = AXIS2_PLACEMENT_3D('',#2065,#2066,#2067);
#2065 = CARTESIAN_POINT('',(2.82,-0.37,3.38));
#2066 = DIRECTION('',(-1.,1.224646799147E-16,0.));
#2067 = DIRECTION('',(0.,0.,1.));
#2068 = ORIENTED_EDGE('',*,*,#2069,.T.);
#2069 = EDGE_CURVE('',#2061,#2070,#2072,.T.);
#2070 = VERTEX_POINT('',#2071);
#2071 = CARTESIAN_POINT('',(2.82,0.32,-0.9));
#2072 = LINE('',#2073,#2074);
#2073 = CARTESIAN_POINT('',(2.82,0.32,4.07));
#2074 = VECTOR('',#2075,1.);
#2075 = DIRECTION('',(-0.,0.,-1.));
#2076 = ORIENTED_EDGE('',*,*,#2077,.T.);
#2077 = EDGE_CURVE('',#2070,#2078,#2080,.T.);
#2078 = VERTEX_POINT('',#2079);
#2079 = CARTESIAN_POINT('',(2.82,2.E-02,-1.5));
#2080 = LINE('',#2081,#2082);
#2081 = CARTESIAN_POINT('',(2.82,0.32,-0.9));
#2082 = VECTOR('',#2083,1.);
#2083 = DIRECTION('',(-5.476786982641E-17,-0.4472135955,-0.894427191));
#2084 = ORIENTED_EDGE('',*,*,#2085,.T.);
#2085 = EDGE_CURVE('',#2078,#2086,#2088,.T.);
#2086 = VERTEX_POINT('',#2087);
#2087 = CARTESIAN_POINT('',(2.82,0.288421052632,-3.2));
#2088 = LINE('',#2089,#2090);
#2089 = CARTESIAN_POINT('',(2.82,2.E-02,-1.5));
#2090 = VECTOR('',#2091,1.);
#2091 = DIRECTION('',(1.909990663905E-17,0.155962573473,-0.987762965329)
  );
#2092 = ORIENTED_EDGE('',*,*,#2093,.T.);
#2093 = EDGE_CURVE('',#2086,#2094,#2096,.T.);
#2094 = VERTEX_POINT('',#2095);
#2095 = CARTESIAN_POINT('',(2.82,-0.351578947368,-3.2));
#2096 = LINE('',#2097,#2098);
#2097 = CARTESIAN_POINT('',(2.82,0.32,-3.2));
#2098 = VECTOR('',#2099,1.);
#2099 = DIRECTION('',(-1.224646799147E-16,-1.,0.));
#2100 = ORIENTED_EDGE('',*,*,#2101,.T.);
#2101 = EDGE_CURVE('',#2094,#2102,#2104,.T.);
#2102 = VERTEX_POINT('',#2103);
#2103 = CARTESIAN_POINT('',(2.82,-0.62,-1.5));
#2104 = LINE('',#2105,#2106);
#2105 = CARTESIAN_POINT('',(2.82,-0.32,-3.4));
#2106 = VECTOR('',#2107,1.);
#2107 = DIRECTION('',(-1.909990663905E-17,-0.155962573473,0.987762965329
    ));
#2108 = ORIENTED_EDGE('',*,*,#2109,.T.);
#2109 = EDGE_CURVE('',#2102,#2110,#2112,.T.);
#2110 = VERTEX_POINT('',#2111);
#2111 = CARTESIAN_POINT('',(2.82,-0.32,-0.9));
#2112 = LINE('',#2113,#2114);
#2113 = CARTESIAN_POINT('',(2.82,-0.62,-1.5));
#2114 = VECTOR('',#2115,1.);
#2115 = DIRECTION('',(5.476786982641E-17,0.4472135955,0.894427191));
#2116 = ORIENTED_EDGE('',*,*,#2117,.T.);
#2117 = EDGE_CURVE('',#2110,#2118,#2120,.T.);
#2118 = VERTEX_POINT('',#2119);
#2119 = CARTESIAN_POINT('',(2.82,-0.32,3.38));
#2120 = LINE('',#2121,#2122);
#2121 = CARTESIAN_POINT('',(2.82,-0.32,-0.9));
#2122 = VECTOR('',#2123,1.);
#2123 = DIRECTION('',(0.,0.,1.));
#2124 = ORIENTED_EDGE('',*,*,#2125,.F.);
#2125 = EDGE_CURVE('',#2028,#2118,#2126,.T.);
#2126 = CIRCLE('',#2127,5.E-02);
#2127 = AXIS2_PLACEMENT_3D('',#2128,#2129,#2130);
#2128 = CARTESIAN_POINT('',(2.82,-0.37,3.38));
#2129 = DIRECTION('',(-1.,1.224646799147E-16,0.));
#2130 = DIRECTION('',(0.,0.,1.));
#2131 = ORIENTED_EDGE('',*,*,#2027,.T.);
#2132 = PLANE('',#2133);
#2133 = AXIS2_PLACEMENT_3D('',#2134,#2135,#2136);
#2134 = CARTESIAN_POINT('',(2.82,-2.46404183087,2.050076029119));
#2135 = DIRECTION('',(-1.,1.224646799147E-16,0.));
#2136 = DIRECTION('',(0.,0.,1.));
#2137 = ADVANCED_FACE('',(#2138),#2149,.F.);
#2138 = FACE_BOUND('',#2139,.F.);
#2139 = EDGE_LOOP('',(#2140,#2141,#2142,#2143));
#2140 = ORIENTED_EDGE('',*,*,#2052,.F.);
#2141 = ORIENTED_EDGE('',*,*,#986,.F.);
#2142 = ORIENTED_EDGE('',*,*,#1931,.T.);
#2143 = ORIENTED_EDGE('',*,*,#2144,.F.);
#2144 = EDGE_CURVE('',#2053,#1932,#2145,.T.);
#2145 = LINE('',#2146,#2147);
#2146 = CARTESIAN_POINT('',(2.82,-0.37,4.07));
#2147 = VECTOR('',#2148,1.);
#2148 = DIRECTION('',(-1.,1.224646799147E-16,0.));
#2149 = PLANE('',#2150);
#2150 = AXIS2_PLACEMENT_3D('',#2151,#2152,#2153);
#2151 = CARTESIAN_POINT('',(2.82,-8.7,4.07));
#2152 = DIRECTION('',(-0.,0.,-1.));
#2153 = DIRECTION('',(1.224646799147E-16,1.,0.));
#2154 = ADVANCED_FACE('',(#2155),#2174,.F.);
#2155 = FACE_BOUND('',#2156,.F.);
#2156 = EDGE_LOOP('',(#2157,#2165,#2172,#2173));
#2157 = ORIENTED_EDGE('',*,*,#2158,.T.);
#2158 = EDGE_CURVE('',#1075,#2159,#2161,.T.);
#2159 = VERTEX_POINT('',#2160);
#2160 = CARTESIAN_POINT('',(4.1,-5.85,4.75));
#2161 = LINE('',#2162,#2163);
#2162 = CARTESIAN_POINT('',(4.95,-5.85,4.75));
#2163 = VECTOR('',#2164,1.);
#2164 = DIRECTION('',(-1.,1.224646799147E-16,0.));
#2165 = ORIENTED_EDGE('',*,*,#2166,.T.);
#2166 = EDGE_CURVE('',#2159,#1465,#2167,.T.);
#2167 = CIRCLE('',#2168,0.5);
#2168 = AXIS2_PLACEMENT_3D('',#2169,#2170,#2171);
#2169 = CARTESIAN_POINT('',(4.1,-6.35,4.75));
#2170 = DIRECTION('',(1.,-1.224646799147E-16,0.));
#2171 = DIRECTION('',(1.359631073446E-32,1.110223024625E-16,1.));
#2172 = ORIENTED_EDGE('',*,*,#1472,.F.);
#2173 = ORIENTED_EDGE('',*,*,#1074,.T.);
#2174 = CYLINDRICAL_SURFACE('',#2175,0.5);
#2175 = AXIS2_PLACEMENT_3D('',#2176,#2177,#2178);
#2176 = CARTESIAN_POINT('',(4.95,-6.35,4.75));
#2177 = DIRECTION('',(1.,-1.224646799147E-16,0.));
#2178 = DIRECTION('',(1.359631073446E-32,1.110223024625E-16,1.));
#2179 = ADVANCED_FACE('',(#2180),#2191,.T.);
#2180 = FACE_BOUND('',#2181,.T.);
#2181 = EDGE_LOOP('',(#2182,#2183,#2184,#2190));
#2182 = ORIENTED_EDGE('',*,*,#1083,.F.);
#2183 = ORIENTED_EDGE('',*,*,#2158,.T.);
#2184 = ORIENTED_EDGE('',*,*,#2185,.T.);
#2185 = EDGE_CURVE('',#2159,#1210,#2186,.T.);
#2186 = LINE('',#2187,#2188);
#2187 = CARTESIAN_POINT('',(4.1,-5.85,2.925));
#2188 = VECTOR('',#2189,1.);
#2189 = DIRECTION('',(-1.359631073447E-32,-1.110223024625E-16,-1.));
#2190 = ORIENTED_EDGE('',*,*,#1209,.F.);
#2191 = PLANE('',#2192);
#2192 = AXIS2_PLACEMENT_3D('',#2193,#2194,#2195);
#2193 = CARTESIAN_POINT('',(4.95,-5.85,4.75));
#2194 = DIRECTION('',(-1.224646799147E-16,-1.,1.110223024625E-16));
#2195 = DIRECTION('',(-1.359631073447E-32,-1.110223024625E-16,-1.));
#2196 = ADVANCED_FACE('',(#2197),#2218,.F.);
#2197 = FACE_BOUND('',#2198,.F.);
#2198 = EDGE_LOOP('',(#2199,#2200,#2201,#2202,#2203,#2211,#2217));
#2199 = ORIENTED_EDGE('',*,*,#1165,.T.);
#2200 = ORIENTED_EDGE('',*,*,#1292,.T.);
#2201 = ORIENTED_EDGE('',*,*,#1326,.T.);
#2202 = ORIENTED_EDGE('',*,*,#1448,.T.);
#2203 = ORIENTED_EDGE('',*,*,#2204,.T.);
#2204 = EDGE_CURVE('',#1449,#2205,#2207,.T.);
#2205 = VERTEX_POINT('',#2206);
#2206 = CARTESIAN_POINT('',(-1.6,-4.05,1.1));
#2207 = LINE('',#2208,#2209);
#2208 = CARTESIAN_POINT('',(-1.6,-4.05,5.25));
#2209 = VECTOR('',#2210,1.);
#2210 = DIRECTION('',(-1.359631073447E-32,-1.110223024625E-16,-1.));
#2211 = ORIENTED_EDGE('',*,*,#2212,.F.);
#2212 = EDGE_CURVE('',#1144,#2205,#2213,.T.);
#2213 = LINE('',#2214,#2215);
#2214 = CARTESIAN_POINT('',(-1.6,-9.2,1.1));
#2215 = VECTOR('',#2216,1.);
#2216 = DIRECTION('',(1.224646799147E-16,1.,-1.110223024625E-16));
#2217 = ORIENTED_EDGE('',*,*,#1151,.F.);
#2218 = PLANE('',#2219);
#2219 = AXIS2_PLACEMENT_3D('',#2220,#2221,#2222);
#2220 = CARTESIAN_POINT('',(-1.6,-9.2,5.25));
#2221 = DIRECTION('',(-1.,1.224646799147E-16,0.));
#2222 = DIRECTION('',(-1.359631073446E-32,-1.110223024625E-16,-1.));
#2223 = ADVANCED_FACE('',(#2224),#2245,.F.);
#2224 = FACE_BOUND('',#2225,.F.);
#2225 = EDGE_LOOP('',(#2226,#2227,#2228,#2236,#2242,#2243,#2244));
#2226 = ORIENTED_EDGE('',*,*,#1217,.T.);
#2227 = ORIENTED_EDGE('',*,*,#1249,.F.);
#2228 = ORIENTED_EDGE('',*,*,#2229,.T.);
#2229 = EDGE_CURVE('',#1240,#2230,#2232,.T.);
#2230 = VERTEX_POINT('',#2231);
#2231 = CARTESIAN_POINT('',(4.1,-4.05,1.1));
#2232 = LINE('',#2233,#2234);
#2233 = CARTESIAN_POINT('',(4.1,-9.2,1.1));
#2234 = VECTOR('',#2235,1.);
#2235 = DIRECTION('',(1.224646799147E-16,1.,-1.110223024625E-16));
#2236 = ORIENTED_EDGE('',*,*,#2237,.T.);
#2237 = EDGE_CURVE('',#2230,#1457,#2238,.T.);
#2238 = LINE('',#2239,#2240);
#2239 = CARTESIAN_POINT('',(4.1,-4.05,1.1));
#2240 = VECTOR('',#2241,1.);
#2241 = DIRECTION('',(1.359631073447E-32,1.110223024625E-16,1.));
#2242 = ORIENTED_EDGE('',*,*,#1464,.F.);
#2243 = ORIENTED_EDGE('',*,*,#2166,.F.);
#2244 = ORIENTED_EDGE('',*,*,#2185,.T.);
#2245 = PLANE('',#2246);
#2246 = AXIS2_PLACEMENT_3D('',#2247,#2248,#2249);
#2247 = CARTESIAN_POINT('',(4.1,-9.2,1.1));
#2248 = DIRECTION('',(1.,-1.224646799147E-16,0.));
#2249 = DIRECTION('',(1.359631073446E-32,1.110223024625E-16,1.));
#2250 = ADVANCED_FACE('',(#2251),#2262,.F.);
#2251 = FACE_BOUND('',#2252,.F.);
#2252 = EDGE_LOOP('',(#2253,#2254,#2260,#2261));
#2253 = ORIENTED_EDGE('',*,*,#2212,.T.);
#2254 = ORIENTED_EDGE('',*,*,#2255,.T.);
#2255 = EDGE_CURVE('',#2205,#2230,#2256,.T.);
#2256 = LINE('',#2257,#2258);
#2257 = CARTESIAN_POINT('',(-1.6,-4.05,1.1));
#2258 = VECTOR('',#2259,1.);
#2259 = DIRECTION('',(1.,-1.224646799147E-16,0.));
#2260 = ORIENTED_EDGE('',*,*,#2229,.F.);
#2261 = ORIENTED_EDGE('',*,*,#1266,.F.);
#2262 = PLANE('',#2263);
#2263 = AXIS2_PLACEMENT_3D('',#2264,#2265,#2266);
#2264 = CARTESIAN_POINT('',(-1.6,-9.2,1.1));
#2265 = DIRECTION('',(-1.359631073447E-32,-1.110223024625E-16,-1.));
#2266 = DIRECTION('',(1.,-1.224646799147E-16,-6.927121900793E-45));
#2267 = ADVANCED_FACE('',(#2268,#2274,#2308),#2342,.T.);
#2268 = FACE_BOUND('',#2269,.T.);
#2269 = EDGE_LOOP('',(#2270,#2271,#2272,#2273));
#2270 = ORIENTED_EDGE('',*,*,#1456,.T.);
#2271 = ORIENTED_EDGE('',*,*,#2204,.T.);
#2272 = ORIENTED_EDGE('',*,*,#2255,.T.);
#2273 = ORIENTED_EDGE('',*,*,#2237,.T.);
#2274 = FACE_BOUND('',#2275,.T.);
#2275 = EDGE_LOOP('',(#2276,#2286,#2294,#2302));
#2276 = ORIENTED_EDGE('',*,*,#2277,.F.);
#2277 = EDGE_CURVE('',#2278,#2280,#2282,.T.);
#2278 = VERTEX_POINT('',#2279);
#2279 = CARTESIAN_POINT('',(2.18,-4.05,4.07));
#2280 = VERTEX_POINT('',#2281);
#2281 = CARTESIAN_POINT('',(2.18,-4.05,3.43));
#2282 = LINE('',#2283,#2284);
#2283 = CARTESIAN_POINT('',(2.18,-4.05,2.612538014559));
#2284 = VECTOR('',#2285,1.);
#2285 = DIRECTION('',(-1.359631073447E-32,-1.110223024625E-16,-1.));
#2286 = ORIENTED_EDGE('',*,*,#2287,.T.);
#2287 = EDGE_CURVE('',#2278,#2288,#2290,.T.);
#2288 = VERTEX_POINT('',#2289);
#2289 = CARTESIAN_POINT('',(2.82,-4.05,4.07));
#2290 = LINE('',#2291,#2292);
#2291 = CARTESIAN_POINT('',(2.035,-4.05,4.07));
#2292 = VECTOR('',#2293,1.);
#2293 = DIRECTION('',(1.,-1.224646799147E-16,0.));
#2294 = ORIENTED_EDGE('',*,*,#2295,.T.);
#2295 = EDGE_CURVE('',#2288,#2296,#2298,.T.);
#2296 = VERTEX_POINT('',#2297);
#2297 = CARTESIAN_POINT('',(2.82,-4.05,3.43));
#2298 = LINE('',#2299,#2300);
#2299 = CARTESIAN_POINT('',(2.82,-4.05,2.612538014559));
#2300 = VECTOR('',#2301,1.);
#2301 = DIRECTION('',(-1.359631073447E-32,-1.110223024625E-16,-1.));
#2302 = ORIENTED_EDGE('',*,*,#2303,.T.);
#2303 = EDGE_CURVE('',#2296,#2280,#2304,.T.);
#2304 = LINE('',#2305,#2306);
#2305 = CARTESIAN_POINT('',(2.035,-4.05,3.43));
#2306 = VECTOR('',#2307,1.);
#2307 = DIRECTION('',(-1.,1.224646799147E-16,0.));
#2308 = FACE_BOUND('',#2309,.T.);
#2309 = EDGE_LOOP('',(#2310,#2320,#2328,#2336));
#2310 = ORIENTED_EDGE('',*,*,#2311,.T.);
#2311 = EDGE_CURVE('',#2312,#2314,#2316,.T.);
#2312 = VERTEX_POINT('',#2313);
#2313 = CARTESIAN_POINT('',(-0.32,-4.05,4.07));
#2314 = VERTEX_POINT('',#2315);
#2315 = CARTESIAN_POINT('',(0.32,-4.05,4.07));
#2316 = LINE('',#2317,#2318);
#2317 = CARTESIAN_POINT('',(0.785,-4.05,4.07));
#2318 = VECTOR('',#2319,1.);
#2319 = DIRECTION('',(1.,-1.224646799147E-16,0.));
#2320 = ORIENTED_EDGE('',*,*,#2321,.T.);
#2321 = EDGE_CURVE('',#2314,#2322,#2324,.T.);
#2322 = VERTEX_POINT('',#2323);
#2323 = CARTESIAN_POINT('',(0.32,-4.05,3.43));
#2324 = LINE('',#2325,#2326);
#2325 = CARTESIAN_POINT('',(0.32,-4.05,2.612538014559));
#2326 = VECTOR('',#2327,1.);
#2327 = DIRECTION('',(-1.359631073447E-32,-1.110223024625E-16,-1.));
#2328 = ORIENTED_EDGE('',*,*,#2329,.T.);
#2329 = EDGE_CURVE('',#2322,#2330,#2332,.T.);
#2330 = VERTEX_POINT('',#2331);
#2331 = CARTESIAN_POINT('',(-0.32,-4.05,3.43));
#2332 = LINE('',#2333,#2334);
#2333 = CARTESIAN_POINT('',(0.785,-4.05,3.43));
#2334 = VECTOR('',#2335,1.);
#2335 = DIRECTION('',(-1.,1.224646799147E-16,0.));
#2336 = ORIENTED_EDGE('',*,*,#2337,.F.);
#2337 = EDGE_CURVE('',#2312,#2330,#2338,.T.);
#2338 = LINE('',#2339,#2340);
#2339 = CARTESIAN_POINT('',(-0.32,-4.05,2.612538014559));
#2340 = VECTOR('',#2341,1.);
#2341 = DIRECTION('',(-1.359631073447E-32,-1.110223024625E-16,-1.));
#2342 = PLANE('',#2343);
#2343 = AXIS2_PLACEMENT_3D('',#2344,#2345,#2346);
#2344 = CARTESIAN_POINT('',(1.25,-4.05,3.175));
#2345 = DIRECTION('',(-1.224646799147E-16,-1.,1.110223024625E-16));
#2346 = DIRECTION('',(-1.,1.224646799147E-16,0.));
#2347 = ADVANCED_FACE('',(#2348),#2359,.T.);
#2348 = FACE_BOUND('',#2349,.T.);
#2349 = EDGE_LOOP('',(#2350,#2351,#2357,#2358));
#2350 = ORIENTED_EDGE('',*,*,#1849,.T.);
#2351 = ORIENTED_EDGE('',*,*,#2352,.T.);
#2352 = EDGE_CURVE('',#1850,#1736,#2353,.T.);
#2353 = LINE('',#2354,#2355);
#2354 = CARTESIAN_POINT('',(0.32,0.32,3.38));
#2355 = VECTOR('',#2356,1.);
#2356 = DIRECTION('',(-1.,1.224646799147E-16,0.));
#2357 = ORIENTED_EDGE('',*,*,#1735,.F.);
#2358 = ORIENTED_EDGE('',*,*,#1719,.F.);
#2359 = CYLINDRICAL_SURFACE('',#2360,0.69);
#2360 = AXIS2_PLACEMENT_3D('',#2361,#2362,#2363);
#2361 = CARTESIAN_POINT('',(0.32,-0.37,3.38));
#2362 = DIRECTION('',(-1.,1.224646799147E-16,0.));
#2363 = DIRECTION('',(0.,0.,1.));
#2364 = ADVANCED_FACE('',(#2365),#2376,.F.);
#2365 = FACE_BOUND('',#2366,.F.);
#2366 = EDGE_LOOP('',(#2367,#2368,#2374,#2375));
#2367 = ORIENTED_EDGE('',*,*,#1914,.T.);
#2368 = ORIENTED_EDGE('',*,*,#2369,.T.);
#2369 = EDGE_CURVE('',#1907,#1793,#2370,.T.);
#2370 = LINE('',#2371,#2372);
#2371 = CARTESIAN_POINT('',(0.32,-0.32,3.38));
#2372 = VECTOR('',#2373,1.);
#2373 = DIRECTION('',(-1.,1.224646799147E-16,0.));
#2374 = ORIENTED_EDGE('',*,*,#1800,.F.);
#2375 = ORIENTED_EDGE('',*,*,#1831,.F.);
#2376 = CYLINDRICAL_SURFACE('',#2377,5.E-02);
#2377 = AXIS2_PLACEMENT_3D('',#2378,#2379,#2380);
#2378 = CARTESIAN_POINT('',(0.32,-0.37,3.38));
#2379 = DIRECTION('',(-1.,1.224646799147E-16,0.));
#2380 = DIRECTION('',(0.,0.,1.));
#2381 = ADVANCED_FACE('',(#2382),#2393,.F.);
#2382 = FACE_BOUND('',#2383,.F.);
#2383 = EDGE_LOOP('',(#2384,#2385,#2391,#2392));
#2384 = ORIENTED_EDGE('',*,*,#1906,.F.);
#2385 = ORIENTED_EDGE('',*,*,#2386,.T.);
#2386 = EDGE_CURVE('',#1899,#1785,#2387,.T.);
#2387 = LINE('',#2388,#2389);
#2388 = CARTESIAN_POINT('',(0.32,-0.32,-0.9));
#2389 = VECTOR('',#2390,1.);
#2390 = DIRECTION('',(-1.,1.224646799147E-16,0.));
#2391 = ORIENTED_EDGE('',*,*,#1792,.T.);
#2392 = ORIENTED_EDGE('',*,*,#2369,.F.);
#2393 = PLANE('',#2394);
#2394 = AXIS2_PLACEMENT_3D('',#2395,#2396,#2397);
#2395 = CARTESIAN_POINT('',(0.32,-0.32,-0.9));
#2396 = DIRECTION('',(1.224646799147E-16,1.,0.));
#2397 = DIRECTION('',(0.,-0.,1.));
#2398 = ADVANCED_FACE('',(#2399),#2410,.F.);
#2399 = FACE_BOUND('',#2400,.F.);
#2400 = EDGE_LOOP('',(#2401,#2407,#2408,#2409));
#2401 = ORIENTED_EDGE('',*,*,#2402,.T.);
#2402 = EDGE_CURVE('',#1891,#1777,#2403,.T.);
#2403 = LINE('',#2404,#2405);
#2404 = CARTESIAN_POINT('',(0.32,-0.62,-1.5));
#2405 = VECTOR('',#2406,1.);
#2406 = DIRECTION('',(-1.,1.224646799147E-16,0.));
#2407 = ORIENTED_EDGE('',*,*,#1784,.T.);
#2408 = ORIENTED_EDGE('',*,*,#2386,.F.);
#2409 = ORIENTED_EDGE('',*,*,#1898,.F.);
#2410 = PLANE('',#2411);
#2411 = AXIS2_PLACEMENT_3D('',#2412,#2413,#2414);
#2412 = CARTESIAN_POINT('',(0.32,-0.62,-1.5));
#2413 = DIRECTION('',(1.095357396528E-16,0.894427191,-0.4472135955));
#2414 = DIRECTION('',(5.476786982641E-17,0.4472135955,0.894427191));
#2415 = ADVANCED_FACE('',(#2416),#2443,.F.);
#2416 = FACE_BOUND('',#2417,.F.);
#2417 = EDGE_LOOP('',(#2418,#2419,#2427,#2435,#2441,#2442));
#2418 = ORIENTED_EDGE('',*,*,#1890,.F.);
#2419 = ORIENTED_EDGE('',*,*,#2420,.F.);
#2420 = EDGE_CURVE('',#2421,#1883,#2423,.T.);
#2421 = VERTEX_POINT('',#2422);
#2422 = CARTESIAN_POINT('',(0.317552593066,-0.351192514695,
    -3.202447406934));
#2423 = LINE('',#2424,#2425);
#2424 = CARTESIAN_POINT('',(0.193816689466,-0.331655266758,
    -3.326183310534));
#2425 = VECTOR('',#2426,1.);
#2426 = DIRECTION('',(0.702740385383,-0.110959008218,0.702740385383));
#2427 = ORIENTED_EDGE('',*,*,#2428,.T.);
#2428 = EDGE_CURVE('',#2421,#2429,#2431,.T.);
#2429 = VERTEX_POINT('',#2430);
#2430 = CARTESIAN_POINT('',(-0.317552593066,-0.351192514695,
    -3.202447406934));
#2431 = LINE('',#2432,#2433);
#2432 = CARTESIAN_POINT('',(0.32,-0.351192514695,-3.202447406934));
#2433 = VECTOR('',#2434,1.);
#2434 = DIRECTION('',(-1.,1.224646799147E-16,0.));
#2435 = ORIENTED_EDGE('',*,*,#2436,.T.);
#2436 = EDGE_CURVE('',#2429,#1769,#2437,.T.);
#2437 = LINE('',#2438,#2439);
#2438 = CARTESIAN_POINT('',(-3.578659370725E-02,-0.306703146375,
    -3.484213406293));
#2439 = VECTOR('',#2440,1.);
#2440 = DIRECTION('',(-0.702740385383,-0.110959008218,0.702740385383));
#2441 = ORIENTED_EDGE('',*,*,#1776,.T.);
#2442 = ORIENTED_EDGE('',*,*,#2402,.F.);
#2443 = PLANE('',#2444);
#2444 = AXIS2_PLACEMENT_3D('',#2445,#2446,#2447);
#2445 = CARTESIAN_POINT('',(0.32,-0.32,-3.4));
#2446 = DIRECTION('',(1.209660753807E-16,0.987762965329,0.155962573473)
  );
#2447 = DIRECTION('',(-1.909990663905E-17,-0.155962573473,0.987762965329
    ));
#2448 = ADVANCED_FACE('',(#2449),#2483,.F.);
#2449 = FACE_BOUND('',#2450,.T.);
#2450 = EDGE_LOOP('',(#2451,#2461,#2469,#2475,#2476,#2477));
#2451 = ORIENTED_EDGE('',*,*,#2452,.F.);
#2452 = EDGE_CURVE('',#2453,#2455,#2457,.T.);
#2453 = VERTEX_POINT('',#2454);
#2454 = CARTESIAN_POINT('',(-0.12,0.12,-3.4));
#2455 = VERTEX_POINT('',#2456);
#2456 = CARTESIAN_POINT('',(-0.317552593066,0.288807485305,
    -3.202447406934));
#2457 = LINE('',#2458,#2459);
#2458 = CARTESIAN_POINT('',(-0.138643150189,0.135930458076,
    -3.381356849811));
#2459 = VECTOR('',#2460,1.);
#2460 = DIRECTION('',(-0.605209817607,0.517148096144,0.605209817607));
#2461 = ORIENTED_EDGE('',*,*,#2462,.T.);
#2462 = EDGE_CURVE('',#2453,#2463,#2465,.T.);
#2463 = VERTEX_POINT('',#2464);
#2464 = CARTESIAN_POINT('',(-0.12,-0.12,-3.4));
#2465 = LINE('',#2466,#2467);
#2466 = CARTESIAN_POINT('',(-0.12,0.32,-3.4));
#2467 = VECTOR('',#2468,1.);
#2468 = DIRECTION('',(-1.224646799147E-16,-1.,0.));
#2469 = ORIENTED_EDGE('',*,*,#2470,.T.);
#2470 = EDGE_CURVE('',#2463,#2429,#2471,.T.);
#2471 = LINE('',#2472,#2473);
#2472 = CARTESIAN_POINT('',(-4.270986134977E-02,-2.95486359438E-02,
    -3.47729013865));
#2473 = VECTOR('',#2474,1.);
#2474 = DIRECTION('',(-0.544770019249,-0.63753529491,0.544770019249));
#2475 = ORIENTED_EDGE('',*,*,#2436,.T.);
#2476 = ORIENTED_EDGE('',*,*,#1768,.F.);
#2477 = ORIENTED_EDGE('',*,*,#2478,.F.);
#2478 = EDGE_CURVE('',#2455,#1761,#2479,.T.);
#2479 = LINE('',#2480,#2481);
#2480 = CARTESIAN_POINT('',(-0.541586867305,0.253433652531,
    -2.978413132695));
#2481 = VECTOR('',#2482,1.);
#2482 = DIRECTION('',(-0.702740385383,-0.110959008218,0.702740385383));
#2483 = PLANE('',#2484);
#2484 = AXIS2_PLACEMENT_3D('',#2485,#2486,#2487);
#2485 = CARTESIAN_POINT('',(-0.22,0.32,-3.3));
#2486 = DIRECTION('',(0.707106781187,-8.833102285013E-17,0.707106781187)
  );
#2487 = DIRECTION('',(1.236918052038E-16,1.,1.227125289097E-18));
#2488 = ADVANCED_FACE('',(#2489),#2514,.F.);
#2489 = FACE_BOUND('',#2490,.F.);
#2490 = EDGE_LOOP('',(#2491,#2492,#2498,#2499,#2500,#2508));
#2491 = ORIENTED_EDGE('',*,*,#1874,.F.);
#2492 = ORIENTED_EDGE('',*,*,#2493,.T.);
#2493 = EDGE_CURVE('',#1867,#1753,#2494,.T.);
#2494 = LINE('',#2495,#2496);
#2495 = CARTESIAN_POINT('',(0.32,2.E-02,-1.5));
#2496 = VECTOR('',#2497,1.);
#2497 = DIRECTION('',(-1.,1.224646799147E-16,0.));
#2498 = ORIENTED_EDGE('',*,*,#1760,.T.);
#2499 = ORIENTED_EDGE('',*,*,#2478,.F.);
#2500 = ORIENTED_EDGE('',*,*,#2501,.F.);
#2501 = EDGE_CURVE('',#2502,#2455,#2504,.T.);
#2502 = VERTEX_POINT('',#2503);
#2503 = CARTESIAN_POINT('',(0.317552593066,0.288807485305,
    -3.202447406934));
#2504 = LINE('',#2505,#2506);
#2505 = CARTESIAN_POINT('',(0.32,0.288807485305,-3.202447406934));
#2506 = VECTOR('',#2507,1.);
#2507 = DIRECTION('',(-1.,1.224646799147E-16,0.));
#2508 = ORIENTED_EDGE('',*,*,#2509,.T.);
#2509 = EDGE_CURVE('',#2502,#1875,#2510,.T.);
#2510 = LINE('',#2511,#2512);
#2511 = CARTESIAN_POINT('',(0.699616963064,0.228481532148,
    -2.820383036936));
#2512 = VECTOR('',#2513,1.);
#2513 = DIRECTION('',(0.702740385383,-0.110959008218,0.702740385383));
#2514 = PLANE('',#2515);
#2515 = AXIS2_PLACEMENT_3D('',#2516,#2517,#2518);
#2516 = CARTESIAN_POINT('',(0.32,2.E-02,-1.5));
#2517 = DIRECTION('',(-1.209660753807E-16,-0.987762965329,
    -0.155962573473));
#2518 = DIRECTION('',(1.909990663905E-17,0.155962573473,-0.987762965329)
  );
#2519 = ADVANCED_FACE('',(#2520),#2531,.F.);
#2520 = FACE_BOUND('',#2521,.F.);
#2521 = EDGE_LOOP('',(#2522,#2528,#2529,#2530));
#2522 = ORIENTED_EDGE('',*,*,#2523,.T.);
#2523 = EDGE_CURVE('',#1859,#1745,#2524,.T.);
#2524 = LINE('',#2525,#2526);
#2525 = CARTESIAN_POINT('',(0.32,0.32,-0.9));
#2526 = VECTOR('',#2527,1.);
#2527 = DIRECTION('',(-1.,1.224646799147E-16,0.));
#2528 = ORIENTED_EDGE('',*,*,#1752,.T.);
#2529 = ORIENTED_EDGE('',*,*,#2493,.F.);
#2530 = ORIENTED_EDGE('',*,*,#1866,.F.);
#2531 = PLANE('',#2532);
#2532 = AXIS2_PLACEMENT_3D('',#2533,#2534,#2535);
#2533 = CARTESIAN_POINT('',(0.32,0.32,-0.9));
#2534 = DIRECTION('',(-1.095357396528E-16,-0.894427191,0.4472135955));
#2535 = DIRECTION('',(-5.476786982641E-17,-0.4472135955,-0.894427191));
#2536 = ADVANCED_FACE('',(#2537),#2543,.F.);
#2537 = FACE_BOUND('',#2538,.F.);
#2538 = EDGE_LOOP('',(#2539,#2540,#2541,#2542));
#2539 = ORIENTED_EDGE('',*,*,#1858,.F.);
#2540 = ORIENTED_EDGE('',*,*,#2352,.T.);
#2541 = ORIENTED_EDGE('',*,*,#1744,.T.);
#2542 = ORIENTED_EDGE('',*,*,#2523,.F.);
#2543 = PLANE('',#2544);
#2544 = AXIS2_PLACEMENT_3D('',#2545,#2546,#2547);
#2545 = CARTESIAN_POINT('',(0.32,0.32,4.07));
#2546 = DIRECTION('',(-1.224646799147E-16,-1.,0.));
#2547 = DIRECTION('',(-0.,0.,-1.));
#2548 = ADVANCED_FACE('',(#2549),#2576,.T.);
#2549 = FACE_BOUND('',#2550,.F.);
#2550 = EDGE_LOOP('',(#2551,#2559,#2567,#2573,#2574,#2575));
#2551 = ORIENTED_EDGE('',*,*,#2552,.F.);
#2552 = EDGE_CURVE('',#2553,#2502,#2555,.T.);
#2553 = VERTEX_POINT('',#2554);
#2554 = CARTESIAN_POINT('',(0.12,0.12,-3.4));
#2555 = LINE('',#2556,#2557);
#2556 = CARTESIAN_POINT('',(0.255852405654,0.236085051658,
    -3.264147594346));
#2557 = VECTOR('',#2558,1.);
#2558 = DIRECTION('',(0.605209817607,0.517148096144,0.605209817607));
#2559 = ORIENTED_EDGE('',*,*,#2560,.T.);
#2560 = EDGE_CURVE('',#2553,#2561,#2563,.T.);
#2561 = VERTEX_POINT('',#2562);
#2562 = CARTESIAN_POINT('',(0.12,-0.12,-3.4));
#2563 = LINE('',#2564,#2565);
#2564 = CARTESIAN_POINT('',(0.12,0.32,-3.4));
#2565 = VECTOR('',#2566,1.);
#2566 = DIRECTION('',(-1.224646799147E-16,-1.,0.));
#2567 = ORIENTED_EDGE('',*,*,#2568,.T.);
#2568 = EDGE_CURVE('',#2561,#2421,#2569,.T.);
#2569 = LINE('',#2570,#2571);
#2570 = CARTESIAN_POINT('',(0.137677660989,-0.140687872705,
    -3.382322339011));
#2571 = VECTOR('',#2572,1.);
#2572 = DIRECTION('',(0.544770019249,-0.63753529491,0.544770019249));
#2573 = ORIENTED_EDGE('',*,*,#2420,.T.);
#2574 = ORIENTED_EDGE('',*,*,#1882,.F.);
#2575 = ORIENTED_EDGE('',*,*,#2509,.F.);
#2576 = PLANE('',#2577);
#2577 = AXIS2_PLACEMENT_3D('',#2578,#2579,#2580);
#2578 = CARTESIAN_POINT('',(0.22,0.32,-3.3));
#2579 = DIRECTION('',(0.707106781187,-8.486018839685E-17,-0.707106781187
    ));
#2580 = DIRECTION('',(1.212375546256E-16,1.,1.227125289196E-18));
#2581 = ADVANCED_FACE('',(#2582),#2593,.F.);
#2582 = FACE_BOUND('',#2583,.F.);
#2583 = EDGE_LOOP('',(#2584,#2585,#2591,#2592));
#2584 = ORIENTED_EDGE('',*,*,#2125,.T.);
#2585 = ORIENTED_EDGE('',*,*,#2586,.T.);
#2586 = EDGE_CURVE('',#2118,#1997,#2587,.T.);
#2587 = LINE('',#2588,#2589);
#2588 = CARTESIAN_POINT('',(2.82,-0.32,3.38));
#2589 = VECTOR('',#2590,1.);
#2590 = DIRECTION('',(-1.,1.224646799147E-16,0.));
#2591 = ORIENTED_EDGE('',*,*,#2004,.F.);
#2592 = ORIENTED_EDGE('',*,*,#2035,.F.);
#2593 = CYLINDRICAL_SURFACE('',#2594,5.E-02);
#2594 = AXIS2_PLACEMENT_3D('',#2595,#2596,#2597);
#2595 = CARTESIAN_POINT('',(2.82,-0.37,3.38));
#2596 = DIRECTION('',(-1.,1.224646799147E-16,0.));
#2597 = DIRECTION('',(0.,0.,1.));
#2598 = ADVANCED_FACE('',(#2599),#2610,.F.);
#2599 = FACE_BOUND('',#2600,.F.);
#2600 = EDGE_LOOP('',(#2601,#2602,#2608,#2609));
#2601 = ORIENTED_EDGE('',*,*,#2117,.F.);
#2602 = ORIENTED_EDGE('',*,*,#2603,.T.);
#2603 = EDGE_CURVE('',#2110,#1989,#2604,.T.);
#2604 = LINE('',#2605,#2606);
#2605 = CARTESIAN_POINT('',(2.82,-0.32,-0.9));
#2606 = VECTOR('',#2607,1.);
#2607 = DIRECTION('',(-1.,1.224646799147E-16,0.));
#2608 = ORIENTED_EDGE('',*,*,#1996,.T.);
#2609 = ORIENTED_EDGE('',*,*,#2586,.F.);
#2610 = PLANE('',#2611);
#2611 = AXIS2_PLACEMENT_3D('',#2612,#2613,#2614);
#2612 = CARTESIAN_POINT('',(2.82,-0.32,-0.9));
#2613 = DIRECTION('',(1.224646799147E-16,1.,0.));
#2614 = DIRECTION('',(0.,-0.,1.));
#2615 = ADVANCED_FACE('',(#2616),#2627,.F.);
#2616 = FACE_BOUND('',#2617,.F.);
#2617 = EDGE_LOOP('',(#2618,#2624,#2625,#2626));
#2618 = ORIENTED_EDGE('',*,*,#2619,.T.);
#2619 = EDGE_CURVE('',#2102,#1981,#2620,.T.);
#2620 = LINE('',#2621,#2622);
#2621 = CARTESIAN_POINT('',(2.82,-0.62,-1.5));
#2622 = VECTOR('',#2623,1.);
#2623 = DIRECTION('',(-1.,1.224646799147E-16,0.));
#2624 = ORIENTED_EDGE('',*,*,#1988,.T.);
#2625 = ORIENTED_EDGE('',*,*,#2603,.F.);
#2626 = ORIENTED_EDGE('',*,*,#2109,.F.);
#2627 = PLANE('',#2628);
#2628 = AXIS2_PLACEMENT_3D('',#2629,#2630,#2631);
#2629 = CARTESIAN_POINT('',(2.82,-0.62,-1.5));
#2630 = DIRECTION('',(1.095357396528E-16,0.894427191,-0.4472135955));
#2631 = DIRECTION('',(5.476786982641E-17,0.4472135955,0.894427191));
#2632 = ADVANCED_FACE('',(#2633),#2660,.F.);
#2633 = FACE_BOUND('',#2634,.F.);
#2634 = EDGE_LOOP('',(#2635,#2636,#2644,#2652,#2658,#2659));
#2635 = ORIENTED_EDGE('',*,*,#2101,.F.);
#2636 = ORIENTED_EDGE('',*,*,#2637,.F.);
#2637 = EDGE_CURVE('',#2638,#2094,#2640,.T.);
#2638 = VERTEX_POINT('',#2639);
#2639 = CARTESIAN_POINT('',(2.817552593066,-0.351192514695,
    -3.202447406934));
#2640 = LINE('',#2641,#2642);
#2641 = CARTESIAN_POINT('',(2.693816689466,-0.331655266758,
    -3.326183310534));
#2642 = VECTOR('',#2643,1.);
#2643 = DIRECTION('',(0.702740385383,-0.110959008218,0.702740385383));
#2644 = ORIENTED_EDGE('',*,*,#2645,.T.);
#2645 = EDGE_CURVE('',#2638,#2646,#2648,.T.);
#2646 = VERTEX_POINT('',#2647);
#2647 = CARTESIAN_POINT('',(2.182447406934,-0.351192514695,
    -3.202447406934));
#2648 = LINE('',#2649,#2650);
#2649 = CARTESIAN_POINT('',(2.82,-0.351192514695,-3.202447406934));
#2650 = VECTOR('',#2651,1.);
#2651 = DIRECTION('',(-1.,1.224646799147E-16,0.));
#2652 = ORIENTED_EDGE('',*,*,#2653,.T.);
#2653 = EDGE_CURVE('',#2646,#1973,#2654,.T.);
#2654 = LINE('',#2655,#2656);
#2655 = CARTESIAN_POINT('',(2.464213406293,-0.306703146375,
    -3.484213406293));
#2656 = VECTOR('',#2657,1.);
#2657 = DIRECTION('',(-0.702740385383,-0.110959008218,0.702740385383));
#2658 = ORIENTED_EDGE('',*,*,#1980,.T.);
#2659 = ORIENTED_EDGE('',*,*,#2619,.F.);
#2660 = PLANE('',#2661);
#2661 = AXIS2_PLACEMENT_3D('',#2662,#2663,#2664);
#2662 = CARTESIAN_POINT('',(2.82,-0.32,-3.4));
#2663 = DIRECTION('',(1.209660753807E-16,0.987762965329,0.155962573473)
  );
#2664 = DIRECTION('',(-1.909990663905E-17,-0.155962573473,0.987762965329
    ));
#2665 = ADVANCED_FACE('',(#2666),#2700,.F.);
#2666 = FACE_BOUND('',#2667,.T.);
#2667 = EDGE_LOOP('',(#2668,#2678,#2686,#2692,#2693,#2694));
#2668 = ORIENTED_EDGE('',*,*,#2669,.F.);
#2669 = EDGE_CURVE('',#2670,#2672,#2674,.T.);
#2670 = VERTEX_POINT('',#2671);
#2671 = CARTESIAN_POINT('',(2.38,0.12,-3.4));
#2672 = VERTEX_POINT('',#2673);
#2673 = CARTESIAN_POINT('',(2.182447406934,0.288807485305,
    -3.202447406934));
#2674 = LINE('',#2675,#2676);
#2675 = CARTESIAN_POINT('',(2.361356849811,0.135930458076,
    -3.381356849811));
#2676 = VECTOR('',#2677,1.);
#2677 = DIRECTION('',(-0.605209817607,0.517148096144,0.605209817607));
#2678 = ORIENTED_EDGE('',*,*,#2679,.T.);
#2679 = EDGE_CURVE('',#2670,#2680,#2682,.T.);
#2680 = VERTEX_POINT('',#2681);
#2681 = CARTESIAN_POINT('',(2.38,-0.12,-3.4));
#2682 = LINE('',#2683,#2684);
#2683 = CARTESIAN_POINT('',(2.38,0.32,-3.4));
#2684 = VECTOR('',#2685,1.);
#2685 = DIRECTION('',(-1.224646799147E-16,-1.,0.));
#2686 = ORIENTED_EDGE('',*,*,#2687,.T.);
#2687 = EDGE_CURVE('',#2680,#2646,#2688,.T.);
#2688 = LINE('',#2689,#2690);
#2689 = CARTESIAN_POINT('',(2.45729013865,-2.95486359438E-02,
    -3.47729013865));
#2690 = VECTOR('',#2691,1.);
#2691 = DIRECTION('',(-0.544770019249,-0.63753529491,0.544770019249));
#2692 = ORIENTED_EDGE('',*,*,#2653,.T.);
#2693 = ORIENTED_EDGE('',*,*,#1972,.F.);
#2694 = ORIENTED_EDGE('',*,*,#2695,.F.);
#2695 = EDGE_CURVE('',#2672,#1965,#2696,.T.);
#2696 = LINE('',#2697,#2698);
#2697 = CARTESIAN_POINT('',(1.958413132695,0.253433652531,
    -2.978413132695));
#2698 = VECTOR('',#2699,1.);
#2699 = DIRECTION('',(-0.702740385383,-0.110959008218,0.702740385383));
#2700 = PLANE('',#2701);
#2701 = AXIS2_PLACEMENT_3D('',#2702,#2703,#2704);
#2702 = CARTESIAN_POINT('',(2.28,0.32,-3.3));
#2703 = DIRECTION('',(0.707106781187,-8.833102285013E-17,0.707106781187)
  );
#2704 = DIRECTION('',(1.236918052038E-16,1.,1.227125289097E-18));
#2705 = ADVANCED_FACE('',(#2706),#2731,.F.);
#2706 = FACE_BOUND('',#2707,.F.);
#2707 = EDGE_LOOP('',(#2708,#2709,#2715,#2716,#2717,#2725));
#2708 = ORIENTED_EDGE('',*,*,#2085,.F.);
#2709 = ORIENTED_EDGE('',*,*,#2710,.T.);
#2710 = EDGE_CURVE('',#2078,#1957,#2711,.T.);
#2711 = LINE('',#2712,#2713);
#2712 = CARTESIAN_POINT('',(2.82,2.E-02,-1.5));
#2713 = VECTOR('',#2714,1.);
#2714 = DIRECTION('',(-1.,1.224646799147E-16,0.));
#2715 = ORIENTED_EDGE('',*,*,#1964,.T.);
#2716 = ORIENTED_EDGE('',*,*,#2695,.F.);
#2717 = ORIENTED_EDGE('',*,*,#2718,.F.);
#2718 = EDGE_CURVE('',#2719,#2672,#2721,.T.);
#2719 = VERTEX_POINT('',#2720);
#2720 = CARTESIAN_POINT('',(2.817552593066,0.288807485305,
    -3.202447406934));
#2721 = LINE('',#2722,#2723);
#2722 = CARTESIAN_POINT('',(2.82,0.288807485305,-3.202447406934));
#2723 = VECTOR('',#2724,1.);
#2724 = DIRECTION('',(-1.,1.224646799147E-16,0.));
#2725 = ORIENTED_EDGE('',*,*,#2726,.T.);
#2726 = EDGE_CURVE('',#2719,#2086,#2727,.T.);
#2727 = LINE('',#2728,#2729);
#2728 = CARTESIAN_POINT('',(3.199616963064,0.228481532148,
    -2.820383036936));
#2729 = VECTOR('',#2730,1.);
#2730 = DIRECTION('',(0.702740385383,-0.110959008218,0.702740385383));
#2731 = PLANE('',#2732);
#2732 = AXIS2_PLACEMENT_3D('',#2733,#2734,#2735);
#2733 = CARTESIAN_POINT('',(2.82,2.E-02,-1.5));
#2734 = DIRECTION('',(-1.209660753807E-16,-0.987762965329,
    -0.155962573473));
#2735 = DIRECTION('',(1.909990663905E-17,0.155962573473,-0.987762965329)
  );
#2736 = ADVANCED_FACE('',(#2737),#2748,.F.);
#2737 = FACE_BOUND('',#2738,.F.);
#2738 = EDGE_LOOP('',(#2739,#2745,#2746,#2747));
#2739 = ORIENTED_EDGE('',*,*,#2740,.T.);
#2740 = EDGE_CURVE('',#2070,#1949,#2741,.T.);
#2741 = LINE('',#2742,#2743);
#2742 = CARTESIAN_POINT('',(2.82,0.32,-0.9));
#2743 = VECTOR('',#2744,1.);
#2744 = DIRECTION('',(-1.,1.224646799147E-16,0.));
#2745 = ORIENTED_EDGE('',*,*,#1956,.T.);
#2746 = ORIENTED_EDGE('',*,*,#2710,.F.);
#2747 = ORIENTED_EDGE('',*,*,#2077,.F.);
#2748 = PLANE('',#2749);
#2749 = AXIS2_PLACEMENT_3D('',#2750,#2751,#2752);
#2750 = CARTESIAN_POINT('',(2.82,0.32,-0.9));
#2751 = DIRECTION('',(-1.095357396528E-16,-0.894427191,0.4472135955));
#2752 = DIRECTION('',(-5.476786982641E-17,-0.4472135955,-0.894427191));
#2753 = ADVANCED_FACE('',(#2754),#2765,.F.);
#2754 = FACE_BOUND('',#2755,.F.);
#2755 = EDGE_LOOP('',(#2756,#2757,#2763,#2764));
#2756 = ORIENTED_EDGE('',*,*,#2069,.F.);
#2757 = ORIENTED_EDGE('',*,*,#2758,.T.);
#2758 = EDGE_CURVE('',#2061,#1940,#2759,.T.);
#2759 = LINE('',#2760,#2761);
#2760 = CARTESIAN_POINT('',(2.82,0.32,3.38));
#2761 = VECTOR('',#2762,1.);
#2762 = DIRECTION('',(-1.,1.224646799147E-16,0.));
#2763 = ORIENTED_EDGE('',*,*,#1948,.T.);
#2764 = ORIENTED_EDGE('',*,*,#2740,.F.);
#2765 = PLANE('',#2766);
#2766 = AXIS2_PLACEMENT_3D('',#2767,#2768,#2769);
#2767 = CARTESIAN_POINT('',(2.82,0.32,4.07));
#2768 = DIRECTION('',(-1.224646799147E-16,-1.,0.));
#2769 = DIRECTION('',(-0.,0.,-1.));
#2770 = ADVANCED_FACE('',(#2771),#2777,.T.);
#2771 = FACE_BOUND('',#2772,.T.);
#2772 = EDGE_LOOP('',(#2773,#2774,#2775,#2776));
#2773 = ORIENTED_EDGE('',*,*,#2060,.T.);
#2774 = ORIENTED_EDGE('',*,*,#2758,.T.);
#2775 = ORIENTED_EDGE('',*,*,#1939,.F.);
#2776 = ORIENTED_EDGE('',*,*,#2144,.F.);
#2777 = CYLINDRICAL_SURFACE('',#2778,0.69);
#2778 = AXIS2_PLACEMENT_3D('',#2779,#2780,#2781);
#2779 = CARTESIAN_POINT('',(2.82,-0.37,3.38));
#2780 = DIRECTION('',(-1.,1.224646799147E-16,0.));
#2781 = DIRECTION('',(0.,0.,1.));
#2782 = ADVANCED_FACE('',(#2783),#2810,.T.);
#2783 = FACE_BOUND('',#2784,.F.);
#2784 = EDGE_LOOP('',(#2785,#2793,#2801,#2807,#2808,#2809));
#2785 = ORIENTED_EDGE('',*,*,#2786,.F.);
#2786 = EDGE_CURVE('',#2787,#2719,#2789,.T.);
#2787 = VERTEX_POINT('',#2788);
#2788 = CARTESIAN_POINT('',(2.62,0.12,-3.4));
#2789 = LINE('',#2790,#2791);
#2790 = CARTESIAN_POINT('',(2.755852405654,0.236085051658,
    -3.264147594346));
#2791 = VECTOR('',#2792,1.);
#2792 = DIRECTION('',(0.605209817607,0.517148096144,0.605209817607));
#2793 = ORIENTED_EDGE('',*,*,#2794,.T.);
#2794 = EDGE_CURVE('',#2787,#2795,#2797,.T.);
#2795 = VERTEX_POINT('',#2796);
#2796 = CARTESIAN_POINT('',(2.62,-0.12,-3.4));
#2797 = LINE('',#2798,#2799);
#2798 = CARTESIAN_POINT('',(2.62,0.32,-3.4));
#2799 = VECTOR('',#2800,1.);
#2800 = DIRECTION('',(-1.224646799147E-16,-1.,0.));
#2801 = ORIENTED_EDGE('',*,*,#2802,.T.);
#2802 = EDGE_CURVE('',#2795,#2638,#2803,.T.);
#2803 = LINE('',#2804,#2805);
#2804 = CARTESIAN_POINT('',(2.637677660989,-0.140687872705,
    -3.382322339011));
#2805 = VECTOR('',#2806,1.);
#2806 = DIRECTION('',(0.544770019249,-0.63753529491,0.544770019249));
#2807 = ORIENTED_EDGE('',*,*,#2637,.T.);
#2808 = ORIENTED_EDGE('',*,*,#2093,.F.);
#2809 = ORIENTED_EDGE('',*,*,#2726,.F.);
#2810 = PLANE('',#2811);
#2811 = AXIS2_PLACEMENT_3D('',#2812,#2813,#2814);
#2812 = CARTESIAN_POINT('',(2.72,0.32,-3.3));
#2813 = DIRECTION('',(0.707106781187,-8.486018839685E-17,-0.707106781187
    ));
#2814 = DIRECTION('',(1.212375546256E-16,1.,1.227125289196E-18));
#2815 = ADVANCED_FACE('',(#2816),#2841,.T.);
#2816 = FACE_BOUND('',#2817,.T.);
#2817 = EDGE_LOOP('',(#2818,#2828,#2834,#2835));
#2818 = ORIENTED_EDGE('',*,*,#2819,.T.);
#2819 = EDGE_CURVE('',#2820,#2822,#2824,.T.);
#2820 = VERTEX_POINT('',#2821);
#2821 = CARTESIAN_POINT('',(2.18,-8.5,3.43));
#2822 = VERTEX_POINT('',#2823);
#2823 = CARTESIAN_POINT('',(2.18,-8.5,4.07));
#2824 = LINE('',#2825,#2826);
#2825 = CARTESIAN_POINT('',(2.18,-8.5,3.43));
#2826 = VECTOR('',#2827,1.);
#2827 = DIRECTION('',(0.,0.,1.));
#2828 = ORIENTED_EDGE('',*,*,#2829,.T.);
#2829 = EDGE_CURVE('',#2822,#2278,#2830,.T.);
#2830 = LINE('',#2831,#2832);
#2831 = CARTESIAN_POINT('',(2.18,-8.7,4.07));
#2832 = VECTOR('',#2833,1.);
#2833 = DIRECTION('',(1.224646799147E-16,1.,0.));
#2834 = ORIENTED_EDGE('',*,*,#2277,.T.);
#2835 = ORIENTED_EDGE('',*,*,#2836,.T.);
#2836 = EDGE_CURVE('',#2280,#2820,#2837,.T.);
#2837 = LINE('',#2838,#2839);
#2838 = CARTESIAN_POINT('',(2.18,-0.32,3.43));
#2839 = VECTOR('',#2840,1.);
#2840 = DIRECTION('',(-1.224646799147E-16,-1.,0.));
#2841 = PLANE('',#2842);
#2842 = AXIS2_PLACEMENT_3D('',#2843,#2844,#2845);
#2843 = CARTESIAN_POINT('',(2.18,-2.46404183087,2.050076029119));
#2844 = DIRECTION('',(-1.,1.224646799147E-16,0.));
#2845 = DIRECTION('',(0.,0.,1.));
#2846 = ADVANCED_FACE('',(#2847),#2865,.F.);
#2847 = FACE_BOUND('',#2848,.F.);
#2848 = EDGE_LOOP('',(#2849,#2857,#2858,#2859));
#2849 = ORIENTED_EDGE('',*,*,#2850,.F.);
#2850 = EDGE_CURVE('',#2296,#2851,#2853,.T.);
#2851 = VERTEX_POINT('',#2852);
#2852 = CARTESIAN_POINT('',(2.82,-8.5,3.43));
#2853 = LINE('',#2854,#2855);
#2854 = CARTESIAN_POINT('',(2.82,-0.32,3.43));
#2855 = VECTOR('',#2856,1.);
#2856 = DIRECTION('',(-1.224646799147E-16,-1.,0.));
#2857 = ORIENTED_EDGE('',*,*,#2303,.T.);
#2858 = ORIENTED_EDGE('',*,*,#2836,.T.);
#2859 = ORIENTED_EDGE('',*,*,#2860,.F.);
#2860 = EDGE_CURVE('',#2851,#2820,#2861,.T.);
#2861 = LINE('',#2862,#2863);
#2862 = CARTESIAN_POINT('',(2.82,-8.5,3.43));
#2863 = VECTOR('',#2864,1.);
#2864 = DIRECTION('',(-1.,1.224646799147E-16,0.));
#2865 = PLANE('',#2866);
#2866 = AXIS2_PLACEMENT_3D('',#2867,#2868,#2869);
#2867 = CARTESIAN_POINT('',(2.82,-0.32,3.43));
#2868 = DIRECTION('',(0.,0.,1.));
#2869 = DIRECTION('',(-1.224646799147E-16,-1.,0.));
#2870 = ADVANCED_FACE('',(#2871),#2889,.F.);
#2871 = FACE_BOUND('',#2872,.F.);
#2872 = EDGE_LOOP('',(#2873,#2881,#2887,#2888));
#2873 = ORIENTED_EDGE('',*,*,#2874,.T.);
#2874 = EDGE_CURVE('',#2851,#2875,#2877,.T.);
#2875 = VERTEX_POINT('',#2876);
#2876 = CARTESIAN_POINT('',(2.82,-8.5,4.07));
#2877 = LINE('',#2878,#2879);
#2878 = CARTESIAN_POINT('',(2.82,-8.5,3.43));
#2879 = VECTOR('',#2880,1.);
#2880 = DIRECTION('',(0.,0.,1.));
#2881 = ORIENTED_EDGE('',*,*,#2882,.T.);
#2882 = EDGE_CURVE('',#2875,#2288,#2883,.T.);
#2883 = LINE('',#2884,#2885);
#2884 = CARTESIAN_POINT('',(2.82,-8.7,4.07));
#2885 = VECTOR('',#2886,1.);
#2886 = DIRECTION('',(1.224646799147E-16,1.,0.));
#2887 = ORIENTED_EDGE('',*,*,#2295,.T.);
#2888 = ORIENTED_EDGE('',*,*,#2850,.T.);
#2889 = PLANE('',#2890);
#2890 = AXIS2_PLACEMENT_3D('',#2891,#2892,#2893);
#2891 = CARTESIAN_POINT('',(2.82,-2.46404183087,2.050076029119));
#2892 = DIRECTION('',(-1.,1.224646799147E-16,0.));
#2893 = DIRECTION('',(0.,0.,1.));
#2894 = ADVANCED_FACE('',(#2895),#2906,.F.);
#2895 = FACE_BOUND('',#2896,.F.);
#2896 = EDGE_LOOP('',(#2897,#2898,#2904,#2905));
#2897 = ORIENTED_EDGE('',*,*,#2882,.F.);
#2898 = ORIENTED_EDGE('',*,*,#2899,.T.);
#2899 = EDGE_CURVE('',#2875,#2822,#2900,.T.);
#2900 = LINE('',#2901,#2902);
#2901 = CARTESIAN_POINT('',(2.82,-8.5,4.07));
#2902 = VECTOR('',#2903,1.);
#2903 = DIRECTION('',(-1.,1.224646799147E-16,0.));
#2904 = ORIENTED_EDGE('',*,*,#2829,.T.);
#2905 = ORIENTED_EDGE('',*,*,#2287,.T.);
#2906 = PLANE('',#2907);
#2907 = AXIS2_PLACEMENT_3D('',#2908,#2909,#2910);
#2908 = CARTESIAN_POINT('',(2.82,-8.7,4.07));
#2909 = DIRECTION('',(-0.,0.,-1.));
#2910 = DIRECTION('',(1.224646799147E-16,1.,0.));
#2911 = ADVANCED_FACE('',(#2912),#2937,.F.);
#2912 = FACE_BOUND('',#2913,.F.);
#2913 = EDGE_LOOP('',(#2914,#2922,#2930,#2936));
#2914 = ORIENTED_EDGE('',*,*,#2915,.F.);
#2915 = EDGE_CURVE('',#2916,#2314,#2918,.T.);
#2916 = VERTEX_POINT('',#2917);
#2917 = CARTESIAN_POINT('',(0.32,-8.5,4.07));
#2918 = LINE('',#2919,#2920);
#2919 = CARTESIAN_POINT('',(0.32,-8.7,4.07));
#2920 = VECTOR('',#2921,1.);
#2921 = DIRECTION('',(1.224646799147E-16,1.,0.));
#2922 = ORIENTED_EDGE('',*,*,#2923,.T.);
#2923 = EDGE_CURVE('',#2916,#2924,#2926,.T.);
#2924 = VERTEX_POINT('',#2925);
#2925 = CARTESIAN_POINT('',(-0.32,-8.5,4.07));
#2926 = LINE('',#2927,#2928);
#2927 = CARTESIAN_POINT('',(0.32,-8.5,4.07));
#2928 = VECTOR('',#2929,1.);
#2929 = DIRECTION('',(-1.,1.224646799147E-16,0.));
#2930 = ORIENTED_EDGE('',*,*,#2931,.T.);
#2931 = EDGE_CURVE('',#2924,#2312,#2932,.T.);
#2932 = LINE('',#2933,#2934);
#2933 = CARTESIAN_POINT('',(-0.32,-8.7,4.07));
#2934 = VECTOR('',#2935,1.);
#2935 = DIRECTION('',(1.224646799147E-16,1.,0.));
#2936 = ORIENTED_EDGE('',*,*,#2311,.T.);
#2937 = PLANE('',#2938);
#2938 = AXIS2_PLACEMENT_3D('',#2939,#2940,#2941);
#2939 = CARTESIAN_POINT('',(0.32,-8.7,4.07));
#2940 = DIRECTION('',(-0.,0.,-1.));
#2941 = DIRECTION('',(1.224646799147E-16,1.,0.));
#2942 = ADVANCED_FACE('',(#2943),#2961,.T.);
#2943 = FACE_BOUND('',#2944,.T.);
#2944 = EDGE_LOOP('',(#2945,#2953,#2954,#2955));
#2945 = ORIENTED_EDGE('',*,*,#2946,.T.);
#2946 = EDGE_CURVE('',#2947,#2924,#2949,.T.);
#2947 = VERTEX_POINT('',#2948);
#2948 = CARTESIAN_POINT('',(-0.32,-8.5,3.43));
#2949 = LINE('',#2950,#2951);
#2950 = CARTESIAN_POINT('',(-0.32,-8.5,3.43));
#2951 = VECTOR('',#2952,1.);
#2952 = DIRECTION('',(0.,0.,1.));
#2953 = ORIENTED_EDGE('',*,*,#2931,.T.);
#2954 = ORIENTED_EDGE('',*,*,#2337,.T.);
#2955 = ORIENTED_EDGE('',*,*,#2956,.T.);
#2956 = EDGE_CURVE('',#2330,#2947,#2957,.T.);
#2957 = LINE('',#2958,#2959);
#2958 = CARTESIAN_POINT('',(-0.32,-0.32,3.43));
#2959 = VECTOR('',#2960,1.);
#2960 = DIRECTION('',(-1.224646799147E-16,-1.,0.));
#2961 = PLANE('',#2962);
#2962 = AXIS2_PLACEMENT_3D('',#2963,#2964,#2965);
#2963 = CARTESIAN_POINT('',(-0.32,-2.46404183087,2.050076029119));
#2964 = DIRECTION('',(-1.,1.224646799147E-16,0.));
#2965 = DIRECTION('',(0.,0.,1.));
#2966 = ADVANCED_FACE('',(#2967),#2985,.F.);
#2967 = FACE_BOUND('',#2968,.F.);
#2968 = EDGE_LOOP('',(#2969,#2977,#2978,#2979));
#2969 = ORIENTED_EDGE('',*,*,#2970,.F.);
#2970 = EDGE_CURVE('',#2322,#2971,#2973,.T.);
#2971 = VERTEX_POINT('',#2972);
#2972 = CARTESIAN_POINT('',(0.32,-8.5,3.43));
#2973 = LINE('',#2974,#2975);
#2974 = CARTESIAN_POINT('',(0.32,-0.32,3.43));
#2975 = VECTOR('',#2976,1.);
#2976 = DIRECTION('',(-1.224646799147E-16,-1.,0.));
#2977 = ORIENTED_EDGE('',*,*,#2329,.T.);
#2978 = ORIENTED_EDGE('',*,*,#2956,.T.);
#2979 = ORIENTED_EDGE('',*,*,#2980,.F.);
#2980 = EDGE_CURVE('',#2971,#2947,#2981,.T.);
#2981 = LINE('',#2982,#2983);
#2982 = CARTESIAN_POINT('',(0.32,-8.5,3.43));
#2983 = VECTOR('',#2984,1.);
#2984 = DIRECTION('',(-1.,1.224646799147E-16,0.));
#2985 = PLANE('',#2986);
#2986 = AXIS2_PLACEMENT_3D('',#2987,#2988,#2989);
#2987 = CARTESIAN_POINT('',(0.32,-0.32,3.43));
#2988 = DIRECTION('',(0.,0.,1.));
#2989 = DIRECTION('',(-1.224646799147E-16,-1.,0.));
#2990 = ADVANCED_FACE('',(#2991),#3002,.F.);
#2991 = FACE_BOUND('',#2992,.F.);
#2992 = EDGE_LOOP('',(#2993,#2999,#3000,#3001));
#2993 = ORIENTED_EDGE('',*,*,#2994,.T.);
#2994 = EDGE_CURVE('',#2971,#2916,#2995,.T.);
#2995 = LINE('',#2996,#2997);
#2996 = CARTESIAN_POINT('',(0.32,-8.5,3.43));
#2997 = VECTOR('',#2998,1.);
#2998 = DIRECTION('',(0.,0.,1.));
#2999 = ORIENTED_EDGE('',*,*,#2915,.T.);
#3000 = ORIENTED_EDGE('',*,*,#2321,.T.);
#3001 = ORIENTED_EDGE('',*,*,#2970,.T.);
#3002 = PLANE('',#3003);
#3003 = AXIS2_PLACEMENT_3D('',#3004,#3005,#3006);
#3004 = CARTESIAN_POINT('',(0.32,-2.46404183087,2.050076029119));
#3005 = DIRECTION('',(-1.,1.224646799147E-16,0.));
#3006 = DIRECTION('',(0.,0.,1.));
#3007 = ADVANCED_FACE('',(#3008),#3019,.T.);
#3008 = FACE_BOUND('',#3009,.F.);
#3009 = EDGE_LOOP('',(#3010,#3011,#3017,#3018));
#3010 = ORIENTED_EDGE('',*,*,#2568,.F.);
#3011 = ORIENTED_EDGE('',*,*,#3012,.T.);
#3012 = EDGE_CURVE('',#2561,#2463,#3013,.T.);
#3013 = LINE('',#3014,#3015);
#3014 = CARTESIAN_POINT('',(0.32,-0.12,-3.4));
#3015 = VECTOR('',#3016,1.);
#3016 = DIRECTION('',(-1.,1.224646799147E-16,0.));
#3017 = ORIENTED_EDGE('',*,*,#2470,.T.);
#3018 = ORIENTED_EDGE('',*,*,#2428,.F.);
#3019 = PLANE('',#3020);
#3020 = AXIS2_PLACEMENT_3D('',#3021,#3022,#3023);
#3021 = CARTESIAN_POINT('',(0.32,-0.235596257347,-3.301223703467));
#3022 = DIRECTION('',(-8.302774088379E-17,-0.64962967394,-0.760250805153
    ));
#3023 = DIRECTION('',(1.,-1.247195775152E-16,-2.638869166629E-18));
#3024 = ADVANCED_FACE('',(#3025),#3036,.T.);
#3025 = FACE_BOUND('',#3026,.T.);
#3026 = EDGE_LOOP('',(#3027,#3028,#3034,#3035));
#3027 = ORIENTED_EDGE('',*,*,#2552,.F.);
#3028 = ORIENTED_EDGE('',*,*,#3029,.T.);
#3029 = EDGE_CURVE('',#2553,#2453,#3030,.T.);
#3030 = LINE('',#3031,#3032);
#3031 = CARTESIAN_POINT('',(0.32,0.12,-3.4));
#3032 = VECTOR('',#3033,1.);
#3033 = DIRECTION('',(-1.,1.224646799147E-16,0.));
#3034 = ORIENTED_EDGE('',*,*,#2452,.T.);
#3035 = ORIENTED_EDGE('',*,*,#2501,.F.);
#3036 = PLANE('',#3037);
#3037 = AXIS2_PLACEMENT_3D('',#3038,#3039,#3040);
#3038 = CARTESIAN_POINT('',(0.32,0.204403742653,-3.301223703467));
#3039 = DIRECTION('',(9.310387150808E-17,0.760250805153,-0.64962967394)
  );
#3040 = DIRECTION('',(-1.,1.224646799148E-16,-5.515863360725E-29));
#3041 = ADVANCED_FACE('',(#3042),#3048,.F.);
#3042 = FACE_BOUND('',#3043,.F.);
#3043 = EDGE_LOOP('',(#3044,#3045,#3046,#3047));
#3044 = ORIENTED_EDGE('',*,*,#2560,.F.);
#3045 = ORIENTED_EDGE('',*,*,#3029,.T.);
#3046 = ORIENTED_EDGE('',*,*,#2462,.T.);
#3047 = ORIENTED_EDGE('',*,*,#3012,.F.);
#3048 = PLANE('',#3049);
#3049 = AXIS2_PLACEMENT_3D('',#3050,#3051,#3052);
#3050 = CARTESIAN_POINT('',(0.32,0.32,-3.4));
#3051 = DIRECTION('',(0.,0.,1.));
#3052 = DIRECTION('',(-1.224646799147E-16,-1.,0.));
#3053 = ADVANCED_FACE('',(#3054),#3065,.T.);
#3054 = FACE_BOUND('',#3055,.F.);
#3055 = EDGE_LOOP('',(#3056,#3057,#3063,#3064));
#3056 = ORIENTED_EDGE('',*,*,#2802,.F.);
#3057 = ORIENTED_EDGE('',*,*,#3058,.T.);
#3058 = EDGE_CURVE('',#2795,#2680,#3059,.T.);
#3059 = LINE('',#3060,#3061);
#3060 = CARTESIAN_POINT('',(2.82,-0.12,-3.4));
#3061 = VECTOR('',#3062,1.);
#3062 = DIRECTION('',(-1.,1.224646799147E-16,0.));
#3063 = ORIENTED_EDGE('',*,*,#2687,.T.);
#3064 = ORIENTED_EDGE('',*,*,#2645,.F.);
#3065 = PLANE('',#3066);
#3066 = AXIS2_PLACEMENT_3D('',#3067,#3068,#3069);
#3067 = CARTESIAN_POINT('',(2.82,-0.235596257347,-3.301223703467));
#3068 = DIRECTION('',(-8.302774088379E-17,-0.64962967394,-0.760250805153
    ));
#3069 = DIRECTION('',(1.,-1.247195775152E-16,-2.638869166629E-18));
#3070 = ADVANCED_FACE('',(#3071),#3082,.T.);
#3071 = FACE_BOUND('',#3072,.T.);
#3072 = EDGE_LOOP('',(#3073,#3074,#3080,#3081));
#3073 = ORIENTED_EDGE('',*,*,#2786,.F.);
#3074 = ORIENTED_EDGE('',*,*,#3075,.T.);
#3075 = EDGE_CURVE('',#2787,#2670,#3076,.T.);
#3076 = LINE('',#3077,#3078);
#3077 = CARTESIAN_POINT('',(2.82,0.12,-3.4));
#3078 = VECTOR('',#3079,1.);
#3079 = DIRECTION('',(-1.,1.224646799147E-16,0.));
#3080 = ORIENTED_EDGE('',*,*,#2669,.T.);
#3081 = ORIENTED_EDGE('',*,*,#2718,.F.);
#3082 = PLANE('',#3083);
#3083 = AXIS2_PLACEMENT_3D('',#3084,#3085,#3086);
#3084 = CARTESIAN_POINT('',(2.82,0.204403742653,-3.301223703467));
#3085 = DIRECTION('',(9.310387150808E-17,0.760250805153,-0.64962967394)
  );
#3086 = DIRECTION('',(-1.,1.224646799148E-16,-5.515863360725E-29));
#3087 = ADVANCED_FACE('',(#3088),#3094,.F.);
#3088 = FACE_BOUND('',#3089,.F.);
#3089 = EDGE_LOOP('',(#3090,#3091,#3092,#3093));
#3090 = ORIENTED_EDGE('',*,*,#2794,.F.);
#3091 = ORIENTED_EDGE('',*,*,#3075,.T.);
#3092 = ORIENTED_EDGE('',*,*,#2679,.T.);
#3093 = ORIENTED_EDGE('',*,*,#3058,.F.);
#3094 = PLANE('',#3095);
#3095 = AXIS2_PLACEMENT_3D('',#3096,#3097,#3098);
#3096 = CARTESIAN_POINT('',(2.82,0.32,-3.4));
#3097 = DIRECTION('',(0.,0.,1.));
#3098 = DIRECTION('',(-1.224646799147E-16,-1.,0.));
#3099 = ADVANCED_FACE('',(#3100),#3125,.F.);
#3100 = FACE_BOUND('',#3101,.F.);
#3101 = EDGE_LOOP('',(#3102,#3110,#3111,#3119));
#3102 = ORIENTED_EDGE('',*,*,#3103,.F.);
#3103 = EDGE_CURVE('',#2820,#3104,#3106,.T.);
#3104 = VERTEX_POINT('',#3105);
#3105 = CARTESIAN_POINT('',(2.38,-8.7,3.63));
#3106 = LINE('',#3107,#3108);
#3107 = CARTESIAN_POINT('',(2.353333333333,-8.673333333333,
    3.603333333333));
#3108 = VECTOR('',#3109,1.);
#3109 = DIRECTION('',(0.57735026919,-0.57735026919,0.57735026919));
#3110 = ORIENTED_EDGE('',*,*,#2819,.T.);
#3111 = ORIENTED_EDGE('',*,*,#3112,.F.);
#3112 = EDGE_CURVE('',#3113,#2822,#3115,.T.);
#3113 = VERTEX_POINT('',#3114);
#3114 = CARTESIAN_POINT('',(2.38,-8.7,3.87));
#3115 = LINE('',#3116,#3117);
#3116 = CARTESIAN_POINT('',(2.46,-8.78,3.79));
#3117 = VECTOR('',#3118,1.);
#3118 = DIRECTION('',(-0.57735026919,0.57735026919,0.57735026919));
#3119 = ORIENTED_EDGE('',*,*,#3120,.F.);
#3120 = EDGE_CURVE('',#3104,#3113,#3121,.T.);
#3121 = LINE('',#3122,#3123);
#3122 = CARTESIAN_POINT('',(2.38,-8.7,3.43));
#3123 = VECTOR('',#3124,1.);
#3124 = DIRECTION('',(0.,0.,1.));
#3125 = PLANE('',#3126);
#3126 = AXIS2_PLACEMENT_3D('',#3127,#3128,#3129);
#3127 = CARTESIAN_POINT('',(2.28,-8.6,3.43));
#3128 = DIRECTION('',(0.707106781187,0.707106781187,-1.735417226644E-18)
  );
#3129 = DIRECTION('',(1.227125289148E-18,1.227125289148E-18,1.));
#3130 = ADVANCED_FACE('',(#3131),#3149,.T.);
#3131 = FACE_BOUND('',#3132,.F.);
#3132 = EDGE_LOOP('',(#3133,#3141,#3142,#3143));
#3133 = ORIENTED_EDGE('',*,*,#3134,.F.);
#3134 = EDGE_CURVE('',#2851,#3135,#3137,.T.);
#3135 = VERTEX_POINT('',#3136);
#3136 = CARTESIAN_POINT('',(2.62,-8.7,3.63));
#3137 = LINE('',#3138,#3139);
#3138 = CARTESIAN_POINT('',(2.753333333333,-8.566666666667,
    3.496666666667));
#3139 = VECTOR('',#3140,1.);
#3140 = DIRECTION('',(-0.57735026919,-0.57735026919,0.57735026919));
#3141 = ORIENTED_EDGE('',*,*,#2860,.T.);
#3142 = ORIENTED_EDGE('',*,*,#3103,.T.);
#3143 = ORIENTED_EDGE('',*,*,#3144,.F.);
#3144 = EDGE_CURVE('',#3135,#3104,#3145,.T.);
#3145 = LINE('',#3146,#3147);
#3146 = CARTESIAN_POINT('',(2.82,-8.7,3.63));
#3147 = VECTOR('',#3148,1.);
#3148 = DIRECTION('',(-1.,1.224646799147E-16,0.));
#3149 = PLANE('',#3150);
#3150 = AXIS2_PLACEMENT_3D('',#3151,#3152,#3153);
#3151 = CARTESIAN_POINT('',(2.82,-8.6,3.53));
#3152 = DIRECTION('',(-8.659560562349E-17,-0.707106781187,
    -0.707106781187));
#3153 = DIRECTION('',(1.,-1.224646799147E-16,2.105272540809E-29));
#3154 = ADVANCED_FACE('',(#3155),#3173,.T.);
#3155 = FACE_BOUND('',#3156,.T.);
#3156 = EDGE_LOOP('',(#3157,#3158,#3159,#3167));
#3157 = ORIENTED_EDGE('',*,*,#3134,.F.);
#3158 = ORIENTED_EDGE('',*,*,#2874,.T.);
#3159 = ORIENTED_EDGE('',*,*,#3160,.F.);
#3160 = EDGE_CURVE('',#3161,#2875,#3163,.T.);
#3161 = VERTEX_POINT('',#3162);
#3162 = CARTESIAN_POINT('',(2.62,-8.7,3.87));
#3163 = LINE('',#3164,#3165);
#3164 = CARTESIAN_POINT('',(2.646666666667,-8.673333333333,
    3.896666666667));
#3165 = VECTOR('',#3166,1.);
#3166 = DIRECTION('',(0.57735026919,0.57735026919,0.57735026919));
#3167 = ORIENTED_EDGE('',*,*,#3168,.F.);
#3168 = EDGE_CURVE('',#3135,#3161,#3169,.T.);
#3169 = LINE('',#3170,#3171);
#3170 = CARTESIAN_POINT('',(2.62,-8.7,3.43));
#3171 = VECTOR('',#3172,1.);
#3172 = DIRECTION('',(0.,0.,1.));
#3173 = PLANE('',#3174);
#3174 = AXIS2_PLACEMENT_3D('',#3175,#3176,#3177);
#3175 = CARTESIAN_POINT('',(2.72,-8.6,3.43));
#3176 = DIRECTION('',(0.707106781187,-0.707106781187,1.735417226644E-18)
  );
#3177 = DIRECTION('',(-1.227125289148E-18,1.227125289148E-18,1.));
#3178 = ADVANCED_FACE('',(#3179),#3190,.T.);
#3179 = FACE_BOUND('',#3180,.F.);
#3180 = EDGE_LOOP('',(#3181,#3182,#3188,#3189));
#3181 = ORIENTED_EDGE('',*,*,#3160,.F.);
#3182 = ORIENTED_EDGE('',*,*,#3183,.T.);
#3183 = EDGE_CURVE('',#3161,#3113,#3184,.T.);
#3184 = LINE('',#3185,#3186);
#3185 = CARTESIAN_POINT('',(2.82,-8.7,3.87));
#3186 = VECTOR('',#3187,1.);
#3187 = DIRECTION('',(-1.,1.224646799147E-16,0.));
#3188 = ORIENTED_EDGE('',*,*,#3112,.T.);
#3189 = ORIENTED_EDGE('',*,*,#2899,.F.);
#3190 = PLANE('',#3191);
#3191 = AXIS2_PLACEMENT_3D('',#3192,#3193,#3194);
#3192 = CARTESIAN_POINT('',(2.82,-8.6,3.97));
#3193 = DIRECTION('',(-8.659560562349E-17,-0.707106781187,0.707106781187
    ));
#3194 = DIRECTION('',(1.,-1.224646799147E-16,-2.105272540809E-29));
#3195 = ADVANCED_FACE('',(#3196),#3221,.T.);
#3196 = FACE_BOUND('',#3197,.F.);
#3197 = EDGE_LOOP('',(#3198,#3206,#3214,#3220));
#3198 = ORIENTED_EDGE('',*,*,#3199,.F.);
#3199 = EDGE_CURVE('',#3200,#2916,#3202,.T.);
#3200 = VERTEX_POINT('',#3201);
#3201 = CARTESIAN_POINT('',(0.12,-8.7,3.87));
#3202 = LINE('',#3203,#3204);
#3203 = CARTESIAN_POINT('',(0.146666666667,-8.673333333333,
    3.896666666667));
#3204 = VECTOR('',#3205,1.);
#3205 = DIRECTION('',(0.57735026919,0.57735026919,0.57735026919));
#3206 = ORIENTED_EDGE('',*,*,#3207,.T.);
#3207 = EDGE_CURVE('',#3200,#3208,#3210,.T.);
#3208 = VERTEX_POINT('',#3209);
#3209 = CARTESIAN_POINT('',(-0.12,-8.7,3.87));
#3210 = LINE('',#3211,#3212);
#3211 = CARTESIAN_POINT('',(0.32,-8.7,3.87));
#3212 = VECTOR('',#3213,1.);
#3213 = DIRECTION('',(-1.,1.224646799147E-16,0.));
#3214 = ORIENTED_EDGE('',*,*,#3215,.T.);
#3215 = EDGE_CURVE('',#3208,#2924,#3216,.T.);
#3216 = LINE('',#3217,#3218);
#3217 = CARTESIAN_POINT('',(-4.E-02,-8.78,3.79));
#3218 = VECTOR('',#3219,1.);
#3219 = DIRECTION('',(-0.57735026919,0.57735026919,0.57735026919));
#3220 = ORIENTED_EDGE('',*,*,#2923,.F.);
#3221 = PLANE('',#3222);
#3222 = AXIS2_PLACEMENT_3D('',#3223,#3224,#3225);
#3223 = CARTESIAN_POINT('',(0.32,-8.6,3.97));
#3224 = DIRECTION('',(-8.659560562349E-17,-0.707106781187,0.707106781187
    ));
#3225 = DIRECTION('',(1.,-1.224646799147E-16,-2.105272540809E-29));
#3226 = ADVANCED_FACE('',(#3227),#3245,.F.);
#3227 = FACE_BOUND('',#3228,.F.);
#3228 = EDGE_LOOP('',(#3229,#3237,#3238,#3239));
#3229 = ORIENTED_EDGE('',*,*,#3230,.F.);
#3230 = EDGE_CURVE('',#2947,#3231,#3233,.T.);
#3231 = VERTEX_POINT('',#3232);
#3232 = CARTESIAN_POINT('',(-0.12,-8.7,3.63));
#3233 = LINE('',#3234,#3235);
#3234 = CARTESIAN_POINT('',(-0.146666666667,-8.673333333333,
    3.603333333333));
#3235 = VECTOR('',#3236,1.);
#3236 = DIRECTION('',(0.57735026919,-0.57735026919,0.57735026919));
#3237 = ORIENTED_EDGE('',*,*,#2946,.T.);
#3238 = ORIENTED_EDGE('',*,*,#3215,.F.);
#3239 = ORIENTED_EDGE('',*,*,#3240,.F.);
#3240 = EDGE_CURVE('',#3231,#3208,#3241,.T.);
#3241 = LINE('',#3242,#3243);
#3242 = CARTESIAN_POINT('',(-0.12,-8.7,3.43));
#3243 = VECTOR('',#3244,1.);
#3244 = DIRECTION('',(0.,0.,1.));
#3245 = PLANE('',#3246);
#3246 = AXIS2_PLACEMENT_3D('',#3247,#3248,#3249);
#3247 = CARTESIAN_POINT('',(-0.22,-8.6,3.43));
#3248 = DIRECTION('',(0.707106781187,0.707106781187,-1.735417226644E-18)
  );
#3249 = DIRECTION('',(1.227125289148E-18,1.227125289148E-18,1.));
#3250 = ADVANCED_FACE('',(#3251),#3269,.T.);
#3251 = FACE_BOUND('',#3252,.F.);
#3252 = EDGE_LOOP('',(#3253,#3261,#3262,#3263));
#3253 = ORIENTED_EDGE('',*,*,#3254,.F.);
#3254 = EDGE_CURVE('',#2971,#3255,#3257,.T.);
#3255 = VERTEX_POINT('',#3256);
#3256 = CARTESIAN_POINT('',(0.12,-8.7,3.63));
#3257 = LINE('',#3258,#3259);
#3258 = CARTESIAN_POINT('',(0.253333333333,-8.566666666667,
    3.496666666667));
#3259 = VECTOR('',#3260,1.);
#3260 = DIRECTION('',(-0.57735026919,-0.57735026919,0.57735026919));
#3261 = ORIENTED_EDGE('',*,*,#2980,.T.);
#3262 = ORIENTED_EDGE('',*,*,#3230,.T.);
#3263 = ORIENTED_EDGE('',*,*,#3264,.F.);
#3264 = EDGE_CURVE('',#3255,#3231,#3265,.T.);
#3265 = LINE('',#3266,#3267);
#3266 = CARTESIAN_POINT('',(0.32,-8.7,3.63));
#3267 = VECTOR('',#3268,1.);
#3268 = DIRECTION('',(-1.,1.224646799147E-16,0.));
#3269 = PLANE('',#3270);
#3270 = AXIS2_PLACEMENT_3D('',#3271,#3272,#3273);
#3271 = CARTESIAN_POINT('',(0.32,-8.6,3.53));
#3272 = DIRECTION('',(-8.659560562349E-17,-0.707106781187,
    -0.707106781187));
#3273 = DIRECTION('',(1.,-1.224646799147E-16,2.105272540809E-29));
#3274 = ADVANCED_FACE('',(#3275),#3286,.T.);
#3275 = FACE_BOUND('',#3276,.T.);
#3276 = EDGE_LOOP('',(#3277,#3278,#3279,#3280));
#3277 = ORIENTED_EDGE('',*,*,#3254,.F.);
#3278 = ORIENTED_EDGE('',*,*,#2994,.T.);
#3279 = ORIENTED_EDGE('',*,*,#3199,.F.);
#3280 = ORIENTED_EDGE('',*,*,#3281,.F.);
#3281 = EDGE_CURVE('',#3255,#3200,#3282,.T.);
#3282 = LINE('',#3283,#3284);
#3283 = CARTESIAN_POINT('',(0.12,-8.7,3.43));
#3284 = VECTOR('',#3285,1.);
#3285 = DIRECTION('',(0.,0.,1.));
#3286 = PLANE('',#3287);
#3287 = AXIS2_PLACEMENT_3D('',#3288,#3289,#3290);
#3288 = CARTESIAN_POINT('',(0.22,-8.6,3.43));
#3289 = DIRECTION('',(0.707106781187,-0.707106781187,1.735417226644E-18)
  );
#3290 = DIRECTION('',(-1.227125289148E-18,1.227125289148E-18,1.));
#3291 = ADVANCED_FACE('',(#3292),#3298,.F.);
#3292 = FACE_BOUND('',#3293,.F.);
#3293 = EDGE_LOOP('',(#3294,#3295,#3296,#3297));
#3294 = ORIENTED_EDGE('',*,*,#3183,.F.);
#3295 = ORIENTED_EDGE('',*,*,#3168,.F.);
#3296 = ORIENTED_EDGE('',*,*,#3144,.T.);
#3297 = ORIENTED_EDGE('',*,*,#3120,.T.);
#3298 = PLANE('',#3299);
#3299 = AXIS2_PLACEMENT_3D('',#3300,#3301,#3302);
#3300 = CARTESIAN_POINT('',(2.82,-8.7,3.43));
#3301 = DIRECTION('',(1.224646799147E-16,1.,0.));
#3302 = DIRECTION('',(0.,-0.,1.));
#3303 = ADVANCED_FACE('',(#3304),#3310,.F.);
#3304 = FACE_BOUND('',#3305,.F.);
#3305 = EDGE_LOOP('',(#3306,#3307,#3308,#3309));
#3306 = ORIENTED_EDGE('',*,*,#3207,.F.);
#3307 = ORIENTED_EDGE('',*,*,#3281,.F.);
#3308 = ORIENTED_EDGE('',*,*,#3264,.T.);
#3309 = ORIENTED_EDGE('',*,*,#3240,.T.);
#3310 = PLANE('',#3311);
#3311 = AXIS2_PLACEMENT_3D('',#3312,#3313,#3314);
#3312 = CARTESIAN_POINT('',(0.32,-8.7,3.43));
#3313 = DIRECTION('',(1.224646799147E-16,1.,0.));
#3314 = DIRECTION('',(0.,-0.,1.));
#3315 = ( GEOMETRIC_REPRESENTATION_CONTEXT(3) 
GLOBAL_UNCERTAINTY_ASSIGNED_CONTEXT((#3319)) 
GLOBAL_UNIT_ASSIGNED_CONTEXT((#3316,#3317,#3318)) REPRESENTATION_CONTEXT
('Context #1','3D Context with UNIT and UNCERTAINTY') );
#3316 = ( LENGTH_UNIT() NAMED_UNIT(*) SI_UNIT(.MILLI.,.METRE.) );
#3317 = ( NAMED_UNIT(*) PLANE_ANGLE_UNIT() SI_UNIT($,.RADIAN.) );
#3318 = ( NAMED_UNIT(*) SI_UNIT($,.STERADIAN.) SOLID_ANGLE_UNIT() );
#3319 = UNCERTAINTY_MEASURE_WITH_UNIT(LENGTH_MEASURE(1.E-07),#3316,
  'distance_accuracy_value','confusion accuracy');
#3320 = CONTEXT_DEPENDENT_SHAPE_REPRESENTATION(#3321,#3323);
#3321 = ( REPRESENTATION_RELATIONSHIP('','',#63,#40) 
REPRESENTATION_RELATIONSHIP_WITH_TRANSFORMATION(#3322) 
SHAPE_REPRESENTATION_RELATIONSHIP() );
#3322 = ITEM_DEFINED_TRANSFORMATION('','',#11,#41);
#3323 = PRODUCT_DEFINITION_SHAPE('Placement','Placement of an item',
  #3324);
#3324 = NEXT_ASSEMBLY_USAGE_OCCURRENCE('1','=>[0:1:1:3]','',#35,#58,$);
#3325 = PRODUCT_RELATED_PRODUCT_CATEGORY('part',$,(#60));
#3326 = SHAPE_DEFINITION_REPRESENTATION(#3327,#3333);
#3327 = PRODUCT_DEFINITION_SHAPE('','',#3328);
#3328 = PRODUCT_DEFINITION('design','',#3329,#3332);
#3329 = PRODUCT_DEFINITION_FORMATION('','',#3330);
#3330 = PRODUCT('LED_D5.0mm_Clear','LED_D5.0mm_Clear','',(#3331));
#3331 = PRODUCT_CONTEXT('',#2,'mechanical');
#3332 = PRODUCT_DEFINITION_CONTEXT('part definition',#2,'design');
#3333 = SHAPE_REPRESENTATION('',(#11,#3334),#3338);
#3334 = AXIS2_PLACEMENT_3D('',#3335,#3336,#3337);
#3335 = CARTESIAN_POINT('',(0.,0.,0.));
#3336 = DIRECTION('',(0.,0.,1.));
#3337 = DIRECTION('',(1.,0.,-0.));
#3338 = ( GEOMETRIC_REPRESENTATION_CONTEXT(3) 
GLOBAL_UNCERTAINTY_ASSIGNED_CONTEXT((#3342)) 
GLOBAL_UNIT_ASSIGNED_CONTEXT((#3339,#3340,#3341)) REPRESENTATION_CONTEXT
('Context #1','3D Context with UNIT and UNCERTAINTY') );
#3339 = ( LENGTH_UNIT() NAMED_UNIT(*) SI_UNIT(.MILLI.,.METRE.) );
#3340 = ( NAMED_UNIT(*) PLANE_ANGLE_UNIT() SI_UNIT($,.RADIAN.) );
#3341 = ( NAMED_UNIT(*) SI_UNIT($,.STERADIAN.) SOLID_ANGLE_UNIT() );
#3342 = UNCERTAINTY_MEASURE_WITH_UNIT(LENGTH_MEASURE(1.E-07),#3339,
  'distance_accuracy_value','confusion accuracy');
#3343 = CONTEXT_DEPENDENT_SHAPE_REPRESENTATION(#3344,#3346);
#3344 = ( REPRESENTATION_RELATIONSHIP('','',#3333,#10) 
REPRESENTATION_RELATIONSHIP_WITH_TRANSFORMATION(#3345) 
SHAPE_REPRESENTATION_RELATIONSHIP() );
#3345 = ITEM_DEFINED_TRANSFORMATION('','',#11,#19);
#3346 = PRODUCT_DEFINITION_SHAPE('Placement','Placement of an item',
  #3347);
#3347 = NEXT_ASSEMBLY_USAGE_OCCURRENCE('4','D1','',#5,#3328,$);
#3348 = PRODUCT_RELATED_PRODUCT_CATEGORY('part',$,(#3330));
#3349 = SHAPE_DEFINITION_REPRESENTATION(#3350,#3356);
#3350 = PRODUCT_DEFINITION_SHAPE('','',#3351);
#3351 = PRODUCT_DEFINITION('design','',#3352,#3355);
#3352 = PRODUCT_DEFINITION_FORMATION('','',#3353);
#3353 = PRODUCT('LED_D5.0mm_Clear','LED_D5.0mm_Clear','',(#3354));
#3354 = PRODUCT_CONTEXT('',#2,'mechanical');
#3355 = PRODUCT_DEFINITION_CONTEXT('part definition',#2,'design');
#3356 = ADVANCED_BREP_SHAPE_REPRESENTATION('',(#11,#3357),#3782);
#3357 = MANIFOLD_SOLID_BREP('',#3358);
#3358 = CLOSED_SHELL('',(#3359,#3386,#3411,#3439,#3471,#3488,#3566,#3597
    ,#3621,#3645,#3662,#3693,#3717,#3741,#3758,#3770));
#3359 = ADVANCED_FACE('',(#3360),#3381,.T.);
#3360 = FACE_BOUND('',#3361,.T.);
#3361 = EDGE_LOOP('',(#3362,#3373,#3374));
#3362 = ORIENTED_EDGE('',*,*,#3363,.T.);
#3363 = EDGE_CURVE('',#3364,#3366,#3368,.T.);
#3364 = VERTEX_POINT('',#3365);
#3365 = CARTESIAN_POINT('',(3.72,6.095124405192E-15,9.15));
#3366 = VERTEX_POINT('',#3367);
#3367 = CARTESIAN_POINT('',(1.27,7.727152251391E-15,11.6));
#3368 = CIRCLE('',#3369,2.45);
#3369 = AXIS2_PLACEMENT_3D('',#3370,#3371,#3372);
#3370 = CARTESIAN_POINT('',(1.27,6.095124405192E-15,9.15));
#3371 = DIRECTION('',(0.,-1.,6.661338147751E-16));
#3372 = DIRECTION('',(1.,0.,0.));
#3373 = ORIENTED_EDGE('',*,*,#3363,.F.);
#3374 = ORIENTED_EDGE('',*,*,#3375,.F.);
#3375 = EDGE_CURVE('',#3364,#3364,#3376,.T.);
#3376 = CIRCLE('',#3377,2.45);
#3377 = AXIS2_PLACEMENT_3D('',#3378,#3379,#3380);
#3378 = CARTESIAN_POINT('',(1.27,4.063416270128E-15,9.15));
#3379 = DIRECTION('',(-4.379057701015E-47,-4.440892098501E-16,-1.));
#3380 = DIRECTION('',(1.,8.292686265567E-16,-3.68269249121E-31));
#3381 = SPHERICAL_SURFACE('',#3382,2.45);
#3382 = AXIS2_PLACEMENT_3D('',#3383,#3384,#3385);
#3383 = CARTESIAN_POINT('',(1.27,6.095124405192E-15,9.15));
#3384 = DIRECTION('',(0.,4.440892098501E-16,1.));
#3385 = DIRECTION('',(1.,1.394807543452E-15,-6.194189798646E-31));
#3386 = ADVANCED_FACE('',(#3387),#3406,.T.);
#3387 = FACE_BOUND('',#3388,.T.);
#3388 = EDGE_LOOP('',(#3389,#3397,#3398,#3399));
#3389 = ORIENTED_EDGE('',*,*,#3390,.F.);
#3390 = EDGE_CURVE('',#3364,#3391,#3393,.T.);
#3391 = VERTEX_POINT('',#3392);
#3392 = CARTESIAN_POINT('',(3.72,2.6645352591E-15,4.));
#3393 = LINE('',#3394,#3395);
#3394 = CARTESIAN_POINT('',(3.72,6.095124405192E-15,9.15));
#3395 = VECTOR('',#3396,1.);
#3396 = DIRECTION('',(0.,-6.661338147751E-16,-1.));
#3397 = ORIENTED_EDGE('',*,*,#3375,.T.);
#3398 = ORIENTED_EDGE('',*,*,#3390,.T.);
#3399 = ORIENTED_EDGE('',*,*,#3400,.F.);
#3400 = EDGE_CURVE('',#3391,#3391,#3401,.T.);
#3401 = CIRCLE('',#3402,2.45);
#3402 = AXIS2_PLACEMENT_3D('',#3403,#3404,#3405);
#3403 = CARTESIAN_POINT('',(1.27,1.7763568394E-15,4.));
#3404 = DIRECTION('',(-2.189528850508E-47,-4.440892098501E-16,-1.));
#3405 = DIRECTION('',(1.,3.625218039592E-16,-1.609920214737E-31));
#3406 = CYLINDRICAL_SURFACE('',#3407,2.45);
#3407 = AXIS2_PLACEMENT_3D('',#3408,#3409,#3410);
#3408 = CARTESIAN_POINT('',(1.27,4.063416270128E-15,9.15));
#3409 = DIRECTION('',(0.,-4.440892098501E-16,-1.));
#3410 = DIRECTION('',(1.,8.292686265567E-16,-3.68269249121E-31));
#3411 = ADVANCED_FACE('',(#3412,#3431),#3434,.F.);
#3412 = FACE_BOUND('',#3413,.F.);
#3413 = EDGE_LOOP('',(#3414,#3425));
#3414 = ORIENTED_EDGE('',*,*,#3415,.F.);
#3415 = EDGE_CURVE('',#3416,#3418,#3420,.T.);
#3416 = VERTEX_POINT('',#3417);
#3417 = CARTESIAN_POINT('',(-1.229999999999,-1.46969384567,4.));
#3418 = VERTEX_POINT('',#3419);
#3419 = CARTESIAN_POINT('',(-1.23,1.469693845669,4.));
#3420 = CIRCLE('',#3421,2.9);
#3421 = AXIS2_PLACEMENT_3D('',#3422,#3423,#3424);
#3422 = CARTESIAN_POINT('',(1.27,0.,4.));
#3423 = DIRECTION('',(0.,0.,1.));
#3424 = DIRECTION('',(1.,0.,-0.));
#3425 = ORIENTED_EDGE('',*,*,#3426,.T.);
#3426 = EDGE_CURVE('',#3416,#3418,#3427,.T.);
#3427 = LINE('',#3428,#3429);
#3428 = CARTESIAN_POINT('',(-1.229999999999,-1.46969384567,4.));
#3429 = VECTOR('',#3430,1.);
#3430 = DIRECTION('',(0.,1.,0.));
#3431 = FACE_BOUND('',#3432,.F.);
#3432 = EDGE_LOOP('',(#3433));
#3433 = ORIENTED_EDGE('',*,*,#3400,.F.);
#3434 = PLANE('',#3435);
#3435 = AXIS2_PLACEMENT_3D('',#3436,#3437,#3438);
#3436 = CARTESIAN_POINT('',(-1.229999999999,-1.469693845671,4.));
#3437 = DIRECTION('',(0.,0.,-1.));
#3438 = DIRECTION('',(-1.,0.,0.));
#3439 = ADVANCED_FACE('',(#3440),#3466,.T.);
#3440 = FACE_BOUND('',#3441,.T.);
#3441 = EDGE_LOOP('',(#3442,#3453,#3459,#3460));
#3442 = ORIENTED_EDGE('',*,*,#3443,.T.);
#3443 = EDGE_CURVE('',#3444,#3446,#3448,.T.);
#3444 = VERTEX_POINT('',#3445);
#3445 = CARTESIAN_POINT('',(-1.229999999999,-1.46969384567,3.));
#3446 = VERTEX_POINT('',#3447);
#3447 = CARTESIAN_POINT('',(-1.23,1.469693845669,3.));
#3448 = CIRCLE('',#3449,2.9);
#3449 = AXIS2_PLACEMENT_3D('',#3450,#3451,#3452);
#3450 = CARTESIAN_POINT('',(1.27,0.,3.));
#3451 = DIRECTION('',(0.,0.,1.));
#3452 = DIRECTION('',(1.,0.,-0.));
#3453 = ORIENTED_EDGE('',*,*,#3454,.T.);
#3454 = EDGE_CURVE('',#3446,#3418,#3455,.T.);
#3455 = LINE('',#3456,#3457);
#3456 = CARTESIAN_POINT('',(-1.23,1.469693845669,3.));
#3457 = VECTOR('',#3458,1.);
#3458 = DIRECTION('',(0.,0.,1.));
#3459 = ORIENTED_EDGE('',*,*,#3415,.F.);
#3460 = ORIENTED_EDGE('',*,*,#3461,.F.);
#3461 = EDGE_CURVE('',#3444,#3416,#3462,.T.);
#3462 = LINE('',#3463,#3464);
#3463 = CARTESIAN_POINT('',(-1.229999999999,-1.46969384567,3.));
#3464 = VECTOR('',#3465,1.);
#3465 = DIRECTION('',(0.,0.,1.));
#3466 = CYLINDRICAL_SURFACE('',#3467,2.9);
#3467 = AXIS2_PLACEMENT_3D('',#3468,#3469,#3470);
#3468 = CARTESIAN_POINT('',(1.27,0.,3.));
#3469 = DIRECTION('',(-0.,-0.,-1.));
#3470 = DIRECTION('',(1.,0.,0.));
#3471 = ADVANCED_FACE('',(#3472),#3483,.T.);
#3472 = FACE_BOUND('',#3473,.T.);
#3473 = EDGE_LOOP('',(#3474,#3475,#3476,#3477));
#3474 = ORIENTED_EDGE('',*,*,#3461,.T.);
#3475 = ORIENTED_EDGE('',*,*,#3426,.T.);
#3476 = ORIENTED_EDGE('',*,*,#3454,.F.);
#3477 = ORIENTED_EDGE('',*,*,#3478,.F.);
#3478 = EDGE_CURVE('',#3444,#3446,#3479,.T.);
#3479 = LINE('',#3480,#3481);
#3480 = CARTESIAN_POINT('',(-1.229999999999,-1.46969384567,3.));
#3481 = VECTOR('',#3482,1.);
#3482 = DIRECTION('',(0.,1.,0.));
#3483 = PLANE('',#3484);
#3484 = AXIS2_PLACEMENT_3D('',#3485,#3486,#3487);
#3485 = CARTESIAN_POINT('',(-1.229999999999,-1.46969384567,3.));
#3486 = DIRECTION('',(-1.,0.,0.));
#3487 = DIRECTION('',(0.,1.,0.));
#3488 = ADVANCED_FACE('',(#3489,#3493,#3527),#3561,.T.);
#3489 = FACE_BOUND('',#3490,.T.);
#3490 = EDGE_LOOP('',(#3491,#3492));
#3491 = ORIENTED_EDGE('',*,*,#3443,.F.);
#3492 = ORIENTED_EDGE('',*,*,#3478,.T.);
#3493 = FACE_BOUND('',#3494,.T.);
#3494 = EDGE_LOOP('',(#3495,#3505,#3513,#3521));
#3495 = ORIENTED_EDGE('',*,*,#3496,.T.);
#3496 = EDGE_CURVE('',#3497,#3499,#3501,.T.);
#3497 = VERTEX_POINT('',#3498);
#3498 = CARTESIAN_POINT('',(-0.2,-0.2,3.));
#3499 = VERTEX_POINT('',#3500);
#3500 = CARTESIAN_POINT('',(0.2,-0.2,3.));
#3501 = LINE('',#3502,#3503);
#3502 = CARTESIAN_POINT('',(-0.515,-0.2,3.));
#3503 = VECTOR('',#3504,1.);
#3504 = DIRECTION('',(1.,0.,0.));
#3505 = ORIENTED_EDGE('',*,*,#3506,.T.);
#3506 = EDGE_CURVE('',#3499,#3507,#3509,.T.);
#3507 = VERTEX_POINT('',#3508);
#3508 = CARTESIAN_POINT('',(0.2,0.2,3.));
#3509 = LINE('',#3510,#3511);
#3510 = CARTESIAN_POINT('',(0.2,-0.634846922835,3.));
#3511 = VECTOR('',#3512,1.);
#3512 = DIRECTION('',(0.,1.,0.));
#3513 = ORIENTED_EDGE('',*,*,#3514,.T.);
#3514 = EDGE_CURVE('',#3507,#3515,#3517,.T.);
#3515 = VERTEX_POINT('',#3516);
#3516 = CARTESIAN_POINT('',(-0.2,0.2,3.));
#3517 = LINE('',#3518,#3519);
#3518 = CARTESIAN_POINT('',(-0.715,0.2,3.));
#3519 = VECTOR('',#3520,1.);
#3520 = DIRECTION('',(-1.,-0.,-0.));
#3521 = ORIENTED_EDGE('',*,*,#3522,.T.);
#3522 = EDGE_CURVE('',#3515,#3497,#3523,.T.);
#3523 = LINE('',#3524,#3525);
#3524 = CARTESIAN_POINT('',(-0.2,-0.834846922835,3.));
#3525 = VECTOR('',#3526,1.);
#3526 = DIRECTION('',(0.,-1.,0.));
#3527 = FACE_BOUND('',#3528,.T.);
#3528 = EDGE_LOOP('',(#3529,#3539,#3547,#3555));
#3529 = ORIENTED_EDGE('',*,*,#3530,.T.);
#3530 = EDGE_CURVE('',#3531,#3533,#3535,.T.);
#3531 = VERTEX_POINT('',#3532);
#3532 = CARTESIAN_POINT('',(2.34,0.2,3.));
#3533 = VERTEX_POINT('',#3534);
#3534 = CARTESIAN_POINT('',(2.34,-0.2,3.));
#3535 = LINE('',#3536,#3537);
#3536 = CARTESIAN_POINT('',(2.34,-0.834846922835,3.));
#3537 = VECTOR('',#3538,1.);
#3538 = DIRECTION('',(0.,-1.,0.));
#3539 = ORIENTED_EDGE('',*,*,#3540,.T.);
#3540 = EDGE_CURVE('',#3533,#3541,#3543,.T.);
#3541 = VERTEX_POINT('',#3542);
#3542 = CARTESIAN_POINT('',(2.74,-0.2,3.));
#3543 = LINE('',#3544,#3545);
#3544 = CARTESIAN_POINT('',(0.755,-0.2,3.));
#3545 = VECTOR('',#3546,1.);
#3546 = DIRECTION('',(1.,0.,0.));
#3547 = ORIENTED_EDGE('',*,*,#3548,.T.);
#3548 = EDGE_CURVE('',#3541,#3549,#3551,.T.);
#3549 = VERTEX_POINT('',#3550);
#3550 = CARTESIAN_POINT('',(2.74,0.2,3.));
#3551 = LINE('',#3552,#3553);
#3552 = CARTESIAN_POINT('',(2.74,-0.634846922835,3.));
#3553 = VECTOR('',#3554,1.);
#3554 = DIRECTION('',(0.,1.,0.));
#3555 = ORIENTED_EDGE('',*,*,#3556,.T.);
#3556 = EDGE_CURVE('',#3549,#3531,#3557,.T.);
#3557 = LINE('',#3558,#3559);
#3558 = CARTESIAN_POINT('',(0.555,0.2,3.));
#3559 = VECTOR('',#3560,1.);
#3560 = DIRECTION('',(-1.,-0.,-0.));
#3561 = PLANE('',#3562);
#3562 = AXIS2_PLACEMENT_3D('',#3563,#3564,#3565);
#3563 = CARTESIAN_POINT('',(-1.229999999999,-1.469693845671,3.));
#3564 = DIRECTION('',(0.,0.,-1.));
#3565 = DIRECTION('',(-1.,0.,0.));
#3566 = ADVANCED_FACE('',(#3567),#3592,.F.);
#3567 = FACE_BOUND('',#3568,.F.);
#3568 = EDGE_LOOP('',(#3569,#3570,#3578,#3586));
#3569 = ORIENTED_EDGE('',*,*,#3496,.T.);
#3570 = ORIENTED_EDGE('',*,*,#3571,.T.);
#3571 = EDGE_CURVE('',#3499,#3572,#3574,.T.);
#3572 = VERTEX_POINT('',#3573);
#3573 = CARTESIAN_POINT('',(0.2,-0.2,-2.5));
#3574 = LINE('',#3575,#3576);
#3575 = CARTESIAN_POINT('',(0.2,-0.2,3.5));
#3576 = VECTOR('',#3577,1.);
#3577 = DIRECTION('',(-0.,-0.,-1.));
#3578 = ORIENTED_EDGE('',*,*,#3579,.T.);
#3579 = EDGE_CURVE('',#3572,#3580,#3582,.T.);
#3580 = VERTEX_POINT('',#3581);
#3581 = CARTESIAN_POINT('',(-0.2,-0.2,-2.5));
#3582 = LINE('',#3583,#3584);
#3583 = CARTESIAN_POINT('',(0.2,-0.2,-2.5));
#3584 = VECTOR('',#3585,1.);
#3585 = DIRECTION('',(-1.,0.,0.));
#3586 = ORIENTED_EDGE('',*,*,#3587,.F.);
#3587 = EDGE_CURVE('',#3497,#3580,#3588,.T.);
#3588 = LINE('',#3589,#3590);
#3589 = CARTESIAN_POINT('',(-0.2,-0.2,3.5));
#3590 = VECTOR('',#3591,1.);
#3591 = DIRECTION('',(-0.,-0.,-1.));
#3592 = PLANE('',#3593);
#3593 = AXIS2_PLACEMENT_3D('',#3594,#3595,#3596);
#3594 = CARTESIAN_POINT('',(0.2,-0.2,3.5));
#3595 = DIRECTION('',(0.,1.,0.));
#3596 = DIRECTION('',(-1.,0.,0.));
#3597 = ADVANCED_FACE('',(#3598),#3616,.F.);
#3598 = FACE_BOUND('',#3599,.F.);
#3599 = EDGE_LOOP('',(#3600,#3601,#3602,#3610));
#3600 = ORIENTED_EDGE('',*,*,#3522,.T.);
#3601 = ORIENTED_EDGE('',*,*,#3587,.T.);
#3602 = ORIENTED_EDGE('',*,*,#3603,.T.);
#3603 = EDGE_CURVE('',#3580,#3604,#3606,.T.);
#3604 = VERTEX_POINT('',#3605);
#3605 = CARTESIAN_POINT('',(-0.2,0.2,-2.5));
#3606 = LINE('',#3607,#3608);
#3607 = CARTESIAN_POINT('',(-0.2,-0.2,-2.5));
#3608 = VECTOR('',#3609,1.);
#3609 = DIRECTION('',(0.,1.,0.));
#3610 = ORIENTED_EDGE('',*,*,#3611,.F.);
#3611 = EDGE_CURVE('',#3515,#3604,#3612,.T.);
#3612 = LINE('',#3613,#3614);
#3613 = CARTESIAN_POINT('',(-0.2,0.2,3.5));
#3614 = VECTOR('',#3615,1.);
#3615 = DIRECTION('',(-0.,-0.,-1.));
#3616 = PLANE('',#3617);
#3617 = AXIS2_PLACEMENT_3D('',#3618,#3619,#3620);
#3618 = CARTESIAN_POINT('',(-0.2,-0.2,3.5));
#3619 = DIRECTION('',(1.,0.,0.));
#3620 = DIRECTION('',(-0.,1.,0.));
#3621 = ADVANCED_FACE('',(#3622),#3640,.F.);
#3622 = FACE_BOUND('',#3623,.F.);
#3623 = EDGE_LOOP('',(#3624,#3625,#3626,#3634));
#3624 = ORIENTED_EDGE('',*,*,#3514,.T.);
#3625 = ORIENTED_EDGE('',*,*,#3611,.T.);
#3626 = ORIENTED_EDGE('',*,*,#3627,.T.);
#3627 = EDGE_CURVE('',#3604,#3628,#3630,.T.);
#3628 = VERTEX_POINT('',#3629);
#3629 = CARTESIAN_POINT('',(0.2,0.2,-2.5));
#3630 = LINE('',#3631,#3632);
#3631 = CARTESIAN_POINT('',(-0.2,0.2,-2.5));
#3632 = VECTOR('',#3633,1.);
#3633 = DIRECTION('',(1.,0.,0.));
#3634 = ORIENTED_EDGE('',*,*,#3635,.F.);
#3635 = EDGE_CURVE('',#3507,#3628,#3636,.T.);
#3636 = LINE('',#3637,#3638);
#3637 = CARTESIAN_POINT('',(0.2,0.2,3.5));
#3638 = VECTOR('',#3639,1.);
#3639 = DIRECTION('',(-0.,-0.,-1.));
#3640 = PLANE('',#3641);
#3641 = AXIS2_PLACEMENT_3D('',#3642,#3643,#3644);
#3642 = CARTESIAN_POINT('',(-0.2,0.2,3.5));
#3643 = DIRECTION('',(0.,-1.,0.));
#3644 = DIRECTION('',(1.,0.,0.));
#3645 = ADVANCED_FACE('',(#3646),#3657,.F.);
#3646 = FACE_BOUND('',#3647,.F.);
#3647 = EDGE_LOOP('',(#3648,#3649,#3650,#3656));
#3648 = ORIENTED_EDGE('',*,*,#3506,.T.);
#3649 = ORIENTED_EDGE('',*,*,#3635,.T.);
#3650 = ORIENTED_EDGE('',*,*,#3651,.T.);
#3651 = EDGE_CURVE('',#3628,#3572,#3652,.T.);
#3652 = LINE('',#3653,#3654);
#3653 = CARTESIAN_POINT('',(0.2,0.2,-2.5));
#3654 = VECTOR('',#3655,1.);
#3655 = DIRECTION('',(0.,-1.,0.));
#3656 = ORIENTED_EDGE('',*,*,#3571,.F.);
#3657 = PLANE('',#3658);
#3658 = AXIS2_PLACEMENT_3D('',#3659,#3660,#3661);
#3659 = CARTESIAN_POINT('',(0.2,0.2,3.5));
#3660 = DIRECTION('',(-1.,0.,0.));
#3661 = DIRECTION('',(0.,-1.,0.));
#3662 = ADVANCED_FACE('',(#3663),#3688,.F.);
#3663 = FACE_BOUND('',#3664,.F.);
#3664 = EDGE_LOOP('',(#3665,#3666,#3674,#3682));
#3665 = ORIENTED_EDGE('',*,*,#3530,.T.);
#3666 = ORIENTED_EDGE('',*,*,#3667,.T.);
#3667 = EDGE_CURVE('',#3533,#3668,#3670,.T.);
#3668 = VERTEX_POINT('',#3669);
#3669 = CARTESIAN_POINT('',(2.34,-0.2,-2.5));
#3670 = LINE('',#3671,#3672);
#3671 = CARTESIAN_POINT('',(2.34,-0.2,3.5));
#3672 = VECTOR('',#3673,1.);
#3673 = DIRECTION('',(-0.,-0.,-1.));
#3674 = ORIENTED_EDGE('',*,*,#3675,.T.);
#3675 = EDGE_CURVE('',#3668,#3676,#3678,.T.);
#3676 = VERTEX_POINT('',#3677);
#3677 = CARTESIAN_POINT('',(2.34,0.2,-2.5));
#3678 = LINE('',#3679,#3680);
#3679 = CARTESIAN_POINT('',(2.34,-0.2,-2.5));
#3680 = VECTOR('',#3681,1.);
#3681 = DIRECTION('',(0.,1.,0.));
#3682 = ORIENTED_EDGE('',*,*,#3683,.F.);
#3683 = EDGE_CURVE('',#3531,#3676,#3684,.T.);
#3684 = LINE('',#3685,#3686);
#3685 = CARTESIAN_POINT('',(2.34,0.2,3.5));
#3686 = VECTOR('',#3687,1.);
#3687 = DIRECTION('',(-0.,-0.,-1.));
#3688 = PLANE('',#3689);
#3689 = AXIS2_PLACEMENT_3D('',#3690,#3691,#3692);
#3690 = CARTESIAN_POINT('',(2.34,-0.2,3.5));
#3691 = DIRECTION('',(1.,0.,0.));
#3692 = DIRECTION('',(-0.,1.,0.));
#3693 = ADVANCED_FACE('',(#3694),#3712,.F.);
#3694 = FACE_BOUND('',#3695,.F.);
#3695 = EDGE_LOOP('',(#3696,#3697,#3698,#3706));
#3696 = ORIENTED_EDGE('',*,*,#3556,.T.);
#3697 = ORIENTED_EDGE('',*,*,#3683,.T.);
#3698 = ORIENTED_EDGE('',*,*,#3699,.T.);
#3699 = EDGE_CURVE('',#3676,#3700,#3702,.T.);
#3700 = VERTEX_POINT('',#3701);
#3701 = CARTESIAN_POINT('',(2.74,0.2,-2.5));
#3702 = LINE('',#3703,#3704);
#3703 = CARTESIAN_POINT('',(2.34,0.2,-2.5));
#3704 = VECTOR('',#3705,1.);
#3705 = DIRECTION('',(1.,0.,0.));
#3706 = ORIENTED_EDGE('',*,*,#3707,.F.);
#3707 = EDGE_CURVE('',#3549,#3700,#3708,.T.);
#3708 = LINE('',#3709,#3710);
#3709 = CARTESIAN_POINT('',(2.74,0.2,3.5));
#3710 = VECTOR('',#3711,1.);
#3711 = DIRECTION('',(-0.,-0.,-1.));
#3712 = PLANE('',#3713);
#3713 = AXIS2_PLACEMENT_3D('',#3714,#3715,#3716);
#3714 = CARTESIAN_POINT('',(2.34,0.2,3.5));
#3715 = DIRECTION('',(0.,-1.,0.));
#3716 = DIRECTION('',(1.,0.,0.));
#3717 = ADVANCED_FACE('',(#3718),#3736,.F.);
#3718 = FACE_BOUND('',#3719,.F.);
#3719 = EDGE_LOOP('',(#3720,#3721,#3722,#3730));
#3720 = ORIENTED_EDGE('',*,*,#3548,.T.);
#3721 = ORIENTED_EDGE('',*,*,#3707,.T.);
#3722 = ORIENTED_EDGE('',*,*,#3723,.T.);
#3723 = EDGE_CURVE('',#3700,#3724,#3726,.T.);
#3724 = VERTEX_POINT('',#3725);
#3725 = CARTESIAN_POINT('',(2.74,-0.2,-2.5));
#3726 = LINE('',#3727,#3728);
#3727 = CARTESIAN_POINT('',(2.74,0.2,-2.5));
#3728 = VECTOR('',#3729,1.);
#3729 = DIRECTION('',(0.,-1.,0.));
#3730 = ORIENTED_EDGE('',*,*,#3731,.F.);
#3731 = EDGE_CURVE('',#3541,#3724,#3732,.T.);
#3732 = LINE('',#3733,#3734);
#3733 = CARTESIAN_POINT('',(2.74,-0.2,3.5));
#3734 = VECTOR('',#3735,1.);
#3735 = DIRECTION('',(-0.,-0.,-1.));
#3736 = PLANE('',#3737);
#3737 = AXIS2_PLACEMENT_3D('',#3738,#3739,#3740);
#3738 = CARTESIAN_POINT('',(2.74,0.2,3.5));
#3739 = DIRECTION('',(-1.,0.,0.));
#3740 = DIRECTION('',(0.,-1.,0.));
#3741 = ADVANCED_FACE('',(#3742),#3753,.F.);
#3742 = FACE_BOUND('',#3743,.F.);
#3743 = EDGE_LOOP('',(#3744,#3745,#3746,#3752));
#3744 = ORIENTED_EDGE('',*,*,#3540,.T.);
#3745 = ORIENTED_EDGE('',*,*,#3731,.T.);
#3746 = ORIENTED_EDGE('',*,*,#3747,.T.);
#3747 = EDGE_CURVE('',#3724,#3668,#3748,.T.);
#3748 = LINE('',#3749,#3750);
#3749 = CARTESIAN_POINT('',(2.74,-0.2,-2.5));
#3750 = VECTOR('',#3751,1.);
#3751 = DIRECTION('',(-1.,0.,0.));
#3752 = ORIENTED_EDGE('',*,*,#3667,.F.);
#3753 = PLANE('',#3754);
#3754 = AXIS2_PLACEMENT_3D('',#3755,#3756,#3757);
#3755 = CARTESIAN_POINT('',(2.74,-0.2,3.5));
#3756 = DIRECTION('',(0.,1.,0.));
#3757 = DIRECTION('',(-1.,0.,0.));
#3758 = ADVANCED_FACE('',(#3759),#3765,.F.);
#3759 = FACE_BOUND('',#3760,.T.);
#3760 = EDGE_LOOP('',(#3761,#3762,#3763,#3764));
#3761 = ORIENTED_EDGE('',*,*,#3627,.T.);
#3762 = ORIENTED_EDGE('',*,*,#3651,.T.);
#3763 = ORIENTED_EDGE('',*,*,#3579,.T.);
#3764 = ORIENTED_EDGE('',*,*,#3603,.T.);
#3765 = PLANE('',#3766);
#3766 = AXIS2_PLACEMENT_3D('',#3767,#3768,#3769);
#3767 = CARTESIAN_POINT('',(-0.2,0.2,-2.5));
#3768 = DIRECTION('',(0.,0.,1.));
#3769 = DIRECTION('',(1.,0.,-0.));
#3770 = ADVANCED_FACE('',(#3771),#3777,.F.);
#3771 = FACE_BOUND('',#3772,.T.);
#3772 = EDGE_LOOP('',(#3773,#3774,#3775,#3776));
#3773 = ORIENTED_EDGE('',*,*,#3699,.T.);
#3774 = ORIENTED_EDGE('',*,*,#3723,.T.);
#3775 = ORIENTED_EDGE('',*,*,#3747,.T.);
#3776 = ORIENTED_EDGE('',*,*,#3675,.T.);
#3777 = PLANE('',#3778);
#3778 = AXIS2_PLACEMENT_3D('',#3779,#3780,#3781);
#3779 = CARTESIAN_POINT('',(2.34,0.2,-2.5));
#3780 = DIRECTION('',(0.,0.,1.));
#3781 = DIRECTION('',(1.,0.,-0.));
#3782 = ( GEOMETRIC_REPRESENTATION_CONTEXT(3) 
GLOBAL_UNCERTAINTY_ASSIGNED_CONTEXT((#3786)) 
GLOBAL_UNIT_ASSIGNED_CONTEXT((#3783,#3784,#3785)) REPRESENTATION_CONTEXT
('Context #1','3D Context with UNIT and UNCERTAINTY') );
#3783 = ( LENGTH_UNIT() NAMED_UNIT(*) SI_UNIT(.MILLI.,.METRE.) );
#3784 = ( NAMED_UNIT(*) PLANE_ANGLE_UNIT() SI_UNIT($,.RADIAN.) );
#3785 = ( NAMED_UNIT(*) SI_UNIT($,.STERADIAN.) SOLID_ANGLE_UNIT() );
#3786 = UNCERTAINTY_MEASURE_WITH_UNIT(LENGTH_MEASURE(1.E-07),#3783,
  'distance_accuracy_value','confusion accuracy');
#3787 = CONTEXT_DEPENDENT_SHAPE_REPRESENTATION(#3788,#3790);
#3788 = ( REPRESENTATION_RELATIONSHIP('','',#3356,#3333) 
REPRESENTATION_RELATIONSHIP_WITH_TRANSFORMATION(#3789) 
SHAPE_REPRESENTATION_RELATIONSHIP() );
#3789 = ITEM_DEFINED_TRANSFORMATION('','',#11,#3334);
#3790 = PRODUCT_DEFINITION_SHAPE('Placement','Placement of an item',
  #3791);
#3791 = NEXT_ASSEMBLY_USAGE_OCCURRENCE('3','=>[0:1:1:5]','',#3328,#3351,
  $);
#3792 = PRODUCT_RELATED_PRODUCT_CATEGORY('part',$,(#3353));
#3793 = SHAPE_DEFINITION_REPRESENTATION(#3794,#3800);
#3794 = PRODUCT_DEFINITION_SHAPE('','',#3795);
#3795 = PRODUCT_DEFINITION('design','',#3796,#3799);
#3796 = PRODUCT_DEFINITION_FORMATION('','',#3797);
#3797 = PRODUCT('Hold LED board_PCB','Hold LED board_PCB','',(#3798));
#3798 = PRODUCT_CONTEXT('',#2,'mechanical');
#3799 = PRODUCT_DEFINITION_CONTEXT('part definition',#2,'design');
#3800 = ADVANCED_BREP_SHAPE_REPRESENTATION('',(#11,#3801),#4185);
#3801 = MANIFOLD_SOLID_BREP('',#3802);
#3802 = CLOSED_SHELL('',(#3803,#3843,#3874,#3905,#3988,#4071,#4083,#4100
    ,#4117,#4134,#4151,#4168));
#3803 = ADVANCED_FACE('',(#3804),#3838,.T.);
#3804 = FACE_BOUND('',#3805,.T.);
#3805 = EDGE_LOOP('',(#3806,#3816,#3824,#3832));
#3806 = ORIENTED_EDGE('',*,*,#3807,.T.);
#3807 = EDGE_CURVE('',#3808,#3810,#3812,.T.);
#3808 = VERTEX_POINT('',#3809);
#3809 = CARTESIAN_POINT('',(213.,-100.,0.));
#3810 = VERTEX_POINT('',#3811);
#3811 = CARTESIAN_POINT('',(213.,-100.,1.6));
#3812 = LINE('',#3813,#3814);
#3813 = CARTESIAN_POINT('',(213.,-100.,0.));
#3814 = VECTOR('',#3815,1.);
#3815 = DIRECTION('',(0.,0.,1.));
#3816 = ORIENTED_EDGE('',*,*,#3817,.T.);
#3817 = EDGE_CURVE('',#3810,#3818,#3820,.T.);
#3818 = VERTEX_POINT('',#3819);
#3819 = CARTESIAN_POINT('',(200.,-100.,1.6));
#3820 = LINE('',#3821,#3822);
#3821 = CARTESIAN_POINT('',(213.,-100.,1.6));
#3822 = VECTOR('',#3823,1.);
#3823 = DIRECTION('',(-1.,0.,0.));
#3824 = ORIENTED_EDGE('',*,*,#3825,.F.);
#3825 = EDGE_CURVE('',#3826,#3818,#3828,.T.);
#3826 = VERTEX_POINT('',#3827);
#3827 = CARTESIAN_POINT('',(200.,-100.,0.));
#3828 = LINE('',#3829,#3830);
#3829 = CARTESIAN_POINT('',(200.,-100.,0.));
#3830 = VECTOR('',#3831,1.);
#3831 = DIRECTION('',(0.,0.,1.));
#3832 = ORIENTED_EDGE('',*,*,#3833,.F.);
#3833 = EDGE_CURVE('',#3808,#3826,#3834,.T.);
#3834 = LINE('',#3835,#3836);
#3835 = CARTESIAN_POINT('',(213.,-100.,0.));
#3836 = VECTOR('',#3837,1.);
#3837 = DIRECTION('',(-1.,0.,0.));
#3838 = PLANE('',#3839);
#3839 = AXIS2_PLACEMENT_3D('',#3840,#3841,#3842);
#3840 = CARTESIAN_POINT('',(213.,-100.,0.));
#3841 = DIRECTION('',(0.,-1.,0.));
#3842 = DIRECTION('',(-1.,0.,0.));
#3843 = ADVANCED_FACE('',(#3844),#3869,.T.);
#3844 = FACE_BOUND('',#3845,.T.);
#3845 = EDGE_LOOP('',(#3846,#3856,#3862,#3863));
#3846 = ORIENTED_EDGE('',*,*,#3847,.T.);
#3847 = EDGE_CURVE('',#3848,#3850,#3852,.T.);
#3848 = VERTEX_POINT('',#3849);
#3849 = CARTESIAN_POINT('',(213.,-66.,0.));
#3850 = VERTEX_POINT('',#3851);
#3851 = CARTESIAN_POINT('',(213.,-66.,1.6));
#3852 = LINE('',#3853,#3854);
#3853 = CARTESIAN_POINT('',(213.,-66.,0.));
#3854 = VECTOR('',#3855,1.);
#3855 = DIRECTION('',(0.,0.,1.));
#3856 = ORIENTED_EDGE('',*,*,#3857,.T.);
#3857 = EDGE_CURVE('',#3850,#3810,#3858,.T.);
#3858 = LINE('',#3859,#3860);
#3859 = CARTESIAN_POINT('',(213.,-66.,1.6));
#3860 = VECTOR('',#3861,1.);
#3861 = DIRECTION('',(0.,-1.,0.));
#3862 = ORIENTED_EDGE('',*,*,#3807,.F.);
#3863 = ORIENTED_EDGE('',*,*,#3864,.F.);
#3864 = EDGE_CURVE('',#3848,#3808,#3865,.T.);
#3865 = LINE('',#3866,#3867);
#3866 = CARTESIAN_POINT('',(213.,-66.,0.));
#3867 = VECTOR('',#3868,1.);
#3868 = DIRECTION('',(0.,-1.,0.));
#3869 = PLANE('',#3870);
#3870 = AXIS2_PLACEMENT_3D('',#3871,#3872,#3873);
#3871 = CARTESIAN_POINT('',(213.,-66.,0.));
#3872 = DIRECTION('',(1.,0.,-0.));
#3873 = DIRECTION('',(0.,-1.,0.));
#3874 = ADVANCED_FACE('',(#3875),#3900,.T.);
#3875 = FACE_BOUND('',#3876,.T.);
#3876 = EDGE_LOOP('',(#3877,#3878,#3886,#3894));
#3877 = ORIENTED_EDGE('',*,*,#3825,.T.);
#3878 = ORIENTED_EDGE('',*,*,#3879,.T.);
#3879 = EDGE_CURVE('',#3818,#3880,#3882,.T.);
#3880 = VERTEX_POINT('',#3881);
#3881 = CARTESIAN_POINT('',(200.,-66.,1.6));
#3882 = LINE('',#3883,#3884);
#3883 = CARTESIAN_POINT('',(200.,-100.,1.6));
#3884 = VECTOR('',#3885,1.);
#3885 = DIRECTION('',(0.,1.,0.));
#3886 = ORIENTED_EDGE('',*,*,#3887,.F.);
#3887 = EDGE_CURVE('',#3888,#3880,#3890,.T.);
#3888 = VERTEX_POINT('',#3889);
#3889 = CARTESIAN_POINT('',(200.,-66.,0.));
#3890 = LINE('',#3891,#3892);
#3891 = CARTESIAN_POINT('',(200.,-66.,0.));
#3892 = VECTOR('',#3893,1.);
#3893 = DIRECTION('',(0.,0.,1.));
#3894 = ORIENTED_EDGE('',*,*,#3895,.F.);
#3895 = EDGE_CURVE('',#3826,#3888,#3896,.T.);
#3896 = LINE('',#3897,#3898);
#3897 = CARTESIAN_POINT('',(200.,-100.,0.));
#3898 = VECTOR('',#3899,1.);
#3899 = DIRECTION('',(0.,1.,0.));
#3900 = PLANE('',#3901);
#3901 = AXIS2_PLACEMENT_3D('',#3902,#3903,#3904);
#3902 = CARTESIAN_POINT('',(200.,-100.,0.));
#3903 = DIRECTION('',(-1.,0.,0.));
#3904 = DIRECTION('',(0.,1.,0.));
#3905 = ADVANCED_FACE('',(#3906,#3917,#3928,#3939,#3950,#3961,#3972),
  #3983,.F.);
#3906 = FACE_BOUND('',#3907,.F.);
#3907 = EDGE_LOOP('',(#3908,#3909,#3910,#3916));
#3908 = ORIENTED_EDGE('',*,*,#3833,.F.);
#3909 = ORIENTED_EDGE('',*,*,#3864,.F.);
#3910 = ORIENTED_EDGE('',*,*,#3911,.F.);
#3911 = EDGE_CURVE('',#3888,#3848,#3912,.T.);
#3912 = LINE('',#3913,#3914);
#3913 = CARTESIAN_POINT('',(200.,-66.,0.));
#3914 = VECTOR('',#3915,1.);
#3915 = DIRECTION('',(1.,0.,0.));
#3916 = ORIENTED_EDGE('',*,*,#3895,.F.);
#3917 = FACE_BOUND('',#3918,.F.);
#3918 = EDGE_LOOP('',(#3919));
#3919 = ORIENTED_EDGE('',*,*,#3920,.F.);
#3920 = EDGE_CURVE('',#3921,#3921,#3923,.T.);
#3921 = VERTEX_POINT('',#3922);
#3922 = CARTESIAN_POINT('',(204.5,-97.,0.));
#3923 = CIRCLE('',#3924,1.5);
#3924 = AXIS2_PLACEMENT_3D('',#3925,#3926,#3927);
#3925 = CARTESIAN_POINT('',(203.,-97.,0.));
#3926 = DIRECTION('',(0.,0.,1.));
#3927 = DIRECTION('',(1.,0.,-0.));
#3928 = FACE_BOUND('',#3929,.F.);
#3929 = EDGE_LOOP('',(#3930));
#3930 = ORIENTED_EDGE('',*,*,#3931,.T.);
#3931 = EDGE_CURVE('',#3932,#3932,#3934,.T.);
#3932 = VERTEX_POINT('',#3933);
#3933 = CARTESIAN_POINT('',(209.5,-84.73,0.));
#3934 = CIRCLE('',#3935,0.5);
#3935 = AXIS2_PLACEMENT_3D('',#3936,#3937,#3938);
#3936 = CARTESIAN_POINT('',(209.5,-84.23,0.));
#3937 = DIRECTION('',(-0.,0.,-1.));
#3938 = DIRECTION('',(-0.,-1.,0.));
#3939 = FACE_BOUND('',#3940,.F.);
#3940 = EDGE_LOOP('',(#3941));
#3941 = ORIENTED_EDGE('',*,*,#3942,.F.);
#3942 = EDGE_CURVE('',#3943,#3943,#3945,.T.);
#3943 = VERTEX_POINT('',#3944);
#3944 = CARTESIAN_POINT('',(204.5,-69.,0.));
#3945 = CIRCLE('',#3946,1.5);
#3946 = AXIS2_PLACEMENT_3D('',#3947,#3948,#3949);
#3947 = CARTESIAN_POINT('',(203.,-69.,0.));
#3948 = DIRECTION('',(0.,0.,1.));
#3949 = DIRECTION('',(1.,0.,-0.));
#3950 = FACE_BOUND('',#3951,.F.);
#3951 = EDGE_LOOP('',(#3952));
#3952 = ORIENTED_EDGE('',*,*,#3953,.T.);
#3953 = EDGE_CURVE('',#3954,#3954,#3956,.T.);
#3954 = VERTEX_POINT('',#3955);
#3955 = CARTESIAN_POINT('',(209.5,-82.23,0.));
#3956 = CIRCLE('',#3957,0.5);
#3957 = AXIS2_PLACEMENT_3D('',#3958,#3959,#3960);
#3958 = CARTESIAN_POINT('',(209.5,-81.73,0.));
#3959 = DIRECTION('',(-0.,0.,-1.));
#3960 = DIRECTION('',(-0.,-1.,0.));
#3961 = FACE_BOUND('',#3962,.F.);
#3962 = EDGE_LOOP('',(#3963));
#3963 = ORIENTED_EDGE('',*,*,#3964,.T.);
#3964 = EDGE_CURVE('',#3965,#3965,#3967,.T.);
#3965 = VERTEX_POINT('',#3966);
#3966 = CARTESIAN_POINT('',(207.23,-73.95,0.));
#3967 = CIRCLE('',#3968,0.45);
#3968 = AXIS2_PLACEMENT_3D('',#3969,#3970,#3971);
#3969 = CARTESIAN_POINT('',(207.23,-73.5,0.));
#3970 = DIRECTION('',(-0.,0.,-1.));
#3971 = DIRECTION('',(-6.315935428979E-14,-1.,0.));
#3972 = FACE_BOUND('',#3973,.F.);
#3973 = EDGE_LOOP('',(#3974));
#3974 = ORIENTED_EDGE('',*,*,#3975,.T.);
#3975 = EDGE_CURVE('',#3976,#3976,#3978,.T.);
#3976 = VERTEX_POINT('',#3977);
#3977 = CARTESIAN_POINT('',(209.77,-73.95,0.));
#3978 = CIRCLE('',#3979,0.45);
#3979 = AXIS2_PLACEMENT_3D('',#3980,#3981,#3982);
#3980 = CARTESIAN_POINT('',(209.77,-73.5,0.));
#3981 = DIRECTION('',(-0.,0.,-1.));
#3982 = DIRECTION('',(6.315935428978E-14,-1.,-0.));
#3983 = PLANE('',#3984);
#3984 = AXIS2_PLACEMENT_3D('',#3985,#3986,#3987);
#3985 = CARTESIAN_POINT('',(0.,0.,0.));
#3986 = DIRECTION('',(0.,0.,1.));
#3987 = DIRECTION('',(1.,0.,-0.));
#3988 = ADVANCED_FACE('',(#3989,#4000,#4011,#4022,#4033,#4044,#4055),
  #4066,.T.);
#3989 = FACE_BOUND('',#3990,.T.);
#3990 = EDGE_LOOP('',(#3991,#3992,#3993,#3999));
#3991 = ORIENTED_EDGE('',*,*,#3817,.F.);
#3992 = ORIENTED_EDGE('',*,*,#3857,.F.);
#3993 = ORIENTED_EDGE('',*,*,#3994,.F.);
#3994 = EDGE_CURVE('',#3880,#3850,#3995,.T.);
#3995 = LINE('',#3996,#3997);
#3996 = CARTESIAN_POINT('',(200.,-66.,1.6));
#3997 = VECTOR('',#3998,1.);
#3998 = DIRECTION('',(1.,0.,0.));
#3999 = ORIENTED_EDGE('',*,*,#3879,.F.);
#4000 = FACE_BOUND('',#4001,.T.);
#4001 = EDGE_LOOP('',(#4002));
#4002 = ORIENTED_EDGE('',*,*,#4003,.F.);
#4003 = EDGE_CURVE('',#4004,#4004,#4006,.T.);
#4004 = VERTEX_POINT('',#4005);
#4005 = CARTESIAN_POINT('',(204.5,-97.,1.6));
#4006 = CIRCLE('',#4007,1.5);
#4007 = AXIS2_PLACEMENT_3D('',#4008,#4009,#4010);
#4008 = CARTESIAN_POINT('',(203.,-97.,1.6));
#4009 = DIRECTION('',(0.,0.,1.));
#4010 = DIRECTION('',(1.,0.,-0.));
#4011 = FACE_BOUND('',#4012,.T.);
#4012 = EDGE_LOOP('',(#4013));
#4013 = ORIENTED_EDGE('',*,*,#4014,.T.);
#4014 = EDGE_CURVE('',#4015,#4015,#4017,.T.);
#4015 = VERTEX_POINT('',#4016);
#4016 = CARTESIAN_POINT('',(209.5,-84.73,1.6));
#4017 = CIRCLE('',#4018,0.5);
#4018 = AXIS2_PLACEMENT_3D('',#4019,#4020,#4021);
#4019 = CARTESIAN_POINT('',(209.5,-84.23,1.6));
#4020 = DIRECTION('',(-0.,0.,-1.));
#4021 = DIRECTION('',(-0.,-1.,0.));
#4022 = FACE_BOUND('',#4023,.T.);
#4023 = EDGE_LOOP('',(#4024));
#4024 = ORIENTED_EDGE('',*,*,#4025,.F.);
#4025 = EDGE_CURVE('',#4026,#4026,#4028,.T.);
#4026 = VERTEX_POINT('',#4027);
#4027 = CARTESIAN_POINT('',(204.5,-69.,1.6));
#4028 = CIRCLE('',#4029,1.5);
#4029 = AXIS2_PLACEMENT_3D('',#4030,#4031,#4032);
#4030 = CARTESIAN_POINT('',(203.,-69.,1.6));
#4031 = DIRECTION('',(0.,0.,1.));
#4032 = DIRECTION('',(1.,0.,-0.));
#4033 = FACE_BOUND('',#4034,.T.);
#4034 = EDGE_LOOP('',(#4035));
#4035 = ORIENTED_EDGE('',*,*,#4036,.T.);
#4036 = EDGE_CURVE('',#4037,#4037,#4039,.T.);
#4037 = VERTEX_POINT('',#4038);
#4038 = CARTESIAN_POINT('',(209.5,-82.23,1.6));
#4039 = CIRCLE('',#4040,0.5);
#4040 = AXIS2_PLACEMENT_3D('',#4041,#4042,#4043);
#4041 = CARTESIAN_POINT('',(209.5,-81.73,1.6));
#4042 = DIRECTION('',(-0.,0.,-1.));
#4043 = DIRECTION('',(-0.,-1.,0.));
#4044 = FACE_BOUND('',#4045,.T.);
#4045 = EDGE_LOOP('',(#4046));
#4046 = ORIENTED_EDGE('',*,*,#4047,.T.);
#4047 = EDGE_CURVE('',#4048,#4048,#4050,.T.);
#4048 = VERTEX_POINT('',#4049);
#4049 = CARTESIAN_POINT('',(207.23,-73.95,1.6));
#4050 = CIRCLE('',#4051,0.45);
#4051 = AXIS2_PLACEMENT_3D('',#4052,#4053,#4054);
#4052 = CARTESIAN_POINT('',(207.23,-73.5,1.6));
#4053 = DIRECTION('',(-0.,0.,-1.));
#4054 = DIRECTION('',(-6.315935428979E-14,-1.,0.));
#4055 = FACE_BOUND('',#4056,.T.);
#4056 = EDGE_LOOP('',(#4057));
#4057 = ORIENTED_EDGE('',*,*,#4058,.T.);
#4058 = EDGE_CURVE('',#4059,#4059,#4061,.T.);
#4059 = VERTEX_POINT('',#4060);
#4060 = CARTESIAN_POINT('',(209.77,-73.95,1.6));
#4061 = CIRCLE('',#4062,0.45);
#4062 = AXIS2_PLACEMENT_3D('',#4063,#4064,#4065);
#4063 = CARTESIAN_POINT('',(209.77,-73.5,1.6));
#4064 = DIRECTION('',(-0.,0.,-1.));
#4065 = DIRECTION('',(6.315935428978E-14,-1.,-0.));
#4066 = PLANE('',#4067);
#4067 = AXIS2_PLACEMENT_3D('',#4068,#4069,#4070);
#4068 = CARTESIAN_POINT('',(0.,0.,1.6));
#4069 = DIRECTION('',(0.,0.,1.));
#4070 = DIRECTION('',(1.,0.,-0.));
#4071 = ADVANCED_FACE('',(#4072),#4078,.T.);
#4072 = FACE_BOUND('',#4073,.T.);
#4073 = EDGE_LOOP('',(#4074,#4075,#4076,#4077));
#4074 = ORIENTED_EDGE('',*,*,#3887,.T.);
#4075 = ORIENTED_EDGE('',*,*,#3994,.T.);
#4076 = ORIENTED_EDGE('',*,*,#3847,.F.);
#4077 = ORIENTED_EDGE('',*,*,#3911,.F.);
#4078 = PLANE('',#4079);
#4079 = AXIS2_PLACEMENT_3D('',#4080,#4081,#4082);
#4080 = CARTESIAN_POINT('',(200.,-66.,0.));
#4081 = DIRECTION('',(0.,1.,0.));
#4082 = DIRECTION('',(1.,0.,0.));
#4083 = ADVANCED_FACE('',(#4084),#4095,.F.);
#4084 = FACE_BOUND('',#4085,.T.);
#4085 = EDGE_LOOP('',(#4086,#4092,#4093,#4094));
#4086 = ORIENTED_EDGE('',*,*,#4087,.T.);
#4087 = EDGE_CURVE('',#3921,#4004,#4088,.T.);
#4088 = LINE('',#4089,#4090);
#4089 = CARTESIAN_POINT('',(204.5,-97.,0.));
#4090 = VECTOR('',#4091,1.);
#4091 = DIRECTION('',(0.,0.,1.));
#4092 = ORIENTED_EDGE('',*,*,#4003,.T.);
#4093 = ORIENTED_EDGE('',*,*,#4087,.F.);
#4094 = ORIENTED_EDGE('',*,*,#3920,.F.);
#4095 = CYLINDRICAL_SURFACE('',#4096,1.5);
#4096 = AXIS2_PLACEMENT_3D('',#4097,#4098,#4099);
#4097 = CARTESIAN_POINT('',(203.,-97.,0.));
#4098 = DIRECTION('',(-0.,-0.,-1.));
#4099 = DIRECTION('',(1.,0.,-0.));
#4100 = ADVANCED_FACE('',(#4101),#4112,.F.);
#4101 = FACE_BOUND('',#4102,.T.);
#4102 = EDGE_LOOP('',(#4103,#4104,#4110,#4111));
#4103 = ORIENTED_EDGE('',*,*,#3931,.T.);
#4104 = ORIENTED_EDGE('',*,*,#4105,.T.);
#4105 = EDGE_CURVE('',#3932,#4015,#4106,.T.);
#4106 = LINE('',#4107,#4108);
#4107 = CARTESIAN_POINT('',(209.5,-84.73,-4.5E-02));
#4108 = VECTOR('',#4109,1.);
#4109 = DIRECTION('',(0.,0.,1.));
#4110 = ORIENTED_EDGE('',*,*,#4014,.F.);
#4111 = ORIENTED_EDGE('',*,*,#4105,.F.);
#4112 = CYLINDRICAL_SURFACE('',#4113,0.5);
#4113 = AXIS2_PLACEMENT_3D('',#4114,#4115,#4116);
#4114 = CARTESIAN_POINT('',(209.5,-84.23,-4.5E-02));
#4115 = DIRECTION('',(-0.,-0.,-1.));
#4116 = DIRECTION('',(-0.,-1.,0.));
#4117 = ADVANCED_FACE('',(#4118),#4129,.F.);
#4118 = FACE_BOUND('',#4119,.T.);
#4119 = EDGE_LOOP('',(#4120,#4126,#4127,#4128));
#4120 = ORIENTED_EDGE('',*,*,#4121,.T.);
#4121 = EDGE_CURVE('',#3943,#4026,#4122,.T.);
#4122 = LINE('',#4123,#4124);
#4123 = CARTESIAN_POINT('',(204.5,-69.,0.));
#4124 = VECTOR('',#4125,1.);
#4125 = DIRECTION('',(0.,0.,1.));
#4126 = ORIENTED_EDGE('',*,*,#4025,.T.);
#4127 = ORIENTED_EDGE('',*,*,#4121,.F.);
#4128 = ORIENTED_EDGE('',*,*,#3942,.F.);
#4129 = CYLINDRICAL_SURFACE('',#4130,1.5);
#4130 = AXIS2_PLACEMENT_3D('',#4131,#4132,#4133);
#4131 = CARTESIAN_POINT('',(203.,-69.,0.));
#4132 = DIRECTION('',(-0.,-0.,-1.));
#4133 = DIRECTION('',(1.,0.,-0.));
#4134 = ADVANCED_FACE('',(#4135),#4146,.F.);
#4135 = FACE_BOUND('',#4136,.T.);
#4136 = EDGE_LOOP('',(#4137,#4138,#4144,#4145));
#4137 = ORIENTED_EDGE('',*,*,#3953,.T.);
#4138 = ORIENTED_EDGE('',*,*,#4139,.T.);
#4139 = EDGE_CURVE('',#3954,#4037,#4140,.T.);
#4140 = LINE('',#4141,#4142);
#4141 = CARTESIAN_POINT('',(209.5,-82.23,-4.5E-02));
#4142 = VECTOR('',#4143,1.);
#4143 = DIRECTION('',(0.,0.,1.));
#4144 = ORIENTED_EDGE('',*,*,#4036,.F.);
#4145 = ORIENTED_EDGE('',*,*,#4139,.F.);
#4146 = CYLINDRICAL_SURFACE('',#4147,0.5);
#4147 = AXIS2_PLACEMENT_3D('',#4148,#4149,#4150);
#4148 = CARTESIAN_POINT('',(209.5,-81.73,-4.5E-02));
#4149 = DIRECTION('',(-0.,-0.,-1.));
#4150 = DIRECTION('',(-0.,-1.,0.));
#4151 = ADVANCED_FACE('',(#4152),#4163,.F.);
#4152 = FACE_BOUND('',#4153,.T.);
#4153 = EDGE_LOOP('',(#4154,#4155,#4161,#4162));
#4154 = ORIENTED_EDGE('',*,*,#3964,.T.);
#4155 = ORIENTED_EDGE('',*,*,#4156,.T.);
#4156 = EDGE_CURVE('',#3965,#4048,#4157,.T.);
#4157 = LINE('',#4158,#4159);
#4158 = CARTESIAN_POINT('',(207.23,-73.95,-4.5E-02));
#4159 = VECTOR('',#4160,1.);
#4160 = DIRECTION('',(0.,0.,1.));
#4161 = ORIENTED_EDGE('',*,*,#4047,.F.);
#4162 = ORIENTED_EDGE('',*,*,#4156,.F.);
#4163 = CYLINDRICAL_SURFACE('',#4164,0.45);
#4164 = AXIS2_PLACEMENT_3D('',#4165,#4166,#4167);
#4165 = CARTESIAN_POINT('',(207.23,-73.5,-4.5E-02));
#4166 = DIRECTION('',(-0.,-0.,-1.));
#4167 = DIRECTION('',(-6.315935428979E-14,-1.,0.));
#4168 = ADVANCED_FACE('',(#4169),#4180,.F.);
#4169 = FACE_BOUND('',#4170,.T.);
#4170 = EDGE_LOOP('',(#4171,#4172,#4178,#4179));
#4171 = ORIENTED_EDGE('',*,*,#3975,.T.);
#4172 = ORIENTED_EDGE('',*,*,#4173,.T.);
#4173 = EDGE_CURVE('',#3976,#4059,#4174,.T.);
#4174 = LINE('',#4175,#4176);
#4175 = CARTESIAN_POINT('',(209.77,-73.95,-4.5E-02));
#4176 = VECTOR('',#4177,1.);
#4177 = DIRECTION('',(0.,0.,1.));
#4178 = ORIENTED_EDGE('',*,*,#4058,.F.);
#4179 = ORIENTED_EDGE('',*,*,#4173,.F.);
#4180 = CYLINDRICAL_SURFACE('',#4181,0.45);
#4181 = AXIS2_PLACEMENT_3D('',#4182,#4183,#4184);
#4182 = CARTESIAN_POINT('',(209.77,-73.5,-4.5E-02));
#4183 = DIRECTION('',(-0.,0.,-1.));
#4184 = DIRECTION('',(6.315935428978E-14,-1.,-0.));
#4185 = ( GEOMETRIC_REPRESENTATION_CONTEXT(3) 
GLOBAL_UNCERTAINTY_ASSIGNED_CONTEXT((#4189)) 
GLOBAL_UNIT_ASSIGNED_CONTEXT((#4186,#4187,#4188)) REPRESENTATION_CONTEXT
('Context #1','3D Context with UNIT and UNCERTAINTY') );
#4186 = ( LENGTH_UNIT() NAMED_UNIT(*) SI_UNIT(.MILLI.,.METRE.) );
#4187 = ( NAMED_UNIT(*) PLANE_ANGLE_UNIT() SI_UNIT($,.RADIAN.) );
#4188 = ( NAMED_UNIT(*) SI_UNIT($,.STERADIAN.) SOLID_ANGLE_UNIT() );
#4189 = UNCERTAINTY_MEASURE_WITH_UNIT(LENGTH_MEASURE(1.E-07),#4186,
  'distance_accuracy_value','confusion accuracy');
#4190 = CONTEXT_DEPENDENT_SHAPE_REPRESENTATION(#4191,#4193);
#4191 = ( REPRESENTATION_RELATIONSHIP('','',#3800,#10) 
REPRESENTATION_RELATIONSHIP_WITH_TRANSFORMATION(#4192) 
SHAPE_REPRESENTATION_RELATIONSHIP() );
#4192 = ITEM_DEFINED_TRANSFORMATION('','',#11,#23);
#4193 = PRODUCT_DEFINITION_SHAPE('Placement','Placement of an item',
  #4194);
#4194 = NEXT_ASSEMBLY_USAGE_OCCURRENCE('5','=>[0:1:1:6]','',#5,#3795,$);
#4195 = PRODUCT_RELATED_PRODUCT_CATEGORY('part',$,(#3797));
#4196 = MECHANICAL_DESIGN_GEOMETRIC_PRESENTATION_REPRESENTATION('',(
    #4197),#4185);
#4197 = STYLED_ITEM('color',(#4198),#3801);
#4198 = PRESENTATION_STYLE_ASSIGNMENT((#4199));
#4199 = SURFACE_STYLE_USAGE(.BOTH.,#4200);
#4200 = SURFACE_SIDE_STYLE('',(#4201));
#4201 = SURFACE_STYLE_FILL_AREA(#4202);
#4202 = FILL_AREA_STYLE('',(#4203));
#4203 = FILL_AREA_STYLE_COLOUR('',#4204);
#4204 = COLOUR_RGB('',0.313304153717,0.484529207832,0.410020903123);
#4205 = MECHANICAL_DESIGN_GEOMETRIC_PRESENTATION_REPRESENTATION('',(
    #4206,#4214,#4221,#4228,#4235,#4242,#4249,#4256,#4263,#4270,#4277,
    #4284,#4291,#4298,#4305,#4312,#4319,#4326,#4333,#4340,#4347,#4354,
    #4361,#4368,#4375,#4382,#4389,#4396,#4403,#4410,#4417,#4424,#4431,
    #4438,#4445,#4452,#4459,#4466,#4473,#4480,#4487,#4494,#4501,#4508,
    #4515,#4522,#4529,#4536,#4544,#4551,#4558,#4565,#4572,#4579,#4586,
    #4593,#4600,#4607,#4614,#4621,#4628,#4635,#4642,#4649,#4656,#4663,
    #4670,#4677,#4684,#4691,#4698,#4705,#4712,#4719,#4726,#4733,#4740,
    #4747,#4754,#4761,#4768,#4775,#4782,#4789,#4796,#4803,#4810,#4817,
    #4824,#4831,#4838,#4845,#4852,#4859,#4866,#4873,#4880,#4887,#4894,
    #4901,#4908,#4915,#4922,#4929,#4936),#3315);
#4206 = STYLED_ITEM('color',(#4207),#66);
#4207 = PRESENTATION_STYLE_ASSIGNMENT((#4208));
#4208 = SURFACE_STYLE_USAGE(.BOTH.,#4209);
#4209 = SURFACE_SIDE_STYLE('',(#4210));
#4210 = SURFACE_STYLE_FILL_AREA(#4211);
#4211 = FILL_AREA_STYLE('',(#4212));
#4212 = FILL_AREA_STYLE_COLOUR('',#4213);
#4213 = COLOUR_RGB('',0.894117649055,0.890196087049,0.811764731185);
#4214 = STYLED_ITEM('color',(#4215),#170);
#4215 = PRESENTATION_STYLE_ASSIGNMENT((#4216));
#4216 = SURFACE_STYLE_USAGE(.BOTH.,#4217);
#4217 = SURFACE_SIDE_STYLE('',(#4218));
#4218 = SURFACE_STYLE_FILL_AREA(#4219);
#4219 = FILL_AREA_STYLE('',(#4220));
#4220 = FILL_AREA_STYLE_COLOUR('',#4213);
#4221 = STYLED_ITEM('color',(#4222),#217);
#4222 = PRESENTATION_STYLE_ASSIGNMENT((#4223));
#4223 = SURFACE_STYLE_USAGE(.BOTH.,#4224);
#4224 = SURFACE_SIDE_STYLE('',(#4225));
#4225 = SURFACE_STYLE_FILL_AREA(#4226);
#4226 = FILL_AREA_STYLE('',(#4227));
#4227 = FILL_AREA_STYLE_COLOUR('',#4213);
#4228 = STYLED_ITEM('color',(#4229),#257);
#4229 = PRESENTATION_STYLE_ASSIGNMENT((#4230));
#4230 = SURFACE_STYLE_USAGE(.BOTH.,#4231);
#4231 = SURFACE_SIDE_STYLE('',(#4232));
#4232 = SURFACE_STYLE_FILL_AREA(#4233);
#4233 = FILL_AREA_STYLE('',(#4234));
#4234 = FILL_AREA_STYLE_COLOUR('',#4213);
#4235 = STYLED_ITEM('color',(#4236),#281);
#4236 = PRESENTATION_STYLE_ASSIGNMENT((#4237));
#4237 = SURFACE_STYLE_USAGE(.BOTH.,#4238);
#4238 = SURFACE_SIDE_STYLE('',(#4239));
#4239 = SURFACE_STYLE_FILL_AREA(#4240);
#4240 = FILL_AREA_STYLE('',(#4241));
#4241 = FILL_AREA_STYLE_COLOUR('',#4213);
#4242 = STYLED_ITEM('color',(#4243),#321);
#4243 = PRESENTATION_STYLE_ASSIGNMENT((#4244));
#4244 = SURFACE_STYLE_USAGE(.BOTH.,#4245);
#4245 = SURFACE_SIDE_STYLE('',(#4246));
#4246 = SURFACE_STYLE_FILL_AREA(#4247);
#4247 = FILL_AREA_STYLE('',(#4248));
#4248 = FILL_AREA_STYLE_COLOUR('',#4213);
#4249 = STYLED_ITEM('color',(#4250),#345);
#4250 = PRESENTATION_STYLE_ASSIGNMENT((#4251));
#4251 = SURFACE_STYLE_USAGE(.BOTH.,#4252);
#4252 = SURFACE_SIDE_STYLE('',(#4253));
#4253 = SURFACE_STYLE_FILL_AREA(#4254);
#4254 = FILL_AREA_STYLE('',(#4255));
#4255 = FILL_AREA_STYLE_COLOUR('',#4213);
#4256 = STYLED_ITEM('color',(#4257),#385);
#4257 = PRESENTATION_STYLE_ASSIGNMENT((#4258));
#4258 = SURFACE_STYLE_USAGE(.BOTH.,#4259);
#4259 = SURFACE_SIDE_STYLE('',(#4260));
#4260 = SURFACE_STYLE_FILL_AREA(#4261);
#4261 = FILL_AREA_STYLE('',(#4262));
#4262 = FILL_AREA_STYLE_COLOUR('',#4213);
#4263 = STYLED_ITEM('color',(#4264),#409);
#4264 = PRESENTATION_STYLE_ASSIGNMENT((#4265));
#4265 = SURFACE_STYLE_USAGE(.BOTH.,#4266);
#4266 = SURFACE_SIDE_STYLE('',(#4267));
#4267 = SURFACE_STYLE_FILL_AREA(#4268);
#4268 = FILL_AREA_STYLE('',(#4269));
#4269 = FILL_AREA_STYLE_COLOUR('',#4213);
#4270 = STYLED_ITEM('color',(#4271),#449);
#4271 = PRESENTATION_STYLE_ASSIGNMENT((#4272));
#4272 = SURFACE_STYLE_USAGE(.BOTH.,#4273);
#4273 = SURFACE_SIDE_STYLE('',(#4274));
#4274 = SURFACE_STYLE_FILL_AREA(#4275);
#4275 = FILL_AREA_STYLE('',(#4276));
#4276 = FILL_AREA_STYLE_COLOUR('',#4213);
#4277 = STYLED_ITEM('color',(#4278),#489);
#4278 = PRESENTATION_STYLE_ASSIGNMENT((#4279));
#4279 = SURFACE_STYLE_USAGE(.BOTH.,#4280);
#4280 = SURFACE_SIDE_STYLE('',(#4281));
#4281 = SURFACE_STYLE_FILL_AREA(#4282);
#4282 = FILL_AREA_STYLE('',(#4283));
#4283 = FILL_AREA_STYLE_COLOUR('',#4213);
#4284 = STYLED_ITEM('color',(#4285),#529);
#4285 = PRESENTATION_STYLE_ASSIGNMENT((#4286));
#4286 = SURFACE_STYLE_USAGE(.BOTH.,#4287);
#4287 = SURFACE_SIDE_STYLE('',(#4288));
#4288 = SURFACE_STYLE_FILL_AREA(#4289);
#4289 = FILL_AREA_STYLE('',(#4290));
#4290 = FILL_AREA_STYLE_COLOUR('',#4213);
#4291 = STYLED_ITEM('color',(#4292),#617);
#4292 = PRESENTATION_STYLE_ASSIGNMENT((#4293));
#4293 = SURFACE_STYLE_USAGE(.BOTH.,#4294);
#4294 = SURFACE_SIDE_STYLE('',(#4295));
#4295 = SURFACE_STYLE_FILL_AREA(#4296);
#4296 = FILL_AREA_STYLE('',(#4297));
#4297 = FILL_AREA_STYLE_COLOUR('',#4213);
#4298 = STYLED_ITEM('color',(#4299),#650);
#4299 = PRESENTATION_STYLE_ASSIGNMENT((#4300));
#4300 = SURFACE_STYLE_USAGE(.BOTH.,#4301);
#4301 = SURFACE_SIDE_STYLE('',(#4302));
#4302 = SURFACE_STYLE_FILL_AREA(#4303);
#4303 = FILL_AREA_STYLE('',(#4304));
#4304 = FILL_AREA_STYLE_COLOUR('',#4213);
#4305 = STYLED_ITEM('color',(#4306),#674);
#4306 = PRESENTATION_STYLE_ASSIGNMENT((#4307));
#4307 = SURFACE_STYLE_USAGE(.BOTH.,#4308);
#4308 = SURFACE_SIDE_STYLE('',(#4309));
#4309 = SURFACE_STYLE_FILL_AREA(#4310);
#4310 = FILL_AREA_STYLE('',(#4311));
#4311 = FILL_AREA_STYLE_COLOUR('',#4213);
#4312 = STYLED_ITEM('color',(#4313),#746);
#4313 = PRESENTATION_STYLE_ASSIGNMENT((#4314));
#4314 = SURFACE_STYLE_USAGE(.BOTH.,#4315);
#4315 = SURFACE_SIDE_STYLE('',(#4316));
#4316 = SURFACE_STYLE_FILL_AREA(#4317);
#4317 = FILL_AREA_STYLE('',(#4318));
#4318 = FILL_AREA_STYLE_COLOUR('',#4213);
#4319 = STYLED_ITEM('color',(#4320),#886);
#4320 = PRESENTATION_STYLE_ASSIGNMENT((#4321));
#4321 = SURFACE_STYLE_USAGE(.BOTH.,#4322);
#4322 = SURFACE_SIDE_STYLE('',(#4323));
#4323 = SURFACE_STYLE_FILL_AREA(#4324);
#4324 = FILL_AREA_STYLE('',(#4325));
#4325 = FILL_AREA_STYLE_COLOUR('',#4213);
#4326 = STYLED_ITEM('color',(#4327),#903);
#4327 = PRESENTATION_STYLE_ASSIGNMENT((#4328));
#4328 = SURFACE_STYLE_USAGE(.BOTH.,#4329);
#4329 = SURFACE_SIDE_STYLE('',(#4330));
#4330 = SURFACE_STYLE_FILL_AREA(#4331);
#4331 = FILL_AREA_STYLE('',(#4332));
#4332 = FILL_AREA_STYLE_COLOUR('',#4213);
#4333 = STYLED_ITEM('color',(#4334),#949);
#4334 = PRESENTATION_STYLE_ASSIGNMENT((#4335));
#4335 = SURFACE_STYLE_USAGE(.BOTH.,#4336);
#4336 = SURFACE_SIDE_STYLE('',(#4337));
#4337 = SURFACE_STYLE_FILL_AREA(#4338);
#4338 = FILL_AREA_STYLE('',(#4339));
#4339 = FILL_AREA_STYLE_COLOUR('',#4213);
#4340 = STYLED_ITEM('color',(#4341),#966);
#4341 = PRESENTATION_STYLE_ASSIGNMENT((#4342));
#4342 = SURFACE_STYLE_USAGE(.BOTH.,#4343);
#4343 = SURFACE_SIDE_STYLE('',(#4344));
#4344 = SURFACE_STYLE_FILL_AREA(#4345);
#4345 = FILL_AREA_STYLE('',(#4346));
#4346 = FILL_AREA_STYLE_COLOUR('',#4213);
#4347 = STYLED_ITEM('color',(#4348),#1012);
#4348 = PRESENTATION_STYLE_ASSIGNMENT((#4349));
#4349 = SURFACE_STYLE_USAGE(.BOTH.,#4350);
#4350 = SURFACE_SIDE_STYLE('',(#4351));
#4351 = SURFACE_STYLE_FILL_AREA(#4352);
#4352 = FILL_AREA_STYLE('',(#4353));
#4353 = FILL_AREA_STYLE_COLOUR('',#4213);
#4354 = STYLED_ITEM('color',(#4355),#1036);
#4355 = PRESENTATION_STYLE_ASSIGNMENT((#4356));
#4356 = SURFACE_STYLE_USAGE(.BOTH.,#4357);
#4357 = SURFACE_SIDE_STYLE('',(#4358));
#4358 = SURFACE_STYLE_FILL_AREA(#4359);
#4359 = FILL_AREA_STYLE('',(#4360));
#4360 = FILL_AREA_STYLE_COLOUR('',#4213);
#4361 = STYLED_ITEM('color',(#4362),#1101);
#4362 = PRESENTATION_STYLE_ASSIGNMENT((#4363));
#4363 = SURFACE_STYLE_USAGE(.BOTH.,#4364);
#4364 = SURFACE_SIDE_STYLE('',(#4365));
#4365 = SURFACE_STYLE_FILL_AREA(#4366);
#4366 = FILL_AREA_STYLE('',(#4367));
#4367 = FILL_AREA_STYLE_COLOUR('',#4213);
#4368 = STYLED_ITEM('color',(#4369),#1118);
#4369 = PRESENTATION_STYLE_ASSIGNMENT((#4370));
#4370 = SURFACE_STYLE_USAGE(.BOTH.,#4371);
#4371 = SURFACE_SIDE_STYLE('',(#4372));
#4372 = SURFACE_STYLE_FILL_AREA(#4373);
#4373 = FILL_AREA_STYLE('',(#4374));
#4374 = FILL_AREA_STYLE_COLOUR('',#4213);
#4375 = STYLED_ITEM('color',(#4376),#1130);
#4376 = PRESENTATION_STYLE_ASSIGNMENT((#4377));
#4377 = SURFACE_STYLE_USAGE(.BOTH.,#4378);
#4378 = SURFACE_SIDE_STYLE('',(#4379));
#4379 = SURFACE_STYLE_FILL_AREA(#4380);
#4380 = FILL_AREA_STYLE('',(#4381));
#4381 = FILL_AREA_STYLE_COLOUR('',#4213);
#4382 = STYLED_ITEM('color',(#4383),#1161);
#4383 = PRESENTATION_STYLE_ASSIGNMENT((#4384));
#4384 = SURFACE_STYLE_USAGE(.BOTH.,#4385);
#4385 = SURFACE_SIDE_STYLE('',(#4386));
#4386 = SURFACE_STYLE_FILL_AREA(#4387);
#4387 = FILL_AREA_STYLE('',(#4388));
#4388 = FILL_AREA_STYLE_COLOUR('',#4213);
#4389 = STYLED_ITEM('color',(#4390),#1186);
#4390 = PRESENTATION_STYLE_ASSIGNMENT((#4391));
#4391 = SURFACE_STYLE_USAGE(.BOTH.,#4392);
#4392 = SURFACE_SIDE_STYLE('',(#4393));
#4393 = SURFACE_STYLE_FILL_AREA(#4394);
#4394 = FILL_AREA_STYLE('',(#4395));
#4395 = FILL_AREA_STYLE_COLOUR('',#4213);
#4396 = STYLED_ITEM('color',(#4397),#1203);
#4397 = PRESENTATION_STYLE_ASSIGNMENT((#4398));
#4398 = SURFACE_STYLE_USAGE(.BOTH.,#4399);
#4399 = SURFACE_SIDE_STYLE('',(#4400));
#4400 = SURFACE_STYLE_FILL_AREA(#4401);
#4401 = FILL_AREA_STYLE('',(#4402));
#4402 = FILL_AREA_STYLE_COLOUR('',#4213);
#4403 = STYLED_ITEM('color',(#4404),#1235);
#4404 = PRESENTATION_STYLE_ASSIGNMENT((#4405));
#4405 = SURFACE_STYLE_USAGE(.BOTH.,#4406);
#4406 = SURFACE_SIDE_STYLE('',(#4407));
#4407 = SURFACE_STYLE_FILL_AREA(#4408);
#4408 = FILL_AREA_STYLE('',(#4409));
#4409 = FILL_AREA_STYLE_COLOUR('',#4213);
#4410 = STYLED_ITEM('color',(#4411),#1259);
#4411 = PRESENTATION_STYLE_ASSIGNMENT((#4412));
#4412 = SURFACE_STYLE_USAGE(.BOTH.,#4413);
#4413 = SURFACE_SIDE_STYLE('',(#4414));
#4414 = SURFACE_STYLE_FILL_AREA(#4415);
#4415 = FILL_AREA_STYLE('',(#4416));
#4416 = FILL_AREA_STYLE_COLOUR('',#4213);
#4417 = STYLED_ITEM('color',(#4418),#1276);
#4418 = PRESENTATION_STYLE_ASSIGNMENT((#4419));
#4419 = SURFACE_STYLE_USAGE(.BOTH.,#4420);
#4420 = SURFACE_SIDE_STYLE('',(#4421));
#4421 = SURFACE_STYLE_FILL_AREA(#4422);
#4422 = FILL_AREA_STYLE('',(#4423));
#4423 = FILL_AREA_STYLE_COLOUR('',#4213);
#4424 = STYLED_ITEM('color',(#4425),#1288);
#4425 = PRESENTATION_STYLE_ASSIGNMENT((#4426));
#4426 = SURFACE_STYLE_USAGE(.BOTH.,#4427);
#4427 = SURFACE_SIDE_STYLE('',(#4428));
#4428 = SURFACE_STYLE_FILL_AREA(#4429);
#4429 = FILL_AREA_STYLE('',(#4430));
#4430 = FILL_AREA_STYLE_COLOUR('',#4213);
#4431 = STYLED_ITEM('color',(#4432),#1312);
#4432 = PRESENTATION_STYLE_ASSIGNMENT((#4433));
#4433 = SURFACE_STYLE_USAGE(.BOTH.,#4434);
#4434 = SURFACE_SIDE_STYLE('',(#4435));
#4435 = SURFACE_STYLE_FILL_AREA(#4436);
#4436 = FILL_AREA_STYLE('',(#4437));
#4437 = FILL_AREA_STYLE_COLOUR('',#4213);
#4438 = STYLED_ITEM('color',(#4439),#1337);
#4439 = PRESENTATION_STYLE_ASSIGNMENT((#4440));
#4440 = SURFACE_STYLE_USAGE(.BOTH.,#4441);
#4441 = SURFACE_SIDE_STYLE('',(#4442));
#4442 = SURFACE_STYLE_FILL_AREA(#4443);
#4443 = FILL_AREA_STYLE('',(#4444));
#4444 = FILL_AREA_STYLE_COLOUR('',#4213);
#4445 = STYLED_ITEM('color',(#4446),#1482);
#4446 = PRESENTATION_STYLE_ASSIGNMENT((#4447));
#4447 = SURFACE_STYLE_USAGE(.BOTH.,#4448);
#4448 = SURFACE_SIDE_STYLE('',(#4449));
#4449 = SURFACE_STYLE_FILL_AREA(#4450);
#4450 = FILL_AREA_STYLE('',(#4451));
#4451 = FILL_AREA_STYLE_COLOUR('',#4213);
#4452 = STYLED_ITEM('color',(#4453),#1499);
#4453 = PRESENTATION_STYLE_ASSIGNMENT((#4454));
#4454 = SURFACE_STYLE_USAGE(.BOTH.,#4455);
#4455 = SURFACE_SIDE_STYLE('',(#4456));
#4456 = SURFACE_STYLE_FILL_AREA(#4457);
#4457 = FILL_AREA_STYLE('',(#4458));
#4458 = FILL_AREA_STYLE_COLOUR('',#4213);
#4459 = STYLED_ITEM('color',(#4460),#1516);
#4460 = PRESENTATION_STYLE_ASSIGNMENT((#4461));
#4461 = SURFACE_STYLE_USAGE(.BOTH.,#4462);
#4462 = SURFACE_SIDE_STYLE('',(#4463));
#4463 = SURFACE_STYLE_FILL_AREA(#4464);
#4464 = FILL_AREA_STYLE('',(#4465));
#4465 = FILL_AREA_STYLE_COLOUR('',#4213);
#4466 = STYLED_ITEM('color',(#4467),#1533);
#4467 = PRESENTATION_STYLE_ASSIGNMENT((#4468));
#4468 = SURFACE_STYLE_USAGE(.BOTH.,#4469);
#4469 = SURFACE_SIDE_STYLE('',(#4470));
#4470 = SURFACE_STYLE_FILL_AREA(#4471);
#4471 = FILL_AREA_STYLE('',(#4472));
#4472 = FILL_AREA_STYLE_COLOUR('',#4213);
#4473 = STYLED_ITEM('color',(#4474),#1550);
#4474 = PRESENTATION_STYLE_ASSIGNMENT((#4475));
#4475 = SURFACE_STYLE_USAGE(.BOTH.,#4476);
#4476 = SURFACE_SIDE_STYLE('',(#4477));
#4477 = SURFACE_STYLE_FILL_AREA(#4478);
#4478 = FILL_AREA_STYLE('',(#4479));
#4479 = FILL_AREA_STYLE_COLOUR('',#4213);
#4480 = STYLED_ITEM('color',(#4481),#1567);
#4481 = PRESENTATION_STYLE_ASSIGNMENT((#4482));
#4482 = SURFACE_STYLE_USAGE(.BOTH.,#4483);
#4483 = SURFACE_SIDE_STYLE('',(#4484));
#4484 = SURFACE_STYLE_FILL_AREA(#4485);
#4485 = FILL_AREA_STYLE('',(#4486));
#4486 = FILL_AREA_STYLE_COLOUR('',#4213);
#4487 = STYLED_ITEM('color',(#4488),#1584);
#4488 = PRESENTATION_STYLE_ASSIGNMENT((#4489));
#4489 = SURFACE_STYLE_USAGE(.BOTH.,#4490);
#4490 = SURFACE_SIDE_STYLE('',(#4491));
#4491 = SURFACE_STYLE_FILL_AREA(#4492);
#4492 = FILL_AREA_STYLE('',(#4493));
#4493 = FILL_AREA_STYLE_COLOUR('',#4213);
#4494 = STYLED_ITEM('color',(#4495),#1601);
#4495 = PRESENTATION_STYLE_ASSIGNMENT((#4496));
#4496 = SURFACE_STYLE_USAGE(.BOTH.,#4497);
#4497 = SURFACE_SIDE_STYLE('',(#4498));
#4498 = SURFACE_STYLE_FILL_AREA(#4499);
#4499 = FILL_AREA_STYLE('',(#4500));
#4500 = FILL_AREA_STYLE_COLOUR('',#4213);
#4501 = STYLED_ITEM('color',(#4502),#1618);
#4502 = PRESENTATION_STYLE_ASSIGNMENT((#4503));
#4503 = SURFACE_STYLE_USAGE(.BOTH.,#4504);
#4504 = SURFACE_SIDE_STYLE('',(#4505));
#4505 = SURFACE_STYLE_FILL_AREA(#4506);
#4506 = FILL_AREA_STYLE('',(#4507));
#4507 = FILL_AREA_STYLE_COLOUR('',#4213);
#4508 = STYLED_ITEM('color',(#4509),#1635);
#4509 = PRESENTATION_STYLE_ASSIGNMENT((#4510));
#4510 = SURFACE_STYLE_USAGE(.BOTH.,#4511);
#4511 = SURFACE_SIDE_STYLE('',(#4512));
#4512 = SURFACE_STYLE_FILL_AREA(#4513);
#4513 = FILL_AREA_STYLE('',(#4514));
#4514 = FILL_AREA_STYLE_COLOUR('',#4213);
#4515 = STYLED_ITEM('color',(#4516),#1652);
#4516 = PRESENTATION_STYLE_ASSIGNMENT((#4517));
#4517 = SURFACE_STYLE_USAGE(.BOTH.,#4518);
#4518 = SURFACE_SIDE_STYLE('',(#4519));
#4519 = SURFACE_STYLE_FILL_AREA(#4520);
#4520 = FILL_AREA_STYLE('',(#4521));
#4521 = FILL_AREA_STYLE_COLOUR('',#4213);
#4522 = STYLED_ITEM('color',(#4523),#1669);
#4523 = PRESENTATION_STYLE_ASSIGNMENT((#4524));
#4524 = SURFACE_STYLE_USAGE(.BOTH.,#4525);
#4525 = SURFACE_SIDE_STYLE('',(#4526));
#4526 = SURFACE_STYLE_FILL_AREA(#4527);
#4527 = FILL_AREA_STYLE('',(#4528));
#4528 = FILL_AREA_STYLE_COLOUR('',#4213);
#4529 = STYLED_ITEM('color',(#4530),#1686);
#4530 = PRESENTATION_STYLE_ASSIGNMENT((#4531));
#4531 = SURFACE_STYLE_USAGE(.BOTH.,#4532);
#4532 = SURFACE_SIDE_STYLE('',(#4533));
#4533 = SURFACE_STYLE_FILL_AREA(#4534);
#4534 = FILL_AREA_STYLE('',(#4535));
#4535 = FILL_AREA_STYLE_COLOUR('',#4213);
#4536 = STYLED_ITEM('color',(#4537),#1698);
#4537 = PRESENTATION_STYLE_ASSIGNMENT((#4538));
#4538 = SURFACE_STYLE_USAGE(.BOTH.,#4539);
#4539 = SURFACE_SIDE_STYLE('',(#4540));
#4540 = SURFACE_STYLE_FILL_AREA(#4541);
#4541 = FILL_AREA_STYLE('',(#4542));
#4542 = FILL_AREA_STYLE_COLOUR('',#4543);
#4543 = COLOUR_RGB('',0.823529417451,0.819607860991,0.780392170416);
#4544 = STYLED_ITEM('color',(#4545),#1729);
#4545 = PRESENTATION_STYLE_ASSIGNMENT((#4546));
#4546 = SURFACE_STYLE_USAGE(.BOTH.,#4547);
#4547 = SURFACE_SIDE_STYLE('',(#4548));
#4548 = SURFACE_STYLE_FILL_AREA(#4549);
#4549 = FILL_AREA_STYLE('',(#4550));
#4550 = FILL_AREA_STYLE_COLOUR('',#4543);
#4551 = STYLED_ITEM('color',(#4552),#1819);
#4552 = PRESENTATION_STYLE_ASSIGNMENT((#4553));
#4553 = SURFACE_STYLE_USAGE(.BOTH.,#4554);
#4554 = SURFACE_SIDE_STYLE('',(#4555));
#4555 = SURFACE_STYLE_FILL_AREA(#4556);
#4556 = FILL_AREA_STYLE('',(#4557));
#4557 = FILL_AREA_STYLE_COLOUR('',#4543);
#4558 = STYLED_ITEM('color',(#4559),#1843);
#4559 = PRESENTATION_STYLE_ASSIGNMENT((#4560));
#4560 = SURFACE_STYLE_USAGE(.BOTH.,#4561);
#4561 = SURFACE_SIDE_STYLE('',(#4562));
#4562 = SURFACE_STYLE_FILL_AREA(#4563);
#4563 = FILL_AREA_STYLE('',(#4564));
#4564 = FILL_AREA_STYLE_COLOUR('',#4543);
#4565 = STYLED_ITEM('color',(#4566),#1926);
#4566 = PRESENTATION_STYLE_ASSIGNMENT((#4567));
#4567 = SURFACE_STYLE_USAGE(.BOTH.,#4568);
#4568 = SURFACE_SIDE_STYLE('',(#4569));
#4569 = SURFACE_STYLE_FILL_AREA(#4570);
#4570 = FILL_AREA_STYLE('',(#4571));
#4571 = FILL_AREA_STYLE_COLOUR('',#4543);
#4572 = STYLED_ITEM('color',(#4573),#2023);
#4573 = PRESENTATION_STYLE_ASSIGNMENT((#4574));
#4574 = SURFACE_STYLE_USAGE(.BOTH.,#4575);
#4575 = SURFACE_SIDE_STYLE('',(#4576));
#4576 = SURFACE_STYLE_FILL_AREA(#4577);
#4577 = FILL_AREA_STYLE('',(#4578));
#4578 = FILL_AREA_STYLE_COLOUR('',#4543);
#4579 = STYLED_ITEM('color',(#4580),#2047);
#4580 = PRESENTATION_STYLE_ASSIGNMENT((#4581));
#4581 = SURFACE_STYLE_USAGE(.BOTH.,#4582);
#4582 = SURFACE_SIDE_STYLE('',(#4583));
#4583 = SURFACE_STYLE_FILL_AREA(#4584);
#4584 = FILL_AREA_STYLE('',(#4585));
#4585 = FILL_AREA_STYLE_COLOUR('',#4543);
#4586 = STYLED_ITEM('color',(#4587),#2137);
#4587 = PRESENTATION_STYLE_ASSIGNMENT((#4588));
#4588 = SURFACE_STYLE_USAGE(.BOTH.,#4589);
#4589 = SURFACE_SIDE_STYLE('',(#4590));
#4590 = SURFACE_STYLE_FILL_AREA(#4591);
#4591 = FILL_AREA_STYLE('',(#4592));
#4592 = FILL_AREA_STYLE_COLOUR('',#4543);
#4593 = STYLED_ITEM('color',(#4594),#2154);
#4594 = PRESENTATION_STYLE_ASSIGNMENT((#4595));
#4595 = SURFACE_STYLE_USAGE(.BOTH.,#4596);
#4596 = SURFACE_SIDE_STYLE('',(#4597));
#4597 = SURFACE_STYLE_FILL_AREA(#4598);
#4598 = FILL_AREA_STYLE('',(#4599));
#4599 = FILL_AREA_STYLE_COLOUR('',#4213);
#4600 = STYLED_ITEM('color',(#4601),#2179);
#4601 = PRESENTATION_STYLE_ASSIGNMENT((#4602));
#4602 = SURFACE_STYLE_USAGE(.BOTH.,#4603);
#4603 = SURFACE_SIDE_STYLE('',(#4604));
#4604 = SURFACE_STYLE_FILL_AREA(#4605);
#4605 = FILL_AREA_STYLE('',(#4606));
#4606 = FILL_AREA_STYLE_COLOUR('',#4213);
#4607 = STYLED_ITEM('color',(#4608),#2196);
#4608 = PRESENTATION_STYLE_ASSIGNMENT((#4609));
#4609 = SURFACE_STYLE_USAGE(.BOTH.,#4610);
#4610 = SURFACE_SIDE_STYLE('',(#4611));
#4611 = SURFACE_STYLE_FILL_AREA(#4612);
#4612 = FILL_AREA_STYLE('',(#4613));
#4613 = FILL_AREA_STYLE_COLOUR('',#4213);
#4614 = STYLED_ITEM('color',(#4615),#2223);
#4615 = PRESENTATION_STYLE_ASSIGNMENT((#4616));
#4616 = SURFACE_STYLE_USAGE(.BOTH.,#4617);
#4617 = SURFACE_SIDE_STYLE('',(#4618));
#4618 = SURFACE_STYLE_FILL_AREA(#4619);
#4619 = FILL_AREA_STYLE('',(#4620));
#4620 = FILL_AREA_STYLE_COLOUR('',#4213);
#4621 = STYLED_ITEM('color',(#4622),#2250);
#4622 = PRESENTATION_STYLE_ASSIGNMENT((#4623));
#4623 = SURFACE_STYLE_USAGE(.BOTH.,#4624);
#4624 = SURFACE_SIDE_STYLE('',(#4625));
#4625 = SURFACE_STYLE_FILL_AREA(#4626);
#4626 = FILL_AREA_STYLE('',(#4627));
#4627 = FILL_AREA_STYLE_COLOUR('',#4213);
#4628 = STYLED_ITEM('color',(#4629),#2267);
#4629 = PRESENTATION_STYLE_ASSIGNMENT((#4630));
#4630 = SURFACE_STYLE_USAGE(.BOTH.,#4631);
#4631 = SURFACE_SIDE_STYLE('',(#4632));
#4632 = SURFACE_STYLE_FILL_AREA(#4633);
#4633 = FILL_AREA_STYLE('',(#4634));
#4634 = FILL_AREA_STYLE_COLOUR('',#4213);
#4635 = STYLED_ITEM('color',(#4636),#2347);
#4636 = PRESENTATION_STYLE_ASSIGNMENT((#4637));
#4637 = SURFACE_STYLE_USAGE(.BOTH.,#4638);
#4638 = SURFACE_SIDE_STYLE('',(#4639));
#4639 = SURFACE_STYLE_FILL_AREA(#4640);
#4640 = FILL_AREA_STYLE('',(#4641));
#4641 = FILL_AREA_STYLE_COLOUR('',#4543);
#4642 = STYLED_ITEM('color',(#4643),#2364);
#4643 = PRESENTATION_STYLE_ASSIGNMENT((#4644));
#4644 = SURFACE_STYLE_USAGE(.BOTH.,#4645);
#4645 = SURFACE_SIDE_STYLE('',(#4646));
#4646 = SURFACE_STYLE_FILL_AREA(#4647);
#4647 = FILL_AREA_STYLE('',(#4648));
#4648 = FILL_AREA_STYLE_COLOUR('',#4543);
#4649 = STYLED_ITEM('color',(#4650),#2381);
#4650 = PRESENTATION_STYLE_ASSIGNMENT((#4651));
#4651 = SURFACE_STYLE_USAGE(.BOTH.,#4652);
#4652 = SURFACE_SIDE_STYLE('',(#4653));
#4653 = SURFACE_STYLE_FILL_AREA(#4654);
#4654 = FILL_AREA_STYLE('',(#4655));
#4655 = FILL_AREA_STYLE_COLOUR('',#4543);
#4656 = STYLED_ITEM('color',(#4657),#2398);
#4657 = PRESENTATION_STYLE_ASSIGNMENT((#4658));
#4658 = SURFACE_STYLE_USAGE(.BOTH.,#4659);
#4659 = SURFACE_SIDE_STYLE('',(#4660));
#4660 = SURFACE_STYLE_FILL_AREA(#4661);
#4661 = FILL_AREA_STYLE('',(#4662));
#4662 = FILL_AREA_STYLE_COLOUR('',#4543);
#4663 = STYLED_ITEM('color',(#4664),#2415);
#4664 = PRESENTATION_STYLE_ASSIGNMENT((#4665));
#4665 = SURFACE_STYLE_USAGE(.BOTH.,#4666);
#4666 = SURFACE_SIDE_STYLE('',(#4667));
#4667 = SURFACE_STYLE_FILL_AREA(#4668);
#4668 = FILL_AREA_STYLE('',(#4669));
#4669 = FILL_AREA_STYLE_COLOUR('',#4543);
#4670 = STYLED_ITEM('color',(#4671),#2448);
#4671 = PRESENTATION_STYLE_ASSIGNMENT((#4672));
#4672 = SURFACE_STYLE_USAGE(.BOTH.,#4673);
#4673 = SURFACE_SIDE_STYLE('',(#4674));
#4674 = SURFACE_STYLE_FILL_AREA(#4675);
#4675 = FILL_AREA_STYLE('',(#4676));
#4676 = FILL_AREA_STYLE_COLOUR('',#4543);
#4677 = STYLED_ITEM('color',(#4678),#2488);
#4678 = PRESENTATION_STYLE_ASSIGNMENT((#4679));
#4679 = SURFACE_STYLE_USAGE(.BOTH.,#4680);
#4680 = SURFACE_SIDE_STYLE('',(#4681));
#4681 = SURFACE_STYLE_FILL_AREA(#4682);
#4682 = FILL_AREA_STYLE('',(#4683));
#4683 = FILL_AREA_STYLE_COLOUR('',#4543);
#4684 = STYLED_ITEM('color',(#4685),#2519);
#4685 = PRESENTATION_STYLE_ASSIGNMENT((#4686));
#4686 = SURFACE_STYLE_USAGE(.BOTH.,#4687);
#4687 = SURFACE_SIDE_STYLE('',(#4688));
#4688 = SURFACE_STYLE_FILL_AREA(#4689);
#4689 = FILL_AREA_STYLE('',(#4690));
#4690 = FILL_AREA_STYLE_COLOUR('',#4543);
#4691 = STYLED_ITEM('color',(#4692),#2536);
#4692 = PRESENTATION_STYLE_ASSIGNMENT((#4693));
#4693 = SURFACE_STYLE_USAGE(.BOTH.,#4694);
#4694 = SURFACE_SIDE_STYLE('',(#4695));
#4695 = SURFACE_STYLE_FILL_AREA(#4696);
#4696 = FILL_AREA_STYLE('',(#4697));
#4697 = FILL_AREA_STYLE_COLOUR('',#4543);
#4698 = STYLED_ITEM('color',(#4699),#2548);
#4699 = PRESENTATION_STYLE_ASSIGNMENT((#4700));
#4700 = SURFACE_STYLE_USAGE(.BOTH.,#4701);
#4701 = SURFACE_SIDE_STYLE('',(#4702));
#4702 = SURFACE_STYLE_FILL_AREA(#4703);
#4703 = FILL_AREA_STYLE('',(#4704));
#4704 = FILL_AREA_STYLE_COLOUR('',#4543);
#4705 = STYLED_ITEM('color',(#4706),#2581);
#4706 = PRESENTATION_STYLE_ASSIGNMENT((#4707));
#4707 = SURFACE_STYLE_USAGE(.BOTH.,#4708);
#4708 = SURFACE_SIDE_STYLE('',(#4709));
#4709 = SURFACE_STYLE_FILL_AREA(#4710);
#4710 = FILL_AREA_STYLE('',(#4711));
#4711 = FILL_AREA_STYLE_COLOUR('',#4543);
#4712 = STYLED_ITEM('color',(#4713),#2598);
#4713 = PRESENTATION_STYLE_ASSIGNMENT((#4714));
#4714 = SURFACE_STYLE_USAGE(.BOTH.,#4715);
#4715 = SURFACE_SIDE_STYLE('',(#4716));
#4716 = SURFACE_STYLE_FILL_AREA(#4717);
#4717 = FILL_AREA_STYLE('',(#4718));
#4718 = FILL_AREA_STYLE_COLOUR('',#4543);
#4719 = STYLED_ITEM('color',(#4720),#2615);
#4720 = PRESENTATION_STYLE_ASSIGNMENT((#4721));
#4721 = SURFACE_STYLE_USAGE(.BOTH.,#4722);
#4722 = SURFACE_SIDE_STYLE('',(#4723));
#4723 = SURFACE_STYLE_FILL_AREA(#4724);
#4724 = FILL_AREA_STYLE('',(#4725));
#4725 = FILL_AREA_STYLE_COLOUR('',#4543);
#4726 = STYLED_ITEM('color',(#4727),#2632);
#4727 = PRESENTATION_STYLE_ASSIGNMENT((#4728));
#4728 = SURFACE_STYLE_USAGE(.BOTH.,#4729);
#4729 = SURFACE_SIDE_STYLE('',(#4730));
#4730 = SURFACE_STYLE_FILL_AREA(#4731);
#4731 = FILL_AREA_STYLE('',(#4732));
#4732 = FILL_AREA_STYLE_COLOUR('',#4543);
#4733 = STYLED_ITEM('color',(#4734),#2665);
#4734 = PRESENTATION_STYLE_ASSIGNMENT((#4735));
#4735 = SURFACE_STYLE_USAGE(.BOTH.,#4736);
#4736 = SURFACE_SIDE_STYLE('',(#4737));
#4737 = SURFACE_STYLE_FILL_AREA(#4738);
#4738 = FILL_AREA_STYLE('',(#4739));
#4739 = FILL_AREA_STYLE_COLOUR('',#4543);
#4740 = STYLED_ITEM('color',(#4741),#2705);
#4741 = PRESENTATION_STYLE_ASSIGNMENT((#4742));
#4742 = SURFACE_STYLE_USAGE(.BOTH.,#4743);
#4743 = SURFACE_SIDE_STYLE('',(#4744));
#4744 = SURFACE_STYLE_FILL_AREA(#4745);
#4745 = FILL_AREA_STYLE('',(#4746));
#4746 = FILL_AREA_STYLE_COLOUR('',#4543);
#4747 = STYLED_ITEM('color',(#4748),#2736);
#4748 = PRESENTATION_STYLE_ASSIGNMENT((#4749));
#4749 = SURFACE_STYLE_USAGE(.BOTH.,#4750);
#4750 = SURFACE_SIDE_STYLE('',(#4751));
#4751 = SURFACE_STYLE_FILL_AREA(#4752);
#4752 = FILL_AREA_STYLE('',(#4753));
#4753 = FILL_AREA_STYLE_COLOUR('',#4543);
#4754 = STYLED_ITEM('color',(#4755),#2753);
#4755 = PRESENTATION_STYLE_ASSIGNMENT((#4756));
#4756 = SURFACE_STYLE_USAGE(.BOTH.,#4757);
#4757 = SURFACE_SIDE_STYLE('',(#4758));
#4758 = SURFACE_STYLE_FILL_AREA(#4759);
#4759 = FILL_AREA_STYLE('',(#4760));
#4760 = FILL_AREA_STYLE_COLOUR('',#4543);
#4761 = STYLED_ITEM('color',(#4762),#2770);
#4762 = PRESENTATION_STYLE_ASSIGNMENT((#4763));
#4763 = SURFACE_STYLE_USAGE(.BOTH.,#4764);
#4764 = SURFACE_SIDE_STYLE('',(#4765));
#4765 = SURFACE_STYLE_FILL_AREA(#4766);
#4766 = FILL_AREA_STYLE('',(#4767));
#4767 = FILL_AREA_STYLE_COLOUR('',#4543);
#4768 = STYLED_ITEM('color',(#4769),#2782);
#4769 = PRESENTATION_STYLE_ASSIGNMENT((#4770));
#4770 = SURFACE_STYLE_USAGE(.BOTH.,#4771);
#4771 = SURFACE_SIDE_STYLE('',(#4772));
#4772 = SURFACE_STYLE_FILL_AREA(#4773);
#4773 = FILL_AREA_STYLE('',(#4774));
#4774 = FILL_AREA_STYLE_COLOUR('',#4543);
#4775 = STYLED_ITEM('color',(#4776),#2815);
#4776 = PRESENTATION_STYLE_ASSIGNMENT((#4777));
#4777 = SURFACE_STYLE_USAGE(.BOTH.,#4778);
#4778 = SURFACE_SIDE_STYLE('',(#4779));
#4779 = SURFACE_STYLE_FILL_AREA(#4780);
#4780 = FILL_AREA_STYLE('',(#4781));
#4781 = FILL_AREA_STYLE_COLOUR('',#4543);
#4782 = STYLED_ITEM('color',(#4783),#2846);
#4783 = PRESENTATION_STYLE_ASSIGNMENT((#4784));
#4784 = SURFACE_STYLE_USAGE(.BOTH.,#4785);
#4785 = SURFACE_SIDE_STYLE('',(#4786));
#4786 = SURFACE_STYLE_FILL_AREA(#4787);
#4787 = FILL_AREA_STYLE('',(#4788));
#4788 = FILL_AREA_STYLE_COLOUR('',#4543);
#4789 = STYLED_ITEM('color',(#4790),#2870);
#4790 = PRESENTATION_STYLE_ASSIGNMENT((#4791));
#4791 = SURFACE_STYLE_USAGE(.BOTH.,#4792);
#4792 = SURFACE_SIDE_STYLE('',(#4793));
#4793 = SURFACE_STYLE_FILL_AREA(#4794);
#4794 = FILL_AREA_STYLE('',(#4795));
#4795 = FILL_AREA_STYLE_COLOUR('',#4543);
#4796 = STYLED_ITEM('color',(#4797),#2894);
#4797 = PRESENTATION_STYLE_ASSIGNMENT((#4798));
#4798 = SURFACE_STYLE_USAGE(.BOTH.,#4799);
#4799 = SURFACE_SIDE_STYLE('',(#4800));
#4800 = SURFACE_STYLE_FILL_AREA(#4801);
#4801 = FILL_AREA_STYLE('',(#4802));
#4802 = FILL_AREA_STYLE_COLOUR('',#4543);
#4803 = STYLED_ITEM('color',(#4804),#2911);
#4804 = PRESENTATION_STYLE_ASSIGNMENT((#4805));
#4805 = SURFACE_STYLE_USAGE(.BOTH.,#4806);
#4806 = SURFACE_SIDE_STYLE('',(#4807));
#4807 = SURFACE_STYLE_FILL_AREA(#4808);
#4808 = FILL_AREA_STYLE('',(#4809));
#4809 = FILL_AREA_STYLE_COLOUR('',#4543);
#4810 = STYLED_ITEM('color',(#4811),#2942);
#4811 = PRESENTATION_STYLE_ASSIGNMENT((#4812));
#4812 = SURFACE_STYLE_USAGE(.BOTH.,#4813);
#4813 = SURFACE_SIDE_STYLE('',(#4814));
#4814 = SURFACE_STYLE_FILL_AREA(#4815);
#4815 = FILL_AREA_STYLE('',(#4816));
#4816 = FILL_AREA_STYLE_COLOUR('',#4543);
#4817 = STYLED_ITEM('color',(#4818),#2966);
#4818 = PRESENTATION_STYLE_ASSIGNMENT((#4819));
#4819 = SURFACE_STYLE_USAGE(.BOTH.,#4820);
#4820 = SURFACE_SIDE_STYLE('',(#4821));
#4821 = SURFACE_STYLE_FILL_AREA(#4822);
#4822 = FILL_AREA_STYLE('',(#4823));
#4823 = FILL_AREA_STYLE_COLOUR('',#4543);
#4824 = STYLED_ITEM('color',(#4825),#2990);
#4825 = PRESENTATION_STYLE_ASSIGNMENT((#4826));
#4826 = SURFACE_STYLE_USAGE(.BOTH.,#4827);
#4827 = SURFACE_SIDE_STYLE('',(#4828));
#4828 = SURFACE_STYLE_FILL_AREA(#4829);
#4829 = FILL_AREA_STYLE('',(#4830));
#4830 = FILL_AREA_STYLE_COLOUR('',#4543);
#4831 = STYLED_ITEM('color',(#4832),#3007);
#4832 = PRESENTATION_STYLE_ASSIGNMENT((#4833));
#4833 = SURFACE_STYLE_USAGE(.BOTH.,#4834);
#4834 = SURFACE_SIDE_STYLE('',(#4835));
#4835 = SURFACE_STYLE_FILL_AREA(#4836);
#4836 = FILL_AREA_STYLE('',(#4837));
#4837 = FILL_AREA_STYLE_COLOUR('',#4543);
#4838 = STYLED_ITEM('color',(#4839),#3024);
#4839 = PRESENTATION_STYLE_ASSIGNMENT((#4840));
#4840 = SURFACE_STYLE_USAGE(.BOTH.,#4841);
#4841 = SURFACE_SIDE_STYLE('',(#4842));
#4842 = SURFACE_STYLE_FILL_AREA(#4843);
#4843 = FILL_AREA_STYLE('',(#4844));
#4844 = FILL_AREA_STYLE_COLOUR('',#4543);
#4845 = STYLED_ITEM('color',(#4846),#3041);
#4846 = PRESENTATION_STYLE_ASSIGNMENT((#4847));
#4847 = SURFACE_STYLE_USAGE(.BOTH.,#4848);
#4848 = SURFACE_SIDE_STYLE('',(#4849));
#4849 = SURFACE_STYLE_FILL_AREA(#4850);
#4850 = FILL_AREA_STYLE('',(#4851));
#4851 = FILL_AREA_STYLE_COLOUR('',#4543);
#4852 = STYLED_ITEM('color',(#4853),#3053);
#4853 = PRESENTATION_STYLE_ASSIGNMENT((#4854));
#4854 = SURFACE_STYLE_USAGE(.BOTH.,#4855);
#4855 = SURFACE_SIDE_STYLE('',(#4856));
#4856 = SURFACE_STYLE_FILL_AREA(#4857);
#4857 = FILL_AREA_STYLE('',(#4858));
#4858 = FILL_AREA_STYLE_COLOUR('',#4543);
#4859 = STYLED_ITEM('color',(#4860),#3070);
#4860 = PRESENTATION_STYLE_ASSIGNMENT((#4861));
#4861 = SURFACE_STYLE_USAGE(.BOTH.,#4862);
#4862 = SURFACE_SIDE_STYLE('',(#4863));
#4863 = SURFACE_STYLE_FILL_AREA(#4864);
#4864 = FILL_AREA_STYLE('',(#4865));
#4865 = FILL_AREA_STYLE_COLOUR('',#4543);
#4866 = STYLED_ITEM('color',(#4867),#3087);
#4867 = PRESENTATION_STYLE_ASSIGNMENT((#4868));
#4868 = SURFACE_STYLE_USAGE(.BOTH.,#4869);
#4869 = SURFACE_SIDE_STYLE('',(#4870));
#4870 = SURFACE_STYLE_FILL_AREA(#4871);
#4871 = FILL_AREA_STYLE('',(#4872));
#4872 = FILL_AREA_STYLE_COLOUR('',#4543);
#4873 = STYLED_ITEM('color',(#4874),#3099);
#4874 = PRESENTATION_STYLE_ASSIGNMENT((#4875));
#4875 = SURFACE_STYLE_USAGE(.BOTH.,#4876);
#4876 = SURFACE_SIDE_STYLE('',(#4877));
#4877 = SURFACE_STYLE_FILL_AREA(#4878);
#4878 = FILL_AREA_STYLE('',(#4879));
#4879 = FILL_AREA_STYLE_COLOUR('',#4543);
#4880 = STYLED_ITEM('color',(#4881),#3130);
#4881 = PRESENTATION_STYLE_ASSIGNMENT((#4882));
#4882 = SURFACE_STYLE_USAGE(.BOTH.,#4883);
#4883 = SURFACE_SIDE_STYLE('',(#4884));
#4884 = SURFACE_STYLE_FILL_AREA(#4885);
#4885 = FILL_AREA_STYLE('',(#4886));
#4886 = FILL_AREA_STYLE_COLOUR('',#4543);
#4887 = STYLED_ITEM('color',(#4888),#3154);
#4888 = PRESENTATION_STYLE_ASSIGNMENT((#4889));
#4889 = SURFACE_STYLE_USAGE(.BOTH.,#4890);
#4890 = SURFACE_SIDE_STYLE('',(#4891));
#4891 = SURFACE_STYLE_FILL_AREA(#4892);
#4892 = FILL_AREA_STYLE('',(#4893));
#4893 = FILL_AREA_STYLE_COLOUR('',#4543);
#4894 = STYLED_ITEM('color',(#4895),#3178);
#4895 = PRESENTATION_STYLE_ASSIGNMENT((#4896));
#4896 = SURFACE_STYLE_USAGE(.BOTH.,#4897);
#4897 = SURFACE_SIDE_STYLE('',(#4898));
#4898 = SURFACE_STYLE_FILL_AREA(#4899);
#4899 = FILL_AREA_STYLE('',(#4900));
#4900 = FILL_AREA_STYLE_COLOUR('',#4543);
#4901 = STYLED_ITEM('color',(#4902),#3195);
#4902 = PRESENTATION_STYLE_ASSIGNMENT((#4903));
#4903 = SURFACE_STYLE_USAGE(.BOTH.,#4904);
#4904 = SURFACE_SIDE_STYLE('',(#4905));
#4905 = SURFACE_STYLE_FILL_AREA(#4906);
#4906 = FILL_AREA_STYLE('',(#4907));
#4907 = FILL_AREA_STYLE_COLOUR('',#4543);
#4908 = STYLED_ITEM('color',(#4909),#3226);
#4909 = PRESENTATION_STYLE_ASSIGNMENT((#4910));
#4910 = SURFACE_STYLE_USAGE(.BOTH.,#4911);
#4911 = SURFACE_SIDE_STYLE('',(#4912));
#4912 = SURFACE_STYLE_FILL_AREA(#4913);
#4913 = FILL_AREA_STYLE('',(#4914));
#4914 = FILL_AREA_STYLE_COLOUR('',#4543);
#4915 = STYLED_ITEM('color',(#4916),#3250);
#4916 = PRESENTATION_STYLE_ASSIGNMENT((#4917));
#4917 = SURFACE_STYLE_USAGE(.BOTH.,#4918);
#4918 = SURFACE_SIDE_STYLE('',(#4919));
#4919 = SURFACE_STYLE_FILL_AREA(#4920);
#4920 = FILL_AREA_STYLE('',(#4921));
#4921 = FILL_AREA_STYLE_COLOUR('',#4543);
#4922 = STYLED_ITEM('color',(#4923),#3274);
#4923 = PRESENTATION_STYLE_ASSIGNMENT((#4924));
#4924 = SURFACE_STYLE_USAGE(.BOTH.,#4925);
#4925 = SURFACE_SIDE_STYLE('',(#4926));
#4926 = SURFACE_STYLE_FILL_AREA(#4927);
#4927 = FILL_AREA_STYLE('',(#4928));
#4928 = FILL_AREA_STYLE_COLOUR('',#4543);
#4929 = STYLED_ITEM('color',(#4930),#3291);
#4930 = PRESENTATION_STYLE_ASSIGNMENT((#4931));
#4931 = SURFACE_STYLE_USAGE(.BOTH.,#4932);
#4932 = SURFACE_SIDE_STYLE('',(#4933));
#4933 = SURFACE_STYLE_FILL_AREA(#4934);
#4934 = FILL_AREA_STYLE('',(#4935));
#4935 = FILL_AREA_STYLE_COLOUR('',#4543);
#4936 = STYLED_ITEM('color',(#4937),#3303);
#4937 = PRESENTATION_STYLE_ASSIGNMENT((#4938));
#4938 = SURFACE_STYLE_USAGE(.BOTH.,#4939);
#4939 = SURFACE_SIDE_STYLE('',(#4940));
#4940 = SURFACE_STYLE_FILL_AREA(#4941);
#4941 = FILL_AREA_STYLE('',(#4942));
#4942 = FILL_AREA_STYLE_COLOUR('',#4543);
#4943 = MECHANICAL_DESIGN_GEOMETRIC_PRESENTATION_REPRESENTATION('',(
    #4944,#4952,#4959,#4966,#4973,#4980,#4987,#4995,#5002,#5009,#5016,
    #5023,#5030,#5037,#5044,#5051),#3782);
#4944 = STYLED_ITEM('color',(#4945),#3359);
#4945 = PRESENTATION_STYLE_ASSIGNMENT((#4946));
#4946 = SURFACE_STYLE_USAGE(.BOTH.,#4947);
#4947 = SURFACE_SIDE_STYLE('',(#4948));
#4948 = SURFACE_STYLE_FILL_AREA(#4949);
#4949 = FILL_AREA_STYLE('',(#4950));
#4950 = FILL_AREA_STYLE_COLOUR('',#4951);
#4951 = COLOUR_RGB('',0.894999966383,0.890999961016,0.813000030345);
#4952 = STYLED_ITEM('color',(#4953),#3386);
#4953 = PRESENTATION_STYLE_ASSIGNMENT((#4954));
#4954 = SURFACE_STYLE_USAGE(.BOTH.,#4955);
#4955 = SURFACE_SIDE_STYLE('',(#4956));
#4956 = SURFACE_STYLE_FILL_AREA(#4957);
#4957 = FILL_AREA_STYLE('',(#4958));
#4958 = FILL_AREA_STYLE_COLOUR('',#4951);
#4959 = STYLED_ITEM('color',(#4960),#3411);
#4960 = PRESENTATION_STYLE_ASSIGNMENT((#4961));
#4961 = SURFACE_STYLE_USAGE(.BOTH.,#4962);
#4962 = SURFACE_SIDE_STYLE('',(#4963));
#4963 = SURFACE_STYLE_FILL_AREA(#4964);
#4964 = FILL_AREA_STYLE('',(#4965));
#4965 = FILL_AREA_STYLE_COLOUR('',#4951);
#4966 = STYLED_ITEM('color',(#4967),#3439);
#4967 = PRESENTATION_STYLE_ASSIGNMENT((#4968));
#4968 = SURFACE_STYLE_USAGE(.BOTH.,#4969);
#4969 = SURFACE_SIDE_STYLE('',(#4970));
#4970 = SURFACE_STYLE_FILL_AREA(#4971);
#4971 = FILL_AREA_STYLE('',(#4972));
#4972 = FILL_AREA_STYLE_COLOUR('',#4951);
#4973 = STYLED_ITEM('color',(#4974),#3471);
#4974 = PRESENTATION_STYLE_ASSIGNMENT((#4975));
#4975 = SURFACE_STYLE_USAGE(.BOTH.,#4976);
#4976 = SURFACE_SIDE_STYLE('',(#4977));
#4977 = SURFACE_STYLE_FILL_AREA(#4978);
#4978 = FILL_AREA_STYLE('',(#4979));
#4979 = FILL_AREA_STYLE_COLOUR('',#4951);
#4980 = STYLED_ITEM('color',(#4981),#3488);
#4981 = PRESENTATION_STYLE_ASSIGNMENT((#4982));
#4982 = SURFACE_STYLE_USAGE(.BOTH.,#4983);
#4983 = SURFACE_SIDE_STYLE('',(#4984));
#4984 = SURFACE_STYLE_FILL_AREA(#4985);
#4985 = FILL_AREA_STYLE('',(#4986));
#4986 = FILL_AREA_STYLE_COLOUR('',#4951);
#4987 = STYLED_ITEM('color',(#4988),#3566);
#4988 = PRESENTATION_STYLE_ASSIGNMENT((#4989));
#4989 = SURFACE_STYLE_USAGE(.BOTH.,#4990);
#4990 = SURFACE_SIDE_STYLE('',(#4991));
#4991 = SURFACE_STYLE_FILL_AREA(#4992);
#4992 = FILL_AREA_STYLE('',(#4993));
#4993 = FILL_AREA_STYLE_COLOUR('',#4994);
#4994 = COLOUR_RGB('',0.823999987314,0.819999987296,0.781000009244);
#4995 = STYLED_ITEM('color',(#4996),#3597);
#4996 = PRESENTATION_STYLE_ASSIGNMENT((#4997));
#4997 = SURFACE_STYLE_USAGE(.BOTH.,#4998);
#4998 = SURFACE_SIDE_STYLE('',(#4999));
#4999 = SURFACE_STYLE_FILL_AREA(#5000);
#5000 = FILL_AREA_STYLE('',(#5001));
#5001 = FILL_AREA_STYLE_COLOUR('',#4994);
#5002 = STYLED_ITEM('color',(#5003),#3621);
#5003 = PRESENTATION_STYLE_ASSIGNMENT((#5004));
#5004 = SURFACE_STYLE_USAGE(.BOTH.,#5005);
#5005 = SURFACE_SIDE_STYLE('',(#5006));
#5006 = SURFACE_STYLE_FILL_AREA(#5007);
#5007 = FILL_AREA_STYLE('',(#5008));
#5008 = FILL_AREA_STYLE_COLOUR('',#4994);
#5009 = STYLED_ITEM('color',(#5010),#3645);
#5010 = PRESENTATION_STYLE_ASSIGNMENT((#5011));
#5011 = SURFACE_STYLE_USAGE(.BOTH.,#5012);
#5012 = SURFACE_SIDE_STYLE('',(#5013));
#5013 = SURFACE_STYLE_FILL_AREA(#5014);
#5014 = FILL_AREA_STYLE('',(#5015));
#5015 = FILL_AREA_STYLE_COLOUR('',#4994);
#5016 = STYLED_ITEM('color',(#5017),#3662);
#5017 = PRESENTATION_STYLE_ASSIGNMENT((#5018));
#5018 = SURFACE_STYLE_USAGE(.BOTH.,#5019);
#5019 = SURFACE_SIDE_STYLE('',(#5020));
#5020 = SURFACE_STYLE_FILL_AREA(#5021);
#5021 = FILL_AREA_STYLE('',(#5022));
#5022 = FILL_AREA_STYLE_COLOUR('',#4994);
#5023 = STYLED_ITEM('color',(#5024),#3693);
#5024 = PRESENTATION_STYLE_ASSIGNMENT((#5025));
#5025 = SURFACE_STYLE_USAGE(.BOTH.,#5026);
#5026 = SURFACE_SIDE_STYLE('',(#5027));
#5027 = SURFACE_STYLE_FILL_AREA(#5028);
#5028 = FILL_AREA_STYLE('',(#5029));
#5029 = FILL_AREA_STYLE_COLOUR('',#4994);
#5030 = STYLED_ITEM('color',(#5031),#3717);
#5031 = PRESENTATION_STYLE_ASSIGNMENT((#5032));
#5032 = SURFACE_STYLE_USAGE(.BOTH.,#5033);
#5033 = SURFACE_SIDE_STYLE('',(#5034));
#5034 = SURFACE_STYLE_FILL_AREA(#5035);
#5035 = FILL_AREA_STYLE('',(#5036));
#5036 = FILL_AREA_STYLE_COLOUR('',#4994);
#5037 = STYLED_ITEM('color',(#5038),#3741);
#5038 = PRESENTATION_STYLE_ASSIGNMENT((#5039));
#5039 = SURFACE_STYLE_USAGE(.BOTH.,#5040);
#5040 = SURFACE_SIDE_STYLE('',(#5041));
#5041 = SURFACE_STYLE_FILL_AREA(#5042);
#5042 = FILL_AREA_STYLE('',(#5043));
#5043 = FILL_AREA_STYLE_COLOUR('',#4994);
#5044 = STYLED_ITEM('color',(#5045),#3758);
#5045 = PRESENTATION_STYLE_ASSIGNMENT((#5046));
#5046 = SURFACE_STYLE_USAGE(.BOTH.,#5047);
#5047 = SURFACE_SIDE_STYLE('',(#5048));
#5048 = SURFACE_STYLE_FILL_AREA(#5049);
#5049 = FILL_AREA_STYLE('',(#5050));
#5050 = FILL_AREA_STYLE_COLOUR('',#4994);
#5051 = STYLED_ITEM('color',(#5052),#3770);
#5052 = PRESENTATION_STYLE_ASSIGNMENT((#5053));
#5053 = SURFACE_STYLE_USAGE(.BOTH.,#5054);
#5054 = SURFACE_SIDE_STYLE('',(#5055));
#5055 = SURFACE_STYLE_FILL_AREA(#5056);
#5056 = FILL_AREA_STYLE('',(#5057));
#5057 = FILL_AREA_STYLE_COLOUR('',#4994);
ENDSEC;
END-ISO-10303-21;
