ISO-10303-21;
HEADER;
FILE_DESCRIPTION(('KiCad electronic assembly'),'2;1');
FILE_NAME('_____.step','2025-10-22T16:11:47',('Pcbnew'),('Kicad'),
  'Open CASCADE STEP processor 7.8','KiCad to STEP converter','Unknown'
  );
FILE_SCHEMA(('AUTOMOTIVE_DESIGN { 1 0 10303 214 1 1 1 1 }'));
ENDSEC;
DATA;
#1 = APPLICATION_PROTOCOL_DEFINITION('international standard',
  'automotive_design',2000,#2);
#2 = APPLICATION_CONTEXT(
  'core data for automotive mechanical design processes');
#3 = SHAPE_DEFINITION_REPRESENTATION(#4,#10);
#4 = PRODUCT_DEFINITION_SHAPE('','',#5);
#5 = PRODUCT_DEFINITION('design','',#6,#9);
#6 = PRODUCT_DEFINITION_FORMATION('','',#7);
#7 = PRODUCT('_____ 1','_____ 1','',(#8));
#8 = PRODUCT_CONTEXT('',#2,'mechanical');
#9 = PRODUCT_DEFINITION_CONTEXT('part definition',#2,'design');
#10 = SHAPE_REPRESENTATION('',(#11,#15,#19,#23,#27,#31,#35,#39,#43),#47
  );
#11 = AXIS2_PLACEMENT_3D('',#12,#13,#14);
#12 = CARTESIAN_POINT('',(0.,0.,0.));
#13 = DIRECTION('',(0.,0.,1.));
#14 = DIRECTION('',(1.,0.,-0.));
#15 = AXIS2_PLACEMENT_3D('',#16,#17,#18);
#16 = CARTESIAN_POINT('',(115.35,-71.2,1.65));
#17 = DIRECTION('',(0.,0.,1.));
#18 = DIRECTION('',(1.,0.,0.));
#19 = AXIS2_PLACEMENT_3D('',#20,#21,#22);
#20 = CARTESIAN_POINT('',(88.6,-101.,1.65));
#21 = DIRECTION('',(0.,-0.,1.));
#22 = DIRECTION('',(1.110223024625E-16,1.,0.));
#23 = AXIS2_PLACEMENT_3D('',#24,#25,#26);
#24 = CARTESIAN_POINT('',(150.,-71.45,1.65));
#25 = DIRECTION('',(0.,0.,1.));
#26 = DIRECTION('',(1.,0.,0.));
#27 = AXIS2_PLACEMENT_3D('',#28,#29,#30);
#28 = CARTESIAN_POINT('',(182.3,-106.03,1.65));
#29 = DIRECTION('',(-0.,0.,1.));
#30 = DIRECTION('',(1.110223024625E-16,-1.,0.));
#31 = AXIS2_PLACEMENT_3D('',#32,#33,#34);
#32 = CARTESIAN_POINT('',(180.325,-100.05,1.65));
#33 = DIRECTION('',(0.,0.,1.));
#34 = DIRECTION('',(1.,0.,0.));
#35 = AXIS2_PLACEMENT_3D('',#36,#37,#38);
#36 = CARTESIAN_POINT('',(88.6,-108.57,1.65));
#37 = DIRECTION('',(-0.,0.,1.));
#38 = DIRECTION('',(1.110223024625E-16,-1.,0.));
#39 = AXIS2_PLACEMENT_3D('',#40,#41,#42);
#40 = CARTESIAN_POINT('',(137.65,-82.,1.65));
#41 = DIRECTION('',(1.224646799147E-16,1.,1.110223024625E-16));
#42 = DIRECTION('',(-1.,1.224646799147E-16,0.));
#43 = AXIS2_PLACEMENT_3D('',#44,#45,#46);
#44 = CARTESIAN_POINT('',(0.,0.,0.));
#45 = DIRECTION('',(0.,0.,1.));
#46 = DIRECTION('',(1.,0.,-0.));
#47 = ( GEOMETRIC_REPRESENTATION_CONTEXT(3) 
GLOBAL_UNCERTAINTY_ASSIGNED_CONTEXT((#51)) GLOBAL_UNIT_ASSIGNED_CONTEXT(
(#48,#49,#50)) REPRESENTATION_CONTEXT('Context #1',
  '3D Context with UNIT and UNCERTAINTY') );
#48 = ( LENGTH_UNIT() NAMED_UNIT(*) SI_UNIT(.MILLI.,.METRE.) );
#49 = ( NAMED_UNIT(*) PLANE_ANGLE_UNIT() SI_UNIT($,.RADIAN.) );
#50 = ( NAMED_UNIT(*) SI_UNIT($,.STERADIAN.) SOLID_ANGLE_UNIT() );
#51 = UNCERTAINTY_MEASURE_WITH_UNIT(LENGTH_MEASURE(2.E-05),#48,
  'distance_accuracy_value','confusion accuracy');
#52 = PRODUCT_RELATED_PRODUCT_CATEGORY('part',$,(#7));
#53 = SHAPE_DEFINITION_REPRESENTATION(#54,#60);
#54 = PRODUCT_DEFINITION_SHAPE('','',#55);
#55 = PRODUCT_DEFINITION('design','',#56,#59);
#56 = PRODUCT_DEFINITION_FORMATION('','',#57);
#57 = PRODUCT('JST_XH_B5B-XH-A_1x05_P2.50mm_Vertical',
  'JST_XH_B5B-XH-A_1x05_P2.50mm_Vertical','',(#58));
#58 = PRODUCT_CONTEXT('',#2,'mechanical');
#59 = PRODUCT_DEFINITION_CONTEXT('part definition',#2,'design');
#60 = SHAPE_REPRESENTATION('',(#11,#61),#65);
#61 = AXIS2_PLACEMENT_3D('',#62,#63,#64);
#62 = CARTESIAN_POINT('',(0.,0.,0.));
#63 = DIRECTION('',(0.,0.,1.));
#64 = DIRECTION('',(1.,0.,-0.));
#65 = ( GEOMETRIC_REPRESENTATION_CONTEXT(3) 
GLOBAL_UNCERTAINTY_ASSIGNED_CONTEXT((#69)) GLOBAL_UNIT_ASSIGNED_CONTEXT(
(#66,#67,#68)) REPRESENTATION_CONTEXT('Context #1',
  '3D Context with UNIT and UNCERTAINTY') );
#66 = ( LENGTH_UNIT() NAMED_UNIT(*) SI_UNIT(.MILLI.,.METRE.) );
#67 = ( NAMED_UNIT(*) PLANE_ANGLE_UNIT() SI_UNIT($,.RADIAN.) );
#68 = ( NAMED_UNIT(*) SI_UNIT($,.STERADIAN.) SOLID_ANGLE_UNIT() );
#69 = UNCERTAINTY_MEASURE_WITH_UNIT(LENGTH_MEASURE(1.E-07),#66,
  'distance_accuracy_value','confusion accuracy');
#70 = CONTEXT_DEPENDENT_SHAPE_REPRESENTATION(#71,#73);
#71 = ( REPRESENTATION_RELATIONSHIP('','',#60,#10) 
REPRESENTATION_RELATIONSHIP_WITH_TRANSFORMATION(#72) 
SHAPE_REPRESENTATION_RELATIONSHIP() );
#72 = ITEM_DEFINED_TRANSFORMATION('','',#11,#15);
#73 = PRODUCT_DEFINITION_SHAPE('Placement','Placement of an item',#74);
#74 = NEXT_ASSEMBLY_USAGE_OCCURRENCE('2','J2','',#5,#55,$);
#75 = PRODUCT_RELATED_PRODUCT_CATEGORY('part',$,(#57));
#76 = SHAPE_DEFINITION_REPRESENTATION(#77,#83);
#77 = PRODUCT_DEFINITION_SHAPE('','',#78);
#78 = PRODUCT_DEFINITION('design','',#79,#82);
#79 = PRODUCT_DEFINITION_FORMATION('','',#80);
#80 = PRODUCT('JST_B5B_XH_A','JST_B5B_XH_A','',(#81));
#81 = PRODUCT_CONTEXT('',#2,'mechanical');
#82 = PRODUCT_DEFINITION_CONTEXT('part definition',#2,'design');
#83 = ADVANCED_BREP_SHAPE_REPRESENTATION('',(#11,#84),#4953);
#84 = MANIFOLD_SOLID_BREP('',#85);
#85 = CLOSED_SHELL('',(#86,#158,#197,#221,#286,#310,#494,#518,#583,#608,
    #657,#674,#698,#715,#885,#909,#1207,#1231,#1264,#1288,#1319,#1336,
    #1369,#1393,#1424,#1441,#1474,#1498,#1529,#1546,#1579,#1603,#1634,
    #1651,#1684,#1708,#1739,#1751,#1784,#1801,#1818,#1830,#2012,#2029,
    #2046,#2063,#2080,#2097,#2114,#2131,#2148,#2165,#2182,#2199,#2216,
    #2233,#2250,#2262,#2279,#2296,#2313,#2330,#2347,#2393,#2439,#2485,
    #2531,#2577,#2608,#2632,#2656,#2673,#2704,#2728,#2752,#2769,#2800,
    #2824,#2848,#2865,#2896,#2920,#2944,#2961,#2992,#3016,#3040,#3057,
    #3120,#3144,#3200,#3217,#3248,#3272,#3296,#3313,#3344,#3368,#3392,
    #3409,#3440,#3464,#3488,#3505,#3536,#3592,#3616,#3665,#3696,#3720,
    #3744,#3761,#3792,#3816,#3840,#3857,#3888,#3912,#3936,#3953,#3984,
    #4008,#4032,#4049,#4080,#4104,#4128,#4145,#4192,#4223,#4235,#4252,
    #4278,#4311,#4342,#4366,#4390,#4407,#4438,#4462,#4486,#4503,#4534,
    #4558,#4582,#4599,#4616,#4663,#4689,#4706,#4732,#4765,#4777,#4789,
    #4801,#4813,#4825,#4842,#4859,#4871,#4883,#4895,#4907,#4924,#4941));
#86 = ADVANCED_FACE('',(#87),#153,.T.);
#87 = FACE_BOUND('',#88,.T.);
#88 = EDGE_LOOP('',(#89,#99,#107,#115,#123,#131,#139,#147));
#89 = ORIENTED_EDGE('',*,*,#90,.T.);
#90 = EDGE_CURVE('',#91,#93,#95,.T.);
#91 = VERTEX_POINT('',#92);
#92 = CARTESIAN_POINT('',(-1.8,0.5,7.));
#93 = VERTEX_POINT('',#94);
#94 = CARTESIAN_POINT('',(-2.45,0.5,7.));
#95 = LINE('',#96,#97);
#96 = CARTESIAN_POINT('',(12.45,0.5,7.));
#97 = VECTOR('',#98,1.);
#98 = DIRECTION('',(-1.,1.224646799147E-16,0.));
#99 = ORIENTED_EDGE('',*,*,#100,.T.);
#100 = EDGE_CURVE('',#93,#101,#103,.T.);
#101 = VERTEX_POINT('',#102);
#102 = CARTESIAN_POINT('',(-2.45,-3.4,7.));
#103 = LINE('',#104,#105);
#104 = CARTESIAN_POINT('',(-2.45,2.35,7.));
#105 = VECTOR('',#106,1.);
#106 = DIRECTION('',(-1.224646799147E-16,-1.,0.));
#107 = ORIENTED_EDGE('',*,*,#108,.T.);
#108 = EDGE_CURVE('',#101,#109,#111,.T.);
#109 = VERTEX_POINT('',#110);
#110 = CARTESIAN_POINT('',(12.45,-3.4,7.));
#111 = LINE('',#112,#113);
#112 = CARTESIAN_POINT('',(-2.45,-3.4,7.));
#113 = VECTOR('',#114,1.);
#114 = DIRECTION('',(1.,-1.224646799147E-16,0.));
#115 = ORIENTED_EDGE('',*,*,#116,.T.);
#116 = EDGE_CURVE('',#109,#117,#119,.T.);
#117 = VERTEX_POINT('',#118);
#118 = CARTESIAN_POINT('',(12.45,0.5,7.));
#119 = LINE('',#120,#121);
#120 = CARTESIAN_POINT('',(12.45,-3.4,7.));
#121 = VECTOR('',#122,1.);
#122 = DIRECTION('',(1.224646799147E-16,1.,0.));
#123 = ORIENTED_EDGE('',*,*,#124,.T.);
#124 = EDGE_CURVE('',#117,#125,#127,.T.);
#125 = VERTEX_POINT('',#126);
#126 = CARTESIAN_POINT('',(11.8,0.5,7.));
#127 = LINE('',#128,#129);
#128 = CARTESIAN_POINT('',(12.45,0.5,7.));
#129 = VECTOR('',#130,1.);
#130 = DIRECTION('',(-1.,1.224646799147E-16,0.));
#131 = ORIENTED_EDGE('',*,*,#132,.F.);
#132 = EDGE_CURVE('',#133,#125,#135,.T.);
#133 = VERTEX_POINT('',#134);
#134 = CARTESIAN_POINT('',(11.8,-2.85,7.));
#135 = LINE('',#136,#137);
#136 = CARTESIAN_POINT('',(11.8,-2.65,7.));
#137 = VECTOR('',#138,1.);
#138 = DIRECTION('',(1.224646799147E-16,1.,0.));
#139 = ORIENTED_EDGE('',*,*,#140,.F.);
#140 = EDGE_CURVE('',#141,#133,#143,.T.);
#141 = VERTEX_POINT('',#142);
#142 = CARTESIAN_POINT('',(-1.8,-2.85,7.));
#143 = LINE('',#144,#145);
#144 = CARTESIAN_POINT('',(-1.6,-2.85,7.));
#145 = VECTOR('',#146,1.);
#146 = DIRECTION('',(1.,-1.224646799147E-16,0.));
#147 = ORIENTED_EDGE('',*,*,#148,.F.);
#148 = EDGE_CURVE('',#91,#141,#149,.T.);
#149 = LINE('',#150,#151);
#150 = CARTESIAN_POINT('',(-1.8,0.5,7.));
#151 = VECTOR('',#152,1.);
#152 = DIRECTION('',(-1.224646799147E-16,-1.,0.));
#153 = PLANE('',#154);
#154 = AXIS2_PLACEMENT_3D('',#155,#156,#157);
#155 = CARTESIAN_POINT('',(5.,-0.525,7.));
#156 = DIRECTION('',(0.,0.,1.));
#157 = DIRECTION('',(-1.,1.224646799147E-16,0.));
#158 = ADVANCED_FACE('',(#159),#192,.T.);
#159 = FACE_BOUND('',#160,.T.);
#160 = EDGE_LOOP('',(#161,#171,#179,#185,#186));
#161 = ORIENTED_EDGE('',*,*,#162,.T.);
#162 = EDGE_CURVE('',#163,#165,#167,.T.);
#163 = VERTEX_POINT('',#164);
#164 = CARTESIAN_POINT('',(-1.6,0.5,6.8));
#165 = VERTEX_POINT('',#166);
#166 = CARTESIAN_POINT('',(-1.6,0.5,3.65));
#167 = LINE('',#168,#169);
#168 = CARTESIAN_POINT('',(-1.6,0.5,5.325));
#169 = VECTOR('',#170,1.);
#170 = DIRECTION('',(-0.,0.,-1.));
#171 = ORIENTED_EDGE('',*,*,#172,.T.);
#172 = EDGE_CURVE('',#165,#173,#175,.T.);
#173 = VERTEX_POINT('',#174);
#174 = CARTESIAN_POINT('',(-2.45,0.5,3.65));
#175 = LINE('',#176,#177);
#176 = CARTESIAN_POINT('',(12.45,0.5,3.65));
#177 = VECTOR('',#178,1.);
#178 = DIRECTION('',(-1.,1.224646799147E-16,0.));
#179 = ORIENTED_EDGE('',*,*,#180,.T.);
#180 = EDGE_CURVE('',#173,#93,#181,.T.);
#181 = LINE('',#182,#183);
#182 = CARTESIAN_POINT('',(-2.45,0.5,1.825));
#183 = VECTOR('',#184,1.);
#184 = DIRECTION('',(0.,0.,1.));
#185 = ORIENTED_EDGE('',*,*,#90,.F.);
#186 = ORIENTED_EDGE('',*,*,#187,.T.);
#187 = EDGE_CURVE('',#91,#163,#188,.T.);
#188 = LINE('',#189,#190);
#189 = CARTESIAN_POINT('',(2.65,0.5,2.55));
#190 = VECTOR('',#191,1.);
#191 = DIRECTION('',(0.707106781187,-8.659560562349E-17,-0.707106781187)
  );
#192 = PLANE('',#193);
#193 = AXIS2_PLACEMENT_3D('',#194,#195,#196);
#194 = CARTESIAN_POINT('',(12.45,0.5,3.65));
#195 = DIRECTION('',(1.224646799147E-16,1.,0.));
#196 = DIRECTION('',(0.,-0.,1.));
#197 = ADVANCED_FACE('',(#198),#216,.F.);
#198 = FACE_BOUND('',#199,.T.);
#199 = EDGE_LOOP('',(#200,#201,#202,#210));
#200 = ORIENTED_EDGE('',*,*,#187,.F.);
#201 = ORIENTED_EDGE('',*,*,#148,.T.);
#202 = ORIENTED_EDGE('',*,*,#203,.T.);
#203 = EDGE_CURVE('',#141,#204,#206,.T.);
#204 = VERTEX_POINT('',#205);
#205 = CARTESIAN_POINT('',(-1.6,-2.65,6.8));
#206 = LINE('',#207,#208);
#207 = CARTESIAN_POINT('',(-1.141666666667,-2.191666666667,
    6.341666666667));
#208 = VECTOR('',#209,1.);
#209 = DIRECTION('',(0.57735026919,0.57735026919,-0.57735026919));
#210 = ORIENTED_EDGE('',*,*,#211,.F.);
#211 = EDGE_CURVE('',#163,#204,#212,.T.);
#212 = LINE('',#213,#214);
#213 = CARTESIAN_POINT('',(-1.6,0.5,6.8));
#214 = VECTOR('',#215,1.);
#215 = DIRECTION('',(-1.224646799147E-16,-1.,0.));
#216 = PLANE('',#217);
#217 = AXIS2_PLACEMENT_3D('',#218,#219,#220);
#218 = CARTESIAN_POINT('',(-1.7,0.5,6.9));
#219 = DIRECTION('',(-0.707106781187,8.659560562349E-17,-0.707106781187)
  );
#220 = DIRECTION('',(1.224646799147E-16,1.,-2.105272540809E-29));
#221 = ADVANCED_FACE('',(#222),#281,.F.);
#222 = FACE_BOUND('',#223,.F.);
#223 = EDGE_LOOP('',(#224,#234,#242,#250,#258,#267,#273,#274,#275));
#224 = ORIENTED_EDGE('',*,*,#225,.F.);
#225 = EDGE_CURVE('',#226,#228,#230,.T.);
#226 = VERTEX_POINT('',#227);
#227 = CARTESIAN_POINT('',(-2.45,2.35,0.));
#228 = VERTEX_POINT('',#229);
#229 = CARTESIAN_POINT('',(-2.45,-3.4,0.));
#230 = LINE('',#231,#232);
#231 = CARTESIAN_POINT('',(-2.45,2.35,0.));
#232 = VECTOR('',#233,1.);
#233 = DIRECTION('',(-1.224646799147E-16,-1.,0.));
#234 = ORIENTED_EDGE('',*,*,#235,.T.);
#235 = EDGE_CURVE('',#226,#236,#238,.T.);
#236 = VERTEX_POINT('',#237);
#237 = CARTESIAN_POINT('',(-2.45,2.35,7.));
#238 = LINE('',#239,#240);
#239 = CARTESIAN_POINT('',(-2.45,2.35,0.));
#240 = VECTOR('',#241,1.);
#241 = DIRECTION('',(0.,0.,1.));
#242 = ORIENTED_EDGE('',*,*,#243,.T.);
#243 = EDGE_CURVE('',#236,#244,#246,.T.);
#244 = VERTEX_POINT('',#245);
#245 = CARTESIAN_POINT('',(-2.45,1.5,7.));
#246 = LINE('',#247,#248);
#247 = CARTESIAN_POINT('',(-2.45,2.35,7.));
#248 = VECTOR('',#249,1.);
#249 = DIRECTION('',(-1.224646799147E-16,-1.,0.));
#250 = ORIENTED_EDGE('',*,*,#251,.T.);
#251 = EDGE_CURVE('',#244,#252,#254,.T.);
#252 = VERTEX_POINT('',#253);
#253 = CARTESIAN_POINT('',(-2.45,1.5,4.15));
#254 = LINE('',#255,#256);
#255 = CARTESIAN_POINT('',(-2.45,1.5,3.5));
#256 = VECTOR('',#257,1.);
#257 = DIRECTION('',(-0.,0.,-1.));
#258 = ORIENTED_EDGE('',*,*,#259,.F.);
#259 = EDGE_CURVE('',#260,#252,#262,.T.);
#260 = VERTEX_POINT('',#261);
#261 = CARTESIAN_POINT('',(-2.45,1.,3.65));
#262 = CIRCLE('',#263,0.5);
#263 = AXIS2_PLACEMENT_3D('',#264,#265,#266);
#264 = CARTESIAN_POINT('',(-2.45,1.,4.15));
#265 = DIRECTION('',(1.,-1.224646799147E-16,0.));
#266 = DIRECTION('',(1.224646799147E-16,1.,0.));
#267 = ORIENTED_EDGE('',*,*,#268,.T.);
#268 = EDGE_CURVE('',#260,#173,#269,.T.);
#269 = LINE('',#270,#271);
#270 = CARTESIAN_POINT('',(-2.45,1.675,3.65));
#271 = VECTOR('',#272,1.);
#272 = DIRECTION('',(-1.224646799147E-16,-1.,0.));
#273 = ORIENTED_EDGE('',*,*,#180,.T.);
#274 = ORIENTED_EDGE('',*,*,#100,.T.);
#275 = ORIENTED_EDGE('',*,*,#276,.F.);
#276 = EDGE_CURVE('',#228,#101,#277,.T.);
#277 = LINE('',#278,#279);
#278 = CARTESIAN_POINT('',(-2.45,-3.4,0.));
#279 = VECTOR('',#280,1.);
#280 = DIRECTION('',(0.,0.,1.));
#281 = PLANE('',#282);
#282 = AXIS2_PLACEMENT_3D('',#283,#284,#285);
#283 = CARTESIAN_POINT('',(-2.45,2.35,0.));
#284 = DIRECTION('',(1.,-1.224646799147E-16,0.));
#285 = DIRECTION('',(-1.224646799147E-16,-1.,0.));
#286 = ADVANCED_FACE('',(#287),#305,.F.);
#287 = FACE_BOUND('',#288,.T.);
#288 = EDGE_LOOP('',(#289,#290,#291,#299));
#289 = ORIENTED_EDGE('',*,*,#203,.F.);
#290 = ORIENTED_EDGE('',*,*,#140,.T.);
#291 = ORIENTED_EDGE('',*,*,#292,.T.);
#292 = EDGE_CURVE('',#133,#293,#295,.T.);
#293 = VERTEX_POINT('',#294);
#294 = CARTESIAN_POINT('',(11.6,-2.65,6.8));
#295 = LINE('',#296,#297);
#296 = CARTESIAN_POINT('',(9.466666666667,-0.516666666667,4.666666666667
    ));
#297 = VECTOR('',#298,1.);
#298 = DIRECTION('',(-0.57735026919,0.57735026919,-0.57735026919));
#299 = ORIENTED_EDGE('',*,*,#300,.F.);
#300 = EDGE_CURVE('',#204,#293,#301,.T.);
#301 = LINE('',#302,#303);
#302 = CARTESIAN_POINT('',(-1.6,-2.65,6.8));
#303 = VECTOR('',#304,1.);
#304 = DIRECTION('',(1.,-1.224646799147E-16,0.));
#305 = PLANE('',#306);
#306 = AXIS2_PLACEMENT_3D('',#307,#308,#309);
#307 = CARTESIAN_POINT('',(-1.6,-2.75,6.9));
#308 = DIRECTION('',(-8.659560562349E-17,-0.707106781187,-0.707106781187
    ));
#309 = DIRECTION('',(-1.,1.224646799147E-16,-2.105272540809E-29));
#310 = ADVANCED_FACE('',(#311),#489,.F.);
#311 = FACE_BOUND('',#312,.F.);
#312 = EDGE_LOOP('',(#313,#321,#322,#323,#331,#339,#347,#355,#363,#371,
    #379,#387,#395,#403,#411,#419,#427,#435,#443,#451,#459,#467,#475,
    #483));
#313 = ORIENTED_EDGE('',*,*,#314,.F.);
#314 = EDGE_CURVE('',#228,#315,#317,.T.);
#315 = VERTEX_POINT('',#316);
#316 = CARTESIAN_POINT('',(-0.75,-3.4,0.));
#317 = LINE('',#318,#319);
#318 = CARTESIAN_POINT('',(-2.45,-3.4,0.));
#319 = VECTOR('',#320,1.);
#320 = DIRECTION('',(1.,-1.224646799147E-16,0.));
#321 = ORIENTED_EDGE('',*,*,#276,.T.);
#322 = ORIENTED_EDGE('',*,*,#108,.T.);
#323 = ORIENTED_EDGE('',*,*,#324,.F.);
#324 = EDGE_CURVE('',#325,#109,#327,.T.);
#325 = VERTEX_POINT('',#326);
#326 = CARTESIAN_POINT('',(12.45,-3.4,0.));
#327 = LINE('',#328,#329);
#328 = CARTESIAN_POINT('',(12.45,-3.4,0.));
#329 = VECTOR('',#330,1.);
#330 = DIRECTION('',(0.,0.,1.));
#331 = ORIENTED_EDGE('',*,*,#332,.F.);
#332 = EDGE_CURVE('',#333,#325,#335,.T.);
#333 = VERTEX_POINT('',#334);
#334 = CARTESIAN_POINT('',(10.75,-3.4,0.));
#335 = LINE('',#336,#337);
#336 = CARTESIAN_POINT('',(-2.45,-3.4,0.));
#337 = VECTOR('',#338,1.);
#338 = DIRECTION('',(1.,-1.224646799147E-16,0.));
#339 = ORIENTED_EDGE('',*,*,#340,.F.);
#340 = EDGE_CURVE('',#341,#333,#343,.T.);
#341 = VERTEX_POINT('',#342);
#342 = CARTESIAN_POINT('',(10.75,-3.4,1.));
#343 = LINE('',#344,#345);
#344 = CARTESIAN_POINT('',(10.75,-3.4,1.));
#345 = VECTOR('',#346,1.);
#346 = DIRECTION('',(-0.,0.,-1.));
#347 = ORIENTED_EDGE('',*,*,#348,.T.);
#348 = EDGE_CURVE('',#341,#349,#351,.T.);
#349 = VERTEX_POINT('',#350);
#350 = CARTESIAN_POINT('',(9.25,-3.4,1.));
#351 = LINE('',#352,#353);
#352 = CARTESIAN_POINT('',(10.75,-3.4,1.));
#353 = VECTOR('',#354,1.);
#354 = DIRECTION('',(-1.,1.224646799147E-16,0.));
#355 = ORIENTED_EDGE('',*,*,#356,.T.);
#356 = EDGE_CURVE('',#349,#357,#359,.T.);
#357 = VERTEX_POINT('',#358);
#358 = CARTESIAN_POINT('',(9.25,-3.4,0.));
#359 = LINE('',#360,#361);
#360 = CARTESIAN_POINT('',(9.25,-3.4,1.));
#361 = VECTOR('',#362,1.);
#362 = DIRECTION('',(-0.,0.,-1.));
#363 = ORIENTED_EDGE('',*,*,#364,.F.);
#364 = EDGE_CURVE('',#365,#357,#367,.T.);
#365 = VERTEX_POINT('',#366);
#366 = CARTESIAN_POINT('',(8.25,-3.4,0.));
#367 = LINE('',#368,#369);
#368 = CARTESIAN_POINT('',(-2.45,-3.4,0.));
#369 = VECTOR('',#370,1.);
#370 = DIRECTION('',(1.,-1.224646799147E-16,0.));
#371 = ORIENTED_EDGE('',*,*,#372,.F.);
#372 = EDGE_CURVE('',#373,#365,#375,.T.);
#373 = VERTEX_POINT('',#374);
#374 = CARTESIAN_POINT('',(8.25,-3.4,1.));
#375 = LINE('',#376,#377);
#376 = CARTESIAN_POINT('',(8.25,-3.4,1.));
#377 = VECTOR('',#378,1.);
#378 = DIRECTION('',(-0.,0.,-1.));
#379 = ORIENTED_EDGE('',*,*,#380,.T.);
#380 = EDGE_CURVE('',#373,#381,#383,.T.);
#381 = VERTEX_POINT('',#382);
#382 = CARTESIAN_POINT('',(6.75,-3.4,1.));
#383 = LINE('',#384,#385);
#384 = CARTESIAN_POINT('',(8.25,-3.4,1.));
#385 = VECTOR('',#386,1.);
#386 = DIRECTION('',(-1.,1.224646799147E-16,0.));
#387 = ORIENTED_EDGE('',*,*,#388,.T.);
#388 = EDGE_CURVE('',#381,#389,#391,.T.);
#389 = VERTEX_POINT('',#390);
#390 = CARTESIAN_POINT('',(6.75,-3.4,0.));
#391 = LINE('',#392,#393);
#392 = CARTESIAN_POINT('',(6.75,-3.4,1.));
#393 = VECTOR('',#394,1.);
#394 = DIRECTION('',(-0.,0.,-1.));
#395 = ORIENTED_EDGE('',*,*,#396,.F.);
#396 = EDGE_CURVE('',#397,#389,#399,.T.);
#397 = VERTEX_POINT('',#398);
#398 = CARTESIAN_POINT('',(5.75,-3.4,0.));
#399 = LINE('',#400,#401);
#400 = CARTESIAN_POINT('',(-2.45,-3.4,0.));
#401 = VECTOR('',#402,1.);
#402 = DIRECTION('',(1.,-1.224646799147E-16,0.));
#403 = ORIENTED_EDGE('',*,*,#404,.F.);
#404 = EDGE_CURVE('',#405,#397,#407,.T.);
#405 = VERTEX_POINT('',#406);
#406 = CARTESIAN_POINT('',(5.75,-3.4,1.));
#407 = LINE('',#408,#409);
#408 = CARTESIAN_POINT('',(5.75,-3.4,1.));
#409 = VECTOR('',#410,1.);
#410 = DIRECTION('',(-0.,0.,-1.));
#411 = ORIENTED_EDGE('',*,*,#412,.T.);
#412 = EDGE_CURVE('',#405,#413,#415,.T.);
#413 = VERTEX_POINT('',#414);
#414 = CARTESIAN_POINT('',(4.25,-3.4,1.));
#415 = LINE('',#416,#417);
#416 = CARTESIAN_POINT('',(5.75,-3.4,1.));
#417 = VECTOR('',#418,1.);
#418 = DIRECTION('',(-1.,1.224646799147E-16,0.));
#419 = ORIENTED_EDGE('',*,*,#420,.T.);
#420 = EDGE_CURVE('',#413,#421,#423,.T.);
#421 = VERTEX_POINT('',#422);
#422 = CARTESIAN_POINT('',(4.25,-3.4,0.));
#423 = LINE('',#424,#425);
#424 = CARTESIAN_POINT('',(4.25,-3.4,1.));
#425 = VECTOR('',#426,1.);
#426 = DIRECTION('',(-0.,0.,-1.));
#427 = ORIENTED_EDGE('',*,*,#428,.F.);
#428 = EDGE_CURVE('',#429,#421,#431,.T.);
#429 = VERTEX_POINT('',#430);
#430 = CARTESIAN_POINT('',(3.25,-3.4,0.));
#431 = LINE('',#432,#433);
#432 = CARTESIAN_POINT('',(-2.45,-3.4,0.));
#433 = VECTOR('',#434,1.);
#434 = DIRECTION('',(1.,-1.224646799147E-16,0.));
#435 = ORIENTED_EDGE('',*,*,#436,.F.);
#436 = EDGE_CURVE('',#437,#429,#439,.T.);
#437 = VERTEX_POINT('',#438);
#438 = CARTESIAN_POINT('',(3.25,-3.4,1.));
#439 = LINE('',#440,#441);
#440 = CARTESIAN_POINT('',(3.25,-3.4,1.));
#441 = VECTOR('',#442,1.);
#442 = DIRECTION('',(-0.,0.,-1.));
#443 = ORIENTED_EDGE('',*,*,#444,.T.);
#444 = EDGE_CURVE('',#437,#445,#447,.T.);
#445 = VERTEX_POINT('',#446);
#446 = CARTESIAN_POINT('',(1.75,-3.4,1.));
#447 = LINE('',#448,#449);
#448 = CARTESIAN_POINT('',(3.25,-3.4,1.));
#449 = VECTOR('',#450,1.);
#450 = DIRECTION('',(-1.,1.224646799147E-16,0.));
#451 = ORIENTED_EDGE('',*,*,#452,.T.);
#452 = EDGE_CURVE('',#445,#453,#455,.T.);
#453 = VERTEX_POINT('',#454);
#454 = CARTESIAN_POINT('',(1.75,-3.4,0.));
#455 = LINE('',#456,#457);
#456 = CARTESIAN_POINT('',(1.75,-3.4,1.));
#457 = VECTOR('',#458,1.);
#458 = DIRECTION('',(-0.,0.,-1.));
#459 = ORIENTED_EDGE('',*,*,#460,.F.);
#460 = EDGE_CURVE('',#461,#453,#463,.T.);
#461 = VERTEX_POINT('',#462);
#462 = CARTESIAN_POINT('',(0.75,-3.4,0.));
#463 = LINE('',#464,#465);
#464 = CARTESIAN_POINT('',(-2.45,-3.4,0.));
#465 = VECTOR('',#466,1.);
#466 = DIRECTION('',(1.,-1.224646799147E-16,0.));
#467 = ORIENTED_EDGE('',*,*,#468,.F.);
#468 = EDGE_CURVE('',#469,#461,#471,.T.);
#469 = VERTEX_POINT('',#470);
#470 = CARTESIAN_POINT('',(0.75,-3.4,1.));
#471 = LINE('',#472,#473);
#472 = CARTESIAN_POINT('',(0.75,-3.4,1.));
#473 = VECTOR('',#474,1.);
#474 = DIRECTION('',(-0.,0.,-1.));
#475 = ORIENTED_EDGE('',*,*,#476,.T.);
#476 = EDGE_CURVE('',#469,#477,#479,.T.);
#477 = VERTEX_POINT('',#478);
#478 = CARTESIAN_POINT('',(-0.75,-3.4,1.));
#479 = LINE('',#480,#481);
#480 = CARTESIAN_POINT('',(0.75,-3.4,1.));
#481 = VECTOR('',#482,1.);
#482 = DIRECTION('',(-1.,1.224646799147E-16,0.));
#483 = ORIENTED_EDGE('',*,*,#484,.T.);
#484 = EDGE_CURVE('',#477,#315,#485,.T.);
#485 = LINE('',#486,#487);
#486 = CARTESIAN_POINT('',(-0.75,-3.4,1.));
#487 = VECTOR('',#488,1.);
#488 = DIRECTION('',(-0.,0.,-1.));
#489 = PLANE('',#490);
#490 = AXIS2_PLACEMENT_3D('',#491,#492,#493);
#491 = CARTESIAN_POINT('',(-2.45,-3.4,0.));
#492 = DIRECTION('',(1.224646799147E-16,1.,0.));
#493 = DIRECTION('',(1.,-1.224646799147E-16,0.));
#494 = ADVANCED_FACE('',(#495),#513,.F.);
#495 = FACE_BOUND('',#496,.T.);
#496 = EDGE_LOOP('',(#497,#498,#499,#507));
#497 = ORIENTED_EDGE('',*,*,#292,.F.);
#498 = ORIENTED_EDGE('',*,*,#132,.T.);
#499 = ORIENTED_EDGE('',*,*,#500,.T.);
#500 = EDGE_CURVE('',#125,#501,#503,.T.);
#501 = VERTEX_POINT('',#502);
#502 = CARTESIAN_POINT('',(11.6,0.5,6.8));
#503 = LINE('',#504,#505);
#504 = CARTESIAN_POINT('',(11.075,0.5,6.275));
#505 = VECTOR('',#506,1.);
#506 = DIRECTION('',(-0.707106781187,8.659560562349E-17,-0.707106781187)
  );
#507 = ORIENTED_EDGE('',*,*,#508,.F.);
#508 = EDGE_CURVE('',#293,#501,#509,.T.);
#509 = LINE('',#510,#511);
#510 = CARTESIAN_POINT('',(11.6,-2.65,6.8));
#511 = VECTOR('',#512,1.);
#512 = DIRECTION('',(1.224646799147E-16,1.,0.));
#513 = PLANE('',#514);
#514 = AXIS2_PLACEMENT_3D('',#515,#516,#517);
#515 = CARTESIAN_POINT('',(11.7,-2.65,6.9));
#516 = DIRECTION('',(0.707106781187,-8.659560562349E-17,-0.707106781187)
  );
#517 = DIRECTION('',(-1.224646799147E-16,-1.,-2.105272540809E-29));
#518 = ADVANCED_FACE('',(#519),#578,.F.);
#519 = FACE_BOUND('',#520,.F.);
#520 = EDGE_LOOP('',(#521,#529,#530,#531,#539,#547,#556,#564,#572));
#521 = ORIENTED_EDGE('',*,*,#522,.F.);
#522 = EDGE_CURVE('',#325,#523,#525,.T.);
#523 = VERTEX_POINT('',#524);
#524 = CARTESIAN_POINT('',(12.45,2.35,0.));
#525 = LINE('',#526,#527);
#526 = CARTESIAN_POINT('',(12.45,-3.4,0.));
#527 = VECTOR('',#528,1.);
#528 = DIRECTION('',(1.224646799147E-16,1.,0.));
#529 = ORIENTED_EDGE('',*,*,#324,.T.);
#530 = ORIENTED_EDGE('',*,*,#116,.T.);
#531 = ORIENTED_EDGE('',*,*,#532,.F.);
#532 = EDGE_CURVE('',#533,#117,#535,.T.);
#533 = VERTEX_POINT('',#534);
#534 = CARTESIAN_POINT('',(12.45,0.5,3.65));
#535 = LINE('',#536,#537);
#536 = CARTESIAN_POINT('',(12.45,0.5,3.65));
#537 = VECTOR('',#538,1.);
#538 = DIRECTION('',(0.,0.,1.));
#539 = ORIENTED_EDGE('',*,*,#540,.F.);
#540 = EDGE_CURVE('',#541,#533,#543,.T.);
#541 = VERTEX_POINT('',#542);
#542 = CARTESIAN_POINT('',(12.45,1.,3.65));
#543 = LINE('',#544,#545);
#544 = CARTESIAN_POINT('',(12.45,1.,3.65));
#545 = VECTOR('',#546,1.);
#546 = DIRECTION('',(-1.224646799147E-16,-1.,0.));
#547 = ORIENTED_EDGE('',*,*,#548,.F.);
#548 = EDGE_CURVE('',#549,#541,#551,.T.);
#549 = VERTEX_POINT('',#550);
#550 = CARTESIAN_POINT('',(12.45,1.5,4.15));
#551 = CIRCLE('',#552,0.5);
#552 = AXIS2_PLACEMENT_3D('',#553,#554,#555);
#553 = CARTESIAN_POINT('',(12.45,1.,4.15));
#554 = DIRECTION('',(-1.,1.224646799147E-16,0.));
#555 = DIRECTION('',(1.224646799147E-16,1.,0.));
#556 = ORIENTED_EDGE('',*,*,#557,.F.);
#557 = EDGE_CURVE('',#558,#549,#560,.T.);
#558 = VERTEX_POINT('',#559);
#559 = CARTESIAN_POINT('',(12.45,1.5,7.));
#560 = LINE('',#561,#562);
#561 = CARTESIAN_POINT('',(12.45,1.5,7.));
#562 = VECTOR('',#563,1.);
#563 = DIRECTION('',(-0.,0.,-1.));
#564 = ORIENTED_EDGE('',*,*,#565,.T.);
#565 = EDGE_CURVE('',#558,#566,#568,.T.);
#566 = VERTEX_POINT('',#567);
#567 = CARTESIAN_POINT('',(12.45,2.35,7.));
#568 = LINE('',#569,#570);
#569 = CARTESIAN_POINT('',(12.45,-3.4,7.));
#570 = VECTOR('',#571,1.);
#571 = DIRECTION('',(1.224646799147E-16,1.,0.));
#572 = ORIENTED_EDGE('',*,*,#573,.F.);
#573 = EDGE_CURVE('',#523,#566,#574,.T.);
#574 = LINE('',#575,#576);
#575 = CARTESIAN_POINT('',(12.45,2.35,0.));
#576 = VECTOR('',#577,1.);
#577 = DIRECTION('',(0.,0.,1.));
#578 = PLANE('',#579);
#579 = AXIS2_PLACEMENT_3D('',#580,#581,#582);
#580 = CARTESIAN_POINT('',(12.45,-3.4,0.));
#581 = DIRECTION('',(-1.,1.224646799147E-16,0.));
#582 = DIRECTION('',(1.224646799147E-16,1.,0.));
#583 = ADVANCED_FACE('',(#584),#603,.T.);
#584 = FACE_BOUND('',#585,.T.);
#585 = EDGE_LOOP('',(#586,#587,#588,#596,#602));
#586 = ORIENTED_EDGE('',*,*,#124,.F.);
#587 = ORIENTED_EDGE('',*,*,#532,.F.);
#588 = ORIENTED_EDGE('',*,*,#589,.T.);
#589 = EDGE_CURVE('',#533,#590,#592,.T.);
#590 = VERTEX_POINT('',#591);
#591 = CARTESIAN_POINT('',(11.6,0.5,3.65));
#592 = LINE('',#593,#594);
#593 = CARTESIAN_POINT('',(12.45,0.5,3.65));
#594 = VECTOR('',#595,1.);
#595 = DIRECTION('',(-1.,1.224646799147E-16,0.));
#596 = ORIENTED_EDGE('',*,*,#597,.T.);
#597 = EDGE_CURVE('',#590,#501,#598,.T.);
#598 = LINE('',#599,#600);
#599 = CARTESIAN_POINT('',(11.6,0.5,5.325));
#600 = VECTOR('',#601,1.);
#601 = DIRECTION('',(0.,0.,1.));
#602 = ORIENTED_EDGE('',*,*,#500,.F.);
#603 = PLANE('',#604);
#604 = AXIS2_PLACEMENT_3D('',#605,#606,#607);
#605 = CARTESIAN_POINT('',(12.45,0.5,3.65));
#606 = DIRECTION('',(1.224646799147E-16,1.,0.));
#607 = DIRECTION('',(0.,-0.,1.));
#608 = ADVANCED_FACE('',(#609),#652,.F.);
#609 = FACE_BOUND('',#610,.F.);
#610 = EDGE_LOOP('',(#611,#612,#620,#629,#637,#645,#651));
#611 = ORIENTED_EDGE('',*,*,#162,.T.);
#612 = ORIENTED_EDGE('',*,*,#613,.T.);
#613 = EDGE_CURVE('',#165,#614,#616,.T.);
#614 = VERTEX_POINT('',#615);
#615 = CARTESIAN_POINT('',(-1.6,1.,3.65));
#616 = LINE('',#617,#618);
#617 = CARTESIAN_POINT('',(-1.6,1.25,3.65));
#618 = VECTOR('',#619,1.);
#619 = DIRECTION('',(1.224646799147E-16,1.,0.));
#620 = ORIENTED_EDGE('',*,*,#621,.T.);
#621 = EDGE_CURVE('',#614,#622,#624,.T.);
#622 = VERTEX_POINT('',#623);
#623 = CARTESIAN_POINT('',(-1.6,1.5,4.15));
#624 = CIRCLE('',#625,0.5);
#625 = AXIS2_PLACEMENT_3D('',#626,#627,#628);
#626 = CARTESIAN_POINT('',(-1.6,1.,4.15));
#627 = DIRECTION('',(1.,-1.224646799147E-16,0.));
#628 = DIRECTION('',(1.224646799147E-16,1.,0.));
#629 = ORIENTED_EDGE('',*,*,#630,.T.);
#630 = EDGE_CURVE('',#622,#631,#633,.T.);
#631 = VERTEX_POINT('',#632);
#632 = CARTESIAN_POINT('',(-1.6,1.5,1.85));
#633 = LINE('',#634,#635);
#634 = CARTESIAN_POINT('',(-1.6,1.5,7.));
#635 = VECTOR('',#636,1.);
#636 = DIRECTION('',(0.,0.,-1.));
#637 = ORIENTED_EDGE('',*,*,#638,.T.);
#638 = EDGE_CURVE('',#631,#639,#641,.T.);
#639 = VERTEX_POINT('',#640);
#640 = CARTESIAN_POINT('',(-1.6,-2.65,1.85));
#641 = LINE('',#642,#643);
#642 = CARTESIAN_POINT('',(-1.6,1.5,1.85));
#643 = VECTOR('',#644,1.);
#644 = DIRECTION('',(-1.224646799147E-16,-1.,0.));
#645 = ORIENTED_EDGE('',*,*,#646,.F.);
#646 = EDGE_CURVE('',#204,#639,#647,.T.);
#647 = LINE('',#648,#649);
#648 = CARTESIAN_POINT('',(-1.6,-2.65,7.));
#649 = VECTOR('',#650,1.);
#650 = DIRECTION('',(0.,0.,-1.));
#651 = ORIENTED_EDGE('',*,*,#211,.F.);
#652 = PLANE('',#653);
#653 = AXIS2_PLACEMENT_3D('',#654,#655,#656);
#654 = CARTESIAN_POINT('',(-1.6,1.5,7.));
#655 = DIRECTION('',(-1.,1.224646799147E-16,0.));
#656 = DIRECTION('',(-1.224646799147E-16,-1.,0.));
#657 = ADVANCED_FACE('',(#658),#669,.T.);
#658 = FACE_BOUND('',#659,.T.);
#659 = EDGE_LOOP('',(#660,#661,#667,#668));
#660 = ORIENTED_EDGE('',*,*,#613,.T.);
#661 = ORIENTED_EDGE('',*,*,#662,.T.);
#662 = EDGE_CURVE('',#614,#260,#663,.T.);
#663 = LINE('',#664,#665);
#664 = CARTESIAN_POINT('',(12.45,1.,3.65));
#665 = VECTOR('',#666,1.);
#666 = DIRECTION('',(-1.,1.224646799147E-16,0.));
#667 = ORIENTED_EDGE('',*,*,#268,.T.);
#668 = ORIENTED_EDGE('',*,*,#172,.F.);
#669 = PLANE('',#670);
#670 = AXIS2_PLACEMENT_3D('',#671,#672,#673);
#671 = CARTESIAN_POINT('',(12.45,1.,3.65));
#672 = DIRECTION('',(0.,0.,1.));
#673 = DIRECTION('',(-1.224646799147E-16,-1.,0.));
#674 = ADVANCED_FACE('',(#675),#693,.F.);
#675 = FACE_BOUND('',#676,.F.);
#676 = EDGE_LOOP('',(#677,#685,#691,#692));
#677 = ORIENTED_EDGE('',*,*,#678,.T.);
#678 = EDGE_CURVE('',#315,#679,#681,.T.);
#679 = VERTEX_POINT('',#680);
#680 = CARTESIAN_POINT('',(-0.75,2.35,0.));
#681 = LINE('',#682,#683);
#682 = CARTESIAN_POINT('',(-0.75,-3.4,0.));
#683 = VECTOR('',#684,1.);
#684 = DIRECTION('',(1.224646799147E-16,1.,0.));
#685 = ORIENTED_EDGE('',*,*,#686,.T.);
#686 = EDGE_CURVE('',#679,#226,#687,.T.);
#687 = LINE('',#688,#689);
#688 = CARTESIAN_POINT('',(12.45,2.35,0.));
#689 = VECTOR('',#690,1.);
#690 = DIRECTION('',(-1.,1.224646799147E-16,0.));
#691 = ORIENTED_EDGE('',*,*,#225,.T.);
#692 = ORIENTED_EDGE('',*,*,#314,.T.);
#693 = PLANE('',#694);
#694 = AXIS2_PLACEMENT_3D('',#695,#696,#697);
#695 = CARTESIAN_POINT('',(5.,-0.525,0.));
#696 = DIRECTION('',(0.,0.,1.));
#697 = DIRECTION('',(-1.,1.224646799147E-16,0.));
#698 = ADVANCED_FACE('',(#699),#710,.F.);
#699 = FACE_BOUND('',#700,.F.);
#700 = EDGE_LOOP('',(#701,#702,#703,#709));
#701 = ORIENTED_EDGE('',*,*,#662,.T.);
#702 = ORIENTED_EDGE('',*,*,#259,.T.);
#703 = ORIENTED_EDGE('',*,*,#704,.F.);
#704 = EDGE_CURVE('',#622,#252,#705,.T.);
#705 = LINE('',#706,#707);
#706 = CARTESIAN_POINT('',(12.45,1.5,4.15));
#707 = VECTOR('',#708,1.);
#708 = DIRECTION('',(-1.,1.224646799147E-16,0.));
#709 = ORIENTED_EDGE('',*,*,#621,.F.);
#710 = CYLINDRICAL_SURFACE('',#711,0.5);
#711 = AXIS2_PLACEMENT_3D('',#712,#713,#714);
#712 = CARTESIAN_POINT('',(12.45,1.,4.15));
#713 = DIRECTION('',(1.,-1.224646799147E-16,-0.));
#714 = DIRECTION('',(1.224646799147E-16,1.,0.));
#715 = ADVANCED_FACE('',(#716),#880,.T.);
#716 = FACE_BOUND('',#717,.T.);
#717 = EDGE_LOOP('',(#718,#719,#727,#735,#743,#751,#759,#768,#776,#784,
    #792,#800,#808,#817,#825,#833,#841,#849,#855,#856,#857,#858,#866,
    #874));
#718 = ORIENTED_EDGE('',*,*,#557,.F.);
#719 = ORIENTED_EDGE('',*,*,#720,.T.);
#720 = EDGE_CURVE('',#558,#721,#723,.T.);
#721 = VERTEX_POINT('',#722);
#722 = CARTESIAN_POINT('',(10.5,1.5,7.));
#723 = LINE('',#724,#725);
#724 = CARTESIAN_POINT('',(12.45,1.5,7.));
#725 = VECTOR('',#726,1.);
#726 = DIRECTION('',(-1.,1.224646799147E-16,0.));
#727 = ORIENTED_EDGE('',*,*,#728,.T.);
#728 = EDGE_CURVE('',#721,#729,#731,.T.);
#729 = VERTEX_POINT('',#730);
#730 = CARTESIAN_POINT('',(10.5,1.5,6.1));
#731 = LINE('',#732,#733);
#732 = CARTESIAN_POINT('',(10.5,1.5,5.311253117207));
#733 = VECTOR('',#734,1.);
#734 = DIRECTION('',(1.04233387337E-32,8.511301985975E-17,-1.));
#735 = ORIENTED_EDGE('',*,*,#736,.T.);
#736 = EDGE_CURVE('',#729,#737,#739,.T.);
#737 = VERTEX_POINT('',#738);
#738 = CARTESIAN_POINT('',(10.25,1.5,5.85));
#739 = LINE('',#740,#741);
#740 = CARTESIAN_POINT('',(8.605626558603,1.5,4.205626558603));
#741 = VECTOR('',#742,1.);
#742 = DIRECTION('',(-0.707106781187,1.467795991335E-16,-0.707106781187)
  );
#743 = ORIENTED_EDGE('',*,*,#744,.T.);
#744 = EDGE_CURVE('',#737,#745,#747,.T.);
#745 = VERTEX_POINT('',#746);
#746 = CARTESIAN_POINT('',(10.5,1.5,5.6));
#747 = LINE('',#748,#749);
#748 = CARTESIAN_POINT('',(9.394373441397,1.5,6.705626558603));
#749 = VECTOR('',#750,1.);
#750 = DIRECTION('',(0.707106781187,-2.641161211344E-17,-0.707106781187)
  );
#751 = ORIENTED_EDGE('',*,*,#752,.T.);
#752 = EDGE_CURVE('',#745,#753,#755,.T.);
#753 = VERTEX_POINT('',#754);
#754 = CARTESIAN_POINT('',(10.5,1.5,3.85));
#755 = LINE('',#756,#757);
#756 = CARTESIAN_POINT('',(10.5,1.5,3.811253117207));
#757 = VECTOR('',#758,1.);
#758 = DIRECTION('',(1.04233387337E-32,8.511301985975E-17,-1.));
#759 = ORIENTED_EDGE('',*,*,#760,.F.);
#760 = EDGE_CURVE('',#761,#753,#763,.T.);
#761 = VERTEX_POINT('',#762);
#762 = CARTESIAN_POINT('',(9.75,1.5,3.1));
#763 = CIRCLE('',#764,0.75);
#764 = AXIS2_PLACEMENT_3D('',#765,#766,#767);
#765 = CARTESIAN_POINT('',(9.75,1.5,3.85));
#766 = DIRECTION('',(-1.224646799147E-16,-1.,0.));
#767 = DIRECTION('',(-0.,0.,-1.));
#768 = ORIENTED_EDGE('',*,*,#769,.T.);
#769 = EDGE_CURVE('',#761,#770,#772,.T.);
#770 = VERTEX_POINT('',#771);
#771 = CARTESIAN_POINT('',(9.,1.5,3.1));
#772 = LINE('',#773,#774);
#773 = CARTESIAN_POINT('',(7.,1.5,3.1));
#774 = VECTOR('',#775,1.);
#775 = DIRECTION('',(-1.,1.224646799147E-16,0.));
#776 = ORIENTED_EDGE('',*,*,#777,.T.);
#777 = EDGE_CURVE('',#770,#778,#780,.T.);
#778 = VERTEX_POINT('',#779);
#779 = CARTESIAN_POINT('',(9.,1.5,7.));
#780 = LINE('',#781,#782);
#781 = CARTESIAN_POINT('',(9.,1.5,5.761253117207));
#782 = VECTOR('',#783,1.);
#783 = DIRECTION('',(-1.04233387337E-32,-8.511301985975E-17,1.));
#784 = ORIENTED_EDGE('',*,*,#785,.T.);
#785 = EDGE_CURVE('',#778,#786,#788,.T.);
#786 = VERTEX_POINT('',#787);
#787 = CARTESIAN_POINT('',(1.,1.5,7.));
#788 = LINE('',#789,#790);
#789 = CARTESIAN_POINT('',(12.45,1.5,7.));
#790 = VECTOR('',#791,1.);
#791 = DIRECTION('',(-1.,1.224646799147E-16,0.));
#792 = ORIENTED_EDGE('',*,*,#793,.F.);
#793 = EDGE_CURVE('',#794,#786,#796,.T.);
#794 = VERTEX_POINT('',#795);
#795 = CARTESIAN_POINT('',(1.,1.5,3.1));
#796 = LINE('',#797,#798);
#797 = CARTESIAN_POINT('',(1.,1.5,5.761253117207));
#798 = VECTOR('',#799,1.);
#799 = DIRECTION('',(-1.04233387337E-32,-8.511301985975E-17,1.));
#800 = ORIENTED_EDGE('',*,*,#801,.F.);
#801 = EDGE_CURVE('',#802,#794,#804,.T.);
#802 = VERTEX_POINT('',#803);
#803 = CARTESIAN_POINT('',(0.25,1.5,3.1));
#804 = LINE('',#805,#806);
#805 = CARTESIAN_POINT('',(3.,1.5,3.1));
#806 = VECTOR('',#807,1.);
#807 = DIRECTION('',(1.,-1.224646799147E-16,0.));
#808 = ORIENTED_EDGE('',*,*,#809,.F.);
#809 = EDGE_CURVE('',#810,#802,#812,.T.);
#810 = VERTEX_POINT('',#811);
#811 = CARTESIAN_POINT('',(-0.5,1.5,3.85));
#812 = CIRCLE('',#813,0.75);
#813 = AXIS2_PLACEMENT_3D('',#814,#815,#816);
#814 = CARTESIAN_POINT('',(0.25,1.5,3.85));
#815 = DIRECTION('',(-1.224646799147E-16,-1.,0.));
#816 = DIRECTION('',(-0.,0.,-1.));
#817 = ORIENTED_EDGE('',*,*,#818,.F.);
#818 = EDGE_CURVE('',#819,#810,#821,.T.);
#819 = VERTEX_POINT('',#820);
#820 = CARTESIAN_POINT('',(-0.5,1.5,5.6));
#821 = LINE('',#822,#823);
#822 = CARTESIAN_POINT('',(-0.5,1.5,3.811253117207));
#823 = VECTOR('',#824,1.);
#824 = DIRECTION('',(1.04233387337E-32,8.511301985975E-17,-1.));
#825 = ORIENTED_EDGE('',*,*,#826,.F.);
#826 = EDGE_CURVE('',#827,#819,#829,.T.);
#827 = VERTEX_POINT('',#828);
#828 = CARTESIAN_POINT('',(-0.25,1.5,5.85));
#829 = LINE('',#830,#831);
#830 = CARTESIAN_POINT('',(0.605626558603,1.5,6.705626558603));
#831 = VECTOR('',#832,1.);
#832 = DIRECTION('',(-0.707106781187,1.467795991335E-16,-0.707106781187)
  );
#833 = ORIENTED_EDGE('',*,*,#834,.F.);
#834 = EDGE_CURVE('',#835,#827,#837,.T.);
#835 = VERTEX_POINT('',#836);
#836 = CARTESIAN_POINT('',(-0.5,1.5,6.1));
#837 = LINE('',#838,#839);
#838 = CARTESIAN_POINT('',(1.394373441397,1.5,4.205626558603));
#839 = VECTOR('',#840,1.);
#840 = DIRECTION('',(0.707106781187,-2.641161211344E-17,-0.707106781187)
  );
#841 = ORIENTED_EDGE('',*,*,#842,.F.);
#842 = EDGE_CURVE('',#843,#835,#845,.T.);
#843 = VERTEX_POINT('',#844);
#844 = CARTESIAN_POINT('',(-0.5,1.5,7.));
#845 = LINE('',#846,#847);
#846 = CARTESIAN_POINT('',(-0.5,1.5,5.311253117207));
#847 = VECTOR('',#848,1.);
#848 = DIRECTION('',(1.04233387337E-32,8.511301985975E-17,-1.));
#849 = ORIENTED_EDGE('',*,*,#850,.T.);
#850 = EDGE_CURVE('',#843,#244,#851,.T.);
#851 = LINE('',#852,#853);
#852 = CARTESIAN_POINT('',(12.45,1.5,7.));
#853 = VECTOR('',#854,1.);
#854 = DIRECTION('',(-1.,1.224646799147E-16,0.));
#855 = ORIENTED_EDGE('',*,*,#251,.T.);
#856 = ORIENTED_EDGE('',*,*,#704,.F.);
#857 = ORIENTED_EDGE('',*,*,#630,.T.);
#858 = ORIENTED_EDGE('',*,*,#859,.F.);
#859 = EDGE_CURVE('',#860,#631,#862,.T.);
#860 = VERTEX_POINT('',#861);
#861 = CARTESIAN_POINT('',(11.6,1.5,1.85));
#862 = LINE('',#863,#864);
#863 = CARTESIAN_POINT('',(11.6,1.5,1.85));
#864 = VECTOR('',#865,1.);
#865 = DIRECTION('',(-1.,1.224646799147E-16,0.));
#866 = ORIENTED_EDGE('',*,*,#867,.F.);
#867 = EDGE_CURVE('',#868,#860,#870,.T.);
#868 = VERTEX_POINT('',#869);
#869 = CARTESIAN_POINT('',(11.6,1.5,4.15));
#870 = LINE('',#871,#872);
#871 = CARTESIAN_POINT('',(11.6,1.5,7.));
#872 = VECTOR('',#873,1.);
#873 = DIRECTION('',(0.,0.,-1.));
#874 = ORIENTED_EDGE('',*,*,#875,.F.);
#875 = EDGE_CURVE('',#549,#868,#876,.T.);
#876 = LINE('',#877,#878);
#877 = CARTESIAN_POINT('',(12.45,1.5,4.15));
#878 = VECTOR('',#879,1.);
#879 = DIRECTION('',(-1.,1.224646799147E-16,0.));
#880 = PLANE('',#881);
#881 = AXIS2_PLACEMENT_3D('',#882,#883,#884);
#882 = CARTESIAN_POINT('',(5.,1.5,4.522506234414));
#883 = DIRECTION('',(-1.224646799147E-16,-1.,-8.511301985975E-17));
#884 = DIRECTION('',(-1.04233387337E-32,-8.511301985975E-17,1.));
#885 = ADVANCED_FACE('',(#886),#904,.T.);
#886 = FACE_BOUND('',#887,.T.);
#887 = EDGE_LOOP('',(#888,#889,#897,#903));
#888 = ORIENTED_EDGE('',*,*,#850,.F.);
#889 = ORIENTED_EDGE('',*,*,#890,.F.);
#890 = EDGE_CURVE('',#891,#843,#893,.T.);
#891 = VERTEX_POINT('',#892);
#892 = CARTESIAN_POINT('',(-0.5,2.35,7.));
#893 = LINE('',#894,#895);
#894 = CARTESIAN_POINT('',(-0.5,2.35,7.));
#895 = VECTOR('',#896,1.);
#896 = DIRECTION('',(-1.224646799147E-16,-1.,0.));
#897 = ORIENTED_EDGE('',*,*,#898,.T.);
#898 = EDGE_CURVE('',#891,#236,#899,.T.);
#899 = LINE('',#900,#901);
#900 = CARTESIAN_POINT('',(12.45,2.35,7.));
#901 = VECTOR('',#902,1.);
#902 = DIRECTION('',(-1.,1.224646799147E-16,0.));
#903 = ORIENTED_EDGE('',*,*,#243,.T.);
#904 = PLANE('',#905);
#905 = AXIS2_PLACEMENT_3D('',#906,#907,#908);
#906 = CARTESIAN_POINT('',(5.,-0.525,7.));
#907 = DIRECTION('',(0.,0.,1.));
#908 = DIRECTION('',(-1.,1.224646799147E-16,0.));
#909 = ADVANCED_FACE('',(#910),#1202,.F.);
#910 = FACE_BOUND('',#911,.F.);
#911 = EDGE_LOOP('',(#912,#920,#921,#929,#937,#945,#953,#961,#970,#978,
    #986,#994,#1002,#1010,#1019,#1027,#1035,#1043,#1049,#1050,#1051,
    #1052,#1060,#1068,#1076,#1084,#1092,#1100,#1108,#1116,#1124,#1132,
    #1140,#1148,#1156,#1164,#1172,#1180,#1188,#1196));
#912 = ORIENTED_EDGE('',*,*,#913,.F.);
#913 = EDGE_CURVE('',#523,#914,#916,.T.);
#914 = VERTEX_POINT('',#915);
#915 = CARTESIAN_POINT('',(10.75,2.35,0.));
#916 = LINE('',#917,#918);
#917 = CARTESIAN_POINT('',(12.45,2.35,0.));
#918 = VECTOR('',#919,1.);
#919 = DIRECTION('',(-1.,1.224646799147E-16,0.));
#920 = ORIENTED_EDGE('',*,*,#573,.T.);
#921 = ORIENTED_EDGE('',*,*,#922,.T.);
#922 = EDGE_CURVE('',#566,#923,#925,.T.);
#923 = VERTEX_POINT('',#924);
#924 = CARTESIAN_POINT('',(10.5,2.35,7.));
#925 = LINE('',#926,#927);
#926 = CARTESIAN_POINT('',(12.45,2.35,7.));
#927 = VECTOR('',#928,1.);
#928 = DIRECTION('',(-1.,1.224646799147E-16,0.));
#929 = ORIENTED_EDGE('',*,*,#930,.F.);
#930 = EDGE_CURVE('',#931,#923,#933,.T.);
#931 = VERTEX_POINT('',#932);
#932 = CARTESIAN_POINT('',(10.5,2.35,6.1));
#933 = LINE('',#934,#935);
#934 = CARTESIAN_POINT('',(10.5,2.35,6.1));
#935 = VECTOR('',#936,1.);
#936 = DIRECTION('',(0.,0.,1.));
#937 = ORIENTED_EDGE('',*,*,#938,.F.);
#938 = EDGE_CURVE('',#939,#931,#941,.T.);
#939 = VERTEX_POINT('',#940);
#940 = CARTESIAN_POINT('',(10.25,2.35,5.85));
#941 = LINE('',#942,#943);
#942 = CARTESIAN_POINT('',(10.25,2.35,5.85));
#943 = VECTOR('',#944,1.);
#944 = DIRECTION('',(0.707106781187,-8.659560562349E-17,0.707106781187)
  );
#945 = ORIENTED_EDGE('',*,*,#946,.F.);
#946 = EDGE_CURVE('',#947,#939,#949,.T.);
#947 = VERTEX_POINT('',#948);
#948 = CARTESIAN_POINT('',(10.5,2.35,5.6));
#949 = LINE('',#950,#951);
#950 = CARTESIAN_POINT('',(10.5,2.35,5.6));
#951 = VECTOR('',#952,1.);
#952 = DIRECTION('',(-0.707106781187,8.659560562349E-17,0.707106781187)
  );
#953 = ORIENTED_EDGE('',*,*,#954,.F.);
#954 = EDGE_CURVE('',#955,#947,#957,.T.);
#955 = VERTEX_POINT('',#956);
#956 = CARTESIAN_POINT('',(10.5,2.35,3.85));
#957 = LINE('',#958,#959);
#958 = CARTESIAN_POINT('',(10.5,2.35,3.1));
#959 = VECTOR('',#960,1.);
#960 = DIRECTION('',(0.,0.,1.));
#961 = ORIENTED_EDGE('',*,*,#962,.F.);
#962 = EDGE_CURVE('',#963,#955,#965,.T.);
#963 = VERTEX_POINT('',#964);
#964 = CARTESIAN_POINT('',(9.75,2.35,3.1));
#965 = CIRCLE('',#966,0.75);
#966 = AXIS2_PLACEMENT_3D('',#967,#968,#969);
#967 = CARTESIAN_POINT('',(9.75,2.35,3.85));
#968 = DIRECTION('',(-1.224646799147E-16,-1.,0.));
#969 = DIRECTION('',(0.,0.,1.));
#970 = ORIENTED_EDGE('',*,*,#971,.F.);
#971 = EDGE_CURVE('',#972,#963,#974,.T.);
#972 = VERTEX_POINT('',#973);
#973 = CARTESIAN_POINT('',(9.,2.35,3.1));
#974 = LINE('',#975,#976);
#975 = CARTESIAN_POINT('',(9.,2.35,3.1));
#976 = VECTOR('',#977,1.);
#977 = DIRECTION('',(1.,-1.224646799147E-16,0.));
#978 = ORIENTED_EDGE('',*,*,#979,.F.);
#979 = EDGE_CURVE('',#980,#972,#982,.T.);
#980 = VERTEX_POINT('',#981);
#981 = CARTESIAN_POINT('',(9.,2.35,7.));
#982 = LINE('',#983,#984);
#983 = CARTESIAN_POINT('',(9.,2.35,7.));
#984 = VECTOR('',#985,1.);
#985 = DIRECTION('',(-0.,0.,-1.));
#986 = ORIENTED_EDGE('',*,*,#987,.T.);
#987 = EDGE_CURVE('',#980,#988,#990,.T.);
#988 = VERTEX_POINT('',#989);
#989 = CARTESIAN_POINT('',(1.,2.35,7.));
#990 = LINE('',#991,#992);
#991 = CARTESIAN_POINT('',(12.45,2.35,7.));
#992 = VECTOR('',#993,1.);
#993 = DIRECTION('',(-1.,1.224646799147E-16,0.));
#994 = ORIENTED_EDGE('',*,*,#995,.T.);
#995 = EDGE_CURVE('',#988,#996,#998,.T.);
#996 = VERTEX_POINT('',#997);
#997 = CARTESIAN_POINT('',(1.,2.35,3.1));
#998 = LINE('',#999,#1000);
#999 = CARTESIAN_POINT('',(1.,2.35,7.));
#1000 = VECTOR('',#1001,1.);
#1001 = DIRECTION('',(-0.,0.,-1.));
#1002 = ORIENTED_EDGE('',*,*,#1003,.T.);
#1003 = EDGE_CURVE('',#996,#1004,#1006,.T.);
#1004 = VERTEX_POINT('',#1005);
#1005 = CARTESIAN_POINT('',(0.25,2.35,3.1));
#1006 = LINE('',#1007,#1008);
#1007 = CARTESIAN_POINT('',(1.,2.35,3.1));
#1008 = VECTOR('',#1009,1.);
#1009 = DIRECTION('',(-1.,1.224646799147E-16,0.));
#1010 = ORIENTED_EDGE('',*,*,#1011,.T.);
#1011 = EDGE_CURVE('',#1004,#1012,#1014,.T.);
#1012 = VERTEX_POINT('',#1013);
#1013 = CARTESIAN_POINT('',(-0.5,2.35,3.85));
#1014 = CIRCLE('',#1015,0.75);
#1015 = AXIS2_PLACEMENT_3D('',#1016,#1017,#1018);
#1016 = CARTESIAN_POINT('',(0.25,2.35,3.85));
#1017 = DIRECTION('',(1.224646799147E-16,1.,-0.));
#1018 = DIRECTION('',(0.,0.,1.));
#1019 = ORIENTED_EDGE('',*,*,#1020,.T.);
#1020 = EDGE_CURVE('',#1012,#1021,#1023,.T.);
#1021 = VERTEX_POINT('',#1022);
#1022 = CARTESIAN_POINT('',(-0.5,2.35,5.6));
#1023 = LINE('',#1024,#1025);
#1024 = CARTESIAN_POINT('',(-0.5,2.35,3.1));
#1025 = VECTOR('',#1026,1.);
#1026 = DIRECTION('',(0.,0.,1.));
#1027 = ORIENTED_EDGE('',*,*,#1028,.T.);
#1028 = EDGE_CURVE('',#1021,#1029,#1031,.T.);
#1029 = VERTEX_POINT('',#1030);
#1030 = CARTESIAN_POINT('',(-0.25,2.35,5.85));
#1031 = LINE('',#1032,#1033);
#1032 = CARTESIAN_POINT('',(-0.5,2.35,5.6));
#1033 = VECTOR('',#1034,1.);
#1034 = DIRECTION('',(0.707106781187,-8.659560562349E-17,0.707106781187)
  );
#1035 = ORIENTED_EDGE('',*,*,#1036,.T.);
#1036 = EDGE_CURVE('',#1029,#1037,#1039,.T.);
#1037 = VERTEX_POINT('',#1038);
#1038 = CARTESIAN_POINT('',(-0.5,2.35,6.1));
#1039 = LINE('',#1040,#1041);
#1040 = CARTESIAN_POINT('',(-0.25,2.35,5.85));
#1041 = VECTOR('',#1042,1.);
#1042 = DIRECTION('',(-0.707106781187,8.659560562349E-17,0.707106781187)
  );
#1043 = ORIENTED_EDGE('',*,*,#1044,.T.);
#1044 = EDGE_CURVE('',#1037,#891,#1045,.T.);
#1045 = LINE('',#1046,#1047);
#1046 = CARTESIAN_POINT('',(-0.5,2.35,6.1));
#1047 = VECTOR('',#1048,1.);
#1048 = DIRECTION('',(0.,0.,1.));
#1049 = ORIENTED_EDGE('',*,*,#898,.T.);
#1050 = ORIENTED_EDGE('',*,*,#235,.F.);
#1051 = ORIENTED_EDGE('',*,*,#686,.F.);
#1052 = ORIENTED_EDGE('',*,*,#1053,.T.);
#1053 = EDGE_CURVE('',#679,#1054,#1056,.T.);
#1054 = VERTEX_POINT('',#1055);
#1055 = CARTESIAN_POINT('',(-0.75,2.35,1.));
#1056 = LINE('',#1057,#1058);
#1057 = CARTESIAN_POINT('',(-0.75,2.35,0.));
#1058 = VECTOR('',#1059,1.);
#1059 = DIRECTION('',(0.,0.,1.));
#1060 = ORIENTED_EDGE('',*,*,#1061,.F.);
#1061 = EDGE_CURVE('',#1062,#1054,#1064,.T.);
#1062 = VERTEX_POINT('',#1063);
#1063 = CARTESIAN_POINT('',(0.75,2.35,1.));
#1064 = LINE('',#1065,#1066);
#1065 = CARTESIAN_POINT('',(0.75,2.35,1.));
#1066 = VECTOR('',#1067,1.);
#1067 = DIRECTION('',(-1.,1.224646799147E-16,0.));
#1068 = ORIENTED_EDGE('',*,*,#1069,.F.);
#1069 = EDGE_CURVE('',#1070,#1062,#1072,.T.);
#1070 = VERTEX_POINT('',#1071);
#1071 = CARTESIAN_POINT('',(0.75,2.35,0.));
#1072 = LINE('',#1073,#1074);
#1073 = CARTESIAN_POINT('',(0.75,2.35,0.));
#1074 = VECTOR('',#1075,1.);
#1075 = DIRECTION('',(0.,0.,1.));
#1076 = ORIENTED_EDGE('',*,*,#1077,.F.);
#1077 = EDGE_CURVE('',#1078,#1070,#1080,.T.);
#1078 = VERTEX_POINT('',#1079);
#1079 = CARTESIAN_POINT('',(1.75,2.35,0.));
#1080 = LINE('',#1081,#1082);
#1081 = CARTESIAN_POINT('',(12.45,2.35,0.));
#1082 = VECTOR('',#1083,1.);
#1083 = DIRECTION('',(-1.,1.224646799147E-16,0.));
#1084 = ORIENTED_EDGE('',*,*,#1085,.T.);
#1085 = EDGE_CURVE('',#1078,#1086,#1088,.T.);
#1086 = VERTEX_POINT('',#1087);
#1087 = CARTESIAN_POINT('',(1.75,2.35,1.));
#1088 = LINE('',#1089,#1090);
#1089 = CARTESIAN_POINT('',(1.75,2.35,0.));
#1090 = VECTOR('',#1091,1.);
#1091 = DIRECTION('',(0.,0.,1.));
#1092 = ORIENTED_EDGE('',*,*,#1093,.F.);
#1093 = EDGE_CURVE('',#1094,#1086,#1096,.T.);
#1094 = VERTEX_POINT('',#1095);
#1095 = CARTESIAN_POINT('',(3.25,2.35,1.));
#1096 = LINE('',#1097,#1098);
#1097 = CARTESIAN_POINT('',(3.25,2.35,1.));
#1098 = VECTOR('',#1099,1.);
#1099 = DIRECTION('',(-1.,1.224646799147E-16,0.));
#1100 = ORIENTED_EDGE('',*,*,#1101,.F.);
#1101 = EDGE_CURVE('',#1102,#1094,#1104,.T.);
#1102 = VERTEX_POINT('',#1103);
#1103 = CARTESIAN_POINT('',(3.25,2.35,0.));
#1104 = LINE('',#1105,#1106);
#1105 = CARTESIAN_POINT('',(3.25,2.35,0.));
#1106 = VECTOR('',#1107,1.);
#1107 = DIRECTION('',(0.,0.,1.));
#1108 = ORIENTED_EDGE('',*,*,#1109,.F.);
#1109 = EDGE_CURVE('',#1110,#1102,#1112,.T.);
#1110 = VERTEX_POINT('',#1111);
#1111 = CARTESIAN_POINT('',(4.25,2.35,0.));
#1112 = LINE('',#1113,#1114);
#1113 = CARTESIAN_POINT('',(12.45,2.35,0.));
#1114 = VECTOR('',#1115,1.);
#1115 = DIRECTION('',(-1.,1.224646799147E-16,0.));
#1116 = ORIENTED_EDGE('',*,*,#1117,.T.);
#1117 = EDGE_CURVE('',#1110,#1118,#1120,.T.);
#1118 = VERTEX_POINT('',#1119);
#1119 = CARTESIAN_POINT('',(4.25,2.35,1.));
#1120 = LINE('',#1121,#1122);
#1121 = CARTESIAN_POINT('',(4.25,2.35,0.));
#1122 = VECTOR('',#1123,1.);
#1123 = DIRECTION('',(0.,0.,1.));
#1124 = ORIENTED_EDGE('',*,*,#1125,.F.);
#1125 = EDGE_CURVE('',#1126,#1118,#1128,.T.);
#1126 = VERTEX_POINT('',#1127);
#1127 = CARTESIAN_POINT('',(5.75,2.35,1.));
#1128 = LINE('',#1129,#1130);
#1129 = CARTESIAN_POINT('',(5.75,2.35,1.));
#1130 = VECTOR('',#1131,1.);
#1131 = DIRECTION('',(-1.,1.224646799147E-16,0.));
#1132 = ORIENTED_EDGE('',*,*,#1133,.F.);
#1133 = EDGE_CURVE('',#1134,#1126,#1136,.T.);
#1134 = VERTEX_POINT('',#1135);
#1135 = CARTESIAN_POINT('',(5.75,2.35,0.));
#1136 = LINE('',#1137,#1138);
#1137 = CARTESIAN_POINT('',(5.75,2.35,0.));
#1138 = VECTOR('',#1139,1.);
#1139 = DIRECTION('',(0.,0.,1.));
#1140 = ORIENTED_EDGE('',*,*,#1141,.F.);
#1141 = EDGE_CURVE('',#1142,#1134,#1144,.T.);
#1142 = VERTEX_POINT('',#1143);
#1143 = CARTESIAN_POINT('',(6.75,2.35,0.));
#1144 = LINE('',#1145,#1146);
#1145 = CARTESIAN_POINT('',(12.45,2.35,0.));
#1146 = VECTOR('',#1147,1.);
#1147 = DIRECTION('',(-1.,1.224646799147E-16,0.));
#1148 = ORIENTED_EDGE('',*,*,#1149,.T.);
#1149 = EDGE_CURVE('',#1142,#1150,#1152,.T.);
#1150 = VERTEX_POINT('',#1151);
#1151 = CARTESIAN_POINT('',(6.75,2.35,1.));
#1152 = LINE('',#1153,#1154);
#1153 = CARTESIAN_POINT('',(6.75,2.35,0.));
#1154 = VECTOR('',#1155,1.);
#1155 = DIRECTION('',(0.,0.,1.));
#1156 = ORIENTED_EDGE('',*,*,#1157,.F.);
#1157 = EDGE_CURVE('',#1158,#1150,#1160,.T.);
#1158 = VERTEX_POINT('',#1159);
#1159 = CARTESIAN_POINT('',(8.25,2.35,1.));
#1160 = LINE('',#1161,#1162);
#1161 = CARTESIAN_POINT('',(8.25,2.35,1.));
#1162 = VECTOR('',#1163,1.);
#1163 = DIRECTION('',(-1.,1.224646799147E-16,0.));
#1164 = ORIENTED_EDGE('',*,*,#1165,.F.);
#1165 = EDGE_CURVE('',#1166,#1158,#1168,.T.);
#1166 = VERTEX_POINT('',#1167);
#1167 = CARTESIAN_POINT('',(8.25,2.35,0.));
#1168 = LINE('',#1169,#1170);
#1169 = CARTESIAN_POINT('',(8.25,2.35,0.));
#1170 = VECTOR('',#1171,1.);
#1171 = DIRECTION('',(0.,0.,1.));
#1172 = ORIENTED_EDGE('',*,*,#1173,.F.);
#1173 = EDGE_CURVE('',#1174,#1166,#1176,.T.);
#1174 = VERTEX_POINT('',#1175);
#1175 = CARTESIAN_POINT('',(9.25,2.35,0.));
#1176 = LINE('',#1177,#1178);
#1177 = CARTESIAN_POINT('',(12.45,2.35,0.));
#1178 = VECTOR('',#1179,1.);
#1179 = DIRECTION('',(-1.,1.224646799147E-16,0.));
#1180 = ORIENTED_EDGE('',*,*,#1181,.T.);
#1181 = EDGE_CURVE('',#1174,#1182,#1184,.T.);
#1182 = VERTEX_POINT('',#1183);
#1183 = CARTESIAN_POINT('',(9.25,2.35,1.));
#1184 = LINE('',#1185,#1186);
#1185 = CARTESIAN_POINT('',(9.25,2.35,0.));
#1186 = VECTOR('',#1187,1.);
#1187 = DIRECTION('',(0.,0.,1.));
#1188 = ORIENTED_EDGE('',*,*,#1189,.F.);
#1189 = EDGE_CURVE('',#1190,#1182,#1192,.T.);
#1190 = VERTEX_POINT('',#1191);
#1191 = CARTESIAN_POINT('',(10.75,2.35,1.));
#1192 = LINE('',#1193,#1194);
#1193 = CARTESIAN_POINT('',(10.75,2.35,1.));
#1194 = VECTOR('',#1195,1.);
#1195 = DIRECTION('',(-1.,1.224646799147E-16,0.));
#1196 = ORIENTED_EDGE('',*,*,#1197,.F.);
#1197 = EDGE_CURVE('',#914,#1190,#1198,.T.);
#1198 = LINE('',#1199,#1200);
#1199 = CARTESIAN_POINT('',(10.75,2.35,0.));
#1200 = VECTOR('',#1201,1.);
#1201 = DIRECTION('',(0.,0.,1.));
#1202 = PLANE('',#1203);
#1203 = AXIS2_PLACEMENT_3D('',#1204,#1205,#1206);
#1204 = CARTESIAN_POINT('',(12.45,2.35,0.));
#1205 = DIRECTION('',(-1.224646799147E-16,-1.,0.));
#1206 = DIRECTION('',(-1.,1.224646799147E-16,0.));
#1207 = ADVANCED_FACE('',(#1208),#1226,.F.);
#1208 = FACE_BOUND('',#1209,.F.);
#1209 = EDGE_LOOP('',(#1210,#1211,#1219,#1225));
#1210 = ORIENTED_EDGE('',*,*,#646,.T.);
#1211 = ORIENTED_EDGE('',*,*,#1212,.T.);
#1212 = EDGE_CURVE('',#639,#1213,#1215,.T.);
#1213 = VERTEX_POINT('',#1214);
#1214 = CARTESIAN_POINT('',(11.6,-2.65,1.85));
#1215 = LINE('',#1216,#1217);
#1216 = CARTESIAN_POINT('',(-1.6,-2.65,1.85));
#1217 = VECTOR('',#1218,1.);
#1218 = DIRECTION('',(1.,-1.224646799147E-16,0.));
#1219 = ORIENTED_EDGE('',*,*,#1220,.F.);
#1220 = EDGE_CURVE('',#293,#1213,#1221,.T.);
#1221 = LINE('',#1222,#1223);
#1222 = CARTESIAN_POINT('',(11.6,-2.65,7.));
#1223 = VECTOR('',#1224,1.);
#1224 = DIRECTION('',(0.,0.,-1.));
#1225 = ORIENTED_EDGE('',*,*,#300,.F.);
#1226 = PLANE('',#1227);
#1227 = AXIS2_PLACEMENT_3D('',#1228,#1229,#1230);
#1228 = CARTESIAN_POINT('',(-1.6,-2.65,7.));
#1229 = DIRECTION('',(-1.224646799147E-16,-1.,0.));
#1230 = DIRECTION('',(1.,-1.224646799147E-16,0.));
#1231 = ADVANCED_FACE('',(#1232),#1259,.T.);
#1232 = FACE_BOUND('',#1233,.T.);
#1233 = EDGE_LOOP('',(#1234,#1235,#1243,#1251,#1257,#1258));
#1234 = ORIENTED_EDGE('',*,*,#1053,.T.);
#1235 = ORIENTED_EDGE('',*,*,#1236,.T.);
#1236 = EDGE_CURVE('',#1054,#1237,#1239,.T.);
#1237 = VERTEX_POINT('',#1238);
#1238 = CARTESIAN_POINT('',(-0.75,0.5,0.3));
#1239 = LINE('',#1240,#1241);
#1240 = CARTESIAN_POINT('',(-0.75,2.35,1.));
#1241 = VECTOR('',#1242,1.);
#1242 = DIRECTION('',(-1.14539532148E-16,-0.935286257456,-0.353892097416
    ));
#1243 = ORIENTED_EDGE('',*,*,#1244,.T.);
#1244 = EDGE_CURVE('',#1237,#1245,#1247,.T.);
#1245 = VERTEX_POINT('',#1246);
#1246 = CARTESIAN_POINT('',(-0.75,-0.5,0.3));
#1247 = LINE('',#1248,#1249);
#1248 = CARTESIAN_POINT('',(-0.75,0.5,0.3));
#1249 = VECTOR('',#1250,1.);
#1250 = DIRECTION('',(-1.224646799147E-16,-1.,0.));
#1251 = ORIENTED_EDGE('',*,*,#1252,.T.);
#1252 = EDGE_CURVE('',#1245,#477,#1253,.T.);
#1253 = LINE('',#1254,#1255);
#1254 = CARTESIAN_POINT('',(-0.75,-0.5,0.3));
#1255 = VECTOR('',#1256,1.);
#1256 = DIRECTION('',(-1.190457365237E-16,-0.972082208573,0.234640533104
    ));
#1257 = ORIENTED_EDGE('',*,*,#484,.T.);
#1258 = ORIENTED_EDGE('',*,*,#678,.T.);
#1259 = PLANE('',#1260);
#1260 = AXIS2_PLACEMENT_3D('',#1261,#1262,#1263);
#1261 = CARTESIAN_POINT('',(-0.75,-0.515451356496,0.330008245993));
#1262 = DIRECTION('',(1.,-1.224646799147E-16,-1.256256073143E-32));
#1263 = DIRECTION('',(-1.256256073143E-32,1.538469978883E-48,-1.));
#1264 = ADVANCED_FACE('',(#1265),#1283,.F.);
#1265 = FACE_BOUND('',#1266,.F.);
#1266 = EDGE_LOOP('',(#1267,#1275,#1276,#1277));
#1267 = ORIENTED_EDGE('',*,*,#1268,.T.);
#1268 = EDGE_CURVE('',#1269,#1245,#1271,.T.);
#1269 = VERTEX_POINT('',#1270);
#1270 = CARTESIAN_POINT('',(0.75,-0.5,0.3));
#1271 = LINE('',#1272,#1273);
#1272 = CARTESIAN_POINT('',(0.75,-0.5,0.3));
#1273 = VECTOR('',#1274,1.);
#1274 = DIRECTION('',(-1.,1.224646799147E-16,0.));
#1275 = ORIENTED_EDGE('',*,*,#1252,.T.);
#1276 = ORIENTED_EDGE('',*,*,#476,.F.);
#1277 = ORIENTED_EDGE('',*,*,#1278,.F.);
#1278 = EDGE_CURVE('',#1269,#469,#1279,.T.);
#1279 = LINE('',#1280,#1281);
#1280 = CARTESIAN_POINT('',(0.75,-0.5,0.3));
#1281 = VECTOR('',#1282,1.);
#1282 = DIRECTION('',(-1.190457365237E-16,-0.972082208573,0.234640533104
    ));
#1283 = PLANE('',#1284);
#1284 = AXIS2_PLACEMENT_3D('',#1285,#1286,#1287);
#1285 = CARTESIAN_POINT('',(0.75,-0.5,0.3));
#1286 = DIRECTION('',(2.87351777816E-17,0.234640533104,0.972082208573));
#1287 = DIRECTION('',(-1.190457365237E-16,-0.972082208573,0.234640533104
    ));
#1288 = ADVANCED_FACE('',(#1289),#1314,.F.);
#1289 = FACE_BOUND('',#1290,.F.);
#1290 = EDGE_LOOP('',(#1291,#1292,#1300,#1306,#1307,#1308));
#1291 = ORIENTED_EDGE('',*,*,#1069,.T.);
#1292 = ORIENTED_EDGE('',*,*,#1293,.T.);
#1293 = EDGE_CURVE('',#1062,#1294,#1296,.T.);
#1294 = VERTEX_POINT('',#1295);
#1295 = CARTESIAN_POINT('',(0.75,0.5,0.3));
#1296 = LINE('',#1297,#1298);
#1297 = CARTESIAN_POINT('',(0.75,2.35,1.));
#1298 = VECTOR('',#1299,1.);
#1299 = DIRECTION('',(-1.14539532148E-16,-0.935286257456,-0.353892097416
    ));
#1300 = ORIENTED_EDGE('',*,*,#1301,.T.);
#1301 = EDGE_CURVE('',#1294,#1269,#1302,.T.);
#1302 = LINE('',#1303,#1304);
#1303 = CARTESIAN_POINT('',(0.75,0.5,0.3));
#1304 = VECTOR('',#1305,1.);
#1305 = DIRECTION('',(-1.224646799147E-16,-1.,0.));
#1306 = ORIENTED_EDGE('',*,*,#1278,.T.);
#1307 = ORIENTED_EDGE('',*,*,#468,.T.);
#1308 = ORIENTED_EDGE('',*,*,#1309,.T.);
#1309 = EDGE_CURVE('',#461,#1070,#1310,.T.);
#1310 = LINE('',#1311,#1312);
#1311 = CARTESIAN_POINT('',(0.75,-3.4,0.));
#1312 = VECTOR('',#1313,1.);
#1313 = DIRECTION('',(1.224646799147E-16,1.,0.));
#1314 = PLANE('',#1315);
#1315 = AXIS2_PLACEMENT_3D('',#1316,#1317,#1318);
#1316 = CARTESIAN_POINT('',(0.75,-0.515451356496,0.330008245993));
#1317 = DIRECTION('',(1.,-1.224646799147E-16,-1.256256073143E-32));
#1318 = DIRECTION('',(-1.256256073143E-32,1.538469978883E-48,-1.));
#1319 = ADVANCED_FACE('',(#1320),#1331,.F.);
#1320 = FACE_BOUND('',#1321,.F.);
#1321 = EDGE_LOOP('',(#1322,#1328,#1329,#1330));
#1322 = ORIENTED_EDGE('',*,*,#1323,.T.);
#1323 = EDGE_CURVE('',#453,#1078,#1324,.T.);
#1324 = LINE('',#1325,#1326);
#1325 = CARTESIAN_POINT('',(1.75,-3.4,0.));
#1326 = VECTOR('',#1327,1.);
#1327 = DIRECTION('',(1.224646799147E-16,1.,0.));
#1328 = ORIENTED_EDGE('',*,*,#1077,.T.);
#1329 = ORIENTED_EDGE('',*,*,#1309,.F.);
#1330 = ORIENTED_EDGE('',*,*,#460,.T.);
#1331 = PLANE('',#1332);
#1332 = AXIS2_PLACEMENT_3D('',#1333,#1334,#1335);
#1333 = CARTESIAN_POINT('',(5.,-0.525,0.));
#1334 = DIRECTION('',(0.,0.,1.));
#1335 = DIRECTION('',(-1.,1.224646799147E-16,0.));
#1336 = ADVANCED_FACE('',(#1337),#1364,.T.);
#1337 = FACE_BOUND('',#1338,.T.);
#1338 = EDGE_LOOP('',(#1339,#1340,#1348,#1356,#1362,#1363));
#1339 = ORIENTED_EDGE('',*,*,#1085,.T.);
#1340 = ORIENTED_EDGE('',*,*,#1341,.T.);
#1341 = EDGE_CURVE('',#1086,#1342,#1344,.T.);
#1342 = VERTEX_POINT('',#1343);
#1343 = CARTESIAN_POINT('',(1.75,0.5,0.3));
#1344 = LINE('',#1345,#1346);
#1345 = CARTESIAN_POINT('',(1.75,2.35,1.));
#1346 = VECTOR('',#1347,1.);
#1347 = DIRECTION('',(-1.14539532148E-16,-0.935286257456,-0.353892097416
    ));
#1348 = ORIENTED_EDGE('',*,*,#1349,.T.);
#1349 = EDGE_CURVE('',#1342,#1350,#1352,.T.);
#1350 = VERTEX_POINT('',#1351);
#1351 = CARTESIAN_POINT('',(1.75,-0.5,0.3));
#1352 = LINE('',#1353,#1354);
#1353 = CARTESIAN_POINT('',(1.75,0.5,0.3));
#1354 = VECTOR('',#1355,1.);
#1355 = DIRECTION('',(-1.224646799147E-16,-1.,0.));
#1356 = ORIENTED_EDGE('',*,*,#1357,.T.);
#1357 = EDGE_CURVE('',#1350,#445,#1358,.T.);
#1358 = LINE('',#1359,#1360);
#1359 = CARTESIAN_POINT('',(1.75,-0.5,0.3));
#1360 = VECTOR('',#1361,1.);
#1361 = DIRECTION('',(-1.190457365237E-16,-0.972082208573,0.234640533104
    ));
#1362 = ORIENTED_EDGE('',*,*,#452,.T.);
#1363 = ORIENTED_EDGE('',*,*,#1323,.T.);
#1364 = PLANE('',#1365);
#1365 = AXIS2_PLACEMENT_3D('',#1366,#1367,#1368);
#1366 = CARTESIAN_POINT('',(1.75,-0.515451356496,0.330008245993));
#1367 = DIRECTION('',(1.,-1.224646799147E-16,-1.256256073143E-32));
#1368 = DIRECTION('',(-1.256256073143E-32,1.538469978883E-48,-1.));
#1369 = ADVANCED_FACE('',(#1370),#1388,.F.);
#1370 = FACE_BOUND('',#1371,.F.);
#1371 = EDGE_LOOP('',(#1372,#1380,#1381,#1382));
#1372 = ORIENTED_EDGE('',*,*,#1373,.T.);
#1373 = EDGE_CURVE('',#1374,#1350,#1376,.T.);
#1374 = VERTEX_POINT('',#1375);
#1375 = CARTESIAN_POINT('',(3.25,-0.5,0.3));
#1376 = LINE('',#1377,#1378);
#1377 = CARTESIAN_POINT('',(3.25,-0.5,0.3));
#1378 = VECTOR('',#1379,1.);
#1379 = DIRECTION('',(-1.,1.224646799147E-16,0.));
#1380 = ORIENTED_EDGE('',*,*,#1357,.T.);
#1381 = ORIENTED_EDGE('',*,*,#444,.F.);
#1382 = ORIENTED_EDGE('',*,*,#1383,.F.);
#1383 = EDGE_CURVE('',#1374,#437,#1384,.T.);
#1384 = LINE('',#1385,#1386);
#1385 = CARTESIAN_POINT('',(3.25,-0.5,0.3));
#1386 = VECTOR('',#1387,1.);
#1387 = DIRECTION('',(-1.190457365237E-16,-0.972082208573,0.234640533104
    ));
#1388 = PLANE('',#1389);
#1389 = AXIS2_PLACEMENT_3D('',#1390,#1391,#1392);
#1390 = CARTESIAN_POINT('',(3.25,-0.5,0.3));
#1391 = DIRECTION('',(2.87351777816E-17,0.234640533104,0.972082208573));
#1392 = DIRECTION('',(-1.190457365237E-16,-0.972082208573,0.234640533104
    ));
#1393 = ADVANCED_FACE('',(#1394),#1419,.F.);
#1394 = FACE_BOUND('',#1395,.F.);
#1395 = EDGE_LOOP('',(#1396,#1397,#1405,#1411,#1412,#1413));
#1396 = ORIENTED_EDGE('',*,*,#1101,.T.);
#1397 = ORIENTED_EDGE('',*,*,#1398,.T.);
#1398 = EDGE_CURVE('',#1094,#1399,#1401,.T.);
#1399 = VERTEX_POINT('',#1400);
#1400 = CARTESIAN_POINT('',(3.25,0.5,0.3));
#1401 = LINE('',#1402,#1403);
#1402 = CARTESIAN_POINT('',(3.25,2.35,1.));
#1403 = VECTOR('',#1404,1.);
#1404 = DIRECTION('',(-1.14539532148E-16,-0.935286257456,-0.353892097416
    ));
#1405 = ORIENTED_EDGE('',*,*,#1406,.T.);
#1406 = EDGE_CURVE('',#1399,#1374,#1407,.T.);
#1407 = LINE('',#1408,#1409);
#1408 = CARTESIAN_POINT('',(3.25,0.5,0.3));
#1409 = VECTOR('',#1410,1.);
#1410 = DIRECTION('',(-1.224646799147E-16,-1.,0.));
#1411 = ORIENTED_EDGE('',*,*,#1383,.T.);
#1412 = ORIENTED_EDGE('',*,*,#436,.T.);
#1413 = ORIENTED_EDGE('',*,*,#1414,.T.);
#1414 = EDGE_CURVE('',#429,#1102,#1415,.T.);
#1415 = LINE('',#1416,#1417);
#1416 = CARTESIAN_POINT('',(3.25,-3.4,0.));
#1417 = VECTOR('',#1418,1.);
#1418 = DIRECTION('',(1.224646799147E-16,1.,0.));
#1419 = PLANE('',#1420);
#1420 = AXIS2_PLACEMENT_3D('',#1421,#1422,#1423);
#1421 = CARTESIAN_POINT('',(3.25,-0.515451356496,0.330008245993));
#1422 = DIRECTION('',(1.,-1.224646799147E-16,-1.256256073143E-32));
#1423 = DIRECTION('',(-1.256256073143E-32,1.538469978883E-48,-1.));
#1424 = ADVANCED_FACE('',(#1425),#1436,.F.);
#1425 = FACE_BOUND('',#1426,.F.);
#1426 = EDGE_LOOP('',(#1427,#1428,#1429,#1430));
#1427 = ORIENTED_EDGE('',*,*,#1109,.T.);
#1428 = ORIENTED_EDGE('',*,*,#1414,.F.);
#1429 = ORIENTED_EDGE('',*,*,#428,.T.);
#1430 = ORIENTED_EDGE('',*,*,#1431,.T.);
#1431 = EDGE_CURVE('',#421,#1110,#1432,.T.);
#1432 = LINE('',#1433,#1434);
#1433 = CARTESIAN_POINT('',(4.25,-3.4,0.));
#1434 = VECTOR('',#1435,1.);
#1435 = DIRECTION('',(1.224646799147E-16,1.,0.));
#1436 = PLANE('',#1437);
#1437 = AXIS2_PLACEMENT_3D('',#1438,#1439,#1440);
#1438 = CARTESIAN_POINT('',(5.,-0.525,0.));
#1439 = DIRECTION('',(0.,0.,1.));
#1440 = DIRECTION('',(-1.,1.224646799147E-16,0.));
#1441 = ADVANCED_FACE('',(#1442),#1469,.T.);
#1442 = FACE_BOUND('',#1443,.T.);
#1443 = EDGE_LOOP('',(#1444,#1445,#1453,#1461,#1467,#1468));
#1444 = ORIENTED_EDGE('',*,*,#1117,.T.);
#1445 = ORIENTED_EDGE('',*,*,#1446,.T.);
#1446 = EDGE_CURVE('',#1118,#1447,#1449,.T.);
#1447 = VERTEX_POINT('',#1448);
#1448 = CARTESIAN_POINT('',(4.25,0.5,0.3));
#1449 = LINE('',#1450,#1451);
#1450 = CARTESIAN_POINT('',(4.25,2.35,1.));
#1451 = VECTOR('',#1452,1.);
#1452 = DIRECTION('',(-1.14539532148E-16,-0.935286257456,-0.353892097416
    ));
#1453 = ORIENTED_EDGE('',*,*,#1454,.T.);
#1454 = EDGE_CURVE('',#1447,#1455,#1457,.T.);
#1455 = VERTEX_POINT('',#1456);
#1456 = CARTESIAN_POINT('',(4.25,-0.5,0.3));
#1457 = LINE('',#1458,#1459);
#1458 = CARTESIAN_POINT('',(4.25,0.5,0.3));
#1459 = VECTOR('',#1460,1.);
#1460 = DIRECTION('',(-1.224646799147E-16,-1.,0.));
#1461 = ORIENTED_EDGE('',*,*,#1462,.T.);
#1462 = EDGE_CURVE('',#1455,#413,#1463,.T.);
#1463 = LINE('',#1464,#1465);
#1464 = CARTESIAN_POINT('',(4.25,-0.5,0.3));
#1465 = VECTOR('',#1466,1.);
#1466 = DIRECTION('',(-1.190457365237E-16,-0.972082208573,0.234640533104
    ));
#1467 = ORIENTED_EDGE('',*,*,#420,.T.);
#1468 = ORIENTED_EDGE('',*,*,#1431,.T.);
#1469 = PLANE('',#1470);
#1470 = AXIS2_PLACEMENT_3D('',#1471,#1472,#1473);
#1471 = CARTESIAN_POINT('',(4.25,-0.515451356496,0.330008245993));
#1472 = DIRECTION('',(1.,-1.224646799147E-16,-1.256256073143E-32));
#1473 = DIRECTION('',(-1.256256073143E-32,1.538469978883E-48,-1.));
#1474 = ADVANCED_FACE('',(#1475),#1493,.F.);
#1475 = FACE_BOUND('',#1476,.F.);
#1476 = EDGE_LOOP('',(#1477,#1485,#1486,#1487));
#1477 = ORIENTED_EDGE('',*,*,#1478,.T.);
#1478 = EDGE_CURVE('',#1479,#1455,#1481,.T.);
#1479 = VERTEX_POINT('',#1480);
#1480 = CARTESIAN_POINT('',(5.75,-0.5,0.3));
#1481 = LINE('',#1482,#1483);
#1482 = CARTESIAN_POINT('',(5.75,-0.5,0.3));
#1483 = VECTOR('',#1484,1.);
#1484 = DIRECTION('',(-1.,1.224646799147E-16,0.));
#1485 = ORIENTED_EDGE('',*,*,#1462,.T.);
#1486 = ORIENTED_EDGE('',*,*,#412,.F.);
#1487 = ORIENTED_EDGE('',*,*,#1488,.F.);
#1488 = EDGE_CURVE('',#1479,#405,#1489,.T.);
#1489 = LINE('',#1490,#1491);
#1490 = CARTESIAN_POINT('',(5.75,-0.5,0.3));
#1491 = VECTOR('',#1492,1.);
#1492 = DIRECTION('',(-1.190457365237E-16,-0.972082208573,0.234640533104
    ));
#1493 = PLANE('',#1494);
#1494 = AXIS2_PLACEMENT_3D('',#1495,#1496,#1497);
#1495 = CARTESIAN_POINT('',(5.75,-0.5,0.3));
#1496 = DIRECTION('',(2.87351777816E-17,0.234640533104,0.972082208573));
#1497 = DIRECTION('',(-1.190457365237E-16,-0.972082208573,0.234640533104
    ));
#1498 = ADVANCED_FACE('',(#1499),#1524,.F.);
#1499 = FACE_BOUND('',#1500,.F.);
#1500 = EDGE_LOOP('',(#1501,#1502,#1510,#1516,#1517,#1518));
#1501 = ORIENTED_EDGE('',*,*,#1133,.T.);
#1502 = ORIENTED_EDGE('',*,*,#1503,.T.);
#1503 = EDGE_CURVE('',#1126,#1504,#1506,.T.);
#1504 = VERTEX_POINT('',#1505);
#1505 = CARTESIAN_POINT('',(5.75,0.5,0.3));
#1506 = LINE('',#1507,#1508);
#1507 = CARTESIAN_POINT('',(5.75,2.35,1.));
#1508 = VECTOR('',#1509,1.);
#1509 = DIRECTION('',(-1.14539532148E-16,-0.935286257456,-0.353892097416
    ));
#1510 = ORIENTED_EDGE('',*,*,#1511,.T.);
#1511 = EDGE_CURVE('',#1504,#1479,#1512,.T.);
#1512 = LINE('',#1513,#1514);
#1513 = CARTESIAN_POINT('',(5.75,0.5,0.3));
#1514 = VECTOR('',#1515,1.);
#1515 = DIRECTION('',(-1.224646799147E-16,-1.,0.));
#1516 = ORIENTED_EDGE('',*,*,#1488,.T.);
#1517 = ORIENTED_EDGE('',*,*,#404,.T.);
#1518 = ORIENTED_EDGE('',*,*,#1519,.T.);
#1519 = EDGE_CURVE('',#397,#1134,#1520,.T.);
#1520 = LINE('',#1521,#1522);
#1521 = CARTESIAN_POINT('',(5.75,-3.4,0.));
#1522 = VECTOR('',#1523,1.);
#1523 = DIRECTION('',(1.224646799147E-16,1.,0.));
#1524 = PLANE('',#1525);
#1525 = AXIS2_PLACEMENT_3D('',#1526,#1527,#1528);
#1526 = CARTESIAN_POINT('',(5.75,-0.515451356496,0.330008245993));
#1527 = DIRECTION('',(1.,-1.224646799147E-16,-1.256256073143E-32));
#1528 = DIRECTION('',(-1.256256073143E-32,1.538469978883E-48,-1.));
#1529 = ADVANCED_FACE('',(#1530),#1541,.F.);
#1530 = FACE_BOUND('',#1531,.F.);
#1531 = EDGE_LOOP('',(#1532,#1533,#1534,#1540));
#1532 = ORIENTED_EDGE('',*,*,#1519,.F.);
#1533 = ORIENTED_EDGE('',*,*,#396,.T.);
#1534 = ORIENTED_EDGE('',*,*,#1535,.T.);
#1535 = EDGE_CURVE('',#389,#1142,#1536,.T.);
#1536 = LINE('',#1537,#1538);
#1537 = CARTESIAN_POINT('',(6.75,-3.4,0.));
#1538 = VECTOR('',#1539,1.);
#1539 = DIRECTION('',(1.224646799147E-16,1.,0.));
#1540 = ORIENTED_EDGE('',*,*,#1141,.T.);
#1541 = PLANE('',#1542);
#1542 = AXIS2_PLACEMENT_3D('',#1543,#1544,#1545);
#1543 = CARTESIAN_POINT('',(5.,-0.525,0.));
#1544 = DIRECTION('',(0.,0.,1.));
#1545 = DIRECTION('',(-1.,1.224646799147E-16,0.));
#1546 = ADVANCED_FACE('',(#1547),#1574,.T.);
#1547 = FACE_BOUND('',#1548,.T.);
#1548 = EDGE_LOOP('',(#1549,#1550,#1558,#1566,#1572,#1573));
#1549 = ORIENTED_EDGE('',*,*,#1149,.T.);
#1550 = ORIENTED_EDGE('',*,*,#1551,.T.);
#1551 = EDGE_CURVE('',#1150,#1552,#1554,.T.);
#1552 = VERTEX_POINT('',#1553);
#1553 = CARTESIAN_POINT('',(6.75,0.5,0.3));
#1554 = LINE('',#1555,#1556);
#1555 = CARTESIAN_POINT('',(6.75,2.35,1.));
#1556 = VECTOR('',#1557,1.);
#1557 = DIRECTION('',(-1.14539532148E-16,-0.935286257456,-0.353892097416
    ));
#1558 = ORIENTED_EDGE('',*,*,#1559,.T.);
#1559 = EDGE_CURVE('',#1552,#1560,#1562,.T.);
#1560 = VERTEX_POINT('',#1561);
#1561 = CARTESIAN_POINT('',(6.75,-0.5,0.3));
#1562 = LINE('',#1563,#1564);
#1563 = CARTESIAN_POINT('',(6.75,0.5,0.3));
#1564 = VECTOR('',#1565,1.);
#1565 = DIRECTION('',(-1.224646799147E-16,-1.,0.));
#1566 = ORIENTED_EDGE('',*,*,#1567,.T.);
#1567 = EDGE_CURVE('',#1560,#381,#1568,.T.);
#1568 = LINE('',#1569,#1570);
#1569 = CARTESIAN_POINT('',(6.75,-0.5,0.3));
#1570 = VECTOR('',#1571,1.);
#1571 = DIRECTION('',(-1.190457365237E-16,-0.972082208573,0.234640533104
    ));
#1572 = ORIENTED_EDGE('',*,*,#388,.T.);
#1573 = ORIENTED_EDGE('',*,*,#1535,.T.);
#1574 = PLANE('',#1575);
#1575 = AXIS2_PLACEMENT_3D('',#1576,#1577,#1578);
#1576 = CARTESIAN_POINT('',(6.75,-0.515451356496,0.330008245993));
#1577 = DIRECTION('',(1.,-1.224646799147E-16,-1.256256073143E-32));
#1578 = DIRECTION('',(-1.256256073143E-32,1.538469978883E-48,-1.));
#1579 = ADVANCED_FACE('',(#1580),#1598,.F.);
#1580 = FACE_BOUND('',#1581,.F.);
#1581 = EDGE_LOOP('',(#1582,#1590,#1591,#1592));
#1582 = ORIENTED_EDGE('',*,*,#1583,.T.);
#1583 = EDGE_CURVE('',#1584,#1560,#1586,.T.);
#1584 = VERTEX_POINT('',#1585);
#1585 = CARTESIAN_POINT('',(8.25,-0.5,0.3));
#1586 = LINE('',#1587,#1588);
#1587 = CARTESIAN_POINT('',(8.25,-0.5,0.3));
#1588 = VECTOR('',#1589,1.);
#1589 = DIRECTION('',(-1.,1.224646799147E-16,0.));
#1590 = ORIENTED_EDGE('',*,*,#1567,.T.);
#1591 = ORIENTED_EDGE('',*,*,#380,.F.);
#1592 = ORIENTED_EDGE('',*,*,#1593,.F.);
#1593 = EDGE_CURVE('',#1584,#373,#1594,.T.);
#1594 = LINE('',#1595,#1596);
#1595 = CARTESIAN_POINT('',(8.25,-0.5,0.3));
#1596 = VECTOR('',#1597,1.);
#1597 = DIRECTION('',(-1.190457365237E-16,-0.972082208573,0.234640533104
    ));
#1598 = PLANE('',#1599);
#1599 = AXIS2_PLACEMENT_3D('',#1600,#1601,#1602);
#1600 = CARTESIAN_POINT('',(8.25,-0.5,0.3));
#1601 = DIRECTION('',(2.87351777816E-17,0.234640533104,0.972082208573));
#1602 = DIRECTION('',(-1.190457365237E-16,-0.972082208573,0.234640533104
    ));
#1603 = ADVANCED_FACE('',(#1604),#1629,.F.);
#1604 = FACE_BOUND('',#1605,.F.);
#1605 = EDGE_LOOP('',(#1606,#1607,#1615,#1621,#1622,#1623));
#1606 = ORIENTED_EDGE('',*,*,#1165,.T.);
#1607 = ORIENTED_EDGE('',*,*,#1608,.T.);
#1608 = EDGE_CURVE('',#1158,#1609,#1611,.T.);
#1609 = VERTEX_POINT('',#1610);
#1610 = CARTESIAN_POINT('',(8.25,0.5,0.3));
#1611 = LINE('',#1612,#1613);
#1612 = CARTESIAN_POINT('',(8.25,2.35,1.));
#1613 = VECTOR('',#1614,1.);
#1614 = DIRECTION('',(-1.14539532148E-16,-0.935286257456,-0.353892097416
    ));
#1615 = ORIENTED_EDGE('',*,*,#1616,.T.);
#1616 = EDGE_CURVE('',#1609,#1584,#1617,.T.);
#1617 = LINE('',#1618,#1619);
#1618 = CARTESIAN_POINT('',(8.25,0.5,0.3));
#1619 = VECTOR('',#1620,1.);
#1620 = DIRECTION('',(-1.224646799147E-16,-1.,0.));
#1621 = ORIENTED_EDGE('',*,*,#1593,.T.);
#1622 = ORIENTED_EDGE('',*,*,#372,.T.);
#1623 = ORIENTED_EDGE('',*,*,#1624,.T.);
#1624 = EDGE_CURVE('',#365,#1166,#1625,.T.);
#1625 = LINE('',#1626,#1627);
#1626 = CARTESIAN_POINT('',(8.25,-3.4,0.));
#1627 = VECTOR('',#1628,1.);
#1628 = DIRECTION('',(1.224646799147E-16,1.,0.));
#1629 = PLANE('',#1630);
#1630 = AXIS2_PLACEMENT_3D('',#1631,#1632,#1633);
#1631 = CARTESIAN_POINT('',(8.25,-0.515451356496,0.330008245993));
#1632 = DIRECTION('',(1.,-1.224646799147E-16,-1.256256073143E-32));
#1633 = DIRECTION('',(-1.256256073143E-32,1.538469978883E-48,-1.));
#1634 = ADVANCED_FACE('',(#1635),#1646,.F.);
#1635 = FACE_BOUND('',#1636,.F.);
#1636 = EDGE_LOOP('',(#1637,#1638,#1644,#1645));
#1637 = ORIENTED_EDGE('',*,*,#364,.T.);
#1638 = ORIENTED_EDGE('',*,*,#1639,.T.);
#1639 = EDGE_CURVE('',#357,#1174,#1640,.T.);
#1640 = LINE('',#1641,#1642);
#1641 = CARTESIAN_POINT('',(9.25,-3.4,0.));
#1642 = VECTOR('',#1643,1.);
#1643 = DIRECTION('',(1.224646799147E-16,1.,0.));
#1644 = ORIENTED_EDGE('',*,*,#1173,.T.);
#1645 = ORIENTED_EDGE('',*,*,#1624,.F.);
#1646 = PLANE('',#1647);
#1647 = AXIS2_PLACEMENT_3D('',#1648,#1649,#1650);
#1648 = CARTESIAN_POINT('',(5.,-0.525,0.));
#1649 = DIRECTION('',(0.,0.,1.));
#1650 = DIRECTION('',(-1.,1.224646799147E-16,0.));
#1651 = ADVANCED_FACE('',(#1652),#1679,.T.);
#1652 = FACE_BOUND('',#1653,.T.);
#1653 = EDGE_LOOP('',(#1654,#1655,#1663,#1671,#1677,#1678));
#1654 = ORIENTED_EDGE('',*,*,#1181,.T.);
#1655 = ORIENTED_EDGE('',*,*,#1656,.T.);
#1656 = EDGE_CURVE('',#1182,#1657,#1659,.T.);
#1657 = VERTEX_POINT('',#1658);
#1658 = CARTESIAN_POINT('',(9.25,0.5,0.3));
#1659 = LINE('',#1660,#1661);
#1660 = CARTESIAN_POINT('',(9.25,2.35,1.));
#1661 = VECTOR('',#1662,1.);
#1662 = DIRECTION('',(-1.14539532148E-16,-0.935286257456,-0.353892097416
    ));
#1663 = ORIENTED_EDGE('',*,*,#1664,.T.);
#1664 = EDGE_CURVE('',#1657,#1665,#1667,.T.);
#1665 = VERTEX_POINT('',#1666);
#1666 = CARTESIAN_POINT('',(9.25,-0.5,0.3));
#1667 = LINE('',#1668,#1669);
#1668 = CARTESIAN_POINT('',(9.25,0.5,0.3));
#1669 = VECTOR('',#1670,1.);
#1670 = DIRECTION('',(-1.224646799147E-16,-1.,0.));
#1671 = ORIENTED_EDGE('',*,*,#1672,.T.);
#1672 = EDGE_CURVE('',#1665,#349,#1673,.T.);
#1673 = LINE('',#1674,#1675);
#1674 = CARTESIAN_POINT('',(9.25,-0.5,0.3));
#1675 = VECTOR('',#1676,1.);
#1676 = DIRECTION('',(-1.190457365237E-16,-0.972082208573,0.234640533104
    ));
#1677 = ORIENTED_EDGE('',*,*,#356,.T.);
#1678 = ORIENTED_EDGE('',*,*,#1639,.T.);
#1679 = PLANE('',#1680);
#1680 = AXIS2_PLACEMENT_3D('',#1681,#1682,#1683);
#1681 = CARTESIAN_POINT('',(9.25,-0.515451356496,0.330008245993));
#1682 = DIRECTION('',(1.,-1.224646799147E-16,-1.256256073143E-32));
#1683 = DIRECTION('',(-1.256256073143E-32,1.538469978883E-48,-1.));
#1684 = ADVANCED_FACE('',(#1685),#1703,.F.);
#1685 = FACE_BOUND('',#1686,.F.);
#1686 = EDGE_LOOP('',(#1687,#1695,#1696,#1697));
#1687 = ORIENTED_EDGE('',*,*,#1688,.T.);
#1688 = EDGE_CURVE('',#1689,#1665,#1691,.T.);
#1689 = VERTEX_POINT('',#1690);
#1690 = CARTESIAN_POINT('',(10.75,-0.5,0.3));
#1691 = LINE('',#1692,#1693);
#1692 = CARTESIAN_POINT('',(10.75,-0.5,0.3));
#1693 = VECTOR('',#1694,1.);
#1694 = DIRECTION('',(-1.,1.224646799147E-16,0.));
#1695 = ORIENTED_EDGE('',*,*,#1672,.T.);
#1696 = ORIENTED_EDGE('',*,*,#348,.F.);
#1697 = ORIENTED_EDGE('',*,*,#1698,.F.);
#1698 = EDGE_CURVE('',#1689,#341,#1699,.T.);
#1699 = LINE('',#1700,#1701);
#1700 = CARTESIAN_POINT('',(10.75,-0.5,0.3));
#1701 = VECTOR('',#1702,1.);
#1702 = DIRECTION('',(-1.190457365237E-16,-0.972082208573,0.234640533104
    ));
#1703 = PLANE('',#1704);
#1704 = AXIS2_PLACEMENT_3D('',#1705,#1706,#1707);
#1705 = CARTESIAN_POINT('',(10.75,-0.5,0.3));
#1706 = DIRECTION('',(2.87351777816E-17,0.234640533104,0.972082208573));
#1707 = DIRECTION('',(-1.190457365237E-16,-0.972082208573,0.234640533104
    ));
#1708 = ADVANCED_FACE('',(#1709),#1734,.F.);
#1709 = FACE_BOUND('',#1710,.F.);
#1710 = EDGE_LOOP('',(#1711,#1712,#1720,#1726,#1727,#1728));
#1711 = ORIENTED_EDGE('',*,*,#1197,.T.);
#1712 = ORIENTED_EDGE('',*,*,#1713,.T.);
#1713 = EDGE_CURVE('',#1190,#1714,#1716,.T.);
#1714 = VERTEX_POINT('',#1715);
#1715 = CARTESIAN_POINT('',(10.75,0.5,0.3));
#1716 = LINE('',#1717,#1718);
#1717 = CARTESIAN_POINT('',(10.75,2.35,1.));
#1718 = VECTOR('',#1719,1.);
#1719 = DIRECTION('',(-1.14539532148E-16,-0.935286257456,-0.353892097416
    ));
#1720 = ORIENTED_EDGE('',*,*,#1721,.T.);
#1721 = EDGE_CURVE('',#1714,#1689,#1722,.T.);
#1722 = LINE('',#1723,#1724);
#1723 = CARTESIAN_POINT('',(10.75,0.5,0.3));
#1724 = VECTOR('',#1725,1.);
#1725 = DIRECTION('',(-1.224646799147E-16,-1.,0.));
#1726 = ORIENTED_EDGE('',*,*,#1698,.T.);
#1727 = ORIENTED_EDGE('',*,*,#340,.T.);
#1728 = ORIENTED_EDGE('',*,*,#1729,.T.);
#1729 = EDGE_CURVE('',#333,#914,#1730,.T.);
#1730 = LINE('',#1731,#1732);
#1731 = CARTESIAN_POINT('',(10.75,-3.4,0.));
#1732 = VECTOR('',#1733,1.);
#1733 = DIRECTION('',(1.224646799147E-16,1.,0.));
#1734 = PLANE('',#1735);
#1735 = AXIS2_PLACEMENT_3D('',#1736,#1737,#1738);
#1736 = CARTESIAN_POINT('',(10.75,-0.515451356496,0.330008245993));
#1737 = DIRECTION('',(1.,-1.224646799147E-16,-1.256256073143E-32));
#1738 = DIRECTION('',(-1.256256073143E-32,1.538469978883E-48,-1.));
#1739 = ADVANCED_FACE('',(#1740),#1746,.F.);
#1740 = FACE_BOUND('',#1741,.F.);
#1741 = EDGE_LOOP('',(#1742,#1743,#1744,#1745));
#1742 = ORIENTED_EDGE('',*,*,#522,.T.);
#1743 = ORIENTED_EDGE('',*,*,#913,.T.);
#1744 = ORIENTED_EDGE('',*,*,#1729,.F.);
#1745 = ORIENTED_EDGE('',*,*,#332,.T.);
#1746 = PLANE('',#1747);
#1747 = AXIS2_PLACEMENT_3D('',#1748,#1749,#1750);
#1748 = CARTESIAN_POINT('',(5.,-0.525,0.));
#1749 = DIRECTION('',(0.,0.,1.));
#1750 = DIRECTION('',(-1.,1.224646799147E-16,0.));
#1751 = ADVANCED_FACE('',(#1752),#1779,.F.);
#1752 = FACE_BOUND('',#1753,.F.);
#1753 = EDGE_LOOP('',(#1754,#1755,#1756,#1757,#1763,#1764,#1773));
#1754 = ORIENTED_EDGE('',*,*,#597,.T.);
#1755 = ORIENTED_EDGE('',*,*,#508,.F.);
#1756 = ORIENTED_EDGE('',*,*,#1220,.T.);
#1757 = ORIENTED_EDGE('',*,*,#1758,.T.);
#1758 = EDGE_CURVE('',#1213,#860,#1759,.T.);
#1759 = LINE('',#1760,#1761);
#1760 = CARTESIAN_POINT('',(11.6,-2.65,1.85));
#1761 = VECTOR('',#1762,1.);
#1762 = DIRECTION('',(1.224646799147E-16,1.,0.));
#1763 = ORIENTED_EDGE('',*,*,#867,.F.);
#1764 = ORIENTED_EDGE('',*,*,#1765,.F.);
#1765 = EDGE_CURVE('',#1766,#868,#1768,.T.);
#1766 = VERTEX_POINT('',#1767);
#1767 = CARTESIAN_POINT('',(11.6,1.,3.65));
#1768 = CIRCLE('',#1769,0.5);
#1769 = AXIS2_PLACEMENT_3D('',#1770,#1771,#1772);
#1770 = CARTESIAN_POINT('',(11.6,1.,4.15));
#1771 = DIRECTION('',(1.,-1.224646799147E-16,0.));
#1772 = DIRECTION('',(1.224646799147E-16,1.,0.));
#1773 = ORIENTED_EDGE('',*,*,#1774,.T.);
#1774 = EDGE_CURVE('',#1766,#590,#1775,.T.);
#1775 = LINE('',#1776,#1777);
#1776 = CARTESIAN_POINT('',(11.6,-0.825,3.65));
#1777 = VECTOR('',#1778,1.);
#1778 = DIRECTION('',(-1.224646799147E-16,-1.,0.));
#1779 = PLANE('',#1780);
#1780 = AXIS2_PLACEMENT_3D('',#1781,#1782,#1783);
#1781 = CARTESIAN_POINT('',(11.6,-2.65,7.));
#1782 = DIRECTION('',(1.,-1.224646799147E-16,0.));
#1783 = DIRECTION('',(1.224646799147E-16,1.,0.));
#1784 = ADVANCED_FACE('',(#1785),#1796,.T.);
#1785 = FACE_BOUND('',#1786,.T.);
#1786 = EDGE_LOOP('',(#1787,#1788,#1789,#1790));
#1787 = ORIENTED_EDGE('',*,*,#720,.F.);
#1788 = ORIENTED_EDGE('',*,*,#565,.T.);
#1789 = ORIENTED_EDGE('',*,*,#922,.T.);
#1790 = ORIENTED_EDGE('',*,*,#1791,.T.);
#1791 = EDGE_CURVE('',#923,#721,#1792,.T.);
#1792 = LINE('',#1793,#1794);
#1793 = CARTESIAN_POINT('',(10.5,2.35,7.));
#1794 = VECTOR('',#1795,1.);
#1795 = DIRECTION('',(-1.224646799147E-16,-1.,0.));
#1796 = PLANE('',#1797);
#1797 = AXIS2_PLACEMENT_3D('',#1798,#1799,#1800);
#1798 = CARTESIAN_POINT('',(5.,-0.525,7.));
#1799 = DIRECTION('',(0.,0.,1.));
#1800 = DIRECTION('',(-1.,1.224646799147E-16,0.));
#1801 = ADVANCED_FACE('',(#1802),#1813,.F.);
#1802 = FACE_BOUND('',#1803,.F.);
#1803 = EDGE_LOOP('',(#1804,#1810,#1811,#1812));
#1804 = ORIENTED_EDGE('',*,*,#1805,.T.);
#1805 = EDGE_CURVE('',#541,#1766,#1806,.T.);
#1806 = LINE('',#1807,#1808);
#1807 = CARTESIAN_POINT('',(12.45,1.,3.65));
#1808 = VECTOR('',#1809,1.);
#1809 = DIRECTION('',(-1.,1.224646799147E-16,0.));
#1810 = ORIENTED_EDGE('',*,*,#1765,.T.);
#1811 = ORIENTED_EDGE('',*,*,#875,.F.);
#1812 = ORIENTED_EDGE('',*,*,#548,.T.);
#1813 = CYLINDRICAL_SURFACE('',#1814,0.5);
#1814 = AXIS2_PLACEMENT_3D('',#1815,#1816,#1817);
#1815 = CARTESIAN_POINT('',(12.45,1.,4.15));
#1816 = DIRECTION('',(1.,-1.224646799147E-16,-0.));
#1817 = DIRECTION('',(1.224646799147E-16,1.,0.));
#1818 = ADVANCED_FACE('',(#1819),#1825,.T.);
#1819 = FACE_BOUND('',#1820,.T.);
#1820 = EDGE_LOOP('',(#1821,#1822,#1823,#1824));
#1821 = ORIENTED_EDGE('',*,*,#540,.F.);
#1822 = ORIENTED_EDGE('',*,*,#1805,.T.);
#1823 = ORIENTED_EDGE('',*,*,#1774,.T.);
#1824 = ORIENTED_EDGE('',*,*,#589,.F.);
#1825 = PLANE('',#1826);
#1826 = AXIS2_PLACEMENT_3D('',#1827,#1828,#1829);
#1827 = CARTESIAN_POINT('',(12.45,1.,3.65));
#1828 = DIRECTION('',(0.,0.,1.));
#1829 = DIRECTION('',(-1.224646799147E-16,-1.,0.));
#1830 = ADVANCED_FACE('',(#1831,#1837,#1871,#1905,#1939,#1973),#2007,.T.
  );
#1831 = FACE_BOUND('',#1832,.T.);
#1832 = EDGE_LOOP('',(#1833,#1834,#1835,#1836));
#1833 = ORIENTED_EDGE('',*,*,#859,.T.);
#1834 = ORIENTED_EDGE('',*,*,#638,.T.);
#1835 = ORIENTED_EDGE('',*,*,#1212,.T.);
#1836 = ORIENTED_EDGE('',*,*,#1758,.T.);
#1837 = FACE_BOUND('',#1838,.T.);
#1838 = EDGE_LOOP('',(#1839,#1849,#1857,#1865));
#1839 = ORIENTED_EDGE('',*,*,#1840,.T.);
#1840 = EDGE_CURVE('',#1841,#1843,#1845,.T.);
#1841 = VERTEX_POINT('',#1842);
#1842 = CARTESIAN_POINT('',(5.32,0.32,1.85));
#1843 = VERTEX_POINT('',#1844);
#1844 = CARTESIAN_POINT('',(5.32,-0.32,1.85));
#1845 = LINE('',#1846,#1847);
#1846 = CARTESIAN_POINT('',(5.32,-0.2875,1.85));
#1847 = VECTOR('',#1848,1.);
#1848 = DIRECTION('',(-1.224646799147E-16,-1.,0.));
#1849 = ORIENTED_EDGE('',*,*,#1850,.T.);
#1850 = EDGE_CURVE('',#1843,#1851,#1853,.T.);
#1851 = VERTEX_POINT('',#1852);
#1852 = CARTESIAN_POINT('',(4.68,-0.32,1.85));
#1853 = LINE('',#1854,#1855);
#1854 = CARTESIAN_POINT('',(5.16,-0.32,1.85));
#1855 = VECTOR('',#1856,1.);
#1856 = DIRECTION('',(-1.,1.224646799147E-16,1.722253308054E-32));
#1857 = ORIENTED_EDGE('',*,*,#1858,.F.);
#1858 = EDGE_CURVE('',#1859,#1851,#1861,.T.);
#1859 = VERTEX_POINT('',#1860);
#1860 = CARTESIAN_POINT('',(4.68,0.32,1.85));
#1861 = LINE('',#1862,#1863);
#1862 = CARTESIAN_POINT('',(4.68,-0.2875,1.85));
#1863 = VECTOR('',#1864,1.);
#1864 = DIRECTION('',(-1.224646799147E-16,-1.,0.));
#1865 = ORIENTED_EDGE('',*,*,#1866,.T.);
#1866 = EDGE_CURVE('',#1859,#1841,#1867,.T.);
#1867 = LINE('',#1868,#1869);
#1868 = CARTESIAN_POINT('',(5.16,0.32,1.85));
#1869 = VECTOR('',#1870,1.);
#1870 = DIRECTION('',(1.,-1.224646799147E-16,-1.722253308054E-32));
#1871 = FACE_BOUND('',#1872,.T.);
#1872 = EDGE_LOOP('',(#1873,#1883,#1891,#1899));
#1873 = ORIENTED_EDGE('',*,*,#1874,.F.);
#1874 = EDGE_CURVE('',#1875,#1877,#1879,.T.);
#1875 = VERTEX_POINT('',#1876);
#1876 = CARTESIAN_POINT('',(7.18,0.32,1.85));
#1877 = VERTEX_POINT('',#1878);
#1878 = CARTESIAN_POINT('',(7.18,-0.32,1.85));
#1879 = LINE('',#1880,#1881);
#1880 = CARTESIAN_POINT('',(7.18,-0.2875,1.85));
#1881 = VECTOR('',#1882,1.);
#1882 = DIRECTION('',(-1.224646799147E-16,-1.,0.));
#1883 = ORIENTED_EDGE('',*,*,#1884,.T.);
#1884 = EDGE_CURVE('',#1875,#1885,#1887,.T.);
#1885 = VERTEX_POINT('',#1886);
#1886 = CARTESIAN_POINT('',(7.82,0.32,1.85));
#1887 = LINE('',#1888,#1889);
#1888 = CARTESIAN_POINT('',(6.41,0.32,1.85));
#1889 = VECTOR('',#1890,1.);
#1890 = DIRECTION('',(1.,-1.224646799147E-16,-1.722253308054E-32));
#1891 = ORIENTED_EDGE('',*,*,#1892,.T.);
#1892 = EDGE_CURVE('',#1885,#1893,#1895,.T.);
#1893 = VERTEX_POINT('',#1894);
#1894 = CARTESIAN_POINT('',(7.82,-0.32,1.85));
#1895 = LINE('',#1896,#1897);
#1896 = CARTESIAN_POINT('',(7.82,-0.2875,1.85));
#1897 = VECTOR('',#1898,1.);
#1898 = DIRECTION('',(-1.224646799147E-16,-1.,0.));
#1899 = ORIENTED_EDGE('',*,*,#1900,.T.);
#1900 = EDGE_CURVE('',#1893,#1877,#1901,.T.);
#1901 = LINE('',#1902,#1903);
#1902 = CARTESIAN_POINT('',(6.41,-0.32,1.85));
#1903 = VECTOR('',#1904,1.);
#1904 = DIRECTION('',(-1.,1.224646799147E-16,1.722253308054E-32));
#1905 = FACE_BOUND('',#1906,.T.);
#1906 = EDGE_LOOP('',(#1907,#1917,#1925,#1933));
#1907 = ORIENTED_EDGE('',*,*,#1908,.T.);
#1908 = EDGE_CURVE('',#1909,#1911,#1913,.T.);
#1909 = VERTEX_POINT('',#1910);
#1910 = CARTESIAN_POINT('',(2.82,0.32,1.85));
#1911 = VERTEX_POINT('',#1912);
#1912 = CARTESIAN_POINT('',(2.82,-0.32,1.85));
#1913 = LINE('',#1914,#1915);
#1914 = CARTESIAN_POINT('',(2.82,-0.2875,1.85));
#1915 = VECTOR('',#1916,1.);
#1916 = DIRECTION('',(-1.224646799147E-16,-1.,0.));
#1917 = ORIENTED_EDGE('',*,*,#1918,.T.);
#1918 = EDGE_CURVE('',#1911,#1919,#1921,.T.);
#1919 = VERTEX_POINT('',#1920);
#1920 = CARTESIAN_POINT('',(2.18,-0.32,1.85));
#1921 = LINE('',#1922,#1923);
#1922 = CARTESIAN_POINT('',(3.91,-0.32,1.85));
#1923 = VECTOR('',#1924,1.);
#1924 = DIRECTION('',(-1.,1.224646799147E-16,1.722253308054E-32));
#1925 = ORIENTED_EDGE('',*,*,#1926,.F.);
#1926 = EDGE_CURVE('',#1927,#1919,#1929,.T.);
#1927 = VERTEX_POINT('',#1928);
#1928 = CARTESIAN_POINT('',(2.18,0.32,1.85));
#1929 = LINE('',#1930,#1931);
#1930 = CARTESIAN_POINT('',(2.18,-0.2875,1.85));
#1931 = VECTOR('',#1932,1.);
#1932 = DIRECTION('',(-1.224646799147E-16,-1.,0.));
#1933 = ORIENTED_EDGE('',*,*,#1934,.T.);
#1934 = EDGE_CURVE('',#1927,#1909,#1935,.T.);
#1935 = LINE('',#1936,#1937);
#1936 = CARTESIAN_POINT('',(3.91,0.32,1.85));
#1937 = VECTOR('',#1938,1.);
#1938 = DIRECTION('',(1.,-1.224646799147E-16,-1.722253308054E-32));
#1939 = FACE_BOUND('',#1940,.T.);
#1940 = EDGE_LOOP('',(#1941,#1951,#1959,#1967));
#1941 = ORIENTED_EDGE('',*,*,#1942,.T.);
#1942 = EDGE_CURVE('',#1943,#1945,#1947,.T.);
#1943 = VERTEX_POINT('',#1944);
#1944 = CARTESIAN_POINT('',(9.68,0.32,1.85));
#1945 = VERTEX_POINT('',#1946);
#1946 = CARTESIAN_POINT('',(10.32,0.32,1.85));
#1947 = LINE('',#1948,#1949);
#1948 = CARTESIAN_POINT('',(7.66,0.32,1.85));
#1949 = VECTOR('',#1950,1.);
#1950 = DIRECTION('',(1.,-1.224646799147E-16,-1.722253308054E-32));
#1951 = ORIENTED_EDGE('',*,*,#1952,.T.);
#1952 = EDGE_CURVE('',#1945,#1953,#1955,.T.);
#1953 = VERTEX_POINT('',#1954);
#1954 = CARTESIAN_POINT('',(10.32,-0.32,1.85));
#1955 = LINE('',#1956,#1957);
#1956 = CARTESIAN_POINT('',(10.32,-0.26920299558,1.85));
#1957 = VECTOR('',#1958,1.);
#1958 = DIRECTION('',(-1.224646799147E-16,-1.,0.));
#1959 = ORIENTED_EDGE('',*,*,#1960,.T.);
#1960 = EDGE_CURVE('',#1953,#1961,#1963,.T.);
#1961 = VERTEX_POINT('',#1962);
#1962 = CARTESIAN_POINT('',(9.68,-0.32,1.85));
#1963 = LINE('',#1964,#1965);
#1964 = CARTESIAN_POINT('',(7.66,-0.32,1.85));
#1965 = VECTOR('',#1966,1.);
#1966 = DIRECTION('',(-1.,1.224646799147E-16,1.722253308054E-32));
#1967 = ORIENTED_EDGE('',*,*,#1968,.F.);
#1968 = EDGE_CURVE('',#1943,#1961,#1969,.T.);
#1969 = LINE('',#1970,#1971);
#1970 = CARTESIAN_POINT('',(9.68,-0.26920299558,1.85));
#1971 = VECTOR('',#1972,1.);
#1972 = DIRECTION('',(-1.224646799147E-16,-1.,0.));
#1973 = FACE_BOUND('',#1974,.T.);
#1974 = EDGE_LOOP('',(#1975,#1985,#1993,#2001));
#1975 = ORIENTED_EDGE('',*,*,#1976,.F.);
#1976 = EDGE_CURVE('',#1977,#1979,#1981,.T.);
#1977 = VERTEX_POINT('',#1978);
#1978 = CARTESIAN_POINT('',(-0.32,0.32,1.85));
#1979 = VERTEX_POINT('',#1980);
#1980 = CARTESIAN_POINT('',(-0.32,-0.32,1.85));
#1981 = LINE('',#1982,#1983);
#1982 = CARTESIAN_POINT('',(-0.32,-0.26920299558,1.85));
#1983 = VECTOR('',#1984,1.);
#1984 = DIRECTION('',(-1.224646799147E-16,-1.,0.));
#1985 = ORIENTED_EDGE('',*,*,#1986,.T.);
#1986 = EDGE_CURVE('',#1977,#1987,#1989,.T.);
#1987 = VERTEX_POINT('',#1988);
#1988 = CARTESIAN_POINT('',(0.32,0.32,1.85));
#1989 = LINE('',#1990,#1991);
#1990 = CARTESIAN_POINT('',(2.66,0.32,1.85));
#1991 = VECTOR('',#1992,1.);
#1992 = DIRECTION('',(1.,-1.224646799147E-16,-1.722253308054E-32));
#1993 = ORIENTED_EDGE('',*,*,#1994,.T.);
#1994 = EDGE_CURVE('',#1987,#1995,#1997,.T.);
#1995 = VERTEX_POINT('',#1996);
#1996 = CARTESIAN_POINT('',(0.32,-0.32,1.85));
#1997 = LINE('',#1998,#1999);
#1998 = CARTESIAN_POINT('',(0.32,-0.26920299558,1.85));
#1999 = VECTOR('',#2000,1.);
#2000 = DIRECTION('',(-1.224646799147E-16,-1.,0.));
#2001 = ORIENTED_EDGE('',*,*,#2002,.T.);
#2002 = EDGE_CURVE('',#1995,#1979,#2003,.T.);
#2003 = LINE('',#2004,#2005);
#2004 = CARTESIAN_POINT('',(2.66,-0.32,1.85));
#2005 = VECTOR('',#2006,1.);
#2006 = DIRECTION('',(-1.,1.224646799147E-16,1.722253308054E-32));
#2007 = PLANE('',#2008);
#2008 = AXIS2_PLACEMENT_3D('',#2009,#2010,#2011);
#2009 = CARTESIAN_POINT('',(5.,-0.575,1.85));
#2010 = DIRECTION('',(1.722253308054E-32,-2.109152001029E-48,1.));
#2011 = DIRECTION('',(-1.,1.224646799147E-16,1.722253308054E-32));
#2012 = ADVANCED_FACE('',(#2013),#2024,.F.);
#2013 = FACE_BOUND('',#2014,.F.);
#2014 = EDGE_LOOP('',(#2015,#2016,#2022,#2023));
#2015 = ORIENTED_EDGE('',*,*,#1044,.F.);
#2016 = ORIENTED_EDGE('',*,*,#2017,.T.);
#2017 = EDGE_CURVE('',#1037,#835,#2018,.T.);
#2018 = LINE('',#2019,#2020);
#2019 = CARTESIAN_POINT('',(-0.5,2.35,6.1));
#2020 = VECTOR('',#2021,1.);
#2021 = DIRECTION('',(-1.224646799147E-16,-1.,0.));
#2022 = ORIENTED_EDGE('',*,*,#842,.F.);
#2023 = ORIENTED_EDGE('',*,*,#890,.F.);
#2024 = PLANE('',#2025);
#2025 = AXIS2_PLACEMENT_3D('',#2026,#2027,#2028);
#2026 = CARTESIAN_POINT('',(-0.5,2.35,6.1));
#2027 = DIRECTION('',(-1.,1.224646799147E-16,0.));
#2028 = DIRECTION('',(0.,0.,1.));
#2029 = ADVANCED_FACE('',(#2030),#2041,.F.);
#2030 = FACE_BOUND('',#2031,.F.);
#2031 = EDGE_LOOP('',(#2032,#2033,#2039,#2040));
#2032 = ORIENTED_EDGE('',*,*,#1036,.F.);
#2033 = ORIENTED_EDGE('',*,*,#2034,.T.);
#2034 = EDGE_CURVE('',#1029,#827,#2035,.T.);
#2035 = LINE('',#2036,#2037);
#2036 = CARTESIAN_POINT('',(-0.25,2.35,5.85));
#2037 = VECTOR('',#2038,1.);
#2038 = DIRECTION('',(-1.224646799147E-16,-1.,0.));
#2039 = ORIENTED_EDGE('',*,*,#834,.F.);
#2040 = ORIENTED_EDGE('',*,*,#2017,.F.);
#2041 = PLANE('',#2042);
#2042 = AXIS2_PLACEMENT_3D('',#2043,#2044,#2045);
#2043 = CARTESIAN_POINT('',(-0.25,2.35,5.85));
#2044 = DIRECTION('',(-0.707106781187,8.659560562349E-17,-0.707106781187
    ));
#2045 = DIRECTION('',(-0.707106781187,8.659560562349E-17,0.707106781187)
  );
#2046 = ADVANCED_FACE('',(#2047),#2058,.F.);
#2047 = FACE_BOUND('',#2048,.F.);
#2048 = EDGE_LOOP('',(#2049,#2050,#2056,#2057));
#2049 = ORIENTED_EDGE('',*,*,#1028,.F.);
#2050 = ORIENTED_EDGE('',*,*,#2051,.T.);
#2051 = EDGE_CURVE('',#1021,#819,#2052,.T.);
#2052 = LINE('',#2053,#2054);
#2053 = CARTESIAN_POINT('',(-0.5,2.35,5.6));
#2054 = VECTOR('',#2055,1.);
#2055 = DIRECTION('',(-1.224646799147E-16,-1.,0.));
#2056 = ORIENTED_EDGE('',*,*,#826,.F.);
#2057 = ORIENTED_EDGE('',*,*,#2034,.F.);
#2058 = PLANE('',#2059);
#2059 = AXIS2_PLACEMENT_3D('',#2060,#2061,#2062);
#2060 = CARTESIAN_POINT('',(-0.5,2.35,5.6));
#2061 = DIRECTION('',(-0.707106781187,8.659560562349E-17,0.707106781187)
  );
#2062 = DIRECTION('',(0.707106781187,-8.659560562349E-17,0.707106781187)
  );
#2063 = ADVANCED_FACE('',(#2064),#2075,.F.);
#2064 = FACE_BOUND('',#2065,.F.);
#2065 = EDGE_LOOP('',(#2066,#2067,#2073,#2074));
#2066 = ORIENTED_EDGE('',*,*,#1020,.F.);
#2067 = ORIENTED_EDGE('',*,*,#2068,.T.);
#2068 = EDGE_CURVE('',#1012,#810,#2069,.T.);
#2069 = LINE('',#2070,#2071);
#2070 = CARTESIAN_POINT('',(-0.5,2.35,3.85));
#2071 = VECTOR('',#2072,1.);
#2072 = DIRECTION('',(-1.224646799147E-16,-1.,0.));
#2073 = ORIENTED_EDGE('',*,*,#818,.F.);
#2074 = ORIENTED_EDGE('',*,*,#2051,.F.);
#2075 = PLANE('',#2076);
#2076 = AXIS2_PLACEMENT_3D('',#2077,#2078,#2079);
#2077 = CARTESIAN_POINT('',(-0.5,2.35,3.1));
#2078 = DIRECTION('',(-1.,1.224646799147E-16,0.));
#2079 = DIRECTION('',(0.,0.,1.));
#2080 = ADVANCED_FACE('',(#2081),#2092,.F.);
#2081 = FACE_BOUND('',#2082,.F.);
#2082 = EDGE_LOOP('',(#2083,#2084,#2085,#2086));
#2083 = ORIENTED_EDGE('',*,*,#809,.F.);
#2084 = ORIENTED_EDGE('',*,*,#2068,.F.);
#2085 = ORIENTED_EDGE('',*,*,#1011,.F.);
#2086 = ORIENTED_EDGE('',*,*,#2087,.T.);
#2087 = EDGE_CURVE('',#1004,#802,#2088,.T.);
#2088 = LINE('',#2089,#2090);
#2089 = CARTESIAN_POINT('',(0.25,2.35,3.1));
#2090 = VECTOR('',#2091,1.);
#2091 = DIRECTION('',(-1.224646799147E-16,-1.,0.));
#2092 = CYLINDRICAL_SURFACE('',#2093,0.75);
#2093 = AXIS2_PLACEMENT_3D('',#2094,#2095,#2096);
#2094 = CARTESIAN_POINT('',(0.25,2.35,3.85));
#2095 = DIRECTION('',(-1.224646799147E-16,-1.,0.));
#2096 = DIRECTION('',(-0.,0.,-1.));
#2097 = ADVANCED_FACE('',(#2098),#2109,.F.);
#2098 = FACE_BOUND('',#2099,.F.);
#2099 = EDGE_LOOP('',(#2100,#2101,#2102,#2108));
#2100 = ORIENTED_EDGE('',*,*,#2087,.F.);
#2101 = ORIENTED_EDGE('',*,*,#1003,.F.);
#2102 = ORIENTED_EDGE('',*,*,#2103,.T.);
#2103 = EDGE_CURVE('',#996,#794,#2104,.T.);
#2104 = LINE('',#2105,#2106);
#2105 = CARTESIAN_POINT('',(1.,2.35,3.1));
#2106 = VECTOR('',#2107,1.);
#2107 = DIRECTION('',(-1.224646799147E-16,-1.,0.));
#2108 = ORIENTED_EDGE('',*,*,#801,.F.);
#2109 = PLANE('',#2110);
#2110 = AXIS2_PLACEMENT_3D('',#2111,#2112,#2113);
#2111 = CARTESIAN_POINT('',(1.,2.35,3.1));
#2112 = DIRECTION('',(-0.,0.,-1.));
#2113 = DIRECTION('',(-1.,1.224646799147E-16,0.));
#2114 = ADVANCED_FACE('',(#2115),#2126,.F.);
#2115 = FACE_BOUND('',#2116,.F.);
#2116 = EDGE_LOOP('',(#2117,#2118,#2124,#2125));
#2117 = ORIENTED_EDGE('',*,*,#995,.F.);
#2118 = ORIENTED_EDGE('',*,*,#2119,.T.);
#2119 = EDGE_CURVE('',#988,#786,#2120,.T.);
#2120 = LINE('',#2121,#2122);
#2121 = CARTESIAN_POINT('',(1.,2.35,7.));
#2122 = VECTOR('',#2123,1.);
#2123 = DIRECTION('',(-1.224646799147E-16,-1.,0.));
#2124 = ORIENTED_EDGE('',*,*,#793,.F.);
#2125 = ORIENTED_EDGE('',*,*,#2103,.F.);
#2126 = PLANE('',#2127);
#2127 = AXIS2_PLACEMENT_3D('',#2128,#2129,#2130);
#2128 = CARTESIAN_POINT('',(1.,2.35,7.));
#2129 = DIRECTION('',(1.,-1.224646799147E-16,0.));
#2130 = DIRECTION('',(0.,-0.,-1.));
#2131 = ADVANCED_FACE('',(#2132),#2143,.T.);
#2132 = FACE_BOUND('',#2133,.T.);
#2133 = EDGE_LOOP('',(#2134,#2135,#2141,#2142));
#2134 = ORIENTED_EDGE('',*,*,#785,.F.);
#2135 = ORIENTED_EDGE('',*,*,#2136,.F.);
#2136 = EDGE_CURVE('',#980,#778,#2137,.T.);
#2137 = LINE('',#2138,#2139);
#2138 = CARTESIAN_POINT('',(9.,2.35,7.));
#2139 = VECTOR('',#2140,1.);
#2140 = DIRECTION('',(-1.224646799147E-16,-1.,0.));
#2141 = ORIENTED_EDGE('',*,*,#987,.T.);
#2142 = ORIENTED_EDGE('',*,*,#2119,.T.);
#2143 = PLANE('',#2144);
#2144 = AXIS2_PLACEMENT_3D('',#2145,#2146,#2147);
#2145 = CARTESIAN_POINT('',(5.,-0.525,7.));
#2146 = DIRECTION('',(0.,0.,1.));
#2147 = DIRECTION('',(-1.,1.224646799147E-16,0.));
#2148 = ADVANCED_FACE('',(#2149),#2160,.T.);
#2149 = FACE_BOUND('',#2150,.T.);
#2150 = EDGE_LOOP('',(#2151,#2152,#2153,#2154));
#2151 = ORIENTED_EDGE('',*,*,#979,.F.);
#2152 = ORIENTED_EDGE('',*,*,#2136,.T.);
#2153 = ORIENTED_EDGE('',*,*,#777,.F.);
#2154 = ORIENTED_EDGE('',*,*,#2155,.F.);
#2155 = EDGE_CURVE('',#972,#770,#2156,.T.);
#2156 = LINE('',#2157,#2158);
#2157 = CARTESIAN_POINT('',(9.,2.35,3.1));
#2158 = VECTOR('',#2159,1.);
#2159 = DIRECTION('',(-1.224646799147E-16,-1.,0.));
#2160 = PLANE('',#2161);
#2161 = AXIS2_PLACEMENT_3D('',#2162,#2163,#2164);
#2162 = CARTESIAN_POINT('',(9.,2.35,7.));
#2163 = DIRECTION('',(1.,-1.224646799147E-16,0.));
#2164 = DIRECTION('',(0.,-0.,-1.));
#2165 = ADVANCED_FACE('',(#2166),#2177,.T.);
#2166 = FACE_BOUND('',#2167,.T.);
#2167 = EDGE_LOOP('',(#2168,#2174,#2175,#2176));
#2168 = ORIENTED_EDGE('',*,*,#2169,.F.);
#2169 = EDGE_CURVE('',#963,#761,#2170,.T.);
#2170 = LINE('',#2171,#2172);
#2171 = CARTESIAN_POINT('',(9.75,2.35,3.1));
#2172 = VECTOR('',#2173,1.);
#2173 = DIRECTION('',(-1.224646799147E-16,-1.,0.));
#2174 = ORIENTED_EDGE('',*,*,#971,.F.);
#2175 = ORIENTED_EDGE('',*,*,#2155,.T.);
#2176 = ORIENTED_EDGE('',*,*,#769,.F.);
#2177 = PLANE('',#2178);
#2178 = AXIS2_PLACEMENT_3D('',#2179,#2180,#2181);
#2179 = CARTESIAN_POINT('',(9.,2.35,3.1));
#2180 = DIRECTION('',(0.,0.,1.));
#2181 = DIRECTION('',(1.,-1.224646799147E-16,0.));
#2182 = ADVANCED_FACE('',(#2183),#2194,.F.);
#2183 = FACE_BOUND('',#2184,.F.);
#2184 = EDGE_LOOP('',(#2185,#2186,#2187,#2193));
#2185 = ORIENTED_EDGE('',*,*,#2169,.F.);
#2186 = ORIENTED_EDGE('',*,*,#962,.T.);
#2187 = ORIENTED_EDGE('',*,*,#2188,.T.);
#2188 = EDGE_CURVE('',#955,#753,#2189,.T.);
#2189 = LINE('',#2190,#2191);
#2190 = CARTESIAN_POINT('',(10.5,2.35,3.85));
#2191 = VECTOR('',#2192,1.);
#2192 = DIRECTION('',(-1.224646799147E-16,-1.,0.));
#2193 = ORIENTED_EDGE('',*,*,#760,.F.);
#2194 = CYLINDRICAL_SURFACE('',#2195,0.75);
#2195 = AXIS2_PLACEMENT_3D('',#2196,#2197,#2198);
#2196 = CARTESIAN_POINT('',(9.75,2.35,3.85));
#2197 = DIRECTION('',(-1.224646799147E-16,-1.,0.));
#2198 = DIRECTION('',(0.,-0.,-1.));
#2199 = ADVANCED_FACE('',(#2200),#2211,.T.);
#2200 = FACE_BOUND('',#2201,.T.);
#2201 = EDGE_LOOP('',(#2202,#2203,#2204,#2205));
#2202 = ORIENTED_EDGE('',*,*,#954,.F.);
#2203 = ORIENTED_EDGE('',*,*,#2188,.T.);
#2204 = ORIENTED_EDGE('',*,*,#752,.F.);
#2205 = ORIENTED_EDGE('',*,*,#2206,.F.);
#2206 = EDGE_CURVE('',#947,#745,#2207,.T.);
#2207 = LINE('',#2208,#2209);
#2208 = CARTESIAN_POINT('',(10.5,2.35,5.6));
#2209 = VECTOR('',#2210,1.);
#2210 = DIRECTION('',(-1.224646799147E-16,-1.,0.));
#2211 = PLANE('',#2212);
#2212 = AXIS2_PLACEMENT_3D('',#2213,#2214,#2215);
#2213 = CARTESIAN_POINT('',(10.5,2.35,3.1));
#2214 = DIRECTION('',(-1.,1.224646799147E-16,0.));
#2215 = DIRECTION('',(0.,0.,1.));
#2216 = ADVANCED_FACE('',(#2217),#2228,.T.);
#2217 = FACE_BOUND('',#2218,.T.);
#2218 = EDGE_LOOP('',(#2219,#2220,#2221,#2222));
#2219 = ORIENTED_EDGE('',*,*,#946,.F.);
#2220 = ORIENTED_EDGE('',*,*,#2206,.T.);
#2221 = ORIENTED_EDGE('',*,*,#744,.F.);
#2222 = ORIENTED_EDGE('',*,*,#2223,.F.);
#2223 = EDGE_CURVE('',#939,#737,#2224,.T.);
#2224 = LINE('',#2225,#2226);
#2225 = CARTESIAN_POINT('',(10.25,2.35,5.85));
#2226 = VECTOR('',#2227,1.);
#2227 = DIRECTION('',(-1.224646799147E-16,-1.,0.));
#2228 = PLANE('',#2229);
#2229 = AXIS2_PLACEMENT_3D('',#2230,#2231,#2232);
#2230 = CARTESIAN_POINT('',(10.5,2.35,5.6));
#2231 = DIRECTION('',(-0.707106781187,8.659560562349E-17,-0.707106781187
    ));
#2232 = DIRECTION('',(-0.707106781187,8.659560562349E-17,0.707106781187)
  );
#2233 = ADVANCED_FACE('',(#2234),#2245,.T.);
#2234 = FACE_BOUND('',#2235,.T.);
#2235 = EDGE_LOOP('',(#2236,#2237,#2238,#2239));
#2236 = ORIENTED_EDGE('',*,*,#938,.F.);
#2237 = ORIENTED_EDGE('',*,*,#2223,.T.);
#2238 = ORIENTED_EDGE('',*,*,#736,.F.);
#2239 = ORIENTED_EDGE('',*,*,#2240,.F.);
#2240 = EDGE_CURVE('',#931,#729,#2241,.T.);
#2241 = LINE('',#2242,#2243);
#2242 = CARTESIAN_POINT('',(10.5,2.35,6.1));
#2243 = VECTOR('',#2244,1.);
#2244 = DIRECTION('',(-1.224646799147E-16,-1.,0.));
#2245 = PLANE('',#2246);
#2246 = AXIS2_PLACEMENT_3D('',#2247,#2248,#2249);
#2247 = CARTESIAN_POINT('',(10.25,2.35,5.85));
#2248 = DIRECTION('',(-0.707106781187,8.659560562349E-17,0.707106781187)
  );
#2249 = DIRECTION('',(0.707106781187,-8.659560562349E-17,0.707106781187)
  );
#2250 = ADVANCED_FACE('',(#2251),#2257,.T.);
#2251 = FACE_BOUND('',#2252,.T.);
#2252 = EDGE_LOOP('',(#2253,#2254,#2255,#2256));
#2253 = ORIENTED_EDGE('',*,*,#930,.F.);
#2254 = ORIENTED_EDGE('',*,*,#2240,.T.);
#2255 = ORIENTED_EDGE('',*,*,#728,.F.);
#2256 = ORIENTED_EDGE('',*,*,#1791,.F.);
#2257 = PLANE('',#2258);
#2258 = AXIS2_PLACEMENT_3D('',#2259,#2260,#2261);
#2259 = CARTESIAN_POINT('',(10.5,2.35,6.1));
#2260 = DIRECTION('',(-1.,1.224646799147E-16,0.));
#2261 = DIRECTION('',(0.,0.,1.));
#2262 = ADVANCED_FACE('',(#2263),#2274,.F.);
#2263 = FACE_BOUND('',#2264,.F.);
#2264 = EDGE_LOOP('',(#2265,#2266,#2267,#2273));
#2265 = ORIENTED_EDGE('',*,*,#1189,.T.);
#2266 = ORIENTED_EDGE('',*,*,#1656,.T.);
#2267 = ORIENTED_EDGE('',*,*,#2268,.F.);
#2268 = EDGE_CURVE('',#1714,#1657,#2269,.T.);
#2269 = LINE('',#2270,#2271);
#2270 = CARTESIAN_POINT('',(10.75,0.5,0.3));
#2271 = VECTOR('',#2272,1.);
#2272 = DIRECTION('',(-1.,1.224646799147E-16,0.));
#2273 = ORIENTED_EDGE('',*,*,#1713,.F.);
#2274 = PLANE('',#2275);
#2275 = AXIS2_PLACEMENT_3D('',#2276,#2277,#2278);
#2276 = CARTESIAN_POINT('',(10.75,2.35,1.));
#2277 = DIRECTION('',(-4.33392824344E-17,-0.353892097416,0.935286257456)
  );
#2278 = DIRECTION('',(-1.14539532148E-16,-0.935286257456,-0.353892097416
    ));
#2279 = ADVANCED_FACE('',(#2280),#2291,.F.);
#2280 = FACE_BOUND('',#2281,.F.);
#2281 = EDGE_LOOP('',(#2282,#2283,#2284,#2290));
#2282 = ORIENTED_EDGE('',*,*,#1157,.T.);
#2283 = ORIENTED_EDGE('',*,*,#1551,.T.);
#2284 = ORIENTED_EDGE('',*,*,#2285,.F.);
#2285 = EDGE_CURVE('',#1609,#1552,#2286,.T.);
#2286 = LINE('',#2287,#2288);
#2287 = CARTESIAN_POINT('',(8.25,0.5,0.3));
#2288 = VECTOR('',#2289,1.);
#2289 = DIRECTION('',(-1.,1.224646799147E-16,0.));
#2290 = ORIENTED_EDGE('',*,*,#1608,.F.);
#2291 = PLANE('',#2292);
#2292 = AXIS2_PLACEMENT_3D('',#2293,#2294,#2295);
#2293 = CARTESIAN_POINT('',(8.25,2.35,1.));
#2294 = DIRECTION('',(-4.33392824344E-17,-0.353892097416,0.935286257456)
  );
#2295 = DIRECTION('',(-1.14539532148E-16,-0.935286257456,-0.353892097416
    ));
#2296 = ADVANCED_FACE('',(#2297),#2308,.F.);
#2297 = FACE_BOUND('',#2298,.F.);
#2298 = EDGE_LOOP('',(#2299,#2300,#2301,#2307));
#2299 = ORIENTED_EDGE('',*,*,#1125,.T.);
#2300 = ORIENTED_EDGE('',*,*,#1446,.T.);
#2301 = ORIENTED_EDGE('',*,*,#2302,.F.);
#2302 = EDGE_CURVE('',#1504,#1447,#2303,.T.);
#2303 = LINE('',#2304,#2305);
#2304 = CARTESIAN_POINT('',(5.75,0.5,0.3));
#2305 = VECTOR('',#2306,1.);
#2306 = DIRECTION('',(-1.,1.224646799147E-16,0.));
#2307 = ORIENTED_EDGE('',*,*,#1503,.F.);
#2308 = PLANE('',#2309);
#2309 = AXIS2_PLACEMENT_3D('',#2310,#2311,#2312);
#2310 = CARTESIAN_POINT('',(5.75,2.35,1.));
#2311 = DIRECTION('',(-4.33392824344E-17,-0.353892097416,0.935286257456)
  );
#2312 = DIRECTION('',(-1.14539532148E-16,-0.935286257456,-0.353892097416
    ));
#2313 = ADVANCED_FACE('',(#2314),#2325,.F.);
#2314 = FACE_BOUND('',#2315,.F.);
#2315 = EDGE_LOOP('',(#2316,#2317,#2318,#2324));
#2316 = ORIENTED_EDGE('',*,*,#1093,.T.);
#2317 = ORIENTED_EDGE('',*,*,#1341,.T.);
#2318 = ORIENTED_EDGE('',*,*,#2319,.F.);
#2319 = EDGE_CURVE('',#1399,#1342,#2320,.T.);
#2320 = LINE('',#2321,#2322);
#2321 = CARTESIAN_POINT('',(3.25,0.5,0.3));
#2322 = VECTOR('',#2323,1.);
#2323 = DIRECTION('',(-1.,1.224646799147E-16,0.));
#2324 = ORIENTED_EDGE('',*,*,#1398,.F.);
#2325 = PLANE('',#2326);
#2326 = AXIS2_PLACEMENT_3D('',#2327,#2328,#2329);
#2327 = CARTESIAN_POINT('',(3.25,2.35,1.));
#2328 = DIRECTION('',(-4.33392824344E-17,-0.353892097416,0.935286257456)
  );
#2329 = DIRECTION('',(-1.14539532148E-16,-0.935286257456,-0.353892097416
    ));
#2330 = ADVANCED_FACE('',(#2331),#2342,.F.);
#2331 = FACE_BOUND('',#2332,.F.);
#2332 = EDGE_LOOP('',(#2333,#2334,#2335,#2341));
#2333 = ORIENTED_EDGE('',*,*,#1061,.T.);
#2334 = ORIENTED_EDGE('',*,*,#1236,.T.);
#2335 = ORIENTED_EDGE('',*,*,#2336,.F.);
#2336 = EDGE_CURVE('',#1294,#1237,#2337,.T.);
#2337 = LINE('',#2338,#2339);
#2338 = CARTESIAN_POINT('',(0.75,0.5,0.3));
#2339 = VECTOR('',#2340,1.);
#2340 = DIRECTION('',(-1.,1.224646799147E-16,0.));
#2341 = ORIENTED_EDGE('',*,*,#1293,.F.);
#2342 = PLANE('',#2343);
#2343 = AXIS2_PLACEMENT_3D('',#2344,#2345,#2346);
#2344 = CARTESIAN_POINT('',(0.75,2.35,1.));
#2345 = DIRECTION('',(-4.33392824344E-17,-0.353892097416,0.935286257456)
  );
#2346 = DIRECTION('',(-1.14539532148E-16,-0.935286257456,-0.353892097416
    ));
#2347 = ADVANCED_FACE('',(#2348,#2354),#2388,.F.);
#2348 = FACE_BOUND('',#2349,.F.);
#2349 = EDGE_LOOP('',(#2350,#2351,#2352,#2353));
#2350 = ORIENTED_EDGE('',*,*,#2336,.T.);
#2351 = ORIENTED_EDGE('',*,*,#1244,.T.);
#2352 = ORIENTED_EDGE('',*,*,#1268,.F.);
#2353 = ORIENTED_EDGE('',*,*,#1301,.F.);
#2354 = FACE_BOUND('',#2355,.F.);
#2355 = EDGE_LOOP('',(#2356,#2366,#2374,#2382));
#2356 = ORIENTED_EDGE('',*,*,#2357,.F.);
#2357 = EDGE_CURVE('',#2358,#2360,#2362,.T.);
#2358 = VERTEX_POINT('',#2359);
#2359 = CARTESIAN_POINT('',(-0.32,0.32,0.3));
#2360 = VERTEX_POINT('',#2361);
#2361 = CARTESIAN_POINT('',(-0.32,-0.32,0.3));
#2362 = LINE('',#2363,#2364);
#2363 = CARTESIAN_POINT('',(-0.32,0.26829700442,0.3));
#2364 = VECTOR('',#2365,1.);
#2365 = DIRECTION('',(-1.224646799147E-16,-1.,0.));
#2366 = ORIENTED_EDGE('',*,*,#2367,.T.);
#2367 = EDGE_CURVE('',#2358,#2368,#2370,.T.);
#2368 = VERTEX_POINT('',#2369);
#2369 = CARTESIAN_POINT('',(0.32,0.32,0.3));
#2370 = LINE('',#2371,#2372);
#2371 = CARTESIAN_POINT('',(0.535,0.32,0.3));
#2372 = VECTOR('',#2373,1.);
#2373 = DIRECTION('',(1.,-1.224646799147E-16,0.));
#2374 = ORIENTED_EDGE('',*,*,#2375,.T.);
#2375 = EDGE_CURVE('',#2368,#2376,#2378,.T.);
#2376 = VERTEX_POINT('',#2377);
#2377 = CARTESIAN_POINT('',(0.32,-0.32,0.3));
#2378 = LINE('',#2379,#2380);
#2379 = CARTESIAN_POINT('',(0.32,0.26829700442,0.3));
#2380 = VECTOR('',#2381,1.);
#2381 = DIRECTION('',(-1.224646799147E-16,-1.,0.));
#2382 = ORIENTED_EDGE('',*,*,#2383,.T.);
#2383 = EDGE_CURVE('',#2376,#2360,#2384,.T.);
#2384 = LINE('',#2385,#2386);
#2385 = CARTESIAN_POINT('',(0.535,-0.32,0.3));
#2386 = VECTOR('',#2387,1.);
#2387 = DIRECTION('',(-1.,1.224646799147E-16,0.));
#2388 = PLANE('',#2389);
#2389 = AXIS2_PLACEMENT_3D('',#2390,#2391,#2392);
#2390 = CARTESIAN_POINT('',(0.75,0.5,0.3));
#2391 = DIRECTION('',(0.,0.,1.));
#2392 = DIRECTION('',(-1.224646799147E-16,-1.,0.));
#2393 = ADVANCED_FACE('',(#2394,#2400),#2434,.F.);
#2394 = FACE_BOUND('',#2395,.F.);
#2395 = EDGE_LOOP('',(#2396,#2397,#2398,#2399));
#2396 = ORIENTED_EDGE('',*,*,#2319,.T.);
#2397 = ORIENTED_EDGE('',*,*,#1349,.T.);
#2398 = ORIENTED_EDGE('',*,*,#1373,.F.);
#2399 = ORIENTED_EDGE('',*,*,#1406,.F.);
#2400 = FACE_BOUND('',#2401,.F.);
#2401 = EDGE_LOOP('',(#2402,#2412,#2420,#2428));
#2402 = ORIENTED_EDGE('',*,*,#2403,.T.);
#2403 = EDGE_CURVE('',#2404,#2406,#2408,.T.);
#2404 = VERTEX_POINT('',#2405);
#2405 = CARTESIAN_POINT('',(2.82,0.32,0.3));
#2406 = VERTEX_POINT('',#2407);
#2407 = CARTESIAN_POINT('',(2.82,-0.32,0.3));
#2408 = LINE('',#2409,#2410);
#2409 = CARTESIAN_POINT('',(2.82,0.25,0.3));
#2410 = VECTOR('',#2411,1.);
#2411 = DIRECTION('',(-1.224646799147E-16,-1.,0.));
#2412 = ORIENTED_EDGE('',*,*,#2413,.T.);
#2413 = EDGE_CURVE('',#2406,#2414,#2416,.T.);
#2414 = VERTEX_POINT('',#2415);
#2415 = CARTESIAN_POINT('',(2.18,-0.32,0.3));
#2416 = LINE('',#2417,#2418);
#2417 = CARTESIAN_POINT('',(3.035,-0.32,0.3));
#2418 = VECTOR('',#2419,1.);
#2419 = DIRECTION('',(-1.,1.224646799147E-16,0.));
#2420 = ORIENTED_EDGE('',*,*,#2421,.F.);
#2421 = EDGE_CURVE('',#2422,#2414,#2424,.T.);
#2422 = VERTEX_POINT('',#2423);
#2423 = CARTESIAN_POINT('',(2.18,0.32,0.3));
#2424 = LINE('',#2425,#2426);
#2425 = CARTESIAN_POINT('',(2.18,0.25,0.3));
#2426 = VECTOR('',#2427,1.);
#2427 = DIRECTION('',(-1.224646799147E-16,-1.,0.));
#2428 = ORIENTED_EDGE('',*,*,#2429,.T.);
#2429 = EDGE_CURVE('',#2422,#2404,#2430,.T.);
#2430 = LINE('',#2431,#2432);
#2431 = CARTESIAN_POINT('',(3.035,0.32,0.3));
#2432 = VECTOR('',#2433,1.);
#2433 = DIRECTION('',(1.,-1.224646799147E-16,0.));
#2434 = PLANE('',#2435);
#2435 = AXIS2_PLACEMENT_3D('',#2436,#2437,#2438);
#2436 = CARTESIAN_POINT('',(3.25,0.5,0.3));
#2437 = DIRECTION('',(0.,0.,1.));
#2438 = DIRECTION('',(-1.224646799147E-16,-1.,0.));
#2439 = ADVANCED_FACE('',(#2440,#2446),#2480,.F.);
#2440 = FACE_BOUND('',#2441,.F.);
#2441 = EDGE_LOOP('',(#2442,#2443,#2444,#2445));
#2442 = ORIENTED_EDGE('',*,*,#2302,.T.);
#2443 = ORIENTED_EDGE('',*,*,#1454,.T.);
#2444 = ORIENTED_EDGE('',*,*,#1478,.F.);
#2445 = ORIENTED_EDGE('',*,*,#1511,.F.);
#2446 = FACE_BOUND('',#2447,.F.);
#2447 = EDGE_LOOP('',(#2448,#2458,#2466,#2474));
#2448 = ORIENTED_EDGE('',*,*,#2449,.T.);
#2449 = EDGE_CURVE('',#2450,#2452,#2454,.T.);
#2450 = VERTEX_POINT('',#2451);
#2451 = CARTESIAN_POINT('',(5.32,0.32,0.3));
#2452 = VERTEX_POINT('',#2453);
#2453 = CARTESIAN_POINT('',(5.32,-0.32,0.3));
#2454 = LINE('',#2455,#2456);
#2455 = CARTESIAN_POINT('',(5.32,0.25,0.3));
#2456 = VECTOR('',#2457,1.);
#2457 = DIRECTION('',(-1.224646799147E-16,-1.,0.));
#2458 = ORIENTED_EDGE('',*,*,#2459,.T.);
#2459 = EDGE_CURVE('',#2452,#2460,#2462,.T.);
#2460 = VERTEX_POINT('',#2461);
#2461 = CARTESIAN_POINT('',(4.68,-0.32,0.3));
#2462 = LINE('',#2463,#2464);
#2463 = CARTESIAN_POINT('',(5.535,-0.32,0.3));
#2464 = VECTOR('',#2465,1.);
#2465 = DIRECTION('',(-1.,1.224646799147E-16,0.));
#2466 = ORIENTED_EDGE('',*,*,#2467,.F.);
#2467 = EDGE_CURVE('',#2468,#2460,#2470,.T.);
#2468 = VERTEX_POINT('',#2469);
#2469 = CARTESIAN_POINT('',(4.68,0.32,0.3));
#2470 = LINE('',#2471,#2472);
#2471 = CARTESIAN_POINT('',(4.68,0.25,0.3));
#2472 = VECTOR('',#2473,1.);
#2473 = DIRECTION('',(-1.224646799147E-16,-1.,0.));
#2474 = ORIENTED_EDGE('',*,*,#2475,.T.);
#2475 = EDGE_CURVE('',#2468,#2450,#2476,.T.);
#2476 = LINE('',#2477,#2478);
#2477 = CARTESIAN_POINT('',(5.535,0.32,0.3));
#2478 = VECTOR('',#2479,1.);
#2479 = DIRECTION('',(1.,-1.224646799147E-16,0.));
#2480 = PLANE('',#2481);
#2481 = AXIS2_PLACEMENT_3D('',#2482,#2483,#2484);
#2482 = CARTESIAN_POINT('',(5.75,0.5,0.3));
#2483 = DIRECTION('',(0.,0.,1.));
#2484 = DIRECTION('',(-1.224646799147E-16,-1.,0.));
#2485 = ADVANCED_FACE('',(#2486,#2492),#2526,.F.);
#2486 = FACE_BOUND('',#2487,.F.);
#2487 = EDGE_LOOP('',(#2488,#2489,#2490,#2491));
#2488 = ORIENTED_EDGE('',*,*,#2285,.T.);
#2489 = ORIENTED_EDGE('',*,*,#1559,.T.);
#2490 = ORIENTED_EDGE('',*,*,#1583,.F.);
#2491 = ORIENTED_EDGE('',*,*,#1616,.F.);
#2492 = FACE_BOUND('',#2493,.F.);
#2493 = EDGE_LOOP('',(#2494,#2504,#2512,#2520));
#2494 = ORIENTED_EDGE('',*,*,#2495,.F.);
#2495 = EDGE_CURVE('',#2496,#2498,#2500,.T.);
#2496 = VERTEX_POINT('',#2497);
#2497 = CARTESIAN_POINT('',(7.18,0.32,0.3));
#2498 = VERTEX_POINT('',#2499);
#2499 = CARTESIAN_POINT('',(7.18,-0.32,0.3));
#2500 = LINE('',#2501,#2502);
#2501 = CARTESIAN_POINT('',(7.18,0.25,0.3));
#2502 = VECTOR('',#2503,1.);
#2503 = DIRECTION('',(-1.224646799147E-16,-1.,0.));
#2504 = ORIENTED_EDGE('',*,*,#2505,.T.);
#2505 = EDGE_CURVE('',#2496,#2506,#2508,.T.);
#2506 = VERTEX_POINT('',#2507);
#2507 = CARTESIAN_POINT('',(7.82,0.32,0.3));
#2508 = LINE('',#2509,#2510);
#2509 = CARTESIAN_POINT('',(8.035,0.32,0.3));
#2510 = VECTOR('',#2511,1.);
#2511 = DIRECTION('',(1.,-1.224646799147E-16,0.));
#2512 = ORIENTED_EDGE('',*,*,#2513,.T.);
#2513 = EDGE_CURVE('',#2506,#2514,#2516,.T.);
#2514 = VERTEX_POINT('',#2515);
#2515 = CARTESIAN_POINT('',(7.82,-0.32,0.3));
#2516 = LINE('',#2517,#2518);
#2517 = CARTESIAN_POINT('',(7.82,0.25,0.3));
#2518 = VECTOR('',#2519,1.);
#2519 = DIRECTION('',(-1.224646799147E-16,-1.,0.));
#2520 = ORIENTED_EDGE('',*,*,#2521,.T.);
#2521 = EDGE_CURVE('',#2514,#2498,#2522,.T.);
#2522 = LINE('',#2523,#2524);
#2523 = CARTESIAN_POINT('',(8.035,-0.32,0.3));
#2524 = VECTOR('',#2525,1.);
#2525 = DIRECTION('',(-1.,1.224646799147E-16,0.));
#2526 = PLANE('',#2527);
#2527 = AXIS2_PLACEMENT_3D('',#2528,#2529,#2530);
#2528 = CARTESIAN_POINT('',(8.25,0.5,0.3));
#2529 = DIRECTION('',(0.,0.,1.));
#2530 = DIRECTION('',(-1.224646799147E-16,-1.,0.));
#2531 = ADVANCED_FACE('',(#2532,#2538),#2572,.F.);
#2532 = FACE_BOUND('',#2533,.F.);
#2533 = EDGE_LOOP('',(#2534,#2535,#2536,#2537));
#2534 = ORIENTED_EDGE('',*,*,#2268,.T.);
#2535 = ORIENTED_EDGE('',*,*,#1664,.T.);
#2536 = ORIENTED_EDGE('',*,*,#1688,.F.);
#2537 = ORIENTED_EDGE('',*,*,#1721,.F.);
#2538 = FACE_BOUND('',#2539,.F.);
#2539 = EDGE_LOOP('',(#2540,#2550,#2558,#2566));
#2540 = ORIENTED_EDGE('',*,*,#2541,.T.);
#2541 = EDGE_CURVE('',#2542,#2544,#2546,.T.);
#2542 = VERTEX_POINT('',#2543);
#2543 = CARTESIAN_POINT('',(9.68,0.32,0.3));
#2544 = VERTEX_POINT('',#2545);
#2545 = CARTESIAN_POINT('',(10.32,0.32,0.3));
#2546 = LINE('',#2547,#2548);
#2547 = CARTESIAN_POINT('',(10.535,0.32,0.3));
#2548 = VECTOR('',#2549,1.);
#2549 = DIRECTION('',(1.,-1.224646799147E-16,0.));
#2550 = ORIENTED_EDGE('',*,*,#2551,.T.);
#2551 = EDGE_CURVE('',#2544,#2552,#2554,.T.);
#2552 = VERTEX_POINT('',#2553);
#2553 = CARTESIAN_POINT('',(10.32,-0.32,0.3));
#2554 = LINE('',#2555,#2556);
#2555 = CARTESIAN_POINT('',(10.32,0.26829700442,0.3));
#2556 = VECTOR('',#2557,1.);
#2557 = DIRECTION('',(-1.224646799147E-16,-1.,0.));
#2558 = ORIENTED_EDGE('',*,*,#2559,.T.);
#2559 = EDGE_CURVE('',#2552,#2560,#2562,.T.);
#2560 = VERTEX_POINT('',#2561);
#2561 = CARTESIAN_POINT('',(9.68,-0.32,0.3));
#2562 = LINE('',#2563,#2564);
#2563 = CARTESIAN_POINT('',(10.535,-0.32,0.3));
#2564 = VECTOR('',#2565,1.);
#2565 = DIRECTION('',(-1.,1.224646799147E-16,0.));
#2566 = ORIENTED_EDGE('',*,*,#2567,.F.);
#2567 = EDGE_CURVE('',#2542,#2560,#2568,.T.);
#2568 = LINE('',#2569,#2570);
#2569 = CARTESIAN_POINT('',(9.68,0.26829700442,0.3));
#2570 = VECTOR('',#2571,1.);
#2571 = DIRECTION('',(-1.224646799147E-16,-1.,0.));
#2572 = PLANE('',#2573);
#2573 = AXIS2_PLACEMENT_3D('',#2574,#2575,#2576);
#2574 = CARTESIAN_POINT('',(10.75,0.5,0.3));
#2575 = DIRECTION('',(0.,0.,1.));
#2576 = DIRECTION('',(-1.224646799147E-16,-1.,0.));
#2577 = ADVANCED_FACE('',(#2578),#2603,.F.);
#2578 = FACE_BOUND('',#2579,.F.);
#2579 = EDGE_LOOP('',(#2580,#2581,#2589,#2597));
#2580 = ORIENTED_EDGE('',*,*,#1840,.T.);
#2581 = ORIENTED_EDGE('',*,*,#2582,.T.);
#2582 = EDGE_CURVE('',#1843,#2583,#2585,.T.);
#2583 = VERTEX_POINT('',#2584);
#2584 = CARTESIAN_POINT('',(5.32,-0.32,6.3));
#2585 = LINE('',#2586,#2587);
#2586 = CARTESIAN_POINT('',(5.32,-0.32,-3.4));
#2587 = VECTOR('',#2588,1.);
#2588 = DIRECTION('',(0.,0.,1.));
#2589 = ORIENTED_EDGE('',*,*,#2590,.T.);
#2590 = EDGE_CURVE('',#2583,#2591,#2593,.T.);
#2591 = VERTEX_POINT('',#2592);
#2592 = CARTESIAN_POINT('',(5.32,0.32,6.3));
#2593 = LINE('',#2594,#2595);
#2594 = CARTESIAN_POINT('',(5.32,-0.32,6.3));
#2595 = VECTOR('',#2596,1.);
#2596 = DIRECTION('',(1.224646799147E-16,1.,0.));
#2597 = ORIENTED_EDGE('',*,*,#2598,.T.);
#2598 = EDGE_CURVE('',#2591,#1841,#2599,.T.);
#2599 = LINE('',#2600,#2601);
#2600 = CARTESIAN_POINT('',(5.32,0.32,6.5));
#2601 = VECTOR('',#2602,1.);
#2602 = DIRECTION('',(-0.,0.,-1.));
#2603 = PLANE('',#2604);
#2604 = AXIS2_PLACEMENT_3D('',#2605,#2606,#2607);
#2605 = CARTESIAN_POINT('',(5.32,-3.918869757272E-17,1.55));
#2606 = DIRECTION('',(-1.,1.224646799147E-16,0.));
#2607 = DIRECTION('',(0.,0.,1.));
#2608 = ADVANCED_FACE('',(#2609),#2627,.F.);
#2609 = FACE_BOUND('',#2610,.F.);
#2610 = EDGE_LOOP('',(#2611,#2612,#2620,#2626));
#2611 = ORIENTED_EDGE('',*,*,#2598,.F.);
#2612 = ORIENTED_EDGE('',*,*,#2613,.T.);
#2613 = EDGE_CURVE('',#2591,#2614,#2616,.T.);
#2614 = VERTEX_POINT('',#2615);
#2615 = CARTESIAN_POINT('',(4.68,0.32,6.3));
#2616 = LINE('',#2617,#2618);
#2617 = CARTESIAN_POINT('',(5.32,0.32,6.3));
#2618 = VECTOR('',#2619,1.);
#2619 = DIRECTION('',(-1.,1.224646799147E-16,0.));
#2620 = ORIENTED_EDGE('',*,*,#2621,.T.);
#2621 = EDGE_CURVE('',#2614,#1859,#2622,.T.);
#2622 = LINE('',#2623,#2624);
#2623 = CARTESIAN_POINT('',(4.68,0.32,6.5));
#2624 = VECTOR('',#2625,1.);
#2625 = DIRECTION('',(-0.,0.,-1.));
#2626 = ORIENTED_EDGE('',*,*,#1866,.T.);
#2627 = PLANE('',#2628);
#2628 = AXIS2_PLACEMENT_3D('',#2629,#2630,#2631);
#2629 = CARTESIAN_POINT('',(5.32,0.32,6.5));
#2630 = DIRECTION('',(-1.224646799147E-16,-1.,0.));
#2631 = DIRECTION('',(-0.,0.,-1.));
#2632 = ADVANCED_FACE('',(#2633),#2651,.T.);
#2633 = FACE_BOUND('',#2634,.T.);
#2634 = EDGE_LOOP('',(#2635,#2636,#2644,#2650));
#2635 = ORIENTED_EDGE('',*,*,#1858,.T.);
#2636 = ORIENTED_EDGE('',*,*,#2637,.T.);
#2637 = EDGE_CURVE('',#1851,#2638,#2640,.T.);
#2638 = VERTEX_POINT('',#2639);
#2639 = CARTESIAN_POINT('',(4.68,-0.32,6.3));
#2640 = LINE('',#2641,#2642);
#2641 = CARTESIAN_POINT('',(4.68,-0.32,-3.4));
#2642 = VECTOR('',#2643,1.);
#2643 = DIRECTION('',(0.,0.,1.));
#2644 = ORIENTED_EDGE('',*,*,#2645,.T.);
#2645 = EDGE_CURVE('',#2638,#2614,#2646,.T.);
#2646 = LINE('',#2647,#2648);
#2647 = CARTESIAN_POINT('',(4.68,-0.32,6.3));
#2648 = VECTOR('',#2649,1.);
#2649 = DIRECTION('',(1.224646799147E-16,1.,0.));
#2650 = ORIENTED_EDGE('',*,*,#2621,.T.);
#2651 = PLANE('',#2652);
#2652 = AXIS2_PLACEMENT_3D('',#2653,#2654,#2655);
#2653 = CARTESIAN_POINT('',(4.68,3.918869757272E-17,1.55));
#2654 = DIRECTION('',(-1.,1.224646799147E-16,0.));
#2655 = DIRECTION('',(0.,0.,1.));
#2656 = ADVANCED_FACE('',(#2657),#2668,.F.);
#2657 = FACE_BOUND('',#2658,.F.);
#2658 = EDGE_LOOP('',(#2659,#2660,#2661,#2662));
#2659 = ORIENTED_EDGE('',*,*,#2582,.F.);
#2660 = ORIENTED_EDGE('',*,*,#1850,.T.);
#2661 = ORIENTED_EDGE('',*,*,#2637,.T.);
#2662 = ORIENTED_EDGE('',*,*,#2663,.F.);
#2663 = EDGE_CURVE('',#2583,#2638,#2664,.T.);
#2664 = LINE('',#2665,#2666);
#2665 = CARTESIAN_POINT('',(5.32,-0.32,6.3));
#2666 = VECTOR('',#2667,1.);
#2667 = DIRECTION('',(-1.,1.224646799147E-16,0.));
#2668 = PLANE('',#2669);
#2669 = AXIS2_PLACEMENT_3D('',#2670,#2671,#2672);
#2670 = CARTESIAN_POINT('',(5.32,-0.32,-3.4));
#2671 = DIRECTION('',(1.224646799147E-16,1.,0.));
#2672 = DIRECTION('',(0.,-0.,1.));
#2673 = ADVANCED_FACE('',(#2674),#2699,.T.);
#2674 = FACE_BOUND('',#2675,.T.);
#2675 = EDGE_LOOP('',(#2676,#2677,#2685,#2693));
#2676 = ORIENTED_EDGE('',*,*,#1874,.T.);
#2677 = ORIENTED_EDGE('',*,*,#2678,.T.);
#2678 = EDGE_CURVE('',#1877,#2679,#2681,.T.);
#2679 = VERTEX_POINT('',#2680);
#2680 = CARTESIAN_POINT('',(7.18,-0.32,6.3));
#2681 = LINE('',#2682,#2683);
#2682 = CARTESIAN_POINT('',(7.18,-0.32,-3.4));
#2683 = VECTOR('',#2684,1.);
#2684 = DIRECTION('',(0.,0.,1.));
#2685 = ORIENTED_EDGE('',*,*,#2686,.T.);
#2686 = EDGE_CURVE('',#2679,#2687,#2689,.T.);
#2687 = VERTEX_POINT('',#2688);
#2688 = CARTESIAN_POINT('',(7.18,0.32,6.3));
#2689 = LINE('',#2690,#2691);
#2690 = CARTESIAN_POINT('',(7.18,-0.32,6.3));
#2691 = VECTOR('',#2692,1.);
#2692 = DIRECTION('',(1.224646799147E-16,1.,0.));
#2693 = ORIENTED_EDGE('',*,*,#2694,.T.);
#2694 = EDGE_CURVE('',#2687,#1875,#2695,.T.);
#2695 = LINE('',#2696,#2697);
#2696 = CARTESIAN_POINT('',(7.18,0.32,6.5));
#2697 = VECTOR('',#2698,1.);
#2698 = DIRECTION('',(-0.,0.,-1.));
#2699 = PLANE('',#2700);
#2700 = AXIS2_PLACEMENT_3D('',#2701,#2702,#2703);
#2701 = CARTESIAN_POINT('',(7.18,-2.669730022141E-16,1.55));
#2702 = DIRECTION('',(-1.,1.224646799147E-16,0.));
#2703 = DIRECTION('',(0.,0.,1.));
#2704 = ADVANCED_FACE('',(#2705),#2723,.F.);
#2705 = FACE_BOUND('',#2706,.F.);
#2706 = EDGE_LOOP('',(#2707,#2715,#2716,#2717));
#2707 = ORIENTED_EDGE('',*,*,#2708,.F.);
#2708 = EDGE_CURVE('',#1893,#2709,#2711,.T.);
#2709 = VERTEX_POINT('',#2710);
#2710 = CARTESIAN_POINT('',(7.82,-0.32,6.3));
#2711 = LINE('',#2712,#2713);
#2712 = CARTESIAN_POINT('',(7.82,-0.32,-3.4));
#2713 = VECTOR('',#2714,1.);
#2714 = DIRECTION('',(0.,0.,1.));
#2715 = ORIENTED_EDGE('',*,*,#1900,.T.);
#2716 = ORIENTED_EDGE('',*,*,#2678,.T.);
#2717 = ORIENTED_EDGE('',*,*,#2718,.F.);
#2718 = EDGE_CURVE('',#2709,#2679,#2719,.T.);
#2719 = LINE('',#2720,#2721);
#2720 = CARTESIAN_POINT('',(7.82,-0.32,6.3));
#2721 = VECTOR('',#2722,1.);
#2722 = DIRECTION('',(-1.,1.224646799147E-16,0.));
#2723 = PLANE('',#2724);
#2724 = AXIS2_PLACEMENT_3D('',#2725,#2726,#2727);
#2725 = CARTESIAN_POINT('',(7.82,-0.32,-3.4));
#2726 = DIRECTION('',(1.224646799147E-16,1.,0.));
#2727 = DIRECTION('',(0.,-0.,1.));
#2728 = ADVANCED_FACE('',(#2729),#2747,.F.);
#2729 = FACE_BOUND('',#2730,.F.);
#2730 = EDGE_LOOP('',(#2731,#2732,#2733,#2741));
#2731 = ORIENTED_EDGE('',*,*,#1892,.T.);
#2732 = ORIENTED_EDGE('',*,*,#2708,.T.);
#2733 = ORIENTED_EDGE('',*,*,#2734,.T.);
#2734 = EDGE_CURVE('',#2709,#2735,#2737,.T.);
#2735 = VERTEX_POINT('',#2736);
#2736 = CARTESIAN_POINT('',(7.82,0.32,6.3));
#2737 = LINE('',#2738,#2739);
#2738 = CARTESIAN_POINT('',(7.82,-0.32,6.3));
#2739 = VECTOR('',#2740,1.);
#2740 = DIRECTION('',(1.224646799147E-16,1.,0.));
#2741 = ORIENTED_EDGE('',*,*,#2742,.T.);
#2742 = EDGE_CURVE('',#2735,#1885,#2743,.T.);
#2743 = LINE('',#2744,#2745);
#2744 = CARTESIAN_POINT('',(7.82,0.32,6.5));
#2745 = VECTOR('',#2746,1.);
#2746 = DIRECTION('',(-0.,0.,-1.));
#2747 = PLANE('',#2748);
#2748 = AXIS2_PLACEMENT_3D('',#2749,#2750,#2751);
#2749 = CARTESIAN_POINT('',(7.82,-3.453503973596E-16,1.55));
#2750 = DIRECTION('',(-1.,1.224646799147E-16,0.));
#2751 = DIRECTION('',(0.,0.,1.));
#2752 = ADVANCED_FACE('',(#2753),#2764,.F.);
#2753 = FACE_BOUND('',#2754,.F.);
#2754 = EDGE_LOOP('',(#2755,#2756,#2762,#2763));
#2755 = ORIENTED_EDGE('',*,*,#2742,.F.);
#2756 = ORIENTED_EDGE('',*,*,#2757,.T.);
#2757 = EDGE_CURVE('',#2735,#2687,#2758,.T.);
#2758 = LINE('',#2759,#2760);
#2759 = CARTESIAN_POINT('',(7.82,0.32,6.3));
#2760 = VECTOR('',#2761,1.);
#2761 = DIRECTION('',(-1.,1.224646799147E-16,0.));
#2762 = ORIENTED_EDGE('',*,*,#2694,.T.);
#2763 = ORIENTED_EDGE('',*,*,#1884,.T.);
#2764 = PLANE('',#2765);
#2765 = AXIS2_PLACEMENT_3D('',#2766,#2767,#2768);
#2766 = CARTESIAN_POINT('',(7.82,0.32,6.5));
#2767 = DIRECTION('',(-1.224646799147E-16,-1.,0.));
#2768 = DIRECTION('',(-0.,0.,-1.));
#2769 = ADVANCED_FACE('',(#2770),#2795,.F.);
#2770 = FACE_BOUND('',#2771,.F.);
#2771 = EDGE_LOOP('',(#2772,#2773,#2781,#2789));
#2772 = ORIENTED_EDGE('',*,*,#1908,.T.);
#2773 = ORIENTED_EDGE('',*,*,#2774,.T.);
#2774 = EDGE_CURVE('',#1911,#2775,#2777,.T.);
#2775 = VERTEX_POINT('',#2776);
#2776 = CARTESIAN_POINT('',(2.82,-0.32,6.3));
#2777 = LINE('',#2778,#2779);
#2778 = CARTESIAN_POINT('',(2.82,-0.32,-3.4));
#2779 = VECTOR('',#2780,1.);
#2780 = DIRECTION('',(0.,0.,1.));
#2781 = ORIENTED_EDGE('',*,*,#2782,.T.);
#2782 = EDGE_CURVE('',#2775,#2783,#2785,.T.);
#2783 = VERTEX_POINT('',#2784);
#2784 = CARTESIAN_POINT('',(2.82,0.32,6.3));
#2785 = LINE('',#2786,#2787);
#2786 = CARTESIAN_POINT('',(2.82,-0.32,6.3));
#2787 = VECTOR('',#2788,1.);
#2788 = DIRECTION('',(1.224646799147E-16,1.,0.));
#2789 = ORIENTED_EDGE('',*,*,#2790,.T.);
#2790 = EDGE_CURVE('',#2783,#1909,#2791,.T.);
#2791 = LINE('',#2792,#2793);
#2792 = CARTESIAN_POINT('',(2.82,0.32,6.5));
#2793 = VECTOR('',#2794,1.);
#2794 = DIRECTION('',(-0.,0.,-1.));
#2795 = PLANE('',#2796);
#2796 = AXIS2_PLACEMENT_3D('',#2797,#2798,#2799);
#2797 = CARTESIAN_POINT('',(2.82,2.669730022141E-16,1.55));
#2798 = DIRECTION('',(-1.,1.224646799147E-16,0.));
#2799 = DIRECTION('',(0.,0.,1.));
#2800 = ADVANCED_FACE('',(#2801),#2819,.F.);
#2801 = FACE_BOUND('',#2802,.F.);
#2802 = EDGE_LOOP('',(#2803,#2804,#2812,#2818));
#2803 = ORIENTED_EDGE('',*,*,#2790,.F.);
#2804 = ORIENTED_EDGE('',*,*,#2805,.T.);
#2805 = EDGE_CURVE('',#2783,#2806,#2808,.T.);
#2806 = VERTEX_POINT('',#2807);
#2807 = CARTESIAN_POINT('',(2.18,0.32,6.3));
#2808 = LINE('',#2809,#2810);
#2809 = CARTESIAN_POINT('',(2.82,0.32,6.3));
#2810 = VECTOR('',#2811,1.);
#2811 = DIRECTION('',(-1.,1.224646799147E-16,0.));
#2812 = ORIENTED_EDGE('',*,*,#2813,.T.);
#2813 = EDGE_CURVE('',#2806,#1927,#2814,.T.);
#2814 = LINE('',#2815,#2816);
#2815 = CARTESIAN_POINT('',(2.18,0.32,6.5));
#2816 = VECTOR('',#2817,1.);
#2817 = DIRECTION('',(-0.,0.,-1.));
#2818 = ORIENTED_EDGE('',*,*,#1934,.T.);
#2819 = PLANE('',#2820);
#2820 = AXIS2_PLACEMENT_3D('',#2821,#2822,#2823);
#2821 = CARTESIAN_POINT('',(2.82,0.32,6.5));
#2822 = DIRECTION('',(-1.224646799147E-16,-1.,0.));
#2823 = DIRECTION('',(-0.,0.,-1.));
#2824 = ADVANCED_FACE('',(#2825),#2843,.T.);
#2825 = FACE_BOUND('',#2826,.T.);
#2826 = EDGE_LOOP('',(#2827,#2828,#2836,#2842));
#2827 = ORIENTED_EDGE('',*,*,#1926,.T.);
#2828 = ORIENTED_EDGE('',*,*,#2829,.T.);
#2829 = EDGE_CURVE('',#1919,#2830,#2832,.T.);
#2830 = VERTEX_POINT('',#2831);
#2831 = CARTESIAN_POINT('',(2.18,-0.32,6.3));
#2832 = LINE('',#2833,#2834);
#2833 = CARTESIAN_POINT('',(2.18,-0.32,-3.4));
#2834 = VECTOR('',#2835,1.);
#2835 = DIRECTION('',(0.,0.,1.));
#2836 = ORIENTED_EDGE('',*,*,#2837,.T.);
#2837 = EDGE_CURVE('',#2830,#2806,#2838,.T.);
#2838 = LINE('',#2839,#2840);
#2839 = CARTESIAN_POINT('',(2.18,-0.32,6.3));
#2840 = VECTOR('',#2841,1.);
#2841 = DIRECTION('',(1.224646799147E-16,1.,0.));
#2842 = ORIENTED_EDGE('',*,*,#2813,.T.);
#2843 = PLANE('',#2844);
#2844 = AXIS2_PLACEMENT_3D('',#2845,#2846,#2847);
#2845 = CARTESIAN_POINT('',(2.18,3.453503973596E-16,1.55));
#2846 = DIRECTION('',(-1.,1.224646799147E-16,0.));
#2847 = DIRECTION('',(0.,0.,1.));
#2848 = ADVANCED_FACE('',(#2849),#2860,.F.);
#2849 = FACE_BOUND('',#2850,.F.);
#2850 = EDGE_LOOP('',(#2851,#2852,#2853,#2854));
#2851 = ORIENTED_EDGE('',*,*,#2774,.F.);
#2852 = ORIENTED_EDGE('',*,*,#1918,.T.);
#2853 = ORIENTED_EDGE('',*,*,#2829,.T.);
#2854 = ORIENTED_EDGE('',*,*,#2855,.F.);
#2855 = EDGE_CURVE('',#2775,#2830,#2856,.T.);
#2856 = LINE('',#2857,#2858);
#2857 = CARTESIAN_POINT('',(2.82,-0.32,6.3));
#2858 = VECTOR('',#2859,1.);
#2859 = DIRECTION('',(-1.,1.224646799147E-16,0.));
#2860 = PLANE('',#2861);
#2861 = AXIS2_PLACEMENT_3D('',#2862,#2863,#2864);
#2862 = CARTESIAN_POINT('',(2.82,-0.32,-3.4));
#2863 = DIRECTION('',(1.224646799147E-16,1.,0.));
#2864 = DIRECTION('',(0.,-0.,1.));
#2865 = ADVANCED_FACE('',(#2866),#2891,.F.);
#2866 = FACE_BOUND('',#2867,.F.);
#2867 = EDGE_LOOP('',(#2868,#2876,#2884,#2890));
#2868 = ORIENTED_EDGE('',*,*,#2869,.F.);
#2869 = EDGE_CURVE('',#2870,#1945,#2872,.T.);
#2870 = VERTEX_POINT('',#2871);
#2871 = CARTESIAN_POINT('',(10.32,0.32,6.3));
#2872 = LINE('',#2873,#2874);
#2873 = CARTESIAN_POINT('',(10.32,0.32,6.5));
#2874 = VECTOR('',#2875,1.);
#2875 = DIRECTION('',(-0.,0.,-1.));
#2876 = ORIENTED_EDGE('',*,*,#2877,.T.);
#2877 = EDGE_CURVE('',#2870,#2878,#2880,.T.);
#2878 = VERTEX_POINT('',#2879);
#2879 = CARTESIAN_POINT('',(9.68,0.32,6.3));
#2880 = LINE('',#2881,#2882);
#2881 = CARTESIAN_POINT('',(10.32,0.32,6.3));
#2882 = VECTOR('',#2883,1.);
#2883 = DIRECTION('',(-1.,1.224646799147E-16,0.));
#2884 = ORIENTED_EDGE('',*,*,#2885,.T.);
#2885 = EDGE_CURVE('',#2878,#1943,#2886,.T.);
#2886 = LINE('',#2887,#2888);
#2887 = CARTESIAN_POINT('',(9.68,0.32,6.5));
#2888 = VECTOR('',#2889,1.);
#2889 = DIRECTION('',(-0.,0.,-1.));
#2890 = ORIENTED_EDGE('',*,*,#1942,.T.);
#2891 = PLANE('',#2892);
#2892 = AXIS2_PLACEMENT_3D('',#2893,#2894,#2895);
#2893 = CARTESIAN_POINT('',(10.32,0.32,6.5));
#2894 = DIRECTION('',(-1.224646799147E-16,-1.,0.));
#2895 = DIRECTION('',(-0.,0.,-1.));
#2896 = ADVANCED_FACE('',(#2897),#2915,.T.);
#2897 = FACE_BOUND('',#2898,.T.);
#2898 = EDGE_LOOP('',(#2899,#2900,#2908,#2914));
#2899 = ORIENTED_EDGE('',*,*,#1968,.T.);
#2900 = ORIENTED_EDGE('',*,*,#2901,.T.);
#2901 = EDGE_CURVE('',#1961,#2902,#2904,.T.);
#2902 = VERTEX_POINT('',#2903);
#2903 = CARTESIAN_POINT('',(9.68,-0.32,6.3));
#2904 = LINE('',#2905,#2906);
#2905 = CARTESIAN_POINT('',(9.68,-0.32,-0.9));
#2906 = VECTOR('',#2907,1.);
#2907 = DIRECTION('',(0.,0.,1.));
#2908 = ORIENTED_EDGE('',*,*,#2909,.T.);
#2909 = EDGE_CURVE('',#2902,#2878,#2910,.T.);
#2910 = LINE('',#2911,#2912);
#2911 = CARTESIAN_POINT('',(9.68,-0.32,6.3));
#2912 = VECTOR('',#2913,1.);
#2913 = DIRECTION('',(1.224646799147E-16,1.,0.));
#2914 = ORIENTED_EDGE('',*,*,#2885,.T.);
#2915 = PLANE('',#2916);
#2916 = AXIS2_PLACEMENT_3D('',#2917,#2918,#2919);
#2917 = CARTESIAN_POINT('',(9.68,3.65940088399E-02,1.522832428212));
#2918 = DIRECTION('',(-1.,1.224646799147E-16,0.));
#2919 = DIRECTION('',(0.,0.,1.));
#2920 = ADVANCED_FACE('',(#2921),#2939,.F.);
#2921 = FACE_BOUND('',#2922,.F.);
#2922 = EDGE_LOOP('',(#2923,#2931,#2932,#2933));
#2923 = ORIENTED_EDGE('',*,*,#2924,.F.);
#2924 = EDGE_CURVE('',#1953,#2925,#2927,.T.);
#2925 = VERTEX_POINT('',#2926);
#2926 = CARTESIAN_POINT('',(10.32,-0.32,6.3));
#2927 = LINE('',#2928,#2929);
#2928 = CARTESIAN_POINT('',(10.32,-0.32,-0.9));
#2929 = VECTOR('',#2930,1.);
#2930 = DIRECTION('',(0.,0.,1.));
#2931 = ORIENTED_EDGE('',*,*,#1960,.T.);
#2932 = ORIENTED_EDGE('',*,*,#2901,.T.);
#2933 = ORIENTED_EDGE('',*,*,#2934,.F.);
#2934 = EDGE_CURVE('',#2925,#2902,#2935,.T.);
#2935 = LINE('',#2936,#2937);
#2936 = CARTESIAN_POINT('',(10.32,-0.32,6.3));
#2937 = VECTOR('',#2938,1.);
#2938 = DIRECTION('',(-1.,1.224646799147E-16,0.));
#2939 = PLANE('',#2940);
#2940 = AXIS2_PLACEMENT_3D('',#2941,#2942,#2943);
#2941 = CARTESIAN_POINT('',(10.32,-0.32,-0.9));
#2942 = DIRECTION('',(1.224646799147E-16,1.,0.));
#2943 = DIRECTION('',(0.,-0.,1.));
#2944 = ADVANCED_FACE('',(#2945),#2956,.F.);
#2945 = FACE_BOUND('',#2946,.F.);
#2946 = EDGE_LOOP('',(#2947,#2948,#2949,#2955));
#2947 = ORIENTED_EDGE('',*,*,#1952,.T.);
#2948 = ORIENTED_EDGE('',*,*,#2924,.T.);
#2949 = ORIENTED_EDGE('',*,*,#2950,.T.);
#2950 = EDGE_CURVE('',#2925,#2870,#2951,.T.);
#2951 = LINE('',#2952,#2953);
#2952 = CARTESIAN_POINT('',(10.32,-0.32,6.3));
#2953 = VECTOR('',#2954,1.);
#2954 = DIRECTION('',(1.224646799147E-16,1.,0.));
#2955 = ORIENTED_EDGE('',*,*,#2869,.T.);
#2956 = PLANE('',#2957);
#2957 = AXIS2_PLACEMENT_3D('',#2958,#2959,#2960);
#2958 = CARTESIAN_POINT('',(10.32,3.65940088399E-02,1.522832428212));
#2959 = DIRECTION('',(-1.,1.224646799147E-16,0.));
#2960 = DIRECTION('',(0.,0.,1.));
#2961 = ADVANCED_FACE('',(#2962),#2987,.T.);
#2962 = FACE_BOUND('',#2963,.T.);
#2963 = EDGE_LOOP('',(#2964,#2965,#2973,#2981));
#2964 = ORIENTED_EDGE('',*,*,#1976,.T.);
#2965 = ORIENTED_EDGE('',*,*,#2966,.T.);
#2966 = EDGE_CURVE('',#1979,#2967,#2969,.T.);
#2967 = VERTEX_POINT('',#2968);
#2968 = CARTESIAN_POINT('',(-0.32,-0.32,6.3));
#2969 = LINE('',#2970,#2971);
#2970 = CARTESIAN_POINT('',(-0.32,-0.32,-0.9));
#2971 = VECTOR('',#2972,1.);
#2972 = DIRECTION('',(0.,0.,1.));
#2973 = ORIENTED_EDGE('',*,*,#2974,.T.);
#2974 = EDGE_CURVE('',#2967,#2975,#2977,.T.);
#2975 = VERTEX_POINT('',#2976);
#2976 = CARTESIAN_POINT('',(-0.32,0.32,6.3));
#2977 = LINE('',#2978,#2979);
#2978 = CARTESIAN_POINT('',(-0.32,-0.32,6.3));
#2979 = VECTOR('',#2980,1.);
#2980 = DIRECTION('',(1.224646799147E-16,1.,0.));
#2981 = ORIENTED_EDGE('',*,*,#2982,.T.);
#2982 = EDGE_CURVE('',#2975,#1977,#2983,.T.);
#2983 = LINE('',#2984,#2985);
#2984 = CARTESIAN_POINT('',(-0.32,0.32,6.5));
#2985 = VECTOR('',#2986,1.);
#2986 = DIRECTION('',(-0.,0.,-1.));
#2987 = PLANE('',#2988);
#2988 = AXIS2_PLACEMENT_3D('',#2989,#2990,#2991);
#2989 = CARTESIAN_POINT('',(-0.32,3.65940088399E-02,1.522832428212));
#2990 = DIRECTION('',(-1.,1.224646799147E-16,0.));
#2991 = DIRECTION('',(0.,0.,1.));
#2992 = ADVANCED_FACE('',(#2993),#3011,.F.);
#2993 = FACE_BOUND('',#2994,.F.);
#2994 = EDGE_LOOP('',(#2995,#3003,#3004,#3005));
#2995 = ORIENTED_EDGE('',*,*,#2996,.F.);
#2996 = EDGE_CURVE('',#1995,#2997,#2999,.T.);
#2997 = VERTEX_POINT('',#2998);
#2998 = CARTESIAN_POINT('',(0.32,-0.32,6.3));
#2999 = LINE('',#3000,#3001);
#3000 = CARTESIAN_POINT('',(0.32,-0.32,-0.9));
#3001 = VECTOR('',#3002,1.);
#3002 = DIRECTION('',(0.,0.,1.));
#3003 = ORIENTED_EDGE('',*,*,#2002,.T.);
#3004 = ORIENTED_EDGE('',*,*,#2966,.T.);
#3005 = ORIENTED_EDGE('',*,*,#3006,.F.);
#3006 = EDGE_CURVE('',#2997,#2967,#3007,.T.);
#3007 = LINE('',#3008,#3009);
#3008 = CARTESIAN_POINT('',(0.32,-0.32,6.3));
#3009 = VECTOR('',#3010,1.);
#3010 = DIRECTION('',(-1.,1.224646799147E-16,0.));
#3011 = PLANE('',#3012);
#3012 = AXIS2_PLACEMENT_3D('',#3013,#3014,#3015);
#3013 = CARTESIAN_POINT('',(0.32,-0.32,-0.9));
#3014 = DIRECTION('',(1.224646799147E-16,1.,0.));
#3015 = DIRECTION('',(0.,-0.,1.));
#3016 = ADVANCED_FACE('',(#3017),#3035,.F.);
#3017 = FACE_BOUND('',#3018,.F.);
#3018 = EDGE_LOOP('',(#3019,#3020,#3021,#3029));
#3019 = ORIENTED_EDGE('',*,*,#1994,.T.);
#3020 = ORIENTED_EDGE('',*,*,#2996,.T.);
#3021 = ORIENTED_EDGE('',*,*,#3022,.T.);
#3022 = EDGE_CURVE('',#2997,#3023,#3025,.T.);
#3023 = VERTEX_POINT('',#3024);
#3024 = CARTESIAN_POINT('',(0.32,0.32,6.3));
#3025 = LINE('',#3026,#3027);
#3026 = CARTESIAN_POINT('',(0.32,-0.32,6.3));
#3027 = VECTOR('',#3028,1.);
#3028 = DIRECTION('',(1.224646799147E-16,1.,0.));
#3029 = ORIENTED_EDGE('',*,*,#3030,.T.);
#3030 = EDGE_CURVE('',#3023,#1987,#3031,.T.);
#3031 = LINE('',#3032,#3033);
#3032 = CARTESIAN_POINT('',(0.32,0.32,6.5));
#3033 = VECTOR('',#3034,1.);
#3034 = DIRECTION('',(-0.,0.,-1.));
#3035 = PLANE('',#3036);
#3036 = AXIS2_PLACEMENT_3D('',#3037,#3038,#3039);
#3037 = CARTESIAN_POINT('',(0.32,3.65940088399E-02,1.522832428212));
#3038 = DIRECTION('',(-1.,1.224646799147E-16,0.));
#3039 = DIRECTION('',(0.,0.,1.));
#3040 = ADVANCED_FACE('',(#3041),#3052,.F.);
#3041 = FACE_BOUND('',#3042,.F.);
#3042 = EDGE_LOOP('',(#3043,#3044,#3050,#3051));
#3043 = ORIENTED_EDGE('',*,*,#3030,.F.);
#3044 = ORIENTED_EDGE('',*,*,#3045,.T.);
#3045 = EDGE_CURVE('',#3023,#2975,#3046,.T.);
#3046 = LINE('',#3047,#3048);
#3047 = CARTESIAN_POINT('',(0.32,0.32,6.3));
#3048 = VECTOR('',#3049,1.);
#3049 = DIRECTION('',(-1.,1.224646799147E-16,0.));
#3050 = ORIENTED_EDGE('',*,*,#2982,.T.);
#3051 = ORIENTED_EDGE('',*,*,#1986,.T.);
#3052 = PLANE('',#3053);
#3053 = AXIS2_PLACEMENT_3D('',#3054,#3055,#3056);
#3054 = CARTESIAN_POINT('',(0.32,0.32,6.5));
#3055 = DIRECTION('',(-1.224646799147E-16,-1.,0.));
#3056 = DIRECTION('',(-0.,0.,-1.));
#3057 = ADVANCED_FACE('',(#3058),#3115,.T.);
#3058 = FACE_BOUND('',#3059,.T.);
#3059 = EDGE_LOOP('',(#3060,#3070,#3078,#3086,#3092,#3093,#3101,#3109));
#3060 = ORIENTED_EDGE('',*,*,#3061,.T.);
#3061 = EDGE_CURVE('',#3062,#3064,#3066,.T.);
#3062 = VERTEX_POINT('',#3063);
#3063 = CARTESIAN_POINT('',(-0.32,0.351578947368,-3.2));
#3064 = VERTEX_POINT('',#3065);
#3065 = CARTESIAN_POINT('',(-0.32,-0.288421052632,-3.2));
#3066 = LINE('',#3067,#3068);
#3067 = CARTESIAN_POINT('',(-0.32,0.32,-3.2));
#3068 = VECTOR('',#3069,1.);
#3069 = DIRECTION('',(-1.224646799147E-16,-1.,0.));
#3070 = ORIENTED_EDGE('',*,*,#3071,.T.);
#3071 = EDGE_CURVE('',#3064,#3072,#3074,.T.);
#3072 = VERTEX_POINT('',#3073);
#3073 = CARTESIAN_POINT('',(-0.32,-2.E-02,-1.5));
#3074 = LINE('',#3075,#3076);
#3075 = CARTESIAN_POINT('',(-0.32,-0.32,-3.4));
#3076 = VECTOR('',#3077,1.);
#3077 = DIRECTION('',(1.909990663905E-17,0.155962573473,0.987762965329)
  );
#3078 = ORIENTED_EDGE('',*,*,#3079,.T.);
#3079 = EDGE_CURVE('',#3072,#3080,#3082,.T.);
#3080 = VERTEX_POINT('',#3081);
#3081 = CARTESIAN_POINT('',(-0.32,-0.32,-0.9));
#3082 = LINE('',#3083,#3084);
#3083 = CARTESIAN_POINT('',(-0.32,-2.E-02,-1.5));
#3084 = VECTOR('',#3085,1.);
#3085 = DIRECTION('',(-5.476786982641E-17,-0.4472135955,0.894427191));
#3086 = ORIENTED_EDGE('',*,*,#3087,.T.);
#3087 = EDGE_CURVE('',#3080,#2360,#3088,.T.);
#3088 = LINE('',#3089,#3090);
#3089 = CARTESIAN_POINT('',(-0.32,-0.32,-0.9));
#3090 = VECTOR('',#3091,1.);
#3091 = DIRECTION('',(0.,0.,1.));
#3092 = ORIENTED_EDGE('',*,*,#2357,.F.);
#3093 = ORIENTED_EDGE('',*,*,#3094,.T.);
#3094 = EDGE_CURVE('',#2358,#3095,#3097,.T.);
#3095 = VERTEX_POINT('',#3096);
#3096 = CARTESIAN_POINT('',(-0.32,0.32,-0.9));
#3097 = LINE('',#3098,#3099);
#3098 = CARTESIAN_POINT('',(-0.32,0.32,6.5));
#3099 = VECTOR('',#3100,1.);
#3100 = DIRECTION('',(-0.,0.,-1.));
#3101 = ORIENTED_EDGE('',*,*,#3102,.T.);
#3102 = EDGE_CURVE('',#3095,#3103,#3105,.T.);
#3103 = VERTEX_POINT('',#3104);
#3104 = CARTESIAN_POINT('',(-0.32,0.62,-1.5));
#3105 = LINE('',#3106,#3107);
#3106 = CARTESIAN_POINT('',(-0.32,0.32,-0.9));
#3107 = VECTOR('',#3108,1.);
#3108 = DIRECTION('',(5.476786982641E-17,0.4472135955,-0.894427191));
#3109 = ORIENTED_EDGE('',*,*,#3110,.T.);
#3110 = EDGE_CURVE('',#3103,#3062,#3111,.T.);
#3111 = LINE('',#3112,#3113);
#3112 = CARTESIAN_POINT('',(-0.32,0.62,-1.5));
#3113 = VECTOR('',#3114,1.);
#3114 = DIRECTION('',(-1.909990663905E-17,-0.155962573473,
    -0.987762965329));
#3115 = PLANE('',#3116);
#3116 = AXIS2_PLACEMENT_3D('',#3117,#3118,#3119);
#3117 = CARTESIAN_POINT('',(-0.32,3.65940088399E-02,1.522832428212));
#3118 = DIRECTION('',(-1.,1.224646799147E-16,0.));
#3119 = DIRECTION('',(0.,0.,1.));
#3120 = ADVANCED_FACE('',(#3121),#3139,.F.);
#3121 = FACE_BOUND('',#3122,.F.);
#3122 = EDGE_LOOP('',(#3123,#3131,#3137,#3138));
#3123 = ORIENTED_EDGE('',*,*,#3124,.F.);
#3124 = EDGE_CURVE('',#3125,#2376,#3127,.T.);
#3125 = VERTEX_POINT('',#3126);
#3126 = CARTESIAN_POINT('',(0.32,-0.32,-0.9));
#3127 = LINE('',#3128,#3129);
#3128 = CARTESIAN_POINT('',(0.32,-0.32,-0.9));
#3129 = VECTOR('',#3130,1.);
#3130 = DIRECTION('',(0.,0.,1.));
#3131 = ORIENTED_EDGE('',*,*,#3132,.T.);
#3132 = EDGE_CURVE('',#3125,#3080,#3133,.T.);
#3133 = LINE('',#3134,#3135);
#3134 = CARTESIAN_POINT('',(0.32,-0.32,-0.9));
#3135 = VECTOR('',#3136,1.);
#3136 = DIRECTION('',(-1.,1.224646799147E-16,0.));
#3137 = ORIENTED_EDGE('',*,*,#3087,.T.);
#3138 = ORIENTED_EDGE('',*,*,#2383,.F.);
#3139 = PLANE('',#3140);
#3140 = AXIS2_PLACEMENT_3D('',#3141,#3142,#3143);
#3141 = CARTESIAN_POINT('',(0.32,-0.32,-0.9));
#3142 = DIRECTION('',(1.224646799147E-16,1.,0.));
#3143 = DIRECTION('',(0.,-0.,1.));
#3144 = ADVANCED_FACE('',(#3145),#3195,.F.);
#3145 = FACE_BOUND('',#3146,.F.);
#3146 = EDGE_LOOP('',(#3147,#3157,#3165,#3171,#3172,#3173,#3181,#3189));
#3147 = ORIENTED_EDGE('',*,*,#3148,.T.);
#3148 = EDGE_CURVE('',#3149,#3151,#3153,.T.);
#3149 = VERTEX_POINT('',#3150);
#3150 = CARTESIAN_POINT('',(0.32,0.351578947368,-3.2));
#3151 = VERTEX_POINT('',#3152);
#3152 = CARTESIAN_POINT('',(0.32,-0.288421052632,-3.2));
#3153 = LINE('',#3154,#3155);
#3154 = CARTESIAN_POINT('',(0.32,0.32,-3.2));
#3155 = VECTOR('',#3156,1.);
#3156 = DIRECTION('',(-1.224646799147E-16,-1.,0.));
#3157 = ORIENTED_EDGE('',*,*,#3158,.T.);
#3158 = EDGE_CURVE('',#3151,#3159,#3161,.T.);
#3159 = VERTEX_POINT('',#3160);
#3160 = CARTESIAN_POINT('',(0.32,-2.E-02,-1.5));
#3161 = LINE('',#3162,#3163);
#3162 = CARTESIAN_POINT('',(0.32,-0.32,-3.4));
#3163 = VECTOR('',#3164,1.);
#3164 = DIRECTION('',(1.909990663905E-17,0.155962573473,0.987762965329)
  );
#3165 = ORIENTED_EDGE('',*,*,#3166,.T.);
#3166 = EDGE_CURVE('',#3159,#3125,#3167,.T.);
#3167 = LINE('',#3168,#3169);
#3168 = CARTESIAN_POINT('',(0.32,-2.E-02,-1.5));
#3169 = VECTOR('',#3170,1.);
#3170 = DIRECTION('',(-5.476786982641E-17,-0.4472135955,0.894427191));
#3171 = ORIENTED_EDGE('',*,*,#3124,.T.);
#3172 = ORIENTED_EDGE('',*,*,#2375,.F.);
#3173 = ORIENTED_EDGE('',*,*,#3174,.T.);
#3174 = EDGE_CURVE('',#2368,#3175,#3177,.T.);
#3175 = VERTEX_POINT('',#3176);
#3176 = CARTESIAN_POINT('',(0.32,0.32,-0.9));
#3177 = LINE('',#3178,#3179);
#3178 = CARTESIAN_POINT('',(0.32,0.32,6.5));
#3179 = VECTOR('',#3180,1.);
#3180 = DIRECTION('',(-0.,0.,-1.));
#3181 = ORIENTED_EDGE('',*,*,#3182,.T.);
#3182 = EDGE_CURVE('',#3175,#3183,#3185,.T.);
#3183 = VERTEX_POINT('',#3184);
#3184 = CARTESIAN_POINT('',(0.32,0.62,-1.5));
#3185 = LINE('',#3186,#3187);
#3186 = CARTESIAN_POINT('',(0.32,0.32,-0.9));
#3187 = VECTOR('',#3188,1.);
#3188 = DIRECTION('',(5.476786982641E-17,0.4472135955,-0.894427191));
#3189 = ORIENTED_EDGE('',*,*,#3190,.T.);
#3190 = EDGE_CURVE('',#3183,#3149,#3191,.T.);
#3191 = LINE('',#3192,#3193);
#3192 = CARTESIAN_POINT('',(0.32,0.62,-1.5));
#3193 = VECTOR('',#3194,1.);
#3194 = DIRECTION('',(-1.909990663905E-17,-0.155962573473,
    -0.987762965329));
#3195 = PLANE('',#3196);
#3196 = AXIS2_PLACEMENT_3D('',#3197,#3198,#3199);
#3197 = CARTESIAN_POINT('',(0.32,3.65940088399E-02,1.522832428212));
#3198 = DIRECTION('',(-1.,1.224646799147E-16,0.));
#3199 = DIRECTION('',(0.,0.,1.));
#3200 = ADVANCED_FACE('',(#3201),#3212,.F.);
#3201 = FACE_BOUND('',#3202,.F.);
#3202 = EDGE_LOOP('',(#3203,#3204,#3205,#3206));
#3203 = ORIENTED_EDGE('',*,*,#3174,.F.);
#3204 = ORIENTED_EDGE('',*,*,#2367,.F.);
#3205 = ORIENTED_EDGE('',*,*,#3094,.T.);
#3206 = ORIENTED_EDGE('',*,*,#3207,.F.);
#3207 = EDGE_CURVE('',#3175,#3095,#3208,.T.);
#3208 = LINE('',#3209,#3210);
#3209 = CARTESIAN_POINT('',(0.32,0.32,-0.9));
#3210 = VECTOR('',#3211,1.);
#3211 = DIRECTION('',(-1.,1.224646799147E-16,0.));
#3212 = PLANE('',#3213);
#3213 = AXIS2_PLACEMENT_3D('',#3214,#3215,#3216);
#3214 = CARTESIAN_POINT('',(0.32,0.32,6.5));
#3215 = DIRECTION('',(-1.224646799147E-16,-1.,0.));
#3216 = DIRECTION('',(-0.,0.,-1.));
#3217 = ADVANCED_FACE('',(#3218),#3243,.F.);
#3218 = FACE_BOUND('',#3219,.F.);
#3219 = EDGE_LOOP('',(#3220,#3230,#3236,#3237));
#3220 = ORIENTED_EDGE('',*,*,#3221,.T.);
#3221 = EDGE_CURVE('',#3222,#3224,#3226,.T.);
#3222 = VERTEX_POINT('',#3223);
#3223 = CARTESIAN_POINT('',(2.82,0.32,-3.2));
#3224 = VERTEX_POINT('',#3225);
#3225 = CARTESIAN_POINT('',(2.82,-0.32,-3.2));
#3226 = LINE('',#3227,#3228);
#3227 = CARTESIAN_POINT('',(2.82,0.32,-3.2));
#3228 = VECTOR('',#3229,1.);
#3229 = DIRECTION('',(-1.224646799147E-16,-1.,0.));
#3230 = ORIENTED_EDGE('',*,*,#3231,.T.);
#3231 = EDGE_CURVE('',#3224,#2406,#3232,.T.);
#3232 = LINE('',#3233,#3234);
#3233 = CARTESIAN_POINT('',(2.82,-0.32,-3.4));
#3234 = VECTOR('',#3235,1.);
#3235 = DIRECTION('',(0.,0.,1.));
#3236 = ORIENTED_EDGE('',*,*,#2403,.F.);
#3237 = ORIENTED_EDGE('',*,*,#3238,.T.);
#3238 = EDGE_CURVE('',#2404,#3222,#3239,.T.);
#3239 = LINE('',#3240,#3241);
#3240 = CARTESIAN_POINT('',(2.82,0.32,6.5));
#3241 = VECTOR('',#3242,1.);
#3242 = DIRECTION('',(-0.,0.,-1.));
#3243 = PLANE('',#3244);
#3244 = AXIS2_PLACEMENT_3D('',#3245,#3246,#3247);
#3245 = CARTESIAN_POINT('',(2.82,2.669730022141E-16,1.55));
#3246 = DIRECTION('',(-1.,1.224646799147E-16,0.));
#3247 = DIRECTION('',(0.,0.,1.));
#3248 = ADVANCED_FACE('',(#3249),#3267,.F.);
#3249 = FACE_BOUND('',#3250,.F.);
#3250 = EDGE_LOOP('',(#3251,#3252,#3253,#3261));
#3251 = ORIENTED_EDGE('',*,*,#3238,.F.);
#3252 = ORIENTED_EDGE('',*,*,#2429,.F.);
#3253 = ORIENTED_EDGE('',*,*,#3254,.T.);
#3254 = EDGE_CURVE('',#2422,#3255,#3257,.T.);
#3255 = VERTEX_POINT('',#3256);
#3256 = CARTESIAN_POINT('',(2.18,0.32,-3.2));
#3257 = LINE('',#3258,#3259);
#3258 = CARTESIAN_POINT('',(2.18,0.32,6.5));
#3259 = VECTOR('',#3260,1.);
#3260 = DIRECTION('',(-0.,0.,-1.));
#3261 = ORIENTED_EDGE('',*,*,#3262,.F.);
#3262 = EDGE_CURVE('',#3222,#3255,#3263,.T.);
#3263 = LINE('',#3264,#3265);
#3264 = CARTESIAN_POINT('',(2.82,0.32,-3.2));
#3265 = VECTOR('',#3266,1.);
#3266 = DIRECTION('',(-1.,1.224646799147E-16,0.));
#3267 = PLANE('',#3268);
#3268 = AXIS2_PLACEMENT_3D('',#3269,#3270,#3271);
#3269 = CARTESIAN_POINT('',(2.82,0.32,6.5));
#3270 = DIRECTION('',(-1.224646799147E-16,-1.,0.));
#3271 = DIRECTION('',(-0.,0.,-1.));
#3272 = ADVANCED_FACE('',(#3273),#3291,.T.);
#3273 = FACE_BOUND('',#3274,.T.);
#3274 = EDGE_LOOP('',(#3275,#3283,#3289,#3290));
#3275 = ORIENTED_EDGE('',*,*,#3276,.T.);
#3276 = EDGE_CURVE('',#3255,#3277,#3279,.T.);
#3277 = VERTEX_POINT('',#3278);
#3278 = CARTESIAN_POINT('',(2.18,-0.32,-3.2));
#3279 = LINE('',#3280,#3281);
#3280 = CARTESIAN_POINT('',(2.18,0.32,-3.2));
#3281 = VECTOR('',#3282,1.);
#3282 = DIRECTION('',(-1.224646799147E-16,-1.,0.));
#3283 = ORIENTED_EDGE('',*,*,#3284,.T.);
#3284 = EDGE_CURVE('',#3277,#2414,#3285,.T.);
#3285 = LINE('',#3286,#3287);
#3286 = CARTESIAN_POINT('',(2.18,-0.32,-3.4));
#3287 = VECTOR('',#3288,1.);
#3288 = DIRECTION('',(0.,0.,1.));
#3289 = ORIENTED_EDGE('',*,*,#2421,.F.);
#3290 = ORIENTED_EDGE('',*,*,#3254,.T.);
#3291 = PLANE('',#3292);
#3292 = AXIS2_PLACEMENT_3D('',#3293,#3294,#3295);
#3293 = CARTESIAN_POINT('',(2.18,3.453503973596E-16,1.55));
#3294 = DIRECTION('',(-1.,1.224646799147E-16,0.));
#3295 = DIRECTION('',(0.,0.,1.));
#3296 = ADVANCED_FACE('',(#3297),#3308,.F.);
#3297 = FACE_BOUND('',#3298,.F.);
#3298 = EDGE_LOOP('',(#3299,#3300,#3306,#3307));
#3299 = ORIENTED_EDGE('',*,*,#3231,.F.);
#3300 = ORIENTED_EDGE('',*,*,#3301,.T.);
#3301 = EDGE_CURVE('',#3224,#3277,#3302,.T.);
#3302 = LINE('',#3303,#3304);
#3303 = CARTESIAN_POINT('',(2.82,-0.32,-3.2));
#3304 = VECTOR('',#3305,1.);
#3305 = DIRECTION('',(-1.,1.224646799147E-16,0.));
#3306 = ORIENTED_EDGE('',*,*,#3284,.T.);
#3307 = ORIENTED_EDGE('',*,*,#2413,.F.);
#3308 = PLANE('',#3309);
#3309 = AXIS2_PLACEMENT_3D('',#3310,#3311,#3312);
#3310 = CARTESIAN_POINT('',(2.82,-0.32,-3.4));
#3311 = DIRECTION('',(1.224646799147E-16,1.,0.));
#3312 = DIRECTION('',(0.,-0.,1.));
#3313 = ADVANCED_FACE('',(#3314),#3339,.F.);
#3314 = FACE_BOUND('',#3315,.F.);
#3315 = EDGE_LOOP('',(#3316,#3326,#3332,#3333));
#3316 = ORIENTED_EDGE('',*,*,#3317,.T.);
#3317 = EDGE_CURVE('',#3318,#3320,#3322,.T.);
#3318 = VERTEX_POINT('',#3319);
#3319 = CARTESIAN_POINT('',(5.32,0.32,-3.2));
#3320 = VERTEX_POINT('',#3321);
#3321 = CARTESIAN_POINT('',(5.32,-0.32,-3.2));
#3322 = LINE('',#3323,#3324);
#3323 = CARTESIAN_POINT('',(5.32,0.32,-3.2));
#3324 = VECTOR('',#3325,1.);
#3325 = DIRECTION('',(-1.224646799147E-16,-1.,0.));
#3326 = ORIENTED_EDGE('',*,*,#3327,.T.);
#3327 = EDGE_CURVE('',#3320,#2452,#3328,.T.);
#3328 = LINE('',#3329,#3330);
#3329 = CARTESIAN_POINT('',(5.32,-0.32,-3.4));
#3330 = VECTOR('',#3331,1.);
#3331 = DIRECTION('',(0.,0.,1.));
#3332 = ORIENTED_EDGE('',*,*,#2449,.F.);
#3333 = ORIENTED_EDGE('',*,*,#3334,.T.);
#3334 = EDGE_CURVE('',#2450,#3318,#3335,.T.);
#3335 = LINE('',#3336,#3337);
#3336 = CARTESIAN_POINT('',(5.32,0.32,6.5));
#3337 = VECTOR('',#3338,1.);
#3338 = DIRECTION('',(-0.,0.,-1.));
#3339 = PLANE('',#3340);
#3340 = AXIS2_PLACEMENT_3D('',#3341,#3342,#3343);
#3341 = CARTESIAN_POINT('',(5.32,-3.918869757272E-17,1.55));
#3342 = DIRECTION('',(-1.,1.224646799147E-16,0.));
#3343 = DIRECTION('',(0.,0.,1.));
#3344 = ADVANCED_FACE('',(#3345),#3363,.F.);
#3345 = FACE_BOUND('',#3346,.F.);
#3346 = EDGE_LOOP('',(#3347,#3348,#3349,#3357));
#3347 = ORIENTED_EDGE('',*,*,#3334,.F.);
#3348 = ORIENTED_EDGE('',*,*,#2475,.F.);
#3349 = ORIENTED_EDGE('',*,*,#3350,.T.);
#3350 = EDGE_CURVE('',#2468,#3351,#3353,.T.);
#3351 = VERTEX_POINT('',#3352);
#3352 = CARTESIAN_POINT('',(4.68,0.32,-3.2));
#3353 = LINE('',#3354,#3355);
#3354 = CARTESIAN_POINT('',(4.68,0.32,6.5));
#3355 = VECTOR('',#3356,1.);
#3356 = DIRECTION('',(-0.,0.,-1.));
#3357 = ORIENTED_EDGE('',*,*,#3358,.F.);
#3358 = EDGE_CURVE('',#3318,#3351,#3359,.T.);
#3359 = LINE('',#3360,#3361);
#3360 = CARTESIAN_POINT('',(5.32,0.32,-3.2));
#3361 = VECTOR('',#3362,1.);
#3362 = DIRECTION('',(-1.,1.224646799147E-16,0.));
#3363 = PLANE('',#3364);
#3364 = AXIS2_PLACEMENT_3D('',#3365,#3366,#3367);
#3365 = CARTESIAN_POINT('',(5.32,0.32,6.5));
#3366 = DIRECTION('',(-1.224646799147E-16,-1.,0.));
#3367 = DIRECTION('',(-0.,0.,-1.));
#3368 = ADVANCED_FACE('',(#3369),#3387,.T.);
#3369 = FACE_BOUND('',#3370,.T.);
#3370 = EDGE_LOOP('',(#3371,#3379,#3385,#3386));
#3371 = ORIENTED_EDGE('',*,*,#3372,.T.);
#3372 = EDGE_CURVE('',#3351,#3373,#3375,.T.);
#3373 = VERTEX_POINT('',#3374);
#3374 = CARTESIAN_POINT('',(4.68,-0.32,-3.2));
#3375 = LINE('',#3376,#3377);
#3376 = CARTESIAN_POINT('',(4.68,0.32,-3.2));
#3377 = VECTOR('',#3378,1.);
#3378 = DIRECTION('',(-1.224646799147E-16,-1.,0.));
#3379 = ORIENTED_EDGE('',*,*,#3380,.T.);
#3380 = EDGE_CURVE('',#3373,#2460,#3381,.T.);
#3381 = LINE('',#3382,#3383);
#3382 = CARTESIAN_POINT('',(4.68,-0.32,-3.4));
#3383 = VECTOR('',#3384,1.);
#3384 = DIRECTION('',(0.,0.,1.));
#3385 = ORIENTED_EDGE('',*,*,#2467,.F.);
#3386 = ORIENTED_EDGE('',*,*,#3350,.T.);
#3387 = PLANE('',#3388);
#3388 = AXIS2_PLACEMENT_3D('',#3389,#3390,#3391);
#3389 = CARTESIAN_POINT('',(4.68,3.918869757272E-17,1.55));
#3390 = DIRECTION('',(-1.,1.224646799147E-16,0.));
#3391 = DIRECTION('',(0.,0.,1.));
#3392 = ADVANCED_FACE('',(#3393),#3404,.F.);
#3393 = FACE_BOUND('',#3394,.F.);
#3394 = EDGE_LOOP('',(#3395,#3396,#3402,#3403));
#3395 = ORIENTED_EDGE('',*,*,#3327,.F.);
#3396 = ORIENTED_EDGE('',*,*,#3397,.T.);
#3397 = EDGE_CURVE('',#3320,#3373,#3398,.T.);
#3398 = LINE('',#3399,#3400);
#3399 = CARTESIAN_POINT('',(5.32,-0.32,-3.2));
#3400 = VECTOR('',#3401,1.);
#3401 = DIRECTION('',(-1.,1.224646799147E-16,0.));
#3402 = ORIENTED_EDGE('',*,*,#3380,.T.);
#3403 = ORIENTED_EDGE('',*,*,#2459,.F.);
#3404 = PLANE('',#3405);
#3405 = AXIS2_PLACEMENT_3D('',#3406,#3407,#3408);
#3406 = CARTESIAN_POINT('',(5.32,-0.32,-3.4));
#3407 = DIRECTION('',(1.224646799147E-16,1.,0.));
#3408 = DIRECTION('',(0.,-0.,1.));
#3409 = ADVANCED_FACE('',(#3410),#3435,.T.);
#3410 = FACE_BOUND('',#3411,.T.);
#3411 = EDGE_LOOP('',(#3412,#3422,#3428,#3429));
#3412 = ORIENTED_EDGE('',*,*,#3413,.T.);
#3413 = EDGE_CURVE('',#3414,#3416,#3418,.T.);
#3414 = VERTEX_POINT('',#3415);
#3415 = CARTESIAN_POINT('',(7.18,0.32,-3.2));
#3416 = VERTEX_POINT('',#3417);
#3417 = CARTESIAN_POINT('',(7.18,-0.32,-3.2));
#3418 = LINE('',#3419,#3420);
#3419 = CARTESIAN_POINT('',(7.18,0.32,-3.2));
#3420 = VECTOR('',#3421,1.);
#3421 = DIRECTION('',(-1.224646799147E-16,-1.,0.));
#3422 = ORIENTED_EDGE('',*,*,#3423,.T.);
#3423 = EDGE_CURVE('',#3416,#2498,#3424,.T.);
#3424 = LINE('',#3425,#3426);
#3425 = CARTESIAN_POINT('',(7.18,-0.32,-3.4));
#3426 = VECTOR('',#3427,1.);
#3427 = DIRECTION('',(0.,0.,1.));
#3428 = ORIENTED_EDGE('',*,*,#2495,.F.);
#3429 = ORIENTED_EDGE('',*,*,#3430,.T.);
#3430 = EDGE_CURVE('',#2496,#3414,#3431,.T.);
#3431 = LINE('',#3432,#3433);
#3432 = CARTESIAN_POINT('',(7.18,0.32,6.5));
#3433 = VECTOR('',#3434,1.);
#3434 = DIRECTION('',(-0.,0.,-1.));
#3435 = PLANE('',#3436);
#3436 = AXIS2_PLACEMENT_3D('',#3437,#3438,#3439);
#3437 = CARTESIAN_POINT('',(7.18,-2.669730022141E-16,1.55));
#3438 = DIRECTION('',(-1.,1.224646799147E-16,0.));
#3439 = DIRECTION('',(0.,0.,1.));
#3440 = ADVANCED_FACE('',(#3441),#3459,.F.);
#3441 = FACE_BOUND('',#3442,.F.);
#3442 = EDGE_LOOP('',(#3443,#3451,#3457,#3458));
#3443 = ORIENTED_EDGE('',*,*,#3444,.F.);
#3444 = EDGE_CURVE('',#3445,#2514,#3447,.T.);
#3445 = VERTEX_POINT('',#3446);
#3446 = CARTESIAN_POINT('',(7.82,-0.32,-3.2));
#3447 = LINE('',#3448,#3449);
#3448 = CARTESIAN_POINT('',(7.82,-0.32,-3.4));
#3449 = VECTOR('',#3450,1.);
#3450 = DIRECTION('',(0.,0.,1.));
#3451 = ORIENTED_EDGE('',*,*,#3452,.T.);
#3452 = EDGE_CURVE('',#3445,#3416,#3453,.T.);
#3453 = LINE('',#3454,#3455);
#3454 = CARTESIAN_POINT('',(7.82,-0.32,-3.2));
#3455 = VECTOR('',#3456,1.);
#3456 = DIRECTION('',(-1.,1.224646799147E-16,0.));
#3457 = ORIENTED_EDGE('',*,*,#3423,.T.);
#3458 = ORIENTED_EDGE('',*,*,#2521,.F.);
#3459 = PLANE('',#3460);
#3460 = AXIS2_PLACEMENT_3D('',#3461,#3462,#3463);
#3461 = CARTESIAN_POINT('',(7.82,-0.32,-3.4));
#3462 = DIRECTION('',(1.224646799147E-16,1.,0.));
#3463 = DIRECTION('',(0.,-0.,1.));
#3464 = ADVANCED_FACE('',(#3465),#3483,.F.);
#3465 = FACE_BOUND('',#3466,.F.);
#3466 = EDGE_LOOP('',(#3467,#3475,#3476,#3477));
#3467 = ORIENTED_EDGE('',*,*,#3468,.T.);
#3468 = EDGE_CURVE('',#3469,#3445,#3471,.T.);
#3469 = VERTEX_POINT('',#3470);
#3470 = CARTESIAN_POINT('',(7.82,0.32,-3.2));
#3471 = LINE('',#3472,#3473);
#3472 = CARTESIAN_POINT('',(7.82,0.32,-3.2));
#3473 = VECTOR('',#3474,1.);
#3474 = DIRECTION('',(-1.224646799147E-16,-1.,0.));
#3475 = ORIENTED_EDGE('',*,*,#3444,.T.);
#3476 = ORIENTED_EDGE('',*,*,#2513,.F.);
#3477 = ORIENTED_EDGE('',*,*,#3478,.T.);
#3478 = EDGE_CURVE('',#2506,#3469,#3479,.T.);
#3479 = LINE('',#3480,#3481);
#3480 = CARTESIAN_POINT('',(7.82,0.32,6.5));
#3481 = VECTOR('',#3482,1.);
#3482 = DIRECTION('',(-0.,0.,-1.));
#3483 = PLANE('',#3484);
#3484 = AXIS2_PLACEMENT_3D('',#3485,#3486,#3487);
#3485 = CARTESIAN_POINT('',(7.82,-3.453503973596E-16,1.55));
#3486 = DIRECTION('',(-1.,1.224646799147E-16,0.));
#3487 = DIRECTION('',(0.,0.,1.));
#3488 = ADVANCED_FACE('',(#3489),#3500,.F.);
#3489 = FACE_BOUND('',#3490,.F.);
#3490 = EDGE_LOOP('',(#3491,#3492,#3493,#3494));
#3491 = ORIENTED_EDGE('',*,*,#3478,.F.);
#3492 = ORIENTED_EDGE('',*,*,#2505,.F.);
#3493 = ORIENTED_EDGE('',*,*,#3430,.T.);
#3494 = ORIENTED_EDGE('',*,*,#3495,.F.);
#3495 = EDGE_CURVE('',#3469,#3414,#3496,.T.);
#3496 = LINE('',#3497,#3498);
#3497 = CARTESIAN_POINT('',(7.82,0.32,-3.2));
#3498 = VECTOR('',#3499,1.);
#3499 = DIRECTION('',(-1.,1.224646799147E-16,0.));
#3500 = PLANE('',#3501);
#3501 = AXIS2_PLACEMENT_3D('',#3502,#3503,#3504);
#3502 = CARTESIAN_POINT('',(7.82,0.32,6.5));
#3503 = DIRECTION('',(-1.224646799147E-16,-1.,0.));
#3504 = DIRECTION('',(-0.,0.,-1.));
#3505 = ADVANCED_FACE('',(#3506),#3531,.F.);
#3506 = FACE_BOUND('',#3507,.F.);
#3507 = EDGE_LOOP('',(#3508,#3516,#3517,#3525));
#3508 = ORIENTED_EDGE('',*,*,#3509,.F.);
#3509 = EDGE_CURVE('',#2544,#3510,#3512,.T.);
#3510 = VERTEX_POINT('',#3511);
#3511 = CARTESIAN_POINT('',(10.32,0.32,-0.9));
#3512 = LINE('',#3513,#3514);
#3513 = CARTESIAN_POINT('',(10.32,0.32,6.5));
#3514 = VECTOR('',#3515,1.);
#3515 = DIRECTION('',(-0.,0.,-1.));
#3516 = ORIENTED_EDGE('',*,*,#2541,.F.);
#3517 = ORIENTED_EDGE('',*,*,#3518,.T.);
#3518 = EDGE_CURVE('',#2542,#3519,#3521,.T.);
#3519 = VERTEX_POINT('',#3520);
#3520 = CARTESIAN_POINT('',(9.68,0.32,-0.9));
#3521 = LINE('',#3522,#3523);
#3522 = CARTESIAN_POINT('',(9.68,0.32,6.5));
#3523 = VECTOR('',#3524,1.);
#3524 = DIRECTION('',(-0.,0.,-1.));
#3525 = ORIENTED_EDGE('',*,*,#3526,.F.);
#3526 = EDGE_CURVE('',#3510,#3519,#3527,.T.);
#3527 = LINE('',#3528,#3529);
#3528 = CARTESIAN_POINT('',(10.32,0.32,-0.9));
#3529 = VECTOR('',#3530,1.);
#3530 = DIRECTION('',(-1.,1.224646799147E-16,0.));
#3531 = PLANE('',#3532);
#3532 = AXIS2_PLACEMENT_3D('',#3533,#3534,#3535);
#3533 = CARTESIAN_POINT('',(10.32,0.32,6.5));
#3534 = DIRECTION('',(-1.224646799147E-16,-1.,0.));
#3535 = DIRECTION('',(-0.,0.,-1.));
#3536 = ADVANCED_FACE('',(#3537),#3587,.T.);
#3537 = FACE_BOUND('',#3538,.T.);
#3538 = EDGE_LOOP('',(#3539,#3549,#3557,#3565,#3571,#3572,#3573,#3581));
#3539 = ORIENTED_EDGE('',*,*,#3540,.T.);
#3540 = EDGE_CURVE('',#3541,#3543,#3545,.T.);
#3541 = VERTEX_POINT('',#3542);
#3542 = CARTESIAN_POINT('',(9.68,0.351578947368,-3.2));
#3543 = VERTEX_POINT('',#3544);
#3544 = CARTESIAN_POINT('',(9.68,-0.288421052632,-3.2));
#3545 = LINE('',#3546,#3547);
#3546 = CARTESIAN_POINT('',(9.68,0.32,-3.2));
#3547 = VECTOR('',#3548,1.);
#3548 = DIRECTION('',(-1.224646799147E-16,-1.,0.));
#3549 = ORIENTED_EDGE('',*,*,#3550,.T.);
#3550 = EDGE_CURVE('',#3543,#3551,#3553,.T.);
#3551 = VERTEX_POINT('',#3552);
#3552 = CARTESIAN_POINT('',(9.68,-2.E-02,-1.5));
#3553 = LINE('',#3554,#3555);
#3554 = CARTESIAN_POINT('',(9.68,-0.32,-3.4));
#3555 = VECTOR('',#3556,1.);
#3556 = DIRECTION('',(1.909990663905E-17,0.155962573473,0.987762965329)
  );
#3557 = ORIENTED_EDGE('',*,*,#3558,.T.);
#3558 = EDGE_CURVE('',#3551,#3559,#3561,.T.);
#3559 = VERTEX_POINT('',#3560);
#3560 = CARTESIAN_POINT('',(9.68,-0.32,-0.9));
#3561 = LINE('',#3562,#3563);
#3562 = CARTESIAN_POINT('',(9.68,-2.E-02,-1.5));
#3563 = VECTOR('',#3564,1.);
#3564 = DIRECTION('',(-5.476786982641E-17,-0.4472135955,0.894427191));
#3565 = ORIENTED_EDGE('',*,*,#3566,.T.);
#3566 = EDGE_CURVE('',#3559,#2560,#3567,.T.);
#3567 = LINE('',#3568,#3569);
#3568 = CARTESIAN_POINT('',(9.68,-0.32,-0.9));
#3569 = VECTOR('',#3570,1.);
#3570 = DIRECTION('',(0.,0.,1.));
#3571 = ORIENTED_EDGE('',*,*,#2567,.F.);
#3572 = ORIENTED_EDGE('',*,*,#3518,.T.);
#3573 = ORIENTED_EDGE('',*,*,#3574,.T.);
#3574 = EDGE_CURVE('',#3519,#3575,#3577,.T.);
#3575 = VERTEX_POINT('',#3576);
#3576 = CARTESIAN_POINT('',(9.68,0.62,-1.5));
#3577 = LINE('',#3578,#3579);
#3578 = CARTESIAN_POINT('',(9.68,0.32,-0.9));
#3579 = VECTOR('',#3580,1.);
#3580 = DIRECTION('',(5.476786982641E-17,0.4472135955,-0.894427191));
#3581 = ORIENTED_EDGE('',*,*,#3582,.T.);
#3582 = EDGE_CURVE('',#3575,#3541,#3583,.T.);
#3583 = LINE('',#3584,#3585);
#3584 = CARTESIAN_POINT('',(9.68,0.62,-1.5));
#3585 = VECTOR('',#3586,1.);
#3586 = DIRECTION('',(-1.909990663905E-17,-0.155962573473,
    -0.987762965329));
#3587 = PLANE('',#3588);
#3588 = AXIS2_PLACEMENT_3D('',#3589,#3590,#3591);
#3589 = CARTESIAN_POINT('',(9.68,3.65940088399E-02,1.522832428212));
#3590 = DIRECTION('',(-1.,1.224646799147E-16,0.));
#3591 = DIRECTION('',(0.,0.,1.));
#3592 = ADVANCED_FACE('',(#3593),#3611,.F.);
#3593 = FACE_BOUND('',#3594,.F.);
#3594 = EDGE_LOOP('',(#3595,#3603,#3609,#3610));
#3595 = ORIENTED_EDGE('',*,*,#3596,.F.);
#3596 = EDGE_CURVE('',#3597,#2552,#3599,.T.);
#3597 = VERTEX_POINT('',#3598);
#3598 = CARTESIAN_POINT('',(10.32,-0.32,-0.9));
#3599 = LINE('',#3600,#3601);
#3600 = CARTESIAN_POINT('',(10.32,-0.32,-0.9));
#3601 = VECTOR('',#3602,1.);
#3602 = DIRECTION('',(0.,0.,1.));
#3603 = ORIENTED_EDGE('',*,*,#3604,.T.);
#3604 = EDGE_CURVE('',#3597,#3559,#3605,.T.);
#3605 = LINE('',#3606,#3607);
#3606 = CARTESIAN_POINT('',(10.32,-0.32,-0.9));
#3607 = VECTOR('',#3608,1.);
#3608 = DIRECTION('',(-1.,1.224646799147E-16,0.));
#3609 = ORIENTED_EDGE('',*,*,#3566,.T.);
#3610 = ORIENTED_EDGE('',*,*,#2559,.F.);
#3611 = PLANE('',#3612);
#3612 = AXIS2_PLACEMENT_3D('',#3613,#3614,#3615);
#3613 = CARTESIAN_POINT('',(10.32,-0.32,-0.9));
#3614 = DIRECTION('',(1.224646799147E-16,1.,0.));
#3615 = DIRECTION('',(0.,-0.,1.));
#3616 = ADVANCED_FACE('',(#3617),#3660,.F.);
#3617 = FACE_BOUND('',#3618,.F.);
#3618 = EDGE_LOOP('',(#3619,#3629,#3637,#3643,#3644,#3645,#3646,#3654));
#3619 = ORIENTED_EDGE('',*,*,#3620,.T.);
#3620 = EDGE_CURVE('',#3621,#3623,#3625,.T.);
#3621 = VERTEX_POINT('',#3622);
#3622 = CARTESIAN_POINT('',(10.32,0.351578947368,-3.2));
#3623 = VERTEX_POINT('',#3624);
#3624 = CARTESIAN_POINT('',(10.32,-0.288421052632,-3.2));
#3625 = LINE('',#3626,#3627);
#3626 = CARTESIAN_POINT('',(10.32,0.32,-3.2));
#3627 = VECTOR('',#3628,1.);
#3628 = DIRECTION('',(-1.224646799147E-16,-1.,0.));
#3629 = ORIENTED_EDGE('',*,*,#3630,.T.);
#3630 = EDGE_CURVE('',#3623,#3631,#3633,.T.);
#3631 = VERTEX_POINT('',#3632);
#3632 = CARTESIAN_POINT('',(10.32,-2.E-02,-1.5));
#3633 = LINE('',#3634,#3635);
#3634 = CARTESIAN_POINT('',(10.32,-0.32,-3.4));
#3635 = VECTOR('',#3636,1.);
#3636 = DIRECTION('',(1.909990663905E-17,0.155962573473,0.987762965329)
  );
#3637 = ORIENTED_EDGE('',*,*,#3638,.T.);
#3638 = EDGE_CURVE('',#3631,#3597,#3639,.T.);
#3639 = LINE('',#3640,#3641);
#3640 = CARTESIAN_POINT('',(10.32,-2.E-02,-1.5));
#3641 = VECTOR('',#3642,1.);
#3642 = DIRECTION('',(-5.476786982641E-17,-0.4472135955,0.894427191));
#3643 = ORIENTED_EDGE('',*,*,#3596,.T.);
#3644 = ORIENTED_EDGE('',*,*,#2551,.F.);
#3645 = ORIENTED_EDGE('',*,*,#3509,.T.);
#3646 = ORIENTED_EDGE('',*,*,#3647,.T.);
#3647 = EDGE_CURVE('',#3510,#3648,#3650,.T.);
#3648 = VERTEX_POINT('',#3649);
#3649 = CARTESIAN_POINT('',(10.32,0.62,-1.5));
#3650 = LINE('',#3651,#3652);
#3651 = CARTESIAN_POINT('',(10.32,0.32,-0.9));
#3652 = VECTOR('',#3653,1.);
#3653 = DIRECTION('',(5.476786982641E-17,0.4472135955,-0.894427191));
#3654 = ORIENTED_EDGE('',*,*,#3655,.T.);
#3655 = EDGE_CURVE('',#3648,#3621,#3656,.T.);
#3656 = LINE('',#3657,#3658);
#3657 = CARTESIAN_POINT('',(10.32,0.62,-1.5));
#3658 = VECTOR('',#3659,1.);
#3659 = DIRECTION('',(-1.909990663905E-17,-0.155962573473,
    -0.987762965329));
#3660 = PLANE('',#3661);
#3661 = AXIS2_PLACEMENT_3D('',#3662,#3663,#3664);
#3662 = CARTESIAN_POINT('',(10.32,3.65940088399E-02,1.522832428212));
#3663 = DIRECTION('',(-1.,1.224646799147E-16,0.));
#3664 = DIRECTION('',(0.,0.,1.));
#3665 = ADVANCED_FACE('',(#3666),#3691,.T.);
#3666 = FACE_BOUND('',#3667,.F.);
#3667 = EDGE_LOOP('',(#3668,#3676,#3684,#3690));
#3668 = ORIENTED_EDGE('',*,*,#3669,.T.);
#3669 = EDGE_CURVE('',#2583,#3670,#3672,.T.);
#3670 = VERTEX_POINT('',#3671);
#3671 = CARTESIAN_POINT('',(5.12,-0.12,6.5));
#3672 = LINE('',#3673,#3674);
#3673 = CARTESIAN_POINT('',(5.253333333333,-0.253333333333,
    6.366666666667));
#3674 = VECTOR('',#3675,1.);
#3675 = DIRECTION('',(-0.57735026919,0.57735026919,0.57735026919));
#3676 = ORIENTED_EDGE('',*,*,#3677,.T.);
#3677 = EDGE_CURVE('',#3670,#3678,#3680,.T.);
#3678 = VERTEX_POINT('',#3679);
#3679 = CARTESIAN_POINT('',(5.12,0.12,6.5));
#3680 = LINE('',#3681,#3682);
#3681 = CARTESIAN_POINT('',(5.12,-0.32,6.5));
#3682 = VECTOR('',#3683,1.);
#3683 = DIRECTION('',(1.224646799147E-16,1.,0.));
#3684 = ORIENTED_EDGE('',*,*,#3685,.T.);
#3685 = EDGE_CURVE('',#3678,#2591,#3686,.T.);
#3686 = LINE('',#3687,#3688);
#3687 = CARTESIAN_POINT('',(5.146666666667,0.146666666667,6.473333333333
    ));
#3688 = VECTOR('',#3689,1.);
#3689 = DIRECTION('',(0.57735026919,0.57735026919,-0.57735026919));
#3690 = ORIENTED_EDGE('',*,*,#2590,.F.);
#3691 = PLANE('',#3692);
#3692 = AXIS2_PLACEMENT_3D('',#3693,#3694,#3695);
#3693 = CARTESIAN_POINT('',(5.22,-0.32,6.4));
#3694 = DIRECTION('',(0.707106781187,-8.833102285013E-17,0.707106781187)
  );
#3695 = DIRECTION('',(-1.236918052038E-16,-1.,-1.227125289097E-18));
#3696 = ADVANCED_FACE('',(#3697),#3715,.T.);
#3697 = FACE_BOUND('',#3698,.F.);
#3698 = EDGE_LOOP('',(#3699,#3700,#3708,#3714));
#3699 = ORIENTED_EDGE('',*,*,#3685,.F.);
#3700 = ORIENTED_EDGE('',*,*,#3701,.T.);
#3701 = EDGE_CURVE('',#3678,#3702,#3704,.T.);
#3702 = VERTEX_POINT('',#3703);
#3703 = CARTESIAN_POINT('',(4.88,0.12,6.5));
#3704 = LINE('',#3705,#3706);
#3705 = CARTESIAN_POINT('',(5.32,0.12,6.5));
#3706 = VECTOR('',#3707,1.);
#3707 = DIRECTION('',(-1.,1.224646799147E-16,0.));
#3708 = ORIENTED_EDGE('',*,*,#3709,.T.);
#3709 = EDGE_CURVE('',#3702,#2614,#3710,.T.);
#3710 = LINE('',#3711,#3712);
#3711 = CARTESIAN_POINT('',(4.96,4.E-02,6.58));
#3712 = VECTOR('',#3713,1.);
#3713 = DIRECTION('',(-0.57735026919,0.57735026919,-0.57735026919));
#3714 = ORIENTED_EDGE('',*,*,#2613,.F.);
#3715 = PLANE('',#3716);
#3716 = AXIS2_PLACEMENT_3D('',#3717,#3718,#3719);
#3717 = CARTESIAN_POINT('',(5.32,0.22,6.4));
#3718 = DIRECTION('',(8.833102285013E-17,0.707106781187,0.707106781187)
  );
#3719 = DIRECTION('',(1.,-1.236918052038E-16,-1.227125289097E-18));
#3720 = ADVANCED_FACE('',(#3721),#3739,.F.);
#3721 = FACE_BOUND('',#3722,.T.);
#3722 = EDGE_LOOP('',(#3723,#3731,#3737,#3738));
#3723 = ORIENTED_EDGE('',*,*,#3724,.T.);
#3724 = EDGE_CURVE('',#2638,#3725,#3727,.T.);
#3725 = VERTEX_POINT('',#3726);
#3726 = CARTESIAN_POINT('',(4.88,-0.12,6.5));
#3727 = LINE('',#3728,#3729);
#3728 = CARTESIAN_POINT('',(4.853333333333,-0.146666666667,
    6.473333333333));
#3729 = VECTOR('',#3730,1.);
#3730 = DIRECTION('',(0.57735026919,0.57735026919,0.57735026919));
#3731 = ORIENTED_EDGE('',*,*,#3732,.T.);
#3732 = EDGE_CURVE('',#3725,#3702,#3733,.T.);
#3733 = LINE('',#3734,#3735);
#3734 = CARTESIAN_POINT('',(4.88,-0.32,6.5));
#3735 = VECTOR('',#3736,1.);
#3736 = DIRECTION('',(1.224646799147E-16,1.,0.));
#3737 = ORIENTED_EDGE('',*,*,#3709,.T.);
#3738 = ORIENTED_EDGE('',*,*,#2645,.F.);
#3739 = PLANE('',#3740);
#3740 = AXIS2_PLACEMENT_3D('',#3741,#3742,#3743);
#3741 = CARTESIAN_POINT('',(4.78,-0.32,6.4));
#3742 = DIRECTION('',(0.707106781187,-8.486018839685E-17,-0.707106781187
    ));
#3743 = DIRECTION('',(-1.212375546256E-16,-1.,-1.227125289196E-18));
#3744 = ADVANCED_FACE('',(#3745),#3756,.T.);
#3745 = FACE_BOUND('',#3746,.F.);
#3746 = EDGE_LOOP('',(#3747,#3748,#3749,#3750));
#3747 = ORIENTED_EDGE('',*,*,#3669,.F.);
#3748 = ORIENTED_EDGE('',*,*,#2663,.T.);
#3749 = ORIENTED_EDGE('',*,*,#3724,.T.);
#3750 = ORIENTED_EDGE('',*,*,#3751,.F.);
#3751 = EDGE_CURVE('',#3670,#3725,#3752,.T.);
#3752 = LINE('',#3753,#3754);
#3753 = CARTESIAN_POINT('',(5.32,-0.12,6.5));
#3754 = VECTOR('',#3755,1.);
#3755 = DIRECTION('',(-1.,1.224646799147E-16,0.));
#3756 = PLANE('',#3757);
#3757 = AXIS2_PLACEMENT_3D('',#3758,#3759,#3760);
#3758 = CARTESIAN_POINT('',(5.32,-0.22,6.4));
#3759 = DIRECTION('',(-8.833102285013E-17,-0.707106781187,0.707106781187
    ));
#3760 = DIRECTION('',(1.,-1.236918052038E-16,1.227125289097E-18));
#3761 = ADVANCED_FACE('',(#3762),#3787,.F.);
#3762 = FACE_BOUND('',#3763,.T.);
#3763 = EDGE_LOOP('',(#3764,#3772,#3780,#3786));
#3764 = ORIENTED_EDGE('',*,*,#3765,.T.);
#3765 = EDGE_CURVE('',#2679,#3766,#3768,.T.);
#3766 = VERTEX_POINT('',#3767);
#3767 = CARTESIAN_POINT('',(7.38,-0.12,6.5));
#3768 = LINE('',#3769,#3770);
#3769 = CARTESIAN_POINT('',(7.353333333333,-0.146666666667,
    6.473333333333));
#3770 = VECTOR('',#3771,1.);
#3771 = DIRECTION('',(0.57735026919,0.57735026919,0.57735026919));
#3772 = ORIENTED_EDGE('',*,*,#3773,.T.);
#3773 = EDGE_CURVE('',#3766,#3774,#3776,.T.);
#3774 = VERTEX_POINT('',#3775);
#3775 = CARTESIAN_POINT('',(7.38,0.12,6.5));
#3776 = LINE('',#3777,#3778);
#3777 = CARTESIAN_POINT('',(7.38,-0.32,6.5));
#3778 = VECTOR('',#3779,1.);
#3779 = DIRECTION('',(1.224646799147E-16,1.,0.));
#3780 = ORIENTED_EDGE('',*,*,#3781,.T.);
#3781 = EDGE_CURVE('',#3774,#2687,#3782,.T.);
#3782 = LINE('',#3783,#3784);
#3783 = CARTESIAN_POINT('',(7.46,4.E-02,6.58));
#3784 = VECTOR('',#3785,1.);
#3785 = DIRECTION('',(-0.57735026919,0.57735026919,-0.57735026919));
#3786 = ORIENTED_EDGE('',*,*,#2686,.F.);
#3787 = PLANE('',#3788);
#3788 = AXIS2_PLACEMENT_3D('',#3789,#3790,#3791);
#3789 = CARTESIAN_POINT('',(7.28,-0.32,6.4));
#3790 = DIRECTION('',(0.707106781187,-8.486018839685E-17,-0.707106781187
    ));
#3791 = DIRECTION('',(-1.212375546256E-16,-1.,-1.227125289196E-18));
#3792 = ADVANCED_FACE('',(#3793),#3811,.T.);
#3793 = FACE_BOUND('',#3794,.F.);
#3794 = EDGE_LOOP('',(#3795,#3803,#3804,#3805));
#3795 = ORIENTED_EDGE('',*,*,#3796,.F.);
#3796 = EDGE_CURVE('',#2709,#3797,#3799,.T.);
#3797 = VERTEX_POINT('',#3798);
#3798 = CARTESIAN_POINT('',(7.62,-0.12,6.5));
#3799 = LINE('',#3800,#3801);
#3800 = CARTESIAN_POINT('',(7.753333333333,-0.253333333333,
    6.366666666667));
#3801 = VECTOR('',#3802,1.);
#3802 = DIRECTION('',(-0.57735026919,0.57735026919,0.57735026919));
#3803 = ORIENTED_EDGE('',*,*,#2718,.T.);
#3804 = ORIENTED_EDGE('',*,*,#3765,.T.);
#3805 = ORIENTED_EDGE('',*,*,#3806,.F.);
#3806 = EDGE_CURVE('',#3797,#3766,#3807,.T.);
#3807 = LINE('',#3808,#3809);
#3808 = CARTESIAN_POINT('',(7.82,-0.12,6.5));
#3809 = VECTOR('',#3810,1.);
#3810 = DIRECTION('',(-1.,1.224646799147E-16,0.));
#3811 = PLANE('',#3812);
#3812 = AXIS2_PLACEMENT_3D('',#3813,#3814,#3815);
#3813 = CARTESIAN_POINT('',(7.82,-0.22,6.4));
#3814 = DIRECTION('',(-8.833102285013E-17,-0.707106781187,0.707106781187
    ));
#3815 = DIRECTION('',(1.,-1.236918052038E-16,1.227125289097E-18));
#3816 = ADVANCED_FACE('',(#3817),#3835,.T.);
#3817 = FACE_BOUND('',#3818,.F.);
#3818 = EDGE_LOOP('',(#3819,#3820,#3828,#3834));
#3819 = ORIENTED_EDGE('',*,*,#3796,.T.);
#3820 = ORIENTED_EDGE('',*,*,#3821,.T.);
#3821 = EDGE_CURVE('',#3797,#3822,#3824,.T.);
#3822 = VERTEX_POINT('',#3823);
#3823 = CARTESIAN_POINT('',(7.62,0.12,6.5));
#3824 = LINE('',#3825,#3826);
#3825 = CARTESIAN_POINT('',(7.62,-0.32,6.5));
#3826 = VECTOR('',#3827,1.);
#3827 = DIRECTION('',(1.224646799147E-16,1.,0.));
#3828 = ORIENTED_EDGE('',*,*,#3829,.T.);
#3829 = EDGE_CURVE('',#3822,#2735,#3830,.T.);
#3830 = LINE('',#3831,#3832);
#3831 = CARTESIAN_POINT('',(7.646666666667,0.146666666667,6.473333333333
    ));
#3832 = VECTOR('',#3833,1.);
#3833 = DIRECTION('',(0.57735026919,0.57735026919,-0.57735026919));
#3834 = ORIENTED_EDGE('',*,*,#2734,.F.);
#3835 = PLANE('',#3836);
#3836 = AXIS2_PLACEMENT_3D('',#3837,#3838,#3839);
#3837 = CARTESIAN_POINT('',(7.72,-0.32,6.4));
#3838 = DIRECTION('',(0.707106781187,-8.833102285013E-17,0.707106781187)
  );
#3839 = DIRECTION('',(-1.236918052038E-16,-1.,-1.227125289097E-18));
#3840 = ADVANCED_FACE('',(#3841),#3852,.T.);
#3841 = FACE_BOUND('',#3842,.F.);
#3842 = EDGE_LOOP('',(#3843,#3844,#3850,#3851));
#3843 = ORIENTED_EDGE('',*,*,#3829,.F.);
#3844 = ORIENTED_EDGE('',*,*,#3845,.T.);
#3845 = EDGE_CURVE('',#3822,#3774,#3846,.T.);
#3846 = LINE('',#3847,#3848);
#3847 = CARTESIAN_POINT('',(7.82,0.12,6.5));
#3848 = VECTOR('',#3849,1.);
#3849 = DIRECTION('',(-1.,1.224646799147E-16,0.));
#3850 = ORIENTED_EDGE('',*,*,#3781,.T.);
#3851 = ORIENTED_EDGE('',*,*,#2757,.F.);
#3852 = PLANE('',#3853);
#3853 = AXIS2_PLACEMENT_3D('',#3854,#3855,#3856);
#3854 = CARTESIAN_POINT('',(7.82,0.22,6.4));
#3855 = DIRECTION('',(8.833102285013E-17,0.707106781187,0.707106781187)
  );
#3856 = DIRECTION('',(1.,-1.236918052038E-16,-1.227125289097E-18));
#3857 = ADVANCED_FACE('',(#3858),#3883,.T.);
#3858 = FACE_BOUND('',#3859,.F.);
#3859 = EDGE_LOOP('',(#3860,#3868,#3876,#3882));
#3860 = ORIENTED_EDGE('',*,*,#3861,.T.);
#3861 = EDGE_CURVE('',#2775,#3862,#3864,.T.);
#3862 = VERTEX_POINT('',#3863);
#3863 = CARTESIAN_POINT('',(2.62,-0.12,6.5));
#3864 = LINE('',#3865,#3866);
#3865 = CARTESIAN_POINT('',(2.753333333333,-0.253333333333,
    6.366666666667));
#3866 = VECTOR('',#3867,1.);
#3867 = DIRECTION('',(-0.57735026919,0.57735026919,0.57735026919));
#3868 = ORIENTED_EDGE('',*,*,#3869,.T.);
#3869 = EDGE_CURVE('',#3862,#3870,#3872,.T.);
#3870 = VERTEX_POINT('',#3871);
#3871 = CARTESIAN_POINT('',(2.62,0.12,6.5));
#3872 = LINE('',#3873,#3874);
#3873 = CARTESIAN_POINT('',(2.62,-0.32,6.5));
#3874 = VECTOR('',#3875,1.);
#3875 = DIRECTION('',(1.224646799147E-16,1.,0.));
#3876 = ORIENTED_EDGE('',*,*,#3877,.T.);
#3877 = EDGE_CURVE('',#3870,#2783,#3878,.T.);
#3878 = LINE('',#3879,#3880);
#3879 = CARTESIAN_POINT('',(2.646666666667,0.146666666667,6.473333333333
    ));
#3880 = VECTOR('',#3881,1.);
#3881 = DIRECTION('',(0.57735026919,0.57735026919,-0.57735026919));
#3882 = ORIENTED_EDGE('',*,*,#2782,.F.);
#3883 = PLANE('',#3884);
#3884 = AXIS2_PLACEMENT_3D('',#3885,#3886,#3887);
#3885 = CARTESIAN_POINT('',(2.72,-0.32,6.4));
#3886 = DIRECTION('',(0.707106781187,-8.833102285013E-17,0.707106781187)
  );
#3887 = DIRECTION('',(-1.236918052038E-16,-1.,-1.227125289097E-18));
#3888 = ADVANCED_FACE('',(#3889),#3907,.T.);
#3889 = FACE_BOUND('',#3890,.F.);
#3890 = EDGE_LOOP('',(#3891,#3892,#3900,#3906));
#3891 = ORIENTED_EDGE('',*,*,#3877,.F.);
#3892 = ORIENTED_EDGE('',*,*,#3893,.T.);
#3893 = EDGE_CURVE('',#3870,#3894,#3896,.T.);
#3894 = VERTEX_POINT('',#3895);
#3895 = CARTESIAN_POINT('',(2.38,0.12,6.5));
#3896 = LINE('',#3897,#3898);
#3897 = CARTESIAN_POINT('',(2.82,0.12,6.5));
#3898 = VECTOR('',#3899,1.);
#3899 = DIRECTION('',(-1.,1.224646799147E-16,0.));
#3900 = ORIENTED_EDGE('',*,*,#3901,.T.);
#3901 = EDGE_CURVE('',#3894,#2806,#3902,.T.);
#3902 = LINE('',#3903,#3904);
#3903 = CARTESIAN_POINT('',(2.46,4.E-02,6.58));
#3904 = VECTOR('',#3905,1.);
#3905 = DIRECTION('',(-0.57735026919,0.57735026919,-0.57735026919));
#3906 = ORIENTED_EDGE('',*,*,#2805,.F.);
#3907 = PLANE('',#3908);
#3908 = AXIS2_PLACEMENT_3D('',#3909,#3910,#3911);
#3909 = CARTESIAN_POINT('',(2.82,0.22,6.4));
#3910 = DIRECTION('',(8.833102285013E-17,0.707106781187,0.707106781187)
  );
#3911 = DIRECTION('',(1.,-1.236918052038E-16,-1.227125289097E-18));
#3912 = ADVANCED_FACE('',(#3913),#3931,.F.);
#3913 = FACE_BOUND('',#3914,.T.);
#3914 = EDGE_LOOP('',(#3915,#3923,#3929,#3930));
#3915 = ORIENTED_EDGE('',*,*,#3916,.T.);
#3916 = EDGE_CURVE('',#2830,#3917,#3919,.T.);
#3917 = VERTEX_POINT('',#3918);
#3918 = CARTESIAN_POINT('',(2.38,-0.12,6.5));
#3919 = LINE('',#3920,#3921);
#3920 = CARTESIAN_POINT('',(2.353333333333,-0.146666666667,
    6.473333333333));
#3921 = VECTOR('',#3922,1.);
#3922 = DIRECTION('',(0.57735026919,0.57735026919,0.57735026919));
#3923 = ORIENTED_EDGE('',*,*,#3924,.T.);
#3924 = EDGE_CURVE('',#3917,#3894,#3925,.T.);
#3925 = LINE('',#3926,#3927);
#3926 = CARTESIAN_POINT('',(2.38,-0.32,6.5));
#3927 = VECTOR('',#3928,1.);
#3928 = DIRECTION('',(1.224646799147E-16,1.,0.));
#3929 = ORIENTED_EDGE('',*,*,#3901,.T.);
#3930 = ORIENTED_EDGE('',*,*,#2837,.F.);
#3931 = PLANE('',#3932);
#3932 = AXIS2_PLACEMENT_3D('',#3933,#3934,#3935);
#3933 = CARTESIAN_POINT('',(2.28,-0.32,6.4));
#3934 = DIRECTION('',(0.707106781187,-8.486018839685E-17,-0.707106781187
    ));
#3935 = DIRECTION('',(-1.212375546256E-16,-1.,-1.227125289196E-18));
#3936 = ADVANCED_FACE('',(#3937),#3948,.T.);
#3937 = FACE_BOUND('',#3938,.F.);
#3938 = EDGE_LOOP('',(#3939,#3940,#3941,#3942));
#3939 = ORIENTED_EDGE('',*,*,#3861,.F.);
#3940 = ORIENTED_EDGE('',*,*,#2855,.T.);
#3941 = ORIENTED_EDGE('',*,*,#3916,.T.);
#3942 = ORIENTED_EDGE('',*,*,#3943,.F.);
#3943 = EDGE_CURVE('',#3862,#3917,#3944,.T.);
#3944 = LINE('',#3945,#3946);
#3945 = CARTESIAN_POINT('',(2.82,-0.12,6.5));
#3946 = VECTOR('',#3947,1.);
#3947 = DIRECTION('',(-1.,1.224646799147E-16,0.));
#3948 = PLANE('',#3949);
#3949 = AXIS2_PLACEMENT_3D('',#3950,#3951,#3952);
#3950 = CARTESIAN_POINT('',(2.82,-0.22,6.4));
#3951 = DIRECTION('',(-8.833102285013E-17,-0.707106781187,0.707106781187
    ));
#3952 = DIRECTION('',(1.,-1.236918052038E-16,1.227125289097E-18));
#3953 = ADVANCED_FACE('',(#3954),#3979,.T.);
#3954 = FACE_BOUND('',#3955,.F.);
#3955 = EDGE_LOOP('',(#3956,#3964,#3972,#3978));
#3956 = ORIENTED_EDGE('',*,*,#3957,.F.);
#3957 = EDGE_CURVE('',#3958,#2870,#3960,.T.);
#3958 = VERTEX_POINT('',#3959);
#3959 = CARTESIAN_POINT('',(10.12,0.12,6.5));
#3960 = LINE('',#3961,#3962);
#3961 = CARTESIAN_POINT('',(10.146666666667,0.146666666667,
    6.473333333333));
#3962 = VECTOR('',#3963,1.);
#3963 = DIRECTION('',(0.57735026919,0.57735026919,-0.57735026919));
#3964 = ORIENTED_EDGE('',*,*,#3965,.T.);
#3965 = EDGE_CURVE('',#3958,#3966,#3968,.T.);
#3966 = VERTEX_POINT('',#3967);
#3967 = CARTESIAN_POINT('',(9.88,0.12,6.5));
#3968 = LINE('',#3969,#3970);
#3969 = CARTESIAN_POINT('',(10.32,0.12,6.5));
#3970 = VECTOR('',#3971,1.);
#3971 = DIRECTION('',(-1.,1.224646799147E-16,0.));
#3972 = ORIENTED_EDGE('',*,*,#3973,.T.);
#3973 = EDGE_CURVE('',#3966,#2878,#3974,.T.);
#3974 = LINE('',#3975,#3976);
#3975 = CARTESIAN_POINT('',(9.96,4.E-02,6.58));
#3976 = VECTOR('',#3977,1.);
#3977 = DIRECTION('',(-0.57735026919,0.57735026919,-0.57735026919));
#3978 = ORIENTED_EDGE('',*,*,#2877,.F.);
#3979 = PLANE('',#3980);
#3980 = AXIS2_PLACEMENT_3D('',#3981,#3982,#3983);
#3981 = CARTESIAN_POINT('',(10.32,0.22,6.4));
#3982 = DIRECTION('',(8.833102285013E-17,0.707106781187,0.707106781187)
  );
#3983 = DIRECTION('',(1.,-1.236918052038E-16,-1.227125289097E-18));
#3984 = ADVANCED_FACE('',(#3985),#4003,.F.);
#3985 = FACE_BOUND('',#3986,.T.);
#3986 = EDGE_LOOP('',(#3987,#3995,#4001,#4002));
#3987 = ORIENTED_EDGE('',*,*,#3988,.T.);
#3988 = EDGE_CURVE('',#2902,#3989,#3991,.T.);
#3989 = VERTEX_POINT('',#3990);
#3990 = CARTESIAN_POINT('',(9.88,-0.12,6.5));
#3991 = LINE('',#3992,#3993);
#3992 = CARTESIAN_POINT('',(9.853333333333,-0.146666666667,
    6.473333333333));
#3993 = VECTOR('',#3994,1.);
#3994 = DIRECTION('',(0.57735026919,0.57735026919,0.57735026919));
#3995 = ORIENTED_EDGE('',*,*,#3996,.T.);
#3996 = EDGE_CURVE('',#3989,#3966,#3997,.T.);
#3997 = LINE('',#3998,#3999);
#3998 = CARTESIAN_POINT('',(9.88,-0.32,6.5));
#3999 = VECTOR('',#4000,1.);
#4000 = DIRECTION('',(1.224646799147E-16,1.,0.));
#4001 = ORIENTED_EDGE('',*,*,#3973,.T.);
#4002 = ORIENTED_EDGE('',*,*,#2909,.F.);
#4003 = PLANE('',#4004);
#4004 = AXIS2_PLACEMENT_3D('',#4005,#4006,#4007);
#4005 = CARTESIAN_POINT('',(9.78,-0.32,6.4));
#4006 = DIRECTION('',(0.707106781187,-8.486018839685E-17,-0.707106781187
    ));
#4007 = DIRECTION('',(-1.212375546256E-16,-1.,-1.227125289196E-18));
#4008 = ADVANCED_FACE('',(#4009),#4027,.T.);
#4009 = FACE_BOUND('',#4010,.F.);
#4010 = EDGE_LOOP('',(#4011,#4019,#4020,#4021));
#4011 = ORIENTED_EDGE('',*,*,#4012,.F.);
#4012 = EDGE_CURVE('',#2925,#4013,#4015,.T.);
#4013 = VERTEX_POINT('',#4014);
#4014 = CARTESIAN_POINT('',(10.12,-0.12,6.5));
#4015 = LINE('',#4016,#4017);
#4016 = CARTESIAN_POINT('',(10.253333333333,-0.253333333333,
    6.366666666667));
#4017 = VECTOR('',#4018,1.);
#4018 = DIRECTION('',(-0.57735026919,0.57735026919,0.57735026919));
#4019 = ORIENTED_EDGE('',*,*,#2934,.T.);
#4020 = ORIENTED_EDGE('',*,*,#3988,.T.);
#4021 = ORIENTED_EDGE('',*,*,#4022,.F.);
#4022 = EDGE_CURVE('',#4013,#3989,#4023,.T.);
#4023 = LINE('',#4024,#4025);
#4024 = CARTESIAN_POINT('',(10.32,-0.12,6.5));
#4025 = VECTOR('',#4026,1.);
#4026 = DIRECTION('',(-1.,1.224646799147E-16,0.));
#4027 = PLANE('',#4028);
#4028 = AXIS2_PLACEMENT_3D('',#4029,#4030,#4031);
#4029 = CARTESIAN_POINT('',(10.32,-0.22,6.4));
#4030 = DIRECTION('',(-8.833102285013E-17,-0.707106781187,0.707106781187
    ));
#4031 = DIRECTION('',(1.,-1.236918052038E-16,1.227125289097E-18));
#4032 = ADVANCED_FACE('',(#4033),#4044,.T.);
#4033 = FACE_BOUND('',#4034,.F.);
#4034 = EDGE_LOOP('',(#4035,#4036,#4042,#4043));
#4035 = ORIENTED_EDGE('',*,*,#4012,.T.);
#4036 = ORIENTED_EDGE('',*,*,#4037,.T.);
#4037 = EDGE_CURVE('',#4013,#3958,#4038,.T.);
#4038 = LINE('',#4039,#4040);
#4039 = CARTESIAN_POINT('',(10.12,-0.32,6.5));
#4040 = VECTOR('',#4041,1.);
#4041 = DIRECTION('',(1.224646799147E-16,1.,0.));
#4042 = ORIENTED_EDGE('',*,*,#3957,.T.);
#4043 = ORIENTED_EDGE('',*,*,#2950,.F.);
#4044 = PLANE('',#4045);
#4045 = AXIS2_PLACEMENT_3D('',#4046,#4047,#4048);
#4046 = CARTESIAN_POINT('',(10.22,-0.32,6.4));
#4047 = DIRECTION('',(0.707106781187,-8.833102285013E-17,0.707106781187)
  );
#4048 = DIRECTION('',(-1.236918052038E-16,-1.,-1.227125289097E-18));
#4049 = ADVANCED_FACE('',(#4050),#4075,.F.);
#4050 = FACE_BOUND('',#4051,.T.);
#4051 = EDGE_LOOP('',(#4052,#4060,#4068,#4074));
#4052 = ORIENTED_EDGE('',*,*,#4053,.T.);
#4053 = EDGE_CURVE('',#2967,#4054,#4056,.T.);
#4054 = VERTEX_POINT('',#4055);
#4055 = CARTESIAN_POINT('',(-0.12,-0.12,6.5));
#4056 = LINE('',#4057,#4058);
#4057 = CARTESIAN_POINT('',(-0.146666666667,-0.146666666667,
    6.473333333333));
#4058 = VECTOR('',#4059,1.);
#4059 = DIRECTION('',(0.57735026919,0.57735026919,0.57735026919));
#4060 = ORIENTED_EDGE('',*,*,#4061,.T.);
#4061 = EDGE_CURVE('',#4054,#4062,#4064,.T.);
#4062 = VERTEX_POINT('',#4063);
#4063 = CARTESIAN_POINT('',(-0.12,0.12,6.5));
#4064 = LINE('',#4065,#4066);
#4065 = CARTESIAN_POINT('',(-0.12,-0.32,6.5));
#4066 = VECTOR('',#4067,1.);
#4067 = DIRECTION('',(1.224646799147E-16,1.,0.));
#4068 = ORIENTED_EDGE('',*,*,#4069,.T.);
#4069 = EDGE_CURVE('',#4062,#2975,#4070,.T.);
#4070 = LINE('',#4071,#4072);
#4071 = CARTESIAN_POINT('',(-4.E-02,4.E-02,6.58));
#4072 = VECTOR('',#4073,1.);
#4073 = DIRECTION('',(-0.57735026919,0.57735026919,-0.57735026919));
#4074 = ORIENTED_EDGE('',*,*,#2974,.F.);
#4075 = PLANE('',#4076);
#4076 = AXIS2_PLACEMENT_3D('',#4077,#4078,#4079);
#4077 = CARTESIAN_POINT('',(-0.22,-0.32,6.4));
#4078 = DIRECTION('',(0.707106781187,-8.486018839685E-17,-0.707106781187
    ));
#4079 = DIRECTION('',(-1.212375546256E-16,-1.,-1.227125289196E-18));
#4080 = ADVANCED_FACE('',(#4081),#4099,.T.);
#4081 = FACE_BOUND('',#4082,.F.);
#4082 = EDGE_LOOP('',(#4083,#4091,#4092,#4093));
#4083 = ORIENTED_EDGE('',*,*,#4084,.F.);
#4084 = EDGE_CURVE('',#2997,#4085,#4087,.T.);
#4085 = VERTEX_POINT('',#4086);
#4086 = CARTESIAN_POINT('',(0.12,-0.12,6.5));
#4087 = LINE('',#4088,#4089);
#4088 = CARTESIAN_POINT('',(0.253333333333,-0.253333333333,
    6.366666666667));
#4089 = VECTOR('',#4090,1.);
#4090 = DIRECTION('',(-0.57735026919,0.57735026919,0.57735026919));
#4091 = ORIENTED_EDGE('',*,*,#3006,.T.);
#4092 = ORIENTED_EDGE('',*,*,#4053,.T.);
#4093 = ORIENTED_EDGE('',*,*,#4094,.F.);
#4094 = EDGE_CURVE('',#4085,#4054,#4095,.T.);
#4095 = LINE('',#4096,#4097);
#4096 = CARTESIAN_POINT('',(0.32,-0.12,6.5));
#4097 = VECTOR('',#4098,1.);
#4098 = DIRECTION('',(-1.,1.224646799147E-16,0.));
#4099 = PLANE('',#4100);
#4100 = AXIS2_PLACEMENT_3D('',#4101,#4102,#4103);
#4101 = CARTESIAN_POINT('',(0.32,-0.22,6.4));
#4102 = DIRECTION('',(-8.833102285013E-17,-0.707106781187,0.707106781187
    ));
#4103 = DIRECTION('',(1.,-1.236918052038E-16,1.227125289097E-18));
#4104 = ADVANCED_FACE('',(#4105),#4123,.T.);
#4105 = FACE_BOUND('',#4106,.F.);
#4106 = EDGE_LOOP('',(#4107,#4108,#4116,#4122));
#4107 = ORIENTED_EDGE('',*,*,#4084,.T.);
#4108 = ORIENTED_EDGE('',*,*,#4109,.T.);
#4109 = EDGE_CURVE('',#4085,#4110,#4112,.T.);
#4110 = VERTEX_POINT('',#4111);
#4111 = CARTESIAN_POINT('',(0.12,0.12,6.5));
#4112 = LINE('',#4113,#4114);
#4113 = CARTESIAN_POINT('',(0.12,-0.32,6.5));
#4114 = VECTOR('',#4115,1.);
#4115 = DIRECTION('',(1.224646799147E-16,1.,0.));
#4116 = ORIENTED_EDGE('',*,*,#4117,.T.);
#4117 = EDGE_CURVE('',#4110,#3023,#4118,.T.);
#4118 = LINE('',#4119,#4120);
#4119 = CARTESIAN_POINT('',(0.146666666667,0.146666666667,6.473333333333
    ));
#4120 = VECTOR('',#4121,1.);
#4121 = DIRECTION('',(0.57735026919,0.57735026919,-0.57735026919));
#4122 = ORIENTED_EDGE('',*,*,#3022,.F.);
#4123 = PLANE('',#4124);
#4124 = AXIS2_PLACEMENT_3D('',#4125,#4126,#4127);
#4125 = CARTESIAN_POINT('',(0.22,-0.32,6.4));
#4126 = DIRECTION('',(0.707106781187,-8.833102285013E-17,0.707106781187)
  );
#4127 = DIRECTION('',(-1.236918052038E-16,-1.,-1.227125289097E-18));
#4128 = ADVANCED_FACE('',(#4129),#4140,.T.);
#4129 = FACE_BOUND('',#4130,.F.);
#4130 = EDGE_LOOP('',(#4131,#4132,#4138,#4139));
#4131 = ORIENTED_EDGE('',*,*,#4117,.F.);
#4132 = ORIENTED_EDGE('',*,*,#4133,.T.);
#4133 = EDGE_CURVE('',#4110,#4062,#4134,.T.);
#4134 = LINE('',#4135,#4136);
#4135 = CARTESIAN_POINT('',(0.32,0.12,6.5));
#4136 = VECTOR('',#4137,1.);
#4137 = DIRECTION('',(-1.,1.224646799147E-16,0.));
#4138 = ORIENTED_EDGE('',*,*,#4069,.T.);
#4139 = ORIENTED_EDGE('',*,*,#3045,.F.);
#4140 = PLANE('',#4141);
#4141 = AXIS2_PLACEMENT_3D('',#4142,#4143,#4144);
#4142 = CARTESIAN_POINT('',(0.32,0.22,6.4));
#4143 = DIRECTION('',(8.833102285013E-17,0.707106781187,0.707106781187)
  );
#4144 = DIRECTION('',(1.,-1.236918052038E-16,-1.227125289097E-18));
#4145 = ADVANCED_FACE('',(#4146),#4187,.F.);
#4146 = FACE_BOUND('',#4147,.T.);
#4147 = EDGE_LOOP('',(#4148,#4158,#4166,#4174,#4180,#4181));
#4148 = ORIENTED_EDGE('',*,*,#4149,.F.);
#4149 = EDGE_CURVE('',#4150,#4152,#4154,.T.);
#4150 = VERTEX_POINT('',#4151);
#4151 = CARTESIAN_POINT('',(-0.12,0.12,-3.4));
#4152 = VERTEX_POINT('',#4153);
#4153 = CARTESIAN_POINT('',(-0.317552593066,0.351192514695,
    -3.202447406934));
#4154 = LINE('',#4155,#4156);
#4155 = CARTESIAN_POINT('',(-0.153849098111,0.159613036666,
    -3.366150901889));
#4156 = VECTOR('',#4157,1.);
#4157 = DIRECTION('',(-0.544770019249,0.63753529491,0.544770019249));
#4158 = ORIENTED_EDGE('',*,*,#4159,.T.);
#4159 = EDGE_CURVE('',#4150,#4160,#4162,.T.);
#4160 = VERTEX_POINT('',#4161);
#4161 = CARTESIAN_POINT('',(-0.12,-0.12,-3.4));
#4162 = LINE('',#4163,#4164);
#4163 = CARTESIAN_POINT('',(-0.12,0.32,-3.4));
#4164 = VECTOR('',#4165,1.);
#4165 = DIRECTION('',(-1.224646799147E-16,-1.,0.));
#4166 = ORIENTED_EDGE('',*,*,#4167,.T.);
#4167 = EDGE_CURVE('',#4160,#4168,#4170,.T.);
#4168 = VERTEX_POINT('',#4169);
#4169 = CARTESIAN_POINT('',(-0.317552593066,-0.288807485305,
    -3.202447406934));
#4170 = LINE('',#4171,#4172);
#4171 = CARTESIAN_POINT('',(-3.848855660758E-02,-5.034896900541E-02,
    -3.481511443392));
#4172 = VECTOR('',#4173,1.);
#4173 = DIRECTION('',(-0.605209817607,-0.517148096144,0.605209817607));
#4174 = ORIENTED_EDGE('',*,*,#4175,.T.);
#4175 = EDGE_CURVE('',#4168,#3064,#4176,.T.);
#4176 = LINE('',#4177,#4178);
#4177 = CARTESIAN_POINT('',(-8.569083447332E-02,-0.325417236662,
    -3.434309165527));
#4178 = VECTOR('',#4179,1.);
#4179 = DIRECTION('',(-0.702740385383,0.110959008218,0.702740385383));
#4180 = ORIENTED_EDGE('',*,*,#3061,.F.);
#4181 = ORIENTED_EDGE('',*,*,#4182,.F.);
#4182 = EDGE_CURVE('',#4152,#3062,#4183,.T.);
#4183 = LINE('',#4184,#4185);
#4184 = CARTESIAN_POINT('',(-0.541586867305,0.386566347469,
    -2.978413132695));
#4185 = VECTOR('',#4186,1.);
#4186 = DIRECTION('',(-0.702740385383,0.110959008218,0.702740385383));
#4187 = PLANE('',#4188);
#4188 = AXIS2_PLACEMENT_3D('',#4189,#4190,#4191);
#4189 = CARTESIAN_POINT('',(-0.22,0.32,-3.3));
#4190 = DIRECTION('',(0.707106781187,-8.833102285013E-17,0.707106781187)
  );
#4191 = DIRECTION('',(1.236918052038E-16,1.,1.227125289097E-18));
#4192 = ADVANCED_FACE('',(#4193),#4218,.F.);
#4193 = FACE_BOUND('',#4194,.F.);
#4194 = EDGE_LOOP('',(#4195,#4196,#4202,#4203,#4204,#4212));
#4195 = ORIENTED_EDGE('',*,*,#3190,.F.);
#4196 = ORIENTED_EDGE('',*,*,#4197,.T.);
#4197 = EDGE_CURVE('',#3183,#3103,#4198,.T.);
#4198 = LINE('',#4199,#4200);
#4199 = CARTESIAN_POINT('',(0.32,0.62,-1.5));
#4200 = VECTOR('',#4201,1.);
#4201 = DIRECTION('',(-1.,1.224646799147E-16,0.));
#4202 = ORIENTED_EDGE('',*,*,#3110,.T.);
#4203 = ORIENTED_EDGE('',*,*,#4182,.F.);
#4204 = ORIENTED_EDGE('',*,*,#4205,.F.);
#4205 = EDGE_CURVE('',#4206,#4152,#4208,.T.);
#4206 = VERTEX_POINT('',#4207);
#4207 = CARTESIAN_POINT('',(0.317552593066,0.351192514695,
    -3.202447406934));
#4208 = LINE('',#4209,#4210);
#4209 = CARTESIAN_POINT('',(0.32,0.351192514695,-3.202447406934));
#4210 = VECTOR('',#4211,1.);
#4211 = DIRECTION('',(-1.,1.224646799147E-16,0.));
#4212 = ORIENTED_EDGE('',*,*,#4213,.T.);
#4213 = EDGE_CURVE('',#4206,#3149,#4214,.T.);
#4214 = LINE('',#4215,#4216);
#4215 = CARTESIAN_POINT('',(0.699616963064,0.411518467852,
    -2.820383036936));
#4216 = VECTOR('',#4217,1.);
#4217 = DIRECTION('',(0.702740385383,0.110959008218,0.702740385383));
#4218 = PLANE('',#4219);
#4219 = AXIS2_PLACEMENT_3D('',#4220,#4221,#4222);
#4220 = CARTESIAN_POINT('',(0.32,0.62,-1.5));
#4221 = DIRECTION('',(-1.209660753807E-16,-0.987762965329,0.155962573473
    ));
#4222 = DIRECTION('',(-1.909990663905E-17,-0.155962573473,
    -0.987762965329));
#4223 = ADVANCED_FACE('',(#4224),#4230,.F.);
#4224 = FACE_BOUND('',#4225,.F.);
#4225 = EDGE_LOOP('',(#4226,#4227,#4228,#4229));
#4226 = ORIENTED_EDGE('',*,*,#3207,.T.);
#4227 = ORIENTED_EDGE('',*,*,#3102,.T.);
#4228 = ORIENTED_EDGE('',*,*,#4197,.F.);
#4229 = ORIENTED_EDGE('',*,*,#3182,.F.);
#4230 = PLANE('',#4231);
#4231 = AXIS2_PLACEMENT_3D('',#4232,#4233,#4234);
#4232 = CARTESIAN_POINT('',(0.32,0.32,-0.9));
#4233 = DIRECTION('',(-1.095357396528E-16,-0.894427191,-0.4472135955));
#4234 = DIRECTION('',(5.476786982641E-17,0.4472135955,-0.894427191));
#4235 = ADVANCED_FACE('',(#4236),#4247,.F.);
#4236 = FACE_BOUND('',#4237,.F.);
#4237 = EDGE_LOOP('',(#4238,#4244,#4245,#4246));
#4238 = ORIENTED_EDGE('',*,*,#4239,.T.);
#4239 = EDGE_CURVE('',#3159,#3072,#4240,.T.);
#4240 = LINE('',#4241,#4242);
#4241 = CARTESIAN_POINT('',(0.32,-2.E-02,-1.5));
#4242 = VECTOR('',#4243,1.);
#4243 = DIRECTION('',(-1.,1.224646799147E-16,0.));
#4244 = ORIENTED_EDGE('',*,*,#3079,.T.);
#4245 = ORIENTED_EDGE('',*,*,#3132,.F.);
#4246 = ORIENTED_EDGE('',*,*,#3166,.F.);
#4247 = PLANE('',#4248);
#4248 = AXIS2_PLACEMENT_3D('',#4249,#4250,#4251);
#4249 = CARTESIAN_POINT('',(0.32,-2.E-02,-1.5));
#4250 = DIRECTION('',(1.095357396528E-16,0.894427191,0.4472135955));
#4251 = DIRECTION('',(-5.476786982641E-17,-0.4472135955,0.894427191));
#4252 = ADVANCED_FACE('',(#4253),#4273,.F.);
#4253 = FACE_BOUND('',#4254,.F.);
#4254 = EDGE_LOOP('',(#4255,#4256,#4264,#4270,#4271,#4272));
#4255 = ORIENTED_EDGE('',*,*,#3158,.F.);
#4256 = ORIENTED_EDGE('',*,*,#4257,.F.);
#4257 = EDGE_CURVE('',#4258,#3151,#4260,.T.);
#4258 = VERTEX_POINT('',#4259);
#4259 = CARTESIAN_POINT('',(0.317552593066,-0.288807485305,
    -3.202447406934));
#4260 = LINE('',#4261,#4262);
#4261 = CARTESIAN_POINT('',(0.243720930233,-0.300465116279,
    -3.276279069767));
#4262 = VECTOR('',#4263,1.);
#4263 = DIRECTION('',(0.702740385383,0.110959008218,0.702740385383));
#4264 = ORIENTED_EDGE('',*,*,#4265,.T.);
#4265 = EDGE_CURVE('',#4258,#4168,#4266,.T.);
#4266 = LINE('',#4267,#4268);
#4267 = CARTESIAN_POINT('',(0.32,-0.288807485305,-3.202447406934));
#4268 = VECTOR('',#4269,1.);
#4269 = DIRECTION('',(-1.,1.224646799147E-16,0.));
#4270 = ORIENTED_EDGE('',*,*,#4175,.T.);
#4271 = ORIENTED_EDGE('',*,*,#3071,.T.);
#4272 = ORIENTED_EDGE('',*,*,#4239,.F.);
#4273 = PLANE('',#4274);
#4274 = AXIS2_PLACEMENT_3D('',#4275,#4276,#4277);
#4275 = CARTESIAN_POINT('',(0.32,-0.32,-3.4));
#4276 = DIRECTION('',(1.209660753807E-16,0.987762965329,-0.155962573473)
  );
#4277 = DIRECTION('',(1.909990663905E-17,0.155962573473,0.987762965329)
  );
#4278 = ADVANCED_FACE('',(#4279),#4306,.T.);
#4279 = FACE_BOUND('',#4280,.F.);
#4280 = EDGE_LOOP('',(#4281,#4289,#4297,#4303,#4304,#4305));
#4281 = ORIENTED_EDGE('',*,*,#4282,.F.);
#4282 = EDGE_CURVE('',#4283,#4206,#4285,.T.);
#4283 = VERTEX_POINT('',#4284);
#4284 = CARTESIAN_POINT('',(0.12,0.12,-3.4));
#4285 = LINE('',#4286,#4287);
#4286 = CARTESIAN_POINT('',(0.24881689775,0.270752273427,-3.27118310225)
  );
#4287 = VECTOR('',#4288,1.);
#4288 = DIRECTION('',(0.544770019249,0.63753529491,0.544770019249));
#4289 = ORIENTED_EDGE('',*,*,#4290,.T.);
#4290 = EDGE_CURVE('',#4283,#4291,#4293,.T.);
#4291 = VERTEX_POINT('',#4292);
#4292 = CARTESIAN_POINT('',(0.12,-0.12,-3.4));
#4293 = LINE('',#4294,#4295);
#4294 = CARTESIAN_POINT('',(0.12,0.32,-3.4));
#4295 = VECTOR('',#4296,1.);
#4296 = DIRECTION('',(-1.224646799147E-16,-1.,0.));
#4297 = ORIENTED_EDGE('',*,*,#4298,.T.);
#4298 = EDGE_CURVE('',#4291,#4258,#4299,.T.);
#4299 = LINE('',#4300,#4301);
#4300 = CARTESIAN_POINT('',(0.155697812072,-0.150503562587,
    -3.364302187928));
#4301 = VECTOR('',#4302,1.);
#4302 = DIRECTION('',(0.605209817607,-0.517148096144,0.605209817607));
#4303 = ORIENTED_EDGE('',*,*,#4257,.T.);
#4304 = ORIENTED_EDGE('',*,*,#3148,.F.);
#4305 = ORIENTED_EDGE('',*,*,#4213,.F.);
#4306 = PLANE('',#4307);
#4307 = AXIS2_PLACEMENT_3D('',#4308,#4309,#4310);
#4308 = CARTESIAN_POINT('',(0.22,0.32,-3.3));
#4309 = DIRECTION('',(0.707106781187,-8.486018839685E-17,-0.707106781187
    ));
#4310 = DIRECTION('',(1.212375546256E-16,1.,1.227125289196E-18));
#4311 = ADVANCED_FACE('',(#4312),#4337,.T.);
#4312 = FACE_BOUND('',#4313,.F.);
#4313 = EDGE_LOOP('',(#4314,#4322,#4330,#4336));
#4314 = ORIENTED_EDGE('',*,*,#4315,.F.);
#4315 = EDGE_CURVE('',#4316,#3222,#4318,.T.);
#4316 = VERTEX_POINT('',#4317);
#4317 = CARTESIAN_POINT('',(2.62,0.12,-3.4));
#4318 = LINE('',#4319,#4320);
#4319 = CARTESIAN_POINT('',(2.753333333333,0.253333333333,
    -3.266666666667));
#4320 = VECTOR('',#4321,1.);
#4321 = DIRECTION('',(0.57735026919,0.57735026919,0.57735026919));
#4322 = ORIENTED_EDGE('',*,*,#4323,.T.);
#4323 = EDGE_CURVE('',#4316,#4324,#4326,.T.);
#4324 = VERTEX_POINT('',#4325);
#4325 = CARTESIAN_POINT('',(2.62,-0.12,-3.4));
#4326 = LINE('',#4327,#4328);
#4327 = CARTESIAN_POINT('',(2.62,0.32,-3.4));
#4328 = VECTOR('',#4329,1.);
#4329 = DIRECTION('',(-1.224646799147E-16,-1.,0.));
#4330 = ORIENTED_EDGE('',*,*,#4331,.T.);
#4331 = EDGE_CURVE('',#4324,#3224,#4332,.T.);
#4332 = LINE('',#4333,#4334);
#4333 = CARTESIAN_POINT('',(2.646666666667,-0.146666666667,
    -3.373333333333));
#4334 = VECTOR('',#4335,1.);
#4335 = DIRECTION('',(0.57735026919,-0.57735026919,0.57735026919));
#4336 = ORIENTED_EDGE('',*,*,#3221,.F.);
#4337 = PLANE('',#4338);
#4338 = AXIS2_PLACEMENT_3D('',#4339,#4340,#4341);
#4339 = CARTESIAN_POINT('',(2.72,0.32,-3.3));
#4340 = DIRECTION('',(0.707106781187,-8.486018839685E-17,-0.707106781187
    ));
#4341 = DIRECTION('',(1.212375546256E-16,1.,1.227125289196E-18));
#4342 = ADVANCED_FACE('',(#4343),#4361,.T.);
#4343 = FACE_BOUND('',#4344,.T.);
#4344 = EDGE_LOOP('',(#4345,#4346,#4354,#4360));
#4345 = ORIENTED_EDGE('',*,*,#4315,.F.);
#4346 = ORIENTED_EDGE('',*,*,#4347,.T.);
#4347 = EDGE_CURVE('',#4316,#4348,#4350,.T.);
#4348 = VERTEX_POINT('',#4349);
#4349 = CARTESIAN_POINT('',(2.38,0.12,-3.4));
#4350 = LINE('',#4351,#4352);
#4351 = CARTESIAN_POINT('',(2.82,0.12,-3.4));
#4352 = VECTOR('',#4353,1.);
#4353 = DIRECTION('',(-1.,1.224646799147E-16,0.));
#4354 = ORIENTED_EDGE('',*,*,#4355,.T.);
#4355 = EDGE_CURVE('',#4348,#3255,#4356,.T.);
#4356 = LINE('',#4357,#4358);
#4357 = CARTESIAN_POINT('',(2.353333333333,0.146666666667,
    -3.373333333333));
#4358 = VECTOR('',#4359,1.);
#4359 = DIRECTION('',(-0.57735026919,0.57735026919,0.57735026919));
#4360 = ORIENTED_EDGE('',*,*,#3262,.F.);
#4361 = PLANE('',#4362);
#4362 = AXIS2_PLACEMENT_3D('',#4363,#4364,#4365);
#4363 = CARTESIAN_POINT('',(2.82,0.22,-3.3));
#4364 = DIRECTION('',(8.486018839685E-17,0.707106781187,-0.707106781187)
  );
#4365 = DIRECTION('',(-1.,1.212375546256E-16,1.227125289196E-18));
#4366 = ADVANCED_FACE('',(#4367),#4385,.F.);
#4367 = FACE_BOUND('',#4368,.T.);
#4368 = EDGE_LOOP('',(#4369,#4370,#4378,#4384));
#4369 = ORIENTED_EDGE('',*,*,#4355,.F.);
#4370 = ORIENTED_EDGE('',*,*,#4371,.T.);
#4371 = EDGE_CURVE('',#4348,#4372,#4374,.T.);
#4372 = VERTEX_POINT('',#4373);
#4373 = CARTESIAN_POINT('',(2.38,-0.12,-3.4));
#4374 = LINE('',#4375,#4376);
#4375 = CARTESIAN_POINT('',(2.38,0.32,-3.4));
#4376 = VECTOR('',#4377,1.);
#4377 = DIRECTION('',(-1.224646799147E-16,-1.,0.));
#4378 = ORIENTED_EDGE('',*,*,#4379,.T.);
#4379 = EDGE_CURVE('',#4372,#3277,#4380,.T.);
#4380 = LINE('',#4381,#4382);
#4381 = CARTESIAN_POINT('',(2.46,-4.E-02,-3.48));
#4382 = VECTOR('',#4383,1.);
#4383 = DIRECTION('',(-0.57735026919,-0.57735026919,0.57735026919));
#4384 = ORIENTED_EDGE('',*,*,#3276,.F.);
#4385 = PLANE('',#4386);
#4386 = AXIS2_PLACEMENT_3D('',#4387,#4388,#4389);
#4387 = CARTESIAN_POINT('',(2.28,0.32,-3.3));
#4388 = DIRECTION('',(0.707106781187,-8.833102285013E-17,0.707106781187)
  );
#4389 = DIRECTION('',(1.236918052038E-16,1.,1.227125289097E-18));
#4390 = ADVANCED_FACE('',(#4391),#4402,.T.);
#4391 = FACE_BOUND('',#4392,.F.);
#4392 = EDGE_LOOP('',(#4393,#4394,#4400,#4401));
#4393 = ORIENTED_EDGE('',*,*,#4331,.F.);
#4394 = ORIENTED_EDGE('',*,*,#4395,.T.);
#4395 = EDGE_CURVE('',#4324,#4372,#4396,.T.);
#4396 = LINE('',#4397,#4398);
#4397 = CARTESIAN_POINT('',(2.82,-0.12,-3.4));
#4398 = VECTOR('',#4399,1.);
#4399 = DIRECTION('',(-1.,1.224646799147E-16,0.));
#4400 = ORIENTED_EDGE('',*,*,#4379,.T.);
#4401 = ORIENTED_EDGE('',*,*,#3301,.F.);
#4402 = PLANE('',#4403);
#4403 = AXIS2_PLACEMENT_3D('',#4404,#4405,#4406);
#4404 = CARTESIAN_POINT('',(2.82,-0.22,-3.3));
#4405 = DIRECTION('',(-8.486018839685E-17,-0.707106781187,
    -0.707106781187));
#4406 = DIRECTION('',(1.,-1.212375546256E-16,1.227125289196E-18));
#4407 = ADVANCED_FACE('',(#4408),#4433,.T.);
#4408 = FACE_BOUND('',#4409,.F.);
#4409 = EDGE_LOOP('',(#4410,#4418,#4426,#4432));
#4410 = ORIENTED_EDGE('',*,*,#4411,.F.);
#4411 = EDGE_CURVE('',#4412,#3318,#4414,.T.);
#4412 = VERTEX_POINT('',#4413);
#4413 = CARTESIAN_POINT('',(5.12,0.12,-3.4));
#4414 = LINE('',#4415,#4416);
#4415 = CARTESIAN_POINT('',(5.253333333333,0.253333333333,
    -3.266666666667));
#4416 = VECTOR('',#4417,1.);
#4417 = DIRECTION('',(0.57735026919,0.57735026919,0.57735026919));
#4418 = ORIENTED_EDGE('',*,*,#4419,.T.);
#4419 = EDGE_CURVE('',#4412,#4420,#4422,.T.);
#4420 = VERTEX_POINT('',#4421);
#4421 = CARTESIAN_POINT('',(5.12,-0.12,-3.4));
#4422 = LINE('',#4423,#4424);
#4423 = CARTESIAN_POINT('',(5.12,0.32,-3.4));
#4424 = VECTOR('',#4425,1.);
#4425 = DIRECTION('',(-1.224646799147E-16,-1.,0.));
#4426 = ORIENTED_EDGE('',*,*,#4427,.T.);
#4427 = EDGE_CURVE('',#4420,#3320,#4428,.T.);
#4428 = LINE('',#4429,#4430);
#4429 = CARTESIAN_POINT('',(5.146666666667,-0.146666666667,
    -3.373333333333));
#4430 = VECTOR('',#4431,1.);
#4431 = DIRECTION('',(0.57735026919,-0.57735026919,0.57735026919));
#4432 = ORIENTED_EDGE('',*,*,#3317,.F.);
#4433 = PLANE('',#4434);
#4434 = AXIS2_PLACEMENT_3D('',#4435,#4436,#4437);
#4435 = CARTESIAN_POINT('',(5.22,0.32,-3.3));
#4436 = DIRECTION('',(0.707106781187,-8.486018839685E-17,-0.707106781187
    ));
#4437 = DIRECTION('',(1.212375546256E-16,1.,1.227125289196E-18));
#4438 = ADVANCED_FACE('',(#4439),#4457,.T.);
#4439 = FACE_BOUND('',#4440,.T.);
#4440 = EDGE_LOOP('',(#4441,#4442,#4450,#4456));
#4441 = ORIENTED_EDGE('',*,*,#4411,.F.);
#4442 = ORIENTED_EDGE('',*,*,#4443,.T.);
#4443 = EDGE_CURVE('',#4412,#4444,#4446,.T.);
#4444 = VERTEX_POINT('',#4445);
#4445 = CARTESIAN_POINT('',(4.88,0.12,-3.4));
#4446 = LINE('',#4447,#4448);
#4447 = CARTESIAN_POINT('',(5.32,0.12,-3.4));
#4448 = VECTOR('',#4449,1.);
#4449 = DIRECTION('',(-1.,1.224646799147E-16,0.));
#4450 = ORIENTED_EDGE('',*,*,#4451,.T.);
#4451 = EDGE_CURVE('',#4444,#3351,#4452,.T.);
#4452 = LINE('',#4453,#4454);
#4453 = CARTESIAN_POINT('',(4.853333333333,0.146666666667,
    -3.373333333333));
#4454 = VECTOR('',#4455,1.);
#4455 = DIRECTION('',(-0.57735026919,0.57735026919,0.57735026919));
#4456 = ORIENTED_EDGE('',*,*,#3358,.F.);
#4457 = PLANE('',#4458);
#4458 = AXIS2_PLACEMENT_3D('',#4459,#4460,#4461);
#4459 = CARTESIAN_POINT('',(5.32,0.22,-3.3));
#4460 = DIRECTION('',(8.486018839685E-17,0.707106781187,-0.707106781187)
  );
#4461 = DIRECTION('',(-1.,1.212375546256E-16,1.227125289196E-18));
#4462 = ADVANCED_FACE('',(#4463),#4481,.F.);
#4463 = FACE_BOUND('',#4464,.T.);
#4464 = EDGE_LOOP('',(#4465,#4466,#4474,#4480));
#4465 = ORIENTED_EDGE('',*,*,#4451,.F.);
#4466 = ORIENTED_EDGE('',*,*,#4467,.T.);
#4467 = EDGE_CURVE('',#4444,#4468,#4470,.T.);
#4468 = VERTEX_POINT('',#4469);
#4469 = CARTESIAN_POINT('',(4.88,-0.12,-3.4));
#4470 = LINE('',#4471,#4472);
#4471 = CARTESIAN_POINT('',(4.88,0.32,-3.4));
#4472 = VECTOR('',#4473,1.);
#4473 = DIRECTION('',(-1.224646799147E-16,-1.,0.));
#4474 = ORIENTED_EDGE('',*,*,#4475,.T.);
#4475 = EDGE_CURVE('',#4468,#3373,#4476,.T.);
#4476 = LINE('',#4477,#4478);
#4477 = CARTESIAN_POINT('',(4.96,-4.E-02,-3.48));
#4478 = VECTOR('',#4479,1.);
#4479 = DIRECTION('',(-0.57735026919,-0.57735026919,0.57735026919));
#4480 = ORIENTED_EDGE('',*,*,#3372,.F.);
#4481 = PLANE('',#4482);
#4482 = AXIS2_PLACEMENT_3D('',#4483,#4484,#4485);
#4483 = CARTESIAN_POINT('',(4.78,0.32,-3.3));
#4484 = DIRECTION('',(0.707106781187,-8.833102285013E-17,0.707106781187)
  );
#4485 = DIRECTION('',(1.236918052038E-16,1.,1.227125289097E-18));
#4486 = ADVANCED_FACE('',(#4487),#4498,.T.);
#4487 = FACE_BOUND('',#4488,.F.);
#4488 = EDGE_LOOP('',(#4489,#4490,#4496,#4497));
#4489 = ORIENTED_EDGE('',*,*,#4427,.F.);
#4490 = ORIENTED_EDGE('',*,*,#4491,.T.);
#4491 = EDGE_CURVE('',#4420,#4468,#4492,.T.);
#4492 = LINE('',#4493,#4494);
#4493 = CARTESIAN_POINT('',(5.32,-0.12,-3.4));
#4494 = VECTOR('',#4495,1.);
#4495 = DIRECTION('',(-1.,1.224646799147E-16,0.));
#4496 = ORIENTED_EDGE('',*,*,#4475,.T.);
#4497 = ORIENTED_EDGE('',*,*,#3397,.F.);
#4498 = PLANE('',#4499);
#4499 = AXIS2_PLACEMENT_3D('',#4500,#4501,#4502);
#4500 = CARTESIAN_POINT('',(5.32,-0.22,-3.3));
#4501 = DIRECTION('',(-8.486018839685E-17,-0.707106781187,
    -0.707106781187));
#4502 = DIRECTION('',(1.,-1.212375546256E-16,1.227125289196E-18));
#4503 = ADVANCED_FACE('',(#4504),#4529,.F.);
#4504 = FACE_BOUND('',#4505,.T.);
#4505 = EDGE_LOOP('',(#4506,#4514,#4522,#4528));
#4506 = ORIENTED_EDGE('',*,*,#4507,.F.);
#4507 = EDGE_CURVE('',#4508,#3414,#4510,.T.);
#4508 = VERTEX_POINT('',#4509);
#4509 = CARTESIAN_POINT('',(7.38,0.12,-3.4));
#4510 = LINE('',#4511,#4512);
#4511 = CARTESIAN_POINT('',(7.353333333333,0.146666666667,
    -3.373333333333));
#4512 = VECTOR('',#4513,1.);
#4513 = DIRECTION('',(-0.57735026919,0.57735026919,0.57735026919));
#4514 = ORIENTED_EDGE('',*,*,#4515,.T.);
#4515 = EDGE_CURVE('',#4508,#4516,#4518,.T.);
#4516 = VERTEX_POINT('',#4517);
#4517 = CARTESIAN_POINT('',(7.38,-0.12,-3.4));
#4518 = LINE('',#4519,#4520);
#4519 = CARTESIAN_POINT('',(7.38,0.32,-3.4));
#4520 = VECTOR('',#4521,1.);
#4521 = DIRECTION('',(-1.224646799147E-16,-1.,0.));
#4522 = ORIENTED_EDGE('',*,*,#4523,.T.);
#4523 = EDGE_CURVE('',#4516,#3416,#4524,.T.);
#4524 = LINE('',#4525,#4526);
#4525 = CARTESIAN_POINT('',(7.46,-4.E-02,-3.48));
#4526 = VECTOR('',#4527,1.);
#4527 = DIRECTION('',(-0.57735026919,-0.57735026919,0.57735026919));
#4528 = ORIENTED_EDGE('',*,*,#3413,.F.);
#4529 = PLANE('',#4530);
#4530 = AXIS2_PLACEMENT_3D('',#4531,#4532,#4533);
#4531 = CARTESIAN_POINT('',(7.28,0.32,-3.3));
#4532 = DIRECTION('',(0.707106781187,-8.833102285013E-17,0.707106781187)
  );
#4533 = DIRECTION('',(1.236918052038E-16,1.,1.227125289097E-18));
#4534 = ADVANCED_FACE('',(#4535),#4553,.T.);
#4535 = FACE_BOUND('',#4536,.F.);
#4536 = EDGE_LOOP('',(#4537,#4545,#4551,#4552));
#4537 = ORIENTED_EDGE('',*,*,#4538,.F.);
#4538 = EDGE_CURVE('',#4539,#3445,#4541,.T.);
#4539 = VERTEX_POINT('',#4540);
#4540 = CARTESIAN_POINT('',(7.62,-0.12,-3.4));
#4541 = LINE('',#4542,#4543);
#4542 = CARTESIAN_POINT('',(7.646666666667,-0.146666666667,
    -3.373333333333));
#4543 = VECTOR('',#4544,1.);
#4544 = DIRECTION('',(0.57735026919,-0.57735026919,0.57735026919));
#4545 = ORIENTED_EDGE('',*,*,#4546,.T.);
#4546 = EDGE_CURVE('',#4539,#4516,#4547,.T.);
#4547 = LINE('',#4548,#4549);
#4548 = CARTESIAN_POINT('',(7.82,-0.12,-3.4));
#4549 = VECTOR('',#4550,1.);
#4550 = DIRECTION('',(-1.,1.224646799147E-16,0.));
#4551 = ORIENTED_EDGE('',*,*,#4523,.T.);
#4552 = ORIENTED_EDGE('',*,*,#3452,.F.);
#4553 = PLANE('',#4554);
#4554 = AXIS2_PLACEMENT_3D('',#4555,#4556,#4557);
#4555 = CARTESIAN_POINT('',(7.82,-0.22,-3.3));
#4556 = DIRECTION('',(-8.486018839685E-17,-0.707106781187,
    -0.707106781187));
#4557 = DIRECTION('',(1.,-1.212375546256E-16,1.227125289196E-18));
#4558 = ADVANCED_FACE('',(#4559),#4577,.T.);
#4559 = FACE_BOUND('',#4560,.F.);
#4560 = EDGE_LOOP('',(#4561,#4569,#4575,#4576));
#4561 = ORIENTED_EDGE('',*,*,#4562,.F.);
#4562 = EDGE_CURVE('',#4563,#3469,#4565,.T.);
#4563 = VERTEX_POINT('',#4564);
#4564 = CARTESIAN_POINT('',(7.62,0.12,-3.4));
#4565 = LINE('',#4566,#4567);
#4566 = CARTESIAN_POINT('',(7.753333333333,0.253333333333,
    -3.266666666667));
#4567 = VECTOR('',#4568,1.);
#4568 = DIRECTION('',(0.57735026919,0.57735026919,0.57735026919));
#4569 = ORIENTED_EDGE('',*,*,#4570,.T.);
#4570 = EDGE_CURVE('',#4563,#4539,#4571,.T.);
#4571 = LINE('',#4572,#4573);
#4572 = CARTESIAN_POINT('',(7.62,0.32,-3.4));
#4573 = VECTOR('',#4574,1.);
#4574 = DIRECTION('',(-1.224646799147E-16,-1.,0.));
#4575 = ORIENTED_EDGE('',*,*,#4538,.T.);
#4576 = ORIENTED_EDGE('',*,*,#3468,.F.);
#4577 = PLANE('',#4578);
#4578 = AXIS2_PLACEMENT_3D('',#4579,#4580,#4581);
#4579 = CARTESIAN_POINT('',(7.72,0.32,-3.3));
#4580 = DIRECTION('',(0.707106781187,-8.486018839685E-17,-0.707106781187
    ));
#4581 = DIRECTION('',(1.212375546256E-16,1.,1.227125289196E-18));
#4582 = ADVANCED_FACE('',(#4583),#4594,.T.);
#4583 = FACE_BOUND('',#4584,.T.);
#4584 = EDGE_LOOP('',(#4585,#4586,#4592,#4593));
#4585 = ORIENTED_EDGE('',*,*,#4562,.F.);
#4586 = ORIENTED_EDGE('',*,*,#4587,.T.);
#4587 = EDGE_CURVE('',#4563,#4508,#4588,.T.);
#4588 = LINE('',#4589,#4590);
#4589 = CARTESIAN_POINT('',(7.82,0.12,-3.4));
#4590 = VECTOR('',#4591,1.);
#4591 = DIRECTION('',(-1.,1.224646799147E-16,0.));
#4592 = ORIENTED_EDGE('',*,*,#4507,.T.);
#4593 = ORIENTED_EDGE('',*,*,#3495,.F.);
#4594 = PLANE('',#4595);
#4595 = AXIS2_PLACEMENT_3D('',#4596,#4597,#4598);
#4596 = CARTESIAN_POINT('',(7.82,0.22,-3.3));
#4597 = DIRECTION('',(8.486018839685E-17,0.707106781187,-0.707106781187)
  );
#4598 = DIRECTION('',(-1.,1.212375546256E-16,1.227125289196E-18));
#4599 = ADVANCED_FACE('',(#4600),#4611,.F.);
#4600 = FACE_BOUND('',#4601,.F.);
#4601 = EDGE_LOOP('',(#4602,#4603,#4604,#4610));
#4602 = ORIENTED_EDGE('',*,*,#3526,.T.);
#4603 = ORIENTED_EDGE('',*,*,#3574,.T.);
#4604 = ORIENTED_EDGE('',*,*,#4605,.F.);
#4605 = EDGE_CURVE('',#3648,#3575,#4606,.T.);
#4606 = LINE('',#4607,#4608);
#4607 = CARTESIAN_POINT('',(10.32,0.62,-1.5));
#4608 = VECTOR('',#4609,1.);
#4609 = DIRECTION('',(-1.,1.224646799147E-16,0.));
#4610 = ORIENTED_EDGE('',*,*,#3647,.F.);
#4611 = PLANE('',#4612);
#4612 = AXIS2_PLACEMENT_3D('',#4613,#4614,#4615);
#4613 = CARTESIAN_POINT('',(10.32,0.32,-0.9));
#4614 = DIRECTION('',(-1.095357396528E-16,-0.894427191,-0.4472135955));
#4615 = DIRECTION('',(5.476786982641E-17,0.4472135955,-0.894427191));
#4616 = ADVANCED_FACE('',(#4617),#4658,.F.);
#4617 = FACE_BOUND('',#4618,.T.);
#4618 = EDGE_LOOP('',(#4619,#4629,#4637,#4645,#4651,#4652));
#4619 = ORIENTED_EDGE('',*,*,#4620,.F.);
#4620 = EDGE_CURVE('',#4621,#4623,#4625,.T.);
#4621 = VERTEX_POINT('',#4622);
#4622 = CARTESIAN_POINT('',(9.88,0.12,-3.4));
#4623 = VERTEX_POINT('',#4624);
#4624 = CARTESIAN_POINT('',(9.682447406934,0.351192514695,
    -3.202447406934));
#4625 = LINE('',#4626,#4627);
#4626 = CARTESIAN_POINT('',(9.846150901889,0.159613036666,
    -3.366150901889));
#4627 = VECTOR('',#4628,1.);
#4628 = DIRECTION('',(-0.544770019249,0.63753529491,0.544770019249));
#4629 = ORIENTED_EDGE('',*,*,#4630,.T.);
#4630 = EDGE_CURVE('',#4621,#4631,#4633,.T.);
#4631 = VERTEX_POINT('',#4632);
#4632 = CARTESIAN_POINT('',(9.88,-0.12,-3.4));
#4633 = LINE('',#4634,#4635);
#4634 = CARTESIAN_POINT('',(9.88,0.32,-3.4));
#4635 = VECTOR('',#4636,1.);
#4636 = DIRECTION('',(-1.224646799147E-16,-1.,0.));
#4637 = ORIENTED_EDGE('',*,*,#4638,.T.);
#4638 = EDGE_CURVE('',#4631,#4639,#4641,.T.);
#4639 = VERTEX_POINT('',#4640);
#4640 = CARTESIAN_POINT('',(9.682447406934,-0.288807485305,
    -3.202447406934));
#4641 = LINE('',#4642,#4643);
#4642 = CARTESIAN_POINT('',(9.961511443392,-5.034896900541E-02,
    -3.481511443392));
#4643 = VECTOR('',#4644,1.);
#4644 = DIRECTION('',(-0.605209817607,-0.517148096144,0.605209817607));
#4645 = ORIENTED_EDGE('',*,*,#4646,.T.);
#4646 = EDGE_CURVE('',#4639,#3543,#4647,.T.);
#4647 = LINE('',#4648,#4649);
#4648 = CARTESIAN_POINT('',(9.914309165527,-0.325417236662,
    -3.434309165527));
#4649 = VECTOR('',#4650,1.);
#4650 = DIRECTION('',(-0.702740385383,0.110959008218,0.702740385383));
#4651 = ORIENTED_EDGE('',*,*,#3540,.F.);
#4652 = ORIENTED_EDGE('',*,*,#4653,.F.);
#4653 = EDGE_CURVE('',#4623,#3541,#4654,.T.);
#4654 = LINE('',#4655,#4656);
#4655 = CARTESIAN_POINT('',(9.458413132695,0.386566347469,
    -2.978413132695));
#4656 = VECTOR('',#4657,1.);
#4657 = DIRECTION('',(-0.702740385383,0.110959008218,0.702740385383));
#4658 = PLANE('',#4659);
#4659 = AXIS2_PLACEMENT_3D('',#4660,#4661,#4662);
#4660 = CARTESIAN_POINT('',(9.78,0.32,-3.3));
#4661 = DIRECTION('',(0.707106781187,-8.833102285013E-17,0.707106781187)
  );
#4662 = DIRECTION('',(1.236918052038E-16,1.,1.227125289097E-18));
#4663 = ADVANCED_FACE('',(#4664),#4684,.F.);
#4664 = FACE_BOUND('',#4665,.F.);
#4665 = EDGE_LOOP('',(#4666,#4667,#4668,#4669,#4670,#4678));
#4666 = ORIENTED_EDGE('',*,*,#3655,.F.);
#4667 = ORIENTED_EDGE('',*,*,#4605,.T.);
#4668 = ORIENTED_EDGE('',*,*,#3582,.T.);
#4669 = ORIENTED_EDGE('',*,*,#4653,.F.);
#4670 = ORIENTED_EDGE('',*,*,#4671,.F.);
#4671 = EDGE_CURVE('',#4672,#4623,#4674,.T.);
#4672 = VERTEX_POINT('',#4673);
#4673 = CARTESIAN_POINT('',(10.317552593066,0.351192514695,
    -3.202447406934));
#4674 = LINE('',#4675,#4676);
#4675 = CARTESIAN_POINT('',(10.32,0.351192514695,-3.202447406934));
#4676 = VECTOR('',#4677,1.);
#4677 = DIRECTION('',(-1.,1.224646799147E-16,0.));
#4678 = ORIENTED_EDGE('',*,*,#4679,.T.);
#4679 = EDGE_CURVE('',#4672,#3621,#4680,.T.);
#4680 = LINE('',#4681,#4682);
#4681 = CARTESIAN_POINT('',(10.699616963064,0.411518467852,
    -2.820383036936));
#4682 = VECTOR('',#4683,1.);
#4683 = DIRECTION('',(0.702740385383,0.110959008218,0.702740385383));
#4684 = PLANE('',#4685);
#4685 = AXIS2_PLACEMENT_3D('',#4686,#4687,#4688);
#4686 = CARTESIAN_POINT('',(10.32,0.62,-1.5));
#4687 = DIRECTION('',(-1.209660753807E-16,-0.987762965329,0.155962573473
    ));
#4688 = DIRECTION('',(-1.909990663905E-17,-0.155962573473,
    -0.987762965329));
#4689 = ADVANCED_FACE('',(#4690),#4701,.F.);
#4690 = FACE_BOUND('',#4691,.F.);
#4691 = EDGE_LOOP('',(#4692,#4698,#4699,#4700));
#4692 = ORIENTED_EDGE('',*,*,#4693,.T.);
#4693 = EDGE_CURVE('',#3631,#3551,#4694,.T.);
#4694 = LINE('',#4695,#4696);
#4695 = CARTESIAN_POINT('',(10.32,-2.E-02,-1.5));
#4696 = VECTOR('',#4697,1.);
#4697 = DIRECTION('',(-1.,1.224646799147E-16,0.));
#4698 = ORIENTED_EDGE('',*,*,#3558,.T.);
#4699 = ORIENTED_EDGE('',*,*,#3604,.F.);
#4700 = ORIENTED_EDGE('',*,*,#3638,.F.);
#4701 = PLANE('',#4702);
#4702 = AXIS2_PLACEMENT_3D('',#4703,#4704,#4705);
#4703 = CARTESIAN_POINT('',(10.32,-2.E-02,-1.5));
#4704 = DIRECTION('',(1.095357396528E-16,0.894427191,0.4472135955));
#4705 = DIRECTION('',(-5.476786982641E-17,-0.4472135955,0.894427191));
#4706 = ADVANCED_FACE('',(#4707),#4727,.F.);
#4707 = FACE_BOUND('',#4708,.F.);
#4708 = EDGE_LOOP('',(#4709,#4710,#4718,#4724,#4725,#4726));
#4709 = ORIENTED_EDGE('',*,*,#3630,.F.);
#4710 = ORIENTED_EDGE('',*,*,#4711,.F.);
#4711 = EDGE_CURVE('',#4712,#3623,#4714,.T.);
#4712 = VERTEX_POINT('',#4713);
#4713 = CARTESIAN_POINT('',(10.317552593066,-0.288807485305,
    -3.202447406934));
#4714 = LINE('',#4715,#4716);
#4715 = CARTESIAN_POINT('',(10.243720930233,-0.300465116279,
    -3.276279069767));
#4716 = VECTOR('',#4717,1.);
#4717 = DIRECTION('',(0.702740385383,0.110959008218,0.702740385383));
#4718 = ORIENTED_EDGE('',*,*,#4719,.T.);
#4719 = EDGE_CURVE('',#4712,#4639,#4720,.T.);
#4720 = LINE('',#4721,#4722);
#4721 = CARTESIAN_POINT('',(10.32,-0.288807485305,-3.202447406934));
#4722 = VECTOR('',#4723,1.);
#4723 = DIRECTION('',(-1.,1.224646799147E-16,0.));
#4724 = ORIENTED_EDGE('',*,*,#4646,.T.);
#4725 = ORIENTED_EDGE('',*,*,#3550,.T.);
#4726 = ORIENTED_EDGE('',*,*,#4693,.F.);
#4727 = PLANE('',#4728);
#4728 = AXIS2_PLACEMENT_3D('',#4729,#4730,#4731);
#4729 = CARTESIAN_POINT('',(10.32,-0.32,-3.4));
#4730 = DIRECTION('',(1.209660753807E-16,0.987762965329,-0.155962573473)
  );
#4731 = DIRECTION('',(1.909990663905E-17,0.155962573473,0.987762965329)
  );
#4732 = ADVANCED_FACE('',(#4733),#4760,.T.);
#4733 = FACE_BOUND('',#4734,.F.);
#4734 = EDGE_LOOP('',(#4735,#4743,#4751,#4757,#4758,#4759));
#4735 = ORIENTED_EDGE('',*,*,#4736,.F.);
#4736 = EDGE_CURVE('',#4737,#4672,#4739,.T.);
#4737 = VERTEX_POINT('',#4738);
#4738 = CARTESIAN_POINT('',(10.12,0.12,-3.4));
#4739 = LINE('',#4740,#4741);
#4740 = CARTESIAN_POINT('',(10.24881689775,0.270752273427,-3.27118310225
    ));
#4741 = VECTOR('',#4742,1.);
#4742 = DIRECTION('',(0.544770019249,0.63753529491,0.544770019249));
#4743 = ORIENTED_EDGE('',*,*,#4744,.T.);
#4744 = EDGE_CURVE('',#4737,#4745,#4747,.T.);
#4745 = VERTEX_POINT('',#4746);
#4746 = CARTESIAN_POINT('',(10.12,-0.12,-3.4));
#4747 = LINE('',#4748,#4749);
#4748 = CARTESIAN_POINT('',(10.12,0.32,-3.4));
#4749 = VECTOR('',#4750,1.);
#4750 = DIRECTION('',(-1.224646799147E-16,-1.,0.));
#4751 = ORIENTED_EDGE('',*,*,#4752,.T.);
#4752 = EDGE_CURVE('',#4745,#4712,#4753,.T.);
#4753 = LINE('',#4754,#4755);
#4754 = CARTESIAN_POINT('',(10.155697812072,-0.150503562587,
    -3.364302187928));
#4755 = VECTOR('',#4756,1.);
#4756 = DIRECTION('',(0.605209817607,-0.517148096144,0.605209817607));
#4757 = ORIENTED_EDGE('',*,*,#4711,.T.);
#4758 = ORIENTED_EDGE('',*,*,#3620,.F.);
#4759 = ORIENTED_EDGE('',*,*,#4679,.F.);
#4760 = PLANE('',#4761);
#4761 = AXIS2_PLACEMENT_3D('',#4762,#4763,#4764);
#4762 = CARTESIAN_POINT('',(10.22,0.32,-3.3));
#4763 = DIRECTION('',(0.707106781187,-8.486018839685E-17,-0.707106781187
    ));
#4764 = DIRECTION('',(1.212375546256E-16,1.,1.227125289196E-18));
#4765 = ADVANCED_FACE('',(#4766),#4772,.F.);
#4766 = FACE_BOUND('',#4767,.F.);
#4767 = EDGE_LOOP('',(#4768,#4769,#4770,#4771));
#4768 = ORIENTED_EDGE('',*,*,#3701,.F.);
#4769 = ORIENTED_EDGE('',*,*,#3677,.F.);
#4770 = ORIENTED_EDGE('',*,*,#3751,.T.);
#4771 = ORIENTED_EDGE('',*,*,#3732,.T.);
#4772 = PLANE('',#4773);
#4773 = AXIS2_PLACEMENT_3D('',#4774,#4775,#4776);
#4774 = CARTESIAN_POINT('',(5.32,-0.32,6.5));
#4775 = DIRECTION('',(-0.,0.,-1.));
#4776 = DIRECTION('',(1.224646799147E-16,1.,0.));
#4777 = ADVANCED_FACE('',(#4778),#4784,.F.);
#4778 = FACE_BOUND('',#4779,.F.);
#4779 = EDGE_LOOP('',(#4780,#4781,#4782,#4783));
#4780 = ORIENTED_EDGE('',*,*,#3845,.F.);
#4781 = ORIENTED_EDGE('',*,*,#3821,.F.);
#4782 = ORIENTED_EDGE('',*,*,#3806,.T.);
#4783 = ORIENTED_EDGE('',*,*,#3773,.T.);
#4784 = PLANE('',#4785);
#4785 = AXIS2_PLACEMENT_3D('',#4786,#4787,#4788);
#4786 = CARTESIAN_POINT('',(7.82,-0.32,6.5));
#4787 = DIRECTION('',(-0.,0.,-1.));
#4788 = DIRECTION('',(1.224646799147E-16,1.,0.));
#4789 = ADVANCED_FACE('',(#4790),#4796,.F.);
#4790 = FACE_BOUND('',#4791,.F.);
#4791 = EDGE_LOOP('',(#4792,#4793,#4794,#4795));
#4792 = ORIENTED_EDGE('',*,*,#3893,.F.);
#4793 = ORIENTED_EDGE('',*,*,#3869,.F.);
#4794 = ORIENTED_EDGE('',*,*,#3943,.T.);
#4795 = ORIENTED_EDGE('',*,*,#3924,.T.);
#4796 = PLANE('',#4797);
#4797 = AXIS2_PLACEMENT_3D('',#4798,#4799,#4800);
#4798 = CARTESIAN_POINT('',(2.82,-0.32,6.5));
#4799 = DIRECTION('',(-0.,0.,-1.));
#4800 = DIRECTION('',(1.224646799147E-16,1.,0.));
#4801 = ADVANCED_FACE('',(#4802),#4808,.F.);
#4802 = FACE_BOUND('',#4803,.F.);
#4803 = EDGE_LOOP('',(#4804,#4805,#4806,#4807));
#4804 = ORIENTED_EDGE('',*,*,#4022,.T.);
#4805 = ORIENTED_EDGE('',*,*,#3996,.T.);
#4806 = ORIENTED_EDGE('',*,*,#3965,.F.);
#4807 = ORIENTED_EDGE('',*,*,#4037,.F.);
#4808 = PLANE('',#4809);
#4809 = AXIS2_PLACEMENT_3D('',#4810,#4811,#4812);
#4810 = CARTESIAN_POINT('',(10.32,-0.32,6.5));
#4811 = DIRECTION('',(-0.,0.,-1.));
#4812 = DIRECTION('',(1.224646799147E-16,1.,0.));
#4813 = ADVANCED_FACE('',(#4814),#4820,.F.);
#4814 = FACE_BOUND('',#4815,.F.);
#4815 = EDGE_LOOP('',(#4816,#4817,#4818,#4819));
#4816 = ORIENTED_EDGE('',*,*,#4094,.T.);
#4817 = ORIENTED_EDGE('',*,*,#4061,.T.);
#4818 = ORIENTED_EDGE('',*,*,#4133,.F.);
#4819 = ORIENTED_EDGE('',*,*,#4109,.F.);
#4820 = PLANE('',#4821);
#4821 = AXIS2_PLACEMENT_3D('',#4822,#4823,#4824);
#4822 = CARTESIAN_POINT('',(0.32,-0.32,6.5));
#4823 = DIRECTION('',(-0.,0.,-1.));
#4824 = DIRECTION('',(1.224646799147E-16,1.,0.));
#4825 = ADVANCED_FACE('',(#4826),#4837,.T.);
#4826 = FACE_BOUND('',#4827,.T.);
#4827 = EDGE_LOOP('',(#4828,#4829,#4835,#4836));
#4828 = ORIENTED_EDGE('',*,*,#4282,.F.);
#4829 = ORIENTED_EDGE('',*,*,#4830,.T.);
#4830 = EDGE_CURVE('',#4283,#4150,#4831,.T.);
#4831 = LINE('',#4832,#4833);
#4832 = CARTESIAN_POINT('',(0.32,0.12,-3.4));
#4833 = VECTOR('',#4834,1.);
#4834 = DIRECTION('',(-1.,1.224646799147E-16,0.));
#4835 = ORIENTED_EDGE('',*,*,#4149,.T.);
#4836 = ORIENTED_EDGE('',*,*,#4205,.F.);
#4837 = PLANE('',#4838);
#4838 = AXIS2_PLACEMENT_3D('',#4839,#4840,#4841);
#4839 = CARTESIAN_POINT('',(0.32,0.235596257347,-3.301223703467));
#4840 = DIRECTION('',(8.302774088379E-17,0.64962967394,-0.760250805153)
  );
#4841 = DIRECTION('',(-1.,1.247195775152E-16,-2.638869166629E-18));
#4842 = ADVANCED_FACE('',(#4843),#4854,.F.);
#4843 = FACE_BOUND('',#4844,.F.);
#4844 = EDGE_LOOP('',(#4845,#4846,#4847,#4848));
#4845 = ORIENTED_EDGE('',*,*,#4290,.F.);
#4846 = ORIENTED_EDGE('',*,*,#4830,.T.);
#4847 = ORIENTED_EDGE('',*,*,#4159,.T.);
#4848 = ORIENTED_EDGE('',*,*,#4849,.F.);
#4849 = EDGE_CURVE('',#4291,#4160,#4850,.T.);
#4850 = LINE('',#4851,#4852);
#4851 = CARTESIAN_POINT('',(0.32,-0.12,-3.4));
#4852 = VECTOR('',#4853,1.);
#4853 = DIRECTION('',(-1.,1.224646799147E-16,0.));
#4854 = PLANE('',#4855);
#4855 = AXIS2_PLACEMENT_3D('',#4856,#4857,#4858);
#4856 = CARTESIAN_POINT('',(0.32,0.32,-3.4));
#4857 = DIRECTION('',(0.,0.,1.));
#4858 = DIRECTION('',(-1.224646799147E-16,-1.,0.));
#4859 = ADVANCED_FACE('',(#4860),#4866,.T.);
#4860 = FACE_BOUND('',#4861,.F.);
#4861 = EDGE_LOOP('',(#4862,#4863,#4864,#4865));
#4862 = ORIENTED_EDGE('',*,*,#4298,.F.);
#4863 = ORIENTED_EDGE('',*,*,#4849,.T.);
#4864 = ORIENTED_EDGE('',*,*,#4167,.T.);
#4865 = ORIENTED_EDGE('',*,*,#4265,.F.);
#4866 = PLANE('',#4867);
#4867 = AXIS2_PLACEMENT_3D('',#4868,#4869,#4870);
#4868 = CARTESIAN_POINT('',(0.32,-0.204403742653,-3.301223703467));
#4869 = DIRECTION('',(-9.310387150808E-17,-0.760250805153,-0.64962967394
    ));
#4870 = DIRECTION('',(1.,-1.224646799148E-16,-5.515863360725E-29));
#4871 = ADVANCED_FACE('',(#4872),#4878,.F.);
#4872 = FACE_BOUND('',#4873,.F.);
#4873 = EDGE_LOOP('',(#4874,#4875,#4876,#4877));
#4874 = ORIENTED_EDGE('',*,*,#4347,.T.);
#4875 = ORIENTED_EDGE('',*,*,#4371,.T.);
#4876 = ORIENTED_EDGE('',*,*,#4395,.F.);
#4877 = ORIENTED_EDGE('',*,*,#4323,.F.);
#4878 = PLANE('',#4879);
#4879 = AXIS2_PLACEMENT_3D('',#4880,#4881,#4882);
#4880 = CARTESIAN_POINT('',(2.82,0.32,-3.4));
#4881 = DIRECTION('',(0.,0.,1.));
#4882 = DIRECTION('',(-1.224646799147E-16,-1.,0.));
#4883 = ADVANCED_FACE('',(#4884),#4890,.F.);
#4884 = FACE_BOUND('',#4885,.F.);
#4885 = EDGE_LOOP('',(#4886,#4887,#4888,#4889));
#4886 = ORIENTED_EDGE('',*,*,#4443,.T.);
#4887 = ORIENTED_EDGE('',*,*,#4467,.T.);
#4888 = ORIENTED_EDGE('',*,*,#4491,.F.);
#4889 = ORIENTED_EDGE('',*,*,#4419,.F.);
#4890 = PLANE('',#4891);
#4891 = AXIS2_PLACEMENT_3D('',#4892,#4893,#4894);
#4892 = CARTESIAN_POINT('',(5.32,0.32,-3.4));
#4893 = DIRECTION('',(0.,0.,1.));
#4894 = DIRECTION('',(-1.224646799147E-16,-1.,0.));
#4895 = ADVANCED_FACE('',(#4896),#4902,.F.);
#4896 = FACE_BOUND('',#4897,.F.);
#4897 = EDGE_LOOP('',(#4898,#4899,#4900,#4901));
#4898 = ORIENTED_EDGE('',*,*,#4587,.T.);
#4899 = ORIENTED_EDGE('',*,*,#4515,.T.);
#4900 = ORIENTED_EDGE('',*,*,#4546,.F.);
#4901 = ORIENTED_EDGE('',*,*,#4570,.F.);
#4902 = PLANE('',#4903);
#4903 = AXIS2_PLACEMENT_3D('',#4904,#4905,#4906);
#4904 = CARTESIAN_POINT('',(7.82,0.32,-3.4));
#4905 = DIRECTION('',(0.,0.,1.));
#4906 = DIRECTION('',(-1.224646799147E-16,-1.,0.));
#4907 = ADVANCED_FACE('',(#4908),#4919,.T.);
#4908 = FACE_BOUND('',#4909,.T.);
#4909 = EDGE_LOOP('',(#4910,#4911,#4917,#4918));
#4910 = ORIENTED_EDGE('',*,*,#4736,.F.);
#4911 = ORIENTED_EDGE('',*,*,#4912,.T.);
#4912 = EDGE_CURVE('',#4737,#4621,#4913,.T.);
#4913 = LINE('',#4914,#4915);
#4914 = CARTESIAN_POINT('',(10.32,0.12,-3.4));
#4915 = VECTOR('',#4916,1.);
#4916 = DIRECTION('',(-1.,1.224646799147E-16,0.));
#4917 = ORIENTED_EDGE('',*,*,#4620,.T.);
#4918 = ORIENTED_EDGE('',*,*,#4671,.F.);
#4919 = PLANE('',#4920);
#4920 = AXIS2_PLACEMENT_3D('',#4921,#4922,#4923);
#4921 = CARTESIAN_POINT('',(10.32,0.235596257347,-3.301223703467));
#4922 = DIRECTION('',(8.302774088379E-17,0.64962967394,-0.760250805153)
  );
#4923 = DIRECTION('',(-1.,1.247195775152E-16,-2.638869166629E-18));
#4924 = ADVANCED_FACE('',(#4925),#4936,.F.);
#4925 = FACE_BOUND('',#4926,.F.);
#4926 = EDGE_LOOP('',(#4927,#4928,#4929,#4930));
#4927 = ORIENTED_EDGE('',*,*,#4744,.F.);
#4928 = ORIENTED_EDGE('',*,*,#4912,.T.);
#4929 = ORIENTED_EDGE('',*,*,#4630,.T.);
#4930 = ORIENTED_EDGE('',*,*,#4931,.F.);
#4931 = EDGE_CURVE('',#4745,#4631,#4932,.T.);
#4932 = LINE('',#4933,#4934);
#4933 = CARTESIAN_POINT('',(10.32,-0.12,-3.4));
#4934 = VECTOR('',#4935,1.);
#4935 = DIRECTION('',(-1.,1.224646799147E-16,0.));
#4936 = PLANE('',#4937);
#4937 = AXIS2_PLACEMENT_3D('',#4938,#4939,#4940);
#4938 = CARTESIAN_POINT('',(10.32,0.32,-3.4));
#4939 = DIRECTION('',(0.,0.,1.));
#4940 = DIRECTION('',(-1.224646799147E-16,-1.,0.));
#4941 = ADVANCED_FACE('',(#4942),#4948,.T.);
#4942 = FACE_BOUND('',#4943,.F.);
#4943 = EDGE_LOOP('',(#4944,#4945,#4946,#4947));
#4944 = ORIENTED_EDGE('',*,*,#4752,.F.);
#4945 = ORIENTED_EDGE('',*,*,#4931,.T.);
#4946 = ORIENTED_EDGE('',*,*,#4638,.T.);
#4947 = ORIENTED_EDGE('',*,*,#4719,.F.);
#4948 = PLANE('',#4949);
#4949 = AXIS2_PLACEMENT_3D('',#4950,#4951,#4952);
#4950 = CARTESIAN_POINT('',(10.32,-0.204403742653,-3.301223703467));
#4951 = DIRECTION('',(-9.310387150808E-17,-0.760250805153,-0.64962967394
    ));
#4952 = DIRECTION('',(1.,-1.224646799148E-16,-5.515863360725E-29));
#4953 = ( GEOMETRIC_REPRESENTATION_CONTEXT(3) 
GLOBAL_UNCERTAINTY_ASSIGNED_CONTEXT((#4957)) 
GLOBAL_UNIT_ASSIGNED_CONTEXT((#4954,#4955,#4956)) REPRESENTATION_CONTEXT
('Context #1','3D Context with UNIT and UNCERTAINTY') );
#4954 = ( LENGTH_UNIT() NAMED_UNIT(*) SI_UNIT(.MILLI.,.METRE.) );
#4955 = ( NAMED_UNIT(*) PLANE_ANGLE_UNIT() SI_UNIT($,.RADIAN.) );
#4956 = ( NAMED_UNIT(*) SI_UNIT($,.STERADIAN.) SOLID_ANGLE_UNIT() );
#4957 = UNCERTAINTY_MEASURE_WITH_UNIT(LENGTH_MEASURE(1.E-07),#4954,
  'distance_accuracy_value','confusion accuracy');
#4958 = CONTEXT_DEPENDENT_SHAPE_REPRESENTATION(#4959,#4961);
#4959 = ( REPRESENTATION_RELATIONSHIP('','',#83,#60) 
REPRESENTATION_RELATIONSHIP_WITH_TRANSFORMATION(#4960) 
SHAPE_REPRESENTATION_RELATIONSHIP() );
#4960 = ITEM_DEFINED_TRANSFORMATION('','',#11,#61);
#4961 = PRODUCT_DEFINITION_SHAPE('Placement','Placement of an item',
  #4962);
#4962 = NEXT_ASSEMBLY_USAGE_OCCURRENCE('1','=>[0:1:1:3]','',#55,#78,$);
#4963 = PRODUCT_RELATED_PRODUCT_CATEGORY('part',$,(#80));
#4964 = SHAPE_DEFINITION_REPRESENTATION(#4965,#4971);
#4965 = PRODUCT_DEFINITION_SHAPE('','',#4966);
#4966 = PRODUCT_DEFINITION('design','',#4967,#4970);
#4967 = PRODUCT_DEFINITION_FORMATION('','',#4968);
#4968 = PRODUCT('R_0603_1608Metric','R_0603_1608Metric','',(#4969));
#4969 = PRODUCT_CONTEXT('',#2,'mechanical');
#4970 = PRODUCT_DEFINITION_CONTEXT('part definition',#2,'design');
#4971 = SHAPE_REPRESENTATION('',(#11,#4972),#4976);
#4972 = AXIS2_PLACEMENT_3D('',#4973,#4974,#4975);
#4973 = CARTESIAN_POINT('',(0.,0.,0.));
#4974 = DIRECTION('',(0.,0.,1.));
#4975 = DIRECTION('',(1.,0.,-0.));
#4976 = ( GEOMETRIC_REPRESENTATION_CONTEXT(3) 
GLOBAL_UNCERTAINTY_ASSIGNED_CONTEXT((#4980)) 
GLOBAL_UNIT_ASSIGNED_CONTEXT((#4977,#4978,#4979)) REPRESENTATION_CONTEXT
('Context #1','3D Context with UNIT and UNCERTAINTY') );
#4977 = ( LENGTH_UNIT() NAMED_UNIT(*) SI_UNIT(.MILLI.,.METRE.) );
#4978 = ( NAMED_UNIT(*) PLANE_ANGLE_UNIT() SI_UNIT($,.RADIAN.) );
#4979 = ( NAMED_UNIT(*) SI_UNIT($,.STERADIAN.) SOLID_ANGLE_UNIT() );
#4980 = UNCERTAINTY_MEASURE_WITH_UNIT(LENGTH_MEASURE(1.E-07),#4977,
  'distance_accuracy_value','confusion accuracy');
#4981 = CONTEXT_DEPENDENT_SHAPE_REPRESENTATION(#4982,#4984);
#4982 = ( REPRESENTATION_RELATIONSHIP('','',#4971,#10) 
REPRESENTATION_RELATIONSHIP_WITH_TRANSFORMATION(#4983) 
SHAPE_REPRESENTATION_RELATIONSHIP() );
#4983 = ITEM_DEFINED_TRANSFORMATION('','',#11,#19);
#4984 = PRODUCT_DEFINITION_SHAPE('Placement','Placement of an item',
  #4985);
#4985 = NEXT_ASSEMBLY_USAGE_OCCURRENCE('4','R1','',#5,#4966,$);
#4986 = PRODUCT_RELATED_PRODUCT_CATEGORY('part',$,(#4968));
#4987 = SHAPE_DEFINITION_REPRESENTATION(#4988,#4994);
#4988 = PRODUCT_DEFINITION_SHAPE('','',#4989);
#4989 = PRODUCT_DEFINITION('design','',#4990,#4993);
#4990 = PRODUCT_DEFINITION_FORMATION('','',#4991);
#4991 = PRODUCT('R_0603_1608Metric','R_0603_1608Metric','',(#4992));
#4992 = PRODUCT_CONTEXT('',#2,'mechanical');
#4993 = PRODUCT_DEFINITION_CONTEXT('part definition',#2,'design');
#4994 = ADVANCED_BREP_SHAPE_REPRESENTATION('',(#11,#4995),#5785);
#4995 = MANIFOLD_SOLID_BREP('',#4996);
#4996 = CLOSED_SHELL('',(#4997,#5037,#5120,#5145,#5170,#5237,#5254,#5271
    ,#5320,#5337,#5354,#5403,#5420,#5489,#5520,#5544,#5613,#5637,#5654,
    #5671,#5688,#5705,#5722,#5739,#5756,#5773));
#4997 = ADVANCED_FACE('',(#4998),#5032,.F.);
#4998 = FACE_BOUND('',#4999,.F.);
#4999 = EDGE_LOOP('',(#5000,#5010,#5018,#5026));
#5000 = ORIENTED_EDGE('',*,*,#5001,.F.);
#5001 = EDGE_CURVE('',#5002,#5004,#5006,.T.);
#5002 = VERTEX_POINT('',#5003);
#5003 = CARTESIAN_POINT('',(-0.8,-0.4,4.5E-02));
#5004 = VERTEX_POINT('',#5005);
#5005 = CARTESIAN_POINT('',(-0.8,-0.4,0.405));
#5006 = LINE('',#5007,#5008);
#5007 = CARTESIAN_POINT('',(-0.8,-0.4,0.));
#5008 = VECTOR('',#5009,1.);
#5009 = DIRECTION('',(0.,0.,1.));
#5010 = ORIENTED_EDGE('',*,*,#5011,.T.);
#5011 = EDGE_CURVE('',#5002,#5012,#5014,.T.);
#5012 = VERTEX_POINT('',#5013);
#5013 = CARTESIAN_POINT('',(-0.8,0.4,4.5E-02));
#5014 = LINE('',#5015,#5016);
#5015 = CARTESIAN_POINT('',(-0.8,-0.4,4.5E-02));
#5016 = VECTOR('',#5017,1.);
#5017 = DIRECTION('',(0.,1.,0.));
#5018 = ORIENTED_EDGE('',*,*,#5019,.T.);
#5019 = EDGE_CURVE('',#5012,#5020,#5022,.T.);
#5020 = VERTEX_POINT('',#5021);
#5021 = CARTESIAN_POINT('',(-0.8,0.4,0.405));
#5022 = LINE('',#5023,#5024);
#5023 = CARTESIAN_POINT('',(-0.8,0.4,0.));
#5024 = VECTOR('',#5025,1.);
#5025 = DIRECTION('',(0.,0.,1.));
#5026 = ORIENTED_EDGE('',*,*,#5027,.F.);
#5027 = EDGE_CURVE('',#5004,#5020,#5028,.T.);
#5028 = LINE('',#5029,#5030);
#5029 = CARTESIAN_POINT('',(-0.8,-0.4,0.405));
#5030 = VECTOR('',#5031,1.);
#5031 = DIRECTION('',(0.,1.,0.));
#5032 = PLANE('',#5033);
#5033 = AXIS2_PLACEMENT_3D('',#5034,#5035,#5036);
#5034 = CARTESIAN_POINT('',(-0.8,-0.4,0.));
#5035 = DIRECTION('',(1.,0.,0.));
#5036 = DIRECTION('',(0.,0.,1.));
#5037 = ADVANCED_FACE('',(#5038),#5115,.F.);
#5038 = FACE_BOUND('',#5039,.F.);
#5039 = EDGE_LOOP('',(#5040,#5050,#5057,#5058,#5067,#5075,#5084,#5092,
    #5100,#5108));
#5040 = ORIENTED_EDGE('',*,*,#5041,.F.);
#5041 = EDGE_CURVE('',#5042,#5044,#5046,.T.);
#5042 = VERTEX_POINT('',#5043);
#5043 = CARTESIAN_POINT('',(-0.755,-0.4,-2.775557561563E-17));
#5044 = VERTEX_POINT('',#5045);
#5045 = CARTESIAN_POINT('',(-0.545,-0.4,-2.775557561563E-17));
#5046 = LINE('',#5047,#5048);
#5047 = CARTESIAN_POINT('',(-0.8,-0.4,0.));
#5048 = VECTOR('',#5049,1.);
#5049 = DIRECTION('',(1.,0.,0.));
#5050 = ORIENTED_EDGE('',*,*,#5051,.F.);
#5051 = EDGE_CURVE('',#5002,#5042,#5052,.T.);
#5052 = CIRCLE('',#5053,4.5E-02);
#5053 = AXIS2_PLACEMENT_3D('',#5054,#5055,#5056);
#5054 = CARTESIAN_POINT('',(-0.755,-0.4,4.5E-02));
#5055 = DIRECTION('',(0.,-1.,0.));
#5056 = DIRECTION('',(0.,0.,1.));
#5057 = ORIENTED_EDGE('',*,*,#5001,.T.);
#5058 = ORIENTED_EDGE('',*,*,#5059,.T.);
#5059 = EDGE_CURVE('',#5004,#5060,#5062,.T.);
#5060 = VERTEX_POINT('',#5061);
#5061 = CARTESIAN_POINT('',(-0.755,-0.4,0.45));
#5062 = CIRCLE('',#5063,4.5E-02);
#5063 = AXIS2_PLACEMENT_3D('',#5064,#5065,#5066);
#5064 = CARTESIAN_POINT('',(-0.755,-0.4,0.405));
#5065 = DIRECTION('',(0.,1.,0.));
#5066 = DIRECTION('',(0.,-0.,1.));
#5067 = ORIENTED_EDGE('',*,*,#5068,.T.);
#5068 = EDGE_CURVE('',#5060,#5069,#5071,.T.);
#5069 = VERTEX_POINT('',#5070);
#5070 = CARTESIAN_POINT('',(-0.545,-0.4,0.45));
#5071 = LINE('',#5072,#5073);
#5072 = CARTESIAN_POINT('',(-0.8,-0.4,0.45));
#5073 = VECTOR('',#5074,1.);
#5074 = DIRECTION('',(1.,0.,0.));
#5075 = ORIENTED_EDGE('',*,*,#5076,.F.);
#5076 = EDGE_CURVE('',#5077,#5069,#5079,.T.);
#5077 = VERTEX_POINT('',#5078);
#5078 = CARTESIAN_POINT('',(-0.5,-0.4,0.405));
#5079 = CIRCLE('',#5080,4.5E-02);
#5080 = AXIS2_PLACEMENT_3D('',#5081,#5082,#5083);
#5081 = CARTESIAN_POINT('',(-0.545,-0.4,0.405));
#5082 = DIRECTION('',(0.,-1.,0.));
#5083 = DIRECTION('',(0.,0.,1.));
#5084 = ORIENTED_EDGE('',*,*,#5085,.F.);
#5085 = EDGE_CURVE('',#5086,#5077,#5088,.T.);
#5086 = VERTEX_POINT('',#5087);
#5087 = CARTESIAN_POINT('',(-0.755,-0.4,0.405));
#5088 = LINE('',#5089,#5090);
#5089 = CARTESIAN_POINT('',(-0.755,-0.4,0.405));
#5090 = VECTOR('',#5091,1.);
#5091 = DIRECTION('',(1.,0.,0.));
#5092 = ORIENTED_EDGE('',*,*,#5093,.F.);
#5093 = EDGE_CURVE('',#5094,#5086,#5096,.T.);
#5094 = VERTEX_POINT('',#5095);
#5095 = CARTESIAN_POINT('',(-0.755,-0.4,4.5E-02));
#5096 = LINE('',#5097,#5098);
#5097 = CARTESIAN_POINT('',(-0.755,-0.4,4.5E-02));
#5098 = VECTOR('',#5099,1.);
#5099 = DIRECTION('',(0.,0.,1.));
#5100 = ORIENTED_EDGE('',*,*,#5101,.T.);
#5101 = EDGE_CURVE('',#5094,#5102,#5104,.T.);
#5102 = VERTEX_POINT('',#5103);
#5103 = CARTESIAN_POINT('',(-0.5,-0.4,4.5E-02));
#5104 = LINE('',#5105,#5106);
#5105 = CARTESIAN_POINT('',(-0.755,-0.4,4.5E-02));
#5106 = VECTOR('',#5107,1.);
#5107 = DIRECTION('',(1.,0.,0.));
#5108 = ORIENTED_EDGE('',*,*,#5109,.T.);
#5109 = EDGE_CURVE('',#5102,#5044,#5110,.T.);
#5110 = CIRCLE('',#5111,4.5E-02);
#5111 = AXIS2_PLACEMENT_3D('',#5112,#5113,#5114);
#5112 = CARTESIAN_POINT('',(-0.545,-0.4,4.5E-02));
#5113 = DIRECTION('',(0.,1.,0.));
#5114 = DIRECTION('',(0.,-0.,1.));
#5115 = PLANE('',#5116);
#5116 = AXIS2_PLACEMENT_3D('',#5117,#5118,#5119);
#5117 = CARTESIAN_POINT('',(-0.8,-0.4,0.));
#5118 = DIRECTION('',(0.,1.,0.));
#5119 = DIRECTION('',(0.,-0.,1.));
#5120 = ADVANCED_FACE('',(#5121),#5140,.T.);
#5121 = FACE_BOUND('',#5122,.T.);
#5122 = EDGE_LOOP('',(#5123,#5124,#5133,#5139));
#5123 = ORIENTED_EDGE('',*,*,#5011,.T.);
#5124 = ORIENTED_EDGE('',*,*,#5125,.T.);
#5125 = EDGE_CURVE('',#5012,#5126,#5128,.T.);
#5126 = VERTEX_POINT('',#5127);
#5127 = CARTESIAN_POINT('',(-0.755,0.4,-2.775557561563E-17));
#5128 = CIRCLE('',#5129,4.5E-02);
#5129 = AXIS2_PLACEMENT_3D('',#5130,#5131,#5132);
#5130 = CARTESIAN_POINT('',(-0.755,0.4,4.5E-02));
#5131 = DIRECTION('',(0.,-1.,0.));
#5132 = DIRECTION('',(0.,0.,1.));
#5133 = ORIENTED_EDGE('',*,*,#5134,.F.);
#5134 = EDGE_CURVE('',#5042,#5126,#5135,.T.);
#5135 = LINE('',#5136,#5137);
#5136 = CARTESIAN_POINT('',(-0.755,-0.4,-2.775557561563E-17));
#5137 = VECTOR('',#5138,1.);
#5138 = DIRECTION('',(0.,1.,0.));
#5139 = ORIENTED_EDGE('',*,*,#5051,.F.);
#5140 = CYLINDRICAL_SURFACE('',#5141,4.5E-02);
#5141 = AXIS2_PLACEMENT_3D('',#5142,#5143,#5144);
#5142 = CARTESIAN_POINT('',(-0.755,-0.4,4.5E-02));
#5143 = DIRECTION('',(0.,1.,0.));
#5144 = DIRECTION('',(-1.,0.,0.));
#5145 = ADVANCED_FACE('',(#5146),#5165,.T.);
#5146 = FACE_BOUND('',#5147,.T.);
#5147 = EDGE_LOOP('',(#5148,#5149,#5157,#5164));
#5148 = ORIENTED_EDGE('',*,*,#5059,.T.);
#5149 = ORIENTED_EDGE('',*,*,#5150,.T.);
#5150 = EDGE_CURVE('',#5060,#5151,#5153,.T.);
#5151 = VERTEX_POINT('',#5152);
#5152 = CARTESIAN_POINT('',(-0.755,0.4,0.45));
#5153 = LINE('',#5154,#5155);
#5154 = CARTESIAN_POINT('',(-0.755,-0.4,0.45));
#5155 = VECTOR('',#5156,1.);
#5156 = DIRECTION('',(0.,1.,0.));
#5157 = ORIENTED_EDGE('',*,*,#5158,.F.);
#5158 = EDGE_CURVE('',#5020,#5151,#5159,.T.);
#5159 = CIRCLE('',#5160,4.5E-02);
#5160 = AXIS2_PLACEMENT_3D('',#5161,#5162,#5163);
#5161 = CARTESIAN_POINT('',(-0.755,0.4,0.405));
#5162 = DIRECTION('',(0.,1.,0.));
#5163 = DIRECTION('',(0.,-0.,1.));
#5164 = ORIENTED_EDGE('',*,*,#5027,.F.);
#5165 = CYLINDRICAL_SURFACE('',#5166,4.5E-02);
#5166 = AXIS2_PLACEMENT_3D('',#5167,#5168,#5169);
#5167 = CARTESIAN_POINT('',(-0.755,-0.4,0.405));
#5168 = DIRECTION('',(0.,1.,0.));
#5169 = DIRECTION('',(-1.,0.,0.));
#5170 = ADVANCED_FACE('',(#5171),#5232,.T.);
#5171 = FACE_BOUND('',#5172,.T.);
#5172 = EDGE_LOOP('',(#5173,#5181,#5182,#5183,#5184,#5192,#5201,#5209,
    #5217,#5225));
#5173 = ORIENTED_EDGE('',*,*,#5174,.F.);
#5174 = EDGE_CURVE('',#5126,#5175,#5177,.T.);
#5175 = VERTEX_POINT('',#5176);
#5176 = CARTESIAN_POINT('',(-0.545,0.4,-2.775557561563E-17));
#5177 = LINE('',#5178,#5179);
#5178 = CARTESIAN_POINT('',(-0.8,0.4,0.));
#5179 = VECTOR('',#5180,1.);
#5180 = DIRECTION('',(1.,0.,0.));
#5181 = ORIENTED_EDGE('',*,*,#5125,.F.);
#5182 = ORIENTED_EDGE('',*,*,#5019,.T.);
#5183 = ORIENTED_EDGE('',*,*,#5158,.T.);
#5184 = ORIENTED_EDGE('',*,*,#5185,.T.);
#5185 = EDGE_CURVE('',#5151,#5186,#5188,.T.);
#5186 = VERTEX_POINT('',#5187);
#5187 = CARTESIAN_POINT('',(-0.545,0.4,0.45));
#5188 = LINE('',#5189,#5190);
#5189 = CARTESIAN_POINT('',(-0.8,0.4,0.45));
#5190 = VECTOR('',#5191,1.);
#5191 = DIRECTION('',(1.,0.,0.));
#5192 = ORIENTED_EDGE('',*,*,#5193,.F.);
#5193 = EDGE_CURVE('',#5194,#5186,#5196,.T.);
#5194 = VERTEX_POINT('',#5195);
#5195 = CARTESIAN_POINT('',(-0.5,0.4,0.405));
#5196 = CIRCLE('',#5197,4.5E-02);
#5197 = AXIS2_PLACEMENT_3D('',#5198,#5199,#5200);
#5198 = CARTESIAN_POINT('',(-0.545,0.4,0.405));
#5199 = DIRECTION('',(0.,-1.,0.));
#5200 = DIRECTION('',(0.,0.,1.));
#5201 = ORIENTED_EDGE('',*,*,#5202,.F.);
#5202 = EDGE_CURVE('',#5203,#5194,#5205,.T.);
#5203 = VERTEX_POINT('',#5204);
#5204 = CARTESIAN_POINT('',(-0.755,0.4,0.405));
#5205 = LINE('',#5206,#5207);
#5206 = CARTESIAN_POINT('',(-0.755,0.4,0.405));
#5207 = VECTOR('',#5208,1.);
#5208 = DIRECTION('',(1.,0.,0.));
#5209 = ORIENTED_EDGE('',*,*,#5210,.F.);
#5210 = EDGE_CURVE('',#5211,#5203,#5213,.T.);
#5211 = VERTEX_POINT('',#5212);
#5212 = CARTESIAN_POINT('',(-0.755,0.4,4.5E-02));
#5213 = LINE('',#5214,#5215);
#5214 = CARTESIAN_POINT('',(-0.755,0.4,4.5E-02));
#5215 = VECTOR('',#5216,1.);
#5216 = DIRECTION('',(0.,0.,1.));
#5217 = ORIENTED_EDGE('',*,*,#5218,.T.);
#5218 = EDGE_CURVE('',#5211,#5219,#5221,.T.);
#5219 = VERTEX_POINT('',#5220);
#5220 = CARTESIAN_POINT('',(-0.5,0.4,4.5E-02));
#5221 = LINE('',#5222,#5223);
#5222 = CARTESIAN_POINT('',(-0.755,0.4,4.5E-02));
#5223 = VECTOR('',#5224,1.);
#5224 = DIRECTION('',(1.,0.,0.));
#5225 = ORIENTED_EDGE('',*,*,#5226,.T.);
#5226 = EDGE_CURVE('',#5219,#5175,#5227,.T.);
#5227 = CIRCLE('',#5228,4.5E-02);
#5228 = AXIS2_PLACEMENT_3D('',#5229,#5230,#5231);
#5229 = CARTESIAN_POINT('',(-0.545,0.4,4.5E-02));
#5230 = DIRECTION('',(0.,1.,0.));
#5231 = DIRECTION('',(0.,-0.,1.));
#5232 = PLANE('',#5233);
#5233 = AXIS2_PLACEMENT_3D('',#5234,#5235,#5236);
#5234 = CARTESIAN_POINT('',(-0.8,0.4,0.));
#5235 = DIRECTION('',(0.,1.,0.));
#5236 = DIRECTION('',(0.,-0.,1.));
#5237 = ADVANCED_FACE('',(#5238),#5249,.F.);
#5238 = FACE_BOUND('',#5239,.F.);
#5239 = EDGE_LOOP('',(#5240,#5241,#5242,#5243));
#5240 = ORIENTED_EDGE('',*,*,#5174,.F.);
#5241 = ORIENTED_EDGE('',*,*,#5134,.F.);
#5242 = ORIENTED_EDGE('',*,*,#5041,.T.);
#5243 = ORIENTED_EDGE('',*,*,#5244,.T.);
#5244 = EDGE_CURVE('',#5044,#5175,#5245,.T.);
#5245 = LINE('',#5246,#5247);
#5246 = CARTESIAN_POINT('',(-0.545,-0.4,-2.775557561563E-17));
#5247 = VECTOR('',#5248,1.);
#5248 = DIRECTION('',(0.,1.,0.));
#5249 = PLANE('',#5250);
#5250 = AXIS2_PLACEMENT_3D('',#5251,#5252,#5253);
#5251 = CARTESIAN_POINT('',(-0.8,-0.4,0.));
#5252 = DIRECTION('',(0.,0.,1.));
#5253 = DIRECTION('',(1.,0.,-0.));
#5254 = ADVANCED_FACE('',(#5255),#5266,.T.);
#5255 = FACE_BOUND('',#5256,.T.);
#5256 = EDGE_LOOP('',(#5257,#5258,#5259,#5260));
#5257 = ORIENTED_EDGE('',*,*,#5109,.T.);
#5258 = ORIENTED_EDGE('',*,*,#5244,.T.);
#5259 = ORIENTED_EDGE('',*,*,#5226,.F.);
#5260 = ORIENTED_EDGE('',*,*,#5261,.F.);
#5261 = EDGE_CURVE('',#5102,#5219,#5262,.T.);
#5262 = LINE('',#5263,#5264);
#5263 = CARTESIAN_POINT('',(-0.5,-0.4,4.5E-02));
#5264 = VECTOR('',#5265,1.);
#5265 = DIRECTION('',(0.,1.,0.));
#5266 = CYLINDRICAL_SURFACE('',#5267,4.5E-02);
#5267 = AXIS2_PLACEMENT_3D('',#5268,#5269,#5270);
#5268 = CARTESIAN_POINT('',(-0.545,-0.4,4.5E-02));
#5269 = DIRECTION('',(0.,1.,0.));
#5270 = DIRECTION('',(1.,0.,0.));
#5271 = ADVANCED_FACE('',(#5272),#5315,.F.);
#5272 = FACE_BOUND('',#5273,.F.);
#5273 = EDGE_LOOP('',(#5274,#5275,#5276,#5277,#5285,#5293,#5301,#5309));
#5274 = ORIENTED_EDGE('',*,*,#5101,.F.);
#5275 = ORIENTED_EDGE('',*,*,#5093,.T.);
#5276 = ORIENTED_EDGE('',*,*,#5085,.T.);
#5277 = ORIENTED_EDGE('',*,*,#5278,.T.);
#5278 = EDGE_CURVE('',#5077,#5279,#5281,.T.);
#5279 = VERTEX_POINT('',#5280);
#5280 = CARTESIAN_POINT('',(0.5,-0.4,0.405));
#5281 = LINE('',#5282,#5283);
#5282 = CARTESIAN_POINT('',(-0.5,-0.4,0.405));
#5283 = VECTOR('',#5284,1.);
#5284 = DIRECTION('',(1.,0.,0.));
#5285 = ORIENTED_EDGE('',*,*,#5286,.T.);
#5286 = EDGE_CURVE('',#5279,#5287,#5289,.T.);
#5287 = VERTEX_POINT('',#5288);
#5288 = CARTESIAN_POINT('',(0.755,-0.4,0.405));
#5289 = LINE('',#5290,#5291);
#5290 = CARTESIAN_POINT('',(-0.755,-0.4,0.405));
#5291 = VECTOR('',#5292,1.);
#5292 = DIRECTION('',(1.,0.,0.));
#5293 = ORIENTED_EDGE('',*,*,#5294,.F.);
#5294 = EDGE_CURVE('',#5295,#5287,#5297,.T.);
#5295 = VERTEX_POINT('',#5296);
#5296 = CARTESIAN_POINT('',(0.755,-0.4,4.5E-02));
#5297 = LINE('',#5298,#5299);
#5298 = CARTESIAN_POINT('',(0.755,-0.4,4.5E-02));
#5299 = VECTOR('',#5300,1.);
#5300 = DIRECTION('',(0.,0.,1.));
#5301 = ORIENTED_EDGE('',*,*,#5302,.F.);
#5302 = EDGE_CURVE('',#5303,#5295,#5305,.T.);
#5303 = VERTEX_POINT('',#5304);
#5304 = CARTESIAN_POINT('',(0.5,-0.4,4.5E-02));
#5305 = LINE('',#5306,#5307);
#5306 = CARTESIAN_POINT('',(-0.755,-0.4,4.5E-02));
#5307 = VECTOR('',#5308,1.);
#5308 = DIRECTION('',(1.,0.,0.));
#5309 = ORIENTED_EDGE('',*,*,#5310,.F.);
#5310 = EDGE_CURVE('',#5102,#5303,#5311,.T.);
#5311 = LINE('',#5312,#5313);
#5312 = CARTESIAN_POINT('',(-0.755,-0.4,4.5E-02));
#5313 = VECTOR('',#5314,1.);
#5314 = DIRECTION('',(1.,0.,0.));
#5315 = PLANE('',#5316);
#5316 = AXIS2_PLACEMENT_3D('',#5317,#5318,#5319);
#5317 = CARTESIAN_POINT('',(-0.755,-0.4,4.5E-02));
#5318 = DIRECTION('',(0.,1.,0.));
#5319 = DIRECTION('',(0.,-0.,1.));
#5320 = ADVANCED_FACE('',(#5321),#5332,.T.);
#5321 = FACE_BOUND('',#5322,.T.);
#5322 = EDGE_LOOP('',(#5323,#5324,#5325,#5326));
#5323 = ORIENTED_EDGE('',*,*,#5185,.F.);
#5324 = ORIENTED_EDGE('',*,*,#5150,.F.);
#5325 = ORIENTED_EDGE('',*,*,#5068,.T.);
#5326 = ORIENTED_EDGE('',*,*,#5327,.T.);
#5327 = EDGE_CURVE('',#5069,#5186,#5328,.T.);
#5328 = LINE('',#5329,#5330);
#5329 = CARTESIAN_POINT('',(-0.545,-0.4,0.45));
#5330 = VECTOR('',#5331,1.);
#5331 = DIRECTION('',(0.,1.,0.));
#5332 = PLANE('',#5333);
#5333 = AXIS2_PLACEMENT_3D('',#5334,#5335,#5336);
#5334 = CARTESIAN_POINT('',(-0.8,-0.4,0.45));
#5335 = DIRECTION('',(0.,0.,1.));
#5336 = DIRECTION('',(1.,0.,-0.));
#5337 = ADVANCED_FACE('',(#5338),#5349,.T.);
#5338 = FACE_BOUND('',#5339,.T.);
#5339 = EDGE_LOOP('',(#5340,#5346,#5347,#5348));
#5340 = ORIENTED_EDGE('',*,*,#5341,.T.);
#5341 = EDGE_CURVE('',#5077,#5194,#5342,.T.);
#5342 = LINE('',#5343,#5344);
#5343 = CARTESIAN_POINT('',(-0.5,-0.4,0.405));
#5344 = VECTOR('',#5345,1.);
#5345 = DIRECTION('',(0.,1.,0.));
#5346 = ORIENTED_EDGE('',*,*,#5193,.T.);
#5347 = ORIENTED_EDGE('',*,*,#5327,.F.);
#5348 = ORIENTED_EDGE('',*,*,#5076,.F.);
#5349 = CYLINDRICAL_SURFACE('',#5350,4.5E-02);
#5350 = AXIS2_PLACEMENT_3D('',#5351,#5352,#5353);
#5351 = CARTESIAN_POINT('',(-0.545,-0.4,0.405));
#5352 = DIRECTION('',(0.,1.,0.));
#5353 = DIRECTION('',(1.,0.,0.));
#5354 = ADVANCED_FACE('',(#5355),#5398,.T.);
#5355 = FACE_BOUND('',#5356,.T.);
#5356 = EDGE_LOOP('',(#5357,#5358,#5359,#5360,#5368,#5376,#5384,#5392));
#5357 = ORIENTED_EDGE('',*,*,#5218,.F.);
#5358 = ORIENTED_EDGE('',*,*,#5210,.T.);
#5359 = ORIENTED_EDGE('',*,*,#5202,.T.);
#5360 = ORIENTED_EDGE('',*,*,#5361,.T.);
#5361 = EDGE_CURVE('',#5194,#5362,#5364,.T.);
#5362 = VERTEX_POINT('',#5363);
#5363 = CARTESIAN_POINT('',(0.5,0.4,0.405));
#5364 = LINE('',#5365,#5366);
#5365 = CARTESIAN_POINT('',(-0.5,0.4,0.405));
#5366 = VECTOR('',#5367,1.);
#5367 = DIRECTION('',(1.,0.,0.));
#5368 = ORIENTED_EDGE('',*,*,#5369,.T.);
#5369 = EDGE_CURVE('',#5362,#5370,#5372,.T.);
#5370 = VERTEX_POINT('',#5371);
#5371 = CARTESIAN_POINT('',(0.755,0.4,0.405));
#5372 = LINE('',#5373,#5374);
#5373 = CARTESIAN_POINT('',(-0.755,0.4,0.405));
#5374 = VECTOR('',#5375,1.);
#5375 = DIRECTION('',(1.,0.,0.));
#5376 = ORIENTED_EDGE('',*,*,#5377,.F.);
#5377 = EDGE_CURVE('',#5378,#5370,#5380,.T.);
#5378 = VERTEX_POINT('',#5379);
#5379 = CARTESIAN_POINT('',(0.755,0.4,4.5E-02));
#5380 = LINE('',#5381,#5382);
#5381 = CARTESIAN_POINT('',(0.755,0.4,4.5E-02));
#5382 = VECTOR('',#5383,1.);
#5383 = DIRECTION('',(0.,0.,1.));
#5384 = ORIENTED_EDGE('',*,*,#5385,.F.);
#5385 = EDGE_CURVE('',#5386,#5378,#5388,.T.);
#5386 = VERTEX_POINT('',#5387);
#5387 = CARTESIAN_POINT('',(0.5,0.4,4.5E-02));
#5388 = LINE('',#5389,#5390);
#5389 = CARTESIAN_POINT('',(-0.755,0.4,4.5E-02));
#5390 = VECTOR('',#5391,1.);
#5391 = DIRECTION('',(1.,0.,0.));
#5392 = ORIENTED_EDGE('',*,*,#5393,.F.);
#5393 = EDGE_CURVE('',#5219,#5386,#5394,.T.);
#5394 = LINE('',#5395,#5396);
#5395 = CARTESIAN_POINT('',(-0.755,0.4,4.5E-02));
#5396 = VECTOR('',#5397,1.);
#5397 = DIRECTION('',(1.,0.,0.));
#5398 = PLANE('',#5399);
#5399 = AXIS2_PLACEMENT_3D('',#5400,#5401,#5402);
#5400 = CARTESIAN_POINT('',(-0.755,0.4,4.5E-02));
#5401 = DIRECTION('',(0.,1.,0.));
#5402 = DIRECTION('',(0.,-0.,1.));
#5403 = ADVANCED_FACE('',(#5404),#5415,.F.);
#5404 = FACE_BOUND('',#5405,.F.);
#5405 = EDGE_LOOP('',(#5406,#5407,#5408,#5414));
#5406 = ORIENTED_EDGE('',*,*,#5261,.F.);
#5407 = ORIENTED_EDGE('',*,*,#5310,.T.);
#5408 = ORIENTED_EDGE('',*,*,#5409,.T.);
#5409 = EDGE_CURVE('',#5303,#5386,#5410,.T.);
#5410 = LINE('',#5411,#5412);
#5411 = CARTESIAN_POINT('',(0.5,-0.4,4.5E-02));
#5412 = VECTOR('',#5413,1.);
#5413 = DIRECTION('',(0.,1.,0.));
#5414 = ORIENTED_EDGE('',*,*,#5393,.F.);
#5415 = PLANE('',#5416);
#5416 = AXIS2_PLACEMENT_3D('',#5417,#5418,#5419);
#5417 = CARTESIAN_POINT('',(-0.755,-0.4,4.5E-02));
#5418 = DIRECTION('',(0.,0.,1.));
#5419 = DIRECTION('',(1.,0.,-0.));
#5420 = ADVANCED_FACE('',(#5421),#5484,.F.);
#5421 = FACE_BOUND('',#5422,.F.);
#5422 = EDGE_LOOP('',(#5423,#5433,#5440,#5441,#5442,#5443,#5452,#5460,
    #5469,#5477));
#5423 = ORIENTED_EDGE('',*,*,#5424,.F.);
#5424 = EDGE_CURVE('',#5425,#5427,#5429,.T.);
#5425 = VERTEX_POINT('',#5426);
#5426 = CARTESIAN_POINT('',(0.545,-0.4,-2.775557561563E-17));
#5427 = VERTEX_POINT('',#5428);
#5428 = CARTESIAN_POINT('',(0.755,-0.4,-2.775557561563E-17));
#5429 = LINE('',#5430,#5431);
#5430 = CARTESIAN_POINT('',(0.5,-0.4,0.));
#5431 = VECTOR('',#5432,1.);
#5432 = DIRECTION('',(1.,0.,0.));
#5433 = ORIENTED_EDGE('',*,*,#5434,.F.);
#5434 = EDGE_CURVE('',#5303,#5425,#5435,.T.);
#5435 = CIRCLE('',#5436,4.5E-02);
#5436 = AXIS2_PLACEMENT_3D('',#5437,#5438,#5439);
#5437 = CARTESIAN_POINT('',(0.545,-0.4,4.5E-02));
#5438 = DIRECTION('',(0.,-1.,0.));
#5439 = DIRECTION('',(0.,0.,1.));
#5440 = ORIENTED_EDGE('',*,*,#5302,.T.);
#5441 = ORIENTED_EDGE('',*,*,#5294,.T.);
#5442 = ORIENTED_EDGE('',*,*,#5286,.F.);
#5443 = ORIENTED_EDGE('',*,*,#5444,.T.);
#5444 = EDGE_CURVE('',#5279,#5445,#5447,.T.);
#5445 = VERTEX_POINT('',#5446);
#5446 = CARTESIAN_POINT('',(0.545,-0.4,0.45));
#5447 = CIRCLE('',#5448,4.5E-02);
#5448 = AXIS2_PLACEMENT_3D('',#5449,#5450,#5451);
#5449 = CARTESIAN_POINT('',(0.545,-0.4,0.405));
#5450 = DIRECTION('',(0.,1.,0.));
#5451 = DIRECTION('',(0.,-0.,1.));
#5452 = ORIENTED_EDGE('',*,*,#5453,.T.);
#5453 = EDGE_CURVE('',#5445,#5454,#5456,.T.);
#5454 = VERTEX_POINT('',#5455);
#5455 = CARTESIAN_POINT('',(0.755,-0.4,0.45));
#5456 = LINE('',#5457,#5458);
#5457 = CARTESIAN_POINT('',(0.5,-0.4,0.45));
#5458 = VECTOR('',#5459,1.);
#5459 = DIRECTION('',(1.,0.,0.));
#5460 = ORIENTED_EDGE('',*,*,#5461,.F.);
#5461 = EDGE_CURVE('',#5462,#5454,#5464,.T.);
#5462 = VERTEX_POINT('',#5463);
#5463 = CARTESIAN_POINT('',(0.8,-0.4,0.405));
#5464 = CIRCLE('',#5465,4.5E-02);
#5465 = AXIS2_PLACEMENT_3D('',#5466,#5467,#5468);
#5466 = CARTESIAN_POINT('',(0.755,-0.4,0.405));
#5467 = DIRECTION('',(0.,-1.,0.));
#5468 = DIRECTION('',(0.,0.,1.));
#5469 = ORIENTED_EDGE('',*,*,#5470,.F.);
#5470 = EDGE_CURVE('',#5471,#5462,#5473,.T.);
#5471 = VERTEX_POINT('',#5472);
#5472 = CARTESIAN_POINT('',(0.8,-0.4,4.5E-02));
#5473 = LINE('',#5474,#5475);
#5474 = CARTESIAN_POINT('',(0.8,-0.4,0.));
#5475 = VECTOR('',#5476,1.);
#5476 = DIRECTION('',(0.,0.,1.));
#5477 = ORIENTED_EDGE('',*,*,#5478,.T.);
#5478 = EDGE_CURVE('',#5471,#5427,#5479,.T.);
#5479 = CIRCLE('',#5480,4.5E-02);
#5480 = AXIS2_PLACEMENT_3D('',#5481,#5482,#5483);
#5481 = CARTESIAN_POINT('',(0.755,-0.4,4.5E-02));
#5482 = DIRECTION('',(0.,1.,0.));
#5483 = DIRECTION('',(0.,-0.,1.));
#5484 = PLANE('',#5485);
#5485 = AXIS2_PLACEMENT_3D('',#5486,#5487,#5488);
#5486 = CARTESIAN_POINT('',(0.5,-0.4,0.));
#5487 = DIRECTION('',(0.,1.,0.));
#5488 = DIRECTION('',(0.,-0.,1.));
#5489 = ADVANCED_FACE('',(#5490),#5515,.F.);
#5490 = FACE_BOUND('',#5491,.F.);
#5491 = EDGE_LOOP('',(#5492,#5493,#5501,#5509));
#5492 = ORIENTED_EDGE('',*,*,#5278,.F.);
#5493 = ORIENTED_EDGE('',*,*,#5494,.T.);
#5494 = EDGE_CURVE('',#5077,#5495,#5497,.T.);
#5495 = VERTEX_POINT('',#5496);
#5496 = CARTESIAN_POINT('',(-0.5,-0.4,0.45));
#5497 = LINE('',#5498,#5499);
#5498 = CARTESIAN_POINT('',(-0.5,-0.4,0.405));
#5499 = VECTOR('',#5500,1.);
#5500 = DIRECTION('',(0.,0.,1.));
#5501 = ORIENTED_EDGE('',*,*,#5502,.T.);
#5502 = EDGE_CURVE('',#5495,#5503,#5505,.T.);
#5503 = VERTEX_POINT('',#5504);
#5504 = CARTESIAN_POINT('',(0.5,-0.4,0.45));
#5505 = LINE('',#5506,#5507);
#5506 = CARTESIAN_POINT('',(-0.5,-0.4,0.45));
#5507 = VECTOR('',#5508,1.);
#5508 = DIRECTION('',(1.,0.,0.));
#5509 = ORIENTED_EDGE('',*,*,#5510,.F.);
#5510 = EDGE_CURVE('',#5279,#5503,#5511,.T.);
#5511 = LINE('',#5512,#5513);
#5512 = CARTESIAN_POINT('',(0.5,-0.4,0.405));
#5513 = VECTOR('',#5514,1.);
#5514 = DIRECTION('',(0.,0.,1.));
#5515 = PLANE('',#5516);
#5516 = AXIS2_PLACEMENT_3D('',#5517,#5518,#5519);
#5517 = CARTESIAN_POINT('',(-0.5,-0.4,0.405));
#5518 = DIRECTION('',(0.,1.,0.));
#5519 = DIRECTION('',(0.,-0.,1.));
#5520 = ADVANCED_FACE('',(#5521),#5539,.F.);
#5521 = FACE_BOUND('',#5522,.F.);
#5522 = EDGE_LOOP('',(#5523,#5524,#5525,#5533));
#5523 = ORIENTED_EDGE('',*,*,#5494,.F.);
#5524 = ORIENTED_EDGE('',*,*,#5341,.T.);
#5525 = ORIENTED_EDGE('',*,*,#5526,.T.);
#5526 = EDGE_CURVE('',#5194,#5527,#5529,.T.);
#5527 = VERTEX_POINT('',#5528);
#5528 = CARTESIAN_POINT('',(-0.5,0.4,0.45));
#5529 = LINE('',#5530,#5531);
#5530 = CARTESIAN_POINT('',(-0.5,0.4,0.405));
#5531 = VECTOR('',#5532,1.);
#5532 = DIRECTION('',(0.,0.,1.));
#5533 = ORIENTED_EDGE('',*,*,#5534,.F.);
#5534 = EDGE_CURVE('',#5495,#5527,#5535,.T.);
#5535 = LINE('',#5536,#5537);
#5536 = CARTESIAN_POINT('',(-0.5,-0.4,0.45));
#5537 = VECTOR('',#5538,1.);
#5538 = DIRECTION('',(0.,1.,0.));
#5539 = PLANE('',#5540);
#5540 = AXIS2_PLACEMENT_3D('',#5541,#5542,#5543);
#5541 = CARTESIAN_POINT('',(-0.5,-0.4,0.405));
#5542 = DIRECTION('',(1.,0.,0.));
#5543 = DIRECTION('',(0.,0.,1.));
#5544 = ADVANCED_FACE('',(#5545),#5608,.T.);
#5545 = FACE_BOUND('',#5546,.T.);
#5546 = EDGE_LOOP('',(#5547,#5557,#5564,#5565,#5566,#5567,#5576,#5584,
    #5593,#5601));
#5547 = ORIENTED_EDGE('',*,*,#5548,.F.);
#5548 = EDGE_CURVE('',#5549,#5551,#5553,.T.);
#5549 = VERTEX_POINT('',#5550);
#5550 = CARTESIAN_POINT('',(0.545,0.4,-2.775557561563E-17));
#5551 = VERTEX_POINT('',#5552);
#5552 = CARTESIAN_POINT('',(0.755,0.4,-2.775557561563E-17));
#5553 = LINE('',#5554,#5555);
#5554 = CARTESIAN_POINT('',(0.5,0.4,0.));
#5555 = VECTOR('',#5556,1.);
#5556 = DIRECTION('',(1.,0.,0.));
#5557 = ORIENTED_EDGE('',*,*,#5558,.F.);
#5558 = EDGE_CURVE('',#5386,#5549,#5559,.T.);
#5559 = CIRCLE('',#5560,4.5E-02);
#5560 = AXIS2_PLACEMENT_3D('',#5561,#5562,#5563);
#5561 = CARTESIAN_POINT('',(0.545,0.4,4.5E-02));
#5562 = DIRECTION('',(0.,-1.,0.));
#5563 = DIRECTION('',(0.,0.,1.));
#5564 = ORIENTED_EDGE('',*,*,#5385,.T.);
#5565 = ORIENTED_EDGE('',*,*,#5377,.T.);
#5566 = ORIENTED_EDGE('',*,*,#5369,.F.);
#5567 = ORIENTED_EDGE('',*,*,#5568,.T.);
#5568 = EDGE_CURVE('',#5362,#5569,#5571,.T.);
#5569 = VERTEX_POINT('',#5570);
#5570 = CARTESIAN_POINT('',(0.545,0.4,0.45));
#5571 = CIRCLE('',#5572,4.5E-02);
#5572 = AXIS2_PLACEMENT_3D('',#5573,#5574,#5575);
#5573 = CARTESIAN_POINT('',(0.545,0.4,0.405));
#5574 = DIRECTION('',(0.,1.,0.));
#5575 = DIRECTION('',(0.,-0.,1.));
#5576 = ORIENTED_EDGE('',*,*,#5577,.T.);
#5577 = EDGE_CURVE('',#5569,#5578,#5580,.T.);
#5578 = VERTEX_POINT('',#5579);
#5579 = CARTESIAN_POINT('',(0.755,0.4,0.45));
#5580 = LINE('',#5581,#5582);
#5581 = CARTESIAN_POINT('',(0.5,0.4,0.45));
#5582 = VECTOR('',#5583,1.);
#5583 = DIRECTION('',(1.,0.,0.));
#5584 = ORIENTED_EDGE('',*,*,#5585,.F.);
#5585 = EDGE_CURVE('',#5586,#5578,#5588,.T.);
#5586 = VERTEX_POINT('',#5587);
#5587 = CARTESIAN_POINT('',(0.8,0.4,0.405));
#5588 = CIRCLE('',#5589,4.5E-02);
#5589 = AXIS2_PLACEMENT_3D('',#5590,#5591,#5592);
#5590 = CARTESIAN_POINT('',(0.755,0.4,0.405));
#5591 = DIRECTION('',(0.,-1.,0.));
#5592 = DIRECTION('',(0.,0.,1.));
#5593 = ORIENTED_EDGE('',*,*,#5594,.F.);
#5594 = EDGE_CURVE('',#5595,#5586,#5597,.T.);
#5595 = VERTEX_POINT('',#5596);
#5596 = CARTESIAN_POINT('',(0.8,0.4,4.5E-02));
#5597 = LINE('',#5598,#5599);
#5598 = CARTESIAN_POINT('',(0.8,0.4,0.));
#5599 = VECTOR('',#5600,1.);
#5600 = DIRECTION('',(0.,0.,1.));
#5601 = ORIENTED_EDGE('',*,*,#5602,.T.);
#5602 = EDGE_CURVE('',#5595,#5551,#5603,.T.);
#5603 = CIRCLE('',#5604,4.5E-02);
#5604 = AXIS2_PLACEMENT_3D('',#5605,#5606,#5607);
#5605 = CARTESIAN_POINT('',(0.755,0.4,4.5E-02));
#5606 = DIRECTION('',(0.,1.,0.));
#5607 = DIRECTION('',(0.,-0.,1.));
#5608 = PLANE('',#5609);
#5609 = AXIS2_PLACEMENT_3D('',#5610,#5611,#5612);
#5610 = CARTESIAN_POINT('',(0.5,0.4,0.));
#5611 = DIRECTION('',(0.,1.,0.));
#5612 = DIRECTION('',(0.,-0.,1.));
#5613 = ADVANCED_FACE('',(#5614),#5632,.T.);
#5614 = FACE_BOUND('',#5615,.T.);
#5615 = EDGE_LOOP('',(#5616,#5617,#5618,#5626));
#5616 = ORIENTED_EDGE('',*,*,#5361,.F.);
#5617 = ORIENTED_EDGE('',*,*,#5526,.T.);
#5618 = ORIENTED_EDGE('',*,*,#5619,.T.);
#5619 = EDGE_CURVE('',#5527,#5620,#5622,.T.);
#5620 = VERTEX_POINT('',#5621);
#5621 = CARTESIAN_POINT('',(0.5,0.4,0.45));
#5622 = LINE('',#5623,#5624);
#5623 = CARTESIAN_POINT('',(-0.5,0.4,0.45));
#5624 = VECTOR('',#5625,1.);
#5625 = DIRECTION('',(1.,0.,0.));
#5626 = ORIENTED_EDGE('',*,*,#5627,.F.);
#5627 = EDGE_CURVE('',#5362,#5620,#5628,.T.);
#5628 = LINE('',#5629,#5630);
#5629 = CARTESIAN_POINT('',(0.5,0.4,0.405));
#5630 = VECTOR('',#5631,1.);
#5631 = DIRECTION('',(0.,0.,1.));
#5632 = PLANE('',#5633);
#5633 = AXIS2_PLACEMENT_3D('',#5634,#5635,#5636);
#5634 = CARTESIAN_POINT('',(-0.5,0.4,0.405));
#5635 = DIRECTION('',(0.,1.,0.));
#5636 = DIRECTION('',(0.,-0.,1.));
#5637 = ADVANCED_FACE('',(#5638),#5649,.T.);
#5638 = FACE_BOUND('',#5639,.T.);
#5639 = EDGE_LOOP('',(#5640,#5641,#5642,#5648));
#5640 = ORIENTED_EDGE('',*,*,#5409,.T.);
#5641 = ORIENTED_EDGE('',*,*,#5558,.T.);
#5642 = ORIENTED_EDGE('',*,*,#5643,.F.);
#5643 = EDGE_CURVE('',#5425,#5549,#5644,.T.);
#5644 = LINE('',#5645,#5646);
#5645 = CARTESIAN_POINT('',(0.545,-0.4,-2.775557561563E-17));
#5646 = VECTOR('',#5647,1.);
#5647 = DIRECTION('',(0.,1.,0.));
#5648 = ORIENTED_EDGE('',*,*,#5434,.F.);
#5649 = CYLINDRICAL_SURFACE('',#5650,4.5E-02);
#5650 = AXIS2_PLACEMENT_3D('',#5651,#5652,#5653);
#5651 = CARTESIAN_POINT('',(0.545,-0.4,4.5E-02));
#5652 = DIRECTION('',(0.,1.,0.));
#5653 = DIRECTION('',(-1.,0.,0.));
#5654 = ADVANCED_FACE('',(#5655),#5666,.F.);
#5655 = FACE_BOUND('',#5656,.F.);
#5656 = EDGE_LOOP('',(#5657,#5658,#5659,#5660));
#5657 = ORIENTED_EDGE('',*,*,#5548,.F.);
#5658 = ORIENTED_EDGE('',*,*,#5643,.F.);
#5659 = ORIENTED_EDGE('',*,*,#5424,.T.);
#5660 = ORIENTED_EDGE('',*,*,#5661,.T.);
#5661 = EDGE_CURVE('',#5427,#5551,#5662,.T.);
#5662 = LINE('',#5663,#5664);
#5663 = CARTESIAN_POINT('',(0.755,-0.4,-2.775557561563E-17));
#5664 = VECTOR('',#5665,1.);
#5665 = DIRECTION('',(0.,1.,0.));
#5666 = PLANE('',#5667);
#5667 = AXIS2_PLACEMENT_3D('',#5668,#5669,#5670);
#5668 = CARTESIAN_POINT('',(0.5,-0.4,0.));
#5669 = DIRECTION('',(0.,0.,1.));
#5670 = DIRECTION('',(1.,0.,-0.));
#5671 = ADVANCED_FACE('',(#5672),#5683,.T.);
#5672 = FACE_BOUND('',#5673,.T.);
#5673 = EDGE_LOOP('',(#5674,#5675,#5676,#5677));
#5674 = ORIENTED_EDGE('',*,*,#5478,.T.);
#5675 = ORIENTED_EDGE('',*,*,#5661,.T.);
#5676 = ORIENTED_EDGE('',*,*,#5602,.F.);
#5677 = ORIENTED_EDGE('',*,*,#5678,.F.);
#5678 = EDGE_CURVE('',#5471,#5595,#5679,.T.);
#5679 = LINE('',#5680,#5681);
#5680 = CARTESIAN_POINT('',(0.8,-0.4,4.5E-02));
#5681 = VECTOR('',#5682,1.);
#5682 = DIRECTION('',(0.,1.,0.));
#5683 = CYLINDRICAL_SURFACE('',#5684,4.5E-02);
#5684 = AXIS2_PLACEMENT_3D('',#5685,#5686,#5687);
#5685 = CARTESIAN_POINT('',(0.755,-0.4,4.5E-02));
#5686 = DIRECTION('',(0.,1.,0.));
#5687 = DIRECTION('',(1.,0.,0.));
#5688 = ADVANCED_FACE('',(#5689),#5700,.T.);
#5689 = FACE_BOUND('',#5690,.T.);
#5690 = EDGE_LOOP('',(#5691,#5692,#5693,#5694));
#5691 = ORIENTED_EDGE('',*,*,#5470,.F.);
#5692 = ORIENTED_EDGE('',*,*,#5678,.T.);
#5693 = ORIENTED_EDGE('',*,*,#5594,.T.);
#5694 = ORIENTED_EDGE('',*,*,#5695,.F.);
#5695 = EDGE_CURVE('',#5462,#5586,#5696,.T.);
#5696 = LINE('',#5697,#5698);
#5697 = CARTESIAN_POINT('',(0.8,-0.4,0.405));
#5698 = VECTOR('',#5699,1.);
#5699 = DIRECTION('',(0.,1.,0.));
#5700 = PLANE('',#5701);
#5701 = AXIS2_PLACEMENT_3D('',#5702,#5703,#5704);
#5702 = CARTESIAN_POINT('',(0.8,-0.4,0.));
#5703 = DIRECTION('',(1.,0.,0.));
#5704 = DIRECTION('',(0.,0.,1.));
#5705 = ADVANCED_FACE('',(#5706),#5717,.T.);
#5706 = FACE_BOUND('',#5707,.T.);
#5707 = EDGE_LOOP('',(#5708,#5709,#5710,#5716));
#5708 = ORIENTED_EDGE('',*,*,#5695,.T.);
#5709 = ORIENTED_EDGE('',*,*,#5585,.T.);
#5710 = ORIENTED_EDGE('',*,*,#5711,.F.);
#5711 = EDGE_CURVE('',#5454,#5578,#5712,.T.);
#5712 = LINE('',#5713,#5714);
#5713 = CARTESIAN_POINT('',(0.755,-0.4,0.45));
#5714 = VECTOR('',#5715,1.);
#5715 = DIRECTION('',(0.,1.,0.));
#5716 = ORIENTED_EDGE('',*,*,#5461,.F.);
#5717 = CYLINDRICAL_SURFACE('',#5718,4.5E-02);
#5718 = AXIS2_PLACEMENT_3D('',#5719,#5720,#5721);
#5719 = CARTESIAN_POINT('',(0.755,-0.4,0.405));
#5720 = DIRECTION('',(0.,1.,0.));
#5721 = DIRECTION('',(1.,0.,0.));
#5722 = ADVANCED_FACE('',(#5723),#5734,.T.);
#5723 = FACE_BOUND('',#5724,.T.);
#5724 = EDGE_LOOP('',(#5725,#5726,#5732,#5733));
#5725 = ORIENTED_EDGE('',*,*,#5577,.F.);
#5726 = ORIENTED_EDGE('',*,*,#5727,.F.);
#5727 = EDGE_CURVE('',#5445,#5569,#5728,.T.);
#5728 = LINE('',#5729,#5730);
#5729 = CARTESIAN_POINT('',(0.545,-0.4,0.45));
#5730 = VECTOR('',#5731,1.);
#5731 = DIRECTION('',(0.,1.,0.));
#5732 = ORIENTED_EDGE('',*,*,#5453,.T.);
#5733 = ORIENTED_EDGE('',*,*,#5711,.T.);
#5734 = PLANE('',#5735);
#5735 = AXIS2_PLACEMENT_3D('',#5736,#5737,#5738);
#5736 = CARTESIAN_POINT('',(0.5,-0.4,0.45));
#5737 = DIRECTION('',(0.,0.,1.));
#5738 = DIRECTION('',(1.,0.,-0.));
#5739 = ADVANCED_FACE('',(#5740),#5751,.T.);
#5740 = FACE_BOUND('',#5741,.T.);
#5741 = EDGE_LOOP('',(#5742,#5743,#5744,#5745));
#5742 = ORIENTED_EDGE('',*,*,#5444,.T.);
#5743 = ORIENTED_EDGE('',*,*,#5727,.T.);
#5744 = ORIENTED_EDGE('',*,*,#5568,.F.);
#5745 = ORIENTED_EDGE('',*,*,#5746,.F.);
#5746 = EDGE_CURVE('',#5279,#5362,#5747,.T.);
#5747 = LINE('',#5748,#5749);
#5748 = CARTESIAN_POINT('',(0.5,-0.4,0.405));
#5749 = VECTOR('',#5750,1.);
#5750 = DIRECTION('',(0.,1.,0.));
#5751 = CYLINDRICAL_SURFACE('',#5752,4.5E-02);
#5752 = AXIS2_PLACEMENT_3D('',#5753,#5754,#5755);
#5753 = CARTESIAN_POINT('',(0.545,-0.4,0.405));
#5754 = DIRECTION('',(0.,1.,0.));
#5755 = DIRECTION('',(-1.,0.,0.));
#5756 = ADVANCED_FACE('',(#5757),#5768,.T.);
#5757 = FACE_BOUND('',#5758,.T.);
#5758 = EDGE_LOOP('',(#5759,#5760,#5761,#5762));
#5759 = ORIENTED_EDGE('',*,*,#5510,.F.);
#5760 = ORIENTED_EDGE('',*,*,#5746,.T.);
#5761 = ORIENTED_EDGE('',*,*,#5627,.T.);
#5762 = ORIENTED_EDGE('',*,*,#5763,.F.);
#5763 = EDGE_CURVE('',#5503,#5620,#5764,.T.);
#5764 = LINE('',#5765,#5766);
#5765 = CARTESIAN_POINT('',(0.5,-0.4,0.45));
#5766 = VECTOR('',#5767,1.);
#5767 = DIRECTION('',(0.,1.,0.));
#5768 = PLANE('',#5769);
#5769 = AXIS2_PLACEMENT_3D('',#5770,#5771,#5772);
#5770 = CARTESIAN_POINT('',(0.5,-0.4,0.405));
#5771 = DIRECTION('',(1.,0.,0.));
#5772 = DIRECTION('',(0.,0.,1.));
#5773 = ADVANCED_FACE('',(#5774),#5780,.T.);
#5774 = FACE_BOUND('',#5775,.T.);
#5775 = EDGE_LOOP('',(#5776,#5777,#5778,#5779));
#5776 = ORIENTED_EDGE('',*,*,#5534,.F.);
#5777 = ORIENTED_EDGE('',*,*,#5502,.T.);
#5778 = ORIENTED_EDGE('',*,*,#5763,.T.);
#5779 = ORIENTED_EDGE('',*,*,#5619,.F.);
#5780 = PLANE('',#5781);
#5781 = AXIS2_PLACEMENT_3D('',#5782,#5783,#5784);
#5782 = CARTESIAN_POINT('',(-0.5,-0.4,0.45));
#5783 = DIRECTION('',(0.,0.,1.));
#5784 = DIRECTION('',(1.,0.,-0.));
#5785 = ( GEOMETRIC_REPRESENTATION_CONTEXT(3) 
GLOBAL_UNCERTAINTY_ASSIGNED_CONTEXT((#5789)) 
GLOBAL_UNIT_ASSIGNED_CONTEXT((#5786,#5787,#5788)) REPRESENTATION_CONTEXT
('Context #1','3D Context with UNIT and UNCERTAINTY') );
#5786 = ( LENGTH_UNIT() NAMED_UNIT(*) SI_UNIT(.MILLI.,.METRE.) );
#5787 = ( NAMED_UNIT(*) PLANE_ANGLE_UNIT() SI_UNIT($,.RADIAN.) );
#5788 = ( NAMED_UNIT(*) SI_UNIT($,.STERADIAN.) SOLID_ANGLE_UNIT() );
#5789 = UNCERTAINTY_MEASURE_WITH_UNIT(LENGTH_MEASURE(1.E-07),#5786,
  'distance_accuracy_value','confusion accuracy');
#5790 = CONTEXT_DEPENDENT_SHAPE_REPRESENTATION(#5791,#5793);
#5791 = ( REPRESENTATION_RELATIONSHIP('','',#4994,#4971) 
REPRESENTATION_RELATIONSHIP_WITH_TRANSFORMATION(#5792) 
SHAPE_REPRESENTATION_RELATIONSHIP() );
#5792 = ITEM_DEFINED_TRANSFORMATION('','',#11,#4972);
#5793 = PRODUCT_DEFINITION_SHAPE('Placement','Placement of an item',
  #5794);
#5794 = NEXT_ASSEMBLY_USAGE_OCCURRENCE('3','=>[0:1:1:5]','',#4966,#4989,
  $);
#5795 = PRODUCT_RELATED_PRODUCT_CATEGORY('part',$,(#4991));
#5796 = SHAPE_DEFINITION_REPRESENTATION(#5797,#5803);
#5797 = PRODUCT_DEFINITION_SHAPE('','',#5798);
#5798 = PRODUCT_DEFINITION('design','',#5799,#5802);
#5799 = PRODUCT_DEFINITION_FORMATION('','',#5800);
#5800 = PRODUCT('JST_XH_B3B-XH-A_1x03_P2.50mm_Vertical',
  'JST_XH_B3B-XH-A_1x03_P2.50mm_Vertical','',(#5801));
#5801 = PRODUCT_CONTEXT('',#2,'mechanical');
#5802 = PRODUCT_DEFINITION_CONTEXT('part definition',#2,'design');
#5803 = SHAPE_REPRESENTATION('',(#11,#5804),#5808);
#5804 = AXIS2_PLACEMENT_3D('',#5805,#5806,#5807);
#5805 = CARTESIAN_POINT('',(0.,0.,0.));
#5806 = DIRECTION('',(0.,0.,1.));
#5807 = DIRECTION('',(1.,0.,-0.));
#5808 = ( GEOMETRIC_REPRESENTATION_CONTEXT(3) 
GLOBAL_UNCERTAINTY_ASSIGNED_CONTEXT((#5812)) 
GLOBAL_UNIT_ASSIGNED_CONTEXT((#5809,#5810,#5811)) REPRESENTATION_CONTEXT
('Context #1','3D Context with UNIT and UNCERTAINTY') );
#5809 = ( LENGTH_UNIT() NAMED_UNIT(*) SI_UNIT(.MILLI.,.METRE.) );
#5810 = ( NAMED_UNIT(*) PLANE_ANGLE_UNIT() SI_UNIT($,.RADIAN.) );
#5811 = ( NAMED_UNIT(*) SI_UNIT($,.STERADIAN.) SOLID_ANGLE_UNIT() );
#5812 = UNCERTAINTY_MEASURE_WITH_UNIT(LENGTH_MEASURE(1.E-07),#5809,
  'distance_accuracy_value','confusion accuracy');
#5813 = CONTEXT_DEPENDENT_SHAPE_REPRESENTATION(#5814,#5816);
#5814 = ( REPRESENTATION_RELATIONSHIP('','',#5803,#10) 
REPRESENTATION_RELATIONSHIP_WITH_TRANSFORMATION(#5815) 
SHAPE_REPRESENTATION_RELATIONSHIP() );
#5815 = ITEM_DEFINED_TRANSFORMATION('','',#11,#23);
#5816 = PRODUCT_DEFINITION_SHAPE('Placement','Placement of an item',
  #5817);
#5817 = NEXT_ASSEMBLY_USAGE_OCCURRENCE('6','J1','',#5,#5798,$);
#5818 = PRODUCT_RELATED_PRODUCT_CATEGORY('part',$,(#5800));
#5819 = SHAPE_DEFINITION_REPRESENTATION(#5820,#5826);
#5820 = PRODUCT_DEFINITION_SHAPE('','',#5821);
#5821 = PRODUCT_DEFINITION('design','',#5822,#5825);
#5822 = PRODUCT_DEFINITION_FORMATION('','',#5823);
#5823 = PRODUCT('JST_B3B_XH_A','JST_B3B_XH_A','',(#5824));
#5824 = PRODUCT_CONTEXT('',#2,'mechanical');
#5825 = PRODUCT_DEFINITION_CONTEXT('part definition',#2,'design');
#5826 = ADVANCED_BREP_SHAPE_REPRESENTATION('',(#11,#5827),#9348);
#5827 = MANIFOLD_SOLID_BREP('',#5828);
#5828 = CLOSED_SHELL('',(#5829,#5901,#5940,#5964,#6029,#6053,#6173,#6197
    ,#6262,#6287,#6336,#6353,#6377,#6394,#6564,#6588,#6822,#6846,#6879,
    #6903,#6934,#6951,#6984,#7008,#7039,#7056,#7089,#7113,#7144,#7156,
    #7189,#7206,#7223,#7235,#7349,#7366,#7383,#7400,#7417,#7434,#7451,
    #7468,#7485,#7502,#7519,#7536,#7553,#7570,#7587,#7599,#7616,#7633,
    #7650,#7696,#7742,#7788,#7819,#7843,#7867,#7884,#7915,#7939,#7963,
    #7980,#8011,#8035,#8059,#8076,#8139,#8163,#8219,#8236,#8267,#8291,
    #8315,#8332,#8395,#8419,#8475,#8492,#8523,#8547,#8571,#8588,#8619,
    #8643,#8667,#8684,#8715,#8739,#8763,#8780,#8827,#8858,#8870,#8887,
    #8913,#8946,#8977,#9001,#9025,#9042,#9089,#9120,#9132,#9149,#9175,
    #9208,#9220,#9232,#9244,#9261,#9278,#9290,#9302,#9319,#9336));
#5829 = ADVANCED_FACE('',(#5830),#5896,.T.);
#5830 = FACE_BOUND('',#5831,.T.);
#5831 = EDGE_LOOP('',(#5832,#5842,#5850,#5858,#5866,#5874,#5882,#5890));
#5832 = ORIENTED_EDGE('',*,*,#5833,.T.);
#5833 = EDGE_CURVE('',#5834,#5836,#5838,.T.);
#5834 = VERTEX_POINT('',#5835);
#5835 = CARTESIAN_POINT('',(-1.8,0.5,7.));
#5836 = VERTEX_POINT('',#5837);
#5837 = CARTESIAN_POINT('',(-2.45,0.5,7.));
#5838 = LINE('',#5839,#5840);
#5839 = CARTESIAN_POINT('',(7.45,0.5,7.));
#5840 = VECTOR('',#5841,1.);
#5841 = DIRECTION('',(-1.,1.224646799147E-16,0.));
#5842 = ORIENTED_EDGE('',*,*,#5843,.T.);
#5843 = EDGE_CURVE('',#5836,#5844,#5846,.T.);
#5844 = VERTEX_POINT('',#5845);
#5845 = CARTESIAN_POINT('',(-2.45,-3.4,7.));
#5846 = LINE('',#5847,#5848);
#5847 = CARTESIAN_POINT('',(-2.45,2.35,7.));
#5848 = VECTOR('',#5849,1.);
#5849 = DIRECTION('',(-1.224646799147E-16,-1.,0.));
#5850 = ORIENTED_EDGE('',*,*,#5851,.T.);
#5851 = EDGE_CURVE('',#5844,#5852,#5854,.T.);
#5852 = VERTEX_POINT('',#5853);
#5853 = CARTESIAN_POINT('',(7.45,-3.4,7.));
#5854 = LINE('',#5855,#5856);
#5855 = CARTESIAN_POINT('',(-2.45,-3.4,7.));
#5856 = VECTOR('',#5857,1.);
#5857 = DIRECTION('',(1.,-1.224646799147E-16,0.));
#5858 = ORIENTED_EDGE('',*,*,#5859,.T.);
#5859 = EDGE_CURVE('',#5852,#5860,#5862,.T.);
#5860 = VERTEX_POINT('',#5861);
#5861 = CARTESIAN_POINT('',(7.45,0.5,7.));
#5862 = LINE('',#5863,#5864);
#5863 = CARTESIAN_POINT('',(7.45,-3.4,7.));
#5864 = VECTOR('',#5865,1.);
#5865 = DIRECTION('',(1.224646799147E-16,1.,0.));
#5866 = ORIENTED_EDGE('',*,*,#5867,.T.);
#5867 = EDGE_CURVE('',#5860,#5868,#5870,.T.);
#5868 = VERTEX_POINT('',#5869);
#5869 = CARTESIAN_POINT('',(6.8,0.5,7.));
#5870 = LINE('',#5871,#5872);
#5871 = CARTESIAN_POINT('',(7.45,0.5,7.));
#5872 = VECTOR('',#5873,1.);
#5873 = DIRECTION('',(-1.,1.224646799147E-16,0.));
#5874 = ORIENTED_EDGE('',*,*,#5875,.F.);
#5875 = EDGE_CURVE('',#5876,#5868,#5878,.T.);
#5876 = VERTEX_POINT('',#5877);
#5877 = CARTESIAN_POINT('',(6.8,-2.85,7.));
#5878 = LINE('',#5879,#5880);
#5879 = CARTESIAN_POINT('',(6.8,-2.65,7.));
#5880 = VECTOR('',#5881,1.);
#5881 = DIRECTION('',(1.224646799147E-16,1.,0.));
#5882 = ORIENTED_EDGE('',*,*,#5883,.F.);
#5883 = EDGE_CURVE('',#5884,#5876,#5886,.T.);
#5884 = VERTEX_POINT('',#5885);
#5885 = CARTESIAN_POINT('',(-1.8,-2.85,7.));
#5886 = LINE('',#5887,#5888);
#5887 = CARTESIAN_POINT('',(-1.6,-2.85,7.));
#5888 = VECTOR('',#5889,1.);
#5889 = DIRECTION('',(1.,-1.224646799147E-16,0.));
#5890 = ORIENTED_EDGE('',*,*,#5891,.F.);
#5891 = EDGE_CURVE('',#5834,#5884,#5892,.T.);
#5892 = LINE('',#5893,#5894);
#5893 = CARTESIAN_POINT('',(-1.8,0.5,7.));
#5894 = VECTOR('',#5895,1.);
#5895 = DIRECTION('',(-1.224646799147E-16,-1.,0.));
#5896 = PLANE('',#5897);
#5897 = AXIS2_PLACEMENT_3D('',#5898,#5899,#5900);
#5898 = CARTESIAN_POINT('',(2.5,-0.525,7.));
#5899 = DIRECTION('',(0.,0.,1.));
#5900 = DIRECTION('',(-1.,1.224646799147E-16,0.));
#5901 = ADVANCED_FACE('',(#5902),#5935,.T.);
#5902 = FACE_BOUND('',#5903,.T.);
#5903 = EDGE_LOOP('',(#5904,#5914,#5922,#5928,#5929));
#5904 = ORIENTED_EDGE('',*,*,#5905,.T.);
#5905 = EDGE_CURVE('',#5906,#5908,#5910,.T.);
#5906 = VERTEX_POINT('',#5907);
#5907 = CARTESIAN_POINT('',(-1.6,0.5,6.8));
#5908 = VERTEX_POINT('',#5909);
#5909 = CARTESIAN_POINT('',(-1.6,0.5,3.65));
#5910 = LINE('',#5911,#5912);
#5911 = CARTESIAN_POINT('',(-1.6,0.5,5.325));
#5912 = VECTOR('',#5913,1.);
#5913 = DIRECTION('',(-0.,0.,-1.));
#5914 = ORIENTED_EDGE('',*,*,#5915,.T.);
#5915 = EDGE_CURVE('',#5908,#5916,#5918,.T.);
#5916 = VERTEX_POINT('',#5917);
#5917 = CARTESIAN_POINT('',(-2.45,0.5,3.65));
#5918 = LINE('',#5919,#5920);
#5919 = CARTESIAN_POINT('',(7.45,0.5,3.65));
#5920 = VECTOR('',#5921,1.);
#5921 = DIRECTION('',(-1.,1.224646799147E-16,0.));
#5922 = ORIENTED_EDGE('',*,*,#5923,.T.);
#5923 = EDGE_CURVE('',#5916,#5836,#5924,.T.);
#5924 = LINE('',#5925,#5926);
#5925 = CARTESIAN_POINT('',(-2.45,0.5,1.825));
#5926 = VECTOR('',#5927,1.);
#5927 = DIRECTION('',(0.,0.,1.));
#5928 = ORIENTED_EDGE('',*,*,#5833,.F.);
#5929 = ORIENTED_EDGE('',*,*,#5930,.T.);
#5930 = EDGE_CURVE('',#5834,#5906,#5931,.T.);
#5931 = LINE('',#5932,#5933);
#5932 = CARTESIAN_POINT('',(1.4,0.5,3.8));
#5933 = VECTOR('',#5934,1.);
#5934 = DIRECTION('',(0.707106781187,-8.659560562349E-17,-0.707106781187
    ));
#5935 = PLANE('',#5936);
#5936 = AXIS2_PLACEMENT_3D('',#5937,#5938,#5939);
#5937 = CARTESIAN_POINT('',(7.45,0.5,3.65));
#5938 = DIRECTION('',(1.224646799147E-16,1.,0.));
#5939 = DIRECTION('',(0.,-0.,1.));
#5940 = ADVANCED_FACE('',(#5941),#5959,.F.);
#5941 = FACE_BOUND('',#5942,.T.);
#5942 = EDGE_LOOP('',(#5943,#5944,#5945,#5953));
#5943 = ORIENTED_EDGE('',*,*,#5930,.F.);
#5944 = ORIENTED_EDGE('',*,*,#5891,.T.);
#5945 = ORIENTED_EDGE('',*,*,#5946,.T.);
#5946 = EDGE_CURVE('',#5884,#5947,#5949,.T.);
#5947 = VERTEX_POINT('',#5948);
#5948 = CARTESIAN_POINT('',(-1.6,-2.65,6.8));
#5949 = LINE('',#5950,#5951);
#5950 = CARTESIAN_POINT('',(-1.141666666667,-2.191666666667,
    6.341666666667));
#5951 = VECTOR('',#5952,1.);
#5952 = DIRECTION('',(0.57735026919,0.57735026919,-0.57735026919));
#5953 = ORIENTED_EDGE('',*,*,#5954,.F.);
#5954 = EDGE_CURVE('',#5906,#5947,#5955,.T.);
#5955 = LINE('',#5956,#5957);
#5956 = CARTESIAN_POINT('',(-1.6,0.5,6.8));
#5957 = VECTOR('',#5958,1.);
#5958 = DIRECTION('',(-1.224646799147E-16,-1.,0.));
#5959 = PLANE('',#5960);
#5960 = AXIS2_PLACEMENT_3D('',#5961,#5962,#5963);
#5961 = CARTESIAN_POINT('',(-1.7,0.5,6.9));
#5962 = DIRECTION('',(-0.707106781187,8.659560562349E-17,-0.707106781187
    ));
#5963 = DIRECTION('',(1.224646799147E-16,1.,-2.105272540809E-29));
#5964 = ADVANCED_FACE('',(#5965),#6024,.F.);
#5965 = FACE_BOUND('',#5966,.F.);
#5966 = EDGE_LOOP('',(#5967,#5977,#5985,#5993,#6001,#6010,#6016,#6017,
    #6018));
#5967 = ORIENTED_EDGE('',*,*,#5968,.F.);
#5968 = EDGE_CURVE('',#5969,#5971,#5973,.T.);
#5969 = VERTEX_POINT('',#5970);
#5970 = CARTESIAN_POINT('',(-2.45,2.35,0.));
#5971 = VERTEX_POINT('',#5972);
#5972 = CARTESIAN_POINT('',(-2.45,-3.4,0.));
#5973 = LINE('',#5974,#5975);
#5974 = CARTESIAN_POINT('',(-2.45,2.35,0.));
#5975 = VECTOR('',#5976,1.);
#5976 = DIRECTION('',(-1.224646799147E-16,-1.,0.));
#5977 = ORIENTED_EDGE('',*,*,#5978,.T.);
#5978 = EDGE_CURVE('',#5969,#5979,#5981,.T.);
#5979 = VERTEX_POINT('',#5980);
#5980 = CARTESIAN_POINT('',(-2.45,2.35,7.));
#5981 = LINE('',#5982,#5983);
#5982 = CARTESIAN_POINT('',(-2.45,2.35,0.));
#5983 = VECTOR('',#5984,1.);
#5984 = DIRECTION('',(0.,0.,1.));
#5985 = ORIENTED_EDGE('',*,*,#5986,.T.);
#5986 = EDGE_CURVE('',#5979,#5987,#5989,.T.);
#5987 = VERTEX_POINT('',#5988);
#5988 = CARTESIAN_POINT('',(-2.45,1.5,7.));
#5989 = LINE('',#5990,#5991);
#5990 = CARTESIAN_POINT('',(-2.45,2.35,7.));
#5991 = VECTOR('',#5992,1.);
#5992 = DIRECTION('',(-1.224646799147E-16,-1.,0.));
#5993 = ORIENTED_EDGE('',*,*,#5994,.T.);
#5994 = EDGE_CURVE('',#5987,#5995,#5997,.T.);
#5995 = VERTEX_POINT('',#5996);
#5996 = CARTESIAN_POINT('',(-2.45,1.5,4.15));
#5997 = LINE('',#5998,#5999);
#5998 = CARTESIAN_POINT('',(-2.45,1.5,3.5));
#5999 = VECTOR('',#6000,1.);
#6000 = DIRECTION('',(-0.,0.,-1.));
#6001 = ORIENTED_EDGE('',*,*,#6002,.F.);
#6002 = EDGE_CURVE('',#6003,#5995,#6005,.T.);
#6003 = VERTEX_POINT('',#6004);
#6004 = CARTESIAN_POINT('',(-2.45,1.,3.65));
#6005 = CIRCLE('',#6006,0.5);
#6006 = AXIS2_PLACEMENT_3D('',#6007,#6008,#6009);
#6007 = CARTESIAN_POINT('',(-2.45,1.,4.15));
#6008 = DIRECTION('',(1.,-1.224646799147E-16,0.));
#6009 = DIRECTION('',(1.224646799147E-16,1.,0.));
#6010 = ORIENTED_EDGE('',*,*,#6011,.T.);
#6011 = EDGE_CURVE('',#6003,#5916,#6012,.T.);
#6012 = LINE('',#6013,#6014);
#6013 = CARTESIAN_POINT('',(-2.45,1.675,3.65));
#6014 = VECTOR('',#6015,1.);
#6015 = DIRECTION('',(-1.224646799147E-16,-1.,0.));
#6016 = ORIENTED_EDGE('',*,*,#5923,.T.);
#6017 = ORIENTED_EDGE('',*,*,#5843,.T.);
#6018 = ORIENTED_EDGE('',*,*,#6019,.F.);
#6019 = EDGE_CURVE('',#5971,#5844,#6020,.T.);
#6020 = LINE('',#6021,#6022);
#6021 = CARTESIAN_POINT('',(-2.45,-3.4,0.));
#6022 = VECTOR('',#6023,1.);
#6023 = DIRECTION('',(0.,0.,1.));
#6024 = PLANE('',#6025);
#6025 = AXIS2_PLACEMENT_3D('',#6026,#6027,#6028);
#6026 = CARTESIAN_POINT('',(-2.45,2.35,0.));
#6027 = DIRECTION('',(1.,-1.224646799147E-16,0.));
#6028 = DIRECTION('',(-1.224646799147E-16,-1.,0.));
#6029 = ADVANCED_FACE('',(#6030),#6048,.F.);
#6030 = FACE_BOUND('',#6031,.T.);
#6031 = EDGE_LOOP('',(#6032,#6033,#6034,#6042));
#6032 = ORIENTED_EDGE('',*,*,#5946,.F.);
#6033 = ORIENTED_EDGE('',*,*,#5883,.T.);
#6034 = ORIENTED_EDGE('',*,*,#6035,.T.);
#6035 = EDGE_CURVE('',#5876,#6036,#6038,.T.);
#6036 = VERTEX_POINT('',#6037);
#6037 = CARTESIAN_POINT('',(6.6,-2.65,6.8));
#6038 = LINE('',#6039,#6040);
#6039 = CARTESIAN_POINT('',(5.3,-1.35,5.5));
#6040 = VECTOR('',#6041,1.);
#6041 = DIRECTION('',(-0.57735026919,0.57735026919,-0.57735026919));
#6042 = ORIENTED_EDGE('',*,*,#6043,.F.);
#6043 = EDGE_CURVE('',#5947,#6036,#6044,.T.);
#6044 = LINE('',#6045,#6046);
#6045 = CARTESIAN_POINT('',(-1.6,-2.65,6.8));
#6046 = VECTOR('',#6047,1.);
#6047 = DIRECTION('',(1.,-1.224646799147E-16,0.));
#6048 = PLANE('',#6049);
#6049 = AXIS2_PLACEMENT_3D('',#6050,#6051,#6052);
#6050 = CARTESIAN_POINT('',(-1.6,-2.75,6.9));
#6051 = DIRECTION('',(-8.659560562349E-17,-0.707106781187,
    -0.707106781187));
#6052 = DIRECTION('',(-1.,1.224646799147E-16,-2.105272540809E-29));
#6053 = ADVANCED_FACE('',(#6054),#6168,.F.);
#6054 = FACE_BOUND('',#6055,.F.);
#6055 = EDGE_LOOP('',(#6056,#6064,#6065,#6066,#6074,#6082,#6090,#6098,
    #6106,#6114,#6122,#6130,#6138,#6146,#6154,#6162));
#6056 = ORIENTED_EDGE('',*,*,#6057,.F.);
#6057 = EDGE_CURVE('',#5971,#6058,#6060,.T.);
#6058 = VERTEX_POINT('',#6059);
#6059 = CARTESIAN_POINT('',(-0.75,-3.4,0.));
#6060 = LINE('',#6061,#6062);
#6061 = CARTESIAN_POINT('',(-2.45,-3.4,0.));
#6062 = VECTOR('',#6063,1.);
#6063 = DIRECTION('',(1.,-1.224646799147E-16,0.));
#6064 = ORIENTED_EDGE('',*,*,#6019,.T.);
#6065 = ORIENTED_EDGE('',*,*,#5851,.T.);
#6066 = ORIENTED_EDGE('',*,*,#6067,.F.);
#6067 = EDGE_CURVE('',#6068,#5852,#6070,.T.);
#6068 = VERTEX_POINT('',#6069);
#6069 = CARTESIAN_POINT('',(7.45,-3.4,0.));
#6070 = LINE('',#6071,#6072);
#6071 = CARTESIAN_POINT('',(7.45,-3.4,0.));
#6072 = VECTOR('',#6073,1.);
#6073 = DIRECTION('',(0.,0.,1.));
#6074 = ORIENTED_EDGE('',*,*,#6075,.F.);
#6075 = EDGE_CURVE('',#6076,#6068,#6078,.T.);
#6076 = VERTEX_POINT('',#6077);
#6077 = CARTESIAN_POINT('',(5.75,-3.4,0.));
#6078 = LINE('',#6079,#6080);
#6079 = CARTESIAN_POINT('',(-2.45,-3.4,0.));
#6080 = VECTOR('',#6081,1.);
#6081 = DIRECTION('',(1.,-1.224646799147E-16,0.));
#6082 = ORIENTED_EDGE('',*,*,#6083,.F.);
#6083 = EDGE_CURVE('',#6084,#6076,#6086,.T.);
#6084 = VERTEX_POINT('',#6085);
#6085 = CARTESIAN_POINT('',(5.75,-3.4,1.));
#6086 = LINE('',#6087,#6088);
#6087 = CARTESIAN_POINT('',(5.75,-3.4,1.));
#6088 = VECTOR('',#6089,1.);
#6089 = DIRECTION('',(-0.,0.,-1.));
#6090 = ORIENTED_EDGE('',*,*,#6091,.T.);
#6091 = EDGE_CURVE('',#6084,#6092,#6094,.T.);
#6092 = VERTEX_POINT('',#6093);
#6093 = CARTESIAN_POINT('',(4.25,-3.4,1.));
#6094 = LINE('',#6095,#6096);
#6095 = CARTESIAN_POINT('',(5.75,-3.4,1.));
#6096 = VECTOR('',#6097,1.);
#6097 = DIRECTION('',(-1.,1.224646799147E-16,0.));
#6098 = ORIENTED_EDGE('',*,*,#6099,.T.);
#6099 = EDGE_CURVE('',#6092,#6100,#6102,.T.);
#6100 = VERTEX_POINT('',#6101);
#6101 = CARTESIAN_POINT('',(4.25,-3.4,0.));
#6102 = LINE('',#6103,#6104);
#6103 = CARTESIAN_POINT('',(4.25,-3.4,1.));
#6104 = VECTOR('',#6105,1.);
#6105 = DIRECTION('',(-0.,0.,-1.));
#6106 = ORIENTED_EDGE('',*,*,#6107,.F.);
#6107 = EDGE_CURVE('',#6108,#6100,#6110,.T.);
#6108 = VERTEX_POINT('',#6109);
#6109 = CARTESIAN_POINT('',(3.25,-3.4,0.));
#6110 = LINE('',#6111,#6112);
#6111 = CARTESIAN_POINT('',(-2.45,-3.4,0.));
#6112 = VECTOR('',#6113,1.);
#6113 = DIRECTION('',(1.,-1.224646799147E-16,0.));
#6114 = ORIENTED_EDGE('',*,*,#6115,.F.);
#6115 = EDGE_CURVE('',#6116,#6108,#6118,.T.);
#6116 = VERTEX_POINT('',#6117);
#6117 = CARTESIAN_POINT('',(3.25,-3.4,1.));
#6118 = LINE('',#6119,#6120);
#6119 = CARTESIAN_POINT('',(3.25,-3.4,1.));
#6120 = VECTOR('',#6121,1.);
#6121 = DIRECTION('',(-0.,0.,-1.));
#6122 = ORIENTED_EDGE('',*,*,#6123,.T.);
#6123 = EDGE_CURVE('',#6116,#6124,#6126,.T.);
#6124 = VERTEX_POINT('',#6125);
#6125 = CARTESIAN_POINT('',(1.75,-3.4,1.));
#6126 = LINE('',#6127,#6128);
#6127 = CARTESIAN_POINT('',(3.25,-3.4,1.));
#6128 = VECTOR('',#6129,1.);
#6129 = DIRECTION('',(-1.,1.224646799147E-16,0.));
#6130 = ORIENTED_EDGE('',*,*,#6131,.T.);
#6131 = EDGE_CURVE('',#6124,#6132,#6134,.T.);
#6132 = VERTEX_POINT('',#6133);
#6133 = CARTESIAN_POINT('',(1.75,-3.4,0.));
#6134 = LINE('',#6135,#6136);
#6135 = CARTESIAN_POINT('',(1.75,-3.4,1.));
#6136 = VECTOR('',#6137,1.);
#6137 = DIRECTION('',(-0.,0.,-1.));
#6138 = ORIENTED_EDGE('',*,*,#6139,.F.);
#6139 = EDGE_CURVE('',#6140,#6132,#6142,.T.);
#6140 = VERTEX_POINT('',#6141);
#6141 = CARTESIAN_POINT('',(0.75,-3.4,0.));
#6142 = LINE('',#6143,#6144);
#6143 = CARTESIAN_POINT('',(-2.45,-3.4,0.));
#6144 = VECTOR('',#6145,1.);
#6145 = DIRECTION('',(1.,-1.224646799147E-16,0.));
#6146 = ORIENTED_EDGE('',*,*,#6147,.F.);
#6147 = EDGE_CURVE('',#6148,#6140,#6150,.T.);
#6148 = VERTEX_POINT('',#6149);
#6149 = CARTESIAN_POINT('',(0.75,-3.4,1.));
#6150 = LINE('',#6151,#6152);
#6151 = CARTESIAN_POINT('',(0.75,-3.4,1.));
#6152 = VECTOR('',#6153,1.);
#6153 = DIRECTION('',(-0.,0.,-1.));
#6154 = ORIENTED_EDGE('',*,*,#6155,.T.);
#6155 = EDGE_CURVE('',#6148,#6156,#6158,.T.);
#6156 = VERTEX_POINT('',#6157);
#6157 = CARTESIAN_POINT('',(-0.75,-3.4,1.));
#6158 = LINE('',#6159,#6160);
#6159 = CARTESIAN_POINT('',(0.75,-3.4,1.));
#6160 = VECTOR('',#6161,1.);
#6161 = DIRECTION('',(-1.,1.224646799147E-16,0.));
#6162 = ORIENTED_EDGE('',*,*,#6163,.T.);
#6163 = EDGE_CURVE('',#6156,#6058,#6164,.T.);
#6164 = LINE('',#6165,#6166);
#6165 = CARTESIAN_POINT('',(-0.75,-3.4,1.));
#6166 = VECTOR('',#6167,1.);
#6167 = DIRECTION('',(-0.,0.,-1.));
#6168 = PLANE('',#6169);
#6169 = AXIS2_PLACEMENT_3D('',#6170,#6171,#6172);
#6170 = CARTESIAN_POINT('',(-2.45,-3.4,0.));
#6171 = DIRECTION('',(1.224646799147E-16,1.,0.));
#6172 = DIRECTION('',(1.,-1.224646799147E-16,0.));
#6173 = ADVANCED_FACE('',(#6174),#6192,.F.);
#6174 = FACE_BOUND('',#6175,.T.);
#6175 = EDGE_LOOP('',(#6176,#6177,#6178,#6186));
#6176 = ORIENTED_EDGE('',*,*,#6035,.F.);
#6177 = ORIENTED_EDGE('',*,*,#5875,.T.);
#6178 = ORIENTED_EDGE('',*,*,#6179,.T.);
#6179 = EDGE_CURVE('',#5868,#6180,#6182,.T.);
#6180 = VERTEX_POINT('',#6181);
#6181 = CARTESIAN_POINT('',(6.6,0.5,6.8));
#6182 = LINE('',#6183,#6184);
#6183 = CARTESIAN_POINT('',(6.075,0.5,6.275));
#6184 = VECTOR('',#6185,1.);
#6185 = DIRECTION('',(-0.707106781187,8.659560562349E-17,-0.707106781187
    ));
#6186 = ORIENTED_EDGE('',*,*,#6187,.F.);
#6187 = EDGE_CURVE('',#6036,#6180,#6188,.T.);
#6188 = LINE('',#6189,#6190);
#6189 = CARTESIAN_POINT('',(6.6,-2.65,6.8));
#6190 = VECTOR('',#6191,1.);
#6191 = DIRECTION('',(1.224646799147E-16,1.,0.));
#6192 = PLANE('',#6193);
#6193 = AXIS2_PLACEMENT_3D('',#6194,#6195,#6196);
#6194 = CARTESIAN_POINT('',(6.7,-2.65,6.9));
#6195 = DIRECTION('',(0.707106781187,-8.659560562349E-17,-0.707106781187
    ));
#6196 = DIRECTION('',(-1.224646799147E-16,-1.,-2.105272540809E-29));
#6197 = ADVANCED_FACE('',(#6198),#6257,.F.);
#6198 = FACE_BOUND('',#6199,.F.);
#6199 = EDGE_LOOP('',(#6200,#6208,#6209,#6210,#6218,#6226,#6235,#6243,
    #6251));
#6200 = ORIENTED_EDGE('',*,*,#6201,.F.);
#6201 = EDGE_CURVE('',#6068,#6202,#6204,.T.);
#6202 = VERTEX_POINT('',#6203);
#6203 = CARTESIAN_POINT('',(7.45,2.35,0.));
#6204 = LINE('',#6205,#6206);
#6205 = CARTESIAN_POINT('',(7.45,-3.4,0.));
#6206 = VECTOR('',#6207,1.);
#6207 = DIRECTION('',(1.224646799147E-16,1.,0.));
#6208 = ORIENTED_EDGE('',*,*,#6067,.T.);
#6209 = ORIENTED_EDGE('',*,*,#5859,.T.);
#6210 = ORIENTED_EDGE('',*,*,#6211,.F.);
#6211 = EDGE_CURVE('',#6212,#5860,#6214,.T.);
#6212 = VERTEX_POINT('',#6213);
#6213 = CARTESIAN_POINT('',(7.45,0.5,3.65));
#6214 = LINE('',#6215,#6216);
#6215 = CARTESIAN_POINT('',(7.45,0.5,3.65));
#6216 = VECTOR('',#6217,1.);
#6217 = DIRECTION('',(0.,0.,1.));
#6218 = ORIENTED_EDGE('',*,*,#6219,.F.);
#6219 = EDGE_CURVE('',#6220,#6212,#6222,.T.);
#6220 = VERTEX_POINT('',#6221);
#6221 = CARTESIAN_POINT('',(7.45,1.,3.65));
#6222 = LINE('',#6223,#6224);
#6223 = CARTESIAN_POINT('',(7.45,1.,3.65));
#6224 = VECTOR('',#6225,1.);
#6225 = DIRECTION('',(-1.224646799147E-16,-1.,0.));
#6226 = ORIENTED_EDGE('',*,*,#6227,.F.);
#6227 = EDGE_CURVE('',#6228,#6220,#6230,.T.);
#6228 = VERTEX_POINT('',#6229);
#6229 = CARTESIAN_POINT('',(7.45,1.5,4.15));
#6230 = CIRCLE('',#6231,0.5);
#6231 = AXIS2_PLACEMENT_3D('',#6232,#6233,#6234);
#6232 = CARTESIAN_POINT('',(7.45,1.,4.15));
#6233 = DIRECTION('',(-1.,1.224646799147E-16,0.));
#6234 = DIRECTION('',(1.224646799147E-16,1.,0.));
#6235 = ORIENTED_EDGE('',*,*,#6236,.F.);
#6236 = EDGE_CURVE('',#6237,#6228,#6239,.T.);
#6237 = VERTEX_POINT('',#6238);
#6238 = CARTESIAN_POINT('',(7.45,1.5,7.));
#6239 = LINE('',#6240,#6241);
#6240 = CARTESIAN_POINT('',(7.45,1.5,7.));
#6241 = VECTOR('',#6242,1.);
#6242 = DIRECTION('',(-0.,0.,-1.));
#6243 = ORIENTED_EDGE('',*,*,#6244,.T.);
#6244 = EDGE_CURVE('',#6237,#6245,#6247,.T.);
#6245 = VERTEX_POINT('',#6246);
#6246 = CARTESIAN_POINT('',(7.45,2.35,7.));
#6247 = LINE('',#6248,#6249);
#6248 = CARTESIAN_POINT('',(7.45,-3.4,7.));
#6249 = VECTOR('',#6250,1.);
#6250 = DIRECTION('',(1.224646799147E-16,1.,0.));
#6251 = ORIENTED_EDGE('',*,*,#6252,.F.);
#6252 = EDGE_CURVE('',#6202,#6245,#6253,.T.);
#6253 = LINE('',#6254,#6255);
#6254 = CARTESIAN_POINT('',(7.45,2.35,0.));
#6255 = VECTOR('',#6256,1.);
#6256 = DIRECTION('',(0.,0.,1.));
#6257 = PLANE('',#6258);
#6258 = AXIS2_PLACEMENT_3D('',#6259,#6260,#6261);
#6259 = CARTESIAN_POINT('',(7.45,-3.4,0.));
#6260 = DIRECTION('',(-1.,1.224646799147E-16,0.));
#6261 = DIRECTION('',(1.224646799147E-16,1.,0.));
#6262 = ADVANCED_FACE('',(#6263),#6282,.T.);
#6263 = FACE_BOUND('',#6264,.T.);
#6264 = EDGE_LOOP('',(#6265,#6266,#6267,#6275,#6281));
#6265 = ORIENTED_EDGE('',*,*,#5867,.F.);
#6266 = ORIENTED_EDGE('',*,*,#6211,.F.);
#6267 = ORIENTED_EDGE('',*,*,#6268,.T.);
#6268 = EDGE_CURVE('',#6212,#6269,#6271,.T.);
#6269 = VERTEX_POINT('',#6270);
#6270 = CARTESIAN_POINT('',(6.6,0.5,3.65));
#6271 = LINE('',#6272,#6273);
#6272 = CARTESIAN_POINT('',(7.45,0.5,3.65));
#6273 = VECTOR('',#6274,1.);
#6274 = DIRECTION('',(-1.,1.224646799147E-16,0.));
#6275 = ORIENTED_EDGE('',*,*,#6276,.T.);
#6276 = EDGE_CURVE('',#6269,#6180,#6277,.T.);
#6277 = LINE('',#6278,#6279);
#6278 = CARTESIAN_POINT('',(6.6,0.5,5.325));
#6279 = VECTOR('',#6280,1.);
#6280 = DIRECTION('',(0.,0.,1.));
#6281 = ORIENTED_EDGE('',*,*,#6179,.F.);
#6282 = PLANE('',#6283);
#6283 = AXIS2_PLACEMENT_3D('',#6284,#6285,#6286);
#6284 = CARTESIAN_POINT('',(7.45,0.5,3.65));
#6285 = DIRECTION('',(1.224646799147E-16,1.,0.));
#6286 = DIRECTION('',(0.,-0.,1.));
#6287 = ADVANCED_FACE('',(#6288),#6331,.F.);
#6288 = FACE_BOUND('',#6289,.F.);
#6289 = EDGE_LOOP('',(#6290,#6291,#6299,#6308,#6316,#6324,#6330));
#6290 = ORIENTED_EDGE('',*,*,#5905,.T.);
#6291 = ORIENTED_EDGE('',*,*,#6292,.T.);
#6292 = EDGE_CURVE('',#5908,#6293,#6295,.T.);
#6293 = VERTEX_POINT('',#6294);
#6294 = CARTESIAN_POINT('',(-1.6,1.,3.65));
#6295 = LINE('',#6296,#6297);
#6296 = CARTESIAN_POINT('',(-1.6,1.25,3.65));
#6297 = VECTOR('',#6298,1.);
#6298 = DIRECTION('',(1.224646799147E-16,1.,0.));
#6299 = ORIENTED_EDGE('',*,*,#6300,.T.);
#6300 = EDGE_CURVE('',#6293,#6301,#6303,.T.);
#6301 = VERTEX_POINT('',#6302);
#6302 = CARTESIAN_POINT('',(-1.6,1.5,4.15));
#6303 = CIRCLE('',#6304,0.5);
#6304 = AXIS2_PLACEMENT_3D('',#6305,#6306,#6307);
#6305 = CARTESIAN_POINT('',(-1.6,1.,4.15));
#6306 = DIRECTION('',(1.,-1.224646799147E-16,0.));
#6307 = DIRECTION('',(1.224646799147E-16,1.,0.));
#6308 = ORIENTED_EDGE('',*,*,#6309,.T.);
#6309 = EDGE_CURVE('',#6301,#6310,#6312,.T.);
#6310 = VERTEX_POINT('',#6311);
#6311 = CARTESIAN_POINT('',(-1.6,1.5,1.85));
#6312 = LINE('',#6313,#6314);
#6313 = CARTESIAN_POINT('',(-1.6,1.5,7.));
#6314 = VECTOR('',#6315,1.);
#6315 = DIRECTION('',(0.,0.,-1.));
#6316 = ORIENTED_EDGE('',*,*,#6317,.T.);
#6317 = EDGE_CURVE('',#6310,#6318,#6320,.T.);
#6318 = VERTEX_POINT('',#6319);
#6319 = CARTESIAN_POINT('',(-1.6,-2.65,1.85));
#6320 = LINE('',#6321,#6322);
#6321 = CARTESIAN_POINT('',(-1.6,1.5,1.85));
#6322 = VECTOR('',#6323,1.);
#6323 = DIRECTION('',(-1.224646799147E-16,-1.,0.));
#6324 = ORIENTED_EDGE('',*,*,#6325,.F.);
#6325 = EDGE_CURVE('',#5947,#6318,#6326,.T.);
#6326 = LINE('',#6327,#6328);
#6327 = CARTESIAN_POINT('',(-1.6,-2.65,7.));
#6328 = VECTOR('',#6329,1.);
#6329 = DIRECTION('',(0.,0.,-1.));
#6330 = ORIENTED_EDGE('',*,*,#5954,.F.);
#6331 = PLANE('',#6332);
#6332 = AXIS2_PLACEMENT_3D('',#6333,#6334,#6335);
#6333 = CARTESIAN_POINT('',(-1.6,1.5,7.));
#6334 = DIRECTION('',(-1.,1.224646799147E-16,0.));
#6335 = DIRECTION('',(-1.224646799147E-16,-1.,0.));
#6336 = ADVANCED_FACE('',(#6337),#6348,.T.);
#6337 = FACE_BOUND('',#6338,.T.);
#6338 = EDGE_LOOP('',(#6339,#6340,#6346,#6347));
#6339 = ORIENTED_EDGE('',*,*,#6292,.T.);
#6340 = ORIENTED_EDGE('',*,*,#6341,.T.);
#6341 = EDGE_CURVE('',#6293,#6003,#6342,.T.);
#6342 = LINE('',#6343,#6344);
#6343 = CARTESIAN_POINT('',(7.45,1.,3.65));
#6344 = VECTOR('',#6345,1.);
#6345 = DIRECTION('',(-1.,1.224646799147E-16,0.));
#6346 = ORIENTED_EDGE('',*,*,#6011,.T.);
#6347 = ORIENTED_EDGE('',*,*,#5915,.F.);
#6348 = PLANE('',#6349);
#6349 = AXIS2_PLACEMENT_3D('',#6350,#6351,#6352);
#6350 = CARTESIAN_POINT('',(7.45,1.,3.65));
#6351 = DIRECTION('',(0.,0.,1.));
#6352 = DIRECTION('',(-1.224646799147E-16,-1.,0.));
#6353 = ADVANCED_FACE('',(#6354),#6372,.F.);
#6354 = FACE_BOUND('',#6355,.F.);
#6355 = EDGE_LOOP('',(#6356,#6357,#6358,#6366));
#6356 = ORIENTED_EDGE('',*,*,#5968,.T.);
#6357 = ORIENTED_EDGE('',*,*,#6057,.T.);
#6358 = ORIENTED_EDGE('',*,*,#6359,.T.);
#6359 = EDGE_CURVE('',#6058,#6360,#6362,.T.);
#6360 = VERTEX_POINT('',#6361);
#6361 = CARTESIAN_POINT('',(-0.75,2.35,0.));
#6362 = LINE('',#6363,#6364);
#6363 = CARTESIAN_POINT('',(-0.75,-3.4,0.));
#6364 = VECTOR('',#6365,1.);
#6365 = DIRECTION('',(1.224646799147E-16,1.,0.));
#6366 = ORIENTED_EDGE('',*,*,#6367,.T.);
#6367 = EDGE_CURVE('',#6360,#5969,#6368,.T.);
#6368 = LINE('',#6369,#6370);
#6369 = CARTESIAN_POINT('',(7.45,2.35,0.));
#6370 = VECTOR('',#6371,1.);
#6371 = DIRECTION('',(-1.,1.224646799147E-16,0.));
#6372 = PLANE('',#6373);
#6373 = AXIS2_PLACEMENT_3D('',#6374,#6375,#6376);
#6374 = CARTESIAN_POINT('',(2.5,-0.525,0.));
#6375 = DIRECTION('',(0.,0.,1.));
#6376 = DIRECTION('',(-1.,1.224646799147E-16,0.));
#6377 = ADVANCED_FACE('',(#6378),#6389,.F.);
#6378 = FACE_BOUND('',#6379,.F.);
#6379 = EDGE_LOOP('',(#6380,#6381,#6382,#6388));
#6380 = ORIENTED_EDGE('',*,*,#6341,.T.);
#6381 = ORIENTED_EDGE('',*,*,#6002,.T.);
#6382 = ORIENTED_EDGE('',*,*,#6383,.F.);
#6383 = EDGE_CURVE('',#6301,#5995,#6384,.T.);
#6384 = LINE('',#6385,#6386);
#6385 = CARTESIAN_POINT('',(7.45,1.5,4.15));
#6386 = VECTOR('',#6387,1.);
#6387 = DIRECTION('',(-1.,1.224646799147E-16,0.));
#6388 = ORIENTED_EDGE('',*,*,#6300,.F.);
#6389 = CYLINDRICAL_SURFACE('',#6390,0.5);
#6390 = AXIS2_PLACEMENT_3D('',#6391,#6392,#6393);
#6391 = CARTESIAN_POINT('',(7.45,1.,4.15));
#6392 = DIRECTION('',(1.,-1.224646799147E-16,-0.));
#6393 = DIRECTION('',(1.224646799147E-16,1.,0.));
#6394 = ADVANCED_FACE('',(#6395),#6559,.T.);
#6395 = FACE_BOUND('',#6396,.T.);
#6396 = EDGE_LOOP('',(#6397,#6398,#6406,#6414,#6422,#6430,#6438,#6447,
    #6455,#6463,#6471,#6479,#6487,#6496,#6504,#6512,#6520,#6528,#6534,
    #6535,#6536,#6537,#6545,#6553));
#6397 = ORIENTED_EDGE('',*,*,#6236,.F.);
#6398 = ORIENTED_EDGE('',*,*,#6399,.T.);
#6399 = EDGE_CURVE('',#6237,#6400,#6402,.T.);
#6400 = VERTEX_POINT('',#6401);
#6401 = CARTESIAN_POINT('',(5.5,1.5,7.));
#6402 = LINE('',#6403,#6404);
#6403 = CARTESIAN_POINT('',(7.45,1.5,7.));
#6404 = VECTOR('',#6405,1.);
#6405 = DIRECTION('',(-1.,1.224646799147E-16,0.));
#6406 = ORIENTED_EDGE('',*,*,#6407,.T.);
#6407 = EDGE_CURVE('',#6400,#6408,#6410,.T.);
#6408 = VERTEX_POINT('',#6409);
#6409 = CARTESIAN_POINT('',(5.5,1.5,6.1));
#6410 = LINE('',#6411,#6412);
#6411 = CARTESIAN_POINT('',(5.5,1.5,5.327450166113));
#6412 = VECTOR('',#6413,1.);
#6413 = DIRECTION('',(-4.93432455389E-16,8.449221308824E-17,-1.));
#6414 = ORIENTED_EDGE('',*,*,#6415,.T.);
#6415 = EDGE_CURVE('',#6408,#6416,#6418,.T.);
#6416 = VERTEX_POINT('',#6417);
#6417 = CARTESIAN_POINT('',(5.25,1.5,5.85));
#6418 = LINE('',#6419,#6420);
#6419 = CARTESIAN_POINT('',(4.238725083056,1.5,4.838725083056));
#6420 = VECTOR('',#6421,1.);
#6421 = DIRECTION('',(-0.707106781187,1.463406224556E-16,-0.707106781187
    ));
#6422 = ORIENTED_EDGE('',*,*,#6423,.T.);
#6423 = EDGE_CURVE('',#6416,#6424,#6426,.T.);
#6424 = VERTEX_POINT('',#6425);
#6425 = CARTESIAN_POINT('',(5.5,1.5,5.6));
#6426 = LINE('',#6427,#6428);
#6427 = CARTESIAN_POINT('',(5.011274916944,1.5,6.088725083056));
#6428 = VECTOR('',#6429,1.);
#6429 = DIRECTION('',(0.707106781187,-2.685058879138E-17,-0.707106781187
    ));
#6430 = ORIENTED_EDGE('',*,*,#6431,.T.);
#6431 = EDGE_CURVE('',#6424,#6432,#6434,.T.);
#6432 = VERTEX_POINT('',#6433);
#6433 = CARTESIAN_POINT('',(5.5,1.5,3.85));
#6434 = LINE('',#6435,#6436);
#6435 = CARTESIAN_POINT('',(5.5,1.5,3.827450166113));
#6436 = VECTOR('',#6437,1.);
#6437 = DIRECTION('',(1.034731183114E-32,8.449221308824E-17,-1.));
#6438 = ORIENTED_EDGE('',*,*,#6439,.F.);
#6439 = EDGE_CURVE('',#6440,#6432,#6442,.T.);
#6440 = VERTEX_POINT('',#6441);
#6441 = CARTESIAN_POINT('',(4.75,1.5,3.1));
#6442 = CIRCLE('',#6443,0.75);
#6443 = AXIS2_PLACEMENT_3D('',#6444,#6445,#6446);
#6444 = CARTESIAN_POINT('',(4.75,1.5,3.85));
#6445 = DIRECTION('',(-1.224646799147E-16,-1.,0.));
#6446 = DIRECTION('',(-0.,0.,-1.));
#6447 = ORIENTED_EDGE('',*,*,#6448,.T.);
#6448 = EDGE_CURVE('',#6440,#6449,#6451,.T.);
#6449 = VERTEX_POINT('',#6450);
#6450 = CARTESIAN_POINT('',(4.,1.5,3.1));
#6451 = LINE('',#6452,#6453);
#6452 = CARTESIAN_POINT('',(3.25,1.5,3.1));
#6453 = VECTOR('',#6454,1.);
#6454 = DIRECTION('',(-1.,1.224646799147E-16,0.));
#6455 = ORIENTED_EDGE('',*,*,#6456,.T.);
#6456 = EDGE_CURVE('',#6449,#6457,#6459,.T.);
#6457 = VERTEX_POINT('',#6458);
#6458 = CARTESIAN_POINT('',(4.,1.5,7.));
#6459 = LINE('',#6460,#6461);
#6460 = CARTESIAN_POINT('',(4.,1.5,5.777450166113));
#6461 = VECTOR('',#6462,1.);
#6462 = DIRECTION('',(-1.034731183114E-32,-8.449221308824E-17,1.));
#6463 = ORIENTED_EDGE('',*,*,#6464,.T.);
#6464 = EDGE_CURVE('',#6457,#6465,#6467,.T.);
#6465 = VERTEX_POINT('',#6466);
#6466 = CARTESIAN_POINT('',(1.,1.5,7.));
#6467 = LINE('',#6468,#6469);
#6468 = CARTESIAN_POINT('',(7.45,1.5,7.));
#6469 = VECTOR('',#6470,1.);
#6470 = DIRECTION('',(-1.,1.224646799147E-16,0.));
#6471 = ORIENTED_EDGE('',*,*,#6472,.F.);
#6472 = EDGE_CURVE('',#6473,#6465,#6475,.T.);
#6473 = VERTEX_POINT('',#6474);
#6474 = CARTESIAN_POINT('',(1.,1.5,3.1));
#6475 = LINE('',#6476,#6477);
#6476 = CARTESIAN_POINT('',(1.,1.5,5.777450166113));
#6477 = VECTOR('',#6478,1.);
#6478 = DIRECTION('',(-1.034731183114E-32,-8.449221308824E-17,1.));
#6479 = ORIENTED_EDGE('',*,*,#6480,.F.);
#6480 = EDGE_CURVE('',#6481,#6473,#6483,.T.);
#6481 = VERTEX_POINT('',#6482);
#6482 = CARTESIAN_POINT('',(0.25,1.5,3.1));
#6483 = LINE('',#6484,#6485);
#6484 = CARTESIAN_POINT('',(1.75,1.5,3.1));
#6485 = VECTOR('',#6486,1.);
#6486 = DIRECTION('',(1.,-1.224646799147E-16,-0.));
#6487 = ORIENTED_EDGE('',*,*,#6488,.F.);
#6488 = EDGE_CURVE('',#6489,#6481,#6491,.T.);
#6489 = VERTEX_POINT('',#6490);
#6490 = CARTESIAN_POINT('',(-0.5,1.5,3.85));
#6491 = CIRCLE('',#6492,0.75);
#6492 = AXIS2_PLACEMENT_3D('',#6493,#6494,#6495);
#6493 = CARTESIAN_POINT('',(0.25,1.5,3.85));
#6494 = DIRECTION('',(-1.224646799147E-16,-1.,0.));
#6495 = DIRECTION('',(-0.,0.,-1.));
#6496 = ORIENTED_EDGE('',*,*,#6497,.F.);
#6497 = EDGE_CURVE('',#6498,#6489,#6500,.T.);
#6498 = VERTEX_POINT('',#6499);
#6499 = CARTESIAN_POINT('',(-0.5,1.5,5.6));
#6500 = LINE('',#6501,#6502);
#6501 = CARTESIAN_POINT('',(-0.5,1.5,3.827450166113));
#6502 = VECTOR('',#6503,1.);
#6503 = DIRECTION('',(1.034731183114E-32,8.449221308824E-17,-1.));
#6504 = ORIENTED_EDGE('',*,*,#6505,.F.);
#6505 = EDGE_CURVE('',#6506,#6498,#6508,.T.);
#6506 = VERTEX_POINT('',#6507);
#6507 = CARTESIAN_POINT('',(-0.25,1.5,5.85));
#6508 = LINE('',#6509,#6510);
#6509 = CARTESIAN_POINT('',(-1.127491694352E-02,1.5,6.088725083056));
#6510 = VECTOR('',#6511,1.);
#6511 = DIRECTION('',(-0.707106781187,1.463406224556E-16,-0.707106781187
    ));
#6512 = ORIENTED_EDGE('',*,*,#6513,.F.);
#6513 = EDGE_CURVE('',#6514,#6506,#6516,.T.);
#6514 = VERTEX_POINT('',#6515);
#6515 = CARTESIAN_POINT('',(-0.5,1.5,6.1));
#6516 = LINE('',#6517,#6518);
#6517 = CARTESIAN_POINT('',(0.761274916944,1.5,4.838725083056));
#6518 = VECTOR('',#6519,1.);
#6519 = DIRECTION('',(0.707106781187,-2.685058879138E-17,-0.707106781187
    ));
#6520 = ORIENTED_EDGE('',*,*,#6521,.F.);
#6521 = EDGE_CURVE('',#6522,#6514,#6524,.T.);
#6522 = VERTEX_POINT('',#6523);
#6523 = CARTESIAN_POINT('',(-0.5,1.5,7.));
#6524 = LINE('',#6525,#6526);
#6525 = CARTESIAN_POINT('',(-0.5,1.5,5.327450166113));
#6526 = VECTOR('',#6527,1.);
#6527 = DIRECTION('',(1.034731183114E-32,8.449221308824E-17,-1.));
#6528 = ORIENTED_EDGE('',*,*,#6529,.T.);
#6529 = EDGE_CURVE('',#6522,#5987,#6530,.T.);
#6530 = LINE('',#6531,#6532);
#6531 = CARTESIAN_POINT('',(7.45,1.5,7.));
#6532 = VECTOR('',#6533,1.);
#6533 = DIRECTION('',(-1.,1.224646799147E-16,0.));
#6534 = ORIENTED_EDGE('',*,*,#5994,.T.);
#6535 = ORIENTED_EDGE('',*,*,#6383,.F.);
#6536 = ORIENTED_EDGE('',*,*,#6309,.T.);
#6537 = ORIENTED_EDGE('',*,*,#6538,.F.);
#6538 = EDGE_CURVE('',#6539,#6310,#6541,.T.);
#6539 = VERTEX_POINT('',#6540);
#6540 = CARTESIAN_POINT('',(6.6,1.5,1.85));
#6541 = LINE('',#6542,#6543);
#6542 = CARTESIAN_POINT('',(6.6,1.5,1.85));
#6543 = VECTOR('',#6544,1.);
#6544 = DIRECTION('',(-1.,1.224646799147E-16,0.));
#6545 = ORIENTED_EDGE('',*,*,#6546,.F.);
#6546 = EDGE_CURVE('',#6547,#6539,#6549,.T.);
#6547 = VERTEX_POINT('',#6548);
#6548 = CARTESIAN_POINT('',(6.6,1.5,4.15));
#6549 = LINE('',#6550,#6551);
#6550 = CARTESIAN_POINT('',(6.6,1.5,7.));
#6551 = VECTOR('',#6552,1.);
#6552 = DIRECTION('',(0.,0.,-1.));
#6553 = ORIENTED_EDGE('',*,*,#6554,.F.);
#6554 = EDGE_CURVE('',#6228,#6547,#6555,.T.);
#6555 = LINE('',#6556,#6557);
#6556 = CARTESIAN_POINT('',(7.45,1.5,4.15));
#6557 = VECTOR('',#6558,1.);
#6558 = DIRECTION('',(-1.,1.224646799147E-16,0.));
#6559 = PLANE('',#6560);
#6560 = AXIS2_PLACEMENT_3D('',#6561,#6562,#6563);
#6561 = CARTESIAN_POINT('',(2.5,1.5,4.554900332226));
#6562 = DIRECTION('',(-1.224646799147E-16,-1.,-8.449221308824E-17));
#6563 = DIRECTION('',(-1.034731183114E-32,-8.449221308824E-17,1.));
#6564 = ADVANCED_FACE('',(#6565),#6583,.T.);
#6565 = FACE_BOUND('',#6566,.T.);
#6566 = EDGE_LOOP('',(#6567,#6568,#6576,#6582));
#6567 = ORIENTED_EDGE('',*,*,#6529,.F.);
#6568 = ORIENTED_EDGE('',*,*,#6569,.F.);
#6569 = EDGE_CURVE('',#6570,#6522,#6572,.T.);
#6570 = VERTEX_POINT('',#6571);
#6571 = CARTESIAN_POINT('',(-0.5,2.35,7.));
#6572 = LINE('',#6573,#6574);
#6573 = CARTESIAN_POINT('',(-0.5,2.35,7.));
#6574 = VECTOR('',#6575,1.);
#6575 = DIRECTION('',(-1.224646799147E-16,-1.,0.));
#6576 = ORIENTED_EDGE('',*,*,#6577,.T.);
#6577 = EDGE_CURVE('',#6570,#5979,#6578,.T.);
#6578 = LINE('',#6579,#6580);
#6579 = CARTESIAN_POINT('',(7.45,2.35,7.));
#6580 = VECTOR('',#6581,1.);
#6581 = DIRECTION('',(-1.,1.224646799147E-16,0.));
#6582 = ORIENTED_EDGE('',*,*,#5986,.T.);
#6583 = PLANE('',#6584);
#6584 = AXIS2_PLACEMENT_3D('',#6585,#6586,#6587);
#6585 = CARTESIAN_POINT('',(2.5,-0.525,7.));
#6586 = DIRECTION('',(0.,0.,1.));
#6587 = DIRECTION('',(-1.,1.224646799147E-16,0.));
#6588 = ADVANCED_FACE('',(#6589),#6817,.F.);
#6589 = FACE_BOUND('',#6590,.F.);
#6590 = EDGE_LOOP('',(#6591,#6599,#6600,#6608,#6616,#6624,#6632,#6640,
    #6649,#6657,#6665,#6673,#6681,#6689,#6698,#6706,#6714,#6722,#6728,
    #6729,#6730,#6731,#6739,#6747,#6755,#6763,#6771,#6779,#6787,#6795,
    #6803,#6811));
#6591 = ORIENTED_EDGE('',*,*,#6592,.F.);
#6592 = EDGE_CURVE('',#6202,#6593,#6595,.T.);
#6593 = VERTEX_POINT('',#6594);
#6594 = CARTESIAN_POINT('',(5.75,2.35,0.));
#6595 = LINE('',#6596,#6597);
#6596 = CARTESIAN_POINT('',(7.45,2.35,0.));
#6597 = VECTOR('',#6598,1.);
#6598 = DIRECTION('',(-1.,1.224646799147E-16,0.));
#6599 = ORIENTED_EDGE('',*,*,#6252,.T.);
#6600 = ORIENTED_EDGE('',*,*,#6601,.T.);
#6601 = EDGE_CURVE('',#6245,#6602,#6604,.T.);
#6602 = VERTEX_POINT('',#6603);
#6603 = CARTESIAN_POINT('',(5.5,2.35,7.));
#6604 = LINE('',#6605,#6606);
#6605 = CARTESIAN_POINT('',(7.45,2.35,7.));
#6606 = VECTOR('',#6607,1.);
#6607 = DIRECTION('',(-1.,1.224646799147E-16,0.));
#6608 = ORIENTED_EDGE('',*,*,#6609,.F.);
#6609 = EDGE_CURVE('',#6610,#6602,#6612,.T.);
#6610 = VERTEX_POINT('',#6611);
#6611 = CARTESIAN_POINT('',(5.5,2.35,6.1));
#6612 = LINE('',#6613,#6614);
#6613 = CARTESIAN_POINT('',(5.5,2.35,6.1));
#6614 = VECTOR('',#6615,1.);
#6615 = DIRECTION('',(4.93432455389E-16,-6.042804770875E-32,1.));
#6616 = ORIENTED_EDGE('',*,*,#6617,.F.);
#6617 = EDGE_CURVE('',#6618,#6610,#6620,.T.);
#6618 = VERTEX_POINT('',#6619);
#6619 = CARTESIAN_POINT('',(5.25,2.35,5.85));
#6620 = LINE('',#6621,#6622);
#6621 = CARTESIAN_POINT('',(5.25,2.35,5.85));
#6622 = VECTOR('',#6623,1.);
#6623 = DIRECTION('',(0.707106781187,-8.659560562349E-17,0.707106781187)
  );
#6624 = ORIENTED_EDGE('',*,*,#6625,.F.);
#6625 = EDGE_CURVE('',#6626,#6618,#6628,.T.);
#6626 = VERTEX_POINT('',#6627);
#6627 = CARTESIAN_POINT('',(5.5,2.35,5.6));
#6628 = LINE('',#6629,#6630);
#6629 = CARTESIAN_POINT('',(5.5,2.35,5.6));
#6630 = VECTOR('',#6631,1.);
#6631 = DIRECTION('',(-0.707106781187,8.659560562349E-17,0.707106781187)
  );
#6632 = ORIENTED_EDGE('',*,*,#6633,.F.);
#6633 = EDGE_CURVE('',#6634,#6626,#6636,.T.);
#6634 = VERTEX_POINT('',#6635);
#6635 = CARTESIAN_POINT('',(5.5,2.35,3.85));
#6636 = LINE('',#6637,#6638);
#6637 = CARTESIAN_POINT('',(5.5,2.35,3.1));
#6638 = VECTOR('',#6639,1.);
#6639 = DIRECTION('',(0.,0.,1.));
#6640 = ORIENTED_EDGE('',*,*,#6641,.F.);
#6641 = EDGE_CURVE('',#6642,#6634,#6644,.T.);
#6642 = VERTEX_POINT('',#6643);
#6643 = CARTESIAN_POINT('',(4.75,2.35,3.1));
#6644 = CIRCLE('',#6645,0.75);
#6645 = AXIS2_PLACEMENT_3D('',#6646,#6647,#6648);
#6646 = CARTESIAN_POINT('',(4.75,2.35,3.85));
#6647 = DIRECTION('',(-1.224646799147E-16,-1.,0.));
#6648 = DIRECTION('',(0.,0.,1.));
#6649 = ORIENTED_EDGE('',*,*,#6650,.F.);
#6650 = EDGE_CURVE('',#6651,#6642,#6653,.T.);
#6651 = VERTEX_POINT('',#6652);
#6652 = CARTESIAN_POINT('',(4.,2.35,3.1));
#6653 = LINE('',#6654,#6655);
#6654 = CARTESIAN_POINT('',(4.,2.35,3.1));
#6655 = VECTOR('',#6656,1.);
#6656 = DIRECTION('',(1.,-1.224646799147E-16,0.));
#6657 = ORIENTED_EDGE('',*,*,#6658,.F.);
#6658 = EDGE_CURVE('',#6659,#6651,#6661,.T.);
#6659 = VERTEX_POINT('',#6660);
#6660 = CARTESIAN_POINT('',(4.,2.35,7.));
#6661 = LINE('',#6662,#6663);
#6662 = CARTESIAN_POINT('',(4.,2.35,7.));
#6663 = VECTOR('',#6664,1.);
#6664 = DIRECTION('',(-0.,0.,-1.));
#6665 = ORIENTED_EDGE('',*,*,#6666,.T.);
#6666 = EDGE_CURVE('',#6659,#6667,#6669,.T.);
#6667 = VERTEX_POINT('',#6668);
#6668 = CARTESIAN_POINT('',(1.,2.35,7.));
#6669 = LINE('',#6670,#6671);
#6670 = CARTESIAN_POINT('',(7.45,2.35,7.));
#6671 = VECTOR('',#6672,1.);
#6672 = DIRECTION('',(-1.,1.224646799147E-16,0.));
#6673 = ORIENTED_EDGE('',*,*,#6674,.T.);
#6674 = EDGE_CURVE('',#6667,#6675,#6677,.T.);
#6675 = VERTEX_POINT('',#6676);
#6676 = CARTESIAN_POINT('',(1.,2.35,3.1));
#6677 = LINE('',#6678,#6679);
#6678 = CARTESIAN_POINT('',(1.,2.35,7.));
#6679 = VECTOR('',#6680,1.);
#6680 = DIRECTION('',(-0.,0.,-1.));
#6681 = ORIENTED_EDGE('',*,*,#6682,.T.);
#6682 = EDGE_CURVE('',#6675,#6683,#6685,.T.);
#6683 = VERTEX_POINT('',#6684);
#6684 = CARTESIAN_POINT('',(0.25,2.35,3.1));
#6685 = LINE('',#6686,#6687);
#6686 = CARTESIAN_POINT('',(1.,2.35,3.1));
#6687 = VECTOR('',#6688,1.);
#6688 = DIRECTION('',(-1.,1.224646799147E-16,0.));
#6689 = ORIENTED_EDGE('',*,*,#6690,.T.);
#6690 = EDGE_CURVE('',#6683,#6691,#6693,.T.);
#6691 = VERTEX_POINT('',#6692);
#6692 = CARTESIAN_POINT('',(-0.5,2.35,3.85));
#6693 = CIRCLE('',#6694,0.75);
#6694 = AXIS2_PLACEMENT_3D('',#6695,#6696,#6697);
#6695 = CARTESIAN_POINT('',(0.25,2.35,3.85));
#6696 = DIRECTION('',(1.224646799147E-16,1.,-0.));
#6697 = DIRECTION('',(0.,0.,1.));
#6698 = ORIENTED_EDGE('',*,*,#6699,.T.);
#6699 = EDGE_CURVE('',#6691,#6700,#6702,.T.);
#6700 = VERTEX_POINT('',#6701);
#6701 = CARTESIAN_POINT('',(-0.5,2.35,5.6));
#6702 = LINE('',#6703,#6704);
#6703 = CARTESIAN_POINT('',(-0.5,2.35,3.1));
#6704 = VECTOR('',#6705,1.);
#6705 = DIRECTION('',(0.,0.,1.));
#6706 = ORIENTED_EDGE('',*,*,#6707,.T.);
#6707 = EDGE_CURVE('',#6700,#6708,#6710,.T.);
#6708 = VERTEX_POINT('',#6709);
#6709 = CARTESIAN_POINT('',(-0.25,2.35,5.85));
#6710 = LINE('',#6711,#6712);
#6711 = CARTESIAN_POINT('',(-0.5,2.35,5.6));
#6712 = VECTOR('',#6713,1.);
#6713 = DIRECTION('',(0.707106781187,-8.659560562349E-17,0.707106781187)
  );
#6714 = ORIENTED_EDGE('',*,*,#6715,.T.);
#6715 = EDGE_CURVE('',#6708,#6716,#6718,.T.);
#6716 = VERTEX_POINT('',#6717);
#6717 = CARTESIAN_POINT('',(-0.5,2.35,6.1));
#6718 = LINE('',#6719,#6720);
#6719 = CARTESIAN_POINT('',(-0.25,2.35,5.85));
#6720 = VECTOR('',#6721,1.);
#6721 = DIRECTION('',(-0.707106781187,8.659560562349E-17,0.707106781187)
  );
#6722 = ORIENTED_EDGE('',*,*,#6723,.T.);
#6723 = EDGE_CURVE('',#6716,#6570,#6724,.T.);
#6724 = LINE('',#6725,#6726);
#6725 = CARTESIAN_POINT('',(-0.5,2.35,6.1));
#6726 = VECTOR('',#6727,1.);
#6727 = DIRECTION('',(0.,0.,1.));
#6728 = ORIENTED_EDGE('',*,*,#6577,.T.);
#6729 = ORIENTED_EDGE('',*,*,#5978,.F.);
#6730 = ORIENTED_EDGE('',*,*,#6367,.F.);
#6731 = ORIENTED_EDGE('',*,*,#6732,.T.);
#6732 = EDGE_CURVE('',#6360,#6733,#6735,.T.);
#6733 = VERTEX_POINT('',#6734);
#6734 = CARTESIAN_POINT('',(-0.75,2.35,1.));
#6735 = LINE('',#6736,#6737);
#6736 = CARTESIAN_POINT('',(-0.75,2.35,0.));
#6737 = VECTOR('',#6738,1.);
#6738 = DIRECTION('',(0.,0.,1.));
#6739 = ORIENTED_EDGE('',*,*,#6740,.F.);
#6740 = EDGE_CURVE('',#6741,#6733,#6743,.T.);
#6741 = VERTEX_POINT('',#6742);
#6742 = CARTESIAN_POINT('',(0.75,2.35,1.));
#6743 = LINE('',#6744,#6745);
#6744 = CARTESIAN_POINT('',(0.75,2.35,1.));
#6745 = VECTOR('',#6746,1.);
#6746 = DIRECTION('',(-1.,1.224646799147E-16,0.));
#6747 = ORIENTED_EDGE('',*,*,#6748,.F.);
#6748 = EDGE_CURVE('',#6749,#6741,#6751,.T.);
#6749 = VERTEX_POINT('',#6750);
#6750 = CARTESIAN_POINT('',(0.75,2.35,0.));
#6751 = LINE('',#6752,#6753);
#6752 = CARTESIAN_POINT('',(0.75,2.35,0.));
#6753 = VECTOR('',#6754,1.);
#6754 = DIRECTION('',(0.,0.,1.));
#6755 = ORIENTED_EDGE('',*,*,#6756,.F.);
#6756 = EDGE_CURVE('',#6757,#6749,#6759,.T.);
#6757 = VERTEX_POINT('',#6758);
#6758 = CARTESIAN_POINT('',(1.75,2.35,0.));
#6759 = LINE('',#6760,#6761);
#6760 = CARTESIAN_POINT('',(7.45,2.35,0.));
#6761 = VECTOR('',#6762,1.);
#6762 = DIRECTION('',(-1.,1.224646799147E-16,0.));
#6763 = ORIENTED_EDGE('',*,*,#6764,.T.);
#6764 = EDGE_CURVE('',#6757,#6765,#6767,.T.);
#6765 = VERTEX_POINT('',#6766);
#6766 = CARTESIAN_POINT('',(1.75,2.35,1.));
#6767 = LINE('',#6768,#6769);
#6768 = CARTESIAN_POINT('',(1.75,2.35,0.));
#6769 = VECTOR('',#6770,1.);
#6770 = DIRECTION('',(0.,0.,1.));
#6771 = ORIENTED_EDGE('',*,*,#6772,.F.);
#6772 = EDGE_CURVE('',#6773,#6765,#6775,.T.);
#6773 = VERTEX_POINT('',#6774);
#6774 = CARTESIAN_POINT('',(3.25,2.35,1.));
#6775 = LINE('',#6776,#6777);
#6776 = CARTESIAN_POINT('',(3.25,2.35,1.));
#6777 = VECTOR('',#6778,1.);
#6778 = DIRECTION('',(-1.,1.224646799147E-16,0.));
#6779 = ORIENTED_EDGE('',*,*,#6780,.F.);
#6780 = EDGE_CURVE('',#6781,#6773,#6783,.T.);
#6781 = VERTEX_POINT('',#6782);
#6782 = CARTESIAN_POINT('',(3.25,2.35,0.));
#6783 = LINE('',#6784,#6785);
#6784 = CARTESIAN_POINT('',(3.25,2.35,0.));
#6785 = VECTOR('',#6786,1.);
#6786 = DIRECTION('',(0.,0.,1.));
#6787 = ORIENTED_EDGE('',*,*,#6788,.F.);
#6788 = EDGE_CURVE('',#6789,#6781,#6791,.T.);
#6789 = VERTEX_POINT('',#6790);
#6790 = CARTESIAN_POINT('',(4.25,2.35,0.));
#6791 = LINE('',#6792,#6793);
#6792 = CARTESIAN_POINT('',(7.45,2.35,0.));
#6793 = VECTOR('',#6794,1.);
#6794 = DIRECTION('',(-1.,1.224646799147E-16,0.));
#6795 = ORIENTED_EDGE('',*,*,#6796,.T.);
#6796 = EDGE_CURVE('',#6789,#6797,#6799,.T.);
#6797 = VERTEX_POINT('',#6798);
#6798 = CARTESIAN_POINT('',(4.25,2.35,1.));
#6799 = LINE('',#6800,#6801);
#6800 = CARTESIAN_POINT('',(4.25,2.35,0.));
#6801 = VECTOR('',#6802,1.);
#6802 = DIRECTION('',(0.,0.,1.));
#6803 = ORIENTED_EDGE('',*,*,#6804,.F.);
#6804 = EDGE_CURVE('',#6805,#6797,#6807,.T.);
#6805 = VERTEX_POINT('',#6806);
#6806 = CARTESIAN_POINT('',(5.75,2.35,1.));
#6807 = LINE('',#6808,#6809);
#6808 = CARTESIAN_POINT('',(5.75,2.35,1.));
#6809 = VECTOR('',#6810,1.);
#6810 = DIRECTION('',(-1.,1.224646799147E-16,0.));
#6811 = ORIENTED_EDGE('',*,*,#6812,.F.);
#6812 = EDGE_CURVE('',#6593,#6805,#6813,.T.);
#6813 = LINE('',#6814,#6815);
#6814 = CARTESIAN_POINT('',(5.75,2.35,0.));
#6815 = VECTOR('',#6816,1.);
#6816 = DIRECTION('',(0.,0.,1.));
#6817 = PLANE('',#6818);
#6818 = AXIS2_PLACEMENT_3D('',#6819,#6820,#6821);
#6819 = CARTESIAN_POINT('',(7.45,2.35,0.));
#6820 = DIRECTION('',(-1.224646799147E-16,-1.,0.));
#6821 = DIRECTION('',(-1.,1.224646799147E-16,0.));
#6822 = ADVANCED_FACE('',(#6823),#6841,.F.);
#6823 = FACE_BOUND('',#6824,.F.);
#6824 = EDGE_LOOP('',(#6825,#6826,#6834,#6840));
#6825 = ORIENTED_EDGE('',*,*,#6325,.T.);
#6826 = ORIENTED_EDGE('',*,*,#6827,.T.);
#6827 = EDGE_CURVE('',#6318,#6828,#6830,.T.);
#6828 = VERTEX_POINT('',#6829);
#6829 = CARTESIAN_POINT('',(6.6,-2.65,1.85));
#6830 = LINE('',#6831,#6832);
#6831 = CARTESIAN_POINT('',(-1.6,-2.65,1.85));
#6832 = VECTOR('',#6833,1.);
#6833 = DIRECTION('',(1.,-1.224646799147E-16,0.));
#6834 = ORIENTED_EDGE('',*,*,#6835,.F.);
#6835 = EDGE_CURVE('',#6036,#6828,#6836,.T.);
#6836 = LINE('',#6837,#6838);
#6837 = CARTESIAN_POINT('',(6.6,-2.65,7.));
#6838 = VECTOR('',#6839,1.);
#6839 = DIRECTION('',(0.,0.,-1.));
#6840 = ORIENTED_EDGE('',*,*,#6043,.F.);
#6841 = PLANE('',#6842);
#6842 = AXIS2_PLACEMENT_3D('',#6843,#6844,#6845);
#6843 = CARTESIAN_POINT('',(-1.6,-2.65,7.));
#6844 = DIRECTION('',(-1.224646799147E-16,-1.,0.));
#6845 = DIRECTION('',(1.,-1.224646799147E-16,0.));
#6846 = ADVANCED_FACE('',(#6847),#6874,.T.);
#6847 = FACE_BOUND('',#6848,.T.);
#6848 = EDGE_LOOP('',(#6849,#6850,#6858,#6866,#6872,#6873));
#6849 = ORIENTED_EDGE('',*,*,#6732,.T.);
#6850 = ORIENTED_EDGE('',*,*,#6851,.T.);
#6851 = EDGE_CURVE('',#6733,#6852,#6854,.T.);
#6852 = VERTEX_POINT('',#6853);
#6853 = CARTESIAN_POINT('',(-0.75,0.5,0.3));
#6854 = LINE('',#6855,#6856);
#6855 = CARTESIAN_POINT('',(-0.75,2.35,1.));
#6856 = VECTOR('',#6857,1.);
#6857 = DIRECTION('',(-1.14539532148E-16,-0.935286257456,-0.353892097416
    ));
#6858 = ORIENTED_EDGE('',*,*,#6859,.T.);
#6859 = EDGE_CURVE('',#6852,#6860,#6862,.T.);
#6860 = VERTEX_POINT('',#6861);
#6861 = CARTESIAN_POINT('',(-0.75,-0.5,0.3));
#6862 = LINE('',#6863,#6864);
#6863 = CARTESIAN_POINT('',(-0.75,0.5,0.3));
#6864 = VECTOR('',#6865,1.);
#6865 = DIRECTION('',(-1.224646799147E-16,-1.,0.));
#6866 = ORIENTED_EDGE('',*,*,#6867,.T.);
#6867 = EDGE_CURVE('',#6860,#6156,#6868,.T.);
#6868 = LINE('',#6869,#6870);
#6869 = CARTESIAN_POINT('',(-0.75,-0.5,0.3));
#6870 = VECTOR('',#6871,1.);
#6871 = DIRECTION('',(-1.190457365237E-16,-0.972082208573,0.234640533104
    ));
#6872 = ORIENTED_EDGE('',*,*,#6163,.T.);
#6873 = ORIENTED_EDGE('',*,*,#6359,.T.);
#6874 = PLANE('',#6875);
#6875 = AXIS2_PLACEMENT_3D('',#6876,#6877,#6878);
#6876 = CARTESIAN_POINT('',(-0.75,-0.515451356496,0.330008245993));
#6877 = DIRECTION('',(1.,-1.224646799147E-16,-1.256256073143E-32));
#6878 = DIRECTION('',(-1.256256073143E-32,1.538469978883E-48,-1.));
#6879 = ADVANCED_FACE('',(#6880),#6898,.F.);
#6880 = FACE_BOUND('',#6881,.F.);
#6881 = EDGE_LOOP('',(#6882,#6890,#6891,#6892));
#6882 = ORIENTED_EDGE('',*,*,#6883,.T.);
#6883 = EDGE_CURVE('',#6884,#6860,#6886,.T.);
#6884 = VERTEX_POINT('',#6885);
#6885 = CARTESIAN_POINT('',(0.75,-0.5,0.3));
#6886 = LINE('',#6887,#6888);
#6887 = CARTESIAN_POINT('',(0.75,-0.5,0.3));
#6888 = VECTOR('',#6889,1.);
#6889 = DIRECTION('',(-1.,1.224646799147E-16,0.));
#6890 = ORIENTED_EDGE('',*,*,#6867,.T.);
#6891 = ORIENTED_EDGE('',*,*,#6155,.F.);
#6892 = ORIENTED_EDGE('',*,*,#6893,.F.);
#6893 = EDGE_CURVE('',#6884,#6148,#6894,.T.);
#6894 = LINE('',#6895,#6896);
#6895 = CARTESIAN_POINT('',(0.75,-0.5,0.3));
#6896 = VECTOR('',#6897,1.);
#6897 = DIRECTION('',(-1.190457365237E-16,-0.972082208573,0.234640533104
    ));
#6898 = PLANE('',#6899);
#6899 = AXIS2_PLACEMENT_3D('',#6900,#6901,#6902);
#6900 = CARTESIAN_POINT('',(0.75,-0.5,0.3));
#6901 = DIRECTION('',(2.87351777816E-17,0.234640533104,0.972082208573));
#6902 = DIRECTION('',(-1.190457365237E-16,-0.972082208573,0.234640533104
    ));
#6903 = ADVANCED_FACE('',(#6904),#6929,.F.);
#6904 = FACE_BOUND('',#6905,.F.);
#6905 = EDGE_LOOP('',(#6906,#6907,#6915,#6921,#6922,#6923));
#6906 = ORIENTED_EDGE('',*,*,#6748,.T.);
#6907 = ORIENTED_EDGE('',*,*,#6908,.T.);
#6908 = EDGE_CURVE('',#6741,#6909,#6911,.T.);
#6909 = VERTEX_POINT('',#6910);
#6910 = CARTESIAN_POINT('',(0.75,0.5,0.3));
#6911 = LINE('',#6912,#6913);
#6912 = CARTESIAN_POINT('',(0.75,2.35,1.));
#6913 = VECTOR('',#6914,1.);
#6914 = DIRECTION('',(-1.14539532148E-16,-0.935286257456,-0.353892097416
    ));
#6915 = ORIENTED_EDGE('',*,*,#6916,.T.);
#6916 = EDGE_CURVE('',#6909,#6884,#6917,.T.);
#6917 = LINE('',#6918,#6919);
#6918 = CARTESIAN_POINT('',(0.75,0.5,0.3));
#6919 = VECTOR('',#6920,1.);
#6920 = DIRECTION('',(-1.224646799147E-16,-1.,0.));
#6921 = ORIENTED_EDGE('',*,*,#6893,.T.);
#6922 = ORIENTED_EDGE('',*,*,#6147,.T.);
#6923 = ORIENTED_EDGE('',*,*,#6924,.T.);
#6924 = EDGE_CURVE('',#6140,#6749,#6925,.T.);
#6925 = LINE('',#6926,#6927);
#6926 = CARTESIAN_POINT('',(0.75,-3.4,0.));
#6927 = VECTOR('',#6928,1.);
#6928 = DIRECTION('',(1.224646799147E-16,1.,0.));
#6929 = PLANE('',#6930);
#6930 = AXIS2_PLACEMENT_3D('',#6931,#6932,#6933);
#6931 = CARTESIAN_POINT('',(0.75,-0.515451356496,0.330008245993));
#6932 = DIRECTION('',(1.,-1.224646799147E-16,-1.256256073143E-32));
#6933 = DIRECTION('',(-1.256256073143E-32,1.538469978883E-48,-1.));
#6934 = ADVANCED_FACE('',(#6935),#6946,.F.);
#6935 = FACE_BOUND('',#6936,.F.);
#6936 = EDGE_LOOP('',(#6937,#6938,#6939,#6945));
#6937 = ORIENTED_EDGE('',*,*,#6924,.F.);
#6938 = ORIENTED_EDGE('',*,*,#6139,.T.);
#6939 = ORIENTED_EDGE('',*,*,#6940,.T.);
#6940 = EDGE_CURVE('',#6132,#6757,#6941,.T.);
#6941 = LINE('',#6942,#6943);
#6942 = CARTESIAN_POINT('',(1.75,-3.4,0.));
#6943 = VECTOR('',#6944,1.);
#6944 = DIRECTION('',(1.224646799147E-16,1.,0.));
#6945 = ORIENTED_EDGE('',*,*,#6756,.T.);
#6946 = PLANE('',#6947);
#6947 = AXIS2_PLACEMENT_3D('',#6948,#6949,#6950);
#6948 = CARTESIAN_POINT('',(2.5,-0.525,0.));
#6949 = DIRECTION('',(0.,0.,1.));
#6950 = DIRECTION('',(-1.,1.224646799147E-16,0.));
#6951 = ADVANCED_FACE('',(#6952),#6979,.T.);
#6952 = FACE_BOUND('',#6953,.T.);
#6953 = EDGE_LOOP('',(#6954,#6955,#6963,#6971,#6977,#6978));
#6954 = ORIENTED_EDGE('',*,*,#6764,.T.);
#6955 = ORIENTED_EDGE('',*,*,#6956,.T.);
#6956 = EDGE_CURVE('',#6765,#6957,#6959,.T.);
#6957 = VERTEX_POINT('',#6958);
#6958 = CARTESIAN_POINT('',(1.75,0.5,0.3));
#6959 = LINE('',#6960,#6961);
#6960 = CARTESIAN_POINT('',(1.75,2.35,1.));
#6961 = VECTOR('',#6962,1.);
#6962 = DIRECTION('',(-1.14539532148E-16,-0.935286257456,-0.353892097416
    ));
#6963 = ORIENTED_EDGE('',*,*,#6964,.T.);
#6964 = EDGE_CURVE('',#6957,#6965,#6967,.T.);
#6965 = VERTEX_POINT('',#6966);
#6966 = CARTESIAN_POINT('',(1.75,-0.5,0.3));
#6967 = LINE('',#6968,#6969);
#6968 = CARTESIAN_POINT('',(1.75,0.5,0.3));
#6969 = VECTOR('',#6970,1.);
#6970 = DIRECTION('',(-1.224646799147E-16,-1.,0.));
#6971 = ORIENTED_EDGE('',*,*,#6972,.T.);
#6972 = EDGE_CURVE('',#6965,#6124,#6973,.T.);
#6973 = LINE('',#6974,#6975);
#6974 = CARTESIAN_POINT('',(1.75,-0.5,0.3));
#6975 = VECTOR('',#6976,1.);
#6976 = DIRECTION('',(-1.190457365237E-16,-0.972082208573,0.234640533104
    ));
#6977 = ORIENTED_EDGE('',*,*,#6131,.T.);
#6978 = ORIENTED_EDGE('',*,*,#6940,.T.);
#6979 = PLANE('',#6980);
#6980 = AXIS2_PLACEMENT_3D('',#6981,#6982,#6983);
#6981 = CARTESIAN_POINT('',(1.75,-0.515451356496,0.330008245993));
#6982 = DIRECTION('',(1.,-1.224646799147E-16,-1.256256073143E-32));
#6983 = DIRECTION('',(-1.256256073143E-32,1.538469978883E-48,-1.));
#6984 = ADVANCED_FACE('',(#6985),#7003,.F.);
#6985 = FACE_BOUND('',#6986,.F.);
#6986 = EDGE_LOOP('',(#6987,#6995,#6996,#6997));
#6987 = ORIENTED_EDGE('',*,*,#6988,.T.);
#6988 = EDGE_CURVE('',#6989,#6965,#6991,.T.);
#6989 = VERTEX_POINT('',#6990);
#6990 = CARTESIAN_POINT('',(3.25,-0.5,0.3));
#6991 = LINE('',#6992,#6993);
#6992 = CARTESIAN_POINT('',(3.25,-0.5,0.3));
#6993 = VECTOR('',#6994,1.);
#6994 = DIRECTION('',(-1.,1.224646799147E-16,0.));
#6995 = ORIENTED_EDGE('',*,*,#6972,.T.);
#6996 = ORIENTED_EDGE('',*,*,#6123,.F.);
#6997 = ORIENTED_EDGE('',*,*,#6998,.F.);
#6998 = EDGE_CURVE('',#6989,#6116,#6999,.T.);
#6999 = LINE('',#7000,#7001);
#7000 = CARTESIAN_POINT('',(3.25,-0.5,0.3));
#7001 = VECTOR('',#7002,1.);
#7002 = DIRECTION('',(-1.190457365237E-16,-0.972082208573,0.234640533104
    ));
#7003 = PLANE('',#7004);
#7004 = AXIS2_PLACEMENT_3D('',#7005,#7006,#7007);
#7005 = CARTESIAN_POINT('',(3.25,-0.5,0.3));
#7006 = DIRECTION('',(2.87351777816E-17,0.234640533104,0.972082208573));
#7007 = DIRECTION('',(-1.190457365237E-16,-0.972082208573,0.234640533104
    ));
#7008 = ADVANCED_FACE('',(#7009),#7034,.F.);
#7009 = FACE_BOUND('',#7010,.F.);
#7010 = EDGE_LOOP('',(#7011,#7012,#7020,#7026,#7027,#7028));
#7011 = ORIENTED_EDGE('',*,*,#6780,.T.);
#7012 = ORIENTED_EDGE('',*,*,#7013,.T.);
#7013 = EDGE_CURVE('',#6773,#7014,#7016,.T.);
#7014 = VERTEX_POINT('',#7015);
#7015 = CARTESIAN_POINT('',(3.25,0.5,0.3));
#7016 = LINE('',#7017,#7018);
#7017 = CARTESIAN_POINT('',(3.25,2.35,1.));
#7018 = VECTOR('',#7019,1.);
#7019 = DIRECTION('',(-1.14539532148E-16,-0.935286257456,-0.353892097416
    ));
#7020 = ORIENTED_EDGE('',*,*,#7021,.T.);
#7021 = EDGE_CURVE('',#7014,#6989,#7022,.T.);
#7022 = LINE('',#7023,#7024);
#7023 = CARTESIAN_POINT('',(3.25,0.5,0.3));
#7024 = VECTOR('',#7025,1.);
#7025 = DIRECTION('',(-1.224646799147E-16,-1.,0.));
#7026 = ORIENTED_EDGE('',*,*,#6998,.T.);
#7027 = ORIENTED_EDGE('',*,*,#6115,.T.);
#7028 = ORIENTED_EDGE('',*,*,#7029,.T.);
#7029 = EDGE_CURVE('',#6108,#6781,#7030,.T.);
#7030 = LINE('',#7031,#7032);
#7031 = CARTESIAN_POINT('',(3.25,-3.4,0.));
#7032 = VECTOR('',#7033,1.);
#7033 = DIRECTION('',(1.224646799147E-16,1.,0.));
#7034 = PLANE('',#7035);
#7035 = AXIS2_PLACEMENT_3D('',#7036,#7037,#7038);
#7036 = CARTESIAN_POINT('',(3.25,-0.515451356496,0.330008245993));
#7037 = DIRECTION('',(1.,-1.224646799147E-16,-1.256256073143E-32));
#7038 = DIRECTION('',(-1.256256073143E-32,1.538469978883E-48,-1.));
#7039 = ADVANCED_FACE('',(#7040),#7051,.F.);
#7040 = FACE_BOUND('',#7041,.F.);
#7041 = EDGE_LOOP('',(#7042,#7043,#7049,#7050));
#7042 = ORIENTED_EDGE('',*,*,#6107,.T.);
#7043 = ORIENTED_EDGE('',*,*,#7044,.T.);
#7044 = EDGE_CURVE('',#6100,#6789,#7045,.T.);
#7045 = LINE('',#7046,#7047);
#7046 = CARTESIAN_POINT('',(4.25,-3.4,0.));
#7047 = VECTOR('',#7048,1.);
#7048 = DIRECTION('',(1.224646799147E-16,1.,0.));
#7049 = ORIENTED_EDGE('',*,*,#6788,.T.);
#7050 = ORIENTED_EDGE('',*,*,#7029,.F.);
#7051 = PLANE('',#7052);
#7052 = AXIS2_PLACEMENT_3D('',#7053,#7054,#7055);
#7053 = CARTESIAN_POINT('',(2.5,-0.525,0.));
#7054 = DIRECTION('',(0.,0.,1.));
#7055 = DIRECTION('',(-1.,1.224646799147E-16,0.));
#7056 = ADVANCED_FACE('',(#7057),#7084,.T.);
#7057 = FACE_BOUND('',#7058,.T.);
#7058 = EDGE_LOOP('',(#7059,#7060,#7068,#7076,#7082,#7083));
#7059 = ORIENTED_EDGE('',*,*,#6796,.T.);
#7060 = ORIENTED_EDGE('',*,*,#7061,.T.);
#7061 = EDGE_CURVE('',#6797,#7062,#7064,.T.);
#7062 = VERTEX_POINT('',#7063);
#7063 = CARTESIAN_POINT('',(4.25,0.5,0.3));
#7064 = LINE('',#7065,#7066);
#7065 = CARTESIAN_POINT('',(4.25,2.35,1.));
#7066 = VECTOR('',#7067,1.);
#7067 = DIRECTION('',(-1.14539532148E-16,-0.935286257456,-0.353892097416
    ));
#7068 = ORIENTED_EDGE('',*,*,#7069,.T.);
#7069 = EDGE_CURVE('',#7062,#7070,#7072,.T.);
#7070 = VERTEX_POINT('',#7071);
#7071 = CARTESIAN_POINT('',(4.25,-0.5,0.3));
#7072 = LINE('',#7073,#7074);
#7073 = CARTESIAN_POINT('',(4.25,0.5,0.3));
#7074 = VECTOR('',#7075,1.);
#7075 = DIRECTION('',(-1.224646799147E-16,-1.,0.));
#7076 = ORIENTED_EDGE('',*,*,#7077,.T.);
#7077 = EDGE_CURVE('',#7070,#6092,#7078,.T.);
#7078 = LINE('',#7079,#7080);
#7079 = CARTESIAN_POINT('',(4.25,-0.5,0.3));
#7080 = VECTOR('',#7081,1.);
#7081 = DIRECTION('',(-1.190457365237E-16,-0.972082208573,0.234640533104
    ));
#7082 = ORIENTED_EDGE('',*,*,#6099,.T.);
#7083 = ORIENTED_EDGE('',*,*,#7044,.T.);
#7084 = PLANE('',#7085);
#7085 = AXIS2_PLACEMENT_3D('',#7086,#7087,#7088);
#7086 = CARTESIAN_POINT('',(4.25,-0.515451356496,0.330008245993));
#7087 = DIRECTION('',(1.,-1.224646799147E-16,-1.256256073143E-32));
#7088 = DIRECTION('',(-1.256256073143E-32,1.538469978883E-48,-1.));
#7089 = ADVANCED_FACE('',(#7090),#7108,.F.);
#7090 = FACE_BOUND('',#7091,.F.);
#7091 = EDGE_LOOP('',(#7092,#7100,#7101,#7102));
#7092 = ORIENTED_EDGE('',*,*,#7093,.T.);
#7093 = EDGE_CURVE('',#7094,#7070,#7096,.T.);
#7094 = VERTEX_POINT('',#7095);
#7095 = CARTESIAN_POINT('',(5.75,-0.5,0.3));
#7096 = LINE('',#7097,#7098);
#7097 = CARTESIAN_POINT('',(5.75,-0.5,0.3));
#7098 = VECTOR('',#7099,1.);
#7099 = DIRECTION('',(-1.,1.224646799147E-16,0.));
#7100 = ORIENTED_EDGE('',*,*,#7077,.T.);
#7101 = ORIENTED_EDGE('',*,*,#6091,.F.);
#7102 = ORIENTED_EDGE('',*,*,#7103,.F.);
#7103 = EDGE_CURVE('',#7094,#6084,#7104,.T.);
#7104 = LINE('',#7105,#7106);
#7105 = CARTESIAN_POINT('',(5.75,-0.5,0.3));
#7106 = VECTOR('',#7107,1.);
#7107 = DIRECTION('',(-1.190457365237E-16,-0.972082208573,0.234640533104
    ));
#7108 = PLANE('',#7109);
#7109 = AXIS2_PLACEMENT_3D('',#7110,#7111,#7112);
#7110 = CARTESIAN_POINT('',(5.75,-0.5,0.3));
#7111 = DIRECTION('',(2.87351777816E-17,0.234640533104,0.972082208573));
#7112 = DIRECTION('',(-1.190457365237E-16,-0.972082208573,0.234640533104
    ));
#7113 = ADVANCED_FACE('',(#7114),#7139,.F.);
#7114 = FACE_BOUND('',#7115,.F.);
#7115 = EDGE_LOOP('',(#7116,#7117,#7125,#7131,#7132,#7133));
#7116 = ORIENTED_EDGE('',*,*,#6812,.T.);
#7117 = ORIENTED_EDGE('',*,*,#7118,.T.);
#7118 = EDGE_CURVE('',#6805,#7119,#7121,.T.);
#7119 = VERTEX_POINT('',#7120);
#7120 = CARTESIAN_POINT('',(5.75,0.5,0.3));
#7121 = LINE('',#7122,#7123);
#7122 = CARTESIAN_POINT('',(5.75,2.35,1.));
#7123 = VECTOR('',#7124,1.);
#7124 = DIRECTION('',(-1.14539532148E-16,-0.935286257456,-0.353892097416
    ));
#7125 = ORIENTED_EDGE('',*,*,#7126,.T.);
#7126 = EDGE_CURVE('',#7119,#7094,#7127,.T.);
#7127 = LINE('',#7128,#7129);
#7128 = CARTESIAN_POINT('',(5.75,0.5,0.3));
#7129 = VECTOR('',#7130,1.);
#7130 = DIRECTION('',(-1.224646799147E-16,-1.,0.));
#7131 = ORIENTED_EDGE('',*,*,#7103,.T.);
#7132 = ORIENTED_EDGE('',*,*,#6083,.T.);
#7133 = ORIENTED_EDGE('',*,*,#7134,.T.);
#7134 = EDGE_CURVE('',#6076,#6593,#7135,.T.);
#7135 = LINE('',#7136,#7137);
#7136 = CARTESIAN_POINT('',(5.75,-3.4,0.));
#7137 = VECTOR('',#7138,1.);
#7138 = DIRECTION('',(1.224646799147E-16,1.,0.));
#7139 = PLANE('',#7140);
#7140 = AXIS2_PLACEMENT_3D('',#7141,#7142,#7143);
#7141 = CARTESIAN_POINT('',(5.75,-0.515451356496,0.330008245993));
#7142 = DIRECTION('',(1.,-1.224646799147E-16,-1.256256073143E-32));
#7143 = DIRECTION('',(-1.256256073143E-32,1.538469978883E-48,-1.));
#7144 = ADVANCED_FACE('',(#7145),#7151,.F.);
#7145 = FACE_BOUND('',#7146,.F.);
#7146 = EDGE_LOOP('',(#7147,#7148,#7149,#7150));
#7147 = ORIENTED_EDGE('',*,*,#6201,.T.);
#7148 = ORIENTED_EDGE('',*,*,#6592,.T.);
#7149 = ORIENTED_EDGE('',*,*,#7134,.F.);
#7150 = ORIENTED_EDGE('',*,*,#6075,.T.);
#7151 = PLANE('',#7152);
#7152 = AXIS2_PLACEMENT_3D('',#7153,#7154,#7155);
#7153 = CARTESIAN_POINT('',(2.5,-0.525,0.));
#7154 = DIRECTION('',(0.,0.,1.));
#7155 = DIRECTION('',(-1.,1.224646799147E-16,0.));
#7156 = ADVANCED_FACE('',(#7157),#7184,.F.);
#7157 = FACE_BOUND('',#7158,.F.);
#7158 = EDGE_LOOP('',(#7159,#7160,#7161,#7162,#7168,#7169,#7178));
#7159 = ORIENTED_EDGE('',*,*,#6276,.T.);
#7160 = ORIENTED_EDGE('',*,*,#6187,.F.);
#7161 = ORIENTED_EDGE('',*,*,#6835,.T.);
#7162 = ORIENTED_EDGE('',*,*,#7163,.T.);
#7163 = EDGE_CURVE('',#6828,#6539,#7164,.T.);
#7164 = LINE('',#7165,#7166);
#7165 = CARTESIAN_POINT('',(6.6,-2.65,1.85));
#7166 = VECTOR('',#7167,1.);
#7167 = DIRECTION('',(1.224646799147E-16,1.,0.));
#7168 = ORIENTED_EDGE('',*,*,#6546,.F.);
#7169 = ORIENTED_EDGE('',*,*,#7170,.F.);
#7170 = EDGE_CURVE('',#7171,#6547,#7173,.T.);
#7171 = VERTEX_POINT('',#7172);
#7172 = CARTESIAN_POINT('',(6.6,1.,3.65));
#7173 = CIRCLE('',#7174,0.5);
#7174 = AXIS2_PLACEMENT_3D('',#7175,#7176,#7177);
#7175 = CARTESIAN_POINT('',(6.6,1.,4.15));
#7176 = DIRECTION('',(1.,-1.224646799147E-16,0.));
#7177 = DIRECTION('',(1.224646799147E-16,1.,0.));
#7178 = ORIENTED_EDGE('',*,*,#7179,.T.);
#7179 = EDGE_CURVE('',#7171,#6269,#7180,.T.);
#7180 = LINE('',#7181,#7182);
#7181 = CARTESIAN_POINT('',(6.6,-0.825,3.65));
#7182 = VECTOR('',#7183,1.);
#7183 = DIRECTION('',(-1.224646799147E-16,-1.,0.));
#7184 = PLANE('',#7185);
#7185 = AXIS2_PLACEMENT_3D('',#7186,#7187,#7188);
#7186 = CARTESIAN_POINT('',(6.6,-2.65,7.));
#7187 = DIRECTION('',(1.,-1.224646799147E-16,0.));
#7188 = DIRECTION('',(1.224646799147E-16,1.,0.));
#7189 = ADVANCED_FACE('',(#7190),#7201,.T.);
#7190 = FACE_BOUND('',#7191,.T.);
#7191 = EDGE_LOOP('',(#7192,#7193,#7194,#7195));
#7192 = ORIENTED_EDGE('',*,*,#6399,.F.);
#7193 = ORIENTED_EDGE('',*,*,#6244,.T.);
#7194 = ORIENTED_EDGE('',*,*,#6601,.T.);
#7195 = ORIENTED_EDGE('',*,*,#7196,.T.);
#7196 = EDGE_CURVE('',#6602,#6400,#7197,.T.);
#7197 = LINE('',#7198,#7199);
#7198 = CARTESIAN_POINT('',(5.5,2.35,7.));
#7199 = VECTOR('',#7200,1.);
#7200 = DIRECTION('',(-1.224646799147E-16,-1.,0.));
#7201 = PLANE('',#7202);
#7202 = AXIS2_PLACEMENT_3D('',#7203,#7204,#7205);
#7203 = CARTESIAN_POINT('',(2.5,-0.525,7.));
#7204 = DIRECTION('',(0.,0.,1.));
#7205 = DIRECTION('',(-1.,1.224646799147E-16,0.));
#7206 = ADVANCED_FACE('',(#7207),#7218,.F.);
#7207 = FACE_BOUND('',#7208,.F.);
#7208 = EDGE_LOOP('',(#7209,#7215,#7216,#7217));
#7209 = ORIENTED_EDGE('',*,*,#7210,.T.);
#7210 = EDGE_CURVE('',#6220,#7171,#7211,.T.);
#7211 = LINE('',#7212,#7213);
#7212 = CARTESIAN_POINT('',(7.45,1.,3.65));
#7213 = VECTOR('',#7214,1.);
#7214 = DIRECTION('',(-1.,1.224646799147E-16,0.));
#7215 = ORIENTED_EDGE('',*,*,#7170,.T.);
#7216 = ORIENTED_EDGE('',*,*,#6554,.F.);
#7217 = ORIENTED_EDGE('',*,*,#6227,.T.);
#7218 = CYLINDRICAL_SURFACE('',#7219,0.5);
#7219 = AXIS2_PLACEMENT_3D('',#7220,#7221,#7222);
#7220 = CARTESIAN_POINT('',(7.45,1.,4.15));
#7221 = DIRECTION('',(1.,-1.224646799147E-16,-0.));
#7222 = DIRECTION('',(1.224646799147E-16,1.,0.));
#7223 = ADVANCED_FACE('',(#7224),#7230,.T.);
#7224 = FACE_BOUND('',#7225,.T.);
#7225 = EDGE_LOOP('',(#7226,#7227,#7228,#7229));
#7226 = ORIENTED_EDGE('',*,*,#6219,.F.);
#7227 = ORIENTED_EDGE('',*,*,#7210,.T.);
#7228 = ORIENTED_EDGE('',*,*,#7179,.T.);
#7229 = ORIENTED_EDGE('',*,*,#6268,.F.);
#7230 = PLANE('',#7231);
#7231 = AXIS2_PLACEMENT_3D('',#7232,#7233,#7234);
#7232 = CARTESIAN_POINT('',(7.45,1.,3.65));
#7233 = DIRECTION('',(0.,0.,1.));
#7234 = DIRECTION('',(-1.224646799147E-16,-1.,0.));
#7235 = ADVANCED_FACE('',(#7236,#7242,#7276,#7310),#7344,.T.);
#7236 = FACE_BOUND('',#7237,.T.);
#7237 = EDGE_LOOP('',(#7238,#7239,#7240,#7241));
#7238 = ORIENTED_EDGE('',*,*,#6538,.T.);
#7239 = ORIENTED_EDGE('',*,*,#6317,.T.);
#7240 = ORIENTED_EDGE('',*,*,#6827,.T.);
#7241 = ORIENTED_EDGE('',*,*,#7163,.T.);
#7242 = FACE_BOUND('',#7243,.T.);
#7243 = EDGE_LOOP('',(#7244,#7254,#7262,#7270));
#7244 = ORIENTED_EDGE('',*,*,#7245,.F.);
#7245 = EDGE_CURVE('',#7246,#7248,#7250,.T.);
#7246 = VERTEX_POINT('',#7247);
#7247 = CARTESIAN_POINT('',(-0.32,0.32,1.85));
#7248 = VERTEX_POINT('',#7249);
#7249 = CARTESIAN_POINT('',(-0.32,-0.32,1.85));
#7250 = LINE('',#7251,#7252);
#7251 = CARTESIAN_POINT('',(-0.32,-0.26920299558,1.85));
#7252 = VECTOR('',#7253,1.);
#7253 = DIRECTION('',(-1.224646799147E-16,-1.,0.));
#7254 = ORIENTED_EDGE('',*,*,#7255,.T.);
#7255 = EDGE_CURVE('',#7246,#7256,#7258,.T.);
#7256 = VERTEX_POINT('',#7257);
#7257 = CARTESIAN_POINT('',(0.32,0.32,1.85));
#7258 = LINE('',#7259,#7260);
#7259 = CARTESIAN_POINT('',(1.41,0.32,1.85));
#7260 = VECTOR('',#7261,1.);
#7261 = DIRECTION('',(1.,-1.224646799147E-16,-7.789680114753E-33));
#7262 = ORIENTED_EDGE('',*,*,#7263,.T.);
#7263 = EDGE_CURVE('',#7256,#7264,#7266,.T.);
#7264 = VERTEX_POINT('',#7265);
#7265 = CARTESIAN_POINT('',(0.32,-0.32,1.85));
#7266 = LINE('',#7267,#7268);
#7267 = CARTESIAN_POINT('',(0.32,-0.26920299558,1.85));
#7268 = VECTOR('',#7269,1.);
#7269 = DIRECTION('',(-1.224646799147E-16,-1.,0.));
#7270 = ORIENTED_EDGE('',*,*,#7271,.T.);
#7271 = EDGE_CURVE('',#7264,#7248,#7272,.T.);
#7272 = LINE('',#7273,#7274);
#7273 = CARTESIAN_POINT('',(1.41,-0.32,1.85));
#7274 = VECTOR('',#7275,1.);
#7275 = DIRECTION('',(-1.,1.224646799147E-16,7.789680114753E-33));
#7276 = FACE_BOUND('',#7277,.T.);
#7277 = EDGE_LOOP('',(#7278,#7288,#7296,#7304));
#7278 = ORIENTED_EDGE('',*,*,#7279,.F.);
#7279 = EDGE_CURVE('',#7280,#7282,#7284,.T.);
#7280 = VERTEX_POINT('',#7281);
#7281 = CARTESIAN_POINT('',(4.68,0.32,1.85));
#7282 = VERTEX_POINT('',#7283);
#7283 = CARTESIAN_POINT('',(4.68,-0.32,1.85));
#7284 = LINE('',#7285,#7286);
#7285 = CARTESIAN_POINT('',(4.68,-0.26920299558,1.85));
#7286 = VECTOR('',#7287,1.);
#7287 = DIRECTION('',(-1.224646799147E-16,-1.,0.));
#7288 = ORIENTED_EDGE('',*,*,#7289,.T.);
#7289 = EDGE_CURVE('',#7280,#7290,#7292,.T.);
#7290 = VERTEX_POINT('',#7291);
#7291 = CARTESIAN_POINT('',(5.32,0.32,1.85));
#7292 = LINE('',#7293,#7294);
#7293 = CARTESIAN_POINT('',(3.91,0.32,1.85));
#7294 = VECTOR('',#7295,1.);
#7295 = DIRECTION('',(1.,-1.224646799147E-16,-7.789680114753E-33));
#7296 = ORIENTED_EDGE('',*,*,#7297,.T.);
#7297 = EDGE_CURVE('',#7290,#7298,#7300,.T.);
#7298 = VERTEX_POINT('',#7299);
#7299 = CARTESIAN_POINT('',(5.32,-0.32,1.85));
#7300 = LINE('',#7301,#7302);
#7301 = CARTESIAN_POINT('',(5.32,-0.26920299558,1.85));
#7302 = VECTOR('',#7303,1.);
#7303 = DIRECTION('',(-1.224646799147E-16,-1.,0.));
#7304 = ORIENTED_EDGE('',*,*,#7305,.T.);
#7305 = EDGE_CURVE('',#7298,#7282,#7306,.T.);
#7306 = LINE('',#7307,#7308);
#7307 = CARTESIAN_POINT('',(3.91,-0.32,1.85));
#7308 = VECTOR('',#7309,1.);
#7309 = DIRECTION('',(-1.,1.224646799147E-16,7.789680114753E-33));
#7310 = FACE_BOUND('',#7311,.T.);
#7311 = EDGE_LOOP('',(#7312,#7322,#7330,#7338));
#7312 = ORIENTED_EDGE('',*,*,#7313,.F.);
#7313 = EDGE_CURVE('',#7314,#7316,#7318,.T.);
#7314 = VERTEX_POINT('',#7315);
#7315 = CARTESIAN_POINT('',(2.18,0.32,1.85));
#7316 = VERTEX_POINT('',#7317);
#7317 = CARTESIAN_POINT('',(2.18,-0.32,1.85));
#7318 = LINE('',#7319,#7320);
#7319 = CARTESIAN_POINT('',(2.18,-0.2875,1.85));
#7320 = VECTOR('',#7321,1.);
#7321 = DIRECTION('',(-1.224646799147E-16,-1.,0.));
#7322 = ORIENTED_EDGE('',*,*,#7323,.T.);
#7323 = EDGE_CURVE('',#7314,#7324,#7326,.T.);
#7324 = VERTEX_POINT('',#7325);
#7325 = CARTESIAN_POINT('',(2.82,0.32,1.85));
#7326 = LINE('',#7327,#7328);
#7327 = CARTESIAN_POINT('',(2.66,0.32,1.85));
#7328 = VECTOR('',#7329,1.);
#7329 = DIRECTION('',(1.,-1.224646799147E-16,-7.789680114753E-33));
#7330 = ORIENTED_EDGE('',*,*,#7331,.T.);
#7331 = EDGE_CURVE('',#7324,#7332,#7334,.T.);
#7332 = VERTEX_POINT('',#7333);
#7333 = CARTESIAN_POINT('',(2.82,-0.32,1.85));
#7334 = LINE('',#7335,#7336);
#7335 = CARTESIAN_POINT('',(2.82,-0.2875,1.85));
#7336 = VECTOR('',#7337,1.);
#7337 = DIRECTION('',(-1.224646799147E-16,-1.,0.));
#7338 = ORIENTED_EDGE('',*,*,#7339,.T.);
#7339 = EDGE_CURVE('',#7332,#7316,#7340,.T.);
#7340 = LINE('',#7341,#7342);
#7341 = CARTESIAN_POINT('',(2.66,-0.32,1.85));
#7342 = VECTOR('',#7343,1.);
#7343 = DIRECTION('',(-1.,1.224646799147E-16,7.789680114753E-33));
#7344 = PLANE('',#7345);
#7345 = AXIS2_PLACEMENT_3D('',#7346,#7347,#7348);
#7346 = CARTESIAN_POINT('',(2.5,-0.575,1.85));
#7347 = DIRECTION('',(7.789680114753E-33,-9.539606818914E-49,1.));
#7348 = DIRECTION('',(-1.,1.224646799147E-16,7.789680114753E-33));
#7349 = ADVANCED_FACE('',(#7350),#7361,.F.);
#7350 = FACE_BOUND('',#7351,.F.);
#7351 = EDGE_LOOP('',(#7352,#7353,#7359,#7360));
#7352 = ORIENTED_EDGE('',*,*,#6723,.F.);
#7353 = ORIENTED_EDGE('',*,*,#7354,.T.);
#7354 = EDGE_CURVE('',#6716,#6514,#7355,.T.);
#7355 = LINE('',#7356,#7357);
#7356 = CARTESIAN_POINT('',(-0.5,2.35,6.1));
#7357 = VECTOR('',#7358,1.);
#7358 = DIRECTION('',(-1.224646799147E-16,-1.,0.));
#7359 = ORIENTED_EDGE('',*,*,#6521,.F.);
#7360 = ORIENTED_EDGE('',*,*,#6569,.F.);
#7361 = PLANE('',#7362);
#7362 = AXIS2_PLACEMENT_3D('',#7363,#7364,#7365);
#7363 = CARTESIAN_POINT('',(-0.5,2.35,6.1));
#7364 = DIRECTION('',(-1.,1.224646799147E-16,0.));
#7365 = DIRECTION('',(0.,0.,1.));
#7366 = ADVANCED_FACE('',(#7367),#7378,.F.);
#7367 = FACE_BOUND('',#7368,.F.);
#7368 = EDGE_LOOP('',(#7369,#7370,#7376,#7377));
#7369 = ORIENTED_EDGE('',*,*,#6715,.F.);
#7370 = ORIENTED_EDGE('',*,*,#7371,.T.);
#7371 = EDGE_CURVE('',#6708,#6506,#7372,.T.);
#7372 = LINE('',#7373,#7374);
#7373 = CARTESIAN_POINT('',(-0.25,2.35,5.85));
#7374 = VECTOR('',#7375,1.);
#7375 = DIRECTION('',(-1.224646799147E-16,-1.,0.));
#7376 = ORIENTED_EDGE('',*,*,#6513,.F.);
#7377 = ORIENTED_EDGE('',*,*,#7354,.F.);
#7378 = PLANE('',#7379);
#7379 = AXIS2_PLACEMENT_3D('',#7380,#7381,#7382);
#7380 = CARTESIAN_POINT('',(-0.25,2.35,5.85));
#7381 = DIRECTION('',(-0.707106781187,8.659560562349E-17,-0.707106781187
    ));
#7382 = DIRECTION('',(-0.707106781187,8.659560562349E-17,0.707106781187)
  );
#7383 = ADVANCED_FACE('',(#7384),#7395,.F.);
#7384 = FACE_BOUND('',#7385,.F.);
#7385 = EDGE_LOOP('',(#7386,#7387,#7393,#7394));
#7386 = ORIENTED_EDGE('',*,*,#6707,.F.);
#7387 = ORIENTED_EDGE('',*,*,#7388,.T.);
#7388 = EDGE_CURVE('',#6700,#6498,#7389,.T.);
#7389 = LINE('',#7390,#7391);
#7390 = CARTESIAN_POINT('',(-0.5,2.35,5.6));
#7391 = VECTOR('',#7392,1.);
#7392 = DIRECTION('',(-1.224646799147E-16,-1.,0.));
#7393 = ORIENTED_EDGE('',*,*,#6505,.F.);
#7394 = ORIENTED_EDGE('',*,*,#7371,.F.);
#7395 = PLANE('',#7396);
#7396 = AXIS2_PLACEMENT_3D('',#7397,#7398,#7399);
#7397 = CARTESIAN_POINT('',(-0.5,2.35,5.6));
#7398 = DIRECTION('',(-0.707106781187,8.659560562349E-17,0.707106781187)
  );
#7399 = DIRECTION('',(0.707106781187,-8.659560562349E-17,0.707106781187)
  );
#7400 = ADVANCED_FACE('',(#7401),#7412,.F.);
#7401 = FACE_BOUND('',#7402,.F.);
#7402 = EDGE_LOOP('',(#7403,#7404,#7410,#7411));
#7403 = ORIENTED_EDGE('',*,*,#6699,.F.);
#7404 = ORIENTED_EDGE('',*,*,#7405,.T.);
#7405 = EDGE_CURVE('',#6691,#6489,#7406,.T.);
#7406 = LINE('',#7407,#7408);
#7407 = CARTESIAN_POINT('',(-0.5,2.35,3.85));
#7408 = VECTOR('',#7409,1.);
#7409 = DIRECTION('',(-1.224646799147E-16,-1.,0.));
#7410 = ORIENTED_EDGE('',*,*,#6497,.F.);
#7411 = ORIENTED_EDGE('',*,*,#7388,.F.);
#7412 = PLANE('',#7413);
#7413 = AXIS2_PLACEMENT_3D('',#7414,#7415,#7416);
#7414 = CARTESIAN_POINT('',(-0.5,2.35,3.1));
#7415 = DIRECTION('',(-1.,1.224646799147E-16,0.));
#7416 = DIRECTION('',(0.,0.,1.));
#7417 = ADVANCED_FACE('',(#7418),#7429,.F.);
#7418 = FACE_BOUND('',#7419,.F.);
#7419 = EDGE_LOOP('',(#7420,#7421,#7422,#7423));
#7420 = ORIENTED_EDGE('',*,*,#6488,.F.);
#7421 = ORIENTED_EDGE('',*,*,#7405,.F.);
#7422 = ORIENTED_EDGE('',*,*,#6690,.F.);
#7423 = ORIENTED_EDGE('',*,*,#7424,.T.);
#7424 = EDGE_CURVE('',#6683,#6481,#7425,.T.);
#7425 = LINE('',#7426,#7427);
#7426 = CARTESIAN_POINT('',(0.25,2.35,3.1));
#7427 = VECTOR('',#7428,1.);
#7428 = DIRECTION('',(-1.224646799147E-16,-1.,0.));
#7429 = CYLINDRICAL_SURFACE('',#7430,0.75);
#7430 = AXIS2_PLACEMENT_3D('',#7431,#7432,#7433);
#7431 = CARTESIAN_POINT('',(0.25,2.35,3.85));
#7432 = DIRECTION('',(-1.224646799147E-16,-1.,0.));
#7433 = DIRECTION('',(-0.,0.,-1.));
#7434 = ADVANCED_FACE('',(#7435),#7446,.F.);
#7435 = FACE_BOUND('',#7436,.F.);
#7436 = EDGE_LOOP('',(#7437,#7438,#7439,#7445));
#7437 = ORIENTED_EDGE('',*,*,#7424,.F.);
#7438 = ORIENTED_EDGE('',*,*,#6682,.F.);
#7439 = ORIENTED_EDGE('',*,*,#7440,.T.);
#7440 = EDGE_CURVE('',#6675,#6473,#7441,.T.);
#7441 = LINE('',#7442,#7443);
#7442 = CARTESIAN_POINT('',(1.,2.35,3.1));
#7443 = VECTOR('',#7444,1.);
#7444 = DIRECTION('',(-1.224646799147E-16,-1.,0.));
#7445 = ORIENTED_EDGE('',*,*,#6480,.F.);
#7446 = PLANE('',#7447);
#7447 = AXIS2_PLACEMENT_3D('',#7448,#7449,#7450);
#7448 = CARTESIAN_POINT('',(1.,2.35,3.1));
#7449 = DIRECTION('',(-0.,0.,-1.));
#7450 = DIRECTION('',(-1.,1.224646799147E-16,0.));
#7451 = ADVANCED_FACE('',(#7452),#7463,.F.);
#7452 = FACE_BOUND('',#7453,.F.);
#7453 = EDGE_LOOP('',(#7454,#7455,#7461,#7462));
#7454 = ORIENTED_EDGE('',*,*,#6674,.F.);
#7455 = ORIENTED_EDGE('',*,*,#7456,.T.);
#7456 = EDGE_CURVE('',#6667,#6465,#7457,.T.);
#7457 = LINE('',#7458,#7459);
#7458 = CARTESIAN_POINT('',(1.,2.35,7.));
#7459 = VECTOR('',#7460,1.);
#7460 = DIRECTION('',(-1.224646799147E-16,-1.,0.));
#7461 = ORIENTED_EDGE('',*,*,#6472,.F.);
#7462 = ORIENTED_EDGE('',*,*,#7440,.F.);
#7463 = PLANE('',#7464);
#7464 = AXIS2_PLACEMENT_3D('',#7465,#7466,#7467);
#7465 = CARTESIAN_POINT('',(1.,2.35,7.));
#7466 = DIRECTION('',(1.,-1.224646799147E-16,0.));
#7467 = DIRECTION('',(0.,-0.,-1.));
#7468 = ADVANCED_FACE('',(#7469),#7480,.T.);
#7469 = FACE_BOUND('',#7470,.T.);
#7470 = EDGE_LOOP('',(#7471,#7472,#7478,#7479));
#7471 = ORIENTED_EDGE('',*,*,#6464,.F.);
#7472 = ORIENTED_EDGE('',*,*,#7473,.F.);
#7473 = EDGE_CURVE('',#6659,#6457,#7474,.T.);
#7474 = LINE('',#7475,#7476);
#7475 = CARTESIAN_POINT('',(4.,2.35,7.));
#7476 = VECTOR('',#7477,1.);
#7477 = DIRECTION('',(-1.224646799147E-16,-1.,0.));
#7478 = ORIENTED_EDGE('',*,*,#6666,.T.);
#7479 = ORIENTED_EDGE('',*,*,#7456,.T.);
#7480 = PLANE('',#7481);
#7481 = AXIS2_PLACEMENT_3D('',#7482,#7483,#7484);
#7482 = CARTESIAN_POINT('',(2.5,-0.525,7.));
#7483 = DIRECTION('',(0.,0.,1.));
#7484 = DIRECTION('',(-1.,1.224646799147E-16,0.));
#7485 = ADVANCED_FACE('',(#7486),#7497,.T.);
#7486 = FACE_BOUND('',#7487,.T.);
#7487 = EDGE_LOOP('',(#7488,#7489,#7490,#7491));
#7488 = ORIENTED_EDGE('',*,*,#6658,.F.);
#7489 = ORIENTED_EDGE('',*,*,#7473,.T.);
#7490 = ORIENTED_EDGE('',*,*,#6456,.F.);
#7491 = ORIENTED_EDGE('',*,*,#7492,.F.);
#7492 = EDGE_CURVE('',#6651,#6449,#7493,.T.);
#7493 = LINE('',#7494,#7495);
#7494 = CARTESIAN_POINT('',(4.,2.35,3.1));
#7495 = VECTOR('',#7496,1.);
#7496 = DIRECTION('',(-1.224646799147E-16,-1.,0.));
#7497 = PLANE('',#7498);
#7498 = AXIS2_PLACEMENT_3D('',#7499,#7500,#7501);
#7499 = CARTESIAN_POINT('',(4.,2.35,7.));
#7500 = DIRECTION('',(1.,-1.224646799147E-16,0.));
#7501 = DIRECTION('',(0.,-0.,-1.));
#7502 = ADVANCED_FACE('',(#7503),#7514,.T.);
#7503 = FACE_BOUND('',#7504,.T.);
#7504 = EDGE_LOOP('',(#7505,#7511,#7512,#7513));
#7505 = ORIENTED_EDGE('',*,*,#7506,.F.);
#7506 = EDGE_CURVE('',#6642,#6440,#7507,.T.);
#7507 = LINE('',#7508,#7509);
#7508 = CARTESIAN_POINT('',(4.75,2.35,3.1));
#7509 = VECTOR('',#7510,1.);
#7510 = DIRECTION('',(-1.224646799147E-16,-1.,0.));
#7511 = ORIENTED_EDGE('',*,*,#6650,.F.);
#7512 = ORIENTED_EDGE('',*,*,#7492,.T.);
#7513 = ORIENTED_EDGE('',*,*,#6448,.F.);
#7514 = PLANE('',#7515);
#7515 = AXIS2_PLACEMENT_3D('',#7516,#7517,#7518);
#7516 = CARTESIAN_POINT('',(4.,2.35,3.1));
#7517 = DIRECTION('',(0.,0.,1.));
#7518 = DIRECTION('',(1.,-1.224646799147E-16,0.));
#7519 = ADVANCED_FACE('',(#7520),#7531,.F.);
#7520 = FACE_BOUND('',#7521,.F.);
#7521 = EDGE_LOOP('',(#7522,#7523,#7524,#7530));
#7522 = ORIENTED_EDGE('',*,*,#7506,.F.);
#7523 = ORIENTED_EDGE('',*,*,#6641,.T.);
#7524 = ORIENTED_EDGE('',*,*,#7525,.T.);
#7525 = EDGE_CURVE('',#6634,#6432,#7526,.T.);
#7526 = LINE('',#7527,#7528);
#7527 = CARTESIAN_POINT('',(5.5,2.35,3.85));
#7528 = VECTOR('',#7529,1.);
#7529 = DIRECTION('',(-1.224646799147E-16,-1.,0.));
#7530 = ORIENTED_EDGE('',*,*,#6439,.F.);
#7531 = CYLINDRICAL_SURFACE('',#7532,0.75);
#7532 = AXIS2_PLACEMENT_3D('',#7533,#7534,#7535);
#7533 = CARTESIAN_POINT('',(4.75,2.35,3.85));
#7534 = DIRECTION('',(-1.224646799147E-16,-1.,0.));
#7535 = DIRECTION('',(0.,-0.,-1.));
#7536 = ADVANCED_FACE('',(#7537),#7548,.T.);
#7537 = FACE_BOUND('',#7538,.T.);
#7538 = EDGE_LOOP('',(#7539,#7540,#7541,#7542));
#7539 = ORIENTED_EDGE('',*,*,#6633,.F.);
#7540 = ORIENTED_EDGE('',*,*,#7525,.T.);
#7541 = ORIENTED_EDGE('',*,*,#6431,.F.);
#7542 = ORIENTED_EDGE('',*,*,#7543,.F.);
#7543 = EDGE_CURVE('',#6626,#6424,#7544,.T.);
#7544 = LINE('',#7545,#7546);
#7545 = CARTESIAN_POINT('',(5.5,2.35,5.6));
#7546 = VECTOR('',#7547,1.);
#7547 = DIRECTION('',(-1.224646799147E-16,-1.,0.));
#7548 = PLANE('',#7549);
#7549 = AXIS2_PLACEMENT_3D('',#7550,#7551,#7552);
#7550 = CARTESIAN_POINT('',(5.5,2.35,3.1));
#7551 = DIRECTION('',(-1.,1.224646799147E-16,0.));
#7552 = DIRECTION('',(0.,0.,1.));
#7553 = ADVANCED_FACE('',(#7554),#7565,.T.);
#7554 = FACE_BOUND('',#7555,.T.);
#7555 = EDGE_LOOP('',(#7556,#7557,#7558,#7559));
#7556 = ORIENTED_EDGE('',*,*,#6625,.F.);
#7557 = ORIENTED_EDGE('',*,*,#7543,.T.);
#7558 = ORIENTED_EDGE('',*,*,#6423,.F.);
#7559 = ORIENTED_EDGE('',*,*,#7560,.F.);
#7560 = EDGE_CURVE('',#6618,#6416,#7561,.T.);
#7561 = LINE('',#7562,#7563);
#7562 = CARTESIAN_POINT('',(5.25,2.35,5.85));
#7563 = VECTOR('',#7564,1.);
#7564 = DIRECTION('',(-1.224646799147E-16,-1.,0.));
#7565 = PLANE('',#7566);
#7566 = AXIS2_PLACEMENT_3D('',#7567,#7568,#7569);
#7567 = CARTESIAN_POINT('',(5.5,2.35,5.6));
#7568 = DIRECTION('',(-0.707106781187,8.659560562349E-17,-0.707106781187
    ));
#7569 = DIRECTION('',(-0.707106781187,8.659560562349E-17,0.707106781187)
  );
#7570 = ADVANCED_FACE('',(#7571),#7582,.T.);
#7571 = FACE_BOUND('',#7572,.T.);
#7572 = EDGE_LOOP('',(#7573,#7574,#7575,#7576));
#7573 = ORIENTED_EDGE('',*,*,#6617,.F.);
#7574 = ORIENTED_EDGE('',*,*,#7560,.T.);
#7575 = ORIENTED_EDGE('',*,*,#6415,.F.);
#7576 = ORIENTED_EDGE('',*,*,#7577,.F.);
#7577 = EDGE_CURVE('',#6610,#6408,#7578,.T.);
#7578 = LINE('',#7579,#7580);
#7579 = CARTESIAN_POINT('',(5.5,2.35,6.1));
#7580 = VECTOR('',#7581,1.);
#7581 = DIRECTION('',(-1.224646799147E-16,-1.,0.));
#7582 = PLANE('',#7583);
#7583 = AXIS2_PLACEMENT_3D('',#7584,#7585,#7586);
#7584 = CARTESIAN_POINT('',(5.25,2.35,5.85));
#7585 = DIRECTION('',(-0.707106781187,8.659560562349E-17,0.707106781187)
  );
#7586 = DIRECTION('',(0.707106781187,-8.659560562349E-17,0.707106781187)
  );
#7587 = ADVANCED_FACE('',(#7588),#7594,.T.);
#7588 = FACE_BOUND('',#7589,.T.);
#7589 = EDGE_LOOP('',(#7590,#7591,#7592,#7593));
#7590 = ORIENTED_EDGE('',*,*,#6609,.F.);
#7591 = ORIENTED_EDGE('',*,*,#7577,.T.);
#7592 = ORIENTED_EDGE('',*,*,#6407,.F.);
#7593 = ORIENTED_EDGE('',*,*,#7196,.F.);
#7594 = PLANE('',#7595);
#7595 = AXIS2_PLACEMENT_3D('',#7596,#7597,#7598);
#7596 = CARTESIAN_POINT('',(5.5,2.35,6.1));
#7597 = DIRECTION('',(-1.,1.224646799147E-16,4.93432455389E-16));
#7598 = DIRECTION('',(4.93432455389E-16,-6.042804770875E-32,1.));
#7599 = ADVANCED_FACE('',(#7600),#7611,.F.);
#7600 = FACE_BOUND('',#7601,.F.);
#7601 = EDGE_LOOP('',(#7602,#7603,#7604,#7610));
#7602 = ORIENTED_EDGE('',*,*,#6804,.T.);
#7603 = ORIENTED_EDGE('',*,*,#7061,.T.);
#7604 = ORIENTED_EDGE('',*,*,#7605,.F.);
#7605 = EDGE_CURVE('',#7119,#7062,#7606,.T.);
#7606 = LINE('',#7607,#7608);
#7607 = CARTESIAN_POINT('',(5.75,0.5,0.3));
#7608 = VECTOR('',#7609,1.);
#7609 = DIRECTION('',(-1.,1.224646799147E-16,0.));
#7610 = ORIENTED_EDGE('',*,*,#7118,.F.);
#7611 = PLANE('',#7612);
#7612 = AXIS2_PLACEMENT_3D('',#7613,#7614,#7615);
#7613 = CARTESIAN_POINT('',(5.75,2.35,1.));
#7614 = DIRECTION('',(-4.33392824344E-17,-0.353892097416,0.935286257456)
  );
#7615 = DIRECTION('',(-1.14539532148E-16,-0.935286257456,-0.353892097416
    ));
#7616 = ADVANCED_FACE('',(#7617),#7628,.F.);
#7617 = FACE_BOUND('',#7618,.F.);
#7618 = EDGE_LOOP('',(#7619,#7620,#7621,#7627));
#7619 = ORIENTED_EDGE('',*,*,#6772,.T.);
#7620 = ORIENTED_EDGE('',*,*,#6956,.T.);
#7621 = ORIENTED_EDGE('',*,*,#7622,.F.);
#7622 = EDGE_CURVE('',#7014,#6957,#7623,.T.);
#7623 = LINE('',#7624,#7625);
#7624 = CARTESIAN_POINT('',(3.25,0.5,0.3));
#7625 = VECTOR('',#7626,1.);
#7626 = DIRECTION('',(-1.,1.224646799147E-16,0.));
#7627 = ORIENTED_EDGE('',*,*,#7013,.F.);
#7628 = PLANE('',#7629);
#7629 = AXIS2_PLACEMENT_3D('',#7630,#7631,#7632);
#7630 = CARTESIAN_POINT('',(3.25,2.35,1.));
#7631 = DIRECTION('',(-4.33392824344E-17,-0.353892097416,0.935286257456)
  );
#7632 = DIRECTION('',(-1.14539532148E-16,-0.935286257456,-0.353892097416
    ));
#7633 = ADVANCED_FACE('',(#7634),#7645,.F.);
#7634 = FACE_BOUND('',#7635,.F.);
#7635 = EDGE_LOOP('',(#7636,#7637,#7638,#7644));
#7636 = ORIENTED_EDGE('',*,*,#6740,.T.);
#7637 = ORIENTED_EDGE('',*,*,#6851,.T.);
#7638 = ORIENTED_EDGE('',*,*,#7639,.F.);
#7639 = EDGE_CURVE('',#6909,#6852,#7640,.T.);
#7640 = LINE('',#7641,#7642);
#7641 = CARTESIAN_POINT('',(0.75,0.5,0.3));
#7642 = VECTOR('',#7643,1.);
#7643 = DIRECTION('',(-1.,1.224646799147E-16,0.));
#7644 = ORIENTED_EDGE('',*,*,#6908,.F.);
#7645 = PLANE('',#7646);
#7646 = AXIS2_PLACEMENT_3D('',#7647,#7648,#7649);
#7647 = CARTESIAN_POINT('',(0.75,2.35,1.));
#7648 = DIRECTION('',(-4.33392824344E-17,-0.353892097416,0.935286257456)
  );
#7649 = DIRECTION('',(-1.14539532148E-16,-0.935286257456,-0.353892097416
    ));
#7650 = ADVANCED_FACE('',(#7651,#7657),#7691,.F.);
#7651 = FACE_BOUND('',#7652,.F.);
#7652 = EDGE_LOOP('',(#7653,#7654,#7655,#7656));
#7653 = ORIENTED_EDGE('',*,*,#7639,.T.);
#7654 = ORIENTED_EDGE('',*,*,#6859,.T.);
#7655 = ORIENTED_EDGE('',*,*,#6883,.F.);
#7656 = ORIENTED_EDGE('',*,*,#6916,.F.);
#7657 = FACE_BOUND('',#7658,.F.);
#7658 = EDGE_LOOP('',(#7659,#7669,#7677,#7685));
#7659 = ORIENTED_EDGE('',*,*,#7660,.F.);
#7660 = EDGE_CURVE('',#7661,#7663,#7665,.T.);
#7661 = VERTEX_POINT('',#7662);
#7662 = CARTESIAN_POINT('',(-0.32,0.32,0.3));
#7663 = VERTEX_POINT('',#7664);
#7664 = CARTESIAN_POINT('',(-0.32,-0.32,0.3));
#7665 = LINE('',#7666,#7667);
#7666 = CARTESIAN_POINT('',(-0.32,0.26829700442,0.3));
#7667 = VECTOR('',#7668,1.);
#7668 = DIRECTION('',(-1.224646799147E-16,-1.,0.));
#7669 = ORIENTED_EDGE('',*,*,#7670,.T.);
#7670 = EDGE_CURVE('',#7661,#7671,#7673,.T.);
#7671 = VERTEX_POINT('',#7672);
#7672 = CARTESIAN_POINT('',(0.32,0.32,0.3));
#7673 = LINE('',#7674,#7675);
#7674 = CARTESIAN_POINT('',(0.535,0.32,0.3));
#7675 = VECTOR('',#7676,1.);
#7676 = DIRECTION('',(1.,-1.224646799147E-16,0.));
#7677 = ORIENTED_EDGE('',*,*,#7678,.T.);
#7678 = EDGE_CURVE('',#7671,#7679,#7681,.T.);
#7679 = VERTEX_POINT('',#7680);
#7680 = CARTESIAN_POINT('',(0.32,-0.32,0.3));
#7681 = LINE('',#7682,#7683);
#7682 = CARTESIAN_POINT('',(0.32,0.26829700442,0.3));
#7683 = VECTOR('',#7684,1.);
#7684 = DIRECTION('',(-1.224646799147E-16,-1.,0.));
#7685 = ORIENTED_EDGE('',*,*,#7686,.T.);
#7686 = EDGE_CURVE('',#7679,#7663,#7687,.T.);
#7687 = LINE('',#7688,#7689);
#7688 = CARTESIAN_POINT('',(0.535,-0.32,0.3));
#7689 = VECTOR('',#7690,1.);
#7690 = DIRECTION('',(-1.,1.224646799147E-16,0.));
#7691 = PLANE('',#7692);
#7692 = AXIS2_PLACEMENT_3D('',#7693,#7694,#7695);
#7693 = CARTESIAN_POINT('',(0.75,0.5,0.3));
#7694 = DIRECTION('',(0.,0.,1.));
#7695 = DIRECTION('',(-1.224646799147E-16,-1.,0.));
#7696 = ADVANCED_FACE('',(#7697,#7703),#7737,.F.);
#7697 = FACE_BOUND('',#7698,.F.);
#7698 = EDGE_LOOP('',(#7699,#7700,#7701,#7702));
#7699 = ORIENTED_EDGE('',*,*,#7622,.T.);
#7700 = ORIENTED_EDGE('',*,*,#6964,.T.);
#7701 = ORIENTED_EDGE('',*,*,#6988,.F.);
#7702 = ORIENTED_EDGE('',*,*,#7021,.F.);
#7703 = FACE_BOUND('',#7704,.F.);
#7704 = EDGE_LOOP('',(#7705,#7715,#7723,#7731));
#7705 = ORIENTED_EDGE('',*,*,#7706,.F.);
#7706 = EDGE_CURVE('',#7707,#7709,#7711,.T.);
#7707 = VERTEX_POINT('',#7708);
#7708 = CARTESIAN_POINT('',(2.18,0.32,0.3));
#7709 = VERTEX_POINT('',#7710);
#7710 = CARTESIAN_POINT('',(2.18,-0.32,0.3));
#7711 = LINE('',#7712,#7713);
#7712 = CARTESIAN_POINT('',(2.18,0.25,0.3));
#7713 = VECTOR('',#7714,1.);
#7714 = DIRECTION('',(-1.224646799147E-16,-1.,0.));
#7715 = ORIENTED_EDGE('',*,*,#7716,.T.);
#7716 = EDGE_CURVE('',#7707,#7717,#7719,.T.);
#7717 = VERTEX_POINT('',#7718);
#7718 = CARTESIAN_POINT('',(2.82,0.32,0.3));
#7719 = LINE('',#7720,#7721);
#7720 = CARTESIAN_POINT('',(3.035,0.32,0.3));
#7721 = VECTOR('',#7722,1.);
#7722 = DIRECTION('',(1.,-1.224646799147E-16,0.));
#7723 = ORIENTED_EDGE('',*,*,#7724,.T.);
#7724 = EDGE_CURVE('',#7717,#7725,#7727,.T.);
#7725 = VERTEX_POINT('',#7726);
#7726 = CARTESIAN_POINT('',(2.82,-0.32,0.3));
#7727 = LINE('',#7728,#7729);
#7728 = CARTESIAN_POINT('',(2.82,0.25,0.3));
#7729 = VECTOR('',#7730,1.);
#7730 = DIRECTION('',(-1.224646799147E-16,-1.,0.));
#7731 = ORIENTED_EDGE('',*,*,#7732,.T.);
#7732 = EDGE_CURVE('',#7725,#7709,#7733,.T.);
#7733 = LINE('',#7734,#7735);
#7734 = CARTESIAN_POINT('',(3.035,-0.32,0.3));
#7735 = VECTOR('',#7736,1.);
#7736 = DIRECTION('',(-1.,1.224646799147E-16,0.));
#7737 = PLANE('',#7738);
#7738 = AXIS2_PLACEMENT_3D('',#7739,#7740,#7741);
#7739 = CARTESIAN_POINT('',(3.25,0.5,0.3));
#7740 = DIRECTION('',(0.,0.,1.));
#7741 = DIRECTION('',(-1.224646799147E-16,-1.,0.));
#7742 = ADVANCED_FACE('',(#7743,#7749),#7783,.F.);
#7743 = FACE_BOUND('',#7744,.F.);
#7744 = EDGE_LOOP('',(#7745,#7746,#7747,#7748));
#7745 = ORIENTED_EDGE('',*,*,#7605,.T.);
#7746 = ORIENTED_EDGE('',*,*,#7069,.T.);
#7747 = ORIENTED_EDGE('',*,*,#7093,.F.);
#7748 = ORIENTED_EDGE('',*,*,#7126,.F.);
#7749 = FACE_BOUND('',#7750,.F.);
#7750 = EDGE_LOOP('',(#7751,#7761,#7769,#7777));
#7751 = ORIENTED_EDGE('',*,*,#7752,.F.);
#7752 = EDGE_CURVE('',#7753,#7755,#7757,.T.);
#7753 = VERTEX_POINT('',#7754);
#7754 = CARTESIAN_POINT('',(4.68,0.32,0.3));
#7755 = VERTEX_POINT('',#7756);
#7756 = CARTESIAN_POINT('',(4.68,-0.32,0.3));
#7757 = LINE('',#7758,#7759);
#7758 = CARTESIAN_POINT('',(4.68,0.26829700442,0.3));
#7759 = VECTOR('',#7760,1.);
#7760 = DIRECTION('',(-1.224646799147E-16,-1.,0.));
#7761 = ORIENTED_EDGE('',*,*,#7762,.T.);
#7762 = EDGE_CURVE('',#7753,#7763,#7765,.T.);
#7763 = VERTEX_POINT('',#7764);
#7764 = CARTESIAN_POINT('',(5.32,0.32,0.3));
#7765 = LINE('',#7766,#7767);
#7766 = CARTESIAN_POINT('',(5.535,0.32,0.3));
#7767 = VECTOR('',#7768,1.);
#7768 = DIRECTION('',(1.,-1.224646799147E-16,0.));
#7769 = ORIENTED_EDGE('',*,*,#7770,.T.);
#7770 = EDGE_CURVE('',#7763,#7771,#7773,.T.);
#7771 = VERTEX_POINT('',#7772);
#7772 = CARTESIAN_POINT('',(5.32,-0.32,0.3));
#7773 = LINE('',#7774,#7775);
#7774 = CARTESIAN_POINT('',(5.32,0.26829700442,0.3));
#7775 = VECTOR('',#7776,1.);
#7776 = DIRECTION('',(-1.224646799147E-16,-1.,0.));
#7777 = ORIENTED_EDGE('',*,*,#7778,.T.);
#7778 = EDGE_CURVE('',#7771,#7755,#7779,.T.);
#7779 = LINE('',#7780,#7781);
#7780 = CARTESIAN_POINT('',(5.535,-0.32,0.3));
#7781 = VECTOR('',#7782,1.);
#7782 = DIRECTION('',(-1.,1.224646799147E-16,0.));
#7783 = PLANE('',#7784);
#7784 = AXIS2_PLACEMENT_3D('',#7785,#7786,#7787);
#7785 = CARTESIAN_POINT('',(5.75,0.5,0.3));
#7786 = DIRECTION('',(0.,0.,1.));
#7787 = DIRECTION('',(-1.224646799147E-16,-1.,0.));
#7788 = ADVANCED_FACE('',(#7789),#7814,.T.);
#7789 = FACE_BOUND('',#7790,.T.);
#7790 = EDGE_LOOP('',(#7791,#7792,#7800,#7808));
#7791 = ORIENTED_EDGE('',*,*,#7245,.T.);
#7792 = ORIENTED_EDGE('',*,*,#7793,.T.);
#7793 = EDGE_CURVE('',#7248,#7794,#7796,.T.);
#7794 = VERTEX_POINT('',#7795);
#7795 = CARTESIAN_POINT('',(-0.32,-0.32,6.3));
#7796 = LINE('',#7797,#7798);
#7797 = CARTESIAN_POINT('',(-0.32,-0.32,-0.9));
#7798 = VECTOR('',#7799,1.);
#7799 = DIRECTION('',(0.,0.,1.));
#7800 = ORIENTED_EDGE('',*,*,#7801,.T.);
#7801 = EDGE_CURVE('',#7794,#7802,#7804,.T.);
#7802 = VERTEX_POINT('',#7803);
#7803 = CARTESIAN_POINT('',(-0.32,0.32,6.3));
#7804 = LINE('',#7805,#7806);
#7805 = CARTESIAN_POINT('',(-0.32,-0.32,6.3));
#7806 = VECTOR('',#7807,1.);
#7807 = DIRECTION('',(1.224646799147E-16,1.,0.));
#7808 = ORIENTED_EDGE('',*,*,#7809,.T.);
#7809 = EDGE_CURVE('',#7802,#7246,#7810,.T.);
#7810 = LINE('',#7811,#7812);
#7811 = CARTESIAN_POINT('',(-0.32,0.32,6.5));
#7812 = VECTOR('',#7813,1.);
#7813 = DIRECTION('',(-0.,0.,-1.));
#7814 = PLANE('',#7815);
#7815 = AXIS2_PLACEMENT_3D('',#7816,#7817,#7818);
#7816 = CARTESIAN_POINT('',(-0.32,3.65940088399E-02,1.522832428212));
#7817 = DIRECTION('',(-1.,1.224646799147E-16,0.));
#7818 = DIRECTION('',(0.,0.,1.));
#7819 = ADVANCED_FACE('',(#7820),#7838,.F.);
#7820 = FACE_BOUND('',#7821,.F.);
#7821 = EDGE_LOOP('',(#7822,#7830,#7831,#7832));
#7822 = ORIENTED_EDGE('',*,*,#7823,.F.);
#7823 = EDGE_CURVE('',#7264,#7824,#7826,.T.);
#7824 = VERTEX_POINT('',#7825);
#7825 = CARTESIAN_POINT('',(0.32,-0.32,6.3));
#7826 = LINE('',#7827,#7828);
#7827 = CARTESIAN_POINT('',(0.32,-0.32,-0.9));
#7828 = VECTOR('',#7829,1.);
#7829 = DIRECTION('',(0.,0.,1.));
#7830 = ORIENTED_EDGE('',*,*,#7271,.T.);
#7831 = ORIENTED_EDGE('',*,*,#7793,.T.);
#7832 = ORIENTED_EDGE('',*,*,#7833,.F.);
#7833 = EDGE_CURVE('',#7824,#7794,#7834,.T.);
#7834 = LINE('',#7835,#7836);
#7835 = CARTESIAN_POINT('',(0.32,-0.32,6.3));
#7836 = VECTOR('',#7837,1.);
#7837 = DIRECTION('',(-1.,1.224646799147E-16,0.));
#7838 = PLANE('',#7839);
#7839 = AXIS2_PLACEMENT_3D('',#7840,#7841,#7842);
#7840 = CARTESIAN_POINT('',(0.32,-0.32,-0.9));
#7841 = DIRECTION('',(1.224646799147E-16,1.,0.));
#7842 = DIRECTION('',(0.,-0.,1.));
#7843 = ADVANCED_FACE('',(#7844),#7862,.F.);
#7844 = FACE_BOUND('',#7845,.F.);
#7845 = EDGE_LOOP('',(#7846,#7847,#7848,#7856));
#7846 = ORIENTED_EDGE('',*,*,#7263,.T.);
#7847 = ORIENTED_EDGE('',*,*,#7823,.T.);
#7848 = ORIENTED_EDGE('',*,*,#7849,.T.);
#7849 = EDGE_CURVE('',#7824,#7850,#7852,.T.);
#7850 = VERTEX_POINT('',#7851);
#7851 = CARTESIAN_POINT('',(0.32,0.32,6.3));
#7852 = LINE('',#7853,#7854);
#7853 = CARTESIAN_POINT('',(0.32,-0.32,6.3));
#7854 = VECTOR('',#7855,1.);
#7855 = DIRECTION('',(1.224646799147E-16,1.,0.));
#7856 = ORIENTED_EDGE('',*,*,#7857,.T.);
#7857 = EDGE_CURVE('',#7850,#7256,#7858,.T.);
#7858 = LINE('',#7859,#7860);
#7859 = CARTESIAN_POINT('',(0.32,0.32,6.5));
#7860 = VECTOR('',#7861,1.);
#7861 = DIRECTION('',(-0.,0.,-1.));
#7862 = PLANE('',#7863);
#7863 = AXIS2_PLACEMENT_3D('',#7864,#7865,#7866);
#7864 = CARTESIAN_POINT('',(0.32,3.65940088399E-02,1.522832428212));
#7865 = DIRECTION('',(-1.,1.224646799147E-16,0.));
#7866 = DIRECTION('',(0.,0.,1.));
#7867 = ADVANCED_FACE('',(#7868),#7879,.F.);
#7868 = FACE_BOUND('',#7869,.F.);
#7869 = EDGE_LOOP('',(#7870,#7871,#7877,#7878));
#7870 = ORIENTED_EDGE('',*,*,#7857,.F.);
#7871 = ORIENTED_EDGE('',*,*,#7872,.T.);
#7872 = EDGE_CURVE('',#7850,#7802,#7873,.T.);
#7873 = LINE('',#7874,#7875);
#7874 = CARTESIAN_POINT('',(0.32,0.32,6.3));
#7875 = VECTOR('',#7876,1.);
#7876 = DIRECTION('',(-1.,1.224646799147E-16,0.));
#7877 = ORIENTED_EDGE('',*,*,#7809,.T.);
#7878 = ORIENTED_EDGE('',*,*,#7255,.T.);
#7879 = PLANE('',#7880);
#7880 = AXIS2_PLACEMENT_3D('',#7881,#7882,#7883);
#7881 = CARTESIAN_POINT('',(0.32,0.32,6.5));
#7882 = DIRECTION('',(-1.224646799147E-16,-1.,0.));
#7883 = DIRECTION('',(-0.,0.,-1.));
#7884 = ADVANCED_FACE('',(#7885),#7910,.T.);
#7885 = FACE_BOUND('',#7886,.T.);
#7886 = EDGE_LOOP('',(#7887,#7888,#7896,#7904));
#7887 = ORIENTED_EDGE('',*,*,#7279,.T.);
#7888 = ORIENTED_EDGE('',*,*,#7889,.T.);
#7889 = EDGE_CURVE('',#7282,#7890,#7892,.T.);
#7890 = VERTEX_POINT('',#7891);
#7891 = CARTESIAN_POINT('',(4.68,-0.32,6.3));
#7892 = LINE('',#7893,#7894);
#7893 = CARTESIAN_POINT('',(4.68,-0.32,-0.9));
#7894 = VECTOR('',#7895,1.);
#7895 = DIRECTION('',(0.,0.,1.));
#7896 = ORIENTED_EDGE('',*,*,#7897,.T.);
#7897 = EDGE_CURVE('',#7890,#7898,#7900,.T.);
#7898 = VERTEX_POINT('',#7899);
#7899 = CARTESIAN_POINT('',(4.68,0.32,6.3));
#7900 = LINE('',#7901,#7902);
#7901 = CARTESIAN_POINT('',(4.68,-0.32,6.3));
#7902 = VECTOR('',#7903,1.);
#7903 = DIRECTION('',(1.224646799147E-16,1.,0.));
#7904 = ORIENTED_EDGE('',*,*,#7905,.T.);
#7905 = EDGE_CURVE('',#7898,#7280,#7906,.T.);
#7906 = LINE('',#7907,#7908);
#7907 = CARTESIAN_POINT('',(4.68,0.32,6.5));
#7908 = VECTOR('',#7909,1.);
#7909 = DIRECTION('',(-0.,0.,-1.));
#7910 = PLANE('',#7911);
#7911 = AXIS2_PLACEMENT_3D('',#7912,#7913,#7914);
#7912 = CARTESIAN_POINT('',(4.68,3.65940088399E-02,1.522832428212));
#7913 = DIRECTION('',(-1.,1.224646799147E-16,0.));
#7914 = DIRECTION('',(0.,0.,1.));
#7915 = ADVANCED_FACE('',(#7916),#7934,.F.);
#7916 = FACE_BOUND('',#7917,.F.);
#7917 = EDGE_LOOP('',(#7918,#7926,#7927,#7928));
#7918 = ORIENTED_EDGE('',*,*,#7919,.F.);
#7919 = EDGE_CURVE('',#7298,#7920,#7922,.T.);
#7920 = VERTEX_POINT('',#7921);
#7921 = CARTESIAN_POINT('',(5.32,-0.32,6.3));
#7922 = LINE('',#7923,#7924);
#7923 = CARTESIAN_POINT('',(5.32,-0.32,-0.9));
#7924 = VECTOR('',#7925,1.);
#7925 = DIRECTION('',(0.,0.,1.));
#7926 = ORIENTED_EDGE('',*,*,#7305,.T.);
#7927 = ORIENTED_EDGE('',*,*,#7889,.T.);
#7928 = ORIENTED_EDGE('',*,*,#7929,.F.);
#7929 = EDGE_CURVE('',#7920,#7890,#7930,.T.);
#7930 = LINE('',#7931,#7932);
#7931 = CARTESIAN_POINT('',(5.32,-0.32,6.3));
#7932 = VECTOR('',#7933,1.);
#7933 = DIRECTION('',(-1.,1.224646799147E-16,0.));
#7934 = PLANE('',#7935);
#7935 = AXIS2_PLACEMENT_3D('',#7936,#7937,#7938);
#7936 = CARTESIAN_POINT('',(5.32,-0.32,-0.9));
#7937 = DIRECTION('',(1.224646799147E-16,1.,0.));
#7938 = DIRECTION('',(0.,-0.,1.));
#7939 = ADVANCED_FACE('',(#7940),#7958,.F.);
#7940 = FACE_BOUND('',#7941,.F.);
#7941 = EDGE_LOOP('',(#7942,#7943,#7944,#7952));
#7942 = ORIENTED_EDGE('',*,*,#7297,.T.);
#7943 = ORIENTED_EDGE('',*,*,#7919,.T.);
#7944 = ORIENTED_EDGE('',*,*,#7945,.T.);
#7945 = EDGE_CURVE('',#7920,#7946,#7948,.T.);
#7946 = VERTEX_POINT('',#7947);
#7947 = CARTESIAN_POINT('',(5.32,0.32,6.3));
#7948 = LINE('',#7949,#7950);
#7949 = CARTESIAN_POINT('',(5.32,-0.32,6.3));
#7950 = VECTOR('',#7951,1.);
#7951 = DIRECTION('',(1.224646799147E-16,1.,0.));
#7952 = ORIENTED_EDGE('',*,*,#7953,.T.);
#7953 = EDGE_CURVE('',#7946,#7290,#7954,.T.);
#7954 = LINE('',#7955,#7956);
#7955 = CARTESIAN_POINT('',(5.32,0.32,6.5));
#7956 = VECTOR('',#7957,1.);
#7957 = DIRECTION('',(-0.,0.,-1.));
#7958 = PLANE('',#7959);
#7959 = AXIS2_PLACEMENT_3D('',#7960,#7961,#7962);
#7960 = CARTESIAN_POINT('',(5.32,3.65940088399E-02,1.522832428212));
#7961 = DIRECTION('',(-1.,1.224646799147E-16,0.));
#7962 = DIRECTION('',(0.,0.,1.));
#7963 = ADVANCED_FACE('',(#7964),#7975,.F.);
#7964 = FACE_BOUND('',#7965,.F.);
#7965 = EDGE_LOOP('',(#7966,#7967,#7973,#7974));
#7966 = ORIENTED_EDGE('',*,*,#7953,.F.);
#7967 = ORIENTED_EDGE('',*,*,#7968,.T.);
#7968 = EDGE_CURVE('',#7946,#7898,#7969,.T.);
#7969 = LINE('',#7970,#7971);
#7970 = CARTESIAN_POINT('',(5.32,0.32,6.3));
#7971 = VECTOR('',#7972,1.);
#7972 = DIRECTION('',(-1.,1.224646799147E-16,0.));
#7973 = ORIENTED_EDGE('',*,*,#7905,.T.);
#7974 = ORIENTED_EDGE('',*,*,#7289,.T.);
#7975 = PLANE('',#7976);
#7976 = AXIS2_PLACEMENT_3D('',#7977,#7978,#7979);
#7977 = CARTESIAN_POINT('',(5.32,0.32,6.5));
#7978 = DIRECTION('',(-1.224646799147E-16,-1.,0.));
#7979 = DIRECTION('',(-0.,0.,-1.));
#7980 = ADVANCED_FACE('',(#7981),#8006,.T.);
#7981 = FACE_BOUND('',#7982,.T.);
#7982 = EDGE_LOOP('',(#7983,#7984,#7992,#8000));
#7983 = ORIENTED_EDGE('',*,*,#7313,.T.);
#7984 = ORIENTED_EDGE('',*,*,#7985,.T.);
#7985 = EDGE_CURVE('',#7316,#7986,#7988,.T.);
#7986 = VERTEX_POINT('',#7987);
#7987 = CARTESIAN_POINT('',(2.18,-0.32,6.3));
#7988 = LINE('',#7989,#7990);
#7989 = CARTESIAN_POINT('',(2.18,-0.32,-3.4));
#7990 = VECTOR('',#7991,1.);
#7991 = DIRECTION('',(0.,0.,1.));
#7992 = ORIENTED_EDGE('',*,*,#7993,.T.);
#7993 = EDGE_CURVE('',#7986,#7994,#7996,.T.);
#7994 = VERTEX_POINT('',#7995);
#7995 = CARTESIAN_POINT('',(2.18,0.32,6.3));
#7996 = LINE('',#7997,#7998);
#7997 = CARTESIAN_POINT('',(2.18,-0.32,6.3));
#7998 = VECTOR('',#7999,1.);
#7999 = DIRECTION('',(1.224646799147E-16,1.,0.));
#8000 = ORIENTED_EDGE('',*,*,#8001,.T.);
#8001 = EDGE_CURVE('',#7994,#7314,#8002,.T.);
#8002 = LINE('',#8003,#8004);
#8003 = CARTESIAN_POINT('',(2.18,0.32,6.5));
#8004 = VECTOR('',#8005,1.);
#8005 = DIRECTION('',(-0.,0.,-1.));
#8006 = PLANE('',#8007);
#8007 = AXIS2_PLACEMENT_3D('',#8008,#8009,#8010);
#8008 = CARTESIAN_POINT('',(2.18,3.918869757272E-17,1.55));
#8009 = DIRECTION('',(-1.,1.224646799147E-16,0.));
#8010 = DIRECTION('',(0.,0.,1.));
#8011 = ADVANCED_FACE('',(#8012),#8030,.F.);
#8012 = FACE_BOUND('',#8013,.F.);
#8013 = EDGE_LOOP('',(#8014,#8022,#8023,#8024));
#8014 = ORIENTED_EDGE('',*,*,#8015,.F.);
#8015 = EDGE_CURVE('',#7332,#8016,#8018,.T.);
#8016 = VERTEX_POINT('',#8017);
#8017 = CARTESIAN_POINT('',(2.82,-0.32,6.3));
#8018 = LINE('',#8019,#8020);
#8019 = CARTESIAN_POINT('',(2.82,-0.32,-3.4));
#8020 = VECTOR('',#8021,1.);
#8021 = DIRECTION('',(0.,0.,1.));
#8022 = ORIENTED_EDGE('',*,*,#7339,.T.);
#8023 = ORIENTED_EDGE('',*,*,#7985,.T.);
#8024 = ORIENTED_EDGE('',*,*,#8025,.F.);
#8025 = EDGE_CURVE('',#8016,#7986,#8026,.T.);
#8026 = LINE('',#8027,#8028);
#8027 = CARTESIAN_POINT('',(2.82,-0.32,6.3));
#8028 = VECTOR('',#8029,1.);
#8029 = DIRECTION('',(-1.,1.224646799147E-16,0.));
#8030 = PLANE('',#8031);
#8031 = AXIS2_PLACEMENT_3D('',#8032,#8033,#8034);
#8032 = CARTESIAN_POINT('',(2.82,-0.32,-3.4));
#8033 = DIRECTION('',(1.224646799147E-16,1.,0.));
#8034 = DIRECTION('',(0.,-0.,1.));
#8035 = ADVANCED_FACE('',(#8036),#8054,.F.);
#8036 = FACE_BOUND('',#8037,.F.);
#8037 = EDGE_LOOP('',(#8038,#8039,#8040,#8048));
#8038 = ORIENTED_EDGE('',*,*,#7331,.T.);
#8039 = ORIENTED_EDGE('',*,*,#8015,.T.);
#8040 = ORIENTED_EDGE('',*,*,#8041,.T.);
#8041 = EDGE_CURVE('',#8016,#8042,#8044,.T.);
#8042 = VERTEX_POINT('',#8043);
#8043 = CARTESIAN_POINT('',(2.82,0.32,6.3));
#8044 = LINE('',#8045,#8046);
#8045 = CARTESIAN_POINT('',(2.82,-0.32,6.3));
#8046 = VECTOR('',#8047,1.);
#8047 = DIRECTION('',(1.224646799147E-16,1.,0.));
#8048 = ORIENTED_EDGE('',*,*,#8049,.T.);
#8049 = EDGE_CURVE('',#8042,#7324,#8050,.T.);
#8050 = LINE('',#8051,#8052);
#8051 = CARTESIAN_POINT('',(2.82,0.32,6.5));
#8052 = VECTOR('',#8053,1.);
#8053 = DIRECTION('',(-0.,0.,-1.));
#8054 = PLANE('',#8055);
#8055 = AXIS2_PLACEMENT_3D('',#8056,#8057,#8058);
#8056 = CARTESIAN_POINT('',(2.82,-3.918869757272E-17,1.55));
#8057 = DIRECTION('',(-1.,1.224646799147E-16,0.));
#8058 = DIRECTION('',(0.,0.,1.));
#8059 = ADVANCED_FACE('',(#8060),#8071,.F.);
#8060 = FACE_BOUND('',#8061,.F.);
#8061 = EDGE_LOOP('',(#8062,#8063,#8069,#8070));
#8062 = ORIENTED_EDGE('',*,*,#8049,.F.);
#8063 = ORIENTED_EDGE('',*,*,#8064,.T.);
#8064 = EDGE_CURVE('',#8042,#7994,#8065,.T.);
#8065 = LINE('',#8066,#8067);
#8066 = CARTESIAN_POINT('',(2.82,0.32,6.3));
#8067 = VECTOR('',#8068,1.);
#8068 = DIRECTION('',(-1.,1.224646799147E-16,0.));
#8069 = ORIENTED_EDGE('',*,*,#8001,.T.);
#8070 = ORIENTED_EDGE('',*,*,#7323,.T.);
#8071 = PLANE('',#8072);
#8072 = AXIS2_PLACEMENT_3D('',#8073,#8074,#8075);
#8073 = CARTESIAN_POINT('',(2.82,0.32,6.5));
#8074 = DIRECTION('',(-1.224646799147E-16,-1.,0.));
#8075 = DIRECTION('',(-0.,0.,-1.));
#8076 = ADVANCED_FACE('',(#8077),#8134,.T.);
#8077 = FACE_BOUND('',#8078,.T.);
#8078 = EDGE_LOOP('',(#8079,#8089,#8097,#8105,#8111,#8112,#8120,#8128));
#8079 = ORIENTED_EDGE('',*,*,#8080,.T.);
#8080 = EDGE_CURVE('',#8081,#8083,#8085,.T.);
#8081 = VERTEX_POINT('',#8082);
#8082 = CARTESIAN_POINT('',(-0.32,0.351578947368,-3.2));
#8083 = VERTEX_POINT('',#8084);
#8084 = CARTESIAN_POINT('',(-0.32,-0.288421052632,-3.2));
#8085 = LINE('',#8086,#8087);
#8086 = CARTESIAN_POINT('',(-0.32,0.32,-3.2));
#8087 = VECTOR('',#8088,1.);
#8088 = DIRECTION('',(-1.224646799147E-16,-1.,0.));
#8089 = ORIENTED_EDGE('',*,*,#8090,.T.);
#8090 = EDGE_CURVE('',#8083,#8091,#8093,.T.);
#8091 = VERTEX_POINT('',#8092);
#8092 = CARTESIAN_POINT('',(-0.32,-2.E-02,-1.5));
#8093 = LINE('',#8094,#8095);
#8094 = CARTESIAN_POINT('',(-0.32,-0.32,-3.4));
#8095 = VECTOR('',#8096,1.);
#8096 = DIRECTION('',(1.909990663905E-17,0.155962573473,0.987762965329)
  );
#8097 = ORIENTED_EDGE('',*,*,#8098,.T.);
#8098 = EDGE_CURVE('',#8091,#8099,#8101,.T.);
#8099 = VERTEX_POINT('',#8100);
#8100 = CARTESIAN_POINT('',(-0.32,-0.32,-0.9));
#8101 = LINE('',#8102,#8103);
#8102 = CARTESIAN_POINT('',(-0.32,-2.E-02,-1.5));
#8103 = VECTOR('',#8104,1.);
#8104 = DIRECTION('',(-5.476786982641E-17,-0.4472135955,0.894427191));
#8105 = ORIENTED_EDGE('',*,*,#8106,.T.);
#8106 = EDGE_CURVE('',#8099,#7663,#8107,.T.);
#8107 = LINE('',#8108,#8109);
#8108 = CARTESIAN_POINT('',(-0.32,-0.32,-0.9));
#8109 = VECTOR('',#8110,1.);
#8110 = DIRECTION('',(0.,0.,1.));
#8111 = ORIENTED_EDGE('',*,*,#7660,.F.);
#8112 = ORIENTED_EDGE('',*,*,#8113,.T.);
#8113 = EDGE_CURVE('',#7661,#8114,#8116,.T.);
#8114 = VERTEX_POINT('',#8115);
#8115 = CARTESIAN_POINT('',(-0.32,0.32,-0.9));
#8116 = LINE('',#8117,#8118);
#8117 = CARTESIAN_POINT('',(-0.32,0.32,6.5));
#8118 = VECTOR('',#8119,1.);
#8119 = DIRECTION('',(-0.,0.,-1.));
#8120 = ORIENTED_EDGE('',*,*,#8121,.T.);
#8121 = EDGE_CURVE('',#8114,#8122,#8124,.T.);
#8122 = VERTEX_POINT('',#8123);
#8123 = CARTESIAN_POINT('',(-0.32,0.62,-1.5));
#8124 = LINE('',#8125,#8126);
#8125 = CARTESIAN_POINT('',(-0.32,0.32,-0.9));
#8126 = VECTOR('',#8127,1.);
#8127 = DIRECTION('',(5.476786982641E-17,0.4472135955,-0.894427191));
#8128 = ORIENTED_EDGE('',*,*,#8129,.T.);
#8129 = EDGE_CURVE('',#8122,#8081,#8130,.T.);
#8130 = LINE('',#8131,#8132);
#8131 = CARTESIAN_POINT('',(-0.32,0.62,-1.5));
#8132 = VECTOR('',#8133,1.);
#8133 = DIRECTION('',(-1.909990663905E-17,-0.155962573473,
    -0.987762965329));
#8134 = PLANE('',#8135);
#8135 = AXIS2_PLACEMENT_3D('',#8136,#8137,#8138);
#8136 = CARTESIAN_POINT('',(-0.32,3.65940088399E-02,1.522832428212));
#8137 = DIRECTION('',(-1.,1.224646799147E-16,0.));
#8138 = DIRECTION('',(0.,0.,1.));
#8139 = ADVANCED_FACE('',(#8140),#8158,.F.);
#8140 = FACE_BOUND('',#8141,.F.);
#8141 = EDGE_LOOP('',(#8142,#8150,#8156,#8157));
#8142 = ORIENTED_EDGE('',*,*,#8143,.F.);
#8143 = EDGE_CURVE('',#8144,#7679,#8146,.T.);
#8144 = VERTEX_POINT('',#8145);
#8145 = CARTESIAN_POINT('',(0.32,-0.32,-0.9));
#8146 = LINE('',#8147,#8148);
#8147 = CARTESIAN_POINT('',(0.32,-0.32,-0.9));
#8148 = VECTOR('',#8149,1.);
#8149 = DIRECTION('',(0.,0.,1.));
#8150 = ORIENTED_EDGE('',*,*,#8151,.T.);
#8151 = EDGE_CURVE('',#8144,#8099,#8152,.T.);
#8152 = LINE('',#8153,#8154);
#8153 = CARTESIAN_POINT('',(0.32,-0.32,-0.9));
#8154 = VECTOR('',#8155,1.);
#8155 = DIRECTION('',(-1.,1.224646799147E-16,0.));
#8156 = ORIENTED_EDGE('',*,*,#8106,.T.);
#8157 = ORIENTED_EDGE('',*,*,#7686,.F.);
#8158 = PLANE('',#8159);
#8159 = AXIS2_PLACEMENT_3D('',#8160,#8161,#8162);
#8160 = CARTESIAN_POINT('',(0.32,-0.32,-0.9));
#8161 = DIRECTION('',(1.224646799147E-16,1.,0.));
#8162 = DIRECTION('',(0.,-0.,1.));
#8163 = ADVANCED_FACE('',(#8164),#8214,.F.);
#8164 = FACE_BOUND('',#8165,.F.);
#8165 = EDGE_LOOP('',(#8166,#8176,#8184,#8190,#8191,#8192,#8200,#8208));
#8166 = ORIENTED_EDGE('',*,*,#8167,.T.);
#8167 = EDGE_CURVE('',#8168,#8170,#8172,.T.);
#8168 = VERTEX_POINT('',#8169);
#8169 = CARTESIAN_POINT('',(0.32,0.351578947368,-3.2));
#8170 = VERTEX_POINT('',#8171);
#8171 = CARTESIAN_POINT('',(0.32,-0.288421052632,-3.2));
#8172 = LINE('',#8173,#8174);
#8173 = CARTESIAN_POINT('',(0.32,0.32,-3.2));
#8174 = VECTOR('',#8175,1.);
#8175 = DIRECTION('',(-1.224646799147E-16,-1.,0.));
#8176 = ORIENTED_EDGE('',*,*,#8177,.T.);
#8177 = EDGE_CURVE('',#8170,#8178,#8180,.T.);
#8178 = VERTEX_POINT('',#8179);
#8179 = CARTESIAN_POINT('',(0.32,-2.E-02,-1.5));
#8180 = LINE('',#8181,#8182);
#8181 = CARTESIAN_POINT('',(0.32,-0.32,-3.4));
#8182 = VECTOR('',#8183,1.);
#8183 = DIRECTION('',(1.909990663905E-17,0.155962573473,0.987762965329)
  );
#8184 = ORIENTED_EDGE('',*,*,#8185,.T.);
#8185 = EDGE_CURVE('',#8178,#8144,#8186,.T.);
#8186 = LINE('',#8187,#8188);
#8187 = CARTESIAN_POINT('',(0.32,-2.E-02,-1.5));
#8188 = VECTOR('',#8189,1.);
#8189 = DIRECTION('',(-5.476786982641E-17,-0.4472135955,0.894427191));
#8190 = ORIENTED_EDGE('',*,*,#8143,.T.);
#8191 = ORIENTED_EDGE('',*,*,#7678,.F.);
#8192 = ORIENTED_EDGE('',*,*,#8193,.T.);
#8193 = EDGE_CURVE('',#7671,#8194,#8196,.T.);
#8194 = VERTEX_POINT('',#8195);
#8195 = CARTESIAN_POINT('',(0.32,0.32,-0.9));
#8196 = LINE('',#8197,#8198);
#8197 = CARTESIAN_POINT('',(0.32,0.32,6.5));
#8198 = VECTOR('',#8199,1.);
#8199 = DIRECTION('',(-0.,0.,-1.));
#8200 = ORIENTED_EDGE('',*,*,#8201,.T.);
#8201 = EDGE_CURVE('',#8194,#8202,#8204,.T.);
#8202 = VERTEX_POINT('',#8203);
#8203 = CARTESIAN_POINT('',(0.32,0.62,-1.5));
#8204 = LINE('',#8205,#8206);
#8205 = CARTESIAN_POINT('',(0.32,0.32,-0.9));
#8206 = VECTOR('',#8207,1.);
#8207 = DIRECTION('',(5.476786982641E-17,0.4472135955,-0.894427191));
#8208 = ORIENTED_EDGE('',*,*,#8209,.T.);
#8209 = EDGE_CURVE('',#8202,#8168,#8210,.T.);
#8210 = LINE('',#8211,#8212);
#8211 = CARTESIAN_POINT('',(0.32,0.62,-1.5));
#8212 = VECTOR('',#8213,1.);
#8213 = DIRECTION('',(-1.909990663905E-17,-0.155962573473,
    -0.987762965329));
#8214 = PLANE('',#8215);
#8215 = AXIS2_PLACEMENT_3D('',#8216,#8217,#8218);
#8216 = CARTESIAN_POINT('',(0.32,3.65940088399E-02,1.522832428212));
#8217 = DIRECTION('',(-1.,1.224646799147E-16,0.));
#8218 = DIRECTION('',(0.,0.,1.));
#8219 = ADVANCED_FACE('',(#8220),#8231,.F.);
#8220 = FACE_BOUND('',#8221,.F.);
#8221 = EDGE_LOOP('',(#8222,#8223,#8224,#8225));
#8222 = ORIENTED_EDGE('',*,*,#8193,.F.);
#8223 = ORIENTED_EDGE('',*,*,#7670,.F.);
#8224 = ORIENTED_EDGE('',*,*,#8113,.T.);
#8225 = ORIENTED_EDGE('',*,*,#8226,.F.);
#8226 = EDGE_CURVE('',#8194,#8114,#8227,.T.);
#8227 = LINE('',#8228,#8229);
#8228 = CARTESIAN_POINT('',(0.32,0.32,-0.9));
#8229 = VECTOR('',#8230,1.);
#8230 = DIRECTION('',(-1.,1.224646799147E-16,0.));
#8231 = PLANE('',#8232);
#8232 = AXIS2_PLACEMENT_3D('',#8233,#8234,#8235);
#8233 = CARTESIAN_POINT('',(0.32,0.32,6.5));
#8234 = DIRECTION('',(-1.224646799147E-16,-1.,0.));
#8235 = DIRECTION('',(-0.,0.,-1.));
#8236 = ADVANCED_FACE('',(#8237),#8262,.T.);
#8237 = FACE_BOUND('',#8238,.T.);
#8238 = EDGE_LOOP('',(#8239,#8249,#8255,#8256));
#8239 = ORIENTED_EDGE('',*,*,#8240,.T.);
#8240 = EDGE_CURVE('',#8241,#8243,#8245,.T.);
#8241 = VERTEX_POINT('',#8242);
#8242 = CARTESIAN_POINT('',(2.18,0.32,-3.2));
#8243 = VERTEX_POINT('',#8244);
#8244 = CARTESIAN_POINT('',(2.18,-0.32,-3.2));
#8245 = LINE('',#8246,#8247);
#8246 = CARTESIAN_POINT('',(2.18,0.32,-3.2));
#8247 = VECTOR('',#8248,1.);
#8248 = DIRECTION('',(-1.224646799147E-16,-1.,0.));
#8249 = ORIENTED_EDGE('',*,*,#8250,.T.);
#8250 = EDGE_CURVE('',#8243,#7709,#8251,.T.);
#8251 = LINE('',#8252,#8253);
#8252 = CARTESIAN_POINT('',(2.18,-0.32,-3.4));
#8253 = VECTOR('',#8254,1.);
#8254 = DIRECTION('',(0.,0.,1.));
#8255 = ORIENTED_EDGE('',*,*,#7706,.F.);
#8256 = ORIENTED_EDGE('',*,*,#8257,.T.);
#8257 = EDGE_CURVE('',#7707,#8241,#8258,.T.);
#8258 = LINE('',#8259,#8260);
#8259 = CARTESIAN_POINT('',(2.18,0.32,6.5));
#8260 = VECTOR('',#8261,1.);
#8261 = DIRECTION('',(-0.,0.,-1.));
#8262 = PLANE('',#8263);
#8263 = AXIS2_PLACEMENT_3D('',#8264,#8265,#8266);
#8264 = CARTESIAN_POINT('',(2.18,3.918869757272E-17,1.55));
#8265 = DIRECTION('',(-1.,1.224646799147E-16,0.));
#8266 = DIRECTION('',(0.,0.,1.));
#8267 = ADVANCED_FACE('',(#8268),#8286,.F.);
#8268 = FACE_BOUND('',#8269,.F.);
#8269 = EDGE_LOOP('',(#8270,#8278,#8284,#8285));
#8270 = ORIENTED_EDGE('',*,*,#8271,.F.);
#8271 = EDGE_CURVE('',#8272,#7725,#8274,.T.);
#8272 = VERTEX_POINT('',#8273);
#8273 = CARTESIAN_POINT('',(2.82,-0.32,-3.2));
#8274 = LINE('',#8275,#8276);
#8275 = CARTESIAN_POINT('',(2.82,-0.32,-3.4));
#8276 = VECTOR('',#8277,1.);
#8277 = DIRECTION('',(0.,0.,1.));
#8278 = ORIENTED_EDGE('',*,*,#8279,.T.);
#8279 = EDGE_CURVE('',#8272,#8243,#8280,.T.);
#8280 = LINE('',#8281,#8282);
#8281 = CARTESIAN_POINT('',(2.82,-0.32,-3.2));
#8282 = VECTOR('',#8283,1.);
#8283 = DIRECTION('',(-1.,1.224646799147E-16,0.));
#8284 = ORIENTED_EDGE('',*,*,#8250,.T.);
#8285 = ORIENTED_EDGE('',*,*,#7732,.F.);
#8286 = PLANE('',#8287);
#8287 = AXIS2_PLACEMENT_3D('',#8288,#8289,#8290);
#8288 = CARTESIAN_POINT('',(2.82,-0.32,-3.4));
#8289 = DIRECTION('',(1.224646799147E-16,1.,0.));
#8290 = DIRECTION('',(0.,-0.,1.));
#8291 = ADVANCED_FACE('',(#8292),#8310,.F.);
#8292 = FACE_BOUND('',#8293,.F.);
#8293 = EDGE_LOOP('',(#8294,#8302,#8303,#8304));
#8294 = ORIENTED_EDGE('',*,*,#8295,.T.);
#8295 = EDGE_CURVE('',#8296,#8272,#8298,.T.);
#8296 = VERTEX_POINT('',#8297);
#8297 = CARTESIAN_POINT('',(2.82,0.32,-3.2));
#8298 = LINE('',#8299,#8300);
#8299 = CARTESIAN_POINT('',(2.82,0.32,-3.2));
#8300 = VECTOR('',#8301,1.);
#8301 = DIRECTION('',(-1.224646799147E-16,-1.,0.));
#8302 = ORIENTED_EDGE('',*,*,#8271,.T.);
#8303 = ORIENTED_EDGE('',*,*,#7724,.F.);
#8304 = ORIENTED_EDGE('',*,*,#8305,.T.);
#8305 = EDGE_CURVE('',#7717,#8296,#8306,.T.);
#8306 = LINE('',#8307,#8308);
#8307 = CARTESIAN_POINT('',(2.82,0.32,6.5));
#8308 = VECTOR('',#8309,1.);
#8309 = DIRECTION('',(-0.,0.,-1.));
#8310 = PLANE('',#8311);
#8311 = AXIS2_PLACEMENT_3D('',#8312,#8313,#8314);
#8312 = CARTESIAN_POINT('',(2.82,-3.918869757272E-17,1.55));
#8313 = DIRECTION('',(-1.,1.224646799147E-16,0.));
#8314 = DIRECTION('',(0.,0.,1.));
#8315 = ADVANCED_FACE('',(#8316),#8327,.F.);
#8316 = FACE_BOUND('',#8317,.F.);
#8317 = EDGE_LOOP('',(#8318,#8319,#8320,#8321));
#8318 = ORIENTED_EDGE('',*,*,#8305,.F.);
#8319 = ORIENTED_EDGE('',*,*,#7716,.F.);
#8320 = ORIENTED_EDGE('',*,*,#8257,.T.);
#8321 = ORIENTED_EDGE('',*,*,#8322,.F.);
#8322 = EDGE_CURVE('',#8296,#8241,#8323,.T.);
#8323 = LINE('',#8324,#8325);
#8324 = CARTESIAN_POINT('',(2.82,0.32,-3.2));
#8325 = VECTOR('',#8326,1.);
#8326 = DIRECTION('',(-1.,1.224646799147E-16,0.));
#8327 = PLANE('',#8328);
#8328 = AXIS2_PLACEMENT_3D('',#8329,#8330,#8331);
#8329 = CARTESIAN_POINT('',(2.82,0.32,6.5));
#8330 = DIRECTION('',(-1.224646799147E-16,-1.,0.));
#8331 = DIRECTION('',(-0.,0.,-1.));
#8332 = ADVANCED_FACE('',(#8333),#8390,.T.);
#8333 = FACE_BOUND('',#8334,.T.);
#8334 = EDGE_LOOP('',(#8335,#8345,#8353,#8361,#8367,#8368,#8376,#8384));
#8335 = ORIENTED_EDGE('',*,*,#8336,.T.);
#8336 = EDGE_CURVE('',#8337,#8339,#8341,.T.);
#8337 = VERTEX_POINT('',#8338);
#8338 = CARTESIAN_POINT('',(4.68,0.351578947368,-3.2));
#8339 = VERTEX_POINT('',#8340);
#8340 = CARTESIAN_POINT('',(4.68,-0.288421052632,-3.2));
#8341 = LINE('',#8342,#8343);
#8342 = CARTESIAN_POINT('',(4.68,0.32,-3.2));
#8343 = VECTOR('',#8344,1.);
#8344 = DIRECTION('',(-1.224646799147E-16,-1.,0.));
#8345 = ORIENTED_EDGE('',*,*,#8346,.T.);
#8346 = EDGE_CURVE('',#8339,#8347,#8349,.T.);
#8347 = VERTEX_POINT('',#8348);
#8348 = CARTESIAN_POINT('',(4.68,-2.E-02,-1.5));
#8349 = LINE('',#8350,#8351);
#8350 = CARTESIAN_POINT('',(4.68,-0.32,-3.4));
#8351 = VECTOR('',#8352,1.);
#8352 = DIRECTION('',(1.909990663905E-17,0.155962573473,0.987762965329)
  );
#8353 = ORIENTED_EDGE('',*,*,#8354,.T.);
#8354 = EDGE_CURVE('',#8347,#8355,#8357,.T.);
#8355 = VERTEX_POINT('',#8356);
#8356 = CARTESIAN_POINT('',(4.68,-0.32,-0.9));
#8357 = LINE('',#8358,#8359);
#8358 = CARTESIAN_POINT('',(4.68,-2.E-02,-1.5));
#8359 = VECTOR('',#8360,1.);
#8360 = DIRECTION('',(-5.476786982641E-17,-0.4472135955,0.894427191));
#8361 = ORIENTED_EDGE('',*,*,#8362,.T.);
#8362 = EDGE_CURVE('',#8355,#7755,#8363,.T.);
#8363 = LINE('',#8364,#8365);
#8364 = CARTESIAN_POINT('',(4.68,-0.32,-0.9));
#8365 = VECTOR('',#8366,1.);
#8366 = DIRECTION('',(0.,0.,1.));
#8367 = ORIENTED_EDGE('',*,*,#7752,.F.);
#8368 = ORIENTED_EDGE('',*,*,#8369,.T.);
#8369 = EDGE_CURVE('',#7753,#8370,#8372,.T.);
#8370 = VERTEX_POINT('',#8371);
#8371 = CARTESIAN_POINT('',(4.68,0.32,-0.9));
#8372 = LINE('',#8373,#8374);
#8373 = CARTESIAN_POINT('',(4.68,0.32,6.5));
#8374 = VECTOR('',#8375,1.);
#8375 = DIRECTION('',(-0.,0.,-1.));
#8376 = ORIENTED_EDGE('',*,*,#8377,.T.);
#8377 = EDGE_CURVE('',#8370,#8378,#8380,.T.);
#8378 = VERTEX_POINT('',#8379);
#8379 = CARTESIAN_POINT('',(4.68,0.62,-1.5));
#8380 = LINE('',#8381,#8382);
#8381 = CARTESIAN_POINT('',(4.68,0.32,-0.9));
#8382 = VECTOR('',#8383,1.);
#8383 = DIRECTION('',(5.476786982641E-17,0.4472135955,-0.894427191));
#8384 = ORIENTED_EDGE('',*,*,#8385,.T.);
#8385 = EDGE_CURVE('',#8378,#8337,#8386,.T.);
#8386 = LINE('',#8387,#8388);
#8387 = CARTESIAN_POINT('',(4.68,0.62,-1.5));
#8388 = VECTOR('',#8389,1.);
#8389 = DIRECTION('',(-1.909990663905E-17,-0.155962573473,
    -0.987762965329));
#8390 = PLANE('',#8391);
#8391 = AXIS2_PLACEMENT_3D('',#8392,#8393,#8394);
#8392 = CARTESIAN_POINT('',(4.68,3.65940088399E-02,1.522832428212));
#8393 = DIRECTION('',(-1.,1.224646799147E-16,0.));
#8394 = DIRECTION('',(0.,0.,1.));
#8395 = ADVANCED_FACE('',(#8396),#8414,.F.);
#8396 = FACE_BOUND('',#8397,.F.);
#8397 = EDGE_LOOP('',(#8398,#8406,#8412,#8413));
#8398 = ORIENTED_EDGE('',*,*,#8399,.F.);
#8399 = EDGE_CURVE('',#8400,#7771,#8402,.T.);
#8400 = VERTEX_POINT('',#8401);
#8401 = CARTESIAN_POINT('',(5.32,-0.32,-0.9));
#8402 = LINE('',#8403,#8404);
#8403 = CARTESIAN_POINT('',(5.32,-0.32,-0.9));
#8404 = VECTOR('',#8405,1.);
#8405 = DIRECTION('',(0.,0.,1.));
#8406 = ORIENTED_EDGE('',*,*,#8407,.T.);
#8407 = EDGE_CURVE('',#8400,#8355,#8408,.T.);
#8408 = LINE('',#8409,#8410);
#8409 = CARTESIAN_POINT('',(5.32,-0.32,-0.9));
#8410 = VECTOR('',#8411,1.);
#8411 = DIRECTION('',(-1.,1.224646799147E-16,0.));
#8412 = ORIENTED_EDGE('',*,*,#8362,.T.);
#8413 = ORIENTED_EDGE('',*,*,#7778,.F.);
#8414 = PLANE('',#8415);
#8415 = AXIS2_PLACEMENT_3D('',#8416,#8417,#8418);
#8416 = CARTESIAN_POINT('',(5.32,-0.32,-0.9));
#8417 = DIRECTION('',(1.224646799147E-16,1.,0.));
#8418 = DIRECTION('',(0.,-0.,1.));
#8419 = ADVANCED_FACE('',(#8420),#8470,.F.);
#8420 = FACE_BOUND('',#8421,.F.);
#8421 = EDGE_LOOP('',(#8422,#8432,#8440,#8446,#8447,#8448,#8456,#8464));
#8422 = ORIENTED_EDGE('',*,*,#8423,.T.);
#8423 = EDGE_CURVE('',#8424,#8426,#8428,.T.);
#8424 = VERTEX_POINT('',#8425);
#8425 = CARTESIAN_POINT('',(5.32,0.351578947368,-3.2));
#8426 = VERTEX_POINT('',#8427);
#8427 = CARTESIAN_POINT('',(5.32,-0.288421052632,-3.2));
#8428 = LINE('',#8429,#8430);
#8429 = CARTESIAN_POINT('',(5.32,0.32,-3.2));
#8430 = VECTOR('',#8431,1.);
#8431 = DIRECTION('',(-1.224646799147E-16,-1.,0.));
#8432 = ORIENTED_EDGE('',*,*,#8433,.T.);
#8433 = EDGE_CURVE('',#8426,#8434,#8436,.T.);
#8434 = VERTEX_POINT('',#8435);
#8435 = CARTESIAN_POINT('',(5.32,-2.E-02,-1.5));
#8436 = LINE('',#8437,#8438);
#8437 = CARTESIAN_POINT('',(5.32,-0.32,-3.4));
#8438 = VECTOR('',#8439,1.);
#8439 = DIRECTION('',(1.909990663905E-17,0.155962573473,0.987762965329)
  );
#8440 = ORIENTED_EDGE('',*,*,#8441,.T.);
#8441 = EDGE_CURVE('',#8434,#8400,#8442,.T.);
#8442 = LINE('',#8443,#8444);
#8443 = CARTESIAN_POINT('',(5.32,-2.E-02,-1.5));
#8444 = VECTOR('',#8445,1.);
#8445 = DIRECTION('',(-5.476786982641E-17,-0.4472135955,0.894427191));
#8446 = ORIENTED_EDGE('',*,*,#8399,.T.);
#8447 = ORIENTED_EDGE('',*,*,#7770,.F.);
#8448 = ORIENTED_EDGE('',*,*,#8449,.T.);
#8449 = EDGE_CURVE('',#7763,#8450,#8452,.T.);
#8450 = VERTEX_POINT('',#8451);
#8451 = CARTESIAN_POINT('',(5.32,0.32,-0.9));
#8452 = LINE('',#8453,#8454);
#8453 = CARTESIAN_POINT('',(5.32,0.32,6.5));
#8454 = VECTOR('',#8455,1.);
#8455 = DIRECTION('',(-0.,0.,-1.));
#8456 = ORIENTED_EDGE('',*,*,#8457,.T.);
#8457 = EDGE_CURVE('',#8450,#8458,#8460,.T.);
#8458 = VERTEX_POINT('',#8459);
#8459 = CARTESIAN_POINT('',(5.32,0.62,-1.5));
#8460 = LINE('',#8461,#8462);
#8461 = CARTESIAN_POINT('',(5.32,0.32,-0.9));
#8462 = VECTOR('',#8463,1.);
#8463 = DIRECTION('',(5.476786982641E-17,0.4472135955,-0.894427191));
#8464 = ORIENTED_EDGE('',*,*,#8465,.T.);
#8465 = EDGE_CURVE('',#8458,#8424,#8466,.T.);
#8466 = LINE('',#8467,#8468);
#8467 = CARTESIAN_POINT('',(5.32,0.62,-1.5));
#8468 = VECTOR('',#8469,1.);
#8469 = DIRECTION('',(-1.909990663905E-17,-0.155962573473,
    -0.987762965329));
#8470 = PLANE('',#8471);
#8471 = AXIS2_PLACEMENT_3D('',#8472,#8473,#8474);
#8472 = CARTESIAN_POINT('',(5.32,3.65940088399E-02,1.522832428212));
#8473 = DIRECTION('',(-1.,1.224646799147E-16,0.));
#8474 = DIRECTION('',(0.,0.,1.));
#8475 = ADVANCED_FACE('',(#8476),#8487,.F.);
#8476 = FACE_BOUND('',#8477,.F.);
#8477 = EDGE_LOOP('',(#8478,#8479,#8480,#8481));
#8478 = ORIENTED_EDGE('',*,*,#8449,.F.);
#8479 = ORIENTED_EDGE('',*,*,#7762,.F.);
#8480 = ORIENTED_EDGE('',*,*,#8369,.T.);
#8481 = ORIENTED_EDGE('',*,*,#8482,.F.);
#8482 = EDGE_CURVE('',#8450,#8370,#8483,.T.);
#8483 = LINE('',#8484,#8485);
#8484 = CARTESIAN_POINT('',(5.32,0.32,-0.9));
#8485 = VECTOR('',#8486,1.);
#8486 = DIRECTION('',(-1.,1.224646799147E-16,0.));
#8487 = PLANE('',#8488);
#8488 = AXIS2_PLACEMENT_3D('',#8489,#8490,#8491);
#8489 = CARTESIAN_POINT('',(5.32,0.32,6.5));
#8490 = DIRECTION('',(-1.224646799147E-16,-1.,0.));
#8491 = DIRECTION('',(-0.,0.,-1.));
#8492 = ADVANCED_FACE('',(#8493),#8518,.F.);
#8493 = FACE_BOUND('',#8494,.T.);
#8494 = EDGE_LOOP('',(#8495,#8503,#8511,#8517));
#8495 = ORIENTED_EDGE('',*,*,#8496,.F.);
#8496 = EDGE_CURVE('',#8497,#7794,#8499,.T.);
#8497 = VERTEX_POINT('',#8498);
#8498 = CARTESIAN_POINT('',(-0.12,-0.12,6.5));
#8499 = LINE('',#8500,#8501);
#8500 = CARTESIAN_POINT('',(-0.146666666667,-0.146666666667,
    6.473333333333));
#8501 = VECTOR('',#8502,1.);
#8502 = DIRECTION('',(-0.57735026919,-0.57735026919,-0.57735026919));
#8503 = ORIENTED_EDGE('',*,*,#8504,.T.);
#8504 = EDGE_CURVE('',#8497,#8505,#8507,.T.);
#8505 = VERTEX_POINT('',#8506);
#8506 = CARTESIAN_POINT('',(-0.12,0.12,6.5));
#8507 = LINE('',#8508,#8509);
#8508 = CARTESIAN_POINT('',(-0.12,-0.32,6.5));
#8509 = VECTOR('',#8510,1.);
#8510 = DIRECTION('',(1.224646799147E-16,1.,0.));
#8511 = ORIENTED_EDGE('',*,*,#8512,.T.);
#8512 = EDGE_CURVE('',#8505,#7802,#8513,.T.);
#8513 = LINE('',#8514,#8515);
#8514 = CARTESIAN_POINT('',(-4.E-02,4.E-02,6.58));
#8515 = VECTOR('',#8516,1.);
#8516 = DIRECTION('',(-0.57735026919,0.57735026919,-0.57735026919));
#8517 = ORIENTED_EDGE('',*,*,#7801,.F.);
#8518 = PLANE('',#8519);
#8519 = AXIS2_PLACEMENT_3D('',#8520,#8521,#8522);
#8520 = CARTESIAN_POINT('',(-0.22,-0.32,6.4));
#8521 = DIRECTION('',(0.707106781187,-8.486018839685E-17,-0.707106781187
    ));
#8522 = DIRECTION('',(-1.212375546256E-16,-1.,-1.227125289196E-18));
#8523 = ADVANCED_FACE('',(#8524),#8542,.T.);
#8524 = FACE_BOUND('',#8525,.F.);
#8525 = EDGE_LOOP('',(#8526,#8534,#8535,#8536));
#8526 = ORIENTED_EDGE('',*,*,#8527,.T.);
#8527 = EDGE_CURVE('',#8528,#7824,#8530,.T.);
#8528 = VERTEX_POINT('',#8529);
#8529 = CARTESIAN_POINT('',(0.12,-0.12,6.5));
#8530 = LINE('',#8531,#8532);
#8531 = CARTESIAN_POINT('',(0.253333333333,-0.253333333333,
    6.366666666667));
#8532 = VECTOR('',#8533,1.);
#8533 = DIRECTION('',(0.57735026919,-0.57735026919,-0.57735026919));
#8534 = ORIENTED_EDGE('',*,*,#7833,.T.);
#8535 = ORIENTED_EDGE('',*,*,#8496,.F.);
#8536 = ORIENTED_EDGE('',*,*,#8537,.F.);
#8537 = EDGE_CURVE('',#8528,#8497,#8538,.T.);
#8538 = LINE('',#8539,#8540);
#8539 = CARTESIAN_POINT('',(0.32,-0.12,6.5));
#8540 = VECTOR('',#8541,1.);
#8541 = DIRECTION('',(-1.,1.224646799147E-16,0.));
#8542 = PLANE('',#8543);
#8543 = AXIS2_PLACEMENT_3D('',#8544,#8545,#8546);
#8544 = CARTESIAN_POINT('',(0.32,-0.22,6.4));
#8545 = DIRECTION('',(-8.833102285013E-17,-0.707106781187,0.707106781187
    ));
#8546 = DIRECTION('',(1.,-1.236918052038E-16,1.227125289097E-18));
#8547 = ADVANCED_FACE('',(#8548),#8566,.T.);
#8548 = FACE_BOUND('',#8549,.F.);
#8549 = EDGE_LOOP('',(#8550,#8551,#8559,#8565));
#8550 = ORIENTED_EDGE('',*,*,#8527,.F.);
#8551 = ORIENTED_EDGE('',*,*,#8552,.T.);
#8552 = EDGE_CURVE('',#8528,#8553,#8555,.T.);
#8553 = VERTEX_POINT('',#8554);
#8554 = CARTESIAN_POINT('',(0.12,0.12,6.5));
#8555 = LINE('',#8556,#8557);
#8556 = CARTESIAN_POINT('',(0.12,-0.32,6.5));
#8557 = VECTOR('',#8558,1.);
#8558 = DIRECTION('',(1.224646799147E-16,1.,0.));
#8559 = ORIENTED_EDGE('',*,*,#8560,.T.);
#8560 = EDGE_CURVE('',#8553,#7850,#8561,.T.);
#8561 = LINE('',#8562,#8563);
#8562 = CARTESIAN_POINT('',(0.146666666667,0.146666666667,6.473333333333
    ));
#8563 = VECTOR('',#8564,1.);
#8564 = DIRECTION('',(0.57735026919,0.57735026919,-0.57735026919));
#8565 = ORIENTED_EDGE('',*,*,#7849,.F.);
#8566 = PLANE('',#8567);
#8567 = AXIS2_PLACEMENT_3D('',#8568,#8569,#8570);
#8568 = CARTESIAN_POINT('',(0.22,-0.32,6.4));
#8569 = DIRECTION('',(0.707106781187,-8.833102285013E-17,0.707106781187)
  );
#8570 = DIRECTION('',(-1.236918052038E-16,-1.,-1.227125289097E-18));
#8571 = ADVANCED_FACE('',(#8572),#8583,.T.);
#8572 = FACE_BOUND('',#8573,.F.);
#8573 = EDGE_LOOP('',(#8574,#8575,#8581,#8582));
#8574 = ORIENTED_EDGE('',*,*,#8560,.F.);
#8575 = ORIENTED_EDGE('',*,*,#8576,.T.);
#8576 = EDGE_CURVE('',#8553,#8505,#8577,.T.);
#8577 = LINE('',#8578,#8579);
#8578 = CARTESIAN_POINT('',(0.32,0.12,6.5));
#8579 = VECTOR('',#8580,1.);
#8580 = DIRECTION('',(-1.,1.224646799147E-16,0.));
#8581 = ORIENTED_EDGE('',*,*,#8512,.T.);
#8582 = ORIENTED_EDGE('',*,*,#7872,.F.);
#8583 = PLANE('',#8584);
#8584 = AXIS2_PLACEMENT_3D('',#8585,#8586,#8587);
#8585 = CARTESIAN_POINT('',(0.32,0.22,6.4));
#8586 = DIRECTION('',(8.833102285013E-17,0.707106781187,0.707106781187)
  );
#8587 = DIRECTION('',(1.,-1.236918052038E-16,-1.227125289097E-18));
#8588 = ADVANCED_FACE('',(#8589),#8614,.F.);
#8589 = FACE_BOUND('',#8590,.T.);
#8590 = EDGE_LOOP('',(#8591,#8599,#8607,#8613));
#8591 = ORIENTED_EDGE('',*,*,#8592,.F.);
#8592 = EDGE_CURVE('',#8593,#7890,#8595,.T.);
#8593 = VERTEX_POINT('',#8594);
#8594 = CARTESIAN_POINT('',(4.88,-0.12,6.5));
#8595 = LINE('',#8596,#8597);
#8596 = CARTESIAN_POINT('',(4.853333333333,-0.146666666667,
    6.473333333333));
#8597 = VECTOR('',#8598,1.);
#8598 = DIRECTION('',(-0.57735026919,-0.57735026919,-0.57735026919));
#8599 = ORIENTED_EDGE('',*,*,#8600,.T.);
#8600 = EDGE_CURVE('',#8593,#8601,#8603,.T.);
#8601 = VERTEX_POINT('',#8602);
#8602 = CARTESIAN_POINT('',(4.88,0.12,6.5));
#8603 = LINE('',#8604,#8605);
#8604 = CARTESIAN_POINT('',(4.88,-0.32,6.5));
#8605 = VECTOR('',#8606,1.);
#8606 = DIRECTION('',(1.224646799147E-16,1.,0.));
#8607 = ORIENTED_EDGE('',*,*,#8608,.T.);
#8608 = EDGE_CURVE('',#8601,#7898,#8609,.T.);
#8609 = LINE('',#8610,#8611);
#8610 = CARTESIAN_POINT('',(4.96,4.E-02,6.58));
#8611 = VECTOR('',#8612,1.);
#8612 = DIRECTION('',(-0.57735026919,0.57735026919,-0.57735026919));
#8613 = ORIENTED_EDGE('',*,*,#7897,.F.);
#8614 = PLANE('',#8615);
#8615 = AXIS2_PLACEMENT_3D('',#8616,#8617,#8618);
#8616 = CARTESIAN_POINT('',(4.78,-0.32,6.4));
#8617 = DIRECTION('',(0.707106781187,-8.486018839685E-17,-0.707106781187
    ));
#8618 = DIRECTION('',(-1.212375546256E-16,-1.,-1.227125289196E-18));
#8619 = ADVANCED_FACE('',(#8620),#8638,.T.);
#8620 = FACE_BOUND('',#8621,.F.);
#8621 = EDGE_LOOP('',(#8622,#8630,#8631,#8632));
#8622 = ORIENTED_EDGE('',*,*,#8623,.T.);
#8623 = EDGE_CURVE('',#8624,#7920,#8626,.T.);
#8624 = VERTEX_POINT('',#8625);
#8625 = CARTESIAN_POINT('',(5.12,-0.12,6.5));
#8626 = LINE('',#8627,#8628);
#8627 = CARTESIAN_POINT('',(5.253333333333,-0.253333333333,
    6.366666666667));
#8628 = VECTOR('',#8629,1.);
#8629 = DIRECTION('',(0.57735026919,-0.57735026919,-0.57735026919));
#8630 = ORIENTED_EDGE('',*,*,#7929,.T.);
#8631 = ORIENTED_EDGE('',*,*,#8592,.F.);
#8632 = ORIENTED_EDGE('',*,*,#8633,.F.);
#8633 = EDGE_CURVE('',#8624,#8593,#8634,.T.);
#8634 = LINE('',#8635,#8636);
#8635 = CARTESIAN_POINT('',(5.32,-0.12,6.5));
#8636 = VECTOR('',#8637,1.);
#8637 = DIRECTION('',(-1.,1.224646799147E-16,0.));
#8638 = PLANE('',#8639);
#8639 = AXIS2_PLACEMENT_3D('',#8640,#8641,#8642);
#8640 = CARTESIAN_POINT('',(5.32,-0.22,6.4));
#8641 = DIRECTION('',(-8.833102285013E-17,-0.707106781187,0.707106781187
    ));
#8642 = DIRECTION('',(1.,-1.236918052038E-16,1.227125289097E-18));
#8643 = ADVANCED_FACE('',(#8644),#8662,.T.);
#8644 = FACE_BOUND('',#8645,.F.);
#8645 = EDGE_LOOP('',(#8646,#8647,#8655,#8661));
#8646 = ORIENTED_EDGE('',*,*,#8623,.F.);
#8647 = ORIENTED_EDGE('',*,*,#8648,.T.);
#8648 = EDGE_CURVE('',#8624,#8649,#8651,.T.);
#8649 = VERTEX_POINT('',#8650);
#8650 = CARTESIAN_POINT('',(5.12,0.12,6.5));
#8651 = LINE('',#8652,#8653);
#8652 = CARTESIAN_POINT('',(5.12,-0.32,6.5));
#8653 = VECTOR('',#8654,1.);
#8654 = DIRECTION('',(1.224646799147E-16,1.,0.));
#8655 = ORIENTED_EDGE('',*,*,#8656,.T.);
#8656 = EDGE_CURVE('',#8649,#7946,#8657,.T.);
#8657 = LINE('',#8658,#8659);
#8658 = CARTESIAN_POINT('',(5.146666666667,0.146666666667,6.473333333333
    ));
#8659 = VECTOR('',#8660,1.);
#8660 = DIRECTION('',(0.57735026919,0.57735026919,-0.57735026919));
#8661 = ORIENTED_EDGE('',*,*,#7945,.F.);
#8662 = PLANE('',#8663);
#8663 = AXIS2_PLACEMENT_3D('',#8664,#8665,#8666);
#8664 = CARTESIAN_POINT('',(5.22,-0.32,6.4));
#8665 = DIRECTION('',(0.707106781187,-8.833102285013E-17,0.707106781187)
  );
#8666 = DIRECTION('',(-1.236918052038E-16,-1.,-1.227125289097E-18));
#8667 = ADVANCED_FACE('',(#8668),#8679,.T.);
#8668 = FACE_BOUND('',#8669,.F.);
#8669 = EDGE_LOOP('',(#8670,#8671,#8677,#8678));
#8670 = ORIENTED_EDGE('',*,*,#8656,.F.);
#8671 = ORIENTED_EDGE('',*,*,#8672,.T.);
#8672 = EDGE_CURVE('',#8649,#8601,#8673,.T.);
#8673 = LINE('',#8674,#8675);
#8674 = CARTESIAN_POINT('',(5.32,0.12,6.5));
#8675 = VECTOR('',#8676,1.);
#8676 = DIRECTION('',(-1.,1.224646799147E-16,0.));
#8677 = ORIENTED_EDGE('',*,*,#8608,.T.);
#8678 = ORIENTED_EDGE('',*,*,#7968,.F.);
#8679 = PLANE('',#8680);
#8680 = AXIS2_PLACEMENT_3D('',#8681,#8682,#8683);
#8681 = CARTESIAN_POINT('',(5.32,0.22,6.4));
#8682 = DIRECTION('',(8.833102285013E-17,0.707106781187,0.707106781187)
  );
#8683 = DIRECTION('',(1.,-1.236918052038E-16,-1.227125289097E-18));
#8684 = ADVANCED_FACE('',(#8685),#8710,.F.);
#8685 = FACE_BOUND('',#8686,.T.);
#8686 = EDGE_LOOP('',(#8687,#8695,#8703,#8709));
#8687 = ORIENTED_EDGE('',*,*,#8688,.F.);
#8688 = EDGE_CURVE('',#8689,#7986,#8691,.T.);
#8689 = VERTEX_POINT('',#8690);
#8690 = CARTESIAN_POINT('',(2.38,-0.12,6.5));
#8691 = LINE('',#8692,#8693);
#8692 = CARTESIAN_POINT('',(2.353333333333,-0.146666666667,
    6.473333333333));
#8693 = VECTOR('',#8694,1.);
#8694 = DIRECTION('',(-0.57735026919,-0.57735026919,-0.57735026919));
#8695 = ORIENTED_EDGE('',*,*,#8696,.T.);
#8696 = EDGE_CURVE('',#8689,#8697,#8699,.T.);
#8697 = VERTEX_POINT('',#8698);
#8698 = CARTESIAN_POINT('',(2.38,0.12,6.5));
#8699 = LINE('',#8700,#8701);
#8700 = CARTESIAN_POINT('',(2.38,-0.32,6.5));
#8701 = VECTOR('',#8702,1.);
#8702 = DIRECTION('',(1.224646799147E-16,1.,0.));
#8703 = ORIENTED_EDGE('',*,*,#8704,.T.);
#8704 = EDGE_CURVE('',#8697,#7994,#8705,.T.);
#8705 = LINE('',#8706,#8707);
#8706 = CARTESIAN_POINT('',(2.46,4.E-02,6.58));
#8707 = VECTOR('',#8708,1.);
#8708 = DIRECTION('',(-0.57735026919,0.57735026919,-0.57735026919));
#8709 = ORIENTED_EDGE('',*,*,#7993,.F.);
#8710 = PLANE('',#8711);
#8711 = AXIS2_PLACEMENT_3D('',#8712,#8713,#8714);
#8712 = CARTESIAN_POINT('',(2.28,-0.32,6.4));
#8713 = DIRECTION('',(0.707106781187,-8.486018839685E-17,-0.707106781187
    ));
#8714 = DIRECTION('',(-1.212375546256E-16,-1.,-1.227125289196E-18));
#8715 = ADVANCED_FACE('',(#8716),#8734,.T.);
#8716 = FACE_BOUND('',#8717,.F.);
#8717 = EDGE_LOOP('',(#8718,#8726,#8727,#8728));
#8718 = ORIENTED_EDGE('',*,*,#8719,.F.);
#8719 = EDGE_CURVE('',#8016,#8720,#8722,.T.);
#8720 = VERTEX_POINT('',#8721);
#8721 = CARTESIAN_POINT('',(2.62,-0.12,6.5));
#8722 = LINE('',#8723,#8724);
#8723 = CARTESIAN_POINT('',(2.753333333333,-0.253333333333,
    6.366666666667));
#8724 = VECTOR('',#8725,1.);
#8725 = DIRECTION('',(-0.57735026919,0.57735026919,0.57735026919));
#8726 = ORIENTED_EDGE('',*,*,#8025,.T.);
#8727 = ORIENTED_EDGE('',*,*,#8688,.F.);
#8728 = ORIENTED_EDGE('',*,*,#8729,.F.);
#8729 = EDGE_CURVE('',#8720,#8689,#8730,.T.);
#8730 = LINE('',#8731,#8732);
#8731 = CARTESIAN_POINT('',(2.82,-0.12,6.5));
#8732 = VECTOR('',#8733,1.);
#8733 = DIRECTION('',(-1.,1.224646799147E-16,0.));
#8734 = PLANE('',#8735);
#8735 = AXIS2_PLACEMENT_3D('',#8736,#8737,#8738);
#8736 = CARTESIAN_POINT('',(2.82,-0.22,6.4));
#8737 = DIRECTION('',(-8.833102285013E-17,-0.707106781187,0.707106781187
    ));
#8738 = DIRECTION('',(1.,-1.236918052038E-16,1.227125289097E-18));
#8739 = ADVANCED_FACE('',(#8740),#8758,.T.);
#8740 = FACE_BOUND('',#8741,.F.);
#8741 = EDGE_LOOP('',(#8742,#8743,#8751,#8757));
#8742 = ORIENTED_EDGE('',*,*,#8719,.T.);
#8743 = ORIENTED_EDGE('',*,*,#8744,.T.);
#8744 = EDGE_CURVE('',#8720,#8745,#8747,.T.);
#8745 = VERTEX_POINT('',#8746);
#8746 = CARTESIAN_POINT('',(2.62,0.12,6.5));
#8747 = LINE('',#8748,#8749);
#8748 = CARTESIAN_POINT('',(2.62,-0.32,6.5));
#8749 = VECTOR('',#8750,1.);
#8750 = DIRECTION('',(1.224646799147E-16,1.,0.));
#8751 = ORIENTED_EDGE('',*,*,#8752,.T.);
#8752 = EDGE_CURVE('',#8745,#8042,#8753,.T.);
#8753 = LINE('',#8754,#8755);
#8754 = CARTESIAN_POINT('',(2.646666666667,0.146666666667,6.473333333333
    ));
#8755 = VECTOR('',#8756,1.);
#8756 = DIRECTION('',(0.57735026919,0.57735026919,-0.57735026919));
#8757 = ORIENTED_EDGE('',*,*,#8041,.F.);
#8758 = PLANE('',#8759);
#8759 = AXIS2_PLACEMENT_3D('',#8760,#8761,#8762);
#8760 = CARTESIAN_POINT('',(2.72,-0.32,6.4));
#8761 = DIRECTION('',(0.707106781187,-8.833102285013E-17,0.707106781187)
  );
#8762 = DIRECTION('',(-1.236918052038E-16,-1.,-1.227125289097E-18));
#8763 = ADVANCED_FACE('',(#8764),#8775,.T.);
#8764 = FACE_BOUND('',#8765,.F.);
#8765 = EDGE_LOOP('',(#8766,#8767,#8773,#8774));
#8766 = ORIENTED_EDGE('',*,*,#8752,.F.);
#8767 = ORIENTED_EDGE('',*,*,#8768,.T.);
#8768 = EDGE_CURVE('',#8745,#8697,#8769,.T.);
#8769 = LINE('',#8770,#8771);
#8770 = CARTESIAN_POINT('',(2.82,0.12,6.5));
#8771 = VECTOR('',#8772,1.);
#8772 = DIRECTION('',(-1.,1.224646799147E-16,0.));
#8773 = ORIENTED_EDGE('',*,*,#8704,.T.);
#8774 = ORIENTED_EDGE('',*,*,#8064,.F.);
#8775 = PLANE('',#8776);
#8776 = AXIS2_PLACEMENT_3D('',#8777,#8778,#8779);
#8777 = CARTESIAN_POINT('',(2.82,0.22,6.4));
#8778 = DIRECTION('',(8.833102285013E-17,0.707106781187,0.707106781187)
  );
#8779 = DIRECTION('',(1.,-1.236918052038E-16,-1.227125289097E-18));
#8780 = ADVANCED_FACE('',(#8781),#8822,.F.);
#8781 = FACE_BOUND('',#8782,.T.);
#8782 = EDGE_LOOP('',(#8783,#8793,#8801,#8809,#8815,#8816));
#8783 = ORIENTED_EDGE('',*,*,#8784,.F.);
#8784 = EDGE_CURVE('',#8785,#8787,#8789,.T.);
#8785 = VERTEX_POINT('',#8786);
#8786 = CARTESIAN_POINT('',(-0.12,0.12,-3.4));
#8787 = VERTEX_POINT('',#8788);
#8788 = CARTESIAN_POINT('',(-0.317552593066,0.351192514695,
    -3.202447406934));
#8789 = LINE('',#8790,#8791);
#8790 = CARTESIAN_POINT('',(-0.153849098111,0.159613036666,
    -3.366150901889));
#8791 = VECTOR('',#8792,1.);
#8792 = DIRECTION('',(-0.544770019249,0.63753529491,0.544770019249));
#8793 = ORIENTED_EDGE('',*,*,#8794,.T.);
#8794 = EDGE_CURVE('',#8785,#8795,#8797,.T.);
#8795 = VERTEX_POINT('',#8796);
#8796 = CARTESIAN_POINT('',(-0.12,-0.12,-3.4));
#8797 = LINE('',#8798,#8799);
#8798 = CARTESIAN_POINT('',(-0.12,0.32,-3.4));
#8799 = VECTOR('',#8800,1.);
#8800 = DIRECTION('',(-1.224646799147E-16,-1.,0.));
#8801 = ORIENTED_EDGE('',*,*,#8802,.T.);
#8802 = EDGE_CURVE('',#8795,#8803,#8805,.T.);
#8803 = VERTEX_POINT('',#8804);
#8804 = CARTESIAN_POINT('',(-0.317552593066,-0.288807485305,
    -3.202447406934));
#8805 = LINE('',#8806,#8807);
#8806 = CARTESIAN_POINT('',(-3.848855660758E-02,-5.034896900541E-02,
    -3.481511443392));
#8807 = VECTOR('',#8808,1.);
#8808 = DIRECTION('',(-0.605209817607,-0.517148096144,0.605209817607));
#8809 = ORIENTED_EDGE('',*,*,#8810,.T.);
#8810 = EDGE_CURVE('',#8803,#8083,#8811,.T.);
#8811 = LINE('',#8812,#8813);
#8812 = CARTESIAN_POINT('',(-8.569083447332E-02,-0.325417236662,
    -3.434309165527));
#8813 = VECTOR('',#8814,1.);
#8814 = DIRECTION('',(-0.702740385383,0.110959008218,0.702740385383));
#8815 = ORIENTED_EDGE('',*,*,#8080,.F.);
#8816 = ORIENTED_EDGE('',*,*,#8817,.F.);
#8817 = EDGE_CURVE('',#8787,#8081,#8818,.T.);
#8818 = LINE('',#8819,#8820);
#8819 = CARTESIAN_POINT('',(-0.541586867305,0.386566347469,
    -2.978413132695));
#8820 = VECTOR('',#8821,1.);
#8821 = DIRECTION('',(-0.702740385383,0.110959008218,0.702740385383));
#8822 = PLANE('',#8823);
#8823 = AXIS2_PLACEMENT_3D('',#8824,#8825,#8826);
#8824 = CARTESIAN_POINT('',(-0.22,0.32,-3.3));
#8825 = DIRECTION('',(0.707106781187,-8.833102285013E-17,0.707106781187)
  );
#8826 = DIRECTION('',(1.236918052038E-16,1.,1.227125289097E-18));
#8827 = ADVANCED_FACE('',(#8828),#8853,.F.);
#8828 = FACE_BOUND('',#8829,.F.);
#8829 = EDGE_LOOP('',(#8830,#8831,#8837,#8838,#8839,#8847));
#8830 = ORIENTED_EDGE('',*,*,#8209,.F.);
#8831 = ORIENTED_EDGE('',*,*,#8832,.T.);
#8832 = EDGE_CURVE('',#8202,#8122,#8833,.T.);
#8833 = LINE('',#8834,#8835);
#8834 = CARTESIAN_POINT('',(0.32,0.62,-1.5));
#8835 = VECTOR('',#8836,1.);
#8836 = DIRECTION('',(-1.,1.224646799147E-16,0.));
#8837 = ORIENTED_EDGE('',*,*,#8129,.T.);
#8838 = ORIENTED_EDGE('',*,*,#8817,.F.);
#8839 = ORIENTED_EDGE('',*,*,#8840,.F.);
#8840 = EDGE_CURVE('',#8841,#8787,#8843,.T.);
#8841 = VERTEX_POINT('',#8842);
#8842 = CARTESIAN_POINT('',(0.317552593066,0.351192514695,
    -3.202447406934));
#8843 = LINE('',#8844,#8845);
#8844 = CARTESIAN_POINT('',(0.32,0.351192514695,-3.202447406934));
#8845 = VECTOR('',#8846,1.);
#8846 = DIRECTION('',(-1.,1.224646799147E-16,0.));
#8847 = ORIENTED_EDGE('',*,*,#8848,.T.);
#8848 = EDGE_CURVE('',#8841,#8168,#8849,.T.);
#8849 = LINE('',#8850,#8851);
#8850 = CARTESIAN_POINT('',(0.699616963064,0.411518467852,
    -2.820383036936));
#8851 = VECTOR('',#8852,1.);
#8852 = DIRECTION('',(0.702740385383,0.110959008218,0.702740385383));
#8853 = PLANE('',#8854);
#8854 = AXIS2_PLACEMENT_3D('',#8855,#8856,#8857);
#8855 = CARTESIAN_POINT('',(0.32,0.62,-1.5));
#8856 = DIRECTION('',(-1.209660753807E-16,-0.987762965329,0.155962573473
    ));
#8857 = DIRECTION('',(-1.909990663905E-17,-0.155962573473,
    -0.987762965329));
#8858 = ADVANCED_FACE('',(#8859),#8865,.F.);
#8859 = FACE_BOUND('',#8860,.F.);
#8860 = EDGE_LOOP('',(#8861,#8862,#8863,#8864));
#8861 = ORIENTED_EDGE('',*,*,#8226,.T.);
#8862 = ORIENTED_EDGE('',*,*,#8121,.T.);
#8863 = ORIENTED_EDGE('',*,*,#8832,.F.);
#8864 = ORIENTED_EDGE('',*,*,#8201,.F.);
#8865 = PLANE('',#8866);
#8866 = AXIS2_PLACEMENT_3D('',#8867,#8868,#8869);
#8867 = CARTESIAN_POINT('',(0.32,0.32,-0.9));
#8868 = DIRECTION('',(-1.095357396528E-16,-0.894427191,-0.4472135955));
#8869 = DIRECTION('',(5.476786982641E-17,0.4472135955,-0.894427191));
#8870 = ADVANCED_FACE('',(#8871),#8882,.F.);
#8871 = FACE_BOUND('',#8872,.F.);
#8872 = EDGE_LOOP('',(#8873,#8879,#8880,#8881));
#8873 = ORIENTED_EDGE('',*,*,#8874,.T.);
#8874 = EDGE_CURVE('',#8178,#8091,#8875,.T.);
#8875 = LINE('',#8876,#8877);
#8876 = CARTESIAN_POINT('',(0.32,-2.E-02,-1.5));
#8877 = VECTOR('',#8878,1.);
#8878 = DIRECTION('',(-1.,1.224646799147E-16,0.));
#8879 = ORIENTED_EDGE('',*,*,#8098,.T.);
#8880 = ORIENTED_EDGE('',*,*,#8151,.F.);
#8881 = ORIENTED_EDGE('',*,*,#8185,.F.);
#8882 = PLANE('',#8883);
#8883 = AXIS2_PLACEMENT_3D('',#8884,#8885,#8886);
#8884 = CARTESIAN_POINT('',(0.32,-2.E-02,-1.5));
#8885 = DIRECTION('',(1.095357396528E-16,0.894427191,0.4472135955));
#8886 = DIRECTION('',(-5.476786982641E-17,-0.4472135955,0.894427191));
#8887 = ADVANCED_FACE('',(#8888),#8908,.F.);
#8888 = FACE_BOUND('',#8889,.F.);
#8889 = EDGE_LOOP('',(#8890,#8891,#8899,#8905,#8906,#8907));
#8890 = ORIENTED_EDGE('',*,*,#8177,.F.);
#8891 = ORIENTED_EDGE('',*,*,#8892,.F.);
#8892 = EDGE_CURVE('',#8893,#8170,#8895,.T.);
#8893 = VERTEX_POINT('',#8894);
#8894 = CARTESIAN_POINT('',(0.317552593066,-0.288807485305,
    -3.202447406934));
#8895 = LINE('',#8896,#8897);
#8896 = CARTESIAN_POINT('',(0.243720930233,-0.300465116279,
    -3.276279069767));
#8897 = VECTOR('',#8898,1.);
#8898 = DIRECTION('',(0.702740385383,0.110959008218,0.702740385383));
#8899 = ORIENTED_EDGE('',*,*,#8900,.T.);
#8900 = EDGE_CURVE('',#8893,#8803,#8901,.T.);
#8901 = LINE('',#8902,#8903);
#8902 = CARTESIAN_POINT('',(0.32,-0.288807485305,-3.202447406934));
#8903 = VECTOR('',#8904,1.);
#8904 = DIRECTION('',(-1.,1.224646799147E-16,0.));
#8905 = ORIENTED_EDGE('',*,*,#8810,.T.);
#8906 = ORIENTED_EDGE('',*,*,#8090,.T.);
#8907 = ORIENTED_EDGE('',*,*,#8874,.F.);
#8908 = PLANE('',#8909);
#8909 = AXIS2_PLACEMENT_3D('',#8910,#8911,#8912);
#8910 = CARTESIAN_POINT('',(0.32,-0.32,-3.4));
#8911 = DIRECTION('',(1.209660753807E-16,0.987762965329,-0.155962573473)
  );
#8912 = DIRECTION('',(1.909990663905E-17,0.155962573473,0.987762965329)
  );
#8913 = ADVANCED_FACE('',(#8914),#8941,.T.);
#8914 = FACE_BOUND('',#8915,.F.);
#8915 = EDGE_LOOP('',(#8916,#8924,#8932,#8938,#8939,#8940));
#8916 = ORIENTED_EDGE('',*,*,#8917,.F.);
#8917 = EDGE_CURVE('',#8918,#8841,#8920,.T.);
#8918 = VERTEX_POINT('',#8919);
#8919 = CARTESIAN_POINT('',(0.12,0.12,-3.4));
#8920 = LINE('',#8921,#8922);
#8921 = CARTESIAN_POINT('',(0.24881689775,0.270752273427,-3.27118310225)
  );
#8922 = VECTOR('',#8923,1.);
#8923 = DIRECTION('',(0.544770019249,0.63753529491,0.544770019249));
#8924 = ORIENTED_EDGE('',*,*,#8925,.T.);
#8925 = EDGE_CURVE('',#8918,#8926,#8928,.T.);
#8926 = VERTEX_POINT('',#8927);
#8927 = CARTESIAN_POINT('',(0.12,-0.12,-3.4));
#8928 = LINE('',#8929,#8930);
#8929 = CARTESIAN_POINT('',(0.12,0.32,-3.4));
#8930 = VECTOR('',#8931,1.);
#8931 = DIRECTION('',(-1.224646799147E-16,-1.,0.));
#8932 = ORIENTED_EDGE('',*,*,#8933,.T.);
#8933 = EDGE_CURVE('',#8926,#8893,#8934,.T.);
#8934 = LINE('',#8935,#8936);
#8935 = CARTESIAN_POINT('',(0.155697812072,-0.150503562587,
    -3.364302187928));
#8936 = VECTOR('',#8937,1.);
#8937 = DIRECTION('',(0.605209817607,-0.517148096144,0.605209817607));
#8938 = ORIENTED_EDGE('',*,*,#8892,.T.);
#8939 = ORIENTED_EDGE('',*,*,#8167,.F.);
#8940 = ORIENTED_EDGE('',*,*,#8848,.F.);
#8941 = PLANE('',#8942);
#8942 = AXIS2_PLACEMENT_3D('',#8943,#8944,#8945);
#8943 = CARTESIAN_POINT('',(0.22,0.32,-3.3));
#8944 = DIRECTION('',(0.707106781187,-8.486018839685E-17,-0.707106781187
    ));
#8945 = DIRECTION('',(1.212375546256E-16,1.,1.227125289196E-18));
#8946 = ADVANCED_FACE('',(#8947),#8972,.F.);
#8947 = FACE_BOUND('',#8948,.T.);
#8948 = EDGE_LOOP('',(#8949,#8957,#8965,#8971));
#8949 = ORIENTED_EDGE('',*,*,#8950,.F.);
#8950 = EDGE_CURVE('',#8951,#8241,#8953,.T.);
#8951 = VERTEX_POINT('',#8952);
#8952 = CARTESIAN_POINT('',(2.38,0.12,-3.4));
#8953 = LINE('',#8954,#8955);
#8954 = CARTESIAN_POINT('',(2.353333333333,0.146666666667,
    -3.373333333333));
#8955 = VECTOR('',#8956,1.);
#8956 = DIRECTION('',(-0.57735026919,0.57735026919,0.57735026919));
#8957 = ORIENTED_EDGE('',*,*,#8958,.T.);
#8958 = EDGE_CURVE('',#8951,#8959,#8961,.T.);
#8959 = VERTEX_POINT('',#8960);
#8960 = CARTESIAN_POINT('',(2.38,-0.12,-3.4));
#8961 = LINE('',#8962,#8963);
#8962 = CARTESIAN_POINT('',(2.38,0.32,-3.4));
#8963 = VECTOR('',#8964,1.);
#8964 = DIRECTION('',(-1.224646799147E-16,-1.,0.));
#8965 = ORIENTED_EDGE('',*,*,#8966,.T.);
#8966 = EDGE_CURVE('',#8959,#8243,#8967,.T.);
#8967 = LINE('',#8968,#8969);
#8968 = CARTESIAN_POINT('',(2.46,-4.E-02,-3.48));
#8969 = VECTOR('',#8970,1.);
#8970 = DIRECTION('',(-0.57735026919,-0.57735026919,0.57735026919));
#8971 = ORIENTED_EDGE('',*,*,#8240,.F.);
#8972 = PLANE('',#8973);
#8973 = AXIS2_PLACEMENT_3D('',#8974,#8975,#8976);
#8974 = CARTESIAN_POINT('',(2.28,0.32,-3.3));
#8975 = DIRECTION('',(0.707106781187,-8.833102285013E-17,0.707106781187)
  );
#8976 = DIRECTION('',(1.236918052038E-16,1.,1.227125289097E-18));
#8977 = ADVANCED_FACE('',(#8978),#8996,.T.);
#8978 = FACE_BOUND('',#8979,.F.);
#8979 = EDGE_LOOP('',(#8980,#8988,#8994,#8995));
#8980 = ORIENTED_EDGE('',*,*,#8981,.F.);
#8981 = EDGE_CURVE('',#8982,#8272,#8984,.T.);
#8982 = VERTEX_POINT('',#8983);
#8983 = CARTESIAN_POINT('',(2.62,-0.12,-3.4));
#8984 = LINE('',#8985,#8986);
#8985 = CARTESIAN_POINT('',(2.646666666667,-0.146666666667,
    -3.373333333333));
#8986 = VECTOR('',#8987,1.);
#8987 = DIRECTION('',(0.57735026919,-0.57735026919,0.57735026919));
#8988 = ORIENTED_EDGE('',*,*,#8989,.T.);
#8989 = EDGE_CURVE('',#8982,#8959,#8990,.T.);
#8990 = LINE('',#8991,#8992);
#8991 = CARTESIAN_POINT('',(2.82,-0.12,-3.4));
#8992 = VECTOR('',#8993,1.);
#8993 = DIRECTION('',(-1.,1.224646799147E-16,0.));
#8994 = ORIENTED_EDGE('',*,*,#8966,.T.);
#8995 = ORIENTED_EDGE('',*,*,#8279,.F.);
#8996 = PLANE('',#8997);
#8997 = AXIS2_PLACEMENT_3D('',#8998,#8999,#9000);
#8998 = CARTESIAN_POINT('',(2.82,-0.22,-3.3));
#8999 = DIRECTION('',(-8.486018839685E-17,-0.707106781187,
    -0.707106781187));
#9000 = DIRECTION('',(1.,-1.212375546256E-16,1.227125289196E-18));
#9001 = ADVANCED_FACE('',(#9002),#9020,.T.);
#9002 = FACE_BOUND('',#9003,.F.);
#9003 = EDGE_LOOP('',(#9004,#9012,#9018,#9019));
#9004 = ORIENTED_EDGE('',*,*,#9005,.F.);
#9005 = EDGE_CURVE('',#9006,#8296,#9008,.T.);
#9006 = VERTEX_POINT('',#9007);
#9007 = CARTESIAN_POINT('',(2.62,0.12,-3.4));
#9008 = LINE('',#9009,#9010);
#9009 = CARTESIAN_POINT('',(2.753333333333,0.253333333333,
    -3.266666666667));
#9010 = VECTOR('',#9011,1.);
#9011 = DIRECTION('',(0.57735026919,0.57735026919,0.57735026919));
#9012 = ORIENTED_EDGE('',*,*,#9013,.T.);
#9013 = EDGE_CURVE('',#9006,#8982,#9014,.T.);
#9014 = LINE('',#9015,#9016);
#9015 = CARTESIAN_POINT('',(2.62,0.32,-3.4));
#9016 = VECTOR('',#9017,1.);
#9017 = DIRECTION('',(-1.224646799147E-16,-1.,0.));
#9018 = ORIENTED_EDGE('',*,*,#8981,.T.);
#9019 = ORIENTED_EDGE('',*,*,#8295,.F.);
#9020 = PLANE('',#9021);
#9021 = AXIS2_PLACEMENT_3D('',#9022,#9023,#9024);
#9022 = CARTESIAN_POINT('',(2.72,0.32,-3.3));
#9023 = DIRECTION('',(0.707106781187,-8.486018839685E-17,-0.707106781187
    ));
#9024 = DIRECTION('',(1.212375546256E-16,1.,1.227125289196E-18));
#9025 = ADVANCED_FACE('',(#9026),#9037,.T.);
#9026 = FACE_BOUND('',#9027,.T.);
#9027 = EDGE_LOOP('',(#9028,#9029,#9035,#9036));
#9028 = ORIENTED_EDGE('',*,*,#9005,.F.);
#9029 = ORIENTED_EDGE('',*,*,#9030,.T.);
#9030 = EDGE_CURVE('',#9006,#8951,#9031,.T.);
#9031 = LINE('',#9032,#9033);
#9032 = CARTESIAN_POINT('',(2.82,0.12,-3.4));
#9033 = VECTOR('',#9034,1.);
#9034 = DIRECTION('',(-1.,1.224646799147E-16,0.));
#9035 = ORIENTED_EDGE('',*,*,#8950,.T.);
#9036 = ORIENTED_EDGE('',*,*,#8322,.F.);
#9037 = PLANE('',#9038);
#9038 = AXIS2_PLACEMENT_3D('',#9039,#9040,#9041);
#9039 = CARTESIAN_POINT('',(2.82,0.22,-3.3));
#9040 = DIRECTION('',(8.486018839685E-17,0.707106781187,-0.707106781187)
  );
#9041 = DIRECTION('',(-1.,1.212375546256E-16,1.227125289196E-18));
#9042 = ADVANCED_FACE('',(#9043),#9084,.F.);
#9043 = FACE_BOUND('',#9044,.T.);
#9044 = EDGE_LOOP('',(#9045,#9055,#9063,#9071,#9077,#9078));
#9045 = ORIENTED_EDGE('',*,*,#9046,.F.);
#9046 = EDGE_CURVE('',#9047,#9049,#9051,.T.);
#9047 = VERTEX_POINT('',#9048);
#9048 = CARTESIAN_POINT('',(4.88,0.12,-3.4));
#9049 = VERTEX_POINT('',#9050);
#9050 = CARTESIAN_POINT('',(4.682447406934,0.351192514695,
    -3.202447406934));
#9051 = LINE('',#9052,#9053);
#9052 = CARTESIAN_POINT('',(4.846150901889,0.159613036666,
    -3.366150901889));
#9053 = VECTOR('',#9054,1.);
#9054 = DIRECTION('',(-0.544770019249,0.63753529491,0.544770019249));
#9055 = ORIENTED_EDGE('',*,*,#9056,.T.);
#9056 = EDGE_CURVE('',#9047,#9057,#9059,.T.);
#9057 = VERTEX_POINT('',#9058);
#9058 = CARTESIAN_POINT('',(4.88,-0.12,-3.4));
#9059 = LINE('',#9060,#9061);
#9060 = CARTESIAN_POINT('',(4.88,0.32,-3.4));
#9061 = VECTOR('',#9062,1.);
#9062 = DIRECTION('',(-1.224646799147E-16,-1.,0.));
#9063 = ORIENTED_EDGE('',*,*,#9064,.T.);
#9064 = EDGE_CURVE('',#9057,#9065,#9067,.T.);
#9065 = VERTEX_POINT('',#9066);
#9066 = CARTESIAN_POINT('',(4.682447406934,-0.288807485305,
    -3.202447406934));
#9067 = LINE('',#9068,#9069);
#9068 = CARTESIAN_POINT('',(4.961511443392,-5.034896900541E-02,
    -3.481511443392));
#9069 = VECTOR('',#9070,1.);
#9070 = DIRECTION('',(-0.605209817607,-0.517148096144,0.605209817607));
#9071 = ORIENTED_EDGE('',*,*,#9072,.T.);
#9072 = EDGE_CURVE('',#9065,#8339,#9073,.T.);
#9073 = LINE('',#9074,#9075);
#9074 = CARTESIAN_POINT('',(4.914309165527,-0.325417236662,
    -3.434309165527));
#9075 = VECTOR('',#9076,1.);
#9076 = DIRECTION('',(-0.702740385383,0.110959008218,0.702740385383));
#9077 = ORIENTED_EDGE('',*,*,#8336,.F.);
#9078 = ORIENTED_EDGE('',*,*,#9079,.F.);
#9079 = EDGE_CURVE('',#9049,#8337,#9080,.T.);
#9080 = LINE('',#9081,#9082);
#9081 = CARTESIAN_POINT('',(4.458413132695,0.386566347469,
    -2.978413132695));
#9082 = VECTOR('',#9083,1.);
#9083 = DIRECTION('',(-0.702740385383,0.110959008218,0.702740385383));
#9084 = PLANE('',#9085);
#9085 = AXIS2_PLACEMENT_3D('',#9086,#9087,#9088);
#9086 = CARTESIAN_POINT('',(4.78,0.32,-3.3));
#9087 = DIRECTION('',(0.707106781187,-8.833102285013E-17,0.707106781187)
  );
#9088 = DIRECTION('',(1.236918052038E-16,1.,1.227125289097E-18));
#9089 = ADVANCED_FACE('',(#9090),#9115,.F.);
#9090 = FACE_BOUND('',#9091,.F.);
#9091 = EDGE_LOOP('',(#9092,#9093,#9099,#9100,#9101,#9109));
#9092 = ORIENTED_EDGE('',*,*,#8465,.F.);
#9093 = ORIENTED_EDGE('',*,*,#9094,.T.);
#9094 = EDGE_CURVE('',#8458,#8378,#9095,.T.);
#9095 = LINE('',#9096,#9097);
#9096 = CARTESIAN_POINT('',(5.32,0.62,-1.5));
#9097 = VECTOR('',#9098,1.);
#9098 = DIRECTION('',(-1.,1.224646799147E-16,0.));
#9099 = ORIENTED_EDGE('',*,*,#8385,.T.);
#9100 = ORIENTED_EDGE('',*,*,#9079,.F.);
#9101 = ORIENTED_EDGE('',*,*,#9102,.F.);
#9102 = EDGE_CURVE('',#9103,#9049,#9105,.T.);
#9103 = VERTEX_POINT('',#9104);
#9104 = CARTESIAN_POINT('',(5.317552593066,0.351192514695,
    -3.202447406934));
#9105 = LINE('',#9106,#9107);
#9106 = CARTESIAN_POINT('',(5.32,0.351192514695,-3.202447406934));
#9107 = VECTOR('',#9108,1.);
#9108 = DIRECTION('',(-1.,1.224646799147E-16,0.));
#9109 = ORIENTED_EDGE('',*,*,#9110,.T.);
#9110 = EDGE_CURVE('',#9103,#8424,#9111,.T.);
#9111 = LINE('',#9112,#9113);
#9112 = CARTESIAN_POINT('',(5.699616963064,0.411518467852,
    -2.820383036936));
#9113 = VECTOR('',#9114,1.);
#9114 = DIRECTION('',(0.702740385383,0.110959008218,0.702740385383));
#9115 = PLANE('',#9116);
#9116 = AXIS2_PLACEMENT_3D('',#9117,#9118,#9119);
#9117 = CARTESIAN_POINT('',(5.32,0.62,-1.5));
#9118 = DIRECTION('',(-1.209660753807E-16,-0.987762965329,0.155962573473
    ));
#9119 = DIRECTION('',(-1.909990663905E-17,-0.155962573473,
    -0.987762965329));
#9120 = ADVANCED_FACE('',(#9121),#9127,.F.);
#9121 = FACE_BOUND('',#9122,.F.);
#9122 = EDGE_LOOP('',(#9123,#9124,#9125,#9126));
#9123 = ORIENTED_EDGE('',*,*,#8482,.T.);
#9124 = ORIENTED_EDGE('',*,*,#8377,.T.);
#9125 = ORIENTED_EDGE('',*,*,#9094,.F.);
#9126 = ORIENTED_EDGE('',*,*,#8457,.F.);
#9127 = PLANE('',#9128);
#9128 = AXIS2_PLACEMENT_3D('',#9129,#9130,#9131);
#9129 = CARTESIAN_POINT('',(5.32,0.32,-0.9));
#9130 = DIRECTION('',(-1.095357396528E-16,-0.894427191,-0.4472135955));
#9131 = DIRECTION('',(5.476786982641E-17,0.4472135955,-0.894427191));
#9132 = ADVANCED_FACE('',(#9133),#9144,.F.);
#9133 = FACE_BOUND('',#9134,.F.);
#9134 = EDGE_LOOP('',(#9135,#9141,#9142,#9143));
#9135 = ORIENTED_EDGE('',*,*,#9136,.T.);
#9136 = EDGE_CURVE('',#8434,#8347,#9137,.T.);
#9137 = LINE('',#9138,#9139);
#9138 = CARTESIAN_POINT('',(5.32,-2.E-02,-1.5));
#9139 = VECTOR('',#9140,1.);
#9140 = DIRECTION('',(-1.,1.224646799147E-16,0.));
#9141 = ORIENTED_EDGE('',*,*,#8354,.T.);
#9142 = ORIENTED_EDGE('',*,*,#8407,.F.);
#9143 = ORIENTED_EDGE('',*,*,#8441,.F.);
#9144 = PLANE('',#9145);
#9145 = AXIS2_PLACEMENT_3D('',#9146,#9147,#9148);
#9146 = CARTESIAN_POINT('',(5.32,-2.E-02,-1.5));
#9147 = DIRECTION('',(1.095357396528E-16,0.894427191,0.4472135955));
#9148 = DIRECTION('',(-5.476786982641E-17,-0.4472135955,0.894427191));
#9149 = ADVANCED_FACE('',(#9150),#9170,.F.);
#9150 = FACE_BOUND('',#9151,.F.);
#9151 = EDGE_LOOP('',(#9152,#9153,#9161,#9167,#9168,#9169));
#9152 = ORIENTED_EDGE('',*,*,#8433,.F.);
#9153 = ORIENTED_EDGE('',*,*,#9154,.F.);
#9154 = EDGE_CURVE('',#9155,#8426,#9157,.T.);
#9155 = VERTEX_POINT('',#9156);
#9156 = CARTESIAN_POINT('',(5.317552593066,-0.288807485305,
    -3.202447406934));
#9157 = LINE('',#9158,#9159);
#9158 = CARTESIAN_POINT('',(5.243720930233,-0.300465116279,
    -3.276279069767));
#9159 = VECTOR('',#9160,1.);
#9160 = DIRECTION('',(0.702740385383,0.110959008218,0.702740385383));
#9161 = ORIENTED_EDGE('',*,*,#9162,.T.);
#9162 = EDGE_CURVE('',#9155,#9065,#9163,.T.);
#9163 = LINE('',#9164,#9165);
#9164 = CARTESIAN_POINT('',(5.32,-0.288807485305,-3.202447406934));
#9165 = VECTOR('',#9166,1.);
#9166 = DIRECTION('',(-1.,1.224646799147E-16,0.));
#9167 = ORIENTED_EDGE('',*,*,#9072,.T.);
#9168 = ORIENTED_EDGE('',*,*,#8346,.T.);
#9169 = ORIENTED_EDGE('',*,*,#9136,.F.);
#9170 = PLANE('',#9171);
#9171 = AXIS2_PLACEMENT_3D('',#9172,#9173,#9174);
#9172 = CARTESIAN_POINT('',(5.32,-0.32,-3.4));
#9173 = DIRECTION('',(1.209660753807E-16,0.987762965329,-0.155962573473)
  );
#9174 = DIRECTION('',(1.909990663905E-17,0.155962573473,0.987762965329)
  );
#9175 = ADVANCED_FACE('',(#9176),#9203,.T.);
#9176 = FACE_BOUND('',#9177,.F.);
#9177 = EDGE_LOOP('',(#9178,#9186,#9194,#9200,#9201,#9202));
#9178 = ORIENTED_EDGE('',*,*,#9179,.F.);
#9179 = EDGE_CURVE('',#9180,#9103,#9182,.T.);
#9180 = VERTEX_POINT('',#9181);
#9181 = CARTESIAN_POINT('',(5.12,0.12,-3.4));
#9182 = LINE('',#9183,#9184);
#9183 = CARTESIAN_POINT('',(5.24881689775,0.270752273427,-3.27118310225)
  );
#9184 = VECTOR('',#9185,1.);
#9185 = DIRECTION('',(0.544770019249,0.63753529491,0.544770019249));
#9186 = ORIENTED_EDGE('',*,*,#9187,.T.);
#9187 = EDGE_CURVE('',#9180,#9188,#9190,.T.);
#9188 = VERTEX_POINT('',#9189);
#9189 = CARTESIAN_POINT('',(5.12,-0.12,-3.4));
#9190 = LINE('',#9191,#9192);
#9191 = CARTESIAN_POINT('',(5.12,0.32,-3.4));
#9192 = VECTOR('',#9193,1.);
#9193 = DIRECTION('',(-1.224646799147E-16,-1.,0.));
#9194 = ORIENTED_EDGE('',*,*,#9195,.T.);
#9195 = EDGE_CURVE('',#9188,#9155,#9196,.T.);
#9196 = LINE('',#9197,#9198);
#9197 = CARTESIAN_POINT('',(5.155697812072,-0.150503562587,
    -3.364302187928));
#9198 = VECTOR('',#9199,1.);
#9199 = DIRECTION('',(0.605209817607,-0.517148096144,0.605209817607));
#9200 = ORIENTED_EDGE('',*,*,#9154,.T.);
#9201 = ORIENTED_EDGE('',*,*,#8423,.F.);
#9202 = ORIENTED_EDGE('',*,*,#9110,.F.);
#9203 = PLANE('',#9204);
#9204 = AXIS2_PLACEMENT_3D('',#9205,#9206,#9207);
#9205 = CARTESIAN_POINT('',(5.22,0.32,-3.3));
#9206 = DIRECTION('',(0.707106781187,-8.486018839685E-17,-0.707106781187
    ));
#9207 = DIRECTION('',(1.212375546256E-16,1.,1.227125289196E-18));
#9208 = ADVANCED_FACE('',(#9209),#9215,.F.);
#9209 = FACE_BOUND('',#9210,.F.);
#9210 = EDGE_LOOP('',(#9211,#9212,#9213,#9214));
#9211 = ORIENTED_EDGE('',*,*,#8504,.T.);
#9212 = ORIENTED_EDGE('',*,*,#8576,.F.);
#9213 = ORIENTED_EDGE('',*,*,#8552,.F.);
#9214 = ORIENTED_EDGE('',*,*,#8537,.T.);
#9215 = PLANE('',#9216);
#9216 = AXIS2_PLACEMENT_3D('',#9217,#9218,#9219);
#9217 = CARTESIAN_POINT('',(0.32,-0.32,6.5));
#9218 = DIRECTION('',(-0.,0.,-1.));
#9219 = DIRECTION('',(1.224646799147E-16,1.,0.));
#9220 = ADVANCED_FACE('',(#9221),#9227,.F.);
#9221 = FACE_BOUND('',#9222,.F.);
#9222 = EDGE_LOOP('',(#9223,#9224,#9225,#9226));
#9223 = ORIENTED_EDGE('',*,*,#8600,.T.);
#9224 = ORIENTED_EDGE('',*,*,#8672,.F.);
#9225 = ORIENTED_EDGE('',*,*,#8648,.F.);
#9226 = ORIENTED_EDGE('',*,*,#8633,.T.);
#9227 = PLANE('',#9228);
#9228 = AXIS2_PLACEMENT_3D('',#9229,#9230,#9231);
#9229 = CARTESIAN_POINT('',(5.32,-0.32,6.5));
#9230 = DIRECTION('',(-0.,0.,-1.));
#9231 = DIRECTION('',(1.224646799147E-16,1.,0.));
#9232 = ADVANCED_FACE('',(#9233),#9239,.F.);
#9233 = FACE_BOUND('',#9234,.F.);
#9234 = EDGE_LOOP('',(#9235,#9236,#9237,#9238));
#9235 = ORIENTED_EDGE('',*,*,#8768,.F.);
#9236 = ORIENTED_EDGE('',*,*,#8744,.F.);
#9237 = ORIENTED_EDGE('',*,*,#8729,.T.);
#9238 = ORIENTED_EDGE('',*,*,#8696,.T.);
#9239 = PLANE('',#9240);
#9240 = AXIS2_PLACEMENT_3D('',#9241,#9242,#9243);
#9241 = CARTESIAN_POINT('',(2.82,-0.32,6.5));
#9242 = DIRECTION('',(-0.,0.,-1.));
#9243 = DIRECTION('',(1.224646799147E-16,1.,0.));
#9244 = ADVANCED_FACE('',(#9245),#9256,.T.);
#9245 = FACE_BOUND('',#9246,.T.);
#9246 = EDGE_LOOP('',(#9247,#9248,#9254,#9255));
#9247 = ORIENTED_EDGE('',*,*,#8917,.F.);
#9248 = ORIENTED_EDGE('',*,*,#9249,.T.);
#9249 = EDGE_CURVE('',#8918,#8785,#9250,.T.);
#9250 = LINE('',#9251,#9252);
#9251 = CARTESIAN_POINT('',(0.32,0.12,-3.4));
#9252 = VECTOR('',#9253,1.);
#9253 = DIRECTION('',(-1.,1.224646799147E-16,0.));
#9254 = ORIENTED_EDGE('',*,*,#8784,.T.);
#9255 = ORIENTED_EDGE('',*,*,#8840,.F.);
#9256 = PLANE('',#9257);
#9257 = AXIS2_PLACEMENT_3D('',#9258,#9259,#9260);
#9258 = CARTESIAN_POINT('',(0.32,0.235596257347,-3.301223703467));
#9259 = DIRECTION('',(8.302774088379E-17,0.64962967394,-0.760250805153)
  );
#9260 = DIRECTION('',(-1.,1.247195775152E-16,-2.638869166629E-18));
#9261 = ADVANCED_FACE('',(#9262),#9273,.F.);
#9262 = FACE_BOUND('',#9263,.F.);
#9263 = EDGE_LOOP('',(#9264,#9265,#9266,#9272));
#9264 = ORIENTED_EDGE('',*,*,#9249,.T.);
#9265 = ORIENTED_EDGE('',*,*,#8794,.T.);
#9266 = ORIENTED_EDGE('',*,*,#9267,.F.);
#9267 = EDGE_CURVE('',#8926,#8795,#9268,.T.);
#9268 = LINE('',#9269,#9270);
#9269 = CARTESIAN_POINT('',(0.32,-0.12,-3.4));
#9270 = VECTOR('',#9271,1.);
#9271 = DIRECTION('',(-1.,1.224646799147E-16,0.));
#9272 = ORIENTED_EDGE('',*,*,#8925,.F.);
#9273 = PLANE('',#9274);
#9274 = AXIS2_PLACEMENT_3D('',#9275,#9276,#9277);
#9275 = CARTESIAN_POINT('',(0.32,0.32,-3.4));
#9276 = DIRECTION('',(0.,0.,1.));
#9277 = DIRECTION('',(-1.224646799147E-16,-1.,0.));
#9278 = ADVANCED_FACE('',(#9279),#9285,.T.);
#9279 = FACE_BOUND('',#9280,.F.);
#9280 = EDGE_LOOP('',(#9281,#9282,#9283,#9284));
#9281 = ORIENTED_EDGE('',*,*,#8933,.F.);
#9282 = ORIENTED_EDGE('',*,*,#9267,.T.);
#9283 = ORIENTED_EDGE('',*,*,#8802,.T.);
#9284 = ORIENTED_EDGE('',*,*,#8900,.F.);
#9285 = PLANE('',#9286);
#9286 = AXIS2_PLACEMENT_3D('',#9287,#9288,#9289);
#9287 = CARTESIAN_POINT('',(0.32,-0.204403742653,-3.301223703467));
#9288 = DIRECTION('',(-9.310387150808E-17,-0.760250805153,-0.64962967394
    ));
#9289 = DIRECTION('',(1.,-1.224646799148E-16,-5.515863360725E-29));
#9290 = ADVANCED_FACE('',(#9291),#9297,.F.);
#9291 = FACE_BOUND('',#9292,.F.);
#9292 = EDGE_LOOP('',(#9293,#9294,#9295,#9296));
#9293 = ORIENTED_EDGE('',*,*,#9013,.F.);
#9294 = ORIENTED_EDGE('',*,*,#9030,.T.);
#9295 = ORIENTED_EDGE('',*,*,#8958,.T.);
#9296 = ORIENTED_EDGE('',*,*,#8989,.F.);
#9297 = PLANE('',#9298);
#9298 = AXIS2_PLACEMENT_3D('',#9299,#9300,#9301);
#9299 = CARTESIAN_POINT('',(2.82,0.32,-3.4));
#9300 = DIRECTION('',(0.,0.,1.));
#9301 = DIRECTION('',(-1.224646799147E-16,-1.,0.));
#9302 = ADVANCED_FACE('',(#9303),#9314,.T.);
#9303 = FACE_BOUND('',#9304,.T.);
#9304 = EDGE_LOOP('',(#9305,#9306,#9312,#9313));
#9305 = ORIENTED_EDGE('',*,*,#9179,.F.);
#9306 = ORIENTED_EDGE('',*,*,#9307,.T.);
#9307 = EDGE_CURVE('',#9180,#9047,#9308,.T.);
#9308 = LINE('',#9309,#9310);
#9309 = CARTESIAN_POINT('',(5.32,0.12,-3.4));
#9310 = VECTOR('',#9311,1.);
#9311 = DIRECTION('',(-1.,1.224646799147E-16,0.));
#9312 = ORIENTED_EDGE('',*,*,#9046,.T.);
#9313 = ORIENTED_EDGE('',*,*,#9102,.F.);
#9314 = PLANE('',#9315);
#9315 = AXIS2_PLACEMENT_3D('',#9316,#9317,#9318);
#9316 = CARTESIAN_POINT('',(5.32,0.235596257347,-3.301223703467));
#9317 = DIRECTION('',(8.302774088379E-17,0.64962967394,-0.760250805153)
  );
#9318 = DIRECTION('',(-1.,1.247195775152E-16,-2.638869166629E-18));
#9319 = ADVANCED_FACE('',(#9320),#9331,.F.);
#9320 = FACE_BOUND('',#9321,.F.);
#9321 = EDGE_LOOP('',(#9322,#9323,#9324,#9330));
#9322 = ORIENTED_EDGE('',*,*,#9307,.T.);
#9323 = ORIENTED_EDGE('',*,*,#9056,.T.);
#9324 = ORIENTED_EDGE('',*,*,#9325,.F.);
#9325 = EDGE_CURVE('',#9188,#9057,#9326,.T.);
#9326 = LINE('',#9327,#9328);
#9327 = CARTESIAN_POINT('',(5.32,-0.12,-3.4));
#9328 = VECTOR('',#9329,1.);
#9329 = DIRECTION('',(-1.,1.224646799147E-16,0.));
#9330 = ORIENTED_EDGE('',*,*,#9187,.F.);
#9331 = PLANE('',#9332);
#9332 = AXIS2_PLACEMENT_3D('',#9333,#9334,#9335);
#9333 = CARTESIAN_POINT('',(5.32,0.32,-3.4));
#9334 = DIRECTION('',(0.,0.,1.));
#9335 = DIRECTION('',(-1.224646799147E-16,-1.,0.));
#9336 = ADVANCED_FACE('',(#9337),#9343,.T.);
#9337 = FACE_BOUND('',#9338,.F.);
#9338 = EDGE_LOOP('',(#9339,#9340,#9341,#9342));
#9339 = ORIENTED_EDGE('',*,*,#9195,.F.);
#9340 = ORIENTED_EDGE('',*,*,#9325,.T.);
#9341 = ORIENTED_EDGE('',*,*,#9064,.T.);
#9342 = ORIENTED_EDGE('',*,*,#9162,.F.);
#9343 = PLANE('',#9344);
#9344 = AXIS2_PLACEMENT_3D('',#9345,#9346,#9347);
#9345 = CARTESIAN_POINT('',(5.32,-0.204403742653,-3.301223703467));
#9346 = DIRECTION('',(-9.310387150808E-17,-0.760250805153,-0.64962967394
    ));
#9347 = DIRECTION('',(1.,-1.224646799148E-16,-5.515863360725E-29));
#9348 = ( GEOMETRIC_REPRESENTATION_CONTEXT(3) 
GLOBAL_UNCERTAINTY_ASSIGNED_CONTEXT((#9352)) 
GLOBAL_UNIT_ASSIGNED_CONTEXT((#9349,#9350,#9351)) REPRESENTATION_CONTEXT
('Context #1','3D Context with UNIT and UNCERTAINTY') );
#9349 = ( LENGTH_UNIT() NAMED_UNIT(*) SI_UNIT(.MILLI.,.METRE.) );
#9350 = ( NAMED_UNIT(*) PLANE_ANGLE_UNIT() SI_UNIT($,.RADIAN.) );
#9351 = ( NAMED_UNIT(*) SI_UNIT($,.STERADIAN.) SOLID_ANGLE_UNIT() );
#9352 = UNCERTAINTY_MEASURE_WITH_UNIT(LENGTH_MEASURE(1.E-07),#9349,
  'distance_accuracy_value','confusion accuracy');
#9353 = CONTEXT_DEPENDENT_SHAPE_REPRESENTATION(#9354,#9356);
#9354 = ( REPRESENTATION_RELATIONSHIP('','',#5826,#5803) 
REPRESENTATION_RELATIONSHIP_WITH_TRANSFORMATION(#9355) 
SHAPE_REPRESENTATION_RELATIONSHIP() );
#9355 = ITEM_DEFINED_TRANSFORMATION('','',#11,#5804);
#9356 = PRODUCT_DEFINITION_SHAPE('Placement','Placement of an item',
  #9357);
#9357 = NEXT_ASSEMBLY_USAGE_OCCURRENCE('5','=>[0:1:1:7]','',#5798,#5821,
  $);
#9358 = PRODUCT_RELATED_PRODUCT_CATEGORY('part',$,(#5823));
#9359 = SHAPE_DEFINITION_REPRESENTATION(#9360,#9366);
#9360 = PRODUCT_DEFINITION_SHAPE('','',#9361);
#9361 = PRODUCT_DEFINITION('design','',#9362,#9365);
#9362 = PRODUCT_DEFINITION_FORMATION('','',#9363);
#9363 = PRODUCT('LED_D5.0mm_Clear','LED_D5.0mm_Clear','',(#9364));
#9364 = PRODUCT_CONTEXT('',#2,'mechanical');
#9365 = PRODUCT_DEFINITION_CONTEXT('part definition',#2,'design');
#9366 = SHAPE_REPRESENTATION('',(#11,#9367),#9371);
#9367 = AXIS2_PLACEMENT_3D('',#9368,#9369,#9370);
#9368 = CARTESIAN_POINT('',(0.,0.,0.));
#9369 = DIRECTION('',(0.,0.,1.));
#9370 = DIRECTION('',(1.,0.,-0.));
#9371 = ( GEOMETRIC_REPRESENTATION_CONTEXT(3) 
GLOBAL_UNCERTAINTY_ASSIGNED_CONTEXT((#9375)) 
GLOBAL_UNIT_ASSIGNED_CONTEXT((#9372,#9373,#9374)) REPRESENTATION_CONTEXT
('Context #1','3D Context with UNIT and UNCERTAINTY') );
#9372 = ( LENGTH_UNIT() NAMED_UNIT(*) SI_UNIT(.MILLI.,.METRE.) );
#9373 = ( NAMED_UNIT(*) PLANE_ANGLE_UNIT() SI_UNIT($,.RADIAN.) );
#9374 = ( NAMED_UNIT(*) SI_UNIT($,.STERADIAN.) SOLID_ANGLE_UNIT() );
#9375 = UNCERTAINTY_MEASURE_WITH_UNIT(LENGTH_MEASURE(1.E-07),#9372,
  'distance_accuracy_value','confusion accuracy');
#9376 = CONTEXT_DEPENDENT_SHAPE_REPRESENTATION(#9377,#9379);
#9377 = ( REPRESENTATION_RELATIONSHIP('','',#9366,#10) 
REPRESENTATION_RELATIONSHIP_WITH_TRANSFORMATION(#9378) 
SHAPE_REPRESENTATION_RELATIONSHIP() );
#9378 = ITEM_DEFINED_TRANSFORMATION('','',#11,#27);
#9379 = PRODUCT_DEFINITION_SHAPE('Placement','Placement of an item',
  #9380);
#9380 = NEXT_ASSEMBLY_USAGE_OCCURRENCE('8','D1','',#5,#9361,$);
#9381 = PRODUCT_RELATED_PRODUCT_CATEGORY('part',$,(#9363));
#9382 = SHAPE_DEFINITION_REPRESENTATION(#9383,#9389);
#9383 = PRODUCT_DEFINITION_SHAPE('','',#9384);
#9384 = PRODUCT_DEFINITION('design','',#9385,#9388);
#9385 = PRODUCT_DEFINITION_FORMATION('','',#9386);
#9386 = PRODUCT('LED_D5.0mm_Clear','LED_D5.0mm_Clear','',(#9387));
#9387 = PRODUCT_CONTEXT('',#2,'mechanical');
#9388 = PRODUCT_DEFINITION_CONTEXT('part definition',#2,'design');
#9389 = ADVANCED_BREP_SHAPE_REPRESENTATION('',(#11,#9390),#9815);
#9390 = MANIFOLD_SOLID_BREP('',#9391);
#9391 = CLOSED_SHELL('',(#9392,#9419,#9444,#9472,#9504,#9521,#9599,#9630
    ,#9654,#9678,#9695,#9726,#9750,#9774,#9791,#9803));
#9392 = ADVANCED_FACE('',(#9393),#9414,.T.);
#9393 = FACE_BOUND('',#9394,.T.);
#9394 = EDGE_LOOP('',(#9395,#9406,#9407));
#9395 = ORIENTED_EDGE('',*,*,#9396,.T.);
#9396 = EDGE_CURVE('',#9397,#9399,#9401,.T.);
#9397 = VERTEX_POINT('',#9398);
#9398 = CARTESIAN_POINT('',(3.72,6.095124405192E-15,9.15));
#9399 = VERTEX_POINT('',#9400);
#9400 = CARTESIAN_POINT('',(1.27,7.727152251391E-15,11.6));
#9401 = CIRCLE('',#9402,2.45);
#9402 = AXIS2_PLACEMENT_3D('',#9403,#9404,#9405);
#9403 = CARTESIAN_POINT('',(1.27,6.095124405192E-15,9.15));
#9404 = DIRECTION('',(0.,-1.,6.661338147751E-16));
#9405 = DIRECTION('',(1.,0.,0.));
#9406 = ORIENTED_EDGE('',*,*,#9396,.F.);
#9407 = ORIENTED_EDGE('',*,*,#9408,.F.);
#9408 = EDGE_CURVE('',#9397,#9397,#9409,.T.);
#9409 = CIRCLE('',#9410,2.45);
#9410 = AXIS2_PLACEMENT_3D('',#9411,#9412,#9413);
#9411 = CARTESIAN_POINT('',(1.27,4.063416270128E-15,9.15));
#9412 = DIRECTION('',(-4.379057701015E-47,-4.440892098501E-16,-1.));
#9413 = DIRECTION('',(1.,8.292686265567E-16,-3.68269249121E-31));
#9414 = SPHERICAL_SURFACE('',#9415,2.45);
#9415 = AXIS2_PLACEMENT_3D('',#9416,#9417,#9418);
#9416 = CARTESIAN_POINT('',(1.27,6.095124405192E-15,9.15));
#9417 = DIRECTION('',(0.,4.440892098501E-16,1.));
#9418 = DIRECTION('',(1.,1.394807543452E-15,-6.194189798646E-31));
#9419 = ADVANCED_FACE('',(#9420),#9439,.T.);
#9420 = FACE_BOUND('',#9421,.T.);
#9421 = EDGE_LOOP('',(#9422,#9430,#9431,#9432));
#9422 = ORIENTED_EDGE('',*,*,#9423,.F.);
#9423 = EDGE_CURVE('',#9397,#9424,#9426,.T.);
#9424 = VERTEX_POINT('',#9425);
#9425 = CARTESIAN_POINT('',(3.72,2.6645352591E-15,4.));
#9426 = LINE('',#9427,#9428);
#9427 = CARTESIAN_POINT('',(3.72,6.095124405192E-15,9.15));
#9428 = VECTOR('',#9429,1.);
#9429 = DIRECTION('',(0.,-6.661338147751E-16,-1.));
#9430 = ORIENTED_EDGE('',*,*,#9408,.T.);
#9431 = ORIENTED_EDGE('',*,*,#9423,.T.);
#9432 = ORIENTED_EDGE('',*,*,#9433,.F.);
#9433 = EDGE_CURVE('',#9424,#9424,#9434,.T.);
#9434 = CIRCLE('',#9435,2.45);
#9435 = AXIS2_PLACEMENT_3D('',#9436,#9437,#9438);
#9436 = CARTESIAN_POINT('',(1.27,1.7763568394E-15,4.));
#9437 = DIRECTION('',(-2.189528850508E-47,-4.440892098501E-16,-1.));
#9438 = DIRECTION('',(1.,3.625218039592E-16,-1.609920214737E-31));
#9439 = CYLINDRICAL_SURFACE('',#9440,2.45);
#9440 = AXIS2_PLACEMENT_3D('',#9441,#9442,#9443);
#9441 = CARTESIAN_POINT('',(1.27,4.063416270128E-15,9.15));
#9442 = DIRECTION('',(0.,-4.440892098501E-16,-1.));
#9443 = DIRECTION('',(1.,8.292686265567E-16,-3.68269249121E-31));
#9444 = ADVANCED_FACE('',(#9445,#9464),#9467,.F.);
#9445 = FACE_BOUND('',#9446,.F.);
#9446 = EDGE_LOOP('',(#9447,#9458));
#9447 = ORIENTED_EDGE('',*,*,#9448,.F.);
#9448 = EDGE_CURVE('',#9449,#9451,#9453,.T.);
#9449 = VERTEX_POINT('',#9450);
#9450 = CARTESIAN_POINT('',(-1.229999999999,-1.46969384567,4.));
#9451 = VERTEX_POINT('',#9452);
#9452 = CARTESIAN_POINT('',(-1.23,1.469693845669,4.));
#9453 = CIRCLE('',#9454,2.9);
#9454 = AXIS2_PLACEMENT_3D('',#9455,#9456,#9457);
#9455 = CARTESIAN_POINT('',(1.27,0.,4.));
#9456 = DIRECTION('',(0.,0.,1.));
#9457 = DIRECTION('',(1.,0.,-0.));
#9458 = ORIENTED_EDGE('',*,*,#9459,.T.);
#9459 = EDGE_CURVE('',#9449,#9451,#9460,.T.);
#9460 = LINE('',#9461,#9462);
#9461 = CARTESIAN_POINT('',(-1.229999999999,-1.46969384567,4.));
#9462 = VECTOR('',#9463,1.);
#9463 = DIRECTION('',(0.,1.,0.));
#9464 = FACE_BOUND('',#9465,.F.);
#9465 = EDGE_LOOP('',(#9466));
#9466 = ORIENTED_EDGE('',*,*,#9433,.F.);
#9467 = PLANE('',#9468);
#9468 = AXIS2_PLACEMENT_3D('',#9469,#9470,#9471);
#9469 = CARTESIAN_POINT('',(-1.229999999999,-1.469693845671,4.));
#9470 = DIRECTION('',(0.,0.,-1.));
#9471 = DIRECTION('',(-1.,0.,0.));
#9472 = ADVANCED_FACE('',(#9473),#9499,.T.);
#9473 = FACE_BOUND('',#9474,.T.);
#9474 = EDGE_LOOP('',(#9475,#9486,#9492,#9493));
#9475 = ORIENTED_EDGE('',*,*,#9476,.T.);
#9476 = EDGE_CURVE('',#9477,#9479,#9481,.T.);
#9477 = VERTEX_POINT('',#9478);
#9478 = CARTESIAN_POINT('',(-1.229999999999,-1.46969384567,3.));
#9479 = VERTEX_POINT('',#9480);
#9480 = CARTESIAN_POINT('',(-1.23,1.469693845669,3.));
#9481 = CIRCLE('',#9482,2.9);
#9482 = AXIS2_PLACEMENT_3D('',#9483,#9484,#9485);
#9483 = CARTESIAN_POINT('',(1.27,0.,3.));
#9484 = DIRECTION('',(0.,0.,1.));
#9485 = DIRECTION('',(1.,0.,-0.));
#9486 = ORIENTED_EDGE('',*,*,#9487,.T.);
#9487 = EDGE_CURVE('',#9479,#9451,#9488,.T.);
#9488 = LINE('',#9489,#9490);
#9489 = CARTESIAN_POINT('',(-1.23,1.469693845669,3.));
#9490 = VECTOR('',#9491,1.);
#9491 = DIRECTION('',(0.,0.,1.));
#9492 = ORIENTED_EDGE('',*,*,#9448,.F.);
#9493 = ORIENTED_EDGE('',*,*,#9494,.F.);
#9494 = EDGE_CURVE('',#9477,#9449,#9495,.T.);
#9495 = LINE('',#9496,#9497);
#9496 = CARTESIAN_POINT('',(-1.229999999999,-1.46969384567,3.));
#9497 = VECTOR('',#9498,1.);
#9498 = DIRECTION('',(0.,0.,1.));
#9499 = CYLINDRICAL_SURFACE('',#9500,2.9);
#9500 = AXIS2_PLACEMENT_3D('',#9501,#9502,#9503);
#9501 = CARTESIAN_POINT('',(1.27,0.,3.));
#9502 = DIRECTION('',(-0.,-0.,-1.));
#9503 = DIRECTION('',(1.,0.,0.));
#9504 = ADVANCED_FACE('',(#9505),#9516,.T.);
#9505 = FACE_BOUND('',#9506,.T.);
#9506 = EDGE_LOOP('',(#9507,#9508,#9509,#9510));
#9507 = ORIENTED_EDGE('',*,*,#9494,.T.);
#9508 = ORIENTED_EDGE('',*,*,#9459,.T.);
#9509 = ORIENTED_EDGE('',*,*,#9487,.F.);
#9510 = ORIENTED_EDGE('',*,*,#9511,.F.);
#9511 = EDGE_CURVE('',#9477,#9479,#9512,.T.);
#9512 = LINE('',#9513,#9514);
#9513 = CARTESIAN_POINT('',(-1.229999999999,-1.46969384567,3.));
#9514 = VECTOR('',#9515,1.);
#9515 = DIRECTION('',(0.,1.,0.));
#9516 = PLANE('',#9517);
#9517 = AXIS2_PLACEMENT_3D('',#9518,#9519,#9520);
#9518 = CARTESIAN_POINT('',(-1.229999999999,-1.46969384567,3.));
#9519 = DIRECTION('',(-1.,0.,0.));
#9520 = DIRECTION('',(0.,1.,0.));
#9521 = ADVANCED_FACE('',(#9522,#9526,#9560),#9594,.T.);
#9522 = FACE_BOUND('',#9523,.T.);
#9523 = EDGE_LOOP('',(#9524,#9525));
#9524 = ORIENTED_EDGE('',*,*,#9476,.F.);
#9525 = ORIENTED_EDGE('',*,*,#9511,.T.);
#9526 = FACE_BOUND('',#9527,.T.);
#9527 = EDGE_LOOP('',(#9528,#9538,#9546,#9554));
#9528 = ORIENTED_EDGE('',*,*,#9529,.T.);
#9529 = EDGE_CURVE('',#9530,#9532,#9534,.T.);
#9530 = VERTEX_POINT('',#9531);
#9531 = CARTESIAN_POINT('',(-0.2,-0.2,3.));
#9532 = VERTEX_POINT('',#9533);
#9533 = CARTESIAN_POINT('',(0.2,-0.2,3.));
#9534 = LINE('',#9535,#9536);
#9535 = CARTESIAN_POINT('',(-0.515,-0.2,3.));
#9536 = VECTOR('',#9537,1.);
#9537 = DIRECTION('',(1.,0.,0.));
#9538 = ORIENTED_EDGE('',*,*,#9539,.T.);
#9539 = EDGE_CURVE('',#9532,#9540,#9542,.T.);
#9540 = VERTEX_POINT('',#9541);
#9541 = CARTESIAN_POINT('',(0.2,0.2,3.));
#9542 = LINE('',#9543,#9544);
#9543 = CARTESIAN_POINT('',(0.2,-0.634846922835,3.));
#9544 = VECTOR('',#9545,1.);
#9545 = DIRECTION('',(0.,1.,0.));
#9546 = ORIENTED_EDGE('',*,*,#9547,.T.);
#9547 = EDGE_CURVE('',#9540,#9548,#9550,.T.);
#9548 = VERTEX_POINT('',#9549);
#9549 = CARTESIAN_POINT('',(-0.2,0.2,3.));
#9550 = LINE('',#9551,#9552);
#9551 = CARTESIAN_POINT('',(-0.715,0.2,3.));
#9552 = VECTOR('',#9553,1.);
#9553 = DIRECTION('',(-1.,-0.,-0.));
#9554 = ORIENTED_EDGE('',*,*,#9555,.T.);
#9555 = EDGE_CURVE('',#9548,#9530,#9556,.T.);
#9556 = LINE('',#9557,#9558);
#9557 = CARTESIAN_POINT('',(-0.2,-0.834846922835,3.));
#9558 = VECTOR('',#9559,1.);
#9559 = DIRECTION('',(0.,-1.,0.));
#9560 = FACE_BOUND('',#9561,.T.);
#9561 = EDGE_LOOP('',(#9562,#9572,#9580,#9588));
#9562 = ORIENTED_EDGE('',*,*,#9563,.T.);
#9563 = EDGE_CURVE('',#9564,#9566,#9568,.T.);
#9564 = VERTEX_POINT('',#9565);
#9565 = CARTESIAN_POINT('',(2.34,0.2,3.));
#9566 = VERTEX_POINT('',#9567);
#9567 = CARTESIAN_POINT('',(2.34,-0.2,3.));
#9568 = LINE('',#9569,#9570);
#9569 = CARTESIAN_POINT('',(2.34,-0.834846922835,3.));
#9570 = VECTOR('',#9571,1.);
#9571 = DIRECTION('',(0.,-1.,0.));
#9572 = ORIENTED_EDGE('',*,*,#9573,.T.);
#9573 = EDGE_CURVE('',#9566,#9574,#9576,.T.);
#9574 = VERTEX_POINT('',#9575);
#9575 = CARTESIAN_POINT('',(2.74,-0.2,3.));
#9576 = LINE('',#9577,#9578);
#9577 = CARTESIAN_POINT('',(0.755,-0.2,3.));
#9578 = VECTOR('',#9579,1.);
#9579 = DIRECTION('',(1.,0.,0.));
#9580 = ORIENTED_EDGE('',*,*,#9581,.T.);
#9581 = EDGE_CURVE('',#9574,#9582,#9584,.T.);
#9582 = VERTEX_POINT('',#9583);
#9583 = CARTESIAN_POINT('',(2.74,0.2,3.));
#9584 = LINE('',#9585,#9586);
#9585 = CARTESIAN_POINT('',(2.74,-0.634846922835,3.));
#9586 = VECTOR('',#9587,1.);
#9587 = DIRECTION('',(0.,1.,0.));
#9588 = ORIENTED_EDGE('',*,*,#9589,.T.);
#9589 = EDGE_CURVE('',#9582,#9564,#9590,.T.);
#9590 = LINE('',#9591,#9592);
#9591 = CARTESIAN_POINT('',(0.555,0.2,3.));
#9592 = VECTOR('',#9593,1.);
#9593 = DIRECTION('',(-1.,-0.,-0.));
#9594 = PLANE('',#9595);
#9595 = AXIS2_PLACEMENT_3D('',#9596,#9597,#9598);
#9596 = CARTESIAN_POINT('',(-1.229999999999,-1.469693845671,3.));
#9597 = DIRECTION('',(0.,0.,-1.));
#9598 = DIRECTION('',(-1.,0.,0.));
#9599 = ADVANCED_FACE('',(#9600),#9625,.F.);
#9600 = FACE_BOUND('',#9601,.F.);
#9601 = EDGE_LOOP('',(#9602,#9603,#9611,#9619));
#9602 = ORIENTED_EDGE('',*,*,#9529,.T.);
#9603 = ORIENTED_EDGE('',*,*,#9604,.T.);
#9604 = EDGE_CURVE('',#9532,#9605,#9607,.T.);
#9605 = VERTEX_POINT('',#9606);
#9606 = CARTESIAN_POINT('',(0.2,-0.2,-2.5));
#9607 = LINE('',#9608,#9609);
#9608 = CARTESIAN_POINT('',(0.2,-0.2,3.5));
#9609 = VECTOR('',#9610,1.);
#9610 = DIRECTION('',(-0.,-0.,-1.));
#9611 = ORIENTED_EDGE('',*,*,#9612,.T.);
#9612 = EDGE_CURVE('',#9605,#9613,#9615,.T.);
#9613 = VERTEX_POINT('',#9614);
#9614 = CARTESIAN_POINT('',(-0.2,-0.2,-2.5));
#9615 = LINE('',#9616,#9617);
#9616 = CARTESIAN_POINT('',(0.2,-0.2,-2.5));
#9617 = VECTOR('',#9618,1.);
#9618 = DIRECTION('',(-1.,0.,0.));
#9619 = ORIENTED_EDGE('',*,*,#9620,.F.);
#9620 = EDGE_CURVE('',#9530,#9613,#9621,.T.);
#9621 = LINE('',#9622,#9623);
#9622 = CARTESIAN_POINT('',(-0.2,-0.2,3.5));
#9623 = VECTOR('',#9624,1.);
#9624 = DIRECTION('',(-0.,-0.,-1.));
#9625 = PLANE('',#9626);
#9626 = AXIS2_PLACEMENT_3D('',#9627,#9628,#9629);
#9627 = CARTESIAN_POINT('',(0.2,-0.2,3.5));
#9628 = DIRECTION('',(0.,1.,0.));
#9629 = DIRECTION('',(-1.,0.,0.));
#9630 = ADVANCED_FACE('',(#9631),#9649,.F.);
#9631 = FACE_BOUND('',#9632,.F.);
#9632 = EDGE_LOOP('',(#9633,#9634,#9635,#9643));
#9633 = ORIENTED_EDGE('',*,*,#9555,.T.);
#9634 = ORIENTED_EDGE('',*,*,#9620,.T.);
#9635 = ORIENTED_EDGE('',*,*,#9636,.T.);
#9636 = EDGE_CURVE('',#9613,#9637,#9639,.T.);
#9637 = VERTEX_POINT('',#9638);
#9638 = CARTESIAN_POINT('',(-0.2,0.2,-2.5));
#9639 = LINE('',#9640,#9641);
#9640 = CARTESIAN_POINT('',(-0.2,-0.2,-2.5));
#9641 = VECTOR('',#9642,1.);
#9642 = DIRECTION('',(0.,1.,0.));
#9643 = ORIENTED_EDGE('',*,*,#9644,.F.);
#9644 = EDGE_CURVE('',#9548,#9637,#9645,.T.);
#9645 = LINE('',#9646,#9647);
#9646 = CARTESIAN_POINT('',(-0.2,0.2,3.5));
#9647 = VECTOR('',#9648,1.);
#9648 = DIRECTION('',(-0.,-0.,-1.));
#9649 = PLANE('',#9650);
#9650 = AXIS2_PLACEMENT_3D('',#9651,#9652,#9653);
#9651 = CARTESIAN_POINT('',(-0.2,-0.2,3.5));
#9652 = DIRECTION('',(1.,0.,0.));
#9653 = DIRECTION('',(-0.,1.,0.));
#9654 = ADVANCED_FACE('',(#9655),#9673,.F.);
#9655 = FACE_BOUND('',#9656,.F.);
#9656 = EDGE_LOOP('',(#9657,#9658,#9659,#9667));
#9657 = ORIENTED_EDGE('',*,*,#9547,.T.);
#9658 = ORIENTED_EDGE('',*,*,#9644,.T.);
#9659 = ORIENTED_EDGE('',*,*,#9660,.T.);
#9660 = EDGE_CURVE('',#9637,#9661,#9663,.T.);
#9661 = VERTEX_POINT('',#9662);
#9662 = CARTESIAN_POINT('',(0.2,0.2,-2.5));
#9663 = LINE('',#9664,#9665);
#9664 = CARTESIAN_POINT('',(-0.2,0.2,-2.5));
#9665 = VECTOR('',#9666,1.);
#9666 = DIRECTION('',(1.,0.,0.));
#9667 = ORIENTED_EDGE('',*,*,#9668,.F.);
#9668 = EDGE_CURVE('',#9540,#9661,#9669,.T.);
#9669 = LINE('',#9670,#9671);
#9670 = CARTESIAN_POINT('',(0.2,0.2,3.5));
#9671 = VECTOR('',#9672,1.);
#9672 = DIRECTION('',(-0.,-0.,-1.));
#9673 = PLANE('',#9674);
#9674 = AXIS2_PLACEMENT_3D('',#9675,#9676,#9677);
#9675 = CARTESIAN_POINT('',(-0.2,0.2,3.5));
#9676 = DIRECTION('',(0.,-1.,0.));
#9677 = DIRECTION('',(1.,0.,0.));
#9678 = ADVANCED_FACE('',(#9679),#9690,.F.);
#9679 = FACE_BOUND('',#9680,.F.);
#9680 = EDGE_LOOP('',(#9681,#9682,#9683,#9689));
#9681 = ORIENTED_EDGE('',*,*,#9539,.T.);
#9682 = ORIENTED_EDGE('',*,*,#9668,.T.);
#9683 = ORIENTED_EDGE('',*,*,#9684,.T.);
#9684 = EDGE_CURVE('',#9661,#9605,#9685,.T.);
#9685 = LINE('',#9686,#9687);
#9686 = CARTESIAN_POINT('',(0.2,0.2,-2.5));
#9687 = VECTOR('',#9688,1.);
#9688 = DIRECTION('',(0.,-1.,0.));
#9689 = ORIENTED_EDGE('',*,*,#9604,.F.);
#9690 = PLANE('',#9691);
#9691 = AXIS2_PLACEMENT_3D('',#9692,#9693,#9694);
#9692 = CARTESIAN_POINT('',(0.2,0.2,3.5));
#9693 = DIRECTION('',(-1.,0.,0.));
#9694 = DIRECTION('',(0.,-1.,0.));
#9695 = ADVANCED_FACE('',(#9696),#9721,.F.);
#9696 = FACE_BOUND('',#9697,.F.);
#9697 = EDGE_LOOP('',(#9698,#9699,#9707,#9715));
#9698 = ORIENTED_EDGE('',*,*,#9563,.T.);
#9699 = ORIENTED_EDGE('',*,*,#9700,.T.);
#9700 = EDGE_CURVE('',#9566,#9701,#9703,.T.);
#9701 = VERTEX_POINT('',#9702);
#9702 = CARTESIAN_POINT('',(2.34,-0.2,-2.5));
#9703 = LINE('',#9704,#9705);
#9704 = CARTESIAN_POINT('',(2.34,-0.2,3.5));
#9705 = VECTOR('',#9706,1.);
#9706 = DIRECTION('',(-0.,-0.,-1.));
#9707 = ORIENTED_EDGE('',*,*,#9708,.T.);
#9708 = EDGE_CURVE('',#9701,#9709,#9711,.T.);
#9709 = VERTEX_POINT('',#9710);
#9710 = CARTESIAN_POINT('',(2.34,0.2,-2.5));
#9711 = LINE('',#9712,#9713);
#9712 = CARTESIAN_POINT('',(2.34,-0.2,-2.5));
#9713 = VECTOR('',#9714,1.);
#9714 = DIRECTION('',(0.,1.,0.));
#9715 = ORIENTED_EDGE('',*,*,#9716,.F.);
#9716 = EDGE_CURVE('',#9564,#9709,#9717,.T.);
#9717 = LINE('',#9718,#9719);
#9718 = CARTESIAN_POINT('',(2.34,0.2,3.5));
#9719 = VECTOR('',#9720,1.);
#9720 = DIRECTION('',(-0.,-0.,-1.));
#9721 = PLANE('',#9722);
#9722 = AXIS2_PLACEMENT_3D('',#9723,#9724,#9725);
#9723 = CARTESIAN_POINT('',(2.34,-0.2,3.5));
#9724 = DIRECTION('',(1.,0.,0.));
#9725 = DIRECTION('',(-0.,1.,0.));
#9726 = ADVANCED_FACE('',(#9727),#9745,.F.);
#9727 = FACE_BOUND('',#9728,.F.);
#9728 = EDGE_LOOP('',(#9729,#9730,#9731,#9739));
#9729 = ORIENTED_EDGE('',*,*,#9589,.T.);
#9730 = ORIENTED_EDGE('',*,*,#9716,.T.);
#9731 = ORIENTED_EDGE('',*,*,#9732,.T.);
#9732 = EDGE_CURVE('',#9709,#9733,#9735,.T.);
#9733 = VERTEX_POINT('',#9734);
#9734 = CARTESIAN_POINT('',(2.74,0.2,-2.5));
#9735 = LINE('',#9736,#9737);
#9736 = CARTESIAN_POINT('',(2.34,0.2,-2.5));
#9737 = VECTOR('',#9738,1.);
#9738 = DIRECTION('',(1.,0.,0.));
#9739 = ORIENTED_EDGE('',*,*,#9740,.F.);
#9740 = EDGE_CURVE('',#9582,#9733,#9741,.T.);
#9741 = LINE('',#9742,#9743);
#9742 = CARTESIAN_POINT('',(2.74,0.2,3.5));
#9743 = VECTOR('',#9744,1.);
#9744 = DIRECTION('',(-0.,-0.,-1.));
#9745 = PLANE('',#9746);
#9746 = AXIS2_PLACEMENT_3D('',#9747,#9748,#9749);
#9747 = CARTESIAN_POINT('',(2.34,0.2,3.5));
#9748 = DIRECTION('',(0.,-1.,0.));
#9749 = DIRECTION('',(1.,0.,0.));
#9750 = ADVANCED_FACE('',(#9751),#9769,.F.);
#9751 = FACE_BOUND('',#9752,.F.);
#9752 = EDGE_LOOP('',(#9753,#9754,#9755,#9763));
#9753 = ORIENTED_EDGE('',*,*,#9581,.T.);
#9754 = ORIENTED_EDGE('',*,*,#9740,.T.);
#9755 = ORIENTED_EDGE('',*,*,#9756,.T.);
#9756 = EDGE_CURVE('',#9733,#9757,#9759,.T.);
#9757 = VERTEX_POINT('',#9758);
#9758 = CARTESIAN_POINT('',(2.74,-0.2,-2.5));
#9759 = LINE('',#9760,#9761);
#9760 = CARTESIAN_POINT('',(2.74,0.2,-2.5));
#9761 = VECTOR('',#9762,1.);
#9762 = DIRECTION('',(0.,-1.,0.));
#9763 = ORIENTED_EDGE('',*,*,#9764,.F.);
#9764 = EDGE_CURVE('',#9574,#9757,#9765,.T.);
#9765 = LINE('',#9766,#9767);
#9766 = CARTESIAN_POINT('',(2.74,-0.2,3.5));
#9767 = VECTOR('',#9768,1.);
#9768 = DIRECTION('',(-0.,-0.,-1.));
#9769 = PLANE('',#9770);
#9770 = AXIS2_PLACEMENT_3D('',#9771,#9772,#9773);
#9771 = CARTESIAN_POINT('',(2.74,0.2,3.5));
#9772 = DIRECTION('',(-1.,0.,0.));
#9773 = DIRECTION('',(0.,-1.,0.));
#9774 = ADVANCED_FACE('',(#9775),#9786,.F.);
#9775 = FACE_BOUND('',#9776,.F.);
#9776 = EDGE_LOOP('',(#9777,#9778,#9779,#9785));
#9777 = ORIENTED_EDGE('',*,*,#9573,.T.);
#9778 = ORIENTED_EDGE('',*,*,#9764,.T.);
#9779 = ORIENTED_EDGE('',*,*,#9780,.T.);
#9780 = EDGE_CURVE('',#9757,#9701,#9781,.T.);
#9781 = LINE('',#9782,#9783);
#9782 = CARTESIAN_POINT('',(2.74,-0.2,-2.5));
#9783 = VECTOR('',#9784,1.);
#9784 = DIRECTION('',(-1.,0.,0.));
#9785 = ORIENTED_EDGE('',*,*,#9700,.F.);
#9786 = PLANE('',#9787);
#9787 = AXIS2_PLACEMENT_3D('',#9788,#9789,#9790);
#9788 = CARTESIAN_POINT('',(2.74,-0.2,3.5));
#9789 = DIRECTION('',(0.,1.,0.));
#9790 = DIRECTION('',(-1.,0.,0.));
#9791 = ADVANCED_FACE('',(#9792),#9798,.F.);
#9792 = FACE_BOUND('',#9793,.T.);
#9793 = EDGE_LOOP('',(#9794,#9795,#9796,#9797));
#9794 = ORIENTED_EDGE('',*,*,#9660,.T.);
#9795 = ORIENTED_EDGE('',*,*,#9684,.T.);
#9796 = ORIENTED_EDGE('',*,*,#9612,.T.);
#9797 = ORIENTED_EDGE('',*,*,#9636,.T.);
#9798 = PLANE('',#9799);
#9799 = AXIS2_PLACEMENT_3D('',#9800,#9801,#9802);
#9800 = CARTESIAN_POINT('',(-0.2,0.2,-2.5));
#9801 = DIRECTION('',(0.,0.,1.));
#9802 = DIRECTION('',(1.,0.,-0.));
#9803 = ADVANCED_FACE('',(#9804),#9810,.F.);
#9804 = FACE_BOUND('',#9805,.T.);
#9805 = EDGE_LOOP('',(#9806,#9807,#9808,#9809));
#9806 = ORIENTED_EDGE('',*,*,#9732,.T.);
#9807 = ORIENTED_EDGE('',*,*,#9756,.T.);
#9808 = ORIENTED_EDGE('',*,*,#9780,.T.);
#9809 = ORIENTED_EDGE('',*,*,#9708,.T.);
#9810 = PLANE('',#9811);
#9811 = AXIS2_PLACEMENT_3D('',#9812,#9813,#9814);
#9812 = CARTESIAN_POINT('',(2.34,0.2,-2.5));
#9813 = DIRECTION('',(0.,0.,1.));
#9814 = DIRECTION('',(1.,0.,-0.));
#9815 = ( GEOMETRIC_REPRESENTATION_CONTEXT(3) 
GLOBAL_UNCERTAINTY_ASSIGNED_CONTEXT((#9819)) 
GLOBAL_UNIT_ASSIGNED_CONTEXT((#9816,#9817,#9818)) REPRESENTATION_CONTEXT
('Context #1','3D Context with UNIT and UNCERTAINTY') );
#9816 = ( LENGTH_UNIT() NAMED_UNIT(*) SI_UNIT(.MILLI.,.METRE.) );
#9817 = ( NAMED_UNIT(*) PLANE_ANGLE_UNIT() SI_UNIT($,.RADIAN.) );
#9818 = ( NAMED_UNIT(*) SI_UNIT($,.STERADIAN.) SOLID_ANGLE_UNIT() );
#9819 = UNCERTAINTY_MEASURE_WITH_UNIT(LENGTH_MEASURE(1.E-07),#9816,
  'distance_accuracy_value','confusion accuracy');
#9820 = CONTEXT_DEPENDENT_SHAPE_REPRESENTATION(#9821,#9823);
#9821 = ( REPRESENTATION_RELATIONSHIP('','',#9389,#9366) 
REPRESENTATION_RELATIONSHIP_WITH_TRANSFORMATION(#9822) 
SHAPE_REPRESENTATION_RELATIONSHIP() );
#9822 = ITEM_DEFINED_TRANSFORMATION('','',#11,#9367);
#9823 = PRODUCT_DEFINITION_SHAPE('Placement','Placement of an item',
  #9824);
#9824 = NEXT_ASSEMBLY_USAGE_OCCURRENCE('7','=>[0:1:1:9]','',#9361,#9384,
  $);
#9825 = PRODUCT_RELATED_PRODUCT_CATEGORY('part',$,(#9386));
#9826 = CONTEXT_DEPENDENT_SHAPE_REPRESENTATION(#9827,#9829);
#9827 = ( REPRESENTATION_RELATIONSHIP('','',#4971,#10) 
REPRESENTATION_RELATIONSHIP_WITH_TRANSFORMATION(#9828) 
SHAPE_REPRESENTATION_RELATIONSHIP() );
#9828 = ITEM_DEFINED_TRANSFORMATION('','',#11,#31);
#9829 = PRODUCT_DEFINITION_SHAPE('Placement','Placement of an item',
  #9830);
#9830 = NEXT_ASSEMBLY_USAGE_OCCURRENCE('9','R2','',#5,#4966,$);
#9831 = SHAPE_DEFINITION_REPRESENTATION(#9832,#9838);
#9832 = PRODUCT_DEFINITION_SHAPE('','',#9833);
#9833 = PRODUCT_DEFINITION('design','',#9834,#9837);
#9834 = PRODUCT_DEFINITION_FORMATION('','',#9835);
#9835 = PRODUCT('NJL7502L','NJL7502L','',(#9836));
#9836 = PRODUCT_CONTEXT('',#2,'mechanical');
#9837 = PRODUCT_DEFINITION_CONTEXT('part definition',#2,'design');
#9838 = SHAPE_REPRESENTATION('',(#11,#9839),#9843);
#9839 = AXIS2_PLACEMENT_3D('',#9840,#9841,#9842);
#9840 = CARTESIAN_POINT('',(0.,0.,0.));
#9841 = DIRECTION('',(0.,0.,1.));
#9842 = DIRECTION('',(1.,0.,-0.));
#9843 = ( GEOMETRIC_REPRESENTATION_CONTEXT(3) 
GLOBAL_UNCERTAINTY_ASSIGNED_CONTEXT((#9847)) 
GLOBAL_UNIT_ASSIGNED_CONTEXT((#9844,#9845,#9846)) REPRESENTATION_CONTEXT
('Context #1','3D Context with UNIT and UNCERTAINTY') );
#9844 = ( LENGTH_UNIT() NAMED_UNIT(*) SI_UNIT(.MILLI.,.METRE.) );
#9845 = ( NAMED_UNIT(*) PLANE_ANGLE_UNIT() SI_UNIT($,.RADIAN.) );
#9846 = ( NAMED_UNIT(*) SI_UNIT($,.STERADIAN.) SOLID_ANGLE_UNIT() );
#9847 = UNCERTAINTY_MEASURE_WITH_UNIT(LENGTH_MEASURE(1.E-07),#9844,
  'distance_accuracy_value','confusion accuracy');
#9848 = CONTEXT_DEPENDENT_SHAPE_REPRESENTATION(#9849,#9851);
#9849 = ( REPRESENTATION_RELATIONSHIP('','',#9838,#10) 
REPRESENTATION_RELATIONSHIP_WITH_TRANSFORMATION(#9850) 
SHAPE_REPRESENTATION_RELATIONSHIP() );
#9850 = ITEM_DEFINED_TRANSFORMATION('','',#11,#35);
#9851 = PRODUCT_DEFINITION_SHAPE('Placement','Placement of an item',
  #9852);
#9852 = NEXT_ASSEMBLY_USAGE_OCCURRENCE('11','Q1','',#5,#9833,$);
#9853 = PRODUCT_RELATED_PRODUCT_CATEGORY('part',$,(#9835));
#9854 = SHAPE_DEFINITION_REPRESENTATION(#9855,#9861);
#9855 = PRODUCT_DEFINITION_SHAPE('','',#9856);
#9856 = PRODUCT_DEFINITION('design','',#9857,#9860);
#9857 = PRODUCT_DEFINITION_FORMATION('','',#9858);
#9858 = PRODUCT('ASSEMBLY','ASSEMBLY','',(#9859));
#9859 = PRODUCT_CONTEXT('',#2,'mechanical');
#9860 = PRODUCT_DEFINITION_CONTEXT('part definition',#2,'design');
#9861 = SHAPE_REPRESENTATION('',(#11,#9862,#9974,#10027),#10080);
#9862 = BREP_WITH_VOIDS('',#9863,(#9950,#9962));
#9863 = CLOSED_SHELL('',(#9864,#9906,#9922,#9940));
#9864 = ADVANCED_FACE('',(#9865),#9901,.T.);
#9865 = FACE_BOUND('',#9866,.T.);
#9866 = EDGE_LOOP('',(#9867,#9878,#9886,#9895));
#9867 = ORIENTED_EDGE('',*,*,#9868,.T.);
#9868 = EDGE_CURVE('',#9869,#9871,#9873,.T.);
#9869 = VERTEX_POINT('',#9870);
#9870 = CARTESIAN_POINT('',(-1.27,2.,0.1));
#9871 = VERTEX_POINT('',#9872);
#9872 = CARTESIAN_POINT('',(-1.27,-2.,0.1));
#9873 = CIRCLE('',#9874,2.);
#9874 = AXIS2_PLACEMENT_3D('',#9875,#9876,#9877);
#9875 = CARTESIAN_POINT('',(-1.27,0.,0.1));
#9876 = DIRECTION('',(0.,0.,1.));
#9877 = DIRECTION('',(1.,0.,0.));
#9878 = ORIENTED_EDGE('',*,*,#9879,.T.);
#9879 = EDGE_CURVE('',#9871,#9880,#9882,.T.);
#9880 = VERTEX_POINT('',#9881);
#9881 = CARTESIAN_POINT('',(-1.27,-2.,5.6));
#9882 = LINE('',#9883,#9884);
#9883 = CARTESIAN_POINT('',(-1.27,-2.,0.1));
#9884 = VECTOR('',#9885,1.);
#9885 = DIRECTION('',(0.,0.,1.));
#9886 = ORIENTED_EDGE('',*,*,#9887,.F.);
#9887 = EDGE_CURVE('',#9888,#9880,#9890,.T.);
#9888 = VERTEX_POINT('',#9889);
#9889 = CARTESIAN_POINT('',(-1.27,2.,5.6));
#9890 = CIRCLE('',#9891,2.);
#9891 = AXIS2_PLACEMENT_3D('',#9892,#9893,#9894);
#9892 = CARTESIAN_POINT('',(-1.27,0.,5.6));
#9893 = DIRECTION('',(0.,0.,1.));
#9894 = DIRECTION('',(1.,0.,0.));
#9895 = ORIENTED_EDGE('',*,*,#9896,.F.);
#9896 = EDGE_CURVE('',#9869,#9888,#9897,.T.);
#9897 = LINE('',#9898,#9899);
#9898 = CARTESIAN_POINT('',(-1.27,2.,0.1));
#9899 = VECTOR('',#9900,1.);
#9900 = DIRECTION('',(0.,0.,1.));
#9901 = CYLINDRICAL_SURFACE('',#9902,2.);
#9902 = AXIS2_PLACEMENT_3D('',#9903,#9904,#9905);
#9903 = CARTESIAN_POINT('',(-1.27,0.,0.1));
#9904 = DIRECTION('',(-0.,-0.,-1.));
#9905 = DIRECTION('',(1.,0.,0.));
#9906 = ADVANCED_FACE('',(#9907),#9917,.F.);
#9907 = FACE_BOUND('',#9908,.F.);
#9908 = EDGE_LOOP('',(#9909,#9910));
#9909 = ORIENTED_EDGE('',*,*,#9868,.T.);
#9910 = ORIENTED_EDGE('',*,*,#9911,.T.);
#9911 = EDGE_CURVE('',#9871,#9869,#9912,.T.);
#9912 = CIRCLE('',#9913,2.);
#9913 = AXIS2_PLACEMENT_3D('',#9914,#9915,#9916);
#9914 = CARTESIAN_POINT('',(-1.27,0.,0.1));
#9915 = DIRECTION('',(0.,0.,1.));
#9916 = DIRECTION('',(1.,0.,0.));
#9917 = PLANE('',#9918);
#9918 = AXIS2_PLACEMENT_3D('',#9919,#9920,#9921);
#9919 = CARTESIAN_POINT('',(-1.27,-1.110223024625E-16,1.E-01));
#9920 = DIRECTION('',(5.135813185033E-33,-1.283953296258E-33,1.));
#9921 = DIRECTION('',(1.,0.,-5.135813185033E-33));
#9922 = ADVANCED_FACE('',(#9923),#9935,.T.);
#9923 = FACE_BOUND('',#9924,.T.);
#9924 = EDGE_LOOP('',(#9925,#9926,#9927,#9934));
#9925 = ORIENTED_EDGE('',*,*,#9911,.T.);
#9926 = ORIENTED_EDGE('',*,*,#9896,.T.);
#9927 = ORIENTED_EDGE('',*,*,#9928,.F.);
#9928 = EDGE_CURVE('',#9880,#9888,#9929,.T.);
#9929 = CIRCLE('',#9930,2.);
#9930 = AXIS2_PLACEMENT_3D('',#9931,#9932,#9933);
#9931 = CARTESIAN_POINT('',(-1.27,0.,5.6));
#9932 = DIRECTION('',(0.,0.,1.));
#9933 = DIRECTION('',(1.,0.,0.));
#9934 = ORIENTED_EDGE('',*,*,#9879,.F.);
#9935 = CYLINDRICAL_SURFACE('',#9936,2.);
#9936 = AXIS2_PLACEMENT_3D('',#9937,#9938,#9939);
#9937 = CARTESIAN_POINT('',(-1.27,0.,0.1));
#9938 = DIRECTION('',(-0.,-0.,-1.));
#9939 = DIRECTION('',(1.,0.,0.));
#9940 = ADVANCED_FACE('',(#9941),#9945,.T.);
#9941 = FACE_BOUND('',#9942,.T.);
#9942 = EDGE_LOOP('',(#9943,#9944));
#9943 = ORIENTED_EDGE('',*,*,#9887,.T.);
#9944 = ORIENTED_EDGE('',*,*,#9928,.T.);
#9945 = PLANE('',#9946);
#9946 = AXIS2_PLACEMENT_3D('',#9947,#9948,#9949);
#9947 = CARTESIAN_POINT('',(-1.27,-1.110223024625E-16,5.6));
#9948 = DIRECTION('',(5.135813185033E-33,-1.283953296258E-33,1.));
#9949 = DIRECTION('',(1.,0.,-5.135813185033E-33));
#9950 = ORIENTED_CLOSED_SHELL('',*,#9951,.F.);
#9951 = CLOSED_SHELL('',(#9952));
#9952 = ADVANCED_FACE('',(#9953),#9957,.F.);
#9953 = FACE_BOUND('',#9954,.F.);
#9954 = VERTEX_LOOP('',#9955);
#9955 = VERTEX_POINT('',#9956);
#9956 = CARTESIAN_POINT('',(-1.27,2.,5.6));
#9957 = PLANE('',#9958);
#9958 = AXIS2_PLACEMENT_3D('',#9959,#9960,#9961);
#9959 = CARTESIAN_POINT('',(-1.27,2.,0.1));
#9960 = DIRECTION('',(0.,1.,0.));
#9961 = DIRECTION('',(1.,0.,0.));
#9962 = ORIENTED_CLOSED_SHELL('',*,#9963,.F.);
#9963 = CLOSED_SHELL('',(#9964));
#9964 = ADVANCED_FACE('',(#9965),#9969,.F.);
#9965 = FACE_BOUND('',#9966,.F.);
#9966 = VERTEX_LOOP('',#9967);
#9967 = VERTEX_POINT('',#9968);
#9968 = CARTESIAN_POINT('',(-1.27,-2.,5.6));
#9969 = PLANE('',#9970);
#9970 = AXIS2_PLACEMENT_3D('',#9971,#9972,#9973);
#9971 = CARTESIAN_POINT('',(-1.27,-2.,0.1));
#9972 = DIRECTION('',(0.,1.,0.));
#9973 = DIRECTION('',(1.,0.,0.));
#9974 = MANIFOLD_SOLID_BREP('',#9975);
#9975 = CLOSED_SHELL('',(#9976,#10009,#10018));
#9976 = ADVANCED_FACE('',(#9977),#10004,.T.);
#9977 = FACE_BOUND('',#9978,.T.);
#9978 = EDGE_LOOP('',(#9979,#9988,#9996,#10003));
#9979 = ORIENTED_EDGE('',*,*,#9980,.F.);
#9980 = EDGE_CURVE('',#9981,#9981,#9983,.T.);
#9981 = VERTEX_POINT('',#9982);
#9982 = CARTESIAN_POINT('',(0.355,-8.694992273946E-17,0.1));
#9983 = CIRCLE('',#9984,0.355);
#9984 = AXIS2_PLACEMENT_3D('',#9985,#9986,#9987);
#9985 = CARTESIAN_POINT('',(0.,0.,0.1));
#9986 = DIRECTION('',(0.,0.,1.));
#9987 = DIRECTION('',(1.,0.,0.));
#9988 = ORIENTED_EDGE('',*,*,#9989,.F.);
#9989 = EDGE_CURVE('',#9990,#9981,#9992,.T.);
#9990 = VERTEX_POINT('',#9991);
#9991 = CARTESIAN_POINT('',(0.355,-8.694992273946E-17,-5.));
#9992 = LINE('',#9993,#9994);
#9993 = CARTESIAN_POINT('',(0.355,-8.694992273946E-17,-5.));
#9994 = VECTOR('',#9995,1.);
#9995 = DIRECTION('',(0.,0.,1.));
#9996 = ORIENTED_EDGE('',*,*,#9997,.T.);
#9997 = EDGE_CURVE('',#9990,#9990,#9998,.T.);
#9998 = CIRCLE('',#9999,0.355);
#9999 = AXIS2_PLACEMENT_3D('',#10000,#10001,#10002);
#10000 = CARTESIAN_POINT('',(0.,0.,-5.));
#10001 = DIRECTION('',(0.,0.,1.));
#10002 = DIRECTION('',(1.,0.,0.));
#10003 = ORIENTED_EDGE('',*,*,#9989,.T.);
#10004 = CYLINDRICAL_SURFACE('',#10005,0.355);
#10005 = AXIS2_PLACEMENT_3D('',#10006,#10007,#10008);
#10006 = CARTESIAN_POINT('',(0.,0.,-5.));
#10007 = DIRECTION('',(0.,0.,1.));
#10008 = DIRECTION('',(1.,0.,0.));
#10009 = ADVANCED_FACE('',(#10010),#10013,.T.);
#10010 = FACE_BOUND('',#10011,.T.);
#10011 = EDGE_LOOP('',(#10012));
#10012 = ORIENTED_EDGE('',*,*,#9980,.T.);
#10013 = PLANE('',#10014);
#10014 = AXIS2_PLACEMENT_3D('',#10015,#10016,#10017);
#10015 = CARTESIAN_POINT('',(0.,0.,0.1));
#10016 = DIRECTION('',(0.,0.,1.));
#10017 = DIRECTION('',(1.,0.,0.));
#10018 = ADVANCED_FACE('',(#10019),#10022,.F.);
#10019 = FACE_BOUND('',#10020,.T.);
#10020 = EDGE_LOOP('',(#10021));
#10021 = ORIENTED_EDGE('',*,*,#9997,.F.);
#10022 = PLANE('',#10023);
#10023 = AXIS2_PLACEMENT_3D('',#10024,#10025,#10026);
#10024 = CARTESIAN_POINT('',(0.,0.,-5.));
#10025 = DIRECTION('',(0.,0.,1.));
#10026 = DIRECTION('',(1.,0.,0.));
#10027 = MANIFOLD_SOLID_BREP('',#10028);
#10028 = CLOSED_SHELL('',(#10029,#10062,#10071));
#10029 = ADVANCED_FACE('',(#10030),#10057,.T.);
#10030 = FACE_BOUND('',#10031,.T.);
#10031 = EDGE_LOOP('',(#10032,#10041,#10049,#10056));
#10032 = ORIENTED_EDGE('',*,*,#10033,.F.);
#10033 = EDGE_CURVE('',#10034,#10034,#10036,.T.);
#10034 = VERTEX_POINT('',#10035);
#10035 = CARTESIAN_POINT('',(-2.185,-8.694992273946E-17,0.1));
#10036 = CIRCLE('',#10037,0.355);
#10037 = AXIS2_PLACEMENT_3D('',#10038,#10039,#10040);
#10038 = CARTESIAN_POINT('',(-2.54,0.,0.1));
#10039 = DIRECTION('',(0.,0.,1.));
#10040 = DIRECTION('',(1.,0.,0.));
#10041 = ORIENTED_EDGE('',*,*,#10042,.F.);
#10042 = EDGE_CURVE('',#10043,#10034,#10045,.T.);
#10043 = VERTEX_POINT('',#10044);
#10044 = CARTESIAN_POINT('',(-2.185,-8.694992273946E-17,-5.));
#10045 = LINE('',#10046,#10047);
#10046 = CARTESIAN_POINT('',(-2.185,-8.694992273946E-17,-5.));
#10047 = VECTOR('',#10048,1.);
#10048 = DIRECTION('',(0.,0.,1.));
#10049 = ORIENTED_EDGE('',*,*,#10050,.T.);
#10050 = EDGE_CURVE('',#10043,#10043,#10051,.T.);
#10051 = CIRCLE('',#10052,0.355);
#10052 = AXIS2_PLACEMENT_3D('',#10053,#10054,#10055);
#10053 = CARTESIAN_POINT('',(-2.54,0.,-5.));
#10054 = DIRECTION('',(0.,0.,1.));
#10055 = DIRECTION('',(1.,0.,0.));
#10056 = ORIENTED_EDGE('',*,*,#10042,.T.);
#10057 = CYLINDRICAL_SURFACE('',#10058,0.355);
#10058 = AXIS2_PLACEMENT_3D('',#10059,#10060,#10061);
#10059 = CARTESIAN_POINT('',(-2.54,0.,-5.));
#10060 = DIRECTION('',(0.,0.,1.));
#10061 = DIRECTION('',(1.,0.,0.));
#10062 = ADVANCED_FACE('',(#10063),#10066,.T.);
#10063 = FACE_BOUND('',#10064,.T.);
#10064 = EDGE_LOOP('',(#10065));
#10065 = ORIENTED_EDGE('',*,*,#10033,.T.);
#10066 = PLANE('',#10067);
#10067 = AXIS2_PLACEMENT_3D('',#10068,#10069,#10070);
#10068 = CARTESIAN_POINT('',(-2.54,0.,0.1));
#10069 = DIRECTION('',(0.,0.,1.));
#10070 = DIRECTION('',(1.,0.,0.));
#10071 = ADVANCED_FACE('',(#10072),#10075,.F.);
#10072 = FACE_BOUND('',#10073,.T.);
#10073 = EDGE_LOOP('',(#10074));
#10074 = ORIENTED_EDGE('',*,*,#10050,.F.);
#10075 = PLANE('',#10076);
#10076 = AXIS2_PLACEMENT_3D('',#10077,#10078,#10079);
#10077 = CARTESIAN_POINT('',(-2.54,0.,-5.));
#10078 = DIRECTION('',(0.,0.,1.));
#10079 = DIRECTION('',(1.,0.,0.));
#10080 = ( GEOMETRIC_REPRESENTATION_CONTEXT(3) 
GLOBAL_UNCERTAINTY_ASSIGNED_CONTEXT((#10084)) 
GLOBAL_UNIT_ASSIGNED_CONTEXT((#10081,#10082,#10083)) 
REPRESENTATION_CONTEXT('Context #1',
  '3D Context with UNIT and UNCERTAINTY') );
#10081 = ( LENGTH_UNIT() NAMED_UNIT(*) SI_UNIT(.MILLI.,.METRE.) );
#10082 = ( NAMED_UNIT(*) PLANE_ANGLE_UNIT() SI_UNIT($,.RADIAN.) );
#10083 = ( NAMED_UNIT(*) SI_UNIT($,.STERADIAN.) SOLID_ANGLE_UNIT() );
#10084 = UNCERTAINTY_MEASURE_WITH_UNIT(LENGTH_MEASURE(1.E-07),#10081,
  'distance_accuracy_value','confusion accuracy');
#10085 = CONTEXT_DEPENDENT_SHAPE_REPRESENTATION(#10086,#10088);
#10086 = ( REPRESENTATION_RELATIONSHIP('','',#9861,#9838) 
REPRESENTATION_RELATIONSHIP_WITH_TRANSFORMATION(#10087) 
SHAPE_REPRESENTATION_RELATIONSHIP() );
#10087 = ITEM_DEFINED_TRANSFORMATION('','',#11,#9839);
#10088 = PRODUCT_DEFINITION_SHAPE('Placement','Placement of an item',
  #10089);
#10089 = NEXT_ASSEMBLY_USAGE_OCCURRENCE('10','=>[0:1:1:11]','',#9833,
  #9856,$);
#10090 = PRODUCT_RELATED_PRODUCT_CATEGORY('part',$,(#9858));
#10091 = SHAPE_DEFINITION_REPRESENTATION(#10092,#10098);
#10092 = PRODUCT_DEFINITION_SHAPE('','',#10093);
#10093 = PRODUCT_DEFINITION('design','',#10094,#10097);
#10094 = PRODUCT_DEFINITION_FORMATION('','',#10095);
#10095 = PRODUCT('XT60PW-F','XT60PW-F','',(#10096));
#10096 = PRODUCT_CONTEXT('',#2,'mechanical');
#10097 = PRODUCT_DEFINITION_CONTEXT('part definition',#2,'design');
#10098 = SHAPE_REPRESENTATION('',(#11,#10099),#10103);
#10099 = AXIS2_PLACEMENT_3D('',#10100,#10101,#10102);
#10100 = CARTESIAN_POINT('',(0.,0.,0.));
#10101 = DIRECTION('',(0.,0.,1.));
#10102 = DIRECTION('',(1.,0.,-0.));
#10103 = ( GEOMETRIC_REPRESENTATION_CONTEXT(3) 
GLOBAL_UNCERTAINTY_ASSIGNED_CONTEXT((#10107)) 
GLOBAL_UNIT_ASSIGNED_CONTEXT((#10104,#10105,#10106)) 
REPRESENTATION_CONTEXT('Context #1',
  '3D Context with UNIT and UNCERTAINTY') );
#10104 = ( LENGTH_UNIT() NAMED_UNIT(*) SI_UNIT(.MILLI.,.METRE.) );
#10105 = ( NAMED_UNIT(*) PLANE_ANGLE_UNIT() SI_UNIT($,.RADIAN.) );
#10106 = ( NAMED_UNIT(*) SI_UNIT($,.STERADIAN.) SOLID_ANGLE_UNIT() );
#10107 = UNCERTAINTY_MEASURE_WITH_UNIT(LENGTH_MEASURE(1.E-04),#10104,
  'distance_accuracy_value','confusion accuracy');
#10108 = CONTEXT_DEPENDENT_SHAPE_REPRESENTATION(#10109,#10111);
#10109 = ( REPRESENTATION_RELATIONSHIP('','',#10098,#10) 
REPRESENTATION_RELATIONSHIP_WITH_TRANSFORMATION(#10110) 
SHAPE_REPRESENTATION_RELATIONSHIP() );
#10110 = ITEM_DEFINED_TRANSFORMATION('','',#11,#39);
#10111 = PRODUCT_DEFINITION_SHAPE('Placement','Placement of an item',
  #10112);
#10112 = NEXT_ASSEMBLY_USAGE_OCCURRENCE('13','J3','',#5,#10093,$);
#10113 = PRODUCT_RELATED_PRODUCT_CATEGORY('part',$,(#10095));
#10114 = SHAPE_DEFINITION_REPRESENTATION(#10115,#10121);
#10115 = PRODUCT_DEFINITION_SHAPE('','',#10116);
#10116 = PRODUCT_DEFINITION('design','',#10117,#10120);
#10117 = PRODUCT_DEFINITION_FORMATION('','',#10118);
#10118 = PRODUCT('XT60PW-F','XT60PW-F','',(#10119));
#10119 = PRODUCT_CONTEXT('',#2,'mechanical');
#10120 = PRODUCT_DEFINITION_CONTEXT('part definition',#2,'design');
#10121 = SHAPE_REPRESENTATION('',(#11,#10122,#10338,#10476,#10614,#14778
    ,#14996,#15234),#15450);
#10122 = MANIFOLD_SOLID_BREP('',#10123);
#10123 = CLOSED_SHELL('',(#10124,#10180,#10211,#10235,#10259,#10283,
    #10307,#10324));
#10124 = ADVANCED_FACE('',(#10125),#10175,.T.);
#10125 = FACE_BOUND('',#10126,.T.);
#10126 = EDGE_LOOP('',(#10127,#10137,#10145,#10153,#10161,#10169));
#10127 = ORIENTED_EDGE('',*,*,#10128,.T.);
#10128 = EDGE_CURVE('',#10129,#10131,#10133,.T.);
#10129 = VERTEX_POINT('',#10130);
#10130 = CARTESIAN_POINT('',(6.5,-1.05,6.75));
#10131 = VERTEX_POINT('',#10132);
#10132 = CARTESIAN_POINT('',(6.5,8.2,6.75));
#10133 = LINE('',#10134,#10135);
#10134 = CARTESIAN_POINT('',(6.5,-15.08113883008,6.75));
#10135 = VECTOR('',#10136,1.);
#10136 = DIRECTION('',(0.,1.,0.));
#10137 = ORIENTED_EDGE('',*,*,#10138,.T.);
#10138 = EDGE_CURVE('',#10131,#10139,#10141,.T.);
#10139 = VERTEX_POINT('',#10140);
#10140 = CARTESIAN_POINT('',(6.5,8.2,5.25));
#10141 = LINE('',#10142,#10143);
#10142 = CARTESIAN_POINT('',(6.5,8.2,6.75));
#10143 = VECTOR('',#10144,1.);
#10144 = DIRECTION('',(-0.,-0.,-1.));
#10145 = ORIENTED_EDGE('',*,*,#10146,.T.);
#10146 = EDGE_CURVE('',#10139,#10147,#10149,.T.);
#10147 = VERTEX_POINT('',#10148);
#10148 = CARTESIAN_POINT('',(6.5,-1.05,5.25));
#10149 = LINE('',#10150,#10151);
#10150 = CARTESIAN_POINT('',(6.5,-15.08113883008,5.25));
#10151 = VECTOR('',#10152,1.);
#10152 = DIRECTION('',(0.,-1.,0.));
#10153 = ORIENTED_EDGE('',*,*,#10154,.T.);
#10154 = EDGE_CURVE('',#10147,#10155,#10157,.T.);
#10155 = VERTEX_POINT('',#10156);
#10156 = CARTESIAN_POINT('',(6.5,-2.55,5.514490471062));
#10157 = LINE('',#10158,#10159);
#10158 = CARTESIAN_POINT('',(6.5,-1.05,5.25));
#10159 = VECTOR('',#10160,1.);
#10160 = DIRECTION('',(0.,-0.984807753012,0.173648177667));
#10161 = ORIENTED_EDGE('',*,*,#10162,.T.);
#10162 = EDGE_CURVE('',#10155,#10163,#10165,.T.);
#10163 = VERTEX_POINT('',#10164);
#10164 = CARTESIAN_POINT('',(6.5,-2.55,6.485509528937));
#10165 = LINE('',#10166,#10167);
#10166 = CARTESIAN_POINT('',(6.5,-2.55,6.75));
#10167 = VECTOR('',#10168,1.);
#10168 = DIRECTION('',(0.,0.,1.));
#10169 = ORIENTED_EDGE('',*,*,#10170,.T.);
#10170 = EDGE_CURVE('',#10163,#10129,#10171,.T.);
#10171 = LINE('',#10172,#10173);
#10172 = CARTESIAN_POINT('',(6.5,-2.55,6.485509528937));
#10173 = VECTOR('',#10174,1.);
#10174 = DIRECTION('',(0.,0.984807753012,0.173648177667));
#10175 = PLANE('',#10176);
#10176 = AXIS2_PLACEMENT_3D('',#10177,#10178,#10179);
#10177 = CARTESIAN_POINT('',(6.5,-15.08113883008,6.75));
#10178 = DIRECTION('',(-1.,0.,0.));
#10179 = DIRECTION('',(0.,0.,1.));
#10180 = ADVANCED_FACE('',(#10181),#10206,.T.);
#10181 = FACE_BOUND('',#10182,.T.);
#10182 = EDGE_LOOP('',(#10183,#10193,#10199,#10200));
#10183 = ORIENTED_EDGE('',*,*,#10184,.F.);
#10184 = EDGE_CURVE('',#10185,#10187,#10189,.T.);
#10185 = VERTEX_POINT('',#10186);
#10186 = CARTESIAN_POINT('',(7.,8.2,5.25));
#10187 = VERTEX_POINT('',#10188);
#10188 = CARTESIAN_POINT('',(7.,8.2,6.75));
#10189 = LINE('',#10190,#10191);
#10190 = CARTESIAN_POINT('',(7.,8.2,5.25));
#10191 = VECTOR('',#10192,1.);
#10192 = DIRECTION('',(0.,0.,1.));
#10193 = ORIENTED_EDGE('',*,*,#10194,.T.);
#10194 = EDGE_CURVE('',#10185,#10139,#10195,.T.);
#10195 = LINE('',#10196,#10197);
#10196 = CARTESIAN_POINT('',(0.,8.2,5.25));
#10197 = VECTOR('',#10198,1.);
#10198 = DIRECTION('',(-1.,0.,0.));
#10199 = ORIENTED_EDGE('',*,*,#10138,.F.);
#10200 = ORIENTED_EDGE('',*,*,#10201,.T.);
#10201 = EDGE_CURVE('',#10131,#10187,#10202,.T.);
#10202 = LINE('',#10203,#10204);
#10203 = CARTESIAN_POINT('',(0.,8.2,6.75));
#10204 = VECTOR('',#10205,1.);
#10205 = DIRECTION('',(1.,0.,0.));
#10206 = PLANE('',#10207);
#10207 = AXIS2_PLACEMENT_3D('',#10208,#10209,#10210);
#10208 = CARTESIAN_POINT('',(0.,8.2,15.35));
#10209 = DIRECTION('',(0.,1.,0.));
#10210 = DIRECTION('',(0.,0.,1.));
#10211 = ADVANCED_FACE('',(#10212),#10230,.T.);
#10212 = FACE_BOUND('',#10213,.T.);
#10213 = EDGE_LOOP('',(#10214,#10222,#10223,#10224));
#10214 = ORIENTED_EDGE('',*,*,#10215,.T.);
#10215 = EDGE_CURVE('',#10216,#10187,#10218,.T.);
#10216 = VERTEX_POINT('',#10217);
#10217 = CARTESIAN_POINT('',(7.,-1.05,6.75));
#10218 = LINE('',#10219,#10220);
#10219 = CARTESIAN_POINT('',(7.,-15.08113883008,6.75));
#10220 = VECTOR('',#10221,1.);
#10221 = DIRECTION('',(0.,1.,0.));
#10222 = ORIENTED_EDGE('',*,*,#10201,.F.);
#10223 = ORIENTED_EDGE('',*,*,#10128,.F.);
#10224 = ORIENTED_EDGE('',*,*,#10225,.T.);
#10225 = EDGE_CURVE('',#10129,#10216,#10226,.T.);
#10226 = LINE('',#10227,#10228);
#10227 = CARTESIAN_POINT('',(7.,-1.05,6.75));
#10228 = VECTOR('',#10229,1.);
#10229 = DIRECTION('',(1.,0.,0.));
#10230 = PLANE('',#10231);
#10231 = AXIS2_PLACEMENT_3D('',#10232,#10233,#10234);
#10232 = CARTESIAN_POINT('',(7.,-15.08113883008,6.75));
#10233 = DIRECTION('',(0.,0.,1.));
#10234 = DIRECTION('',(1.,0.,0.));
#10235 = ADVANCED_FACE('',(#10236),#10254,.T.);
#10236 = FACE_BOUND('',#10237,.T.);
#10237 = EDGE_LOOP('',(#10238,#10239,#10247,#10253));
#10238 = ORIENTED_EDGE('',*,*,#10170,.F.);
#10239 = ORIENTED_EDGE('',*,*,#10240,.T.);
#10240 = EDGE_CURVE('',#10163,#10241,#10243,.T.);
#10241 = VERTEX_POINT('',#10242);
#10242 = CARTESIAN_POINT('',(7.,-2.55,6.485509528937));
#10243 = LINE('',#10244,#10245);
#10244 = CARTESIAN_POINT('',(-6.838960762841,-2.55,6.485509528937));
#10245 = VECTOR('',#10246,1.);
#10246 = DIRECTION('',(1.,0.,0.));
#10247 = ORIENTED_EDGE('',*,*,#10248,.T.);
#10248 = EDGE_CURVE('',#10241,#10216,#10249,.T.);
#10249 = LINE('',#10250,#10251);
#10250 = CARTESIAN_POINT('',(7.,-2.55,6.485509528937));
#10251 = VECTOR('',#10252,1.);
#10252 = DIRECTION('',(0.,0.984807753012,0.173648177667));
#10253 = ORIENTED_EDGE('',*,*,#10225,.F.);
#10254 = PLANE('',#10255);
#10255 = AXIS2_PLACEMENT_3D('',#10256,#10257,#10258);
#10256 = CARTESIAN_POINT('',(-6.838960762841,-2.55,6.485509528937));
#10257 = DIRECTION('',(0.,-0.173648177667,0.984807753012));
#10258 = DIRECTION('',(0.,-0.984807753012,-0.173648177667));
#10259 = ADVANCED_FACE('',(#10260),#10278,.F.);
#10260 = FACE_BOUND('',#10261,.T.);
#10261 = EDGE_LOOP('',(#10262,#10270,#10276,#10277));
#10262 = ORIENTED_EDGE('',*,*,#10263,.F.);
#10263 = EDGE_CURVE('',#10264,#10155,#10266,.T.);
#10264 = VERTEX_POINT('',#10265);
#10265 = CARTESIAN_POINT('',(7.,-2.55,5.514490471062));
#10266 = LINE('',#10267,#10268);
#10267 = CARTESIAN_POINT('',(-6.838960762841,-2.55,5.514490471062));
#10268 = VECTOR('',#10269,1.);
#10269 = DIRECTION('',(-1.,0.,0.));
#10270 = ORIENTED_EDGE('',*,*,#10271,.F.);
#10271 = EDGE_CURVE('',#10241,#10264,#10272,.T.);
#10272 = LINE('',#10273,#10274);
#10273 = CARTESIAN_POINT('',(7.,-2.55,-0.256213597756));
#10274 = VECTOR('',#10275,1.);
#10275 = DIRECTION('',(0.,0.,-1.));
#10276 = ORIENTED_EDGE('',*,*,#10240,.F.);
#10277 = ORIENTED_EDGE('',*,*,#10162,.F.);
#10278 = PLANE('',#10279);
#10279 = AXIS2_PLACEMENT_3D('',#10280,#10281,#10282);
#10280 = CARTESIAN_POINT('',(-6.838960762841,-2.55,-0.256213597756));
#10281 = DIRECTION('',(0.,1.,0.));
#10282 = DIRECTION('',(0.,0.,1.));
#10283 = ADVANCED_FACE('',(#10284),#10302,.T.);
#10284 = FACE_BOUND('',#10285,.T.);
#10285 = EDGE_LOOP('',(#10286,#10294,#10295,#10296));
#10286 = ORIENTED_EDGE('',*,*,#10287,.T.);
#10287 = EDGE_CURVE('',#10288,#10264,#10290,.T.);
#10288 = VERTEX_POINT('',#10289);
#10289 = CARTESIAN_POINT('',(7.,-1.05,5.25));
#10290 = LINE('',#10291,#10292);
#10291 = CARTESIAN_POINT('',(7.,-2.55,5.514490471062));
#10292 = VECTOR('',#10293,1.);
#10293 = DIRECTION('',(0.,-0.984807753012,0.173648177667));
#10294 = ORIENTED_EDGE('',*,*,#10263,.T.);
#10295 = ORIENTED_EDGE('',*,*,#10154,.F.);
#10296 = ORIENTED_EDGE('',*,*,#10297,.T.);
#10297 = EDGE_CURVE('',#10147,#10288,#10298,.T.);
#10298 = LINE('',#10299,#10300);
#10299 = CARTESIAN_POINT('',(-6.838960762841,-1.05,5.25));
#10300 = VECTOR('',#10301,1.);
#10301 = DIRECTION('',(1.,0.,0.));
#10302 = PLANE('',#10303);
#10303 = AXIS2_PLACEMENT_3D('',#10304,#10305,#10306);
#10304 = CARTESIAN_POINT('',(-6.838960762841,-2.55,5.514490471062));
#10305 = DIRECTION('',(0.,-0.173648177667,-0.984807753012));
#10306 = DIRECTION('',(0.,0.984807753012,-0.173648177667));
#10307 = ADVANCED_FACE('',(#10308),#10319,.T.);
#10308 = FACE_BOUND('',#10309,.T.);
#10309 = EDGE_LOOP('',(#10310,#10311,#10312,#10318));
#10310 = ORIENTED_EDGE('',*,*,#10146,.F.);
#10311 = ORIENTED_EDGE('',*,*,#10194,.F.);
#10312 = ORIENTED_EDGE('',*,*,#10313,.T.);
#10313 = EDGE_CURVE('',#10185,#10288,#10314,.T.);
#10314 = LINE('',#10315,#10316);
#10315 = CARTESIAN_POINT('',(7.,-15.08113883008,5.25));
#10316 = VECTOR('',#10317,1.);
#10317 = DIRECTION('',(-0.,-1.,-0.));
#10318 = ORIENTED_EDGE('',*,*,#10297,.F.);
#10319 = PLANE('',#10320);
#10320 = AXIS2_PLACEMENT_3D('',#10321,#10322,#10323);
#10321 = CARTESIAN_POINT('',(6.5,-15.08113883008,5.25));
#10322 = DIRECTION('',(0.,0.,-1.));
#10323 = DIRECTION('',(-1.,0.,0.));
#10324 = ADVANCED_FACE('',(#10325),#10333,.T.);
#10325 = FACE_BOUND('',#10326,.T.);
#10326 = EDGE_LOOP('',(#10327,#10328,#10329,#10330,#10331,#10332));
#10327 = ORIENTED_EDGE('',*,*,#10215,.F.);
#10328 = ORIENTED_EDGE('',*,*,#10248,.F.);
#10329 = ORIENTED_EDGE('',*,*,#10271,.T.);
#10330 = ORIENTED_EDGE('',*,*,#10287,.F.);
#10331 = ORIENTED_EDGE('',*,*,#10313,.F.);
#10332 = ORIENTED_EDGE('',*,*,#10184,.T.);
#10333 = PLANE('',#10334);
#10334 = AXIS2_PLACEMENT_3D('',#10335,#10336,#10337);
#10335 = CARTESIAN_POINT('',(7.,-15.08113883008,5.25));
#10336 = DIRECTION('',(1.,0.,0.));
#10337 = DIRECTION('',(0.,0.,-1.));
#10338 = MANIFOLD_SOLID_BREP('',#10339);
#10339 = CLOSED_SHELL('',(#10340,#10382,#10414,#10438,#10448,#10466));
#10340 = ADVANCED_FACE('',(#10341),#10377,.T.);
#10341 = FACE_BOUND('',#10342,.T.);
#10342 = EDGE_LOOP('',(#10343,#10354,#10362,#10371));
#10343 = ORIENTED_EDGE('',*,*,#10344,.T.);
#10344 = EDGE_CURVE('',#10345,#10347,#10349,.T.);
#10345 = VERTEX_POINT('',#10346);
#10346 = CARTESIAN_POINT('',(3.6,-2.2,1.249999999943));
#10347 = VERTEX_POINT('',#10348);
#10348 = CARTESIAN_POINT('',(3.6,-2.2,-1.249999999943));
#10349 = CIRCLE('',#10350,1.25);
#10350 = AXIS2_PLACEMENT_3D('',#10351,#10352,#10353);
#10351 = CARTESIAN_POINT('',(3.6,-2.2,0.));
#10352 = DIRECTION('',(0.,1.,0.));
#10353 = DIRECTION('',(0.,0.,1.));
#10354 = ORIENTED_EDGE('',*,*,#10355,.T.);
#10355 = EDGE_CURVE('',#10347,#10356,#10358,.T.);
#10356 = VERTEX_POINT('',#10357);
#10357 = CARTESIAN_POINT('',(3.6,0.6,-1.25));
#10358 = LINE('',#10359,#10360);
#10359 = CARTESIAN_POINT('',(3.6,-16.93553390593,-1.25));
#10360 = VECTOR('',#10361,1.);
#10361 = DIRECTION('',(0.,1.,0.));
#10362 = ORIENTED_EDGE('',*,*,#10363,.T.);
#10363 = EDGE_CURVE('',#10356,#10364,#10366,.T.);
#10364 = VERTEX_POINT('',#10365);
#10365 = CARTESIAN_POINT('',(3.6,0.6,1.25));
#10366 = CIRCLE('',#10367,1.25);
#10367 = AXIS2_PLACEMENT_3D('',#10368,#10369,#10370);
#10368 = CARTESIAN_POINT('',(3.6,0.6,0.));
#10369 = DIRECTION('',(0.,-1.,0.));
#10370 = DIRECTION('',(0.,0.,1.));
#10371 = ORIENTED_EDGE('',*,*,#10372,.F.);
#10372 = EDGE_CURVE('',#10345,#10364,#10373,.T.);
#10373 = LINE('',#10374,#10375);
#10374 = CARTESIAN_POINT('',(3.6,-16.93553390593,1.25));
#10375 = VECTOR('',#10376,1.);
#10376 = DIRECTION('',(0.,1.,0.));
#10377 = CYLINDRICAL_SURFACE('',#10378,1.25);
#10378 = AXIS2_PLACEMENT_3D('',#10379,#10380,#10381);
#10379 = CARTESIAN_POINT('',(3.6,-16.93553390593,0.));
#10380 = DIRECTION('',(0.,1.,0.));
#10381 = DIRECTION('',(0.,0.,1.));
#10382 = ADVANCED_FACE('',(#10383),#10409,.T.);
#10383 = FACE_BOUND('',#10384,.T.);
#10384 = EDGE_LOOP('',(#10385,#10396,#10402,#10403));
#10385 = ORIENTED_EDGE('',*,*,#10386,.T.);
#10386 = EDGE_CURVE('',#10387,#10389,#10391,.T.);
#10387 = VERTEX_POINT('',#10388);
#10388 = CARTESIAN_POINT('',(3.6,-2.499999999967,0.949999999977));
#10389 = VERTEX_POINT('',#10390);
#10390 = CARTESIAN_POINT('',(3.6,-2.499999999967,-0.949999999977));
#10391 = CIRCLE('',#10392,0.949999999977);
#10392 = AXIS2_PLACEMENT_3D('',#10393,#10394,#10395);
#10393 = CARTESIAN_POINT('',(3.6,-2.499999999967,0.));
#10394 = DIRECTION('',(0.,1.,0.));
#10395 = DIRECTION('',(0.,0.,1.));
#10396 = ORIENTED_EDGE('',*,*,#10397,.T.);
#10397 = EDGE_CURVE('',#10389,#10347,#10398,.T.);
#10398 = LINE('',#10399,#10400);
#10399 = CARTESIAN_POINT('',(3.6,-2.199999999985,-1.249999999958));
#10400 = VECTOR('',#10401,1.);
#10401 = DIRECTION('',(8.659560562355E-17,0.707106781187,-0.707106781187
    ));
#10402 = ORIENTED_EDGE('',*,*,#10344,.F.);
#10403 = ORIENTED_EDGE('',*,*,#10404,.F.);
#10404 = EDGE_CURVE('',#10387,#10345,#10405,.T.);
#10405 = LINE('',#10406,#10407);
#10406 = CARTESIAN_POINT('',(3.6,-2.199999999985,1.249999999958));
#10407 = VECTOR('',#10408,1.);
#10408 = DIRECTION('',(0.,0.707106781187,0.707106781187));
#10409 = CONICAL_SURFACE('',#10410,1.249999999958,0.785398163397);
#10410 = AXIS2_PLACEMENT_3D('',#10411,#10412,#10413);
#10411 = CARTESIAN_POINT('',(3.6,-2.199999999985,0.));
#10412 = DIRECTION('',(0.,1.,0.));
#10413 = DIRECTION('',(0.,0.,1.));
#10414 = ADVANCED_FACE('',(#10415),#10433,.T.);
#10415 = FACE_BOUND('',#10416,.T.);
#10416 = EDGE_LOOP('',(#10417,#10418,#10425,#10426));
#10417 = ORIENTED_EDGE('',*,*,#10355,.F.);
#10418 = ORIENTED_EDGE('',*,*,#10419,.T.);
#10419 = EDGE_CURVE('',#10347,#10345,#10420,.T.);
#10420 = CIRCLE('',#10421,1.25);
#10421 = AXIS2_PLACEMENT_3D('',#10422,#10423,#10424);
#10422 = CARTESIAN_POINT('',(3.6,-2.2,0.));
#10423 = DIRECTION('',(0.,1.,0.));
#10424 = DIRECTION('',(0.,0.,1.));
#10425 = ORIENTED_EDGE('',*,*,#10372,.T.);
#10426 = ORIENTED_EDGE('',*,*,#10427,.T.);
#10427 = EDGE_CURVE('',#10364,#10356,#10428,.T.);
#10428 = CIRCLE('',#10429,1.25);
#10429 = AXIS2_PLACEMENT_3D('',#10430,#10431,#10432);
#10430 = CARTESIAN_POINT('',(3.6,0.6,0.));
#10431 = DIRECTION('',(0.,-1.,0.));
#10432 = DIRECTION('',(0.,0.,1.));
#10433 = CYLINDRICAL_SURFACE('',#10434,1.25);
#10434 = AXIS2_PLACEMENT_3D('',#10435,#10436,#10437);
#10435 = CARTESIAN_POINT('',(3.6,-16.93553390593,0.));
#10436 = DIRECTION('',(0.,1.,0.));
#10437 = DIRECTION('',(0.,0.,1.));
#10438 = ADVANCED_FACE('',(#10439),#10443,.F.);
#10439 = FACE_BOUND('',#10440,.T.);
#10440 = EDGE_LOOP('',(#10441,#10442));
#10441 = ORIENTED_EDGE('',*,*,#10427,.F.);
#10442 = ORIENTED_EDGE('',*,*,#10363,.F.);
#10443 = PLANE('',#10444);
#10444 = AXIS2_PLACEMENT_3D('',#10445,#10446,#10447);
#10445 = CARTESIAN_POINT('',(3.6,0.6,0.));
#10446 = DIRECTION('',(0.,-1.,0.));
#10447 = DIRECTION('',(0.,0.,-1.));
#10448 = ADVANCED_FACE('',(#10449),#10461,.T.);
#10449 = FACE_BOUND('',#10450,.T.);
#10450 = EDGE_LOOP('',(#10451,#10452,#10459,#10460));
#10451 = ORIENTED_EDGE('',*,*,#10397,.F.);
#10452 = ORIENTED_EDGE('',*,*,#10453,.T.);
#10453 = EDGE_CURVE('',#10389,#10387,#10454,.T.);
#10454 = CIRCLE('',#10455,0.949999999977);
#10455 = AXIS2_PLACEMENT_3D('',#10456,#10457,#10458);
#10456 = CARTESIAN_POINT('',(3.6,-2.499999999967,0.));
#10457 = DIRECTION('',(0.,1.,0.));
#10458 = DIRECTION('',(0.,0.,1.));
#10459 = ORIENTED_EDGE('',*,*,#10404,.T.);
#10460 = ORIENTED_EDGE('',*,*,#10419,.F.);
#10461 = CONICAL_SURFACE('',#10462,1.249999999958,0.785398163397);
#10462 = AXIS2_PLACEMENT_3D('',#10463,#10464,#10465);
#10463 = CARTESIAN_POINT('',(3.6,-2.199999999985,0.));
#10464 = DIRECTION('',(0.,1.,0.));
#10465 = DIRECTION('',(0.,0.,1.));
#10466 = ADVANCED_FACE('',(#10467),#10471,.F.);
#10467 = FACE_BOUND('',#10468,.T.);
#10468 = EDGE_LOOP('',(#10469,#10470));
#10469 = ORIENTED_EDGE('',*,*,#10386,.F.);
#10470 = ORIENTED_EDGE('',*,*,#10453,.F.);
#10471 = PLANE('',#10472);
#10472 = AXIS2_PLACEMENT_3D('',#10473,#10474,#10475);
#10473 = CARTESIAN_POINT('',(6.838960762841,-2.5,-0.256213597756));
#10474 = DIRECTION('',(0.,1.,0.));
#10475 = DIRECTION('',(0.,0.,1.));
#10476 = MANIFOLD_SOLID_BREP('',#10477);
#10477 = CLOSED_SHELL('',(#10478,#10520,#10552,#10576,#10586,#10604));
#10478 = ADVANCED_FACE('',(#10479),#10515,.T.);
#10479 = FACE_BOUND('',#10480,.T.);
#10480 = EDGE_LOOP('',(#10481,#10492,#10500,#10509));
#10481 = ORIENTED_EDGE('',*,*,#10482,.T.);
#10482 = EDGE_CURVE('',#10483,#10485,#10487,.T.);
#10483 = VERTEX_POINT('',#10484);
#10484 = CARTESIAN_POINT('',(-3.6,-2.2,1.249999999943));
#10485 = VERTEX_POINT('',#10486);
#10486 = CARTESIAN_POINT('',(-3.6,-2.2,-1.249999999943));
#10487 = CIRCLE('',#10488,1.25);
#10488 = AXIS2_PLACEMENT_3D('',#10489,#10490,#10491);
#10489 = CARTESIAN_POINT('',(-3.6,-2.2,0.));
#10490 = DIRECTION('',(0.,1.,0.));
#10491 = DIRECTION('',(0.,0.,1.));
#10492 = ORIENTED_EDGE('',*,*,#10493,.T.);
#10493 = EDGE_CURVE('',#10485,#10494,#10496,.T.);
#10494 = VERTEX_POINT('',#10495);
#10495 = CARTESIAN_POINT('',(-3.6,0.6,-1.25));
#10496 = LINE('',#10497,#10498);
#10497 = CARTESIAN_POINT('',(-3.6,-16.93553390593,-1.25));
#10498 = VECTOR('',#10499,1.);
#10499 = DIRECTION('',(0.,1.,0.));
#10500 = ORIENTED_EDGE('',*,*,#10501,.T.);
#10501 = EDGE_CURVE('',#10494,#10502,#10504,.T.);
#10502 = VERTEX_POINT('',#10503);
#10503 = CARTESIAN_POINT('',(-3.6,0.6,1.25));
#10504 = CIRCLE('',#10505,1.25);
#10505 = AXIS2_PLACEMENT_3D('',#10506,#10507,#10508);
#10506 = CARTESIAN_POINT('',(-3.6,0.6,0.));
#10507 = DIRECTION('',(0.,-1.,0.));
#10508 = DIRECTION('',(0.,0.,1.));
#10509 = ORIENTED_EDGE('',*,*,#10510,.F.);
#10510 = EDGE_CURVE('',#10483,#10502,#10511,.T.);
#10511 = LINE('',#10512,#10513);
#10512 = CARTESIAN_POINT('',(-3.6,-16.93553390593,1.25));
#10513 = VECTOR('',#10514,1.);
#10514 = DIRECTION('',(0.,1.,0.));
#10515 = CYLINDRICAL_SURFACE('',#10516,1.25);
#10516 = AXIS2_PLACEMENT_3D('',#10517,#10518,#10519);
#10517 = CARTESIAN_POINT('',(-3.6,-16.93553390593,0.));
#10518 = DIRECTION('',(0.,1.,0.));
#10519 = DIRECTION('',(0.,0.,1.));
#10520 = ADVANCED_FACE('',(#10521),#10547,.T.);
#10521 = FACE_BOUND('',#10522,.T.);
#10522 = EDGE_LOOP('',(#10523,#10534,#10540,#10541));
#10523 = ORIENTED_EDGE('',*,*,#10524,.T.);
#10524 = EDGE_CURVE('',#10525,#10527,#10529,.T.);
#10525 = VERTEX_POINT('',#10526);
#10526 = CARTESIAN_POINT('',(-3.6,-2.499999999967,0.949999999977));
#10527 = VERTEX_POINT('',#10528);
#10528 = CARTESIAN_POINT('',(-3.6,-2.499999999967,-0.949999999977));
#10529 = CIRCLE('',#10530,0.949999999977);
#10530 = AXIS2_PLACEMENT_3D('',#10531,#10532,#10533);
#10531 = CARTESIAN_POINT('',(-3.6,-2.499999999967,0.));
#10532 = DIRECTION('',(0.,1.,0.));
#10533 = DIRECTION('',(0.,0.,1.));
#10534 = ORIENTED_EDGE('',*,*,#10535,.T.);
#10535 = EDGE_CURVE('',#10527,#10485,#10536,.T.);
#10536 = LINE('',#10537,#10538);
#10537 = CARTESIAN_POINT('',(-3.6,-2.199999999985,-1.249999999958));
#10538 = VECTOR('',#10539,1.);
#10539 = DIRECTION('',(8.659560562355E-17,0.707106781187,-0.707106781187
    ));
#10540 = ORIENTED_EDGE('',*,*,#10482,.F.);
#10541 = ORIENTED_EDGE('',*,*,#10542,.F.);
#10542 = EDGE_CURVE('',#10525,#10483,#10543,.T.);
#10543 = LINE('',#10544,#10545);
#10544 = CARTESIAN_POINT('',(-3.6,-2.199999999985,1.249999999958));
#10545 = VECTOR('',#10546,1.);
#10546 = DIRECTION('',(0.,0.707106781187,0.707106781187));
#10547 = CONICAL_SURFACE('',#10548,1.249999999958,0.785398163397);
#10548 = AXIS2_PLACEMENT_3D('',#10549,#10550,#10551);
#10549 = CARTESIAN_POINT('',(-3.6,-2.199999999985,0.));
#10550 = DIRECTION('',(0.,1.,0.));
#10551 = DIRECTION('',(0.,0.,1.));
#10552 = ADVANCED_FACE('',(#10553),#10571,.T.);
#10553 = FACE_BOUND('',#10554,.T.);
#10554 = EDGE_LOOP('',(#10555,#10556,#10563,#10564));
#10555 = ORIENTED_EDGE('',*,*,#10493,.F.);
#10556 = ORIENTED_EDGE('',*,*,#10557,.T.);
#10557 = EDGE_CURVE('',#10485,#10483,#10558,.T.);
#10558 = CIRCLE('',#10559,1.25);
#10559 = AXIS2_PLACEMENT_3D('',#10560,#10561,#10562);
#10560 = CARTESIAN_POINT('',(-3.6,-2.2,0.));
#10561 = DIRECTION('',(0.,1.,0.));
#10562 = DIRECTION('',(0.,0.,1.));
#10563 = ORIENTED_EDGE('',*,*,#10510,.T.);
#10564 = ORIENTED_EDGE('',*,*,#10565,.T.);
#10565 = EDGE_CURVE('',#10502,#10494,#10566,.T.);
#10566 = CIRCLE('',#10567,1.25);
#10567 = AXIS2_PLACEMENT_3D('',#10568,#10569,#10570);
#10568 = CARTESIAN_POINT('',(-3.6,0.6,0.));
#10569 = DIRECTION('',(0.,-1.,0.));
#10570 = DIRECTION('',(0.,0.,1.));
#10571 = CYLINDRICAL_SURFACE('',#10572,1.25);
#10572 = AXIS2_PLACEMENT_3D('',#10573,#10574,#10575);
#10573 = CARTESIAN_POINT('',(-3.6,-16.93553390593,0.));
#10574 = DIRECTION('',(0.,1.,0.));
#10575 = DIRECTION('',(0.,0.,1.));
#10576 = ADVANCED_FACE('',(#10577),#10581,.F.);
#10577 = FACE_BOUND('',#10578,.T.);
#10578 = EDGE_LOOP('',(#10579,#10580));
#10579 = ORIENTED_EDGE('',*,*,#10565,.F.);
#10580 = ORIENTED_EDGE('',*,*,#10501,.F.);
#10581 = PLANE('',#10582);
#10582 = AXIS2_PLACEMENT_3D('',#10583,#10584,#10585);
#10583 = CARTESIAN_POINT('',(-3.6,0.6,0.));
#10584 = DIRECTION('',(0.,-1.,0.));
#10585 = DIRECTION('',(0.,0.,-1.));
#10586 = ADVANCED_FACE('',(#10587),#10599,.T.);
#10587 = FACE_BOUND('',#10588,.T.);
#10588 = EDGE_LOOP('',(#10589,#10590,#10597,#10598));
#10589 = ORIENTED_EDGE('',*,*,#10535,.F.);
#10590 = ORIENTED_EDGE('',*,*,#10591,.T.);
#10591 = EDGE_CURVE('',#10527,#10525,#10592,.T.);
#10592 = CIRCLE('',#10593,0.949999999977);
#10593 = AXIS2_PLACEMENT_3D('',#10594,#10595,#10596);
#10594 = CARTESIAN_POINT('',(-3.6,-2.499999999967,0.));
#10595 = DIRECTION('',(0.,1.,0.));
#10596 = DIRECTION('',(0.,0.,1.));
#10597 = ORIENTED_EDGE('',*,*,#10542,.T.);
#10598 = ORIENTED_EDGE('',*,*,#10557,.F.);
#10599 = CONICAL_SURFACE('',#10600,1.249999999958,0.785398163397);
#10600 = AXIS2_PLACEMENT_3D('',#10601,#10602,#10603);
#10601 = CARTESIAN_POINT('',(-3.6,-2.199999999985,0.));
#10602 = DIRECTION('',(0.,1.,0.));
#10603 = DIRECTION('',(0.,0.,1.));
#10604 = ADVANCED_FACE('',(#10605),#10609,.F.);
#10605 = FACE_BOUND('',#10606,.T.);
#10606 = EDGE_LOOP('',(#10607,#10608));
#10607 = ORIENTED_EDGE('',*,*,#10524,.F.);
#10608 = ORIENTED_EDGE('',*,*,#10591,.F.);
#10609 = PLANE('',#10610);
#10610 = AXIS2_PLACEMENT_3D('',#10611,#10612,#10613);
#10611 = CARTESIAN_POINT('',(-6.838960762841,-2.5,-0.256213597756));
#10612 = DIRECTION('',(0.,1.,0.));
#10613 = DIRECTION('',(0.,0.,1.));
#10614 = MANIFOLD_SOLID_BREP('',#10615);
#10615 = CLOSED_SHELL('',(#10616,#10658,#10700,#10742,#10784,#10826,
    #10868,#10972,#11003,#11137,#11168,#11192,#11216,#11256,#11350,
    #11390,#11414,#11431,#11462,#11493,#11524,#11555,#11579,#11603,
    #11636,#11678,#11757,#11799,#11825,#11892,#11927,#11944,#11976,
    #12000,#12025,#12049,#12073,#12090,#12125,#12149,#12209,#12234,
    #12259,#12421,#12438,#12456,#12478,#12496,#12518,#12530,#12542,
    #12559,#12576,#12593,#12691,#12708,#12733,#12757,#12782,#12794,
    #12806,#12824,#12842,#12859,#12876,#12894,#12926,#12950,#13097,
    #13128,#13152,#13177,#13194,#13212,#13237,#13285,#13297,#13309,
    #13319,#13329,#13347,#13365,#13377,#13452,#13469,#13558,#13589,
    #13644,#13668,#13731,#13755,#13810,#13827,#13930,#13947,#13959,
    #13971,#13988,#14344,#14382,#14631,#14662,#14693,#14705,#14724,
    #14742,#14754,#14766));
#10616 = ADVANCED_FACE('',(#10617),#10653,.T.);
#10617 = FACE_BOUND('',#10618,.T.);
#10618 = EDGE_LOOP('',(#10619,#10630,#10638,#10647));
#10619 = ORIENTED_EDGE('',*,*,#10620,.F.);
#10620 = EDGE_CURVE('',#10621,#10623,#10625,.T.);
#10621 = VERTEX_POINT('',#10622);
#10622 = CARTESIAN_POINT('',(-6.619059892315,4.35,15.350000000114));
#10623 = VERTEX_POINT('',#10624);
#10624 = CARTESIAN_POINT('',(-3.6,1.330940107681,15.350000000085));
#10625 = CIRCLE('',#10626,3.019059892315);
#10626 = AXIS2_PLACEMENT_3D('',#10627,#10628,#10629);
#10627 = CARTESIAN_POINT('',(-3.6,4.35,15.350000000114));
#10628 = DIRECTION('',(0.,-0.,1.));
#10629 = DIRECTION('',(-1.,0.,0.));
#10630 = ORIENTED_EDGE('',*,*,#10631,.T.);
#10631 = EDGE_CURVE('',#10621,#10632,#10634,.T.);
#10632 = VERTEX_POINT('',#10633);
#10633 = CARTESIAN_POINT('',(-6.850000000053,4.35,14.95));
#10634 = LINE('',#10635,#10636);
#10635 = CARTESIAN_POINT('',(-6.849999999929,4.35,14.950000000214));
#10636 = VECTOR('',#10637,1.);
#10637 = DIRECTION('',(-0.499999999994,0.,-0.866025403788));
#10638 = ORIENTED_EDGE('',*,*,#10639,.F.);
#10639 = EDGE_CURVE('',#10640,#10632,#10642,.T.);
#10640 = VERTEX_POINT('',#10641);
#10641 = CARTESIAN_POINT('',(-3.6,1.100000000024,14.950000000054));
#10642 = CIRCLE('',#10643,3.25);
#10643 = AXIS2_PLACEMENT_3D('',#10644,#10645,#10646);
#10644 = CARTESIAN_POINT('',(-3.6,4.35,14.95));
#10645 = DIRECTION('',(0.,0.,-1.));
#10646 = DIRECTION('',(1.,0.,0.));
#10647 = ORIENTED_EDGE('',*,*,#10648,.T.);
#10648 = EDGE_CURVE('',#10640,#10623,#10649,.T.);
#10649 = LINE('',#10650,#10651);
#10650 = CARTESIAN_POINT('',(-3.599999999947,-2.880964533855E+05,
    -4.9898465E+05));
#10651 = VECTOR('',#10652,1.);
#10652 = DIRECTION('',(-9.184850993605E-17,0.5,0.866025403784));
#10653 = CONICAL_SURFACE('',#10654,3.249999999929,0.523598775592);
#10654 = AXIS2_PLACEMENT_3D('',#10655,#10656,#10657);
#10655 = CARTESIAN_POINT('',(-3.6,4.35,14.950000000214));
#10656 = DIRECTION('',(0.,0.,-1.));
#10657 = DIRECTION('',(-1.,0.,0.));
#10658 = ADVANCED_FACE('',(#10659),#10695,.T.);
#10659 = FACE_BOUND('',#10660,.T.);
#10660 = EDGE_LOOP('',(#10661,#10672,#10680,#10689));
#10661 = ORIENTED_EDGE('',*,*,#10662,.T.);
#10662 = EDGE_CURVE('',#10663,#10665,#10667,.T.);
#10663 = VERTEX_POINT('',#10664);
#10664 = CARTESIAN_POINT('',(-0.589557748455,3.125362318841,7.65));
#10665 = VERTEX_POINT('',#10666);
#10666 = CARTESIAN_POINT('',(-0.35,4.35,7.65));
#10667 = CIRCLE('',#10668,3.25);
#10668 = AXIS2_PLACEMENT_3D('',#10669,#10670,#10671);
#10669 = CARTESIAN_POINT('',(-3.6,4.35,7.65));
#10670 = DIRECTION('',(0.,0.,1.));
#10671 = DIRECTION('',(1.,0.,0.));
#10672 = ORIENTED_EDGE('',*,*,#10673,.T.);
#10673 = EDGE_CURVE('',#10665,#10674,#10676,.T.);
#10674 = VERTEX_POINT('',#10675);
#10675 = CARTESIAN_POINT('',(-0.35,4.35,15.35));
#10676 = LINE('',#10677,#10678);
#10677 = CARTESIAN_POINT('',(-0.35,4.35,7.65));
#10678 = VECTOR('',#10679,1.);
#10679 = DIRECTION('',(0.,0.,1.));
#10680 = ORIENTED_EDGE('',*,*,#10681,.F.);
#10681 = EDGE_CURVE('',#10682,#10674,#10684,.T.);
#10682 = VERTEX_POINT('',#10683);
#10683 = CARTESIAN_POINT('',(-0.589557748455,3.125362318841,15.35));
#10684 = CIRCLE('',#10685,3.25);
#10685 = AXIS2_PLACEMENT_3D('',#10686,#10687,#10688);
#10686 = CARTESIAN_POINT('',(-3.6,4.35,15.35));
#10687 = DIRECTION('',(0.,0.,1.));
#10688 = DIRECTION('',(1.,0.,0.));
#10689 = ORIENTED_EDGE('',*,*,#10690,.T.);
#10690 = EDGE_CURVE('',#10682,#10663,#10691,.T.);
#10691 = LINE('',#10692,#10693);
#10692 = CARTESIAN_POINT('',(-0.589557748455,3.125362318841,7.65));
#10693 = VECTOR('',#10694,1.);
#10694 = DIRECTION('',(-0.,-0.,-1.));
#10695 = CYLINDRICAL_SURFACE('',#10696,3.25);
#10696 = AXIS2_PLACEMENT_3D('',#10697,#10698,#10699);
#10697 = CARTESIAN_POINT('',(-3.6,4.35,7.65));
#10698 = DIRECTION('',(0.,0.,1.));
#10699 = DIRECTION('',(1.,0.,0.));
#10700 = ADVANCED_FACE('',(#10701),#10737,.F.);
#10701 = FACE_BOUND('',#10702,.F.);
#10702 = EDGE_LOOP('',(#10703,#10713,#10722,#10730));
#10703 = ORIENTED_EDGE('',*,*,#10704,.T.);
#10704 = EDGE_CURVE('',#10705,#10707,#10709,.T.);
#10705 = VERTEX_POINT('',#10706);
#10706 = CARTESIAN_POINT('',(-1.55,4.35,4.05));
#10707 = VERTEX_POINT('',#10708);
#10708 = CARTESIAN_POINT('',(-1.55,4.35,15.35));
#10709 = LINE('',#10710,#10711);
#10710 = CARTESIAN_POINT('',(-1.55,4.35,4.05));
#10711 = VECTOR('',#10712,1.);
#10712 = DIRECTION('',(0.,0.,1.));
#10713 = ORIENTED_EDGE('',*,*,#10714,.T.);
#10714 = EDGE_CURVE('',#10707,#10715,#10717,.T.);
#10715 = VERTEX_POINT('',#10716);
#10716 = CARTESIAN_POINT('',(-5.65,4.35,15.35));
#10717 = CIRCLE('',#10718,2.05);
#10718 = AXIS2_PLACEMENT_3D('',#10719,#10720,#10721);
#10719 = CARTESIAN_POINT('',(-3.6,4.35,15.35));
#10720 = DIRECTION('',(0.,0.,-1.));
#10721 = DIRECTION('',(1.,0.,0.));
#10722 = ORIENTED_EDGE('',*,*,#10723,.F.);
#10723 = EDGE_CURVE('',#10724,#10715,#10726,.T.);
#10724 = VERTEX_POINT('',#10725);
#10725 = CARTESIAN_POINT('',(-5.65,4.35,4.05));
#10726 = LINE('',#10727,#10728);
#10727 = CARTESIAN_POINT('',(-5.65,4.35,4.05));
#10728 = VECTOR('',#10729,1.);
#10729 = DIRECTION('',(0.,0.,1.));
#10730 = ORIENTED_EDGE('',*,*,#10731,.T.);
#10731 = EDGE_CURVE('',#10724,#10705,#10732,.T.);
#10732 = CIRCLE('',#10733,2.05);
#10733 = AXIS2_PLACEMENT_3D('',#10734,#10735,#10736);
#10734 = CARTESIAN_POINT('',(-3.6,4.35,4.05));
#10735 = DIRECTION('',(0.,0.,1.));
#10736 = DIRECTION('',(1.,0.,0.));
#10737 = CYLINDRICAL_SURFACE('',#10738,2.05);
#10738 = AXIS2_PLACEMENT_3D('',#10739,#10740,#10741);
#10739 = CARTESIAN_POINT('',(-3.6,4.35,4.05));
#10740 = DIRECTION('',(0.,0.,1.));
#10741 = DIRECTION('',(1.,0.,0.));
#10742 = ADVANCED_FACE('',(#10743),#10779,.F.);
#10743 = FACE_BOUND('',#10744,.F.);
#10744 = EDGE_LOOP('',(#10745,#10755,#10764,#10772));
#10745 = ORIENTED_EDGE('',*,*,#10746,.T.);
#10746 = EDGE_CURVE('',#10747,#10749,#10751,.T.);
#10747 = VERTEX_POINT('',#10748);
#10748 = CARTESIAN_POINT('',(5.65,4.35,4.05));
#10749 = VERTEX_POINT('',#10750);
#10750 = CARTESIAN_POINT('',(5.65,4.35,15.35));
#10751 = LINE('',#10752,#10753);
#10752 = CARTESIAN_POINT('',(5.65,4.35,4.05));
#10753 = VECTOR('',#10754,1.);
#10754 = DIRECTION('',(0.,0.,1.));
#10755 = ORIENTED_EDGE('',*,*,#10756,.T.);
#10756 = EDGE_CURVE('',#10749,#10757,#10759,.T.);
#10757 = VERTEX_POINT('',#10758);
#10758 = CARTESIAN_POINT('',(1.55,4.35,15.35));
#10759 = CIRCLE('',#10760,2.05);
#10760 = AXIS2_PLACEMENT_3D('',#10761,#10762,#10763);
#10761 = CARTESIAN_POINT('',(3.6,4.35,15.35));
#10762 = DIRECTION('',(0.,0.,-1.));
#10763 = DIRECTION('',(1.,0.,0.));
#10764 = ORIENTED_EDGE('',*,*,#10765,.F.);
#10765 = EDGE_CURVE('',#10766,#10757,#10768,.T.);
#10766 = VERTEX_POINT('',#10767);
#10767 = CARTESIAN_POINT('',(1.55,4.35,4.05));
#10768 = LINE('',#10769,#10770);
#10769 = CARTESIAN_POINT('',(1.55,4.35,4.05));
#10770 = VECTOR('',#10771,1.);
#10771 = DIRECTION('',(0.,0.,1.));
#10772 = ORIENTED_EDGE('',*,*,#10773,.T.);
#10773 = EDGE_CURVE('',#10766,#10747,#10774,.T.);
#10774 = CIRCLE('',#10775,2.05);
#10775 = AXIS2_PLACEMENT_3D('',#10776,#10777,#10778);
#10776 = CARTESIAN_POINT('',(3.6,4.35,4.05));
#10777 = DIRECTION('',(0.,0.,1.));
#10778 = DIRECTION('',(1.,0.,0.));
#10779 = CYLINDRICAL_SURFACE('',#10780,2.05);
#10780 = AXIS2_PLACEMENT_3D('',#10781,#10782,#10783);
#10781 = CARTESIAN_POINT('',(3.6,4.35,4.05));
#10782 = DIRECTION('',(0.,0.,1.));
#10783 = DIRECTION('',(1.,0.,0.));
#10784 = ADVANCED_FACE('',(#10785),#10821,.F.);
#10785 = FACE_BOUND('',#10786,.F.);
#10786 = EDGE_LOOP('',(#10787,#10797,#10806,#10814));
#10787 = ORIENTED_EDGE('',*,*,#10788,.T.);
#10788 = EDGE_CURVE('',#10789,#10791,#10793,.T.);
#10789 = VERTEX_POINT('',#10790);
#10790 = CARTESIAN_POINT('',(0.589557748455,3.125362318841,7.65));
#10791 = VERTEX_POINT('',#10792);
#10792 = CARTESIAN_POINT('',(0.589557748455,3.125362318841,15.35));
#10793 = LINE('',#10794,#10795);
#10794 = CARTESIAN_POINT('',(0.589557748455,3.125362318841,7.65));
#10795 = VECTOR('',#10796,1.);
#10796 = DIRECTION('',(0.,0.,1.));
#10797 = ORIENTED_EDGE('',*,*,#10798,.T.);
#10798 = EDGE_CURVE('',#10791,#10799,#10801,.T.);
#10799 = VERTEX_POINT('',#10800);
#10800 = CARTESIAN_POINT('',(0.604299763745,3.05,15.35));
#10801 = CIRCLE('',#10802,0.2);
#10802 = AXIS2_PLACEMENT_3D('',#10803,#10804,#10805);
#10803 = CARTESIAN_POINT('',(0.404299763745,3.05,15.35));
#10804 = DIRECTION('',(0.,0.,-1.));
#10805 = DIRECTION('',(1.,1.301042606983E-14,0.));
#10806 = ORIENTED_EDGE('',*,*,#10807,.F.);
#10807 = EDGE_CURVE('',#10808,#10799,#10810,.T.);
#10808 = VERTEX_POINT('',#10809);
#10809 = CARTESIAN_POINT('',(0.604299763745,3.05,7.65));
#10810 = LINE('',#10811,#10812);
#10811 = CARTESIAN_POINT('',(0.604299763745,3.05,7.65));
#10812 = VECTOR('',#10813,1.);
#10813 = DIRECTION('',(0.,0.,1.));
#10814 = ORIENTED_EDGE('',*,*,#10815,.T.);
#10815 = EDGE_CURVE('',#10808,#10789,#10816,.T.);
#10816 = CIRCLE('',#10817,0.2);
#10817 = AXIS2_PLACEMENT_3D('',#10818,#10819,#10820);
#10818 = CARTESIAN_POINT('',(0.404299763745,3.05,7.65));
#10819 = DIRECTION('',(0.,0.,1.));
#10820 = DIRECTION('',(1.,0.,0.));
#10821 = CYLINDRICAL_SURFACE('',#10822,0.2);
#10822 = AXIS2_PLACEMENT_3D('',#10823,#10824,#10825);
#10823 = CARTESIAN_POINT('',(0.404299763745,3.05,7.65));
#10824 = DIRECTION('',(0.,0.,1.));
#10825 = DIRECTION('',(1.,0.,0.));
#10826 = ADVANCED_FACE('',(#10827),#10863,.F.);
#10827 = FACE_BOUND('',#10828,.F.);
#10828 = EDGE_LOOP('',(#10829,#10839,#10848,#10856));
#10829 = ORIENTED_EDGE('',*,*,#10830,.F.);
#10830 = EDGE_CURVE('',#10831,#10833,#10835,.T.);
#10831 = VERTEX_POINT('',#10832);
#10832 = CARTESIAN_POINT('',(1.171008439702,7.,15.35));
#10833 = VERTEX_POINT('',#10834);
#10834 = CARTESIAN_POINT('',(1.171008439702,7.,7.65));
#10835 = LINE('',#10836,#10837);
#10836 = CARTESIAN_POINT('',(1.171008439702,7.,7.65));
#10837 = VECTOR('',#10838,1.);
#10838 = DIRECTION('',(-0.,-0.,-1.));
#10839 = ORIENTED_EDGE('',*,*,#10840,.T.);
#10840 = EDGE_CURVE('',#10831,#10841,#10843,.T.);
#10841 = VERTEX_POINT('',#10842);
#10842 = CARTESIAN_POINT('',(1.371008439702,6.8,15.35));
#10843 = CIRCLE('',#10844,0.2);
#10844 = AXIS2_PLACEMENT_3D('',#10845,#10846,#10847);
#10845 = CARTESIAN_POINT('',(1.171008439702,6.8,15.35));
#10846 = DIRECTION('',(0.,0.,-1.));
#10847 = DIRECTION('',(1.,0.,0.));
#10848 = ORIENTED_EDGE('',*,*,#10849,.F.);
#10849 = EDGE_CURVE('',#10850,#10841,#10852,.T.);
#10850 = VERTEX_POINT('',#10851);
#10851 = CARTESIAN_POINT('',(1.371008439702,6.8,7.65));
#10852 = LINE('',#10853,#10854);
#10853 = CARTESIAN_POINT('',(1.371008439702,6.8,7.65));
#10854 = VECTOR('',#10855,1.);
#10855 = DIRECTION('',(0.,0.,1.));
#10856 = ORIENTED_EDGE('',*,*,#10857,.T.);
#10857 = EDGE_CURVE('',#10850,#10833,#10858,.T.);
#10858 = CIRCLE('',#10859,0.2);
#10859 = AXIS2_PLACEMENT_3D('',#10860,#10861,#10862);
#10860 = CARTESIAN_POINT('',(1.171008439702,6.8,7.65));
#10861 = DIRECTION('',(0.,0.,1.));
#10862 = DIRECTION('',(1.,0.,0.));
#10863 = CYLINDRICAL_SURFACE('',#10864,0.2);
#10864 = AXIS2_PLACEMENT_3D('',#10865,#10866,#10867);
#10865 = CARTESIAN_POINT('',(1.171008439702,6.8,7.65));
#10866 = DIRECTION('',(0.,0.,1.));
#10867 = DIRECTION('',(1.,0.,0.));
#10868 = ADVANCED_FACE('',(#10869),#10967,.F.);
#10869 = FACE_BOUND('',#10870,.T.);
#10870 = EDGE_LOOP('',(#10871,#10881,#10889,#10897,#10905,#10913,#10921,
    #10929,#10937,#10945,#10953,#10961));
#10871 = ORIENTED_EDGE('',*,*,#10872,.F.);
#10872 = EDGE_CURVE('',#10873,#10875,#10877,.T.);
#10873 = VERTEX_POINT('',#10874);
#10874 = CARTESIAN_POINT('',(7.75,0.3,7.65));
#10875 = VERTEX_POINT('',#10876);
#10876 = CARTESIAN_POINT('',(7.75,0.3,7.));
#10877 = LINE('',#10878,#10879);
#10878 = CARTESIAN_POINT('',(7.75,0.3,7.65));
#10879 = VECTOR('',#10880,1.);
#10880 = DIRECTION('',(0.,0.,-1.));
#10881 = ORIENTED_EDGE('',*,*,#10882,.F.);
#10882 = EDGE_CURVE('',#10883,#10873,#10885,.T.);
#10883 = VERTEX_POINT('',#10884);
#10884 = CARTESIAN_POINT('',(-7.75,0.3,7.65));
#10885 = LINE('',#10886,#10887);
#10886 = CARTESIAN_POINT('',(-6.838960762841,0.3,7.65));
#10887 = VECTOR('',#10888,1.);
#10888 = DIRECTION('',(1.,0.,0.));
#10889 = ORIENTED_EDGE('',*,*,#10890,.F.);
#10890 = EDGE_CURVE('',#10891,#10883,#10893,.T.);
#10891 = VERTEX_POINT('',#10892);
#10892 = CARTESIAN_POINT('',(-7.75,0.3,7.));
#10893 = LINE('',#10894,#10895);
#10894 = CARTESIAN_POINT('',(-7.75,0.3,7.65));
#10895 = VECTOR('',#10896,1.);
#10896 = DIRECTION('',(0.,0.,1.));
#10897 = ORIENTED_EDGE('',*,*,#10898,.F.);
#10898 = EDGE_CURVE('',#10899,#10891,#10901,.T.);
#10899 = VERTEX_POINT('',#10900);
#10900 = CARTESIAN_POINT('',(-6.25,0.3,7.));
#10901 = LINE('',#10902,#10903);
#10902 = CARTESIAN_POINT('',(-6.838960762841,0.3,7.));
#10903 = VECTOR('',#10904,1.);
#10904 = DIRECTION('',(-1.,0.,0.));
#10905 = ORIENTED_EDGE('',*,*,#10906,.F.);
#10906 = EDGE_CURVE('',#10907,#10899,#10909,.T.);
#10907 = VERTEX_POINT('',#10908);
#10908 = CARTESIAN_POINT('',(-6.25,0.3,5.));
#10909 = LINE('',#10910,#10911);
#10910 = CARTESIAN_POINT('',(-6.25,0.3,-0.256213597756));
#10911 = VECTOR('',#10912,1.);
#10912 = DIRECTION('',(0.,0.,1.));
#10913 = ORIENTED_EDGE('',*,*,#10914,.F.);
#10914 = EDGE_CURVE('',#10915,#10907,#10917,.T.);
#10915 = VERTEX_POINT('',#10916);
#10916 = CARTESIAN_POINT('',(-7.75,0.3,5.));
#10917 = LINE('',#10918,#10919);
#10918 = CARTESIAN_POINT('',(-6.838960762841,0.3,5.));
#10919 = VECTOR('',#10920,1.);
#10920 = DIRECTION('',(1.,0.,0.));
#10921 = ORIENTED_EDGE('',*,*,#10922,.F.);
#10922 = EDGE_CURVE('',#10923,#10915,#10925,.T.);
#10923 = VERTEX_POINT('',#10924);
#10924 = CARTESIAN_POINT('',(-7.75,0.3,2.3));
#10925 = LINE('',#10926,#10927);
#10926 = CARTESIAN_POINT('',(-7.75,0.3,-0.256213597756));
#10927 = VECTOR('',#10928,1.);
#10928 = DIRECTION('',(0.,0.,1.));
#10929 = ORIENTED_EDGE('',*,*,#10930,.F.);
#10930 = EDGE_CURVE('',#10931,#10923,#10933,.T.);
#10931 = VERTEX_POINT('',#10932);
#10932 = CARTESIAN_POINT('',(7.75,0.3,2.3));
#10933 = LINE('',#10934,#10935);
#10934 = CARTESIAN_POINT('',(-6.838960762841,0.3,2.3));
#10935 = VECTOR('',#10936,1.);
#10936 = DIRECTION('',(-1.,0.,0.));
#10937 = ORIENTED_EDGE('',*,*,#10938,.F.);
#10938 = EDGE_CURVE('',#10939,#10931,#10941,.T.);
#10939 = VERTEX_POINT('',#10940);
#10940 = CARTESIAN_POINT('',(7.75,0.3,5.));
#10941 = LINE('',#10942,#10943);
#10942 = CARTESIAN_POINT('',(7.75,0.3,-0.256213597756));
#10943 = VECTOR('',#10944,1.);
#10944 = DIRECTION('',(0.,0.,-1.));
#10945 = ORIENTED_EDGE('',*,*,#10946,.F.);
#10946 = EDGE_CURVE('',#10947,#10939,#10949,.T.);
#10947 = VERTEX_POINT('',#10948);
#10948 = CARTESIAN_POINT('',(6.25,0.3,5.));
#10949 = LINE('',#10950,#10951);
#10950 = CARTESIAN_POINT('',(-6.838960762841,0.3,5.));
#10951 = VECTOR('',#10952,1.);
#10952 = DIRECTION('',(1.,0.,0.));
#10953 = ORIENTED_EDGE('',*,*,#10954,.F.);
#10954 = EDGE_CURVE('',#10955,#10947,#10957,.T.);
#10955 = VERTEX_POINT('',#10956);
#10956 = CARTESIAN_POINT('',(6.25,0.3,7.));
#10957 = LINE('',#10958,#10959);
#10958 = CARTESIAN_POINT('',(6.25,0.3,-0.256213597756));
#10959 = VECTOR('',#10960,1.);
#10960 = DIRECTION('',(0.,0.,-1.));
#10961 = ORIENTED_EDGE('',*,*,#10962,.F.);
#10962 = EDGE_CURVE('',#10875,#10955,#10963,.T.);
#10963 = LINE('',#10964,#10965);
#10964 = CARTESIAN_POINT('',(-6.838960762841,0.3,7.));
#10965 = VECTOR('',#10966,1.);
#10966 = DIRECTION('',(-1.,0.,0.));
#10967 = PLANE('',#10968);
#10968 = AXIS2_PLACEMENT_3D('',#10969,#10970,#10971);
#10969 = CARTESIAN_POINT('',(-6.838960762841,0.3,-0.256213597756));
#10970 = DIRECTION('',(0.,1.,0.));
#10971 = DIRECTION('',(0.,0.,1.));
#10972 = ADVANCED_FACE('',(#10973),#10998,.F.);
#10973 = FACE_BOUND('',#10974,.T.);
#10974 = EDGE_LOOP('',(#10975,#10983,#10991,#10997));
#10975 = ORIENTED_EDGE('',*,*,#10976,.F.);
#10976 = EDGE_CURVE('',#10977,#10955,#10979,.T.);
#10977 = VERTEX_POINT('',#10978);
#10978 = CARTESIAN_POINT('',(6.25,0.,7.));
#10979 = LINE('',#10980,#10981);
#10980 = CARTESIAN_POINT('',(6.25,0.,7.));
#10981 = VECTOR('',#10982,1.);
#10982 = DIRECTION('',(0.,1.,0.));
#10983 = ORIENTED_EDGE('',*,*,#10984,.T.);
#10984 = EDGE_CURVE('',#10977,#10985,#10987,.T.);
#10985 = VERTEX_POINT('',#10986);
#10986 = CARTESIAN_POINT('',(7.75,0.,7.));
#10987 = LINE('',#10988,#10989);
#10988 = CARTESIAN_POINT('',(0.,0.,7.));
#10989 = VECTOR('',#10990,1.);
#10990 = DIRECTION('',(1.,0.,0.));
#10991 = ORIENTED_EDGE('',*,*,#10992,.F.);
#10992 = EDGE_CURVE('',#10875,#10985,#10993,.T.);
#10993 = LINE('',#10994,#10995);
#10994 = CARTESIAN_POINT('',(7.75,8.881784197001E-16,7.));
#10995 = VECTOR('',#10996,1.);
#10996 = DIRECTION('',(-0.,-1.,-0.));
#10997 = ORIENTED_EDGE('',*,*,#10962,.T.);
#10998 = PLANE('',#10999);
#10999 = AXIS2_PLACEMENT_3D('',#11000,#11001,#11002);
#11000 = CARTESIAN_POINT('',(7.75,0.,7.));
#11001 = DIRECTION('',(0.,0.,-1.));
#11002 = DIRECTION('',(-1.,0.,0.));
#11003 = ADVANCED_FACE('',(#11004,#11089),#11132,.T.);
#11004 = FACE_BOUND('',#11005,.T.);
#11005 = EDGE_LOOP('',(#11006,#11016,#11024,#11032,#11041,#11049,#11058,
    #11066,#11075,#11083));
#11006 = ORIENTED_EDGE('',*,*,#11007,.T.);
#11007 = EDGE_CURVE('',#11008,#11010,#11012,.T.);
#11008 = VERTEX_POINT('',#11009);
#11009 = CARTESIAN_POINT('',(1.,2.25,7.65));
#11010 = VERTEX_POINT('',#11011);
#11011 = CARTESIAN_POINT('',(-1.,2.25,7.65));
#11012 = LINE('',#11013,#11014);
#11013 = CARTESIAN_POINT('',(7.75,2.25,7.65));
#11014 = VECTOR('',#11015,1.);
#11015 = DIRECTION('',(-1.,0.,0.));
#11016 = ORIENTED_EDGE('',*,*,#11017,.F.);
#11017 = EDGE_CURVE('',#11018,#11010,#11020,.T.);
#11018 = VERTEX_POINT('',#11019);
#11019 = CARTESIAN_POINT('',(-1.,1.1,7.65));
#11020 = LINE('',#11021,#11022);
#11021 = CARTESIAN_POINT('',(-1.,1.1,7.65));
#11022 = VECTOR('',#11023,1.);
#11023 = DIRECTION('',(0.,1.,0.));
#11024 = ORIENTED_EDGE('',*,*,#11025,.T.);
#11025 = EDGE_CURVE('',#11018,#11026,#11028,.T.);
#11026 = VERTEX_POINT('',#11027);
#11027 = CARTESIAN_POINT('',(-3.6,1.1,7.65));
#11028 = LINE('',#11029,#11030);
#11029 = CARTESIAN_POINT('',(7.75,1.1,7.65));
#11030 = VECTOR('',#11031,1.);
#11031 = DIRECTION('',(-1.,0.,0.));
#11032 = ORIENTED_EDGE('',*,*,#11033,.T.);
#11033 = EDGE_CURVE('',#11026,#11034,#11036,.T.);
#11034 = VERTEX_POINT('',#11035);
#11035 = CARTESIAN_POINT('',(-3.6,7.6,7.65));
#11036 = CIRCLE('',#11037,3.25);
#11037 = AXIS2_PLACEMENT_3D('',#11038,#11039,#11040);
#11038 = CARTESIAN_POINT('',(-3.6,4.35,7.65));
#11039 = DIRECTION('',(0.,0.,-1.));
#11040 = DIRECTION('',(1.,0.,0.));
#11041 = ORIENTED_EDGE('',*,*,#11042,.T.);
#11042 = EDGE_CURVE('',#11034,#11043,#11045,.T.);
#11043 = VERTEX_POINT('',#11044);
#11044 = CARTESIAN_POINT('',(5.95,7.6,7.65));
#11045 = LINE('',#11046,#11047);
#11046 = CARTESIAN_POINT('',(7.75,7.6,7.65));
#11047 = VECTOR('',#11048,1.);
#11048 = DIRECTION('',(1.,0.,0.));
#11049 = ORIENTED_EDGE('',*,*,#11050,.F.);
#11050 = EDGE_CURVE('',#11051,#11043,#11053,.T.);
#11051 = VERTEX_POINT('',#11052);
#11052 = CARTESIAN_POINT('',(6.95,6.6,7.65));
#11053 = CIRCLE('',#11054,1.);
#11054 = AXIS2_PLACEMENT_3D('',#11055,#11056,#11057);
#11055 = CARTESIAN_POINT('',(5.95,6.6,7.65));
#11056 = DIRECTION('',(0.,0.,1.));
#11057 = DIRECTION('',(1.,0.,0.));
#11058 = ORIENTED_EDGE('',*,*,#11059,.T.);
#11059 = EDGE_CURVE('',#11051,#11060,#11062,.T.);
#11060 = VERTEX_POINT('',#11061);
#11061 = CARTESIAN_POINT('',(6.95,2.1,7.65));
#11062 = LINE('',#11063,#11064);
#11063 = CARTESIAN_POINT('',(6.95,8.881784197001E-16,7.65));
#11064 = VECTOR('',#11065,1.);
#11065 = DIRECTION('',(-0.,-1.,-0.));
#11066 = ORIENTED_EDGE('',*,*,#11067,.F.);
#11067 = EDGE_CURVE('',#11068,#11060,#11070,.T.);
#11068 = VERTEX_POINT('',#11069);
#11069 = CARTESIAN_POINT('',(5.95,1.1,7.65));
#11070 = CIRCLE('',#11071,1.);
#11071 = AXIS2_PLACEMENT_3D('',#11072,#11073,#11074);
#11072 = CARTESIAN_POINT('',(5.95,2.1,7.65));
#11073 = DIRECTION('',(0.,0.,1.));
#11074 = DIRECTION('',(1.,0.,0.));
#11075 = ORIENTED_EDGE('',*,*,#11076,.T.);
#11076 = EDGE_CURVE('',#11068,#11077,#11079,.T.);
#11077 = VERTEX_POINT('',#11078);
#11078 = CARTESIAN_POINT('',(1.,1.1,7.65));
#11079 = LINE('',#11080,#11081);
#11080 = CARTESIAN_POINT('',(7.75,1.1,7.65));
#11081 = VECTOR('',#11082,1.);
#11082 = DIRECTION('',(-1.,0.,0.));
#11083 = ORIENTED_EDGE('',*,*,#11084,.F.);
#11084 = EDGE_CURVE('',#11008,#11077,#11085,.T.);
#11085 = LINE('',#11086,#11087);
#11086 = CARTESIAN_POINT('',(1.,1.1,7.65));
#11087 = VECTOR('',#11088,1.);
#11088 = DIRECTION('',(3.771137991254E-16,-1.,0.));
#11089 = FACE_BOUND('',#11090,.T.);
#11090 = EDGE_LOOP('',(#11091,#11102,#11108,#11109,#11117,#11126));
#11091 = ORIENTED_EDGE('',*,*,#11092,.T.);
#11092 = EDGE_CURVE('',#11093,#11095,#11097,.T.);
#11093 = VERTEX_POINT('',#11094);
#11094 = CARTESIAN_POINT('',(-6.75,8.4,7.65));
#11095 = VERTEX_POINT('',#11096);
#11096 = CARTESIAN_POINT('',(-7.75,7.4,7.65));
#11097 = CIRCLE('',#11098,1.);
#11098 = AXIS2_PLACEMENT_3D('',#11099,#11100,#11101);
#11099 = CARTESIAN_POINT('',(-6.75,7.4,7.65));
#11100 = DIRECTION('',(0.,0.,1.));
#11101 = DIRECTION('',(1.,0.,0.));
#11102 = ORIENTED_EDGE('',*,*,#11103,.T.);
#11103 = EDGE_CURVE('',#11095,#10883,#11104,.T.);
#11104 = LINE('',#11105,#11106);
#11105 = CARTESIAN_POINT('',(-7.75,8.881784197001E-16,7.65));
#11106 = VECTOR('',#11107,1.);
#11107 = DIRECTION('',(-0.,-1.,-0.));
#11108 = ORIENTED_EDGE('',*,*,#10882,.T.);
#11109 = ORIENTED_EDGE('',*,*,#11110,.T.);
#11110 = EDGE_CURVE('',#10873,#11111,#11113,.T.);
#11111 = VERTEX_POINT('',#11112);
#11112 = CARTESIAN_POINT('',(7.75,7.4,7.65));
#11113 = LINE('',#11114,#11115);
#11114 = CARTESIAN_POINT('',(7.75,8.881784197001E-16,7.65));
#11115 = VECTOR('',#11116,1.);
#11116 = DIRECTION('',(0.,1.,0.));
#11117 = ORIENTED_EDGE('',*,*,#11118,.T.);
#11118 = EDGE_CURVE('',#11111,#11119,#11121,.T.);
#11119 = VERTEX_POINT('',#11120);
#11120 = CARTESIAN_POINT('',(6.75,8.4,7.65));
#11121 = CIRCLE('',#11122,1.);
#11122 = AXIS2_PLACEMENT_3D('',#11123,#11124,#11125);
#11123 = CARTESIAN_POINT('',(6.75,7.4,7.65));
#11124 = DIRECTION('',(0.,-0.,1.));
#11125 = DIRECTION('',(-1.,0.,0.));
#11126 = ORIENTED_EDGE('',*,*,#11127,.T.);
#11127 = EDGE_CURVE('',#11119,#11093,#11128,.T.);
#11128 = LINE('',#11129,#11130);
#11129 = CARTESIAN_POINT('',(7.75,8.4,7.65));
#11130 = VECTOR('',#11131,1.);
#11131 = DIRECTION('',(-1.,0.,0.));
#11132 = PLANE('',#11133);
#11133 = AXIS2_PLACEMENT_3D('',#11134,#11135,#11136);
#11134 = CARTESIAN_POINT('',(7.75,8.881784197001E-16,7.65));
#11135 = DIRECTION('',(0.,0.,1.));
#11136 = DIRECTION('',(1.,0.,0.));
#11137 = ADVANCED_FACE('',(#11138),#11163,.F.);
#11138 = FACE_BOUND('',#11139,.T.);
#11139 = EDGE_LOOP('',(#11140,#11148,#11156,#11162));
#11140 = ORIENTED_EDGE('',*,*,#11141,.F.);
#11141 = EDGE_CURVE('',#11142,#10891,#11144,.T.);
#11142 = VERTEX_POINT('',#11143);
#11143 = CARTESIAN_POINT('',(-7.75,0.,7.));
#11144 = LINE('',#11145,#11146);
#11145 = CARTESIAN_POINT('',(-7.75,0.,7.));
#11146 = VECTOR('',#11147,1.);
#11147 = DIRECTION('',(0.,1.,0.));
#11148 = ORIENTED_EDGE('',*,*,#11149,.T.);
#11149 = EDGE_CURVE('',#11142,#11150,#11152,.T.);
#11150 = VERTEX_POINT('',#11151);
#11151 = CARTESIAN_POINT('',(-6.25,0.,7.));
#11152 = LINE('',#11153,#11154);
#11153 = CARTESIAN_POINT('',(0.,0.,7.));
#11154 = VECTOR('',#11155,1.);
#11155 = DIRECTION('',(1.,0.,0.));
#11156 = ORIENTED_EDGE('',*,*,#11157,.F.);
#11157 = EDGE_CURVE('',#10899,#11150,#11158,.T.);
#11158 = LINE('',#11159,#11160);
#11159 = CARTESIAN_POINT('',(-6.25,0.,7.));
#11160 = VECTOR('',#11161,1.);
#11161 = DIRECTION('',(-0.,-1.,-0.));
#11162 = ORIENTED_EDGE('',*,*,#10898,.T.);
#11163 = PLANE('',#11164);
#11164 = AXIS2_PLACEMENT_3D('',#11165,#11166,#11167);
#11165 = CARTESIAN_POINT('',(-7.75,0.,7.));
#11166 = DIRECTION('',(0.,0.,-1.));
#11167 = DIRECTION('',(-1.,0.,0.));
#11168 = ADVANCED_FACE('',(#11169),#11187,.F.);
#11169 = FACE_BOUND('',#11170,.T.);
#11170 = EDGE_LOOP('',(#11171,#11172,#11180,#11186));
#11171 = ORIENTED_EDGE('',*,*,#11157,.T.);
#11172 = ORIENTED_EDGE('',*,*,#11173,.F.);
#11173 = EDGE_CURVE('',#11174,#11150,#11176,.T.);
#11174 = VERTEX_POINT('',#11175);
#11175 = CARTESIAN_POINT('',(-6.25,0.,5.));
#11176 = LINE('',#11177,#11178);
#11177 = CARTESIAN_POINT('',(-6.25,0.,7.));
#11178 = VECTOR('',#11179,1.);
#11179 = DIRECTION('',(0.,0.,1.));
#11180 = ORIENTED_EDGE('',*,*,#11181,.F.);
#11181 = EDGE_CURVE('',#10907,#11174,#11182,.T.);
#11182 = LINE('',#11183,#11184);
#11183 = CARTESIAN_POINT('',(-6.25,0.,5.));
#11184 = VECTOR('',#11185,1.);
#11185 = DIRECTION('',(0.,-1.,0.));
#11186 = ORIENTED_EDGE('',*,*,#10906,.T.);
#11187 = PLANE('',#11188);
#11188 = AXIS2_PLACEMENT_3D('',#11189,#11190,#11191);
#11189 = CARTESIAN_POINT('',(-6.25,0.,7.));
#11190 = DIRECTION('',(-1.,0.,0.));
#11191 = DIRECTION('',(0.,0.,1.));
#11192 = ADVANCED_FACE('',(#11193),#11211,.F.);
#11193 = FACE_BOUND('',#11194,.T.);
#11194 = EDGE_LOOP('',(#11195,#11196,#11204,#11210));
#11195 = ORIENTED_EDGE('',*,*,#11181,.T.);
#11196 = ORIENTED_EDGE('',*,*,#11197,.F.);
#11197 = EDGE_CURVE('',#11198,#11174,#11200,.T.);
#11198 = VERTEX_POINT('',#11199);
#11199 = CARTESIAN_POINT('',(-7.75,0.,5.));
#11200 = LINE('',#11201,#11202);
#11201 = CARTESIAN_POINT('',(-6.25,0.,5.));
#11202 = VECTOR('',#11203,1.);
#11203 = DIRECTION('',(1.,0.,1.156482317318E-15));
#11204 = ORIENTED_EDGE('',*,*,#11205,.F.);
#11205 = EDGE_CURVE('',#10915,#11198,#11206,.T.);
#11206 = LINE('',#11207,#11208);
#11207 = CARTESIAN_POINT('',(-7.75,0.,5.));
#11208 = VECTOR('',#11209,1.);
#11209 = DIRECTION('',(0.,-1.,0.));
#11210 = ORIENTED_EDGE('',*,*,#10914,.T.);
#11211 = PLANE('',#11212);
#11212 = AXIS2_PLACEMENT_3D('',#11213,#11214,#11215);
#11213 = CARTESIAN_POINT('',(-6.25,0.,5.));
#11214 = DIRECTION('',(-1.156482317318E-15,0.,1.));
#11215 = DIRECTION('',(1.,0.,1.156482317318E-15));
#11216 = ADVANCED_FACE('',(#11217),#11251,.T.);
#11217 = FACE_BOUND('',#11218,.T.);
#11218 = EDGE_LOOP('',(#11219,#11220,#11228,#11236,#11244,#11250));
#11219 = ORIENTED_EDGE('',*,*,#11205,.T.);
#11220 = ORIENTED_EDGE('',*,*,#11221,.T.);
#11221 = EDGE_CURVE('',#11198,#11222,#11224,.T.);
#11222 = VERTEX_POINT('',#11223);
#11223 = CARTESIAN_POINT('',(-7.75,0.,5.5));
#11224 = LINE('',#11225,#11226);
#11225 = CARTESIAN_POINT('',(-7.75,0.,7.65));
#11226 = VECTOR('',#11227,1.);
#11227 = DIRECTION('',(0.,0.,1.));
#11228 = ORIENTED_EDGE('',*,*,#11229,.T.);
#11229 = EDGE_CURVE('',#11222,#11230,#11232,.T.);
#11230 = VERTEX_POINT('',#11231);
#11231 = CARTESIAN_POINT('',(-7.75,7.4,5.5));
#11232 = LINE('',#11233,#11234);
#11233 = CARTESIAN_POINT('',(-7.75,8.881784197001E-16,5.5));
#11234 = VECTOR('',#11235,1.);
#11235 = DIRECTION('',(0.,1.,0.));
#11236 = ORIENTED_EDGE('',*,*,#11237,.T.);
#11237 = EDGE_CURVE('',#11230,#11238,#11240,.T.);
#11238 = VERTEX_POINT('',#11239);
#11239 = CARTESIAN_POINT('',(-7.75,7.4,2.3));
#11240 = LINE('',#11241,#11242);
#11241 = CARTESIAN_POINT('',(-7.75,7.4,7.65));
#11242 = VECTOR('',#11243,1.);
#11243 = DIRECTION('',(-0.,-0.,-1.));
#11244 = ORIENTED_EDGE('',*,*,#11245,.T.);
#11245 = EDGE_CURVE('',#11238,#10923,#11246,.T.);
#11246 = LINE('',#11247,#11248);
#11247 = CARTESIAN_POINT('',(-7.75,8.881784197001E-16,2.3));
#11248 = VECTOR('',#11249,1.);
#11249 = DIRECTION('',(0.,-1.,0.));
#11250 = ORIENTED_EDGE('',*,*,#10922,.T.);
#11251 = PLANE('',#11252);
#11252 = AXIS2_PLACEMENT_3D('',#11253,#11254,#11255);
#11253 = CARTESIAN_POINT('',(-7.75,8.881784197001E-16,7.65));
#11254 = DIRECTION('',(-1.,0.,0.));
#11255 = DIRECTION('',(0.,0.,1.));
#11256 = ADVANCED_FACE('',(#11257,#11293),#11345,.T.);
#11257 = FACE_BOUND('',#11258,.T.);
#11258 = EDGE_LOOP('',(#11259,#11260,#11261,#11270,#11278,#11287));
#11259 = ORIENTED_EDGE('',*,*,#10930,.T.);
#11260 = ORIENTED_EDGE('',*,*,#11245,.F.);
#11261 = ORIENTED_EDGE('',*,*,#11262,.T.);
#11262 = EDGE_CURVE('',#11238,#11263,#11265,.T.);
#11263 = VERTEX_POINT('',#11264);
#11264 = CARTESIAN_POINT('',(-6.75,8.4,2.3));
#11265 = CIRCLE('',#11266,1.);
#11266 = AXIS2_PLACEMENT_3D('',#11267,#11268,#11269);
#11267 = CARTESIAN_POINT('',(-6.75,7.4,2.3));
#11268 = DIRECTION('',(0.,0.,-1.));
#11269 = DIRECTION('',(1.,0.,0.));
#11270 = ORIENTED_EDGE('',*,*,#11271,.T.);
#11271 = EDGE_CURVE('',#11263,#11272,#11274,.T.);
#11272 = VERTEX_POINT('',#11273);
#11273 = CARTESIAN_POINT('',(6.75,8.4,2.3));
#11274 = LINE('',#11275,#11276);
#11275 = CARTESIAN_POINT('',(-6.75,8.4,2.3));
#11276 = VECTOR('',#11277,1.);
#11277 = DIRECTION('',(1.,0.,0.));
#11278 = ORIENTED_EDGE('',*,*,#11279,.F.);
#11279 = EDGE_CURVE('',#11280,#11272,#11282,.T.);
#11280 = VERTEX_POINT('',#11281);
#11281 = CARTESIAN_POINT('',(7.75,7.4,2.3));
#11282 = CIRCLE('',#11283,1.);
#11283 = AXIS2_PLACEMENT_3D('',#11284,#11285,#11286);
#11284 = CARTESIAN_POINT('',(6.75,7.4,2.3));
#11285 = DIRECTION('',(0.,-0.,1.));
#11286 = DIRECTION('',(-1.,0.,0.));
#11287 = ORIENTED_EDGE('',*,*,#11288,.T.);
#11288 = EDGE_CURVE('',#11280,#10931,#11289,.T.);
#11289 = LINE('',#11290,#11291);
#11290 = CARTESIAN_POINT('',(7.75,7.4,2.3));
#11291 = VECTOR('',#11292,1.);
#11292 = DIRECTION('',(-0.,-1.,-0.));
#11293 = FACE_BOUND('',#11294,.T.);
#11294 = EDGE_LOOP('',(#11295,#11305,#11314,#11322,#11330,#11338));
#11295 = ORIENTED_EDGE('',*,*,#11296,.T.);
#11296 = EDGE_CURVE('',#11297,#11299,#11301,.T.);
#11297 = VERTEX_POINT('',#11298);
#11298 = CARTESIAN_POINT('',(6.75,8.3,2.3));
#11299 = VERTEX_POINT('',#11300);
#11300 = CARTESIAN_POINT('',(-6.75,8.3,2.3));
#11301 = LINE('',#11302,#11303);
#11302 = CARTESIAN_POINT('',(-6.75,8.3,2.3));
#11303 = VECTOR('',#11304,1.);
#11304 = DIRECTION('',(-1.,0.,0.));
#11305 = ORIENTED_EDGE('',*,*,#11306,.T.);
#11306 = EDGE_CURVE('',#11299,#11307,#11309,.T.);
#11307 = VERTEX_POINT('',#11308);
#11308 = CARTESIAN_POINT('',(-7.65,7.4,2.3));
#11309 = CIRCLE('',#11310,0.9);
#11310 = AXIS2_PLACEMENT_3D('',#11311,#11312,#11313);
#11311 = CARTESIAN_POINT('',(-6.75,7.4,2.3));
#11312 = DIRECTION('',(0.,0.,1.));
#11313 = DIRECTION('',(-1.,0.,0.));
#11314 = ORIENTED_EDGE('',*,*,#11315,.T.);
#11315 = EDGE_CURVE('',#11307,#11316,#11318,.T.);
#11316 = VERTEX_POINT('',#11317);
#11317 = CARTESIAN_POINT('',(-7.65,0.4,2.3));
#11318 = LINE('',#11319,#11320);
#11319 = CARTESIAN_POINT('',(-7.65,7.4,2.3));
#11320 = VECTOR('',#11321,1.);
#11321 = DIRECTION('',(-0.,-1.,-0.));
#11322 = ORIENTED_EDGE('',*,*,#11323,.T.);
#11323 = EDGE_CURVE('',#11316,#11324,#11326,.T.);
#11324 = VERTEX_POINT('',#11325);
#11325 = CARTESIAN_POINT('',(7.65,0.4,2.3));
#11326 = LINE('',#11327,#11328);
#11327 = CARTESIAN_POINT('',(-6.75,0.4,2.3));
#11328 = VECTOR('',#11329,1.);
#11329 = DIRECTION('',(1.,0.,0.));
#11330 = ORIENTED_EDGE('',*,*,#11331,.T.);
#11331 = EDGE_CURVE('',#11324,#11332,#11334,.T.);
#11332 = VERTEX_POINT('',#11333);
#11333 = CARTESIAN_POINT('',(7.65,7.4,2.3));
#11334 = LINE('',#11335,#11336);
#11335 = CARTESIAN_POINT('',(7.65,7.4,2.3));
#11336 = VECTOR('',#11337,1.);
#11337 = DIRECTION('',(0.,1.,0.));
#11338 = ORIENTED_EDGE('',*,*,#11339,.T.);
#11339 = EDGE_CURVE('',#11332,#11297,#11340,.T.);
#11340 = CIRCLE('',#11341,0.9);
#11341 = AXIS2_PLACEMENT_3D('',#11342,#11343,#11344);
#11342 = CARTESIAN_POINT('',(6.75,7.4,2.3));
#11343 = DIRECTION('',(0.,0.,1.));
#11344 = DIRECTION('',(-1.,0.,0.));
#11345 = PLANE('',#11346);
#11346 = AXIS2_PLACEMENT_3D('',#11347,#11348,#11349);
#11347 = CARTESIAN_POINT('',(-6.75,7.4,2.3));
#11348 = DIRECTION('',(0.,0.,-1.));
#11349 = DIRECTION('',(-1.,0.,0.));
#11350 = ADVANCED_FACE('',(#11351),#11385,.T.);
#11351 = FACE_BOUND('',#11352,.T.);
#11352 = EDGE_LOOP('',(#11353,#11354,#11362,#11370,#11378,#11384));
#11353 = ORIENTED_EDGE('',*,*,#11288,.F.);
#11354 = ORIENTED_EDGE('',*,*,#11355,.T.);
#11355 = EDGE_CURVE('',#11280,#11356,#11358,.T.);
#11356 = VERTEX_POINT('',#11357);
#11357 = CARTESIAN_POINT('',(7.75,7.4,5.5));
#11358 = LINE('',#11359,#11360);
#11359 = CARTESIAN_POINT('',(7.75,7.4,7.65));
#11360 = VECTOR('',#11361,1.);
#11361 = DIRECTION('',(0.,0.,1.));
#11362 = ORIENTED_EDGE('',*,*,#11363,.T.);
#11363 = EDGE_CURVE('',#11356,#11364,#11366,.T.);
#11364 = VERTEX_POINT('',#11365);
#11365 = CARTESIAN_POINT('',(7.75,0.,5.5));
#11366 = LINE('',#11367,#11368);
#11367 = CARTESIAN_POINT('',(7.75,8.881784197001E-16,5.5));
#11368 = VECTOR('',#11369,1.);
#11369 = DIRECTION('',(-0.,-1.,-0.));
#11370 = ORIENTED_EDGE('',*,*,#11371,.T.);
#11371 = EDGE_CURVE('',#11364,#11372,#11374,.T.);
#11372 = VERTEX_POINT('',#11373);
#11373 = CARTESIAN_POINT('',(7.75,0.,5.));
#11374 = LINE('',#11375,#11376);
#11375 = CARTESIAN_POINT('',(7.75,0.,15.35));
#11376 = VECTOR('',#11377,1.);
#11377 = DIRECTION('',(0.,0.,-1.));
#11378 = ORIENTED_EDGE('',*,*,#11379,.T.);
#11379 = EDGE_CURVE('',#11372,#10939,#11380,.T.);
#11380 = LINE('',#11381,#11382);
#11381 = CARTESIAN_POINT('',(7.75,8.881784197001E-16,5.));
#11382 = VECTOR('',#11383,1.);
#11383 = DIRECTION('',(0.,1.,0.));
#11384 = ORIENTED_EDGE('',*,*,#10938,.T.);
#11385 = PLANE('',#11386);
#11386 = AXIS2_PLACEMENT_3D('',#11387,#11388,#11389);
#11387 = CARTESIAN_POINT('',(7.75,8.881784197001E-16,7.65));
#11388 = DIRECTION('',(1.,0.,0.));
#11389 = DIRECTION('',(0.,0.,-1.));
#11390 = ADVANCED_FACE('',(#11391),#11409,.F.);
#11391 = FACE_BOUND('',#11392,.T.);
#11392 = EDGE_LOOP('',(#11393,#11394,#11402,#11408));
#11393 = ORIENTED_EDGE('',*,*,#11379,.F.);
#11394 = ORIENTED_EDGE('',*,*,#11395,.T.);
#11395 = EDGE_CURVE('',#11372,#11396,#11398,.T.);
#11396 = VERTEX_POINT('',#11397);
#11397 = CARTESIAN_POINT('',(6.25,0.,5.));
#11398 = LINE('',#11399,#11400);
#11399 = CARTESIAN_POINT('',(0.,0.,5.));
#11400 = VECTOR('',#11401,1.);
#11401 = DIRECTION('',(-1.,0.,0.));
#11402 = ORIENTED_EDGE('',*,*,#11403,.F.);
#11403 = EDGE_CURVE('',#10947,#11396,#11404,.T.);
#11404 = LINE('',#11405,#11406);
#11405 = CARTESIAN_POINT('',(6.25,0.,5.));
#11406 = VECTOR('',#11407,1.);
#11407 = DIRECTION('',(0.,-1.,0.));
#11408 = ORIENTED_EDGE('',*,*,#10946,.T.);
#11409 = PLANE('',#11410);
#11410 = AXIS2_PLACEMENT_3D('',#11411,#11412,#11413);
#11411 = CARTESIAN_POINT('',(6.25,0.,5.));
#11412 = DIRECTION('',(1.156482317318E-15,0.,1.));
#11413 = DIRECTION('',(1.,0.,-1.156482317318E-15));
#11414 = ADVANCED_FACE('',(#11415),#11426,.F.);
#11415 = FACE_BOUND('',#11416,.T.);
#11416 = EDGE_LOOP('',(#11417,#11418,#11424,#11425));
#11417 = ORIENTED_EDGE('',*,*,#11403,.T.);
#11418 = ORIENTED_EDGE('',*,*,#11419,.F.);
#11419 = EDGE_CURVE('',#10977,#11396,#11420,.T.);
#11420 = LINE('',#11421,#11422);
#11421 = CARTESIAN_POINT('',(6.25,0.,7.));
#11422 = VECTOR('',#11423,1.);
#11423 = DIRECTION('',(0.,0.,-1.));
#11424 = ORIENTED_EDGE('',*,*,#10976,.T.);
#11425 = ORIENTED_EDGE('',*,*,#10954,.T.);
#11426 = PLANE('',#11427);
#11427 = AXIS2_PLACEMENT_3D('',#11428,#11429,#11430);
#11428 = CARTESIAN_POINT('',(6.25,0.,7.));
#11429 = DIRECTION('',(1.,0.,0.));
#11430 = DIRECTION('',(0.,0.,-1.));
#11431 = ADVANCED_FACE('',(#11432),#11457,.T.);
#11432 = FACE_BOUND('',#11433,.T.);
#11433 = EDGE_LOOP('',(#11434,#11435,#11443,#11451));
#11434 = ORIENTED_EDGE('',*,*,#11007,.F.);
#11435 = ORIENTED_EDGE('',*,*,#11436,.T.);
#11436 = EDGE_CURVE('',#11008,#11437,#11439,.T.);
#11437 = VERTEX_POINT('',#11438);
#11438 = CARTESIAN_POINT('',(1.,2.25,15.35));
#11439 = LINE('',#11440,#11441);
#11440 = CARTESIAN_POINT('',(1.,2.25,7.65));
#11441 = VECTOR('',#11442,1.);
#11442 = DIRECTION('',(0.,0.,1.));
#11443 = ORIENTED_EDGE('',*,*,#11444,.T.);
#11444 = EDGE_CURVE('',#11437,#11445,#11447,.T.);
#11445 = VERTEX_POINT('',#11446);
#11446 = CARTESIAN_POINT('',(-1.,2.25,15.35));
#11447 = LINE('',#11448,#11449);
#11448 = CARTESIAN_POINT('',(-1.,2.25,15.35));
#11449 = VECTOR('',#11450,1.);
#11450 = DIRECTION('',(-1.,-1.084202172486E-16,-0.));
#11451 = ORIENTED_EDGE('',*,*,#11452,.T.);
#11452 = EDGE_CURVE('',#11445,#11010,#11453,.T.);
#11453 = LINE('',#11454,#11455);
#11454 = CARTESIAN_POINT('',(-1.,2.25,7.65));
#11455 = VECTOR('',#11456,1.);
#11456 = DIRECTION('',(0.,0.,-1.));
#11457 = PLANE('',#11458);
#11458 = AXIS2_PLACEMENT_3D('',#11459,#11460,#11461);
#11459 = CARTESIAN_POINT('',(-1.,2.25,7.65));
#11460 = DIRECTION('',(1.084202172486E-16,-1.,0.));
#11461 = DIRECTION('',(1.,1.084202172486E-16,0.));
#11462 = ADVANCED_FACE('',(#11463),#11488,.T.);
#11463 = FACE_BOUND('',#11464,.T.);
#11464 = EDGE_LOOP('',(#11465,#11473,#11474,#11482));
#11465 = ORIENTED_EDGE('',*,*,#11466,.T.);
#11466 = EDGE_CURVE('',#11467,#11077,#11469,.T.);
#11467 = VERTEX_POINT('',#11468);
#11468 = CARTESIAN_POINT('',(1.,1.1,14.95));
#11469 = LINE('',#11470,#11471);
#11470 = CARTESIAN_POINT('',(1.,1.1,7.65));
#11471 = VECTOR('',#11472,1.);
#11472 = DIRECTION('',(0.,0.,-1.));
#11473 = ORIENTED_EDGE('',*,*,#11076,.F.);
#11474 = ORIENTED_EDGE('',*,*,#11475,.T.);
#11475 = EDGE_CURVE('',#11068,#11476,#11478,.T.);
#11476 = VERTEX_POINT('',#11477);
#11477 = CARTESIAN_POINT('',(5.95,1.1,14.95));
#11478 = LINE('',#11479,#11480);
#11479 = CARTESIAN_POINT('',(5.95,1.1,7.65));
#11480 = VECTOR('',#11481,1.);
#11481 = DIRECTION('',(0.,0.,1.));
#11482 = ORIENTED_EDGE('',*,*,#11483,.T.);
#11483 = EDGE_CURVE('',#11476,#11467,#11484,.T.);
#11484 = LINE('',#11485,#11486);
#11485 = CARTESIAN_POINT('',(5.95,1.1,14.95));
#11486 = VECTOR('',#11487,1.);
#11487 = DIRECTION('',(-1.,-1.75224593533E-16,-0.));
#11488 = PLANE('',#11489);
#11489 = AXIS2_PLACEMENT_3D('',#11490,#11491,#11492);
#11490 = CARTESIAN_POINT('',(5.95,1.1,7.65));
#11491 = DIRECTION('',(1.75224593533E-16,-1.,0.));
#11492 = DIRECTION('',(1.,1.75224593533E-16,0.));
#11493 = ADVANCED_FACE('',(#11494),#11519,.T.);
#11494 = FACE_BOUND('',#11495,.T.);
#11495 = EDGE_LOOP('',(#11496,#11504,#11505,#11513));
#11496 = ORIENTED_EDGE('',*,*,#11497,.T.);
#11497 = EDGE_CURVE('',#11498,#11060,#11500,.T.);
#11498 = VERTEX_POINT('',#11499);
#11499 = CARTESIAN_POINT('',(6.95,2.1,14.95));
#11500 = LINE('',#11501,#11502);
#11501 = CARTESIAN_POINT('',(6.95,2.1,7.65));
#11502 = VECTOR('',#11503,1.);
#11503 = DIRECTION('',(-0.,-0.,-1.));
#11504 = ORIENTED_EDGE('',*,*,#11059,.F.);
#11505 = ORIENTED_EDGE('',*,*,#11506,.T.);
#11506 = EDGE_CURVE('',#11051,#11507,#11509,.T.);
#11507 = VERTEX_POINT('',#11508);
#11508 = CARTESIAN_POINT('',(6.95,6.6,14.95));
#11509 = LINE('',#11510,#11511);
#11510 = CARTESIAN_POINT('',(6.95,6.6,7.65));
#11511 = VECTOR('',#11512,1.);
#11512 = DIRECTION('',(0.,0.,1.));
#11513 = ORIENTED_EDGE('',*,*,#11514,.T.);
#11514 = EDGE_CURVE('',#11507,#11498,#11515,.T.);
#11515 = LINE('',#11516,#11517);
#11516 = CARTESIAN_POINT('',(6.95,6.6,14.95));
#11517 = VECTOR('',#11518,1.);
#11518 = DIRECTION('',(1.927470528863E-16,-1.,0.));
#11519 = PLANE('',#11520);
#11520 = AXIS2_PLACEMENT_3D('',#11521,#11522,#11523);
#11521 = CARTESIAN_POINT('',(6.95,6.6,7.65));
#11522 = DIRECTION('',(1.,1.927470528863E-16,0.));
#11523 = DIRECTION('',(-1.927470528863E-16,1.,0.));
#11524 = ADVANCED_FACE('',(#11525),#11550,.T.);
#11525 = FACE_BOUND('',#11526,.T.);
#11526 = EDGE_LOOP('',(#11527,#11535,#11536,#11544));
#11527 = ORIENTED_EDGE('',*,*,#11528,.T.);
#11528 = EDGE_CURVE('',#11529,#11043,#11531,.T.);
#11529 = VERTEX_POINT('',#11530);
#11530 = CARTESIAN_POINT('',(5.95,7.6,14.95));
#11531 = LINE('',#11532,#11533);
#11532 = CARTESIAN_POINT('',(5.95,7.6,7.65));
#11533 = VECTOR('',#11534,1.);
#11534 = DIRECTION('',(0.,0.,-1.));
#11535 = ORIENTED_EDGE('',*,*,#11042,.F.);
#11536 = ORIENTED_EDGE('',*,*,#11537,.T.);
#11537 = EDGE_CURVE('',#11034,#11538,#11540,.T.);
#11538 = VERTEX_POINT('',#11539);
#11539 = CARTESIAN_POINT('',(-3.6,7.6,14.95));
#11540 = LINE('',#11541,#11542);
#11541 = CARTESIAN_POINT('',(-3.6,7.6,7.65));
#11542 = VECTOR('',#11543,1.);
#11543 = DIRECTION('',(0.,0.,1.));
#11544 = ORIENTED_EDGE('',*,*,#11545,.T.);
#11545 = EDGE_CURVE('',#11538,#11529,#11546,.T.);
#11546 = LINE('',#11547,#11548);
#11547 = CARTESIAN_POINT('',(-3.6,7.6,14.95));
#11548 = VECTOR('',#11549,1.);
#11549 = DIRECTION('',(1.,0.,0.));
#11550 = PLANE('',#11551);
#11551 = AXIS2_PLACEMENT_3D('',#11552,#11553,#11554);
#11552 = CARTESIAN_POINT('',(-3.6,7.6,7.65));
#11553 = DIRECTION('',(0.,1.,0.));
#11554 = DIRECTION('',(0.,0.,1.));
#11555 = ADVANCED_FACE('',(#11556),#11574,.T.);
#11556 = FACE_BOUND('',#11557,.T.);
#11557 = EDGE_LOOP('',(#11558,#11559,#11560,#11566,#11567));
#11558 = ORIENTED_EDGE('',*,*,#11537,.F.);
#11559 = ORIENTED_EDGE('',*,*,#11033,.F.);
#11560 = ORIENTED_EDGE('',*,*,#11561,.T.);
#11561 = EDGE_CURVE('',#11026,#10640,#11562,.T.);
#11562 = LINE('',#11563,#11564);
#11563 = CARTESIAN_POINT('',(-3.6,1.1,7.65));
#11564 = VECTOR('',#11565,1.);
#11565 = DIRECTION('',(0.,0.,1.));
#11566 = ORIENTED_EDGE('',*,*,#10639,.T.);
#11567 = ORIENTED_EDGE('',*,*,#11568,.T.);
#11568 = EDGE_CURVE('',#10632,#11538,#11569,.T.);
#11569 = CIRCLE('',#11570,3.25);
#11570 = AXIS2_PLACEMENT_3D('',#11571,#11572,#11573);
#11571 = CARTESIAN_POINT('',(-3.6,4.35,14.95));
#11572 = DIRECTION('',(0.,0.,-1.));
#11573 = DIRECTION('',(1.,0.,0.));
#11574 = CYLINDRICAL_SURFACE('',#11575,3.25);
#11575 = AXIS2_PLACEMENT_3D('',#11576,#11577,#11578);
#11576 = CARTESIAN_POINT('',(-3.6,4.35,7.65));
#11577 = DIRECTION('',(0.,0.,1.));
#11578 = DIRECTION('',(1.,0.,0.));
#11579 = ADVANCED_FACE('',(#11580),#11598,.T.);
#11580 = FACE_BOUND('',#11581,.T.);
#11581 = EDGE_LOOP('',(#11582,#11583,#11584,#11592));
#11582 = ORIENTED_EDGE('',*,*,#11561,.F.);
#11583 = ORIENTED_EDGE('',*,*,#11025,.F.);
#11584 = ORIENTED_EDGE('',*,*,#11585,.T.);
#11585 = EDGE_CURVE('',#11018,#11586,#11588,.T.);
#11586 = VERTEX_POINT('',#11587);
#11587 = CARTESIAN_POINT('',(-1.,1.1,14.95));
#11588 = LINE('',#11589,#11590);
#11589 = CARTESIAN_POINT('',(-1.,1.1,7.65));
#11590 = VECTOR('',#11591,1.);
#11591 = DIRECTION('',(0.,0.,1.));
#11592 = ORIENTED_EDGE('',*,*,#11593,.T.);
#11593 = EDGE_CURVE('',#11586,#10640,#11594,.T.);
#11594 = LINE('',#11595,#11596);
#11595 = CARTESIAN_POINT('',(-1.,1.1,14.95));
#11596 = VECTOR('',#11597,1.);
#11597 = DIRECTION('',(-1.,-0.,-0.));
#11598 = PLANE('',#11599);
#11599 = AXIS2_PLACEMENT_3D('',#11600,#11601,#11602);
#11600 = CARTESIAN_POINT('',(-1.,1.1,7.65));
#11601 = DIRECTION('',(0.,-1.,0.));
#11602 = DIRECTION('',(0.,0.,-1.));
#11603 = ADVANCED_FACE('',(#11604),#11631,.T.);
#11604 = FACE_BOUND('',#11605,.T.);
#11605 = EDGE_LOOP('',(#11606,#11607,#11615,#11623,#11629,#11630));
#11606 = ORIENTED_EDGE('',*,*,#11103,.F.);
#11607 = ORIENTED_EDGE('',*,*,#11608,.T.);
#11608 = EDGE_CURVE('',#11095,#11609,#11611,.T.);
#11609 = VERTEX_POINT('',#11610);
#11610 = CARTESIAN_POINT('',(-7.75,7.4,6.5));
#11611 = LINE('',#11612,#11613);
#11612 = CARTESIAN_POINT('',(-7.75,7.4,7.65));
#11613 = VECTOR('',#11614,1.);
#11614 = DIRECTION('',(-0.,-0.,-1.));
#11615 = ORIENTED_EDGE('',*,*,#11616,.T.);
#11616 = EDGE_CURVE('',#11609,#11617,#11619,.T.);
#11617 = VERTEX_POINT('',#11618);
#11618 = CARTESIAN_POINT('',(-7.75,0.,6.5));
#11619 = LINE('',#11620,#11621);
#11620 = CARTESIAN_POINT('',(-7.75,8.881784197001E-16,6.5));
#11621 = VECTOR('',#11622,1.);
#11622 = DIRECTION('',(0.,-1.,0.));
#11623 = ORIENTED_EDGE('',*,*,#11624,.T.);
#11624 = EDGE_CURVE('',#11617,#11142,#11625,.T.);
#11625 = LINE('',#11626,#11627);
#11626 = CARTESIAN_POINT('',(-7.75,0.,7.65));
#11627 = VECTOR('',#11628,1.);
#11628 = DIRECTION('',(0.,0.,1.));
#11629 = ORIENTED_EDGE('',*,*,#11141,.T.);
#11630 = ORIENTED_EDGE('',*,*,#10890,.T.);
#11631 = PLANE('',#11632);
#11632 = AXIS2_PLACEMENT_3D('',#11633,#11634,#11635);
#11633 = CARTESIAN_POINT('',(-7.75,8.881784197001E-16,7.65));
#11634 = DIRECTION('',(-1.,0.,0.));
#11635 = DIRECTION('',(0.,0.,1.));
#11636 = ADVANCED_FACE('',(#11637),#11673,.T.);
#11637 = FACE_BOUND('',#11638,.T.);
#11638 = EDGE_LOOP('',(#11639,#11650,#11658,#11665,#11666,#11667));
#11639 = ORIENTED_EDGE('',*,*,#11640,.T.);
#11640 = EDGE_CURVE('',#11641,#11643,#11645,.T.);
#11641 = VERTEX_POINT('',#11642);
#11642 = CARTESIAN_POINT('',(-6.75,8.4,6.75));
#11643 = VERTEX_POINT('',#11644);
#11644 = CARTESIAN_POINT('',(-7.,8.368245836552,6.75));
#11645 = CIRCLE('',#11646,1.);
#11646 = AXIS2_PLACEMENT_3D('',#11647,#11648,#11649);
#11647 = CARTESIAN_POINT('',(-6.75,7.4,6.75));
#11648 = DIRECTION('',(0.,0.,1.));
#11649 = DIRECTION('',(1.,0.,0.));
#11650 = ORIENTED_EDGE('',*,*,#11651,.T.);
#11651 = EDGE_CURVE('',#11643,#11652,#11654,.T.);
#11652 = VERTEX_POINT('',#11653);
#11653 = CARTESIAN_POINT('',(-7.,8.368245836552,6.5));
#11654 = LINE('',#11655,#11656);
#11655 = CARTESIAN_POINT('',(-7.,8.368245836552,6.5));
#11656 = VECTOR('',#11657,1.);
#11657 = DIRECTION('',(-0.,-0.,-1.));
#11658 = ORIENTED_EDGE('',*,*,#11659,.T.);
#11659 = EDGE_CURVE('',#11652,#11609,#11660,.T.);
#11660 = CIRCLE('',#11661,1.);
#11661 = AXIS2_PLACEMENT_3D('',#11662,#11663,#11664);
#11662 = CARTESIAN_POINT('',(-6.75,7.4,6.5));
#11663 = DIRECTION('',(0.,0.,1.));
#11664 = DIRECTION('',(1.,0.,0.));
#11665 = ORIENTED_EDGE('',*,*,#11608,.F.);
#11666 = ORIENTED_EDGE('',*,*,#11092,.F.);
#11667 = ORIENTED_EDGE('',*,*,#11668,.T.);
#11668 = EDGE_CURVE('',#11093,#11641,#11669,.T.);
#11669 = LINE('',#11670,#11671);
#11670 = CARTESIAN_POINT('',(-6.75,8.4,-0.256213597756));
#11671 = VECTOR('',#11672,1.);
#11672 = DIRECTION('',(0.,0.,-1.));
#11673 = CYLINDRICAL_SURFACE('',#11674,1.);
#11674 = AXIS2_PLACEMENT_3D('',#11675,#11676,#11677);
#11675 = CARTESIAN_POINT('',(-6.75,7.4,-0.256213597756));
#11676 = DIRECTION('',(0.,0.,1.));
#11677 = DIRECTION('',(1.,0.,0.));
#11678 = ADVANCED_FACE('',(#11679),#11752,.T.);
#11679 = FACE_BOUND('',#11680,.T.);
#11680 = EDGE_LOOP('',(#11681,#11682,#11690,#11698,#11706,#11712,#11713,
    #11714,#11722,#11730,#11738,#11746));
#11681 = ORIENTED_EDGE('',*,*,#11271,.F.);
#11682 = ORIENTED_EDGE('',*,*,#11683,.T.);
#11683 = EDGE_CURVE('',#11263,#11684,#11686,.T.);
#11684 = VERTEX_POINT('',#11685);
#11685 = CARTESIAN_POINT('',(-6.75,8.4,5.25));
#11686 = LINE('',#11687,#11688);
#11687 = CARTESIAN_POINT('',(-6.75,8.4,-0.256213597756));
#11688 = VECTOR('',#11689,1.);
#11689 = DIRECTION('',(0.,0.,1.));
#11690 = ORIENTED_EDGE('',*,*,#11691,.T.);
#11691 = EDGE_CURVE('',#11684,#11692,#11694,.T.);
#11692 = VERTEX_POINT('',#11693);
#11693 = CARTESIAN_POINT('',(-6.5,8.4,5.25));
#11694 = LINE('',#11695,#11696);
#11695 = CARTESIAN_POINT('',(-7.,8.4,5.25));
#11696 = VECTOR('',#11697,1.);
#11697 = DIRECTION('',(1.,0.,3.469446951954E-15));
#11698 = ORIENTED_EDGE('',*,*,#11699,.T.);
#11699 = EDGE_CURVE('',#11692,#11700,#11702,.T.);
#11700 = VERTEX_POINT('',#11701);
#11701 = CARTESIAN_POINT('',(-6.5,8.4,6.75));
#11702 = LINE('',#11703,#11704);
#11703 = CARTESIAN_POINT('',(-6.5,8.4,6.75));
#11704 = VECTOR('',#11705,1.);
#11705 = DIRECTION('',(0.,0.,1.));
#11706 = ORIENTED_EDGE('',*,*,#11707,.T.);
#11707 = EDGE_CURVE('',#11700,#11641,#11708,.T.);
#11708 = LINE('',#11709,#11710);
#11709 = CARTESIAN_POINT('',(-7.,8.4,6.75));
#11710 = VECTOR('',#11711,1.);
#11711 = DIRECTION('',(-1.,-0.,-0.));
#11712 = ORIENTED_EDGE('',*,*,#11668,.F.);
#11713 = ORIENTED_EDGE('',*,*,#11127,.F.);
#11714 = ORIENTED_EDGE('',*,*,#11715,.T.);
#11715 = EDGE_CURVE('',#11119,#11716,#11718,.T.);
#11716 = VERTEX_POINT('',#11717);
#11717 = CARTESIAN_POINT('',(6.75,8.4,6.75));
#11718 = LINE('',#11719,#11720);
#11719 = CARTESIAN_POINT('',(6.75,8.4,-0.256213597756));
#11720 = VECTOR('',#11721,1.);
#11721 = DIRECTION('',(0.,0.,-1.));
#11722 = ORIENTED_EDGE('',*,*,#11723,.T.);
#11723 = EDGE_CURVE('',#11716,#11724,#11726,.T.);
#11724 = VERTEX_POINT('',#11725);
#11725 = CARTESIAN_POINT('',(6.5,8.4,6.75));
#11726 = LINE('',#11727,#11728);
#11727 = CARTESIAN_POINT('',(7.,8.4,6.75));
#11728 = VECTOR('',#11729,1.);
#11729 = DIRECTION('',(-1.,-0.,-3.469446951954E-15));
#11730 = ORIENTED_EDGE('',*,*,#11731,.T.);
#11731 = EDGE_CURVE('',#11724,#11732,#11734,.T.);
#11732 = VERTEX_POINT('',#11733);
#11733 = CARTESIAN_POINT('',(6.5,8.4,5.25));
#11734 = LINE('',#11735,#11736);
#11735 = CARTESIAN_POINT('',(6.5,8.4,6.75));
#11736 = VECTOR('',#11737,1.);
#11737 = DIRECTION('',(-0.,-0.,-1.));
#11738 = ORIENTED_EDGE('',*,*,#11739,.T.);
#11739 = EDGE_CURVE('',#11732,#11740,#11742,.T.);
#11740 = VERTEX_POINT('',#11741);
#11741 = CARTESIAN_POINT('',(6.75,8.4,5.25));
#11742 = LINE('',#11743,#11744);
#11743 = CARTESIAN_POINT('',(7.,8.4,5.25));
#11744 = VECTOR('',#11745,1.);
#11745 = DIRECTION('',(1.,0.,-3.469446951954E-15));
#11746 = ORIENTED_EDGE('',*,*,#11747,.T.);
#11747 = EDGE_CURVE('',#11740,#11272,#11748,.T.);
#11748 = LINE('',#11749,#11750);
#11749 = CARTESIAN_POINT('',(6.75,8.4,-0.256213597756));
#11750 = VECTOR('',#11751,1.);
#11751 = DIRECTION('',(0.,0.,-1.));
#11752 = PLANE('',#11753);
#11753 = AXIS2_PLACEMENT_3D('',#11754,#11755,#11756);
#11754 = CARTESIAN_POINT('',(-6.838960762841,8.4,-0.256213597756));
#11755 = DIRECTION('',(0.,1.,0.));
#11756 = DIRECTION('',(0.,0.,1.));
#11757 = ADVANCED_FACE('',(#11758),#11794,.T.);
#11758 = FACE_BOUND('',#11759,.T.);
#11759 = EDGE_LOOP('',(#11760,#11771,#11779,#11786,#11787,#11788));
#11760 = ORIENTED_EDGE('',*,*,#11761,.T.);
#11761 = EDGE_CURVE('',#11762,#11764,#11766,.T.);
#11762 = VERTEX_POINT('',#11763);
#11763 = CARTESIAN_POINT('',(7.75,7.4,6.5));
#11764 = VERTEX_POINT('',#11765);
#11765 = CARTESIAN_POINT('',(7.,8.368245836552,6.5));
#11766 = CIRCLE('',#11767,1.);
#11767 = AXIS2_PLACEMENT_3D('',#11768,#11769,#11770);
#11768 = CARTESIAN_POINT('',(6.75,7.4,6.5));
#11769 = DIRECTION('',(0.,-0.,1.));
#11770 = DIRECTION('',(-1.,0.,0.));
#11771 = ORIENTED_EDGE('',*,*,#11772,.T.);
#11772 = EDGE_CURVE('',#11764,#11773,#11775,.T.);
#11773 = VERTEX_POINT('',#11774);
#11774 = CARTESIAN_POINT('',(7.,8.368245836552,6.75));
#11775 = LINE('',#11776,#11777);
#11776 = CARTESIAN_POINT('',(7.,8.368245836552,6.5));
#11777 = VECTOR('',#11778,1.);
#11778 = DIRECTION('',(0.,0.,1.));
#11779 = ORIENTED_EDGE('',*,*,#11780,.T.);
#11780 = EDGE_CURVE('',#11773,#11716,#11781,.T.);
#11781 = CIRCLE('',#11782,1.);
#11782 = AXIS2_PLACEMENT_3D('',#11783,#11784,#11785);
#11783 = CARTESIAN_POINT('',(6.75,7.4,6.75));
#11784 = DIRECTION('',(0.,-0.,1.));
#11785 = DIRECTION('',(-1.,4.336808689942E-15,0.));
#11786 = ORIENTED_EDGE('',*,*,#11715,.F.);
#11787 = ORIENTED_EDGE('',*,*,#11118,.F.);
#11788 = ORIENTED_EDGE('',*,*,#11789,.T.);
#11789 = EDGE_CURVE('',#11111,#11762,#11790,.T.);
#11790 = LINE('',#11791,#11792);
#11791 = CARTESIAN_POINT('',(7.75,7.4,-0.256213597756));
#11792 = VECTOR('',#11793,1.);
#11793 = DIRECTION('',(0.,0.,-1.));
#11794 = CYLINDRICAL_SURFACE('',#11795,1.);
#11795 = AXIS2_PLACEMENT_3D('',#11796,#11797,#11798);
#11796 = CARTESIAN_POINT('',(6.75,7.4,-0.256213597756));
#11797 = DIRECTION('',(0.,0.,-1.));
#11798 = DIRECTION('',(-1.,0.,0.));
#11799 = ADVANCED_FACE('',(#11800),#11820,.T.);
#11800 = FACE_BOUND('',#11801,.T.);
#11801 = EDGE_LOOP('',(#11802,#11803,#11811,#11817,#11818,#11819));
#11802 = ORIENTED_EDGE('',*,*,#10992,.T.);
#11803 = ORIENTED_EDGE('',*,*,#11804,.T.);
#11804 = EDGE_CURVE('',#10985,#11805,#11807,.T.);
#11805 = VERTEX_POINT('',#11806);
#11806 = CARTESIAN_POINT('',(7.75,0.,6.5));
#11807 = LINE('',#11808,#11809);
#11808 = CARTESIAN_POINT('',(7.75,0.,7.65));
#11809 = VECTOR('',#11810,1.);
#11810 = DIRECTION('',(0.,0.,-1.));
#11811 = ORIENTED_EDGE('',*,*,#11812,.T.);
#11812 = EDGE_CURVE('',#11805,#11762,#11813,.T.);
#11813 = LINE('',#11814,#11815);
#11814 = CARTESIAN_POINT('',(7.75,8.881784197001E-16,6.5));
#11815 = VECTOR('',#11816,1.);
#11816 = DIRECTION('',(0.,1.,0.));
#11817 = ORIENTED_EDGE('',*,*,#11789,.F.);
#11818 = ORIENTED_EDGE('',*,*,#11110,.F.);
#11819 = ORIENTED_EDGE('',*,*,#10872,.T.);
#11820 = PLANE('',#11821);
#11821 = AXIS2_PLACEMENT_3D('',#11822,#11823,#11824);
#11822 = CARTESIAN_POINT('',(7.75,8.881784197001E-16,7.65));
#11823 = DIRECTION('',(1.,0.,0.));
#11824 = DIRECTION('',(0.,0.,-1.));
#11825 = ADVANCED_FACE('',(#11826),#11887,.F.);
#11826 = FACE_BOUND('',#11827,.T.);
#11827 = EDGE_LOOP('',(#11828,#11838,#11846,#11852,#11853,#11854,#11855,
    #11856,#11857,#11865,#11873,#11881));
#11828 = ORIENTED_EDGE('',*,*,#11829,.T.);
#11829 = EDGE_CURVE('',#11830,#11832,#11834,.T.);
#11830 = VERTEX_POINT('',#11831);
#11831 = CARTESIAN_POINT('',(-6.5,0.,5.25));
#11832 = VERTEX_POINT('',#11833);
#11833 = CARTESIAN_POINT('',(-7.,0.,5.25));
#11834 = LINE('',#11835,#11836);
#11835 = CARTESIAN_POINT('',(-7.,0.,5.25));
#11836 = VECTOR('',#11837,1.);
#11837 = DIRECTION('',(-1.,0.,-3.469446951954E-15));
#11838 = ORIENTED_EDGE('',*,*,#11839,.T.);
#11839 = EDGE_CURVE('',#11832,#11840,#11842,.T.);
#11840 = VERTEX_POINT('',#11841);
#11841 = CARTESIAN_POINT('',(-7.,0.,5.5));
#11842 = LINE('',#11843,#11844);
#11843 = CARTESIAN_POINT('',(-7.,0.,5.5));
#11844 = VECTOR('',#11845,1.);
#11845 = DIRECTION('',(0.,0.,1.));
#11846 = ORIENTED_EDGE('',*,*,#11847,.F.);
#11847 = EDGE_CURVE('',#11222,#11840,#11848,.T.);
#11848 = LINE('',#11849,#11850);
#11849 = CARTESIAN_POINT('',(0.,0.,5.5));
#11850 = VECTOR('',#11851,1.);
#11851 = DIRECTION('',(1.,0.,0.));
#11852 = ORIENTED_EDGE('',*,*,#11221,.F.);
#11853 = ORIENTED_EDGE('',*,*,#11197,.T.);
#11854 = ORIENTED_EDGE('',*,*,#11173,.T.);
#11855 = ORIENTED_EDGE('',*,*,#11149,.F.);
#11856 = ORIENTED_EDGE('',*,*,#11624,.F.);
#11857 = ORIENTED_EDGE('',*,*,#11858,.F.);
#11858 = EDGE_CURVE('',#11859,#11617,#11861,.T.);
#11859 = VERTEX_POINT('',#11860);
#11860 = CARTESIAN_POINT('',(-7.,0.,6.5));
#11861 = LINE('',#11862,#11863);
#11862 = CARTESIAN_POINT('',(0.,0.,6.5));
#11863 = VECTOR('',#11864,1.);
#11864 = DIRECTION('',(-1.,0.,0.));
#11865 = ORIENTED_EDGE('',*,*,#11866,.T.);
#11866 = EDGE_CURVE('',#11859,#11867,#11869,.T.);
#11867 = VERTEX_POINT('',#11868);
#11868 = CARTESIAN_POINT('',(-7.,0.,6.75));
#11869 = LINE('',#11870,#11871);
#11870 = CARTESIAN_POINT('',(-7.,0.,6.5));
#11871 = VECTOR('',#11872,1.);
#11872 = DIRECTION('',(0.,0.,1.));
#11873 = ORIENTED_EDGE('',*,*,#11874,.T.);
#11874 = EDGE_CURVE('',#11867,#11875,#11877,.T.);
#11875 = VERTEX_POINT('',#11876);
#11876 = CARTESIAN_POINT('',(-6.5,0.,6.75));
#11877 = LINE('',#11878,#11879);
#11878 = CARTESIAN_POINT('',(-7.,0.,6.75));
#11879 = VECTOR('',#11880,1.);
#11880 = DIRECTION('',(1.,0.,0.));
#11881 = ORIENTED_EDGE('',*,*,#11882,.T.);
#11882 = EDGE_CURVE('',#11875,#11830,#11883,.T.);
#11883 = LINE('',#11884,#11885);
#11884 = CARTESIAN_POINT('',(-6.5,0.,6.75));
#11885 = VECTOR('',#11886,1.);
#11886 = DIRECTION('',(0.,0.,-1.));
#11887 = PLANE('',#11888);
#11888 = AXIS2_PLACEMENT_3D('',#11889,#11890,#11891);
#11889 = CARTESIAN_POINT('',(0.,0.,15.35));
#11890 = DIRECTION('',(0.,1.,0.));
#11891 = DIRECTION('',(0.,0.,1.));
#11892 = ADVANCED_FACE('',(#11893),#11922,.T.);
#11893 = FACE_BOUND('',#11894,.T.);
#11894 = EDGE_LOOP('',(#11895,#11896,#11897,#11906,#11914,#11921));
#11895 = ORIENTED_EDGE('',*,*,#11262,.F.);
#11896 = ORIENTED_EDGE('',*,*,#11237,.F.);
#11897 = ORIENTED_EDGE('',*,*,#11898,.T.);
#11898 = EDGE_CURVE('',#11230,#11899,#11901,.T.);
#11899 = VERTEX_POINT('',#11900);
#11900 = CARTESIAN_POINT('',(-7.,8.368245836552,5.5));
#11901 = CIRCLE('',#11902,1.);
#11902 = AXIS2_PLACEMENT_3D('',#11903,#11904,#11905);
#11903 = CARTESIAN_POINT('',(-6.75,7.4,5.5));
#11904 = DIRECTION('',(0.,0.,-1.));
#11905 = DIRECTION('',(1.,8.673617379884E-16,0.));
#11906 = ORIENTED_EDGE('',*,*,#11907,.T.);
#11907 = EDGE_CURVE('',#11899,#11908,#11910,.T.);
#11908 = VERTEX_POINT('',#11909);
#11909 = CARTESIAN_POINT('',(-7.,8.368245836552,5.25));
#11910 = LINE('',#11911,#11912);
#11911 = CARTESIAN_POINT('',(-7.,8.368245836552,5.5));
#11912 = VECTOR('',#11913,1.);
#11913 = DIRECTION('',(-0.,-0.,-1.));
#11914 = ORIENTED_EDGE('',*,*,#11915,.T.);
#11915 = EDGE_CURVE('',#11908,#11684,#11916,.T.);
#11916 = CIRCLE('',#11917,1.);
#11917 = AXIS2_PLACEMENT_3D('',#11918,#11919,#11920);
#11918 = CARTESIAN_POINT('',(-6.75,7.4,5.25));
#11919 = DIRECTION('',(0.,-0.,-1.));
#11920 = DIRECTION('',(1.,-4.336808689942E-15,0.));
#11921 = ORIENTED_EDGE('',*,*,#11683,.F.);
#11922 = CYLINDRICAL_SURFACE('',#11923,1.);
#11923 = AXIS2_PLACEMENT_3D('',#11924,#11925,#11926);
#11924 = CARTESIAN_POINT('',(-6.75,7.4,-0.256213597756));
#11925 = DIRECTION('',(0.,0.,1.));
#11926 = DIRECTION('',(1.,0.,0.));
#11927 = ADVANCED_FACE('',(#11928),#11939,.F.);
#11928 = FACE_BOUND('',#11929,.T.);
#11929 = EDGE_LOOP('',(#11930,#11931,#11932,#11938));
#11930 = ORIENTED_EDGE('',*,*,#11229,.F.);
#11931 = ORIENTED_EDGE('',*,*,#11847,.T.);
#11932 = ORIENTED_EDGE('',*,*,#11933,.F.);
#11933 = EDGE_CURVE('',#11899,#11840,#11934,.T.);
#11934 = LINE('',#11935,#11936);
#11935 = CARTESIAN_POINT('',(-7.,0.2995,5.5));
#11936 = VECTOR('',#11937,1.);
#11937 = DIRECTION('',(-0.,-1.,-0.));
#11938 = ORIENTED_EDGE('',*,*,#11898,.F.);
#11939 = PLANE('',#11940);
#11940 = AXIS2_PLACEMENT_3D('',#11941,#11942,#11943);
#11941 = CARTESIAN_POINT('',(-7.75,0.2995,5.5));
#11942 = DIRECTION('',(0.,0.,-1.));
#11943 = DIRECTION('',(-1.,0.,0.));
#11944 = ADVANCED_FACE('',(#11945),#11971,.T.);
#11945 = FACE_BOUND('',#11946,.T.);
#11946 = EDGE_LOOP('',(#11947,#11948,#11956,#11965));
#11947 = ORIENTED_EDGE('',*,*,#11306,.F.);
#11948 = ORIENTED_EDGE('',*,*,#11949,.T.);
#11949 = EDGE_CURVE('',#11299,#11950,#11952,.T.);
#11950 = VERTEX_POINT('',#11951);
#11951 = CARTESIAN_POINT('',(-6.75,8.3,2.25));
#11952 = LINE('',#11953,#11954);
#11953 = CARTESIAN_POINT('',(-6.75,8.3,2.3));
#11954 = VECTOR('',#11955,1.);
#11955 = DIRECTION('',(-0.,-0.,-1.));
#11956 = ORIENTED_EDGE('',*,*,#11957,.T.);
#11957 = EDGE_CURVE('',#11950,#11958,#11960,.T.);
#11958 = VERTEX_POINT('',#11959);
#11959 = CARTESIAN_POINT('',(-7.65,7.4,2.25));
#11960 = CIRCLE('',#11961,0.9);
#11961 = AXIS2_PLACEMENT_3D('',#11962,#11963,#11964);
#11962 = CARTESIAN_POINT('',(-6.75,7.4,2.25));
#11963 = DIRECTION('',(0.,0.,1.));
#11964 = DIRECTION('',(-1.,9.637352644316E-16,0.));
#11965 = ORIENTED_EDGE('',*,*,#11966,.T.);
#11966 = EDGE_CURVE('',#11958,#11307,#11967,.T.);
#11967 = LINE('',#11968,#11969);
#11968 = CARTESIAN_POINT('',(-7.65,7.4,2.3));
#11969 = VECTOR('',#11970,1.);
#11970 = DIRECTION('',(0.,0.,1.));
#11971 = CYLINDRICAL_SURFACE('',#11972,0.9);
#11972 = AXIS2_PLACEMENT_3D('',#11973,#11974,#11975);
#11973 = CARTESIAN_POINT('',(-6.75,7.4,2.3));
#11974 = DIRECTION('',(-0.,-0.,-1.));
#11975 = DIRECTION('',(-1.,0.,0.));
#11976 = ADVANCED_FACE('',(#11977),#11995,.T.);
#11977 = FACE_BOUND('',#11978,.T.);
#11978 = EDGE_LOOP('',(#11979,#11980,#11988,#11994));
#11979 = ORIENTED_EDGE('',*,*,#11296,.F.);
#11980 = ORIENTED_EDGE('',*,*,#11981,.T.);
#11981 = EDGE_CURVE('',#11297,#11982,#11984,.T.);
#11982 = VERTEX_POINT('',#11983);
#11983 = CARTESIAN_POINT('',(6.75,8.3,2.25));
#11984 = LINE('',#11985,#11986);
#11985 = CARTESIAN_POINT('',(6.75,8.3,2.3));
#11986 = VECTOR('',#11987,1.);
#11987 = DIRECTION('',(-0.,-0.,-1.));
#11988 = ORIENTED_EDGE('',*,*,#11989,.T.);
#11989 = EDGE_CURVE('',#11982,#11950,#11990,.T.);
#11990 = LINE('',#11991,#11992);
#11991 = CARTESIAN_POINT('',(6.75,8.3,2.25));
#11992 = VECTOR('',#11993,1.);
#11993 = DIRECTION('',(-1.,6.424901762877E-17,0.));
#11994 = ORIENTED_EDGE('',*,*,#11949,.F.);
#11995 = PLANE('',#11996);
#11996 = AXIS2_PLACEMENT_3D('',#11997,#11998,#11999);
#11997 = CARTESIAN_POINT('',(6.75,8.3,2.3));
#11998 = DIRECTION('',(6.424901762877E-17,1.,0.));
#11999 = DIRECTION('',(-1.,6.424901762877E-17,0.));
#12000 = ADVANCED_FACE('',(#12001),#12020,.T.);
#12001 = FACE_BOUND('',#12002,.T.);
#12002 = EDGE_LOOP('',(#12003,#12004,#12012,#12019));
#12003 = ORIENTED_EDGE('',*,*,#11339,.F.);
#12004 = ORIENTED_EDGE('',*,*,#12005,.T.);
#12005 = EDGE_CURVE('',#11332,#12006,#12008,.T.);
#12006 = VERTEX_POINT('',#12007);
#12007 = CARTESIAN_POINT('',(7.65,7.4,2.25));
#12008 = LINE('',#12009,#12010);
#12009 = CARTESIAN_POINT('',(7.65,7.4,2.3));
#12010 = VECTOR('',#12011,1.);
#12011 = DIRECTION('',(-0.,-0.,-1.));
#12012 = ORIENTED_EDGE('',*,*,#12013,.T.);
#12013 = EDGE_CURVE('',#12006,#11982,#12014,.T.);
#12014 = CIRCLE('',#12015,0.9);
#12015 = AXIS2_PLACEMENT_3D('',#12016,#12017,#12018);
#12016 = CARTESIAN_POINT('',(6.75,7.4,2.25));
#12017 = DIRECTION('',(0.,0.,1.));
#12018 = DIRECTION('',(-1.,0.,0.));
#12019 = ORIENTED_EDGE('',*,*,#11981,.F.);
#12020 = CYLINDRICAL_SURFACE('',#12021,0.9);
#12021 = AXIS2_PLACEMENT_3D('',#12022,#12023,#12024);
#12022 = CARTESIAN_POINT('',(6.75,7.4,2.3));
#12023 = DIRECTION('',(-0.,-0.,-1.));
#12024 = DIRECTION('',(-1.,0.,0.));
#12025 = ADVANCED_FACE('',(#12026),#12044,.T.);
#12026 = FACE_BOUND('',#12027,.T.);
#12027 = EDGE_LOOP('',(#12028,#12029,#12037,#12043));
#12028 = ORIENTED_EDGE('',*,*,#11331,.F.);
#12029 = ORIENTED_EDGE('',*,*,#12030,.T.);
#12030 = EDGE_CURVE('',#11324,#12031,#12033,.T.);
#12031 = VERTEX_POINT('',#12032);
#12032 = CARTESIAN_POINT('',(7.65,0.4,2.25));
#12033 = LINE('',#12034,#12035);
#12034 = CARTESIAN_POINT('',(7.65,0.4,2.3));
#12035 = VECTOR('',#12036,1.);
#12036 = DIRECTION('',(-0.,-0.,-1.));
#12037 = ORIENTED_EDGE('',*,*,#12038,.T.);
#12038 = EDGE_CURVE('',#12031,#12006,#12039,.T.);
#12039 = LINE('',#12040,#12041);
#12040 = CARTESIAN_POINT('',(7.65,0.4,2.25));
#12041 = VECTOR('',#12042,1.);
#12042 = DIRECTION('',(-1.239088197126E-16,1.,0.));
#12043 = ORIENTED_EDGE('',*,*,#12005,.F.);
#12044 = PLANE('',#12045);
#12045 = AXIS2_PLACEMENT_3D('',#12046,#12047,#12048);
#12046 = CARTESIAN_POINT('',(7.65,0.4,2.3));
#12047 = DIRECTION('',(1.,1.239088197126E-16,0.));
#12048 = DIRECTION('',(-1.239088197126E-16,1.,0.));
#12049 = ADVANCED_FACE('',(#12050),#12068,.T.);
#12050 = FACE_BOUND('',#12051,.T.);
#12051 = EDGE_LOOP('',(#12052,#12053,#12061,#12067));
#12052 = ORIENTED_EDGE('',*,*,#11323,.F.);
#12053 = ORIENTED_EDGE('',*,*,#12054,.T.);
#12054 = EDGE_CURVE('',#11316,#12055,#12057,.T.);
#12055 = VERTEX_POINT('',#12056);
#12056 = CARTESIAN_POINT('',(-7.65,0.4,2.25));
#12057 = LINE('',#12058,#12059);
#12058 = CARTESIAN_POINT('',(-7.65,0.4,2.3));
#12059 = VECTOR('',#12060,1.);
#12060 = DIRECTION('',(-0.,-0.,-1.));
#12061 = ORIENTED_EDGE('',*,*,#12062,.T.);
#12062 = EDGE_CURVE('',#12055,#12031,#12063,.T.);
#12063 = LINE('',#12064,#12065);
#12064 = CARTESIAN_POINT('',(-7.65,0.4,2.25));
#12065 = VECTOR('',#12066,1.);
#12066 = DIRECTION('',(1.,-1.417257741811E-16,0.));
#12067 = ORIENTED_EDGE('',*,*,#12030,.F.);
#12068 = PLANE('',#12069);
#12069 = AXIS2_PLACEMENT_3D('',#12070,#12071,#12072);
#12070 = CARTESIAN_POINT('',(-7.65,0.4,2.3));
#12071 = DIRECTION('',(-1.417257741811E-16,-1.,0.));
#12072 = DIRECTION('',(1.,-1.417257741811E-16,0.));
#12073 = ADVANCED_FACE('',(#12074),#12085,.T.);
#12074 = FACE_BOUND('',#12075,.T.);
#12075 = EDGE_LOOP('',(#12076,#12077,#12078,#12084));
#12076 = ORIENTED_EDGE('',*,*,#11315,.F.);
#12077 = ORIENTED_EDGE('',*,*,#11966,.F.);
#12078 = ORIENTED_EDGE('',*,*,#12079,.T.);
#12079 = EDGE_CURVE('',#11958,#12055,#12080,.T.);
#12080 = LINE('',#12081,#12082);
#12081 = CARTESIAN_POINT('',(-7.65,7.4,2.25));
#12082 = VECTOR('',#12083,1.);
#12083 = DIRECTION('',(-1.239088197126E-16,-1.,0.));
#12084 = ORIENTED_EDGE('',*,*,#12054,.F.);
#12085 = PLANE('',#12086);
#12086 = AXIS2_PLACEMENT_3D('',#12087,#12088,#12089);
#12087 = CARTESIAN_POINT('',(-7.65,7.4,2.3));
#12088 = DIRECTION('',(-1.,1.239088197126E-16,0.));
#12089 = DIRECTION('',(-1.239088197126E-16,-1.,0.));
#12090 = ADVANCED_FACE('',(#12091),#12120,.T.);
#12091 = FACE_BOUND('',#12092,.T.);
#12092 = EDGE_LOOP('',(#12093,#12094,#12095,#12104,#12112,#12119));
#12093 = ORIENTED_EDGE('',*,*,#11279,.T.);
#12094 = ORIENTED_EDGE('',*,*,#11747,.F.);
#12095 = ORIENTED_EDGE('',*,*,#12096,.T.);
#12096 = EDGE_CURVE('',#11740,#12097,#12099,.T.);
#12097 = VERTEX_POINT('',#12098);
#12098 = CARTESIAN_POINT('',(7.,8.368245836552,5.25));
#12099 = CIRCLE('',#12100,1.);
#12100 = AXIS2_PLACEMENT_3D('',#12101,#12102,#12103);
#12101 = CARTESIAN_POINT('',(6.75,7.4,5.25));
#12102 = DIRECTION('',(0.,0.,-1.));
#12103 = DIRECTION('',(-1.,0.,0.));
#12104 = ORIENTED_EDGE('',*,*,#12105,.T.);
#12105 = EDGE_CURVE('',#12097,#12106,#12108,.T.);
#12106 = VERTEX_POINT('',#12107);
#12107 = CARTESIAN_POINT('',(7.,8.368245836552,5.5));
#12108 = LINE('',#12109,#12110);
#12109 = CARTESIAN_POINT('',(7.,8.368245836552,5.5));
#12110 = VECTOR('',#12111,1.);
#12111 = DIRECTION('',(0.,0.,1.));
#12112 = ORIENTED_EDGE('',*,*,#12113,.T.);
#12113 = EDGE_CURVE('',#12106,#11356,#12114,.T.);
#12114 = CIRCLE('',#12115,1.);
#12115 = AXIS2_PLACEMENT_3D('',#12116,#12117,#12118);
#12116 = CARTESIAN_POINT('',(6.75,7.4,5.5));
#12117 = DIRECTION('',(0.,0.,-1.));
#12118 = DIRECTION('',(-1.,0.,0.));
#12119 = ORIENTED_EDGE('',*,*,#11355,.F.);
#12120 = CYLINDRICAL_SURFACE('',#12121,1.);
#12121 = AXIS2_PLACEMENT_3D('',#12122,#12123,#12124);
#12122 = CARTESIAN_POINT('',(6.75,7.4,-0.256213597756));
#12123 = DIRECTION('',(0.,0.,-1.));
#12124 = DIRECTION('',(-1.,0.,0.));
#12125 = ADVANCED_FACE('',(#12126),#12144,.F.);
#12126 = FACE_BOUND('',#12127,.T.);
#12127 = EDGE_LOOP('',(#12128,#12136,#12142,#12143));
#12128 = ORIENTED_EDGE('',*,*,#12129,.F.);
#12129 = EDGE_CURVE('',#12130,#12106,#12132,.T.);
#12130 = VERTEX_POINT('',#12131);
#12131 = CARTESIAN_POINT('',(7.,0.,5.5));
#12132 = LINE('',#12133,#12134);
#12133 = CARTESIAN_POINT('',(7.,0.2995,5.5));
#12134 = VECTOR('',#12135,1.);
#12135 = DIRECTION('',(0.,1.,0.));
#12136 = ORIENTED_EDGE('',*,*,#12137,.F.);
#12137 = EDGE_CURVE('',#11364,#12130,#12138,.T.);
#12138 = LINE('',#12139,#12140);
#12139 = CARTESIAN_POINT('',(7.75,0.,5.5));
#12140 = VECTOR('',#12141,1.);
#12141 = DIRECTION('',(-1.,0.,-2.312964634636E-15));
#12142 = ORIENTED_EDGE('',*,*,#11363,.F.);
#12143 = ORIENTED_EDGE('',*,*,#12113,.F.);
#12144 = PLANE('',#12145);
#12145 = AXIS2_PLACEMENT_3D('',#12146,#12147,#12148);
#12146 = CARTESIAN_POINT('',(7.75,0.2995,5.5));
#12147 = DIRECTION('',(2.312964634636E-15,0.,-1.));
#12148 = DIRECTION('',(-1.,0.,-2.312964634636E-15));
#12149 = ADVANCED_FACE('',(#12150),#12204,.F.);
#12150 = FACE_BOUND('',#12151,.T.);
#12151 = EDGE_LOOP('',(#12152,#12162,#12170,#12178,#12186,#12192,#12193,
    #12194,#12195,#12196,#12197,#12198));
#12152 = ORIENTED_EDGE('',*,*,#12153,.T.);
#12153 = EDGE_CURVE('',#12154,#12156,#12158,.T.);
#12154 = VERTEX_POINT('',#12155);
#12155 = CARTESIAN_POINT('',(7.,0.,5.25));
#12156 = VERTEX_POINT('',#12157);
#12157 = CARTESIAN_POINT('',(6.5,0.,5.25));
#12158 = LINE('',#12159,#12160);
#12159 = CARTESIAN_POINT('',(7.,0.,5.25));
#12160 = VECTOR('',#12161,1.);
#12161 = DIRECTION('',(-1.,0.,3.469446951954E-15));
#12162 = ORIENTED_EDGE('',*,*,#12163,.T.);
#12163 = EDGE_CURVE('',#12156,#12164,#12166,.T.);
#12164 = VERTEX_POINT('',#12165);
#12165 = CARTESIAN_POINT('',(6.5,0.,6.75));
#12166 = LINE('',#12167,#12168);
#12167 = CARTESIAN_POINT('',(6.5,0.,6.75));
#12168 = VECTOR('',#12169,1.);
#12169 = DIRECTION('',(0.,0.,1.));
#12170 = ORIENTED_EDGE('',*,*,#12171,.T.);
#12171 = EDGE_CURVE('',#12164,#12172,#12174,.T.);
#12172 = VERTEX_POINT('',#12173);
#12173 = CARTESIAN_POINT('',(7.,0.,6.75));
#12174 = LINE('',#12175,#12176);
#12175 = CARTESIAN_POINT('',(7.,0.,6.75));
#12176 = VECTOR('',#12177,1.);
#12177 = DIRECTION('',(1.,0.,3.469446951954E-15));
#12178 = ORIENTED_EDGE('',*,*,#12179,.T.);
#12179 = EDGE_CURVE('',#12172,#12180,#12182,.T.);
#12180 = VERTEX_POINT('',#12181);
#12181 = CARTESIAN_POINT('',(7.,0.,6.5));
#12182 = LINE('',#12183,#12184);
#12183 = CARTESIAN_POINT('',(7.,0.,6.5));
#12184 = VECTOR('',#12185,1.);
#12185 = DIRECTION('',(0.,0.,-1.));
#12186 = ORIENTED_EDGE('',*,*,#12187,.F.);
#12187 = EDGE_CURVE('',#11805,#12180,#12188,.T.);
#12188 = LINE('',#12189,#12190);
#12189 = CARTESIAN_POINT('',(0.,0.,6.5));
#12190 = VECTOR('',#12191,1.);
#12191 = DIRECTION('',(-1.,0.,0.));
#12192 = ORIENTED_EDGE('',*,*,#11804,.F.);
#12193 = ORIENTED_EDGE('',*,*,#10984,.F.);
#12194 = ORIENTED_EDGE('',*,*,#11419,.T.);
#12195 = ORIENTED_EDGE('',*,*,#11395,.F.);
#12196 = ORIENTED_EDGE('',*,*,#11371,.F.);
#12197 = ORIENTED_EDGE('',*,*,#12137,.T.);
#12198 = ORIENTED_EDGE('',*,*,#12199,.F.);
#12199 = EDGE_CURVE('',#12154,#12130,#12200,.T.);
#12200 = LINE('',#12201,#12202);
#12201 = CARTESIAN_POINT('',(7.,0.,15.35));
#12202 = VECTOR('',#12203,1.);
#12203 = DIRECTION('',(0.,0.,1.));
#12204 = PLANE('',#12205);
#12205 = AXIS2_PLACEMENT_3D('',#12206,#12207,#12208);
#12206 = CARTESIAN_POINT('',(0.,0.,15.35));
#12207 = DIRECTION('',(0.,1.,0.));
#12208 = DIRECTION('',(0.,0.,1.));
#12209 = ADVANCED_FACE('',(#12210),#12229,.T.);
#12210 = FACE_BOUND('',#12211,.T.);
#12211 = EDGE_LOOP('',(#12212,#12213,#12214,#12215,#12223));
#12212 = ORIENTED_EDGE('',*,*,#11436,.F.);
#12213 = ORIENTED_EDGE('',*,*,#11084,.T.);
#12214 = ORIENTED_EDGE('',*,*,#11466,.F.);
#12215 = ORIENTED_EDGE('',*,*,#12216,.T.);
#12216 = EDGE_CURVE('',#11467,#12217,#12219,.T.);
#12217 = VERTEX_POINT('',#12218);
#12218 = CARTESIAN_POINT('',(1.,1.330940107676,15.35));
#12219 = LINE('',#12220,#12221);
#12220 = CARTESIAN_POINT('',(1.,1.1,14.95));
#12221 = VECTOR('',#12222,1.);
#12222 = DIRECTION('',(0.,0.5,0.866025403784));
#12223 = ORIENTED_EDGE('',*,*,#12224,.T.);
#12224 = EDGE_CURVE('',#12217,#11437,#12225,.T.);
#12225 = LINE('',#12226,#12227);
#12226 = CARTESIAN_POINT('',(1.,1.1,15.35));
#12227 = VECTOR('',#12228,1.);
#12228 = DIRECTION('',(-3.771137991254E-16,1.,0.));
#12229 = PLANE('',#12230);
#12230 = AXIS2_PLACEMENT_3D('',#12231,#12232,#12233);
#12231 = CARTESIAN_POINT('',(1.,1.1,7.65));
#12232 = DIRECTION('',(-1.,-3.771137991254E-16,0.));
#12233 = DIRECTION('',(3.771137991254E-16,-1.,0.));
#12234 = ADVANCED_FACE('',(#12235),#12254,.T.);
#12235 = FACE_BOUND('',#12236,.T.);
#12236 = EDGE_LOOP('',(#12237,#12238,#12239,#12247,#12253));
#12237 = ORIENTED_EDGE('',*,*,#11017,.T.);
#12238 = ORIENTED_EDGE('',*,*,#11452,.F.);
#12239 = ORIENTED_EDGE('',*,*,#12240,.T.);
#12240 = EDGE_CURVE('',#11445,#12241,#12243,.T.);
#12241 = VERTEX_POINT('',#12242);
#12242 = CARTESIAN_POINT('',(-1.,1.330940107676,15.35));
#12243 = LINE('',#12244,#12245);
#12244 = CARTESIAN_POINT('',(-1.,1.1,15.35));
#12245 = VECTOR('',#12246,1.);
#12246 = DIRECTION('',(0.,-1.,0.));
#12247 = ORIENTED_EDGE('',*,*,#12248,.T.);
#12248 = EDGE_CURVE('',#12241,#11586,#12249,.T.);
#12249 = LINE('',#12250,#12251);
#12250 = CARTESIAN_POINT('',(-1.,1.330940107676,15.35));
#12251 = VECTOR('',#12252,1.);
#12252 = DIRECTION('',(0.,-0.5,-0.866025403784));
#12253 = ORIENTED_EDGE('',*,*,#11585,.F.);
#12254 = PLANE('',#12255);
#12255 = AXIS2_PLACEMENT_3D('',#12256,#12257,#12258);
#12256 = CARTESIAN_POINT('',(-1.,1.1,7.65));
#12257 = DIRECTION('',(1.,0.,0.));
#12258 = DIRECTION('',(0.,0.,-1.));
#12259 = ADVANCED_FACE('',(#12260,#12335,#12396,#12406),#12416,.T.);
#12260 = FACE_BOUND('',#12261,.T.);
#12261 = EDGE_LOOP('',(#12262,#12273,#12281,#12292,#12293,#12302,#12311,
    #12317,#12318,#12327,#12334));
#12262 = ORIENTED_EDGE('',*,*,#12263,.T.);
#12263 = EDGE_CURVE('',#10799,#12264,#12266,.T.);
#12264 = VERTEX_POINT('',#12265);
#12265 = CARTESIAN_POINT('',(0.404299763745,2.85,15.35));
#12266 = B_SPLINE_CURVE_WITH_KNOTS('',3,(#12267,#12268,#12269,#12270,
    #12271,#12272),.UNSPECIFIED.,.F.,.F.,(4,2,4),(0.,0.5,1.),
  .UNSPECIFIED.);
#12267 = CARTESIAN_POINT('',(0.604299763745,3.05,15.35));
#12268 = CARTESIAN_POINT('',(0.603853166123,2.994691253344,15.35));
#12269 = CARTESIAN_POINT('',(0.583958189161,2.94717853975,15.35));
#12270 = CARTESIAN_POINT('',(0.507484050804,2.869978747775,15.35));
#12271 = CARTESIAN_POINT('',(0.460343598725,2.850452533188,15.35));
#12272 = CARTESIAN_POINT('',(0.404299763745,2.85,15.35));
#12273 = ORIENTED_EDGE('',*,*,#12274,.T.);
#12274 = EDGE_CURVE('',#12264,#12275,#12277,.T.);
#12275 = VERTEX_POINT('',#12276);
#12276 = CARTESIAN_POINT('',(-0.404299763745,2.85,15.35));
#12277 = LINE('',#12278,#12279);
#12278 = CARTESIAN_POINT('',(0.404299763745,2.85,15.35));
#12279 = VECTOR('',#12280,1.);
#12280 = DIRECTION('',(-1.,-0.,-0.));
#12281 = ORIENTED_EDGE('',*,*,#12282,.T.);
#12282 = EDGE_CURVE('',#12275,#10682,#12283,.T.);
#12283 = B_SPLINE_CURVE_WITH_KNOTS('',3,(#12284,#12285,#12286,#12287,
    #12288,#12289,#12290,#12291),.UNSPECIFIED.,.F.,.F.,(4,2,2,4),(0.,0.5
    ,0.75,1.),.UNSPECIFIED.);
#12284 = CARTESIAN_POINT('',(-0.404299763745,2.85,15.35));
#12285 = CARTESIAN_POINT('',(-0.471428108697,2.85072032647,15.35));
#12286 = CARTESIAN_POINT('',(-0.533615788556,2.884546852911,15.35));
#12287 = CARTESIAN_POINT('',(-0.588552421539,2.965264702479,15.35));
#12288 = CARTESIAN_POINT('',(-0.599754771246,2.997480855608,15.35));
#12289 = CARTESIAN_POINT('',(-0.60672749283,3.061417709786,15.35));
#12290 = CARTESIAN_POINT('',(-0.602166364969,3.093388721834,15.35));
#12291 = CARTESIAN_POINT('',(-0.589557748455,3.125362318841,15.35));
#12292 = ORIENTED_EDGE('',*,*,#10681,.T.);
#12293 = ORIENTED_EDGE('',*,*,#12294,.T.);
#12294 = EDGE_CURVE('',#10674,#12295,#12297,.T.);
#12295 = VERTEX_POINT('',#12296);
#12296 = CARTESIAN_POINT('',(-1.311819544647,6.657971014493,15.35));
#12297 = CIRCLE('',#12298,3.25);
#12298 = AXIS2_PLACEMENT_3D('',#12299,#12300,#12301);
#12299 = CARTESIAN_POINT('',(-3.6,4.35,15.35));
#12300 = DIRECTION('',(0.,0.,1.));
#12301 = DIRECTION('',(1.,0.,0.));
#12302 = ORIENTED_EDGE('',*,*,#12303,.T.);
#12303 = EDGE_CURVE('',#12295,#12304,#12306,.T.);
#12304 = VERTEX_POINT('',#12305);
#12305 = CARTESIAN_POINT('',(-1.171008439702,7.,15.35));
#12306 = CIRCLE('',#12307,0.2);
#12307 = AXIS2_PLACEMENT_3D('',#12308,#12309,#12310);
#12308 = CARTESIAN_POINT('',(-1.171008439702,6.8,15.35));
#12309 = DIRECTION('',(0.,-0.,-1.));
#12310 = DIRECTION('',(1.,-2.168404344971E-15,0.));
#12311 = ORIENTED_EDGE('',*,*,#12312,.T.);
#12312 = EDGE_CURVE('',#12304,#10831,#12313,.T.);
#12313 = LINE('',#12314,#12315);
#12314 = CARTESIAN_POINT('',(-3.6,7.,15.35));
#12315 = VECTOR('',#12316,1.);
#12316 = DIRECTION('',(1.,0.,0.));
#12317 = ORIENTED_EDGE('',*,*,#10840,.T.);
#12318 = ORIENTED_EDGE('',*,*,#12319,.T.);
#12319 = EDGE_CURVE('',#10841,#12320,#12322,.T.);
#12320 = VERTEX_POINT('',#12321);
#12321 = CARTESIAN_POINT('',(1.311819544647,6.657971014493,15.35));
#12322 = CIRCLE('',#12323,0.2);
#12323 = AXIS2_PLACEMENT_3D('',#12324,#12325,#12326);
#12324 = CARTESIAN_POINT('',(1.171008439702,6.8,15.35));
#12325 = DIRECTION('',(0.,0.,-1.));
#12326 = DIRECTION('',(1.,0.,0.));
#12327 = ORIENTED_EDGE('',*,*,#12328,.T.);
#12328 = EDGE_CURVE('',#12320,#10791,#12329,.T.);
#12329 = CIRCLE('',#12330,3.25);
#12330 = AXIS2_PLACEMENT_3D('',#12331,#12332,#12333);
#12331 = CARTESIAN_POINT('',(3.6,4.35,15.35));
#12332 = DIRECTION('',(0.,0.,1.));
#12333 = DIRECTION('',(1.,0.,0.));
#12334 = ORIENTED_EDGE('',*,*,#10798,.T.);
#12335 = FACE_BOUND('',#12336,.T.);
#12336 = EDGE_LOOP('',(#12337,#12338,#12339,#12340,#12348,#12357,#12365,
    #12374,#12382,#12389,#12390));
#12337 = ORIENTED_EDGE('',*,*,#12240,.F.);
#12338 = ORIENTED_EDGE('',*,*,#11444,.F.);
#12339 = ORIENTED_EDGE('',*,*,#12224,.F.);
#12340 = ORIENTED_EDGE('',*,*,#12341,.T.);
#12341 = EDGE_CURVE('',#12217,#12342,#12344,.T.);
#12342 = VERTEX_POINT('',#12343);
#12343 = CARTESIAN_POINT('',(5.95,1.330940107676,15.35));
#12344 = LINE('',#12345,#12346);
#12345 = CARTESIAN_POINT('',(-3.6,1.330940107676,15.35));
#12346 = VECTOR('',#12347,1.);
#12347 = DIRECTION('',(1.,0.,0.));
#12348 = ORIENTED_EDGE('',*,*,#12349,.T.);
#12349 = EDGE_CURVE('',#12342,#12350,#12352,.T.);
#12350 = VERTEX_POINT('',#12351);
#12351 = CARTESIAN_POINT('',(6.719059892324,2.1,15.35));
#12352 = CIRCLE('',#12353,0.769059892393);
#12353 = AXIS2_PLACEMENT_3D('',#12354,#12355,#12356);
#12354 = CARTESIAN_POINT('',(5.95,2.1,15.35));
#12355 = DIRECTION('',(0.,-0.,1.));
#12356 = DIRECTION('',(-1.,0.,0.));
#12357 = ORIENTED_EDGE('',*,*,#12358,.T.);
#12358 = EDGE_CURVE('',#12350,#12359,#12361,.T.);
#12359 = VERTEX_POINT('',#12360);
#12360 = CARTESIAN_POINT('',(6.719059892324,6.6,15.35));
#12361 = LINE('',#12362,#12363);
#12362 = CARTESIAN_POINT('',(6.719059892324,4.35,15.35));
#12363 = VECTOR('',#12364,1.);
#12364 = DIRECTION('',(0.,1.,0.));
#12365 = ORIENTED_EDGE('',*,*,#12366,.T.);
#12366 = EDGE_CURVE('',#12359,#12367,#12369,.T.);
#12367 = VERTEX_POINT('',#12368);
#12368 = CARTESIAN_POINT('',(5.95,7.369059892324,15.35));
#12369 = CIRCLE('',#12370,0.769059892336);
#12370 = AXIS2_PLACEMENT_3D('',#12371,#12372,#12373);
#12371 = CARTESIAN_POINT('',(5.95,6.6,15.35));
#12372 = DIRECTION('',(0.,-0.,1.));
#12373 = DIRECTION('',(-1.,0.,0.));
#12374 = ORIENTED_EDGE('',*,*,#12375,.T.);
#12375 = EDGE_CURVE('',#12367,#12376,#12378,.T.);
#12376 = VERTEX_POINT('',#12377);
#12377 = CARTESIAN_POINT('',(-3.6,7.369059892291,15.350000000057));
#12378 = LINE('',#12379,#12380);
#12379 = CARTESIAN_POINT('',(-3.6,7.369059892324,15.35));
#12380 = VECTOR('',#12381,1.);
#12381 = DIRECTION('',(-1.,0.,0.));
#12382 = ORIENTED_EDGE('',*,*,#12383,.T.);
#12383 = EDGE_CURVE('',#12376,#10621,#12384,.T.);
#12384 = CIRCLE('',#12385,3.019059892315);
#12385 = AXIS2_PLACEMENT_3D('',#12386,#12387,#12388);
#12386 = CARTESIAN_POINT('',(-3.6,4.35,15.350000000114));
#12387 = DIRECTION('',(0.,-0.,1.));
#12388 = DIRECTION('',(-1.,0.,0.));
#12389 = ORIENTED_EDGE('',*,*,#10620,.T.);
#12390 = ORIENTED_EDGE('',*,*,#12391,.T.);
#12391 = EDGE_CURVE('',#10623,#12241,#12392,.T.);
#12392 = LINE('',#12393,#12394);
#12393 = CARTESIAN_POINT('',(-3.6,1.330940107676,15.35));
#12394 = VECTOR('',#12395,1.);
#12395 = DIRECTION('',(1.,0.,0.));
#12396 = FACE_BOUND('',#12397,.T.);
#12397 = EDGE_LOOP('',(#12398,#12399));
#12398 = ORIENTED_EDGE('',*,*,#10714,.T.);
#12399 = ORIENTED_EDGE('',*,*,#12400,.T.);
#12400 = EDGE_CURVE('',#10715,#10707,#12401,.T.);
#12401 = CIRCLE('',#12402,2.05);
#12402 = AXIS2_PLACEMENT_3D('',#12403,#12404,#12405);
#12403 = CARTESIAN_POINT('',(-3.6,4.35,15.35));
#12404 = DIRECTION('',(0.,0.,-1.));
#12405 = DIRECTION('',(1.,0.,0.));
#12406 = FACE_BOUND('',#12407,.T.);
#12407 = EDGE_LOOP('',(#12408,#12409));
#12408 = ORIENTED_EDGE('',*,*,#10756,.T.);
#12409 = ORIENTED_EDGE('',*,*,#12410,.T.);
#12410 = EDGE_CURVE('',#10757,#10749,#12411,.T.);
#12411 = CIRCLE('',#12412,2.05);
#12412 = AXIS2_PLACEMENT_3D('',#12413,#12414,#12415);
#12413 = CARTESIAN_POINT('',(3.6,4.35,15.35));
#12414 = DIRECTION('',(0.,0.,-1.));
#12415 = DIRECTION('',(1.,0.,0.));
#12416 = PLANE('',#12417);
#12417 = AXIS2_PLACEMENT_3D('',#12418,#12419,#12420);
#12418 = CARTESIAN_POINT('',(-3.6,4.35,15.35));
#12419 = DIRECTION('',(0.,0.,1.));
#12420 = DIRECTION('',(1.,0.,0.));
#12421 = ADVANCED_FACE('',(#12422),#12433,.F.);
#12422 = FACE_BOUND('',#12423,.T.);
#12423 = EDGE_LOOP('',(#12424,#12425,#12431,#12432));
#12424 = ORIENTED_EDGE('',*,*,#11483,.F.);
#12425 = ORIENTED_EDGE('',*,*,#12426,.F.);
#12426 = EDGE_CURVE('',#12342,#11476,#12427,.T.);
#12427 = LINE('',#12428,#12429);
#12428 = CARTESIAN_POINT('',(5.95,1.330940107676,15.35));
#12429 = VECTOR('',#12430,1.);
#12430 = DIRECTION('',(-0.,-0.5,-0.866025403784));
#12431 = ORIENTED_EDGE('',*,*,#12341,.F.);
#12432 = ORIENTED_EDGE('',*,*,#12216,.F.);
#12433 = PLANE('',#12434);
#12434 = AXIS2_PLACEMENT_3D('',#12435,#12436,#12437);
#12435 = CARTESIAN_POINT('',(-3.6,1.330940107676,15.35));
#12436 = DIRECTION('',(-1.517489493674E-16,0.866025403784,-0.5));
#12437 = DIRECTION('',(0.,0.5,0.866025403784));
#12438 = ADVANCED_FACE('',(#12439),#12451,.T.);
#12439 = FACE_BOUND('',#12440,.T.);
#12440 = EDGE_LOOP('',(#12441,#12442,#12443,#12444));
#12441 = ORIENTED_EDGE('',*,*,#11475,.F.);
#12442 = ORIENTED_EDGE('',*,*,#11067,.T.);
#12443 = ORIENTED_EDGE('',*,*,#11497,.F.);
#12444 = ORIENTED_EDGE('',*,*,#12445,.T.);
#12445 = EDGE_CURVE('',#11498,#11476,#12446,.T.);
#12446 = CIRCLE('',#12447,1.);
#12447 = AXIS2_PLACEMENT_3D('',#12448,#12449,#12450);
#12448 = CARTESIAN_POINT('',(5.95,2.1,14.95));
#12449 = DIRECTION('',(0.,0.,-1.));
#12450 = DIRECTION('',(1.,0.,0.));
#12451 = CYLINDRICAL_SURFACE('',#12452,1.);
#12452 = AXIS2_PLACEMENT_3D('',#12453,#12454,#12455);
#12453 = CARTESIAN_POINT('',(5.95,2.1,7.65));
#12454 = DIRECTION('',(0.,0.,1.));
#12455 = DIRECTION('',(1.,0.,0.));
#12456 = ADVANCED_FACE('',(#12457),#12473,.F.);
#12457 = FACE_BOUND('',#12458,.T.);
#12458 = EDGE_LOOP('',(#12459,#12460,#12466,#12467));
#12459 = ORIENTED_EDGE('',*,*,#12358,.F.);
#12460 = ORIENTED_EDGE('',*,*,#12461,.F.);
#12461 = EDGE_CURVE('',#11498,#12350,#12462,.T.);
#12462 = LINE('',#12463,#12464);
#12463 = CARTESIAN_POINT('',(6.719059892324,2.1,15.35));
#12464 = VECTOR('',#12465,1.);
#12465 = DIRECTION('',(-0.5,0.,0.866025403784));
#12466 = ORIENTED_EDGE('',*,*,#11514,.F.);
#12467 = ORIENTED_EDGE('',*,*,#12468,.F.);
#12468 = EDGE_CURVE('',#12359,#11507,#12469,.T.);
#12469 = LINE('',#12470,#12471);
#12470 = CARTESIAN_POINT('',(6.719059892324,6.6,15.35));
#12471 = VECTOR('',#12472,1.);
#12472 = DIRECTION('',(0.5,0.,-0.866025403784));
#12473 = PLANE('',#12474);
#12474 = AXIS2_PLACEMENT_3D('',#12475,#12476,#12477);
#12475 = CARTESIAN_POINT('',(6.719059892324,4.35,15.35));
#12476 = DIRECTION('',(-0.866025403784,-1.669238443041E-16,-0.5));
#12477 = DIRECTION('',(-0.5,0.,0.866025403784));
#12478 = ADVANCED_FACE('',(#12479),#12491,.T.);
#12479 = FACE_BOUND('',#12480,.T.);
#12480 = EDGE_LOOP('',(#12481,#12482,#12483,#12484));
#12481 = ORIENTED_EDGE('',*,*,#11506,.F.);
#12482 = ORIENTED_EDGE('',*,*,#11050,.T.);
#12483 = ORIENTED_EDGE('',*,*,#11528,.F.);
#12484 = ORIENTED_EDGE('',*,*,#12485,.T.);
#12485 = EDGE_CURVE('',#11529,#11507,#12486,.T.);
#12486 = CIRCLE('',#12487,1.);
#12487 = AXIS2_PLACEMENT_3D('',#12488,#12489,#12490);
#12488 = CARTESIAN_POINT('',(5.95,6.6,14.95));
#12489 = DIRECTION('',(0.,0.,-1.));
#12490 = DIRECTION('',(1.,0.,0.));
#12491 = CYLINDRICAL_SURFACE('',#12492,1.);
#12492 = AXIS2_PLACEMENT_3D('',#12493,#12494,#12495);
#12493 = CARTESIAN_POINT('',(5.95,6.6,7.65));
#12494 = DIRECTION('',(0.,0.,1.));
#12495 = DIRECTION('',(1.,0.,0.));
#12496 = ADVANCED_FACE('',(#12497),#12513,.F.);
#12497 = FACE_BOUND('',#12498,.T.);
#12498 = EDGE_LOOP('',(#12499,#12500,#12506,#12507));
#12499 = ORIENTED_EDGE('',*,*,#12375,.F.);
#12500 = ORIENTED_EDGE('',*,*,#12501,.F.);
#12501 = EDGE_CURVE('',#11529,#12367,#12502,.T.);
#12502 = LINE('',#12503,#12504);
#12503 = CARTESIAN_POINT('',(5.95,7.369059892324,15.35));
#12504 = VECTOR('',#12505,1.);
#12505 = DIRECTION('',(0.,-0.5,0.866025403784));
#12506 = ORIENTED_EDGE('',*,*,#11545,.F.);
#12507 = ORIENTED_EDGE('',*,*,#12508,.F.);
#12508 = EDGE_CURVE('',#12376,#11538,#12509,.T.);
#12509 = LINE('',#12510,#12511);
#12510 = CARTESIAN_POINT('',(-3.6,7.369059892324,15.35));
#12511 = VECTOR('',#12512,1.);
#12512 = DIRECTION('',(0.,0.5,-0.866025403784));
#12513 = PLANE('',#12514);
#12514 = AXIS2_PLACEMENT_3D('',#12515,#12516,#12517);
#12515 = CARTESIAN_POINT('',(-3.6,7.369059892324,15.35));
#12516 = DIRECTION('',(0.,-0.866025403784,-0.5));
#12517 = DIRECTION('',(0.,0.5,-0.866025403784));
#12518 = ADVANCED_FACE('',(#12519),#12525,.T.);
#12519 = FACE_BOUND('',#12520,.T.);
#12520 = EDGE_LOOP('',(#12521,#12522,#12523,#12524));
#12521 = ORIENTED_EDGE('',*,*,#10631,.F.);
#12522 = ORIENTED_EDGE('',*,*,#12383,.F.);
#12523 = ORIENTED_EDGE('',*,*,#12508,.T.);
#12524 = ORIENTED_EDGE('',*,*,#11568,.F.);
#12525 = CONICAL_SURFACE('',#12526,3.249999999929,0.523598775592);
#12526 = AXIS2_PLACEMENT_3D('',#12527,#12528,#12529);
#12527 = CARTESIAN_POINT('',(-3.6,4.35,14.950000000214));
#12528 = DIRECTION('',(0.,0.,-1.));
#12529 = DIRECTION('',(-1.,0.,0.));
#12530 = ADVANCED_FACE('',(#12531),#12537,.F.);
#12531 = FACE_BOUND('',#12532,.T.);
#12532 = EDGE_LOOP('',(#12533,#12534,#12535,#12536));
#12533 = ORIENTED_EDGE('',*,*,#12391,.F.);
#12534 = ORIENTED_EDGE('',*,*,#10648,.F.);
#12535 = ORIENTED_EDGE('',*,*,#11593,.F.);
#12536 = ORIENTED_EDGE('',*,*,#12248,.F.);
#12537 = PLANE('',#12538);
#12538 = AXIS2_PLACEMENT_3D('',#12539,#12540,#12541);
#12539 = CARTESIAN_POINT('',(-3.6,1.330940107676,15.35));
#12540 = DIRECTION('',(0.,0.866025403784,-0.5));
#12541 = DIRECTION('',(0.,0.5,0.866025403784));
#12542 = ADVANCED_FACE('',(#12543),#12554,.F.);
#12543 = FACE_BOUND('',#12544,.T.);
#12544 = EDGE_LOOP('',(#12545,#12551,#12552,#12553));
#12545 = ORIENTED_EDGE('',*,*,#12546,.F.);
#12546 = EDGE_CURVE('',#11859,#11652,#12547,.T.);
#12547 = LINE('',#12548,#12549);
#12548 = CARTESIAN_POINT('',(-7.,0.2995,6.5));
#12549 = VECTOR('',#12550,1.);
#12550 = DIRECTION('',(0.,1.,0.));
#12551 = ORIENTED_EDGE('',*,*,#11858,.T.);
#12552 = ORIENTED_EDGE('',*,*,#11616,.F.);
#12553 = ORIENTED_EDGE('',*,*,#11659,.F.);
#12554 = PLANE('',#12555);
#12555 = AXIS2_PLACEMENT_3D('',#12556,#12557,#12558);
#12556 = CARTESIAN_POINT('',(-7.75,0.2995,6.5));
#12557 = DIRECTION('',(0.,0.,1.));
#12558 = DIRECTION('',(1.,0.,0.));
#12559 = ADVANCED_FACE('',(#12560),#12571,.F.);
#12560 = FACE_BOUND('',#12561,.T.);
#12561 = EDGE_LOOP('',(#12562,#12563,#12564,#12570));
#12562 = ORIENTED_EDGE('',*,*,#11812,.F.);
#12563 = ORIENTED_EDGE('',*,*,#12187,.T.);
#12564 = ORIENTED_EDGE('',*,*,#12565,.F.);
#12565 = EDGE_CURVE('',#11764,#12180,#12566,.T.);
#12566 = LINE('',#12567,#12568);
#12567 = CARTESIAN_POINT('',(7.,0.2995,6.5));
#12568 = VECTOR('',#12569,1.);
#12569 = DIRECTION('',(0.,-1.,0.));
#12570 = ORIENTED_EDGE('',*,*,#11761,.F.);
#12571 = PLANE('',#12572);
#12572 = AXIS2_PLACEMENT_3D('',#12573,#12574,#12575);
#12573 = CARTESIAN_POINT('',(7.75,0.2995,6.5));
#12574 = DIRECTION('',(-2.312964634636E-15,0.,1.));
#12575 = DIRECTION('',(1.,0.,2.312964634636E-15));
#12576 = ADVANCED_FACE('',(#12577),#12588,.F.);
#12577 = FACE_BOUND('',#12578,.T.);
#12578 = EDGE_LOOP('',(#12579,#12580,#12581,#12587));
#12579 = ORIENTED_EDGE('',*,*,#11933,.T.);
#12580 = ORIENTED_EDGE('',*,*,#11839,.F.);
#12581 = ORIENTED_EDGE('',*,*,#12582,.F.);
#12582 = EDGE_CURVE('',#11908,#11832,#12583,.T.);
#12583 = LINE('',#12584,#12585);
#12584 = CARTESIAN_POINT('',(-7.,0.2995,5.25));
#12585 = VECTOR('',#12586,1.);
#12586 = DIRECTION('',(0.,-1.,0.));
#12587 = ORIENTED_EDGE('',*,*,#11907,.F.);
#12588 = PLANE('',#12589);
#12589 = AXIS2_PLACEMENT_3D('',#12590,#12591,#12592);
#12590 = CARTESIAN_POINT('',(-7.,0.2995,5.5));
#12591 = DIRECTION('',(-1.,0.,0.));
#12592 = DIRECTION('',(0.,0.,1.));
#12593 = ADVANCED_FACE('',(#12594,#12678),#12686,.F.);
#12594 = FACE_BOUND('',#12595,.T.);
#12595 = EDGE_LOOP('',(#12596,#12606,#12614,#12622,#12630,#12638,#12646,
    #12654,#12663,#12671));
#12596 = ORIENTED_EDGE('',*,*,#12597,.F.);
#12597 = EDGE_CURVE('',#12598,#12600,#12602,.T.);
#12598 = VERTEX_POINT('',#12599);
#12599 = CARTESIAN_POINT('',(-7.75,0.3,2.25));
#12600 = VERTEX_POINT('',#12601);
#12601 = CARTESIAN_POINT('',(-7.75,7.4,2.25));
#12602 = LINE('',#12603,#12604);
#12603 = CARTESIAN_POINT('',(-7.75,7.4,2.25));
#12604 = VECTOR('',#12605,1.);
#12605 = DIRECTION('',(0.,1.,0.));
#12606 = ORIENTED_EDGE('',*,*,#12607,.F.);
#12607 = EDGE_CURVE('',#12608,#12598,#12610,.T.);
#12608 = VERTEX_POINT('',#12609);
#12609 = CARTESIAN_POINT('',(-1.,0.3,2.25));
#12610 = LINE('',#12611,#12612);
#12611 = CARTESIAN_POINT('',(-6.75,0.3,2.25));
#12612 = VECTOR('',#12613,1.);
#12613 = DIRECTION('',(-1.,0.,0.));
#12614 = ORIENTED_EDGE('',*,*,#12615,.T.);
#12615 = EDGE_CURVE('',#12608,#12616,#12618,.T.);
#12616 = VERTEX_POINT('',#12617);
#12617 = CARTESIAN_POINT('',(-1.,0.,2.25));
#12618 = LINE('',#12619,#12620);
#12619 = CARTESIAN_POINT('',(-1.,0.,2.25));
#12620 = VECTOR('',#12621,1.);
#12621 = DIRECTION('',(-0.,-1.,-0.));
#12622 = ORIENTED_EDGE('',*,*,#12623,.F.);
#12623 = EDGE_CURVE('',#12624,#12616,#12626,.T.);
#12624 = VERTEX_POINT('',#12625);
#12625 = CARTESIAN_POINT('',(1.,0.,2.25));
#12626 = LINE('',#12627,#12628);
#12627 = CARTESIAN_POINT('',(-6.75,0.,2.25));
#12628 = VECTOR('',#12629,1.);
#12629 = DIRECTION('',(-1.,0.,0.));
#12630 = ORIENTED_EDGE('',*,*,#12631,.T.);
#12631 = EDGE_CURVE('',#12624,#12632,#12634,.T.);
#12632 = VERTEX_POINT('',#12633);
#12633 = CARTESIAN_POINT('',(1.,0.3,2.25));
#12634 = LINE('',#12635,#12636);
#12635 = CARTESIAN_POINT('',(1.,0.,2.25));
#12636 = VECTOR('',#12637,1.);
#12637 = DIRECTION('',(0.,1.,0.));
#12638 = ORIENTED_EDGE('',*,*,#12639,.F.);
#12639 = EDGE_CURVE('',#12640,#12632,#12642,.T.);
#12640 = VERTEX_POINT('',#12641);
#12641 = CARTESIAN_POINT('',(7.75,0.3,2.25));
#12642 = LINE('',#12643,#12644);
#12643 = CARTESIAN_POINT('',(-6.75,0.3,2.25));
#12644 = VECTOR('',#12645,1.);
#12645 = DIRECTION('',(-1.,0.,0.));
#12646 = ORIENTED_EDGE('',*,*,#12647,.F.);
#12647 = EDGE_CURVE('',#12648,#12640,#12650,.T.);
#12648 = VERTEX_POINT('',#12649);
#12649 = CARTESIAN_POINT('',(7.75,7.4,2.25));
#12650 = LINE('',#12651,#12652);
#12651 = CARTESIAN_POINT('',(7.75,7.4,2.25));
#12652 = VECTOR('',#12653,1.);
#12653 = DIRECTION('',(-0.,-1.,-0.));
#12654 = ORIENTED_EDGE('',*,*,#12655,.F.);
#12655 = EDGE_CURVE('',#12656,#12648,#12658,.T.);
#12656 = VERTEX_POINT('',#12657);
#12657 = CARTESIAN_POINT('',(6.75,8.4,2.25));
#12658 = CIRCLE('',#12659,1.);
#12659 = AXIS2_PLACEMENT_3D('',#12660,#12661,#12662);
#12660 = CARTESIAN_POINT('',(6.75,7.4,2.25));
#12661 = DIRECTION('',(0.,0.,-1.));
#12662 = DIRECTION('',(-1.,0.,0.));
#12663 = ORIENTED_EDGE('',*,*,#12664,.F.);
#12664 = EDGE_CURVE('',#12665,#12656,#12667,.T.);
#12665 = VERTEX_POINT('',#12666);
#12666 = CARTESIAN_POINT('',(-6.75,8.4,2.25));
#12667 = LINE('',#12668,#12669);
#12668 = CARTESIAN_POINT('',(-6.75,8.4,2.25));
#12669 = VECTOR('',#12670,1.);
#12670 = DIRECTION('',(1.,0.,0.));
#12671 = ORIENTED_EDGE('',*,*,#12672,.F.);
#12672 = EDGE_CURVE('',#12600,#12665,#12673,.T.);
#12673 = CIRCLE('',#12674,1.);
#12674 = AXIS2_PLACEMENT_3D('',#12675,#12676,#12677);
#12675 = CARTESIAN_POINT('',(-6.75,7.4,2.25));
#12676 = DIRECTION('',(0.,0.,-1.));
#12677 = DIRECTION('',(1.,0.,0.));
#12678 = FACE_BOUND('',#12679,.T.);
#12679 = EDGE_LOOP('',(#12680,#12681,#12682,#12683,#12684,#12685));
#12680 = ORIENTED_EDGE('',*,*,#11989,.F.);
#12681 = ORIENTED_EDGE('',*,*,#12013,.F.);
#12682 = ORIENTED_EDGE('',*,*,#12038,.F.);
#12683 = ORIENTED_EDGE('',*,*,#12062,.F.);
#12684 = ORIENTED_EDGE('',*,*,#12079,.F.);
#12685 = ORIENTED_EDGE('',*,*,#11957,.F.);
#12686 = PLANE('',#12687);
#12687 = AXIS2_PLACEMENT_3D('',#12688,#12689,#12690);
#12688 = CARTESIAN_POINT('',(-6.75,7.4,2.25));
#12689 = DIRECTION('',(0.,0.,-1.));
#12690 = DIRECTION('',(-1.,0.,0.));
#12691 = ADVANCED_FACE('',(#12692),#12703,.F.);
#12692 = FACE_BOUND('',#12693,.T.);
#12693 = EDGE_LOOP('',(#12694,#12700,#12701,#12702));
#12694 = ORIENTED_EDGE('',*,*,#12695,.F.);
#12695 = EDGE_CURVE('',#12154,#12097,#12696,.T.);
#12696 = LINE('',#12697,#12698);
#12697 = CARTESIAN_POINT('',(7.,0.2995,5.25));
#12698 = VECTOR('',#12699,1.);
#12699 = DIRECTION('',(0.,1.,0.));
#12700 = ORIENTED_EDGE('',*,*,#12199,.T.);
#12701 = ORIENTED_EDGE('',*,*,#12129,.T.);
#12702 = ORIENTED_EDGE('',*,*,#12105,.F.);
#12703 = PLANE('',#12704);
#12704 = AXIS2_PLACEMENT_3D('',#12705,#12706,#12707);
#12705 = CARTESIAN_POINT('',(7.,0.2995,5.5));
#12706 = DIRECTION('',(1.,0.,0.));
#12707 = DIRECTION('',(0.,0.,-1.));
#12708 = ADVANCED_FACE('',(#12709),#12728,.T.);
#12709 = FACE_BOUND('',#12710,.T.);
#12710 = EDGE_LOOP('',(#12711,#12720,#12721,#12722));
#12711 = ORIENTED_EDGE('',*,*,#12712,.T.);
#12712 = EDGE_CURVE('',#12713,#10789,#12715,.T.);
#12713 = VERTEX_POINT('',#12714);
#12714 = CARTESIAN_POINT('',(1.311819544647,6.657971014493,7.65));
#12715 = CIRCLE('',#12716,3.25);
#12716 = AXIS2_PLACEMENT_3D('',#12717,#12718,#12719);
#12717 = CARTESIAN_POINT('',(3.6,4.35,7.65));
#12718 = DIRECTION('',(0.,0.,1.));
#12719 = DIRECTION('',(1.,0.,0.));
#12720 = ORIENTED_EDGE('',*,*,#10788,.T.);
#12721 = ORIENTED_EDGE('',*,*,#12328,.F.);
#12722 = ORIENTED_EDGE('',*,*,#12723,.T.);
#12723 = EDGE_CURVE('',#12320,#12713,#12724,.T.);
#12724 = LINE('',#12725,#12726);
#12725 = CARTESIAN_POINT('',(1.311819544647,6.657971014493,7.65));
#12726 = VECTOR('',#12727,1.);
#12727 = DIRECTION('',(-0.,-0.,-1.));
#12728 = CYLINDRICAL_SURFACE('',#12729,3.25);
#12729 = AXIS2_PLACEMENT_3D('',#12730,#12731,#12732);
#12730 = CARTESIAN_POINT('',(3.6,4.35,7.65));
#12731 = DIRECTION('',(0.,0.,1.));
#12732 = DIRECTION('',(1.,0.,0.));
#12733 = ADVANCED_FACE('',(#12734),#12752,.F.);
#12734 = FACE_BOUND('',#12735,.T.);
#12735 = EDGE_LOOP('',(#12736,#12744,#12750,#12751));
#12736 = ORIENTED_EDGE('',*,*,#12737,.F.);
#12737 = EDGE_CURVE('',#12738,#12304,#12740,.T.);
#12738 = VERTEX_POINT('',#12739);
#12739 = CARTESIAN_POINT('',(-1.171008439702,7.,7.65));
#12740 = LINE('',#12741,#12742);
#12741 = CARTESIAN_POINT('',(-1.171008439702,7.,7.65));
#12742 = VECTOR('',#12743,1.);
#12743 = DIRECTION('',(0.,0.,1.));
#12744 = ORIENTED_EDGE('',*,*,#12745,.F.);
#12745 = EDGE_CURVE('',#10833,#12738,#12746,.T.);
#12746 = LINE('',#12747,#12748);
#12747 = CARTESIAN_POINT('',(-1.171008439702,7.,7.65));
#12748 = VECTOR('',#12749,1.);
#12749 = DIRECTION('',(-1.,-1.851741004978E-16,0.));
#12750 = ORIENTED_EDGE('',*,*,#10830,.F.);
#12751 = ORIENTED_EDGE('',*,*,#12312,.F.);
#12752 = PLANE('',#12753);
#12753 = AXIS2_PLACEMENT_3D('',#12754,#12755,#12756);
#12754 = CARTESIAN_POINT('',(-1.171008439702,7.,7.65));
#12755 = DIRECTION('',(-1.851741004978E-16,1.,0.));
#12756 = DIRECTION('',(-1.,-1.851741004978E-16,0.));
#12757 = ADVANCED_FACE('',(#12758),#12777,.T.);
#12758 = FACE_BOUND('',#12759,.T.);
#12759 = EDGE_LOOP('',(#12760,#12761,#12770,#12776));
#12760 = ORIENTED_EDGE('',*,*,#10673,.F.);
#12761 = ORIENTED_EDGE('',*,*,#12762,.T.);
#12762 = EDGE_CURVE('',#10665,#12763,#12765,.T.);
#12763 = VERTEX_POINT('',#12764);
#12764 = CARTESIAN_POINT('',(-1.311819544647,6.657971014493,7.65));
#12765 = CIRCLE('',#12766,3.25);
#12766 = AXIS2_PLACEMENT_3D('',#12767,#12768,#12769);
#12767 = CARTESIAN_POINT('',(-3.6,4.35,7.65));
#12768 = DIRECTION('',(0.,0.,1.));
#12769 = DIRECTION('',(1.,0.,0.));
#12770 = ORIENTED_EDGE('',*,*,#12771,.T.);
#12771 = EDGE_CURVE('',#12763,#12295,#12772,.T.);
#12772 = LINE('',#12773,#12774);
#12773 = CARTESIAN_POINT('',(-1.311819544647,6.657971014493,7.65));
#12774 = VECTOR('',#12775,1.);
#12775 = DIRECTION('',(0.,0.,1.));
#12776 = ORIENTED_EDGE('',*,*,#12294,.F.);
#12777 = CYLINDRICAL_SURFACE('',#12778,3.25);
#12778 = AXIS2_PLACEMENT_3D('',#12779,#12780,#12781);
#12779 = CARTESIAN_POINT('',(-3.6,4.35,7.65));
#12780 = DIRECTION('',(0.,0.,1.));
#12781 = DIRECTION('',(1.,0.,0.));
#12782 = ADVANCED_FACE('',(#12783),#12789,.T.);
#12783 = FACE_BOUND('',#12784,.T.);
#12784 = EDGE_LOOP('',(#12785,#12786,#12787,#12788));
#12785 = ORIENTED_EDGE('',*,*,#12468,.T.);
#12786 = ORIENTED_EDGE('',*,*,#12485,.F.);
#12787 = ORIENTED_EDGE('',*,*,#12501,.T.);
#12788 = ORIENTED_EDGE('',*,*,#12366,.F.);
#12789 = CONICAL_SURFACE('',#12790,0.999999999992,0.523598775608);
#12790 = AXIS2_PLACEMENT_3D('',#12791,#12792,#12793);
#12791 = CARTESIAN_POINT('',(5.95,6.6,14.950000000044));
#12792 = DIRECTION('',(0.,0.,-1.));
#12793 = DIRECTION('',(-1.,0.,0.));
#12794 = ADVANCED_FACE('',(#12795),#12801,.T.);
#12795 = FACE_BOUND('',#12796,.T.);
#12796 = EDGE_LOOP('',(#12797,#12798,#12799,#12800));
#12797 = ORIENTED_EDGE('',*,*,#12426,.T.);
#12798 = ORIENTED_EDGE('',*,*,#12445,.F.);
#12799 = ORIENTED_EDGE('',*,*,#12461,.T.);
#12800 = ORIENTED_EDGE('',*,*,#12349,.F.);
#12801 = CONICAL_SURFACE('',#12802,1.000000000049,0.523598775608);
#12802 = AXIS2_PLACEMENT_3D('',#12803,#12804,#12805);
#12803 = CARTESIAN_POINT('',(5.95,2.1,14.950000000044));
#12804 = DIRECTION('',(0.,0.,-1.));
#12805 = DIRECTION('',(-1.,0.,0.));
#12806 = ADVANCED_FACE('',(#12807),#12819,.F.);
#12807 = FACE_BOUND('',#12808,.F.);
#12808 = EDGE_LOOP('',(#12809,#12810,#12811,#12818));
#12809 = ORIENTED_EDGE('',*,*,#12400,.T.);
#12810 = ORIENTED_EDGE('',*,*,#10704,.F.);
#12811 = ORIENTED_EDGE('',*,*,#12812,.T.);
#12812 = EDGE_CURVE('',#10705,#10724,#12813,.T.);
#12813 = CIRCLE('',#12814,2.05);
#12814 = AXIS2_PLACEMENT_3D('',#12815,#12816,#12817);
#12815 = CARTESIAN_POINT('',(-3.6,4.35,4.05));
#12816 = DIRECTION('',(0.,0.,1.));
#12817 = DIRECTION('',(1.,0.,0.));
#12818 = ORIENTED_EDGE('',*,*,#10723,.T.);
#12819 = CYLINDRICAL_SURFACE('',#12820,2.05);
#12820 = AXIS2_PLACEMENT_3D('',#12821,#12822,#12823);
#12821 = CARTESIAN_POINT('',(-3.6,4.35,4.05));
#12822 = DIRECTION('',(0.,0.,1.));
#12823 = DIRECTION('',(1.,0.,0.));
#12824 = ADVANCED_FACE('',(#12825),#12837,.F.);
#12825 = FACE_BOUND('',#12826,.F.);
#12826 = EDGE_LOOP('',(#12827,#12828,#12829,#12836));
#12827 = ORIENTED_EDGE('',*,*,#12410,.T.);
#12828 = ORIENTED_EDGE('',*,*,#10746,.F.);
#12829 = ORIENTED_EDGE('',*,*,#12830,.T.);
#12830 = EDGE_CURVE('',#10747,#10766,#12831,.T.);
#12831 = CIRCLE('',#12832,2.05);
#12832 = AXIS2_PLACEMENT_3D('',#12833,#12834,#12835);
#12833 = CARTESIAN_POINT('',(3.6,4.35,4.05));
#12834 = DIRECTION('',(0.,0.,1.));
#12835 = DIRECTION('',(1.,0.,0.));
#12836 = ORIENTED_EDGE('',*,*,#10765,.T.);
#12837 = CYLINDRICAL_SURFACE('',#12838,2.05);
#12838 = AXIS2_PLACEMENT_3D('',#12839,#12840,#12841);
#12839 = CARTESIAN_POINT('',(3.6,4.35,4.05));
#12840 = DIRECTION('',(0.,0.,1.));
#12841 = DIRECTION('',(1.,0.,0.));
#12842 = ADVANCED_FACE('',(#12843),#12854,.F.);
#12843 = FACE_BOUND('',#12844,.T.);
#12844 = EDGE_LOOP('',(#12845,#12851,#12852,#12853));
#12845 = ORIENTED_EDGE('',*,*,#12846,.F.);
#12846 = EDGE_CURVE('',#11867,#11643,#12847,.T.);
#12847 = LINE('',#12848,#12849);
#12848 = CARTESIAN_POINT('',(-7.,0.2995,6.75));
#12849 = VECTOR('',#12850,1.);
#12850 = DIRECTION('',(0.,1.,0.));
#12851 = ORIENTED_EDGE('',*,*,#11866,.F.);
#12852 = ORIENTED_EDGE('',*,*,#12546,.T.);
#12853 = ORIENTED_EDGE('',*,*,#11651,.F.);
#12854 = PLANE('',#12855);
#12855 = AXIS2_PLACEMENT_3D('',#12856,#12857,#12858);
#12856 = CARTESIAN_POINT('',(-7.,0.2995,6.5));
#12857 = DIRECTION('',(-1.,0.,0.));
#12858 = DIRECTION('',(0.,0.,1.));
#12859 = ADVANCED_FACE('',(#12860),#12871,.F.);
#12860 = FACE_BOUND('',#12861,.T.);
#12861 = EDGE_LOOP('',(#12862,#12863,#12864,#12870));
#12862 = ORIENTED_EDGE('',*,*,#12565,.T.);
#12863 = ORIENTED_EDGE('',*,*,#12179,.F.);
#12864 = ORIENTED_EDGE('',*,*,#12865,.F.);
#12865 = EDGE_CURVE('',#11773,#12172,#12866,.T.);
#12866 = LINE('',#12867,#12868);
#12867 = CARTESIAN_POINT('',(7.,0.2995,6.75));
#12868 = VECTOR('',#12869,1.);
#12869 = DIRECTION('',(-0.,-1.,-0.));
#12870 = ORIENTED_EDGE('',*,*,#11772,.F.);
#12871 = PLANE('',#12872);
#12872 = AXIS2_PLACEMENT_3D('',#12873,#12874,#12875);
#12873 = CARTESIAN_POINT('',(7.,0.2995,6.5));
#12874 = DIRECTION('',(1.,0.,0.));
#12875 = DIRECTION('',(0.,0.,-1.));
#12876 = ADVANCED_FACE('',(#12877),#12889,.F.);
#12877 = FACE_BOUND('',#12878,.T.);
#12878 = EDGE_LOOP('',(#12879,#12880,#12881,#12887,#12888));
#12879 = ORIENTED_EDGE('',*,*,#12582,.T.);
#12880 = ORIENTED_EDGE('',*,*,#11829,.F.);
#12881 = ORIENTED_EDGE('',*,*,#12882,.F.);
#12882 = EDGE_CURVE('',#11692,#11830,#12883,.T.);
#12883 = LINE('',#12884,#12885);
#12884 = CARTESIAN_POINT('',(-6.5,0.2995,5.25));
#12885 = VECTOR('',#12886,1.);
#12886 = DIRECTION('',(-0.,-1.,-0.));
#12887 = ORIENTED_EDGE('',*,*,#11691,.F.);
#12888 = ORIENTED_EDGE('',*,*,#11915,.F.);
#12889 = PLANE('',#12890);
#12890 = AXIS2_PLACEMENT_3D('',#12891,#12892,#12893);
#12891 = CARTESIAN_POINT('',(-7.,0.2995,5.25));
#12892 = DIRECTION('',(3.469446951954E-15,0.,-1.));
#12893 = DIRECTION('',(-1.,0.,-3.469446951954E-15));
#12894 = ADVANCED_FACE('',(#12895),#12921,.T.);
#12895 = FACE_BOUND('',#12896,.T.);
#12896 = EDGE_LOOP('',(#12897,#12908,#12914,#12915));
#12897 = ORIENTED_EDGE('',*,*,#12898,.F.);
#12898 = EDGE_CURVE('',#12899,#12901,#12903,.T.);
#12899 = VERTEX_POINT('',#12900);
#12900 = CARTESIAN_POINT('',(-7.75,7.4,1.65));
#12901 = VERTEX_POINT('',#12902);
#12902 = CARTESIAN_POINT('',(-6.75,8.4,1.65));
#12903 = CIRCLE('',#12904,1.);
#12904 = AXIS2_PLACEMENT_3D('',#12905,#12906,#12907);
#12905 = CARTESIAN_POINT('',(-6.75,7.4,1.65));
#12906 = DIRECTION('',(0.,0.,-1.));
#12907 = DIRECTION('',(1.,0.,0.));
#12908 = ORIENTED_EDGE('',*,*,#12909,.T.);
#12909 = EDGE_CURVE('',#12899,#12600,#12910,.T.);
#12910 = LINE('',#12911,#12912);
#12911 = CARTESIAN_POINT('',(-7.75,7.4,-0.256213597756));
#12912 = VECTOR('',#12913,1.);
#12913 = DIRECTION('',(0.,0.,1.));
#12914 = ORIENTED_EDGE('',*,*,#12672,.T.);
#12915 = ORIENTED_EDGE('',*,*,#12916,.T.);
#12916 = EDGE_CURVE('',#12665,#12901,#12917,.T.);
#12917 = LINE('',#12918,#12919);
#12918 = CARTESIAN_POINT('',(-6.75,8.4,-0.256213597756));
#12919 = VECTOR('',#12920,1.);
#12920 = DIRECTION('',(0.,0.,-1.));
#12921 = CYLINDRICAL_SURFACE('',#12922,1.);
#12922 = AXIS2_PLACEMENT_3D('',#12923,#12924,#12925);
#12923 = CARTESIAN_POINT('',(-6.75,7.4,-0.256213597756));
#12924 = DIRECTION('',(0.,0.,1.));
#12925 = DIRECTION('',(1.,0.,0.));
#12926 = ADVANCED_FACE('',(#12927),#12945,.T.);
#12927 = FACE_BOUND('',#12928,.T.);
#12928 = EDGE_LOOP('',(#12929,#12937,#12943,#12944));
#12929 = ORIENTED_EDGE('',*,*,#12930,.T.);
#12930 = EDGE_CURVE('',#12899,#12931,#12933,.T.);
#12931 = VERTEX_POINT('',#12932);
#12932 = CARTESIAN_POINT('',(-7.75,0.3,1.65));
#12933 = LINE('',#12934,#12935);
#12934 = CARTESIAN_POINT('',(-7.75,8.881784197001E-16,1.65));
#12935 = VECTOR('',#12936,1.);
#12936 = DIRECTION('',(0.,-1.,0.));
#12937 = ORIENTED_EDGE('',*,*,#12938,.T.);
#12938 = EDGE_CURVE('',#12931,#12598,#12939,.T.);
#12939 = LINE('',#12940,#12941);
#12940 = CARTESIAN_POINT('',(-7.75,0.3,7.65));
#12941 = VECTOR('',#12942,1.);
#12942 = DIRECTION('',(0.,0.,1.));
#12943 = ORIENTED_EDGE('',*,*,#12597,.T.);
#12944 = ORIENTED_EDGE('',*,*,#12909,.F.);
#12945 = PLANE('',#12946);
#12946 = AXIS2_PLACEMENT_3D('',#12947,#12948,#12949);
#12947 = CARTESIAN_POINT('',(-7.75,8.881784197001E-16,7.65));
#12948 = DIRECTION('',(-1.,0.,0.));
#12949 = DIRECTION('',(0.,0.,1.));
#12950 = ADVANCED_FACE('',(#12951),#13092,.F.);
#12951 = FACE_BOUND('',#12952,.T.);
#12952 = EDGE_LOOP('',(#12953,#12954,#12955,#12963,#12972,#12980,#12988,
    #12997,#13005,#13013,#13021,#13030,#13038,#13046,#13055,#13063,
    #13069,#13070,#13078,#13086));
#12953 = ORIENTED_EDGE('',*,*,#12607,.T.);
#12954 = ORIENTED_EDGE('',*,*,#12938,.F.);
#12955 = ORIENTED_EDGE('',*,*,#12956,.F.);
#12956 = EDGE_CURVE('',#12957,#12931,#12959,.T.);
#12957 = VERTEX_POINT('',#12958);
#12958 = CARTESIAN_POINT('',(-7.55,0.3,1.65));
#12959 = LINE('',#12960,#12961);
#12960 = CARTESIAN_POINT('',(-6.838960762841,0.3,1.65));
#12961 = VECTOR('',#12962,1.);
#12962 = DIRECTION('',(-1.,0.,0.));
#12963 = ORIENTED_EDGE('',*,*,#12964,.F.);
#12964 = EDGE_CURVE('',#12965,#12957,#12967,.T.);
#12965 = VERTEX_POINT('',#12966);
#12966 = CARTESIAN_POINT('',(-5.919352853658,0.3,-1.45));
#12967 = B_SPLINE_CURVE_WITH_KNOTS('',3,(#12968,#12969,#12970,#12971),
  .UNSPECIFIED.,.F.,.F.,(4,4),(0.,3.543021879416E-03),
  .PIECEWISE_BEZIER_KNOTS.);
#12968 = CARTESIAN_POINT('',(-5.919352853658,0.3,-1.45));
#12969 = CARTESIAN_POINT('',(-6.930155315527,0.3,-0.601696733258));
#12970 = CARTESIAN_POINT('',(-7.55,0.3,1.326803902038));
#12971 = CARTESIAN_POINT('',(-7.55,0.3,1.65));
#12972 = ORIENTED_EDGE('',*,*,#12973,.T.);
#12973 = EDGE_CURVE('',#12965,#12974,#12976,.T.);
#12974 = VERTEX_POINT('',#12975);
#12975 = CARTESIAN_POINT('',(-5.05,0.3,-1.45));
#12976 = LINE('',#12977,#12978);
#12977 = CARTESIAN_POINT('',(-5.05,0.3,-1.45));
#12978 = VECTOR('',#12979,1.);
#12979 = DIRECTION('',(1.,0.,0.));
#12980 = ORIENTED_EDGE('',*,*,#12981,.F.);
#12981 = EDGE_CURVE('',#12982,#12974,#12984,.T.);
#12982 = VERTEX_POINT('',#12983);
#12983 = CARTESIAN_POINT('',(-5.05,0.3,0.));
#12984 = LINE('',#12985,#12986);
#12985 = CARTESIAN_POINT('',(-5.05,0.3,-0.256213597756));
#12986 = VECTOR('',#12987,1.);
#12987 = DIRECTION('',(0.,0.,-1.));
#12988 = ORIENTED_EDGE('',*,*,#12989,.F.);
#12989 = EDGE_CURVE('',#12990,#12982,#12992,.T.);
#12990 = VERTEX_POINT('',#12991);
#12991 = CARTESIAN_POINT('',(-2.15,0.3,0.));
#12992 = CIRCLE('',#12993,1.45);
#12993 = AXIS2_PLACEMENT_3D('',#12994,#12995,#12996);
#12994 = CARTESIAN_POINT('',(-3.6,0.3,0.));
#12995 = DIRECTION('',(0.,-1.,0.));
#12996 = DIRECTION('',(0.,0.,-1.));
#12997 = ORIENTED_EDGE('',*,*,#12998,.F.);
#12998 = EDGE_CURVE('',#12999,#12990,#13001,.T.);
#12999 = VERTEX_POINT('',#13000);
#13000 = CARTESIAN_POINT('',(-2.15,0.3,-1.45));
#13001 = LINE('',#13002,#13003);
#13002 = CARTESIAN_POINT('',(-2.15,0.3,-0.256213597756));
#13003 = VECTOR('',#13004,1.);
#13004 = DIRECTION('',(0.,0.,1.));
#13005 = ORIENTED_EDGE('',*,*,#13006,.F.);
#13006 = EDGE_CURVE('',#13007,#12999,#13009,.T.);
#13007 = VERTEX_POINT('',#13008);
#13008 = CARTESIAN_POINT('',(2.15,0.3,-1.45));
#13009 = LINE('',#13010,#13011);
#13010 = CARTESIAN_POINT('',(-6.838960762841,0.3,-1.45));
#13011 = VECTOR('',#13012,1.);
#13012 = DIRECTION('',(-1.,0.,0.));
#13013 = ORIENTED_EDGE('',*,*,#13014,.F.);
#13014 = EDGE_CURVE('',#13015,#13007,#13017,.T.);
#13015 = VERTEX_POINT('',#13016);
#13016 = CARTESIAN_POINT('',(2.15,0.3,0.));
#13017 = LINE('',#13018,#13019);
#13018 = CARTESIAN_POINT('',(2.15,0.3,-0.256213597756));
#13019 = VECTOR('',#13020,1.);
#13020 = DIRECTION('',(0.,0.,-1.));
#13021 = ORIENTED_EDGE('',*,*,#13022,.F.);
#13022 = EDGE_CURVE('',#13023,#13015,#13025,.T.);
#13023 = VERTEX_POINT('',#13024);
#13024 = CARTESIAN_POINT('',(5.05,0.3,0.));
#13025 = CIRCLE('',#13026,1.45);
#13026 = AXIS2_PLACEMENT_3D('',#13027,#13028,#13029);
#13027 = CARTESIAN_POINT('',(3.6,0.3,0.));
#13028 = DIRECTION('',(0.,-1.,0.));
#13029 = DIRECTION('',(0.,0.,-1.));
#13030 = ORIENTED_EDGE('',*,*,#13031,.F.);
#13031 = EDGE_CURVE('',#13032,#13023,#13034,.T.);
#13032 = VERTEX_POINT('',#13033);
#13033 = CARTESIAN_POINT('',(5.05,0.3,-1.45));
#13034 = LINE('',#13035,#13036);
#13035 = CARTESIAN_POINT('',(5.05,0.3,-0.256213597756));
#13036 = VECTOR('',#13037,1.);
#13037 = DIRECTION('',(0.,0.,1.));
#13038 = ORIENTED_EDGE('',*,*,#13039,.F.);
#13039 = EDGE_CURVE('',#13040,#13032,#13042,.T.);
#13040 = VERTEX_POINT('',#13041);
#13041 = CARTESIAN_POINT('',(5.91935285366,0.3,-1.449999999999));
#13042 = LINE('',#13043,#13044);
#13043 = CARTESIAN_POINT('',(-6.838960762841,0.3,-1.45));
#13044 = VECTOR('',#13045,1.);
#13045 = DIRECTION('',(-1.,0.,0.));
#13046 = ORIENTED_EDGE('',*,*,#13047,.F.);
#13047 = EDGE_CURVE('',#13048,#13040,#13050,.T.);
#13048 = VERTEX_POINT('',#13049);
#13049 = CARTESIAN_POINT('',(7.55,0.3,1.65));
#13050 = B_SPLINE_CURVE_WITH_KNOTS('',3,(#13051,#13052,#13053,#13054),
  .UNSPECIFIED.,.F.,.F.,(4,4),(0.,3.567586802681E-03),
  .PIECEWISE_BEZIER_KNOTS.);
#13051 = CARTESIAN_POINT('',(7.55,0.3,1.65));
#13052 = CARTESIAN_POINT('',(7.55,0.3,1.326803902038));
#13053 = CARTESIAN_POINT('',(6.930155315528,0.3,-0.601696733255));
#13054 = CARTESIAN_POINT('',(5.91935285366,0.3,-1.449999999999));
#13055 = ORIENTED_EDGE('',*,*,#13056,.F.);
#13056 = EDGE_CURVE('',#13057,#13048,#13059,.T.);
#13057 = VERTEX_POINT('',#13058);
#13058 = CARTESIAN_POINT('',(7.75,0.3,1.65));
#13059 = LINE('',#13060,#13061);
#13060 = CARTESIAN_POINT('',(-6.838960762841,0.3,1.65));
#13061 = VECTOR('',#13062,1.);
#13062 = DIRECTION('',(-1.,0.,0.));
#13063 = ORIENTED_EDGE('',*,*,#13064,.F.);
#13064 = EDGE_CURVE('',#12640,#13057,#13065,.T.);
#13065 = LINE('',#13066,#13067);
#13066 = CARTESIAN_POINT('',(7.75,0.3,-0.256213597756));
#13067 = VECTOR('',#13068,1.);
#13068 = DIRECTION('',(0.,0.,-1.));
#13069 = ORIENTED_EDGE('',*,*,#12639,.T.);
#13070 = ORIENTED_EDGE('',*,*,#13071,.F.);
#13071 = EDGE_CURVE('',#13072,#12632,#13074,.T.);
#13072 = VERTEX_POINT('',#13073);
#13073 = CARTESIAN_POINT('',(1.,0.3,0.75));
#13074 = LINE('',#13075,#13076);
#13075 = CARTESIAN_POINT('',(1.,0.3,-0.256213597756));
#13076 = VECTOR('',#13077,1.);
#13077 = DIRECTION('',(0.,0.,1.));
#13078 = ORIENTED_EDGE('',*,*,#13079,.F.);
#13079 = EDGE_CURVE('',#13080,#13072,#13082,.T.);
#13080 = VERTEX_POINT('',#13081);
#13081 = CARTESIAN_POINT('',(-1.,0.3,0.75));
#13082 = LINE('',#13083,#13084);
#13083 = CARTESIAN_POINT('',(-6.838960762841,0.3,0.75));
#13084 = VECTOR('',#13085,1.);
#13085 = DIRECTION('',(1.,0.,0.));
#13086 = ORIENTED_EDGE('',*,*,#13087,.F.);
#13087 = EDGE_CURVE('',#12608,#13080,#13088,.T.);
#13088 = LINE('',#13089,#13090);
#13089 = CARTESIAN_POINT('',(-1.,0.3,-0.256213597756));
#13090 = VECTOR('',#13091,1.);
#13091 = DIRECTION('',(0.,0.,-1.));
#13092 = PLANE('',#13093);
#13093 = AXIS2_PLACEMENT_3D('',#13094,#13095,#13096);
#13094 = CARTESIAN_POINT('',(-6.838960762841,0.3,-0.256213597756));
#13095 = DIRECTION('',(0.,1.,0.));
#13096 = DIRECTION('',(0.,0.,1.));
#13097 = ADVANCED_FACE('',(#13098),#13123,.T.);
#13098 = FACE_BOUND('',#13099,.T.);
#13099 = EDGE_LOOP('',(#13100,#13108,#13109,#13117));
#13100 = ORIENTED_EDGE('',*,*,#13101,.T.);
#13101 = EDGE_CURVE('',#13102,#12624,#13104,.T.);
#13102 = VERTEX_POINT('',#13103);
#13103 = CARTESIAN_POINT('',(1.,0.,0.75));
#13104 = LINE('',#13105,#13106);
#13105 = CARTESIAN_POINT('',(1.,0.,15.35));
#13106 = VECTOR('',#13107,1.);
#13107 = DIRECTION('',(0.,0.,1.));
#13108 = ORIENTED_EDGE('',*,*,#12623,.T.);
#13109 = ORIENTED_EDGE('',*,*,#13110,.T.);
#13110 = EDGE_CURVE('',#12616,#13111,#13113,.T.);
#13111 = VERTEX_POINT('',#13112);
#13112 = CARTESIAN_POINT('',(-1.,0.,0.75));
#13113 = LINE('',#13114,#13115);
#13114 = CARTESIAN_POINT('',(-1.,0.,15.35));
#13115 = VECTOR('',#13116,1.);
#13116 = DIRECTION('',(0.,0.,-1.));
#13117 = ORIENTED_EDGE('',*,*,#13118,.T.);
#13118 = EDGE_CURVE('',#13111,#13102,#13119,.T.);
#13119 = LINE('',#13120,#13121);
#13120 = CARTESIAN_POINT('',(0.,0.,0.75));
#13121 = VECTOR('',#13122,1.);
#13122 = DIRECTION('',(1.,0.,0.));
#13123 = PLANE('',#13124);
#13124 = AXIS2_PLACEMENT_3D('',#13125,#13126,#13127);
#13125 = CARTESIAN_POINT('',(0.,0.,15.35));
#13126 = DIRECTION('',(0.,-1.,0.));
#13127 = DIRECTION('',(0.,0.,-1.));
#13128 = ADVANCED_FACE('',(#13129),#13147,.T.);
#13129 = FACE_BOUND('',#13130,.T.);
#13130 = EDGE_LOOP('',(#13131,#13139,#13145,#13146));
#13131 = ORIENTED_EDGE('',*,*,#13132,.T.);
#13132 = EDGE_CURVE('',#13057,#13133,#13135,.T.);
#13133 = VERTEX_POINT('',#13134);
#13134 = CARTESIAN_POINT('',(7.75,7.4,1.65));
#13135 = LINE('',#13136,#13137);
#13136 = CARTESIAN_POINT('',(7.75,8.881784197001E-16,1.65));
#13137 = VECTOR('',#13138,1.);
#13138 = DIRECTION('',(0.,1.,0.));
#13139 = ORIENTED_EDGE('',*,*,#13140,.T.);
#13140 = EDGE_CURVE('',#13133,#12648,#13141,.T.);
#13141 = LINE('',#13142,#13143);
#13142 = CARTESIAN_POINT('',(7.75,7.4,7.65));
#13143 = VECTOR('',#13144,1.);
#13144 = DIRECTION('',(0.,0.,1.));
#13145 = ORIENTED_EDGE('',*,*,#12647,.T.);
#13146 = ORIENTED_EDGE('',*,*,#13064,.T.);
#13147 = PLANE('',#13148);
#13148 = AXIS2_PLACEMENT_3D('',#13149,#13150,#13151);
#13149 = CARTESIAN_POINT('',(7.75,8.881784197001E-16,7.65));
#13150 = DIRECTION('',(1.,0.,0.));
#13151 = DIRECTION('',(0.,0.,-1.));
#13152 = ADVANCED_FACE('',(#13153),#13172,.T.);
#13153 = FACE_BOUND('',#13154,.T.);
#13154 = EDGE_LOOP('',(#13155,#13164,#13170,#13171));
#13155 = ORIENTED_EDGE('',*,*,#13156,.T.);
#13156 = EDGE_CURVE('',#13133,#13157,#13159,.T.);
#13157 = VERTEX_POINT('',#13158);
#13158 = CARTESIAN_POINT('',(6.75,8.4,1.65));
#13159 = CIRCLE('',#13160,1.);
#13160 = AXIS2_PLACEMENT_3D('',#13161,#13162,#13163);
#13161 = CARTESIAN_POINT('',(6.75,7.4,1.65));
#13162 = DIRECTION('',(0.,-0.,1.));
#13163 = DIRECTION('',(-1.,0.,0.));
#13164 = ORIENTED_EDGE('',*,*,#13165,.T.);
#13165 = EDGE_CURVE('',#13157,#12656,#13166,.T.);
#13166 = LINE('',#13167,#13168);
#13167 = CARTESIAN_POINT('',(6.75,8.4,-0.256213597756));
#13168 = VECTOR('',#13169,1.);
#13169 = DIRECTION('',(0.,0.,1.));
#13170 = ORIENTED_EDGE('',*,*,#12655,.T.);
#13171 = ORIENTED_EDGE('',*,*,#13140,.F.);
#13172 = CYLINDRICAL_SURFACE('',#13173,1.);
#13173 = AXIS2_PLACEMENT_3D('',#13174,#13175,#13176);
#13174 = CARTESIAN_POINT('',(6.75,7.4,-0.256213597756));
#13175 = DIRECTION('',(0.,0.,-1.));
#13176 = DIRECTION('',(-1.,0.,0.));
#13177 = ADVANCED_FACE('',(#13178),#13189,.T.);
#13178 = FACE_BOUND('',#13179,.T.);
#13179 = EDGE_LOOP('',(#13180,#13186,#13187,#13188));
#13180 = ORIENTED_EDGE('',*,*,#13181,.T.);
#13181 = EDGE_CURVE('',#13157,#12901,#13182,.T.);
#13182 = LINE('',#13183,#13184);
#13183 = CARTESIAN_POINT('',(-6.838960762841,8.4,1.65));
#13184 = VECTOR('',#13185,1.);
#13185 = DIRECTION('',(-1.,0.,0.));
#13186 = ORIENTED_EDGE('',*,*,#12916,.F.);
#13187 = ORIENTED_EDGE('',*,*,#12664,.T.);
#13188 = ORIENTED_EDGE('',*,*,#13165,.F.);
#13189 = PLANE('',#13190);
#13190 = AXIS2_PLACEMENT_3D('',#13191,#13192,#13193);
#13191 = CARTESIAN_POINT('',(-6.838960762841,8.4,-0.256213597756));
#13192 = DIRECTION('',(0.,1.,0.));
#13193 = DIRECTION('',(0.,0.,1.));
#13194 = ADVANCED_FACE('',(#13195),#13207,.F.);
#13195 = FACE_BOUND('',#13196,.T.);
#13196 = EDGE_LOOP('',(#13197,#13198,#13204,#13205,#13206));
#13197 = ORIENTED_EDGE('',*,*,#11739,.F.);
#13198 = ORIENTED_EDGE('',*,*,#13199,.F.);
#13199 = EDGE_CURVE('',#12156,#11732,#13200,.T.);
#13200 = LINE('',#13201,#13202);
#13201 = CARTESIAN_POINT('',(6.5,0.2995,5.25));
#13202 = VECTOR('',#13203,1.);
#13203 = DIRECTION('',(0.,1.,0.));
#13204 = ORIENTED_EDGE('',*,*,#12153,.F.);
#13205 = ORIENTED_EDGE('',*,*,#12695,.T.);
#13206 = ORIENTED_EDGE('',*,*,#12096,.F.);
#13207 = PLANE('',#13208);
#13208 = AXIS2_PLACEMENT_3D('',#13209,#13210,#13211);
#13209 = CARTESIAN_POINT('',(7.,0.2995,5.25));
#13210 = DIRECTION('',(-3.469446951954E-15,0.,-1.));
#13211 = DIRECTION('',(-1.,0.,3.469446951954E-15));
#13212 = ADVANCED_FACE('',(#13213),#13232,.F.);
#13213 = FACE_BOUND('',#13214,.F.);
#13214 = EDGE_LOOP('',(#13215,#13216,#13224,#13231));
#13215 = ORIENTED_EDGE('',*,*,#12263,.T.);
#13216 = ORIENTED_EDGE('',*,*,#13217,.T.);
#13217 = EDGE_CURVE('',#12264,#13218,#13220,.T.);
#13218 = VERTEX_POINT('',#13219);
#13219 = CARTESIAN_POINT('',(0.404299763745,2.85,7.65));
#13220 = LINE('',#13221,#13222);
#13221 = CARTESIAN_POINT('',(0.404299763745,2.85,7.65));
#13222 = VECTOR('',#13223,1.);
#13223 = DIRECTION('',(-0.,-0.,-1.));
#13224 = ORIENTED_EDGE('',*,*,#13225,.T.);
#13225 = EDGE_CURVE('',#13218,#10808,#13226,.T.);
#13226 = CIRCLE('',#13227,0.2);
#13227 = AXIS2_PLACEMENT_3D('',#13228,#13229,#13230);
#13228 = CARTESIAN_POINT('',(0.404299763745,3.05,7.65));
#13229 = DIRECTION('',(0.,0.,1.));
#13230 = DIRECTION('',(1.,0.,0.));
#13231 = ORIENTED_EDGE('',*,*,#10807,.T.);
#13232 = CYLINDRICAL_SURFACE('',#13233,0.2);
#13233 = AXIS2_PLACEMENT_3D('',#13234,#13235,#13236);
#13234 = CARTESIAN_POINT('',(0.404299763745,3.05,7.65));
#13235 = DIRECTION('',(0.,0.,1.));
#13236 = DIRECTION('',(1.,0.,0.));
#13237 = ADVANCED_FACE('',(#13238),#13280,.T.);
#13238 = FACE_BOUND('',#13239,.T.);
#13239 = EDGE_LOOP('',(#13240,#13247,#13248,#13249,#13256,#13257,#13258,
    #13271,#13277,#13278,#13279));
#13240 = ORIENTED_EDGE('',*,*,#13241,.T.);
#13241 = EDGE_CURVE('',#12713,#10850,#13242,.T.);
#13242 = CIRCLE('',#13243,0.2);
#13243 = AXIS2_PLACEMENT_3D('',#13244,#13245,#13246);
#13244 = CARTESIAN_POINT('',(1.171008439702,6.8,7.65));
#13245 = DIRECTION('',(0.,0.,1.));
#13246 = DIRECTION('',(1.,0.,0.));
#13247 = ORIENTED_EDGE('',*,*,#10857,.T.);
#13248 = ORIENTED_EDGE('',*,*,#12745,.T.);
#13249 = ORIENTED_EDGE('',*,*,#13250,.T.);
#13250 = EDGE_CURVE('',#12738,#12763,#13251,.T.);
#13251 = CIRCLE('',#13252,0.2);
#13252 = AXIS2_PLACEMENT_3D('',#13253,#13254,#13255);
#13253 = CARTESIAN_POINT('',(-1.171008439702,6.8,7.65));
#13254 = DIRECTION('',(0.,0.,1.));
#13255 = DIRECTION('',(1.,0.,0.));
#13256 = ORIENTED_EDGE('',*,*,#12762,.F.);
#13257 = ORIENTED_EDGE('',*,*,#10662,.F.);
#13258 = ORIENTED_EDGE('',*,*,#13259,.T.);
#13259 = EDGE_CURVE('',#10663,#13260,#13262,.T.);
#13260 = VERTEX_POINT('',#13261);
#13261 = CARTESIAN_POINT('',(-0.404299763745,2.85,7.65));
#13262 = B_SPLINE_CURVE_WITH_KNOTS('',3,(#13263,#13264,#13265,#13266,
    #13267,#13268,#13269,#13270),.UNSPECIFIED.,.F.,.F.,(4,2,2,4),(0.,0.5
    ,0.75,1.),.UNSPECIFIED.);
#13263 = CARTESIAN_POINT('',(-0.589557748455,3.125362318841,7.65));
#13264 = CARTESIAN_POINT('',(-0.614185255982,3.062910581962,7.65));
#13265 = CARTESIAN_POINT('',(-0.606285124178,2.992560533385,7.65));
#13266 = CARTESIAN_POINT('',(-0.552217753728,2.911257862242,7.65));
#13267 = CARTESIAN_POINT('',(-0.526597430961,2.888741818569,7.65));
#13268 = CARTESIAN_POINT('',(-0.470000769528,2.858190908874,7.65));
#13269 = CARTESIAN_POINT('',(-0.438667657361,2.850368787634,7.65));
#13270 = CARTESIAN_POINT('',(-0.404299763745,2.85,7.65));
#13271 = ORIENTED_EDGE('',*,*,#13272,.T.);
#13272 = EDGE_CURVE('',#13260,#13218,#13273,.T.);
#13273 = LINE('',#13274,#13275);
#13274 = CARTESIAN_POINT('',(0.404299763745,2.85,7.65));
#13275 = VECTOR('',#13276,1.);
#13276 = DIRECTION('',(1.,0.,0.));
#13277 = ORIENTED_EDGE('',*,*,#13225,.T.);
#13278 = ORIENTED_EDGE('',*,*,#10815,.T.);
#13279 = ORIENTED_EDGE('',*,*,#12712,.F.);
#13280 = PLANE('',#13281);
#13281 = AXIS2_PLACEMENT_3D('',#13282,#13283,#13284);
#13282 = CARTESIAN_POINT('',(7.75,8.881784197001E-16,7.65));
#13283 = DIRECTION('',(0.,0.,1.));
#13284 = DIRECTION('',(1.,0.,0.));
#13285 = ADVANCED_FACE('',(#13286),#13292,.F.);
#13286 = FACE_BOUND('',#13287,.F.);
#13287 = EDGE_LOOP('',(#13288,#13289,#13290,#13291));
#13288 = ORIENTED_EDGE('',*,*,#12319,.T.);
#13289 = ORIENTED_EDGE('',*,*,#12723,.T.);
#13290 = ORIENTED_EDGE('',*,*,#13241,.T.);
#13291 = ORIENTED_EDGE('',*,*,#10849,.T.);
#13292 = CYLINDRICAL_SURFACE('',#13293,0.2);
#13293 = AXIS2_PLACEMENT_3D('',#13294,#13295,#13296);
#13294 = CARTESIAN_POINT('',(1.171008439702,6.8,7.65));
#13295 = DIRECTION('',(0.,0.,1.));
#13296 = DIRECTION('',(1.,0.,0.));
#13297 = ADVANCED_FACE('',(#13298),#13304,.F.);
#13298 = FACE_BOUND('',#13299,.F.);
#13299 = EDGE_LOOP('',(#13300,#13301,#13302,#13303));
#13300 = ORIENTED_EDGE('',*,*,#12303,.T.);
#13301 = ORIENTED_EDGE('',*,*,#12737,.F.);
#13302 = ORIENTED_EDGE('',*,*,#13250,.T.);
#13303 = ORIENTED_EDGE('',*,*,#12771,.T.);
#13304 = CYLINDRICAL_SURFACE('',#13305,0.2);
#13305 = AXIS2_PLACEMENT_3D('',#13306,#13307,#13308);
#13306 = CARTESIAN_POINT('',(-1.171008439702,6.8,7.65));
#13307 = DIRECTION('',(0.,0.,1.));
#13308 = DIRECTION('',(1.,0.,0.));
#13309 = ADVANCED_FACE('',(#13310),#13314,.T.);
#13310 = FACE_BOUND('',#13311,.T.);
#13311 = EDGE_LOOP('',(#13312,#13313));
#13312 = ORIENTED_EDGE('',*,*,#12812,.T.);
#13313 = ORIENTED_EDGE('',*,*,#10731,.T.);
#13314 = PLANE('',#13315);
#13315 = AXIS2_PLACEMENT_3D('',#13316,#13317,#13318);
#13316 = CARTESIAN_POINT('',(-3.6,4.35,4.05));
#13317 = DIRECTION('',(0.,0.,1.));
#13318 = DIRECTION('',(1.,0.,0.));
#13319 = ADVANCED_FACE('',(#13320),#13324,.T.);
#13320 = FACE_BOUND('',#13321,.T.);
#13321 = EDGE_LOOP('',(#13322,#13323));
#13322 = ORIENTED_EDGE('',*,*,#12830,.T.);
#13323 = ORIENTED_EDGE('',*,*,#10773,.T.);
#13324 = PLANE('',#13325);
#13325 = AXIS2_PLACEMENT_3D('',#13326,#13327,#13328);
#13326 = CARTESIAN_POINT('',(3.6,4.35,4.05));
#13327 = DIRECTION('',(0.,0.,1.));
#13328 = DIRECTION('',(1.,0.,0.));
#13329 = ADVANCED_FACE('',(#13330),#13342,.F.);
#13330 = FACE_BOUND('',#13331,.T.);
#13331 = EDGE_LOOP('',(#13332,#13333,#13339,#13340,#13341));
#13332 = ORIENTED_EDGE('',*,*,#11707,.F.);
#13333 = ORIENTED_EDGE('',*,*,#13334,.F.);
#13334 = EDGE_CURVE('',#11875,#11700,#13335,.T.);
#13335 = LINE('',#13336,#13337);
#13336 = CARTESIAN_POINT('',(-6.5,0.2995,6.75));
#13337 = VECTOR('',#13338,1.);
#13338 = DIRECTION('',(0.,1.,0.));
#13339 = ORIENTED_EDGE('',*,*,#11874,.F.);
#13340 = ORIENTED_EDGE('',*,*,#12846,.T.);
#13341 = ORIENTED_EDGE('',*,*,#11640,.F.);
#13342 = PLANE('',#13343);
#13343 = AXIS2_PLACEMENT_3D('',#13344,#13345,#13346);
#13344 = CARTESIAN_POINT('',(-7.,0.2995,6.75));
#13345 = DIRECTION('',(0.,0.,1.));
#13346 = DIRECTION('',(1.,0.,0.));
#13347 = ADVANCED_FACE('',(#13348),#13360,.F.);
#13348 = FACE_BOUND('',#13349,.T.);
#13349 = EDGE_LOOP('',(#13350,#13351,#13352,#13358,#13359));
#13350 = ORIENTED_EDGE('',*,*,#12865,.T.);
#13351 = ORIENTED_EDGE('',*,*,#12171,.F.);
#13352 = ORIENTED_EDGE('',*,*,#13353,.F.);
#13353 = EDGE_CURVE('',#11724,#12164,#13354,.T.);
#13354 = LINE('',#13355,#13356);
#13355 = CARTESIAN_POINT('',(6.5,0.2995,6.75));
#13356 = VECTOR('',#13357,1.);
#13357 = DIRECTION('',(0.,-1.,0.));
#13358 = ORIENTED_EDGE('',*,*,#11723,.F.);
#13359 = ORIENTED_EDGE('',*,*,#11780,.F.);
#13360 = PLANE('',#13361);
#13361 = AXIS2_PLACEMENT_3D('',#13362,#13363,#13364);
#13362 = CARTESIAN_POINT('',(7.,0.2995,6.75));
#13363 = DIRECTION('',(-3.469446951954E-15,0.,1.));
#13364 = DIRECTION('',(1.,0.,3.469446951954E-15));
#13365 = ADVANCED_FACE('',(#13366),#13372,.F.);
#13366 = FACE_BOUND('',#13367,.T.);
#13367 = EDGE_LOOP('',(#13368,#13369,#13370,#13371));
#13368 = ORIENTED_EDGE('',*,*,#11699,.F.);
#13369 = ORIENTED_EDGE('',*,*,#12882,.T.);
#13370 = ORIENTED_EDGE('',*,*,#11882,.F.);
#13371 = ORIENTED_EDGE('',*,*,#13334,.T.);
#13372 = PLANE('',#13373);
#13373 = AXIS2_PLACEMENT_3D('',#13374,#13375,#13376);
#13374 = CARTESIAN_POINT('',(-6.5,0.2995,6.75));
#13375 = DIRECTION('',(1.,0.,0.));
#13376 = DIRECTION('',(0.,0.,-1.));
#13377 = ADVANCED_FACE('',(#13378),#13447,.T.);
#13378 = FACE_BOUND('',#13379,.T.);
#13379 = EDGE_LOOP('',(#13380,#13401,#13407,#13408,#13409,#13410,#13411,
    #13412,#13413,#13414,#13422,#13441));
#13380 = ORIENTED_EDGE('',*,*,#13381,.T.);
#13381 = EDGE_CURVE('',#13382,#13384,#13386,.T.);
#13382 = VERTEX_POINT('',#13383);
#13383 = CARTESIAN_POINT('',(-6.53939034406,8.199999934674,
    1.650000834469));
#13384 = VERTEX_POINT('',#13385);
#13385 = CARTESIAN_POINT('',(-7.550008873623,7.200293644172,
    1.649999916445));
#13386 = B_SPLINE_CURVE_WITH_KNOTS('',3,(#13387,#13388,#13389,#13390,
    #13391,#13392,#13393,#13394,#13395,#13396,#13397,#13398,#13399,
    #13400),.UNSPECIFIED.,.F.,.F.,(4,2,2,2,2,2,4),(7.731696783119E-16,
    1.958508229677E-04,3.917016459347E-04,7.834032918686E-04,
    1.175104937802E-03,1.370955760769E-03,1.566806583736E-03),
  .UNSPECIFIED.);
#13387 = CARTESIAN_POINT('',(-6.53939034406,8.199999934674,
    1.650000834469));
#13388 = CARTESIAN_POINT('',(-6.605081884368,8.196049076596,1.65));
#13389 = CARTESIAN_POINT('',(-6.670773430504,8.192098388633,1.65));
#13390 = CARTESIAN_POINT('',(-6.799411673649,8.169663188667,1.65));
#13391 = CARTESIAN_POINT('',(-6.862363641989,8.149705928095,1.65));
#13392 = CARTESIAN_POINT('',(-7.046494019916,8.074354935032,1.65));
#13393 = CARTESIAN_POINT('',(-7.155628847052,8.000700438386,1.65));
#13394 = CARTESIAN_POINT('',(-7.344129540198,7.81528825395,1.65));
#13395 = CARTESIAN_POINT('',(-7.417681451584,7.704288969876,1.65));
#13396 = CARTESIAN_POINT('',(-7.496816476855,7.52412965173,1.65));
#13397 = CARTESIAN_POINT('',(-7.517378457417,7.462267062153,
    1.650000000003));
#13398 = CARTESIAN_POINT('',(-7.541946230083,7.333391214168,
    1.650000000003));
#13399 = CARTESIAN_POINT('',(-7.545990105123,7.266562488509,
    1.650000000001));
#13400 = CARTESIAN_POINT('',(-7.550008873623,7.200293644172,
    1.649999916445));
#13401 = ORIENTED_EDGE('',*,*,#13402,.T.);
#13402 = EDGE_CURVE('',#13384,#12957,#13403,.T.);
#13403 = LINE('',#13404,#13405);
#13404 = CARTESIAN_POINT('',(-7.55,8.4,1.65));
#13405 = VECTOR('',#13406,1.);
#13406 = DIRECTION('',(-0.,-1.,-0.));
#13407 = ORIENTED_EDGE('',*,*,#12956,.T.);
#13408 = ORIENTED_EDGE('',*,*,#12930,.F.);
#13409 = ORIENTED_EDGE('',*,*,#12898,.T.);
#13410 = ORIENTED_EDGE('',*,*,#13181,.F.);
#13411 = ORIENTED_EDGE('',*,*,#13156,.F.);
#13412 = ORIENTED_EDGE('',*,*,#13132,.F.);
#13413 = ORIENTED_EDGE('',*,*,#13056,.T.);
#13414 = ORIENTED_EDGE('',*,*,#13415,.T.);
#13415 = EDGE_CURVE('',#13048,#13416,#13418,.T.);
#13416 = VERTEX_POINT('',#13417);
#13417 = CARTESIAN_POINT('',(7.550008887618,7.200293368353,
    1.649999917459));
#13418 = LINE('',#13419,#13420);
#13419 = CARTESIAN_POINT('',(7.55,8.4,1.65));
#13420 = VECTOR('',#13421,1.);
#13421 = DIRECTION('',(0.,1.,0.));
#13422 = ORIENTED_EDGE('',*,*,#13423,.T.);
#13423 = EDGE_CURVE('',#13416,#13424,#13426,.T.);
#13424 = VERTEX_POINT('',#13425);
#13425 = CARTESIAN_POINT('',(6.539390340067,8.199999934735,1.65000083406
    ));
#13426 = B_SPLINE_CURVE_WITH_KNOTS('',3,(#13427,#13428,#13429,#13430,
    #13431,#13432,#13433,#13434,#13435,#13436,#13437,#13438,#13439,
    #13440),.UNSPECIFIED.,.F.,.F.,(4,2,2,2,2,2,4),(1.301042606983E-18,
    1.950225369066E-04,3.900450738131E-04,7.800901476262E-04,
    1.170135221439E-03,1.365157758346E-03,1.560180295252E-03),
  .UNSPECIFIED.);
#13427 = CARTESIAN_POINT('',(7.550008887618,7.200293368353,
    1.649999917459));
#13428 = CARTESIAN_POINT('',(7.546038782067,7.265761589337,1.65));
#13429 = CARTESIAN_POINT('',(7.542113497263,7.331239815517,1.65));
#13430 = CARTESIAN_POINT('',(7.518225145712,7.459046938993,1.65));
#13431 = CARTESIAN_POINT('',(7.497762470348,7.521647787412,1.65));
#13432 = CARTESIAN_POINT('',(7.418305259402,7.703509925949,1.65));
#13433 = CARTESIAN_POINT('',(7.345325872836,7.813699139188,1.65));
#13434 = CARTESIAN_POINT('',(7.157368387597,7.999395400499,1.65));
#13435 = CARTESIAN_POINT('',(7.046635108611,8.074111092311,1.65));
#13436 = CARTESIAN_POINT('',(6.864312771305,8.148999810218,1.65));
#13437 = CARTESIAN_POINT('',(6.802072732937,8.169017438068,1.65));
#13438 = CARTESIAN_POINT('',(6.67252822662,8.191967920103,1.65));
#13439 = CARTESIAN_POINT('',(6.605720132766,8.19601069269,1.65));
#13440 = CARTESIAN_POINT('',(6.539390340067,8.199999934735,1.65000083406
    ));
#13441 = ORIENTED_EDGE('',*,*,#13442,.T.);
#13442 = EDGE_CURVE('',#13424,#13382,#13443,.T.);
#13443 = LINE('',#13444,#13445);
#13444 = CARTESIAN_POINT('',(-7.75,8.2,1.65));
#13445 = VECTOR('',#13446,1.);
#13446 = DIRECTION('',(-1.,0.,0.));
#13447 = PLANE('',#13448);
#13448 = AXIS2_PLACEMENT_3D('',#13449,#13450,#13451);
#13449 = CARTESIAN_POINT('',(-7.75,8.4,1.65));
#13450 = DIRECTION('',(0.,0.,-1.));
#13451 = DIRECTION('',(-1.,0.,0.));
#13452 = ADVANCED_FACE('',(#13453),#13464,.F.);
#13453 = FACE_BOUND('',#13454,.T.);
#13454 = EDGE_LOOP('',(#13455,#13461,#13462,#13463));
#13455 = ORIENTED_EDGE('',*,*,#13456,.F.);
#13456 = EDGE_CURVE('',#13111,#13080,#13457,.T.);
#13457 = LINE('',#13458,#13459);
#13458 = CARTESIAN_POINT('',(-1.,0.,0.75));
#13459 = VECTOR('',#13460,1.);
#13460 = DIRECTION('',(0.,1.,0.));
#13461 = ORIENTED_EDGE('',*,*,#13110,.F.);
#13462 = ORIENTED_EDGE('',*,*,#12615,.F.);
#13463 = ORIENTED_EDGE('',*,*,#13087,.T.);
#13464 = PLANE('',#13465);
#13465 = AXIS2_PLACEMENT_3D('',#13466,#13467,#13468);
#13466 = CARTESIAN_POINT('',(-1.,0.,0.75));
#13467 = DIRECTION('',(1.,0.,0.));
#13468 = DIRECTION('',(0.,0.,-1.));
#13469 = ADVANCED_FACE('',(#13470),#13547,.T.);
#13470 = FACE_BOUND('',#13471,.T.);
#13471 = EDGE_LOOP('',(#13472,#13482,#13490,#13491,#13492,#13501,#13512,
    #13521,#13530,#13540));
#13472 = ORIENTED_EDGE('',*,*,#13473,.T.);
#13473 = EDGE_CURVE('',#13474,#13476,#13478,.T.);
#13474 = VERTEX_POINT('',#13475);
#13475 = CARTESIAN_POINT('',(-4.95,7.200000044464,-1.849999997277));
#13476 = VERTEX_POINT('',#13477);
#13477 = CARTESIAN_POINT('',(-4.95,0.3,-1.85));
#13478 = LINE('',#13479,#13480);
#13479 = CARTESIAN_POINT('',(-4.95,3.750517916679,-1.85));
#13480 = VECTOR('',#13481,1.);
#13481 = DIRECTION('',(-0.,-1.,-0.));
#13482 = ORIENTED_EDGE('',*,*,#13483,.T.);
#13483 = EDGE_CURVE('',#13476,#12965,#13484,.T.);
#13484 = B_SPLINE_CURVE_WITH_KNOTS('',3,(#13485,#13486,#13487,#13488,
    #13489),.UNSPECIFIED.,.F.,.F.,(4,1,4),(0.,0.848967652313,1.),
  .UNSPECIFIED.);
#13485 = CARTESIAN_POINT('',(-4.95,0.3,-1.85));
#13486 = CARTESIAN_POINT('',(-5.249536700072,0.3,-1.85));
#13487 = CARTESIAN_POINT('',(-5.578291213861,0.3,-1.718478304418));
#13488 = CARTESIAN_POINT('',(-5.875247249516,0.3,-1.487015074149));
#13489 = CARTESIAN_POINT('',(-5.919352853658,0.3,-1.45));
#13490 = ORIENTED_EDGE('',*,*,#12964,.T.);
#13491 = ORIENTED_EDGE('',*,*,#13402,.F.);
#13492 = ORIENTED_EDGE('',*,*,#13493,.T.);
#13493 = EDGE_CURVE('',#13384,#13494,#13496,.T.);
#13494 = VERTEX_POINT('',#13495);
#13495 = CARTESIAN_POINT('',(-7.414687626466,7.200250152782,
    1.076705226676));
#13496 = B_SPLINE_CURVE_WITH_KNOTS('',3,(#13497,#13498,#13499,#13500),
  .UNSPECIFIED.,.F.,.F.,(4,4),(0.,1.),.PIECEWISE_BEZIER_KNOTS.);
#13497 = CARTESIAN_POINT('',(-7.550008873623,7.200293644172,
    1.649999916445));
#13498 = CARTESIAN_POINT('',(-7.55,7.200278709671,1.561303515196));
#13499 = CARTESIAN_POINT('',(-7.503316492325,7.200264314489,
    1.351703764514));
#13500 = CARTESIAN_POINT('',(-7.414687626466,7.200250152782,
    1.076705226676));
#13501 = ORIENTED_EDGE('',*,*,#13502,.T.);
#13502 = EDGE_CURVE('',#13494,#13503,#13505,.T.);
#13503 = VERTEX_POINT('',#13504);
#13504 = CARTESIAN_POINT('',(-6.555674887244,7.200000445586,
    -0.720476574086));
#13505 = B_SPLINE_CURVE_WITH_KNOTS('',3,(#13506,#13507,#13508,#13509,
    #13510,#13511),.UNSPECIFIED.,.F.,.F.,(4,2,4),(0.,0.5,1.),
  .UNSPECIFIED.);
#13506 = CARTESIAN_POINT('',(-7.414687626466,7.200250152782,
    1.076705226676));
#13507 = CARTESIAN_POINT('',(-7.336616658132,7.199231237996,
    0.834512673404));
#13508 = CARTESIAN_POINT('',(-7.225118757102,7.198701070731,
    0.538501378939));
#13509 = CARTESIAN_POINT('',(-6.937801582032,7.198617764295,
    -8.699964273132E-02));
#13510 = CARTESIAN_POINT('',(-6.761980703019,7.199064625124,
    -0.416508200902));
#13511 = CARTESIAN_POINT('',(-6.555674887244,7.200000445586,
    -0.720476574086));
#13512 = ORIENTED_EDGE('',*,*,#13513,.T.);
#13513 = EDGE_CURVE('',#13503,#13514,#13516,.T.);
#13514 = VERTEX_POINT('',#13515);
#13515 = CARTESIAN_POINT('',(-6.469270821952,7.200860812064,
    -0.843738648735));
#13516 = B_SPLINE_CURVE_WITH_KNOTS('',3,(#13517,#13518,#13519,#13520),
  .UNSPECIFIED.,.F.,.F.,(4,4),(0.,0.999996678356),
  .PIECEWISE_BEZIER_KNOTS.);
#13517 = CARTESIAN_POINT('',(-6.555674887244,7.200000445586,
    -0.720476574086));
#13518 = CARTESIAN_POINT('',(-6.527394617305,7.200286668827,
    -0.762144424982));
#13519 = CARTESIAN_POINT('',(-6.498583069138,7.200573337654,
    -0.803263596824));
#13520 = CARTESIAN_POINT('',(-6.469270821952,7.200860812064,
    -0.843738648735));
#13521 = ORIENTED_EDGE('',*,*,#13522,.T.);
#13522 = EDGE_CURVE('',#13514,#13523,#13525,.T.);
#13523 = VERTEX_POINT('',#13524);
#13524 = CARTESIAN_POINT('',(-6.010787737351,7.200000315238,
    -1.369401187507));
#13525 = B_SPLINE_CURVE_WITH_KNOTS('',3,(#13526,#13527,#13528,#13529),
  .UNSPECIFIED.,.F.,.F.,(4,4),(0.,1.),.PIECEWISE_BEZIER_KNOTS.);
#13526 = CARTESIAN_POINT('',(-6.469270821952,7.200860812064,
    -0.843738648735));
#13527 = CARTESIAN_POINT('',(-6.328150361458,7.200573339538,
    -1.038340700764));
#13528 = CARTESIAN_POINT('',(-6.174978274865,7.200286669737,
    -1.217690994385));
#13529 = CARTESIAN_POINT('',(-6.010787737351,7.200000315238,
    -1.369401187507));
#13530 = ORIENTED_EDGE('',*,*,#13531,.T.);
#13531 = EDGE_CURVE('',#13523,#13532,#13534,.T.);
#13532 = VERTEX_POINT('',#13533);
#13533 = CARTESIAN_POINT('',(-5.777084221061,7.200000224314,
    -1.560175785953));
#13534 = B_SPLINE_CURVE_WITH_KNOTS('',3,(#13535,#13536,#13537,#13538,
    #13539),.UNSPECIFIED.,.F.,.F.,(4,1,4),(0.,0.967793876972,1.),
  .UNSPECIFIED.);
#13535 = CARTESIAN_POINT('',(-6.010787737351,7.200000315238,
    -1.369401187507));
#13536 = CARTESIAN_POINT('',(-5.937622638546,7.199999999937,
    -1.437004946426));
#13537 = CARTESIAN_POINT('',(-5.859762019581,7.199999999937,
    -1.501187282928));
#13538 = CARTESIAN_POINT('',(-5.779665061958,7.199999999937,
    -1.558340883131));
#13539 = CARTESIAN_POINT('',(-5.777084221061,7.200000224314,
    -1.560175785953));
#13540 = ORIENTED_EDGE('',*,*,#13541,.T.);
#13541 = EDGE_CURVE('',#13532,#13474,#13542,.T.);
#13542 = B_SPLINE_CURVE_WITH_KNOTS('',3,(#13543,#13544,#13545,#13546),
  .UNSPECIFIED.,.F.,.F.,(4,4),(0.,1.),.PIECEWISE_BEZIER_KNOTS.);
#13543 = CARTESIAN_POINT('',(-5.777084221061,7.200000224314,
    -1.560175785953));
#13544 = CARTESIAN_POINT('',(-5.523020855223,7.2,-1.740577663455));
#13545 = CARTESIAN_POINT('',(-5.246523257193,7.2,-1.85));
#13546 = CARTESIAN_POINT('',(-4.95,7.200000044464,-1.849999997277));
#13547 = B_SPLINE_SURFACE_WITH_KNOTS('',3,1,(
    (#13548,#13549)
    ,(#13550,#13551)
    ,(#13552,#13553)
    ,(#13554,#13555)
    ,(#13556,#13557
    )),.UNSPECIFIED.,.F.,.F.,.F.,(4,1,4),(2,2),(0.,0.190294920399,1.),(
    0.,1.),.UNSPECIFIED.);
#13548 = CARTESIAN_POINT('',(-4.95,0.3,-1.85));
#13549 = CARTESIAN_POINT('',(-4.95,7.201035833359,-1.85));
#13550 = CARTESIAN_POINT('',(-5.249536700072,0.3,-1.85));
#13551 = CARTESIAN_POINT('',(-5.249536700072,7.201035833359,-1.85));
#13552 = CARTESIAN_POINT('',(-6.716217719061,0.3,-1.263238856339));
#13553 = CARTESIAN_POINT('',(-6.716217719061,7.201035833359,
    -1.263238856339));
#13554 = CARTESIAN_POINT('',(-7.55,0.3,1.312701483717));
#13555 = CARTESIAN_POINT('',(-7.55,7.201035833359,1.312701483717));
#13556 = CARTESIAN_POINT('',(-7.55,0.3,1.65));
#13557 = CARTESIAN_POINT('',(-7.55,7.201035833359,1.65));
#13558 = ADVANCED_FACE('',(#13559),#13584,.F.);
#13559 = FACE_BOUND('',#13560,.T.);
#13560 = EDGE_LOOP('',(#13561,#13569,#13577,#13583));
#13561 = ORIENTED_EDGE('',*,*,#13562,.F.);
#13562 = EDGE_CURVE('',#13563,#12974,#13565,.T.);
#13563 = VERTEX_POINT('',#13564);
#13564 = CARTESIAN_POINT('',(-5.05,0.6,-1.45));
#13565 = LINE('',#13566,#13567);
#13566 = CARTESIAN_POINT('',(-5.05,0.6,-1.45));
#13567 = VECTOR('',#13568,1.);
#13568 = DIRECTION('',(0.,-1.,0.));
#13569 = ORIENTED_EDGE('',*,*,#13570,.F.);
#13570 = EDGE_CURVE('',#13571,#13563,#13573,.T.);
#13571 = VERTEX_POINT('',#13572);
#13572 = CARTESIAN_POINT('',(-5.05,0.6,0.));
#13573 = LINE('',#13574,#13575);
#13574 = CARTESIAN_POINT('',(-5.05,0.6,0.));
#13575 = VECTOR('',#13576,1.);
#13576 = DIRECTION('',(0.,0.,-1.));
#13577 = ORIENTED_EDGE('',*,*,#13578,.F.);
#13578 = EDGE_CURVE('',#12982,#13571,#13579,.T.);
#13579 = LINE('',#13580,#13581);
#13580 = CARTESIAN_POINT('',(-5.05,0.6,0.));
#13581 = VECTOR('',#13582,1.);
#13582 = DIRECTION('',(0.,1.,0.));
#13583 = ORIENTED_EDGE('',*,*,#12981,.T.);
#13584 = PLANE('',#13585);
#13585 = AXIS2_PLACEMENT_3D('',#13586,#13587,#13588);
#13586 = CARTESIAN_POINT('',(-5.05,0.6,0.));
#13587 = DIRECTION('',(-1.,0.,0.));
#13588 = DIRECTION('',(0.,0.,1.));
#13589 = ADVANCED_FACE('',(#13590),#13639,.F.);
#13590 = FACE_BOUND('',#13591,.F.);
#13591 = EDGE_LOOP('',(#13592,#13593,#13601,#13638));
#13592 = ORIENTED_EDGE('',*,*,#12989,.F.);
#13593 = ORIENTED_EDGE('',*,*,#13594,.T.);
#13594 = EDGE_CURVE('',#12990,#13595,#13597,.T.);
#13595 = VERTEX_POINT('',#13596);
#13596 = CARTESIAN_POINT('',(-2.15,0.6,0.));
#13597 = LINE('',#13598,#13599);
#13598 = CARTESIAN_POINT('',(-2.15,0.6,0.));
#13599 = VECTOR('',#13600,1.);
#13600 = DIRECTION('',(0.,1.,0.));
#13601 = ORIENTED_EDGE('',*,*,#13602,.T.);
#13602 = EDGE_CURVE('',#13595,#13571,#13603,.T.);
#13603 = B_SPLINE_CURVE_WITH_KNOTS('',3,(#13604,#13605,#13606,#13607,
    #13608,#13609,#13610,#13611,#13612,#13613,#13614,#13615,#13616,
    #13617,#13618,#13619,#13620,#13621,#13622,#13623,#13624,#13625,
    #13626,#13627,#13628,#13629,#13630,#13631,#13632,#13633,#13634,
    #13635,#13636,#13637),.UNSPECIFIED.,.F.,.F.,(4,1,1,2,2,2,1,1,2,2,2,1
    ,1,2,2,2,1,1,2,2,4),(0.,6.25E-02,9.374999999999E-02,0.109375,0.125,
    0.25,0.3125,0.34375,0.359375,0.375,0.5,0.5625,0.59375,0.609375,0.625
    ,0.75,0.8125,0.84375,0.859375,0.875,1.),.UNSPECIFIED.);
#13604 = CARTESIAN_POINT('',(-2.15,0.6,0.));
#13605 = CARTESIAN_POINT('',(-2.150067507844,0.6,9.227416457609E-02));
#13606 = CARTESIAN_POINT('',(-2.162844009159,0.6,0.228196954116));
#13607 = CARTESIAN_POINT('',(-2.199931596572,0.6,0.382418741596));
#13608 = CARTESIAN_POINT('',(-2.220579491723,0.6,0.447580621877));
#13609 = CARTESIAN_POINT('',(-2.235401025119,0.6,0.490814503953));
#13610 = CARTESIAN_POINT('',(-2.242619709242,0.6,0.510506632408));
#13611 = CARTESIAN_POINT('',(-2.325304997199,0.6,0.719582900521));
#13612 = CARTESIAN_POINT('',(-2.433431007477,0.6,0.883935713126));
#13613 = CARTESIAN_POINT('',(-2.645327247181,0.6,1.095989392518));
#13614 = CARTESIAN_POINT('',(-2.759747245088,0.6,1.189363837843));
#13615 = CARTESIAN_POINT('',(-2.908063029246,0.6,1.276159000574));
#13616 = CARTESIAN_POINT('',(-2.974803891013,0.6,1.30861227957));
#13617 = CARTESIAN_POINT('',(-3.020003788696,0.6,1.329193432704));
#13618 = CARTESIAN_POINT('',(-3.044876334317,0.6,1.339717569897));
#13619 = CARTESIAN_POINT('',(-3.237353365681,0.6,1.41599676969));
#13620 = CARTESIAN_POINT('',(-3.415963294311,0.6,1.449932679317));
#13621 = CARTESIAN_POINT('',(-3.692018352844,0.6,1.450033660341));
#13622 = CARTESIAN_POINT('',(-3.827749283586,0.6,1.437333035165));
#13623 = CARTESIAN_POINT('',(-3.982082988698,0.6,1.400201186671));
#13624 = CARTESIAN_POINT('',(-4.047364780728,0.6,1.379505868933));
#13625 = CARTESIAN_POINT('',(-4.090694592204,0.6,1.364646397467));
#13626 = CARTESIAN_POINT('',(-4.110506632408,0.6,1.357380290758));
#13627 = CARTESIAN_POINT('',(-4.31958290052,0.6,1.274695002801));
#13628 = CARTESIAN_POINT('',(-4.483935713128,0.6,1.166568992522));
#13629 = CARTESIAN_POINT('',(-4.695989392517,0.6,0.95467275282));
#13630 = CARTESIAN_POINT('',(-4.789363837842,0.6,0.840252754913));
#13631 = CARTESIAN_POINT('',(-4.876159000574,0.6,0.691936970755));
#13632 = CARTESIAN_POINT('',(-4.90861227957,0.6,0.625196108988));
#13633 = CARTESIAN_POINT('',(-4.929193432703,0.6,0.579996211305));
#13634 = CARTESIAN_POINT('',(-4.9397260325,0.6,0.555102311806));
#13635 = CARTESIAN_POINT('',(-5.015929068869,0.6,0.362817465336));
#13636 = CARTESIAN_POINT('',(-5.049864723355,0.6,0.184905022381));
#13637 = CARTESIAN_POINT('',(-5.05,0.6,0.));
#13638 = ORIENTED_EDGE('',*,*,#13578,.F.);
#13639 = CYLINDRICAL_SURFACE('',#13640,1.45);
#13640 = AXIS2_PLACEMENT_3D('',#13641,#13642,#13643);
#13641 = CARTESIAN_POINT('',(-3.6,0.6,0.));
#13642 = DIRECTION('',(-0.,-1.,-0.));
#13643 = DIRECTION('',(0.,0.,-1.));
#13644 = ADVANCED_FACE('',(#13645),#13663,.F.);
#13645 = FACE_BOUND('',#13646,.T.);
#13646 = EDGE_LOOP('',(#13647,#13648,#13656,#13662));
#13647 = ORIENTED_EDGE('',*,*,#13594,.T.);
#13648 = ORIENTED_EDGE('',*,*,#13649,.F.);
#13649 = EDGE_CURVE('',#13650,#13595,#13652,.T.);
#13650 = VERTEX_POINT('',#13651);
#13651 = CARTESIAN_POINT('',(-2.15,0.6,-1.45));
#13652 = LINE('',#13653,#13654);
#13653 = CARTESIAN_POINT('',(-2.15,0.6,0.));
#13654 = VECTOR('',#13655,1.);
#13655 = DIRECTION('',(-2.990902544788E-16,0.,1.));
#13656 = ORIENTED_EDGE('',*,*,#13657,.F.);
#13657 = EDGE_CURVE('',#12999,#13650,#13658,.T.);
#13658 = LINE('',#13659,#13660);
#13659 = CARTESIAN_POINT('',(-2.15,0.6,-1.45));
#13660 = VECTOR('',#13661,1.);
#13661 = DIRECTION('',(0.,1.,0.));
#13662 = ORIENTED_EDGE('',*,*,#12998,.T.);
#13663 = PLANE('',#13664);
#13664 = AXIS2_PLACEMENT_3D('',#13665,#13666,#13667);
#13665 = CARTESIAN_POINT('',(-2.15,0.6,0.));
#13666 = DIRECTION('',(1.,0.,2.990902544788E-16));
#13667 = DIRECTION('',(2.990902544788E-16,0.,-1.));
#13668 = ADVANCED_FACE('',(#13669),#13726,.F.);
#13669 = FACE_BOUND('',#13670,.T.);
#13670 = EDGE_LOOP('',(#13671,#13672,#13680,#13688,#13694,#13695,#13703,
    #13711,#13717,#13718,#13719,#13725));
#13671 = ORIENTED_EDGE('',*,*,#12973,.F.);
#13672 = ORIENTED_EDGE('',*,*,#13673,.F.);
#13673 = EDGE_CURVE('',#13674,#12965,#13676,.T.);
#13674 = VERTEX_POINT('',#13675);
#13675 = CARTESIAN_POINT('',(-5.919352853658,0.,-1.45));
#13676 = LINE('',#13677,#13678);
#13677 = CARTESIAN_POINT('',(-5.919352853658,0.6,-1.45));
#13678 = VECTOR('',#13679,1.);
#13679 = DIRECTION('',(0.,1.,0.));
#13680 = ORIENTED_EDGE('',*,*,#13681,.F.);
#13681 = EDGE_CURVE('',#13682,#13674,#13684,.T.);
#13682 = VERTEX_POINT('',#13683);
#13683 = CARTESIAN_POINT('',(5.919352853661,0.,-1.449999999998));
#13684 = LINE('',#13685,#13686);
#13685 = CARTESIAN_POINT('',(-5.05,0.,-1.45));
#13686 = VECTOR('',#13687,1.);
#13687 = DIRECTION('',(-1.,0.,0.));
#13688 = ORIENTED_EDGE('',*,*,#13689,.F.);
#13689 = EDGE_CURVE('',#13040,#13682,#13690,.T.);
#13690 = LINE('',#13691,#13692);
#13691 = CARTESIAN_POINT('',(5.919352853658,0.6,-1.45));
#13692 = VECTOR('',#13693,1.);
#13693 = DIRECTION('',(-0.,-1.,-0.));
#13694 = ORIENTED_EDGE('',*,*,#13039,.T.);
#13695 = ORIENTED_EDGE('',*,*,#13696,.F.);
#13696 = EDGE_CURVE('',#13697,#13032,#13699,.T.);
#13697 = VERTEX_POINT('',#13698);
#13698 = CARTESIAN_POINT('',(5.05,0.6,-1.45));
#13699 = LINE('',#13700,#13701);
#13700 = CARTESIAN_POINT('',(5.05,0.6,-1.45));
#13701 = VECTOR('',#13702,1.);
#13702 = DIRECTION('',(-0.,-1.,-0.));
#13703 = ORIENTED_EDGE('',*,*,#13704,.F.);
#13704 = EDGE_CURVE('',#13705,#13697,#13707,.T.);
#13705 = VERTEX_POINT('',#13706);
#13706 = CARTESIAN_POINT('',(2.15,0.6,-1.45));
#13707 = LINE('',#13708,#13709);
#13708 = CARTESIAN_POINT('',(-5.05,0.6,-1.45));
#13709 = VECTOR('',#13710,1.);
#13710 = DIRECTION('',(1.,0.,0.));
#13711 = ORIENTED_EDGE('',*,*,#13712,.F.);
#13712 = EDGE_CURVE('',#13007,#13705,#13713,.T.);
#13713 = LINE('',#13714,#13715);
#13714 = CARTESIAN_POINT('',(2.15,0.6,-1.45));
#13715 = VECTOR('',#13716,1.);
#13716 = DIRECTION('',(0.,1.,0.));
#13717 = ORIENTED_EDGE('',*,*,#13006,.T.);
#13718 = ORIENTED_EDGE('',*,*,#13657,.T.);
#13719 = ORIENTED_EDGE('',*,*,#13720,.F.);
#13720 = EDGE_CURVE('',#13563,#13650,#13721,.T.);
#13721 = LINE('',#13722,#13723);
#13722 = CARTESIAN_POINT('',(-5.05,0.6,-1.45));
#13723 = VECTOR('',#13724,1.);
#13724 = DIRECTION('',(1.,0.,0.));
#13725 = ORIENTED_EDGE('',*,*,#13562,.T.);
#13726 = PLANE('',#13727);
#13727 = AXIS2_PLACEMENT_3D('',#13728,#13729,#13730);
#13728 = CARTESIAN_POINT('',(-5.05,0.6,-1.45));
#13729 = DIRECTION('',(0.,0.,-1.));
#13730 = DIRECTION('',(-1.,0.,0.));
#13731 = ADVANCED_FACE('',(#13732),#13750,.F.);
#13732 = FACE_BOUND('',#13733,.T.);
#13733 = EDGE_LOOP('',(#13734,#13735,#13743,#13749));
#13734 = ORIENTED_EDGE('',*,*,#13712,.T.);
#13735 = ORIENTED_EDGE('',*,*,#13736,.F.);
#13736 = EDGE_CURVE('',#13737,#13705,#13739,.T.);
#13737 = VERTEX_POINT('',#13738);
#13738 = CARTESIAN_POINT('',(2.15,0.6,0.));
#13739 = LINE('',#13740,#13741);
#13740 = CARTESIAN_POINT('',(2.15,0.6,0.));
#13741 = VECTOR('',#13742,1.);
#13742 = DIRECTION('',(-2.990902544788E-16,-0.,-1.));
#13743 = ORIENTED_EDGE('',*,*,#13744,.F.);
#13744 = EDGE_CURVE('',#13015,#13737,#13745,.T.);
#13745 = LINE('',#13746,#13747);
#13746 = CARTESIAN_POINT('',(2.15,0.6,0.));
#13747 = VECTOR('',#13748,1.);
#13748 = DIRECTION('',(0.,1.,0.));
#13749 = ORIENTED_EDGE('',*,*,#13014,.T.);
#13750 = PLANE('',#13751);
#13751 = AXIS2_PLACEMENT_3D('',#13752,#13753,#13754);
#13752 = CARTESIAN_POINT('',(2.15,0.6,0.));
#13753 = DIRECTION('',(-1.,0.,2.990902544788E-16));
#13754 = DIRECTION('',(2.990902544788E-16,0.,1.));
#13755 = ADVANCED_FACE('',(#13756),#13805,.F.);
#13756 = FACE_BOUND('',#13757,.F.);
#13757 = EDGE_LOOP('',(#13758,#13759,#13767,#13804));
#13758 = ORIENTED_EDGE('',*,*,#13022,.F.);
#13759 = ORIENTED_EDGE('',*,*,#13760,.T.);
#13760 = EDGE_CURVE('',#13023,#13761,#13763,.T.);
#13761 = VERTEX_POINT('',#13762);
#13762 = CARTESIAN_POINT('',(5.05,0.6,0.));
#13763 = LINE('',#13764,#13765);
#13764 = CARTESIAN_POINT('',(5.05,0.6,0.));
#13765 = VECTOR('',#13766,1.);
#13766 = DIRECTION('',(0.,1.,0.));
#13767 = ORIENTED_EDGE('',*,*,#13768,.T.);
#13768 = EDGE_CURVE('',#13761,#13737,#13769,.T.);
#13769 = B_SPLINE_CURVE_WITH_KNOTS('',3,(#13770,#13771,#13772,#13773,
    #13774,#13775,#13776,#13777,#13778,#13779,#13780,#13781,#13782,
    #13783,#13784,#13785,#13786,#13787,#13788,#13789,#13790,#13791,
    #13792,#13793,#13794,#13795,#13796,#13797,#13798,#13799,#13800,
    #13801,#13802,#13803),.UNSPECIFIED.,.F.,.F.,(4,1,1,2,2,2,1,1,2,2,2,1
    ,1,2,2,2,1,1,2,2,4),(0.,6.25E-02,9.375E-02,0.109375,0.125,0.25,
    0.3125,0.34375,0.359375,0.375,0.5,0.5625,0.59375,0.609375,0.625,0.75
    ,0.8125,0.84375,0.859375,0.875,1.),.UNSPECIFIED.);
#13770 = CARTESIAN_POINT('',(5.05,0.6,0.));
#13771 = CARTESIAN_POINT('',(5.049932361677,0.6,9.245251119049E-02));
#13772 = CARTESIAN_POINT('',(5.037155762503,0.6,0.228509060691));
#13773 = CARTESIAN_POINT('',(5.000068232175,0.6,0.382652821528));
#13774 = CARTESIAN_POINT('',(4.979420398186,0.6,0.447731101833));
#13775 = CARTESIAN_POINT('',(4.964598913719,0.6,0.490898103929));
#13776 = CARTESIAN_POINT('',(4.95742924691,0.6,0.510431390185));
#13777 = CARTESIAN_POINT('',(4.874303353587,0.6,0.720184838301));
#13778 = CARTESIAN_POINT('',(4.767170930303,0.6,0.883544063912));
#13779 = CARTESIAN_POINT('',(4.554371783929,0.6,1.096185217125));
#13780 = CARTESIAN_POINT('',(4.439726059354,0.6,1.189706530905));
#13781 = CARTESIAN_POINT('',(4.291541949086,0.6,1.276416020371));
#13782 = CARTESIAN_POINT('',(4.224942166486,0.6,1.308777506583));
#13783 = CARTESIAN_POINT('',(4.179855132137,0.6,1.329285225488));
#13784 = CARTESIAN_POINT('',(4.155210851393,0.6,1.339700707834));
#13785 = CARTESIAN_POINT('',(3.961949148642,0.6,1.416131666196));
#13786 = CARTESIAN_POINT('',(3.784734191367,0.6,1.450067575823));
#13787 = CARTESIAN_POINT('',(3.507632904316,0.6,1.449966212088));
#13788 = CARTESIAN_POINT('',(3.371640416446,0.6,1.437215000722));
#13789 = CARTESIAN_POINT('',(3.217459286325,0.6,1.400112660839));
#13790 = CARTESIAN_POINT('',(3.152340967501,0.6,1.37944895947));
#13791 = CARTESIAN_POINT('',(3.10914193459,0.6,1.364614781099));
#13792 = CARTESIAN_POINT('',(3.089568609815,0.6,1.35742924691));
#13793 = CARTESIAN_POINT('',(2.879815161698,0.6,1.274303353586));
#13794 = CARTESIAN_POINT('',(2.716455936088,0.6,1.167170930303));
#13795 = CARTESIAN_POINT('',(2.503814782875,0.6,0.954371783929));
#13796 = CARTESIAN_POINT('',(2.410293469095,0.6,0.839726059354));
#13797 = CARTESIAN_POINT('',(2.323583979629,0.6,0.691541949086));
#13798 = CARTESIAN_POINT('',(2.291222493417,0.6,0.624942166486));
#13799 = CARTESIAN_POINT('',(2.270714774512,0.6,0.579855132137));
#13800 = CARTESIAN_POINT('',(2.26027400012,0.6,0.55514689846));
#13801 = CARTESIAN_POINT('',(2.184070670174,0.6,0.362460772106));
#13802 = CARTESIAN_POINT('',(2.150135015688,0.6,0.184548329151));
#13803 = CARTESIAN_POINT('',(2.15,0.6,0.));
#13804 = ORIENTED_EDGE('',*,*,#13744,.F.);
#13805 = CYLINDRICAL_SURFACE('',#13806,1.45);
#13806 = AXIS2_PLACEMENT_3D('',#13807,#13808,#13809);
#13807 = CARTESIAN_POINT('',(3.6,0.6,0.));
#13808 = DIRECTION('',(-0.,-1.,-0.));
#13809 = DIRECTION('',(0.,0.,-1.));
#13810 = ADVANCED_FACE('',(#13811),#13822,.F.);
#13811 = FACE_BOUND('',#13812,.T.);
#13812 = EDGE_LOOP('',(#13813,#13814,#13820,#13821));
#13813 = ORIENTED_EDGE('',*,*,#13760,.T.);
#13814 = ORIENTED_EDGE('',*,*,#13815,.F.);
#13815 = EDGE_CURVE('',#13697,#13761,#13816,.T.);
#13816 = LINE('',#13817,#13818);
#13817 = CARTESIAN_POINT('',(5.05,0.6,0.));
#13818 = VECTOR('',#13819,1.);
#13819 = DIRECTION('',(0.,0.,1.));
#13820 = ORIENTED_EDGE('',*,*,#13696,.T.);
#13821 = ORIENTED_EDGE('',*,*,#13031,.T.);
#13822 = PLANE('',#13823);
#13823 = AXIS2_PLACEMENT_3D('',#13824,#13825,#13826);
#13824 = CARTESIAN_POINT('',(5.05,0.6,0.));
#13825 = DIRECTION('',(1.,0.,0.));
#13826 = DIRECTION('',(0.,0.,-1.));
#13827 = ADVANCED_FACE('',(#13828),#13914,.T.);
#13828 = FACE_BOUND('',#13829,.T.);
#13829 = EDGE_LOOP('',(#13830,#13831,#13841,#13849,#13864,#13873,#13882,
    #13891,#13902,#13913));
#13830 = ORIENTED_EDGE('',*,*,#13047,.T.);
#13831 = ORIENTED_EDGE('',*,*,#13832,.F.);
#13832 = EDGE_CURVE('',#13833,#13040,#13835,.T.);
#13833 = VERTEX_POINT('',#13834);
#13834 = CARTESIAN_POINT('',(4.95,0.3,-1.85));
#13835 = B_SPLINE_CURVE_WITH_KNOTS('',3,(#13836,#13837,#13838,#13839,
    #13840),.UNSPECIFIED.,.F.,.F.,(4,1,4),(0.,0.848967652303,1.),
  .UNSPECIFIED.);
#13836 = CARTESIAN_POINT('',(4.95,0.3,-1.85));
#13837 = CARTESIAN_POINT('',(5.249536700072,0.3,-1.85));
#13838 = CARTESIAN_POINT('',(5.578291213865,0.3,-1.718478304417));
#13839 = CARTESIAN_POINT('',(5.875247249523,0.3,-1.487015074144));
#13840 = CARTESIAN_POINT('',(5.91935285366,0.3,-1.449999999999));
#13841 = ORIENTED_EDGE('',*,*,#13842,.F.);
#13842 = EDGE_CURVE('',#13843,#13833,#13845,.T.);
#13843 = VERTEX_POINT('',#13844);
#13844 = CARTESIAN_POINT('',(4.95,7.200000044464,-1.849999997277));
#13845 = LINE('',#13846,#13847);
#13846 = CARTESIAN_POINT('',(4.95,3.785023095846,-1.85));
#13847 = VECTOR('',#13848,1.);
#13848 = DIRECTION('',(-0.,-1.,-0.));
#13849 = ORIENTED_EDGE('',*,*,#13850,.F.);
#13850 = EDGE_CURVE('',#13851,#13843,#13853,.T.);
#13851 = VERTEX_POINT('',#13852);
#13852 = CARTESIAN_POINT('',(5.777084224278,7.200000133391,
    -1.560175790496));
#13853 = B_SPLINE_CURVE_WITH_KNOTS('',3,(#13854,#13855,#13856,#13857,
    #13858,#13859,#13860,#13861,#13862,#13863),.UNSPECIFIED.,.F.,.F.,(4,
    1,1,1,1,1,1,4),(0.,7.082108058115E-03,0.255311581044,0.503541054029,
    0.751770527015,0.875885263507,0.937942631754,1.),.UNSPECIFIED.);
#13854 = CARTESIAN_POINT('',(5.777084224278,7.200000133391,
    -1.560175790496));
#13855 = CARTESIAN_POINT('',(5.775684085581,7.200000266782,
    -1.561169739597));
#13856 = CARTESIAN_POINT('',(5.725094924638,7.200000266782,
    -1.59690458227));
#13857 = CARTESIAN_POINT('',(5.619993219137,7.200000266782,
    -1.664404818412));
#13858 = CARTESIAN_POINT('',(5.442914138289,7.200000266782,
    -1.752129829623));
#13859 = CARTESIAN_POINT('',(5.270009765976,7.200000266782,
    -1.811067012455));
#13860 = CARTESIAN_POINT('',(5.123988912331,7.200000266782,
    -1.838352103239));
#13861 = CARTESIAN_POINT('',(5.03041128447,7.200000266782,
    -1.848275821537));
#13862 = CARTESIAN_POINT('',(4.97680376149,7.200000266782,
    -1.849425262953));
#13863 = CARTESIAN_POINT('',(4.95,7.200000044464,-1.849999997277));
#13864 = ORIENTED_EDGE('',*,*,#13865,.F.);
#13865 = EDGE_CURVE('',#13866,#13851,#13868,.T.);
#13866 = VERTEX_POINT('',#13867);
#13867 = CARTESIAN_POINT('',(6.01078773735,7.200000315238,
    -1.369401187507));
#13868 = B_SPLINE_CURVE_WITH_KNOTS('',3,(#13869,#13870,#13871,#13872),
  .UNSPECIFIED.,.F.,.F.,(4,4),(0.,1.),.PIECEWISE_BEZIER_KNOTS.);
#13869 = CARTESIAN_POINT('',(6.01078773735,7.200000315238,
    -1.369401187507));
#13870 = CARTESIAN_POINT('',(5.867949039114,7.202029419673,
    -1.501536282396));
#13871 = CARTESIAN_POINT('',(5.778785054902,7.202029298421,
    -1.55882130119));
#13872 = CARTESIAN_POINT('',(5.777084224278,7.200000133391,
    -1.560175790496));
#13873 = ORIENTED_EDGE('',*,*,#13874,.F.);
#13874 = EDGE_CURVE('',#13875,#13866,#13877,.T.);
#13875 = VERTEX_POINT('',#13876);
#13876 = CARTESIAN_POINT('',(6.469270692786,7.200860812463,
    -0.843738826842));
#13877 = B_SPLINE_CURVE_WITH_KNOTS('',3,(#13878,#13879,#13880,#13881),
  .UNSPECIFIED.,.F.,.F.,(4,4),(-1.687892224803E-07,1.),
  .PIECEWISE_BEZIER_KNOTS.);
#13878 = CARTESIAN_POINT('',(6.469270692786,7.200860812463,
    -0.843738826842));
#13879 = CARTESIAN_POINT('',(6.334895718545,7.200574621364,
    -1.029275387154));
#13880 = CARTESIAN_POINT('',(6.186264752602,7.200287625951,
    -1.206841531401));
#13881 = CARTESIAN_POINT('',(6.01078773735,7.200000315238,
    -1.369401187507));
#13882 = ORIENTED_EDGE('',*,*,#13883,.F.);
#13883 = EDGE_CURVE('',#13884,#13875,#13886,.T.);
#13884 = VERTEX_POINT('',#13885);
#13885 = CARTESIAN_POINT('',(6.555674823234,7.200000446436,
    -0.720476668336));
#13886 = B_SPLINE_CURVE_WITH_KNOTS('',3,(#13887,#13888,#13889,#13890),
  .UNSPECIFIED.,.F.,.F.,(4,4),(0.,0.999999230728),
  .PIECEWISE_BEZIER_KNOTS.);
#13887 = CARTESIAN_POINT('',(6.555674823234,7.200000446436,
    -0.720476668336));
#13888 = CARTESIAN_POINT('',(6.52756444745,7.200287799486,
    -0.761952203886));
#13889 = CARTESIAN_POINT('',(6.498798146639,7.2005747078,-0.803060351453
    ));
#13890 = CARTESIAN_POINT('',(6.469270692786,7.200860812463,
    -0.843738826842));
#13891 = ORIENTED_EDGE('',*,*,#13892,.F.);
#13892 = EDGE_CURVE('',#13893,#13884,#13895,.T.);
#13893 = VERTEX_POINT('',#13894);
#13894 = CARTESIAN_POINT('',(7.414687626466,7.200250152782,
    1.076705226676));
#13895 = B_SPLINE_CURVE_WITH_KNOTS('',3,(#13896,#13897,#13898,#13899,
    #13900,#13901),.UNSPECIFIED.,.F.,.F.,(4,2,4),(0.,0.499999965332,
    0.999999930664),.UNSPECIFIED.);
#13896 = CARTESIAN_POINT('',(7.414687626466,7.200250152782,
    1.076705226676));
#13897 = CARTESIAN_POINT('',(7.311034594287,7.200208803747,
    0.755084378661));
#13898 = CARTESIAN_POINT('',(7.186018930314,7.200167221236,
    0.445405013271));
#13899 = CARTESIAN_POINT('',(6.90186472031,7.200084056213,
    -0.154876884928));
#13900 = CARTESIAN_POINT('',(6.742135892513,7.200042473701,
    -0.445149373117));
#13901 = CARTESIAN_POINT('',(6.555674823234,7.200000446436,
    -0.720476668336));
#13902 = ORIENTED_EDGE('',*,*,#13903,.F.);
#13903 = EDGE_CURVE('',#13416,#13893,#13904,.T.);
#13904 = B_SPLINE_CURVE_WITH_KNOTS('',3,(#13905,#13906,#13907,#13908,
    #13909,#13910,#13911,#13912),.UNSPECIFIED.,.F.,.F.,(4,2,2,4),(0.,
    0.25,0.5,1.),.UNSPECIFIED.);
#13905 = CARTESIAN_POINT('',(7.550008887618,7.200293368353,
    1.649999917459));
#13906 = CARTESIAN_POINT('',(7.549511429739,7.200290280886,
    1.596203209886));
#13907 = CARTESIAN_POINT('',(7.539647916763,7.200286654102,
    1.547638245757));
#13908 = CARTESIAN_POINT('',(7.520108389519,7.200279400533,
    1.450403484669));
#13909 = CARTESIAN_POINT('',(7.508646870518,7.200275773748,
    1.402731984222));
#13910 = CARTESIAN_POINT('',(7.471963855226,7.200264893395,
    1.261002480437));
#13911 = CARTESIAN_POINT('',(7.444233002356,7.200257639826,
    1.168347476109));
#13912 = CARTESIAN_POINT('',(7.414687626466,7.200250152782,
    1.076705226676));
#13913 = ORIENTED_EDGE('',*,*,#13415,.F.);
#13914 = B_SPLINE_SURFACE_WITH_KNOTS('',3,1,(
    (#13915,#13916,#13917)
    ,(#13918,#13919,#13920)
    ,(#13921,#13922,#13923)
    ,(#13924,#13925,#13926)
    ,(#13927,#13928,#13929
    )),.UNSPECIFIED.,.F.,.F.,.F.,(4,1,4),(2,1,2),(0.,0.809705079601,1.),
  (0.,1.,1.01),.UNSPECIFIED.);
#13915 = CARTESIAN_POINT('',(7.55,0.3,1.65));
#13916 = CARTESIAN_POINT('',(7.55,7.201035833359,1.65));
#13917 = CARTESIAN_POINT('',(7.55,7.270046191692,1.65));
#13918 = CARTESIAN_POINT('',(7.55,0.3,1.312701483717));
#13919 = CARTESIAN_POINT('',(7.55,7.201035833359,1.312701483717));
#13920 = CARTESIAN_POINT('',(7.55,7.270046191692,1.312701483717));
#13921 = CARTESIAN_POINT('',(6.716217719061,0.3,-1.263238856339));
#13922 = CARTESIAN_POINT('',(6.716217719061,7.201035833359,
    -1.263238856339));
#13923 = CARTESIAN_POINT('',(6.716217719061,7.270046191692,
    -1.263238856339));
#13924 = CARTESIAN_POINT('',(5.249536700072,0.3,-1.85));
#13925 = CARTESIAN_POINT('',(5.249536700072,7.201035833359,-1.85));
#13926 = CARTESIAN_POINT('',(5.249536700072,7.270046191692,-1.85));
#13927 = CARTESIAN_POINT('',(4.95,0.3,-1.85));
#13928 = CARTESIAN_POINT('',(4.95,7.201035833359,-1.85));
#13929 = CARTESIAN_POINT('',(4.95,7.270046191692,-1.85));
#13930 = ADVANCED_FACE('',(#13931),#13942,.F.);
#13931 = FACE_BOUND('',#13932,.T.);
#13932 = EDGE_LOOP('',(#13933,#13934,#13935,#13941));
#13933 = ORIENTED_EDGE('',*,*,#12631,.F.);
#13934 = ORIENTED_EDGE('',*,*,#13101,.F.);
#13935 = ORIENTED_EDGE('',*,*,#13936,.F.);
#13936 = EDGE_CURVE('',#13072,#13102,#13937,.T.);
#13937 = LINE('',#13938,#13939);
#13938 = CARTESIAN_POINT('',(1.,0.,0.75));
#13939 = VECTOR('',#13940,1.);
#13940 = DIRECTION('',(0.,-1.,0.));
#13941 = ORIENTED_EDGE('',*,*,#13071,.T.);
#13942 = PLANE('',#13943);
#13943 = AXIS2_PLACEMENT_3D('',#13944,#13945,#13946);
#13944 = CARTESIAN_POINT('',(1.,0.,0.75));
#13945 = DIRECTION('',(-1.,0.,0.));
#13946 = DIRECTION('',(0.,0.,1.));
#13947 = ADVANCED_FACE('',(#13948),#13954,.F.);
#13948 = FACE_BOUND('',#13949,.T.);
#13949 = EDGE_LOOP('',(#13950,#13951,#13952,#13953));
#13950 = ORIENTED_EDGE('',*,*,#13936,.T.);
#13951 = ORIENTED_EDGE('',*,*,#13118,.F.);
#13952 = ORIENTED_EDGE('',*,*,#13456,.T.);
#13953 = ORIENTED_EDGE('',*,*,#13079,.T.);
#13954 = PLANE('',#13955);
#13955 = AXIS2_PLACEMENT_3D('',#13956,#13957,#13958);
#13956 = CARTESIAN_POINT('',(1.,0.,0.75));
#13957 = DIRECTION('',(0.,0.,1.));
#13958 = DIRECTION('',(1.,0.,0.));
#13959 = ADVANCED_FACE('',(#13960),#13966,.F.);
#13960 = FACE_BOUND('',#13961,.T.);
#13961 = EDGE_LOOP('',(#13962,#13963,#13964,#13965));
#13962 = ORIENTED_EDGE('',*,*,#11731,.F.);
#13963 = ORIENTED_EDGE('',*,*,#13353,.T.);
#13964 = ORIENTED_EDGE('',*,*,#12163,.F.);
#13965 = ORIENTED_EDGE('',*,*,#13199,.T.);
#13966 = PLANE('',#13967);
#13967 = AXIS2_PLACEMENT_3D('',#13968,#13969,#13970);
#13968 = CARTESIAN_POINT('',(6.5,0.2995,6.75));
#13969 = DIRECTION('',(-1.,0.,0.));
#13970 = DIRECTION('',(0.,0.,1.));
#13971 = ADVANCED_FACE('',(#13972),#13983,.F.);
#13972 = FACE_BOUND('',#13973,.F.);
#13973 = EDGE_LOOP('',(#13974,#13975,#13976,#13977));
#13974 = ORIENTED_EDGE('',*,*,#12282,.T.);
#13975 = ORIENTED_EDGE('',*,*,#10690,.T.);
#13976 = ORIENTED_EDGE('',*,*,#13259,.T.);
#13977 = ORIENTED_EDGE('',*,*,#13978,.T.);
#13978 = EDGE_CURVE('',#13260,#12275,#13979,.T.);
#13979 = LINE('',#13980,#13981);
#13980 = CARTESIAN_POINT('',(-0.404299763745,2.85,7.65));
#13981 = VECTOR('',#13982,1.);
#13982 = DIRECTION('',(0.,0.,1.));
#13983 = CYLINDRICAL_SURFACE('',#13984,0.2);
#13984 = AXIS2_PLACEMENT_3D('',#13985,#13986,#13987);
#13985 = CARTESIAN_POINT('',(-0.404299763745,3.05,7.65));
#13986 = DIRECTION('',(0.,0.,1.));
#13987 = DIRECTION('',(1.,0.,0.));
#13988 = ADVANCED_FACE('',(#13989),#14043,.F.);
#13989 = FACE_BOUND('',#13990,.F.);
#13990 = EDGE_LOOP('',(#13991,#13992,#13993,#13994,#13995,#13996,#13997,
    #13998,#14009));
#13991 = ORIENTED_EDGE('',*,*,#13381,.T.);
#13992 = ORIENTED_EDGE('',*,*,#13493,.T.);
#13993 = ORIENTED_EDGE('',*,*,#13502,.T.);
#13994 = ORIENTED_EDGE('',*,*,#13513,.T.);
#13995 = ORIENTED_EDGE('',*,*,#13522,.T.);
#13996 = ORIENTED_EDGE('',*,*,#13531,.T.);
#13997 = ORIENTED_EDGE('',*,*,#13541,.T.);
#13998 = ORIENTED_EDGE('',*,*,#13999,.T.);
#13999 = EDGE_CURVE('',#13474,#14000,#14002,.T.);
#14000 = VERTEX_POINT('',#14001);
#14001 = CARTESIAN_POINT('',(-4.95,8.2,-0.85));
#14002 = B_SPLINE_CURVE_WITH_KNOTS('',3,(#14003,#14004,#14005,#14006,
    #14007,#14008),.UNSPECIFIED.,.F.,.F.,(4,2,4),(0.,0.5,1.),
  .UNSPECIFIED.);
#14003 = CARTESIAN_POINT('',(-4.95,7.200000044464,-1.849999997277));
#14004 = CARTESIAN_POINT('',(-4.95,7.461799387799,-1.85));
#14005 = CARTESIAN_POINT('',(-4.95,7.721986658763,-1.74222690361));
#14006 = CARTESIAN_POINT('',(-4.95,8.09222690361,-1.371986658763));
#14007 = CARTESIAN_POINT('',(-4.95,8.2,-1.111799387799));
#14008 = CARTESIAN_POINT('',(-4.95,8.2,-0.85));
#14009 = ORIENTED_EDGE('',*,*,#14010,.T.);
#14010 = EDGE_CURVE('',#14000,#13382,#14011,.T.);
#14011 = B_SPLINE_CURVE_WITH_KNOTS('',3,(#14012,#14013,#14014,#14015,
    #14016,#14017,#14018,#14019,#14020,#14021,#14022,#14023,#14024,
    #14025,#14026,#14027,#14028,#14029,#14030,#14031,#14032,#14033,
    #14034,#14035,#14036,#14037,#14038,#14039,#14040,#14041,#14042),
  .UNSPECIFIED.,.F.,.F.,(4,1,1,1,1,1,1,2,2,1,1,1,1,2,2,1,1,1,1,1,2,2,4),
  (0.,0.125,0.1875,0.21875,0.234375,0.2421875,0.24609375,0.248046875,
    0.25,0.375,0.4375,0.46875,0.484375,0.4921875,0.5,0.625,0.6875,
    0.71875,0.734375,0.7421875,0.74609375,0.75,1.),.UNSPECIFIED.);
#14012 = CARTESIAN_POINT('',(-4.95,8.2,-0.85));
#14013 = CARTESIAN_POINT('',(-5.04113702041,8.2,-0.841214174907));
#14014 = CARTESIAN_POINT('',(-5.19071919276,8.2,-0.77044645194));
#14015 = CARTESIAN_POINT('',(-5.387765850205,8.2,-0.587103384154));
#14016 = CARTESIAN_POINT('',(-5.491922709687,8.2,-0.47023666918));
#14017 = CARTESIAN_POINT('',(-5.545409522118,8.2,-0.405504516423));
#14018 = CARTESIAN_POINT('',(-5.572505024006,8.2,-0.371563741227));
#14019 = CARTESIAN_POINT('',(-5.586140798868,8.2,-0.354199678924));
#14020 = CARTESIAN_POINT('',(-5.592003564648,8.2,-0.346673579072));
#14021 = CARTESIAN_POINT('',(-5.595916266783,8.2,-0.341637432757));
#14022 = CARTESIAN_POINT('',(-5.598788039163,8.2,-0.33792820033));
#14023 = CARTESIAN_POINT('',(-5.666857155784,8.2,-0.249851022094));
#14024 = CARTESIAN_POINT('',(-5.766719467529,8.2,-0.10665241146));
#14025 = CARTESIAN_POINT('',(-5.882052057418,8.2,8.336457298687E-02));
#14026 = CARTESIAN_POINT('',(-5.939424992242,8.2,0.184111049887));
#14027 = CARTESIAN_POINT('',(-5.968038119624,8.2,0.235918784506));
#14028 = CARTESIAN_POINT('',(-5.980285172782,8.2,0.258429491379));
#14029 = CARTESIAN_POINT('',(-5.988446382504,8.2,0.273504938636));
#14030 = CARTESIAN_POINT('',(-5.993091138008,8.2,0.282132522411));
#14031 = CARTESIAN_POINT('',(-6.05278180398,8.2,0.393488089795));
#14032 = CARTESIAN_POINT('',(-6.133565503722,8.2,0.55508633178));
#14033 = CARTESIAN_POINT('',(-6.221713570861,8.2,0.751300782854));
#14034 = CARTESIAN_POINT('',(-6.264262708791,8.2,0.851328800581));
#14035 = CARTESIAN_POINT('',(-6.285156053845,8.2,0.901823007492));
#14036 = CARTESIAN_POINT('',(-6.295507420395,8.2,0.92719016046));
#14037 = CARTESIAN_POINT('',(-6.299923297636,8.2,0.938087522341));
#14038 = CARTESIAN_POINT('',(-6.302862677416,8.2,0.945358146905));
#14039 = CARTESIAN_POINT('',(-6.303858857697,8.2,0.947825244084));
#14040 = CARTESIAN_POINT('',(-6.429724333138,8.2,1.26061189692));
#14041 = CARTESIAN_POINT('',(-6.507590741411,8.2,1.493066115423));
#14042 = CARTESIAN_POINT('',(-6.53939034406,8.199999934674,
    1.650000834469));
#14043 = B_SPLINE_SURFACE_WITH_KNOTS('',3,3,(
    (#14044,#14045,#14046,#14047,#14048,#14049,#14050,#14051,#14052
      ,#14053,#14054,#14055,#14056,#14057,#14058,#14059,#14060,#14061
      ,#14062,#14063,#14064,#14065,#14066,#14067,#14068)
    ,(#14069,#14070,#14071,#14072,#14073,#14074,#14075,#14076,#14077
      ,#14078,#14079,#14080,#14081,#14082,#14083,#14084,#14085,#14086
      ,#14087,#14088,#14089,#14090,#14091,#14092,#14093)
    ,(#14094,#14095,#14096,#14097,#14098,#14099,#14100,#14101,#14102
      ,#14103,#14104,#14105,#14106,#14107,#14108,#14109,#14110,#14111
      ,#14112,#14113,#14114,#14115,#14116,#14117,#14118)
    ,(#14119,#14120,#14121,#14122,#14123,#14124,#14125,#14126,#14127
      ,#14128,#14129,#14130,#14131,#14132,#14133,#14134,#14135,#14136
      ,#14137,#14138,#14139,#14140,#14141,#14142,#14143)
    ,(#14144,#14145,#14146,#14147,#14148,#14149,#14150,#14151,#14152
      ,#14153,#14154,#14155,#14156,#14157,#14158,#14159,#14160,#14161
      ,#14162,#14163,#14164,#14165,#14166,#14167,#14168)
    ,(#14169,#14170,#14171,#14172,#14173,#14174,#14175,#14176,#14177
      ,#14178,#14179,#14180,#14181,#14182,#14183,#14184,#14185,#14186
      ,#14187,#14188,#14189,#14190,#14191,#14192,#14193)
    ,(#14194,#14195,#14196,#14197,#14198,#14199,#14200,#14201,#14202
      ,#14203,#14204,#14205,#14206,#14207,#14208,#14209,#14210,#14211
      ,#14212,#14213,#14214,#14215,#14216,#14217,#14218)
    ,(#14219,#14220,#14221,#14222,#14223,#14224,#14225,#14226,#14227
      ,#14228,#14229,#14230,#14231,#14232,#14233,#14234,#14235,#14236
      ,#14237,#14238,#14239,#14240,#14241,#14242,#14243)
    ,(#14244,#14245,#14246,#14247,#14248,#14249,#14250,#14251,#14252
      ,#14253,#14254,#14255,#14256,#14257,#14258,#14259,#14260,#14261
      ,#14262,#14263,#14264,#14265,#14266,#14267,#14268)
    ,(#14269,#14270,#14271,#14272,#14273,#14274,#14275,#14276,#14277
      ,#14278,#14279,#14280,#14281,#14282,#14283,#14284,#14285,#14286
      ,#14287,#14288,#14289,#14290,#14291,#14292,#14293)
    ,(#14294,#14295,#14296,#14297,#14298,#14299,#14300,#14301,#14302
      ,#14303,#14304,#14305,#14306,#14307,#14308,#14309,#14310,#14311
      ,#14312,#14313,#14314,#14315,#14316,#14317,#14318)
    ,(#14319,#14320,#14321,#14322,#14323,#14324,#14325,#14326,#14327
      ,#14328,#14329,#14330,#14331,#14332,#14333,#14334,#14335,#14336
      ,#14337,#14338,#14339,#14340,#14341,#14342,#14343
  )),.UNSPECIFIED.,.F.,.F.,.F.,(4,3,1,1,1,1,1,4),(4,1,1,1,1,1,1,1,1,1,1,
    1,1,1,1,1,1,1,1,1,1,1,4),(-1.E-02,0.,0.125,0.25,0.5,0.75,0.875,1.),(
    0.732746488562,0.73483440662,0.736922324678,0.741098160794,
    0.749449833027,0.757801505259,0.766153177492,0.782856521956,
    0.799559866421,0.832966555351,0.866373244281,0.899779933211,
    0.916483277676,0.93318662214,0.941538294373,0.943626212431,
    0.945714130489,0.949889966605,0.954065802722,0.958241638838,
    0.96659331107,0.983296655535,1.),.UNSPECIFIED.);
#14044 = CARTESIAN_POINT('',(-4.95,7.183852240384,-1.850988975728));
#14045 = CARTESIAN_POINT('',(-4.976808423541,7.183852240384,
    -1.850414510646));
#14046 = CARTESIAN_POINT('',(-5.030425270623,7.183852240384,
    -1.849265580483));
#14047 = CARTESIAN_POINT('',(-5.124027773959,7.183852240384,
    -1.839345167529));
#14048 = CARTESIAN_POINT('',(-5.270095607885,7.183852240384,
    -1.812066204202));
#14049 = CARTESIAN_POINT('',(-5.443067942885,7.183852240384,
    -1.75313509548));
#14050 = CARTESIAN_POINT('',(-5.620222287925,7.183852240384,
    -1.665411134243));
#14051 = CARTESIAN_POINT('',(-5.827560399309,7.183852240384,
    -1.53230304971));
#14052 = CARTESIAN_POINT('',(-6.048417400983,7.183852240383,
    -1.344491862184));
#14053 = CARTESIAN_POINT('',(-6.353117286584,7.183852240383,
    -1.016776904003));
#14054 = CARTESIAN_POINT('',(-6.668785235394,7.183852240384,
    -0.570669575544));
#14055 = CARTESIAN_POINT('',(-6.984806557495,7.183852240384,
    -2.340966873859E-04));
#14056 = CARTESIAN_POINT('',(-7.207039901591,7.183852240384,
    0.498121860691));
#14057 = CARTESIAN_POINT('',(-7.361978026613,7.183852240384,
    0.909583512432));
#14058 = CARTESIAN_POINT('',(-7.447961457509,7.183852240384,
    1.172815967225));
#14059 = CARTESIAN_POINT('',(-7.496193259658,7.183852240384,
    1.348199106975));
#14060 = CARTESIAN_POINT('',(-7.516066154176,7.183852240384,
    1.430480369861));
#14061 = CARTESIAN_POINT('',(-7.528540979118,7.183852240384,
    1.485767990386));
#14062 = CARTESIAN_POINT('',(-7.542166989674,7.183852240384,
    1.555975795815));
#14063 = CARTESIAN_POINT('',(-7.554303705328,7.183852240384,
    1.642583899126));
#14064 = CARTESIAN_POINT('',(-7.543509570072,7.183852240384,
    1.773145466477));
#14065 = CARTESIAN_POINT('',(-7.534281456925,7.183852240384,
    1.996225992236));
#14066 = CARTESIAN_POINT('',(-7.51607941054,7.183852240384,
    2.317718849586));
#14067 = CARTESIAN_POINT('',(-7.502856180971,7.183852240384,
    2.574164760878));
#14068 = CARTESIAN_POINT('',(-7.496244566187,7.183852240384,
    2.702387716523));
#14069 = CARTESIAN_POINT('',(-4.95,7.189234826922,-1.850659317152));
#14070 = CARTESIAN_POINT('',(-4.97680686955,7.189234826922,
    -1.850084766863));
#14071 = CARTESIAN_POINT('',(-5.030420608649,7.189234826923,
    -1.848935666285));
#14072 = CARTESIAN_POINT('',(-5.124014820297,7.189234826923,
    -1.839014151568));
#14073 = CARTESIAN_POINT('',(-5.270066994388,7.189234826923,
    -1.811733145789));
#14074 = CARTESIAN_POINT('',(-5.443016675533,7.189234826923,
    -1.752800012397));
#14075 = CARTESIAN_POINT('',(-5.620145932924,7.189234826922,
    -1.665075701175));
#14076 = CARTESIAN_POINT('',(-5.827453668418,7.189234826922,
    -1.53196973031));
#14077 = CARTESIAN_POINT('',(-6.048279370303,7.189234826922,
    -1.344166062435));
#14078 = CARTESIAN_POINT('',(-6.352938262745,7.189234826922,
    -1.016469675381));
#14079 = CARTESIAN_POINT('',(-6.668566441052,7.189234826923,
    -0.570393921225));
#14080 = CARTESIAN_POINT('',(-6.984551178336,7.189234826922,
    -4.439384749588E-06));
#14081 = CARTESIAN_POINT('',(-7.206759732051,7.189234826922,
    0.498308776088));
#14082 = CARTESIAN_POINT('',(-7.361681113899,7.189234826922,
    0.909733825556));
#14083 = CARTESIAN_POINT('',(-7.447655201814,7.189234826922,
    1.172942454634));
#14084 = CARTESIAN_POINT('',(-7.495881341567,7.189234826922,
    1.348309650174));
#14085 = CARTESIAN_POINT('',(-7.515752132696,7.189234826922,
    1.430583243834));
#14086 = CARTESIAN_POINT('',(-7.528222179142,7.189234826922,
    1.485867358731));
#14087 = CARTESIAN_POINT('',(-7.54185233253,7.189234826922,
    1.556065724751));
#14088 = CARTESIAN_POINT('',(-7.553977790236,7.189234826922,
    1.642670791378));
#14089 = CARTESIAN_POINT('',(-7.543170199634,7.189234826922,
    1.773227001285));
#14090 = CARTESIAN_POINT('',(-7.533952118756,7.189234826922,
    1.996279464083));
#14091 = CARTESIAN_POINT('',(-7.515746960496,7.189234826923,
    2.317741939031));
#14092 = CARTESIAN_POINT('',(-7.502525893097,7.189234826923,
    2.574160955362));
#14093 = CARTESIAN_POINT('',(-7.495915359397,7.189234826923,
    2.702370463527));
#14094 = CARTESIAN_POINT('',(-4.95,7.194617413461,-1.850329658576));
#14095 = CARTESIAN_POINT('',(-4.976805315558,7.194617413461,
    -1.84975502308));
#14096 = CARTESIAN_POINT('',(-5.030415946675,7.194617413461,
    -1.848605752087));
#14097 = CARTESIAN_POINT('',(-5.124001866635,7.194617413461,
    -1.838683135607));
#14098 = CARTESIAN_POINT('',(-5.270038380891,7.194617413461,
    -1.811400087376));
#14099 = CARTESIAN_POINT('',(-5.442965408182,7.194617413461,
    -1.752464929314));
#14100 = CARTESIAN_POINT('',(-5.620069577923,7.194617413461,
    -1.664740268106));
#14101 = CARTESIAN_POINT('',(-5.827346937527,7.194617413461,
    -1.53163641091));
#14102 = CARTESIAN_POINT('',(-6.048141339622,7.194617413461,
    -1.343840262686));
#14103 = CARTESIAN_POINT('',(-6.352759238906,7.194617413461,
    -1.016162446758));
#14104 = CARTESIAN_POINT('',(-6.668347646711,7.194617413461,
    -0.570118266906));
#14105 = CARTESIAN_POINT('',(-6.984295799178,7.194617413461,
    2.252179178903E-04));
#14106 = CARTESIAN_POINT('',(-7.206479562511,7.194617413461,
    0.498495691485));
#14107 = CARTESIAN_POINT('',(-7.361384201186,7.194617413461,
    0.90988413868));
#14108 = CARTESIAN_POINT('',(-7.447348946119,7.194617413461,
    1.173068942043));
#14109 = CARTESIAN_POINT('',(-7.495569423476,7.194617413461,
    1.348420193372));
#14110 = CARTESIAN_POINT('',(-7.515438111216,7.194617413461,
    1.430686117807));
#14111 = CARTESIAN_POINT('',(-7.527903379165,7.194617413461,
    1.485966727076));
#14112 = CARTESIAN_POINT('',(-7.541537675387,7.194617413461,
    1.556155653686));
#14113 = CARTESIAN_POINT('',(-7.553651875143,7.194617413461,
    1.64275768363));
#14114 = CARTESIAN_POINT('',(-7.542830829195,7.194617413461,
    1.773308536093));
#14115 = CARTESIAN_POINT('',(-7.533622780588,7.194617413461,
    1.996332935931));
#14116 = CARTESIAN_POINT('',(-7.515414510452,7.194617413461,
    2.317765028477));
#14117 = CARTESIAN_POINT('',(-7.502195605222,7.194617413461,
    2.574157149846));
#14118 = CARTESIAN_POINT('',(-7.495586152607,7.194617413461,
    2.70235321053));
#14119 = CARTESIAN_POINT('',(-4.95,7.2,-1.85));
#14120 = CARTESIAN_POINT('',(-4.976803761567,7.2,-1.849425279297));
#14121 = CARTESIAN_POINT('',(-5.030411284701,7.2,-1.848275837889));
#14122 = CARTESIAN_POINT('',(-5.123988912973,7.2,-1.838352119646));
#14123 = CARTESIAN_POINT('',(-5.270009767394,7.2,-1.811067028963));
#14124 = CARTESIAN_POINT('',(-5.44291414083,7.2,-1.752129846231));
#14125 = CARTESIAN_POINT('',(-5.619993222921,7.2,-1.664404835038));
#14126 = CARTESIAN_POINT('',(-5.827240206635,7.2,-1.53130309151));
#14127 = CARTESIAN_POINT('',(-6.048003308942,7.2,-1.343514462937));
#14128 = CARTESIAN_POINT('',(-6.352580215068,7.2,-1.015855218136));
#14129 = CARTESIAN_POINT('',(-6.668128852369,7.2,-0.569842612587));
#14130 = CARTESIAN_POINT('',(-6.984040420019,7.2,4.548752205267E-04));
#14131 = CARTESIAN_POINT('',(-7.20619939297,7.2,0.498682606882));
#14132 = CARTESIAN_POINT('',(-7.361087288472,7.2,0.910034451804));
#14133 = CARTESIAN_POINT('',(-7.447042690424,7.2,1.173195429452));
#14134 = CARTESIAN_POINT('',(-7.495257505386,7.2,1.34853073657));
#14135 = CARTESIAN_POINT('',(-7.515124089736,7.2,1.43078899178));
#14136 = CARTESIAN_POINT('',(-7.527584579189,7.2,1.486066095421));
#14137 = CARTESIAN_POINT('',(-7.541223018243,7.2,1.556245582622));
#14138 = CARTESIAN_POINT('',(-7.55332596005,7.2,1.642844575881));
#14139 = CARTESIAN_POINT('',(-7.542491458757,7.2,1.7733900709));
#14140 = CARTESIAN_POINT('',(-7.53329344242,7.2,1.996386407778));
#14141 = CARTESIAN_POINT('',(-7.515082060408,7.2,2.317788117922));
#14142 = CARTESIAN_POINT('',(-7.501865317347,7.2,2.57415334433));
#14143 = CARTESIAN_POINT('',(-7.495256945816,7.2,2.702335957533));
#14144 = CARTESIAN_POINT('',(-4.95,7.267282331735,-1.845879267803));
#14145 = CARTESIAN_POINT('',(-4.976784336676,7.267282331735,
    -1.845303482006));
#14146 = CARTESIAN_POINT('',(-5.030353010027,7.267282331735,
    -1.844151910412));
#14147 = CARTESIAN_POINT('',(-5.1238269922,7.267282331735,
    -1.834214420134));
#14148 = CARTESIAN_POINT('',(-5.26965209868,7.267282331735,
    -1.806903798801));
#14149 = CARTESIAN_POINT('',(-5.442273298935,7.267282331735,
    -1.747941307691));
#14150 = CARTESIAN_POINT('',(-5.619038785405,7.267282331735,
    -1.660211921681));
#14151 = CARTESIAN_POINT('',(-5.825906070495,7.267282331735,
    -1.527136599008));
#14152 = CARTESIAN_POINT('',(-6.046277925437,7.267282331735,
    -1.339441966078));
#14153 = CARTESIAN_POINT('',(-6.350342417084,7.267282331735,
    -1.012014860355));
#14154 = CARTESIAN_POINT('',(-6.665393923099,7.267282331735,
    -0.566396933597));
#14155 = CARTESIAN_POINT('',(-6.980848180538,7.267282331735,
    3.325591503494E-03));
#14156 = CARTESIAN_POINT('',(-7.202697273717,7.267282331735,
    0.501019049345));
#14157 = CARTESIAN_POINT('',(-7.357375879555,7.267282331735,
    0.911913365851));
#14158 = CARTESIAN_POINT('',(-7.443214494237,7.267282331735,
    1.174776522064));
#14159 = CARTESIAN_POINT('',(-7.491358529254,7.267282331735,
    1.349912526549));
#14160 = CARTESIAN_POINT('',(-7.511198821233,7.267282331735,
    1.432074916446));
#14161 = CARTESIAN_POINT('',(-7.523599579485,7.267282331735,
    1.487308199736));
#14162 = CARTESIAN_POINT('',(-7.537289803947,7.267282331735,
    1.557369694319));
#14163 = CARTESIAN_POINT('',(-7.549252021391,7.267282331735,
    1.64393072903));
#14164 = CARTESIAN_POINT('',(-7.538249328276,7.267282331735,
    1.774409255997));
#14165 = CARTESIAN_POINT('',(-7.529176715315,7.267282331735,
    1.997054805872));
#14166 = CARTESIAN_POINT('',(-7.510926434859,7.267282331735,
    2.318076735991));
#14167 = CARTESIAN_POINT('',(-7.497736718912,7.267282331735,
    2.574105775379));
#14168 = CARTESIAN_POINT('',(-7.491141860939,7.267282331735,
    2.702120295073));
#14169 = CARTESIAN_POINT('',(-4.95,7.401846995205,-1.837637803407));
#14170 = CARTESIAN_POINT('',(-4.976745486892,7.401846995205,
    -1.837059887424));
#14171 = CARTESIAN_POINT('',(-5.030236460677,7.401846995206,
    -1.835904055459));
#14172 = CARTESIAN_POINT('',(-5.123503150653,7.401846995206,
    -1.825939021109));
#14173 = CARTESIAN_POINT('',(-5.268936761253,7.401846995206,
    -1.798577338477));
#14174 = CARTESIAN_POINT('',(-5.440991615144,7.401846995206,
    -1.739564230613));
#14175 = CARTESIAN_POINT('',(-5.617129910374,7.401846995206,
    -1.651826094968));
#14176 = CARTESIAN_POINT('',(-5.823237798215,7.401846995205,
    -1.518803614004));
#14177 = CARTESIAN_POINT('',(-6.042827158428,7.401846995205,
    -1.33129697236));
#14178 = CARTESIAN_POINT('',(-6.345866821118,7.401846995205,
    -1.004334144794));
#14179 = CARTESIAN_POINT('',(-6.659924064559,7.401846995206,
    -0.559505575619));
#14180 = CARTESIAN_POINT('',(-6.974463701575,7.401846995205,
    9.067024069433E-03));
#14181 = CARTESIAN_POINT('',(-7.195693035209,7.401846995205,
    0.50569193427));
#14182 = CARTESIAN_POINT('',(-7.34995306172,7.401846995205,
    0.915671193945));
#14183 = CARTESIAN_POINT('',(-7.435558101861,7.401846995205,
    1.177938707288));
#14184 = CARTESIAN_POINT('',(-7.48356057699,7.401846995205,
    1.352676106505));
#14185 = CARTESIAN_POINT('',(-7.503348284229,7.401846995205,
    1.434646765776));
#14186 = CARTESIAN_POINT('',(-7.515629580076,7.401846995205,
    1.489792408367));
#14187 = CARTESIAN_POINT('',(-7.529423375354,7.401846995205,
    1.559617917712));
#14188 = CARTESIAN_POINT('',(-7.541104144074,7.401846995205,
    1.646103035326));
#14189 = CARTESIAN_POINT('',(-7.529765067313,7.401846995205,
    1.776447626189));
#14190 = CARTESIAN_POINT('',(-7.520943261106,7.401846995205,
    1.99839160206));
#14191 = CARTESIAN_POINT('',(-7.502615183759,7.401846995206,
    2.318653972129));
#14192 = CARTESIAN_POINT('',(-7.489479522042,7.401846995206,
    2.574010637478));
#14193 = CARTESIAN_POINT('',(-7.482911691184,7.401846995206,
    2.701688970153));
#14194 = CARTESIAN_POINT('',(-4.95,7.651087576871,-1.755036335414));
#14195 = CARTESIAN_POINT('',(-4.97635021146,7.651087576871,
    -1.754432850614));
#14196 = CARTESIAN_POINT('',(-5.029050634379,7.651087576871,
    -1.753225881012));
#14197 = CARTESIAN_POINT('',(-5.12019534469,7.651087576871,
    -1.742962048793));
#14198 = CARTESIAN_POINT('',(-5.261642152628,7.651087576871,
    -1.715058633292));
#14199 = CARTESIAN_POINT('',(-5.427924854574,7.651087576871,
    -1.655499544327));
#14200 = CARTESIAN_POINT('',(-5.597752156189,7.651087576871,
    -1.567676007021));
#14201 = CARTESIAN_POINT('',(-5.79621852915,7.651087576871,
    -1.435185000249));
#14202 = CARTESIAN_POINT('',(-6.008024450221,7.651087576871,
    -1.249609782213));
#14203 = CARTESIAN_POINT('',(-6.300856850038,7.651087576871,
    -0.927347144968));
#14204 = CARTESIAN_POINT('',(-6.604995584351,7.651087576871,
    -0.490458331161));
#14205 = CARTESIAN_POINT('',(-6.910417672225,7.651087576871,
    6.657226510927E-02));
#14206 = CARTESIAN_POINT('',(-7.12545855692,7.651087576871,
    0.552488332182));
#14207 = CARTESIAN_POINT('',(-7.275537315966,7.651087576871,
    0.953302375975));
#14208 = CARTESIAN_POINT('',(-7.358806517265,7.651087576871,
    1.209605810069));
#14209 = CARTESIAN_POINT('',(-7.405391257567,7.651087576871,
    1.380353623435));
#14210 = CARTESIAN_POINT('',(-7.424462946595,7.651087576871,
    1.460487814393));
#14211 = CARTESIAN_POINT('',(-7.436887046619,7.651087576871,
    1.514120842008));
#14212 = CARTESIAN_POINT('',(-7.449482225951,7.651087576871,
    1.582648697489));
#14213 = CARTESIAN_POINT('',(-7.457202747004,7.651087576871,
    1.669106478512));
#14214 = CARTESIAN_POINT('',(-7.446009559409,7.651087576871,
    1.796098543699));
#14215 = CARTESIAN_POINT('',(-7.437508381754,7.651087576871,
    2.012279084986));
#14216 = CARTESIAN_POINT('',(-7.419604416135,7.651087576871,
    2.324254128548));
#14217 = CARTESIAN_POINT('',(-7.406817089133,7.651087576871,
    2.572995338408));
#14218 = CARTESIAN_POINT('',(-7.400423425632,7.651087576871,
    2.697365943339));
#14219 = CARTESIAN_POINT('',(-4.95,7.921737530291,-1.571737530291));
#14220 = CARTESIAN_POINT('',(-4.975497947143,7.921737530291,
    -1.571079496652));
#14221 = CARTESIAN_POINT('',(-5.02649384143,7.921737530291,
    -1.569763429374));
#14222 = CARTESIAN_POINT('',(-5.112790041656,7.921737530291,
    -1.558747323261));
#14223 = CARTESIAN_POINT('',(-5.245019047563,7.921737530291,
    -1.529457005835));
#14224 = CARTESIAN_POINT('',(-5.398165379436,7.921737530291,
    -1.468556205389));
#14225 = CARTESIAN_POINT('',(-5.553600666932,7.921737530291,
    -1.380395857131));
#14226 = CARTESIAN_POINT('',(-5.735263052766,7.921737530291,
    -1.249252840625));
#14227 = CARTESIAN_POINT('',(-5.929737802226,7.921737530291,
    -1.068004070506));
#14228 = CARTESIAN_POINT('',(-6.200305641656,7.921737530291,
    -0.756453157359));
#14229 = CARTESIAN_POINT('',(-6.48260619477,7.921737530291,
    -0.337296022193));
#14230 = CARTESIAN_POINT('',(-6.768048553566,7.921737530291,
    0.194018543159));
#14231 = CARTESIAN_POINT('',(-6.96946525894,7.921737530291,
    0.656167150615));
#14232 = CARTESIAN_POINT('',(-7.110292946797,7.921737530291,
    1.036683725149));
#14233 = CARTESIAN_POINT('',(-7.188502935198,7.921737530291,
    1.279726203999));
#14234 = CARTESIAN_POINT('',(-7.23177712678,7.921737530291,
    1.441729676134));
#14235 = CARTESIAN_POINT('',(-7.250365777175,7.921737530291,
    1.517298511803));
#14236 = CARTESIAN_POINT('',(-7.255792111685,7.921737530291,
    1.571089958328));
#14237 = CARTESIAN_POINT('',(-7.281355027984,7.921737530291,
    1.62899481461));
#14238 = CARTESIAN_POINT('',(-7.265574047649,7.921737530291,
    1.722782222825));
#14239 = CARTESIAN_POINT('',(-7.263270991557,7.921737530291,
    1.837864835635));
#14240 = CARTESIAN_POINT('',(-7.250138430979,7.921737530291,
    2.044109777226));
#14241 = CARTESIAN_POINT('',(-7.236106049794,7.921737530291,
    2.336225781473));
#14242 = CARTESIAN_POINT('',(-7.223619233365,7.921737530291,
    2.57059047722));
#14243 = CARTESIAN_POINT('',(-7.217375825151,7.921737530291,
    2.687772825094));
#14244 = CARTESIAN_POINT('',(-4.95,8.105036335414,-1.301087576871));
#14245 = CARTESIAN_POINT('',(-4.974090387054,8.105036335414,
    -1.300239667889));
#14246 = CARTESIAN_POINT('',(-5.022271161161,8.105036335414,
    -1.298543849924));
#14247 = CARTESIAN_POINT('',(-5.099994217329,8.105036335414,
    -1.28572374881));
#14248 = CARTESIAN_POINT('',(-5.216571087375,8.105036335414,
    -1.25347181191));
#14249 = CARTESIAN_POINT('',(-5.34786035497,8.105036335414,
    -1.189684121917));
#14250 = CARTESIAN_POINT('',(-5.481647528253,8.105036335414,
    -1.10125853357));
#14251 = CARTESIAN_POINT('',(-5.638575586568,8.105036335414,
    -0.972600338222));
#14252 = CARTESIAN_POINT('',(-5.808851716867,8.105036335414,
    -0.798834233035));
#14253 = CARTESIAN_POINT('',(-6.048186773892,8.105036335414,
    -0.504210353223));
#14254 = CARTESIAN_POINT('',(-6.299403953657,8.105036335414,
    -0.111888865627));
#14255 = CARTESIAN_POINT('',(-6.556476917551,8.105036335414,
    0.381147442639));
#14256 = CARTESIAN_POINT('',(-6.738250220633,8.105036335414,
    0.808301420631));
#14257 = CARTESIAN_POINT('',(-6.865977345106,8.105036335414,
    1.158898934474));
#14258 = CARTESIAN_POINT('',(-6.936241456086,8.105036335414,
    1.382837947898));
#14259 = CARTESIAN_POINT('',(-6.975660900527,8.105036335414,
    1.531522467875));
#14260 = CARTESIAN_POINT('',(-6.988877252762,8.105036335414,
    1.602556516692));
#14261 = CARTESIAN_POINT('',(-7.012229748914,8.105036335414,
    1.642991794949));
#14262 = CARTESIAN_POINT('',(-6.993238317464,8.105036335414,
    1.717281855616));
#14263 = CARTESIAN_POINT('',(-6.994225931804,8.105036335414,
    1.794545297404));
#14264 = CARTESIAN_POINT('',(-6.986936949655,8.105036335414,
    1.901892253127));
#14265 = CARTESIAN_POINT('',(-6.978235408017,8.105036335414,
    2.087707660685));
#14266 = CARTESIAN_POINT('',(-6.963698568929,8.105036335414,
    2.354218886316));
#14267 = CARTESIAN_POINT('',(-6.952630715034,8.105036335414,
    2.567145029422));
#14268 = CARTESIAN_POINT('',(-6.947096788086,8.105036335414,
    2.673608100975));
#14269 = CARTESIAN_POINT('',(-4.95,8.187637803407,-1.051846995205));
#14270 = CARTESIAN_POINT('',(-4.972744722568,8.187637803407,
    -1.050741918627));
#14271 = CARTESIAN_POINT('',(-5.018234167703,8.187637803407,
    -1.048531765469));
#14272 = CARTESIAN_POINT('',(-5.085178724755,8.187637803407,
    -1.032724184956));
#14273 = CARTESIAN_POINT('',(-5.183047993104,8.187637803407,
    -0.996029848617));
#14274 = CARTESIAN_POINT('',(-5.292711270178,8.187637803407,
    -0.929471892105));
#14275 = CARTESIAN_POINT('',(-5.407219499072,8.187637803406,-0.841592666
    ));
#14276 = CARTESIAN_POINT('',(-5.542578077647,8.187637803406,
    -0.716303735759));
#14277 = CARTESIAN_POINT('',(-5.692513215761,8.187637803406,
    -0.550655665931));
#14278 = CARTESIAN_POINT('',(-5.903893078598,8.187637803407,
    -0.272209438746));
#14279 = CARTESIAN_POINT('',(-6.128504842692,8.187637803407,
    9.444742687232E-02));
#14280 = CARTESIAN_POINT('',(-6.360193024002,8.187637803407,
    0.55223342627));
#14281 = CARTESIAN_POINT('',(-6.524445267828,8.187637803407,
    0.947278737183));
#14282 = CARTESIAN_POINT('',(-6.640636827197,8.187637803407,
    1.270465197493));
#14283 = CARTESIAN_POINT('',(-6.703117875894,8.187637803406,
    1.477246201653));
#14284 = CARTESIAN_POINT('',(-6.740023443329,8.187637803407,
    1.613373396969));
#14285 = CARTESIAN_POINT('',(-6.754397556503,8.187637803407,
    1.677586800298));
#14286 = CARTESIAN_POINT('',(-6.743766618283,8.187637803407,
    1.72991105697));
#14287 = CARTESIAN_POINT('',(-6.745035373029,8.187637803407,
    1.78828038159));
#14288 = CARTESIAN_POINT('',(-6.739770516602,8.187637803407,
    1.861638722045));
#14289 = CARTESIAN_POINT('',(-6.735173256658,8.187637803407,
    1.958261119224));
#14290 = CARTESIAN_POINT('',(-6.725991651527,8.187637803407,
    2.127908416583));
#14291 = CARTESIAN_POINT('',(-6.713465406712,8.187637803407,
    2.369971848479));
#14292 = CARTESIAN_POINT('',(-6.703286990221,8.187637803407,
    2.563699854026));
#14293 = CARTESIAN_POINT('',(-6.698197781975,8.187637803407,
    2.660563856799));
#14294 = CARTESIAN_POINT('',(-4.95,8.195879267802,-0.917282331735));
#14295 = CARTESIAN_POINT('',(-4.971171486479,8.195879267802,
    -0.915656342756));
#14296 = CARTESIAN_POINT('',(-5.013514459436,8.195879267802,
    -0.912404364798));
#14297 = CARTESIAN_POINT('',(-5.071060011852,8.195879267802,
    -0.893651689324));
#14298 = CARTESIAN_POINT('',(-5.157942437899,8.195879267802,
    -0.854556610107));
#14299 = CARTESIAN_POINT('',(-5.25732729518,8.195879267802,
    -0.787505759748));
#14300 = CARTESIAN_POINT('',(-5.361778320753,8.195879267802,
    -0.700346985322));
#14301 = CARTESIAN_POINT('',(-5.487023515472,8.195879267802,
    -0.577784252292));
#14302 = CARTESIAN_POINT('',(-5.626589223558,8.195879267802,
    -0.416897781455));
#14303 = CARTESIAN_POINT('',(-5.823565217342,8.195879267802,
    -0.147575391454));
#14304 = CARTESIAN_POINT('',(-6.034948120949,8.195879267802,
    0.204836629058));
#14305 = CARTESIAN_POINT('',(-6.253334594922,8.195879267802,
    0.643675953196));
#14306 = CARTESIAN_POINT('',(-6.408502332793,8.195879267802,
    1.021501097866));
#14307 = CARTESIAN_POINT('',(-6.518698261883,8.195879267802,
    1.330063401749));
#14308 = CARTESIAN_POINT('',(-6.57688895946,8.195879267802,
    1.527738136967));
#14309 = CARTESIAN_POINT('',(-6.612747175076,8.195879267802,
    1.657122476167));
#14310 = CARTESIAN_POINT('',(-6.613987108147,8.195879267802,
    1.723673863285));
#14311 = CARTESIAN_POINT('',(-6.609083507673,8.195879267802,
    1.77076792723));
#14312 = CARTESIAN_POINT('',(-6.607460758721,8.195879267802,
    1.827442967049));
#14313 = CARTESIAN_POINT('',(-6.603398972592,8.195879267802,
    1.896492675008));
#14314 = CARTESIAN_POINT('',(-6.59873916375,8.195879267802,
    1.988185496179));
#14315 = CARTESIAN_POINT('',(-6.590229733475,8.195879267802,
    2.148823373544));
#14316 = CARTESIAN_POINT('',(-6.578257694861,8.195879267802,
    2.378214975934));
#14317 = CARTESIAN_POINT('',(-6.56863092142,8.195879267802,
    2.561752516285));
#14318 = CARTESIAN_POINT('',(-6.563817534699,8.195879267802,
    2.65352128646));
#14319 = CARTESIAN_POINT('',(-4.95,8.2,-0.85));
#14320 = CARTESIAN_POINT('',(-4.970384868434,8.2,-0.848113554821));
#14321 = CARTESIAN_POINT('',(-5.011154605303,8.2,-0.844340664463));
#14322 = CARTESIAN_POINT('',(-5.0640006554,8.2,-0.824115441508));
#14323 = CARTESIAN_POINT('',(-5.145389660297,8.2,-0.783819990853));
#14324 = CARTESIAN_POINT('',(-5.23963530768,8.2,-0.71652269357));
#14325 = CARTESIAN_POINT('',(-5.339057731594,8.2,-0.629724144983));
#14326 = CARTESIAN_POINT('',(-5.459246234384,8.2,-0.508524510559));
#14327 = CARTESIAN_POINT('',(-5.593627227456,8.2,-0.350018839217));
#14328 = CARTESIAN_POINT('',(-5.783401286713,8.2,-8.52583678087E-02));
#14329 = CARTESIAN_POINT('',(-5.988169760078,8.2,0.260031230151));
#14330 = CARTESIAN_POINT('',(-6.199905380382,8.2,0.689397216658));
#14331 = CARTESIAN_POINT('',(-6.350530865276,8.2,1.058612278208));
#14332 = CARTESIAN_POINT('',(-6.457728979225,8.2,1.359862503877));
#14333 = CARTESIAN_POINT('',(-6.513774501243,8.2,1.552984104624));
#14334 = CARTESIAN_POINT('',(-6.54910904095,8.2,1.678997015766));
#14335 = CARTESIAN_POINT('',(-6.543781883969,8.2,1.746717394779));
#14336 = CARTESIAN_POINT('',(-6.541741952368,8.2,1.79119636236));
#14337 = CARTESIAN_POINT('',(-6.538673451566,8.2,1.847024259778));
#14338 = CARTESIAN_POINT('',(-6.535213200587,8.2,1.91391965149));
#14339 = CARTESIAN_POINT('',(-6.530522117296,8.2,2.003147684656));
#14340 = CARTESIAN_POINT('',(-6.52234877445,8.2,2.159280852025));
#14341 = CARTESIAN_POINT('',(-6.510653838936,8.2,2.382336539662));
#14342 = CARTESIAN_POINT('',(-6.50130288702,8.2,2.560778847414));
#14343 = CARTESIAN_POINT('',(-6.496627411061,8.2,2.65000000129));
#14344 = ADVANCED_FACE('',(#14345),#14377,.F.);
#14345 = FACE_BOUND('',#14346,.F.);
#14346 = EDGE_LOOP('',(#14347,#14355,#14375,#14376));
#14347 = ORIENTED_EDGE('',*,*,#14348,.T.);
#14348 = EDGE_CURVE('',#14000,#14349,#14351,.T.);
#14349 = VERTEX_POINT('',#14350);
#14350 = CARTESIAN_POINT('',(4.95,8.2,-0.85));
#14351 = LINE('',#14352,#14353);
#14352 = CARTESIAN_POINT('',(-6.838960762841,8.2,-0.85));
#14353 = VECTOR('',#14354,1.);
#14354 = DIRECTION('',(1.,0.,0.));
#14355 = ORIENTED_EDGE('',*,*,#14356,.T.);
#14356 = EDGE_CURVE('',#14349,#13424,#14357,.T.);
#14357 = B_SPLINE_CURVE_WITH_KNOTS('',3,(#14358,#14359,#14360,#14361,
    #14362,#14363,#14364,#14365,#14366,#14367,#14368,#14369,#14370,
    #14371,#14372,#14373,#14374),.UNSPECIFIED.,.F.,.F.,(4,1,1,1,1,1,1,1,
    1,1,1,1,1,1,4),(0.,1.020602107569E-02,2.041204215138E-02,
    4.082408430276E-02,8.164816860552E-02,0.122472252908,0.163296337211,
    0.244944505817,0.326592674422,0.489889011633,0.653185348844,
    0.816481686055,0.898129854661,0.979778023266,1.),.UNSPECIFIED.);
#14358 = CARTESIAN_POINT('',(4.95,8.2,-0.85));
#14359 = CARTESIAN_POINT('',(4.970384868434,8.2,-0.848113554821));
#14360 = CARTESIAN_POINT('',(5.011154605303,8.2,-0.844340664463));
#14361 = CARTESIAN_POINT('',(5.0640006554,8.2,-0.824115441508));
#14362 = CARTESIAN_POINT('',(5.145389660297,8.2,-0.783819990853));
#14363 = CARTESIAN_POINT('',(5.23963530768,8.2,-0.71652269357));
#14364 = CARTESIAN_POINT('',(5.339057731594,8.2,-0.629724144983));
#14365 = CARTESIAN_POINT('',(5.459246234384,8.2,-0.508524510559));
#14366 = CARTESIAN_POINT('',(5.593627227457,8.2,-0.350018839217));
#14367 = CARTESIAN_POINT('',(5.783401286713,8.2,-8.525836780871E-02));
#14368 = CARTESIAN_POINT('',(5.988169760078,8.2,0.260031230151));
#14369 = CARTESIAN_POINT('',(6.199905380382,8.2,0.689397216658));
#14370 = CARTESIAN_POINT('',(6.350530865276,8.2,1.058612278208));
#14371 = CARTESIAN_POINT('',(6.457728979225,8.2,1.359862503877));
#14372 = CARTESIAN_POINT('',(6.508117762614,8.2,1.533492120613));
#14373 = CARTESIAN_POINT('',(6.53538899437,8.2,1.630182116359));
#14374 = CARTESIAN_POINT('',(6.539390340067,8.199999934735,1.65000083406
    ));
#14375 = ORIENTED_EDGE('',*,*,#13442,.T.);
#14376 = ORIENTED_EDGE('',*,*,#14010,.F.);
#14377 = PLANE('',#14378);
#14378 = AXIS2_PLACEMENT_3D('',#14379,#14380,#14381);
#14379 = CARTESIAN_POINT('',(-6.838960762841,8.2,-0.256213597756));
#14380 = DIRECTION('',(0.,-1.,0.));
#14381 = DIRECTION('',(0.,0.,-1.));
#14382 = ADVANCED_FACE('',(#14383),#14405,.T.);
#14383 = FACE_BOUND('',#14384,.T.);
#14384 = EDGE_LOOP('',(#14385,#14397,#14398,#14399,#14400,#14401,#14402,
    #14403,#14404));
#14385 = ORIENTED_EDGE('',*,*,#14386,.T.);
#14386 = EDGE_CURVE('',#13843,#14349,#14387,.T.);
#14387 = B_SPLINE_CURVE_WITH_KNOTS('',3,(#14388,#14389,#14390,#14391,
    #14392,#14393,#14394,#14395,#14396),.UNSPECIFIED.,.F.,.F.,(4,1,1,1,1
    ,1,4),(0.,0.125,0.25,0.5,0.75,0.875,1.),.UNSPECIFIED.);
#14388 = CARTESIAN_POINT('',(4.95,7.200000044464,-1.849999997277));
#14389 = CARTESIAN_POINT('',(4.95,7.267282331735,-1.845879267803));
#14390 = CARTESIAN_POINT('',(4.95,7.401846995205,-1.837637803407));
#14391 = CARTESIAN_POINT('',(4.95,7.651087576871,-1.755036335414));
#14392 = CARTESIAN_POINT('',(4.95,7.921737530291,-1.571737530291));
#14393 = CARTESIAN_POINT('',(4.95,8.105036335414,-1.301087576871));
#14394 = CARTESIAN_POINT('',(4.95,8.187637803407,-1.051846995205));
#14395 = CARTESIAN_POINT('',(4.95,8.195879267802,-0.917282331735));
#14396 = CARTESIAN_POINT('',(4.95,8.2,-0.85));
#14397 = ORIENTED_EDGE('',*,*,#14356,.T.);
#14398 = ORIENTED_EDGE('',*,*,#13423,.F.);
#14399 = ORIENTED_EDGE('',*,*,#13903,.T.);
#14400 = ORIENTED_EDGE('',*,*,#13892,.T.);
#14401 = ORIENTED_EDGE('',*,*,#13883,.T.);
#14402 = ORIENTED_EDGE('',*,*,#13874,.T.);
#14403 = ORIENTED_EDGE('',*,*,#13865,.T.);
#14404 = ORIENTED_EDGE('',*,*,#13850,.T.);
#14405 = B_SPLINE_SURFACE_WITH_KNOTS('',3,3,(
    (#14406,#14407,#14408,#14409,#14410,#14411,#14412,#14413,#14414
      ,#14415,#14416,#14417,#14418,#14419,#14420,#14421,#14422,#14423
      ,#14424,#14425,#14426,#14427,#14428,#14429,#14430)
    ,(#14431,#14432,#14433,#14434,#14435,#14436,#14437,#14438,#14439
      ,#14440,#14441,#14442,#14443,#14444,#14445,#14446,#14447,#14448
      ,#14449,#14450,#14451,#14452,#14453,#14454,#14455)
    ,(#14456,#14457,#14458,#14459,#14460,#14461,#14462,#14463,#14464
      ,#14465,#14466,#14467,#14468,#14469,#14470,#14471,#14472,#14473
      ,#14474,#14475,#14476,#14477,#14478,#14479,#14480)
    ,(#14481,#14482,#14483,#14484,#14485,#14486,#14487,#14488,#14489
      ,#14490,#14491,#14492,#14493,#14494,#14495,#14496,#14497,#14498
      ,#14499,#14500,#14501,#14502,#14503,#14504,#14505)
    ,(#14506,#14507,#14508,#14509,#14510,#14511,#14512,#14513,#14514
      ,#14515,#14516,#14517,#14518,#14519,#14520,#14521,#14522,#14523
      ,#14524,#14525,#14526,#14527,#14528,#14529,#14530)
    ,(#14531,#14532,#14533,#14534,#14535,#14536,#14537,#14538,#14539
      ,#14540,#14541,#14542,#14543,#14544,#14545,#14546,#14547,#14548
      ,#14549,#14550,#14551,#14552,#14553,#14554,#14555)
    ,(#14556,#14557,#14558,#14559,#14560,#14561,#14562,#14563,#14564
      ,#14565,#14566,#14567,#14568,#14569,#14570,#14571,#14572,#14573
      ,#14574,#14575,#14576,#14577,#14578,#14579,#14580)
    ,(#14581,#14582,#14583,#14584,#14585,#14586,#14587,#14588,#14589
      ,#14590,#14591,#14592,#14593,#14594,#14595,#14596,#14597,#14598
      ,#14599,#14600,#14601,#14602,#14603,#14604,#14605)
    ,(#14606,#14607,#14608,#14609,#14610,#14611,#14612,#14613,#14614
      ,#14615,#14616,#14617,#14618,#14619,#14620,#14621,#14622,#14623
      ,#14624,#14625,#14626,#14627,#14628,#14629,#14630
  )),.UNSPECIFIED.,.F.,.F.,.F.,(4,1,1,1,1,1,4),(4,1,1,1,1,1,1,1,1,1,1,1,
    1,1,1,1,1,1,1,1,1,1,4),(0.,0.125,0.25,0.5,0.75,0.875,1.),(
    0.732746488562,0.73483440662,0.736922324678,0.741098160794,
    0.749449833027,0.757801505259,0.766153177492,0.782856521956,
    0.799559866421,0.832966555351,0.866373244281,0.899779933211,
    0.916483277676,0.93318662214,0.941538294373,0.943626212431,
    0.945714130489,0.949889966605,0.954065802722,0.958241638838,
    0.96659331107,0.983296655535,1.),.UNSPECIFIED.);
#14406 = CARTESIAN_POINT('',(4.95,7.2,-1.85));
#14407 = CARTESIAN_POINT('',(4.976803761567,7.2,-1.849425279297));
#14408 = CARTESIAN_POINT('',(5.030411284701,7.2,-1.848275837889));
#14409 = CARTESIAN_POINT('',(5.123988912973,7.2,-1.838352119646));
#14410 = CARTESIAN_POINT('',(5.270009767394,7.2,-1.811067028963));
#14411 = CARTESIAN_POINT('',(5.44291414083,7.2,-1.752129846231));
#14412 = CARTESIAN_POINT('',(5.619993222921,7.2,-1.664404835038));
#14413 = CARTESIAN_POINT('',(5.827240206635,7.2,-1.53130309151));
#14414 = CARTESIAN_POINT('',(6.048003308942,7.2,-1.343514462937));
#14415 = CARTESIAN_POINT('',(6.352580215068,7.2,-1.015855218136));
#14416 = CARTESIAN_POINT('',(6.668128852369,7.2,-0.569842612587));
#14417 = CARTESIAN_POINT('',(6.984040420019,7.2,4.548752205267E-04));
#14418 = CARTESIAN_POINT('',(7.20619939297,7.2,0.498682606882));
#14419 = CARTESIAN_POINT('',(7.361087288472,7.2,0.910034451804));
#14420 = CARTESIAN_POINT('',(7.447042690424,7.2,1.173195429452));
#14421 = CARTESIAN_POINT('',(7.495257505386,7.2,1.34853073657));
#14422 = CARTESIAN_POINT('',(7.515124089736,7.2,1.43078899178));
#14423 = CARTESIAN_POINT('',(7.527584579189,7.2,1.486066095421));
#14424 = CARTESIAN_POINT('',(7.541223018243,7.2,1.556245582622));
#14425 = CARTESIAN_POINT('',(7.55332596005,7.2,1.642844575881));
#14426 = CARTESIAN_POINT('',(7.542491458757,7.2,1.7733900709));
#14427 = CARTESIAN_POINT('',(7.53329344242,7.2,1.996386407778));
#14428 = CARTESIAN_POINT('',(7.515082060408,7.2,2.317788117922));
#14429 = CARTESIAN_POINT('',(7.501865317347,7.2,2.57415334433));
#14430 = CARTESIAN_POINT('',(7.495256945816,7.2,2.702335957533));
#14431 = CARTESIAN_POINT('',(4.95,7.267282331735,-1.845879267803));
#14432 = CARTESIAN_POINT('',(4.976784336676,7.267282331735,
    -1.845303482006));
#14433 = CARTESIAN_POINT('',(5.030353010027,7.267282331735,
    -1.844151910412));
#14434 = CARTESIAN_POINT('',(5.1238269922,7.267282331735,-1.834214420134
    ));
#14435 = CARTESIAN_POINT('',(5.26965209868,7.267282331735,
    -1.806903798801));
#14436 = CARTESIAN_POINT('',(5.442273298935,7.267282331735,
    -1.747941307691));
#14437 = CARTESIAN_POINT('',(5.619038785405,7.267282331735,
    -1.660211921681));
#14438 = CARTESIAN_POINT('',(5.825906070495,7.267282331735,
    -1.527136599008));
#14439 = CARTESIAN_POINT('',(6.046277925437,7.267282331735,
    -1.339441966078));
#14440 = CARTESIAN_POINT('',(6.350342417084,7.267282331735,
    -1.012014860355));
#14441 = CARTESIAN_POINT('',(6.665393923099,7.267282331735,
    -0.566396933597));
#14442 = CARTESIAN_POINT('',(6.980848180538,7.267282331735,
    3.325591503494E-03));
#14443 = CARTESIAN_POINT('',(7.202697273717,7.267282331735,
    0.501019049345));
#14444 = CARTESIAN_POINT('',(7.357375879555,7.267282331735,
    0.911913365851));
#14445 = CARTESIAN_POINT('',(7.443214494237,7.267282331735,
    1.174776522064));
#14446 = CARTESIAN_POINT('',(7.491358529254,7.267282331735,
    1.349912526549));
#14447 = CARTESIAN_POINT('',(7.511198821233,7.267282331735,
    1.432074916446));
#14448 = CARTESIAN_POINT('',(7.523599579485,7.267282331735,
    1.487308199736));
#14449 = CARTESIAN_POINT('',(7.537289803947,7.267282331735,
    1.557369694319));
#14450 = CARTESIAN_POINT('',(7.549252021391,7.267282331735,1.64393072903
    ));
#14451 = CARTESIAN_POINT('',(7.538249328276,7.267282331735,
    1.774409255997));
#14452 = CARTESIAN_POINT('',(7.529176715315,7.267282331735,
    1.997054805872));
#14453 = CARTESIAN_POINT('',(7.510926434859,7.267282331735,
    2.318076735991));
#14454 = CARTESIAN_POINT('',(7.497736718912,7.267282331735,
    2.574105775379));
#14455 = CARTESIAN_POINT('',(7.491141860939,7.267282331735,
    2.702120295073));
#14456 = CARTESIAN_POINT('',(4.95,7.401846995205,-1.837637803407));
#14457 = CARTESIAN_POINT('',(4.976745486892,7.401846995205,
    -1.837059887424));
#14458 = CARTESIAN_POINT('',(5.030236460677,7.401846995206,
    -1.835904055459));
#14459 = CARTESIAN_POINT('',(5.123503150653,7.401846995206,
    -1.825939021109));
#14460 = CARTESIAN_POINT('',(5.268936761253,7.401846995206,
    -1.798577338477));
#14461 = CARTESIAN_POINT('',(5.440991615144,7.401846995206,
    -1.739564230613));
#14462 = CARTESIAN_POINT('',(5.617129910374,7.401846995206,
    -1.651826094968));
#14463 = CARTESIAN_POINT('',(5.823237798215,7.401846995205,
    -1.518803614004));
#14464 = CARTESIAN_POINT('',(6.042827158428,7.401846995205,
    -1.33129697236));
#14465 = CARTESIAN_POINT('',(6.345866821118,7.401846995205,
    -1.004334144794));
#14466 = CARTESIAN_POINT('',(6.659924064559,7.401846995206,
    -0.559505575619));
#14467 = CARTESIAN_POINT('',(6.974463701575,7.401846995205,
    9.067024069433E-03));
#14468 = CARTESIAN_POINT('',(7.195693035209,7.401846995205,0.50569193427
    ));
#14469 = CARTESIAN_POINT('',(7.34995306172,7.401846995205,0.915671193945
    ));
#14470 = CARTESIAN_POINT('',(7.435558101861,7.401846995205,
    1.177938707288));
#14471 = CARTESIAN_POINT('',(7.48356057699,7.401846995205,1.352676106505
    ));
#14472 = CARTESIAN_POINT('',(7.503348284229,7.401846995205,
    1.434646765776));
#14473 = CARTESIAN_POINT('',(7.515629580076,7.401846995205,
    1.489792408367));
#14474 = CARTESIAN_POINT('',(7.529423375354,7.401846995205,
    1.559617917712));
#14475 = CARTESIAN_POINT('',(7.541104144074,7.401846995205,
    1.646103035326));
#14476 = CARTESIAN_POINT('',(7.529765067313,7.401846995205,
    1.776447626189));
#14477 = CARTESIAN_POINT('',(7.520943261106,7.401846995205,1.99839160206
    ));
#14478 = CARTESIAN_POINT('',(7.502615183759,7.401846995206,
    2.318653972129));
#14479 = CARTESIAN_POINT('',(7.489479522042,7.401846995206,
    2.574010637478));
#14480 = CARTESIAN_POINT('',(7.482911691184,7.401846995206,
    2.701688970153));
#14481 = CARTESIAN_POINT('',(4.95,7.651087576871,-1.755036335414));
#14482 = CARTESIAN_POINT('',(4.97635021146,7.651087576871,
    -1.754432850614));
#14483 = CARTESIAN_POINT('',(5.029050634379,7.651087576871,
    -1.753225881012));
#14484 = CARTESIAN_POINT('',(5.12019534469,7.651087576871,
    -1.742962048793));
#14485 = CARTESIAN_POINT('',(5.261642152628,7.651087576871,
    -1.715058633292));
#14486 = CARTESIAN_POINT('',(5.427924854574,7.651087576871,
    -1.655499544327));
#14487 = CARTESIAN_POINT('',(5.597752156189,7.651087576871,
    -1.567676007021));
#14488 = CARTESIAN_POINT('',(5.79621852915,7.651087576871,
    -1.435185000249));
#14489 = CARTESIAN_POINT('',(6.008024450221,7.651087576871,
    -1.249609782213));
#14490 = CARTESIAN_POINT('',(6.300856850038,7.651087576871,
    -0.927347144968));
#14491 = CARTESIAN_POINT('',(6.604995584351,7.651087576871,
    -0.490458331161));
#14492 = CARTESIAN_POINT('',(6.910417672225,7.651087576871,
    6.657226510927E-02));
#14493 = CARTESIAN_POINT('',(7.12545855692,7.651087576871,0.552488332182
    ));
#14494 = CARTESIAN_POINT('',(7.275537315966,7.651087576871,
    0.953302375975));
#14495 = CARTESIAN_POINT('',(7.358806517265,7.651087576871,
    1.209605810069));
#14496 = CARTESIAN_POINT('',(7.405391257567,7.651087576871,
    1.380353623435));
#14497 = CARTESIAN_POINT('',(7.424462946595,7.651087576871,
    1.460487814393));
#14498 = CARTESIAN_POINT('',(7.436887046619,7.651087576871,
    1.514120842008));
#14499 = CARTESIAN_POINT('',(7.449482225951,7.651087576871,
    1.582648697489));
#14500 = CARTESIAN_POINT('',(7.457202747004,7.651087576871,
    1.669106478512));
#14501 = CARTESIAN_POINT('',(7.446009559409,7.651087576871,
    1.796098543699));
#14502 = CARTESIAN_POINT('',(7.437508381754,7.651087576871,
    2.012279084986));
#14503 = CARTESIAN_POINT('',(7.419604416135,7.651087576871,
    2.324254128548));
#14504 = CARTESIAN_POINT('',(7.406817089133,7.651087576871,
    2.572995338408));
#14505 = CARTESIAN_POINT('',(7.400423425632,7.651087576871,
    2.697365943339));
#14506 = CARTESIAN_POINT('',(4.95,7.921737530291,-1.571737530291));
#14507 = CARTESIAN_POINT('',(4.975497947143,7.921737530291,
    -1.571079496652));
#14508 = CARTESIAN_POINT('',(5.02649384143,7.921737530291,
    -1.569763429374));
#14509 = CARTESIAN_POINT('',(5.112790041656,7.921737530291,
    -1.558747323261));
#14510 = CARTESIAN_POINT('',(5.245019047563,7.921737530291,
    -1.529457005835));
#14511 = CARTESIAN_POINT('',(5.398165379436,7.921737530291,
    -1.468556205389));
#14512 = CARTESIAN_POINT('',(5.553600666932,7.921737530291,
    -1.380395857131));
#14513 = CARTESIAN_POINT('',(5.735263052766,7.921737530291,
    -1.249252840625));
#14514 = CARTESIAN_POINT('',(5.929737802226,7.921737530291,
    -1.068004070506));
#14515 = CARTESIAN_POINT('',(6.200305641656,7.921737530291,
    -0.756453157359));
#14516 = CARTESIAN_POINT('',(6.48260619477,7.921737530291,
    -0.337296022193));
#14517 = CARTESIAN_POINT('',(6.768048553566,7.921737530291,
    0.194018543159));
#14518 = CARTESIAN_POINT('',(6.96946525894,7.921737530291,0.656167150615
    ));
#14519 = CARTESIAN_POINT('',(7.110292946797,7.921737530291,
    1.036683725149));
#14520 = CARTESIAN_POINT('',(7.188502935198,7.921737530291,
    1.279726203999));
#14521 = CARTESIAN_POINT('',(7.23177712678,7.921737530291,1.441729676134
    ));
#14522 = CARTESIAN_POINT('',(7.250365777175,7.921737530291,
    1.517298511803));
#14523 = CARTESIAN_POINT('',(7.255792111685,7.921737530291,
    1.571089958328));
#14524 = CARTESIAN_POINT('',(7.281355027984,7.921737530291,1.62899481461
    ));
#14525 = CARTESIAN_POINT('',(7.265574047649,7.921737530291,
    1.722782222825));
#14526 = CARTESIAN_POINT('',(7.263270991557,7.921737530291,
    1.837864835635));
#14527 = CARTESIAN_POINT('',(7.250138430979,7.921737530291,
    2.044109777226));
#14528 = CARTESIAN_POINT('',(7.236106049794,7.921737530291,
    2.336225781473));
#14529 = CARTESIAN_POINT('',(7.223619233365,7.921737530291,2.57059047722
    ));
#14530 = CARTESIAN_POINT('',(7.217375825151,7.921737530291,
    2.687772825094));
#14531 = CARTESIAN_POINT('',(4.95,8.105036335414,-1.301087576871));
#14532 = CARTESIAN_POINT('',(4.974090387054,8.105036335414,
    -1.300239667889));
#14533 = CARTESIAN_POINT('',(5.022271161161,8.105036335414,
    -1.298543849924));
#14534 = CARTESIAN_POINT('',(5.099994217329,8.105036335414,
    -1.28572374881));
#14535 = CARTESIAN_POINT('',(5.216571087375,8.105036335414,
    -1.25347181191));
#14536 = CARTESIAN_POINT('',(5.34786035497,8.105036335414,
    -1.189684121917));
#14537 = CARTESIAN_POINT('',(5.481647528253,8.105036335414,
    -1.10125853357));
#14538 = CARTESIAN_POINT('',(5.638575586568,8.105036335414,
    -0.972600338222));
#14539 = CARTESIAN_POINT('',(5.808851716867,8.105036335414,
    -0.798834233035));
#14540 = CARTESIAN_POINT('',(6.048186773892,8.105036335414,
    -0.504210353223));
#14541 = CARTESIAN_POINT('',(6.299403953657,8.105036335414,
    -0.111888865627));
#14542 = CARTESIAN_POINT('',(6.556476917551,8.105036335414,
    0.381147442639));
#14543 = CARTESIAN_POINT('',(6.738250220633,8.105036335414,
    0.808301420631));
#14544 = CARTESIAN_POINT('',(6.865977345106,8.105036335414,
    1.158898934474));
#14545 = CARTESIAN_POINT('',(6.936241456086,8.105036335414,
    1.382837947898));
#14546 = CARTESIAN_POINT('',(6.975660900527,8.105036335414,
    1.531522467875));
#14547 = CARTESIAN_POINT('',(6.988877252762,8.105036335414,
    1.602556516692));
#14548 = CARTESIAN_POINT('',(7.012229748914,8.105036335414,
    1.642991794949));
#14549 = CARTESIAN_POINT('',(6.993238317464,8.105036335414,
    1.717281855616));
#14550 = CARTESIAN_POINT('',(6.994225931804,8.105036335414,
    1.794545297404));
#14551 = CARTESIAN_POINT('',(6.986936949655,8.105036335414,
    1.901892253127));
#14552 = CARTESIAN_POINT('',(6.978235408017,8.105036335414,
    2.087707660685));
#14553 = CARTESIAN_POINT('',(6.963698568929,8.105036335414,
    2.354218886316));
#14554 = CARTESIAN_POINT('',(6.952630715034,8.105036335414,
    2.567145029422));
#14555 = CARTESIAN_POINT('',(6.947096788086,8.105036335414,
    2.673608100975));
#14556 = CARTESIAN_POINT('',(4.95,8.187637803407,-1.051846995205));
#14557 = CARTESIAN_POINT('',(4.972744722568,8.187637803407,
    -1.050741918627));
#14558 = CARTESIAN_POINT('',(5.018234167703,8.187637803407,
    -1.048531765469));
#14559 = CARTESIAN_POINT('',(5.085178724755,8.187637803407,
    -1.032724184956));
#14560 = CARTESIAN_POINT('',(5.183047993104,8.187637803407,
    -0.996029848617));
#14561 = CARTESIAN_POINT('',(5.292711270178,8.187637803407,
    -0.929471892105));
#14562 = CARTESIAN_POINT('',(5.407219499072,8.187637803406,-0.841592666)
  );
#14563 = CARTESIAN_POINT('',(5.542578077647,8.187637803406,
    -0.716303735759));
#14564 = CARTESIAN_POINT('',(5.692513215761,8.187637803406,
    -0.550655665931));
#14565 = CARTESIAN_POINT('',(5.903893078598,8.187637803407,
    -0.272209438746));
#14566 = CARTESIAN_POINT('',(6.128504842692,8.187637803407,
    9.444742687232E-02));
#14567 = CARTESIAN_POINT('',(6.360193024002,8.187637803407,0.55223342627
    ));
#14568 = CARTESIAN_POINT('',(6.524445267828,8.187637803407,
    0.947278737183));
#14569 = CARTESIAN_POINT('',(6.640636827197,8.187637803407,
    1.270465197493));
#14570 = CARTESIAN_POINT('',(6.703117875894,8.187637803406,
    1.477246201653));
#14571 = CARTESIAN_POINT('',(6.740023443329,8.187637803407,
    1.613373396969));
#14572 = CARTESIAN_POINT('',(6.754397556503,8.187637803407,
    1.677586800298));
#14573 = CARTESIAN_POINT('',(6.743766618283,8.187637803407,1.72991105697
    ));
#14574 = CARTESIAN_POINT('',(6.745035373029,8.187637803407,1.78828038159
    ));
#14575 = CARTESIAN_POINT('',(6.739770516602,8.187637803407,
    1.861638722045));
#14576 = CARTESIAN_POINT('',(6.735173256658,8.187637803407,
    1.958261119224));
#14577 = CARTESIAN_POINT('',(6.725991651527,8.187637803407,
    2.127908416583));
#14578 = CARTESIAN_POINT('',(6.713465406712,8.187637803407,
    2.369971848479));
#14579 = CARTESIAN_POINT('',(6.703286990221,8.187637803407,
    2.563699854026));
#14580 = CARTESIAN_POINT('',(6.698197781975,8.187637803407,
    2.660563856799));
#14581 = CARTESIAN_POINT('',(4.95,8.195879267802,-0.917282331735));
#14582 = CARTESIAN_POINT('',(4.971171486479,8.195879267802,
    -0.915656342756));
#14583 = CARTESIAN_POINT('',(5.013514459436,8.195879267802,
    -0.912404364798));
#14584 = CARTESIAN_POINT('',(5.071060011852,8.195879267802,
    -0.893651689324));
#14585 = CARTESIAN_POINT('',(5.157942437899,8.195879267802,
    -0.854556610107));
#14586 = CARTESIAN_POINT('',(5.25732729518,8.195879267802,
    -0.787505759748));
#14587 = CARTESIAN_POINT('',(5.361778320753,8.195879267802,
    -0.700346985322));
#14588 = CARTESIAN_POINT('',(5.487023515472,8.195879267802,
    -0.577784252292));
#14589 = CARTESIAN_POINT('',(5.626589223558,8.195879267802,
    -0.416897781455));
#14590 = CARTESIAN_POINT('',(5.823565217342,8.195879267802,
    -0.147575391454));
#14591 = CARTESIAN_POINT('',(6.034948120949,8.195879267802,
    0.204836629058));
#14592 = CARTESIAN_POINT('',(6.253334594922,8.195879267802,
    0.643675953196));
#14593 = CARTESIAN_POINT('',(6.408502332793,8.195879267802,
    1.021501097866));
#14594 = CARTESIAN_POINT('',(6.518698261883,8.195879267802,
    1.330063401749));
#14595 = CARTESIAN_POINT('',(6.57688895946,8.195879267802,1.527738136967
    ));
#14596 = CARTESIAN_POINT('',(6.612747175076,8.195879267802,
    1.657122476167));
#14597 = CARTESIAN_POINT('',(6.613987108147,8.195879267802,
    1.723673863285));
#14598 = CARTESIAN_POINT('',(6.609083507673,8.195879267802,1.77076792723
    ));
#14599 = CARTESIAN_POINT('',(6.607460758721,8.195879267802,
    1.827442967049));
#14600 = CARTESIAN_POINT('',(6.603398972592,8.195879267802,
    1.896492675008));
#14601 = CARTESIAN_POINT('',(6.59873916375,8.195879267802,1.988185496179
    ));
#14602 = CARTESIAN_POINT('',(6.590229733475,8.195879267802,
    2.148823373544));
#14603 = CARTESIAN_POINT('',(6.578257694861,8.195879267802,
    2.378214975934));
#14604 = CARTESIAN_POINT('',(6.56863092142,8.195879267802,2.561752516285
    ));
#14605 = CARTESIAN_POINT('',(6.563817534699,8.195879267802,2.65352128646
    ));
#14606 = CARTESIAN_POINT('',(4.95,8.2,-0.85));
#14607 = CARTESIAN_POINT('',(4.970384868434,8.2,-0.848113554821));
#14608 = CARTESIAN_POINT('',(5.011154605303,8.2,-0.844340664463));
#14609 = CARTESIAN_POINT('',(5.0640006554,8.2,-0.824115441508));
#14610 = CARTESIAN_POINT('',(5.145389660297,8.2,-0.783819990853));
#14611 = CARTESIAN_POINT('',(5.23963530768,8.2,-0.71652269357));
#14612 = CARTESIAN_POINT('',(5.339057731594,8.2,-0.629724144983));
#14613 = CARTESIAN_POINT('',(5.459246234384,8.2,-0.508524510559));
#14614 = CARTESIAN_POINT('',(5.593627227456,8.2,-0.350018839217));
#14615 = CARTESIAN_POINT('',(5.783401286713,8.2,-8.52583678087E-02));
#14616 = CARTESIAN_POINT('',(5.988169760078,8.2,0.260031230151));
#14617 = CARTESIAN_POINT('',(6.199905380382,8.2,0.689397216658));
#14618 = CARTESIAN_POINT('',(6.350530865276,8.2,1.058612278208));
#14619 = CARTESIAN_POINT('',(6.457728979225,8.2,1.359862503877));
#14620 = CARTESIAN_POINT('',(6.513774501243,8.2,1.552984104624));
#14621 = CARTESIAN_POINT('',(6.54910904095,8.2,1.678997015766));
#14622 = CARTESIAN_POINT('',(6.543781883969,8.2,1.746717394779));
#14623 = CARTESIAN_POINT('',(6.541741952368,8.2,1.79119636236));
#14624 = CARTESIAN_POINT('',(6.538673451566,8.2,1.847024259778));
#14625 = CARTESIAN_POINT('',(6.535213200587,8.2,1.91391965149));
#14626 = CARTESIAN_POINT('',(6.530522117296,8.2,2.003147684656));
#14627 = CARTESIAN_POINT('',(6.52234877445,8.2,2.159280852025));
#14628 = CARTESIAN_POINT('',(6.510653838936,8.2,2.382336539662));
#14629 = CARTESIAN_POINT('',(6.50130288702,8.2,2.560778847414));
#14630 = CARTESIAN_POINT('',(6.496627411061,8.2,2.65000000129));
#14631 = ADVANCED_FACE('',(#14632),#14651,.F.);
#14632 = FACE_BOUND('',#14633,.F.);
#14633 = EDGE_LOOP('',(#14634,#14635,#14636,#14645));
#14634 = ORIENTED_EDGE('',*,*,#13483,.T.);
#14635 = ORIENTED_EDGE('',*,*,#13673,.F.);
#14636 = ORIENTED_EDGE('',*,*,#14637,.T.);
#14637 = EDGE_CURVE('',#13674,#14638,#14640,.T.);
#14638 = VERTEX_POINT('',#14639);
#14639 = CARTESIAN_POINT('',(-4.95,0.,-1.85));
#14640 = B_SPLINE_CURVE_WITH_KNOTS('',3,(#14641,#14642,#14643,#14644),
  .UNSPECIFIED.,.F.,.F.,(4,4),(0.,1.),.PIECEWISE_BEZIER_KNOTS.);
#14641 = CARTESIAN_POINT('',(-5.919352853658,0.,-1.45));
#14642 = CARTESIAN_POINT('',(-5.601644430291,0.,-1.716387126097));
#14643 = CARTESIAN_POINT('',(-5.278526812405,0.,-1.84972045943));
#14644 = CARTESIAN_POINT('',(-4.95,0.,-1.85));
#14645 = ORIENTED_EDGE('',*,*,#14646,.T.);
#14646 = EDGE_CURVE('',#14638,#13476,#14647,.T.);
#14647 = LINE('',#14648,#14649);
#14648 = CARTESIAN_POINT('',(-4.95,0.15,-1.85));
#14649 = VECTOR('',#14650,1.);
#14650 = DIRECTION('',(0.,1.,0.));
#14651 = B_SPLINE_SURFACE_WITH_KNOTS('',3,1,(
    (#14652,#14653)
    ,(#14654,#14655)
    ,(#14656,#14657)
    ,(#14658,#14659)
    ,(#14660,#14661
    )),.UNSPECIFIED.,.F.,.F.,.F.,(4,1,4),(2,2),(0.775851388589,
    0.809705079601,1.),(0.,1.),.UNSPECIFIED.);
#14652 = CARTESIAN_POINT('',(-5.919352853658,0.,-1.450000000001));
#14653 = CARTESIAN_POINT('',(-5.919352853658,0.3,-1.450000000001));
#14654 = CARTESIAN_POINT('',(-5.875247249515,0.,-1.487015074149));
#14655 = CARTESIAN_POINT('',(-5.875247249515,0.3,-1.487015074149));
#14656 = CARTESIAN_POINT('',(-5.578291213861,0.,-1.718478304418));
#14657 = CARTESIAN_POINT('',(-5.578291213861,0.3,-1.718478304418));
#14658 = CARTESIAN_POINT('',(-5.249536700072,0.,-1.85));
#14659 = CARTESIAN_POINT('',(-5.249536700072,0.3,-1.85));
#14660 = CARTESIAN_POINT('',(-4.95,0.,-1.85));
#14661 = CARTESIAN_POINT('',(-4.95,0.3,-1.85));
#14662 = ADVANCED_FACE('',(#14663),#14688,.T.);
#14663 = FACE_BOUND('',#14664,.T.);
#14664 = EDGE_LOOP('',(#14665,#14666,#14672,#14673,#14681,#14687));
#14665 = ORIENTED_EDGE('',*,*,#13473,.F.);
#14666 = ORIENTED_EDGE('',*,*,#14667,.T.);
#14667 = EDGE_CURVE('',#13474,#13843,#14668,.T.);
#14668 = LINE('',#14669,#14670);
#14669 = CARTESIAN_POINT('',(4.95,7.2,-1.85));
#14670 = VECTOR('',#14671,1.);
#14671 = DIRECTION('',(1.,0.,0.));
#14672 = ORIENTED_EDGE('',*,*,#13842,.T.);
#14673 = ORIENTED_EDGE('',*,*,#14674,.T.);
#14674 = EDGE_CURVE('',#13833,#14675,#14677,.T.);
#14675 = VERTEX_POINT('',#14676);
#14676 = CARTESIAN_POINT('',(4.95,0.,-1.85));
#14677 = LINE('',#14678,#14679);
#14678 = CARTESIAN_POINT('',(4.95,8.881784197001E-16,-1.85));
#14679 = VECTOR('',#14680,1.);
#14680 = DIRECTION('',(-0.,-1.,-0.));
#14681 = ORIENTED_EDGE('',*,*,#14682,.T.);
#14682 = EDGE_CURVE('',#14675,#14638,#14683,.T.);
#14683 = LINE('',#14684,#14685);
#14684 = CARTESIAN_POINT('',(4.95,0.,-1.85));
#14685 = VECTOR('',#14686,1.);
#14686 = DIRECTION('',(-1.,0.,0.));
#14687 = ORIENTED_EDGE('',*,*,#14646,.T.);
#14688 = PLANE('',#14689);
#14689 = AXIS2_PLACEMENT_3D('',#14690,#14691,#14692);
#14690 = CARTESIAN_POINT('',(4.95,8.881784197001E-16,-1.85));
#14691 = DIRECTION('',(0.,0.,-1.));
#14692 = DIRECTION('',(-1.,0.,0.));
#14693 = ADVANCED_FACE('',(#14694),#14700,.T.);
#14694 = FACE_BOUND('',#14695,.T.);
#14695 = EDGE_LOOP('',(#14696,#14697,#14698,#14699));
#14696 = ORIENTED_EDGE('',*,*,#13720,.T.);
#14697 = ORIENTED_EDGE('',*,*,#13649,.T.);
#14698 = ORIENTED_EDGE('',*,*,#13602,.T.);
#14699 = ORIENTED_EDGE('',*,*,#13570,.T.);
#14700 = PLANE('',#14701);
#14701 = AXIS2_PLACEMENT_3D('',#14702,#14703,#14704);
#14702 = CARTESIAN_POINT('',(-3.6,0.6,0.));
#14703 = DIRECTION('',(0.,-1.,0.));
#14704 = DIRECTION('',(0.,0.,-1.));
#14705 = ADVANCED_FACE('',(#14706),#14719,.F.);
#14706 = FACE_BOUND('',#14707,.T.);
#14707 = EDGE_LOOP('',(#14708,#14709,#14710,#14711));
#14708 = ORIENTED_EDGE('',*,*,#13681,.T.);
#14709 = ORIENTED_EDGE('',*,*,#14637,.T.);
#14710 = ORIENTED_EDGE('',*,*,#14682,.F.);
#14711 = ORIENTED_EDGE('',*,*,#14712,.F.);
#14712 = EDGE_CURVE('',#13682,#14675,#14713,.T.);
#14713 = B_SPLINE_CURVE_WITH_KNOTS('',3,(#14714,#14715,#14716,#14717,
    #14718),.UNSPECIFIED.,.F.,.F.,(4,1,4),(0.,0.151032347697,1.),
  .UNSPECIFIED.);
#14714 = CARTESIAN_POINT('',(5.919352853661,0.,-1.449999999998));
#14715 = CARTESIAN_POINT('',(5.875247249523,0.,-1.487015074144));
#14716 = CARTESIAN_POINT('',(5.578291213865,0.,-1.718478304417));
#14717 = CARTESIAN_POINT('',(5.249536700072,0.,-1.85));
#14718 = CARTESIAN_POINT('',(4.95,0.,-1.85));
#14719 = PLANE('',#14720);
#14720 = AXIS2_PLACEMENT_3D('',#14721,#14722,#14723);
#14721 = CARTESIAN_POINT('',(5.457465364193,0.,-1.741905164807));
#14722 = DIRECTION('',(0.,1.,0.));
#14723 = DIRECTION('',(0.,0.,1.));
#14724 = ADVANCED_FACE('',(#14725),#14731,.F.);
#14725 = FACE_BOUND('',#14726,.F.);
#14726 = EDGE_LOOP('',(#14727,#14728,#14729,#14730));
#14727 = ORIENTED_EDGE('',*,*,#13832,.F.);
#14728 = ORIENTED_EDGE('',*,*,#14674,.T.);
#14729 = ORIENTED_EDGE('',*,*,#14712,.F.);
#14730 = ORIENTED_EDGE('',*,*,#13689,.F.);
#14731 = B_SPLINE_SURFACE_WITH_KNOTS('',3,1,(
    (#14732,#14733)
    ,(#14734,#14735)
    ,(#14736,#14737)
    ,(#14738,#14739)
    ,(#14740,#14741
    )),.UNSPECIFIED.,.F.,.F.,.F.,(4,1,4),(2,2),(0.,0.190294920399,
    0.224148611414),(0.,1.),.UNSPECIFIED.);
#14732 = CARTESIAN_POINT('',(4.95,0.,-1.85));
#14733 = CARTESIAN_POINT('',(4.95,0.3,-1.85));
#14734 = CARTESIAN_POINT('',(5.249536700072,0.,-1.85));
#14735 = CARTESIAN_POINT('',(5.249536700072,0.3,-1.85));
#14736 = CARTESIAN_POINT('',(5.578291213865,0.,-1.718478304417));
#14737 = CARTESIAN_POINT('',(5.578291213865,0.3,-1.718478304417));
#14738 = CARTESIAN_POINT('',(5.875247249523,0.,-1.487015074144));
#14739 = CARTESIAN_POINT('',(5.875247249523,0.3,-1.487015074144));
#14740 = CARTESIAN_POINT('',(5.919352853669,0.,-1.449999999992));
#14741 = CARTESIAN_POINT('',(5.919352853669,0.3,-1.449999999992));
#14742 = ADVANCED_FACE('',(#14743),#14749,.F.);
#14743 = FACE_BOUND('',#14744,.T.);
#14744 = EDGE_LOOP('',(#14745,#14746,#14747,#14748));
#14745 = ORIENTED_EDGE('',*,*,#13736,.T.);
#14746 = ORIENTED_EDGE('',*,*,#13704,.T.);
#14747 = ORIENTED_EDGE('',*,*,#13815,.T.);
#14748 = ORIENTED_EDGE('',*,*,#13768,.T.);
#14749 = PLANE('',#14750);
#14750 = AXIS2_PLACEMENT_3D('',#14751,#14752,#14753);
#14751 = CARTESIAN_POINT('',(3.6,0.6,0.));
#14752 = DIRECTION('',(0.,1.,0.));
#14753 = DIRECTION('',(0.,0.,1.));
#14754 = ADVANCED_FACE('',(#14755),#14761,.F.);
#14755 = FACE_BOUND('',#14756,.T.);
#14756 = EDGE_LOOP('',(#14757,#14758,#14759,#14760));
#14757 = ORIENTED_EDGE('',*,*,#13217,.T.);
#14758 = ORIENTED_EDGE('',*,*,#13272,.F.);
#14759 = ORIENTED_EDGE('',*,*,#13978,.T.);
#14760 = ORIENTED_EDGE('',*,*,#12274,.F.);
#14761 = PLANE('',#14762);
#14762 = AXIS2_PLACEMENT_3D('',#14763,#14764,#14765);
#14763 = CARTESIAN_POINT('',(0.404299763745,2.85,7.65));
#14764 = DIRECTION('',(0.,-1.,0.));
#14765 = DIRECTION('',(0.,0.,-1.));
#14766 = ADVANCED_FACE('',(#14767),#14773,.T.);
#14767 = FACE_BOUND('',#14768,.T.);
#14768 = EDGE_LOOP('',(#14769,#14770,#14771,#14772));
#14769 = ORIENTED_EDGE('',*,*,#14348,.T.);
#14770 = ORIENTED_EDGE('',*,*,#14386,.F.);
#14771 = ORIENTED_EDGE('',*,*,#14667,.F.);
#14772 = ORIENTED_EDGE('',*,*,#13999,.T.);
#14773 = CYLINDRICAL_SURFACE('',#14774,1.);
#14774 = AXIS2_PLACEMENT_3D('',#14775,#14776,#14777);
#14775 = CARTESIAN_POINT('',(-4.95,7.2,-0.85));
#14776 = DIRECTION('',(1.,0.,-3.50449187066E-16));
#14777 = DIRECTION('',(-3.50449187066E-16,-0.,-1.));
#14778 = MANIFOLD_SOLID_BREP('',#14779);
#14779 = CLOSED_SHELL('',(#14780,#14822,#14864,#14896,#14920,#14940,
    #14950,#14968,#14986));
#14780 = ADVANCED_FACE('',(#14781),#14817,.T.);
#14781 = FACE_BOUND('',#14782,.T.);
#14782 = EDGE_LOOP('',(#14783,#14794,#14802,#14811));
#14783 = ORIENTED_EDGE('',*,*,#14784,.T.);
#14784 = EDGE_CURVE('',#14785,#14787,#14789,.T.);
#14785 = VERTEX_POINT('',#14786);
#14786 = CARTESIAN_POINT('',(5.65,4.35,4.05));
#14787 = VERTEX_POINT('',#14788);
#14788 = CARTESIAN_POINT('',(1.55,4.35,4.05));
#14789 = CIRCLE('',#14790,2.05);
#14790 = AXIS2_PLACEMENT_3D('',#14791,#14792,#14793);
#14791 = CARTESIAN_POINT('',(3.6,4.35,4.05));
#14792 = DIRECTION('',(0.,0.,1.));
#14793 = DIRECTION('',(1.,0.,0.));
#14794 = ORIENTED_EDGE('',*,*,#14795,.T.);
#14795 = EDGE_CURVE('',#14787,#14796,#14798,.T.);
#14796 = VERTEX_POINT('',#14797);
#14797 = CARTESIAN_POINT('',(1.55,4.35,14.95));
#14798 = LINE('',#14799,#14800);
#14799 = CARTESIAN_POINT('',(1.55,4.35,-1.74827560573));
#14800 = VECTOR('',#14801,1.);
#14801 = DIRECTION('',(0.,0.,1.));
#14802 = ORIENTED_EDGE('',*,*,#14803,.T.);
#14803 = EDGE_CURVE('',#14796,#14804,#14806,.T.);
#14804 = VERTEX_POINT('',#14805);
#14805 = CARTESIAN_POINT('',(5.65,4.35,14.95));
#14806 = CIRCLE('',#14807,2.05);
#14807 = AXIS2_PLACEMENT_3D('',#14808,#14809,#14810);
#14808 = CARTESIAN_POINT('',(3.6,4.35,14.95));
#14809 = DIRECTION('',(0.,0.,-1.));
#14810 = DIRECTION('',(1.,0.,0.));
#14811 = ORIENTED_EDGE('',*,*,#14812,.F.);
#14812 = EDGE_CURVE('',#14785,#14804,#14813,.T.);
#14813 = LINE('',#14814,#14815);
#14814 = CARTESIAN_POINT('',(5.65,4.35,-1.74827560573));
#14815 = VECTOR('',#14816,1.);
#14816 = DIRECTION('',(0.,0.,1.));
#14817 = CYLINDRICAL_SURFACE('',#14818,2.05);
#14818 = AXIS2_PLACEMENT_3D('',#14819,#14820,#14821);
#14819 = CARTESIAN_POINT('',(3.6,4.35,-1.74827560573));
#14820 = DIRECTION('',(0.,0.,1.));
#14821 = DIRECTION('',(1.,0.,0.));
#14822 = ADVANCED_FACE('',(#14823),#14859,.F.);
#14823 = FACE_BOUND('',#14824,.F.);
#14824 = EDGE_LOOP('',(#14825,#14835,#14844,#14852));
#14825 = ORIENTED_EDGE('',*,*,#14826,.T.);
#14826 = EDGE_CURVE('',#14827,#14829,#14831,.T.);
#14827 = VERTEX_POINT('',#14828);
#14828 = CARTESIAN_POINT('',(5.350000000021,4.35,14.74999999998));
#14829 = VERTEX_POINT('',#14830);
#14830 = CARTESIAN_POINT('',(5.550000000028,4.35,14.949999999987));
#14831 = LINE('',#14832,#14833);
#14832 = CARTESIAN_POINT('',(5.550000000028,4.35,14.949999999987));
#14833 = VECTOR('',#14834,1.);
#14834 = DIRECTION('',(0.707106781187,0.,0.707106781187));
#14835 = ORIENTED_EDGE('',*,*,#14836,.T.);
#14836 = EDGE_CURVE('',#14829,#14837,#14839,.T.);
#14837 = VERTEX_POINT('',#14838);
#14838 = CARTESIAN_POINT('',(1.649999999972,4.35,14.949999999987));
#14839 = CIRCLE('',#14840,1.950000000028);
#14840 = AXIS2_PLACEMENT_3D('',#14841,#14842,#14843);
#14841 = CARTESIAN_POINT('',(3.6,4.35,14.949999999987));
#14842 = DIRECTION('',(0.,0.,-1.));
#14843 = DIRECTION('',(1.,0.,0.));
#14844 = ORIENTED_EDGE('',*,*,#14845,.F.);
#14845 = EDGE_CURVE('',#14846,#14837,#14848,.T.);
#14846 = VERTEX_POINT('',#14847);
#14847 = CARTESIAN_POINT('',(1.849999999979,4.35,14.74999999998));
#14848 = LINE('',#14849,#14850);
#14849 = CARTESIAN_POINT('',(1.649999999972,4.35,14.949999999987));
#14850 = VECTOR('',#14851,1.);
#14851 = DIRECTION('',(-0.707106781187,8.659560562355E-17,0.707106781187
    ));
#14852 = ORIENTED_EDGE('',*,*,#14853,.T.);
#14853 = EDGE_CURVE('',#14846,#14827,#14854,.T.);
#14854 = CIRCLE('',#14855,1.750000000021);
#14855 = AXIS2_PLACEMENT_3D('',#14856,#14857,#14858);
#14856 = CARTESIAN_POINT('',(3.6,4.35,14.74999999998));
#14857 = DIRECTION('',(0.,0.,1.));
#14858 = DIRECTION('',(1.,0.,0.));
#14859 = CONICAL_SURFACE('',#14860,1.950000000028,0.785398163397);
#14860 = AXIS2_PLACEMENT_3D('',#14861,#14862,#14863);
#14861 = CARTESIAN_POINT('',(3.6,4.35,14.949999999987));
#14862 = DIRECTION('',(0.,0.,1.));
#14863 = DIRECTION('',(1.,0.,0.));
#14864 = ADVANCED_FACE('',(#14865),#14891,.F.);
#14865 = FACE_BOUND('',#14866,.F.);
#14866 = EDGE_LOOP('',(#14867,#14875,#14876,#14884));
#14867 = ORIENTED_EDGE('',*,*,#14868,.T.);
#14868 = EDGE_CURVE('',#14869,#14827,#14871,.T.);
#14869 = VERTEX_POINT('',#14870);
#14870 = CARTESIAN_POINT('',(5.35,4.35,5.35));
#14871 = LINE('',#14872,#14873);
#14872 = CARTESIAN_POINT('',(5.35,4.35,-1.74827560573));
#14873 = VECTOR('',#14874,1.);
#14874 = DIRECTION('',(0.,0.,1.));
#14875 = ORIENTED_EDGE('',*,*,#14853,.F.);
#14876 = ORIENTED_EDGE('',*,*,#14877,.F.);
#14877 = EDGE_CURVE('',#14878,#14846,#14880,.T.);
#14878 = VERTEX_POINT('',#14879);
#14879 = CARTESIAN_POINT('',(1.85,4.35,5.35));
#14880 = LINE('',#14881,#14882);
#14881 = CARTESIAN_POINT('',(1.85,4.35,-1.74827560573));
#14882 = VECTOR('',#14883,1.);
#14883 = DIRECTION('',(0.,0.,1.));
#14884 = ORIENTED_EDGE('',*,*,#14885,.T.);
#14885 = EDGE_CURVE('',#14878,#14869,#14886,.T.);
#14886 = CIRCLE('',#14887,1.75);
#14887 = AXIS2_PLACEMENT_3D('',#14888,#14889,#14890);
#14888 = CARTESIAN_POINT('',(3.6,4.35,5.35));
#14889 = DIRECTION('',(0.,0.,1.));
#14890 = DIRECTION('',(1.,0.,0.));
#14891 = CYLINDRICAL_SURFACE('',#14892,1.75);
#14892 = AXIS2_PLACEMENT_3D('',#14893,#14894,#14895);
#14893 = CARTESIAN_POINT('',(3.6,4.35,-1.74827560573));
#14894 = DIRECTION('',(0.,0.,1.));
#14895 = DIRECTION('',(1.,0.,0.));
#14896 = ADVANCED_FACE('',(#14897),#14915,.T.);
#14897 = FACE_BOUND('',#14898,.T.);
#14898 = EDGE_LOOP('',(#14899,#14900,#14907,#14908));
#14899 = ORIENTED_EDGE('',*,*,#14795,.F.);
#14900 = ORIENTED_EDGE('',*,*,#14901,.T.);
#14901 = EDGE_CURVE('',#14787,#14785,#14902,.T.);
#14902 = CIRCLE('',#14903,2.05);
#14903 = AXIS2_PLACEMENT_3D('',#14904,#14905,#14906);
#14904 = CARTESIAN_POINT('',(3.6,4.35,4.05));
#14905 = DIRECTION('',(0.,0.,1.));
#14906 = DIRECTION('',(1.,0.,0.));
#14907 = ORIENTED_EDGE('',*,*,#14812,.T.);
#14908 = ORIENTED_EDGE('',*,*,#14909,.T.);
#14909 = EDGE_CURVE('',#14804,#14796,#14910,.T.);
#14910 = CIRCLE('',#14911,2.05);
#14911 = AXIS2_PLACEMENT_3D('',#14912,#14913,#14914);
#14912 = CARTESIAN_POINT('',(3.6,4.35,14.95));
#14913 = DIRECTION('',(0.,0.,-1.));
#14914 = DIRECTION('',(1.,0.,0.));
#14915 = CYLINDRICAL_SURFACE('',#14916,2.05);
#14916 = AXIS2_PLACEMENT_3D('',#14917,#14918,#14919);
#14917 = CARTESIAN_POINT('',(3.6,4.35,-1.74827560573));
#14918 = DIRECTION('',(0.,0.,1.));
#14919 = DIRECTION('',(1.,0.,0.));
#14920 = ADVANCED_FACE('',(#14921,#14925),#14935,.T.);
#14921 = FACE_BOUND('',#14922,.T.);
#14922 = EDGE_LOOP('',(#14923,#14924));
#14923 = ORIENTED_EDGE('',*,*,#14909,.F.);
#14924 = ORIENTED_EDGE('',*,*,#14803,.F.);
#14925 = FACE_BOUND('',#14926,.T.);
#14926 = EDGE_LOOP('',(#14927,#14928));
#14927 = ORIENTED_EDGE('',*,*,#14836,.T.);
#14928 = ORIENTED_EDGE('',*,*,#14929,.T.);
#14929 = EDGE_CURVE('',#14837,#14829,#14930,.T.);
#14930 = CIRCLE('',#14931,1.950000000028);
#14931 = AXIS2_PLACEMENT_3D('',#14932,#14933,#14934);
#14932 = CARTESIAN_POINT('',(3.6,4.35,14.949999999987));
#14933 = DIRECTION('',(0.,0.,-1.));
#14934 = DIRECTION('',(1.,0.,0.));
#14935 = PLANE('',#14936);
#14936 = AXIS2_PLACEMENT_3D('',#14937,#14938,#14939);
#14937 = CARTESIAN_POINT('',(3.6,4.35,14.95));
#14938 = DIRECTION('',(0.,0.,1.));
#14939 = DIRECTION('',(1.,0.,0.));
#14940 = ADVANCED_FACE('',(#14941),#14945,.F.);
#14941 = FACE_BOUND('',#14942,.T.);
#14942 = EDGE_LOOP('',(#14943,#14944));
#14943 = ORIENTED_EDGE('',*,*,#14784,.F.);
#14944 = ORIENTED_EDGE('',*,*,#14901,.F.);
#14945 = PLANE('',#14946);
#14946 = AXIS2_PLACEMENT_3D('',#14947,#14948,#14949);
#14947 = CARTESIAN_POINT('',(-3.6,4.35,4.05));
#14948 = DIRECTION('',(0.,0.,1.));
#14949 = DIRECTION('',(1.,0.,0.));
#14950 = ADVANCED_FACE('',(#14951),#14963,.F.);
#14951 = FACE_BOUND('',#14952,.F.);
#14952 = EDGE_LOOP('',(#14953,#14954,#14955,#14962));
#14953 = ORIENTED_EDGE('',*,*,#14929,.T.);
#14954 = ORIENTED_EDGE('',*,*,#14826,.F.);
#14955 = ORIENTED_EDGE('',*,*,#14956,.T.);
#14956 = EDGE_CURVE('',#14827,#14846,#14957,.T.);
#14957 = CIRCLE('',#14958,1.750000000021);
#14958 = AXIS2_PLACEMENT_3D('',#14959,#14960,#14961);
#14959 = CARTESIAN_POINT('',(3.6,4.35,14.74999999998));
#14960 = DIRECTION('',(0.,0.,1.));
#14961 = DIRECTION('',(1.,0.,0.));
#14962 = ORIENTED_EDGE('',*,*,#14845,.T.);
#14963 = CONICAL_SURFACE('',#14964,1.950000000028,0.785398163397);
#14964 = AXIS2_PLACEMENT_3D('',#14965,#14966,#14967);
#14965 = CARTESIAN_POINT('',(3.6,4.35,14.949999999987));
#14966 = DIRECTION('',(0.,0.,1.));
#14967 = DIRECTION('',(1.,0.,0.));
#14968 = ADVANCED_FACE('',(#14969),#14981,.F.);
#14969 = FACE_BOUND('',#14970,.F.);
#14970 = EDGE_LOOP('',(#14971,#14972,#14973,#14980));
#14971 = ORIENTED_EDGE('',*,*,#14956,.F.);
#14972 = ORIENTED_EDGE('',*,*,#14868,.F.);
#14973 = ORIENTED_EDGE('',*,*,#14974,.T.);
#14974 = EDGE_CURVE('',#14869,#14878,#14975,.T.);
#14975 = CIRCLE('',#14976,1.75);
#14976 = AXIS2_PLACEMENT_3D('',#14977,#14978,#14979);
#14977 = CARTESIAN_POINT('',(3.6,4.35,5.35));
#14978 = DIRECTION('',(0.,0.,1.));
#14979 = DIRECTION('',(1.,0.,0.));
#14980 = ORIENTED_EDGE('',*,*,#14877,.T.);
#14981 = CYLINDRICAL_SURFACE('',#14982,1.75);
#14982 = AXIS2_PLACEMENT_3D('',#14983,#14984,#14985);
#14983 = CARTESIAN_POINT('',(3.6,4.35,-1.74827560573));
#14984 = DIRECTION('',(0.,0.,1.));
#14985 = DIRECTION('',(1.,0.,0.));
#14986 = ADVANCED_FACE('',(#14987),#14991,.T.);
#14987 = FACE_BOUND('',#14988,.T.);
#14988 = EDGE_LOOP('',(#14989,#14990));
#14989 = ORIENTED_EDGE('',*,*,#14974,.T.);
#14990 = ORIENTED_EDGE('',*,*,#14885,.T.);
#14991 = PLANE('',#14992);
#14992 = AXIS2_PLACEMENT_3D('',#14993,#14994,#14995);
#14993 = CARTESIAN_POINT('',(3.6,4.35,5.35));
#14994 = DIRECTION('',(0.,0.,1.));
#14995 = DIRECTION('',(1.,0.,0.));
#14996 = MANIFOLD_SOLID_BREP('',#14997);
#14997 = CLOSED_SHELL('',(#14998,#15040,#15091,#15132,#15156,#15176,
    #15186,#15205,#15224));
#14998 = ADVANCED_FACE('',(#14999),#15035,.T.);
#14999 = FACE_BOUND('',#15000,.T.);
#15000 = EDGE_LOOP('',(#15001,#15012,#15020,#15029));
#15001 = ORIENTED_EDGE('',*,*,#15002,.T.);
#15002 = EDGE_CURVE('',#15003,#15005,#15007,.T.);
#15003 = VERTEX_POINT('',#15004);
#15004 = CARTESIAN_POINT('',(-1.55,4.35,4.05));
#15005 = VERTEX_POINT('',#15006);
#15006 = CARTESIAN_POINT('',(-5.65,4.35,4.05));
#15007 = CIRCLE('',#15008,2.05);
#15008 = AXIS2_PLACEMENT_3D('',#15009,#15010,#15011);
#15009 = CARTESIAN_POINT('',(-3.6,4.35,4.05));
#15010 = DIRECTION('',(0.,0.,1.));
#15011 = DIRECTION('',(1.,0.,0.));
#15012 = ORIENTED_EDGE('',*,*,#15013,.T.);
#15013 = EDGE_CURVE('',#15005,#15014,#15016,.T.);
#15014 = VERTEX_POINT('',#15015);
#15015 = CARTESIAN_POINT('',(-5.65,4.35,14.95));
#15016 = LINE('',#15017,#15018);
#15017 = CARTESIAN_POINT('',(-5.65,4.35,-1.74827560573));
#15018 = VECTOR('',#15019,1.);
#15019 = DIRECTION('',(0.,0.,1.));
#15020 = ORIENTED_EDGE('',*,*,#15021,.T.);
#15021 = EDGE_CURVE('',#15014,#15022,#15024,.T.);
#15022 = VERTEX_POINT('',#15023);
#15023 = CARTESIAN_POINT('',(-1.55,4.35,14.95));
#15024 = CIRCLE('',#15025,2.05);
#15025 = AXIS2_PLACEMENT_3D('',#15026,#15027,#15028);
#15026 = CARTESIAN_POINT('',(-3.6,4.35,14.95));
#15027 = DIRECTION('',(0.,0.,-1.));
#15028 = DIRECTION('',(1.,0.,0.));
#15029 = ORIENTED_EDGE('',*,*,#15030,.F.);
#15030 = EDGE_CURVE('',#15003,#15022,#15031,.T.);
#15031 = LINE('',#15032,#15033);
#15032 = CARTESIAN_POINT('',(-1.55,4.35,-1.74827560573));
#15033 = VECTOR('',#15034,1.);
#15034 = DIRECTION('',(0.,0.,1.));
#15035 = CYLINDRICAL_SURFACE('',#15036,2.05);
#15036 = AXIS2_PLACEMENT_3D('',#15037,#15038,#15039);
#15037 = CARTESIAN_POINT('',(-3.6,4.35,-1.74827560573));
#15038 = DIRECTION('',(0.,0.,1.));
#15039 = DIRECTION('',(1.,0.,0.));
#15040 = ADVANCED_FACE('',(#15041),#15086,.F.);
#15041 = FACE_BOUND('',#15042,.F.);
#15042 = EDGE_LOOP('',(#15043,#15054,#15062,#15071,#15079));
#15043 = ORIENTED_EDGE('',*,*,#15044,.T.);
#15044 = EDGE_CURVE('',#15045,#15047,#15049,.T.);
#15045 = VERTEX_POINT('',#15046);
#15046 = CARTESIAN_POINT('',(-5.35000000001,4.35,14.74999999998));
#15047 = VERTEX_POINT('',#15048);
#15048 = CARTESIAN_POINT('',(-3.6,2.59999999999,14.74999999998));
#15049 = CIRCLE('',#15050,1.75000000001);
#15050 = AXIS2_PLACEMENT_3D('',#15051,#15052,#15053);
#15051 = CARTESIAN_POINT('',(-3.6,4.35,14.74999999998));
#15052 = DIRECTION('',(0.,0.,1.));
#15053 = DIRECTION('',(1.,0.,0.));
#15054 = ORIENTED_EDGE('',*,*,#15055,.T.);
#15055 = EDGE_CURVE('',#15047,#15056,#15058,.T.);
#15056 = VERTEX_POINT('',#15057);
#15057 = CARTESIAN_POINT('',(-3.6,2.400000000041,14.94999999993));
#15058 = LINE('',#15059,#15060);
#15059 = CARTESIAN_POINT('',(-3.6,2.400000000041,14.94999999993));
#15060 = VECTOR('',#15061,1.);
#15061 = DIRECTION('',(0.,-0.707106781187,0.707106781187));
#15062 = ORIENTED_EDGE('',*,*,#15063,.T.);
#15063 = EDGE_CURVE('',#15056,#15064,#15066,.T.);
#15064 = VERTEX_POINT('',#15065);
#15065 = CARTESIAN_POINT('',(-3.6,6.299999999959,14.94999999993));
#15066 = CIRCLE('',#15067,1.949999999959);
#15067 = AXIS2_PLACEMENT_3D('',#15068,#15069,#15070);
#15068 = CARTESIAN_POINT('',(-3.6,4.35,14.94999999993));
#15069 = DIRECTION('',(0.,1.390002785267E-17,-1.));
#15070 = DIRECTION('',(0.,-1.,-1.390002785267E-17));
#15071 = ORIENTED_EDGE('',*,*,#15072,.F.);
#15072 = EDGE_CURVE('',#15073,#15064,#15075,.T.);
#15073 = VERTEX_POINT('',#15074);
#15074 = CARTESIAN_POINT('',(-3.6,6.10000000001,14.74999999998));
#15075 = LINE('',#15076,#15077);
#15076 = CARTESIAN_POINT('',(-3.6,6.299999999959,14.94999999993));
#15077 = VECTOR('',#15078,1.);
#15078 = DIRECTION('',(8.659560562355E-17,0.707106781187,0.707106781187)
  );
#15079 = ORIENTED_EDGE('',*,*,#15080,.T.);
#15080 = EDGE_CURVE('',#15073,#15045,#15081,.T.);
#15081 = CIRCLE('',#15082,1.75000000001);
#15082 = AXIS2_PLACEMENT_3D('',#15083,#15084,#15085);
#15083 = CARTESIAN_POINT('',(-3.6,4.35,14.74999999998));
#15084 = DIRECTION('',(0.,0.,1.));
#15085 = DIRECTION('',(1.,0.,0.));
#15086 = CONICAL_SURFACE('',#15087,1.949999999959,0.785398163397);
#15087 = AXIS2_PLACEMENT_3D('',#15088,#15089,#15090);
#15088 = CARTESIAN_POINT('',(-3.6,4.35,14.94999999993));
#15089 = DIRECTION('',(0.,-1.390002785267E-17,1.));
#15090 = DIRECTION('',(-0.,-1.,-1.390002785267E-17));
#15091 = ADVANCED_FACE('',(#15092),#15127,.F.);
#15092 = FACE_BOUND('',#15093,.F.);
#15093 = EDGE_LOOP('',(#15094,#15104,#15111,#15112,#15120));
#15094 = ORIENTED_EDGE('',*,*,#15095,.T.);
#15095 = EDGE_CURVE('',#15096,#15098,#15100,.T.);
#15096 = VERTEX_POINT('',#15097);
#15097 = CARTESIAN_POINT('',(-1.85,4.35,5.35));
#15098 = VERTEX_POINT('',#15099);
#15099 = CARTESIAN_POINT('',(-1.84999999999,4.35,14.74999999998));
#15100 = LINE('',#15101,#15102);
#15101 = CARTESIAN_POINT('',(-1.85,4.35,-1.74827560573));
#15102 = VECTOR('',#15103,1.);
#15103 = DIRECTION('',(0.,0.,1.));
#15104 = ORIENTED_EDGE('',*,*,#15105,.F.);
#15105 = EDGE_CURVE('',#15047,#15098,#15106,.T.);
#15106 = CIRCLE('',#15107,1.75000000001);
#15107 = AXIS2_PLACEMENT_3D('',#15108,#15109,#15110);
#15108 = CARTESIAN_POINT('',(-3.6,4.35,14.74999999998));
#15109 = DIRECTION('',(0.,0.,1.));
#15110 = DIRECTION('',(1.,0.,0.));
#15111 = ORIENTED_EDGE('',*,*,#15044,.F.);
#15112 = ORIENTED_EDGE('',*,*,#15113,.F.);
#15113 = EDGE_CURVE('',#15114,#15045,#15116,.T.);
#15114 = VERTEX_POINT('',#15115);
#15115 = CARTESIAN_POINT('',(-5.35,4.35,5.35));
#15116 = LINE('',#15117,#15118);
#15117 = CARTESIAN_POINT('',(-5.35,4.35,-1.74827560573));
#15118 = VECTOR('',#15119,1.);
#15119 = DIRECTION('',(0.,0.,1.));
#15120 = ORIENTED_EDGE('',*,*,#15121,.T.);
#15121 = EDGE_CURVE('',#15114,#15096,#15122,.T.);
#15122 = CIRCLE('',#15123,1.75);
#15123 = AXIS2_PLACEMENT_3D('',#15124,#15125,#15126);
#15124 = CARTESIAN_POINT('',(-3.6,4.35,5.35));
#15125 = DIRECTION('',(0.,0.,1.));
#15126 = DIRECTION('',(1.,0.,0.));
#15127 = CYLINDRICAL_SURFACE('',#15128,1.75);
#15128 = AXIS2_PLACEMENT_3D('',#15129,#15130,#15131);
#15129 = CARTESIAN_POINT('',(-3.6,4.35,-1.74827560573));
#15130 = DIRECTION('',(0.,0.,1.));
#15131 = DIRECTION('',(1.,0.,0.));
#15132 = ADVANCED_FACE('',(#15133),#15151,.T.);
#15133 = FACE_BOUND('',#15134,.T.);
#15134 = EDGE_LOOP('',(#15135,#15136,#15143,#15144));
#15135 = ORIENTED_EDGE('',*,*,#15013,.F.);
#15136 = ORIENTED_EDGE('',*,*,#15137,.T.);
#15137 = EDGE_CURVE('',#15005,#15003,#15138,.T.);
#15138 = CIRCLE('',#15139,2.05);
#15139 = AXIS2_PLACEMENT_3D('',#15140,#15141,#15142);
#15140 = CARTESIAN_POINT('',(-3.6,4.35,4.05));
#15141 = DIRECTION('',(0.,0.,1.));
#15142 = DIRECTION('',(1.,0.,0.));
#15143 = ORIENTED_EDGE('',*,*,#15030,.T.);
#15144 = ORIENTED_EDGE('',*,*,#15145,.T.);
#15145 = EDGE_CURVE('',#15022,#15014,#15146,.T.);
#15146 = CIRCLE('',#15147,2.05);
#15147 = AXIS2_PLACEMENT_3D('',#15148,#15149,#15150);
#15148 = CARTESIAN_POINT('',(-3.6,4.35,14.95));
#15149 = DIRECTION('',(0.,0.,-1.));
#15150 = DIRECTION('',(1.,0.,0.));
#15151 = CYLINDRICAL_SURFACE('',#15152,2.05);
#15152 = AXIS2_PLACEMENT_3D('',#15153,#15154,#15155);
#15153 = CARTESIAN_POINT('',(-3.6,4.35,-1.74827560573));
#15154 = DIRECTION('',(0.,0.,1.));
#15155 = DIRECTION('',(1.,0.,0.));
#15156 = ADVANCED_FACE('',(#15157,#15161),#15171,.T.);
#15157 = FACE_BOUND('',#15158,.T.);
#15158 = EDGE_LOOP('',(#15159,#15160));
#15159 = ORIENTED_EDGE('',*,*,#15145,.F.);
#15160 = ORIENTED_EDGE('',*,*,#15021,.F.);
#15161 = FACE_BOUND('',#15162,.T.);
#15162 = EDGE_LOOP('',(#15163,#15164));
#15163 = ORIENTED_EDGE('',*,*,#15063,.T.);
#15164 = ORIENTED_EDGE('',*,*,#15165,.T.);
#15165 = EDGE_CURVE('',#15064,#15056,#15166,.T.);
#15166 = CIRCLE('',#15167,1.949999999959);
#15167 = AXIS2_PLACEMENT_3D('',#15168,#15169,#15170);
#15168 = CARTESIAN_POINT('',(-3.6,4.35,14.94999999993));
#15169 = DIRECTION('',(0.,1.390002785267E-17,-1.));
#15170 = DIRECTION('',(0.,-1.,-1.390002785267E-17));
#15171 = PLANE('',#15172);
#15172 = AXIS2_PLACEMENT_3D('',#15173,#15174,#15175);
#15173 = CARTESIAN_POINT('',(-3.6,4.35,14.95));
#15174 = DIRECTION('',(0.,0.,1.));
#15175 = DIRECTION('',(1.,0.,0.));
#15176 = ADVANCED_FACE('',(#15177),#15181,.F.);
#15177 = FACE_BOUND('',#15178,.T.);
#15178 = EDGE_LOOP('',(#15179,#15180));
#15179 = ORIENTED_EDGE('',*,*,#15002,.F.);
#15180 = ORIENTED_EDGE('',*,*,#15137,.F.);
#15181 = PLANE('',#15182);
#15182 = AXIS2_PLACEMENT_3D('',#15183,#15184,#15185);
#15183 = CARTESIAN_POINT('',(-3.6,4.35,4.05));
#15184 = DIRECTION('',(0.,0.,1.));
#15185 = DIRECTION('',(1.,0.,0.));
#15186 = ADVANCED_FACE('',(#15187),#15200,.F.);
#15187 = FACE_BOUND('',#15188,.F.);
#15188 = EDGE_LOOP('',(#15189,#15190,#15191,#15192,#15199));
#15189 = ORIENTED_EDGE('',*,*,#15165,.T.);
#15190 = ORIENTED_EDGE('',*,*,#15055,.F.);
#15191 = ORIENTED_EDGE('',*,*,#15105,.T.);
#15192 = ORIENTED_EDGE('',*,*,#15193,.T.);
#15193 = EDGE_CURVE('',#15098,#15073,#15194,.T.);
#15194 = CIRCLE('',#15195,1.75000000001);
#15195 = AXIS2_PLACEMENT_3D('',#15196,#15197,#15198);
#15196 = CARTESIAN_POINT('',(-3.6,4.35,14.74999999998));
#15197 = DIRECTION('',(0.,0.,1.));
#15198 = DIRECTION('',(1.,0.,0.));
#15199 = ORIENTED_EDGE('',*,*,#15072,.T.);
#15200 = CONICAL_SURFACE('',#15201,1.949999999959,0.785398163397);
#15201 = AXIS2_PLACEMENT_3D('',#15202,#15203,#15204);
#15202 = CARTESIAN_POINT('',(-3.6,4.35,14.94999999993));
#15203 = DIRECTION('',(0.,-1.390002785267E-17,1.));
#15204 = DIRECTION('',(-0.,-1.,-1.390002785267E-17));
#15205 = ADVANCED_FACE('',(#15206),#15219,.F.);
#15206 = FACE_BOUND('',#15207,.F.);
#15207 = EDGE_LOOP('',(#15208,#15209,#15210,#15211,#15218));
#15208 = ORIENTED_EDGE('',*,*,#15080,.F.);
#15209 = ORIENTED_EDGE('',*,*,#15193,.F.);
#15210 = ORIENTED_EDGE('',*,*,#15095,.F.);
#15211 = ORIENTED_EDGE('',*,*,#15212,.T.);
#15212 = EDGE_CURVE('',#15096,#15114,#15213,.T.);
#15213 = CIRCLE('',#15214,1.75);
#15214 = AXIS2_PLACEMENT_3D('',#15215,#15216,#15217);
#15215 = CARTESIAN_POINT('',(-3.6,4.35,5.35));
#15216 = DIRECTION('',(0.,0.,1.));
#15217 = DIRECTION('',(1.,0.,0.));
#15218 = ORIENTED_EDGE('',*,*,#15113,.T.);
#15219 = CYLINDRICAL_SURFACE('',#15220,1.75);
#15220 = AXIS2_PLACEMENT_3D('',#15221,#15222,#15223);
#15221 = CARTESIAN_POINT('',(-3.6,4.35,-1.74827560573));
#15222 = DIRECTION('',(0.,0.,1.));
#15223 = DIRECTION('',(1.,0.,0.));
#15224 = ADVANCED_FACE('',(#15225),#15229,.T.);
#15225 = FACE_BOUND('',#15226,.T.);
#15226 = EDGE_LOOP('',(#15227,#15228));
#15227 = ORIENTED_EDGE('',*,*,#15212,.T.);
#15228 = ORIENTED_EDGE('',*,*,#15121,.T.);
#15229 = PLANE('',#15230);
#15230 = AXIS2_PLACEMENT_3D('',#15231,#15232,#15233);
#15231 = CARTESIAN_POINT('',(-3.6,4.35,5.35));
#15232 = DIRECTION('',(0.,0.,1.));
#15233 = DIRECTION('',(1.,0.,0.));
#15234 = MANIFOLD_SOLID_BREP('',#15235);
#15235 = CLOSED_SHELL('',(#15236,#15292,#15323,#15347,#15371,#15395,
    #15419,#15436));
#15236 = ADVANCED_FACE('',(#15237),#15287,.T.);
#15237 = FACE_BOUND('',#15238,.T.);
#15238 = EDGE_LOOP('',(#15239,#15249,#15257,#15265,#15273,#15281));
#15239 = ORIENTED_EDGE('',*,*,#15240,.T.);
#15240 = EDGE_CURVE('',#15241,#15243,#15245,.T.);
#15241 = VERTEX_POINT('',#15242);
#15242 = CARTESIAN_POINT('',(-7.,-1.05,6.75));
#15243 = VERTEX_POINT('',#15244);
#15244 = CARTESIAN_POINT('',(-7.,8.2,6.75));
#15245 = LINE('',#15246,#15247);
#15246 = CARTESIAN_POINT('',(-7.,-15.08113883008,6.75));
#15247 = VECTOR('',#15248,1.);
#15248 = DIRECTION('',(0.,1.,0.));
#15249 = ORIENTED_EDGE('',*,*,#15250,.T.);
#15250 = EDGE_CURVE('',#15243,#15251,#15253,.T.);
#15251 = VERTEX_POINT('',#15252);
#15252 = CARTESIAN_POINT('',(-7.,8.2,5.25));
#15253 = LINE('',#15254,#15255);
#15254 = CARTESIAN_POINT('',(-7.,8.2,5.25));
#15255 = VECTOR('',#15256,1.);
#15256 = DIRECTION('',(-0.,-0.,-1.));
#15257 = ORIENTED_EDGE('',*,*,#15258,.T.);
#15258 = EDGE_CURVE('',#15251,#15259,#15261,.T.);
#15259 = VERTEX_POINT('',#15260);
#15260 = CARTESIAN_POINT('',(-7.,-1.05,5.25));
#15261 = LINE('',#15262,#15263);
#15262 = CARTESIAN_POINT('',(-7.,-15.08113883008,5.25));
#15263 = VECTOR('',#15264,1.);
#15264 = DIRECTION('',(0.,-1.,0.));
#15265 = ORIENTED_EDGE('',*,*,#15266,.T.);
#15266 = EDGE_CURVE('',#15259,#15267,#15269,.T.);
#15267 = VERTEX_POINT('',#15268);
#15268 = CARTESIAN_POINT('',(-7.,-2.55,5.514490471062));
#15269 = LINE('',#15270,#15271);
#15270 = CARTESIAN_POINT('',(-7.,-1.05,5.25));
#15271 = VECTOR('',#15272,1.);
#15272 = DIRECTION('',(0.,-0.984807753012,0.173648177667));
#15273 = ORIENTED_EDGE('',*,*,#15274,.T.);
#15274 = EDGE_CURVE('',#15267,#15275,#15277,.T.);
#15275 = VERTEX_POINT('',#15276);
#15276 = CARTESIAN_POINT('',(-7.,-2.55,6.485509528937));
#15277 = LINE('',#15278,#15279);
#15278 = CARTESIAN_POINT('',(-7.,-2.55,5.25));
#15279 = VECTOR('',#15280,1.);
#15280 = DIRECTION('',(0.,0.,1.));
#15281 = ORIENTED_EDGE('',*,*,#15282,.T.);
#15282 = EDGE_CURVE('',#15275,#15241,#15283,.T.);
#15283 = LINE('',#15284,#15285);
#15284 = CARTESIAN_POINT('',(-7.,-2.55,6.485509528937));
#15285 = VECTOR('',#15286,1.);
#15286 = DIRECTION('',(0.,0.984807753012,0.173648177667));
#15287 = PLANE('',#15288);
#15288 = AXIS2_PLACEMENT_3D('',#15289,#15290,#15291);
#15289 = CARTESIAN_POINT('',(-7.,-15.08113883008,5.25));
#15290 = DIRECTION('',(-1.,0.,0.));
#15291 = DIRECTION('',(0.,0.,1.));
#15292 = ADVANCED_FACE('',(#15293),#15318,.T.);
#15293 = FACE_BOUND('',#15294,.T.);
#15294 = EDGE_LOOP('',(#15295,#15303,#15304,#15312));
#15295 = ORIENTED_EDGE('',*,*,#15296,.T.);
#15296 = EDGE_CURVE('',#15297,#15251,#15299,.T.);
#15297 = VERTEX_POINT('',#15298);
#15298 = CARTESIAN_POINT('',(-6.5,8.2,5.25));
#15299 = LINE('',#15300,#15301);
#15300 = CARTESIAN_POINT('',(0.,8.2,5.25));
#15301 = VECTOR('',#15302,1.);
#15302 = DIRECTION('',(-1.,-0.,-0.));
#15303 = ORIENTED_EDGE('',*,*,#15250,.F.);
#15304 = ORIENTED_EDGE('',*,*,#15305,.T.);
#15305 = EDGE_CURVE('',#15243,#15306,#15308,.T.);
#15306 = VERTEX_POINT('',#15307);
#15307 = CARTESIAN_POINT('',(-6.5,8.2,6.75));
#15308 = LINE('',#15309,#15310);
#15309 = CARTESIAN_POINT('',(0.,8.2,6.75));
#15310 = VECTOR('',#15311,1.);
#15311 = DIRECTION('',(1.,0.,0.));
#15312 = ORIENTED_EDGE('',*,*,#15313,.F.);
#15313 = EDGE_CURVE('',#15297,#15306,#15314,.T.);
#15314 = LINE('',#15315,#15316);
#15315 = CARTESIAN_POINT('',(-6.5,8.2,6.75));
#15316 = VECTOR('',#15317,1.);
#15317 = DIRECTION('',(0.,0.,1.));
#15318 = PLANE('',#15319);
#15319 = AXIS2_PLACEMENT_3D('',#15320,#15321,#15322);
#15320 = CARTESIAN_POINT('',(0.,8.2,15.35));
#15321 = DIRECTION('',(0.,1.,0.));
#15322 = DIRECTION('',(0.,0.,1.));
#15323 = ADVANCED_FACE('',(#15324),#15342,.T.);
#15324 = FACE_BOUND('',#15325,.T.);
#15325 = EDGE_LOOP('',(#15326,#15334,#15335,#15336));
#15326 = ORIENTED_EDGE('',*,*,#15327,.T.);
#15327 = EDGE_CURVE('',#15328,#15306,#15330,.T.);
#15328 = VERTEX_POINT('',#15329);
#15329 = CARTESIAN_POINT('',(-6.5,-1.05,6.75));
#15330 = LINE('',#15331,#15332);
#15331 = CARTESIAN_POINT('',(-6.5,-15.08113883008,6.75));
#15332 = VECTOR('',#15333,1.);
#15333 = DIRECTION('',(0.,1.,0.));
#15334 = ORIENTED_EDGE('',*,*,#15305,.F.);
#15335 = ORIENTED_EDGE('',*,*,#15240,.F.);
#15336 = ORIENTED_EDGE('',*,*,#15337,.T.);
#15337 = EDGE_CURVE('',#15241,#15328,#15338,.T.);
#15338 = LINE('',#15339,#15340);
#15339 = CARTESIAN_POINT('',(-7.,-1.05,6.75));
#15340 = VECTOR('',#15341,1.);
#15341 = DIRECTION('',(1.,0.,0.));
#15342 = PLANE('',#15343);
#15343 = AXIS2_PLACEMENT_3D('',#15344,#15345,#15346);
#15344 = CARTESIAN_POINT('',(-7.,-15.08113883008,6.75));
#15345 = DIRECTION('',(0.,0.,1.));
#15346 = DIRECTION('',(1.,0.,0.));
#15347 = ADVANCED_FACE('',(#15348),#15366,.T.);
#15348 = FACE_BOUND('',#15349,.T.);
#15349 = EDGE_LOOP('',(#15350,#15351,#15359,#15365));
#15350 = ORIENTED_EDGE('',*,*,#15282,.F.);
#15351 = ORIENTED_EDGE('',*,*,#15352,.T.);
#15352 = EDGE_CURVE('',#15275,#15353,#15355,.T.);
#15353 = VERTEX_POINT('',#15354);
#15354 = CARTESIAN_POINT('',(-6.5,-2.55,6.485509528937));
#15355 = LINE('',#15356,#15357);
#15356 = CARTESIAN_POINT('',(-6.838960762841,-2.55,6.485509528937));
#15357 = VECTOR('',#15358,1.);
#15358 = DIRECTION('',(1.,0.,0.));
#15359 = ORIENTED_EDGE('',*,*,#15360,.T.);
#15360 = EDGE_CURVE('',#15353,#15328,#15361,.T.);
#15361 = LINE('',#15362,#15363);
#15362 = CARTESIAN_POINT('',(-6.5,-2.55,6.485509528937));
#15363 = VECTOR('',#15364,1.);
#15364 = DIRECTION('',(0.,0.984807753012,0.173648177667));
#15365 = ORIENTED_EDGE('',*,*,#15337,.F.);
#15366 = PLANE('',#15367);
#15367 = AXIS2_PLACEMENT_3D('',#15368,#15369,#15370);
#15368 = CARTESIAN_POINT('',(-6.838960762841,-2.55,6.485509528937));
#15369 = DIRECTION('',(0.,-0.173648177667,0.984807753012));
#15370 = DIRECTION('',(0.,-0.984807753012,-0.173648177667));
#15371 = ADVANCED_FACE('',(#15372),#15390,.F.);
#15372 = FACE_BOUND('',#15373,.T.);
#15373 = EDGE_LOOP('',(#15374,#15382,#15388,#15389));
#15374 = ORIENTED_EDGE('',*,*,#15375,.F.);
#15375 = EDGE_CURVE('',#15376,#15267,#15378,.T.);
#15376 = VERTEX_POINT('',#15377);
#15377 = CARTESIAN_POINT('',(-6.5,-2.55,5.514490471062));
#15378 = LINE('',#15379,#15380);
#15379 = CARTESIAN_POINT('',(-6.838960762841,-2.55,5.514490471062));
#15380 = VECTOR('',#15381,1.);
#15381 = DIRECTION('',(-1.,0.,0.));
#15382 = ORIENTED_EDGE('',*,*,#15383,.F.);
#15383 = EDGE_CURVE('',#15353,#15376,#15384,.T.);
#15384 = LINE('',#15385,#15386);
#15385 = CARTESIAN_POINT('',(-6.5,-2.55,-0.256213597756));
#15386 = VECTOR('',#15387,1.);
#15387 = DIRECTION('',(0.,0.,-1.));
#15388 = ORIENTED_EDGE('',*,*,#15352,.F.);
#15389 = ORIENTED_EDGE('',*,*,#15274,.F.);
#15390 = PLANE('',#15391);
#15391 = AXIS2_PLACEMENT_3D('',#15392,#15393,#15394);
#15392 = CARTESIAN_POINT('',(-6.838960762841,-2.55,-0.256213597756));
#15393 = DIRECTION('',(0.,1.,0.));
#15394 = DIRECTION('',(0.,0.,1.));
#15395 = ADVANCED_FACE('',(#15396),#15414,.T.);
#15396 = FACE_BOUND('',#15397,.T.);
#15397 = EDGE_LOOP('',(#15398,#15406,#15407,#15408));
#15398 = ORIENTED_EDGE('',*,*,#15399,.T.);
#15399 = EDGE_CURVE('',#15400,#15376,#15402,.T.);
#15400 = VERTEX_POINT('',#15401);
#15401 = CARTESIAN_POINT('',(-6.5,-1.05,5.25));
#15402 = LINE('',#15403,#15404);
#15403 = CARTESIAN_POINT('',(-6.5,-2.55,5.514490471062));
#15404 = VECTOR('',#15405,1.);
#15405 = DIRECTION('',(0.,-0.984807753012,0.173648177667));
#15406 = ORIENTED_EDGE('',*,*,#15375,.T.);
#15407 = ORIENTED_EDGE('',*,*,#15266,.F.);
#15408 = ORIENTED_EDGE('',*,*,#15409,.T.);
#15409 = EDGE_CURVE('',#15259,#15400,#15410,.T.);
#15410 = LINE('',#15411,#15412);
#15411 = CARTESIAN_POINT('',(-6.838960762841,-1.05,5.25));
#15412 = VECTOR('',#15413,1.);
#15413 = DIRECTION('',(1.,0.,0.));
#15414 = PLANE('',#15415);
#15415 = AXIS2_PLACEMENT_3D('',#15416,#15417,#15418);
#15416 = CARTESIAN_POINT('',(-6.838960762841,-2.55,5.514490471062));
#15417 = DIRECTION('',(0.,-0.173648177667,-0.984807753012));
#15418 = DIRECTION('',(0.,0.984807753012,-0.173648177667));
#15419 = ADVANCED_FACE('',(#15420),#15431,.T.);
#15420 = FACE_BOUND('',#15421,.T.);
#15421 = EDGE_LOOP('',(#15422,#15423,#15424,#15430));
#15422 = ORIENTED_EDGE('',*,*,#15258,.F.);
#15423 = ORIENTED_EDGE('',*,*,#15296,.F.);
#15424 = ORIENTED_EDGE('',*,*,#15425,.T.);
#15425 = EDGE_CURVE('',#15297,#15400,#15426,.T.);
#15426 = LINE('',#15427,#15428);
#15427 = CARTESIAN_POINT('',(-6.5,-15.08113883008,5.25));
#15428 = VECTOR('',#15429,1.);
#15429 = DIRECTION('',(-0.,-1.,-0.));
#15430 = ORIENTED_EDGE('',*,*,#15409,.F.);
#15431 = PLANE('',#15432);
#15432 = AXIS2_PLACEMENT_3D('',#15433,#15434,#15435);
#15433 = CARTESIAN_POINT('',(-6.5,-15.08113883008,5.25));
#15434 = DIRECTION('',(0.,0.,-1.));
#15435 = DIRECTION('',(-1.,0.,0.));
#15436 = ADVANCED_FACE('',(#15437),#15445,.T.);
#15437 = FACE_BOUND('',#15438,.T.);
#15438 = EDGE_LOOP('',(#15439,#15440,#15441,#15442,#15443,#15444));
#15439 = ORIENTED_EDGE('',*,*,#15327,.F.);
#15440 = ORIENTED_EDGE('',*,*,#15360,.F.);
#15441 = ORIENTED_EDGE('',*,*,#15383,.T.);
#15442 = ORIENTED_EDGE('',*,*,#15399,.F.);
#15443 = ORIENTED_EDGE('',*,*,#15425,.F.);
#15444 = ORIENTED_EDGE('',*,*,#15313,.T.);
#15445 = PLANE('',#15446);
#15446 = AXIS2_PLACEMENT_3D('',#15447,#15448,#15449);
#15447 = CARTESIAN_POINT('',(-6.5,-15.08113883008,6.75));
#15448 = DIRECTION('',(1.,0.,0.));
#15449 = DIRECTION('',(0.,0.,-1.));
#15450 = ( GEOMETRIC_REPRESENTATION_CONTEXT(3) 
GLOBAL_UNCERTAINTY_ASSIGNED_CONTEXT((#15454)) 
GLOBAL_UNIT_ASSIGNED_CONTEXT((#15451,#15452,#15453)) 
REPRESENTATION_CONTEXT('Context #1',
  '3D Context with UNIT and UNCERTAINTY') );
#15451 = ( LENGTH_UNIT() NAMED_UNIT(*) SI_UNIT(.MILLI.,.METRE.) );
#15452 = ( NAMED_UNIT(*) PLANE_ANGLE_UNIT() SI_UNIT($,.RADIAN.) );
#15453 = ( NAMED_UNIT(*) SI_UNIT($,.STERADIAN.) SOLID_ANGLE_UNIT() );
#15454 = UNCERTAINTY_MEASURE_WITH_UNIT(LENGTH_MEASURE(1.E-04),#15451,
  'distance_accuracy_value','confusion accuracy');
#15455 = CONTEXT_DEPENDENT_SHAPE_REPRESENTATION(#15456,#15458);
#15456 = ( REPRESENTATION_RELATIONSHIP('','',#10121,#10098) 
REPRESENTATION_RELATIONSHIP_WITH_TRANSFORMATION(#15457) 
SHAPE_REPRESENTATION_RELATIONSHIP() );
#15457 = ITEM_DEFINED_TRANSFORMATION('','',#11,#10099);
#15458 = PRODUCT_DEFINITION_SHAPE('Placement','Placement of an item',
  #15459);
#15459 = NEXT_ASSEMBLY_USAGE_OCCURRENCE('12','=>[0:1:1:13]','',#10093,
  #10116,$);
#15460 = PRODUCT_RELATED_PRODUCT_CATEGORY('part',$,(#10118));
#15461 = SHAPE_DEFINITION_REPRESENTATION(#15462,#15468);
#15462 = PRODUCT_DEFINITION_SHAPE('','',#15463);
#15463 = PRODUCT_DEFINITION('design','',#15464,#15467);
#15464 = PRODUCT_DEFINITION_FORMATION('','',#15465);
#15465 = PRODUCT('ããªãã©ã¼_PCB',
  'ããªãã©ã¼_PCB','',(#15466));
#15466 = PRODUCT_CONTEXT('',#2,'mechanical');
#15467 = PRODUCT_DEFINITION_CONTEXT('part definition',#2,'design');
#15468 = ADVANCED_BREP_SHAPE_REPRESENTATION('',(#11,#15469),#16877);
#15469 = MANIFOLD_SOLID_BREP('',#15470);
#15470 = CLOSED_SHELL('',(#15471,#15513,#15544,#15575,#15931,#16287,
    #16304,#16321,#16338,#16355,#16372,#16389,#16406,#16423,#16435,
    #16452,#16469,#16486,#16503,#16520,#16537,#16554,#16571,#16593,
    #16610,#16627,#16639,#16656,#16673,#16690,#16707,#16724,#16741,
    #16763,#16780,#16797,#16809,#16826,#16843,#16860));
#15471 = ADVANCED_FACE('',(#15472),#15508,.T.);
#15472 = FACE_BOUND('',#15473,.T.);
#15473 = EDGE_LOOP('',(#15474,#15484,#15493,#15501));
#15474 = ORIENTED_EDGE('',*,*,#15475,.T.);
#15475 = EDGE_CURVE('',#15476,#15478,#15480,.T.);
#15476 = VERTEX_POINT('',#15477);
#15477 = CARTESIAN_POINT('',(159.686108,-65.457476,0.));
#15478 = VERTEX_POINT('',#15479);
#15479 = CARTESIAN_POINT('',(159.686108,-65.457476,1.6));
#15480 = LINE('',#15481,#15482);
#15481 = CARTESIAN_POINT('',(159.686108,-65.457476,0.));
#15482 = VECTOR('',#15483,1.);
#15483 = DIRECTION('',(0.,0.,1.));
#15484 = ORIENTED_EDGE('',*,*,#15485,.T.);
#15485 = EDGE_CURVE('',#15478,#15486,#15488,.T.);
#15486 = VERTEX_POINT('',#15487);
#15487 = CARTESIAN_POINT('',(168.346383,-70.457484,1.6));
#15488 = CIRCLE('',#15489,10.000037508154);
#15489 = AXIS2_PLACEMENT_3D('',#15490,#15491,#15492);
#15490 = CARTESIAN_POINT('',(159.68610268801,-75.45751350815,1.6));
#15491 = DIRECTION('',(0.,0.,-1.));
#15492 = DIRECTION('',(5.311961359098E-07,1.,0.));
#15493 = ORIENTED_EDGE('',*,*,#15494,.F.);
#15494 = EDGE_CURVE('',#15495,#15486,#15497,.T.);
#15495 = VERTEX_POINT('',#15496);
#15496 = CARTESIAN_POINT('',(168.346383,-70.457484,0.));
#15497 = LINE('',#15498,#15499);
#15498 = CARTESIAN_POINT('',(168.346383,-70.457484,0.));
#15499 = VECTOR('',#15500,1.);
#15500 = DIRECTION('',(0.,0.,1.));
#15501 = ORIENTED_EDGE('',*,*,#15502,.F.);
#15502 = EDGE_CURVE('',#15476,#15495,#15503,.T.);
#15503 = CIRCLE('',#15504,10.000037508154);
#15504 = AXIS2_PLACEMENT_3D('',#15505,#15506,#15507);
#15505 = CARTESIAN_POINT('',(159.68610268801,-75.45751350815,0.));
#15506 = DIRECTION('',(0.,0.,-1.));
#15507 = DIRECTION('',(5.311961359098E-07,1.,0.));
#15508 = CYLINDRICAL_SURFACE('',#15509,10.000037508154);
#15509 = AXIS2_PLACEMENT_3D('',#15510,#15511,#15512);
#15510 = CARTESIAN_POINT('',(159.68610268801,-75.45751350815,0.));
#15511 = DIRECTION('',(0.,0.,-1.));
#15512 = DIRECTION('',(5.311961359098E-07,1.,0.));
#15513 = ADVANCED_FACE('',(#15514),#15539,.T.);
#15514 = FACE_BOUND('',#15515,.T.);
#15515 = EDGE_LOOP('',(#15516,#15526,#15532,#15533));
#15516 = ORIENTED_EDGE('',*,*,#15517,.T.);
#15517 = EDGE_CURVE('',#15518,#15520,#15522,.T.);
#15518 = VERTEX_POINT('',#15519);
#15519 = CARTESIAN_POINT('',(111.23313,-65.457476,0.));
#15520 = VERTEX_POINT('',#15521);
#15521 = CARTESIAN_POINT('',(111.23313,-65.457476,1.6));
#15522 = LINE('',#15523,#15524);
#15523 = CARTESIAN_POINT('',(111.23313,-65.457476,0.));
#15524 = VECTOR('',#15525,1.);
#15525 = DIRECTION('',(0.,0.,1.));
#15526 = ORIENTED_EDGE('',*,*,#15527,.T.);
#15527 = EDGE_CURVE('',#15520,#15478,#15528,.T.);
#15528 = LINE('',#15529,#15530);
#15529 = CARTESIAN_POINT('',(111.23313,-65.457476,1.6));
#15530 = VECTOR('',#15531,1.);
#15531 = DIRECTION('',(1.,0.,0.));
#15532 = ORIENTED_EDGE('',*,*,#15475,.F.);
#15533 = ORIENTED_EDGE('',*,*,#15534,.F.);
#15534 = EDGE_CURVE('',#15518,#15476,#15535,.T.);
#15535 = LINE('',#15536,#15537);
#15536 = CARTESIAN_POINT('',(111.23313,-65.457476,0.));
#15537 = VECTOR('',#15538,1.);
#15538 = DIRECTION('',(1.,0.,0.));
#15539 = PLANE('',#15540);
#15540 = AXIS2_PLACEMENT_3D('',#15541,#15542,#15543);
#15541 = CARTESIAN_POINT('',(111.23313,-65.457476,0.));
#15542 = DIRECTION('',(0.,1.,0.));
#15543 = DIRECTION('',(1.,0.,0.));
#15544 = ADVANCED_FACE('',(#15545),#15570,.T.);
#15545 = FACE_BOUND('',#15546,.T.);
#15546 = EDGE_LOOP('',(#15547,#15548,#15556,#15564));
#15547 = ORIENTED_EDGE('',*,*,#15494,.T.);
#15548 = ORIENTED_EDGE('',*,*,#15549,.T.);
#15549 = EDGE_CURVE('',#15486,#15550,#15552,.T.);
#15550 = VERTEX_POINT('',#15551);
#15551 = CARTESIAN_POINT('',(188.944458,-106.134399,1.6));
#15552 = LINE('',#15553,#15554);
#15553 = CARTESIAN_POINT('',(168.346383,-70.457484,1.6));
#15554 = VECTOR('',#15555,1.);
#15555 = DIRECTION('',(0.499999973072,-0.866025419331,0.));
#15556 = ORIENTED_EDGE('',*,*,#15557,.F.);
#15557 = EDGE_CURVE('',#15558,#15550,#15560,.T.);
#15558 = VERTEX_POINT('',#15559);
#15559 = CARTESIAN_POINT('',(188.944458,-106.134399,0.));
#15560 = LINE('',#15561,#15562);
#15561 = CARTESIAN_POINT('',(188.944458,-106.134399,0.));
#15562 = VECTOR('',#15563,1.);
#15563 = DIRECTION('',(0.,0.,1.));
#15564 = ORIENTED_EDGE('',*,*,#15565,.F.);
#15565 = EDGE_CURVE('',#15495,#15558,#15566,.T.);
#15566 = LINE('',#15567,#15568);
#15567 = CARTESIAN_POINT('',(168.346383,-70.457484,0.));
#15568 = VECTOR('',#15569,1.);
#15569 = DIRECTION('',(0.499999973072,-0.866025419331,0.));
#15570 = PLANE('',#15571);
#15571 = AXIS2_PLACEMENT_3D('',#15572,#15573,#15574);
#15572 = CARTESIAN_POINT('',(168.346383,-70.457484,0.));
#15573 = DIRECTION('',(0.866025419331,0.499999973072,-0.));
#15574 = DIRECTION('',(0.499999973072,-0.866025419331,0.));
#15575 = ADVANCED_FACE('',(#15576,#15656,#15667,#15678,#15689,#15700,
    #15711,#15722,#15733,#15744,#15780,#15791,#15802,#15813,#15824,
    #15835,#15846,#15882,#15893,#15904,#15915),#15926,.F.);
#15576 = FACE_BOUND('',#15577,.F.);
#15577 = EDGE_LOOP('',(#15578,#15579,#15580,#15589,#15597,#15606,#15614,
    #15623,#15631,#15640,#15648,#15655));
#15578 = ORIENTED_EDGE('',*,*,#15502,.F.);
#15579 = ORIENTED_EDGE('',*,*,#15534,.F.);
#15580 = ORIENTED_EDGE('',*,*,#15581,.F.);
#15581 = EDGE_CURVE('',#15582,#15518,#15584,.T.);
#15582 = VERTEX_POINT('',#15583);
#15583 = CARTESIAN_POINT('',(102.572876,-70.457476,0.));
#15584 = CIRCLE('',#15585,10.000000089541);
#15585 = AXIS2_PLACEMENT_3D('',#15586,#15587,#15588);
#15586 = CARTESIAN_POINT('',(111.23313008954,-75.45747608954,0.));
#15587 = DIRECTION('',(0.,0.,-1.));
#15588 = DIRECTION('',(-0.8660254012,0.500000004477,0.));
#15589 = ORIENTED_EDGE('',*,*,#15590,.F.);
#15590 = EDGE_CURVE('',#15591,#15582,#15593,.T.);
#15591 = VERTEX_POINT('',#15592);
#15592 = CARTESIAN_POINT('',(81.974789,-106.134407,0.));
#15593 = LINE('',#15594,#15595);
#15594 = CARTESIAN_POINT('',(81.974789,-106.134407,0.));
#15595 = VECTOR('',#15596,1.);
#15596 = DIRECTION('',(0.500000023363,0.866025390296,0.));
#15597 = ORIENTED_EDGE('',*,*,#15598,.F.);
#15598 = EDGE_CURVE('',#15599,#15591,#15601,.T.);
#15599 = VERTEX_POINT('',#15600);
#15600 = CARTESIAN_POINT('',(92.297153,-111.937005,0.));
#15601 = CIRCLE('',#15602,5.921145093852);
#15602 = AXIS2_PLACEMENT_3D('',#15603,#15604,#15605);
#15603 = CARTESIAN_POINT('',(87.10265060428,-109.0949803549,0.));
#15604 = DIRECTION('',(-0.,0.,-1.));
#15605 = DIRECTION('',(0.87728003847,-0.479978889226,-0.));
#15606 = ORIENTED_EDGE('',*,*,#15607,.F.);
#15607 = EDGE_CURVE('',#15608,#15599,#15610,.T.);
#15608 = VERTEX_POINT('',#15609);
#15609 = CARTESIAN_POINT('',(94.888836,-107.451204,0.));
#15610 = LINE('',#15611,#15612);
#15611 = CARTESIAN_POINT('',(94.888836,-107.451204,0.));
#15612 = VECTOR('',#15613,1.);
#15613 = DIRECTION('',(-0.500261225625,-0.86587453256,0.));
#15614 = ORIENTED_EDGE('',*,*,#15615,.F.);
#15615 = EDGE_CURVE('',#15616,#15608,#15618,.T.);
#15616 = VERTEX_POINT('',#15617);
#15617 = CARTESIAN_POINT('',(115.669825,-95.457476,0.));
#15618 = CIRCLE('',#15619,23.999999630051);
#15619 = AXIS2_PLACEMENT_3D('',#15620,#15621,#15622);
#15620 = CARTESIAN_POINT('',(115.66982307443,-119.45747563,0.));
#15621 = DIRECTION('',(0.,0.,1.));
#15622 = DIRECTION('',(8.023183900284E-08,1.,-0.));
#15623 = ORIENTED_EDGE('',*,*,#15624,.F.);
#15624 = EDGE_CURVE('',#15625,#15616,#15627,.T.);
#15625 = VERTEX_POINT('',#15626);
#15626 = CARTESIAN_POINT('',(155.249428,-95.457476,0.));
#15627 = LINE('',#15628,#15629);
#15628 = CARTESIAN_POINT('',(155.249428,-95.457476,0.));
#15629 = VECTOR('',#15630,1.);
#15630 = DIRECTION('',(-1.,0.,0.));
#15631 = ORIENTED_EDGE('',*,*,#15632,.F.);
#15632 = EDGE_CURVE('',#15633,#15625,#15635,.T.);
#15633 = VERTEX_POINT('',#15634);
#15634 = CARTESIAN_POINT('',(176.034037,-107.457474,0.));
#15635 = CIRCLE('',#15636,23.999994170413);
#15636 = AXIS2_PLACEMENT_3D('',#15637,#15638,#15639);
#15637 = CARTESIAN_POINT('',(155.24943182958,-119.4574701704,0.));
#15638 = DIRECTION('',(0.,0.,1.));
#15639 = DIRECTION('',(0.866025425791,0.499999961884,-0.));
#15640 = ORIENTED_EDGE('',*,*,#15641,.F.);
#15641 = EDGE_CURVE('',#15642,#15633,#15644,.T.);
#15642 = VERTEX_POINT('',#15643);
#15643 = CARTESIAN_POINT('',(178.696234,-112.068534,0.));
#15644 = LINE('',#15645,#15646);
#15645 = CARTESIAN_POINT('',(178.696234,-112.068534,0.));
#15646 = VECTOR('',#15647,1.);
#15647 = DIRECTION('',(-0.500000037716,0.866025382009,0.));
#15648 = ORIENTED_EDGE('',*,*,#15649,.F.);
#15649 = EDGE_CURVE('',#15558,#15642,#15650,.T.);
#15650 = CIRCLE('',#15651,5.921154413439);
#15651 = AXIS2_PLACEMENT_3D('',#15652,#15653,#15654);
#15652 = CARTESIAN_POINT('',(183.81658778651,-109.0949760824,0.));
#15653 = DIRECTION('',(0.,0.,-1.));
#15654 = DIRECTION('',(0.866025415897,0.49999997902,0.));
#15655 = ORIENTED_EDGE('',*,*,#15565,.F.);
#15656 = FACE_BOUND('',#15657,.F.);
#15657 = EDGE_LOOP('',(#15658));
#15658 = ORIENTED_EDGE('',*,*,#15659,.F.);
#15659 = EDGE_CURVE('',#15660,#15660,#15662,.T.);
#15660 = VERTEX_POINT('',#15661);
#15661 = CARTESIAN_POINT('',(87.1,-111.6,0.));
#15662 = CIRCLE('',#15663,1.5);
#15663 = AXIS2_PLACEMENT_3D('',#15664,#15665,#15666);
#15664 = CARTESIAN_POINT('',(85.6,-111.6,0.));
#15665 = DIRECTION('',(0.,0.,1.));
#15666 = DIRECTION('',(1.,0.,-0.));
#15667 = FACE_BOUND('',#15668,.F.);
#15668 = EDGE_LOOP('',(#15669));
#15669 = ORIENTED_EDGE('',*,*,#15670,.T.);
#15670 = EDGE_CURVE('',#15671,#15671,#15673,.T.);
#15671 = VERTEX_POINT('',#15672);
#15672 = CARTESIAN_POINT('',(88.6,-109.025,0.));
#15673 = CIRCLE('',#15674,0.455);
#15674 = AXIS2_PLACEMENT_3D('',#15675,#15676,#15677);
#15675 = CARTESIAN_POINT('',(88.6,-108.57,0.));
#15676 = DIRECTION('',(-0.,0.,-1.));
#15677 = DIRECTION('',(-0.,-1.,0.));
#15678 = FACE_BOUND('',#15679,.F.);
#15679 = EDGE_LOOP('',(#15680));
#15680 = ORIENTED_EDGE('',*,*,#15681,.T.);
#15681 = EDGE_CURVE('',#15682,#15682,#15684,.T.);
#15682 = VERTEX_POINT('',#15683);
#15683 = CARTESIAN_POINT('',(88.6,-106.485,0.));
#15684 = CIRCLE('',#15685,0.455);
#15685 = AXIS2_PLACEMENT_3D('',#15686,#15687,#15688);
#15686 = CARTESIAN_POINT('',(88.6,-106.03,0.));
#15687 = DIRECTION('',(-0.,0.,-1.));
#15688 = DIRECTION('',(-0.,-1.,0.));
#15689 = FACE_BOUND('',#15690,.F.);
#15690 = EDGE_LOOP('',(#15691));
#15691 = ORIENTED_EDGE('',*,*,#15692,.F.);
#15692 = EDGE_CURVE('',#15693,#15693,#15695,.T.);
#15693 = VERTEX_POINT('',#15694);
#15694 = CARTESIAN_POINT('',(186.777174,-111.624766,0.));
#15695 = CIRCLE('',#15696,1.5);
#15696 = AXIS2_PLACEMENT_3D('',#15697,#15698,#15699);
#15697 = CARTESIAN_POINT('',(185.277174,-111.624766,0.));
#15698 = DIRECTION('',(0.,0.,1.));
#15699 = DIRECTION('',(1.,0.,-0.));
#15700 = FACE_BOUND('',#15701,.F.);
#15701 = EDGE_LOOP('',(#15702));
#15702 = ORIENTED_EDGE('',*,*,#15703,.T.);
#15703 = EDGE_CURVE('',#15704,#15704,#15706,.T.);
#15704 = VERTEX_POINT('',#15705);
#15705 = CARTESIAN_POINT('',(182.3,-109.02,0.));
#15706 = CIRCLE('',#15707,0.45);
#15707 = AXIS2_PLACEMENT_3D('',#15708,#15709,#15710);
#15708 = CARTESIAN_POINT('',(182.3,-108.57,0.));
#15709 = DIRECTION('',(-0.,0.,-1.));
#15710 = DIRECTION('',(-0.,-1.,0.));
#15711 = FACE_BOUND('',#15712,.F.);
#15712 = EDGE_LOOP('',(#15713));
#15713 = ORIENTED_EDGE('',*,*,#15714,.T.);
#15714 = EDGE_CURVE('',#15715,#15715,#15717,.T.);
#15715 = VERTEX_POINT('',#15716);
#15716 = CARTESIAN_POINT('',(182.3,-106.48,0.));
#15717 = CIRCLE('',#15718,0.45);
#15718 = AXIS2_PLACEMENT_3D('',#15719,#15720,#15721);
#15719 = CARTESIAN_POINT('',(182.3,-106.03,0.));
#15720 = DIRECTION('',(-0.,0.,-1.));
#15721 = DIRECTION('',(-0.,-1.,0.));
#15722 = FACE_BOUND('',#15723,.F.);
#15723 = EDGE_LOOP('',(#15724));
#15724 = ORIENTED_EDGE('',*,*,#15725,.T.);
#15725 = EDGE_CURVE('',#15726,#15726,#15728,.T.);
#15726 = VERTEX_POINT('',#15727);
#15727 = CARTESIAN_POINT('',(134.05,-83.35,0.));
#15728 = CIRCLE('',#15729,1.35);
#15729 = AXIS2_PLACEMENT_3D('',#15730,#15731,#15732);
#15730 = CARTESIAN_POINT('',(134.05,-82.,0.));
#15731 = DIRECTION('',(-0.,0.,-1.));
#15732 = DIRECTION('',(-0.,-1.,0.));
#15733 = FACE_BOUND('',#15734,.F.);
#15734 = EDGE_LOOP('',(#15735));
#15735 = ORIENTED_EDGE('',*,*,#15736,.F.);
#15736 = EDGE_CURVE('',#15737,#15737,#15739,.T.);
#15737 = VERTEX_POINT('',#15738);
#15738 = CARTESIAN_POINT('',(109.233129,-69.395298,0.));
#15739 = CIRCLE('',#15740,1.5);
#15740 = AXIS2_PLACEMENT_3D('',#15741,#15742,#15743);
#15741 = CARTESIAN_POINT('',(107.733129,-69.395298,0.));
#15742 = DIRECTION('',(0.,0.,1.));
#15743 = DIRECTION('',(1.,0.,-0.));
#15744 = FACE_BOUND('',#15745,.F.);
#15745 = EDGE_LOOP('',(#15746,#15757,#15765,#15774));
#15746 = ORIENTED_EDGE('',*,*,#15747,.T.);
#15747 = EDGE_CURVE('',#15748,#15750,#15752,.T.);
#15748 = VERTEX_POINT('',#15749);
#15749 = CARTESIAN_POINT('',(131.2,-76.55,0.));
#15750 = VERTEX_POINT('',#15751);
#15751 = CARTESIAN_POINT('',(130.6,-76.55,0.));
#15752 = CIRCLE('',#15753,0.3);
#15753 = AXIS2_PLACEMENT_3D('',#15754,#15755,#15756);
#15754 = CARTESIAN_POINT('',(130.9,-76.55,0.));
#15755 = DIRECTION('',(-0.,0.,-1.));
#15756 = DIRECTION('',(-1.,-4.736951571734E-14,0.));
#15757 = ORIENTED_EDGE('',*,*,#15758,.T.);
#15758 = EDGE_CURVE('',#15750,#15759,#15761,.T.);
#15759 = VERTEX_POINT('',#15760);
#15760 = CARTESIAN_POINT('',(130.6,-75.45,0.));
#15761 = LINE('',#15762,#15763);
#15762 = CARTESIAN_POINT('',(130.6,-37.725,0.));
#15763 = VECTOR('',#15764,1.);
#15764 = DIRECTION('',(-0.,1.,0.));
#15765 = ORIENTED_EDGE('',*,*,#15766,.T.);
#15766 = EDGE_CURVE('',#15759,#15767,#15769,.T.);
#15767 = VERTEX_POINT('',#15768);
#15768 = CARTESIAN_POINT('',(131.2,-75.45,0.));
#15769 = CIRCLE('',#15770,0.3);
#15770 = AXIS2_PLACEMENT_3D('',#15771,#15772,#15773);
#15771 = CARTESIAN_POINT('',(130.9,-75.45,0.));
#15772 = DIRECTION('',(0.,-0.,-1.));
#15773 = DIRECTION('',(1.,4.736951571734E-14,-0.));
#15774 = ORIENTED_EDGE('',*,*,#15775,.T.);
#15775 = EDGE_CURVE('',#15767,#15748,#15776,.T.);
#15776 = LINE('',#15777,#15778);
#15777 = CARTESIAN_POINT('',(131.2,-38.275,0.));
#15778 = VECTOR('',#15779,1.);
#15779 = DIRECTION('',(0.,-1.,0.));
#15780 = FACE_BOUND('',#15781,.F.);
#15781 = EDGE_LOOP('',(#15782));
#15782 = ORIENTED_EDGE('',*,*,#15783,.T.);
#15783 = EDGE_CURVE('',#15784,#15784,#15786,.T.);
#15784 = VERTEX_POINT('',#15785);
#15785 = CARTESIAN_POINT('',(115.35,-71.675,0.));
#15786 = CIRCLE('',#15787,0.475);
#15787 = AXIS2_PLACEMENT_3D('',#15788,#15789,#15790);
#15788 = CARTESIAN_POINT('',(115.35,-71.2,0.));
#15789 = DIRECTION('',(-0.,0.,-1.));
#15790 = DIRECTION('',(-0.,-1.,0.));
#15791 = FACE_BOUND('',#15792,.F.);
#15792 = EDGE_LOOP('',(#15793));
#15793 = ORIENTED_EDGE('',*,*,#15794,.T.);
#15794 = EDGE_CURVE('',#15795,#15795,#15797,.T.);
#15795 = VERTEX_POINT('',#15796);
#15796 = CARTESIAN_POINT('',(117.85,-71.675,0.));
#15797 = CIRCLE('',#15798,0.475);
#15798 = AXIS2_PLACEMENT_3D('',#15799,#15800,#15801);
#15799 = CARTESIAN_POINT('',(117.85,-71.2,0.));
#15800 = DIRECTION('',(-0.,0.,-1.));
#15801 = DIRECTION('',(-0.,-1.,0.));
#15802 = FACE_BOUND('',#15803,.F.);
#15803 = EDGE_LOOP('',(#15804));
#15804 = ORIENTED_EDGE('',*,*,#15805,.T.);
#15805 = EDGE_CURVE('',#15806,#15806,#15808,.T.);
#15806 = VERTEX_POINT('',#15807);
#15807 = CARTESIAN_POINT('',(120.35,-71.675,0.));
#15808 = CIRCLE('',#15809,0.475);
#15809 = AXIS2_PLACEMENT_3D('',#15810,#15811,#15812);
#15810 = CARTESIAN_POINT('',(120.35,-71.2,0.));
#15811 = DIRECTION('',(-0.,0.,-1.));
#15812 = DIRECTION('',(-0.,-1.,0.));
#15813 = FACE_BOUND('',#15814,.F.);
#15814 = EDGE_LOOP('',(#15815));
#15815 = ORIENTED_EDGE('',*,*,#15816,.T.);
#15816 = EDGE_CURVE('',#15817,#15817,#15819,.T.);
#15817 = VERTEX_POINT('',#15818);
#15818 = CARTESIAN_POINT('',(122.85,-71.675,0.));
#15819 = CIRCLE('',#15820,0.475);
#15820 = AXIS2_PLACEMENT_3D('',#15821,#15822,#15823);
#15821 = CARTESIAN_POINT('',(122.85,-71.2,0.));
#15822 = DIRECTION('',(-0.,0.,-1.));
#15823 = DIRECTION('',(-0.,-1.,0.));
#15824 = FACE_BOUND('',#15825,.F.);
#15825 = EDGE_LOOP('',(#15826));
#15826 = ORIENTED_EDGE('',*,*,#15827,.T.);
#15827 = EDGE_CURVE('',#15828,#15828,#15830,.T.);
#15828 = VERTEX_POINT('',#15829);
#15829 = CARTESIAN_POINT('',(125.35,-71.675,0.));
#15830 = CIRCLE('',#15831,0.475);
#15831 = AXIS2_PLACEMENT_3D('',#15832,#15833,#15834);
#15832 = CARTESIAN_POINT('',(125.35,-71.2,0.));
#15833 = DIRECTION('',(-0.,0.,-1.));
#15834 = DIRECTION('',(-0.,-1.,0.));
#15835 = FACE_BOUND('',#15836,.F.);
#15836 = EDGE_LOOP('',(#15837));
#15837 = ORIENTED_EDGE('',*,*,#15838,.T.);
#15838 = EDGE_CURVE('',#15839,#15839,#15841,.T.);
#15839 = VERTEX_POINT('',#15840);
#15840 = CARTESIAN_POINT('',(141.25,-83.35,0.));
#15841 = CIRCLE('',#15842,1.35);
#15842 = AXIS2_PLACEMENT_3D('',#15843,#15844,#15845);
#15843 = CARTESIAN_POINT('',(141.25,-82.,0.));
#15844 = DIRECTION('',(-0.,0.,-1.));
#15845 = DIRECTION('',(-0.,-1.,0.));
#15846 = FACE_BOUND('',#15847,.F.);
#15847 = EDGE_LOOP('',(#15848,#15859,#15867,#15876));
#15848 = ORIENTED_EDGE('',*,*,#15849,.T.);
#15849 = EDGE_CURVE('',#15850,#15852,#15854,.T.);
#15850 = VERTEX_POINT('',#15851);
#15851 = CARTESIAN_POINT('',(144.7,-76.55,0.));
#15852 = VERTEX_POINT('',#15853);
#15853 = CARTESIAN_POINT('',(144.1,-76.55,0.));
#15854 = CIRCLE('',#15855,0.3);
#15855 = AXIS2_PLACEMENT_3D('',#15856,#15857,#15858);
#15856 = CARTESIAN_POINT('',(144.4,-76.55,0.));
#15857 = DIRECTION('',(-0.,0.,-1.));
#15858 = DIRECTION('',(-1.,-4.736951571734E-14,0.));
#15859 = ORIENTED_EDGE('',*,*,#15860,.T.);
#15860 = EDGE_CURVE('',#15852,#15861,#15863,.T.);
#15861 = VERTEX_POINT('',#15862);
#15862 = CARTESIAN_POINT('',(144.1,-75.45,0.));
#15863 = LINE('',#15864,#15865);
#15864 = CARTESIAN_POINT('',(144.1,-37.725,0.));
#15865 = VECTOR('',#15866,1.);
#15866 = DIRECTION('',(-0.,1.,0.));
#15867 = ORIENTED_EDGE('',*,*,#15868,.T.);
#15868 = EDGE_CURVE('',#15861,#15869,#15871,.T.);
#15869 = VERTEX_POINT('',#15870);
#15870 = CARTESIAN_POINT('',(144.7,-75.45,0.));
#15871 = CIRCLE('',#15872,0.3);
#15872 = AXIS2_PLACEMENT_3D('',#15873,#15874,#15875);
#15873 = CARTESIAN_POINT('',(144.4,-75.45,0.));
#15874 = DIRECTION('',(0.,-0.,-1.));
#15875 = DIRECTION('',(1.,4.736951571734E-14,-0.));
#15876 = ORIENTED_EDGE('',*,*,#15877,.T.);
#15877 = EDGE_CURVE('',#15869,#15850,#15878,.T.);
#15878 = LINE('',#15879,#15880);
#15879 = CARTESIAN_POINT('',(144.7,-38.275,0.));
#15880 = VECTOR('',#15881,1.);
#15881 = DIRECTION('',(0.,-1.,0.));
#15882 = FACE_BOUND('',#15883,.F.);
#15883 = EDGE_LOOP('',(#15884));
#15884 = ORIENTED_EDGE('',*,*,#15885,.T.);
#15885 = EDGE_CURVE('',#15886,#15886,#15888,.T.);
#15886 = VERTEX_POINT('',#15887);
#15887 = CARTESIAN_POINT('',(150.,-71.925,0.));
#15888 = CIRCLE('',#15889,0.475);
#15889 = AXIS2_PLACEMENT_3D('',#15890,#15891,#15892);
#15890 = CARTESIAN_POINT('',(150.,-71.45,0.));
#15891 = DIRECTION('',(-0.,0.,-1.));
#15892 = DIRECTION('',(-0.,-1.,0.));
#15893 = FACE_BOUND('',#15894,.F.);
#15894 = EDGE_LOOP('',(#15895));
#15895 = ORIENTED_EDGE('',*,*,#15896,.T.);
#15896 = EDGE_CURVE('',#15897,#15897,#15899,.T.);
#15897 = VERTEX_POINT('',#15898);
#15898 = CARTESIAN_POINT('',(152.5,-71.925,0.));
#15899 = CIRCLE('',#15900,0.475);
#15900 = AXIS2_PLACEMENT_3D('',#15901,#15902,#15903);
#15901 = CARTESIAN_POINT('',(152.5,-71.45,0.));
#15902 = DIRECTION('',(-0.,0.,-1.));
#15903 = DIRECTION('',(-0.,-1.,0.));
#15904 = FACE_BOUND('',#15905,.F.);
#15905 = EDGE_LOOP('',(#15906));
#15906 = ORIENTED_EDGE('',*,*,#15907,.T.);
#15907 = EDGE_CURVE('',#15908,#15908,#15910,.T.);
#15908 = VERTEX_POINT('',#15909);
#15909 = CARTESIAN_POINT('',(155.,-71.925,0.));
#15910 = CIRCLE('',#15911,0.475);
#15911 = AXIS2_PLACEMENT_3D('',#15912,#15913,#15914);
#15912 = CARTESIAN_POINT('',(155.,-71.45,0.));
#15913 = DIRECTION('',(-0.,0.,-1.));
#15914 = DIRECTION('',(-0.,-1.,0.));
#15915 = FACE_BOUND('',#15916,.F.);
#15916 = EDGE_LOOP('',(#15917));
#15917 = ORIENTED_EDGE('',*,*,#15918,.F.);
#15918 = EDGE_CURVE('',#15919,#15919,#15921,.T.);
#15919 = VERTEX_POINT('',#15920);
#15920 = CARTESIAN_POINT('',(164.686123,-69.395298,0.));
#15921 = CIRCLE('',#15922,1.5);
#15922 = AXIS2_PLACEMENT_3D('',#15923,#15924,#15925);
#15923 = CARTESIAN_POINT('',(163.186123,-69.395298,0.));
#15924 = DIRECTION('',(0.,0.,1.));
#15925 = DIRECTION('',(1.,0.,-0.));
#15926 = PLANE('',#15927);
#15927 = AXIS2_PLACEMENT_3D('',#15928,#15929,#15930);
#15928 = CARTESIAN_POINT('',(0.,0.,0.));
#15929 = DIRECTION('',(0.,0.,1.));
#15930 = DIRECTION('',(1.,0.,-0.));
#15931 = ADVANCED_FACE('',(#15932,#16012,#16023,#16034,#16045,#16056,
    #16067,#16078,#16089,#16100,#16136,#16147,#16158,#16169,#16180,
    #16191,#16202,#16238,#16249,#16260,#16271),#16282,.T.);
#15932 = FACE_BOUND('',#15933,.T.);
#15933 = EDGE_LOOP('',(#15934,#15935,#15936,#15945,#15953,#15962,#15970,
    #15979,#15987,#15996,#16004,#16011));
#15934 = ORIENTED_EDGE('',*,*,#15485,.F.);
#15935 = ORIENTED_EDGE('',*,*,#15527,.F.);
#15936 = ORIENTED_EDGE('',*,*,#15937,.F.);
#15937 = EDGE_CURVE('',#15938,#15520,#15940,.T.);
#15938 = VERTEX_POINT('',#15939);
#15939 = CARTESIAN_POINT('',(102.572876,-70.457476,1.6));
#15940 = CIRCLE('',#15941,10.000000089541);
#15941 = AXIS2_PLACEMENT_3D('',#15942,#15943,#15944);
#15942 = CARTESIAN_POINT('',(111.23313008954,-75.45747608954,1.6));
#15943 = DIRECTION('',(0.,0.,-1.));
#15944 = DIRECTION('',(-0.8660254012,0.500000004477,0.));
#15945 = ORIENTED_EDGE('',*,*,#15946,.F.);
#15946 = EDGE_CURVE('',#15947,#15938,#15949,.T.);
#15947 = VERTEX_POINT('',#15948);
#15948 = CARTESIAN_POINT('',(81.974789,-106.134407,1.6));
#15949 = LINE('',#15950,#15951);
#15950 = CARTESIAN_POINT('',(81.974789,-106.134407,1.6));
#15951 = VECTOR('',#15952,1.);
#15952 = DIRECTION('',(0.500000023363,0.866025390296,0.));
#15953 = ORIENTED_EDGE('',*,*,#15954,.F.);
#15954 = EDGE_CURVE('',#15955,#15947,#15957,.T.);
#15955 = VERTEX_POINT('',#15956);
#15956 = CARTESIAN_POINT('',(92.297153,-111.937005,1.6));
#15957 = CIRCLE('',#15958,5.921145093852);
#15958 = AXIS2_PLACEMENT_3D('',#15959,#15960,#15961);
#15959 = CARTESIAN_POINT('',(87.10265060428,-109.0949803549,1.6));
#15960 = DIRECTION('',(-0.,0.,-1.));
#15961 = DIRECTION('',(0.87728003847,-0.479978889226,-0.));
#15962 = ORIENTED_EDGE('',*,*,#15963,.F.);
#15963 = EDGE_CURVE('',#15964,#15955,#15966,.T.);
#15964 = VERTEX_POINT('',#15965);
#15965 = CARTESIAN_POINT('',(94.888836,-107.451204,1.6));
#15966 = LINE('',#15967,#15968);
#15967 = CARTESIAN_POINT('',(94.888836,-107.451204,1.6));
#15968 = VECTOR('',#15969,1.);
#15969 = DIRECTION('',(-0.500261225625,-0.86587453256,0.));
#15970 = ORIENTED_EDGE('',*,*,#15971,.F.);
#15971 = EDGE_CURVE('',#15972,#15964,#15974,.T.);
#15972 = VERTEX_POINT('',#15973);
#15973 = CARTESIAN_POINT('',(115.669825,-95.457476,1.6));
#15974 = CIRCLE('',#15975,23.999999630051);
#15975 = AXIS2_PLACEMENT_3D('',#15976,#15977,#15978);
#15976 = CARTESIAN_POINT('',(115.66982307443,-119.45747563,1.6));
#15977 = DIRECTION('',(0.,0.,1.));
#15978 = DIRECTION('',(8.023183900284E-08,1.,-0.));
#15979 = ORIENTED_EDGE('',*,*,#15980,.F.);
#15980 = EDGE_CURVE('',#15981,#15972,#15983,.T.);
#15981 = VERTEX_POINT('',#15982);
#15982 = CARTESIAN_POINT('',(155.249428,-95.457476,1.6));
#15983 = LINE('',#15984,#15985);
#15984 = CARTESIAN_POINT('',(155.249428,-95.457476,1.6));
#15985 = VECTOR('',#15986,1.);
#15986 = DIRECTION('',(-1.,0.,0.));
#15987 = ORIENTED_EDGE('',*,*,#15988,.F.);
#15988 = EDGE_CURVE('',#15989,#15981,#15991,.T.);
#15989 = VERTEX_POINT('',#15990);
#15990 = CARTESIAN_POINT('',(176.034037,-107.457474,1.6));
#15991 = CIRCLE('',#15992,23.999994170413);
#15992 = AXIS2_PLACEMENT_3D('',#15993,#15994,#15995);
#15993 = CARTESIAN_POINT('',(155.24943182958,-119.4574701704,1.6));
#15994 = DIRECTION('',(0.,0.,1.));
#15995 = DIRECTION('',(0.866025425791,0.499999961884,-0.));
#15996 = ORIENTED_EDGE('',*,*,#15997,.F.);
#15997 = EDGE_CURVE('',#15998,#15989,#16000,.T.);
#15998 = VERTEX_POINT('',#15999);
#15999 = CARTESIAN_POINT('',(178.696234,-112.068534,1.6));
#16000 = LINE('',#16001,#16002);
#16001 = CARTESIAN_POINT('',(178.696234,-112.068534,1.6));
#16002 = VECTOR('',#16003,1.);
#16003 = DIRECTION('',(-0.500000037716,0.866025382009,0.));
#16004 = ORIENTED_EDGE('',*,*,#16005,.F.);
#16005 = EDGE_CURVE('',#15550,#15998,#16006,.T.);
#16006 = CIRCLE('',#16007,5.921154413439);
#16007 = AXIS2_PLACEMENT_3D('',#16008,#16009,#16010);
#16008 = CARTESIAN_POINT('',(183.81658778651,-109.0949760824,1.6));
#16009 = DIRECTION('',(0.,0.,-1.));
#16010 = DIRECTION('',(0.866025415897,0.49999997902,0.));
#16011 = ORIENTED_EDGE('',*,*,#15549,.F.);
#16012 = FACE_BOUND('',#16013,.T.);
#16013 = EDGE_LOOP('',(#16014));
#16014 = ORIENTED_EDGE('',*,*,#16015,.F.);
#16015 = EDGE_CURVE('',#16016,#16016,#16018,.T.);
#16016 = VERTEX_POINT('',#16017);
#16017 = CARTESIAN_POINT('',(87.1,-111.6,1.6));
#16018 = CIRCLE('',#16019,1.5);
#16019 = AXIS2_PLACEMENT_3D('',#16020,#16021,#16022);
#16020 = CARTESIAN_POINT('',(85.6,-111.6,1.6));
#16021 = DIRECTION('',(0.,0.,1.));
#16022 = DIRECTION('',(1.,0.,-0.));
#16023 = FACE_BOUND('',#16024,.T.);
#16024 = EDGE_LOOP('',(#16025));
#16025 = ORIENTED_EDGE('',*,*,#16026,.T.);
#16026 = EDGE_CURVE('',#16027,#16027,#16029,.T.);
#16027 = VERTEX_POINT('',#16028);
#16028 = CARTESIAN_POINT('',(88.6,-109.025,1.6));
#16029 = CIRCLE('',#16030,0.455);
#16030 = AXIS2_PLACEMENT_3D('',#16031,#16032,#16033);
#16031 = CARTESIAN_POINT('',(88.6,-108.57,1.6));
#16032 = DIRECTION('',(-0.,0.,-1.));
#16033 = DIRECTION('',(-0.,-1.,0.));
#16034 = FACE_BOUND('',#16035,.T.);
#16035 = EDGE_LOOP('',(#16036));
#16036 = ORIENTED_EDGE('',*,*,#16037,.T.);
#16037 = EDGE_CURVE('',#16038,#16038,#16040,.T.);
#16038 = VERTEX_POINT('',#16039);
#16039 = CARTESIAN_POINT('',(88.6,-106.485,1.6));
#16040 = CIRCLE('',#16041,0.455);
#16041 = AXIS2_PLACEMENT_3D('',#16042,#16043,#16044);
#16042 = CARTESIAN_POINT('',(88.6,-106.03,1.6));
#16043 = DIRECTION('',(-0.,0.,-1.));
#16044 = DIRECTION('',(-0.,-1.,0.));
#16045 = FACE_BOUND('',#16046,.T.);
#16046 = EDGE_LOOP('',(#16047));
#16047 = ORIENTED_EDGE('',*,*,#16048,.F.);
#16048 = EDGE_CURVE('',#16049,#16049,#16051,.T.);
#16049 = VERTEX_POINT('',#16050);
#16050 = CARTESIAN_POINT('',(186.777174,-111.624766,1.6));
#16051 = CIRCLE('',#16052,1.5);
#16052 = AXIS2_PLACEMENT_3D('',#16053,#16054,#16055);
#16053 = CARTESIAN_POINT('',(185.277174,-111.624766,1.6));
#16054 = DIRECTION('',(0.,0.,1.));
#16055 = DIRECTION('',(1.,0.,-0.));
#16056 = FACE_BOUND('',#16057,.T.);
#16057 = EDGE_LOOP('',(#16058));
#16058 = ORIENTED_EDGE('',*,*,#16059,.T.);
#16059 = EDGE_CURVE('',#16060,#16060,#16062,.T.);
#16060 = VERTEX_POINT('',#16061);
#16061 = CARTESIAN_POINT('',(182.3,-109.02,1.6));
#16062 = CIRCLE('',#16063,0.45);
#16063 = AXIS2_PLACEMENT_3D('',#16064,#16065,#16066);
#16064 = CARTESIAN_POINT('',(182.3,-108.57,1.6));
#16065 = DIRECTION('',(-0.,0.,-1.));
#16066 = DIRECTION('',(-0.,-1.,0.));
#16067 = FACE_BOUND('',#16068,.T.);
#16068 = EDGE_LOOP('',(#16069));
#16069 = ORIENTED_EDGE('',*,*,#16070,.T.);
#16070 = EDGE_CURVE('',#16071,#16071,#16073,.T.);
#16071 = VERTEX_POINT('',#16072);
#16072 = CARTESIAN_POINT('',(182.3,-106.48,1.6));
#16073 = CIRCLE('',#16074,0.45);
#16074 = AXIS2_PLACEMENT_3D('',#16075,#16076,#16077);
#16075 = CARTESIAN_POINT('',(182.3,-106.03,1.6));
#16076 = DIRECTION('',(-0.,0.,-1.));
#16077 = DIRECTION('',(-0.,-1.,0.));
#16078 = FACE_BOUND('',#16079,.T.);
#16079 = EDGE_LOOP('',(#16080));
#16080 = ORIENTED_EDGE('',*,*,#16081,.T.);
#16081 = EDGE_CURVE('',#16082,#16082,#16084,.T.);
#16082 = VERTEX_POINT('',#16083);
#16083 = CARTESIAN_POINT('',(134.05,-83.35,1.6));
#16084 = CIRCLE('',#16085,1.35);
#16085 = AXIS2_PLACEMENT_3D('',#16086,#16087,#16088);
#16086 = CARTESIAN_POINT('',(134.05,-82.,1.6));
#16087 = DIRECTION('',(-0.,0.,-1.));
#16088 = DIRECTION('',(-0.,-1.,0.));
#16089 = FACE_BOUND('',#16090,.T.);
#16090 = EDGE_LOOP('',(#16091));
#16091 = ORIENTED_EDGE('',*,*,#16092,.F.);
#16092 = EDGE_CURVE('',#16093,#16093,#16095,.T.);
#16093 = VERTEX_POINT('',#16094);
#16094 = CARTESIAN_POINT('',(109.233129,-69.395298,1.6));
#16095 = CIRCLE('',#16096,1.5);
#16096 = AXIS2_PLACEMENT_3D('',#16097,#16098,#16099);
#16097 = CARTESIAN_POINT('',(107.733129,-69.395298,1.6));
#16098 = DIRECTION('',(0.,0.,1.));
#16099 = DIRECTION('',(1.,0.,-0.));
#16100 = FACE_BOUND('',#16101,.T.);
#16101 = EDGE_LOOP('',(#16102,#16113,#16121,#16130));
#16102 = ORIENTED_EDGE('',*,*,#16103,.T.);
#16103 = EDGE_CURVE('',#16104,#16106,#16108,.T.);
#16104 = VERTEX_POINT('',#16105);
#16105 = CARTESIAN_POINT('',(131.2,-76.55,1.6));
#16106 = VERTEX_POINT('',#16107);
#16107 = CARTESIAN_POINT('',(130.6,-76.55,1.6));
#16108 = CIRCLE('',#16109,0.3);
#16109 = AXIS2_PLACEMENT_3D('',#16110,#16111,#16112);
#16110 = CARTESIAN_POINT('',(130.9,-76.55,1.6));
#16111 = DIRECTION('',(-0.,0.,-1.));
#16112 = DIRECTION('',(-1.,-4.736951571734E-14,0.));
#16113 = ORIENTED_EDGE('',*,*,#16114,.T.);
#16114 = EDGE_CURVE('',#16106,#16115,#16117,.T.);
#16115 = VERTEX_POINT('',#16116);
#16116 = CARTESIAN_POINT('',(130.6,-75.45,1.6));
#16117 = LINE('',#16118,#16119);
#16118 = CARTESIAN_POINT('',(130.6,-37.725,1.6));
#16119 = VECTOR('',#16120,1.);
#16120 = DIRECTION('',(-0.,1.,0.));
#16121 = ORIENTED_EDGE('',*,*,#16122,.T.);
#16122 = EDGE_CURVE('',#16115,#16123,#16125,.T.);
#16123 = VERTEX_POINT('',#16124);
#16124 = CARTESIAN_POINT('',(131.2,-75.45,1.6));
#16125 = CIRCLE('',#16126,0.3);
#16126 = AXIS2_PLACEMENT_3D('',#16127,#16128,#16129);
#16127 = CARTESIAN_POINT('',(130.9,-75.45,1.6));
#16128 = DIRECTION('',(0.,-0.,-1.));
#16129 = DIRECTION('',(1.,4.736951571734E-14,-0.));
#16130 = ORIENTED_EDGE('',*,*,#16131,.T.);
#16131 = EDGE_CURVE('',#16123,#16104,#16132,.T.);
#16132 = LINE('',#16133,#16134);
#16133 = CARTESIAN_POINT('',(131.2,-38.275,1.6));
#16134 = VECTOR('',#16135,1.);
#16135 = DIRECTION('',(0.,-1.,0.));
#16136 = FACE_BOUND('',#16137,.T.);
#16137 = EDGE_LOOP('',(#16138));
#16138 = ORIENTED_EDGE('',*,*,#16139,.T.);
#16139 = EDGE_CURVE('',#16140,#16140,#16142,.T.);
#16140 = VERTEX_POINT('',#16141);
#16141 = CARTESIAN_POINT('',(115.35,-71.675,1.6));
#16142 = CIRCLE('',#16143,0.475);
#16143 = AXIS2_PLACEMENT_3D('',#16144,#16145,#16146);
#16144 = CARTESIAN_POINT('',(115.35,-71.2,1.6));
#16145 = DIRECTION('',(-0.,0.,-1.));
#16146 = DIRECTION('',(-0.,-1.,0.));
#16147 = FACE_BOUND('',#16148,.T.);
#16148 = EDGE_LOOP('',(#16149));
#16149 = ORIENTED_EDGE('',*,*,#16150,.T.);
#16150 = EDGE_CURVE('',#16151,#16151,#16153,.T.);
#16151 = VERTEX_POINT('',#16152);
#16152 = CARTESIAN_POINT('',(117.85,-71.675,1.6));
#16153 = CIRCLE('',#16154,0.475);
#16154 = AXIS2_PLACEMENT_3D('',#16155,#16156,#16157);
#16155 = CARTESIAN_POINT('',(117.85,-71.2,1.6));
#16156 = DIRECTION('',(-0.,0.,-1.));
#16157 = DIRECTION('',(-0.,-1.,0.));
#16158 = FACE_BOUND('',#16159,.T.);
#16159 = EDGE_LOOP('',(#16160));
#16160 = ORIENTED_EDGE('',*,*,#16161,.T.);
#16161 = EDGE_CURVE('',#16162,#16162,#16164,.T.);
#16162 = VERTEX_POINT('',#16163);
#16163 = CARTESIAN_POINT('',(120.35,-71.675,1.6));
#16164 = CIRCLE('',#16165,0.475);
#16165 = AXIS2_PLACEMENT_3D('',#16166,#16167,#16168);
#16166 = CARTESIAN_POINT('',(120.35,-71.2,1.6));
#16167 = DIRECTION('',(-0.,0.,-1.));
#16168 = DIRECTION('',(-0.,-1.,0.));
#16169 = FACE_BOUND('',#16170,.T.);
#16170 = EDGE_LOOP('',(#16171));
#16171 = ORIENTED_EDGE('',*,*,#16172,.T.);
#16172 = EDGE_CURVE('',#16173,#16173,#16175,.T.);
#16173 = VERTEX_POINT('',#16174);
#16174 = CARTESIAN_POINT('',(122.85,-71.675,1.6));
#16175 = CIRCLE('',#16176,0.475);
#16176 = AXIS2_PLACEMENT_3D('',#16177,#16178,#16179);
#16177 = CARTESIAN_POINT('',(122.85,-71.2,1.6));
#16178 = DIRECTION('',(-0.,0.,-1.));
#16179 = DIRECTION('',(-0.,-1.,0.));
#16180 = FACE_BOUND('',#16181,.T.);
#16181 = EDGE_LOOP('',(#16182));
#16182 = ORIENTED_EDGE('',*,*,#16183,.T.);
#16183 = EDGE_CURVE('',#16184,#16184,#16186,.T.);
#16184 = VERTEX_POINT('',#16185);
#16185 = CARTESIAN_POINT('',(125.35,-71.675,1.6));
#16186 = CIRCLE('',#16187,0.475);
#16187 = AXIS2_PLACEMENT_3D('',#16188,#16189,#16190);
#16188 = CARTESIAN_POINT('',(125.35,-71.2,1.6));
#16189 = DIRECTION('',(-0.,0.,-1.));
#16190 = DIRECTION('',(-0.,-1.,0.));
#16191 = FACE_BOUND('',#16192,.T.);
#16192 = EDGE_LOOP('',(#16193));
#16193 = ORIENTED_EDGE('',*,*,#16194,.T.);
#16194 = EDGE_CURVE('',#16195,#16195,#16197,.T.);
#16195 = VERTEX_POINT('',#16196);
#16196 = CARTESIAN_POINT('',(141.25,-83.35,1.6));
#16197 = CIRCLE('',#16198,1.35);
#16198 = AXIS2_PLACEMENT_3D('',#16199,#16200,#16201);
#16199 = CARTESIAN_POINT('',(141.25,-82.,1.6));
#16200 = DIRECTION('',(-0.,0.,-1.));
#16201 = DIRECTION('',(-0.,-1.,0.));
#16202 = FACE_BOUND('',#16203,.T.);
#16203 = EDGE_LOOP('',(#16204,#16215,#16223,#16232));
#16204 = ORIENTED_EDGE('',*,*,#16205,.T.);
#16205 = EDGE_CURVE('',#16206,#16208,#16210,.T.);
#16206 = VERTEX_POINT('',#16207);
#16207 = CARTESIAN_POINT('',(144.7,-76.55,1.6));
#16208 = VERTEX_POINT('',#16209);
#16209 = CARTESIAN_POINT('',(144.1,-76.55,1.6));
#16210 = CIRCLE('',#16211,0.3);
#16211 = AXIS2_PLACEMENT_3D('',#16212,#16213,#16214);
#16212 = CARTESIAN_POINT('',(144.4,-76.55,1.6));
#16213 = DIRECTION('',(-0.,0.,-1.));
#16214 = DIRECTION('',(-1.,-4.736951571734E-14,0.));
#16215 = ORIENTED_EDGE('',*,*,#16216,.T.);
#16216 = EDGE_CURVE('',#16208,#16217,#16219,.T.);
#16217 = VERTEX_POINT('',#16218);
#16218 = CARTESIAN_POINT('',(144.1,-75.45,1.6));
#16219 = LINE('',#16220,#16221);
#16220 = CARTESIAN_POINT('',(144.1,-37.725,1.6));
#16221 = VECTOR('',#16222,1.);
#16222 = DIRECTION('',(-0.,1.,0.));
#16223 = ORIENTED_EDGE('',*,*,#16224,.T.);
#16224 = EDGE_CURVE('',#16217,#16225,#16227,.T.);
#16225 = VERTEX_POINT('',#16226);
#16226 = CARTESIAN_POINT('',(144.7,-75.45,1.6));
#16227 = CIRCLE('',#16228,0.3);
#16228 = AXIS2_PLACEMENT_3D('',#16229,#16230,#16231);
#16229 = CARTESIAN_POINT('',(144.4,-75.45,1.6));
#16230 = DIRECTION('',(0.,-0.,-1.));
#16231 = DIRECTION('',(1.,4.736951571734E-14,-0.));
#16232 = ORIENTED_EDGE('',*,*,#16233,.T.);
#16233 = EDGE_CURVE('',#16225,#16206,#16234,.T.);
#16234 = LINE('',#16235,#16236);
#16235 = CARTESIAN_POINT('',(144.7,-38.275,1.6));
#16236 = VECTOR('',#16237,1.);
#16237 = DIRECTION('',(0.,-1.,0.));
#16238 = FACE_BOUND('',#16239,.T.);
#16239 = EDGE_LOOP('',(#16240));
#16240 = ORIENTED_EDGE('',*,*,#16241,.T.);
#16241 = EDGE_CURVE('',#16242,#16242,#16244,.T.);
#16242 = VERTEX_POINT('',#16243);
#16243 = CARTESIAN_POINT('',(150.,-71.925,1.6));
#16244 = CIRCLE('',#16245,0.475);
#16245 = AXIS2_PLACEMENT_3D('',#16246,#16247,#16248);
#16246 = CARTESIAN_POINT('',(150.,-71.45,1.6));
#16247 = DIRECTION('',(-0.,0.,-1.));
#16248 = DIRECTION('',(-0.,-1.,0.));
#16249 = FACE_BOUND('',#16250,.T.);
#16250 = EDGE_LOOP('',(#16251));
#16251 = ORIENTED_EDGE('',*,*,#16252,.T.);
#16252 = EDGE_CURVE('',#16253,#16253,#16255,.T.);
#16253 = VERTEX_POINT('',#16254);
#16254 = CARTESIAN_POINT('',(152.5,-71.925,1.6));
#16255 = CIRCLE('',#16256,0.475);
#16256 = AXIS2_PLACEMENT_3D('',#16257,#16258,#16259);
#16257 = CARTESIAN_POINT('',(152.5,-71.45,1.6));
#16258 = DIRECTION('',(-0.,0.,-1.));
#16259 = DIRECTION('',(-0.,-1.,0.));
#16260 = FACE_BOUND('',#16261,.T.);
#16261 = EDGE_LOOP('',(#16262));
#16262 = ORIENTED_EDGE('',*,*,#16263,.T.);
#16263 = EDGE_CURVE('',#16264,#16264,#16266,.T.);
#16264 = VERTEX_POINT('',#16265);
#16265 = CARTESIAN_POINT('',(155.,-71.925,1.6));
#16266 = CIRCLE('',#16267,0.475);
#16267 = AXIS2_PLACEMENT_3D('',#16268,#16269,#16270);
#16268 = CARTESIAN_POINT('',(155.,-71.45,1.6));
#16269 = DIRECTION('',(-0.,0.,-1.));
#16270 = DIRECTION('',(-0.,-1.,0.));
#16271 = FACE_BOUND('',#16272,.T.);
#16272 = EDGE_LOOP('',(#16273));
#16273 = ORIENTED_EDGE('',*,*,#16274,.F.);
#16274 = EDGE_CURVE('',#16275,#16275,#16277,.T.);
#16275 = VERTEX_POINT('',#16276);
#16276 = CARTESIAN_POINT('',(164.686123,-69.395298,1.6));
#16277 = CIRCLE('',#16278,1.5);
#16278 = AXIS2_PLACEMENT_3D('',#16279,#16280,#16281);
#16279 = CARTESIAN_POINT('',(163.186123,-69.395298,1.6));
#16280 = DIRECTION('',(0.,0.,1.));
#16281 = DIRECTION('',(1.,0.,-0.));
#16282 = PLANE('',#16283);
#16283 = AXIS2_PLACEMENT_3D('',#16284,#16285,#16286);
#16284 = CARTESIAN_POINT('',(0.,0.,1.6));
#16285 = DIRECTION('',(0.,0.,1.));
#16286 = DIRECTION('',(1.,0.,-0.));
#16287 = ADVANCED_FACE('',(#16288),#16299,.T.);
#16288 = FACE_BOUND('',#16289,.T.);
#16289 = EDGE_LOOP('',(#16290,#16296,#16297,#16298));
#16290 = ORIENTED_EDGE('',*,*,#16291,.T.);
#16291 = EDGE_CURVE('',#15582,#15938,#16292,.T.);
#16292 = LINE('',#16293,#16294);
#16293 = CARTESIAN_POINT('',(102.572876,-70.457476,0.));
#16294 = VECTOR('',#16295,1.);
#16295 = DIRECTION('',(0.,0.,1.));
#16296 = ORIENTED_EDGE('',*,*,#15937,.T.);
#16297 = ORIENTED_EDGE('',*,*,#15517,.F.);
#16298 = ORIENTED_EDGE('',*,*,#15581,.F.);
#16299 = CYLINDRICAL_SURFACE('',#16300,10.000000089541);
#16300 = AXIS2_PLACEMENT_3D('',#16301,#16302,#16303);
#16301 = CARTESIAN_POINT('',(111.23313008954,-75.45747608954,0.));
#16302 = DIRECTION('',(0.,0.,-1.));
#16303 = DIRECTION('',(-0.8660254012,0.500000004477,0.));
#16304 = ADVANCED_FACE('',(#16305),#16316,.T.);
#16305 = FACE_BOUND('',#16306,.T.);
#16306 = EDGE_LOOP('',(#16307,#16308,#16309,#16315));
#16307 = ORIENTED_EDGE('',*,*,#15557,.T.);
#16308 = ORIENTED_EDGE('',*,*,#16005,.T.);
#16309 = ORIENTED_EDGE('',*,*,#16310,.F.);
#16310 = EDGE_CURVE('',#15642,#15998,#16311,.T.);
#16311 = LINE('',#16312,#16313);
#16312 = CARTESIAN_POINT('',(178.696234,-112.068534,0.));
#16313 = VECTOR('',#16314,1.);
#16314 = DIRECTION('',(0.,0.,1.));
#16315 = ORIENTED_EDGE('',*,*,#15649,.F.);
#16316 = CYLINDRICAL_SURFACE('',#16317,5.921154413439);
#16317 = AXIS2_PLACEMENT_3D('',#16318,#16319,#16320);
#16318 = CARTESIAN_POINT('',(183.81658778651,-109.0949760824,0.));
#16319 = DIRECTION('',(0.,0.,-1.));
#16320 = DIRECTION('',(0.866025415897,0.49999997902,0.));
#16321 = ADVANCED_FACE('',(#16322),#16333,.T.);
#16322 = FACE_BOUND('',#16323,.T.);
#16323 = EDGE_LOOP('',(#16324,#16330,#16331,#16332));
#16324 = ORIENTED_EDGE('',*,*,#16325,.T.);
#16325 = EDGE_CURVE('',#15591,#15947,#16326,.T.);
#16326 = LINE('',#16327,#16328);
#16327 = CARTESIAN_POINT('',(81.974789,-106.134407,0.));
#16328 = VECTOR('',#16329,1.);
#16329 = DIRECTION('',(0.,0.,1.));
#16330 = ORIENTED_EDGE('',*,*,#15946,.T.);
#16331 = ORIENTED_EDGE('',*,*,#16291,.F.);
#16332 = ORIENTED_EDGE('',*,*,#15590,.F.);
#16333 = PLANE('',#16334);
#16334 = AXIS2_PLACEMENT_3D('',#16335,#16336,#16337);
#16335 = CARTESIAN_POINT('',(81.974789,-106.134407,0.));
#16336 = DIRECTION('',(-0.866025390296,0.500000023363,0.));
#16337 = DIRECTION('',(0.500000023363,0.866025390296,0.));
#16338 = ADVANCED_FACE('',(#16339),#16350,.T.);
#16339 = FACE_BOUND('',#16340,.T.);
#16340 = EDGE_LOOP('',(#16341,#16342,#16343,#16349));
#16341 = ORIENTED_EDGE('',*,*,#16310,.T.);
#16342 = ORIENTED_EDGE('',*,*,#15997,.T.);
#16343 = ORIENTED_EDGE('',*,*,#16344,.F.);
#16344 = EDGE_CURVE('',#15633,#15989,#16345,.T.);
#16345 = LINE('',#16346,#16347);
#16346 = CARTESIAN_POINT('',(176.034037,-107.457474,0.));
#16347 = VECTOR('',#16348,1.);
#16348 = DIRECTION('',(0.,0.,1.));
#16349 = ORIENTED_EDGE('',*,*,#15641,.F.);
#16350 = PLANE('',#16351);
#16351 = AXIS2_PLACEMENT_3D('',#16352,#16353,#16354);
#16352 = CARTESIAN_POINT('',(178.696234,-112.068534,0.));
#16353 = DIRECTION('',(-0.866025382009,-0.500000037716,0.));
#16354 = DIRECTION('',(-0.500000037716,0.866025382009,0.));
#16355 = ADVANCED_FACE('',(#16356),#16367,.T.);
#16356 = FACE_BOUND('',#16357,.T.);
#16357 = EDGE_LOOP('',(#16358,#16364,#16365,#16366));
#16358 = ORIENTED_EDGE('',*,*,#16359,.T.);
#16359 = EDGE_CURVE('',#15599,#15955,#16360,.T.);
#16360 = LINE('',#16361,#16362);
#16361 = CARTESIAN_POINT('',(92.297153,-111.937005,0.));
#16362 = VECTOR('',#16363,1.);
#16363 = DIRECTION('',(0.,0.,1.));
#16364 = ORIENTED_EDGE('',*,*,#15954,.T.);
#16365 = ORIENTED_EDGE('',*,*,#16325,.F.);
#16366 = ORIENTED_EDGE('',*,*,#15598,.F.);
#16367 = CYLINDRICAL_SURFACE('',#16368,5.921145093852);
#16368 = AXIS2_PLACEMENT_3D('',#16369,#16370,#16371);
#16369 = CARTESIAN_POINT('',(87.10265060428,-109.0949803549,0.));
#16370 = DIRECTION('',(-0.,0.,-1.));
#16371 = DIRECTION('',(0.87728003847,-0.479978889226,-0.));
#16372 = ADVANCED_FACE('',(#16373),#16384,.F.);
#16373 = FACE_BOUND('',#16374,.T.);
#16374 = EDGE_LOOP('',(#16375,#16376,#16377,#16383));
#16375 = ORIENTED_EDGE('',*,*,#16344,.T.);
#16376 = ORIENTED_EDGE('',*,*,#15988,.T.);
#16377 = ORIENTED_EDGE('',*,*,#16378,.F.);
#16378 = EDGE_CURVE('',#15625,#15981,#16379,.T.);
#16379 = LINE('',#16380,#16381);
#16380 = CARTESIAN_POINT('',(155.249428,-95.457476,0.));
#16381 = VECTOR('',#16382,1.);
#16382 = DIRECTION('',(0.,0.,1.));
#16383 = ORIENTED_EDGE('',*,*,#15632,.F.);
#16384 = CYLINDRICAL_SURFACE('',#16385,23.999994170413);
#16385 = AXIS2_PLACEMENT_3D('',#16386,#16387,#16388);
#16386 = CARTESIAN_POINT('',(155.24943182958,-119.4574701704,0.));
#16387 = DIRECTION('',(-0.,-0.,-1.));
#16388 = DIRECTION('',(0.866025425791,0.499999961884,-0.));
#16389 = ADVANCED_FACE('',(#16390),#16401,.T.);
#16390 = FACE_BOUND('',#16391,.T.);
#16391 = EDGE_LOOP('',(#16392,#16398,#16399,#16400));
#16392 = ORIENTED_EDGE('',*,*,#16393,.T.);
#16393 = EDGE_CURVE('',#15608,#15964,#16394,.T.);
#16394 = LINE('',#16395,#16396);
#16395 = CARTESIAN_POINT('',(94.888836,-107.451204,0.));
#16396 = VECTOR('',#16397,1.);
#16397 = DIRECTION('',(0.,0.,1.));
#16398 = ORIENTED_EDGE('',*,*,#15963,.T.);
#16399 = ORIENTED_EDGE('',*,*,#16359,.F.);
#16400 = ORIENTED_EDGE('',*,*,#15607,.F.);
#16401 = PLANE('',#16402);
#16402 = AXIS2_PLACEMENT_3D('',#16403,#16404,#16405);
#16403 = CARTESIAN_POINT('',(94.888836,-107.451204,0.));
#16404 = DIRECTION('',(0.86587453256,-0.500261225625,0.));
#16405 = DIRECTION('',(-0.500261225625,-0.86587453256,0.));
#16406 = ADVANCED_FACE('',(#16407),#16418,.T.);
#16407 = FACE_BOUND('',#16408,.T.);
#16408 = EDGE_LOOP('',(#16409,#16410,#16411,#16417));
#16409 = ORIENTED_EDGE('',*,*,#16378,.T.);
#16410 = ORIENTED_EDGE('',*,*,#15980,.T.);
#16411 = ORIENTED_EDGE('',*,*,#16412,.F.);
#16412 = EDGE_CURVE('',#15616,#15972,#16413,.T.);
#16413 = LINE('',#16414,#16415);
#16414 = CARTESIAN_POINT('',(115.669825,-95.457476,0.));
#16415 = VECTOR('',#16416,1.);
#16416 = DIRECTION('',(0.,0.,1.));
#16417 = ORIENTED_EDGE('',*,*,#15624,.F.);
#16418 = PLANE('',#16419);
#16419 = AXIS2_PLACEMENT_3D('',#16420,#16421,#16422);
#16420 = CARTESIAN_POINT('',(155.249428,-95.457476,0.));
#16421 = DIRECTION('',(0.,-1.,0.));
#16422 = DIRECTION('',(-1.,0.,0.));
#16423 = ADVANCED_FACE('',(#16424),#16430,.F.);
#16424 = FACE_BOUND('',#16425,.T.);
#16425 = EDGE_LOOP('',(#16426,#16427,#16428,#16429));
#16426 = ORIENTED_EDGE('',*,*,#16412,.T.);
#16427 = ORIENTED_EDGE('',*,*,#15971,.T.);
#16428 = ORIENTED_EDGE('',*,*,#16393,.F.);
#16429 = ORIENTED_EDGE('',*,*,#15615,.F.);
#16430 = CYLINDRICAL_SURFACE('',#16431,23.999999630051);
#16431 = AXIS2_PLACEMENT_3D('',#16432,#16433,#16434);
#16432 = CARTESIAN_POINT('',(115.66982307443,-119.45747563,0.));
#16433 = DIRECTION('',(-0.,-0.,-1.));
#16434 = DIRECTION('',(8.023183900284E-08,1.,-0.));
#16435 = ADVANCED_FACE('',(#16436),#16447,.F.);
#16436 = FACE_BOUND('',#16437,.T.);
#16437 = EDGE_LOOP('',(#16438,#16444,#16445,#16446));
#16438 = ORIENTED_EDGE('',*,*,#16439,.T.);
#16439 = EDGE_CURVE('',#15660,#16016,#16440,.T.);
#16440 = LINE('',#16441,#16442);
#16441 = CARTESIAN_POINT('',(87.1,-111.6,0.));
#16442 = VECTOR('',#16443,1.);
#16443 = DIRECTION('',(0.,0.,1.));
#16444 = ORIENTED_EDGE('',*,*,#16015,.T.);
#16445 = ORIENTED_EDGE('',*,*,#16439,.F.);
#16446 = ORIENTED_EDGE('',*,*,#15659,.F.);
#16447 = CYLINDRICAL_SURFACE('',#16448,1.5);
#16448 = AXIS2_PLACEMENT_3D('',#16449,#16450,#16451);
#16449 = CARTESIAN_POINT('',(85.6,-111.6,0.));
#16450 = DIRECTION('',(-0.,-0.,-1.));
#16451 = DIRECTION('',(1.,0.,-0.));
#16452 = ADVANCED_FACE('',(#16453),#16464,.F.);
#16453 = FACE_BOUND('',#16454,.T.);
#16454 = EDGE_LOOP('',(#16455,#16456,#16462,#16463));
#16455 = ORIENTED_EDGE('',*,*,#15670,.T.);
#16456 = ORIENTED_EDGE('',*,*,#16457,.T.);
#16457 = EDGE_CURVE('',#15671,#16027,#16458,.T.);
#16458 = LINE('',#16459,#16460);
#16459 = CARTESIAN_POINT('',(88.6,-109.025,-4.5E-02));
#16460 = VECTOR('',#16461,1.);
#16461 = DIRECTION('',(0.,0.,1.));
#16462 = ORIENTED_EDGE('',*,*,#16026,.F.);
#16463 = ORIENTED_EDGE('',*,*,#16457,.F.);
#16464 = CYLINDRICAL_SURFACE('',#16465,0.455);
#16465 = AXIS2_PLACEMENT_3D('',#16466,#16467,#16468);
#16466 = CARTESIAN_POINT('',(88.6,-108.57,-4.5E-02));
#16467 = DIRECTION('',(-0.,-0.,-1.));
#16468 = DIRECTION('',(-0.,-1.,0.));
#16469 = ADVANCED_FACE('',(#16470),#16481,.F.);
#16470 = FACE_BOUND('',#16471,.T.);
#16471 = EDGE_LOOP('',(#16472,#16473,#16479,#16480));
#16472 = ORIENTED_EDGE('',*,*,#15681,.T.);
#16473 = ORIENTED_EDGE('',*,*,#16474,.T.);
#16474 = EDGE_CURVE('',#15682,#16038,#16475,.T.);
#16475 = LINE('',#16476,#16477);
#16476 = CARTESIAN_POINT('',(88.6,-106.485,-4.5E-02));
#16477 = VECTOR('',#16478,1.);
#16478 = DIRECTION('',(0.,0.,1.));
#16479 = ORIENTED_EDGE('',*,*,#16037,.F.);
#16480 = ORIENTED_EDGE('',*,*,#16474,.F.);
#16481 = CYLINDRICAL_SURFACE('',#16482,0.455);
#16482 = AXIS2_PLACEMENT_3D('',#16483,#16484,#16485);
#16483 = CARTESIAN_POINT('',(88.6,-106.03,-4.5E-02));
#16484 = DIRECTION('',(-0.,-0.,-1.));
#16485 = DIRECTION('',(-0.,-1.,0.));
#16486 = ADVANCED_FACE('',(#16487),#16498,.F.);
#16487 = FACE_BOUND('',#16488,.T.);
#16488 = EDGE_LOOP('',(#16489,#16495,#16496,#16497));
#16489 = ORIENTED_EDGE('',*,*,#16490,.T.);
#16490 = EDGE_CURVE('',#15693,#16049,#16491,.T.);
#16491 = LINE('',#16492,#16493);
#16492 = CARTESIAN_POINT('',(186.777174,-111.624766,0.));
#16493 = VECTOR('',#16494,1.);
#16494 = DIRECTION('',(0.,0.,1.));
#16495 = ORIENTED_EDGE('',*,*,#16048,.T.);
#16496 = ORIENTED_EDGE('',*,*,#16490,.F.);
#16497 = ORIENTED_EDGE('',*,*,#15692,.F.);
#16498 = CYLINDRICAL_SURFACE('',#16499,1.5);
#16499 = AXIS2_PLACEMENT_3D('',#16500,#16501,#16502);
#16500 = CARTESIAN_POINT('',(185.277174,-111.624766,0.));
#16501 = DIRECTION('',(-0.,-0.,-1.));
#16502 = DIRECTION('',(1.,0.,-0.));
#16503 = ADVANCED_FACE('',(#16504),#16515,.F.);
#16504 = FACE_BOUND('',#16505,.T.);
#16505 = EDGE_LOOP('',(#16506,#16507,#16513,#16514));
#16506 = ORIENTED_EDGE('',*,*,#15703,.T.);
#16507 = ORIENTED_EDGE('',*,*,#16508,.T.);
#16508 = EDGE_CURVE('',#15704,#16060,#16509,.T.);
#16509 = LINE('',#16510,#16511);
#16510 = CARTESIAN_POINT('',(182.3,-109.02,-4.5E-02));
#16511 = VECTOR('',#16512,1.);
#16512 = DIRECTION('',(0.,0.,1.));
#16513 = ORIENTED_EDGE('',*,*,#16059,.F.);
#16514 = ORIENTED_EDGE('',*,*,#16508,.F.);
#16515 = CYLINDRICAL_SURFACE('',#16516,0.45);
#16516 = AXIS2_PLACEMENT_3D('',#16517,#16518,#16519);
#16517 = CARTESIAN_POINT('',(182.3,-108.57,-4.5E-02));
#16518 = DIRECTION('',(-0.,-0.,-1.));
#16519 = DIRECTION('',(-0.,-1.,0.));
#16520 = ADVANCED_FACE('',(#16521),#16532,.F.);
#16521 = FACE_BOUND('',#16522,.T.);
#16522 = EDGE_LOOP('',(#16523,#16524,#16530,#16531));
#16523 = ORIENTED_EDGE('',*,*,#15714,.T.);
#16524 = ORIENTED_EDGE('',*,*,#16525,.T.);
#16525 = EDGE_CURVE('',#15715,#16071,#16526,.T.);
#16526 = LINE('',#16527,#16528);
#16527 = CARTESIAN_POINT('',(182.3,-106.48,-4.5E-02));
#16528 = VECTOR('',#16529,1.);
#16529 = DIRECTION('',(0.,0.,1.));
#16530 = ORIENTED_EDGE('',*,*,#16070,.F.);
#16531 = ORIENTED_EDGE('',*,*,#16525,.F.);
#16532 = CYLINDRICAL_SURFACE('',#16533,0.45);
#16533 = AXIS2_PLACEMENT_3D('',#16534,#16535,#16536);
#16534 = CARTESIAN_POINT('',(182.3,-106.03,-4.5E-02));
#16535 = DIRECTION('',(-0.,-0.,-1.));
#16536 = DIRECTION('',(-0.,-1.,0.));
#16537 = ADVANCED_FACE('',(#16538),#16549,.F.);
#16538 = FACE_BOUND('',#16539,.T.);
#16539 = EDGE_LOOP('',(#16540,#16541,#16547,#16548));
#16540 = ORIENTED_EDGE('',*,*,#15725,.T.);
#16541 = ORIENTED_EDGE('',*,*,#16542,.T.);
#16542 = EDGE_CURVE('',#15726,#16082,#16543,.T.);
#16543 = LINE('',#16544,#16545);
#16544 = CARTESIAN_POINT('',(134.05,-83.35,-4.5E-02));
#16545 = VECTOR('',#16546,1.);
#16546 = DIRECTION('',(0.,0.,1.));
#16547 = ORIENTED_EDGE('',*,*,#16081,.F.);
#16548 = ORIENTED_EDGE('',*,*,#16542,.F.);
#16549 = CYLINDRICAL_SURFACE('',#16550,1.35);
#16550 = AXIS2_PLACEMENT_3D('',#16551,#16552,#16553);
#16551 = CARTESIAN_POINT('',(134.05,-82.,-4.5E-02));
#16552 = DIRECTION('',(-0.,-0.,-1.));
#16553 = DIRECTION('',(-0.,-1.,0.));
#16554 = ADVANCED_FACE('',(#16555),#16566,.F.);
#16555 = FACE_BOUND('',#16556,.T.);
#16556 = EDGE_LOOP('',(#16557,#16563,#16564,#16565));
#16557 = ORIENTED_EDGE('',*,*,#16558,.T.);
#16558 = EDGE_CURVE('',#15737,#16093,#16559,.T.);
#16559 = LINE('',#16560,#16561);
#16560 = CARTESIAN_POINT('',(109.233129,-69.395298,0.));
#16561 = VECTOR('',#16562,1.);
#16562 = DIRECTION('',(0.,0.,1.));
#16563 = ORIENTED_EDGE('',*,*,#16092,.T.);
#16564 = ORIENTED_EDGE('',*,*,#16558,.F.);
#16565 = ORIENTED_EDGE('',*,*,#15736,.F.);
#16566 = CYLINDRICAL_SURFACE('',#16567,1.5);
#16567 = AXIS2_PLACEMENT_3D('',#16568,#16569,#16570);
#16568 = CARTESIAN_POINT('',(107.733129,-69.395298,0.));
#16569 = DIRECTION('',(-0.,-0.,-1.));
#16570 = DIRECTION('',(1.,0.,-0.));
#16571 = ADVANCED_FACE('',(#16572),#16588,.F.);
#16572 = FACE_BOUND('',#16573,.T.);
#16573 = EDGE_LOOP('',(#16574,#16575,#16581,#16582));
#16574 = ORIENTED_EDGE('',*,*,#15747,.T.);
#16575 = ORIENTED_EDGE('',*,*,#16576,.T.);
#16576 = EDGE_CURVE('',#15750,#16106,#16577,.T.);
#16577 = LINE('',#16578,#16579);
#16578 = CARTESIAN_POINT('',(130.6,-76.55,-4.5E-02));
#16579 = VECTOR('',#16580,1.);
#16580 = DIRECTION('',(0.,0.,1.));
#16581 = ORIENTED_EDGE('',*,*,#16103,.F.);
#16582 = ORIENTED_EDGE('',*,*,#16583,.F.);
#16583 = EDGE_CURVE('',#15748,#16104,#16584,.T.);
#16584 = LINE('',#16585,#16586);
#16585 = CARTESIAN_POINT('',(131.2,-76.55,-4.5E-02));
#16586 = VECTOR('',#16587,1.);
#16587 = DIRECTION('',(0.,0.,1.));
#16588 = CYLINDRICAL_SURFACE('',#16589,0.3);
#16589 = AXIS2_PLACEMENT_3D('',#16590,#16591,#16592);
#16590 = CARTESIAN_POINT('',(130.9,-76.55,-4.5E-02));
#16591 = DIRECTION('',(-0.,-0.,-1.));
#16592 = DIRECTION('',(-1.,-4.736951571734E-14,0.));
#16593 = ADVANCED_FACE('',(#16594),#16605,.T.);
#16594 = FACE_BOUND('',#16595,.T.);
#16595 = EDGE_LOOP('',(#16596,#16597,#16598,#16599));
#16596 = ORIENTED_EDGE('',*,*,#15775,.T.);
#16597 = ORIENTED_EDGE('',*,*,#16583,.T.);
#16598 = ORIENTED_EDGE('',*,*,#16131,.F.);
#16599 = ORIENTED_EDGE('',*,*,#16600,.F.);
#16600 = EDGE_CURVE('',#15767,#16123,#16601,.T.);
#16601 = LINE('',#16602,#16603);
#16602 = CARTESIAN_POINT('',(131.2,-75.45,-4.5E-02));
#16603 = VECTOR('',#16604,1.);
#16604 = DIRECTION('',(0.,0.,1.));
#16605 = PLANE('',#16606);
#16606 = AXIS2_PLACEMENT_3D('',#16607,#16608,#16609);
#16607 = CARTESIAN_POINT('',(131.2,-76.55,-4.5E-02));
#16608 = DIRECTION('',(-1.,0.,0.));
#16609 = DIRECTION('',(0.,1.,0.));
#16610 = ADVANCED_FACE('',(#16611),#16622,.F.);
#16611 = FACE_BOUND('',#16612,.T.);
#16612 = EDGE_LOOP('',(#16613,#16614,#16615,#16616));
#16613 = ORIENTED_EDGE('',*,*,#15766,.T.);
#16614 = ORIENTED_EDGE('',*,*,#16600,.T.);
#16615 = ORIENTED_EDGE('',*,*,#16122,.F.);
#16616 = ORIENTED_EDGE('',*,*,#16617,.F.);
#16617 = EDGE_CURVE('',#15759,#16115,#16618,.T.);
#16618 = LINE('',#16619,#16620);
#16619 = CARTESIAN_POINT('',(130.6,-75.45,-4.5E-02));
#16620 = VECTOR('',#16621,1.);
#16621 = DIRECTION('',(0.,0.,1.));
#16622 = CYLINDRICAL_SURFACE('',#16623,0.3);
#16623 = AXIS2_PLACEMENT_3D('',#16624,#16625,#16626);
#16624 = CARTESIAN_POINT('',(130.9,-75.45,-4.5E-02));
#16625 = DIRECTION('',(-0.,-0.,-1.));
#16626 = DIRECTION('',(1.,4.736951571734E-14,-0.));
#16627 = ADVANCED_FACE('',(#16628),#16634,.T.);
#16628 = FACE_BOUND('',#16629,.T.);
#16629 = EDGE_LOOP('',(#16630,#16631,#16632,#16633));
#16630 = ORIENTED_EDGE('',*,*,#15758,.T.);
#16631 = ORIENTED_EDGE('',*,*,#16617,.T.);
#16632 = ORIENTED_EDGE('',*,*,#16114,.F.);
#16633 = ORIENTED_EDGE('',*,*,#16576,.F.);
#16634 = PLANE('',#16635);
#16635 = AXIS2_PLACEMENT_3D('',#16636,#16637,#16638);
#16636 = CARTESIAN_POINT('',(130.6,-75.45,-4.5E-02));
#16637 = DIRECTION('',(1.,0.,-0.));
#16638 = DIRECTION('',(0.,-1.,0.));
#16639 = ADVANCED_FACE('',(#16640),#16651,.F.);
#16640 = FACE_BOUND('',#16641,.T.);
#16641 = EDGE_LOOP('',(#16642,#16643,#16649,#16650));
#16642 = ORIENTED_EDGE('',*,*,#15783,.T.);
#16643 = ORIENTED_EDGE('',*,*,#16644,.T.);
#16644 = EDGE_CURVE('',#15784,#16140,#16645,.T.);
#16645 = LINE('',#16646,#16647);
#16646 = CARTESIAN_POINT('',(115.35,-71.675,-4.5E-02));
#16647 = VECTOR('',#16648,1.);
#16648 = DIRECTION('',(0.,0.,1.));
#16649 = ORIENTED_EDGE('',*,*,#16139,.F.);
#16650 = ORIENTED_EDGE('',*,*,#16644,.F.);
#16651 = CYLINDRICAL_SURFACE('',#16652,0.475);
#16652 = AXIS2_PLACEMENT_3D('',#16653,#16654,#16655);
#16653 = CARTESIAN_POINT('',(115.35,-71.2,-4.5E-02));
#16654 = DIRECTION('',(-0.,-0.,-1.));
#16655 = DIRECTION('',(-0.,-1.,0.));
#16656 = ADVANCED_FACE('',(#16657),#16668,.F.);
#16657 = FACE_BOUND('',#16658,.T.);
#16658 = EDGE_LOOP('',(#16659,#16660,#16666,#16667));
#16659 = ORIENTED_EDGE('',*,*,#15794,.T.);
#16660 = ORIENTED_EDGE('',*,*,#16661,.T.);
#16661 = EDGE_CURVE('',#15795,#16151,#16662,.T.);
#16662 = LINE('',#16663,#16664);
#16663 = CARTESIAN_POINT('',(117.85,-71.675,-4.5E-02));
#16664 = VECTOR('',#16665,1.);
#16665 = DIRECTION('',(0.,0.,1.));
#16666 = ORIENTED_EDGE('',*,*,#16150,.F.);
#16667 = ORIENTED_EDGE('',*,*,#16661,.F.);
#16668 = CYLINDRICAL_SURFACE('',#16669,0.475);
#16669 = AXIS2_PLACEMENT_3D('',#16670,#16671,#16672);
#16670 = CARTESIAN_POINT('',(117.85,-71.2,-4.5E-02));
#16671 = DIRECTION('',(-0.,-0.,-1.));
#16672 = DIRECTION('',(-0.,-1.,0.));
#16673 = ADVANCED_FACE('',(#16674),#16685,.F.);
#16674 = FACE_BOUND('',#16675,.T.);
#16675 = EDGE_LOOP('',(#16676,#16677,#16683,#16684));
#16676 = ORIENTED_EDGE('',*,*,#15805,.T.);
#16677 = ORIENTED_EDGE('',*,*,#16678,.T.);
#16678 = EDGE_CURVE('',#15806,#16162,#16679,.T.);
#16679 = LINE('',#16680,#16681);
#16680 = CARTESIAN_POINT('',(120.35,-71.675,-4.5E-02));
#16681 = VECTOR('',#16682,1.);
#16682 = DIRECTION('',(0.,0.,1.));
#16683 = ORIENTED_EDGE('',*,*,#16161,.F.);
#16684 = ORIENTED_EDGE('',*,*,#16678,.F.);
#16685 = CYLINDRICAL_SURFACE('',#16686,0.475);
#16686 = AXIS2_PLACEMENT_3D('',#16687,#16688,#16689);
#16687 = CARTESIAN_POINT('',(120.35,-71.2,-4.5E-02));
#16688 = DIRECTION('',(-0.,-0.,-1.));
#16689 = DIRECTION('',(-0.,-1.,0.));
#16690 = ADVANCED_FACE('',(#16691),#16702,.F.);
#16691 = FACE_BOUND('',#16692,.T.);
#16692 = EDGE_LOOP('',(#16693,#16694,#16700,#16701));
#16693 = ORIENTED_EDGE('',*,*,#15816,.T.);
#16694 = ORIENTED_EDGE('',*,*,#16695,.T.);
#16695 = EDGE_CURVE('',#15817,#16173,#16696,.T.);
#16696 = LINE('',#16697,#16698);
#16697 = CARTESIAN_POINT('',(122.85,-71.675,-4.5E-02));
#16698 = VECTOR('',#16699,1.);
#16699 = DIRECTION('',(0.,0.,1.));
#16700 = ORIENTED_EDGE('',*,*,#16172,.F.);
#16701 = ORIENTED_EDGE('',*,*,#16695,.F.);
#16702 = CYLINDRICAL_SURFACE('',#16703,0.475);
#16703 = AXIS2_PLACEMENT_3D('',#16704,#16705,#16706);
#16704 = CARTESIAN_POINT('',(122.85,-71.2,-4.5E-02));
#16705 = DIRECTION('',(-0.,-0.,-1.));
#16706 = DIRECTION('',(-0.,-1.,0.));
#16707 = ADVANCED_FACE('',(#16708),#16719,.F.);
#16708 = FACE_BOUND('',#16709,.T.);
#16709 = EDGE_LOOP('',(#16710,#16711,#16717,#16718));
#16710 = ORIENTED_EDGE('',*,*,#15827,.T.);
#16711 = ORIENTED_EDGE('',*,*,#16712,.T.);
#16712 = EDGE_CURVE('',#15828,#16184,#16713,.T.);
#16713 = LINE('',#16714,#16715);
#16714 = CARTESIAN_POINT('',(125.35,-71.675,-4.5E-02));
#16715 = VECTOR('',#16716,1.);
#16716 = DIRECTION('',(0.,0.,1.));
#16717 = ORIENTED_EDGE('',*,*,#16183,.F.);
#16718 = ORIENTED_EDGE('',*,*,#16712,.F.);
#16719 = CYLINDRICAL_SURFACE('',#16720,0.475);
#16720 = AXIS2_PLACEMENT_3D('',#16721,#16722,#16723);
#16721 = CARTESIAN_POINT('',(125.35,-71.2,-4.5E-02));
#16722 = DIRECTION('',(-0.,-0.,-1.));
#16723 = DIRECTION('',(-0.,-1.,0.));
#16724 = ADVANCED_FACE('',(#16725),#16736,.F.);
#16725 = FACE_BOUND('',#16726,.T.);
#16726 = EDGE_LOOP('',(#16727,#16728,#16734,#16735));
#16727 = ORIENTED_EDGE('',*,*,#15838,.T.);
#16728 = ORIENTED_EDGE('',*,*,#16729,.T.);
#16729 = EDGE_CURVE('',#15839,#16195,#16730,.T.);
#16730 = LINE('',#16731,#16732);
#16731 = CARTESIAN_POINT('',(141.25,-83.35,-4.5E-02));
#16732 = VECTOR('',#16733,1.);
#16733 = DIRECTION('',(0.,0.,1.));
#16734 = ORIENTED_EDGE('',*,*,#16194,.F.);
#16735 = ORIENTED_EDGE('',*,*,#16729,.F.);
#16736 = CYLINDRICAL_SURFACE('',#16737,1.35);
#16737 = AXIS2_PLACEMENT_3D('',#16738,#16739,#16740);
#16738 = CARTESIAN_POINT('',(141.25,-82.,-4.5E-02));
#16739 = DIRECTION('',(-0.,-0.,-1.));
#16740 = DIRECTION('',(-0.,-1.,0.));
#16741 = ADVANCED_FACE('',(#16742),#16758,.F.);
#16742 = FACE_BOUND('',#16743,.T.);
#16743 = EDGE_LOOP('',(#16744,#16745,#16751,#16752));
#16744 = ORIENTED_EDGE('',*,*,#15849,.T.);
#16745 = ORIENTED_EDGE('',*,*,#16746,.T.);
#16746 = EDGE_CURVE('',#15852,#16208,#16747,.T.);
#16747 = LINE('',#16748,#16749);
#16748 = CARTESIAN_POINT('',(144.1,-76.55,-4.5E-02));
#16749 = VECTOR('',#16750,1.);
#16750 = DIRECTION('',(0.,0.,1.));
#16751 = ORIENTED_EDGE('',*,*,#16205,.F.);
#16752 = ORIENTED_EDGE('',*,*,#16753,.F.);
#16753 = EDGE_CURVE('',#15850,#16206,#16754,.T.);
#16754 = LINE('',#16755,#16756);
#16755 = CARTESIAN_POINT('',(144.7,-76.55,-4.5E-02));
#16756 = VECTOR('',#16757,1.);
#16757 = DIRECTION('',(0.,0.,1.));
#16758 = CYLINDRICAL_SURFACE('',#16759,0.3);
#16759 = AXIS2_PLACEMENT_3D('',#16760,#16761,#16762);
#16760 = CARTESIAN_POINT('',(144.4,-76.55,-4.5E-02));
#16761 = DIRECTION('',(-0.,-0.,-1.));
#16762 = DIRECTION('',(-1.,-4.736951571734E-14,0.));
#16763 = ADVANCED_FACE('',(#16764),#16775,.T.);
#16764 = FACE_BOUND('',#16765,.T.);
#16765 = EDGE_LOOP('',(#16766,#16767,#16768,#16769));
#16766 = ORIENTED_EDGE('',*,*,#15877,.T.);
#16767 = ORIENTED_EDGE('',*,*,#16753,.T.);
#16768 = ORIENTED_EDGE('',*,*,#16233,.F.);
#16769 = ORIENTED_EDGE('',*,*,#16770,.F.);
#16770 = EDGE_CURVE('',#15869,#16225,#16771,.T.);
#16771 = LINE('',#16772,#16773);
#16772 = CARTESIAN_POINT('',(144.7,-75.45,-4.5E-02));
#16773 = VECTOR('',#16774,1.);
#16774 = DIRECTION('',(0.,0.,1.));
#16775 = PLANE('',#16776);
#16776 = AXIS2_PLACEMENT_3D('',#16777,#16778,#16779);
#16777 = CARTESIAN_POINT('',(144.7,-76.55,-4.5E-02));
#16778 = DIRECTION('',(-1.,0.,0.));
#16779 = DIRECTION('',(0.,1.,0.));
#16780 = ADVANCED_FACE('',(#16781),#16792,.F.);
#16781 = FACE_BOUND('',#16782,.T.);
#16782 = EDGE_LOOP('',(#16783,#16784,#16785,#16786));
#16783 = ORIENTED_EDGE('',*,*,#15868,.T.);
#16784 = ORIENTED_EDGE('',*,*,#16770,.T.);
#16785 = ORIENTED_EDGE('',*,*,#16224,.F.);
#16786 = ORIENTED_EDGE('',*,*,#16787,.F.);
#16787 = EDGE_CURVE('',#15861,#16217,#16788,.T.);
#16788 = LINE('',#16789,#16790);
#16789 = CARTESIAN_POINT('',(144.1,-75.45,-4.5E-02));
#16790 = VECTOR('',#16791,1.);
#16791 = DIRECTION('',(0.,0.,1.));
#16792 = CYLINDRICAL_SURFACE('',#16793,0.3);
#16793 = AXIS2_PLACEMENT_3D('',#16794,#16795,#16796);
#16794 = CARTESIAN_POINT('',(144.4,-75.45,-4.5E-02));
#16795 = DIRECTION('',(-0.,-0.,-1.));
#16796 = DIRECTION('',(1.,4.736951571734E-14,-0.));
#16797 = ADVANCED_FACE('',(#16798),#16804,.T.);
#16798 = FACE_BOUND('',#16799,.T.);
#16799 = EDGE_LOOP('',(#16800,#16801,#16802,#16803));
#16800 = ORIENTED_EDGE('',*,*,#15860,.T.);
#16801 = ORIENTED_EDGE('',*,*,#16787,.T.);
#16802 = ORIENTED_EDGE('',*,*,#16216,.F.);
#16803 = ORIENTED_EDGE('',*,*,#16746,.F.);
#16804 = PLANE('',#16805);
#16805 = AXIS2_PLACEMENT_3D('',#16806,#16807,#16808);
#16806 = CARTESIAN_POINT('',(144.1,-75.45,-4.5E-02));
#16807 = DIRECTION('',(1.,0.,-0.));
#16808 = DIRECTION('',(0.,-1.,0.));
#16809 = ADVANCED_FACE('',(#16810),#16821,.F.);
#16810 = FACE_BOUND('',#16811,.T.);
#16811 = EDGE_LOOP('',(#16812,#16813,#16819,#16820));
#16812 = ORIENTED_EDGE('',*,*,#15885,.T.);
#16813 = ORIENTED_EDGE('',*,*,#16814,.T.);
#16814 = EDGE_CURVE('',#15886,#16242,#16815,.T.);
#16815 = LINE('',#16816,#16817);
#16816 = CARTESIAN_POINT('',(150.,-71.925,-4.5E-02));
#16817 = VECTOR('',#16818,1.);
#16818 = DIRECTION('',(0.,0.,1.));
#16819 = ORIENTED_EDGE('',*,*,#16241,.F.);
#16820 = ORIENTED_EDGE('',*,*,#16814,.F.);
#16821 = CYLINDRICAL_SURFACE('',#16822,0.475);
#16822 = AXIS2_PLACEMENT_3D('',#16823,#16824,#16825);
#16823 = CARTESIAN_POINT('',(150.,-71.45,-4.5E-02));
#16824 = DIRECTION('',(-0.,-0.,-1.));
#16825 = DIRECTION('',(-0.,-1.,0.));
#16826 = ADVANCED_FACE('',(#16827),#16838,.F.);
#16827 = FACE_BOUND('',#16828,.T.);
#16828 = EDGE_LOOP('',(#16829,#16830,#16836,#16837));
#16829 = ORIENTED_EDGE('',*,*,#15896,.T.);
#16830 = ORIENTED_EDGE('',*,*,#16831,.T.);
#16831 = EDGE_CURVE('',#15897,#16253,#16832,.T.);
#16832 = LINE('',#16833,#16834);
#16833 = CARTESIAN_POINT('',(152.5,-71.925,-4.5E-02));
#16834 = VECTOR('',#16835,1.);
#16835 = DIRECTION('',(0.,0.,1.));
#16836 = ORIENTED_EDGE('',*,*,#16252,.F.);
#16837 = ORIENTED_EDGE('',*,*,#16831,.F.);
#16838 = CYLINDRICAL_SURFACE('',#16839,0.475);
#16839 = AXIS2_PLACEMENT_3D('',#16840,#16841,#16842);
#16840 = CARTESIAN_POINT('',(152.5,-71.45,-4.5E-02));
#16841 = DIRECTION('',(-0.,-0.,-1.));
#16842 = DIRECTION('',(-0.,-1.,0.));
#16843 = ADVANCED_FACE('',(#16844),#16855,.F.);
#16844 = FACE_BOUND('',#16845,.T.);
#16845 = EDGE_LOOP('',(#16846,#16847,#16853,#16854));
#16846 = ORIENTED_EDGE('',*,*,#15907,.T.);
#16847 = ORIENTED_EDGE('',*,*,#16848,.T.);
#16848 = EDGE_CURVE('',#15908,#16264,#16849,.T.);
#16849 = LINE('',#16850,#16851);
#16850 = CARTESIAN_POINT('',(155.,-71.925,-4.5E-02));
#16851 = VECTOR('',#16852,1.);
#16852 = DIRECTION('',(0.,0.,1.));
#16853 = ORIENTED_EDGE('',*,*,#16263,.F.);
#16854 = ORIENTED_EDGE('',*,*,#16848,.F.);
#16855 = CYLINDRICAL_SURFACE('',#16856,0.475);
#16856 = AXIS2_PLACEMENT_3D('',#16857,#16858,#16859);
#16857 = CARTESIAN_POINT('',(155.,-71.45,-4.5E-02));
#16858 = DIRECTION('',(-0.,-0.,-1.));
#16859 = DIRECTION('',(-0.,-1.,0.));
#16860 = ADVANCED_FACE('',(#16861),#16872,.F.);
#16861 = FACE_BOUND('',#16862,.T.);
#16862 = EDGE_LOOP('',(#16863,#16869,#16870,#16871));
#16863 = ORIENTED_EDGE('',*,*,#16864,.T.);
#16864 = EDGE_CURVE('',#15919,#16275,#16865,.T.);
#16865 = LINE('',#16866,#16867);
#16866 = CARTESIAN_POINT('',(164.686123,-69.395298,0.));
#16867 = VECTOR('',#16868,1.);
#16868 = DIRECTION('',(0.,0.,1.));
#16869 = ORIENTED_EDGE('',*,*,#16274,.T.);
#16870 = ORIENTED_EDGE('',*,*,#16864,.F.);
#16871 = ORIENTED_EDGE('',*,*,#15918,.F.);
#16872 = CYLINDRICAL_SURFACE('',#16873,1.5);
#16873 = AXIS2_PLACEMENT_3D('',#16874,#16875,#16876);
#16874 = CARTESIAN_POINT('',(163.186123,-69.395298,0.));
#16875 = DIRECTION('',(-0.,-0.,-1.));
#16876 = DIRECTION('',(1.,0.,-0.));
#16877 = ( GEOMETRIC_REPRESENTATION_CONTEXT(3) 
GLOBAL_UNCERTAINTY_ASSIGNED_CONTEXT((#16881)) 
GLOBAL_UNIT_ASSIGNED_CONTEXT((#16878,#16879,#16880)) 
REPRESENTATION_CONTEXT('Context #1',
  '3D Context with UNIT and UNCERTAINTY') );
#16878 = ( LENGTH_UNIT() NAMED_UNIT(*) SI_UNIT(.MILLI.,.METRE.) );
#16879 = ( NAMED_UNIT(*) PLANE_ANGLE_UNIT() SI_UNIT($,.RADIAN.) );
#16880 = ( NAMED_UNIT(*) SI_UNIT($,.STERADIAN.) SOLID_ANGLE_UNIT() );
#16881 = UNCERTAINTY_MEASURE_WITH_UNIT(LENGTH_MEASURE(5.E-05),#16878,
  'distance_accuracy_value','confusion accuracy');
#16882 = CONTEXT_DEPENDENT_SHAPE_REPRESENTATION(#16883,#16885);
#16883 = ( REPRESENTATION_RELATIONSHIP('','',#15468,#10) 
REPRESENTATION_RELATIONSHIP_WITH_TRANSFORMATION(#16884) 
SHAPE_REPRESENTATION_RELATIONSHIP() );
#16884 = ITEM_DEFINED_TRANSFORMATION('','',#11,#43);
#16885 = PRODUCT_DEFINITION_SHAPE('Placement','Placement of an item',
  #16886);
#16886 = NEXT_ASSEMBLY_USAGE_OCCURRENCE('14','=>[0:1:1:14]','',#5,#15463
  ,$);
#16887 = PRODUCT_RELATED_PRODUCT_CATEGORY('part',$,(#15465));
#16888 = MECHANICAL_DESIGN_GEOMETRIC_PRESENTATION_REPRESENTATION('',(
    #16889,#16897,#16904,#16911,#16918,#16925,#16932,#16939,#16947,
    #16954,#16961,#16968,#16975,#16982,#16990,#16997,#17004,#17011,
    #17018,#17025,#17032,#17039,#17046,#17053,#17060,#17067),#5785);
#16889 = STYLED_ITEM('color',(#16890),#4997);
#16890 = PRESENTATION_STYLE_ASSIGNMENT((#16891));
#16891 = SURFACE_STYLE_USAGE(.BOTH.,#16892);
#16892 = SURFACE_SIDE_STYLE('',(#16893));
#16893 = SURFACE_STYLE_FILL_AREA(#16894);
#16894 = FILL_AREA_STYLE('',(#16895));
#16895 = FILL_AREA_STYLE_COLOUR('',#16896);
#16896 = COLOUR_RGB('',0.823999987314,0.819999987296,0.781000009244);
#16897 = STYLED_ITEM('color',(#16898),#5037);
#16898 = PRESENTATION_STYLE_ASSIGNMENT((#16899));
#16899 = SURFACE_STYLE_USAGE(.BOTH.,#16900);
#16900 = SURFACE_SIDE_STYLE('',(#16901));
#16901 = SURFACE_STYLE_FILL_AREA(#16902);
#16902 = FILL_AREA_STYLE('',(#16903));
#16903 = FILL_AREA_STYLE_COLOUR('',#16896);
#16904 = STYLED_ITEM('color',(#16905),#5120);
#16905 = PRESENTATION_STYLE_ASSIGNMENT((#16906));
#16906 = SURFACE_STYLE_USAGE(.BOTH.,#16907);
#16907 = SURFACE_SIDE_STYLE('',(#16908));
#16908 = SURFACE_STYLE_FILL_AREA(#16909);
#16909 = FILL_AREA_STYLE('',(#16910));
#16910 = FILL_AREA_STYLE_COLOUR('',#16896);
#16911 = STYLED_ITEM('color',(#16912),#5145);
#16912 = PRESENTATION_STYLE_ASSIGNMENT((#16913));
#16913 = SURFACE_STYLE_USAGE(.BOTH.,#16914);
#16914 = SURFACE_SIDE_STYLE('',(#16915));
#16915 = SURFACE_STYLE_FILL_AREA(#16916);
#16916 = FILL_AREA_STYLE('',(#16917));
#16917 = FILL_AREA_STYLE_COLOUR('',#16896);
#16918 = STYLED_ITEM('color',(#16919),#5170);
#16919 = PRESENTATION_STYLE_ASSIGNMENT((#16920));
#16920 = SURFACE_STYLE_USAGE(.BOTH.,#16921);
#16921 = SURFACE_SIDE_STYLE('',(#16922));
#16922 = SURFACE_STYLE_FILL_AREA(#16923);
#16923 = FILL_AREA_STYLE('',(#16924));
#16924 = FILL_AREA_STYLE_COLOUR('',#16896);
#16925 = STYLED_ITEM('color',(#16926),#5237);
#16926 = PRESENTATION_STYLE_ASSIGNMENT((#16927));
#16927 = SURFACE_STYLE_USAGE(.BOTH.,#16928);
#16928 = SURFACE_SIDE_STYLE('',(#16929));
#16929 = SURFACE_STYLE_FILL_AREA(#16930);
#16930 = FILL_AREA_STYLE('',(#16931));
#16931 = FILL_AREA_STYLE_COLOUR('',#16896);
#16932 = STYLED_ITEM('color',(#16933),#5254);
#16933 = PRESENTATION_STYLE_ASSIGNMENT((#16934));
#16934 = SURFACE_STYLE_USAGE(.BOTH.,#16935);
#16935 = SURFACE_SIDE_STYLE('',(#16936));
#16936 = SURFACE_STYLE_FILL_AREA(#16937);
#16937 = FILL_AREA_STYLE('',(#16938));
#16938 = FILL_AREA_STYLE_COLOUR('',#16896);
#16939 = STYLED_ITEM('color',(#16940),#5271);
#16940 = PRESENTATION_STYLE_ASSIGNMENT((#16941));
#16941 = SURFACE_STYLE_USAGE(.BOTH.,#16942);
#16942 = SURFACE_SIDE_STYLE('',(#16943));
#16943 = SURFACE_STYLE_FILL_AREA(#16944);
#16944 = FILL_AREA_STYLE('',(#16945));
#16945 = FILL_AREA_STYLE_COLOUR('',#16946);
#16946 = COLOUR_RGB('',0.894999966383,0.890999961016,0.813000030345);
#16947 = STYLED_ITEM('color',(#16948),#5320);
#16948 = PRESENTATION_STYLE_ASSIGNMENT((#16949));
#16949 = SURFACE_STYLE_USAGE(.BOTH.,#16950);
#16950 = SURFACE_SIDE_STYLE('',(#16951));
#16951 = SURFACE_STYLE_FILL_AREA(#16952);
#16952 = FILL_AREA_STYLE('',(#16953));
#16953 = FILL_AREA_STYLE_COLOUR('',#16896);
#16954 = STYLED_ITEM('color',(#16955),#5337);
#16955 = PRESENTATION_STYLE_ASSIGNMENT((#16956));
#16956 = SURFACE_STYLE_USAGE(.BOTH.,#16957);
#16957 = SURFACE_SIDE_STYLE('',(#16958));
#16958 = SURFACE_STYLE_FILL_AREA(#16959);
#16959 = FILL_AREA_STYLE('',(#16960));
#16960 = FILL_AREA_STYLE_COLOUR('',#16896);
#16961 = STYLED_ITEM('color',(#16962),#5354);
#16962 = PRESENTATION_STYLE_ASSIGNMENT((#16963));
#16963 = SURFACE_STYLE_USAGE(.BOTH.,#16964);
#16964 = SURFACE_SIDE_STYLE('',(#16965));
#16965 = SURFACE_STYLE_FILL_AREA(#16966);
#16966 = FILL_AREA_STYLE('',(#16967));
#16967 = FILL_AREA_STYLE_COLOUR('',#16946);
#16968 = STYLED_ITEM('color',(#16969),#5403);
#16969 = PRESENTATION_STYLE_ASSIGNMENT((#16970));
#16970 = SURFACE_STYLE_USAGE(.BOTH.,#16971);
#16971 = SURFACE_SIDE_STYLE('',(#16972));
#16972 = SURFACE_STYLE_FILL_AREA(#16973);
#16973 = FILL_AREA_STYLE('',(#16974));
#16974 = FILL_AREA_STYLE_COLOUR('',#16946);
#16975 = STYLED_ITEM('color',(#16976),#5420);
#16976 = PRESENTATION_STYLE_ASSIGNMENT((#16977));
#16977 = SURFACE_STYLE_USAGE(.BOTH.,#16978);
#16978 = SURFACE_SIDE_STYLE('',(#16979));
#16979 = SURFACE_STYLE_FILL_AREA(#16980);
#16980 = FILL_AREA_STYLE('',(#16981));
#16981 = FILL_AREA_STYLE_COLOUR('',#16896);
#16982 = STYLED_ITEM('color',(#16983),#5489);
#16983 = PRESENTATION_STYLE_ASSIGNMENT((#16984));
#16984 = SURFACE_STYLE_USAGE(.BOTH.,#16985);
#16985 = SURFACE_SIDE_STYLE('',(#16986));
#16986 = SURFACE_STYLE_FILL_AREA(#16987);
#16987 = FILL_AREA_STYLE('',(#16988));
#16988 = FILL_AREA_STYLE_COLOUR('',#16989);
#16989 = COLOUR_RGB('',8.200000279077E-02,8.600000121357E-02,
  9.399999706163E-02);
#16990 = STYLED_ITEM('color',(#16991),#5520);
#16991 = PRESENTATION_STYLE_ASSIGNMENT((#16992));
#16992 = SURFACE_STYLE_USAGE(.BOTH.,#16993);
#16993 = SURFACE_SIDE_STYLE('',(#16994));
#16994 = SURFACE_STYLE_FILL_AREA(#16995);
#16995 = FILL_AREA_STYLE('',(#16996));
#16996 = FILL_AREA_STYLE_COLOUR('',#16989);
#16997 = STYLED_ITEM('color',(#16998),#5544);
#16998 = PRESENTATION_STYLE_ASSIGNMENT((#16999));
#16999 = SURFACE_STYLE_USAGE(.BOTH.,#17000);
#17000 = SURFACE_SIDE_STYLE('',(#17001));
#17001 = SURFACE_STYLE_FILL_AREA(#17002);
#17002 = FILL_AREA_STYLE('',(#17003));
#17003 = FILL_AREA_STYLE_COLOUR('',#16896);
#17004 = STYLED_ITEM('color',(#17005),#5613);
#17005 = PRESENTATION_STYLE_ASSIGNMENT((#17006));
#17006 = SURFACE_STYLE_USAGE(.BOTH.,#17007);
#17007 = SURFACE_SIDE_STYLE('',(#17008));
#17008 = SURFACE_STYLE_FILL_AREA(#17009);
#17009 = FILL_AREA_STYLE('',(#17010));
#17010 = FILL_AREA_STYLE_COLOUR('',#16989);
#17011 = STYLED_ITEM('color',(#17012),#5637);
#17012 = PRESENTATION_STYLE_ASSIGNMENT((#17013));
#17013 = SURFACE_STYLE_USAGE(.BOTH.,#17014);
#17014 = SURFACE_SIDE_STYLE('',(#17015));
#17015 = SURFACE_STYLE_FILL_AREA(#17016);
#17016 = FILL_AREA_STYLE('',(#17017));
#17017 = FILL_AREA_STYLE_COLOUR('',#16896);
#17018 = STYLED_ITEM('color',(#17019),#5654);
#17019 = PRESENTATION_STYLE_ASSIGNMENT((#17020));
#17020 = SURFACE_STYLE_USAGE(.BOTH.,#17021);
#17021 = SURFACE_SIDE_STYLE('',(#17022));
#17022 = SURFACE_STYLE_FILL_AREA(#17023);
#17023 = FILL_AREA_STYLE('',(#17024));
#17024 = FILL_AREA_STYLE_COLOUR('',#16896);
#17025 = STYLED_ITEM('color',(#17026),#5671);
#17026 = PRESENTATION_STYLE_ASSIGNMENT((#17027));
#17027 = SURFACE_STYLE_USAGE(.BOTH.,#17028);
#17028 = SURFACE_SIDE_STYLE('',(#17029));
#17029 = SURFACE_STYLE_FILL_AREA(#17030);
#17030 = FILL_AREA_STYLE('',(#17031));
#17031 = FILL_AREA_STYLE_COLOUR('',#16896);
#17032 = STYLED_ITEM('color',(#17033),#5688);
#17033 = PRESENTATION_STYLE_ASSIGNMENT((#17034));
#17034 = SURFACE_STYLE_USAGE(.BOTH.,#17035);
#17035 = SURFACE_SIDE_STYLE('',(#17036));
#17036 = SURFACE_STYLE_FILL_AREA(#17037);
#17037 = FILL_AREA_STYLE('',(#17038));
#17038 = FILL_AREA_STYLE_COLOUR('',#16896);
#17039 = STYLED_ITEM('color',(#17040),#5705);
#17040 = PRESENTATION_STYLE_ASSIGNMENT((#17041));
#17041 = SURFACE_STYLE_USAGE(.BOTH.,#17042);
#17042 = SURFACE_SIDE_STYLE('',(#17043));
#17043 = SURFACE_STYLE_FILL_AREA(#17044);
#17044 = FILL_AREA_STYLE('',(#17045));
#17045 = FILL_AREA_STYLE_COLOUR('',#16896);
#17046 = STYLED_ITEM('color',(#17047),#5722);
#17047 = PRESENTATION_STYLE_ASSIGNMENT((#17048));
#17048 = SURFACE_STYLE_USAGE(.BOTH.,#17049);
#17049 = SURFACE_SIDE_STYLE('',(#17050));
#17050 = SURFACE_STYLE_FILL_AREA(#17051);
#17051 = FILL_AREA_STYLE('',(#17052));
#17052 = FILL_AREA_STYLE_COLOUR('',#16896);
#17053 = STYLED_ITEM('color',(#17054),#5739);
#17054 = PRESENTATION_STYLE_ASSIGNMENT((#17055));
#17055 = SURFACE_STYLE_USAGE(.BOTH.,#17056);
#17056 = SURFACE_SIDE_STYLE('',(#17057));
#17057 = SURFACE_STYLE_FILL_AREA(#17058);
#17058 = FILL_AREA_STYLE('',(#17059));
#17059 = FILL_AREA_STYLE_COLOUR('',#16896);
#17060 = STYLED_ITEM('color',(#17061),#5756);
#17061 = PRESENTATION_STYLE_ASSIGNMENT((#17062));
#17062 = SURFACE_STYLE_USAGE(.BOTH.,#17063);
#17063 = SURFACE_SIDE_STYLE('',(#17064));
#17064 = SURFACE_STYLE_FILL_AREA(#17065);
#17065 = FILL_AREA_STYLE('',(#17066));
#17066 = FILL_AREA_STYLE_COLOUR('',#16989);
#17067 = STYLED_ITEM('color',(#17068),#5773);
#17068 = PRESENTATION_STYLE_ASSIGNMENT((#17069));
#17069 = SURFACE_STYLE_USAGE(.BOTH.,#17070);
#17070 = SURFACE_SIDE_STYLE('',(#17071));
#17071 = SURFACE_STYLE_FILL_AREA(#17072);
#17072 = FILL_AREA_STYLE('',(#17073));
#17073 = FILL_AREA_STYLE_COLOUR('',#16989);
#17074 = MECHANICAL_DESIGN_GEOMETRIC_PRESENTATION_REPRESENTATION('',(
    #17075),#10080);
#17075 = STYLED_ITEM('color',(#17076),#9862);
#17076 = PRESENTATION_STYLE_ASSIGNMENT((#17077,#17083));
#17077 = SURFACE_STYLE_USAGE(.BOTH.,#17078);
#17078 = SURFACE_SIDE_STYLE('',(#17079));
#17079 = SURFACE_STYLE_FILL_AREA(#17080);
#17080 = FILL_AREA_STYLE('',(#17081));
#17081 = FILL_AREA_STYLE_COLOUR('',#17082);
#17082 = COLOUR_RGB('',0.300000011149,0.300000011149,0.300000011149);
#17083 = CURVE_STYLE('',#17084,POSITIVE_LENGTH_MEASURE(0.1),#17082);
#17084 = DRAUGHTING_PRE_DEFINED_CURVE_FONT('continuous');
#17085 = MECHANICAL_DESIGN_GEOMETRIC_PRESENTATION_REPRESENTATION('',(
    #17086,#17093,#17100,#17107,#17114,#17121,#17128,#17135,#17142,
    #17149,#17156,#17163,#17170,#17177,#17184,#17191),#9815);
#17086 = STYLED_ITEM('color',(#17087),#9392);
#17087 = PRESENTATION_STYLE_ASSIGNMENT((#17088));
#17088 = SURFACE_STYLE_USAGE(.BOTH.,#17089);
#17089 = SURFACE_SIDE_STYLE('',(#17090));
#17090 = SURFACE_STYLE_FILL_AREA(#17091);
#17091 = FILL_AREA_STYLE('',(#17092));
#17092 = FILL_AREA_STYLE_COLOUR('',#16946);
#17093 = STYLED_ITEM('color',(#17094),#9419);
#17094 = PRESENTATION_STYLE_ASSIGNMENT((#17095));
#17095 = SURFACE_STYLE_USAGE(.BOTH.,#17096);
#17096 = SURFACE_SIDE_STYLE('',(#17097));
#17097 = SURFACE_STYLE_FILL_AREA(#17098);
#17098 = FILL_AREA_STYLE('',(#17099));
#17099 = FILL_AREA_STYLE_COLOUR('',#16946);
#17100 = STYLED_ITEM('color',(#17101),#9444);
#17101 = PRESENTATION_STYLE_ASSIGNMENT((#17102));
#17102 = SURFACE_STYLE_USAGE(.BOTH.,#17103);
#17103 = SURFACE_SIDE_STYLE('',(#17104));
#17104 = SURFACE_STYLE_FILL_AREA(#17105);
#17105 = FILL_AREA_STYLE('',(#17106));
#17106 = FILL_AREA_STYLE_COLOUR('',#16946);
#17107 = STYLED_ITEM('color',(#17108),#9472);
#17108 = PRESENTATION_STYLE_ASSIGNMENT((#17109));
#17109 = SURFACE_STYLE_USAGE(.BOTH.,#17110);
#17110 = SURFACE_SIDE_STYLE('',(#17111));
#17111 = SURFACE_STYLE_FILL_AREA(#17112);
#17112 = FILL_AREA_STYLE('',(#17113));
#17113 = FILL_AREA_STYLE_COLOUR('',#16946);
#17114 = STYLED_ITEM('color',(#17115),#9504);
#17115 = PRESENTATION_STYLE_ASSIGNMENT((#17116));
#17116 = SURFACE_STYLE_USAGE(.BOTH.,#17117);
#17117 = SURFACE_SIDE_STYLE('',(#17118));
#17118 = SURFACE_STYLE_FILL_AREA(#17119);
#17119 = FILL_AREA_STYLE('',(#17120));
#17120 = FILL_AREA_STYLE_COLOUR('',#16946);
#17121 = STYLED_ITEM('color',(#17122),#9521);
#17122 = PRESENTATION_STYLE_ASSIGNMENT((#17123));
#17123 = SURFACE_STYLE_USAGE(.BOTH.,#17124);
#17124 = SURFACE_SIDE_STYLE('',(#17125));
#17125 = SURFACE_STYLE_FILL_AREA(#17126);
#17126 = FILL_AREA_STYLE('',(#17127));
#17127 = FILL_AREA_STYLE_COLOUR('',#16946);
#17128 = STYLED_ITEM('color',(#17129),#9599);
#17129 = PRESENTATION_STYLE_ASSIGNMENT((#17130));
#17130 = SURFACE_STYLE_USAGE(.BOTH.,#17131);
#17131 = SURFACE_SIDE_STYLE('',(#17132));
#17132 = SURFACE_STYLE_FILL_AREA(#17133);
#17133 = FILL_AREA_STYLE('',(#17134));
#17134 = FILL_AREA_STYLE_COLOUR('',#16896);
#17135 = STYLED_ITEM('color',(#17136),#9630);
#17136 = PRESENTATION_STYLE_ASSIGNMENT((#17137));
#17137 = SURFACE_STYLE_USAGE(.BOTH.,#17138);
#17138 = SURFACE_SIDE_STYLE('',(#17139));
#17139 = SURFACE_STYLE_FILL_AREA(#17140);
#17140 = FILL_AREA_STYLE('',(#17141));
#17141 = FILL_AREA_STYLE_COLOUR('',#16896);
#17142 = STYLED_ITEM('color',(#17143),#9654);
#17143 = PRESENTATION_STYLE_ASSIGNMENT((#17144));
#17144 = SURFACE_STYLE_USAGE(.BOTH.,#17145);
#17145 = SURFACE_SIDE_STYLE('',(#17146));
#17146 = SURFACE_STYLE_FILL_AREA(#17147);
#17147 = FILL_AREA_STYLE('',(#17148));
#17148 = FILL_AREA_STYLE_COLOUR('',#16896);
#17149 = STYLED_ITEM('color',(#17150),#9678);
#17150 = PRESENTATION_STYLE_ASSIGNMENT((#17151));
#17151 = SURFACE_STYLE_USAGE(.BOTH.,#17152);
#17152 = SURFACE_SIDE_STYLE('',(#17153));
#17153 = SURFACE_STYLE_FILL_AREA(#17154);
#17154 = FILL_AREA_STYLE('',(#17155));
#17155 = FILL_AREA_STYLE_COLOUR('',#16896);
#17156 = STYLED_ITEM('color',(#17157),#9695);
#17157 = PRESENTATION_STYLE_ASSIGNMENT((#17158));
#17158 = SURFACE_STYLE_USAGE(.BOTH.,#17159);
#17159 = SURFACE_SIDE_STYLE('',(#17160));
#17160 = SURFACE_STYLE_FILL_AREA(#17161);
#17161 = FILL_AREA_STYLE('',(#17162));
#17162 = FILL_AREA_STYLE_COLOUR('',#16896);
#17163 = STYLED_ITEM('color',(#17164),#9726);
#17164 = PRESENTATION_STYLE_ASSIGNMENT((#17165));
#17165 = SURFACE_STYLE_USAGE(.BOTH.,#17166);
#17166 = SURFACE_SIDE_STYLE('',(#17167));
#17167 = SURFACE_STYLE_FILL_AREA(#17168);
#17168 = FILL_AREA_STYLE('',(#17169));
#17169 = FILL_AREA_STYLE_COLOUR('',#16896);
#17170 = STYLED_ITEM('color',(#17171),#9750);
#17171 = PRESENTATION_STYLE_ASSIGNMENT((#17172));
#17172 = SURFACE_STYLE_USAGE(.BOTH.,#17173);
#17173 = SURFACE_SIDE_STYLE('',(#17174));
#17174 = SURFACE_STYLE_FILL_AREA(#17175);
#17175 = FILL_AREA_STYLE('',(#17176));
#17176 = FILL_AREA_STYLE_COLOUR('',#16896);
#17177 = STYLED_ITEM('color',(#17178),#9774);
#17178 = PRESENTATION_STYLE_ASSIGNMENT((#17179));
#17179 = SURFACE_STYLE_USAGE(.BOTH.,#17180);
#17180 = SURFACE_SIDE_STYLE('',(#17181));
#17181 = SURFACE_STYLE_FILL_AREA(#17182);
#17182 = FILL_AREA_STYLE('',(#17183));
#17183 = FILL_AREA_STYLE_COLOUR('',#16896);
#17184 = STYLED_ITEM('color',(#17185),#9791);
#17185 = PRESENTATION_STYLE_ASSIGNMENT((#17186));
#17186 = SURFACE_STYLE_USAGE(.BOTH.,#17187);
#17187 = SURFACE_SIDE_STYLE('',(#17188));
#17188 = SURFACE_STYLE_FILL_AREA(#17189);
#17189 = FILL_AREA_STYLE('',(#17190));
#17190 = FILL_AREA_STYLE_COLOUR('',#16896);
#17191 = STYLED_ITEM('color',(#17192),#9803);
#17192 = PRESENTATION_STYLE_ASSIGNMENT((#17193));
#17193 = SURFACE_STYLE_USAGE(.BOTH.,#17194);
#17194 = SURFACE_SIDE_STYLE('',(#17195));
#17195 = SURFACE_STYLE_FILL_AREA(#17196);
#17196 = FILL_AREA_STYLE('',(#17197));
#17197 = FILL_AREA_STYLE_COLOUR('',#16896);
#17198 = MECHANICAL_DESIGN_GEOMETRIC_PRESENTATION_REPRESENTATION('',(
    #17199,#17207,#17214,#17221,#17228,#17235,#17242,#17249,#17256,
    #17263,#17270,#17277,#17284,#17291,#17298,#17305,#17312,#17319,
    #17326,#17333,#17340,#17347,#17354,#17361,#17368,#17375,#17382,
    #17389,#17396,#17403,#17410,#17417,#17424,#17431,#17438,#17445,
    #17452,#17459,#17466,#17473,#17480,#17487,#17494,#17501,#17508,
    #17515,#17522,#17529,#17536,#17543,#17550,#17557,#17564,#17571,
    #17578,#17585,#17593,#17600,#17607,#17614,#17621,#17628,#17635,
    #17642,#17649,#17656,#17663,#17670,#17677,#17684,#17691,#17698,
    #17705,#17712,#17719,#17726,#17733,#17740,#17747,#17754,#17761,
    #17768,#17775,#17782,#17789,#17796,#17803,#17810,#17817,#17824,
    #17831,#17838,#17845,#17852,#17859,#17866,#17873,#17880,#17887,
    #17894,#17901,#17908,#17915,#17922,#17929,#17936,#17943,#17950,
    #17957,#17964,#17971,#17978,#17985,#17992,#17999,#18006,#18013),
  #9348);
#17199 = STYLED_ITEM('color',(#17200),#5829);
#17200 = PRESENTATION_STYLE_ASSIGNMENT((#17201));
#17201 = SURFACE_STYLE_USAGE(.BOTH.,#17202);
#17202 = SURFACE_SIDE_STYLE('',(#17203));
#17203 = SURFACE_STYLE_FILL_AREA(#17204);
#17204 = FILL_AREA_STYLE('',(#17205));
#17205 = FILL_AREA_STYLE_COLOUR('',#17206);
#17206 = COLOUR_RGB('',0.894117649055,0.890196087049,0.811764731185);
#17207 = STYLED_ITEM('color',(#17208),#5901);
#17208 = PRESENTATION_STYLE_ASSIGNMENT((#17209));
#17209 = SURFACE_STYLE_USAGE(.BOTH.,#17210);
#17210 = SURFACE_SIDE_STYLE('',(#17211));
#17211 = SURFACE_STYLE_FILL_AREA(#17212);
#17212 = FILL_AREA_STYLE('',(#17213));
#17213 = FILL_AREA_STYLE_COLOUR('',#17206);
#17214 = STYLED_ITEM('color',(#17215),#5940);
#17215 = PRESENTATION_STYLE_ASSIGNMENT((#17216));
#17216 = SURFACE_STYLE_USAGE(.BOTH.,#17217);
#17217 = SURFACE_SIDE_STYLE('',(#17218));
#17218 = SURFACE_STYLE_FILL_AREA(#17219);
#17219 = FILL_AREA_STYLE('',(#17220));
#17220 = FILL_AREA_STYLE_COLOUR('',#17206);
#17221 = STYLED_ITEM('color',(#17222),#5964);
#17222 = PRESENTATION_STYLE_ASSIGNMENT((#17223));
#17223 = SURFACE_STYLE_USAGE(.BOTH.,#17224);
#17224 = SURFACE_SIDE_STYLE('',(#17225));
#17225 = SURFACE_STYLE_FILL_AREA(#17226);
#17226 = FILL_AREA_STYLE('',(#17227));
#17227 = FILL_AREA_STYLE_COLOUR('',#17206);
#17228 = STYLED_ITEM('color',(#17229),#6029);
#17229 = PRESENTATION_STYLE_ASSIGNMENT((#17230));
#17230 = SURFACE_STYLE_USAGE(.BOTH.,#17231);
#17231 = SURFACE_SIDE_STYLE('',(#17232));
#17232 = SURFACE_STYLE_FILL_AREA(#17233);
#17233 = FILL_AREA_STYLE('',(#17234));
#17234 = FILL_AREA_STYLE_COLOUR('',#17206);
#17235 = STYLED_ITEM('color',(#17236),#6053);
#17236 = PRESENTATION_STYLE_ASSIGNMENT((#17237));
#17237 = SURFACE_STYLE_USAGE(.BOTH.,#17238);
#17238 = SURFACE_SIDE_STYLE('',(#17239));
#17239 = SURFACE_STYLE_FILL_AREA(#17240);
#17240 = FILL_AREA_STYLE('',(#17241));
#17241 = FILL_AREA_STYLE_COLOUR('',#17206);
#17242 = STYLED_ITEM('color',(#17243),#6173);
#17243 = PRESENTATION_STYLE_ASSIGNMENT((#17244));
#17244 = SURFACE_STYLE_USAGE(.BOTH.,#17245);
#17245 = SURFACE_SIDE_STYLE('',(#17246));
#17246 = SURFACE_STYLE_FILL_AREA(#17247);
#17247 = FILL_AREA_STYLE('',(#17248));
#17248 = FILL_AREA_STYLE_COLOUR('',#17206);
#17249 = STYLED_ITEM('color',(#17250),#6197);
#17250 = PRESENTATION_STYLE_ASSIGNMENT((#17251));
#17251 = SURFACE_STYLE_USAGE(.BOTH.,#17252);
#17252 = SURFACE_SIDE_STYLE('',(#17253));
#17253 = SURFACE_STYLE_FILL_AREA(#17254);
#17254 = FILL_AREA_STYLE('',(#17255));
#17255 = FILL_AREA_STYLE_COLOUR('',#17206);
#17256 = STYLED_ITEM('color',(#17257),#6262);
#17257 = PRESENTATION_STYLE_ASSIGNMENT((#17258));
#17258 = SURFACE_STYLE_USAGE(.BOTH.,#17259);
#17259 = SURFACE_SIDE_STYLE('',(#17260));
#17260 = SURFACE_STYLE_FILL_AREA(#17261);
#17261 = FILL_AREA_STYLE('',(#17262));
#17262 = FILL_AREA_STYLE_COLOUR('',#17206);
#17263 = STYLED_ITEM('color',(#17264),#6287);
#17264 = PRESENTATION_STYLE_ASSIGNMENT((#17265));
#17265 = SURFACE_STYLE_USAGE(.BOTH.,#17266);
#17266 = SURFACE_SIDE_STYLE('',(#17267));
#17267 = SURFACE_STYLE_FILL_AREA(#17268);
#17268 = FILL_AREA_STYLE('',(#17269));
#17269 = FILL_AREA_STYLE_COLOUR('',#17206);
#17270 = STYLED_ITEM('color',(#17271),#6336);
#17271 = PRESENTATION_STYLE_ASSIGNMENT((#17272));
#17272 = SURFACE_STYLE_USAGE(.BOTH.,#17273);
#17273 = SURFACE_SIDE_STYLE('',(#17274));
#17274 = SURFACE_STYLE_FILL_AREA(#17275);
#17275 = FILL_AREA_STYLE('',(#17276));
#17276 = FILL_AREA_STYLE_COLOUR('',#17206);
#17277 = STYLED_ITEM('color',(#17278),#6353);
#17278 = PRESENTATION_STYLE_ASSIGNMENT((#17279));
#17279 = SURFACE_STYLE_USAGE(.BOTH.,#17280);
#17280 = SURFACE_SIDE_STYLE('',(#17281));
#17281 = SURFACE_STYLE_FILL_AREA(#17282);
#17282 = FILL_AREA_STYLE('',(#17283));
#17283 = FILL_AREA_STYLE_COLOUR('',#17206);
#17284 = STYLED_ITEM('color',(#17285),#6377);
#17285 = PRESENTATION_STYLE_ASSIGNMENT((#17286));
#17286 = SURFACE_STYLE_USAGE(.BOTH.,#17287);
#17287 = SURFACE_SIDE_STYLE('',(#17288));
#17288 = SURFACE_STYLE_FILL_AREA(#17289);
#17289 = FILL_AREA_STYLE('',(#17290));
#17290 = FILL_AREA_STYLE_COLOUR('',#17206);
#17291 = STYLED_ITEM('color',(#17292),#6394);
#17292 = PRESENTATION_STYLE_ASSIGNMENT((#17293));
#17293 = SURFACE_STYLE_USAGE(.BOTH.,#17294);
#17294 = SURFACE_SIDE_STYLE('',(#17295));
#17295 = SURFACE_STYLE_FILL_AREA(#17296);
#17296 = FILL_AREA_STYLE('',(#17297));
#17297 = FILL_AREA_STYLE_COLOUR('',#17206);
#17298 = STYLED_ITEM('color',(#17299),#6564);
#17299 = PRESENTATION_STYLE_ASSIGNMENT((#17300));
#17300 = SURFACE_STYLE_USAGE(.BOTH.,#17301);
#17301 = SURFACE_SIDE_STYLE('',(#17302));
#17302 = SURFACE_STYLE_FILL_AREA(#17303);
#17303 = FILL_AREA_STYLE('',(#17304));
#17304 = FILL_AREA_STYLE_COLOUR('',#17206);
#17305 = STYLED_ITEM('color',(#17306),#6588);
#17306 = PRESENTATION_STYLE_ASSIGNMENT((#17307));
#17307 = SURFACE_STYLE_USAGE(.BOTH.,#17308);
#17308 = SURFACE_SIDE_STYLE('',(#17309));
#17309 = SURFACE_STYLE_FILL_AREA(#17310);
#17310 = FILL_AREA_STYLE('',(#17311));
#17311 = FILL_AREA_STYLE_COLOUR('',#17206);
#17312 = STYLED_ITEM('color',(#17313),#6822);
#17313 = PRESENTATION_STYLE_ASSIGNMENT((#17314));
#17314 = SURFACE_STYLE_USAGE(.BOTH.,#17315);
#17315 = SURFACE_SIDE_STYLE('',(#17316));
#17316 = SURFACE_STYLE_FILL_AREA(#17317);
#17317 = FILL_AREA_STYLE('',(#17318));
#17318 = FILL_AREA_STYLE_COLOUR('',#17206);
#17319 = STYLED_ITEM('color',(#17320),#6846);
#17320 = PRESENTATION_STYLE_ASSIGNMENT((#17321));
#17321 = SURFACE_STYLE_USAGE(.BOTH.,#17322);
#17322 = SURFACE_SIDE_STYLE('',(#17323));
#17323 = SURFACE_STYLE_FILL_AREA(#17324);
#17324 = FILL_AREA_STYLE('',(#17325));
#17325 = FILL_AREA_STYLE_COLOUR('',#17206);
#17326 = STYLED_ITEM('color',(#17327),#6879);
#17327 = PRESENTATION_STYLE_ASSIGNMENT((#17328));
#17328 = SURFACE_STYLE_USAGE(.BOTH.,#17329);
#17329 = SURFACE_SIDE_STYLE('',(#17330));
#17330 = SURFACE_STYLE_FILL_AREA(#17331);
#17331 = FILL_AREA_STYLE('',(#17332));
#17332 = FILL_AREA_STYLE_COLOUR('',#17206);
#17333 = STYLED_ITEM('color',(#17334),#6903);
#17334 = PRESENTATION_STYLE_ASSIGNMENT((#17335));
#17335 = SURFACE_STYLE_USAGE(.BOTH.,#17336);
#17336 = SURFACE_SIDE_STYLE('',(#17337));
#17337 = SURFACE_STYLE_FILL_AREA(#17338);
#17338 = FILL_AREA_STYLE('',(#17339));
#17339 = FILL_AREA_STYLE_COLOUR('',#17206);
#17340 = STYLED_ITEM('color',(#17341),#6934);
#17341 = PRESENTATION_STYLE_ASSIGNMENT((#17342));
#17342 = SURFACE_STYLE_USAGE(.BOTH.,#17343);
#17343 = SURFACE_SIDE_STYLE('',(#17344));
#17344 = SURFACE_STYLE_FILL_AREA(#17345);
#17345 = FILL_AREA_STYLE('',(#17346));
#17346 = FILL_AREA_STYLE_COLOUR('',#17206);
#17347 = STYLED_ITEM('color',(#17348),#6951);
#17348 = PRESENTATION_STYLE_ASSIGNMENT((#17349));
#17349 = SURFACE_STYLE_USAGE(.BOTH.,#17350);
#17350 = SURFACE_SIDE_STYLE('',(#17351));
#17351 = SURFACE_STYLE_FILL_AREA(#17352);
#17352 = FILL_AREA_STYLE('',(#17353));
#17353 = FILL_AREA_STYLE_COLOUR('',#17206);
#17354 = STYLED_ITEM('color',(#17355),#6984);
#17355 = PRESENTATION_STYLE_ASSIGNMENT((#17356));
#17356 = SURFACE_STYLE_USAGE(.BOTH.,#17357);
#17357 = SURFACE_SIDE_STYLE('',(#17358));
#17358 = SURFACE_STYLE_FILL_AREA(#17359);
#17359 = FILL_AREA_STYLE('',(#17360));
#17360 = FILL_AREA_STYLE_COLOUR('',#17206);
#17361 = STYLED_ITEM('color',(#17362),#7008);
#17362 = PRESENTATION_STYLE_ASSIGNMENT((#17363));
#17363 = SURFACE_STYLE_USAGE(.BOTH.,#17364);
#17364 = SURFACE_SIDE_STYLE('',(#17365));
#17365 = SURFACE_STYLE_FILL_AREA(#17366);
#17366 = FILL_AREA_STYLE('',(#17367));
#17367 = FILL_AREA_STYLE_COLOUR('',#17206);
#17368 = STYLED_ITEM('color',(#17369),#7039);
#17369 = PRESENTATION_STYLE_ASSIGNMENT((#17370));
#17370 = SURFACE_STYLE_USAGE(.BOTH.,#17371);
#17371 = SURFACE_SIDE_STYLE('',(#17372));
#17372 = SURFACE_STYLE_FILL_AREA(#17373);
#17373 = FILL_AREA_STYLE('',(#17374));
#17374 = FILL_AREA_STYLE_COLOUR('',#17206);
#17375 = STYLED_ITEM('color',(#17376),#7056);
#17376 = PRESENTATION_STYLE_ASSIGNMENT((#17377));
#17377 = SURFACE_STYLE_USAGE(.BOTH.,#17378);
#17378 = SURFACE_SIDE_STYLE('',(#17379));
#17379 = SURFACE_STYLE_FILL_AREA(#17380);
#17380 = FILL_AREA_STYLE('',(#17381));
#17381 = FILL_AREA_STYLE_COLOUR('',#17206);
#17382 = STYLED_ITEM('color',(#17383),#7089);
#17383 = PRESENTATION_STYLE_ASSIGNMENT((#17384));
#17384 = SURFACE_STYLE_USAGE(.BOTH.,#17385);
#17385 = SURFACE_SIDE_STYLE('',(#17386));
#17386 = SURFACE_STYLE_FILL_AREA(#17387);
#17387 = FILL_AREA_STYLE('',(#17388));
#17388 = FILL_AREA_STYLE_COLOUR('',#17206);
#17389 = STYLED_ITEM('color',(#17390),#7113);
#17390 = PRESENTATION_STYLE_ASSIGNMENT((#17391));
#17391 = SURFACE_STYLE_USAGE(.BOTH.,#17392);
#17392 = SURFACE_SIDE_STYLE('',(#17393));
#17393 = SURFACE_STYLE_FILL_AREA(#17394);
#17394 = FILL_AREA_STYLE('',(#17395));
#17395 = FILL_AREA_STYLE_COLOUR('',#17206);
#17396 = STYLED_ITEM('color',(#17397),#7144);
#17397 = PRESENTATION_STYLE_ASSIGNMENT((#17398));
#17398 = SURFACE_STYLE_USAGE(.BOTH.,#17399);
#17399 = SURFACE_SIDE_STYLE('',(#17400));
#17400 = SURFACE_STYLE_FILL_AREA(#17401);
#17401 = FILL_AREA_STYLE('',(#17402));
#17402 = FILL_AREA_STYLE_COLOUR('',#17206);
#17403 = STYLED_ITEM('color',(#17404),#7156);
#17404 = PRESENTATION_STYLE_ASSIGNMENT((#17405));
#17405 = SURFACE_STYLE_USAGE(.BOTH.,#17406);
#17406 = SURFACE_SIDE_STYLE('',(#17407));
#17407 = SURFACE_STYLE_FILL_AREA(#17408);
#17408 = FILL_AREA_STYLE('',(#17409));
#17409 = FILL_AREA_STYLE_COLOUR('',#17206);
#17410 = STYLED_ITEM('color',(#17411),#7189);
#17411 = PRESENTATION_STYLE_ASSIGNMENT((#17412));
#17412 = SURFACE_STYLE_USAGE(.BOTH.,#17413);
#17413 = SURFACE_SIDE_STYLE('',(#17414));
#17414 = SURFACE_STYLE_FILL_AREA(#17415);
#17415 = FILL_AREA_STYLE('',(#17416));
#17416 = FILL_AREA_STYLE_COLOUR('',#17206);
#17417 = STYLED_ITEM('color',(#17418),#7206);
#17418 = PRESENTATION_STYLE_ASSIGNMENT((#17419));
#17419 = SURFACE_STYLE_USAGE(.BOTH.,#17420);
#17420 = SURFACE_SIDE_STYLE('',(#17421));
#17421 = SURFACE_STYLE_FILL_AREA(#17422);
#17422 = FILL_AREA_STYLE('',(#17423));
#17423 = FILL_AREA_STYLE_COLOUR('',#17206);
#17424 = STYLED_ITEM('color',(#17425),#7223);
#17425 = PRESENTATION_STYLE_ASSIGNMENT((#17426));
#17426 = SURFACE_STYLE_USAGE(.BOTH.,#17427);
#17427 = SURFACE_SIDE_STYLE('',(#17428));
#17428 = SURFACE_STYLE_FILL_AREA(#17429);
#17429 = FILL_AREA_STYLE('',(#17430));
#17430 = FILL_AREA_STYLE_COLOUR('',#17206);
#17431 = STYLED_ITEM('color',(#17432),#7235);
#17432 = PRESENTATION_STYLE_ASSIGNMENT((#17433));
#17433 = SURFACE_STYLE_USAGE(.BOTH.,#17434);
#17434 = SURFACE_SIDE_STYLE('',(#17435));
#17435 = SURFACE_STYLE_FILL_AREA(#17436);
#17436 = FILL_AREA_STYLE('',(#17437));
#17437 = FILL_AREA_STYLE_COLOUR('',#17206);
#17438 = STYLED_ITEM('color',(#17439),#7349);
#17439 = PRESENTATION_STYLE_ASSIGNMENT((#17440));
#17440 = SURFACE_STYLE_USAGE(.BOTH.,#17441);
#17441 = SURFACE_SIDE_STYLE('',(#17442));
#17442 = SURFACE_STYLE_FILL_AREA(#17443);
#17443 = FILL_AREA_STYLE('',(#17444));
#17444 = FILL_AREA_STYLE_COLOUR('',#17206);
#17445 = STYLED_ITEM('color',(#17446),#7366);
#17446 = PRESENTATION_STYLE_ASSIGNMENT((#17447));
#17447 = SURFACE_STYLE_USAGE(.BOTH.,#17448);
#17448 = SURFACE_SIDE_STYLE('',(#17449));
#17449 = SURFACE_STYLE_FILL_AREA(#17450);
#17450 = FILL_AREA_STYLE('',(#17451));
#17451 = FILL_AREA_STYLE_COLOUR('',#17206);
#17452 = STYLED_ITEM('color',(#17453),#7383);
#17453 = PRESENTATION_STYLE_ASSIGNMENT((#17454));
#17454 = SURFACE_STYLE_USAGE(.BOTH.,#17455);
#17455 = SURFACE_SIDE_STYLE('',(#17456));
#17456 = SURFACE_STYLE_FILL_AREA(#17457);
#17457 = FILL_AREA_STYLE('',(#17458));
#17458 = FILL_AREA_STYLE_COLOUR('',#17206);
#17459 = STYLED_ITEM('color',(#17460),#7400);
#17460 = PRESENTATION_STYLE_ASSIGNMENT((#17461));
#17461 = SURFACE_STYLE_USAGE(.BOTH.,#17462);
#17462 = SURFACE_SIDE_STYLE('',(#17463));
#17463 = SURFACE_STYLE_FILL_AREA(#17464);
#17464 = FILL_AREA_STYLE('',(#17465));
#17465 = FILL_AREA_STYLE_COLOUR('',#17206);
#17466 = STYLED_ITEM('color',(#17467),#7417);
#17467 = PRESENTATION_STYLE_ASSIGNMENT((#17468));
#17468 = SURFACE_STYLE_USAGE(.BOTH.,#17469);
#17469 = SURFACE_SIDE_STYLE('',(#17470));
#17470 = SURFACE_STYLE_FILL_AREA(#17471);
#17471 = FILL_AREA_STYLE('',(#17472));
#17472 = FILL_AREA_STYLE_COLOUR('',#17206);
#17473 = STYLED_ITEM('color',(#17474),#7434);
#17474 = PRESENTATION_STYLE_ASSIGNMENT((#17475));
#17475 = SURFACE_STYLE_USAGE(.BOTH.,#17476);
#17476 = SURFACE_SIDE_STYLE('',(#17477));
#17477 = SURFACE_STYLE_FILL_AREA(#17478);
#17478 = FILL_AREA_STYLE('',(#17479));
#17479 = FILL_AREA_STYLE_COLOUR('',#17206);
#17480 = STYLED_ITEM('color',(#17481),#7451);
#17481 = PRESENTATION_STYLE_ASSIGNMENT((#17482));
#17482 = SURFACE_STYLE_USAGE(.BOTH.,#17483);
#17483 = SURFACE_SIDE_STYLE('',(#17484));
#17484 = SURFACE_STYLE_FILL_AREA(#17485);
#17485 = FILL_AREA_STYLE('',(#17486));
#17486 = FILL_AREA_STYLE_COLOUR('',#17206);
#17487 = STYLED_ITEM('color',(#17488),#7468);
#17488 = PRESENTATION_STYLE_ASSIGNMENT((#17489));
#17489 = SURFACE_STYLE_USAGE(.BOTH.,#17490);
#17490 = SURFACE_SIDE_STYLE('',(#17491));
#17491 = SURFACE_STYLE_FILL_AREA(#17492);
#17492 = FILL_AREA_STYLE('',(#17493));
#17493 = FILL_AREA_STYLE_COLOUR('',#17206);
#17494 = STYLED_ITEM('color',(#17495),#7485);
#17495 = PRESENTATION_STYLE_ASSIGNMENT((#17496));
#17496 = SURFACE_STYLE_USAGE(.BOTH.,#17497);
#17497 = SURFACE_SIDE_STYLE('',(#17498));
#17498 = SURFACE_STYLE_FILL_AREA(#17499);
#17499 = FILL_AREA_STYLE('',(#17500));
#17500 = FILL_AREA_STYLE_COLOUR('',#17206);
#17501 = STYLED_ITEM('color',(#17502),#7502);
#17502 = PRESENTATION_STYLE_ASSIGNMENT((#17503));
#17503 = SURFACE_STYLE_USAGE(.BOTH.,#17504);
#17504 = SURFACE_SIDE_STYLE('',(#17505));
#17505 = SURFACE_STYLE_FILL_AREA(#17506);
#17506 = FILL_AREA_STYLE('',(#17507));
#17507 = FILL_AREA_STYLE_COLOUR('',#17206);
#17508 = STYLED_ITEM('color',(#17509),#7519);
#17509 = PRESENTATION_STYLE_ASSIGNMENT((#17510));
#17510 = SURFACE_STYLE_USAGE(.BOTH.,#17511);
#17511 = SURFACE_SIDE_STYLE('',(#17512));
#17512 = SURFACE_STYLE_FILL_AREA(#17513);
#17513 = FILL_AREA_STYLE('',(#17514));
#17514 = FILL_AREA_STYLE_COLOUR('',#17206);
#17515 = STYLED_ITEM('color',(#17516),#7536);
#17516 = PRESENTATION_STYLE_ASSIGNMENT((#17517));
#17517 = SURFACE_STYLE_USAGE(.BOTH.,#17518);
#17518 = SURFACE_SIDE_STYLE('',(#17519));
#17519 = SURFACE_STYLE_FILL_AREA(#17520);
#17520 = FILL_AREA_STYLE('',(#17521));
#17521 = FILL_AREA_STYLE_COLOUR('',#17206);
#17522 = STYLED_ITEM('color',(#17523),#7553);
#17523 = PRESENTATION_STYLE_ASSIGNMENT((#17524));
#17524 = SURFACE_STYLE_USAGE(.BOTH.,#17525);
#17525 = SURFACE_SIDE_STYLE('',(#17526));
#17526 = SURFACE_STYLE_FILL_AREA(#17527);
#17527 = FILL_AREA_STYLE('',(#17528));
#17528 = FILL_AREA_STYLE_COLOUR('',#17206);
#17529 = STYLED_ITEM('color',(#17530),#7570);
#17530 = PRESENTATION_STYLE_ASSIGNMENT((#17531));
#17531 = SURFACE_STYLE_USAGE(.BOTH.,#17532);
#17532 = SURFACE_SIDE_STYLE('',(#17533));
#17533 = SURFACE_STYLE_FILL_AREA(#17534);
#17534 = FILL_AREA_STYLE('',(#17535));
#17535 = FILL_AREA_STYLE_COLOUR('',#17206);
#17536 = STYLED_ITEM('color',(#17537),#7587);
#17537 = PRESENTATION_STYLE_ASSIGNMENT((#17538));
#17538 = SURFACE_STYLE_USAGE(.BOTH.,#17539);
#17539 = SURFACE_SIDE_STYLE('',(#17540));
#17540 = SURFACE_STYLE_FILL_AREA(#17541);
#17541 = FILL_AREA_STYLE('',(#17542));
#17542 = FILL_AREA_STYLE_COLOUR('',#17206);
#17543 = STYLED_ITEM('color',(#17544),#7599);
#17544 = PRESENTATION_STYLE_ASSIGNMENT((#17545));
#17545 = SURFACE_STYLE_USAGE(.BOTH.,#17546);
#17546 = SURFACE_SIDE_STYLE('',(#17547));
#17547 = SURFACE_STYLE_FILL_AREA(#17548);
#17548 = FILL_AREA_STYLE('',(#17549));
#17549 = FILL_AREA_STYLE_COLOUR('',#17206);
#17550 = STYLED_ITEM('color',(#17551),#7616);
#17551 = PRESENTATION_STYLE_ASSIGNMENT((#17552));
#17552 = SURFACE_STYLE_USAGE(.BOTH.,#17553);
#17553 = SURFACE_SIDE_STYLE('',(#17554));
#17554 = SURFACE_STYLE_FILL_AREA(#17555);
#17555 = FILL_AREA_STYLE('',(#17556));
#17556 = FILL_AREA_STYLE_COLOUR('',#17206);
#17557 = STYLED_ITEM('color',(#17558),#7633);
#17558 = PRESENTATION_STYLE_ASSIGNMENT((#17559));
#17559 = SURFACE_STYLE_USAGE(.BOTH.,#17560);
#17560 = SURFACE_SIDE_STYLE('',(#17561));
#17561 = SURFACE_STYLE_FILL_AREA(#17562);
#17562 = FILL_AREA_STYLE('',(#17563));
#17563 = FILL_AREA_STYLE_COLOUR('',#17206);
#17564 = STYLED_ITEM('color',(#17565),#7650);
#17565 = PRESENTATION_STYLE_ASSIGNMENT((#17566));
#17566 = SURFACE_STYLE_USAGE(.BOTH.,#17567);
#17567 = SURFACE_SIDE_STYLE('',(#17568));
#17568 = SURFACE_STYLE_FILL_AREA(#17569);
#17569 = FILL_AREA_STYLE('',(#17570));
#17570 = FILL_AREA_STYLE_COLOUR('',#17206);
#17571 = STYLED_ITEM('color',(#17572),#7696);
#17572 = PRESENTATION_STYLE_ASSIGNMENT((#17573));
#17573 = SURFACE_STYLE_USAGE(.BOTH.,#17574);
#17574 = SURFACE_SIDE_STYLE('',(#17575));
#17575 = SURFACE_STYLE_FILL_AREA(#17576);
#17576 = FILL_AREA_STYLE('',(#17577));
#17577 = FILL_AREA_STYLE_COLOUR('',#17206);
#17578 = STYLED_ITEM('color',(#17579),#7742);
#17579 = PRESENTATION_STYLE_ASSIGNMENT((#17580));
#17580 = SURFACE_STYLE_USAGE(.BOTH.,#17581);
#17581 = SURFACE_SIDE_STYLE('',(#17582));
#17582 = SURFACE_STYLE_FILL_AREA(#17583);
#17583 = FILL_AREA_STYLE('',(#17584));
#17584 = FILL_AREA_STYLE_COLOUR('',#17206);
#17585 = STYLED_ITEM('color',(#17586),#7788);
#17586 = PRESENTATION_STYLE_ASSIGNMENT((#17587));
#17587 = SURFACE_STYLE_USAGE(.BOTH.,#17588);
#17588 = SURFACE_SIDE_STYLE('',(#17589));
#17589 = SURFACE_STYLE_FILL_AREA(#17590);
#17590 = FILL_AREA_STYLE('',(#17591));
#17591 = FILL_AREA_STYLE_COLOUR('',#17592);
#17592 = COLOUR_RGB('',0.823529417451,0.819607860991,0.780392170416);
#17593 = STYLED_ITEM('color',(#17594),#7819);
#17594 = PRESENTATION_STYLE_ASSIGNMENT((#17595));
#17595 = SURFACE_STYLE_USAGE(.BOTH.,#17596);
#17596 = SURFACE_SIDE_STYLE('',(#17597));
#17597 = SURFACE_STYLE_FILL_AREA(#17598);
#17598 = FILL_AREA_STYLE('',(#17599));
#17599 = FILL_AREA_STYLE_COLOUR('',#17592);
#17600 = STYLED_ITEM('color',(#17601),#7843);
#17601 = PRESENTATION_STYLE_ASSIGNMENT((#17602));
#17602 = SURFACE_STYLE_USAGE(.BOTH.,#17603);
#17603 = SURFACE_SIDE_STYLE('',(#17604));
#17604 = SURFACE_STYLE_FILL_AREA(#17605);
#17605 = FILL_AREA_STYLE('',(#17606));
#17606 = FILL_AREA_STYLE_COLOUR('',#17592);
#17607 = STYLED_ITEM('color',(#17608),#7867);
#17608 = PRESENTATION_STYLE_ASSIGNMENT((#17609));
#17609 = SURFACE_STYLE_USAGE(.BOTH.,#17610);
#17610 = SURFACE_SIDE_STYLE('',(#17611));
#17611 = SURFACE_STYLE_FILL_AREA(#17612);
#17612 = FILL_AREA_STYLE('',(#17613));
#17613 = FILL_AREA_STYLE_COLOUR('',#17592);
#17614 = STYLED_ITEM('color',(#17615),#7884);
#17615 = PRESENTATION_STYLE_ASSIGNMENT((#17616));
#17616 = SURFACE_STYLE_USAGE(.BOTH.,#17617);
#17617 = SURFACE_SIDE_STYLE('',(#17618));
#17618 = SURFACE_STYLE_FILL_AREA(#17619);
#17619 = FILL_AREA_STYLE('',(#17620));
#17620 = FILL_AREA_STYLE_COLOUR('',#17592);
#17621 = STYLED_ITEM('color',(#17622),#7915);
#17622 = PRESENTATION_STYLE_ASSIGNMENT((#17623));
#17623 = SURFACE_STYLE_USAGE(.BOTH.,#17624);
#17624 = SURFACE_SIDE_STYLE('',(#17625));
#17625 = SURFACE_STYLE_FILL_AREA(#17626);
#17626 = FILL_AREA_STYLE('',(#17627));
#17627 = FILL_AREA_STYLE_COLOUR('',#17592);
#17628 = STYLED_ITEM('color',(#17629),#7939);
#17629 = PRESENTATION_STYLE_ASSIGNMENT((#17630));
#17630 = SURFACE_STYLE_USAGE(.BOTH.,#17631);
#17631 = SURFACE_SIDE_STYLE('',(#17632));
#17632 = SURFACE_STYLE_FILL_AREA(#17633);
#17633 = FILL_AREA_STYLE('',(#17634));
#17634 = FILL_AREA_STYLE_COLOUR('',#17592);
#17635 = STYLED_ITEM('color',(#17636),#7963);
#17636 = PRESENTATION_STYLE_ASSIGNMENT((#17637));
#17637 = SURFACE_STYLE_USAGE(.BOTH.,#17638);
#17638 = SURFACE_SIDE_STYLE('',(#17639));
#17639 = SURFACE_STYLE_FILL_AREA(#17640);
#17640 = FILL_AREA_STYLE('',(#17641));
#17641 = FILL_AREA_STYLE_COLOUR('',#17592);
#17642 = STYLED_ITEM('color',(#17643),#7980);
#17643 = PRESENTATION_STYLE_ASSIGNMENT((#17644));
#17644 = SURFACE_STYLE_USAGE(.BOTH.,#17645);
#17645 = SURFACE_SIDE_STYLE('',(#17646));
#17646 = SURFACE_STYLE_FILL_AREA(#17647);
#17647 = FILL_AREA_STYLE('',(#17648));
#17648 = FILL_AREA_STYLE_COLOUR('',#17592);
#17649 = STYLED_ITEM('color',(#17650),#8011);
#17650 = PRESENTATION_STYLE_ASSIGNMENT((#17651));
#17651 = SURFACE_STYLE_USAGE(.BOTH.,#17652);
#17652 = SURFACE_SIDE_STYLE('',(#17653));
#17653 = SURFACE_STYLE_FILL_AREA(#17654);
#17654 = FILL_AREA_STYLE('',(#17655));
#17655 = FILL_AREA_STYLE_COLOUR('',#17592);
#17656 = STYLED_ITEM('color',(#17657),#8035);
#17657 = PRESENTATION_STYLE_ASSIGNMENT((#17658));
#17658 = SURFACE_STYLE_USAGE(.BOTH.,#17659);
#17659 = SURFACE_SIDE_STYLE('',(#17660));
#17660 = SURFACE_STYLE_FILL_AREA(#17661);
#17661 = FILL_AREA_STYLE('',(#17662));
#17662 = FILL_AREA_STYLE_COLOUR('',#17592);
#17663 = STYLED_ITEM('color',(#17664),#8059);
#17664 = PRESENTATION_STYLE_ASSIGNMENT((#17665));
#17665 = SURFACE_STYLE_USAGE(.BOTH.,#17666);
#17666 = SURFACE_SIDE_STYLE('',(#17667));
#17667 = SURFACE_STYLE_FILL_AREA(#17668);
#17668 = FILL_AREA_STYLE('',(#17669));
#17669 = FILL_AREA_STYLE_COLOUR('',#17592);
#17670 = STYLED_ITEM('color',(#17671),#8076);
#17671 = PRESENTATION_STYLE_ASSIGNMENT((#17672));
#17672 = SURFACE_STYLE_USAGE(.BOTH.,#17673);
#17673 = SURFACE_SIDE_STYLE('',(#17674));
#17674 = SURFACE_STYLE_FILL_AREA(#17675);
#17675 = FILL_AREA_STYLE('',(#17676));
#17676 = FILL_AREA_STYLE_COLOUR('',#17592);
#17677 = STYLED_ITEM('color',(#17678),#8139);
#17678 = PRESENTATION_STYLE_ASSIGNMENT((#17679));
#17679 = SURFACE_STYLE_USAGE(.BOTH.,#17680);
#17680 = SURFACE_SIDE_STYLE('',(#17681));
#17681 = SURFACE_STYLE_FILL_AREA(#17682);
#17682 = FILL_AREA_STYLE('',(#17683));
#17683 = FILL_AREA_STYLE_COLOUR('',#17592);
#17684 = STYLED_ITEM('color',(#17685),#8163);
#17685 = PRESENTATION_STYLE_ASSIGNMENT((#17686));
#17686 = SURFACE_STYLE_USAGE(.BOTH.,#17687);
#17687 = SURFACE_SIDE_STYLE('',(#17688));
#17688 = SURFACE_STYLE_FILL_AREA(#17689);
#17689 = FILL_AREA_STYLE('',(#17690));
#17690 = FILL_AREA_STYLE_COLOUR('',#17592);
#17691 = STYLED_ITEM('color',(#17692),#8219);
#17692 = PRESENTATION_STYLE_ASSIGNMENT((#17693));
#17693 = SURFACE_STYLE_USAGE(.BOTH.,#17694);
#17694 = SURFACE_SIDE_STYLE('',(#17695));
#17695 = SURFACE_STYLE_FILL_AREA(#17696);
#17696 = FILL_AREA_STYLE('',(#17697));
#17697 = FILL_AREA_STYLE_COLOUR('',#17592);
#17698 = STYLED_ITEM('color',(#17699),#8236);
#17699 = PRESENTATION_STYLE_ASSIGNMENT((#17700));
#17700 = SURFACE_STYLE_USAGE(.BOTH.,#17701);
#17701 = SURFACE_SIDE_STYLE('',(#17702));
#17702 = SURFACE_STYLE_FILL_AREA(#17703);
#17703 = FILL_AREA_STYLE('',(#17704));
#17704 = FILL_AREA_STYLE_COLOUR('',#17592);
#17705 = STYLED_ITEM('color',(#17706),#8267);
#17706 = PRESENTATION_STYLE_ASSIGNMENT((#17707));
#17707 = SURFACE_STYLE_USAGE(.BOTH.,#17708);
#17708 = SURFACE_SIDE_STYLE('',(#17709));
#17709 = SURFACE_STYLE_FILL_AREA(#17710);
#17710 = FILL_AREA_STYLE('',(#17711));
#17711 = FILL_AREA_STYLE_COLOUR('',#17592);
#17712 = STYLED_ITEM('color',(#17713),#8291);
#17713 = PRESENTATION_STYLE_ASSIGNMENT((#17714));
#17714 = SURFACE_STYLE_USAGE(.BOTH.,#17715);
#17715 = SURFACE_SIDE_STYLE('',(#17716));
#17716 = SURFACE_STYLE_FILL_AREA(#17717);
#17717 = FILL_AREA_STYLE('',(#17718));
#17718 = FILL_AREA_STYLE_COLOUR('',#17592);
#17719 = STYLED_ITEM('color',(#17720),#8315);
#17720 = PRESENTATION_STYLE_ASSIGNMENT((#17721));
#17721 = SURFACE_STYLE_USAGE(.BOTH.,#17722);
#17722 = SURFACE_SIDE_STYLE('',(#17723));
#17723 = SURFACE_STYLE_FILL_AREA(#17724);
#17724 = FILL_AREA_STYLE('',(#17725));
#17725 = FILL_AREA_STYLE_COLOUR('',#17592);
#17726 = STYLED_ITEM('color',(#17727),#8332);
#17727 = PRESENTATION_STYLE_ASSIGNMENT((#17728));
#17728 = SURFACE_STYLE_USAGE(.BOTH.,#17729);
#17729 = SURFACE_SIDE_STYLE('',(#17730));
#17730 = SURFACE_STYLE_FILL_AREA(#17731);
#17731 = FILL_AREA_STYLE('',(#17732));
#17732 = FILL_AREA_STYLE_COLOUR('',#17592);
#17733 = STYLED_ITEM('color',(#17734),#8395);
#17734 = PRESENTATION_STYLE_ASSIGNMENT((#17735));
#17735 = SURFACE_STYLE_USAGE(.BOTH.,#17736);
#17736 = SURFACE_SIDE_STYLE('',(#17737));
#17737 = SURFACE_STYLE_FILL_AREA(#17738);
#17738 = FILL_AREA_STYLE('',(#17739));
#17739 = FILL_AREA_STYLE_COLOUR('',#17592);
#17740 = STYLED_ITEM('color',(#17741),#8419);
#17741 = PRESENTATION_STYLE_ASSIGNMENT((#17742));
#17742 = SURFACE_STYLE_USAGE(.BOTH.,#17743);
#17743 = SURFACE_SIDE_STYLE('',(#17744));
#17744 = SURFACE_STYLE_FILL_AREA(#17745);
#17745 = FILL_AREA_STYLE('',(#17746));
#17746 = FILL_AREA_STYLE_COLOUR('',#17592);
#17747 = STYLED_ITEM('color',(#17748),#8475);
#17748 = PRESENTATION_STYLE_ASSIGNMENT((#17749));
#17749 = SURFACE_STYLE_USAGE(.BOTH.,#17750);
#17750 = SURFACE_SIDE_STYLE('',(#17751));
#17751 = SURFACE_STYLE_FILL_AREA(#17752);
#17752 = FILL_AREA_STYLE('',(#17753));
#17753 = FILL_AREA_STYLE_COLOUR('',#17592);
#17754 = STYLED_ITEM('color',(#17755),#8492);
#17755 = PRESENTATION_STYLE_ASSIGNMENT((#17756));
#17756 = SURFACE_STYLE_USAGE(.BOTH.,#17757);
#17757 = SURFACE_SIDE_STYLE('',(#17758));
#17758 = SURFACE_STYLE_FILL_AREA(#17759);
#17759 = FILL_AREA_STYLE('',(#17760));
#17760 = FILL_AREA_STYLE_COLOUR('',#17592);
#17761 = STYLED_ITEM('color',(#17762),#8523);
#17762 = PRESENTATION_STYLE_ASSIGNMENT((#17763));
#17763 = SURFACE_STYLE_USAGE(.BOTH.,#17764);
#17764 = SURFACE_SIDE_STYLE('',(#17765));
#17765 = SURFACE_STYLE_FILL_AREA(#17766);
#17766 = FILL_AREA_STYLE('',(#17767));
#17767 = FILL_AREA_STYLE_COLOUR('',#17592);
#17768 = STYLED_ITEM('color',(#17769),#8547);
#17769 = PRESENTATION_STYLE_ASSIGNMENT((#17770));
#17770 = SURFACE_STYLE_USAGE(.BOTH.,#17771);
#17771 = SURFACE_SIDE_STYLE('',(#17772));
#17772 = SURFACE_STYLE_FILL_AREA(#17773);
#17773 = FILL_AREA_STYLE('',(#17774));
#17774 = FILL_AREA_STYLE_COLOUR('',#17592);
#17775 = STYLED_ITEM('color',(#17776),#8571);
#17776 = PRESENTATION_STYLE_ASSIGNMENT((#17777));
#17777 = SURFACE_STYLE_USAGE(.BOTH.,#17778);
#17778 = SURFACE_SIDE_STYLE('',(#17779));
#17779 = SURFACE_STYLE_FILL_AREA(#17780);
#17780 = FILL_AREA_STYLE('',(#17781));
#17781 = FILL_AREA_STYLE_COLOUR('',#17592);
#17782 = STYLED_ITEM('color',(#17783),#8588);
#17783 = PRESENTATION_STYLE_ASSIGNMENT((#17784));
#17784 = SURFACE_STYLE_USAGE(.BOTH.,#17785);
#17785 = SURFACE_SIDE_STYLE('',(#17786));
#17786 = SURFACE_STYLE_FILL_AREA(#17787);
#17787 = FILL_AREA_STYLE('',(#17788));
#17788 = FILL_AREA_STYLE_COLOUR('',#17592);
#17789 = STYLED_ITEM('color',(#17790),#8619);
#17790 = PRESENTATION_STYLE_ASSIGNMENT((#17791));
#17791 = SURFACE_STYLE_USAGE(.BOTH.,#17792);
#17792 = SURFACE_SIDE_STYLE('',(#17793));
#17793 = SURFACE_STYLE_FILL_AREA(#17794);
#17794 = FILL_AREA_STYLE('',(#17795));
#17795 = FILL_AREA_STYLE_COLOUR('',#17592);
#17796 = STYLED_ITEM('color',(#17797),#8643);
#17797 = PRESENTATION_STYLE_ASSIGNMENT((#17798));
#17798 = SURFACE_STYLE_USAGE(.BOTH.,#17799);
#17799 = SURFACE_SIDE_STYLE('',(#17800));
#17800 = SURFACE_STYLE_FILL_AREA(#17801);
#17801 = FILL_AREA_STYLE('',(#17802));
#17802 = FILL_AREA_STYLE_COLOUR('',#17592);
#17803 = STYLED_ITEM('color',(#17804),#8667);
#17804 = PRESENTATION_STYLE_ASSIGNMENT((#17805));
#17805 = SURFACE_STYLE_USAGE(.BOTH.,#17806);
#17806 = SURFACE_SIDE_STYLE('',(#17807));
#17807 = SURFACE_STYLE_FILL_AREA(#17808);
#17808 = FILL_AREA_STYLE('',(#17809));
#17809 = FILL_AREA_STYLE_COLOUR('',#17592);
#17810 = STYLED_ITEM('color',(#17811),#8684);
#17811 = PRESENTATION_STYLE_ASSIGNMENT((#17812));
#17812 = SURFACE_STYLE_USAGE(.BOTH.,#17813);
#17813 = SURFACE_SIDE_STYLE('',(#17814));
#17814 = SURFACE_STYLE_FILL_AREA(#17815);
#17815 = FILL_AREA_STYLE('',(#17816));
#17816 = FILL_AREA_STYLE_COLOUR('',#17592);
#17817 = STYLED_ITEM('color',(#17818),#8715);
#17818 = PRESENTATION_STYLE_ASSIGNMENT((#17819));
#17819 = SURFACE_STYLE_USAGE(.BOTH.,#17820);
#17820 = SURFACE_SIDE_STYLE('',(#17821));
#17821 = SURFACE_STYLE_FILL_AREA(#17822);
#17822 = FILL_AREA_STYLE('',(#17823));
#17823 = FILL_AREA_STYLE_COLOUR('',#17592);
#17824 = STYLED_ITEM('color',(#17825),#8739);
#17825 = PRESENTATION_STYLE_ASSIGNMENT((#17826));
#17826 = SURFACE_STYLE_USAGE(.BOTH.,#17827);
#17827 = SURFACE_SIDE_STYLE('',(#17828));
#17828 = SURFACE_STYLE_FILL_AREA(#17829);
#17829 = FILL_AREA_STYLE('',(#17830));
#17830 = FILL_AREA_STYLE_COLOUR('',#17592);
#17831 = STYLED_ITEM('color',(#17832),#8763);
#17832 = PRESENTATION_STYLE_ASSIGNMENT((#17833));
#17833 = SURFACE_STYLE_USAGE(.BOTH.,#17834);
#17834 = SURFACE_SIDE_STYLE('',(#17835));
#17835 = SURFACE_STYLE_FILL_AREA(#17836);
#17836 = FILL_AREA_STYLE('',(#17837));
#17837 = FILL_AREA_STYLE_COLOUR('',#17592);
#17838 = STYLED_ITEM('color',(#17839),#8780);
#17839 = PRESENTATION_STYLE_ASSIGNMENT((#17840));
#17840 = SURFACE_STYLE_USAGE(.BOTH.,#17841);
#17841 = SURFACE_SIDE_STYLE('',(#17842));
#17842 = SURFACE_STYLE_FILL_AREA(#17843);
#17843 = FILL_AREA_STYLE('',(#17844));
#17844 = FILL_AREA_STYLE_COLOUR('',#17592);
#17845 = STYLED_ITEM('color',(#17846),#8827);
#17846 = PRESENTATION_STYLE_ASSIGNMENT((#17847));
#17847 = SURFACE_STYLE_USAGE(.BOTH.,#17848);
#17848 = SURFACE_SIDE_STYLE('',(#17849));
#17849 = SURFACE_STYLE_FILL_AREA(#17850);
#17850 = FILL_AREA_STYLE('',(#17851));
#17851 = FILL_AREA_STYLE_COLOUR('',#17592);
#17852 = STYLED_ITEM('color',(#17853),#8858);
#17853 = PRESENTATION_STYLE_ASSIGNMENT((#17854));
#17854 = SURFACE_STYLE_USAGE(.BOTH.,#17855);
#17855 = SURFACE_SIDE_STYLE('',(#17856));
#17856 = SURFACE_STYLE_FILL_AREA(#17857);
#17857 = FILL_AREA_STYLE('',(#17858));
#17858 = FILL_AREA_STYLE_COLOUR('',#17592);
#17859 = STYLED_ITEM('color',(#17860),#8870);
#17860 = PRESENTATION_STYLE_ASSIGNMENT((#17861));
#17861 = SURFACE_STYLE_USAGE(.BOTH.,#17862);
#17862 = SURFACE_SIDE_STYLE('',(#17863));
#17863 = SURFACE_STYLE_FILL_AREA(#17864);
#17864 = FILL_AREA_STYLE('',(#17865));
#17865 = FILL_AREA_STYLE_COLOUR('',#17592);
#17866 = STYLED_ITEM('color',(#17867),#8887);
#17867 = PRESENTATION_STYLE_ASSIGNMENT((#17868));
#17868 = SURFACE_STYLE_USAGE(.BOTH.,#17869);
#17869 = SURFACE_SIDE_STYLE('',(#17870));
#17870 = SURFACE_STYLE_FILL_AREA(#17871);
#17871 = FILL_AREA_STYLE('',(#17872));
#17872 = FILL_AREA_STYLE_COLOUR('',#17592);
#17873 = STYLED_ITEM('color',(#17874),#8913);
#17874 = PRESENTATION_STYLE_ASSIGNMENT((#17875));
#17875 = SURFACE_STYLE_USAGE(.BOTH.,#17876);
#17876 = SURFACE_SIDE_STYLE('',(#17877));
#17877 = SURFACE_STYLE_FILL_AREA(#17878);
#17878 = FILL_AREA_STYLE('',(#17879));
#17879 = FILL_AREA_STYLE_COLOUR('',#17592);
#17880 = STYLED_ITEM('color',(#17881),#8946);
#17881 = PRESENTATION_STYLE_ASSIGNMENT((#17882));
#17882 = SURFACE_STYLE_USAGE(.BOTH.,#17883);
#17883 = SURFACE_SIDE_STYLE('',(#17884));
#17884 = SURFACE_STYLE_FILL_AREA(#17885);
#17885 = FILL_AREA_STYLE('',(#17886));
#17886 = FILL_AREA_STYLE_COLOUR('',#17592);
#17887 = STYLED_ITEM('color',(#17888),#8977);
#17888 = PRESENTATION_STYLE_ASSIGNMENT((#17889));
#17889 = SURFACE_STYLE_USAGE(.BOTH.,#17890);
#17890 = SURFACE_SIDE_STYLE('',(#17891));
#17891 = SURFACE_STYLE_FILL_AREA(#17892);
#17892 = FILL_AREA_STYLE('',(#17893));
#17893 = FILL_AREA_STYLE_COLOUR('',#17592);
#17894 = STYLED_ITEM('color',(#17895),#9001);
#17895 = PRESENTATION_STYLE_ASSIGNMENT((#17896));
#17896 = SURFACE_STYLE_USAGE(.BOTH.,#17897);
#17897 = SURFACE_SIDE_STYLE('',(#17898));
#17898 = SURFACE_STYLE_FILL_AREA(#17899);
#17899 = FILL_AREA_STYLE('',(#17900));
#17900 = FILL_AREA_STYLE_COLOUR('',#17592);
#17901 = STYLED_ITEM('color',(#17902),#9025);
#17902 = PRESENTATION_STYLE_ASSIGNMENT((#17903));
#17903 = SURFACE_STYLE_USAGE(.BOTH.,#17904);
#17904 = SURFACE_SIDE_STYLE('',(#17905));
#17905 = SURFACE_STYLE_FILL_AREA(#17906);
#17906 = FILL_AREA_STYLE('',(#17907));
#17907 = FILL_AREA_STYLE_COLOUR('',#17592);
#17908 = STYLED_ITEM('color',(#17909),#9042);
#17909 = PRESENTATION_STYLE_ASSIGNMENT((#17910));
#17910 = SURFACE_STYLE_USAGE(.BOTH.,#17911);
#17911 = SURFACE_SIDE_STYLE('',(#17912));
#17912 = SURFACE_STYLE_FILL_AREA(#17913);
#17913 = FILL_AREA_STYLE('',(#17914));
#17914 = FILL_AREA_STYLE_COLOUR('',#17592);
#17915 = STYLED_ITEM('color',(#17916),#9089);
#17916 = PRESENTATION_STYLE_ASSIGNMENT((#17917));
#17917 = SURFACE_STYLE_USAGE(.BOTH.,#17918);
#17918 = SURFACE_SIDE_STYLE('',(#17919));
#17919 = SURFACE_STYLE_FILL_AREA(#17920);
#17920 = FILL_AREA_STYLE('',(#17921));
#17921 = FILL_AREA_STYLE_COLOUR('',#17592);
#17922 = STYLED_ITEM('color',(#17923),#9120);
#17923 = PRESENTATION_STYLE_ASSIGNMENT((#17924));
#17924 = SURFACE_STYLE_USAGE(.BOTH.,#17925);
#17925 = SURFACE_SIDE_STYLE('',(#17926));
#17926 = SURFACE_STYLE_FILL_AREA(#17927);
#17927 = FILL_AREA_STYLE('',(#17928));
#17928 = FILL_AREA_STYLE_COLOUR('',#17592);
#17929 = STYLED_ITEM('color',(#17930),#9132);
#17930 = PRESENTATION_STYLE_ASSIGNMENT((#17931));
#17931 = SURFACE_STYLE_USAGE(.BOTH.,#17932);
#17932 = SURFACE_SIDE_STYLE('',(#17933));
#17933 = SURFACE_STYLE_FILL_AREA(#17934);
#17934 = FILL_AREA_STYLE('',(#17935));
#17935 = FILL_AREA_STYLE_COLOUR('',#17592);
#17936 = STYLED_ITEM('color',(#17937),#9149);
#17937 = PRESENTATION_STYLE_ASSIGNMENT((#17938));
#17938 = SURFACE_STYLE_USAGE(.BOTH.,#17939);
#17939 = SURFACE_SIDE_STYLE('',(#17940));
#17940 = SURFACE_STYLE_FILL_AREA(#17941);
#17941 = FILL_AREA_STYLE('',(#17942));
#17942 = FILL_AREA_STYLE_COLOUR('',#17592);
#17943 = STYLED_ITEM('color',(#17944),#9175);
#17944 = PRESENTATION_STYLE_ASSIGNMENT((#17945));
#17945 = SURFACE_STYLE_USAGE(.BOTH.,#17946);
#17946 = SURFACE_SIDE_STYLE('',(#17947));
#17947 = SURFACE_STYLE_FILL_AREA(#17948);
#17948 = FILL_AREA_STYLE('',(#17949));
#17949 = FILL_AREA_STYLE_COLOUR('',#17592);
#17950 = STYLED_ITEM('color',(#17951),#9208);
#17951 = PRESENTATION_STYLE_ASSIGNMENT((#17952));
#17952 = SURFACE_STYLE_USAGE(.BOTH.,#17953);
#17953 = SURFACE_SIDE_STYLE('',(#17954));
#17954 = SURFACE_STYLE_FILL_AREA(#17955);
#17955 = FILL_AREA_STYLE('',(#17956));
#17956 = FILL_AREA_STYLE_COLOUR('',#17592);
#17957 = STYLED_ITEM('color',(#17958),#9220);
#17958 = PRESENTATION_STYLE_ASSIGNMENT((#17959));
#17959 = SURFACE_STYLE_USAGE(.BOTH.,#17960);
#17960 = SURFACE_SIDE_STYLE('',(#17961));
#17961 = SURFACE_STYLE_FILL_AREA(#17962);
#17962 = FILL_AREA_STYLE('',(#17963));
#17963 = FILL_AREA_STYLE_COLOUR('',#17592);
#17964 = STYLED_ITEM('color',(#17965),#9232);
#17965 = PRESENTATION_STYLE_ASSIGNMENT((#17966));
#17966 = SURFACE_STYLE_USAGE(.BOTH.,#17967);
#17967 = SURFACE_SIDE_STYLE('',(#17968));
#17968 = SURFACE_STYLE_FILL_AREA(#17969);
#17969 = FILL_AREA_STYLE('',(#17970));
#17970 = FILL_AREA_STYLE_COLOUR('',#17592);
#17971 = STYLED_ITEM('color',(#17972),#9244);
#17972 = PRESENTATION_STYLE_ASSIGNMENT((#17973));
#17973 = SURFACE_STYLE_USAGE(.BOTH.,#17974);
#17974 = SURFACE_SIDE_STYLE('',(#17975));
#17975 = SURFACE_STYLE_FILL_AREA(#17976);
#17976 = FILL_AREA_STYLE('',(#17977));
#17977 = FILL_AREA_STYLE_COLOUR('',#17592);
#17978 = STYLED_ITEM('color',(#17979),#9261);
#17979 = PRESENTATION_STYLE_ASSIGNMENT((#17980));
#17980 = SURFACE_STYLE_USAGE(.BOTH.,#17981);
#17981 = SURFACE_SIDE_STYLE('',(#17982));
#17982 = SURFACE_STYLE_FILL_AREA(#17983);
#17983 = FILL_AREA_STYLE('',(#17984));
#17984 = FILL_AREA_STYLE_COLOUR('',#17592);
#17985 = STYLED_ITEM('color',(#17986),#9278);
#17986 = PRESENTATION_STYLE_ASSIGNMENT((#17987));
#17987 = SURFACE_STYLE_USAGE(.BOTH.,#17988);
#17988 = SURFACE_SIDE_STYLE('',(#17989));
#17989 = SURFACE_STYLE_FILL_AREA(#17990);
#17990 = FILL_AREA_STYLE('',(#17991));
#17991 = FILL_AREA_STYLE_COLOUR('',#17592);
#17992 = STYLED_ITEM('color',(#17993),#9290);
#17993 = PRESENTATION_STYLE_ASSIGNMENT((#17994));
#17994 = SURFACE_STYLE_USAGE(.BOTH.,#17995);
#17995 = SURFACE_SIDE_STYLE('',(#17996));
#17996 = SURFACE_STYLE_FILL_AREA(#17997);
#17997 = FILL_AREA_STYLE('',(#17998));
#17998 = FILL_AREA_STYLE_COLOUR('',#17592);
#17999 = STYLED_ITEM('color',(#18000),#9302);
#18000 = PRESENTATION_STYLE_ASSIGNMENT((#18001));
#18001 = SURFACE_STYLE_USAGE(.BOTH.,#18002);
#18002 = SURFACE_SIDE_STYLE('',(#18003));
#18003 = SURFACE_STYLE_FILL_AREA(#18004);
#18004 = FILL_AREA_STYLE('',(#18005));
#18005 = FILL_AREA_STYLE_COLOUR('',#17592);
#18006 = STYLED_ITEM('color',(#18007),#9319);
#18007 = PRESENTATION_STYLE_ASSIGNMENT((#18008));
#18008 = SURFACE_STYLE_USAGE(.BOTH.,#18009);
#18009 = SURFACE_SIDE_STYLE('',(#18010));
#18010 = SURFACE_STYLE_FILL_AREA(#18011);
#18011 = FILL_AREA_STYLE('',(#18012));
#18012 = FILL_AREA_STYLE_COLOUR('',#17592);
#18013 = STYLED_ITEM('color',(#18014),#9336);
#18014 = PRESENTATION_STYLE_ASSIGNMENT((#18015));
#18015 = SURFACE_STYLE_USAGE(.BOTH.,#18016);
#18016 = SURFACE_SIDE_STYLE('',(#18017));
#18017 = SURFACE_STYLE_FILL_AREA(#18018);
#18018 = FILL_AREA_STYLE('',(#18019));
#18019 = FILL_AREA_STYLE_COLOUR('',#17592);
#18020 = MECHANICAL_DESIGN_GEOMETRIC_PRESENTATION_REPRESENTATION('',(
    #18021),#16877);
#18021 = STYLED_ITEM('color',(#18022),#15469);
#18022 = PRESENTATION_STYLE_ASSIGNMENT((#18023));
#18023 = SURFACE_STYLE_USAGE(.BOTH.,#18024);
#18024 = SURFACE_SIDE_STYLE('',(#18025));
#18025 = SURFACE_STYLE_FILL_AREA(#18026);
#18026 = FILL_AREA_STYLE('',(#18027));
#18027 = FILL_AREA_STYLE_COLOUR('',#18028);
#18028 = COLOUR_RGB('',0.313304153717,0.484529207832,0.410020903123);
#18029 = MECHANICAL_DESIGN_GEOMETRIC_PRESENTATION_REPRESENTATION('',(
    #18030,#18037,#18044,#18051,#18058,#18065,#18072,#18079,#18086,
    #18093,#18100,#18107,#18114,#18121,#18128,#18135,#18142,#18149,
    #18156,#18163,#18170,#18177,#18184,#18191,#18198,#18205,#18212,
    #18219,#18226,#18233,#18240,#18247,#18254,#18261,#18268,#18275,
    #18282,#18289,#18296,#18303,#18310,#18317,#18324,#18331,#18338,
    #18345,#18352,#18359,#18366,#18373,#18380,#18387,#18394,#18401,
    #18408,#18415,#18422,#18429,#18436,#18443,#18450,#18457,#18464,
    #18471,#18478,#18485,#18492,#18499,#18506,#18513,#18520,#18527,
    #18534,#18541,#18548,#18555,#18562,#18569,#18576,#18583,#18590,
    #18597,#18604,#18611,#18618,#18625,#18632,#18639,#18646,#18653,
    #18660,#18667,#18674,#18681,#18688,#18695,#18702,#18709,#18716,
    #18723,#18730,#18737,#18744,#18751,#18758,#18765,#18772,#18779,
    #18786,#18793,#18800,#18807,#18814,#18821,#18828,#18835,#18842,
    #18849,#18856,#18863,#18870,#18877,#18884,#18891,#18898,#18905,
    #18912,#18919,#18926,#18933,#18940,#18947,#18954,#18961,#18968,
    #18975,#18982,#18989,#18996,#19003,#19010,#19017,#19024,#19031,
    #19038,#19045,#19052,#19059,#19066,#19073,#19080,#19087,#19094,
    #19101,#19108,#19115,#19122,#19129,#19136,#19143,#19150,#19157,
    #19164,#19171,#19178),#4953);
#18030 = STYLED_ITEM('color',(#18031),#86);
#18031 = PRESENTATION_STYLE_ASSIGNMENT((#18032));
#18032 = SURFACE_STYLE_USAGE(.BOTH.,#18033);
#18033 = SURFACE_SIDE_STYLE('',(#18034));
#18034 = SURFACE_STYLE_FILL_AREA(#18035);
#18035 = FILL_AREA_STYLE('',(#18036));
#18036 = FILL_AREA_STYLE_COLOUR('',#17206);
#18037 = STYLED_ITEM('color',(#18038),#158);
#18038 = PRESENTATION_STYLE_ASSIGNMENT((#18039));
#18039 = SURFACE_STYLE_USAGE(.BOTH.,#18040);
#18040 = SURFACE_SIDE_STYLE('',(#18041));
#18041 = SURFACE_STYLE_FILL_AREA(#18042);
#18042 = FILL_AREA_STYLE('',(#18043));
#18043 = FILL_AREA_STYLE_COLOUR('',#17206);
#18044 = STYLED_ITEM('color',(#18045),#197);
#18045 = PRESENTATION_STYLE_ASSIGNMENT((#18046));
#18046 = SURFACE_STYLE_USAGE(.BOTH.,#18047);
#18047 = SURFACE_SIDE_STYLE('',(#18048));
#18048 = SURFACE_STYLE_FILL_AREA(#18049);
#18049 = FILL_AREA_STYLE('',(#18050));
#18050 = FILL_AREA_STYLE_COLOUR('',#17206);
#18051 = STYLED_ITEM('color',(#18052),#221);
#18052 = PRESENTATION_STYLE_ASSIGNMENT((#18053));
#18053 = SURFACE_STYLE_USAGE(.BOTH.,#18054);
#18054 = SURFACE_SIDE_STYLE('',(#18055));
#18055 = SURFACE_STYLE_FILL_AREA(#18056);
#18056 = FILL_AREA_STYLE('',(#18057));
#18057 = FILL_AREA_STYLE_COLOUR('',#17206);
#18058 = STYLED_ITEM('color',(#18059),#286);
#18059 = PRESENTATION_STYLE_ASSIGNMENT((#18060));
#18060 = SURFACE_STYLE_USAGE(.BOTH.,#18061);
#18061 = SURFACE_SIDE_STYLE('',(#18062));
#18062 = SURFACE_STYLE_FILL_AREA(#18063);
#18063 = FILL_AREA_STYLE('',(#18064));
#18064 = FILL_AREA_STYLE_COLOUR('',#17206);
#18065 = STYLED_ITEM('color',(#18066),#310);
#18066 = PRESENTATION_STYLE_ASSIGNMENT((#18067));
#18067 = SURFACE_STYLE_USAGE(.BOTH.,#18068);
#18068 = SURFACE_SIDE_STYLE('',(#18069));
#18069 = SURFACE_STYLE_FILL_AREA(#18070);
#18070 = FILL_AREA_STYLE('',(#18071));
#18071 = FILL_AREA_STYLE_COLOUR('',#17206);
#18072 = STYLED_ITEM('color',(#18073),#494);
#18073 = PRESENTATION_STYLE_ASSIGNMENT((#18074));
#18074 = SURFACE_STYLE_USAGE(.BOTH.,#18075);
#18075 = SURFACE_SIDE_STYLE('',(#18076));
#18076 = SURFACE_STYLE_FILL_AREA(#18077);
#18077 = FILL_AREA_STYLE('',(#18078));
#18078 = FILL_AREA_STYLE_COLOUR('',#17206);
#18079 = STYLED_ITEM('color',(#18080),#518);
#18080 = PRESENTATION_STYLE_ASSIGNMENT((#18081));
#18081 = SURFACE_STYLE_USAGE(.BOTH.,#18082);
#18082 = SURFACE_SIDE_STYLE('',(#18083));
#18083 = SURFACE_STYLE_FILL_AREA(#18084);
#18084 = FILL_AREA_STYLE('',(#18085));
#18085 = FILL_AREA_STYLE_COLOUR('',#17206);
#18086 = STYLED_ITEM('color',(#18087),#583);
#18087 = PRESENTATION_STYLE_ASSIGNMENT((#18088));
#18088 = SURFACE_STYLE_USAGE(.BOTH.,#18089);
#18089 = SURFACE_SIDE_STYLE('',(#18090));
#18090 = SURFACE_STYLE_FILL_AREA(#18091);
#18091 = FILL_AREA_STYLE('',(#18092));
#18092 = FILL_AREA_STYLE_COLOUR('',#17206);
#18093 = STYLED_ITEM('color',(#18094),#608);
#18094 = PRESENTATION_STYLE_ASSIGNMENT((#18095));
#18095 = SURFACE_STYLE_USAGE(.BOTH.,#18096);
#18096 = SURFACE_SIDE_STYLE('',(#18097));
#18097 = SURFACE_STYLE_FILL_AREA(#18098);
#18098 = FILL_AREA_STYLE('',(#18099));
#18099 = FILL_AREA_STYLE_COLOUR('',#17206);
#18100 = STYLED_ITEM('color',(#18101),#657);
#18101 = PRESENTATION_STYLE_ASSIGNMENT((#18102));
#18102 = SURFACE_STYLE_USAGE(.BOTH.,#18103);
#18103 = SURFACE_SIDE_STYLE('',(#18104));
#18104 = SURFACE_STYLE_FILL_AREA(#18105);
#18105 = FILL_AREA_STYLE('',(#18106));
#18106 = FILL_AREA_STYLE_COLOUR('',#17206);
#18107 = STYLED_ITEM('color',(#18108),#674);
#18108 = PRESENTATION_STYLE_ASSIGNMENT((#18109));
#18109 = SURFACE_STYLE_USAGE(.BOTH.,#18110);
#18110 = SURFACE_SIDE_STYLE('',(#18111));
#18111 = SURFACE_STYLE_FILL_AREA(#18112);
#18112 = FILL_AREA_STYLE('',(#18113));
#18113 = FILL_AREA_STYLE_COLOUR('',#17206);
#18114 = STYLED_ITEM('color',(#18115),#698);
#18115 = PRESENTATION_STYLE_ASSIGNMENT((#18116));
#18116 = SURFACE_STYLE_USAGE(.BOTH.,#18117);
#18117 = SURFACE_SIDE_STYLE('',(#18118));
#18118 = SURFACE_STYLE_FILL_AREA(#18119);
#18119 = FILL_AREA_STYLE('',(#18120));
#18120 = FILL_AREA_STYLE_COLOUR('',#17206);
#18121 = STYLED_ITEM('color',(#18122),#715);
#18122 = PRESENTATION_STYLE_ASSIGNMENT((#18123));
#18123 = SURFACE_STYLE_USAGE(.BOTH.,#18124);
#18124 = SURFACE_SIDE_STYLE('',(#18125));
#18125 = SURFACE_STYLE_FILL_AREA(#18126);
#18126 = FILL_AREA_STYLE('',(#18127));
#18127 = FILL_AREA_STYLE_COLOUR('',#17206);
#18128 = STYLED_ITEM('color',(#18129),#885);
#18129 = PRESENTATION_STYLE_ASSIGNMENT((#18130));
#18130 = SURFACE_STYLE_USAGE(.BOTH.,#18131);
#18131 = SURFACE_SIDE_STYLE('',(#18132));
#18132 = SURFACE_STYLE_FILL_AREA(#18133);
#18133 = FILL_AREA_STYLE('',(#18134));
#18134 = FILL_AREA_STYLE_COLOUR('',#17206);
#18135 = STYLED_ITEM('color',(#18136),#909);
#18136 = PRESENTATION_STYLE_ASSIGNMENT((#18137));
#18137 = SURFACE_STYLE_USAGE(.BOTH.,#18138);
#18138 = SURFACE_SIDE_STYLE('',(#18139));
#18139 = SURFACE_STYLE_FILL_AREA(#18140);
#18140 = FILL_AREA_STYLE('',(#18141));
#18141 = FILL_AREA_STYLE_COLOUR('',#17206);
#18142 = STYLED_ITEM('color',(#18143),#1207);
#18143 = PRESENTATION_STYLE_ASSIGNMENT((#18144));
#18144 = SURFACE_STYLE_USAGE(.BOTH.,#18145);
#18145 = SURFACE_SIDE_STYLE('',(#18146));
#18146 = SURFACE_STYLE_FILL_AREA(#18147);
#18147 = FILL_AREA_STYLE('',(#18148));
#18148 = FILL_AREA_STYLE_COLOUR('',#17206);
#18149 = STYLED_ITEM('color',(#18150),#1231);
#18150 = PRESENTATION_STYLE_ASSIGNMENT((#18151));
#18151 = SURFACE_STYLE_USAGE(.BOTH.,#18152);
#18152 = SURFACE_SIDE_STYLE('',(#18153));
#18153 = SURFACE_STYLE_FILL_AREA(#18154);
#18154 = FILL_AREA_STYLE('',(#18155));
#18155 = FILL_AREA_STYLE_COLOUR('',#17206);
#18156 = STYLED_ITEM('color',(#18157),#1264);
#18157 = PRESENTATION_STYLE_ASSIGNMENT((#18158));
#18158 = SURFACE_STYLE_USAGE(.BOTH.,#18159);
#18159 = SURFACE_SIDE_STYLE('',(#18160));
#18160 = SURFACE_STYLE_FILL_AREA(#18161);
#18161 = FILL_AREA_STYLE('',(#18162));
#18162 = FILL_AREA_STYLE_COLOUR('',#17206);
#18163 = STYLED_ITEM('color',(#18164),#1288);
#18164 = PRESENTATION_STYLE_ASSIGNMENT((#18165));
#18165 = SURFACE_STYLE_USAGE(.BOTH.,#18166);
#18166 = SURFACE_SIDE_STYLE('',(#18167));
#18167 = SURFACE_STYLE_FILL_AREA(#18168);
#18168 = FILL_AREA_STYLE('',(#18169));
#18169 = FILL_AREA_STYLE_COLOUR('',#17206);
#18170 = STYLED_ITEM('color',(#18171),#1319);
#18171 = PRESENTATION_STYLE_ASSIGNMENT((#18172));
#18172 = SURFACE_STYLE_USAGE(.BOTH.,#18173);
#18173 = SURFACE_SIDE_STYLE('',(#18174));
#18174 = SURFACE_STYLE_FILL_AREA(#18175);
#18175 = FILL_AREA_STYLE('',(#18176));
#18176 = FILL_AREA_STYLE_COLOUR('',#17206);
#18177 = STYLED_ITEM('color',(#18178),#1336);
#18178 = PRESENTATION_STYLE_ASSIGNMENT((#18179));
#18179 = SURFACE_STYLE_USAGE(.BOTH.,#18180);
#18180 = SURFACE_SIDE_STYLE('',(#18181));
#18181 = SURFACE_STYLE_FILL_AREA(#18182);
#18182 = FILL_AREA_STYLE('',(#18183));
#18183 = FILL_AREA_STYLE_COLOUR('',#17206);
#18184 = STYLED_ITEM('color',(#18185),#1369);
#18185 = PRESENTATION_STYLE_ASSIGNMENT((#18186));
#18186 = SURFACE_STYLE_USAGE(.BOTH.,#18187);
#18187 = SURFACE_SIDE_STYLE('',(#18188));
#18188 = SURFACE_STYLE_FILL_AREA(#18189);
#18189 = FILL_AREA_STYLE('',(#18190));
#18190 = FILL_AREA_STYLE_COLOUR('',#17206);
#18191 = STYLED_ITEM('color',(#18192),#1393);
#18192 = PRESENTATION_STYLE_ASSIGNMENT((#18193));
#18193 = SURFACE_STYLE_USAGE(.BOTH.,#18194);
#18194 = SURFACE_SIDE_STYLE('',(#18195));
#18195 = SURFACE_STYLE_FILL_AREA(#18196);
#18196 = FILL_AREA_STYLE('',(#18197));
#18197 = FILL_AREA_STYLE_COLOUR('',#17206);
#18198 = STYLED_ITEM('color',(#18199),#1424);
#18199 = PRESENTATION_STYLE_ASSIGNMENT((#18200));
#18200 = SURFACE_STYLE_USAGE(.BOTH.,#18201);
#18201 = SURFACE_SIDE_STYLE('',(#18202));
#18202 = SURFACE_STYLE_FILL_AREA(#18203);
#18203 = FILL_AREA_STYLE('',(#18204));
#18204 = FILL_AREA_STYLE_COLOUR('',#17206);
#18205 = STYLED_ITEM('color',(#18206),#1441);
#18206 = PRESENTATION_STYLE_ASSIGNMENT((#18207));
#18207 = SURFACE_STYLE_USAGE(.BOTH.,#18208);
#18208 = SURFACE_SIDE_STYLE('',(#18209));
#18209 = SURFACE_STYLE_FILL_AREA(#18210);
#18210 = FILL_AREA_STYLE('',(#18211));
#18211 = FILL_AREA_STYLE_COLOUR('',#17206);
#18212 = STYLED_ITEM('color',(#18213),#1474);
#18213 = PRESENTATION_STYLE_ASSIGNMENT((#18214));
#18214 = SURFACE_STYLE_USAGE(.BOTH.,#18215);
#18215 = SURFACE_SIDE_STYLE('',(#18216));
#18216 = SURFACE_STYLE_FILL_AREA(#18217);
#18217 = FILL_AREA_STYLE('',(#18218));
#18218 = FILL_AREA_STYLE_COLOUR('',#17206);
#18219 = STYLED_ITEM('color',(#18220),#1498);
#18220 = PRESENTATION_STYLE_ASSIGNMENT((#18221));
#18221 = SURFACE_STYLE_USAGE(.BOTH.,#18222);
#18222 = SURFACE_SIDE_STYLE('',(#18223));
#18223 = SURFACE_STYLE_FILL_AREA(#18224);
#18224 = FILL_AREA_STYLE('',(#18225));
#18225 = FILL_AREA_STYLE_COLOUR('',#17206);
#18226 = STYLED_ITEM('color',(#18227),#1529);
#18227 = PRESENTATION_STYLE_ASSIGNMENT((#18228));
#18228 = SURFACE_STYLE_USAGE(.BOTH.,#18229);
#18229 = SURFACE_SIDE_STYLE('',(#18230));
#18230 = SURFACE_STYLE_FILL_AREA(#18231);
#18231 = FILL_AREA_STYLE('',(#18232));
#18232 = FILL_AREA_STYLE_COLOUR('',#17206);
#18233 = STYLED_ITEM('color',(#18234),#1546);
#18234 = PRESENTATION_STYLE_ASSIGNMENT((#18235));
#18235 = SURFACE_STYLE_USAGE(.BOTH.,#18236);
#18236 = SURFACE_SIDE_STYLE('',(#18237));
#18237 = SURFACE_STYLE_FILL_AREA(#18238);
#18238 = FILL_AREA_STYLE('',(#18239));
#18239 = FILL_AREA_STYLE_COLOUR('',#17206);
#18240 = STYLED_ITEM('color',(#18241),#1579);
#18241 = PRESENTATION_STYLE_ASSIGNMENT((#18242));
#18242 = SURFACE_STYLE_USAGE(.BOTH.,#18243);
#18243 = SURFACE_SIDE_STYLE('',(#18244));
#18244 = SURFACE_STYLE_FILL_AREA(#18245);
#18245 = FILL_AREA_STYLE('',(#18246));
#18246 = FILL_AREA_STYLE_COLOUR('',#17206);
#18247 = STYLED_ITEM('color',(#18248),#1603);
#18248 = PRESENTATION_STYLE_ASSIGNMENT((#18249));
#18249 = SURFACE_STYLE_USAGE(.BOTH.,#18250);
#18250 = SURFACE_SIDE_STYLE('',(#18251));
#18251 = SURFACE_STYLE_FILL_AREA(#18252);
#18252 = FILL_AREA_STYLE('',(#18253));
#18253 = FILL_AREA_STYLE_COLOUR('',#17206);
#18254 = STYLED_ITEM('color',(#18255),#1634);
#18255 = PRESENTATION_STYLE_ASSIGNMENT((#18256));
#18256 = SURFACE_STYLE_USAGE(.BOTH.,#18257);
#18257 = SURFACE_SIDE_STYLE('',(#18258));
#18258 = SURFACE_STYLE_FILL_AREA(#18259);
#18259 = FILL_AREA_STYLE('',(#18260));
#18260 = FILL_AREA_STYLE_COLOUR('',#17206);
#18261 = STYLED_ITEM('color',(#18262),#1651);
#18262 = PRESENTATION_STYLE_ASSIGNMENT((#18263));
#18263 = SURFACE_STYLE_USAGE(.BOTH.,#18264);
#18264 = SURFACE_SIDE_STYLE('',(#18265));
#18265 = SURFACE_STYLE_FILL_AREA(#18266);
#18266 = FILL_AREA_STYLE('',(#18267));
#18267 = FILL_AREA_STYLE_COLOUR('',#17206);
#18268 = STYLED_ITEM('color',(#18269),#1684);
#18269 = PRESENTATION_STYLE_ASSIGNMENT((#18270));
#18270 = SURFACE_STYLE_USAGE(.BOTH.,#18271);
#18271 = SURFACE_SIDE_STYLE('',(#18272));
#18272 = SURFACE_STYLE_FILL_AREA(#18273);
#18273 = FILL_AREA_STYLE('',(#18274));
#18274 = FILL_AREA_STYLE_COLOUR('',#17206);
#18275 = STYLED_ITEM('color',(#18276),#1708);
#18276 = PRESENTATION_STYLE_ASSIGNMENT((#18277));
#18277 = SURFACE_STYLE_USAGE(.BOTH.,#18278);
#18278 = SURFACE_SIDE_STYLE('',(#18279));
#18279 = SURFACE_STYLE_FILL_AREA(#18280);
#18280 = FILL_AREA_STYLE('',(#18281));
#18281 = FILL_AREA_STYLE_COLOUR('',#17206);
#18282 = STYLED_ITEM('color',(#18283),#1739);
#18283 = PRESENTATION_STYLE_ASSIGNMENT((#18284));
#18284 = SURFACE_STYLE_USAGE(.BOTH.,#18285);
#18285 = SURFACE_SIDE_STYLE('',(#18286));
#18286 = SURFACE_STYLE_FILL_AREA(#18287);
#18287 = FILL_AREA_STYLE('',(#18288));
#18288 = FILL_AREA_STYLE_COLOUR('',#17206);
#18289 = STYLED_ITEM('color',(#18290),#1751);
#18290 = PRESENTATION_STYLE_ASSIGNMENT((#18291));
#18291 = SURFACE_STYLE_USAGE(.BOTH.,#18292);
#18292 = SURFACE_SIDE_STYLE('',(#18293));
#18293 = SURFACE_STYLE_FILL_AREA(#18294);
#18294 = FILL_AREA_STYLE('',(#18295));
#18295 = FILL_AREA_STYLE_COLOUR('',#17206);
#18296 = STYLED_ITEM('color',(#18297),#1784);
#18297 = PRESENTATION_STYLE_ASSIGNMENT((#18298));
#18298 = SURFACE_STYLE_USAGE(.BOTH.,#18299);
#18299 = SURFACE_SIDE_STYLE('',(#18300));
#18300 = SURFACE_STYLE_FILL_AREA(#18301);
#18301 = FILL_AREA_STYLE('',(#18302));
#18302 = FILL_AREA_STYLE_COLOUR('',#17206);
#18303 = STYLED_ITEM('color',(#18304),#1801);
#18304 = PRESENTATION_STYLE_ASSIGNMENT((#18305));
#18305 = SURFACE_STYLE_USAGE(.BOTH.,#18306);
#18306 = SURFACE_SIDE_STYLE('',(#18307));
#18307 = SURFACE_STYLE_FILL_AREA(#18308);
#18308 = FILL_AREA_STYLE('',(#18309));
#18309 = FILL_AREA_STYLE_COLOUR('',#17206);
#18310 = STYLED_ITEM('color',(#18311),#1818);
#18311 = PRESENTATION_STYLE_ASSIGNMENT((#18312));
#18312 = SURFACE_STYLE_USAGE(.BOTH.,#18313);
#18313 = SURFACE_SIDE_STYLE('',(#18314));
#18314 = SURFACE_STYLE_FILL_AREA(#18315);
#18315 = FILL_AREA_STYLE('',(#18316));
#18316 = FILL_AREA_STYLE_COLOUR('',#17206);
#18317 = STYLED_ITEM('color',(#18318),#1830);
#18318 = PRESENTATION_STYLE_ASSIGNMENT((#18319));
#18319 = SURFACE_STYLE_USAGE(.BOTH.,#18320);
#18320 = SURFACE_SIDE_STYLE('',(#18321));
#18321 = SURFACE_STYLE_FILL_AREA(#18322);
#18322 = FILL_AREA_STYLE('',(#18323));
#18323 = FILL_AREA_STYLE_COLOUR('',#17206);
#18324 = STYLED_ITEM('color',(#18325),#2012);
#18325 = PRESENTATION_STYLE_ASSIGNMENT((#18326));
#18326 = SURFACE_STYLE_USAGE(.BOTH.,#18327);
#18327 = SURFACE_SIDE_STYLE('',(#18328));
#18328 = SURFACE_STYLE_FILL_AREA(#18329);
#18329 = FILL_AREA_STYLE('',(#18330));
#18330 = FILL_AREA_STYLE_COLOUR('',#17206);
#18331 = STYLED_ITEM('color',(#18332),#2029);
#18332 = PRESENTATION_STYLE_ASSIGNMENT((#18333));
#18333 = SURFACE_STYLE_USAGE(.BOTH.,#18334);
#18334 = SURFACE_SIDE_STYLE('',(#18335));
#18335 = SURFACE_STYLE_FILL_AREA(#18336);
#18336 = FILL_AREA_STYLE('',(#18337));
#18337 = FILL_AREA_STYLE_COLOUR('',#17206);
#18338 = STYLED_ITEM('color',(#18339),#2046);
#18339 = PRESENTATION_STYLE_ASSIGNMENT((#18340));
#18340 = SURFACE_STYLE_USAGE(.BOTH.,#18341);
#18341 = SURFACE_SIDE_STYLE('',(#18342));
#18342 = SURFACE_STYLE_FILL_AREA(#18343);
#18343 = FILL_AREA_STYLE('',(#18344));
#18344 = FILL_AREA_STYLE_COLOUR('',#17206);
#18345 = STYLED_ITEM('color',(#18346),#2063);
#18346 = PRESENTATION_STYLE_ASSIGNMENT((#18347));
#18347 = SURFACE_STYLE_USAGE(.BOTH.,#18348);
#18348 = SURFACE_SIDE_STYLE('',(#18349));
#18349 = SURFACE_STYLE_FILL_AREA(#18350);
#18350 = FILL_AREA_STYLE('',(#18351));
#18351 = FILL_AREA_STYLE_COLOUR('',#17206);
#18352 = STYLED_ITEM('color',(#18353),#2080);
#18353 = PRESENTATION_STYLE_ASSIGNMENT((#18354));
#18354 = SURFACE_STYLE_USAGE(.BOTH.,#18355);
#18355 = SURFACE_SIDE_STYLE('',(#18356));
#18356 = SURFACE_STYLE_FILL_AREA(#18357);
#18357 = FILL_AREA_STYLE('',(#18358));
#18358 = FILL_AREA_STYLE_COLOUR('',#17206);
#18359 = STYLED_ITEM('color',(#18360),#2097);
#18360 = PRESENTATION_STYLE_ASSIGNMENT((#18361));
#18361 = SURFACE_STYLE_USAGE(.BOTH.,#18362);
#18362 = SURFACE_SIDE_STYLE('',(#18363));
#18363 = SURFACE_STYLE_FILL_AREA(#18364);
#18364 = FILL_AREA_STYLE('',(#18365));
#18365 = FILL_AREA_STYLE_COLOUR('',#17206);
#18366 = STYLED_ITEM('color',(#18367),#2114);
#18367 = PRESENTATION_STYLE_ASSIGNMENT((#18368));
#18368 = SURFACE_STYLE_USAGE(.BOTH.,#18369);
#18369 = SURFACE_SIDE_STYLE('',(#18370));
#18370 = SURFACE_STYLE_FILL_AREA(#18371);
#18371 = FILL_AREA_STYLE('',(#18372));
#18372 = FILL_AREA_STYLE_COLOUR('',#17206);
#18373 = STYLED_ITEM('color',(#18374),#2131);
#18374 = PRESENTATION_STYLE_ASSIGNMENT((#18375));
#18375 = SURFACE_STYLE_USAGE(.BOTH.,#18376);
#18376 = SURFACE_SIDE_STYLE('',(#18377));
#18377 = SURFACE_STYLE_FILL_AREA(#18378);
#18378 = FILL_AREA_STYLE('',(#18379));
#18379 = FILL_AREA_STYLE_COLOUR('',#17206);
#18380 = STYLED_ITEM('color',(#18381),#2148);
#18381 = PRESENTATION_STYLE_ASSIGNMENT((#18382));
#18382 = SURFACE_STYLE_USAGE(.BOTH.,#18383);
#18383 = SURFACE_SIDE_STYLE('',(#18384));
#18384 = SURFACE_STYLE_FILL_AREA(#18385);
#18385 = FILL_AREA_STYLE('',(#18386));
#18386 = FILL_AREA_STYLE_COLOUR('',#17206);
#18387 = STYLED_ITEM('color',(#18388),#2165);
#18388 = PRESENTATION_STYLE_ASSIGNMENT((#18389));
#18389 = SURFACE_STYLE_USAGE(.BOTH.,#18390);
#18390 = SURFACE_SIDE_STYLE('',(#18391));
#18391 = SURFACE_STYLE_FILL_AREA(#18392);
#18392 = FILL_AREA_STYLE('',(#18393));
#18393 = FILL_AREA_STYLE_COLOUR('',#17206);
#18394 = STYLED_ITEM('color',(#18395),#2182);
#18395 = PRESENTATION_STYLE_ASSIGNMENT((#18396));
#18396 = SURFACE_STYLE_USAGE(.BOTH.,#18397);
#18397 = SURFACE_SIDE_STYLE('',(#18398));
#18398 = SURFACE_STYLE_FILL_AREA(#18399);
#18399 = FILL_AREA_STYLE('',(#18400));
#18400 = FILL_AREA_STYLE_COLOUR('',#17206);
#18401 = STYLED_ITEM('color',(#18402),#2199);
#18402 = PRESENTATION_STYLE_ASSIGNMENT((#18403));
#18403 = SURFACE_STYLE_USAGE(.BOTH.,#18404);
#18404 = SURFACE_SIDE_STYLE('',(#18405));
#18405 = SURFACE_STYLE_FILL_AREA(#18406);
#18406 = FILL_AREA_STYLE('',(#18407));
#18407 = FILL_AREA_STYLE_COLOUR('',#17206);
#18408 = STYLED_ITEM('color',(#18409),#2216);
#18409 = PRESENTATION_STYLE_ASSIGNMENT((#18410));
#18410 = SURFACE_STYLE_USAGE(.BOTH.,#18411);
#18411 = SURFACE_SIDE_STYLE('',(#18412));
#18412 = SURFACE_STYLE_FILL_AREA(#18413);
#18413 = FILL_AREA_STYLE('',(#18414));
#18414 = FILL_AREA_STYLE_COLOUR('',#17206);
#18415 = STYLED_ITEM('color',(#18416),#2233);
#18416 = PRESENTATION_STYLE_ASSIGNMENT((#18417));
#18417 = SURFACE_STYLE_USAGE(.BOTH.,#18418);
#18418 = SURFACE_SIDE_STYLE('',(#18419));
#18419 = SURFACE_STYLE_FILL_AREA(#18420);
#18420 = FILL_AREA_STYLE('',(#18421));
#18421 = FILL_AREA_STYLE_COLOUR('',#17206);
#18422 = STYLED_ITEM('color',(#18423),#2250);
#18423 = PRESENTATION_STYLE_ASSIGNMENT((#18424));
#18424 = SURFACE_STYLE_USAGE(.BOTH.,#18425);
#18425 = SURFACE_SIDE_STYLE('',(#18426));
#18426 = SURFACE_STYLE_FILL_AREA(#18427);
#18427 = FILL_AREA_STYLE('',(#18428));
#18428 = FILL_AREA_STYLE_COLOUR('',#17206);
#18429 = STYLED_ITEM('color',(#18430),#2262);
#18430 = PRESENTATION_STYLE_ASSIGNMENT((#18431));
#18431 = SURFACE_STYLE_USAGE(.BOTH.,#18432);
#18432 = SURFACE_SIDE_STYLE('',(#18433));
#18433 = SURFACE_STYLE_FILL_AREA(#18434);
#18434 = FILL_AREA_STYLE('',(#18435));
#18435 = FILL_AREA_STYLE_COLOUR('',#17206);
#18436 = STYLED_ITEM('color',(#18437),#2279);
#18437 = PRESENTATION_STYLE_ASSIGNMENT((#18438));
#18438 = SURFACE_STYLE_USAGE(.BOTH.,#18439);
#18439 = SURFACE_SIDE_STYLE('',(#18440));
#18440 = SURFACE_STYLE_FILL_AREA(#18441);
#18441 = FILL_AREA_STYLE('',(#18442));
#18442 = FILL_AREA_STYLE_COLOUR('',#17206);
#18443 = STYLED_ITEM('color',(#18444),#2296);
#18444 = PRESENTATION_STYLE_ASSIGNMENT((#18445));
#18445 = SURFACE_STYLE_USAGE(.BOTH.,#18446);
#18446 = SURFACE_SIDE_STYLE('',(#18447));
#18447 = SURFACE_STYLE_FILL_AREA(#18448);
#18448 = FILL_AREA_STYLE('',(#18449));
#18449 = FILL_AREA_STYLE_COLOUR('',#17206);
#18450 = STYLED_ITEM('color',(#18451),#2313);
#18451 = PRESENTATION_STYLE_ASSIGNMENT((#18452));
#18452 = SURFACE_STYLE_USAGE(.BOTH.,#18453);
#18453 = SURFACE_SIDE_STYLE('',(#18454));
#18454 = SURFACE_STYLE_FILL_AREA(#18455);
#18455 = FILL_AREA_STYLE('',(#18456));
#18456 = FILL_AREA_STYLE_COLOUR('',#17206);
#18457 = STYLED_ITEM('color',(#18458),#2330);
#18458 = PRESENTATION_STYLE_ASSIGNMENT((#18459));
#18459 = SURFACE_STYLE_USAGE(.BOTH.,#18460);
#18460 = SURFACE_SIDE_STYLE('',(#18461));
#18461 = SURFACE_STYLE_FILL_AREA(#18462);
#18462 = FILL_AREA_STYLE('',(#18463));
#18463 = FILL_AREA_STYLE_COLOUR('',#17206);
#18464 = STYLED_ITEM('color',(#18465),#2347);
#18465 = PRESENTATION_STYLE_ASSIGNMENT((#18466));
#18466 = SURFACE_STYLE_USAGE(.BOTH.,#18467);
#18467 = SURFACE_SIDE_STYLE('',(#18468));
#18468 = SURFACE_STYLE_FILL_AREA(#18469);
#18469 = FILL_AREA_STYLE('',(#18470));
#18470 = FILL_AREA_STYLE_COLOUR('',#17206);
#18471 = STYLED_ITEM('color',(#18472),#2393);
#18472 = PRESENTATION_STYLE_ASSIGNMENT((#18473));
#18473 = SURFACE_STYLE_USAGE(.BOTH.,#18474);
#18474 = SURFACE_SIDE_STYLE('',(#18475));
#18475 = SURFACE_STYLE_FILL_AREA(#18476);
#18476 = FILL_AREA_STYLE('',(#18477));
#18477 = FILL_AREA_STYLE_COLOUR('',#17206);
#18478 = STYLED_ITEM('color',(#18479),#2439);
#18479 = PRESENTATION_STYLE_ASSIGNMENT((#18480));
#18480 = SURFACE_STYLE_USAGE(.BOTH.,#18481);
#18481 = SURFACE_SIDE_STYLE('',(#18482));
#18482 = SURFACE_STYLE_FILL_AREA(#18483);
#18483 = FILL_AREA_STYLE('',(#18484));
#18484 = FILL_AREA_STYLE_COLOUR('',#17206);
#18485 = STYLED_ITEM('color',(#18486),#2485);
#18486 = PRESENTATION_STYLE_ASSIGNMENT((#18487));
#18487 = SURFACE_STYLE_USAGE(.BOTH.,#18488);
#18488 = SURFACE_SIDE_STYLE('',(#18489));
#18489 = SURFACE_STYLE_FILL_AREA(#18490);
#18490 = FILL_AREA_STYLE('',(#18491));
#18491 = FILL_AREA_STYLE_COLOUR('',#17206);
#18492 = STYLED_ITEM('color',(#18493),#2531);
#18493 = PRESENTATION_STYLE_ASSIGNMENT((#18494));
#18494 = SURFACE_STYLE_USAGE(.BOTH.,#18495);
#18495 = SURFACE_SIDE_STYLE('',(#18496));
#18496 = SURFACE_STYLE_FILL_AREA(#18497);
#18497 = FILL_AREA_STYLE('',(#18498));
#18498 = FILL_AREA_STYLE_COLOUR('',#17206);
#18499 = STYLED_ITEM('color',(#18500),#2577);
#18500 = PRESENTATION_STYLE_ASSIGNMENT((#18501));
#18501 = SURFACE_STYLE_USAGE(.BOTH.,#18502);
#18502 = SURFACE_SIDE_STYLE('',(#18503));
#18503 = SURFACE_STYLE_FILL_AREA(#18504);
#18504 = FILL_AREA_STYLE('',(#18505));
#18505 = FILL_AREA_STYLE_COLOUR('',#17592);
#18506 = STYLED_ITEM('color',(#18507),#2608);
#18507 = PRESENTATION_STYLE_ASSIGNMENT((#18508));
#18508 = SURFACE_STYLE_USAGE(.BOTH.,#18509);
#18509 = SURFACE_SIDE_STYLE('',(#18510));
#18510 = SURFACE_STYLE_FILL_AREA(#18511);
#18511 = FILL_AREA_STYLE('',(#18512));
#18512 = FILL_AREA_STYLE_COLOUR('',#17592);
#18513 = STYLED_ITEM('color',(#18514),#2632);
#18514 = PRESENTATION_STYLE_ASSIGNMENT((#18515));
#18515 = SURFACE_STYLE_USAGE(.BOTH.,#18516);
#18516 = SURFACE_SIDE_STYLE('',(#18517));
#18517 = SURFACE_STYLE_FILL_AREA(#18518);
#18518 = FILL_AREA_STYLE('',(#18519));
#18519 = FILL_AREA_STYLE_COLOUR('',#17592);
#18520 = STYLED_ITEM('color',(#18521),#2656);
#18521 = PRESENTATION_STYLE_ASSIGNMENT((#18522));
#18522 = SURFACE_STYLE_USAGE(.BOTH.,#18523);
#18523 = SURFACE_SIDE_STYLE('',(#18524));
#18524 = SURFACE_STYLE_FILL_AREA(#18525);
#18525 = FILL_AREA_STYLE('',(#18526));
#18526 = FILL_AREA_STYLE_COLOUR('',#17592);
#18527 = STYLED_ITEM('color',(#18528),#2673);
#18528 = PRESENTATION_STYLE_ASSIGNMENT((#18529));
#18529 = SURFACE_STYLE_USAGE(.BOTH.,#18530);
#18530 = SURFACE_SIDE_STYLE('',(#18531));
#18531 = SURFACE_STYLE_FILL_AREA(#18532);
#18532 = FILL_AREA_STYLE('',(#18533));
#18533 = FILL_AREA_STYLE_COLOUR('',#17592);
#18534 = STYLED_ITEM('color',(#18535),#2704);
#18535 = PRESENTATION_STYLE_ASSIGNMENT((#18536));
#18536 = SURFACE_STYLE_USAGE(.BOTH.,#18537);
#18537 = SURFACE_SIDE_STYLE('',(#18538));
#18538 = SURFACE_STYLE_FILL_AREA(#18539);
#18539 = FILL_AREA_STYLE('',(#18540));
#18540 = FILL_AREA_STYLE_COLOUR('',#17592);
#18541 = STYLED_ITEM('color',(#18542),#2728);
#18542 = PRESENTATION_STYLE_ASSIGNMENT((#18543));
#18543 = SURFACE_STYLE_USAGE(.BOTH.,#18544);
#18544 = SURFACE_SIDE_STYLE('',(#18545));
#18545 = SURFACE_STYLE_FILL_AREA(#18546);
#18546 = FILL_AREA_STYLE('',(#18547));
#18547 = FILL_AREA_STYLE_COLOUR('',#17592);
#18548 = STYLED_ITEM('color',(#18549),#2752);
#18549 = PRESENTATION_STYLE_ASSIGNMENT((#18550));
#18550 = SURFACE_STYLE_USAGE(.BOTH.,#18551);
#18551 = SURFACE_SIDE_STYLE('',(#18552));
#18552 = SURFACE_STYLE_FILL_AREA(#18553);
#18553 = FILL_AREA_STYLE('',(#18554));
#18554 = FILL_AREA_STYLE_COLOUR('',#17592);
#18555 = STYLED_ITEM('color',(#18556),#2769);
#18556 = PRESENTATION_STYLE_ASSIGNMENT((#18557));
#18557 = SURFACE_STYLE_USAGE(.BOTH.,#18558);
#18558 = SURFACE_SIDE_STYLE('',(#18559));
#18559 = SURFACE_STYLE_FILL_AREA(#18560);
#18560 = FILL_AREA_STYLE('',(#18561));
#18561 = FILL_AREA_STYLE_COLOUR('',#17592);
#18562 = STYLED_ITEM('color',(#18563),#2800);
#18563 = PRESENTATION_STYLE_ASSIGNMENT((#18564));
#18564 = SURFACE_STYLE_USAGE(.BOTH.,#18565);
#18565 = SURFACE_SIDE_STYLE('',(#18566));
#18566 = SURFACE_STYLE_FILL_AREA(#18567);
#18567 = FILL_AREA_STYLE('',(#18568));
#18568 = FILL_AREA_STYLE_COLOUR('',#17592);
#18569 = STYLED_ITEM('color',(#18570),#2824);
#18570 = PRESENTATION_STYLE_ASSIGNMENT((#18571));
#18571 = SURFACE_STYLE_USAGE(.BOTH.,#18572);
#18572 = SURFACE_SIDE_STYLE('',(#18573));
#18573 = SURFACE_STYLE_FILL_AREA(#18574);
#18574 = FILL_AREA_STYLE('',(#18575));
#18575 = FILL_AREA_STYLE_COLOUR('',#17592);
#18576 = STYLED_ITEM('color',(#18577),#2848);
#18577 = PRESENTATION_STYLE_ASSIGNMENT((#18578));
#18578 = SURFACE_STYLE_USAGE(.BOTH.,#18579);
#18579 = SURFACE_SIDE_STYLE('',(#18580));
#18580 = SURFACE_STYLE_FILL_AREA(#18581);
#18581 = FILL_AREA_STYLE('',(#18582));
#18582 = FILL_AREA_STYLE_COLOUR('',#17592);
#18583 = STYLED_ITEM('color',(#18584),#2865);
#18584 = PRESENTATION_STYLE_ASSIGNMENT((#18585));
#18585 = SURFACE_STYLE_USAGE(.BOTH.,#18586);
#18586 = SURFACE_SIDE_STYLE('',(#18587));
#18587 = SURFACE_STYLE_FILL_AREA(#18588);
#18588 = FILL_AREA_STYLE('',(#18589));
#18589 = FILL_AREA_STYLE_COLOUR('',#17592);
#18590 = STYLED_ITEM('color',(#18591),#2896);
#18591 = PRESENTATION_STYLE_ASSIGNMENT((#18592));
#18592 = SURFACE_STYLE_USAGE(.BOTH.,#18593);
#18593 = SURFACE_SIDE_STYLE('',(#18594));
#18594 = SURFACE_STYLE_FILL_AREA(#18595);
#18595 = FILL_AREA_STYLE('',(#18596));
#18596 = FILL_AREA_STYLE_COLOUR('',#17592);
#18597 = STYLED_ITEM('color',(#18598),#2920);
#18598 = PRESENTATION_STYLE_ASSIGNMENT((#18599));
#18599 = SURFACE_STYLE_USAGE(.BOTH.,#18600);
#18600 = SURFACE_SIDE_STYLE('',(#18601));
#18601 = SURFACE_STYLE_FILL_AREA(#18602);
#18602 = FILL_AREA_STYLE('',(#18603));
#18603 = FILL_AREA_STYLE_COLOUR('',#17592);
#18604 = STYLED_ITEM('color',(#18605),#2944);
#18605 = PRESENTATION_STYLE_ASSIGNMENT((#18606));
#18606 = SURFACE_STYLE_USAGE(.BOTH.,#18607);
#18607 = SURFACE_SIDE_STYLE('',(#18608));
#18608 = SURFACE_STYLE_FILL_AREA(#18609);
#18609 = FILL_AREA_STYLE('',(#18610));
#18610 = FILL_AREA_STYLE_COLOUR('',#17592);
#18611 = STYLED_ITEM('color',(#18612),#2961);
#18612 = PRESENTATION_STYLE_ASSIGNMENT((#18613));
#18613 = SURFACE_STYLE_USAGE(.BOTH.,#18614);
#18614 = SURFACE_SIDE_STYLE('',(#18615));
#18615 = SURFACE_STYLE_FILL_AREA(#18616);
#18616 = FILL_AREA_STYLE('',(#18617));
#18617 = FILL_AREA_STYLE_COLOUR('',#17592);
#18618 = STYLED_ITEM('color',(#18619),#2992);
#18619 = PRESENTATION_STYLE_ASSIGNMENT((#18620));
#18620 = SURFACE_STYLE_USAGE(.BOTH.,#18621);
#18621 = SURFACE_SIDE_STYLE('',(#18622));
#18622 = SURFACE_STYLE_FILL_AREA(#18623);
#18623 = FILL_AREA_STYLE('',(#18624));
#18624 = FILL_AREA_STYLE_COLOUR('',#17592);
#18625 = STYLED_ITEM('color',(#18626),#3016);
#18626 = PRESENTATION_STYLE_ASSIGNMENT((#18627));
#18627 = SURFACE_STYLE_USAGE(.BOTH.,#18628);
#18628 = SURFACE_SIDE_STYLE('',(#18629));
#18629 = SURFACE_STYLE_FILL_AREA(#18630);
#18630 = FILL_AREA_STYLE('',(#18631));
#18631 = FILL_AREA_STYLE_COLOUR('',#17592);
#18632 = STYLED_ITEM('color',(#18633),#3040);
#18633 = PRESENTATION_STYLE_ASSIGNMENT((#18634));
#18634 = SURFACE_STYLE_USAGE(.BOTH.,#18635);
#18635 = SURFACE_SIDE_STYLE('',(#18636));
#18636 = SURFACE_STYLE_FILL_AREA(#18637);
#18637 = FILL_AREA_STYLE('',(#18638));
#18638 = FILL_AREA_STYLE_COLOUR('',#17592);
#18639 = STYLED_ITEM('color',(#18640),#3057);
#18640 = PRESENTATION_STYLE_ASSIGNMENT((#18641));
#18641 = SURFACE_STYLE_USAGE(.BOTH.,#18642);
#18642 = SURFACE_SIDE_STYLE('',(#18643));
#18643 = SURFACE_STYLE_FILL_AREA(#18644);
#18644 = FILL_AREA_STYLE('',(#18645));
#18645 = FILL_AREA_STYLE_COLOUR('',#17592);
#18646 = STYLED_ITEM('color',(#18647),#3120);
#18647 = PRESENTATION_STYLE_ASSIGNMENT((#18648));
#18648 = SURFACE_STYLE_USAGE(.BOTH.,#18649);
#18649 = SURFACE_SIDE_STYLE('',(#18650));
#18650 = SURFACE_STYLE_FILL_AREA(#18651);
#18651 = FILL_AREA_STYLE('',(#18652));
#18652 = FILL_AREA_STYLE_COLOUR('',#17592);
#18653 = STYLED_ITEM('color',(#18654),#3144);
#18654 = PRESENTATION_STYLE_ASSIGNMENT((#18655));
#18655 = SURFACE_STYLE_USAGE(.BOTH.,#18656);
#18656 = SURFACE_SIDE_STYLE('',(#18657));
#18657 = SURFACE_STYLE_FILL_AREA(#18658);
#18658 = FILL_AREA_STYLE('',(#18659));
#18659 = FILL_AREA_STYLE_COLOUR('',#17592);
#18660 = STYLED_ITEM('color',(#18661),#3200);
#18661 = PRESENTATION_STYLE_ASSIGNMENT((#18662));
#18662 = SURFACE_STYLE_USAGE(.BOTH.,#18663);
#18663 = SURFACE_SIDE_STYLE('',(#18664));
#18664 = SURFACE_STYLE_FILL_AREA(#18665);
#18665 = FILL_AREA_STYLE('',(#18666));
#18666 = FILL_AREA_STYLE_COLOUR('',#17592);
#18667 = STYLED_ITEM('color',(#18668),#3217);
#18668 = PRESENTATION_STYLE_ASSIGNMENT((#18669));
#18669 = SURFACE_STYLE_USAGE(.BOTH.,#18670);
#18670 = SURFACE_SIDE_STYLE('',(#18671));
#18671 = SURFACE_STYLE_FILL_AREA(#18672);
#18672 = FILL_AREA_STYLE('',(#18673));
#18673 = FILL_AREA_STYLE_COLOUR('',#17592);
#18674 = STYLED_ITEM('color',(#18675),#3248);
#18675 = PRESENTATION_STYLE_ASSIGNMENT((#18676));
#18676 = SURFACE_STYLE_USAGE(.BOTH.,#18677);
#18677 = SURFACE_SIDE_STYLE('',(#18678));
#18678 = SURFACE_STYLE_FILL_AREA(#18679);
#18679 = FILL_AREA_STYLE('',(#18680));
#18680 = FILL_AREA_STYLE_COLOUR('',#17592);
#18681 = STYLED_ITEM('color',(#18682),#3272);
#18682 = PRESENTATION_STYLE_ASSIGNMENT((#18683));
#18683 = SURFACE_STYLE_USAGE(.BOTH.,#18684);
#18684 = SURFACE_SIDE_STYLE('',(#18685));
#18685 = SURFACE_STYLE_FILL_AREA(#18686);
#18686 = FILL_AREA_STYLE('',(#18687));
#18687 = FILL_AREA_STYLE_COLOUR('',#17592);
#18688 = STYLED_ITEM('color',(#18689),#3296);
#18689 = PRESENTATION_STYLE_ASSIGNMENT((#18690));
#18690 = SURFACE_STYLE_USAGE(.BOTH.,#18691);
#18691 = SURFACE_SIDE_STYLE('',(#18692));
#18692 = SURFACE_STYLE_FILL_AREA(#18693);
#18693 = FILL_AREA_STYLE('',(#18694));
#18694 = FILL_AREA_STYLE_COLOUR('',#17592);
#18695 = STYLED_ITEM('color',(#18696),#3313);
#18696 = PRESENTATION_STYLE_ASSIGNMENT((#18697));
#18697 = SURFACE_STYLE_USAGE(.BOTH.,#18698);
#18698 = SURFACE_SIDE_STYLE('',(#18699));
#18699 = SURFACE_STYLE_FILL_AREA(#18700);
#18700 = FILL_AREA_STYLE('',(#18701));
#18701 = FILL_AREA_STYLE_COLOUR('',#17592);
#18702 = STYLED_ITEM('color',(#18703),#3344);
#18703 = PRESENTATION_STYLE_ASSIGNMENT((#18704));
#18704 = SURFACE_STYLE_USAGE(.BOTH.,#18705);
#18705 = SURFACE_SIDE_STYLE('',(#18706));
#18706 = SURFACE_STYLE_FILL_AREA(#18707);
#18707 = FILL_AREA_STYLE('',(#18708));
#18708 = FILL_AREA_STYLE_COLOUR('',#17592);
#18709 = STYLED_ITEM('color',(#18710),#3368);
#18710 = PRESENTATION_STYLE_ASSIGNMENT((#18711));
#18711 = SURFACE_STYLE_USAGE(.BOTH.,#18712);
#18712 = SURFACE_SIDE_STYLE('',(#18713));
#18713 = SURFACE_STYLE_FILL_AREA(#18714);
#18714 = FILL_AREA_STYLE('',(#18715));
#18715 = FILL_AREA_STYLE_COLOUR('',#17592);
#18716 = STYLED_ITEM('color',(#18717),#3392);
#18717 = PRESENTATION_STYLE_ASSIGNMENT((#18718));
#18718 = SURFACE_STYLE_USAGE(.BOTH.,#18719);
#18719 = SURFACE_SIDE_STYLE('',(#18720));
#18720 = SURFACE_STYLE_FILL_AREA(#18721);
#18721 = FILL_AREA_STYLE('',(#18722));
#18722 = FILL_AREA_STYLE_COLOUR('',#17592);
#18723 = STYLED_ITEM('color',(#18724),#3409);
#18724 = PRESENTATION_STYLE_ASSIGNMENT((#18725));
#18725 = SURFACE_STYLE_USAGE(.BOTH.,#18726);
#18726 = SURFACE_SIDE_STYLE('',(#18727));
#18727 = SURFACE_STYLE_FILL_AREA(#18728);
#18728 = FILL_AREA_STYLE('',(#18729));
#18729 = FILL_AREA_STYLE_COLOUR('',#17592);
#18730 = STYLED_ITEM('color',(#18731),#3440);
#18731 = PRESENTATION_STYLE_ASSIGNMENT((#18732));
#18732 = SURFACE_STYLE_USAGE(.BOTH.,#18733);
#18733 = SURFACE_SIDE_STYLE('',(#18734));
#18734 = SURFACE_STYLE_FILL_AREA(#18735);
#18735 = FILL_AREA_STYLE('',(#18736));
#18736 = FILL_AREA_STYLE_COLOUR('',#17592);
#18737 = STYLED_ITEM('color',(#18738),#3464);
#18738 = PRESENTATION_STYLE_ASSIGNMENT((#18739));
#18739 = SURFACE_STYLE_USAGE(.BOTH.,#18740);
#18740 = SURFACE_SIDE_STYLE('',(#18741));
#18741 = SURFACE_STYLE_FILL_AREA(#18742);
#18742 = FILL_AREA_STYLE('',(#18743));
#18743 = FILL_AREA_STYLE_COLOUR('',#17592);
#18744 = STYLED_ITEM('color',(#18745),#3488);
#18745 = PRESENTATION_STYLE_ASSIGNMENT((#18746));
#18746 = SURFACE_STYLE_USAGE(.BOTH.,#18747);
#18747 = SURFACE_SIDE_STYLE('',(#18748));
#18748 = SURFACE_STYLE_FILL_AREA(#18749);
#18749 = FILL_AREA_STYLE('',(#18750));
#18750 = FILL_AREA_STYLE_COLOUR('',#17592);
#18751 = STYLED_ITEM('color',(#18752),#3505);
#18752 = PRESENTATION_STYLE_ASSIGNMENT((#18753));
#18753 = SURFACE_STYLE_USAGE(.BOTH.,#18754);
#18754 = SURFACE_SIDE_STYLE('',(#18755));
#18755 = SURFACE_STYLE_FILL_AREA(#18756);
#18756 = FILL_AREA_STYLE('',(#18757));
#18757 = FILL_AREA_STYLE_COLOUR('',#17592);
#18758 = STYLED_ITEM('color',(#18759),#3536);
#18759 = PRESENTATION_STYLE_ASSIGNMENT((#18760));
#18760 = SURFACE_STYLE_USAGE(.BOTH.,#18761);
#18761 = SURFACE_SIDE_STYLE('',(#18762));
#18762 = SURFACE_STYLE_FILL_AREA(#18763);
#18763 = FILL_AREA_STYLE('',(#18764));
#18764 = FILL_AREA_STYLE_COLOUR('',#17592);
#18765 = STYLED_ITEM('color',(#18766),#3592);
#18766 = PRESENTATION_STYLE_ASSIGNMENT((#18767));
#18767 = SURFACE_STYLE_USAGE(.BOTH.,#18768);
#18768 = SURFACE_SIDE_STYLE('',(#18769));
#18769 = SURFACE_STYLE_FILL_AREA(#18770);
#18770 = FILL_AREA_STYLE('',(#18771));
#18771 = FILL_AREA_STYLE_COLOUR('',#17592);
#18772 = STYLED_ITEM('color',(#18773),#3616);
#18773 = PRESENTATION_STYLE_ASSIGNMENT((#18774));
#18774 = SURFACE_STYLE_USAGE(.BOTH.,#18775);
#18775 = SURFACE_SIDE_STYLE('',(#18776));
#18776 = SURFACE_STYLE_FILL_AREA(#18777);
#18777 = FILL_AREA_STYLE('',(#18778));
#18778 = FILL_AREA_STYLE_COLOUR('',#17592);
#18779 = STYLED_ITEM('color',(#18780),#3665);
#18780 = PRESENTATION_STYLE_ASSIGNMENT((#18781));
#18781 = SURFACE_STYLE_USAGE(.BOTH.,#18782);
#18782 = SURFACE_SIDE_STYLE('',(#18783));
#18783 = SURFACE_STYLE_FILL_AREA(#18784);
#18784 = FILL_AREA_STYLE('',(#18785));
#18785 = FILL_AREA_STYLE_COLOUR('',#17592);
#18786 = STYLED_ITEM('color',(#18787),#3696);
#18787 = PRESENTATION_STYLE_ASSIGNMENT((#18788));
#18788 = SURFACE_STYLE_USAGE(.BOTH.,#18789);
#18789 = SURFACE_SIDE_STYLE('',(#18790));
#18790 = SURFACE_STYLE_FILL_AREA(#18791);
#18791 = FILL_AREA_STYLE('',(#18792));
#18792 = FILL_AREA_STYLE_COLOUR('',#17592);
#18793 = STYLED_ITEM('color',(#18794),#3720);
#18794 = PRESENTATION_STYLE_ASSIGNMENT((#18795));
#18795 = SURFACE_STYLE_USAGE(.BOTH.,#18796);
#18796 = SURFACE_SIDE_STYLE('',(#18797));
#18797 = SURFACE_STYLE_FILL_AREA(#18798);
#18798 = FILL_AREA_STYLE('',(#18799));
#18799 = FILL_AREA_STYLE_COLOUR('',#17592);
#18800 = STYLED_ITEM('color',(#18801),#3744);
#18801 = PRESENTATION_STYLE_ASSIGNMENT((#18802));
#18802 = SURFACE_STYLE_USAGE(.BOTH.,#18803);
#18803 = SURFACE_SIDE_STYLE('',(#18804));
#18804 = SURFACE_STYLE_FILL_AREA(#18805);
#18805 = FILL_AREA_STYLE('',(#18806));
#18806 = FILL_AREA_STYLE_COLOUR('',#17592);
#18807 = STYLED_ITEM('color',(#18808),#3761);
#18808 = PRESENTATION_STYLE_ASSIGNMENT((#18809));
#18809 = SURFACE_STYLE_USAGE(.BOTH.,#18810);
#18810 = SURFACE_SIDE_STYLE('',(#18811));
#18811 = SURFACE_STYLE_FILL_AREA(#18812);
#18812 = FILL_AREA_STYLE('',(#18813));
#18813 = FILL_AREA_STYLE_COLOUR('',#17592);
#18814 = STYLED_ITEM('color',(#18815),#3792);
#18815 = PRESENTATION_STYLE_ASSIGNMENT((#18816));
#18816 = SURFACE_STYLE_USAGE(.BOTH.,#18817);
#18817 = SURFACE_SIDE_STYLE('',(#18818));
#18818 = SURFACE_STYLE_FILL_AREA(#18819);
#18819 = FILL_AREA_STYLE('',(#18820));
#18820 = FILL_AREA_STYLE_COLOUR('',#17592);
#18821 = STYLED_ITEM('color',(#18822),#3816);
#18822 = PRESENTATION_STYLE_ASSIGNMENT((#18823));
#18823 = SURFACE_STYLE_USAGE(.BOTH.,#18824);
#18824 = SURFACE_SIDE_STYLE('',(#18825));
#18825 = SURFACE_STYLE_FILL_AREA(#18826);
#18826 = FILL_AREA_STYLE('',(#18827));
#18827 = FILL_AREA_STYLE_COLOUR('',#17592);
#18828 = STYLED_ITEM('color',(#18829),#3840);
#18829 = PRESENTATION_STYLE_ASSIGNMENT((#18830));
#18830 = SURFACE_STYLE_USAGE(.BOTH.,#18831);
#18831 = SURFACE_SIDE_STYLE('',(#18832));
#18832 = SURFACE_STYLE_FILL_AREA(#18833);
#18833 = FILL_AREA_STYLE('',(#18834));
#18834 = FILL_AREA_STYLE_COLOUR('',#17592);
#18835 = STYLED_ITEM('color',(#18836),#3857);
#18836 = PRESENTATION_STYLE_ASSIGNMENT((#18837));
#18837 = SURFACE_STYLE_USAGE(.BOTH.,#18838);
#18838 = SURFACE_SIDE_STYLE('',(#18839));
#18839 = SURFACE_STYLE_FILL_AREA(#18840);
#18840 = FILL_AREA_STYLE('',(#18841));
#18841 = FILL_AREA_STYLE_COLOUR('',#17592);
#18842 = STYLED_ITEM('color',(#18843),#3888);
#18843 = PRESENTATION_STYLE_ASSIGNMENT((#18844));
#18844 = SURFACE_STYLE_USAGE(.BOTH.,#18845);
#18845 = SURFACE_SIDE_STYLE('',(#18846));
#18846 = SURFACE_STYLE_FILL_AREA(#18847);
#18847 = FILL_AREA_STYLE('',(#18848));
#18848 = FILL_AREA_STYLE_COLOUR('',#17592);
#18849 = STYLED_ITEM('color',(#18850),#3912);
#18850 = PRESENTATION_STYLE_ASSIGNMENT((#18851));
#18851 = SURFACE_STYLE_USAGE(.BOTH.,#18852);
#18852 = SURFACE_SIDE_STYLE('',(#18853));
#18853 = SURFACE_STYLE_FILL_AREA(#18854);
#18854 = FILL_AREA_STYLE('',(#18855));
#18855 = FILL_AREA_STYLE_COLOUR('',#17592);
#18856 = STYLED_ITEM('color',(#18857),#3936);
#18857 = PRESENTATION_STYLE_ASSIGNMENT((#18858));
#18858 = SURFACE_STYLE_USAGE(.BOTH.,#18859);
#18859 = SURFACE_SIDE_STYLE('',(#18860));
#18860 = SURFACE_STYLE_FILL_AREA(#18861);
#18861 = FILL_AREA_STYLE('',(#18862));
#18862 = FILL_AREA_STYLE_COLOUR('',#17592);
#18863 = STYLED_ITEM('color',(#18864),#3953);
#18864 = PRESENTATION_STYLE_ASSIGNMENT((#18865));
#18865 = SURFACE_STYLE_USAGE(.BOTH.,#18866);
#18866 = SURFACE_SIDE_STYLE('',(#18867));
#18867 = SURFACE_STYLE_FILL_AREA(#18868);
#18868 = FILL_AREA_STYLE('',(#18869));
#18869 = FILL_AREA_STYLE_COLOUR('',#17592);
#18870 = STYLED_ITEM('color',(#18871),#3984);
#18871 = PRESENTATION_STYLE_ASSIGNMENT((#18872));
#18872 = SURFACE_STYLE_USAGE(.BOTH.,#18873);
#18873 = SURFACE_SIDE_STYLE('',(#18874));
#18874 = SURFACE_STYLE_FILL_AREA(#18875);
#18875 = FILL_AREA_STYLE('',(#18876));
#18876 = FILL_AREA_STYLE_COLOUR('',#17592);
#18877 = STYLED_ITEM('color',(#18878),#4008);
#18878 = PRESENTATION_STYLE_ASSIGNMENT((#18879));
#18879 = SURFACE_STYLE_USAGE(.BOTH.,#18880);
#18880 = SURFACE_SIDE_STYLE('',(#18881));
#18881 = SURFACE_STYLE_FILL_AREA(#18882);
#18882 = FILL_AREA_STYLE('',(#18883));
#18883 = FILL_AREA_STYLE_COLOUR('',#17592);
#18884 = STYLED_ITEM('color',(#18885),#4032);
#18885 = PRESENTATION_STYLE_ASSIGNMENT((#18886));
#18886 = SURFACE_STYLE_USAGE(.BOTH.,#18887);
#18887 = SURFACE_SIDE_STYLE('',(#18888));
#18888 = SURFACE_STYLE_FILL_AREA(#18889);
#18889 = FILL_AREA_STYLE('',(#18890));
#18890 = FILL_AREA_STYLE_COLOUR('',#17592);
#18891 = STYLED_ITEM('color',(#18892),#4049);
#18892 = PRESENTATION_STYLE_ASSIGNMENT((#18893));
#18893 = SURFACE_STYLE_USAGE(.BOTH.,#18894);
#18894 = SURFACE_SIDE_STYLE('',(#18895));
#18895 = SURFACE_STYLE_FILL_AREA(#18896);
#18896 = FILL_AREA_STYLE('',(#18897));
#18897 = FILL_AREA_STYLE_COLOUR('',#17592);
#18898 = STYLED_ITEM('color',(#18899),#4080);
#18899 = PRESENTATION_STYLE_ASSIGNMENT((#18900));
#18900 = SURFACE_STYLE_USAGE(.BOTH.,#18901);
#18901 = SURFACE_SIDE_STYLE('',(#18902));
#18902 = SURFACE_STYLE_FILL_AREA(#18903);
#18903 = FILL_AREA_STYLE('',(#18904));
#18904 = FILL_AREA_STYLE_COLOUR('',#17592);
#18905 = STYLED_ITEM('color',(#18906),#4104);
#18906 = PRESENTATION_STYLE_ASSIGNMENT((#18907));
#18907 = SURFACE_STYLE_USAGE(.BOTH.,#18908);
#18908 = SURFACE_SIDE_STYLE('',(#18909));
#18909 = SURFACE_STYLE_FILL_AREA(#18910);
#18910 = FILL_AREA_STYLE('',(#18911));
#18911 = FILL_AREA_STYLE_COLOUR('',#17592);
#18912 = STYLED_ITEM('color',(#18913),#4128);
#18913 = PRESENTATION_STYLE_ASSIGNMENT((#18914));
#18914 = SURFACE_STYLE_USAGE(.BOTH.,#18915);
#18915 = SURFACE_SIDE_STYLE('',(#18916));
#18916 = SURFACE_STYLE_FILL_AREA(#18917);
#18917 = FILL_AREA_STYLE('',(#18918));
#18918 = FILL_AREA_STYLE_COLOUR('',#17592);
#18919 = STYLED_ITEM('color',(#18920),#4145);
#18920 = PRESENTATION_STYLE_ASSIGNMENT((#18921));
#18921 = SURFACE_STYLE_USAGE(.BOTH.,#18922);
#18922 = SURFACE_SIDE_STYLE('',(#18923));
#18923 = SURFACE_STYLE_FILL_AREA(#18924);
#18924 = FILL_AREA_STYLE('',(#18925));
#18925 = FILL_AREA_STYLE_COLOUR('',#17592);
#18926 = STYLED_ITEM('color',(#18927),#4192);
#18927 = PRESENTATION_STYLE_ASSIGNMENT((#18928));
#18928 = SURFACE_STYLE_USAGE(.BOTH.,#18929);
#18929 = SURFACE_SIDE_STYLE('',(#18930));
#18930 = SURFACE_STYLE_FILL_AREA(#18931);
#18931 = FILL_AREA_STYLE('',(#18932));
#18932 = FILL_AREA_STYLE_COLOUR('',#17592);
#18933 = STYLED_ITEM('color',(#18934),#4223);
#18934 = PRESENTATION_STYLE_ASSIGNMENT((#18935));
#18935 = SURFACE_STYLE_USAGE(.BOTH.,#18936);
#18936 = SURFACE_SIDE_STYLE('',(#18937));
#18937 = SURFACE_STYLE_FILL_AREA(#18938);
#18938 = FILL_AREA_STYLE('',(#18939));
#18939 = FILL_AREA_STYLE_COLOUR('',#17592);
#18940 = STYLED_ITEM('color',(#18941),#4235);
#18941 = PRESENTATION_STYLE_ASSIGNMENT((#18942));
#18942 = SURFACE_STYLE_USAGE(.BOTH.,#18943);
#18943 = SURFACE_SIDE_STYLE('',(#18944));
#18944 = SURFACE_STYLE_FILL_AREA(#18945);
#18945 = FILL_AREA_STYLE('',(#18946));
#18946 = FILL_AREA_STYLE_COLOUR('',#17592);
#18947 = STYLED_ITEM('color',(#18948),#4252);
#18948 = PRESENTATION_STYLE_ASSIGNMENT((#18949));
#18949 = SURFACE_STYLE_USAGE(.BOTH.,#18950);
#18950 = SURFACE_SIDE_STYLE('',(#18951));
#18951 = SURFACE_STYLE_FILL_AREA(#18952);
#18952 = FILL_AREA_STYLE('',(#18953));
#18953 = FILL_AREA_STYLE_COLOUR('',#17592);
#18954 = STYLED_ITEM('color',(#18955),#4278);
#18955 = PRESENTATION_STYLE_ASSIGNMENT((#18956));
#18956 = SURFACE_STYLE_USAGE(.BOTH.,#18957);
#18957 = SURFACE_SIDE_STYLE('',(#18958));
#18958 = SURFACE_STYLE_FILL_AREA(#18959);
#18959 = FILL_AREA_STYLE('',(#18960));
#18960 = FILL_AREA_STYLE_COLOUR('',#17592);
#18961 = STYLED_ITEM('color',(#18962),#4311);
#18962 = PRESENTATION_STYLE_ASSIGNMENT((#18963));
#18963 = SURFACE_STYLE_USAGE(.BOTH.,#18964);
#18964 = SURFACE_SIDE_STYLE('',(#18965));
#18965 = SURFACE_STYLE_FILL_AREA(#18966);
#18966 = FILL_AREA_STYLE('',(#18967));
#18967 = FILL_AREA_STYLE_COLOUR('',#17592);
#18968 = STYLED_ITEM('color',(#18969),#4342);
#18969 = PRESENTATION_STYLE_ASSIGNMENT((#18970));
#18970 = SURFACE_STYLE_USAGE(.BOTH.,#18971);
#18971 = SURFACE_SIDE_STYLE('',(#18972));
#18972 = SURFACE_STYLE_FILL_AREA(#18973);
#18973 = FILL_AREA_STYLE('',(#18974));
#18974 = FILL_AREA_STYLE_COLOUR('',#17592);
#18975 = STYLED_ITEM('color',(#18976),#4366);
#18976 = PRESENTATION_STYLE_ASSIGNMENT((#18977));
#18977 = SURFACE_STYLE_USAGE(.BOTH.,#18978);
#18978 = SURFACE_SIDE_STYLE('',(#18979));
#18979 = SURFACE_STYLE_FILL_AREA(#18980);
#18980 = FILL_AREA_STYLE('',(#18981));
#18981 = FILL_AREA_STYLE_COLOUR('',#17592);
#18982 = STYLED_ITEM('color',(#18983),#4390);
#18983 = PRESENTATION_STYLE_ASSIGNMENT((#18984));
#18984 = SURFACE_STYLE_USAGE(.BOTH.,#18985);
#18985 = SURFACE_SIDE_STYLE('',(#18986));
#18986 = SURFACE_STYLE_FILL_AREA(#18987);
#18987 = FILL_AREA_STYLE('',(#18988));
#18988 = FILL_AREA_STYLE_COLOUR('',#17592);
#18989 = STYLED_ITEM('color',(#18990),#4407);
#18990 = PRESENTATION_STYLE_ASSIGNMENT((#18991));
#18991 = SURFACE_STYLE_USAGE(.BOTH.,#18992);
#18992 = SURFACE_SIDE_STYLE('',(#18993));
#18993 = SURFACE_STYLE_FILL_AREA(#18994);
#18994 = FILL_AREA_STYLE('',(#18995));
#18995 = FILL_AREA_STYLE_COLOUR('',#17592);
#18996 = STYLED_ITEM('color',(#18997),#4438);
#18997 = PRESENTATION_STYLE_ASSIGNMENT((#18998));
#18998 = SURFACE_STYLE_USAGE(.BOTH.,#18999);
#18999 = SURFACE_SIDE_STYLE('',(#19000));
#19000 = SURFACE_STYLE_FILL_AREA(#19001);
#19001 = FILL_AREA_STYLE('',(#19002));
#19002 = FILL_AREA_STYLE_COLOUR('',#17592);
#19003 = STYLED_ITEM('color',(#19004),#4462);
#19004 = PRESENTATION_STYLE_ASSIGNMENT((#19005));
#19005 = SURFACE_STYLE_USAGE(.BOTH.,#19006);
#19006 = SURFACE_SIDE_STYLE('',(#19007));
#19007 = SURFACE_STYLE_FILL_AREA(#19008);
#19008 = FILL_AREA_STYLE('',(#19009));
#19009 = FILL_AREA_STYLE_COLOUR('',#17592);
#19010 = STYLED_ITEM('color',(#19011),#4486);
#19011 = PRESENTATION_STYLE_ASSIGNMENT((#19012));
#19012 = SURFACE_STYLE_USAGE(.BOTH.,#19013);
#19013 = SURFACE_SIDE_STYLE('',(#19014));
#19014 = SURFACE_STYLE_FILL_AREA(#19015);
#19015 = FILL_AREA_STYLE('',(#19016));
#19016 = FILL_AREA_STYLE_COLOUR('',#17592);
#19017 = STYLED_ITEM('color',(#19018),#4503);
#19018 = PRESENTATION_STYLE_ASSIGNMENT((#19019));
#19019 = SURFACE_STYLE_USAGE(.BOTH.,#19020);
#19020 = SURFACE_SIDE_STYLE('',(#19021));
#19021 = SURFACE_STYLE_FILL_AREA(#19022);
#19022 = FILL_AREA_STYLE('',(#19023));
#19023 = FILL_AREA_STYLE_COLOUR('',#17592);
#19024 = STYLED_ITEM('color',(#19025),#4534);
#19025 = PRESENTATION_STYLE_ASSIGNMENT((#19026));
#19026 = SURFACE_STYLE_USAGE(.BOTH.,#19027);
#19027 = SURFACE_SIDE_STYLE('',(#19028));
#19028 = SURFACE_STYLE_FILL_AREA(#19029);
#19029 = FILL_AREA_STYLE('',(#19030));
#19030 = FILL_AREA_STYLE_COLOUR('',#17592);
#19031 = STYLED_ITEM('color',(#19032),#4558);
#19032 = PRESENTATION_STYLE_ASSIGNMENT((#19033));
#19033 = SURFACE_STYLE_USAGE(.BOTH.,#19034);
#19034 = SURFACE_SIDE_STYLE('',(#19035));
#19035 = SURFACE_STYLE_FILL_AREA(#19036);
#19036 = FILL_AREA_STYLE('',(#19037));
#19037 = FILL_AREA_STYLE_COLOUR('',#17592);
#19038 = STYLED_ITEM('color',(#19039),#4582);
#19039 = PRESENTATION_STYLE_ASSIGNMENT((#19040));
#19040 = SURFACE_STYLE_USAGE(.BOTH.,#19041);
#19041 = SURFACE_SIDE_STYLE('',(#19042));
#19042 = SURFACE_STYLE_FILL_AREA(#19043);
#19043 = FILL_AREA_STYLE('',(#19044));
#19044 = FILL_AREA_STYLE_COLOUR('',#17592);
#19045 = STYLED_ITEM('color',(#19046),#4599);
#19046 = PRESENTATION_STYLE_ASSIGNMENT((#19047));
#19047 = SURFACE_STYLE_USAGE(.BOTH.,#19048);
#19048 = SURFACE_SIDE_STYLE('',(#19049));
#19049 = SURFACE_STYLE_FILL_AREA(#19050);
#19050 = FILL_AREA_STYLE('',(#19051));
#19051 = FILL_AREA_STYLE_COLOUR('',#17592);
#19052 = STYLED_ITEM('color',(#19053),#4616);
#19053 = PRESENTATION_STYLE_ASSIGNMENT((#19054));
#19054 = SURFACE_STYLE_USAGE(.BOTH.,#19055);
#19055 = SURFACE_SIDE_STYLE('',(#19056));
#19056 = SURFACE_STYLE_FILL_AREA(#19057);
#19057 = FILL_AREA_STYLE('',(#19058));
#19058 = FILL_AREA_STYLE_COLOUR('',#17592);
#19059 = STYLED_ITEM('color',(#19060),#4663);
#19060 = PRESENTATION_STYLE_ASSIGNMENT((#19061));
#19061 = SURFACE_STYLE_USAGE(.BOTH.,#19062);
#19062 = SURFACE_SIDE_STYLE('',(#19063));
#19063 = SURFACE_STYLE_FILL_AREA(#19064);
#19064 = FILL_AREA_STYLE('',(#19065));
#19065 = FILL_AREA_STYLE_COLOUR('',#17592);
#19066 = STYLED_ITEM('color',(#19067),#4689);
#19067 = PRESENTATION_STYLE_ASSIGNMENT((#19068));
#19068 = SURFACE_STYLE_USAGE(.BOTH.,#19069);
#19069 = SURFACE_SIDE_STYLE('',(#19070));
#19070 = SURFACE_STYLE_FILL_AREA(#19071);
#19071 = FILL_AREA_STYLE('',(#19072));
#19072 = FILL_AREA_STYLE_COLOUR('',#17592);
#19073 = STYLED_ITEM('color',(#19074),#4706);
#19074 = PRESENTATION_STYLE_ASSIGNMENT((#19075));
#19075 = SURFACE_STYLE_USAGE(.BOTH.,#19076);
#19076 = SURFACE_SIDE_STYLE('',(#19077));
#19077 = SURFACE_STYLE_FILL_AREA(#19078);
#19078 = FILL_AREA_STYLE('',(#19079));
#19079 = FILL_AREA_STYLE_COLOUR('',#17592);
#19080 = STYLED_ITEM('color',(#19081),#4732);
#19081 = PRESENTATION_STYLE_ASSIGNMENT((#19082));
#19082 = SURFACE_STYLE_USAGE(.BOTH.,#19083);
#19083 = SURFACE_SIDE_STYLE('',(#19084));
#19084 = SURFACE_STYLE_FILL_AREA(#19085);
#19085 = FILL_AREA_STYLE('',(#19086));
#19086 = FILL_AREA_STYLE_COLOUR('',#17592);
#19087 = STYLED_ITEM('color',(#19088),#4765);
#19088 = PRESENTATION_STYLE_ASSIGNMENT((#19089));
#19089 = SURFACE_STYLE_USAGE(.BOTH.,#19090);
#19090 = SURFACE_SIDE_STYLE('',(#19091));
#19091 = SURFACE_STYLE_FILL_AREA(#19092);
#19092 = FILL_AREA_STYLE('',(#19093));
#19093 = FILL_AREA_STYLE_COLOUR('',#17592);
#19094 = STYLED_ITEM('color',(#19095),#4777);
#19095 = PRESENTATION_STYLE_ASSIGNMENT((#19096));
#19096 = SURFACE_STYLE_USAGE(.BOTH.,#19097);
#19097 = SURFACE_SIDE_STYLE('',(#19098));
#19098 = SURFACE_STYLE_FILL_AREA(#19099);
#19099 = FILL_AREA_STYLE('',(#19100));
#19100 = FILL_AREA_STYLE_COLOUR('',#17592);
#19101 = STYLED_ITEM('color',(#19102),#4789);
#19102 = PRESENTATION_STYLE_ASSIGNMENT((#19103));
#19103 = SURFACE_STYLE_USAGE(.BOTH.,#19104);
#19104 = SURFACE_SIDE_STYLE('',(#19105));
#19105 = SURFACE_STYLE_FILL_AREA(#19106);
#19106 = FILL_AREA_STYLE('',(#19107));
#19107 = FILL_AREA_STYLE_COLOUR('',#17592);
#19108 = STYLED_ITEM('color',(#19109),#4801);
#19109 = PRESENTATION_STYLE_ASSIGNMENT((#19110));
#19110 = SURFACE_STYLE_USAGE(.BOTH.,#19111);
#19111 = SURFACE_SIDE_STYLE('',(#19112));
#19112 = SURFACE_STYLE_FILL_AREA(#19113);
#19113 = FILL_AREA_STYLE('',(#19114));
#19114 = FILL_AREA_STYLE_COLOUR('',#17592);
#19115 = STYLED_ITEM('color',(#19116),#4813);
#19116 = PRESENTATION_STYLE_ASSIGNMENT((#19117));
#19117 = SURFACE_STYLE_USAGE(.BOTH.,#19118);
#19118 = SURFACE_SIDE_STYLE('',(#19119));
#19119 = SURFACE_STYLE_FILL_AREA(#19120);
#19120 = FILL_AREA_STYLE('',(#19121));
#19121 = FILL_AREA_STYLE_COLOUR('',#17592);
#19122 = STYLED_ITEM('color',(#19123),#4825);
#19123 = PRESENTATION_STYLE_ASSIGNMENT((#19124));
#19124 = SURFACE_STYLE_USAGE(.BOTH.,#19125);
#19125 = SURFACE_SIDE_STYLE('',(#19126));
#19126 = SURFACE_STYLE_FILL_AREA(#19127);
#19127 = FILL_AREA_STYLE('',(#19128));
#19128 = FILL_AREA_STYLE_COLOUR('',#17592);
#19129 = STYLED_ITEM('color',(#19130),#4842);
#19130 = PRESENTATION_STYLE_ASSIGNMENT((#19131));
#19131 = SURFACE_STYLE_USAGE(.BOTH.,#19132);
#19132 = SURFACE_SIDE_STYLE('',(#19133));
#19133 = SURFACE_STYLE_FILL_AREA(#19134);
#19134 = FILL_AREA_STYLE('',(#19135));
#19135 = FILL_AREA_STYLE_COLOUR('',#17592);
#19136 = STYLED_ITEM('color',(#19137),#4859);
#19137 = PRESENTATION_STYLE_ASSIGNMENT((#19138));
#19138 = SURFACE_STYLE_USAGE(.BOTH.,#19139);
#19139 = SURFACE_SIDE_STYLE('',(#19140));
#19140 = SURFACE_STYLE_FILL_AREA(#19141);
#19141 = FILL_AREA_STYLE('',(#19142));
#19142 = FILL_AREA_STYLE_COLOUR('',#17592);
#19143 = STYLED_ITEM('color',(#19144),#4871);
#19144 = PRESENTATION_STYLE_ASSIGNMENT((#19145));
#19145 = SURFACE_STYLE_USAGE(.BOTH.,#19146);
#19146 = SURFACE_SIDE_STYLE('',(#19147));
#19147 = SURFACE_STYLE_FILL_AREA(#19148);
#19148 = FILL_AREA_STYLE('',(#19149));
#19149 = FILL_AREA_STYLE_COLOUR('',#17592);
#19150 = STYLED_ITEM('color',(#19151),#4883);
#19151 = PRESENTATION_STYLE_ASSIGNMENT((#19152));
#19152 = SURFACE_STYLE_USAGE(.BOTH.,#19153);
#19153 = SURFACE_SIDE_STYLE('',(#19154));
#19154 = SURFACE_STYLE_FILL_AREA(#19155);
#19155 = FILL_AREA_STYLE('',(#19156));
#19156 = FILL_AREA_STYLE_COLOUR('',#17592);
#19157 = STYLED_ITEM('color',(#19158),#4895);
#19158 = PRESENTATION_STYLE_ASSIGNMENT((#19159));
#19159 = SURFACE_STYLE_USAGE(.BOTH.,#19160);
#19160 = SURFACE_SIDE_STYLE('',(#19161));
#19161 = SURFACE_STYLE_FILL_AREA(#19162);
#19162 = FILL_AREA_STYLE('',(#19163));
#19163 = FILL_AREA_STYLE_COLOUR('',#17592);
#19164 = STYLED_ITEM('color',(#19165),#4907);
#19165 = PRESENTATION_STYLE_ASSIGNMENT((#19166));
#19166 = SURFACE_STYLE_USAGE(.BOTH.,#19167);
#19167 = SURFACE_SIDE_STYLE('',(#19168));
#19168 = SURFACE_STYLE_FILL_AREA(#19169);
#19169 = FILL_AREA_STYLE('',(#19170));
#19170 = FILL_AREA_STYLE_COLOUR('',#17592);
#19171 = STYLED_ITEM('color',(#19172),#4924);
#19172 = PRESENTATION_STYLE_ASSIGNMENT((#19173));
#19173 = SURFACE_STYLE_USAGE(.BOTH.,#19174);
#19174 = SURFACE_SIDE_STYLE('',(#19175));
#19175 = SURFACE_STYLE_FILL_AREA(#19176);
#19176 = FILL_AREA_STYLE('',(#19177));
#19177 = FILL_AREA_STYLE_COLOUR('',#17592);
#19178 = STYLED_ITEM('color',(#19179),#4941);
#19179 = PRESENTATION_STYLE_ASSIGNMENT((#19180));
#19180 = SURFACE_STYLE_USAGE(.BOTH.,#19181);
#19181 = SURFACE_SIDE_STYLE('',(#19182));
#19182 = SURFACE_STYLE_FILL_AREA(#19183);
#19183 = FILL_AREA_STYLE('',(#19184));
#19184 = FILL_AREA_STYLE_COLOUR('',#17592);
ENDSEC;
END-ISO-10303-21;
